Log file: cifar100_sava0.9_deepsmote_sava_exp0.01_seed42_20260613_172121.log
Run started: 2026-06-13 17:21:21.529403
Dataset: cifar100
Imbalance type: exp, factor: 0.01
Selection method: sava, ratio: 0.9
Strategy: DeepSMOTE_Sava, epochs: 200
Seed: 42, rand_number: 0
Augmentation: weak
mamix_ratio: 1.0
============================================================

=> No CSV or TensorBoard logging – only console and debug log.
-----------------------------------------------
Class ID   | Original   | Selected   | Keep %  
-----------------------------------------------
0          | 500        | 301        |   60.2%
1          | 500        | 356        |   71.2%
2          | 500        | 445        |   89.0%
3          | 500        | 472        |   94.4%
4          | 500        | 488        |   97.6%
5          | 500        | 451        |   90.2%
6          | 500        | 444        |   88.8%
7          | 500        | 472        |   94.4%
8          | 500        | 466        |   93.2%
9          | 500        | 384        |   76.8%
10         | 500        | 448        |   89.6%
11         | 500        | 374        |   74.8%
12         | 500        | 484        |   96.8%
13         | 500        | 422        |   84.4%
14         | 500        | 454        |   90.8%
15         | 500        | 463        |   92.6%
16         | 500        | 407        |   81.4%
17         | 500        | 496        |   99.2%
18         | 500        | 492        |   98.4%
19         | 500        | 474        |   94.8%
20         | 500        | 188        |   37.6%
21         | 500        | 480        |   96.0%
22         | 500        | 395        |   79.0%
23         | 500        | 493        |   98.6%
24         | 500        | 214        |   42.8%
25         | 500        | 457        |   91.4%
26         | 500        | 465        |   93.0%
27         | 500        | 494        |   98.8%
28         | 500        | 486        |   97.2%
29         | 500        | 482        |   96.4%
30         | 500        | 485        |   97.0%
31         | 500        | 487        |   97.4%
32         | 500        | 471        |   94.2%
33         | 500        | 492        |   98.4%
34         | 500        | 492        |   98.4%
35         | 500        | 368        |   73.6%
36         | 500        | 488        |   97.6%
37         | 500        | 478        |   95.6%
38         | 500        | 482        |   96.4%
39         | 500        | 430        |   86.0%
40         | 500        | 446        |   89.2%
41         | 500        | 351        |   70.2%
42         | 500        | 483        |   96.6%
43         | 500        | 490        |   98.0%
44         | 500        | 487        |   97.4%
45         | 500        | 459        |   91.8%
46         | 500        | 413        |   82.6%
47         | 500        | 486        |   97.2%
48         | 500        | 352        |   70.4%
49         | 500        | 485        |   97.0%
50         | 500        | 485        |   97.0%
51         | 500        | 490        |   98.0%
52         | 500        | 486        |   97.2%
53         | 500        | 446        |   89.2%
54         | 500        | 437        |   87.4%
55         | 500        | 492        |   98.4%
56         | 500        | 473        |   94.6%
57         | 500        | 422        |   84.4%
58         | 500        | 446        |   89.2%
59         | 500        | 489        |   97.8%
60         | 500        | 493        |   98.6%
61         | 500        | 455        |   91.0%
62         | 500        | 450        |   90.0%
63         | 500        | 496        |   99.2%
64         | 500        | 457        |   91.4%
65         | 500        | 465        |   93.0%
66         | 500        | 495        |   99.0%
67         | 500        | 477        |   95.4%
68         | 500        | 492        |   98.4%
69         | 500        | 459        |   91.8%
70         | 500        | 434        |   86.8%
71         | 500        | 454        |   90.8%
72         | 500        | 457        |   91.4%
73         | 500        | 269        |   53.8%
74         | 500        | 500        |  100.0%
75         | 500        | 472        |   94.4%
76         | 500        | 491        |   98.2%
77         | 500        | 482        |   96.4%
78         | 500        | 494        |   98.8%
79         | 500        | 500        |  100.0%
80         | 500        | 499        |   99.8%
81         | 500        | 429        |   85.8%
82         | 500        | 383        |   76.6%
83         | 500        | 394        |   78.8%
84         | 500        | 478        |   95.6%
85         | 500        | 500        |  100.0%
86         | 500        | 454        |   90.8%
87         | 500        | 474        |   94.8%
88         | 500        | 481        |   96.2%
89         | 500        | 443        |   88.6%
90         | 500        | 500        |  100.0%
91         | 500        | 474        |   94.8%
92         | 500        | 368        |   73.6%
93         | 500        | 480        |   96.0%
94         | 500        | 500        |  100.0%
95         | 500        | 496        |   99.2%
96         | 500        | 500        |  100.0%
97         | 500        | 379        |   75.8%
98         | 500        | 305        |   61.0%
99         | 500        | 433        |   86.6%
-----------------------------------------------
TOTAL      | 50000      | 45000      |   90.0%
-----------------------------------------------
Training Group Acc: [0.109,0.000,0.000]
Epoch [0] Training Results: Prec@1 11.236 Prec@5 31.080 Loss 3.82170
Epoch [0] Training Class Recall: [0.113,0.079,0.031,0.083,0.020,0.018,0.050,0.028,0.030,0.013,0.002,0.013,
 0.076,0.107,0.057,0.028,0.002,0.097,0.091,0.019,0.016,0.325,0.008,0.160,
 0.014,0.022,0.004,0.014,0.041,0.058,0.371,0.021,0.006,0.091,0.035,0.005,
 0.174,0.044,0.089,0.016,0.016,0.031,0.025,0.131,0.029,0.004,0.058,0.103,
 0.003,0.241,0.033,0.051,0.315,0.303,0.128,0.020,0.038,0.111,0.018,0.094,
 0.359,0.209,0.376,0.083,0.013,0.032,0.075,0.285,0.390,0.266,0.067,0.236,
 0.059,0.230,0.072,0.163,0.210,0.054,0.022,0.056,0.090,0.054,0.334,0.109,
 0.245,0.118,0.026,0.124,0.123,0.036,0.246,0.192,0.090,0.200,0.382,0.399,
 0.444,0.047,0.069,0.113]
Testing Group Acc: [0.092,0.000,0.000]
Epoch [0] Testing Results: Prec@1 9.180 Prec@5 28.570 Loss 4.23193
Epoch [0] Testing Class Recall: [0.110,0.380,0.010,0.340,0.040,0.030,0.270,0.060,0.000,0.000,0.000,0.000,
 0.060,0.060,0.000,0.170,0.050,0.650,0.190,0.010,0.100,0.090,0.000,0.260,
 0.000,0.000,0.000,0.030,0.020,0.300,0.140,0.000,0.030,0.070,0.030,0.190,
 0.090,0.020,0.000,0.120,0.000,0.000,0.030,0.140,0.010,0.000,0.140,0.180,
 0.000,0.050,0.000,0.010,0.530,0.070,0.050,0.080,0.080,0.200,0.000,0.170,
 0.470,0.100,0.450,0.020,0.000,0.000,0.010,0.160,0.010,0.080,0.220,0.070,
 0.010,0.200,0.000,0.200,0.260,0.010,0.000,0.000,0.030,0.000,0.180,0.100,
 0.100,0.040,0.000,0.000,0.000,0.010,0.000,0.050,0.000,0.000,0.110,0.420,
 0.120,0.030,0.040,0.020]
Training Group Acc: [0.251,0.000,0.000]
Epoch [1] Training Results: Prec@1 25.556 Prec@5 52.924 Loss 3.04383
Epoch [1] Training Class Recall: [0.173,0.157,0.097,0.085,0.033,0.044,0.081,0.083,0.056,0.091,0.002,0.027,
 0.138,0.137,0.064,0.084,0.022,0.228,0.146,0.070,0.080,0.344,0.023,0.337,
 0.051,0.070,0.006,0.095,0.045,0.164,0.361,0.027,0.023,0.148,0.106,0.073,
 0.299,0.163,0.141,0.060,0.036,0.145,0.077,0.224,0.074,0.065,0.206,0.325,
 0.108,0.342,0.070,0.186,0.496,0.415,0.277,0.063,0.190,0.209,0.231,0.249,
 0.635,0.393,0.496,0.292,0.079,0.043,0.240,0.444,0.685,0.519,0.166,0.524,
 0.175,0.335,0.224,0.540,0.597,0.116,0.115,0.232,0.303,0.315,0.773,0.160,
 0.469,0.374,0.229,0.424,0.484,0.266,0.640,0.778,0.489,0.502,0.768,0.827,
 0.736,0.404,0.472,0.423]
Testing Group Acc: [0.110,0.000,0.000]
Epoch [1] Testing Results: Prec@1 10.990 Prec@5 34.210 Loss 4.38277
Epoch [1] Testing Class Recall: [0.110,0.100,0.130,0.240,0.000,0.080,0.400,0.370,0.040,0.350,0.000,0.010,
 0.080,0.090,0.030,0.150,0.000,0.450,0.020,0.150,0.030,0.210,0.010,0.180,
 0.030,0.100,0.000,0.070,0.040,0.170,0.110,0.060,0.030,0.100,0.070,0.010,
 0.130,0.000,0.050,0.040,0.000,0.070,0.000,0.130,0.050,0.000,0.050,0.100,
 0.170,0.080,0.060,0.050,0.760,0.010,0.210,0.050,0.000,0.250,0.030,0.080,
 0.780,0.110,0.210,0.150,0.050,0.000,0.130,0.330,0.170,0.350,0.080,0.190,
 0.000,0.250,0.210,0.190,0.110,0.000,0.000,0.000,0.020,0.150,0.130,0.020,
 0.030,0.090,0.070,0.010,0.200,0.040,0.040,0.050,0.020,0.040,0.050,0.180,
 0.070,0.030,0.020,0.030]
Training Group Acc: [0.373,0.000,0.000]
Epoch [2] Training Results: Prec@1 37.780 Prec@5 66.058 Loss 2.47549
Epoch [2] Training Class Recall: [0.256,0.177,0.137,0.123,0.045,0.109,0.113,0.182,0.148,0.177,0.013,0.048,
 0.246,0.168,0.095,0.125,0.076,0.331,0.154,0.141,0.154,0.404,0.048,0.345,
 0.164,0.158,0.004,0.128,0.126,0.185,0.414,0.146,0.064,0.230,0.150,0.185,
 0.402,0.213,0.232,0.153,0.096,0.336,0.157,0.245,0.086,0.105,0.288,0.389,
 0.219,0.464,0.196,0.306,0.638,0.496,0.355,0.146,0.351,0.344,0.451,0.366,
 0.736,0.464,0.589,0.431,0.221,0.123,0.422,0.570,0.803,0.630,0.210,0.610,
 0.407,0.416,0.576,0.703,0.778,0.481,0.431,0.428,0.589,0.615,0.825,0.345,
 0.638,0.706,0.617,0.730,0.784,0.643,0.788,0.878,0.693,0.760,0.876,0.931,
 0.874,0.715,0.751,0.695]
Testing Group Acc: [0.154,0.000,0.000]
Epoch [2] Testing Results: Prec@1 15.430 Prec@5 37.800 Loss 4.71872
Epoch [2] Testing Class Recall: [0.220,0.080,0.010,0.100,0.020,0.310,0.110,0.490,0.260,0.350,0.060,0.130,
 0.260,0.240,0.020,0.040,0.010,0.570,0.170,0.140,0.330,0.320,0.140,0.430,
 0.060,0.210,0.000,0.210,0.140,0.260,0.310,0.040,0.050,0.060,0.060,0.270,
 0.110,0.070,0.010,0.020,0.010,0.400,0.010,0.060,0.010,0.180,0.100,0.100,
 0.000,0.100,0.040,0.270,0.600,0.410,0.340,0.070,0.090,0.100,0.100,0.350,
 0.570,0.120,0.610,0.090,0.000,0.000,0.250,0.250,0.320,0.220,0.060,0.290,
 0.050,0.160,0.180,0.130,0.500,0.040,0.020,0.040,0.010,0.000,0.370,0.000,
 0.000,0.470,0.000,0.130,0.000,0.010,0.060,0.090,0.030,0.050,0.010,0.050,
 0.190,0.020,0.000,0.010]
Training Group Acc: [0.466,0.000,0.000]
Epoch [3] Training Results: Prec@1 47.093 Prec@5 73.971 Loss 2.07213
Epoch [3] Training Class Recall: [0.342,0.284,0.146,0.136,0.057,0.149,0.176,0.265,0.215,0.258,0.031,0.072,
 0.291,0.213,0.097,0.104,0.182,0.347,0.252,0.219,0.223,0.460,0.086,0.448,
 0.206,0.217,0.006,0.241,0.169,0.290,0.497,0.205,0.140,0.321,0.242,0.264,
 0.463,0.301,0.328,0.253,0.157,0.462,0.238,0.384,0.144,0.174,0.421,0.492,
 0.355,0.540,0.332,0.457,0.630,0.581,0.419,0.213,0.503,0.486,0.583,0.528,
 0.763,0.571,0.656,0.552,0.409,0.219,0.543,0.671,0.854,0.723,0.343,0.771,
 0.648,0.506,0.726,0.883,0.825,0.662,0.713,0.680,0.768,0.739,0.875,0.459,
 0.755,0.844,0.791,0.873,0.857,0.770,0.888,0.935,0.799,0.887,0.930,0.938,
 0.926,0.834,0.872,0.804]
Testing Group Acc: [0.150,0.000,0.000]
Epoch [3] Testing Results: Prec@1 15.010 Prec@5 37.980 Loss 5.18741
Epoch [3] Testing Class Recall: [0.470,0.340,0.080,0.050,0.000,0.770,0.440,0.280,0.200,0.120,0.030,0.010,
 0.350,0.220,0.050,0.160,0.050,0.140,0.270,0.100,0.420,0.440,0.180,0.500,
 0.060,0.010,0.000,0.260,0.210,0.220,0.420,0.010,0.030,0.190,0.030,0.000,
 0.040,0.180,0.020,0.110,0.030,0.540,0.080,0.090,0.020,0.000,0.040,0.100,
 0.120,0.400,0.040,0.270,0.440,0.600,0.200,0.000,0.060,0.120,0.070,0.180,
 0.590,0.050,0.450,0.090,0.020,0.000,0.110,0.280,0.310,0.200,0.290,0.270,
 0.040,0.160,0.300,0.170,0.020,0.000,0.000,0.020,0.010,0.010,0.100,0.030,
 0.000,0.080,0.000,0.070,0.000,0.010,0.020,0.030,0.030,0.000,0.220,0.050,
 0.090,0.000,0.000,0.030]
Training Group Acc: [0.533,0.000,0.000]
Epoch [4] Training Results: Prec@1 53.827 Prec@5 78.887 Loss 1.79007
Epoch [4] Training Class Recall: [0.439,0.329,0.182,0.176,0.074,0.206,0.221,0.328,0.251,0.318,0.040,0.096,
 0.351,0.273,0.150,0.168,0.192,0.440,0.276,0.264,0.287,0.502,0.129,0.505,
 0.276,0.274,0.045,0.277,0.243,0.313,0.577,0.308,0.185,0.392,0.313,0.288,
 0.473,0.339,0.365,0.367,0.235,0.536,0.315,0.476,0.207,0.248,0.446,0.547,
 0.438,0.604,0.379,0.580,0.755,0.661,0.554,0.313,0.605,0.600,0.668,0.652,
 0.807,0.695,0.733,0.710,0.562,0.422,0.624,0.713,0.888,0.806,0.521,0.833,
 0.735,0.595,0.778,0.903,0.890,0.782,0.769,0.832,0.866,0.841,0.888,0.637,
 0.828,0.876,0.848,0.905,0.875,0.851,0.918,0.949,0.867,0.940,0.940,0.968,
 0.948,0.910,0.902,0.896]
Testing Group Acc: [0.177,0.000,0.000]
Epoch [4] Testing Results: Prec@1 17.720 Prec@5 41.130 Loss 5.01938
Epoch [4] Testing Class Recall: [0.520,0.260,0.030,0.290,0.070,0.220,0.070,0.240,0.310,0.370,0.020,0.160,
 0.550,0.280,0.190,0.210,0.460,0.060,0.380,0.040,0.490,0.380,0.090,0.210,
 0.520,0.160,0.010,0.120,0.120,0.250,0.330,0.290,0.070,0.140,0.170,0.550,
 0.150,0.190,0.020,0.120,0.080,0.460,0.070,0.200,0.080,0.330,0.200,0.330,
 0.180,0.070,0.100,0.190,0.250,0.650,0.340,0.040,0.110,0.130,0.090,0.280,
 0.370,0.120,0.390,0.120,0.020,0.060,0.210,0.090,0.310,0.530,0.180,0.190,
 0.020,0.300,0.090,0.100,0.140,0.000,0.050,0.030,0.010,0.010,0.540,0.010,
 0.010,0.130,0.000,0.030,0.000,0.010,0.030,0.010,0.030,0.000,0.040,0.070,
 0.150,0.000,0.000,0.030]
Training Group Acc: [0.597,0.000,0.000]
Epoch [5] Training Results: Prec@1 60.158 Prec@5 83.542 Loss 1.51260
Epoch [5] Training Class Recall: [0.525,0.354,0.229,0.186,0.109,0.233,0.209,0.345,0.363,0.375,0.109,0.134,
 0.378,0.256,0.205,0.233,0.280,0.508,0.327,0.278,0.367,0.546,0.182,0.542,
 0.327,0.304,0.084,0.336,0.364,0.398,0.571,0.351,0.255,0.490,0.382,0.424,
 0.598,0.456,0.423,0.444,0.294,0.618,0.404,0.524,0.290,0.303,0.554,0.646,
 0.565,0.689,0.454,0.704,0.790,0.789,0.641,0.518,0.681,0.697,0.713,0.724,
 0.838,0.780,0.798,0.788,0.656,0.570,0.737,0.778,0.919,0.876,0.652,0.841,
 0.827,0.651,0.888,0.934,0.898,0.855,0.883,0.880,0.906,0.862,0.935,0.792,
 0.897,0.922,0.905,0.937,0.931,0.930,0.954,0.958,0.932,0.954,0.966,0.964,
 0.960,0.950,0.931,0.947]
Testing Group Acc: [0.180,0.000,0.000]
Epoch [5] Testing Results: Prec@1 17.960 Prec@5 40.320 Loss 5.31054
Epoch [5] Testing Class Recall: [0.510,0.220,0.090,0.110,0.030,0.160,0.510,0.290,0.100,0.470,0.010,0.410,
 0.550,0.270,0.140,0.250,0.330,0.300,0.240,0.300,0.580,0.760,0.220,0.600,
 0.550,0.040,0.020,0.350,0.260,0.130,0.200,0.200,0.170,0.440,0.270,0.090,
 0.130,0.160,0.120,0.220,0.020,0.380,0.180,0.160,0.020,0.030,0.080,0.340,
 0.070,0.010,0.040,0.270,0.640,0.230,0.130,0.080,0.160,0.140,0.130,0.060,
 0.520,0.070,0.150,0.060,0.000,0.000,0.020,0.010,0.290,0.430,0.500,0.290,
 0.060,0.320,0.000,0.070,0.460,0.000,0.020,0.010,0.020,0.020,0.230,0.080,
 0.010,0.110,0.000,0.030,0.020,0.020,0.020,0.010,0.050,0.000,0.040,0.010,
 0.030,0.000,0.000,0.010]
Training Group Acc: [0.638,0.000,0.000]
Epoch [6] Training Results: Prec@1 64.282 Prec@5 86.304 Loss 1.34357
Epoch [6] Training Class Recall: [0.588,0.424,0.229,0.212,0.125,0.290,0.266,0.388,0.371,0.375,0.129,0.144,
 0.444,0.391,0.236,0.270,0.329,0.522,0.346,0.335,0.457,0.617,0.243,0.590,
 0.341,0.359,0.097,0.399,0.397,0.456,0.662,0.437,0.299,0.516,0.425,0.435,
 0.605,0.485,0.475,0.507,0.383,0.624,0.468,0.620,0.388,0.397,0.579,0.700,
 0.611,0.730,0.551,0.755,0.800,0.821,0.723,0.539,0.757,0.761,0.812,0.761,
 0.905,0.829,0.836,0.841,0.761,0.695,0.806,0.813,0.927,0.895,0.712,0.868,
 0.895,0.736,0.906,0.934,0.937,0.894,0.891,0.916,0.922,0.897,0.937,0.805,
 0.925,0.946,0.949,0.949,0.933,0.953,0.952,0.964,0.940,0.963,0.968,0.964,
 0.964,0.971,0.954,0.963]
Testing Group Acc: [0.194,0.000,0.000]
Epoch [6] Testing Results: Prec@1 19.390 Prec@5 42.420 Loss 5.27605
Epoch [6] Testing Class Recall: [0.480,0.490,0.290,0.390,0.090,0.130,0.350,0.400,0.390,0.180,0.040,0.060,
 0.400,0.270,0.170,0.140,0.410,0.700,0.160,0.220,0.690,0.420,0.340,0.430,
 0.080,0.260,0.040,0.360,0.200,0.540,0.680,0.120,0.080,0.480,0.160,0.030,
 0.150,0.250,0.070,0.150,0.000,0.530,0.130,0.040,0.010,0.010,0.050,0.270,
 0.250,0.220,0.100,0.140,0.360,0.550,0.410,0.030,0.420,0.270,0.170,0.180,
 0.600,0.140,0.190,0.080,0.010,0.030,0.020,0.080,0.350,0.260,0.100,0.460,
 0.030,0.020,0.080,0.090,0.180,0.040,0.020,0.090,0.040,0.000,0.350,0.050,
 0.020,0.110,0.000,0.120,0.090,0.020,0.020,0.030,0.000,0.000,0.100,0.010,
 0.120,0.000,0.000,0.010]
Training Group Acc: [0.670,0.000,0.000]
Epoch [7] Training Results: Prec@1 67.511 Prec@5 88.011 Loss 1.21010
Epoch [7] Training Class Recall: [0.588,0.506,0.301,0.235,0.137,0.284,0.286,0.379,0.436,0.422,0.188,0.193,
 0.471,0.374,0.256,0.315,0.378,0.577,0.404,0.373,0.441,0.627,0.268,0.631,
 0.360,0.392,0.168,0.435,0.527,0.506,0.685,0.429,0.363,0.589,0.494,0.484,
 0.641,0.515,0.483,0.623,0.433,0.681,0.561,0.653,0.402,0.466,0.625,0.743,
 0.665,0.816,0.631,0.810,0.802,0.818,0.764,0.628,0.774,0.796,0.832,0.810,
 0.897,0.857,0.878,0.861,0.805,0.753,0.822,0.853,0.937,0.926,0.772,0.896,
 0.884,0.807,0.920,0.956,0.947,0.900,0.905,0.906,0.952,0.935,0.953,0.881,
 0.929,0.944,0.943,0.956,0.942,0.964,0.966,0.975,0.962,0.963,0.982,0.976,
 0.978,0.971,0.964,0.947]
Testing Group Acc: [0.222,0.000,0.000]
Epoch [7] Testing Results: Prec@1 22.150 Prec@5 46.000 Loss 5.02051
Epoch [7] Testing Class Recall: [0.580,0.330,0.360,0.340,0.040,0.190,0.180,0.240,0.500,0.590,0.170,0.090,
 0.260,0.080,0.250,0.360,0.310,0.510,0.170,0.300,0.460,0.610,0.320,0.510,
 0.610,0.160,0.010,0.250,0.380,0.250,0.450,0.360,0.160,0.370,0.060,0.120,
 0.400,0.340,0.200,0.220,0.070,0.450,0.230,0.250,0.090,0.220,0.130,0.250,
 0.280,0.450,0.080,0.210,0.680,0.580,0.470,0.010,0.180,0.320,0.190,0.150,
 0.670,0.150,0.530,0.050,0.000,0.130,0.050,0.130,0.200,0.420,0.240,0.450,
 0.120,0.070,0.090,0.100,0.300,0.010,0.000,0.000,0.020,0.000,0.300,0.070,
 0.010,0.030,0.000,0.120,0.030,0.000,0.020,0.050,0.030,0.010,0.170,0.050,
 0.120,0.020,0.010,0.000]
Training Group Acc: [0.690,0.000,0.000]
Epoch [8] Training Results: Prec@1 69.456 Prec@5 89.576 Loss 1.12316
Epoch [8] Training Class Recall: [0.598,0.475,0.299,0.233,0.145,0.346,0.288,0.409,0.461,0.466,0.212,0.171,
 0.455,0.400,0.326,0.326,0.420,0.595,0.421,0.397,0.527,0.650,0.322,0.645,
 0.407,0.418,0.196,0.431,0.560,0.517,0.726,0.505,0.397,0.632,0.498,0.503,
 0.674,0.586,0.535,0.612,0.493,0.715,0.596,0.673,0.483,0.503,0.637,0.755,
 0.730,0.808,0.662,0.806,0.850,0.836,0.794,0.673,0.835,0.827,0.865,0.822,
 0.915,0.831,0.880,0.849,0.823,0.789,0.853,0.891,0.939,0.922,0.818,0.899,
 0.895,0.825,0.944,0.958,0.955,0.921,0.923,0.932,0.938,0.921,0.966,0.891,
 0.950,0.938,0.934,0.968,0.948,0.957,0.972,0.977,0.940,0.967,0.980,0.982,
 0.968,0.968,0.977,0.977]
Testing Group Acc: [0.199,0.000,0.000]
Epoch [8] Testing Results: Prec@1 19.860 Prec@5 43.290 Loss 5.31421
Epoch [8] Testing Class Recall: [0.660,0.370,0.240,0.360,0.190,0.180,0.410,0.370,0.290,0.310,0.120,0.040,
 0.420,0.430,0.130,0.240,0.140,0.420,0.260,0.170,0.310,0.600,0.270,0.480,
 0.530,0.220,0.100,0.050,0.420,0.220,0.410,0.150,0.260,0.120,0.080,0.190,
 0.360,0.200,0.070,0.300,0.230,0.350,0.190,0.340,0.040,0.280,0.380,0.390,
 0.230,0.310,0.050,0.120,0.460,0.530,0.320,0.000,0.330,0.050,0.090,0.160,
 0.520,0.220,0.480,0.040,0.010,0.010,0.060,0.300,0.220,0.120,0.130,0.220,
 0.110,0.170,0.040,0.090,0.260,0.000,0.070,0.040,0.000,0.020,0.030,0.070,
 0.030,0.070,0.000,0.040,0.160,0.000,0.010,0.040,0.000,0.010,0.170,0.020,
 0.110,0.000,0.000,0.030]
Training Group Acc: [0.708,0.000,0.000]
Epoch [9] Training Results: Prec@1 71.320 Prec@5 90.516 Loss 1.05191
Epoch [9] Training Class Recall: [0.585,0.472,0.353,0.297,0.205,0.359,0.345,0.403,0.476,0.490,0.263,0.227,
 0.492,0.412,0.306,0.359,0.393,0.627,0.461,0.407,0.479,0.690,0.370,0.696,
 0.416,0.444,0.226,0.496,0.591,0.558,0.705,0.517,0.448,0.640,0.549,0.549,
 0.695,0.615,0.573,0.667,0.552,0.709,0.621,0.655,0.538,0.558,0.690,0.763,
 0.770,0.833,0.674,0.824,0.850,0.852,0.789,0.736,0.831,0.839,0.872,0.828,
 0.917,0.879,0.884,0.879,0.827,0.822,0.830,0.874,0.945,0.928,0.827,0.914,
 0.926,0.844,0.938,0.949,0.945,0.932,0.935,0.942,0.954,0.930,0.966,0.898,
 0.956,0.950,0.965,0.960,0.960,0.975,0.980,0.975,0.965,0.969,0.980,0.982,
 0.976,0.976,0.957,0.982]
Testing Group Acc: [0.216,0.000,0.000]
Epoch [9] Testing Results: Prec@1 21.600 Prec@5 45.120 Loss 5.25093
Epoch [9] Testing Class Recall: [0.530,0.550,0.230,0.130,0.130,0.090,0.410,0.530,0.290,0.350,0.310,0.090,
 0.400,0.440,0.220,0.300,0.510,0.620,0.220,0.230,0.480,0.570,0.280,0.600,
 0.550,0.180,0.130,0.060,0.330,0.120,0.610,0.470,0.380,0.520,0.240,0.140,
 0.300,0.140,0.110,0.300,0.070,0.560,0.220,0.490,0.110,0.120,0.060,0.330,
 0.300,0.420,0.050,0.070,0.550,0.250,0.170,0.050,0.240,0.170,0.190,0.200,
 0.620,0.040,0.370,0.050,0.020,0.030,0.050,0.170,0.450,0.230,0.110,0.150,
 0.030,0.030,0.020,0.110,0.210,0.000,0.080,0.060,0.000,0.060,0.090,0.190,
 0.000,0.140,0.000,0.040,0.070,0.000,0.010,0.020,0.030,0.000,0.150,0.100,
 0.130,0.000,0.000,0.030]
Training Group Acc: [0.725,0.000,0.000]
Epoch [10] Training Results: Prec@1 72.911 Prec@5 91.384 Loss 0.98376
Epoch [10] Training Class Recall: [0.645,0.497,0.330,0.294,0.221,0.379,0.358,0.436,0.517,0.508,0.277,0.251,
 0.531,0.455,0.370,0.359,0.428,0.625,0.435,0.454,0.569,0.683,0.339,0.665,
 0.481,0.449,0.286,0.504,0.597,0.566,0.728,0.573,0.484,0.652,0.533,0.620,
 0.699,0.636,0.571,0.674,0.592,0.761,0.677,0.735,0.581,0.588,0.712,0.790,
 0.764,0.829,0.697,0.843,0.881,0.872,0.817,0.746,0.856,0.860,0.857,0.863,
 0.931,0.875,0.927,0.911,0.834,0.843,0.861,0.897,0.963,0.932,0.843,0.925,
 0.928,0.844,0.932,0.958,0.951,0.934,0.931,0.944,0.956,0.939,0.971,0.937,
 0.956,0.952,0.965,0.973,0.942,0.980,0.976,0.973,0.976,0.973,0.992,0.980,
 0.990,0.974,0.987,0.977]
Testing Group Acc: [0.228,0.000,0.000]
Epoch [10] Testing Results: Prec@1 22.760 Prec@5 47.030 Loss 5.17219
Epoch [10] Testing Class Recall: [0.740,0.570,0.420,0.450,0.260,0.090,0.410,0.440,0.280,0.430,0.090,0.330,
 0.390,0.210,0.260,0.220,0.270,0.690,0.280,0.210,0.560,0.440,0.220,0.600,
 0.340,0.330,0.050,0.300,0.400,0.210,0.350,0.160,0.120,0.350,0.100,0.090,
 0.410,0.160,0.070,0.510,0.140,0.360,0.300,0.320,0.080,0.040,0.220,0.380,
 0.240,0.330,0.010,0.120,0.420,0.800,0.560,0.030,0.200,0.240,0.250,0.160,
 0.790,0.140,0.440,0.120,0.010,0.040,0.070,0.050,0.210,0.210,0.220,0.420,
 0.040,0.150,0.050,0.110,0.260,0.020,0.080,0.050,0.000,0.090,0.070,0.160,
 0.020,0.070,0.010,0.130,0.090,0.000,0.010,0.030,0.000,0.020,0.320,0.180,
 0.050,0.000,0.000,0.020]
Training Group Acc: [0.741,0.000,0.000]
Epoch [11] Training Results: Prec@1 74.571 Prec@5 92.213 Loss 0.92636
Epoch [11] Training Class Recall: [0.645,0.525,0.404,0.305,0.250,0.441,0.408,0.487,0.521,0.529,0.312,0.267,
 0.531,0.491,0.374,0.419,0.428,0.631,0.478,0.468,0.489,0.713,0.390,0.706,
 0.449,0.475,0.275,0.526,0.640,0.583,0.746,0.593,0.505,0.732,0.593,0.611,
 0.734,0.649,0.593,0.681,0.614,0.755,0.718,0.731,0.571,0.645,0.712,0.829,
 0.798,0.841,0.711,0.890,0.891,0.886,0.863,0.780,0.892,0.884,0.897,0.885,
 0.923,0.908,0.916,0.923,0.877,0.847,0.911,0.895,0.947,0.935,0.864,0.925,
 0.937,0.855,0.950,0.949,0.951,0.944,0.947,0.950,0.960,0.935,0.945,0.909,
 0.956,0.954,0.947,0.968,0.946,0.977,0.974,0.989,0.970,0.975,0.988,0.980,
 0.992,0.987,0.990,0.986]
Testing Group Acc: [0.206,0.000,0.000]
Epoch [11] Testing Results: Prec@1 20.560 Prec@5 43.320 Loss 5.55944
Epoch [11] Testing Class Recall: [0.490,0.440,0.360,0.550,0.190,0.190,0.580,0.190,0.580,0.380,0.140,0.420,
 0.390,0.390,0.200,0.260,0.360,0.550,0.360,0.260,0.590,0.490,0.440,0.570,
 0.610,0.090,0.170,0.070,0.550,0.090,0.430,0.140,0.130,0.170,0.110,0.170,
 0.270,0.130,0.100,0.200,0.040,0.450,0.080,0.140,0.210,0.120,0.030,0.300,
 0.110,0.110,0.100,0.050,0.510,0.780,0.170,0.020,0.160,0.160,0.200,0.170,
 0.400,0.240,0.350,0.090,0.020,0.000,0.020,0.270,0.170,0.400,0.250,0.160,
 0.010,0.060,0.020,0.130,0.440,0.010,0.000,0.020,0.000,0.000,0.240,0.130,
 0.000,0.040,0.000,0.030,0.050,0.000,0.010,0.010,0.000,0.000,0.180,0.020,
 0.050,0.000,0.000,0.030]
Training Group Acc: [0.748,0.000,0.000]
Epoch [12] Training Results: Prec@1 75.253 Prec@5 92.736 Loss 0.89023
Epoch [12] Training Class Recall: [0.671,0.545,0.389,0.318,0.242,0.421,0.383,0.462,0.526,0.523,0.324,0.278,
 0.517,0.509,0.368,0.382,0.435,0.677,0.467,0.464,0.532,0.719,0.405,0.712,
 0.491,0.479,0.361,0.559,0.677,0.585,0.755,0.595,0.533,0.720,0.593,0.625,
 0.727,0.678,0.635,0.712,0.639,0.752,0.716,0.759,0.583,0.660,0.695,0.846,
 0.764,0.880,0.757,0.876,0.895,0.886,0.847,0.795,0.871,0.860,0.872,0.898,
 0.945,0.923,0.924,0.927,0.884,0.826,0.905,0.910,0.945,0.954,0.880,0.925,
 0.952,0.844,0.934,0.972,0.978,0.940,0.949,0.972,0.962,0.942,0.969,0.934,
 0.964,0.972,0.963,0.968,0.975,0.977,0.972,0.989,0.962,0.983,0.980,0.990,
 0.992,0.984,0.987,0.975]
Testing Group Acc: [0.208,0.000,0.000]
Epoch [12] Testing Results: Prec@1 20.810 Prec@5 44.270 Loss 5.81186
Epoch [12] Testing Class Recall: [0.550,0.670,0.640,0.280,0.150,0.440,0.410,0.530,0.320,0.580,0.190,0.070,
 0.160,0.260,0.330,0.120,0.190,0.350,0.190,0.200,0.560,0.530,0.290,0.600,
 0.270,0.020,0.110,0.040,0.350,0.160,0.520,0.440,0.190,0.370,0.080,0.220,
 0.260,0.090,0.010,0.200,0.150,0.270,0.490,0.070,0.140,0.060,0.090,0.270,
 0.190,0.370,0.150,0.340,0.280,0.560,0.250,0.010,0.230,0.220,0.400,0.120,
 0.290,0.190,0.420,0.030,0.020,0.000,0.030,0.100,0.200,0.340,0.300,0.450,
 0.030,0.300,0.040,0.270,0.340,0.000,0.030,0.000,0.010,0.010,0.040,0.050,
 0.000,0.140,0.000,0.030,0.100,0.000,0.010,0.010,0.000,0.000,0.190,0.120,
 0.090,0.010,0.000,0.020]
Training Group Acc: [0.758,0.000,0.000]
Epoch [13] Training Results: Prec@1 76.216 Prec@5 93.020 Loss 0.85898
Epoch [13] Training Class Recall: [0.678,0.584,0.396,0.339,0.258,0.401,0.387,0.464,0.545,0.536,0.339,0.313,
 0.548,0.533,0.438,0.415,0.511,0.653,0.496,0.496,0.564,0.727,0.489,0.700,
 0.528,0.514,0.391,0.567,0.704,0.635,0.771,0.589,0.531,0.715,0.606,0.636,
 0.768,0.703,0.610,0.709,0.635,0.786,0.729,0.745,0.667,0.664,0.760,0.866,
 0.798,0.882,0.755,0.888,0.909,0.899,0.867,0.780,0.877,0.882,0.881,0.904,
 0.933,0.923,0.904,0.911,0.873,0.858,0.873,0.901,0.957,0.948,0.866,0.938,
 0.930,0.862,0.936,0.964,0.959,0.950,0.955,0.946,0.968,0.958,0.974,0.939,
 0.946,0.964,0.969,0.973,0.954,0.984,0.982,0.985,0.970,0.979,0.992,0.988,
 0.992,0.989,0.980,0.984]
Testing Group Acc: [0.214,0.000,0.000]
Epoch [13] Testing Results: Prec@1 21.360 Prec@5 44.700 Loss 5.59119
Epoch [13] Testing Class Recall: [0.680,0.390,0.720,0.210,0.320,0.270,0.760,0.460,0.400,0.550,0.220,0.020,
 0.450,0.330,0.220,0.370,0.370,0.550,0.430,0.450,0.380,0.480,0.520,0.490,
 0.480,0.190,0.030,0.270,0.410,0.180,0.510,0.120,0.190,0.410,0.100,0.000,
 0.200,0.330,0.110,0.160,0.170,0.170,0.110,0.240,0.090,0.050,0.150,0.300,
 0.200,0.180,0.000,0.110,0.390,0.380,0.320,0.020,0.300,0.160,0.080,0.100,
 0.630,0.090,0.170,0.100,0.010,0.030,0.160,0.140,0.120,0.210,0.350,0.200,
 0.090,0.120,0.060,0.290,0.280,0.020,0.040,0.000,0.010,0.000,0.190,0.060,
 0.010,0.110,0.000,0.080,0.030,0.000,0.000,0.020,0.000,0.000,0.260,0.090,
 0.110,0.000,0.000,0.030]
Training Group Acc: [0.769,0.000,0.000]
Epoch [14] Training Results: Prec@1 77.307 Prec@5 93.656 Loss 0.81361
Epoch [14] Training Class Recall: [0.661,0.553,0.404,0.328,0.285,0.452,0.435,0.485,0.584,0.570,0.371,0.326,
 0.587,0.543,0.447,0.438,0.526,0.683,0.516,0.487,0.548,0.733,0.478,0.728,
 0.556,0.514,0.413,0.577,0.730,0.658,0.777,0.630,0.535,0.736,0.624,0.625,
 0.752,0.709,0.618,0.716,0.691,0.786,0.764,0.747,0.639,0.706,0.780,0.860,
 0.815,0.874,0.763,0.880,0.903,0.924,0.872,0.846,0.894,0.891,0.906,0.918,
 0.933,0.890,0.904,0.915,0.867,0.871,0.921,0.922,0.957,0.956,0.878,0.947,
 0.932,0.888,0.954,0.970,0.967,0.954,0.957,0.968,0.970,0.956,0.979,0.954,
 0.962,0.978,0.963,0.966,0.975,0.973,0.982,0.992,0.981,0.983,0.986,0.990,
 0.988,0.989,0.974,0.988]
Testing Group Acc: [0.233,0.000,0.000]
Epoch [14] Testing Results: Prec@1 23.310 Prec@5 46.640 Loss 5.55443
Epoch [14] Testing Class Recall: [0.680,0.570,0.410,0.370,0.160,0.270,0.440,0.400,0.460,0.330,0.140,0.280,
 0.540,0.480,0.110,0.400,0.230,0.510,0.390,0.130,0.690,0.540,0.420,0.410,
 0.200,0.200,0.210,0.260,0.490,0.340,0.430,0.290,0.310,0.430,0.260,0.300,
 0.290,0.320,0.010,0.210,0.270,0.340,0.230,0.330,0.130,0.140,0.040,0.510,
 0.220,0.420,0.070,0.190,0.390,0.560,0.260,0.030,0.380,0.090,0.170,0.210,
 0.580,0.110,0.280,0.030,0.030,0.020,0.070,0.410,0.230,0.230,0.130,0.500,
 0.050,0.070,0.010,0.060,0.500,0.060,0.000,0.020,0.010,0.020,0.430,0.000,
 0.000,0.070,0.000,0.080,0.030,0.000,0.000,0.000,0.000,0.010,0.070,0.140,
 0.130,0.000,0.000,0.040]
Training Group Acc: [0.775,0.000,0.000]
Epoch [15] Training Results: Prec@1 77.891 Prec@5 93.831 Loss 0.79280
Epoch [15] Training Class Recall: [0.681,0.587,0.420,0.339,0.279,0.468,0.439,0.502,0.592,0.609,0.353,0.294,
 0.589,0.569,0.445,0.436,0.479,0.720,0.522,0.511,0.596,0.748,0.478,0.722,
 0.542,0.549,0.389,0.611,0.708,0.666,0.823,0.639,0.571,0.726,0.667,0.641,
 0.768,0.690,0.641,0.737,0.695,0.832,0.733,0.792,0.694,0.715,0.770,0.850,
 0.821,0.878,0.800,0.888,0.905,0.904,0.883,0.837,0.905,0.919,0.901,0.914,
 0.939,0.930,0.907,0.925,0.867,0.862,0.911,0.931,0.961,0.954,0.896,0.956,
 0.937,0.888,0.946,0.968,0.971,0.940,0.960,0.974,0.976,0.958,0.974,0.916,
 0.958,0.978,0.978,0.977,0.960,0.984,0.974,0.973,0.970,0.992,0.990,0.986,
 0.982,0.984,0.987,0.982]
Testing Group Acc: [0.224,0.000,0.000]
Epoch [15] Testing Results: Prec@1 22.400 Prec@5 44.580 Loss 5.62337
Epoch [15] Testing Class Recall: [0.420,0.660,0.380,0.500,0.430,0.440,0.520,0.420,0.470,0.420,0.170,0.340,
 0.480,0.350,0.310,0.330,0.480,0.450,0.520,0.360,0.630,0.370,0.250,0.780,
 0.650,0.110,0.390,0.230,0.230,0.230,0.430,0.070,0.230,0.390,0.260,0.030,
 0.150,0.400,0.060,0.420,0.180,0.350,0.060,0.240,0.090,0.060,0.080,0.310,
 0.370,0.350,0.000,0.160,0.570,0.590,0.140,0.010,0.230,0.180,0.130,0.080,
 0.510,0.240,0.440,0.040,0.010,0.000,0.030,0.210,0.270,0.140,0.180,0.100,
 0.010,0.060,0.040,0.190,0.320,0.000,0.000,0.010,0.000,0.040,0.070,0.070,
 0.000,0.070,0.000,0.040,0.010,0.000,0.010,0.000,0.000,0.020,0.220,0.050,
 0.060,0.000,0.000,0.000]
Training Group Acc: [0.776,0.000,0.000]
Epoch [16] Training Results: Prec@1 78.060 Prec@5 94.124 Loss 0.77933
Epoch [16] Training Class Recall: [0.724,0.587,0.431,0.343,0.318,0.479,0.417,0.498,0.543,0.573,0.391,0.361,
 0.587,0.566,0.458,0.467,0.501,0.690,0.508,0.513,0.527,0.762,0.463,0.736,
 0.570,0.495,0.445,0.615,0.722,0.685,0.771,0.620,0.597,0.732,0.642,0.641,
 0.789,0.701,0.676,0.714,0.720,0.806,0.743,0.792,0.690,0.712,0.794,0.854,
 0.807,0.880,0.800,0.894,0.922,0.924,0.879,0.829,0.882,0.877,0.915,0.902,
 0.937,0.903,0.916,0.935,0.902,0.892,0.933,0.916,0.963,0.939,0.887,0.945,
 0.939,0.892,0.958,0.970,0.963,0.961,0.953,0.954,0.976,0.944,0.971,0.959,
 0.954,0.968,0.978,0.970,0.965,0.968,0.982,0.979,0.986,0.975,0.984,0.988,
 0.996,0.992,0.987,0.982]
Testing Group Acc: [0.208,0.000,0.000]
Epoch [16] Testing Results: Prec@1 20.760 Prec@5 42.500 Loss 6.06057
Epoch [16] Testing Class Recall: [0.510,0.600,0.160,0.330,0.340,0.550,0.360,0.320,0.360,0.700,0.220,0.590,
 0.610,0.540,0.070,0.210,0.350,0.380,0.220,0.520,0.670,0.450,0.260,0.430,
 0.360,0.070,0.320,0.020,0.500,0.380,0.490,0.170,0.290,0.460,0.280,0.040,
 0.120,0.280,0.180,0.320,0.170,0.320,0.170,0.230,0.080,0.000,0.100,0.250,
 0.150,0.080,0.030,0.340,0.670,0.250,0.360,0.030,0.160,0.030,0.070,0.060,
 0.500,0.220,0.340,0.110,0.060,0.000,0.040,0.050,0.160,0.200,0.130,0.200,
 0.010,0.120,0.000,0.240,0.250,0.020,0.000,0.000,0.020,0.030,0.040,0.000,
 0.000,0.060,0.000,0.040,0.030,0.000,0.040,0.020,0.000,0.010,0.130,0.040,
 0.070,0.000,0.000,0.000]
Training Group Acc: [0.789,0.000,0.000]
Epoch [17] Training Results: Prec@1 79.224 Prec@5 94.560 Loss 0.73946
Epoch [17] Training Class Recall: [0.714,0.621,0.463,0.347,0.309,0.503,0.500,0.536,0.592,0.607,0.395,0.372,
 0.607,0.597,0.491,0.479,0.533,0.712,0.547,0.570,0.654,0.735,0.516,0.761,
 0.547,0.569,0.432,0.632,0.735,0.672,0.792,0.626,0.626,0.770,0.675,0.696,
 0.783,0.728,0.693,0.760,0.724,0.823,0.770,0.771,0.696,0.747,0.785,0.872,
 0.830,0.887,0.804,0.871,0.922,0.913,0.881,0.801,0.886,0.898,0.919,0.922,
 0.939,0.914,0.909,0.921,0.875,0.892,0.923,0.939,0.984,0.950,0.901,0.954,
 0.958,0.877,0.968,0.981,0.982,0.944,0.968,0.960,0.958,0.932,0.977,0.957,
 0.975,0.980,0.963,0.977,0.967,0.975,0.968,0.979,0.978,0.990,0.996,0.992,
 0.992,0.995,0.987,0.972]
Testing Group Acc: [0.217,0.000,0.000]
Epoch [17] Testing Results: Prec@1 21.670 Prec@5 42.990 Loss 5.76242
Epoch [17] Testing Class Recall: [0.740,0.400,0.520,0.270,0.320,0.460,0.590,0.630,0.700,0.600,0.220,0.260,
 0.540,0.100,0.060,0.450,0.410,0.730,0.650,0.260,0.530,0.490,0.050,0.520,
 0.500,0.250,0.080,0.010,0.400,0.390,0.570,0.220,0.170,0.310,0.150,0.110,
 0.340,0.160,0.070,0.310,0.310,0.140,0.140,0.330,0.050,0.080,0.030,0.240,
 0.160,0.150,0.110,0.030,0.440,0.600,0.220,0.000,0.080,0.150,0.210,0.130,
 0.780,0.140,0.120,0.080,0.000,0.080,0.100,0.030,0.090,0.310,0.230,0.100,
 0.000,0.170,0.040,0.100,0.130,0.040,0.000,0.000,0.020,0.020,0.170,0.080,
 0.050,0.030,0.000,0.020,0.100,0.000,0.040,0.000,0.000,0.000,0.360,0.030,
 0.060,0.000,0.000,0.010]
Training Group Acc: [0.792,0.000,0.000]
Epoch [18] Training Results: Prec@1 79.553 Prec@5 94.740 Loss 0.72731
Epoch [18] Training Class Recall: [0.738,0.612,0.454,0.367,0.342,0.537,0.462,0.525,0.597,0.602,0.422,0.420,
 0.597,0.595,0.449,0.471,0.531,0.740,0.567,0.580,0.590,0.756,0.499,0.744,
 0.551,0.575,0.460,0.619,0.743,0.658,0.812,0.643,0.645,0.770,0.675,0.704,
 0.762,0.736,0.695,0.765,0.715,0.852,0.793,0.786,0.700,0.745,0.777,0.860,
 0.841,0.891,0.819,0.888,0.928,0.913,0.865,0.825,0.894,0.884,0.917,0.914,
 0.941,0.932,0.929,0.917,0.895,0.895,0.923,0.935,0.970,0.963,0.915,0.941,
 0.945,0.907,0.980,0.966,0.971,0.952,0.962,0.966,0.970,0.953,0.977,0.947,
 0.983,0.974,0.974,0.975,0.979,0.977,0.978,0.983,0.973,0.983,0.988,0.978,
 0.994,0.989,0.990,0.991]
Testing Group Acc: [0.235,0.000,0.000]
Epoch [18] Testing Results: Prec@1 23.500 Prec@5 46.850 Loss 5.63012
Epoch [18] Testing Class Recall: [0.690,0.590,0.340,0.290,0.100,0.440,0.380,0.290,0.240,0.330,0.160,0.120,
 0.250,0.410,0.390,0.270,0.470,0.560,0.210,0.270,0.630,0.570,0.350,0.460,
 0.430,0.330,0.110,0.080,0.380,0.470,0.700,0.410,0.110,0.310,0.160,0.290,
 0.250,0.240,0.040,0.350,0.230,0.410,0.400,0.230,0.080,0.050,0.240,0.180,
 0.540,0.410,0.060,0.450,0.460,0.400,0.110,0.100,0.430,0.150,0.260,0.150,
 0.560,0.210,0.260,0.200,0.130,0.000,0.210,0.020,0.230,0.260,0.210,0.450,
 0.100,0.060,0.030,0.250,0.200,0.040,0.070,0.090,0.030,0.000,0.330,0.000,
 0.040,0.110,0.010,0.260,0.030,0.000,0.000,0.040,0.030,0.020,0.090,0.040,
 0.070,0.000,0.000,0.010]
Training Group Acc: [0.796,0.000,0.000]
Epoch [19] Training Results: Prec@1 80.049 Prec@5 94.918 Loss 0.71195
Epoch [19] Training Class Recall: [0.714,0.646,0.449,0.392,0.336,0.499,0.475,0.511,0.603,0.602,0.417,0.353,
 0.614,0.590,0.476,0.479,0.572,0.724,0.535,0.534,0.574,0.767,0.527,0.793,
 0.561,0.586,0.499,0.609,0.774,0.676,0.812,0.684,0.620,0.734,0.652,0.641,
 0.809,0.768,0.674,0.784,0.724,0.803,0.834,0.818,0.717,0.756,0.797,0.891,
 0.866,0.913,0.831,0.904,0.924,0.935,0.902,0.868,0.920,0.927,0.913,0.937,
 0.949,0.921,0.940,0.933,0.904,0.899,0.923,0.925,0.967,0.954,0.915,0.956,
 0.952,0.870,0.968,0.977,0.974,0.959,0.955,0.964,0.964,0.951,0.974,0.952,
 0.967,0.974,0.980,0.983,0.977,0.989,0.976,0.987,0.986,0.988,0.994,0.990,
 0.988,0.984,0.987,0.972]
Testing Group Acc: [0.235,0.000,0.000]
Epoch [19] Testing Results: Prec@1 23.520 Prec@5 45.500 Loss 5.96378
Epoch [19] Testing Class Recall: [0.800,0.610,0.360,0.380,0.050,0.460,0.540,0.380,0.590,0.650,0.170,0.320,
 0.510,0.260,0.110,0.240,0.550,0.840,0.330,0.420,0.570,0.570,0.310,0.280,
 0.560,0.390,0.270,0.130,0.210,0.500,0.450,0.300,0.150,0.590,0.240,0.040,
 0.080,0.340,0.090,0.200,0.200,0.510,0.210,0.150,0.090,0.130,0.150,0.370,
 0.340,0.220,0.070,0.320,0.690,0.290,0.520,0.020,0.230,0.140,0.110,0.160,
 0.630,0.100,0.270,0.110,0.050,0.010,0.040,0.170,0.240,0.250,0.080,0.130,
 0.010,0.120,0.000,0.130,0.300,0.020,0.010,0.000,0.000,0.020,0.400,0.040,
 0.010,0.130,0.000,0.060,0.020,0.000,0.010,0.010,0.000,0.000,0.270,0.040,
 0.060,0.000,0.000,0.020]
Training Group Acc: [0.802,0.000,0.000]
Epoch [20] Training Results: Prec@1 80.562 Prec@5 95.082 Loss 0.69500
Epoch [20] Training Class Recall: [0.771,0.610,0.458,0.394,0.330,0.552,0.482,0.538,0.624,0.599,0.467,0.369,
 0.585,0.611,0.542,0.477,0.553,0.724,0.557,0.555,0.596,0.771,0.559,0.779,
 0.631,0.591,0.499,0.684,0.774,0.710,0.816,0.663,0.624,0.785,0.675,0.693,
 0.826,0.749,0.728,0.784,0.729,0.826,0.799,0.792,0.710,0.776,0.794,0.895,
 0.872,0.897,0.833,0.898,0.922,0.928,0.899,0.856,0.911,0.915,0.924,0.935,
 0.968,0.921,0.936,0.923,0.917,0.880,0.925,0.931,0.967,0.961,0.917,0.969,
 0.945,0.911,0.960,0.970,0.967,0.969,0.962,0.972,0.968,0.963,0.971,0.959,
 0.958,0.972,0.947,0.966,0.967,0.984,0.978,0.981,0.967,0.990,0.996,0.986,
 0.992,0.976,0.980,0.988]
Testing Group Acc: [0.229,0.000,0.000]
Epoch [20] Testing Results: Prec@1 22.880 Prec@5 45.770 Loss 5.73912
Epoch [20] Testing Class Recall: [0.550,0.560,0.330,0.330,0.230,0.450,0.410,0.470,0.480,0.440,0.150,0.420,
 0.530,0.600,0.380,0.350,0.440,0.520,0.430,0.200,0.620,0.630,0.440,0.580,
 0.730,0.190,0.370,0.070,0.280,0.090,0.450,0.200,0.190,0.190,0.110,0.180,
 0.290,0.100,0.050,0.360,0.100,0.190,0.250,0.180,0.120,0.030,0.030,0.240,
 0.150,0.340,0.060,0.100,0.660,0.680,0.110,0.030,0.130,0.120,0.170,0.120,
 0.540,0.210,0.080,0.130,0.080,0.000,0.170,0.310,0.190,0.210,0.210,0.140,
 0.010,0.050,0.090,0.410,0.360,0.000,0.030,0.020,0.000,0.010,0.570,0.110,
 0.000,0.080,0.000,0.100,0.100,0.000,0.050,0.010,0.000,0.000,0.220,0.130,
 0.040,0.000,0.000,0.020]
Training Group Acc: [0.802,0.000,0.000]
Epoch [21] Training Results: Prec@1 80.593 Prec@5 95.193 Loss 0.68413
Epoch [21] Training Class Recall: [0.738,0.621,0.515,0.392,0.336,0.570,0.516,0.544,0.609,0.596,0.433,0.406,
 0.597,0.600,0.504,0.516,0.580,0.722,0.545,0.549,0.633,0.748,0.537,0.726,
 0.636,0.628,0.533,0.646,0.767,0.710,0.804,0.708,0.656,0.776,0.709,0.677,
 0.816,0.736,0.710,0.756,0.733,0.826,0.783,0.808,0.737,0.773,0.821,0.887,
 0.852,0.885,0.839,0.910,0.930,0.922,0.890,0.841,0.907,0.934,0.922,0.918,
 0.941,0.934,0.918,0.948,0.884,0.908,0.921,0.948,0.963,0.961,0.924,0.936,
 0.947,0.859,0.962,0.983,0.971,0.965,0.953,0.962,0.974,0.960,0.987,0.942,
 0.964,0.982,0.963,0.973,0.967,0.977,0.980,0.992,0.984,0.975,0.990,0.988,
 0.994,0.992,0.980,0.970]
Testing Group Acc: [0.230,0.000,0.000]
Epoch [21] Testing Results: Prec@1 23.020 Prec@5 45.650 Loss 5.81200
Epoch [21] Testing Class Recall: [0.600,0.800,0.320,0.180,0.340,0.250,0.240,0.690,0.440,0.470,0.350,0.170,
 0.490,0.550,0.090,0.470,0.230,0.650,0.570,0.470,0.590,0.580,0.090,0.540,
 0.480,0.150,0.250,0.240,0.380,0.200,0.550,0.140,0.330,0.370,0.090,0.070,
 0.240,0.310,0.080,0.310,0.190,0.520,0.020,0.130,0.130,0.250,0.230,0.420,
 0.190,0.160,0.010,0.140,0.530,0.490,0.170,0.060,0.510,0.160,0.110,0.200,
 0.610,0.200,0.430,0.040,0.010,0.000,0.070,0.190,0.130,0.240,0.230,0.310,
 0.120,0.100,0.090,0.070,0.170,0.010,0.000,0.010,0.030,0.040,0.360,0.050,
 0.070,0.040,0.000,0.020,0.000,0.030,0.130,0.020,0.040,0.000,0.100,0.040,
 0.010,0.000,0.010,0.020]
Training Group Acc: [0.809,0.000,0.000]
Epoch [22] Training Results: Prec@1 81.242 Prec@5 95.496 Loss 0.66238
Epoch [22] Training Class Recall: [0.764,0.584,0.508,0.415,0.369,0.550,0.495,0.528,0.631,0.604,0.480,0.433,
 0.640,0.628,0.474,0.510,0.545,0.720,0.575,0.586,0.628,0.785,0.534,0.793,
 0.598,0.630,0.523,0.656,0.778,0.710,0.819,0.715,0.684,0.785,0.693,0.734,
 0.818,0.772,0.714,0.784,0.760,0.838,0.830,0.829,0.737,0.776,0.821,0.889,
 0.855,0.903,0.829,0.910,0.930,0.917,0.876,0.866,0.905,0.896,0.906,0.935,
 0.947,0.901,0.936,0.948,0.923,0.912,0.947,0.929,0.974,0.950,0.929,0.949,
 0.965,0.900,0.958,0.966,0.978,0.954,0.949,0.966,0.972,0.958,0.971,0.959,
 0.973,0.988,0.982,0.966,0.963,0.975,0.986,0.985,0.984,0.992,0.992,0.988,
 0.994,0.987,0.980,0.986]
Testing Group Acc: [0.230,0.000,0.000]
Epoch [22] Testing Results: Prec@1 23.040 Prec@5 45.850 Loss 5.52585
Epoch [22] Testing Class Recall: [0.440,0.550,0.730,0.010,0.120,0.390,0.420,0.240,0.470,0.570,0.450,0.190,
 0.640,0.460,0.390,0.270,0.460,0.630,0.550,0.360,0.590,0.710,0.160,0.590,
 0.610,0.270,0.160,0.230,0.400,0.290,0.470,0.200,0.280,0.360,0.160,0.040,
 0.180,0.250,0.280,0.330,0.140,0.490,0.170,0.270,0.040,0.240,0.040,0.490,
 0.220,0.170,0.090,0.060,0.590,0.540,0.160,0.000,0.230,0.180,0.200,0.090,
 0.740,0.120,0.320,0.070,0.020,0.020,0.030,0.050,0.250,0.270,0.090,0.180,
 0.000,0.380,0.110,0.070,0.400,0.020,0.000,0.010,0.030,0.010,0.080,0.080,
 0.000,0.000,0.000,0.000,0.030,0.000,0.010,0.010,0.030,0.000,0.250,0.010,
 0.010,0.010,0.000,0.020]
Training Group Acc: [0.808,0.000,0.000]
Epoch [23] Training Results: Prec@1 81.158 Prec@5 95.622 Loss 0.65866
Epoch [23] Training Class Recall: [0.738,0.601,0.490,0.369,0.336,0.559,0.550,0.574,0.642,0.641,0.473,0.377,
 0.643,0.642,0.531,0.508,0.550,0.738,0.606,0.580,0.628,0.754,0.562,0.777,
 0.570,0.582,0.533,0.676,0.763,0.739,0.821,0.665,0.665,0.797,0.701,0.731,
 0.791,0.743,0.701,0.798,0.756,0.858,0.814,0.835,0.731,0.786,0.823,0.866,
 0.858,0.907,0.852,0.918,0.926,0.901,0.904,0.864,0.911,0.917,0.906,0.888,
 0.953,0.932,0.940,0.925,0.908,0.910,0.927,0.925,0.970,0.956,0.906,0.954,
 0.945,0.907,0.964,0.975,0.976,0.952,0.953,0.974,0.972,0.958,0.984,0.962,
 0.975,0.976,0.982,0.975,0.990,0.975,0.984,0.987,0.965,0.969,0.990,0.984,
 0.992,0.984,0.980,0.979]
Testing Group Acc: [0.237,0.000,0.000]
Epoch [23] Testing Results: Prec@1 23.670 Prec@5 47.030 Loss 5.63924
Epoch [23] Testing Class Recall: [0.680,0.710,0.550,0.480,0.530,0.320,0.500,0.240,0.510,0.570,0.200,0.240,
 0.390,0.540,0.320,0.150,0.600,0.350,0.180,0.320,0.700,0.460,0.100,0.500,
 0.720,0.190,0.100,0.230,0.370,0.590,0.750,0.260,0.130,0.470,0.210,0.010,
 0.310,0.380,0.140,0.250,0.280,0.470,0.140,0.090,0.070,0.040,0.220,0.330,
 0.310,0.320,0.060,0.140,0.670,0.650,0.180,0.030,0.210,0.220,0.200,0.280,
 0.610,0.080,0.250,0.060,0.000,0.000,0.060,0.090,0.310,0.180,0.020,0.400,
 0.000,0.130,0.030,0.110,0.240,0.020,0.000,0.000,0.030,0.000,0.300,0.080,
 0.000,0.060,0.000,0.070,0.040,0.020,0.050,0.000,0.020,0.000,0.200,0.020,
 0.000,0.000,0.000,0.030]
Training Group Acc: [0.815,0.000,0.000]
Epoch [24] Training Results: Prec@1 81.824 Prec@5 95.682 Loss 0.63996
Epoch [24] Training Class Recall: [0.761,0.640,0.470,0.390,0.352,0.565,0.518,0.549,0.650,0.661,0.511,0.409,
 0.632,0.654,0.493,0.557,0.568,0.748,0.626,0.605,0.633,0.771,0.592,0.781,
 0.579,0.643,0.581,0.632,0.776,0.693,0.816,0.713,0.686,0.791,0.715,0.728,
 0.818,0.772,0.755,0.786,0.756,0.880,0.805,0.829,0.762,0.784,0.823,0.899,
 0.881,0.911,0.825,0.900,0.949,0.926,0.911,0.848,0.915,0.915,0.922,0.941,
 0.959,0.930,0.922,0.940,0.908,0.890,0.929,0.948,0.980,0.965,0.926,0.965,
 0.963,0.877,0.962,0.970,0.971,0.973,0.960,0.960,0.964,0.967,0.982,0.962,
 0.964,0.970,0.982,0.970,0.967,0.977,0.986,0.981,0.962,0.985,0.990,0.992,
 0.988,0.992,0.990,0.986]
Testing Group Acc: [0.214,0.000,0.000]
Epoch [24] Testing Results: Prec@1 21.450 Prec@5 43.220 Loss 5.92912
Epoch [24] Testing Class Recall: [0.490,0.660,0.470,0.410,0.500,0.280,0.660,0.600,0.500,0.540,0.380,0.430,
 0.420,0.180,0.160,0.430,0.530,0.490,0.300,0.360,0.490,0.480,0.180,0.710,
 0.580,0.270,0.270,0.090,0.490,0.190,0.390,0.140,0.240,0.360,0.090,0.010,
 0.330,0.070,0.120,0.350,0.140,0.300,0.080,0.270,0.220,0.220,0.030,0.260,
 0.020,0.240,0.060,0.070,0.450,0.280,0.250,0.010,0.210,0.100,0.130,0.330,
 0.320,0.230,0.310,0.160,0.000,0.000,0.160,0.100,0.200,0.290,0.130,0.080,
 0.010,0.100,0.080,0.080,0.290,0.020,0.000,0.010,0.010,0.020,0.140,0.040,
 0.000,0.050,0.000,0.120,0.010,0.000,0.030,0.000,0.000,0.000,0.040,0.060,
 0.020,0.000,0.000,0.030]
Training Group Acc: [0.816,0.000,0.000]
Epoch [25] Training Results: Prec@1 81.956 Prec@5 95.729 Loss 0.63743
Epoch [25] Training Class Recall: [0.784,0.669,0.463,0.394,0.359,0.557,0.534,0.566,0.667,0.667,0.502,0.409,
 0.626,0.621,0.559,0.542,0.563,0.744,0.608,0.599,0.638,0.775,0.534,0.789,
 0.575,0.635,0.568,0.676,0.759,0.726,0.825,0.737,0.688,0.797,0.703,0.766,
 0.828,0.749,0.732,0.807,0.758,0.877,0.797,0.845,0.782,0.778,0.811,0.903,
 0.841,0.924,0.812,0.908,0.930,0.928,0.913,0.854,0.915,0.936,0.942,0.920,
 0.955,0.943,0.940,0.935,0.888,0.901,0.939,0.937,0.965,0.976,0.910,0.941,
 0.956,0.911,0.950,0.983,0.984,0.936,0.966,0.976,0.978,0.951,0.977,0.949,
 0.985,0.972,0.967,0.987,0.969,0.984,0.972,0.985,0.981,0.990,0.998,0.990,
 0.992,0.984,0.984,0.995]
Testing Group Acc: [0.238,0.000,0.000]
Epoch [25] Testing Results: Prec@1 23.750 Prec@5 45.500 Loss 5.59944
Epoch [25] Testing Class Recall: [0.500,0.640,0.410,0.570,0.350,0.490,0.600,0.350,0.620,0.480,0.290,0.430,
 0.560,0.460,0.180,0.430,0.500,0.690,0.350,0.160,0.600,0.300,0.390,0.490,
 0.630,0.200,0.130,0.070,0.580,0.330,0.520,0.150,0.180,0.360,0.390,0.210,
 0.250,0.410,0.170,0.380,0.060,0.410,0.210,0.360,0.120,0.040,0.150,0.340,
 0.390,0.190,0.050,0.280,0.260,0.520,0.390,0.010,0.210,0.270,0.070,0.390,
 0.340,0.110,0.300,0.050,0.000,0.020,0.040,0.220,0.220,0.300,0.130,0.210,
 0.000,0.140,0.020,0.120,0.170,0.000,0.020,0.030,0.030,0.100,0.240,0.040,
 0.020,0.010,0.000,0.000,0.130,0.000,0.020,0.010,0.030,0.000,0.040,0.050,
 0.030,0.010,0.000,0.030]
Training Group Acc: [0.820,0.000,0.000]
Epoch [26] Training Results: Prec@1 82.373 Prec@5 96.093 Loss 0.61844
Epoch [26] Training Class Recall: [0.761,0.657,0.497,0.403,0.365,0.605,0.577,0.549,0.661,0.659,0.491,0.433,
 0.632,0.668,0.533,0.542,0.590,0.770,0.577,0.574,0.676,0.794,0.605,0.785,
 0.598,0.626,0.600,0.713,0.772,0.716,0.841,0.706,0.684,0.801,0.728,0.742,
 0.828,0.778,0.747,0.784,0.735,0.872,0.826,0.859,0.795,0.806,0.833,0.881,
 0.884,0.885,0.856,0.916,0.936,0.919,0.908,0.876,0.939,0.924,0.922,0.914,
 0.957,0.934,0.922,0.933,0.917,0.914,0.923,0.950,0.974,0.967,0.917,0.960,
 0.952,0.892,0.964,0.977,0.971,0.956,0.966,0.960,0.976,0.960,0.977,0.954,
 0.973,0.980,0.967,0.981,0.967,0.984,0.984,0.992,0.970,0.983,0.996,0.984,
 0.990,0.995,0.987,0.982]
Testing Group Acc: [0.232,0.000,0.000]
Epoch [26] Testing Results: Prec@1 23.250 Prec@5 47.030 Loss 5.71565
Epoch [26] Testing Class Recall: [0.620,0.590,0.360,0.360,0.570,0.200,0.410,0.490,0.440,0.390,0.130,0.220,
 0.400,0.130,0.220,0.450,0.310,0.800,0.420,0.210,0.550,0.690,0.200,0.750,
 0.240,0.170,0.200,0.100,0.380,0.340,0.310,0.170,0.260,0.420,0.180,0.120,
 0.360,0.260,0.090,0.360,0.240,0.460,0.330,0.240,0.060,0.040,0.100,0.280,
 0.210,0.320,0.050,0.130,0.530,0.340,0.350,0.020,0.190,0.480,0.190,0.200,
 0.690,0.310,0.230,0.110,0.000,0.010,0.120,0.130,0.160,0.200,0.140,0.340,
 0.030,0.340,0.120,0.060,0.390,0.060,0.030,0.030,0.000,0.050,0.360,0.010,
 0.010,0.080,0.020,0.240,0.010,0.010,0.030,0.010,0.020,0.010,0.140,0.050,
 0.040,0.000,0.000,0.030]
Training Group Acc: [0.822,0.000,0.000]
Epoch [27] Training Results: Prec@1 82.607 Prec@5 95.909 Loss 0.61117
Epoch [27] Training Class Recall: [0.741,0.635,0.497,0.411,0.391,0.590,0.538,0.578,0.663,0.677,0.522,0.404,
 0.665,0.649,0.568,0.559,0.577,0.752,0.626,0.603,0.628,0.804,0.565,0.781,
 0.640,0.621,0.574,0.660,0.813,0.755,0.827,0.713,0.692,0.803,0.736,0.772,
 0.840,0.766,0.749,0.814,0.771,0.852,0.828,0.839,0.752,0.795,0.831,0.899,
 0.869,0.913,0.866,0.914,0.949,0.922,0.906,0.862,0.909,0.934,0.933,0.939,
 0.953,0.956,0.929,0.954,0.912,0.912,0.935,0.941,0.967,0.954,0.917,0.949,
 0.947,0.903,0.962,0.975,0.974,0.969,0.964,0.970,0.976,0.967,0.971,0.959,
 0.973,0.968,0.974,0.977,0.985,0.986,0.980,0.987,0.978,0.992,0.988,0.990,
 0.994,0.982,0.987,0.993]
Testing Group Acc: [0.237,0.000,0.000]
Epoch [27] Testing Results: Prec@1 23.700 Prec@5 47.420 Loss 5.35170
Epoch [27] Testing Class Recall: [0.630,0.530,0.200,0.140,0.510,0.270,0.560,0.440,0.370,0.480,0.190,0.460,
 0.420,0.550,0.370,0.170,0.490,0.640,0.190,0.400,0.620,0.640,0.290,0.460,
 0.430,0.310,0.090,0.230,0.510,0.210,0.460,0.370,0.290,0.380,0.240,0.170,
 0.260,0.070,0.140,0.320,0.250,0.190,0.370,0.300,0.000,0.090,0.130,0.380,
 0.160,0.350,0.190,0.340,0.490,0.610,0.240,0.030,0.200,0.220,0.080,0.370,
 0.670,0.150,0.420,0.080,0.030,0.030,0.070,0.080,0.310,0.230,0.030,0.190,
 0.020,0.050,0.090,0.240,0.120,0.040,0.000,0.040,0.010,0.010,0.410,0.040,
 0.010,0.170,0.000,0.140,0.050,0.030,0.010,0.040,0.020,0.010,0.050,0.080,
 0.080,0.000,0.040,0.120]
Training Group Acc: [0.825,0.000,0.000]
Epoch [28] Training Results: Prec@1 82.878 Prec@5 96.129 Loss 0.60125
Epoch [28] Training Class Recall: [0.817,0.646,0.510,0.428,0.414,0.614,0.568,0.576,0.680,0.635,0.484,0.444,
 0.665,0.673,0.559,0.555,0.555,0.786,0.610,0.616,0.665,0.792,0.580,0.805,
 0.626,0.663,0.570,0.662,0.792,0.749,0.806,0.719,0.688,0.801,0.726,0.761,
 0.826,0.808,0.753,0.814,0.758,0.872,0.832,0.841,0.778,0.804,0.831,0.877,
 0.884,0.926,0.845,0.896,0.932,0.944,0.922,0.892,0.924,0.912,0.942,0.941,
 0.959,0.932,0.949,0.946,0.915,0.897,0.935,0.922,0.974,0.969,0.929,0.943,
 0.963,0.885,0.970,0.975,0.978,0.965,0.970,0.974,0.978,0.958,0.987,0.959,
 0.971,0.980,0.974,0.983,0.975,0.964,0.984,0.973,0.984,0.979,0.998,0.998,
 0.992,0.984,0.990,0.991]
Testing Group Acc: [0.226,0.000,0.000]
Epoch [28] Testing Results: Prec@1 22.590 Prec@5 44.510 Loss 5.95680
Epoch [28] Testing Class Recall: [0.590,0.760,0.530,0.280,0.340,0.120,0.490,0.240,0.620,0.320,0.360,0.410,
 0.480,0.290,0.300,0.330,0.680,0.300,0.240,0.210,0.540,0.700,0.330,0.420,
 0.750,0.370,0.140,0.150,0.230,0.130,0.560,0.230,0.190,0.410,0.270,0.090,
 0.370,0.120,0.140,0.350,0.060,0.480,0.270,0.200,0.140,0.000,0.150,0.520,
 0.360,0.450,0.010,0.190,0.490,0.530,0.360,0.000,0.130,0.180,0.120,0.100,
 0.530,0.310,0.340,0.100,0.120,0.000,0.030,0.090,0.040,0.320,0.220,0.370,
 0.020,0.010,0.040,0.090,0.230,0.000,0.000,0.010,0.020,0.040,0.130,0.000,
 0.010,0.090,0.000,0.110,0.030,0.000,0.010,0.000,0.010,0.010,0.070,0.050,
 0.010,0.000,0.000,0.010]
Training Group Acc: [0.826,0.000,0.000]
Epoch [29] Training Results: Prec@1 83.027 Prec@5 96.231 Loss 0.59375
Epoch [29] Training Class Recall: [0.734,0.646,0.524,0.453,0.375,0.599,0.590,0.587,0.661,0.643,0.516,0.460,
 0.659,0.661,0.579,0.518,0.624,0.764,0.630,0.603,0.633,0.806,0.605,0.793,
 0.612,0.663,0.572,0.690,0.800,0.732,0.831,0.700,0.707,0.801,0.740,0.772,
 0.844,0.791,0.751,0.830,0.791,0.855,0.836,0.861,0.786,0.800,0.847,0.877,
 0.864,0.918,0.854,0.922,0.920,0.924,0.913,0.894,0.915,0.929,0.926,0.947,
 0.951,0.919,0.936,0.938,0.906,0.899,0.939,0.950,0.980,0.967,0.935,0.952,
 0.967,0.881,0.970,0.977,0.980,0.963,0.953,0.970,0.982,0.967,0.979,0.964,
 0.969,0.980,0.967,0.989,0.975,0.980,0.984,0.981,0.989,0.990,0.992,0.990,
 0.994,0.987,0.990,0.982]
Testing Group Acc: [0.219,0.000,0.000]
Epoch [29] Testing Results: Prec@1 21.850 Prec@5 44.830 Loss 5.92360
Epoch [29] Testing Class Recall: [0.800,0.690,0.710,0.540,0.180,0.320,0.390,0.530,0.170,0.480,0.330,0.280,
 0.460,0.460,0.130,0.380,0.370,0.520,0.370,0.510,0.600,0.330,0.360,0.680,
 0.460,0.360,0.160,0.040,0.200,0.380,0.660,0.240,0.450,0.240,0.160,0.050,
 0.250,0.220,0.030,0.260,0.190,0.250,0.070,0.300,0.100,0.090,0.110,0.190,
 0.260,0.270,0.010,0.180,0.640,0.320,0.210,0.020,0.260,0.190,0.200,0.150,
 0.480,0.100,0.210,0.020,0.040,0.020,0.080,0.100,0.110,0.130,0.010,0.450,
 0.000,0.070,0.020,0.080,0.260,0.000,0.010,0.040,0.000,0.010,0.260,0.010,
 0.000,0.030,0.000,0.070,0.010,0.000,0.050,0.010,0.010,0.020,0.260,0.010,
 0.100,0.000,0.000,0.010]
Training Group Acc: [0.824,0.000,0.000]
Epoch [30] Training Results: Prec@1 82.736 Prec@5 96.240 Loss 0.59924
Epoch [30] Training Class Recall: [0.801,0.649,0.497,0.409,0.410,0.608,0.568,0.578,0.646,0.659,0.487,0.444,
 0.649,0.720,0.570,0.570,0.604,0.764,0.600,0.643,0.676,0.779,0.582,0.795,
 0.631,0.630,0.598,0.688,0.831,0.747,0.854,0.721,0.720,0.829,0.720,0.726,
 0.824,0.768,0.763,0.819,0.774,0.869,0.818,0.835,0.760,0.786,0.843,0.885,
 0.898,0.903,0.831,0.902,0.924,0.906,0.886,0.868,0.928,0.900,0.926,0.926,
 0.959,0.927,0.929,0.950,0.908,0.927,0.939,0.931,0.970,0.963,0.908,0.969,
 0.950,0.914,0.950,0.987,0.963,0.954,0.966,0.966,0.982,0.965,0.969,0.929,
 0.971,0.978,0.971,0.979,0.971,0.975,0.982,0.983,0.984,0.983,0.990,0.988,
 0.988,0.992,0.990,0.984]
Testing Group Acc: [0.232,0.000,0.000]
Epoch [30] Testing Results: Prec@1 23.230 Prec@5 45.840 Loss 5.77776
Epoch [30] Testing Class Recall: [0.680,0.520,0.410,0.030,0.450,0.260,0.470,0.620,0.620,0.670,0.350,0.390,
 0.450,0.400,0.220,0.310,0.590,0.650,0.050,0.490,0.620,0.680,0.250,0.350,
 0.410,0.380,0.390,0.070,0.400,0.140,0.620,0.180,0.160,0.460,0.150,0.320,
 0.270,0.380,0.130,0.270,0.260,0.310,0.110,0.380,0.090,0.050,0.070,0.250,
 0.310,0.100,0.080,0.030,0.440,0.400,0.470,0.000,0.280,0.290,0.130,0.240,
 0.430,0.240,0.340,0.100,0.090,0.000,0.190,0.060,0.150,0.120,0.180,0.270,
 0.020,0.060,0.040,0.140,0.320,0.040,0.000,0.000,0.000,0.050,0.210,0.020,
 0.060,0.050,0.000,0.090,0.010,0.000,0.030,0.000,0.010,0.000,0.290,0.060,
 0.000,0.000,0.000,0.010]
Training Group Acc: [0.832,0.000,0.000]
Epoch [31] Training Results: Prec@1 83.551 Prec@5 96.393 Loss 0.57500
Epoch [31] Training Class Recall: [0.777,0.652,0.521,0.445,0.395,0.634,0.590,0.597,0.657,0.669,0.536,0.460,
 0.624,0.640,0.573,0.546,0.609,0.766,0.610,0.631,0.681,0.825,0.577,0.789,
 0.687,0.654,0.617,0.723,0.798,0.745,0.833,0.727,0.724,0.837,0.734,0.772,
 0.865,0.776,0.799,0.830,0.787,0.855,0.799,0.845,0.754,0.826,0.835,0.887,
 0.869,0.924,0.891,0.922,0.957,0.930,0.931,0.876,0.928,0.934,0.913,0.949,
 0.961,0.947,0.962,0.935,0.915,0.910,0.937,0.945,0.984,0.972,0.942,0.952,
 0.974,0.926,0.976,0.979,0.990,0.944,0.955,0.976,0.980,0.963,0.979,0.962,
 0.979,0.976,0.989,0.983,0.973,0.982,0.978,0.987,0.984,0.981,0.994,0.984,
 0.996,0.979,0.990,0.988]
Testing Group Acc: [0.253,0.000,0.000]
Epoch [31] Testing Results: Prec@1 25.280 Prec@5 48.710 Loss 5.33106
Epoch [31] Testing Class Recall: [0.630,0.740,0.200,0.290,0.410,0.430,0.560,0.750,0.540,0.270,0.420,0.560,
 0.500,0.350,0.030,0.120,0.370,0.530,0.440,0.360,0.810,0.490,0.240,0.590,
 0.550,0.150,0.120,0.170,0.630,0.330,0.490,0.170,0.370,0.310,0.290,0.240,
 0.340,0.190,0.140,0.280,0.200,0.370,0.210,0.200,0.070,0.060,0.110,0.370,
 0.290,0.260,0.030,0.160,0.580,0.480,0.300,0.050,0.430,0.280,0.260,0.220,
 0.690,0.190,0.360,0.120,0.040,0.030,0.110,0.150,0.190,0.300,0.220,0.360,
 0.010,0.080,0.000,0.260,0.240,0.030,0.000,0.040,0.000,0.050,0.360,0.050,
 0.010,0.100,0.000,0.160,0.130,0.000,0.050,0.000,0.000,0.000,0.350,0.180,
 0.070,0.010,0.010,0.000]
Training Group Acc: [0.832,0.000,0.000]
Epoch [32] Training Results: Prec@1 83.531 Prec@5 96.391 Loss 0.57557
Epoch [32] Training Class Recall: [0.767,0.657,0.492,0.475,0.410,0.632,0.570,0.619,0.659,0.667,0.522,0.473,
 0.657,0.659,0.553,0.603,0.592,0.770,0.640,0.633,0.638,0.783,0.623,0.803,
 0.626,0.650,0.632,0.702,0.805,0.768,0.831,0.731,0.705,0.803,0.760,0.777,
 0.826,0.797,0.761,0.777,0.785,0.875,0.828,0.847,0.772,0.810,0.835,0.909,
 0.889,0.932,0.854,0.937,0.957,0.926,0.927,0.860,0.930,0.927,0.933,0.941,
 0.957,0.941,0.938,0.952,0.917,0.925,0.927,0.941,0.951,0.963,0.954,0.945,
 0.958,0.911,0.968,0.977,0.974,0.967,0.957,0.976,0.974,0.970,0.987,0.954,
 0.981,0.976,0.978,0.981,0.975,0.989,0.978,0.987,0.986,0.994,0.996,0.996,
 0.990,0.982,0.987,0.993]
Testing Group Acc: [0.238,0.000,0.000]
Epoch [32] Testing Results: Prec@1 23.810 Prec@5 45.440 Loss 5.71781
Epoch [32] Testing Class Recall: [0.740,0.480,0.160,0.350,0.290,0.470,0.690,0.520,0.580,0.450,0.280,0.460,
 0.650,0.670,0.130,0.490,0.560,0.760,0.400,0.470,0.650,0.410,0.210,0.510,
 0.540,0.200,0.160,0.500,0.600,0.110,0.460,0.090,0.250,0.370,0.350,0.010,
 0.140,0.050,0.240,0.350,0.180,0.300,0.160,0.210,0.100,0.010,0.010,0.210,
 0.190,0.460,0.150,0.220,0.730,0.390,0.240,0.010,0.240,0.110,0.130,0.210,
 0.410,0.110,0.410,0.070,0.010,0.020,0.020,0.070,0.530,0.210,0.020,0.410,
 0.050,0.090,0.070,0.210,0.130,0.010,0.000,0.000,0.000,0.000,0.110,0.010,
 0.010,0.020,0.000,0.040,0.110,0.000,0.090,0.010,0.000,0.010,0.270,0.100,
 0.090,0.020,0.000,0.010]
Training Group Acc: [0.829,0.000,0.000]
Epoch [33] Training Results: Prec@1 83.307 Prec@5 96.571 Loss 0.57677
Epoch [33] Training Class Recall: [0.741,0.683,0.528,0.441,0.426,0.636,0.581,0.583,0.687,0.690,0.538,0.428,
 0.645,0.652,0.579,0.568,0.575,0.766,0.628,0.627,0.660,0.790,0.628,0.817,
 0.584,0.648,0.615,0.719,0.809,0.745,0.841,0.694,0.735,0.821,0.736,0.758,
 0.807,0.791,0.739,0.821,0.789,0.869,0.832,0.827,0.801,0.813,0.811,0.899,
 0.895,0.928,0.880,0.918,0.930,0.913,0.908,0.898,0.922,0.929,0.928,0.920,
 0.957,0.932,0.938,0.938,0.899,0.908,0.919,0.958,0.976,0.972,0.933,0.971,
 0.963,0.896,0.968,0.981,0.978,0.954,0.972,0.970,0.978,0.963,0.982,0.954,
 0.964,0.978,0.982,0.975,0.977,0.975,0.988,0.983,0.970,0.990,0.992,0.988,
 0.984,0.989,0.987,0.977]
Testing Group Acc: [0.240,0.000,0.000]
Epoch [33] Testing Results: Prec@1 24.030 Prec@5 46.730 Loss 5.70890
Epoch [33] Testing Class Recall: [0.450,0.460,0.310,0.110,0.140,0.410,0.630,0.420,0.360,0.670,0.520,0.450,
 0.300,0.410,0.180,0.560,0.520,0.690,0.190,0.630,0.560,0.550,0.140,0.740,
 0.310,0.370,0.400,0.310,0.580,0.270,0.360,0.390,0.290,0.410,0.330,0.030,
 0.330,0.200,0.160,0.320,0.220,0.220,0.070,0.310,0.030,0.080,0.050,0.170,
 0.320,0.290,0.060,0.220,0.610,0.850,0.330,0.020,0.300,0.200,0.200,0.220,
 0.650,0.200,0.300,0.110,0.020,0.000,0.060,0.080,0.200,0.110,0.040,0.170,
 0.050,0.300,0.020,0.230,0.220,0.000,0.000,0.030,0.000,0.070,0.300,0.030,
 0.020,0.060,0.000,0.010,0.010,0.000,0.120,0.080,0.000,0.010,0.160,0.090,
 0.040,0.000,0.000,0.010]
Training Group Acc: [0.833,0.000,0.000]
Epoch [34] Training Results: Prec@1 83.604 Prec@5 96.553 Loss 0.56763
Epoch [34] Training Class Recall: [0.771,0.671,0.521,0.419,0.424,0.612,0.599,0.574,0.627,0.667,0.516,0.503,
 0.678,0.673,0.584,0.542,0.619,0.778,0.628,0.650,0.638,0.783,0.587,0.797,
 0.692,0.672,0.606,0.690,0.788,0.753,0.856,0.743,0.728,0.827,0.750,0.764,
 0.832,0.793,0.784,0.816,0.758,0.869,0.841,0.839,0.797,0.828,0.857,0.889,
 0.875,0.918,0.889,0.906,0.965,0.922,0.920,0.866,0.920,0.924,0.919,0.943,
 0.968,0.945,0.922,0.950,0.926,0.912,0.943,0.935,0.986,0.983,0.935,0.978,
 0.945,0.941,0.982,0.979,0.982,0.950,0.972,0.964,0.986,0.960,0.990,0.954,
 0.971,0.960,0.978,0.985,0.983,0.991,0.984,0.981,0.962,0.983,0.994,0.988,
 0.996,0.982,0.977,0.984]
Testing Group Acc: [0.247,0.000,0.000]
Epoch [34] Testing Results: Prec@1 24.650 Prec@5 47.110 Loss 5.83771
Epoch [34] Testing Class Recall: [0.790,0.640,0.450,0.450,0.300,0.490,0.410,0.440,0.360,0.730,0.380,0.400,
 0.340,0.720,0.260,0.350,0.300,0.730,0.490,0.430,0.560,0.650,0.170,0.550,
 0.330,0.150,0.080,0.250,0.450,0.390,0.430,0.230,0.250,0.430,0.160,0.110,
 0.140,0.260,0.090,0.290,0.260,0.260,0.120,0.230,0.030,0.110,0.160,0.240,
 0.180,0.610,0.080,0.060,0.670,0.680,0.320,0.010,0.330,0.160,0.180,0.400,
 0.770,0.210,0.510,0.100,0.010,0.020,0.020,0.140,0.070,0.320,0.270,0.240,
 0.000,0.240,0.080,0.150,0.180,0.030,0.000,0.010,0.010,0.000,0.090,0.010,
 0.010,0.010,0.000,0.040,0.010,0.000,0.030,0.070,0.020,0.000,0.350,0.080,
 0.020,0.000,0.000,0.010]
Training Group Acc: [0.836,0.000,0.000]
Epoch [35] Training Results: Prec@1 83.940 Prec@5 96.560 Loss 0.55731
Epoch [35] Training Class Recall: [0.801,0.685,0.517,0.432,0.404,0.590,0.586,0.617,0.652,0.706,0.565,0.473,
 0.674,0.692,0.559,0.603,0.590,0.786,0.614,0.662,0.638,0.802,0.608,0.815,
 0.659,0.676,0.641,0.721,0.807,0.768,0.858,0.741,0.756,0.835,0.748,0.747,
 0.855,0.803,0.768,0.819,0.789,0.880,0.826,0.871,0.786,0.839,0.850,0.897,
 0.892,0.903,0.866,0.935,0.930,0.944,0.913,0.862,0.907,0.915,0.926,0.928,
 0.959,0.945,0.940,0.935,0.926,0.914,0.939,0.937,0.978,0.963,0.947,0.947,
 0.963,0.941,0.976,0.970,0.974,0.967,0.972,0.966,0.974,0.951,0.987,0.952,
 0.971,0.988,0.980,0.977,0.975,0.989,0.992,0.985,0.986,0.994,0.990,0.986,
 0.990,0.992,0.980,0.988]
Testing Group Acc: [0.241,0.000,0.000]
Epoch [35] Testing Results: Prec@1 24.100 Prec@5 47.530 Loss 5.75745
Epoch [35] Testing Class Recall: [0.640,0.520,0.600,0.590,0.260,0.280,0.530,0.280,0.420,0.330,0.300,0.200,
 0.530,0.470,0.100,0.390,0.390,0.640,0.260,0.250,0.770,0.720,0.100,0.870,
 0.680,0.190,0.300,0.410,0.440,0.200,0.700,0.320,0.460,0.460,0.130,0.170,
 0.180,0.230,0.320,0.370,0.150,0.530,0.090,0.150,0.040,0.070,0.120,0.250,
 0.260,0.410,0.000,0.260,0.610,0.560,0.130,0.030,0.380,0.190,0.160,0.130,
 0.520,0.210,0.320,0.060,0.000,0.010,0.080,0.060,0.130,0.260,0.140,0.270,
 0.040,0.020,0.040,0.270,0.220,0.000,0.000,0.010,0.000,0.070,0.240,0.120,
 0.000,0.070,0.000,0.020,0.000,0.000,0.050,0.020,0.030,0.000,0.140,0.090,
 0.060,0.000,0.000,0.010]
Training Group Acc: [0.837,0.000,0.000]
Epoch [36] Training Results: Prec@1 84.056 Prec@5 96.696 Loss 0.55794
Epoch [36] Training Class Recall: [0.811,0.663,0.569,0.436,0.436,0.645,0.626,0.608,0.644,0.664,0.560,0.447,
 0.653,0.680,0.623,0.596,0.604,0.790,0.679,0.631,0.681,0.800,0.592,0.817,
 0.650,0.672,0.639,0.743,0.819,0.753,0.819,0.745,0.739,0.823,0.758,0.750,
 0.842,0.787,0.780,0.826,0.798,0.877,0.845,0.859,0.795,0.850,0.835,0.897,
 0.864,0.905,0.845,0.910,0.942,0.933,0.902,0.878,0.918,0.936,0.937,0.951,
 0.943,0.945,0.940,0.942,0.921,0.923,0.952,0.956,0.978,0.972,0.919,0.965,
 0.967,0.888,0.964,0.972,0.984,0.954,0.968,0.976,0.972,0.970,0.977,0.949,
 0.969,0.978,0.980,0.979,0.988,0.982,0.990,0.983,0.970,0.990,0.990,0.984,
 0.996,0.984,0.987,0.979]
Testing Group Acc: [0.231,0.000,0.000]
Epoch [36] Testing Results: Prec@1 23.120 Prec@5 45.580 Loss 6.01967
Epoch [36] Testing Class Recall: [0.580,0.740,0.650,0.800,0.320,0.400,0.490,0.590,0.510,0.580,0.400,0.260,
 0.350,0.300,0.250,0.290,0.410,0.770,0.380,0.200,0.570,0.160,0.270,0.640,
 0.290,0.200,0.130,0.510,0.390,0.210,0.430,0.210,0.350,0.610,0.110,0.030,
 0.110,0.150,0.120,0.450,0.140,0.660,0.180,0.160,0.040,0.070,0.200,0.210,
 0.280,0.270,0.050,0.180,0.680,0.270,0.230,0.040,0.510,0.230,0.150,0.190,
 0.680,0.320,0.200,0.030,0.020,0.010,0.010,0.170,0.180,0.180,0.010,0.220,
 0.000,0.070,0.030,0.050,0.420,0.000,0.010,0.020,0.000,0.070,0.030,0.030,
 0.020,0.070,0.000,0.050,0.010,0.010,0.030,0.000,0.010,0.020,0.130,0.010,
 0.050,0.000,0.000,0.000]
Training Group Acc: [0.838,0.000,0.000]
Epoch [37] Training Results: Prec@1 84.169 Prec@5 96.807 Loss 0.54566
Epoch [37] Training Class Recall: [0.804,0.657,0.544,0.468,0.467,0.616,0.604,0.576,0.676,0.727,0.556,0.441,
 0.684,0.687,0.584,0.568,0.597,0.772,0.661,0.614,0.681,0.802,0.643,0.803,
 0.617,0.665,0.632,0.727,0.817,0.774,0.845,0.731,0.730,0.827,0.764,0.750,
 0.844,0.787,0.778,0.833,0.800,0.912,0.839,0.835,0.815,0.830,0.847,0.909,
 0.889,0.922,0.864,0.927,0.938,0.937,0.927,0.892,0.915,0.927,0.915,0.926,
 0.968,0.943,0.953,0.954,0.928,0.933,0.937,0.945,0.970,0.976,0.938,0.967,
 0.947,0.914,0.964,0.975,0.984,0.963,0.964,0.978,0.976,0.946,0.979,0.954,
 0.983,0.980,0.969,0.992,0.981,0.982,0.984,0.983,0.973,0.988,0.990,0.990,
 0.996,0.995,0.977,0.988]
Testing Group Acc: [0.219,0.000,0.000]
Epoch [37] Testing Results: Prec@1 21.940 Prec@5 44.620 Loss 6.04400
Epoch [37] Testing Class Recall: [0.600,0.600,0.410,0.050,0.240,0.400,0.320,0.780,0.330,0.500,0.630,0.290,
 0.590,0.370,0.490,0.440,0.510,0.510,0.440,0.390,0.660,0.540,0.190,0.450,
 0.390,0.170,0.230,0.050,0.280,0.240,0.560,0.130,0.210,0.390,0.060,0.130,
 0.270,0.150,0.050,0.540,0.270,0.610,0.180,0.130,0.060,0.130,0.050,0.560,
 0.330,0.220,0.010,0.120,0.340,0.310,0.300,0.080,0.220,0.200,0.040,0.290,
 0.400,0.200,0.220,0.050,0.000,0.060,0.040,0.080,0.240,0.190,0.110,0.080,
 0.000,0.020,0.120,0.150,0.310,0.010,0.010,0.000,0.020,0.010,0.120,0.040,
 0.050,0.050,0.000,0.000,0.000,0.010,0.010,0.000,0.000,0.000,0.220,0.040,
 0.020,0.000,0.000,0.030]
Training Group Acc: [0.838,0.000,0.000]
Epoch [38] Training Results: Prec@1 84.131 Prec@5 96.756 Loss 0.55253
Epoch [38] Training Class Recall: [0.811,0.680,0.515,0.430,0.408,0.636,0.590,0.593,0.708,0.674,0.549,0.441,
 0.684,0.725,0.617,0.609,0.627,0.772,0.654,0.624,0.660,0.790,0.610,0.834,
 0.678,0.678,0.647,0.715,0.827,0.784,0.819,0.745,0.749,0.839,0.724,0.736,
 0.832,0.799,0.790,0.814,0.798,0.869,0.863,0.847,0.772,0.830,0.850,0.885,
 0.918,0.905,0.860,0.910,0.920,0.946,0.941,0.872,0.924,0.924,0.933,0.928,
 0.957,0.952,0.949,0.950,0.912,0.914,0.947,0.952,0.974,0.963,0.935,0.956,
 0.961,0.929,0.970,0.983,0.978,0.971,0.957,0.966,0.976,0.970,0.982,0.964,
 0.977,0.980,0.971,0.994,0.973,0.982,0.988,0.987,0.981,0.981,0.992,0.984,
 0.990,0.995,0.990,0.984]
Testing Group Acc: [0.243,0.000,0.000]
Epoch [38] Testing Results: Prec@1 24.270 Prec@5 47.050 Loss 5.58514
Epoch [38] Testing Class Recall: [0.550,0.420,0.190,0.370,0.120,0.500,0.510,0.480,0.460,0.560,0.410,0.260,
 0.630,0.460,0.310,0.310,0.170,0.580,0.450,0.360,0.840,0.490,0.300,0.590,
 0.680,0.230,0.230,0.070,0.420,0.430,0.690,0.320,0.090,0.530,0.570,0.360,
 0.130,0.290,0.070,0.240,0.260,0.260,0.320,0.280,0.050,0.030,0.070,0.360,
 0.080,0.130,0.050,0.330,0.470,0.600,0.520,0.090,0.160,0.340,0.140,0.070,
 0.510,0.210,0.190,0.090,0.080,0.010,0.060,0.090,0.110,0.350,0.100,0.420,
 0.040,0.120,0.000,0.260,0.280,0.010,0.010,0.000,0.010,0.000,0.220,0.020,
 0.010,0.030,0.000,0.020,0.040,0.000,0.140,0.020,0.010,0.000,0.350,0.060,
 0.090,0.030,0.000,0.000]
Training Group Acc: [0.842,0.000,0.000]
Epoch [39] Training Results: Prec@1 84.540 Prec@5 96.896 Loss 0.53883
Epoch [39] Training Class Recall: [0.807,0.671,0.542,0.458,0.436,0.661,0.624,0.595,0.697,0.706,0.567,0.489,
 0.705,0.699,0.575,0.581,0.617,0.780,0.622,0.665,0.686,0.829,0.615,0.824,
 0.636,0.676,0.637,0.747,0.817,0.766,0.860,0.731,0.747,0.852,0.758,0.772,
 0.818,0.787,0.801,0.819,0.803,0.877,0.834,0.851,0.819,0.834,0.857,0.932,
 0.901,0.924,0.872,0.922,0.953,0.937,0.904,0.896,0.918,0.931,0.933,0.953,
 0.955,0.943,0.951,0.958,0.915,0.933,0.956,0.937,0.976,0.965,0.935,0.958,
 0.956,0.914,0.966,0.975,0.984,0.965,0.955,0.974,0.980,0.960,0.977,0.964,
 0.969,0.978,0.976,0.992,0.985,0.984,0.984,0.989,0.970,0.990,0.988,0.990,
 0.986,0.982,0.984,0.982]
Testing Group Acc: [0.248,0.000,0.000]
Epoch [39] Testing Results: Prec@1 24.800 Prec@5 47.800 Loss 5.28669
Epoch [39] Testing Class Recall: [0.660,0.390,0.500,0.480,0.300,0.450,0.290,0.630,0.490,0.420,0.460,0.200,
 0.510,0.560,0.120,0.620,0.720,0.710,0.400,0.370,0.700,0.560,0.180,0.640,
 0.710,0.260,0.120,0.030,0.190,0.290,0.450,0.160,0.170,0.520,0.220,0.140,
 0.310,0.110,0.010,0.260,0.100,0.600,0.230,0.260,0.050,0.050,0.120,0.260,
 0.260,0.270,0.140,0.280,0.660,0.350,0.400,0.030,0.290,0.130,0.280,0.190,
 0.740,0.270,0.300,0.080,0.110,0.030,0.110,0.140,0.230,0.320,0.310,0.190,
 0.010,0.080,0.030,0.280,0.430,0.050,0.040,0.000,0.000,0.000,0.160,0.040,
 0.000,0.120,0.000,0.060,0.010,0.010,0.040,0.000,0.000,0.000,0.190,0.030,
 0.100,0.000,0.000,0.030]
Training Group Acc: [0.840,0.000,0.000]
Epoch [40] Training Results: Prec@1 84.416 Prec@5 96.956 Loss 0.54017
Epoch [40] Training Class Recall: [0.791,0.669,0.560,0.477,0.471,0.652,0.588,0.621,0.665,0.690,0.558,0.441,
 0.688,0.690,0.621,0.603,0.631,0.748,0.652,0.624,0.670,0.821,0.630,0.817,
 0.575,0.687,0.665,0.704,0.798,0.778,0.876,0.754,0.773,0.837,0.750,0.747,
 0.867,0.770,0.753,0.800,0.794,0.875,0.841,0.869,0.795,0.824,0.869,0.909,
 0.906,0.909,0.880,0.914,0.953,0.935,0.929,0.876,0.934,0.938,0.935,0.933,
 0.955,0.941,0.951,0.948,0.923,0.912,0.931,0.952,0.972,0.972,0.910,0.974,
 0.963,0.933,0.978,0.987,0.974,0.969,0.960,0.982,0.988,0.960,0.984,0.962,
 0.967,0.980,0.976,0.975,0.967,0.982,0.986,0.985,0.981,0.990,0.994,0.990,
 0.992,0.992,0.977,0.995]
Testing Group Acc: [0.232,0.000,0.000]
Epoch [40] Testing Results: Prec@1 23.180 Prec@5 45.550 Loss 5.80650
Epoch [40] Testing Class Recall: [0.620,0.400,0.370,0.740,0.270,0.280,0.710,0.470,0.500,0.500,0.320,0.480,
 0.540,0.570,0.190,0.400,0.670,0.510,0.350,0.060,0.580,0.300,0.330,0.760,
 0.340,0.190,0.050,0.240,0.510,0.490,0.360,0.430,0.140,0.360,0.040,0.180,
 0.360,0.160,0.020,0.380,0.240,0.280,0.180,0.070,0.040,0.020,0.160,0.230,
 0.220,0.460,0.160,0.310,0.390,0.650,0.300,0.010,0.490,0.200,0.100,0.140,
 0.440,0.240,0.270,0.090,0.010,0.000,0.030,0.040,0.210,0.420,0.030,0.190,
 0.080,0.370,0.010,0.050,0.240,0.010,0.030,0.000,0.000,0.000,0.090,0.030,
 0.000,0.050,0.010,0.110,0.030,0.000,0.000,0.020,0.020,0.020,0.060,0.070,
 0.080,0.000,0.010,0.000]
Training Group Acc: [0.842,0.000,0.000]
Epoch [41] Training Results: Prec@1 84.551 Prec@5 96.856 Loss 0.53668
Epoch [41] Training Class Recall: [0.787,0.685,0.553,0.468,0.457,0.625,0.619,0.587,0.674,0.703,0.538,0.468,
 0.684,0.687,0.656,0.587,0.636,0.790,0.673,0.660,0.660,0.804,0.628,0.807,
 0.650,0.639,0.615,0.737,0.823,0.780,0.866,0.762,0.766,0.819,0.750,0.791,
 0.861,0.793,0.793,0.830,0.821,0.866,0.839,0.845,0.819,0.806,0.869,0.916,
 0.901,0.926,0.868,0.924,0.959,0.924,0.922,0.880,0.924,0.929,0.915,0.945,
 0.955,0.945,0.953,0.952,0.932,0.912,0.935,0.952,0.976,0.980,0.924,0.958,
 0.972,0.929,0.974,0.979,0.978,0.961,0.968,0.956,0.972,0.965,0.977,0.964,
 0.971,0.986,0.974,0.979,0.979,0.986,0.980,0.987,0.976,0.985,0.984,0.986,
 0.996,0.989,0.997,0.986]
Testing Group Acc: [0.248,0.000,0.000]
Epoch [41] Testing Results: Prec@1 24.810 Prec@5 48.140 Loss 5.68105
Epoch [41] Testing Class Recall: [0.480,0.420,0.410,0.040,0.150,0.320,0.740,0.400,0.570,0.580,0.230,0.300,
 0.580,0.390,0.350,0.180,0.350,0.490,0.470,0.590,0.800,0.740,0.360,0.620,
 0.680,0.230,0.250,0.150,0.360,0.200,0.550,0.330,0.290,0.470,0.550,0.240,
 0.260,0.440,0.270,0.210,0.220,0.420,0.250,0.490,0.030,0.170,0.030,0.390,
 0.300,0.160,0.040,0.100,0.570,0.570,0.190,0.030,0.210,0.340,0.130,0.210,
 0.520,0.130,0.210,0.070,0.030,0.030,0.050,0.030,0.250,0.170,0.390,0.560,
 0.000,0.070,0.070,0.030,0.150,0.000,0.000,0.030,0.000,0.000,0.420,0.020,
 0.020,0.030,0.000,0.020,0.040,0.000,0.100,0.000,0.020,0.000,0.110,0.260,
 0.080,0.010,0.000,0.000]
Training Group Acc: [0.846,0.000,0.000]
Epoch [42] Training Results: Prec@1 84.931 Prec@5 96.916 Loss 0.52688
Epoch [42] Training Class Recall: [0.811,0.697,0.555,0.470,0.447,0.654,0.617,0.623,0.685,0.693,0.571,0.465,
 0.690,0.713,0.619,0.600,0.636,0.794,0.636,0.650,0.702,0.823,0.635,0.807,
 0.654,0.726,0.695,0.733,0.825,0.774,0.854,0.772,0.764,0.829,0.791,0.783,
 0.863,0.805,0.795,0.835,0.814,0.880,0.857,0.847,0.815,0.843,0.862,0.916,
 0.869,0.936,0.862,0.914,0.951,0.935,0.927,0.898,0.934,0.931,0.928,0.935,
 0.961,0.932,0.944,0.942,0.919,0.912,0.931,0.941,0.986,0.969,0.938,0.949,
 0.941,0.911,0.970,0.975,0.965,0.973,0.972,0.982,0.986,0.965,0.982,0.959,
 0.979,0.982,0.980,0.985,0.971,0.977,0.984,0.985,0.978,0.988,0.988,0.998,
 0.994,0.984,0.990,0.991]
Testing Group Acc: [0.240,0.000,0.000]
Epoch [42] Testing Results: Prec@1 24.030 Prec@5 46.980 Loss 5.36661
Epoch [42] Testing Class Recall: [0.690,0.780,0.310,0.460,0.130,0.280,0.360,0.360,0.450,0.510,0.210,0.370,
 0.670,0.320,0.320,0.350,0.310,0.670,0.400,0.350,0.890,0.440,0.260,0.280,
 0.790,0.190,0.230,0.240,0.330,0.470,0.550,0.180,0.150,0.400,0.180,0.200,
 0.380,0.470,0.010,0.400,0.210,0.100,0.130,0.230,0.050,0.040,0.140,0.350,
 0.140,0.360,0.040,0.240,0.690,0.440,0.290,0.020,0.370,0.220,0.280,0.290,
 0.610,0.100,0.400,0.100,0.030,0.010,0.040,0.140,0.410,0.220,0.090,0.260,
 0.000,0.020,0.250,0.090,0.250,0.010,0.000,0.030,0.000,0.050,0.370,0.010,
 0.010,0.030,0.000,0.090,0.040,0.000,0.030,0.030,0.000,0.000,0.210,0.030,
 0.030,0.000,0.010,0.060]
Training Group Acc: [0.844,0.000,0.000]
Epoch [43] Training Results: Prec@1 84.753 Prec@5 96.947 Loss 0.52623
Epoch [43] Training Class Recall: [0.811,0.680,0.557,0.443,0.455,0.672,0.646,0.627,0.691,0.695,0.540,0.489,
 0.684,0.713,0.586,0.629,0.617,0.798,0.654,0.671,0.681,0.827,0.635,0.817,
 0.626,0.687,0.662,0.751,0.835,0.799,0.860,0.752,0.792,0.827,0.748,0.788,
 0.826,0.797,0.795,0.809,0.800,0.877,0.832,0.831,0.786,0.821,0.884,0.895,
 0.918,0.920,0.847,0.916,0.951,0.933,0.927,0.888,0.930,0.934,0.944,0.949,
 0.963,0.936,0.953,0.960,0.917,0.905,0.937,0.960,0.967,0.974,0.940,0.958,
 0.965,0.929,0.960,0.975,0.980,0.969,0.957,0.976,0.972,0.967,0.979,0.967,
 0.971,0.970,0.958,0.977,0.977,0.989,0.986,0.983,0.973,0.988,0.992,0.994,
 0.992,0.995,0.984,0.982]
Testing Group Acc: [0.239,0.000,0.000]
Epoch [43] Testing Results: Prec@1 23.880 Prec@5 46.460 Loss 5.83805
Epoch [43] Testing Class Recall: [0.710,0.630,0.310,0.460,0.600,0.520,0.780,0.420,0.390,0.450,0.070,0.310,
 0.520,0.490,0.140,0.320,0.580,0.630,0.290,0.330,0.400,0.270,0.130,0.570,
 0.390,0.290,0.280,0.430,0.360,0.120,0.670,0.190,0.190,0.260,0.270,0.050,
 0.210,0.210,0.150,0.610,0.270,0.260,0.410,0.120,0.160,0.210,0.030,0.490,
 0.350,0.270,0.070,0.090,0.620,0.380,0.170,0.120,0.310,0.180,0.130,0.160,
 0.570,0.220,0.290,0.250,0.010,0.030,0.100,0.030,0.130,0.100,0.240,0.180,
 0.040,0.120,0.100,0.180,0.250,0.000,0.020,0.000,0.060,0.010,0.280,0.120,
 0.040,0.060,0.000,0.060,0.100,0.000,0.010,0.000,0.040,0.000,0.320,0.050,
 0.030,0.020,0.000,0.020]
Training Group Acc: [0.843,0.000,0.000]
Epoch [44] Training Results: Prec@1 84.613 Prec@5 96.924 Loss 0.52954
Epoch [44] Training Class Recall: [0.814,0.671,0.564,0.460,0.475,0.627,0.583,0.608,0.693,0.701,0.576,0.473,
 0.713,0.694,0.617,0.616,0.595,0.784,0.659,0.648,0.697,0.827,0.623,0.807,
 0.650,0.659,0.622,0.755,0.821,0.761,0.843,0.733,0.754,0.833,0.748,0.753,
 0.848,0.816,0.807,0.856,0.816,0.889,0.826,0.855,0.776,0.841,0.840,0.920,
 0.918,0.911,0.891,0.916,0.938,0.939,0.922,0.886,0.949,0.945,0.935,0.918,
 0.961,0.943,0.947,0.948,0.904,0.914,0.952,0.939,0.970,0.961,0.933,0.958,
 0.956,0.900,0.974,0.987,0.982,0.959,0.976,0.982,0.978,0.965,0.977,0.962,
 0.971,0.986,0.969,0.979,0.965,0.993,0.988,0.983,0.986,0.990,0.994,0.992,
 0.992,0.982,0.990,0.988]
Testing Group Acc: [0.224,0.000,0.000]
Epoch [44] Testing Results: Prec@1 22.410 Prec@5 45.030 Loss 5.93397
Epoch [44] Testing Class Recall: [0.760,0.600,0.410,0.110,0.220,0.390,0.590,0.620,0.690,0.200,0.230,0.380,
 0.270,0.460,0.210,0.280,0.480,0.430,0.550,0.220,0.580,0.480,0.380,0.550,
 0.380,0.230,0.450,0.180,0.380,0.260,0.230,0.190,0.450,0.420,0.310,0.140,
 0.250,0.140,0.050,0.380,0.190,0.290,0.300,0.250,0.100,0.070,0.130,0.250,
 0.380,0.160,0.080,0.320,0.230,0.520,0.090,0.000,0.130,0.320,0.110,0.190,
 0.450,0.290,0.250,0.090,0.010,0.000,0.220,0.090,0.140,0.080,0.200,0.380,
 0.010,0.340,0.010,0.110,0.260,0.000,0.000,0.030,0.030,0.000,0.070,0.010,
 0.030,0.090,0.010,0.070,0.050,0.000,0.020,0.010,0.040,0.050,0.200,0.020,
 0.060,0.000,0.000,0.050]
Training Group Acc: [0.847,0.000,0.000]
Epoch [45] Training Results: Prec@1 84.949 Prec@5 97.067 Loss 0.51657
Epoch [45] Training Class Recall: [0.834,0.685,0.551,0.464,0.455,0.630,0.622,0.619,0.672,0.729,0.558,0.497,
 0.682,0.680,0.652,0.626,0.651,0.792,0.687,0.635,0.697,0.815,0.625,0.799,
 0.645,0.646,0.675,0.749,0.825,0.807,0.843,0.782,0.777,0.813,0.791,0.791,
 0.855,0.780,0.790,0.853,0.796,0.915,0.822,0.865,0.789,0.810,0.869,0.907,
 0.869,0.928,0.885,0.933,0.936,0.924,0.920,0.890,0.930,0.953,0.930,0.935,
 0.961,0.954,0.949,0.956,0.937,0.938,0.947,0.950,0.961,0.954,0.949,0.947,
 0.950,0.944,0.970,0.972,0.976,0.961,0.960,0.974,0.982,0.972,0.982,0.985,
 0.977,0.980,0.985,0.985,0.973,0.975,0.980,0.985,0.986,0.990,0.990,0.992,
 0.994,0.984,0.990,0.984]
Testing Group Acc: [0.255,0.000,0.000]
Epoch [45] Testing Results: Prec@1 25.550 Prec@5 48.440 Loss 5.57291
Epoch [45] Testing Class Recall: [0.730,0.520,0.340,0.180,0.520,0.190,0.470,0.520,0.500,0.530,0.200,0.310,
 0.340,0.600,0.160,0.280,0.560,0.600,0.360,0.420,0.830,0.560,0.380,0.630,
 0.600,0.350,0.160,0.340,0.510,0.300,0.790,0.260,0.350,0.260,0.370,0.150,
 0.190,0.480,0.180,0.470,0.320,0.320,0.160,0.110,0.110,0.200,0.090,0.570,
 0.430,0.620,0.020,0.230,0.420,0.430,0.240,0.000,0.180,0.350,0.120,0.170,
 0.410,0.240,0.240,0.030,0.040,0.030,0.030,0.120,0.390,0.340,0.290,0.420,
 0.060,0.070,0.060,0.070,0.250,0.000,0.000,0.020,0.000,0.000,0.450,0.020,
 0.000,0.100,0.000,0.070,0.010,0.000,0.020,0.010,0.000,0.000,0.040,0.040,
 0.080,0.000,0.000,0.020]
Training Group Acc: [0.849,0.000,0.000]
Epoch [46] Training Results: Prec@1 85.249 Prec@5 97.133 Loss 0.51540
Epoch [46] Training Class Recall: [0.811,0.649,0.564,0.481,0.482,0.659,0.626,0.621,0.715,0.724,0.612,0.487,
 0.676,0.735,0.650,0.611,0.663,0.786,0.665,0.665,0.649,0.802,0.656,0.811,
 0.682,0.700,0.654,0.727,0.823,0.790,0.858,0.776,0.783,0.835,0.809,0.802,
 0.852,0.826,0.799,0.847,0.780,0.886,0.849,0.861,0.805,0.850,0.826,0.903,
 0.889,0.920,0.866,0.924,0.955,0.944,0.922,0.890,0.939,0.924,0.933,0.930,
 0.970,0.934,0.962,0.954,0.930,0.923,0.952,0.954,0.976,0.963,0.938,0.960,
 0.956,0.929,0.974,0.975,0.982,0.961,0.976,0.972,0.982,0.967,0.974,0.954,
 0.985,0.980,0.974,0.989,0.967,0.984,0.990,0.994,0.992,0.988,0.988,0.980,
 0.990,0.979,0.964,0.993]
Testing Group Acc: [0.249,0.000,0.000]
Epoch [46] Testing Results: Prec@1 24.910 Prec@5 49.760 Loss 5.21289
Epoch [46] Testing Class Recall: [0.370,0.500,0.440,0.230,0.290,0.430,0.580,0.560,0.420,0.640,0.130,0.400,
 0.520,0.290,0.330,0.360,0.210,0.740,0.200,0.230,0.380,0.580,0.530,0.260,
 0.580,0.340,0.420,0.040,0.460,0.280,0.430,0.260,0.430,0.420,0.160,0.070,
 0.160,0.160,0.120,0.470,0.270,0.180,0.260,0.270,0.080,0.310,0.090,0.350,
 0.160,0.520,0.030,0.160,0.410,0.590,0.370,0.160,0.400,0.310,0.420,0.290,
 0.570,0.160,0.210,0.090,0.000,0.020,0.190,0.050,0.450,0.170,0.280,0.410,
 0.040,0.120,0.070,0.270,0.220,0.000,0.000,0.060,0.010,0.050,0.140,0.100,
 0.050,0.130,0.030,0.080,0.110,0.000,0.010,0.020,0.000,0.000,0.330,0.240,
 0.140,0.000,0.000,0.040]
Training Group Acc: [0.848,0.000,0.000]
Epoch [47] Training Results: Prec@1 85.116 Prec@5 97.093 Loss 0.51874
Epoch [47] Training Class Recall: [0.791,0.688,0.546,0.466,0.463,0.634,0.637,0.625,0.710,0.711,0.574,0.484,
 0.709,0.694,0.652,0.613,0.663,0.829,0.683,0.673,0.718,0.794,0.653,0.809,
 0.659,0.676,0.667,0.727,0.842,0.778,0.831,0.762,0.794,0.833,0.819,0.772,
 0.838,0.818,0.786,0.837,0.803,0.860,0.843,0.851,0.807,0.856,0.864,0.903,
 0.895,0.926,0.852,0.935,0.951,0.937,0.918,0.896,0.924,0.943,0.922,0.945,
 0.957,0.938,0.938,0.952,0.906,0.933,0.954,0.939,0.976,0.972,0.947,0.960,
 0.956,0.922,0.974,0.975,0.980,0.967,0.960,0.956,0.980,0.981,0.982,0.954,
 0.971,0.978,0.978,0.987,0.969,0.986,0.994,0.989,0.984,0.983,0.988,0.988,
 0.992,0.995,0.984,0.991]
Testing Group Acc: [0.216,0.000,0.000]
Epoch [47] Testing Results: Prec@1 21.620 Prec@5 45.150 Loss 6.34337
Epoch [47] Testing Class Recall: [0.490,0.300,0.100,0.100,0.050,0.490,0.440,0.560,0.620,0.270,0.070,0.330,
 0.830,0.540,0.130,0.350,0.180,0.710,0.230,0.340,0.780,0.260,0.290,0.120,
 0.360,0.170,0.250,0.500,0.580,0.470,0.680,0.100,0.300,0.310,0.230,0.340,
 0.260,0.060,0.210,0.370,0.220,0.110,0.320,0.040,0.190,0.060,0.020,0.230,
 0.180,0.360,0.120,0.320,0.470,0.300,0.280,0.080,0.310,0.140,0.180,0.390,
 0.510,0.040,0.310,0.050,0.020,0.030,0.060,0.010,0.310,0.250,0.210,0.640,
 0.010,0.010,0.050,0.160,0.030,0.010,0.000,0.040,0.010,0.020,0.130,0.050,
 0.000,0.100,0.000,0.070,0.010,0.000,0.050,0.080,0.010,0.000,0.050,0.130,
 0.070,0.000,0.000,0.000]
Training Group Acc: [0.850,0.000,0.000]
Epoch [48] Training Results: Prec@1 85.264 Prec@5 97.109 Loss 0.51089
Epoch [48] Training Class Recall: [0.817,0.666,0.566,0.492,0.477,0.674,0.644,0.612,0.710,0.677,0.580,0.551,
 0.702,0.713,0.586,0.611,0.644,0.768,0.669,0.684,0.723,0.821,0.635,0.817,
 0.682,0.689,0.630,0.713,0.837,0.782,0.858,0.774,0.786,0.841,0.778,0.810,
 0.838,0.782,0.809,0.856,0.800,0.886,0.843,0.873,0.778,0.845,0.879,0.903,
 0.895,0.936,0.878,0.935,0.947,0.939,0.943,0.892,0.924,0.934,0.939,0.935,
 0.949,0.956,0.956,0.940,0.937,0.923,0.939,0.952,0.970,0.983,0.945,0.960,
 0.969,0.911,0.974,0.968,0.982,0.965,0.970,0.982,0.978,0.956,0.990,0.970,
 0.983,0.972,0.978,0.970,0.988,0.977,0.986,0.989,0.976,0.992,0.996,0.992,
 0.990,0.992,0.987,0.988]
Testing Group Acc: [0.238,0.000,0.000]
Epoch [48] Testing Results: Prec@1 23.790 Prec@5 47.090 Loss 5.71065
Epoch [48] Testing Class Recall: [0.870,0.460,0.420,0.320,0.430,0.380,0.440,0.520,0.360,0.520,0.340,0.340,
 0.680,0.540,0.310,0.410,0.370,0.620,0.390,0.550,0.720,0.650,0.480,0.580,
 0.660,0.350,0.210,0.160,0.340,0.230,0.590,0.140,0.370,0.300,0.090,0.190,
 0.220,0.360,0.250,0.260,0.200,0.350,0.020,0.070,0.050,0.150,0.130,0.410,
 0.340,0.050,0.040,0.050,0.710,0.540,0.160,0.010,0.200,0.090,0.180,0.290,
 0.510,0.130,0.200,0.030,0.020,0.000,0.100,0.040,0.220,0.290,0.050,0.130,
 0.000,0.170,0.060,0.130,0.150,0.000,0.000,0.000,0.010,0.000,0.330,0.020,
 0.020,0.040,0.000,0.040,0.020,0.000,0.070,0.030,0.000,0.000,0.370,0.140,
 0.010,0.000,0.000,0.000]
Training Group Acc: [0.852,0.000,0.000]
Epoch [49] Training Results: Prec@1 85.567 Prec@5 97.296 Loss 0.50011
Epoch [49] Training Class Recall: [0.814,0.688,0.539,0.472,0.496,0.683,0.615,0.631,0.691,0.703,0.603,0.505,
 0.702,0.716,0.639,0.672,0.646,0.780,0.695,0.681,0.697,0.815,0.668,0.848,
 0.650,0.711,0.697,0.743,0.844,0.786,0.872,0.721,0.779,0.862,0.809,0.777,
 0.863,0.803,0.807,0.823,0.830,0.897,0.847,0.867,0.825,0.832,0.862,0.897,
 0.909,0.905,0.887,0.908,0.938,0.913,0.927,0.907,0.943,0.922,0.935,0.935,
 0.966,0.947,0.951,0.946,0.923,0.938,0.945,0.956,0.980,0.967,0.924,0.965,
 0.963,0.937,0.974,0.977,0.976,0.971,0.988,0.968,0.984,0.981,0.982,0.972,
 0.973,0.978,0.971,0.985,0.977,0.986,0.994,0.985,0.978,0.992,0.994,0.986,
 0.994,0.979,0.974,0.979]
Testing Group Acc: [0.253,0.000,0.000]
Epoch [49] Testing Results: Prec@1 25.250 Prec@5 47.800 Loss 5.51185
Epoch [49] Testing Class Recall: [0.800,0.610,0.410,0.130,0.390,0.570,0.480,0.430,0.550,0.450,0.270,0.520,
 0.650,0.420,0.370,0.320,0.550,0.540,0.400,0.330,0.730,0.650,0.370,0.520,
 0.680,0.280,0.190,0.210,0.470,0.320,0.520,0.510,0.280,0.170,0.160,0.090,
 0.350,0.150,0.110,0.420,0.330,0.480,0.180,0.280,0.140,0.170,0.190,0.480,
 0.400,0.190,0.060,0.160,0.430,0.710,0.180,0.000,0.230,0.090,0.200,0.190,
 0.490,0.090,0.300,0.040,0.000,0.020,0.050,0.170,0.310,0.310,0.330,0.410,
 0.020,0.120,0.020,0.210,0.250,0.000,0.000,0.040,0.020,0.030,0.070,0.000,
 0.000,0.050,0.000,0.010,0.050,0.000,0.010,0.040,0.000,0.000,0.190,0.090,
 0.010,0.000,0.000,0.040]
Training Group Acc: [0.854,0.000,0.000]
Epoch [50] Training Results: Prec@1 85.669 Prec@5 97.282 Loss 0.50233
Epoch [50] Training Class Recall: [0.821,0.685,0.535,0.489,0.477,0.685,0.624,0.636,0.704,0.747,0.540,0.527,
 0.690,0.706,0.670,0.620,0.619,0.819,0.689,0.660,0.713,0.815,0.661,0.809,
 0.636,0.718,0.645,0.761,0.858,0.757,0.872,0.766,0.820,0.839,0.791,0.834,
 0.852,0.810,0.824,0.837,0.832,0.883,0.857,0.878,0.789,0.850,0.855,0.909,
 0.909,0.932,0.880,0.918,0.959,0.922,0.924,0.888,0.945,0.936,0.924,0.953,
 0.963,0.952,0.947,0.964,0.930,0.933,0.939,0.952,0.976,0.967,0.947,0.960,
 0.972,0.933,0.966,0.985,0.982,0.959,0.962,0.972,0.988,0.974,0.990,0.959,
 0.992,0.984,0.978,0.981,0.983,0.984,0.988,0.989,0.986,0.983,0.996,0.992,
 0.996,0.987,0.987,0.979]
Testing Group Acc: [0.240,0.000,0.000]
Epoch [50] Testing Results: Prec@1 24.040 Prec@5 46.420 Loss 6.03865
Epoch [50] Testing Class Recall: [0.890,0.520,0.530,0.350,0.520,0.230,0.640,0.610,0.720,0.510,0.170,0.130,
 0.340,0.480,0.340,0.280,0.530,0.700,0.440,0.090,0.690,0.670,0.360,0.350,
 0.670,0.290,0.130,0.220,0.390,0.440,0.540,0.440,0.150,0.400,0.170,0.080,
 0.260,0.260,0.050,0.260,0.150,0.130,0.210,0.260,0.020,0.110,0.120,0.440,
 0.140,0.170,0.060,0.140,0.440,0.220,0.170,0.050,0.490,0.180,0.180,0.210,
 0.450,0.230,0.270,0.080,0.020,0.010,0.160,0.100,0.230,0.280,0.180,0.290,
 0.050,0.090,0.040,0.180,0.370,0.040,0.000,0.010,0.040,0.000,0.440,0.010,
 0.010,0.170,0.000,0.130,0.020,0.010,0.030,0.000,0.000,0.000,0.190,0.070,
 0.090,0.000,0.000,0.020]
Training Group Acc: [0.855,0.000,0.000]
Epoch [51] Training Results: Prec@1 85.760 Prec@5 97.267 Loss 0.49598
Epoch [51] Training Class Recall: [0.844,0.705,0.584,0.498,0.477,0.665,0.658,0.657,0.706,0.729,0.583,0.532,
 0.678,0.690,0.659,0.639,0.614,0.808,0.663,0.665,0.713,0.796,0.671,0.840,
 0.668,0.702,0.669,0.743,0.840,0.786,0.854,0.782,0.775,0.860,0.789,0.783,
 0.842,0.820,0.793,0.856,0.836,0.903,0.847,0.869,0.813,0.874,0.857,0.920,
 0.889,0.922,0.876,0.906,0.963,0.946,0.934,0.919,0.930,0.934,0.926,0.935,
 0.957,0.943,0.962,0.950,0.939,0.918,0.952,0.964,0.970,0.969,0.933,0.974,
 0.978,0.933,0.962,0.987,0.976,0.967,0.960,0.978,0.982,0.967,0.974,0.962,
 0.977,0.984,0.980,0.985,0.979,0.991,0.980,0.989,0.981,0.996,0.988,0.986,
 1.000,0.992,0.990,0.991]
Testing Group Acc: [0.261,0.000,0.000]
Epoch [51] Testing Results: Prec@1 26.060 Prec@5 49.170 Loss 5.35211
Epoch [51] Testing Class Recall: [0.670,0.370,0.200,0.410,0.430,0.440,0.480,0.520,0.650,0.580,0.340,0.290,
 0.550,0.610,0.220,0.280,0.500,0.610,0.430,0.430,0.680,0.680,0.440,0.480,
 0.550,0.410,0.360,0.220,0.750,0.260,0.400,0.140,0.190,0.350,0.340,0.090,
 0.480,0.220,0.400,0.330,0.120,0.440,0.270,0.240,0.250,0.010,0.050,0.490,
 0.480,0.250,0.030,0.070,0.380,0.400,0.400,0.010,0.290,0.220,0.210,0.430,
 0.540,0.170,0.330,0.140,0.040,0.010,0.100,0.160,0.310,0.140,0.340,0.400,
 0.010,0.080,0.100,0.250,0.220,0.020,0.010,0.000,0.020,0.010,0.250,0.050,
 0.000,0.070,0.010,0.050,0.000,0.000,0.030,0.020,0.000,0.000,0.260,0.020,
 0.040,0.030,0.000,0.010]
Training Group Acc: [0.852,0.000,0.000]
Epoch [52] Training Results: Prec@1 85.444 Prec@5 97.344 Loss 0.49971
Epoch [52] Training Class Recall: [0.827,0.691,0.562,0.506,0.488,0.650,0.631,0.627,0.691,0.695,0.589,0.545,
 0.702,0.749,0.595,0.611,0.663,0.788,0.687,0.658,0.723,0.835,0.646,0.830,
 0.692,0.713,0.680,0.709,0.815,0.761,0.839,0.784,0.779,0.827,0.789,0.785,
 0.838,0.797,0.799,0.847,0.821,0.895,0.863,0.861,0.795,0.861,0.860,0.914,
 0.906,0.920,0.887,0.927,0.944,0.948,0.927,0.888,0.930,0.919,0.930,0.941,
 0.955,0.956,0.940,0.960,0.915,0.923,0.954,0.948,0.978,0.963,0.938,0.976,
 0.969,0.911,0.984,0.983,0.980,0.975,0.964,0.982,0.984,0.956,0.982,0.957,
 0.971,0.978,0.969,0.985,0.988,0.986,0.994,0.985,0.984,0.975,0.996,0.996,
 0.994,0.992,0.977,0.991]
Testing Group Acc: [0.251,0.000,0.000]
Epoch [52] Testing Results: Prec@1 25.120 Prec@5 47.620 Loss 5.64603
Epoch [52] Testing Class Recall: [0.600,0.280,0.340,0.450,0.370,0.620,0.580,0.370,0.670,0.490,0.370,0.450,
 0.500,0.420,0.330,0.300,0.560,0.710,0.590,0.180,0.680,0.440,0.300,0.580,
 0.650,0.270,0.650,0.090,0.490,0.430,0.520,0.110,0.360,0.300,0.290,0.040,
 0.370,0.140,0.180,0.360,0.290,0.470,0.280,0.210,0.050,0.020,0.200,0.310,
 0.290,0.270,0.050,0.190,0.570,0.370,0.320,0.000,0.430,0.090,0.200,0.150,
 0.580,0.350,0.340,0.080,0.030,0.000,0.050,0.150,0.300,0.180,0.150,0.310,
 0.050,0.150,0.010,0.230,0.220,0.000,0.010,0.000,0.000,0.010,0.270,0.010,
 0.010,0.060,0.000,0.060,0.080,0.000,0.000,0.010,0.000,0.010,0.110,0.040,
 0.030,0.010,0.010,0.020]
Training Group Acc: [0.854,0.000,0.000]
Epoch [53] Training Results: Prec@1 85.651 Prec@5 97.291 Loss 0.49023
Epoch [53] Training Class Recall: [0.804,0.708,0.589,0.513,0.488,0.665,0.622,0.650,0.695,0.747,0.583,0.521,
 0.700,0.711,0.645,0.620,0.678,0.778,0.679,0.665,0.723,0.817,0.671,0.838,
 0.710,0.683,0.675,0.755,0.852,0.793,0.854,0.784,0.796,0.829,0.766,0.780,
 0.834,0.816,0.815,0.830,0.807,0.897,0.859,0.869,0.817,0.841,0.867,0.897,
 0.898,0.922,0.874,0.929,0.938,0.946,0.922,0.886,0.928,0.950,0.946,0.937,
 0.963,0.927,0.944,0.940,0.943,0.953,0.947,0.964,0.976,0.978,0.940,0.960,
 0.967,0.903,0.976,0.977,0.982,0.965,0.968,0.976,0.970,0.972,0.984,0.962,
 0.977,0.978,0.974,0.983,0.979,0.977,0.980,0.983,0.986,0.977,0.988,0.990,
 0.992,0.995,0.997,0.982]
Testing Group Acc: [0.253,0.000,0.000]
Epoch [53] Testing Results: Prec@1 25.310 Prec@5 47.770 Loss 5.44304
Epoch [53] Testing Class Recall: [0.740,0.460,0.370,0.630,0.340,0.440,0.480,0.760,0.520,0.340,0.370,0.380,
 0.660,0.290,0.120,0.310,0.620,0.600,0.570,0.270,0.750,0.520,0.320,0.690,
 0.480,0.210,0.110,0.100,0.590,0.270,0.700,0.200,0.230,0.350,0.320,0.330,
 0.200,0.050,0.010,0.610,0.320,0.400,0.270,0.300,0.040,0.110,0.210,0.380,
 0.260,0.170,0.180,0.140,0.680,0.460,0.180,0.010,0.230,0.260,0.280,0.180,
 0.330,0.240,0.210,0.140,0.020,0.000,0.090,0.110,0.170,0.320,0.170,0.390,
 0.100,0.050,0.000,0.230,0.340,0.000,0.010,0.020,0.050,0.050,0.270,0.020,
 0.000,0.030,0.000,0.070,0.000,0.000,0.010,0.040,0.020,0.030,0.310,0.040,
 0.030,0.010,0.020,0.000]
Training Group Acc: [0.853,0.000,0.000]
Epoch [54] Training Results: Prec@1 85.573 Prec@5 97.393 Loss 0.49719
Epoch [54] Training Class Recall: [0.841,0.702,0.604,0.475,0.482,0.645,0.606,0.621,0.687,0.708,0.594,0.545,
 0.684,0.685,0.641,0.678,0.658,0.784,0.691,0.681,0.734,0.817,0.673,0.834,
 0.701,0.709,0.671,0.737,0.844,0.790,0.845,0.752,0.779,0.848,0.801,0.753,
 0.869,0.789,0.820,0.847,0.816,0.889,0.855,0.873,0.825,0.858,0.843,0.899,
 0.901,0.938,0.872,0.929,0.959,0.953,0.918,0.915,0.934,0.936,0.942,0.930,
 0.959,0.945,0.942,0.954,0.932,0.933,0.931,0.952,0.974,0.969,0.945,0.965,
 0.956,0.922,0.966,0.987,0.976,0.961,0.964,0.978,0.982,0.963,0.984,0.957,
 0.977,0.974,0.967,0.994,0.975,0.977,0.986,0.985,0.976,0.979,0.994,0.982,
 0.990,0.982,0.974,0.988]
Testing Group Acc: [0.250,0.000,0.000]
Epoch [54] Testing Results: Prec@1 24.980 Prec@5 48.630 Loss 5.43452
Epoch [54] Testing Class Recall: [0.840,0.620,0.580,0.150,0.300,0.460,0.470,0.600,0.490,0.550,0.440,0.370,
 0.240,0.510,0.220,0.260,0.490,0.220,0.240,0.570,0.640,0.580,0.270,0.230,
 0.470,0.130,0.160,0.190,0.650,0.260,0.720,0.220,0.310,0.270,0.240,0.190,
 0.290,0.310,0.210,0.340,0.240,0.570,0.100,0.190,0.110,0.100,0.300,0.470,
 0.630,0.550,0.040,0.080,0.470,0.470,0.170,0.020,0.450,0.230,0.110,0.230,
 0.440,0.250,0.470,0.040,0.010,0.020,0.070,0.120,0.200,0.280,0.340,0.350,
 0.040,0.110,0.080,0.040,0.240,0.020,0.020,0.000,0.020,0.100,0.320,0.030,
 0.010,0.050,0.000,0.210,0.040,0.000,0.000,0.020,0.010,0.000,0.090,0.010,
 0.050,0.000,0.000,0.050]
Training Group Acc: [0.854,0.000,0.000]
Epoch [55] Training Results: Prec@1 85.769 Prec@5 97.491 Loss 0.48840
Epoch [55] Training Class Recall: [0.811,0.711,0.580,0.496,0.496,0.663,0.601,0.631,0.712,0.719,0.607,0.492,
 0.707,0.723,0.670,0.624,0.639,0.774,0.703,0.673,0.713,0.835,0.635,0.824,
 0.650,0.713,0.727,0.763,0.846,0.797,0.868,0.772,0.811,0.841,0.791,0.777,
 0.852,0.799,0.799,0.844,0.798,0.895,0.859,0.876,0.817,0.856,0.862,0.926,
 0.898,0.909,0.854,0.931,0.953,0.937,0.931,0.907,0.913,0.934,0.924,0.945,
 0.968,0.941,0.942,0.958,0.947,0.931,0.945,0.952,0.972,0.985,0.956,0.956,
 0.961,0.896,0.984,0.972,0.984,0.965,0.968,0.982,0.982,0.974,0.984,0.952,
 0.971,0.986,0.978,0.985,0.975,0.980,0.984,0.987,0.981,0.992,0.988,0.988,
 0.992,0.995,0.993,0.988]
Testing Group Acc: [0.243,0.000,0.000]
Epoch [55] Testing Results: Prec@1 24.310 Prec@5 48.020 Loss 5.66509
Epoch [55] Testing Class Recall: [0.950,0.650,0.240,0.450,0.000,0.050,0.520,0.440,0.670,0.510,0.350,0.240,
 0.520,0.700,0.210,0.360,0.670,0.470,0.530,0.390,0.640,0.300,0.290,0.270,
 0.380,0.120,0.150,0.140,0.450,0.130,0.640,0.510,0.240,0.310,0.120,0.360,
 0.200,0.270,0.070,0.610,0.270,0.310,0.250,0.210,0.060,0.130,0.170,0.450,
 0.220,0.410,0.040,0.150,0.610,0.310,0.240,0.010,0.420,0.090,0.220,0.270,
 0.600,0.170,0.400,0.090,0.000,0.000,0.080,0.180,0.110,0.270,0.330,0.380,
 0.090,0.090,0.070,0.080,0.510,0.000,0.000,0.000,0.010,0.040,0.350,0.030,
 0.040,0.030,0.000,0.070,0.080,0.000,0.020,0.040,0.010,0.000,0.040,0.010,
 0.100,0.000,0.010,0.020]
Training Group Acc: [0.856,0.000,0.000]
Epoch [56] Training Results: Prec@1 85.842 Prec@5 97.400 Loss 0.48448
Epoch [56] Training Class Recall: [0.827,0.713,0.555,0.498,0.465,0.650,0.646,0.644,0.700,0.716,0.596,0.543,
 0.727,0.735,0.648,0.609,0.629,0.819,0.691,0.671,0.723,0.823,0.681,0.834,
 0.668,0.711,0.686,0.733,0.837,0.784,0.845,0.768,0.790,0.819,0.795,0.796,
 0.852,0.839,0.815,0.844,0.830,0.903,0.855,0.857,0.813,0.854,0.869,0.924,
 0.906,0.922,0.891,0.937,0.953,0.964,0.929,0.913,0.930,0.953,0.939,0.943,
 0.961,0.952,0.958,0.954,0.939,0.925,0.937,0.960,0.970,0.967,0.945,0.971,
 0.952,0.926,0.974,0.975,0.978,0.965,0.970,0.978,0.982,0.967,0.982,0.967,
 0.975,0.984,0.967,0.979,0.975,0.984,0.994,0.989,0.970,0.992,0.986,0.986,
 0.990,0.971,0.974,0.977]
Testing Group Acc: [0.236,0.000,0.000]
Epoch [56] Testing Results: Prec@1 23.580 Prec@5 46.510 Loss 5.71875
Epoch [56] Testing Class Recall: [0.770,0.790,0.530,0.580,0.420,0.410,0.550,0.490,0.210,0.600,0.260,0.050,
 0.640,0.540,0.360,0.450,0.520,0.660,0.290,0.370,0.640,0.330,0.240,0.500,
 0.530,0.220,0.190,0.360,0.570,0.260,0.630,0.190,0.140,0.320,0.100,0.010,
 0.220,0.120,0.060,0.360,0.200,0.290,0.100,0.100,0.060,0.040,0.030,0.200,
 0.110,0.460,0.060,0.070,0.700,0.600,0.200,0.200,0.280,0.190,0.200,0.070,
 0.640,0.190,0.140,0.220,0.040,0.000,0.030,0.090,0.240,0.250,0.300,0.290,
 0.120,0.030,0.010,0.240,0.390,0.000,0.000,0.000,0.000,0.030,0.080,0.090,
 0.000,0.060,0.000,0.020,0.070,0.000,0.060,0.040,0.000,0.000,0.040,0.110,
 0.100,0.010,0.000,0.010]
Training Group Acc: [0.855,0.000,0.000]
Epoch [57] Training Results: Prec@1 85.844 Prec@5 97.513 Loss 0.48245
Epoch [57] Training Class Recall: [0.794,0.713,0.569,0.508,0.496,0.674,0.626,0.625,0.723,0.737,0.589,0.545,
 0.707,0.744,0.696,0.629,0.651,0.815,0.669,0.656,0.718,0.846,0.628,0.836,
 0.659,0.711,0.654,0.745,0.844,0.799,0.862,0.801,0.786,0.839,0.807,0.807,
 0.873,0.824,0.820,0.837,0.812,0.912,0.863,0.867,0.807,0.824,0.862,0.899,
 0.912,0.924,0.895,0.924,0.949,0.935,0.934,0.898,0.930,0.915,0.924,0.941,
 0.966,0.949,0.956,0.950,0.932,0.929,0.931,0.935,0.970,0.969,0.947,0.956,
 0.965,0.918,0.982,0.977,0.986,0.963,0.960,0.974,0.976,0.967,0.990,0.972,
 0.971,0.978,0.971,0.979,0.983,0.973,0.986,0.992,0.976,0.992,0.994,0.984,
 0.994,0.995,0.984,0.988]
Testing Group Acc: [0.239,0.000,0.000]
Epoch [57] Testing Results: Prec@1 23.880 Prec@5 45.940 Loss 5.80805
Epoch [57] Testing Class Recall: [0.810,0.390,0.590,0.460,0.280,0.450,0.270,0.540,0.540,0.550,0.340,0.320,
 0.540,0.400,0.600,0.430,0.520,0.760,0.380,0.390,0.740,0.460,0.320,0.310,
 0.760,0.290,0.250,0.170,0.570,0.270,0.570,0.100,0.200,0.220,0.370,0.110,
 0.320,0.260,0.130,0.350,0.080,0.360,0.140,0.180,0.060,0.040,0.050,0.330,
 0.280,0.280,0.090,0.170,0.370,0.370,0.260,0.010,0.400,0.050,0.240,0.250,
 0.230,0.090,0.260,0.140,0.100,0.030,0.080,0.040,0.240,0.360,0.200,0.570,
 0.020,0.060,0.010,0.200,0.270,0.000,0.000,0.000,0.000,0.000,0.010,0.040,
 0.020,0.020,0.000,0.020,0.040,0.000,0.070,0.040,0.000,0.000,0.270,0.080,
 0.010,0.010,0.000,0.010]
Training Group Acc: [0.857,0.000,0.000]
Epoch [58] Training Results: Prec@1 85.967 Prec@5 97.384 Loss 0.48450
Epoch [58] Training Class Recall: [0.837,0.728,0.573,0.517,0.512,0.656,0.635,0.606,0.693,0.732,0.589,0.527,
 0.705,0.711,0.672,0.654,0.656,0.819,0.715,0.669,0.713,0.806,0.714,0.858,
 0.692,0.713,0.669,0.745,0.856,0.776,0.866,0.774,0.805,0.843,0.803,0.788,
 0.836,0.780,0.786,0.835,0.816,0.897,0.841,0.863,0.840,0.869,0.867,0.887,
 0.892,0.907,0.874,0.951,0.944,0.930,0.929,0.902,0.934,0.927,0.939,0.939,
 0.957,0.952,0.960,0.960,0.932,0.933,0.941,0.952,0.978,0.969,0.952,0.965,
 0.961,0.929,0.976,0.983,0.978,0.967,0.968,0.974,0.990,0.970,0.979,0.967,
 0.975,0.994,0.974,0.985,0.979,0.982,0.990,0.987,0.976,0.996,0.998,0.994,
 0.996,0.992,0.984,0.982]
Testing Group Acc: [0.232,0.000,0.000]
Epoch [58] Testing Results: Prec@1 23.170 Prec@5 46.480 Loss 5.82791
Epoch [58] Testing Class Recall: [0.530,0.720,0.680,0.220,0.480,0.200,0.320,0.560,0.700,0.380,0.470,0.140,
 0.510,0.450,0.400,0.280,0.420,0.430,0.440,0.530,0.690,0.430,0.280,0.400,
 0.440,0.380,0.530,0.010,0.450,0.320,0.390,0.060,0.410,0.610,0.340,0.010,
 0.310,0.310,0.200,0.230,0.150,0.380,0.350,0.270,0.000,0.050,0.070,0.280,
 0.310,0.210,0.090,0.190,0.610,0.440,0.160,0.030,0.300,0.200,0.160,0.210,
 0.460,0.130,0.140,0.100,0.030,0.000,0.090,0.110,0.270,0.180,0.120,0.150,
 0.030,0.020,0.020,0.050,0.200,0.050,0.030,0.000,0.020,0.010,0.400,0.020,
 0.000,0.030,0.010,0.000,0.060,0.000,0.000,0.010,0.010,0.020,0.110,0.010,
 0.130,0.020,0.000,0.010]
Training Group Acc: [0.854,0.000,0.000]
Epoch [59] Training Results: Prec@1 85.747 Prec@5 97.340 Loss 0.48848
Epoch [59] Training Class Recall: [0.804,0.702,0.587,0.504,0.496,0.692,0.624,0.663,0.710,0.734,0.598,0.503,
 0.688,0.723,0.652,0.667,0.614,0.796,0.685,0.713,0.697,0.854,0.681,0.834,
 0.673,0.724,0.677,0.713,0.827,0.772,0.870,0.776,0.764,0.837,0.795,0.791,
 0.861,0.818,0.790,0.844,0.805,0.897,0.861,0.865,0.797,0.845,0.889,0.912,
 0.895,0.920,0.870,0.916,0.949,0.933,0.920,0.896,0.945,0.927,0.944,0.953,
 0.951,0.945,0.938,0.940,0.926,0.923,0.954,0.948,0.978,0.976,0.933,0.978,
 0.969,0.922,0.980,0.987,0.988,0.967,0.953,0.980,0.974,0.967,0.979,0.939,
 0.971,0.984,0.974,0.983,0.988,0.984,0.984,0.987,0.978,0.983,0.990,0.986,
 0.994,0.989,0.987,0.984]
Testing Group Acc: [0.240,0.000,0.000]
Epoch [59] Testing Results: Prec@1 24.030 Prec@5 47.230 Loss 5.88187
Epoch [59] Testing Class Recall: [0.520,0.710,0.540,0.640,0.150,0.250,0.590,0.530,0.530,0.550,0.230,0.420,
 0.530,0.180,0.430,0.430,0.560,0.720,0.410,0.270,0.760,0.360,0.250,0.280,
 0.440,0.260,0.060,0.170,0.450,0.320,0.620,0.250,0.330,0.310,0.160,0.190,
 0.180,0.220,0.220,0.240,0.110,0.280,0.180,0.130,0.120,0.120,0.110,0.160,
 0.470,0.330,0.060,0.200,0.430,0.530,0.230,0.030,0.690,0.210,0.100,0.240,
 0.510,0.150,0.550,0.040,0.000,0.010,0.030,0.210,0.490,0.090,0.160,0.190,
 0.010,0.060,0.120,0.090,0.170,0.000,0.010,0.040,0.000,0.010,0.310,0.150,
 0.010,0.020,0.020,0.010,0.070,0.010,0.010,0.020,0.010,0.010,0.050,0.140,
 0.190,0.000,0.010,0.060]
Training Group Acc: [0.856,0.000,0.000]
Epoch [60] Training Results: Prec@1 85.940 Prec@5 97.418 Loss 0.48187
Epoch [60] Training Class Recall: [0.824,0.719,0.566,0.479,0.537,0.639,0.633,0.636,0.697,0.732,0.605,0.471,
 0.750,0.763,0.623,0.624,0.681,0.825,0.705,0.677,0.729,0.819,0.684,0.834,
 0.664,0.713,0.701,0.743,0.848,0.817,0.858,0.768,0.783,0.854,0.793,0.772,
 0.877,0.828,0.813,0.816,0.823,0.880,0.857,0.902,0.819,0.850,0.852,0.914,
 0.895,0.938,0.887,0.931,0.934,0.951,0.934,0.915,0.915,0.934,0.928,0.939,
 0.966,0.941,0.953,0.948,0.917,0.929,0.945,0.962,0.974,0.965,0.938,0.985,
 0.958,0.955,0.974,0.966,0.988,0.969,0.968,0.970,0.970,0.972,0.995,0.952,
 0.964,0.966,0.969,0.981,0.979,0.975,0.984,0.987,0.976,0.979,0.988,0.988,
 0.988,0.987,0.990,0.986]
Testing Group Acc: [0.223,0.000,0.000]
Epoch [60] Testing Results: Prec@1 22.280 Prec@5 47.050 Loss 5.81652
Epoch [60] Testing Class Recall: [0.380,0.560,0.480,0.150,0.380,0.470,0.660,0.560,0.340,0.530,0.400,0.200,
 0.430,0.530,0.410,0.750,0.310,0.400,0.270,0.220,0.520,0.450,0.410,0.080,
 0.650,0.140,0.230,0.140,0.320,0.250,0.480,0.120,0.230,0.400,0.100,0.060,
 0.090,0.370,0.200,0.360,0.330,0.380,0.160,0.120,0.020,0.090,0.130,0.340,
 0.240,0.180,0.100,0.140,0.440,0.550,0.370,0.090,0.270,0.100,0.170,0.370,
 0.410,0.220,0.330,0.100,0.000,0.050,0.070,0.170,0.160,0.050,0.210,0.100,
 0.000,0.000,0.070,0.170,0.150,0.040,0.010,0.040,0.000,0.100,0.360,0.180,
 0.080,0.030,0.010,0.020,0.020,0.000,0.010,0.030,0.010,0.000,0.310,0.010,
 0.130,0.000,0.000,0.010]
Training Group Acc: [0.860,0.000,0.000]
Epoch [61] Training Results: Prec@1 86.336 Prec@5 97.569 Loss 0.46969
Epoch [61] Training Class Recall: [0.834,0.750,0.555,0.511,0.492,0.678,0.676,0.640,0.695,0.724,0.638,0.471,
 0.713,0.754,0.654,0.635,0.644,0.806,0.683,0.671,0.702,0.852,0.686,0.824,
 0.720,0.711,0.677,0.751,0.844,0.807,0.845,0.786,0.792,0.858,0.805,0.780,
 0.859,0.826,0.834,0.833,0.832,0.900,0.878,0.876,0.819,0.847,0.893,0.926,
 0.892,0.948,0.905,0.916,0.955,0.935,0.927,0.919,0.934,0.929,0.935,0.937,
 0.957,0.965,0.958,0.962,0.950,0.942,0.962,0.966,0.976,0.972,0.945,0.956,
 0.965,0.914,0.984,0.977,0.969,0.971,0.988,0.976,0.982,0.970,0.984,0.967,
 0.969,0.990,0.971,0.981,0.971,0.995,0.986,0.983,0.976,0.990,0.994,0.994,
 0.994,0.997,0.990,0.984]
Testing Group Acc: [0.232,0.000,0.000]
Epoch [61] Testing Results: Prec@1 23.200 Prec@5 45.810 Loss 5.82560
Epoch [61] Testing Class Recall: [0.720,0.740,0.530,0.240,0.400,0.690,0.610,0.590,0.470,0.530,0.260,0.190,
 0.520,0.270,0.560,0.320,0.400,0.700,0.580,0.270,0.820,0.510,0.180,0.580,
 0.560,0.270,0.260,0.090,0.190,0.270,0.460,0.130,0.200,0.280,0.170,0.120,
 0.380,0.270,0.010,0.240,0.180,0.550,0.180,0.090,0.090,0.100,0.070,0.470,
 0.410,0.050,0.080,0.100,0.520,0.400,0.160,0.000,0.340,0.280,0.170,0.080,
 0.310,0.110,0.300,0.090,0.060,0.030,0.080,0.180,0.250,0.340,0.270,0.220,
 0.010,0.240,0.000,0.050,0.140,0.020,0.010,0.010,0.010,0.000,0.070,0.030,
 0.040,0.040,0.000,0.020,0.030,0.000,0.120,0.020,0.000,0.000,0.090,0.040,
 0.060,0.000,0.000,0.010]
Training Group Acc: [0.858,0.000,0.000]
Epoch [62] Training Results: Prec@1 86.058 Prec@5 97.569 Loss 0.47332
Epoch [62] Training Class Recall: [0.811,0.719,0.562,0.504,0.500,0.687,0.642,0.617,0.710,0.750,0.607,0.516,
 0.723,0.718,0.648,0.633,0.686,0.790,0.709,0.688,0.729,0.846,0.668,0.838,
 0.678,0.746,0.733,0.755,0.870,0.770,0.887,0.774,0.800,0.835,0.811,0.774,
 0.871,0.768,0.836,0.840,0.843,0.875,0.870,0.882,0.795,0.858,0.855,0.893,
 0.889,0.922,0.876,0.902,0.944,0.948,0.929,0.913,0.941,0.943,0.930,0.953,
 0.959,0.965,0.949,0.931,0.928,0.927,0.933,0.941,0.976,0.976,0.933,0.967,
 0.958,0.926,0.988,0.975,0.974,0.967,0.968,0.978,0.978,0.951,0.984,0.967,
 0.975,0.982,0.971,0.985,0.973,0.984,0.978,0.989,0.981,0.992,0.996,0.990,
 0.996,0.984,0.987,0.988]
Testing Group Acc: [0.261,0.000,0.000]
Epoch [62] Testing Results: Prec@1 26.130 Prec@5 50.300 Loss 5.44637
Epoch [62] Testing Class Recall: [0.750,0.360,0.440,0.190,0.510,0.420,0.480,0.280,0.570,0.470,0.270,0.360,
 0.420,0.350,0.360,0.230,0.460,0.840,0.500,0.240,0.450,0.570,0.450,0.630,
 0.550,0.360,0.410,0.490,0.610,0.470,0.690,0.300,0.290,0.490,0.170,0.120,
 0.240,0.290,0.040,0.430,0.180,0.420,0.160,0.130,0.040,0.050,0.250,0.430,
 0.310,0.340,0.120,0.040,0.630,0.460,0.280,0.000,0.290,0.340,0.200,0.300,
 0.560,0.140,0.390,0.160,0.020,0.000,0.000,0.080,0.110,0.280,0.300,0.180,
 0.060,0.190,0.030,0.300,0.220,0.000,0.130,0.000,0.000,0.110,0.480,0.130,
 0.010,0.130,0.000,0.010,0.210,0.010,0.020,0.040,0.000,0.000,0.140,0.080,
 0.080,0.000,0.010,0.000]
Training Group Acc: [0.858,0.000,0.000]
Epoch [63] Training Results: Prec@1 86.058 Prec@5 97.489 Loss 0.47575
Epoch [63] Training Class Recall: [0.847,0.699,0.571,0.472,0.494,0.687,0.642,0.648,0.697,0.693,0.600,0.532,
 0.717,0.737,0.689,0.646,0.661,0.804,0.683,0.690,0.697,0.833,0.706,0.858,
 0.678,0.722,0.684,0.745,0.846,0.772,0.854,0.770,0.796,0.852,0.821,0.796,
 0.865,0.810,0.813,0.863,0.809,0.909,0.853,0.869,0.795,0.852,0.886,0.914,
 0.889,0.938,0.889,0.933,0.934,0.944,0.927,0.876,0.934,0.936,0.937,0.937,
 0.968,0.945,0.936,0.958,0.915,0.933,0.962,0.956,0.970,0.976,0.931,0.967,
 0.965,0.922,0.976,0.975,0.984,0.973,0.978,0.974,0.978,0.977,0.971,0.964,
 0.975,0.990,0.967,0.989,0.971,0.982,0.990,0.989,0.976,0.988,0.996,0.992,
 0.988,0.984,0.987,0.991]
Testing Group Acc: [0.229,0.000,0.000]
Epoch [63] Testing Results: Prec@1 22.890 Prec@5 45.020 Loss 6.11574
Epoch [63] Testing Class Recall: [0.550,0.710,0.410,0.590,0.510,0.480,0.560,0.670,0.400,0.630,0.190,0.170,
 0.810,0.440,0.250,0.250,0.460,0.380,0.480,0.100,0.680,0.260,0.610,0.690,
 0.630,0.420,0.150,0.090,0.590,0.390,0.710,0.130,0.180,0.560,0.320,0.030,
 0.250,0.100,0.030,0.270,0.200,0.060,0.350,0.230,0.050,0.030,0.010,0.210,
 0.160,0.180,0.100,0.070,0.630,0.350,0.080,0.010,0.320,0.300,0.140,0.160,
 0.530,0.180,0.210,0.110,0.000,0.030,0.180,0.050,0.340,0.240,0.040,0.450,
 0.020,0.060,0.020,0.060,0.310,0.000,0.000,0.010,0.010,0.000,0.120,0.010,
 0.010,0.000,0.000,0.020,0.000,0.000,0.010,0.020,0.000,0.000,0.030,0.010,
 0.040,0.000,0.000,0.000]
Training Group Acc: [0.861,0.000,0.000]
Epoch [64] Training Results: Prec@1 86.378 Prec@5 97.571 Loss 0.47130
Epoch [64] Training Class Recall: [0.827,0.711,0.604,0.504,0.494,0.663,0.664,0.663,0.725,0.745,0.609,0.529,
 0.752,0.735,0.659,0.622,0.673,0.843,0.715,0.667,0.697,0.835,0.691,0.832,
 0.710,0.735,0.695,0.779,0.807,0.817,0.860,0.760,0.781,0.846,0.803,0.780,
 0.863,0.818,0.801,0.860,0.857,0.906,0.859,0.876,0.817,0.863,0.872,0.901,
 0.903,0.936,0.885,0.916,0.944,0.953,0.929,0.904,0.941,0.960,0.944,0.930,
 0.970,0.952,0.931,0.958,0.941,0.938,0.949,0.943,0.972,0.978,0.952,0.963,
 0.965,0.937,0.976,0.970,0.982,0.963,0.972,0.976,0.988,0.972,0.982,0.962,
 0.981,0.978,0.967,0.983,0.981,0.982,0.982,0.979,0.978,0.992,0.990,0.988,
 0.996,0.992,0.990,0.979]
Testing Group Acc: [0.255,0.000,0.000]
Epoch [64] Testing Results: Prec@1 25.510 Prec@5 48.340 Loss 5.57952
Epoch [64] Testing Class Recall: [0.670,0.670,0.590,0.670,0.280,0.750,0.540,0.340,0.410,0.670,0.240,0.120,
 0.360,0.490,0.240,0.330,0.390,0.590,0.720,0.080,0.660,0.610,0.300,0.550,
 0.680,0.160,0.170,0.280,0.390,0.340,0.570,0.290,0.140,0.510,0.220,0.190,
 0.130,0.330,0.160,0.390,0.240,0.530,0.190,0.170,0.110,0.030,0.130,0.450,
 0.250,0.290,0.010,0.190,0.810,0.510,0.370,0.000,0.200,0.210,0.060,0.090,
 0.750,0.390,0.480,0.040,0.010,0.010,0.100,0.200,0.320,0.100,0.150,0.610,
 0.050,0.100,0.010,0.160,0.440,0.030,0.000,0.010,0.010,0.000,0.140,0.020,
 0.010,0.050,0.000,0.140,0.000,0.000,0.020,0.010,0.000,0.010,0.030,0.030,
 0.010,0.000,0.000,0.010]
Training Group Acc: [0.859,0.000,0.000]
Epoch [65] Training Results: Prec@1 86.222 Prec@5 97.669 Loss 0.46671
Epoch [65] Training Class Recall: [0.854,0.697,0.582,0.555,0.525,0.678,0.642,0.655,0.755,0.734,0.594,0.497,
 0.711,0.739,0.663,0.654,0.654,0.833,0.709,0.667,0.718,0.833,0.678,0.832,
 0.724,0.722,0.682,0.775,0.835,0.780,0.870,0.764,0.777,0.868,0.815,0.791,
 0.836,0.814,0.822,0.814,0.830,0.917,0.857,0.873,0.836,0.839,0.872,0.918,
 0.881,0.934,0.862,0.910,0.951,0.939,0.922,0.902,0.920,0.931,0.919,0.955,
 0.963,0.943,0.938,0.950,0.945,0.948,0.931,0.948,0.972,0.967,0.938,0.974,
 0.952,0.929,0.980,0.979,0.980,0.973,0.974,0.972,0.974,0.974,0.982,0.967,
 0.975,0.980,0.976,0.983,0.981,0.980,0.992,0.989,0.970,0.994,1.000,0.990,
 0.998,0.989,0.997,0.984]
Testing Group Acc: [0.238,0.000,0.000]
Epoch [65] Testing Results: Prec@1 23.830 Prec@5 47.220 Loss 5.67812
Epoch [65] Testing Class Recall: [0.880,0.780,0.430,0.230,0.350,0.460,0.410,0.380,0.480,0.450,0.350,0.120,
 0.530,0.410,0.180,0.280,0.540,0.710,0.440,0.380,0.690,0.530,0.280,0.530,
 0.450,0.270,0.200,0.380,0.560,0.230,0.720,0.070,0.160,0.320,0.380,0.140,
 0.260,0.250,0.160,0.310,0.180,0.450,0.070,0.180,0.060,0.210,0.040,0.620,
 0.330,0.170,0.110,0.160,0.390,0.100,0.200,0.110,0.230,0.220,0.200,0.230,
 0.610,0.110,0.440,0.120,0.030,0.010,0.060,0.190,0.090,0.230,0.110,0.540,
 0.040,0.040,0.060,0.100,0.210,0.000,0.000,0.000,0.080,0.020,0.470,0.030,
 0.000,0.040,0.010,0.000,0.000,0.000,0.100,0.040,0.000,0.000,0.050,0.020,
 0.000,0.000,0.010,0.030]
Training Group Acc: [0.858,0.000,0.000]
Epoch [66] Training Results: Prec@1 86.069 Prec@5 97.658 Loss 0.47337
Epoch [66] Training Class Recall: [0.834,0.716,0.562,0.498,0.508,0.712,0.615,0.661,0.676,0.742,0.627,0.535,
 0.700,0.737,0.652,0.639,0.681,0.837,0.691,0.707,0.766,0.821,0.671,0.830,
 0.682,0.720,0.680,0.745,0.852,0.795,0.870,0.768,0.781,0.839,0.821,0.804,
 0.861,0.831,0.790,0.851,0.821,0.897,0.861,0.876,0.817,0.852,0.840,0.903,
 0.895,0.928,0.878,0.939,0.955,0.948,0.920,0.892,0.934,0.950,0.942,0.935,
 0.963,0.930,0.953,0.946,0.947,0.899,0.931,0.966,0.982,0.959,0.929,0.960,
 0.967,0.907,0.964,0.983,0.984,0.973,0.966,0.970,0.974,0.972,0.987,0.962,
 0.979,0.984,0.971,0.983,0.975,0.989,0.986,0.985,0.981,0.983,0.994,0.990,
 0.996,0.987,0.980,0.979]
Testing Group Acc: [0.236,0.000,0.000]
Epoch [66] Testing Results: Prec@1 23.650 Prec@5 46.200 Loss 6.05676
Epoch [66] Testing Class Recall: [0.700,0.320,0.390,0.340,0.550,0.290,0.610,0.720,0.670,0.390,0.310,0.490,
 0.590,0.170,0.470,0.430,0.430,0.610,0.570,0.470,0.620,0.600,0.640,0.580,
 0.290,0.300,0.240,0.360,0.530,0.200,0.610,0.080,0.160,0.390,0.230,0.080,
 0.300,0.130,0.100,0.380,0.300,0.300,0.240,0.190,0.020,0.020,0.050,0.260,
 0.150,0.260,0.110,0.120,0.380,0.510,0.280,0.010,0.270,0.250,0.210,0.200,
 0.560,0.120,0.300,0.000,0.010,0.020,0.110,0.100,0.260,0.320,0.100,0.330,
 0.010,0.090,0.030,0.150,0.070,0.000,0.000,0.000,0.020,0.000,0.110,0.030,
 0.000,0.060,0.000,0.080,0.020,0.000,0.010,0.000,0.000,0.000,0.130,0.100,
 0.020,0.000,0.000,0.020]
Training Group Acc: [0.862,0.000,0.000]
Epoch [67] Training Results: Prec@1 86.436 Prec@5 97.620 Loss 0.46302
Epoch [67] Training Class Recall: [0.850,0.722,0.600,0.536,0.496,0.667,0.671,0.638,0.723,0.734,0.607,0.532,
 0.723,0.730,0.650,0.659,0.649,0.837,0.681,0.698,0.723,0.817,0.689,0.809,
 0.659,0.729,0.699,0.759,0.848,0.811,0.874,0.789,0.790,0.848,0.815,0.802,
 0.859,0.831,0.805,0.872,0.821,0.892,0.867,0.906,0.821,0.863,0.884,0.918,
 0.918,0.940,0.891,0.937,0.965,0.944,0.918,0.882,0.928,0.938,0.930,0.945,
 0.947,0.952,0.949,0.942,0.950,0.933,0.949,0.958,0.980,0.978,0.945,0.956,
 0.972,0.952,0.964,0.975,0.980,0.961,0.974,0.970,0.976,0.970,0.987,0.967,
 0.971,0.980,0.974,0.985,0.971,0.984,0.988,0.989,0.973,0.990,0.994,0.996,
 0.994,0.976,0.987,0.982]
Testing Group Acc: [0.236,0.000,0.000]
Epoch [67] Testing Results: Prec@1 23.550 Prec@5 47.010 Loss 5.68183
Epoch [67] Testing Class Recall: [0.490,0.670,0.400,0.120,0.350,0.430,0.620,0.310,0.720,0.430,0.330,0.320,
 0.600,0.530,0.480,0.310,0.340,0.580,0.600,0.300,0.640,0.320,0.280,0.460,
 0.640,0.190,0.310,0.080,0.340,0.300,0.710,0.160,0.290,0.380,0.240,0.130,
 0.540,0.270,0.070,0.450,0.260,0.140,0.090,0.250,0.190,0.210,0.050,0.430,
 0.120,0.290,0.110,0.160,0.410,0.490,0.340,0.020,0.360,0.140,0.240,0.240,
 0.400,0.100,0.300,0.040,0.020,0.050,0.070,0.080,0.340,0.260,0.180,0.340,
 0.010,0.000,0.080,0.030,0.120,0.020,0.000,0.010,0.010,0.020,0.390,0.080,
 0.000,0.030,0.000,0.120,0.040,0.000,0.000,0.030,0.000,0.000,0.040,0.020,
 0.000,0.000,0.010,0.040]
Training Group Acc: [0.861,0.000,0.000]
Epoch [68] Training Results: Prec@1 86.380 Prec@5 97.529 Loss 0.46844
Epoch [68] Training Class Recall: [0.834,0.694,0.613,0.530,0.529,0.685,0.617,0.657,0.730,0.758,0.614,0.503,
 0.709,0.723,0.659,0.631,0.668,0.823,0.695,0.717,0.702,0.844,0.701,0.854,
 0.682,0.735,0.701,0.755,0.864,0.799,0.876,0.809,0.790,0.817,0.819,0.793,
 0.871,0.837,0.805,0.858,0.857,0.892,0.874,0.878,0.801,0.856,0.877,0.912,
 0.889,0.942,0.876,0.931,0.949,0.926,0.938,0.904,0.945,0.927,0.924,0.926,
 0.957,0.945,0.944,0.940,0.928,0.935,0.956,0.950,0.972,0.972,0.929,0.947,
 0.958,0.926,0.964,0.981,0.976,0.963,0.976,0.974,0.982,0.963,0.977,0.939,
 0.969,0.980,0.980,0.987,0.990,0.986,0.992,0.987,0.984,0.992,0.994,0.992,
 0.994,0.992,0.984,0.984]
Testing Group Acc: [0.240,0.000,0.000]
Epoch [68] Testing Results: Prec@1 23.970 Prec@5 48.160 Loss 5.81088
Epoch [68] Testing Class Recall: [0.680,0.450,0.300,0.080,0.470,0.350,0.800,0.400,0.600,0.480,0.110,0.250,
 0.530,0.400,0.130,0.210,0.210,0.530,0.520,0.110,0.620,0.500,0.340,0.540,
 0.510,0.200,0.280,0.250,0.240,0.460,0.550,0.320,0.220,0.350,0.220,0.140,
 0.470,0.110,0.110,0.520,0.150,0.260,0.190,0.130,0.090,0.100,0.080,0.120,
 0.420,0.180,0.100,0.020,0.760,0.580,0.320,0.170,0.310,0.250,0.390,0.400,
 0.560,0.180,0.260,0.180,0.000,0.080,0.320,0.140,0.310,0.310,0.340,0.230,
 0.040,0.140,0.120,0.090,0.190,0.020,0.020,0.000,0.060,0.020,0.200,0.100,
 0.010,0.040,0.010,0.030,0.020,0.000,0.050,0.000,0.000,0.020,0.100,0.110,
 0.070,0.000,0.010,0.010]
Training Group Acc: [0.863,0.000,0.000]
Epoch [69] Training Results: Prec@1 86.622 Prec@5 97.731 Loss 0.45443
Epoch [69] Training Class Recall: [0.837,0.722,0.580,0.523,0.506,0.692,0.685,0.648,0.717,0.714,0.605,0.551,
 0.719,0.735,0.687,0.674,0.676,0.792,0.699,0.707,0.707,0.835,0.686,0.852,
 0.701,0.731,0.703,0.771,0.870,0.784,0.882,0.819,0.779,0.862,0.815,0.799,
 0.881,0.847,0.793,0.826,0.832,0.880,0.849,0.880,0.823,0.858,0.847,0.922,
 0.915,0.924,0.878,0.924,0.944,0.939,0.924,0.911,0.928,0.929,0.944,0.943,
 0.951,0.958,0.940,0.960,0.919,0.946,0.947,0.952,0.970,0.967,0.945,0.974,
 0.969,0.933,0.978,0.992,0.990,0.973,0.986,0.984,0.984,0.979,0.984,0.972,
 0.969,0.986,0.985,0.983,0.971,0.977,0.990,0.996,0.973,0.992,0.994,0.992,
 0.992,0.982,0.987,0.993]
Testing Group Acc: [0.245,0.000,0.000]
Epoch [69] Testing Results: Prec@1 24.530 Prec@5 47.860 Loss 5.90845
Epoch [69] Testing Class Recall: [0.660,0.500,0.390,0.230,0.290,0.370,0.560,0.660,0.680,0.520,0.200,0.260,
 0.480,0.630,0.280,0.390,0.450,0.700,0.600,0.050,0.680,0.670,0.400,0.380,
 0.580,0.230,0.460,0.350,0.360,0.410,0.670,0.280,0.040,0.160,0.210,0.390,
 0.320,0.140,0.070,0.500,0.240,0.520,0.090,0.230,0.040,0.150,0.090,0.430,
 0.510,0.350,0.050,0.090,0.540,0.370,0.180,0.020,0.370,0.260,0.080,0.270,
 0.460,0.150,0.130,0.110,0.020,0.010,0.060,0.050,0.220,0.210,0.150,0.350,
 0.030,0.050,0.020,0.090,0.320,0.020,0.040,0.020,0.020,0.110,0.270,0.020,
 0.000,0.080,0.000,0.010,0.120,0.000,0.010,0.020,0.000,0.000,0.050,0.090,
 0.100,0.000,0.010,0.030]
Training Group Acc: [0.862,0.000,0.000]
Epoch [70] Training Results: Prec@1 86.456 Prec@5 97.620 Loss 0.46446
Epoch [70] Training Class Recall: [0.814,0.722,0.611,0.521,0.529,0.696,0.664,0.674,0.702,0.740,0.623,0.524,
 0.707,0.704,0.652,0.685,0.690,0.819,0.673,0.711,0.734,0.829,0.719,0.840,
 0.673,0.698,0.701,0.751,0.852,0.809,0.862,0.793,0.820,0.833,0.791,0.807,
 0.867,0.795,0.834,0.865,0.834,0.906,0.841,0.878,0.815,0.861,0.891,0.907,
 0.912,0.913,0.885,0.931,0.957,0.928,0.934,0.890,0.922,0.948,0.928,0.951,
 0.974,0.960,0.958,0.962,0.939,0.927,0.947,0.935,0.982,0.961,0.922,0.956,
 0.963,0.929,0.984,0.977,0.976,0.975,0.964,0.980,0.976,0.953,0.984,0.952,
 0.983,0.984,0.971,0.992,0.979,0.989,0.988,0.994,0.973,0.988,0.992,0.986,
 0.996,0.982,0.990,0.993]
Testing Group Acc: [0.249,0.000,0.000]
Epoch [70] Testing Results: Prec@1 24.950 Prec@5 47.630 Loss 5.44842
Epoch [70] Testing Class Recall: [0.670,0.810,0.370,0.530,0.460,0.270,0.600,0.460,0.240,0.550,0.390,0.530,
 0.550,0.440,0.310,0.550,0.510,0.750,0.410,0.380,0.650,0.570,0.250,0.610,
 0.590,0.210,0.090,0.300,0.170,0.400,0.430,0.350,0.370,0.480,0.300,0.150,
 0.370,0.310,0.110,0.260,0.190,0.440,0.100,0.210,0.130,0.040,0.060,0.430,
 0.340,0.350,0.000,0.160,0.600,0.320,0.120,0.000,0.210,0.240,0.100,0.200,
 0.510,0.110,0.280,0.070,0.010,0.040,0.130,0.090,0.140,0.220,0.110,0.380,
 0.000,0.210,0.040,0.190,0.240,0.000,0.040,0.020,0.000,0.020,0.490,0.070,
 0.010,0.050,0.010,0.010,0.000,0.010,0.010,0.010,0.040,0.000,0.080,0.240,
 0.050,0.000,0.000,0.030]
Training Group Acc: [0.865,0.000,0.000]
Epoch [71] Training Results: Prec@1 86.756 Prec@5 97.787 Loss 0.45259
Epoch [71] Training Class Recall: [0.831,0.713,0.589,0.534,0.512,0.707,0.676,0.669,0.704,0.727,0.596,0.556,
 0.719,0.763,0.670,0.685,0.654,0.831,0.732,0.709,0.734,0.838,0.684,0.862,
 0.682,0.744,0.718,0.769,0.856,0.797,0.874,0.776,0.790,0.827,0.821,0.812,
 0.869,0.833,0.820,0.842,0.823,0.920,0.865,0.880,0.823,0.880,0.884,0.909,
 0.889,0.940,0.885,0.943,0.940,0.939,0.915,0.921,0.943,0.934,0.924,0.935,
 0.955,0.952,0.969,0.952,0.937,0.935,0.958,0.958,0.978,0.969,0.938,0.956,
 0.969,0.933,0.974,0.981,0.976,0.973,0.968,0.972,0.966,0.974,0.995,0.962,
 0.969,0.990,0.976,0.975,0.988,0.986,0.978,0.989,0.970,0.994,0.986,0.994,
 0.996,0.989,0.990,0.984]
Testing Group Acc: [0.248,0.000,0.000]
Epoch [71] Testing Results: Prec@1 24.760 Prec@5 48.760 Loss 5.68807
Epoch [71] Testing Class Recall: [0.610,0.590,0.490,0.050,0.460,0.610,0.530,0.350,0.560,0.390,0.100,0.240,
 0.710,0.660,0.460,0.160,0.660,0.710,0.300,0.350,0.450,0.630,0.270,0.470,
 0.550,0.140,0.250,0.150,0.340,0.360,0.360,0.300,0.210,0.490,0.200,0.160,
 0.310,0.470,0.280,0.370,0.240,0.380,0.160,0.350,0.020,0.010,0.240,0.290,
 0.460,0.130,0.020,0.350,0.600,0.650,0.230,0.010,0.250,0.230,0.090,0.150,
 0.450,0.250,0.510,0.110,0.030,0.020,0.010,0.030,0.120,0.410,0.430,0.270,
 0.100,0.160,0.050,0.190,0.150,0.000,0.000,0.000,0.000,0.010,0.220,0.050,
 0.000,0.020,0.000,0.090,0.010,0.040,0.120,0.030,0.000,0.000,0.210,0.040,
 0.000,0.000,0.000,0.020]
Training Group Acc: [0.860,0.000,0.000]
Epoch [72] Training Results: Prec@1 86.282 Prec@5 97.711 Loss 0.46292
Epoch [72] Training Class Recall: [0.831,0.711,0.598,0.475,0.508,0.685,0.601,0.625,0.710,0.737,0.580,0.551,
 0.705,0.735,0.694,0.641,0.693,0.821,0.689,0.690,0.686,0.819,0.628,0.846,
 0.682,0.729,0.718,0.759,0.854,0.811,0.872,0.795,0.798,0.868,0.825,0.750,
 0.871,0.814,0.840,0.842,0.807,0.917,0.867,0.884,0.834,0.869,0.877,0.912,
 0.920,0.920,0.874,0.943,0.949,0.948,0.929,0.888,0.943,0.929,0.939,0.943,
 0.961,0.936,0.944,0.966,0.912,0.946,0.933,0.956,0.965,0.972,0.949,0.960,
 0.976,0.933,0.968,0.968,0.982,0.961,0.970,0.972,0.974,0.977,0.969,0.962,
 0.977,0.976,0.971,0.989,0.981,0.991,0.986,0.989,0.984,0.992,0.988,0.996,
 0.994,0.997,0.984,0.982]
Testing Group Acc: [0.244,0.000,0.000]
Epoch [72] Testing Results: Prec@1 24.410 Prec@5 48.120 Loss 5.53978
Epoch [72] Testing Class Recall: [0.830,0.600,0.640,0.350,0.270,0.460,0.450,0.390,0.320,0.580,0.310,0.280,
 0.210,0.230,0.390,0.240,0.550,0.920,0.570,0.420,0.710,0.540,0.490,0.260,
 0.390,0.460,0.140,0.120,0.360,0.390,0.400,0.160,0.250,0.360,0.130,0.030,
 0.400,0.270,0.230,0.300,0.180,0.350,0.120,0.090,0.010,0.130,0.120,0.240,
 0.390,0.290,0.130,0.150,0.570,0.580,0.250,0.000,0.380,0.090,0.410,0.350,
 0.610,0.110,0.410,0.180,0.020,0.030,0.110,0.070,0.340,0.280,0.200,0.330,
 0.090,0.040,0.020,0.210,0.160,0.010,0.010,0.000,0.050,0.000,0.170,0.000,
 0.010,0.090,0.030,0.190,0.060,0.010,0.020,0.050,0.000,0.000,0.180,0.060,
 0.020,0.000,0.000,0.010]
Training Group Acc: [0.866,0.000,0.000]
Epoch [73] Training Results: Prec@1 86.936 Prec@5 97.627 Loss 0.45074
Epoch [73] Training Class Recall: [0.834,0.758,0.609,0.536,0.527,0.670,0.660,0.680,0.710,0.734,0.625,0.564,
 0.715,0.725,0.707,0.663,0.693,0.794,0.707,0.694,0.686,0.858,0.719,0.842,
 0.692,0.761,0.699,0.757,0.848,0.820,0.866,0.786,0.794,0.862,0.827,0.807,
 0.867,0.837,0.826,0.853,0.843,0.903,0.841,0.867,0.834,0.882,0.881,0.912,
 0.886,0.940,0.895,0.929,0.961,0.926,0.950,0.900,0.928,0.934,0.951,0.953,
 0.966,0.956,0.953,0.958,0.945,0.933,0.958,0.956,0.978,0.983,0.945,0.963,
 0.974,0.941,0.972,0.983,0.984,0.963,0.970,0.972,0.984,0.965,0.982,0.949,
 0.964,0.986,0.978,0.992,0.971,0.989,0.990,0.989,0.986,0.988,0.994,0.994,
 0.998,0.984,0.990,0.988]
Testing Group Acc: [0.244,0.000,0.000]
Epoch [73] Testing Results: Prec@1 24.420 Prec@5 48.100 Loss 5.75084
Epoch [73] Testing Class Recall: [0.720,0.590,0.390,0.070,0.650,0.290,0.590,0.420,0.630,0.590,0.570,0.120,
 0.610,0.560,0.390,0.250,0.140,0.580,0.440,0.240,0.590,0.760,0.190,0.650,
 0.550,0.240,0.480,0.320,0.380,0.430,0.630,0.380,0.350,0.470,0.110,0.390,
 0.320,0.240,0.070,0.570,0.180,0.420,0.150,0.100,0.160,0.160,0.040,0.350,
 0.370,0.140,0.010,0.100,0.770,0.170,0.290,0.000,0.350,0.220,0.120,0.050,
 0.640,0.190,0.240,0.040,0.000,0.010,0.090,0.010,0.210,0.190,0.210,0.320,
 0.030,0.120,0.030,0.140,0.100,0.020,0.010,0.010,0.020,0.080,0.130,0.010,
 0.010,0.040,0.000,0.030,0.070,0.000,0.020,0.060,0.020,0.030,0.030,0.040,
 0.080,0.010,0.010,0.010]
Training Group Acc: [0.863,0.000,0.000]
Epoch [74] Training Results: Prec@1 86.640 Prec@5 97.678 Loss 0.45497
Epoch [74] Training Class Recall: [0.834,0.711,0.611,0.511,0.516,0.670,0.646,0.655,0.760,0.737,0.632,0.553,
 0.700,0.744,0.703,0.626,0.658,0.819,0.711,0.686,0.702,0.856,0.724,0.862,
 0.654,0.751,0.718,0.751,0.846,0.813,0.845,0.766,0.790,0.864,0.803,0.780,
 0.850,0.801,0.826,0.853,0.863,0.915,0.863,0.896,0.815,0.852,0.860,0.905,
 0.935,0.942,0.885,0.929,0.951,0.939,0.934,0.909,0.941,0.924,0.926,0.922,
 0.966,0.958,0.951,0.962,0.939,0.938,0.964,0.962,0.972,0.985,0.917,0.967,
 0.958,0.926,0.978,0.989,0.982,0.975,0.968,0.984,0.970,0.963,0.984,0.970,
 0.987,0.980,0.974,0.981,0.973,0.984,0.982,0.994,0.981,0.981,0.994,0.992,
 0.994,0.987,0.990,0.988]
Testing Group Acc: [0.256,0.000,0.000]
Epoch [74] Testing Results: Prec@1 25.630 Prec@5 48.860 Loss 5.28860
Epoch [74] Testing Class Recall: [0.680,0.620,0.480,0.390,0.530,0.630,0.590,0.540,0.570,0.640,0.320,0.310,
 0.640,0.530,0.090,0.440,0.290,0.770,0.240,0.160,0.790,0.660,0.160,0.460,
 0.670,0.230,0.100,0.230,0.300,0.310,0.600,0.450,0.280,0.360,0.170,0.160,
 0.190,0.190,0.080,0.350,0.370,0.490,0.400,0.300,0.050,0.260,0.140,0.420,
 0.290,0.190,0.030,0.260,0.620,0.320,0.150,0.050,0.300,0.130,0.230,0.250,
 0.620,0.180,0.390,0.090,0.020,0.060,0.090,0.090,0.460,0.180,0.160,0.480,
 0.020,0.040,0.000,0.150,0.150,0.000,0.000,0.040,0.000,0.050,0.260,0.000,
 0.010,0.040,0.000,0.010,0.030,0.010,0.100,0.030,0.000,0.000,0.310,0.010,
 0.050,0.000,0.000,0.050]
Training Group Acc: [0.864,0.000,0.000]
Epoch [75] Training Results: Prec@1 86.687 Prec@5 97.651 Loss 0.45770
Epoch [75] Training Class Recall: [0.847,0.753,0.598,0.502,0.516,0.707,0.689,0.667,0.727,0.719,0.621,0.545,
 0.731,0.732,0.674,0.680,0.668,0.812,0.728,0.705,0.713,0.838,0.709,0.824,
 0.729,0.718,0.733,0.765,0.866,0.813,0.843,0.791,0.828,0.841,0.815,0.772,
 0.869,0.816,0.807,0.865,0.825,0.915,0.880,0.878,0.834,0.854,0.867,0.912,
 0.898,0.920,0.901,0.945,0.961,0.933,0.938,0.900,0.937,0.938,0.926,0.912,
 0.951,0.952,0.960,0.966,0.917,0.933,0.937,0.952,0.982,0.961,0.947,0.967,
 0.958,0.922,0.972,0.979,0.986,0.973,0.966,0.970,0.976,0.965,0.990,0.964,
 0.967,0.978,0.969,0.977,0.985,0.991,0.988,0.985,0.967,0.977,0.996,0.988,
 0.994,0.982,0.987,0.993]
Testing Group Acc: [0.255,0.000,0.000]
Epoch [75] Testing Results: Prec@1 25.480 Prec@5 49.110 Loss 5.55158
Epoch [75] Testing Class Recall: [0.870,0.450,0.230,0.550,0.450,0.650,0.480,0.330,0.680,0.540,0.190,0.340,
 0.520,0.380,0.310,0.430,0.640,0.850,0.220,0.250,0.690,0.620,0.260,0.290,
 0.670,0.320,0.260,0.040,0.310,0.310,0.640,0.360,0.350,0.360,0.370,0.190,
 0.230,0.280,0.190,0.430,0.350,0.370,0.200,0.190,0.000,0.000,0.130,0.340,
 0.410,0.400,0.140,0.110,0.570,0.590,0.270,0.050,0.360,0.160,0.250,0.170,
 0.480,0.240,0.270,0.050,0.000,0.020,0.080,0.070,0.290,0.340,0.290,0.420,
 0.020,0.100,0.010,0.060,0.190,0.020,0.000,0.020,0.000,0.010,0.180,0.030,
 0.020,0.070,0.000,0.130,0.000,0.010,0.010,0.050,0.000,0.000,0.210,0.110,
 0.080,0.010,0.000,0.000]
Training Group Acc: [0.864,0.000,0.000]
Epoch [76] Training Results: Prec@1 86.616 Prec@5 97.724 Loss 0.45926
Epoch [76] Training Class Recall: [0.841,0.713,0.578,0.528,0.506,0.685,0.660,0.680,0.742,0.721,0.641,0.545,
 0.707,0.742,0.685,0.685,0.666,0.780,0.707,0.690,0.734,0.844,0.694,0.874,
 0.701,0.748,0.710,0.743,0.856,0.815,0.889,0.793,0.775,0.833,0.793,0.774,
 0.869,0.835,0.807,0.860,0.834,0.892,0.861,0.867,0.801,0.863,0.879,0.926,
 0.918,0.918,0.901,0.927,0.959,0.939,0.938,0.909,0.937,0.945,0.935,0.945,
 0.972,0.945,0.949,0.935,0.928,0.931,0.956,0.952,0.978,0.967,0.956,0.969,
 0.974,0.955,0.962,0.981,0.988,0.963,0.962,0.958,0.974,0.965,0.979,0.964,
 0.985,0.980,0.974,0.979,0.983,0.973,0.988,0.989,0.986,0.981,0.994,0.994,
 0.994,0.989,0.984,0.979]
Testing Group Acc: [0.261,0.000,0.000]
Epoch [76] Testing Results: Prec@1 26.070 Prec@5 49.460 Loss 5.61536
Epoch [76] Testing Class Recall: [0.570,0.400,0.690,0.290,0.400,0.620,0.490,0.310,0.520,0.640,0.250,0.010,
 0.560,0.320,0.300,0.370,0.540,0.820,0.470,0.320,0.750,0.410,0.380,0.580,
 0.600,0.190,0.140,0.200,0.590,0.330,0.760,0.420,0.320,0.530,0.350,0.030,
 0.440,0.230,0.160,0.480,0.190,0.240,0.280,0.290,0.040,0.010,0.120,0.300,
 0.120,0.220,0.080,0.240,0.470,0.620,0.390,0.020,0.430,0.420,0.110,0.300,
 0.570,0.280,0.220,0.120,0.000,0.010,0.100,0.040,0.230,0.430,0.290,0.630,
 0.080,0.060,0.050,0.190,0.220,0.030,0.010,0.020,0.020,0.010,0.170,0.020,
 0.010,0.030,0.000,0.020,0.020,0.000,0.040,0.050,0.000,0.000,0.400,0.010,
 0.010,0.000,0.000,0.010]
Training Group Acc: [0.863,0.000,0.000]
Epoch [77] Training Results: Prec@1 86.522 Prec@5 97.727 Loss 0.45997
Epoch [77] Training Class Recall: [0.860,0.747,0.598,0.481,0.492,0.692,0.680,0.657,0.768,0.727,0.629,0.524,
 0.756,0.735,0.703,0.676,0.676,0.823,0.701,0.684,0.782,0.821,0.714,0.830,
 0.673,0.720,0.727,0.743,0.862,0.797,0.837,0.764,0.788,0.846,0.811,0.791,
 0.863,0.814,0.801,0.865,0.852,0.906,0.863,0.861,0.838,0.837,0.860,0.907,
 0.915,0.924,0.856,0.902,0.949,0.933,0.927,0.902,0.939,0.924,0.944,0.949,
 0.963,0.969,0.969,0.958,0.932,0.910,0.935,0.958,0.980,0.974,0.940,0.958,
 0.963,0.914,0.970,0.983,0.988,0.969,0.978,0.970,0.984,0.972,0.979,0.972,
 0.979,0.974,0.978,0.987,0.981,0.982,0.986,0.992,0.978,0.992,0.994,0.984,
 0.990,0.989,0.987,0.986]
Testing Group Acc: [0.231,0.000,0.000]
Epoch [77] Testing Results: Prec@1 23.090 Prec@5 45.010 Loss 5.90429
Epoch [77] Testing Class Recall: [0.760,0.810,0.300,0.600,0.520,0.320,0.620,0.660,0.660,0.590,0.060,0.420,
 0.590,0.830,0.150,0.240,0.480,0.550,0.390,0.180,0.770,0.690,0.490,0.580,
 0.630,0.310,0.150,0.330,0.390,0.210,0.400,0.200,0.230,0.460,0.090,0.180,
 0.100,0.060,0.150,0.140,0.440,0.500,0.090,0.060,0.080,0.110,0.020,0.330,
 0.290,0.250,0.020,0.150,0.540,0.620,0.150,0.020,0.270,0.180,0.070,0.140,
 0.340,0.070,0.220,0.060,0.000,0.010,0.060,0.070,0.270,0.160,0.080,0.450,
 0.010,0.150,0.000,0.150,0.110,0.010,0.000,0.000,0.010,0.000,0.020,0.000,
 0.000,0.010,0.010,0.040,0.030,0.010,0.020,0.000,0.020,0.000,0.040,0.030,
 0.010,0.000,0.000,0.000]
Training Group Acc: [0.868,0.000,0.000]
Epoch [78] Training Results: Prec@1 87.060 Prec@5 97.827 Loss 0.43886
Epoch [78] Training Class Recall: [0.854,0.733,0.609,0.551,0.508,0.687,0.633,0.669,0.749,0.716,0.638,0.559,
 0.746,0.727,0.661,0.652,0.688,0.849,0.724,0.707,0.745,0.833,0.694,0.844,
 0.664,0.764,0.718,0.755,0.870,0.822,0.868,0.805,0.824,0.860,0.823,0.815,
 0.859,0.858,0.830,0.867,0.850,0.892,0.884,0.910,0.801,0.871,0.862,0.920,
 0.929,0.928,0.899,0.943,0.961,0.933,0.927,0.898,0.939,0.945,0.937,0.953,
 0.959,0.945,0.958,0.956,0.939,0.920,0.947,0.958,0.972,0.972,0.942,0.967,
 0.967,0.948,0.980,0.975,0.988,0.959,0.960,0.964,0.978,0.965,0.987,0.972,
 0.979,0.984,0.982,0.985,0.973,0.986,0.982,0.985,0.973,0.983,0.988,0.990,
 0.994,0.982,0.980,0.991]
Testing Group Acc: [0.225,0.000,0.000]
Epoch [78] Testing Results: Prec@1 22.500 Prec@5 46.080 Loss 5.48118
Epoch [78] Testing Class Recall: [0.600,0.730,0.700,0.840,0.230,0.530,0.790,0.480,0.770,0.470,0.280,0.350,
 0.610,0.350,0.170,0.070,0.650,0.550,0.510,0.190,0.670,0.370,0.160,0.540,
 0.440,0.310,0.210,0.210,0.550,0.450,0.410,0.070,0.120,0.290,0.050,0.030,
 0.350,0.200,0.140,0.320,0.330,0.260,0.230,0.090,0.040,0.050,0.070,0.420,
 0.110,0.260,0.050,0.050,0.490,0.600,0.230,0.020,0.180,0.080,0.100,0.210,
 0.470,0.120,0.230,0.080,0.030,0.010,0.010,0.060,0.290,0.130,0.150,0.460,
 0.000,0.020,0.050,0.050,0.210,0.010,0.000,0.010,0.010,0.000,0.040,0.010,
 0.010,0.000,0.000,0.100,0.100,0.000,0.010,0.030,0.050,0.000,0.080,0.020,
 0.010,0.000,0.000,0.010]
Training Group Acc: [0.866,0.000,0.000]
Epoch [79] Training Results: Prec@1 86.804 Prec@5 97.820 Loss 0.44567
Epoch [79] Training Class Recall: [0.847,0.750,0.618,0.528,0.529,0.707,0.653,0.672,0.706,0.724,0.605,0.564,
 0.729,0.756,0.672,0.670,0.698,0.835,0.701,0.732,0.755,0.829,0.709,0.817,
 0.715,0.713,0.720,0.769,0.877,0.820,0.887,0.797,0.820,0.850,0.821,0.777,
 0.859,0.849,0.790,0.840,0.850,0.889,0.855,0.863,0.795,0.858,0.884,0.909,
 0.901,0.922,0.918,0.935,0.949,0.948,0.924,0.909,0.937,0.941,0.937,0.937,
 0.959,0.963,0.944,0.958,0.919,0.933,0.943,0.960,0.980,0.967,0.933,0.965,
 0.965,0.937,0.970,0.960,0.974,0.971,0.968,0.970,0.982,0.979,0.979,0.972,
 0.977,0.976,0.980,0.987,0.975,0.989,0.988,0.983,0.970,0.979,0.994,0.992,
 0.990,0.995,0.997,0.975]
Testing Group Acc: [0.222,0.000,0.000]
Epoch [79] Testing Results: Prec@1 22.230 Prec@5 44.920 Loss 6.00886
Epoch [79] Testing Class Recall: [0.620,0.780,0.610,0.450,0.650,0.480,0.570,0.350,0.470,0.420,0.350,0.160,
 0.490,0.580,0.330,0.430,0.120,0.470,0.660,0.450,0.650,0.420,0.420,0.620,
 0.790,0.150,0.400,0.090,0.310,0.300,0.450,0.120,0.160,0.200,0.050,0.120,
 0.250,0.040,0.050,0.510,0.210,0.140,0.140,0.200,0.030,0.210,0.060,0.260,
 0.350,0.270,0.020,0.030,0.630,0.310,0.080,0.040,0.300,0.210,0.190,0.110,
 0.610,0.140,0.220,0.080,0.020,0.010,0.040,0.280,0.160,0.190,0.120,0.090,
 0.030,0.030,0.030,0.070,0.250,0.020,0.000,0.000,0.000,0.060,0.110,0.020,
 0.020,0.020,0.000,0.000,0.010,0.000,0.020,0.000,0.000,0.000,0.170,0.040,
 0.030,0.000,0.000,0.010]
Training Group Acc: [0.868,0.000,0.000]
Epoch [80] Training Results: Prec@1 87.053 Prec@5 97.816 Loss 0.44243
Epoch [80] Training Class Recall: [0.837,0.753,0.607,0.538,0.527,0.712,0.658,0.669,0.717,0.732,0.616,0.580,
 0.721,0.751,0.674,0.657,0.708,0.812,0.717,0.692,0.755,0.825,0.727,0.836,
 0.682,0.753,0.708,0.759,0.877,0.840,0.885,0.789,0.796,0.852,0.805,0.793,
 0.865,0.845,0.828,0.863,0.841,0.883,0.884,0.884,0.832,0.854,0.857,0.901,
 0.915,0.951,0.868,0.929,0.942,0.939,0.929,0.911,0.939,0.934,0.948,0.951,
 0.970,0.949,0.956,0.948,0.939,0.933,0.952,0.958,0.976,0.967,0.954,0.978,
 0.954,0.952,0.972,0.983,0.978,0.967,0.980,0.976,0.980,0.967,0.982,0.967,
 0.977,0.982,0.985,0.989,0.992,0.991,0.982,0.985,0.981,0.994,0.998,0.994,
 0.992,0.992,1.000,0.984]
Testing Group Acc: [0.232,0.000,0.000]
Epoch [80] Testing Results: Prec@1 23.200 Prec@5 46.670 Loss 5.50474
Epoch [80] Testing Class Recall: [0.510,0.810,0.630,0.370,0.560,0.300,0.730,0.500,0.450,0.430,0.300,0.150,
 0.240,0.330,0.250,0.420,0.260,0.790,0.440,0.190,0.570,0.430,0.220,0.620,
 0.680,0.420,0.130,0.440,0.280,0.330,0.420,0.180,0.230,0.320,0.160,0.010,
 0.380,0.180,0.130,0.400,0.240,0.240,0.120,0.280,0.040,0.260,0.050,0.380,
 0.280,0.210,0.060,0.070,0.450,0.590,0.150,0.010,0.420,0.310,0.200,0.270,
 0.410,0.120,0.240,0.180,0.080,0.030,0.050,0.190,0.290,0.310,0.170,0.150,
 0.010,0.110,0.050,0.030,0.330,0.010,0.000,0.000,0.000,0.050,0.220,0.010,
 0.030,0.020,0.020,0.020,0.060,0.000,0.050,0.020,0.000,0.000,0.050,0.030,
 0.000,0.000,0.000,0.040]
Training Group Acc: [0.864,0.000,0.000]
Epoch [81] Training Results: Prec@1 86.689 Prec@5 97.771 Loss 0.45434
Epoch [81] Training Class Recall: [0.791,0.733,0.616,0.557,0.508,0.705,0.662,0.684,0.710,0.758,0.618,0.551,
 0.733,0.725,0.659,0.665,0.715,0.804,0.732,0.717,0.761,0.840,0.658,0.858,
 0.678,0.735,0.708,0.747,0.864,0.782,0.868,0.793,0.796,0.827,0.819,0.793,
 0.875,0.808,0.826,0.851,0.859,0.926,0.865,0.884,0.840,0.856,0.874,0.914,
 0.892,0.911,0.899,0.924,0.965,0.933,0.941,0.900,0.943,0.936,0.951,0.951,
 0.963,0.945,0.956,0.956,0.934,0.923,0.937,0.939,0.980,0.959,0.956,0.954,
 0.963,0.896,0.970,0.964,0.982,0.956,0.957,0.982,0.976,0.979,0.979,0.957,
 0.985,0.984,0.963,0.983,0.973,0.977,0.984,0.987,0.973,0.988,0.984,0.996,
 0.994,0.989,0.987,0.993]
Testing Group Acc: [0.256,0.000,0.000]
Epoch [81] Testing Results: Prec@1 25.600 Prec@5 47.950 Loss 5.87278
Epoch [81] Testing Class Recall: [0.650,0.690,0.360,0.280,0.350,0.390,0.650,0.640,0.810,0.610,0.230,0.400,
 0.700,0.560,0.320,0.250,0.450,0.750,0.450,0.420,0.630,0.600,0.550,0.490,
 0.580,0.230,0.390,0.110,0.570,0.150,0.540,0.480,0.140,0.570,0.230,0.100,
 0.170,0.130,0.060,0.540,0.350,0.420,0.250,0.270,0.110,0.110,0.070,0.560,
 0.230,0.200,0.010,0.050,0.460,0.360,0.110,0.100,0.360,0.300,0.430,0.210,
 0.480,0.120,0.260,0.020,0.000,0.020,0.140,0.100,0.380,0.200,0.190,0.340,
 0.010,0.080,0.070,0.160,0.300,0.000,0.020,0.010,0.000,0.010,0.250,0.040,
 0.010,0.010,0.000,0.010,0.020,0.010,0.030,0.000,0.020,0.000,0.110,0.000,
 0.000,0.000,0.000,0.000]
Training Group Acc: [0.869,0.000,0.000]
Epoch [82] Training Results: Prec@1 87.182 Prec@5 97.891 Loss 0.43653
Epoch [82] Training Class Recall: [0.824,0.739,0.654,0.523,0.561,0.705,0.685,0.663,0.740,0.745,0.643,0.529,
 0.713,0.744,0.705,0.672,0.700,0.841,0.697,0.726,0.718,0.856,0.722,0.844,
 0.678,0.705,0.701,0.757,0.881,0.811,0.885,0.786,0.803,0.850,0.848,0.796,
 0.869,0.837,0.853,0.840,0.841,0.906,0.863,0.890,0.830,0.858,0.901,0.930,
 0.881,0.920,0.889,0.939,0.959,0.953,0.936,0.911,0.943,0.929,0.951,0.945,
 0.957,0.945,0.940,0.952,0.928,0.929,0.954,0.966,0.978,0.969,0.919,0.960,
 0.958,0.933,0.974,0.987,0.980,0.975,0.974,0.978,0.988,0.979,0.984,0.964,
 0.973,0.984,0.967,0.981,0.985,0.986,0.990,0.983,0.984,0.990,1.000,0.996,
 0.996,0.982,0.984,0.993]
Testing Group Acc: [0.262,0.000,0.000]
Epoch [82] Testing Results: Prec@1 26.210 Prec@5 49.560 Loss 5.53345
Epoch [82] Testing Class Recall: [0.530,0.250,0.100,0.250,0.230,0.570,0.290,0.440,0.480,0.640,0.300,0.360,
 0.550,0.620,0.310,0.440,0.620,0.670,0.440,0.290,0.700,0.720,0.280,0.540,
 0.370,0.270,0.340,0.310,0.380,0.470,0.720,0.520,0.360,0.450,0.230,0.200,
 0.250,0.280,0.100,0.490,0.100,0.560,0.200,0.130,0.030,0.060,0.090,0.320,
 0.270,0.380,0.030,0.070,0.650,0.610,0.410,0.000,0.340,0.290,0.200,0.280,
 0.680,0.280,0.680,0.140,0.010,0.040,0.070,0.070,0.630,0.340,0.210,0.370,
 0.000,0.150,0.030,0.070,0.220,0.000,0.020,0.060,0.010,0.020,0.030,0.080,
 0.000,0.140,0.000,0.130,0.000,0.000,0.030,0.120,0.000,0.000,0.070,0.090,
 0.020,0.010,0.000,0.010]
Training Group Acc: [0.864,0.000,0.000]
Epoch [83] Training Results: Prec@1 86.707 Prec@5 97.767 Loss 0.45162
Epoch [83] Training Class Recall: [0.841,0.688,0.613,0.483,0.529,0.678,0.653,0.665,0.745,0.763,0.621,0.521,
 0.721,0.761,0.672,0.691,0.656,0.802,0.734,0.728,0.723,0.835,0.689,0.842,
 0.640,0.748,0.701,0.765,0.833,0.793,0.876,0.780,0.822,0.843,0.807,0.818,
 0.877,0.851,0.846,0.847,0.839,0.889,0.867,0.880,0.838,0.882,0.869,0.912,
 0.932,0.924,0.878,0.924,0.955,0.928,0.938,0.888,0.949,0.934,0.939,0.937,
 0.959,0.958,0.949,0.952,0.923,0.927,0.939,0.956,0.972,0.967,0.933,0.960,
 0.974,0.918,0.962,0.972,0.974,0.971,0.978,0.972,0.968,0.981,0.982,0.972,
 0.985,0.978,0.974,0.979,0.988,0.991,0.984,0.985,0.984,0.990,0.994,0.984,
 0.992,0.992,0.984,0.986]
Testing Group Acc: [0.250,0.000,0.000]
Epoch [83] Testing Results: Prec@1 25.000 Prec@5 48.110 Loss 5.76556
Epoch [83] Testing Class Recall: [0.830,0.710,0.220,0.480,0.400,0.510,0.520,0.390,0.560,0.770,0.350,0.390,
 0.590,0.330,0.400,0.560,0.660,0.750,0.240,0.350,0.610,0.410,0.210,0.570,
 0.670,0.400,0.270,0.290,0.520,0.280,0.510,0.370,0.290,0.520,0.320,0.080,
 0.160,0.120,0.320,0.270,0.170,0.540,0.170,0.300,0.080,0.100,0.100,0.340,
 0.290,0.100,0.000,0.210,0.320,0.460,0.270,0.010,0.290,0.150,0.320,0.220,
 0.660,0.140,0.470,0.080,0.010,0.030,0.040,0.060,0.370,0.120,0.260,0.170,
 0.000,0.110,0.080,0.000,0.240,0.010,0.000,0.000,0.020,0.000,0.080,0.030,
 0.040,0.070,0.010,0.000,0.000,0.000,0.020,0.020,0.000,0.000,0.090,0.020,
 0.070,0.000,0.000,0.040]
Training Group Acc: [0.867,0.000,0.000]
Epoch [84] Training Results: Prec@1 86.913 Prec@5 97.878 Loss 0.44382
Epoch [84] Training Class Recall: [0.807,0.730,0.560,0.515,0.557,0.729,0.685,0.695,0.721,0.745,0.634,0.535,
 0.740,0.761,0.689,0.680,0.661,0.829,0.707,0.700,0.755,0.827,0.668,0.852,
 0.738,0.718,0.703,0.749,0.866,0.826,0.872,0.815,0.811,0.848,0.795,0.780,
 0.885,0.849,0.817,0.849,0.857,0.917,0.876,0.873,0.846,0.871,0.872,0.899,
 0.923,0.944,0.887,0.937,0.940,0.944,0.920,0.896,0.949,0.931,0.928,0.924,
 0.959,0.945,0.942,0.966,0.947,0.942,0.947,0.950,0.990,0.969,0.945,0.965,
 0.963,0.933,0.964,0.977,0.982,0.965,0.955,0.972,0.968,0.958,0.992,0.980,
 0.981,0.982,0.969,0.989,0.960,0.984,0.984,0.994,0.973,0.985,0.990,0.992,
 0.996,0.989,0.987,0.984]
Testing Group Acc: [0.245,0.000,0.000]
Epoch [84] Testing Results: Prec@1 24.530 Prec@5 47.320 Loss 5.76547
Epoch [84] Testing Class Recall: [0.620,0.420,0.660,0.490,0.450,0.420,0.430,0.600,0.210,0.480,0.470,0.230,
 0.500,0.280,0.390,0.600,0.390,0.580,0.440,0.290,0.600,0.630,0.320,0.500,
 0.740,0.300,0.160,0.130,0.340,0.220,0.600,0.230,0.070,0.560,0.120,0.360,
 0.450,0.130,0.030,0.240,0.170,0.480,0.070,0.360,0.090,0.090,0.040,0.190,
 0.250,0.060,0.150,0.180,0.540,0.530,0.190,0.060,0.280,0.280,0.360,0.210,
 0.400,0.160,0.200,0.090,0.000,0.010,0.120,0.280,0.110,0.420,0.360,0.230,
 0.030,0.060,0.130,0.250,0.340,0.030,0.000,0.010,0.020,0.130,0.230,0.120,
 0.010,0.060,0.000,0.000,0.000,0.000,0.120,0.020,0.020,0.000,0.190,0.030,
 0.060,0.010,0.000,0.020]
Training Group Acc: [0.868,0.000,0.000]
Epoch [85] Training Results: Prec@1 87.051 Prec@5 97.902 Loss 0.44188
Epoch [85] Training Class Recall: [0.807,0.713,0.618,0.540,0.531,0.698,0.680,0.686,0.719,0.737,0.641,0.561,
 0.702,0.754,0.709,0.670,0.695,0.806,0.703,0.719,0.718,0.810,0.749,0.868,
 0.710,0.737,0.714,0.761,0.831,0.822,0.891,0.789,0.815,0.856,0.829,0.791,
 0.859,0.820,0.836,0.844,0.848,0.883,0.878,0.894,0.823,0.834,0.857,0.920,
 0.903,0.934,0.889,0.937,0.963,0.930,0.936,0.884,0.934,0.934,0.942,0.945,
 0.968,0.947,0.973,0.960,0.934,0.944,0.947,0.954,0.976,0.974,0.940,0.971,
 0.967,0.955,0.978,0.989,0.984,0.954,0.962,0.974,0.988,0.988,0.995,0.972,
 0.985,0.984,0.967,0.979,0.975,0.982,0.988,0.987,0.984,0.988,0.996,0.992,
 0.994,0.989,0.987,0.988]
Testing Group Acc: [0.242,0.000,0.000]
Epoch [85] Testing Results: Prec@1 24.160 Prec@5 46.950 Loss 5.95636
Epoch [85] Testing Class Recall: [0.740,0.500,0.480,0.280,0.360,0.170,0.500,0.600,0.540,0.850,0.350,0.370,
 0.620,0.490,0.550,0.390,0.360,0.690,0.360,0.150,0.640,0.770,0.310,0.420,
 0.410,0.250,0.340,0.100,0.430,0.400,0.430,0.280,0.180,0.560,0.110,0.200,
 0.260,0.150,0.060,0.460,0.180,0.580,0.200,0.500,0.030,0.100,0.060,0.280,
 0.320,0.220,0.090,0.050,0.450,0.470,0.550,0.050,0.340,0.180,0.160,0.140,
 0.190,0.190,0.240,0.130,0.000,0.010,0.030,0.210,0.140,0.350,0.320,0.140,
 0.020,0.020,0.010,0.100,0.240,0.030,0.030,0.050,0.000,0.020,0.160,0.050,
 0.050,0.040,0.000,0.000,0.050,0.000,0.030,0.080,0.000,0.000,0.100,0.010,
 0.040,0.000,0.000,0.020]
Training Group Acc: [0.868,0.000,0.000]
Epoch [86] Training Results: Prec@1 87.053 Prec@5 97.909 Loss 0.43877
Epoch [86] Training Class Recall: [0.864,0.730,0.620,0.517,0.512,0.705,0.680,0.657,0.727,0.755,0.632,0.559,
 0.733,0.761,0.694,0.665,0.700,0.817,0.667,0.694,0.734,0.842,0.673,0.838,
 0.659,0.757,0.692,0.773,0.868,0.788,0.868,0.803,0.813,0.868,0.823,0.788,
 0.869,0.824,0.842,0.853,0.872,0.920,0.845,0.859,0.819,0.839,0.898,0.907,
 0.929,0.938,0.891,0.935,0.953,0.939,0.938,0.921,0.939,0.945,0.944,0.941,
 0.972,0.963,0.953,0.964,0.941,0.944,0.962,0.958,0.974,0.974,0.945,0.971,
 0.972,0.933,0.970,0.975,0.974,0.975,0.972,0.964,0.980,0.974,0.984,0.964,
 0.983,0.990,0.974,0.981,0.985,0.989,0.990,0.987,0.986,0.988,0.986,0.988,
 0.996,0.989,0.987,0.991]
Testing Group Acc: [0.237,0.000,0.000]
Epoch [86] Testing Results: Prec@1 23.650 Prec@5 46.640 Loss 5.43507
Epoch [86] Testing Class Recall: [0.580,0.510,0.250,0.060,0.470,0.490,0.520,0.580,0.660,0.500,0.250,0.690,
 0.580,0.640,0.530,0.390,0.340,0.590,0.370,0.190,0.800,0.840,0.250,0.520,
 0.410,0.310,0.260,0.060,0.450,0.350,0.580,0.230,0.340,0.310,0.220,0.150,
 0.290,0.330,0.190,0.320,0.250,0.360,0.130,0.320,0.060,0.020,0.080,0.210,
 0.600,0.360,0.120,0.120,0.360,0.400,0.370,0.020,0.060,0.340,0.180,0.140,
 0.200,0.140,0.370,0.030,0.020,0.020,0.060,0.070,0.210,0.260,0.130,0.200,
 0.000,0.130,0.010,0.250,0.070,0.030,0.040,0.010,0.000,0.000,0.000,0.060,
 0.000,0.030,0.000,0.000,0.060,0.010,0.020,0.020,0.000,0.050,0.100,0.110,
 0.010,0.010,0.000,0.020]
Training Group Acc: [0.868,0.000,0.000]
Epoch [87] Training Results: Prec@1 87.047 Prec@5 97.818 Loss 0.43919
Epoch [87] Training Class Recall: [0.824,0.747,0.634,0.508,0.533,0.738,0.671,0.686,0.749,0.727,0.623,0.532,
 0.702,0.756,0.698,0.674,0.681,0.829,0.707,0.719,0.718,0.852,0.724,0.830,
 0.748,0.720,0.751,0.753,0.854,0.803,0.860,0.780,0.807,0.850,0.823,0.796,
 0.875,0.849,0.830,0.849,0.852,0.900,0.857,0.876,0.840,0.858,0.862,0.912,
 0.903,0.930,0.899,0.947,0.947,0.946,0.908,0.888,0.937,0.957,0.922,0.959,
 0.972,0.956,0.964,0.958,0.932,0.942,0.949,0.962,0.976,0.963,0.935,0.960,
 0.965,0.900,0.974,0.968,0.986,0.965,0.980,0.970,0.986,0.972,0.995,0.970,
 0.975,0.992,0.976,0.981,0.969,0.973,0.994,0.992,0.976,0.988,0.994,0.992,
 0.996,0.987,0.993,0.984]
Testing Group Acc: [0.258,0.000,0.000]
Epoch [87] Testing Results: Prec@1 25.800 Prec@5 49.760 Loss 5.33468
Epoch [87] Testing Class Recall: [0.770,0.730,0.580,0.380,0.470,0.340,0.670,0.460,0.440,0.710,0.170,0.270,
 0.390,0.530,0.390,0.210,0.270,0.780,0.490,0.180,0.740,0.620,0.590,0.610,
 0.510,0.310,0.310,0.270,0.570,0.230,0.570,0.210,0.230,0.350,0.170,0.080,
 0.490,0.150,0.280,0.680,0.230,0.560,0.290,0.460,0.070,0.070,0.160,0.590,
 0.170,0.140,0.070,0.040,0.580,0.520,0.240,0.080,0.220,0.210,0.130,0.130,
 0.680,0.160,0.270,0.150,0.000,0.010,0.010,0.130,0.330,0.280,0.160,0.140,
 0.000,0.030,0.040,0.080,0.260,0.000,0.000,0.000,0.000,0.040,0.110,0.110,
 0.010,0.070,0.000,0.060,0.170,0.000,0.050,0.060,0.000,0.000,0.150,0.060,
 0.010,0.000,0.000,0.010]
Training Group Acc: [0.874,0.000,0.000]
Epoch [88] Training Results: Prec@1 87.704 Prec@5 98.044 Loss 0.41954
Epoch [88] Training Class Recall: [0.841,0.733,0.631,0.581,0.568,0.716,0.687,0.689,0.738,0.779,0.638,0.553,
 0.731,0.749,0.692,0.687,0.698,0.829,0.697,0.726,0.734,0.844,0.714,0.852,
 0.650,0.748,0.735,0.794,0.866,0.817,0.893,0.803,0.811,0.854,0.833,0.810,
 0.881,0.856,0.849,0.851,0.852,0.900,0.878,0.888,0.840,0.885,0.893,0.932,
 0.906,0.932,0.885,0.947,0.963,0.942,0.952,0.904,0.943,0.929,0.942,0.955,
 0.959,0.954,0.956,0.950,0.941,0.925,0.956,0.962,0.967,0.963,0.949,0.976,
 0.978,0.955,0.986,0.981,0.980,0.975,0.968,0.968,0.980,0.977,0.984,0.962,
 0.981,0.990,0.971,0.987,0.988,0.984,0.992,0.992,0.978,0.990,0.996,0.996,
 0.998,0.997,0.997,0.986]
Testing Group Acc: [0.254,0.000,0.000]
Epoch [88] Testing Results: Prec@1 25.430 Prec@5 48.970 Loss 5.68697
Epoch [88] Testing Class Recall: [0.690,0.700,0.420,0.580,0.080,0.500,0.400,0.320,0.440,0.490,0.500,0.210,
 0.640,0.700,0.280,0.500,0.740,0.550,0.510,0.340,0.650,0.400,0.160,0.620,
 0.500,0.220,0.220,0.180,0.480,0.230,0.530,0.280,0.270,0.500,0.510,0.130,
 0.380,0.140,0.200,0.530,0.210,0.250,0.110,0.210,0.030,0.310,0.050,0.300,
 0.230,0.380,0.020,0.230,0.570,0.550,0.230,0.000,0.430,0.060,0.130,0.270,
 0.500,0.190,0.340,0.130,0.000,0.080,0.090,0.190,0.480,0.230,0.220,0.140,
 0.000,0.020,0.010,0.270,0.190,0.000,0.030,0.010,0.010,0.030,0.320,0.090,
 0.010,0.080,0.010,0.090,0.090,0.000,0.000,0.030,0.010,0.000,0.050,0.040,
 0.060,0.000,0.000,0.100]
Training Group Acc: [0.867,0.000,0.000]
Epoch [89] Training Results: Prec@1 86.913 Prec@5 97.880 Loss 0.44458
Epoch [89] Training Class Recall: [0.824,0.739,0.609,0.508,0.541,0.678,0.660,0.661,0.725,0.771,0.641,0.588,
 0.752,0.742,0.692,0.641,0.681,0.800,0.707,0.713,0.755,0.835,0.719,0.836,
 0.710,0.759,0.690,0.759,0.854,0.826,0.872,0.797,0.773,0.870,0.813,0.826,
 0.885,0.828,0.803,0.835,0.807,0.912,0.857,0.861,0.795,0.880,0.896,0.907,
 0.906,0.940,0.887,0.937,0.951,0.935,0.943,0.909,0.947,0.927,0.935,0.945,
 0.963,0.932,0.944,0.962,0.937,0.944,0.958,0.952,0.980,0.972,0.947,0.971,
 0.961,0.944,0.970,0.979,0.988,0.961,0.964,0.978,0.978,0.981,0.982,0.957,
 0.981,0.982,0.985,0.985,0.990,0.982,0.976,0.989,0.984,0.988,0.994,0.994,
 0.990,0.989,0.990,0.988]
Testing Group Acc: [0.246,0.000,0.000]
Epoch [89] Testing Results: Prec@1 24.640 Prec@5 46.350 Loss 5.75215
Epoch [89] Testing Class Recall: [0.770,0.590,0.620,0.240,0.340,0.660,0.610,0.750,0.610,0.570,0.180,0.360,
 0.720,0.400,0.430,0.550,0.590,0.640,0.430,0.370,0.510,0.460,0.360,0.590,
 0.390,0.080,0.350,0.260,0.560,0.390,0.520,0.510,0.270,0.300,0.330,0.000,
 0.430,0.160,0.120,0.490,0.380,0.270,0.390,0.100,0.060,0.040,0.110,0.200,
 0.140,0.170,0.050,0.190,0.480,0.590,0.170,0.010,0.180,0.230,0.100,0.260,
 0.630,0.100,0.220,0.060,0.000,0.040,0.040,0.090,0.220,0.240,0.080,0.240,
 0.010,0.080,0.010,0.200,0.250,0.000,0.000,0.010,0.020,0.000,0.150,0.010,
 0.030,0.020,0.000,0.000,0.050,0.000,0.010,0.010,0.010,0.000,0.060,0.090,
 0.010,0.000,0.000,0.020]
Training Group Acc: [0.870,0.000,0.000]
Epoch [90] Training Results: Prec@1 87.311 Prec@5 98.029 Loss 0.43027
Epoch [90] Training Class Recall: [0.841,0.711,0.622,0.549,0.553,0.729,0.662,0.674,0.730,0.750,0.632,0.575,
 0.754,0.763,0.711,0.644,0.676,0.819,0.752,0.696,0.745,0.821,0.704,0.846,
 0.687,0.753,0.727,0.761,0.850,0.815,0.878,0.780,0.813,0.884,0.803,0.793,
 0.875,0.843,0.830,0.865,0.832,0.897,0.867,0.890,0.821,0.865,0.879,0.922,
 0.892,0.922,0.895,0.937,0.959,0.944,0.918,0.939,0.947,0.945,0.930,0.943,
 0.972,0.945,0.967,0.962,0.945,0.940,0.939,0.973,0.986,0.969,0.933,0.978,
 0.963,0.937,0.982,0.977,0.990,0.971,0.984,0.980,0.980,0.977,0.982,0.957,
 0.977,0.982,0.980,0.981,0.977,0.993,0.974,1.000,0.976,0.994,0.990,0.990,
 0.992,0.989,0.993,0.982]
Testing Group Acc: [0.250,0.000,0.000]
Epoch [90] Testing Results: Prec@1 24.980 Prec@5 49.390 Loss 5.60868
Epoch [90] Testing Class Recall: [0.790,0.460,0.400,0.190,0.070,0.550,0.600,0.690,0.390,0.490,0.210,0.300,
 0.560,0.210,0.250,0.090,0.520,0.600,0.520,0.360,0.630,0.710,0.530,0.600,
 0.640,0.250,0.140,0.140,0.310,0.510,0.480,0.280,0.080,0.470,0.290,0.380,
 0.290,0.160,0.160,0.220,0.100,0.320,0.200,0.250,0.190,0.050,0.150,0.370,
 0.470,0.200,0.120,0.300,0.780,0.380,0.130,0.110,0.380,0.150,0.360,0.180,
 0.460,0.110,0.240,0.130,0.020,0.000,0.040,0.120,0.280,0.130,0.250,0.100,
 0.040,0.040,0.040,0.190,0.350,0.070,0.030,0.030,0.000,0.050,0.450,0.140,
 0.030,0.120,0.000,0.150,0.080,0.010,0.130,0.000,0.010,0.040,0.220,0.070,
 0.100,0.000,0.000,0.000]
Training Group Acc: [0.869,0.000,0.000]
Epoch [91] Training Results: Prec@1 87.164 Prec@5 97.869 Loss 0.43776
Epoch [91] Training Class Recall: [0.864,0.747,0.616,0.540,0.545,0.725,0.676,0.680,0.727,0.753,0.636,0.529,
 0.744,0.763,0.725,0.674,0.703,0.831,0.724,0.703,0.766,0.842,0.757,0.834,
 0.626,0.731,0.697,0.743,0.842,0.822,0.876,0.791,0.807,0.850,0.829,0.821,
 0.879,0.833,0.811,0.865,0.843,0.895,0.876,0.898,0.823,0.863,0.872,0.928,
 0.895,0.936,0.882,0.920,0.957,0.935,0.929,0.898,0.945,0.938,0.926,0.949,
 0.961,0.963,0.951,0.954,0.950,0.927,0.935,0.954,0.982,0.972,0.940,0.945,
 0.974,0.948,0.974,0.983,0.976,0.965,0.970,0.964,0.980,0.981,0.987,0.967,
 0.971,0.990,0.978,0.968,0.973,0.984,0.980,0.985,0.984,0.992,0.998,0.996,
 0.994,0.989,0.990,0.993]
Testing Group Acc: [0.241,0.000,0.000]
Epoch [91] Testing Results: Prec@1 24.130 Prec@5 47.030 Loss 5.81878
Epoch [91] Testing Class Recall: [0.660,0.690,0.500,0.360,0.190,0.200,0.570,0.320,0.390,0.490,0.360,0.310,
 0.550,0.330,0.350,0.330,0.430,0.350,0.410,0.310,0.610,0.880,0.140,0.540,
 0.560,0.200,0.120,0.170,0.620,0.410,0.650,0.430,0.190,0.530,0.220,0.190,
 0.140,0.320,0.010,0.160,0.260,0.390,0.070,0.320,0.070,0.120,0.210,0.220,
 0.320,0.210,0.020,0.220,0.740,0.640,0.320,0.020,0.400,0.210,0.080,0.100,
 0.450,0.210,0.370,0.010,0.010,0.000,0.150,0.050,0.150,0.480,0.160,0.440,
 0.040,0.130,0.060,0.060,0.280,0.010,0.010,0.010,0.040,0.060,0.490,0.000,
 0.000,0.090,0.000,0.030,0.020,0.020,0.030,0.020,0.020,0.010,0.020,0.040,
 0.010,0.000,0.000,0.020]
Training Group Acc: [0.868,0.000,0.000]
Epoch [92] Training Results: Prec@1 87.147 Prec@5 97.969 Loss 0.43458
Epoch [92] Training Class Recall: [0.850,0.722,0.604,0.525,0.523,0.716,0.676,0.655,0.745,0.755,0.632,0.556,
 0.740,0.732,0.696,0.670,0.666,0.821,0.689,0.743,0.745,0.821,0.704,0.824,
 0.645,0.735,0.716,0.743,0.877,0.826,0.891,0.825,0.843,0.852,0.809,0.796,
 0.875,0.843,0.842,0.847,0.845,0.920,0.870,0.900,0.821,0.878,0.874,0.909,
 0.898,0.930,0.878,0.935,0.957,0.957,0.945,0.915,0.973,0.948,0.948,0.963,
 0.963,0.963,0.940,0.972,0.930,0.940,0.947,0.956,0.976,0.972,0.942,0.965,
 0.952,0.914,0.962,0.970,0.976,0.954,0.980,0.976,0.984,0.977,0.977,0.957,
 0.977,0.982,0.976,0.987,0.981,0.989,0.986,0.987,0.970,0.992,0.992,0.992,
 0.990,0.971,0.990,0.991]
Testing Group Acc: [0.248,0.000,0.000]
Epoch [92] Testing Results: Prec@1 24.850 Prec@5 47.030 Loss 5.83279
Epoch [92] Testing Class Recall: [0.750,0.780,0.240,0.440,0.350,0.590,0.500,0.640,0.370,0.370,0.440,0.560,
 0.700,0.580,0.190,0.440,0.680,0.650,0.240,0.130,0.700,0.660,0.280,0.670,
 0.470,0.190,0.310,0.090,0.600,0.400,0.450,0.180,0.100,0.270,0.300,0.060,
 0.340,0.160,0.130,0.280,0.370,0.600,0.070,0.120,0.020,0.000,0.030,0.430,
 0.590,0.470,0.030,0.340,0.490,0.270,0.110,0.000,0.300,0.180,0.400,0.230,
 0.450,0.100,0.450,0.020,0.000,0.000,0.010,0.100,0.190,0.150,0.150,0.430,
 0.010,0.030,0.020,0.180,0.120,0.040,0.000,0.040,0.030,0.000,0.410,0.050,
 0.020,0.100,0.000,0.070,0.030,0.020,0.010,0.010,0.010,0.000,0.130,0.020,
 0.120,0.000,0.000,0.000]
Training Group Acc: [0.871,0.000,0.000]
Epoch [93] Training Results: Prec@1 87.347 Prec@5 97.978 Loss 0.43029
Epoch [93] Training Class Recall: [0.874,0.739,0.620,0.534,0.533,0.745,0.691,0.665,0.710,0.755,0.596,0.564,
 0.727,0.761,0.727,0.691,0.730,0.806,0.720,0.743,0.745,0.850,0.727,0.838,
 0.710,0.735,0.738,0.735,0.852,0.811,0.897,0.803,0.809,0.854,0.817,0.815,
 0.875,0.812,0.834,0.860,0.861,0.926,0.853,0.886,0.828,0.865,0.891,0.909,
 0.915,0.942,0.874,0.918,0.942,0.948,0.927,0.898,0.945,0.943,0.942,0.926,
 0.961,0.963,0.953,0.968,0.943,0.946,0.941,0.958,0.980,0.972,0.942,0.967,
 0.969,0.941,0.964,0.977,0.984,0.963,0.974,0.970,0.978,0.967,0.987,0.962,
 0.985,0.980,0.987,0.987,0.985,0.991,0.990,0.987,0.989,0.990,0.992,0.994,
 0.994,0.992,0.987,0.982]
Testing Group Acc: [0.239,0.000,0.000]
Epoch [93] Testing Results: Prec@1 23.930 Prec@5 46.930 Loss 6.07994
Epoch [93] Testing Class Recall: [0.620,0.610,0.330,0.350,0.360,0.410,0.470,0.530,0.500,0.660,0.040,0.400,
 0.650,0.370,0.400,0.560,0.700,0.840,0.460,0.070,0.710,0.440,0.380,0.170,
 0.480,0.250,0.230,0.460,0.520,0.370,0.430,0.410,0.180,0.560,0.190,0.160,
 0.080,0.150,0.100,0.600,0.230,0.440,0.340,0.280,0.020,0.050,0.060,0.120,
 0.100,0.160,0.200,0.110,0.370,0.550,0.530,0.060,0.260,0.210,0.140,0.220,
 0.130,0.230,0.440,0.110,0.000,0.020,0.030,0.060,0.280,0.270,0.220,0.190,
 0.000,0.040,0.050,0.110,0.390,0.000,0.000,0.010,0.010,0.020,0.000,0.120,
 0.010,0.030,0.000,0.020,0.030,0.000,0.000,0.040,0.000,0.000,0.270,0.080,
 0.040,0.000,0.000,0.030]
Training Group Acc: [0.871,0.000,0.000]
Epoch [94] Training Results: Prec@1 87.342 Prec@5 97.956 Loss 0.42833
Epoch [94] Training Class Recall: [0.814,0.716,0.620,0.530,0.535,0.710,0.698,0.661,0.710,0.779,0.638,0.556,
 0.740,0.777,0.707,0.689,0.705,0.825,0.717,0.700,0.729,0.823,0.727,0.844,
 0.743,0.772,0.712,0.765,0.881,0.834,0.864,0.770,0.822,0.850,0.829,0.829,
 0.881,0.837,0.844,0.863,0.823,0.906,0.876,0.871,0.813,0.841,0.891,0.926,
 0.898,0.932,0.897,0.941,0.947,0.953,0.943,0.902,0.932,0.936,0.933,0.957,
 0.970,0.947,0.964,0.962,0.921,0.927,0.945,0.971,0.988,0.974,0.942,0.985,
 0.956,0.933,0.980,0.981,0.971,0.969,0.972,0.980,0.986,0.974,0.990,0.957,
 0.981,0.986,0.967,0.979,0.988,0.991,0.984,0.987,0.992,0.990,0.994,0.990,
 0.994,0.989,0.987,0.982]
Testing Group Acc: [0.248,0.000,0.000]
Epoch [94] Testing Results: Prec@1 24.780 Prec@5 49.310 Loss 5.25665
Epoch [94] Testing Class Recall: [0.270,0.370,0.130,0.220,0.120,0.310,0.580,0.480,0.400,0.620,0.270,0.520,
 0.640,0.580,0.470,0.120,0.250,0.700,0.340,0.240,0.670,0.760,0.460,0.680,
 0.520,0.230,0.210,0.200,0.360,0.520,0.670,0.430,0.130,0.430,0.260,0.070,
 0.290,0.080,0.070,0.390,0.400,0.110,0.140,0.230,0.050,0.160,0.020,0.290,
 0.710,0.280,0.100,0.280,0.520,0.610,0.260,0.000,0.200,0.370,0.120,0.320,
 0.340,0.080,0.220,0.220,0.090,0.040,0.090,0.170,0.310,0.510,0.330,0.110,
 0.030,0.140,0.100,0.260,0.450,0.010,0.000,0.010,0.010,0.000,0.280,0.100,
 0.000,0.210,0.000,0.060,0.050,0.010,0.000,0.040,0.000,0.000,0.130,0.040,
 0.070,0.010,0.000,0.030]
Training Group Acc: [0.868,0.000,0.000]
Epoch [95] Training Results: Prec@1 87.091 Prec@5 97.991 Loss 0.43316
Epoch [95] Training Class Recall: [0.864,0.697,0.631,0.538,0.531,0.705,0.669,0.663,0.723,0.781,0.627,0.543,
 0.717,0.732,0.676,0.680,0.683,0.817,0.701,0.711,0.766,0.831,0.729,0.858,
 0.710,0.716,0.729,0.787,0.864,0.805,0.901,0.784,0.830,0.843,0.831,0.804,
 0.852,0.845,0.853,0.826,0.843,0.912,0.861,0.873,0.842,0.852,0.898,0.905,
 0.903,0.932,0.907,0.945,0.951,0.946,0.918,0.900,0.932,0.919,0.937,0.943,
 0.957,0.952,0.947,0.962,0.941,0.918,0.954,0.954,0.980,0.963,0.940,0.969,
 0.978,0.941,0.976,0.983,0.976,0.959,0.976,0.982,0.972,0.965,0.979,0.982,
 0.981,0.988,0.980,0.981,0.969,0.984,0.988,0.987,0.978,0.983,0.988,0.994,
 0.994,0.992,0.984,0.995]
Testing Group Acc: [0.242,0.000,0.000]
Epoch [95] Testing Results: Prec@1 24.160 Prec@5 46.440 Loss 5.88341
Epoch [95] Testing Class Recall: [0.630,0.620,0.510,0.360,0.470,0.180,0.440,0.470,0.700,0.550,0.500,0.250,
 0.670,0.300,0.210,0.480,0.750,0.600,0.610,0.300,0.650,0.510,0.590,0.690,
 0.500,0.360,0.280,0.200,0.470,0.350,0.690,0.180,0.190,0.310,0.220,0.040,
 0.500,0.080,0.340,0.330,0.210,0.290,0.110,0.180,0.090,0.040,0.100,0.640,
 0.340,0.200,0.030,0.090,0.460,0.430,0.170,0.010,0.270,0.200,0.100,0.090,
 0.340,0.250,0.360,0.080,0.000,0.010,0.120,0.160,0.140,0.130,0.380,0.300,
 0.000,0.000,0.000,0.100,0.300,0.000,0.000,0.020,0.010,0.010,0.080,0.020,
 0.040,0.030,0.000,0.000,0.020,0.000,0.040,0.050,0.000,0.010,0.010,0.000,
 0.020,0.000,0.000,0.000]
Training Group Acc: [0.871,0.000,0.000]
Epoch [96] Training Results: Prec@1 87.387 Prec@5 97.951 Loss 0.42552
Epoch [96] Training Class Recall: [0.834,0.736,0.627,0.540,0.543,0.716,0.662,0.686,0.755,0.734,0.612,0.588,
 0.742,0.711,0.674,0.691,0.698,0.827,0.732,0.713,0.734,0.827,0.714,0.870,
 0.692,0.759,0.718,0.761,0.852,0.801,0.854,0.807,0.839,0.850,0.807,0.807,
 0.887,0.841,0.846,0.884,0.852,0.906,0.851,0.882,0.854,0.869,0.893,0.914,
 0.898,0.922,0.903,0.920,0.963,0.942,0.934,0.909,0.930,0.934,0.948,0.941,
 0.966,0.947,0.962,0.960,0.937,0.961,0.968,0.960,0.984,0.985,0.931,0.960,
 0.985,0.926,0.982,0.989,0.978,0.965,0.962,0.976,0.976,0.974,0.990,0.970,
 0.981,0.980,0.980,0.989,0.979,0.984,0.986,0.987,0.976,0.992,0.994,0.994,
 0.996,0.982,0.984,0.984]
Testing Group Acc: [0.255,0.000,0.000]
Epoch [96] Testing Results: Prec@1 25.540 Prec@5 49.530 Loss 5.60503
Epoch [96] Testing Class Recall: [0.670,0.740,0.310,0.640,0.310,0.430,0.570,0.300,0.460,0.560,0.280,0.290,
 0.430,0.350,0.360,0.360,0.330,0.760,0.400,0.460,0.590,0.680,0.170,0.550,
 0.390,0.270,0.100,0.460,0.750,0.290,0.580,0.260,0.220,0.470,0.070,0.280,
 0.250,0.110,0.080,0.230,0.170,0.360,0.090,0.220,0.040,0.130,0.070,0.530,
 0.500,0.510,0.050,0.220,0.530,0.610,0.260,0.040,0.260,0.430,0.500,0.350,
 0.510,0.160,0.330,0.080,0.000,0.020,0.010,0.060,0.350,0.320,0.070,0.350,
 0.010,0.110,0.110,0.130,0.230,0.010,0.000,0.010,0.010,0.020,0.350,0.010,
 0.010,0.100,0.050,0.060,0.020,0.020,0.010,0.010,0.020,0.000,0.070,0.140,
 0.020,0.030,0.020,0.020]
Training Group Acc: [0.875,0.000,0.000]
Epoch [97] Training Results: Prec@1 87.740 Prec@5 97.998 Loss 0.41519
Epoch [97] Training Class Recall: [0.857,0.747,0.618,0.551,0.555,0.703,0.691,0.653,0.738,0.768,0.663,0.556,
 0.760,0.787,0.696,0.685,0.730,0.825,0.728,0.717,0.782,0.835,0.722,0.856,
 0.715,0.755,0.716,0.777,0.866,0.826,0.903,0.813,0.811,0.860,0.799,0.821,
 0.875,0.858,0.844,0.849,0.854,0.900,0.851,0.884,0.838,0.880,0.860,0.932,
 0.940,0.944,0.897,0.937,0.953,0.966,0.952,0.921,0.937,0.927,0.946,0.961,
 0.961,0.956,0.956,0.964,0.950,0.933,0.937,0.973,0.982,0.972,0.935,0.974,
 0.958,0.955,0.964,0.966,0.978,0.965,0.964,0.986,0.980,0.981,0.971,0.977,
 0.977,0.982,0.971,0.994,0.979,0.980,0.990,0.987,0.992,0.990,0.996,0.992,
 0.996,0.987,0.990,0.991]
Testing Group Acc: [0.231,0.000,0.000]
Epoch [97] Testing Results: Prec@1 23.080 Prec@5 46.580 Loss 5.82169
Epoch [97] Testing Class Recall: [0.600,0.510,0.300,0.350,0.620,0.380,0.600,0.720,0.650,0.500,0.160,0.650,
 0.700,0.430,0.290,0.440,0.400,0.620,0.410,0.160,0.600,0.520,0.460,0.400,
 0.060,0.250,0.140,0.460,0.590,0.440,0.470,0.320,0.160,0.420,0.070,0.060,
 0.270,0.230,0.080,0.500,0.380,0.160,0.270,0.210,0.050,0.040,0.120,0.280,
 0.120,0.320,0.070,0.230,0.650,0.080,0.230,0.040,0.560,0.080,0.070,0.260,
 0.300,0.090,0.180,0.090,0.030,0.030,0.040,0.200,0.200,0.090,0.240,0.450,
 0.010,0.060,0.000,0.160,0.130,0.010,0.020,0.010,0.030,0.040,0.050,0.000,
 0.020,0.030,0.000,0.050,0.070,0.010,0.020,0.030,0.000,0.000,0.140,0.000,
 0.020,0.000,0.000,0.020]
Training Group Acc: [0.872,0.000,0.000]
Epoch [98] Training Results: Prec@1 87.498 Prec@5 97.951 Loss 0.42443
Epoch [98] Training Class Recall: [0.864,0.775,0.607,0.547,0.578,0.687,0.655,0.676,0.738,0.768,0.665,0.543,
 0.715,0.768,0.707,0.641,0.705,0.825,0.740,0.715,0.761,0.829,0.704,0.858,
 0.692,0.775,0.740,0.775,0.872,0.832,0.887,0.836,0.828,0.850,0.852,0.774,
 0.869,0.845,0.805,0.872,0.839,0.934,0.872,0.863,0.844,0.858,0.862,0.922,
 0.903,0.932,0.909,0.924,0.963,0.935,0.936,0.898,0.951,0.938,0.953,0.924,
 0.976,0.949,0.956,0.944,0.947,0.912,0.945,0.969,0.982,0.967,0.940,0.969,
 0.965,0.941,0.976,0.977,0.976,0.973,0.970,0.978,0.976,0.960,0.984,0.975,
 0.975,0.984,0.974,0.983,0.985,0.984,0.992,0.992,0.978,0.990,0.996,0.998,
 0.994,0.987,0.993,0.995]
Testing Group Acc: [0.259,0.000,0.000]
Epoch [98] Testing Results: Prec@1 25.850 Prec@5 49.430 Loss 5.49272
Epoch [98] Testing Class Recall: [0.720,0.830,0.680,0.350,0.490,0.650,0.700,0.420,0.580,0.430,0.260,0.240,
 0.580,0.460,0.370,0.410,0.470,0.820,0.220,0.440,0.670,0.510,0.460,0.590,
 0.490,0.250,0.460,0.420,0.590,0.360,0.520,0.140,0.330,0.460,0.120,0.030,
 0.520,0.060,0.150,0.560,0.120,0.270,0.200,0.070,0.090,0.020,0.060,0.530,
 0.230,0.250,0.090,0.250,0.570,0.670,0.190,0.010,0.160,0.160,0.180,0.210,
 0.640,0.310,0.140,0.030,0.010,0.010,0.030,0.120,0.140,0.310,0.130,0.350,
 0.020,0.160,0.000,0.100,0.200,0.030,0.000,0.030,0.010,0.020,0.240,0.110,
 0.030,0.080,0.000,0.140,0.020,0.000,0.040,0.030,0.000,0.010,0.170,0.030,
 0.010,0.000,0.000,0.010]
Training Group Acc: [0.871,0.000,0.000]
Epoch [99] Training Results: Prec@1 87.407 Prec@5 98.011 Loss 0.42441
Epoch [99] Training Class Recall: [0.831,0.747,0.589,0.561,0.514,0.694,0.689,0.672,0.745,0.755,0.650,0.553,
 0.744,0.754,0.678,0.676,0.708,0.823,0.734,0.709,0.761,0.833,0.714,0.846,
 0.692,0.742,0.735,0.779,0.854,0.809,0.868,0.807,0.822,0.852,0.829,0.821,
 0.893,0.856,0.840,0.874,0.861,0.917,0.851,0.882,0.842,0.869,0.881,0.887,
 0.909,0.932,0.901,0.931,0.951,0.957,0.952,0.927,0.947,0.941,0.935,0.957,
 0.966,0.949,0.960,0.952,0.921,0.942,0.954,0.950,0.974,0.972,0.947,0.963,
 0.980,0.929,0.968,0.983,0.986,0.977,0.960,0.970,0.980,0.977,0.984,0.959,
 0.983,0.982,0.967,0.994,0.975,0.989,0.982,0.987,0.981,0.985,0.994,0.990,
 0.992,0.989,0.980,0.991]
Testing Group Acc: [0.263,0.000,0.000]
Epoch [99] Testing Results: Prec@1 26.280 Prec@5 49.180 Loss 5.60392
Epoch [99] Testing Class Recall: [0.510,0.470,0.190,0.260,0.190,0.500,0.630,0.510,0.570,0.540,0.290,0.340,
 0.710,0.350,0.290,0.450,0.640,0.720,0.520,0.290,0.910,0.490,0.290,0.640,
 0.530,0.390,0.150,0.220,0.500,0.580,0.700,0.450,0.140,0.400,0.170,0.220,
 0.170,0.300,0.130,0.500,0.300,0.400,0.260,0.290,0.090,0.070,0.070,0.460,
 0.590,0.160,0.130,0.250,0.470,0.320,0.260,0.070,0.310,0.160,0.080,0.370,
 0.740,0.180,0.630,0.120,0.010,0.000,0.300,0.030,0.260,0.190,0.190,0.360,
 0.010,0.070,0.030,0.040,0.340,0.010,0.030,0.020,0.020,0.010,0.250,0.070,
 0.040,0.020,0.000,0.040,0.060,0.010,0.040,0.050,0.030,0.010,0.040,0.000,
 0.050,0.000,0.000,0.020]
Training Group Acc: [0.871,0.000,0.000]
Epoch [100] Training Results: Prec@1 87.380 Prec@5 97.949 Loss 0.42902
Epoch [100] Training Class Recall: [0.850,0.747,0.616,0.574,0.549,0.716,0.669,0.663,0.747,0.745,0.654,0.556,
 0.750,0.737,0.714,0.654,0.740,0.831,0.724,0.707,0.745,0.815,0.742,0.852,
 0.687,0.735,0.740,0.777,0.879,0.803,0.854,0.789,0.822,0.850,0.817,0.818,
 0.873,0.839,0.824,0.874,0.859,0.892,0.865,0.888,0.846,0.887,0.879,0.938,
 0.909,0.934,0.882,0.941,0.961,0.924,0.911,0.890,0.939,0.945,0.944,0.961,
 0.966,0.969,0.956,0.956,0.939,0.942,0.943,0.954,0.974,0.961,0.933,0.943,
 0.958,0.941,0.972,0.975,0.976,0.971,0.970,0.974,0.978,0.972,0.977,0.957,
 0.979,0.986,0.976,0.989,0.981,0.989,0.992,0.989,0.978,0.994,1.000,0.992,
 0.996,0.984,0.974,0.984]
Testing Group Acc: [0.262,0.000,0.000]
Epoch [100] Testing Results: Prec@1 26.190 Prec@5 48.630 Loss 5.58976
Epoch [100] Testing Class Recall: [0.840,0.640,0.410,0.310,0.220,0.590,0.600,0.570,0.700,0.630,0.250,0.320,
 0.580,0.730,0.430,0.380,0.430,0.700,0.360,0.390,0.670,0.640,0.380,0.470,
 0.470,0.290,0.480,0.160,0.420,0.340,0.540,0.450,0.150,0.480,0.370,0.160,
 0.260,0.110,0.170,0.410,0.210,0.660,0.110,0.110,0.100,0.140,0.090,0.430,
 0.240,0.190,0.010,0.130,0.690,0.450,0.100,0.000,0.390,0.180,0.100,0.120,
 0.820,0.140,0.160,0.080,0.020,0.000,0.030,0.130,0.250,0.160,0.290,0.550,
 0.010,0.060,0.020,0.370,0.440,0.000,0.020,0.010,0.020,0.010,0.080,0.010,
 0.010,0.030,0.000,0.120,0.030,0.000,0.000,0.030,0.020,0.000,0.250,0.010,
 0.010,0.000,0.000,0.050]
Training Group Acc: [0.869,0.000,0.000]
Epoch [101] Training Results: Prec@1 87.200 Prec@5 97.951 Loss 0.43485
Epoch [101] Training Class Recall: [0.844,0.699,0.596,0.568,0.570,0.698,0.676,0.640,0.740,0.766,0.663,0.561,
 0.725,0.744,0.720,0.659,0.686,0.831,0.720,0.719,0.739,0.825,0.762,0.846,
 0.710,0.746,0.720,0.761,0.854,0.842,0.893,0.778,0.820,0.846,0.809,0.783,
 0.871,0.845,0.822,0.863,0.857,0.903,0.876,0.888,0.799,0.865,0.864,0.920,
 0.895,0.932,0.885,0.920,0.955,0.939,0.924,0.913,0.932,0.938,0.933,0.955,
 0.968,0.949,0.958,0.952,0.941,0.938,0.943,0.971,0.982,0.976,0.938,0.967,
 0.965,0.948,0.970,0.975,0.967,0.971,0.968,0.982,0.980,0.979,0.979,0.962,
 0.971,0.992,0.958,0.981,0.983,0.984,0.992,0.987,0.984,0.983,0.986,0.992,
 0.996,0.992,0.990,0.986]
Testing Group Acc: [0.240,0.000,0.000]
Epoch [101] Testing Results: Prec@1 23.990 Prec@5 45.990 Loss 6.05487
Epoch [101] Testing Class Recall: [0.550,0.530,0.310,0.330,0.250,0.610,0.490,0.390,0.580,0.630,0.240,0.210,
 0.530,0.700,0.220,0.360,0.600,0.520,0.220,0.300,0.690,0.920,0.290,0.620,
 0.650,0.170,0.180,0.410,0.690,0.250,0.660,0.340,0.210,0.440,0.280,0.110,
 0.150,0.410,0.100,0.360,0.340,0.540,0.090,0.260,0.060,0.050,0.040,0.390,
 0.640,0.200,0.000,0.110,0.410,0.430,0.090,0.030,0.260,0.170,0.210,0.330,
 0.520,0.240,0.050,0.020,0.000,0.020,0.010,0.020,0.290,0.260,0.220,0.290,
 0.000,0.020,0.010,0.090,0.130,0.010,0.000,0.010,0.030,0.020,0.130,0.020,
 0.020,0.040,0.000,0.060,0.000,0.000,0.000,0.030,0.020,0.000,0.120,0.070,
 0.010,0.000,0.000,0.060]
Training Group Acc: [0.875,0.000,0.000]
Epoch [102] Training Results: Prec@1 87.747 Prec@5 98.051 Loss 0.41375
Epoch [102] Training Class Recall: [0.850,0.772,0.607,0.595,0.541,0.723,0.682,0.676,0.730,0.781,0.612,0.575,
 0.758,0.765,0.747,0.667,0.703,0.794,0.748,0.719,0.766,0.844,0.734,0.854,
 0.729,0.716,0.705,0.798,0.864,0.830,0.903,0.807,0.830,0.864,0.827,0.837,
 0.887,0.833,0.836,0.851,0.865,0.929,0.865,0.906,0.836,0.887,0.872,0.928,
 0.884,0.930,0.878,0.935,0.938,0.935,0.938,0.931,0.934,0.943,0.942,0.953,
 0.968,0.949,0.947,0.954,0.945,0.923,0.952,0.962,0.982,0.978,0.938,0.974,
 0.976,0.959,0.980,0.979,0.982,0.965,0.966,0.976,0.982,0.974,0.987,0.972,
 0.973,0.978,0.965,0.987,0.983,0.975,0.984,0.994,0.989,0.988,0.998,0.996,
 0.992,0.987,0.990,0.991]
Testing Group Acc: [0.228,0.000,0.000]
Epoch [102] Testing Results: Prec@1 22.810 Prec@5 45.900 Loss 6.01597
Epoch [102] Testing Class Recall: [0.610,0.620,0.100,0.120,0.320,0.120,0.700,0.520,0.600,0.670,0.620,0.260,
 0.620,0.280,0.400,0.460,0.590,0.630,0.630,0.330,0.660,0.630,0.210,0.620,
 0.220,0.200,0.290,0.120,0.370,0.290,0.640,0.300,0.110,0.410,0.140,0.130,
 0.620,0.110,0.070,0.560,0.390,0.440,0.150,0.220,0.020,0.110,0.030,0.170,
 0.230,0.340,0.030,0.120,0.500,0.440,0.270,0.030,0.160,0.220,0.030,0.080,
 0.570,0.100,0.270,0.020,0.010,0.010,0.010,0.060,0.110,0.150,0.420,0.120,
 0.020,0.070,0.040,0.010,0.380,0.020,0.000,0.010,0.010,0.000,0.110,0.090,
 0.010,0.040,0.000,0.010,0.020,0.000,0.000,0.010,0.020,0.000,0.030,0.070,
 0.100,0.000,0.000,0.010]
Training Group Acc: [0.873,0.000,0.000]
Epoch [103] Training Results: Prec@1 87.491 Prec@5 98.033 Loss 0.42213
Epoch [103] Training Class Recall: [0.854,0.722,0.625,0.525,0.555,0.718,0.685,0.672,0.749,0.740,0.667,0.564,
 0.748,0.744,0.692,0.700,0.749,0.815,0.722,0.728,0.766,0.833,0.734,0.852,
 0.715,0.761,0.731,0.747,0.870,0.795,0.880,0.803,0.817,0.846,0.815,0.815,
 0.875,0.841,0.828,0.826,0.843,0.903,0.853,0.890,0.862,0.906,0.881,0.926,
 0.901,0.948,0.876,0.945,0.951,0.939,0.929,0.907,0.941,0.927,0.951,0.941,
 0.957,0.960,0.969,0.944,0.941,0.933,0.947,0.958,0.974,0.974,0.947,0.963,
 0.976,0.948,0.974,0.985,0.978,0.965,0.953,0.974,0.982,0.977,0.990,0.964,
 0.971,0.992,0.976,0.989,0.977,0.989,0.976,0.994,0.989,0.990,0.992,0.990,
 0.998,0.995,0.980,0.984]
Testing Group Acc: [0.259,0.000,0.000]
Epoch [103] Testing Results: Prec@1 25.900 Prec@5 49.940 Loss 5.64077
Epoch [103] Testing Class Recall: [0.740,0.590,0.220,0.500,0.200,0.560,0.730,0.510,0.560,0.470,0.120,0.150,
 0.490,0.540,0.300,0.400,0.620,0.690,0.410,0.270,0.680,0.620,0.410,0.580,
 0.490,0.380,0.260,0.220,0.420,0.270,0.690,0.480,0.160,0.510,0.370,0.180,
 0.120,0.590,0.080,0.460,0.320,0.280,0.110,0.260,0.030,0.100,0.190,0.460,
 0.540,0.360,0.030,0.220,0.510,0.490,0.270,0.010,0.340,0.320,0.130,0.180,
 0.460,0.150,0.460,0.140,0.020,0.000,0.120,0.050,0.260,0.190,0.230,0.290,
 0.000,0.050,0.010,0.080,0.300,0.010,0.000,0.050,0.030,0.030,0.170,0.000,
 0.080,0.040,0.010,0.080,0.010,0.010,0.080,0.010,0.000,0.000,0.220,0.020,
 0.030,0.000,0.000,0.020]
Training Group Acc: [0.877,0.000,0.000]
Epoch [104] Training Results: Prec@1 87.869 Prec@5 98.096 Loss 0.41566
Epoch [104] Training Class Recall: [0.867,0.747,0.618,0.570,0.525,0.734,0.682,0.680,0.742,0.766,0.652,0.591,
 0.773,0.770,0.720,0.685,0.737,0.841,0.701,0.732,0.782,0.854,0.742,0.884,
 0.720,0.764,0.751,0.791,0.866,0.817,0.868,0.797,0.817,0.866,0.839,0.799,
 0.857,0.864,0.851,0.856,0.843,0.900,0.870,0.906,0.813,0.878,0.908,0.914,
 0.923,0.936,0.915,0.929,0.963,0.922,0.913,0.894,0.941,0.957,0.948,0.945,
 0.974,0.958,0.944,0.966,0.932,0.925,0.960,0.960,0.974,0.963,0.952,0.980,
 0.961,0.944,0.960,0.977,0.986,0.965,0.964,0.978,0.976,0.972,0.992,0.967,
 0.977,0.988,0.982,0.983,0.983,0.975,0.982,0.989,0.981,0.992,0.990,0.998,
 0.998,0.992,0.987,0.988]
Testing Group Acc: [0.246,0.000,0.000]
Epoch [104] Testing Results: Prec@1 24.570 Prec@5 48.890 Loss 5.82319
Epoch [104] Testing Class Recall: [0.650,0.820,0.460,0.250,0.230,0.570,0.590,0.530,0.620,0.490,0.210,0.450,
 0.610,0.180,0.370,0.640,0.410,0.560,0.430,0.350,0.760,0.350,0.240,0.380,
 0.410,0.120,0.190,0.100,0.540,0.450,0.510,0.270,0.300,0.740,0.440,0.120,
 0.410,0.170,0.060,0.360,0.240,0.120,0.190,0.280,0.070,0.010,0.170,0.330,
 0.270,0.220,0.020,0.300,0.430,0.650,0.300,0.010,0.340,0.280,0.130,0.230,
 0.410,0.120,0.320,0.060,0.010,0.020,0.040,0.180,0.200,0.120,0.190,0.450,
 0.000,0.030,0.020,0.160,0.190,0.010,0.000,0.030,0.010,0.030,0.380,0.020,
 0.060,0.000,0.010,0.020,0.150,0.020,0.000,0.040,0.060,0.000,0.190,0.050,
 0.010,0.000,0.000,0.030]
Training Group Acc: [0.872,0.000,0.000]
Epoch [105] Training Results: Prec@1 87.422 Prec@5 97.953 Loss 0.42364
Epoch [105] Training Class Recall: [0.844,0.733,0.609,0.542,0.557,0.694,0.660,0.678,0.753,0.758,0.665,0.588,
 0.740,0.730,0.707,0.657,0.688,0.817,0.717,0.673,0.766,0.838,0.694,0.858,
 0.762,0.742,0.776,0.767,0.866,0.809,0.864,0.776,0.830,0.860,0.815,0.807,
 0.891,0.826,0.861,0.844,0.857,0.906,0.857,0.878,0.821,0.871,0.903,0.930,
 0.932,0.926,0.885,0.953,0.965,0.953,0.931,0.907,0.960,0.931,0.942,0.955,
 0.955,0.938,0.944,0.960,0.939,0.933,0.960,0.948,0.970,0.972,0.961,0.967,
 0.965,0.926,0.978,0.970,0.978,0.975,0.972,0.982,0.980,0.981,0.990,0.967,
 0.979,0.978,0.974,0.987,0.983,0.986,0.988,0.987,0.989,0.988,0.994,0.992,
 0.992,0.984,0.987,0.979]
Testing Group Acc: [0.242,0.000,0.000]
Epoch [105] Testing Results: Prec@1 24.250 Prec@5 47.800 Loss 5.90920
Epoch [105] Testing Class Recall: [0.600,0.670,0.580,0.530,0.520,0.290,0.660,0.290,0.790,0.460,0.330,0.060,
 0.420,0.590,0.370,0.290,0.750,0.830,0.160,0.520,0.740,0.450,0.380,0.520,
 0.650,0.310,0.280,0.130,0.510,0.290,0.630,0.190,0.280,0.430,0.290,0.160,
 0.480,0.230,0.240,0.230,0.200,0.260,0.210,0.100,0.030,0.050,0.070,0.510,
 0.440,0.150,0.040,0.060,0.420,0.210,0.280,0.020,0.120,0.220,0.130,0.310,
 0.690,0.090,0.390,0.010,0.040,0.030,0.070,0.090,0.250,0.140,0.370,0.140,
 0.010,0.080,0.020,0.040,0.110,0.000,0.000,0.000,0.010,0.000,0.250,0.050,
 0.010,0.010,0.000,0.000,0.010,0.010,0.090,0.020,0.010,0.000,0.120,0.070,
 0.020,0.020,0.020,0.000]
Training Group Acc: [0.876,0.000,0.000]
Epoch [106] Training Results: Prec@1 87.858 Prec@5 98.138 Loss 0.41192
Epoch [106] Training Class Recall: [0.831,0.770,0.616,0.593,0.568,0.729,0.694,0.684,0.747,0.773,0.641,0.583,
 0.746,0.761,0.696,0.672,0.720,0.839,0.724,0.711,0.755,0.838,0.742,0.866,
 0.762,0.724,0.746,0.783,0.854,0.822,0.880,0.815,0.832,0.870,0.868,0.826,
 0.895,0.824,0.832,0.895,0.883,0.906,0.872,0.890,0.844,0.858,0.886,0.909,
 0.918,0.938,0.901,0.924,0.955,0.942,0.936,0.902,0.945,0.941,0.919,0.943,
 0.972,0.963,0.960,0.946,0.934,0.933,0.939,0.962,0.982,0.974,0.949,0.971,
 0.978,0.948,0.978,0.977,0.978,0.971,0.968,0.978,0.974,0.972,0.990,0.957,
 0.971,0.976,0.971,0.983,0.983,0.971,0.990,0.983,0.992,0.983,0.994,0.992,
 0.994,0.992,0.990,0.986]
Testing Group Acc: [0.252,0.000,0.000]
Epoch [106] Testing Results: Prec@1 25.230 Prec@5 49.580 Loss 5.52163
Epoch [106] Testing Class Recall: [0.500,0.520,0.440,0.400,0.440,0.330,0.510,0.540,0.410,0.590,0.400,0.270,
 0.550,0.380,0.520,0.690,0.400,0.650,0.380,0.440,0.710,0.460,0.440,0.430,
 0.590,0.210,0.500,0.120,0.420,0.390,0.450,0.220,0.180,0.460,0.120,0.160,
 0.340,0.180,0.180,0.400,0.300,0.280,0.140,0.200,0.030,0.150,0.080,0.340,
 0.420,0.230,0.140,0.280,0.560,0.600,0.210,0.020,0.250,0.310,0.610,0.150,
 0.570,0.230,0.140,0.070,0.000,0.000,0.060,0.180,0.120,0.330,0.160,0.210,
 0.040,0.030,0.020,0.210,0.130,0.020,0.020,0.030,0.000,0.050,0.400,0.030,
 0.010,0.070,0.000,0.050,0.000,0.030,0.040,0.060,0.030,0.000,0.090,0.060,
 0.050,0.000,0.000,0.070]
Training Group Acc: [0.876,0.000,0.000]
Epoch [107] Training Results: Prec@1 87.796 Prec@5 98.053 Loss 0.41459
Epoch [107] Training Class Recall: [0.814,0.775,0.602,0.547,0.545,0.738,0.678,0.710,0.760,0.760,0.661,0.596,
 0.740,0.751,0.725,0.683,0.715,0.851,0.750,0.751,0.755,0.840,0.716,0.858,
 0.743,0.742,0.738,0.763,0.868,0.822,0.887,0.778,0.817,0.872,0.837,0.845,
 0.861,0.843,0.828,0.874,0.843,0.903,0.880,0.880,0.825,0.847,0.893,0.918,
 0.915,0.940,0.893,0.931,0.967,0.942,0.931,0.921,0.951,0.931,0.951,0.955,
 0.963,0.954,0.944,0.954,0.950,0.940,0.960,0.964,0.976,0.980,0.926,0.980,
 0.972,0.929,0.964,0.972,0.980,0.965,0.972,0.978,0.984,0.972,0.982,0.964,
 0.977,0.988,0.971,0.983,0.979,0.982,0.986,0.987,0.978,0.992,0.996,0.994,
 0.994,0.989,0.993,0.982]
Testing Group Acc: [0.242,0.000,0.000]
Epoch [107] Testing Results: Prec@1 24.200 Prec@5 47.540 Loss 5.80641
Epoch [107] Testing Class Recall: [0.810,0.830,0.650,0.330,0.510,0.450,0.450,0.260,0.390,0.370,0.370,0.190,
 0.520,0.380,0.170,0.390,0.720,0.820,0.480,0.370,0.880,0.390,0.300,0.450,
 0.460,0.240,0.380,0.400,0.600,0.340,0.670,0.220,0.410,0.490,0.180,0.020,
 0.490,0.060,0.150,0.490,0.220,0.360,0.260,0.270,0.070,0.040,0.040,0.240,
 0.400,0.060,0.030,0.240,0.410,0.230,0.130,0.030,0.330,0.150,0.220,0.290,
 0.540,0.060,0.240,0.050,0.010,0.010,0.020,0.020,0.330,0.210,0.240,0.460,
 0.000,0.040,0.010,0.090,0.150,0.020,0.020,0.040,0.050,0.010,0.040,0.010,
 0.020,0.030,0.000,0.080,0.040,0.000,0.020,0.040,0.010,0.010,0.110,0.000,
 0.060,0.000,0.000,0.010]
Training Group Acc: [0.872,0.000,0.000]
Epoch [108] Training Results: Prec@1 87.431 Prec@5 98.042 Loss 0.42542
Epoch [108] Training Class Recall: [0.847,0.730,0.604,0.570,0.539,0.707,0.689,0.665,0.738,0.771,0.627,0.553,
 0.744,0.773,0.736,0.665,0.710,0.839,0.715,0.741,0.750,0.815,0.732,0.880,
 0.696,0.753,0.751,0.751,0.866,0.820,0.897,0.786,0.822,0.829,0.825,0.796,
 0.871,0.847,0.828,0.837,0.821,0.920,0.855,0.892,0.834,0.876,0.881,0.907,
 0.889,0.946,0.903,0.935,0.953,0.926,0.906,0.884,0.937,0.929,0.951,0.955,
 0.972,0.949,0.956,0.948,0.945,0.940,0.941,0.973,0.976,0.972,0.954,0.987,
 0.967,0.948,0.980,0.983,0.978,0.959,0.964,0.972,0.984,0.974,0.984,0.975,
 0.979,0.980,0.985,0.989,0.985,0.980,0.978,0.989,0.981,0.983,0.992,0.994,
 0.994,0.987,0.990,0.991]
Testing Group Acc: [0.239,0.000,0.000]
Epoch [108] Testing Results: Prec@1 23.940 Prec@5 47.150 Loss 5.83776
Epoch [108] Testing Class Recall: [0.800,0.710,0.710,0.450,0.580,0.130,0.350,0.700,0.590,0.440,0.440,0.170,
 0.290,0.270,0.360,0.260,0.140,0.380,0.280,0.170,0.650,0.570,0.290,0.720,
 0.480,0.250,0.300,0.280,0.560,0.400,0.490,0.340,0.130,0.420,0.110,0.000,
 0.220,0.090,0.150,0.650,0.220,0.220,0.160,0.140,0.070,0.180,0.160,0.360,
 0.200,0.140,0.140,0.060,0.570,0.350,0.280,0.030,0.470,0.200,0.250,0.210,
 0.520,0.220,0.230,0.240,0.010,0.020,0.060,0.130,0.440,0.160,0.300,0.450,
 0.000,0.120,0.030,0.240,0.380,0.010,0.000,0.010,0.010,0.040,0.220,0.040,
 0.000,0.060,0.000,0.030,0.000,0.000,0.030,0.030,0.000,0.010,0.110,0.030,
 0.000,0.010,0.000,0.020]
Training Group Acc: [0.875,0.000,0.000]
Epoch [109] Training Results: Prec@1 87.824 Prec@5 98.087 Loss 0.41575
Epoch [109] Training Class Recall: [0.847,0.747,0.625,0.597,0.551,0.703,0.653,0.680,0.751,0.766,0.656,0.580,
 0.746,0.746,0.725,0.676,0.708,0.827,0.732,0.707,0.750,0.844,0.742,0.860,
 0.720,0.759,0.757,0.775,0.874,0.830,0.876,0.791,0.832,0.846,0.835,0.772,
 0.902,0.854,0.859,0.840,0.859,0.906,0.874,0.900,0.846,0.874,0.884,0.934,
 0.895,0.944,0.915,0.933,0.955,0.969,0.922,0.929,0.943,0.936,0.939,0.937,
 0.961,0.934,0.958,0.988,0.939,0.925,0.941,0.952,0.984,0.965,0.949,0.976,
 0.967,0.937,0.968,0.975,0.984,0.959,0.960,0.984,0.978,0.977,0.990,0.975,
 0.983,0.988,0.976,0.985,0.983,0.984,0.988,0.989,0.970,0.990,0.992,0.994,
 1.000,0.997,0.984,0.988]
Testing Group Acc: [0.255,0.000,0.000]
Epoch [109] Testing Results: Prec@1 25.530 Prec@5 49.170 Loss 5.56446
Epoch [109] Testing Class Recall: [0.770,0.740,0.460,0.510,0.300,0.370,0.560,0.480,0.640,0.620,0.370,0.330,
 0.550,0.530,0.480,0.160,0.340,0.600,0.400,0.230,0.550,0.740,0.220,0.570,
 0.360,0.240,0.120,0.040,0.540,0.300,0.780,0.140,0.220,0.350,0.210,0.140,
 0.310,0.150,0.070,0.350,0.370,0.380,0.140,0.270,0.070,0.300,0.110,0.380,
 0.580,0.480,0.040,0.240,0.790,0.570,0.350,0.020,0.360,0.240,0.110,0.220,
 0.450,0.190,0.500,0.050,0.040,0.020,0.040,0.090,0.390,0.080,0.210,0.350,
 0.040,0.040,0.040,0.020,0.260,0.050,0.000,0.030,0.000,0.000,0.310,0.040,
 0.000,0.030,0.000,0.060,0.010,0.000,0.030,0.040,0.000,0.000,0.060,0.060,
 0.050,0.000,0.000,0.090]
Training Group Acc: [0.875,0.000,0.000]
Epoch [110] Training Results: Prec@1 87.802 Prec@5 98.093 Loss 0.41071
Epoch [110] Training Class Recall: [0.837,0.742,0.634,0.532,0.559,0.705,0.671,0.686,0.770,0.763,0.629,0.551,
 0.727,0.770,0.742,0.698,0.732,0.853,0.752,0.703,0.755,0.846,0.729,0.852,
 0.687,0.748,0.755,0.808,0.874,0.795,0.901,0.807,0.809,0.852,0.827,0.829,
 0.887,0.862,0.826,0.863,0.854,0.912,0.861,0.876,0.828,0.867,0.860,0.936,
 0.895,0.942,0.903,0.937,0.963,0.951,0.947,0.923,0.928,0.938,0.948,0.951,
 0.966,0.947,0.967,0.954,0.943,0.938,0.954,0.958,0.988,0.972,0.940,0.976,
 0.963,0.922,0.976,0.981,0.984,0.979,0.966,0.980,0.980,0.972,0.982,0.959,
 0.987,0.986,0.974,0.977,0.975,0.980,0.990,0.996,0.981,0.990,0.988,0.992,
 0.996,0.992,0.980,0.993]
Testing Group Acc: [0.239,0.000,0.000]
Epoch [110] Testing Results: Prec@1 23.870 Prec@5 47.390 Loss 5.59467
Epoch [110] Testing Class Recall: [0.760,0.590,0.160,0.140,0.210,0.310,0.240,0.620,0.560,0.330,0.350,0.450,
 0.410,0.460,0.320,0.480,0.430,0.410,0.230,0.490,0.730,0.770,0.210,0.280,
 0.520,0.330,0.170,0.130,0.420,0.600,0.520,0.100,0.430,0.080,0.340,0.150,
 0.310,0.490,0.180,0.340,0.470,0.180,0.080,0.070,0.190,0.220,0.080,0.240,
 0.330,0.480,0.050,0.210,0.480,0.440,0.180,0.020,0.320,0.210,0.420,0.360,
 0.250,0.180,0.290,0.060,0.020,0.030,0.050,0.050,0.350,0.130,0.240,0.200,
 0.040,0.040,0.080,0.280,0.100,0.000,0.020,0.040,0.000,0.000,0.680,0.020,
 0.040,0.040,0.000,0.080,0.090,0.010,0.020,0.010,0.010,0.010,0.170,0.100,
 0.040,0.000,0.010,0.010]
Training Group Acc: [0.873,0.000,0.000]
Epoch [111] Training Results: Prec@1 87.571 Prec@5 98.016 Loss 0.42354
Epoch [111] Training Class Recall: [0.831,0.758,0.600,0.551,0.555,0.718,0.687,0.680,0.749,0.755,0.654,0.564,
 0.742,0.744,0.711,0.678,0.720,0.823,0.722,0.711,0.723,0.825,0.719,0.844,
 0.682,0.772,0.755,0.769,0.856,0.834,0.876,0.789,0.822,0.852,0.815,0.821,
 0.875,0.841,0.861,0.860,0.874,0.892,0.870,0.884,0.817,0.867,0.884,0.916,
 0.932,0.938,0.868,0.955,0.953,0.946,0.920,0.909,0.943,0.948,0.939,0.961,
 0.966,0.971,0.953,0.958,0.950,0.931,0.962,0.964,0.976,0.972,0.956,0.985,
 0.967,0.948,0.964,0.975,0.969,0.965,0.957,0.982,0.984,0.972,0.990,0.982,
 0.975,0.980,0.976,0.981,0.988,0.989,0.984,0.989,0.976,0.981,0.996,0.988,
 0.980,0.984,0.984,0.988]
Testing Group Acc: [0.257,0.000,0.000]
Epoch [111] Testing Results: Prec@1 25.740 Prec@5 49.600 Loss 5.45026
Epoch [111] Testing Class Recall: [0.710,0.520,0.470,0.480,0.500,0.320,0.700,0.580,0.550,0.560,0.430,0.370,
 0.540,0.450,0.310,0.260,0.550,0.800,0.260,0.430,0.730,0.700,0.280,0.610,
 0.580,0.370,0.260,0.170,0.220,0.400,0.580,0.550,0.130,0.380,0.310,0.020,
 0.410,0.350,0.350,0.200,0.260,0.370,0.080,0.260,0.050,0.160,0.070,0.320,
 0.270,0.310,0.020,0.300,0.520,0.550,0.290,0.030,0.370,0.190,0.140,0.220,
 0.670,0.060,0.350,0.030,0.010,0.010,0.080,0.170,0.290,0.170,0.150,0.260,
 0.040,0.000,0.030,0.160,0.320,0.030,0.010,0.010,0.020,0.000,0.240,0.080,
 0.000,0.080,0.000,0.010,0.000,0.000,0.030,0.010,0.010,0.000,0.050,0.070,
 0.110,0.000,0.000,0.010]
Training Group Acc: [0.879,0.000,0.000]
Epoch [112] Training Results: Prec@1 88.160 Prec@5 98.136 Loss 0.39871
Epoch [112] Training Class Recall: [0.857,0.787,0.636,0.578,0.529,0.701,0.716,0.676,0.738,0.768,0.667,0.596,
 0.748,0.749,0.694,0.695,0.727,0.845,0.754,0.713,0.782,0.840,0.734,0.850,
 0.720,0.744,0.761,0.810,0.879,0.834,0.862,0.830,0.820,0.858,0.843,0.804,
 0.893,0.847,0.863,0.863,0.883,0.929,0.878,0.861,0.858,0.891,0.886,0.924,
 0.918,0.938,0.887,0.933,0.971,0.964,0.929,0.919,0.966,0.929,0.928,0.951,
 0.980,0.943,0.969,0.954,0.939,0.946,0.956,0.960,0.974,0.972,0.956,0.969,
 0.972,0.937,0.974,0.977,0.980,0.973,0.970,0.970,0.978,0.974,0.979,0.970,
 0.975,0.982,0.987,0.983,0.990,0.989,0.990,0.981,0.995,0.992,0.988,0.996,
 0.996,0.989,0.990,0.991]
Testing Group Acc: [0.254,0.000,0.000]
Epoch [112] Testing Results: Prec@1 25.390 Prec@5 48.130 Loss 5.60771
Epoch [112] Testing Class Recall: [0.740,0.780,0.370,0.540,0.210,0.410,0.590,0.620,0.610,0.600,0.150,0.380,
 0.700,0.460,0.110,0.300,0.420,0.660,0.530,0.310,0.690,0.470,0.510,0.620,
 0.700,0.280,0.340,0.120,0.570,0.260,0.590,0.130,0.270,0.500,0.230,0.050,
 0.340,0.230,0.160,0.370,0.220,0.100,0.060,0.150,0.030,0.000,0.110,0.330,
 0.360,0.410,0.060,0.250,0.650,0.720,0.190,0.010,0.380,0.320,0.240,0.310,
 0.620,0.180,0.320,0.110,0.010,0.000,0.050,0.290,0.200,0.140,0.170,0.360,
 0.030,0.030,0.010,0.120,0.230,0.000,0.000,0.000,0.000,0.000,0.220,0.030,
 0.010,0.050,0.000,0.100,0.020,0.000,0.010,0.030,0.000,0.000,0.170,0.060,
 0.000,0.000,0.000,0.000]
Training Group Acc: [0.872,0.000,0.000]
Epoch [113] Training Results: Prec@1 87.407 Prec@5 98.004 Loss 0.42511
Epoch [113] Training Class Recall: [0.854,0.730,0.607,0.564,0.557,0.721,0.626,0.680,0.747,0.766,0.656,0.537,
 0.731,0.744,0.689,0.672,0.744,0.806,0.715,0.749,0.787,0.848,0.696,0.832,
 0.701,0.729,0.744,0.763,0.856,0.826,0.887,0.825,0.805,0.862,0.821,0.788,
 0.873,0.841,0.865,0.842,0.859,0.900,0.882,0.882,0.842,0.856,0.881,0.934,
 0.920,0.924,0.891,0.908,0.944,0.946,0.941,0.929,0.941,0.955,0.939,0.943,
 0.959,0.941,0.953,0.966,0.928,0.923,0.952,0.954,0.980,0.965,0.947,0.956,
 0.969,0.926,0.974,0.975,0.978,0.969,0.968,0.984,0.984,0.977,0.995,0.972,
 0.975,0.978,0.978,0.983,0.975,0.977,0.986,0.992,0.981,0.988,0.996,0.994,
 0.998,0.987,0.977,0.993]
Testing Group Acc: [0.263,0.000,0.000]
Epoch [113] Testing Results: Prec@1 26.320 Prec@5 50.620 Loss 5.22064
Epoch [113] Testing Class Recall: [0.760,0.530,0.320,0.140,0.500,0.290,0.500,0.460,0.590,0.360,0.360,0.390,
 0.630,0.430,0.360,0.380,0.440,0.730,0.490,0.210,0.610,0.550,0.320,0.630,
 0.560,0.240,0.190,0.340,0.470,0.310,0.610,0.540,0.160,0.500,0.490,0.140,
 0.340,0.040,0.160,0.560,0.370,0.290,0.400,0.100,0.120,0.110,0.060,0.440,
 0.510,0.380,0.120,0.240,0.580,0.360,0.100,0.030,0.290,0.210,0.230,0.250,
 0.660,0.200,0.490,0.100,0.010,0.020,0.050,0.110,0.350,0.180,0.290,0.100,
 0.050,0.030,0.160,0.160,0.490,0.040,0.000,0.010,0.020,0.050,0.310,0.080,
 0.000,0.040,0.030,0.000,0.040,0.030,0.030,0.010,0.020,0.000,0.070,0.180,
 0.030,0.000,0.000,0.060]
Training Group Acc: [0.875,0.000,0.000]
Epoch [114] Training Results: Prec@1 87.696 Prec@5 98.167 Loss 0.41774
Epoch [114] Training Class Recall: [0.857,0.736,0.598,0.561,0.580,0.732,0.694,0.689,0.770,0.786,0.645,0.599,
 0.738,0.751,0.711,0.704,0.744,0.829,0.705,0.724,0.777,0.871,0.719,0.864,
 0.687,0.777,0.720,0.765,0.864,0.809,0.862,0.809,0.815,0.874,0.829,0.826,
 0.887,0.835,0.849,0.881,0.850,0.895,0.901,0.867,0.836,0.876,0.864,0.912,
 0.909,0.926,0.893,0.922,0.944,0.926,0.922,0.911,0.945,0.950,0.942,0.941,
 0.941,0.949,0.951,0.956,0.928,0.944,0.954,0.958,0.980,0.972,0.942,0.958,
 0.974,0.944,0.970,0.977,0.980,0.981,0.966,0.976,0.968,0.979,0.987,0.959,
 0.975,0.988,0.978,0.985,0.988,0.984,0.976,0.983,0.973,0.994,0.992,0.996,
 0.986,0.995,0.984,0.982]
Testing Group Acc: [0.250,0.000,0.000]
Epoch [114] Testing Results: Prec@1 25.030 Prec@5 47.340 Loss 5.89442
Epoch [114] Testing Class Recall: [0.740,0.400,0.520,0.310,0.350,0.690,0.630,0.690,0.670,0.770,0.280,0.220,
 0.490,0.510,0.170,0.570,0.280,0.830,0.490,0.390,0.750,0.590,0.410,0.520,
 0.520,0.230,0.210,0.350,0.370,0.110,0.600,0.330,0.320,0.470,0.120,0.050,
 0.190,0.170,0.110,0.260,0.240,0.330,0.090,0.130,0.080,0.020,0.060,0.240,
 0.430,0.190,0.030,0.250,0.850,0.350,0.100,0.010,0.340,0.220,0.020,0.090,
 0.720,0.230,0.320,0.120,0.010,0.010,0.030,0.180,0.180,0.310,0.140,0.300,
 0.050,0.050,0.010,0.380,0.350,0.000,0.000,0.030,0.010,0.010,0.440,0.010,
 0.010,0.030,0.000,0.070,0.000,0.000,0.030,0.010,0.030,0.010,0.160,0.010,
 0.030,0.000,0.000,0.000]
Training Group Acc: [0.873,0.000,0.000]
Epoch [115] Training Results: Prec@1 87.562 Prec@5 98.002 Loss 0.42347
Epoch [115] Training Class Recall: [0.854,0.736,0.609,0.547,0.531,0.716,0.680,0.712,0.730,0.773,0.638,0.586,
 0.748,0.761,0.707,0.670,0.715,0.827,0.724,0.700,0.777,0.842,0.732,0.858,
 0.687,0.770,0.766,0.753,0.848,0.817,0.889,0.766,0.826,0.858,0.841,0.826,
 0.871,0.835,0.826,0.870,0.830,0.923,0.870,0.894,0.832,0.874,0.891,0.926,
 0.898,0.936,0.866,0.927,0.969,0.957,0.938,0.929,0.939,0.938,0.942,0.947,
 0.961,0.949,0.951,0.933,0.945,0.925,0.952,0.964,0.984,0.976,0.942,0.954,
 0.976,0.937,0.976,0.977,0.984,0.969,0.980,0.976,0.970,0.977,0.982,0.954,
 0.975,0.974,0.985,0.989,0.981,0.982,0.988,0.994,0.989,0.985,0.996,0.992,
 0.996,0.989,0.993,0.984]
Testing Group Acc: [0.261,0.000,0.000]
Epoch [115] Testing Results: Prec@1 26.110 Prec@5 48.940 Loss 5.68133
Epoch [115] Testing Class Recall: [0.820,0.810,0.410,0.290,0.450,0.550,0.440,0.410,0.460,0.750,0.260,0.350,
 0.490,0.620,0.270,0.450,0.470,0.800,0.380,0.450,0.800,0.490,0.240,0.550,
 0.600,0.410,0.300,0.150,0.590,0.270,0.440,0.380,0.240,0.450,0.390,0.090,
 0.190,0.400,0.210,0.380,0.300,0.440,0.280,0.420,0.050,0.060,0.060,0.380,
 0.310,0.200,0.010,0.290,0.460,0.470,0.380,0.000,0.210,0.170,0.240,0.290,
 0.580,0.140,0.290,0.100,0.010,0.010,0.040,0.130,0.360,0.260,0.270,0.210,
 0.010,0.140,0.010,0.070,0.260,0.040,0.000,0.000,0.010,0.000,0.050,0.100,
 0.080,0.040,0.000,0.000,0.020,0.010,0.090,0.030,0.000,0.000,0.150,0.040,
 0.030,0.000,0.000,0.010]
Training Group Acc: [0.877,0.000,0.000]
Epoch [116] Training Results: Prec@1 87.953 Prec@5 98.233 Loss 0.41062
Epoch [116] Training Class Recall: [0.870,0.744,0.636,0.591,0.551,0.732,0.691,0.689,0.742,0.768,0.641,0.572,
 0.756,0.763,0.709,0.700,0.727,0.823,0.722,0.722,0.771,0.877,0.724,0.858,
 0.706,0.777,0.755,0.787,0.864,0.803,0.880,0.813,0.824,0.854,0.811,0.818,
 0.881,0.854,0.853,0.874,0.857,0.934,0.870,0.873,0.811,0.880,0.879,0.928,
 0.898,0.922,0.905,0.939,0.955,0.946,0.938,0.900,0.949,0.960,0.944,0.949,
 0.970,0.952,0.964,0.944,0.926,0.951,0.947,0.962,0.978,0.965,0.935,0.976,
 0.958,0.959,0.964,0.981,0.988,0.975,0.964,0.976,0.978,0.988,0.995,0.977,
 0.987,0.990,0.974,0.975,0.977,0.984,0.990,0.996,0.978,0.983,0.996,0.988,
 0.998,0.987,0.987,0.998]
Testing Group Acc: [0.241,0.000,0.000]
Epoch [116] Testing Results: Prec@1 24.140 Prec@5 46.650 Loss 5.95892
Epoch [116] Testing Class Recall: [0.770,0.780,0.530,0.300,0.570,0.540,0.650,0.470,0.780,0.470,0.410,0.250,
 0.670,0.460,0.430,0.390,0.280,0.650,0.280,0.290,0.780,0.420,0.130,0.420,
 0.320,0.230,0.500,0.080,0.570,0.230,0.660,0.130,0.360,0.420,0.490,0.060,
 0.330,0.210,0.100,0.390,0.260,0.410,0.260,0.150,0.100,0.100,0.060,0.460,
 0.360,0.600,0.070,0.090,0.350,0.160,0.400,0.010,0.240,0.140,0.040,0.070,
 0.470,0.130,0.140,0.010,0.030,0.000,0.030,0.070,0.390,0.350,0.190,0.200,
 0.000,0.060,0.000,0.160,0.200,0.010,0.000,0.030,0.040,0.010,0.040,0.010,
 0.000,0.080,0.000,0.000,0.090,0.000,0.000,0.020,0.000,0.010,0.180,0.040,
 0.010,0.000,0.000,0.010]
Training Group Acc: [0.878,0.000,0.000]
Epoch [117] Training Results: Prec@1 88.082 Prec@5 98.113 Loss 0.40766
Epoch [117] Training Class Recall: [0.854,0.778,0.631,0.557,0.561,0.723,0.725,0.672,0.760,0.766,0.679,0.578,
 0.746,0.758,0.736,0.683,0.703,0.839,0.746,0.719,0.793,0.873,0.732,0.864,
 0.724,0.775,0.755,0.787,0.885,0.820,0.858,0.823,0.832,0.862,0.843,0.766,
 0.855,0.856,0.849,0.870,0.886,0.923,0.865,0.859,0.838,0.891,0.874,0.922,
 0.912,0.938,0.905,0.955,0.940,0.951,0.938,0.913,0.951,0.945,0.935,0.939,
 0.968,0.960,0.947,0.968,0.934,0.942,0.956,0.956,0.982,0.969,0.954,0.960,
 0.972,0.933,0.972,0.981,0.988,0.977,0.978,0.970,0.978,0.970,0.984,0.964,
 0.979,0.984,0.978,0.981,0.969,0.993,0.992,0.994,0.973,0.988,0.994,0.988,
 0.998,0.984,0.990,0.986]
Testing Group Acc: [0.267,0.000,0.000]
Epoch [117] Testing Results: Prec@1 26.680 Prec@5 49.090 Loss 5.85441
Epoch [117] Testing Class Recall: [0.730,0.440,0.190,0.470,0.230,0.520,0.560,0.680,0.610,0.620,0.350,0.470,
 0.730,0.500,0.110,0.360,0.420,0.670,0.520,0.480,0.690,0.760,0.470,0.400,
 0.570,0.110,0.110,0.570,0.470,0.220,0.530,0.470,0.330,0.560,0.390,0.000,
 0.260,0.170,0.050,0.410,0.380,0.570,0.260,0.550,0.050,0.070,0.120,0.580,
 0.480,0.260,0.080,0.100,0.550,0.870,0.140,0.010,0.300,0.330,0.180,0.220,
 0.450,0.140,0.380,0.130,0.010,0.010,0.010,0.020,0.360,0.290,0.170,0.260,
 0.030,0.000,0.040,0.120,0.240,0.000,0.030,0.000,0.010,0.010,0.150,0.000,
 0.010,0.060,0.000,0.010,0.030,0.000,0.040,0.000,0.000,0.000,0.250,0.090,
 0.000,0.000,0.000,0.030]
Training Group Acc: [0.874,0.000,0.000]
Epoch [118] Training Results: Prec@1 87.653 Prec@5 98.124 Loss 0.41586
Epoch [118] Training Class Recall: [0.867,0.775,0.600,0.555,0.553,0.718,0.671,0.674,0.770,0.760,0.661,0.575,
 0.736,0.761,0.714,0.713,0.700,0.831,0.720,0.698,0.750,0.848,0.727,0.828,
 0.738,0.742,0.735,0.749,0.889,0.815,0.864,0.801,0.817,0.841,0.850,0.807,
 0.879,0.847,0.844,0.884,0.834,0.926,0.867,0.898,0.842,0.874,0.879,0.926,
 0.906,0.922,0.911,0.931,0.957,0.955,0.934,0.907,0.932,0.936,0.937,0.943,
 0.961,0.943,0.958,0.974,0.945,0.929,0.958,0.971,0.988,0.965,0.947,0.960,
 0.967,0.937,0.982,0.977,0.978,0.977,0.968,0.974,0.980,0.958,0.992,0.957,
 0.981,0.982,0.978,0.981,0.979,0.980,0.978,0.992,0.970,0.992,0.998,0.986,
 0.998,0.992,0.987,0.982]
Testing Group Acc: [0.241,0.000,0.000]
Epoch [118] Testing Results: Prec@1 24.100 Prec@5 48.010 Loss 5.47885
Epoch [118] Testing Class Recall: [0.780,0.500,0.670,0.090,0.710,0.440,0.720,0.320,0.530,0.680,0.490,0.160,
 0.570,0.380,0.270,0.380,0.630,0.690,0.340,0.420,0.720,0.470,0.140,0.460,
 0.640,0.420,0.140,0.220,0.230,0.190,0.460,0.120,0.390,0.460,0.310,0.110,
 0.310,0.210,0.200,0.310,0.390,0.210,0.130,0.210,0.130,0.020,0.050,0.490,
 0.250,0.330,0.080,0.110,0.500,0.390,0.120,0.000,0.130,0.200,0.180,0.300,
 0.500,0.060,0.370,0.070,0.010,0.000,0.090,0.070,0.220,0.190,0.180,0.480,
 0.040,0.040,0.030,0.020,0.290,0.010,0.010,0.000,0.020,0.010,0.380,0.020,
 0.020,0.030,0.000,0.050,0.040,0.000,0.010,0.030,0.000,0.000,0.150,0.060,
 0.080,0.000,0.000,0.020]
Training Group Acc: [0.879,0.000,0.000]
Epoch [119] Training Results: Prec@1 88.162 Prec@5 98.178 Loss 0.40216
Epoch [119] Training Class Recall: [0.847,0.756,0.656,0.555,0.566,0.701,0.705,0.678,0.770,0.776,0.665,0.580,
 0.717,0.799,0.722,0.683,0.713,0.845,0.740,0.738,0.745,0.840,0.709,0.862,
 0.710,0.748,0.731,0.806,0.899,0.834,0.876,0.815,0.822,0.870,0.843,0.818,
 0.889,0.866,0.828,0.851,0.879,0.920,0.872,0.888,0.838,0.865,0.877,0.942,
 0.923,0.944,0.903,0.933,0.969,0.944,0.947,0.913,0.951,0.950,0.930,0.953,
 0.986,0.949,0.962,0.956,0.928,0.946,0.954,0.962,0.976,0.974,0.975,0.978,
 0.967,0.941,0.982,0.972,0.988,0.973,0.962,0.974,0.982,0.972,0.979,0.964,
 0.979,0.988,0.969,0.987,0.983,0.989,0.982,0.996,0.984,0.990,0.990,0.990,
 0.998,0.984,0.987,0.979]
Testing Group Acc: [0.260,0.000,0.000]
Epoch [119] Testing Results: Prec@1 25.990 Prec@5 50.360 Loss 5.55079
Epoch [119] Testing Class Recall: [0.630,0.420,0.240,0.230,0.300,0.400,0.700,0.470,0.590,0.510,0.140,0.550,
 0.480,0.560,0.540,0.440,0.570,0.630,0.540,0.340,0.630,0.800,0.380,0.580,
 0.540,0.250,0.030,0.270,0.550,0.510,0.700,0.380,0.300,0.480,0.190,0.100,
 0.200,0.380,0.130,0.350,0.180,0.520,0.210,0.380,0.180,0.150,0.270,0.250,
 0.230,0.070,0.030,0.280,0.380,0.600,0.350,0.080,0.550,0.190,0.080,0.430,
 0.350,0.160,0.310,0.140,0.020,0.050,0.060,0.120,0.240,0.280,0.200,0.080,
 0.020,0.060,0.030,0.350,0.190,0.020,0.000,0.030,0.040,0.020,0.200,0.020,
 0.030,0.080,0.000,0.050,0.100,0.000,0.050,0.040,0.000,0.000,0.110,0.020,
 0.020,0.000,0.000,0.060]
Training Group Acc: [0.878,0.000,0.000]
Epoch [120] Training Results: Prec@1 88.011 Prec@5 98.267 Loss 0.40815
Epoch [120] Training Class Recall: [0.854,0.772,0.620,0.559,0.541,0.723,0.685,0.710,0.777,0.812,0.621,0.602,
 0.748,0.780,0.722,0.708,0.730,0.821,0.740,0.698,0.771,0.840,0.722,0.852,
 0.706,0.729,0.785,0.771,0.858,0.805,0.880,0.807,0.845,0.848,0.821,0.845,
 0.885,0.868,0.851,0.879,0.841,0.932,0.878,0.888,0.836,0.867,0.889,0.916,
 0.903,0.922,0.895,0.941,0.967,0.942,0.922,0.923,0.939,0.931,0.951,0.965,
 0.957,0.954,0.951,0.956,0.943,0.944,0.945,0.960,0.988,0.980,0.942,0.978,
 0.969,0.937,0.980,0.979,0.982,0.979,0.974,0.976,0.978,0.974,0.984,0.952,
 0.967,0.976,0.991,0.983,0.985,0.989,0.986,0.983,0.989,0.990,0.996,0.994,
 0.994,0.989,0.990,0.988]
Testing Group Acc: [0.241,0.000,0.000]
Epoch [120] Testing Results: Prec@1 24.130 Prec@5 45.990 Loss 5.75271
Epoch [120] Testing Class Recall: [0.850,0.710,0.510,0.390,0.410,0.360,0.460,0.410,0.740,0.630,0.400,0.300,
 0.620,0.470,0.130,0.320,0.360,0.800,0.470,0.260,0.770,0.500,0.470,0.700,
 0.700,0.550,0.430,0.100,0.460,0.300,0.460,0.460,0.170,0.330,0.200,0.170,
 0.280,0.220,0.230,0.260,0.340,0.360,0.110,0.160,0.210,0.010,0.030,0.570,
 0.150,0.080,0.040,0.070,0.510,0.330,0.240,0.000,0.200,0.330,0.040,0.080,
 0.640,0.170,0.200,0.000,0.000,0.010,0.120,0.030,0.060,0.120,0.220,0.460,
 0.000,0.080,0.010,0.060,0.170,0.030,0.010,0.000,0.000,0.000,0.130,0.010,
 0.010,0.010,0.000,0.120,0.010,0.000,0.010,0.000,0.010,0.000,0.170,0.030,
 0.000,0.000,0.000,0.010]
Training Group Acc: [0.877,0.000,0.000]
Epoch [121] Training Results: Prec@1 87.976 Prec@5 98.091 Loss 0.41037
Epoch [121] Training Class Recall: [0.841,0.742,0.634,0.534,0.553,0.732,0.664,0.676,0.777,0.776,0.670,0.575,
 0.767,0.758,0.714,0.691,0.730,0.827,0.722,0.722,0.750,0.835,0.782,0.882,
 0.701,0.733,0.751,0.787,0.887,0.817,0.885,0.809,0.834,0.846,0.848,0.802,
 0.898,0.856,0.836,0.879,0.852,0.915,0.859,0.904,0.840,0.856,0.893,0.924,
 0.909,0.940,0.901,0.943,0.953,0.951,0.918,0.927,0.958,0.934,0.939,0.945,
 0.968,0.945,0.944,0.958,0.934,0.959,0.962,0.958,0.978,0.965,0.956,0.969,
 0.958,0.955,0.968,0.972,0.982,0.981,0.968,0.972,0.968,0.970,0.987,0.985,
 0.979,0.980,0.978,0.987,0.973,0.984,0.982,0.987,0.981,0.992,0.994,0.992,
 0.998,0.987,0.993,0.991]
Testing Group Acc: [0.267,0.000,0.000]
Epoch [121] Testing Results: Prec@1 26.710 Prec@5 48.620 Loss 5.42338
Epoch [121] Testing Class Recall: [0.710,0.720,0.580,0.450,0.330,0.650,0.600,0.610,0.680,0.670,0.280,0.200,
 0.640,0.500,0.250,0.510,0.710,0.880,0.320,0.420,0.780,0.430,0.330,0.800,
 0.550,0.300,0.190,0.280,0.410,0.420,0.480,0.170,0.320,0.530,0.450,0.030,
 0.340,0.160,0.230,0.360,0.180,0.430,0.280,0.460,0.070,0.060,0.130,0.200,
 0.230,0.360,0.100,0.140,0.390,0.460,0.170,0.010,0.340,0.320,0.100,0.360,
 0.520,0.330,0.240,0.010,0.030,0.020,0.020,0.060,0.410,0.190,0.060,0.190,
 0.000,0.080,0.060,0.080,0.360,0.010,0.000,0.010,0.060,0.000,0.410,0.020,
 0.000,0.100,0.000,0.080,0.000,0.000,0.000,0.020,0.010,0.000,0.200,0.000,
 0.040,0.010,0.000,0.020]
Training Group Acc: [0.878,0.000,0.000]
Epoch [122] Training Results: Prec@1 88.060 Prec@5 98.233 Loss 0.40109
Epoch [122] Training Class Recall: [0.864,0.719,0.663,0.583,0.551,0.729,0.716,0.710,0.753,0.789,0.683,0.567,
 0.725,0.758,0.709,0.691,0.747,0.845,0.736,0.717,0.819,0.840,0.749,0.870,
 0.710,0.777,0.740,0.781,0.877,0.826,0.880,0.801,0.824,0.874,0.846,0.812,
 0.881,0.833,0.824,0.860,0.836,0.909,0.874,0.890,0.817,0.850,0.889,0.936,
 0.932,0.934,0.899,0.941,0.951,0.946,0.922,0.917,0.949,0.960,0.937,0.955,
 0.972,0.954,0.960,0.974,0.945,0.929,0.954,0.956,0.980,0.978,0.945,0.978,
 0.972,0.941,0.974,0.977,0.971,0.965,0.968,0.986,0.980,0.967,0.979,0.957,
 0.975,0.982,0.960,0.987,0.992,0.989,0.986,0.981,0.984,0.988,0.992,0.998,
 0.992,0.979,0.990,0.988]
Testing Group Acc: [0.241,0.000,0.000]
Epoch [122] Testing Results: Prec@1 24.150 Prec@5 46.470 Loss 5.92095
Epoch [122] Testing Class Recall: [0.780,0.710,0.320,0.370,0.430,0.530,0.430,0.580,0.710,0.440,0.440,0.300,
 0.280,0.460,0.530,0.490,0.440,0.700,0.570,0.530,0.650,0.370,0.420,0.550,
 0.600,0.430,0.190,0.210,0.480,0.290,0.570,0.190,0.090,0.300,0.100,0.020,
 0.260,0.400,0.110,0.180,0.200,0.350,0.270,0.110,0.100,0.110,0.140,0.240,
 0.550,0.430,0.020,0.030,0.430,0.150,0.210,0.000,0.330,0.110,0.250,0.260,
 0.680,0.050,0.120,0.070,0.030,0.000,0.030,0.140,0.240,0.300,0.060,0.250,
 0.040,0.070,0.020,0.060,0.370,0.020,0.040,0.000,0.010,0.000,0.080,0.040,
 0.000,0.060,0.040,0.150,0.000,0.000,0.020,0.020,0.000,0.010,0.250,0.000,
 0.130,0.000,0.000,0.010]
Training Group Acc: [0.878,0.000,0.000]
Epoch [123] Training Results: Prec@1 88.047 Prec@5 98.220 Loss 0.40183
Epoch [123] Training Class Recall: [0.877,0.744,0.622,0.583,0.541,0.721,0.685,0.646,0.764,0.773,0.670,0.575,
 0.729,0.732,0.727,0.685,0.737,0.857,0.730,0.738,0.777,0.850,0.759,0.854,
 0.757,0.748,0.723,0.773,0.860,0.807,0.893,0.821,0.817,0.829,0.833,0.818,
 0.895,0.841,0.832,0.870,0.874,0.900,0.899,0.890,0.838,0.878,0.874,0.922,
 0.909,0.944,0.913,0.937,0.955,0.966,0.945,0.898,0.949,0.948,0.957,0.949,
 0.972,0.954,0.962,0.964,0.939,0.933,0.966,0.954,0.988,0.969,0.972,0.976,
 0.969,0.922,0.966,0.981,0.965,0.969,0.976,0.974,0.990,0.972,0.987,0.967,
 0.977,0.982,0.976,0.983,0.985,0.986,0.988,0.996,0.986,0.994,0.994,0.992,
 0.994,0.989,0.987,0.995]
Testing Group Acc: [0.247,0.000,0.000]
Epoch [123] Testing Results: Prec@1 24.740 Prec@5 47.600 Loss 5.77959
Epoch [123] Testing Class Recall: [0.780,0.300,0.410,0.400,0.530,0.660,0.470,0.390,0.590,0.680,0.300,0.540,
 0.720,0.610,0.200,0.390,0.730,0.630,0.280,0.240,0.500,0.670,0.300,0.750,
 0.680,0.190,0.230,0.200,0.240,0.280,0.740,0.410,0.370,0.500,0.220,0.020,
 0.250,0.240,0.200,0.460,0.280,0.420,0.230,0.530,0.070,0.040,0.090,0.420,
 0.230,0.210,0.040,0.200,0.490,0.330,0.240,0.030,0.080,0.100,0.030,0.180,
 0.510,0.170,0.540,0.030,0.000,0.010,0.020,0.020,0.280,0.190,0.290,0.220,
 0.040,0.050,0.020,0.030,0.270,0.010,0.000,0.000,0.000,0.040,0.150,0.040,
 0.000,0.050,0.000,0.020,0.020,0.000,0.040,0.000,0.000,0.000,0.050,0.050,
 0.020,0.000,0.000,0.020]
Training Group Acc: [0.879,0.000,0.000]
Epoch [124] Training Results: Prec@1 88.138 Prec@5 98.184 Loss 0.40457
Epoch [124] Training Class Recall: [0.857,0.725,0.620,0.574,0.590,0.721,0.698,0.716,0.736,0.797,0.690,0.578,
 0.725,0.746,0.756,0.711,0.725,0.849,0.754,0.728,0.782,0.829,0.732,0.856,
 0.710,0.777,0.731,0.749,0.874,0.830,0.878,0.813,0.826,0.860,0.815,0.832,
 0.902,0.870,0.855,0.856,0.877,0.895,0.894,0.886,0.813,0.885,0.898,0.922,
 0.895,0.930,0.895,0.943,0.951,0.946,0.938,0.921,0.953,0.945,0.937,0.945,
 0.957,0.960,0.962,0.970,0.939,0.944,0.964,0.958,0.980,0.969,0.938,0.974,
 0.956,0.922,0.974,0.975,0.982,0.973,0.968,0.972,0.986,0.958,0.992,0.967,
 0.983,0.988,0.978,0.992,0.979,0.982,0.994,0.989,0.989,0.992,0.992,0.986,
 0.996,0.989,0.990,0.984]
Testing Group Acc: [0.263,0.000,0.000]
Epoch [124] Testing Results: Prec@1 26.290 Prec@5 49.430 Loss 5.68383
Epoch [124] Testing Class Recall: [0.380,0.540,0.250,0.610,0.360,0.370,0.560,0.200,0.390,0.620,0.480,0.500,
 0.450,0.480,0.440,0.430,0.630,0.810,0.470,0.390,0.610,0.670,0.500,0.710,
 0.730,0.210,0.210,0.060,0.440,0.280,0.580,0.210,0.360,0.310,0.430,0.070,
 0.240,0.200,0.250,0.240,0.410,0.260,0.290,0.320,0.080,0.180,0.050,0.340,
 0.480,0.330,0.070,0.200,0.580,0.570,0.190,0.060,0.290,0.230,0.420,0.250,
 0.550,0.060,0.370,0.130,0.020,0.000,0.240,0.230,0.230,0.180,0.200,0.250,
 0.030,0.050,0.040,0.260,0.260,0.040,0.000,0.020,0.010,0.000,0.480,0.040,
 0.000,0.060,0.000,0.000,0.010,0.000,0.030,0.040,0.010,0.010,0.000,0.080,
 0.030,0.010,0.000,0.050]
Training Group Acc: [0.880,0.000,0.000]
Epoch [125] Training Results: Prec@1 88.200 Prec@5 98.258 Loss 0.40013
Epoch [125] Training Class Recall: [0.854,0.767,0.643,0.578,0.557,0.745,0.691,0.699,0.785,0.766,0.663,0.588,
 0.756,0.751,0.722,0.708,0.747,0.829,0.715,0.751,0.803,0.844,0.706,0.864,
 0.724,0.746,0.738,0.802,0.872,0.828,0.899,0.809,0.815,0.848,0.825,0.821,
 0.881,0.835,0.846,0.860,0.848,0.912,0.884,0.876,0.813,0.893,0.886,0.920,
 0.903,0.938,0.913,0.929,0.947,0.951,0.936,0.925,0.945,0.941,0.948,0.961,
 0.972,0.938,0.973,0.962,0.939,0.942,0.964,0.964,0.980,0.983,0.956,0.971,
 0.978,0.937,0.978,0.989,0.986,0.979,0.970,0.974,0.988,0.970,0.977,0.977,
 0.977,0.984,0.978,0.985,0.985,0.982,0.988,0.987,0.976,0.985,0.994,0.988,
 0.996,0.989,0.993,0.988]
Testing Group Acc: [0.258,0.000,0.000]
Epoch [125] Testing Results: Prec@1 25.780 Prec@5 48.950 Loss 5.65897
Epoch [125] Testing Class Recall: [0.610,0.660,0.510,0.180,0.400,0.660,0.590,0.470,0.550,0.790,0.460,0.290,
 0.500,0.590,0.480,0.360,0.380,0.760,0.700,0.370,0.770,0.370,0.200,0.710,
 0.440,0.340,0.280,0.410,0.460,0.360,0.660,0.340,0.430,0.250,0.210,0.200,
 0.240,0.280,0.140,0.410,0.220,0.270,0.300,0.170,0.010,0.120,0.110,0.360,
 0.360,0.370,0.030,0.110,0.500,0.580,0.200,0.010,0.260,0.150,0.200,0.220,
 0.530,0.150,0.440,0.010,0.010,0.020,0.040,0.090,0.250,0.130,0.300,0.200,
 0.010,0.060,0.050,0.020,0.190,0.030,0.010,0.020,0.010,0.000,0.310,0.040,
 0.000,0.010,0.000,0.040,0.040,0.000,0.020,0.040,0.000,0.000,0.140,0.070,
 0.140,0.000,0.000,0.000]
Training Group Acc: [0.879,0.000,0.000]
Epoch [126] Training Results: Prec@1 88.089 Prec@5 98.207 Loss 0.40504
Epoch [126] Training Class Recall: [0.860,0.781,0.589,0.604,0.541,0.747,0.680,0.739,0.775,0.758,0.650,0.623,
 0.746,0.761,0.738,0.659,0.732,0.847,0.717,0.719,0.761,0.840,0.706,0.856,
 0.724,0.744,0.731,0.802,0.877,0.849,0.905,0.807,0.822,0.886,0.846,0.815,
 0.881,0.862,0.844,0.863,0.865,0.917,0.865,0.873,0.848,0.865,0.898,0.918,
 0.918,0.936,0.887,0.933,0.963,0.928,0.911,0.894,0.947,0.948,0.939,0.953,
 0.974,0.978,0.962,0.946,0.926,0.938,0.962,0.952,0.982,0.965,0.954,0.963,
 0.972,0.970,0.968,0.979,0.974,0.969,0.976,0.970,0.976,0.974,0.987,0.977,
 0.973,0.988,0.963,0.987,0.990,0.984,0.986,0.992,0.984,0.996,0.980,0.996,
 0.992,0.997,0.997,0.986]
Testing Group Acc: [0.248,0.000,0.000]
Epoch [126] Testing Results: Prec@1 24.750 Prec@5 47.490 Loss 5.58445
Epoch [126] Testing Class Recall: [0.750,0.540,0.450,0.340,0.440,0.580,0.540,0.520,0.530,0.550,0.230,0.150,
 0.580,0.470,0.620,0.340,0.480,0.490,0.310,0.300,0.740,0.420,0.370,0.550,
 0.670,0.310,0.380,0.190,0.320,0.280,0.620,0.290,0.230,0.330,0.450,0.100,
 0.120,0.060,0.160,0.230,0.300,0.520,0.120,0.110,0.100,0.240,0.030,0.510,
 0.340,0.250,0.020,0.150,0.440,0.550,0.180,0.030,0.330,0.230,0.250,0.220,
 0.340,0.150,0.230,0.190,0.210,0.000,0.080,0.090,0.180,0.310,0.170,0.670,
 0.020,0.050,0.040,0.060,0.220,0.000,0.000,0.000,0.010,0.050,0.210,0.030,
 0.000,0.020,0.010,0.110,0.000,0.000,0.030,0.050,0.000,0.000,0.200,0.060,
 0.000,0.000,0.000,0.010]
Training Group Acc: [0.877,0.000,0.000]
Epoch [127] Training Results: Prec@1 87.942 Prec@5 98.193 Loss 0.40514
Epoch [127] Training Class Recall: [0.850,0.739,0.620,0.551,0.564,0.743,0.705,0.676,0.738,0.768,0.663,0.599,
 0.764,0.746,0.729,0.685,0.744,0.812,0.750,0.732,0.803,0.863,0.709,0.864,
 0.743,0.757,0.731,0.769,0.877,0.824,0.876,0.799,0.830,0.846,0.837,0.818,
 0.887,0.851,0.844,0.835,0.857,0.903,0.872,0.890,0.856,0.858,0.884,0.905,
 0.938,0.942,0.903,0.924,0.959,0.964,0.947,0.939,0.947,0.934,0.930,0.957,
 0.945,0.927,0.956,0.962,0.941,0.944,0.956,0.958,0.974,0.980,0.954,0.963,
 0.978,0.941,0.968,0.972,0.982,0.975,0.964,0.972,0.984,0.958,0.987,0.977,
 0.985,0.982,0.978,0.987,0.981,0.989,0.980,0.981,0.976,0.990,0.988,0.992,
 0.988,0.995,0.987,0.991]
Testing Group Acc: [0.268,0.000,0.000]
Epoch [127] Testing Results: Prec@1 26.820 Prec@5 50.540 Loss 5.30142
Epoch [127] Testing Class Recall: [0.690,0.410,0.490,0.150,0.460,0.530,0.690,0.430,0.610,0.520,0.420,0.290,
 0.500,0.620,0.410,0.420,0.590,0.820,0.340,0.420,0.490,0.530,0.430,0.720,
 0.650,0.220,0.270,0.450,0.660,0.270,0.520,0.400,0.270,0.210,0.230,0.150,
 0.310,0.250,0.240,0.380,0.270,0.510,0.320,0.400,0.050,0.090,0.100,0.340,
 0.460,0.370,0.060,0.140,0.510,0.250,0.170,0.100,0.320,0.370,0.100,0.320,
 0.620,0.160,0.300,0.100,0.040,0.040,0.110,0.140,0.270,0.070,0.240,0.310,
 0.040,0.030,0.020,0.270,0.240,0.010,0.010,0.030,0.000,0.040,0.380,0.040,
 0.000,0.090,0.010,0.030,0.140,0.000,0.030,0.090,0.000,0.040,0.070,0.030,
 0.060,0.000,0.000,0.010]
Training Group Acc: [0.879,0.000,0.000]
Epoch [128] Training Results: Prec@1 88.124 Prec@5 98.284 Loss 0.39770
Epoch [128] Training Class Recall: [0.841,0.770,0.645,0.549,0.559,0.716,0.696,0.714,0.745,0.773,0.670,0.580,
 0.754,0.765,0.714,0.715,0.732,0.823,0.764,0.717,0.803,0.844,0.734,0.866,
 0.710,0.755,0.757,0.779,0.889,0.811,0.868,0.817,0.817,0.850,0.835,0.834,
 0.893,0.864,0.836,0.851,0.836,0.909,0.892,0.898,0.834,0.867,0.893,0.930,
 0.909,0.936,0.893,0.951,0.953,0.955,0.927,0.915,0.956,0.938,0.942,0.947,
 0.951,0.938,0.960,0.968,0.937,0.942,0.964,0.966,0.974,0.972,0.938,0.976,
 0.963,0.952,0.964,0.966,0.978,0.973,0.972,0.978,0.982,0.981,0.987,0.982,
 0.981,0.988,0.974,0.994,0.979,0.993,0.992,0.987,0.965,0.994,0.996,0.994,
 0.996,0.989,0.990,0.986]
Testing Group Acc: [0.262,0.000,0.000]
Epoch [128] Testing Results: Prec@1 26.240 Prec@5 50.020 Loss 5.62576
Epoch [128] Testing Class Recall: [0.650,0.410,0.180,0.510,0.340,0.560,0.430,0.510,0.560,0.650,0.380,0.410,
 0.630,0.490,0.380,0.100,0.600,0.770,0.480,0.430,0.770,0.550,0.270,0.420,
 0.330,0.250,0.150,0.240,0.650,0.380,0.520,0.070,0.250,0.350,0.360,0.160,
 0.320,0.160,0.280,0.320,0.260,0.360,0.100,0.230,0.030,0.200,0.150,0.360,
 0.590,0.260,0.110,0.160,0.670,0.590,0.110,0.110,0.220,0.230,0.320,0.220,
 0.680,0.090,0.230,0.140,0.060,0.000,0.040,0.060,0.390,0.440,0.310,0.400,
 0.060,0.010,0.030,0.150,0.100,0.030,0.000,0.020,0.010,0.040,0.530,0.130,
 0.040,0.080,0.000,0.020,0.190,0.010,0.020,0.010,0.010,0.000,0.090,0.140,
 0.110,0.000,0.000,0.020]
Training Group Acc: [0.877,0.000,0.000]
Epoch [129] Training Results: Prec@1 87.949 Prec@5 98.189 Loss 0.40721
Epoch [129] Training Class Recall: [0.837,0.756,0.627,0.581,0.574,0.705,0.696,0.680,0.762,0.781,0.663,0.623,
 0.727,0.782,0.716,0.676,0.740,0.821,0.736,0.707,0.782,0.844,0.719,0.834,
 0.710,0.761,0.740,0.761,0.868,0.838,0.882,0.813,0.815,0.850,0.805,0.834,
 0.881,0.860,0.838,0.863,0.874,0.920,0.896,0.888,0.821,0.867,0.903,0.916,
 0.884,0.944,0.899,0.929,0.936,0.962,0.929,0.927,0.945,0.948,0.948,0.945,
 0.966,0.958,0.958,0.966,0.954,0.916,0.968,0.975,0.970,0.976,0.942,0.976,
 0.967,0.926,0.970,0.992,0.986,0.977,0.974,0.964,0.972,0.963,0.982,0.962,
 0.981,0.980,0.976,0.985,0.979,0.980,0.984,0.985,0.995,0.994,0.996,0.990,
 0.994,0.997,0.990,0.993]
Testing Group Acc: [0.229,0.000,0.000]
Epoch [129] Testing Results: Prec@1 22.850 Prec@5 47.560 Loss 5.64622
Epoch [129] Testing Class Recall: [0.370,0.480,0.200,0.160,0.370,0.470,0.340,0.270,0.450,0.390,0.270,0.340,
 0.630,0.280,0.480,0.640,0.660,0.690,0.250,0.290,0.740,0.380,0.430,0.570,
 0.420,0.280,0.070,0.300,0.660,0.430,0.510,0.270,0.090,0.530,0.260,0.170,
 0.690,0.200,0.160,0.320,0.330,0.350,0.400,0.200,0.110,0.010,0.020,0.070,
 0.380,0.330,0.020,0.170,0.540,0.230,0.230,0.030,0.110,0.320,0.330,0.170,
 0.450,0.070,0.160,0.030,0.070,0.040,0.060,0.020,0.210,0.300,0.070,0.360,
 0.000,0.080,0.020,0.180,0.260,0.010,0.030,0.060,0.010,0.000,0.080,0.010,
 0.020,0.040,0.010,0.030,0.050,0.050,0.030,0.040,0.030,0.000,0.020,0.030,
 0.020,0.030,0.000,0.010]
Training Group Acc: [0.878,0.000,0.000]
Epoch [130] Training Results: Prec@1 88.069 Prec@5 98.096 Loss 0.40690
Epoch [130] Training Class Recall: [0.870,0.761,0.625,0.566,0.535,0.752,0.714,0.682,0.742,0.747,0.656,0.586,
 0.750,0.777,0.727,0.698,0.771,0.847,0.724,0.709,0.745,0.840,0.744,0.856,
 0.720,0.786,0.744,0.808,0.870,0.846,0.862,0.786,0.794,0.858,0.809,0.851,
 0.871,0.864,0.815,0.853,0.859,0.917,0.867,0.898,0.858,0.854,0.872,0.905,
 0.886,0.944,0.893,0.927,0.959,0.930,0.945,0.911,0.941,0.929,0.962,0.965,
 0.972,0.963,0.969,0.982,0.939,0.942,0.947,0.958,0.982,0.974,0.954,0.969,
 0.967,0.952,0.982,0.985,0.992,0.977,0.976,0.982,0.980,0.960,0.984,0.985,
 0.969,0.990,0.978,0.994,0.983,0.984,0.990,0.987,0.970,0.994,0.992,0.988,
 0.998,0.997,0.980,0.979]
Testing Group Acc: [0.260,0.000,0.000]
Epoch [130] Testing Results: Prec@1 25.960 Prec@5 48.300 Loss 5.78290
Epoch [130] Testing Class Recall: [0.680,0.430,0.280,0.220,0.190,0.490,0.660,0.560,0.490,0.720,0.210,0.540,
 0.680,0.540,0.260,0.680,0.300,0.640,0.570,0.430,0.820,0.640,0.420,0.490,
 0.640,0.290,0.330,0.280,0.410,0.360,0.470,0.220,0.290,0.410,0.400,0.100,
 0.290,0.180,0.350,0.460,0.470,0.320,0.070,0.140,0.040,0.110,0.030,0.300,
 0.560,0.210,0.090,0.240,0.730,0.460,0.300,0.040,0.190,0.230,0.140,0.150,
 0.650,0.180,0.320,0.070,0.030,0.010,0.090,0.200,0.180,0.280,0.310,0.160,
 0.000,0.000,0.080,0.180,0.280,0.010,0.000,0.020,0.010,0.000,0.310,0.040,
 0.010,0.020,0.000,0.010,0.030,0.000,0.050,0.030,0.010,0.000,0.080,0.010,
 0.050,0.000,0.000,0.010]
Training Group Acc: [0.879,0.000,0.000]
Epoch [131] Training Results: Prec@1 88.089 Prec@5 98.191 Loss 0.40228
Epoch [131] Training Class Recall: [0.854,0.770,0.613,0.559,0.570,0.707,0.678,0.672,0.753,0.779,0.643,0.580,
 0.750,0.756,0.725,0.685,0.713,0.845,0.724,0.724,0.750,0.852,0.754,0.850,
 0.762,0.770,0.712,0.787,0.866,0.840,0.880,0.799,0.830,0.880,0.829,0.804,
 0.887,0.864,0.846,0.856,0.861,0.909,0.894,0.894,0.856,0.865,0.881,0.922,
 0.898,0.936,0.897,0.922,0.944,0.955,0.931,0.921,0.943,0.948,0.953,0.961,
 0.963,0.956,0.960,0.968,0.939,0.931,0.958,0.958,0.980,0.978,0.959,0.982,
 0.952,0.944,0.990,0.981,0.982,0.967,0.976,0.976,0.986,0.988,0.984,0.980,
 0.977,0.982,0.985,0.987,0.990,0.982,0.990,0.981,0.978,0.990,0.992,0.992,
 0.998,0.995,0.997,0.995]
Testing Group Acc: [0.230,0.000,0.000]
Epoch [131] Testing Results: Prec@1 23.000 Prec@5 45.180 Loss 5.87302
Epoch [131] Testing Class Recall: [0.500,0.550,0.480,0.280,0.340,0.490,0.420,0.760,0.880,0.560,0.310,0.570,
 0.630,0.550,0.340,0.610,0.380,0.780,0.120,0.150,0.820,0.320,0.430,0.670,
 0.330,0.210,0.430,0.230,0.550,0.410,0.400,0.300,0.180,0.500,0.200,0.060,
 0.360,0.140,0.090,0.180,0.260,0.470,0.260,0.200,0.030,0.020,0.040,0.380,
 0.200,0.270,0.040,0.080,0.430,0.500,0.110,0.030,0.200,0.130,0.100,0.220,
 0.420,0.110,0.150,0.060,0.030,0.000,0.100,0.020,0.190,0.300,0.150,0.220,
 0.000,0.010,0.030,0.060,0.100,0.030,0.000,0.000,0.030,0.000,0.140,0.000,
 0.010,0.010,0.000,0.030,0.010,0.000,0.000,0.020,0.020,0.000,0.160,0.010,
 0.100,0.000,0.000,0.000]
Training Group Acc: [0.879,0.000,0.000]
Epoch [132] Training Results: Prec@1 88.164 Prec@5 98.260 Loss 0.40252
Epoch [132] Training Class Recall: [0.860,0.775,0.609,0.561,0.553,0.734,0.671,0.693,0.775,0.758,0.694,0.578,
 0.779,0.789,0.725,0.706,0.705,0.845,0.732,0.757,0.782,0.863,0.714,0.866,
 0.738,0.792,0.723,0.777,0.887,0.809,0.891,0.828,0.837,0.864,0.835,0.815,
 0.863,0.835,0.851,0.840,0.865,0.909,0.878,0.869,0.862,0.874,0.891,0.928,
 0.909,0.934,0.903,0.945,0.959,0.942,0.927,0.921,0.968,0.948,0.939,0.957,
 0.974,0.954,0.947,0.960,0.945,0.929,0.945,0.950,0.988,0.965,0.938,0.978,
 0.961,0.948,0.974,0.983,0.990,0.971,0.972,0.976,0.984,0.974,0.984,0.939,
 0.973,0.974,0.976,0.973,0.981,0.993,0.988,0.985,0.995,0.994,0.996,0.992,
 0.986,0.987,0.990,0.986]
Testing Group Acc: [0.239,0.000,0.000]
Epoch [132] Testing Results: Prec@1 23.880 Prec@5 45.880 Loss 5.94296
Epoch [132] Testing Class Recall: [0.790,0.870,0.620,0.680,0.420,0.340,0.540,0.710,0.590,0.220,0.320,0.320,
 0.350,0.260,0.310,0.580,0.650,0.550,0.290,0.140,0.600,0.480,0.330,0.670,
 0.600,0.380,0.320,0.320,0.380,0.170,0.540,0.110,0.070,0.300,0.150,0.030,
 0.240,0.090,0.000,0.550,0.220,0.430,0.250,0.170,0.100,0.050,0.050,0.240,
 0.630,0.380,0.000,0.070,0.470,0.330,0.150,0.020,0.290,0.220,0.460,0.170,
 0.780,0.120,0.200,0.110,0.000,0.040,0.090,0.040,0.410,0.250,0.100,0.290,
 0.030,0.150,0.010,0.130,0.300,0.050,0.010,0.010,0.010,0.000,0.010,0.000,
 0.010,0.050,0.000,0.020,0.040,0.000,0.000,0.010,0.000,0.000,0.020,0.000,
 0.000,0.000,0.000,0.010]
Training Group Acc: [0.879,0.000,0.000]
Epoch [133] Training Results: Prec@1 88.093 Prec@5 98.231 Loss 0.39923
Epoch [133] Training Class Recall: [0.877,0.772,0.618,0.570,0.561,0.707,0.678,0.714,0.745,0.745,0.696,0.583,
 0.740,0.730,0.731,0.708,0.700,0.819,0.748,0.730,0.761,0.850,0.757,0.852,
 0.729,0.783,0.755,0.785,0.852,0.826,0.899,0.815,0.794,0.894,0.811,0.807,
 0.881,0.837,0.861,0.874,0.839,0.929,0.874,0.890,0.850,0.882,0.893,0.934,
 0.912,0.955,0.899,0.927,0.947,0.942,0.936,0.909,0.947,0.960,0.939,0.943,
 0.966,0.967,0.956,0.964,0.939,0.944,0.962,0.962,0.978,0.967,0.961,0.954,
 0.969,0.959,0.970,0.981,0.986,0.963,0.962,0.972,0.972,0.972,0.984,0.972,
 0.979,0.990,0.967,0.989,0.983,0.989,0.980,0.985,0.984,0.992,0.994,0.994,
 0.998,0.995,0.987,0.984]
Testing Group Acc: [0.262,0.000,0.000]
Epoch [133] Testing Results: Prec@1 26.150 Prec@5 49.690 Loss 5.36749
Epoch [133] Testing Class Recall: [0.460,0.720,0.590,0.210,0.500,0.440,0.390,0.560,0.550,0.500,0.350,0.110,
 0.650,0.470,0.230,0.560,0.560,0.590,0.710,0.280,0.770,0.450,0.460,0.720,
 0.410,0.250,0.350,0.190,0.680,0.340,0.490,0.050,0.320,0.300,0.490,0.260,
 0.440,0.140,0.220,0.320,0.360,0.420,0.280,0.190,0.220,0.210,0.100,0.200,
 0.380,0.370,0.060,0.180,0.600,0.370,0.390,0.000,0.190,0.210,0.050,0.150,
 0.530,0.280,0.470,0.080,0.040,0.030,0.040,0.120,0.450,0.190,0.230,0.270,
 0.020,0.070,0.000,0.140,0.430,0.000,0.000,0.010,0.040,0.000,0.170,0.000,
 0.000,0.110,0.000,0.040,0.090,0.000,0.020,0.030,0.000,0.010,0.130,0.020,
 0.060,0.000,0.000,0.020]
Training Group Acc: [0.877,0.000,0.000]
Epoch [134] Training Results: Prec@1 87.896 Prec@5 98.169 Loss 0.41173
Epoch [134] Training Class Recall: [0.864,0.725,0.636,0.557,0.594,0.734,0.700,0.703,0.704,0.789,0.663,0.599,
 0.756,0.746,0.744,0.691,0.740,0.819,0.717,0.736,0.771,0.831,0.716,0.854,
 0.743,0.746,0.712,0.787,0.887,0.813,0.878,0.832,0.826,0.846,0.835,0.842,
 0.881,0.835,0.846,0.863,0.841,0.912,0.878,0.880,0.834,0.847,0.884,0.930,
 0.898,0.934,0.905,0.924,0.963,0.955,0.927,0.927,0.945,0.927,0.939,0.959,
 0.976,0.956,0.947,0.944,0.952,0.944,0.966,0.966,0.976,0.963,0.954,0.978,
 0.956,0.944,0.968,0.979,0.971,0.969,0.968,0.976,0.984,0.979,0.979,0.959,
 0.981,0.974,0.976,0.987,0.969,0.977,0.992,0.987,0.981,0.988,0.996,0.990,
 0.990,0.982,0.984,0.993]
Testing Group Acc: [0.260,0.000,0.000]
Epoch [134] Testing Results: Prec@1 26.000 Prec@5 48.500 Loss 5.51612
Epoch [134] Testing Class Recall: [0.770,0.570,0.410,0.450,0.610,0.530,0.470,0.660,0.480,0.440,0.460,0.180,
 0.560,0.540,0.330,0.400,0.660,0.680,0.610,0.460,0.720,0.610,0.140,0.500,
 0.510,0.260,0.240,0.220,0.670,0.510,0.500,0.360,0.150,0.250,0.200,0.260,
 0.270,0.050,0.010,0.370,0.280,0.400,0.340,0.110,0.190,0.030,0.040,0.440,
 0.380,0.210,0.080,0.140,0.480,0.550,0.190,0.020,0.090,0.240,0.350,0.090,
 0.520,0.130,0.220,0.150,0.060,0.060,0.020,0.020,0.280,0.330,0.540,0.550,
 0.000,0.030,0.050,0.160,0.270,0.020,0.000,0.020,0.000,0.000,0.200,0.010,
 0.010,0.040,0.030,0.130,0.020,0.000,0.060,0.010,0.010,0.000,0.050,0.090,
 0.060,0.110,0.000,0.020]
Training Group Acc: [0.883,0.000,0.000]
Epoch [135] Training Results: Prec@1 88.518 Prec@5 98.289 Loss 0.38936
Epoch [135] Training Class Recall: [0.870,0.758,0.654,0.595,0.537,0.765,0.671,0.703,0.779,0.763,0.670,0.561,
 0.764,0.782,0.705,0.693,0.717,0.845,0.791,0.732,0.761,0.848,0.757,0.876,
 0.710,0.796,0.729,0.812,0.887,0.817,0.889,0.805,0.851,0.862,0.837,0.834,
 0.889,0.874,0.853,0.863,0.857,0.937,0.870,0.871,0.852,0.885,0.893,0.922,
 0.943,0.932,0.903,0.933,0.961,0.953,0.931,0.902,0.953,0.938,0.937,0.957,
 0.966,0.952,0.967,0.944,0.939,0.948,0.960,0.958,0.980,0.980,0.961,0.971,
 0.965,0.948,0.984,0.983,0.984,0.969,0.980,0.978,0.976,0.970,1.000,0.977,
 0.983,0.988,0.980,0.981,0.971,0.984,0.990,0.996,0.989,0.985,0.996,0.994,
 0.994,0.989,0.997,0.984]
Testing Group Acc: [0.252,0.000,0.000]
Epoch [135] Testing Results: Prec@1 25.190 Prec@5 47.030 Loss 5.82440
Epoch [135] Testing Class Recall: [0.740,0.620,0.430,0.550,0.340,0.400,0.610,0.590,0.750,0.720,0.170,0.500,
 0.650,0.530,0.340,0.290,0.240,0.650,0.350,0.210,0.710,0.680,0.290,0.480,
 0.610,0.370,0.400,0.280,0.230,0.380,0.670,0.200,0.310,0.640,0.270,0.020,
 0.440,0.100,0.030,0.430,0.210,0.590,0.340,0.120,0.120,0.030,0.060,0.340,
 0.620,0.340,0.060,0.070,0.510,0.120,0.240,0.030,0.200,0.270,0.100,0.190,
 0.610,0.130,0.140,0.060,0.000,0.000,0.100,0.090,0.240,0.390,0.150,0.440,
 0.000,0.090,0.140,0.010,0.160,0.020,0.020,0.000,0.010,0.020,0.130,0.020,
 0.010,0.020,0.000,0.040,0.030,0.000,0.030,0.010,0.010,0.000,0.120,0.030,
 0.130,0.000,0.000,0.010]
Training Group Acc: [0.880,0.000,0.000]
Epoch [136] Training Results: Prec@1 88.282 Prec@5 98.220 Loss 0.39755
Epoch [136] Training Class Recall: [0.854,0.736,0.647,0.540,0.561,0.734,0.662,0.680,0.745,0.776,0.674,0.626,
 0.725,0.784,0.714,0.698,0.703,0.833,0.742,0.759,0.803,0.829,0.747,0.856,
 0.682,0.772,0.720,0.794,0.889,0.832,0.897,0.815,0.832,0.850,0.827,0.851,
 0.887,0.858,0.840,0.851,0.870,0.900,0.905,0.902,0.854,0.893,0.881,0.928,
 0.903,0.926,0.913,0.951,0.944,0.948,0.929,0.921,0.932,0.948,0.948,0.947,
 0.972,0.947,0.960,0.956,0.954,0.946,0.960,0.973,0.982,0.963,0.965,0.976,
 0.978,0.955,0.978,0.987,0.982,0.977,0.974,0.984,0.984,0.967,0.984,0.970,
 0.975,0.978,0.987,0.989,0.990,0.986,0.988,0.981,0.978,0.992,0.996,0.984,
 0.998,0.995,0.993,0.991]
Testing Group Acc: [0.238,0.000,0.000]
Epoch [136] Testing Results: Prec@1 23.820 Prec@5 45.410 Loss 6.12627
Epoch [136] Testing Class Recall: [0.720,0.620,0.480,0.330,0.140,0.450,0.790,0.710,0.560,0.420,0.380,0.480,
 0.580,0.450,0.260,0.600,0.650,0.510,0.170,0.340,0.820,0.550,0.400,0.620,
 0.550,0.230,0.230,0.110,0.380,0.370,0.440,0.220,0.130,0.540,0.480,0.030,
 0.310,0.340,0.220,0.280,0.250,0.410,0.250,0.130,0.010,0.050,0.080,0.310,
 0.540,0.190,0.080,0.020,0.250,0.660,0.300,0.000,0.170,0.080,0.280,0.240,
 0.680,0.100,0.160,0.060,0.000,0.010,0.080,0.070,0.450,0.110,0.060,0.300,
 0.010,0.020,0.030,0.030,0.040,0.000,0.000,0.030,0.010,0.020,0.020,0.060,
 0.010,0.040,0.000,0.010,0.010,0.000,0.040,0.010,0.000,0.000,0.080,0.020,
 0.050,0.000,0.000,0.010]
Training Group Acc: [0.882,0.000,0.000]
Epoch [137] Training Results: Prec@1 88.404 Prec@5 98.213 Loss 0.38974
Epoch [137] Training Class Recall: [0.850,0.781,0.643,0.585,0.592,0.727,0.718,0.708,0.764,0.789,0.634,0.636,
 0.740,0.754,0.749,0.693,0.735,0.839,0.740,0.747,0.814,0.863,0.757,0.856,
 0.706,0.761,0.748,0.777,0.885,0.795,0.880,0.848,0.851,0.864,0.839,0.821,
 0.887,0.854,0.859,0.863,0.868,0.937,0.884,0.908,0.834,0.852,0.879,0.918,
 0.943,0.936,0.897,0.904,0.959,0.973,0.943,0.909,0.943,0.936,0.951,0.937,
 0.972,0.956,0.953,0.958,0.947,0.931,0.958,0.954,0.980,0.974,0.938,0.967,
 0.969,0.944,0.976,0.979,0.984,0.969,0.978,0.978,0.980,0.967,0.990,0.967,
 0.983,0.988,0.978,0.987,0.973,0.989,0.986,0.989,0.986,0.983,0.992,0.992,
 0.990,0.987,0.990,0.986]
Testing Group Acc: [0.264,0.000,0.000]
Epoch [137] Testing Results: Prec@1 26.370 Prec@5 49.700 Loss 5.37444
Epoch [137] Testing Class Recall: [0.700,0.840,0.350,0.520,0.200,0.490,0.420,0.500,0.670,0.650,0.180,0.280,
 0.330,0.380,0.200,0.530,0.520,0.620,0.510,0.220,0.780,0.480,0.390,0.660,
 0.630,0.150,0.220,0.070,0.340,0.340,0.500,0.190,0.360,0.380,0.260,0.200,
 0.400,0.220,0.200,0.520,0.460,0.520,0.120,0.400,0.150,0.060,0.000,0.330,
 0.420,0.320,0.070,0.240,0.660,0.850,0.150,0.000,0.180,0.260,0.230,0.120,
 0.570,0.260,0.350,0.010,0.010,0.040,0.100,0.180,0.190,0.290,0.230,0.280,
 0.070,0.200,0.000,0.240,0.310,0.050,0.030,0.020,0.010,0.020,0.440,0.010,
 0.010,0.060,0.000,0.020,0.010,0.000,0.080,0.020,0.000,0.000,0.100,0.100,
 0.040,0.000,0.000,0.080]
Training Group Acc: [0.879,0.000,0.000]
Epoch [138] Training Results: Prec@1 88.124 Prec@5 98.260 Loss 0.39984
Epoch [138] Training Class Recall: [0.841,0.772,0.631,0.566,0.574,0.729,0.709,0.684,0.775,0.776,0.674,0.620,
 0.740,0.739,0.742,0.685,0.735,0.829,0.736,0.728,0.761,0.850,0.722,0.866,
 0.734,0.775,0.757,0.794,0.868,0.826,0.868,0.828,0.834,0.854,0.833,0.791,
 0.885,0.847,0.863,0.888,0.854,0.915,0.851,0.894,0.846,0.863,0.891,0.903,
 0.901,0.940,0.903,0.937,0.944,0.955,0.941,0.931,0.945,0.936,0.930,0.947,
 0.974,0.960,0.967,0.956,0.937,0.927,0.964,0.960,0.982,0.980,0.952,0.958,
 0.974,0.933,0.978,0.985,0.984,0.971,0.957,0.974,0.970,0.972,0.982,0.977,
 0.973,0.984,0.967,0.985,0.981,0.973,0.982,0.989,0.978,0.981,0.998,0.998,
 0.994,0.987,0.990,0.993]
Testing Group Acc: [0.255,0.000,0.000]
Epoch [138] Testing Results: Prec@1 25.480 Prec@5 48.910 Loss 5.39861
Epoch [138] Testing Class Recall: [0.800,0.700,0.590,0.420,0.360,0.260,0.520,0.450,0.530,0.560,0.430,0.580,
 0.470,0.740,0.380,0.580,0.290,0.430,0.210,0.360,0.790,0.750,0.400,0.500,
 0.670,0.170,0.250,0.070,0.490,0.140,0.440,0.210,0.360,0.470,0.220,0.010,
 0.290,0.190,0.080,0.330,0.320,0.530,0.110,0.460,0.050,0.090,0.070,0.320,
 0.240,0.270,0.030,0.240,0.530,0.550,0.320,0.030,0.370,0.350,0.130,0.220,
 0.520,0.130,0.250,0.050,0.020,0.020,0.020,0.070,0.350,0.180,0.050,0.340,
 0.010,0.220,0.060,0.170,0.300,0.040,0.000,0.010,0.010,0.010,0.330,0.020,
 0.060,0.100,0.000,0.010,0.000,0.020,0.060,0.010,0.010,0.000,0.150,0.110,
 0.020,0.000,0.000,0.030]
Training Group Acc: [0.881,0.000,0.000]
Epoch [139] Training Results: Prec@1 88.378 Prec@5 98.218 Loss 0.39533
Epoch [139] Training Class Recall: [0.894,0.772,0.625,0.576,0.600,0.714,0.700,0.693,0.751,0.784,0.685,0.618,
 0.742,0.780,0.720,0.706,0.717,0.833,0.760,0.722,0.755,0.856,0.742,0.860,
 0.682,0.768,0.746,0.771,0.887,0.830,0.893,0.813,0.820,0.835,0.872,0.837,
 0.883,0.841,0.859,0.860,0.848,0.915,0.861,0.910,0.844,0.895,0.915,0.922,
 0.932,0.936,0.909,0.947,0.955,0.939,0.936,0.904,0.924,0.922,0.948,0.939,
 0.970,0.949,0.956,0.968,0.961,0.946,0.947,0.960,0.974,0.980,0.954,0.971,
 0.974,0.937,0.982,0.983,0.982,0.983,0.980,0.986,0.984,0.977,0.990,0.967,
 0.979,0.990,0.978,0.987,0.979,0.986,0.982,0.987,0.967,0.990,0.992,0.994,
 0.990,0.989,0.993,0.979]
Testing Group Acc: [0.244,0.000,0.000]
Epoch [139] Testing Results: Prec@1 24.370 Prec@5 49.270 Loss 5.64684
Epoch [139] Testing Class Recall: [0.510,0.870,0.300,0.510,0.210,0.290,0.240,0.490,0.540,0.320,0.360,0.360,
 0.760,0.360,0.370,0.300,0.260,0.640,0.720,0.290,0.860,0.320,0.180,0.470,
 0.620,0.510,0.220,0.370,0.550,0.430,0.550,0.150,0.220,0.200,0.400,0.060,
 0.210,0.060,0.080,0.440,0.240,0.290,0.220,0.090,0.170,0.040,0.080,0.440,
 0.260,0.280,0.160,0.280,0.460,0.450,0.220,0.000,0.340,0.080,0.150,0.180,
 0.740,0.080,0.240,0.100,0.060,0.030,0.060,0.210,0.320,0.190,0.250,0.430,
 0.090,0.100,0.030,0.240,0.420,0.020,0.020,0.000,0.020,0.000,0.210,0.050,
 0.000,0.060,0.000,0.070,0.000,0.000,0.010,0.040,0.000,0.000,0.100,0.100,
 0.000,0.010,0.000,0.040]
Training Group Acc: [0.877,0.000,0.000]
Epoch [140] Training Results: Prec@1 87.953 Prec@5 98.251 Loss 0.40511
Epoch [140] Training Class Recall: [0.827,0.747,0.627,0.578,0.574,0.736,0.694,0.691,0.779,0.766,0.688,0.586,
 0.756,0.768,0.705,0.680,0.732,0.823,0.730,0.722,0.787,0.856,0.724,0.862,
 0.729,0.770,0.705,0.794,0.872,0.836,0.889,0.789,0.813,0.878,0.839,0.807,
 0.902,0.837,0.840,0.863,0.852,0.903,0.888,0.904,0.803,0.858,0.886,0.907,
 0.898,0.926,0.874,0.943,0.940,0.944,0.936,0.929,0.941,0.924,0.942,0.951,
 0.963,0.952,0.962,0.956,0.934,0.942,0.960,0.960,0.982,0.978,0.954,0.969,
 0.969,0.963,0.970,0.983,0.967,0.971,0.974,0.980,0.982,0.977,0.984,0.972,
 0.981,0.982,0.976,0.977,0.971,0.991,0.980,0.983,0.984,0.998,0.986,0.994,
 0.996,0.992,0.984,0.995]
Testing Group Acc: [0.251,0.000,0.000]
Epoch [140] Testing Results: Prec@1 25.070 Prec@5 48.700 Loss 5.56842
Epoch [140] Testing Class Recall: [0.480,0.490,0.270,0.490,0.170,0.650,0.500,0.380,0.660,0.630,0.480,0.520,
 0.520,0.610,0.380,0.200,0.430,0.490,0.470,0.180,0.840,0.620,0.350,0.660,
 0.620,0.160,0.320,0.070,0.430,0.530,0.470,0.400,0.140,0.660,0.380,0.130,
 0.190,0.300,0.130,0.200,0.160,0.310,0.560,0.200,0.170,0.010,0.060,0.360,
 0.380,0.430,0.100,0.400,0.540,0.480,0.260,0.020,0.160,0.160,0.180,0.210,
 0.420,0.140,0.260,0.030,0.040,0.020,0.030,0.040,0.300,0.050,0.190,0.420,
 0.000,0.080,0.030,0.120,0.280,0.020,0.010,0.020,0.010,0.000,0.350,0.090,
 0.020,0.030,0.000,0.060,0.040,0.000,0.020,0.120,0.000,0.000,0.030,0.000,
 0.000,0.000,0.000,0.050]
Training Group Acc: [0.882,0.000,0.000]
Epoch [141] Training Results: Prec@1 88.413 Prec@5 98.284 Loss 0.39254
Epoch [141] Training Class Recall: [0.864,0.781,0.638,0.555,0.566,0.701,0.709,0.691,0.768,0.776,0.661,0.588,
 0.762,0.770,0.742,0.719,0.720,0.831,0.760,0.747,0.793,0.865,0.734,0.872,
 0.757,0.759,0.791,0.787,0.895,0.842,0.893,0.821,0.841,0.858,0.841,0.840,
 0.885,0.872,0.851,0.849,0.852,0.920,0.874,0.892,0.838,0.889,0.879,0.938,
 0.932,0.938,0.901,0.941,0.944,0.942,0.931,0.925,0.924,0.927,0.951,0.955,
 0.968,0.945,0.940,0.972,0.939,0.942,0.962,0.962,0.976,0.961,0.956,0.976,
 0.969,0.937,0.972,0.979,0.986,0.971,0.964,0.976,0.980,0.972,0.992,0.967,
 0.977,0.986,0.976,0.989,0.990,0.971,0.982,0.994,0.976,0.983,0.984,0.992,
 0.994,0.987,0.990,0.984]
Testing Group Acc: [0.273,0.000,0.000]
Epoch [141] Testing Results: Prec@1 27.350 Prec@5 52.080 Loss 5.20713
Epoch [141] Testing Class Recall: [0.600,0.700,0.100,0.070,0.310,0.430,0.340,0.630,0.450,0.600,0.190,0.460,
 0.550,0.590,0.470,0.610,0.500,0.720,0.360,0.190,0.780,0.310,0.440,0.380,
 0.280,0.320,0.190,0.220,0.630,0.410,0.660,0.120,0.340,0.400,0.450,0.230,
 0.330,0.140,0.460,0.540,0.410,0.360,0.240,0.330,0.130,0.140,0.050,0.240,
 0.600,0.450,0.210,0.110,0.620,0.470,0.380,0.040,0.230,0.220,0.210,0.360,
 0.700,0.290,0.260,0.140,0.020,0.020,0.220,0.060,0.240,0.170,0.250,0.450,
 0.000,0.100,0.050,0.400,0.270,0.070,0.000,0.020,0.010,0.000,0.100,0.180,
 0.030,0.070,0.030,0.090,0.170,0.010,0.010,0.090,0.000,0.000,0.370,0.070,
 0.060,0.000,0.000,0.030]
Training Group Acc: [0.877,0.000,0.000]
Epoch [142] Training Results: Prec@1 87.893 Prec@5 98.144 Loss 0.40596
Epoch [142] Training Class Recall: [0.860,0.736,0.640,0.547,0.549,0.712,0.712,0.695,0.770,0.779,0.641,0.618,
 0.744,0.765,0.722,0.667,0.713,0.823,0.711,0.743,0.819,0.844,0.722,0.838,
 0.692,0.783,0.731,0.787,0.858,0.815,0.864,0.817,0.832,0.878,0.819,0.793,
 0.893,0.849,0.842,0.858,0.857,0.903,0.855,0.920,0.846,0.871,0.877,0.903,
 0.920,0.924,0.882,0.949,0.953,0.939,0.941,0.923,0.922,0.948,0.951,0.955,
 0.963,0.956,0.960,0.964,0.919,0.935,0.945,0.954,0.980,0.980,0.938,0.963,
 0.969,0.937,0.966,0.983,0.984,0.971,0.974,0.988,0.982,0.965,0.979,0.985,
 0.979,0.988,0.978,0.989,0.988,0.991,0.992,0.989,0.992,0.992,0.990,0.990,
 0.992,0.984,0.993,0.986]
Testing Group Acc: [0.247,0.000,0.000]
Epoch [142] Testing Results: Prec@1 24.750 Prec@5 47.510 Loss 5.63493
Epoch [142] Testing Class Recall: [0.620,0.720,0.300,0.390,0.490,0.640,0.410,0.730,0.830,0.540,0.470,0.290,
 0.580,0.390,0.340,0.390,0.300,0.740,0.190,0.360,0.780,0.410,0.180,0.570,
 0.440,0.220,0.450,0.250,0.570,0.300,0.750,0.280,0.220,0.420,0.250,0.010,
 0.320,0.070,0.050,0.200,0.030,0.530,0.190,0.180,0.040,0.080,0.020,0.590,
 0.300,0.380,0.030,0.100,0.400,0.580,0.070,0.010,0.360,0.410,0.260,0.220,
 0.640,0.260,0.270,0.090,0.030,0.000,0.060,0.120,0.200,0.180,0.330,0.250,
 0.000,0.010,0.070,0.220,0.040,0.020,0.020,0.000,0.010,0.000,0.390,0.020,
 0.010,0.010,0.010,0.040,0.020,0.000,0.010,0.000,0.020,0.000,0.140,0.000,
 0.000,0.010,0.000,0.010]
Training Group Acc: [0.880,0.000,0.000]
Epoch [143] Training Results: Prec@1 88.202 Prec@5 98.280 Loss 0.39738
Epoch [143] Training Class Recall: [0.850,0.792,0.634,0.551,0.578,0.745,0.691,0.689,0.773,0.779,0.672,0.586,
 0.779,0.763,0.718,0.704,0.767,0.827,0.715,0.692,0.798,0.848,0.722,0.854,
 0.720,0.772,0.720,0.796,0.877,0.842,0.891,0.791,0.832,0.862,0.823,0.840,
 0.869,0.881,0.855,0.870,0.832,0.926,0.872,0.900,0.834,0.865,0.901,0.928,
 0.912,0.930,0.897,0.943,0.957,0.930,0.945,0.927,0.958,0.943,0.937,0.943,
 0.961,0.956,0.953,0.970,0.943,0.925,0.966,0.964,0.978,0.965,0.945,0.974,
 0.967,0.914,0.972,0.989,0.980,0.971,0.968,0.976,0.982,0.972,0.982,0.972,
 0.977,0.992,0.969,0.989,0.979,0.991,0.984,0.989,0.981,0.994,0.992,0.994,
 0.998,0.989,0.997,0.982]
Testing Group Acc: [0.233,0.000,0.000]
Epoch [143] Testing Results: Prec@1 23.270 Prec@5 46.130 Loss 5.58584
Epoch [143] Testing Class Recall: [0.640,0.740,0.700,0.330,0.750,0.600,0.560,0.420,0.580,0.210,0.380,0.070,
 0.530,0.210,0.430,0.500,0.640,0.600,0.280,0.410,0.750,0.350,0.250,0.560,
 0.780,0.180,0.310,0.310,0.620,0.320,0.700,0.190,0.100,0.290,0.230,0.060,
 0.570,0.150,0.170,0.110,0.110,0.200,0.220,0.190,0.080,0.130,0.000,0.390,
 0.220,0.030,0.110,0.130,0.580,0.580,0.090,0.030,0.080,0.070,0.050,0.220,
 0.680,0.030,0.300,0.020,0.040,0.010,0.070,0.080,0.290,0.220,0.200,0.240,
 0.050,0.080,0.060,0.060,0.140,0.010,0.000,0.000,0.010,0.030,0.230,0.020,
 0.000,0.020,0.000,0.040,0.090,0.000,0.020,0.030,0.000,0.000,0.080,0.030,
 0.000,0.000,0.000,0.000]
Training Group Acc: [0.883,0.000,0.000]
Epoch [144] Training Results: Prec@1 88.478 Prec@5 98.251 Loss 0.39017
Epoch [144] Training Class Recall: [0.860,0.764,0.631,0.568,0.607,0.727,0.730,0.682,0.768,0.766,0.685,0.578,
 0.764,0.732,0.731,0.717,0.730,0.847,0.734,0.732,0.809,0.856,0.737,0.862,
 0.771,0.777,0.763,0.769,0.895,0.836,0.899,0.821,0.839,0.876,0.841,0.810,
 0.885,0.860,0.828,0.879,0.832,0.903,0.876,0.914,0.850,0.904,0.872,0.930,
 0.909,0.936,0.911,0.927,0.955,0.933,0.950,0.898,0.949,0.938,0.939,0.969,
 0.970,0.960,0.956,0.954,0.928,0.940,0.962,0.966,0.986,0.985,0.938,0.974,
 0.965,0.959,0.982,0.979,0.988,0.977,0.980,0.970,0.978,0.967,0.990,0.959,
 0.981,0.990,0.982,0.989,0.985,0.989,0.990,0.985,0.978,0.979,0.996,0.994,
 0.992,0.984,0.987,0.988]
Testing Group Acc: [0.261,0.000,0.000]
Epoch [144] Testing Results: Prec@1 26.070 Prec@5 50.090 Loss 5.30099
Epoch [144] Testing Class Recall: [0.930,0.650,0.560,0.250,0.370,0.330,0.580,0.590,0.380,0.660,0.400,0.420,
 0.460,0.450,0.190,0.340,0.410,0.840,0.520,0.490,0.830,0.550,0.360,0.680,
 0.260,0.400,0.150,0.210,0.570,0.460,0.450,0.020,0.390,0.440,0.380,0.000,
 0.320,0.190,0.120,0.370,0.400,0.510,0.180,0.190,0.070,0.030,0.090,0.540,
 0.300,0.150,0.060,0.420,0.510,0.220,0.210,0.010,0.550,0.220,0.140,0.160,
 0.500,0.120,0.210,0.120,0.000,0.060,0.010,0.310,0.400,0.130,0.080,0.420,
 0.060,0.110,0.030,0.280,0.430,0.050,0.000,0.120,0.000,0.020,0.090,0.010,
 0.010,0.040,0.000,0.060,0.050,0.000,0.030,0.060,0.010,0.000,0.240,0.050,
 0.010,0.000,0.010,0.010]
Training Group Acc: [0.879,0.000,0.000]
Epoch [145] Training Results: Prec@1 88.173 Prec@5 98.251 Loss 0.40190
Epoch [145] Training Class Recall: [0.864,0.742,0.638,0.576,0.545,0.736,0.705,0.682,0.738,0.768,0.672,0.551,
 0.793,0.773,0.736,0.715,0.754,0.843,0.764,0.747,0.761,0.831,0.749,0.872,
 0.738,0.761,0.731,0.769,0.870,0.826,0.885,0.807,0.817,0.880,0.821,0.772,
 0.883,0.851,0.853,0.865,0.872,0.920,0.874,0.902,0.852,0.867,0.898,0.926,
 0.886,0.922,0.901,0.922,0.951,0.944,0.922,0.921,0.943,0.941,0.942,0.959,
 0.966,0.965,0.967,0.958,0.952,0.946,0.947,0.956,0.986,0.974,0.935,0.969,
 0.969,0.929,0.974,0.981,0.986,0.969,0.972,0.978,0.982,0.974,0.982,0.962,
 0.973,0.982,0.982,0.977,0.981,0.986,0.982,0.989,0.984,0.994,0.996,0.988,
 0.996,0.992,0.993,0.991]
Testing Group Acc: [0.259,0.000,0.000]
Epoch [145] Testing Results: Prec@1 25.940 Prec@5 49.490 Loss 5.45394
Epoch [145] Testing Class Recall: [0.630,0.620,0.520,0.400,0.470,0.660,0.560,0.380,0.510,0.550,0.420,0.370,
 0.680,0.540,0.440,0.330,0.710,0.830,0.320,0.290,0.710,0.520,0.310,0.790,
 0.700,0.210,0.140,0.280,0.460,0.370,0.400,0.320,0.180,0.360,0.230,0.120,
 0.320,0.210,0.270,0.420,0.400,0.370,0.190,0.230,0.080,0.010,0.100,0.320,
 0.380,0.260,0.120,0.420,0.430,0.560,0.490,0.020,0.200,0.250,0.200,0.170,
 0.790,0.170,0.320,0.040,0.000,0.000,0.050,0.120,0.110,0.180,0.150,0.070,
 0.000,0.180,0.020,0.070,0.280,0.000,0.000,0.020,0.010,0.010,0.040,0.040,
 0.000,0.050,0.000,0.090,0.000,0.000,0.050,0.060,0.000,0.000,0.220,0.020,
 0.020,0.000,0.000,0.010]
Training Group Acc: [0.882,0.000,0.000]
Epoch [146] Training Results: Prec@1 88.389 Prec@5 98.353 Loss 0.38991
Epoch [146] Training Class Recall: [0.847,0.772,0.629,0.583,0.594,0.747,0.687,0.672,0.764,0.760,0.667,0.610,
 0.727,0.791,0.694,0.693,0.759,0.847,0.756,0.749,0.750,0.869,0.724,0.852,
 0.752,0.768,0.733,0.802,0.877,0.826,0.858,0.805,0.854,0.866,0.843,0.826,
 0.889,0.870,0.861,0.891,0.879,0.900,0.882,0.894,0.856,0.880,0.891,0.936,
 0.901,0.940,0.905,0.931,0.957,0.939,0.931,0.919,0.943,0.936,0.948,0.965,
 0.974,0.954,0.973,0.960,0.954,0.929,0.949,0.945,0.980,0.972,0.933,0.969,
 0.967,0.967,0.960,0.983,0.980,0.967,0.972,0.988,0.976,0.974,0.987,0.964,
 0.985,0.984,0.987,0.985,0.979,0.986,0.992,0.979,0.986,0.988,0.996,0.994,
 0.988,0.979,0.977,0.988]
Testing Group Acc: [0.261,0.000,0.000]
Epoch [146] Testing Results: Prec@1 26.100 Prec@5 48.470 Loss 5.53005
Epoch [146] Testing Class Recall: [0.650,0.690,0.650,0.250,0.540,0.720,0.650,0.490,0.640,0.640,0.290,0.370,
 0.650,0.370,0.470,0.480,0.480,0.530,0.560,0.430,0.660,0.340,0.270,0.580,
 0.640,0.220,0.260,0.200,0.420,0.170,0.720,0.160,0.410,0.500,0.380,0.140,
 0.320,0.030,0.050,0.350,0.300,0.570,0.260,0.160,0.190,0.030,0.080,0.210,
 0.390,0.330,0.030,0.220,0.510,0.460,0.150,0.090,0.340,0.190,0.250,0.200,
 0.550,0.070,0.170,0.020,0.020,0.050,0.020,0.050,0.160,0.480,0.380,0.490,
 0.010,0.050,0.050,0.010,0.250,0.010,0.010,0.080,0.010,0.030,0.300,0.010,
 0.010,0.010,0.000,0.120,0.030,0.020,0.050,0.030,0.000,0.000,0.070,0.070,
 0.060,0.000,0.000,0.020]
Training Group Acc: [0.884,0.000,0.000]
Epoch [147] Training Results: Prec@1 88.607 Prec@5 98.378 Loss 0.38522
Epoch [147] Training Class Recall: [0.877,0.747,0.636,0.576,0.590,0.725,0.709,0.703,0.736,0.786,0.665,0.612,
 0.764,0.777,0.738,0.724,0.720,0.837,0.742,0.745,0.819,0.854,0.747,0.876,
 0.771,0.794,0.723,0.779,0.881,0.838,0.915,0.844,0.826,0.864,0.848,0.840,
 0.889,0.874,0.820,0.858,0.850,0.909,0.874,0.892,0.842,0.885,0.877,0.922,
 0.923,0.942,0.922,0.935,0.961,0.948,0.931,0.915,0.939,0.953,0.939,0.947,
 0.968,0.952,0.960,0.966,0.928,0.946,0.964,0.969,0.974,0.983,0.949,0.976,
 0.969,0.974,0.972,0.987,0.982,0.973,0.970,0.974,0.976,0.981,0.997,0.980,
 0.981,0.988,0.974,0.981,0.983,0.993,0.984,0.992,0.989,0.992,0.994,0.992,
 0.990,0.992,0.980,0.991]
Testing Group Acc: [0.227,0.000,0.000]
Epoch [147] Testing Results: Prec@1 22.660 Prec@5 45.120 Loss 6.11930
Epoch [147] Testing Class Recall: [0.920,0.370,0.370,0.340,0.610,0.490,0.440,0.840,0.220,0.640,0.310,0.360,
 0.630,0.390,0.480,0.500,0.400,0.580,0.510,0.490,0.580,0.720,0.330,0.640,
 0.180,0.350,0.470,0.090,0.620,0.110,0.540,0.090,0.200,0.380,0.300,0.090,
 0.240,0.060,0.090,0.170,0.210,0.450,0.170,0.310,0.010,0.050,0.200,0.210,
 0.120,0.170,0.030,0.180,0.530,0.390,0.050,0.010,0.190,0.220,0.210,0.140,
 0.550,0.180,0.160,0.020,0.010,0.010,0.010,0.040,0.190,0.030,0.330,0.260,
 0.020,0.050,0.040,0.220,0.180,0.000,0.000,0.000,0.010,0.000,0.020,0.030,
 0.010,0.000,0.010,0.160,0.000,0.000,0.000,0.010,0.010,0.000,0.080,0.020,
 0.010,0.000,0.000,0.000]
Training Group Acc: [0.880,0.000,0.000]
Epoch [148] Training Results: Prec@1 88.233 Prec@5 98.293 Loss 0.39508
Epoch [148] Training Class Recall: [0.874,0.719,0.645,0.572,0.582,0.738,0.694,0.693,0.745,0.784,0.665,0.591,
 0.754,0.754,0.716,0.726,0.749,0.857,0.748,0.726,0.755,0.844,0.724,0.862,
 0.701,0.744,0.733,0.804,0.909,0.799,0.866,0.791,0.826,0.866,0.837,0.829,
 0.895,0.868,0.853,0.860,0.841,0.915,0.872,0.910,0.846,0.880,0.896,0.928,
 0.906,0.942,0.887,0.949,0.959,0.951,0.929,0.941,0.949,0.943,0.960,0.949,
 0.976,0.960,0.958,0.966,0.954,0.940,0.933,0.962,0.970,0.963,0.945,0.965,
 0.961,0.948,0.974,0.983,0.982,0.963,0.968,0.974,0.980,0.958,0.974,0.962,
 0.979,0.988,0.982,0.983,0.983,0.982,0.990,0.987,0.984,0.988,0.996,1.000,
 0.996,0.995,0.977,0.986]
Testing Group Acc: [0.264,0.000,0.000]
Epoch [148] Testing Results: Prec@1 26.440 Prec@5 48.850 Loss 5.24945
Epoch [148] Testing Class Recall: [0.620,0.660,0.330,0.560,0.690,0.700,0.580,0.660,0.550,0.490,0.480,0.560,
 0.620,0.510,0.440,0.320,0.390,0.500,0.500,0.410,0.720,0.520,0.400,0.770,
 0.650,0.230,0.250,0.240,0.280,0.290,0.680,0.380,0.360,0.390,0.500,0.000,
 0.190,0.150,0.100,0.340,0.350,0.370,0.240,0.150,0.070,0.140,0.030,0.500,
 0.490,0.340,0.040,0.190,0.670,0.370,0.210,0.000,0.110,0.330,0.190,0.170,
 0.520,0.100,0.500,0.070,0.000,0.070,0.020,0.090,0.420,0.250,0.070,0.250,
 0.010,0.040,0.130,0.020,0.250,0.000,0.000,0.010,0.010,0.000,0.290,0.050,
 0.000,0.010,0.010,0.030,0.020,0.010,0.020,0.020,0.000,0.000,0.140,0.030,
 0.000,0.000,0.000,0.010]
Training Group Acc: [0.885,0.000,0.000]
Epoch [149] Training Results: Prec@1 88.742 Prec@5 98.407 Loss 0.37936
Epoch [149] Training Class Recall: [0.887,0.775,0.634,0.570,0.596,0.754,0.725,0.703,0.775,0.781,0.667,0.588,
 0.750,0.749,0.771,0.719,0.732,0.837,0.736,0.734,0.739,0.865,0.754,0.868,
 0.752,0.775,0.731,0.783,0.885,0.830,0.887,0.801,0.839,0.878,0.837,0.840,
 0.898,0.864,0.857,0.863,0.843,0.903,0.876,0.873,0.854,0.904,0.889,0.942,
 0.929,0.957,0.901,0.937,0.959,0.960,0.945,0.923,0.964,0.945,0.937,0.959,
 0.968,0.960,0.969,0.962,0.952,0.935,0.964,0.956,0.988,0.956,0.954,0.978,
 0.963,0.955,0.986,0.985,0.988,0.981,0.976,0.982,0.984,0.972,0.984,0.980,
 0.971,0.980,0.978,0.983,0.990,0.989,0.984,0.994,0.981,0.992,0.994,0.996,
 0.994,0.995,0.993,0.991]
Testing Group Acc: [0.250,0.000,0.000]
Epoch [149] Testing Results: Prec@1 25.030 Prec@5 48.000 Loss 5.52021
Epoch [149] Testing Class Recall: [0.880,0.460,0.390,0.360,0.490,0.550,0.640,0.410,0.660,0.630,0.300,0.360,
 0.580,0.390,0.240,0.400,0.570,0.720,0.490,0.300,0.780,0.650,0.360,0.600,
 0.700,0.250,0.200,0.120,0.330,0.470,0.590,0.400,0.390,0.300,0.170,0.070,
 0.200,0.250,0.220,0.400,0.390,0.570,0.220,0.430,0.070,0.000,0.100,0.200,
 0.070,0.140,0.060,0.100,0.680,0.400,0.100,0.050,0.110,0.320,0.110,0.100,
 0.620,0.230,0.430,0.030,0.010,0.000,0.090,0.050,0.160,0.240,0.020,0.360,
 0.020,0.000,0.050,0.130,0.330,0.010,0.000,0.000,0.000,0.010,0.060,0.050,
 0.000,0.040,0.000,0.100,0.020,0.000,0.030,0.010,0.020,0.000,0.210,0.120,
 0.080,0.010,0.000,0.000]
Training Group Acc: [0.880,0.000,0.000]
Epoch [150] Training Results: Prec@1 88.256 Prec@5 98.204 Loss 0.39609
Epoch [150] Training Class Recall: [0.867,0.736,0.609,0.608,0.584,0.710,0.712,0.712,0.751,0.755,0.692,0.575,
 0.736,0.768,0.725,0.691,0.713,0.833,0.762,0.730,0.771,0.867,0.722,0.876,
 0.762,0.790,0.729,0.806,0.870,0.815,0.876,0.828,0.822,0.864,0.837,0.815,
 0.900,0.870,0.853,0.840,0.863,0.917,0.882,0.871,0.858,0.878,0.893,0.930,
 0.915,0.934,0.905,0.931,0.953,0.953,0.943,0.917,0.945,0.929,0.942,0.947,
 0.959,0.954,0.971,0.964,0.921,0.948,0.947,0.956,0.982,0.963,0.947,0.969,
 0.963,0.918,0.970,0.972,0.982,0.967,0.974,0.984,0.980,0.972,0.987,0.964,
 0.975,0.978,0.982,0.979,0.988,0.993,0.992,0.981,0.992,0.990,0.998,0.990,
 1.000,0.989,0.993,0.993]
Testing Group Acc: [0.276,0.000,0.000]
Epoch [150] Testing Results: Prec@1 27.610 Prec@5 51.830 Loss 5.21627
Epoch [150] Testing Class Recall: [0.760,0.580,0.550,0.040,0.170,0.340,0.580,0.570,0.560,0.680,0.300,0.430,
 0.450,0.610,0.250,0.370,0.440,0.690,0.390,0.400,0.820,0.590,0.270,0.680,
 0.560,0.440,0.240,0.120,0.550,0.370,0.620,0.480,0.270,0.520,0.560,0.080,
 0.310,0.060,0.360,0.230,0.250,0.660,0.370,0.170,0.120,0.120,0.150,0.460,
 0.300,0.370,0.190,0.260,0.490,0.610,0.280,0.020,0.220,0.170,0.180,0.140,
 0.480,0.330,0.480,0.160,0.020,0.000,0.050,0.290,0.170,0.320,0.310,0.090,
 0.020,0.040,0.050,0.190,0.500,0.000,0.010,0.050,0.010,0.000,0.300,0.060,
 0.000,0.390,0.010,0.040,0.030,0.000,0.000,0.040,0.000,0.020,0.090,0.110,
 0.100,0.000,0.000,0.030]
Training Group Acc: [0.879,0.000,0.000]
Epoch [151] Training Results: Prec@1 88.149 Prec@5 98.269 Loss 0.39721
Epoch [151] Training Class Recall: [0.864,0.770,0.629,0.551,0.596,0.738,0.682,0.695,0.768,0.779,0.688,0.575,
 0.760,0.768,0.716,0.687,0.752,0.855,0.734,0.730,0.750,0.854,0.719,0.866,
 0.678,0.772,0.753,0.791,0.864,0.851,0.893,0.825,0.839,0.852,0.831,0.821,
 0.885,0.864,0.842,0.837,0.823,0.915,0.890,0.900,0.836,0.867,0.906,0.932,
 0.918,0.922,0.913,0.937,0.949,0.937,0.924,0.917,0.920,0.938,0.935,0.945,
 0.955,0.949,0.956,0.958,0.945,0.929,0.956,0.948,0.972,0.965,0.940,0.971,
 0.972,0.955,0.974,0.979,0.992,0.971,0.978,0.972,0.982,0.972,0.977,0.982,
 0.979,0.986,0.980,0.989,0.981,0.980,0.986,0.985,0.976,0.994,0.986,0.998,
 0.992,0.989,0.993,0.991]
Testing Group Acc: [0.266,0.000,0.000]
Epoch [151] Testing Results: Prec@1 26.580 Prec@5 50.570 Loss 5.60580
Epoch [151] Testing Class Recall: [0.760,0.590,0.570,0.500,0.470,0.240,0.490,0.480,0.590,0.560,0.210,0.150,
 0.490,0.360,0.350,0.520,0.410,0.780,0.570,0.340,0.580,0.410,0.510,0.560,
 0.620,0.520,0.170,0.410,0.530,0.360,0.640,0.210,0.090,0.680,0.560,0.000,
 0.150,0.320,0.220,0.350,0.220,0.470,0.200,0.130,0.120,0.160,0.180,0.290,
 0.540,0.380,0.020,0.080,0.540,0.380,0.340,0.020,0.170,0.280,0.590,0.310,
 0.530,0.120,0.310,0.120,0.010,0.010,0.020,0.030,0.280,0.310,0.120,0.100,
 0.030,0.030,0.070,0.230,0.240,0.000,0.000,0.000,0.020,0.020,0.460,0.140,
 0.060,0.120,0.020,0.030,0.080,0.010,0.010,0.030,0.000,0.000,0.150,0.070,
 0.040,0.000,0.000,0.020]
Training Group Acc: [0.884,0.000,0.000]
Epoch [152] Training Results: Prec@1 88.584 Prec@5 98.353 Loss 0.38830
Epoch [152] Training Class Recall: [0.884,0.761,0.658,0.572,0.576,0.752,0.732,0.691,0.775,0.812,0.683,0.612,
 0.756,0.751,0.731,0.728,0.732,0.845,0.762,0.745,0.782,0.835,0.780,0.880,
 0.715,0.779,0.731,0.765,0.891,0.797,0.880,0.852,0.813,0.884,0.850,0.829,
 0.875,0.864,0.838,0.893,0.874,0.926,0.855,0.892,0.840,0.898,0.898,0.922,
 0.915,0.926,0.899,0.941,0.959,0.928,0.947,0.900,0.934,0.945,0.955,0.953,
 0.970,0.956,0.958,0.970,0.930,0.959,0.943,0.973,0.984,0.980,0.949,0.971,
 0.963,0.944,0.982,0.977,0.982,0.965,0.972,0.982,0.976,0.974,0.987,0.959,
 0.985,0.982,0.974,0.985,0.979,0.980,0.990,0.985,0.984,0.981,0.990,0.994,
 0.992,0.989,0.990,0.988]
Testing Group Acc: [0.239,0.000,0.000]
Epoch [152] Testing Results: Prec@1 23.860 Prec@5 47.750 Loss 5.81970
Epoch [152] Testing Class Recall: [0.560,0.730,0.640,0.410,0.510,0.460,0.560,0.470,0.640,0.440,0.540,0.100,
 0.630,0.490,0.540,0.350,0.730,0.700,0.370,0.560,0.730,0.260,0.120,0.500,
 0.680,0.210,0.350,0.070,0.490,0.400,0.540,0.030,0.260,0.460,0.490,0.050,
 0.290,0.120,0.090,0.330,0.060,0.240,0.120,0.210,0.170,0.020,0.190,0.300,
 0.040,0.270,0.110,0.210,0.420,0.460,0.110,0.090,0.400,0.110,0.130,0.230,
 0.420,0.080,0.210,0.170,0.040,0.050,0.040,0.160,0.220,0.240,0.140,0.170,
 0.010,0.050,0.040,0.240,0.170,0.050,0.000,0.000,0.020,0.000,0.250,0.000,
 0.000,0.030,0.000,0.010,0.010,0.010,0.000,0.020,0.000,0.000,0.070,0.020,
 0.100,0.000,0.000,0.030]
Training Group Acc: [0.882,0.000,0.000]
Epoch [153] Training Results: Prec@1 88.438 Prec@5 98.207 Loss 0.39010
Epoch [153] Training Class Recall: [0.864,0.758,0.634,0.555,0.572,0.725,0.709,0.691,0.758,0.786,0.681,0.578,
 0.779,0.773,0.729,0.683,0.747,0.835,0.746,0.713,0.750,0.885,0.765,0.860,
 0.734,0.775,0.755,0.771,0.874,0.849,0.880,0.811,0.847,0.860,0.807,0.812,
 0.902,0.837,0.861,0.870,0.872,0.903,0.878,0.894,0.860,0.885,0.893,0.930,
 0.935,0.944,0.922,0.914,0.957,0.964,0.938,0.909,0.947,0.931,0.939,0.953,
 0.957,0.952,0.964,0.954,0.943,0.938,0.949,0.954,0.986,0.972,0.959,0.960,
 0.980,0.933,0.976,0.987,0.988,0.977,0.968,0.984,0.980,0.977,0.990,0.977,
 0.975,0.984,0.978,0.985,0.975,0.989,0.990,0.989,0.984,0.994,0.992,0.994,
 0.994,0.992,0.997,0.998]
Testing Group Acc: [0.251,0.000,0.000]
Epoch [153] Testing Results: Prec@1 25.060 Prec@5 50.460 Loss 5.53761
Epoch [153] Testing Class Recall: [0.590,0.600,0.760,0.110,0.210,0.230,0.480,0.450,0.370,0.420,0.390,0.120,
 0.390,0.410,0.500,0.370,0.430,0.840,0.220,0.500,0.730,0.340,0.510,0.470,
 0.380,0.160,0.330,0.020,0.360,0.240,0.240,0.230,0.230,0.450,0.350,0.150,
 0.330,0.220,0.290,0.450,0.170,0.640,0.240,0.350,0.050,0.260,0.100,0.400,
 0.400,0.330,0.170,0.360,0.300,0.350,0.340,0.070,0.210,0.110,0.220,0.380,
 0.770,0.300,0.260,0.040,0.090,0.020,0.160,0.410,0.550,0.210,0.320,0.090,
 0.110,0.030,0.060,0.060,0.410,0.010,0.010,0.030,0.000,0.020,0.100,0.070,
 0.030,0.070,0.000,0.020,0.100,0.000,0.040,0.000,0.000,0.010,0.130,0.110,
 0.030,0.000,0.000,0.070]
Training Group Acc: [0.885,0.000,0.000]
Epoch [154] Training Results: Prec@1 88.760 Prec@5 98.351 Loss 0.38401
Epoch [154] Training Class Recall: [0.850,0.778,0.607,0.566,0.578,0.718,0.698,0.748,0.815,0.797,0.694,0.551,
 0.764,0.801,0.742,0.743,0.722,0.867,0.764,0.755,0.803,0.846,0.767,0.864,
 0.743,0.744,0.755,0.794,0.883,0.830,0.895,0.838,0.832,0.817,0.850,0.826,
 0.895,0.870,0.873,0.847,0.877,0.909,0.878,0.906,0.823,0.874,0.901,0.920,
 0.946,0.942,0.909,0.957,0.955,0.937,0.941,0.911,0.945,0.943,0.939,0.957,
 0.959,0.958,0.960,0.962,0.945,0.944,0.954,0.975,0.984,0.967,0.938,0.974,
 0.963,0.944,0.976,0.987,0.994,0.969,0.976,0.980,0.980,0.974,0.990,0.962,
 0.977,0.990,0.976,0.989,0.985,0.984,0.994,0.992,0.989,0.992,0.992,1.000,
 0.998,0.989,0.993,0.982]
Testing Group Acc: [0.262,0.000,0.000]
Epoch [154] Testing Results: Prec@1 26.190 Prec@5 50.900 Loss 5.49520
Epoch [154] Testing Class Recall: [0.830,0.610,0.260,0.230,0.300,0.280,0.390,0.570,0.610,0.640,0.160,0.340,
 0.430,0.610,0.320,0.480,0.700,0.660,0.460,0.350,0.740,0.510,0.410,0.380,
 0.500,0.100,0.240,0.020,0.620,0.360,0.610,0.170,0.470,0.220,0.210,0.210,
 0.290,0.060,0.120,0.360,0.180,0.590,0.210,0.510,0.170,0.030,0.180,0.450,
 0.600,0.290,0.150,0.370,0.540,0.510,0.090,0.000,0.280,0.360,0.320,0.230,
 0.710,0.210,0.460,0.070,0.100,0.010,0.060,0.050,0.220,0.270,0.100,0.260,
 0.010,0.090,0.060,0.170,0.160,0.030,0.000,0.000,0.010,0.010,0.400,0.070,
 0.040,0.160,0.000,0.140,0.120,0.000,0.020,0.010,0.000,0.000,0.150,0.060,
 0.030,0.000,0.000,0.040]
Training Group Acc: [0.881,0.000,0.000]
Epoch [155] Training Results: Prec@1 88.280 Prec@5 98.309 Loss 0.39030
Epoch [155] Training Class Recall: [0.867,0.750,0.631,0.557,0.566,0.741,0.696,0.695,0.755,0.789,0.667,0.604,
 0.752,0.765,0.722,0.715,0.690,0.859,0.750,0.734,0.803,0.852,0.744,0.848,
 0.757,0.766,0.735,0.808,0.883,0.815,0.891,0.793,0.830,0.870,0.860,0.842,
 0.885,0.858,0.838,0.863,0.848,0.915,0.861,0.890,0.838,0.891,0.886,0.907,
 0.909,0.944,0.911,0.947,0.957,0.933,0.957,0.909,0.947,0.945,0.948,0.959,
 0.974,0.943,0.951,0.960,0.934,0.942,0.949,0.954,0.980,0.978,0.945,0.965,
 0.967,0.941,0.974,0.979,0.969,0.977,0.976,0.966,0.982,0.972,0.984,0.972,
 0.992,0.980,0.989,0.983,0.981,0.982,0.986,0.985,0.989,0.983,0.992,0.990,
 0.992,0.992,0.997,0.991]
Testing Group Acc: [0.252,0.000,0.000]
Epoch [155] Testing Results: Prec@1 25.150 Prec@5 49.110 Loss 5.52056
Epoch [155] Testing Class Recall: [0.670,0.790,0.710,0.450,0.600,0.260,0.600,0.400,0.570,0.490,0.370,0.260,
 0.490,0.570,0.240,0.550,0.550,0.830,0.360,0.190,0.750,0.300,0.410,0.730,
 0.340,0.420,0.220,0.350,0.410,0.390,0.590,0.310,0.420,0.490,0.230,0.030,
 0.410,0.290,0.080,0.200,0.280,0.320,0.180,0.080,0.030,0.040,0.060,0.320,
 0.330,0.380,0.120,0.130,0.420,0.410,0.340,0.010,0.340,0.080,0.230,0.280,
 0.620,0.150,0.250,0.020,0.020,0.010,0.090,0.140,0.140,0.270,0.220,0.210,
 0.020,0.130,0.090,0.070,0.360,0.010,0.000,0.000,0.000,0.000,0.100,0.090,
 0.030,0.010,0.000,0.050,0.010,0.000,0.060,0.030,0.000,0.000,0.020,0.090,
 0.130,0.000,0.000,0.010]
Training Group Acc: [0.881,0.000,0.000]
Epoch [156] Training Results: Prec@1 88.367 Prec@5 98.329 Loss 0.39368
Epoch [156] Training Class Recall: [0.834,0.787,0.640,0.587,0.561,0.756,0.705,0.699,0.796,0.773,0.665,0.580,
 0.764,0.763,0.747,0.726,0.737,0.829,0.734,0.766,0.777,0.838,0.762,0.868,
 0.738,0.764,0.761,0.787,0.879,0.846,0.895,0.805,0.858,0.862,0.843,0.799,
 0.879,0.833,0.830,0.865,0.868,0.926,0.878,0.902,0.846,0.878,0.884,0.920,
 0.901,0.928,0.895,0.939,0.965,0.955,0.918,0.894,0.939,0.929,0.946,0.939,
 0.976,0.938,0.953,0.946,0.937,0.933,0.947,0.962,0.984,0.987,0.954,0.971,
 0.972,0.944,0.974,0.983,0.980,0.979,0.976,0.972,0.990,0.967,0.979,0.962,
 0.977,0.982,0.967,0.981,0.990,0.993,0.994,0.994,0.978,0.990,0.986,0.988,
 0.994,0.992,0.987,0.986]
Testing Group Acc: [0.240,0.000,0.000]
Epoch [156] Testing Results: Prec@1 23.990 Prec@5 47.350 Loss 5.77706
Epoch [156] Testing Class Recall: [0.830,0.600,0.510,0.180,0.570,0.530,0.470,0.370,0.620,0.590,0.530,0.590,
 0.510,0.430,0.320,0.240,0.500,0.770,0.520,0.260,0.880,0.590,0.080,0.560,
 0.200,0.370,0.080,0.220,0.460,0.220,0.580,0.220,0.350,0.180,0.280,0.000,
 0.180,0.080,0.030,0.350,0.190,0.440,0.330,0.430,0.090,0.030,0.090,0.370,
 0.310,0.060,0.020,0.150,0.440,0.420,0.130,0.010,0.180,0.150,0.190,0.270,
 0.410,0.140,0.440,0.110,0.000,0.020,0.020,0.050,0.140,0.130,0.200,0.340,
 0.010,0.130,0.000,0.100,0.310,0.020,0.020,0.000,0.050,0.020,0.270,0.070,
 0.000,0.130,0.000,0.000,0.030,0.000,0.000,0.030,0.000,0.050,0.320,0.110,
 0.110,0.040,0.000,0.020]
Training Group Acc: [0.885,0.000,0.000]
Epoch [157] Training Results: Prec@1 88.671 Prec@5 98.316 Loss 0.38688
Epoch [157] Training Class Recall: [0.880,0.770,0.649,0.547,0.570,0.743,0.721,0.714,0.758,0.773,0.694,0.618,
 0.754,0.815,0.742,0.717,0.730,0.853,0.748,0.738,0.782,0.831,0.732,0.848,
 0.780,0.766,0.729,0.771,0.850,0.855,0.872,0.834,0.822,0.888,0.862,0.826,
 0.904,0.874,0.857,0.872,0.890,0.900,0.874,0.904,0.848,0.900,0.877,0.922,
 0.909,0.930,0.915,0.937,0.959,0.955,0.941,0.911,0.949,0.934,0.953,0.943,
 0.976,0.958,0.958,0.968,0.934,0.948,0.964,0.962,0.984,0.961,0.942,0.971,
 0.963,0.944,0.984,0.987,0.986,0.969,0.974,0.988,0.984,0.977,0.987,0.975,
 0.979,0.982,0.982,0.981,0.985,0.993,0.988,0.989,0.970,0.990,0.986,0.994,
 0.996,0.989,0.993,0.991]
Testing Group Acc: [0.250,0.000,0.000]
Epoch [157] Testing Results: Prec@1 25.020 Prec@5 48.390 Loss 5.86434
Epoch [157] Testing Class Recall: [0.540,0.610,0.460,0.530,0.200,0.520,0.500,0.450,0.680,0.750,0.550,0.050,
 0.640,0.220,0.270,0.420,0.470,0.850,0.380,0.270,0.650,0.540,0.310,0.630,
 0.470,0.360,0.320,0.400,0.240,0.480,0.400,0.270,0.200,0.680,0.120,0.050,
 0.430,0.160,0.270,0.500,0.060,0.500,0.030,0.230,0.070,0.130,0.100,0.220,
 0.340,0.230,0.020,0.130,0.720,0.310,0.430,0.040,0.120,0.230,0.210,0.240,
 0.460,0.190,0.280,0.090,0.010,0.020,0.040,0.160,0.300,0.410,0.390,0.190,
 0.010,0.170,0.030,0.040,0.240,0.010,0.000,0.010,0.000,0.030,0.350,0.050,
 0.010,0.070,0.000,0.010,0.000,0.010,0.030,0.060,0.000,0.000,0.090,0.010,
 0.010,0.010,0.000,0.030]
Training Group Acc: [0.881,0.000,0.000]
Epoch [158] Training Results: Prec@1 88.331 Prec@5 98.320 Loss 0.39210
Epoch [158] Training Class Recall: [0.831,0.742,0.652,0.561,0.574,0.749,0.694,0.691,0.753,0.802,0.679,0.618,
 0.762,0.773,0.764,0.700,0.730,0.831,0.732,0.743,0.798,0.848,0.757,0.850,
 0.738,0.770,0.746,0.773,0.897,0.824,0.889,0.797,0.824,0.839,0.854,0.845,
 0.883,0.854,0.857,0.867,0.874,0.934,0.880,0.894,0.856,0.882,0.881,0.944,
 0.929,0.913,0.885,0.947,0.953,0.942,0.934,0.915,0.960,0.938,0.935,0.945,
 0.941,0.952,0.944,0.958,0.928,0.959,0.958,0.950,0.982,0.969,0.945,0.971,
 0.967,0.937,0.970,0.977,0.982,0.969,0.976,0.976,0.984,0.984,0.977,0.970,
 0.981,0.990,0.974,0.987,0.977,0.982,0.988,0.985,0.981,0.988,0.996,0.992,
 0.990,0.989,0.987,0.988]
Testing Group Acc: [0.250,0.000,0.000]
Epoch [158] Testing Results: Prec@1 24.990 Prec@5 47.800 Loss 5.87736
Epoch [158] Testing Class Recall: [0.750,0.760,0.610,0.370,0.480,0.460,0.580,0.590,0.860,0.530,0.450,0.350,
 0.440,0.390,0.420,0.590,0.670,0.640,0.230,0.330,0.640,0.650,0.240,0.540,
 0.660,0.230,0.320,0.160,0.590,0.240,0.460,0.090,0.270,0.370,0.260,0.110,
 0.250,0.320,0.220,0.320,0.140,0.410,0.070,0.250,0.010,0.250,0.130,0.290,
 0.320,0.110,0.030,0.080,0.300,0.520,0.150,0.090,0.240,0.220,0.420,0.280,
 0.560,0.140,0.170,0.160,0.050,0.010,0.030,0.070,0.450,0.150,0.240,0.330,
 0.020,0.020,0.010,0.120,0.130,0.000,0.000,0.000,0.010,0.010,0.200,0.000,
 0.000,0.050,0.000,0.000,0.050,0.000,0.020,0.030,0.000,0.010,0.080,0.070,
 0.050,0.000,0.000,0.000]
Training Group Acc: [0.883,0.000,0.000]
Epoch [159] Training Results: Prec@1 88.522 Prec@5 98.298 Loss 0.38645
Epoch [159] Training Class Recall: [0.870,0.756,0.613,0.557,0.617,0.712,0.736,0.714,0.785,0.781,0.690,0.610,
 0.775,0.751,0.709,0.704,0.757,0.837,0.722,0.759,0.787,0.838,0.724,0.890,
 0.715,0.775,0.751,0.777,0.877,0.817,0.905,0.821,0.847,0.888,0.823,0.829,
 0.883,0.866,0.840,0.860,0.857,0.915,0.876,0.876,0.821,0.887,0.903,0.916,
 0.918,0.944,0.903,0.939,0.957,0.942,0.929,0.921,0.945,0.934,0.951,0.955,
 0.966,0.945,0.962,0.974,0.945,0.953,0.954,0.954,0.970,0.963,0.954,0.974,
 0.967,0.974,0.978,0.981,0.980,0.979,0.978,0.986,0.982,0.967,0.995,0.970,
 0.973,0.980,0.982,0.985,0.983,0.986,0.988,0.987,0.986,0.994,0.992,0.992,
 0.996,0.995,0.993,0.988]
Testing Group Acc: [0.263,0.000,0.000]
Epoch [159] Testing Results: Prec@1 26.310 Prec@5 49.280 Loss 5.43102
Epoch [159] Testing Class Recall: [0.700,0.630,0.410,0.310,0.150,0.610,0.690,0.550,0.440,0.730,0.310,0.160,
 0.490,0.420,0.330,0.430,0.530,0.860,0.650,0.540,0.750,0.310,0.290,0.740,
 0.660,0.180,0.110,0.280,0.380,0.260,0.260,0.380,0.140,0.480,0.290,0.320,
 0.230,0.080,0.060,0.530,0.290,0.200,0.030,0.160,0.130,0.180,0.070,0.280,
 0.420,0.300,0.190,0.070,0.800,0.620,0.180,0.020,0.360,0.330,0.280,0.080,
 0.610,0.240,0.360,0.190,0.100,0.020,0.140,0.140,0.360,0.340,0.180,0.250,
 0.080,0.180,0.070,0.210,0.470,0.030,0.000,0.010,0.000,0.000,0.310,0.020,
 0.030,0.010,0.000,0.020,0.020,0.000,0.050,0.020,0.000,0.000,0.080,0.080,
 0.010,0.000,0.010,0.010]
Training Group Acc: [0.927,0.000,0.000]
Epoch [160] Training Results: Prec@1 92.762 Prec@5 99.109 Loss 0.25874
Epoch [160] Training Class Recall: [0.920,0.834,0.699,0.733,0.627,0.851,0.775,0.782,0.751,0.859,0.792,0.660,
 0.860,0.860,0.813,0.816,0.838,0.923,0.827,0.873,0.910,0.860,0.833,0.933,
 0.925,0.764,0.834,0.909,0.951,0.880,0.922,0.916,0.834,0.894,0.919,0.954,
 0.934,0.933,0.925,0.902,0.922,0.943,0.909,0.935,0.891,0.935,0.932,0.940,
 0.966,0.977,0.963,0.927,0.998,0.993,0.998,0.974,0.975,0.986,0.978,0.924,
 0.994,0.998,0.996,0.982,0.985,0.978,0.988,0.987,1.000,0.993,0.984,0.993,
 0.985,0.985,0.996,1.000,0.994,0.996,0.990,0.994,0.970,0.965,0.997,0.947,
 0.994,0.988,0.996,0.998,1.000,0.993,0.996,0.987,0.995,0.994,1.000,0.988,
 1.000,0.987,0.993,1.000]
Testing Group Acc: [0.296,0.000,0.000]
Epoch [160] Testing Results: Prec@1 29.560 Prec@5 52.760 Loss 5.02667
Epoch [160] Testing Class Recall: [0.710,0.730,0.560,0.480,0.480,0.590,0.660,0.640,0.730,0.710,0.440,0.290,
 0.670,0.530,0.450,0.470,0.610,0.840,0.590,0.390,0.780,0.590,0.360,0.740,
 0.640,0.250,0.320,0.200,0.560,0.380,0.620,0.330,0.250,0.510,0.370,0.140,
 0.300,0.240,0.150,0.510,0.280,0.410,0.170,0.280,0.080,0.070,0.130,0.410,
 0.500,0.300,0.080,0.140,0.720,0.510,0.210,0.010,0.330,0.230,0.210,0.230,
 0.630,0.240,0.370,0.110,0.020,0.020,0.130,0.110,0.420,0.240,0.230,0.290,
 0.010,0.100,0.050,0.240,0.380,0.020,0.000,0.010,0.010,0.010,0.270,0.010,
 0.010,0.040,0.000,0.030,0.070,0.010,0.040,0.030,0.000,0.000,0.140,0.050,
 0.050,0.010,0.010,0.040]
Training Group Acc: [0.944,0.000,0.000]
Epoch [161] Training Results: Prec@1 94.531 Prec@5 99.442 Loss 0.19778
Epoch [161] Training Class Recall: [0.937,0.876,0.766,0.708,0.721,0.860,0.822,0.811,0.854,0.880,0.826,0.730,
 0.915,0.900,0.859,0.825,0.853,0.919,0.858,0.861,0.910,0.912,0.876,0.947,
 0.907,0.864,0.888,0.913,0.951,0.911,0.953,0.938,0.909,0.939,0.931,0.940,
 0.945,0.954,0.940,0.967,0.951,0.963,0.948,0.959,0.932,0.959,0.971,0.969,
 0.966,0.981,0.951,0.978,0.994,0.991,0.995,0.963,0.985,0.974,0.971,0.975,
 0.996,0.993,0.989,0.988,0.987,0.981,0.988,0.987,0.996,0.998,0.993,0.998,
 0.996,0.996,0.992,1.000,0.996,0.996,0.994,0.992,0.992,0.993,0.997,0.977,
 0.996,1.000,1.000,0.996,1.000,1.000,0.998,1.000,0.997,1.000,0.998,0.994,
 1.000,1.000,1.000,1.000]
Testing Group Acc: [0.298,0.000,0.000]
Epoch [161] Testing Results: Prec@1 29.770 Prec@5 52.750 Loss 5.11729
Epoch [161] Testing Class Recall: [0.750,0.730,0.600,0.500,0.530,0.620,0.660,0.690,0.740,0.690,0.450,0.290,
 0.690,0.620,0.460,0.500,0.640,0.840,0.580,0.390,0.780,0.610,0.370,0.730,
 0.600,0.300,0.370,0.230,0.560,0.370,0.640,0.340,0.260,0.550,0.380,0.090,
 0.290,0.240,0.190,0.550,0.270,0.420,0.180,0.250,0.080,0.070,0.120,0.380,
 0.470,0.320,0.070,0.140,0.730,0.500,0.180,0.010,0.280,0.210,0.180,0.240,
 0.680,0.220,0.340,0.100,0.010,0.020,0.130,0.100,0.380,0.220,0.260,0.290,
 0.010,0.070,0.050,0.240,0.330,0.010,0.000,0.010,0.010,0.000,0.270,0.030,
 0.010,0.030,0.000,0.040,0.050,0.010,0.010,0.030,0.000,0.000,0.150,0.040,
 0.060,0.010,0.010,0.020]
Training Group Acc: [0.952,0.000,0.000]
Epoch [162] Training Results: Prec@1 95.267 Prec@5 99.560 Loss 0.17332
Epoch [162] Training Class Recall: [0.927,0.904,0.775,0.756,0.746,0.878,0.856,0.852,0.880,0.878,0.839,0.757,
 0.882,0.889,0.879,0.851,0.880,0.946,0.868,0.869,0.936,0.935,0.866,0.959,
 0.911,0.893,0.903,0.925,0.961,0.944,0.957,0.930,0.907,0.953,0.943,0.943,
 0.967,0.960,0.959,0.965,0.948,0.986,0.961,0.973,0.940,0.963,0.969,0.981,
 0.974,0.984,0.951,0.976,0.996,0.989,0.995,0.976,0.992,0.979,0.982,0.988,
 0.998,0.991,0.993,0.988,0.991,0.985,0.990,0.992,1.000,0.996,0.991,0.998,
 0.991,0.993,0.994,0.998,1.000,0.996,0.996,0.998,0.996,0.995,1.000,0.995,
 1.000,0.998,1.000,0.998,1.000,1.000,0.998,1.000,1.000,1.000,1.000,1.000,
 1.000,0.997,0.997,1.000]
Testing Group Acc: [0.300,0.000,0.000]
Epoch [162] Testing Results: Prec@1 30.020 Prec@5 52.870 Loss 5.14455
Epoch [162] Testing Class Recall: [0.780,0.750,0.560,0.480,0.510,0.590,0.670,0.670,0.760,0.660,0.460,0.350,
 0.700,0.640,0.490,0.510,0.660,0.830,0.570,0.400,0.790,0.630,0.370,0.700,
 0.630,0.290,0.360,0.210,0.550,0.400,0.650,0.350,0.290,0.560,0.380,0.070,
 0.310,0.250,0.180,0.530,0.280,0.440,0.210,0.250,0.080,0.090,0.110,0.420,
 0.480,0.340,0.070,0.140,0.710,0.480,0.190,0.010,0.300,0.180,0.160,0.240,
 0.710,0.220,0.360,0.100,0.010,0.010,0.120,0.090,0.390,0.220,0.280,0.290,
 0.010,0.080,0.060,0.220,0.290,0.020,0.000,0.010,0.010,0.000,0.280,0.030,
 0.010,0.030,0.000,0.060,0.060,0.010,0.020,0.030,0.000,0.000,0.140,0.030,
 0.070,0.000,0.000,0.030]
Training Group Acc: [0.957,0.000,0.000]
Epoch [163] Training Results: Prec@1 95.804 Prec@5 99.642 Loss 0.15643
Epoch [163] Training Class Recall: [0.940,0.896,0.802,0.782,0.783,0.880,0.876,0.845,0.886,0.901,0.873,0.813,
 0.901,0.900,0.879,0.888,0.887,0.948,0.878,0.882,0.947,0.942,0.861,0.963,
 0.911,0.919,0.927,0.927,0.953,0.959,0.969,0.953,0.936,0.965,0.949,0.932,
 0.963,0.950,0.963,0.972,0.948,0.980,0.963,0.982,0.940,0.978,0.983,0.984,
 0.972,0.981,0.977,0.990,0.998,0.980,0.984,0.976,0.992,0.986,0.980,0.990,
 0.998,0.996,0.996,0.994,0.996,0.994,0.988,0.990,1.000,0.993,0.998,1.000,
 0.991,0.985,0.996,0.996,1.000,0.994,0.996,0.998,0.996,0.991,0.997,0.992,
 0.994,0.998,1.000,1.000,1.000,0.998,0.998,0.998,0.997,1.000,1.000,1.000,
 1.000,1.000,0.997,1.000]
Testing Group Acc: [0.300,0.000,0.000]
Epoch [163] Testing Results: Prec@1 29.990 Prec@5 52.940 Loss 5.15755
Epoch [163] Testing Class Recall: [0.780,0.770,0.580,0.440,0.550,0.590,0.670,0.690,0.760,0.670,0.460,0.330,
 0.690,0.650,0.490,0.510,0.650,0.810,0.590,0.400,0.780,0.630,0.360,0.680,
 0.580,0.280,0.370,0.240,0.550,0.410,0.670,0.350,0.310,0.560,0.370,0.090,
 0.310,0.250,0.180,0.530,0.290,0.440,0.220,0.270,0.090,0.080,0.110,0.420,
 0.490,0.330,0.070,0.150,0.690,0.470,0.180,0.010,0.310,0.190,0.190,0.270,
 0.680,0.220,0.340,0.100,0.010,0.010,0.120,0.070,0.390,0.230,0.250,0.300,
 0.010,0.060,0.060,0.220,0.280,0.020,0.000,0.010,0.010,0.000,0.250,0.030,
 0.010,0.050,0.000,0.060,0.050,0.010,0.010,0.020,0.000,0.000,0.140,0.030,
 0.060,0.000,0.000,0.030]
Training Group Acc: [0.960,0.000,0.000]
Epoch [164] Training Results: Prec@1 96.136 Prec@5 99.644 Loss 0.14751
Epoch [164] Training Class Recall: [0.950,0.916,0.822,0.780,0.787,0.898,0.881,0.860,0.891,0.901,0.855,0.802,
 0.899,0.922,0.885,0.888,0.887,0.931,0.913,0.899,0.947,0.946,0.904,0.968,
 0.897,0.915,0.923,0.933,0.971,0.946,0.971,0.949,0.941,0.974,0.957,0.940,
 0.965,0.971,0.969,0.958,0.962,0.986,0.975,0.986,0.957,0.987,0.976,0.984,
 0.986,0.984,0.973,0.984,1.000,0.989,0.993,0.980,0.994,0.983,0.991,0.992,
 1.000,0.987,0.996,0.996,0.996,0.989,0.998,0.994,1.000,0.998,0.993,0.998,
 0.993,0.989,0.998,1.000,1.000,0.996,0.998,0.996,0.994,0.993,1.000,0.995,
 0.998,0.998,1.000,0.994,0.998,1.000,0.996,1.000,1.000,1.000,1.000,1.000,
 1.000,1.000,1.000,1.000]
Testing Group Acc: [0.301,0.000,0.000]
Epoch [164] Testing Results: Prec@1 30.060 Prec@5 52.930 Loss 5.18071
Epoch [164] Testing Class Recall: [0.770,0.760,0.570,0.460,0.570,0.640,0.670,0.680,0.760,0.680,0.470,0.340,
 0.720,0.630,0.500,0.520,0.660,0.820,0.590,0.400,0.780,0.630,0.360,0.690,
 0.610,0.280,0.360,0.260,0.560,0.410,0.670,0.340,0.320,0.580,0.350,0.080,
 0.300,0.230,0.180,0.530,0.290,0.450,0.230,0.240,0.080,0.080,0.110,0.400,
 0.460,0.330,0.070,0.170,0.660,0.460,0.200,0.010,0.300,0.220,0.180,0.260,
 0.700,0.220,0.360,0.090,0.010,0.010,0.120,0.100,0.370,0.220,0.260,0.280,
 0.010,0.060,0.060,0.220,0.220,0.020,0.000,0.010,0.010,0.000,0.270,0.030,
 0.010,0.040,0.000,0.050,0.060,0.010,0.010,0.020,0.000,0.000,0.150,0.030,
 0.080,0.000,0.000,0.020]
Training Group Acc: [0.963,0.000,0.000]
Epoch [165] Training Results: Prec@1 96.407 Prec@5 99.676 Loss 0.13861
Epoch [165] Training Class Recall: [0.950,0.933,0.784,0.790,0.799,0.891,0.896,0.864,0.903,0.917,0.868,0.799,
 0.897,0.927,0.919,0.896,0.899,0.960,0.911,0.897,0.915,0.956,0.891,0.955,
 0.930,0.902,0.938,0.943,0.961,0.961,0.965,0.959,0.953,0.974,0.970,0.959,
 0.980,0.962,0.967,0.981,0.962,0.977,0.979,0.990,0.969,0.972,0.976,0.988,
 0.977,0.994,0.979,0.986,0.992,0.991,0.984,0.990,0.994,0.988,0.987,0.996,
 0.998,0.996,0.998,0.996,0.993,0.998,0.992,0.998,1.000,0.996,1.000,0.998,
 0.993,0.985,1.000,0.998,1.000,1.000,1.000,0.998,1.000,0.998,1.000,0.997,
 0.996,0.998,0.998,0.998,1.000,0.998,1.000,1.000,1.000,1.000,0.998,1.000,
 1.000,1.000,1.000,1.000]
Testing Group Acc: [0.300,0.000,0.000]
Epoch [165] Testing Results: Prec@1 30.010 Prec@5 52.670 Loss 5.21858
Epoch [165] Testing Class Recall: [0.790,0.750,0.610,0.450,0.560,0.620,0.670,0.670,0.780,0.660,0.450,0.350,
 0.740,0.680,0.500,0.540,0.650,0.800,0.540,0.400,0.790,0.640,0.370,0.660,
 0.600,0.350,0.330,0.270,0.560,0.410,0.650,0.320,0.290,0.580,0.340,0.090,
 0.320,0.280,0.170,0.500,0.290,0.450,0.240,0.260,0.080,0.100,0.110,0.390,
 0.480,0.320,0.070,0.170,0.680,0.450,0.170,0.010,0.360,0.190,0.170,0.260,
 0.690,0.190,0.300,0.110,0.010,0.010,0.110,0.080,0.380,0.190,0.260,0.290,
 0.010,0.030,0.050,0.220,0.220,0.020,0.000,0.010,0.010,0.000,0.300,0.030,
 0.010,0.040,0.000,0.050,0.060,0.010,0.020,0.020,0.000,0.000,0.170,0.030,
 0.080,0.000,0.000,0.020]
Training Group Acc: [0.965,0.000,0.000]
Epoch [166] Training Results: Prec@1 96.536 Prec@5 99.711 Loss 0.13358
Epoch [166] Training Class Recall: [0.957,0.921,0.813,0.794,0.816,0.907,0.878,0.873,0.908,0.891,0.879,0.816,
 0.899,0.931,0.932,0.879,0.904,0.962,0.907,0.901,0.957,0.944,0.901,0.966,
 0.911,0.934,0.942,0.947,0.963,0.959,0.975,0.955,0.962,0.986,0.974,0.938,
 0.982,0.948,0.969,0.963,0.962,0.986,0.977,0.980,0.965,0.983,0.985,0.986,
 0.991,0.988,0.984,0.990,0.988,0.989,0.993,0.992,0.987,0.983,0.993,0.996,
 0.996,0.991,0.998,0.996,0.996,0.996,0.998,0.998,0.998,0.998,0.995,1.000,
 0.993,0.996,0.998,0.998,1.000,0.998,1.000,0.998,0.998,1.000,1.000,0.995,
 0.998,0.996,1.000,0.998,1.000,1.000,0.996,1.000,0.997,1.000,0.998,1.000,
 1.000,1.000,1.000,1.000]
Testing Group Acc: [0.303,0.000,0.000]
Epoch [166] Testing Results: Prec@1 30.260 Prec@5 52.960 Loss 5.21121
Epoch [166] Testing Class Recall: [0.770,0.770,0.590,0.460,0.560,0.630,0.680,0.680,0.770,0.680,0.470,0.350,
 0.710,0.700,0.500,0.560,0.640,0.840,0.600,0.400,0.800,0.640,0.360,0.680,
 0.600,0.280,0.360,0.260,0.560,0.410,0.670,0.340,0.330,0.570,0.340,0.100,
 0.320,0.270,0.170,0.510,0.290,0.440,0.240,0.270,0.080,0.110,0.110,0.430,
 0.460,0.320,0.070,0.160,0.680,0.500,0.200,0.010,0.330,0.220,0.140,0.250,
 0.670,0.220,0.360,0.090,0.010,0.010,0.110,0.090,0.350,0.200,0.270,0.270,
 0.010,0.050,0.060,0.200,0.210,0.020,0.000,0.020,0.010,0.000,0.280,0.040,
 0.010,0.040,0.000,0.050,0.040,0.010,0.010,0.020,0.000,0.000,0.150,0.040,
 0.080,0.000,0.000,0.020]
Training Group Acc: [0.966,0.000,0.000]
Epoch [167] Training Results: Prec@1 96.724 Prec@5 99.722 Loss 0.13049
Epoch [167] Training Class Recall: [0.957,0.933,0.820,0.811,0.787,0.907,0.908,0.894,0.903,0.930,0.886,0.816,
 0.926,0.915,0.910,0.898,0.889,0.960,0.915,0.918,0.931,0.950,0.909,0.963,
 0.925,0.912,0.959,0.933,0.977,0.973,0.969,0.959,0.970,0.982,0.957,0.940,
 0.982,0.975,0.963,0.974,0.964,0.994,0.969,0.984,0.982,0.972,0.978,0.994,
 0.980,0.992,0.977,0.996,1.000,0.996,0.998,0.984,0.989,0.986,0.989,0.998,
 0.996,0.993,0.993,0.994,0.993,0.998,0.996,0.994,1.000,0.998,0.998,1.000,
 0.998,0.993,0.998,1.000,1.000,0.998,0.998,1.000,0.998,1.000,1.000,1.000,
 0.998,0.998,0.998,1.000,1.000,1.000,1.000,1.000,1.000,1.000,1.000,1.000,
 1.000,1.000,1.000,1.000]
Testing Group Acc: [0.301,0.000,0.000]
Epoch [167] Testing Results: Prec@1 30.080 Prec@5 52.640 Loss 5.27289
Epoch [167] Testing Class Recall: [0.770,0.760,0.580,0.460,0.560,0.640,0.690,0.660,0.760,0.670,0.470,0.340,
 0.720,0.690,0.510,0.540,0.660,0.790,0.600,0.420,0.800,0.640,0.350,0.660,
 0.580,0.350,0.360,0.280,0.580,0.410,0.660,0.340,0.310,0.570,0.340,0.080,
 0.320,0.290,0.170,0.510,0.280,0.430,0.240,0.270,0.080,0.090,0.110,0.410,
 0.480,0.330,0.070,0.190,0.660,0.460,0.190,0.010,0.340,0.200,0.160,0.260,
 0.650,0.190,0.310,0.100,0.010,0.010,0.110,0.100,0.330,0.190,0.270,0.280,
 0.010,0.030,0.060,0.240,0.200,0.020,0.000,0.020,0.010,0.000,0.280,0.040,
 0.010,0.040,0.000,0.050,0.040,0.010,0.010,0.020,0.000,0.000,0.150,0.040,
 0.080,0.000,0.000,0.020]
Training Group Acc: [0.968,0.000,0.000]
Epoch [168] Training Results: Prec@1 96.867 Prec@5 99.753 Loss 0.12328
Epoch [168] Training Class Recall: [0.963,0.947,0.818,0.820,0.797,0.929,0.883,0.877,0.918,0.904,0.891,0.807,
 0.928,0.938,0.930,0.892,0.912,0.966,0.925,0.922,0.936,0.950,0.906,0.968,
 0.921,0.923,0.944,0.957,0.979,0.959,0.975,0.955,0.977,0.984,0.967,0.962,
 0.982,0.977,0.977,0.970,0.973,0.977,0.979,0.984,0.971,0.980,0.985,0.986,
 0.989,0.994,0.986,0.994,0.994,0.991,0.991,0.994,0.992,0.986,0.993,0.994,
 0.996,0.993,0.991,0.998,0.996,0.991,0.994,0.996,1.000,0.998,0.998,0.998,
 0.998,0.993,1.000,0.998,1.000,0.996,0.996,0.998,0.998,1.000,0.997,1.000,
 0.998,0.998,0.998,0.998,1.000,1.000,0.998,1.000,1.000,1.000,1.000,0.998,
 1.000,1.000,1.000,1.000]
Testing Group Acc: [0.302,0.000,0.000]
Epoch [168] Testing Results: Prec@1 30.240 Prec@5 52.930 Loss 5.24965
Epoch [168] Testing Class Recall: [0.780,0.770,0.610,0.470,0.590,0.620,0.700,0.640,0.760,0.690,0.460,0.330,
 0.740,0.660,0.490,0.530,0.660,0.800,0.630,0.380,0.790,0.630,0.370,0.680,
 0.610,0.320,0.360,0.280,0.590,0.400,0.670,0.350,0.310,0.580,0.350,0.080,
 0.340,0.240,0.180,0.490,0.290,0.450,0.230,0.280,0.080,0.130,0.110,0.410,
 0.430,0.330,0.070,0.170,0.650,0.450,0.200,0.020,0.360,0.240,0.150,0.260,
 0.630,0.220,0.340,0.100,0.010,0.010,0.110,0.090,0.350,0.210,0.280,0.290,
 0.020,0.040,0.050,0.200,0.220,0.030,0.000,0.020,0.010,0.010,0.260,0.040,
 0.010,0.050,0.000,0.040,0.040,0.010,0.010,0.020,0.000,0.000,0.140,0.040,
 0.080,0.000,0.000,0.020]
Training Group Acc: [0.969,0.000,0.000]
Epoch [169] Training Results: Prec@1 96.938 Prec@5 99.749 Loss 0.12002
Epoch [169] Training Class Recall: [0.944,0.944,0.822,0.780,0.828,0.929,0.892,0.867,0.910,0.927,0.906,0.829,
 0.938,0.941,0.932,0.909,0.904,0.958,0.937,0.905,0.947,0.954,0.922,0.974,
 0.935,0.921,0.953,0.949,0.973,0.967,0.971,0.957,0.960,0.982,0.970,0.967,
 0.969,0.975,0.975,0.974,0.966,0.991,0.977,0.984,0.979,0.974,0.990,0.992,
 0.997,0.994,0.984,0.996,0.994,0.996,0.989,0.986,0.998,0.991,0.989,0.994,
 0.998,0.996,0.993,0.996,0.991,0.989,0.994,0.998,0.998,0.998,1.000,1.000,
 0.998,0.996,1.000,0.998,1.000,0.994,0.994,0.998,0.998,1.000,1.000,0.997,
 0.998,0.998,1.000,0.998,1.000,1.000,1.000,1.000,1.000,1.000,1.000,1.000,
 1.000,1.000,1.000,1.000]
Testing Group Acc: [0.304,0.000,0.000]
Epoch [169] Testing Results: Prec@1 30.360 Prec@5 52.760 Loss 5.27886
Epoch [169] Testing Class Recall: [0.780,0.760,0.600,0.460,0.590,0.630,0.680,0.650,0.790,0.670,0.480,0.380,
 0.740,0.690,0.510,0.560,0.670,0.810,0.600,0.410,0.800,0.640,0.350,0.680,
 0.620,0.320,0.360,0.290,0.560,0.400,0.680,0.330,0.340,0.580,0.340,0.080,
 0.320,0.280,0.170,0.500,0.280,0.480,0.260,0.270,0.080,0.110,0.110,0.390,
 0.440,0.320,0.080,0.170,0.660,0.420,0.190,0.020,0.340,0.210,0.170,0.260,
 0.650,0.220,0.330,0.100,0.010,0.010,0.110,0.100,0.370,0.200,0.270,0.270,
 0.010,0.030,0.050,0.230,0.210,0.030,0.000,0.010,0.010,0.010,0.240,0.040,
 0.010,0.050,0.000,0.050,0.040,0.010,0.010,0.020,0.000,0.000,0.150,0.040,
 0.080,0.000,0.000,0.030]
Training Group Acc: [0.970,0.000,0.000]
Epoch [170] Training Results: Prec@1 97.040 Prec@5 99.762 Loss 0.11681
Epoch [170] Training Class Recall: [0.980,0.935,0.822,0.828,0.816,0.933,0.905,0.881,0.912,0.898,0.904,0.832,
 0.921,0.945,0.914,0.898,0.912,0.962,0.921,0.924,0.936,0.956,0.932,0.961,
 0.907,0.923,0.935,0.943,0.979,0.971,0.984,0.965,0.979,0.980,0.972,0.965,
 0.986,0.971,0.981,0.979,0.971,0.986,0.994,0.990,0.986,0.980,0.988,0.988,
 0.986,0.994,0.984,0.994,0.986,0.996,1.000,0.990,0.996,0.986,0.987,0.996,
 0.996,0.998,0.996,0.996,0.991,0.996,0.998,0.996,1.000,0.996,1.000,1.000,
 0.998,0.996,1.000,1.000,1.000,0.998,1.000,1.000,0.998,1.000,1.000,0.997,
 0.998,0.998,0.998,0.994,1.000,1.000,0.998,1.000,1.000,1.000,0.998,0.996,
 1.000,1.000,1.000,1.000]
Testing Group Acc: [0.302,0.000,0.000]
Epoch [170] Testing Results: Prec@1 30.160 Prec@5 52.630 Loss 5.30480
Epoch [170] Testing Class Recall: [0.800,0.760,0.610,0.450,0.560,0.620,0.700,0.650,0.750,0.690,0.480,0.370,
 0.730,0.690,0.530,0.550,0.650,0.820,0.640,0.410,0.800,0.640,0.360,0.670,
 0.600,0.350,0.350,0.260,0.580,0.390,0.670,0.330,0.340,0.570,0.330,0.080,
 0.340,0.260,0.170,0.490,0.280,0.460,0.240,0.260,0.080,0.090,0.110,0.390,
 0.400,0.330,0.070,0.170,0.660,0.450,0.190,0.020,0.320,0.220,0.160,0.260,
 0.650,0.200,0.340,0.100,0.010,0.010,0.110,0.090,0.350,0.190,0.270,0.280,
 0.010,0.040,0.050,0.200,0.200,0.030,0.010,0.020,0.020,0.010,0.270,0.040,
 0.010,0.050,0.000,0.050,0.040,0.010,0.010,0.020,0.000,0.000,0.140,0.040,
 0.070,0.000,0.000,0.020]
Training Group Acc: [0.970,0.000,0.000]
Epoch [171] Training Results: Prec@1 97.104 Prec@5 99.807 Loss 0.11451
Epoch [171] Training Class Recall: [0.970,0.930,0.856,0.811,0.811,0.918,0.892,0.871,0.923,0.930,0.900,0.826,
 0.917,0.948,0.923,0.916,0.907,0.968,0.935,0.920,0.957,0.954,0.927,0.970,
 0.902,0.937,0.963,0.949,0.986,0.973,0.973,0.957,0.977,0.978,0.978,0.959,
 0.975,0.975,0.981,0.988,0.964,0.994,0.986,0.978,0.977,0.983,0.990,0.988,
 0.989,0.996,0.988,0.998,0.998,0.996,0.989,0.988,1.000,0.991,0.998,0.998,
 0.998,0.998,0.993,0.996,0.998,0.994,0.992,0.994,0.996,0.993,0.995,1.000,
 0.998,1.000,1.000,0.998,1.000,0.998,0.996,0.994,0.996,0.998,1.000,0.997,
 1.000,1.000,1.000,0.996,1.000,0.998,1.000,1.000,1.000,1.000,1.000,1.000,
 1.000,0.997,1.000,1.000]
Testing Group Acc: [0.301,0.000,0.000]
Epoch [171] Testing Results: Prec@1 30.150 Prec@5 52.210 Loss 5.34940
Epoch [171] Testing Class Recall: [0.800,0.760,0.610,0.470,0.530,0.630,0.730,0.650,0.740,0.660,0.480,0.380,
 0.730,0.690,0.530,0.580,0.670,0.800,0.620,0.410,0.810,0.630,0.380,0.680,
 0.630,0.350,0.380,0.260,0.570,0.380,0.670,0.330,0.310,0.560,0.340,0.080,
 0.330,0.210,0.170,0.500,0.280,0.470,0.230,0.280,0.080,0.110,0.110,0.420,
 0.430,0.300,0.070,0.170,0.640,0.450,0.190,0.020,0.330,0.210,0.160,0.250,
 0.650,0.200,0.330,0.110,0.010,0.010,0.100,0.110,0.360,0.190,0.270,0.290,
 0.010,0.040,0.050,0.230,0.190,0.020,0.000,0.010,0.020,0.010,0.240,0.030,
 0.010,0.040,0.000,0.040,0.040,0.010,0.010,0.020,0.000,0.000,0.140,0.040,
 0.060,0.000,0.000,0.020]
Training Group Acc: [0.972,0.000,0.000]
Epoch [172] Training Results: Prec@1 97.251 Prec@5 99.820 Loss 0.11099
Epoch [172] Training Class Recall: [0.973,0.935,0.840,0.822,0.830,0.922,0.903,0.896,0.916,0.938,0.908,0.840,
 0.940,0.941,0.930,0.898,0.912,0.964,0.943,0.928,0.963,0.952,0.929,0.961,
 0.916,0.947,0.955,0.962,0.981,0.971,0.973,0.963,0.968,0.986,0.974,0.948,
 0.984,0.973,0.979,0.981,0.975,0.989,0.988,0.990,0.988,0.969,0.990,0.994,
 0.980,0.996,0.981,0.994,0.996,0.998,0.995,0.994,0.992,0.993,0.991,1.000,
 1.000,0.998,1.000,0.998,0.989,0.991,0.998,0.996,0.998,0.998,0.998,1.000,
 0.998,0.996,0.998,0.998,1.000,1.000,0.994,0.998,1.000,0.995,1.000,0.997,
 1.000,1.000,1.000,1.000,1.000,1.000,0.998,1.000,1.000,1.000,1.000,1.000,
 1.000,1.000,1.000,1.000]
Testing Group Acc: [0.300,0.000,0.000]
Epoch [172] Testing Results: Prec@1 30.050 Prec@5 52.220 Loss 5.41020
Epoch [172] Testing Class Recall: [0.800,0.770,0.620,0.460,0.560,0.640,0.730,0.650,0.740,0.680,0.490,0.390,
 0.720,0.690,0.530,0.550,0.630,0.800,0.610,0.440,0.820,0.640,0.360,0.700,
 0.640,0.340,0.350,0.270,0.580,0.390,0.670,0.300,0.300,0.540,0.340,0.080,
 0.320,0.250,0.190,0.480,0.280,0.460,0.240,0.260,0.080,0.100,0.110,0.400,
 0.430,0.320,0.070,0.150,0.660,0.460,0.190,0.020,0.340,0.210,0.160,0.260,
 0.640,0.190,0.320,0.090,0.010,0.010,0.110,0.120,0.330,0.180,0.270,0.280,
 0.000,0.030,0.050,0.230,0.180,0.030,0.000,0.010,0.010,0.010,0.250,0.030,
 0.010,0.040,0.000,0.050,0.040,0.010,0.010,0.020,0.000,0.000,0.140,0.030,
 0.040,0.000,0.000,0.020]
Training Group Acc: [0.972,0.000,0.000]
Epoch [173] Training Results: Prec@1 97.322 Prec@5 99.824 Loss 0.10732
Epoch [173] Training Class Recall: [0.973,0.933,0.843,0.850,0.828,0.909,0.905,0.888,0.912,0.930,0.913,0.832,
 0.936,0.936,0.934,0.905,0.929,0.964,0.933,0.930,0.931,0.973,0.952,0.976,
 0.925,0.937,0.948,0.966,0.979,0.977,0.986,0.961,0.975,0.980,0.984,0.962,
 0.980,0.964,0.979,0.979,0.973,0.983,0.992,0.992,0.977,0.989,0.988,0.992,
 0.986,0.996,0.986,0.996,0.994,1.000,0.993,0.990,0.985,0.986,0.991,1.000,
 0.996,0.996,0.998,0.994,0.993,0.994,0.996,0.998,1.000,1.000,1.000,1.000,
 0.998,1.000,1.000,0.998,1.000,1.000,1.000,1.000,1.000,1.000,1.000,0.997,
 1.000,1.000,1.000,1.000,1.000,1.000,0.998,1.000,1.000,1.000,0.998,1.000,
 1.000,1.000,1.000,1.000]
Testing Group Acc: [0.301,0.000,0.000]
Epoch [173] Testing Results: Prec@1 30.120 Prec@5 52.420 Loss 5.33377
Epoch [173] Testing Class Recall: [0.800,0.740,0.570,0.460,0.580,0.650,0.720,0.650,0.750,0.670,0.470,0.390,
 0.730,0.650,0.510,0.540,0.660,0.800,0.610,0.430,0.820,0.660,0.370,0.670,
 0.620,0.340,0.370,0.260,0.570,0.410,0.670,0.330,0.320,0.560,0.330,0.080,
 0.340,0.250,0.180,0.480,0.280,0.470,0.210,0.250,0.080,0.090,0.110,0.440,
 0.420,0.330,0.070,0.170,0.630,0.480,0.180,0.030,0.320,0.230,0.160,0.260,
 0.650,0.190,0.350,0.100,0.010,0.010,0.090,0.120,0.330,0.180,0.270,0.280,
 0.000,0.030,0.050,0.200,0.200,0.030,0.000,0.020,0.020,0.010,0.290,0.030,
 0.010,0.050,0.000,0.060,0.040,0.010,0.010,0.010,0.000,0.000,0.140,0.040,
 0.050,0.000,0.000,0.020]
Training Group Acc: [0.975,0.000,0.000]
Epoch [174] Training Results: Prec@1 97.560 Prec@5 99.809 Loss 0.10482
Epoch [174] Training Class Recall: [0.980,0.933,0.840,0.835,0.857,0.933,0.926,0.896,0.933,0.924,0.915,0.845,
 0.940,0.950,0.947,0.931,0.919,0.974,0.935,0.924,0.979,0.954,0.932,0.963,
 0.930,0.937,0.957,0.962,0.984,0.969,0.992,0.969,0.979,0.984,0.972,0.976,
 0.988,0.981,0.985,0.988,0.971,0.997,0.986,0.992,0.994,0.987,0.988,0.990,
 0.991,0.998,0.984,0.998,0.998,0.998,0.998,0.996,0.998,0.979,0.993,0.996,
 0.996,1.000,0.998,1.000,1.000,0.998,0.996,1.000,1.000,0.998,1.000,1.000,
 0.998,0.989,1.000,0.998,1.000,0.998,1.000,0.998,0.998,0.998,1.000,0.997,
 1.000,1.000,1.000,1.000,0.998,1.000,1.000,1.000,1.000,1.000,1.000,0.996,
 1.000,1.000,1.000,1.000]
Testing Group Acc: [0.301,0.000,0.000]
Epoch [174] Testing Results: Prec@1 30.080 Prec@5 52.290 Loss 5.37267
Epoch [174] Testing Class Recall: [0.800,0.760,0.610,0.480,0.590,0.630,0.730,0.650,0.750,0.680,0.490,0.390,
 0.730,0.690,0.530,0.540,0.640,0.810,0.600,0.440,0.810,0.630,0.370,0.680,
 0.610,0.350,0.370,0.270,0.570,0.400,0.670,0.320,0.300,0.550,0.340,0.080,
 0.330,0.240,0.180,0.480,0.290,0.440,0.250,0.260,0.070,0.100,0.110,0.400,
 0.400,0.310,0.070,0.170,0.650,0.470,0.180,0.030,0.340,0.230,0.160,0.250,
 0.620,0.180,0.320,0.090,0.010,0.010,0.100,0.140,0.320,0.160,0.270,0.280,
 0.000,0.030,0.050,0.240,0.200,0.030,0.000,0.020,0.010,0.010,0.290,0.030,
 0.010,0.040,0.000,0.030,0.050,0.010,0.010,0.010,0.000,0.000,0.130,0.030,
 0.060,0.000,0.000,0.020]
Training Group Acc: [0.975,0.000,0.000]
Epoch [175] Training Results: Prec@1 97.513 Prec@5 99.811 Loss 0.10314
Epoch [175] Training Class Recall: [0.970,0.941,0.843,0.826,0.826,0.911,0.932,0.911,0.929,0.948,0.915,0.850,
 0.944,0.941,0.921,0.914,0.939,0.966,0.937,0.930,0.952,0.948,0.929,0.976,
 0.944,0.965,0.959,0.962,0.977,0.973,0.981,0.969,0.981,0.990,0.978,0.978,
 0.988,0.979,0.977,0.977,0.978,0.997,0.996,0.984,0.990,0.987,0.983,0.988,
 0.986,0.990,0.990,0.996,0.998,0.996,0.995,0.990,0.998,0.995,0.989,0.998,
 1.000,0.996,0.996,0.996,0.998,1.000,1.000,1.000,0.998,1.000,0.998,1.000,
 0.996,0.996,1.000,1.000,1.000,0.998,0.998,1.000,1.000,0.998,1.000,0.997,
 0.996,0.998,1.000,0.998,1.000,1.000,1.000,1.000,1.000,1.000,1.000,1.000,
 1.000,1.000,1.000,1.000]
Testing Group Acc: [0.301,0.000,0.000]
Epoch [175] Testing Results: Prec@1 30.070 Prec@5 52.240 Loss 5.42997
Epoch [175] Testing Class Recall: [0.800,0.760,0.640,0.490,0.580,0.630,0.720,0.650,0.740,0.670,0.470,0.380,
 0.720,0.670,0.520,0.540,0.660,0.800,0.590,0.420,0.790,0.630,0.390,0.690,
 0.640,0.340,0.360,0.280,0.590,0.400,0.670,0.330,0.300,0.550,0.330,0.080,
 0.330,0.270,0.170,0.470,0.290,0.430,0.270,0.250,0.070,0.090,0.110,0.400,
 0.410,0.350,0.070,0.170,0.660,0.460,0.180,0.030,0.340,0.220,0.160,0.270,
 0.630,0.190,0.330,0.090,0.010,0.010,0.090,0.120,0.340,0.180,0.270,0.260,
 0.000,0.030,0.040,0.200,0.210,0.030,0.000,0.010,0.010,0.010,0.260,0.040,
 0.010,0.050,0.000,0.040,0.040,0.010,0.010,0.010,0.000,0.000,0.140,0.030,
 0.060,0.000,0.000,0.020]
Training Group Acc: [0.975,0.000,0.000]
Epoch [176] Training Results: Prec@1 97.562 Prec@5 99.802 Loss 0.10329
Epoch [176] Training Class Recall: [0.980,0.944,0.870,0.854,0.850,0.925,0.919,0.905,0.925,0.919,0.922,0.840,
 0.950,0.953,0.945,0.922,0.924,0.966,0.925,0.932,0.952,0.960,0.929,0.972,
 0.939,0.943,0.944,0.953,0.979,0.969,0.992,0.971,0.968,0.984,0.972,0.967,
 0.988,0.979,0.985,0.986,0.971,0.986,0.988,0.994,0.986,0.989,0.988,0.996,
 0.997,1.000,0.990,0.990,1.000,0.996,0.998,0.992,0.998,0.993,0.991,0.996,
 1.000,0.998,0.998,0.998,0.996,0.996,0.996,0.996,1.000,0.998,0.995,1.000,
 1.000,1.000,1.000,1.000,0.998,1.000,0.998,0.998,1.000,1.000,1.000,1.000,
 1.000,0.998,1.000,0.998,1.000,1.000,1.000,1.000,1.000,1.000,1.000,0.998,
 1.000,1.000,1.000,1.000]
Testing Group Acc: [0.300,0.000,0.000]
Epoch [176] Testing Results: Prec@1 29.990 Prec@5 51.990 Loss 5.42845
Epoch [176] Testing Class Recall: [0.800,0.750,0.610,0.480,0.560,0.610,0.740,0.640,0.750,0.680,0.480,0.410,
 0.730,0.670,0.520,0.550,0.680,0.810,0.600,0.430,0.800,0.640,0.380,0.690,
 0.620,0.350,0.370,0.280,0.570,0.390,0.670,0.320,0.310,0.540,0.330,0.080,
 0.340,0.240,0.150,0.480,0.280,0.450,0.240,0.270,0.070,0.130,0.110,0.410,
 0.410,0.330,0.070,0.190,0.640,0.460,0.190,0.030,0.340,0.220,0.140,0.270,
 0.600,0.190,0.320,0.090,0.010,0.010,0.090,0.130,0.290,0.190,0.280,0.270,
 0.010,0.030,0.050,0.150,0.210,0.030,0.000,0.020,0.020,0.010,0.280,0.040,
 0.010,0.040,0.000,0.020,0.050,0.010,0.010,0.010,0.000,0.000,0.140,0.010,
 0.050,0.000,0.000,0.020]
Training Group Acc: [0.974,0.000,0.000]
Epoch [177] Training Results: Prec@1 97.484 Prec@5 99.822 Loss 0.10160
Epoch [177] Training Class Recall: [0.967,0.938,0.849,0.835,0.842,0.916,0.919,0.890,0.929,0.940,0.926,0.842,
 0.934,0.950,0.923,0.920,0.909,0.964,0.941,0.943,0.952,0.956,0.934,0.974,
 0.911,0.943,0.957,0.960,0.994,0.973,0.990,0.963,0.985,0.982,0.980,0.965,
 0.988,0.983,0.979,0.977,0.978,0.994,0.990,0.986,0.979,0.991,0.983,0.992,
 0.989,0.990,0.994,0.996,0.996,0.996,1.000,0.994,0.998,0.988,0.996,1.000,
 0.998,0.998,1.000,0.998,0.996,0.998,0.996,0.998,0.998,0.998,0.998,1.000,
 0.998,0.989,1.000,1.000,1.000,0.998,1.000,0.996,0.998,1.000,1.000,1.000,
 1.000,0.998,1.000,1.000,1.000,1.000,0.998,1.000,1.000,0.998,1.000,0.998,
 1.000,1.000,1.000,1.000]
Testing Group Acc: [0.300,0.000,0.000]
Epoch [177] Testing Results: Prec@1 30.050 Prec@5 51.910 Loss 5.43780
Epoch [177] Testing Class Recall: [0.800,0.770,0.640,0.460,0.580,0.640,0.720,0.640,0.770,0.700,0.480,0.400,
 0.730,0.680,0.520,0.550,0.630,0.810,0.620,0.410,0.840,0.640,0.370,0.690,
 0.650,0.340,0.390,0.300,0.570,0.400,0.680,0.340,0.310,0.560,0.330,0.080,
 0.330,0.230,0.190,0.490,0.280,0.460,0.270,0.240,0.070,0.090,0.110,0.410,
 0.410,0.310,0.070,0.160,0.640,0.460,0.190,0.030,0.330,0.230,0.150,0.260,
 0.590,0.180,0.290,0.090,0.010,0.010,0.100,0.120,0.320,0.190,0.280,0.270,
 0.000,0.030,0.040,0.170,0.180,0.030,0.000,0.010,0.010,0.010,0.250,0.040,
 0.010,0.030,0.000,0.040,0.040,0.010,0.010,0.010,0.000,0.000,0.140,0.030,
 0.040,0.000,0.000,0.020]
Training Group Acc: [0.975,0.000,0.000]
Epoch [178] Training Results: Prec@1 97.602 Prec@5 99.840 Loss 0.09983
Epoch [178] Training Class Recall: [0.967,0.935,0.861,0.847,0.844,0.936,0.917,0.913,0.918,0.943,0.915,0.864,
 0.934,0.957,0.943,0.927,0.919,0.968,0.943,0.937,0.941,0.958,0.934,0.982,
 0.925,0.950,0.944,0.976,0.988,0.973,0.988,0.965,0.983,0.990,0.982,0.970,
 0.977,0.969,0.981,0.970,0.975,0.991,0.986,0.994,0.984,0.991,0.981,0.990,
 1.000,0.996,0.990,0.998,1.000,0.996,0.993,0.990,1.000,0.991,0.991,1.000,
 0.998,0.998,0.998,0.998,0.996,0.996,0.996,0.996,1.000,1.000,1.000,1.000,
 0.996,0.996,1.000,1.000,1.000,0.996,1.000,1.000,1.000,0.998,0.997,1.000,
 0.998,1.000,1.000,0.998,1.000,1.000,1.000,1.000,1.000,0.998,1.000,1.000,
 1.000,1.000,1.000,1.000]
Testing Group Acc: [0.301,0.000,0.000]
Epoch [178] Testing Results: Prec@1 30.070 Prec@5 51.960 Loss 5.46585
Epoch [178] Testing Class Recall: [0.800,0.770,0.630,0.470,0.600,0.640,0.730,0.640,0.770,0.690,0.480,0.370,
 0.720,0.700,0.520,0.560,0.660,0.780,0.620,0.420,0.830,0.640,0.390,0.670,
 0.640,0.340,0.370,0.290,0.570,0.410,0.680,0.340,0.310,0.550,0.330,0.080,
 0.330,0.250,0.180,0.480,0.300,0.430,0.220,0.240,0.080,0.100,0.110,0.410,
 0.430,0.310,0.070,0.150,0.630,0.410,0.180,0.020,0.340,0.240,0.160,0.260,
 0.630,0.190,0.270,0.090,0.010,0.010,0.100,0.130,0.330,0.210,0.270,0.280,
 0.000,0.030,0.040,0.220,0.210,0.030,0.000,0.010,0.020,0.000,0.260,0.040,
 0.010,0.030,0.000,0.030,0.030,0.010,0.010,0.010,0.000,0.000,0.140,0.020,
 0.040,0.000,0.000,0.020]
Training Group Acc: [0.976,0.000,0.000]
Epoch [179] Training Results: Prec@1 97.689 Prec@5 99.844 Loss 0.09706
Epoch [179] Training Class Recall: [0.960,0.952,0.863,0.843,0.846,0.938,0.932,0.913,0.942,0.943,0.926,0.837,
 0.942,0.955,0.927,0.931,0.934,0.976,0.931,0.935,0.947,0.969,0.927,0.980,
 0.935,0.956,0.963,0.964,0.975,0.969,0.994,0.975,0.987,0.984,0.978,0.965,
 0.982,0.975,0.979,0.991,0.975,1.000,0.983,0.990,0.984,0.991,0.985,0.988,
 0.994,1.000,0.986,0.996,0.992,0.998,0.998,0.996,0.996,0.993,0.993,0.998,
 1.000,0.998,0.996,0.996,0.996,0.994,0.994,1.000,1.000,0.998,1.000,1.000,
 1.000,1.000,0.998,1.000,1.000,0.998,1.000,1.000,0.998,1.000,1.000,1.000,
 0.998,1.000,1.000,0.998,1.000,1.000,1.000,1.000,1.000,1.000,1.000,1.000,
 1.000,1.000,1.000,1.000]
Testing Group Acc: [0.303,0.000,0.000]
Epoch [179] Testing Results: Prec@1 30.330 Prec@5 52.450 Loss 5.41460
Epoch [179] Testing Class Recall: [0.800,0.750,0.640,0.470,0.570,0.620,0.740,0.640,0.750,0.690,0.490,0.440,
 0.730,0.680,0.520,0.540,0.640,0.790,0.620,0.440,0.820,0.630,0.400,0.690,
 0.630,0.340,0.370,0.310,0.580,0.400,0.670,0.340,0.290,0.560,0.340,0.080,
 0.330,0.270,0.200,0.480,0.300,0.460,0.280,0.260,0.090,0.080,0.110,0.420,
 0.430,0.300,0.070,0.170,0.620,0.470,0.210,0.020,0.320,0.240,0.170,0.250,
 0.610,0.200,0.310,0.090,0.010,0.010,0.100,0.130,0.310,0.180,0.280,0.280,
 0.000,0.030,0.050,0.240,0.210,0.030,0.000,0.020,0.010,0.010,0.250,0.030,
 0.010,0.040,0.000,0.040,0.040,0.010,0.010,0.010,0.000,0.000,0.130,0.030,
 0.040,0.000,0.000,0.020]
Training Group Acc: [0.976,0.000,0.000]
Epoch [180] Training Results: Prec@1 97.698 Prec@5 99.840 Loss 0.09606
Epoch [180] Training Class Recall: [0.977,0.947,0.849,0.843,0.852,0.938,0.926,0.903,0.929,0.943,0.926,0.837,
 0.950,0.945,0.936,0.922,0.929,0.972,0.935,0.939,0.968,0.958,0.947,0.984,
 0.944,0.947,0.972,0.964,0.986,0.975,0.984,0.971,0.987,0.984,0.984,0.965,
 0.986,0.967,0.977,0.991,0.984,0.991,0.994,0.984,0.986,0.985,0.988,0.994,
 1.000,1.000,0.994,0.994,1.000,1.000,1.000,0.990,0.994,0.995,0.989,0.992,
 1.000,0.996,0.998,1.000,1.000,0.998,0.996,0.996,0.998,0.998,0.995,1.000,
 0.996,0.996,0.998,1.000,1.000,0.998,1.000,0.998,1.000,1.000,1.000,1.000,
 1.000,1.000,1.000,1.000,1.000,1.000,0.998,0.998,1.000,1.000,1.000,0.998,
 1.000,1.000,1.000,1.000]
Testing Group Acc: [0.301,0.000,0.000]
Epoch [180] Testing Results: Prec@1 30.100 Prec@5 52.180 Loss 5.46195
Epoch [180] Testing Class Recall: [0.800,0.760,0.650,0.450,0.590,0.640,0.730,0.630,0.760,0.670,0.480,0.430,
 0.730,0.690,0.500,0.550,0.640,0.790,0.600,0.420,0.820,0.630,0.410,0.690,
 0.640,0.360,0.370,0.310,0.560,0.390,0.670,0.350,0.310,0.540,0.320,0.080,
 0.330,0.260,0.170,0.480,0.270,0.460,0.260,0.270,0.090,0.080,0.110,0.410,
 0.420,0.320,0.060,0.150,0.630,0.450,0.190,0.030,0.320,0.240,0.160,0.250,
 0.650,0.180,0.280,0.110,0.010,0.010,0.100,0.110,0.330,0.170,0.290,0.280,
 0.000,0.030,0.050,0.200,0.210,0.030,0.000,0.010,0.010,0.000,0.260,0.030,
 0.010,0.030,0.000,0.050,0.040,0.010,0.010,0.010,0.000,0.000,0.140,0.030,
 0.030,0.000,0.000,0.020]
Training Group Acc: [0.977,0.000,0.000]
Epoch [181] Training Results: Prec@1 97.742 Prec@5 99.847 Loss 0.09483
Epoch [181] Training Class Recall: [0.980,0.955,0.854,0.841,0.863,0.945,0.944,0.896,0.918,0.924,0.915,0.869,
 0.934,0.950,0.936,0.940,0.939,0.968,0.943,0.939,0.973,0.963,0.919,0.978,
 0.949,0.945,0.963,0.962,0.984,0.973,0.988,0.982,0.983,0.986,0.980,0.965,
 0.977,0.981,0.990,0.988,0.978,0.994,0.990,0.988,0.990,0.985,0.985,0.998,
 0.997,0.994,0.998,0.994,1.000,0.998,1.000,0.996,0.994,0.998,0.993,1.000,
 0.996,1.000,0.996,1.000,0.991,1.000,0.998,0.990,1.000,1.000,1.000,1.000,
 1.000,0.989,0.996,1.000,1.000,1.000,0.998,0.998,0.996,1.000,1.000,1.000,
 0.998,1.000,1.000,1.000,1.000,1.000,1.000,1.000,1.000,1.000,1.000,1.000,
 1.000,1.000,1.000,1.000]
Testing Group Acc: [0.300,0.000,0.000]
Epoch [181] Testing Results: Prec@1 29.990 Prec@5 52.090 Loss 5.47006
Epoch [181] Testing Class Recall: [0.800,0.750,0.620,0.470,0.580,0.630,0.720,0.640,0.750,0.680,0.480,0.420,
 0.730,0.690,0.520,0.540,0.670,0.780,0.590,0.420,0.820,0.630,0.410,0.690,
 0.640,0.340,0.370,0.260,0.570,0.380,0.680,0.340,0.290,0.550,0.330,0.080,
 0.330,0.250,0.190,0.490,0.300,0.450,0.270,0.240,0.090,0.110,0.110,0.420,
 0.430,0.300,0.070,0.170,0.620,0.470,0.190,0.020,0.320,0.240,0.160,0.260,
 0.600,0.170,0.280,0.100,0.010,0.010,0.100,0.110,0.340,0.170,0.270,0.280,
 0.000,0.030,0.050,0.190,0.210,0.030,0.000,0.010,0.020,0.000,0.260,0.030,
 0.010,0.030,0.000,0.040,0.040,0.010,0.010,0.010,0.000,0.000,0.130,0.030,
 0.030,0.000,0.000,0.020]
Training Group Acc: [0.977,0.000,0.000]
Epoch [182] Training Results: Prec@1 97.791 Prec@5 99.869 Loss 0.09380
Epoch [182] Training Class Recall: [0.980,0.935,0.894,0.858,0.842,0.940,0.923,0.907,0.938,0.938,0.940,0.845,
 0.946,0.945,0.952,0.937,0.941,0.978,0.949,0.941,0.973,0.963,0.934,0.982,
 0.958,0.932,0.959,0.960,0.990,0.981,0.990,0.973,0.981,0.986,0.976,0.970,
 0.994,0.962,0.988,0.988,0.969,0.991,0.990,0.988,0.988,0.989,0.988,0.992,
 0.994,1.000,0.992,0.994,0.998,0.998,0.991,0.986,0.998,0.991,0.993,1.000,
 1.000,0.993,0.993,0.996,0.998,0.994,0.996,0.998,0.998,1.000,0.995,1.000,
 1.000,1.000,1.000,1.000,1.000,1.000,1.000,0.998,0.996,0.998,1.000,0.995,
 0.998,1.000,1.000,1.000,1.000,1.000,1.000,1.000,1.000,1.000,1.000,1.000,
 1.000,1.000,1.000,1.000]
Testing Group Acc: [0.303,0.000,0.000]
Epoch [182] Testing Results: Prec@1 30.260 Prec@5 52.240 Loss 5.45082
Epoch [182] Testing Class Recall: [0.800,0.760,0.650,0.470,0.580,0.650,0.730,0.640,0.770,0.700,0.480,0.440,
 0.730,0.690,0.500,0.560,0.650,0.810,0.600,0.420,0.820,0.630,0.400,0.690,
 0.640,0.340,0.370,0.300,0.590,0.400,0.680,0.350,0.290,0.550,0.330,0.080,
 0.320,0.250,0.180,0.480,0.290,0.450,0.290,0.250,0.080,0.100,0.110,0.430,
 0.420,0.320,0.070,0.160,0.620,0.430,0.200,0.030,0.330,0.230,0.150,0.270,
 0.630,0.180,0.280,0.100,0.010,0.010,0.100,0.110,0.320,0.180,0.280,0.280,
 0.010,0.030,0.040,0.210,0.220,0.030,0.000,0.010,0.010,0.010,0.250,0.030,
 0.010,0.030,0.000,0.030,0.040,0.010,0.010,0.010,0.000,0.000,0.130,0.030,
 0.060,0.000,0.000,0.020]
Training Group Acc: [0.977,0.000,0.000]
Epoch [183] Training Results: Prec@1 97.771 Prec@5 99.842 Loss 0.09553
Epoch [183] Training Class Recall: [0.977,0.941,0.876,0.873,0.834,0.942,0.910,0.911,0.923,0.935,0.922,0.866,
 0.963,0.948,0.949,0.929,0.929,0.980,0.937,0.930,0.957,0.946,0.954,0.974,
 0.930,0.934,0.957,0.966,0.988,0.981,0.990,0.979,0.989,0.988,0.974,0.957,
 0.984,0.981,0.985,0.988,0.978,0.991,0.990,1.000,0.990,0.985,0.993,0.992,
 0.997,1.000,0.998,0.994,1.000,0.996,0.995,0.994,0.996,0.993,0.996,0.994,
 0.998,0.998,0.996,1.000,0.996,0.996,0.998,1.000,0.998,1.000,0.998,1.000,
 1.000,0.989,0.998,0.996,1.000,0.998,1.000,0.998,1.000,0.998,1.000,1.000,
 1.000,1.000,1.000,1.000,1.000,1.000,0.998,1.000,1.000,1.000,1.000,1.000,
 1.000,1.000,1.000,1.000]
Testing Group Acc: [0.302,0.000,0.000]
Epoch [183] Testing Results: Prec@1 30.190 Prec@5 52.320 Loss 5.42891
Epoch [183] Testing Class Recall: [0.800,0.760,0.620,0.480,0.590,0.650,0.740,0.640,0.740,0.670,0.480,0.430,
 0.730,0.690,0.500,0.550,0.650,0.800,0.610,0.430,0.820,0.640,0.380,0.680,
 0.630,0.360,0.360,0.300,0.570,0.410,0.680,0.340,0.290,0.550,0.330,0.070,
 0.330,0.260,0.170,0.490,0.280,0.450,0.270,0.250,0.070,0.110,0.110,0.420,
 0.420,0.330,0.070,0.160,0.630,0.480,0.190,0.030,0.320,0.230,0.150,0.280,
 0.620,0.160,0.320,0.090,0.010,0.010,0.100,0.110,0.340,0.180,0.260,0.260,
 0.000,0.030,0.050,0.170,0.210,0.030,0.000,0.020,0.020,0.000,0.290,0.030,
 0.010,0.030,0.000,0.050,0.040,0.010,0.010,0.010,0.000,0.000,0.140,0.030,
 0.060,0.000,0.000,0.020]
Training Group Acc: [0.976,0.000,0.000]
Epoch [184] Training Results: Prec@1 97.691 Prec@5 99.842 Loss 0.09535
Epoch [184] Training Class Recall: [0.973,0.938,0.867,0.837,0.865,0.925,0.930,0.905,0.931,0.935,0.902,0.824,
 0.944,0.955,0.938,0.933,0.931,0.988,0.945,0.945,0.963,0.946,0.942,0.980,
 0.930,0.952,0.968,0.955,0.981,0.971,0.984,0.973,0.983,0.996,0.980,0.967,
 0.980,0.981,0.971,0.991,0.975,0.991,0.996,0.990,0.986,0.991,0.990,0.984,
 0.989,0.998,0.986,0.998,1.000,0.996,0.993,0.996,0.998,0.995,0.996,0.998,
 0.998,1.000,0.998,1.000,0.998,0.998,0.998,0.998,1.000,0.996,0.998,1.000,
 1.000,0.996,1.000,1.000,0.998,0.998,1.000,1.000,1.000,1.000,1.000,1.000,
 1.000,0.998,1.000,1.000,1.000,1.000,0.998,1.000,0.997,1.000,1.000,1.000,
 1.000,1.000,1.000,1.000]
Testing Group Acc: [0.299,0.000,0.000]
Epoch [184] Testing Results: Prec@1 29.870 Prec@5 52.090 Loss 5.49328
Epoch [184] Testing Class Recall: [0.800,0.750,0.620,0.460,0.580,0.630,0.720,0.640,0.760,0.690,0.490,0.420,
 0.730,0.670,0.500,0.540,0.660,0.770,0.600,0.420,0.830,0.630,0.400,0.690,
 0.640,0.330,0.390,0.290,0.580,0.400,0.680,0.330,0.300,0.530,0.330,0.080,
 0.330,0.240,0.170,0.480,0.280,0.470,0.280,0.250,0.070,0.090,0.110,0.430,
 0.430,0.270,0.070,0.160,0.620,0.430,0.190,0.020,0.320,0.230,0.170,0.240,
 0.630,0.180,0.270,0.100,0.010,0.010,0.100,0.120,0.320,0.170,0.270,0.290,
 0.000,0.030,0.040,0.210,0.210,0.020,0.000,0.010,0.010,0.010,0.250,0.030,
 0.010,0.030,0.000,0.040,0.040,0.010,0.010,0.010,0.000,0.000,0.140,0.020,
 0.020,0.000,0.000,0.020]
Training Group Acc: [0.977,0.000,0.000]
Epoch [185] Training Results: Prec@1 97.744 Prec@5 99.871 Loss 0.09525
Epoch [185] Training Class Recall: [0.973,0.930,0.863,0.826,0.867,0.953,0.937,0.911,0.940,0.938,0.926,0.861,
 0.932,0.945,0.947,0.937,0.926,0.968,0.939,0.941,0.952,0.963,0.944,0.980,
 0.925,0.941,0.968,0.970,0.990,0.965,0.992,0.965,0.987,0.988,0.976,0.970,
 0.982,0.973,0.981,0.986,0.975,0.994,0.990,0.992,0.986,0.996,0.985,0.994,
 0.991,0.994,0.992,0.998,0.998,0.993,0.998,0.996,0.994,0.995,0.996,0.998,
 1.000,0.998,0.998,1.000,0.993,0.994,0.998,0.998,1.000,1.000,0.998,1.000,
 1.000,0.996,0.998,1.000,1.000,0.998,1.000,1.000,0.998,1.000,0.997,0.995,
 1.000,1.000,1.000,0.998,1.000,1.000,1.000,1.000,0.997,1.000,1.000,1.000,
 1.000,1.000,1.000,1.000]
Testing Group Acc: [0.300,0.000,0.000]
Epoch [185] Testing Results: Prec@1 30.050 Prec@5 52.100 Loss 5.47401
Epoch [185] Testing Class Recall: [0.800,0.760,0.630,0.490,0.580,0.650,0.720,0.640,0.750,0.680,0.480,0.440,
 0.730,0.670,0.510,0.540,0.640,0.790,0.600,0.450,0.820,0.630,0.390,0.680,
 0.620,0.350,0.370,0.290,0.570,0.400,0.680,0.330,0.290,0.550,0.330,0.080,
 0.320,0.250,0.170,0.480,0.270,0.440,0.280,0.240,0.080,0.100,0.110,0.420,
 0.410,0.330,0.070,0.180,0.630,0.430,0.190,0.030,0.320,0.230,0.160,0.260,
 0.630,0.170,0.320,0.090,0.010,0.010,0.100,0.120,0.320,0.180,0.270,0.280,
 0.000,0.030,0.050,0.200,0.200,0.030,0.000,0.010,0.010,0.010,0.260,0.030,
 0.010,0.030,0.000,0.040,0.040,0.010,0.010,0.010,0.000,0.000,0.140,0.020,
 0.060,0.000,0.000,0.020]
Training Group Acc: [0.977,0.000,0.000]
Epoch [186] Training Results: Prec@1 97.729 Prec@5 99.838 Loss 0.09610
Epoch [186] Training Class Recall: [0.983,0.941,0.843,0.843,0.852,0.933,0.928,0.905,0.940,0.938,0.900,0.858,
 0.932,0.957,0.956,0.922,0.934,0.970,0.937,0.937,0.968,0.963,0.944,0.980,
 0.944,0.945,0.959,0.972,0.986,0.975,0.992,0.977,0.989,0.980,0.986,0.967,
 0.986,0.977,0.973,0.991,0.980,0.997,0.990,0.998,0.984,0.983,0.985,0.992,
 1.000,0.996,0.990,0.998,0.998,0.998,0.995,0.994,0.994,0.993,0.993,0.998,
 0.998,0.996,0.998,1.000,0.998,0.998,0.998,1.000,1.000,0.998,0.998,1.000,
 1.000,0.996,0.998,1.000,1.000,0.998,0.996,1.000,0.998,1.000,1.000,1.000,
 0.998,1.000,1.000,0.998,1.000,1.000,1.000,1.000,1.000,1.000,1.000,1.000,
 1.000,1.000,1.000,1.000]
Testing Group Acc: [0.301,0.000,0.000]
Epoch [186] Testing Results: Prec@1 30.080 Prec@5 51.980 Loss 5.45286
Epoch [186] Testing Class Recall: [0.800,0.760,0.640,0.490,0.590,0.640,0.730,0.650,0.730,0.690,0.490,0.410,
 0.730,0.640,0.500,0.550,0.670,0.770,0.610,0.430,0.820,0.630,0.400,0.690,
 0.640,0.330,0.370,0.300,0.570,0.390,0.680,0.330,0.290,0.540,0.330,0.080,
 0.330,0.240,0.190,0.500,0.300,0.460,0.280,0.270,0.080,0.090,0.110,0.400,
 0.420,0.320,0.070,0.160,0.610,0.430,0.200,0.020,0.330,0.240,0.170,0.250,
 0.620,0.190,0.270,0.110,0.010,0.010,0.100,0.120,0.320,0.160,0.260,0.290,
 0.000,0.030,0.040,0.240,0.210,0.030,0.000,0.010,0.010,0.010,0.260,0.030,
 0.010,0.040,0.000,0.040,0.040,0.010,0.010,0.010,0.000,0.000,0.130,0.020,
 0.040,0.000,0.000,0.020]
Training Group Acc: [0.976,0.000,0.000]
Epoch [187] Training Results: Prec@1 97.640 Prec@5 99.853 Loss 0.09693
Epoch [187] Training Class Recall: [0.963,0.935,0.892,0.839,0.832,0.933,0.930,0.894,0.946,0.930,0.922,0.850,
 0.946,0.943,0.958,0.929,0.921,0.974,0.935,0.920,0.957,0.973,0.942,0.984,
 0.930,0.939,0.968,0.962,0.981,0.975,0.981,0.963,0.981,0.978,0.984,0.948,
 0.984,0.977,0.990,0.979,0.971,0.997,0.998,0.990,0.990,0.993,0.993,0.992,
 0.997,1.000,0.990,0.996,1.000,0.998,0.998,0.984,0.994,0.995,0.987,0.988,
 1.000,0.996,0.998,0.998,0.993,0.996,0.996,1.000,0.994,1.000,1.000,1.000,
 0.998,0.993,1.000,0.998,1.000,0.998,0.998,1.000,1.000,0.998,1.000,0.997,
 1.000,1.000,1.000,1.000,1.000,1.000,1.000,0.998,1.000,1.000,1.000,0.998,
 1.000,1.000,1.000,1.000]
Testing Group Acc: [0.300,0.000,0.000]
Epoch [187] Testing Results: Prec@1 30.030 Prec@5 51.930 Loss 5.48412
Epoch [187] Testing Class Recall: [0.800,0.770,0.630,0.460,0.590,0.630,0.730,0.640,0.760,0.690,0.500,0.450,
 0.730,0.680,0.510,0.550,0.660,0.780,0.590,0.440,0.830,0.630,0.390,0.690,
 0.630,0.340,0.370,0.290,0.580,0.400,0.680,0.340,0.300,0.550,0.330,0.080,
 0.330,0.260,0.170,0.480,0.280,0.450,0.250,0.250,0.070,0.090,0.110,0.400,
 0.410,0.290,0.070,0.170,0.630,0.470,0.190,0.030,0.320,0.240,0.160,0.260,
 0.590,0.180,0.300,0.090,0.010,0.010,0.100,0.120,0.310,0.170,0.280,0.270,
 0.000,0.030,0.050,0.180,0.210,0.030,0.000,0.010,0.010,0.010,0.270,0.030,
 0.010,0.030,0.000,0.040,0.040,0.010,0.010,0.010,0.000,0.000,0.140,0.020,
 0.040,0.000,0.000,0.020]
Training Group Acc: [0.977,0.000,0.000]
Epoch [188] Training Results: Prec@1 97.771 Prec@5 99.829 Loss 0.09440
Epoch [188] Training Class Recall: [0.953,0.941,0.861,0.856,0.855,0.920,0.928,0.919,0.936,0.943,0.917,0.866,
 0.952,0.953,0.958,0.937,0.916,0.970,0.949,0.943,0.968,0.965,0.929,0.986,
 0.930,0.943,0.961,0.970,0.986,0.990,0.992,0.961,0.975,0.984,0.972,0.959,
 0.982,0.981,0.975,0.984,0.975,0.994,0.988,0.996,0.994,0.985,0.995,0.992,
 0.994,0.996,0.990,0.996,0.990,0.998,0.998,1.000,1.000,0.991,0.998,1.000,
 1.000,0.991,0.998,1.000,0.996,0.998,0.998,1.000,1.000,0.998,1.000,1.000,
 0.998,0.996,0.998,0.998,1.000,1.000,1.000,1.000,1.000,1.000,0.997,1.000,
 1.000,1.000,1.000,1.000,1.000,1.000,1.000,1.000,1.000,1.000,0.998,1.000,
 1.000,0.997,1.000,1.000]
Testing Group Acc: [0.300,0.000,0.000]
Epoch [188] Testing Results: Prec@1 29.970 Prec@5 51.950 Loss 5.48559
Epoch [188] Testing Class Recall: [0.800,0.750,0.640,0.450,0.580,0.640,0.740,0.650,0.760,0.690,0.480,0.410,
 0.720,0.700,0.510,0.550,0.660,0.810,0.610,0.440,0.830,0.630,0.390,0.680,
 0.620,0.350,0.370,0.280,0.570,0.400,0.670,0.330,0.290,0.560,0.330,0.060,
 0.320,0.250,0.200,0.480,0.290,0.440,0.260,0.270,0.080,0.090,0.110,0.410,
 0.410,0.320,0.070,0.170,0.620,0.420,0.190,0.030,0.330,0.230,0.150,0.260,
 0.620,0.160,0.300,0.090,0.010,0.010,0.090,0.140,0.310,0.190,0.270,0.260,
 0.000,0.030,0.050,0.190,0.210,0.030,0.000,0.010,0.020,0.010,0.240,0.030,
 0.010,0.040,0.000,0.020,0.050,0.010,0.010,0.010,0.000,0.000,0.130,0.020,
 0.030,0.000,0.000,0.020]
Training Group Acc: [0.977,0.000,0.000]
Epoch [189] Training Results: Prec@1 97.740 Prec@5 99.853 Loss 0.09571
Epoch [189] Training Class Recall: [0.977,0.935,0.874,0.841,0.844,0.940,0.941,0.915,0.931,0.932,0.906,0.853,
 0.959,0.941,0.958,0.918,0.921,0.978,0.945,0.937,0.968,0.963,0.937,0.980,
 0.935,0.954,0.957,0.968,0.988,0.981,0.994,0.971,0.977,0.990,0.978,0.962,
 0.990,0.971,0.985,0.984,0.971,0.994,0.988,0.992,0.988,0.987,0.993,0.994,
 0.989,0.996,0.992,0.992,0.996,0.998,0.998,0.990,0.989,0.991,0.998,0.998,
 0.996,1.000,1.000,1.000,0.998,0.998,0.998,0.998,1.000,0.998,1.000,1.000,
 0.998,0.996,0.998,1.000,1.000,1.000,0.998,1.000,0.996,1.000,0.997,0.997,
 1.000,1.000,0.998,1.000,1.000,1.000,0.998,1.000,1.000,1.000,1.000,1.000,
 1.000,1.000,1.000,1.000]
Testing Group Acc: [0.300,0.000,0.000]
Epoch [189] Testing Results: Prec@1 30.010 Prec@5 51.930 Loss 5.44902
Epoch [189] Testing Class Recall: [0.800,0.760,0.620,0.480,0.600,0.630,0.730,0.650,0.730,0.690,0.490,0.430,
 0.720,0.680,0.510,0.560,0.660,0.770,0.600,0.430,0.820,0.630,0.380,0.690,
 0.630,0.340,0.370,0.290,0.570,0.400,0.680,0.330,0.300,0.550,0.320,0.080,
 0.320,0.250,0.170,0.480,0.290,0.460,0.260,0.250,0.080,0.090,0.110,0.400,
 0.440,0.310,0.070,0.160,0.640,0.420,0.200,0.030,0.330,0.230,0.160,0.250,
 0.600,0.190,0.260,0.100,0.010,0.010,0.100,0.130,0.310,0.160,0.270,0.280,
 0.000,0.030,0.050,0.230,0.210,0.030,0.000,0.010,0.010,0.010,0.260,0.030,
 0.010,0.050,0.000,0.030,0.040,0.010,0.010,0.010,0.000,0.000,0.140,0.020,
 0.060,0.000,0.000,0.020]
Training Group Acc: [0.977,0.000,0.000]
Epoch [190] Training Results: Prec@1 97.780 Prec@5 99.836 Loss 0.09411
Epoch [190] Training Class Recall: [0.980,0.944,0.870,0.847,0.865,0.929,0.926,0.924,0.929,0.927,0.922,0.882,
 0.944,0.945,0.921,0.935,0.934,0.974,0.943,0.930,0.963,0.958,0.949,0.980,
 0.930,0.947,0.963,0.953,0.984,0.981,0.990,0.979,0.983,0.986,0.982,0.970,
 0.988,0.981,0.981,0.988,0.971,0.994,0.990,0.992,0.984,0.991,0.988,0.996,
 0.997,1.000,0.988,0.996,1.000,0.996,0.993,0.994,0.992,0.995,0.993,0.998,
 1.000,0.996,0.998,0.998,1.000,0.998,0.998,1.000,1.000,1.000,1.000,1.000,
 0.996,0.996,0.998,0.998,1.000,1.000,1.000,1.000,1.000,1.000,0.997,1.000,
 1.000,0.998,1.000,0.998,1.000,1.000,0.998,1.000,1.000,1.000,1.000,0.998,
 1.000,0.997,1.000,1.000]
Testing Group Acc: [0.302,0.000,0.000]
Epoch [190] Testing Results: Prec@1 30.180 Prec@5 52.090 Loss 5.43748
Epoch [190] Testing Class Recall: [0.800,0.770,0.640,0.480,0.590,0.650,0.730,0.640,0.750,0.690,0.480,0.420,
 0.730,0.690,0.520,0.550,0.660,0.780,0.620,0.430,0.840,0.630,0.400,0.670,
 0.630,0.350,0.370,0.280,0.570,0.400,0.680,0.330,0.300,0.550,0.330,0.080,
 0.330,0.260,0.170,0.480,0.300,0.460,0.280,0.240,0.070,0.090,0.110,0.430,
 0.410,0.330,0.070,0.160,0.630,0.450,0.190,0.030,0.320,0.240,0.160,0.270,
 0.600,0.160,0.310,0.090,0.010,0.010,0.100,0.120,0.340,0.180,0.260,0.270,
 0.000,0.030,0.050,0.180,0.210,0.030,0.000,0.010,0.020,0.010,0.270,0.030,
 0.010,0.030,0.000,0.040,0.040,0.010,0.010,0.010,0.000,0.000,0.140,0.030,
 0.040,0.000,0.000,0.020]
Training Group Acc: [0.976,0.000,0.000]
Epoch [191] Training Results: Prec@1 97.644 Prec@5 99.840 Loss 0.09686
Epoch [191] Training Class Recall: [0.967,0.933,0.863,0.841,0.850,0.931,0.926,0.903,0.929,0.943,0.913,0.858,
 0.942,0.962,0.934,0.933,0.921,0.966,0.941,0.924,0.963,0.950,0.949,0.978,
 0.916,0.939,0.972,0.966,0.988,0.979,0.988,0.982,0.985,0.988,0.965,0.962,
 0.988,0.979,0.979,0.993,0.975,0.989,0.992,0.994,0.988,0.991,0.998,0.988,
 0.994,0.996,0.990,0.996,0.998,0.993,0.991,0.990,0.996,0.991,0.996,0.998,
 0.992,0.998,0.998,0.998,0.993,0.998,1.000,0.998,1.000,0.998,0.998,0.998,
 0.998,0.996,1.000,1.000,0.998,0.998,1.000,1.000,0.996,0.998,0.997,0.997,
 1.000,1.000,1.000,1.000,1.000,1.000,0.996,1.000,1.000,1.000,1.000,1.000,
 1.000,0.997,1.000,1.000]
Testing Group Acc: [0.302,0.000,0.000]
Epoch [191] Testing Results: Prec@1 30.160 Prec@5 52.150 Loss 5.45510
Epoch [191] Testing Class Recall: [0.800,0.740,0.630,0.490,0.570,0.660,0.720,0.640,0.750,0.690,0.480,0.440,
 0.730,0.690,0.480,0.540,0.640,0.820,0.590,0.420,0.800,0.640,0.420,0.690,
 0.630,0.350,0.370,0.300,0.590,0.390,0.680,0.320,0.300,0.550,0.330,0.080,
 0.320,0.250,0.190,0.490,0.320,0.450,0.280,0.230,0.080,0.100,0.110,0.420,
 0.420,0.320,0.070,0.190,0.620,0.410,0.210,0.030,0.320,0.230,0.160,0.270,
 0.630,0.170,0.300,0.090,0.010,0.010,0.100,0.110,0.320,0.180,0.280,0.270,
 0.000,0.030,0.050,0.210,0.210,0.020,0.000,0.020,0.020,0.010,0.260,0.030,
 0.010,0.040,0.000,0.040,0.030,0.010,0.010,0.010,0.000,0.000,0.140,0.020,
 0.050,0.000,0.000,0.020]
Training Group Acc: [0.977,0.000,0.000]
Epoch [192] Training Results: Prec@1 97.738 Prec@5 99.849 Loss 0.09531
Epoch [192] Training Class Recall: [0.970,0.952,0.876,0.850,0.871,0.938,0.932,0.911,0.925,0.945,0.913,0.864,
 0.948,0.945,0.949,0.927,0.921,0.982,0.933,0.932,0.941,0.948,0.922,0.980,
 0.958,0.954,0.953,0.960,0.992,0.985,0.990,0.971,0.975,0.988,0.984,0.954,
 0.988,0.990,0.975,0.984,0.966,0.997,0.996,0.990,0.986,0.989,0.988,0.994,
 0.983,1.000,0.990,0.998,0.998,1.000,0.998,0.994,0.992,0.993,0.993,1.000,
 0.992,0.991,1.000,0.994,0.996,0.998,1.000,1.000,1.000,1.000,1.000,1.000,
 0.996,1.000,1.000,0.998,1.000,0.998,0.998,0.996,1.000,1.000,0.997,0.997,
 0.998,1.000,1.000,1.000,1.000,1.000,1.000,1.000,1.000,1.000,1.000,1.000,
 1.000,1.000,1.000,1.000]
Testing Group Acc: [0.299,0.000,0.000]
Epoch [192] Testing Results: Prec@1 29.950 Prec@5 52.050 Loss 5.48705
Epoch [192] Testing Class Recall: [0.800,0.770,0.640,0.480,0.580,0.620,0.730,0.640,0.750,0.680,0.500,0.440,
 0.730,0.670,0.490,0.550,0.640,0.780,0.610,0.420,0.820,0.630,0.400,0.680,
 0.630,0.350,0.370,0.280,0.570,0.410,0.670,0.340,0.290,0.550,0.340,0.080,
 0.330,0.250,0.180,0.470,0.270,0.450,0.280,0.250,0.080,0.090,0.110,0.400,
 0.420,0.320,0.070,0.170,0.630,0.410,0.190,0.030,0.330,0.240,0.160,0.250,
 0.610,0.160,0.260,0.110,0.010,0.010,0.100,0.120,0.330,0.170,0.290,0.290,
 0.000,0.030,0.050,0.210,0.200,0.030,0.000,0.010,0.010,0.010,0.260,0.030,
 0.010,0.030,0.000,0.030,0.040,0.010,0.010,0.010,0.000,0.000,0.120,0.020,
 0.040,0.000,0.000,0.020]
Training Group Acc: [0.976,0.000,0.000]
Epoch [193] Training Results: Prec@1 97.678 Prec@5 99.862 Loss 0.09568
Epoch [193] Training Class Recall: [0.980,0.949,0.874,0.841,0.846,0.927,0.932,0.894,0.918,0.938,0.915,0.845,
 0.959,0.936,0.934,0.927,0.941,0.964,0.937,0.945,0.963,0.958,0.939,0.978,
 0.930,0.943,0.959,0.964,0.979,0.973,0.994,0.977,0.985,0.986,0.982,0.967,
 0.990,0.985,0.990,0.988,0.982,0.994,0.990,0.998,0.988,0.985,0.985,0.986,
 0.983,0.998,0.998,0.994,0.998,0.993,0.995,0.988,0.996,0.991,0.993,1.000,
 0.998,0.991,1.000,0.996,0.991,1.000,0.996,1.000,0.998,1.000,0.998,1.000,
 0.998,0.996,1.000,0.998,1.000,0.996,0.998,1.000,1.000,1.000,1.000,1.000,
 0.998,0.998,1.000,0.998,1.000,0.998,1.000,1.000,1.000,0.998,1.000,1.000,
 1.000,1.000,1.000,1.000]
Testing Group Acc: [0.300,0.000,0.000]
Epoch [193] Testing Results: Prec@1 30.040 Prec@5 52.040 Loss 5.47609
Epoch [193] Testing Class Recall: [0.800,0.770,0.640,0.460,0.590,0.600,0.720,0.650,0.780,0.690,0.480,0.430,
 0.730,0.670,0.490,0.550,0.630,0.790,0.590,0.420,0.830,0.630,0.400,0.670,
 0.640,0.340,0.390,0.280,0.570,0.420,0.680,0.330,0.290,0.550,0.330,0.080,
 0.330,0.250,0.190,0.480,0.290,0.460,0.250,0.240,0.070,0.110,0.110,0.440,
 0.420,0.330,0.070,0.160,0.620,0.450,0.200,0.020,0.330,0.230,0.150,0.260,
 0.630,0.170,0.280,0.090,0.010,0.010,0.100,0.120,0.340,0.180,0.270,0.280,
 0.000,0.040,0.050,0.180,0.210,0.030,0.000,0.010,0.010,0.010,0.260,0.030,
 0.010,0.030,0.000,0.040,0.040,0.010,0.010,0.010,0.000,0.000,0.130,0.030,
 0.030,0.000,0.000,0.020]
Training Group Acc: [0.977,0.000,0.000]
Epoch [194] Training Results: Prec@1 97.724 Prec@5 99.816 Loss 0.09719
Epoch [194] Training Class Recall: [0.973,0.947,0.861,0.841,0.846,0.922,0.923,0.898,0.938,0.943,0.913,0.845,
 0.961,0.957,0.934,0.931,0.929,0.974,0.937,0.943,0.984,0.967,0.927,0.980,
 0.925,0.965,0.955,0.964,0.988,0.975,0.988,0.975,0.981,0.988,0.974,0.957,
 0.988,0.987,0.975,0.984,0.973,0.994,0.992,0.994,0.990,0.991,0.990,0.996,
 0.994,0.998,0.988,0.998,0.992,0.996,0.993,0.996,0.996,0.993,0.998,1.000,
 1.000,0.996,0.998,1.000,0.998,1.000,0.998,0.998,1.000,1.000,1.000,0.998,
 0.996,1.000,1.000,1.000,1.000,0.998,0.998,0.998,0.998,0.998,1.000,0.997,
 1.000,1.000,0.998,0.998,1.000,1.000,0.998,1.000,1.000,1.000,1.000,1.000,
 1.000,1.000,1.000,1.000]
Testing Group Acc: [0.302,0.000,0.000]
Epoch [194] Testing Results: Prec@1 30.190 Prec@5 52.300 Loss 5.44111
Epoch [194] Testing Class Recall: [0.800,0.750,0.620,0.480,0.580,0.660,0.730,0.640,0.760,0.690,0.470,0.410,
 0.730,0.700,0.500,0.560,0.660,0.790,0.590,0.420,0.830,0.630,0.410,0.670,
 0.640,0.350,0.380,0.300,0.560,0.410,0.670,0.340,0.300,0.550,0.330,0.090,
 0.330,0.270,0.180,0.480,0.280,0.470,0.270,0.270,0.080,0.080,0.110,0.420,
 0.440,0.320,0.070,0.180,0.620,0.400,0.200,0.030,0.320,0.230,0.160,0.250,
 0.640,0.180,0.260,0.090,0.010,0.010,0.100,0.130,0.310,0.170,0.290,0.290,
 0.000,0.030,0.050,0.210,0.210,0.030,0.000,0.020,0.010,0.010,0.250,0.030,
 0.010,0.040,0.000,0.050,0.040,0.010,0.010,0.010,0.000,0.000,0.140,0.040,
 0.030,0.000,0.000,0.020]
Training Group Acc: [0.976,0.000,0.000]
Epoch [195] Training Results: Prec@1 97.702 Prec@5 99.853 Loss 0.09581
Epoch [195] Training Class Recall: [0.987,0.961,0.861,0.837,0.844,0.925,0.939,0.900,0.923,0.924,0.906,0.874,
 0.950,0.957,0.941,0.914,0.934,0.964,0.929,0.920,0.952,0.967,0.937,0.984,
 0.944,0.956,0.963,0.966,0.990,0.983,0.990,0.971,0.981,0.990,0.982,0.954,
 0.990,0.979,0.983,0.993,0.980,0.994,0.990,0.992,0.975,0.987,0.993,0.992,
 0.994,0.996,0.996,1.000,0.998,1.000,0.993,0.998,1.000,0.995,0.984,1.000,
 0.998,0.996,0.996,0.996,0.993,0.996,0.998,0.998,1.000,1.000,0.995,1.000,
 0.998,0.993,0.996,1.000,0.998,1.000,1.000,0.996,1.000,1.000,1.000,1.000,
 0.998,1.000,1.000,1.000,1.000,1.000,1.000,1.000,1.000,1.000,1.000,1.000,
 1.000,1.000,1.000,1.000]
Testing Group Acc: [0.301,0.000,0.000]
Epoch [195] Testing Results: Prec@1 30.140 Prec@5 52.180 Loss 5.45639
Epoch [195] Testing Class Recall: [0.800,0.770,0.640,0.470,0.590,0.640,0.730,0.650,0.770,0.700,0.490,0.410,
 0.730,0.660,0.520,0.550,0.640,0.770,0.600,0.430,0.840,0.630,0.380,0.670,
 0.620,0.350,0.370,0.300,0.560,0.400,0.680,0.330,0.290,0.550,0.330,0.070,
 0.330,0.250,0.180,0.480,0.300,0.450,0.270,0.240,0.080,0.090,0.110,0.420,
 0.440,0.330,0.080,0.160,0.630,0.420,0.190,0.030,0.340,0.240,0.160,0.270,
 0.630,0.170,0.280,0.090,0.010,0.010,0.100,0.120,0.330,0.170,0.260,0.270,
 0.000,0.030,0.050,0.190,0.210,0.030,0.000,0.010,0.020,0.010,0.270,0.040,
 0.010,0.040,0.000,0.060,0.040,0.010,0.010,0.010,0.000,0.000,0.140,0.020,
 0.060,0.000,0.000,0.020]
Training Group Acc: [0.977,0.000,0.000]
Epoch [196] Training Results: Prec@1 97.771 Prec@5 99.849 Loss 0.09500
Epoch [196] Training Class Recall: [0.960,0.944,0.888,0.841,0.857,0.929,0.919,0.911,0.931,0.943,0.908,0.864,
 0.948,0.955,0.965,0.931,0.939,0.972,0.945,0.935,0.963,0.971,0.929,0.974,
 0.930,0.950,0.966,0.960,0.986,0.977,0.992,0.977,0.975,0.988,0.984,0.973,
 0.988,0.967,0.979,0.979,0.982,0.994,0.998,0.988,0.994,0.989,0.990,0.994,
 0.986,0.996,0.988,0.992,1.000,0.993,0.998,0.992,0.998,0.988,0.996,0.998,
 0.998,1.000,0.998,1.000,0.996,0.996,0.996,1.000,0.998,0.998,1.000,1.000,
 0.998,0.996,0.998,1.000,1.000,1.000,1.000,1.000,0.998,1.000,1.000,1.000,
 0.998,0.998,0.998,1.000,1.000,1.000,1.000,0.998,1.000,1.000,1.000,1.000,
 1.000,1.000,0.997,1.000]
Testing Group Acc: [0.299,0.000,0.000]
Epoch [196] Testing Results: Prec@1 29.950 Prec@5 51.870 Loss 5.50467
Epoch [196] Testing Class Recall: [0.800,0.730,0.640,0.470,0.580,0.630,0.730,0.660,0.760,0.680,0.490,0.400,
 0.730,0.670,0.500,0.570,0.660,0.770,0.610,0.430,0.830,0.630,0.420,0.700,
 0.600,0.340,0.390,0.270,0.570,0.380,0.670,0.350,0.290,0.550,0.330,0.080,
 0.320,0.260,0.190,0.490,0.300,0.450,0.290,0.280,0.090,0.090,0.110,0.400,
 0.420,0.290,0.070,0.160,0.600,0.430,0.200,0.020,0.320,0.230,0.150,0.250,
 0.590,0.180,0.270,0.100,0.010,0.010,0.100,0.120,0.310,0.180,0.280,0.280,
 0.000,0.030,0.050,0.200,0.210,0.030,0.000,0.010,0.010,0.010,0.240,0.030,
 0.010,0.050,0.000,0.030,0.040,0.010,0.010,0.010,0.000,0.000,0.130,0.020,
 0.050,0.000,0.000,0.020]
Training Group Acc: [0.977,0.000,0.000]
Epoch [197] Training Results: Prec@1 97.749 Prec@5 99.827 Loss 0.09455
Epoch [197] Training Class Recall: [0.963,0.947,0.858,0.833,0.875,0.936,0.941,0.924,0.923,0.948,0.933,0.840,
 0.957,0.948,0.969,0.931,0.919,0.964,0.935,0.937,0.973,0.965,0.922,0.982,
 0.939,0.952,0.955,0.966,0.975,0.965,0.988,0.969,0.992,0.982,0.984,0.957,
 0.994,0.981,0.985,0.981,0.982,0.991,0.994,0.990,0.988,0.989,0.993,0.994,
 0.994,0.994,0.986,0.992,0.998,0.996,0.991,0.992,0.996,1.000,0.993,1.000,
 0.996,0.998,0.996,0.994,0.993,0.996,0.998,0.998,0.998,1.000,0.998,1.000,
 1.000,0.993,1.000,0.998,1.000,1.000,1.000,0.998,0.998,1.000,1.000,1.000,
 0.998,1.000,1.000,1.000,0.998,1.000,1.000,1.000,1.000,1.000,1.000,1.000,
 1.000,1.000,1.000,1.000]
Testing Group Acc: [0.299,0.000,0.000]
Epoch [197] Testing Results: Prec@1 29.910 Prec@5 51.910 Loss 5.46586
Epoch [197] Testing Class Recall: [0.800,0.760,0.650,0.480,0.570,0.630,0.720,0.630,0.770,0.690,0.490,0.410,
 0.730,0.690,0.530,0.560,0.640,0.790,0.610,0.430,0.820,0.630,0.390,0.690,
 0.620,0.350,0.360,0.310,0.570,0.400,0.680,0.320,0.290,0.520,0.320,0.060,
 0.330,0.230,0.180,0.490,0.290,0.470,0.270,0.240,0.080,0.120,0.110,0.410,
 0.430,0.290,0.070,0.160,0.620,0.400,0.200,0.020,0.330,0.240,0.160,0.260,
 0.610,0.170,0.260,0.100,0.010,0.010,0.090,0.120,0.320,0.180,0.290,0.280,
 0.000,0.030,0.050,0.190,0.200,0.030,0.000,0.010,0.010,0.010,0.230,0.030,
 0.010,0.030,0.000,0.040,0.040,0.010,0.010,0.010,0.000,0.000,0.140,0.030,
 0.030,0.000,0.000,0.020]
Training Group Acc: [0.977,0.000,0.000]
Epoch [198] Training Results: Prec@1 97.727 Prec@5 99.869 Loss 0.09498
Epoch [198] Training Class Recall: [0.967,0.947,0.867,0.845,0.863,0.918,0.941,0.888,0.925,0.930,0.911,0.861,
 0.940,0.962,0.945,0.918,0.926,0.974,0.937,0.941,0.963,0.975,0.937,0.972,
 0.953,0.950,0.968,0.962,0.981,0.969,0.984,0.984,0.987,0.980,0.980,0.965,
 0.992,0.996,0.975,0.977,0.975,0.989,0.994,0.998,0.990,0.987,0.988,0.992,
 0.991,0.998,0.990,1.000,0.998,0.998,0.995,0.992,0.996,0.993,0.996,0.994,
 1.000,0.998,0.998,0.996,0.998,1.000,1.000,0.994,1.000,1.000,0.998,0.998,
 1.000,0.996,1.000,1.000,1.000,1.000,1.000,0.996,1.000,1.000,1.000,0.997,
 1.000,1.000,0.998,0.996,1.000,1.000,1.000,1.000,1.000,1.000,1.000,1.000,
 1.000,1.000,1.000,1.000]
Testing Group Acc: [0.299,0.000,0.000]
Epoch [198] Testing Results: Prec@1 29.950 Prec@5 51.940 Loss 5.47313
Epoch [198] Testing Class Recall: [0.800,0.750,0.650,0.480,0.590,0.640,0.730,0.640,0.740,0.680,0.490,0.430,
 0.730,0.690,0.510,0.550,0.660,0.770,0.610,0.420,0.810,0.630,0.390,0.690,
 0.620,0.340,0.380,0.290,0.570,0.420,0.670,0.340,0.290,0.520,0.330,0.080,
 0.320,0.250,0.190,0.490,0.280,0.440,0.280,0.240,0.080,0.080,0.110,0.400,
 0.420,0.300,0.070,0.160,0.630,0.420,0.190,0.030,0.320,0.240,0.160,0.260,
 0.570,0.170,0.270,0.100,0.010,0.010,0.100,0.120,0.320,0.210,0.290,0.270,
 0.000,0.030,0.050,0.190,0.210,0.030,0.010,0.010,0.010,0.000,0.270,0.030,
 0.010,0.030,0.000,0.030,0.040,0.010,0.010,0.010,0.000,0.000,0.140,0.020,
 0.060,0.000,0.000,0.020]
Training Group Acc: [0.977,0.000,0.000]
Epoch [199] Training Results: Prec@1 97.789 Prec@5 99.853 Loss 0.09442
Epoch [199] Training Class Recall: [0.970,0.952,0.881,0.854,0.879,0.933,0.919,0.913,0.936,0.951,0.949,0.842,
 0.934,0.967,0.947,0.920,0.931,0.966,0.937,0.937,0.947,0.958,0.939,0.980,
 0.958,0.945,0.953,0.972,0.977,0.979,0.992,0.977,0.970,0.986,0.980,0.970,
 0.986,0.981,0.979,0.981,0.982,0.991,0.994,0.984,0.990,0.991,0.983,0.992,
 0.989,0.992,0.990,0.994,0.998,0.998,0.995,0.996,1.000,0.993,0.996,0.996,
 0.998,1.000,0.998,0.998,0.998,0.996,0.996,1.000,1.000,0.998,0.993,0.998,
 0.996,0.993,1.000,1.000,0.998,0.998,1.000,1.000,0.998,1.000,1.000,1.000,
 1.000,1.000,1.000,1.000,1.000,1.000,1.000,1.000,1.000,1.000,1.000,1.000,
 1.000,1.000,1.000,1.000]
Testing Group Acc: [0.302,0.000,0.000]
Epoch [199] Testing Results: Prec@1 30.250 Prec@5 52.270 Loss 5.44126
Epoch [199] Testing Class Recall: [0.800,0.740,0.620,0.470,0.580,0.630,0.730,0.660,0.760,0.700,0.470,0.430,
 0.730,0.680,0.500,0.560,0.650,0.780,0.600,0.420,0.820,0.630,0.420,0.690,
 0.630,0.350,0.370,0.320,0.570,0.390,0.680,0.340,0.290,0.540,0.330,0.080,
 0.330,0.260,0.190,0.480,0.300,0.450,0.270,0.280,0.080,0.120,0.110,0.410,
 0.420,0.310,0.070,0.160,0.620,0.450,0.210,0.030,0.320,0.230,0.160,0.270,
 0.610,0.170,0.300,0.100,0.010,0.010,0.100,0.130,0.330,0.190,0.280,0.290,
 0.000,0.030,0.050,0.210,0.210,0.030,0.000,0.020,0.020,0.010,0.250,0.030,
 0.010,0.040,0.000,0.040,0.040,0.010,0.010,0.010,0.000,0.000,0.140,0.030,
 0.030,0.000,0.000,0.020]
