Log file: cifar100_sava0.9_deepsmote_sava_exp0.01_seed42_20260613_220328.log
Run started: 2026-06-13 22:03:28.832789
Dataset: cifar100
Imbalance type: exp, factor: 0.01
Selection method: sava, ratio: 0.9
Strategy: DeepSMOTE_Sava, epochs: 200
Seed: 42, rand_number: 0
Augmentation: weak
Noise ratio: 0.15
mamix_ratio: 1.0
============================================================

=> No CSV or TensorBoard logging – only console and debug log.
-----------------------------------------------
Class ID   | Original   | Selected   | Keep %  
-----------------------------------------------
0          | 509        | 392        |   77.0%
1          | 504        | 436        |   86.5%
2          | 512        | 470        |   91.8%
3          | 503        | 481        |   95.6%
4          | 501        | 489        |   97.6%
5          | 499        | 464        |   93.0%
6          | 491        | 464        |   94.5%
7          | 491        | 467        |   95.1%
8          | 499        | 474        |   95.0%
9          | 497        | 406        |   81.7%
10         | 520        | 476        |   91.5%
11         | 527        | 422        |   80.1%
12         | 510        | 497        |   97.5%
13         | 487        | 433        |   88.9%
14         | 508        | 473        |   93.1%
15         | 488        | 458        |   93.9%
16         | 513        | 456        |   88.9%
17         | 506        | 502        |   99.2%
18         | 506        | 500        |   98.8%
19         | 494        | 473        |   95.7%
20         | 504        | 151        |   30.0%
21         | 511        | 489        |   95.7%
22         | 479        | 405        |   84.6%
23         | 509        | 502        |   98.6%
24         | 508        | 227        |   44.7%
25         | 485        | 477        |   98.4%
26         | 503        | 474        |   94.2%
27         | 509        | 500        |   98.2%
28         | 483        | 467        |   96.7%
29         | 504        | 455        |   90.3%
30         | 509        | 465        |   91.4%
31         | 499        | 445        |   89.2%
32         | 485        | 458        |   94.4%
33         | 476        | 464        |   97.5%
34         | 506        | 478        |   94.5%
35         | 530        | 500        |   94.3%
36         | 504        | 473        |   93.8%
37         | 497        | 481        |   96.8%
38         | 513        | 499        |   97.3%
39         | 506        | 454        |   89.7%
40         | 499        | 445        |   89.2%
41         | 489        | 361        |   73.8%
42         | 494        | 480        |   97.2%
43         | 509        | 492        |   96.7%
44         | 499        | 485        |   97.2%
45         | 512        | 469        |   91.6%
46         | 492        | 415        |   84.3%
47         | 519        | 504        |   97.1%
48         | 502        | 399        |   79.5%
49         | 500        | 473        |   94.6%
50         | 501        | 487        |   97.2%
51         | 494        | 482        |   97.6%
52         | 497        | 489        |   98.4%
53         | 506        | 387        |   76.5%
54         | 493        | 466        |   94.5%
55         | 499        | 480        |   96.2%
56         | 513        | 503        |   98.1%
57         | 506        | 347        |   68.6%
58         | 499        | 424        |   85.0%
59         | 495        | 461        |   93.1%
60         | 481        | 468        |   97.3%
61         | 496        | 376        |   75.8%
62         | 496        | 441        |   88.9%
63         | 502        | 489        |   97.4%
64         | 494        | 449        |   90.9%
65         | 502        | 495        |   98.6%
66         | 490        | 483        |   98.6%
67         | 477        | 262        |   54.9%
68         | 496        | 485        |   97.8%
69         | 486        | 473        |   97.3%
70         | 508        | 478        |   94.1%
71         | 528        | 509        |   96.4%
72         | 507        | 496        |   97.8%
73         | 493        | 241        |   48.9%
74         | 503        | 484        |   96.2%
75         | 508        | 468        |   92.1%
76         | 518        | 509        |   98.3%
77         | 487        | 463        |   95.1%
78         | 504        | 490        |   97.2%
79         | 499        | 489        |   98.0%
80         | 488        | 479        |   98.2%
81         | 490        | 349        |   71.2%
82         | 487        | 391        |   80.3%
83         | 484        | 383        |   79.1%
84         | 499        | 465        |   93.2%
85         | 516        | 511        |   99.0%
86         | 496        | 448        |   90.3%
87         | 512        | 465        |   90.8%
88         | 504        | 495        |   98.2%
89         | 494        | 492        |   99.6%
90         | 484        | 395        |   81.6%
91         | 483        | 466        |   96.5%
92         | 510        | 315        |   61.8%
93         | 504        | 497        |   98.6%
94         | 499        | 492        |   98.6%
95         | 518        | 507        |   97.9%
96         | 499        | 487        |   97.6%
97         | 494        | 440        |   89.1%
98         | 481        | 319        |   66.3%
99         | 480        | 410        |   85.4%
-----------------------------------------------
TOTAL      | 50000      | 45000      |   90.0%
-----------------------------------------------
Training Group Acc: [0.077,0.000,0.000]
Epoch [0] Training Results: Prec@1 7.913 Prec@5 23.873 Loss 4.15126
Epoch [0] Training Class Recall: [0.117,0.069,0.034,0.085,0.039,0.006,0.041,0.004,0.021,0.000,0.002,0.012,
 0.093,0.092,0.044,0.026,0.020,0.074,0.038,0.027,0.000,0.204,0.002,0.159,
 0.000,0.036,0.004,0.042,0.021,0.031,0.226,0.007,0.000,0.056,0.038,0.016,
 0.186,0.050,0.118,0.015,0.034,0.003,0.010,0.136,0.016,0.017,0.055,0.032,
 0.000,0.097,0.008,0.010,0.204,0.165,0.105,0.000,0.022,0.017,0.002,0.043,
 0.186,0.178,0.254,0.061,0.013,0.028,0.043,0.000,0.313,0.211,0.082,0.228,
 0.052,0.008,0.093,0.107,0.118,0.011,0.004,0.033,0.084,0.014,0.361,0.042,
 0.189,0.119,0.007,0.133,0.057,0.096,0.172,0.062,0.038,0.078,0.380,0.312,
 0.329,0.043,0.034,0.039]
Testing Group Acc: [0.076,0.000,0.000]
Epoch [0] Testing Results: Prec@1 7.610 Prec@5 25.370 Loss 4.25291
Epoch [0] Testing Class Recall: [0.390,0.050,0.130,0.130,0.190,0.000,0.360,0.000,0.000,0.000,0.000,0.000,
 0.250,0.000,0.000,0.000,0.010,0.030,0.360,0.150,0.000,0.030,0.000,0.210,
 0.000,0.000,0.000,0.020,0.050,0.130,0.550,0.000,0.000,0.260,0.060,0.010,
 0.000,0.000,0.000,0.000,0.000,0.000,0.000,0.070,0.000,0.000,0.010,0.010,
 0.000,0.100,0.010,0.070,0.390,0.000,0.440,0.000,0.020,0.000,0.000,0.150,
 0.440,0.230,0.670,0.000,0.000,0.010,0.000,0.010,0.160,0.210,0.000,0.170,
 0.000,0.000,0.000,0.000,0.060,0.000,0.000,0.000,0.000,0.000,0.300,0.000,
 0.000,0.000,0.000,0.110,0.000,0.030,0.000,0.010,0.000,0.000,0.390,0.090,
 0.060,0.010,0.000,0.010]
Training Group Acc: [0.180,0.000,0.000]
Epoch [1] Training Results: Prec@1 18.300 Prec@5 41.456 Loss 3.64634
Epoch [1] Training Class Recall: [0.207,0.161,0.036,0.075,0.025,0.050,0.075,0.054,0.040,0.037,0.002,0.012,
 0.161,0.132,0.059,0.076,0.068,0.177,0.132,0.042,0.000,0.315,0.020,0.243,
 0.009,0.057,0.004,0.048,0.069,0.086,0.381,0.034,0.002,0.112,0.086,0.080,
 0.245,0.110,0.142,0.035,0.016,0.039,0.013,0.193,0.025,0.041,0.169,0.155,
 0.043,0.262,0.035,0.127,0.429,0.251,0.206,0.013,0.143,0.144,0.179,0.169,
 0.526,0.258,0.347,0.223,0.036,0.032,0.193,0.115,0.563,0.317,0.178,0.387,
 0.179,0.116,0.159,0.419,0.354,0.045,0.059,0.196,0.150,0.143,0.652,0.094,
 0.447,0.256,0.076,0.335,0.230,0.169,0.484,0.597,0.397,0.360,0.638,0.663,
 0.587,0.234,0.172,0.259]
Testing Group Acc: [0.107,0.000,0.000]
Epoch [1] Testing Results: Prec@1 10.670 Prec@5 31.480 Loss 4.05899
Epoch [1] Testing Class Recall: [0.260,0.190,0.000,0.080,0.020,0.160,0.230,0.150,0.050,0.040,0.010,0.000,
 0.050,0.430,0.060,0.000,0.000,0.070,0.000,0.140,0.000,0.000,0.000,0.010,
 0.000,0.040,0.000,0.000,0.000,0.250,0.200,0.000,0.000,0.220,0.120,0.020,
 0.170,0.500,0.200,0.000,0.080,0.180,0.000,0.030,0.000,0.010,0.020,0.160,
 0.110,0.220,0.000,0.010,0.810,0.820,0.220,0.000,0.010,0.170,0.090,0.080,
 0.280,0.060,0.030,0.000,0.060,0.000,0.130,0.050,0.290,0.370,0.180,0.040,
 0.080,0.150,0.100,0.070,0.390,0.000,0.020,0.030,0.060,0.030,0.420,0.000,
 0.000,0.130,0.000,0.070,0.040,0.130,0.040,0.060,0.010,0.010,0.250,0.150,
 0.000,0.220,0.000,0.030]
Training Group Acc: [0.274,0.000,0.000]
Epoch [2] Training Results: Prec@1 27.724 Prec@5 52.413 Loss 3.27785
Epoch [2] Training Class Recall: [0.276,0.268,0.066,0.094,0.025,0.073,0.095,0.116,0.101,0.143,0.006,0.019,
 0.145,0.150,0.095,0.092,0.086,0.257,0.102,0.129,0.000,0.323,0.025,0.343,
 0.084,0.136,0.006,0.090,0.075,0.134,0.406,0.061,0.004,0.207,0.107,0.152,
 0.319,0.195,0.220,0.081,0.031,0.202,0.090,0.236,0.043,0.066,0.325,0.254,
 0.110,0.307,0.084,0.247,0.483,0.320,0.328,0.052,0.217,0.187,0.340,0.260,
 0.605,0.274,0.392,0.284,0.118,0.028,0.331,0.282,0.649,0.414,0.234,0.495,
 0.300,0.162,0.337,0.588,0.587,0.274,0.220,0.409,0.386,0.387,0.688,0.167,
 0.561,0.542,0.308,0.566,0.523,0.502,0.615,0.773,0.438,0.650,0.722,0.767,
 0.727,0.589,0.408,0.585]
Testing Group Acc: [0.139,0.000,0.000]
Epoch [2] Testing Results: Prec@1 13.860 Prec@5 36.540 Loss 4.01081
Epoch [2] Testing Class Recall: [0.410,0.340,0.000,0.380,0.000,0.010,0.170,0.150,0.230,0.040,0.020,0.010,
 0.460,0.000,0.150,0.010,0.120,0.310,0.090,0.150,0.000,0.230,0.030,0.310,
 0.210,0.110,0.000,0.000,0.090,0.000,0.070,0.010,0.000,0.080,0.050,0.590,
 0.120,0.000,0.150,0.130,0.000,0.490,0.020,0.120,0.050,0.000,0.160,0.110,
 0.080,0.280,0.010,0.050,0.750,0.410,0.190,0.000,0.100,0.160,0.110,0.110,
 0.630,0.230,0.560,0.110,0.040,0.020,0.100,0.040,0.140,0.160,0.300,0.110,
 0.060,0.330,0.180,0.260,0.420,0.060,0.020,0.010,0.110,0.000,0.240,0.030,
 0.010,0.080,0.050,0.200,0.040,0.100,0.040,0.100,0.010,0.030,0.240,0.190,
 0.080,0.080,0.010,0.010]
Training Group Acc: [0.348,0.000,0.000]
Epoch [3] Training Results: Prec@1 35.247 Prec@5 59.247 Loss 2.99761
Epoch [3] Training Class Recall: [0.334,0.245,0.087,0.096,0.039,0.123,0.157,0.199,0.171,0.207,0.025,0.021,
 0.241,0.226,0.099,0.118,0.114,0.277,0.154,0.152,0.000,0.387,0.047,0.353,
 0.115,0.168,0.011,0.142,0.122,0.167,0.471,0.103,0.004,0.300,0.167,0.248,
 0.389,0.256,0.253,0.172,0.083,0.310,0.133,0.297,0.115,0.107,0.294,0.325,
 0.233,0.393,0.138,0.328,0.526,0.351,0.410,0.113,0.352,0.274,0.432,0.367,
 0.639,0.348,0.499,0.395,0.238,0.067,0.424,0.355,0.705,0.560,0.276,0.656,
 0.484,0.187,0.459,0.669,0.666,0.508,0.492,0.479,0.582,0.499,0.719,0.272,
 0.647,0.661,0.583,0.716,0.689,0.687,0.686,0.805,0.508,0.761,0.791,0.793,
 0.786,0.707,0.611,0.668]
Testing Group Acc: [0.145,0.000,0.000]
Epoch [3] Testing Results: Prec@1 14.460 Prec@5 35.040 Loss 4.29612
Epoch [3] Testing Class Recall: [0.540,0.410,0.000,0.540,0.100,0.300,0.200,0.140,0.260,0.360,0.010,0.030,
 0.380,0.110,0.200,0.000,0.310,0.700,0.250,0.370,0.000,0.450,0.090,0.260,
 0.470,0.100,0.000,0.000,0.080,0.090,0.220,0.020,0.010,0.210,0.000,0.230,
 0.110,0.060,0.110,0.030,0.070,0.030,0.060,0.020,0.010,0.010,0.070,0.260,
 0.000,0.170,0.010,0.040,0.780,0.420,0.190,0.000,0.200,0.050,0.010,0.070,
 0.700,0.090,0.420,0.090,0.120,0.000,0.120,0.010,0.450,0.180,0.140,0.370,
 0.010,0.000,0.000,0.000,0.120,0.010,0.050,0.010,0.000,0.010,0.340,0.040,
 0.060,0.060,0.020,0.140,0.030,0.000,0.000,0.000,0.000,0.090,0.050,0.450,
 0.020,0.030,0.000,0.010]
Training Group Acc: [0.397,0.000,0.000]
Epoch [4] Training Results: Prec@1 40.107 Prec@5 63.669 Loss 2.80660
Epoch [4] Training Class Recall: [0.329,0.326,0.094,0.127,0.055,0.166,0.144,0.223,0.188,0.259,0.027,0.021,
 0.290,0.254,0.110,0.146,0.156,0.309,0.164,0.197,0.000,0.393,0.042,0.394,
 0.154,0.208,0.025,0.222,0.161,0.224,0.471,0.213,0.039,0.336,0.203,0.256,
 0.429,0.262,0.277,0.207,0.144,0.393,0.204,0.364,0.159,0.134,0.369,0.373,
 0.276,0.471,0.189,0.338,0.581,0.380,0.476,0.202,0.465,0.406,0.505,0.449,
 0.675,0.457,0.558,0.464,0.399,0.119,0.511,0.397,0.726,0.615,0.354,0.646,
 0.577,0.228,0.585,0.733,0.709,0.648,0.580,0.577,0.653,0.576,0.767,0.345,
 0.697,0.701,0.638,0.766,0.709,0.754,0.734,0.811,0.581,0.807,0.805,0.795,
 0.809,0.784,0.661,0.771]
Testing Group Acc: [0.167,0.000,0.000]
Epoch [4] Testing Results: Prec@1 16.670 Prec@5 40.770 Loss 4.04975
Epoch [4] Testing Class Recall: [0.550,0.530,0.000,0.170,0.030,0.220,0.040,0.220,0.140,0.310,0.040,0.400,
 0.480,0.470,0.140,0.120,0.220,0.430,0.050,0.220,0.010,0.530,0.030,0.370,
 0.300,0.150,0.000,0.040,0.100,0.080,0.140,0.040,0.000,0.280,0.060,0.030,
 0.320,0.130,0.070,0.090,0.120,0.500,0.000,0.260,0.050,0.010,0.240,0.350,
 0.220,0.320,0.020,0.210,0.730,0.350,0.250,0.000,0.360,0.180,0.150,0.110,
 0.350,0.160,0.310,0.040,0.020,0.020,0.010,0.050,0.520,0.370,0.300,0.130,
 0.010,0.480,0.000,0.130,0.400,0.060,0.010,0.120,0.020,0.020,0.400,0.030,
 0.000,0.020,0.010,0.030,0.010,0.030,0.000,0.090,0.010,0.000,0.130,0.230,
 0.090,0.070,0.010,0.000]
Training Group Acc: [0.448,0.000,0.000]
Epoch [5] Training Results: Prec@1 45.222 Prec@5 67.511 Loss 2.61756
Epoch [5] Training Class Recall: [0.426,0.374,0.111,0.141,0.094,0.155,0.190,0.255,0.276,0.298,0.038,0.052,
 0.344,0.300,0.173,0.177,0.197,0.444,0.174,0.192,0.013,0.442,0.067,0.446,
 0.194,0.252,0.032,0.284,0.259,0.290,0.492,0.240,0.070,0.401,0.276,0.316,
 0.436,0.295,0.337,0.267,0.182,0.463,0.275,0.378,0.214,0.207,0.378,0.456,
 0.346,0.560,0.261,0.477,0.616,0.465,0.517,0.287,0.545,0.478,0.594,0.534,
 0.690,0.535,0.612,0.579,0.512,0.255,0.571,0.405,0.746,0.626,0.452,0.699,
 0.657,0.241,0.705,0.750,0.725,0.754,0.669,0.689,0.739,0.619,0.806,0.499,
 0.742,0.726,0.723,0.787,0.707,0.776,0.719,0.826,0.610,0.791,0.817,0.815,
 0.823,0.816,0.705,0.780]
Testing Group Acc: [0.176,0.000,0.000]
Epoch [5] Testing Results: Prec@1 17.610 Prec@5 40.500 Loss 4.03137
Epoch [5] Testing Class Recall: [0.220,0.520,0.180,0.010,0.090,0.380,0.290,0.360,0.590,0.200,0.020,0.110,
 0.570,0.460,0.230,0.110,0.130,0.560,0.180,0.260,0.000,0.330,0.080,0.370,
 0.380,0.060,0.000,0.220,0.130,0.240,0.240,0.020,0.040,0.300,0.130,0.120,
 0.080,0.250,0.050,0.220,0.170,0.370,0.090,0.080,0.040,0.030,0.100,0.210,
 0.190,0.180,0.030,0.320,0.480,0.260,0.300,0.000,0.470,0.100,0.100,0.090,
 0.730,0.090,0.470,0.100,0.000,0.010,0.040,0.000,0.260,0.390,0.270,0.570,
 0.050,0.150,0.150,0.180,0.240,0.010,0.040,0.010,0.020,0.010,0.370,0.050,
 0.000,0.060,0.010,0.070,0.140,0.010,0.000,0.020,0.000,0.070,0.090,0.370,
 0.210,0.000,0.000,0.010]
Training Group Acc: [0.486,0.000,0.000]
Epoch [6] Training Results: Prec@1 49.064 Prec@5 70.224 Loss 2.47408
Epoch [6] Training Class Recall: [0.429,0.417,0.160,0.175,0.088,0.226,0.218,0.278,0.314,0.296,0.038,0.066,
 0.386,0.289,0.182,0.223,0.250,0.442,0.252,0.290,0.033,0.489,0.104,0.470,
 0.238,0.279,0.049,0.292,0.343,0.303,0.505,0.301,0.109,0.429,0.287,0.332,
 0.463,0.370,0.357,0.317,0.261,0.476,0.315,0.457,0.245,0.264,0.395,0.482,
 0.454,0.588,0.347,0.508,0.622,0.517,0.590,0.360,0.594,0.533,0.623,0.555,
 0.726,0.559,0.653,0.636,0.566,0.402,0.619,0.431,0.784,0.696,0.510,0.735,
 0.722,0.303,0.731,0.756,0.764,0.760,0.714,0.738,0.783,0.670,0.806,0.548,
 0.800,0.787,0.768,0.800,0.778,0.819,0.795,0.839,0.635,0.825,0.827,0.811,
 0.852,0.825,0.724,0.798]
Testing Group Acc: [0.184,0.000,0.000]
Epoch [6] Testing Results: Prec@1 18.360 Prec@5 40.530 Loss 4.14480
Epoch [6] Testing Class Recall: [0.580,0.350,0.240,0.290,0.220,0.310,0.290,0.340,0.370,0.410,0.090,0.100,
 0.670,0.500,0.160,0.120,0.270,0.400,0.460,0.440,0.030,0.450,0.060,0.610,
 0.230,0.270,0.010,0.090,0.150,0.220,0.460,0.050,0.050,0.430,0.070,0.170,
 0.110,0.250,0.220,0.140,0.180,0.440,0.110,0.140,0.030,0.040,0.300,0.480,
 0.010,0.200,0.020,0.250,0.570,0.490,0.260,0.020,0.210,0.160,0.080,0.050,
 0.670,0.130,0.340,0.100,0.010,0.000,0.020,0.000,0.180,0.140,0.060,0.630,
 0.150,0.000,0.010,0.030,0.180,0.010,0.000,0.050,0.010,0.000,0.350,0.060,
 0.000,0.060,0.000,0.060,0.050,0.000,0.000,0.000,0.020,0.020,0.200,0.010,
 0.070,0.000,0.000,0.020]
Training Group Acc: [0.510,0.000,0.000]
Epoch [7] Training Results: Prec@1 51.584 Prec@5 71.816 Loss 2.38095
Epoch [7] Training Class Recall: [0.441,0.392,0.172,0.179,0.106,0.254,0.224,0.313,0.361,0.315,0.078,0.078,
 0.388,0.293,0.175,0.253,0.224,0.488,0.304,0.290,0.013,0.501,0.104,0.516,
 0.194,0.296,0.049,0.334,0.338,0.321,0.531,0.342,0.166,0.442,0.339,0.346,
 0.518,0.395,0.383,0.390,0.319,0.479,0.398,0.484,0.313,0.316,0.467,0.532,
 0.489,0.622,0.411,0.556,0.636,0.540,0.588,0.421,0.636,0.573,0.658,0.603,
 0.741,0.620,0.685,0.661,0.673,0.493,0.679,0.481,0.800,0.706,0.556,0.780,
 0.718,0.332,0.775,0.759,0.788,0.771,0.696,0.796,0.770,0.702,0.793,0.624,
 0.804,0.783,0.779,0.798,0.760,0.831,0.780,0.837,0.657,0.819,0.827,0.824,
 0.856,0.841,0.734,0.815]
Testing Group Acc: [0.194,0.000,0.000]
Epoch [7] Testing Results: Prec@1 19.380 Prec@5 41.360 Loss 4.12811
Epoch [7] Testing Class Recall: [0.480,0.340,0.460,0.200,0.260,0.310,0.410,0.470,0.360,0.400,0.030,0.150,
 0.300,0.570,0.260,0.300,0.300,0.780,0.280,0.370,0.010,0.690,0.060,0.130,
 0.450,0.030,0.010,0.210,0.270,0.210,0.520,0.120,0.110,0.450,0.110,0.330,
 0.170,0.270,0.060,0.060,0.030,0.520,0.140,0.100,0.020,0.180,0.150,0.290,
 0.190,0.250,0.000,0.300,0.500,0.590,0.410,0.050,0.310,0.130,0.100,0.140,
 0.370,0.110,0.340,0.130,0.020,0.010,0.030,0.000,0.320,0.440,0.300,0.410,
 0.030,0.080,0.000,0.090,0.360,0.020,0.040,0.040,0.030,0.010,0.010,0.010,
 0.000,0.100,0.010,0.030,0.030,0.000,0.010,0.000,0.000,0.120,0.020,0.070,
 0.080,0.000,0.000,0.010]
Training Group Acc: [0.532,0.000,0.000]
Epoch [8] Training Results: Prec@1 53.642 Prec@5 73.400 Loss 2.30046
Epoch [8] Training Class Recall: [0.480,0.466,0.174,0.191,0.123,0.239,0.282,0.291,0.352,0.357,0.109,0.088,
 0.410,0.349,0.211,0.266,0.281,0.512,0.288,0.304,0.053,0.521,0.148,0.522,
 0.238,0.312,0.074,0.342,0.394,0.334,0.535,0.380,0.186,0.481,0.364,0.374,
 0.522,0.443,0.401,0.405,0.342,0.537,0.433,0.533,0.342,0.369,0.458,0.571,
 0.539,0.630,0.425,0.624,0.665,0.563,0.603,0.487,0.660,0.622,0.670,0.631,
 0.746,0.670,0.664,0.683,0.637,0.535,0.727,0.519,0.773,0.732,0.603,0.752,
 0.758,0.394,0.756,0.786,0.782,0.793,0.729,0.779,0.797,0.699,0.803,0.642,
 0.819,0.795,0.801,0.813,0.792,0.815,0.810,0.845,0.660,0.827,0.835,0.824,
 0.860,0.823,0.749,0.824]
Testing Group Acc: [0.197,0.000,0.000]
Epoch [8] Testing Results: Prec@1 19.740 Prec@5 42.560 Loss 4.03070
Epoch [8] Testing Class Recall: [0.640,0.550,0.310,0.320,0.250,0.500,0.430,0.520,0.320,0.330,0.030,0.340,
 0.470,0.210,0.150,0.360,0.270,0.550,0.300,0.210,0.010,0.620,0.110,0.390,
 0.320,0.130,0.060,0.190,0.240,0.070,0.540,0.070,0.140,0.190,0.190,0.030,
 0.230,0.290,0.080,0.210,0.000,0.330,0.100,0.230,0.040,0.040,0.210,0.430,
 0.000,0.330,0.040,0.110,0.730,0.660,0.190,0.020,0.450,0.190,0.090,0.420,
 0.790,0.020,0.340,0.050,0.020,0.010,0.060,0.080,0.150,0.360,0.120,0.430,
 0.060,0.120,0.060,0.020,0.300,0.010,0.060,0.000,0.000,0.010,0.330,0.020,
 0.010,0.010,0.000,0.080,0.050,0.040,0.000,0.000,0.020,0.000,0.260,0.020,
 0.010,0.010,0.010,0.020]
Training Group Acc: [0.551,0.000,0.000]
Epoch [9] Training Results: Prec@1 55.513 Prec@5 74.549 Loss 2.23112
Epoch [9] Training Class Recall: [0.495,0.459,0.157,0.179,0.125,0.295,0.284,0.330,0.399,0.357,0.128,0.088,
 0.455,0.372,0.243,0.279,0.322,0.510,0.320,0.317,0.073,0.509,0.143,0.552,
 0.260,0.342,0.072,0.378,0.458,0.363,0.585,0.362,0.221,0.496,0.381,0.426,
 0.569,0.441,0.419,0.419,0.404,0.590,0.429,0.522,0.390,0.424,0.528,0.593,
 0.531,0.651,0.464,0.645,0.669,0.579,0.655,0.562,0.680,0.654,0.698,0.649,
 0.774,0.673,0.717,0.689,0.684,0.594,0.710,0.561,0.792,0.786,0.605,0.778,
 0.764,0.436,0.775,0.786,0.784,0.795,0.737,0.796,0.802,0.725,0.818,0.692,
 0.802,0.798,0.804,0.817,0.784,0.841,0.818,0.826,0.667,0.821,0.831,0.822,
 0.844,0.848,0.743,0.827]
Testing Group Acc: [0.193,0.000,0.000]
Epoch [9] Testing Results: Prec@1 19.270 Prec@5 41.510 Loss 4.14973
Epoch [9] Testing Class Recall: [0.760,0.530,0.140,0.100,0.140,0.460,0.400,0.320,0.460,0.280,0.210,0.480,
 0.370,0.390,0.110,0.110,0.160,0.640,0.350,0.260,0.200,0.240,0.110,0.640,
 0.460,0.400,0.030,0.230,0.090,0.240,0.300,0.020,0.040,0.450,0.170,0.060,
 0.150,0.020,0.080,0.230,0.070,0.420,0.060,0.180,0.070,0.100,0.030,0.290,
 0.090,0.350,0.080,0.290,0.630,0.550,0.130,0.000,0.290,0.170,0.140,0.180,
 0.710,0.190,0.310,0.090,0.100,0.080,0.040,0.020,0.170,0.340,0.280,0.510,
 0.080,0.380,0.080,0.120,0.140,0.000,0.000,0.070,0.010,0.000,0.080,0.010,
 0.010,0.060,0.000,0.050,0.090,0.010,0.010,0.000,0.000,0.020,0.160,0.030,
 0.050,0.010,0.000,0.010]
Training Group Acc: [0.565,0.000,0.000]
Epoch [10] Training Results: Prec@1 56.976 Prec@5 75.411 Loss 2.16918
Epoch [10] Training Class Recall: [0.543,0.475,0.217,0.198,0.184,0.300,0.289,0.358,0.397,0.362,0.143,0.100,
 0.414,0.386,0.230,0.319,0.294,0.504,0.322,0.342,0.079,0.560,0.156,0.580,
 0.269,0.356,0.135,0.380,0.475,0.387,0.544,0.389,0.293,0.513,0.397,0.434,
 0.560,0.480,0.437,0.469,0.452,0.546,0.504,0.551,0.437,0.429,0.528,0.617,
 0.544,0.677,0.478,0.664,0.661,0.607,0.659,0.577,0.664,0.686,0.724,0.653,
 0.782,0.676,0.714,0.742,0.677,0.602,0.760,0.584,0.812,0.782,0.651,0.798,
 0.750,0.456,0.808,0.793,0.804,0.801,0.761,0.814,0.800,0.748,0.829,0.715,
 0.830,0.779,0.812,0.809,0.786,0.833,0.818,0.815,0.660,0.833,0.835,0.822,
 0.867,0.839,0.759,0.832]
Testing Group Acc: [0.201,0.000,0.000]
Epoch [10] Testing Results: Prec@1 20.090 Prec@5 43.070 Loss 3.98793
Epoch [10] Testing Class Recall: [0.560,0.570,0.130,0.230,0.010,0.470,0.460,0.400,0.190,0.270,0.120,0.150,
 0.320,0.430,0.320,0.110,0.260,0.730,0.340,0.370,0.120,0.680,0.160,0.490,
 0.720,0.080,0.210,0.070,0.360,0.080,0.480,0.170,0.130,0.350,0.090,0.230,
 0.150,0.080,0.080,0.350,0.130,0.440,0.030,0.050,0.080,0.020,0.080,0.080,
 0.230,0.330,0.020,0.270,0.640,0.340,0.350,0.160,0.170,0.130,0.340,0.070,
 0.480,0.210,0.420,0.200,0.030,0.010,0.080,0.020,0.380,0.190,0.350,0.470,
 0.040,0.040,0.130,0.520,0.180,0.000,0.010,0.000,0.050,0.000,0.090,0.060,
 0.010,0.140,0.000,0.100,0.020,0.020,0.000,0.000,0.000,0.000,0.130,0.100,
 0.100,0.020,0.000,0.010]
Training Group Acc: [0.576,0.000,0.000]
Epoch [11] Training Results: Prec@1 58.093 Prec@5 76.142 Loss 2.12975
Epoch [11] Training Class Recall: [0.531,0.463,0.179,0.247,0.135,0.338,0.276,0.381,0.426,0.399,0.185,0.121,
 0.449,0.432,0.273,0.299,0.351,0.500,0.318,0.342,0.086,0.536,0.178,0.532,
 0.291,0.375,0.141,0.422,0.507,0.437,0.581,0.449,0.306,0.530,0.416,0.442,
 0.586,0.484,0.457,0.447,0.474,0.557,0.496,0.577,0.439,0.486,0.511,0.625,
 0.576,0.698,0.550,0.649,0.677,0.630,0.657,0.600,0.696,0.686,0.733,0.692,
 0.776,0.705,0.739,0.767,0.670,0.644,0.758,0.573,0.810,0.793,0.665,0.802,
 0.788,0.485,0.795,0.786,0.804,0.801,0.745,0.806,0.814,0.739,0.813,0.681,
 0.828,0.802,0.795,0.809,0.796,0.827,0.805,0.856,0.676,0.843,0.835,0.830,
 0.864,0.841,0.740,0.846]
Testing Group Acc: [0.205,0.000,0.000]
Epoch [11] Testing Results: Prec@1 20.460 Prec@5 44.030 Loss 3.95470
Epoch [11] Testing Class Recall: [0.530,0.360,0.160,0.130,0.130,0.350,0.370,0.440,0.520,0.410,0.070,0.130,
 0.520,0.290,0.360,0.150,0.440,0.620,0.160,0.330,0.190,0.630,0.200,0.640,
 0.360,0.180,0.030,0.170,0.360,0.300,0.720,0.310,0.100,0.400,0.080,0.080,
 0.360,0.210,0.190,0.350,0.160,0.590,0.270,0.180,0.030,0.030,0.280,0.370,
 0.090,0.260,0.050,0.190,0.460,0.090,0.420,0.030,0.310,0.130,0.240,0.070,
 0.790,0.160,0.310,0.140,0.010,0.010,0.080,0.030,0.190,0.120,0.220,0.250,
 0.060,0.070,0.080,0.120,0.210,0.030,0.030,0.020,0.010,0.000,0.210,0.070,
 0.030,0.080,0.020,0.090,0.040,0.020,0.010,0.000,0.000,0.000,0.180,0.070,
 0.100,0.010,0.000,0.010]
Training Group Acc: [0.587,0.000,0.000]
Epoch [12] Training Results: Prec@1 59.222 Prec@5 76.500 Loss 2.08820
Epoch [12] Training Class Recall: [0.546,0.491,0.238,0.214,0.166,0.291,0.321,0.368,0.420,0.389,0.193,0.121,
 0.433,0.367,0.239,0.286,0.377,0.504,0.342,0.383,0.093,0.581,0.227,0.586,
 0.313,0.375,0.158,0.426,0.529,0.420,0.589,0.454,0.303,0.524,0.421,0.504,
 0.615,0.507,0.465,0.498,0.494,0.601,0.558,0.600,0.466,0.503,0.542,0.633,
 0.579,0.708,0.550,0.685,0.706,0.597,0.689,0.619,0.714,0.686,0.745,0.714,
 0.780,0.737,0.744,0.738,0.713,0.681,0.781,0.630,0.814,0.770,0.724,0.806,
 0.782,0.461,0.802,0.786,0.806,0.795,0.763,0.828,0.814,0.742,0.821,0.710,
 0.828,0.795,0.792,0.815,0.798,0.831,0.843,0.850,0.683,0.849,0.841,0.840,
 0.871,0.855,0.734,0.822]
Testing Group Acc: [0.207,0.000,0.000]
Epoch [12] Testing Results: Prec@1 20.710 Prec@5 43.940 Loss 4.05952
Epoch [12] Testing Class Recall: [0.480,0.480,0.240,0.120,0.080,0.240,0.330,0.440,0.570,0.580,0.150,0.090,
 0.370,0.730,0.200,0.130,0.210,0.560,0.280,0.360,0.080,0.380,0.060,0.480,
 0.510,0.100,0.390,0.180,0.380,0.120,0.450,0.150,0.190,0.320,0.130,0.300,
 0.100,0.140,0.010,0.110,0.300,0.400,0.110,0.230,0.050,0.020,0.110,0.200,
 0.100,0.320,0.050,0.260,0.950,0.770,0.230,0.230,0.330,0.130,0.060,0.170,
 0.430,0.180,0.190,0.130,0.010,0.020,0.040,0.040,0.470,0.430,0.290,0.380,
 0.070,0.150,0.140,0.300,0.180,0.000,0.000,0.040,0.030,0.010,0.200,0.030,
 0.020,0.110,0.000,0.000,0.160,0.010,0.040,0.010,0.000,0.010,0.070,0.240,
 0.000,0.000,0.010,0.030]
Training Group Acc: [0.598,0.000,0.000]
Epoch [13] Training Results: Prec@1 60.269 Prec@5 77.216 Loss 2.04884
Epoch [13] Training Class Recall: [0.533,0.509,0.298,0.245,0.176,0.353,0.295,0.383,0.462,0.379,0.221,0.152,
 0.453,0.441,0.252,0.347,0.357,0.500,0.354,0.355,0.166,0.595,0.225,0.622,
 0.348,0.390,0.219,0.454,0.535,0.457,0.585,0.445,0.328,0.506,0.456,0.488,
 0.628,0.530,0.467,0.531,0.564,0.607,0.529,0.604,0.449,0.493,0.569,0.663,
 0.604,0.738,0.561,0.654,0.740,0.651,0.704,0.613,0.696,0.671,0.750,0.701,
 0.784,0.707,0.755,0.738,0.690,0.665,0.776,0.641,0.810,0.793,0.699,0.809,
 0.782,0.502,0.833,0.808,0.809,0.819,0.780,0.832,0.825,0.739,0.829,0.697,
 0.839,0.796,0.821,0.832,0.810,0.837,0.846,0.852,0.667,0.835,0.852,0.834,
 0.871,0.848,0.746,0.834]
Testing Group Acc: [0.220,0.000,0.000]
Epoch [13] Testing Results: Prec@1 22.050 Prec@5 45.020 Loss 3.98778
Epoch [13] Testing Class Recall: [0.610,0.410,0.040,0.040,0.360,0.350,0.250,0.330,0.260,0.520,0.200,0.350,
 0.480,0.530,0.260,0.170,0.420,0.580,0.180,0.230,0.100,0.660,0.090,0.530,
 0.650,0.160,0.080,0.140,0.300,0.230,0.460,0.100,0.260,0.310,0.220,0.570,
 0.170,0.090,0.150,0.200,0.190,0.270,0.130,0.400,0.150,0.010,0.080,0.330,
 0.350,0.200,0.060,0.560,0.750,0.750,0.310,0.020,0.130,0.140,0.280,0.260,
 0.500,0.190,0.210,0.080,0.050,0.030,0.030,0.020,0.260,0.360,0.400,0.390,
 0.010,0.250,0.110,0.230,0.020,0.000,0.000,0.010,0.000,0.010,0.480,0.110,
 0.000,0.220,0.000,0.140,0.010,0.010,0.010,0.020,0.020,0.000,0.280,0.070,
 0.060,0.040,0.000,0.010]
Training Group Acc: [0.605,0.000,0.000]
Epoch [14] Training Results: Prec@1 60.884 Prec@5 77.840 Loss 2.01562
Epoch [14] Training Class Recall: [0.531,0.491,0.247,0.249,0.194,0.317,0.360,0.398,0.416,0.414,0.223,0.156,
 0.461,0.455,0.285,0.325,0.404,0.550,0.384,0.359,0.159,0.581,0.230,0.568,
 0.326,0.407,0.219,0.446,0.570,0.466,0.637,0.461,0.360,0.543,0.481,0.498,
 0.611,0.543,0.497,0.511,0.517,0.609,0.590,0.634,0.474,0.510,0.581,0.643,
 0.619,0.712,0.604,0.718,0.730,0.674,0.685,0.640,0.722,0.689,0.733,0.720,
 0.793,0.694,0.760,0.767,0.684,0.693,0.758,0.664,0.814,0.786,0.690,0.815,
 0.784,0.552,0.814,0.810,0.827,0.808,0.767,0.834,0.806,0.791,0.826,0.721,
 0.817,0.804,0.801,0.824,0.796,0.841,0.846,0.839,0.689,0.845,0.837,0.840,
 0.858,0.848,0.746,0.851]
Testing Group Acc: [0.198,0.000,0.000]
Epoch [14] Testing Results: Prec@1 19.780 Prec@5 43.200 Loss 4.06853
Epoch [14] Testing Class Recall: [0.560,0.310,0.360,0.220,0.220,0.370,0.340,0.520,0.650,0.560,0.110,0.220,
 0.590,0.490,0.320,0.350,0.210,0.720,0.270,0.270,0.120,0.210,0.120,0.380,
 0.420,0.070,0.130,0.130,0.440,0.280,0.490,0.050,0.360,0.330,0.180,0.090,
 0.130,0.230,0.020,0.260,0.240,0.540,0.110,0.040,0.050,0.100,0.060,0.190,
 0.090,0.440,0.020,0.140,0.490,0.730,0.220,0.030,0.410,0.130,0.160,0.200,
 0.290,0.160,0.260,0.080,0.000,0.030,0.020,0.020,0.420,0.190,0.070,0.240,
 0.060,0.060,0.150,0.120,0.240,0.020,0.040,0.040,0.020,0.000,0.100,0.030,
 0.010,0.040,0.000,0.060,0.030,0.010,0.010,0.000,0.000,0.010,0.100,0.030,
 0.320,0.000,0.000,0.010]
Training Group Acc: [0.612,0.000,0.000]
Epoch [15] Training Results: Prec@1 61.651 Prec@5 78.347 Loss 1.98715
Epoch [15] Training Class Recall: [0.526,0.509,0.228,0.249,0.211,0.403,0.353,0.398,0.451,0.404,0.244,0.185,
 0.459,0.425,0.268,0.330,0.371,0.530,0.416,0.355,0.172,0.599,0.259,0.606,
 0.352,0.415,0.232,0.504,0.559,0.477,0.626,0.458,0.384,0.560,0.485,0.504,
 0.622,0.559,0.509,0.511,0.551,0.609,0.590,0.636,0.534,0.533,0.586,0.690,
 0.632,0.723,0.602,0.666,0.720,0.669,0.712,0.646,0.716,0.703,0.767,0.722,
 0.799,0.731,0.739,0.753,0.739,0.705,0.803,0.634,0.812,0.803,0.720,0.829,
 0.772,0.523,0.822,0.810,0.815,0.823,0.771,0.812,0.812,0.745,0.818,0.700,
 0.843,0.814,0.815,0.819,0.808,0.843,0.848,0.856,0.695,0.855,0.839,0.826,
 0.879,0.852,0.759,0.841]
Testing Group Acc: [0.206,0.000,0.000]
Epoch [15] Testing Results: Prec@1 20.610 Prec@5 44.450 Loss 4.01406
Epoch [15] Testing Class Recall: [0.700,0.600,0.140,0.260,0.230,0.240,0.360,0.200,0.480,0.490,0.230,0.280,
 0.620,0.420,0.370,0.110,0.140,0.500,0.310,0.570,0.300,0.570,0.050,0.400,
 0.130,0.290,0.000,0.100,0.200,0.290,0.400,0.180,0.070,0.330,0.220,0.350,
 0.120,0.220,0.150,0.190,0.080,0.490,0.250,0.100,0.110,0.150,0.160,0.360,
 0.290,0.290,0.090,0.250,0.710,0.440,0.330,0.220,0.150,0.040,0.180,0.050,
 0.450,0.120,0.160,0.200,0.110,0.020,0.050,0.050,0.090,0.450,0.160,0.350,
 0.020,0.150,0.040,0.090,0.450,0.010,0.020,0.030,0.000,0.010,0.170,0.030,
 0.010,0.190,0.000,0.090,0.040,0.000,0.010,0.000,0.000,0.030,0.280,0.070,
 0.090,0.010,0.000,0.010]
Training Group Acc: [0.616,0.000,0.000]
Epoch [16] Training Results: Prec@1 62.062 Prec@5 78.460 Loss 1.96809
Epoch [16] Training Class Recall: [0.546,0.521,0.245,0.252,0.192,0.366,0.312,0.388,0.470,0.421,0.229,0.159,
 0.473,0.480,0.309,0.347,0.377,0.544,0.436,0.385,0.132,0.585,0.235,0.612,
 0.344,0.457,0.224,0.504,0.619,0.459,0.628,0.470,0.424,0.595,0.475,0.532,
 0.638,0.536,0.475,0.544,0.560,0.626,0.581,0.630,0.544,0.533,0.598,0.685,
 0.609,0.746,0.612,0.716,0.726,0.695,0.710,0.685,0.724,0.703,0.741,0.725,
 0.803,0.715,0.753,0.763,0.688,0.691,0.793,0.645,0.812,0.803,0.722,0.833,
 0.778,0.519,0.812,0.816,0.811,0.819,0.761,0.832,0.827,0.768,0.829,0.734,
 0.832,0.802,0.817,0.824,0.810,0.831,0.858,0.845,0.702,0.841,0.841,0.840,
 0.873,0.861,0.752,0.841]
Testing Group Acc: [0.208,0.000,0.000]
Epoch [16] Testing Results: Prec@1 20.750 Prec@5 44.410 Loss 3.95921
Epoch [16] Testing Class Recall: [0.430,0.610,0.420,0.420,0.560,0.370,0.250,0.360,0.610,0.350,0.190,0.080,
 0.480,0.250,0.250,0.180,0.320,0.390,0.190,0.220,0.210,0.490,0.190,0.600,
 0.650,0.170,0.090,0.250,0.410,0.280,0.250,0.130,0.080,0.320,0.240,0.240,
 0.280,0.100,0.030,0.310,0.240,0.460,0.020,0.170,0.090,0.240,0.100,0.390,
 0.120,0.150,0.040,0.140,0.520,0.580,0.300,0.050,0.040,0.180,0.140,0.070,
 0.510,0.260,0.440,0.210,0.010,0.020,0.050,0.030,0.210,0.180,0.140,0.440,
 0.090,0.390,0.070,0.150,0.360,0.040,0.020,0.080,0.000,0.030,0.170,0.010,
 0.040,0.010,0.040,0.020,0.050,0.010,0.010,0.000,0.000,0.040,0.180,0.080,
 0.030,0.000,0.010,0.030]
Training Group Acc: [0.620,0.000,0.000]
Epoch [17] Training Results: Prec@1 62.449 Prec@5 78.740 Loss 1.94304
Epoch [17] Training Class Recall: [0.556,0.500,0.291,0.279,0.233,0.360,0.364,0.433,0.477,0.468,0.252,0.173,
 0.501,0.457,0.313,0.338,0.393,0.558,0.394,0.389,0.205,0.579,0.240,0.643,
 0.352,0.423,0.224,0.466,0.610,0.484,0.613,0.443,0.408,0.539,0.502,0.546,
 0.622,0.547,0.527,0.559,0.562,0.626,0.617,0.642,0.518,0.578,0.590,0.688,
 0.634,0.723,0.581,0.710,0.732,0.672,0.717,0.685,0.724,0.720,0.750,0.733,
 0.821,0.747,0.764,0.759,0.731,0.721,0.758,0.615,0.816,0.797,0.724,0.796,
 0.812,0.498,0.816,0.812,0.823,0.812,0.757,0.832,0.810,0.771,0.813,0.742,
 0.828,0.800,0.812,0.830,0.818,0.833,0.851,0.858,0.695,0.861,0.848,0.832,
 0.867,0.850,0.765,0.841]
Testing Group Acc: [0.208,0.000,0.000]
Epoch [17] Testing Results: Prec@1 20.800 Prec@5 43.490 Loss 4.15243
Epoch [17] Testing Class Recall: [0.400,0.710,0.250,0.130,0.480,0.340,0.590,0.430,0.210,0.290,0.290,0.340,
 0.330,0.500,0.200,0.210,0.500,0.730,0.280,0.220,0.120,0.290,0.170,0.540,
 0.520,0.210,0.250,0.300,0.340,0.280,0.540,0.090,0.180,0.520,0.060,0.050,
 0.230,0.100,0.030,0.260,0.080,0.540,0.050,0.270,0.250,0.080,0.040,0.360,
 0.160,0.090,0.120,0.180,0.640,0.470,0.440,0.140,0.300,0.300,0.030,0.260,
 0.600,0.110,0.300,0.240,0.050,0.020,0.040,0.010,0.250,0.200,0.150,0.200,
 0.020,0.030,0.010,0.270,0.150,0.030,0.010,0.000,0.020,0.010,0.400,0.050,
 0.010,0.140,0.000,0.000,0.000,0.010,0.020,0.020,0.010,0.000,0.010,0.080,
 0.000,0.000,0.000,0.020]
Training Group Acc: [0.626,0.000,0.000]
Epoch [18] Training Results: Prec@1 63.056 Prec@5 78.969 Loss 1.92135
Epoch [18] Training Class Recall: [0.520,0.521,0.296,0.285,0.217,0.384,0.373,0.433,0.475,0.456,0.267,0.209,
 0.483,0.450,0.321,0.380,0.414,0.562,0.404,0.387,0.159,0.595,0.281,0.645,
 0.361,0.453,0.297,0.494,0.589,0.492,0.630,0.490,0.437,0.578,0.504,0.524,
 0.645,0.545,0.531,0.570,0.593,0.604,0.588,0.644,0.534,0.539,0.559,0.702,
 0.637,0.751,0.624,0.734,0.732,0.649,0.732,0.694,0.722,0.709,0.748,0.744,
 0.799,0.731,0.744,0.773,0.746,0.717,0.795,0.622,0.827,0.793,0.705,0.825,
 0.770,0.564,0.833,0.829,0.827,0.827,0.786,0.836,0.837,0.739,0.826,0.723,
 0.826,0.806,0.812,0.828,0.814,0.839,0.856,0.854,0.692,0.855,0.841,0.844,
 0.867,0.864,0.749,0.839]
Testing Group Acc: [0.234,0.000,0.000]
Epoch [18] Testing Results: Prec@1 23.360 Prec@5 45.880 Loss 3.99061
Epoch [18] Testing Class Recall: [0.600,0.610,0.220,0.350,0.170,0.460,0.460,0.450,0.610,0.520,0.250,0.150,
 0.540,0.420,0.330,0.290,0.340,0.350,0.620,0.190,0.230,0.590,0.200,0.540,
 0.410,0.090,0.140,0.130,0.590,0.240,0.580,0.250,0.300,0.160,0.130,0.090,
 0.190,0.400,0.000,0.250,0.270,0.190,0.080,0.260,0.030,0.200,0.160,0.380,
 0.490,0.370,0.070,0.230,0.720,0.460,0.330,0.010,0.250,0.090,0.250,0.260,
 0.490,0.180,0.220,0.080,0.020,0.030,0.160,0.020,0.320,0.330,0.080,0.550,
 0.010,0.330,0.090,0.320,0.270,0.020,0.000,0.000,0.040,0.000,0.250,0.030,
 0.030,0.140,0.000,0.040,0.230,0.020,0.030,0.010,0.000,0.030,0.190,0.150,
 0.090,0.010,0.000,0.010]
Training Group Acc: [0.630,0.000,0.000]
Epoch [19] Training Results: Prec@1 63.409 Prec@5 79.247 Loss 1.90583
Epoch [19] Training Class Recall: [0.574,0.532,0.285,0.285,0.190,0.381,0.347,0.409,0.481,0.466,0.254,0.201,
 0.495,0.455,0.328,0.362,0.419,0.544,0.428,0.385,0.232,0.591,0.286,0.631,
 0.339,0.428,0.289,0.502,0.632,0.499,0.630,0.508,0.443,0.578,0.540,0.550,
 0.672,0.578,0.543,0.548,0.634,0.651,0.604,0.657,0.526,0.563,0.619,0.692,
 0.654,0.742,0.602,0.687,0.763,0.664,0.725,0.681,0.746,0.715,0.757,0.753,
 0.812,0.737,0.735,0.785,0.733,0.721,0.772,0.637,0.810,0.810,0.728,0.815,
 0.784,0.560,0.833,0.816,0.825,0.821,0.778,0.830,0.812,0.794,0.826,0.752,
 0.845,0.814,0.804,0.826,0.808,0.846,0.861,0.861,0.676,0.841,0.846,0.842,
 0.867,0.855,0.762,0.841]
Testing Group Acc: [0.210,0.000,0.000]
Epoch [19] Testing Results: Prec@1 20.980 Prec@5 43.450 Loss 4.04427
Epoch [19] Testing Class Recall: [0.550,0.560,0.080,0.340,0.510,0.530,0.230,0.210,0.350,0.540,0.420,0.350,
 0.590,0.400,0.370,0.220,0.500,0.880,0.090,0.470,0.190,0.470,0.160,0.690,
 0.650,0.060,0.150,0.210,0.330,0.130,0.560,0.080,0.120,0.350,0.050,0.170,
 0.220,0.190,0.160,0.230,0.190,0.520,0.040,0.040,0.010,0.120,0.090,0.420,
 0.350,0.270,0.050,0.110,0.640,0.590,0.230,0.020,0.260,0.090,0.010,0.090,
 0.540,0.100,0.370,0.160,0.000,0.000,0.050,0.020,0.110,0.180,0.410,0.130,
 0.010,0.010,0.070,0.190,0.230,0.010,0.000,0.040,0.000,0.010,0.160,0.040,
 0.050,0.050,0.000,0.000,0.080,0.000,0.050,0.000,0.010,0.000,0.290,0.090,
 0.010,0.000,0.000,0.010]
Training Group Acc: [0.638,0.000,0.000]
Epoch [20] Training Results: Prec@1 64.249 Prec@5 79.607 Loss 1.87560
Epoch [20] Training Class Recall: [0.577,0.569,0.289,0.297,0.219,0.403,0.381,0.433,0.462,0.483,0.296,0.216,
 0.501,0.492,0.351,0.391,0.445,0.580,0.412,0.423,0.152,0.597,0.294,0.635,
 0.374,0.432,0.295,0.502,0.634,0.538,0.613,0.508,0.445,0.591,0.546,0.580,
 0.649,0.590,0.555,0.546,0.640,0.645,0.623,0.642,0.581,0.574,0.610,0.692,
 0.662,0.734,0.624,0.720,0.742,0.703,0.719,0.677,0.746,0.703,0.774,0.751,
 0.808,0.755,0.771,0.783,0.737,0.711,0.789,0.691,0.837,0.808,0.753,0.823,
 0.800,0.531,0.824,0.818,0.827,0.829,0.794,0.843,0.831,0.756,0.839,0.765,
 0.837,0.816,0.810,0.841,0.816,0.841,0.843,0.852,0.705,0.849,0.841,0.832,
 0.875,0.850,0.759,0.832]
Testing Group Acc: [0.215,0.000,0.000]
Epoch [20] Testing Results: Prec@1 21.550 Prec@5 44.670 Loss 3.97756
Epoch [20] Testing Class Recall: [0.680,0.540,0.390,0.330,0.080,0.280,0.560,0.420,0.490,0.340,0.390,0.040,
 0.300,0.330,0.300,0.290,0.630,0.440,0.550,0.210,0.230,0.280,0.180,0.480,
 0.530,0.200,0.070,0.360,0.430,0.350,0.390,0.210,0.110,0.330,0.010,0.160,
 0.270,0.130,0.280,0.360,0.090,0.120,0.210,0.050,0.210,0.020,0.100,0.390,
 0.410,0.320,0.100,0.120,0.650,0.240,0.280,0.020,0.090,0.150,0.030,0.180,
 0.690,0.090,0.230,0.230,0.000,0.050,0.070,0.020,0.540,0.190,0.120,0.400,
 0.090,0.160,0.100,0.270,0.360,0.050,0.080,0.010,0.020,0.010,0.160,0.020,
 0.000,0.110,0.000,0.060,0.000,0.000,0.030,0.020,0.000,0.120,0.140,0.200,
 0.060,0.110,0.000,0.010]
Training Group Acc: [0.641,0.000,0.000]
Epoch [21] Training Results: Prec@1 64.609 Prec@5 79.996 Loss 1.86561
Epoch [21] Training Class Recall: [0.571,0.548,0.315,0.322,0.252,0.429,0.405,0.407,0.470,0.466,0.300,0.190,
 0.501,0.450,0.355,0.395,0.439,0.568,0.454,0.408,0.225,0.628,0.328,0.659,
 0.383,0.472,0.321,0.522,0.623,0.545,0.645,0.499,0.476,0.571,0.554,0.540,
 0.664,0.578,0.563,0.553,0.629,0.657,0.623,0.650,0.575,0.559,0.629,0.704,
 0.634,0.753,0.651,0.737,0.746,0.687,0.706,0.683,0.753,0.726,0.757,0.755,
 0.803,0.753,0.741,0.761,0.715,0.764,0.814,0.634,0.827,0.801,0.711,0.843,
 0.800,0.527,0.824,0.816,0.825,0.825,0.798,0.853,0.839,0.788,0.831,0.757,
 0.843,0.814,0.817,0.841,0.816,0.850,0.858,0.861,0.695,0.859,0.850,0.840,
 0.864,0.857,0.765,0.851]
Testing Group Acc: [0.219,0.000,0.000]
Epoch [21] Testing Results: Prec@1 21.910 Prec@5 44.300 Loss 4.15579
Epoch [21] Testing Class Recall: [0.740,0.840,0.010,0.060,0.160,0.380,0.360,0.480,0.330,0.380,0.250,0.190,
 0.510,0.430,0.370,0.410,0.590,0.600,0.280,0.370,0.100,0.380,0.180,0.670,
 0.580,0.160,0.130,0.270,0.450,0.260,0.580,0.330,0.240,0.310,0.090,0.430,
 0.420,0.220,0.240,0.280,0.120,0.440,0.120,0.460,0.010,0.070,0.010,0.400,
 0.250,0.360,0.060,0.400,0.410,0.310,0.400,0.010,0.280,0.060,0.230,0.070,
 0.740,0.110,0.180,0.090,0.070,0.050,0.040,0.040,0.390,0.340,0.080,0.100,
 0.060,0.170,0.060,0.160,0.140,0.050,0.000,0.000,0.000,0.000,0.030,0.020,
 0.000,0.070,0.000,0.010,0.020,0.010,0.030,0.160,0.000,0.040,0.010,0.050,
 0.050,0.000,0.000,0.010]
Training Group Acc: [0.643,0.000,0.000]
Epoch [22] Training Results: Prec@1 64.711 Prec@5 80.138 Loss 1.85009
Epoch [22] Training Class Recall: [0.543,0.528,0.302,0.314,0.247,0.444,0.388,0.450,0.496,0.473,0.296,0.218,
 0.505,0.522,0.359,0.386,0.432,0.578,0.424,0.423,0.205,0.597,0.311,0.612,
 0.383,0.459,0.323,0.510,0.660,0.527,0.665,0.524,0.489,0.588,0.561,0.550,
 0.658,0.561,0.531,0.581,0.640,0.657,0.637,0.681,0.569,0.576,0.598,0.710,
 0.632,0.751,0.649,0.751,0.728,0.690,0.723,0.713,0.736,0.726,0.752,0.759,
 0.814,0.739,0.791,0.775,0.735,0.749,0.795,0.698,0.833,0.818,0.738,0.839,
 0.786,0.544,0.833,0.818,0.804,0.834,0.794,0.838,0.835,0.765,0.821,0.765,
 0.852,0.798,0.804,0.826,0.812,0.848,0.856,0.858,0.686,0.855,0.841,0.838,
 0.871,0.857,0.762,0.839]
Testing Group Acc: [0.215,0.000,0.000]
Epoch [22] Testing Results: Prec@1 21.490 Prec@5 44.120 Loss 4.13561
Epoch [22] Testing Class Recall: [0.590,0.620,0.280,0.510,0.360,0.280,0.500,0.050,0.300,0.310,0.320,0.490,
 0.520,0.350,0.150,0.510,0.390,0.510,0.280,0.150,0.320,0.550,0.140,0.500,
 0.420,0.320,0.160,0.030,0.250,0.390,0.510,0.460,0.080,0.360,0.140,0.080,
 0.220,0.380,0.070,0.190,0.120,0.460,0.060,0.410,0.040,0.130,0.060,0.390,
 0.150,0.240,0.050,0.210,0.600,0.390,0.310,0.000,0.270,0.180,0.220,0.210,
 0.380,0.060,0.250,0.030,0.020,0.040,0.060,0.080,0.160,0.220,0.020,0.100,
 0.090,0.140,0.070,0.140,0.440,0.050,0.010,0.000,0.020,0.000,0.570,0.040,
 0.010,0.180,0.030,0.050,0.100,0.000,0.060,0.000,0.000,0.040,0.050,0.320,
 0.050,0.010,0.000,0.060]
Training Group Acc: [0.647,0.000,0.000]
Epoch [23] Training Results: Prec@1 65.118 Prec@5 80.262 Loss 1.83471
Epoch [23] Training Class Recall: [0.599,0.534,0.332,0.312,0.231,0.422,0.390,0.463,0.527,0.466,0.269,0.213,
 0.525,0.464,0.385,0.402,0.432,0.574,0.436,0.387,0.212,0.609,0.341,0.624,
 0.401,0.451,0.340,0.516,0.634,0.552,0.647,0.535,0.533,0.614,0.567,0.574,
 0.687,0.580,0.567,0.575,0.634,0.676,0.637,0.693,0.567,0.608,0.612,0.688,
 0.684,0.759,0.645,0.712,0.759,0.703,0.730,0.677,0.732,0.738,0.783,0.742,
 0.823,0.777,0.773,0.771,0.748,0.764,0.803,0.695,0.833,0.803,0.734,0.821,
 0.798,0.552,0.820,0.818,0.811,0.812,0.784,0.859,0.827,0.771,0.831,0.747,
 0.830,0.812,0.810,0.830,0.808,0.846,0.866,0.856,0.711,0.849,0.852,0.836,
 0.871,0.859,0.762,0.841]
Testing Group Acc: [0.234,0.000,0.000]
Epoch [23] Testing Results: Prec@1 23.400 Prec@5 47.130 Loss 3.76133
Epoch [23] Testing Class Recall: [0.650,0.550,0.320,0.510,0.150,0.530,0.510,0.450,0.500,0.450,0.260,0.280,
 0.290,0.250,0.300,0.210,0.330,0.550,0.430,0.200,0.300,0.300,0.320,0.410,
 0.480,0.090,0.250,0.130,0.290,0.240,0.550,0.140,0.370,0.380,0.170,0.160,
 0.480,0.440,0.300,0.350,0.160,0.500,0.090,0.150,0.110,0.080,0.060,0.410,
 0.630,0.420,0.030,0.150,0.620,0.400,0.450,0.010,0.290,0.070,0.310,0.230,
 0.520,0.130,0.330,0.220,0.030,0.030,0.030,0.010,0.300,0.240,0.230,0.140,
 0.010,0.150,0.060,0.160,0.470,0.020,0.080,0.000,0.000,0.010,0.320,0.060,
 0.010,0.200,0.000,0.000,0.080,0.000,0.000,0.020,0.000,0.010,0.290,0.100,
 0.060,0.010,0.000,0.030]
Training Group Acc: [0.650,0.000,0.000]
Epoch [24] Training Results: Prec@1 65.433 Prec@5 80.351 Loss 1.82183
Epoch [24] Training Class Recall: [0.577,0.564,0.317,0.333,0.241,0.438,0.422,0.443,0.532,0.485,0.324,0.263,
 0.497,0.453,0.381,0.397,0.450,0.546,0.436,0.433,0.219,0.622,0.311,0.635,
 0.388,0.478,0.357,0.528,0.642,0.525,0.658,0.512,0.528,0.623,0.588,0.574,
 0.681,0.593,0.577,0.581,0.645,0.643,0.640,0.687,0.567,0.620,0.619,0.706,
 0.629,0.757,0.678,0.737,0.738,0.682,0.747,0.719,0.724,0.735,0.774,0.768,
 0.814,0.753,0.773,0.785,0.733,0.737,0.810,0.687,0.825,0.818,0.743,0.813,
 0.800,0.535,0.818,0.806,0.835,0.829,0.812,0.840,0.833,0.782,0.829,0.747,
 0.841,0.796,0.828,0.828,0.808,0.848,0.858,0.861,0.698,0.847,0.852,0.842,
 0.867,0.861,0.765,0.851]
Testing Group Acc: [0.210,0.000,0.000]
Epoch [24] Testing Results: Prec@1 21.010 Prec@5 45.540 Loss 3.85882
Epoch [24] Testing Class Recall: [0.450,0.600,0.240,0.360,0.080,0.350,0.470,0.320,0.430,0.580,0.400,0.160,
 0.240,0.670,0.430,0.230,0.230,0.650,0.330,0.330,0.210,0.220,0.190,0.630,
 0.340,0.210,0.230,0.120,0.390,0.210,0.220,0.120,0.120,0.350,0.150,0.290,
 0.300,0.320,0.100,0.420,0.190,0.190,0.170,0.150,0.160,0.010,0.110,0.250,
 0.110,0.350,0.090,0.100,0.560,0.330,0.420,0.000,0.350,0.080,0.160,0.290,
 0.570,0.140,0.210,0.140,0.030,0.000,0.070,0.070,0.220,0.180,0.320,0.270,
 0.030,0.270,0.170,0.190,0.250,0.030,0.020,0.010,0.000,0.000,0.080,0.060,
 0.010,0.120,0.000,0.010,0.060,0.000,0.040,0.000,0.000,0.000,0.190,0.330,
 0.150,0.000,0.000,0.010]
Training Group Acc: [0.653,0.000,0.000]
Epoch [25] Training Results: Prec@1 65.780 Prec@5 80.720 Loss 1.80536
Epoch [25] Training Class Recall: [0.582,0.541,0.306,0.331,0.286,0.425,0.409,0.458,0.517,0.458,0.324,0.246,
 0.517,0.513,0.378,0.400,0.443,0.598,0.442,0.448,0.232,0.622,0.291,0.655,
 0.379,0.484,0.348,0.568,0.640,0.582,0.677,0.537,0.502,0.621,0.588,0.594,
 0.658,0.597,0.553,0.608,0.609,0.634,0.658,0.689,0.594,0.603,0.641,0.718,
 0.632,0.765,0.667,0.726,0.759,0.698,0.738,0.727,0.755,0.732,0.750,0.757,
 0.818,0.763,0.780,0.755,0.751,0.745,0.797,0.679,0.819,0.808,0.747,0.829,
 0.806,0.573,0.837,0.818,0.821,0.829,0.792,0.861,0.837,0.802,0.831,0.757,
 0.839,0.798,0.806,0.830,0.798,0.837,0.871,0.865,0.724,0.849,0.848,0.840,
 0.877,0.866,0.759,0.851]
Testing Group Acc: [0.217,0.000,0.000]
Epoch [25] Testing Results: Prec@1 21.720 Prec@5 44.430 Loss 4.17469
Epoch [25] Testing Class Recall: [0.780,0.510,0.400,0.530,0.030,0.490,0.430,0.440,0.530,0.450,0.140,0.190,
 0.710,0.610,0.500,0.300,0.420,0.360,0.330,0.280,0.220,0.390,0.360,0.450,
 0.530,0.060,0.180,0.080,0.370,0.170,0.210,0.070,0.160,0.250,0.370,0.190,
 0.190,0.270,0.030,0.400,0.170,0.420,0.070,0.370,0.020,0.110,0.190,0.300,
 0.190,0.100,0.060,0.360,0.810,0.360,0.100,0.010,0.430,0.070,0.120,0.160,
 0.550,0.240,0.160,0.120,0.020,0.000,0.030,0.010,0.330,0.310,0.440,0.290,
 0.030,0.210,0.050,0.270,0.340,0.000,0.000,0.000,0.000,0.000,0.100,0.000,
 0.000,0.020,0.000,0.060,0.070,0.000,0.030,0.010,0.000,0.000,0.020,0.190,
 0.000,0.000,0.000,0.020]
Training Group Acc: [0.655,0.000,0.000]
Epoch [26] Training Results: Prec@1 65.958 Prec@5 80.724 Loss 1.79545
Epoch [26] Training Class Recall: [0.571,0.569,0.338,0.331,0.239,0.429,0.474,0.454,0.502,0.475,0.332,0.225,
 0.513,0.520,0.389,0.426,0.461,0.580,0.474,0.457,0.272,0.646,0.328,0.665,
 0.392,0.482,0.367,0.524,0.668,0.576,0.675,0.510,0.544,0.612,0.577,0.568,
 0.672,0.603,0.579,0.586,0.638,0.676,0.660,0.689,0.571,0.586,0.648,0.704,
 0.654,0.765,0.671,0.730,0.755,0.705,0.742,0.706,0.746,0.729,0.757,0.748,
 0.816,0.787,0.778,0.759,0.739,0.764,0.803,0.683,0.831,0.801,0.759,0.829,
 0.802,0.531,0.824,0.825,0.825,0.836,0.792,0.832,0.829,0.791,0.824,0.752,
 0.841,0.816,0.812,0.822,0.794,0.852,0.878,0.850,0.689,0.841,0.850,0.838,
 0.869,0.852,0.771,0.854]
Testing Group Acc: [0.230,0.000,0.000]
Epoch [26] Testing Results: Prec@1 23.040 Prec@5 45.230 Loss 4.02829
Epoch [26] Testing Class Recall: [0.420,0.700,0.430,0.100,0.070,0.420,0.470,0.510,0.580,0.690,0.110,0.080,
 0.440,0.610,0.370,0.510,0.360,0.710,0.240,0.470,0.390,0.370,0.260,0.470,
 0.370,0.180,0.400,0.120,0.280,0.270,0.400,0.320,0.100,0.410,0.070,0.290,
 0.220,0.250,0.250,0.240,0.140,0.530,0.190,0.210,0.080,0.040,0.090,0.300,
 0.150,0.370,0.090,0.150,0.440,0.560,0.470,0.040,0.520,0.130,0.160,0.240,
 0.560,0.170,0.320,0.140,0.070,0.020,0.240,0.070,0.280,0.330,0.030,0.250,
 0.010,0.140,0.040,0.160,0.230,0.020,0.010,0.000,0.000,0.010,0.270,0.060,
 0.020,0.030,0.000,0.050,0.100,0.000,0.000,0.000,0.000,0.110,0.070,0.210,
 0.150,0.000,0.000,0.020]
Training Group Acc: [0.653,0.000,0.000]
Epoch [27] Training Results: Prec@1 65.776 Prec@5 80.822 Loss 1.80007
Epoch [27] Training Class Recall: [0.587,0.564,0.319,0.293,0.266,0.429,0.422,0.448,0.525,0.498,0.321,0.256,
 0.511,0.483,0.378,0.430,0.434,0.590,0.450,0.459,0.212,0.636,0.363,0.665,
 0.348,0.457,0.403,0.532,0.660,0.543,0.632,0.519,0.520,0.664,0.575,0.572,
 0.666,0.595,0.561,0.570,0.652,0.679,0.644,0.683,0.586,0.603,0.639,0.698,
 0.662,0.759,0.671,0.720,0.746,0.718,0.742,0.692,0.765,0.735,0.762,0.751,
 0.823,0.758,0.776,0.777,0.746,0.752,0.810,0.676,0.816,0.795,0.762,0.835,
 0.784,0.581,0.826,0.823,0.825,0.812,0.806,0.840,0.804,0.771,0.841,0.786,
 0.830,0.800,0.815,0.830,0.808,0.841,0.873,0.858,0.714,0.851,0.846,0.838,
 0.869,0.848,0.771,0.856]
Testing Group Acc: [0.214,0.000,0.000]
Epoch [27] Testing Results: Prec@1 21.410 Prec@5 44.000 Loss 3.98950
Epoch [27] Testing Class Recall: [0.440,0.560,0.540,0.540,0.490,0.570,0.690,0.430,0.730,0.330,0.230,0.210,
 0.380,0.170,0.180,0.160,0.350,0.410,0.360,0.080,0.200,0.170,0.290,0.620,
 0.390,0.070,0.210,0.040,0.410,0.340,0.530,0.050,0.290,0.180,0.190,0.050,
 0.310,0.080,0.140,0.380,0.160,0.410,0.330,0.180,0.080,0.070,0.080,0.160,
 0.030,0.270,0.030,0.230,0.760,0.470,0.350,0.000,0.420,0.210,0.060,0.100,
 0.380,0.270,0.310,0.130,0.070,0.000,0.140,0.040,0.240,0.310,0.160,0.300,
 0.020,0.100,0.080,0.200,0.380,0.080,0.020,0.010,0.010,0.000,0.380,0.100,
 0.020,0.030,0.000,0.030,0.070,0.020,0.010,0.000,0.000,0.010,0.220,0.040,
 0.000,0.000,0.000,0.040]
Training Group Acc: [0.658,0.000,0.000]
Epoch [28] Training Results: Prec@1 66.267 Prec@5 80.958 Loss 1.78090
Epoch [28] Training Class Recall: [0.599,0.573,0.366,0.339,0.241,0.466,0.450,0.467,0.527,0.490,0.355,0.261,
 0.501,0.561,0.397,0.424,0.480,0.620,0.482,0.444,0.252,0.624,0.319,0.641,
 0.405,0.472,0.435,0.520,0.668,0.543,0.641,0.530,0.539,0.623,0.592,0.568,
 0.668,0.597,0.573,0.588,0.638,0.659,0.673,0.711,0.616,0.620,0.641,0.734,
 0.642,0.774,0.667,0.737,0.761,0.669,0.740,0.700,0.746,0.732,0.769,0.779,
 0.829,0.758,0.771,0.779,0.737,0.721,0.803,0.698,0.825,0.818,0.732,0.829,
 0.796,0.527,0.833,0.825,0.823,0.816,0.776,0.840,0.846,0.782,0.829,0.765,
 0.834,0.812,0.804,0.837,0.794,0.848,0.868,0.856,0.711,0.847,0.839,0.838,
 0.875,0.852,0.749,0.841]
Testing Group Acc: [0.204,0.000,0.000]
Epoch [28] Testing Results: Prec@1 20.390 Prec@5 43.640 Loss 4.20990
Epoch [28] Testing Class Recall: [0.400,0.820,0.120,0.310,0.140,0.430,0.680,0.490,0.350,0.330,0.040,0.280,
 0.400,0.400,0.370,0.380,0.610,0.510,0.330,0.450,0.250,0.360,0.340,0.390,
 0.470,0.170,0.220,0.100,0.190,0.060,0.430,0.300,0.140,0.440,0.270,0.110,
 0.230,0.220,0.160,0.260,0.040,0.490,0.040,0.200,0.050,0.040,0.030,0.270,
 0.570,0.380,0.050,0.290,0.480,0.170,0.160,0.090,0.190,0.120,0.260,0.210,
 0.490,0.140,0.260,0.100,0.020,0.010,0.090,0.050,0.170,0.410,0.200,0.170,
 0.060,0.170,0.040,0.260,0.050,0.000,0.000,0.010,0.000,0.020,0.020,0.020,
 0.030,0.160,0.000,0.030,0.090,0.000,0.000,0.020,0.000,0.010,0.060,0.120,
 0.030,0.000,0.000,0.000]
Training Group Acc: [0.661,0.000,0.000]
Epoch [29] Training Results: Prec@1 66.571 Prec@5 81.238 Loss 1.76343
Epoch [29] Training Class Recall: [0.579,0.560,0.338,0.297,0.313,0.429,0.438,0.469,0.517,0.500,0.351,0.287,
 0.541,0.540,0.397,0.410,0.465,0.606,0.466,0.448,0.238,0.642,0.331,0.633,
 0.370,0.470,0.424,0.574,0.653,0.560,0.673,0.560,0.548,0.616,0.577,0.592,
 0.674,0.615,0.587,0.599,0.672,0.657,0.654,0.701,0.608,0.597,0.641,0.702,
 0.667,0.755,0.671,0.751,0.746,0.695,0.742,0.731,0.763,0.741,0.790,0.783,
 0.812,0.777,0.778,0.769,0.751,0.762,0.810,0.698,0.829,0.820,0.759,0.829,
 0.804,0.602,0.826,0.810,0.825,0.840,0.786,0.840,0.831,0.771,0.831,0.747,
 0.847,0.804,0.830,0.826,0.798,0.841,0.868,0.865,0.724,0.845,0.843,0.846,
 0.871,0.852,0.749,0.851]
Testing Group Acc: [0.204,0.000,0.000]
Epoch [29] Testing Results: Prec@1 20.390 Prec@5 43.510 Loss 4.01717
Epoch [29] Testing Class Recall: [0.630,0.750,0.510,0.170,0.110,0.640,0.360,0.450,0.620,0.330,0.110,0.070,
 0.470,0.480,0.510,0.350,0.350,0.440,0.160,0.370,0.240,0.230,0.170,0.510,
 0.750,0.030,0.230,0.180,0.330,0.190,0.550,0.100,0.150,0.300,0.090,0.220,
 0.080,0.070,0.210,0.410,0.180,0.270,0.010,0.120,0.040,0.170,0.150,0.370,
 0.230,0.130,0.040,0.280,0.610,0.660,0.150,0.030,0.250,0.110,0.510,0.090,
 0.360,0.100,0.140,0.110,0.000,0.000,0.070,0.040,0.200,0.360,0.270,0.280,
 0.040,0.110,0.040,0.100,0.130,0.020,0.000,0.090,0.010,0.010,0.050,0.040,
 0.010,0.040,0.010,0.030,0.020,0.000,0.010,0.020,0.000,0.010,0.190,0.040,
 0.080,0.010,0.020,0.010]
Training Group Acc: [0.665,0.000,0.000]
Epoch [30] Training Results: Prec@1 66.940 Prec@5 81.284 Loss 1.75064
Epoch [30] Training Class Recall: [0.615,0.548,0.343,0.320,0.272,0.448,0.429,0.452,0.544,0.525,0.349,0.244,
 0.525,0.529,0.404,0.465,0.471,0.586,0.460,0.484,0.265,0.652,0.370,0.655,
 0.414,0.495,0.405,0.568,0.700,0.591,0.662,0.553,0.537,0.625,0.579,0.596,
 0.693,0.611,0.573,0.597,0.674,0.681,0.692,0.711,0.600,0.597,0.651,0.742,
 0.679,0.772,0.678,0.753,0.757,0.705,0.721,0.725,0.755,0.749,0.776,0.753,
 0.816,0.801,0.780,0.773,0.742,0.743,0.820,0.695,0.823,0.808,0.732,0.833,
 0.804,0.539,0.826,0.823,0.827,0.832,0.794,0.853,0.833,0.791,0.834,0.789,
 0.843,0.816,0.833,0.837,0.808,0.848,0.858,0.863,0.717,0.841,0.848,0.842,
 0.873,0.852,0.768,0.844]
Testing Group Acc: [0.212,0.000,0.000]
Epoch [30] Testing Results: Prec@1 21.210 Prec@5 43.560 Loss 4.05052
Epoch [30] Testing Class Recall: [0.600,0.790,0.390,0.370,0.360,0.160,0.590,0.570,0.520,0.380,0.220,0.060,
 0.220,0.480,0.300,0.460,0.360,0.630,0.420,0.300,0.070,0.430,0.170,0.560,
 0.500,0.050,0.290,0.100,0.390,0.200,0.380,0.280,0.210,0.240,0.150,0.060,
 0.150,0.210,0.190,0.530,0.220,0.500,0.040,0.020,0.050,0.060,0.150,0.300,
 0.450,0.350,0.030,0.170,0.780,0.290,0.140,0.010,0.220,0.070,0.130,0.100,
 0.540,0.140,0.290,0.150,0.000,0.010,0.100,0.030,0.240,0.410,0.220,0.200,
 0.040,0.060,0.010,0.110,0.360,0.010,0.010,0.000,0.040,0.000,0.120,0.020,
 0.040,0.060,0.020,0.030,0.050,0.020,0.000,0.000,0.000,0.030,0.170,0.160,
 0.090,0.000,0.000,0.010]
Training Group Acc: [0.667,0.000,0.000]
Epoch [31] Training Results: Prec@1 67.136 Prec@5 81.449 Loss 1.74653
Epoch [31] Training Class Recall: [0.602,0.567,0.332,0.322,0.266,0.422,0.435,0.467,0.530,0.502,0.340,0.287,
 0.519,0.547,0.457,0.445,0.513,0.594,0.482,0.463,0.285,0.646,0.378,0.677,
 0.405,0.501,0.422,0.578,0.683,0.582,0.667,0.544,0.563,0.610,0.573,0.618,
 0.691,0.609,0.593,0.612,0.670,0.681,0.671,0.726,0.616,0.620,0.641,0.728,
 0.684,0.786,0.669,0.751,0.779,0.726,0.738,0.713,0.769,0.726,0.783,0.783,
 0.831,0.766,0.771,0.777,0.762,0.747,0.812,0.702,0.829,0.803,0.751,0.831,
 0.802,0.585,0.822,0.810,0.827,0.827,0.792,0.840,0.846,0.797,0.836,0.757,
 0.845,0.816,0.817,0.822,0.820,0.837,0.856,0.854,0.714,0.855,0.843,0.836,
 0.873,0.825,0.755,0.837]
Testing Group Acc: [0.209,0.000,0.000]
Epoch [31] Testing Results: Prec@1 20.880 Prec@5 42.570 Loss 4.16799
Epoch [31] Testing Class Recall: [0.590,0.670,0.260,0.480,0.370,0.480,0.600,0.470,0.690,0.460,0.240,0.300,
 0.360,0.420,0.310,0.420,0.300,0.350,0.480,0.290,0.160,0.480,0.220,0.360,
 0.290,0.110,0.110,0.220,0.250,0.320,0.290,0.070,0.150,0.270,0.140,0.080,
 0.270,0.090,0.170,0.160,0.140,0.150,0.140,0.260,0.000,0.090,0.180,0.210,
 0.080,0.440,0.090,0.160,0.770,0.310,0.520,0.010,0.450,0.110,0.050,0.290,
 0.600,0.180,0.300,0.100,0.010,0.020,0.000,0.120,0.480,0.350,0.100,0.320,
 0.000,0.110,0.050,0.020,0.380,0.040,0.020,0.010,0.000,0.000,0.070,0.030,
 0.010,0.010,0.020,0.030,0.030,0.050,0.000,0.030,0.000,0.040,0.050,0.080,
 0.000,0.000,0.000,0.020]
Training Group Acc: [0.667,0.000,0.000]
Epoch [32] Training Results: Prec@1 67.089 Prec@5 81.473 Loss 1.74554
Epoch [32] Training Class Recall: [0.602,0.573,0.368,0.374,0.262,0.476,0.431,0.469,0.515,0.520,0.332,0.258,
 0.523,0.536,0.374,0.465,0.463,0.566,0.474,0.455,0.258,0.650,0.402,0.659,
 0.414,0.509,0.420,0.544,0.696,0.585,0.675,0.526,0.537,0.623,0.617,0.602,
 0.658,0.613,0.597,0.597,0.674,0.651,0.675,0.717,0.612,0.684,0.667,0.732,
 0.662,0.770,0.684,0.759,0.765,0.713,0.753,0.731,0.763,0.732,0.769,0.790,
 0.812,0.731,0.773,0.783,0.762,0.749,0.814,0.687,0.812,0.816,0.753,0.825,
 0.806,0.593,0.831,0.814,0.819,0.823,0.780,0.849,0.843,0.788,0.836,0.762,
 0.849,0.806,0.808,0.834,0.816,0.843,0.853,0.856,0.717,0.851,0.843,0.836,
 0.879,0.855,0.768,0.859]
Testing Group Acc: [0.194,0.000,0.000]
Epoch [32] Testing Results: Prec@1 19.390 Prec@5 41.360 Loss 4.56551
Epoch [32] Testing Class Recall: [0.350,0.830,0.280,0.200,0.360,0.690,0.480,0.450,0.350,0.630,0.350,0.180,
 0.600,0.570,0.300,0.200,0.540,0.470,0.150,0.280,0.360,0.220,0.400,0.580,
 0.310,0.250,0.630,0.100,0.340,0.190,0.260,0.100,0.100,0.270,0.040,0.060,
 0.270,0.100,0.070,0.280,0.070,0.320,0.130,0.170,0.100,0.060,0.020,0.430,
 0.060,0.240,0.030,0.080,0.530,0.340,0.160,0.010,0.160,0.180,0.020,0.210,
 0.460,0.130,0.150,0.160,0.000,0.050,0.000,0.070,0.120,0.450,0.090,0.350,
 0.000,0.290,0.030,0.030,0.150,0.020,0.000,0.010,0.000,0.000,0.080,0.000,
 0.000,0.030,0.000,0.020,0.030,0.000,0.000,0.040,0.010,0.030,0.020,0.050,
 0.000,0.000,0.000,0.010]
Training Group Acc: [0.670,0.000,0.000]
Epoch [33] Training Results: Prec@1 67.469 Prec@5 81.718 Loss 1.72927
Epoch [33] Training Class Recall: [0.607,0.553,0.377,0.341,0.284,0.466,0.438,0.478,0.508,0.515,0.389,0.270,
 0.557,0.531,0.450,0.419,0.515,0.600,0.488,0.497,0.272,0.675,0.388,0.655,
 0.427,0.514,0.447,0.574,0.704,0.598,0.677,0.582,0.533,0.631,0.613,0.582,
 0.679,0.628,0.591,0.641,0.622,0.634,0.673,0.724,0.637,0.646,0.660,0.746,
 0.669,0.789,0.671,0.753,0.763,0.687,0.753,0.738,0.763,0.741,0.776,0.777,
 0.825,0.793,0.778,0.771,0.746,0.762,0.795,0.687,0.821,0.816,0.768,0.833,
 0.788,0.593,0.839,0.821,0.817,0.821,0.790,0.843,0.837,0.756,0.826,0.768,
 0.843,0.812,0.804,0.826,0.798,0.843,0.853,0.852,0.717,0.851,0.848,0.838,
 0.875,0.852,0.768,0.839]
Testing Group Acc: [0.209,0.000,0.000]
Epoch [33] Testing Results: Prec@1 20.930 Prec@5 42.780 Loss 4.45289
Epoch [33] Testing Class Recall: [0.250,0.470,0.320,0.660,0.470,0.450,0.470,0.420,0.520,0.360,0.140,0.140,
 0.390,0.660,0.310,0.480,0.390,0.790,0.170,0.210,0.300,0.490,0.290,0.470,
 0.400,0.150,0.050,0.150,0.120,0.390,0.520,0.240,0.130,0.460,0.300,0.290,
 0.150,0.300,0.230,0.300,0.190,0.410,0.200,0.330,0.030,0.060,0.100,0.160,
 0.260,0.230,0.040,0.080,0.860,0.490,0.190,0.000,0.080,0.100,0.060,0.080,
 0.720,0.150,0.200,0.060,0.020,0.000,0.030,0.010,0.180,0.200,0.140,0.260,
 0.000,0.030,0.000,0.140,0.290,0.010,0.000,0.010,0.000,0.000,0.250,0.010,
 0.000,0.040,0.000,0.000,0.090,0.000,0.030,0.010,0.000,0.010,0.120,0.110,
 0.050,0.010,0.000,0.000]
Training Group Acc: [0.671,0.000,0.000]
Epoch [34] Training Results: Prec@1 67.509 Prec@5 81.738 Loss 1.72490
Epoch [34] Training Class Recall: [0.617,0.587,0.368,0.378,0.325,0.470,0.414,0.482,0.521,0.512,0.389,0.275,
 0.523,0.547,0.408,0.417,0.469,0.618,0.478,0.440,0.258,0.652,0.412,0.687,
 0.419,0.537,0.451,0.560,0.696,0.602,0.697,0.553,0.531,0.638,0.588,0.634,
 0.681,0.649,0.603,0.597,0.661,0.687,0.683,0.709,0.623,0.629,0.651,0.728,
 0.674,0.765,0.680,0.730,0.748,0.703,0.764,0.717,0.755,0.729,0.783,0.740,
 0.821,0.755,0.778,0.767,0.739,0.784,0.820,0.695,0.835,0.805,0.751,0.835,
 0.804,0.622,0.839,0.827,0.827,0.834,0.782,0.855,0.831,0.791,0.841,0.747,
 0.832,0.800,0.812,0.826,0.812,0.850,0.866,0.861,0.717,0.855,0.846,0.840,
 0.869,0.857,0.768,0.849]
Testing Group Acc: [0.195,0.000,0.000]
Epoch [34] Testing Results: Prec@1 19.480 Prec@5 42.610 Loss 4.30892
Epoch [34] Testing Class Recall: [0.460,0.640,0.290,0.300,0.140,0.110,0.450,0.400,0.390,0.420,0.570,0.190,
 0.420,0.830,0.090,0.410,0.200,0.580,0.350,0.230,0.050,0.800,0.050,0.590,
 0.240,0.160,0.220,0.090,0.330,0.200,0.400,0.050,0.050,0.410,0.060,0.200,
 0.070,0.050,0.070,0.310,0.160,0.310,0.050,0.000,0.010,0.100,0.190,0.300,
 0.120,0.300,0.050,0.130,0.660,0.520,0.610,0.080,0.190,0.070,0.040,0.170,
 0.450,0.080,0.180,0.210,0.010,0.000,0.000,0.020,0.180,0.500,0.070,0.270,
 0.050,0.180,0.050,0.220,0.170,0.030,0.010,0.000,0.000,0.000,0.220,0.020,
 0.010,0.040,0.010,0.060,0.030,0.040,0.020,0.050,0.010,0.000,0.180,0.100,
 0.080,0.000,0.000,0.000]
Training Group Acc: [0.670,0.000,0.000]
Epoch [35] Training Results: Prec@1 67.507 Prec@5 81.800 Loss 1.72324
Epoch [35] Training Class Recall: [0.622,0.562,0.374,0.312,0.290,0.463,0.459,0.495,0.523,0.510,0.361,0.256,
 0.551,0.531,0.419,0.461,0.493,0.618,0.476,0.469,0.238,0.656,0.378,0.667,
 0.410,0.512,0.445,0.576,0.670,0.567,0.658,0.587,0.548,0.644,0.569,0.626,
 0.689,0.630,0.579,0.606,0.665,0.676,0.673,0.689,0.639,0.670,0.684,0.732,
 0.679,0.786,0.684,0.766,0.779,0.729,0.762,0.725,0.753,0.732,0.797,0.770,
 0.808,0.774,0.787,0.775,0.739,0.764,0.799,0.714,0.829,0.812,0.759,0.827,
 0.823,0.552,0.837,0.814,0.827,0.825,0.794,0.834,0.829,0.788,0.836,0.760,
 0.839,0.812,0.826,0.826,0.810,0.856,0.873,0.852,0.702,0.851,0.843,0.840,
 0.871,0.852,0.746,0.844]
Testing Group Acc: [0.207,0.000,0.000]
Epoch [35] Testing Results: Prec@1 20.670 Prec@5 42.560 Loss 4.24901
Epoch [35] Testing Class Recall: [0.560,0.630,0.120,0.530,0.140,0.510,0.550,0.520,0.330,0.700,0.230,0.190,
 0.570,0.470,0.400,0.100,0.420,0.680,0.530,0.340,0.210,0.280,0.260,0.500,
 0.200,0.300,0.050,0.040,0.400,0.120,0.330,0.160,0.220,0.650,0.200,0.180,
 0.170,0.150,0.050,0.220,0.050,0.200,0.010,0.210,0.080,0.050,0.110,0.500,
 0.090,0.200,0.020,0.100,0.530,0.310,0.320,0.020,0.420,0.040,0.060,0.180,
 0.570,0.080,0.220,0.170,0.020,0.130,0.020,0.050,0.300,0.230,0.150,0.290,
 0.030,0.140,0.050,0.000,0.420,0.100,0.030,0.010,0.030,0.000,0.150,0.010,
 0.010,0.130,0.020,0.020,0.000,0.000,0.000,0.000,0.000,0.170,0.360,0.020,
 0.020,0.000,0.000,0.010]
Training Group Acc: [0.672,0.000,0.000]
Epoch [36] Training Results: Prec@1 67.660 Prec@5 81.818 Loss 1.72052
Epoch [36] Training Class Recall: [0.633,0.546,0.355,0.343,0.288,0.440,0.420,0.465,0.538,0.525,0.429,0.270,
 0.547,0.531,0.425,0.463,0.471,0.600,0.474,0.497,0.265,0.630,0.402,0.651,
 0.436,0.528,0.439,0.560,0.670,0.600,0.669,0.548,0.570,0.672,0.600,0.604,
 0.679,0.655,0.603,0.601,0.679,0.690,0.688,0.713,0.623,0.646,0.658,0.698,
 0.694,0.776,0.688,0.757,0.775,0.685,0.742,0.688,0.767,0.749,0.762,0.777,
 0.825,0.769,0.782,0.800,0.764,0.780,0.822,0.687,0.841,0.837,0.762,0.835,
 0.802,0.548,0.847,0.808,0.835,0.836,0.804,0.849,0.837,0.788,0.816,0.765,
 0.843,0.816,0.817,0.837,0.796,0.854,0.878,0.852,0.717,0.857,0.843,0.842,
 0.871,0.850,0.752,0.851]
Testing Group Acc: [0.213,0.000,0.000]
Epoch [36] Testing Results: Prec@1 21.310 Prec@5 42.260 Loss 4.36203
Epoch [36] Testing Class Recall: [0.660,0.620,0.480,0.520,0.160,0.370,0.770,0.420,0.590,0.320,0.370,0.300,
 0.330,0.540,0.520,0.150,0.500,0.600,0.410,0.340,0.190,0.430,0.210,0.410,
 0.600,0.270,0.150,0.170,0.300,0.220,0.320,0.120,0.230,0.320,0.050,0.000,
 0.280,0.350,0.050,0.350,0.110,0.160,0.290,0.240,0.250,0.070,0.130,0.500,
 0.040,0.120,0.030,0.080,0.600,0.470,0.110,0.000,0.410,0.120,0.050,0.180,
 0.460,0.010,0.280,0.120,0.020,0.010,0.020,0.050,0.350,0.340,0.130,0.320,
 0.000,0.110,0.000,0.190,0.280,0.000,0.020,0.010,0.040,0.000,0.310,0.030,
 0.020,0.030,0.000,0.000,0.010,0.000,0.000,0.000,0.000,0.020,0.060,0.100,
 0.000,0.010,0.000,0.010]
Training Group Acc: [0.673,0.000,0.000]
Epoch [37] Training Results: Prec@1 67.696 Prec@5 81.820 Loss 1.71592
Epoch [37] Training Class Recall: [0.605,0.587,0.374,0.335,0.333,0.487,0.438,0.490,0.538,0.532,0.403,0.273,
 0.533,0.543,0.419,0.461,0.487,0.612,0.486,0.480,0.331,0.669,0.422,0.651,
 0.405,0.530,0.430,0.548,0.685,0.589,0.658,0.555,0.546,0.634,0.621,0.604,
 0.679,0.607,0.605,0.599,0.679,0.684,0.690,0.748,0.635,0.650,0.655,0.740,
 0.669,0.782,0.665,0.747,0.767,0.708,0.747,0.723,0.755,0.718,0.769,0.759,
 0.825,0.761,0.789,0.785,0.762,0.752,0.805,0.702,0.823,0.820,0.768,0.829,
 0.796,0.573,0.841,0.814,0.819,0.834,0.784,0.865,0.831,0.797,0.826,0.760,
 0.849,0.802,0.806,0.832,0.804,0.846,0.866,0.863,0.702,0.851,0.848,0.842,
 0.871,0.859,0.771,0.844]
Testing Group Acc: [0.208,0.000,0.000]
Epoch [37] Testing Results: Prec@1 20.760 Prec@5 42.550 Loss 4.29799
Epoch [37] Testing Class Recall: [0.510,0.540,0.600,0.290,0.330,0.410,0.590,0.560,0.730,0.550,0.520,0.240,
 0.150,0.620,0.470,0.370,0.380,0.540,0.320,0.230,0.170,0.460,0.100,0.380,
 0.470,0.120,0.240,0.200,0.340,0.200,0.610,0.120,0.180,0.260,0.040,0.200,
 0.100,0.290,0.040,0.290,0.140,0.100,0.030,0.040,0.050,0.180,0.070,0.250,
 0.200,0.230,0.050,0.170,0.530,0.240,0.340,0.050,0.540,0.220,0.200,0.020,
 0.510,0.090,0.330,0.040,0.010,0.020,0.110,0.030,0.220,0.170,0.240,0.280,
 0.010,0.030,0.040,0.190,0.270,0.010,0.020,0.000,0.030,0.000,0.300,0.070,
 0.020,0.030,0.000,0.040,0.020,0.000,0.020,0.000,0.000,0.010,0.060,0.020,
 0.020,0.000,0.000,0.090]
Training Group Acc: [0.677,0.000,0.000]
Epoch [38] Training Results: Prec@1 68.138 Prec@5 82.071 Loss 1.70551
Epoch [38] Training Class Recall: [0.622,0.594,0.347,0.364,0.286,0.515,0.476,0.495,0.546,0.530,0.418,0.310,
 0.541,0.566,0.448,0.428,0.509,0.643,0.494,0.463,0.285,0.673,0.385,0.657,
 0.414,0.522,0.473,0.596,0.707,0.591,0.673,0.557,0.576,0.653,0.609,0.618,
 0.681,0.634,0.635,0.597,0.654,0.670,0.696,0.703,0.610,0.629,0.648,0.700,
 0.672,0.765,0.696,0.734,0.771,0.721,0.721,0.744,0.759,0.726,0.783,0.772,
 0.835,0.777,0.796,0.800,0.726,0.756,0.816,0.702,0.835,0.822,0.772,0.851,
 0.812,0.598,0.837,0.816,0.835,0.838,0.790,0.849,0.839,0.791,0.829,0.781,
 0.837,0.795,0.806,0.832,0.810,0.858,0.884,0.863,0.711,0.859,0.846,0.846,
 0.867,0.855,0.768,0.861]
Testing Group Acc: [0.225,0.000,0.000]
Epoch [38] Testing Results: Prec@1 22.460 Prec@5 45.600 Loss 3.98654
Epoch [38] Testing Class Recall: [0.300,0.350,0.250,0.130,0.140,0.500,0.490,0.500,0.300,0.420,0.530,0.060,
 0.550,0.440,0.190,0.410,0.290,0.580,0.580,0.200,0.120,0.490,0.200,0.670,
 0.350,0.170,0.140,0.070,0.590,0.240,0.590,0.260,0.290,0.300,0.120,0.230,
 0.450,0.140,0.240,0.470,0.150,0.350,0.100,0.060,0.170,0.120,0.180,0.490,
 0.320,0.520,0.030,0.170,0.610,0.460,0.330,0.010,0.470,0.300,0.350,0.110,
 0.550,0.150,0.260,0.160,0.010,0.000,0.080,0.030,0.240,0.210,0.210,0.300,
 0.070,0.210,0.030,0.080,0.190,0.010,0.030,0.020,0.140,0.000,0.160,0.110,
 0.020,0.110,0.020,0.050,0.000,0.010,0.050,0.050,0.000,0.010,0.130,0.080,
 0.000,0.030,0.000,0.010]
Training Group Acc: [0.677,0.000,0.000]
Epoch [39] Training Results: Prec@1 68.062 Prec@5 82.118 Loss 1.69996
Epoch [39] Training Class Recall: [0.605,0.594,0.387,0.333,0.288,0.506,0.442,0.507,0.538,0.557,0.389,0.273,
 0.507,0.564,0.444,0.485,0.511,0.602,0.510,0.459,0.258,0.640,0.437,0.665,
 0.463,0.532,0.458,0.564,0.694,0.580,0.703,0.546,0.592,0.627,0.573,0.628,
 0.670,0.651,0.637,0.645,0.654,0.681,0.692,0.697,0.602,0.625,0.677,0.726,
 0.649,0.776,0.680,0.745,0.783,0.718,0.758,0.729,0.771,0.741,0.792,0.772,
 0.831,0.787,0.791,0.775,0.775,0.758,0.810,0.687,0.829,0.812,0.755,0.833,
 0.808,0.593,0.837,0.816,0.831,0.829,0.788,0.857,0.841,0.811,0.829,0.783,
 0.832,0.814,0.821,0.832,0.804,0.850,0.866,0.863,0.711,0.853,0.843,0.834,
 0.875,0.848,0.762,0.849]
Testing Group Acc: [0.211,0.000,0.000]
Epoch [39] Testing Results: Prec@1 21.110 Prec@5 43.040 Loss 4.36061
Epoch [39] Testing Class Recall: [0.490,0.720,0.370,0.340,0.320,0.230,0.670,0.650,0.550,0.290,0.200,0.150,
 0.660,0.500,0.310,0.300,0.130,0.640,0.240,0.340,0.080,0.620,0.090,0.540,
 0.420,0.130,0.150,0.180,0.420,0.300,0.220,0.140,0.250,0.590,0.060,0.010,
 0.150,0.120,0.080,0.330,0.100,0.180,0.130,0.010,0.050,0.220,0.250,0.490,
 0.070,0.290,0.120,0.120,0.670,0.510,0.370,0.010,0.480,0.080,0.060,0.170,
 0.640,0.140,0.270,0.120,0.000,0.010,0.010,0.040,0.360,0.310,0.180,0.250,
 0.070,0.080,0.030,0.000,0.430,0.030,0.020,0.060,0.000,0.000,0.220,0.100,
 0.020,0.100,0.000,0.000,0.080,0.000,0.000,0.000,0.000,0.080,0.040,0.030,
 0.010,0.000,0.000,0.020]
Training Group Acc: [0.679,0.000,0.000]
Epoch [40] Training Results: Prec@1 68.331 Prec@5 82.187 Loss 1.69000
Epoch [40] Training Class Recall: [0.615,0.555,0.398,0.318,0.319,0.487,0.478,0.510,0.549,0.505,0.401,0.301,
 0.541,0.587,0.433,0.428,0.500,0.631,0.498,0.488,0.272,0.679,0.425,0.689,
 0.414,0.560,0.464,0.562,0.696,0.615,0.692,0.562,0.566,0.683,0.609,0.596,
 0.689,0.615,0.619,0.619,0.690,0.657,0.683,0.724,0.641,0.644,0.696,0.750,
 0.669,0.772,0.696,0.776,0.771,0.726,0.751,0.731,0.763,0.732,0.792,0.764,
 0.829,0.785,0.794,0.787,0.746,0.735,0.822,0.714,0.835,0.799,0.764,0.829,
 0.802,0.589,0.837,0.821,0.835,0.812,0.808,0.857,0.829,0.808,0.824,0.765,
 0.843,0.802,0.821,0.826,0.810,0.846,0.858,0.869,0.721,0.845,0.852,0.842,
 0.873,0.855,0.755,0.846]
Testing Group Acc: [0.228,0.000,0.000]
Epoch [40] Testing Results: Prec@1 22.810 Prec@5 45.440 Loss 4.00802
Epoch [40] Testing Class Recall: [0.700,0.550,0.460,0.100,0.360,0.240,0.600,0.550,0.690,0.350,0.330,0.140,
 0.510,0.580,0.300,0.340,0.590,0.510,0.260,0.220,0.140,0.550,0.340,0.490,
 0.530,0.110,0.160,0.140,0.520,0.220,0.480,0.310,0.220,0.400,0.120,0.240,
 0.240,0.330,0.080,0.500,0.260,0.270,0.150,0.230,0.060,0.000,0.240,0.400,
 0.210,0.470,0.020,0.120,0.600,0.310,0.450,0.030,0.380,0.130,0.020,0.120,
 0.710,0.080,0.290,0.070,0.010,0.020,0.040,0.100,0.260,0.070,0.250,0.210,
 0.100,0.110,0.050,0.370,0.370,0.020,0.020,0.010,0.000,0.000,0.160,0.030,
 0.000,0.050,0.000,0.020,0.180,0.010,0.000,0.000,0.000,0.050,0.030,0.080,
 0.050,0.000,0.010,0.010]
Training Group Acc: [0.681,0.000,0.000]
Epoch [41] Training Results: Prec@1 68.496 Prec@5 82.167 Loss 1.68775
Epoch [41] Training Class Recall: [0.620,0.571,0.391,0.358,0.276,0.496,0.442,0.499,0.530,0.525,0.378,0.282,
 0.543,0.552,0.452,0.502,0.478,0.610,0.502,0.497,0.305,0.658,0.412,0.679,
 0.410,0.518,0.485,0.586,0.681,0.591,0.673,0.573,0.603,0.670,0.600,0.638,
 0.664,0.634,0.631,0.626,0.681,0.706,0.704,0.744,0.660,0.644,0.684,0.746,
 0.647,0.778,0.671,0.749,0.761,0.729,0.779,0.752,0.757,0.764,0.795,0.792,
 0.827,0.795,0.787,0.789,0.766,0.768,0.812,0.733,0.831,0.814,0.774,0.837,
 0.804,0.577,0.851,0.827,0.807,0.836,0.796,0.853,0.848,0.782,0.834,0.778,
 0.849,0.804,0.824,0.832,0.800,0.848,0.884,0.843,0.692,0.865,0.850,0.842,
 0.869,0.850,0.762,0.856]
Testing Group Acc: [0.210,0.000,0.000]
Epoch [41] Testing Results: Prec@1 20.950 Prec@5 42.470 Loss 4.46732
Epoch [41] Testing Class Recall: [0.700,0.530,0.320,0.470,0.140,0.440,0.650,0.320,0.670,0.640,0.430,0.390,
 0.500,0.590,0.300,0.120,0.320,0.460,0.440,0.210,0.370,0.280,0.280,0.610,
 0.580,0.240,0.520,0.040,0.420,0.260,0.290,0.080,0.140,0.380,0.120,0.020,
 0.150,0.070,0.050,0.420,0.090,0.290,0.170,0.290,0.030,0.220,0.180,0.310,
 0.190,0.300,0.020,0.110,0.420,0.370,0.330,0.000,0.250,0.130,0.000,0.150,
 0.330,0.050,0.330,0.150,0.000,0.050,0.100,0.010,0.280,0.280,0.120,0.260,
 0.010,0.010,0.000,0.080,0.280,0.000,0.000,0.020,0.010,0.000,0.170,0.020,
 0.010,0.040,0.000,0.030,0.120,0.000,0.000,0.000,0.000,0.000,0.170,0.040,
 0.130,0.010,0.000,0.030]
Training Group Acc: [0.680,0.000,0.000]
Epoch [42] Training Results: Prec@1 68.484 Prec@5 82.144 Loss 1.68164
Epoch [42] Training Class Recall: [0.597,0.569,0.381,0.343,0.313,0.511,0.450,0.514,0.582,0.549,0.395,0.315,
 0.543,0.564,0.455,0.467,0.498,0.618,0.496,0.474,0.258,0.667,0.427,0.683,
 0.419,0.549,0.456,0.580,0.715,0.618,0.690,0.548,0.568,0.664,0.615,0.604,
 0.704,0.657,0.613,0.637,0.665,0.701,0.694,0.728,0.631,0.650,0.648,0.726,
 0.682,0.776,0.696,0.766,0.763,0.726,0.730,0.721,0.765,0.726,0.785,0.787,
 0.827,0.785,0.782,0.779,0.751,0.752,0.812,0.710,0.821,0.825,0.741,0.837,
 0.808,0.614,0.855,0.821,0.833,0.844,0.800,0.838,0.835,0.791,0.826,0.783,
 0.856,0.808,0.821,0.828,0.816,0.843,0.868,0.867,0.721,0.861,0.841,0.842,
 0.875,0.845,0.755,0.859]
Testing Group Acc: [0.222,0.000,0.000]
Epoch [42] Testing Results: Prec@1 22.210 Prec@5 45.050 Loss 4.07963
Epoch [42] Testing Class Recall: [0.660,0.650,0.560,0.380,0.450,0.210,0.620,0.410,0.560,0.290,0.200,0.060,
 0.460,0.260,0.270,0.290,0.310,0.600,0.480,0.340,0.240,0.450,0.110,0.590,
 0.530,0.240,0.230,0.280,0.520,0.080,0.540,0.200,0.460,0.350,0.070,0.370,
 0.310,0.210,0.180,0.350,0.170,0.460,0.170,0.520,0.170,0.150,0.050,0.420,
 0.180,0.280,0.010,0.100,0.590,0.090,0.250,0.030,0.300,0.100,0.080,0.040,
 0.630,0.220,0.260,0.110,0.020,0.070,0.030,0.040,0.280,0.310,0.170,0.210,
 0.060,0.020,0.010,0.220,0.160,0.030,0.020,0.000,0.010,0.000,0.230,0.070,
 0.020,0.030,0.000,0.100,0.010,0.000,0.000,0.000,0.010,0.000,0.250,0.030,
 0.010,0.010,0.000,0.030]
Training Group Acc: [0.680,0.000,0.000]
Epoch [43] Training Results: Prec@1 68.478 Prec@5 82.224 Loss 1.68328
Epoch [43] Training Class Recall: [0.594,0.624,0.387,0.374,0.331,0.453,0.461,0.514,0.538,0.520,0.431,0.263,
 0.541,0.575,0.433,0.469,0.500,0.624,0.500,0.493,0.298,0.650,0.425,0.685,
 0.405,0.537,0.487,0.574,0.696,0.574,0.680,0.557,0.600,0.640,0.632,0.620,
 0.687,0.632,0.629,0.610,0.665,0.679,0.710,0.722,0.652,0.659,0.689,0.750,
 0.679,0.782,0.659,0.747,0.759,0.711,0.747,0.740,0.765,0.738,0.795,0.768,
 0.838,0.782,0.778,0.796,0.768,0.764,0.822,0.695,0.827,0.820,0.770,0.839,
 0.804,0.606,0.843,0.829,0.821,0.836,0.780,0.843,0.835,0.805,0.824,0.773,
 0.828,0.812,0.821,0.826,0.806,0.856,0.873,0.867,0.727,0.847,0.850,0.834,
 0.875,0.857,0.755,0.856]
Testing Group Acc: [0.222,0.000,0.000]
Epoch [43] Testing Results: Prec@1 22.220 Prec@5 44.430 Loss 4.26411
Epoch [43] Testing Class Recall: [0.590,0.670,0.440,0.210,0.350,0.540,0.620,0.470,0.400,0.640,0.160,0.210,
 0.590,0.670,0.190,0.250,0.490,0.670,0.260,0.550,0.410,0.230,0.260,0.470,
 0.480,0.090,0.320,0.220,0.320,0.240,0.550,0.160,0.230,0.400,0.210,0.020,
 0.110,0.140,0.110,0.380,0.150,0.620,0.170,0.260,0.050,0.090,0.070,0.520,
 0.120,0.300,0.050,0.220,0.440,0.770,0.380,0.120,0.270,0.160,0.040,0.070,
 0.460,0.070,0.390,0.130,0.010,0.060,0.060,0.020,0.030,0.320,0.080,0.150,
 0.010,0.100,0.080,0.130,0.240,0.010,0.020,0.040,0.000,0.020,0.230,0.050,
 0.000,0.050,0.000,0.000,0.080,0.020,0.000,0.010,0.000,0.020,0.090,0.010,
 0.030,0.000,0.000,0.010]
Training Group Acc: [0.683,0.000,0.000]
Epoch [44] Training Results: Prec@1 68.753 Prec@5 82.507 Loss 1.66547
Epoch [44] Training Class Recall: [0.633,0.606,0.387,0.364,0.342,0.506,0.472,0.527,0.559,0.530,0.389,0.355,
 0.537,0.540,0.465,0.456,0.482,0.620,0.486,0.495,0.258,0.667,0.422,0.657,
 0.458,0.551,0.481,0.598,0.715,0.644,0.667,0.569,0.570,0.668,0.619,0.630,
 0.666,0.663,0.613,0.643,0.703,0.709,0.688,0.699,0.608,0.650,0.682,0.748,
 0.682,0.767,0.680,0.753,0.781,0.734,0.766,0.758,0.779,0.764,0.762,0.772,
 0.827,0.811,0.782,0.771,0.751,0.772,0.816,0.721,0.821,0.803,0.759,0.827,
 0.800,0.606,0.855,0.821,0.827,0.849,0.788,0.851,0.843,0.756,0.841,0.775,
 0.852,0.810,0.826,0.819,0.798,0.848,0.878,0.865,0.711,0.851,0.852,0.832,
 0.869,0.855,0.759,0.854]
Testing Group Acc: [0.200,0.000,0.000]
Epoch [44] Testing Results: Prec@1 20.000 Prec@5 41.220 Loss 4.46005
Epoch [44] Testing Class Recall: [0.700,0.330,0.250,0.420,0.190,0.300,0.720,0.230,0.530,0.300,0.210,0.230,
 0.580,0.280,0.500,0.270,0.550,0.620,0.620,0.410,0.120,0.420,0.290,0.520,
 0.550,0.180,0.110,0.250,0.470,0.060,0.540,0.160,0.060,0.290,0.160,0.070,
 0.060,0.150,0.240,0.140,0.090,0.260,0.150,0.440,0.030,0.020,0.240,0.370,
 0.200,0.260,0.060,0.280,0.300,0.450,0.150,0.050,0.120,0.200,0.030,0.150,
 0.420,0.040,0.170,0.060,0.000,0.000,0.010,0.020,0.250,0.230,0.190,0.410,
 0.070,0.080,0.020,0.030,0.320,0.030,0.020,0.020,0.070,0.000,0.120,0.000,
 0.000,0.090,0.010,0.060,0.070,0.000,0.000,0.010,0.000,0.020,0.110,0.040,
 0.060,0.010,0.000,0.010]
Training Group Acc: [0.680,0.000,0.000]
Epoch [45] Training Results: Prec@1 68.469 Prec@5 82.342 Loss 1.67604
Epoch [45] Training Class Recall: [0.635,0.583,0.409,0.358,0.317,0.487,0.463,0.480,0.549,0.530,0.410,0.301,
 0.545,0.557,0.471,0.472,0.491,0.618,0.514,0.510,0.285,0.636,0.437,0.691,
 0.370,0.528,0.494,0.568,0.692,0.635,0.703,0.580,0.570,0.640,0.628,0.604,
 0.683,0.663,0.633,0.619,0.665,0.698,0.702,0.736,0.635,0.652,0.696,0.726,
 0.677,0.770,0.680,0.732,0.767,0.726,0.777,0.738,0.748,0.709,0.771,0.777,
 0.812,0.779,0.780,0.800,0.764,0.752,0.824,0.698,0.837,0.825,0.743,0.827,
 0.794,0.577,0.851,0.810,0.835,0.825,0.798,0.832,0.816,0.791,0.826,0.786,
 0.828,0.804,0.817,0.832,0.822,0.846,0.868,0.867,0.702,0.855,0.839,0.846,
 0.873,0.859,0.774,0.854]
Testing Group Acc: [0.228,0.000,0.000]
Epoch [45] Testing Results: Prec@1 22.780 Prec@5 45.210 Loss 4.10478
Epoch [45] Testing Class Recall: [0.690,0.440,0.500,0.190,0.200,0.430,0.570,0.530,0.490,0.460,0.280,0.110,
 0.280,0.770,0.340,0.340,0.510,0.750,0.650,0.390,0.290,0.500,0.290,0.500,
 0.420,0.100,0.140,0.190,0.290,0.270,0.540,0.090,0.370,0.100,0.270,0.350,
 0.250,0.150,0.130,0.310,0.200,0.550,0.100,0.160,0.080,0.160,0.200,0.340,
 0.290,0.190,0.090,0.340,0.600,0.660,0.320,0.010,0.310,0.210,0.080,0.020,
 0.420,0.110,0.320,0.040,0.010,0.010,0.020,0.040,0.280,0.200,0.250,0.260,
 0.030,0.000,0.070,0.220,0.110,0.020,0.010,0.000,0.000,0.010,0.440,0.030,
 0.050,0.020,0.000,0.040,0.120,0.010,0.020,0.000,0.000,0.030,0.140,0.010,
 0.020,0.000,0.000,0.040]
Training Group Acc: [0.682,0.000,0.000]
Epoch [46] Training Results: Prec@1 68.620 Prec@5 82.487 Loss 1.66431
Epoch [46] Training Class Recall: [0.628,0.599,0.389,0.362,0.294,0.487,0.444,0.505,0.570,0.527,0.397,0.315,
 0.573,0.577,0.461,0.467,0.476,0.614,0.496,0.497,0.272,0.665,0.477,0.679,
 0.445,0.518,0.496,0.608,0.702,0.607,0.690,0.580,0.603,0.649,0.609,0.616,
 0.683,0.642,0.637,0.619,0.672,0.706,0.715,0.713,0.647,0.635,0.696,0.724,
 0.647,0.778,0.667,0.763,0.771,0.693,0.749,0.756,0.759,0.726,0.790,0.790,
 0.825,0.777,0.794,0.769,0.753,0.758,0.814,0.691,0.829,0.820,0.766,0.841,
 0.798,0.581,0.847,0.821,0.829,0.829,0.796,0.865,0.837,0.782,0.834,0.768,
 0.832,0.822,0.826,0.830,0.804,0.850,0.873,0.863,0.717,0.861,0.848,0.840,
 0.864,0.855,0.759,0.834]
Testing Group Acc: [0.233,0.000,0.000]
Epoch [46] Testing Results: Prec@1 23.320 Prec@5 45.090 Loss 4.12971
Epoch [46] Testing Class Recall: [0.850,0.590,0.670,0.480,0.390,0.290,0.400,0.590,0.420,0.380,0.400,0.240,
 0.570,0.290,0.180,0.230,0.270,0.610,0.550,0.320,0.320,0.450,0.190,0.400,
 0.640,0.210,0.150,0.050,0.430,0.160,0.460,0.150,0.100,0.300,0.090,0.210,
 0.130,0.410,0.110,0.410,0.150,0.430,0.040,0.190,0.220,0.020,0.090,0.260,
 0.160,0.490,0.070,0.130,0.410,0.590,0.360,0.040,0.320,0.260,0.100,0.170,
 0.460,0.120,0.320,0.120,0.000,0.020,0.070,0.030,0.360,0.140,0.300,0.600,
 0.010,0.220,0.060,0.140,0.420,0.090,0.010,0.040,0.010,0.000,0.240,0.030,
 0.020,0.110,0.010,0.040,0.040,0.010,0.000,0.000,0.000,0.020,0.360,0.060,
 0.150,0.020,0.000,0.080]
Training Group Acc: [0.685,0.000,0.000]
Epoch [47] Training Results: Prec@1 68.922 Prec@5 82.567 Loss 1.66584
Epoch [47] Training Class Recall: [0.620,0.576,0.419,0.364,0.339,0.496,0.463,0.499,0.589,0.522,0.418,0.310,
 0.571,0.552,0.465,0.454,0.496,0.625,0.514,0.484,0.298,0.683,0.435,0.691,
 0.414,0.524,0.470,0.580,0.726,0.604,0.688,0.575,0.590,0.655,0.628,0.630,
 0.670,0.661,0.641,0.639,0.679,0.706,0.673,0.722,0.660,0.646,0.701,0.734,
 0.687,0.789,0.698,0.757,0.775,0.749,0.758,0.744,0.763,0.741,0.807,0.772,
 0.840,0.774,0.800,0.798,0.748,0.776,0.810,0.691,0.827,0.810,0.751,0.843,
 0.806,0.568,0.841,0.816,0.827,0.842,0.802,0.853,0.835,0.782,0.836,0.778,
 0.826,0.812,0.819,0.837,0.810,0.854,0.861,0.865,0.714,0.855,0.850,0.834,
 0.873,0.848,0.771,0.841]
Testing Group Acc: [0.204,0.000,0.000]
Epoch [47] Testing Results: Prec@1 20.420 Prec@5 42.380 Loss 4.66111
Epoch [47] Testing Class Recall: [0.840,0.710,0.410,0.060,0.410,0.350,0.630,0.440,0.290,0.470,0.530,0.150,
 0.430,0.800,0.570,0.250,0.360,0.490,0.170,0.430,0.290,0.480,0.120,0.630,
 0.500,0.100,0.220,0.120,0.350,0.080,0.450,0.090,0.340,0.340,0.050,0.150,
 0.160,0.100,0.120,0.200,0.070,0.450,0.050,0.090,0.020,0.040,0.100,0.180,
 0.240,0.440,0.020,0.070,0.670,0.540,0.140,0.000,0.430,0.020,0.080,0.090,
 0.620,0.080,0.080,0.100,0.080,0.010,0.000,0.030,0.230,0.490,0.190,0.120,
 0.020,0.050,0.060,0.040,0.230,0.000,0.010,0.000,0.000,0.010,0.010,0.010,
 0.000,0.040,0.000,0.000,0.070,0.000,0.000,0.000,0.000,0.040,0.210,0.070,
 0.070,0.000,0.000,0.030]
Training Group Acc: [0.687,0.000,0.000]
Epoch [48] Training Results: Prec@1 69.058 Prec@5 82.624 Loss 1.65807
Epoch [48] Training Class Recall: [0.620,0.578,0.374,0.366,0.313,0.511,0.470,0.525,0.578,0.554,0.441,0.315,
 0.588,0.552,0.461,0.487,0.533,0.604,0.486,0.480,0.291,0.679,0.491,0.671,
 0.463,0.562,0.532,0.582,0.715,0.598,0.684,0.575,0.590,0.668,0.617,0.644,
 0.719,0.659,0.615,0.608,0.697,0.690,0.667,0.740,0.627,0.640,0.682,0.724,
 0.679,0.780,0.653,0.737,0.775,0.731,0.766,0.748,0.767,0.738,0.764,0.785,
 0.835,0.779,0.791,0.787,0.764,0.780,0.822,0.710,0.833,0.810,0.785,0.837,
 0.790,0.602,0.849,0.833,0.833,0.842,0.788,0.847,0.833,0.791,0.829,0.775,
 0.832,0.806,0.826,0.843,0.812,0.852,0.891,0.863,0.721,0.853,0.850,0.848,
 0.873,0.857,0.768,0.827]
Testing Group Acc: [0.205,0.000,0.000]
Epoch [48] Testing Results: Prec@1 20.460 Prec@5 42.240 Loss 4.55987
Epoch [48] Testing Class Recall: [0.520,0.890,0.130,0.210,0.430,0.460,0.390,0.650,0.570,0.540,0.110,0.370,
 0.310,0.720,0.340,0.180,0.420,0.850,0.360,0.320,0.230,0.530,0.190,0.330,
 0.190,0.090,0.090,0.200,0.290,0.210,0.560,0.150,0.260,0.180,0.020,0.090,
 0.220,0.110,0.170,0.370,0.220,0.440,0.020,0.010,0.050,0.070,0.200,0.260,
 0.290,0.320,0.020,0.250,0.620,0.170,0.290,0.060,0.420,0.070,0.120,0.050,
 0.400,0.070,0.250,0.070,0.080,0.010,0.000,0.090,0.420,0.190,0.220,0.230,
 0.010,0.050,0.080,0.170,0.340,0.050,0.000,0.080,0.000,0.000,0.020,0.000,
 0.010,0.080,0.000,0.050,0.040,0.000,0.000,0.000,0.000,0.010,0.120,0.020,
 0.080,0.000,0.000,0.020]
Training Group Acc: [0.686,0.000,0.000]
Epoch [49] Training Results: Prec@1 69.031 Prec@5 82.753 Loss 1.65085
Epoch [49] Training Class Recall: [0.666,0.589,0.368,0.368,0.346,0.463,0.487,0.507,0.553,0.569,0.445,0.313,
 0.561,0.575,0.471,0.474,0.500,0.645,0.538,0.505,0.311,0.663,0.417,0.691,
 0.423,0.551,0.468,0.598,0.709,0.618,0.695,0.578,0.596,0.647,0.596,0.614,
 0.712,0.642,0.631,0.645,0.699,0.715,0.704,0.717,0.631,0.646,0.701,0.744,
 0.687,0.778,0.696,0.749,0.777,0.726,0.751,0.748,0.779,0.755,0.776,0.781,
 0.831,0.801,0.800,0.779,0.751,0.762,0.812,0.733,0.823,0.801,0.753,0.831,
 0.815,0.606,0.824,0.806,0.821,0.829,0.808,0.849,0.839,0.785,0.821,0.775,
 0.849,0.818,0.817,0.828,0.794,0.852,0.861,0.856,0.717,0.851,0.846,0.844,
 0.871,0.855,0.765,0.849]
Testing Group Acc: [0.222,0.000,0.000]
Epoch [49] Testing Results: Prec@1 22.250 Prec@5 45.690 Loss 4.05033
Epoch [49] Testing Class Recall: [0.360,0.780,0.110,0.160,0.410,0.190,0.390,0.490,0.480,0.410,0.190,0.250,
 0.490,0.580,0.320,0.080,0.430,0.560,0.410,0.200,0.180,0.410,0.670,0.310,
 0.670,0.340,0.180,0.190,0.480,0.190,0.430,0.170,0.270,0.320,0.110,0.280,
 0.430,0.210,0.040,0.320,0.100,0.450,0.240,0.100,0.060,0.030,0.080,0.570,
 0.360,0.450,0.030,0.130,0.580,0.350,0.220,0.000,0.360,0.150,0.070,0.200,
 0.610,0.090,0.320,0.000,0.010,0.000,0.030,0.030,0.550,0.280,0.140,0.320,
 0.020,0.200,0.030,0.170,0.180,0.020,0.000,0.030,0.000,0.000,0.390,0.120,
 0.000,0.070,0.020,0.100,0.030,0.000,0.000,0.010,0.000,0.030,0.140,0.230,
 0.060,0.000,0.000,0.000]
Training Group Acc: [0.688,0.000,0.000]
Epoch [50] Training Results: Prec@1 69.160 Prec@5 82.740 Loss 1.64764
Epoch [50] Training Class Recall: [0.633,0.610,0.404,0.368,0.327,0.498,0.485,0.467,0.551,0.549,0.433,0.301,
 0.553,0.545,0.433,0.511,0.511,0.606,0.514,0.505,0.291,0.644,0.427,0.691,
 0.489,0.537,0.479,0.564,0.711,0.648,0.675,0.591,0.605,0.651,0.630,0.610,
 0.712,0.644,0.631,0.621,0.692,0.715,0.702,0.736,0.637,0.642,0.677,0.736,
 0.687,0.793,0.717,0.749,0.787,0.729,0.766,0.756,0.759,0.767,0.774,0.787,
 0.821,0.787,0.800,0.810,0.773,0.790,0.832,0.714,0.831,0.820,0.797,0.847,
 0.808,0.602,0.841,0.825,0.817,0.829,0.812,0.855,0.835,0.791,0.826,0.749,
 0.847,0.816,0.804,0.828,0.824,0.846,0.878,0.858,0.717,0.857,0.848,0.834,
 0.875,0.852,0.762,0.839]
Testing Group Acc: [0.229,0.000,0.000]
Epoch [50] Testing Results: Prec@1 22.920 Prec@5 45.260 Loss 4.01969
Epoch [50] Testing Class Recall: [0.630,0.740,0.350,0.170,0.310,0.460,0.670,0.300,0.340,0.460,0.430,0.200,
 0.450,0.320,0.310,0.290,0.160,0.680,0.580,0.360,0.240,0.340,0.160,0.670,
 0.580,0.270,0.380,0.150,0.470,0.200,0.420,0.130,0.190,0.490,0.040,0.060,
 0.190,0.100,0.000,0.400,0.140,0.300,0.150,0.190,0.240,0.050,0.070,0.460,
 0.120,0.470,0.190,0.190,0.470,0.460,0.310,0.020,0.290,0.180,0.230,0.180,
 0.580,0.270,0.310,0.020,0.000,0.000,0.000,0.020,0.440,0.260,0.250,0.290,
 0.050,0.080,0.050,0.040,0.380,0.040,0.000,0.020,0.000,0.000,0.600,0.060,
 0.020,0.110,0.000,0.080,0.020,0.000,0.000,0.120,0.000,0.020,0.080,0.160,
 0.140,0.000,0.000,0.010]
Training Group Acc: [0.686,0.000,0.000]
Epoch [51] Training Results: Prec@1 68.989 Prec@5 82.587 Loss 1.65025
Epoch [51] Training Class Recall: [0.628,0.578,0.381,0.360,0.299,0.489,0.455,0.503,0.555,0.547,0.424,0.329,
 0.563,0.557,0.474,0.474,0.487,0.606,0.536,0.512,0.311,0.683,0.447,0.669,
 0.427,0.551,0.536,0.590,0.702,0.635,0.703,0.596,0.618,0.681,0.615,0.622,
 0.698,0.634,0.649,0.608,0.679,0.695,0.677,0.736,0.627,0.631,0.667,0.748,
 0.689,0.765,0.665,0.766,0.783,0.742,0.751,0.740,0.757,0.738,0.762,0.774,
 0.840,0.779,0.791,0.789,0.768,0.796,0.822,0.710,0.825,0.808,0.759,0.829,
 0.808,0.602,0.845,0.818,0.831,0.834,0.800,0.855,0.843,0.788,0.839,0.778,
 0.845,0.802,0.817,0.819,0.816,0.848,0.871,0.861,0.717,0.855,0.846,0.842,
 0.875,0.859,0.765,0.856]
Testing Group Acc: [0.228,0.000,0.000]
Epoch [51] Testing Results: Prec@1 22.800 Prec@5 44.390 Loss 4.32542
Epoch [51] Testing Class Recall: [0.740,0.680,0.480,0.380,0.490,0.450,0.550,0.570,0.500,0.500,0.280,0.260,
 0.320,0.380,0.350,0.170,0.380,0.500,0.200,0.420,0.220,0.400,0.290,0.680,
 0.690,0.380,0.260,0.060,0.320,0.280,0.370,0.200,0.290,0.230,0.220,0.080,
 0.210,0.230,0.090,0.300,0.150,0.400,0.450,0.070,0.050,0.090,0.140,0.420,
 0.250,0.430,0.070,0.060,0.730,0.450,0.340,0.000,0.200,0.080,0.250,0.100,
 0.450,0.080,0.200,0.120,0.110,0.020,0.110,0.030,0.140,0.430,0.090,0.170,
 0.000,0.290,0.090,0.210,0.080,0.040,0.020,0.000,0.000,0.000,0.260,0.010,
 0.000,0.140,0.000,0.200,0.020,0.000,0.000,0.000,0.000,0.020,0.130,0.150,
 0.000,0.060,0.000,0.000]
Training Group Acc: [0.686,0.000,0.000]
Epoch [52] Training Results: Prec@1 68.976 Prec@5 82.618 Loss 1.64726
Epoch [52] Training Class Recall: [0.602,0.569,0.372,0.358,0.348,0.500,0.476,0.486,0.563,0.532,0.416,0.318,
 0.579,0.554,0.436,0.456,0.496,0.620,0.496,0.503,0.311,0.665,0.437,0.677,
 0.449,0.553,0.515,0.614,0.702,0.609,0.710,0.613,0.596,0.653,0.621,0.650,
 0.685,0.659,0.621,0.632,0.674,0.693,0.702,0.720,0.614,0.646,0.706,0.744,
 0.652,0.784,0.690,0.761,0.787,0.695,0.764,0.746,0.769,0.746,0.785,0.774,
 0.844,0.790,0.789,0.802,0.753,0.764,0.828,0.668,0.843,0.825,0.753,0.843,
 0.804,0.627,0.833,0.816,0.829,0.838,0.800,0.853,0.829,0.808,0.826,0.783,
 0.841,0.808,0.817,0.837,0.812,0.856,0.873,0.852,0.714,0.855,0.850,0.842,
 0.871,0.855,0.771,0.846]
Testing Group Acc: [0.243,0.000,0.000]
Epoch [52] Testing Results: Prec@1 24.270 Prec@5 47.810 Loss 3.97716
Epoch [52] Testing Class Recall: [0.720,0.370,0.460,0.230,0.240,0.440,0.470,0.540,0.450,0.570,0.160,0.200,
 0.260,0.600,0.120,0.290,0.330,0.660,0.600,0.230,0.410,0.590,0.150,0.580,
 0.640,0.350,0.180,0.300,0.540,0.380,0.640,0.530,0.240,0.400,0.280,0.320,
 0.430,0.110,0.090,0.360,0.160,0.450,0.160,0.170,0.100,0.150,0.180,0.440,
 0.550,0.330,0.060,0.090,0.590,0.390,0.150,0.010,0.260,0.240,0.100,0.260,
 0.470,0.240,0.430,0.050,0.030,0.040,0.010,0.080,0.430,0.170,0.230,0.030,
 0.010,0.050,0.050,0.140,0.360,0.030,0.000,0.010,0.000,0.030,0.470,0.070,
 0.020,0.070,0.000,0.040,0.020,0.000,0.030,0.000,0.030,0.020,0.220,0.050,
 0.020,0.010,0.000,0.010]
Training Group Acc: [0.690,0.000,0.000]
Epoch [53] Training Results: Prec@1 69.391 Prec@5 82.889 Loss 1.63216
Epoch [53] Training Class Recall: [0.633,0.587,0.440,0.351,0.346,0.500,0.494,0.527,0.546,0.552,0.433,0.327,
 0.571,0.564,0.476,0.456,0.489,0.624,0.532,0.526,0.298,0.656,0.442,0.693,
 0.467,0.549,0.468,0.596,0.732,0.637,0.703,0.555,0.598,0.672,0.611,0.640,
 0.715,0.674,0.645,0.643,0.703,0.698,0.717,0.713,0.637,0.680,0.680,0.756,
 0.672,0.776,0.715,0.737,0.777,0.705,0.749,0.760,0.746,0.764,0.788,0.794,
 0.831,0.785,0.791,0.802,0.780,0.737,0.805,0.718,0.835,0.818,0.785,0.823,
 0.790,0.602,0.841,0.816,0.837,0.827,0.798,0.859,0.841,0.791,0.831,0.786,
 0.847,0.808,0.821,0.828,0.810,0.850,0.861,0.867,0.717,0.859,0.850,0.844,
 0.875,0.855,0.771,0.851]
Testing Group Acc: [0.206,0.000,0.000]
Epoch [53] Testing Results: Prec@1 20.620 Prec@5 42.180 Loss 4.51406
Epoch [53] Testing Class Recall: [0.340,0.510,0.470,0.280,0.290,0.380,0.680,0.440,0.340,0.420,0.260,0.310,
 0.340,0.420,0.400,0.500,0.510,0.380,0.220,0.540,0.290,0.310,0.190,0.330,
 0.590,0.180,0.280,0.150,0.240,0.200,0.380,0.310,0.110,0.430,0.180,0.280,
 0.140,0.250,0.100,0.140,0.130,0.500,0.090,0.200,0.050,0.150,0.100,0.410,
 0.570,0.160,0.010,0.230,0.520,0.160,0.410,0.100,0.190,0.000,0.240,0.130,
 0.650,0.050,0.110,0.070,0.110,0.010,0.060,0.050,0.200,0.350,0.030,0.290,
 0.010,0.060,0.030,0.310,0.010,0.020,0.000,0.000,0.010,0.000,0.010,0.000,
 0.000,0.050,0.000,0.100,0.180,0.000,0.050,0.020,0.000,0.010,0.030,0.170,
 0.020,0.090,0.000,0.000]
Training Group Acc: [0.685,0.000,0.000]
Epoch [54] Training Results: Prec@1 68.989 Prec@5 82.840 Loss 1.63552
Epoch [54] Training Class Recall: [0.622,0.578,0.389,0.374,0.352,0.491,0.491,0.520,0.555,0.537,0.426,0.320,
 0.586,0.607,0.442,0.476,0.474,0.633,0.512,0.484,0.272,0.673,0.462,0.683,
 0.419,0.556,0.504,0.608,0.690,0.631,0.695,0.571,0.587,0.683,0.615,0.618,
 0.698,0.653,0.647,0.623,0.670,0.687,0.706,0.724,0.649,0.659,0.675,0.740,
 0.654,0.795,0.694,0.710,0.763,0.716,0.781,0.735,0.757,0.764,0.783,0.774,
 0.831,0.779,0.794,0.783,0.764,0.768,0.832,0.710,0.825,0.801,0.759,0.833,
 0.808,0.598,0.839,0.810,0.823,0.842,0.804,0.847,0.839,0.794,0.813,0.773,
 0.841,0.814,0.819,0.826,0.806,0.839,0.863,0.861,0.724,0.857,0.841,0.846,
 0.873,0.848,0.771,0.844]
Testing Group Acc: [0.216,0.000,0.000]
Epoch [54] Testing Results: Prec@1 21.650 Prec@5 43.140 Loss 4.24695
Epoch [54] Testing Class Recall: [0.760,0.660,0.440,0.350,0.190,0.640,0.430,0.470,0.520,0.700,0.330,0.200,
 0.690,0.450,0.290,0.430,0.530,0.550,0.100,0.420,0.170,0.260,0.260,0.570,
 0.480,0.110,0.200,0.280,0.490,0.190,0.510,0.240,0.120,0.350,0.200,0.160,
 0.390,0.150,0.220,0.230,0.230,0.370,0.180,0.070,0.070,0.030,0.040,0.500,
 0.060,0.140,0.050,0.220,0.650,0.550,0.220,0.010,0.270,0.030,0.010,0.050,
 0.610,0.000,0.190,0.200,0.010,0.090,0.010,0.030,0.280,0.190,0.080,0.200,
 0.060,0.120,0.040,0.180,0.110,0.010,0.000,0.050,0.000,0.000,0.360,0.000,
 0.000,0.030,0.000,0.000,0.030,0.010,0.000,0.020,0.000,0.010,0.100,0.060,
 0.050,0.040,0.000,0.000]
Training Group Acc: [0.690,0.000,0.000]
Epoch [55] Training Results: Prec@1 69.433 Prec@5 82.958 Loss 1.63229
Epoch [55] Training Class Recall: [0.648,0.599,0.406,0.385,0.299,0.506,0.478,0.535,0.542,0.542,0.439,0.346,
 0.569,0.587,0.429,0.487,0.485,0.625,0.536,0.518,0.311,0.663,0.484,0.669,
 0.449,0.558,0.525,0.606,0.713,0.640,0.699,0.571,0.631,0.662,0.642,0.628,
 0.691,0.669,0.609,0.637,0.708,0.687,0.698,0.728,0.654,0.661,0.701,0.742,
 0.692,0.789,0.665,0.763,0.781,0.729,0.755,0.723,0.769,0.764,0.781,0.792,
 0.829,0.785,0.791,0.777,0.755,0.766,0.832,0.721,0.833,0.825,0.774,0.839,
 0.786,0.606,0.849,0.827,0.825,0.834,0.806,0.853,0.837,0.794,0.834,0.786,
 0.854,0.808,0.812,0.819,0.808,0.850,0.866,0.867,0.717,0.851,0.846,0.836,
 0.869,0.857,0.762,0.861]
Testing Group Acc: [0.207,0.000,0.000]
Epoch [55] Testing Results: Prec@1 20.660 Prec@5 41.360 Loss 4.56004
Epoch [55] Testing Class Recall: [0.740,0.550,0.170,0.560,0.480,0.650,0.540,0.390,0.530,0.390,0.270,0.180,
 0.640,0.380,0.410,0.080,0.360,0.570,0.360,0.520,0.260,0.540,0.460,0.660,
 0.570,0.240,0.110,0.100,0.300,0.290,0.620,0.010,0.230,0.140,0.280,0.360,
 0.180,0.420,0.270,0.200,0.150,0.160,0.060,0.050,0.050,0.040,0.120,0.290,
 0.280,0.140,0.040,0.250,0.470,0.180,0.400,0.010,0.160,0.050,0.050,0.110,
 0.500,0.100,0.120,0.080,0.030,0.010,0.020,0.010,0.200,0.240,0.180,0.200,
 0.000,0.080,0.040,0.070,0.100,0.030,0.000,0.000,0.000,0.000,0.220,0.020,
 0.000,0.030,0.000,0.020,0.050,0.000,0.000,0.060,0.000,0.020,0.060,0.080,
 0.020,0.000,0.000,0.000]
Training Group Acc: [0.689,0.000,0.000]
Epoch [56] Training Results: Prec@1 69.276 Prec@5 82.798 Loss 1.64003
Epoch [56] Training Class Recall: [0.653,0.594,0.421,0.380,0.315,0.496,0.457,0.493,0.572,0.574,0.410,0.348,
 0.557,0.568,0.474,0.498,0.509,0.608,0.520,0.490,0.245,0.671,0.467,0.677,
 0.458,0.509,0.494,0.618,0.713,0.615,0.708,0.593,0.620,0.688,0.623,0.610,
 0.700,0.655,0.589,0.641,0.706,0.720,0.679,0.713,0.633,0.665,0.696,0.758,
 0.679,0.784,0.702,0.745,0.775,0.716,0.755,0.740,0.783,0.749,0.783,0.792,
 0.833,0.803,0.791,0.777,0.768,0.784,0.814,0.714,0.827,0.812,0.772,0.823,
 0.806,0.614,0.833,0.823,0.833,0.819,0.792,0.871,0.829,0.805,0.839,0.783,
 0.839,0.806,0.826,0.839,0.824,0.850,0.878,0.858,0.714,0.851,0.837,0.844,
 0.858,0.859,0.771,0.844]
Testing Group Acc: [0.241,0.000,0.000]
Epoch [56] Testing Results: Prec@1 24.090 Prec@5 46.940 Loss 3.89500
Epoch [56] Testing Class Recall: [0.730,0.530,0.220,0.190,0.480,0.620,0.620,0.280,0.440,0.480,0.300,0.320,
 0.630,0.450,0.330,0.680,0.320,0.610,0.360,0.320,0.290,0.590,0.350,0.510,
 0.430,0.120,0.320,0.310,0.410,0.230,0.440,0.170,0.360,0.520,0.100,0.280,
 0.200,0.210,0.240,0.210,0.070,0.390,0.100,0.110,0.190,0.100,0.130,0.400,
 0.370,0.230,0.000,0.180,0.500,0.650,0.400,0.050,0.250,0.240,0.090,0.170,
 0.810,0.100,0.210,0.050,0.010,0.000,0.050,0.040,0.370,0.360,0.300,0.200,
 0.030,0.180,0.040,0.040,0.270,0.080,0.020,0.040,0.010,0.010,0.200,0.020,
 0.010,0.090,0.010,0.010,0.010,0.000,0.040,0.040,0.000,0.010,0.430,0.100,
 0.010,0.020,0.010,0.040]
Training Group Acc: [0.690,0.000,0.000]
Epoch [57] Training Results: Prec@1 69.478 Prec@5 82.920 Loss 1.62551
Epoch [57] Training Class Recall: [0.622,0.615,0.415,0.376,0.323,0.524,0.489,0.514,0.568,0.569,0.439,0.336,
 0.581,0.580,0.516,0.480,0.480,0.633,0.508,0.499,0.305,0.654,0.462,0.671,
 0.414,0.516,0.487,0.572,0.702,0.602,0.699,0.625,0.627,0.672,0.640,0.620,
 0.691,0.690,0.635,0.645,0.674,0.709,0.727,0.730,0.643,0.697,0.699,0.710,
 0.677,0.789,0.702,0.745,0.779,0.685,0.775,0.746,0.791,0.741,0.774,0.794,
 0.844,0.801,0.796,0.793,0.744,0.774,0.832,0.733,0.823,0.825,0.768,0.835,
 0.817,0.589,0.847,0.818,0.823,0.838,0.792,0.845,0.827,0.808,0.839,0.783,
 0.847,0.804,0.817,0.822,0.818,0.854,0.863,0.869,0.702,0.849,0.850,0.842,
 0.869,0.850,0.765,0.849]
Testing Group Acc: [0.219,0.000,0.000]
Epoch [57] Testing Results: Prec@1 21.860 Prec@5 43.300 Loss 4.29193
Epoch [57] Testing Class Recall: [0.700,0.540,0.480,0.620,0.210,0.400,0.510,0.310,0.700,0.580,0.260,0.120,
 0.600,0.430,0.200,0.450,0.560,0.680,0.380,0.300,0.190,0.490,0.150,0.310,
 0.640,0.340,0.270,0.310,0.370,0.370,0.400,0.030,0.080,0.370,0.080,0.300,
 0.200,0.060,0.110,0.250,0.080,0.510,0.060,0.100,0.150,0.110,0.040,0.400,
 0.060,0.340,0.070,0.080,0.620,0.260,0.420,0.100,0.330,0.340,0.040,0.060,
 0.230,0.080,0.300,0.080,0.020,0.040,0.030,0.060,0.260,0.250,0.290,0.470,
 0.090,0.010,0.070,0.240,0.100,0.000,0.040,0.020,0.000,0.010,0.260,0.010,
 0.010,0.030,0.000,0.000,0.020,0.010,0.010,0.010,0.000,0.010,0.170,0.030,
 0.020,0.020,0.000,0.040]
Training Group Acc: [0.694,0.000,0.000]
Epoch [58] Training Results: Prec@1 69.807 Prec@5 83.020 Loss 1.62534
Epoch [58] Training Class Recall: [0.651,0.601,0.409,0.389,0.339,0.504,0.457,0.529,0.601,0.557,0.452,0.379,
 0.571,0.600,0.427,0.500,0.493,0.624,0.522,0.541,0.285,0.675,0.501,0.685,
 0.476,0.549,0.500,0.604,0.722,0.662,0.665,0.598,0.603,0.659,0.653,0.622,
 0.717,0.665,0.629,0.626,0.679,0.687,0.721,0.748,0.658,0.665,0.713,0.740,
 0.697,0.767,0.704,0.755,0.791,0.700,0.770,0.760,0.767,0.755,0.802,0.766,
 0.840,0.809,0.798,0.802,0.773,0.762,0.814,0.725,0.833,0.820,0.778,0.825,
 0.798,0.610,0.841,0.821,0.851,0.842,0.808,0.847,0.831,0.814,0.821,0.789,
 0.845,0.810,0.812,0.817,0.818,0.848,0.871,0.845,0.721,0.855,0.843,0.846,
 0.873,0.855,0.768,0.844]
Testing Group Acc: [0.216,0.000,0.000]
Epoch [58] Testing Results: Prec@1 21.600 Prec@5 41.010 Loss 4.49572
Epoch [58] Testing Class Recall: [0.500,0.800,0.440,0.410,0.470,0.620,0.520,0.580,0.670,0.460,0.300,0.230,
 0.550,0.550,0.210,0.370,0.600,0.780,0.210,0.440,0.320,0.470,0.260,0.620,
 0.510,0.180,0.170,0.340,0.220,0.180,0.480,0.090,0.210,0.160,0.070,0.130,
 0.320,0.270,0.270,0.370,0.190,0.460,0.080,0.090,0.100,0.070,0.080,0.240,
 0.320,0.370,0.010,0.170,0.760,0.390,0.200,0.070,0.180,0.050,0.060,0.190,
 0.390,0.110,0.190,0.040,0.030,0.000,0.110,0.050,0.090,0.350,0.110,0.100,
 0.020,0.000,0.090,0.110,0.140,0.000,0.000,0.000,0.000,0.000,0.020,0.000,
 0.000,0.030,0.000,0.000,0.000,0.000,0.010,0.000,0.010,0.000,0.110,0.040,
 0.020,0.000,0.000,0.000]
Training Group Acc: [0.692,0.000,0.000]
Epoch [59] Training Results: Prec@1 69.593 Prec@5 83.042 Loss 1.61769
Epoch [59] Training Class Recall: [0.635,0.606,0.383,0.358,0.325,0.522,0.472,0.503,0.591,0.554,0.416,0.329,
 0.571,0.582,0.480,0.489,0.526,0.610,0.546,0.516,0.325,0.654,0.435,0.693,
 0.414,0.524,0.513,0.610,0.722,0.609,0.701,0.602,0.587,0.634,0.646,0.644,
 0.721,0.707,0.623,0.623,0.721,0.695,0.700,0.730,0.676,0.663,0.735,0.764,
 0.662,0.776,0.717,0.757,0.779,0.705,0.796,0.750,0.777,0.746,0.774,0.783,
 0.842,0.769,0.796,0.802,0.780,0.749,0.816,0.698,0.816,0.820,0.774,0.829,
 0.798,0.622,0.835,0.823,0.827,0.836,0.806,0.847,0.852,0.799,0.831,0.796,
 0.834,0.806,0.824,0.830,0.812,0.846,0.871,0.854,0.714,0.855,0.846,0.844,
 0.875,0.861,0.768,0.854]
Testing Group Acc: [0.221,0.000,0.000]
Epoch [59] Testing Results: Prec@1 22.140 Prec@5 43.740 Loss 4.16798
Epoch [59] Testing Class Recall: [0.760,0.430,0.570,0.280,0.200,0.560,0.430,0.380,0.460,0.590,0.190,0.350,
 0.570,0.210,0.400,0.690,0.500,0.560,0.270,0.380,0.290,0.420,0.420,0.690,
 0.460,0.160,0.300,0.130,0.380,0.370,0.450,0.180,0.170,0.280,0.160,0.100,
 0.170,0.260,0.180,0.310,0.050,0.470,0.430,0.170,0.050,0.020,0.060,0.540,
 0.080,0.040,0.110,0.280,0.510,0.230,0.310,0.030,0.310,0.120,0.040,0.070,
 0.600,0.240,0.270,0.090,0.000,0.000,0.080,0.050,0.290,0.160,0.290,0.020,
 0.000,0.030,0.020,0.170,0.430,0.000,0.040,0.050,0.010,0.010,0.160,0.020,
 0.000,0.100,0.000,0.030,0.070,0.000,0.000,0.020,0.010,0.020,0.250,0.010,
 0.000,0.010,0.000,0.010]
Training Group Acc: [0.692,0.000,0.000]
Epoch [60] Training Results: Prec@1 69.664 Prec@5 83.116 Loss 1.61923
Epoch [60] Training Class Recall: [0.638,0.580,0.419,0.410,0.327,0.528,0.485,0.512,0.570,0.567,0.441,0.358,
 0.563,0.600,0.476,0.465,0.480,0.624,0.516,0.533,0.278,0.693,0.494,0.671,
 0.471,0.547,0.494,0.604,0.692,0.620,0.662,0.625,0.624,0.659,0.659,0.612,
 0.702,0.655,0.627,0.628,0.701,0.701,0.700,0.726,0.647,0.687,0.704,0.750,
 0.699,0.795,0.706,0.751,0.791,0.734,0.777,0.758,0.767,0.738,0.783,0.772,
 0.838,0.766,0.798,0.787,0.773,0.766,0.830,0.695,0.829,0.814,0.757,0.841,
 0.806,0.593,0.847,0.823,0.837,0.823,0.806,0.853,0.839,0.797,0.836,0.778,
 0.841,0.804,0.815,0.832,0.816,0.862,0.876,0.856,0.705,0.849,0.850,0.848,
 0.875,0.852,0.765,0.854]
Testing Group Acc: [0.231,0.000,0.000]
Epoch [60] Testing Results: Prec@1 23.100 Prec@5 45.840 Loss 4.06749
Epoch [60] Testing Class Recall: [0.620,0.420,0.180,0.180,0.210,0.370,0.410,0.310,0.720,0.540,0.150,0.120,
 0.610,0.370,0.060,0.360,0.560,0.630,0.510,0.300,0.430,0.610,0.500,0.560,
 0.320,0.130,0.110,0.040,0.590,0.280,0.560,0.100,0.180,0.270,0.130,0.420,
 0.240,0.210,0.300,0.310,0.290,0.360,0.120,0.350,0.020,0.170,0.110,0.390,
 0.220,0.140,0.140,0.320,0.440,0.610,0.590,0.100,0.290,0.260,0.050,0.160,
 0.450,0.150,0.290,0.060,0.020,0.020,0.050,0.030,0.290,0.260,0.280,0.330,
 0.010,0.130,0.290,0.130,0.290,0.020,0.000,0.010,0.020,0.000,0.170,0.020,
 0.020,0.120,0.000,0.050,0.020,0.000,0.000,0.010,0.000,0.010,0.080,0.150,
 0.210,0.030,0.000,0.030]
Training Group Acc: [0.691,0.000,0.000]
Epoch [61] Training Results: Prec@1 69.533 Prec@5 82.989 Loss 1.62270
Epoch [61] Training Class Recall: [0.645,0.573,0.394,0.364,0.325,0.522,0.500,0.507,0.620,0.567,0.420,0.346,
 0.569,0.584,0.480,0.469,0.493,0.610,0.502,0.512,0.278,0.669,0.442,0.677,
 0.414,0.537,0.494,0.612,0.704,0.622,0.712,0.596,0.596,0.664,0.617,0.642,
 0.704,0.678,0.625,0.639,0.694,0.712,0.710,0.746,0.658,0.693,0.675,0.734,
 0.682,0.778,0.700,0.749,0.767,0.731,0.770,0.742,0.783,0.755,0.767,0.790,
 0.842,0.790,0.789,0.785,0.773,0.768,0.822,0.729,0.827,0.818,0.789,0.833,
 0.808,0.622,0.839,0.833,0.829,0.840,0.804,0.849,0.841,0.802,0.836,0.775,
 0.834,0.818,0.808,0.819,0.830,0.850,0.878,0.861,0.717,0.857,0.848,0.846,
 0.862,0.852,0.762,0.854]
Testing Group Acc: [0.226,0.000,0.000]
Epoch [61] Testing Results: Prec@1 22.640 Prec@5 44.530 Loss 4.11136
Epoch [61] Testing Class Recall: [0.730,0.390,0.580,0.360,0.070,0.170,0.420,0.380,0.310,0.480,0.230,0.210,
 0.550,0.410,0.590,0.220,0.550,0.850,0.350,0.660,0.300,0.600,0.430,0.640,
 0.650,0.200,0.270,0.160,0.470,0.240,0.580,0.080,0.180,0.350,0.130,0.030,
 0.130,0.100,0.230,0.390,0.130,0.640,0.070,0.080,0.070,0.080,0.140,0.270,
 0.120,0.210,0.070,0.090,0.420,0.590,0.300,0.060,0.140,0.180,0.180,0.220,
 0.430,0.190,0.300,0.040,0.050,0.010,0.060,0.010,0.240,0.120,0.240,0.260,
 0.000,0.160,0.090,0.060,0.320,0.030,0.000,0.000,0.010,0.000,0.400,0.040,
 0.000,0.110,0.000,0.090,0.050,0.000,0.000,0.000,0.000,0.010,0.310,0.070,
 0.160,0.000,0.010,0.040]
Training Group Acc: [0.695,0.000,0.000]
Epoch [62] Training Results: Prec@1 69.864 Prec@5 83.127 Loss 1.61309
Epoch [62] Training Class Recall: [0.622,0.608,0.421,0.374,0.339,0.524,0.494,0.497,0.582,0.603,0.426,0.334,
 0.555,0.533,0.495,0.515,0.504,0.637,0.534,0.522,0.331,0.681,0.447,0.693,
 0.441,0.558,0.508,0.598,0.745,0.631,0.712,0.600,0.614,0.668,0.628,0.642,
 0.687,0.678,0.641,0.634,0.690,0.690,0.719,0.742,0.670,0.659,0.706,0.752,
 0.689,0.757,0.694,0.739,0.785,0.724,0.764,0.756,0.759,0.755,0.769,0.779,
 0.846,0.806,0.803,0.810,0.753,0.758,0.828,0.725,0.829,0.831,0.785,0.833,
 0.804,0.643,0.847,0.829,0.825,0.842,0.794,0.857,0.833,0.811,0.826,0.791,
 0.839,0.808,0.826,0.828,0.820,0.846,0.871,0.869,0.717,0.861,0.841,0.844,
 0.871,0.857,0.768,0.849]
Testing Group Acc: [0.217,0.000,0.000]
Epoch [62] Testing Results: Prec@1 21.740 Prec@5 42.910 Loss 4.40001
Epoch [62] Testing Class Recall: [0.570,0.570,0.280,0.490,0.470,0.380,0.540,0.560,0.390,0.360,0.210,0.240,
 0.460,0.590,0.370,0.450,0.640,0.660,0.350,0.370,0.190,0.250,0.270,0.490,
 0.570,0.260,0.340,0.120,0.330,0.120,0.340,0.200,0.270,0.360,0.230,0.260,
 0.490,0.080,0.100,0.410,0.040,0.200,0.140,0.290,0.050,0.190,0.070,0.400,
 0.250,0.300,0.130,0.210,0.360,0.410,0.080,0.000,0.370,0.090,0.050,0.180,
 0.660,0.110,0.310,0.100,0.100,0.070,0.000,0.040,0.220,0.350,0.120,0.220,
 0.010,0.110,0.020,0.080,0.160,0.060,0.000,0.000,0.010,0.000,0.100,0.040,
 0.010,0.040,0.000,0.050,0.090,0.000,0.000,0.000,0.000,0.010,0.100,0.050,
 0.050,0.000,0.000,0.010]
Training Group Acc: [0.693,0.000,0.000]
Epoch [63] Training Results: Prec@1 69.738 Prec@5 83.207 Loss 1.61232
Epoch [63] Training Class Recall: [0.617,0.606,0.398,0.407,0.335,0.500,0.515,0.522,0.565,0.557,0.462,0.322,
 0.559,0.554,0.490,0.507,0.509,0.608,0.504,0.488,0.272,0.671,0.496,0.697,
 0.432,0.583,0.513,0.602,0.715,0.651,0.701,0.604,0.594,0.664,0.669,0.654,
 0.704,0.632,0.637,0.641,0.683,0.698,0.685,0.728,0.643,0.667,0.684,0.748,
 0.692,0.799,0.723,0.755,0.798,0.734,0.764,0.765,0.767,0.758,0.788,0.790,
 0.840,0.795,0.794,0.791,0.771,0.776,0.834,0.737,0.833,0.803,0.772,0.841,
 0.784,0.581,0.831,0.816,0.829,0.821,0.800,0.847,0.837,0.805,0.831,0.802,
 0.847,0.795,0.817,0.843,0.812,0.843,0.873,0.858,0.724,0.853,0.846,0.846,
 0.867,0.855,0.771,0.851]
Testing Group Acc: [0.230,0.000,0.000]
Epoch [63] Testing Results: Prec@1 22.970 Prec@5 45.560 Loss 4.06836
Epoch [63] Testing Class Recall: [0.790,0.520,0.310,0.090,0.330,0.440,0.430,0.440,0.630,0.430,0.240,0.280,
 0.490,0.550,0.550,0.230,0.400,0.500,0.200,0.520,0.410,0.770,0.430,0.440,
 0.400,0.200,0.130,0.240,0.420,0.270,0.620,0.250,0.290,0.350,0.220,0.090,
 0.350,0.210,0.110,0.290,0.120,0.210,0.070,0.230,0.080,0.040,0.220,0.540,
 0.180,0.240,0.100,0.400,0.380,0.500,0.070,0.060,0.360,0.190,0.150,0.250,
 0.560,0.050,0.130,0.050,0.010,0.020,0.070,0.060,0.330,0.240,0.340,0.380,
 0.010,0.090,0.050,0.160,0.220,0.040,0.010,0.030,0.000,0.000,0.320,0.010,
 0.020,0.080,0.000,0.030,0.030,0.000,0.010,0.100,0.010,0.000,0.070,0.110,
 0.040,0.010,0.000,0.030]
Training Group Acc: [0.694,0.000,0.000]
Epoch [64] Training Results: Prec@1 69.782 Prec@5 83.287 Loss 1.60891
Epoch [64] Training Class Recall: [0.635,0.599,0.436,0.399,0.327,0.547,0.485,0.535,0.578,0.557,0.437,0.334,
 0.569,0.575,0.440,0.502,0.498,0.614,0.506,0.488,0.311,0.679,0.459,0.697,
 0.410,0.560,0.513,0.606,0.717,0.646,0.680,0.636,0.614,0.672,0.644,0.620,
 0.710,0.680,0.641,0.626,0.715,0.704,0.717,0.750,0.676,0.638,0.704,0.746,
 0.704,0.767,0.682,0.755,0.779,0.726,0.779,0.752,0.769,0.749,0.800,0.772,
 0.838,0.793,0.776,0.779,0.764,0.774,0.818,0.718,0.825,0.827,0.774,0.841,
 0.812,0.618,0.849,0.829,0.839,0.834,0.802,0.859,0.841,0.805,0.818,0.794,
 0.854,0.806,0.808,0.839,0.816,0.846,0.884,0.863,0.724,0.843,0.837,0.842,
 0.871,0.850,0.740,0.841]
Testing Group Acc: [0.223,0.000,0.000]
Epoch [64] Testing Results: Prec@1 22.270 Prec@5 42.980 Loss 4.36819
Epoch [64] Testing Class Recall: [0.780,0.600,0.410,0.510,0.350,0.410,0.700,0.490,0.480,0.620,0.140,0.250,
 0.480,0.670,0.290,0.170,0.620,0.540,0.140,0.380,0.410,0.360,0.260,0.640,
 0.600,0.290,0.310,0.050,0.380,0.080,0.460,0.040,0.130,0.450,0.110,0.120,
 0.190,0.400,0.090,0.310,0.060,0.370,0.330,0.150,0.010,0.050,0.120,0.430,
 0.080,0.240,0.010,0.050,0.540,0.400,0.240,0.000,0.390,0.100,0.060,0.210,
 0.780,0.160,0.290,0.050,0.010,0.010,0.010,0.020,0.170,0.270,0.160,0.180,
 0.000,0.120,0.020,0.090,0.140,0.010,0.040,0.000,0.000,0.000,0.260,0.010,
 0.000,0.020,0.000,0.010,0.190,0.000,0.000,0.030,0.020,0.040,0.480,0.090,
 0.020,0.010,0.010,0.000]
Training Group Acc: [0.697,0.000,0.000]
Epoch [65] Training Results: Prec@1 70.142 Prec@5 83.238 Loss 1.60573
Epoch [65] Training Class Recall: [0.638,0.617,0.411,0.380,0.329,0.541,0.502,0.516,0.578,0.579,0.450,0.370,
 0.588,0.570,0.471,0.513,0.507,0.653,0.578,0.505,0.364,0.652,0.514,0.701,
 0.432,0.541,0.536,0.620,0.717,0.644,0.688,0.596,0.596,0.696,0.628,0.642,
 0.732,0.665,0.661,0.643,0.676,0.709,0.700,0.730,0.666,0.670,0.677,0.760,
 0.667,0.801,0.715,0.743,0.779,0.729,0.768,0.754,0.763,0.755,0.771,0.807,
 0.831,0.801,0.794,0.785,0.762,0.780,0.847,0.718,0.835,0.818,0.766,0.831,
 0.812,0.581,0.841,0.818,0.831,0.834,0.798,0.861,0.839,0.808,0.826,0.799,
 0.828,0.812,0.815,0.839,0.832,0.843,0.861,0.865,0.711,0.859,0.850,0.846,
 0.875,0.857,0.768,0.849]
Testing Group Acc: [0.225,0.000,0.000]
Epoch [65] Testing Results: Prec@1 22.510 Prec@5 45.440 Loss 4.16588
Epoch [65] Testing Class Recall: [0.680,0.410,0.450,0.110,0.160,0.470,0.460,0.610,0.230,0.370,0.060,0.220,
 0.440,0.530,0.240,0.520,0.730,0.610,0.440,0.220,0.240,0.240,0.380,0.590,
 0.380,0.310,0.240,0.400,0.550,0.140,0.530,0.240,0.220,0.630,0.190,0.070,
 0.240,0.090,0.100,0.220,0.190,0.420,0.350,0.140,0.080,0.110,0.290,0.620,
 0.570,0.270,0.020,0.210,0.240,0.670,0.180,0.130,0.110,0.100,0.060,0.110,
 0.530,0.070,0.330,0.080,0.040,0.020,0.020,0.020,0.260,0.220,0.480,0.040,
 0.030,0.110,0.040,0.320,0.110,0.020,0.000,0.030,0.000,0.010,0.370,0.030,
 0.010,0.180,0.000,0.040,0.080,0.000,0.010,0.020,0.010,0.000,0.060,0.030,
 0.020,0.010,0.020,0.010]
Training Group Acc: [0.696,0.000,0.000]
Epoch [66] Training Results: Prec@1 69.989 Prec@5 83.242 Loss 1.60480
Epoch [66] Training Class Recall: [0.651,0.628,0.394,0.428,0.339,0.526,0.474,0.499,0.572,0.557,0.456,0.325,
 0.602,0.594,0.510,0.524,0.502,0.633,0.500,0.531,0.298,0.673,0.464,0.681,
 0.449,0.562,0.494,0.594,0.754,0.626,0.684,0.620,0.620,0.675,0.655,0.668,
 0.715,0.667,0.631,0.643,0.694,0.701,0.706,0.730,0.654,0.699,0.682,0.756,
 0.677,0.782,0.708,0.763,0.791,0.729,0.742,0.748,0.763,0.764,0.781,0.781,
 0.842,0.795,0.807,0.802,0.777,0.768,0.847,0.718,0.829,0.812,0.772,0.827,
 0.794,0.622,0.837,0.821,0.829,0.834,0.792,0.859,0.808,0.808,0.826,0.786,
 0.839,0.826,0.812,0.830,0.806,0.843,0.871,0.861,0.708,0.851,0.850,0.846,
 0.867,0.859,0.768,0.854]
Testing Group Acc: [0.222,0.000,0.000]
Epoch [66] Testing Results: Prec@1 22.170 Prec@5 43.470 Loss 4.17398
Epoch [66] Testing Class Recall: [0.490,0.510,0.360,0.490,0.290,0.230,0.660,0.270,0.410,0.390,0.270,0.340,
 0.770,0.440,0.290,0.510,0.620,0.700,0.360,0.300,0.400,0.570,0.210,0.770,
 0.340,0.180,0.140,0.060,0.440,0.200,0.510,0.140,0.180,0.180,0.080,0.310,
 0.430,0.080,0.210,0.340,0.050,0.400,0.230,0.050,0.050,0.020,0.050,0.580,
 0.390,0.360,0.020,0.090,0.620,0.510,0.420,0.020,0.460,0.090,0.180,0.080,
 0.530,0.030,0.250,0.140,0.050,0.000,0.000,0.030,0.250,0.200,0.270,0.220,
 0.030,0.020,0.060,0.130,0.130,0.000,0.010,0.000,0.020,0.000,0.220,0.030,
 0.040,0.050,0.000,0.100,0.030,0.010,0.000,0.010,0.000,0.010,0.100,0.040,
 0.010,0.010,0.000,0.000]
Training Group Acc: [0.694,0.000,0.000]
Epoch [67] Training Results: Prec@1 69.809 Prec@5 83.284 Loss 1.60496
Epoch [67] Training Class Recall: [0.640,0.592,0.385,0.380,0.325,0.537,0.489,0.490,0.565,0.567,0.456,0.341,
 0.571,0.577,0.499,0.498,0.518,0.600,0.560,0.539,0.311,0.667,0.516,0.683,
 0.458,0.560,0.498,0.626,0.715,0.620,0.712,0.607,0.611,0.681,0.640,0.622,
 0.717,0.657,0.643,0.661,0.688,0.681,0.694,0.722,0.674,0.655,0.663,0.762,
 0.669,0.774,0.715,0.751,0.793,0.726,0.742,0.738,0.769,0.769,0.774,0.798,
 0.840,0.793,0.789,0.800,0.766,0.784,0.843,0.729,0.831,0.816,0.755,0.839,
 0.806,0.618,0.839,0.823,0.823,0.832,0.782,0.881,0.837,0.802,0.836,0.781,
 0.841,0.804,0.804,0.819,0.824,0.848,0.873,0.865,0.705,0.865,0.848,0.838,
 0.877,0.852,0.755,0.846]
Testing Group Acc: [0.242,0.000,0.000]
Epoch [67] Testing Results: Prec@1 24.210 Prec@5 46.800 Loss 3.89747
Epoch [67] Testing Class Recall: [0.560,0.560,0.040,0.300,0.420,0.210,0.480,0.310,0.640,0.520,0.480,0.430,
 0.530,0.550,0.330,0.330,0.470,0.780,0.490,0.330,0.400,0.420,0.260,0.510,
 0.290,0.420,0.140,0.140,0.340,0.200,0.540,0.130,0.260,0.140,0.470,0.290,
 0.380,0.150,0.240,0.250,0.130,0.600,0.280,0.220,0.100,0.090,0.050,0.330,
 0.270,0.560,0.160,0.190,0.770,0.520,0.300,0.040,0.190,0.180,0.140,0.180,
 0.340,0.140,0.370,0.030,0.020,0.020,0.020,0.040,0.400,0.300,0.340,0.200,
 0.010,0.040,0.110,0.140,0.300,0.010,0.010,0.010,0.000,0.020,0.460,0.060,
 0.020,0.060,0.000,0.030,0.050,0.010,0.000,0.040,0.000,0.020,0.170,0.300,
 0.060,0.020,0.000,0.010]
Training Group Acc: [0.695,0.000,0.000]
Epoch [68] Training Results: Prec@1 69.984 Prec@5 83.276 Loss 1.60048
Epoch [68] Training Class Recall: [0.640,0.592,0.417,0.399,0.321,0.519,0.500,0.540,0.574,0.542,0.462,0.353,
 0.565,0.580,0.514,0.496,0.518,0.635,0.530,0.526,0.272,0.658,0.499,0.705,
 0.445,0.570,0.506,0.620,0.677,0.629,0.712,0.611,0.614,0.675,0.632,0.624,
 0.715,0.653,0.647,0.661,0.685,0.712,0.723,0.728,0.662,0.687,0.696,0.754,
 0.674,0.778,0.713,0.745,0.773,0.734,0.764,0.771,0.769,0.755,0.778,0.807,
 0.821,0.787,0.785,0.777,0.766,0.790,0.822,0.698,0.821,0.825,0.780,0.833,
 0.821,0.631,0.818,0.816,0.825,0.849,0.798,0.838,0.837,0.822,0.829,0.770,
 0.837,0.804,0.824,0.837,0.828,0.848,0.871,0.861,0.721,0.857,0.848,0.842,
 0.871,0.855,0.777,0.859]
Testing Group Acc: [0.226,0.000,0.000]
Epoch [68] Testing Results: Prec@1 22.650 Prec@5 44.440 Loss 4.12780
Epoch [68] Testing Class Recall: [0.500,0.480,0.070,0.350,0.400,0.500,0.540,0.340,0.600,0.620,0.120,0.470,
 0.420,0.480,0.550,0.440,0.280,0.630,0.300,0.330,0.150,0.500,0.360,0.520,
 0.440,0.090,0.190,0.300,0.500,0.270,0.410,0.200,0.130,0.230,0.410,0.080,
 0.210,0.250,0.300,0.270,0.150,0.240,0.170,0.220,0.130,0.100,0.070,0.170,
 0.420,0.130,0.030,0.170,0.640,0.570,0.480,0.070,0.220,0.150,0.220,0.180,
 0.570,0.180,0.270,0.290,0.020,0.020,0.180,0.040,0.270,0.110,0.170,0.210,
 0.000,0.100,0.090,0.190,0.260,0.020,0.020,0.030,0.000,0.000,0.040,0.010,
 0.020,0.050,0.010,0.100,0.080,0.010,0.020,0.000,0.010,0.010,0.240,0.220,
 0.000,0.030,0.000,0.000]
Training Group Acc: [0.700,0.000,0.000]
Epoch [69] Training Results: Prec@1 70.407 Prec@5 83.240 Loss 1.59582
Epoch [69] Training Class Recall: [0.643,0.603,0.438,0.387,0.362,0.550,0.509,0.488,0.563,0.574,0.429,0.355,
 0.590,0.607,0.490,0.502,0.518,0.635,0.532,0.516,0.331,0.677,0.501,0.691,
 0.436,0.530,0.508,0.630,0.745,0.635,0.718,0.620,0.622,0.694,0.659,0.612,
 0.708,0.692,0.623,0.659,0.703,0.723,0.715,0.756,0.662,0.691,0.716,0.740,
 0.707,0.780,0.710,0.776,0.773,0.739,0.779,0.760,0.781,0.775,0.797,0.779,
 0.829,0.809,0.805,0.791,0.771,0.788,0.834,0.725,0.831,0.816,0.764,0.827,
 0.798,0.602,0.855,0.818,0.831,0.855,0.804,0.851,0.827,0.799,0.834,0.796,
 0.845,0.816,0.808,0.837,0.824,0.848,0.881,0.858,0.711,0.849,0.841,0.842,
 0.864,0.857,0.774,0.849]
Testing Group Acc: [0.250,0.000,0.000]
Epoch [69] Testing Results: Prec@1 25.020 Prec@5 46.720 Loss 3.93735
Epoch [69] Testing Class Recall: [0.760,0.550,0.280,0.160,0.210,0.520,0.570,0.480,0.460,0.550,0.380,0.160,
 0.650,0.460,0.300,0.230,0.470,0.640,0.530,0.440,0.330,0.680,0.410,0.590,
 0.620,0.190,0.250,0.190,0.600,0.270,0.440,0.090,0.410,0.200,0.170,0.340,
 0.200,0.310,0.260,0.390,0.210,0.360,0.380,0.240,0.000,0.100,0.210,0.410,
 0.210,0.420,0.020,0.210,0.600,0.460,0.420,0.060,0.240,0.080,0.200,0.200,
 0.550,0.180,0.180,0.030,0.050,0.050,0.150,0.050,0.370,0.230,0.400,0.440,
 0.010,0.120,0.140,0.190,0.190,0.020,0.000,0.040,0.000,0.020,0.380,0.060,
 0.040,0.030,0.000,0.030,0.000,0.010,0.000,0.000,0.000,0.000,0.120,0.070,
 0.080,0.000,0.000,0.020]
Training Group Acc: [0.695,0.000,0.000]
Epoch [70] Training Results: Prec@1 69.911 Prec@5 83.342 Loss 1.59698
Epoch [70] Training Class Recall: [0.653,0.585,0.436,0.380,0.323,0.498,0.491,0.527,0.599,0.571,0.456,0.325,
 0.594,0.598,0.512,0.487,0.511,0.645,0.530,0.512,0.285,0.667,0.462,0.711,
 0.480,0.547,0.534,0.618,0.700,0.600,0.699,0.611,0.640,0.664,0.649,0.630,
 0.702,0.688,0.645,0.623,0.706,0.690,0.690,0.730,0.672,0.684,0.704,0.760,
 0.684,0.770,0.731,0.757,0.796,0.731,0.751,0.758,0.761,0.755,0.781,0.785,
 0.840,0.801,0.791,0.757,0.757,0.772,0.824,0.733,0.823,0.827,0.757,0.835,
 0.782,0.589,0.845,0.806,0.831,0.834,0.802,0.845,0.831,0.802,0.816,0.789,
 0.837,0.816,0.821,0.834,0.826,0.852,0.871,0.856,0.717,0.859,0.841,0.840,
 0.875,0.850,0.759,0.859]
Testing Group Acc: [0.214,0.000,0.000]
Epoch [70] Testing Results: Prec@1 21.410 Prec@5 42.590 Loss 4.25378
Epoch [70] Testing Class Recall: [0.540,0.490,0.320,0.370,0.340,0.370,0.500,0.630,0.610,0.540,0.390,0.490,
 0.460,0.230,0.340,0.450,0.470,0.330,0.380,0.200,0.110,0.530,0.440,0.460,
 0.530,0.070,0.160,0.170,0.500,0.350,0.460,0.180,0.200,0.290,0.080,0.080,
 0.200,0.120,0.160,0.320,0.140,0.130,0.170,0.170,0.270,0.030,0.200,0.120,
 0.300,0.210,0.020,0.320,0.530,0.390,0.250,0.030,0.480,0.070,0.050,0.040,
 0.440,0.060,0.120,0.230,0.020,0.050,0.010,0.000,0.360,0.150,0.430,0.360,
 0.040,0.040,0.090,0.280,0.120,0.010,0.000,0.000,0.010,0.000,0.310,0.020,
 0.010,0.040,0.000,0.000,0.090,0.010,0.000,0.010,0.000,0.080,0.010,0.150,
 0.040,0.010,0.000,0.030]
Training Group Acc: [0.696,0.000,0.000]
Epoch [71] Training Results: Prec@1 69.991 Prec@5 83.387 Loss 1.59207
Epoch [71] Training Class Recall: [0.612,0.589,0.443,0.362,0.362,0.524,0.504,0.488,0.565,0.584,0.471,0.322,
 0.569,0.575,0.524,0.489,0.529,0.633,0.524,0.499,0.305,0.665,0.496,0.687,
 0.405,0.560,0.538,0.618,0.745,0.629,0.723,0.629,0.622,0.700,0.646,0.640,
 0.715,0.661,0.647,0.656,0.701,0.731,0.688,0.709,0.676,0.663,0.704,0.758,
 0.667,0.780,0.727,0.743,0.781,0.721,0.762,0.744,0.771,0.749,0.769,0.783,
 0.835,0.787,0.814,0.791,0.764,0.770,0.812,0.737,0.829,0.814,0.778,0.835,
 0.794,0.618,0.845,0.816,0.833,0.836,0.796,0.859,0.814,0.785,0.829,0.783,
 0.841,0.806,0.835,0.826,0.818,0.846,0.868,0.854,0.717,0.859,0.846,0.840,
 0.875,0.852,0.765,0.849]
Testing Group Acc: [0.221,0.000,0.000]
Epoch [71] Testing Results: Prec@1 22.080 Prec@5 44.340 Loss 4.34625
Epoch [71] Testing Class Recall: [0.550,0.410,0.340,0.190,0.310,0.550,0.510,0.440,0.580,0.580,0.290,0.490,
 0.650,0.510,0.360,0.420,0.440,0.510,0.590,0.200,0.260,0.180,0.270,0.440,
 0.420,0.100,0.180,0.230,0.430,0.570,0.360,0.150,0.320,0.130,0.170,0.110,
 0.110,0.350,0.150,0.470,0.390,0.270,0.020,0.080,0.190,0.030,0.090,0.270,
 0.200,0.170,0.080,0.060,0.630,0.470,0.240,0.030,0.560,0.050,0.170,0.300,
 0.270,0.060,0.270,0.080,0.070,0.030,0.130,0.020,0.350,0.310,0.190,0.320,
 0.000,0.060,0.050,0.230,0.190,0.020,0.000,0.000,0.030,0.030,0.110,0.050,
 0.000,0.110,0.000,0.000,0.070,0.000,0.000,0.000,0.000,0.010,0.110,0.200,
 0.040,0.000,0.000,0.050]
Training Group Acc: [0.697,0.000,0.000]
Epoch [72] Training Results: Prec@1 70.082 Prec@5 83.318 Loss 1.59534
Epoch [72] Training Class Recall: [0.638,0.589,0.426,0.362,0.358,0.513,0.491,0.512,0.568,0.567,0.426,0.336,
 0.567,0.582,0.507,0.491,0.518,0.608,0.526,0.533,0.325,0.671,0.491,0.679,
 0.471,0.564,0.549,0.628,0.715,0.637,0.701,0.604,0.638,0.662,0.640,0.638,
 0.734,0.640,0.667,0.652,0.701,0.709,0.713,0.744,0.668,0.680,0.684,0.764,
 0.694,0.778,0.725,0.763,0.785,0.739,0.781,0.750,0.775,0.755,0.795,0.779,
 0.829,0.795,0.780,0.771,0.786,0.770,0.818,0.710,0.835,0.833,0.755,0.831,
 0.806,0.627,0.841,0.821,0.829,0.834,0.792,0.857,0.837,0.799,0.829,0.768,
 0.841,0.814,0.810,0.822,0.828,0.862,0.878,0.867,0.730,0.851,0.846,0.840,
 0.869,0.855,0.768,0.854]
Testing Group Acc: [0.221,0.000,0.000]
Epoch [72] Testing Results: Prec@1 22.120 Prec@5 44.460 Loss 4.08818
Epoch [72] Testing Class Recall: [0.700,0.370,0.180,0.660,0.350,0.360,0.660,0.590,0.550,0.550,0.160,0.210,
 0.480,0.520,0.190,0.440,0.360,0.470,0.370,0.220,0.280,0.390,0.260,0.410,
 0.710,0.200,0.220,0.130,0.340,0.130,0.680,0.160,0.050,0.470,0.090,0.430,
 0.080,0.320,0.100,0.190,0.130,0.490,0.050,0.100,0.050,0.040,0.020,0.270,
 0.410,0.220,0.040,0.070,0.520,0.420,0.070,0.080,0.400,0.200,0.120,0.200,
 0.380,0.130,0.310,0.090,0.020,0.040,0.120,0.030,0.260,0.330,0.320,0.360,
 0.010,0.050,0.070,0.260,0.210,0.020,0.000,0.010,0.000,0.010,0.330,0.020,
 0.020,0.160,0.010,0.060,0.020,0.000,0.010,0.030,0.010,0.020,0.280,0.090,
 0.090,0.000,0.000,0.010]
Training Group Acc: [0.698,0.000,0.000]
Epoch [73] Training Results: Prec@1 70.251 Prec@5 83.542 Loss 1.58780
Epoch [73] Training Class Recall: [0.643,0.592,0.421,0.397,0.366,0.545,0.515,0.544,0.563,0.532,0.471,0.367,
 0.579,0.580,0.512,0.524,0.524,0.633,0.526,0.543,0.325,0.656,0.516,0.661,
 0.436,0.556,0.508,0.626,0.739,0.631,0.699,0.607,0.596,0.683,0.630,0.640,
 0.744,0.676,0.653,0.648,0.694,0.687,0.727,0.750,0.680,0.646,0.701,0.758,
 0.697,0.767,0.706,0.772,0.796,0.734,0.766,0.752,0.761,0.772,0.776,0.781,
 0.838,0.798,0.791,0.777,0.773,0.780,0.843,0.702,0.816,0.816,0.789,0.839,
 0.808,0.627,0.843,0.821,0.827,0.840,0.788,0.855,0.827,0.802,0.834,0.786,
 0.847,0.804,0.826,0.811,0.824,0.856,0.856,0.867,0.711,0.863,0.846,0.838,
 0.864,0.855,0.755,0.851]
Testing Group Acc: [0.211,0.000,0.000]
Epoch [73] Testing Results: Prec@1 21.110 Prec@5 42.430 Loss 4.39960
Epoch [73] Testing Class Recall: [0.740,0.480,0.290,0.320,0.260,0.250,0.500,0.570,0.790,0.280,0.160,0.620,
 0.590,0.720,0.310,0.550,0.610,0.570,0.250,0.360,0.530,0.340,0.340,0.590,
 0.420,0.260,0.290,0.240,0.250,0.250,0.440,0.300,0.140,0.200,0.030,0.040,
 0.040,0.130,0.200,0.370,0.170,0.570,0.040,0.090,0.110,0.010,0.010,0.200,
 0.190,0.180,0.080,0.060,0.380,0.490,0.120,0.030,0.070,0.150,0.060,0.140,
 0.390,0.250,0.270,0.230,0.000,0.000,0.040,0.000,0.390,0.290,0.290,0.280,
 0.000,0.020,0.030,0.170,0.140,0.000,0.030,0.010,0.000,0.000,0.020,0.030,
 0.000,0.090,0.000,0.040,0.050,0.010,0.000,0.010,0.000,0.000,0.090,0.080,
 0.080,0.000,0.000,0.010]
Training Group Acc: [0.696,0.000,0.000]
Epoch [74] Training Results: Prec@1 70.069 Prec@5 83.453 Loss 1.59020
Epoch [74] Training Class Recall: [0.602,0.594,0.404,0.389,0.317,0.537,0.515,0.522,0.572,0.576,0.456,0.327,
 0.600,0.591,0.484,0.489,0.553,0.604,0.534,0.507,0.318,0.667,0.494,0.701,
 0.458,0.549,0.511,0.626,0.722,0.626,0.701,0.604,0.598,0.670,0.665,0.656,
 0.710,0.672,0.647,0.654,0.688,0.717,0.696,0.764,0.664,0.650,0.704,0.740,
 0.644,0.793,0.717,0.770,0.804,0.734,0.775,0.773,0.769,0.772,0.807,0.796,
 0.840,0.785,0.810,0.783,0.782,0.778,0.820,0.710,0.827,0.835,0.772,0.837,
 0.804,0.573,0.841,0.825,0.825,0.832,0.804,0.857,0.833,0.782,0.841,0.768,
 0.834,0.800,0.821,0.839,0.824,0.843,0.871,0.863,0.708,0.849,0.850,0.840,
 0.869,0.857,0.759,0.834]
Testing Group Acc: [0.233,0.000,0.000]
Epoch [74] Testing Results: Prec@1 23.280 Prec@5 46.040 Loss 4.20834
Epoch [74] Testing Class Recall: [0.650,0.580,0.500,0.400,0.350,0.500,0.440,0.350,0.510,0.340,0.240,0.180,
 0.620,0.340,0.280,0.270,0.340,0.700,0.550,0.280,0.250,0.590,0.340,0.550,
 0.600,0.230,0.230,0.150,0.560,0.270,0.430,0.190,0.390,0.150,0.320,0.140,
 0.390,0.130,0.110,0.250,0.130,0.430,0.280,0.350,0.100,0.240,0.130,0.350,
 0.310,0.440,0.000,0.240,0.680,0.540,0.160,0.010,0.360,0.170,0.080,0.210,
 0.470,0.150,0.270,0.200,0.050,0.020,0.010,0.180,0.170,0.150,0.160,0.180,
 0.020,0.110,0.100,0.170,0.230,0.000,0.000,0.010,0.010,0.000,0.190,0.030,
 0.010,0.060,0.000,0.040,0.090,0.000,0.000,0.000,0.000,0.050,0.020,0.180,
 0.010,0.030,0.000,0.010]
Training Group Acc: [0.698,0.000,0.000]
Epoch [75] Training Results: Prec@1 70.240 Prec@5 83.596 Loss 1.59168
Epoch [75] Training Class Recall: [0.643,0.601,0.436,0.393,0.331,0.541,0.487,0.510,0.574,0.594,0.416,0.351,
 0.586,0.584,0.505,0.498,0.533,0.631,0.532,0.543,0.311,0.685,0.494,0.689,
 0.441,0.585,0.549,0.612,0.719,0.622,0.688,0.620,0.600,0.672,0.649,0.636,
 0.706,0.694,0.679,0.665,0.697,0.687,0.704,0.762,0.674,0.655,0.689,0.746,
 0.664,0.778,0.708,0.780,0.785,0.742,0.783,0.748,0.763,0.746,0.783,0.792,
 0.835,0.785,0.800,0.771,0.771,0.782,0.849,0.729,0.827,0.818,0.768,0.837,
 0.796,0.593,0.837,0.831,0.823,0.834,0.814,0.861,0.841,0.797,0.834,0.802,
 0.845,0.812,0.819,0.822,0.816,0.854,0.878,0.850,0.711,0.851,0.846,0.838,
 0.871,0.852,0.768,0.839]
Testing Group Acc: [0.224,0.000,0.000]
Epoch [75] Testing Results: Prec@1 22.390 Prec@5 45.080 Loss 4.08280
Epoch [75] Testing Class Recall: [0.730,0.520,0.330,0.570,0.110,0.260,0.490,0.350,0.560,0.400,0.430,0.170,
 0.350,0.280,0.280,0.260,0.820,0.580,0.340,0.370,0.280,0.370,0.240,0.270,
 0.310,0.270,0.100,0.070,0.420,0.110,0.620,0.330,0.260,0.250,0.290,0.370,
 0.230,0.170,0.170,0.300,0.240,0.410,0.170,0.150,0.010,0.290,0.090,0.250,
 0.440,0.470,0.160,0.190,0.810,0.500,0.240,0.000,0.150,0.150,0.230,0.110,
 0.350,0.060,0.410,0.160,0.030,0.050,0.240,0.050,0.460,0.160,0.260,0.330,
 0.010,0.060,0.190,0.180,0.150,0.040,0.020,0.010,0.000,0.000,0.120,0.010,
 0.010,0.030,0.010,0.010,0.040,0.000,0.020,0.000,0.010,0.020,0.000,0.120,
 0.030,0.010,0.000,0.040]
Training Group Acc: [0.700,0.000,0.000]
Epoch [76] Training Results: Prec@1 70.420 Prec@5 83.447 Loss 1.58351
Epoch [76] Training Class Recall: [0.648,0.626,0.417,0.403,0.344,0.554,0.522,0.531,0.572,0.571,0.466,0.344,
 0.581,0.577,0.526,0.513,0.537,0.633,0.532,0.537,0.325,0.685,0.506,0.675,
 0.414,0.574,0.538,0.628,0.730,0.646,0.701,0.604,0.635,0.666,0.626,0.634,
 0.715,0.674,0.673,0.632,0.710,0.709,0.733,0.756,0.660,0.659,0.725,0.744,
 0.674,0.778,0.698,0.747,0.789,0.742,0.758,0.758,0.775,0.746,0.792,0.796,
 0.823,0.785,0.800,0.804,0.768,0.776,0.824,0.695,0.835,0.818,0.787,0.845,
 0.798,0.618,0.845,0.810,0.831,0.838,0.804,0.843,0.816,0.805,0.841,0.786,
 0.839,0.804,0.817,0.843,0.814,0.862,0.856,0.867,0.717,0.857,0.848,0.844,
 0.869,0.861,0.768,0.849]
Testing Group Acc: [0.225,0.000,0.000]
Epoch [76] Testing Results: Prec@1 22.470 Prec@5 43.580 Loss 4.31247
Epoch [76] Testing Class Recall: [0.500,0.650,0.220,0.380,0.150,0.750,0.480,0.480,0.350,0.600,0.160,0.300,
 0.570,0.520,0.380,0.270,0.590,0.760,0.320,0.430,0.110,0.350,0.310,0.490,
 0.610,0.260,0.320,0.130,0.320,0.090,0.580,0.060,0.050,0.330,0.220,0.140,
 0.190,0.330,0.170,0.270,0.120,0.280,0.260,0.140,0.050,0.000,0.160,0.290,
 0.050,0.260,0.050,0.320,0.700,0.570,0.320,0.070,0.340,0.260,0.030,0.270,
 0.540,0.150,0.290,0.100,0.010,0.030,0.000,0.100,0.490,0.340,0.450,0.440,
 0.010,0.150,0.050,0.010,0.100,0.010,0.010,0.040,0.000,0.010,0.120,0.000,
 0.010,0.040,0.000,0.010,0.020,0.000,0.000,0.020,0.000,0.020,0.110,0.050,
 0.010,0.000,0.000,0.000]
Training Group Acc: [0.700,0.000,0.000]
Epoch [77] Training Results: Prec@1 70.442 Prec@5 83.553 Loss 1.58099
Epoch [77] Training Class Recall: [0.625,0.589,0.451,0.410,0.368,0.517,0.528,0.531,0.572,0.576,0.462,0.346,
 0.600,0.621,0.529,0.528,0.511,0.631,0.530,0.537,0.305,0.687,0.469,0.683,
 0.476,0.587,0.542,0.628,0.715,0.622,0.723,0.593,0.607,0.668,0.621,0.630,
 0.708,0.690,0.667,0.630,0.701,0.709,0.731,0.744,0.652,0.652,0.704,0.760,
 0.667,0.784,0.719,0.745,0.781,0.739,0.792,0.771,0.779,0.746,0.788,0.787,
 0.835,0.803,0.796,0.796,0.764,0.780,0.826,0.748,0.837,0.829,0.787,0.827,
 0.802,0.622,0.847,0.812,0.827,0.842,0.786,0.861,0.829,0.794,0.831,0.796,
 0.845,0.806,0.819,0.834,0.812,0.846,0.856,0.867,0.717,0.855,0.848,0.844,
 0.873,0.852,0.743,0.859]
Testing Group Acc: [0.225,0.000,0.000]
Epoch [77] Testing Results: Prec@1 22.470 Prec@5 43.630 Loss 4.37224
Epoch [77] Testing Class Recall: [0.710,0.310,0.210,0.320,0.250,0.470,0.780,0.500,0.530,0.600,0.230,0.320,
 0.460,0.460,0.110,0.630,0.460,0.730,0.400,0.430,0.290,0.460,0.300,0.610,
 0.610,0.260,0.290,0.230,0.460,0.390,0.350,0.200,0.060,0.240,0.230,0.290,
 0.160,0.360,0.090,0.230,0.190,0.190,0.150,0.310,0.040,0.110,0.060,0.290,
 0.110,0.270,0.070,0.230,0.770,0.530,0.160,0.010,0.290,0.080,0.070,0.090,
 0.470,0.090,0.270,0.060,0.020,0.030,0.090,0.010,0.260,0.290,0.190,0.440,
 0.010,0.040,0.020,0.190,0.250,0.020,0.000,0.000,0.020,0.000,0.220,0.040,
 0.000,0.070,0.000,0.060,0.000,0.000,0.010,0.010,0.010,0.030,0.000,0.160,
 0.020,0.010,0.010,0.010]
Training Group Acc: [0.702,0.000,0.000]
Epoch [78] Training Results: Prec@1 70.631 Prec@5 83.653 Loss 1.57694
Epoch [78] Training Class Recall: [0.661,0.631,0.440,0.360,0.325,0.552,0.511,0.520,0.574,0.601,0.466,0.334,
 0.590,0.605,0.501,0.493,0.537,0.639,0.542,0.533,0.305,0.679,0.519,0.693,
 0.449,0.532,0.532,0.632,0.726,0.657,0.705,0.625,0.638,0.696,0.657,0.652,
 0.706,0.694,0.625,0.637,0.710,0.742,0.704,0.726,0.672,0.670,0.720,0.764,
 0.719,0.797,0.700,0.774,0.779,0.744,0.773,0.750,0.779,0.755,0.778,0.794,
 0.827,0.790,0.810,0.798,0.775,0.776,0.830,0.698,0.833,0.831,0.785,0.843,
 0.802,0.614,0.837,0.825,0.829,0.836,0.804,0.853,0.835,0.811,0.836,0.796,
 0.856,0.796,0.821,0.839,0.804,0.858,0.878,0.863,0.717,0.853,0.837,0.852,
 0.867,0.861,0.771,0.849]
Testing Group Acc: [0.221,0.000,0.000]
Epoch [78] Testing Results: Prec@1 22.140 Prec@5 44.530 Loss 4.32200
Epoch [78] Testing Class Recall: [0.520,0.650,0.160,0.530,0.500,0.440,0.450,0.480,0.350,0.520,0.310,0.160,
 0.490,0.610,0.160,0.100,0.350,0.780,0.540,0.350,0.430,0.400,0.110,0.380,
 0.610,0.160,0.390,0.290,0.320,0.260,0.380,0.040,0.170,0.420,0.050,0.140,
 0.230,0.170,0.100,0.320,0.110,0.520,0.080,0.330,0.170,0.230,0.120,0.520,
 0.350,0.210,0.050,0.180,0.420,0.380,0.430,0.020,0.190,0.220,0.170,0.190,
 0.480,0.130,0.230,0.130,0.020,0.000,0.050,0.030,0.250,0.350,0.150,0.130,
 0.030,0.010,0.020,0.120,0.130,0.010,0.000,0.000,0.040,0.000,0.440,0.100,
 0.000,0.200,0.000,0.080,0.030,0.000,0.000,0.030,0.000,0.010,0.040,0.060,
 0.070,0.000,0.000,0.060]
Training Group Acc: [0.699,0.000,0.000]
Epoch [79] Training Results: Prec@1 70.347 Prec@5 83.538 Loss 1.58155
Epoch [79] Training Class Recall: [0.643,0.608,0.430,0.387,0.325,0.545,0.481,0.535,0.576,0.581,0.483,0.379,
 0.579,0.557,0.526,0.520,0.509,0.639,0.546,0.526,0.311,0.675,0.506,0.689,
 0.445,0.524,0.555,0.610,0.726,0.646,0.720,0.602,0.620,0.688,0.628,0.650,
 0.732,0.674,0.667,0.630,0.710,0.690,0.719,0.738,0.654,0.665,0.701,0.764,
 0.689,0.789,0.719,0.768,0.783,0.731,0.758,0.758,0.771,0.755,0.774,0.805,
 0.842,0.822,0.794,0.773,0.777,0.764,0.847,0.725,0.823,0.827,0.787,0.829,
 0.806,0.614,0.826,0.818,0.823,0.849,0.796,0.851,0.829,0.799,0.831,0.768,
 0.830,0.818,0.810,0.830,0.812,0.854,0.858,0.867,0.711,0.849,0.843,0.846,
 0.877,0.864,0.771,0.849]
Testing Group Acc: [0.229,0.000,0.000]
Epoch [79] Testing Results: Prec@1 22.870 Prec@5 44.810 Loss 4.32251
Epoch [79] Testing Class Recall: [0.580,0.600,0.230,0.270,0.430,0.530,0.530,0.580,0.750,0.560,0.410,0.350,
 0.620,0.550,0.460,0.380,0.550,0.830,0.280,0.540,0.250,0.510,0.210,0.750,
 0.190,0.200,0.170,0.400,0.380,0.280,0.450,0.190,0.180,0.250,0.080,0.070,
 0.250,0.210,0.110,0.330,0.060,0.260,0.220,0.130,0.000,0.050,0.140,0.440,
 0.400,0.280,0.080,0.060,0.530,0.430,0.110,0.020,0.440,0.280,0.160,0.200,
 0.490,0.190,0.250,0.090,0.040,0.010,0.020,0.090,0.310,0.200,0.020,0.220,
 0.010,0.030,0.030,0.030,0.210,0.010,0.010,0.000,0.010,0.000,0.270,0.010,
 0.000,0.070,0.000,0.090,0.010,0.000,0.000,0.030,0.000,0.020,0.230,0.030,
 0.060,0.000,0.000,0.000]
Training Group Acc: [0.701,0.000,0.000]
Epoch [80] Training Results: Prec@1 70.569 Prec@5 83.591 Loss 1.57340
Epoch [80] Training Class Recall: [0.648,0.596,0.404,0.389,0.364,0.541,0.537,0.520,0.586,0.559,0.481,0.334,
 0.608,0.591,0.510,0.517,0.496,0.633,0.532,0.539,0.325,0.685,0.499,0.697,
 0.471,0.583,0.553,0.614,0.707,0.633,0.718,0.631,0.627,0.688,0.655,0.662,
 0.702,0.690,0.679,0.650,0.679,0.695,0.710,0.736,0.676,0.697,0.720,0.764,
 0.704,0.789,0.731,0.761,0.767,0.736,0.758,0.765,0.769,0.772,0.778,0.807,
 0.840,0.787,0.789,0.798,0.771,0.780,0.820,0.695,0.821,0.831,0.772,0.837,
 0.823,0.585,0.831,0.818,0.837,0.842,0.792,0.853,0.835,0.805,0.824,0.770,
 0.830,0.804,0.810,0.819,0.816,0.860,0.884,0.865,0.714,0.855,0.852,0.844,
 0.875,0.845,0.771,0.856]
Testing Group Acc: [0.231,0.000,0.000]
Epoch [80] Testing Results: Prec@1 23.090 Prec@5 45.210 Loss 4.03605
Epoch [80] Testing Class Recall: [0.750,0.470,0.500,0.310,0.280,0.440,0.690,0.530,0.510,0.580,0.230,0.180,
 0.260,0.330,0.340,0.520,0.340,0.410,0.520,0.340,0.160,0.520,0.220,0.650,
 0.270,0.170,0.190,0.190,0.330,0.100,0.610,0.070,0.320,0.310,0.220,0.240,
 0.250,0.290,0.110,0.330,0.240,0.130,0.090,0.310,0.030,0.180,0.170,0.280,
 0.540,0.240,0.040,0.200,0.600,0.330,0.320,0.020,0.400,0.310,0.190,0.090,
 0.520,0.270,0.170,0.110,0.030,0.010,0.100,0.050,0.510,0.250,0.310,0.280,
 0.010,0.100,0.160,0.200,0.350,0.000,0.000,0.000,0.030,0.010,0.130,0.050,
 0.040,0.090,0.020,0.020,0.020,0.010,0.010,0.010,0.010,0.000,0.160,0.150,
 0.080,0.000,0.010,0.020]
Training Group Acc: [0.698,0.000,0.000]
Epoch [81] Training Results: Prec@1 70.187 Prec@5 83.622 Loss 1.57710
Epoch [81] Training Class Recall: [0.648,0.587,0.415,0.391,0.346,0.543,0.494,0.529,0.568,0.584,0.450,0.339,
 0.573,0.570,0.522,0.496,0.548,0.649,0.516,0.518,0.311,0.669,0.481,0.703,
 0.432,0.568,0.546,0.622,0.726,0.648,0.692,0.613,0.611,0.694,0.621,0.636,
 0.700,0.694,0.671,0.661,0.710,0.723,0.681,0.738,0.658,0.652,0.706,0.758,
 0.697,0.763,0.727,0.753,0.761,0.729,0.766,0.748,0.763,0.769,0.785,0.790,
 0.846,0.779,0.782,0.798,0.768,0.772,0.834,0.710,0.819,0.839,0.785,0.835,
 0.815,0.618,0.839,0.827,0.831,0.823,0.796,0.847,0.835,0.785,0.829,0.781,
 0.860,0.820,0.817,0.809,0.816,0.852,0.878,0.858,0.705,0.853,0.841,0.834,
 0.877,0.857,0.771,0.851]
Testing Group Acc: [0.230,0.000,0.000]
Epoch [81] Testing Results: Prec@1 22.960 Prec@5 45.320 Loss 4.25789
Epoch [81] Testing Class Recall: [0.700,0.310,0.210,0.280,0.440,0.630,0.470,0.620,0.620,0.420,0.600,0.220,
 0.450,0.530,0.470,0.310,0.250,0.570,0.490,0.400,0.220,0.420,0.130,0.760,
 0.580,0.120,0.270,0.170,0.530,0.220,0.490,0.040,0.250,0.560,0.340,0.340,
 0.330,0.200,0.090,0.340,0.120,0.170,0.420,0.300,0.020,0.070,0.240,0.420,
 0.250,0.150,0.020,0.150,0.600,0.440,0.100,0.020,0.270,0.030,0.050,0.130,
 0.550,0.050,0.370,0.040,0.000,0.010,0.000,0.010,0.290,0.180,0.240,0.420,
 0.010,0.120,0.030,0.150,0.220,0.000,0.010,0.030,0.010,0.000,0.430,0.000,
 0.000,0.120,0.000,0.030,0.000,0.000,0.000,0.000,0.000,0.010,0.130,0.120,
 0.020,0.000,0.000,0.000]
Training Group Acc: [0.699,0.000,0.000]
Epoch [82] Training Results: Prec@1 70.289 Prec@5 83.598 Loss 1.57592
Epoch [82] Training Class Recall: [0.645,0.638,0.445,0.395,0.348,0.522,0.504,0.512,0.557,0.569,0.462,0.363,
 0.606,0.612,0.516,0.515,0.498,0.620,0.540,0.516,0.331,0.681,0.506,0.701,
 0.414,0.568,0.563,0.616,0.730,0.626,0.703,0.607,0.609,0.670,0.638,0.644,
 0.689,0.686,0.655,0.634,0.712,0.726,0.704,0.717,0.668,0.680,0.720,0.746,
 0.694,0.778,0.708,0.753,0.785,0.731,0.760,0.760,0.763,0.744,0.800,0.781,
 0.835,0.806,0.807,0.781,0.751,0.778,0.839,0.725,0.835,0.814,0.776,0.823,
 0.796,0.618,0.845,0.827,0.825,0.827,0.796,0.853,0.841,0.788,0.829,0.802,
 0.849,0.810,0.821,0.830,0.816,0.843,0.853,0.858,0.708,0.857,0.841,0.842,
 0.875,0.855,0.765,0.846]
Testing Group Acc: [0.223,0.000,0.000]
Epoch [82] Testing Results: Prec@1 22.250 Prec@5 43.660 Loss 4.39760
Epoch [82] Testing Class Recall: [0.610,0.790,0.310,0.300,0.260,0.610,0.830,0.410,0.740,0.480,0.430,0.290,
 0.580,0.340,0.180,0.310,0.540,0.530,0.440,0.480,0.420,0.430,0.280,0.650,
 0.240,0.220,0.240,0.270,0.250,0.300,0.380,0.130,0.300,0.310,0.160,0.130,
 0.410,0.230,0.240,0.230,0.100,0.290,0.170,0.030,0.160,0.200,0.100,0.350,
 0.090,0.310,0.150,0.050,0.290,0.190,0.420,0.020,0.300,0.220,0.090,0.050,
 0.680,0.010,0.300,0.010,0.020,0.010,0.000,0.020,0.310,0.360,0.140,0.210,
 0.010,0.200,0.020,0.090,0.360,0.000,0.020,0.000,0.010,0.010,0.040,0.030,
 0.010,0.110,0.000,0.010,0.010,0.000,0.000,0.020,0.000,0.010,0.140,0.150,
 0.050,0.010,0.000,0.010]
Training Group Acc: [0.704,0.000,0.000]
Epoch [83] Training Results: Prec@1 70.747 Prec@5 83.680 Loss 1.56730
Epoch [83] Training Class Recall: [0.638,0.615,0.451,0.399,0.348,0.528,0.526,0.512,0.568,0.586,0.471,0.389,
 0.596,0.607,0.539,0.550,0.520,0.631,0.534,0.516,0.331,0.687,0.499,0.689,
 0.489,0.566,0.576,0.616,0.707,0.637,0.714,0.596,0.633,0.688,0.617,0.652,
 0.687,0.703,0.669,0.656,0.724,0.717,0.708,0.728,0.678,0.706,0.708,0.754,
 0.689,0.803,0.710,0.747,0.791,0.734,0.773,0.765,0.753,0.767,0.788,0.787,
 0.827,0.801,0.805,0.793,0.771,0.782,0.826,0.737,0.839,0.825,0.772,0.829,
 0.792,0.618,0.845,0.827,0.831,0.838,0.810,0.851,0.831,0.799,0.829,0.796,
 0.847,0.822,0.817,0.826,0.820,0.846,0.878,0.865,0.708,0.857,0.850,0.842,
 0.871,0.861,0.762,0.854]
Testing Group Acc: [0.214,0.000,0.000]
Epoch [83] Testing Results: Prec@1 21.410 Prec@5 42.800 Loss 4.63683
Epoch [83] Testing Class Recall: [0.730,0.720,0.500,0.260,0.250,0.570,0.460,0.760,0.590,0.550,0.300,0.270,
 0.620,0.430,0.130,0.170,0.390,0.720,0.410,0.210,0.240,0.380,0.260,0.640,
 0.670,0.260,0.230,0.170,0.400,0.180,0.470,0.110,0.240,0.380,0.100,0.110,
 0.110,0.310,0.110,0.250,0.150,0.360,0.050,0.250,0.050,0.040,0.140,0.350,
 0.140,0.180,0.050,0.130,0.480,0.380,0.070,0.020,0.330,0.210,0.030,0.210,
 0.510,0.140,0.370,0.080,0.000,0.020,0.020,0.050,0.140,0.280,0.190,0.420,
 0.020,0.020,0.060,0.050,0.110,0.000,0.030,0.000,0.010,0.000,0.250,0.050,
 0.010,0.040,0.000,0.000,0.010,0.000,0.000,0.000,0.000,0.000,0.190,0.030,
 0.020,0.000,0.000,0.010]
Training Group Acc: [0.697,0.000,0.000]
Epoch [84] Training Results: Prec@1 70.131 Prec@5 83.436 Loss 1.58123
Epoch [84] Training Class Recall: [0.656,0.592,0.406,0.393,0.325,0.504,0.489,0.465,0.593,0.581,0.460,0.339,
 0.586,0.552,0.505,0.524,0.539,0.639,0.556,0.518,0.358,0.667,0.501,0.685,
 0.458,0.581,0.557,0.610,0.741,0.615,0.701,0.593,0.605,0.662,0.619,0.608,
 0.704,0.694,0.657,0.656,0.683,0.698,0.715,0.750,0.660,0.670,0.708,0.752,
 0.704,0.784,0.727,0.755,0.781,0.729,0.758,0.787,0.783,0.746,0.783,0.783,
 0.835,0.787,0.805,0.796,0.766,0.770,0.834,0.744,0.829,0.827,0.789,0.837,
 0.806,0.610,0.841,0.825,0.829,0.834,0.796,0.838,0.835,0.797,0.821,0.786,
 0.832,0.795,0.821,0.832,0.816,0.858,0.873,0.852,0.708,0.839,0.843,0.842,
 0.877,0.857,0.759,0.856]
Testing Group Acc: [0.227,0.000,0.000]
Epoch [84] Testing Results: Prec@1 22.650 Prec@5 45.350 Loss 4.28032
Epoch [84] Testing Class Recall: [0.480,0.570,0.380,0.670,0.220,0.530,0.640,0.500,0.460,0.570,0.370,0.490,
 0.410,0.490,0.130,0.220,0.550,0.770,0.220,0.080,0.550,0.490,0.330,0.530,
 0.370,0.130,0.210,0.180,0.380,0.280,0.510,0.300,0.170,0.450,0.130,0.040,
 0.210,0.050,0.140,0.410,0.110,0.370,0.270,0.310,0.050,0.060,0.140,0.210,
 0.100,0.310,0.060,0.240,0.520,0.470,0.270,0.010,0.250,0.220,0.110,0.370,
 0.460,0.140,0.420,0.160,0.020,0.020,0.060,0.040,0.300,0.280,0.090,0.120,
 0.000,0.210,0.040,0.030,0.040,0.000,0.020,0.010,0.010,0.000,0.540,0.050,
 0.000,0.030,0.030,0.060,0.080,0.000,0.000,0.010,0.010,0.050,0.220,0.010,
 0.000,0.000,0.000,0.030]
Training Group Acc: [0.699,0.000,0.000]
Epoch [85] Training Results: Prec@1 70.296 Prec@5 83.693 Loss 1.57174
Epoch [85] Training Class Recall: [0.645,0.612,0.402,0.368,0.364,0.534,0.506,0.544,0.589,0.554,0.468,0.348,
 0.592,0.559,0.478,0.507,0.485,0.635,0.552,0.524,0.344,0.675,0.481,0.687,
 0.427,0.579,0.540,0.618,0.715,0.624,0.705,0.625,0.594,0.685,0.655,0.616,
 0.706,0.663,0.655,0.656,0.672,0.715,0.708,0.740,0.693,0.652,0.704,0.766,
 0.672,0.795,0.713,0.766,0.773,0.700,0.792,0.777,0.781,0.767,0.788,0.805,
 0.831,0.801,0.791,0.804,0.788,0.782,0.839,0.729,0.835,0.822,0.787,0.833,
 0.819,0.631,0.843,0.808,0.829,0.836,0.802,0.836,0.833,0.799,0.826,0.802,
 0.856,0.806,0.808,0.828,0.820,0.848,0.873,0.871,0.705,0.859,0.835,0.850,
 0.860,0.859,0.752,0.844]
Testing Group Acc: [0.232,0.000,0.000]
Epoch [85] Testing Results: Prec@1 23.220 Prec@5 45.350 Loss 4.19599
Epoch [85] Testing Class Recall: [0.550,0.450,0.330,0.320,0.220,0.530,0.550,0.240,0.620,0.530,0.400,0.230,
 0.490,0.250,0.160,0.520,0.460,0.540,0.180,0.410,0.300,0.430,0.360,0.520,
 0.660,0.160,0.330,0.240,0.180,0.370,0.330,0.440,0.190,0.270,0.100,0.360,
 0.230,0.260,0.250,0.260,0.310,0.220,0.290,0.120,0.080,0.030,0.040,0.340,
 0.410,0.410,0.030,0.230,0.620,0.770,0.210,0.080,0.500,0.140,0.120,0.010,
 0.560,0.110,0.140,0.250,0.020,0.000,0.070,0.050,0.310,0.230,0.530,0.170,
 0.000,0.060,0.140,0.140,0.140,0.040,0.000,0.090,0.000,0.020,0.190,0.100,
 0.060,0.150,0.000,0.070,0.060,0.020,0.000,0.010,0.020,0.070,0.090,0.070,
 0.050,0.000,0.000,0.010]
Training Group Acc: [0.704,0.000,0.000]
Epoch [86] Training Results: Prec@1 70.867 Prec@5 83.849 Loss 1.55788
Epoch [86] Training Class Recall: [0.638,0.628,0.434,0.410,0.354,0.547,0.532,0.531,0.601,0.559,0.479,0.370,
 0.600,0.568,0.518,0.511,0.535,0.645,0.550,0.512,0.291,0.658,0.519,0.693,
 0.441,0.577,0.591,0.610,0.730,0.633,0.729,0.627,0.600,0.668,0.686,0.644,
 0.736,0.686,0.675,0.630,0.710,0.704,0.738,0.750,0.685,0.693,0.708,0.760,
 0.692,0.801,0.719,0.766,0.785,0.724,0.764,0.762,0.763,0.775,0.790,0.792,
 0.846,0.798,0.789,0.808,0.777,0.766,0.841,0.702,0.829,0.822,0.787,0.829,
 0.804,0.618,0.847,0.835,0.823,0.834,0.804,0.855,0.839,0.811,0.841,0.773,
 0.839,0.816,0.806,0.832,0.814,0.848,0.866,0.863,0.724,0.865,0.846,0.846,
 0.867,0.845,0.774,0.846]
Testing Group Acc: [0.226,0.000,0.000]
Epoch [86] Testing Results: Prec@1 22.550 Prec@5 42.940 Loss 4.43183
Epoch [86] Testing Class Recall: [0.780,0.540,0.440,0.310,0.690,0.330,0.420,0.260,0.540,0.450,0.610,0.330,
 0.640,0.550,0.350,0.530,0.520,0.620,0.400,0.360,0.400,0.600,0.260,0.520,
 0.740,0.300,0.210,0.160,0.330,0.270,0.590,0.060,0.300,0.340,0.150,0.030,
 0.160,0.260,0.040,0.290,0.200,0.490,0.040,0.310,0.050,0.020,0.110,0.180,
 0.330,0.490,0.030,0.130,0.770,0.290,0.050,0.010,0.190,0.100,0.050,0.170,
 0.670,0.070,0.140,0.100,0.050,0.000,0.000,0.020,0.200,0.220,0.270,0.220,
 0.020,0.030,0.040,0.140,0.210,0.010,0.000,0.000,0.000,0.030,0.070,0.000,
 0.000,0.060,0.000,0.000,0.040,0.010,0.000,0.000,0.000,0.020,0.180,0.030,
 0.010,0.000,0.000,0.000]
Training Group Acc: [0.699,0.000,0.000]
Epoch [87] Training Results: Prec@1 70.251 Prec@5 83.620 Loss 1.57743
Epoch [87] Training Class Recall: [0.645,0.596,0.415,0.414,0.366,0.532,0.519,0.544,0.549,0.562,0.447,0.346,
 0.620,0.605,0.490,0.511,0.533,0.633,0.516,0.552,0.371,0.652,0.501,0.715,
 0.449,0.581,0.521,0.602,0.737,0.651,0.708,0.618,0.611,0.670,0.663,0.660,
 0.700,0.682,0.655,0.630,0.690,0.690,0.706,0.734,0.658,0.648,0.708,0.752,
 0.657,0.789,0.702,0.778,0.777,0.731,0.792,0.748,0.759,0.749,0.767,0.790,
 0.823,0.801,0.800,0.791,0.764,0.762,0.836,0.740,0.835,0.812,0.778,0.825,
 0.794,0.589,0.839,0.831,0.831,0.836,0.800,0.857,0.831,0.811,0.831,0.799,
 0.834,0.787,0.806,0.817,0.814,0.850,0.881,0.865,0.708,0.853,0.846,0.840,
 0.877,0.861,0.759,0.851]
Testing Group Acc: [0.230,0.000,0.000]
Epoch [87] Testing Results: Prec@1 22.990 Prec@5 44.610 Loss 4.28644
Epoch [87] Testing Class Recall: [0.610,0.520,0.360,0.230,0.260,0.520,0.390,0.490,0.530,0.530,0.310,0.490,
 0.310,0.730,0.400,0.230,0.660,0.680,0.190,0.400,0.490,0.440,0.260,0.270,
 0.610,0.230,0.130,0.060,0.390,0.200,0.300,0.270,0.240,0.410,0.630,0.120,
 0.220,0.360,0.100,0.180,0.330,0.340,0.450,0.240,0.020,0.020,0.100,0.290,
 0.170,0.240,0.060,0.140,0.470,0.600,0.320,0.020,0.120,0.100,0.110,0.120,
 0.420,0.050,0.440,0.120,0.080,0.170,0.000,0.010,0.400,0.440,0.260,0.250,
 0.000,0.140,0.040,0.070,0.270,0.000,0.010,0.010,0.000,0.020,0.510,0.020,
 0.000,0.000,0.000,0.000,0.110,0.000,0.010,0.000,0.040,0.000,0.010,0.050,
 0.010,0.000,0.000,0.020]
Training Group Acc: [0.702,0.000,0.000]
Epoch [88] Training Results: Prec@1 70.678 Prec@5 83.598 Loss 1.56843
Epoch [88] Training Class Recall: [0.656,0.624,0.453,0.393,0.372,0.541,0.511,0.525,0.593,0.574,0.441,0.346,
 0.590,0.582,0.520,0.511,0.546,0.629,0.552,0.514,0.318,0.679,0.462,0.703,
 0.396,0.581,0.576,0.636,0.724,0.655,0.703,0.613,0.629,0.655,0.646,0.634,
 0.679,0.667,0.663,0.656,0.701,0.726,0.708,0.724,0.680,0.719,0.711,0.750,
 0.672,0.799,0.743,0.766,0.798,0.729,0.760,0.760,0.775,0.752,0.788,0.798,
 0.833,0.774,0.796,0.793,0.771,0.790,0.824,0.733,0.833,0.833,0.780,0.837,
 0.800,0.602,0.833,0.814,0.825,0.849,0.800,0.847,0.833,0.808,0.839,0.809,
 0.841,0.818,0.819,0.843,0.814,0.854,0.878,0.861,0.724,0.855,0.848,0.842,
 0.873,0.859,0.781,0.854]
Testing Group Acc: [0.218,0.000,0.000]
Epoch [88] Testing Results: Prec@1 21.760 Prec@5 43.300 Loss 4.27968
Epoch [88] Testing Class Recall: [0.720,0.490,0.350,0.520,0.280,0.470,0.420,0.560,0.530,0.130,0.470,0.170,
 0.520,0.650,0.320,0.200,0.760,0.560,0.440,0.410,0.540,0.520,0.450,0.310,
 0.640,0.190,0.130,0.060,0.570,0.160,0.550,0.060,0.300,0.290,0.120,0.110,
 0.360,0.360,0.030,0.450,0.200,0.130,0.070,0.230,0.050,0.000,0.180,0.250,
 0.120,0.290,0.030,0.100,0.430,0.340,0.140,0.000,0.120,0.090,0.090,0.120,
 0.690,0.070,0.290,0.060,0.060,0.040,0.060,0.020,0.170,0.270,0.270,0.250,
 0.050,0.010,0.040,0.210,0.280,0.000,0.000,0.010,0.030,0.000,0.330,0.000,
 0.000,0.070,0.000,0.050,0.120,0.000,0.000,0.020,0.000,0.020,0.040,0.020,
 0.010,0.010,0.000,0.040]
Training Group Acc: [0.703,0.000,0.000]
Epoch [89] Training Results: Prec@1 70.702 Prec@5 83.776 Loss 1.55846
Epoch [89] Training Class Recall: [0.648,0.628,0.462,0.405,0.387,0.539,0.524,0.529,0.576,0.589,0.466,0.419,
 0.592,0.589,0.535,0.515,0.518,0.645,0.536,0.550,0.331,0.681,0.474,0.693,
 0.445,0.560,0.530,0.610,0.715,0.648,0.729,0.647,0.618,0.664,0.640,0.660,
 0.712,0.682,0.633,0.661,0.697,0.726,0.710,0.738,0.670,0.682,0.699,0.752,
 0.687,0.774,0.727,0.766,0.793,0.726,0.758,0.748,0.777,0.746,0.783,0.779,
 0.823,0.801,0.810,0.781,0.795,0.782,0.822,0.733,0.839,0.818,0.764,0.829,
 0.804,0.618,0.829,0.829,0.827,0.842,0.800,0.871,0.833,0.799,0.821,0.778,
 0.839,0.802,0.826,0.824,0.832,0.856,0.868,0.865,0.714,0.861,0.843,0.844,
 0.873,0.861,0.762,0.846]
Testing Group Acc: [0.208,0.000,0.000]
Epoch [89] Testing Results: Prec@1 20.810 Prec@5 43.300 Loss 4.09031
Epoch [89] Testing Class Recall: [0.730,0.390,0.490,0.260,0.270,0.230,0.470,0.360,0.430,0.320,0.350,0.090,
 0.410,0.460,0.310,0.480,0.360,0.670,0.240,0.140,0.190,0.330,0.180,0.380,
 0.190,0.160,0.450,0.010,0.370,0.250,0.510,0.100,0.240,0.500,0.060,0.400,
 0.270,0.200,0.170,0.320,0.110,0.490,0.130,0.260,0.090,0.030,0.110,0.180,
 0.280,0.440,0.060,0.250,0.560,0.220,0.190,0.020,0.420,0.260,0.110,0.070,
 0.320,0.350,0.170,0.200,0.010,0.030,0.160,0.010,0.070,0.210,0.390,0.210,
 0.010,0.060,0.040,0.270,0.340,0.000,0.000,0.020,0.020,0.050,0.340,0.060,
 0.030,0.050,0.000,0.070,0.070,0.020,0.000,0.040,0.030,0.020,0.020,0.060,
 0.000,0.000,0.010,0.030]
Training Group Acc: [0.701,0.000,0.000]
Epoch [90] Training Results: Prec@1 70.631 Prec@5 83.709 Loss 1.56688
Epoch [90] Training Class Recall: [0.648,0.596,0.436,0.380,0.366,0.565,0.511,0.514,0.582,0.567,0.450,0.398,
 0.584,0.577,0.501,0.500,0.533,0.637,0.530,0.524,0.252,0.683,0.514,0.693,
 0.445,0.581,0.551,0.618,0.711,0.633,0.701,0.652,0.633,0.672,0.638,0.684,
 0.727,0.680,0.645,0.659,0.692,0.729,0.715,0.744,0.687,0.659,0.723,0.770,
 0.697,0.786,0.723,0.751,0.796,0.729,0.785,0.775,0.781,0.746,0.790,0.781,
 0.821,0.809,0.794,0.804,0.773,0.760,0.853,0.687,0.835,0.818,0.785,0.835,
 0.806,0.614,0.847,0.814,0.835,0.847,0.786,0.847,0.846,0.802,0.834,0.791,
 0.828,0.814,0.821,0.837,0.808,0.852,0.873,0.861,0.711,0.849,0.841,0.844,
 0.875,0.852,0.768,0.846]
Testing Group Acc: [0.222,0.000,0.000]
Epoch [90] Testing Results: Prec@1 22.210 Prec@5 43.720 Loss 4.02953
Epoch [90] Testing Class Recall: [0.650,0.520,0.430,0.310,0.080,0.210,0.650,0.250,0.750,0.480,0.330,0.100,
 0.460,0.390,0.440,0.380,0.350,0.670,0.300,0.170,0.220,0.120,0.260,0.440,
 0.680,0.310,0.380,0.120,0.480,0.330,0.310,0.030,0.370,0.350,0.110,0.110,
 0.080,0.120,0.100,0.420,0.110,0.320,0.040,0.170,0.080,0.020,0.230,0.600,
 0.170,0.370,0.020,0.230,0.430,0.590,0.490,0.040,0.630,0.220,0.020,0.120,
 0.610,0.100,0.230,0.110,0.020,0.000,0.020,0.140,0.200,0.400,0.160,0.070,
 0.140,0.180,0.020,0.080,0.250,0.050,0.020,0.000,0.010,0.020,0.360,0.180,
 0.030,0.120,0.070,0.080,0.000,0.000,0.000,0.000,0.000,0.070,0.250,0.030,
 0.030,0.000,0.000,0.000]
Training Group Acc: [0.703,0.000,0.000]
Epoch [91] Training Results: Prec@1 70.758 Prec@5 83.722 Loss 1.55881
Epoch [91] Training Class Recall: [0.673,0.633,0.421,0.432,0.356,0.537,0.517,0.512,0.580,0.522,0.485,0.348,
 0.579,0.598,0.560,0.541,0.533,0.612,0.530,0.529,0.298,0.675,0.541,0.689,
 0.489,0.553,0.555,0.616,0.724,0.615,0.718,0.629,0.624,0.685,0.672,0.640,
 0.700,0.684,0.683,0.632,0.690,0.720,0.713,0.744,0.682,0.687,0.749,0.752,
 0.682,0.791,0.688,0.743,0.789,0.726,0.785,0.773,0.773,0.755,0.802,0.796,
 0.829,0.798,0.791,0.781,0.784,0.788,0.822,0.698,0.839,0.822,0.776,0.835,
 0.806,0.593,0.839,0.835,0.815,0.853,0.792,0.861,0.835,0.788,0.831,0.804,
 0.843,0.810,0.826,0.832,0.820,0.850,0.871,0.852,0.724,0.859,0.846,0.844,
 0.875,0.866,0.774,0.859]
Testing Group Acc: [0.226,0.000,0.000]
Epoch [91] Testing Results: Prec@1 22.610 Prec@5 44.360 Loss 4.36874
Epoch [91] Testing Class Recall: [0.560,0.530,0.250,0.310,0.470,0.310,0.830,0.310,0.540,0.640,0.100,0.150,
 0.470,0.400,0.230,0.430,0.520,0.830,0.460,0.430,0.130,0.470,0.280,0.510,
 0.760,0.340,0.250,0.220,0.530,0.160,0.250,0.230,0.220,0.540,0.260,0.110,
 0.240,0.130,0.090,0.280,0.190,0.520,0.070,0.150,0.050,0.020,0.260,0.200,
 0.120,0.370,0.040,0.080,0.590,0.390,0.170,0.040,0.330,0.080,0.050,0.180,
 0.320,0.110,0.380,0.100,0.040,0.000,0.020,0.020,0.360,0.300,0.410,0.230,
 0.040,0.280,0.040,0.170,0.100,0.020,0.060,0.040,0.020,0.000,0.350,0.000,
 0.000,0.060,0.000,0.030,0.020,0.000,0.000,0.030,0.010,0.070,0.120,0.160,
 0.020,0.000,0.000,0.010]
Training Group Acc: [0.702,0.000,0.000]
Epoch [92] Training Results: Prec@1 70.602 Prec@5 83.709 Loss 1.56530
Epoch [92] Training Class Recall: [0.638,0.606,0.432,0.405,0.374,0.556,0.541,0.520,0.584,0.562,0.481,0.384,
 0.586,0.564,0.524,0.522,0.507,0.631,0.522,0.533,0.338,0.665,0.521,0.703,
 0.467,0.583,0.563,0.612,0.724,0.637,0.692,0.622,0.609,0.675,0.669,0.662,
 0.715,0.669,0.687,0.643,0.699,0.723,0.717,0.734,0.662,0.663,0.706,0.758,
 0.707,0.795,0.713,0.759,0.789,0.726,0.762,0.765,0.781,0.761,0.778,0.787,
 0.840,0.774,0.794,0.818,0.764,0.770,0.830,0.748,0.831,0.827,0.768,0.839,
 0.812,0.627,0.826,0.823,0.827,0.832,0.812,0.849,0.829,0.794,0.831,0.778,
 0.817,0.814,0.828,0.841,0.820,0.850,0.868,0.845,0.714,0.839,0.835,0.840,
 0.871,0.855,0.771,0.846]
Testing Group Acc: [0.228,0.000,0.000]
Epoch [92] Testing Results: Prec@1 22.830 Prec@5 45.090 Loss 4.27072
Epoch [92] Testing Class Recall: [0.760,0.690,0.560,0.220,0.390,0.270,0.720,0.540,0.720,0.370,0.300,0.210,
 0.490,0.380,0.240,0.480,0.530,0.460,0.460,0.440,0.100,0.600,0.160,0.640,
 0.620,0.110,0.120,0.170,0.470,0.170,0.500,0.060,0.280,0.320,0.240,0.200,
 0.350,0.220,0.180,0.280,0.130,0.430,0.350,0.300,0.100,0.070,0.100,0.620,
 0.030,0.280,0.080,0.060,0.270,0.310,0.240,0.030,0.310,0.240,0.010,0.300,
 0.630,0.190,0.310,0.020,0.040,0.050,0.030,0.050,0.330,0.560,0.140,0.210,
 0.050,0.110,0.030,0.030,0.250,0.000,0.010,0.010,0.000,0.000,0.020,0.000,
 0.010,0.040,0.000,0.040,0.050,0.010,0.000,0.000,0.000,0.030,0.150,0.120,
 0.000,0.010,0.000,0.020]
Training Group Acc: [0.703,0.000,0.000]
Epoch [93] Training Results: Prec@1 70.729 Prec@5 83.829 Loss 1.55914
Epoch [93] Training Class Recall: [0.661,0.610,0.409,0.395,0.360,0.573,0.526,0.544,0.620,0.564,0.475,0.353,
 0.598,0.577,0.516,0.563,0.539,0.651,0.544,0.567,0.351,0.673,0.511,0.697,
 0.454,0.564,0.542,0.602,0.732,0.655,0.699,0.638,0.620,0.694,0.657,0.656,
 0.715,0.680,0.627,0.652,0.719,0.684,0.700,0.730,0.664,0.676,0.708,0.750,
 0.697,0.801,0.710,0.776,0.779,0.726,0.768,0.748,0.767,0.746,0.792,0.798,
 0.833,0.801,0.791,0.804,0.771,0.766,0.836,0.710,0.827,0.816,0.774,0.835,
 0.800,0.635,0.845,0.831,0.837,0.836,0.782,0.865,0.833,0.808,0.839,0.794,
 0.843,0.814,0.815,0.828,0.820,0.827,0.853,0.850,0.721,0.853,0.848,0.848,
 0.869,0.852,0.774,0.844]
Testing Group Acc: [0.228,0.000,0.000]
Epoch [93] Testing Results: Prec@1 22.850 Prec@5 45.010 Loss 4.22981
Epoch [93] Testing Class Recall: [0.660,0.560,0.160,0.150,0.320,0.390,0.590,0.490,0.400,0.420,0.250,0.260,
 0.660,0.570,0.200,0.380,0.350,0.720,0.460,0.180,0.560,0.370,0.370,0.520,
 0.470,0.300,0.120,0.380,0.700,0.400,0.590,0.070,0.300,0.280,0.120,0.190,
 0.330,0.500,0.050,0.210,0.240,0.320,0.200,0.610,0.030,0.030,0.110,0.390,
 0.160,0.320,0.020,0.110,0.560,0.340,0.110,0.010,0.200,0.090,0.060,0.200,
 0.620,0.080,0.320,0.060,0.010,0.020,0.080,0.030,0.310,0.240,0.150,0.360,
 0.010,0.010,0.030,0.140,0.270,0.020,0.010,0.050,0.000,0.020,0.330,0.020,
 0.000,0.030,0.010,0.100,0.020,0.000,0.030,0.010,0.000,0.000,0.140,0.140,
 0.030,0.000,0.000,0.040]
Training Group Acc: [0.703,0.000,0.000]
Epoch [94] Training Results: Prec@1 70.760 Prec@5 83.807 Loss 1.56001
Epoch [94] Training Class Recall: [0.638,0.624,0.421,0.403,0.380,0.543,0.534,0.516,0.597,0.554,0.485,0.384,
 0.594,0.600,0.522,0.559,0.531,0.639,0.552,0.518,0.331,0.710,0.499,0.701,
 0.454,0.577,0.549,0.642,0.737,0.657,0.708,0.629,0.657,0.649,0.655,0.654,
 0.700,0.669,0.651,0.652,0.685,0.695,0.696,0.717,0.676,0.693,0.711,0.770,
 0.707,0.789,0.710,0.763,0.781,0.724,0.790,0.752,0.759,0.764,0.807,0.777,
 0.829,0.814,0.787,0.783,0.773,0.788,0.830,0.733,0.823,0.827,0.776,0.835,
 0.806,0.606,0.853,0.823,0.829,0.842,0.792,0.853,0.829,0.779,0.831,0.796,
 0.832,0.808,0.808,0.830,0.818,0.839,0.866,0.856,0.721,0.855,0.841,0.844,
 0.873,0.848,0.765,0.856]
Testing Group Acc: [0.228,0.000,0.000]
Epoch [94] Testing Results: Prec@1 22.830 Prec@5 44.740 Loss 4.31131
Epoch [94] Testing Class Recall: [0.840,0.210,0.350,0.390,0.560,0.280,0.730,0.240,0.670,0.740,0.430,0.240,
 0.580,0.380,0.110,0.390,0.330,0.750,0.450,0.380,0.030,0.390,0.160,0.510,
 0.710,0.200,0.220,0.160,0.490,0.270,0.600,0.060,0.200,0.260,0.290,0.240,
 0.210,0.430,0.170,0.300,0.190,0.310,0.050,0.350,0.100,0.140,0.200,0.350,
 0.070,0.130,0.040,0.290,0.680,0.470,0.210,0.030,0.200,0.180,0.030,0.200,
 0.510,0.030,0.310,0.210,0.020,0.050,0.010,0.020,0.170,0.250,0.060,0.220,
 0.020,0.010,0.070,0.100,0.270,0.010,0.000,0.040,0.020,0.000,0.570,0.020,
 0.020,0.010,0.000,0.010,0.160,0.000,0.010,0.020,0.000,0.060,0.150,0.170,
 0.040,0.010,0.000,0.010]
Training Group Acc: [0.704,0.000,0.000]
Epoch [95] Training Results: Prec@1 70.856 Prec@5 83.856 Loss 1.55998
Epoch [95] Training Class Recall: [0.620,0.619,0.440,0.410,0.360,0.543,0.519,0.565,0.576,0.574,0.464,0.374,
 0.590,0.607,0.518,0.537,0.526,0.643,0.528,0.539,0.325,0.677,0.533,0.697,
 0.463,0.579,0.542,0.628,0.728,0.662,0.712,0.622,0.644,0.681,0.667,0.638,
 0.729,0.678,0.645,0.656,0.699,0.706,0.704,0.762,0.664,0.699,0.694,0.742,
 0.697,0.801,0.704,0.753,0.787,0.729,0.775,0.773,0.777,0.764,0.783,0.792,
 0.838,0.798,0.803,0.787,0.786,0.774,0.805,0.744,0.829,0.827,0.785,0.837,
 0.817,0.627,0.837,0.827,0.835,0.829,0.824,0.849,0.839,0.805,0.844,0.778,
 0.834,0.824,0.815,0.815,0.812,0.854,0.866,0.852,0.705,0.853,0.850,0.840,
 0.871,0.850,0.768,0.851]
Testing Group Acc: [0.235,0.000,0.000]
Epoch [95] Testing Results: Prec@1 23.520 Prec@5 45.890 Loss 4.09346
Epoch [95] Testing Class Recall: [0.650,0.520,0.510,0.350,0.390,0.370,0.520,0.330,0.590,0.370,0.300,0.380,
 0.410,0.550,0.580,0.340,0.550,0.650,0.270,0.590,0.390,0.660,0.150,0.680,
 0.640,0.320,0.310,0.180,0.240,0.210,0.570,0.130,0.110,0.510,0.300,0.190,
 0.260,0.290,0.060,0.250,0.150,0.160,0.120,0.400,0.160,0.070,0.200,0.470,
 0.040,0.320,0.070,0.120,0.550,0.450,0.240,0.040,0.180,0.170,0.060,0.180,
 0.620,0.150,0.240,0.170,0.070,0.050,0.050,0.050,0.210,0.130,0.120,0.150,
 0.020,0.110,0.030,0.070,0.440,0.010,0.000,0.060,0.000,0.030,0.350,0.020,
 0.000,0.030,0.000,0.030,0.000,0.000,0.000,0.010,0.000,0.020,0.300,0.030,
 0.060,0.010,0.000,0.060]
Training Group Acc: [0.707,0.000,0.000]
Epoch [96] Training Results: Prec@1 71.151 Prec@5 83.964 Loss 1.54773
Epoch [96] Training Class Recall: [0.658,0.624,0.466,0.416,0.382,0.541,0.530,0.518,0.610,0.564,0.483,0.377,
 0.577,0.626,0.512,0.544,0.520,0.629,0.552,0.545,0.344,0.708,0.472,0.711,
 0.467,0.587,0.565,0.626,0.730,0.662,0.690,0.670,0.642,0.703,0.663,0.668,
 0.740,0.707,0.647,0.650,0.697,0.717,0.708,0.748,0.703,0.695,0.687,0.750,
 0.662,0.797,0.692,0.766,0.791,0.718,0.770,0.785,0.751,0.784,0.800,0.787,
 0.835,0.779,0.810,0.798,0.793,0.784,0.832,0.737,0.839,0.825,0.791,0.833,
 0.804,0.618,0.833,0.810,0.827,0.834,0.810,0.855,0.835,0.799,0.839,0.794,
 0.834,0.822,0.812,0.841,0.810,0.841,0.866,0.861,0.711,0.853,0.848,0.836,
 0.871,0.864,0.771,0.849]
Testing Group Acc: [0.223,0.000,0.000]
Epoch [96] Testing Results: Prec@1 22.350 Prec@5 45.250 Loss 4.23832
Epoch [96] Testing Class Recall: [0.560,0.430,0.160,0.420,0.450,0.110,0.640,0.160,0.510,0.280,0.250,0.110,
 0.640,0.480,0.200,0.510,0.230,0.490,0.370,0.260,0.280,0.560,0.330,0.580,
 0.530,0.130,0.240,0.160,0.380,0.170,0.570,0.210,0.230,0.240,0.280,0.480,
 0.560,0.130,0.200,0.370,0.160,0.410,0.040,0.420,0.080,0.190,0.100,0.210,
 0.430,0.270,0.110,0.190,0.760,0.560,0.240,0.050,0.130,0.110,0.060,0.090,
 0.710,0.150,0.360,0.110,0.000,0.030,0.020,0.050,0.120,0.420,0.310,0.270,
 0.010,0.020,0.050,0.180,0.140,0.000,0.010,0.020,0.000,0.040,0.180,0.040,
 0.000,0.120,0.000,0.070,0.010,0.000,0.000,0.040,0.010,0.000,0.200,0.150,
 0.010,0.000,0.000,0.000]
Training Group Acc: [0.706,0.000,0.000]
Epoch [97] Training Results: Prec@1 70.998 Prec@5 83.829 Loss 1.55473
Epoch [97] Training Class Recall: [0.643,0.610,0.443,0.399,0.368,0.558,0.534,0.544,0.586,0.594,0.462,0.360,
 0.590,0.582,0.541,0.537,0.522,0.629,0.548,0.545,0.331,0.673,0.511,0.701,
 0.498,0.587,0.565,0.634,0.728,0.673,0.697,0.625,0.629,0.657,0.659,0.658,
 0.712,0.680,0.677,0.652,0.710,0.690,0.708,0.748,0.672,0.670,0.708,0.734,
 0.712,0.778,0.737,0.770,0.802,0.739,0.745,0.754,0.773,0.787,0.769,0.785,
 0.838,0.795,0.803,0.800,0.753,0.786,0.832,0.752,0.847,0.833,0.782,0.839,
 0.810,0.622,0.841,0.833,0.827,0.825,0.808,0.869,0.831,0.802,0.834,0.796,
 0.845,0.812,0.826,0.832,0.826,0.850,0.868,0.858,0.714,0.855,0.846,0.836,
 0.869,0.857,0.765,0.859]
Testing Group Acc: [0.229,0.000,0.000]
Epoch [97] Testing Results: Prec@1 22.890 Prec@5 44.680 Loss 4.25205
Epoch [97] Testing Class Recall: [0.720,0.780,0.680,0.420,0.390,0.560,0.330,0.450,0.640,0.400,0.350,0.220,
 0.610,0.400,0.380,0.270,0.460,0.470,0.220,0.340,0.350,0.710,0.120,0.740,
 0.510,0.200,0.240,0.330,0.270,0.150,0.570,0.090,0.150,0.300,0.130,0.150,
 0.160,0.310,0.130,0.390,0.130,0.550,0.110,0.260,0.080,0.060,0.090,0.240,
 0.280,0.320,0.030,0.100,0.480,0.570,0.190,0.020,0.370,0.110,0.200,0.140,
 0.510,0.080,0.350,0.110,0.010,0.000,0.050,0.070,0.370,0.500,0.030,0.370,
 0.000,0.080,0.140,0.090,0.110,0.000,0.010,0.020,0.000,0.020,0.150,0.020,
 0.000,0.060,0.000,0.030,0.010,0.000,0.000,0.000,0.000,0.010,0.150,0.060,
 0.010,0.000,0.000,0.050]
Training Group Acc: [0.705,0.000,0.000]
Epoch [98] Training Results: Prec@1 70.998 Prec@5 83.904 Loss 1.55307
Epoch [98] Training Class Recall: [0.633,0.622,0.451,0.414,0.374,0.513,0.534,0.535,0.618,0.571,0.464,0.377,
 0.610,0.591,0.522,0.533,0.542,0.647,0.526,0.564,0.305,0.671,0.511,0.685,
 0.419,0.585,0.553,0.650,0.719,0.684,0.718,0.645,0.657,0.705,0.646,0.646,
 0.721,0.688,0.651,0.665,0.708,0.720,0.700,0.746,0.662,0.687,0.699,0.740,
 0.712,0.784,0.721,0.759,0.793,0.734,0.781,0.760,0.779,0.772,0.804,0.787,
 0.825,0.782,0.789,0.804,0.788,0.780,0.822,0.729,0.839,0.818,0.770,0.819,
 0.815,0.627,0.845,0.827,0.839,0.838,0.796,0.869,0.833,0.797,0.831,0.802,
 0.822,0.804,0.806,0.832,0.818,0.854,0.868,0.865,0.714,0.849,0.837,0.850,
 0.871,0.852,0.765,0.844]
Testing Group Acc: [0.226,0.000,0.000]
Epoch [98] Testing Results: Prec@1 22.640 Prec@5 45.750 Loss 4.21558
Epoch [98] Testing Class Recall: [0.400,0.580,0.380,0.450,0.270,0.620,0.620,0.600,0.460,0.660,0.470,0.400,
 0.470,0.540,0.050,0.300,0.570,0.680,0.190,0.370,0.430,0.560,0.330,0.490,
 0.310,0.250,0.030,0.050,0.400,0.370,0.390,0.340,0.110,0.400,0.010,0.350,
 0.180,0.160,0.210,0.160,0.100,0.240,0.110,0.220,0.130,0.140,0.030,0.410,
 0.450,0.310,0.000,0.130,0.350,0.340,0.230,0.010,0.150,0.180,0.100,0.310,
 0.730,0.060,0.300,0.050,0.030,0.030,0.300,0.000,0.230,0.320,0.410,0.160,
 0.010,0.220,0.120,0.230,0.230,0.020,0.000,0.010,0.000,0.000,0.170,0.040,
 0.020,0.000,0.010,0.050,0.040,0.000,0.000,0.000,0.000,0.050,0.090,0.080,
 0.050,0.010,0.000,0.020]
Training Group Acc: [0.702,0.000,0.000]
Epoch [99] Training Results: Prec@1 70.682 Prec@5 83.958 Loss 1.55507
Epoch [99] Training Class Recall: [0.625,0.573,0.455,0.439,0.380,0.567,0.515,0.540,0.582,0.537,0.456,0.367,
 0.622,0.584,0.529,0.515,0.531,0.624,0.564,0.526,0.285,0.679,0.489,0.687,
 0.449,0.577,0.534,0.622,0.732,0.679,0.720,0.627,0.614,0.690,0.657,0.646,
 0.715,0.680,0.675,0.639,0.681,0.717,0.723,0.748,0.687,0.689,0.699,0.772,
 0.694,0.789,0.700,0.757,0.783,0.705,0.764,0.765,0.755,0.749,0.795,0.800,
 0.831,0.790,0.782,0.793,0.777,0.776,0.839,0.733,0.845,0.820,0.787,0.847,
 0.800,0.593,0.843,0.829,0.831,0.844,0.808,0.863,0.818,0.797,0.836,0.775,
 0.837,0.816,0.810,0.824,0.816,0.848,0.853,0.858,0.714,0.851,0.846,0.838,
 0.864,0.850,0.768,0.841]
Testing Group Acc: [0.226,0.000,0.000]
Epoch [99] Testing Results: Prec@1 22.560 Prec@5 45.000 Loss 4.09896
Epoch [99] Testing Class Recall: [0.420,0.410,0.300,0.470,0.370,0.340,0.800,0.610,0.400,0.360,0.680,0.300,
 0.380,0.500,0.250,0.470,0.490,0.680,0.450,0.320,0.330,0.420,0.170,0.480,
 0.390,0.070,0.300,0.110,0.420,0.180,0.610,0.060,0.250,0.280,0.060,0.100,
 0.220,0.260,0.250,0.330,0.060,0.260,0.130,0.350,0.150,0.160,0.110,0.180,
 0.230,0.620,0.050,0.170,0.610,0.350,0.490,0.050,0.270,0.110,0.240,0.160,
 0.460,0.070,0.220,0.110,0.050,0.010,0.040,0.020,0.140,0.310,0.200,0.220,
 0.040,0.150,0.080,0.270,0.310,0.010,0.010,0.000,0.020,0.010,0.210,0.030,
 0.000,0.080,0.000,0.000,0.090,0.010,0.000,0.010,0.000,0.030,0.070,0.180,
 0.020,0.010,0.000,0.030]
Training Group Acc: [0.705,0.000,0.000]
Epoch [100] Training Results: Prec@1 70.904 Prec@5 84.109 Loss 1.54444
Epoch [100] Training Class Recall: [0.656,0.612,0.440,0.428,0.393,0.552,0.522,0.507,0.586,0.581,0.462,0.382,
 0.608,0.603,0.514,0.528,0.529,0.631,0.550,0.526,0.344,0.677,0.519,0.705,
 0.454,0.591,0.555,0.636,0.719,0.631,0.714,0.629,0.640,0.664,0.640,0.660,
 0.732,0.709,0.653,0.672,0.710,0.720,0.710,0.709,0.680,0.659,0.708,0.738,
 0.697,0.780,0.713,0.747,0.773,0.747,0.755,0.754,0.761,0.784,0.800,0.787,
 0.833,0.782,0.796,0.783,0.780,0.774,0.853,0.725,0.837,0.812,0.778,0.825,
 0.808,0.618,0.839,0.831,0.831,0.844,0.800,0.855,0.833,0.808,0.829,0.781,
 0.826,0.822,0.828,0.837,0.814,0.854,0.876,0.869,0.727,0.851,0.848,0.846,
 0.877,0.866,0.784,0.854]
Testing Group Acc: [0.234,0.000,0.000]
Epoch [100] Testing Results: Prec@1 23.420 Prec@5 45.680 Loss 4.14388
Epoch [100] Testing Class Recall: [0.690,0.410,0.190,0.270,0.310,0.580,0.620,0.420,0.580,0.640,0.220,0.330,
 0.350,0.670,0.530,0.290,0.240,0.550,0.280,0.310,0.250,0.460,0.320,0.600,
 0.400,0.170,0.250,0.320,0.500,0.220,0.480,0.050,0.200,0.440,0.220,0.230,
 0.360,0.230,0.300,0.410,0.220,0.400,0.130,0.450,0.140,0.020,0.110,0.310,
 0.230,0.290,0.030,0.050,0.750,0.500,0.340,0.000,0.180,0.020,0.160,0.060,
 0.540,0.240,0.200,0.200,0.040,0.010,0.070,0.010,0.270,0.390,0.260,0.180,
 0.000,0.120,0.080,0.070,0.270,0.010,0.040,0.030,0.000,0.040,0.110,0.000,
 0.010,0.070,0.020,0.190,0.060,0.030,0.020,0.020,0.000,0.030,0.350,0.130,
 0.000,0.000,0.000,0.030]
Training Group Acc: [0.703,0.000,0.000]
Epoch [101] Training Results: Prec@1 70.698 Prec@5 83.929 Loss 1.55320
Epoch [101] Training Class Recall: [0.663,0.603,0.462,0.412,0.354,0.552,0.534,0.540,0.582,0.594,0.468,0.372,
 0.581,0.559,0.520,0.548,0.535,0.637,0.524,0.520,0.338,0.665,0.496,0.685,
 0.445,0.570,0.546,0.624,0.741,0.653,0.712,0.629,0.583,0.670,0.701,0.642,
 0.723,0.649,0.689,0.661,0.672,0.717,0.708,0.744,0.674,0.678,0.713,0.740,
 0.707,0.789,0.710,0.757,0.793,0.729,0.764,0.756,0.765,0.746,0.769,0.820,
 0.838,0.806,0.814,0.785,0.759,0.772,0.803,0.725,0.833,0.827,0.776,0.823,
 0.810,0.606,0.833,0.827,0.835,0.840,0.814,0.855,0.839,0.791,0.847,0.802,
 0.841,0.810,0.810,0.822,0.822,0.850,0.866,0.861,0.721,0.851,0.848,0.852,
 0.873,0.855,0.774,0.839]
Testing Group Acc: [0.214,0.000,0.000]
Epoch [101] Testing Results: Prec@1 21.370 Prec@5 43.450 Loss 4.55890
Epoch [101] Testing Class Recall: [0.570,0.770,0.490,0.160,0.550,0.450,0.870,0.530,0.600,0.520,0.090,0.200,
 0.630,0.280,0.310,0.350,0.210,0.620,0.180,0.180,0.290,0.420,0.180,0.780,
 0.340,0.220,0.370,0.350,0.440,0.240,0.510,0.140,0.330,0.440,0.080,0.240,
 0.360,0.270,0.080,0.280,0.170,0.230,0.270,0.130,0.300,0.010,0.140,0.330,
 0.100,0.220,0.050,0.130,0.430,0.300,0.270,0.000,0.060,0.070,0.080,0.260,
 0.420,0.060,0.080,0.040,0.030,0.000,0.050,0.040,0.430,0.330,0.030,0.130,
 0.000,0.150,0.000,0.200,0.190,0.010,0.000,0.000,0.000,0.050,0.010,0.030,
 0.020,0.180,0.000,0.030,0.010,0.000,0.010,0.000,0.000,0.020,0.190,0.100,
 0.050,0.000,0.000,0.010]
Training Group Acc: [0.703,0.000,0.000]
Epoch [102] Training Results: Prec@1 70.736 Prec@5 83.931 Loss 1.54997
Epoch [102] Training Class Recall: [0.658,0.633,0.421,0.412,0.344,0.537,0.515,0.537,0.565,0.574,0.492,0.374,
 0.575,0.566,0.516,0.531,0.511,0.637,0.512,0.550,0.358,0.677,0.536,0.693,
 0.445,0.595,0.563,0.622,0.728,0.670,0.716,0.607,0.622,0.681,0.640,0.684,
 0.710,0.692,0.685,0.648,0.706,0.715,0.706,0.750,0.666,0.687,0.725,0.740,
 0.702,0.776,0.725,0.757,0.808,0.698,0.781,0.752,0.757,0.781,0.778,0.790,
 0.838,0.793,0.791,0.796,0.771,0.786,0.836,0.721,0.827,0.814,0.776,0.833,
 0.794,0.622,0.839,0.823,0.833,0.844,0.800,0.855,0.839,0.811,0.831,0.791,
 0.834,0.810,0.810,0.809,0.814,0.852,0.866,0.858,0.727,0.863,0.843,0.836,
 0.871,0.850,0.755,0.849]
Testing Group Acc: [0.219,0.000,0.000]
Epoch [102] Testing Results: Prec@1 21.870 Prec@5 42.950 Loss 4.34228
Epoch [102] Testing Class Recall: [0.700,0.340,0.430,0.330,0.300,0.300,0.680,0.510,0.800,0.640,0.170,0.190,
 0.570,0.610,0.400,0.290,0.540,0.690,0.220,0.290,0.160,0.480,0.360,0.610,
 0.530,0.100,0.170,0.100,0.440,0.070,0.540,0.080,0.360,0.330,0.090,0.050,
 0.130,0.210,0.080,0.330,0.170,0.410,0.160,0.240,0.000,0.100,0.260,0.410,
 0.460,0.360,0.010,0.170,0.630,0.350,0.260,0.040,0.410,0.060,0.010,0.250,
 0.490,0.070,0.200,0.070,0.000,0.010,0.020,0.020,0.080,0.310,0.350,0.180,
 0.010,0.040,0.080,0.080,0.230,0.000,0.000,0.000,0.010,0.000,0.130,0.000,
 0.040,0.000,0.000,0.020,0.150,0.000,0.000,0.000,0.000,0.020,0.080,0.090,
 0.110,0.000,0.000,0.000]
Training Group Acc: [0.706,0.000,0.000]
Epoch [103] Training Results: Prec@1 71.036 Prec@5 83.956 Loss 1.53969
Epoch [103] Training Class Recall: [0.653,0.589,0.440,0.422,0.378,0.526,0.498,0.495,0.624,0.599,0.462,0.365,
 0.600,0.621,0.512,0.535,0.542,0.649,0.556,0.531,0.331,0.685,0.501,0.695,
 0.480,0.581,0.568,0.618,0.737,0.659,0.703,0.636,0.653,0.675,0.653,0.664,
 0.712,0.709,0.679,0.637,0.706,0.712,0.744,0.750,0.682,0.678,0.728,0.764,
 0.697,0.797,0.717,0.751,0.791,0.705,0.758,0.762,0.775,0.738,0.802,0.787,
 0.829,0.798,0.812,0.777,0.771,0.772,0.851,0.740,0.849,0.820,0.787,0.825,
 0.812,0.606,0.833,0.823,0.827,0.832,0.814,0.838,0.846,0.785,0.834,0.778,
 0.819,0.814,0.826,0.841,0.820,0.852,0.873,0.867,0.717,0.853,0.852,0.844,
 0.879,0.855,0.777,0.849]
Testing Group Acc: [0.209,0.000,0.000]
Epoch [103] Testing Results: Prec@1 20.900 Prec@5 42.510 Loss 4.29095
Epoch [103] Testing Class Recall: [0.660,0.510,0.330,0.200,0.380,0.530,0.480,0.590,0.560,0.450,0.350,0.180,
 0.280,0.470,0.400,0.230,0.310,0.520,0.620,0.090,0.360,0.380,0.220,0.660,
 0.760,0.150,0.220,0.250,0.540,0.150,0.430,0.140,0.280,0.130,0.130,0.110,
 0.220,0.300,0.190,0.400,0.120,0.270,0.020,0.110,0.070,0.210,0.090,0.400,
 0.310,0.200,0.040,0.080,0.640,0.470,0.030,0.110,0.220,0.200,0.090,0.180,
 0.390,0.070,0.080,0.060,0.080,0.000,0.140,0.010,0.380,0.220,0.200,0.170,
 0.030,0.020,0.080,0.270,0.180,0.020,0.010,0.050,0.000,0.010,0.030,0.000,
 0.010,0.060,0.000,0.040,0.020,0.010,0.020,0.000,0.020,0.000,0.160,0.010,
 0.000,0.000,0.000,0.030]
Training Group Acc: [0.706,0.000,0.000]
Epoch [104] Training Results: Prec@1 71.082 Prec@5 83.927 Loss 1.54391
Epoch [104] Training Class Recall: [0.640,0.654,0.474,0.439,0.356,0.541,0.552,0.570,0.593,0.618,0.481,0.403,
 0.590,0.598,0.522,0.557,0.539,0.629,0.534,0.539,0.331,0.663,0.506,0.713,
 0.414,0.616,0.576,0.626,0.739,0.673,0.725,0.643,0.620,0.685,0.659,0.642,
 0.723,0.672,0.655,0.632,0.683,0.726,0.708,0.754,0.699,0.689,0.716,0.768,
 0.679,0.784,0.737,0.741,0.781,0.752,0.779,0.765,0.769,0.758,0.795,0.796,
 0.842,0.779,0.780,0.787,0.764,0.780,0.834,0.721,0.839,0.801,0.762,0.833,
 0.804,0.598,0.831,0.825,0.833,0.836,0.792,0.845,0.833,0.802,0.841,0.773,
 0.834,0.818,0.821,0.834,0.806,0.850,0.868,0.869,0.711,0.849,0.850,0.840,
 0.873,0.850,0.759,0.841]
Testing Group Acc: [0.242,0.000,0.000]
Epoch [104] Testing Results: Prec@1 24.210 Prec@5 46.630 Loss 4.08789
Epoch [104] Testing Class Recall: [0.650,0.340,0.300,0.210,0.340,0.580,0.510,0.330,0.370,0.630,0.340,0.250,
 0.590,0.510,0.300,0.350,0.480,0.630,0.400,0.400,0.450,0.370,0.390,0.290,
 0.610,0.130,0.380,0.130,0.230,0.190,0.410,0.240,0.300,0.240,0.270,0.330,
 0.170,0.410,0.310,0.420,0.280,0.450,0.180,0.160,0.060,0.030,0.090,0.280,
 0.470,0.220,0.070,0.390,0.530,0.650,0.240,0.040,0.230,0.240,0.070,0.270,
 0.340,0.270,0.370,0.030,0.040,0.030,0.090,0.020,0.390,0.400,0.240,0.330,
 0.000,0.090,0.100,0.300,0.190,0.030,0.020,0.030,0.000,0.000,0.260,0.040,
 0.060,0.130,0.040,0.250,0.170,0.000,0.000,0.040,0.000,0.000,0.050,0.130,
 0.000,0.000,0.000,0.000]
Training Group Acc: [0.708,0.000,0.000]
Epoch [105] Training Results: Prec@1 71.207 Prec@5 83.984 Loss 1.54638
Epoch [105] Training Class Recall: [0.679,0.617,0.447,0.405,0.395,0.537,0.524,0.520,0.599,0.584,0.481,0.396,
 0.571,0.584,0.512,0.522,0.529,0.643,0.546,0.550,0.291,0.677,0.501,0.707,
 0.529,0.583,0.574,0.620,0.737,0.637,0.718,0.647,0.642,0.696,0.665,0.662,
 0.734,0.711,0.703,0.639,0.719,0.731,0.742,0.752,0.670,0.704,0.723,0.736,
 0.709,0.797,0.727,0.761,0.779,0.736,0.770,0.752,0.777,0.769,0.781,0.811,
 0.825,0.803,0.800,0.783,0.782,0.760,0.830,0.725,0.825,0.833,0.782,0.837,
 0.815,0.622,0.851,0.823,0.821,0.840,0.804,0.845,0.812,0.774,0.836,0.802,
 0.841,0.818,0.815,0.832,0.818,0.856,0.866,0.854,0.711,0.857,0.843,0.846,
 0.871,0.857,0.771,0.854]
Testing Group Acc: [0.219,0.000,0.000]
Epoch [105] Testing Results: Prec@1 21.910 Prec@5 43.380 Loss 4.23364
Epoch [105] Testing Class Recall: [0.540,0.690,0.300,0.250,0.110,0.370,0.720,0.550,0.780,0.450,0.280,0.100,
 0.440,0.440,0.250,0.250,0.620,0.480,0.530,0.150,0.260,0.650,0.100,0.420,
 0.510,0.140,0.250,0.160,0.220,0.260,0.640,0.060,0.270,0.220,0.080,0.170,
 0.330,0.270,0.100,0.360,0.250,0.210,0.060,0.050,0.090,0.040,0.090,0.480,
 0.290,0.240,0.080,0.140,0.560,0.470,0.360,0.000,0.190,0.230,0.200,0.130,
 0.400,0.220,0.330,0.040,0.010,0.050,0.150,0.080,0.350,0.250,0.250,0.430,
 0.110,0.030,0.080,0.100,0.360,0.040,0.010,0.000,0.020,0.000,0.250,0.000,
 0.040,0.010,0.010,0.000,0.060,0.000,0.000,0.000,0.000,0.080,0.010,0.160,
 0.000,0.030,0.000,0.020]
Training Group Acc: [0.707,0.000,0.000]
Epoch [106] Training Results: Prec@1 71.149 Prec@5 83.764 Loss 1.55085
Epoch [106] Training Class Recall: [0.645,0.626,0.443,0.401,0.389,0.554,0.528,0.552,0.599,0.579,0.513,0.377,
 0.592,0.610,0.526,0.515,0.533,0.645,0.564,0.564,0.325,0.675,0.499,0.687,
 0.427,0.585,0.536,0.604,0.741,0.657,0.725,0.618,0.655,0.700,0.651,0.678,
 0.704,0.651,0.679,0.634,0.703,0.723,0.723,0.744,0.689,0.699,0.713,0.756,
 0.717,0.776,0.737,0.761,0.806,0.726,0.773,0.769,0.773,0.732,0.792,0.794,
 0.829,0.782,0.803,0.793,0.788,0.780,0.807,0.714,0.841,0.825,0.780,0.839,
 0.806,0.643,0.847,0.814,0.837,0.847,0.802,0.861,0.839,0.808,0.841,0.783,
 0.828,0.814,0.819,0.822,0.822,0.841,0.873,0.869,0.724,0.847,0.846,0.844,
 0.875,0.859,0.774,0.846]
Testing Group Acc: [0.223,0.000,0.000]
Epoch [106] Testing Results: Prec@1 22.330 Prec@5 43.730 Loss 4.32330
Epoch [106] Testing Class Recall: [0.630,0.370,0.380,0.240,0.420,0.590,0.420,0.260,0.400,0.360,0.500,0.530,
 0.460,0.260,0.380,0.650,0.470,0.760,0.250,0.390,0.500,0.380,0.340,0.500,
 0.710,0.180,0.240,0.080,0.490,0.230,0.400,0.170,0.300,0.220,0.340,0.070,
 0.310,0.310,0.420,0.210,0.110,0.260,0.180,0.290,0.060,0.010,0.000,0.170,
 0.120,0.450,0.090,0.150,0.330,0.760,0.090,0.000,0.220,0.220,0.100,0.320,
 0.640,0.110,0.250,0.010,0.070,0.000,0.010,0.040,0.150,0.410,0.210,0.170,
 0.000,0.080,0.050,0.020,0.200,0.000,0.000,0.000,0.000,0.010,0.220,0.030,
 0.000,0.140,0.000,0.000,0.010,0.000,0.000,0.000,0.000,0.070,0.120,0.230,
 0.030,0.000,0.000,0.000]
Training Group Acc: [0.709,0.000,0.000]
Epoch [107] Training Results: Prec@1 71.304 Prec@5 84.220 Loss 1.53744
Epoch [107] Training Class Recall: [0.668,0.640,0.438,0.422,0.397,0.532,0.545,0.537,0.595,0.606,0.508,0.363,
 0.586,0.580,0.554,0.531,0.546,0.651,0.534,0.531,0.305,0.679,0.533,0.695,
 0.458,0.610,0.519,0.626,0.726,0.657,0.727,0.627,0.648,0.685,0.672,0.680,
 0.736,0.701,0.673,0.656,0.699,0.731,0.733,0.738,0.687,0.680,0.713,0.764,
 0.712,0.784,0.719,0.761,0.769,0.739,0.783,0.748,0.779,0.772,0.802,0.796,
 0.844,0.801,0.794,0.769,0.768,0.778,0.830,0.756,0.833,0.812,0.778,0.831,
 0.812,0.631,0.847,0.818,0.831,0.834,0.790,0.863,0.837,0.794,0.836,0.791,
 0.856,0.800,0.817,0.837,0.824,0.856,0.871,0.854,0.724,0.855,0.846,0.844,
 0.871,0.859,0.759,0.856]
Testing Group Acc: [0.228,0.000,0.000]
Epoch [107] Testing Results: Prec@1 22.810 Prec@5 44.610 Loss 4.23322
Epoch [107] Testing Class Recall: [0.720,0.440,0.490,0.160,0.370,0.660,0.510,0.570,0.540,0.510,0.370,0.140,
 0.480,0.510,0.310,0.570,0.700,0.610,0.510,0.380,0.210,0.200,0.380,0.560,
 0.570,0.130,0.310,0.180,0.500,0.290,0.420,0.420,0.150,0.330,0.090,0.220,
 0.130,0.280,0.070,0.240,0.080,0.330,0.080,0.230,0.050,0.030,0.190,0.480,
 0.140,0.120,0.260,0.110,0.500,0.450,0.240,0.000,0.330,0.110,0.080,0.130,
 0.500,0.070,0.300,0.120,0.100,0.000,0.030,0.020,0.360,0.120,0.280,0.390,
 0.020,0.240,0.040,0.040,0.160,0.020,0.010,0.000,0.010,0.000,0.100,0.040,
 0.000,0.150,0.000,0.000,0.030,0.010,0.020,0.000,0.010,0.040,0.230,0.110,
 0.050,0.000,0.020,0.000]
Training Group Acc: [0.710,0.000,0.000]
Epoch [108] Training Results: Prec@1 71.429 Prec@5 84.140 Loss 1.53400
Epoch [108] Training Class Recall: [0.656,0.633,0.443,0.424,0.401,0.569,0.504,0.529,0.599,0.584,0.477,0.391,
 0.606,0.607,0.535,0.528,0.544,0.629,0.576,0.560,0.325,0.679,0.523,0.709,
 0.489,0.604,0.546,0.622,0.756,0.673,0.690,0.634,0.640,0.666,0.672,0.658,
 0.732,0.669,0.681,0.654,0.744,0.717,0.738,0.754,0.674,0.678,0.728,0.744,
 0.697,0.786,0.717,0.766,0.798,0.742,0.768,0.785,0.785,0.767,0.781,0.816,
 0.829,0.779,0.812,0.806,0.773,0.764,0.836,0.725,0.831,0.827,0.772,0.839,
 0.796,0.627,0.847,0.829,0.833,0.836,0.802,0.861,0.825,0.788,0.829,0.796,
 0.841,0.816,0.830,0.839,0.826,0.846,0.878,0.865,0.730,0.859,0.841,0.848,
 0.875,0.855,0.768,0.837]
Testing Group Acc: [0.231,0.000,0.000]
Epoch [108] Testing Results: Prec@1 23.140 Prec@5 44.430 Loss 4.27113
Epoch [108] Testing Class Recall: [0.580,0.590,0.340,0.470,0.540,0.470,0.420,0.730,0.620,0.520,0.410,0.070,
 0.400,0.260,0.280,0.360,0.530,0.430,0.490,0.270,0.430,0.560,0.340,0.610,
 0.620,0.120,0.310,0.290,0.370,0.430,0.330,0.060,0.120,0.330,0.160,0.180,
 0.280,0.510,0.170,0.180,0.250,0.160,0.170,0.190,0.060,0.040,0.190,0.350,
 0.260,0.450,0.040,0.150,0.750,0.380,0.260,0.010,0.170,0.110,0.140,0.150,
 0.480,0.110,0.120,0.070,0.050,0.010,0.030,0.030,0.430,0.370,0.280,0.360,
 0.030,0.060,0.060,0.170,0.180,0.010,0.000,0.010,0.000,0.020,0.130,0.030,
 0.000,0.090,0.060,0.140,0.020,0.000,0.000,0.000,0.030,0.000,0.100,0.190,
 0.010,0.000,0.000,0.000]
Training Group Acc: [0.707,0.000,0.000]
Epoch [109] Training Results: Prec@1 71.091 Prec@5 83.933 Loss 1.53866
Epoch [109] Training Class Recall: [0.638,0.626,0.428,0.426,0.362,0.550,0.509,0.518,0.601,0.579,0.471,0.367,
 0.592,0.612,0.552,0.528,0.557,0.653,0.550,0.529,0.305,0.685,0.496,0.689,
 0.498,0.595,0.563,0.608,0.745,0.659,0.703,0.622,0.633,0.694,0.661,0.668,
 0.734,0.694,0.669,0.639,0.697,0.715,0.708,0.738,0.680,0.689,0.735,0.746,
 0.704,0.818,0.721,0.766,0.781,0.736,0.751,0.760,0.779,0.767,0.792,0.796,
 0.825,0.803,0.798,0.802,0.777,0.772,0.826,0.725,0.827,0.829,0.793,0.833,
 0.815,0.622,0.839,0.829,0.839,0.834,0.802,0.853,0.833,0.794,0.831,0.789,
 0.852,0.812,0.819,0.834,0.822,0.846,0.861,0.861,0.727,0.851,0.846,0.836,
 0.869,0.850,0.765,0.849]
Testing Group Acc: [0.242,0.000,0.000]
Epoch [109] Testing Results: Prec@1 24.180 Prec@5 46.640 Loss 4.09018
Epoch [109] Testing Class Recall: [0.660,0.520,0.290,0.510,0.050,0.530,0.430,0.330,0.310,0.400,0.580,0.150,
 0.490,0.340,0.090,0.510,0.710,0.570,0.340,0.380,0.220,0.520,0.230,0.480,
 0.520,0.220,0.170,0.180,0.470,0.300,0.580,0.250,0.200,0.610,0.200,0.270,
 0.380,0.310,0.120,0.360,0.250,0.520,0.280,0.110,0.140,0.150,0.200,0.380,
 0.390,0.500,0.140,0.200,0.500,0.580,0.160,0.000,0.280,0.150,0.120,0.270,
 0.600,0.100,0.230,0.130,0.070,0.030,0.080,0.030,0.430,0.160,0.290,0.210,
 0.070,0.080,0.080,0.390,0.210,0.010,0.010,0.010,0.000,0.010,0.310,0.030,
 0.040,0.090,0.010,0.000,0.080,0.000,0.030,0.000,0.000,0.000,0.140,0.050,
 0.050,0.010,0.000,0.010]
Training Group Acc: [0.710,0.000,0.000]
Epoch [110] Training Results: Prec@1 71.422 Prec@5 84.193 Loss 1.52959
Epoch [110] Training Class Recall: [0.635,0.638,0.470,0.407,0.401,0.558,0.545,0.510,0.593,0.576,0.471,0.389,
 0.592,0.619,0.507,0.539,0.546,0.649,0.578,0.581,0.311,0.695,0.536,0.705,
 0.458,0.593,0.563,0.644,0.730,0.651,0.718,0.652,0.677,0.672,0.669,0.654,
 0.736,0.692,0.663,0.654,0.701,0.717,0.727,0.768,0.697,0.697,0.701,0.750,
 0.714,0.808,0.727,0.784,0.793,0.739,0.775,0.760,0.753,0.758,0.804,0.787,
 0.833,0.809,0.800,0.773,0.771,0.770,0.832,0.706,0.839,0.820,0.776,0.843,
 0.794,0.627,0.839,0.825,0.831,0.842,0.808,0.851,0.841,0.799,0.849,0.791,
 0.839,0.808,0.815,0.819,0.816,0.848,0.866,0.867,0.711,0.857,0.846,0.842,
 0.864,0.857,0.771,0.837]
Testing Group Acc: [0.233,0.000,0.000]
Epoch [110] Testing Results: Prec@1 23.320 Prec@5 44.810 Loss 4.10302
Epoch [110] Testing Class Recall: [0.550,0.670,0.030,0.330,0.320,0.300,0.530,0.530,0.350,0.520,0.270,0.400,
 0.540,0.540,0.210,0.140,0.410,0.680,0.260,0.230,0.320,0.720,0.260,0.760,
 0.490,0.220,0.280,0.410,0.340,0.170,0.460,0.220,0.140,0.290,0.050,0.340,
 0.310,0.300,0.230,0.280,0.240,0.480,0.240,0.080,0.020,0.140,0.100,0.470,
 0.240,0.230,0.050,0.200,0.650,0.700,0.530,0.040,0.430,0.100,0.140,0.100,
 0.520,0.170,0.180,0.150,0.070,0.000,0.080,0.040,0.270,0.280,0.280,0.170,
 0.040,0.000,0.030,0.100,0.300,0.040,0.010,0.000,0.000,0.000,0.290,0.060,
 0.010,0.120,0.000,0.060,0.120,0.030,0.000,0.020,0.000,0.000,0.140,0.030,
 0.070,0.030,0.000,0.030]
Training Group Acc: [0.707,0.000,0.000]
Epoch [111] Training Results: Prec@1 71.067 Prec@5 84.018 Loss 1.53768
Epoch [111] Training Class Recall: [0.661,0.622,0.447,0.441,0.384,0.541,0.541,0.533,0.608,0.576,0.475,0.403,
 0.598,0.584,0.514,0.533,0.531,0.629,0.546,0.550,0.325,0.683,0.523,0.701,
 0.467,0.553,0.551,0.638,0.709,0.659,0.720,0.627,0.653,0.683,0.651,0.674,
 0.719,0.688,0.681,0.650,0.706,0.734,0.725,0.720,0.654,0.682,0.740,0.762,
 0.697,0.782,0.733,0.759,0.777,0.752,0.798,0.756,0.769,0.741,0.781,0.783,
 0.831,0.782,0.812,0.777,0.784,0.766,0.845,0.740,0.841,0.814,0.782,0.827,
 0.815,0.618,0.839,0.821,0.831,0.834,0.790,0.845,0.825,0.797,0.839,0.796,
 0.837,0.802,0.824,0.843,0.810,0.856,0.863,0.848,0.717,0.847,0.843,0.842,
 0.871,0.861,0.777,0.856]
Testing Group Acc: [0.212,0.000,0.000]
Epoch [111] Testing Results: Prec@1 21.200 Prec@5 42.040 Loss 4.46996
Epoch [111] Testing Class Recall: [0.550,0.680,0.520,0.250,0.670,0.310,0.480,0.610,0.610,0.370,0.230,0.070,
 0.570,0.530,0.250,0.460,0.440,0.750,0.230,0.510,0.240,0.310,0.390,0.800,
 0.540,0.210,0.150,0.150,0.430,0.280,0.450,0.100,0.270,0.270,0.020,0.010,
 0.280,0.090,0.190,0.340,0.110,0.330,0.170,0.300,0.090,0.080,0.020,0.270,
 0.060,0.310,0.040,0.020,0.480,0.600,0.060,0.040,0.160,0.150,0.030,0.240,
 0.530,0.150,0.230,0.100,0.070,0.010,0.020,0.020,0.220,0.300,0.120,0.070,
 0.000,0.090,0.040,0.150,0.180,0.030,0.000,0.000,0.000,0.000,0.290,0.050,
 0.000,0.070,0.000,0.040,0.010,0.000,0.010,0.000,0.000,0.000,0.040,0.160,
 0.030,0.000,0.000,0.000]
Training Group Acc: [0.711,0.000,0.000]
Epoch [112] Training Results: Prec@1 71.458 Prec@5 84.260 Loss 1.53388
Epoch [112] Training Class Recall: [0.673,0.633,0.464,0.435,0.409,0.550,0.517,0.555,0.553,0.596,0.462,0.400,
 0.622,0.603,0.518,0.555,0.555,0.629,0.570,0.550,0.371,0.701,0.546,0.701,
 0.458,0.589,0.582,0.630,0.732,0.677,0.712,0.607,0.659,0.666,0.667,0.668,
 0.691,0.686,0.675,0.641,0.719,0.717,0.731,0.766,0.678,0.695,0.704,0.778,
 0.704,0.812,0.725,0.770,0.802,0.742,0.777,0.750,0.789,0.767,0.790,0.796,
 0.829,0.787,0.805,0.781,0.762,0.786,0.845,0.752,0.835,0.816,0.778,0.835,
 0.808,0.622,0.829,0.827,0.833,0.836,0.798,0.851,0.835,0.802,0.836,0.789,
 0.837,0.806,0.810,0.817,0.822,0.846,0.856,0.861,0.721,0.859,0.846,0.844,
 0.873,0.855,0.765,0.854]
Testing Group Acc: [0.234,0.000,0.000]
Epoch [112] Testing Results: Prec@1 23.380 Prec@5 44.020 Loss 4.25593
Epoch [112] Testing Class Recall: [0.720,0.620,0.430,0.210,0.210,0.630,0.400,0.320,0.260,0.470,0.240,0.370,
 0.540,0.430,0.040,0.380,0.480,0.810,0.420,0.540,0.550,0.650,0.300,0.710,
 0.580,0.320,0.190,0.200,0.500,0.280,0.520,0.070,0.070,0.240,0.040,0.100,
 0.150,0.420,0.050,0.190,0.290,0.460,0.080,0.010,0.130,0.130,0.120,0.550,
 0.350,0.400,0.030,0.110,0.470,0.300,0.340,0.020,0.350,0.260,0.470,0.260,
 0.390,0.100,0.180,0.180,0.000,0.010,0.040,0.040,0.420,0.310,0.110,0.090,
 0.060,0.110,0.080,0.020,0.220,0.040,0.100,0.030,0.010,0.010,0.320,0.010,
 0.020,0.260,0.000,0.060,0.010,0.000,0.030,0.030,0.000,0.000,0.280,0.030,
 0.000,0.000,0.000,0.000]
Training Group Acc: [0.707,0.000,0.000]
Epoch [113] Training Results: Prec@1 71.056 Prec@5 84.127 Loss 1.54066
Epoch [113] Training Class Recall: [0.648,0.628,0.466,0.418,0.382,0.558,0.524,0.540,0.586,0.564,0.479,0.398,
 0.620,0.610,0.522,0.520,0.529,0.637,0.550,0.539,0.325,0.693,0.506,0.695,
 0.502,0.560,0.549,0.608,0.756,0.646,0.733,0.618,0.640,0.705,0.651,0.646,
 0.706,0.680,0.673,0.663,0.721,0.740,0.723,0.742,0.674,0.701,0.728,0.748,
 0.697,0.795,0.696,0.757,0.767,0.700,0.758,0.790,0.761,0.758,0.800,0.805,
 0.823,0.803,0.789,0.793,0.782,0.778,0.832,0.718,0.825,0.831,0.764,0.829,
 0.821,0.639,0.831,0.816,0.823,0.832,0.806,0.859,0.831,0.808,0.836,0.791,
 0.837,0.810,0.815,0.837,0.818,0.852,0.863,0.856,0.698,0.849,0.848,0.836,
 0.871,0.859,0.768,0.859]
Testing Group Acc: [0.224,0.000,0.000]
Epoch [113] Testing Results: Prec@1 22.380 Prec@5 44.380 Loss 4.47437
Epoch [113] Testing Class Recall: [0.490,0.500,0.520,0.280,0.620,0.360,0.750,0.540,0.620,0.600,0.310,0.320,
 0.640,0.440,0.260,0.240,0.400,0.550,0.650,0.250,0.450,0.470,0.340,0.640,
 0.410,0.110,0.210,0.110,0.430,0.220,0.590,0.210,0.200,0.340,0.190,0.010,
 0.110,0.100,0.080,0.400,0.160,0.220,0.290,0.260,0.090,0.130,0.080,0.330,
 0.250,0.310,0.020,0.110,0.480,0.390,0.330,0.040,0.260,0.080,0.070,0.120,
 0.410,0.090,0.210,0.070,0.000,0.020,0.060,0.040,0.220,0.290,0.200,0.280,
 0.010,0.070,0.050,0.250,0.350,0.000,0.000,0.000,0.000,0.010,0.150,0.030,
 0.010,0.100,0.000,0.170,0.060,0.000,0.030,0.020,0.000,0.000,0.080,0.000,
 0.110,0.010,0.000,0.000]
Training Group Acc: [0.709,0.000,0.000]
Epoch [114] Training Results: Prec@1 71.316 Prec@5 84.082 Loss 1.53050
Epoch [114] Training Class Recall: [0.651,0.615,0.449,0.403,0.356,0.595,0.519,0.567,0.599,0.589,0.464,0.434,
 0.624,0.614,0.526,0.555,0.518,0.645,0.534,0.543,0.331,0.683,0.516,0.709,
 0.449,0.614,0.565,0.600,0.730,0.692,0.733,0.638,0.627,0.692,0.649,0.666,
 0.723,0.728,0.681,0.648,0.712,0.704,0.742,0.746,0.670,0.676,0.742,0.768,
 0.704,0.789,0.731,0.766,0.785,0.739,0.760,0.769,0.765,0.764,0.771,0.803,
 0.833,0.809,0.800,0.765,0.768,0.784,0.822,0.710,0.827,0.831,0.801,0.829,
 0.810,0.602,0.837,0.814,0.835,0.834,0.812,0.863,0.823,0.797,0.834,0.781,
 0.837,0.800,0.810,0.828,0.816,0.864,0.858,0.858,0.711,0.863,0.848,0.842,
 0.875,0.864,0.759,0.834]
Testing Group Acc: [0.235,0.000,0.000]
Epoch [114] Testing Results: Prec@1 23.480 Prec@5 45.230 Loss 4.16171
Epoch [114] Testing Class Recall: [0.650,0.430,0.430,0.190,0.550,0.170,0.310,0.680,0.800,0.470,0.320,0.430,
 0.650,0.590,0.160,0.520,0.480,0.410,0.430,0.330,0.480,0.460,0.180,0.580,
 0.670,0.340,0.110,0.310,0.450,0.210,0.350,0.230,0.190,0.450,0.150,0.240,
 0.240,0.040,0.260,0.170,0.220,0.370,0.180,0.270,0.130,0.070,0.060,0.340,
 0.330,0.240,0.110,0.060,0.620,0.250,0.290,0.020,0.320,0.070,0.040,0.090,
 0.640,0.080,0.220,0.140,0.000,0.020,0.010,0.080,0.430,0.320,0.130,0.490,
 0.040,0.140,0.030,0.050,0.390,0.040,0.020,0.020,0.020,0.000,0.190,0.070,
 0.010,0.120,0.000,0.010,0.090,0.000,0.000,0.000,0.000,0.020,0.360,0.090,
 0.000,0.000,0.000,0.020]
Training Group Acc: [0.707,0.000,0.000]
Epoch [115] Training Results: Prec@1 71.153 Prec@5 84.107 Loss 1.53997
Epoch [115] Training Class Recall: [0.666,0.628,0.430,0.414,0.370,0.584,0.530,0.535,0.580,0.603,0.471,0.384,
 0.606,0.594,0.520,0.509,0.542,0.655,0.540,0.526,0.298,0.673,0.531,0.709,
 0.489,0.593,0.565,0.658,0.719,0.670,0.714,0.625,0.635,0.711,0.667,0.662,
 0.717,0.686,0.655,0.648,0.710,0.709,0.708,0.768,0.689,0.687,0.708,0.746,
 0.697,0.780,0.747,0.759,0.793,0.724,0.755,0.758,0.767,0.761,0.776,0.805,
 0.840,0.798,0.800,0.796,0.768,0.788,0.828,0.733,0.823,0.820,0.789,0.829,
 0.796,0.631,0.849,0.814,0.827,0.829,0.796,0.855,0.837,0.808,0.831,0.799,
 0.849,0.820,0.795,0.839,0.814,0.852,0.871,0.854,0.717,0.843,0.843,0.846,
 0.858,0.859,0.774,0.859]
Testing Group Acc: [0.217,0.000,0.000]
Epoch [115] Testing Results: Prec@1 21.670 Prec@5 43.930 Loss 4.24588
Epoch [115] Testing Class Recall: [0.530,0.380,0.220,0.430,0.520,0.580,0.530,0.480,0.610,0.480,0.210,0.410,
 0.490,0.680,0.540,0.240,0.310,0.670,0.380,0.280,0.080,0.650,0.250,0.260,
 0.370,0.130,0.190,0.410,0.360,0.190,0.510,0.020,0.170,0.420,0.350,0.130,
 0.130,0.220,0.010,0.350,0.270,0.390,0.330,0.210,0.040,0.030,0.200,0.220,
 0.190,0.350,0.030,0.110,0.650,0.600,0.160,0.030,0.260,0.200,0.100,0.160,
 0.380,0.030,0.080,0.120,0.020,0.010,0.000,0.040,0.200,0.410,0.060,0.150,
 0.000,0.110,0.050,0.110,0.370,0.020,0.010,0.100,0.020,0.020,0.230,0.010,
 0.040,0.070,0.010,0.000,0.020,0.000,0.010,0.020,0.000,0.010,0.080,0.100,
 0.020,0.030,0.000,0.010]
Training Group Acc: [0.706,0.000,0.000]
Epoch [116] Training Results: Prec@1 70.973 Prec@5 84.011 Loss 1.54028
Epoch [116] Training Class Recall: [0.643,0.654,0.451,0.428,0.384,0.550,0.504,0.522,0.589,0.576,0.450,0.400,
 0.598,0.568,0.569,0.502,0.531,0.618,0.556,0.558,0.358,0.691,0.521,0.679,
 0.485,0.595,0.538,0.634,0.717,0.651,0.695,0.620,0.638,0.672,0.659,0.660,
 0.706,0.688,0.657,0.650,0.708,0.720,0.729,0.746,0.666,0.706,0.720,0.738,
 0.677,0.801,0.708,0.751,0.781,0.731,0.768,0.767,0.755,0.755,0.785,0.805,
 0.835,0.801,0.800,0.810,0.777,0.780,0.843,0.710,0.835,0.831,0.797,0.835,
 0.804,0.618,0.849,0.823,0.833,0.840,0.798,0.847,0.831,0.791,0.839,0.781,
 0.828,0.818,0.828,0.830,0.820,0.835,0.861,0.856,0.724,0.853,0.848,0.848,
 0.879,0.848,0.762,0.849]
Testing Group Acc: [0.244,0.000,0.000]
Epoch [116] Testing Results: Prec@1 24.350 Prec@5 46.750 Loss 3.89152
Epoch [116] Testing Class Recall: [0.500,0.500,0.400,0.150,0.270,0.190,0.440,0.420,0.630,0.490,0.320,0.330,
 0.620,0.340,0.260,0.410,0.480,0.650,0.150,0.570,0.220,0.690,0.250,0.660,
 0.440,0.370,0.290,0.080,0.450,0.370,0.260,0.230,0.140,0.400,0.180,0.270,
 0.240,0.190,0.060,0.250,0.240,0.490,0.180,0.320,0.290,0.060,0.100,0.450,
 0.300,0.340,0.080,0.180,0.460,0.600,0.300,0.030,0.300,0.400,0.170,0.330,
 0.610,0.230,0.210,0.150,0.030,0.000,0.040,0.040,0.330,0.430,0.240,0.240,
 0.010,0.120,0.050,0.210,0.330,0.010,0.030,0.090,0.000,0.020,0.410,0.000,
 0.050,0.130,0.000,0.040,0.070,0.000,0.010,0.020,0.010,0.040,0.080,0.250,
 0.000,0.030,0.000,0.010]
Training Group Acc: [0.708,0.000,0.000]
Epoch [117] Training Results: Prec@1 71.238 Prec@5 84.042 Loss 1.52875
Epoch [117] Training Class Recall: [0.630,0.606,0.428,0.389,0.401,0.573,0.532,0.537,0.597,0.584,0.496,0.374,
 0.590,0.605,0.558,0.531,0.544,0.657,0.552,0.581,0.344,0.665,0.528,0.693,
 0.441,0.579,0.563,0.626,0.756,0.644,0.708,0.622,0.653,0.681,0.680,0.648,
 0.732,0.713,0.673,0.639,0.737,0.740,0.677,0.734,0.676,0.691,0.745,0.750,
 0.717,0.803,0.719,0.768,0.789,0.698,0.764,0.783,0.767,0.761,0.783,0.779,
 0.831,0.793,0.800,0.789,0.773,0.780,0.820,0.748,0.831,0.820,0.776,0.841,
 0.817,0.606,0.826,0.835,0.831,0.842,0.800,0.849,0.825,0.765,0.841,0.791,
 0.837,0.816,0.821,0.837,0.822,0.852,0.871,0.869,0.717,0.857,0.854,0.848,
 0.875,0.852,0.765,0.854]
Testing Group Acc: [0.237,0.000,0.000]
Epoch [117] Testing Results: Prec@1 23.680 Prec@5 45.510 Loss 4.09729
Epoch [117] Testing Class Recall: [0.590,0.770,0.260,0.160,0.260,0.300,0.690,0.490,0.500,0.510,0.260,0.460,
 0.500,0.590,0.260,0.310,0.440,0.620,0.320,0.300,0.440,0.610,0.300,0.720,
 0.610,0.230,0.210,0.170,0.360,0.340,0.530,0.150,0.290,0.530,0.070,0.260,
 0.120,0.150,0.110,0.380,0.140,0.340,0.080,0.180,0.010,0.230,0.050,0.670,
 0.390,0.340,0.060,0.260,0.440,0.250,0.410,0.080,0.300,0.080,0.160,0.160,
 0.590,0.190,0.460,0.060,0.010,0.040,0.130,0.160,0.200,0.450,0.200,0.070,
 0.050,0.030,0.140,0.160,0.090,0.010,0.010,0.020,0.000,0.020,0.380,0.010,
 0.010,0.080,0.000,0.070,0.010,0.000,0.060,0.000,0.000,0.030,0.080,0.030,
 0.010,0.000,0.000,0.020]
Training Group Acc: [0.708,0.000,0.000]
Epoch [118] Training Results: Prec@1 71.238 Prec@5 84.296 Loss 1.53115
Epoch [118] Training Class Recall: [0.671,0.640,0.432,0.399,0.378,0.547,0.550,0.546,0.589,0.591,0.492,0.377,
 0.584,0.577,0.535,0.528,0.544,0.635,0.566,0.552,0.305,0.695,0.551,0.721,
 0.471,0.577,0.557,0.604,0.724,0.670,0.718,0.640,0.629,0.672,0.672,0.670,
 0.715,0.703,0.651,0.663,0.694,0.731,0.723,0.758,0.711,0.697,0.711,0.760,
 0.704,0.793,0.721,0.751,0.781,0.729,0.773,0.777,0.793,0.761,0.774,0.807,
 0.823,0.785,0.805,0.787,0.764,0.788,0.845,0.725,0.835,0.812,0.782,0.831,
 0.798,0.610,0.839,0.833,0.833,0.844,0.790,0.859,0.827,0.794,0.831,0.778,
 0.832,0.802,0.812,0.834,0.820,0.850,0.876,0.858,0.711,0.849,0.848,0.848,
 0.869,0.857,0.768,0.856]
Testing Group Acc: [0.232,0.000,0.000]
Epoch [118] Testing Results: Prec@1 23.160 Prec@5 45.010 Loss 4.20905
Epoch [118] Testing Class Recall: [0.530,0.570,0.320,0.440,0.270,0.420,0.460,0.300,0.350,0.670,0.180,0.340,
 0.640,0.530,0.310,0.440,0.670,0.750,0.360,0.440,0.180,0.460,0.270,0.400,
 0.490,0.220,0.200,0.230,0.490,0.260,0.550,0.240,0.120,0.490,0.220,0.110,
 0.150,0.190,0.080,0.270,0.230,0.300,0.290,0.410,0.030,0.000,0.220,0.180,
 0.080,0.380,0.240,0.120,0.710,0.450,0.310,0.050,0.070,0.160,0.060,0.090,
 0.590,0.040,0.270,0.240,0.030,0.020,0.100,0.020,0.190,0.260,0.110,0.520,
 0.010,0.060,0.140,0.210,0.250,0.060,0.010,0.030,0.020,0.020,0.510,0.020,
 0.000,0.170,0.000,0.040,0.030,0.000,0.000,0.030,0.000,0.000,0.000,0.090,
 0.030,0.020,0.000,0.030]
Training Group Acc: [0.707,0.000,0.000]
Epoch [119] Training Results: Prec@1 71.129 Prec@5 84.164 Loss 1.53631
Epoch [119] Training Class Recall: [0.663,0.624,0.419,0.401,0.358,0.562,0.532,0.540,0.586,0.564,0.494,0.389,
 0.581,0.573,0.539,0.515,0.546,0.641,0.546,0.558,0.364,0.691,0.509,0.695,
 0.458,0.604,0.557,0.634,0.754,0.655,0.718,0.611,0.670,0.666,0.684,0.678,
 0.719,0.701,0.675,0.641,0.697,0.715,0.723,0.762,0.687,0.652,0.713,0.740,
 0.689,0.784,0.762,0.747,0.783,0.747,0.758,0.756,0.763,0.772,0.785,0.783,
 0.835,0.803,0.805,0.810,0.766,0.776,0.832,0.737,0.831,0.816,0.782,0.845,
 0.810,0.618,0.847,0.827,0.819,0.834,0.804,0.857,0.846,0.782,0.841,0.770,
 0.847,0.818,0.808,0.824,0.818,0.858,0.876,0.863,0.717,0.847,0.843,0.830,
 0.877,0.857,0.774,0.839]
Testing Group Acc: [0.209,0.000,0.000]
Epoch [119] Testing Results: Prec@1 20.860 Prec@5 42.830 Loss 4.52807
Epoch [119] Testing Class Recall: [0.350,0.520,0.590,0.140,0.450,0.630,0.430,0.500,0.660,0.350,0.460,0.150,
 0.670,0.620,0.330,0.170,0.450,0.600,0.380,0.380,0.400,0.440,0.160,0.580,
 0.430,0.270,0.160,0.220,0.180,0.200,0.590,0.140,0.350,0.150,0.290,0.080,
 0.220,0.400,0.120,0.350,0.190,0.350,0.240,0.000,0.040,0.110,0.090,0.340,
 0.130,0.310,0.050,0.110,0.630,0.290,0.220,0.020,0.180,0.070,0.070,0.070,
 0.360,0.110,0.100,0.070,0.040,0.010,0.050,0.010,0.250,0.320,0.400,0.100,
 0.000,0.030,0.090,0.040,0.110,0.000,0.050,0.020,0.000,0.000,0.170,0.090,
 0.000,0.010,0.000,0.130,0.060,0.000,0.000,0.000,0.000,0.000,0.090,0.030,
 0.040,0.000,0.000,0.010]
Training Group Acc: [0.709,0.000,0.000]
Epoch [120] Training Results: Prec@1 71.269 Prec@5 84.078 Loss 1.53528
Epoch [120] Training Class Recall: [0.668,0.628,0.432,0.412,0.395,0.537,0.517,0.548,0.595,0.599,0.458,0.405,
 0.614,0.605,0.533,0.528,0.553,0.653,0.560,0.552,0.344,0.712,0.494,0.673,
 0.515,0.574,0.576,0.644,0.702,0.651,0.729,0.620,0.648,0.696,0.646,0.682,
 0.734,0.690,0.685,0.645,0.710,0.748,0.725,0.730,0.682,0.697,0.730,0.766,
 0.684,0.803,0.727,0.743,0.781,0.718,0.745,0.765,0.767,0.767,0.800,0.794,
 0.818,0.803,0.803,0.785,0.764,0.782,0.820,0.740,0.839,0.831,0.778,0.831,
 0.800,0.643,0.841,0.821,0.827,0.840,0.794,0.843,0.827,0.802,0.834,0.794,
 0.837,0.828,0.819,0.834,0.824,0.852,0.856,0.867,0.717,0.847,0.850,0.846,
 0.873,0.855,0.759,0.844]
Testing Group Acc: [0.241,0.000,0.000]
Epoch [120] Testing Results: Prec@1 24.060 Prec@5 45.200 Loss 4.09525
Epoch [120] Testing Class Recall: [0.790,0.450,0.290,0.110,0.520,0.670,0.470,0.460,0.340,0.600,0.520,0.310,
 0.520,0.450,0.310,0.490,0.360,0.740,0.260,0.400,0.460,0.680,0.370,0.310,
 0.620,0.120,0.170,0.070,0.330,0.310,0.370,0.290,0.350,0.450,0.170,0.460,
 0.250,0.340,0.150,0.260,0.080,0.190,0.100,0.300,0.130,0.090,0.130,0.380,
 0.340,0.180,0.150,0.320,0.490,0.660,0.320,0.040,0.310,0.090,0.020,0.270,
 0.610,0.080,0.250,0.100,0.040,0.000,0.030,0.030,0.450,0.160,0.230,0.280,
 0.000,0.160,0.030,0.080,0.190,0.020,0.000,0.060,0.020,0.010,0.340,0.060,
 0.020,0.130,0.000,0.010,0.010,0.000,0.130,0.030,0.000,0.000,0.270,0.010,
 0.020,0.000,0.010,0.010]
Training Group Acc: [0.712,0.000,0.000]
Epoch [121] Training Results: Prec@1 71.591 Prec@5 84.138 Loss 1.52628
Epoch [121] Training Class Recall: [0.673,0.617,0.443,0.428,0.403,0.541,0.543,0.576,0.586,0.586,0.525,0.415,
 0.622,0.587,0.552,0.590,0.542,0.655,0.558,0.588,0.311,0.679,0.538,0.675,
 0.485,0.608,0.586,0.632,0.719,0.688,0.740,0.647,0.638,0.672,0.690,0.650,
 0.708,0.694,0.677,0.641,0.708,0.729,0.721,0.705,0.693,0.691,0.728,0.778,
 0.699,0.791,0.727,0.770,0.789,0.724,0.773,0.783,0.757,0.758,0.800,0.796,
 0.816,0.803,0.794,0.796,0.762,0.786,0.836,0.733,0.825,0.803,0.787,0.833,
 0.806,0.614,0.835,0.825,0.829,0.842,0.800,0.865,0.829,0.819,0.811,0.789,
 0.832,0.820,0.824,0.822,0.826,0.843,0.861,0.867,0.717,0.863,0.841,0.848,
 0.873,0.857,0.752,0.844]
Testing Group Acc: [0.232,0.000,0.000]
Epoch [121] Testing Results: Prec@1 23.180 Prec@5 45.440 Loss 4.24432
Epoch [121] Testing Class Recall: [0.610,0.880,0.250,0.140,0.210,0.490,0.510,0.480,0.650,0.440,0.260,0.360,
 0.670,0.320,0.320,0.400,0.550,0.520,0.320,0.350,0.300,0.500,0.510,0.740,
 0.570,0.040,0.370,0.090,0.170,0.190,0.510,0.130,0.210,0.520,0.120,0.420,
 0.150,0.150,0.110,0.300,0.220,0.480,0.320,0.330,0.080,0.090,0.170,0.300,
 0.260,0.300,0.090,0.090,0.330,0.380,0.230,0.010,0.500,0.060,0.230,0.260,
 0.520,0.130,0.160,0.090,0.040,0.020,0.020,0.010,0.330,0.380,0.150,0.260,
 0.100,0.050,0.080,0.180,0.370,0.010,0.000,0.020,0.020,0.000,0.240,0.000,
 0.000,0.100,0.000,0.020,0.030,0.000,0.000,0.020,0.000,0.000,0.130,0.030,
 0.060,0.020,0.000,0.030]
Training Group Acc: [0.707,0.000,0.000]
Epoch [122] Training Results: Prec@1 71.138 Prec@5 84.200 Loss 1.52870
Epoch [122] Training Class Recall: [0.648,0.606,0.466,0.439,0.368,0.558,0.539,0.531,0.572,0.599,0.483,0.393,
 0.614,0.614,0.514,0.539,0.535,0.637,0.532,0.545,0.344,0.687,0.523,0.705,
 0.454,0.539,0.574,0.632,0.730,0.668,0.725,0.645,0.616,0.664,0.669,0.660,
 0.719,0.665,0.655,0.667,0.697,0.729,0.731,0.750,0.685,0.695,0.711,0.750,
 0.717,0.795,0.741,0.747,0.798,0.718,0.770,0.752,0.767,0.761,0.811,0.796,
 0.848,0.811,0.807,0.785,0.782,0.772,0.820,0.706,0.823,0.808,0.795,0.839,
 0.800,0.598,0.839,0.833,0.825,0.832,0.804,0.853,0.837,0.799,0.824,0.791,
 0.839,0.814,0.821,0.841,0.826,0.843,0.853,0.863,0.717,0.841,0.852,0.844,
 0.871,0.859,0.765,0.839]
Testing Group Acc: [0.225,0.000,0.000]
Epoch [122] Testing Results: Prec@1 22.530 Prec@5 44.370 Loss 4.40302
Epoch [122] Testing Class Recall: [0.790,0.760,0.400,0.150,0.530,0.790,0.590,0.330,0.720,0.490,0.340,0.310,
 0.410,0.370,0.270,0.220,0.420,0.710,0.370,0.500,0.290,0.550,0.090,0.500,
 0.450,0.170,0.280,0.100,0.380,0.230,0.380,0.310,0.310,0.530,0.230,0.030,
 0.240,0.130,0.200,0.470,0.060,0.450,0.050,0.410,0.090,0.170,0.010,0.210,
 0.050,0.330,0.000,0.130,0.210,0.460,0.170,0.010,0.330,0.190,0.050,0.210,
 0.530,0.230,0.360,0.080,0.030,0.030,0.030,0.050,0.340,0.310,0.240,0.290,
 0.000,0.100,0.040,0.000,0.310,0.000,0.000,0.020,0.020,0.000,0.160,0.030,
 0.000,0.040,0.000,0.030,0.020,0.000,0.000,0.010,0.010,0.000,0.090,0.010,
 0.120,0.000,0.000,0.070]
Training Group Acc: [0.709,0.000,0.000]
Epoch [123] Training Results: Prec@1 71.327 Prec@5 84.211 Loss 1.53099
Epoch [123] Training Class Recall: [0.645,0.617,0.421,0.391,0.391,0.569,0.543,0.552,0.591,0.608,0.492,0.389,
 0.598,0.568,0.554,0.546,0.555,0.637,0.558,0.545,0.311,0.661,0.528,0.709,
 0.449,0.587,0.530,0.658,0.779,0.666,0.729,0.647,0.644,0.679,0.688,0.666,
 0.712,0.707,0.639,0.641,0.712,0.726,0.710,0.754,0.678,0.727,0.711,0.754,
 0.702,0.791,0.733,0.741,0.765,0.718,0.790,0.785,0.767,0.761,0.797,0.805,
 0.818,0.795,0.814,0.796,0.777,0.782,0.851,0.744,0.831,0.827,0.770,0.831,
 0.796,0.577,0.837,0.823,0.827,0.840,0.794,0.855,0.816,0.794,0.836,0.789,
 0.858,0.806,0.824,0.843,0.822,0.850,0.873,0.858,0.708,0.855,0.852,0.842,
 0.871,0.852,0.768,0.839]
Testing Group Acc: [0.229,0.000,0.000]
Epoch [123] Testing Results: Prec@1 22.930 Prec@5 44.310 Loss 4.35704
Epoch [123] Testing Class Recall: [0.800,0.850,0.560,0.460,0.610,0.310,0.660,0.400,0.620,0.650,0.180,0.370,
 0.530,0.400,0.370,0.350,0.560,0.600,0.460,0.290,0.460,0.610,0.290,0.600,
 0.670,0.250,0.180,0.230,0.270,0.270,0.280,0.380,0.120,0.520,0.110,0.040,
 0.140,0.060,0.150,0.390,0.300,0.370,0.220,0.090,0.040,0.050,0.100,0.430,
 0.150,0.330,0.100,0.070,0.390,0.530,0.210,0.000,0.160,0.120,0.110,0.080,
 0.510,0.190,0.140,0.070,0.010,0.020,0.020,0.020,0.150,0.220,0.140,0.310,
 0.000,0.150,0.050,0.060,0.180,0.010,0.010,0.000,0.000,0.000,0.160,0.010,
 0.000,0.080,0.000,0.110,0.000,0.000,0.000,0.010,0.000,0.020,0.150,0.070,
 0.140,0.000,0.000,0.020]
Training Group Acc: [0.712,0.000,0.000]
Epoch [124] Training Results: Prec@1 71.584 Prec@5 84.284 Loss 1.51874
Epoch [124] Training Class Recall: [0.663,0.663,0.434,0.418,0.399,0.541,0.547,0.540,0.622,0.569,0.506,0.384,
 0.614,0.594,0.529,0.541,0.561,0.614,0.540,0.571,0.364,0.685,0.523,0.723,
 0.476,0.612,0.555,0.606,0.754,0.651,0.708,0.629,0.638,0.692,0.667,0.668,
 0.727,0.711,0.667,0.656,0.715,0.712,0.706,0.744,0.676,0.687,0.749,0.764,
 0.717,0.795,0.715,0.770,0.804,0.708,0.773,0.771,0.791,0.772,0.804,0.794,
 0.827,0.811,0.800,0.789,0.782,0.764,0.839,0.714,0.835,0.831,0.789,0.833,
 0.810,0.627,0.835,0.823,0.833,0.836,0.810,0.857,0.839,0.797,0.831,0.802,
 0.849,0.814,0.826,0.841,0.820,0.864,0.848,0.861,0.727,0.857,0.852,0.836,
 0.873,0.859,0.768,0.851]
Testing Group Acc: [0.217,0.000,0.000]
Epoch [124] Testing Results: Prec@1 21.700 Prec@5 43.140 Loss 4.20506
Epoch [124] Testing Class Recall: [0.580,0.830,0.320,0.030,0.560,0.210,0.520,0.670,0.230,0.350,0.440,0.250,
 0.530,0.460,0.400,0.330,0.300,0.580,0.450,0.270,0.250,0.670,0.320,0.310,
 0.580,0.210,0.200,0.250,0.210,0.170,0.530,0.080,0.170,0.320,0.100,0.270,
 0.200,0.140,0.070,0.510,0.060,0.360,0.130,0.290,0.010,0.110,0.070,0.490,
 0.300,0.200,0.010,0.050,0.400,0.380,0.210,0.020,0.430,0.010,0.050,0.100,
 0.710,0.220,0.420,0.120,0.010,0.000,0.030,0.020,0.120,0.280,0.060,0.210,
 0.020,0.060,0.050,0.160,0.360,0.000,0.040,0.000,0.000,0.030,0.210,0.020,
 0.020,0.200,0.000,0.050,0.080,0.000,0.010,0.010,0.010,0.010,0.300,0.080,
 0.010,0.000,0.010,0.210]
Training Group Acc: [0.712,0.000,0.000]
Epoch [125] Training Results: Prec@1 71.582 Prec@5 84.171 Loss 1.51949
Epoch [125] Training Class Recall: [0.648,0.615,0.477,0.420,0.423,0.569,0.558,0.546,0.595,0.589,0.483,0.393,
 0.612,0.598,0.564,0.544,0.542,0.653,0.558,0.554,0.364,0.685,0.499,0.715,
 0.493,0.587,0.568,0.636,0.739,0.664,0.723,0.640,0.640,0.707,0.663,0.656,
 0.715,0.694,0.665,0.650,0.699,0.706,0.740,0.758,0.699,0.701,0.718,0.748,
 0.704,0.795,0.717,0.751,0.798,0.734,0.781,0.771,0.769,0.749,0.771,0.787,
 0.840,0.816,0.814,0.793,0.784,0.798,0.834,0.756,0.837,0.825,0.766,0.831,
 0.802,0.618,0.843,0.833,0.831,0.840,0.790,0.863,0.829,0.777,0.836,0.789,
 0.839,0.810,0.810,0.832,0.820,0.843,0.884,0.861,0.724,0.855,0.846,0.838,
 0.871,0.855,0.762,0.851]
Testing Group Acc: [0.215,0.000,0.000]
Epoch [125] Testing Results: Prec@1 21.550 Prec@5 43.740 Loss 4.55374
Epoch [125] Testing Class Recall: [0.550,0.510,0.310,0.300,0.300,0.300,0.830,0.550,0.490,0.580,0.230,0.270,
 0.450,0.450,0.200,0.370,0.470,0.620,0.350,0.420,0.340,0.490,0.420,0.420,
 0.400,0.030,0.250,0.090,0.230,0.330,0.610,0.290,0.190,0.280,0.180,0.010,
 0.300,0.420,0.200,0.300,0.030,0.290,0.070,0.180,0.210,0.040,0.100,0.270,
 0.160,0.080,0.030,0.150,0.650,0.470,0.290,0.040,0.410,0.080,0.160,0.240,
 0.600,0.090,0.130,0.020,0.090,0.060,0.180,0.020,0.280,0.450,0.150,0.230,
 0.000,0.100,0.070,0.060,0.290,0.000,0.000,0.000,0.000,0.000,0.010,0.020,
 0.010,0.030,0.000,0.090,0.140,0.000,0.000,0.000,0.000,0.000,0.090,0.010,
 0.020,0.010,0.000,0.020]
Training Group Acc: [0.709,0.000,0.000]
Epoch [126] Training Results: Prec@1 71.380 Prec@5 84.298 Loss 1.52409
Epoch [126] Training Class Recall: [0.638,0.635,0.477,0.453,0.368,0.562,0.519,0.546,0.605,0.606,0.483,0.372,
 0.620,0.610,0.545,0.557,0.542,0.641,0.544,0.543,0.305,0.697,0.553,0.703,
 0.463,0.593,0.582,0.612,0.737,0.675,0.716,0.645,0.631,0.703,0.661,0.680,
 0.725,0.692,0.679,0.641,0.688,0.704,0.713,0.760,0.687,0.684,0.723,0.752,
 0.672,0.793,0.710,0.768,0.777,0.705,0.762,0.758,0.773,0.758,0.785,0.809,
 0.833,0.801,0.805,0.802,0.764,0.780,0.828,0.733,0.837,0.816,0.785,0.835,
 0.790,0.647,0.831,0.816,0.823,0.834,0.806,0.849,0.850,0.808,0.831,0.778,
 0.839,0.816,0.830,0.834,0.812,0.854,0.881,0.852,0.714,0.847,0.848,0.850,
 0.873,0.852,0.768,0.851]
Testing Group Acc: [0.226,0.000,0.000]
Epoch [126] Testing Results: Prec@1 22.550 Prec@5 43.680 Loss 4.25821
Epoch [126] Testing Class Recall: [0.780,0.750,0.450,0.370,0.220,0.440,0.740,0.560,0.550,0.480,0.460,0.280,
 0.650,0.500,0.380,0.150,0.510,0.240,0.520,0.370,0.240,0.680,0.190,0.740,
 0.510,0.190,0.330,0.360,0.460,0.210,0.540,0.050,0.280,0.340,0.030,0.110,
 0.140,0.130,0.100,0.300,0.070,0.370,0.140,0.050,0.070,0.170,0.150,0.340,
 0.030,0.370,0.020,0.040,0.310,0.560,0.270,0.010,0.330,0.320,0.120,0.350,
 0.480,0.060,0.190,0.070,0.000,0.000,0.000,0.000,0.400,0.230,0.230,0.270,
 0.000,0.100,0.040,0.070,0.220,0.010,0.040,0.040,0.010,0.020,0.170,0.050,
 0.010,0.140,0.000,0.020,0.020,0.000,0.000,0.020,0.000,0.020,0.060,0.120,
 0.020,0.000,0.000,0.000]
Training Group Acc: [0.710,0.000,0.000]
Epoch [127] Training Results: Prec@1 71.400 Prec@5 84.338 Loss 1.51443
Epoch [127] Training Class Recall: [0.666,0.619,0.474,0.416,0.407,0.517,0.528,0.555,0.597,0.574,0.489,0.367,
 0.612,0.591,0.541,0.541,0.531,0.627,0.566,0.545,0.358,0.703,0.516,0.691,
 0.471,0.591,0.551,0.648,0.739,0.686,0.708,0.649,0.633,0.685,0.678,0.670,
 0.715,0.680,0.691,0.681,0.694,0.731,0.748,0.785,0.705,0.693,0.718,0.744,
 0.692,0.789,0.743,0.763,0.791,0.726,0.742,0.756,0.759,0.761,0.788,0.792,
 0.842,0.785,0.796,0.779,0.784,0.784,0.832,0.714,0.816,0.822,0.787,0.829,
 0.800,0.602,0.831,0.823,0.827,0.847,0.808,0.853,0.827,0.802,0.829,0.794,
 0.843,0.820,0.815,0.837,0.814,0.850,0.868,0.869,0.733,0.857,0.852,0.842,
 0.875,0.859,0.762,0.837]
Testing Group Acc: [0.238,0.000,0.000]
Epoch [127] Testing Results: Prec@1 23.760 Prec@5 45.570 Loss 4.14899
Epoch [127] Testing Class Recall: [0.570,0.310,0.430,0.220,0.550,0.690,0.450,0.450,0.490,0.440,0.320,0.480,
 0.370,0.560,0.110,0.200,0.660,0.690,0.360,0.480,0.220,0.570,0.190,0.560,
 0.400,0.280,0.040,0.210,0.450,0.430,0.560,0.380,0.130,0.490,0.110,0.260,
 0.160,0.190,0.200,0.280,0.210,0.390,0.230,0.150,0.060,0.030,0.050,0.610,
 0.460,0.460,0.010,0.120,0.410,0.220,0.320,0.000,0.330,0.150,0.050,0.180,
 0.580,0.190,0.290,0.200,0.040,0.000,0.150,0.060,0.290,0.280,0.200,0.190,
 0.000,0.080,0.210,0.380,0.330,0.030,0.000,0.000,0.010,0.030,0.130,0.000,
 0.060,0.150,0.000,0.010,0.010,0.000,0.060,0.040,0.000,0.040,0.230,0.090,
 0.010,0.000,0.000,0.010]
Training Group Acc: [0.710,0.000,0.000]
Epoch [128] Training Results: Prec@1 71.440 Prec@5 84.267 Loss 1.52601
Epoch [128] Training Class Recall: [0.651,0.615,0.445,0.443,0.376,0.537,0.547,0.587,0.589,0.608,0.466,0.410,
 0.594,0.594,0.550,0.548,0.533,0.651,0.532,0.581,0.325,0.708,0.499,0.719,
 0.489,0.585,0.565,0.628,0.726,0.662,0.692,0.634,0.651,0.698,0.684,0.672,
 0.723,0.694,0.659,0.665,0.728,0.729,0.704,0.746,0.695,0.693,0.711,0.752,
 0.697,0.801,0.719,0.757,0.787,0.724,0.770,0.762,0.775,0.764,0.783,0.800,
 0.831,0.782,0.800,0.804,0.764,0.780,0.841,0.718,0.835,0.814,0.780,0.837,
 0.792,0.598,0.829,0.838,0.827,0.832,0.804,0.849,0.820,0.805,0.834,0.807,
 0.841,0.814,0.830,0.847,0.816,0.862,0.876,0.863,0.724,0.865,0.848,0.850,
 0.860,0.855,0.759,0.849]
Testing Group Acc: [0.241,0.000,0.000]
Epoch [128] Testing Results: Prec@1 24.090 Prec@5 46.350 Loss 4.10203
Epoch [128] Testing Class Recall: [0.450,0.420,0.420,0.280,0.330,0.610,0.580,0.420,0.620,0.490,0.280,0.140,
 0.350,0.700,0.280,0.630,0.650,0.750,0.480,0.400,0.230,0.420,0.270,0.430,
 0.400,0.200,0.320,0.330,0.610,0.150,0.720,0.130,0.430,0.320,0.150,0.220,
 0.280,0.310,0.140,0.250,0.080,0.340,0.270,0.380,0.110,0.190,0.120,0.290,
 0.200,0.370,0.090,0.270,0.550,0.430,0.390,0.010,0.280,0.110,0.140,0.270,
 0.810,0.140,0.180,0.020,0.020,0.010,0.100,0.140,0.390,0.060,0.200,0.230,
 0.020,0.010,0.050,0.210,0.210,0.000,0.000,0.010,0.010,0.000,0.280,0.040,
 0.000,0.120,0.000,0.010,0.060,0.000,0.010,0.000,0.000,0.010,0.070,0.140,
 0.040,0.000,0.000,0.010]
Training Group Acc: [0.710,0.000,0.000]
Epoch [129] Training Results: Prec@1 71.464 Prec@5 84.293 Loss 1.51805
Epoch [129] Training Class Recall: [0.648,0.596,0.455,0.416,0.358,0.532,0.511,0.544,0.584,0.591,0.527,0.403,
 0.614,0.594,0.537,0.544,0.548,0.635,0.538,0.548,0.331,0.691,0.531,0.685,
 0.485,0.608,0.576,0.652,0.732,0.664,0.727,0.636,0.675,0.679,0.676,0.676,
 0.734,0.684,0.673,0.663,0.724,0.726,0.733,0.744,0.699,0.719,0.735,0.750,
 0.704,0.789,0.721,0.770,0.777,0.718,0.777,0.760,0.767,0.749,0.807,0.796,
 0.838,0.806,0.816,0.800,0.784,0.790,0.822,0.718,0.831,0.812,0.770,0.845,
 0.810,0.606,0.849,0.833,0.825,0.838,0.804,0.869,0.825,0.779,0.821,0.794,
 0.839,0.818,0.817,0.832,0.820,0.848,0.863,0.865,0.724,0.855,0.846,0.842,
 0.869,0.855,0.752,0.834]
Testing Group Acc: [0.236,0.000,0.000]
Epoch [129] Testing Results: Prec@1 23.560 Prec@5 46.000 Loss 4.28455
Epoch [129] Testing Class Recall: [0.680,0.580,0.430,0.470,0.130,0.360,0.610,0.300,0.540,0.440,0.460,0.260,
 0.670,0.520,0.160,0.390,0.460,0.380,0.350,0.500,0.150,0.380,0.280,0.450,
 0.330,0.290,0.300,0.100,0.320,0.360,0.670,0.380,0.400,0.380,0.230,0.230,
 0.230,0.140,0.120,0.280,0.200,0.370,0.130,0.210,0.160,0.050,0.120,0.270,
 0.350,0.370,0.050,0.360,0.570,0.390,0.250,0.010,0.240,0.130,0.130,0.220,
 0.480,0.160,0.270,0.070,0.010,0.040,0.030,0.010,0.390,0.330,0.110,0.530,
 0.010,0.100,0.060,0.160,0.320,0.040,0.000,0.010,0.010,0.000,0.390,0.030,
 0.010,0.070,0.000,0.080,0.090,0.000,0.010,0.020,0.000,0.030,0.120,0.110,
 0.170,0.000,0.000,0.000]
Training Group Acc: [0.709,0.000,0.000]
Epoch [130] Training Results: Prec@1 71.356 Prec@5 84.307 Loss 1.52061
Epoch [130] Training Class Recall: [0.640,0.622,0.455,0.401,0.389,0.584,0.562,0.533,0.593,0.589,0.496,0.410,
 0.596,0.612,0.558,0.566,0.553,0.633,0.544,0.575,0.305,0.695,0.494,0.707,
 0.498,0.581,0.534,0.622,0.747,0.646,0.708,0.634,0.648,0.675,0.663,0.654,
 0.704,0.694,0.663,0.621,0.703,0.720,0.719,0.772,0.707,0.687,0.708,0.764,
 0.699,0.791,0.725,0.780,0.796,0.721,0.779,0.771,0.767,0.735,0.790,0.796,
 0.831,0.806,0.803,0.785,0.771,0.774,0.810,0.756,0.833,0.831,0.778,0.835,
 0.812,0.631,0.839,0.823,0.829,0.838,0.798,0.849,0.833,0.808,0.834,0.781,
 0.845,0.812,0.835,0.841,0.814,0.856,0.868,0.867,0.714,0.855,0.846,0.842,
 0.864,0.845,0.765,0.849]
Testing Group Acc: [0.237,0.000,0.000]
Epoch [130] Testing Results: Prec@1 23.670 Prec@5 45.870 Loss 4.27931
Epoch [130] Testing Class Recall: [0.630,0.380,0.180,0.510,0.260,0.550,0.570,0.430,0.650,0.590,0.490,0.490,
 0.600,0.650,0.300,0.180,0.370,0.510,0.370,0.220,0.080,0.610,0.330,0.660,
 0.560,0.200,0.190,0.080,0.350,0.160,0.660,0.130,0.180,0.510,0.230,0.310,
 0.340,0.440,0.120,0.390,0.240,0.250,0.430,0.270,0.030,0.140,0.100,0.390,
 0.330,0.400,0.120,0.070,0.320,0.300,0.270,0.010,0.470,0.100,0.020,0.260,
 0.560,0.090,0.240,0.060,0.020,0.000,0.070,0.060,0.380,0.090,0.280,0.240,
 0.000,0.030,0.060,0.210,0.350,0.030,0.030,0.000,0.020,0.010,0.370,0.080,
 0.000,0.060,0.000,0.010,0.020,0.000,0.000,0.000,0.000,0.000,0.120,0.100,
 0.100,0.000,0.000,0.000]
Training Group Acc: [0.710,0.000,0.000]
Epoch [131] Training Results: Prec@1 71.342 Prec@5 84.282 Loss 1.51987
Epoch [131] Training Class Recall: [0.668,0.628,0.445,0.420,0.368,0.560,0.534,0.535,0.605,0.606,0.489,0.396,
 0.590,0.607,0.529,0.548,0.542,0.655,0.580,0.539,0.358,0.685,0.533,0.727,
 0.493,0.583,0.540,0.614,0.745,0.653,0.723,0.607,0.657,0.694,0.682,0.684,
 0.712,0.674,0.647,0.681,0.706,0.717,0.727,0.752,0.666,0.701,0.723,0.768,
 0.704,0.793,0.747,0.739,0.798,0.731,0.783,0.744,0.781,0.767,0.788,0.785,
 0.838,0.795,0.789,0.783,0.780,0.758,0.839,0.702,0.833,0.812,0.787,0.825,
 0.800,0.635,0.831,0.814,0.823,0.838,0.804,0.855,0.835,0.802,0.841,0.802,
 0.832,0.814,0.810,0.824,0.808,0.846,0.876,0.861,0.721,0.853,0.848,0.844,
 0.875,0.861,0.765,0.849]
Testing Group Acc: [0.246,0.000,0.000]
Epoch [131] Testing Results: Prec@1 24.570 Prec@5 46.930 Loss 4.06117
Epoch [131] Testing Class Recall: [0.740,0.510,0.330,0.550,0.370,0.350,0.420,0.490,0.450,0.520,0.180,0.260,
 0.710,0.390,0.220,0.320,0.340,0.780,0.600,0.430,0.490,0.480,0.140,0.400,
 0.480,0.300,0.220,0.240,0.370,0.270,0.480,0.350,0.290,0.430,0.180,0.250,
 0.160,0.140,0.250,0.490,0.220,0.510,0.320,0.100,0.100,0.030,0.060,0.320,
 0.280,0.260,0.010,0.240,0.560,0.530,0.200,0.000,0.310,0.100,0.130,0.160,
 0.430,0.250,0.260,0.130,0.040,0.020,0.090,0.060,0.250,0.280,0.120,0.360,
 0.010,0.090,0.100,0.290,0.430,0.030,0.020,0.000,0.010,0.000,0.510,0.100,
 0.030,0.040,0.010,0.200,0.020,0.010,0.000,0.010,0.010,0.030,0.340,0.080,
 0.050,0.000,0.010,0.040]
Training Group Acc: [0.711,0.000,0.000]
Epoch [132] Training Results: Prec@1 71.487 Prec@5 84.373 Loss 1.51784
Epoch [132] Training Class Recall: [0.656,0.619,0.457,0.414,0.425,0.582,0.558,0.533,0.572,0.584,0.534,0.384,
 0.618,0.600,0.501,0.550,0.518,0.643,0.574,0.571,0.344,0.708,0.526,0.715,
 0.467,0.581,0.559,0.636,0.728,0.690,0.716,0.604,0.648,0.685,0.672,0.674,
 0.708,0.684,0.667,0.650,0.712,0.717,0.713,0.744,0.680,0.706,0.716,0.756,
 0.727,0.780,0.690,0.778,0.785,0.731,0.781,0.760,0.771,0.772,0.807,0.811,
 0.835,0.801,0.810,0.796,0.768,0.764,0.847,0.691,0.835,0.822,0.789,0.837,
 0.796,0.622,0.853,0.825,0.837,0.829,0.814,0.834,0.829,0.791,0.834,0.802,
 0.847,0.800,0.824,0.841,0.802,0.852,0.861,0.865,0.721,0.853,0.839,0.846,
 0.877,0.855,0.771,0.851]
Testing Group Acc: [0.230,0.000,0.000]
Epoch [132] Testing Results: Prec@1 23.040 Prec@5 44.790 Loss 4.23475
Epoch [132] Testing Class Recall: [0.500,0.540,0.160,0.130,0.250,0.510,0.580,0.640,0.580,0.420,0.300,0.660,
 0.660,0.420,0.350,0.380,0.480,0.630,0.440,0.370,0.250,0.570,0.310,0.690,
 0.530,0.280,0.070,0.450,0.300,0.070,0.480,0.120,0.130,0.200,0.310,0.030,
 0.310,0.220,0.130,0.290,0.150,0.400,0.190,0.260,0.200,0.150,0.170,0.350,
 0.300,0.340,0.110,0.020,0.440,0.570,0.140,0.010,0.290,0.220,0.050,0.210,
 0.220,0.180,0.220,0.140,0.010,0.010,0.120,0.120,0.380,0.160,0.300,0.250,
 0.010,0.060,0.150,0.270,0.290,0.000,0.000,0.030,0.010,0.010,0.320,0.000,
 0.000,0.020,0.000,0.040,0.290,0.010,0.030,0.000,0.000,0.010,0.010,0.030,
 0.000,0.030,0.000,0.000]
Training Group Acc: [0.711,0.000,0.000]
Epoch [133] Training Results: Prec@1 71.507 Prec@5 84.200 Loss 1.52156
Epoch [133] Training Class Recall: [0.666,0.619,0.466,0.435,0.376,0.556,0.509,0.546,0.610,0.599,0.489,0.410,
 0.592,0.575,0.548,0.522,0.566,0.622,0.574,0.543,0.318,0.701,0.533,0.713,
 0.458,0.593,0.572,0.596,0.713,0.664,0.725,0.667,0.622,0.681,0.672,0.690,
 0.734,0.721,0.687,0.656,0.715,0.704,0.692,0.770,0.666,0.680,0.711,0.766,
 0.702,0.791,0.729,0.772,0.806,0.729,0.800,0.783,0.791,0.746,0.762,0.805,
 0.842,0.806,0.819,0.785,0.768,0.780,0.830,0.725,0.821,0.829,0.785,0.837,
 0.804,0.614,0.839,0.823,0.827,0.829,0.802,0.873,0.829,0.799,0.849,0.781,
 0.845,0.814,0.799,0.834,0.816,0.850,0.876,0.863,0.714,0.851,0.850,0.840,
 0.873,0.857,0.765,0.854]
Testing Group Acc: [0.209,0.000,0.000]
Epoch [133] Testing Results: Prec@1 20.850 Prec@5 41.590 Loss 4.49274
Epoch [133] Testing Class Recall: [0.740,0.770,0.320,0.260,0.210,0.580,0.510,0.640,0.370,0.320,0.140,0.710,
 0.600,0.280,0.340,0.300,0.480,0.740,0.300,0.370,0.190,0.440,0.140,0.570,
 0.300,0.430,0.170,0.450,0.330,0.170,0.640,0.190,0.210,0.230,0.300,0.010,
 0.160,0.090,0.150,0.040,0.080,0.460,0.120,0.160,0.150,0.020,0.090,0.250,
 0.180,0.130,0.050,0.110,0.400,0.450,0.130,0.030,0.160,0.100,0.080,0.150,
 0.650,0.140,0.300,0.210,0.020,0.010,0.020,0.070,0.350,0.410,0.010,0.110,
 0.000,0.050,0.060,0.280,0.210,0.020,0.020,0.010,0.000,0.000,0.010,0.030,
 0.010,0.100,0.000,0.040,0.010,0.000,0.000,0.000,0.000,0.000,0.080,0.070,
 0.030,0.020,0.000,0.010]
Training Group Acc: [0.712,0.000,0.000]
Epoch [134] Training Results: Prec@1 71.656 Prec@5 84.424 Loss 1.51448
Epoch [134] Training Class Recall: [0.696,0.603,0.491,0.410,0.372,0.582,0.562,0.512,0.616,0.601,0.498,0.410,
 0.590,0.603,0.548,0.570,0.557,0.637,0.542,0.558,0.298,0.689,0.533,0.707,
 0.467,0.610,0.559,0.650,0.749,0.655,0.718,0.636,0.659,0.709,0.676,0.656,
 0.742,0.684,0.673,0.652,0.676,0.737,0.696,0.740,0.724,0.699,0.713,0.780,
 0.717,0.797,0.717,0.757,0.793,0.744,0.751,0.760,0.783,0.775,0.788,0.796,
 0.844,0.806,0.807,0.796,0.771,0.774,0.828,0.733,0.827,0.827,0.791,0.829,
 0.812,0.627,0.822,0.827,0.839,0.849,0.798,0.843,0.829,0.797,0.829,0.796,
 0.839,0.800,0.815,0.832,0.814,0.852,0.878,0.863,0.711,0.855,0.850,0.842,
 0.871,0.861,0.771,0.851]
Testing Group Acc: [0.223,0.000,0.000]
Epoch [134] Testing Results: Prec@1 22.330 Prec@5 43.980 Loss 4.45752
Epoch [134] Testing Class Recall: [0.840,0.710,0.520,0.270,0.280,0.740,0.330,0.550,0.530,0.600,0.330,0.210,
 0.500,0.460,0.310,0.660,0.670,0.640,0.130,0.190,0.070,0.530,0.220,0.410,
 0.420,0.160,0.160,0.040,0.320,0.170,0.340,0.290,0.370,0.460,0.110,0.170,
 0.100,0.160,0.060,0.290,0.150,0.320,0.170,0.330,0.070,0.120,0.130,0.390,
 0.180,0.420,0.110,0.240,0.620,0.630,0.070,0.000,0.190,0.100,0.190,0.110,
 0.380,0.040,0.280,0.060,0.060,0.000,0.100,0.040,0.340,0.150,0.300,0.290,
 0.020,0.030,0.160,0.090,0.350,0.020,0.030,0.000,0.000,0.010,0.300,0.090,
 0.010,0.140,0.000,0.050,0.000,0.000,0.010,0.000,0.000,0.030,0.040,0.020,
 0.010,0.010,0.000,0.010]
Training Group Acc: [0.713,0.000,0.000]
Epoch [135] Training Results: Prec@1 71.736 Prec@5 84.264 Loss 1.51355
Epoch [135] Training Class Recall: [0.663,0.644,0.479,0.418,0.376,0.599,0.539,0.546,0.618,0.596,0.502,0.408,
 0.610,0.614,0.573,0.570,0.566,0.643,0.534,0.588,0.351,0.679,0.528,0.705,
 0.476,0.566,0.586,0.632,0.737,0.666,0.718,0.638,0.653,0.659,0.676,0.650,
 0.736,0.692,0.681,0.661,0.697,0.729,0.733,0.768,0.666,0.693,0.708,0.768,
 0.674,0.767,0.725,0.768,0.793,0.734,0.766,0.779,0.777,0.764,0.807,0.794,
 0.833,0.798,0.810,0.793,0.780,0.770,0.834,0.733,0.837,0.822,0.782,0.827,
 0.812,0.651,0.853,0.831,0.827,0.827,0.786,0.865,0.831,0.805,0.836,0.786,
 0.845,0.818,0.817,0.830,0.816,0.856,0.873,0.861,0.721,0.851,0.850,0.846,
 0.867,0.852,0.774,0.851]
Testing Group Acc: [0.240,0.000,0.000]
Epoch [135] Testing Results: Prec@1 23.970 Prec@5 46.530 Loss 4.27999
Epoch [135] Testing Class Recall: [0.710,0.390,0.360,0.150,0.410,0.300,0.350,0.440,0.670,0.550,0.130,0.410,
 0.750,0.280,0.120,0.320,0.630,0.460,0.640,0.440,0.500,0.640,0.300,0.510,
 0.480,0.290,0.330,0.240,0.420,0.290,0.440,0.190,0.300,0.420,0.080,0.290,
 0.220,0.430,0.180,0.370,0.280,0.500,0.350,0.110,0.090,0.130,0.200,0.310,
 0.590,0.500,0.080,0.230,0.350,0.180,0.260,0.050,0.290,0.190,0.060,0.120,
 0.340,0.120,0.260,0.110,0.020,0.020,0.010,0.030,0.160,0.240,0.320,0.420,
 0.000,0.180,0.040,0.150,0.420,0.000,0.010,0.000,0.000,0.020,0.290,0.030,
 0.010,0.060,0.010,0.020,0.020,0.000,0.010,0.050,0.000,0.020,0.240,0.040,
 0.000,0.000,0.000,0.000]
Training Group Acc: [0.710,0.000,0.000]
Epoch [136] Training Results: Prec@1 71.471 Prec@5 84.238 Loss 1.52107
Epoch [136] Training Class Recall: [0.651,0.626,0.447,0.426,0.399,0.569,0.522,0.572,0.597,0.601,0.494,0.415,
 0.630,0.624,0.556,0.557,0.537,0.641,0.560,0.539,0.325,0.699,0.509,0.679,
 0.485,0.587,0.572,0.642,0.728,0.681,0.729,0.618,0.648,0.670,0.678,0.640,
 0.704,0.692,0.669,0.663,0.726,0.720,0.715,0.754,0.695,0.712,0.699,0.770,
 0.702,0.791,0.719,0.759,0.787,0.731,0.762,0.777,0.757,0.764,0.771,0.794,
 0.838,0.803,0.794,0.779,0.766,0.766,0.818,0.714,0.831,0.814,0.791,0.837,
 0.815,0.618,0.839,0.838,0.833,0.840,0.816,0.853,0.839,0.799,0.839,0.804,
 0.843,0.796,0.824,0.819,0.818,0.846,0.853,0.863,0.702,0.853,0.850,0.846,
 0.875,0.859,0.777,0.854]
Testing Group Acc: [0.209,0.000,0.000]
Epoch [136] Testing Results: Prec@1 20.940 Prec@5 41.510 Loss 4.71894
Epoch [136] Testing Class Recall: [0.750,0.250,0.260,0.610,0.440,0.420,0.550,0.540,0.730,0.300,0.550,0.560,
 0.600,0.630,0.410,0.060,0.660,0.510,0.320,0.330,0.270,0.700,0.100,0.420,
 0.410,0.360,0.090,0.110,0.450,0.200,0.590,0.300,0.110,0.320,0.150,0.050,
 0.190,0.220,0.050,0.270,0.040,0.460,0.060,0.270,0.030,0.080,0.050,0.220,
 0.470,0.090,0.000,0.080,0.640,0.100,0.080,0.000,0.250,0.130,0.040,0.180,
 0.390,0.060,0.150,0.060,0.010,0.020,0.000,0.010,0.210,0.250,0.180,0.180,
 0.000,0.090,0.060,0.120,0.140,0.000,0.020,0.020,0.030,0.000,0.400,0.010,
 0.000,0.070,0.000,0.010,0.060,0.000,0.000,0.000,0.000,0.020,0.080,0.070,
 0.050,0.020,0.000,0.040]
Training Group Acc: [0.713,0.000,0.000]
Epoch [137] Training Results: Prec@1 71.733 Prec@5 84.336 Loss 1.51583
Epoch [137] Training Class Recall: [0.651,0.622,0.479,0.443,0.370,0.556,0.530,0.582,0.620,0.574,0.508,0.372,
 0.598,0.610,0.529,0.541,0.548,0.635,0.550,0.548,0.344,0.714,0.568,0.677,
 0.507,0.577,0.599,0.656,0.749,0.659,0.712,0.647,0.651,0.675,0.692,0.668,
 0.736,0.684,0.685,0.643,0.710,0.720,0.717,0.740,0.720,0.695,0.759,0.766,
 0.714,0.797,0.713,0.770,0.796,0.711,0.775,0.787,0.775,0.767,0.785,0.811,
 0.829,0.811,0.800,0.808,0.764,0.764,0.826,0.733,0.845,0.818,0.795,0.835,
 0.798,0.614,0.835,0.825,0.829,0.836,0.806,0.859,0.837,0.791,0.824,0.799,
 0.841,0.816,0.804,0.837,0.812,0.843,0.881,0.863,0.717,0.861,0.846,0.846,
 0.877,0.852,0.768,0.849]
Testing Group Acc: [0.220,0.000,0.000]
Epoch [137] Testing Results: Prec@1 21.960 Prec@5 43.550 Loss 4.36147
Epoch [137] Testing Class Recall: [0.900,0.440,0.380,0.500,0.620,0.490,0.610,0.410,0.330,0.670,0.180,0.320,
 0.300,0.610,0.500,0.290,0.430,0.650,0.480,0.340,0.150,0.590,0.110,0.180,
 0.510,0.240,0.110,0.370,0.730,0.140,0.590,0.170,0.180,0.430,0.130,0.000,
 0.280,0.370,0.040,0.180,0.130,0.100,0.210,0.380,0.080,0.020,0.190,0.370,
 0.120,0.300,0.000,0.070,0.430,0.490,0.180,0.000,0.160,0.100,0.080,0.140,
 0.500,0.110,0.240,0.110,0.000,0.020,0.000,0.020,0.400,0.150,0.220,0.260,
 0.010,0.040,0.080,0.170,0.480,0.000,0.020,0.010,0.060,0.000,0.170,0.000,
 0.020,0.050,0.010,0.010,0.060,0.010,0.000,0.000,0.000,0.020,0.020,0.040,
 0.100,0.010,0.030,0.010]
Training Group Acc: [0.711,0.000,0.000]
Epoch [138] Training Results: Prec@1 71.464 Prec@5 84.540 Loss 1.51484
Epoch [138] Training Class Recall: [0.648,0.628,0.468,0.426,0.370,0.588,0.534,0.540,0.582,0.613,0.496,0.372,
 0.579,0.598,0.556,0.587,0.535,0.647,0.566,0.548,0.364,0.675,0.538,0.701,
 0.471,0.581,0.565,0.648,0.747,0.677,0.729,0.618,0.657,0.677,0.646,0.638,
 0.729,0.684,0.677,0.650,0.692,0.717,0.713,0.762,0.707,0.697,0.723,0.776,
 0.692,0.803,0.727,0.732,0.791,0.736,0.792,0.771,0.769,0.769,0.802,0.798,
 0.831,0.801,0.812,0.783,0.786,0.776,0.820,0.714,0.833,0.818,0.780,0.843,
 0.819,0.610,0.824,0.823,0.825,0.851,0.800,0.851,0.839,0.805,0.834,0.786,
 0.843,0.810,0.792,0.839,0.818,0.846,0.856,0.867,0.724,0.853,0.850,0.838,
 0.871,0.845,0.762,0.854]
Testing Group Acc: [0.219,0.000,0.000]
Epoch [138] Testing Results: Prec@1 21.900 Prec@5 42.980 Loss 4.56907
Epoch [138] Testing Class Recall: [0.610,0.300,0.150,0.600,0.070,0.460,0.380,0.470,0.190,0.740,0.190,0.150,
 0.610,0.560,0.410,0.300,0.500,0.650,0.370,0.430,0.380,0.380,0.290,0.490,
 0.430,0.320,0.050,0.070,0.460,0.240,0.370,0.040,0.100,0.430,0.130,0.560,
 0.290,0.040,0.020,0.190,0.200,0.220,0.110,0.180,0.000,0.080,0.090,0.430,
 0.050,0.200,0.040,0.230,0.470,0.480,0.450,0.000,0.380,0.080,0.100,0.010,
 0.640,0.240,0.350,0.070,0.010,0.010,0.000,0.040,0.140,0.260,0.300,0.530,
 0.060,0.060,0.040,0.400,0.240,0.000,0.070,0.020,0.000,0.000,0.560,0.080,
 0.010,0.050,0.000,0.020,0.030,0.030,0.020,0.010,0.000,0.000,0.140,0.070,
 0.140,0.010,0.020,0.010]
Training Group Acc: [0.711,0.000,0.000]
Epoch [139] Training Results: Prec@1 71.544 Prec@5 84.167 Loss 1.51801
Epoch [139] Training Class Recall: [0.640,0.644,0.440,0.399,0.419,0.578,0.519,0.540,0.605,0.589,0.479,0.384,
 0.616,0.607,0.552,0.572,0.553,0.645,0.568,0.550,0.325,0.693,0.521,0.709,
 0.507,0.606,0.549,0.620,0.743,0.642,0.710,0.643,0.633,0.705,0.669,0.692,
 0.727,0.723,0.679,0.650,0.715,0.709,0.708,0.742,0.689,0.691,0.728,0.774,
 0.704,0.791,0.721,0.766,0.787,0.713,0.777,0.752,0.773,0.755,0.790,0.798,
 0.844,0.803,0.805,0.781,0.791,0.772,0.822,0.752,0.839,0.816,0.770,0.823,
 0.804,0.643,0.833,0.833,0.841,0.836,0.784,0.849,0.841,0.788,0.839,0.783,
 0.843,0.804,0.819,0.834,0.832,0.841,0.873,0.865,0.733,0.857,0.843,0.838,
 0.877,0.857,0.774,0.837]
Testing Group Acc: [0.213,0.000,0.000]
Epoch [139] Testing Results: Prec@1 21.320 Prec@5 43.890 Loss 4.67369
Epoch [139] Testing Class Recall: [0.800,0.660,0.440,0.190,0.110,0.580,0.390,0.460,0.830,0.550,0.310,0.180,
 0.340,0.710,0.600,0.530,0.650,0.310,0.230,0.520,0.300,0.160,0.320,0.420,
 0.280,0.100,0.240,0.140,0.540,0.170,0.390,0.040,0.090,0.410,0.340,0.190,
 0.240,0.370,0.090,0.200,0.190,0.380,0.230,0.110,0.090,0.060,0.140,0.280,
 0.270,0.230,0.040,0.040,0.270,0.500,0.090,0.000,0.310,0.050,0.150,0.180,
 0.610,0.200,0.130,0.050,0.140,0.000,0.030,0.040,0.240,0.360,0.200,0.210,
 0.000,0.140,0.080,0.170,0.260,0.000,0.000,0.010,0.000,0.000,0.130,0.020,
 0.000,0.010,0.000,0.010,0.050,0.000,0.020,0.020,0.000,0.010,0.030,0.050,
 0.060,0.000,0.000,0.010]
Training Group Acc: [0.712,0.000,0.000]
Epoch [140] Training Results: Prec@1 71.647 Prec@5 84.318 Loss 1.51601
Epoch [140] Training Class Recall: [0.645,0.649,0.451,0.428,0.440,0.582,0.558,0.546,0.589,0.581,0.521,0.410,
 0.602,0.600,0.558,0.548,0.533,0.633,0.558,0.564,0.318,0.675,0.514,0.729,
 0.458,0.608,0.559,0.630,0.722,0.653,0.725,0.640,0.672,0.664,0.695,0.682,
 0.732,0.701,0.673,0.665,0.708,0.723,0.704,0.758,0.678,0.699,0.737,0.758,
 0.689,0.778,0.708,0.759,0.767,0.713,0.770,0.756,0.769,0.769,0.788,0.816,
 0.831,0.790,0.803,0.789,0.773,0.790,0.791,0.737,0.841,0.825,0.801,0.837,
 0.812,0.643,0.839,0.829,0.829,0.838,0.802,0.851,0.825,0.802,0.844,0.812,
 0.834,0.800,0.824,0.830,0.818,0.856,0.871,0.863,0.727,0.867,0.848,0.846,
 0.871,0.859,0.765,0.846]
Testing Group Acc: [0.239,0.000,0.000]
Epoch [140] Testing Results: Prec@1 23.880 Prec@5 45.550 Loss 3.99919
Epoch [140] Testing Class Recall: [0.700,0.390,0.300,0.590,0.320,0.430,0.370,0.480,0.530,0.470,0.480,0.190,
 0.430,0.550,0.490,0.330,0.590,0.610,0.330,0.300,0.220,0.510,0.220,0.560,
 0.640,0.210,0.190,0.110,0.350,0.140,0.460,0.200,0.190,0.640,0.200,0.130,
 0.400,0.420,0.110,0.480,0.120,0.480,0.160,0.100,0.020,0.010,0.230,0.350,
 0.180,0.230,0.010,0.130,0.500,0.420,0.460,0.020,0.500,0.150,0.160,0.070,
 0.840,0.250,0.240,0.120,0.030,0.010,0.020,0.020,0.360,0.210,0.200,0.180,
 0.010,0.120,0.190,0.140,0.250,0.010,0.010,0.010,0.020,0.000,0.460,0.010,
 0.010,0.050,0.000,0.050,0.030,0.010,0.000,0.080,0.000,0.040,0.180,0.080,
 0.070,0.000,0.000,0.010]
Training Group Acc: [0.711,0.000,0.000]
Epoch [141] Training Results: Prec@1 71.489 Prec@5 84.302 Loss 1.51386
Epoch [141] Training Class Recall: [0.651,0.596,0.453,0.420,0.417,0.550,0.545,0.550,0.595,0.576,0.485,0.403,
 0.569,0.591,0.545,0.559,0.544,0.659,0.554,0.573,0.305,0.693,0.516,0.707,
 0.511,0.570,0.568,0.660,0.734,0.659,0.686,0.618,0.642,0.698,0.686,0.664,
 0.732,0.690,0.703,0.663,0.715,0.729,0.713,0.766,0.672,0.695,0.716,0.762,
 0.697,0.776,0.741,0.772,0.810,0.744,0.755,0.762,0.767,0.769,0.755,0.772,
 0.844,0.816,0.798,0.808,0.771,0.798,0.818,0.729,0.821,0.827,0.772,0.835,
 0.808,0.631,0.831,0.821,0.831,0.851,0.806,0.857,0.833,0.797,0.844,0.799,
 0.849,0.804,0.797,0.832,0.804,0.860,0.873,0.865,0.721,0.853,0.852,0.848,
 0.869,0.852,0.781,0.837]
Testing Group Acc: [0.219,0.000,0.000]
Epoch [141] Testing Results: Prec@1 21.860 Prec@5 43.120 Loss 4.61007
Epoch [141] Testing Class Recall: [0.700,0.580,0.260,0.520,0.300,0.300,0.800,0.520,0.520,0.550,0.260,0.170,
 0.550,0.440,0.320,0.340,0.460,0.570,0.430,0.630,0.240,0.640,0.280,0.560,
 0.520,0.190,0.200,0.220,0.420,0.270,0.610,0.080,0.260,0.360,0.040,0.160,
 0.230,0.190,0.040,0.320,0.140,0.300,0.100,0.100,0.180,0.120,0.130,0.380,
 0.310,0.340,0.080,0.110,0.520,0.240,0.120,0.040,0.190,0.090,0.100,0.240,
 0.480,0.040,0.160,0.080,0.020,0.000,0.040,0.020,0.230,0.310,0.370,0.310,
 0.010,0.080,0.030,0.130,0.150,0.000,0.000,0.010,0.000,0.000,0.040,0.030,
 0.020,0.040,0.000,0.060,0.000,0.000,0.000,0.010,0.000,0.020,0.220,0.050,
 0.010,0.000,0.000,0.010]
Training Group Acc: [0.714,0.000,0.000]
Epoch [142] Training Results: Prec@1 71.827 Prec@5 84.433 Loss 1.50381
Epoch [142] Training Class Recall: [0.651,0.633,0.453,0.426,0.401,0.580,0.582,0.540,0.589,0.594,0.487,0.379,
 0.600,0.598,0.529,0.561,0.546,0.647,0.558,0.575,0.344,0.706,0.538,0.723,
 0.458,0.589,0.557,0.622,0.754,0.686,0.710,0.620,0.672,0.690,0.667,0.640,
 0.719,0.715,0.691,0.665,0.715,0.731,0.727,0.740,0.695,0.708,0.747,0.782,
 0.729,0.797,0.719,0.761,0.791,0.744,0.775,0.771,0.781,0.746,0.800,0.785,
 0.844,0.795,0.796,0.783,0.780,0.784,0.834,0.763,0.823,0.827,0.785,0.833,
 0.812,0.639,0.833,0.829,0.823,0.853,0.804,0.853,0.825,0.808,0.841,0.809,
 0.826,0.822,0.812,0.830,0.808,0.862,0.873,0.861,0.724,0.861,0.854,0.838,
 0.871,0.848,0.774,0.856]
Testing Group Acc: [0.242,0.000,0.000]
Epoch [142] Testing Results: Prec@1 24.240 Prec@5 46.400 Loss 3.98869
Epoch [142] Testing Class Recall: [0.570,0.280,0.360,0.490,0.240,0.530,0.320,0.440,0.650,0.690,0.230,0.240,
 0.360,0.620,0.230,0.330,0.460,0.750,0.330,0.370,0.440,0.580,0.120,0.610,
 0.320,0.170,0.240,0.200,0.570,0.230,0.570,0.440,0.060,0.600,0.150,0.260,
 0.150,0.340,0.300,0.280,0.240,0.430,0.290,0.390,0.060,0.010,0.120,0.200,
 0.220,0.270,0.000,0.120,0.740,0.490,0.380,0.030,0.370,0.090,0.050,0.190,
 0.390,0.260,0.340,0.110,0.000,0.000,0.180,0.020,0.190,0.340,0.340,0.160,
 0.000,0.110,0.080,0.280,0.360,0.010,0.030,0.050,0.010,0.000,0.480,0.050,
 0.020,0.100,0.020,0.090,0.110,0.000,0.000,0.010,0.000,0.020,0.140,0.060,
 0.050,0.000,0.000,0.020]
Training Group Acc: [0.711,0.000,0.000]
Epoch [143] Training Results: Prec@1 71.551 Prec@5 84.360 Loss 1.51378
Epoch [143] Training Class Recall: [0.653,0.594,0.460,0.416,0.364,0.552,0.506,0.567,0.601,0.584,0.515,0.389,
 0.606,0.621,0.539,0.552,0.539,0.643,0.552,0.556,0.358,0.708,0.474,0.705,
 0.471,0.593,0.565,0.626,0.728,0.695,0.729,0.667,0.648,0.685,0.678,0.652,
 0.734,0.711,0.699,0.643,0.715,0.709,0.738,0.738,0.695,0.697,0.723,0.766,
 0.689,0.793,0.710,0.757,0.800,0.726,0.775,0.771,0.763,0.767,0.804,0.794,
 0.835,0.811,0.805,0.793,0.762,0.786,0.822,0.752,0.831,0.805,0.789,0.839,
 0.802,0.618,0.839,0.825,0.823,0.844,0.800,0.861,0.837,0.814,0.829,0.794,
 0.839,0.810,0.826,0.839,0.814,0.850,0.881,0.869,0.702,0.859,0.852,0.840,
 0.869,0.852,0.768,0.851]
Testing Group Acc: [0.230,0.000,0.000]
Epoch [143] Testing Results: Prec@1 23.000 Prec@5 45.640 Loss 4.36218
Epoch [143] Testing Class Recall: [0.640,0.570,0.330,0.110,0.450,0.730,0.310,0.710,0.560,0.600,0.260,0.230,
 0.470,0.230,0.420,0.210,0.440,0.840,0.490,0.490,0.370,0.660,0.270,0.440,
 0.480,0.160,0.390,0.180,0.240,0.420,0.480,0.080,0.250,0.300,0.140,0.140,
 0.180,0.260,0.280,0.320,0.210,0.330,0.220,0.290,0.050,0.040,0.150,0.610,
 0.260,0.190,0.020,0.120,0.420,0.550,0.170,0.080,0.500,0.130,0.090,0.240,
 0.500,0.130,0.170,0.010,0.040,0.010,0.020,0.020,0.350,0.290,0.190,0.120,
 0.000,0.150,0.050,0.260,0.220,0.010,0.010,0.000,0.000,0.000,0.020,0.000,
 0.010,0.130,0.000,0.030,0.010,0.000,0.010,0.010,0.000,0.030,0.270,0.100,
 0.000,0.000,0.000,0.030]
Training Group Acc: [0.712,0.000,0.000]
Epoch [144] Training Results: Prec@1 71.667 Prec@5 84.387 Loss 1.51243
Epoch [144] Training Class Recall: [0.656,0.610,0.453,0.470,0.438,0.562,0.569,0.578,0.593,0.611,0.487,0.384,
 0.596,0.621,0.554,0.583,0.553,0.651,0.554,0.558,0.331,0.683,0.506,0.713,
 0.476,0.606,0.561,0.638,0.754,0.664,0.712,0.665,0.668,0.705,0.680,0.670,
 0.717,0.688,0.661,0.661,0.683,0.729,0.731,0.728,0.691,0.710,0.713,0.764,
 0.714,0.772,0.713,0.776,0.765,0.749,0.764,0.752,0.767,0.772,0.778,0.800,
 0.833,0.795,0.821,0.787,0.777,0.762,0.828,0.737,0.825,0.825,0.797,0.835,
 0.810,0.602,0.833,0.808,0.817,0.842,0.786,0.847,0.829,0.802,0.834,0.796,
 0.828,0.810,0.824,0.837,0.814,0.860,0.866,0.863,0.727,0.847,0.854,0.846,
 0.873,0.861,0.759,0.841]
Testing Group Acc: [0.221,0.000,0.000]
Epoch [144] Testing Results: Prec@1 22.070 Prec@5 42.080 Loss 4.57726
Epoch [144] Testing Class Recall: [0.780,0.650,0.450,0.240,0.610,0.590,0.480,0.470,0.700,0.480,0.400,0.190,
 0.400,0.530,0.420,0.350,0.430,0.590,0.770,0.550,0.350,0.640,0.380,0.610,
 0.540,0.270,0.210,0.130,0.370,0.170,0.290,0.090,0.240,0.280,0.100,0.190,
 0.120,0.190,0.110,0.270,0.150,0.360,0.160,0.090,0.120,0.090,0.080,0.150,
 0.150,0.100,0.080,0.140,0.660,0.210,0.090,0.000,0.180,0.080,0.140,0.170,
 0.480,0.210,0.310,0.040,0.060,0.000,0.040,0.000,0.200,0.230,0.180,0.300,
 0.010,0.180,0.090,0.000,0.280,0.010,0.010,0.000,0.000,0.000,0.430,0.010,
 0.000,0.010,0.000,0.010,0.010,0.000,0.000,0.000,0.000,0.010,0.090,0.010,
 0.010,0.000,0.000,0.020]
Training Group Acc: [0.711,0.000,0.000]
Epoch [145] Training Results: Prec@1 71.516 Prec@5 84.564 Loss 1.51743
Epoch [145] Training Class Recall: [0.676,0.606,0.457,0.430,0.384,0.575,0.534,0.550,0.591,0.611,0.492,0.400,
 0.602,0.614,0.507,0.552,0.537,0.643,0.562,0.558,0.338,0.697,0.528,0.721,
 0.498,0.597,0.561,0.598,0.752,0.666,0.733,0.636,0.642,0.681,0.665,0.680,
 0.715,0.699,0.667,0.663,0.724,0.715,0.729,0.766,0.668,0.695,0.720,0.768,
 0.722,0.778,0.739,0.757,0.789,0.705,0.773,0.767,0.761,0.764,0.802,0.809,
 0.835,0.795,0.807,0.802,0.780,0.796,0.845,0.721,0.831,0.833,0.770,0.829,
 0.810,0.610,0.837,0.831,0.827,0.832,0.798,0.859,0.806,0.794,0.811,0.778,
 0.843,0.810,0.821,0.837,0.828,0.860,0.861,0.852,0.708,0.859,0.843,0.836,
 0.877,0.834,0.759,0.854]
Testing Group Acc: [0.221,0.000,0.000]
Epoch [145] Testing Results: Prec@1 22.120 Prec@5 44.480 Loss 4.18179
Epoch [145] Testing Class Recall: [0.610,0.720,0.380,0.240,0.360,0.430,0.620,0.460,0.270,0.400,0.320,0.230,
 0.590,0.600,0.150,0.070,0.420,0.740,0.260,0.260,0.330,0.570,0.260,0.610,
 0.670,0.280,0.170,0.190,0.600,0.340,0.500,0.220,0.540,0.160,0.220,0.250,
 0.240,0.150,0.120,0.370,0.090,0.300,0.130,0.060,0.080,0.150,0.160,0.570,
 0.250,0.300,0.010,0.170,0.330,0.360,0.250,0.000,0.140,0.020,0.150,0.100,
 0.540,0.120,0.250,0.100,0.040,0.010,0.050,0.060,0.150,0.330,0.360,0.280,
 0.030,0.070,0.040,0.200,0.080,0.020,0.020,0.020,0.000,0.000,0.080,0.000,
 0.030,0.120,0.000,0.080,0.040,0.010,0.010,0.060,0.000,0.010,0.270,0.090,
 0.000,0.000,0.000,0.010]
Training Group Acc: [0.713,0.000,0.000]
Epoch [146] Training Results: Prec@1 71.767 Prec@5 84.502 Loss 1.51248
Epoch [146] Training Class Recall: [0.617,0.628,0.464,0.449,0.399,0.578,0.534,0.535,0.599,0.569,0.500,0.434,
 0.616,0.624,0.543,0.535,0.557,0.655,0.580,0.560,0.325,0.693,0.506,0.723,
 0.463,0.602,0.568,0.620,0.758,0.644,0.727,0.638,0.651,0.681,0.707,0.682,
 0.736,0.705,0.689,0.667,0.721,0.742,0.713,0.762,0.668,0.680,0.718,0.768,
 0.667,0.784,0.721,0.755,0.796,0.736,0.770,0.762,0.765,0.758,0.797,0.807,
 0.827,0.793,0.803,0.818,0.797,0.770,0.849,0.744,0.829,0.829,0.797,0.847,
 0.806,0.627,0.841,0.831,0.829,0.829,0.802,0.851,0.833,0.782,0.818,0.794,
 0.837,0.818,0.810,0.826,0.810,0.854,0.886,0.863,0.721,0.859,0.841,0.846,
 0.875,0.859,0.777,0.837]
Testing Group Acc: [0.214,0.000,0.000]
Epoch [146] Testing Results: Prec@1 21.360 Prec@5 43.180 Loss 4.26099
Epoch [146] Testing Class Recall: [0.520,0.590,0.360,0.440,0.640,0.220,0.530,0.680,0.490,0.390,0.450,0.200,
 0.270,0.210,0.330,0.170,0.280,0.210,0.070,0.450,0.260,0.620,0.270,0.640,
 0.710,0.300,0.170,0.150,0.510,0.210,0.340,0.320,0.170,0.280,0.200,0.300,
 0.280,0.330,0.000,0.480,0.160,0.050,0.050,0.190,0.030,0.020,0.140,0.470,
 0.250,0.470,0.080,0.180,0.760,0.540,0.110,0.000,0.160,0.100,0.070,0.080,
 0.530,0.080,0.320,0.120,0.040,0.010,0.070,0.040,0.150,0.180,0.280,0.260,
 0.000,0.000,0.060,0.330,0.210,0.000,0.010,0.020,0.000,0.010,0.200,0.060,
 0.000,0.010,0.010,0.040,0.060,0.000,0.020,0.040,0.000,0.030,0.130,0.070,
 0.000,0.000,0.000,0.020]
Training Group Acc: [0.712,0.000,0.000]
Epoch [147] Training Results: Prec@1 71.582 Prec@5 84.304 Loss 1.51621
Epoch [147] Training Class Recall: [0.663,0.608,0.462,0.455,0.417,0.569,0.509,0.559,0.589,0.611,0.504,0.422,
 0.592,0.628,0.541,0.566,0.518,0.661,0.570,0.562,0.391,0.695,0.511,0.693,
 0.480,0.583,0.561,0.638,0.749,0.670,0.738,0.640,0.607,0.700,0.684,0.652,
 0.725,0.709,0.649,0.656,0.708,0.704,0.731,0.752,0.668,0.693,0.713,0.760,
 0.702,0.784,0.717,0.766,0.785,0.724,0.773,0.765,0.771,0.767,0.807,0.800,
 0.818,0.816,0.798,0.796,0.764,0.782,0.843,0.721,0.839,0.820,0.785,0.829,
 0.815,0.618,0.845,0.821,0.825,0.838,0.808,0.861,0.831,0.782,0.824,0.802,
 0.852,0.816,0.817,0.834,0.806,0.852,0.861,0.861,0.717,0.841,0.852,0.840,
 0.869,0.850,0.781,0.844]
Testing Group Acc: [0.222,0.000,0.000]
Epoch [147] Testing Results: Prec@1 22.170 Prec@5 44.720 Loss 4.29912
Epoch [147] Testing Class Recall: [0.550,0.580,0.370,0.340,0.220,0.410,0.330,0.250,0.560,0.420,0.290,0.240,
 0.430,0.760,0.460,0.460,0.290,0.720,0.240,0.410,0.200,0.030,0.330,0.440,
 0.480,0.310,0.230,0.120,0.300,0.240,0.400,0.330,0.160,0.410,0.180,0.230,
 0.190,0.270,0.120,0.250,0.200,0.430,0.090,0.180,0.010,0.090,0.040,0.170,
 0.360,0.310,0.070,0.370,0.380,0.420,0.430,0.070,0.360,0.100,0.030,0.100,
 0.750,0.110,0.260,0.260,0.170,0.020,0.120,0.050,0.420,0.300,0.310,0.080,
 0.020,0.060,0.140,0.280,0.160,0.030,0.000,0.010,0.000,0.000,0.430,0.020,
 0.010,0.010,0.000,0.100,0.010,0.010,0.000,0.020,0.000,0.000,0.070,0.070,
 0.080,0.020,0.000,0.010]
Training Group Acc: [0.714,0.000,0.000]
Epoch [148] Training Results: Prec@1 71.767 Prec@5 84.458 Loss 1.50439
Epoch [148] Training Class Recall: [0.648,0.628,0.457,0.441,0.405,0.593,0.537,0.563,0.601,0.574,0.481,0.419,
 0.612,0.619,0.560,0.557,0.537,0.647,0.562,0.556,0.358,0.679,0.546,0.701,
 0.502,0.593,0.576,0.626,0.745,0.673,0.705,0.643,0.620,0.692,0.678,0.688,
 0.727,0.699,0.655,0.665,0.730,0.717,0.740,0.744,0.697,0.684,0.728,0.772,
 0.677,0.782,0.739,0.780,0.802,0.713,0.775,0.781,0.777,0.764,0.778,0.798,
 0.833,0.787,0.810,0.791,0.788,0.770,0.851,0.748,0.816,0.822,0.776,0.827,
 0.810,0.610,0.824,0.827,0.823,0.840,0.808,0.869,0.843,0.808,0.834,0.789,
 0.843,0.808,0.817,0.832,0.818,0.858,0.868,0.865,0.711,0.859,0.848,0.846,
 0.875,0.848,0.765,0.844]
Testing Group Acc: [0.233,0.000,0.000]
Epoch [148] Testing Results: Prec@1 23.340 Prec@5 45.410 Loss 4.26272
Epoch [148] Testing Class Recall: [0.570,0.450,0.230,0.170,0.220,0.250,0.360,0.410,0.430,0.330,0.390,0.400,
 0.530,0.800,0.550,0.510,0.600,0.770,0.300,0.230,0.540,0.630,0.230,0.680,
 0.580,0.290,0.360,0.240,0.290,0.350,0.570,0.080,0.220,0.260,0.120,0.170,
 0.380,0.190,0.220,0.330,0.260,0.550,0.300,0.080,0.040,0.180,0.160,0.560,
 0.160,0.320,0.200,0.230,0.460,0.240,0.270,0.010,0.160,0.050,0.010,0.250,
 0.630,0.110,0.160,0.180,0.010,0.000,0.010,0.020,0.400,0.110,0.380,0.140,
 0.000,0.090,0.080,0.050,0.260,0.000,0.030,0.050,0.020,0.000,0.230,0.010,
 0.000,0.180,0.000,0.000,0.140,0.000,0.020,0.020,0.000,0.030,0.120,0.140,
 0.000,0.000,0.000,0.000]
Training Group Acc: [0.711,0.000,0.000]
Epoch [149] Training Results: Prec@1 71.547 Prec@5 84.307 Loss 1.51528
Epoch [149] Training Class Recall: [0.651,0.608,0.470,0.457,0.417,0.580,0.562,0.570,0.599,0.586,0.504,0.427,
 0.598,0.582,0.529,0.522,0.546,0.647,0.554,0.543,0.331,0.681,0.533,0.699,
 0.485,0.618,0.572,0.644,0.743,0.664,0.705,0.634,0.662,0.709,0.672,0.650,
 0.715,0.703,0.681,0.641,0.724,0.698,0.727,0.730,0.689,0.684,0.728,0.758,
 0.674,0.786,0.731,0.757,0.787,0.721,0.796,0.779,0.769,0.755,0.804,0.794,
 0.821,0.787,0.800,0.787,0.764,0.778,0.824,0.714,0.843,0.825,0.795,0.833,
 0.802,0.585,0.833,0.821,0.837,0.836,0.790,0.857,0.846,0.799,0.829,0.804,
 0.843,0.816,0.828,0.832,0.820,0.846,0.878,0.856,0.727,0.843,0.846,0.838,
 0.871,0.861,0.749,0.844]
Testing Group Acc: [0.222,0.000,0.000]
Epoch [149] Testing Results: Prec@1 22.230 Prec@5 44.250 Loss 4.43795
Epoch [149] Testing Class Recall: [0.780,0.580,0.460,0.380,0.370,0.610,0.490,0.580,0.440,0.620,0.430,0.400,
 0.620,0.240,0.170,0.120,0.530,0.710,0.240,0.390,0.330,0.370,0.080,0.460,
 0.490,0.060,0.110,0.140,0.420,0.150,0.560,0.140,0.170,0.480,0.130,0.090,
 0.110,0.370,0.070,0.460,0.180,0.360,0.120,0.290,0.110,0.100,0.090,0.180,
 0.030,0.250,0.220,0.420,0.660,0.220,0.230,0.060,0.250,0.030,0.010,0.260,
 0.510,0.140,0.260,0.160,0.020,0.020,0.100,0.070,0.370,0.340,0.350,0.200,
 0.030,0.010,0.110,0.110,0.160,0.030,0.020,0.070,0.000,0.010,0.260,0.040,
 0.010,0.010,0.000,0.010,0.070,0.010,0.000,0.010,0.000,0.000,0.260,0.000,
 0.010,0.010,0.000,0.020]
Training Group Acc: [0.712,0.000,0.000]
Epoch [150] Training Results: Prec@1 71.649 Prec@5 84.398 Loss 1.50915
Epoch [150] Training Class Recall: [0.663,0.610,0.494,0.405,0.419,0.567,0.541,0.561,0.586,0.599,0.519,0.384,
 0.638,0.570,0.539,0.548,0.555,0.637,0.564,0.556,0.305,0.699,0.556,0.729,
 0.498,0.579,0.563,0.608,0.728,0.684,0.725,0.640,0.657,0.698,0.672,0.658,
 0.715,0.711,0.677,0.663,0.688,0.695,0.727,0.758,0.670,0.684,0.742,0.762,
 0.687,0.778,0.723,0.768,0.785,0.708,0.779,0.787,0.787,0.744,0.781,0.807,
 0.838,0.801,0.807,0.816,0.773,0.796,0.828,0.721,0.825,0.818,0.782,0.841,
 0.808,0.618,0.847,0.825,0.825,0.838,0.804,0.853,0.829,0.805,0.839,0.786,
 0.824,0.812,0.810,0.832,0.818,0.850,0.871,0.861,0.717,0.843,0.848,0.848,
 0.877,0.859,0.774,0.849]
Testing Group Acc: [0.253,0.000,0.000]
Epoch [150] Testing Results: Prec@1 25.340 Prec@5 47.130 Loss 4.12791
Epoch [150] Testing Class Recall: [0.600,0.410,0.160,0.430,0.460,0.420,0.520,0.390,0.420,0.640,0.270,0.260,
 0.780,0.600,0.220,0.300,0.560,0.670,0.330,0.260,0.530,0.590,0.190,0.530,
 0.560,0.200,0.250,0.210,0.340,0.390,0.290,0.070,0.320,0.450,0.310,0.200,
 0.420,0.350,0.170,0.330,0.240,0.490,0.070,0.340,0.040,0.230,0.160,0.620,
 0.300,0.390,0.020,0.120,0.430,0.830,0.440,0.000,0.450,0.400,0.160,0.270,
 0.600,0.130,0.260,0.120,0.000,0.020,0.010,0.010,0.260,0.300,0.060,0.350,
 0.110,0.210,0.060,0.170,0.270,0.000,0.030,0.020,0.000,0.010,0.310,0.080,
 0.010,0.040,0.000,0.060,0.100,0.010,0.010,0.040,0.000,0.010,0.140,0.110,
 0.000,0.000,0.000,0.020]
Training Group Acc: [0.713,0.000,0.000]
Epoch [151] Training Results: Prec@1 71.751 Prec@5 84.393 Loss 1.51336
Epoch [151] Training Class Recall: [0.671,0.658,0.464,0.439,0.401,0.556,0.543,0.546,0.586,0.601,0.489,0.403,
 0.624,0.603,0.560,0.581,0.564,0.651,0.562,0.586,0.318,0.685,0.528,0.695,
 0.485,0.595,0.595,0.612,0.728,0.646,0.725,0.634,0.653,0.685,0.682,0.656,
 0.715,0.728,0.643,0.654,0.710,0.709,0.746,0.732,0.662,0.697,0.735,0.784,
 0.712,0.782,0.729,0.761,0.793,0.747,0.770,0.748,0.777,0.767,0.781,0.790,
 0.827,0.811,0.794,0.793,0.797,0.796,0.836,0.737,0.827,0.835,0.770,0.825,
 0.812,0.627,0.851,0.831,0.837,0.834,0.806,0.857,0.827,0.794,0.839,0.786,
 0.856,0.812,0.815,0.832,0.814,0.854,0.871,0.854,0.711,0.851,0.848,0.848,
 0.877,0.850,0.749,0.854]
Testing Group Acc: [0.224,0.000,0.000]
Epoch [151] Testing Results: Prec@1 22.430 Prec@5 44.200 Loss 4.21624
Epoch [151] Testing Class Recall: [0.430,0.620,0.300,0.380,0.330,0.680,0.400,0.360,0.460,0.440,0.280,0.230,
 0.530,0.300,0.540,0.410,0.510,0.770,0.430,0.450,0.600,0.360,0.160,0.430,
 0.430,0.110,0.200,0.300,0.470,0.380,0.500,0.330,0.150,0.460,0.090,0.200,
 0.130,0.100,0.220,0.240,0.140,0.660,0.060,0.400,0.160,0.090,0.080,0.340,
 0.320,0.070,0.040,0.290,0.500,0.330,0.300,0.030,0.200,0.020,0.210,0.280,
 0.300,0.060,0.250,0.120,0.030,0.030,0.030,0.000,0.180,0.170,0.050,0.190,
 0.000,0.040,0.050,0.190,0.240,0.050,0.020,0.000,0.070,0.000,0.290,0.060,
 0.000,0.270,0.020,0.120,0.050,0.010,0.000,0.040,0.000,0.010,0.080,0.020,
 0.080,0.080,0.000,0.000]
Training Group Acc: [0.713,0.000,0.000]
Epoch [152] Training Results: Prec@1 71.693 Prec@5 84.487 Loss 1.50644
Epoch [152] Training Class Recall: [0.633,0.622,0.489,0.439,0.434,0.573,0.556,0.548,0.603,0.586,0.483,0.412,
 0.571,0.614,0.535,0.563,0.568,0.651,0.578,0.573,0.358,0.673,0.573,0.691,
 0.471,0.606,0.570,0.610,0.745,0.644,0.682,0.647,0.668,0.677,0.684,0.664,
 0.717,0.690,0.681,0.654,0.699,0.723,0.708,0.760,0.695,0.678,0.708,0.754,
 0.719,0.774,0.737,0.770,0.804,0.716,0.779,0.771,0.773,0.752,0.802,0.794,
 0.838,0.803,0.810,0.796,0.771,0.778,0.814,0.744,0.833,0.833,0.799,0.837,
 0.815,0.618,0.826,0.825,0.831,0.851,0.798,0.857,0.823,0.808,0.826,0.794,
 0.847,0.812,0.819,0.834,0.822,0.846,0.881,0.854,0.708,0.859,0.839,0.838,
 0.873,0.859,0.771,0.849]
Testing Group Acc: [0.215,0.000,0.000]
Epoch [152] Testing Results: Prec@1 21.460 Prec@5 42.320 Loss 4.44721
Epoch [152] Testing Class Recall: [0.790,0.810,0.240,0.350,0.290,0.310,0.200,0.680,0.400,0.530,0.430,0.420,
 0.660,0.530,0.240,0.170,0.530,0.850,0.420,0.460,0.310,0.400,0.220,0.460,
 0.410,0.360,0.330,0.280,0.270,0.290,0.300,0.120,0.380,0.500,0.060,0.010,
 0.200,0.070,0.090,0.230,0.060,0.600,0.020,0.230,0.160,0.040,0.100,0.390,
 0.220,0.150,0.030,0.060,0.610,0.240,0.030,0.010,0.180,0.280,0.060,0.260,
 0.530,0.120,0.290,0.050,0.000,0.030,0.020,0.010,0.140,0.210,0.220,0.250,
 0.000,0.080,0.070,0.100,0.210,0.010,0.000,0.040,0.000,0.020,0.180,0.040,
 0.000,0.110,0.000,0.050,0.010,0.000,0.020,0.030,0.000,0.040,0.140,0.040,
 0.040,0.020,0.010,0.000]
Training Group Acc: [0.714,0.000,0.000]
Epoch [153] Training Results: Prec@1 71.862 Prec@5 84.536 Loss 1.50379
Epoch [153] Training Class Recall: [0.663,0.608,0.464,0.403,0.387,0.571,0.547,0.537,0.591,0.621,0.521,0.434,
 0.616,0.596,0.552,0.541,0.550,0.643,0.560,0.560,0.305,0.693,0.514,0.719,
 0.463,0.600,0.580,0.640,0.734,0.681,0.720,0.638,0.655,0.690,0.699,0.650,
 0.732,0.699,0.655,0.687,0.710,0.756,0.721,0.754,0.695,0.678,0.723,0.756,
 0.697,0.799,0.741,0.786,0.796,0.721,0.781,0.773,0.771,0.781,0.785,0.790,
 0.838,0.803,0.807,0.798,0.780,0.782,0.834,0.718,0.833,0.825,0.795,0.845,
 0.812,0.643,0.831,0.833,0.833,0.847,0.804,0.857,0.825,0.822,0.826,0.796,
 0.830,0.812,0.815,0.845,0.810,0.854,0.863,0.865,0.724,0.857,0.846,0.846,
 0.875,0.857,0.762,0.849]
Testing Group Acc: [0.223,0.000,0.000]
Epoch [153] Testing Results: Prec@1 22.250 Prec@5 44.340 Loss 4.27403
Epoch [153] Testing Class Recall: [0.710,0.560,0.260,0.310,0.530,0.440,0.580,0.430,0.510,0.420,0.140,0.170,
 0.620,0.310,0.140,0.280,0.340,0.690,0.520,0.240,0.260,0.610,0.100,0.530,
 0.400,0.370,0.200,0.250,0.360,0.330,0.420,0.380,0.160,0.500,0.020,0.170,
 0.250,0.130,0.160,0.370,0.090,0.200,0.140,0.170,0.260,0.160,0.200,0.470,
 0.040,0.200,0.020,0.240,0.510,0.660,0.320,0.020,0.440,0.140,0.040,0.370,
 0.460,0.160,0.260,0.130,0.040,0.010,0.040,0.020,0.360,0.200,0.210,0.190,
 0.000,0.200,0.080,0.070,0.270,0.090,0.010,0.010,0.000,0.000,0.220,0.070,
 0.020,0.060,0.000,0.050,0.000,0.000,0.020,0.000,0.000,0.000,0.060,0.060,
 0.000,0.010,0.000,0.010]
Training Group Acc: [0.714,0.000,0.000]
Epoch [154] Training Results: Prec@1 71.787 Prec@5 84.604 Loss 1.50176
Epoch [154] Training Class Recall: [0.640,0.631,0.474,0.397,0.411,0.558,0.554,0.557,0.593,0.618,0.519,0.431,
 0.624,0.640,0.558,0.550,0.537,0.667,0.522,0.562,0.338,0.701,0.519,0.705,
 0.502,0.595,0.561,0.622,0.726,0.655,0.720,0.645,0.655,0.700,0.669,0.672,
 0.725,0.721,0.687,0.654,0.715,0.723,0.731,0.742,0.666,0.719,0.723,0.750,
 0.672,0.793,0.735,0.761,0.783,0.731,0.790,0.781,0.759,0.746,0.792,0.798,
 0.829,0.809,0.814,0.793,0.791,0.760,0.843,0.721,0.833,0.816,0.768,0.829,
 0.802,0.606,0.824,0.825,0.841,0.842,0.804,0.857,0.833,0.779,0.849,0.794,
 0.852,0.824,0.826,0.828,0.822,0.852,0.868,0.865,0.717,0.863,0.841,0.850,
 0.875,0.861,0.777,0.851]
Testing Group Acc: [0.223,0.000,0.000]
Epoch [154] Testing Results: Prec@1 22.330 Prec@5 44.350 Loss 4.22933
Epoch [154] Testing Class Recall: [0.770,0.550,0.490,0.490,0.170,0.710,0.550,0.610,0.400,0.650,0.290,0.180,
 0.430,0.420,0.370,0.390,0.630,0.530,0.330,0.300,0.300,0.670,0.170,0.400,
 0.590,0.170,0.160,0.110,0.420,0.310,0.450,0.010,0.090,0.290,0.230,0.200,
 0.290,0.230,0.140,0.290,0.160,0.350,0.250,0.390,0.090,0.070,0.180,0.200,
 0.340,0.180,0.010,0.220,0.460,0.620,0.190,0.020,0.280,0.080,0.130,0.310,
 0.270,0.070,0.330,0.140,0.040,0.010,0.050,0.060,0.340,0.180,0.220,0.220,
 0.000,0.120,0.060,0.190,0.220,0.040,0.020,0.040,0.000,0.040,0.030,0.010,
 0.000,0.100,0.000,0.040,0.060,0.000,0.000,0.010,0.000,0.010,0.020,0.060,
 0.010,0.000,0.000,0.010]
Training Group Acc: [0.713,0.000,0.000]
Epoch [155] Training Results: Prec@1 71.713 Prec@5 84.440 Loss 1.50320
Epoch [155] Training Class Recall: [0.658,0.622,0.457,0.432,0.395,0.537,0.539,0.546,0.601,0.616,0.498,0.419,
 0.622,0.589,0.526,0.546,0.533,0.665,0.560,0.577,0.344,0.699,0.546,0.705,
 0.507,0.614,0.570,0.622,0.726,0.681,0.718,0.618,0.664,0.683,0.669,0.686,
 0.689,0.717,0.695,0.654,0.733,0.704,0.706,0.754,0.695,0.714,0.718,0.760,
 0.697,0.795,0.710,0.776,0.789,0.739,0.781,0.777,0.781,0.758,0.797,0.809,
 0.829,0.801,0.803,0.783,0.753,0.768,0.824,0.725,0.829,0.827,0.787,0.843,
 0.812,0.631,0.833,0.842,0.835,0.836,0.792,0.859,0.835,0.805,0.849,0.791,
 0.845,0.796,0.821,0.832,0.828,0.846,0.866,0.854,0.708,0.847,0.850,0.842,
 0.879,0.852,0.768,0.844]
Testing Group Acc: [0.233,0.000,0.000]
Epoch [155] Testing Results: Prec@1 23.280 Prec@5 43.590 Loss 4.24091
Epoch [155] Testing Class Recall: [0.780,0.330,0.170,0.360,0.350,0.660,0.610,0.630,0.680,0.550,0.330,0.580,
 0.580,0.670,0.380,0.380,0.440,0.470,0.450,0.260,0.400,0.580,0.440,0.530,
 0.640,0.030,0.250,0.120,0.670,0.350,0.580,0.390,0.200,0.220,0.160,0.020,
 0.170,0.250,0.030,0.260,0.120,0.070,0.080,0.090,0.080,0.030,0.110,0.440,
 0.150,0.490,0.130,0.240,0.720,0.380,0.210,0.000,0.220,0.180,0.020,0.090,
 0.450,0.060,0.180,0.100,0.020,0.000,0.120,0.010,0.230,0.260,0.260,0.400,
 0.000,0.070,0.040,0.300,0.170,0.000,0.000,0.010,0.000,0.010,0.270,0.010,
 0.000,0.070,0.000,0.030,0.080,0.010,0.000,0.020,0.000,0.040,0.080,0.090,
 0.050,0.040,0.000,0.000]
Training Group Acc: [0.712,0.000,0.000]
Epoch [156] Training Results: Prec@1 71.609 Prec@5 84.296 Loss 1.51447
Epoch [156] Training Class Recall: [0.663,0.619,0.460,0.418,0.395,0.556,0.565,0.561,0.582,0.599,0.515,0.410,
 0.598,0.587,0.554,0.561,0.555,0.645,0.550,0.575,0.338,0.703,0.536,0.689,
 0.454,0.564,0.551,0.640,0.760,0.681,0.716,0.656,0.614,0.672,0.678,0.652,
 0.725,0.713,0.673,0.663,0.701,0.726,0.713,0.732,0.685,0.714,0.718,0.766,
 0.702,0.782,0.719,0.737,0.804,0.703,0.777,0.775,0.779,0.749,0.788,0.803,
 0.831,0.793,0.807,0.804,0.775,0.764,0.830,0.760,0.841,0.820,0.780,0.841,
 0.804,0.627,0.826,0.829,0.833,0.842,0.798,0.843,0.839,0.814,0.844,0.796,
 0.839,0.824,0.821,0.828,0.826,0.858,0.868,0.863,0.708,0.861,0.848,0.844,
 0.877,0.855,0.774,0.844]
Testing Group Acc: [0.234,0.000,0.000]
Epoch [156] Testing Results: Prec@1 23.440 Prec@5 44.850 Loss 4.12980
Epoch [156] Testing Class Recall: [0.720,0.450,0.260,0.370,0.160,0.400,0.400,0.610,0.570,0.400,0.200,0.170,
 0.500,0.390,0.220,0.200,0.340,0.270,0.440,0.210,0.320,0.580,0.460,0.630,
 0.170,0.140,0.200,0.310,0.570,0.310,0.520,0.060,0.290,0.500,0.300,0.160,
 0.520,0.330,0.060,0.410,0.310,0.430,0.390,0.270,0.020,0.080,0.190,0.240,
 0.320,0.320,0.100,0.100,0.680,0.510,0.370,0.000,0.650,0.210,0.120,0.170,
 0.370,0.310,0.120,0.100,0.010,0.000,0.040,0.040,0.160,0.140,0.240,0.120,
 0.030,0.050,0.070,0.360,0.370,0.010,0.010,0.010,0.020,0.010,0.400,0.120,
 0.010,0.040,0.000,0.070,0.040,0.010,0.040,0.030,0.020,0.050,0.250,0.130,
 0.010,0.000,0.000,0.030]
Training Group Acc: [0.715,0.000,0.000]
Epoch [157] Training Results: Prec@1 71.882 Prec@5 84.562 Loss 1.50147
Epoch [157] Training Class Recall: [0.653,0.631,0.468,0.451,0.370,0.569,0.526,0.555,0.586,0.586,0.489,0.429,
 0.616,0.635,0.552,0.552,0.561,0.649,0.558,0.577,0.331,0.706,0.538,0.699,
 0.502,0.587,0.574,0.642,0.749,0.677,0.733,0.625,0.651,0.688,0.697,0.686,
 0.719,0.701,0.679,0.674,0.712,0.734,0.721,0.756,0.662,0.689,0.720,0.772,
 0.707,0.791,0.741,0.755,0.798,0.755,0.790,0.767,0.773,0.764,0.792,0.779,
 0.825,0.787,0.798,0.806,0.773,0.758,0.849,0.740,0.829,0.833,0.791,0.839,
 0.810,0.598,0.849,0.831,0.811,0.825,0.802,0.847,0.818,0.808,0.847,0.802,
 0.843,0.826,0.821,0.822,0.830,0.856,0.873,0.854,0.733,0.857,0.850,0.842,
 0.875,0.859,0.777,0.832]
Testing Group Acc: [0.227,0.000,0.000]
Epoch [157] Testing Results: Prec@1 22.670 Prec@5 43.880 Loss 4.17936
Epoch [157] Testing Class Recall: [0.750,0.420,0.340,0.140,0.470,0.650,0.500,0.540,0.590,0.400,0.340,0.300,
 0.680,0.430,0.550,0.440,0.430,0.450,0.420,0.370,0.320,0.240,0.470,0.640,
 0.460,0.230,0.310,0.240,0.400,0.310,0.410,0.120,0.360,0.330,0.040,0.230,
 0.340,0.250,0.110,0.370,0.130,0.200,0.210,0.210,0.100,0.080,0.130,0.450,
 0.380,0.100,0.090,0.030,0.600,0.380,0.190,0.040,0.480,0.090,0.040,0.070,
 0.400,0.140,0.160,0.160,0.020,0.010,0.080,0.070,0.200,0.250,0.180,0.240,
 0.000,0.070,0.100,0.090,0.170,0.010,0.050,0.010,0.000,0.000,0.270,0.040,
 0.010,0.020,0.000,0.070,0.020,0.000,0.040,0.030,0.000,0.070,0.270,0.010,
 0.010,0.000,0.000,0.010]
Training Group Acc: [0.715,0.000,0.000]
Epoch [158] Training Results: Prec@1 71.984 Prec@5 84.502 Loss 1.49806
Epoch [158] Training Class Recall: [0.666,0.626,0.481,0.416,0.399,0.608,0.526,0.572,0.622,0.603,0.502,0.398,
 0.612,0.591,0.531,0.581,0.566,0.661,0.558,0.577,0.331,0.718,0.516,0.719,
 0.476,0.587,0.578,0.656,0.730,0.692,0.735,0.652,0.681,0.713,0.697,0.690,
 0.710,0.715,0.685,0.623,0.708,0.748,0.719,0.730,0.672,0.697,0.720,0.762,
 0.712,0.797,0.717,0.774,0.781,0.742,0.779,0.758,0.783,0.741,0.788,0.781,
 0.831,0.811,0.803,0.796,0.782,0.764,0.843,0.702,0.825,0.822,0.787,0.851,
 0.800,0.627,0.833,0.818,0.835,0.853,0.800,0.857,0.829,0.791,0.829,0.794,
 0.847,0.810,0.828,0.845,0.822,0.854,0.868,0.865,0.724,0.861,0.846,0.848,
 0.877,0.857,0.771,0.822]
Testing Group Acc: [0.229,0.000,0.000]
Epoch [158] Testing Results: Prec@1 22.890 Prec@5 45.220 Loss 4.21882
Epoch [158] Testing Class Recall: [0.710,0.460,0.430,0.060,0.310,0.400,0.420,0.640,0.510,0.640,0.290,0.370,
 0.330,0.810,0.390,0.390,0.590,0.500,0.270,0.280,0.280,0.540,0.300,0.770,
 0.520,0.320,0.440,0.120,0.580,0.100,0.600,0.180,0.160,0.340,0.260,0.290,
 0.120,0.260,0.140,0.300,0.220,0.140,0.270,0.170,0.100,0.030,0.060,0.300,
 0.200,0.270,0.050,0.160,0.720,0.300,0.330,0.030,0.350,0.170,0.020,0.300,
 0.400,0.080,0.190,0.120,0.080,0.000,0.020,0.010,0.420,0.410,0.270,0.220,
 0.010,0.060,0.080,0.160,0.170,0.000,0.000,0.010,0.000,0.000,0.300,0.000,
 0.010,0.060,0.000,0.030,0.030,0.000,0.010,0.000,0.000,0.000,0.070,0.010,
 0.030,0.010,0.000,0.010]
Training Group Acc: [0.713,0.000,0.000]
Epoch [159] Training Results: Prec@1 71.753 Prec@5 84.573 Loss 1.50510
Epoch [159] Training Class Recall: [0.666,0.606,0.449,0.424,0.421,0.573,0.558,0.567,0.601,0.594,0.475,0.441,
 0.620,0.605,0.554,0.566,0.535,0.633,0.576,0.571,0.371,0.703,0.563,0.713,
 0.476,0.595,0.582,0.634,0.743,0.684,0.718,0.658,0.644,0.703,0.674,0.662,
 0.691,0.717,0.659,0.663,0.699,0.717,0.733,0.764,0.701,0.687,0.718,0.764,
 0.697,0.778,0.741,0.739,0.793,0.736,0.740,0.785,0.777,0.744,0.792,0.800,
 0.840,0.811,0.785,0.793,0.780,0.768,0.818,0.721,0.835,0.829,0.757,0.835,
 0.819,0.614,0.847,0.814,0.829,0.838,0.790,0.865,0.841,0.785,0.849,0.749,
 0.837,0.826,0.817,0.832,0.810,0.843,0.878,0.871,0.711,0.857,0.839,0.844,
 0.873,0.864,0.777,0.851]
Testing Group Acc: [0.210,0.000,0.000]
Epoch [159] Testing Results: Prec@1 20.960 Prec@5 42.400 Loss 4.51417
Epoch [159] Testing Class Recall: [0.710,0.430,0.440,0.230,0.420,0.370,0.680,0.470,0.500,0.360,0.140,0.220,
 0.610,0.380,0.070,0.590,0.440,0.890,0.350,0.500,0.200,0.660,0.410,0.470,
 0.220,0.090,0.130,0.200,0.410,0.270,0.420,0.390,0.170,0.340,0.080,0.120,
 0.260,0.290,0.220,0.270,0.280,0.290,0.110,0.040,0.010,0.010,0.040,0.210,
 0.190,0.260,0.030,0.030,0.470,0.560,0.290,0.000,0.140,0.090,0.100,0.170,
 0.440,0.290,0.250,0.030,0.030,0.050,0.020,0.000,0.100,0.310,0.370,0.350,
 0.000,0.040,0.020,0.150,0.290,0.000,0.020,0.000,0.010,0.010,0.040,0.000,
 0.010,0.060,0.000,0.070,0.000,0.000,0.010,0.020,0.000,0.000,0.220,0.000,
 0.010,0.000,0.000,0.000]
Training Group Acc: [0.755,0.000,0.000]
Epoch [160] Training Results: Prec@1 76.002 Prec@5 86.429 Loss 1.31257
Epoch [160] Training Class Recall: [0.737,0.681,0.577,0.514,0.528,0.662,0.666,0.638,0.597,0.596,0.557,0.443,
 0.724,0.626,0.548,0.670,0.616,0.727,0.676,0.662,0.391,0.757,0.602,0.753,
 0.537,0.597,0.703,0.706,0.809,0.749,0.753,0.762,0.738,0.741,0.757,0.700,
 0.712,0.780,0.790,0.718,0.804,0.745,0.777,0.764,0.685,0.723,0.788,0.810,
 0.757,0.835,0.754,0.813,0.820,0.775,0.813,0.821,0.799,0.775,0.851,0.850,
 0.846,0.851,0.832,0.783,0.846,0.806,0.870,0.733,0.841,0.835,0.822,0.853,
 0.819,0.664,0.851,0.846,0.845,0.847,0.829,0.875,0.856,0.819,0.806,0.781,
 0.865,0.834,0.848,0.858,0.838,0.829,0.896,0.878,0.740,0.867,0.854,0.848,
 0.877,0.868,0.771,0.856]
Testing Group Acc: [0.266,0.000,0.000]
Epoch [160] Testing Results: Prec@1 26.600 Prec@5 49.240 Loss 3.87502
Epoch [160] Testing Class Recall: [0.820,0.660,0.510,0.460,0.460,0.560,0.700,0.480,0.670,0.480,0.310,0.360,
 0.600,0.550,0.300,0.500,0.510,0.760,0.460,0.440,0.340,0.620,0.300,0.580,
 0.510,0.230,0.320,0.310,0.480,0.300,0.510,0.290,0.240,0.420,0.200,0.240,
 0.350,0.320,0.190,0.400,0.220,0.420,0.230,0.160,0.060,0.090,0.150,0.340,
 0.290,0.330,0.070,0.160,0.670,0.520,0.340,0.000,0.260,0.140,0.160,0.230,
 0.540,0.210,0.320,0.080,0.050,0.040,0.060,0.020,0.250,0.330,0.250,0.300,
 0.010,0.090,0.070,0.220,0.360,0.010,0.020,0.000,0.020,0.000,0.180,0.040,
 0.010,0.140,0.000,0.090,0.030,0.010,0.000,0.010,0.000,0.000,0.180,0.060,
 0.020,0.000,0.000,0.000]
Training Group Acc: [0.779,0.000,0.000]
Epoch [161] Training Results: Prec@1 78.358 Prec@5 87.300 Loss 1.20942
Epoch [161] Training Class Recall: [0.717,0.741,0.594,0.547,0.538,0.694,0.677,0.651,0.650,0.633,0.626,0.521,
 0.712,0.707,0.649,0.681,0.662,0.725,0.696,0.693,0.391,0.777,0.635,0.777,
 0.581,0.688,0.732,0.730,0.816,0.774,0.785,0.775,0.775,0.774,0.810,0.748,
 0.780,0.792,0.768,0.751,0.807,0.789,0.829,0.843,0.773,0.806,0.827,0.827,
 0.762,0.841,0.797,0.817,0.834,0.780,0.828,0.844,0.833,0.793,0.849,0.859,
 0.865,0.859,0.839,0.830,0.849,0.832,0.882,0.775,0.854,0.844,0.828,0.861,
 0.841,0.668,0.870,0.850,0.849,0.870,0.839,0.885,0.858,0.834,0.852,0.822,
 0.873,0.840,0.850,0.854,0.846,0.866,0.894,0.876,0.746,0.871,0.854,0.854,
 0.879,0.866,0.784,0.866]
Testing Group Acc: [0.271,0.000,0.000]
Epoch [161] Testing Results: Prec@1 27.100 Prec@5 49.610 Loss 3.85330
Epoch [161] Testing Class Recall: [0.780,0.680,0.520,0.500,0.470,0.580,0.680,0.500,0.680,0.490,0.340,0.370,
 0.630,0.590,0.330,0.470,0.520,0.730,0.440,0.420,0.390,0.620,0.320,0.600,
 0.580,0.260,0.310,0.280,0.480,0.310,0.610,0.290,0.250,0.390,0.210,0.230,
 0.340,0.290,0.220,0.410,0.210,0.420,0.220,0.200,0.090,0.080,0.160,0.360,
 0.280,0.320,0.080,0.150,0.720,0.540,0.340,0.010,0.300,0.130,0.180,0.200,
 0.560,0.200,0.310,0.130,0.020,0.010,0.060,0.030,0.260,0.330,0.240,0.280,
 0.020,0.100,0.070,0.210,0.360,0.020,0.020,0.000,0.020,0.000,0.210,0.040,
 0.010,0.130,0.000,0.040,0.030,0.010,0.000,0.020,0.000,0.000,0.170,0.060,
 0.020,0.000,0.000,0.010]
Training Group Acc: [0.787,0.000,0.000]
Epoch [162] Training Results: Prec@1 79.138 Prec@5 87.671 Loss 1.17563
Epoch [162] Training Class Recall: [0.742,0.734,0.589,0.580,0.550,0.716,0.659,0.679,0.677,0.640,0.616,0.566,
 0.736,0.744,0.670,0.681,0.669,0.729,0.712,0.662,0.437,0.769,0.652,0.787,
 0.617,0.736,0.749,0.762,0.837,0.763,0.796,0.762,0.786,0.795,0.822,0.770,
 0.801,0.809,0.822,0.778,0.807,0.812,0.812,0.839,0.792,0.810,0.819,0.819,
 0.769,0.848,0.815,0.830,0.845,0.793,0.845,0.869,0.831,0.798,0.849,0.852,
 0.870,0.862,0.839,0.845,0.855,0.844,0.880,0.794,0.856,0.850,0.831,0.859,
 0.837,0.680,0.872,0.850,0.851,0.868,0.829,0.892,0.858,0.837,0.849,0.830,
 0.873,0.834,0.853,0.856,0.838,0.866,0.896,0.878,0.740,0.873,0.854,0.856,
 0.879,0.868,0.787,0.866]
Testing Group Acc: [0.271,0.000,0.000]
Epoch [162] Testing Results: Prec@1 27.060 Prec@5 49.310 Loss 3.88589
Epoch [162] Testing Class Recall: [0.790,0.680,0.500,0.490,0.460,0.610,0.660,0.560,0.680,0.520,0.360,0.370,
 0.640,0.570,0.360,0.460,0.550,0.740,0.420,0.420,0.460,0.620,0.330,0.570,
 0.600,0.280,0.310,0.260,0.490,0.310,0.590,0.280,0.260,0.370,0.210,0.240,
 0.330,0.300,0.210,0.400,0.230,0.450,0.210,0.200,0.090,0.090,0.150,0.350,
 0.280,0.290,0.060,0.140,0.730,0.550,0.310,0.000,0.270,0.130,0.140,0.200,
 0.580,0.170,0.300,0.110,0.030,0.020,0.050,0.040,0.300,0.330,0.240,0.270,
 0.020,0.090,0.060,0.190,0.300,0.030,0.020,0.000,0.010,0.000,0.230,0.050,
 0.020,0.120,0.000,0.050,0.020,0.010,0.000,0.010,0.000,0.000,0.150,0.080,
 0.020,0.000,0.000,0.010]
Training Group Acc: [0.790,0.000,0.000]
Epoch [163] Training Results: Prec@1 79.431 Prec@5 87.893 Loss 1.15380
Epoch [163] Training Class Recall: [0.755,0.720,0.604,0.580,0.544,0.731,0.668,0.683,0.698,0.672,0.651,0.557,
 0.734,0.730,0.672,0.710,0.656,0.751,0.688,0.674,0.430,0.775,0.672,0.797,
 0.617,0.748,0.741,0.764,0.842,0.793,0.794,0.773,0.797,0.774,0.810,0.776,
 0.805,0.796,0.804,0.764,0.818,0.801,0.838,0.846,0.808,0.810,0.836,0.839,
 0.769,0.846,0.830,0.828,0.834,0.788,0.835,0.873,0.841,0.801,0.849,0.859,
 0.870,0.848,0.837,0.843,0.849,0.842,0.888,0.805,0.860,0.848,0.828,0.861,
 0.849,0.680,0.872,0.850,0.851,0.870,0.835,0.892,0.864,0.848,0.852,0.828,
 0.865,0.840,0.855,0.854,0.846,0.868,0.896,0.876,0.743,0.873,0.854,0.854,
 0.879,0.868,0.790,0.866]
Testing Group Acc: [0.274,0.000,0.000]
Epoch [163] Testing Results: Prec@1 27.390 Prec@5 49.940 Loss 3.83994
Epoch [163] Testing Class Recall: [0.770,0.700,0.530,0.470,0.490,0.580,0.700,0.550,0.700,0.540,0.360,0.400,
 0.620,0.540,0.340,0.470,0.540,0.730,0.420,0.400,0.450,0.620,0.320,0.570,
 0.610,0.300,0.330,0.280,0.490,0.320,0.620,0.300,0.240,0.400,0.220,0.240,
 0.310,0.300,0.210,0.370,0.230,0.450,0.230,0.200,0.090,0.090,0.150,0.370,
 0.280,0.330,0.070,0.150,0.720,0.540,0.310,0.000,0.310,0.130,0.140,0.200,
 0.560,0.170,0.290,0.140,0.020,0.020,0.060,0.040,0.300,0.340,0.220,0.260,
 0.020,0.100,0.060,0.210,0.320,0.030,0.020,0.000,0.010,0.000,0.280,0.050,
 0.020,0.120,0.000,0.070,0.010,0.010,0.000,0.010,0.000,0.010,0.160,0.080,
 0.030,0.000,0.000,0.010]
Training Group Acc: [0.793,0.000,0.000]
Epoch [164] Training Results: Prec@1 79.727 Prec@5 88.129 Loss 1.13344
Epoch [164] Training Class Recall: [0.755,0.741,0.600,0.588,0.538,0.716,0.677,0.698,0.738,0.677,0.655,0.543,
 0.730,0.760,0.706,0.734,0.667,0.739,0.710,0.696,0.397,0.781,0.662,0.787,
 0.621,0.740,0.766,0.760,0.837,0.822,0.802,0.793,0.799,0.795,0.816,0.780,
 0.814,0.807,0.806,0.769,0.816,0.798,0.838,0.833,0.823,0.823,0.831,0.833,
 0.787,0.850,0.821,0.832,0.838,0.793,0.841,0.865,0.823,0.818,0.851,0.863,
 0.863,0.859,0.837,0.849,0.851,0.855,0.886,0.794,0.860,0.850,0.828,0.861,
 0.841,0.664,0.870,0.848,0.853,0.873,0.837,0.890,0.862,0.848,0.852,0.830,
 0.867,0.828,0.850,0.852,0.844,0.862,0.896,0.878,0.746,0.875,0.854,0.854,
 0.879,0.866,0.787,0.863]
Testing Group Acc: [0.275,0.000,0.000]
Epoch [164] Testing Results: Prec@1 27.530 Prec@5 49.550 Loss 3.87068
Epoch [164] Testing Class Recall: [0.790,0.710,0.530,0.480,0.510,0.570,0.700,0.530,0.670,0.550,0.350,0.390,
 0.650,0.580,0.330,0.480,0.550,0.740,0.400,0.430,0.470,0.610,0.320,0.590,
 0.630,0.280,0.330,0.290,0.500,0.320,0.610,0.310,0.250,0.430,0.230,0.230,
 0.340,0.290,0.190,0.400,0.230,0.440,0.230,0.220,0.090,0.070,0.150,0.360,
 0.290,0.320,0.060,0.160,0.710,0.560,0.310,0.000,0.280,0.120,0.130,0.200,
 0.570,0.170,0.280,0.130,0.030,0.030,0.050,0.020,0.330,0.350,0.210,0.270,
 0.020,0.090,0.060,0.220,0.330,0.030,0.020,0.000,0.010,0.000,0.240,0.040,
 0.020,0.110,0.000,0.070,0.010,0.010,0.000,0.010,0.000,0.010,0.160,0.090,
 0.030,0.010,0.000,0.010]
Training Group Acc: [0.795,0.000,0.000]
Epoch [165] Training Results: Prec@1 79.996 Prec@5 88.249 Loss 1.12216
Epoch [165] Training Class Recall: [0.747,0.755,0.604,0.599,0.577,0.713,0.685,0.698,0.709,0.670,0.637,0.576,
 0.763,0.751,0.706,0.736,0.671,0.743,0.736,0.710,0.391,0.775,0.679,0.807,
 0.612,0.759,0.776,0.770,0.831,0.787,0.806,0.791,0.803,0.804,0.824,0.774,
 0.810,0.813,0.816,0.769,0.827,0.814,0.829,0.846,0.812,0.817,0.822,0.831,
 0.782,0.850,0.836,0.844,0.838,0.796,0.845,0.867,0.839,0.816,0.844,0.861,
 0.872,0.854,0.837,0.845,0.844,0.848,0.894,0.813,0.858,0.846,0.833,0.862,
 0.847,0.680,0.874,0.848,0.851,0.879,0.837,0.885,0.860,0.837,0.852,0.830,
 0.875,0.836,0.850,0.854,0.846,0.868,0.899,0.878,0.746,0.873,0.854,0.854,
 0.879,0.868,0.787,0.863]
Testing Group Acc: [0.273,0.000,0.000]
Epoch [165] Testing Results: Prec@1 27.280 Prec@5 49.040 Loss 3.90200
Epoch [165] Testing Class Recall: [0.790,0.710,0.540,0.480,0.480,0.580,0.710,0.560,0.690,0.580,0.330,0.380,
 0.670,0.580,0.340,0.500,0.540,0.740,0.400,0.410,0.470,0.610,0.320,0.590,
 0.630,0.270,0.340,0.280,0.500,0.330,0.610,0.260,0.250,0.410,0.230,0.240,
 0.340,0.290,0.230,0.400,0.230,0.420,0.220,0.180,0.090,0.080,0.160,0.350,
 0.280,0.290,0.060,0.160,0.710,0.580,0.320,0.000,0.290,0.120,0.120,0.190,
 0.590,0.140,0.280,0.130,0.020,0.030,0.060,0.020,0.290,0.350,0.240,0.250,
 0.010,0.090,0.060,0.200,0.300,0.020,0.020,0.000,0.010,0.000,0.190,0.030,
 0.020,0.090,0.000,0.070,0.010,0.010,0.000,0.010,0.000,0.010,0.160,0.070,
 0.020,0.010,0.000,0.010]
Training Group Acc: [0.798,0.000,0.000]
Epoch [166] Training Results: Prec@1 80.244 Prec@5 88.431 Loss 1.10933
Epoch [166] Training Class Recall: [0.745,0.734,0.613,0.593,0.581,0.733,0.690,0.709,0.741,0.680,0.655,0.578,
 0.755,0.746,0.700,0.736,0.678,0.747,0.720,0.721,0.490,0.791,0.679,0.809,
 0.639,0.746,0.768,0.788,0.850,0.796,0.802,0.787,0.828,0.808,0.833,0.772,
 0.827,0.815,0.826,0.784,0.811,0.812,0.835,0.848,0.823,0.810,0.836,0.837,
 0.789,0.854,0.836,0.842,0.840,0.806,0.848,0.846,0.835,0.810,0.858,0.850,
 0.872,0.854,0.832,0.849,0.853,0.857,0.890,0.809,0.862,0.852,0.833,0.861,
 0.849,0.668,0.874,0.850,0.851,0.873,0.835,0.879,0.864,0.842,0.849,0.830,
 0.869,0.832,0.853,0.858,0.846,0.868,0.894,0.880,0.746,0.873,0.854,0.856,
 0.881,0.868,0.784,0.863]
Testing Group Acc: [0.270,0.000,0.000]
Epoch [166] Testing Results: Prec@1 27.040 Prec@5 49.050 Loss 3.92203
Epoch [166] Testing Class Recall: [0.790,0.710,0.520,0.450,0.520,0.580,0.710,0.570,0.700,0.590,0.370,0.390,
 0.640,0.600,0.360,0.450,0.570,0.700,0.380,0.380,0.470,0.610,0.320,0.600,
 0.620,0.270,0.330,0.270,0.490,0.320,0.610,0.250,0.240,0.400,0.220,0.210,
 0.320,0.290,0.200,0.370,0.220,0.440,0.230,0.200,0.100,0.080,0.130,0.360,
 0.280,0.320,0.060,0.150,0.700,0.540,0.310,0.000,0.310,0.130,0.120,0.190,
 0.560,0.140,0.280,0.130,0.020,0.030,0.050,0.020,0.300,0.330,0.210,0.240,
 0.010,0.090,0.060,0.180,0.270,0.020,0.020,0.010,0.010,0.000,0.280,0.030,
 0.010,0.100,0.000,0.060,0.010,0.010,0.000,0.010,0.000,0.010,0.140,0.090,
 0.030,0.010,0.000,0.010]
Training Group Acc: [0.800,0.000,0.000]
Epoch [167] Training Results: Prec@1 80.467 Prec@5 88.453 Loss 1.10000
Epoch [167] Training Class Recall: [0.755,0.752,0.611,0.620,0.566,0.733,0.677,0.730,0.734,0.692,0.668,0.576,
 0.761,0.776,0.706,0.727,0.691,0.747,0.720,0.723,0.470,0.802,0.694,0.795,
 0.634,0.748,0.783,0.772,0.839,0.804,0.822,0.791,0.821,0.819,0.820,0.786,
 0.816,0.802,0.830,0.786,0.845,0.809,0.838,0.850,0.829,0.819,0.824,0.841,
 0.787,0.854,0.840,0.851,0.838,0.796,0.850,0.856,0.835,0.821,0.858,0.850,
 0.872,0.856,0.844,0.845,0.849,0.853,0.890,0.813,0.860,0.852,0.826,0.861,
 0.845,0.680,0.876,0.846,0.849,0.877,0.841,0.892,0.864,0.848,0.852,0.828,
 0.873,0.841,0.853,0.854,0.848,0.870,0.896,0.878,0.743,0.871,0.854,0.856,
 0.879,0.868,0.787,0.866]
Testing Group Acc: [0.273,0.000,0.000]
Epoch [167] Testing Results: Prec@1 27.330 Prec@5 49.130 Loss 3.89556
Epoch [167] Testing Class Recall: [0.800,0.670,0.520,0.470,0.500,0.590,0.710,0.560,0.700,0.600,0.360,0.390,
 0.670,0.630,0.360,0.450,0.560,0.710,0.410,0.380,0.460,0.600,0.320,0.600,
 0.630,0.270,0.340,0.260,0.500,0.320,0.610,0.250,0.250,0.410,0.230,0.240,
 0.340,0.300,0.170,0.380,0.200,0.430,0.230,0.200,0.100,0.090,0.130,0.370,
 0.310,0.290,0.060,0.150,0.690,0.570,0.330,0.010,0.300,0.140,0.100,0.210,
 0.560,0.140,0.280,0.130,0.020,0.030,0.050,0.030,0.330,0.330,0.210,0.240,
 0.020,0.090,0.060,0.200,0.300,0.020,0.020,0.010,0.010,0.000,0.260,0.030,
 0.010,0.110,0.000,0.070,0.010,0.010,0.000,0.010,0.000,0.010,0.140,0.100,
 0.030,0.010,0.000,0.020]
Training Group Acc: [0.802,0.000,0.000]
Epoch [168] Training Results: Prec@1 80.600 Prec@5 88.573 Loss 1.09156
Epoch [168] Training Class Recall: [0.758,0.755,0.604,0.615,0.577,0.733,0.711,0.717,0.755,0.707,0.660,0.571,
 0.769,0.748,0.706,0.740,0.702,0.755,0.744,0.721,0.444,0.793,0.701,0.815,
 0.661,0.755,0.783,0.784,0.848,0.818,0.800,0.780,0.821,0.810,0.849,0.772,
 0.820,0.817,0.832,0.780,0.838,0.814,0.844,0.854,0.825,0.829,0.822,0.829,
 0.784,0.856,0.838,0.834,0.845,0.791,0.852,0.858,0.835,0.807,0.854,0.848,
 0.870,0.856,0.846,0.851,0.857,0.857,0.896,0.798,0.862,0.856,0.826,0.859,
 0.847,0.672,0.872,0.848,0.849,0.873,0.845,0.892,0.866,0.851,0.849,0.830,
 0.869,0.840,0.853,0.860,0.842,0.872,0.894,0.878,0.746,0.875,0.854,0.854,
 0.879,0.868,0.787,0.866]
Testing Group Acc: [0.274,0.000,0.000]
Epoch [168] Testing Results: Prec@1 27.360 Prec@5 48.970 Loss 3.91217
Epoch [168] Testing Class Recall: [0.800,0.690,0.510,0.440,0.530,0.590,0.720,0.560,0.720,0.570,0.370,0.380,
 0.650,0.640,0.370,0.470,0.550,0.740,0.380,0.410,0.470,0.580,0.320,0.600,
 0.620,0.270,0.330,0.280,0.500,0.330,0.610,0.260,0.260,0.400,0.240,0.190,
 0.350,0.290,0.190,0.370,0.200,0.450,0.240,0.200,0.140,0.090,0.110,0.380,
 0.320,0.300,0.060,0.150,0.700,0.580,0.300,0.000,0.310,0.140,0.100,0.210,
 0.560,0.120,0.270,0.130,0.010,0.030,0.050,0.040,0.330,0.330,0.230,0.240,
 0.020,0.090,0.060,0.200,0.290,0.020,0.020,0.010,0.010,0.000,0.260,0.030,
 0.000,0.100,0.000,0.050,0.020,0.010,0.000,0.010,0.000,0.020,0.140,0.080,
 0.030,0.000,0.000,0.020]
Training Group Acc: [0.802,0.000,0.000]
Epoch [169] Training Results: Prec@1 80.658 Prec@5 88.598 Loss 1.08442
Epoch [169] Training Class Recall: [0.760,0.748,0.626,0.578,0.587,0.735,0.707,0.728,0.751,0.712,0.676,0.600,
 0.761,0.781,0.708,0.751,0.691,0.751,0.726,0.729,0.490,0.798,0.719,0.815,
 0.626,0.765,0.783,0.788,0.850,0.809,0.809,0.791,0.823,0.804,0.824,0.768,
 0.808,0.821,0.820,0.789,0.820,0.828,0.842,0.841,0.819,0.819,0.831,0.841,
 0.792,0.858,0.844,0.840,0.840,0.798,0.848,0.867,0.841,0.824,0.856,0.861,
 0.868,0.859,0.844,0.843,0.851,0.851,0.894,0.805,0.864,0.852,0.833,0.864,
 0.845,0.676,0.876,0.850,0.851,0.873,0.839,0.885,0.856,0.851,0.849,0.830,
 0.873,0.838,0.853,0.854,0.842,0.866,0.896,0.876,0.746,0.873,0.854,0.854,
 0.879,0.868,0.790,0.866]
Testing Group Acc: [0.273,0.000,0.000]
Epoch [169] Testing Results: Prec@1 27.330 Prec@5 48.910 Loss 3.95124
Epoch [169] Testing Class Recall: [0.810,0.710,0.520,0.460,0.560,0.580,0.710,0.570,0.710,0.570,0.340,0.390,
 0.650,0.620,0.390,0.440,0.570,0.740,0.420,0.410,0.470,0.600,0.320,0.600,
 0.620,0.270,0.340,0.270,0.500,0.330,0.610,0.270,0.240,0.400,0.230,0.210,
 0.350,0.290,0.180,0.370,0.210,0.430,0.210,0.210,0.110,0.090,0.130,0.380,
 0.310,0.320,0.050,0.170,0.680,0.540,0.310,0.000,0.320,0.140,0.080,0.210,
 0.540,0.120,0.290,0.130,0.010,0.030,0.050,0.030,0.350,0.320,0.210,0.220,
 0.010,0.100,0.060,0.180,0.280,0.020,0.020,0.010,0.010,0.000,0.320,0.030,
 0.000,0.070,0.000,0.050,0.030,0.010,0.000,0.000,0.000,0.020,0.150,0.080,
 0.020,0.010,0.000,0.010]
Training Group Acc: [0.804,0.000,0.000]
Epoch [170] Training Results: Prec@1 80.784 Prec@5 88.718 Loss 1.07331
Epoch [170] Training Class Recall: [0.753,0.757,0.634,0.611,0.579,0.733,0.716,0.715,0.732,0.717,0.672,0.583,
 0.748,0.762,0.723,0.747,0.691,0.761,0.742,0.725,0.503,0.793,0.709,0.803,
 0.678,0.755,0.764,0.790,0.850,0.800,0.809,0.800,0.814,0.808,0.831,0.786,
 0.816,0.827,0.824,0.793,0.831,0.803,0.835,0.856,0.839,0.842,0.841,0.837,
 0.767,0.852,0.852,0.849,0.838,0.796,0.852,0.871,0.827,0.830,0.856,0.870,
 0.872,0.862,0.841,0.851,0.857,0.855,0.896,0.817,0.864,0.854,0.835,0.861,
 0.855,0.676,0.872,0.850,0.849,0.881,0.839,0.888,0.864,0.854,0.852,0.828,
 0.871,0.836,0.850,0.858,0.844,0.866,0.896,0.880,0.746,0.871,0.856,0.856,
 0.879,0.868,0.784,0.866]
Testing Group Acc: [0.272,0.000,0.000]
Epoch [170] Testing Results: Prec@1 27.230 Prec@5 48.790 Loss 3.94462
Epoch [170] Testing Class Recall: [0.800,0.710,0.550,0.450,0.520,0.600,0.710,0.570,0.700,0.590,0.340,0.400,
 0.660,0.600,0.370,0.430,0.560,0.720,0.400,0.410,0.470,0.600,0.320,0.600,
 0.620,0.270,0.340,0.280,0.490,0.330,0.630,0.270,0.240,0.400,0.240,0.190,
 0.320,0.290,0.180,0.370,0.190,0.430,0.200,0.210,0.140,0.080,0.120,0.380,
 0.310,0.310,0.050,0.160,0.690,0.560,0.320,0.010,0.340,0.140,0.080,0.210,
 0.540,0.120,0.260,0.130,0.010,0.030,0.050,0.040,0.340,0.330,0.220,0.230,
 0.010,0.070,0.070,0.180,0.290,0.010,0.020,0.010,0.010,0.000,0.240,0.030,
 0.020,0.080,0.000,0.060,0.030,0.010,0.000,0.010,0.000,0.020,0.160,0.080,
 0.030,0.010,0.000,0.010]
Training Group Acc: [0.805,0.000,0.000]
Epoch [171] Training Results: Prec@1 80.867 Prec@5 88.864 Loss 1.06785
Epoch [171] Training Class Recall: [0.758,0.736,0.619,0.620,0.585,0.726,0.711,0.741,0.736,0.700,0.691,0.600,
 0.763,0.794,0.717,0.758,0.686,0.759,0.740,0.742,0.470,0.789,0.706,0.809,
 0.656,0.757,0.776,0.780,0.842,0.818,0.811,0.787,0.821,0.821,0.841,0.782,
 0.822,0.832,0.826,0.778,0.834,0.814,0.856,0.856,0.821,0.827,0.839,0.833,
 0.777,0.856,0.848,0.840,0.836,0.798,0.852,0.863,0.839,0.836,0.861,0.874,
 0.876,0.856,0.844,0.849,0.862,0.853,0.892,0.813,0.862,0.852,0.831,0.859,
 0.843,0.680,0.874,0.850,0.849,0.881,0.841,0.894,0.866,0.857,0.852,0.828,
 0.873,0.834,0.853,0.852,0.842,0.866,0.896,0.878,0.749,0.873,0.854,0.854,
 0.881,0.868,0.787,0.866]
Testing Group Acc: [0.274,0.000,0.000]
Epoch [171] Testing Results: Prec@1 27.420 Prec@5 48.850 Loss 3.91610
Epoch [171] Testing Class Recall: [0.810,0.680,0.530,0.440,0.550,0.590,0.730,0.560,0.700,0.580,0.330,0.400,
 0.680,0.620,0.370,0.460,0.560,0.700,0.410,0.400,0.470,0.580,0.320,0.600,
 0.630,0.280,0.330,0.300,0.520,0.320,0.610,0.280,0.260,0.400,0.240,0.210,
 0.330,0.300,0.180,0.370,0.220,0.440,0.230,0.210,0.120,0.080,0.140,0.380,
 0.320,0.320,0.060,0.180,0.700,0.570,0.310,0.010,0.310,0.120,0.080,0.190,
 0.550,0.120,0.280,0.130,0.010,0.030,0.050,0.020,0.330,0.340,0.210,0.230,
 0.010,0.060,0.060,0.190,0.300,0.010,0.020,0.010,0.010,0.000,0.270,0.030,
 0.010,0.100,0.000,0.060,0.030,0.010,0.000,0.020,0.000,0.020,0.150,0.080,
 0.030,0.010,0.000,0.010]
Training Group Acc: [0.805,0.000,0.000]
Epoch [172] Training Results: Prec@1 80.896 Prec@5 88.800 Loss 1.06525
Epoch [172] Training Class Recall: [0.753,0.750,0.617,0.615,0.611,0.756,0.722,0.724,0.741,0.717,0.674,0.585,
 0.755,0.771,0.704,0.721,0.695,0.765,0.732,0.738,0.470,0.798,0.711,0.811,
 0.648,0.759,0.785,0.796,0.848,0.800,0.815,0.811,0.819,0.810,0.841,0.770,
 0.825,0.830,0.824,0.795,0.834,0.812,0.846,0.852,0.825,0.829,0.839,0.843,
 0.797,0.860,0.844,0.846,0.845,0.801,0.843,0.873,0.839,0.824,0.854,0.866,
 0.872,0.862,0.846,0.847,0.857,0.853,0.896,0.805,0.860,0.856,0.831,0.861,
 0.849,0.672,0.874,0.853,0.853,0.875,0.841,0.890,0.864,0.851,0.852,0.830,
 0.873,0.836,0.853,0.858,0.844,0.868,0.896,0.880,0.752,0.869,0.854,0.854,
 0.881,0.868,0.787,0.863]
Testing Group Acc: [0.273,0.000,0.000]
Epoch [172] Testing Results: Prec@1 27.280 Prec@5 48.580 Loss 3.95355
Epoch [172] Testing Class Recall: [0.820,0.690,0.540,0.440,0.530,0.620,0.720,0.550,0.680,0.560,0.320,0.390,
 0.660,0.620,0.390,0.460,0.570,0.720,0.430,0.400,0.490,0.590,0.320,0.600,
 0.630,0.280,0.330,0.270,0.490,0.310,0.620,0.270,0.260,0.380,0.250,0.200,
 0.330,0.280,0.170,0.380,0.200,0.430,0.180,0.220,0.100,0.090,0.130,0.370,
 0.320,0.280,0.060,0.160,0.710,0.560,0.320,0.010,0.330,0.140,0.080,0.200,
 0.560,0.120,0.270,0.130,0.020,0.030,0.050,0.030,0.340,0.340,0.220,0.220,
 0.010,0.090,0.070,0.200,0.300,0.010,0.020,0.010,0.010,0.000,0.250,0.030,
 0.000,0.080,0.000,0.060,0.040,0.010,0.000,0.020,0.000,0.020,0.140,0.080,
 0.020,0.010,0.000,0.020]
Training Group Acc: [0.806,0.000,0.000]
Epoch [173] Training Results: Prec@1 80.993 Prec@5 88.976 Loss 1.05687
Epoch [173] Training Class Recall: [0.760,0.748,0.634,0.630,0.632,0.746,0.705,0.726,0.743,0.702,0.691,0.614,
 0.751,0.778,0.702,0.751,0.706,0.767,0.734,0.740,0.483,0.796,0.694,0.811,
 0.634,0.769,0.768,0.790,0.861,0.815,0.804,0.811,0.823,0.808,0.847,0.774,
 0.829,0.834,0.828,0.797,0.843,0.809,0.844,0.854,0.819,0.829,0.829,0.843,
 0.774,0.860,0.842,0.849,0.840,0.804,0.856,0.869,0.841,0.813,0.854,0.866,
 0.874,0.859,0.844,0.849,0.857,0.855,0.892,0.805,0.860,0.852,0.839,0.859,
 0.851,0.676,0.868,0.848,0.853,0.881,0.843,0.890,0.864,0.860,0.849,0.830,
 0.873,0.834,0.853,0.858,0.846,0.870,0.894,0.876,0.749,0.869,0.854,0.854,
 0.879,0.868,0.787,0.863]
Testing Group Acc: [0.276,0.000,0.000]
Epoch [173] Testing Results: Prec@1 27.560 Prec@5 49.100 Loss 3.93852
Epoch [173] Testing Class Recall: [0.800,0.680,0.530,0.420,0.520,0.600,0.720,0.580,0.710,0.590,0.340,0.400,
 0.680,0.610,0.410,0.490,0.570,0.710,0.430,0.370,0.480,0.570,0.320,0.600,
 0.620,0.280,0.360,0.270,0.520,0.330,0.580,0.270,0.240,0.410,0.260,0.210,
 0.350,0.300,0.190,0.390,0.230,0.430,0.200,0.230,0.130,0.080,0.130,0.390,
 0.330,0.280,0.070,0.170,0.680,0.550,0.310,0.010,0.350,0.150,0.080,0.240,
 0.560,0.130,0.270,0.130,0.020,0.030,0.050,0.040,0.350,0.330,0.210,0.230,
 0.010,0.070,0.090,0.200,0.280,0.010,0.020,0.000,0.010,0.000,0.260,0.030,
 0.000,0.080,0.000,0.060,0.030,0.010,0.000,0.020,0.000,0.020,0.150,0.060,
 0.030,0.010,0.000,0.010]
Training Group Acc: [0.806,0.000,0.000]
Epoch [174] Training Results: Prec@1 81.004 Prec@5 88.971 Loss 1.05386
Epoch [174] Training Class Recall: [0.765,0.761,0.647,0.611,0.603,0.763,0.707,0.698,0.741,0.707,0.666,0.616,
 0.775,0.771,0.725,0.764,0.671,0.759,0.728,0.740,0.477,0.800,0.716,0.809,
 0.639,0.765,0.781,0.792,0.854,0.831,0.815,0.807,0.823,0.812,0.839,0.786,
 0.822,0.827,0.822,0.789,0.834,0.828,0.844,0.846,0.835,0.829,0.829,0.839,
 0.787,0.858,0.858,0.849,0.845,0.801,0.839,0.863,0.839,0.827,0.866,0.866,
 0.874,0.859,0.841,0.838,0.855,0.857,0.899,0.813,0.860,0.852,0.833,0.859,
 0.849,0.693,0.872,0.850,0.849,0.881,0.841,0.890,0.864,0.851,0.852,0.830,
 0.877,0.841,0.848,0.854,0.842,0.868,0.894,0.880,0.746,0.867,0.854,0.852,
 0.879,0.868,0.787,0.866]
Testing Group Acc: [0.273,0.000,0.000]
Epoch [174] Testing Results: Prec@1 27.340 Prec@5 48.500 Loss 3.97301
Epoch [174] Testing Class Recall: [0.830,0.670,0.550,0.430,0.540,0.620,0.730,0.570,0.690,0.570,0.350,0.400,
 0.660,0.600,0.400,0.450,0.560,0.730,0.430,0.400,0.500,0.590,0.300,0.620,
 0.620,0.290,0.350,0.280,0.500,0.320,0.640,0.240,0.250,0.400,0.240,0.220,
 0.320,0.280,0.180,0.390,0.200,0.410,0.200,0.240,0.100,0.080,0.110,0.370,
 0.310,0.270,0.060,0.150,0.690,0.560,0.300,0.010,0.330,0.130,0.080,0.230,
 0.550,0.130,0.260,0.120,0.000,0.030,0.050,0.040,0.320,0.330,0.210,0.220,
 0.010,0.060,0.080,0.200,0.300,0.010,0.020,0.010,0.010,0.000,0.280,0.030,
 0.000,0.100,0.000,0.060,0.040,0.010,0.000,0.020,0.000,0.020,0.150,0.080,
 0.030,0.010,0.000,0.010]
Training Group Acc: [0.807,0.000,0.000]
Epoch [175] Training Results: Prec@1 81.089 Prec@5 89.013 Loss 1.04661
Epoch [175] Training Class Recall: [0.773,0.752,0.634,0.617,0.595,0.718,0.724,0.728,0.749,0.719,0.681,0.626,
 0.761,0.762,0.721,0.760,0.682,0.777,0.738,0.763,0.490,0.796,0.699,0.825,
 0.665,0.774,0.783,0.796,0.850,0.815,0.806,0.798,0.823,0.815,0.833,0.788,
 0.820,0.823,0.834,0.795,0.836,0.817,0.840,0.854,0.843,0.821,0.834,0.837,
 0.794,0.858,0.852,0.844,0.843,0.793,0.854,0.865,0.841,0.841,0.858,0.863,
 0.874,0.854,0.846,0.849,0.853,0.851,0.894,0.817,0.860,0.850,0.835,0.864,
 0.847,0.676,0.876,0.848,0.849,0.877,0.841,0.896,0.862,0.851,0.852,0.830,
 0.875,0.841,0.855,0.858,0.842,0.870,0.894,0.880,0.749,0.869,0.852,0.854,
 0.879,0.866,0.787,0.863]
Testing Group Acc: [0.274,0.000,0.000]
Epoch [175] Testing Results: Prec@1 27.440 Prec@5 48.820 Loss 3.95559
Epoch [175] Testing Class Recall: [0.820,0.680,0.550,0.420,0.520,0.600,0.720,0.570,0.700,0.590,0.360,0.400,
 0.680,0.610,0.380,0.490,0.560,0.710,0.410,0.380,0.510,0.580,0.290,0.600,
 0.630,0.280,0.340,0.260,0.510,0.330,0.620,0.260,0.240,0.430,0.250,0.220,
 0.320,0.280,0.170,0.390,0.200,0.430,0.170,0.230,0.100,0.100,0.130,0.380,
 0.320,0.290,0.070,0.170,0.710,0.550,0.320,0.010,0.320,0.130,0.090,0.200,
 0.560,0.120,0.270,0.130,0.000,0.030,0.050,0.040,0.340,0.340,0.220,0.230,
 0.010,0.080,0.080,0.200,0.280,0.010,0.020,0.010,0.010,0.000,0.290,0.030,
 0.000,0.090,0.000,0.060,0.040,0.010,0.000,0.020,0.000,0.020,0.150,0.070,
 0.030,0.010,0.000,0.010]
Training Group Acc: [0.809,0.000,0.000]
Epoch [176] Training Results: Prec@1 81.320 Prec@5 89.264 Loss 1.04035
Epoch [176] Training Class Recall: [0.770,0.759,0.657,0.638,0.620,0.767,0.733,0.734,0.755,0.714,0.691,0.614,
 0.789,0.788,0.725,0.764,0.715,0.781,0.726,0.744,0.483,0.796,0.686,0.815,
 0.661,0.780,0.795,0.798,0.846,0.826,0.815,0.791,0.830,0.817,0.843,0.792,
 0.814,0.809,0.828,0.789,0.838,0.817,0.863,0.854,0.845,0.823,0.839,0.839,
 0.787,0.860,0.850,0.849,0.840,0.809,0.852,0.865,0.833,0.821,0.863,0.868,
 0.874,0.859,0.839,0.845,0.853,0.863,0.894,0.809,0.864,0.852,0.833,0.861,
 0.849,0.680,0.870,0.850,0.851,0.877,0.841,0.885,0.866,0.851,0.852,0.830,
 0.877,0.836,0.853,0.856,0.846,0.866,0.896,0.876,0.743,0.871,0.854,0.856,
 0.879,0.868,0.787,0.866]
Testing Group Acc: [0.273,0.000,0.000]
Epoch [176] Testing Results: Prec@1 27.270 Prec@5 48.960 Loss 3.94285
Epoch [176] Testing Class Recall: [0.820,0.710,0.560,0.420,0.490,0.590,0.730,0.550,0.700,0.570,0.310,0.390,
 0.650,0.600,0.390,0.500,0.570,0.700,0.390,0.370,0.490,0.560,0.310,0.590,
 0.620,0.280,0.360,0.270,0.490,0.320,0.590,0.230,0.240,0.430,0.220,0.220,
 0.330,0.280,0.170,0.380,0.190,0.420,0.190,0.200,0.130,0.080,0.110,0.370,
 0.350,0.320,0.080,0.170,0.720,0.570,0.330,0.010,0.330,0.140,0.080,0.210,
 0.570,0.130,0.260,0.130,0.020,0.030,0.050,0.040,0.360,0.330,0.220,0.230,
 0.010,0.090,0.090,0.190,0.290,0.010,0.020,0.000,0.010,0.000,0.270,0.030,
 0.000,0.080,0.000,0.060,0.040,0.010,0.000,0.020,0.000,0.020,0.150,0.090,
 0.010,0.010,0.000,0.010]
Training Group Acc: [0.808,0.000,0.000]
Epoch [177] Training Results: Prec@1 81.253 Prec@5 89.127 Loss 1.04235
Epoch [177] Training Class Recall: [0.763,0.750,0.653,0.661,0.593,0.735,0.744,0.715,0.741,0.714,0.683,0.626,
 0.761,0.774,0.727,0.749,0.704,0.767,0.740,0.734,0.490,0.804,0.721,0.823,
 0.643,0.782,0.795,0.794,0.852,0.804,0.815,0.796,0.847,0.795,0.851,0.798,
 0.822,0.823,0.836,0.786,0.847,0.823,0.844,0.856,0.837,0.827,0.839,0.837,
 0.792,0.858,0.852,0.851,0.847,0.801,0.843,0.860,0.837,0.841,0.866,0.872,
 0.872,0.856,0.844,0.849,0.857,0.857,0.892,0.817,0.860,0.850,0.831,0.861,
 0.853,0.672,0.874,0.853,0.851,0.877,0.837,0.890,0.864,0.857,0.849,0.830,
 0.871,0.841,0.853,0.860,0.846,0.870,0.896,0.876,0.749,0.871,0.854,0.854,
 0.881,0.868,0.784,0.866]
Testing Group Acc: [0.273,0.000,0.000]
Epoch [177] Testing Results: Prec@1 27.260 Prec@5 48.570 Loss 3.97826
Epoch [177] Testing Class Recall: [0.820,0.680,0.550,0.410,0.500,0.630,0.720,0.560,0.720,0.580,0.310,0.400,
 0.690,0.620,0.410,0.480,0.570,0.740,0.410,0.350,0.490,0.560,0.310,0.600,
 0.610,0.300,0.350,0.280,0.480,0.310,0.610,0.240,0.240,0.410,0.230,0.220,
 0.340,0.300,0.180,0.370,0.210,0.430,0.190,0.220,0.110,0.080,0.100,0.370,
 0.310,0.300,0.080,0.150,0.710,0.550,0.320,0.010,0.320,0.130,0.080,0.220,
 0.560,0.120,0.260,0.120,0.010,0.030,0.050,0.040,0.360,0.330,0.210,0.230,
 0.020,0.060,0.080,0.190,0.310,0.010,0.020,0.000,0.010,0.000,0.240,0.030,
 0.000,0.090,0.000,0.060,0.040,0.010,0.000,0.020,0.000,0.020,0.150,0.070,
 0.020,0.010,0.000,0.010]
Training Group Acc: [0.807,0.000,0.000]
Epoch [178] Training Results: Prec@1 81.107 Prec@5 89.251 Loss 1.03916
Epoch [178] Training Class Recall: [0.768,0.759,0.643,0.640,0.595,0.739,0.703,0.737,0.774,0.727,0.670,0.626,
 0.761,0.785,0.712,0.758,0.689,0.759,0.752,0.736,0.490,0.806,0.696,0.817,
 0.630,0.755,0.802,0.792,0.846,0.807,0.819,0.804,0.825,0.804,0.824,0.802,
 0.829,0.811,0.822,0.786,0.845,0.812,0.833,0.850,0.839,0.825,0.839,0.841,
 0.782,0.860,0.852,0.846,0.840,0.801,0.843,0.863,0.839,0.824,0.851,0.868,
 0.870,0.859,0.844,0.857,0.860,0.855,0.894,0.813,0.862,0.854,0.828,0.862,
 0.853,0.689,0.876,0.853,0.853,0.873,0.843,0.892,0.862,0.851,0.854,0.830,
 0.875,0.840,0.857,0.860,0.844,0.870,0.896,0.878,0.746,0.873,0.852,0.854,
 0.879,0.868,0.787,0.866]
Testing Group Acc: [0.271,0.000,0.000]
Epoch [178] Testing Results: Prec@1 27.100 Prec@5 48.600 Loss 3.99043
Epoch [178] Testing Class Recall: [0.830,0.700,0.550,0.450,0.510,0.600,0.730,0.550,0.700,0.590,0.320,0.400,
 0.680,0.610,0.400,0.470,0.560,0.720,0.390,0.380,0.500,0.560,0.310,0.600,
 0.610,0.280,0.330,0.270,0.450,0.310,0.610,0.240,0.240,0.400,0.220,0.210,
 0.320,0.290,0.170,0.380,0.200,0.430,0.180,0.210,0.100,0.080,0.130,0.370,
 0.320,0.270,0.060,0.170,0.690,0.570,0.300,0.010,0.310,0.130,0.080,0.210,
 0.540,0.130,0.270,0.120,0.020,0.030,0.050,0.040,0.370,0.340,0.210,0.210,
 0.010,0.090,0.090,0.200,0.290,0.010,0.020,0.010,0.010,0.000,0.280,0.030,
 0.000,0.080,0.000,0.060,0.040,0.010,0.000,0.020,0.000,0.020,0.130,0.080,
 0.010,0.010,0.000,0.010]
Training Group Acc: [0.810,0.000,0.000]
Epoch [179] Training Results: Prec@1 81.429 Prec@5 89.302 Loss 1.02984
Epoch [179] Training Class Recall: [0.765,0.771,0.640,0.624,0.640,0.746,0.709,0.734,0.757,0.722,0.689,0.633,
 0.771,0.776,0.729,0.740,0.708,0.761,0.744,0.761,0.477,0.814,0.706,0.817,
 0.652,0.780,0.797,0.806,0.863,0.818,0.817,0.813,0.845,0.808,0.849,0.782,
 0.829,0.825,0.828,0.786,0.849,0.823,0.854,0.858,0.841,0.832,0.853,0.835,
 0.799,0.865,0.854,0.851,0.840,0.804,0.848,0.869,0.841,0.827,0.866,0.863,
 0.872,0.859,0.846,0.847,0.853,0.851,0.892,0.798,0.864,0.854,0.833,0.862,
 0.849,0.689,0.876,0.853,0.853,0.879,0.843,0.885,0.866,0.845,0.852,0.833,
 0.873,0.838,0.853,0.856,0.846,0.872,0.896,0.876,0.746,0.873,0.854,0.854,
 0.881,0.866,0.787,0.866]
Testing Group Acc: [0.273,0.000,0.000]
Epoch [179] Testing Results: Prec@1 27.290 Prec@5 48.340 Loss 4.00955
Epoch [179] Testing Class Recall: [0.820,0.700,0.560,0.410,0.540,0.610,0.730,0.560,0.710,0.600,0.330,0.390,
 0.670,0.630,0.410,0.480,0.560,0.710,0.400,0.390,0.520,0.570,0.310,0.610,
 0.630,0.300,0.320,0.280,0.490,0.310,0.610,0.240,0.220,0.410,0.270,0.220,
 0.320,0.310,0.170,0.380,0.230,0.430,0.180,0.200,0.110,0.080,0.130,0.370,
 0.300,0.280,0.060,0.140,0.690,0.550,0.320,0.010,0.320,0.130,0.080,0.220,
 0.550,0.130,0.260,0.120,0.010,0.020,0.050,0.020,0.360,0.340,0.240,0.230,
 0.020,0.060,0.080,0.180,0.280,0.010,0.020,0.010,0.010,0.000,0.270,0.020,
 0.000,0.090,0.000,0.050,0.030,0.010,0.000,0.020,0.000,0.020,0.140,0.070,
 0.030,0.000,0.000,0.010]
Training Group Acc: [0.810,0.000,0.000]
Epoch [180] Training Results: Prec@1 81.404 Prec@5 89.411 Loss 1.02358
Epoch [180] Training Class Recall: [0.770,0.759,0.645,0.640,0.634,0.759,0.718,0.745,0.759,0.732,0.693,0.616,
 0.767,0.785,0.734,0.749,0.680,0.763,0.746,0.746,0.503,0.814,0.726,0.823,
 0.678,0.774,0.789,0.794,0.859,0.807,0.809,0.802,0.852,0.819,0.841,0.794,
 0.829,0.832,0.852,0.802,0.843,0.806,0.850,0.854,0.835,0.836,0.841,0.837,
 0.789,0.858,0.858,0.842,0.847,0.798,0.839,0.865,0.823,0.830,0.844,0.868,
 0.874,0.864,0.846,0.847,0.855,0.861,0.890,0.802,0.860,0.854,0.833,0.857,
 0.847,0.676,0.880,0.853,0.851,0.875,0.841,0.892,0.864,0.857,0.852,0.830,
 0.871,0.841,0.855,0.856,0.844,0.868,0.896,0.876,0.743,0.873,0.854,0.858,
 0.881,0.868,0.787,0.863]
Testing Group Acc: [0.271,0.000,0.000]
Epoch [180] Testing Results: Prec@1 27.120 Prec@5 48.570 Loss 3.97697
Epoch [180] Testing Class Recall: [0.800,0.710,0.550,0.430,0.520,0.610,0.710,0.560,0.690,0.600,0.310,0.370,
 0.680,0.640,0.400,0.490,0.560,0.710,0.390,0.380,0.500,0.560,0.310,0.600,
 0.630,0.290,0.320,0.280,0.470,0.310,0.640,0.240,0.230,0.390,0.240,0.200,
 0.330,0.260,0.170,0.380,0.210,0.430,0.170,0.210,0.100,0.080,0.140,0.380,
 0.320,0.280,0.060,0.160,0.670,0.570,0.300,0.010,0.290,0.150,0.080,0.220,
 0.550,0.130,0.260,0.130,0.000,0.030,0.060,0.040,0.340,0.340,0.230,0.220,
 0.010,0.070,0.080,0.200,0.300,0.010,0.020,0.010,0.010,0.000,0.280,0.030,
 0.000,0.090,0.000,0.060,0.030,0.010,0.000,0.020,0.000,0.020,0.150,0.070,
 0.020,0.000,0.000,0.010]
Training Group Acc: [0.810,0.000,0.000]
Epoch [181] Training Results: Prec@1 81.420 Prec@5 89.371 Loss 1.02141
Epoch [181] Training Class Recall: [0.768,0.773,0.660,0.638,0.632,0.739,0.711,0.752,0.766,0.712,0.702,0.614,
 0.757,0.771,0.723,0.773,0.700,0.773,0.746,0.761,0.464,0.812,0.711,0.815,
 0.652,0.774,0.806,0.816,0.854,0.815,0.819,0.809,0.843,0.821,0.841,0.776,
 0.831,0.830,0.830,0.784,0.838,0.803,0.854,0.858,0.816,0.825,0.841,0.833,
 0.797,0.858,0.860,0.849,0.843,0.793,0.843,0.887,0.845,0.836,0.851,0.868,
 0.878,0.859,0.846,0.855,0.851,0.846,0.894,0.802,0.864,0.854,0.833,0.861,
 0.853,0.689,0.870,0.850,0.851,0.877,0.837,0.892,0.866,0.854,0.854,0.830,
 0.875,0.836,0.850,0.860,0.844,0.868,0.899,0.880,0.746,0.873,0.852,0.854,
 0.879,0.868,0.787,0.863]
Testing Group Acc: [0.272,0.000,0.000]
Epoch [181] Testing Results: Prec@1 27.230 Prec@5 48.600 Loss 3.96954
Epoch [181] Testing Class Recall: [0.830,0.710,0.550,0.440,0.530,0.580,0.720,0.570,0.700,0.590,0.320,0.400,
 0.680,0.630,0.400,0.470,0.550,0.720,0.390,0.380,0.500,0.570,0.320,0.630,
 0.610,0.280,0.330,0.290,0.470,0.310,0.610,0.240,0.220,0.390,0.200,0.210,
 0.330,0.290,0.170,0.360,0.200,0.430,0.170,0.220,0.100,0.080,0.130,0.370,
 0.320,0.270,0.060,0.150,0.710,0.560,0.310,0.010,0.330,0.160,0.080,0.230,
 0.550,0.130,0.270,0.130,0.010,0.030,0.060,0.040,0.360,0.340,0.210,0.230,
 0.010,0.060,0.090,0.200,0.300,0.010,0.020,0.000,0.010,0.000,0.280,0.030,
 0.000,0.070,0.000,0.060,0.030,0.010,0.000,0.020,0.000,0.020,0.140,0.090,
 0.020,0.010,0.000,0.010]
Training Group Acc: [0.811,0.000,0.000]
Epoch [182] Training Results: Prec@1 81.520 Prec@5 89.342 Loss 1.02350
Epoch [182] Training Class Recall: [0.776,0.768,0.636,0.642,0.624,0.744,0.726,0.747,0.774,0.732,0.704,0.604,
 0.771,0.785,0.727,0.762,0.713,0.771,0.736,0.767,0.510,0.789,0.714,0.823,
 0.674,0.771,0.802,0.798,0.850,0.826,0.819,0.793,0.838,0.828,0.841,0.792,
 0.835,0.830,0.848,0.778,0.838,0.825,0.858,0.839,0.831,0.827,0.824,0.843,
 0.794,0.867,0.850,0.849,0.840,0.801,0.854,0.871,0.843,0.821,0.866,0.857,
 0.876,0.856,0.844,0.851,0.866,0.861,0.896,0.813,0.860,0.854,0.839,0.862,
 0.853,0.685,0.872,0.850,0.853,0.879,0.845,0.892,0.860,0.851,0.852,0.833,
 0.873,0.843,0.848,0.858,0.848,0.866,0.896,0.882,0.749,0.873,0.854,0.854,
 0.879,0.868,0.787,0.866]
Testing Group Acc: [0.274,0.000,0.000]
Epoch [182] Testing Results: Prec@1 27.360 Prec@5 48.650 Loss 3.96292
Epoch [182] Testing Class Recall: [0.820,0.680,0.540,0.430,0.500,0.600,0.720,0.560,0.680,0.600,0.330,0.380,
 0.680,0.630,0.390,0.480,0.560,0.710,0.390,0.390,0.510,0.560,0.310,0.600,
 0.640,0.300,0.340,0.290,0.510,0.310,0.610,0.250,0.250,0.400,0.230,0.210,
 0.340,0.300,0.190,0.380,0.200,0.440,0.170,0.220,0.110,0.080,0.130,0.380,
 0.310,0.280,0.060,0.150,0.680,0.560,0.300,0.010,0.320,0.160,0.080,0.230,
 0.570,0.130,0.270,0.130,0.010,0.030,0.050,0.030,0.340,0.340,0.230,0.240,
 0.020,0.070,0.070,0.190,0.290,0.010,0.020,0.010,0.010,0.000,0.290,0.030,
 0.000,0.090,0.000,0.060,0.030,0.010,0.000,0.020,0.000,0.020,0.150,0.090,
 0.030,0.000,0.000,0.010]
Training Group Acc: [0.811,0.000,0.000]
Epoch [183] Training Results: Prec@1 81.556 Prec@5 89.402 Loss 1.02342
Epoch [183] Training Class Recall: [0.760,0.775,0.660,0.642,0.607,0.765,0.716,0.739,0.757,0.734,0.672,0.602,
 0.787,0.776,0.740,0.766,0.697,0.785,0.752,0.757,0.497,0.808,0.719,0.825,
 0.674,0.769,0.787,0.798,0.874,0.831,0.806,0.807,0.832,0.825,0.833,0.790,
 0.833,0.844,0.836,0.789,0.843,0.817,0.856,0.862,0.839,0.827,0.839,0.837,
 0.797,0.865,0.850,0.851,0.845,0.806,0.850,0.871,0.837,0.827,0.863,0.863,
 0.876,0.862,0.841,0.849,0.860,0.857,0.890,0.817,0.860,0.854,0.841,0.861,
 0.847,0.680,0.878,0.855,0.853,0.877,0.843,0.894,0.862,0.854,0.852,0.830,
 0.873,0.841,0.853,0.854,0.838,0.870,0.896,0.880,0.749,0.873,0.858,0.854,
 0.879,0.870,0.787,0.866]
Testing Group Acc: [0.274,0.000,0.000]
Epoch [183] Testing Results: Prec@1 27.390 Prec@5 48.540 Loss 3.99803
Epoch [183] Testing Class Recall: [0.820,0.690,0.540,0.440,0.540,0.580,0.720,0.560,0.710,0.600,0.310,0.410,
 0.680,0.630,0.400,0.480,0.560,0.700,0.410,0.390,0.490,0.560,0.310,0.600,
 0.610,0.300,0.350,0.290,0.510,0.320,0.600,0.240,0.240,0.430,0.240,0.220,
 0.320,0.280,0.170,0.380,0.220,0.440,0.200,0.220,0.110,0.090,0.130,0.390,
 0.320,0.260,0.060,0.180,0.680,0.550,0.320,0.010,0.330,0.140,0.080,0.230,
 0.550,0.130,0.270,0.120,0.010,0.030,0.050,0.020,0.370,0.330,0.230,0.230,
 0.010,0.080,0.080,0.200,0.280,0.010,0.020,0.010,0.010,0.000,0.270,0.030,
 0.000,0.070,0.000,0.060,0.030,0.010,0.000,0.020,0.000,0.010,0.150,0.070,
 0.030,0.000,0.000,0.010]
Training Group Acc: [0.811,0.000,0.000]
Epoch [184] Training Results: Prec@1 81.504 Prec@5 89.327 Loss 1.02406
Epoch [184] Training Class Recall: [0.770,0.752,0.664,0.632,0.622,0.754,0.726,0.754,0.764,0.704,0.679,0.633,
 0.759,0.783,0.738,0.747,0.719,0.771,0.740,0.732,0.490,0.802,0.723,0.835,
 0.639,0.769,0.787,0.808,0.854,0.822,0.819,0.804,0.838,0.817,0.839,0.792,
 0.835,0.825,0.838,0.795,0.854,0.831,0.850,0.868,0.841,0.825,0.843,0.837,
 0.794,0.865,0.856,0.846,0.840,0.806,0.850,0.871,0.841,0.830,0.870,0.868,
 0.874,0.848,0.848,0.847,0.855,0.861,0.892,0.798,0.860,0.852,0.839,0.864,
 0.845,0.680,0.874,0.853,0.853,0.877,0.849,0.892,0.866,0.857,0.852,0.828,
 0.875,0.843,0.850,0.856,0.846,0.868,0.894,0.878,0.746,0.875,0.854,0.854,
 0.879,0.868,0.787,0.866]
Testing Group Acc: [0.273,0.000,0.000]
Epoch [184] Testing Results: Prec@1 27.330 Prec@5 48.690 Loss 3.95637
Epoch [184] Testing Class Recall: [0.820,0.700,0.550,0.420,0.530,0.600,0.730,0.560,0.690,0.610,0.310,0.370,
 0.680,0.630,0.400,0.490,0.550,0.720,0.390,0.380,0.500,0.560,0.310,0.610,
 0.620,0.280,0.350,0.270,0.490,0.320,0.600,0.240,0.230,0.390,0.250,0.210,
 0.320,0.270,0.180,0.380,0.220,0.440,0.170,0.200,0.100,0.090,0.140,0.400,
 0.310,0.280,0.060,0.180,0.680,0.570,0.330,0.010,0.310,0.140,0.080,0.220,
 0.570,0.130,0.280,0.120,0.010,0.030,0.050,0.040,0.370,0.340,0.210,0.230,
 0.020,0.070,0.080,0.190,0.300,0.010,0.020,0.010,0.010,0.000,0.290,0.020,
 0.000,0.080,0.000,0.060,0.030,0.010,0.000,0.020,0.000,0.010,0.160,0.090,
 0.010,0.010,0.000,0.010]
Training Group Acc: [0.811,0.000,0.000]
Epoch [185] Training Results: Prec@1 81.502 Prec@5 89.409 Loss 1.02291
Epoch [185] Training Class Recall: [0.763,0.761,0.666,0.655,0.620,0.744,0.720,0.743,0.764,0.729,0.668,0.614,
 0.769,0.776,0.738,0.753,0.704,0.765,0.758,0.740,0.483,0.806,0.706,0.827,
 0.674,0.771,0.785,0.802,0.844,0.831,0.815,0.807,0.838,0.830,0.849,0.778,
 0.835,0.840,0.838,0.802,0.852,0.820,0.869,0.850,0.837,0.836,0.848,0.833,
 0.794,0.863,0.854,0.844,0.847,0.801,0.852,0.875,0.839,0.818,0.851,0.872,
 0.876,0.859,0.846,0.843,0.855,0.857,0.894,0.821,0.862,0.854,0.839,0.861,
 0.843,0.676,0.874,0.844,0.853,0.879,0.845,0.890,0.866,0.857,0.852,0.830,
 0.873,0.841,0.850,0.858,0.844,0.870,0.896,0.876,0.746,0.873,0.858,0.854,
 0.879,0.868,0.787,0.866]
Testing Group Acc: [0.273,0.000,0.000]
Epoch [185] Testing Results: Prec@1 27.320 Prec@5 48.750 Loss 3.96356
Epoch [185] Testing Class Recall: [0.820,0.680,0.540,0.420,0.550,0.570,0.720,0.560,0.700,0.590,0.340,0.400,
 0.680,0.620,0.400,0.490,0.570,0.700,0.400,0.390,0.500,0.560,0.290,0.580,
 0.610,0.290,0.360,0.270,0.480,0.330,0.620,0.240,0.230,0.410,0.250,0.220,
 0.330,0.290,0.190,0.360,0.220,0.440,0.170,0.220,0.110,0.090,0.130,0.390,
 0.320,0.290,0.060,0.180,0.670,0.550,0.320,0.010,0.330,0.140,0.090,0.220,
 0.540,0.130,0.270,0.120,0.010,0.030,0.050,0.040,0.360,0.330,0.230,0.220,
 0.010,0.060,0.080,0.210,0.270,0.010,0.020,0.010,0.010,0.000,0.300,0.030,
 0.000,0.090,0.000,0.060,0.030,0.010,0.000,0.020,0.000,0.010,0.150,0.070,
 0.020,0.010,0.000,0.010]
Training Group Acc: [0.811,0.000,0.000]
Epoch [186] Training Results: Prec@1 81.544 Prec@5 89.444 Loss 1.02286
Epoch [186] Training Class Recall: [0.768,0.771,0.651,0.634,0.622,0.741,0.720,0.732,0.759,0.709,0.687,0.630,
 0.797,0.790,0.736,0.788,0.706,0.775,0.750,0.753,0.517,0.808,0.706,0.819,
 0.652,0.784,0.795,0.806,0.852,0.815,0.813,0.796,0.838,0.828,0.845,0.788,
 0.833,0.830,0.822,0.797,0.847,0.820,0.848,0.852,0.831,0.819,0.836,0.843,
 0.787,0.860,0.864,0.851,0.836,0.804,0.856,0.869,0.843,0.844,0.866,0.868,
 0.872,0.864,0.850,0.855,0.864,0.865,0.894,0.821,0.864,0.854,0.833,0.864,
 0.849,0.693,0.876,0.844,0.849,0.877,0.843,0.892,0.864,0.845,0.852,0.822,
 0.873,0.845,0.850,0.854,0.844,0.868,0.896,0.876,0.749,0.871,0.854,0.854,
 0.881,0.868,0.777,0.863]
Testing Group Acc: [0.273,0.000,0.000]
Epoch [186] Testing Results: Prec@1 27.330 Prec@5 48.860 Loss 3.94790
Epoch [186] Testing Class Recall: [0.810,0.690,0.540,0.430,0.510,0.590,0.720,0.560,0.680,0.620,0.300,0.360,
 0.670,0.610,0.400,0.470,0.560,0.700,0.380,0.390,0.490,0.560,0.300,0.620,
 0.610,0.290,0.350,0.270,0.490,0.320,0.660,0.250,0.240,0.430,0.240,0.220,
 0.320,0.290,0.170,0.390,0.210,0.410,0.180,0.220,0.110,0.090,0.140,0.380,
 0.320,0.280,0.070,0.180,0.680,0.560,0.320,0.020,0.320,0.130,0.090,0.230,
 0.540,0.140,0.270,0.120,0.010,0.030,0.050,0.040,0.360,0.330,0.240,0.220,
 0.010,0.060,0.080,0.200,0.290,0.010,0.020,0.010,0.010,0.000,0.310,0.030,
 0.000,0.090,0.000,0.060,0.040,0.010,0.000,0.020,0.000,0.020,0.150,0.070,
 0.030,0.010,0.000,0.010]
Training Group Acc: [0.810,0.000,0.000]
Epoch [187] Training Results: Prec@1 81.442 Prec@5 89.253 Loss 1.02785
Epoch [187] Training Class Recall: [0.753,0.766,0.662,0.617,0.632,0.739,0.720,0.737,0.749,0.724,0.685,0.628,
 0.757,0.774,0.738,0.747,0.691,0.757,0.744,0.751,0.497,0.800,0.721,0.823,
 0.670,0.792,0.795,0.814,0.854,0.826,0.806,0.798,0.836,0.832,0.841,0.782,
 0.837,0.825,0.828,0.791,0.834,0.817,0.854,0.858,0.843,0.842,0.846,0.837,
 0.794,0.865,0.864,0.846,0.849,0.804,0.845,0.877,0.839,0.827,0.866,0.872,
 0.872,0.856,0.844,0.851,0.853,0.855,0.896,0.817,0.858,0.860,0.833,0.862,
 0.849,0.685,0.876,0.853,0.849,0.877,0.845,0.896,0.864,0.860,0.852,0.828,
 0.869,0.840,0.853,0.858,0.842,0.868,0.899,0.878,0.746,0.869,0.854,0.856,
 0.881,0.868,0.784,0.863]
Testing Group Acc: [0.273,0.000,0.000]
Epoch [187] Testing Results: Prec@1 27.270 Prec@5 48.450 Loss 3.98581
Epoch [187] Testing Class Recall: [0.820,0.660,0.550,0.430,0.530,0.600,0.730,0.560,0.690,0.600,0.330,0.380,
 0.670,0.630,0.410,0.480,0.570,0.720,0.390,0.410,0.510,0.560,0.300,0.590,
 0.620,0.290,0.330,0.270,0.530,0.320,0.610,0.240,0.230,0.400,0.250,0.220,
 0.320,0.310,0.190,0.370,0.220,0.440,0.160,0.210,0.100,0.080,0.130,0.370,
 0.320,0.270,0.060,0.170,0.690,0.560,0.310,0.010,0.280,0.130,0.080,0.220,
 0.560,0.130,0.270,0.130,0.020,0.030,0.050,0.040,0.360,0.340,0.230,0.210,
 0.010,0.060,0.080,0.190,0.260,0.010,0.020,0.010,0.010,0.000,0.290,0.030,
 0.000,0.080,0.000,0.060,0.030,0.010,0.000,0.020,0.000,0.010,0.150,0.090,
 0.030,0.010,0.000,0.010]
Training Group Acc: [0.810,0.000,0.000]
Epoch [188] Training Results: Prec@1 81.420 Prec@5 89.387 Loss 1.02677
Epoch [188] Training Class Recall: [0.758,0.766,0.636,0.642,0.624,0.765,0.707,0.741,0.778,0.714,0.695,0.595,
 0.777,0.785,0.725,0.749,0.713,0.765,0.742,0.746,0.510,0.800,0.726,0.823,
 0.670,0.771,0.797,0.790,0.846,0.824,0.811,0.809,0.856,0.830,0.841,0.786,
 0.829,0.832,0.818,0.791,0.831,0.814,0.850,0.852,0.837,0.829,0.831,0.839,
 0.787,0.856,0.848,0.851,0.840,0.804,0.858,0.867,0.847,0.830,0.868,0.870,
 0.870,0.862,0.846,0.843,0.862,0.865,0.894,0.817,0.860,0.856,0.841,0.862,
 0.853,0.680,0.872,0.850,0.847,0.875,0.845,0.894,0.862,0.848,0.852,0.828,
 0.875,0.841,0.850,0.860,0.842,0.872,0.896,0.876,0.746,0.871,0.854,0.854,
 0.881,0.868,0.787,0.866]
Testing Group Acc: [0.274,0.000,0.000]
Epoch [188] Testing Results: Prec@1 27.440 Prec@5 48.390 Loss 3.99965
Epoch [188] Testing Class Recall: [0.830,0.690,0.570,0.430,0.550,0.610,0.720,0.570,0.730,0.600,0.330,0.380,
 0.680,0.630,0.400,0.480,0.560,0.720,0.400,0.390,0.500,0.560,0.330,0.590,
 0.610,0.300,0.320,0.280,0.480,0.310,0.630,0.240,0.250,0.400,0.220,0.220,
 0.320,0.310,0.170,0.370,0.200,0.440,0.180,0.220,0.120,0.090,0.130,0.380,
 0.320,0.280,0.060,0.160,0.700,0.550,0.300,0.010,0.320,0.150,0.080,0.230,
 0.570,0.130,0.260,0.120,0.010,0.030,0.060,0.040,0.350,0.340,0.240,0.230,
 0.020,0.070,0.080,0.200,0.280,0.010,0.020,0.010,0.010,0.000,0.260,0.030,
 0.000,0.090,0.000,0.060,0.030,0.010,0.000,0.020,0.000,0.020,0.140,0.080,
 0.010,0.000,0.000,0.010]
Training Group Acc: [0.811,0.000,0.000]
Epoch [189] Training Results: Prec@1 81.502 Prec@5 89.293 Loss 1.02529
Epoch [189] Training Class Recall: [0.760,0.768,0.643,0.617,0.609,0.750,0.724,0.743,0.749,0.727,0.695,0.611,
 0.783,0.781,0.742,0.755,0.708,0.773,0.744,0.759,0.503,0.798,0.709,0.819,
 0.652,0.786,0.785,0.816,0.854,0.813,0.809,0.798,0.832,0.834,0.843,0.790,
 0.835,0.815,0.836,0.797,0.852,0.814,0.860,0.860,0.841,0.838,0.855,0.833,
 0.794,0.863,0.858,0.851,0.840,0.796,0.850,0.877,0.839,0.833,0.858,0.879,
 0.880,0.856,0.844,0.845,0.864,0.857,0.899,0.817,0.862,0.852,0.837,0.862,
 0.851,0.676,0.874,0.850,0.851,0.879,0.843,0.894,0.862,0.857,0.852,0.830,
 0.865,0.838,0.853,0.858,0.844,0.870,0.896,0.882,0.746,0.867,0.854,0.858,
 0.879,0.870,0.787,0.863]
Testing Group Acc: [0.274,0.000,0.000]
Epoch [189] Testing Results: Prec@1 27.410 Prec@5 48.630 Loss 3.96440
Epoch [189] Testing Class Recall: [0.810,0.700,0.540,0.420,0.500,0.590,0.730,0.560,0.690,0.590,0.330,0.390,
 0.680,0.640,0.400,0.470,0.560,0.720,0.390,0.390,0.490,0.580,0.310,0.600,
 0.610,0.290,0.360,0.280,0.470,0.320,0.630,0.250,0.240,0.410,0.250,0.220,
 0.330,0.290,0.190,0.390,0.200,0.410,0.170,0.210,0.100,0.090,0.140,0.380,
 0.310,0.310,0.070,0.180,0.710,0.550,0.320,0.020,0.320,0.140,0.080,0.230,
 0.560,0.120,0.260,0.120,0.010,0.030,0.060,0.030,0.360,0.340,0.230,0.230,
 0.010,0.070,0.080,0.190,0.280,0.010,0.020,0.010,0.010,0.000,0.290,0.030,
 0.000,0.100,0.000,0.060,0.030,0.010,0.000,0.020,0.000,0.020,0.160,0.070,
 0.030,0.000,0.000,0.010]
Training Group Acc: [0.810,0.000,0.000]
Epoch [190] Training Results: Prec@1 81.469 Prec@5 89.344 Loss 1.02443
Epoch [190] Training Class Recall: [0.758,0.764,0.640,0.647,0.607,0.750,0.739,0.726,0.766,0.732,0.691,0.616,
 0.769,0.788,0.748,0.762,0.689,0.775,0.768,0.746,0.483,0.802,0.716,0.823,
 0.652,0.759,0.812,0.802,0.867,0.822,0.811,0.796,0.856,0.834,0.847,0.798,
 0.829,0.825,0.830,0.793,0.822,0.820,0.869,0.848,0.825,0.829,0.831,0.835,
 0.794,0.860,0.854,0.851,0.845,0.801,0.856,0.860,0.837,0.827,0.849,0.868,
 0.874,0.867,0.841,0.847,0.857,0.855,0.890,0.817,0.862,0.854,0.837,0.864,
 0.851,0.680,0.872,0.855,0.847,0.879,0.845,0.894,0.862,0.862,0.852,0.828,
 0.871,0.840,0.850,0.856,0.844,0.868,0.896,0.878,0.746,0.873,0.854,0.856,
 0.879,0.868,0.787,0.861]
Testing Group Acc: [0.270,0.000,0.000]
Epoch [190] Testing Results: Prec@1 27.030 Prec@5 48.450 Loss 4.00049
Epoch [190] Testing Class Recall: [0.830,0.670,0.550,0.430,0.540,0.600,0.730,0.570,0.720,0.620,0.310,0.390,
 0.680,0.610,0.420,0.480,0.560,0.700,0.390,0.390,0.490,0.570,0.290,0.600,
 0.610,0.280,0.350,0.270,0.460,0.310,0.610,0.240,0.230,0.400,0.230,0.210,
 0.320,0.270,0.170,0.370,0.210,0.410,0.180,0.210,0.120,0.090,0.130,0.370,
 0.300,0.280,0.070,0.180,0.660,0.560,0.310,0.010,0.330,0.130,0.080,0.220,
 0.530,0.130,0.270,0.120,0.010,0.030,0.050,0.040,0.350,0.330,0.220,0.210,
 0.020,0.060,0.090,0.180,0.290,0.000,0.020,0.010,0.010,0.000,0.260,0.020,
 0.000,0.070,0.000,0.060,0.030,0.010,0.000,0.020,0.000,0.020,0.150,0.080,
 0.010,0.000,0.000,0.010]
Training Group Acc: [0.812,0.000,0.000]
Epoch [191] Training Results: Prec@1 81.584 Prec@5 89.331 Loss 1.02629
Epoch [191] Training Class Recall: [0.755,0.766,0.649,0.642,0.626,0.756,0.741,0.734,0.787,0.724,0.676,0.623,
 0.783,0.769,0.742,0.773,0.719,0.767,0.740,0.757,0.490,0.808,0.716,0.811,
 0.652,0.776,0.783,0.806,0.867,0.822,0.815,0.820,0.847,0.830,0.843,0.788,
 0.829,0.823,0.838,0.795,0.856,0.812,0.858,0.856,0.841,0.840,0.839,0.837,
 0.789,0.858,0.860,0.842,0.840,0.793,0.841,0.879,0.833,0.833,0.863,0.872,
 0.874,0.859,0.850,0.855,0.860,0.857,0.892,0.821,0.860,0.854,0.837,0.855,
 0.845,0.672,0.874,0.848,0.851,0.879,0.843,0.894,0.866,0.857,0.849,0.833,
 0.880,0.841,0.850,0.858,0.842,0.868,0.896,0.878,0.743,0.871,0.854,0.854,
 0.879,0.866,0.787,0.866]
Testing Group Acc: [0.271,0.000,0.000]
Epoch [191] Testing Results: Prec@1 27.090 Prec@5 48.370 Loss 3.99666
Epoch [191] Testing Class Recall: [0.830,0.700,0.540,0.430,0.530,0.590,0.730,0.560,0.690,0.600,0.330,0.400,
 0.680,0.620,0.400,0.470,0.560,0.710,0.390,0.390,0.510,0.570,0.300,0.590,
 0.610,0.290,0.330,0.270,0.480,0.310,0.600,0.240,0.230,0.420,0.220,0.220,
 0.320,0.260,0.170,0.380,0.200,0.420,0.180,0.210,0.100,0.090,0.130,0.370,
 0.320,0.280,0.050,0.170,0.680,0.560,0.280,0.010,0.300,0.140,0.080,0.220,
 0.560,0.120,0.260,0.130,0.010,0.030,0.060,0.040,0.370,0.320,0.220,0.230,
 0.010,0.060,0.080,0.200,0.260,0.010,0.020,0.010,0.010,0.000,0.290,0.030,
 0.000,0.080,0.000,0.060,0.040,0.010,0.000,0.020,0.000,0.020,0.150,0.070,
 0.030,0.010,0.000,0.010]
Training Group Acc: [0.810,0.000,0.000]
Epoch [192] Training Results: Prec@1 81.422 Prec@5 89.362 Loss 1.02604
Epoch [192] Training Class Recall: [0.758,0.757,0.649,0.628,0.624,0.748,0.703,0.743,0.757,0.727,0.666,0.621,
 0.757,0.804,0.734,0.764,0.702,0.771,0.758,0.767,0.497,0.804,0.699,0.817,
 0.665,0.767,0.793,0.804,0.865,0.824,0.824,0.804,0.832,0.825,0.837,0.794,
 0.831,0.815,0.828,0.780,0.838,0.828,0.854,0.860,0.837,0.827,0.839,0.845,
 0.789,0.865,0.858,0.844,0.840,0.801,0.850,0.856,0.829,0.830,0.866,0.866,
 0.870,0.856,0.848,0.857,0.855,0.855,0.905,0.809,0.862,0.850,0.841,0.862,
 0.853,0.685,0.872,0.853,0.849,0.877,0.841,0.896,0.864,0.857,0.852,0.830,
 0.877,0.838,0.853,0.860,0.846,0.868,0.894,0.880,0.746,0.873,0.854,0.856,
 0.879,0.868,0.787,0.871]
Testing Group Acc: [0.271,0.000,0.000]
Epoch [192] Testing Results: Prec@1 27.100 Prec@5 48.320 Loss 4.01019
Epoch [192] Testing Class Recall: [0.820,0.680,0.540,0.450,0.520,0.600,0.730,0.570,0.690,0.600,0.320,0.400,
 0.670,0.610,0.410,0.480,0.560,0.710,0.380,0.380,0.520,0.560,0.300,0.620,
 0.630,0.300,0.340,0.280,0.450,0.310,0.620,0.240,0.240,0.390,0.250,0.210,
 0.330,0.300,0.170,0.360,0.210,0.430,0.170,0.220,0.110,0.070,0.130,0.370,
 0.300,0.280,0.060,0.160,0.680,0.570,0.320,0.010,0.310,0.130,0.080,0.220,
 0.540,0.130,0.270,0.120,0.020,0.030,0.050,0.040,0.350,0.340,0.210,0.210,
 0.010,0.050,0.080,0.180,0.280,0.010,0.020,0.010,0.010,0.000,0.270,0.020,
 0.000,0.070,0.000,0.060,0.030,0.010,0.000,0.020,0.000,0.020,0.140,0.090,
 0.010,0.010,0.000,0.020]
Training Group Acc: [0.811,0.000,0.000]
Epoch [193] Training Results: Prec@1 81.467 Prec@5 89.529 Loss 1.02290
Epoch [193] Training Class Recall: [0.753,0.761,0.632,0.657,0.605,0.772,0.744,0.739,0.772,0.729,0.695,0.602,
 0.785,0.751,0.751,0.762,0.706,0.765,0.742,0.732,0.523,0.800,0.723,0.821,
 0.661,0.761,0.791,0.806,0.861,0.822,0.822,0.804,0.852,0.819,0.835,0.784,
 0.829,0.834,0.830,0.791,0.847,0.820,0.850,0.854,0.847,0.821,0.846,0.835,
 0.789,0.860,0.858,0.851,0.845,0.804,0.845,0.869,0.841,0.833,0.861,0.868,
 0.874,0.864,0.846,0.851,0.855,0.857,0.894,0.817,0.862,0.850,0.835,0.859,
 0.849,0.672,0.874,0.848,0.851,0.879,0.841,0.885,0.862,0.851,0.849,0.830,
 0.873,0.840,0.853,0.854,0.844,0.868,0.896,0.882,0.746,0.875,0.856,0.860,
 0.879,0.868,0.787,0.863]
Testing Group Acc: [0.272,0.000,0.000]
Epoch [193] Testing Results: Prec@1 27.220 Prec@5 48.460 Loss 4.00027
Epoch [193] Testing Class Recall: [0.830,0.710,0.550,0.430,0.510,0.610,0.730,0.560,0.700,0.610,0.350,0.400,
 0.680,0.630,0.400,0.490,0.560,0.710,0.400,0.400,0.500,0.560,0.300,0.590,
 0.610,0.290,0.310,0.280,0.490,0.310,0.590,0.240,0.240,0.410,0.260,0.220,
 0.320,0.270,0.160,0.380,0.190,0.430,0.180,0.210,0.110,0.090,0.130,0.360,
 0.310,0.270,0.060,0.160,0.690,0.550,0.310,0.010,0.310,0.130,0.080,0.220,
 0.560,0.120,0.270,0.120,0.010,0.030,0.050,0.040,0.350,0.340,0.240,0.240,
 0.010,0.070,0.080,0.190,0.280,0.010,0.020,0.010,0.010,0.000,0.280,0.030,
 0.000,0.080,0.000,0.060,0.030,0.010,0.000,0.020,0.000,0.020,0.150,0.070,
 0.020,0.000,0.000,0.010]
Training Group Acc: [0.811,0.000,0.000]
Epoch [194] Training Results: Prec@1 81.464 Prec@5 89.336 Loss 1.02612
Epoch [194] Training Class Recall: [0.753,0.759,0.662,0.649,0.638,0.765,0.726,0.702,0.768,0.734,0.691,0.618,
 0.777,0.790,0.738,0.760,0.702,0.769,0.746,0.751,0.523,0.800,0.723,0.825,
 0.656,0.771,0.791,0.792,0.865,0.813,0.815,0.793,0.841,0.825,0.839,0.770,
 0.841,0.830,0.832,0.791,0.847,0.809,0.848,0.856,0.827,0.834,0.843,0.839,
 0.777,0.856,0.858,0.851,0.843,0.809,0.848,0.879,0.839,0.821,0.858,0.870,
 0.874,0.856,0.846,0.853,0.862,0.861,0.894,0.805,0.862,0.848,0.841,0.862,
 0.847,0.685,0.872,0.850,0.851,0.879,0.843,0.888,0.862,0.851,0.852,0.830,
 0.875,0.838,0.848,0.860,0.844,0.866,0.896,0.880,0.749,0.873,0.854,0.858,
 0.879,0.868,0.784,0.863]
Testing Group Acc: [0.272,0.000,0.000]
Epoch [194] Testing Results: Prec@1 27.200 Prec@5 48.280 Loss 3.99503
Epoch [194] Testing Class Recall: [0.830,0.680,0.540,0.420,0.520,0.600,0.730,0.570,0.710,0.600,0.320,0.380,
 0.680,0.630,0.410,0.480,0.570,0.720,0.390,0.380,0.490,0.580,0.300,0.610,
 0.610,0.280,0.330,0.280,0.500,0.320,0.600,0.250,0.240,0.410,0.230,0.230,
 0.330,0.310,0.170,0.360,0.200,0.420,0.180,0.220,0.100,0.070,0.130,0.380,
 0.310,0.260,0.050,0.170,0.690,0.560,0.310,0.010,0.320,0.150,0.080,0.220,
 0.550,0.130,0.260,0.130,0.010,0.030,0.050,0.040,0.350,0.340,0.210,0.210,
 0.010,0.060,0.090,0.200,0.270,0.010,0.020,0.010,0.010,0.000,0.270,0.020,
 0.000,0.080,0.000,0.060,0.030,0.010,0.000,0.020,0.000,0.010,0.150,0.090,
 0.030,0.010,0.000,0.010]
Training Group Acc: [0.811,0.000,0.000]
Epoch [195] Training Results: Prec@1 81.524 Prec@5 89.322 Loss 1.02471
Epoch [195] Training Class Recall: [0.768,0.759,0.634,0.630,0.626,0.754,0.728,0.728,0.762,0.719,0.695,0.621,
 0.767,0.778,0.732,0.753,0.702,0.761,0.746,0.759,0.503,0.806,0.714,0.821,
 0.648,0.790,0.787,0.820,0.867,0.822,0.822,0.796,0.849,0.823,0.835,0.780,
 0.831,0.844,0.836,0.773,0.852,0.817,0.852,0.858,0.845,0.827,0.829,0.835,
 0.794,0.865,0.862,0.849,0.849,0.801,0.852,0.873,0.843,0.830,0.858,0.872,
 0.874,0.859,0.850,0.853,0.853,0.859,0.896,0.821,0.864,0.860,0.841,0.862,
 0.851,0.685,0.874,0.850,0.851,0.873,0.837,0.892,0.866,0.857,0.852,0.830,
 0.877,0.840,0.853,0.854,0.844,0.868,0.896,0.880,0.749,0.875,0.854,0.854,
 0.879,0.868,0.787,0.866]
Testing Group Acc: [0.272,0.000,0.000]
Epoch [195] Testing Results: Prec@1 27.220 Prec@5 48.350 Loss 4.00102
Epoch [195] Testing Class Recall: [0.800,0.710,0.550,0.430,0.530,0.620,0.730,0.570,0.690,0.600,0.340,0.410,
 0.680,0.630,0.420,0.490,0.560,0.710,0.410,0.390,0.500,0.580,0.290,0.600,
 0.610,0.290,0.320,0.270,0.490,0.320,0.620,0.240,0.230,0.410,0.240,0.210,
 0.320,0.280,0.160,0.370,0.200,0.430,0.170,0.210,0.100,0.090,0.130,0.400,
 0.300,0.290,0.060,0.160,0.690,0.540,0.300,0.010,0.290,0.140,0.080,0.220,
 0.550,0.120,0.270,0.130,0.000,0.030,0.050,0.020,0.360,0.330,0.250,0.220,
 0.010,0.050,0.080,0.190,0.270,0.010,0.020,0.010,0.010,0.000,0.310,0.030,
 0.000,0.080,0.000,0.060,0.030,0.010,0.000,0.020,0.000,0.020,0.150,0.070,
 0.010,0.010,0.000,0.010]
Training Group Acc: [0.811,0.000,0.000]
Epoch [196] Training Results: Prec@1 81.496 Prec@5 89.349 Loss 1.02678
Epoch [196] Training Class Recall: [0.781,0.759,0.651,0.655,0.630,0.756,0.718,0.752,0.751,0.724,0.681,0.630,
 0.771,0.799,0.748,0.764,0.697,0.751,0.746,0.746,0.503,0.800,0.706,0.817,
 0.665,0.771,0.797,0.802,0.863,0.815,0.813,0.793,0.838,0.812,0.831,0.796,
 0.820,0.836,0.822,0.789,0.836,0.831,0.854,0.850,0.837,0.836,0.843,0.841,
 0.789,0.863,0.858,0.855,0.840,0.804,0.848,0.877,0.841,0.836,0.863,0.863,
 0.872,0.859,0.846,0.849,0.862,0.859,0.892,0.821,0.862,0.852,0.837,0.859,
 0.849,0.685,0.874,0.857,0.851,0.879,0.835,0.890,0.864,0.860,0.854,0.830,
 0.871,0.838,0.855,0.856,0.842,0.870,0.896,0.882,0.749,0.869,0.856,0.856,
 0.879,0.868,0.787,0.866]
Testing Group Acc: [0.274,0.000,0.000]
Epoch [196] Testing Results: Prec@1 27.390 Prec@5 48.620 Loss 3.97758
Epoch [196] Testing Class Recall: [0.810,0.700,0.560,0.450,0.490,0.590,0.710,0.580,0.680,0.600,0.310,0.400,
 0.670,0.640,0.400,0.470,0.560,0.700,0.380,0.390,0.480,0.600,0.310,0.590,
 0.610,0.290,0.340,0.280,0.490,0.320,0.640,0.250,0.240,0.420,0.240,0.220,
 0.320,0.280,0.180,0.390,0.200,0.420,0.180,0.210,0.120,0.090,0.140,0.370,
 0.320,0.290,0.060,0.180,0.670,0.560,0.300,0.010,0.320,0.150,0.080,0.230,
 0.540,0.130,0.270,0.120,0.020,0.030,0.060,0.040,0.370,0.330,0.240,0.230,
 0.010,0.070,0.080,0.220,0.270,0.010,0.020,0.010,0.010,0.000,0.290,0.030,
 0.000,0.090,0.000,0.070,0.030,0.010,0.000,0.020,0.000,0.020,0.150,0.070,
 0.030,0.010,0.000,0.010]
Training Group Acc: [0.812,0.000,0.000]
Epoch [197] Training Results: Prec@1 81.609 Prec@5 89.389 Loss 1.02499
Epoch [197] Training Class Recall: [0.770,0.771,0.660,0.632,0.652,0.746,0.731,0.734,0.774,0.702,0.687,0.616,
 0.787,0.801,0.725,0.760,0.715,0.765,0.750,0.753,0.483,0.804,0.723,0.829,
 0.665,0.769,0.808,0.802,0.852,0.813,0.817,0.796,0.836,0.828,0.843,0.790,
 0.839,0.825,0.828,0.795,0.845,0.817,0.850,0.854,0.839,0.821,0.853,0.837,
 0.794,0.871,0.858,0.849,0.843,0.806,0.852,0.879,0.835,0.839,0.868,0.874,
 0.870,0.854,0.848,0.851,0.855,0.855,0.892,0.824,0.864,0.848,0.839,0.861,
 0.849,0.680,0.876,0.850,0.853,0.879,0.843,0.892,0.864,0.854,0.854,0.830,
 0.877,0.843,0.850,0.858,0.846,0.868,0.896,0.878,0.746,0.871,0.854,0.852,
 0.881,0.868,0.787,0.863]
Testing Group Acc: [0.271,0.000,0.000]
Epoch [197] Testing Results: Prec@1 27.110 Prec@5 48.480 Loss 3.97573
Epoch [197] Testing Class Recall: [0.810,0.660,0.540,0.420,0.490,0.600,0.730,0.560,0.710,0.600,0.310,0.380,
 0.670,0.630,0.410,0.470,0.560,0.720,0.380,0.370,0.510,0.560,0.310,0.600,
 0.610,0.300,0.350,0.280,0.510,0.310,0.610,0.240,0.230,0.390,0.220,0.220,
 0.320,0.300,0.180,0.380,0.200,0.430,0.170,0.230,0.100,0.080,0.130,0.380,
 0.310,0.270,0.060,0.150,0.680,0.560,0.330,0.010,0.320,0.140,0.080,0.220,
 0.550,0.130,0.270,0.130,0.010,0.030,0.050,0.040,0.350,0.330,0.230,0.220,
 0.020,0.060,0.090,0.190,0.270,0.010,0.020,0.010,0.010,0.000,0.250,0.030,
 0.000,0.080,0.000,0.060,0.040,0.010,0.000,0.020,0.000,0.020,0.140,0.090,
 0.030,0.000,0.000,0.020]
Training Group Acc: [0.810,0.000,0.000]
Epoch [198] Training Results: Prec@1 81.409 Prec@5 89.344 Loss 1.02837
Epoch [198] Training Class Recall: [0.765,0.748,0.640,0.642,0.622,0.748,0.709,0.752,0.774,0.734,0.691,0.590,
 0.783,0.767,0.725,0.766,0.702,0.763,0.744,0.757,0.490,0.806,0.709,0.827,
 0.652,0.776,0.797,0.794,0.848,0.829,0.817,0.796,0.834,0.830,0.835,0.792,
 0.835,0.834,0.818,0.795,0.838,0.820,0.852,0.850,0.845,0.829,0.843,0.837,
 0.794,0.869,0.846,0.849,0.838,0.809,0.854,0.858,0.841,0.833,0.866,0.868,
 0.872,0.859,0.848,0.847,0.851,0.857,0.890,0.809,0.862,0.852,0.837,0.862,
 0.853,0.668,0.876,0.855,0.851,0.881,0.841,0.894,0.864,0.851,0.852,0.825,
 0.873,0.838,0.857,0.858,0.846,0.868,0.896,0.882,0.749,0.871,0.854,0.856,
 0.879,0.868,0.787,0.863]
Testing Group Acc: [0.272,0.000,0.000]
Epoch [198] Testing Results: Prec@1 27.190 Prec@5 48.490 Loss 3.99877
Epoch [198] Testing Class Recall: [0.820,0.700,0.560,0.450,0.520,0.580,0.700,0.560,0.680,0.600,0.320,0.400,
 0.680,0.630,0.400,0.480,0.560,0.710,0.400,0.390,0.490,0.580,0.310,0.580,
 0.620,0.290,0.330,0.280,0.490,0.320,0.630,0.250,0.230,0.410,0.250,0.210,
 0.320,0.270,0.180,0.380,0.210,0.430,0.180,0.220,0.100,0.070,0.130,0.370,
 0.310,0.270,0.060,0.180,0.680,0.560,0.290,0.010,0.320,0.140,0.080,0.220,
 0.530,0.130,0.260,0.120,0.020,0.030,0.050,0.040,0.370,0.330,0.210,0.220,
 0.010,0.070,0.080,0.200,0.290,0.010,0.020,0.010,0.010,0.000,0.290,0.030,
 0.000,0.070,0.000,0.060,0.030,0.010,0.000,0.020,0.000,0.020,0.150,0.070,
 0.020,0.010,0.000,0.010]
Training Group Acc: [0.811,0.000,0.000]
Epoch [199] Training Results: Prec@1 81.489 Prec@5 89.433 Loss 1.02336
Epoch [199] Training Class Recall: [0.770,0.759,0.651,0.640,0.636,0.765,0.713,0.747,0.764,0.717,0.700,0.602,
 0.783,0.776,0.727,0.747,0.706,0.769,0.744,0.744,0.503,0.781,0.711,0.819,
 0.678,0.778,0.791,0.812,0.865,0.822,0.822,0.798,0.830,0.823,0.845,0.788,
 0.833,0.834,0.838,0.789,0.843,0.828,0.856,0.848,0.835,0.834,0.851,0.839,
 0.797,0.863,0.854,0.844,0.840,0.798,0.856,0.875,0.841,0.824,0.858,0.861,
 0.868,0.856,0.848,0.855,0.857,0.859,0.892,0.824,0.862,0.856,0.828,0.861,
 0.853,0.685,0.876,0.846,0.853,0.877,0.841,0.892,0.864,0.857,0.852,0.828,
 0.875,0.840,0.850,0.856,0.842,0.868,0.896,0.876,0.746,0.875,0.856,0.856,
 0.879,0.868,0.787,0.861]
Testing Group Acc: [0.274,0.000,0.000]
Epoch [199] Testing Results: Prec@1 27.420 Prec@5 48.730 Loss 3.96148
Epoch [199] Testing Class Recall: [0.810,0.690,0.540,0.420,0.520,0.590,0.720,0.560,0.690,0.610,0.290,0.400,
 0.670,0.630,0.390,0.490,0.560,0.720,0.390,0.390,0.510,0.590,0.300,0.590,
 0.610,0.290,0.340,0.280,0.490,0.320,0.620,0.280,0.220,0.420,0.260,0.230,
 0.320,0.290,0.180,0.390,0.220,0.440,0.170,0.210,0.110,0.090,0.140,0.370,
 0.330,0.300,0.060,0.180,0.670,0.560,0.290,0.010,0.330,0.130,0.080,0.220,
 0.550,0.130,0.270,0.130,0.020,0.030,0.060,0.040,0.370,0.330,0.230,0.230,
 0.010,0.070,0.080,0.200,0.290,0.010,0.020,0.010,0.010,0.000,0.280,0.030,
 0.000,0.090,0.000,0.060,0.040,0.010,0.000,0.020,0.000,0.020,0.150,0.070,
 0.020,0.000,0.000,0.020]
