Epoch: [0][0/40], lr: 0.00200	Loss 2.8729 (2.8729)	Prec@1 6.250 (6.250)	Prec@5 50.000 (50.000)
Epoch: [0][10/40], lr: 0.00200	Loss 2.3866 (2.4529)	Prec@1 21.875 (20.241)	Prec@5 66.406 (66.619)
Epoch: [0][20/40], lr: 0.00200	Loss 1.8999 (2.1177)	Prec@1 35.938 (28.981)	Prec@5 88.281 (76.116)
Epoch: [0][30/40], lr: 0.00200	Loss 1.3864 (1.9166)	Prec@1 49.219 (35.333)	Prec@5 91.406 (79.990)
Epoch [0] Training Results: Prec@1 39.140 Prec@5 82.360             Loss 1.79743
Epoch [0] Training Class Recall: [0.686,0.014,0.004,0.015,0.105,0.470,0.645,0.147,0.252,0.501]

Epoch: [1][0/40], lr: 0.00400	Loss 1.4738 (1.4738)	Prec@1 48.438 (48.438)	Prec@5 89.844 (89.844)
Epoch: [1][10/40], lr: 0.00400	Loss 1.4072 (1.5017)	Prec@1 55.469 (49.006)	Prec@5 94.531 (89.134)
Epoch: [1][20/40], lr: 0.00400	Loss 1.1332 (1.3695)	Prec@1 59.375 (53.869)	Prec@5 92.188 (91.257)
Epoch: [1][30/40], lr: 0.00400	Loss 1.1591 (1.2806)	Prec@1 66.406 (56.678)	Prec@5 96.875 (92.641)
Epoch [1] Training Results: Prec@1 59.460 Prec@5 93.540             Loss 1.19644
Epoch [1] Training Class Recall: [0.861,0.145,0.047,0.110,0.144,0.652,0.746,0.460,0.763,0.751]

Epoch: [2][0/40], lr: 0.00600	Loss 0.8639 (0.8639)	Prec@1 76.562 (76.562)	Prec@5 96.094 (96.094)
Epoch: [2][10/40], lr: 0.00600	Loss 1.2184 (1.1471)	Prec@1 57.812 (63.352)	Prec@5 96.875 (93.892)
Epoch: [2][20/40], lr: 0.00600	Loss 0.7603 (1.0876)	Prec@1 78.125 (64.658)	Prec@5 97.656 (94.494)
Epoch: [2][30/40], lr: 0.00600	Loss 0.7885 (1.0183)	Prec@1 73.438 (66.431)	Prec@5 97.656 (95.086)
Epoch [2] Training Results: Prec@1 67.840 Prec@5 95.260             Loss 0.97891
Epoch [2] Training Class Recall: [0.875,0.326,0.099,0.167,0.272,0.663,0.787,0.665,0.871,0.903]

Epoch: [3][0/40], lr: 0.00800	Loss 1.1102 (1.1102)	Prec@1 57.031 (57.031)	Prec@5 98.438 (98.438)
Epoch: [3][10/40], lr: 0.00800	Loss 0.6085 (0.9333)	Prec@1 78.906 (70.952)	Prec@5 98.438 (96.236)
Epoch: [3][20/40], lr: 0.00800	Loss 0.6317 (0.8639)	Prec@1 80.469 (71.987)	Prec@5 97.656 (97.359)
Epoch: [3][30/40], lr: 0.00800	Loss 0.6568 (0.7956)	Prec@1 81.250 (73.664)	Prec@5 100.000 (97.908)
Epoch [3] Training Results: Prec@1 74.360 Prec@5 97.980             Loss 0.77419
Epoch [3] Training Class Recall: [0.886,0.498,0.121,0.235,0.331,0.726,0.873,0.862,0.942,0.925]

Epoch: [4][0/40], lr: 0.01000	Loss 0.5916 (0.5916)	Prec@1 78.125 (78.125)	Prec@5 100.000 (100.000)
Epoch: [4][10/40], lr: 0.01000	Loss 0.7554 (0.8116)	Prec@1 72.656 (73.793)	Prec@5 97.656 (98.295)
Epoch: [4][20/40], lr: 0.01000	Loss 0.6188 (0.7747)	Prec@1 81.250 (74.405)	Prec@5 98.438 (98.065)
Epoch: [4][30/40], lr: 0.01000	Loss 0.7580 (0.7428)	Prec@1 75.000 (74.975)	Prec@5 96.875 (98.261)
Epoch [4] Training Results: Prec@1 75.600 Prec@5 98.300             Loss 0.73180
Epoch [4] Training Class Recall: [0.893,0.475,0.116,0.318,0.436,0.762,0.855,0.836,0.944,0.925]

Epoch: [5][0/40], lr: 0.01000	Loss 1.9413 (1.9413)	Prec@1 51.562 (51.562)	Prec@5 97.656 (97.656)
Epoch: [5][10/40], lr: 0.01000	Loss 0.9475 (1.2216)	Prec@1 73.438 (65.199)	Prec@5 93.750 (94.886)
Epoch: [5][20/40], lr: 0.01000	Loss 0.7353 (1.0481)	Prec@1 73.438 (68.080)	Prec@5 98.438 (96.057)
Epoch: [5][30/40], lr: 0.01000	Loss 0.5348 (0.9676)	Prec@1 80.469 (70.262)	Prec@5 100.000 (96.598)
Epoch [5] Training Results: Prec@1 72.720 Prec@5 97.040             Loss 0.88079
Epoch [5] Training Class Recall: [0.866,0.457,0.129,0.202,0.331,0.726,0.821,0.853,0.909,0.933]

Epoch: [6][0/40], lr: 0.01000	Loss 0.9851 (0.9851)	Prec@1 72.656 (72.656)	Prec@5 98.438 (98.438)
Epoch: [6][10/40], lr: 0.01000	Loss 0.5620 (0.8500)	Prec@1 78.125 (71.378)	Prec@5 99.219 (97.869)
Epoch: [6][20/40], lr: 0.01000	Loss 0.7026 (0.8021)	Prec@1 76.562 (73.103)	Prec@5 98.438 (98.177)
Epoch: [6][30/40], lr: 0.01000	Loss 0.5537 (0.7297)	Prec@1 80.469 (74.950)	Prec@5 100.000 (98.362)
Epoch [6] Training Results: Prec@1 76.440 Prec@5 98.600             Loss 0.68436
Epoch [6] Training Class Recall: [0.907,0.425,0.125,0.286,0.423,0.731,0.908,0.896,0.944,0.942]

Epoch: [7][0/40], lr: 0.01000	Loss 0.5773 (0.5773)	Prec@1 80.469 (80.469)	Prec@5 100.000 (100.000)
Epoch: [7][10/40], lr: 0.01000	Loss 0.6843 (0.9430)	Prec@1 75.000 (72.514)	Prec@5 97.656 (97.443)
Epoch: [7][20/40], lr: 0.01000	Loss 0.9186 (0.8972)	Prec@1 73.438 (73.698)	Prec@5 98.438 (97.284)
Epoch: [7][30/40], lr: 0.01000	Loss 0.4977 (0.8000)	Prec@1 82.031 (75.680)	Prec@5 99.219 (97.757)
Epoch [7] Training Results: Prec@1 76.820 Prec@5 98.040             Loss 0.74589
Epoch [7] Training Class Recall: [0.855,0.439,0.147,0.292,0.531,0.771,0.908,0.920,0.909,0.954]

Epoch: [8][0/40], lr: 0.01000	Loss 0.4277 (0.4277)	Prec@1 86.719 (86.719)	Prec@5 98.438 (98.438)
Epoch: [8][10/40], lr: 0.01000	Loss 0.4460 (0.4402)	Prec@1 88.281 (85.511)	Prec@5 98.438 (99.290)
Epoch: [8][20/40], lr: 0.01000	Loss 0.3267 (0.4164)	Prec@1 88.281 (86.458)	Prec@5 100.000 (99.516)
Epoch: [8][30/40], lr: 0.01000	Loss 0.3270 (0.4075)	Prec@1 87.500 (86.265)	Prec@5 100.000 (99.622)
Epoch [8] Training Results: Prec@1 86.420 Prec@5 99.700             Loss 0.39660
Epoch [8] Training Class Recall: [0.925,0.710,0.289,0.455,0.757,0.857,0.969,0.985,0.990,1.000]

Epoch: [9][0/40], lr: 0.01000	Loss 0.2903 (0.2903)	Prec@1 89.062 (89.062)	Prec@5 100.000 (100.000)
Epoch: [9][10/40], lr: 0.01000	Loss 0.2559 (0.4604)	Prec@1 90.625 (83.878)	Prec@5 100.000 (99.716)
Epoch: [9][20/40], lr: 0.01000	Loss 0.2993 (0.4156)	Prec@1 87.500 (85.565)	Prec@5 100.000 (99.814)
Epoch: [9][30/40], lr: 0.01000	Loss 0.2300 (0.4060)	Prec@1 95.312 (85.862)	Prec@5 100.000 (99.849)
Epoch [9] Training Results: Prec@1 86.440 Prec@5 99.760             Loss 0.39328
Epoch [9] Training Class Recall: [0.943,0.724,0.297,0.536,0.639,0.873,0.939,0.970,0.994,0.999]

Epoch: [10][0/40], lr: 0.01000	Loss 0.3314 (0.3314)	Prec@1 88.281 (88.281)	Prec@5 100.000 (100.000)
Epoch: [10][10/40], lr: 0.01000	Loss 0.5761 (0.5992)	Prec@1 81.250 (79.474)	Prec@5 100.000 (99.645)
Epoch: [10][20/40], lr: 0.01000	Loss 0.4197 (0.5095)	Prec@1 82.812 (82.366)	Prec@5 100.000 (99.665)
Epoch: [10][30/40], lr: 0.01000	Loss 0.3560 (0.4782)	Prec@1 89.062 (83.569)	Prec@5 100.000 (99.698)
Epoch [10] Training Results: Prec@1 84.660 Prec@5 99.720             Loss 0.44592
Epoch [10] Training Class Recall: [0.903,0.670,0.289,0.455,0.705,0.878,0.930,0.968,0.984,0.972]

Epoch: [11][0/40], lr: 0.01000	Loss 0.3015 (0.3015)	Prec@1 89.844 (89.844)	Prec@5 100.000 (100.000)
Epoch: [11][10/40], lr: 0.01000	Loss 0.3721 (0.4459)	Prec@1 86.719 (85.369)	Prec@5 100.000 (99.574)
Epoch: [11][20/40], lr: 0.01000	Loss 0.3046 (0.3983)	Prec@1 85.156 (86.272)	Prec@5 100.000 (99.665)
Epoch: [11][30/40], lr: 0.01000	Loss 0.3098 (0.3645)	Prec@1 87.500 (87.248)	Prec@5 100.000 (99.773)
Epoch [11] Training Results: Prec@1 88.020 Prec@5 99.800             Loss 0.34514
Epoch [11] Training Class Recall: [0.927,0.697,0.384,0.690,0.711,0.892,0.958,0.978,0.982,0.980]

Epoch: [12][0/40], lr: 0.01000	Loss 0.3287 (0.3287)	Prec@1 86.719 (86.719)	Prec@5 100.000 (100.000)
Epoch: [12][10/40], lr: 0.01000	Loss 0.1701 (0.3552)	Prec@1 94.531 (88.210)	Prec@5 100.000 (99.716)
Epoch: [12][20/40], lr: 0.01000	Loss 0.1466 (0.3193)	Prec@1 96.094 (89.323)	Prec@5 100.000 (99.740)
Epoch: [12][30/40], lr: 0.01000	Loss 0.2570 (0.2977)	Prec@1 92.188 (90.045)	Prec@5 100.000 (99.798)
Epoch [12] Training Results: Prec@1 90.400 Prec@5 99.840             Loss 0.28471
Epoch [12] Training Class Recall: [0.941,0.751,0.388,0.699,0.820,0.936,0.977,0.985,0.998,0.989]

Epoch: [13][0/40], lr: 0.01000	Loss 0.1629 (0.1629)	Prec@1 94.531 (94.531)	Prec@5 100.000 (100.000)
Epoch: [13][10/40], lr: 0.01000	Loss 0.5338 (0.5548)	Prec@1 78.906 (83.239)	Prec@5 100.000 (99.219)
Epoch: [13][20/40], lr: 0.01000	Loss 0.3463 (0.4451)	Prec@1 88.281 (86.086)	Prec@5 100.000 (99.554)
Epoch: [13][30/40], lr: 0.01000	Loss 0.3522 (0.3963)	Prec@1 88.281 (87.198)	Prec@5 99.219 (99.672)
Epoch [13] Training Results: Prec@1 88.320 Prec@5 99.720             Loss 0.35896
Epoch [13] Training Class Recall: [0.885,0.756,0.336,0.664,0.810,0.939,0.976,0.983,0.956,0.988]

Epoch: [14][0/40], lr: 0.01000	Loss 0.2954 (0.2954)	Prec@1 89.062 (89.062)	Prec@5 100.000 (100.000)
Epoch: [14][10/40], lr: 0.01000	Loss 0.3076 (0.4495)	Prec@1 89.062 (85.724)	Prec@5 100.000 (100.000)
Epoch: [14][20/40], lr: 0.01000	Loss 0.3210 (0.3917)	Prec@1 90.625 (86.979)	Prec@5 99.219 (99.888)
Epoch: [14][30/40], lr: 0.01000	Loss 0.1767 (0.3463)	Prec@1 92.969 (88.357)	Prec@5 100.000 (99.874)
Epoch [14] Training Results: Prec@1 89.420 Prec@5 99.860             Loss 0.32038
Epoch [14] Training Class Recall: [0.941,0.769,0.461,0.655,0.846,0.845,0.988,0.976,0.998,0.978]

Epoch: [15][0/40], lr: 0.01000	Loss 0.3997 (0.3997)	Prec@1 91.406 (91.406)	Prec@5 99.219 (99.219)
Epoch: [15][10/40], lr: 0.01000	Loss 0.6578 (0.6722)	Prec@1 80.469 (81.321)	Prec@5 100.000 (99.361)
Epoch: [15][20/40], lr: 0.01000	Loss 0.2052 (0.5636)	Prec@1 92.188 (83.371)	Prec@5 100.000 (99.442)
Epoch: [15][30/40], lr: 0.01000	Loss 0.2239 (0.4763)	Prec@1 89.062 (85.559)	Prec@5 100.000 (99.597)
Epoch [15] Training Results: Prec@1 86.660 Prec@5 99.660             Loss 0.43137
Epoch [15] Training Class Recall: [0.920,0.575,0.431,0.670,0.748,0.902,0.944,0.974,0.946,0.945]

Epoch: [16][0/40], lr: 0.01000	Loss 0.1896 (0.1896)	Prec@1 93.750 (93.750)	Prec@5 100.000 (100.000)
Epoch: [16][10/40], lr: 0.01000	Loss 0.3436 (0.3135)	Prec@1 84.375 (89.062)	Prec@5 100.000 (99.858)
Epoch: [16][20/40], lr: 0.01000	Loss 0.1759 (0.2721)	Prec@1 93.750 (90.551)	Prec@5 100.000 (99.888)
Epoch: [16][30/40], lr: 0.01000	Loss 0.1776 (0.2452)	Prec@1 95.312 (91.557)	Prec@5 100.000 (99.899)
Epoch [16] Training Results: Prec@1 92.120 Prec@5 99.920             Loss 0.22994
Epoch [16] Training Class Recall: [0.935,0.796,0.435,0.753,0.875,0.960,0.991,0.998,1.000,0.997]

Epoch: [17][0/40], lr: 0.01000	Loss 0.1863 (0.1863)	Prec@1 93.750 (93.750)	Prec@5 100.000 (100.000)
Epoch: [17][10/40], lr: 0.01000	Loss 0.2129 (0.2692)	Prec@1 93.750 (91.477)	Prec@5 100.000 (99.929)
Epoch: [17][20/40], lr: 0.01000	Loss 0.1943 (0.2620)	Prec@1 94.531 (91.071)	Prec@5 100.000 (99.926)
Epoch: [17][30/40], lr: 0.01000	Loss 0.1218 (0.2293)	Prec@1 93.750 (92.112)	Prec@5 100.000 (99.950)
Epoch [17] Training Results: Prec@1 92.760 Prec@5 99.960             Loss 0.20939
Epoch [17] Training Class Recall: [0.946,0.864,0.569,0.667,0.895,0.963,0.995,0.989,1.000,0.996]

Epoch: [18][0/40], lr: 0.01000	Loss 0.2429 (0.2429)	Prec@1 89.844 (89.844)	Prec@5 100.000 (100.000)
Epoch: [18][10/40], lr: 0.01000	Loss 0.2889 (0.3306)	Prec@1 89.844 (87.926)	Prec@5 100.000 (99.645)
Epoch: [18][20/40], lr: 0.01000	Loss 0.2739 (0.2963)	Prec@1 91.406 (89.732)	Prec@5 100.000 (99.740)
Epoch: [18][30/40], lr: 0.01000	Loss 0.1592 (0.2622)	Prec@1 94.531 (90.827)	Prec@5 100.000 (99.824)
Epoch [18] Training Results: Prec@1 91.580 Prec@5 99.820             Loss 0.24478
Epoch [18] Training Class Recall: [0.954,0.837,0.474,0.711,0.879,0.936,0.977,0.972,0.996,0.980]

Epoch: [19][0/40], lr: 0.01000	Loss 0.1423 (0.1423)	Prec@1 94.531 (94.531)	Prec@5 100.000 (100.000)
Epoch: [19][10/40], lr: 0.01000	Loss 0.2108 (0.2039)	Prec@1 92.188 (92.543)	Prec@5 100.000 (100.000)
Epoch: [19][20/40], lr: 0.01000	Loss 0.1443 (0.1783)	Prec@1 92.969 (93.527)	Prec@5 100.000 (100.000)
Epoch: [19][30/40], lr: 0.01000	Loss 0.1554 (0.1732)	Prec@1 93.750 (93.574)	Prec@5 100.000 (100.000)
Epoch [19] Training Results: Prec@1 94.140 Prec@5 100.000             Loss 0.15893
Epoch [19] Training Class Recall: [0.960,0.887,0.603,0.774,0.875,0.979,0.988,0.998,0.998,1.000]

Epoch: [20][0/40], lr: 0.01000	Loss 0.1234 (0.1234)	Prec@1 96.875 (96.875)	Prec@5 100.000 (100.000)
Epoch: [20][10/40], lr: 0.01000	Loss 0.1537 (0.1553)	Prec@1 95.312 (94.460)	Prec@5 100.000 (100.000)
Epoch: [20][20/40], lr: 0.01000	Loss 0.1028 (0.1372)	Prec@1 96.094 (95.052)	Prec@5 100.000 (100.000)
Epoch: [20][30/40], lr: 0.01000	Loss 0.1749 (0.1311)	Prec@1 94.531 (95.539)	Prec@5 100.000 (100.000)
Epoch [20] Training Results: Prec@1 95.680 Prec@5 100.000             Loss 0.12610
Epoch [20] Training Class Recall: [0.974,0.887,0.647,0.869,0.970,0.969,0.986,0.998,0.996,1.000]

Epoch: [21][0/40], lr: 0.01000	Loss 0.1330 (0.1330)	Prec@1 95.312 (95.312)	Prec@5 100.000 (100.000)
Epoch: [21][10/40], lr: 0.01000	Loss 0.3550 (0.1902)	Prec@1 89.844 (93.750)	Prec@5 100.000 (100.000)
Epoch: [21][20/40], lr: 0.01000	Loss 0.2085 (0.1812)	Prec@1 92.969 (93.973)	Prec@5 100.000 (100.000)
Epoch: [21][30/40], lr: 0.01000	Loss 0.0699 (0.1625)	Prec@1 97.656 (94.682)	Prec@5 100.000 (100.000)
Epoch [21] Training Results: Prec@1 95.000 Prec@5 100.000             Loss 0.15045
Epoch [21] Training Class Recall: [0.951,0.887,0.634,0.842,0.938,0.981,0.995,0.996,0.998,0.999]

Epoch: [22][0/40], lr: 0.01000	Loss 0.1233 (0.1233)	Prec@1 96.094 (96.094)	Prec@5 100.000 (100.000)
Epoch: [22][10/40], lr: 0.01000	Loss 0.4969 (0.4879)	Prec@1 83.594 (85.724)	Prec@5 100.000 (99.006)
Epoch: [22][20/40], lr: 0.01000	Loss 0.4028 (0.4419)	Prec@1 85.938 (86.570)	Prec@5 99.219 (99.368)
Epoch: [22][30/40], lr: 0.01000	Loss 0.1976 (0.3678)	Prec@1 94.531 (88.785)	Prec@5 100.000 (99.496)
Epoch [22] Training Results: Prec@1 89.760 Prec@5 99.560             Loss 0.33427
Epoch [22] Training Class Recall: [0.942,0.783,0.453,0.780,0.780,0.878,0.970,0.950,0.990,0.976]

Epoch: [23][0/40], lr: 0.01000	Loss 0.2716 (0.2716)	Prec@1 89.844 (89.844)	Prec@5 100.000 (100.000)
Epoch: [23][10/40], lr: 0.01000	Loss 0.4517 (0.5665)	Prec@1 82.031 (82.244)	Prec@5 100.000 (99.858)
Epoch: [23][20/40], lr: 0.01000	Loss 0.2760 (0.5089)	Prec@1 92.188 (83.408)	Prec@5 100.000 (99.814)
Epoch: [23][30/40], lr: 0.01000	Loss 0.2294 (0.4227)	Prec@1 92.969 (85.988)	Prec@5 100.000 (99.824)
Epoch [23] Training Results: Prec@1 87.440 Prec@5 99.860             Loss 0.37700
Epoch [23] Training Class Recall: [0.929,0.697,0.422,0.726,0.698,0.870,0.906,0.957,0.994,0.980]

Epoch: [24][0/40], lr: 0.01000	Loss 0.1621 (0.1621)	Prec@1 94.531 (94.531)	Prec@5 100.000 (100.000)
Epoch: [24][10/40], lr: 0.01000	Loss 0.3084 (0.2916)	Prec@1 91.406 (90.270)	Prec@5 100.000 (100.000)
Epoch: [24][20/40], lr: 0.01000	Loss 0.1831 (0.2564)	Prec@1 92.188 (91.257)	Prec@5 100.000 (99.926)
Epoch: [24][30/40], lr: 0.01000	Loss 0.1872 (0.2278)	Prec@1 92.969 (92.288)	Prec@5 100.000 (99.899)
Epoch [24] Training Results: Prec@1 92.940 Prec@5 99.920             Loss 0.20930
Epoch [24] Training Class Recall: [0.942,0.828,0.578,0.830,0.889,0.958,0.991,1.000,0.998,0.951]

Epoch: [25][0/40], lr: 0.01000	Loss 0.1339 (0.1339)	Prec@1 95.312 (95.312)	Prec@5 100.000 (100.000)
Epoch: [25][10/40], lr: 0.01000	Loss 0.0985 (0.1229)	Prec@1 96.094 (95.455)	Prec@5 100.000 (100.000)
Epoch: [25][20/40], lr: 0.01000	Loss 0.0916 (0.1182)	Prec@1 96.875 (96.168)	Prec@5 100.000 (100.000)
Epoch: [25][30/40], lr: 0.01000	Loss 0.1192 (0.1138)	Prec@1 96.875 (96.421)	Prec@5 100.000 (100.000)
Epoch [25] Training Results: Prec@1 96.680 Prec@5 100.000             Loss 0.10969
Epoch [25] Training Class Recall: [0.959,0.937,0.750,0.899,0.967,0.994,0.993,1.000,0.998,1.000]

Epoch: [26][0/40], lr: 0.01000	Loss 0.0641 (0.0641)	Prec@1 98.438 (98.438)	Prec@5 100.000 (100.000)
Epoch: [26][10/40], lr: 0.01000	Loss 0.1883 (0.1709)	Prec@1 93.750 (94.602)	Prec@5 100.000 (99.858)
Epoch: [26][20/40], lr: 0.01000	Loss 0.0959 (0.1603)	Prec@1 97.656 (94.717)	Prec@5 100.000 (99.926)
Epoch: [26][30/40], lr: 0.01000	Loss 0.0667 (0.1474)	Prec@1 98.438 (95.035)	Prec@5 100.000 (99.950)
Epoch [26] Training Results: Prec@1 95.560 Prec@5 99.960             Loss 0.13528
Epoch [26] Training Class Recall: [0.957,0.905,0.677,0.854,0.934,0.984,0.997,0.998,0.998,1.000]

Epoch: [27][0/40], lr: 0.01000	Loss 0.1394 (0.1394)	Prec@1 96.094 (96.094)	Prec@5 100.000 (100.000)
Epoch: [27][10/40], lr: 0.01000	Loss 0.1835 (0.3310)	Prec@1 94.531 (90.554)	Prec@5 100.000 (99.787)
Epoch: [27][20/40], lr: 0.01000	Loss 0.3854 (0.2726)	Prec@1 86.719 (91.555)	Prec@5 99.219 (99.851)
Epoch: [27][30/40], lr: 0.01000	Loss 0.1048 (0.2307)	Prec@1 96.094 (92.742)	Prec@5 100.000 (99.874)
Epoch [27] Training Results: Prec@1 93.360 Prec@5 99.900             Loss 0.21378
Epoch [27] Training Class Recall: [0.954,0.891,0.651,0.768,0.918,0.924,0.981,0.970,0.992,0.997]

Epoch: [28][0/40], lr: 0.01000	Loss 0.1103 (0.1103)	Prec@1 96.875 (96.875)	Prec@5 100.000 (100.000)
Epoch: [28][10/40], lr: 0.01000	Loss 0.1107 (0.1039)	Prec@1 95.312 (96.520)	Prec@5 100.000 (100.000)
Epoch: [28][20/40], lr: 0.01000	Loss 0.0613 (0.1008)	Prec@1 99.219 (96.763)	Prec@5 100.000 (100.000)
Epoch: [28][30/40], lr: 0.01000	Loss 0.0282 (0.0954)	Prec@1 100.000 (97.026)	Prec@5 100.000 (100.000)
Epoch [28] Training Results: Prec@1 97.280 Prec@5 100.000             Loss 0.08852
Epoch [28] Training Class Recall: [0.975,0.919,0.789,0.929,0.974,0.986,0.998,0.996,1.000,1.000]

Epoch: [29][0/40], lr: 0.01000	Loss 0.0388 (0.0388)	Prec@1 97.656 (97.656)	Prec@5 100.000 (100.000)
Epoch: [29][10/40], lr: 0.01000	Loss 0.0272 (0.0486)	Prec@1 99.219 (98.580)	Prec@5 100.000 (100.000)
Epoch: [29][20/40], lr: 0.01000	Loss 0.0393 (0.0514)	Prec@1 98.438 (98.289)	Prec@5 100.000 (100.000)
Epoch: [29][30/40], lr: 0.01000	Loss 0.0270 (0.0547)	Prec@1 100.000 (98.286)	Prec@5 100.000 (100.000)
Epoch [29] Training Results: Prec@1 98.320 Prec@5 100.000             Loss 0.05339
Epoch [29] Training Class Recall: [0.975,0.955,0.849,0.973,0.987,1.000,0.998,1.000,1.000,1.000]

Epoch: [30][0/40], lr: 0.01000	Loss 0.0906 (0.0906)	Prec@1 96.875 (96.875)	Prec@5 100.000 (100.000)
Epoch: [30][10/40], lr: 0.01000	Loss 0.0883 (0.0576)	Prec@1 94.531 (97.798)	Prec@5 100.000 (100.000)
Epoch: [30][20/40], lr: 0.01000	Loss 0.0219 (0.0593)	Prec@1 100.000 (97.879)	Prec@5 100.000 (100.000)
Epoch: [30][30/40], lr: 0.01000	Loss 0.0162 (0.0549)	Prec@1 99.219 (98.110)	Prec@5 100.000 (100.000)
Epoch [30] Training Results: Prec@1 97.960 Prec@5 100.000             Loss 0.05837
Epoch [30] Training Class Recall: [0.974,0.950,0.832,0.967,0.977,0.994,1.000,0.998,1.000,0.996]

Epoch: [31][0/40], lr: 0.01000	Loss 0.1017 (0.1017)	Prec@1 96.094 (96.094)	Prec@5 100.000 (100.000)
Epoch: [31][10/40], lr: 0.01000	Loss 0.2679 (0.4300)	Prec@1 90.625 (87.784)	Prec@5 100.000 (99.787)
Epoch: [31][20/40], lr: 0.01000	Loss 0.1845 (0.3960)	Prec@1 95.312 (88.765)	Prec@5 100.000 (99.628)
Epoch: [31][30/40], lr: 0.01000	Loss 0.4137 (0.3482)	Prec@1 85.938 (89.567)	Prec@5 99.219 (99.723)
Epoch [31] Training Results: Prec@1 90.620 Prec@5 99.780             Loss 0.30700
Epoch [31] Training Class Recall: [0.946,0.801,0.539,0.759,0.803,0.907,0.937,0.959,0.992,0.992]

Epoch: [32][0/40], lr: 0.01000	Loss 0.0897 (0.0897)	Prec@1 99.219 (99.219)	Prec@5 100.000 (100.000)
Epoch: [32][10/40], lr: 0.01000	Loss 0.2028 (0.2515)	Prec@1 96.094 (92.756)	Prec@5 100.000 (99.929)
Epoch: [32][20/40], lr: 0.01000	Loss 0.1092 (0.2205)	Prec@1 96.875 (93.490)	Prec@5 100.000 (99.926)
Epoch: [32][30/40], lr: 0.01000	Loss 0.0988 (0.1920)	Prec@1 97.656 (94.279)	Prec@5 100.000 (99.924)
Epoch [32] Training Results: Prec@1 94.700 Prec@5 99.940             Loss 0.17641
Epoch [32] Training Class Recall: [0.961,0.796,0.728,0.875,0.911,0.957,0.990,0.981,0.998,0.992]

Epoch: [33][0/40], lr: 0.01000	Loss 0.0624 (0.0624)	Prec@1 98.438 (98.438)	Prec@5 100.000 (100.000)
Epoch: [33][10/40], lr: 0.01000	Loss 0.1120 (0.0883)	Prec@1 97.656 (97.088)	Prec@5 100.000 (100.000)
Epoch: [33][20/40], lr: 0.01000	Loss 0.0717 (0.0828)	Prec@1 97.656 (97.359)	Prec@5 100.000 (100.000)
Epoch: [33][30/40], lr: 0.01000	Loss 0.0419 (0.0830)	Prec@1 99.219 (97.379)	Prec@5 100.000 (100.000)
Epoch [33] Training Results: Prec@1 97.460 Prec@5 100.000             Loss 0.07890
Epoch [33] Training Class Recall: [0.975,0.946,0.776,0.943,0.964,0.992,0.997,0.998,1.000,1.000]

Epoch: [34][0/40], lr: 0.01000	Loss 0.1343 (0.1343)	Prec@1 96.094 (96.094)	Prec@5 100.000 (100.000)
Epoch: [34][10/40], lr: 0.01000	Loss 0.1207 (0.2500)	Prec@1 93.750 (91.974)	Prec@5 100.000 (99.929)
Epoch: [34][20/40], lr: 0.01000	Loss 0.1942 (0.2265)	Prec@1 92.969 (92.597)	Prec@5 100.000 (99.926)
Epoch: [34][30/40], lr: 0.01000	Loss 0.1620 (0.2049)	Prec@1 93.750 (93.070)	Prec@5 100.000 (99.924)
Epoch [34] Training Results: Prec@1 93.880 Prec@5 99.940             Loss 0.18211
Epoch [34] Training Class Recall: [0.969,0.873,0.647,0.827,0.898,0.936,0.963,0.989,0.986,0.996]

Epoch: [35][0/40], lr: 0.01000	Loss 0.0610 (0.0610)	Prec@1 97.656 (97.656)	Prec@5 100.000 (100.000)
Epoch: [35][10/40], lr: 0.01000	Loss 0.0697 (0.0903)	Prec@1 97.656 (96.946)	Prec@5 100.000 (100.000)
Epoch: [35][20/40], lr: 0.01000	Loss 0.0685 (0.0798)	Prec@1 98.438 (97.619)	Prec@5 100.000 (100.000)
Epoch: [35][30/40], lr: 0.01000	Loss 0.0508 (0.0722)	Prec@1 99.219 (97.858)	Prec@5 100.000 (100.000)
Epoch [35] Training Results: Prec@1 97.940 Prec@5 100.000             Loss 0.06886
Epoch [35] Training Class Recall: [0.970,0.955,0.866,0.938,0.977,0.995,0.998,1.000,1.000,1.000]

Epoch: [36][0/40], lr: 0.01000	Loss 0.0545 (0.0545)	Prec@1 98.438 (98.438)	Prec@5 100.000 (100.000)
Epoch: [36][10/40], lr: 0.01000	Loss 0.0282 (0.0431)	Prec@1 100.000 (98.651)	Prec@5 100.000 (100.000)
Epoch: [36][20/40], lr: 0.01000	Loss 0.0292 (0.0446)	Prec@1 100.000 (98.735)	Prec@5 100.000 (100.000)
Epoch: [36][30/40], lr: 0.01000	Loss 0.0245 (0.0483)	Prec@1 100.000 (98.690)	Prec@5 100.000 (100.000)
Epoch [36] Training Results: Prec@1 98.820 Prec@5 100.000             Loss 0.04439
Epoch [36] Training Class Recall: [0.985,0.982,0.879,0.976,0.997,0.997,0.998,1.000,1.000,1.000]

Epoch: [37][0/40], lr: 0.01000	Loss 0.0427 (0.0427)	Prec@1 98.438 (98.438)	Prec@5 100.000 (100.000)
Epoch: [37][10/40], lr: 0.01000	Loss 0.0556 (0.0448)	Prec@1 99.219 (98.651)	Prec@5 100.000 (100.000)
Epoch: [37][20/40], lr: 0.01000	Loss 0.0265 (0.0385)	Prec@1 99.219 (98.884)	Prec@5 100.000 (100.000)
Epoch: [37][30/40], lr: 0.01000	Loss 0.0303 (0.0348)	Prec@1 98.438 (99.042)	Prec@5 100.000 (100.000)
Epoch [37] Training Results: Prec@1 99.020 Prec@5 100.000             Loss 0.03349
Epoch [37] Training Class Recall: [0.986,0.986,0.918,0.973,0.997,0.997,1.000,1.000,0.998,1.000]

Epoch: [38][0/40], lr: 0.01000	Loss 0.0325 (0.0325)	Prec@1 99.219 (99.219)	Prec@5 100.000 (100.000)
Epoch: [38][10/40], lr: 0.01000	Loss 0.3024 (0.2135)	Prec@1 90.625 (93.750)	Prec@5 100.000 (100.000)
Epoch: [38][20/40], lr: 0.01000	Loss 0.1002 (0.1813)	Prec@1 95.312 (94.494)	Prec@5 100.000 (100.000)
Epoch: [38][30/40], lr: 0.01000	Loss 0.1615 (0.1609)	Prec@1 94.531 (95.010)	Prec@5 100.000 (99.975)
Epoch [38] Training Results: Prec@1 95.620 Prec@5 99.980             Loss 0.14516
Epoch [38] Training Class Recall: [0.977,0.891,0.767,0.878,0.905,0.965,0.965,0.991,0.996,1.000]

Epoch: [39][0/40], lr: 0.01000	Loss 0.1417 (0.1417)	Prec@1 95.312 (95.312)	Prec@5 100.000 (100.000)
Epoch: [39][10/40], lr: 0.01000	Loss 0.2287 (0.2532)	Prec@1 90.625 (91.832)	Prec@5 100.000 (100.000)
Epoch: [39][20/40], lr: 0.01000	Loss 0.1731 (0.2088)	Prec@1 95.312 (93.452)	Prec@5 99.219 (99.926)
Epoch: [39][30/40], lr: 0.01000	Loss 0.0862 (0.1736)	Prec@1 96.094 (94.733)	Prec@5 100.000 (99.950)
Epoch [39] Training Results: Prec@1 95.340 Prec@5 99.960             Loss 0.15347
Epoch [39] Training Class Recall: [0.928,0.937,0.784,0.902,0.889,0.969,0.998,0.991,0.992,0.996]

Epoch: [40][0/40], lr: 0.01000	Loss 0.0628 (0.0628)	Prec@1 100.000 (100.000)	Prec@5 100.000 (100.000)
Epoch: [40][10/40], lr: 0.01000	Loss 0.0394 (0.0584)	Prec@1 99.219 (98.580)	Prec@5 100.000 (100.000)
Epoch: [40][20/40], lr: 0.01000	Loss 0.0371 (0.0518)	Prec@1 98.438 (98.475)	Prec@5 100.000 (100.000)
Epoch: [40][30/40], lr: 0.01000	Loss 0.0220 (0.0484)	Prec@1 100.000 (98.538)	Prec@5 100.000 (100.000)
Epoch [40] Training Results: Prec@1 98.660 Prec@5 100.000             Loss 0.04506
Epoch [40] Training Class Recall: [0.980,0.977,0.901,0.967,0.984,0.995,1.000,1.000,1.000,1.000]

Epoch: [41][0/40], lr: 0.01000	Loss 0.0194 (0.0194)	Prec@1 100.000 (100.000)	Prec@5 100.000 (100.000)
Epoch: [41][10/40], lr: 0.01000	Loss 0.0263 (0.0658)	Prec@1 99.219 (97.798)	Prec@5 100.000 (100.000)
Epoch: [41][20/40], lr: 0.01000	Loss 0.0467 (0.0593)	Prec@1 98.438 (98.140)	Prec@5 100.000 (100.000)
Epoch: [41][30/40], lr: 0.01000	Loss 0.0292 (0.0497)	Prec@1 100.000 (98.589)	Prec@5 100.000 (100.000)
Epoch [41] Training Results: Prec@1 98.580 Prec@5 100.000             Loss 0.04745
Epoch [41] Training Class Recall: [0.985,0.977,0.909,0.967,0.974,0.990,0.998,0.991,1.000,1.000]

Epoch: [42][0/40], lr: 0.01000	Loss 0.0126 (0.0126)	Prec@1 100.000 (100.000)	Prec@5 100.000 (100.000)
Epoch: [42][10/40], lr: 0.01000	Loss 0.0112 (0.0637)	Prec@1 100.000 (97.869)	Prec@5 100.000 (100.000)
Epoch: [42][20/40], lr: 0.01000	Loss 0.0360 (0.0609)	Prec@1 99.219 (98.103)	Prec@5 100.000 (100.000)
Epoch: [42][30/40], lr: 0.01000	Loss 0.0601 (0.0559)	Prec@1 97.656 (98.211)	Prec@5 100.000 (100.000)
Epoch [42] Training Results: Prec@1 98.340 Prec@5 100.000             Loss 0.05231
Epoch [42] Training Class Recall: [0.984,0.923,0.914,0.967,0.984,0.992,1.000,0.994,0.988,1.000]

Epoch: [43][0/40], lr: 0.01000	Loss 0.0161 (0.0161)	Prec@1 100.000 (100.000)	Prec@5 100.000 (100.000)
Epoch: [43][10/40], lr: 0.01000	Loss 0.1392 (0.1470)	Prec@1 96.094 (95.455)	Prec@5 100.000 (100.000)
Epoch: [43][20/40], lr: 0.01000	Loss 0.1027 (0.1367)	Prec@1 96.094 (95.536)	Prec@5 100.000 (100.000)
Epoch: [43][30/40], lr: 0.01000	Loss 0.0625 (0.1148)	Prec@1 96.875 (96.144)	Prec@5 100.000 (100.000)
Epoch [43] Training Results: Prec@1 96.640 Prec@5 100.000             Loss 0.10057
Epoch [43] Training Class Recall: [0.974,0.910,0.819,0.917,0.957,0.960,0.993,0.985,1.000,0.996]

Epoch: [44][0/40], lr: 0.01000	Loss 0.0518 (0.0518)	Prec@1 99.219 (99.219)	Prec@5 100.000 (100.000)
Epoch: [44][10/40], lr: 0.01000	Loss 0.0611 (0.1016)	Prec@1 97.656 (96.236)	Prec@5 100.000 (100.000)
Epoch: [44][20/40], lr: 0.01000	Loss 0.0312 (0.0874)	Prec@1 99.219 (96.987)	Prec@5 100.000 (100.000)
Epoch: [44][30/40], lr: 0.01000	Loss 0.0598 (0.0746)	Prec@1 99.219 (97.505)	Prec@5 100.000 (100.000)
Epoch [44] Training Results: Prec@1 97.640 Prec@5 100.000             Loss 0.07253
Epoch [44] Training Class Recall: [0.974,0.955,0.871,0.938,0.984,0.994,0.991,1.000,0.972,0.996]

Epoch: [45][0/40], lr: 0.01000	Loss 0.1432 (0.1432)	Prec@1 96.094 (96.094)	Prec@5 100.000 (100.000)
Epoch: [45][10/40], lr: 0.01000	Loss 0.2011 (0.2258)	Prec@1 91.406 (92.614)	Prec@5 100.000 (99.929)
Epoch: [45][20/40], lr: 0.01000	Loss 0.0719 (0.1822)	Prec@1 97.656 (93.936)	Prec@5 100.000 (99.963)
Epoch: [45][30/40], lr: 0.01000	Loss 0.0869 (0.1551)	Prec@1 96.875 (94.859)	Prec@5 100.000 (99.975)
Epoch [45] Training Results: Prec@1 95.500 Prec@5 99.980             Loss 0.13669
Epoch [45] Training Class Recall: [0.963,0.905,0.815,0.872,0.931,0.931,0.991,0.987,0.994,0.996]

Epoch: [46][0/40], lr: 0.01000	Loss 0.1064 (0.1064)	Prec@1 96.875 (96.875)	Prec@5 100.000 (100.000)
Epoch: [46][10/40], lr: 0.01000	Loss 0.2110 (0.3532)	Prec@1 92.969 (89.489)	Prec@5 100.000 (99.858)
Epoch: [46][20/40], lr: 0.01000	Loss 0.1827 (0.2884)	Prec@1 93.750 (91.034)	Prec@5 100.000 (99.888)
Epoch: [46][30/40], lr: 0.01000	Loss 0.1618 (0.2541)	Prec@1 94.531 (92.036)	Prec@5 100.000 (99.924)
Epoch [46] Training Results: Prec@1 92.900 Prec@5 99.940             Loss 0.22252
Epoch [46] Training Class Recall: [0.901,0.814,0.720,0.833,0.928,0.953,0.988,0.978,0.986,0.974]

Epoch: [47][0/40], lr: 0.01000	Loss 0.0591 (0.0591)	Prec@1 98.438 (98.438)	Prec@5 100.000 (100.000)
Epoch: [47][10/40], lr: 0.01000	Loss 0.1389 (0.3402)	Prec@1 94.531 (91.193)	Prec@5 100.000 (99.290)
Epoch: [47][20/40], lr: 0.01000	Loss 0.1078 (0.2675)	Prec@1 96.094 (92.150)	Prec@5 100.000 (99.591)
Epoch: [47][30/40], lr: 0.01000	Loss 0.0784 (0.2161)	Prec@1 98.438 (93.473)	Prec@5 100.000 (99.723)
Epoch [47] Training Results: Prec@1 94.420 Prec@5 99.780             Loss 0.18891
Epoch [47] Training Class Recall: [0.958,0.887,0.716,0.863,0.830,0.971,0.986,0.970,0.994,0.993]

Epoch: [48][0/40], lr: 0.01000	Loss 0.0621 (0.0621)	Prec@1 98.438 (98.438)	Prec@5 100.000 (100.000)
Epoch: [48][10/40], lr: 0.01000	Loss 0.1259 (0.1045)	Prec@1 95.312 (96.378)	Prec@5 100.000 (100.000)
Epoch: [48][20/40], lr: 0.01000	Loss 0.0564 (0.0965)	Prec@1 97.656 (96.838)	Prec@5 100.000 (100.000)
Epoch: [48][30/40], lr: 0.01000	Loss 0.0945 (0.0852)	Prec@1 95.312 (97.203)	Prec@5 100.000 (100.000)
Epoch [48] Training Results: Prec@1 97.520 Prec@5 100.000             Loss 0.07676
Epoch [48] Training Class Recall: [0.980,0.900,0.819,0.943,0.977,0.995,0.998,0.978,1.000,1.000]

Epoch: [49][0/40], lr: 0.01000	Loss 0.0907 (0.0907)	Prec@1 96.875 (96.875)	Prec@5 100.000 (100.000)
Epoch: [49][10/40], lr: 0.01000	Loss 0.0397 (0.0471)	Prec@1 99.219 (98.651)	Prec@5 100.000 (100.000)
Epoch: [49][20/40], lr: 0.01000	Loss 0.0663 (0.0526)	Prec@1 99.219 (98.475)	Prec@5 100.000 (99.963)
Epoch: [49][30/40], lr: 0.01000	Loss 0.0107 (0.0492)	Prec@1 100.000 (98.639)	Prec@5 100.000 (99.975)
Epoch [49] Training Results: Prec@1 98.760 Prec@5 99.980             Loss 0.04553
Epoch [49] Training Class Recall: [0.973,0.968,0.948,0.973,0.987,0.998,0.998,0.998,1.000,1.000]

Epoch: [50][0/40], lr: 0.01000	Loss 0.0324 (0.0324)	Prec@1 100.000 (100.000)	Prec@5 100.000 (100.000)
Epoch: [50][10/40], lr: 0.01000	Loss 0.0950 (0.0952)	Prec@1 96.094 (97.159)	Prec@5 100.000 (100.000)
Epoch: [50][20/40], lr: 0.01000	Loss 0.0458 (0.0931)	Prec@1 98.438 (97.098)	Prec@5 100.000 (100.000)
Epoch: [50][30/40], lr: 0.01000	Loss 0.0678 (0.0820)	Prec@1 98.438 (97.530)	Prec@5 100.000 (100.000)
Epoch [50] Training Results: Prec@1 97.740 Prec@5 100.000             Loss 0.07353
Epoch [50] Training Class Recall: [0.964,0.973,0.858,0.932,0.977,0.992,0.998,0.996,1.000,1.000]

Epoch: [51][0/40], lr: 0.01000	Loss 0.0636 (0.0636)	Prec@1 96.875 (96.875)	Prec@5 100.000 (100.000)
Epoch: [51][10/40], lr: 0.01000	Loss 0.0089 (0.0278)	Prec@1 100.000 (99.290)	Prec@5 100.000 (100.000)
Epoch: [51][20/40], lr: 0.01000	Loss 0.0320 (0.0291)	Prec@1 99.219 (99.256)	Prec@5 100.000 (100.000)
Epoch: [51][30/40], lr: 0.01000	Loss 0.0098 (0.0294)	Prec@1 100.000 (99.269)	Prec@5 100.000 (100.000)
Epoch [51] Training Results: Prec@1 99.300 Prec@5 100.000             Loss 0.02840
Epoch [51] Training Class Recall: [0.992,0.977,0.944,0.985,0.990,1.000,1.000,1.000,0.998,1.000]

Epoch: [52][0/40], lr: 0.01000	Loss 0.0081 (0.0081)	Prec@1 100.000 (100.000)	Prec@5 100.000 (100.000)
Epoch: [52][10/40], lr: 0.01000	Loss 0.0151 (0.0150)	Prec@1 100.000 (99.929)	Prec@5 100.000 (100.000)
Epoch: [52][20/40], lr: 0.01000	Loss 0.0094 (0.0148)	Prec@1 100.000 (99.888)	Prec@5 100.000 (100.000)
Epoch: [52][30/40], lr: 0.01000	Loss 0.0122 (0.0160)	Prec@1 99.219 (99.773)	Prec@5 100.000 (100.000)
Epoch [52] Training Results: Prec@1 99.620 Prec@5 100.000             Loss 0.01690
Epoch [52] Training Class Recall: [0.996,0.986,0.961,0.994,0.997,1.000,1.000,1.000,1.000,1.000]

Epoch: [53][0/40], lr: 0.01000	Loss 0.0036 (0.0036)	Prec@1 100.000 (100.000)	Prec@5 100.000 (100.000)
Epoch: [53][10/40], lr: 0.01000	Loss 0.0517 (0.0265)	Prec@1 99.219 (99.290)	Prec@5 100.000 (100.000)
Epoch: [53][20/40], lr: 0.01000	Loss 0.0146 (0.0230)	Prec@1 99.219 (99.405)	Prec@5 100.000 (100.000)
Epoch: [53][30/40], lr: 0.01000	Loss 0.0080 (0.0209)	Prec@1 100.000 (99.471)	Prec@5 100.000 (100.000)
Epoch [53] Training Results: Prec@1 99.520 Prec@5 100.000             Loss 0.01945
Epoch [53] Training Class Recall: [0.993,0.991,0.970,0.991,0.997,0.994,1.000,1.000,1.000,1.000]

Epoch: [54][0/40], lr: 0.01000	Loss 0.0172 (0.0172)	Prec@1 99.219 (99.219)	Prec@5 100.000 (100.000)
Epoch: [54][10/40], lr: 0.01000	Loss 0.1084 (0.2122)	Prec@1 96.875 (94.105)	Prec@5 100.000 (99.716)
Epoch: [54][20/40], lr: 0.01000	Loss 0.1193 (0.1816)	Prec@1 96.875 (94.568)	Prec@5 100.000 (99.814)
Epoch: [54][30/40], lr: 0.01000	Loss 0.0796 (0.1501)	Prec@1 98.438 (95.338)	Prec@5 100.000 (99.874)
Epoch [54] Training Results: Prec@1 95.920 Prec@5 99.900             Loss 0.13014
Epoch [54] Training Class Recall: [0.960,0.937,0.866,0.890,0.951,0.971,0.988,0.918,0.998,0.996]

Epoch: [55][0/40], lr: 0.01000	Loss 0.1348 (0.1348)	Prec@1 94.531 (94.531)	Prec@5 100.000 (100.000)
Epoch: [55][10/40], lr: 0.01000	Loss 0.2317 (0.2687)	Prec@1 90.625 (92.543)	Prec@5 100.000 (99.503)
Epoch: [55][20/40], lr: 0.01000	Loss 0.0618 (0.2013)	Prec@1 99.219 (94.122)	Prec@5 100.000 (99.740)
Epoch: [55][30/40], lr: 0.01000	Loss 0.0513 (0.1684)	Prec@1 98.438 (95.136)	Prec@5 100.000 (99.824)
Epoch [55] Training Results: Prec@1 95.740 Prec@5 99.840             Loss 0.14888
Epoch [55] Training Class Recall: [0.962,0.900,0.841,0.908,0.866,0.974,0.991,0.987,0.984,0.988]

Epoch: [56][0/40], lr: 0.01000	Loss 0.0241 (0.0241)	Prec@1 100.000 (100.000)	Prec@5 100.000 (100.000)
Epoch: [56][10/40], lr: 0.01000	Loss 0.1797 (0.1115)	Prec@1 92.188 (96.520)	Prec@5 100.000 (100.000)
Epoch: [56][20/40], lr: 0.01000	Loss 0.0598 (0.1004)	Prec@1 97.656 (96.726)	Prec@5 100.000 (99.963)
Epoch: [56][30/40], lr: 0.01000	Loss 0.0441 (0.1085)	Prec@1 99.219 (96.774)	Prec@5 100.000 (99.924)
Epoch [56] Training Results: Prec@1 97.020 Prec@5 99.940             Loss 0.09989
Epoch [56] Training Class Recall: [0.984,0.914,0.871,0.923,0.954,0.968,0.991,0.994,0.992,0.984]

Epoch: [57][0/40], lr: 0.01000	Loss 0.1317 (0.1317)	Prec@1 96.094 (96.094)	Prec@5 100.000 (100.000)
Epoch: [57][10/40], lr: 0.01000	Loss 0.3126 (0.4554)	Prec@1 89.844 (86.293)	Prec@5 100.000 (99.787)
Epoch: [57][20/40], lr: 0.01000	Loss 0.1890 (0.3667)	Prec@1 94.531 (88.132)	Prec@5 100.000 (99.851)
Epoch: [57][30/40], lr: 0.01000	Loss 0.0892 (0.2937)	Prec@1 97.656 (90.474)	Prec@5 100.000 (99.899)
Epoch [57] Training Results: Prec@1 91.840 Prec@5 99.920             Loss 0.25438
Epoch [57] Training Class Recall: [0.937,0.864,0.720,0.801,0.793,0.870,0.976,0.970,0.990,0.991]

Epoch: [58][0/40], lr: 0.01000	Loss 0.1424 (0.1424)	Prec@1 92.969 (92.969)	Prec@5 100.000 (100.000)
Epoch: [58][10/40], lr: 0.01000	Loss 0.2581 (0.3765)	Prec@1 93.750 (88.423)	Prec@5 100.000 (99.574)
Epoch: [58][20/40], lr: 0.01000	Loss 0.1530 (0.3079)	Prec@1 96.094 (90.253)	Prec@5 100.000 (99.777)
Epoch: [58][30/40], lr: 0.01000	Loss 0.1953 (0.2525)	Prec@1 93.750 (91.986)	Prec@5 100.000 (99.824)
Epoch [58] Training Results: Prec@1 93.100 Prec@5 99.860             Loss 0.21924
Epoch [58] Training Class Recall: [0.964,0.805,0.668,0.839,0.879,0.936,0.963,0.989,0.988,0.966]

Epoch: [59][0/40], lr: 0.01000	Loss 0.1133 (0.1133)	Prec@1 96.875 (96.875)	Prec@5 100.000 (100.000)
Epoch: [59][10/40], lr: 0.01000	Loss 0.0583 (0.0671)	Prec@1 99.219 (98.295)	Prec@5 100.000 (100.000)
Epoch: [59][20/40], lr: 0.01000	Loss 0.0492 (0.0569)	Prec@1 98.438 (98.624)	Prec@5 100.000 (100.000)
Epoch: [59][30/40], lr: 0.01000	Loss 0.0204 (0.0522)	Prec@1 99.219 (98.715)	Prec@5 100.000 (100.000)
Epoch [59] Training Results: Prec@1 98.840 Prec@5 100.000             Loss 0.04727
Epoch [59] Training Class Recall: [0.989,0.955,0.901,0.979,0.993,0.994,0.998,1.000,1.000,1.000]

Epoch: [60][0/40], lr: 0.01000	Loss 0.0420 (0.0420)	Prec@1 99.219 (99.219)	Prec@5 100.000 (100.000)
Epoch: [60][10/40], lr: 0.01000	Loss 0.0304 (0.0433)	Prec@1 98.438 (98.793)	Prec@5 100.000 (100.000)
Epoch: [60][20/40], lr: 0.01000	Loss 0.0249 (0.0360)	Prec@1 100.000 (99.033)	Prec@5 100.000 (100.000)
Epoch: [60][30/40], lr: 0.01000	Loss 0.0134 (0.0330)	Prec@1 100.000 (99.143)	Prec@5 100.000 (100.000)
Epoch [60] Training Results: Prec@1 99.140 Prec@5 100.000             Loss 0.03180
Epoch [60] Training Class Recall: [0.986,0.977,0.957,0.967,0.997,0.998,0.998,1.000,1.000,1.000]

Epoch: [61][0/40], lr: 0.01000	Loss 0.0297 (0.0297)	Prec@1 98.438 (98.438)	Prec@5 100.000 (100.000)
Epoch: [61][10/40], lr: 0.01000	Loss 0.1180 (0.1395)	Prec@1 95.312 (95.241)	Prec@5 100.000 (100.000)
Epoch: [61][20/40], lr: 0.01000	Loss 0.1106 (0.1066)	Prec@1 94.531 (96.243)	Prec@5 100.000 (100.000)
Epoch: [61][30/40], lr: 0.01000	Loss 0.0617 (0.0941)	Prec@1 97.656 (96.774)	Prec@5 100.000 (100.000)
Epoch [61] Training Results: Prec@1 97.200 Prec@5 100.000             Loss 0.08382
Epoch [61] Training Class Recall: [0.980,0.946,0.897,0.932,0.954,0.989,0.986,0.944,0.988,1.000]

Epoch: [62][0/40], lr: 0.01000	Loss 0.0345 (0.0345)	Prec@1 99.219 (99.219)	Prec@5 100.000 (100.000)
Epoch: [62][10/40], lr: 0.01000	Loss 0.0529 (0.0444)	Prec@1 98.438 (98.722)	Prec@5 100.000 (100.000)
Epoch: [62][20/40], lr: 0.01000	Loss 0.0247 (0.0395)	Prec@1 99.219 (98.772)	Prec@5 100.000 (100.000)
Epoch: [62][30/40], lr: 0.01000	Loss 0.0105 (0.0338)	Prec@1 100.000 (98.967)	Prec@5 100.000 (100.000)
Epoch [62] Training Results: Prec@1 99.020 Prec@5 100.000             Loss 0.03308
Epoch [62] Training Class Recall: [0.989,0.982,0.918,0.967,0.997,0.997,0.998,1.000,1.000,1.000]

Epoch: [63][0/40], lr: 0.01000	Loss 0.0691 (0.0691)	Prec@1 97.656 (97.656)	Prec@5 100.000 (100.000)
Epoch: [63][10/40], lr: 0.01000	Loss 0.2994 (0.2226)	Prec@1 90.625 (92.969)	Prec@5 100.000 (100.000)
Epoch: [63][20/40], lr: 0.01000	Loss 0.1152 (0.2057)	Prec@1 96.094 (93.378)	Prec@5 100.000 (100.000)
Epoch: [63][30/40], lr: 0.01000	Loss 0.0822 (0.1742)	Prec@1 97.656 (94.405)	Prec@5 100.000 (100.000)
Epoch [63] Training Results: Prec@1 95.040 Prec@5 100.000             Loss 0.15514
Epoch [63] Training Class Recall: [0.971,0.923,0.698,0.878,0.964,0.928,0.984,0.987,0.972,0.992]

Epoch: [64][0/40], lr: 0.01000	Loss 0.0668 (0.0668)	Prec@1 97.656 (97.656)	Prec@5 100.000 (100.000)
Epoch: [64][10/40], lr: 0.01000	Loss 0.0536 (0.1617)	Prec@1 98.438 (94.673)	Prec@5 100.000 (100.000)
Epoch: [64][20/40], lr: 0.01000	Loss 0.0743 (0.1290)	Prec@1 96.094 (95.722)	Prec@5 100.000 (100.000)
Epoch: [64][30/40], lr: 0.01000	Loss 0.0268 (0.1072)	Prec@1 99.219 (96.648)	Prec@5 100.000 (99.975)
Epoch [64] Training Results: Prec@1 96.960 Prec@5 99.980             Loss 0.09953
Epoch [64] Training Class Recall: [0.983,0.932,0.793,0.938,0.970,0.984,0.995,0.944,0.998,0.997]

Epoch: [65][0/40], lr: 0.01000	Loss 0.0570 (0.0570)	Prec@1 97.656 (97.656)	Prec@5 100.000 (100.000)
Epoch: [65][10/40], lr: 0.01000	Loss 0.2019 (0.1179)	Prec@1 92.969 (96.165)	Prec@5 100.000 (99.929)
Epoch: [65][20/40], lr: 0.01000	Loss 0.1158 (0.1158)	Prec@1 96.875 (96.503)	Prec@5 100.000 (99.963)
Epoch: [65][30/40], lr: 0.01000	Loss 0.0999 (0.1059)	Prec@1 96.875 (96.774)	Prec@5 100.000 (99.975)
Epoch [65] Training Results: Prec@1 97.040 Prec@5 99.980             Loss 0.09577
Epoch [65] Training Class Recall: [0.969,0.919,0.806,0.946,0.951,0.981,0.993,0.996,0.996,0.999]

Epoch: [66][0/40], lr: 0.01000	Loss 0.0258 (0.0258)	Prec@1 99.219 (99.219)	Prec@5 100.000 (100.000)
Epoch: [66][10/40], lr: 0.01000	Loss 0.0511 (0.0496)	Prec@1 99.219 (98.722)	Prec@5 100.000 (99.929)
Epoch: [66][20/40], lr: 0.01000	Loss 0.0596 (0.0488)	Prec@1 97.656 (98.735)	Prec@5 100.000 (99.963)
Epoch: [66][30/40], lr: 0.01000	Loss 0.0279 (0.0435)	Prec@1 99.219 (98.866)	Prec@5 100.000 (99.975)
Epoch [66] Training Results: Prec@1 99.020 Prec@5 99.980             Loss 0.03898
Epoch [66] Training Class Recall: [0.980,0.982,0.927,0.994,0.987,1.000,0.997,1.000,1.000,1.000]

Epoch: [67][0/40], lr: 0.01000	Loss 0.0066 (0.0066)	Prec@1 100.000 (100.000)	Prec@5 100.000 (100.000)
Epoch: [67][10/40], lr: 0.01000	Loss 0.0824 (0.0530)	Prec@1 96.094 (98.153)	Prec@5 100.000 (100.000)
Epoch: [67][20/40], lr: 0.01000	Loss 0.0467 (0.0484)	Prec@1 97.656 (98.326)	Prec@5 100.000 (100.000)
Epoch: [67][30/40], lr: 0.01000	Loss 0.0078 (0.0403)	Prec@1 100.000 (98.690)	Prec@5 100.000 (100.000)
Epoch [67] Training Results: Prec@1 98.860 Prec@5 100.000             Loss 0.03632
Epoch [67] Training Class Recall: [0.988,0.937,0.940,0.982,0.987,0.992,0.997,1.000,1.000,1.000]

Epoch: [68][0/40], lr: 0.01000	Loss 0.0100 (0.0100)	Prec@1 100.000 (100.000)	Prec@5 100.000 (100.000)
Epoch: [68][10/40], lr: 0.01000	Loss 0.0143 (0.0150)	Prec@1 100.000 (99.716)	Prec@5 100.000 (100.000)
Epoch: [68][20/40], lr: 0.01000	Loss 0.0249 (0.0137)	Prec@1 99.219 (99.702)	Prec@5 100.000 (100.000)
Epoch: [68][30/40], lr: 0.01000	Loss 0.0142 (0.0158)	Prec@1 99.219 (99.647)	Prec@5 100.000 (100.000)
Epoch [68] Training Results: Prec@1 99.640 Prec@5 100.000             Loss 0.01533
Epoch [68] Training Class Recall: [0.995,1.000,0.961,0.991,1.000,0.998,1.000,1.000,1.000,1.000]

Epoch: [69][0/40], lr: 0.01000	Loss 0.0094 (0.0094)	Prec@1 100.000 (100.000)	Prec@5 100.000 (100.000)
Epoch: [69][10/40], lr: 0.01000	Loss 0.0243 (0.0528)	Prec@1 99.219 (98.366)	Prec@5 100.000 (100.000)
Epoch: [69][20/40], lr: 0.01000	Loss 0.0329 (0.0515)	Prec@1 98.438 (98.363)	Prec@5 100.000 (100.000)
Epoch: [69][30/40], lr: 0.01000	Loss 0.0270 (0.0439)	Prec@1 99.219 (98.639)	Prec@5 100.000 (100.000)
Epoch [69] Training Results: Prec@1 98.740 Prec@5 100.000             Loss 0.03995
Epoch [69] Training Class Recall: [0.993,0.968,0.927,0.982,0.984,0.976,1.000,0.996,1.000,0.995]

Epoch: [70][0/40], lr: 0.01000	Loss 0.0474 (0.0474)	Prec@1 98.438 (98.438)	Prec@5 100.000 (100.000)
Epoch: [70][10/40], lr: 0.01000	Loss 0.3579 (0.2508)	Prec@1 90.625 (92.614)	Prec@5 99.219 (99.858)
Epoch: [70][20/40], lr: 0.01000	Loss 0.1482 (0.2364)	Prec@1 94.531 (92.374)	Prec@5 100.000 (99.926)
Epoch: [70][30/40], lr: 0.01000	Loss 0.1135 (0.1954)	Prec@1 96.875 (93.624)	Prec@5 100.000 (99.924)
Epoch [70] Training Results: Prec@1 94.320 Prec@5 99.940             Loss 0.17733
Epoch [70] Training Class Recall: [0.959,0.882,0.716,0.887,0.810,0.961,0.988,0.987,0.982,0.988]

Epoch: [71][0/40], lr: 0.01000	Loss 0.1104 (0.1104)	Prec@1 95.312 (95.312)	Prec@5 100.000 (100.000)
Epoch: [71][10/40], lr: 0.01000	Loss 0.0412 (0.0615)	Prec@1 98.438 (97.940)	Prec@5 100.000 (99.929)
Epoch: [71][20/40], lr: 0.01000	Loss 0.0407 (0.0537)	Prec@1 98.438 (98.214)	Prec@5 100.000 (99.963)
Epoch: [71][30/40], lr: 0.01000	Loss 0.0175 (0.0473)	Prec@1 100.000 (98.412)	Prec@5 100.000 (99.975)
Epoch [71] Training Results: Prec@1 98.480 Prec@5 99.980             Loss 0.04496
Epoch [71] Training Class Recall: [0.987,0.964,0.884,0.958,0.980,0.995,0.995,0.998,1.000,0.999]

Epoch: [72][0/40], lr: 0.01000	Loss 0.0205 (0.0205)	Prec@1 99.219 (99.219)	Prec@5 100.000 (100.000)
Epoch: [72][10/40], lr: 0.01000	Loss 0.1906 (0.1217)	Prec@1 96.094 (96.591)	Prec@5 99.219 (99.929)
Epoch: [72][20/40], lr: 0.01000	Loss 0.0426 (0.0922)	Prec@1 98.438 (97.284)	Prec@5 100.000 (99.963)
Epoch: [72][30/40], lr: 0.01000	Loss 0.0470 (0.0793)	Prec@1 97.656 (97.606)	Prec@5 100.000 (99.950)
Epoch [72] Training Results: Prec@1 97.940 Prec@5 99.960             Loss 0.06892
Epoch [72] Training Class Recall: [0.974,0.941,0.901,0.961,0.970,0.979,0.993,0.998,0.998,1.000]

Epoch: [73][0/40], lr: 0.01000	Loss 0.1017 (0.1017)	Prec@1 97.656 (97.656)	Prec@5 100.000 (100.000)
Epoch: [73][10/40], lr: 0.01000	Loss 0.0945 (0.1979)	Prec@1 96.094 (94.460)	Prec@5 100.000 (99.858)
Epoch: [73][20/40], lr: 0.01000	Loss 0.0609 (0.1737)	Prec@1 99.219 (94.680)	Prec@5 100.000 (99.851)
Epoch: [73][30/40], lr: 0.01000	Loss 0.0652 (0.1393)	Prec@1 99.219 (95.817)	Prec@5 100.000 (99.899)
Epoch [73] Training Results: Prec@1 96.260 Prec@5 99.920             Loss 0.12123
Epoch [73] Training Class Recall: [0.935,0.950,0.793,0.935,0.964,0.971,0.995,0.996,0.986,0.999]

Epoch: [74][0/40], lr: 0.01000	Loss 0.0421 (0.0421)	Prec@1 98.438 (98.438)	Prec@5 100.000 (100.000)
Epoch: [74][10/40], lr: 0.01000	Loss 0.1141 (0.2586)	Prec@1 95.312 (92.614)	Prec@5 100.000 (99.787)
Epoch: [74][20/40], lr: 0.01000	Loss 0.1123 (0.2049)	Prec@1 94.531 (93.750)	Prec@5 100.000 (99.814)
Epoch: [74][30/40], lr: 0.01000	Loss 0.0554 (0.1703)	Prec@1 98.438 (94.607)	Prec@5 100.000 (99.824)
Epoch [74] Training Results: Prec@1 95.320 Prec@5 99.860             Loss 0.15068
Epoch [74] Training Class Recall: [0.961,0.950,0.711,0.815,0.957,0.974,0.988,0.991,0.992,0.986]

Epoch: [75][0/40], lr: 0.01000	Loss 0.0462 (0.0462)	Prec@1 98.438 (98.438)	Prec@5 100.000 (100.000)
Epoch: [75][10/40], lr: 0.01000	Loss 0.0459 (0.1576)	Prec@1 99.219 (95.241)	Prec@5 100.000 (99.929)
Epoch: [75][20/40], lr: 0.01000	Loss 0.0366 (0.1120)	Prec@1 99.219 (96.466)	Prec@5 100.000 (99.963)
Epoch: [75][30/40], lr: 0.01000	Loss 0.0736 (0.0960)	Prec@1 97.656 (97.077)	Prec@5 100.000 (99.975)
Epoch [75] Training Results: Prec@1 97.400 Prec@5 99.980             Loss 0.08623
Epoch [75] Training Class Recall: [0.976,0.900,0.905,0.887,0.961,0.987,0.998,1.000,0.998,0.997]

Epoch: [76][0/40], lr: 0.01000	Loss 0.0593 (0.0593)	Prec@1 98.438 (98.438)	Prec@5 100.000 (100.000)
Epoch: [76][10/40], lr: 0.01000	Loss 0.1677 (0.2596)	Prec@1 94.531 (92.756)	Prec@5 100.000 (99.645)
Epoch: [76][20/40], lr: 0.01000	Loss 0.0600 (0.1946)	Prec@1 99.219 (94.606)	Prec@5 100.000 (99.814)
Epoch: [76][30/40], lr: 0.01000	Loss 0.0712 (0.1559)	Prec@1 96.875 (95.615)	Prec@5 100.000 (99.874)
Epoch [76] Training Results: Prec@1 96.120 Prec@5 99.900             Loss 0.13631
Epoch [76] Training Class Recall: [0.973,0.941,0.845,0.923,0.921,0.968,0.943,0.972,0.996,1.000]

Epoch: [77][0/40], lr: 0.01000	Loss 0.0381 (0.0381)	Prec@1 99.219 (99.219)	Prec@5 100.000 (100.000)
Epoch: [77][10/40], lr: 0.01000	Loss 0.2865 (0.2891)	Prec@1 90.625 (90.909)	Prec@5 100.000 (99.503)
Epoch: [77][20/40], lr: 0.01000	Loss 0.1142 (0.2265)	Prec@1 96.875 (93.080)	Prec@5 100.000 (99.702)
Epoch: [77][30/40], lr: 0.01000	Loss 0.1722 (0.1895)	Prec@1 93.750 (94.254)	Prec@5 100.000 (99.773)
Epoch [77] Training Results: Prec@1 94.980 Prec@5 99.820             Loss 0.16368
Epoch [77] Training Class Recall: [0.954,0.851,0.784,0.884,0.918,0.986,0.983,0.991,0.998,0.955]

Epoch: [78][0/40], lr: 0.01000	Loss 0.0632 (0.0632)	Prec@1 97.656 (97.656)	Prec@5 100.000 (100.000)
Epoch: [78][10/40], lr: 0.01000	Loss 0.0316 (0.0559)	Prec@1 99.219 (98.153)	Prec@5 100.000 (100.000)
Epoch: [78][20/40], lr: 0.01000	Loss 0.0224 (0.0486)	Prec@1 100.000 (98.512)	Prec@5 100.000 (100.000)
Epoch: [78][30/40], lr: 0.01000	Loss 0.0537 (0.0473)	Prec@1 98.438 (98.488)	Prec@5 100.000 (100.000)
Epoch [78] Training Results: Prec@1 98.660 Prec@5 100.000             Loss 0.04513
Epoch [78] Training Class Recall: [0.987,0.950,0.931,0.958,0.980,0.995,0.995,1.000,0.998,1.000]

Epoch: [79][0/40], lr: 0.01000	Loss 0.0154 (0.0154)	Prec@1 100.000 (100.000)	Prec@5 100.000 (100.000)
Epoch: [79][10/40], lr: 0.01000	Loss 0.0260 (0.0513)	Prec@1 99.219 (98.011)	Prec@5 100.000 (100.000)
Epoch: [79][20/40], lr: 0.01000	Loss 0.0237 (0.0415)	Prec@1 99.219 (98.586)	Prec@5 100.000 (100.000)
Epoch: [79][30/40], lr: 0.01000	Loss 0.0239 (0.0397)	Prec@1 99.219 (98.690)	Prec@5 100.000 (100.000)
Epoch [79] Training Results: Prec@1 98.820 Prec@5 100.000             Loss 0.03796
Epoch [79] Training Class Recall: [0.993,0.964,0.940,0.970,0.974,0.986,0.997,0.998,1.000,1.000]

Epoch: [80][0/40], lr: 0.01000	Loss 0.0291 (0.0291)	Prec@1 98.438 (98.438)	Prec@5 100.000 (100.000)
Epoch: [80][10/40], lr: 0.01000	Loss 0.0171 (0.0190)	Prec@1 99.219 (99.361)	Prec@5 100.000 (100.000)
Epoch: [80][20/40], lr: 0.01000	Loss 0.0384 (0.0192)	Prec@1 98.438 (99.479)	Prec@5 100.000 (100.000)
Epoch: [80][30/40], lr: 0.01000	Loss 0.0311 (0.0200)	Prec@1 99.219 (99.420)	Prec@5 100.000 (100.000)
Epoch [80] Training Results: Prec@1 99.460 Prec@5 100.000             Loss 0.01999
Epoch [80] Training Class Recall: [0.994,0.986,0.974,0.979,0.987,1.000,1.000,0.998,1.000,1.000]

Epoch: [81][0/40], lr: 0.01000	Loss 0.0062 (0.0062)	Prec@1 100.000 (100.000)	Prec@5 100.000 (100.000)
Epoch: [81][10/40], lr: 0.01000	Loss 0.0853 (0.1164)	Prec@1 97.656 (97.301)	Prec@5 100.000 (99.787)
Epoch: [81][20/40], lr: 0.01000	Loss 0.0597 (0.1148)	Prec@1 98.438 (97.061)	Prec@5 100.000 (99.851)
Epoch: [81][30/40], lr: 0.01000	Loss 0.0186 (0.0955)	Prec@1 99.219 (97.354)	Prec@5 100.000 (99.899)
Epoch [81] Training Results: Prec@1 97.660 Prec@5 99.920             Loss 0.08457
Epoch [81] Training Class Recall: [0.975,0.855,0.901,0.946,0.990,0.987,0.998,0.991,0.998,0.997]

Epoch: [82][0/40], lr: 0.01000	Loss 0.0185 (0.0185)	Prec@1 100.000 (100.000)	Prec@5 100.000 (100.000)
Epoch: [82][10/40], lr: 0.01000	Loss 0.0361 (0.0270)	Prec@1 99.219 (99.219)	Prec@5 100.000 (100.000)
Epoch: [82][20/40], lr: 0.01000	Loss 0.0110 (0.0233)	Prec@1 100.000 (99.330)	Prec@5 100.000 (100.000)
Epoch: [82][30/40], lr: 0.01000	Loss 0.0108 (0.0211)	Prec@1 99.219 (99.370)	Prec@5 100.000 (100.000)
Epoch [82] Training Results: Prec@1 99.400 Prec@5 100.000             Loss 0.02133
Epoch [82] Training Class Recall: [0.992,0.977,0.957,0.982,0.997,1.000,1.000,1.000,1.000,1.000]

Epoch: [83][0/40], lr: 0.01000	Loss 0.0054 (0.0054)	Prec@1 100.000 (100.000)	Prec@5 100.000 (100.000)
Epoch: [83][10/40], lr: 0.01000	Loss 0.0372 (0.0466)	Prec@1 99.219 (98.793)	Prec@5 100.000 (100.000)
Epoch: [83][20/40], lr: 0.01000	Loss 0.0140 (0.0417)	Prec@1 100.000 (98.810)	Prec@5 100.000 (100.000)
Epoch: [83][30/40], lr: 0.01000	Loss 0.0232 (0.0396)	Prec@1 99.219 (98.916)	Prec@5 100.000 (100.000)
Epoch [83] Training Results: Prec@1 99.020 Prec@5 100.000             Loss 0.03681
Epoch [83] Training Class Recall: [0.981,0.995,0.953,0.976,0.993,0.995,0.998,0.998,0.998,0.997]

Epoch: [84][0/40], lr: 0.01000	Loss 0.0117 (0.0117)	Prec@1 100.000 (100.000)	Prec@5 100.000 (100.000)
Epoch: [84][10/40], lr: 0.01000	Loss 0.1305 (0.2200)	Prec@1 94.531 (93.892)	Prec@5 100.000 (99.645)
Epoch: [84][20/40], lr: 0.01000	Loss 0.0346 (0.1638)	Prec@1 99.219 (95.164)	Prec@5 100.000 (99.814)
Epoch: [84][30/40], lr: 0.01000	Loss 0.0120 (0.1295)	Prec@1 100.000 (96.169)	Prec@5 100.000 (99.874)
Epoch [84] Training Results: Prec@1 96.700 Prec@5 99.900             Loss 0.11242
Epoch [84] Training Class Recall: [0.945,0.950,0.815,0.935,0.970,0.977,0.993,0.989,0.998,0.999]

Epoch: [85][0/40], lr: 0.01000	Loss 0.0288 (0.0288)	Prec@1 99.219 (99.219)	Prec@5 100.000 (100.000)
Epoch: [85][10/40], lr: 0.01000	Loss 0.0317 (0.0317)	Prec@1 99.219 (99.361)	Prec@5 100.000 (100.000)
Epoch: [85][20/40], lr: 0.01000	Loss 0.0200 (0.0327)	Prec@1 100.000 (99.182)	Prec@5 100.000 (100.000)
Epoch: [85][30/40], lr: 0.01000	Loss 0.0170 (0.0325)	Prec@1 99.219 (99.143)	Prec@5 100.000 (100.000)
Epoch [85] Training Results: Prec@1 99.180 Prec@5 100.000             Loss 0.03042
Epoch [85] Training Class Recall: [0.987,0.973,0.944,0.985,0.990,0.998,1.000,1.000,1.000,1.000]

Epoch: [86][0/40], lr: 0.01000	Loss 0.0095 (0.0095)	Prec@1 100.000 (100.000)	Prec@5 100.000 (100.000)
Epoch: [86][10/40], lr: 0.01000	Loss 0.0208 (0.0207)	Prec@1 100.000 (99.503)	Prec@5 100.000 (100.000)
Epoch: [86][20/40], lr: 0.01000	Loss 0.0175 (0.0191)	Prec@1 99.219 (99.479)	Prec@5 100.000 (100.000)
Epoch: [86][30/40], lr: 0.01000	Loss 0.0029 (0.0165)	Prec@1 100.000 (99.572)	Prec@5 100.000 (100.000)
Epoch [86] Training Results: Prec@1 99.580 Prec@5 100.000             Loss 0.01555
Epoch [86] Training Class Recall: [0.991,0.991,0.974,0.991,0.997,1.000,1.000,1.000,1.000,1.000]

Epoch: [87][0/40], lr: 0.01000	Loss 0.0027 (0.0027)	Prec@1 100.000 (100.000)	Prec@5 100.000 (100.000)
Epoch: [87][10/40], lr: 0.01000	Loss 0.0100 (0.0105)	Prec@1 100.000 (99.929)	Prec@5 100.000 (100.000)
Epoch: [87][20/40], lr: 0.01000	Loss 0.0042 (0.0124)	Prec@1 100.000 (99.777)	Prec@5 100.000 (100.000)
Epoch: [87][30/40], lr: 0.01000	Loss 0.0067 (0.0113)	Prec@1 100.000 (99.798)	Prec@5 100.000 (100.000)
Epoch [87] Training Results: Prec@1 99.820 Prec@5 100.000             Loss 0.01058
Epoch [87] Training Class Recall: [0.995,0.995,0.996,1.000,1.000,0.998,1.000,0.998,1.000,1.000]

Epoch: [88][0/40], lr: 0.01000	Loss 0.0047 (0.0047)	Prec@1 100.000 (100.000)	Prec@5 100.000 (100.000)
Epoch: [88][10/40], lr: 0.01000	Loss 0.0905 (0.0769)	Prec@1 96.875 (97.443)	Prec@5 100.000 (100.000)
Epoch: [88][20/40], lr: 0.01000	Loss 0.0420 (0.0666)	Prec@1 97.656 (97.805)	Prec@5 100.000 (99.963)
Epoch: [88][30/40], lr: 0.01000	Loss 0.0126 (0.0567)	Prec@1 100.000 (98.034)	Prec@5 100.000 (99.975)
Epoch [88] Training Results: Prec@1 98.280 Prec@5 99.980             Loss 0.04904
Epoch [88] Training Class Recall: [0.990,0.977,0.940,0.958,0.980,0.974,0.998,0.959,0.998,1.000]

Epoch: [89][0/40], lr: 0.01000	Loss 0.0150 (0.0150)	Prec@1 100.000 (100.000)	Prec@5 100.000 (100.000)
Epoch: [89][10/40], lr: 0.01000	Loss 0.0933 (0.0417)	Prec@1 98.438 (99.148)	Prec@5 100.000 (100.000)
Epoch: [89][20/40], lr: 0.01000	Loss 0.0316 (0.0511)	Prec@1 99.219 (98.698)	Prec@5 100.000 (99.926)
Epoch: [89][30/40], lr: 0.01000	Loss 0.0216 (0.0442)	Prec@1 99.219 (98.816)	Prec@5 100.000 (99.950)
Epoch [89] Training Results: Prec@1 98.960 Prec@5 99.960             Loss 0.03868
Epoch [89] Training Class Recall: [0.983,0.986,0.901,0.979,1.000,0.997,1.000,1.000,1.000,1.000]

Epoch: [90][0/40], lr: 0.01000	Loss 0.0097 (0.0097)	Prec@1 100.000 (100.000)	Prec@5 100.000 (100.000)
Epoch: [90][10/40], lr: 0.01000	Loss 0.0610 (0.0232)	Prec@1 97.656 (99.148)	Prec@5 100.000 (100.000)
Epoch: [90][20/40], lr: 0.01000	Loss 0.0157 (0.0263)	Prec@1 100.000 (99.144)	Prec@5 100.000 (100.000)
Epoch: [90][30/40], lr: 0.01000	Loss 0.0174 (0.0219)	Prec@1 100.000 (99.320)	Prec@5 100.000 (100.000)
Epoch [90] Training Results: Prec@1 99.360 Prec@5 100.000             Loss 0.02072
Epoch [90] Training Class Recall: [0.993,0.991,0.953,0.979,0.984,1.000,1.000,1.000,1.000,1.000]

Epoch: [91][0/40], lr: 0.01000	Loss 0.0152 (0.0152)	Prec@1 99.219 (99.219)	Prec@5 100.000 (100.000)
Epoch: [91][10/40], lr: 0.01000	Loss 0.1207 (0.1080)	Prec@1 97.656 (97.017)	Prec@5 100.000 (100.000)
Epoch: [91][20/40], lr: 0.01000	Loss 0.0348 (0.0814)	Prec@1 98.438 (97.507)	Prec@5 100.000 (100.000)
Epoch: [91][30/40], lr: 0.01000	Loss 0.0046 (0.0629)	Prec@1 100.000 (98.185)	Prec@5 100.000 (100.000)
Epoch [91] Training Results: Prec@1 98.380 Prec@5 100.000             Loss 0.05501
Epoch [91] Training Class Recall: [0.990,0.968,0.948,0.970,0.954,0.989,0.963,1.000,1.000,1.000]

Epoch: [92][0/40], lr: 0.01000	Loss 0.0489 (0.0489)	Prec@1 98.438 (98.438)	Prec@5 100.000 (100.000)
Epoch: [92][10/40], lr: 0.01000	Loss 0.0052 (0.0157)	Prec@1 100.000 (99.645)	Prec@5 100.000 (100.000)
Epoch: [92][20/40], lr: 0.01000	Loss 0.0050 (0.0138)	Prec@1 100.000 (99.665)	Prec@5 100.000 (100.000)
Epoch: [92][30/40], lr: 0.01000	Loss 0.0113 (0.0112)	Prec@1 100.000 (99.773)	Prec@5 100.000 (100.000)
Epoch [92] Training Results: Prec@1 99.780 Prec@5 100.000             Loss 0.01075
Epoch [92] Training Class Recall: [0.995,1.000,0.987,0.997,0.997,0.998,1.000,1.000,1.000,1.000]

Epoch: [93][0/40], lr: 0.01000	Loss 0.0023 (0.0023)	Prec@1 100.000 (100.000)	Prec@5 100.000 (100.000)
Epoch: [93][10/40], lr: 0.01000	Loss 0.0031 (0.0039)	Prec@1 100.000 (99.929)	Prec@5 100.000 (100.000)
Epoch: [93][20/40], lr: 0.01000	Loss 0.0055 (0.0049)	Prec@1 100.000 (99.926)	Prec@5 100.000 (100.000)
Epoch: [93][30/40], lr: 0.01000	Loss 0.0213 (0.0060)	Prec@1 98.438 (99.849)	Prec@5 100.000 (100.000)
Epoch [93] Training Results: Prec@1 99.880 Prec@5 100.000             Loss 0.00573
Epoch [93] Training Class Recall: [0.999,0.995,0.991,0.994,1.000,1.000,1.000,1.000,1.000,1.000]

Epoch: [94][0/40], lr: 0.01000	Loss 0.0047 (0.0047)	Prec@1 100.000 (100.000)	Prec@5 100.000 (100.000)
Epoch: [94][10/40], lr: 0.01000	Loss 0.0046 (0.0038)	Prec@1 100.000 (100.000)	Prec@5 100.000 (100.000)
Epoch: [94][20/40], lr: 0.01000	Loss 0.0043 (0.0049)	Prec@1 100.000 (99.926)	Prec@5 100.000 (100.000)
Epoch: [94][30/40], lr: 0.01000	Loss 0.0052 (0.0053)	Prec@1 100.000 (99.899)	Prec@5 100.000 (100.000)
Epoch [94] Training Results: Prec@1 99.880 Prec@5 100.000             Loss 0.00556
Epoch [94] Training Class Recall: [0.997,0.991,0.996,1.000,1.000,1.000,1.000,1.000,1.000,1.000]

Epoch: [95][0/40], lr: 0.01000	Loss 0.0042 (0.0042)	Prec@1 100.000 (100.000)	Prec@5 100.000 (100.000)
Epoch: [95][10/40], lr: 0.01000	Loss 0.0193 (0.0059)	Prec@1 99.219 (99.929)	Prec@5 100.000 (100.000)
Epoch: [95][20/40], lr: 0.01000	Loss 0.0160 (0.0074)	Prec@1 98.438 (99.851)	Prec@5 100.000 (100.000)
Epoch: [95][30/40], lr: 0.01000	Loss 0.0037 (0.0070)	Prec@1 100.000 (99.849)	Prec@5 100.000 (100.000)
Epoch [95] Training Results: Prec@1 99.840 Prec@5 100.000             Loss 0.00758
Epoch [95] Training Class Recall: [0.996,0.991,0.996,1.000,0.997,1.000,1.000,1.000,1.000,1.000]

Epoch: [96][0/40], lr: 0.01000	Loss 0.0050 (0.0050)	Prec@1 100.000 (100.000)	Prec@5 100.000 (100.000)
Epoch: [96][10/40], lr: 0.01000	Loss 0.0479 (0.1371)	Prec@1 99.219 (96.165)	Prec@5 100.000 (99.929)
Epoch: [96][20/40], lr: 0.01000	Loss 0.1173 (0.1106)	Prec@1 96.094 (96.912)	Prec@5 100.000 (99.963)
Epoch: [96][30/40], lr: 0.01000	Loss 0.0215 (0.0873)	Prec@1 99.219 (97.505)	Prec@5 100.000 (99.975)
Epoch [96] Training Results: Prec@1 97.740 Prec@5 99.980             Loss 0.07844
Epoch [96] Training Class Recall: [0.967,0.991,0.888,0.946,0.938,0.982,0.998,1.000,0.998,0.997]

Epoch: [97][0/40], lr: 0.01000	Loss 0.0695 (0.0695)	Prec@1 98.438 (98.438)	Prec@5 100.000 (100.000)
Epoch: [97][10/40], lr: 0.01000	Loss 0.0026 (0.0268)	Prec@1 100.000 (99.219)	Prec@5 100.000 (100.000)
Epoch: [97][20/40], lr: 0.01000	Loss 0.0055 (0.0211)	Prec@1 100.000 (99.479)	Prec@5 100.000 (100.000)
Epoch: [97][30/40], lr: 0.01000	Loss 0.0040 (0.0177)	Prec@1 100.000 (99.546)	Prec@5 100.000 (100.000)
Epoch [97] Training Results: Prec@1 99.580 Prec@5 100.000             Loss 0.01594
Epoch [97] Training Class Recall: [0.993,0.995,0.978,0.994,0.990,0.997,1.000,1.000,1.000,0.999]

Epoch: [98][0/40], lr: 0.01000	Loss 0.0060 (0.0060)	Prec@1 100.000 (100.000)	Prec@5 100.000 (100.000)
Epoch: [98][10/40], lr: 0.01000	Loss 0.0653 (0.0908)	Prec@1 96.875 (97.017)	Prec@5 100.000 (99.929)
Epoch: [98][20/40], lr: 0.01000	Loss 0.0496 (0.0801)	Prec@1 97.656 (97.433)	Prec@5 100.000 (99.926)
Epoch: [98][30/40], lr: 0.01000	Loss 0.0052 (0.0680)	Prec@1 100.000 (97.883)	Prec@5 100.000 (99.950)
Epoch [98] Training Results: Prec@1 98.180 Prec@5 99.960             Loss 0.05978
Epoch [98] Training Class Recall: [0.968,0.973,0.905,0.979,0.974,0.995,1.000,0.998,0.982,0.996]

Epoch: [99][0/40], lr: 0.01000	Loss 0.0217 (0.0217)	Prec@1 100.000 (100.000)	Prec@5 100.000 (100.000)
Epoch: [99][10/40], lr: 0.01000	Loss 0.0816 (0.0986)	Prec@1 96.094 (96.449)	Prec@5 100.000 (100.000)
Epoch: [99][20/40], lr: 0.01000	Loss 0.2192 (0.0959)	Prec@1 94.531 (96.838)	Prec@5 100.000 (100.000)
Epoch: [99][30/40], lr: 0.01000	Loss 0.0310 (0.0799)	Prec@1 99.219 (97.480)	Prec@5 100.000 (100.000)
Epoch [99] Training Results: Prec@1 97.800 Prec@5 100.000             Loss 0.07051
Epoch [99] Training Class Recall: [0.988,0.941,0.892,0.964,0.931,0.979,0.998,0.996,0.978,1.000]

Epoch: [100][0/40], lr: 0.01000	Loss 0.0189 (0.0189)	Prec@1 100.000 (100.000)	Prec@5 100.000 (100.000)
Epoch: [100][10/40], lr: 0.01000	Loss 0.1243 (0.0939)	Prec@1 96.875 (97.372)	Prec@5 100.000 (100.000)
Epoch: [100][20/40], lr: 0.01000	Loss 0.0404 (0.0795)	Prec@1 97.656 (97.396)	Prec@5 100.000 (100.000)
Epoch: [100][30/40], lr: 0.01000	Loss 0.0258 (0.0725)	Prec@1 100.000 (97.581)	Prec@5 100.000 (100.000)
Epoch [100] Training Results: Prec@1 97.820 Prec@5 100.000             Loss 0.06772
Epoch [100] Training Class Recall: [0.965,0.991,0.871,0.940,0.993,0.984,1.000,0.994,0.988,0.999]

Epoch: [101][0/40], lr: 0.01000	Loss 0.0405 (0.0405)	Prec@1 99.219 (99.219)	Prec@5 100.000 (100.000)
Epoch: [101][10/40], lr: 0.01000	Loss 0.1845 (0.2195)	Prec@1 96.094 (94.460)	Prec@5 99.219 (99.858)
Epoch: [101][20/40], lr: 0.01000	Loss 0.1033 (0.1914)	Prec@1 94.531 (94.568)	Prec@5 100.000 (99.888)
Epoch: [101][30/40], lr: 0.01000	Loss 0.0333 (0.1482)	Prec@1 98.438 (95.716)	Prec@5 100.000 (99.924)
Epoch [101] Training Results: Prec@1 96.360 Prec@5 99.920             Loss 0.12892
Epoch [101] Training Class Recall: [0.977,0.950,0.853,0.890,0.980,0.973,0.986,0.907,0.996,0.999]

Epoch: [102][0/40], lr: 0.01000	Loss 0.0182 (0.0182)	Prec@1 99.219 (99.219)	Prec@5 100.000 (100.000)
Epoch: [102][10/40], lr: 0.01000	Loss 0.0508 (0.0327)	Prec@1 98.438 (99.077)	Prec@5 100.000 (100.000)
Epoch: [102][20/40], lr: 0.01000	Loss 0.0490 (0.0315)	Prec@1 99.219 (99.256)	Prec@5 100.000 (100.000)
Epoch: [102][30/40], lr: 0.01000	Loss 0.0176 (0.0278)	Prec@1 99.219 (99.370)	Prec@5 100.000 (100.000)
Epoch [102] Training Results: Prec@1 99.380 Prec@5 99.980             Loss 0.02655
Epoch [102] Training Class Recall: [0.995,0.982,0.961,0.976,0.993,0.997,1.000,0.998,1.000,1.000]

Epoch: [103][0/40], lr: 0.01000	Loss 0.0305 (0.0305)	Prec@1 98.438 (98.438)	Prec@5 100.000 (100.000)
Epoch: [103][10/40], lr: 0.01000	Loss 0.1170 (0.1495)	Prec@1 96.875 (94.318)	Prec@5 100.000 (99.929)
Epoch: [103][20/40], lr: 0.01000	Loss 0.0498 (0.1162)	Prec@1 99.219 (95.759)	Prec@5 100.000 (99.963)
Epoch: [103][30/40], lr: 0.01000	Loss 0.0117 (0.0972)	Prec@1 100.000 (96.522)	Prec@5 100.000 (99.975)
Epoch [103] Training Results: Prec@1 96.860 Prec@5 99.980             Loss 0.08982
Epoch [103] Training Class Recall: [0.966,0.855,0.841,0.935,0.967,0.992,0.998,0.989,0.982,0.997]

Epoch: [104][0/40], lr: 0.01000	Loss 0.0506 (0.0506)	Prec@1 97.656 (97.656)	Prec@5 100.000 (100.000)
Epoch: [104][10/40], lr: 0.01000	Loss 0.0863 (0.0392)	Prec@1 96.875 (98.793)	Prec@5 100.000 (100.000)
Epoch: [104][20/40], lr: 0.01000	Loss 0.0161 (0.0302)	Prec@1 100.000 (99.144)	Prec@5 100.000 (100.000)
Epoch: [104][30/40], lr: 0.01000	Loss 0.0105 (0.0268)	Prec@1 100.000 (99.294)	Prec@5 100.000 (100.000)
Epoch [104] Training Results: Prec@1 99.360 Prec@5 100.000             Loss 0.02469
Epoch [104] Training Class Recall: [0.986,0.982,0.961,0.991,1.000,0.998,0.998,1.000,1.000,1.000]

Epoch: [105][0/40], lr: 0.01000	Loss 0.0352 (0.0352)	Prec@1 98.438 (98.438)	Prec@5 100.000 (100.000)
Epoch: [105][10/40], lr: 0.01000	Loss 0.2637 (0.1901)	Prec@1 92.969 (94.531)	Prec@5 100.000 (99.787)
Epoch: [105][20/40], lr: 0.01000	Loss 0.0944 (0.1533)	Prec@1 97.656 (95.089)	Prec@5 100.000 (99.888)
Epoch: [105][30/40], lr: 0.01000	Loss 0.0463 (0.1306)	Prec@1 97.656 (95.640)	Prec@5 100.000 (99.924)
Epoch [105] Training Results: Prec@1 96.220 Prec@5 99.940             Loss 0.11486
Epoch [105] Training Class Recall: [0.977,0.914,0.871,0.872,0.938,0.939,0.993,0.987,0.996,0.993]

Epoch: [106][0/40], lr: 0.01000	Loss 0.1021 (0.1021)	Prec@1 96.875 (96.875)	Prec@5 100.000 (100.000)
Epoch: [106][10/40], lr: 0.01000	Loss 0.1285 (0.1295)	Prec@1 96.875 (96.449)	Prec@5 99.219 (99.929)
Epoch: [106][20/40], lr: 0.01000	Loss 0.0578 (0.1135)	Prec@1 96.875 (96.726)	Prec@5 100.000 (99.963)
Epoch: [106][30/40], lr: 0.01000	Loss 0.0652 (0.1005)	Prec@1 97.656 (97.026)	Prec@5 100.000 (99.975)
Epoch [106] Training Results: Prec@1 97.360 Prec@5 99.980             Loss 0.08699
Epoch [106] Training Class Recall: [0.978,0.923,0.888,0.863,0.990,0.984,0.997,0.994,0.996,0.999]

Epoch: [107][0/40], lr: 0.01000	Loss 0.0179 (0.0179)	Prec@1 100.000 (100.000)	Prec@5 100.000 (100.000)
Epoch: [107][10/40], lr: 0.01000	Loss 0.0622 (0.0744)	Prec@1 99.219 (97.940)	Prec@5 100.000 (100.000)
Epoch: [107][20/40], lr: 0.01000	Loss 0.0509 (0.0673)	Prec@1 98.438 (98.140)	Prec@5 100.000 (100.000)
Epoch: [107][30/40], lr: 0.01000	Loss 0.0364 (0.0574)	Prec@1 97.656 (98.311)	Prec@5 100.000 (100.000)
Epoch [107] Training Results: Prec@1 98.480 Prec@5 100.000             Loss 0.05153
Epoch [107] Training Class Recall: [0.973,0.950,0.931,0.973,0.993,0.987,0.998,1.000,0.998,0.999]

Epoch: [108][0/40], lr: 0.01000	Loss 0.0332 (0.0332)	Prec@1 98.438 (98.438)	Prec@5 100.000 (100.000)
Epoch: [108][10/40], lr: 0.01000	Loss 0.1164 (0.1413)	Prec@1 96.875 (96.023)	Prec@5 100.000 (99.716)
Epoch: [108][20/40], lr: 0.01000	Loss 0.0345 (0.1100)	Prec@1 99.219 (96.577)	Prec@5 100.000 (99.851)
Epoch: [108][30/40], lr: 0.01000	Loss 0.0322 (0.0899)	Prec@1 98.438 (97.077)	Prec@5 100.000 (99.899)
Epoch [108] Training Results: Prec@1 97.520 Prec@5 99.920             Loss 0.07645
Epoch [108] Training Class Recall: [0.975,0.959,0.901,0.857,0.980,0.990,0.997,0.994,0.996,1.000]

Epoch: [109][0/40], lr: 0.01000	Loss 0.0125 (0.0125)	Prec@1 99.219 (99.219)	Prec@5 100.000 (100.000)
Epoch: [109][10/40], lr: 0.01000	Loss 0.0678 (0.0658)	Prec@1 98.438 (98.366)	Prec@5 100.000 (99.929)
Epoch: [109][20/40], lr: 0.01000	Loss 0.0243 (0.0558)	Prec@1 100.000 (98.549)	Prec@5 100.000 (99.963)
Epoch: [109][30/40], lr: 0.01000	Loss 0.0120 (0.0468)	Prec@1 100.000 (98.715)	Prec@5 100.000 (99.975)
Epoch [109] Training Results: Prec@1 98.880 Prec@5 99.980             Loss 0.04116
Epoch [109] Training Class Recall: [0.994,0.968,0.961,0.967,0.938,0.997,0.998,1.000,1.000,0.999]

Epoch: [110][0/40], lr: 0.01000	Loss 0.0062 (0.0062)	Prec@1 100.000 (100.000)	Prec@5 100.000 (100.000)
Epoch: [110][10/40], lr: 0.01000	Loss 0.0764 (0.0389)	Prec@1 98.438 (99.006)	Prec@5 100.000 (100.000)
Epoch: [110][20/40], lr: 0.01000	Loss 0.0135 (0.0307)	Prec@1 100.000 (99.144)	Prec@5 100.000 (100.000)
Epoch: [110][30/40], lr: 0.01000	Loss 0.0067 (0.0257)	Prec@1 100.000 (99.320)	Prec@5 100.000 (100.000)
Epoch [110] Training Results: Prec@1 99.420 Prec@5 100.000             Loss 0.02296
Epoch [110] Training Class Recall: [0.994,0.968,0.966,0.982,0.997,1.000,1.000,1.000,1.000,0.999]

Epoch: [111][0/40], lr: 0.01000	Loss 0.0206 (0.0206)	Prec@1 99.219 (99.219)	Prec@5 100.000 (100.000)
Epoch: [111][10/40], lr: 0.01000	Loss 0.0241 (0.0341)	Prec@1 98.438 (99.006)	Prec@5 100.000 (100.000)
Epoch: [111][20/40], lr: 0.01000	Loss 0.0088 (0.0288)	Prec@1 100.000 (99.219)	Prec@5 100.000 (100.000)
Epoch: [111][30/40], lr: 0.01000	Loss 0.0253 (0.0251)	Prec@1 99.219 (99.345)	Prec@5 100.000 (100.000)
Epoch [111] Training Results: Prec@1 99.420 Prec@5 100.000             Loss 0.02268
Epoch [111] Training Class Recall: [0.991,0.986,0.966,0.994,0.993,1.000,0.997,1.000,0.994,1.000]

Epoch: [112][0/40], lr: 0.01000	Loss 0.0255 (0.0255)	Prec@1 99.219 (99.219)	Prec@5 100.000 (100.000)
Epoch: [112][10/40], lr: 0.01000	Loss 0.0125 (0.0105)	Prec@1 100.000 (99.787)	Prec@5 100.000 (100.000)
Epoch: [112][20/40], lr: 0.01000	Loss 0.0123 (0.0093)	Prec@1 100.000 (99.814)	Prec@5 100.000 (100.000)
Epoch: [112][30/40], lr: 0.01000	Loss 0.0074 (0.0087)	Prec@1 100.000 (99.874)	Prec@5 100.000 (100.000)
Epoch [112] Training Results: Prec@1 99.820 Prec@5 100.000             Loss 0.00860
Epoch [112] Training Class Recall: [0.996,1.000,0.991,1.000,0.993,0.998,1.000,1.000,1.000,1.000]

Epoch: [113][0/40], lr: 0.01000	Loss 0.0025 (0.0025)	Prec@1 100.000 (100.000)	Prec@5 100.000 (100.000)
Epoch: [113][10/40], lr: 0.01000	Loss 0.0045 (0.0052)	Prec@1 100.000 (99.929)	Prec@5 100.000 (100.000)
Epoch: [113][20/40], lr: 0.01000	Loss 0.0016 (0.0058)	Prec@1 100.000 (99.888)	Prec@5 100.000 (100.000)
Epoch: [113][30/40], lr: 0.01000	Loss 0.0065 (0.0051)	Prec@1 100.000 (99.924)	Prec@5 100.000 (100.000)
Epoch [113] Training Results: Prec@1 99.900 Prec@5 100.000             Loss 0.00592
Epoch [113] Training Class Recall: [0.998,1.000,1.000,1.000,0.993,0.998,1.000,1.000,1.000,1.000]

Epoch: [114][0/40], lr: 0.01000	Loss 0.0087 (0.0087)	Prec@1 100.000 (100.000)	Prec@5 100.000 (100.000)
Epoch: [114][10/40], lr: 0.01000	Loss 0.1175 (0.1191)	Prec@1 96.875 (97.017)	Prec@5 100.000 (100.000)
Epoch: [114][20/40], lr: 0.01000	Loss 0.0506 (0.1170)	Prec@1 99.219 (97.210)	Prec@5 100.000 (99.963)
Epoch: [114][30/40], lr: 0.01000	Loss 0.0240 (0.0979)	Prec@1 99.219 (97.455)	Prec@5 100.000 (99.975)
Epoch [114] Training Results: Prec@1 97.760 Prec@5 99.980             Loss 0.08659
Epoch [114] Training Class Recall: [0.989,0.986,0.948,0.949,0.928,0.947,0.993,0.985,1.000,0.996]

Epoch: [115][0/40], lr: 0.01000	Loss 0.0344 (0.0344)	Prec@1 98.438 (98.438)	Prec@5 100.000 (100.000)
Epoch: [115][10/40], lr: 0.01000	Loss 0.2362 (0.3304)	Prec@1 93.750 (91.690)	Prec@5 100.000 (99.716)
Epoch: [115][20/40], lr: 0.01000	Loss 0.0816 (0.2483)	Prec@1 96.875 (93.266)	Prec@5 100.000 (99.851)
Epoch: [115][30/40], lr: 0.01000	Loss 0.0840 (0.1978)	Prec@1 97.656 (94.355)	Prec@5 100.000 (99.899)
Epoch [115] Training Results: Prec@1 94.880 Prec@5 99.920             Loss 0.17925
Epoch [115] Training Class Recall: [0.954,0.864,0.849,0.836,0.931,0.950,0.979,0.981,0.992,0.983]

Epoch: [116][0/40], lr: 0.01000	Loss 0.0786 (0.0786)	Prec@1 96.875 (96.875)	Prec@5 100.000 (100.000)
Epoch: [116][10/40], lr: 0.01000	Loss 0.1109 (0.0915)	Prec@1 96.094 (96.946)	Prec@5 100.000 (100.000)
Epoch: [116][20/40], lr: 0.01000	Loss 0.0567 (0.0749)	Prec@1 96.875 (97.656)	Prec@5 100.000 (100.000)
Epoch: [116][30/40], lr: 0.01000	Loss 0.0291 (0.0622)	Prec@1 100.000 (98.160)	Prec@5 100.000 (100.000)
Epoch [116] Training Results: Prec@1 98.280 Prec@5 100.000             Loss 0.05750
Epoch [116] Training Class Recall: [0.977,0.937,0.914,0.973,0.997,0.984,0.997,1.000,0.992,0.996]

Epoch: [117][0/40], lr: 0.01000	Loss 0.0539 (0.0539)	Prec@1 98.438 (98.438)	Prec@5 100.000 (100.000)
Epoch: [117][10/40], lr: 0.01000	Loss 0.0516 (0.0993)	Prec@1 98.438 (96.591)	Prec@5 100.000 (99.929)
Epoch: [117][20/40], lr: 0.01000	Loss 0.1766 (0.0840)	Prec@1 96.875 (97.247)	Prec@5 100.000 (99.963)
Epoch: [117][30/40], lr: 0.01000	Loss 0.0449 (0.0734)	Prec@1 98.438 (97.656)	Prec@5 100.000 (99.975)
Epoch [117] Training Results: Prec@1 97.940 Prec@5 99.960             Loss 0.06595
Epoch [117] Training Class Recall: [0.976,0.968,0.927,0.958,0.970,0.989,0.970,0.998,0.986,1.000]

Epoch: [118][0/40], lr: 0.01000	Loss 0.0148 (0.0148)	Prec@1 99.219 (99.219)	Prec@5 100.000 (100.000)
Epoch: [118][10/40], lr: 0.01000	Loss 0.0134 (0.0493)	Prec@1 99.219 (98.509)	Prec@5 100.000 (99.929)
Epoch: [118][20/40], lr: 0.01000	Loss 0.0357 (0.0367)	Prec@1 99.219 (98.996)	Prec@5 100.000 (99.963)
Epoch: [118][30/40], lr: 0.01000	Loss 0.0128 (0.0326)	Prec@1 100.000 (99.143)	Prec@5 100.000 (99.975)
Epoch [118] Training Results: Prec@1 99.260 Prec@5 99.980             Loss 0.02839
Epoch [118] Training Class Recall: [0.993,0.986,0.970,0.991,0.990,1.000,0.979,0.996,1.000,1.000]

Epoch: [119][0/40], lr: 0.01000	Loss 0.0051 (0.0051)	Prec@1 100.000 (100.000)	Prec@5 100.000 (100.000)
Epoch: [119][10/40], lr: 0.01000	Loss 0.0070 (0.0121)	Prec@1 100.000 (99.645)	Prec@5 100.000 (100.000)
Epoch: [119][20/40], lr: 0.01000	Loss 0.0012 (0.0132)	Prec@1 100.000 (99.665)	Prec@5 100.000 (100.000)
Epoch: [119][30/40], lr: 0.01000	Loss 0.0104 (0.0118)	Prec@1 100.000 (99.723)	Prec@5 100.000 (100.000)
Epoch [119] Training Results: Prec@1 99.740 Prec@5 100.000             Loss 0.01099
Epoch [119] Training Class Recall: [0.996,0.991,0.991,0.988,0.997,1.000,1.000,1.000,1.000,1.000]

Epoch: [120][0/40], lr: 0.01000	Loss 0.0066 (0.0066)	Prec@1 100.000 (100.000)	Prec@5 100.000 (100.000)
Epoch: [120][10/40], lr: 0.01000	Loss 0.0349 (0.0141)	Prec@1 99.219 (99.787)	Prec@5 100.000 (100.000)
Epoch: [120][20/40], lr: 0.01000	Loss 0.0055 (0.0105)	Prec@1 100.000 (99.888)	Prec@5 100.000 (100.000)
Epoch: [120][30/40], lr: 0.01000	Loss 0.0127 (0.0105)	Prec@1 99.219 (99.798)	Prec@5 100.000 (100.000)
Epoch [120] Training Results: Prec@1 99.840 Prec@5 100.000             Loss 0.00999
Epoch [120] Training Class Recall: [0.996,1.000,0.991,0.997,0.997,1.000,1.000,1.000,1.000,1.000]

Epoch: [121][0/40], lr: 0.01000	Loss 0.0031 (0.0031)	Prec@1 100.000 (100.000)	Prec@5 100.000 (100.000)
Epoch: [121][10/40], lr: 0.01000	Loss 0.0113 (0.0295)	Prec@1 100.000 (99.077)	Prec@5 100.000 (100.000)
Epoch: [121][20/40], lr: 0.01000	Loss 0.0125 (0.0318)	Prec@1 99.219 (98.847)	Prec@5 100.000 (100.000)
Epoch: [121][30/40], lr: 0.01000	Loss 0.0120 (0.0258)	Prec@1 100.000 (99.168)	Prec@5 100.000 (100.000)
Epoch [121] Training Results: Prec@1 99.220 Prec@5 100.000             Loss 0.02469
Epoch [121] Training Class Recall: [0.995,0.973,0.935,0.979,0.987,1.000,0.997,1.000,1.000,1.000]

Epoch: [122][0/40], lr: 0.01000	Loss 0.0031 (0.0031)	Prec@1 100.000 (100.000)	Prec@5 100.000 (100.000)
Epoch: [122][10/40], lr: 0.01000	Loss 0.0048 (0.0115)	Prec@1 100.000 (99.716)	Prec@5 100.000 (100.000)
Epoch: [122][20/40], lr: 0.01000	Loss 0.0094 (0.0114)	Prec@1 100.000 (99.740)	Prec@5 100.000 (100.000)
Epoch: [122][30/40], lr: 0.01000	Loss 0.0127 (0.0096)	Prec@1 100.000 (99.824)	Prec@5 100.000 (100.000)
Epoch [122] Training Results: Prec@1 99.840 Prec@5 100.000             Loss 0.00879
Epoch [122] Training Class Recall: [0.998,1.000,0.991,0.994,0.993,1.000,1.000,1.000,1.000,1.000]

Epoch: [123][0/40], lr: 0.01000	Loss 0.0073 (0.0073)	Prec@1 100.000 (100.000)	Prec@5 100.000 (100.000)
Epoch: [123][10/40], lr: 0.01000	Loss 0.0544 (0.0762)	Prec@1 99.219 (98.082)	Prec@5 100.000 (100.000)
Epoch: [123][20/40], lr: 0.01000	Loss 0.0344 (0.0586)	Prec@1 99.219 (98.475)	Prec@5 100.000 (100.000)
Epoch: [123][30/40], lr: 0.01000	Loss 0.0344 (0.0511)	Prec@1 98.438 (98.564)	Prec@5 100.000 (100.000)
Epoch [123] Training Results: Prec@1 98.700 Prec@5 100.000             Loss 0.04636
Epoch [123] Training Class Recall: [0.981,0.977,0.948,0.982,0.974,0.992,0.986,1.000,1.000,0.997]

Epoch: [124][0/40], lr: 0.01000	Loss 0.0375 (0.0375)	Prec@1 98.438 (98.438)	Prec@5 100.000 (100.000)
Epoch: [124][10/40], lr: 0.01000	Loss 0.0820 (0.0805)	Prec@1 96.875 (97.372)	Prec@5 100.000 (100.000)
Epoch: [124][20/40], lr: 0.01000	Loss 0.0324 (0.0790)	Prec@1 99.219 (97.582)	Prec@5 100.000 (99.926)
Epoch: [124][30/40], lr: 0.01000	Loss 0.0191 (0.0673)	Prec@1 100.000 (97.984)	Prec@5 100.000 (99.924)
Epoch [124] Training Results: Prec@1 98.100 Prec@5 99.940             Loss 0.06088
Epoch [124] Training Class Recall: [0.977,0.928,0.935,0.961,0.977,0.984,0.998,0.996,0.986,0.999]

Epoch: [125][0/40], lr: 0.01000	Loss 0.0285 (0.0285)	Prec@1 99.219 (99.219)	Prec@5 100.000 (100.000)
Epoch: [125][10/40], lr: 0.01000	Loss 0.1366 (0.2211)	Prec@1 93.750 (93.466)	Prec@5 100.000 (99.858)
Epoch: [125][20/40], lr: 0.01000	Loss 0.1249 (0.2085)	Prec@1 95.312 (93.564)	Prec@5 100.000 (99.740)
Epoch: [125][30/40], lr: 0.01000	Loss 0.1383 (0.1720)	Prec@1 96.094 (94.582)	Prec@5 100.000 (99.798)
Epoch [125] Training Results: Prec@1 95.420 Prec@5 99.840             Loss 0.14623
Epoch [125] Training Class Recall: [0.969,0.914,0.694,0.899,0.908,0.953,0.990,0.981,0.998,0.999]

Epoch: [126][0/40], lr: 0.01000	Loss 0.1236 (0.1236)	Prec@1 98.438 (98.438)	Prec@5 100.000 (100.000)
Epoch: [126][10/40], lr: 0.01000	Loss 0.1477 (0.2416)	Prec@1 96.875 (93.821)	Prec@5 100.000 (99.716)
Epoch: [126][20/40], lr: 0.01000	Loss 0.0984 (0.1755)	Prec@1 96.875 (94.978)	Prec@5 100.000 (99.851)
Epoch: [126][30/40], lr: 0.01000	Loss 0.0730 (0.1372)	Prec@1 99.219 (96.018)	Prec@5 100.000 (99.899)
Epoch [126] Training Results: Prec@1 96.420 Prec@5 99.920             Loss 0.12033
Epoch [126] Training Class Recall: [0.964,0.937,0.819,0.872,0.977,0.987,0.977,0.981,0.994,0.995]

Epoch: [127][0/40], lr: 0.01000	Loss 0.0097 (0.0097)	Prec@1 100.000 (100.000)	Prec@5 100.000 (100.000)
Epoch: [127][10/40], lr: 0.01000	Loss 0.0341 (0.0269)	Prec@1 98.438 (99.361)	Prec@5 100.000 (100.000)
Epoch: [127][20/40], lr: 0.01000	Loss 0.0347 (0.0243)	Prec@1 99.219 (99.442)	Prec@5 100.000 (100.000)
Epoch: [127][30/40], lr: 0.01000	Loss 0.0053 (0.0227)	Prec@1 100.000 (99.446)	Prec@5 100.000 (100.000)
Epoch [127] Training Results: Prec@1 99.500 Prec@5 100.000             Loss 0.02033
Epoch [127] Training Class Recall: [0.996,0.977,0.966,0.991,0.987,1.000,0.998,1.000,1.000,1.000]

Epoch: [128][0/40], lr: 0.01000	Loss 0.0032 (0.0032)	Prec@1 100.000 (100.000)	Prec@5 100.000 (100.000)
Epoch: [128][10/40], lr: 0.01000	Loss 0.0082 (0.0089)	Prec@1 100.000 (99.787)	Prec@5 100.000 (100.000)
Epoch: [128][20/40], lr: 0.01000	Loss 0.0065 (0.0107)	Prec@1 100.000 (99.777)	Prec@5 100.000 (100.000)
Epoch: [128][30/40], lr: 0.01000	Loss 0.0395 (0.0108)	Prec@1 99.219 (99.773)	Prec@5 100.000 (100.000)
Epoch [128] Training Results: Prec@1 99.760 Prec@5 100.000             Loss 0.01052
Epoch [128] Training Class Recall: [0.996,0.995,0.978,0.994,1.000,1.000,1.000,1.000,1.000,1.000]

Epoch: [129][0/40], lr: 0.01000	Loss 0.0070 (0.0070)	Prec@1 100.000 (100.000)	Prec@5 100.000 (100.000)
Epoch: [129][10/40], lr: 0.01000	Loss 0.0017 (0.0066)	Prec@1 100.000 (99.858)	Prec@5 100.000 (100.000)
Epoch: [129][20/40], lr: 0.01000	Loss 0.0114 (0.0076)	Prec@1 99.219 (99.814)	Prec@5 100.000 (100.000)
Epoch: [129][30/40], lr: 0.01000	Loss 0.0109 (0.0066)	Prec@1 100.000 (99.874)	Prec@5 100.000 (100.000)
Epoch [129] Training Results: Prec@1 99.860 Prec@5 100.000             Loss 0.00636
Epoch [129] Training Class Recall: [0.995,1.000,0.991,1.000,1.000,1.000,1.000,1.000,1.000,1.000]

Epoch: [130][0/40], lr: 0.01000	Loss 0.0049 (0.0049)	Prec@1 100.000 (100.000)	Prec@5 100.000 (100.000)
Epoch: [130][10/40], lr: 0.01000	Loss 0.0059 (0.0035)	Prec@1 100.000 (100.000)	Prec@5 100.000 (100.000)
Epoch: [130][20/40], lr: 0.01000	Loss 0.0029 (0.0043)	Prec@1 100.000 (99.963)	Prec@5 100.000 (100.000)
Epoch: [130][30/40], lr: 0.01000	Loss 0.0034 (0.0047)	Prec@1 100.000 (99.950)	Prec@5 100.000 (100.000)
Epoch [130] Training Results: Prec@1 99.900 Prec@5 100.000             Loss 0.00508
Epoch [130] Training Class Recall: [0.997,1.000,1.000,0.997,1.000,1.000,1.000,1.000,1.000,0.999]

Epoch: [131][0/40], lr: 0.01000	Loss 0.0023 (0.0023)	Prec@1 100.000 (100.000)	Prec@5 100.000 (100.000)
Epoch: [131][10/40], lr: 0.01000	Loss 0.0803 (0.0890)	Prec@1 97.656 (98.295)	Prec@5 100.000 (100.000)
Epoch: [131][20/40], lr: 0.01000	Loss 0.0620 (0.0752)	Prec@1 98.438 (98.438)	Prec@5 100.000 (100.000)
Epoch: [131][30/40], lr: 0.01000	Loss 0.0217 (0.0618)	Prec@1 99.219 (98.513)	Prec@5 100.000 (100.000)
Epoch [131] Training Results: Prec@1 98.660 Prec@5 100.000             Loss 0.05473
Epoch [131] Training Class Recall: [0.988,0.968,0.944,0.970,0.980,0.998,0.988,0.994,0.988,0.997]

Epoch: [132][0/40], lr: 0.01000	Loss 0.0230 (0.0230)	Prec@1 99.219 (99.219)	Prec@5 100.000 (100.000)
Epoch: [132][10/40], lr: 0.01000	Loss 0.0027 (0.0147)	Prec@1 100.000 (99.787)	Prec@5 100.000 (100.000)
Epoch: [132][20/40], lr: 0.01000	Loss 0.0062 (0.0137)	Prec@1 100.000 (99.814)	Prec@5 100.000 (100.000)
Epoch: [132][30/40], lr: 0.01000	Loss 0.0206 (0.0136)	Prec@1 99.219 (99.723)	Prec@5 100.000 (100.000)
Epoch [132] Training Results: Prec@1 99.760 Prec@5 100.000             Loss 0.01227
Epoch [132] Training Class Recall: [0.995,0.991,1.000,0.994,0.997,0.998,0.998,1.000,1.000,1.000]

Epoch: [133][0/40], lr: 0.01000	Loss 0.0032 (0.0032)	Prec@1 100.000 (100.000)	Prec@5 100.000 (100.000)
Epoch: [133][10/40], lr: 0.01000	Loss 0.0052 (0.0074)	Prec@1 100.000 (99.858)	Prec@5 100.000 (100.000)
Epoch: [133][20/40], lr: 0.01000	Loss 0.0038 (0.0066)	Prec@1 100.000 (99.888)	Prec@5 100.000 (100.000)
Epoch: [133][30/40], lr: 0.01000	Loss 0.0049 (0.0062)	Prec@1 100.000 (99.899)	Prec@5 100.000 (100.000)
Epoch [133] Training Results: Prec@1 99.920 Prec@5 100.000             Loss 0.00582
Epoch [133] Training Class Recall: [0.998,0.991,1.000,1.000,1.000,1.000,1.000,1.000,1.000,1.000]

Epoch: [134][0/40], lr: 0.01000	Loss 0.0020 (0.0020)	Prec@1 100.000 (100.000)	Prec@5 100.000 (100.000)
Epoch: [134][10/40], lr: 0.01000	Loss 0.0161 (0.0144)	Prec@1 100.000 (99.503)	Prec@5 100.000 (100.000)
Epoch: [134][20/40], lr: 0.01000	Loss 0.0029 (0.0121)	Prec@1 100.000 (99.665)	Prec@5 100.000 (100.000)
Epoch: [134][30/40], lr: 0.01000	Loss 0.0022 (0.0105)	Prec@1 100.000 (99.723)	Prec@5 100.000 (100.000)
Epoch [134] Training Results: Prec@1 99.660 Prec@5 100.000             Loss 0.01088
Epoch [134] Training Class Recall: [0.996,0.986,0.991,0.988,1.000,0.998,0.998,1.000,1.000,0.997]

Epoch: [135][0/40], lr: 0.01000	Loss 0.0023 (0.0023)	Prec@1 100.000 (100.000)	Prec@5 100.000 (100.000)
Epoch: [135][10/40], lr: 0.01000	Loss 0.0016 (0.0086)	Prec@1 100.000 (99.716)	Prec@5 100.000 (100.000)
Epoch: [135][20/40], lr: 0.01000	Loss 0.0124 (0.0079)	Prec@1 99.219 (99.740)	Prec@5 100.000 (100.000)
Epoch: [135][30/40], lr: 0.01000	Loss 0.0050 (0.0066)	Prec@1 100.000 (99.798)	Prec@5 100.000 (100.000)
Epoch [135] Training Results: Prec@1 99.780 Prec@5 100.000             Loss 0.00708
Epoch [135] Training Class Recall: [0.993,0.991,0.996,0.997,1.000,1.000,1.000,1.000,1.000,1.000]

Epoch: [136][0/40], lr: 0.01000	Loss 0.0017 (0.0017)	Prec@1 100.000 (100.000)	Prec@5 100.000 (100.000)
Epoch: [136][10/40], lr: 0.01000	Loss 0.0016 (0.0015)	Prec@1 100.000 (100.000)	Prec@5 100.000 (100.000)
Epoch: [136][20/40], lr: 0.01000	Loss 0.0018 (0.0036)	Prec@1 100.000 (99.926)	Prec@5 100.000 (100.000)
Epoch: [136][30/40], lr: 0.01000	Loss 0.0014 (0.0035)	Prec@1 100.000 (99.950)	Prec@5 100.000 (100.000)
Epoch [136] Training Results: Prec@1 99.960 Prec@5 100.000             Loss 0.00328
Epoch [136] Training Class Recall: [0.998,1.000,1.000,1.000,1.000,1.000,1.000,1.000,1.000,1.000]

Epoch: [137][0/40], lr: 0.01000	Loss 0.0017 (0.0017)	Prec@1 100.000 (100.000)	Prec@5 100.000 (100.000)
Epoch: [137][10/40], lr: 0.01000	Loss 0.0007 (0.0030)	Prec@1 100.000 (99.929)	Prec@5 100.000 (100.000)
Epoch: [137][20/40], lr: 0.01000	Loss 0.0010 (0.0036)	Prec@1 100.000 (99.926)	Prec@5 100.000 (100.000)
Epoch: [137][30/40], lr: 0.01000	Loss 0.0009 (0.0034)	Prec@1 100.000 (99.924)	Prec@5 100.000 (100.000)
Epoch [137] Training Results: Prec@1 99.860 Prec@5 100.000             Loss 0.00601
Epoch [137] Training Class Recall: [0.997,1.000,1.000,1.000,0.993,1.000,1.000,1.000,0.996,1.000]

Epoch: [138][0/40], lr: 0.01000	Loss 0.0091 (0.0091)	Prec@1 100.000 (100.000)	Prec@5 100.000 (100.000)
Epoch: [138][10/40], lr: 0.01000	Loss 0.2144 (0.4150)	Prec@1 93.750 (90.909)	Prec@5 99.219 (99.503)
Epoch: [138][20/40], lr: 0.01000	Loss 0.2051 (0.3446)	Prec@1 94.531 (91.220)	Prec@5 100.000 (99.628)
Epoch: [138][30/40], lr: 0.01000	Loss 0.0528 (0.2710)	Prec@1 99.219 (92.717)	Prec@5 100.000 (99.748)
Epoch [138] Training Results: Prec@1 93.560 Prec@5 99.800             Loss 0.23575
Epoch [138] Training Class Recall: [0.920,0.905,0.789,0.896,0.816,0.965,0.988,0.931,0.976,0.988]

Epoch: [139][0/40], lr: 0.01000	Loss 0.0719 (0.0719)	Prec@1 97.656 (97.656)	Prec@5 100.000 (100.000)
Epoch: [139][10/40], lr: 0.01000	Loss 0.2645 (0.1965)	Prec@1 94.531 (94.815)	Prec@5 99.219 (99.858)
Epoch: [139][20/40], lr: 0.01000	Loss 0.0469 (0.1653)	Prec@1 99.219 (95.015)	Prec@5 100.000 (99.851)
Epoch: [139][30/40], lr: 0.01000	Loss 0.0779 (0.1367)	Prec@1 98.438 (95.817)	Prec@5 100.000 (99.874)
Epoch [139] Training Results: Prec@1 96.380 Prec@5 99.900             Loss 0.11819
Epoch [139] Training Class Recall: [0.979,0.941,0.841,0.908,0.889,0.977,0.963,0.985,0.996,0.999]

Epoch: [140][0/40], lr: 0.01000	Loss 0.0101 (0.0101)	Prec@1 100.000 (100.000)	Prec@5 100.000 (100.000)
Epoch: [140][10/40], lr: 0.01000	Loss 0.4303 (0.2033)	Prec@1 87.500 (94.105)	Prec@5 99.219 (99.787)
Epoch: [140][20/40], lr: 0.01000	Loss 0.0729 (0.1616)	Prec@1 98.438 (95.089)	Prec@5 100.000 (99.888)
Epoch: [140][30/40], lr: 0.01000	Loss 0.0880 (0.1394)	Prec@1 97.656 (95.716)	Prec@5 100.000 (99.924)
Epoch [140] Training Results: Prec@1 96.260 Prec@5 99.940             Loss 0.12328
Epoch [140] Training Class Recall: [0.964,0.882,0.853,0.940,0.938,0.971,0.995,0.989,0.964,0.989]

Epoch: [141][0/40], lr: 0.01000	Loss 0.1030 (0.1030)	Prec@1 96.875 (96.875)	Prec@5 100.000 (100.000)
Epoch: [141][10/40], lr: 0.01000	Loss 0.1631 (0.2168)	Prec@1 95.312 (93.395)	Prec@5 100.000 (100.000)
Epoch: [141][20/40], lr: 0.01000	Loss 0.1012 (0.1829)	Prec@1 96.094 (94.234)	Prec@5 100.000 (99.926)
Epoch: [141][30/40], lr: 0.01000	Loss 0.0649 (0.1505)	Prec@1 98.438 (95.186)	Prec@5 100.000 (99.950)
Epoch [141] Training Results: Prec@1 95.680 Prec@5 99.940             Loss 0.13482
Epoch [141] Training Class Recall: [0.973,0.900,0.759,0.884,0.974,0.928,0.995,0.965,1.000,1.000]

Epoch: [142][0/40], lr: 0.01000	Loss 0.1072 (0.1072)	Prec@1 96.094 (96.094)	Prec@5 100.000 (100.000)
Epoch: [142][10/40], lr: 0.01000	Loss 0.1237 (0.1383)	Prec@1 95.312 (96.094)	Prec@5 100.000 (100.000)
Epoch: [142][20/40], lr: 0.01000	Loss 0.1087 (0.1161)	Prec@1 96.094 (96.615)	Prec@5 100.000 (100.000)
Epoch: [142][30/40], lr: 0.01000	Loss 0.0078 (0.0907)	Prec@1 100.000 (97.379)	Prec@5 100.000 (100.000)
Epoch [142] Training Results: Prec@1 97.700 Prec@5 100.000             Loss 0.08183
Epoch [142] Training Class Recall: [0.981,0.964,0.879,0.917,0.980,0.986,0.979,0.996,0.994,1.000]

Epoch: [143][0/40], lr: 0.01000	Loss 0.0184 (0.0184)	Prec@1 99.219 (99.219)	Prec@5 100.000 (100.000)
Epoch: [143][10/40], lr: 0.01000	Loss 0.0237 (0.0223)	Prec@1 100.000 (99.503)	Prec@5 100.000 (100.000)
Epoch: [143][20/40], lr: 0.01000	Loss 0.0510 (0.0241)	Prec@1 97.656 (99.442)	Prec@5 100.000 (100.000)
Epoch: [143][30/40], lr: 0.01000	Loss 0.0114 (0.0220)	Prec@1 100.000 (99.420)	Prec@5 100.000 (100.000)
Epoch [143] Training Results: Prec@1 99.460 Prec@5 100.000             Loss 0.01993
Epoch [143] Training Class Recall: [0.992,0.982,0.966,0.988,0.993,0.998,1.000,1.000,1.000,1.000]

Epoch: [144][0/40], lr: 0.01000	Loss 0.0068 (0.0068)	Prec@1 100.000 (100.000)	Prec@5 100.000 (100.000)
Epoch: [144][10/40], lr: 0.01000	Loss 0.0115 (0.0084)	Prec@1 100.000 (99.929)	Prec@5 100.000 (100.000)
Epoch: [144][20/40], lr: 0.01000	Loss 0.0036 (0.0070)	Prec@1 100.000 (99.926)	Prec@5 100.000 (100.000)
Epoch: [144][30/40], lr: 0.01000	Loss 0.0065 (0.0079)	Prec@1 100.000 (99.924)	Prec@5 100.000 (100.000)
Epoch [144] Training Results: Prec@1 99.880 Prec@5 100.000             Loss 0.00806
Epoch [144] Training Class Recall: [0.998,0.995,0.991,0.997,1.000,1.000,1.000,1.000,1.000,1.000]

Epoch: [145][0/40], lr: 0.01000	Loss 0.0090 (0.0090)	Prec@1 100.000 (100.000)	Prec@5 100.000 (100.000)
Epoch: [145][10/40], lr: 0.01000	Loss 0.0100 (0.0104)	Prec@1 100.000 (99.858)	Prec@5 100.000 (100.000)
Epoch: [145][20/40], lr: 0.01000	Loss 0.0056 (0.0078)	Prec@1 100.000 (99.926)	Prec@5 100.000 (100.000)
Epoch: [145][30/40], lr: 0.01000	Loss 0.0062 (0.0074)	Prec@1 100.000 (99.924)	Prec@5 100.000 (100.000)
Epoch [145] Training Results: Prec@1 99.880 Prec@5 100.000             Loss 0.00847
Epoch [145] Training Class Recall: [0.997,1.000,1.000,1.000,0.997,1.000,0.997,1.000,1.000,1.000]

Epoch: [146][0/40], lr: 0.01000	Loss 0.0034 (0.0034)	Prec@1 100.000 (100.000)	Prec@5 100.000 (100.000)
Epoch: [146][10/40], lr: 0.01000	Loss 0.2407 (0.1752)	Prec@1 90.625 (94.673)	Prec@5 99.219 (99.787)
Epoch: [146][20/40], lr: 0.01000	Loss 0.0541 (0.1273)	Prec@1 97.656 (96.094)	Prec@5 100.000 (99.888)
Epoch: [146][30/40], lr: 0.01000	Loss 0.0498 (0.1040)	Prec@1 97.656 (96.850)	Prec@5 100.000 (99.924)
Epoch [146] Training Results: Prec@1 97.200 Prec@5 99.940             Loss 0.09210
Epoch [146] Training Class Recall: [0.987,0.950,0.918,0.943,0.931,0.944,0.979,0.987,0.998,0.996]

Epoch: [147][0/40], lr: 0.01000	Loss 0.0178 (0.0178)	Prec@1 100.000 (100.000)	Prec@5 100.000 (100.000)
Epoch: [147][10/40], lr: 0.01000	Loss 0.1135 (0.2067)	Prec@1 96.094 (93.537)	Prec@5 100.000 (99.858)
Epoch: [147][20/40], lr: 0.01000	Loss 0.1542 (0.1786)	Prec@1 96.875 (94.717)	Prec@5 100.000 (99.926)
Epoch: [147][30/40], lr: 0.01000	Loss 0.0261 (0.1413)	Prec@1 100.000 (95.842)	Prec@5 100.000 (99.950)
Epoch [147] Training Results: Prec@1 96.480 Prec@5 99.960             Loss 0.12117
Epoch [147] Training Class Recall: [0.975,0.923,0.888,0.917,0.938,0.958,0.960,0.985,0.994,0.997]

Epoch: [148][0/40], lr: 0.01000	Loss 0.0365 (0.0365)	Prec@1 98.438 (98.438)	Prec@5 100.000 (100.000)
Epoch: [148][10/40], lr: 0.01000	Loss 0.1171 (0.2205)	Prec@1 96.094 (94.034)	Prec@5 100.000 (99.929)
Epoch: [148][20/40], lr: 0.01000	Loss 0.0645 (0.1581)	Prec@1 97.656 (95.536)	Prec@5 100.000 (99.963)
Epoch: [148][30/40], lr: 0.01000	Loss 0.0527 (0.1199)	Prec@1 99.219 (96.573)	Prec@5 100.000 (99.975)
Epoch [148] Training Results: Prec@1 97.100 Prec@5 99.980             Loss 0.10086
Epoch [148] Training Class Recall: [0.985,0.964,0.888,0.818,0.967,0.982,0.997,0.989,0.998,0.992]

Epoch: [149][0/40], lr: 0.01000	Loss 0.0108 (0.0108)	Prec@1 100.000 (100.000)	Prec@5 100.000 (100.000)
Epoch: [149][10/40], lr: 0.01000	Loss 0.0192 (0.0336)	Prec@1 100.000 (99.219)	Prec@5 100.000 (100.000)
Epoch: [149][20/40], lr: 0.01000	Loss 0.0161 (0.0252)	Prec@1 100.000 (99.442)	Prec@5 100.000 (100.000)
Epoch: [149][30/40], lr: 0.01000	Loss 0.0268 (0.0236)	Prec@1 99.219 (99.420)	Prec@5 100.000 (100.000)
Epoch [149] Training Results: Prec@1 99.520 Prec@5 100.000             Loss 0.02108
Epoch [149] Training Class Recall: [0.992,1.000,0.966,0.988,1.000,0.995,1.000,0.998,1.000,1.000]

Epoch: [150][0/40], lr: 0.01000	Loss 0.0055 (0.0055)	Prec@1 100.000 (100.000)	Prec@5 100.000 (100.000)
Epoch: [150][10/40], lr: 0.01000	Loss 0.0034 (0.0082)	Prec@1 100.000 (99.929)	Prec@5 100.000 (100.000)
Epoch: [150][20/40], lr: 0.01000	Loss 0.0068 (0.0086)	Prec@1 100.000 (99.888)	Prec@5 100.000 (100.000)
Epoch: [150][30/40], lr: 0.01000	Loss 0.0062 (0.0082)	Prec@1 100.000 (99.849)	Prec@5 100.000 (100.000)
Epoch [150] Training Results: Prec@1 99.880 Prec@5 100.000             Loss 0.00756
Epoch [150] Training Class Recall: [0.998,0.991,1.000,0.997,0.997,1.000,1.000,1.000,1.000,1.000]

Epoch: [151][0/40], lr: 0.01000	Loss 0.0028 (0.0028)	Prec@1 100.000 (100.000)	Prec@5 100.000 (100.000)
Epoch: [151][10/40], lr: 0.01000	Loss 0.0082 (0.0091)	Prec@1 100.000 (99.787)	Prec@5 100.000 (100.000)
Epoch: [151][20/40], lr: 0.01000	Loss 0.0035 (0.0114)	Prec@1 100.000 (99.665)	Prec@5 100.000 (100.000)
Epoch: [151][30/40], lr: 0.01000	Loss 0.0109 (0.0128)	Prec@1 99.219 (99.622)	Prec@5 100.000 (100.000)
Epoch [151] Training Results: Prec@1 99.640 Prec@5 100.000             Loss 0.01239
Epoch [151] Training Class Recall: [0.995,0.991,0.983,0.994,0.993,0.995,1.000,1.000,1.000,1.000]

Epoch: [152][0/40], lr: 0.01000	Loss 0.0049 (0.0049)	Prec@1 100.000 (100.000)	Prec@5 100.000 (100.000)
Epoch: [152][10/40], lr: 0.01000	Loss 0.0208 (0.0087)	Prec@1 100.000 (99.787)	Prec@5 100.000 (100.000)
Epoch: [152][20/40], lr: 0.01000	Loss 0.0023 (0.0083)	Prec@1 100.000 (99.777)	Prec@5 100.000 (100.000)
Epoch: [152][30/40], lr: 0.01000	Loss 0.0042 (0.0078)	Prec@1 100.000 (99.824)	Prec@5 100.000 (100.000)
Epoch [152] Training Results: Prec@1 99.840 Prec@5 100.000             Loss 0.00757
Epoch [152] Training Class Recall: [0.998,1.000,0.983,1.000,0.993,1.000,1.000,1.000,1.000,1.000]

Epoch: [153][0/40], lr: 0.01000	Loss 0.0029 (0.0029)	Prec@1 100.000 (100.000)	Prec@5 100.000 (100.000)
Epoch: [153][10/40], lr: 0.01000	Loss 0.0053 (0.0028)	Prec@1 100.000 (100.000)	Prec@5 100.000 (100.000)
Epoch: [153][20/40], lr: 0.01000	Loss 0.0080 (0.0048)	Prec@1 100.000 (99.963)	Prec@5 100.000 (100.000)
Epoch: [153][30/40], lr: 0.01000	Loss 0.0030 (0.0040)	Prec@1 100.000 (99.975)	Prec@5 100.000 (100.000)
Epoch [153] Training Results: Prec@1 99.980 Prec@5 100.000             Loss 0.00413
Epoch [153] Training Class Recall: [0.999,1.000,1.000,1.000,1.000,1.000,1.000,1.000,1.000,1.000]

Epoch: [154][0/40], lr: 0.01000	Loss 0.0014 (0.0014)	Prec@1 100.000 (100.000)	Prec@5 100.000 (100.000)
Epoch: [154][10/40], lr: 0.01000	Loss 0.0122 (0.0338)	Prec@1 99.219 (98.935)	Prec@5 100.000 (100.000)
Epoch: [154][20/40], lr: 0.01000	Loss 0.0158 (0.0256)	Prec@1 99.219 (99.070)	Prec@5 100.000 (100.000)
Epoch: [154][30/40], lr: 0.01000	Loss 0.0044 (0.0219)	Prec@1 100.000 (99.244)	Prec@5 100.000 (100.000)
Epoch [154] Training Results: Prec@1 99.320 Prec@5 99.980             Loss 0.02224
Epoch [154] Training Class Recall: [0.991,0.982,0.970,0.994,0.984,0.997,0.998,0.998,1.000,0.996]

Epoch: [155][0/40], lr: 0.01000	Loss 0.0288 (0.0288)	Prec@1 98.438 (98.438)	Prec@5 100.000 (100.000)
Epoch: [155][10/40], lr: 0.01000	Loss 0.0711 (0.1824)	Prec@1 98.438 (93.821)	Prec@5 100.000 (100.000)
Epoch: [155][20/40], lr: 0.01000	Loss 0.0531 (0.1500)	Prec@1 99.219 (95.201)	Prec@5 100.000 (100.000)
Epoch: [155][30/40], lr: 0.01000	Loss 0.0497 (0.1212)	Prec@1 98.438 (96.144)	Prec@5 100.000 (100.000)
Epoch [155] Training Results: Prec@1 96.620 Prec@5 100.000             Loss 0.10683
Epoch [155] Training Class Recall: [0.975,0.900,0.875,0.938,0.948,0.944,0.988,0.983,0.992,0.997]

Epoch: [156][0/40], lr: 0.01000	Loss 0.0326 (0.0326)	Prec@1 99.219 (99.219)	Prec@5 100.000 (100.000)
Epoch: [156][10/40], lr: 0.01000	Loss 0.0312 (0.0714)	Prec@1 98.438 (98.082)	Prec@5 100.000 (100.000)
Epoch: [156][20/40], lr: 0.01000	Loss 0.0454 (0.0686)	Prec@1 98.438 (98.140)	Prec@5 100.000 (100.000)
Epoch: [156][30/40], lr: 0.01000	Loss 0.0820 (0.0578)	Prec@1 98.438 (98.488)	Prec@5 100.000 (100.000)
Epoch [156] Training Results: Prec@1 98.580 Prec@5 100.000             Loss 0.05327
Epoch [156] Training Class Recall: [0.989,0.973,0.918,0.967,0.967,0.982,0.997,0.998,1.000,1.000]

Epoch: [157][0/40], lr: 0.01000	Loss 0.0338 (0.0338)	Prec@1 98.438 (98.438)	Prec@5 100.000 (100.000)
Epoch: [157][10/40], lr: 0.01000	Loss 0.1930 (0.1897)	Prec@1 94.531 (94.673)	Prec@5 98.438 (99.716)
Epoch: [157][20/40], lr: 0.01000	Loss 0.0432 (0.1403)	Prec@1 98.438 (95.982)	Prec@5 100.000 (99.814)
Epoch: [157][30/40], lr: 0.01000	Loss 0.0112 (0.1125)	Prec@1 100.000 (96.825)	Prec@5 100.000 (99.874)
Epoch [157] Training Results: Prec@1 97.220 Prec@5 99.900             Loss 0.09645
Epoch [157] Training Class Recall: [0.991,0.964,0.823,0.932,0.934,0.955,0.997,0.991,0.998,0.996]

Epoch: [158][0/40], lr: 0.01000	Loss 0.0113 (0.0113)	Prec@1 100.000 (100.000)	Prec@5 100.000 (100.000)
Epoch: [158][10/40], lr: 0.01000	Loss 0.0235 (0.0535)	Prec@1 99.219 (98.295)	Prec@5 100.000 (100.000)
Epoch: [158][20/40], lr: 0.01000	Loss 0.0554 (0.0424)	Prec@1 99.219 (98.735)	Prec@5 100.000 (100.000)
Epoch: [158][30/40], lr: 0.01000	Loss 0.0295 (0.0413)	Prec@1 99.219 (98.841)	Prec@5 100.000 (100.000)
Epoch [158] Training Results: Prec@1 99.020 Prec@5 100.000             Loss 0.03612
Epoch [158] Training Class Recall: [0.990,0.986,0.940,0.982,0.997,0.984,0.991,1.000,1.000,1.000]

Epoch: [159][0/40], lr: 0.01000	Loss 0.0166 (0.0166)	Prec@1 100.000 (100.000)	Prec@5 100.000 (100.000)
Epoch: [159][10/40], lr: 0.01000	Loss 0.0044 (0.0120)	Prec@1 100.000 (99.716)	Prec@5 100.000 (100.000)
Epoch: [159][20/40], lr: 0.01000	Loss 0.0065 (0.0115)	Prec@1 100.000 (99.740)	Prec@5 100.000 (100.000)
Epoch: [159][30/40], lr: 0.01000	Loss 0.0021 (0.0113)	Prec@1 100.000 (99.748)	Prec@5 100.000 (100.000)
Epoch [159] Training Results: Prec@1 99.780 Prec@5 100.000             Loss 0.01018
Epoch [159] Training Class Recall: [0.996,0.995,0.987,0.994,0.997,1.000,1.000,1.000,1.000,1.000]

Epoch: [160][0/40], lr: 0.00010	Loss 0.0085 (0.0085)	Prec@1 100.000 (100.000)	Prec@5 100.000 (100.000)
Epoch: [160][10/40], lr: 0.00010	Loss 0.0035 (0.0084)	Prec@1 100.000 (99.858)	Prec@5 100.000 (100.000)
Epoch: [160][20/40], lr: 0.00010	Loss 0.0040 (0.0084)	Prec@1 100.000 (99.851)	Prec@5 100.000 (100.000)
Epoch: [160][30/40], lr: 0.00010	Loss 0.0025 (0.0072)	Prec@1 100.000 (99.874)	Prec@5 100.000 (100.000)
Epoch [160] Training Results: Prec@1 99.900 Prec@5 100.000             Loss 0.00672
Epoch [160] Training Class Recall: [1.000,0.986,0.991,1.000,1.000,1.000,1.000,1.000,1.000,1.000]

Epoch: [161][0/40], lr: 0.00010	Loss 0.0020 (0.0020)	Prec@1 100.000 (100.000)	Prec@5 100.000 (100.000)
Epoch: [161][10/40], lr: 0.00010	Loss 0.0026 (0.0054)	Prec@1 100.000 (99.858)	Prec@5 100.000 (100.000)
Epoch: [161][20/40], lr: 0.00010	Loss 0.0033 (0.0057)	Prec@1 100.000 (99.851)	Prec@5 100.000 (100.000)
Epoch: [161][30/40], lr: 0.00010	Loss 0.0034 (0.0053)	Prec@1 100.000 (99.874)	Prec@5 100.000 (100.000)
Epoch [161] Training Results: Prec@1 99.880 Prec@5 100.000             Loss 0.00607
Epoch [161] Training Class Recall: [0.999,0.995,0.991,0.997,0.997,1.000,1.000,1.000,1.000,1.000]

Epoch: [162][0/40], lr: 0.00010	Loss 0.0137 (0.0137)	Prec@1 99.219 (99.219)	Prec@5 100.000 (100.000)
Epoch: [162][10/40], lr: 0.00010	Loss 0.0353 (0.0082)	Prec@1 99.219 (99.858)	Prec@5 100.000 (100.000)
Epoch: [162][20/40], lr: 0.00010	Loss 0.0010 (0.0075)	Prec@1 100.000 (99.851)	Prec@5 100.000 (100.000)
Epoch: [162][30/40], lr: 0.00010	Loss 0.0088 (0.0067)	Prec@1 100.000 (99.874)	Prec@5 100.000 (100.000)
Epoch [162] Training Results: Prec@1 99.900 Prec@5 100.000             Loss 0.00602
Epoch [162] Training Class Recall: [0.998,0.995,0.996,0.997,1.000,1.000,1.000,1.000,1.000,1.000]

Epoch: [163][0/40], lr: 0.00010	Loss 0.0053 (0.0053)	Prec@1 100.000 (100.000)	Prec@5 100.000 (100.000)
Epoch: [163][10/40], lr: 0.00010	Loss 0.0047 (0.0081)	Prec@1 100.000 (99.716)	Prec@5 100.000 (100.000)
Epoch: [163][20/40], lr: 0.00010	Loss 0.0181 (0.0069)	Prec@1 99.219 (99.777)	Prec@5 100.000 (100.000)
Epoch: [163][30/40], lr: 0.00010	Loss 0.0078 (0.0067)	Prec@1 100.000 (99.824)	Prec@5 100.000 (100.000)
Epoch [163] Training Results: Prec@1 99.840 Prec@5 100.000             Loss 0.00651
Epoch [163] Training Class Recall: [0.998,0.995,0.987,0.997,0.997,1.000,1.000,1.000,1.000,1.000]

Epoch: [164][0/40], lr: 0.00010	Loss 0.0040 (0.0040)	Prec@1 100.000 (100.000)	Prec@5 100.000 (100.000)
Epoch: [164][10/40], lr: 0.00010	Loss 0.0050 (0.0050)	Prec@1 100.000 (99.929)	Prec@5 100.000 (100.000)
Epoch: [164][20/40], lr: 0.00010	Loss 0.0056 (0.0046)	Prec@1 100.000 (99.963)	Prec@5 100.000 (100.000)
Epoch: [164][30/40], lr: 0.00010	Loss 0.0031 (0.0047)	Prec@1 100.000 (99.924)	Prec@5 100.000 (100.000)
Epoch [164] Training Results: Prec@1 99.900 Prec@5 100.000             Loss 0.00527
Epoch [164] Training Class Recall: [0.999,0.991,0.991,1.000,1.000,1.000,1.000,1.000,1.000,1.000]

Epoch: [165][0/40], lr: 0.00010	Loss 0.0029 (0.0029)	Prec@1 100.000 (100.000)	Prec@5 100.000 (100.000)
Epoch: [165][10/40], lr: 0.00010	Loss 0.0018 (0.0055)	Prec@1 100.000 (99.929)	Prec@5 100.000 (100.000)
Epoch: [165][20/40], lr: 0.00010	Loss 0.0028 (0.0056)	Prec@1 100.000 (99.888)	Prec@5 100.000 (100.000)
Epoch: [165][30/40], lr: 0.00010	Loss 0.0032 (0.0053)	Prec@1 100.000 (99.899)	Prec@5 100.000 (100.000)
Epoch [165] Training Results: Prec@1 99.920 Prec@5 100.000             Loss 0.00518
Epoch [165] Training Class Recall: [0.999,0.995,0.991,1.000,1.000,1.000,1.000,1.000,1.000,1.000]

Epoch: [166][0/40], lr: 0.00010	Loss 0.0150 (0.0150)	Prec@1 100.000 (100.000)	Prec@5 100.000 (100.000)
Epoch: [166][10/40], lr: 0.00010	Loss 0.0039 (0.0049)	Prec@1 100.000 (100.000)	Prec@5 100.000 (100.000)
Epoch: [166][20/40], lr: 0.00010	Loss 0.0031 (0.0045)	Prec@1 100.000 (100.000)	Prec@5 100.000 (100.000)
Epoch: [166][30/40], lr: 0.00010	Loss 0.0018 (0.0045)	Prec@1 100.000 (99.950)	Prec@5 100.000 (100.000)
Epoch [166] Training Results: Prec@1 99.960 Prec@5 100.000             Loss 0.00506
Epoch [166] Training Class Recall: [0.998,1.000,1.000,1.000,1.000,1.000,1.000,1.000,1.000,1.000]

Epoch: [167][0/40], lr: 0.00010	Loss 0.0027 (0.0027)	Prec@1 100.000 (100.000)	Prec@5 100.000 (100.000)
Epoch: [167][10/40], lr: 0.00010	Loss 0.0052 (0.0043)	Prec@1 100.000 (99.929)	Prec@5 100.000 (100.000)
Epoch: [167][20/40], lr: 0.00010	Loss 0.0045 (0.0046)	Prec@1 100.000 (99.926)	Prec@5 100.000 (100.000)
Epoch: [167][30/40], lr: 0.00010	Loss 0.0014 (0.0043)	Prec@1 100.000 (99.950)	Prec@5 100.000 (100.000)
Epoch [167] Training Results: Prec@1 99.920 Prec@5 100.000             Loss 0.00570
Epoch [167] Training Class Recall: [1.000,1.000,0.991,1.000,1.000,1.000,1.000,1.000,0.996,1.000]

Epoch: [168][0/40], lr: 0.00010	Loss 0.0083 (0.0083)	Prec@1 100.000 (100.000)	Prec@5 100.000 (100.000)
Epoch: [168][10/40], lr: 0.00010	Loss 0.0032 (0.0062)	Prec@1 100.000 (99.929)	Prec@5 100.000 (100.000)
Epoch: [168][20/40], lr: 0.00010	Loss 0.0030 (0.0051)	Prec@1 100.000 (99.963)	Prec@5 100.000 (100.000)
Epoch: [168][30/40], lr: 0.00010	Loss 0.0029 (0.0053)	Prec@1 100.000 (99.950)	Prec@5 100.000 (100.000)
Epoch [168] Training Results: Prec@1 99.960 Prec@5 100.000             Loss 0.00521
Epoch [168] Training Class Recall: [1.000,0.991,1.000,1.000,1.000,1.000,1.000,1.000,1.000,1.000]

Epoch: [169][0/40], lr: 0.00010	Loss 0.0042 (0.0042)	Prec@1 100.000 (100.000)	Prec@5 100.000 (100.000)
Epoch: [169][10/40], lr: 0.00010	Loss 0.0052 (0.0051)	Prec@1 100.000 (99.929)	Prec@5 100.000 (100.000)
Epoch: [169][20/40], lr: 0.00010	Loss 0.0012 (0.0049)	Prec@1 100.000 (99.888)	Prec@5 100.000 (100.000)
Epoch: [169][30/40], lr: 0.00010	Loss 0.0036 (0.0044)	Prec@1 100.000 (99.924)	Prec@5 100.000 (100.000)
Epoch [169] Training Results: Prec@1 99.920 Prec@5 100.000             Loss 0.00461
Epoch [169] Training Class Recall: [1.000,0.991,0.996,0.997,1.000,1.000,1.000,1.000,1.000,1.000]

Epoch: [170][0/40], lr: 0.00010	Loss 0.0025 (0.0025)	Prec@1 100.000 (100.000)	Prec@5 100.000 (100.000)
Epoch: [170][10/40], lr: 0.00010	Loss 0.0068 (0.0032)	Prec@1 100.000 (100.000)	Prec@5 100.000 (100.000)
Epoch: [170][20/40], lr: 0.00010	Loss 0.0080 (0.0044)	Prec@1 99.219 (99.926)	Prec@5 100.000 (100.000)
Epoch: [170][30/40], lr: 0.00010	Loss 0.0056 (0.0043)	Prec@1 100.000 (99.924)	Prec@5 100.000 (100.000)
Epoch [170] Training Results: Prec@1 99.900 Prec@5 100.000             Loss 0.00580
Epoch [170] Training Class Recall: [0.999,0.995,0.996,1.000,1.000,0.998,1.000,1.000,0.998,1.000]

Epoch: [171][0/40], lr: 0.00010	Loss 0.0059 (0.0059)	Prec@1 100.000 (100.000)	Prec@5 100.000 (100.000)
Epoch: [171][10/40], lr: 0.00010	Loss 0.0118 (0.0068)	Prec@1 99.219 (99.787)	Prec@5 100.000 (100.000)
Epoch: [171][20/40], lr: 0.00010	Loss 0.0025 (0.0050)	Prec@1 100.000 (99.888)	Prec@5 100.000 (100.000)
Epoch: [171][30/40], lr: 0.00010	Loss 0.0092 (0.0045)	Prec@1 100.000 (99.924)	Prec@5 100.000 (100.000)
Epoch [171] Training Results: Prec@1 99.880 Prec@5 100.000             Loss 0.00526
Epoch [171] Training Class Recall: [0.999,1.000,0.987,0.994,1.000,1.000,1.000,1.000,1.000,1.000]

Epoch: [172][0/40], lr: 0.00010	Loss 0.0048 (0.0048)	Prec@1 100.000 (100.000)	Prec@5 100.000 (100.000)
Epoch: [172][10/40], lr: 0.00010	Loss 0.0037 (0.0042)	Prec@1 100.000 (100.000)	Prec@5 100.000 (100.000)
Epoch: [172][20/40], lr: 0.00010	Loss 0.0020 (0.0039)	Prec@1 100.000 (100.000)	Prec@5 100.000 (100.000)
Epoch: [172][30/40], lr: 0.00010	Loss 0.0043 (0.0045)	Prec@1 100.000 (99.975)	Prec@5 100.000 (100.000)
Epoch [172] Training Results: Prec@1 99.980 Prec@5 100.000             Loss 0.00479
Epoch [172] Training Class Recall: [1.000,1.000,0.996,1.000,1.000,1.000,1.000,1.000,1.000,1.000]

Epoch: [173][0/40], lr: 0.00010	Loss 0.0293 (0.0293)	Prec@1 98.438 (98.438)	Prec@5 100.000 (100.000)
Epoch: [173][10/40], lr: 0.00010	Loss 0.0013 (0.0096)	Prec@1 100.000 (99.716)	Prec@5 100.000 (100.000)
Epoch: [173][20/40], lr: 0.00010	Loss 0.0053 (0.0073)	Prec@1 100.000 (99.851)	Prec@5 100.000 (100.000)
Epoch: [173][30/40], lr: 0.00010	Loss 0.0151 (0.0065)	Prec@1 99.219 (99.874)	Prec@5 100.000 (100.000)
Epoch [173] Training Results: Prec@1 99.900 Prec@5 100.000             Loss 0.00639
Epoch [173] Training Class Recall: [0.997,0.995,1.000,0.997,1.000,1.000,1.000,1.000,1.000,1.000]

Epoch: [174][0/40], lr: 0.00010	Loss 0.0007 (0.0007)	Prec@1 100.000 (100.000)	Prec@5 100.000 (100.000)
Epoch: [174][10/40], lr: 0.00010	Loss 0.0021 (0.0034)	Prec@1 100.000 (100.000)	Prec@5 100.000 (100.000)
Epoch: [174][20/40], lr: 0.00010	Loss 0.0013 (0.0035)	Prec@1 100.000 (100.000)	Prec@5 100.000 (100.000)
Epoch: [174][30/40], lr: 0.00010	Loss 0.0070 (0.0046)	Prec@1 100.000 (99.950)	Prec@5 100.000 (100.000)
Epoch [174] Training Results: Prec@1 99.940 Prec@5 100.000             Loss 0.00537
Epoch [174] Training Class Recall: [0.998,1.000,0.996,1.000,1.000,1.000,1.000,1.000,1.000,1.000]

Epoch: [175][0/40], lr: 0.00010	Loss 0.0032 (0.0032)	Prec@1 100.000 (100.000)	Prec@5 100.000 (100.000)
Epoch: [175][10/40], lr: 0.00010	Loss 0.0039 (0.0045)	Prec@1 100.000 (100.000)	Prec@5 100.000 (100.000)
Epoch: [175][20/40], lr: 0.00010	Loss 0.0025 (0.0044)	Prec@1 100.000 (100.000)	Prec@5 100.000 (100.000)
Epoch: [175][30/40], lr: 0.00010	Loss 0.0020 (0.0044)	Prec@1 100.000 (99.975)	Prec@5 100.000 (100.000)
Epoch [175] Training Results: Prec@1 99.960 Prec@5 100.000             Loss 0.00468
Epoch [175] Training Class Recall: [0.999,1.000,1.000,1.000,1.000,1.000,0.998,1.000,1.000,1.000]

Epoch: [176][0/40], lr: 0.00010	Loss 0.0040 (0.0040)	Prec@1 100.000 (100.000)	Prec@5 100.000 (100.000)
Epoch: [176][10/40], lr: 0.00010	Loss 0.0066 (0.0041)	Prec@1 100.000 (100.000)	Prec@5 100.000 (100.000)
Epoch: [176][20/40], lr: 0.00010	Loss 0.0041 (0.0057)	Prec@1 100.000 (99.926)	Prec@5 100.000 (100.000)
Epoch: [176][30/40], lr: 0.00010	Loss 0.0134 (0.0060)	Prec@1 100.000 (99.924)	Prec@5 100.000 (100.000)
Epoch [176] Training Results: Prec@1 99.900 Prec@5 100.000             Loss 0.00685
Epoch [176] Training Class Recall: [0.999,0.995,0.991,1.000,1.000,1.000,1.000,1.000,1.000,0.999]

Epoch: [177][0/40], lr: 0.00010	Loss 0.0016 (0.0016)	Prec@1 100.000 (100.000)	Prec@5 100.000 (100.000)
Epoch: [177][10/40], lr: 0.00010	Loss 0.0052 (0.0044)	Prec@1 100.000 (99.929)	Prec@5 100.000 (100.000)
Epoch: [177][20/40], lr: 0.00010	Loss 0.0043 (0.0043)	Prec@1 100.000 (99.963)	Prec@5 100.000 (100.000)
Epoch: [177][30/40], lr: 0.00010	Loss 0.0024 (0.0044)	Prec@1 100.000 (99.975)	Prec@5 100.000 (100.000)
Epoch [177] Training Results: Prec@1 99.960 Prec@5 100.000             Loss 0.00461
Epoch [177] Training Class Recall: [1.000,1.000,0.996,0.997,1.000,1.000,1.000,1.000,1.000,1.000]

Epoch: [178][0/40], lr: 0.00010	Loss 0.0044 (0.0044)	Prec@1 100.000 (100.000)	Prec@5 100.000 (100.000)
Epoch: [178][10/40], lr: 0.00010	Loss 0.0016 (0.0047)	Prec@1 100.000 (99.929)	Prec@5 100.000 (100.000)
Epoch: [178][20/40], lr: 0.00010	Loss 0.0017 (0.0044)	Prec@1 100.000 (99.963)	Prec@5 100.000 (100.000)
Epoch: [178][30/40], lr: 0.00010	Loss 0.0023 (0.0046)	Prec@1 100.000 (99.950)	Prec@5 100.000 (100.000)
Epoch [178] Training Results: Prec@1 99.880 Prec@5 100.000             Loss 0.00744
Epoch [178] Training Class Recall: [1.000,0.995,0.996,0.994,1.000,1.000,0.998,1.000,0.998,1.000]

Epoch: [179][0/40], lr: 0.00010	Loss 0.0025 (0.0025)	Prec@1 100.000 (100.000)	Prec@5 100.000 (100.000)
Epoch: [179][10/40], lr: 0.00010	Loss 0.0100 (0.0041)	Prec@1 100.000 (100.000)	Prec@5 100.000 (100.000)
Epoch: [179][20/40], lr: 0.00010	Loss 0.0042 (0.0038)	Prec@1 100.000 (100.000)	Prec@5 100.000 (100.000)
Epoch: [179][30/40], lr: 0.00010	Loss 0.0014 (0.0033)	Prec@1 100.000 (100.000)	Prec@5 100.000 (100.000)
Epoch [179] Training Results: Prec@1 100.000 Prec@5 100.000             Loss 0.00333
Epoch [179] Training Class Recall: [1.000,1.000,1.000,1.000,1.000,1.000,1.000,1.000,1.000,1.000]

Epoch: [180][0/40], lr: 0.00000	Loss 0.0021 (0.0021)	Prec@1 100.000 (100.000)	Prec@5 100.000 (100.000)
Epoch: [180][10/40], lr: 0.00000	Loss 0.0056 (0.0056)	Prec@1 100.000 (99.858)	Prec@5 100.000 (100.000)
Epoch: [180][20/40], lr: 0.00000	Loss 0.0012 (0.0053)	Prec@1 100.000 (99.851)	Prec@5 100.000 (100.000)
Epoch: [180][30/40], lr: 0.00000	Loss 0.0030 (0.0062)	Prec@1 100.000 (99.849)	Prec@5 100.000 (100.000)
Epoch [180] Training Results: Prec@1 99.840 Prec@5 100.000             Loss 0.00714
Epoch [180] Training Class Recall: [0.996,1.000,0.996,0.997,0.997,1.000,1.000,0.998,1.000,1.000]

Epoch: [181][0/40], lr: 0.00000	Loss 0.0019 (0.0019)	Prec@1 100.000 (100.000)	Prec@5 100.000 (100.000)
Epoch: [181][10/40], lr: 0.00000	Loss 0.0026 (0.0033)	Prec@1 100.000 (100.000)	Prec@5 100.000 (100.000)
Epoch: [181][20/40], lr: 0.00000	Loss 0.0060 (0.0048)	Prec@1 100.000 (99.926)	Prec@5 100.000 (100.000)
Epoch: [181][30/40], lr: 0.00000	Loss 0.0059 (0.0046)	Prec@1 100.000 (99.950)	Prec@5 100.000 (100.000)
Epoch [181] Training Results: Prec@1 99.940 Prec@5 100.000             Loss 0.00476
Epoch [181] Training Class Recall: [0.999,0.995,1.000,1.000,1.000,0.998,1.000,1.000,1.000,1.000]

Epoch: [182][0/40], lr: 0.00000	Loss 0.0050 (0.0050)	Prec@1 100.000 (100.000)	Prec@5 100.000 (100.000)
Epoch: [182][10/40], lr: 0.00000	Loss 0.0058 (0.0045)	Prec@1 100.000 (99.929)	Prec@5 100.000 (100.000)
Epoch: [182][20/40], lr: 0.00000	Loss 0.0045 (0.0043)	Prec@1 100.000 (99.963)	Prec@5 100.000 (100.000)
Epoch: [182][30/40], lr: 0.00000	Loss 0.0032 (0.0053)	Prec@1 100.000 (99.924)	Prec@5 100.000 (100.000)
Epoch [182] Training Results: Prec@1 99.900 Prec@5 100.000             Loss 0.00553
Epoch [182] Training Class Recall: [0.998,1.000,0.996,0.997,1.000,0.998,1.000,1.000,1.000,1.000]

Epoch: [183][0/40], lr: 0.00000	Loss 0.0019 (0.0019)	Prec@1 100.000 (100.000)	Prec@5 100.000 (100.000)
Epoch: [183][10/40], lr: 0.00000	Loss 0.0030 (0.0038)	Prec@1 100.000 (100.000)	Prec@5 100.000 (100.000)
Epoch: [183][20/40], lr: 0.00000	Loss 0.0022 (0.0039)	Prec@1 100.000 (99.963)	Prec@5 100.000 (100.000)
Epoch: [183][30/40], lr: 0.00000	Loss 0.0011 (0.0041)	Prec@1 100.000 (99.950)	Prec@5 100.000 (100.000)
Epoch [183] Training Results: Prec@1 99.900 Prec@5 100.000             Loss 0.00650
Epoch [183] Training Class Recall: [0.996,1.000,0.996,1.000,1.000,1.000,1.000,1.000,1.000,1.000]

Epoch: [184][0/40], lr: 0.00000	Loss 0.0024 (0.0024)	Prec@1 100.000 (100.000)	Prec@5 100.000 (100.000)
Epoch: [184][10/40], lr: 0.00000	Loss 0.0023 (0.0042)	Prec@1 100.000 (99.929)	Prec@5 100.000 (100.000)
Epoch: [184][20/40], lr: 0.00000	Loss 0.0145 (0.0042)	Prec@1 99.219 (99.926)	Prec@5 100.000 (100.000)
Epoch: [184][30/40], lr: 0.00000	Loss 0.0021 (0.0043)	Prec@1 100.000 (99.924)	Prec@5 100.000 (100.000)
Epoch [184] Training Results: Prec@1 99.920 Prec@5 100.000             Loss 0.00445
Epoch [184] Training Class Recall: [0.998,1.000,0.996,1.000,1.000,0.998,1.000,1.000,1.000,1.000]

Epoch: [185][0/40], lr: 0.00000	Loss 0.0044 (0.0044)	Prec@1 100.000 (100.000)	Prec@5 100.000 (100.000)
Epoch: [185][10/40], lr: 0.00000	Loss 0.0099 (0.0040)	Prec@1 99.219 (99.929)	Prec@5 100.000 (100.000)
Epoch: [185][20/40], lr: 0.00000	Loss 0.0015 (0.0058)	Prec@1 100.000 (99.888)	Prec@5 100.000 (100.000)
Epoch: [185][30/40], lr: 0.00000	Loss 0.0013 (0.0048)	Prec@1 100.000 (99.924)	Prec@5 100.000 (100.000)
Epoch [185] Training Results: Prec@1 99.900 Prec@5 100.000             Loss 0.00505
Epoch [185] Training Class Recall: [0.997,1.000,0.996,0.997,1.000,1.000,1.000,1.000,1.000,1.000]

Epoch: [186][0/40], lr: 0.00000	Loss 0.0036 (0.0036)	Prec@1 100.000 (100.000)	Prec@5 100.000 (100.000)
Epoch: [186][10/40], lr: 0.00000	Loss 0.0041 (0.0043)	Prec@1 100.000 (99.929)	Prec@5 100.000 (100.000)
Epoch: [186][20/40], lr: 0.00000	Loss 0.0180 (0.0047)	Prec@1 99.219 (99.926)	Prec@5 100.000 (100.000)
Epoch: [186][30/40], lr: 0.00000	Loss 0.0058 (0.0045)	Prec@1 100.000 (99.924)	Prec@5 100.000 (100.000)
Epoch [186] Training Results: Prec@1 99.900 Prec@5 100.000             Loss 0.00463
Epoch [186] Training Class Recall: [0.998,1.000,0.996,0.997,1.000,1.000,1.000,1.000,0.998,1.000]

Epoch: [187][0/40], lr: 0.00000	Loss 0.0051 (0.0051)	Prec@1 100.000 (100.000)	Prec@5 100.000 (100.000)
Epoch: [187][10/40], lr: 0.00000	Loss 0.0027 (0.0043)	Prec@1 100.000 (99.929)	Prec@5 100.000 (100.000)
Epoch: [187][20/40], lr: 0.00000	Loss 0.0058 (0.0042)	Prec@1 100.000 (99.926)	Prec@5 100.000 (100.000)
Epoch: [187][30/40], lr: 0.00000	Loss 0.0023 (0.0037)	Prec@1 100.000 (99.950)	Prec@5 100.000 (100.000)
Epoch [187] Training Results: Prec@1 99.940 Prec@5 100.000             Loss 0.00416
Epoch [187] Training Class Recall: [0.998,0.995,1.000,1.000,1.000,1.000,1.000,1.000,1.000,1.000]

Epoch: [188][0/40], lr: 0.00000	Loss 0.0012 (0.0012)	Prec@1 100.000 (100.000)	Prec@5 100.000 (100.000)
Epoch: [188][10/40], lr: 0.00000	Loss 0.0014 (0.0068)	Prec@1 100.000 (99.929)	Prec@5 100.000 (100.000)
Epoch: [188][20/40], lr: 0.00000	Loss 0.0043 (0.0050)	Prec@1 100.000 (99.963)	Prec@5 100.000 (100.000)
Epoch: [188][30/40], lr: 0.00000	Loss 0.0027 (0.0050)	Prec@1 100.000 (99.950)	Prec@5 100.000 (100.000)
Epoch [188] Training Results: Prec@1 99.940 Prec@5 100.000             Loss 0.00528
Epoch [188] Training Class Recall: [0.998,1.000,1.000,0.997,1.000,1.000,1.000,1.000,1.000,1.000]

Epoch: [189][0/40], lr: 0.00000	Loss 0.0106 (0.0106)	Prec@1 99.219 (99.219)	Prec@5 100.000 (100.000)
Epoch: [189][10/40], lr: 0.00000	Loss 0.0019 (0.0038)	Prec@1 100.000 (99.929)	Prec@5 100.000 (100.000)
Epoch: [189][20/40], lr: 0.00000	Loss 0.0010 (0.0034)	Prec@1 100.000 (99.963)	Prec@5 100.000 (100.000)
Epoch: [189][30/40], lr: 0.00000	Loss 0.0067 (0.0038)	Prec@1 100.000 (99.950)	Prec@5 100.000 (100.000)
Epoch [189] Training Results: Prec@1 99.960 Prec@5 100.000             Loss 0.00377
Epoch [189] Training Class Recall: [0.999,1.000,0.996,1.000,1.000,1.000,1.000,1.000,1.000,1.000]

Epoch: [190][0/40], lr: 0.00000	Loss 0.0020 (0.0020)	Prec@1 100.000 (100.000)	Prec@5 100.000 (100.000)
Epoch: [190][10/40], lr: 0.00000	Loss 0.0013 (0.0043)	Prec@1 100.000 (99.929)	Prec@5 100.000 (100.000)
Epoch: [190][20/40], lr: 0.00000	Loss 0.0034 (0.0042)	Prec@1 100.000 (99.926)	Prec@5 100.000 (100.000)
Epoch: [190][30/40], lr: 0.00000	Loss 0.0130 (0.0046)	Prec@1 100.000 (99.924)	Prec@5 100.000 (100.000)
Epoch [190] Training Results: Prec@1 99.920 Prec@5 100.000             Loss 0.00452
Epoch [190] Training Class Recall: [0.997,1.000,1.000,1.000,1.000,0.998,1.000,1.000,1.000,1.000]

Epoch: [191][0/40], lr: 0.00000	Loss 0.0051 (0.0051)	Prec@1 100.000 (100.000)	Prec@5 100.000 (100.000)
Epoch: [191][10/40], lr: 0.00000	Loss 0.0019 (0.0052)	Prec@1 100.000 (99.929)	Prec@5 100.000 (100.000)
Epoch: [191][20/40], lr: 0.00000	Loss 0.0010 (0.0053)	Prec@1 100.000 (99.888)	Prec@5 100.000 (100.000)
Epoch: [191][30/40], lr: 0.00000	Loss 0.0023 (0.0051)	Prec@1 100.000 (99.899)	Prec@5 100.000 (100.000)
Epoch [191] Training Results: Prec@1 99.920 Prec@5 100.000             Loss 0.00479
Epoch [191] Training Class Recall: [1.000,0.991,0.996,0.997,1.000,1.000,1.000,1.000,1.000,1.000]

Epoch: [192][0/40], lr: 0.00000	Loss 0.0052 (0.0052)	Prec@1 100.000 (100.000)	Prec@5 100.000 (100.000)
Epoch: [192][10/40], lr: 0.00000	Loss 0.0081 (0.0051)	Prec@1 100.000 (100.000)	Prec@5 100.000 (100.000)
Epoch: [192][20/40], lr: 0.00000	Loss 0.0045 (0.0046)	Prec@1 100.000 (99.963)	Prec@5 100.000 (100.000)
Epoch: [192][30/40], lr: 0.00000	Loss 0.0058 (0.0044)	Prec@1 100.000 (99.975)	Prec@5 100.000 (100.000)
Epoch [192] Training Results: Prec@1 99.960 Prec@5 100.000             Loss 0.00439
Epoch [192] Training Class Recall: [1.000,0.995,0.996,1.000,1.000,1.000,1.000,1.000,1.000,1.000]

Epoch: [193][0/40], lr: 0.00000	Loss 0.0046 (0.0046)	Prec@1 100.000 (100.000)	Prec@5 100.000 (100.000)
Epoch: [193][10/40], lr: 0.00000	Loss 0.0024 (0.0042)	Prec@1 100.000 (100.000)	Prec@5 100.000 (100.000)
Epoch: [193][20/40], lr: 0.00000	Loss 0.0031 (0.0040)	Prec@1 100.000 (100.000)	Prec@5 100.000 (100.000)
Epoch: [193][30/40], lr: 0.00000	Loss 0.0030 (0.0045)	Prec@1 100.000 (99.975)	Prec@5 100.000 (100.000)
Epoch [193] Training Results: Prec@1 99.960 Prec@5 100.000             Loss 0.00444
Epoch [193] Training Class Recall: [1.000,1.000,0.996,0.997,1.000,1.000,1.000,1.000,1.000,1.000]

Epoch: [194][0/40], lr: 0.00000	Loss 0.0014 (0.0014)	Prec@1 100.000 (100.000)	Prec@5 100.000 (100.000)
Epoch: [194][10/40], lr: 0.00000	Loss 0.0028 (0.0034)	Prec@1 100.000 (99.929)	Prec@5 100.000 (100.000)
Epoch: [194][20/40], lr: 0.00000	Loss 0.0041 (0.0045)	Prec@1 100.000 (99.888)	Prec@5 100.000 (100.000)
Epoch: [194][30/40], lr: 0.00000	Loss 0.0033 (0.0043)	Prec@1 100.000 (99.924)	Prec@5 100.000 (100.000)
Epoch [194] Training Results: Prec@1 99.920 Prec@5 100.000             Loss 0.00466
Epoch [194] Training Class Recall: [0.996,1.000,1.000,1.000,1.000,1.000,1.000,1.000,1.000,1.000]

Epoch: [195][0/40], lr: 0.00000	Loss 0.0015 (0.0015)	Prec@1 100.000 (100.000)	Prec@5 100.000 (100.000)
Epoch: [195][10/40], lr: 0.00000	Loss 0.0023 (0.0052)	Prec@1 100.000 (99.858)	Prec@5 100.000 (100.000)
Epoch: [195][20/40], lr: 0.00000	Loss 0.0013 (0.0049)	Prec@1 100.000 (99.888)	Prec@5 100.000 (100.000)
Epoch: [195][30/40], lr: 0.00000	Loss 0.0030 (0.0045)	Prec@1 100.000 (99.924)	Prec@5 100.000 (100.000)
Epoch [195] Training Results: Prec@1 99.920 Prec@5 100.000             Loss 0.00485
Epoch [195] Training Class Recall: [0.999,1.000,0.991,0.997,1.000,1.000,1.000,1.000,1.000,1.000]

Epoch: [196][0/40], lr: 0.00000	Loss 0.0084 (0.0084)	Prec@1 100.000 (100.000)	Prec@5 100.000 (100.000)
Epoch: [196][10/40], lr: 0.00000	Loss 0.0027 (0.0046)	Prec@1 100.000 (99.858)	Prec@5 100.000 (100.000)
Epoch: [196][20/40], lr: 0.00000	Loss 0.0023 (0.0042)	Prec@1 100.000 (99.926)	Prec@5 100.000 (100.000)
Epoch: [196][30/40], lr: 0.00000	Loss 0.0079 (0.0041)	Prec@1 100.000 (99.950)	Prec@5 100.000 (100.000)
Epoch [196] Training Results: Prec@1 99.940 Prec@5 100.000             Loss 0.00434
Epoch [196] Training Class Recall: [0.998,0.995,1.000,1.000,1.000,1.000,1.000,1.000,1.000,1.000]

Epoch: [197][0/40], lr: 0.00000	Loss 0.0044 (0.0044)	Prec@1 100.000 (100.000)	Prec@5 100.000 (100.000)
Epoch: [197][10/40], lr: 0.00000	Loss 0.0053 (0.0045)	Prec@1 100.000 (100.000)	Prec@5 100.000 (100.000)
Epoch: [197][20/40], lr: 0.00000	Loss 0.0049 (0.0038)	Prec@1 100.000 (100.000)	Prec@5 100.000 (100.000)
Epoch: [197][30/40], lr: 0.00000	Loss 0.0019 (0.0036)	Prec@1 100.000 (100.000)	Prec@5 100.000 (100.000)
Epoch [197] Training Results: Prec@1 100.000 Prec@5 100.000             Loss 0.00376
Epoch [197] Training Class Recall: [1.000,1.000,1.000,1.000,1.000,1.000,1.000,1.000,1.000,1.000]

Epoch: [198][0/40], lr: 0.00000	Loss 0.0104 (0.0104)	Prec@1 100.000 (100.000)	Prec@5 100.000 (100.000)
Epoch: [198][10/40], lr: 0.00000	Loss 0.0033 (0.0048)	Prec@1 100.000 (100.000)	Prec@5 100.000 (100.000)
Epoch: [198][20/40], lr: 0.00000	Loss 0.0013 (0.0051)	Prec@1 100.000 (99.926)	Prec@5 100.000 (100.000)
Epoch: [198][30/40], lr: 0.00000	Loss 0.0050 (0.0049)	Prec@1 100.000 (99.924)	Prec@5 100.000 (100.000)
Epoch [198] Training Results: Prec@1 99.920 Prec@5 100.000             Loss 0.00469
Epoch [198] Training Class Recall: [0.998,0.995,0.996,1.000,1.000,1.000,1.000,1.000,1.000,1.000]

Epoch: [199][0/40], lr: 0.00000	Loss 0.0016 (0.0016)	Prec@1 100.000 (100.000)	Prec@5 100.000 (100.000)
Epoch: [199][10/40], lr: 0.00000	Loss 0.0263 (0.0054)	Prec@1 99.219 (99.929)	Prec@5 100.000 (100.000)
Epoch: [199][20/40], lr: 0.00000	Loss 0.0018 (0.0040)	Prec@1 100.000 (99.963)	Prec@5 100.000 (100.000)
Epoch: [199][30/40], lr: 0.00000	Loss 0.0093 (0.0039)	Prec@1 100.000 (99.975)	Prec@5 100.000 (100.000)
Epoch [199] Training Results: Prec@1 99.920 Prec@5 100.000             Loss 0.00450
Epoch [199] Training Class Recall: [0.999,0.995,1.000,0.994,1.000,1.000,1.000,1.000,1.000,1.000]

