2026-06-16 02:33:45,157 - debug - DEBUG - Debug logging enabled for this run.
2026-06-16 02:33:48,450 - debug - DEBUG - Saved original_cls_num_list: [5000, 5000, 5000, 5000, 5000, 5000, 5000, 5000, 5000, 5000]
2026-06-16 02:33:48,450 - debug - DEBUG - SAVA cache key: cifar10_exp_1.0_noise0.2_0_sava
2026-06-16 02:33:50,194 - debug - DEBUG - Cache not found, computing SAVA scores...
2026-06-16 02:33:50,194 - debug - DEBUG - train_dataset size: 50000, val_dataset size: 10000
2026-06-16 02:33:50,194 - debug - DEBUG - batch_size: 5000, device: cuda
2026-06-16 02:33:50,195 - debug - DEBUG - Calling hierarchical_ot_experiment...
2026-06-16 02:38:28,079 - debug - DEBUG - hierarchical_ot_experiment returned
2026-06-16 02:38:28,097 - debug - DEBUG - Sorted scores (most valuable first) - min: -2173.720128, max: 3479.323216, mean: -0.000001, std: 547.928367
2026-06-16 02:38:28,098 - debug - DEBUG - First 10 scores (most valuable): [[-2173.72012774]
 [-2132.77423681]
 [-2128.27426803]
 [-2063.89926501]
 [-2031.13007538]
 [-2012.79165002]
 [-2009.50598694]
 [-1993.58473678]
 [-1991.22222095]
 [-1961.29502776]]
2026-06-16 02:38:28,098 - debug - DEBUG - Last 10 scores (least valuable): [[2676.65458597]
 [2735.75694907]
 [2755.14730723]
 [2756.5907884 ]
 [2928.58054502]
 [2975.82069573]
 [2977.56270208]
 [3057.49356124]
 [3295.01559917]
 [3479.32321623]]
2026-06-16 02:38:28,111 - debug - DEBUG - Sorted indices shape: (50000,), dtype: int64
2026-06-16 02:38:28,111 - debug - DEBUG - First 10 training indices (most valuable): [32487  3845  3322   874  2855  4014  4381  2739  2692  4667]
2026-06-16 02:38:28,112 - debug - DEBUG - Last 10 training indices (least valuable): [ 2707   803  2708 29372  2462  4398  3957  4226   438  2064]
2026-06-16 02:38:28,177 - debug - DEBUG - Saved indices shape: (50000,)
2026-06-16 02:38:28,177 - debug - DEBUG - First 10 computed indices: [32487  3845  3322   874  2855  4014  4381  2739  2692  4667]
2026-06-16 02:38:28,177 - debug - DEBUG - Last 10 computed indices: [ 2707   803  2708 29372  2462  4398  3957  4226   438  2064]
2026-06-16 02:38:28,178 - debug - DEBUG - keep_ratio=0.9, num_keep=45000
2026-06-16 02:38:28,178 - debug - DEBUG - First 10 kept indices: [32487  3845  3322   874  2855  4014  4381  2739  2692  4667]
2026-06-16 02:38:28,178 - debug - DEBUG - Last 10 kept indices: [37036 47939 33469 36297 22280   531 46238 31948  2665 30281]
2026-06-16 02:38:28,178 - debug - DEBUG - SAVA returned 45000 indices out of 50000
2026-06-16 02:38:28,178 - debug - DEBUG - First 10 indices: [32487  3845  3322   874  2855  4014  4381  2739  2692  4667]
2026-06-16 02:38:28,178 - debug - DEBUG - Last 10 indices: [37036 47939 33469 36297 22280   531 46238 31948  2665 30281]
2026-06-16 02:38:28,187 - debug - DEBUG - Original class distribution (full train set): {0: 5000, 1: 5000, 2: 5000, 3: 5000, 4: 5000, 5: 5000, 6: 5000, 7: 5000, 8: 5000, 9: 5000}
2026-06-16 02:38:28,194 - debug - DEBUG - New cls_num_list: [3841, 4735, 4701, 4533, 4696, 4385, 4506, 4672, 4438, 4493]
2026-06-16 02:38:28,194 - debug - DEBUG - Total selected samples: 45000
2026-06-16 02:38:28,196 - debug - DEBUG - train_dataset type: <class 'imbalanceddl.dataset.sava_dataset.SavaDataset'>
2026-06-16 02:38:28,196 - debug - DEBUG - val_dataset type: <class 'torchvision.datasets.cifar.CIFAR10'>
2026-06-16 02:38:28,196 - debug - DEBUG - train_dataset.targets length: 45000
2026-06-16 02:38:28,196 - debug - DEBUG - Number of train loader batches: 352
2026-06-16 02:38:28,509 - debug - DEBUG - First batch class counts: {0: 16, 1: 12, 2: 9, 3: 8, 4: 15, 5: 14, 6: 12, 7: 11, 8: 21, 9: 10}
2026-06-16 02:38:28,640 - debug - DEBUG - Validation loader created. Length: 100
2026-06-16 02:38:28,956 - debug - DEBUG - Device Check - Batch 0
2026-06-16 02:38:28,957 - debug - DEBUG -   Config GPU ID: 1
2026-06-16 02:38:28,957 - debug - DEBUG -   Input Device:  cuda:1
2026-06-16 02:38:28,958 - debug - DEBUG -   Target Device: cuda:1
2026-06-16 02:38:28,958 - debug - DEBUG -   Model Device:  cuda:1
2026-06-16 02:38:28,958 - debug - DEBUG -   Criterion Weight Device: No weights
2026-06-16 02:38:32,121 - debug - DEBUG - Batch 0 grad norm: 5.980848
2026-06-16 02:38:33,033 - debug - DEBUG - Batch 10 grad norm: 2.235704
2026-06-16 02:38:33,969 - debug - DEBUG - Batch 20 grad norm: 1.937747
2026-06-16 02:38:34,874 - debug - DEBUG - Batch 30 grad norm: 2.561805
2026-06-16 02:38:35,825 - debug - DEBUG - Batch 40 grad norm: 3.248423
2026-06-16 02:38:36,758 - debug - DEBUG - Batch 50 grad norm: 2.411717
2026-06-16 02:38:37,689 - debug - DEBUG - Batch 60 grad norm: 2.333839
2026-06-16 02:38:38,602 - debug - DEBUG - Batch 70 grad norm: 2.452811
2026-06-16 02:38:39,542 - debug - DEBUG - Batch 80 grad norm: 3.572568
2026-06-16 02:38:40,473 - debug - DEBUG - Batch 90 grad norm: 2.241868
2026-06-16 02:38:41,429 - debug - DEBUG - Batch 100 grad norm: 2.425962
2026-06-16 02:38:42,325 - debug - DEBUG - Batch 110 grad norm: 3.337019
2026-06-16 02:38:43,255 - debug - DEBUG - Batch 120 grad norm: 2.714774
2026-06-16 02:38:44,206 - debug - DEBUG - Batch 130 grad norm: 2.283754
2026-06-16 02:38:45,172 - debug - DEBUG - Batch 140 grad norm: 2.264617
2026-06-16 02:38:46,125 - debug - DEBUG - Batch 150 grad norm: 2.334967
2026-06-16 02:38:47,076 - debug - DEBUG - Batch 160 grad norm: 2.718556
2026-06-16 02:38:48,019 - debug - DEBUG - Batch 170 grad norm: 2.774238
2026-06-16 02:38:48,964 - debug - DEBUG - Batch 180 grad norm: 3.276503
2026-06-16 02:38:49,906 - debug - DEBUG - Batch 190 grad norm: 3.375561
2026-06-16 02:38:50,846 - debug - DEBUG - Batch 200 grad norm: 2.650734
2026-06-16 02:38:51,782 - debug - DEBUG - Batch 210 grad norm: 2.971009
2026-06-16 02:38:52,726 - debug - DEBUG - Batch 220 grad norm: 1.984697
2026-06-16 02:38:53,624 - debug - DEBUG - Batch 230 grad norm: 2.403833
2026-06-16 02:38:54,542 - debug - DEBUG - Batch 240 grad norm: 2.190566
2026-06-16 02:38:55,474 - debug - DEBUG - Batch 250 grad norm: 2.210600
2026-06-16 02:38:56,393 - debug - DEBUG - Batch 260 grad norm: 2.764183
2026-06-16 02:38:57,282 - debug - DEBUG - Batch 270 grad norm: 2.552349
2026-06-16 02:38:58,200 - debug - DEBUG - Batch 280 grad norm: 1.891002
2026-06-16 02:38:59,083 - debug - DEBUG - Batch 290 grad norm: 2.440724
2026-06-16 02:39:00,002 - debug - DEBUG - Batch 300 grad norm: 2.560149
2026-06-16 02:39:00,924 - debug - DEBUG - Batch 310 grad norm: 2.393082
2026-06-16 02:39:01,815 - debug - DEBUG - Batch 320 grad norm: 2.460094
2026-06-16 02:39:02,832 - debug - DEBUG - Batch 330 grad norm: 2.295687
2026-06-16 02:39:03,568 - debug - DEBUG - Batch 340 grad norm: 2.591147
2026-06-16 02:39:04,511 - debug - DEBUG - Batch 350 grad norm: 2.259727
2026-06-16 02:39:06,499 - debug - DEBUG - compute_metrics_and_record started for epoch 0
2026-06-16 02:39:06,499 - debug - DEBUG - all_preds length: 45000, all_targets length: 45000
2026-06-16 02:39:06,499 - debug - DEBUG - First 10 preds: [4, 4, 4, 4, 4, 4, 4, 4, 4, 4]
2026-06-16 02:39:06,499 - debug - DEBUG - First 10 targets: [5, 1, 5, 7, 7, 2, 4, 9, 7, 3]
2026-06-16 02:39:06,510 - debug - DEBUG - Unique predicted classes: 10 (first 10: [0 1 2 3 4 5 6 7 8 9])
2026-06-16 02:39:06,510 - debug - DEBUG - Unique target classes: 10 (first 10: [0 1 2 3 4 5 6 7 8 9])
2026-06-16 02:39:09,408 - debug - DEBUG - compute_metrics_and_record started for epoch 0
2026-06-16 02:39:09,408 - debug - DEBUG - all_preds length: 10000, all_targets length: 10000
2026-06-16 02:39:09,408 - debug - DEBUG - First 10 preds: [7, 1, 1, 1, 6, 3, 1, 4, 5, 1]
2026-06-16 02:39:09,408 - debug - DEBUG - First 10 targets: [3, 8, 8, 0, 6, 6, 1, 6, 3, 1]
2026-06-16 02:39:09,411 - debug - DEBUG - Unique predicted classes: 10 (first 10: [0 1 2 3 4 5 6 7 8 9])
2026-06-16 02:39:09,411 - debug - DEBUG - Unique target classes: 10 (first 10: [0 1 2 3 4 5 6 7 8 9])
2026-06-16 02:39:09,745 - debug - DEBUG - Device Check - Batch 0
2026-06-16 02:39:09,746 - debug - DEBUG -   Config GPU ID: 1
2026-06-16 02:39:09,746 - debug - DEBUG -   Input Device:  cuda:1
2026-06-16 02:39:09,747 - debug - DEBUG -   Target Device: cuda:1
2026-06-16 02:39:09,747 - debug - DEBUG -   Model Device:  cuda:1
2026-06-16 02:39:09,747 - debug - DEBUG -   Criterion Weight Device: No weights
2026-06-16 02:39:10,173 - debug - DEBUG - Batch 0 grad norm: 2.024524
2026-06-16 02:39:11,114 - debug - DEBUG - Batch 10 grad norm: 2.464164
2026-06-16 02:39:12,064 - debug - DEBUG - Batch 20 grad norm: 2.480710
2026-06-16 02:39:13,015 - debug - DEBUG - Batch 30 grad norm: 2.124239
2026-06-16 02:39:13,972 - debug - DEBUG - Batch 40 grad norm: 2.912463
2026-06-16 02:39:14,928 - debug - DEBUG - Batch 50 grad norm: 2.861520
2026-06-16 02:39:15,863 - debug - DEBUG - Batch 60 grad norm: 2.429540
2026-06-16 02:39:16,833 - debug - DEBUG - Batch 70 grad norm: 2.441447
2026-06-16 02:39:17,763 - debug - DEBUG - Batch 80 grad norm: 2.296910
2026-06-16 02:39:18,714 - debug - DEBUG - Batch 90 grad norm: 2.232457
2026-06-16 02:39:19,652 - debug - DEBUG - Batch 100 grad norm: 1.714167
2026-06-16 02:39:20,605 - debug - DEBUG - Batch 110 grad norm: 1.611762
2026-06-16 02:39:21,582 - debug - DEBUG - Batch 120 grad norm: 2.236016
2026-06-16 02:39:22,534 - debug - DEBUG - Batch 130 grad norm: 2.189363
2026-06-16 02:39:23,461 - debug - DEBUG - Batch 140 grad norm: 1.906773
2026-06-16 02:39:24,401 - debug - DEBUG - Batch 150 grad norm: 2.362322
2026-06-16 02:39:25,344 - debug - DEBUG - Batch 160 grad norm: 1.887601
2026-06-16 02:39:26,223 - debug - DEBUG - Batch 170 grad norm: 1.823495
2026-06-16 02:39:27,147 - debug - DEBUG - Batch 180 grad norm: 2.054333
2026-06-16 02:39:28,065 - debug - DEBUG - Batch 190 grad norm: 2.228161
2026-06-16 02:39:28,991 - debug - DEBUG - Batch 200 grad norm: 2.551914
2026-06-16 02:39:29,888 - debug - DEBUG - Batch 210 grad norm: 2.095299
2026-06-16 02:39:30,818 - debug - DEBUG - Batch 220 grad norm: 1.896210
2026-06-16 02:39:31,692 - debug - DEBUG - Batch 230 grad norm: 1.656587
2026-06-16 02:39:32,603 - debug - DEBUG - Batch 240 grad norm: 1.627293
2026-06-16 02:39:33,510 - debug - DEBUG - Batch 250 grad norm: 2.688622
2026-06-16 02:39:34,423 - debug - DEBUG - Batch 260 grad norm: 1.534852
2026-06-16 02:39:35,357 - debug - DEBUG - Batch 270 grad norm: 2.000778
2026-06-16 02:39:36,270 - debug - DEBUG - Batch 280 grad norm: 2.524949
2026-06-16 02:39:37,211 - debug - DEBUG - Batch 290 grad norm: 1.803558
2026-06-16 02:39:38,132 - debug - DEBUG - Batch 300 grad norm: 1.444813
2026-06-16 02:39:39,066 - debug - DEBUG - Batch 310 grad norm: 1.670160
2026-06-16 02:39:39,976 - debug - DEBUG - Batch 320 grad norm: 1.845235
2026-06-16 02:39:40,788 - debug - DEBUG - Batch 330 grad norm: 1.524107
2026-06-16 02:39:41,796 - debug - DEBUG - Batch 340 grad norm: 1.797797
2026-06-16 02:39:42,620 - debug - DEBUG - Batch 350 grad norm: 1.824828
2026-06-16 02:39:42,727 - debug - DEBUG - compute_metrics_and_record started for epoch 1
2026-06-16 02:39:42,727 - debug - DEBUG - all_preds length: 45000, all_targets length: 45000
2026-06-16 02:39:42,727 - debug - DEBUG - First 10 preds: [1, 4, 3, 1, 9, 3, 7, 0, 8, 2]
2026-06-16 02:39:42,727 - debug - DEBUG - First 10 targets: [0, 4, 7, 8, 9, 9, 7, 4, 9, 2]
2026-06-16 02:39:42,739 - debug - DEBUG - Unique predicted classes: 10 (first 10: [0 1 2 3 4 5 6 7 8 9])
2026-06-16 02:39:42,740 - debug - DEBUG - Unique target classes: 10 (first 10: [0 1 2 3 4 5 6 7 8 9])
2026-06-16 02:39:44,963 - debug - DEBUG - compute_metrics_and_record started for epoch 1
2026-06-16 02:39:44,963 - debug - DEBUG - all_preds length: 10000, all_targets length: 10000
2026-06-16 02:39:44,964 - debug - DEBUG - First 10 preds: [3, 8, 8, 8, 6, 3, 1, 6, 5, 1]
2026-06-16 02:39:44,964 - debug - DEBUG - First 10 targets: [3, 8, 8, 0, 6, 6, 1, 6, 3, 1]
2026-06-16 02:39:44,966 - debug - DEBUG - Unique predicted classes: 10 (first 10: [0 1 2 3 4 5 6 7 8 9])
2026-06-16 02:39:44,967 - debug - DEBUG - Unique target classes: 10 (first 10: [0 1 2 3 4 5 6 7 8 9])
2026-06-16 02:39:45,308 - debug - DEBUG - Device Check - Batch 0
2026-06-16 02:39:45,309 - debug - DEBUG -   Config GPU ID: 1
2026-06-16 02:39:45,309 - debug - DEBUG -   Input Device:  cuda:1
2026-06-16 02:39:45,309 - debug - DEBUG -   Target Device: cuda:1
2026-06-16 02:39:45,309 - debug - DEBUG -   Model Device:  cuda:1
2026-06-16 02:39:45,309 - debug - DEBUG -   Criterion Weight Device: No weights
2026-06-16 02:39:45,633 - debug - DEBUG - Batch 0 grad norm: 1.860421
2026-06-16 02:39:46,547 - debug - DEBUG - Batch 10 grad norm: 2.222946
2026-06-16 02:39:47,481 - debug - DEBUG - Batch 20 grad norm: 1.933230
2026-06-16 02:39:48,413 - debug - DEBUG - Batch 30 grad norm: 1.610361
2026-06-16 02:39:49,327 - debug - DEBUG - Batch 40 grad norm: 1.965165
2026-06-16 02:39:50,264 - debug - DEBUG - Batch 50 grad norm: 2.003310
2026-06-16 02:39:51,178 - debug - DEBUG - Batch 60 grad norm: 1.769787
2026-06-16 02:39:52,131 - debug - DEBUG - Batch 70 grad norm: 1.713053
2026-06-16 02:39:53,073 - debug - DEBUG - Batch 80 grad norm: 1.564483
2026-06-16 02:39:54,024 - debug - DEBUG - Batch 90 grad norm: 1.262967
2026-06-16 02:39:54,957 - debug - DEBUG - Batch 100 grad norm: 1.644588
2026-06-16 02:39:55,897 - debug - DEBUG - Batch 110 grad norm: 1.783048
2026-06-16 02:39:56,816 - debug - DEBUG - Batch 120 grad norm: 1.767213
2026-06-16 02:39:57,766 - debug - DEBUG - Batch 130 grad norm: 1.883087
2026-06-16 02:39:58,713 - debug - DEBUG - Batch 140 grad norm: 1.379951
2026-06-16 02:39:59,626 - debug - DEBUG - Batch 150 grad norm: 1.785554
2026-06-16 02:40:00,552 - debug - DEBUG - Batch 160 grad norm: 1.947643
2026-06-16 02:40:01,458 - debug - DEBUG - Batch 170 grad norm: 1.439325
2026-06-16 02:40:02,388 - debug - DEBUG - Batch 180 grad norm: 1.202257
2026-06-16 02:40:03,306 - debug - DEBUG - Batch 190 grad norm: 1.335441
2026-06-16 02:40:04,228 - debug - DEBUG - Batch 200 grad norm: 1.572657
2026-06-16 02:40:05,131 - debug - DEBUG - Batch 210 grad norm: 1.288336
2026-06-16 02:40:06,057 - debug - DEBUG - Batch 220 grad norm: 1.421732
2026-06-16 02:40:07,001 - debug - DEBUG - Batch 230 grad norm: 1.072965
2026-06-16 02:40:07,921 - debug - DEBUG - Batch 240 grad norm: 1.482332
2026-06-16 02:40:08,838 - debug - DEBUG - Batch 250 grad norm: 1.400614
2026-06-16 02:40:09,736 - debug - DEBUG - Batch 260 grad norm: 1.649435
2026-06-16 02:40:10,656 - debug - DEBUG - Batch 270 grad norm: 1.371009
2026-06-16 02:40:11,566 - debug - DEBUG - Batch 280 grad norm: 1.268869
2026-06-16 02:40:12,487 - debug - DEBUG - Batch 290 grad norm: 1.404326
2026-06-16 02:40:13,391 - debug - DEBUG - Batch 300 grad norm: 1.088190
2026-06-16 02:40:14,338 - debug - DEBUG - Batch 310 grad norm: 1.312370
2026-06-16 02:40:15,252 - debug - DEBUG - Batch 320 grad norm: 1.240385
2026-06-16 02:40:16,196 - debug - DEBUG - Batch 330 grad norm: 1.331563
2026-06-16 02:40:17,137 - debug - DEBUG - Batch 340 grad norm: 1.108777
2026-06-16 02:40:18,072 - debug - DEBUG - Batch 350 grad norm: 1.342887
2026-06-16 02:40:18,184 - debug - DEBUG - compute_metrics_and_record started for epoch 2
2026-06-16 02:40:18,184 - debug - DEBUG - all_preds length: 45000, all_targets length: 45000
2026-06-16 02:40:18,185 - debug - DEBUG - First 10 preds: [9, 2, 1, 6, 4, 1, 4, 2, 1, 1]
2026-06-16 02:40:18,185 - debug - DEBUG - First 10 targets: [9, 5, 1, 6, 6, 8, 4, 2, 1, 1]
2026-06-16 02:40:18,199 - debug - DEBUG - Unique predicted classes: 10 (first 10: [0 1 2 3 4 5 6 7 8 9])
2026-06-16 02:40:18,199 - debug - DEBUG - Unique target classes: 10 (first 10: [0 1 2 3 4 5 6 7 8 9])
2026-06-16 02:40:20,193 - debug - DEBUG - compute_metrics_and_record started for epoch 2
2026-06-16 02:40:20,193 - debug - DEBUG - all_preds length: 10000, all_targets length: 10000
2026-06-16 02:40:20,193 - debug - DEBUG - First 10 preds: [3, 1, 1, 8, 6, 3, 1, 4, 3, 1]
2026-06-16 02:40:20,193 - debug - DEBUG - First 10 targets: [3, 8, 8, 0, 6, 6, 1, 6, 3, 1]
2026-06-16 02:40:20,196 - debug - DEBUG - Unique predicted classes: 10 (first 10: [0 1 2 3 4 5 6 7 8 9])
2026-06-16 02:40:20,196 - debug - DEBUG - Unique target classes: 10 (first 10: [0 1 2 3 4 5 6 7 8 9])
2026-06-16 02:40:20,514 - debug - DEBUG - Device Check - Batch 0
2026-06-16 02:40:20,514 - debug - DEBUG -   Config GPU ID: 1
2026-06-16 02:40:20,515 - debug - DEBUG -   Input Device:  cuda:1
2026-06-16 02:40:20,515 - debug - DEBUG -   Target Device: cuda:1
2026-06-16 02:40:20,515 - debug - DEBUG -   Model Device:  cuda:1
2026-06-16 02:40:20,515 - debug - DEBUG -   Criterion Weight Device: No weights
2026-06-16 02:40:20,959 - debug - DEBUG - Batch 0 grad norm: 1.404930
2026-06-16 02:40:21,967 - debug - DEBUG - Batch 10 grad norm: 1.445948
2026-06-16 02:40:22,730 - debug - DEBUG - Batch 20 grad norm: 1.303627
2026-06-16 02:40:23,671 - debug - DEBUG - Batch 30 grad norm: 1.944046
2026-06-16 02:40:24,583 - debug - DEBUG - Batch 40 grad norm: 1.438825
2026-06-16 02:40:25,526 - debug - DEBUG - Batch 50 grad norm: 1.511622
2026-06-16 02:40:26,448 - debug - DEBUG - Batch 60 grad norm: 1.349480
2026-06-16 02:40:27,393 - debug - DEBUG - Batch 70 grad norm: 1.112769
2026-06-16 02:40:28,299 - debug - DEBUG - Batch 80 grad norm: 1.186229
2026-06-16 02:40:29,232 - debug - DEBUG - Batch 90 grad norm: 1.344333
2026-06-16 02:40:30,184 - debug - DEBUG - Batch 100 grad norm: 1.326032
2026-06-16 02:40:31,124 - debug - DEBUG - Batch 110 grad norm: 1.381751
2026-06-16 02:40:32,063 - debug - DEBUG - Batch 120 grad norm: 1.442781
2026-06-16 02:40:32,989 - debug - DEBUG - Batch 130 grad norm: 1.188731
2026-06-16 02:40:33,948 - debug - DEBUG - Batch 140 grad norm: 1.331171
2026-06-16 02:40:34,887 - debug - DEBUG - Batch 150 grad norm: 1.408867
2026-06-16 02:40:35,834 - debug - DEBUG - Batch 160 grad norm: 1.081928
2026-06-16 02:40:36,785 - debug - DEBUG - Batch 170 grad norm: 1.647269
2026-06-16 02:40:37,704 - debug - DEBUG - Batch 180 grad norm: 1.319788
2026-06-16 02:40:38,624 - debug - DEBUG - Batch 190 grad norm: 1.152155
2026-06-16 02:40:39,564 - debug - DEBUG - Batch 200 grad norm: 1.095156
2026-06-16 02:40:40,497 - debug - DEBUG - Batch 210 grad norm: 1.291947
2026-06-16 02:40:41,401 - debug - DEBUG - Batch 220 grad norm: 1.230673
2026-06-16 02:40:42,330 - debug - DEBUG - Batch 230 grad norm: 1.327551
2026-06-16 02:40:43,228 - debug - DEBUG - Batch 240 grad norm: 1.372959
2026-06-16 02:40:44,148 - debug - DEBUG - Batch 250 grad norm: 1.498949
2026-06-16 02:40:45,063 - debug - DEBUG - Batch 260 grad norm: 1.292544
2026-06-16 02:40:45,986 - debug - DEBUG - Batch 270 grad norm: 1.195069
2026-06-16 02:40:46,875 - debug - DEBUG - Batch 280 grad norm: 1.186816
2026-06-16 02:40:47,784 - debug - DEBUG - Batch 290 grad norm: 1.066333
2026-06-16 02:40:48,683 - debug - DEBUG - Batch 300 grad norm: 1.106320
2026-06-16 02:40:49,610 - debug - DEBUG - Batch 310 grad norm: 1.484574
2026-06-16 02:40:50,509 - debug - DEBUG - Batch 320 grad norm: 1.178172
2026-06-16 02:40:51,441 - debug - DEBUG - Batch 330 grad norm: 0.981861
2026-06-16 02:40:52,390 - debug - DEBUG - Batch 340 grad norm: 1.005722
2026-06-16 02:40:53,337 - debug - DEBUG - Batch 350 grad norm: 1.219886
2026-06-16 02:40:53,435 - debug - DEBUG - compute_metrics_and_record started for epoch 3
2026-06-16 02:40:53,435 - debug - DEBUG - all_preds length: 45000, all_targets length: 45000
2026-06-16 02:40:53,435 - debug - DEBUG - First 10 preds: [7, 4, 6, 3, 9, 2, 4, 9, 2, 4]
2026-06-16 02:40:53,436 - debug - DEBUG - First 10 targets: [7, 4, 6, 3, 9, 4, 6, 7, 2, 4]
2026-06-16 02:40:53,451 - debug - DEBUG - Unique predicted classes: 10 (first 10: [0 1 2 3 4 5 6 7 8 9])
2026-06-16 02:40:53,451 - debug - DEBUG - Unique target classes: 10 (first 10: [0 1 2 3 4 5 6 7 8 9])
2026-06-16 02:40:55,430 - debug - DEBUG - compute_metrics_and_record started for epoch 3
2026-06-16 02:40:55,430 - debug - DEBUG - all_preds length: 10000, all_targets length: 10000
2026-06-16 02:40:55,430 - debug - DEBUG - First 10 preds: [3, 8, 8, 8, 6, 6, 1, 4, 4, 1]
2026-06-16 02:40:55,430 - debug - DEBUG - First 10 targets: [3, 8, 8, 0, 6, 6, 1, 6, 3, 1]
2026-06-16 02:40:55,432 - debug - DEBUG - Unique predicted classes: 10 (first 10: [0 1 2 3 4 5 6 7 8 9])
2026-06-16 02:40:55,432 - debug - DEBUG - Unique target classes: 10 (first 10: [0 1 2 3 4 5 6 7 8 9])
2026-06-16 02:40:55,723 - debug - DEBUG - Device Check - Batch 0
2026-06-16 02:40:55,723 - debug - DEBUG -   Config GPU ID: 1
2026-06-16 02:40:55,724 - debug - DEBUG -   Input Device:  cuda:1
2026-06-16 02:40:55,724 - debug - DEBUG -   Target Device: cuda:1
2026-06-16 02:40:55,725 - debug - DEBUG -   Model Device:  cuda:1
2026-06-16 02:40:55,725 - debug - DEBUG -   Criterion Weight Device: No weights
2026-06-16 02:40:56,104 - debug - DEBUG - Batch 0 grad norm: 1.171104
2026-06-16 02:40:57,024 - debug - DEBUG - Batch 10 grad norm: 1.252717
2026-06-16 02:40:57,962 - debug - DEBUG - Batch 20 grad norm: 1.371796
2026-06-16 02:40:58,902 - debug - DEBUG - Batch 30 grad norm: 1.143678
2026-06-16 02:40:59,853 - debug - DEBUG - Batch 40 grad norm: 1.100279
2026-06-16 02:41:00,591 - debug - DEBUG - Batch 50 grad norm: 1.180506
2026-06-16 02:41:01,607 - debug - DEBUG - Batch 60 grad norm: 1.165916
2026-06-16 02:41:02,514 - debug - DEBUG - Batch 70 grad norm: 1.095343
2026-06-16 02:41:03,381 - debug - DEBUG - Batch 80 grad norm: 0.882981
2026-06-16 02:41:04,327 - debug - DEBUG - Batch 90 grad norm: 1.075288
2026-06-16 02:41:05,230 - debug - DEBUG - Batch 100 grad norm: 1.164321
2026-06-16 02:41:06,171 - debug - DEBUG - Batch 110 grad norm: 1.073419
2026-06-16 02:41:07,080 - debug - DEBUG - Batch 120 grad norm: 0.976281
2026-06-16 02:41:08,007 - debug - DEBUG - Batch 130 grad norm: 1.115613
2026-06-16 02:41:08,900 - debug - DEBUG - Batch 140 grad norm: 1.218830
2026-06-16 02:41:09,845 - debug - DEBUG - Batch 150 grad norm: 1.193657
2026-06-16 02:41:10,783 - debug - DEBUG - Batch 160 grad norm: 1.240874
2026-06-16 02:41:11,734 - debug - DEBUG - Batch 170 grad norm: 1.062751
2026-06-16 02:41:12,657 - debug - DEBUG - Batch 180 grad norm: 1.331713
2026-06-16 02:41:13,600 - debug - DEBUG - Batch 190 grad norm: 1.081818
2026-06-16 02:41:14,557 - debug - DEBUG - Batch 200 grad norm: 0.994556
2026-06-16 02:41:15,523 - debug - DEBUG - Batch 210 grad norm: 0.941688
2026-06-16 02:41:16,482 - debug - DEBUG - Batch 220 grad norm: 1.071652
2026-06-16 02:41:17,447 - debug - DEBUG - Batch 230 grad norm: 1.074226
2026-06-16 02:41:18,411 - debug - DEBUG - Batch 240 grad norm: 1.007528
2026-06-16 02:41:19,378 - debug - DEBUG - Batch 250 grad norm: 1.024365
2026-06-16 02:41:20,324 - debug - DEBUG - Batch 260 grad norm: 0.999521
2026-06-16 02:41:21,285 - debug - DEBUG - Batch 270 grad norm: 1.025512
2026-06-16 02:41:22,253 - debug - DEBUG - Batch 280 grad norm: 0.730577
2026-06-16 02:41:23,217 - debug - DEBUG - Batch 290 grad norm: 0.986610
2026-06-16 02:41:24,159 - debug - DEBUG - Batch 300 grad norm: 0.993849
2026-06-16 02:41:25,129 - debug - DEBUG - Batch 310 grad norm: 1.022550
2026-06-16 02:41:26,095 - debug - DEBUG - Batch 320 grad norm: 1.296992
2026-06-16 02:41:27,055 - debug - DEBUG - Batch 330 grad norm: 1.208755
2026-06-16 02:41:27,933 - debug - DEBUG - Batch 340 grad norm: 0.846959
2026-06-16 02:41:28,866 - debug - DEBUG - Batch 350 grad norm: 1.219897
2026-06-16 02:41:28,946 - debug - DEBUG - compute_metrics_and_record started for epoch 4
2026-06-16 02:41:28,946 - debug - DEBUG - all_preds length: 45000, all_targets length: 45000
2026-06-16 02:41:28,947 - debug - DEBUG - First 10 preds: [1, 1, 0, 5, 3, 5, 7, 4, 7, 4]
2026-06-16 02:41:28,947 - debug - DEBUG - First 10 targets: [1, 6, 0, 5, 3, 3, 7, 2, 7, 4]
2026-06-16 02:41:28,957 - debug - DEBUG - Unique predicted classes: 10 (first 10: [0 1 2 3 4 5 6 7 8 9])
2026-06-16 02:41:28,957 - debug - DEBUG - Unique target classes: 10 (first 10: [0 1 2 3 4 5 6 7 8 9])
2026-06-16 02:41:31,150 - debug - DEBUG - compute_metrics_and_record started for epoch 4
2026-06-16 02:41:31,150 - debug - DEBUG - all_preds length: 10000, all_targets length: 10000
2026-06-16 02:41:31,151 - debug - DEBUG - First 10 preds: [6, 8, 8, 8, 6, 6, 1, 6, 4, 1]
2026-06-16 02:41:31,151 - debug - DEBUG - First 10 targets: [3, 8, 8, 0, 6, 6, 1, 6, 3, 1]
2026-06-16 02:41:31,155 - debug - DEBUG - Unique predicted classes: 10 (first 10: [0 1 2 3 4 5 6 7 8 9])
2026-06-16 02:41:31,156 - debug - DEBUG - Unique target classes: 10 (first 10: [0 1 2 3 4 5 6 7 8 9])
2026-06-16 02:41:31,565 - debug - DEBUG - Device Check - Batch 0
2026-06-16 02:41:31,565 - debug - DEBUG -   Config GPU ID: 1
2026-06-16 02:41:31,565 - debug - DEBUG -   Input Device:  cuda:1
2026-06-16 02:41:31,565 - debug - DEBUG -   Target Device: cuda:1
2026-06-16 02:41:31,566 - debug - DEBUG -   Model Device:  cuda:1
2026-06-16 02:41:31,567 - debug - DEBUG -   Criterion Weight Device: No weights
2026-06-16 02:41:31,992 - debug - DEBUG - Batch 0 grad norm: 1.278324
2026-06-16 02:41:32,918 - debug - DEBUG - Batch 10 grad norm: 0.934392
2026-06-16 02:41:33,810 - debug - DEBUG - Batch 20 grad norm: 1.104605
2026-06-16 02:41:34,679 - debug - DEBUG - Batch 30 grad norm: 0.942804
2026-06-16 02:41:35,573 - debug - DEBUG - Batch 40 grad norm: 0.930252
2026-06-16 02:41:36,594 - debug - DEBUG - Batch 50 grad norm: 0.922779
2026-06-16 02:41:37,591 - debug - DEBUG - Batch 60 grad norm: 0.978013
2026-06-16 02:41:38,319 - debug - DEBUG - Batch 70 grad norm: 1.319812
2026-06-16 02:41:39,085 - debug - DEBUG - Batch 80 grad norm: 1.034241
2026-06-16 02:41:39,921 - debug - DEBUG - Batch 90 grad norm: 0.952129
2026-06-16 02:41:40,737 - debug - DEBUG - Batch 100 grad norm: 0.911078
2026-06-16 02:41:41,636 - debug - DEBUG - Batch 110 grad norm: 1.122885
2026-06-16 02:41:42,593 - debug - DEBUG - Batch 120 grad norm: 1.249485
2026-06-16 02:41:43,346 - debug - DEBUG - Batch 130 grad norm: 1.137498
2026-06-16 02:41:44,338 - debug - DEBUG - Batch 140 grad norm: 0.968406
2026-06-16 02:41:45,246 - debug - DEBUG - Batch 150 grad norm: 1.028023
2026-06-16 02:41:46,147 - debug - DEBUG - Batch 160 grad norm: 0.838384
2026-06-16 02:41:47,035 - debug - DEBUG - Batch 170 grad norm: 1.032702
2026-06-16 02:41:47,901 - debug - DEBUG - Batch 180 grad norm: 0.973888
2026-06-16 02:41:48,816 - debug - DEBUG - Batch 190 grad norm: 1.018620
2026-06-16 02:41:49,838 - debug - DEBUG - Batch 200 grad norm: 1.066157
2026-06-16 02:41:50,737 - debug - DEBUG - Batch 210 grad norm: 1.091703
2026-06-16 02:41:51,534 - debug - DEBUG - Batch 220 grad norm: 1.229516
2026-06-16 02:41:52,457 - debug - DEBUG - Batch 230 grad norm: 1.171415
2026-06-16 02:41:53,364 - debug - DEBUG - Batch 240 grad norm: 0.942702
2026-06-16 02:41:54,240 - debug - DEBUG - Batch 250 grad norm: 1.070523
2026-06-16 02:41:55,134 - debug - DEBUG - Batch 260 grad norm: 0.868685
2026-06-16 02:41:55,888 - debug - DEBUG - Batch 270 grad norm: 1.031826
2026-06-16 02:41:56,833 - debug - DEBUG - Batch 280 grad norm: 0.994044
2026-06-16 02:41:57,634 - debug - DEBUG - Batch 290 grad norm: 1.107044
2026-06-16 02:41:58,431 - debug - DEBUG - Batch 300 grad norm: 0.965226
2026-06-16 02:41:59,244 - debug - DEBUG - Batch 310 grad norm: 0.913977
2026-06-16 02:42:00,036 - debug - DEBUG - Batch 320 grad norm: 1.348498
2026-06-16 02:42:00,933 - debug - DEBUG - Batch 330 grad norm: 1.012332
2026-06-16 02:42:01,784 - debug - DEBUG - Batch 340 grad norm: 0.905370
2026-06-16 02:42:02,676 - debug - DEBUG - Batch 350 grad norm: 0.935931
2026-06-16 02:42:02,765 - debug - DEBUG - compute_metrics_and_record started for epoch 5
2026-06-16 02:42:02,765 - debug - DEBUG - all_preds length: 45000, all_targets length: 45000
2026-06-16 02:42:02,765 - debug - DEBUG - First 10 preds: [9, 3, 0, 5, 2, 2, 5, 8, 1, 1]
2026-06-16 02:42:02,765 - debug - DEBUG - First 10 targets: [9, 3, 0, 5, 2, 2, 8, 9, 9, 1]
2026-06-16 02:42:02,775 - debug - DEBUG - Unique predicted classes: 10 (first 10: [0 1 2 3 4 5 6 7 8 9])
2026-06-16 02:42:02,775 - debug - DEBUG - Unique target classes: 10 (first 10: [0 1 2 3 4 5 6 7 8 9])
2026-06-16 02:42:04,879 - debug - DEBUG - compute_metrics_and_record started for epoch 5
2026-06-16 02:42:04,880 - debug - DEBUG - all_preds length: 10000, all_targets length: 10000
2026-06-16 02:42:04,880 - debug - DEBUG - First 10 preds: [3, 8, 8, 8, 6, 6, 1, 2, 3, 1]
2026-06-16 02:42:04,880 - debug - DEBUG - First 10 targets: [3, 8, 8, 0, 6, 6, 1, 6, 3, 1]
2026-06-16 02:42:04,882 - debug - DEBUG - Unique predicted classes: 10 (first 10: [0 1 2 3 4 5 6 7 8 9])
2026-06-16 02:42:04,882 - debug - DEBUG - Unique target classes: 10 (first 10: [0 1 2 3 4 5 6 7 8 9])
2026-06-16 02:42:05,307 - debug - DEBUG - Device Check - Batch 0
2026-06-16 02:42:05,309 - debug - DEBUG -   Config GPU ID: 1
2026-06-16 02:42:05,309 - debug - DEBUG -   Input Device:  cuda:1
2026-06-16 02:42:05,309 - debug - DEBUG -   Target Device: cuda:1
2026-06-16 02:42:05,310 - debug - DEBUG -   Model Device:  cuda:1
2026-06-16 02:42:05,310 - debug - DEBUG -   Criterion Weight Device: No weights
2026-06-16 02:42:05,598 - debug - DEBUG - Batch 0 grad norm: 1.045538
2026-06-16 02:42:06,446 - debug - DEBUG - Batch 10 grad norm: 1.177807
2026-06-16 02:42:07,308 - debug - DEBUG - Batch 20 grad norm: 1.154274
2026-06-16 02:42:08,167 - debug - DEBUG - Batch 30 grad norm: 1.050312
2026-06-16 02:42:09,047 - debug - DEBUG - Batch 40 grad norm: 1.117259
2026-06-16 02:42:09,878 - debug - DEBUG - Batch 50 grad norm: 1.057951
2026-06-16 02:42:10,763 - debug - DEBUG - Batch 60 grad norm: 0.978539
2026-06-16 02:42:11,588 - debug - DEBUG - Batch 70 grad norm: 0.971958
2026-06-16 02:42:12,666 - debug - DEBUG - Batch 80 grad norm: 1.005063
2026-06-16 02:42:13,490 - debug - DEBUG - Batch 90 grad norm: 1.017933
2026-06-16 02:42:14,343 - debug - DEBUG - Batch 100 grad norm: 1.254095
2026-06-16 02:42:15,209 - debug - DEBUG - Batch 110 grad norm: 0.927396
2026-06-16 02:42:16,097 - debug - DEBUG - Batch 120 grad norm: 1.301676
2026-06-16 02:42:16,930 - debug - DEBUG - Batch 130 grad norm: 1.151713
2026-06-16 02:42:17,991 - debug - DEBUG - Batch 140 grad norm: 0.878378
2026-06-16 02:42:18,830 - debug - DEBUG - Batch 150 grad norm: 0.944958
2026-06-16 02:42:19,568 - debug - DEBUG - Batch 160 grad norm: 1.203129
2026-06-16 02:42:20,372 - debug - DEBUG - Batch 170 grad norm: 0.942312
2026-06-16 02:42:21,240 - debug - DEBUG - Batch 180 grad norm: 1.144824
2026-06-16 02:42:21,906 - debug - DEBUG - Batch 190 grad norm: 1.120737
2026-06-16 02:42:22,769 - debug - DEBUG - Batch 200 grad norm: 1.028131
2026-06-16 02:42:23,592 - debug - DEBUG - Batch 210 grad norm: 1.025725
2026-06-16 02:42:24,488 - debug - DEBUG - Batch 220 grad norm: 1.008251
2026-06-16 02:42:25,500 - debug - DEBUG - Batch 230 grad norm: 0.954445
2026-06-16 02:42:26,406 - debug - DEBUG - Batch 240 grad norm: 1.342954
2026-06-16 02:42:27,211 - debug - DEBUG - Batch 250 grad norm: 1.105852
2026-06-16 02:42:28,077 - debug - DEBUG - Batch 260 grad norm: 0.932167
2026-06-16 02:42:28,926 - debug - DEBUG - Batch 270 grad norm: 0.961465
2026-06-16 02:42:29,825 - debug - DEBUG - Batch 280 grad norm: 1.037318
2026-06-16 02:42:30,701 - debug - DEBUG - Batch 290 grad norm: 1.276293
2026-06-16 02:42:31,744 - debug - DEBUG - Batch 300 grad norm: 1.004819
2026-06-16 02:42:32,656 - debug - DEBUG - Batch 310 grad norm: 0.951150
2026-06-16 02:42:33,558 - debug - DEBUG - Batch 320 grad norm: 1.057944
2026-06-16 02:42:34,519 - debug - DEBUG - Batch 330 grad norm: 0.943783
2026-06-16 02:42:35,408 - debug - DEBUG - Batch 340 grad norm: 0.901393
2026-06-16 02:42:36,317 - debug - DEBUG - Batch 350 grad norm: 0.951208
2026-06-16 02:42:36,424 - debug - DEBUG - compute_metrics_and_record started for epoch 6
2026-06-16 02:42:36,425 - debug - DEBUG - all_preds length: 45000, all_targets length: 45000
2026-06-16 02:42:36,425 - debug - DEBUG - First 10 preds: [2, 2, 2, 4, 6, 6, 5, 9, 4, 9]
2026-06-16 02:42:36,425 - debug - DEBUG - First 10 targets: [4, 6, 2, 4, 6, 5, 5, 9, 4, 9]
2026-06-16 02:42:36,442 - debug - DEBUG - Unique predicted classes: 10 (first 10: [0 1 2 3 4 5 6 7 8 9])
2026-06-16 02:42:36,443 - debug - DEBUG - Unique target classes: 10 (first 10: [0 1 2 3 4 5 6 7 8 9])
2026-06-16 02:42:38,750 - debug - DEBUG - compute_metrics_and_record started for epoch 6
2026-06-16 02:42:38,752 - debug - DEBUG - all_preds length: 10000, all_targets length: 10000
2026-06-16 02:42:38,752 - debug - DEBUG - First 10 preds: [3, 8, 8, 8, 6, 6, 1, 6, 3, 1]
2026-06-16 02:42:38,752 - debug - DEBUG - First 10 targets: [3, 8, 8, 0, 6, 6, 1, 6, 3, 1]
2026-06-16 02:42:38,762 - debug - DEBUG - Unique predicted classes: 10 (first 10: [0 1 2 3 4 5 6 7 8 9])
2026-06-16 02:42:38,763 - debug - DEBUG - Unique target classes: 10 (first 10: [0 1 2 3 4 5 6 7 8 9])
2026-06-16 02:42:39,245 - debug - DEBUG - Device Check - Batch 0
2026-06-16 02:42:39,246 - debug - DEBUG -   Config GPU ID: 1
2026-06-16 02:42:39,247 - debug - DEBUG -   Input Device:  cuda:1
2026-06-16 02:42:39,247 - debug - DEBUG -   Target Device: cuda:1
2026-06-16 02:42:39,247 - debug - DEBUG -   Model Device:  cuda:1
2026-06-16 02:42:39,247 - debug - DEBUG -   Criterion Weight Device: No weights
2026-06-16 02:42:39,678 - debug - DEBUG - Batch 0 grad norm: 0.966746
2026-06-16 02:42:40,598 - debug - DEBUG - Batch 10 grad norm: 1.039498
2026-06-16 02:42:41,566 - debug - DEBUG - Batch 20 grad norm: 1.005589
2026-06-16 02:42:42,483 - debug - DEBUG - Batch 30 grad norm: 1.150625
2026-06-16 02:42:43,374 - debug - DEBUG - Batch 40 grad norm: 1.029714
2026-06-16 02:42:44,435 - debug - DEBUG - Batch 50 grad norm: 0.918745
2026-06-16 02:42:45,353 - debug - DEBUG - Batch 60 grad norm: 1.080891
2026-06-16 02:42:46,295 - debug - DEBUG - Batch 70 grad norm: 1.132748
2026-06-16 02:42:47,171 - debug - DEBUG - Batch 80 grad norm: 0.870642
2026-06-16 02:42:48,050 - debug - DEBUG - Batch 90 grad norm: 0.991608
2026-06-16 02:42:48,837 - debug - DEBUG - Batch 100 grad norm: 0.888536
2026-06-16 02:42:49,713 - debug - DEBUG - Batch 110 grad norm: 0.815030
2026-06-16 02:42:50,560 - debug - DEBUG - Batch 120 grad norm: 1.129881
2026-06-16 02:42:51,611 - debug - DEBUG - Batch 130 grad norm: 0.952566
2026-06-16 02:42:52,472 - debug - DEBUG - Batch 140 grad norm: 1.303892
2026-06-16 02:42:53,263 - debug - DEBUG - Batch 150 grad norm: 1.032154
2026-06-16 02:42:54,073 - debug - DEBUG - Batch 160 grad norm: 0.905028
2026-06-16 02:42:54,956 - debug - DEBUG - Batch 170 grad norm: 0.940607
2026-06-16 02:42:55,916 - debug - DEBUG - Batch 180 grad norm: 1.198646
2026-06-16 02:42:56,968 - debug - DEBUG - Batch 190 grad norm: 0.883664
2026-06-16 02:42:57,866 - debug - DEBUG - Batch 200 grad norm: 0.925848
2026-06-16 02:42:58,693 - debug - DEBUG - Batch 210 grad norm: 0.846399
2026-06-16 02:42:59,648 - debug - DEBUG - Batch 220 grad norm: 0.823178
2026-06-16 02:43:00,290 - debug - DEBUG - Batch 230 grad norm: 0.994812
2026-06-16 02:43:01,122 - debug - DEBUG - Batch 240 grad norm: 0.861626
2026-06-16 02:43:01,956 - debug - DEBUG - Batch 250 grad norm: 1.026808
2026-06-16 02:43:02,837 - debug - DEBUG - Batch 260 grad norm: 1.031763
2026-06-16 02:43:03,678 - debug - DEBUG - Batch 270 grad norm: 0.898392
2026-06-16 02:43:04,722 - debug - DEBUG - Batch 280 grad norm: 0.967630
2026-06-16 02:43:05,588 - debug - DEBUG - Batch 290 grad norm: 1.025582
2026-06-16 02:43:06,483 - debug - DEBUG - Batch 300 grad norm: 1.278073
2026-06-16 02:43:07,362 - debug - DEBUG - Batch 310 grad norm: 0.825430
2026-06-16 02:43:08,256 - debug - DEBUG - Batch 320 grad norm: 0.897891
2026-06-16 02:43:09,104 - debug - DEBUG - Batch 330 grad norm: 1.143428
2026-06-16 02:43:10,174 - debug - DEBUG - Batch 340 grad norm: 1.005351
2026-06-16 02:43:11,095 - debug - DEBUG - Batch 350 grad norm: 0.985212
2026-06-16 02:43:11,205 - debug - DEBUG - compute_metrics_and_record started for epoch 7
2026-06-16 02:43:11,205 - debug - DEBUG - all_preds length: 45000, all_targets length: 45000
2026-06-16 02:43:11,206 - debug - DEBUG - First 10 preds: [9, 7, 1, 0, 7, 9, 5, 3, 8, 4]
2026-06-16 02:43:11,206 - debug - DEBUG - First 10 targets: [9, 7, 1, 0, 7, 9, 0, 3, 8, 4]
2026-06-16 02:43:11,223 - debug - DEBUG - Unique predicted classes: 10 (first 10: [0 1 2 3 4 5 6 7 8 9])
2026-06-16 02:43:11,224 - debug - DEBUG - Unique target classes: 10 (first 10: [0 1 2 3 4 5 6 7 8 9])
2026-06-16 02:43:13,386 - debug - DEBUG - compute_metrics_and_record started for epoch 7
2026-06-16 02:43:13,386 - debug - DEBUG - all_preds length: 10000, all_targets length: 10000
2026-06-16 02:43:13,386 - debug - DEBUG - First 10 preds: [3, 1, 8, 8, 6, 3, 1, 3, 3, 1]
2026-06-16 02:43:13,387 - debug - DEBUG - First 10 targets: [3, 8, 8, 0, 6, 6, 1, 6, 3, 1]
2026-06-16 02:43:13,389 - debug - DEBUG - Unique predicted classes: 10 (first 10: [0 1 2 3 4 5 6 7 8 9])
2026-06-16 02:43:13,389 - debug - DEBUG - Unique target classes: 10 (first 10: [0 1 2 3 4 5 6 7 8 9])
2026-06-16 02:43:13,656 - debug - DEBUG - Device Check - Batch 0
2026-06-16 02:43:13,657 - debug - DEBUG -   Config GPU ID: 1
2026-06-16 02:43:13,657 - debug - DEBUG -   Input Device:  cuda:1
2026-06-16 02:43:13,657 - debug - DEBUG -   Target Device: cuda:1
2026-06-16 02:43:13,658 - debug - DEBUG -   Model Device:  cuda:1
2026-06-16 02:43:13,658 - debug - DEBUG -   Criterion Weight Device: No weights
2026-06-16 02:43:14,062 - debug - DEBUG - Batch 0 grad norm: 0.775196
2026-06-16 02:43:14,944 - debug - DEBUG - Batch 10 grad norm: 1.058234
2026-06-16 02:43:15,842 - debug - DEBUG - Batch 20 grad norm: 1.028544
2026-06-16 02:43:16,735 - debug - DEBUG - Batch 30 grad norm: 0.852936
2026-06-16 02:43:17,810 - debug - DEBUG - Batch 40 grad norm: 1.093626
2026-06-16 02:43:18,679 - debug - DEBUG - Batch 50 grad norm: 1.266177
2026-06-16 02:43:19,576 - debug - DEBUG - Batch 60 grad norm: 0.829593
2026-06-16 02:43:20,429 - debug - DEBUG - Batch 70 grad norm: 1.175207
2026-06-16 02:43:21,308 - debug - DEBUG - Batch 80 grad norm: 1.092573
2026-06-16 02:43:22,141 - debug - DEBUG - Batch 90 grad norm: 0.905803
2026-06-16 02:43:23,208 - debug - DEBUG - Batch 100 grad norm: 0.974903
2026-06-16 02:43:24,075 - debug - DEBUG - Batch 110 grad norm: 1.107692
2026-06-16 02:43:24,951 - debug - DEBUG - Batch 120 grad norm: 0.867911
2026-06-16 02:43:25,802 - debug - DEBUG - Batch 130 grad norm: 1.023832
2026-06-16 02:43:26,679 - debug - DEBUG - Batch 140 grad norm: 0.863153
2026-06-16 02:43:27,537 - debug - DEBUG - Batch 150 grad norm: 0.936216
2026-06-16 02:43:28,433 - debug - DEBUG - Batch 160 grad norm: 0.812476
2026-06-16 02:43:29,341 - debug - DEBUG - Batch 170 grad norm: 0.827128
2026-06-16 02:43:30,428 - debug - DEBUG - Batch 180 grad norm: 1.220369
2026-06-16 02:43:31,285 - debug - DEBUG - Batch 190 grad norm: 0.970191
2026-06-16 02:43:32,131 - debug - DEBUG - Batch 200 grad norm: 1.039996
2026-06-16 02:43:33,068 - debug - DEBUG - Batch 210 grad norm: 0.900143
2026-06-16 02:43:33,919 - debug - DEBUG - Batch 220 grad norm: 1.034882
2026-06-16 02:43:34,859 - debug - DEBUG - Batch 230 grad norm: 1.055909
2026-06-16 02:43:35,701 - debug - DEBUG - Batch 240 grad norm: 1.102826
2026-06-16 02:43:36,748 - debug - DEBUG - Batch 250 grad norm: 1.057808
2026-06-16 02:43:37,434 - debug - DEBUG - Batch 260 grad norm: 1.137994
2026-06-16 02:43:38,140 - debug - DEBUG - Batch 270 grad norm: 1.178794
2026-06-16 02:43:38,980 - debug - DEBUG - Batch 280 grad norm: 0.997285
2026-06-16 02:43:39,930 - debug - DEBUG - Batch 290 grad norm: 1.085848
2026-06-16 02:43:40,609 - debug - DEBUG - Batch 300 grad norm: 1.199244
2026-06-16 02:43:41,494 - debug - DEBUG - Batch 310 grad norm: 0.947735
2026-06-16 02:43:42,333 - debug - DEBUG - Batch 320 grad norm: 1.145298
2026-06-16 02:43:43,232 - debug - DEBUG - Batch 330 grad norm: 0.945423
2026-06-16 02:43:44,071 - debug - DEBUG - Batch 340 grad norm: 0.929389
2026-06-16 02:43:44,970 - debug - DEBUG - Batch 350 grad norm: 0.996454
2026-06-16 02:43:45,053 - debug - DEBUG - compute_metrics_and_record started for epoch 8
2026-06-16 02:43:45,054 - debug - DEBUG - all_preds length: 45000, all_targets length: 45000
2026-06-16 02:43:45,054 - debug - DEBUG - First 10 preds: [9, 4, 5, 6, 5, 2, 3, 4, 6, 3]
2026-06-16 02:43:45,054 - debug - DEBUG - First 10 targets: [9, 4, 5, 6, 5, 2, 3, 4, 6, 3]
2026-06-16 02:43:45,063 - debug - DEBUG - Unique predicted classes: 10 (first 10: [0 1 2 3 4 5 6 7 8 9])
2026-06-16 02:43:45,063 - debug - DEBUG - Unique target classes: 10 (first 10: [0 1 2 3 4 5 6 7 8 9])
2026-06-16 02:43:46,993 - debug - DEBUG - compute_metrics_and_record started for epoch 8
2026-06-16 02:43:46,994 - debug - DEBUG - all_preds length: 10000, all_targets length: 10000
2026-06-16 02:43:46,994 - debug - DEBUG - First 10 preds: [3, 8, 8, 8, 6, 6, 1, 6, 3, 1]
2026-06-16 02:43:46,994 - debug - DEBUG - First 10 targets: [3, 8, 8, 0, 6, 6, 1, 6, 3, 1]
2026-06-16 02:43:46,996 - debug - DEBUG - Unique predicted classes: 10 (first 10: [0 1 2 3 4 5 6 7 8 9])
2026-06-16 02:43:46,996 - debug - DEBUG - Unique target classes: 10 (first 10: [0 1 2 3 4 5 6 7 8 9])
2026-06-16 02:43:47,258 - debug - DEBUG - Device Check - Batch 0
2026-06-16 02:43:47,259 - debug - DEBUG -   Config GPU ID: 1
2026-06-16 02:43:47,259 - debug - DEBUG -   Input Device:  cuda:1
2026-06-16 02:43:47,260 - debug - DEBUG -   Target Device: cuda:1
2026-06-16 02:43:47,260 - debug - DEBUG -   Model Device:  cuda:1
2026-06-16 02:43:47,260 - debug - DEBUG -   Criterion Weight Device: No weights
2026-06-16 02:43:47,594 - debug - DEBUG - Batch 0 grad norm: 0.882440
2026-06-16 02:43:48,456 - debug - DEBUG - Batch 10 grad norm: 0.901837
2026-06-16 02:43:49,356 - debug - DEBUG - Batch 20 grad norm: 0.924849
2026-06-16 02:43:50,196 - debug - DEBUG - Batch 30 grad norm: 0.801272
2026-06-16 02:43:51,109 - debug - DEBUG - Batch 40 grad norm: 1.211352
2026-06-16 02:43:51,994 - debug - DEBUG - Batch 50 grad norm: 0.879466
2026-06-16 02:43:52,898 - debug - DEBUG - Batch 60 grad norm: 0.789703
2026-06-16 02:43:53,790 - debug - DEBUG - Batch 70 grad norm: 0.923008
2026-06-16 02:43:54,683 - debug - DEBUG - Batch 80 grad norm: 1.075560
2026-06-16 02:43:55,543 - debug - DEBUG - Batch 90 grad norm: 1.102220
2026-06-16 02:43:56,420 - debug - DEBUG - Batch 100 grad norm: 0.966396
2026-06-16 02:43:57,255 - debug - DEBUG - Batch 110 grad norm: 0.927484
2026-06-16 02:43:58,122 - debug - DEBUG - Batch 120 grad norm: 0.802461
2026-06-16 02:43:58,975 - debug - DEBUG - Batch 130 grad norm: 0.732949
2026-06-16 02:43:59,884 - debug - DEBUG - Batch 140 grad norm: 1.014949
2026-06-16 02:44:00,828 - debug - DEBUG - Batch 150 grad norm: 1.122503
2026-06-16 02:44:01,723 - debug - DEBUG - Batch 160 grad norm: 0.841121
2026-06-16 02:44:02,617 - debug - DEBUG - Batch 170 grad norm: 0.902784
2026-06-16 02:44:03,447 - debug - DEBUG - Batch 180 grad norm: 1.165285
2026-06-16 02:44:04,332 - debug - DEBUG - Batch 190 grad norm: 1.027771
2026-06-16 02:44:05,171 - debug - DEBUG - Batch 200 grad norm: 1.080852
2026-06-16 02:44:06,051 - debug - DEBUG - Batch 210 grad norm: 0.959609
2026-06-16 02:44:06,876 - debug - DEBUG - Batch 220 grad norm: 1.057591
2026-06-16 02:44:07,756 - debug - DEBUG - Batch 230 grad norm: 1.237007
2026-06-16 02:44:08,592 - debug - DEBUG - Batch 240 grad norm: 0.939628
2026-06-16 02:44:09,469 - debug - DEBUG - Batch 250 grad norm: 1.244292
2026-06-16 02:44:10,312 - debug - DEBUG - Batch 260 grad norm: 1.043593
2026-06-16 02:44:11,199 - debug - DEBUG - Batch 270 grad norm: 1.051438
2026-06-16 02:44:12,041 - debug - DEBUG - Batch 280 grad norm: 1.103890
2026-06-16 02:44:12,933 - debug - DEBUG - Batch 290 grad norm: 1.015305
2026-06-16 02:44:13,795 - debug - DEBUG - Batch 300 grad norm: 0.839902
2026-06-16 02:44:14,704 - debug - DEBUG - Batch 310 grad norm: 0.938570
2026-06-16 02:44:15,596 - debug - DEBUG - Batch 320 grad norm: 0.933671
2026-06-16 02:44:16,295 - debug - DEBUG - Batch 330 grad norm: 0.977232
2026-06-16 02:44:17,290 - debug - DEBUG - Batch 340 grad norm: 1.037958
2026-06-16 02:44:18,052 - debug - DEBUG - Batch 350 grad norm: 0.914442
2026-06-16 02:44:18,143 - debug - DEBUG - compute_metrics_and_record started for epoch 9
2026-06-16 02:44:18,143 - debug - DEBUG - all_preds length: 45000, all_targets length: 45000
2026-06-16 02:44:18,143 - debug - DEBUG - First 10 preds: [6, 4, 2, 2, 3, 9, 9, 8, 6, 8]
2026-06-16 02:44:18,143 - debug - DEBUG - First 10 targets: [6, 4, 6, 2, 3, 9, 9, 8, 4, 8]
2026-06-16 02:44:18,153 - debug - DEBUG - Unique predicted classes: 10 (first 10: [0 1 2 3 4 5 6 7 8 9])
2026-06-16 02:44:18,153 - debug - DEBUG - Unique target classes: 10 (first 10: [0 1 2 3 4 5 6 7 8 9])
2026-06-16 02:44:20,032 - debug - DEBUG - compute_metrics_and_record started for epoch 9
2026-06-16 02:44:20,033 - debug - DEBUG - all_preds length: 10000, all_targets length: 10000
2026-06-16 02:44:20,033 - debug - DEBUG - First 10 preds: [3, 1, 8, 0, 6, 6, 1, 6, 3, 1]
2026-06-16 02:44:20,033 - debug - DEBUG - First 10 targets: [3, 8, 8, 0, 6, 6, 1, 6, 3, 1]
2026-06-16 02:44:20,035 - debug - DEBUG - Unique predicted classes: 10 (first 10: [0 1 2 3 4 5 6 7 8 9])
2026-06-16 02:44:20,036 - debug - DEBUG - Unique target classes: 10 (first 10: [0 1 2 3 4 5 6 7 8 9])
2026-06-16 02:44:20,305 - debug - DEBUG - Device Check - Batch 0
2026-06-16 02:44:20,306 - debug - DEBUG -   Config GPU ID: 1
2026-06-16 02:44:20,306 - debug - DEBUG -   Input Device:  cuda:1
2026-06-16 02:44:20,306 - debug - DEBUG -   Target Device: cuda:1
2026-06-16 02:44:20,307 - debug - DEBUG -   Model Device:  cuda:1
2026-06-16 02:44:20,307 - debug - DEBUG -   Criterion Weight Device: No weights
2026-06-16 02:44:20,630 - debug - DEBUG - Batch 0 grad norm: 1.139535
2026-06-16 02:44:21,481 - debug - DEBUG - Batch 10 grad norm: 0.781816
2026-06-16 02:44:22,366 - debug - DEBUG - Batch 20 grad norm: 0.887480
2026-06-16 02:44:23,159 - debug - DEBUG - Batch 30 grad norm: 0.970558
2026-06-16 02:44:24,033 - debug - DEBUG - Batch 40 grad norm: 1.265425
2026-06-16 02:44:24,888 - debug - DEBUG - Batch 50 grad norm: 1.009312
2026-06-16 02:44:25,778 - debug - DEBUG - Batch 60 grad norm: 1.150633
2026-06-16 02:44:26,608 - debug - DEBUG - Batch 70 grad norm: 0.912942
2026-06-16 02:44:27,504 - debug - DEBUG - Batch 80 grad norm: 1.213548
2026-06-16 02:44:28,395 - debug - DEBUG - Batch 90 grad norm: 0.908209
2026-06-16 02:44:29,295 - debug - DEBUG - Batch 100 grad norm: 0.927665
2026-06-16 02:44:30,201 - debug - DEBUG - Batch 110 grad norm: 0.998945
2026-06-16 02:44:31,100 - debug - DEBUG - Batch 120 grad norm: 1.216425
2026-06-16 02:44:32,000 - debug - DEBUG - Batch 130 grad norm: 0.805011
2026-06-16 02:44:32,876 - debug - DEBUG - Batch 140 grad norm: 0.913875
2026-06-16 02:44:33,779 - debug - DEBUG - Batch 150 grad norm: 0.992627
2026-06-16 02:44:34,680 - debug - DEBUG - Batch 160 grad norm: 0.984699
2026-06-16 02:44:35,585 - debug - DEBUG - Batch 170 grad norm: 1.151329
2026-06-16 02:44:36,448 - debug - DEBUG - Batch 180 grad norm: 0.955821
2026-06-16 02:44:37,339 - debug - DEBUG - Batch 190 grad norm: 1.137725
2026-06-16 02:44:38,222 - debug - DEBUG - Batch 200 grad norm: 1.051447
2026-06-16 02:44:39,105 - debug - DEBUG - Batch 210 grad norm: 0.904962
2026-06-16 02:44:40,034 - debug - DEBUG - Batch 220 grad norm: 1.040729
2026-06-16 02:44:40,901 - debug - DEBUG - Batch 230 grad norm: 0.965324
2026-06-16 02:44:41,791 - debug - DEBUG - Batch 240 grad norm: 0.932666
2026-06-16 02:44:42,570 - debug - DEBUG - Batch 250 grad norm: 1.197909
2026-06-16 02:44:43,470 - debug - DEBUG - Batch 260 grad norm: 1.125798
2026-06-16 02:44:44,310 - debug - DEBUG - Batch 270 grad norm: 0.925976
2026-06-16 02:44:45,197 - debug - DEBUG - Batch 280 grad norm: 0.997100
2026-06-16 02:44:46,064 - debug - DEBUG - Batch 290 grad norm: 0.900621
2026-06-16 02:44:46,934 - debug - DEBUG - Batch 300 grad norm: 1.050969
2026-06-16 02:44:47,772 - debug - DEBUG - Batch 310 grad norm: 1.196287
2026-06-16 02:44:48,656 - debug - DEBUG - Batch 320 grad norm: 1.099556
2026-06-16 02:44:49,491 - debug - DEBUG - Batch 330 grad norm: 0.978230
2026-06-16 02:44:50,376 - debug - DEBUG - Batch 340 grad norm: 1.020181
2026-06-16 02:44:51,222 - debug - DEBUG - Batch 350 grad norm: 0.958841
2026-06-16 02:44:51,312 - debug - DEBUG - compute_metrics_and_record started for epoch 10
2026-06-16 02:44:51,312 - debug - DEBUG - all_preds length: 45000, all_targets length: 45000
2026-06-16 02:44:51,312 - debug - DEBUG - First 10 preds: [4, 7, 1, 5, 1, 8, 2, 7, 7, 6]
2026-06-16 02:44:51,312 - debug - DEBUG - First 10 targets: [4, 7, 1, 5, 1, 8, 2, 7, 7, 6]
2026-06-16 02:44:51,324 - debug - DEBUG - Unique predicted classes: 10 (first 10: [0 1 2 3 4 5 6 7 8 9])
2026-06-16 02:44:51,324 - debug - DEBUG - Unique target classes: 10 (first 10: [0 1 2 3 4 5 6 7 8 9])
2026-06-16 02:44:53,240 - debug - DEBUG - compute_metrics_and_record started for epoch 10
2026-06-16 02:44:53,240 - debug - DEBUG - all_preds length: 10000, all_targets length: 10000
2026-06-16 02:44:53,240 - debug - DEBUG - First 10 preds: [3, 8, 8, 8, 6, 6, 1, 6, 3, 1]
2026-06-16 02:44:53,240 - debug - DEBUG - First 10 targets: [3, 8, 8, 0, 6, 6, 1, 6, 3, 1]
2026-06-16 02:44:53,243 - debug - DEBUG - Unique predicted classes: 10 (first 10: [0 1 2 3 4 5 6 7 8 9])
2026-06-16 02:44:53,243 - debug - DEBUG - Unique target classes: 10 (first 10: [0 1 2 3 4 5 6 7 8 9])
2026-06-16 02:44:53,518 - debug - DEBUG - Device Check - Batch 0
2026-06-16 02:44:53,518 - debug - DEBUG -   Config GPU ID: 1
2026-06-16 02:44:53,519 - debug - DEBUG -   Input Device:  cuda:1
2026-06-16 02:44:53,519 - debug - DEBUG -   Target Device: cuda:1
2026-06-16 02:44:53,519 - debug - DEBUG -   Model Device:  cuda:1
2026-06-16 02:44:53,519 - debug - DEBUG -   Criterion Weight Device: No weights
2026-06-16 02:44:53,813 - debug - DEBUG - Batch 0 grad norm: 0.939737
2026-06-16 02:44:54,662 - debug - DEBUG - Batch 10 grad norm: 0.915044
2026-06-16 02:44:55,558 - debug - DEBUG - Batch 20 grad norm: 0.891935
2026-06-16 02:44:56,331 - debug - DEBUG - Batch 30 grad norm: 0.928470
2026-06-16 02:44:57,230 - debug - DEBUG - Batch 40 grad norm: 1.158845
2026-06-16 02:44:58,127 - debug - DEBUG - Batch 50 grad norm: 1.015707
2026-06-16 02:44:58,995 - debug - DEBUG - Batch 60 grad norm: 1.243330
2026-06-16 02:44:59,880 - debug - DEBUG - Batch 70 grad norm: 0.988866
2026-06-16 02:45:00,781 - debug - DEBUG - Batch 80 grad norm: 0.995091
2026-06-16 02:45:01,666 - debug - DEBUG - Batch 90 grad norm: 0.988229
2026-06-16 02:45:02,588 - debug - DEBUG - Batch 100 grad norm: 0.885065
2026-06-16 02:45:03,465 - debug - DEBUG - Batch 110 grad norm: 1.088050
2026-06-16 02:45:04,380 - debug - DEBUG - Batch 120 grad norm: 0.950656
2026-06-16 02:45:05,234 - debug - DEBUG - Batch 130 grad norm: 0.905265
2026-06-16 02:45:06,132 - debug - DEBUG - Batch 140 grad norm: 1.255094
2026-06-16 02:45:06,981 - debug - DEBUG - Batch 150 grad norm: 1.017435
2026-06-16 02:45:07,862 - debug - DEBUG - Batch 160 grad norm: 1.152610
2026-06-16 02:45:08,764 - debug - DEBUG - Batch 170 grad norm: 0.968988
2026-06-16 02:45:09,650 - debug - DEBUG - Batch 180 grad norm: 0.969342
2026-06-16 02:45:10,505 - debug - DEBUG - Batch 190 grad norm: 0.809811
2026-06-16 02:45:11,386 - debug - DEBUG - Batch 200 grad norm: 0.989090
2026-06-16 02:45:12,227 - debug - DEBUG - Batch 210 grad norm: 0.909293
2026-06-16 02:45:13,095 - debug - DEBUG - Batch 220 grad norm: 1.207322
2026-06-16 02:45:14,024 - debug - DEBUG - Batch 230 grad norm: 1.029302
2026-06-16 02:45:14,895 - debug - DEBUG - Batch 240 grad norm: 1.052809
2026-06-16 02:45:15,781 - debug - DEBUG - Batch 250 grad norm: 0.958284
2026-06-16 02:45:16,621 - debug - DEBUG - Batch 260 grad norm: 0.938997
2026-06-16 02:45:17,497 - debug - DEBUG - Batch 270 grad norm: 1.052146
2026-06-16 02:45:18,336 - debug - DEBUG - Batch 280 grad norm: 0.949809
2026-06-16 02:45:19,205 - debug - DEBUG - Batch 290 grad norm: 0.858183
2026-06-16 02:45:20,063 - debug - DEBUG - Batch 300 grad norm: 0.882508
2026-06-16 02:45:20,952 - debug - DEBUG - Batch 310 grad norm: 1.116610
2026-06-16 02:45:21,813 - debug - DEBUG - Batch 320 grad norm: 1.156764
2026-06-16 02:45:22,705 - debug - DEBUG - Batch 330 grad norm: 0.974194
2026-06-16 02:45:23,544 - debug - DEBUG - Batch 340 grad norm: 1.014545
2026-06-16 02:45:24,432 - debug - DEBUG - Batch 350 grad norm: 0.954390
2026-06-16 02:45:24,530 - debug - DEBUG - compute_metrics_and_record started for epoch 11
2026-06-16 02:45:24,530 - debug - DEBUG - all_preds length: 45000, all_targets length: 45000
2026-06-16 02:45:24,531 - debug - DEBUG - First 10 preds: [4, 7, 8, 1, 8, 3, 5, 8, 6, 4]
2026-06-16 02:45:24,531 - debug - DEBUG - First 10 targets: [5, 1, 8, 1, 8, 3, 5, 0, 6, 2]
2026-06-16 02:45:24,540 - debug - DEBUG - Unique predicted classes: 10 (first 10: [0 1 2 3 4 5 6 7 8 9])
2026-06-16 02:45:24,540 - debug - DEBUG - Unique target classes: 10 (first 10: [0 1 2 3 4 5 6 7 8 9])
2026-06-16 02:45:26,452 - debug - DEBUG - compute_metrics_and_record started for epoch 11
2026-06-16 02:45:26,453 - debug - DEBUG - all_preds length: 10000, all_targets length: 10000
2026-06-16 02:45:26,453 - debug - DEBUG - First 10 preds: [3, 8, 8, 8, 6, 6, 1, 2, 3, 1]
2026-06-16 02:45:26,453 - debug - DEBUG - First 10 targets: [3, 8, 8, 0, 6, 6, 1, 6, 3, 1]
2026-06-16 02:45:26,456 - debug - DEBUG - Unique predicted classes: 10 (first 10: [0 1 2 3 4 5 6 7 8 9])
2026-06-16 02:45:26,456 - debug - DEBUG - Unique target classes: 10 (first 10: [0 1 2 3 4 5 6 7 8 9])
2026-06-16 02:45:26,776 - debug - DEBUG - Device Check - Batch 0
2026-06-16 02:45:26,777 - debug - DEBUG -   Config GPU ID: 1
2026-06-16 02:45:26,777 - debug - DEBUG -   Input Device:  cuda:1
2026-06-16 02:45:26,777 - debug - DEBUG -   Target Device: cuda:1
2026-06-16 02:45:26,777 - debug - DEBUG -   Model Device:  cuda:1
2026-06-16 02:45:26,777 - debug - DEBUG -   Criterion Weight Device: No weights
2026-06-16 02:45:27,073 - debug - DEBUG - Batch 0 grad norm: 0.809143
2026-06-16 02:45:27,904 - debug - DEBUG - Batch 10 grad norm: 0.948473
2026-06-16 02:45:28,803 - debug - DEBUG - Batch 20 grad norm: 0.973235
2026-06-16 02:45:29,650 - debug - DEBUG - Batch 30 grad norm: 1.072880
2026-06-16 02:45:30,546 - debug - DEBUG - Batch 40 grad norm: 0.959885
2026-06-16 02:45:31,430 - debug - DEBUG - Batch 50 grad norm: 1.181353
2026-06-16 02:45:32,266 - debug - DEBUG - Batch 60 grad norm: 1.175528
2026-06-16 02:45:33,207 - debug - DEBUG - Batch 70 grad norm: 0.836862
2026-06-16 02:45:33,953 - debug - DEBUG - Batch 80 grad norm: 1.029823
2026-06-16 02:45:34,844 - debug - DEBUG - Batch 90 grad norm: 1.174478
2026-06-16 02:45:35,740 - debug - DEBUG - Batch 100 grad norm: 1.022330
2026-06-16 02:45:36,613 - debug - DEBUG - Batch 110 grad norm: 0.874509
2026-06-16 02:45:37,505 - debug - DEBUG - Batch 120 grad norm: 0.861426
2026-06-16 02:45:38,411 - debug - DEBUG - Batch 130 grad norm: 0.760686
2026-06-16 02:45:39,304 - debug - DEBUG - Batch 140 grad norm: 1.083126
2026-06-16 02:45:40,216 - debug - DEBUG - Batch 150 grad norm: 1.106119
2026-06-16 02:45:41,108 - debug - DEBUG - Batch 160 grad norm: 1.118039
2026-06-16 02:45:41,990 - debug - DEBUG - Batch 170 grad norm: 1.041983
2026-06-16 02:45:42,852 - debug - DEBUG - Batch 180 grad norm: 1.029223
2026-06-16 02:45:43,735 - debug - DEBUG - Batch 190 grad norm: 1.022185
2026-06-16 02:45:44,645 - debug - DEBUG - Batch 200 grad norm: 0.923710
2026-06-16 02:45:45,521 - debug - DEBUG - Batch 210 grad norm: 0.909626
2026-06-16 02:45:46,412 - debug - DEBUG - Batch 220 grad norm: 0.990383
2026-06-16 02:45:47,264 - debug - DEBUG - Batch 230 grad norm: 1.207989
2026-06-16 02:45:48,137 - debug - DEBUG - Batch 240 grad norm: 1.055805
2026-06-16 02:45:48,963 - debug - DEBUG - Batch 250 grad norm: 0.859501
2026-06-16 02:45:49,825 - debug - DEBUG - Batch 260 grad norm: 0.862828
2026-06-16 02:45:50,656 - debug - DEBUG - Batch 270 grad norm: 1.089017
2026-06-16 02:45:51,512 - debug - DEBUG - Batch 280 grad norm: 1.043101
2026-06-16 02:45:52,343 - debug - DEBUG - Batch 290 grad norm: 1.023131
2026-06-16 02:45:53,242 - debug - DEBUG - Batch 300 grad norm: 0.946233
2026-06-16 02:45:54,083 - debug - DEBUG - Batch 310 grad norm: 0.874736
2026-06-16 02:45:54,967 - debug - DEBUG - Batch 320 grad norm: 0.855774
2026-06-16 02:45:55,803 - debug - DEBUG - Batch 330 grad norm: 1.022593
2026-06-16 02:45:56,691 - debug - DEBUG - Batch 340 grad norm: 1.198588
2026-06-16 02:45:57,534 - debug - DEBUG - Batch 350 grad norm: 0.974741
2026-06-16 02:45:57,620 - debug - DEBUG - compute_metrics_and_record started for epoch 12
2026-06-16 02:45:57,620 - debug - DEBUG - all_preds length: 45000, all_targets length: 45000
2026-06-16 02:45:57,620 - debug - DEBUG - First 10 preds: [9, 9, 9, 8, 9, 6, 5, 0, 1, 7]
2026-06-16 02:45:57,620 - debug - DEBUG - First 10 targets: [9, 9, 9, 8, 9, 6, 5, 8, 1, 3]
2026-06-16 02:45:57,629 - debug - DEBUG - Unique predicted classes: 10 (first 10: [0 1 2 3 4 5 6 7 8 9])
2026-06-16 02:45:57,630 - debug - DEBUG - Unique target classes: 10 (first 10: [0 1 2 3 4 5 6 7 8 9])
2026-06-16 02:45:59,567 - debug - DEBUG - compute_metrics_and_record started for epoch 12
2026-06-16 02:45:59,567 - debug - DEBUG - all_preds length: 10000, all_targets length: 10000
2026-06-16 02:45:59,567 - debug - DEBUG - First 10 preds: [3, 8, 8, 0, 6, 6, 1, 2, 3, 1]
2026-06-16 02:45:59,567 - debug - DEBUG - First 10 targets: [3, 8, 8, 0, 6, 6, 1, 6, 3, 1]
2026-06-16 02:45:59,570 - debug - DEBUG - Unique predicted classes: 10 (first 10: [0 1 2 3 4 5 6 7 8 9])
2026-06-16 02:45:59,570 - debug - DEBUG - Unique target classes: 10 (first 10: [0 1 2 3 4 5 6 7 8 9])
2026-06-16 02:45:59,834 - debug - DEBUG - Device Check - Batch 0
2026-06-16 02:45:59,834 - debug - DEBUG -   Config GPU ID: 1
2026-06-16 02:45:59,834 - debug - DEBUG -   Input Device:  cuda:1
2026-06-16 02:45:59,834 - debug - DEBUG -   Target Device: cuda:1
2026-06-16 02:45:59,835 - debug - DEBUG -   Model Device:  cuda:1
2026-06-16 02:45:59,835 - debug - DEBUG -   Criterion Weight Device: No weights
2026-06-16 02:46:00,146 - debug - DEBUG - Batch 0 grad norm: 0.865079
2026-06-16 02:46:01,052 - debug - DEBUG - Batch 10 grad norm: 1.115831
2026-06-16 02:46:01,934 - debug - DEBUG - Batch 20 grad norm: 1.044577
2026-06-16 02:46:02,836 - debug - DEBUG - Batch 30 grad norm: 1.021675
2026-06-16 02:46:03,720 - debug - DEBUG - Batch 40 grad norm: 1.017888
2026-06-16 02:46:04,623 - debug - DEBUG - Batch 50 grad norm: 1.090806
2026-06-16 02:46:05,476 - debug - DEBUG - Batch 60 grad norm: 1.079459
2026-06-16 02:46:06,381 - debug - DEBUG - Batch 70 grad norm: 1.084483
2026-06-16 02:46:07,283 - debug - DEBUG - Batch 80 grad norm: 0.972602
2026-06-16 02:46:08,208 - debug - DEBUG - Batch 90 grad norm: 1.224035
2026-06-16 02:46:09,133 - debug - DEBUG - Batch 100 grad norm: 0.966049
2026-06-16 02:46:09,851 - debug - DEBUG - Batch 110 grad norm: 0.988975
2026-06-16 02:46:10,978 - debug - DEBUG - Batch 120 grad norm: 1.044225
2026-06-16 02:46:11,930 - debug - DEBUG - Batch 130 grad norm: 0.902566
2026-06-16 02:46:12,994 - debug - DEBUG - Batch 140 grad norm: 1.022721
2026-06-16 02:46:14,081 - debug - DEBUG - Batch 150 grad norm: 1.019751
2026-06-16 02:46:15,193 - debug - DEBUG - Batch 160 grad norm: 1.000775
2026-06-16 02:46:16,272 - debug - DEBUG - Batch 170 grad norm: 1.111445
2026-06-16 02:46:17,368 - debug - DEBUG - Batch 180 grad norm: 1.218532
2026-06-16 02:46:18,457 - debug - DEBUG - Batch 190 grad norm: 1.123694
2026-06-16 02:46:19,563 - debug - DEBUG - Batch 200 grad norm: 1.286744
2026-06-16 02:46:20,623 - debug - DEBUG - Batch 210 grad norm: 0.981858
2026-06-16 02:46:21,718 - debug - DEBUG - Batch 220 grad norm: 1.170540
2026-06-16 02:46:22,772 - debug - DEBUG - Batch 230 grad norm: 0.974697
2026-06-16 02:46:23,863 - debug - DEBUG - Batch 240 grad norm: 0.999599
2026-06-16 02:46:24,954 - debug - DEBUG - Batch 250 grad norm: 1.023123
2026-06-16 02:46:26,040 - debug - DEBUG - Batch 260 grad norm: 1.133781
2026-06-16 02:46:27,136 - debug - DEBUG - Batch 270 grad norm: 1.169951
2026-06-16 02:46:28,166 - debug - DEBUG - Batch 280 grad norm: 0.899158
2026-06-16 02:46:29,262 - debug - DEBUG - Batch 290 grad norm: 0.961257
2026-06-16 02:46:30,334 - debug - DEBUG - Batch 300 grad norm: 0.917267
2026-06-16 02:46:31,425 - debug - DEBUG - Batch 310 grad norm: 0.993094
2026-06-16 02:46:32,500 - debug - DEBUG - Batch 320 grad norm: 1.158180
2026-06-16 02:46:33,592 - debug - DEBUG - Batch 330 grad norm: 1.104952
2026-06-16 02:46:34,674 - debug - DEBUG - Batch 340 grad norm: 1.019003
2026-06-16 02:46:35,764 - debug - DEBUG - Batch 350 grad norm: 0.857527
2026-06-16 02:46:35,857 - debug - DEBUG - compute_metrics_and_record started for epoch 13
2026-06-16 02:46:35,857 - debug - DEBUG - all_preds length: 45000, all_targets length: 45000
2026-06-16 02:46:35,857 - debug - DEBUG - First 10 preds: [3, 2, 1, 7, 5, 5, 0, 4, 5, 1]
2026-06-16 02:46:35,858 - debug - DEBUG - First 10 targets: [9, 2, 1, 7, 5, 5, 0, 4, 5, 1]
2026-06-16 02:46:35,867 - debug - DEBUG - Unique predicted classes: 10 (first 10: [0 1 2 3 4 5 6 7 8 9])
2026-06-16 02:46:35,867 - debug - DEBUG - Unique target classes: 10 (first 10: [0 1 2 3 4 5 6 7 8 9])
2026-06-16 02:46:38,152 - debug - DEBUG - compute_metrics_and_record started for epoch 13
2026-06-16 02:46:38,152 - debug - DEBUG - all_preds length: 10000, all_targets length: 10000
2026-06-16 02:46:38,152 - debug - DEBUG - First 10 preds: [5, 8, 8, 8, 6, 6, 9, 6, 5, 9]
2026-06-16 02:46:38,153 - debug - DEBUG - First 10 targets: [3, 8, 8, 0, 6, 6, 1, 6, 3, 1]
2026-06-16 02:46:38,155 - debug - DEBUG - Unique predicted classes: 10 (first 10: [0 1 2 3 4 5 6 7 8 9])
2026-06-16 02:46:38,155 - debug - DEBUG - Unique target classes: 10 (first 10: [0 1 2 3 4 5 6 7 8 9])
2026-06-16 02:46:38,416 - debug - DEBUG - Device Check - Batch 0
2026-06-16 02:46:38,417 - debug - DEBUG -   Config GPU ID: 1
2026-06-16 02:46:38,417 - debug - DEBUG -   Input Device:  cuda:1
2026-06-16 02:46:38,417 - debug - DEBUG -   Target Device: cuda:1
2026-06-16 02:46:38,418 - debug - DEBUG -   Model Device:  cuda:1
2026-06-16 02:46:38,418 - debug - DEBUG -   Criterion Weight Device: No weights
2026-06-16 02:46:38,881 - debug - DEBUG - Batch 0 grad norm: 0.914220
2026-06-16 02:46:39,952 - debug - DEBUG - Batch 10 grad norm: 1.063562
2026-06-16 02:46:40,975 - debug - DEBUG - Batch 20 grad norm: 1.070106
2026-06-16 02:46:42,052 - debug - DEBUG - Batch 30 grad norm: 1.008051
2026-06-16 02:46:43,138 - debug - DEBUG - Batch 40 grad norm: 0.967268
2026-06-16 02:46:44,202 - debug - DEBUG - Batch 50 grad norm: 1.064156
2026-06-16 02:46:45,286 - debug - DEBUG - Batch 60 grad norm: 0.918378
2026-06-16 02:46:46,345 - debug - DEBUG - Batch 70 grad norm: 1.161316
2026-06-16 02:46:47,447 - debug - DEBUG - Batch 80 grad norm: 0.990450
2026-06-16 02:46:48,511 - debug - DEBUG - Batch 90 grad norm: 0.888233
2026-06-16 02:46:49,434 - debug - DEBUG - Batch 100 grad norm: 1.097167
2026-06-16 02:46:50,350 - debug - DEBUG - Batch 110 grad norm: 0.899118
2026-06-16 02:46:51,328 - debug - DEBUG - Batch 120 grad norm: 0.953952
2026-06-16 02:46:52,488 - debug - DEBUG - Batch 130 grad norm: 0.947216
2026-06-16 02:46:53,476 - debug - DEBUG - Batch 140 grad norm: 0.928019
2026-06-16 02:46:54,370 - debug - DEBUG - Batch 150 grad norm: 1.020767
2026-06-16 02:46:55,447 - debug - DEBUG - Batch 160 grad norm: 1.138265
2026-06-16 02:46:56,311 - debug - DEBUG - Batch 170 grad norm: 1.184219
2026-06-16 02:46:57,467 - debug - DEBUG - Batch 180 grad norm: 1.320029
2026-06-16 02:46:58,533 - debug - DEBUG - Batch 190 grad norm: 0.902448
2026-06-16 02:46:59,599 - debug - DEBUG - Batch 200 grad norm: 1.111209
2026-06-16 02:47:00,684 - debug - DEBUG - Batch 210 grad norm: 1.007322
2026-06-16 02:47:01,778 - debug - DEBUG - Batch 220 grad norm: 1.123447
2026-06-16 02:47:02,873 - debug - DEBUG - Batch 230 grad norm: 0.875259
2026-06-16 02:47:03,958 - debug - DEBUG - Batch 240 grad norm: 1.279167
2026-06-16 02:47:05,033 - debug - DEBUG - Batch 250 grad norm: 0.965976
2026-06-16 02:47:06,109 - debug - DEBUG - Batch 260 grad norm: 1.122088
2026-06-16 02:47:07,193 - debug - DEBUG - Batch 270 grad norm: 0.825320
2026-06-16 02:47:08,286 - debug - DEBUG - Batch 280 grad norm: 1.150979
2026-06-16 02:47:09,385 - debug - DEBUG - Batch 290 grad norm: 0.791226
2026-06-16 02:47:10,489 - debug - DEBUG - Batch 300 grad norm: 0.934101
2026-06-16 02:47:11,589 - debug - DEBUG - Batch 310 grad norm: 0.782352
2026-06-16 02:47:12,689 - debug - DEBUG - Batch 320 grad norm: 1.140411
2026-06-16 02:47:13,773 - debug - DEBUG - Batch 330 grad norm: 1.078386
2026-06-16 02:47:14,882 - debug - DEBUG - Batch 340 grad norm: 1.016166
2026-06-16 02:47:16,006 - debug - DEBUG - Batch 350 grad norm: 0.881959
2026-06-16 02:47:16,096 - debug - DEBUG - compute_metrics_and_record started for epoch 14
2026-06-16 02:47:16,097 - debug - DEBUG - all_preds length: 45000, all_targets length: 45000
2026-06-16 02:47:16,097 - debug - DEBUG - First 10 preds: [2, 1, 7, 6, 6, 9, 7, 5, 9, 5]
2026-06-16 02:47:16,097 - debug - DEBUG - First 10 targets: [2, 1, 7, 6, 6, 9, 7, 3, 9, 5]
2026-06-16 02:47:16,106 - debug - DEBUG - Unique predicted classes: 10 (first 10: [0 1 2 3 4 5 6 7 8 9])
2026-06-16 02:47:16,107 - debug - DEBUG - Unique target classes: 10 (first 10: [0 1 2 3 4 5 6 7 8 9])
2026-06-16 02:47:18,461 - debug - DEBUG - compute_metrics_and_record started for epoch 14
2026-06-16 02:47:18,461 - debug - DEBUG - all_preds length: 10000, all_targets length: 10000
2026-06-16 02:47:18,461 - debug - DEBUG - First 10 preds: [3, 8, 1, 8, 6, 6, 1, 2, 3, 1]
2026-06-16 02:47:18,461 - debug - DEBUG - First 10 targets: [3, 8, 8, 0, 6, 6, 1, 6, 3, 1]
2026-06-16 02:47:18,463 - debug - DEBUG - Unique predicted classes: 10 (first 10: [0 1 2 3 4 5 6 7 8 9])
2026-06-16 02:47:18,464 - debug - DEBUG - Unique target classes: 10 (first 10: [0 1 2 3 4 5 6 7 8 9])
2026-06-16 02:47:18,725 - debug - DEBUG - Device Check - Batch 0
2026-06-16 02:47:18,726 - debug - DEBUG -   Config GPU ID: 1
2026-06-16 02:47:18,726 - debug - DEBUG -   Input Device:  cuda:1
2026-06-16 02:47:18,726 - debug - DEBUG -   Target Device: cuda:1
2026-06-16 02:47:18,726 - debug - DEBUG -   Model Device:  cuda:1
2026-06-16 02:47:18,726 - debug - DEBUG -   Criterion Weight Device: No weights
2026-06-16 02:47:19,164 - debug - DEBUG - Batch 0 grad norm: 1.023750
2026-06-16 02:47:20,231 - debug - DEBUG - Batch 10 grad norm: 1.035563
2026-06-16 02:47:21,337 - debug - DEBUG - Batch 20 grad norm: 1.032964
2026-06-16 02:47:22,411 - debug - DEBUG - Batch 30 grad norm: 0.973711
2026-06-16 02:47:23,474 - debug - DEBUG - Batch 40 grad norm: 1.015991
2026-06-16 02:47:24,541 - debug - DEBUG - Batch 50 grad norm: 0.937605
2026-06-16 02:47:25,604 - debug - DEBUG - Batch 60 grad norm: 0.831992
2026-06-16 02:47:26,643 - debug - DEBUG - Batch 70 grad norm: 0.890440
2026-06-16 02:47:27,732 - debug - DEBUG - Batch 80 grad norm: 1.023591
2026-06-16 02:47:28,810 - debug - DEBUG - Batch 90 grad norm: 0.707742
2026-06-16 02:47:29,878 - debug - DEBUG - Batch 100 grad norm: 1.191577
2026-06-16 02:47:30,960 - debug - DEBUG - Batch 110 grad norm: 0.768469
2026-06-16 02:47:32,030 - debug - DEBUG - Batch 120 grad norm: 1.163776
2026-06-16 02:47:33,110 - debug - DEBUG - Batch 130 grad norm: 1.255778
2026-06-16 02:47:34,272 - debug - DEBUG - Batch 140 grad norm: 1.066578
2026-06-16 02:47:35,189 - debug - DEBUG - Batch 150 grad norm: 0.788802
2026-06-16 02:47:36,294 - debug - DEBUG - Batch 160 grad norm: 1.062997
2026-06-16 02:47:37,394 - debug - DEBUG - Batch 170 grad norm: 0.966260
2026-06-16 02:47:38,471 - debug - DEBUG - Batch 180 grad norm: 0.838831
2026-06-16 02:47:39,577 - debug - DEBUG - Batch 190 grad norm: 0.937405
2026-06-16 02:47:40,682 - debug - DEBUG - Batch 200 grad norm: 0.992788
2026-06-16 02:47:41,784 - debug - DEBUG - Batch 210 grad norm: 1.014033
2026-06-16 02:47:42,882 - debug - DEBUG - Batch 220 grad norm: 0.955458
2026-06-16 02:47:43,775 - debug - DEBUG - Batch 230 grad norm: 0.756111
2026-06-16 02:47:44,945 - debug - DEBUG - Batch 240 grad norm: 1.053175
2026-06-16 02:47:45,962 - debug - DEBUG - Batch 250 grad norm: 1.265578
2026-06-16 02:47:46,936 - debug - DEBUG - Batch 260 grad norm: 1.276874
2026-06-16 02:47:47,986 - debug - DEBUG - Batch 270 grad norm: 1.075900
2026-06-16 02:47:49,070 - debug - DEBUG - Batch 280 grad norm: 1.155284
2026-06-16 02:47:50,133 - debug - DEBUG - Batch 290 grad norm: 1.014151
2026-06-16 02:47:51,225 - debug - DEBUG - Batch 300 grad norm: 1.145308
2026-06-16 02:47:52,308 - debug - DEBUG - Batch 310 grad norm: 1.153624
2026-06-16 02:47:53,409 - debug - DEBUG - Batch 320 grad norm: 1.015929
2026-06-16 02:47:54,500 - debug - DEBUG - Batch 330 grad norm: 1.075289
2026-06-16 02:47:55,603 - debug - DEBUG - Batch 340 grad norm: 1.271606
2026-06-16 02:47:56,676 - debug - DEBUG - Batch 350 grad norm: 1.199864
2026-06-16 02:47:56,756 - debug - DEBUG - compute_metrics_and_record started for epoch 15
2026-06-16 02:47:56,757 - debug - DEBUG - all_preds length: 45000, all_targets length: 45000
2026-06-16 02:47:56,757 - debug - DEBUG - First 10 preds: [5, 8, 5, 0, 0, 3, 3, 5, 2, 2]
2026-06-16 02:47:56,757 - debug - DEBUG - First 10 targets: [7, 8, 7, 0, 0, 3, 9, 5, 2, 3]
2026-06-16 02:47:56,767 - debug - DEBUG - Unique predicted classes: 10 (first 10: [0 1 2 3 4 5 6 7 8 9])
2026-06-16 02:47:56,767 - debug - DEBUG - Unique target classes: 10 (first 10: [0 1 2 3 4 5 6 7 8 9])
2026-06-16 02:47:59,049 - debug - DEBUG - compute_metrics_and_record started for epoch 15
2026-06-16 02:47:59,049 - debug - DEBUG - all_preds length: 10000, all_targets length: 10000
2026-06-16 02:47:59,049 - debug - DEBUG - First 10 preds: [3, 8, 8, 8, 6, 6, 1, 2, 3, 1]
2026-06-16 02:47:59,049 - debug - DEBUG - First 10 targets: [3, 8, 8, 0, 6, 6, 1, 6, 3, 1]
2026-06-16 02:47:59,052 - debug - DEBUG - Unique predicted classes: 10 (first 10: [0 1 2 3 4 5 6 7 8 9])
2026-06-16 02:47:59,052 - debug - DEBUG - Unique target classes: 10 (first 10: [0 1 2 3 4 5 6 7 8 9])
2026-06-16 02:47:59,327 - debug - DEBUG - Device Check - Batch 0
2026-06-16 02:47:59,328 - debug - DEBUG -   Config GPU ID: 1
2026-06-16 02:47:59,328 - debug - DEBUG -   Input Device:  cuda:1
2026-06-16 02:47:59,328 - debug - DEBUG -   Target Device: cuda:1
2026-06-16 02:47:59,328 - debug - DEBUG -   Model Device:  cuda:1
2026-06-16 02:47:59,329 - debug - DEBUG -   Criterion Weight Device: No weights
2026-06-16 02:47:59,830 - debug - DEBUG - Batch 0 grad norm: 0.893034
2026-06-16 02:48:00,909 - debug - DEBUG - Batch 10 grad norm: 0.804692
2026-06-16 02:48:01,980 - debug - DEBUG - Batch 20 grad norm: 0.943554
2026-06-16 02:48:03,048 - debug - DEBUG - Batch 30 grad norm: 0.866309
2026-06-16 02:48:04,091 - debug - DEBUG - Batch 40 grad norm: 0.916566
2026-06-16 02:48:05,191 - debug - DEBUG - Batch 50 grad norm: 0.802832
2026-06-16 02:48:06,242 - debug - DEBUG - Batch 60 grad norm: 1.169855
2026-06-16 02:48:07,326 - debug - DEBUG - Batch 70 grad norm: 0.978752
2026-06-16 02:48:08,386 - debug - DEBUG - Batch 80 grad norm: 1.164104
2026-06-16 02:48:09,468 - debug - DEBUG - Batch 90 grad norm: 1.068255
2026-06-16 02:48:10,543 - debug - DEBUG - Batch 100 grad norm: 0.949278
2026-06-16 02:48:11,638 - debug - DEBUG - Batch 110 grad norm: 0.990725
2026-06-16 02:48:12,693 - debug - DEBUG - Batch 120 grad norm: 0.915209
2026-06-16 02:48:13,767 - debug - DEBUG - Batch 130 grad norm: 1.122898
2026-06-16 02:48:14,945 - debug - DEBUG - Batch 140 grad norm: 0.918776
2026-06-16 02:48:15,876 - debug - DEBUG - Batch 150 grad norm: 0.870014
2026-06-16 02:48:16,959 - debug - DEBUG - Batch 160 grad norm: 1.061694
2026-06-16 02:48:18,053 - debug - DEBUG - Batch 170 grad norm: 0.857528
2026-06-16 02:48:19,141 - debug - DEBUG - Batch 180 grad norm: 1.073392
2026-06-16 02:48:20,241 - debug - DEBUG - Batch 190 grad norm: 1.148706
2026-06-16 02:48:21,336 - debug - DEBUG - Batch 200 grad norm: 1.181374
2026-06-16 02:48:22,406 - debug - DEBUG - Batch 210 grad norm: 1.082843
2026-06-16 02:48:23,477 - debug - DEBUG - Batch 220 grad norm: 0.821962
2026-06-16 02:48:24,507 - debug - DEBUG - Batch 230 grad norm: 0.843544
2026-06-16 02:48:25,588 - debug - DEBUG - Batch 240 grad norm: 0.974830
2026-06-16 02:48:26,656 - debug - DEBUG - Batch 250 grad norm: 1.077017
2026-06-16 02:48:27,736 - debug - DEBUG - Batch 260 grad norm: 0.954228
2026-06-16 02:48:28,784 - debug - DEBUG - Batch 270 grad norm: 0.887794
2026-06-16 02:48:29,883 - debug - DEBUG - Batch 280 grad norm: 0.861220
2026-06-16 02:48:30,939 - debug - DEBUG - Batch 290 grad norm: 0.960151
2026-06-16 02:48:32,020 - debug - DEBUG - Batch 300 grad norm: 1.204052
2026-06-16 02:48:33,186 - debug - DEBUG - Batch 310 grad norm: 1.200376
2026-06-16 02:48:34,094 - debug - DEBUG - Batch 320 grad norm: 0.882483
2026-06-16 02:48:35,144 - debug - DEBUG - Batch 330 grad norm: 1.087232
2026-06-16 02:48:36,241 - debug - DEBUG - Batch 340 grad norm: 0.936225
2026-06-16 02:48:37,330 - debug - DEBUG - Batch 350 grad norm: 1.016840
2026-06-16 02:48:37,439 - debug - DEBUG - compute_metrics_and_record started for epoch 16
2026-06-16 02:48:37,439 - debug - DEBUG - all_preds length: 45000, all_targets length: 45000
2026-06-16 02:48:37,439 - debug - DEBUG - First 10 preds: [4, 7, 8, 2, 6, 2, 7, 0, 7, 7]
2026-06-16 02:48:37,439 - debug - DEBUG - First 10 targets: [3, 7, 8, 2, 6, 2, 7, 0, 7, 7]
2026-06-16 02:48:37,450 - debug - DEBUG - Unique predicted classes: 10 (first 10: [0 1 2 3 4 5 6 7 8 9])
2026-06-16 02:48:37,450 - debug - DEBUG - Unique target classes: 10 (first 10: [0 1 2 3 4 5 6 7 8 9])
2026-06-16 02:48:39,695 - debug - DEBUG - compute_metrics_and_record started for epoch 16
2026-06-16 02:48:39,695 - debug - DEBUG - all_preds length: 10000, all_targets length: 10000
2026-06-16 02:48:39,695 - debug - DEBUG - First 10 preds: [3, 8, 8, 8, 6, 6, 1, 2, 3, 1]
2026-06-16 02:48:39,695 - debug - DEBUG - First 10 targets: [3, 8, 8, 0, 6, 6, 1, 6, 3, 1]
2026-06-16 02:48:39,698 - debug - DEBUG - Unique predicted classes: 10 (first 10: [0 1 2 3 4 5 6 7 8 9])
2026-06-16 02:48:39,698 - debug - DEBUG - Unique target classes: 10 (first 10: [0 1 2 3 4 5 6 7 8 9])
2026-06-16 02:48:39,985 - debug - DEBUG - Device Check - Batch 0
2026-06-16 02:48:39,986 - debug - DEBUG -   Config GPU ID: 1
2026-06-16 02:48:39,986 - debug - DEBUG -   Input Device:  cuda:1
2026-06-16 02:48:39,986 - debug - DEBUG -   Target Device: cuda:1
2026-06-16 02:48:39,987 - debug - DEBUG -   Model Device:  cuda:1
2026-06-16 02:48:39,987 - debug - DEBUG -   Criterion Weight Device: No weights
2026-06-16 02:48:40,447 - debug - DEBUG - Batch 0 grad norm: 1.001408
2026-06-16 02:48:41,555 - debug - DEBUG - Batch 10 grad norm: 0.880169
2026-06-16 02:48:42,629 - debug - DEBUG - Batch 20 grad norm: 1.024639
2026-06-16 02:48:43,687 - debug - DEBUG - Batch 30 grad norm: 0.754532
2026-06-16 02:48:44,716 - debug - DEBUG - Batch 40 grad norm: 1.081516
2026-06-16 02:48:45,783 - debug - DEBUG - Batch 50 grad norm: 0.821015
2026-06-16 02:48:46,831 - debug - DEBUG - Batch 60 grad norm: 1.217220
2026-06-16 02:48:47,914 - debug - DEBUG - Batch 70 grad norm: 1.054569
2026-06-16 02:48:48,973 - debug - DEBUG - Batch 80 grad norm: 1.010990
2026-06-16 02:48:50,054 - debug - DEBUG - Batch 90 grad norm: 1.070700
2026-06-16 02:48:51,109 - debug - DEBUG - Batch 100 grad norm: 1.359760
2026-06-16 02:48:52,207 - debug - DEBUG - Batch 110 grad norm: 0.913960
2026-06-16 02:48:53,268 - debug - DEBUG - Batch 120 grad norm: 1.253751
2026-06-16 02:48:54,611 - debug - DEBUG - Batch 130 grad norm: 1.085102
2026-06-16 02:48:55,702 - debug - DEBUG - Batch 140 grad norm: 1.001903
2026-06-16 02:48:56,679 - debug - DEBUG - Batch 150 grad norm: 1.029472
2026-06-16 02:48:57,757 - debug - DEBUG - Batch 160 grad norm: 1.090082
2026-06-16 02:48:58,826 - debug - DEBUG - Batch 170 grad norm: 0.967409
2026-06-16 02:48:59,922 - debug - DEBUG - Batch 180 grad norm: 1.134237
2026-06-16 02:49:01,018 - debug - DEBUG - Batch 190 grad norm: 0.976794
2026-06-16 02:49:02,103 - debug - DEBUG - Batch 200 grad norm: 0.934426
2026-06-16 02:49:03,185 - debug - DEBUG - Batch 210 grad norm: 1.007876
2026-06-16 02:49:04,260 - debug - DEBUG - Batch 220 grad norm: 0.947207
2026-06-16 02:49:05,300 - debug - DEBUG - Batch 230 grad norm: 1.291703
2026-06-16 02:49:06,376 - debug - DEBUG - Batch 240 grad norm: 0.915617
2026-06-16 02:49:07,431 - debug - DEBUG - Batch 250 grad norm: 0.984113
2026-06-16 02:49:08,514 - debug - DEBUG - Batch 260 grad norm: 1.061922
2026-06-16 02:49:09,571 - debug - DEBUG - Batch 270 grad norm: 0.936116
2026-06-16 02:49:10,658 - debug - DEBUG - Batch 280 grad norm: 0.981023
2026-06-16 02:49:11,762 - debug - DEBUG - Batch 290 grad norm: 1.051221
2026-06-16 02:49:12,851 - debug - DEBUG - Batch 300 grad norm: 1.116648
2026-06-16 02:49:13,927 - debug - DEBUG - Batch 310 grad norm: 1.134052
2026-06-16 02:49:14,989 - debug - DEBUG - Batch 320 grad norm: 0.948807
2026-06-16 02:49:16,082 - debug - DEBUG - Batch 330 grad norm: 0.994187
2026-06-16 02:49:17,154 - debug - DEBUG - Batch 340 grad norm: 1.098225
2026-06-16 02:49:18,245 - debug - DEBUG - Batch 350 grad norm: 0.923586
2026-06-16 02:49:18,349 - debug - DEBUG - compute_metrics_and_record started for epoch 17
2026-06-16 02:49:18,349 - debug - DEBUG - all_preds length: 45000, all_targets length: 45000
2026-06-16 02:49:18,349 - debug - DEBUG - First 10 preds: [2, 3, 4, 5, 5, 1, 2, 0, 9, 9]
2026-06-16 02:49:18,349 - debug - DEBUG - First 10 targets: [2, 3, 4, 5, 5, 1, 2, 0, 9, 9]
2026-06-16 02:49:18,360 - debug - DEBUG - Unique predicted classes: 10 (first 10: [0 1 2 3 4 5 6 7 8 9])
2026-06-16 02:49:18,360 - debug - DEBUG - Unique target classes: 10 (first 10: [0 1 2 3 4 5 6 7 8 9])
2026-06-16 02:49:20,772 - debug - DEBUG - compute_metrics_and_record started for epoch 17
2026-06-16 02:49:20,773 - debug - DEBUG - all_preds length: 10000, all_targets length: 10000
2026-06-16 02:49:20,773 - debug - DEBUG - First 10 preds: [3, 8, 8, 8, 6, 6, 9, 2, 4, 1]
2026-06-16 02:49:20,773 - debug - DEBUG - First 10 targets: [3, 8, 8, 0, 6, 6, 1, 6, 3, 1]
2026-06-16 02:49:20,775 - debug - DEBUG - Unique predicted classes: 10 (first 10: [0 1 2 3 4 5 6 7 8 9])
2026-06-16 02:49:20,775 - debug - DEBUG - Unique target classes: 10 (first 10: [0 1 2 3 4 5 6 7 8 9])
2026-06-16 02:49:21,111 - debug - DEBUG - Device Check - Batch 0
2026-06-16 02:49:21,112 - debug - DEBUG -   Config GPU ID: 1
2026-06-16 02:49:21,112 - debug - DEBUG -   Input Device:  cuda:1
2026-06-16 02:49:21,112 - debug - DEBUG -   Target Device: cuda:1
2026-06-16 02:49:21,113 - debug - DEBUG -   Model Device:  cuda:1
2026-06-16 02:49:21,113 - debug - DEBUG -   Criterion Weight Device: No weights
2026-06-16 02:49:21,593 - debug - DEBUG - Batch 0 grad norm: 0.938040
2026-06-16 02:49:22,677 - debug - DEBUG - Batch 10 grad norm: 1.095532
2026-06-16 02:49:23,791 - debug - DEBUG - Batch 20 grad norm: 0.969361
2026-06-16 02:49:24,907 - debug - DEBUG - Batch 30 grad norm: 0.934136
2026-06-16 02:49:26,051 - debug - DEBUG - Batch 40 grad norm: 0.984485
2026-06-16 02:49:27,142 - debug - DEBUG - Batch 50 grad norm: 1.106909
2026-06-16 02:49:28,251 - debug - DEBUG - Batch 60 grad norm: 1.111223
2026-06-16 02:49:29,336 - debug - DEBUG - Batch 70 grad norm: 0.918074
2026-06-16 02:49:30,440 - debug - DEBUG - Batch 80 grad norm: 0.810739
2026-06-16 02:49:31,545 - debug - DEBUG - Batch 90 grad norm: 0.897607
2026-06-16 02:49:32,668 - debug - DEBUG - Batch 100 grad norm: 0.751133
2026-06-16 02:49:33,796 - debug - DEBUG - Batch 110 grad norm: 1.007895
2026-06-16 02:49:34,745 - debug - DEBUG - Batch 120 grad norm: 0.995206
2026-06-16 02:49:35,939 - debug - DEBUG - Batch 130 grad norm: 0.968679
2026-06-16 02:49:36,954 - debug - DEBUG - Batch 140 grad norm: 0.982190
2026-06-16 02:49:38,057 - debug - DEBUG - Batch 150 grad norm: 1.295371
2026-06-16 02:49:39,178 - debug - DEBUG - Batch 160 grad norm: 0.990386
2026-06-16 02:49:40,280 - debug - DEBUG - Batch 170 grad norm: 1.017662
2026-06-16 02:49:41,398 - debug - DEBUG - Batch 180 grad norm: 0.960834
2026-06-16 02:49:42,516 - debug - DEBUG - Batch 190 grad norm: 1.003979
2026-06-16 02:49:43,619 - debug - DEBUG - Batch 200 grad norm: 1.110829
2026-06-16 02:49:44,707 - debug - DEBUG - Batch 210 grad norm: 0.929465
2026-06-16 02:49:45,808 - debug - DEBUG - Batch 220 grad norm: 0.945477
2026-06-16 02:49:46,898 - debug - DEBUG - Batch 230 grad norm: 0.839473
2026-06-16 02:49:47,971 - debug - DEBUG - Batch 240 grad norm: 0.977096
2026-06-16 02:49:49,024 - debug - DEBUG - Batch 250 grad norm: 1.058677
2026-06-16 02:49:50,087 - debug - DEBUG - Batch 260 grad norm: 1.267610
2026-06-16 02:49:51,132 - debug - DEBUG - Batch 270 grad norm: 1.317257
2026-06-16 02:49:52,207 - debug - DEBUG - Batch 280 grad norm: 0.787921
2026-06-16 02:49:53,250 - debug - DEBUG - Batch 290 grad norm: 1.085033
2026-06-16 02:49:54,339 - debug - DEBUG - Batch 300 grad norm: 0.819119
2026-06-16 02:49:55,412 - debug - DEBUG - Batch 310 grad norm: 0.988167
2026-06-16 02:49:56,502 - debug - DEBUG - Batch 320 grad norm: 1.265239
2026-06-16 02:49:57,603 - debug - DEBUG - Batch 330 grad norm: 0.969289
2026-06-16 02:49:58,699 - debug - DEBUG - Batch 340 grad norm: 0.878924
2026-06-16 02:49:59,816 - debug - DEBUG - Batch 350 grad norm: 1.022204
2026-06-16 02:49:59,922 - debug - DEBUG - compute_metrics_and_record started for epoch 18
2026-06-16 02:49:59,923 - debug - DEBUG - all_preds length: 45000, all_targets length: 45000
2026-06-16 02:49:59,923 - debug - DEBUG - First 10 preds: [6, 3, 8, 2, 3, 5, 6, 6, 8, 0]
2026-06-16 02:49:59,923 - debug - DEBUG - First 10 targets: [6, 5, 8, 2, 3, 5, 6, 6, 8, 0]
2026-06-16 02:49:59,932 - debug - DEBUG - Unique predicted classes: 10 (first 10: [0 1 2 3 4 5 6 7 8 9])
2026-06-16 02:49:59,933 - debug - DEBUG - Unique target classes: 10 (first 10: [0 1 2 3 4 5 6 7 8 9])
2026-06-16 02:50:02,358 - debug - DEBUG - compute_metrics_and_record started for epoch 18
2026-06-16 02:50:02,358 - debug - DEBUG - all_preds length: 10000, all_targets length: 10000
2026-06-16 02:50:02,359 - debug - DEBUG - First 10 preds: [3, 8, 8, 8, 6, 6, 1, 6, 3, 1]
2026-06-16 02:50:02,359 - debug - DEBUG - First 10 targets: [3, 8, 8, 0, 6, 6, 1, 6, 3, 1]
2026-06-16 02:50:02,361 - debug - DEBUG - Unique predicted classes: 10 (first 10: [0 1 2 3 4 5 6 7 8 9])
2026-06-16 02:50:02,362 - debug - DEBUG - Unique target classes: 10 (first 10: [0 1 2 3 4 5 6 7 8 9])
2026-06-16 02:50:02,686 - debug - DEBUG - Device Check - Batch 0
2026-06-16 02:50:02,687 - debug - DEBUG -   Config GPU ID: 1
2026-06-16 02:50:02,687 - debug - DEBUG -   Input Device:  cuda:1
2026-06-16 02:50:02,688 - debug - DEBUG -   Target Device: cuda:1
2026-06-16 02:50:02,688 - debug - DEBUG -   Model Device:  cuda:1
2026-06-16 02:50:02,688 - debug - DEBUG -   Criterion Weight Device: No weights
2026-06-16 02:50:03,260 - debug - DEBUG - Batch 0 grad norm: 1.101262
2026-06-16 02:50:04,344 - debug - DEBUG - Batch 10 grad norm: 1.053879
2026-06-16 02:50:05,449 - debug - DEBUG - Batch 20 grad norm: 1.394243
2026-06-16 02:50:06,385 - debug - DEBUG - Batch 30 grad norm: 0.811564
2026-06-16 02:50:07,560 - debug - DEBUG - Batch 40 grad norm: 1.025477
2026-06-16 02:50:08,578 - debug - DEBUG - Batch 50 grad norm: 1.019833
2026-06-16 02:50:09,697 - debug - DEBUG - Batch 60 grad norm: 1.092199
2026-06-16 02:50:10,827 - debug - DEBUG - Batch 70 grad norm: 0.927460
2026-06-16 02:50:11,948 - debug - DEBUG - Batch 80 grad norm: 0.861009
2026-06-16 02:50:13,066 - debug - DEBUG - Batch 90 grad norm: 1.031864
2026-06-16 02:50:14,172 - debug - DEBUG - Batch 100 grad norm: 1.271988
2026-06-16 02:50:15,205 - debug - DEBUG - Batch 110 grad norm: 1.188858
2026-06-16 02:50:16,105 - debug - DEBUG - Batch 120 grad norm: 1.233971
2026-06-16 02:50:17,255 - debug - DEBUG - Batch 130 grad norm: 0.929089
2026-06-16 02:50:18,209 - debug - DEBUG - Batch 140 grad norm: 1.127761
2026-06-16 02:50:19,251 - debug - DEBUG - Batch 150 grad norm: 1.006831
2026-06-16 02:50:20,307 - debug - DEBUG - Batch 160 grad norm: 0.818330
2026-06-16 02:50:21,401 - debug - DEBUG - Batch 170 grad norm: 1.048100
2026-06-16 02:50:22,498 - debug - DEBUG - Batch 180 grad norm: 0.956020
2026-06-16 02:50:23,599 - debug - DEBUG - Batch 190 grad norm: 0.935883
2026-06-16 02:50:24,685 - debug - DEBUG - Batch 200 grad norm: 1.015737
2026-06-16 02:50:25,787 - debug - DEBUG - Batch 210 grad norm: 1.011263
2026-06-16 02:50:26,881 - debug - DEBUG - Batch 220 grad norm: 0.991842
2026-06-16 02:50:27,973 - debug - DEBUG - Batch 230 grad norm: 1.060458
2026-06-16 02:50:29,034 - debug - DEBUG - Batch 240 grad norm: 1.277217
2026-06-16 02:50:30,121 - debug - DEBUG - Batch 250 grad norm: 0.888977
2026-06-16 02:50:31,177 - debug - DEBUG - Batch 260 grad norm: 1.141993
2026-06-16 02:50:32,280 - debug - DEBUG - Batch 270 grad norm: 1.065002
2026-06-16 02:50:33,393 - debug - DEBUG - Batch 280 grad norm: 1.130347
2026-06-16 02:50:34,501 - debug - DEBUG - Batch 290 grad norm: 0.910215
2026-06-16 02:50:35,595 - debug - DEBUG - Batch 300 grad norm: 1.072235
2026-06-16 02:50:36,677 - debug - DEBUG - Batch 310 grad norm: 1.170999
2026-06-16 02:50:37,770 - debug - DEBUG - Batch 320 grad norm: 1.237689
2026-06-16 02:50:38,845 - debug - DEBUG - Batch 330 grad norm: 1.034096
2026-06-16 02:50:39,928 - debug - DEBUG - Batch 340 grad norm: 1.000749
2026-06-16 02:50:41,011 - debug - DEBUG - Batch 350 grad norm: 0.986212
2026-06-16 02:50:41,120 - debug - DEBUG - compute_metrics_and_record started for epoch 19
2026-06-16 02:50:41,120 - debug - DEBUG - all_preds length: 45000, all_targets length: 45000
2026-06-16 02:50:41,120 - debug - DEBUG - First 10 preds: [0, 4, 3, 3, 4, 7, 5, 1, 5, 4]
2026-06-16 02:50:41,120 - debug - DEBUG - First 10 targets: [0, 4, 3, 3, 4, 4, 2, 1, 5, 4]
2026-06-16 02:50:41,130 - debug - DEBUG - Unique predicted classes: 10 (first 10: [0 1 2 3 4 5 6 7 8 9])
2026-06-16 02:50:41,130 - debug - DEBUG - Unique target classes: 10 (first 10: [0 1 2 3 4 5 6 7 8 9])
2026-06-16 02:50:43,384 - debug - DEBUG - compute_metrics_and_record started for epoch 19
2026-06-16 02:50:43,384 - debug - DEBUG - all_preds length: 10000, all_targets length: 10000
2026-06-16 02:50:43,384 - debug - DEBUG - First 10 preds: [3, 8, 1, 8, 6, 6, 1, 6, 3, 1]
2026-06-16 02:50:43,384 - debug - DEBUG - First 10 targets: [3, 8, 8, 0, 6, 6, 1, 6, 3, 1]
2026-06-16 02:50:43,387 - debug - DEBUG - Unique predicted classes: 10 (first 10: [0 1 2 3 4 5 6 7 8 9])
2026-06-16 02:50:43,387 - debug - DEBUG - Unique target classes: 10 (first 10: [0 1 2 3 4 5 6 7 8 9])
2026-06-16 02:50:43,714 - debug - DEBUG - Device Check - Batch 0
2026-06-16 02:50:43,715 - debug - DEBUG -   Config GPU ID: 1
2026-06-16 02:50:43,715 - debug - DEBUG -   Input Device:  cuda:1
2026-06-16 02:50:43,715 - debug - DEBUG -   Target Device: cuda:1
2026-06-16 02:50:43,716 - debug - DEBUG -   Model Device:  cuda:1
2026-06-16 02:50:43,716 - debug - DEBUG -   Criterion Weight Device: No weights
2026-06-16 02:50:44,153 - debug - DEBUG - Batch 0 grad norm: 0.827722
2026-06-16 02:50:45,240 - debug - DEBUG - Batch 10 grad norm: 1.161003
2026-06-16 02:50:46,319 - debug - DEBUG - Batch 20 grad norm: 0.877184
2026-06-16 02:50:47,423 - debug - DEBUG - Batch 30 grad norm: 0.797417
2026-06-16 02:50:48,501 - debug - DEBUG - Batch 40 grad norm: 0.858262
2026-06-16 02:50:49,596 - debug - DEBUG - Batch 50 grad norm: 0.957996
2026-06-16 02:50:50,704 - debug - DEBUG - Batch 60 grad norm: 1.136727
2026-06-16 02:50:51,784 - debug - DEBUG - Batch 70 grad norm: 1.146880
2026-06-16 02:50:52,829 - debug - DEBUG - Batch 80 grad norm: 0.996151
2026-06-16 02:50:53,751 - debug - DEBUG - Batch 90 grad norm: 1.318043
2026-06-16 02:50:54,889 - debug - DEBUG - Batch 100 grad norm: 1.008069
2026-06-16 02:50:55,971 - debug - DEBUG - Batch 110 grad norm: 0.953457
2026-06-16 02:50:56,910 - debug - DEBUG - Batch 120 grad norm: 0.950178
2026-06-16 02:50:58,014 - debug - DEBUG - Batch 130 grad norm: 1.050896
2026-06-16 02:50:59,107 - debug - DEBUG - Batch 140 grad norm: 0.992098
2026-06-16 02:51:00,127 - debug - DEBUG - Batch 150 grad norm: 1.121276
2026-06-16 02:51:01,213 - debug - DEBUG - Batch 160 grad norm: 0.842777
2026-06-16 02:51:02,274 - debug - DEBUG - Batch 170 grad norm: 1.117753
2026-06-16 02:51:03,342 - debug - DEBUG - Batch 180 grad norm: 0.978354
2026-06-16 02:51:04,409 - debug - DEBUG - Batch 190 grad norm: 1.035882
2026-06-16 02:51:05,501 - debug - DEBUG - Batch 200 grad norm: 0.953000
2026-06-16 02:51:06,576 - debug - DEBUG - Batch 210 grad norm: 0.817149
2026-06-16 02:51:07,668 - debug - DEBUG - Batch 220 grad norm: 1.037950
2026-06-16 02:51:08,725 - debug - DEBUG - Batch 230 grad norm: 1.169204
2026-06-16 02:51:09,823 - debug - DEBUG - Batch 240 grad norm: 0.938735
2026-06-16 02:51:10,916 - debug - DEBUG - Batch 250 grad norm: 1.088357
2026-06-16 02:51:12,011 - debug - DEBUG - Batch 260 grad norm: 0.874673
2026-06-16 02:51:13,109 - debug - DEBUG - Batch 270 grad norm: 1.140886
2026-06-16 02:51:14,192 - debug - DEBUG - Batch 280 grad norm: 0.946046
2026-06-16 02:51:15,283 - debug - DEBUG - Batch 290 grad norm: 1.100723
2026-06-16 02:51:16,354 - debug - DEBUG - Batch 300 grad norm: 1.105869
2026-06-16 02:51:17,456 - debug - DEBUG - Batch 310 grad norm: 0.804567
2026-06-16 02:51:18,530 - debug - DEBUG - Batch 320 grad norm: 0.859883
2026-06-16 02:51:19,608 - debug - DEBUG - Batch 330 grad norm: 0.838210
2026-06-16 02:51:20,663 - debug - DEBUG - Batch 340 grad norm: 0.932658
2026-06-16 02:51:21,748 - debug - DEBUG - Batch 350 grad norm: 1.121058
2026-06-16 02:51:21,860 - debug - DEBUG - compute_metrics_and_record started for epoch 20
2026-06-16 02:51:21,860 - debug - DEBUG - all_preds length: 45000, all_targets length: 45000
2026-06-16 02:51:21,861 - debug - DEBUG - First 10 preds: [2, 2, 7, 5, 6, 4, 7, 8, 3, 9]
2026-06-16 02:51:21,861 - debug - DEBUG - First 10 targets: [2, 2, 3, 5, 6, 4, 7, 8, 5, 9]
2026-06-16 02:51:21,871 - debug - DEBUG - Unique predicted classes: 10 (first 10: [0 1 2 3 4 5 6 7 8 9])
2026-06-16 02:51:21,871 - debug - DEBUG - Unique target classes: 10 (first 10: [0 1 2 3 4 5 6 7 8 9])
2026-06-16 02:51:24,075 - debug - DEBUG - compute_metrics_and_record started for epoch 20
2026-06-16 02:51:24,075 - debug - DEBUG - all_preds length: 10000, all_targets length: 10000
2026-06-16 02:51:24,076 - debug - DEBUG - First 10 preds: [3, 8, 8, 8, 6, 6, 1, 6, 3, 1]
2026-06-16 02:51:24,076 - debug - DEBUG - First 10 targets: [3, 8, 8, 0, 6, 6, 1, 6, 3, 1]
2026-06-16 02:51:24,078 - debug - DEBUG - Unique predicted classes: 10 (first 10: [0 1 2 3 4 5 6 7 8 9])
2026-06-16 02:51:24,078 - debug - DEBUG - Unique target classes: 10 (first 10: [0 1 2 3 4 5 6 7 8 9])
2026-06-16 02:51:24,394 - debug - DEBUG - Device Check - Batch 0
2026-06-16 02:51:24,395 - debug - DEBUG -   Config GPU ID: 1
2026-06-16 02:51:24,395 - debug - DEBUG -   Input Device:  cuda:1
2026-06-16 02:51:24,395 - debug - DEBUG -   Target Device: cuda:1
2026-06-16 02:51:24,395 - debug - DEBUG -   Model Device:  cuda:1
2026-06-16 02:51:24,395 - debug - DEBUG -   Criterion Weight Device: No weights
2026-06-16 02:51:24,754 - debug - DEBUG - Batch 0 grad norm: 1.055598
2026-06-16 02:51:25,846 - debug - DEBUG - Batch 10 grad norm: 1.107868
2026-06-16 02:51:26,917 - debug - DEBUG - Batch 20 grad norm: 0.849576
2026-06-16 02:51:28,121 - debug - DEBUG - Batch 30 grad norm: 1.089970
2026-06-16 02:51:29,184 - debug - DEBUG - Batch 40 grad norm: 1.252060
2026-06-16 02:51:30,285 - debug - DEBUG - Batch 50 grad norm: 0.828294
2026-06-16 02:51:31,371 - debug - DEBUG - Batch 60 grad norm: 1.225242
2026-06-16 02:51:32,467 - debug - DEBUG - Batch 70 grad norm: 1.255405
2026-06-16 02:51:33,528 - debug - DEBUG - Batch 80 grad norm: 1.220066
2026-06-16 02:51:34,611 - debug - DEBUG - Batch 90 grad norm: 1.030223
2026-06-16 02:51:35,740 - debug - DEBUG - Batch 100 grad norm: 1.057496
2026-06-16 02:51:36,829 - debug - DEBUG - Batch 110 grad norm: 1.170558
2026-06-16 02:51:37,854 - debug - DEBUG - Batch 120 grad norm: 0.912960
2026-06-16 02:51:38,857 - debug - DEBUG - Batch 130 grad norm: 0.992720
2026-06-16 02:51:39,985 - debug - DEBUG - Batch 140 grad norm: 1.023278
2026-06-16 02:51:40,838 - debug - DEBUG - Batch 150 grad norm: 1.107185
2026-06-16 02:51:41,971 - debug - DEBUG - Batch 160 grad norm: 0.876902
2026-06-16 02:51:43,068 - debug - DEBUG - Batch 170 grad norm: 1.339960
2026-06-16 02:51:44,043 - debug - DEBUG - Batch 180 grad norm: 1.220526
2026-06-16 02:51:45,108 - debug - DEBUG - Batch 190 grad norm: 0.869481
2026-06-16 02:51:46,206 - debug - DEBUG - Batch 200 grad norm: 0.820971
2026-06-16 02:51:47,259 - debug - DEBUG - Batch 210 grad norm: 0.994973
2026-06-16 02:51:48,341 - debug - DEBUG - Batch 220 grad norm: 1.260672
2026-06-16 02:51:49,383 - debug - DEBUG - Batch 230 grad norm: 1.137876
2026-06-16 02:51:50,473 - debug - DEBUG - Batch 240 grad norm: 1.083745
2026-06-16 02:51:51,554 - debug - DEBUG - Batch 250 grad norm: 0.834965
2026-06-16 02:51:52,658 - debug - DEBUG - Batch 260 grad norm: 0.853998
2026-06-16 02:51:53,766 - debug - DEBUG - Batch 270 grad norm: 0.836925
2026-06-16 02:51:54,884 - debug - DEBUG - Batch 280 grad norm: 0.782853
2026-06-16 02:51:55,993 - debug - DEBUG - Batch 290 grad norm: 1.131396
2026-06-16 02:51:57,052 - debug - DEBUG - Batch 300 grad norm: 0.831200
2026-06-16 02:51:58,132 - debug - DEBUG - Batch 310 grad norm: 0.801299
2026-06-16 02:51:59,152 - debug - DEBUG - Batch 320 grad norm: 1.191127
2026-06-16 02:52:00,228 - debug - DEBUG - Batch 330 grad norm: 1.007823
2026-06-16 02:52:01,288 - debug - DEBUG - Batch 340 grad norm: 0.880879
2026-06-16 02:52:02,379 - debug - DEBUG - Batch 350 grad norm: 1.030273
2026-06-16 02:52:02,475 - debug - DEBUG - compute_metrics_and_record started for epoch 21
2026-06-16 02:52:02,475 - debug - DEBUG - all_preds length: 45000, all_targets length: 45000
2026-06-16 02:52:02,475 - debug - DEBUG - First 10 preds: [4, 4, 2, 5, 2, 1, 3, 9, 1, 0]
2026-06-16 02:52:02,475 - debug - DEBUG - First 10 targets: [4, 4, 2, 3, 2, 1, 3, 3, 1, 0]
2026-06-16 02:52:02,485 - debug - DEBUG - Unique predicted classes: 10 (first 10: [0 1 2 3 4 5 6 7 8 9])
2026-06-16 02:52:02,485 - debug - DEBUG - Unique target classes: 10 (first 10: [0 1 2 3 4 5 6 7 8 9])
2026-06-16 02:52:04,671 - debug - DEBUG - compute_metrics_and_record started for epoch 21
2026-06-16 02:52:04,672 - debug - DEBUG - all_preds length: 10000, all_targets length: 10000
2026-06-16 02:52:04,672 - debug - DEBUG - First 10 preds: [3, 8, 8, 0, 6, 6, 1, 6, 3, 1]
2026-06-16 02:52:04,672 - debug - DEBUG - First 10 targets: [3, 8, 8, 0, 6, 6, 1, 6, 3, 1]
2026-06-16 02:52:04,674 - debug - DEBUG - Unique predicted classes: 10 (first 10: [0 1 2 3 4 5 6 7 8 9])
2026-06-16 02:52:04,675 - debug - DEBUG - Unique target classes: 10 (first 10: [0 1 2 3 4 5 6 7 8 9])
2026-06-16 02:52:04,934 - debug - DEBUG - Device Check - Batch 0
2026-06-16 02:52:04,935 - debug - DEBUG -   Config GPU ID: 1
2026-06-16 02:52:04,935 - debug - DEBUG -   Input Device:  cuda:1
2026-06-16 02:52:04,935 - debug - DEBUG -   Target Device: cuda:1
2026-06-16 02:52:04,935 - debug - DEBUG -   Model Device:  cuda:1
2026-06-16 02:52:04,936 - debug - DEBUG -   Criterion Weight Device: No weights
2026-06-16 02:52:05,317 - debug - DEBUG - Batch 0 grad norm: 0.887109
2026-06-16 02:52:06,421 - debug - DEBUG - Batch 10 grad norm: 1.058737
2026-06-16 02:52:07,489 - debug - DEBUG - Batch 20 grad norm: 0.983957
2026-06-16 02:52:08,586 - debug - DEBUG - Batch 30 grad norm: 0.770144
2026-06-16 02:52:09,681 - debug - DEBUG - Batch 40 grad norm: 1.196864
2026-06-16 02:52:10,784 - debug - DEBUG - Batch 50 grad norm: 1.002766
2026-06-16 02:52:11,849 - debug - DEBUG - Batch 60 grad norm: 1.078407
2026-06-16 02:52:12,917 - debug - DEBUG - Batch 70 grad norm: 0.971589
2026-06-16 02:52:14,002 - debug - DEBUG - Batch 80 grad norm: 0.946137
2026-06-16 02:52:15,074 - debug - DEBUG - Batch 90 grad norm: 1.009542
2026-06-16 02:52:16,156 - debug - DEBUG - Batch 100 grad norm: 0.809297
2026-06-16 02:52:17,170 - debug - DEBUG - Batch 110 grad norm: 0.996831
2026-06-16 02:52:18,258 - debug - DEBUG - Batch 120 grad norm: 1.016331
2026-06-16 02:52:19,294 - debug - DEBUG - Batch 130 grad norm: 0.992959
2026-06-16 02:52:20,470 - debug - DEBUG - Batch 140 grad norm: 1.009205
2026-06-16 02:52:21,402 - debug - DEBUG - Batch 150 grad norm: 1.252844
2026-06-16 02:52:22,502 - debug - DEBUG - Batch 160 grad norm: 0.947982
2026-06-16 02:52:23,569 - debug - DEBUG - Batch 170 grad norm: 1.024965
2026-06-16 02:52:24,667 - debug - DEBUG - Batch 180 grad norm: 1.068608
2026-06-16 02:52:25,759 - debug - DEBUG - Batch 190 grad norm: 1.280213
2026-06-16 02:52:26,845 - debug - DEBUG - Batch 200 grad norm: 0.875189
2026-06-16 02:52:27,877 - debug - DEBUG - Batch 210 grad norm: 1.048917
2026-06-16 02:52:28,805 - debug - DEBUG - Batch 220 grad norm: 1.082076
2026-06-16 02:52:29,919 - debug - DEBUG - Batch 230 grad norm: 0.953818
2026-06-16 02:52:31,033 - debug - DEBUG - Batch 240 grad norm: 0.876389
2026-06-16 02:52:31,994 - debug - DEBUG - Batch 250 grad norm: 1.076233
2026-06-16 02:52:33,027 - debug - DEBUG - Batch 260 grad norm: 1.041842
2026-06-16 02:52:34,113 - debug - DEBUG - Batch 270 grad norm: 1.153868
2026-06-16 02:52:35,180 - debug - DEBUG - Batch 280 grad norm: 1.075293
2026-06-16 02:52:36,287 - debug - DEBUG - Batch 290 grad norm: 1.363157
2026-06-16 02:52:37,362 - debug - DEBUG - Batch 300 grad norm: 1.097497
2026-06-16 02:52:38,470 - debug - DEBUG - Batch 310 grad norm: 1.158751
2026-06-16 02:52:39,569 - debug - DEBUG - Batch 320 grad norm: 1.097071
2026-06-16 02:52:40,668 - debug - DEBUG - Batch 330 grad norm: 1.002397
2026-06-16 02:52:41,743 - debug - DEBUG - Batch 340 grad norm: 0.978664
2026-06-16 02:52:42,839 - debug - DEBUG - Batch 350 grad norm: 1.015113
2026-06-16 02:52:42,930 - debug - DEBUG - compute_metrics_and_record started for epoch 22
2026-06-16 02:52:42,931 - debug - DEBUG - all_preds length: 45000, all_targets length: 45000
2026-06-16 02:52:42,931 - debug - DEBUG - First 10 preds: [8, 6, 8, 7, 5, 5, 2, 1, 4, 6]
2026-06-16 02:52:42,931 - debug - DEBUG - First 10 targets: [8, 6, 8, 0, 3, 5, 2, 1, 4, 6]
2026-06-16 02:52:42,944 - debug - DEBUG - Unique predicted classes: 10 (first 10: [0 1 2 3 4 5 6 7 8 9])
2026-06-16 02:52:42,945 - debug - DEBUG - Unique target classes: 10 (first 10: [0 1 2 3 4 5 6 7 8 9])
2026-06-16 02:52:45,216 - debug - DEBUG - compute_metrics_and_record started for epoch 22
2026-06-16 02:52:45,216 - debug - DEBUG - all_preds length: 10000, all_targets length: 10000
2026-06-16 02:52:45,217 - debug - DEBUG - First 10 preds: [3, 8, 8, 8, 6, 6, 9, 6, 3, 8]
2026-06-16 02:52:45,217 - debug - DEBUG - First 10 targets: [3, 8, 8, 0, 6, 6, 1, 6, 3, 1]
2026-06-16 02:52:45,219 - debug - DEBUG - Unique predicted classes: 10 (first 10: [0 1 2 3 4 5 6 7 8 9])
2026-06-16 02:52:45,219 - debug - DEBUG - Unique target classes: 10 (first 10: [0 1 2 3 4 5 6 7 8 9])
2026-06-16 02:52:45,476 - debug - DEBUG - Device Check - Batch 0
2026-06-16 02:52:45,477 - debug - DEBUG -   Config GPU ID: 1
2026-06-16 02:52:45,477 - debug - DEBUG -   Input Device:  cuda:1
2026-06-16 02:52:45,477 - debug - DEBUG -   Target Device: cuda:1
2026-06-16 02:52:45,478 - debug - DEBUG -   Model Device:  cuda:1
2026-06-16 02:52:45,478 - debug - DEBUG -   Criterion Weight Device: No weights
2026-06-16 02:52:45,963 - debug - DEBUG - Batch 0 grad norm: 1.007272
2026-06-16 02:52:47,038 - debug - DEBUG - Batch 10 grad norm: 0.941511
2026-06-16 02:52:48,100 - debug - DEBUG - Batch 20 grad norm: 0.960108
2026-06-16 02:52:49,167 - debug - DEBUG - Batch 30 grad norm: 0.927637
2026-06-16 02:52:50,242 - debug - DEBUG - Batch 40 grad norm: 1.048353
2026-06-16 02:52:51,320 - debug - DEBUG - Batch 50 grad norm: 0.898815
2026-06-16 02:52:52,407 - debug - DEBUG - Batch 60 grad norm: 0.974273
2026-06-16 02:52:53,459 - debug - DEBUG - Batch 70 grad norm: 1.010141
2026-06-16 02:52:54,557 - debug - DEBUG - Batch 80 grad norm: 0.970492
2026-06-16 02:52:55,637 - debug - DEBUG - Batch 90 grad norm: 1.268958
2026-06-16 02:52:56,734 - debug - DEBUG - Batch 100 grad norm: 0.919291
2026-06-16 02:52:57,835 - debug - DEBUG - Batch 110 grad norm: 0.940455
2026-06-16 02:52:58,942 - debug - DEBUG - Batch 120 grad norm: 0.923100
2026-06-16 02:52:59,990 - debug - DEBUG - Batch 130 grad norm: 1.113132
2026-06-16 02:53:01,166 - debug - DEBUG - Batch 140 grad norm: 1.167976
2026-06-16 02:53:02,110 - debug - DEBUG - Batch 150 grad norm: 1.084643
2026-06-16 02:53:03,221 - debug - DEBUG - Batch 160 grad norm: 1.004683
2026-06-16 02:53:04,330 - debug - DEBUG - Batch 170 grad norm: 1.045072
2026-06-16 02:53:05,405 - debug - DEBUG - Batch 180 grad norm: 0.944022
2026-06-16 02:53:06,476 - debug - DEBUG - Batch 190 grad norm: 0.967778
2026-06-16 02:53:07,546 - debug - DEBUG - Batch 200 grad norm: 0.989280
2026-06-16 02:53:08,623 - debug - DEBUG - Batch 210 grad norm: 0.979340
2026-06-16 02:53:09,670 - debug - DEBUG - Batch 220 grad norm: 1.073724
2026-06-16 02:53:10,747 - debug - DEBUG - Batch 230 grad norm: 1.357221
2026-06-16 02:53:11,829 - debug - DEBUG - Batch 240 grad norm: 1.188474
2026-06-16 02:53:12,905 - debug - DEBUG - Batch 250 grad norm: 0.942109
2026-06-16 02:53:13,944 - debug - DEBUG - Batch 260 grad norm: 1.104768
2026-06-16 02:53:15,035 - debug - DEBUG - Batch 270 grad norm: 0.989564
2026-06-16 02:53:16,089 - debug - DEBUG - Batch 280 grad norm: 1.044757
2026-06-16 02:53:17,145 - debug - DEBUG - Batch 290 grad norm: 0.950178
2026-06-16 02:53:18,306 - debug - DEBUG - Batch 300 grad norm: 1.079207
2026-06-16 02:53:19,228 - debug - DEBUG - Batch 310 grad norm: 0.881297
2026-06-16 02:53:20,315 - debug - DEBUG - Batch 320 grad norm: 1.094069
2026-06-16 02:53:21,417 - debug - DEBUG - Batch 330 grad norm: 0.929895
2026-06-16 02:53:22,521 - debug - DEBUG - Batch 340 grad norm: 1.097273
2026-06-16 02:53:23,590 - debug - DEBUG - Batch 350 grad norm: 1.133119
2026-06-16 02:53:23,678 - debug - DEBUG - compute_metrics_and_record started for epoch 23
2026-06-16 02:53:23,678 - debug - DEBUG - all_preds length: 45000, all_targets length: 45000
2026-06-16 02:53:23,678 - debug - DEBUG - First 10 preds: [7, 4, 4, 5, 4, 4, 6, 7, 5, 2]
2026-06-16 02:53:23,678 - debug - DEBUG - First 10 targets: [8, 4, 4, 5, 4, 4, 6, 2, 5, 2]
2026-06-16 02:53:23,687 - debug - DEBUG - Unique predicted classes: 10 (first 10: [0 1 2 3 4 5 6 7 8 9])
2026-06-16 02:53:23,687 - debug - DEBUG - Unique target classes: 10 (first 10: [0 1 2 3 4 5 6 7 8 9])
2026-06-16 02:53:26,046 - debug - DEBUG - compute_metrics_and_record started for epoch 23
2026-06-16 02:53:26,046 - debug - DEBUG - all_preds length: 10000, all_targets length: 10000
2026-06-16 02:53:26,046 - debug - DEBUG - First 10 preds: [3, 8, 8, 8, 6, 6, 1, 6, 4, 1]
2026-06-16 02:53:26,046 - debug - DEBUG - First 10 targets: [3, 8, 8, 0, 6, 6, 1, 6, 3, 1]
2026-06-16 02:53:26,049 - debug - DEBUG - Unique predicted classes: 10 (first 10: [0 1 2 3 4 5 6 7 8 9])
2026-06-16 02:53:26,049 - debug - DEBUG - Unique target classes: 10 (first 10: [0 1 2 3 4 5 6 7 8 9])
2026-06-16 02:53:26,388 - debug - DEBUG - Device Check - Batch 0
2026-06-16 02:53:26,389 - debug - DEBUG -   Config GPU ID: 1
2026-06-16 02:53:26,389 - debug - DEBUG -   Input Device:  cuda:1
2026-06-16 02:53:26,389 - debug - DEBUG -   Target Device: cuda:1
2026-06-16 02:53:26,390 - debug - DEBUG -   Model Device:  cuda:1
2026-06-16 02:53:26,390 - debug - DEBUG -   Criterion Weight Device: No weights
2026-06-16 02:53:26,799 - debug - DEBUG - Batch 0 grad norm: 0.764317
2026-06-16 02:53:27,890 - debug - DEBUG - Batch 10 grad norm: 1.147143
2026-06-16 02:53:28,992 - debug - DEBUG - Batch 20 grad norm: 0.906393
2026-06-16 02:53:30,091 - debug - DEBUG - Batch 30 grad norm: 1.257787
2026-06-16 02:53:31,162 - debug - DEBUG - Batch 40 grad norm: 0.966188
2026-06-16 02:53:32,226 - debug - DEBUG - Batch 50 grad norm: 1.076100
2026-06-16 02:53:33,296 - debug - DEBUG - Batch 60 grad norm: 1.126769
2026-06-16 02:53:34,350 - debug - DEBUG - Batch 70 grad norm: 1.122599
2026-06-16 02:53:35,426 - debug - DEBUG - Batch 80 grad norm: 1.061761
2026-06-16 02:53:36,504 - debug - DEBUG - Batch 90 grad norm: 1.038696
2026-06-16 02:53:37,589 - debug - DEBUG - Batch 100 grad norm: 0.860379
2026-06-16 02:53:38,669 - debug - DEBUG - Batch 110 grad norm: 1.117305
2026-06-16 02:53:39,739 - debug - DEBUG - Batch 120 grad norm: 1.242540
2026-06-16 02:53:40,624 - debug - DEBUG - Batch 130 grad norm: 1.037602
2026-06-16 02:53:41,749 - debug - DEBUG - Batch 140 grad norm: 0.963528
2026-06-16 02:53:42,845 - debug - DEBUG - Batch 150 grad norm: 0.938902
2026-06-16 02:53:43,776 - debug - DEBUG - Batch 160 grad norm: 1.095008
2026-06-16 02:53:44,865 - debug - DEBUG - Batch 170 grad norm: 1.065318
2026-06-16 02:53:45,934 - debug - DEBUG - Batch 180 grad norm: 1.043426
2026-06-16 02:53:47,021 - debug - DEBUG - Batch 190 grad norm: 0.846177
2026-06-16 02:53:48,117 - debug - DEBUG - Batch 200 grad norm: 0.926835
2026-06-16 02:53:49,202 - debug - DEBUG - Batch 210 grad norm: 0.828820
2026-06-16 02:53:50,284 - debug - DEBUG - Batch 220 grad norm: 1.118357
2026-06-16 02:53:51,372 - debug - DEBUG - Batch 230 grad norm: 0.952464
2026-06-16 02:53:52,462 - debug - DEBUG - Batch 240 grad norm: 1.019797
2026-06-16 02:53:53,542 - debug - DEBUG - Batch 250 grad norm: 1.049865
2026-06-16 02:53:54,639 - debug - DEBUG - Batch 260 grad norm: 1.084669
2026-06-16 02:53:55,702 - debug - DEBUG - Batch 270 grad norm: 1.029290
2026-06-16 02:53:56,792 - debug - DEBUG - Batch 280 grad norm: 1.165286
2026-06-16 02:53:57,859 - debug - DEBUG - Batch 290 grad norm: 1.065022
2026-06-16 02:53:58,942 - debug - DEBUG - Batch 300 grad norm: 1.009939
2026-06-16 02:53:59,998 - debug - DEBUG - Batch 310 grad norm: 1.008521
2026-06-16 02:54:01,076 - debug - DEBUG - Batch 320 grad norm: 0.944500
2026-06-16 02:54:02,135 - debug - DEBUG - Batch 330 grad norm: 0.885394
2026-06-16 02:54:03,217 - debug - DEBUG - Batch 340 grad norm: 1.101586
2026-06-16 02:54:04,252 - debug - DEBUG - Batch 350 grad norm: 1.425083
2026-06-16 02:54:04,355 - debug - DEBUG - compute_metrics_and_record started for epoch 24
2026-06-16 02:54:04,355 - debug - DEBUG - all_preds length: 45000, all_targets length: 45000
2026-06-16 02:54:04,355 - debug - DEBUG - First 10 preds: [3, 3, 3, 6, 5, 5, 4, 1, 4, 1]
2026-06-16 02:54:04,355 - debug - DEBUG - First 10 targets: [3, 3, 3, 6, 5, 5, 6, 1, 4, 1]
2026-06-16 02:54:04,365 - debug - DEBUG - Unique predicted classes: 10 (first 10: [0 1 2 3 4 5 6 7 8 9])
2026-06-16 02:54:04,365 - debug - DEBUG - Unique target classes: 10 (first 10: [0 1 2 3 4 5 6 7 8 9])
2026-06-16 02:54:06,528 - debug - DEBUG - compute_metrics_and_record started for epoch 24
2026-06-16 02:54:06,529 - debug - DEBUG - all_preds length: 10000, all_targets length: 10000
2026-06-16 02:54:06,529 - debug - DEBUG - First 10 preds: [3, 8, 8, 0, 6, 6, 1, 6, 3, 1]
2026-06-16 02:54:06,529 - debug - DEBUG - First 10 targets: [3, 8, 8, 0, 6, 6, 1, 6, 3, 1]
2026-06-16 02:54:06,532 - debug - DEBUG - Unique predicted classes: 10 (first 10: [0 1 2 3 4 5 6 7 8 9])
2026-06-16 02:54:06,532 - debug - DEBUG - Unique target classes: 10 (first 10: [0 1 2 3 4 5 6 7 8 9])
2026-06-16 02:54:06,882 - debug - DEBUG - Device Check - Batch 0
2026-06-16 02:54:06,883 - debug - DEBUG -   Config GPU ID: 1
2026-06-16 02:54:06,883 - debug - DEBUG -   Input Device:  cuda:1
2026-06-16 02:54:06,884 - debug - DEBUG -   Target Device: cuda:1
2026-06-16 02:54:06,884 - debug - DEBUG -   Model Device:  cuda:1
2026-06-16 02:54:06,884 - debug - DEBUG -   Criterion Weight Device: No weights
2026-06-16 02:54:07,261 - debug - DEBUG - Batch 0 grad norm: 0.640303
2026-06-16 02:54:08,371 - debug - DEBUG - Batch 10 grad norm: 0.966884
2026-06-16 02:54:09,477 - debug - DEBUG - Batch 20 grad norm: 1.129038
2026-06-16 02:54:10,578 - debug - DEBUG - Batch 30 grad norm: 0.869313
2026-06-16 02:54:11,668 - debug - DEBUG - Batch 40 grad norm: 0.943404
2026-06-16 02:54:12,774 - debug - DEBUG - Batch 50 grad norm: 1.059266
2026-06-16 02:54:13,872 - debug - DEBUG - Batch 60 grad norm: 1.136365
2026-06-16 02:54:14,978 - debug - DEBUG - Batch 70 grad norm: 0.941366
2026-06-16 02:54:16,078 - debug - DEBUG - Batch 80 grad norm: 1.074975
2026-06-16 02:54:17,180 - debug - DEBUG - Batch 90 grad norm: 1.457424
2026-06-16 02:54:18,274 - debug - DEBUG - Batch 100 grad norm: 1.012050
2026-06-16 02:54:19,344 - debug - DEBUG - Batch 110 grad norm: 1.185690
2026-06-16 02:54:20,370 - debug - DEBUG - Batch 120 grad norm: 0.815830
2026-06-16 02:54:21,439 - debug - DEBUG - Batch 130 grad norm: 0.914065
2026-06-16 02:54:22,493 - debug - DEBUG - Batch 140 grad norm: 1.291485
2026-06-16 02:54:23,660 - debug - DEBUG - Batch 150 grad norm: 1.132962
2026-06-16 02:54:24,592 - debug - DEBUG - Batch 160 grad norm: 1.147386
2026-06-16 02:54:25,645 - debug - DEBUG - Batch 170 grad norm: 1.198311
2026-06-16 02:54:26,755 - debug - DEBUG - Batch 180 grad norm: 1.085989
2026-06-16 02:54:27,814 - debug - DEBUG - Batch 190 grad norm: 0.972903
2026-06-16 02:54:28,911 - debug - DEBUG - Batch 200 grad norm: 1.171565
2026-06-16 02:54:29,983 - debug - DEBUG - Batch 210 grad norm: 1.129533
2026-06-16 02:54:31,087 - debug - DEBUG - Batch 220 grad norm: 0.911231
2026-06-16 02:54:32,172 - debug - DEBUG - Batch 230 grad norm: 1.192583
2026-06-16 02:54:33,275 - debug - DEBUG - Batch 240 grad norm: 0.905525
2026-06-16 02:54:34,343 - debug - DEBUG - Batch 250 grad norm: 0.940459
2026-06-16 02:54:35,440 - debug - DEBUG - Batch 260 grad norm: 1.291366
2026-06-16 02:54:36,533 - debug - DEBUG - Batch 270 grad norm: 1.037692
2026-06-16 02:54:37,629 - debug - DEBUG - Batch 280 grad norm: 0.985629
2026-06-16 02:54:38,737 - debug - DEBUG - Batch 290 grad norm: 1.053951
2026-06-16 02:54:39,831 - debug - DEBUG - Batch 300 grad norm: 1.042648
2026-06-16 02:54:40,914 - debug - DEBUG - Batch 310 grad norm: 1.048430
2026-06-16 02:54:41,998 - debug - DEBUG - Batch 320 grad norm: 1.095156
2026-06-16 02:54:43,082 - debug - DEBUG - Batch 330 grad norm: 1.038179
2026-06-16 02:54:44,153 - debug - DEBUG - Batch 340 grad norm: 0.937459
2026-06-16 02:54:45,247 - debug - DEBUG - Batch 350 grad norm: 1.077040
2026-06-16 02:54:45,338 - debug - DEBUG - compute_metrics_and_record started for epoch 25
2026-06-16 02:54:45,338 - debug - DEBUG - all_preds length: 45000, all_targets length: 45000
2026-06-16 02:54:45,338 - debug - DEBUG - First 10 preds: [5, 6, 8, 7, 3, 6, 9, 0, 2, 4]
2026-06-16 02:54:45,338 - debug - DEBUG - First 10 targets: [5, 6, 8, 7, 3, 6, 9, 0, 2, 4]
2026-06-16 02:54:45,350 - debug - DEBUG - Unique predicted classes: 10 (first 10: [0 1 2 3 4 5 6 7 8 9])
2026-06-16 02:54:45,351 - debug - DEBUG - Unique target classes: 10 (first 10: [0 1 2 3 4 5 6 7 8 9])
2026-06-16 02:54:47,524 - debug - DEBUG - compute_metrics_and_record started for epoch 25
2026-06-16 02:54:47,524 - debug - DEBUG - all_preds length: 10000, all_targets length: 10000
2026-06-16 02:54:47,524 - debug - DEBUG - First 10 preds: [3, 8, 8, 8, 6, 6, 1, 6, 3, 1]
2026-06-16 02:54:47,524 - debug - DEBUG - First 10 targets: [3, 8, 8, 0, 6, 6, 1, 6, 3, 1]
2026-06-16 02:54:47,527 - debug - DEBUG - Unique predicted classes: 10 (first 10: [0 1 2 3 4 5 6 7 8 9])
2026-06-16 02:54:47,527 - debug - DEBUG - Unique target classes: 10 (first 10: [0 1 2 3 4 5 6 7 8 9])
2026-06-16 02:54:47,793 - debug - DEBUG - Device Check - Batch 0
2026-06-16 02:54:47,794 - debug - DEBUG -   Config GPU ID: 1
2026-06-16 02:54:47,794 - debug - DEBUG -   Input Device:  cuda:1
2026-06-16 02:54:47,794 - debug - DEBUG -   Target Device: cuda:1
2026-06-16 02:54:47,795 - debug - DEBUG -   Model Device:  cuda:1
2026-06-16 02:54:47,795 - debug - DEBUG -   Criterion Weight Device: No weights
2026-06-16 02:54:48,177 - debug - DEBUG - Batch 0 grad norm: 0.821486
2026-06-16 02:54:49,272 - debug - DEBUG - Batch 10 grad norm: 1.095108
2026-06-16 02:54:50,370 - debug - DEBUG - Batch 20 grad norm: 0.828264
2026-06-16 02:54:51,424 - debug - DEBUG - Batch 30 grad norm: 1.010141
2026-06-16 02:54:52,580 - debug - DEBUG - Batch 40 grad norm: 1.191556
2026-06-16 02:54:53,500 - debug - DEBUG - Batch 50 grad norm: 1.177326
2026-06-16 02:54:54,571 - debug - DEBUG - Batch 60 grad norm: 1.049307
2026-06-16 02:54:55,668 - debug - DEBUG - Batch 70 grad norm: 0.882540
2026-06-16 02:54:56,743 - debug - DEBUG - Batch 80 grad norm: 0.838330
2026-06-16 02:54:57,841 - debug - DEBUG - Batch 90 grad norm: 0.726245
2026-06-16 02:54:58,942 - debug - DEBUG - Batch 100 grad norm: 1.006755
2026-06-16 02:55:00,046 - debug - DEBUG - Batch 110 grad norm: 0.796400
2026-06-16 02:55:01,150 - debug - DEBUG - Batch 120 grad norm: 0.926809
2026-06-16 02:55:02,248 - debug - DEBUG - Batch 130 grad norm: 1.198039
2026-06-16 02:55:03,318 - debug - DEBUG - Batch 140 grad norm: 1.110728
2026-06-16 02:55:04,500 - debug - DEBUG - Batch 150 grad norm: 0.953316
2026-06-16 02:55:05,458 - debug - DEBUG - Batch 160 grad norm: 0.960481
2026-06-16 02:55:06,559 - debug - DEBUG - Batch 170 grad norm: 0.895641
2026-06-16 02:55:07,633 - debug - DEBUG - Batch 180 grad norm: 1.240116
2026-06-16 02:55:08,705 - debug - DEBUG - Batch 190 grad norm: 1.054663
2026-06-16 02:55:09,797 - debug - DEBUG - Batch 200 grad norm: 0.984726
2026-06-16 02:55:10,848 - debug - DEBUG - Batch 210 grad norm: 0.962752
2026-06-16 02:55:11,942 - debug - DEBUG - Batch 220 grad norm: 1.133207
2026-06-16 02:55:13,014 - debug - DEBUG - Batch 230 grad norm: 1.159987
2026-06-16 02:55:14,118 - debug - DEBUG - Batch 240 grad norm: 0.914500
2026-06-16 02:55:15,242 - debug - DEBUG - Batch 250 grad norm: 0.953770
2026-06-16 02:55:16,330 - debug - DEBUG - Batch 260 grad norm: 1.033835
2026-06-16 02:55:17,405 - debug - DEBUG - Batch 270 grad norm: 1.054178
2026-06-16 02:55:18,461 - debug - DEBUG - Batch 280 grad norm: 1.316892
2026-06-16 02:55:19,559 - debug - DEBUG - Batch 290 grad norm: 0.825396
2026-06-16 02:55:20,624 - debug - DEBUG - Batch 300 grad norm: 1.129944
2026-06-16 02:55:21,720 - debug - DEBUG - Batch 310 grad norm: 1.125540
2026-06-16 02:55:22,814 - debug - DEBUG - Batch 320 grad norm: 1.075616
2026-06-16 02:55:23,903 - debug - DEBUG - Batch 330 grad norm: 1.082512
2026-06-16 02:55:24,991 - debug - DEBUG - Batch 340 grad norm: 1.100807
2026-06-16 02:55:26,078 - debug - DEBUG - Batch 350 grad norm: 1.056595
2026-06-16 02:55:26,165 - debug - DEBUG - compute_metrics_and_record started for epoch 26
2026-06-16 02:55:26,166 - debug - DEBUG - all_preds length: 45000, all_targets length: 45000
2026-06-16 02:55:26,166 - debug - DEBUG - First 10 preds: [4, 4, 1, 7, 9, 0, 7, 5, 5, 4]
2026-06-16 02:55:26,166 - debug - DEBUG - First 10 targets: [4, 4, 9, 7, 9, 0, 7, 5, 5, 4]
2026-06-16 02:55:26,175 - debug - DEBUG - Unique predicted classes: 10 (first 10: [0 1 2 3 4 5 6 7 8 9])
2026-06-16 02:55:26,175 - debug - DEBUG - Unique target classes: 10 (first 10: [0 1 2 3 4 5 6 7 8 9])
2026-06-16 02:55:28,460 - debug - DEBUG - compute_metrics_and_record started for epoch 26
2026-06-16 02:55:28,460 - debug - DEBUG - all_preds length: 10000, all_targets length: 10000
2026-06-16 02:55:28,460 - debug - DEBUG - First 10 preds: [3, 8, 8, 8, 6, 6, 1, 2, 3, 1]
2026-06-16 02:55:28,460 - debug - DEBUG - First 10 targets: [3, 8, 8, 0, 6, 6, 1, 6, 3, 1]
2026-06-16 02:55:28,463 - debug - DEBUG - Unique predicted classes: 10 (first 10: [0 1 2 3 4 5 6 7 8 9])
2026-06-16 02:55:28,463 - debug - DEBUG - Unique target classes: 10 (first 10: [0 1 2 3 4 5 6 7 8 9])
2026-06-16 02:55:28,722 - debug - DEBUG - Device Check - Batch 0
2026-06-16 02:55:28,723 - debug - DEBUG -   Config GPU ID: 1
2026-06-16 02:55:28,723 - debug - DEBUG -   Input Device:  cuda:1
2026-06-16 02:55:28,723 - debug - DEBUG -   Target Device: cuda:1
2026-06-16 02:55:28,724 - debug - DEBUG -   Model Device:  cuda:1
2026-06-16 02:55:28,724 - debug - DEBUG -   Criterion Weight Device: No weights
2026-06-16 02:55:29,211 - debug - DEBUG - Batch 0 grad norm: 0.935773
2026-06-16 02:55:30,330 - debug - DEBUG - Batch 10 grad norm: 0.870366
2026-06-16 02:55:31,416 - debug - DEBUG - Batch 20 grad norm: 1.109915
2026-06-16 02:55:32,515 - debug - DEBUG - Batch 30 grad norm: 0.893799
2026-06-16 02:55:33,619 - debug - DEBUG - Batch 40 grad norm: 1.215156
2026-06-16 02:55:34,692 - debug - DEBUG - Batch 50 grad norm: 0.901629
2026-06-16 02:55:35,802 - debug - DEBUG - Batch 60 grad norm: 0.879015
2026-06-16 02:55:36,887 - debug - DEBUG - Batch 70 grad norm: 0.997428
2026-06-16 02:55:37,940 - debug - DEBUG - Batch 80 grad norm: 0.770809
2026-06-16 02:55:39,050 - debug - DEBUG - Batch 90 grad norm: 1.115416
2026-06-16 02:55:40,179 - debug - DEBUG - Batch 100 grad norm: 1.249445
2026-06-16 02:55:41,134 - debug - DEBUG - Batch 110 grad norm: 1.022200
2026-06-16 02:55:42,243 - debug - DEBUG - Batch 120 grad norm: 1.272659
2026-06-16 02:55:43,195 - debug - DEBUG - Batch 130 grad norm: 1.038133
2026-06-16 02:55:44,298 - debug - DEBUG - Batch 140 grad norm: 1.454483
2026-06-16 02:55:45,407 - debug - DEBUG - Batch 150 grad norm: 1.159654
2026-06-16 02:55:46,388 - debug - DEBUG - Batch 160 grad norm: 0.976631
2026-06-16 02:55:47,495 - debug - DEBUG - Batch 170 grad norm: 1.076733
2026-06-16 02:55:48,582 - debug - DEBUG - Batch 180 grad norm: 1.165012
2026-06-16 02:55:49,674 - debug - DEBUG - Batch 190 grad norm: 0.925816
2026-06-16 02:55:50,774 - debug - DEBUG - Batch 200 grad norm: 0.831013
2026-06-16 02:55:51,874 - debug - DEBUG - Batch 210 grad norm: 0.660375
2026-06-16 02:55:52,991 - debug - DEBUG - Batch 220 grad norm: 0.948128
2026-06-16 02:55:54,085 - debug - DEBUG - Batch 230 grad norm: 1.305395
2026-06-16 02:55:55,169 - debug - DEBUG - Batch 240 grad norm: 1.193331
2026-06-16 02:55:56,281 - debug - DEBUG - Batch 250 grad norm: 1.028662
2026-06-16 02:55:57,420 - debug - DEBUG - Batch 260 grad norm: 1.175197
2026-06-16 02:55:58,542 - debug - DEBUG - Batch 270 grad norm: 1.088702
2026-06-16 02:55:59,652 - debug - DEBUG - Batch 280 grad norm: 1.242055
2026-06-16 02:56:00,732 - debug - DEBUG - Batch 290 grad norm: 1.097500
2026-06-16 02:56:01,835 - debug - DEBUG - Batch 300 grad norm: 0.769160
2026-06-16 02:56:02,967 - debug - DEBUG - Batch 310 grad norm: 0.987334
2026-06-16 02:56:04,060 - debug - DEBUG - Batch 320 grad norm: 1.077298
2026-06-16 02:56:05,146 - debug - DEBUG - Batch 330 grad norm: 0.904160
2026-06-16 02:56:06,230 - debug - DEBUG - Batch 340 grad norm: 1.201263
2026-06-16 02:56:07,309 - debug - DEBUG - Batch 350 grad norm: 0.971511
2026-06-16 02:56:07,399 - debug - DEBUG - compute_metrics_and_record started for epoch 27
2026-06-16 02:56:07,400 - debug - DEBUG - all_preds length: 45000, all_targets length: 45000
2026-06-16 02:56:07,400 - debug - DEBUG - First 10 preds: [9, 8, 3, 2, 5, 2, 8, 5, 5, 6]
2026-06-16 02:56:07,400 - debug - DEBUG - First 10 targets: [9, 8, 3, 2, 5, 2, 8, 5, 5, 6]
2026-06-16 02:56:07,409 - debug - DEBUG - Unique predicted classes: 10 (first 10: [0 1 2 3 4 5 6 7 8 9])
2026-06-16 02:56:07,409 - debug - DEBUG - Unique target classes: 10 (first 10: [0 1 2 3 4 5 6 7 8 9])
2026-06-16 02:56:09,623 - debug - DEBUG - compute_metrics_and_record started for epoch 27
2026-06-16 02:56:09,623 - debug - DEBUG - all_preds length: 10000, all_targets length: 10000
2026-06-16 02:56:09,623 - debug - DEBUG - First 10 preds: [3, 8, 8, 0, 6, 6, 1, 6, 3, 1]
2026-06-16 02:56:09,623 - debug - DEBUG - First 10 targets: [3, 8, 8, 0, 6, 6, 1, 6, 3, 1]
2026-06-16 02:56:09,626 - debug - DEBUG - Unique predicted classes: 10 (first 10: [0 1 2 3 4 5 6 7 8 9])
2026-06-16 02:56:09,626 - debug - DEBUG - Unique target classes: 10 (first 10: [0 1 2 3 4 5 6 7 8 9])
2026-06-16 02:56:09,927 - debug - DEBUG - Device Check - Batch 0
2026-06-16 02:56:09,928 - debug - DEBUG -   Config GPU ID: 1
2026-06-16 02:56:09,928 - debug - DEBUG -   Input Device:  cuda:1
2026-06-16 02:56:09,929 - debug - DEBUG -   Target Device: cuda:1
2026-06-16 02:56:09,929 - debug - DEBUG -   Model Device:  cuda:1
2026-06-16 02:56:09,929 - debug - DEBUG -   Criterion Weight Device: No weights
2026-06-16 02:56:10,371 - debug - DEBUG - Batch 0 grad norm: 0.827277
2026-06-16 02:56:11,469 - debug - DEBUG - Batch 10 grad norm: 0.900273
2026-06-16 02:56:12,573 - debug - DEBUG - Batch 20 grad norm: 1.039262
2026-06-16 02:56:13,687 - debug - DEBUG - Batch 30 grad norm: 1.185926
2026-06-16 02:56:14,793 - debug - DEBUG - Batch 40 grad norm: 1.190429
2026-06-16 02:56:15,895 - debug - DEBUG - Batch 50 grad norm: 1.018827
2026-06-16 02:56:16,990 - debug - DEBUG - Batch 60 grad norm: 0.978766
2026-06-16 02:56:18,084 - debug - DEBUG - Batch 70 grad norm: 0.905221
2026-06-16 02:56:19,185 - debug - DEBUG - Batch 80 grad norm: 1.233314
2026-06-16 02:56:20,262 - debug - DEBUG - Batch 90 grad norm: 1.189033
2026-06-16 02:56:21,436 - debug - DEBUG - Batch 100 grad norm: 1.177245
2026-06-16 02:56:22,609 - debug - DEBUG - Batch 110 grad norm: 1.259331
2026-06-16 02:56:23,781 - debug - DEBUG - Batch 120 grad norm: 1.096487
2026-06-16 02:56:24,789 - debug - DEBUG - Batch 130 grad norm: 0.879010
2026-06-16 02:56:25,746 - debug - DEBUG - Batch 140 grad norm: 1.148114
2026-06-16 02:56:26,804 - debug - DEBUG - Batch 150 grad norm: 0.929236
2026-06-16 02:56:27,865 - debug - DEBUG - Batch 160 grad norm: 1.109109
2026-06-16 02:56:28,867 - debug - DEBUG - Batch 170 grad norm: 0.945759
2026-06-16 02:56:29,941 - debug - DEBUG - Batch 180 grad norm: 1.085692
2026-06-16 02:56:31,023 - debug - DEBUG - Batch 190 grad norm: 0.959068
2026-06-16 02:56:32,105 - debug - DEBUG - Batch 200 grad norm: 0.914424
2026-06-16 02:56:33,186 - debug - DEBUG - Batch 210 grad norm: 1.030481
2026-06-16 02:56:34,279 - debug - DEBUG - Batch 220 grad norm: 1.066414
2026-06-16 02:56:35,377 - debug - DEBUG - Batch 230 grad norm: 0.980469
2026-06-16 02:56:36,460 - debug - DEBUG - Batch 240 grad norm: 1.352114
2026-06-16 02:56:37,572 - debug - DEBUG - Batch 250 grad norm: 1.322737
2026-06-16 02:56:38,674 - debug - DEBUG - Batch 260 grad norm: 1.287787
2026-06-16 02:56:39,785 - debug - DEBUG - Batch 270 grad norm: 1.166340
2026-06-16 02:56:40,893 - debug - DEBUG - Batch 280 grad norm: 1.163637
2026-06-16 02:56:42,011 - debug - DEBUG - Batch 290 grad norm: 1.186504
2026-06-16 02:56:43,132 - debug - DEBUG - Batch 300 grad norm: 1.139589
2026-06-16 02:56:44,257 - debug - DEBUG - Batch 310 grad norm: 1.070027
2026-06-16 02:56:45,373 - debug - DEBUG - Batch 320 grad norm: 0.887296
2026-06-16 02:56:46,489 - debug - DEBUG - Batch 330 grad norm: 1.152620
2026-06-16 02:56:47,606 - debug - DEBUG - Batch 340 grad norm: 1.121940
2026-06-16 02:56:48,714 - debug - DEBUG - Batch 350 grad norm: 0.898809
2026-06-16 02:56:48,805 - debug - DEBUG - compute_metrics_and_record started for epoch 28
2026-06-16 02:56:48,805 - debug - DEBUG - all_preds length: 45000, all_targets length: 45000
2026-06-16 02:56:48,805 - debug - DEBUG - First 10 preds: [6, 7, 8, 6, 2, 9, 4, 9, 7, 4]
2026-06-16 02:56:48,805 - debug - DEBUG - First 10 targets: [6, 3, 8, 6, 2, 9, 6, 9, 7, 2]
2026-06-16 02:56:48,815 - debug - DEBUG - Unique predicted classes: 10 (first 10: [0 1 2 3 4 5 6 7 8 9])
2026-06-16 02:56:48,815 - debug - DEBUG - Unique target classes: 10 (first 10: [0 1 2 3 4 5 6 7 8 9])
2026-06-16 02:56:51,127 - debug - DEBUG - compute_metrics_and_record started for epoch 28
2026-06-16 02:56:51,128 - debug - DEBUG - all_preds length: 10000, all_targets length: 10000
2026-06-16 02:56:51,128 - debug - DEBUG - First 10 preds: [3, 8, 8, 8, 6, 6, 1, 2, 3, 1]
2026-06-16 02:56:51,128 - debug - DEBUG - First 10 targets: [3, 8, 8, 0, 6, 6, 1, 6, 3, 1]
2026-06-16 02:56:51,130 - debug - DEBUG - Unique predicted classes: 10 (first 10: [0 1 2 3 4 5 6 7 8 9])
2026-06-16 02:56:51,130 - debug - DEBUG - Unique target classes: 10 (first 10: [0 1 2 3 4 5 6 7 8 9])
2026-06-16 02:56:51,388 - debug - DEBUG - Device Check - Batch 0
2026-06-16 02:56:51,389 - debug - DEBUG -   Config GPU ID: 1
2026-06-16 02:56:51,389 - debug - DEBUG -   Input Device:  cuda:1
2026-06-16 02:56:51,389 - debug - DEBUG -   Target Device: cuda:1
2026-06-16 02:56:51,389 - debug - DEBUG -   Model Device:  cuda:1
2026-06-16 02:56:51,389 - debug - DEBUG -   Criterion Weight Device: No weights
2026-06-16 02:56:51,934 - debug - DEBUG - Batch 0 grad norm: 0.776728
2026-06-16 02:56:53,022 - debug - DEBUG - Batch 10 grad norm: 0.985796
2026-06-16 02:56:54,103 - debug - DEBUG - Batch 20 grad norm: 1.091193
2026-06-16 02:56:55,212 - debug - DEBUG - Batch 30 grad norm: 0.961421
2026-06-16 02:56:56,289 - debug - DEBUG - Batch 40 grad norm: 1.027432
2026-06-16 02:56:57,396 - debug - DEBUG - Batch 50 grad norm: 0.996205
2026-06-16 02:56:58,484 - debug - DEBUG - Batch 60 grad norm: 1.385249
2026-06-16 02:56:59,559 - debug - DEBUG - Batch 70 grad norm: 1.238802
2026-06-16 02:57:00,618 - debug - DEBUG - Batch 80 grad norm: 1.019185
2026-06-16 02:57:01,688 - debug - DEBUG - Batch 90 grad norm: 1.094401
2026-06-16 02:57:02,762 - debug - DEBUG - Batch 100 grad norm: 1.034893
2026-06-16 02:57:03,837 - debug - DEBUG - Batch 110 grad norm: 0.920580
2026-06-16 02:57:04,892 - debug - DEBUG - Batch 120 grad norm: 1.326901
2026-06-16 02:57:05,949 - debug - DEBUG - Batch 130 grad norm: 1.279388
2026-06-16 02:57:07,114 - debug - DEBUG - Batch 140 grad norm: 0.927835
2026-06-16 02:57:08,045 - debug - DEBUG - Batch 150 grad norm: 1.101739
2026-06-16 02:57:09,135 - debug - DEBUG - Batch 160 grad norm: 0.883512
2026-06-16 02:57:10,229 - debug - DEBUG - Batch 170 grad norm: 0.982058
2026-06-16 02:57:11,309 - debug - DEBUG - Batch 180 grad norm: 1.045619
2026-06-16 02:57:12,377 - debug - DEBUG - Batch 190 grad norm: 1.030203
2026-06-16 02:57:13,291 - debug - DEBUG - Batch 200 grad norm: 1.063167
2026-06-16 02:57:14,405 - debug - DEBUG - Batch 210 grad norm: 1.070610
2026-06-16 02:57:15,522 - debug - DEBUG - Batch 220 grad norm: 1.129140
2026-06-16 02:57:16,455 - debug - DEBUG - Batch 230 grad norm: 1.040487
2026-06-16 02:57:17,541 - debug - DEBUG - Batch 240 grad norm: 1.141748
2026-06-16 02:57:18,594 - debug - DEBUG - Batch 250 grad norm: 0.864674
2026-06-16 02:57:19,680 - debug - DEBUG - Batch 260 grad norm: 1.235637
2026-06-16 02:57:20,774 - debug - DEBUG - Batch 270 grad norm: 1.166683
2026-06-16 02:57:21,871 - debug - DEBUG - Batch 280 grad norm: 1.110680
2026-06-16 02:57:22,945 - debug - DEBUG - Batch 290 grad norm: 0.753407
2026-06-16 02:57:24,047 - debug - DEBUG - Batch 300 grad norm: 0.979063
2026-06-16 02:57:25,136 - debug - DEBUG - Batch 310 grad norm: 0.875452
2026-06-16 02:57:26,235 - debug - DEBUG - Batch 320 grad norm: 1.138846
2026-06-16 02:57:27,308 - debug - DEBUG - Batch 330 grad norm: 1.149154
2026-06-16 02:57:28,368 - debug - DEBUG - Batch 340 grad norm: 1.236624
2026-06-16 02:57:29,428 - debug - DEBUG - Batch 350 grad norm: 0.752964
2026-06-16 02:57:29,521 - debug - DEBUG - compute_metrics_and_record started for epoch 29
2026-06-16 02:57:29,521 - debug - DEBUG - all_preds length: 45000, all_targets length: 45000
2026-06-16 02:57:29,521 - debug - DEBUG - First 10 preds: [7, 8, 1, 1, 2, 8, 9, 8, 7, 0]
2026-06-16 02:57:29,521 - debug - DEBUG - First 10 targets: [7, 8, 1, 1, 2, 8, 9, 8, 7, 0]
2026-06-16 02:57:29,530 - debug - DEBUG - Unique predicted classes: 10 (first 10: [0 1 2 3 4 5 6 7 8 9])
2026-06-16 02:57:29,530 - debug - DEBUG - Unique target classes: 10 (first 10: [0 1 2 3 4 5 6 7 8 9])
2026-06-16 02:57:31,719 - debug - DEBUG - compute_metrics_and_record started for epoch 29
2026-06-16 02:57:31,720 - debug - DEBUG - all_preds length: 10000, all_targets length: 10000
2026-06-16 02:57:31,720 - debug - DEBUG - First 10 preds: [3, 8, 8, 9, 6, 6, 1, 6, 3, 1]
2026-06-16 02:57:31,720 - debug - DEBUG - First 10 targets: [3, 8, 8, 0, 6, 6, 1, 6, 3, 1]
2026-06-16 02:57:31,722 - debug - DEBUG - Unique predicted classes: 10 (first 10: [0 1 2 3 4 5 6 7 8 9])
2026-06-16 02:57:31,723 - debug - DEBUG - Unique target classes: 10 (first 10: [0 1 2 3 4 5 6 7 8 9])
2026-06-16 02:57:31,992 - debug - DEBUG - Device Check - Batch 0
2026-06-16 02:57:31,992 - debug - DEBUG -   Config GPU ID: 1
2026-06-16 02:57:31,993 - debug - DEBUG -   Input Device:  cuda:1
2026-06-16 02:57:31,993 - debug - DEBUG -   Target Device: cuda:1
2026-06-16 02:57:31,993 - debug - DEBUG -   Model Device:  cuda:1
2026-06-16 02:57:31,993 - debug - DEBUG -   Criterion Weight Device: No weights
2026-06-16 02:57:32,390 - debug - DEBUG - Batch 0 grad norm: 0.908911
2026-06-16 02:57:33,498 - debug - DEBUG - Batch 10 grad norm: 1.197428
2026-06-16 02:57:34,578 - debug - DEBUG - Batch 20 grad norm: 0.984081
2026-06-16 02:57:35,683 - debug - DEBUG - Batch 30 grad norm: 1.103041
2026-06-16 02:57:36,755 - debug - DEBUG - Batch 40 grad norm: 1.470767
2026-06-16 02:57:37,867 - debug - DEBUG - Batch 50 grad norm: 1.005386
2026-06-16 02:57:38,972 - debug - DEBUG - Batch 60 grad norm: 1.314838
2026-06-16 02:57:40,087 - debug - DEBUG - Batch 70 grad norm: 0.982991
2026-06-16 02:57:41,178 - debug - DEBUG - Batch 80 grad norm: 1.029911
2026-06-16 02:57:42,289 - debug - DEBUG - Batch 90 grad norm: 1.273810
2026-06-16 02:57:43,390 - debug - DEBUG - Batch 100 grad norm: 1.149137
2026-06-16 02:57:44,461 - debug - DEBUG - Batch 110 grad norm: 1.091113
2026-06-16 02:57:45,511 - debug - DEBUG - Batch 120 grad norm: 0.990255
2026-06-16 02:57:46,541 - debug - DEBUG - Batch 130 grad norm: 1.254258
2026-06-16 02:57:47,682 - debug - DEBUG - Batch 140 grad norm: 1.164285
2026-06-16 02:57:48,577 - debug - DEBUG - Batch 150 grad norm: 1.082349
2026-06-16 02:57:49,664 - debug - DEBUG - Batch 160 grad norm: 1.271061
2026-06-16 02:57:50,708 - debug - DEBUG - Batch 170 grad norm: 0.865170
2026-06-16 02:57:51,809 - debug - DEBUG - Batch 180 grad norm: 1.249843
2026-06-16 02:57:52,887 - debug - DEBUG - Batch 190 grad norm: 1.116248
2026-06-16 02:57:53,988 - debug - DEBUG - Batch 200 grad norm: 0.945052
2026-06-16 02:57:55,067 - debug - DEBUG - Batch 210 grad norm: 0.938723
2026-06-16 02:57:56,172 - debug - DEBUG - Batch 220 grad norm: 0.964286
2026-06-16 02:57:57,262 - debug - DEBUG - Batch 230 grad norm: 0.897342
2026-06-16 02:57:58,360 - debug - DEBUG - Batch 240 grad norm: 0.917269
2026-06-16 02:57:59,407 - debug - DEBUG - Batch 250 grad norm: 1.031630
2026-06-16 02:58:00,471 - debug - DEBUG - Batch 260 grad norm: 1.151330
2026-06-16 02:58:01,359 - debug - DEBUG - Batch 270 grad norm: 1.029240
2026-06-16 02:58:02,458 - debug - DEBUG - Batch 280 grad norm: 1.104071
2026-06-16 02:58:03,535 - debug - DEBUG - Batch 290 grad norm: 0.690188
2026-06-16 02:58:04,442 - debug - DEBUG - Batch 300 grad norm: 1.023674
2026-06-16 02:58:05,492 - debug - DEBUG - Batch 310 grad norm: 1.042419
2026-06-16 02:58:06,596 - debug - DEBUG - Batch 320 grad norm: 0.931575
2026-06-16 02:58:07,659 - debug - DEBUG - Batch 330 grad norm: 1.033975
2026-06-16 02:58:08,755 - debug - DEBUG - Batch 340 grad norm: 1.303779
2026-06-16 02:58:09,848 - debug - DEBUG - Batch 350 grad norm: 1.281551
2026-06-16 02:58:09,948 - debug - DEBUG - compute_metrics_and_record started for epoch 30
2026-06-16 02:58:09,948 - debug - DEBUG - all_preds length: 45000, all_targets length: 45000
2026-06-16 02:58:09,948 - debug - DEBUG - First 10 preds: [8, 1, 6, 8, 9, 0, 4, 9, 8, 2]
2026-06-16 02:58:09,948 - debug - DEBUG - First 10 targets: [8, 1, 6, 8, 9, 0, 4, 9, 8, 3]
2026-06-16 02:58:09,963 - debug - DEBUG - Unique predicted classes: 10 (first 10: [0 1 2 3 4 5 6 7 8 9])
2026-06-16 02:58:09,963 - debug - DEBUG - Unique target classes: 10 (first 10: [0 1 2 3 4 5 6 7 8 9])
2026-06-16 02:58:12,239 - debug - DEBUG - compute_metrics_and_record started for epoch 30
2026-06-16 02:58:12,240 - debug - DEBUG - all_preds length: 10000, all_targets length: 10000
2026-06-16 02:58:12,240 - debug - DEBUG - First 10 preds: [3, 8, 8, 8, 6, 6, 1, 6, 3, 1]
2026-06-16 02:58:12,240 - debug - DEBUG - First 10 targets: [3, 8, 8, 0, 6, 6, 1, 6, 3, 1]
2026-06-16 02:58:12,242 - debug - DEBUG - Unique predicted classes: 10 (first 10: [0 1 2 3 4 5 6 7 8 9])
2026-06-16 02:58:12,242 - debug - DEBUG - Unique target classes: 10 (first 10: [0 1 2 3 4 5 6 7 8 9])
2026-06-16 02:58:12,501 - debug - DEBUG - Device Check - Batch 0
2026-06-16 02:58:12,502 - debug - DEBUG -   Config GPU ID: 1
2026-06-16 02:58:12,502 - debug - DEBUG -   Input Device:  cuda:1
2026-06-16 02:58:12,502 - debug - DEBUG -   Target Device: cuda:1
2026-06-16 02:58:12,503 - debug - DEBUG -   Model Device:  cuda:1
2026-06-16 02:58:12,503 - debug - DEBUG -   Criterion Weight Device: No weights
2026-06-16 02:58:13,008 - debug - DEBUG - Batch 0 grad norm: 0.921408
2026-06-16 02:58:14,087 - debug - DEBUG - Batch 10 grad norm: 1.022515
2026-06-16 02:58:15,140 - debug - DEBUG - Batch 20 grad norm: 0.962877
2026-06-16 02:58:16,224 - debug - DEBUG - Batch 30 grad norm: 0.985674
2026-06-16 02:58:17,254 - debug - DEBUG - Batch 40 grad norm: 1.079282
2026-06-16 02:58:18,338 - debug - DEBUG - Batch 50 grad norm: 1.029176
2026-06-16 02:58:19,395 - debug - DEBUG - Batch 60 grad norm: 0.903246
2026-06-16 02:58:20,475 - debug - DEBUG - Batch 70 grad norm: 1.185901
2026-06-16 02:58:21,543 - debug - DEBUG - Batch 80 grad norm: 1.092670
2026-06-16 02:58:22,633 - debug - DEBUG - Batch 90 grad norm: 1.181541
2026-06-16 02:58:23,705 - debug - DEBUG - Batch 100 grad norm: 1.130325
2026-06-16 02:58:24,807 - debug - DEBUG - Batch 110 grad norm: 0.936281
2026-06-16 02:58:25,871 - debug - DEBUG - Batch 120 grad norm: 1.279968
2026-06-16 02:58:26,949 - debug - DEBUG - Batch 130 grad norm: 1.067032
2026-06-16 02:58:28,123 - debug - DEBUG - Batch 140 grad norm: 0.924210
2026-06-16 02:58:29,046 - debug - DEBUG - Batch 150 grad norm: 1.172462
2026-06-16 02:58:30,152 - debug - DEBUG - Batch 160 grad norm: 1.081937
2026-06-16 02:58:31,234 - debug - DEBUG - Batch 170 grad norm: 1.010219
2026-06-16 02:58:32,319 - debug - DEBUG - Batch 180 grad norm: 0.938440
2026-06-16 02:58:33,359 - debug - DEBUG - Batch 190 grad norm: 0.705217
2026-06-16 02:58:34,438 - debug - DEBUG - Batch 200 grad norm: 1.038822
2026-06-16 02:58:35,511 - debug - DEBUG - Batch 210 grad norm: 0.943839
2026-06-16 02:58:36,598 - debug - DEBUG - Batch 220 grad norm: 0.806705
2026-06-16 02:58:37,654 - debug - DEBUG - Batch 230 grad norm: 1.115658
2026-06-16 02:58:38,739 - debug - DEBUG - Batch 240 grad norm: 1.018011
2026-06-16 02:58:39,798 - debug - DEBUG - Batch 250 grad norm: 1.261508
2026-06-16 02:58:40,901 - debug - DEBUG - Batch 260 grad norm: 0.864976
2026-06-16 02:58:41,984 - debug - DEBUG - Batch 270 grad norm: 1.016615
2026-06-16 02:58:43,084 - debug - DEBUG - Batch 280 grad norm: 0.971613
2026-06-16 02:58:44,146 - debug - DEBUG - Batch 290 grad norm: 0.868320
2026-06-16 02:58:45,241 - debug - DEBUG - Batch 300 grad norm: 0.880211
2026-06-16 02:58:46,309 - debug - DEBUG - Batch 310 grad norm: 0.787950
2026-06-16 02:58:47,405 - debug - DEBUG - Batch 320 grad norm: 1.175483
2026-06-16 02:58:48,500 - debug - DEBUG - Batch 330 grad norm: 1.070530
2026-06-16 02:58:49,388 - debug - DEBUG - Batch 340 grad norm: 1.041049
2026-06-16 02:58:50,553 - debug - DEBUG - Batch 350 grad norm: 1.170846
2026-06-16 02:58:50,650 - debug - DEBUG - compute_metrics_and_record started for epoch 31
2026-06-16 02:58:50,650 - debug - DEBUG - all_preds length: 45000, all_targets length: 45000
2026-06-16 02:58:50,650 - debug - DEBUG - First 10 preds: [7, 6, 6, 4, 6, 2, 3, 5, 3, 2]
2026-06-16 02:58:50,650 - debug - DEBUG - First 10 targets: [7, 6, 6, 4, 6, 2, 5, 5, 3, 2]
2026-06-16 02:58:50,661 - debug - DEBUG - Unique predicted classes: 10 (first 10: [0 1 2 3 4 5 6 7 8 9])
2026-06-16 02:58:50,661 - debug - DEBUG - Unique target classes: 10 (first 10: [0 1 2 3 4 5 6 7 8 9])
2026-06-16 02:58:52,775 - debug - DEBUG - compute_metrics_and_record started for epoch 31
2026-06-16 02:58:52,775 - debug - DEBUG - all_preds length: 10000, all_targets length: 10000
2026-06-16 02:58:52,775 - debug - DEBUG - First 10 preds: [3, 8, 8, 8, 6, 6, 1, 6, 3, 1]
2026-06-16 02:58:52,776 - debug - DEBUG - First 10 targets: [3, 8, 8, 0, 6, 6, 1, 6, 3, 1]
2026-06-16 02:58:52,778 - debug - DEBUG - Unique predicted classes: 10 (first 10: [0 1 2 3 4 5 6 7 8 9])
2026-06-16 02:58:52,778 - debug - DEBUG - Unique target classes: 10 (first 10: [0 1 2 3 4 5 6 7 8 9])
2026-06-16 02:58:53,045 - debug - DEBUG - Device Check - Batch 0
2026-06-16 02:58:53,046 - debug - DEBUG -   Config GPU ID: 1
2026-06-16 02:58:53,046 - debug - DEBUG -   Input Device:  cuda:1
2026-06-16 02:58:53,046 - debug - DEBUG -   Target Device: cuda:1
2026-06-16 02:58:53,046 - debug - DEBUG -   Model Device:  cuda:1
2026-06-16 02:58:53,046 - debug - DEBUG -   Criterion Weight Device: No weights
2026-06-16 02:58:53,448 - debug - DEBUG - Batch 0 grad norm: 1.087329
2026-06-16 02:58:54,527 - debug - DEBUG - Batch 10 grad norm: 0.974549
2026-06-16 02:58:55,586 - debug - DEBUG - Batch 20 grad norm: 1.212466
2026-06-16 02:58:56,694 - debug - DEBUG - Batch 30 grad norm: 0.995689
2026-06-16 02:58:57,781 - debug - DEBUG - Batch 40 grad norm: 0.763701
2026-06-16 02:58:58,880 - debug - DEBUG - Batch 50 grad norm: 1.172724
2026-06-16 02:58:59,981 - debug - DEBUG - Batch 60 grad norm: 1.129795
2026-06-16 02:59:01,084 - debug - DEBUG - Batch 70 grad norm: 1.060007
2026-06-16 02:59:02,190 - debug - DEBUG - Batch 80 grad norm: 1.088827
2026-06-16 02:59:03,294 - debug - DEBUG - Batch 90 grad norm: 1.038775
2026-06-16 02:59:04,385 - debug - DEBUG - Batch 100 grad norm: 1.192817
2026-06-16 02:59:05,495 - debug - DEBUG - Batch 110 grad norm: 0.870421
2026-06-16 02:59:06,605 - debug - DEBUG - Batch 120 grad norm: 1.089091
2026-06-16 02:59:07,564 - debug - DEBUG - Batch 130 grad norm: 1.118514
2026-06-16 02:59:08,737 - debug - DEBUG - Batch 140 grad norm: 1.197877
2026-06-16 02:59:09,756 - debug - DEBUG - Batch 150 grad norm: 1.048713
2026-06-16 02:59:10,858 - debug - DEBUG - Batch 160 grad norm: 0.989491
2026-06-16 02:59:11,954 - debug - DEBUG - Batch 170 grad norm: 0.914544
2026-06-16 02:59:13,084 - debug - DEBUG - Batch 180 grad norm: 0.996467
2026-06-16 02:59:14,182 - debug - DEBUG - Batch 190 grad norm: 0.945068
2026-06-16 02:59:15,300 - debug - DEBUG - Batch 200 grad norm: 0.866707
2026-06-16 02:59:16,405 - debug - DEBUG - Batch 210 grad norm: 1.109488
2026-06-16 02:59:17,524 - debug - DEBUG - Batch 220 grad norm: 1.107411
2026-06-16 02:59:18,641 - debug - DEBUG - Batch 230 grad norm: 1.091472
2026-06-16 02:59:19,766 - debug - DEBUG - Batch 240 grad norm: 1.115017
2026-06-16 02:59:20,927 - debug - DEBUG - Batch 250 grad norm: 1.202534
2026-06-16 02:59:22,037 - debug - DEBUG - Batch 260 grad norm: 1.657954
2026-06-16 02:59:23,145 - debug - DEBUG - Batch 270 grad norm: 1.035585
2026-06-16 02:59:24,242 - debug - DEBUG - Batch 280 grad norm: 1.202051
2026-06-16 02:59:25,326 - debug - DEBUG - Batch 290 grad norm: 1.350837
2026-06-16 02:59:26,394 - debug - DEBUG - Batch 300 grad norm: 1.028898
2026-06-16 02:59:27,476 - debug - DEBUG - Batch 310 grad norm: 1.194054
2026-06-16 02:59:28,563 - debug - DEBUG - Batch 320 grad norm: 0.983442
2026-06-16 02:59:29,647 - debug - DEBUG - Batch 330 grad norm: 1.232817
2026-06-16 02:59:30,703 - debug - DEBUG - Batch 340 grad norm: 1.098452
2026-06-16 02:59:31,786 - debug - DEBUG - Batch 350 grad norm: 0.908213
2026-06-16 02:59:31,888 - debug - DEBUG - compute_metrics_and_record started for epoch 32
2026-06-16 02:59:31,889 - debug - DEBUG - all_preds length: 45000, all_targets length: 45000
2026-06-16 02:59:31,889 - debug - DEBUG - First 10 preds: [1, 9, 5, 5, 2, 1, 1, 4, 5, 3]
2026-06-16 02:59:31,889 - debug - DEBUG - First 10 targets: [1, 9, 5, 5, 2, 1, 1, 4, 5, 3]
2026-06-16 02:59:31,899 - debug - DEBUG - Unique predicted classes: 10 (first 10: [0 1 2 3 4 5 6 7 8 9])
2026-06-16 02:59:31,900 - debug - DEBUG - Unique target classes: 10 (first 10: [0 1 2 3 4 5 6 7 8 9])
2026-06-16 02:59:34,196 - debug - DEBUG - compute_metrics_and_record started for epoch 32
2026-06-16 02:59:34,196 - debug - DEBUG - all_preds length: 10000, all_targets length: 10000
2026-06-16 02:59:34,196 - debug - DEBUG - First 10 preds: [3, 8, 8, 0, 6, 6, 1, 6, 3, 1]
2026-06-16 02:59:34,196 - debug - DEBUG - First 10 targets: [3, 8, 8, 0, 6, 6, 1, 6, 3, 1]
2026-06-16 02:59:34,199 - debug - DEBUG - Unique predicted classes: 10 (first 10: [0 1 2 3 4 5 6 7 8 9])
2026-06-16 02:59:34,199 - debug - DEBUG - Unique target classes: 10 (first 10: [0 1 2 3 4 5 6 7 8 9])
2026-06-16 02:59:34,461 - debug - DEBUG - Device Check - Batch 0
2026-06-16 02:59:34,462 - debug - DEBUG -   Config GPU ID: 1
2026-06-16 02:59:34,462 - debug - DEBUG -   Input Device:  cuda:1
2026-06-16 02:59:34,462 - debug - DEBUG -   Target Device: cuda:1
2026-06-16 02:59:34,462 - debug - DEBUG -   Model Device:  cuda:1
2026-06-16 02:59:34,462 - debug - DEBUG -   Criterion Weight Device: No weights
2026-06-16 02:59:34,942 - debug - DEBUG - Batch 0 grad norm: 0.821317
2026-06-16 02:59:36,022 - debug - DEBUG - Batch 10 grad norm: 0.947213
2026-06-16 02:59:37,107 - debug - DEBUG - Batch 20 grad norm: 0.840702
2026-06-16 02:59:38,303 - debug - DEBUG - Batch 30 grad norm: 1.071738
2026-06-16 02:59:39,232 - debug - DEBUG - Batch 40 grad norm: 1.087508
2026-06-16 02:59:40,314 - debug - DEBUG - Batch 50 grad norm: 0.985562
2026-06-16 02:59:41,413 - debug - DEBUG - Batch 60 grad norm: 1.155201
2026-06-16 02:59:42,526 - debug - DEBUG - Batch 70 grad norm: 1.149013
2026-06-16 02:59:43,631 - debug - DEBUG - Batch 80 grad norm: 0.953195
2026-06-16 02:59:44,714 - debug - DEBUG - Batch 90 grad norm: 1.119480
2026-06-16 02:59:45,803 - debug - DEBUG - Batch 100 grad norm: 1.213950
2026-06-16 02:59:46,938 - debug - DEBUG - Batch 110 grad norm: 1.209004
2026-06-16 02:59:48,032 - debug - DEBUG - Batch 120 grad norm: 1.352789
2026-06-16 02:59:48,961 - debug - DEBUG - Batch 130 grad norm: 0.879629
2026-06-16 02:59:50,092 - debug - DEBUG - Batch 140 grad norm: 0.844497
2026-06-16 02:59:51,180 - debug - DEBUG - Batch 150 grad norm: 1.173854
2026-06-16 02:59:52,215 - debug - DEBUG - Batch 160 grad norm: 0.813888
2026-06-16 02:59:53,315 - debug - DEBUG - Batch 170 grad norm: 0.951778
2026-06-16 02:59:54,471 - debug - DEBUG - Batch 180 grad norm: 0.902759
2026-06-16 02:59:55,622 - debug - DEBUG - Batch 190 grad norm: 1.449133
2026-06-16 02:59:56,818 - debug - DEBUG - Batch 200 grad norm: 1.062326
2026-06-16 02:59:57,953 - debug - DEBUG - Batch 210 grad norm: 1.266400
2026-06-16 02:59:59,074 - debug - DEBUG - Batch 220 grad norm: 1.060475
2026-06-16 03:00:00,186 - debug - DEBUG - Batch 230 grad norm: 1.215687
2026-06-16 03:00:01,285 - debug - DEBUG - Batch 240 grad norm: 0.932495
2026-06-16 03:00:02,365 - debug - DEBUG - Batch 250 grad norm: 0.940777
2026-06-16 03:00:03,455 - debug - DEBUG - Batch 260 grad norm: 0.830989
2026-06-16 03:00:04,531 - debug - DEBUG - Batch 270 grad norm: 1.032248
2026-06-16 03:00:05,599 - debug - DEBUG - Batch 280 grad norm: 1.153038
2026-06-16 03:00:06,678 - debug - DEBUG - Batch 290 grad norm: 0.933162
2026-06-16 03:00:07,732 - debug - DEBUG - Batch 300 grad norm: 1.093835
2026-06-16 03:00:08,825 - debug - DEBUG - Batch 310 grad norm: 0.952005
2026-06-16 03:00:09,906 - debug - DEBUG - Batch 320 grad norm: 1.262128
2026-06-16 03:00:10,995 - debug - DEBUG - Batch 330 grad norm: 1.245273
2026-06-16 03:00:12,101 - debug - DEBUG - Batch 340 grad norm: 1.139499
2026-06-16 03:00:13,193 - debug - DEBUG - Batch 350 grad norm: 1.163981
2026-06-16 03:00:13,456 - debug - DEBUG - compute_metrics_and_record started for epoch 33
2026-06-16 03:00:13,457 - debug - DEBUG - all_preds length: 45000, all_targets length: 45000
2026-06-16 03:00:13,457 - debug - DEBUG - First 10 preds: [8, 3, 2, 6, 9, 5, 4, 9, 8, 3]
2026-06-16 03:00:13,457 - debug - DEBUG - First 10 targets: [8, 3, 2, 6, 9, 5, 4, 9, 8, 3]
2026-06-16 03:00:13,477 - debug - DEBUG - Unique predicted classes: 10 (first 10: [0 1 2 3 4 5 6 7 8 9])
2026-06-16 03:00:13,478 - debug - DEBUG - Unique target classes: 10 (first 10: [0 1 2 3 4 5 6 7 8 9])
2026-06-16 03:00:15,760 - debug - DEBUG - compute_metrics_and_record started for epoch 33
2026-06-16 03:00:15,761 - debug - DEBUG - all_preds length: 10000, all_targets length: 10000
2026-06-16 03:00:15,761 - debug - DEBUG - First 10 preds: [3, 8, 8, 8, 6, 6, 1, 6, 4, 1]
2026-06-16 03:00:15,761 - debug - DEBUG - First 10 targets: [3, 8, 8, 0, 6, 6, 1, 6, 3, 1]
2026-06-16 03:00:15,764 - debug - DEBUG - Unique predicted classes: 10 (first 10: [0 1 2 3 4 5 6 7 8 9])
2026-06-16 03:00:15,764 - debug - DEBUG - Unique target classes: 10 (first 10: [0 1 2 3 4 5 6 7 8 9])
2026-06-16 03:00:16,071 - debug - DEBUG - Device Check - Batch 0
2026-06-16 03:00:16,072 - debug - DEBUG -   Config GPU ID: 1
2026-06-16 03:00:16,072 - debug - DEBUG -   Input Device:  cuda:1
2026-06-16 03:00:16,072 - debug - DEBUG -   Target Device: cuda:1
2026-06-16 03:00:16,073 - debug - DEBUG -   Model Device:  cuda:1
2026-06-16 03:00:16,073 - debug - DEBUG -   Criterion Weight Device: No weights
2026-06-16 03:00:16,469 - debug - DEBUG - Batch 0 grad norm: 1.029737
2026-06-16 03:00:17,555 - debug - DEBUG - Batch 10 grad norm: 0.893838
2026-06-16 03:00:18,666 - debug - DEBUG - Batch 20 grad norm: 1.217864
2026-06-16 03:00:19,735 - debug - DEBUG - Batch 30 grad norm: 0.828512
2026-06-16 03:00:20,851 - debug - DEBUG - Batch 40 grad norm: 1.221632
2026-06-16 03:00:21,945 - debug - DEBUG - Batch 50 grad norm: 1.076194
2026-06-16 03:00:23,057 - debug - DEBUG - Batch 60 grad norm: 0.985943
2026-06-16 03:00:24,010 - debug - DEBUG - Batch 70 grad norm: 1.072651
2026-06-16 03:00:25,182 - debug - DEBUG - Batch 80 grad norm: 1.336872
2026-06-16 03:00:26,152 - debug - DEBUG - Batch 90 grad norm: 0.866778
2026-06-16 03:00:27,254 - debug - DEBUG - Batch 100 grad norm: 1.198027
2026-06-16 03:00:28,357 - debug - DEBUG - Batch 110 grad norm: 1.006391
2026-06-16 03:00:29,425 - debug - DEBUG - Batch 120 grad norm: 1.041240
2026-06-16 03:00:30,454 - debug - DEBUG - Batch 130 grad norm: 1.059402
2026-06-16 03:00:31,594 - debug - DEBUG - Batch 140 grad norm: 0.978020
2026-06-16 03:00:32,479 - debug - DEBUG - Batch 150 grad norm: 1.108118
2026-06-16 03:00:33,563 - debug - DEBUG - Batch 160 grad norm: 1.314224
2026-06-16 03:00:34,625 - debug - DEBUG - Batch 170 grad norm: 1.213234
2026-06-16 03:00:35,700 - debug - DEBUG - Batch 180 grad norm: 1.201866
2026-06-16 03:00:36,814 - debug - DEBUG - Batch 190 grad norm: 1.060263
2026-06-16 03:00:37,869 - debug - DEBUG - Batch 200 grad norm: 1.184087
2026-06-16 03:00:38,933 - debug - DEBUG - Batch 210 grad norm: 1.011463
2026-06-16 03:00:40,008 - debug - DEBUG - Batch 220 grad norm: 1.054979
2026-06-16 03:00:41,091 - debug - DEBUG - Batch 230 grad norm: 0.796680
2026-06-16 03:00:42,187 - debug - DEBUG - Batch 240 grad norm: 1.205957
2026-06-16 03:00:43,278 - debug - DEBUG - Batch 250 grad norm: 0.825525
2026-06-16 03:00:44,326 - debug - DEBUG - Batch 260 grad norm: 1.033640
2026-06-16 03:00:45,421 - debug - DEBUG - Batch 270 grad norm: 1.144453
2026-06-16 03:00:46,517 - debug - DEBUG - Batch 280 grad norm: 0.825547
2026-06-16 03:00:47,622 - debug - DEBUG - Batch 290 grad norm: 0.860054
2026-06-16 03:00:48,732 - debug - DEBUG - Batch 300 grad norm: 1.046817
2026-06-16 03:00:49,827 - debug - DEBUG - Batch 310 grad norm: 0.993284
2026-06-16 03:00:50,931 - debug - DEBUG - Batch 320 grad norm: 1.189676
2026-06-16 03:00:52,047 - debug - DEBUG - Batch 330 grad norm: 1.230555
2026-06-16 03:00:53,144 - debug - DEBUG - Batch 340 grad norm: 1.083918
2026-06-16 03:00:54,227 - debug - DEBUG - Batch 350 grad norm: 0.957214
2026-06-16 03:00:54,337 - debug - DEBUG - compute_metrics_and_record started for epoch 34
2026-06-16 03:00:54,338 - debug - DEBUG - all_preds length: 45000, all_targets length: 45000
2026-06-16 03:00:54,338 - debug - DEBUG - First 10 preds: [8, 7, 8, 1, 4, 0, 9, 6, 7, 6]
2026-06-16 03:00:54,338 - debug - DEBUG - First 10 targets: [8, 7, 8, 1, 4, 0, 9, 6, 7, 2]
2026-06-16 03:00:54,348 - debug - DEBUG - Unique predicted classes: 10 (first 10: [0 1 2 3 4 5 6 7 8 9])
2026-06-16 03:00:54,348 - debug - DEBUG - Unique target classes: 10 (first 10: [0 1 2 3 4 5 6 7 8 9])
2026-06-16 03:00:56,709 - debug - DEBUG - compute_metrics_and_record started for epoch 34
2026-06-16 03:00:56,710 - debug - DEBUG - all_preds length: 10000, all_targets length: 10000
2026-06-16 03:00:56,710 - debug - DEBUG - First 10 preds: [3, 8, 8, 0, 6, 6, 1, 6, 3, 1]
2026-06-16 03:00:56,710 - debug - DEBUG - First 10 targets: [3, 8, 8, 0, 6, 6, 1, 6, 3, 1]
2026-06-16 03:00:56,713 - debug - DEBUG - Unique predicted classes: 10 (first 10: [0 1 2 3 4 5 6 7 8 9])
2026-06-16 03:00:56,713 - debug - DEBUG - Unique target classes: 10 (first 10: [0 1 2 3 4 5 6 7 8 9])
2026-06-16 03:00:57,024 - debug - DEBUG - Device Check - Batch 0
2026-06-16 03:00:57,026 - debug - DEBUG -   Config GPU ID: 1
2026-06-16 03:00:57,026 - debug - DEBUG -   Input Device:  cuda:1
2026-06-16 03:00:57,026 - debug - DEBUG -   Target Device: cuda:1
2026-06-16 03:00:57,027 - debug - DEBUG -   Model Device:  cuda:1
2026-06-16 03:00:57,027 - debug - DEBUG -   Criterion Weight Device: No weights
2026-06-16 03:00:57,665 - debug - DEBUG - Batch 0 grad norm: 1.013455
2026-06-16 03:00:58,782 - debug - DEBUG - Batch 10 grad norm: 0.742595
2026-06-16 03:00:59,878 - debug - DEBUG - Batch 20 grad norm: 1.072306
2026-06-16 03:01:00,981 - debug - DEBUG - Batch 30 grad norm: 0.925934
2026-06-16 03:01:02,074 - debug - DEBUG - Batch 40 grad norm: 0.981997
2026-06-16 03:01:03,165 - debug - DEBUG - Batch 50 grad norm: 0.826673
2026-06-16 03:01:04,258 - debug - DEBUG - Batch 60 grad norm: 0.892750
2026-06-16 03:01:05,335 - debug - DEBUG - Batch 70 grad norm: 1.023048
2026-06-16 03:01:06,384 - debug - DEBUG - Batch 80 grad norm: 0.973211
2026-06-16 03:01:07,465 - debug - DEBUG - Batch 90 grad norm: 1.067895
2026-06-16 03:01:08,539 - debug - DEBUG - Batch 100 grad norm: 0.936540
2026-06-16 03:01:09,617 - debug - DEBUG - Batch 110 grad norm: 1.183341
2026-06-16 03:01:10,706 - debug - DEBUG - Batch 120 grad norm: 0.960257
2026-06-16 03:01:11,602 - debug - DEBUG - Batch 130 grad norm: 1.015048
2026-06-16 03:01:12,857 - debug - DEBUG - Batch 140 grad norm: 1.042500
2026-06-16 03:01:13,659 - debug - DEBUG - Batch 150 grad norm: 1.086754
2026-06-16 03:01:14,673 - debug - DEBUG - Batch 160 grad norm: 1.039422
2026-06-16 03:01:15,762 - debug - DEBUG - Batch 170 grad norm: 1.061456
2026-06-16 03:01:16,862 - debug - DEBUG - Batch 180 grad norm: 1.040128
2026-06-16 03:01:17,932 - debug - DEBUG - Batch 190 grad norm: 1.191671
2026-06-16 03:01:19,037 - debug - DEBUG - Batch 200 grad norm: 1.019482
2026-06-16 03:01:20,141 - debug - DEBUG - Batch 210 grad norm: 1.105087
2026-06-16 03:01:21,243 - debug - DEBUG - Batch 220 grad norm: 1.334220
2026-06-16 03:01:22,321 - debug - DEBUG - Batch 230 grad norm: 0.864560
2026-06-16 03:01:23,399 - debug - DEBUG - Batch 240 grad norm: 1.111993
2026-06-16 03:01:24,445 - debug - DEBUG - Batch 250 grad norm: 0.920026
2026-06-16 03:01:25,533 - debug - DEBUG - Batch 260 grad norm: 0.924859
2026-06-16 03:01:26,596 - debug - DEBUG - Batch 270 grad norm: 1.008901
2026-06-16 03:01:27,692 - debug - DEBUG - Batch 280 grad norm: 1.191100
2026-06-16 03:01:28,839 - debug - DEBUG - Batch 290 grad norm: 0.931687
2026-06-16 03:01:29,953 - debug - DEBUG - Batch 300 grad norm: 1.110057
2026-06-16 03:01:31,050 - debug - DEBUG - Batch 310 grad norm: 0.961873
2026-06-16 03:01:32,156 - debug - DEBUG - Batch 320 grad norm: 1.169313
2026-06-16 03:01:33,240 - debug - DEBUG - Batch 330 grad norm: 1.544352
2026-06-16 03:01:34,286 - debug - DEBUG - Batch 340 grad norm: 1.129216
2026-06-16 03:01:35,353 - debug - DEBUG - Batch 350 grad norm: 1.071457
2026-06-16 03:01:35,463 - debug - DEBUG - compute_metrics_and_record started for epoch 35
2026-06-16 03:01:35,463 - debug - DEBUG - all_preds length: 45000, all_targets length: 45000
2026-06-16 03:01:35,464 - debug - DEBUG - First 10 preds: [2, 9, 6, 1, 8, 5, 4, 8, 4, 0]
2026-06-16 03:01:35,464 - debug - DEBUG - First 10 targets: [2, 9, 6, 1, 8, 5, 4, 8, 4, 8]
2026-06-16 03:01:35,474 - debug - DEBUG - Unique predicted classes: 10 (first 10: [0 1 2 3 4 5 6 7 8 9])
2026-06-16 03:01:35,474 - debug - DEBUG - Unique target classes: 10 (first 10: [0 1 2 3 4 5 6 7 8 9])
2026-06-16 03:01:37,739 - debug - DEBUG - compute_metrics_and_record started for epoch 35
2026-06-16 03:01:37,739 - debug - DEBUG - all_preds length: 10000, all_targets length: 10000
2026-06-16 03:01:37,740 - debug - DEBUG - First 10 preds: [3, 8, 8, 8, 6, 6, 1, 2, 3, 1]
2026-06-16 03:01:37,740 - debug - DEBUG - First 10 targets: [3, 8, 8, 0, 6, 6, 1, 6, 3, 1]
2026-06-16 03:01:37,742 - debug - DEBUG - Unique predicted classes: 10 (first 10: [0 1 2 3 4 5 6 7 8 9])
2026-06-16 03:01:37,742 - debug - DEBUG - Unique target classes: 10 (first 10: [0 1 2 3 4 5 6 7 8 9])
2026-06-16 03:01:38,096 - debug - DEBUG - Device Check - Batch 0
2026-06-16 03:01:38,097 - debug - DEBUG -   Config GPU ID: 1
2026-06-16 03:01:38,097 - debug - DEBUG -   Input Device:  cuda:1
2026-06-16 03:01:38,097 - debug - DEBUG -   Target Device: cuda:1
2026-06-16 03:01:38,098 - debug - DEBUG -   Model Device:  cuda:1
2026-06-16 03:01:38,098 - debug - DEBUG -   Criterion Weight Device: No weights
2026-06-16 03:01:38,486 - debug - DEBUG - Batch 0 grad norm: 1.083063
2026-06-16 03:01:39,578 - debug - DEBUG - Batch 10 grad norm: 0.999472
2026-06-16 03:01:40,665 - debug - DEBUG - Batch 20 grad norm: 1.173929
2026-06-16 03:01:41,762 - debug - DEBUG - Batch 30 grad norm: 0.859089
2026-06-16 03:01:42,865 - debug - DEBUG - Batch 40 grad norm: 1.075098
2026-06-16 03:01:43,970 - debug - DEBUG - Batch 50 grad norm: 1.163374
2026-06-16 03:01:45,263 - debug - DEBUG - Batch 60 grad norm: 0.852913
2026-06-16 03:01:46,361 - debug - DEBUG - Batch 70 grad norm: 1.351020
2026-06-16 03:01:47,468 - debug - DEBUG - Batch 80 grad norm: 1.009101
2026-06-16 03:01:48,583 - debug - DEBUG - Batch 90 grad norm: 1.087972
2026-06-16 03:01:49,693 - debug - DEBUG - Batch 100 grad norm: 1.063907
2026-06-16 03:01:50,832 - debug - DEBUG - Batch 110 grad norm: 0.973297
2026-06-16 03:01:51,958 - debug - DEBUG - Batch 120 grad norm: 0.972915
2026-06-16 03:01:52,893 - debug - DEBUG - Batch 130 grad norm: 1.053495
2026-06-16 03:01:54,050 - debug - DEBUG - Batch 140 grad norm: 1.157643
2026-06-16 03:01:55,098 - debug - DEBUG - Batch 150 grad norm: 0.961028
2026-06-16 03:01:56,172 - debug - DEBUG - Batch 160 grad norm: 1.064433
2026-06-16 03:01:57,278 - debug - DEBUG - Batch 170 grad norm: 0.949024
2026-06-16 03:01:58,248 - debug - DEBUG - Batch 180 grad norm: 1.056552
2026-06-16 03:01:59,404 - debug - DEBUG - Batch 190 grad norm: 1.003285
2026-06-16 03:02:00,487 - debug - DEBUG - Batch 200 grad norm: 1.240893
2026-06-16 03:02:01,519 - debug - DEBUG - Batch 210 grad norm: 1.132572
2026-06-16 03:02:02,571 - debug - DEBUG - Batch 220 grad norm: 1.179123
2026-06-16 03:02:03,677 - debug - DEBUG - Batch 230 grad norm: 1.134887
2026-06-16 03:02:04,780 - debug - DEBUG - Batch 240 grad norm: 1.001797
2026-06-16 03:02:05,852 - debug - DEBUG - Batch 250 grad norm: 1.099655
2026-06-16 03:02:06,938 - debug - DEBUG - Batch 260 grad norm: 1.391492
2026-06-16 03:02:08,019 - debug - DEBUG - Batch 270 grad norm: 0.958597
2026-06-16 03:02:09,084 - debug - DEBUG - Batch 280 grad norm: 1.233636
2026-06-16 03:02:10,142 - debug - DEBUG - Batch 290 grad norm: 1.036124
2026-06-16 03:02:11,221 - debug - DEBUG - Batch 300 grad norm: 1.199197
2026-06-16 03:02:12,297 - debug - DEBUG - Batch 310 grad norm: 1.189986
2026-06-16 03:02:13,390 - debug - DEBUG - Batch 320 grad norm: 1.061248
2026-06-16 03:02:14,468 - debug - DEBUG - Batch 330 grad norm: 1.044865
2026-06-16 03:02:15,560 - debug - DEBUG - Batch 340 grad norm: 1.062767
2026-06-16 03:02:16,653 - debug - DEBUG - Batch 350 grad norm: 1.093498
2026-06-16 03:02:16,760 - debug - DEBUG - compute_metrics_and_record started for epoch 36
2026-06-16 03:02:16,760 - debug - DEBUG - all_preds length: 45000, all_targets length: 45000
2026-06-16 03:02:16,760 - debug - DEBUG - First 10 preds: [3, 0, 5, 9, 5, 5, 7, 4, 6, 3]
2026-06-16 03:02:16,760 - debug - DEBUG - First 10 targets: [3, 0, 5, 9, 5, 5, 7, 4, 6, 3]
2026-06-16 03:02:16,770 - debug - DEBUG - Unique predicted classes: 10 (first 10: [0 1 2 3 4 5 6 7 8 9])
2026-06-16 03:02:16,770 - debug - DEBUG - Unique target classes: 10 (first 10: [0 1 2 3 4 5 6 7 8 9])
2026-06-16 03:02:19,116 - debug - DEBUG - compute_metrics_and_record started for epoch 36
2026-06-16 03:02:19,116 - debug - DEBUG - all_preds length: 10000, all_targets length: 10000
2026-06-16 03:02:19,116 - debug - DEBUG - First 10 preds: [3, 8, 8, 8, 6, 6, 1, 6, 3, 1]
2026-06-16 03:02:19,116 - debug - DEBUG - First 10 targets: [3, 8, 8, 0, 6, 6, 1, 6, 3, 1]
2026-06-16 03:02:19,119 - debug - DEBUG - Unique predicted classes: 10 (first 10: [0 1 2 3 4 5 6 7 8 9])
2026-06-16 03:02:19,119 - debug - DEBUG - Unique target classes: 10 (first 10: [0 1 2 3 4 5 6 7 8 9])
2026-06-16 03:02:19,426 - debug - DEBUG - Device Check - Batch 0
2026-06-16 03:02:19,428 - debug - DEBUG -   Config GPU ID: 1
2026-06-16 03:02:19,428 - debug - DEBUG -   Input Device:  cuda:1
2026-06-16 03:02:19,428 - debug - DEBUG -   Target Device: cuda:1
2026-06-16 03:02:19,429 - debug - DEBUG -   Model Device:  cuda:1
2026-06-16 03:02:19,429 - debug - DEBUG -   Criterion Weight Device: No weights
2026-06-16 03:02:19,982 - debug - DEBUG - Batch 0 grad norm: 1.181133
2026-06-16 03:02:21,097 - debug - DEBUG - Batch 10 grad norm: 0.890163
2026-06-16 03:02:22,213 - debug - DEBUG - Batch 20 grad norm: 0.911007
2026-06-16 03:02:23,319 - debug - DEBUG - Batch 30 grad norm: 0.774328
2026-06-16 03:02:24,423 - debug - DEBUG - Batch 40 grad norm: 1.071091
2026-06-16 03:02:25,550 - debug - DEBUG - Batch 50 grad norm: 1.009167
2026-06-16 03:02:26,699 - debug - DEBUG - Batch 60 grad norm: 1.011762
2026-06-16 03:02:27,799 - debug - DEBUG - Batch 70 grad norm: 0.959399
2026-06-16 03:02:28,926 - debug - DEBUG - Batch 80 grad norm: 1.044130
2026-06-16 03:02:30,035 - debug - DEBUG - Batch 90 grad norm: 1.059243
2026-06-16 03:02:31,129 - debug - DEBUG - Batch 100 grad norm: 1.184814
2026-06-16 03:02:32,194 - debug - DEBUG - Batch 110 grad norm: 0.982016
2026-06-16 03:02:33,305 - debug - DEBUG - Batch 120 grad norm: 0.709655
2026-06-16 03:02:34,167 - debug - DEBUG - Batch 130 grad norm: 0.930574
2026-06-16 03:02:35,328 - debug - DEBUG - Batch 140 grad norm: 1.186246
2026-06-16 03:02:36,254 - debug - DEBUG - Batch 150 grad norm: 1.175454
2026-06-16 03:02:37,230 - debug - DEBUG - Batch 160 grad norm: 1.205145
2026-06-16 03:02:38,270 - debug - DEBUG - Batch 170 grad norm: 1.121679
2026-06-16 03:02:39,347 - debug - DEBUG - Batch 180 grad norm: 0.852138
2026-06-16 03:02:40,411 - debug - DEBUG - Batch 190 grad norm: 1.230045
2026-06-16 03:02:41,501 - debug - DEBUG - Batch 200 grad norm: 1.174244
2026-06-16 03:02:42,572 - debug - DEBUG - Batch 210 grad norm: 1.020921
2026-06-16 03:02:43,665 - debug - DEBUG - Batch 220 grad norm: 0.960981
2026-06-16 03:02:44,768 - debug - DEBUG - Batch 230 grad norm: 1.020988
2026-06-16 03:02:45,661 - debug - DEBUG - Batch 240 grad norm: 1.202729
2026-06-16 03:02:46,852 - debug - DEBUG - Batch 250 grad norm: 0.960229
2026-06-16 03:02:47,788 - debug - DEBUG - Batch 260 grad norm: 0.842279
2026-06-16 03:02:48,777 - debug - DEBUG - Batch 270 grad norm: 0.798029
2026-06-16 03:02:49,848 - debug - DEBUG - Batch 280 grad norm: 0.980996
2026-06-16 03:02:50,932 - debug - DEBUG - Batch 290 grad norm: 1.192635
2026-06-16 03:02:51,992 - debug - DEBUG - Batch 300 grad norm: 0.977179
2026-06-16 03:02:53,073 - debug - DEBUG - Batch 310 grad norm: 0.804681
2026-06-16 03:02:54,145 - debug - DEBUG - Batch 320 grad norm: 1.185367
2026-06-16 03:02:55,252 - debug - DEBUG - Batch 330 grad norm: 1.019995
2026-06-16 03:02:56,335 - debug - DEBUG - Batch 340 grad norm: 0.907490
2026-06-16 03:02:57,439 - debug - DEBUG - Batch 350 grad norm: 0.944192
2026-06-16 03:02:57,541 - debug - DEBUG - compute_metrics_and_record started for epoch 37
2026-06-16 03:02:57,541 - debug - DEBUG - all_preds length: 45000, all_targets length: 45000
2026-06-16 03:02:57,541 - debug - DEBUG - First 10 preds: [8, 9, 5, 6, 9, 6, 3, 8, 0, 3]
2026-06-16 03:02:57,542 - debug - DEBUG - First 10 targets: [8, 9, 5, 6, 9, 6, 3, 8, 0, 5]
2026-06-16 03:02:57,552 - debug - DEBUG - Unique predicted classes: 10 (first 10: [0 1 2 3 4 5 6 7 8 9])
2026-06-16 03:02:57,552 - debug - DEBUG - Unique target classes: 10 (first 10: [0 1 2 3 4 5 6 7 8 9])
2026-06-16 03:02:59,815 - debug - DEBUG - compute_metrics_and_record started for epoch 37
2026-06-16 03:02:59,815 - debug - DEBUG - all_preds length: 10000, all_targets length: 10000
2026-06-16 03:02:59,815 - debug - DEBUG - First 10 preds: [3, 8, 8, 8, 6, 6, 1, 2, 3, 1]
2026-06-16 03:02:59,815 - debug - DEBUG - First 10 targets: [3, 8, 8, 0, 6, 6, 1, 6, 3, 1]
2026-06-16 03:02:59,818 - debug - DEBUG - Unique predicted classes: 10 (first 10: [0 1 2 3 4 5 6 7 8 9])
2026-06-16 03:02:59,818 - debug - DEBUG - Unique target classes: 10 (first 10: [0 1 2 3 4 5 6 7 8 9])
2026-06-16 03:03:00,145 - debug - DEBUG - Device Check - Batch 0
2026-06-16 03:03:00,146 - debug - DEBUG -   Config GPU ID: 1
2026-06-16 03:03:00,146 - debug - DEBUG -   Input Device:  cuda:1
2026-06-16 03:03:00,146 - debug - DEBUG -   Target Device: cuda:1
2026-06-16 03:03:00,146 - debug - DEBUG -   Model Device:  cuda:1
2026-06-16 03:03:00,146 - debug - DEBUG -   Criterion Weight Device: No weights
2026-06-16 03:03:00,583 - debug - DEBUG - Batch 0 grad norm: 1.137255
2026-06-16 03:03:01,683 - debug - DEBUG - Batch 10 grad norm: 0.828688
2026-06-16 03:03:02,761 - debug - DEBUG - Batch 20 grad norm: 0.843005
2026-06-16 03:03:03,835 - debug - DEBUG - Batch 30 grad norm: 0.962788
2026-06-16 03:03:04,899 - debug - DEBUG - Batch 40 grad norm: 0.855947
2026-06-16 03:03:05,960 - debug - DEBUG - Batch 50 grad norm: 1.168555
2026-06-16 03:03:07,034 - debug - DEBUG - Batch 60 grad norm: 0.986560
2026-06-16 03:03:08,091 - debug - DEBUG - Batch 70 grad norm: 0.828823
2026-06-16 03:03:09,167 - debug - DEBUG - Batch 80 grad norm: 1.222387
2026-06-16 03:03:10,223 - debug - DEBUG - Batch 90 grad norm: 1.032830
2026-06-16 03:03:11,308 - debug - DEBUG - Batch 100 grad norm: 1.092105
2026-06-16 03:03:12,379 - debug - DEBUG - Batch 110 grad norm: 0.992698
2026-06-16 03:03:13,486 - debug - DEBUG - Batch 120 grad norm: 1.490909
2026-06-16 03:03:14,559 - debug - DEBUG - Batch 130 grad norm: 1.024455
2026-06-16 03:03:15,633 - debug - DEBUG - Batch 140 grad norm: 0.896899
2026-06-16 03:03:16,799 - debug - DEBUG - Batch 150 grad norm: 1.077250
2026-06-16 03:03:17,733 - debug - DEBUG - Batch 160 grad norm: 0.820986
2026-06-16 03:03:18,817 - debug - DEBUG - Batch 170 grad norm: 1.154239
2026-06-16 03:03:19,917 - debug - DEBUG - Batch 180 grad norm: 0.841935
2026-06-16 03:03:20,997 - debug - DEBUG - Batch 190 grad norm: 1.364745
2026-06-16 03:03:22,043 - debug - DEBUG - Batch 200 grad norm: 0.932078
2026-06-16 03:03:23,114 - debug - DEBUG - Batch 210 grad norm: 1.168916
2026-06-16 03:03:24,169 - debug - DEBUG - Batch 220 grad norm: 1.086124
2026-06-16 03:03:25,247 - debug - DEBUG - Batch 230 grad norm: 1.240905
2026-06-16 03:03:26,306 - debug - DEBUG - Batch 240 grad norm: 0.988752
2026-06-16 03:03:27,390 - debug - DEBUG - Batch 250 grad norm: 1.206045
2026-06-16 03:03:28,441 - debug - DEBUG - Batch 260 grad norm: 0.750474
2026-06-16 03:03:29,521 - debug - DEBUG - Batch 270 grad norm: 1.153045
2026-06-16 03:03:30,585 - debug - DEBUG - Batch 280 grad norm: 1.033332
2026-06-16 03:03:31,679 - debug - DEBUG - Batch 290 grad norm: 0.827457
2026-06-16 03:03:32,741 - debug - DEBUG - Batch 300 grad norm: 1.023886
2026-06-16 03:03:33,807 - debug - DEBUG - Batch 310 grad norm: 0.969883
2026-06-16 03:03:34,963 - debug - DEBUG - Batch 320 grad norm: 1.265619
2026-06-16 03:03:35,907 - debug - DEBUG - Batch 330 grad norm: 0.976734
2026-06-16 03:03:36,952 - debug - DEBUG - Batch 340 grad norm: 1.165428
2026-06-16 03:03:38,044 - debug - DEBUG - Batch 350 grad norm: 1.055855
2026-06-16 03:03:38,150 - debug - DEBUG - compute_metrics_and_record started for epoch 38
2026-06-16 03:03:38,150 - debug - DEBUG - all_preds length: 45000, all_targets length: 45000
2026-06-16 03:03:38,150 - debug - DEBUG - First 10 preds: [6, 4, 1, 3, 7, 2, 9, 4, 0, 7]
2026-06-16 03:03:38,151 - debug - DEBUG - First 10 targets: [6, 4, 8, 3, 7, 2, 9, 4, 0, 5]
2026-06-16 03:03:38,163 - debug - DEBUG - Unique predicted classes: 10 (first 10: [0 1 2 3 4 5 6 7 8 9])
2026-06-16 03:03:38,163 - debug - DEBUG - Unique target classes: 10 (first 10: [0 1 2 3 4 5 6 7 8 9])
2026-06-16 03:03:40,390 - debug - DEBUG - compute_metrics_and_record started for epoch 38
2026-06-16 03:03:40,390 - debug - DEBUG - all_preds length: 10000, all_targets length: 10000
2026-06-16 03:03:40,390 - debug - DEBUG - First 10 preds: [3, 8, 8, 8, 6, 6, 1, 6, 3, 1]
2026-06-16 03:03:40,391 - debug - DEBUG - First 10 targets: [3, 8, 8, 0, 6, 6, 1, 6, 3, 1]
2026-06-16 03:03:40,393 - debug - DEBUG - Unique predicted classes: 10 (first 10: [0 1 2 3 4 5 6 7 8 9])
2026-06-16 03:03:40,393 - debug - DEBUG - Unique target classes: 10 (first 10: [0 1 2 3 4 5 6 7 8 9])
2026-06-16 03:03:40,656 - debug - DEBUG - Device Check - Batch 0
2026-06-16 03:03:40,657 - debug - DEBUG -   Config GPU ID: 1
2026-06-16 03:03:40,657 - debug - DEBUG -   Input Device:  cuda:1
2026-06-16 03:03:40,657 - debug - DEBUG -   Target Device: cuda:1
2026-06-16 03:03:40,658 - debug - DEBUG -   Model Device:  cuda:1
2026-06-16 03:03:40,658 - debug - DEBUG -   Criterion Weight Device: No weights
2026-06-16 03:03:41,116 - debug - DEBUG - Batch 0 grad norm: 0.922418
2026-06-16 03:03:42,223 - debug - DEBUG - Batch 10 grad norm: 1.041564
2026-06-16 03:03:43,328 - debug - DEBUG - Batch 20 grad norm: 0.851675
2026-06-16 03:03:44,398 - debug - DEBUG - Batch 30 grad norm: 1.166926
2026-06-16 03:03:45,476 - debug - DEBUG - Batch 40 grad norm: 0.910438
2026-06-16 03:03:46,526 - debug - DEBUG - Batch 50 grad norm: 0.949746
2026-06-16 03:03:47,611 - debug - DEBUG - Batch 60 grad norm: 0.736074
2026-06-16 03:03:48,661 - debug - DEBUG - Batch 70 grad norm: 0.978796
2026-06-16 03:03:49,740 - debug - DEBUG - Batch 80 grad norm: 1.085964
2026-06-16 03:03:50,806 - debug - DEBUG - Batch 90 grad norm: 1.006036
2026-06-16 03:03:51,880 - debug - DEBUG - Batch 100 grad norm: 1.008052
2026-06-16 03:03:52,951 - debug - DEBUG - Batch 110 grad norm: 1.169039
2026-06-16 03:03:54,038 - debug - DEBUG - Batch 120 grad norm: 0.932725
2026-06-16 03:03:55,119 - debug - DEBUG - Batch 130 grad norm: 0.978116
2026-06-16 03:03:56,074 - debug - DEBUG - Batch 140 grad norm: 1.073424
2026-06-16 03:03:57,236 - debug - DEBUG - Batch 150 grad norm: 1.040831
2026-06-16 03:03:58,251 - debug - DEBUG - Batch 160 grad norm: 1.207580
2026-06-16 03:03:59,307 - debug - DEBUG - Batch 170 grad norm: 0.952543
2026-06-16 03:04:00,412 - debug - DEBUG - Batch 180 grad norm: 1.237425
2026-06-16 03:04:01,524 - debug - DEBUG - Batch 190 grad norm: 1.416347
2026-06-16 03:04:02,638 - debug - DEBUG - Batch 200 grad norm: 1.418479
2026-06-16 03:04:03,786 - debug - DEBUG - Batch 210 grad norm: 0.778255
2026-06-16 03:04:04,912 - debug - DEBUG - Batch 220 grad norm: 1.039052
2026-06-16 03:04:06,038 - debug - DEBUG - Batch 230 grad norm: 1.219119
2026-06-16 03:04:07,146 - debug - DEBUG - Batch 240 grad norm: 0.998117
2026-06-16 03:04:08,260 - debug - DEBUG - Batch 250 grad norm: 1.020586
2026-06-16 03:04:09,387 - debug - DEBUG - Batch 260 grad norm: 1.033951
2026-06-16 03:04:10,501 - debug - DEBUG - Batch 270 grad norm: 1.241204
2026-06-16 03:04:11,612 - debug - DEBUG - Batch 280 grad norm: 1.237568
2026-06-16 03:04:12,702 - debug - DEBUG - Batch 290 grad norm: 1.017826
2026-06-16 03:04:13,803 - debug - DEBUG - Batch 300 grad norm: 0.962849
2026-06-16 03:04:14,908 - debug - DEBUG - Batch 310 grad norm: 0.865206
2026-06-16 03:04:15,990 - debug - DEBUG - Batch 320 grad norm: 1.275063
2026-06-16 03:04:17,054 - debug - DEBUG - Batch 330 grad norm: 1.044427
2026-06-16 03:04:18,138 - debug - DEBUG - Batch 340 grad norm: 1.161114
2026-06-16 03:04:19,202 - debug - DEBUG - Batch 350 grad norm: 0.983734
2026-06-16 03:04:19,285 - debug - DEBUG - compute_metrics_and_record started for epoch 39
2026-06-16 03:04:19,285 - debug - DEBUG - all_preds length: 45000, all_targets length: 45000
2026-06-16 03:04:19,285 - debug - DEBUG - First 10 preds: [4, 6, 7, 4, 2, 3, 7, 6, 1, 4]
2026-06-16 03:04:19,285 - debug - DEBUG - First 10 targets: [4, 6, 2, 4, 2, 3, 7, 6, 1, 4]
2026-06-16 03:04:19,295 - debug - DEBUG - Unique predicted classes: 10 (first 10: [0 1 2 3 4 5 6 7 8 9])
2026-06-16 03:04:19,295 - debug - DEBUG - Unique target classes: 10 (first 10: [0 1 2 3 4 5 6 7 8 9])
2026-06-16 03:04:21,489 - debug - DEBUG - compute_metrics_and_record started for epoch 39
2026-06-16 03:04:21,489 - debug - DEBUG - all_preds length: 10000, all_targets length: 10000
2026-06-16 03:04:21,489 - debug - DEBUG - First 10 preds: [3, 8, 8, 8, 6, 6, 1, 6, 3, 1]
2026-06-16 03:04:21,490 - debug - DEBUG - First 10 targets: [3, 8, 8, 0, 6, 6, 1, 6, 3, 1]
2026-06-16 03:04:21,494 - debug - DEBUG - Unique predicted classes: 10 (first 10: [0 1 2 3 4 5 6 7 8 9])
2026-06-16 03:04:21,494 - debug - DEBUG - Unique target classes: 10 (first 10: [0 1 2 3 4 5 6 7 8 9])
2026-06-16 03:04:21,763 - debug - DEBUG - Device Check - Batch 0
2026-06-16 03:04:21,764 - debug - DEBUG -   Config GPU ID: 1
2026-06-16 03:04:21,764 - debug - DEBUG -   Input Device:  cuda:1
2026-06-16 03:04:21,764 - debug - DEBUG -   Target Device: cuda:1
2026-06-16 03:04:21,765 - debug - DEBUG -   Model Device:  cuda:1
2026-06-16 03:04:21,765 - debug - DEBUG -   Criterion Weight Device: No weights
2026-06-16 03:04:22,324 - debug - DEBUG - Batch 0 grad norm: 0.935412
2026-06-16 03:04:23,278 - debug - DEBUG - Batch 10 grad norm: 0.932573
2026-06-16 03:04:24,346 - debug - DEBUG - Batch 20 grad norm: 1.440516
2026-06-16 03:04:25,378 - debug - DEBUG - Batch 30 grad norm: 0.771864
2026-06-16 03:04:26,468 - debug - DEBUG - Batch 40 grad norm: 1.064958
2026-06-16 03:04:27,540 - debug - DEBUG - Batch 50 grad norm: 1.271697
2026-06-16 03:04:28,632 - debug - DEBUG - Batch 60 grad norm: 1.142434
2026-06-16 03:04:29,726 - debug - DEBUG - Batch 70 grad norm: 0.885253
2026-06-16 03:04:30,787 - debug - DEBUG - Batch 80 grad norm: 1.181629
2026-06-16 03:04:31,886 - debug - DEBUG - Batch 90 grad norm: 0.883949
2026-06-16 03:04:32,966 - debug - DEBUG - Batch 100 grad norm: 1.116976
2026-06-16 03:04:34,061 - debug - DEBUG - Batch 110 grad norm: 1.026468
2026-06-16 03:04:35,110 - debug - DEBUG - Batch 120 grad norm: 0.998284
2026-06-16 03:04:36,177 - debug - DEBUG - Batch 130 grad norm: 1.256879
2026-06-16 03:04:37,224 - debug - DEBUG - Batch 140 grad norm: 0.964702
2026-06-16 03:04:38,266 - debug - DEBUG - Batch 150 grad norm: 1.052976
2026-06-16 03:04:39,394 - debug - DEBUG - Batch 160 grad norm: 0.918460
2026-06-16 03:04:40,304 - debug - DEBUG - Batch 170 grad norm: 0.709886
2026-06-16 03:04:41,359 - debug - DEBUG - Batch 180 grad norm: 0.905725
2026-06-16 03:04:42,443 - debug - DEBUG - Batch 190 grad norm: 1.220389
2026-06-16 03:04:43,497 - debug - DEBUG - Batch 200 grad norm: 1.067956
2026-06-16 03:04:44,588 - debug - DEBUG - Batch 210 grad norm: 0.909104
2026-06-16 03:04:45,692 - debug - DEBUG - Batch 220 grad norm: 1.041501
2026-06-16 03:04:46,753 - debug - DEBUG - Batch 230 grad norm: 1.067742
2026-06-16 03:04:47,856 - debug - DEBUG - Batch 240 grad norm: 1.158437
2026-06-16 03:04:48,929 - debug - DEBUG - Batch 250 grad norm: 1.049951
2026-06-16 03:04:50,040 - debug - DEBUG - Batch 260 grad norm: 1.077211
2026-06-16 03:04:51,131 - debug - DEBUG - Batch 270 grad norm: 0.900850
2026-06-16 03:04:52,231 - debug - DEBUG - Batch 280 grad norm: 0.978817
2026-06-16 03:04:53,337 - debug - DEBUG - Batch 290 grad norm: 0.919123
2026-06-16 03:04:54,408 - debug - DEBUG - Batch 300 grad norm: 0.894554
2026-06-16 03:04:55,459 - debug - DEBUG - Batch 310 grad norm: 0.943642
2026-06-16 03:04:56,535 - debug - DEBUG - Batch 320 grad norm: 1.079981
2026-06-16 03:04:57,616 - debug - DEBUG - Batch 330 grad norm: 1.176433
2026-06-16 03:04:58,698 - debug - DEBUG - Batch 340 grad norm: 1.054604
2026-06-16 03:04:59,773 - debug - DEBUG - Batch 350 grad norm: 0.775701
2026-06-16 03:04:59,867 - debug - DEBUG - compute_metrics_and_record started for epoch 40
2026-06-16 03:04:59,867 - debug - DEBUG - all_preds length: 45000, all_targets length: 45000
2026-06-16 03:04:59,867 - debug - DEBUG - First 10 preds: [7, 5, 3, 5, 4, 3, 8, 0, 5, 4]
2026-06-16 03:04:59,867 - debug - DEBUG - First 10 targets: [7, 5, 3, 5, 0, 3, 8, 0, 5, 4]
2026-06-16 03:04:59,876 - debug - DEBUG - Unique predicted classes: 10 (first 10: [0 1 2 3 4 5 6 7 8 9])
2026-06-16 03:04:59,876 - debug - DEBUG - Unique target classes: 10 (first 10: [0 1 2 3 4 5 6 7 8 9])
2026-06-16 03:05:02,060 - debug - DEBUG - compute_metrics_and_record started for epoch 40
2026-06-16 03:05:02,061 - debug - DEBUG - all_preds length: 10000, all_targets length: 10000
2026-06-16 03:05:02,061 - debug - DEBUG - First 10 preds: [3, 8, 8, 8, 6, 6, 1, 2, 3, 1]
2026-06-16 03:05:02,061 - debug - DEBUG - First 10 targets: [3, 8, 8, 0, 6, 6, 1, 6, 3, 1]
2026-06-16 03:05:02,063 - debug - DEBUG - Unique predicted classes: 10 (first 10: [0 1 2 3 4 5 6 7 8 9])
2026-06-16 03:05:02,064 - debug - DEBUG - Unique target classes: 10 (first 10: [0 1 2 3 4 5 6 7 8 9])
2026-06-16 03:05:02,336 - debug - DEBUG - Device Check - Batch 0
2026-06-16 03:05:02,337 - debug - DEBUG -   Config GPU ID: 1
2026-06-16 03:05:02,337 - debug - DEBUG -   Input Device:  cuda:1
2026-06-16 03:05:02,337 - debug - DEBUG -   Target Device: cuda:1
2026-06-16 03:05:02,338 - debug - DEBUG -   Model Device:  cuda:1
2026-06-16 03:05:02,338 - debug - DEBUG -   Criterion Weight Device: No weights
2026-06-16 03:05:02,798 - debug - DEBUG - Batch 0 grad norm: 1.044195
2026-06-16 03:05:03,906 - debug - DEBUG - Batch 10 grad norm: 1.078571
2026-06-16 03:05:05,020 - debug - DEBUG - Batch 20 grad norm: 0.839466
2026-06-16 03:05:06,139 - debug - DEBUG - Batch 30 grad norm: 0.908145
2026-06-16 03:05:07,216 - debug - DEBUG - Batch 40 grad norm: 1.035016
2026-06-16 03:05:08,259 - debug - DEBUG - Batch 50 grad norm: 1.045958
2026-06-16 03:05:09,428 - debug - DEBUG - Batch 60 grad norm: 1.453831
2026-06-16 03:05:10,378 - debug - DEBUG - Batch 70 grad norm: 1.052599
2026-06-16 03:05:11,480 - debug - DEBUG - Batch 80 grad norm: 0.900935
2026-06-16 03:05:12,579 - debug - DEBUG - Batch 90 grad norm: 1.207624
2026-06-16 03:05:13,653 - debug - DEBUG - Batch 100 grad norm: 1.038124
2026-06-16 03:05:14,755 - debug - DEBUG - Batch 110 grad norm: 1.047302
2026-06-16 03:05:15,835 - debug - DEBUG - Batch 120 grad norm: 0.996475
2026-06-16 03:05:16,945 - debug - DEBUG - Batch 130 grad norm: 1.381369
2026-06-16 03:05:18,054 - debug - DEBUG - Batch 140 grad norm: 1.089450
2026-06-16 03:05:19,104 - debug - DEBUG - Batch 150 grad norm: 1.288811
2026-06-16 03:05:20,292 - debug - DEBUG - Batch 160 grad norm: 1.084167
2026-06-16 03:05:21,247 - debug - DEBUG - Batch 170 grad norm: 1.040588
2026-06-16 03:05:22,360 - debug - DEBUG - Batch 180 grad norm: 1.148602
2026-06-16 03:05:23,465 - debug - DEBUG - Batch 190 grad norm: 1.103201
2026-06-16 03:05:24,583 - debug - DEBUG - Batch 200 grad norm: 0.976629
2026-06-16 03:05:25,681 - debug - DEBUG - Batch 210 grad norm: 1.487377
2026-06-16 03:05:26,750 - debug - DEBUG - Batch 220 grad norm: 1.102919
2026-06-16 03:05:27,824 - debug - DEBUG - Batch 230 grad norm: 1.258523
2026-06-16 03:05:28,908 - debug - DEBUG - Batch 240 grad norm: 0.927485
2026-06-16 03:05:29,990 - debug - DEBUG - Batch 250 grad norm: 1.118302
2026-06-16 03:05:31,076 - debug - DEBUG - Batch 260 grad norm: 1.094637
2026-06-16 03:05:32,153 - debug - DEBUG - Batch 270 grad norm: 1.041548
2026-06-16 03:05:33,234 - debug - DEBUG - Batch 280 grad norm: 0.867086
2026-06-16 03:05:34,314 - debug - DEBUG - Batch 290 grad norm: 0.885413
2026-06-16 03:05:35,374 - debug - DEBUG - Batch 300 grad norm: 0.946070
2026-06-16 03:05:36,463 - debug - DEBUG - Batch 310 grad norm: 1.288201
2026-06-16 03:05:37,539 - debug - DEBUG - Batch 320 grad norm: 0.861129
2026-06-16 03:05:38,655 - debug - DEBUG - Batch 330 grad norm: 1.240548
2026-06-16 03:05:39,748 - debug - DEBUG - Batch 340 grad norm: 1.369748
2026-06-16 03:05:40,856 - debug - DEBUG - Batch 350 grad norm: 1.291747
2026-06-16 03:05:40,941 - debug - DEBUG - compute_metrics_and_record started for epoch 41
2026-06-16 03:05:40,942 - debug - DEBUG - all_preds length: 45000, all_targets length: 45000
2026-06-16 03:05:40,942 - debug - DEBUG - First 10 preds: [1, 6, 3, 6, 1, 5, 4, 6, 8, 7]
2026-06-16 03:05:40,942 - debug - DEBUG - First 10 targets: [1, 6, 7, 6, 1, 5, 4, 6, 8, 7]
2026-06-16 03:05:40,951 - debug - DEBUG - Unique predicted classes: 10 (first 10: [0 1 2 3 4 5 6 7 8 9])
2026-06-16 03:05:40,951 - debug - DEBUG - Unique target classes: 10 (first 10: [0 1 2 3 4 5 6 7 8 9])
2026-06-16 03:05:43,247 - debug - DEBUG - compute_metrics_and_record started for epoch 41
2026-06-16 03:05:43,248 - debug - DEBUG - all_preds length: 10000, all_targets length: 10000
2026-06-16 03:05:43,248 - debug - DEBUG - First 10 preds: [3, 8, 8, 8, 6, 6, 1, 6, 3, 9]
2026-06-16 03:05:43,248 - debug - DEBUG - First 10 targets: [3, 8, 8, 0, 6, 6, 1, 6, 3, 1]
2026-06-16 03:05:43,250 - debug - DEBUG - Unique predicted classes: 10 (first 10: [0 1 2 3 4 5 6 7 8 9])
2026-06-16 03:05:43,250 - debug - DEBUG - Unique target classes: 10 (first 10: [0 1 2 3 4 5 6 7 8 9])
2026-06-16 03:05:43,519 - debug - DEBUG - Device Check - Batch 0
2026-06-16 03:05:43,520 - debug - DEBUG -   Config GPU ID: 1
2026-06-16 03:05:43,520 - debug - DEBUG -   Input Device:  cuda:1
2026-06-16 03:05:43,520 - debug - DEBUG -   Target Device: cuda:1
2026-06-16 03:05:43,520 - debug - DEBUG -   Model Device:  cuda:1
2026-06-16 03:05:43,520 - debug - DEBUG -   Criterion Weight Device: No weights
2026-06-16 03:05:43,999 - debug - DEBUG - Batch 0 grad norm: 0.900871
2026-06-16 03:05:45,105 - debug - DEBUG - Batch 10 grad norm: 1.052013
2026-06-16 03:05:46,222 - debug - DEBUG - Batch 20 grad norm: 0.901364
2026-06-16 03:05:47,335 - debug - DEBUG - Batch 30 grad norm: 0.997208
2026-06-16 03:05:48,440 - debug - DEBUG - Batch 40 grad norm: 1.274296
2026-06-16 03:05:49,538 - debug - DEBUG - Batch 50 grad norm: 1.185972
2026-06-16 03:05:50,643 - debug - DEBUG - Batch 60 grad norm: 1.176732
2026-06-16 03:05:51,723 - debug - DEBUG - Batch 70 grad norm: 1.454549
2026-06-16 03:05:52,798 - debug - DEBUG - Batch 80 grad norm: 1.141709
2026-06-16 03:05:53,840 - debug - DEBUG - Batch 90 grad norm: 0.999190
2026-06-16 03:05:54,827 - debug - DEBUG - Batch 100 grad norm: 1.235335
2026-06-16 03:05:55,916 - debug - DEBUG - Batch 110 grad norm: 1.001049
2026-06-16 03:05:57,052 - debug - DEBUG - Batch 120 grad norm: 1.080436
2026-06-16 03:05:57,982 - debug - DEBUG - Batch 130 grad norm: 1.163452
2026-06-16 03:05:59,060 - debug - DEBUG - Batch 140 grad norm: 0.870463
2026-06-16 03:05:59,927 - debug - DEBUG - Batch 150 grad norm: 0.909182
2026-06-16 03:06:01,109 - debug - DEBUG - Batch 160 grad norm: 0.925464
2026-06-16 03:06:02,088 - debug - DEBUG - Batch 170 grad norm: 1.498253
2026-06-16 03:06:03,135 - debug - DEBUG - Batch 180 grad norm: 0.937170
2026-06-16 03:06:04,271 - debug - DEBUG - Batch 190 grad norm: 1.086696
2026-06-16 03:06:05,366 - debug - DEBUG - Batch 200 grad norm: 1.177616
2026-06-16 03:06:06,468 - debug - DEBUG - Batch 210 grad norm: 1.030529
2026-06-16 03:06:07,552 - debug - DEBUG - Batch 220 grad norm: 0.958475
2026-06-16 03:06:08,670 - debug - DEBUG - Batch 230 grad norm: 0.720927
2026-06-16 03:06:09,757 - debug - DEBUG - Batch 240 grad norm: 1.071724
2026-06-16 03:06:10,882 - debug - DEBUG - Batch 250 grad norm: 1.026100
2026-06-16 03:06:11,966 - debug - DEBUG - Batch 260 grad norm: 1.176191
2026-06-16 03:06:13,069 - debug - DEBUG - Batch 270 grad norm: 1.328455
2026-06-16 03:06:14,200 - debug - DEBUG - Batch 280 grad norm: 0.997389
2026-06-16 03:06:15,312 - debug - DEBUG - Batch 290 grad norm: 0.966577
2026-06-16 03:06:16,453 - debug - DEBUG - Batch 300 grad norm: 0.784726
2026-06-16 03:06:17,578 - debug - DEBUG - Batch 310 grad norm: 0.933991
2026-06-16 03:06:18,768 - debug - DEBUG - Batch 320 grad norm: 1.146157
2026-06-16 03:06:19,894 - debug - DEBUG - Batch 330 grad norm: 1.223415
2026-06-16 03:06:21,022 - debug - DEBUG - Batch 340 grad norm: 0.968070
2026-06-16 03:06:22,140 - debug - DEBUG - Batch 350 grad norm: 1.012600
2026-06-16 03:06:22,230 - debug - DEBUG - compute_metrics_and_record started for epoch 42
2026-06-16 03:06:22,231 - debug - DEBUG - all_preds length: 45000, all_targets length: 45000
2026-06-16 03:06:22,231 - debug - DEBUG - First 10 preds: [5, 9, 3, 7, 2, 1, 8, 9, 6, 4]
2026-06-16 03:06:22,231 - debug - DEBUG - First 10 targets: [5, 9, 3, 7, 2, 1, 8, 9, 6, 4]
2026-06-16 03:06:22,240 - debug - DEBUG - Unique predicted classes: 10 (first 10: [0 1 2 3 4 5 6 7 8 9])
2026-06-16 03:06:22,240 - debug - DEBUG - Unique target classes: 10 (first 10: [0 1 2 3 4 5 6 7 8 9])
2026-06-16 03:06:24,598 - debug - DEBUG - compute_metrics_and_record started for epoch 42
2026-06-16 03:06:24,598 - debug - DEBUG - all_preds length: 10000, all_targets length: 10000
2026-06-16 03:06:24,598 - debug - DEBUG - First 10 preds: [3, 1, 1, 8, 6, 6, 1, 6, 3, 1]
2026-06-16 03:06:24,598 - debug - DEBUG - First 10 targets: [3, 8, 8, 0, 6, 6, 1, 6, 3, 1]
2026-06-16 03:06:24,601 - debug - DEBUG - Unique predicted classes: 10 (first 10: [0 1 2 3 4 5 6 7 8 9])
2026-06-16 03:06:24,601 - debug - DEBUG - Unique target classes: 10 (first 10: [0 1 2 3 4 5 6 7 8 9])
2026-06-16 03:06:24,873 - debug - DEBUG - Device Check - Batch 0
2026-06-16 03:06:24,874 - debug - DEBUG -   Config GPU ID: 1
2026-06-16 03:06:24,875 - debug - DEBUG -   Input Device:  cuda:1
2026-06-16 03:06:24,875 - debug - DEBUG -   Target Device: cuda:1
2026-06-16 03:06:24,876 - debug - DEBUG -   Model Device:  cuda:1
2026-06-16 03:06:24,876 - debug - DEBUG -   Criterion Weight Device: No weights
2026-06-16 03:06:25,450 - debug - DEBUG - Batch 0 grad norm: 0.886720
2026-06-16 03:06:26,576 - debug - DEBUG - Batch 10 grad norm: 0.942155
2026-06-16 03:06:27,697 - debug - DEBUG - Batch 20 grad norm: 1.091477
2026-06-16 03:06:28,822 - debug - DEBUG - Batch 30 grad norm: 1.266935
2026-06-16 03:06:29,923 - debug - DEBUG - Batch 40 grad norm: 1.082189
2026-06-16 03:06:31,040 - debug - DEBUG - Batch 50 grad norm: 1.013226
2026-06-16 03:06:32,136 - debug - DEBUG - Batch 60 grad norm: 0.907182
2026-06-16 03:06:33,246 - debug - DEBUG - Batch 70 grad norm: 1.172780
2026-06-16 03:06:34,363 - debug - DEBUG - Batch 80 grad norm: 0.813719
2026-06-16 03:06:35,471 - debug - DEBUG - Batch 90 grad norm: 0.842653
2026-06-16 03:06:36,581 - debug - DEBUG - Batch 100 grad norm: 1.144011
2026-06-16 03:06:37,674 - debug - DEBUG - Batch 110 grad norm: 1.117226
2026-06-16 03:06:38,778 - debug - DEBUG - Batch 120 grad norm: 0.858010
2026-06-16 03:06:39,854 - debug - DEBUG - Batch 130 grad norm: 1.158204
2026-06-16 03:06:40,932 - debug - DEBUG - Batch 140 grad norm: 1.045401
2026-06-16 03:06:41,554 - debug - DEBUG - Batch 150 grad norm: 1.004060
2026-06-16 03:06:42,712 - debug - DEBUG - Batch 160 grad norm: 0.922938
2026-06-16 03:06:43,821 - debug - DEBUG - Batch 170 grad norm: 1.069854
2026-06-16 03:06:44,660 - debug - DEBUG - Batch 180 grad norm: 1.190362
2026-06-16 03:06:45,728 - debug - DEBUG - Batch 190 grad norm: 0.983429
2026-06-16 03:06:46,800 - debug - DEBUG - Batch 200 grad norm: 1.053921
2026-06-16 03:06:47,862 - debug - DEBUG - Batch 210 grad norm: 0.828602
2026-06-16 03:06:48,957 - debug - DEBUG - Batch 220 grad norm: 1.165089
2026-06-16 03:06:50,031 - debug - DEBUG - Batch 230 grad norm: 1.003554
2026-06-16 03:06:51,132 - debug - DEBUG - Batch 240 grad norm: 1.156130
2026-06-16 03:06:52,188 - debug - DEBUG - Batch 250 grad norm: 1.228859
2026-06-16 03:06:53,281 - debug - DEBUG - Batch 260 grad norm: 0.976131
2026-06-16 03:06:54,369 - debug - DEBUG - Batch 270 grad norm: 1.089905
2026-06-16 03:06:55,467 - debug - DEBUG - Batch 280 grad norm: 1.071890
2026-06-16 03:06:56,536 - debug - DEBUG - Batch 290 grad norm: 0.993313
2026-06-16 03:06:57,607 - debug - DEBUG - Batch 300 grad norm: 0.956057
2026-06-16 03:06:58,729 - debug - DEBUG - Batch 310 grad norm: 1.490418
2026-06-16 03:06:59,769 - debug - DEBUG - Batch 320 grad norm: 0.919319
2026-06-16 03:07:00,869 - debug - DEBUG - Batch 330 grad norm: 0.914678
2026-06-16 03:07:01,951 - debug - DEBUG - Batch 340 grad norm: 1.113819
2026-06-16 03:07:03,039 - debug - DEBUG - Batch 350 grad norm: 0.943063
2026-06-16 03:07:03,128 - debug - DEBUG - compute_metrics_and_record started for epoch 43
2026-06-16 03:07:03,128 - debug - DEBUG - all_preds length: 45000, all_targets length: 45000
2026-06-16 03:07:03,128 - debug - DEBUG - First 10 preds: [8, 5, 6, 8, 6, 0, 3, 4, 4, 0]
2026-06-16 03:07:03,128 - debug - DEBUG - First 10 targets: [8, 5, 6, 8, 6, 0, 3, 4, 4, 2]
2026-06-16 03:07:03,137 - debug - DEBUG - Unique predicted classes: 10 (first 10: [0 1 2 3 4 5 6 7 8 9])
2026-06-16 03:07:03,137 - debug - DEBUG - Unique target classes: 10 (first 10: [0 1 2 3 4 5 6 7 8 9])
2026-06-16 03:07:05,326 - debug - DEBUG - compute_metrics_and_record started for epoch 43
2026-06-16 03:07:05,326 - debug - DEBUG - all_preds length: 10000, all_targets length: 10000
2026-06-16 03:07:05,326 - debug - DEBUG - First 10 preds: [3, 8, 8, 8, 6, 3, 9, 4, 3, 1]
2026-06-16 03:07:05,326 - debug - DEBUG - First 10 targets: [3, 8, 8, 0, 6, 6, 1, 6, 3, 1]
2026-06-16 03:07:05,329 - debug - DEBUG - Unique predicted classes: 10 (first 10: [0 1 2 3 4 5 6 7 8 9])
2026-06-16 03:07:05,329 - debug - DEBUG - Unique target classes: 10 (first 10: [0 1 2 3 4 5 6 7 8 9])
2026-06-16 03:07:05,594 - debug - DEBUG - Device Check - Batch 0
2026-06-16 03:07:05,595 - debug - DEBUG -   Config GPU ID: 1
2026-06-16 03:07:05,595 - debug - DEBUG -   Input Device:  cuda:1
2026-06-16 03:07:05,595 - debug - DEBUG -   Target Device: cuda:1
2026-06-16 03:07:05,595 - debug - DEBUG -   Model Device:  cuda:1
2026-06-16 03:07:05,595 - debug - DEBUG -   Criterion Weight Device: No weights
2026-06-16 03:07:06,011 - debug - DEBUG - Batch 0 grad norm: 1.093513
2026-06-16 03:07:07,130 - debug - DEBUG - Batch 10 grad norm: 1.216968
2026-06-16 03:07:08,233 - debug - DEBUG - Batch 20 grad norm: 1.042787
2026-06-16 03:07:09,337 - debug - DEBUG - Batch 30 grad norm: 1.239272
2026-06-16 03:07:10,407 - debug - DEBUG - Batch 40 grad norm: 1.031610
2026-06-16 03:07:11,507 - debug - DEBUG - Batch 50 grad norm: 0.792822
2026-06-16 03:07:12,606 - debug - DEBUG - Batch 60 grad norm: 1.145683
2026-06-16 03:07:13,705 - debug - DEBUG - Batch 70 grad norm: 1.043582
2026-06-16 03:07:14,787 - debug - DEBUG - Batch 80 grad norm: 1.090993
2026-06-16 03:07:15,861 - debug - DEBUG - Batch 90 grad norm: 1.268222
2026-06-16 03:07:16,914 - debug - DEBUG - Batch 100 grad norm: 1.039217
2026-06-16 03:07:17,987 - debug - DEBUG - Batch 110 grad norm: 1.080094
2026-06-16 03:07:19,059 - debug - DEBUG - Batch 120 grad norm: 1.336951
2026-06-16 03:07:20,094 - debug - DEBUG - Batch 130 grad norm: 1.167938
2026-06-16 03:07:21,179 - debug - DEBUG - Batch 140 grad norm: 0.971571
2026-06-16 03:07:22,227 - debug - DEBUG - Batch 150 grad norm: 0.995959
2026-06-16 03:07:23,274 - debug - DEBUG - Batch 160 grad norm: 1.194046
2026-06-16 03:07:24,444 - debug - DEBUG - Batch 170 grad norm: 1.160904
2026-06-16 03:07:25,381 - debug - DEBUG - Batch 180 grad norm: 1.220135
2026-06-16 03:07:26,473 - debug - DEBUG - Batch 190 grad norm: 0.639761
2026-06-16 03:07:27,573 - debug - DEBUG - Batch 200 grad norm: 0.871630
2026-06-16 03:07:28,633 - debug - DEBUG - Batch 210 grad norm: 1.187787
2026-06-16 03:07:29,616 - debug - DEBUG - Batch 220 grad norm: 0.991782
2026-06-16 03:07:30,770 - debug - DEBUG - Batch 230 grad norm: 1.074326
2026-06-16 03:07:31,755 - debug - DEBUG - Batch 240 grad norm: 1.172237
2026-06-16 03:07:32,822 - debug - DEBUG - Batch 250 grad norm: 1.227426
2026-06-16 03:07:33,901 - debug - DEBUG - Batch 260 grad norm: 1.144402
2026-06-16 03:07:34,931 - debug - DEBUG - Batch 270 grad norm: 0.934805
2026-06-16 03:07:36,005 - debug - DEBUG - Batch 280 grad norm: 1.075758
2026-06-16 03:07:37,097 - debug - DEBUG - Batch 290 grad norm: 0.990331
2026-06-16 03:07:38,176 - debug - DEBUG - Batch 300 grad norm: 1.027956
2026-06-16 03:07:39,268 - debug - DEBUG - Batch 310 grad norm: 0.921006
2026-06-16 03:07:40,353 - debug - DEBUG - Batch 320 grad norm: 1.088122
2026-06-16 03:07:41,438 - debug - DEBUG - Batch 330 grad norm: 1.354333
2026-06-16 03:07:42,524 - debug - DEBUG - Batch 340 grad norm: 1.394021
2026-06-16 03:07:43,632 - debug - DEBUG - Batch 350 grad norm: 1.428702
2026-06-16 03:07:43,731 - debug - DEBUG - compute_metrics_and_record started for epoch 44
2026-06-16 03:07:43,732 - debug - DEBUG - all_preds length: 45000, all_targets length: 45000
2026-06-16 03:07:43,732 - debug - DEBUG - First 10 preds: [4, 2, 1, 0, 5, 9, 3, 1, 7, 0]
2026-06-16 03:07:43,732 - debug - DEBUG - First 10 targets: [4, 2, 1, 0, 5, 9, 5, 1, 7, 0]
2026-06-16 03:07:43,741 - debug - DEBUG - Unique predicted classes: 10 (first 10: [0 1 2 3 4 5 6 7 8 9])
2026-06-16 03:07:43,742 - debug - DEBUG - Unique target classes: 10 (first 10: [0 1 2 3 4 5 6 7 8 9])
2026-06-16 03:07:46,032 - debug - DEBUG - compute_metrics_and_record started for epoch 44
2026-06-16 03:07:46,033 - debug - DEBUG - all_preds length: 10000, all_targets length: 10000
2026-06-16 03:07:46,033 - debug - DEBUG - First 10 preds: [3, 8, 8, 8, 6, 6, 1, 6, 3, 9]
2026-06-16 03:07:46,033 - debug - DEBUG - First 10 targets: [3, 8, 8, 0, 6, 6, 1, 6, 3, 1]
2026-06-16 03:07:46,035 - debug - DEBUG - Unique predicted classes: 10 (first 10: [0 1 2 3 4 5 6 7 8 9])
2026-06-16 03:07:46,035 - debug - DEBUG - Unique target classes: 10 (first 10: [0 1 2 3 4 5 6 7 8 9])
2026-06-16 03:07:46,349 - debug - DEBUG - Device Check - Batch 0
2026-06-16 03:07:46,350 - debug - DEBUG -   Config GPU ID: 1
2026-06-16 03:07:46,350 - debug - DEBUG -   Input Device:  cuda:1
2026-06-16 03:07:46,350 - debug - DEBUG -   Target Device: cuda:1
2026-06-16 03:07:46,351 - debug - DEBUG -   Model Device:  cuda:1
2026-06-16 03:07:46,351 - debug - DEBUG -   Criterion Weight Device: No weights
2026-06-16 03:07:46,805 - debug - DEBUG - Batch 0 grad norm: 1.100295
2026-06-16 03:07:47,909 - debug - DEBUG - Batch 10 grad norm: 0.960502
2026-06-16 03:07:49,012 - debug - DEBUG - Batch 20 grad norm: 1.105870
2026-06-16 03:07:50,111 - debug - DEBUG - Batch 30 grad norm: 0.928043
2026-06-16 03:07:51,225 - debug - DEBUG - Batch 40 grad norm: 0.986303
2026-06-16 03:07:52,308 - debug - DEBUG - Batch 50 grad norm: 1.190026
2026-06-16 03:07:53,416 - debug - DEBUG - Batch 60 grad norm: 0.775077
2026-06-16 03:07:54,515 - debug - DEBUG - Batch 70 grad norm: 0.984378
2026-06-16 03:07:55,629 - debug - DEBUG - Batch 80 grad norm: 1.040921
2026-06-16 03:07:56,705 - debug - DEBUG - Batch 90 grad norm: 1.250555
2026-06-16 03:07:57,815 - debug - DEBUG - Batch 100 grad norm: 1.307170
2026-06-16 03:07:58,909 - debug - DEBUG - Batch 110 grad norm: 1.028385
2026-06-16 03:08:00,002 - debug - DEBUG - Batch 120 grad norm: 1.047605
2026-06-16 03:08:01,044 - debug - DEBUG - Batch 130 grad norm: 0.984820
2026-06-16 03:08:02,112 - debug - DEBUG - Batch 140 grad norm: 1.092554
2026-06-16 03:08:03,178 - debug - DEBUG - Batch 150 grad norm: 1.079964
2026-06-16 03:08:04,180 - debug - DEBUG - Batch 160 grad norm: 1.056938
2026-06-16 03:08:05,337 - debug - DEBUG - Batch 170 grad norm: 0.905977
2026-06-16 03:08:06,305 - debug - DEBUG - Batch 180 grad norm: 0.994010
2026-06-16 03:08:07,392 - debug - DEBUG - Batch 190 grad norm: 0.946641
2026-06-16 03:08:08,459 - debug - DEBUG - Batch 200 grad norm: 1.125759
2026-06-16 03:08:09,524 - debug - DEBUG - Batch 210 grad norm: 1.160013
2026-06-16 03:08:10,572 - debug - DEBUG - Batch 220 grad norm: 1.247114
2026-06-16 03:08:11,653 - debug - DEBUG - Batch 230 grad norm: 0.991112
2026-06-16 03:08:12,734 - debug - DEBUG - Batch 240 grad norm: 1.395968
2026-06-16 03:08:13,829 - debug - DEBUG - Batch 250 grad norm: 1.060620
2026-06-16 03:08:14,898 - debug - DEBUG - Batch 260 grad norm: 1.237788
2026-06-16 03:08:15,987 - debug - DEBUG - Batch 270 grad norm: 1.120225
2026-06-16 03:08:16,823 - debug - DEBUG - Batch 280 grad norm: 0.967013
2026-06-16 03:08:17,988 - debug - DEBUG - Batch 290 grad norm: 0.953344
2026-06-16 03:08:18,977 - debug - DEBUG - Batch 300 grad norm: 1.075082
2026-06-16 03:08:20,032 - debug - DEBUG - Batch 310 grad norm: 1.314360
2026-06-16 03:08:21,112 - debug - DEBUG - Batch 320 grad norm: 1.055885
2026-06-16 03:08:22,212 - debug - DEBUG - Batch 330 grad norm: 0.897079
2026-06-16 03:08:23,361 - debug - DEBUG - Batch 340 grad norm: 1.157294
2026-06-16 03:08:24,474 - debug - DEBUG - Batch 350 grad norm: 1.258392
2026-06-16 03:08:24,582 - debug - DEBUG - compute_metrics_and_record started for epoch 45
2026-06-16 03:08:24,583 - debug - DEBUG - all_preds length: 45000, all_targets length: 45000
2026-06-16 03:08:24,583 - debug - DEBUG - First 10 preds: [1, 8, 1, 1, 9, 6, 5, 3, 2, 5]
2026-06-16 03:08:24,583 - debug - DEBUG - First 10 targets: [1, 0, 1, 1, 9, 6, 5, 3, 2, 3]
2026-06-16 03:08:24,593 - debug - DEBUG - Unique predicted classes: 10 (first 10: [0 1 2 3 4 5 6 7 8 9])
2026-06-16 03:08:24,593 - debug - DEBUG - Unique target classes: 10 (first 10: [0 1 2 3 4 5 6 7 8 9])
2026-06-16 03:08:26,918 - debug - DEBUG - compute_metrics_and_record started for epoch 45
2026-06-16 03:08:26,918 - debug - DEBUG - all_preds length: 10000, all_targets length: 10000
2026-06-16 03:08:26,918 - debug - DEBUG - First 10 preds: [3, 8, 8, 9, 6, 5, 1, 6, 3, 1]
2026-06-16 03:08:26,918 - debug - DEBUG - First 10 targets: [3, 8, 8, 0, 6, 6, 1, 6, 3, 1]
2026-06-16 03:08:26,921 - debug - DEBUG - Unique predicted classes: 10 (first 10: [0 1 2 3 4 5 6 7 8 9])
2026-06-16 03:08:26,921 - debug - DEBUG - Unique target classes: 10 (first 10: [0 1 2 3 4 5 6 7 8 9])
2026-06-16 03:08:27,183 - debug - DEBUG - Device Check - Batch 0
2026-06-16 03:08:27,184 - debug - DEBUG -   Config GPU ID: 1
2026-06-16 03:08:27,184 - debug - DEBUG -   Input Device:  cuda:1
2026-06-16 03:08:27,184 - debug - DEBUG -   Target Device: cuda:1
2026-06-16 03:08:27,184 - debug - DEBUG -   Model Device:  cuda:1
2026-06-16 03:08:27,185 - debug - DEBUG -   Criterion Weight Device: No weights
2026-06-16 03:08:27,801 - debug - DEBUG - Batch 0 grad norm: 1.117857
2026-06-16 03:08:28,904 - debug - DEBUG - Batch 10 grad norm: 1.106725
2026-06-16 03:08:29,996 - debug - DEBUG - Batch 20 grad norm: 0.792992
2026-06-16 03:08:31,086 - debug - DEBUG - Batch 30 grad norm: 1.165446
2026-06-16 03:08:32,170 - debug - DEBUG - Batch 40 grad norm: 1.002154
2026-06-16 03:08:33,258 - debug - DEBUG - Batch 50 grad norm: 1.007789
2026-06-16 03:08:34,342 - debug - DEBUG - Batch 60 grad norm: 1.099633
2026-06-16 03:08:35,424 - debug - DEBUG - Batch 70 grad norm: 0.834995
2026-06-16 03:08:36,481 - debug - DEBUG - Batch 80 grad norm: 1.105552
2026-06-16 03:08:37,561 - debug - DEBUG - Batch 90 grad norm: 0.868959
2026-06-16 03:08:38,632 - debug - DEBUG - Batch 100 grad norm: 1.031178
2026-06-16 03:08:39,733 - debug - DEBUG - Batch 110 grad norm: 1.062783
2026-06-16 03:08:40,829 - debug - DEBUG - Batch 120 grad norm: 1.098944
2026-06-16 03:08:41,915 - debug - DEBUG - Batch 130 grad norm: 1.179590
2026-06-16 03:08:42,999 - debug - DEBUG - Batch 140 grad norm: 1.327736
2026-06-16 03:08:44,106 - debug - DEBUG - Batch 150 grad norm: 0.758767
2026-06-16 03:08:45,110 - debug - DEBUG - Batch 160 grad norm: 0.962276
2026-06-16 03:08:46,213 - debug - DEBUG - Batch 170 grad norm: 0.950038
2026-06-16 03:08:47,357 - debug - DEBUG - Batch 180 grad norm: 0.822528
2026-06-16 03:08:48,295 - debug - DEBUG - Batch 190 grad norm: 1.157864
2026-06-16 03:08:49,391 - debug - DEBUG - Batch 200 grad norm: 1.380103
2026-06-16 03:08:50,452 - debug - DEBUG - Batch 210 grad norm: 1.072582
2026-06-16 03:08:51,531 - debug - DEBUG - Batch 220 grad norm: 1.029273
2026-06-16 03:08:52,549 - debug - DEBUG - Batch 230 grad norm: 1.037849
2026-06-16 03:08:53,626 - debug - DEBUG - Batch 240 grad norm: 1.246279
2026-06-16 03:08:54,700 - debug - DEBUG - Batch 250 grad norm: 0.901357
2026-06-16 03:08:55,787 - debug - DEBUG - Batch 260 grad norm: 0.832197
2026-06-16 03:08:56,844 - debug - DEBUG - Batch 270 grad norm: 1.096489
2026-06-16 03:08:57,923 - debug - DEBUG - Batch 280 grad norm: 1.045637
2026-06-16 03:08:58,980 - debug - DEBUG - Batch 290 grad norm: 1.007321
2026-06-16 03:09:00,073 - debug - DEBUG - Batch 300 grad norm: 1.171596
2026-06-16 03:09:01,173 - debug - DEBUG - Batch 310 grad norm: 1.033200
2026-06-16 03:09:02,277 - debug - DEBUG - Batch 320 grad norm: 0.981551
2026-06-16 03:09:03,367 - debug - DEBUG - Batch 330 grad norm: 0.920560
2026-06-16 03:09:04,401 - debug - DEBUG - Batch 340 grad norm: 1.003983
2026-06-16 03:09:05,567 - debug - DEBUG - Batch 350 grad norm: 1.011174
2026-06-16 03:09:05,666 - debug - DEBUG - compute_metrics_and_record started for epoch 46
2026-06-16 03:09:05,666 - debug - DEBUG - all_preds length: 45000, all_targets length: 45000
2026-06-16 03:09:05,666 - debug - DEBUG - First 10 preds: [7, 4, 4, 8, 3, 4, 7, 8, 2, 7]
2026-06-16 03:09:05,666 - debug - DEBUG - First 10 targets: [7, 4, 4, 8, 3, 4, 7, 8, 2, 7]
2026-06-16 03:09:05,676 - debug - DEBUG - Unique predicted classes: 10 (first 10: [0 1 2 3 4 5 6 7 8 9])
2026-06-16 03:09:05,676 - debug - DEBUG - Unique target classes: 10 (first 10: [0 1 2 3 4 5 6 7 8 9])
2026-06-16 03:09:07,793 - debug - DEBUG - compute_metrics_and_record started for epoch 46
2026-06-16 03:09:07,793 - debug - DEBUG - all_preds length: 10000, all_targets length: 10000
2026-06-16 03:09:07,794 - debug - DEBUG - First 10 preds: [3, 8, 8, 8, 6, 6, 1, 6, 3, 1]
2026-06-16 03:09:07,794 - debug - DEBUG - First 10 targets: [3, 8, 8, 0, 6, 6, 1, 6, 3, 1]
2026-06-16 03:09:07,796 - debug - DEBUG - Unique predicted classes: 10 (first 10: [0 1 2 3 4 5 6 7 8 9])
2026-06-16 03:09:07,796 - debug - DEBUG - Unique target classes: 10 (first 10: [0 1 2 3 4 5 6 7 8 9])
2026-06-16 03:09:08,065 - debug - DEBUG - Device Check - Batch 0
2026-06-16 03:09:08,066 - debug - DEBUG -   Config GPU ID: 1
2026-06-16 03:09:08,066 - debug - DEBUG -   Input Device:  cuda:1
2026-06-16 03:09:08,066 - debug - DEBUG -   Target Device: cuda:1
2026-06-16 03:09:08,067 - debug - DEBUG -   Model Device:  cuda:1
2026-06-16 03:09:08,067 - debug - DEBUG -   Criterion Weight Device: No weights
2026-06-16 03:09:08,536 - debug - DEBUG - Batch 0 grad norm: 0.890657
2026-06-16 03:09:09,641 - debug - DEBUG - Batch 10 grad norm: 0.971845
2026-06-16 03:09:10,739 - debug - DEBUG - Batch 20 grad norm: 1.208806
2026-06-16 03:09:11,799 - debug - DEBUG - Batch 30 grad norm: 1.090343
2026-06-16 03:09:12,888 - debug - DEBUG - Batch 40 grad norm: 1.021776
2026-06-16 03:09:13,953 - debug - DEBUG - Batch 50 grad norm: 0.972945
2026-06-16 03:09:15,050 - debug - DEBUG - Batch 60 grad norm: 0.781691
2026-06-16 03:09:16,128 - debug - DEBUG - Batch 70 grad norm: 1.238909
2026-06-16 03:09:17,233 - debug - DEBUG - Batch 80 grad norm: 1.293788
2026-06-16 03:09:18,319 - debug - DEBUG - Batch 90 grad norm: 1.046488
2026-06-16 03:09:19,398 - debug - DEBUG - Batch 100 grad norm: 0.955414
2026-06-16 03:09:20,449 - debug - DEBUG - Batch 110 grad norm: 1.096488
2026-06-16 03:09:21,539 - debug - DEBUG - Batch 120 grad norm: 1.030457
2026-06-16 03:09:22,638 - debug - DEBUG - Batch 130 grad norm: 1.233254
2026-06-16 03:09:23,737 - debug - DEBUG - Batch 140 grad norm: 0.833907
2026-06-16 03:09:24,840 - debug - DEBUG - Batch 150 grad norm: 1.207942
2026-06-16 03:09:25,943 - debug - DEBUG - Batch 160 grad norm: 1.199630
2026-06-16 03:09:26,982 - debug - DEBUG - Batch 170 grad norm: 1.095413
2026-06-16 03:09:28,152 - debug - DEBUG - Batch 180 grad norm: 0.881919
2026-06-16 03:09:29,107 - debug - DEBUG - Batch 190 grad norm: 0.935170
2026-06-16 03:09:30,209 - debug - DEBUG - Batch 200 grad norm: 1.239496
2026-06-16 03:09:31,310 - debug - DEBUG - Batch 210 grad norm: 1.370736
2026-06-16 03:09:32,389 - debug - DEBUG - Batch 220 grad norm: 0.976834
2026-06-16 03:09:33,456 - debug - DEBUG - Batch 230 grad norm: 1.092394
2026-06-16 03:09:34,526 - debug - DEBUG - Batch 240 grad norm: 1.291395
2026-06-16 03:09:35,598 - debug - DEBUG - Batch 250 grad norm: 1.235196
2026-06-16 03:09:36,619 - debug - DEBUG - Batch 260 grad norm: 1.210924
2026-06-16 03:09:37,704 - debug - DEBUG - Batch 270 grad norm: 1.092704
2026-06-16 03:09:38,755 - debug - DEBUG - Batch 280 grad norm: 0.839867
2026-06-16 03:09:39,836 - debug - DEBUG - Batch 290 grad norm: 1.166016
2026-06-16 03:09:40,914 - debug - DEBUG - Batch 300 grad norm: 1.540723
2026-06-16 03:09:42,016 - debug - DEBUG - Batch 310 grad norm: 1.085399
2026-06-16 03:09:43,090 - debug - DEBUG - Batch 320 grad norm: 1.047754
2026-06-16 03:09:44,193 - debug - DEBUG - Batch 330 grad norm: 0.997435
2026-06-16 03:09:45,263 - debug - DEBUG - Batch 340 grad norm: 0.869154
2026-06-16 03:09:46,363 - debug - DEBUG - Batch 350 grad norm: 1.020979
2026-06-16 03:09:46,436 - debug - DEBUG - compute_metrics_and_record started for epoch 47
2026-06-16 03:09:46,436 - debug - DEBUG - all_preds length: 45000, all_targets length: 45000
2026-06-16 03:09:46,436 - debug - DEBUG - First 10 preds: [2, 6, 5, 8, 0, 9, 8, 6, 8, 8]
2026-06-16 03:09:46,436 - debug - DEBUG - First 10 targets: [2, 6, 5, 4, 0, 9, 8, 6, 8, 8]
2026-06-16 03:09:46,445 - debug - DEBUG - Unique predicted classes: 10 (first 10: [0 1 2 3 4 5 6 7 8 9])
2026-06-16 03:09:46,446 - debug - DEBUG - Unique target classes: 10 (first 10: [0 1 2 3 4 5 6 7 8 9])
2026-06-16 03:09:48,741 - debug - DEBUG - compute_metrics_and_record started for epoch 47
2026-06-16 03:09:48,741 - debug - DEBUG - all_preds length: 10000, all_targets length: 10000
2026-06-16 03:09:48,741 - debug - DEBUG - First 10 preds: [3, 8, 8, 0, 6, 6, 1, 2, 3, 9]
2026-06-16 03:09:48,741 - debug - DEBUG - First 10 targets: [3, 8, 8, 0, 6, 6, 1, 6, 3, 1]
2026-06-16 03:09:48,744 - debug - DEBUG - Unique predicted classes: 10 (first 10: [0 1 2 3 4 5 6 7 8 9])
2026-06-16 03:09:48,744 - debug - DEBUG - Unique target classes: 10 (first 10: [0 1 2 3 4 5 6 7 8 9])
2026-06-16 03:09:49,053 - debug - DEBUG - Device Check - Batch 0
2026-06-16 03:09:49,054 - debug - DEBUG -   Config GPU ID: 1
2026-06-16 03:09:49,054 - debug - DEBUG -   Input Device:  cuda:1
2026-06-16 03:09:49,054 - debug - DEBUG -   Target Device: cuda:1
2026-06-16 03:09:49,054 - debug - DEBUG -   Model Device:  cuda:1
2026-06-16 03:09:49,055 - debug - DEBUG -   Criterion Weight Device: No weights
2026-06-16 03:09:49,542 - debug - DEBUG - Batch 0 grad norm: 1.026487
2026-06-16 03:09:50,644 - debug - DEBUG - Batch 10 grad norm: 0.834349
2026-06-16 03:09:51,653 - debug - DEBUG - Batch 20 grad norm: 0.924328
2026-06-16 03:09:52,819 - debug - DEBUG - Batch 30 grad norm: 1.217678
2026-06-16 03:09:53,800 - debug - DEBUG - Batch 40 grad norm: 0.932232
2026-06-16 03:09:54,900 - debug - DEBUG - Batch 50 grad norm: 1.432684
2026-06-16 03:09:55,999 - debug - DEBUG - Batch 60 grad norm: 1.139884
2026-06-16 03:09:57,061 - debug - DEBUG - Batch 70 grad norm: 1.403339
2026-06-16 03:09:58,123 - debug - DEBUG - Batch 80 grad norm: 0.978844
2026-06-16 03:09:59,164 - debug - DEBUG - Batch 90 grad norm: 0.874034
2026-06-16 03:10:00,249 - debug - DEBUG - Batch 100 grad norm: 0.820192
2026-06-16 03:10:01,293 - debug - DEBUG - Batch 110 grad norm: 0.862568
2026-06-16 03:10:02,371 - debug - DEBUG - Batch 120 grad norm: 1.190714
2026-06-16 03:10:03,401 - debug - DEBUG - Batch 130 grad norm: 1.207142
2026-06-16 03:10:04,480 - debug - DEBUG - Batch 140 grad norm: 1.112191
2026-06-16 03:10:05,496 - debug - DEBUG - Batch 150 grad norm: 0.724240
2026-06-16 03:10:06,589 - debug - DEBUG - Batch 160 grad norm: 0.992051
2026-06-16 03:10:07,655 - debug - DEBUG - Batch 170 grad norm: 1.283175
2026-06-16 03:10:08,822 - debug - DEBUG - Batch 180 grad norm: 1.210377
2026-06-16 03:10:09,754 - debug - DEBUG - Batch 190 grad norm: 1.394578
2026-06-16 03:10:10,834 - debug - DEBUG - Batch 200 grad norm: 1.081324
2026-06-16 03:10:11,939 - debug - DEBUG - Batch 210 grad norm: 1.169801
2026-06-16 03:10:13,012 - debug - DEBUG - Batch 220 grad norm: 0.985161
2026-06-16 03:10:14,123 - debug - DEBUG - Batch 230 grad norm: 0.855948
2026-06-16 03:10:15,219 - debug - DEBUG - Batch 240 grad norm: 1.354380
2026-06-16 03:10:16,310 - debug - DEBUG - Batch 250 grad norm: 1.197295
2026-06-16 03:10:17,378 - debug - DEBUG - Batch 260 grad norm: 0.919168
2026-06-16 03:10:18,451 - debug - DEBUG - Batch 270 grad norm: 0.901032
2026-06-16 03:10:19,491 - debug - DEBUG - Batch 280 grad norm: 1.100276
2026-06-16 03:10:20,568 - debug - DEBUG - Batch 290 grad norm: 1.129836
2026-06-16 03:10:21,609 - debug - DEBUG - Batch 300 grad norm: 0.874789
2026-06-16 03:10:22,689 - debug - DEBUG - Batch 310 grad norm: 1.244927
2026-06-16 03:10:23,729 - debug - DEBUG - Batch 320 grad norm: 0.959342
2026-06-16 03:10:24,824 - debug - DEBUG - Batch 330 grad norm: 1.152011
2026-06-16 03:10:25,892 - debug - DEBUG - Batch 340 grad norm: 1.232471
2026-06-16 03:10:26,989 - debug - DEBUG - Batch 350 grad norm: 0.811222
2026-06-16 03:10:27,080 - debug - DEBUG - compute_metrics_and_record started for epoch 48
2026-06-16 03:10:27,080 - debug - DEBUG - all_preds length: 45000, all_targets length: 45000
2026-06-16 03:10:27,080 - debug - DEBUG - First 10 preds: [9, 0, 4, 9, 6, 1, 1, 3, 0, 4]
2026-06-16 03:10:27,080 - debug - DEBUG - First 10 targets: [9, 0, 4, 9, 6, 1, 1, 3, 8, 4]
2026-06-16 03:10:27,090 - debug - DEBUG - Unique predicted classes: 10 (first 10: [0 1 2 3 4 5 6 7 8 9])
2026-06-16 03:10:27,090 - debug - DEBUG - Unique target classes: 10 (first 10: [0 1 2 3 4 5 6 7 8 9])
2026-06-16 03:10:29,371 - debug - DEBUG - compute_metrics_and_record started for epoch 48
2026-06-16 03:10:29,371 - debug - DEBUG - all_preds length: 10000, all_targets length: 10000
2026-06-16 03:10:29,372 - debug - DEBUG - First 10 preds: [3, 8, 8, 0, 6, 6, 1, 6, 4, 1]
2026-06-16 03:10:29,372 - debug - DEBUG - First 10 targets: [3, 8, 8, 0, 6, 6, 1, 6, 3, 1]
2026-06-16 03:10:29,374 - debug - DEBUG - Unique predicted classes: 10 (first 10: [0 1 2 3 4 5 6 7 8 9])
2026-06-16 03:10:29,374 - debug - DEBUG - Unique target classes: 10 (first 10: [0 1 2 3 4 5 6 7 8 9])
2026-06-16 03:10:29,651 - debug - DEBUG - Device Check - Batch 0
2026-06-16 03:10:29,652 - debug - DEBUG -   Config GPU ID: 1
2026-06-16 03:10:29,652 - debug - DEBUG -   Input Device:  cuda:1
2026-06-16 03:10:29,652 - debug - DEBUG -   Target Device: cuda:1
2026-06-16 03:10:29,652 - debug - DEBUG -   Model Device:  cuda:1
2026-06-16 03:10:29,653 - debug - DEBUG -   Criterion Weight Device: No weights
2026-06-16 03:10:30,134 - debug - DEBUG - Batch 0 grad norm: 1.039500
2026-06-16 03:10:31,227 - debug - DEBUG - Batch 10 grad norm: 1.086961
2026-06-16 03:10:32,328 - debug - DEBUG - Batch 20 grad norm: 1.011627
2026-06-16 03:10:33,399 - debug - DEBUG - Batch 30 grad norm: 1.029501
2026-06-16 03:10:34,471 - debug - DEBUG - Batch 40 grad norm: 0.988181
2026-06-16 03:10:35,499 - debug - DEBUG - Batch 50 grad norm: 1.202726
2026-06-16 03:10:36,568 - debug - DEBUG - Batch 60 grad norm: 1.117640
2026-06-16 03:10:37,622 - debug - DEBUG - Batch 70 grad norm: 0.912668
2026-06-16 03:10:38,660 - debug - DEBUG - Batch 80 grad norm: 1.233759
2026-06-16 03:10:39,737 - debug - DEBUG - Batch 90 grad norm: 1.258956
2026-06-16 03:10:40,874 - debug - DEBUG - Batch 100 grad norm: 1.078007
2026-06-16 03:10:41,789 - debug - DEBUG - Batch 110 grad norm: 1.030105
2026-06-16 03:10:42,876 - debug - DEBUG - Batch 120 grad norm: 0.941972
2026-06-16 03:10:43,936 - debug - DEBUG - Batch 130 grad norm: 1.095675
2026-06-16 03:10:45,040 - debug - DEBUG - Batch 140 grad norm: 1.190794
2026-06-16 03:10:46,106 - debug - DEBUG - Batch 150 grad norm: 1.112336
2026-06-16 03:10:47,208 - debug - DEBUG - Batch 160 grad norm: 1.306854
2026-06-16 03:10:48,290 - debug - DEBUG - Batch 170 grad norm: 1.279167
2026-06-16 03:10:49,458 - debug - DEBUG - Batch 180 grad norm: 1.159697
2026-06-16 03:10:50,371 - debug - DEBUG - Batch 190 grad norm: 1.105464
2026-06-16 03:10:51,465 - debug - DEBUG - Batch 200 grad norm: 0.805670
2026-06-16 03:10:52,549 - debug - DEBUG - Batch 210 grad norm: 1.017830
2026-06-16 03:10:53,604 - debug - DEBUG - Batch 220 grad norm: 1.218730
2026-06-16 03:10:54,682 - debug - DEBUG - Batch 230 grad norm: 1.043695
2026-06-16 03:10:55,760 - debug - DEBUG - Batch 240 grad norm: 1.090913
2026-06-16 03:10:56,842 - debug - DEBUG - Batch 250 grad norm: 1.177197
2026-06-16 03:10:57,902 - debug - DEBUG - Batch 260 grad norm: 1.072366
2026-06-16 03:10:58,992 - debug - DEBUG - Batch 270 grad norm: 0.843747
2026-06-16 03:11:00,039 - debug - DEBUG - Batch 280 grad norm: 0.989252
2026-06-16 03:11:01,120 - debug - DEBUG - Batch 290 grad norm: 1.119893
2026-06-16 03:11:02,185 - debug - DEBUG - Batch 300 grad norm: 1.099141
2026-06-16 03:11:03,285 - debug - DEBUG - Batch 310 grad norm: 1.069339
2026-06-16 03:11:04,359 - debug - DEBUG - Batch 320 grad norm: 1.009444
2026-06-16 03:11:05,445 - debug - DEBUG - Batch 330 grad norm: 1.183197
2026-06-16 03:11:06,545 - debug - DEBUG - Batch 340 grad norm: 1.253594
2026-06-16 03:11:07,646 - debug - DEBUG - Batch 350 grad norm: 0.912183
2026-06-16 03:11:07,752 - debug - DEBUG - compute_metrics_and_record started for epoch 49
2026-06-16 03:11:07,752 - debug - DEBUG - all_preds length: 45000, all_targets length: 45000
2026-06-16 03:11:07,752 - debug - DEBUG - First 10 preds: [3, 1, 7, 1, 1, 6, 3, 8, 2, 1]
2026-06-16 03:11:07,753 - debug - DEBUG - First 10 targets: [3, 1, 7, 1, 1, 3, 3, 8, 2, 1]
2026-06-16 03:11:07,767 - debug - DEBUG - Unique predicted classes: 10 (first 10: [0 1 2 3 4 5 6 7 8 9])
2026-06-16 03:11:07,767 - debug - DEBUG - Unique target classes: 10 (first 10: [0 1 2 3 4 5 6 7 8 9])
2026-06-16 03:11:10,027 - debug - DEBUG - compute_metrics_and_record started for epoch 49
2026-06-16 03:11:10,028 - debug - DEBUG - all_preds length: 10000, all_targets length: 10000
2026-06-16 03:11:10,028 - debug - DEBUG - First 10 preds: [3, 8, 8, 8, 6, 6, 1, 6, 3, 1]
2026-06-16 03:11:10,028 - debug - DEBUG - First 10 targets: [3, 8, 8, 0, 6, 6, 1, 6, 3, 1]
2026-06-16 03:11:10,030 - debug - DEBUG - Unique predicted classes: 10 (first 10: [0 1 2 3 4 5 6 7 8 9])
2026-06-16 03:11:10,031 - debug - DEBUG - Unique target classes: 10 (first 10: [0 1 2 3 4 5 6 7 8 9])
2026-06-16 03:11:10,297 - debug - DEBUG - Device Check - Batch 0
2026-06-16 03:11:10,298 - debug - DEBUG -   Config GPU ID: 1
2026-06-16 03:11:10,298 - debug - DEBUG -   Input Device:  cuda:1
2026-06-16 03:11:10,298 - debug - DEBUG -   Target Device: cuda:1
2026-06-16 03:11:10,298 - debug - DEBUG -   Model Device:  cuda:1
2026-06-16 03:11:10,298 - debug - DEBUG -   Criterion Weight Device: No weights
2026-06-16 03:11:10,782 - debug - DEBUG - Batch 0 grad norm: 0.822924
2026-06-16 03:11:11,850 - debug - DEBUG - Batch 10 grad norm: 1.222656
2026-06-16 03:11:12,927 - debug - DEBUG - Batch 20 grad norm: 0.737919
2026-06-16 03:11:13,945 - debug - DEBUG - Batch 30 grad norm: 0.857638
2026-06-16 03:11:15,020 - debug - DEBUG - Batch 40 grad norm: 0.791651
2026-06-16 03:11:16,076 - debug - DEBUG - Batch 50 grad norm: 0.972998
2026-06-16 03:11:17,155 - debug - DEBUG - Batch 60 grad norm: 1.037971
2026-06-16 03:11:18,202 - debug - DEBUG - Batch 70 grad norm: 1.154878
2026-06-16 03:11:19,288 - debug - DEBUG - Batch 80 grad norm: 1.026711
2026-06-16 03:11:20,358 - debug - DEBUG - Batch 90 grad norm: 0.891872
2026-06-16 03:11:21,455 - debug - DEBUG - Batch 100 grad norm: 1.108488
2026-06-16 03:11:22,526 - debug - DEBUG - Batch 110 grad norm: 0.945293
2026-06-16 03:11:23,620 - debug - DEBUG - Batch 120 grad norm: 1.224193
2026-06-16 03:11:24,702 - debug - DEBUG - Batch 130 grad norm: 1.488813
2026-06-16 03:11:25,791 - debug - DEBUG - Batch 140 grad norm: 1.077922
2026-06-16 03:11:26,621 - debug - DEBUG - Batch 150 grad norm: 1.067290
2026-06-16 03:11:27,771 - debug - DEBUG - Batch 160 grad norm: 1.265620
2026-06-16 03:11:28,836 - debug - DEBUG - Batch 170 grad norm: 1.014523
2026-06-16 03:11:29,880 - debug - DEBUG - Batch 180 grad norm: 1.106988
2026-06-16 03:11:30,832 - debug - DEBUG - Batch 190 grad norm: 1.068873
2026-06-16 03:11:31,922 - debug - DEBUG - Batch 200 grad norm: 1.029759
2026-06-16 03:11:33,036 - debug - DEBUG - Batch 210 grad norm: 1.256488
2026-06-16 03:11:34,083 - debug - DEBUG - Batch 220 grad norm: 1.029689
2026-06-16 03:11:35,191 - debug - DEBUG - Batch 230 grad norm: 0.837365
2026-06-16 03:11:36,250 - debug - DEBUG - Batch 240 grad norm: 0.944002
2026-06-16 03:11:37,347 - debug - DEBUG - Batch 250 grad norm: 1.307074
2026-06-16 03:11:38,428 - debug - DEBUG - Batch 260 grad norm: 1.094262
2026-06-16 03:11:39,519 - debug - DEBUG - Batch 270 grad norm: 0.887014
2026-06-16 03:11:40,579 - debug - DEBUG - Batch 280 grad norm: 0.771969
2026-06-16 03:11:41,675 - debug - DEBUG - Batch 290 grad norm: 1.135995
2026-06-16 03:11:42,753 - debug - DEBUG - Batch 300 grad norm: 0.842269
2026-06-16 03:11:43,854 - debug - DEBUG - Batch 310 grad norm: 1.231709
2026-06-16 03:11:44,893 - debug - DEBUG - Batch 320 grad norm: 0.856291
2026-06-16 03:11:45,973 - debug - DEBUG - Batch 330 grad norm: 1.267188
2026-06-16 03:11:47,038 - debug - DEBUG - Batch 340 grad norm: 0.881604
2026-06-16 03:11:48,107 - debug - DEBUG - Batch 350 grad norm: 0.876956
2026-06-16 03:11:48,212 - debug - DEBUG - compute_metrics_and_record started for epoch 50
2026-06-16 03:11:48,212 - debug - DEBUG - all_preds length: 45000, all_targets length: 45000
2026-06-16 03:11:48,212 - debug - DEBUG - First 10 preds: [7, 5, 1, 5, 5, 6, 0, 4, 6, 2]
2026-06-16 03:11:48,212 - debug - DEBUG - First 10 targets: [7, 5, 1, 5, 5, 6, 0, 4, 6, 3]
2026-06-16 03:11:48,222 - debug - DEBUG - Unique predicted classes: 10 (first 10: [0 1 2 3 4 5 6 7 8 9])
2026-06-16 03:11:48,222 - debug - DEBUG - Unique target classes: 10 (first 10: [0 1 2 3 4 5 6 7 8 9])
2026-06-16 03:11:50,441 - debug - DEBUG - compute_metrics_and_record started for epoch 50
2026-06-16 03:11:50,442 - debug - DEBUG - all_preds length: 10000, all_targets length: 10000
2026-06-16 03:11:50,442 - debug - DEBUG - First 10 preds: [3, 8, 8, 8, 6, 6, 1, 4, 3, 8]
2026-06-16 03:11:50,442 - debug - DEBUG - First 10 targets: [3, 8, 8, 0, 6, 6, 1, 6, 3, 1]
2026-06-16 03:11:50,447 - debug - DEBUG - Unique predicted classes: 10 (first 10: [0 1 2 3 4 5 6 7 8 9])
2026-06-16 03:11:50,447 - debug - DEBUG - Unique target classes: 10 (first 10: [0 1 2 3 4 5 6 7 8 9])
2026-06-16 03:11:50,777 - debug - DEBUG - Device Check - Batch 0
2026-06-16 03:11:50,778 - debug - DEBUG -   Config GPU ID: 1
2026-06-16 03:11:50,778 - debug - DEBUG -   Input Device:  cuda:1
2026-06-16 03:11:50,778 - debug - DEBUG -   Target Device: cuda:1
2026-06-16 03:11:50,779 - debug - DEBUG -   Model Device:  cuda:1
2026-06-16 03:11:50,779 - debug - DEBUG -   Criterion Weight Device: No weights
2026-06-16 03:11:51,111 - debug - DEBUG - Batch 0 grad norm: 0.939892
2026-06-16 03:11:52,174 - debug - DEBUG - Batch 10 grad norm: 1.101836
2026-06-16 03:11:53,279 - debug - DEBUG - Batch 20 grad norm: 1.100736
2026-06-16 03:11:54,354 - debug - DEBUG - Batch 30 grad norm: 0.881749
2026-06-16 03:11:55,469 - debug - DEBUG - Batch 40 grad norm: 1.069890
2026-06-16 03:11:56,573 - debug - DEBUG - Batch 50 grad norm: 1.190579
2026-06-16 03:11:57,678 - debug - DEBUG - Batch 60 grad norm: 1.057167
2026-06-16 03:11:58,744 - debug - DEBUG - Batch 70 grad norm: 1.076756
2026-06-16 03:11:59,841 - debug - DEBUG - Batch 80 grad norm: 1.192241
2026-06-16 03:12:00,945 - debug - DEBUG - Batch 90 grad norm: 1.155288
2026-06-16 03:12:02,035 - debug - DEBUG - Batch 100 grad norm: 1.005147
2026-06-16 03:12:03,106 - debug - DEBUG - Batch 110 grad norm: 1.226133
2026-06-16 03:12:04,173 - debug - DEBUG - Batch 120 grad norm: 0.988272
2026-06-16 03:12:05,209 - debug - DEBUG - Batch 130 grad norm: 1.026250
2026-06-16 03:12:06,285 - debug - DEBUG - Batch 140 grad norm: 1.080385
2026-06-16 03:12:07,371 - debug - DEBUG - Batch 150 grad norm: 1.310697
2026-06-16 03:12:08,447 - debug - DEBUG - Batch 160 grad norm: 0.701757
2026-06-16 03:12:09,536 - debug - DEBUG - Batch 170 grad norm: 0.831382
2026-06-16 03:12:10,661 - debug - DEBUG - Batch 180 grad norm: 1.329113
2026-06-16 03:12:11,614 - debug - DEBUG - Batch 190 grad norm: 1.063045
2026-06-16 03:12:12,674 - debug - DEBUG - Batch 200 grad norm: 1.167364
2026-06-16 03:12:13,771 - debug - DEBUG - Batch 210 grad norm: 0.974476
2026-06-16 03:12:14,823 - debug - DEBUG - Batch 220 grad norm: 1.040000
2026-06-16 03:12:15,988 - debug - DEBUG - Batch 230 grad norm: 1.145695
2026-06-16 03:12:16,900 - debug - DEBUG - Batch 240 grad norm: 0.978149
2026-06-16 03:12:17,980 - debug - DEBUG - Batch 250 grad norm: 1.142665
2026-06-16 03:12:19,039 - debug - DEBUG - Batch 260 grad norm: 1.169095
2026-06-16 03:12:20,125 - debug - DEBUG - Batch 270 grad norm: 1.121384
2026-06-16 03:12:21,234 - debug - DEBUG - Batch 280 grad norm: 0.718808
2026-06-16 03:12:22,326 - debug - DEBUG - Batch 290 grad norm: 0.965980
2026-06-16 03:12:23,399 - debug - DEBUG - Batch 300 grad norm: 1.435073
2026-06-16 03:12:24,487 - debug - DEBUG - Batch 310 grad norm: 0.966026
2026-06-16 03:12:25,553 - debug - DEBUG - Batch 320 grad norm: 1.251516
2026-06-16 03:12:26,622 - debug - DEBUG - Batch 330 grad norm: 1.181016
2026-06-16 03:12:27,701 - debug - DEBUG - Batch 340 grad norm: 0.881012
2026-06-16 03:12:28,765 - debug - DEBUG - Batch 350 grad norm: 1.063627
2026-06-16 03:12:28,872 - debug - DEBUG - compute_metrics_and_record started for epoch 51
2026-06-16 03:12:28,873 - debug - DEBUG - all_preds length: 45000, all_targets length: 45000
2026-06-16 03:12:28,873 - debug - DEBUG - First 10 preds: [4, 0, 1, 7, 2, 1, 8, 6, 6, 3]
2026-06-16 03:12:28,873 - debug - DEBUG - First 10 targets: [4, 0, 1, 7, 2, 1, 8, 6, 2, 3]
2026-06-16 03:12:28,883 - debug - DEBUG - Unique predicted classes: 10 (first 10: [0 1 2 3 4 5 6 7 8 9])
2026-06-16 03:12:28,883 - debug - DEBUG - Unique target classes: 10 (first 10: [0 1 2 3 4 5 6 7 8 9])
2026-06-16 03:12:31,069 - debug - DEBUG - compute_metrics_and_record started for epoch 51
2026-06-16 03:12:31,069 - debug - DEBUG - all_preds length: 10000, all_targets length: 10000
2026-06-16 03:12:31,069 - debug - DEBUG - First 10 preds: [3, 8, 8, 0, 6, 6, 1, 6, 3, 1]
2026-06-16 03:12:31,069 - debug - DEBUG - First 10 targets: [3, 8, 8, 0, 6, 6, 1, 6, 3, 1]
2026-06-16 03:12:31,072 - debug - DEBUG - Unique predicted classes: 10 (first 10: [0 1 2 3 4 5 6 7 8 9])
2026-06-16 03:12:31,072 - debug - DEBUG - Unique target classes: 10 (first 10: [0 1 2 3 4 5 6 7 8 9])
2026-06-16 03:12:31,374 - debug - DEBUG - Device Check - Batch 0
2026-06-16 03:12:31,375 - debug - DEBUG -   Config GPU ID: 1
2026-06-16 03:12:31,375 - debug - DEBUG -   Input Device:  cuda:1
2026-06-16 03:12:31,375 - debug - DEBUG -   Target Device: cuda:1
2026-06-16 03:12:31,375 - debug - DEBUG -   Model Device:  cuda:1
2026-06-16 03:12:31,376 - debug - DEBUG -   Criterion Weight Device: No weights
2026-06-16 03:12:31,771 - debug - DEBUG - Batch 0 grad norm: 1.303530
2026-06-16 03:12:32,845 - debug - DEBUG - Batch 10 grad norm: 0.907493
2026-06-16 03:12:33,943 - debug - DEBUG - Batch 20 grad norm: 1.016172
2026-06-16 03:12:35,034 - debug - DEBUG - Batch 30 grad norm: 0.825050
2026-06-16 03:12:36,137 - debug - DEBUG - Batch 40 grad norm: 0.927853
2026-06-16 03:12:37,209 - debug - DEBUG - Batch 50 grad norm: 0.927770
2026-06-16 03:12:38,315 - debug - DEBUG - Batch 60 grad norm: 0.990118
2026-06-16 03:12:39,410 - debug - DEBUG - Batch 70 grad norm: 1.361557
2026-06-16 03:12:40,486 - debug - DEBUG - Batch 80 grad norm: 0.965659
2026-06-16 03:12:41,520 - debug - DEBUG - Batch 90 grad norm: 1.187962
2026-06-16 03:12:42,599 - debug - DEBUG - Batch 100 grad norm: 0.962225
2026-06-16 03:12:43,672 - debug - DEBUG - Batch 110 grad norm: 1.094501
2026-06-16 03:12:44,747 - debug - DEBUG - Batch 120 grad norm: 1.095250
2026-06-16 03:12:45,823 - debug - DEBUG - Batch 130 grad norm: 1.188216
2026-06-16 03:12:46,867 - debug - DEBUG - Batch 140 grad norm: 1.150976
2026-06-16 03:12:47,952 - debug - DEBUG - Batch 150 grad norm: 0.967121
2026-06-16 03:12:49,009 - debug - DEBUG - Batch 160 grad norm: 1.105537
2026-06-16 03:12:50,089 - debug - DEBUG - Batch 170 grad norm: 1.249845
2026-06-16 03:12:51,257 - debug - DEBUG - Batch 180 grad norm: 0.731196
2026-06-16 03:12:52,198 - debug - DEBUG - Batch 190 grad norm: 0.757522
2026-06-16 03:12:53,290 - debug - DEBUG - Batch 200 grad norm: 1.156418
2026-06-16 03:12:54,396 - debug - DEBUG - Batch 210 grad norm: 0.866098
2026-06-16 03:12:55,494 - debug - DEBUG - Batch 220 grad norm: 1.124579
2026-06-16 03:12:56,591 - debug - DEBUG - Batch 230 grad norm: 1.476278
2026-06-16 03:12:57,677 - debug - DEBUG - Batch 240 grad norm: 1.197715
2026-06-16 03:12:58,743 - debug - DEBUG - Batch 250 grad norm: 1.347983
2026-06-16 03:12:59,799 - debug - DEBUG - Batch 260 grad norm: 0.688116
2026-06-16 03:13:00,872 - debug - DEBUG - Batch 270 grad norm: 0.973203
2026-06-16 03:13:01,856 - debug - DEBUG - Batch 280 grad norm: 1.432422
2026-06-16 03:13:02,959 - debug - DEBUG - Batch 290 grad norm: 0.935827
2026-06-16 03:13:04,097 - debug - DEBUG - Batch 300 grad norm: 0.941709
2026-06-16 03:13:05,023 - debug - DEBUG - Batch 310 grad norm: 1.033218
2026-06-16 03:13:06,116 - debug - DEBUG - Batch 320 grad norm: 1.439612
2026-06-16 03:13:07,168 - debug - DEBUG - Batch 330 grad norm: 1.329716
2026-06-16 03:13:08,251 - debug - DEBUG - Batch 340 grad norm: 1.066806
2026-06-16 03:13:09,319 - debug - DEBUG - Batch 350 grad norm: 1.031137
2026-06-16 03:13:09,429 - debug - DEBUG - compute_metrics_and_record started for epoch 52
2026-06-16 03:13:09,429 - debug - DEBUG - all_preds length: 45000, all_targets length: 45000
2026-06-16 03:13:09,430 - debug - DEBUG - First 10 preds: [7, 4, 5, 7, 8, 6, 0, 1, 1, 8]
2026-06-16 03:13:09,430 - debug - DEBUG - First 10 targets: [7, 4, 2, 7, 8, 6, 0, 1, 1, 8]
2026-06-16 03:13:09,439 - debug - DEBUG - Unique predicted classes: 10 (first 10: [0 1 2 3 4 5 6 7 8 9])
2026-06-16 03:13:09,439 - debug - DEBUG - Unique target classes: 10 (first 10: [0 1 2 3 4 5 6 7 8 9])
2026-06-16 03:13:11,707 - debug - DEBUG - compute_metrics_and_record started for epoch 52
2026-06-16 03:13:11,708 - debug - DEBUG - all_preds length: 10000, all_targets length: 10000
2026-06-16 03:13:11,708 - debug - DEBUG - First 10 preds: [3, 8, 8, 0, 6, 6, 1, 2, 3, 1]
2026-06-16 03:13:11,708 - debug - DEBUG - First 10 targets: [3, 8, 8, 0, 6, 6, 1, 6, 3, 1]
2026-06-16 03:13:11,711 - debug - DEBUG - Unique predicted classes: 10 (first 10: [0 1 2 3 4 5 6 7 8 9])
2026-06-16 03:13:11,711 - debug - DEBUG - Unique target classes: 10 (first 10: [0 1 2 3 4 5 6 7 8 9])
2026-06-16 03:13:12,056 - debug - DEBUG - Device Check - Batch 0
2026-06-16 03:13:12,057 - debug - DEBUG -   Config GPU ID: 1
2026-06-16 03:13:12,057 - debug - DEBUG -   Input Device:  cuda:1
2026-06-16 03:13:12,057 - debug - DEBUG -   Target Device: cuda:1
2026-06-16 03:13:12,058 - debug - DEBUG -   Model Device:  cuda:1
2026-06-16 03:13:12,058 - debug - DEBUG -   Criterion Weight Device: No weights
2026-06-16 03:13:12,476 - debug - DEBUG - Batch 0 grad norm: 0.812681
2026-06-16 03:13:13,551 - debug - DEBUG - Batch 10 grad norm: 0.828639
2026-06-16 03:13:14,653 - debug - DEBUG - Batch 20 grad norm: 1.243443
2026-06-16 03:13:15,742 - debug - DEBUG - Batch 30 grad norm: 1.005907
2026-06-16 03:13:16,844 - debug - DEBUG - Batch 40 grad norm: 1.175921
2026-06-16 03:13:17,918 - debug - DEBUG - Batch 50 grad norm: 1.196558
2026-06-16 03:13:18,986 - debug - DEBUG - Batch 60 grad norm: 1.270993
2026-06-16 03:13:20,063 - debug - DEBUG - Batch 70 grad norm: 1.014508
2026-06-16 03:13:21,132 - debug - DEBUG - Batch 80 grad norm: 1.007772
2026-06-16 03:13:22,207 - debug - DEBUG - Batch 90 grad norm: 0.820291
2026-06-16 03:13:23,239 - debug - DEBUG - Batch 100 grad norm: 1.231077
2026-06-16 03:13:24,328 - debug - DEBUG - Batch 110 grad norm: 1.199426
2026-06-16 03:13:25,385 - debug - DEBUG - Batch 120 grad norm: 0.954830
2026-06-16 03:13:26,473 - debug - DEBUG - Batch 130 grad norm: 1.211559
2026-06-16 03:13:27,555 - debug - DEBUG - Batch 140 grad norm: 1.102918
2026-06-16 03:13:28,667 - debug - DEBUG - Batch 150 grad norm: 1.346780
2026-06-16 03:13:29,765 - debug - DEBUG - Batch 160 grad norm: 1.282058
2026-06-16 03:13:30,830 - debug - DEBUG - Batch 170 grad norm: 0.976278
2026-06-16 03:13:31,992 - debug - DEBUG - Batch 180 grad norm: 1.157045
2026-06-16 03:13:32,945 - debug - DEBUG - Batch 190 grad norm: 1.411826
2026-06-16 03:13:34,038 - debug - DEBUG - Batch 200 grad norm: 0.877630
2026-06-16 03:13:35,150 - debug - DEBUG - Batch 210 grad norm: 1.055024
2026-06-16 03:13:36,213 - debug - DEBUG - Batch 220 grad norm: 0.962722
2026-06-16 03:13:37,280 - debug - DEBUG - Batch 230 grad norm: 0.694584
2026-06-16 03:13:38,353 - debug - DEBUG - Batch 240 grad norm: 0.814665
2026-06-16 03:13:39,400 - debug - DEBUG - Batch 250 grad norm: 0.889275
2026-06-16 03:13:40,482 - debug - DEBUG - Batch 260 grad norm: 1.153628
2026-06-16 03:13:41,534 - debug - DEBUG - Batch 270 grad norm: 1.084033
2026-06-16 03:13:42,614 - debug - DEBUG - Batch 280 grad norm: 1.065206
2026-06-16 03:13:43,667 - debug - DEBUG - Batch 290 grad norm: 1.118453
2026-06-16 03:13:44,755 - debug - DEBUG - Batch 300 grad norm: 1.107282
2026-06-16 03:13:45,827 - debug - DEBUG - Batch 310 grad norm: 1.092704
2026-06-16 03:13:46,928 - debug - DEBUG - Batch 320 grad norm: 0.998186
2026-06-16 03:13:48,020 - debug - DEBUG - Batch 330 grad norm: 1.019147
2026-06-16 03:13:49,120 - debug - DEBUG - Batch 340 grad norm: 0.933553
2026-06-16 03:13:50,152 - debug - DEBUG - Batch 350 grad norm: 1.123974
2026-06-16 03:13:50,253 - debug - DEBUG - compute_metrics_and_record started for epoch 53
2026-06-16 03:13:50,253 - debug - DEBUG - all_preds length: 45000, all_targets length: 45000
2026-06-16 03:13:50,254 - debug - DEBUG - First 10 preds: [2, 5, 8, 0, 2, 4, 3, 7, 1, 7]
2026-06-16 03:13:50,254 - debug - DEBUG - First 10 targets: [2, 5, 8, 0, 2, 4, 5, 7, 1, 7]
2026-06-16 03:13:50,265 - debug - DEBUG - Unique predicted classes: 10 (first 10: [0 1 2 3 4 5 6 7 8 9])
2026-06-16 03:13:50,265 - debug - DEBUG - Unique target classes: 10 (first 10: [0 1 2 3 4 5 6 7 8 9])
2026-06-16 03:13:52,451 - debug - DEBUG - compute_metrics_and_record started for epoch 53
2026-06-16 03:13:52,452 - debug - DEBUG - all_preds length: 10000, all_targets length: 10000
2026-06-16 03:13:52,452 - debug - DEBUG - First 10 preds: [3, 8, 1, 8, 6, 6, 1, 4, 3, 1]
2026-06-16 03:13:52,452 - debug - DEBUG - First 10 targets: [3, 8, 8, 0, 6, 6, 1, 6, 3, 1]
2026-06-16 03:13:52,455 - debug - DEBUG - Unique predicted classes: 10 (first 10: [0 1 2 3 4 5 6 7 8 9])
2026-06-16 03:13:52,455 - debug - DEBUG - Unique target classes: 10 (first 10: [0 1 2 3 4 5 6 7 8 9])
2026-06-16 03:13:52,715 - debug - DEBUG - Device Check - Batch 0
2026-06-16 03:13:52,716 - debug - DEBUG -   Config GPU ID: 1
2026-06-16 03:13:52,716 - debug - DEBUG -   Input Device:  cuda:1
2026-06-16 03:13:52,716 - debug - DEBUG -   Target Device: cuda:1
2026-06-16 03:13:52,716 - debug - DEBUG -   Model Device:  cuda:1
2026-06-16 03:13:52,716 - debug - DEBUG -   Criterion Weight Device: No weights
2026-06-16 03:13:53,149 - debug - DEBUG - Batch 0 grad norm: 1.073790
2026-06-16 03:13:54,245 - debug - DEBUG - Batch 10 grad norm: 1.220282
2026-06-16 03:13:55,352 - debug - DEBUG - Batch 20 grad norm: 0.656665
2026-06-16 03:13:56,454 - debug - DEBUG - Batch 30 grad norm: 1.183811
2026-06-16 03:13:57,551 - debug - DEBUG - Batch 40 grad norm: 0.881127
2026-06-16 03:13:58,626 - debug - DEBUG - Batch 50 grad norm: 1.234481
2026-06-16 03:13:59,682 - debug - DEBUG - Batch 60 grad norm: 1.089724
2026-06-16 03:14:00,758 - debug - DEBUG - Batch 70 grad norm: 1.039229
2026-06-16 03:14:01,795 - debug - DEBUG - Batch 80 grad norm: 1.292256
2026-06-16 03:14:02,876 - debug - DEBUG - Batch 90 grad norm: 0.966590
2026-06-16 03:14:03,937 - debug - DEBUG - Batch 100 grad norm: 1.023004
2026-06-16 03:14:05,021 - debug - DEBUG - Batch 110 grad norm: 1.014929
2026-06-16 03:14:06,085 - debug - DEBUG - Batch 120 grad norm: 1.093402
2026-06-16 03:14:07,172 - debug - DEBUG - Batch 130 grad norm: 1.065580
2026-06-16 03:14:08,233 - debug - DEBUG - Batch 140 grad norm: 1.019117
2026-06-16 03:14:09,334 - debug - DEBUG - Batch 150 grad norm: 0.993682
2026-06-16 03:14:10,403 - debug - DEBUG - Batch 160 grad norm: 0.744026
2026-06-16 03:14:11,471 - debug - DEBUG - Batch 170 grad norm: 1.507572
2026-06-16 03:14:12,631 - debug - DEBUG - Batch 180 grad norm: 1.295895
2026-06-16 03:14:13,553 - debug - DEBUG - Batch 190 grad norm: 0.988938
2026-06-16 03:14:14,632 - debug - DEBUG - Batch 200 grad norm: 1.209229
2026-06-16 03:14:15,698 - debug - DEBUG - Batch 210 grad norm: 1.184689
2026-06-16 03:14:16,732 - debug - DEBUG - Batch 220 grad norm: 1.013852
2026-06-16 03:14:17,805 - debug - DEBUG - Batch 230 grad norm: 1.286046
2026-06-16 03:14:18,876 - debug - DEBUG - Batch 240 grad norm: 1.204229
2026-06-16 03:14:19,926 - debug - DEBUG - Batch 250 grad norm: 1.202643
2026-06-16 03:14:21,011 - debug - DEBUG - Batch 260 grad norm: 1.044280
2026-06-16 03:14:22,067 - debug - DEBUG - Batch 270 grad norm: 1.042563
2026-06-16 03:14:23,153 - debug - DEBUG - Batch 280 grad norm: 1.313599
2026-06-16 03:14:24,219 - debug - DEBUG - Batch 290 grad norm: 0.965829
2026-06-16 03:14:25,328 - debug - DEBUG - Batch 300 grad norm: 1.202741
2026-06-16 03:14:26,430 - debug - DEBUG - Batch 310 grad norm: 1.019920
2026-06-16 03:14:27,531 - debug - DEBUG - Batch 320 grad norm: 1.245289
2026-06-16 03:14:28,594 - debug - DEBUG - Batch 330 grad norm: 1.314513
2026-06-16 03:14:29,693 - debug - DEBUG - Batch 340 grad norm: 1.091923
2026-06-16 03:14:30,783 - debug - DEBUG - Batch 350 grad norm: 1.053390
2026-06-16 03:14:30,865 - debug - DEBUG - compute_metrics_and_record started for epoch 54
2026-06-16 03:14:30,865 - debug - DEBUG - all_preds length: 45000, all_targets length: 45000
2026-06-16 03:14:30,865 - debug - DEBUG - First 10 preds: [7, 5, 6, 8, 2, 6, 5, 9, 3, 3]
2026-06-16 03:14:30,865 - debug - DEBUG - First 10 targets: [7, 5, 6, 8, 2, 6, 5, 9, 3, 3]
2026-06-16 03:14:30,874 - debug - DEBUG - Unique predicted classes: 10 (first 10: [0 1 2 3 4 5 6 7 8 9])
2026-06-16 03:14:30,874 - debug - DEBUG - Unique target classes: 10 (first 10: [0 1 2 3 4 5 6 7 8 9])
2026-06-16 03:14:33,153 - debug - DEBUG - compute_metrics_and_record started for epoch 54
2026-06-16 03:14:33,153 - debug - DEBUG - all_preds length: 10000, all_targets length: 10000
2026-06-16 03:14:33,153 - debug - DEBUG - First 10 preds: [3, 8, 1, 8, 6, 6, 1, 6, 3, 1]
2026-06-16 03:14:33,153 - debug - DEBUG - First 10 targets: [3, 8, 8, 0, 6, 6, 1, 6, 3, 1]
2026-06-16 03:14:33,156 - debug - DEBUG - Unique predicted classes: 10 (first 10: [0 1 2 3 4 5 6 7 8 9])
2026-06-16 03:14:33,156 - debug - DEBUG - Unique target classes: 10 (first 10: [0 1 2 3 4 5 6 7 8 9])
2026-06-16 03:14:33,418 - debug - DEBUG - Device Check - Batch 0
2026-06-16 03:14:33,419 - debug - DEBUG -   Config GPU ID: 1
2026-06-16 03:14:33,419 - debug - DEBUG -   Input Device:  cuda:1
2026-06-16 03:14:33,419 - debug - DEBUG -   Target Device: cuda:1
2026-06-16 03:14:33,420 - debug - DEBUG -   Model Device:  cuda:1
2026-06-16 03:14:33,420 - debug - DEBUG -   Criterion Weight Device: No weights
2026-06-16 03:14:33,914 - debug - DEBUG - Batch 0 grad norm: 0.757155
2026-06-16 03:14:35,000 - debug - DEBUG - Batch 10 grad norm: 1.255427
2026-06-16 03:14:36,084 - debug - DEBUG - Batch 20 grad norm: 1.172538
2026-06-16 03:14:37,049 - debug - DEBUG - Batch 30 grad norm: 1.039392
2026-06-16 03:14:38,158 - debug - DEBUG - Batch 40 grad norm: 1.056417
2026-06-16 03:14:39,278 - debug - DEBUG - Batch 50 grad norm: 1.132842
2026-06-16 03:14:40,222 - debug - DEBUG - Batch 60 grad norm: 1.008557
2026-06-16 03:14:41,296 - debug - DEBUG - Batch 70 grad norm: 1.073365
2026-06-16 03:14:42,376 - debug - DEBUG - Batch 80 grad norm: 1.077737
2026-06-16 03:14:43,459 - debug - DEBUG - Batch 90 grad norm: 1.191221
2026-06-16 03:14:44,523 - debug - DEBUG - Batch 100 grad norm: 1.299271
2026-06-16 03:14:45,623 - debug - DEBUG - Batch 110 grad norm: 1.035931
2026-06-16 03:14:46,701 - debug - DEBUG - Batch 120 grad norm: 1.191152
2026-06-16 03:14:47,798 - debug - DEBUG - Batch 130 grad norm: 1.207089
2026-06-16 03:14:48,870 - debug - DEBUG - Batch 140 grad norm: 1.102131
2026-06-16 03:14:49,972 - debug - DEBUG - Batch 150 grad norm: 1.362487
2026-06-16 03:14:51,046 - debug - DEBUG - Batch 160 grad norm: 1.298901
2026-06-16 03:14:52,128 - debug - DEBUG - Batch 170 grad norm: 1.536379
2026-06-16 03:14:53,319 - debug - DEBUG - Batch 180 grad norm: 0.941444
2026-06-16 03:14:54,253 - debug - DEBUG - Batch 190 grad norm: 1.263951
2026-06-16 03:14:55,380 - debug - DEBUG - Batch 200 grad norm: 1.194991
2026-06-16 03:14:56,453 - debug - DEBUG - Batch 210 grad norm: 0.892853
2026-06-16 03:14:57,545 - debug - DEBUG - Batch 220 grad norm: 1.163395
2026-06-16 03:14:58,632 - debug - DEBUG - Batch 230 grad norm: 1.204973
2026-06-16 03:14:59,727 - debug - DEBUG - Batch 240 grad norm: 1.021269
2026-06-16 03:15:00,836 - debug - DEBUG - Batch 250 grad norm: 0.963654
2026-06-16 03:15:01,930 - debug - DEBUG - Batch 260 grad norm: 0.803203
2026-06-16 03:15:02,970 - debug - DEBUG - Batch 270 grad norm: 1.084102
2026-06-16 03:15:04,058 - debug - DEBUG - Batch 280 grad norm: 0.950350
2026-06-16 03:15:05,108 - debug - DEBUG - Batch 290 grad norm: 1.077847
2026-06-16 03:15:06,188 - debug - DEBUG - Batch 300 grad norm: 0.896738
2026-06-16 03:15:07,254 - debug - DEBUG - Batch 310 grad norm: 1.210076
2026-06-16 03:15:08,350 - debug - DEBUG - Batch 320 grad norm: 1.077996
2026-06-16 03:15:09,431 - debug - DEBUG - Batch 330 grad norm: 0.933991
2026-06-16 03:15:10,525 - debug - DEBUG - Batch 340 grad norm: 1.122306
2026-06-16 03:15:11,627 - debug - DEBUG - Batch 350 grad norm: 0.741498
2026-06-16 03:15:11,711 - debug - DEBUG - compute_metrics_and_record started for epoch 55
2026-06-16 03:15:11,711 - debug - DEBUG - all_preds length: 45000, all_targets length: 45000
2026-06-16 03:15:11,711 - debug - DEBUG - First 10 preds: [9, 8, 1, 6, 0, 4, 9, 6, 3, 6]
2026-06-16 03:15:11,711 - debug - DEBUG - First 10 targets: [9, 8, 1, 6, 0, 4, 9, 6, 3, 6]
2026-06-16 03:15:11,720 - debug - DEBUG - Unique predicted classes: 10 (first 10: [0 1 2 3 4 5 6 7 8 9])
2026-06-16 03:15:11,721 - debug - DEBUG - Unique target classes: 10 (first 10: [0 1 2 3 4 5 6 7 8 9])
2026-06-16 03:15:13,955 - debug - DEBUG - compute_metrics_and_record started for epoch 55
2026-06-16 03:15:13,955 - debug - DEBUG - all_preds length: 10000, all_targets length: 10000
2026-06-16 03:15:13,955 - debug - DEBUG - First 10 preds: [3, 8, 8, 0, 6, 6, 1, 2, 3, 1]
2026-06-16 03:15:13,955 - debug - DEBUG - First 10 targets: [3, 8, 8, 0, 6, 6, 1, 6, 3, 1]
2026-06-16 03:15:13,958 - debug - DEBUG - Unique predicted classes: 10 (first 10: [0 1 2 3 4 5 6 7 8 9])
2026-06-16 03:15:13,958 - debug - DEBUG - Unique target classes: 10 (first 10: [0 1 2 3 4 5 6 7 8 9])
2026-06-16 03:15:14,217 - debug - DEBUG - Device Check - Batch 0
2026-06-16 03:15:14,218 - debug - DEBUG -   Config GPU ID: 1
2026-06-16 03:15:14,218 - debug - DEBUG -   Input Device:  cuda:1
2026-06-16 03:15:14,218 - debug - DEBUG -   Target Device: cuda:1
2026-06-16 03:15:14,218 - debug - DEBUG -   Model Device:  cuda:1
2026-06-16 03:15:14,219 - debug - DEBUG -   Criterion Weight Device: No weights
2026-06-16 03:15:14,665 - debug - DEBUG - Batch 0 grad norm: 0.789363
2026-06-16 03:15:15,738 - debug - DEBUG - Batch 10 grad norm: 1.026835
2026-06-16 03:15:16,763 - debug - DEBUG - Batch 20 grad norm: 0.704577
2026-06-16 03:15:17,839 - debug - DEBUG - Batch 30 grad norm: 1.054797
2026-06-16 03:15:18,891 - debug - DEBUG - Batch 40 grad norm: 1.096761
2026-06-16 03:15:19,965 - debug - DEBUG - Batch 50 grad norm: 0.874145
2026-06-16 03:15:21,050 - debug - DEBUG - Batch 60 grad norm: 1.177449
2026-06-16 03:15:22,142 - debug - DEBUG - Batch 70 grad norm: 0.931395
2026-06-16 03:15:23,215 - debug - DEBUG - Batch 80 grad norm: 1.291570
2026-06-16 03:15:24,311 - debug - DEBUG - Batch 90 grad norm: 1.389615
2026-06-16 03:15:25,372 - debug - DEBUG - Batch 100 grad norm: 0.970407
2026-06-16 03:15:26,544 - debug - DEBUG - Batch 110 grad norm: 1.173027
2026-06-16 03:15:27,474 - debug - DEBUG - Batch 120 grad norm: 1.161053
2026-06-16 03:15:28,564 - debug - DEBUG - Batch 130 grad norm: 0.993267
2026-06-16 03:15:29,656 - debug - DEBUG - Batch 140 grad norm: 1.222674
2026-06-16 03:15:30,735 - debug - DEBUG - Batch 150 grad norm: 1.300534
2026-06-16 03:15:31,839 - debug - DEBUG - Batch 160 grad norm: 1.075575
2026-06-16 03:15:32,868 - debug - DEBUG - Batch 170 grad norm: 0.996557
2026-06-16 03:15:34,041 - debug - DEBUG - Batch 180 grad norm: 1.042019
2026-06-16 03:15:35,002 - debug - DEBUG - Batch 190 grad norm: 0.839812
2026-06-16 03:15:36,110 - debug - DEBUG - Batch 200 grad norm: 1.120273
2026-06-16 03:15:37,211 - debug - DEBUG - Batch 210 grad norm: 1.055506
2026-06-16 03:15:38,313 - debug - DEBUG - Batch 220 grad norm: 1.435848
2026-06-16 03:15:39,388 - debug - DEBUG - Batch 230 grad norm: 1.270008
2026-06-16 03:15:40,454 - debug - DEBUG - Batch 240 grad norm: 1.056409
2026-06-16 03:15:41,524 - debug - DEBUG - Batch 250 grad norm: 1.191207
2026-06-16 03:15:42,601 - debug - DEBUG - Batch 260 grad norm: 1.241435
2026-06-16 03:15:43,669 - debug - DEBUG - Batch 270 grad norm: 1.104631
2026-06-16 03:15:44,753 - debug - DEBUG - Batch 280 grad norm: 1.185338
2026-06-16 03:15:45,837 - debug - DEBUG - Batch 290 grad norm: 1.161269
2026-06-16 03:15:46,902 - debug - DEBUG - Batch 300 grad norm: 0.802041
2026-06-16 03:15:47,995 - debug - DEBUG - Batch 310 grad norm: 0.964660
2026-06-16 03:15:49,051 - debug - DEBUG - Batch 320 grad norm: 1.161643
2026-06-16 03:15:50,158 - debug - DEBUG - Batch 330 grad norm: 0.984290
2026-06-16 03:15:51,235 - debug - DEBUG - Batch 340 grad norm: 1.437967
2026-06-16 03:15:52,338 - debug - DEBUG - Batch 350 grad norm: 1.124576
2026-06-16 03:15:52,433 - debug - DEBUG - compute_metrics_and_record started for epoch 56
2026-06-16 03:15:52,433 - debug - DEBUG - all_preds length: 45000, all_targets length: 45000
2026-06-16 03:15:52,433 - debug - DEBUG - First 10 preds: [7, 0, 5, 9, 4, 6, 0, 3, 4, 2]
2026-06-16 03:15:52,434 - debug - DEBUG - First 10 targets: [7, 0, 5, 9, 4, 6, 0, 3, 4, 2]
2026-06-16 03:15:52,442 - debug - DEBUG - Unique predicted classes: 10 (first 10: [0 1 2 3 4 5 6 7 8 9])
2026-06-16 03:15:52,442 - debug - DEBUG - Unique target classes: 10 (first 10: [0 1 2 3 4 5 6 7 8 9])
2026-06-16 03:15:54,740 - debug - DEBUG - compute_metrics_and_record started for epoch 56
2026-06-16 03:15:54,741 - debug - DEBUG - all_preds length: 10000, all_targets length: 10000
2026-06-16 03:15:54,741 - debug - DEBUG - First 10 preds: [3, 8, 8, 8, 6, 6, 1, 6, 3, 1]
2026-06-16 03:15:54,741 - debug - DEBUG - First 10 targets: [3, 8, 8, 0, 6, 6, 1, 6, 3, 1]
2026-06-16 03:15:54,743 - debug - DEBUG - Unique predicted classes: 10 (first 10: [0 1 2 3 4 5 6 7 8 9])
2026-06-16 03:15:54,743 - debug - DEBUG - Unique target classes: 10 (first 10: [0 1 2 3 4 5 6 7 8 9])
2026-06-16 03:15:55,017 - debug - DEBUG - Device Check - Batch 0
2026-06-16 03:15:55,018 - debug - DEBUG -   Config GPU ID: 1
2026-06-16 03:15:55,018 - debug - DEBUG -   Input Device:  cuda:1
2026-06-16 03:15:55,018 - debug - DEBUG -   Target Device: cuda:1
2026-06-16 03:15:55,019 - debug - DEBUG -   Model Device:  cuda:1
2026-06-16 03:15:55,019 - debug - DEBUG -   Criterion Weight Device: No weights
2026-06-16 03:15:55,423 - debug - DEBUG - Batch 0 grad norm: 1.010690
2026-06-16 03:15:56,536 - debug - DEBUG - Batch 10 grad norm: 1.009738
2026-06-16 03:15:57,603 - debug - DEBUG - Batch 20 grad norm: 0.930803
2026-06-16 03:15:58,704 - debug - DEBUG - Batch 30 grad norm: 1.011799
2026-06-16 03:15:59,801 - debug - DEBUG - Batch 40 grad norm: 1.403541
2026-06-16 03:16:00,894 - debug - DEBUG - Batch 50 grad norm: 0.914140
2026-06-16 03:16:01,970 - debug - DEBUG - Batch 60 grad norm: 1.388424
2026-06-16 03:16:03,037 - debug - DEBUG - Batch 70 grad norm: 0.960828
2026-06-16 03:16:04,122 - debug - DEBUG - Batch 80 grad norm: 1.087422
2026-06-16 03:16:05,182 - debug - DEBUG - Batch 90 grad norm: 0.908494
2026-06-16 03:16:06,258 - debug - DEBUG - Batch 100 grad norm: 1.114251
2026-06-16 03:16:07,312 - debug - DEBUG - Batch 110 grad norm: 0.723113
2026-06-16 03:16:08,392 - debug - DEBUG - Batch 120 grad norm: 1.150249
2026-06-16 03:16:09,444 - debug - DEBUG - Batch 130 grad norm: 0.810390
2026-06-16 03:16:10,528 - debug - DEBUG - Batch 140 grad norm: 0.936293
2026-06-16 03:16:11,607 - debug - DEBUG - Batch 150 grad norm: 1.200537
2026-06-16 03:16:12,694 - debug - DEBUG - Batch 160 grad norm: 1.119795
2026-06-16 03:16:13,803 - debug - DEBUG - Batch 170 grad norm: 1.089360
2026-06-16 03:16:14,853 - debug - DEBUG - Batch 180 grad norm: 0.924269
2026-06-16 03:16:15,752 - debug - DEBUG - Batch 190 grad norm: 0.950047
2026-06-16 03:16:16,828 - debug - DEBUG - Batch 200 grad norm: 1.204205
2026-06-16 03:16:17,880 - debug - DEBUG - Batch 210 grad norm: 1.008229
2026-06-16 03:16:18,975 - debug - DEBUG - Batch 220 grad norm: 0.810532
2026-06-16 03:16:20,070 - debug - DEBUG - Batch 230 grad norm: 1.015617
2026-06-16 03:16:21,156 - debug - DEBUG - Batch 240 grad norm: 1.052065
2026-06-16 03:16:22,257 - debug - DEBUG - Batch 250 grad norm: 1.038411
2026-06-16 03:16:23,312 - debug - DEBUG - Batch 260 grad norm: 1.061569
2026-06-16 03:16:24,421 - debug - DEBUG - Batch 270 grad norm: 0.951444
2026-06-16 03:16:25,493 - debug - DEBUG - Batch 280 grad norm: 1.239509
2026-06-16 03:16:26,555 - debug - DEBUG - Batch 290 grad norm: 0.820000
2026-06-16 03:16:27,612 - debug - DEBUG - Batch 300 grad norm: 0.888607
2026-06-16 03:16:28,683 - debug - DEBUG - Batch 310 grad norm: 1.286418
2026-06-16 03:16:29,746 - debug - DEBUG - Batch 320 grad norm: 1.122439
2026-06-16 03:16:30,817 - debug - DEBUG - Batch 330 grad norm: 0.999322
2026-06-16 03:16:31,870 - debug - DEBUG - Batch 340 grad norm: 1.265843
2026-06-16 03:16:32,945 - debug - DEBUG - Batch 350 grad norm: 0.946673
2026-06-16 03:16:33,038 - debug - DEBUG - compute_metrics_and_record started for epoch 57
2026-06-16 03:16:33,039 - debug - DEBUG - all_preds length: 45000, all_targets length: 45000
2026-06-16 03:16:33,039 - debug - DEBUG - First 10 preds: [2, 1, 9, 7, 0, 2, 0, 2, 9, 1]
2026-06-16 03:16:33,039 - debug - DEBUG - First 10 targets: [2, 1, 9, 7, 0, 2, 0, 2, 9, 1]
2026-06-16 03:16:33,048 - debug - DEBUG - Unique predicted classes: 10 (first 10: [0 1 2 3 4 5 6 7 8 9])
2026-06-16 03:16:33,048 - debug - DEBUG - Unique target classes: 10 (first 10: [0 1 2 3 4 5 6 7 8 9])
2026-06-16 03:16:35,278 - debug - DEBUG - compute_metrics_and_record started for epoch 57
2026-06-16 03:16:35,278 - debug - DEBUG - all_preds length: 10000, all_targets length: 10000
2026-06-16 03:16:35,278 - debug - DEBUG - First 10 preds: [3, 8, 1, 0, 6, 6, 1, 6, 3, 1]
2026-06-16 03:16:35,278 - debug - DEBUG - First 10 targets: [3, 8, 8, 0, 6, 6, 1, 6, 3, 1]
2026-06-16 03:16:35,281 - debug - DEBUG - Unique predicted classes: 10 (first 10: [0 1 2 3 4 5 6 7 8 9])
2026-06-16 03:16:35,281 - debug - DEBUG - Unique target classes: 10 (first 10: [0 1 2 3 4 5 6 7 8 9])
2026-06-16 03:16:35,588 - debug - DEBUG - Device Check - Batch 0
2026-06-16 03:16:35,589 - debug - DEBUG -   Config GPU ID: 1
2026-06-16 03:16:35,589 - debug - DEBUG -   Input Device:  cuda:1
2026-06-16 03:16:35,589 - debug - DEBUG -   Target Device: cuda:1
2026-06-16 03:16:35,589 - debug - DEBUG -   Model Device:  cuda:1
2026-06-16 03:16:35,589 - debug - DEBUG -   Criterion Weight Device: No weights
2026-06-16 03:16:36,002 - debug - DEBUG - Batch 0 grad norm: 1.023566
2026-06-16 03:16:37,103 - debug - DEBUG - Batch 10 grad norm: 0.780348
2026-06-16 03:16:38,206 - debug - DEBUG - Batch 20 grad norm: 0.943556
2026-06-16 03:16:39,278 - debug - DEBUG - Batch 30 grad norm: 1.240727
2026-06-16 03:16:40,382 - debug - DEBUG - Batch 40 grad norm: 1.103131
2026-06-16 03:16:41,483 - debug - DEBUG - Batch 50 grad norm: 0.877937
2026-06-16 03:16:42,562 - debug - DEBUG - Batch 60 grad norm: 0.851974
2026-06-16 03:16:43,630 - debug - DEBUG - Batch 70 grad norm: 1.072762
2026-06-16 03:16:44,689 - debug - DEBUG - Batch 80 grad norm: 1.207803
2026-06-16 03:16:45,762 - debug - DEBUG - Batch 90 grad norm: 1.422038
2026-06-16 03:16:46,838 - debug - DEBUG - Batch 100 grad norm: 1.094245
2026-06-16 03:16:47,882 - debug - DEBUG - Batch 110 grad norm: 1.089976
2026-06-16 03:16:48,954 - debug - DEBUG - Batch 120 grad norm: 1.007060
2026-06-16 03:16:50,000 - debug - DEBUG - Batch 130 grad norm: 1.224370
2026-06-16 03:16:51,071 - debug - DEBUG - Batch 140 grad norm: 0.916892
2026-06-16 03:16:52,151 - debug - DEBUG - Batch 150 grad norm: 0.967442
2026-06-16 03:16:53,229 - debug - DEBUG - Batch 160 grad norm: 0.910922
2026-06-16 03:16:54,309 - debug - DEBUG - Batch 170 grad norm: 0.960467
2026-06-16 03:16:55,451 - debug - DEBUG - Batch 180 grad norm: 1.136377
2026-06-16 03:16:56,385 - debug - DEBUG - Batch 190 grad norm: 1.045131
2026-06-16 03:16:57,472 - debug - DEBUG - Batch 200 grad norm: 0.894209
2026-06-16 03:16:58,553 - debug - DEBUG - Batch 210 grad norm: 0.817035
2026-06-16 03:16:59,428 - debug - DEBUG - Batch 220 grad norm: 1.029639
2026-06-16 03:17:00,593 - debug - DEBUG - Batch 230 grad norm: 1.250039
2026-06-16 03:17:01,567 - debug - DEBUG - Batch 240 grad norm: 0.952670
2026-06-16 03:17:02,578 - debug - DEBUG - Batch 250 grad norm: 1.127579
2026-06-16 03:17:03,629 - debug - DEBUG - Batch 260 grad norm: 1.174880
2026-06-16 03:17:04,699 - debug - DEBUG - Batch 270 grad norm: 1.049503
2026-06-16 03:17:05,745 - debug - DEBUG - Batch 280 grad norm: 0.988052
2026-06-16 03:17:06,821 - debug - DEBUG - Batch 290 grad norm: 1.162331
2026-06-16 03:17:07,867 - debug - DEBUG - Batch 300 grad norm: 0.753000
2026-06-16 03:17:08,949 - debug - DEBUG - Batch 310 grad norm: 1.139980
2026-06-16 03:17:10,040 - debug - DEBUG - Batch 320 grad norm: 1.172806
2026-06-16 03:17:11,107 - debug - DEBUG - Batch 330 grad norm: 1.182528
2026-06-16 03:17:12,203 - debug - DEBUG - Batch 340 grad norm: 0.889222
2026-06-16 03:17:13,270 - debug - DEBUG - Batch 350 grad norm: 0.867034
2026-06-16 03:17:13,372 - debug - DEBUG - compute_metrics_and_record started for epoch 58
2026-06-16 03:17:13,373 - debug - DEBUG - all_preds length: 45000, all_targets length: 45000
2026-06-16 03:17:13,373 - debug - DEBUG - First 10 preds: [5, 5, 9, 1, 4, 5, 0, 3, 6, 7]
2026-06-16 03:17:13,373 - debug - DEBUG - First 10 targets: [3, 5, 9, 1, 4, 3, 0, 3, 6, 7]
2026-06-16 03:17:13,383 - debug - DEBUG - Unique predicted classes: 10 (first 10: [0 1 2 3 4 5 6 7 8 9])
2026-06-16 03:17:13,384 - debug - DEBUG - Unique target classes: 10 (first 10: [0 1 2 3 4 5 6 7 8 9])
2026-06-16 03:17:15,639 - debug - DEBUG - compute_metrics_and_record started for epoch 58
2026-06-16 03:17:15,639 - debug - DEBUG - all_preds length: 10000, all_targets length: 10000
2026-06-16 03:17:15,639 - debug - DEBUG - First 10 preds: [3, 8, 1, 8, 6, 6, 1, 6, 3, 1]
2026-06-16 03:17:15,640 - debug - DEBUG - First 10 targets: [3, 8, 8, 0, 6, 6, 1, 6, 3, 1]
2026-06-16 03:17:15,642 - debug - DEBUG - Unique predicted classes: 10 (first 10: [0 1 2 3 4 5 6 7 8 9])
2026-06-16 03:17:15,642 - debug - DEBUG - Unique target classes: 10 (first 10: [0 1 2 3 4 5 6 7 8 9])
2026-06-16 03:17:15,948 - debug - DEBUG - Device Check - Batch 0
2026-06-16 03:17:15,949 - debug - DEBUG -   Config GPU ID: 1
2026-06-16 03:17:15,949 - debug - DEBUG -   Input Device:  cuda:1
2026-06-16 03:17:15,949 - debug - DEBUG -   Target Device: cuda:1
2026-06-16 03:17:15,949 - debug - DEBUG -   Model Device:  cuda:1
2026-06-16 03:17:15,950 - debug - DEBUG -   Criterion Weight Device: No weights
2026-06-16 03:17:16,406 - debug - DEBUG - Batch 0 grad norm: 1.108314
2026-06-16 03:17:17,468 - debug - DEBUG - Batch 10 grad norm: 1.018540
2026-06-16 03:17:18,527 - debug - DEBUG - Batch 20 grad norm: 1.051619
2026-06-16 03:17:19,584 - debug - DEBUG - Batch 30 grad norm: 1.161941
2026-06-16 03:17:20,654 - debug - DEBUG - Batch 40 grad norm: 1.044742
2026-06-16 03:17:21,697 - debug - DEBUG - Batch 50 grad norm: 1.098587
2026-06-16 03:17:22,771 - debug - DEBUG - Batch 60 grad norm: 1.126177
2026-06-16 03:17:23,849 - debug - DEBUG - Batch 70 grad norm: 1.381404
2026-06-16 03:17:24,921 - debug - DEBUG - Batch 80 grad norm: 1.161351
2026-06-16 03:17:25,997 - debug - DEBUG - Batch 90 grad norm: 0.880942
2026-06-16 03:17:27,048 - debug - DEBUG - Batch 100 grad norm: 0.806652
2026-06-16 03:17:28,132 - debug - DEBUG - Batch 110 grad norm: 0.973035
2026-06-16 03:17:29,194 - debug - DEBUG - Batch 120 grad norm: 1.067539
2026-06-16 03:17:30,287 - debug - DEBUG - Batch 130 grad norm: 0.930292
2026-06-16 03:17:31,352 - debug - DEBUG - Batch 140 grad norm: 1.188524
2026-06-16 03:17:32,441 - debug - DEBUG - Batch 150 grad norm: 1.151585
2026-06-16 03:17:33,503 - debug - DEBUG - Batch 160 grad norm: 1.019751
2026-06-16 03:17:34,580 - debug - DEBUG - Batch 170 grad norm: 1.237374
2026-06-16 03:17:35,744 - debug - DEBUG - Batch 180 grad norm: 1.008824
2026-06-16 03:17:36,682 - debug - DEBUG - Batch 190 grad norm: 1.111646
2026-06-16 03:17:37,765 - debug - DEBUG - Batch 200 grad norm: 1.071648
2026-06-16 03:17:38,833 - debug - DEBUG - Batch 210 grad norm: 1.043786
2026-06-16 03:17:39,896 - debug - DEBUG - Batch 220 grad norm: 1.100367
2026-06-16 03:17:40,969 - debug - DEBUG - Batch 230 grad norm: 1.131120
2026-06-16 03:17:42,045 - debug - DEBUG - Batch 240 grad norm: 0.987046
2026-06-16 03:17:43,096 - debug - DEBUG - Batch 250 grad norm: 1.164057
2026-06-16 03:17:44,166 - debug - DEBUG - Batch 260 grad norm: 1.272354
2026-06-16 03:17:45,219 - debug - DEBUG - Batch 270 grad norm: 1.026900
2026-06-16 03:17:46,250 - debug - DEBUG - Batch 280 grad norm: 1.277620
2026-06-16 03:17:47,315 - debug - DEBUG - Batch 290 grad norm: 1.352842
2026-06-16 03:17:48,441 - debug - DEBUG - Batch 300 grad norm: 1.211017
2026-06-16 03:17:49,357 - debug - DEBUG - Batch 310 grad norm: 1.205100
2026-06-16 03:17:50,435 - debug - DEBUG - Batch 320 grad norm: 1.330594
2026-06-16 03:17:51,498 - debug - DEBUG - Batch 330 grad norm: 1.121512
2026-06-16 03:17:52,553 - debug - DEBUG - Batch 340 grad norm: 0.967683
2026-06-16 03:17:53,645 - debug - DEBUG - Batch 350 grad norm: 1.020692
2026-06-16 03:17:53,744 - debug - DEBUG - compute_metrics_and_record started for epoch 59
2026-06-16 03:17:53,744 - debug - DEBUG - all_preds length: 45000, all_targets length: 45000
2026-06-16 03:17:53,744 - debug - DEBUG - First 10 preds: [0, 4, 7, 0, 5, 6, 5, 2, 5, 4]
2026-06-16 03:17:53,745 - debug - DEBUG - First 10 targets: [0, 4, 7, 0, 5, 6, 5, 2, 3, 4]
2026-06-16 03:17:53,754 - debug - DEBUG - Unique predicted classes: 10 (first 10: [0 1 2 3 4 5 6 7 8 9])
2026-06-16 03:17:53,754 - debug - DEBUG - Unique target classes: 10 (first 10: [0 1 2 3 4 5 6 7 8 9])
2026-06-16 03:17:55,958 - debug - DEBUG - compute_metrics_and_record started for epoch 59
2026-06-16 03:17:55,958 - debug - DEBUG - all_preds length: 10000, all_targets length: 10000
2026-06-16 03:17:55,958 - debug - DEBUG - First 10 preds: [3, 8, 8, 0, 6, 6, 1, 0, 3, 9]
2026-06-16 03:17:55,958 - debug - DEBUG - First 10 targets: [3, 8, 8, 0, 6, 6, 1, 6, 3, 1]
2026-06-16 03:17:55,961 - debug - DEBUG - Unique predicted classes: 10 (first 10: [0 1 2 3 4 5 6 7 8 9])
2026-06-16 03:17:55,961 - debug - DEBUG - Unique target classes: 10 (first 10: [0 1 2 3 4 5 6 7 8 9])
2026-06-16 03:17:56,316 - debug - DEBUG - Device Check - Batch 0
2026-06-16 03:17:56,317 - debug - DEBUG -   Config GPU ID: 1
2026-06-16 03:17:56,317 - debug - DEBUG -   Input Device:  cuda:1
2026-06-16 03:17:56,317 - debug - DEBUG -   Target Device: cuda:1
2026-06-16 03:17:56,317 - debug - DEBUG -   Model Device:  cuda:1
2026-06-16 03:17:56,317 - debug - DEBUG -   Criterion Weight Device: No weights
2026-06-16 03:17:56,727 - debug - DEBUG - Batch 0 grad norm: 0.913217
2026-06-16 03:17:57,815 - debug - DEBUG - Batch 10 grad norm: 1.095800
2026-06-16 03:17:58,867 - debug - DEBUG - Batch 20 grad norm: 1.240762
2026-06-16 03:17:59,954 - debug - DEBUG - Batch 30 grad norm: 1.351332
2026-06-16 03:18:01,035 - debug - DEBUG - Batch 40 grad norm: 0.923485
2026-06-16 03:18:02,120 - debug - DEBUG - Batch 50 grad norm: 1.151806
2026-06-16 03:18:03,202 - debug - DEBUG - Batch 60 grad norm: 1.096129
2026-06-16 03:18:04,280 - debug - DEBUG - Batch 70 grad norm: 1.084554
2026-06-16 03:18:05,366 - debug - DEBUG - Batch 80 grad norm: 1.300956
2026-06-16 03:18:06,452 - debug - DEBUG - Batch 90 grad norm: 1.371118
2026-06-16 03:18:07,519 - debug - DEBUG - Batch 100 grad norm: 0.674165
2026-06-16 03:18:08,572 - debug - DEBUG - Batch 110 grad norm: 1.117143
2026-06-16 03:18:09,629 - debug - DEBUG - Batch 120 grad norm: 1.505571
2026-06-16 03:18:10,699 - debug - DEBUG - Batch 130 grad norm: 1.299241
2026-06-16 03:18:11,767 - debug - DEBUG - Batch 140 grad norm: 1.289189
2026-06-16 03:18:12,800 - debug - DEBUG - Batch 150 grad norm: 1.300694
2026-06-16 03:18:13,874 - debug - DEBUG - Batch 160 grad norm: 1.100415
2026-06-16 03:18:14,923 - debug - DEBUG - Batch 170 grad norm: 1.025284
2026-06-16 03:18:16,049 - debug - DEBUG - Batch 180 grad norm: 1.453955
2026-06-16 03:18:16,987 - debug - DEBUG - Batch 190 grad norm: 0.732339
2026-06-16 03:18:18,024 - debug - DEBUG - Batch 200 grad norm: 1.199302
2026-06-16 03:18:19,110 - debug - DEBUG - Batch 210 grad norm: 1.024253
2026-06-16 03:18:20,538 - debug - DEBUG - Batch 220 grad norm: 1.216325
2026-06-16 03:18:21,637 - debug - DEBUG - Batch 230 grad norm: 1.028163
2026-06-16 03:18:22,706 - debug - DEBUG - Batch 240 grad norm: 1.072854
2026-06-16 03:18:23,799 - debug - DEBUG - Batch 250 grad norm: 0.962827
2026-06-16 03:18:24,919 - debug - DEBUG - Batch 260 grad norm: 1.011097
2026-06-16 03:18:25,994 - debug - DEBUG - Batch 270 grad norm: 1.311278
2026-06-16 03:18:27,094 - debug - DEBUG - Batch 280 grad norm: 1.215186
2026-06-16 03:18:28,145 - debug - DEBUG - Batch 290 grad norm: 0.846020
2026-06-16 03:18:29,235 - debug - DEBUG - Batch 300 grad norm: 1.194452
2026-06-16 03:18:30,290 - debug - DEBUG - Batch 310 grad norm: 0.995028
2026-06-16 03:18:31,385 - debug - DEBUG - Batch 320 grad norm: 1.379363
2026-06-16 03:18:32,366 - debug - DEBUG - Batch 330 grad norm: 0.992368
2026-06-16 03:18:33,458 - debug - DEBUG - Batch 340 grad norm: 1.123836
2026-06-16 03:18:34,576 - debug - DEBUG - Batch 350 grad norm: 1.082046
2026-06-16 03:18:34,676 - debug - DEBUG - compute_metrics_and_record started for epoch 60
2026-06-16 03:18:34,676 - debug - DEBUG - all_preds length: 45000, all_targets length: 45000
2026-06-16 03:18:34,676 - debug - DEBUG - First 10 preds: [8, 0, 0, 5, 2, 5, 4, 1, 8, 9]
2026-06-16 03:18:34,677 - debug - DEBUG - First 10 targets: [8, 0, 0, 5, 2, 5, 4, 1, 8, 9]
2026-06-16 03:18:34,688 - debug - DEBUG - Unique predicted classes: 10 (first 10: [0 1 2 3 4 5 6 7 8 9])
2026-06-16 03:18:34,688 - debug - DEBUG - Unique target classes: 10 (first 10: [0 1 2 3 4 5 6 7 8 9])
2026-06-16 03:18:36,921 - debug - DEBUG - compute_metrics_and_record started for epoch 60
2026-06-16 03:18:36,921 - debug - DEBUG - all_preds length: 10000, all_targets length: 10000
2026-06-16 03:18:36,921 - debug - DEBUG - First 10 preds: [3, 8, 8, 8, 6, 6, 1, 6, 3, 1]
2026-06-16 03:18:36,921 - debug - DEBUG - First 10 targets: [3, 8, 8, 0, 6, 6, 1, 6, 3, 1]
2026-06-16 03:18:36,923 - debug - DEBUG - Unique predicted classes: 10 (first 10: [0 1 2 3 4 5 6 7 8 9])
2026-06-16 03:18:36,923 - debug - DEBUG - Unique target classes: 10 (first 10: [0 1 2 3 4 5 6 7 8 9])
2026-06-16 03:18:37,196 - debug - DEBUG - Device Check - Batch 0
2026-06-16 03:18:37,197 - debug - DEBUG -   Config GPU ID: 1
2026-06-16 03:18:37,197 - debug - DEBUG -   Input Device:  cuda:1
2026-06-16 03:18:37,197 - debug - DEBUG -   Target Device: cuda:1
2026-06-16 03:18:37,198 - debug - DEBUG -   Model Device:  cuda:1
2026-06-16 03:18:37,198 - debug - DEBUG -   Criterion Weight Device: No weights
2026-06-16 03:18:37,658 - debug - DEBUG - Batch 0 grad norm: 0.673429
2026-06-16 03:18:38,723 - debug - DEBUG - Batch 10 grad norm: 0.996295
2026-06-16 03:18:39,796 - debug - DEBUG - Batch 20 grad norm: 1.006836
2026-06-16 03:18:40,868 - debug - DEBUG - Batch 30 grad norm: 1.175034
2026-06-16 03:18:41,915 - debug - DEBUG - Batch 40 grad norm: 1.031029
2026-06-16 03:18:42,993 - debug - DEBUG - Batch 50 grad norm: 0.836900
2026-06-16 03:18:44,068 - debug - DEBUG - Batch 60 grad norm: 0.939373
2026-06-16 03:18:45,144 - debug - DEBUG - Batch 70 grad norm: 1.353340
2026-06-16 03:18:46,219 - debug - DEBUG - Batch 80 grad norm: 1.208692
2026-06-16 03:18:47,282 - debug - DEBUG - Batch 90 grad norm: 1.197094
2026-06-16 03:18:48,377 - debug - DEBUG - Batch 100 grad norm: 1.230043
2026-06-16 03:18:49,467 - debug - DEBUG - Batch 110 grad norm: 1.044195
2026-06-16 03:18:50,565 - debug - DEBUG - Batch 120 grad norm: 1.045133
2026-06-16 03:18:51,639 - debug - DEBUG - Batch 130 grad norm: 1.199164
2026-06-16 03:18:52,732 - debug - DEBUG - Batch 140 grad norm: 1.481711
2026-06-16 03:18:53,844 - debug - DEBUG - Batch 150 grad norm: 1.290825
2026-06-16 03:18:54,806 - debug - DEBUG - Batch 160 grad norm: 1.161597
2026-06-16 03:18:55,939 - debug - DEBUG - Batch 170 grad norm: 1.129079
2026-06-16 03:18:56,989 - debug - DEBUG - Batch 180 grad norm: 1.020235
2026-06-16 03:18:58,002 - debug - DEBUG - Batch 190 grad norm: 1.039431
2026-06-16 03:18:59,102 - debug - DEBUG - Batch 200 grad norm: 1.165893
2026-06-16 03:19:00,218 - debug - DEBUG - Batch 210 grad norm: 0.950928
2026-06-16 03:19:01,319 - debug - DEBUG - Batch 220 grad norm: 1.123519
2026-06-16 03:19:02,437 - debug - DEBUG - Batch 230 grad norm: 1.214875
2026-06-16 03:19:03,582 - debug - DEBUG - Batch 240 grad norm: 0.916313
2026-06-16 03:19:04,706 - debug - DEBUG - Batch 250 grad norm: 1.011033
2026-06-16 03:19:05,815 - debug - DEBUG - Batch 260 grad norm: 1.170383
2026-06-16 03:19:06,902 - debug - DEBUG - Batch 270 grad norm: 0.855263
2026-06-16 03:19:07,990 - debug - DEBUG - Batch 280 grad norm: 1.264849
2026-06-16 03:19:09,081 - debug - DEBUG - Batch 290 grad norm: 0.992630
2026-06-16 03:19:10,169 - debug - DEBUG - Batch 300 grad norm: 1.252596
2026-06-16 03:19:11,252 - debug - DEBUG - Batch 310 grad norm: 0.663657
2026-06-16 03:19:12,325 - debug - DEBUG - Batch 320 grad norm: 0.919738
2026-06-16 03:19:13,404 - debug - DEBUG - Batch 330 grad norm: 1.093999
2026-06-16 03:19:14,490 - debug - DEBUG - Batch 340 grad norm: 1.198172
2026-06-16 03:19:15,563 - debug - DEBUG - Batch 350 grad norm: 0.976150
2026-06-16 03:19:15,671 - debug - DEBUG - compute_metrics_and_record started for epoch 61
2026-06-16 03:19:15,671 - debug - DEBUG - all_preds length: 45000, all_targets length: 45000
2026-06-16 03:19:15,671 - debug - DEBUG - First 10 preds: [2, 1, 1, 8, 5, 0, 8, 6, 2, 4]
2026-06-16 03:19:15,671 - debug - DEBUG - First 10 targets: [2, 1, 1, 8, 5, 0, 8, 6, 2, 4]
2026-06-16 03:19:15,680 - debug - DEBUG - Unique predicted classes: 10 (first 10: [0 1 2 3 4 5 6 7 8 9])
2026-06-16 03:19:15,680 - debug - DEBUG - Unique target classes: 10 (first 10: [0 1 2 3 4 5 6 7 8 9])
2026-06-16 03:19:17,961 - debug - DEBUG - compute_metrics_and_record started for epoch 61
2026-06-16 03:19:17,961 - debug - DEBUG - all_preds length: 10000, all_targets length: 10000
2026-06-16 03:19:17,961 - debug - DEBUG - First 10 preds: [3, 8, 8, 8, 6, 6, 1, 2, 3, 1]
2026-06-16 03:19:17,961 - debug - DEBUG - First 10 targets: [3, 8, 8, 0, 6, 6, 1, 6, 3, 1]
2026-06-16 03:19:17,964 - debug - DEBUG - Unique predicted classes: 10 (first 10: [0 1 2 3 4 5 6 7 8 9])
2026-06-16 03:19:17,964 - debug - DEBUG - Unique target classes: 10 (first 10: [0 1 2 3 4 5 6 7 8 9])
2026-06-16 03:19:18,221 - debug - DEBUG - Device Check - Batch 0
2026-06-16 03:19:18,222 - debug - DEBUG -   Config GPU ID: 1
2026-06-16 03:19:18,222 - debug - DEBUG -   Input Device:  cuda:1
2026-06-16 03:19:18,222 - debug - DEBUG -   Target Device: cuda:1
2026-06-16 03:19:18,222 - debug - DEBUG -   Model Device:  cuda:1
2026-06-16 03:19:18,222 - debug - DEBUG -   Criterion Weight Device: No weights
2026-06-16 03:19:18,620 - debug - DEBUG - Batch 0 grad norm: 1.040069
2026-06-16 03:19:19,700 - debug - DEBUG - Batch 10 grad norm: 0.937948
2026-06-16 03:19:20,827 - debug - DEBUG - Batch 20 grad norm: 0.992461
2026-06-16 03:19:21,731 - debug - DEBUG - Batch 30 grad norm: 1.056661
2026-06-16 03:19:22,810 - debug - DEBUG - Batch 40 grad norm: 0.783200
2026-06-16 03:19:23,901 - debug - DEBUG - Batch 50 grad norm: 1.148114
2026-06-16 03:19:24,988 - debug - DEBUG - Batch 60 grad norm: 1.215883
2026-06-16 03:19:26,072 - debug - DEBUG - Batch 70 grad norm: 0.894717
2026-06-16 03:19:27,158 - debug - DEBUG - Batch 80 grad norm: 1.185811
2026-06-16 03:19:28,235 - debug - DEBUG - Batch 90 grad norm: 1.294699
2026-06-16 03:19:29,328 - debug - DEBUG - Batch 100 grad norm: 0.844522
2026-06-16 03:19:30,399 - debug - DEBUG - Batch 110 grad norm: 1.215604
2026-06-16 03:19:31,477 - debug - DEBUG - Batch 120 grad norm: 0.975416
2026-06-16 03:19:32,557 - debug - DEBUG - Batch 130 grad norm: 0.861608
2026-06-16 03:19:33,636 - debug - DEBUG - Batch 140 grad norm: 0.789137
2026-06-16 03:19:34,710 - debug - DEBUG - Batch 150 grad norm: 1.085435
2026-06-16 03:19:35,640 - debug - DEBUG - Batch 160 grad norm: 0.985210
2026-06-16 03:19:36,777 - debug - DEBUG - Batch 170 grad norm: 1.080889
2026-06-16 03:19:37,841 - debug - DEBUG - Batch 180 grad norm: 0.882365
2026-06-16 03:19:38,811 - debug - DEBUG - Batch 190 grad norm: 1.251668
2026-06-16 03:19:39,873 - debug - DEBUG - Batch 200 grad norm: 0.927078
2026-06-16 03:19:40,941 - debug - DEBUG - Batch 210 grad norm: 1.027121
2026-06-16 03:19:42,017 - debug - DEBUG - Batch 220 grad norm: 1.044803
2026-06-16 03:19:43,097 - debug - DEBUG - Batch 230 grad norm: 0.828400
2026-06-16 03:19:44,181 - debug - DEBUG - Batch 240 grad norm: 0.995632
2026-06-16 03:19:45,263 - debug - DEBUG - Batch 250 grad norm: 1.061171
2026-06-16 03:19:46,345 - debug - DEBUG - Batch 260 grad norm: 1.302371
2026-06-16 03:19:47,403 - debug - DEBUG - Batch 270 grad norm: 0.995986
2026-06-16 03:19:48,492 - debug - DEBUG - Batch 280 grad norm: 1.137965
2026-06-16 03:19:49,635 - debug - DEBUG - Batch 290 grad norm: 1.009086
2026-06-16 03:19:50,730 - debug - DEBUG - Batch 300 grad norm: 1.213858
2026-06-16 03:19:51,829 - debug - DEBUG - Batch 310 grad norm: 1.094893
2026-06-16 03:19:52,887 - debug - DEBUG - Batch 320 grad norm: 1.350817
2026-06-16 03:19:53,994 - debug - DEBUG - Batch 330 grad norm: 1.343208
2026-06-16 03:19:55,113 - debug - DEBUG - Batch 340 grad norm: 1.246023
2026-06-16 03:19:56,216 - debug - DEBUG - Batch 350 grad norm: 1.368806
2026-06-16 03:19:56,305 - debug - DEBUG - compute_metrics_and_record started for epoch 62
2026-06-16 03:19:56,305 - debug - DEBUG - all_preds length: 45000, all_targets length: 45000
2026-06-16 03:19:56,306 - debug - DEBUG - First 10 preds: [1, 4, 2, 4, 1, 2, 9, 1, 5, 6]
2026-06-16 03:19:56,306 - debug - DEBUG - First 10 targets: [1, 2, 2, 5, 1, 2, 9, 1, 5, 6]
2026-06-16 03:19:56,315 - debug - DEBUG - Unique predicted classes: 10 (first 10: [0 1 2 3 4 5 6 7 8 9])
2026-06-16 03:19:56,316 - debug - DEBUG - Unique target classes: 10 (first 10: [0 1 2 3 4 5 6 7 8 9])
2026-06-16 03:19:58,645 - debug - DEBUG - compute_metrics_and_record started for epoch 62
2026-06-16 03:19:58,646 - debug - DEBUG - all_preds length: 10000, all_targets length: 10000
2026-06-16 03:19:58,646 - debug - DEBUG - First 10 preds: [3, 8, 8, 0, 6, 6, 1, 4, 3, 1]
2026-06-16 03:19:58,646 - debug - DEBUG - First 10 targets: [3, 8, 8, 0, 6, 6, 1, 6, 3, 1]
2026-06-16 03:19:58,648 - debug - DEBUG - Unique predicted classes: 10 (first 10: [0 1 2 3 4 5 6 7 8 9])
2026-06-16 03:19:58,649 - debug - DEBUG - Unique target classes: 10 (first 10: [0 1 2 3 4 5 6 7 8 9])
2026-06-16 03:19:58,910 - debug - DEBUG - Device Check - Batch 0
2026-06-16 03:19:58,910 - debug - DEBUG -   Config GPU ID: 1
2026-06-16 03:19:58,910 - debug - DEBUG -   Input Device:  cuda:1
2026-06-16 03:19:58,911 - debug - DEBUG -   Target Device: cuda:1
2026-06-16 03:19:58,911 - debug - DEBUG -   Model Device:  cuda:1
2026-06-16 03:19:58,911 - debug - DEBUG -   Criterion Weight Device: No weights
2026-06-16 03:19:59,501 - debug - DEBUG - Batch 0 grad norm: 1.194174
2026-06-16 03:20:00,607 - debug - DEBUG - Batch 10 grad norm: 1.031167
2026-06-16 03:20:01,706 - debug - DEBUG - Batch 20 grad norm: 0.760155
2026-06-16 03:20:02,789 - debug - DEBUG - Batch 30 grad norm: 1.273082
2026-06-16 03:20:03,877 - debug - DEBUG - Batch 40 grad norm: 0.955355
2026-06-16 03:20:04,764 - debug - DEBUG - Batch 50 grad norm: 0.915857
2026-06-16 03:20:05,878 - debug - DEBUG - Batch 60 grad norm: 1.429135
2026-06-16 03:20:06,978 - debug - DEBUG - Batch 70 grad norm: 1.081119
2026-06-16 03:20:07,879 - debug - DEBUG - Batch 80 grad norm: 0.897824
2026-06-16 03:20:08,950 - debug - DEBUG - Batch 90 grad norm: 0.914890
2026-06-16 03:20:10,026 - debug - DEBUG - Batch 100 grad norm: 0.859420
2026-06-16 03:20:11,107 - debug - DEBUG - Batch 110 grad norm: 1.330028
2026-06-16 03:20:12,161 - debug - DEBUG - Batch 120 grad norm: 1.630265
2026-06-16 03:20:13,245 - debug - DEBUG - Batch 130 grad norm: 1.280647
2026-06-16 03:20:14,328 - debug - DEBUG - Batch 140 grad norm: 1.190144
2026-06-16 03:20:15,412 - debug - DEBUG - Batch 150 grad norm: 0.897358
2026-06-16 03:20:16,302 - debug - DEBUG - Batch 160 grad norm: 0.983234
2026-06-16 03:20:17,424 - debug - DEBUG - Batch 170 grad norm: 0.828742
2026-06-16 03:20:18,512 - debug - DEBUG - Batch 180 grad norm: 1.301795
2026-06-16 03:20:19,457 - debug - DEBUG - Batch 190 grad norm: 0.976336
2026-06-16 03:20:20,532 - debug - DEBUG - Batch 200 grad norm: 1.159862
2026-06-16 03:20:21,607 - debug - DEBUG - Batch 210 grad norm: 1.234390
2026-06-16 03:20:22,679 - debug - DEBUG - Batch 220 grad norm: 1.278318
2026-06-16 03:20:23,753 - debug - DEBUG - Batch 230 grad norm: 1.190221
2026-06-16 03:20:24,829 - debug - DEBUG - Batch 240 grad norm: 1.214175
2026-06-16 03:20:25,905 - debug - DEBUG - Batch 250 grad norm: 1.200605
2026-06-16 03:20:26,980 - debug - DEBUG - Batch 260 grad norm: 1.046022
2026-06-16 03:20:28,064 - debug - DEBUG - Batch 270 grad norm: 1.180572
2026-06-16 03:20:29,132 - debug - DEBUG - Batch 280 grad norm: 0.950093
2026-06-16 03:20:30,216 - debug - DEBUG - Batch 290 grad norm: 0.982490
2026-06-16 03:20:31,277 - debug - DEBUG - Batch 300 grad norm: 1.145115
2026-06-16 03:20:32,350 - debug - DEBUG - Batch 310 grad norm: 0.977350
2026-06-16 03:20:33,412 - debug - DEBUG - Batch 320 grad norm: 1.252551
2026-06-16 03:20:34,497 - debug - DEBUG - Batch 330 grad norm: 0.887032
2026-06-16 03:20:35,565 - debug - DEBUG - Batch 340 grad norm: 1.018196
2026-06-16 03:20:36,658 - debug - DEBUG - Batch 350 grad norm: 1.058183
2026-06-16 03:20:36,757 - debug - DEBUG - compute_metrics_and_record started for epoch 63
2026-06-16 03:20:36,757 - debug - DEBUG - all_preds length: 45000, all_targets length: 45000
2026-06-16 03:20:36,757 - debug - DEBUG - First 10 preds: [3, 1, 7, 9, 7, 9, 1, 7, 0, 8]
2026-06-16 03:20:36,757 - debug - DEBUG - First 10 targets: [3, 1, 7, 9, 7, 0, 1, 7, 0, 8]
2026-06-16 03:20:36,767 - debug - DEBUG - Unique predicted classes: 10 (first 10: [0 1 2 3 4 5 6 7 8 9])
2026-06-16 03:20:36,767 - debug - DEBUG - Unique target classes: 10 (first 10: [0 1 2 3 4 5 6 7 8 9])
2026-06-16 03:20:38,928 - debug - DEBUG - compute_metrics_and_record started for epoch 63
2026-06-16 03:20:38,929 - debug - DEBUG - all_preds length: 10000, all_targets length: 10000
2026-06-16 03:20:38,929 - debug - DEBUG - First 10 preds: [3, 8, 8, 0, 6, 6, 1, 6, 3, 1]
2026-06-16 03:20:38,929 - debug - DEBUG - First 10 targets: [3, 8, 8, 0, 6, 6, 1, 6, 3, 1]
2026-06-16 03:20:38,931 - debug - DEBUG - Unique predicted classes: 10 (first 10: [0 1 2 3 4 5 6 7 8 9])
2026-06-16 03:20:38,931 - debug - DEBUG - Unique target classes: 10 (first 10: [0 1 2 3 4 5 6 7 8 9])
2026-06-16 03:20:39,185 - debug - DEBUG - Device Check - Batch 0
2026-06-16 03:20:39,186 - debug - DEBUG -   Config GPU ID: 1
2026-06-16 03:20:39,186 - debug - DEBUG -   Input Device:  cuda:1
2026-06-16 03:20:39,186 - debug - DEBUG -   Target Device: cuda:1
2026-06-16 03:20:39,187 - debug - DEBUG -   Model Device:  cuda:1
2026-06-16 03:20:39,187 - debug - DEBUG -   Criterion Weight Device: No weights
2026-06-16 03:20:39,511 - debug - DEBUG - Batch 0 grad norm: 1.255646
2026-06-16 03:20:40,569 - debug - DEBUG - Batch 10 grad norm: 0.840736
2026-06-16 03:20:41,654 - debug - DEBUG - Batch 20 grad norm: 0.905003
2026-06-16 03:20:42,715 - debug - DEBUG - Batch 30 grad norm: 0.899555
2026-06-16 03:20:43,799 - debug - DEBUG - Batch 40 grad norm: 0.877473
2026-06-16 03:20:44,853 - debug - DEBUG - Batch 50 grad norm: 1.072192
2026-06-16 03:20:45,933 - debug - DEBUG - Batch 60 grad norm: 1.131531
2026-06-16 03:20:46,993 - debug - DEBUG - Batch 70 grad norm: 1.298426
2026-06-16 03:20:48,077 - debug - DEBUG - Batch 80 grad norm: 1.115086
2026-06-16 03:20:49,155 - debug - DEBUG - Batch 90 grad norm: 1.091916
2026-06-16 03:20:50,229 - debug - DEBUG - Batch 100 grad norm: 1.007297
2026-06-16 03:20:51,184 - debug - DEBUG - Batch 110 grad norm: 0.996771
2026-06-16 03:20:52,331 - debug - DEBUG - Batch 120 grad norm: 1.051021
2026-06-16 03:20:53,285 - debug - DEBUG - Batch 130 grad norm: 0.979769
2026-06-16 03:20:54,340 - debug - DEBUG - Batch 140 grad norm: 1.004529
2026-06-16 03:20:55,393 - debug - DEBUG - Batch 150 grad norm: 0.861671
2026-06-16 03:20:56,442 - debug - DEBUG - Batch 160 grad norm: 1.014130
2026-06-16 03:20:57,496 - debug - DEBUG - Batch 170 grad norm: 1.121698
2026-06-16 03:20:58,643 - debug - DEBUG - Batch 180 grad norm: 0.990506
2026-06-16 03:20:59,539 - debug - DEBUG - Batch 190 grad norm: 0.875830
2026-06-16 03:21:00,602 - debug - DEBUG - Batch 200 grad norm: 1.378422
2026-06-16 03:21:01,642 - debug - DEBUG - Batch 210 grad norm: 0.931455
2026-06-16 03:21:02,717 - debug - DEBUG - Batch 220 grad norm: 1.341427
2026-06-16 03:21:03,766 - debug - DEBUG - Batch 230 grad norm: 1.117504
2026-06-16 03:21:04,835 - debug - DEBUG - Batch 240 grad norm: 1.109382
2026-06-16 03:21:05,882 - debug - DEBUG - Batch 250 grad norm: 1.290604
2026-06-16 03:21:06,957 - debug - DEBUG - Batch 260 grad norm: 1.027656
2026-06-16 03:21:08,011 - debug - DEBUG - Batch 270 grad norm: 0.799503
2026-06-16 03:21:09,084 - debug - DEBUG - Batch 280 grad norm: 1.277760
2026-06-16 03:21:10,141 - debug - DEBUG - Batch 290 grad norm: 0.940633
2026-06-16 03:21:11,221 - debug - DEBUG - Batch 300 grad norm: 0.817519
2026-06-16 03:21:12,312 - debug - DEBUG - Batch 310 grad norm: 1.051643
2026-06-16 03:21:13,373 - debug - DEBUG - Batch 320 grad norm: 1.102818
2026-06-16 03:21:14,463 - debug - DEBUG - Batch 330 grad norm: 1.000094
2026-06-16 03:21:15,521 - debug - DEBUG - Batch 340 grad norm: 0.694366
2026-06-16 03:21:16,607 - debug - DEBUG - Batch 350 grad norm: 0.706946
2026-06-16 03:21:16,701 - debug - DEBUG - compute_metrics_and_record started for epoch 64
2026-06-16 03:21:16,702 - debug - DEBUG - all_preds length: 45000, all_targets length: 45000
2026-06-16 03:21:16,702 - debug - DEBUG - First 10 preds: [5, 8, 7, 8, 2, 5, 2, 5, 0, 1]
2026-06-16 03:21:16,702 - debug - DEBUG - First 10 targets: [5, 8, 7, 8, 2, 5, 2, 5, 9, 1]
2026-06-16 03:21:16,712 - debug - DEBUG - Unique predicted classes: 10 (first 10: [0 1 2 3 4 5 6 7 8 9])
2026-06-16 03:21:16,712 - debug - DEBUG - Unique target classes: 10 (first 10: [0 1 2 3 4 5 6 7 8 9])
2026-06-16 03:21:18,948 - debug - DEBUG - compute_metrics_and_record started for epoch 64
2026-06-16 03:21:18,948 - debug - DEBUG - all_preds length: 10000, all_targets length: 10000
2026-06-16 03:21:18,948 - debug - DEBUG - First 10 preds: [3, 8, 8, 0, 6, 6, 1, 6, 3, 1]
2026-06-16 03:21:18,948 - debug - DEBUG - First 10 targets: [3, 8, 8, 0, 6, 6, 1, 6, 3, 1]
2026-06-16 03:21:18,950 - debug - DEBUG - Unique predicted classes: 10 (first 10: [0 1 2 3 4 5 6 7 8 9])
2026-06-16 03:21:18,951 - debug - DEBUG - Unique target classes: 10 (first 10: [0 1 2 3 4 5 6 7 8 9])
2026-06-16 03:21:19,225 - debug - DEBUG - Device Check - Batch 0
2026-06-16 03:21:19,226 - debug - DEBUG -   Config GPU ID: 1
2026-06-16 03:21:19,226 - debug - DEBUG -   Input Device:  cuda:1
2026-06-16 03:21:19,226 - debug - DEBUG -   Target Device: cuda:1
2026-06-16 03:21:19,227 - debug - DEBUG -   Model Device:  cuda:1
2026-06-16 03:21:19,227 - debug - DEBUG -   Criterion Weight Device: No weights
2026-06-16 03:21:19,695 - debug - DEBUG - Batch 0 grad norm: 0.850922
2026-06-16 03:21:20,779 - debug - DEBUG - Batch 10 grad norm: 0.932038
2026-06-16 03:21:21,858 - debug - DEBUG - Batch 20 grad norm: 1.029818
2026-06-16 03:21:22,943 - debug - DEBUG - Batch 30 grad norm: 1.025909
2026-06-16 03:21:24,032 - debug - DEBUG - Batch 40 grad norm: 1.157021
2026-06-16 03:21:25,107 - debug - DEBUG - Batch 50 grad norm: 0.971782
2026-06-16 03:21:26,165 - debug - DEBUG - Batch 60 grad norm: 1.204578
2026-06-16 03:21:27,203 - debug - DEBUG - Batch 70 grad norm: 1.153179
2026-06-16 03:21:28,265 - debug - DEBUG - Batch 80 grad norm: 1.067012
2026-06-16 03:21:29,329 - debug - DEBUG - Batch 90 grad norm: 1.261511
2026-06-16 03:21:30,392 - debug - DEBUG - Batch 100 grad norm: 1.319828
2026-06-16 03:21:31,437 - debug - DEBUG - Batch 110 grad norm: 0.928353
2026-06-16 03:21:32,504 - debug - DEBUG - Batch 120 grad norm: 1.085760
2026-06-16 03:21:33,576 - debug - DEBUG - Batch 130 grad norm: 0.976827
2026-06-16 03:21:34,615 - debug - DEBUG - Batch 140 grad norm: 1.058063
2026-06-16 03:21:35,682 - debug - DEBUG - Batch 150 grad norm: 0.850073
2026-06-16 03:21:36,716 - debug - DEBUG - Batch 160 grad norm: 1.032662
2026-06-16 03:21:37,713 - debug - DEBUG - Batch 170 grad norm: 1.256531
2026-06-16 03:21:38,931 - debug - DEBUG - Batch 180 grad norm: 1.088764
2026-06-16 03:21:39,705 - debug - DEBUG - Batch 190 grad norm: 1.105449
2026-06-16 03:21:40,799 - debug - DEBUG - Batch 200 grad norm: 1.053015
2026-06-16 03:21:41,890 - debug - DEBUG - Batch 210 grad norm: 1.048751
2026-06-16 03:21:42,974 - debug - DEBUG - Batch 220 grad norm: 1.031217
2026-06-16 03:21:44,037 - debug - DEBUG - Batch 230 grad norm: 1.086766
2026-06-16 03:21:45,126 - debug - DEBUG - Batch 240 grad norm: 1.149192
2026-06-16 03:21:46,208 - debug - DEBUG - Batch 250 grad norm: 1.170349
2026-06-16 03:21:47,290 - debug - DEBUG - Batch 260 grad norm: 1.013085
2026-06-16 03:21:48,372 - debug - DEBUG - Batch 270 grad norm: 1.192299
2026-06-16 03:21:49,458 - debug - DEBUG - Batch 280 grad norm: 0.988527
2026-06-16 03:21:50,534 - debug - DEBUG - Batch 290 grad norm: 1.197561
2026-06-16 03:21:51,606 - debug - DEBUG - Batch 300 grad norm: 1.113223
2026-06-16 03:21:52,671 - debug - DEBUG - Batch 310 grad norm: 1.073423
2026-06-16 03:21:53,711 - debug - DEBUG - Batch 320 grad norm: 1.082206
2026-06-16 03:21:54,765 - debug - DEBUG - Batch 330 grad norm: 1.360306
2026-06-16 03:21:55,788 - debug - DEBUG - Batch 340 grad norm: 1.309394
2026-06-16 03:21:56,845 - debug - DEBUG - Batch 350 grad norm: 1.019635
2026-06-16 03:21:56,941 - debug - DEBUG - compute_metrics_and_record started for epoch 65
2026-06-16 03:21:56,941 - debug - DEBUG - all_preds length: 45000, all_targets length: 45000
2026-06-16 03:21:56,941 - debug - DEBUG - First 10 preds: [1, 2, 7, 0, 0, 0, 6, 4, 2, 4]
2026-06-16 03:21:56,941 - debug - DEBUG - First 10 targets: [1, 2, 7, 0, 0, 0, 6, 4, 2, 4]
2026-06-16 03:21:56,953 - debug - DEBUG - Unique predicted classes: 10 (first 10: [0 1 2 3 4 5 6 7 8 9])
2026-06-16 03:21:56,953 - debug - DEBUG - Unique target classes: 10 (first 10: [0 1 2 3 4 5 6 7 8 9])
2026-06-16 03:21:59,180 - debug - DEBUG - compute_metrics_and_record started for epoch 65
2026-06-16 03:21:59,181 - debug - DEBUG - all_preds length: 10000, all_targets length: 10000
2026-06-16 03:21:59,181 - debug - DEBUG - First 10 preds: [3, 8, 8, 8, 6, 6, 1, 6, 3, 1]
2026-06-16 03:21:59,181 - debug - DEBUG - First 10 targets: [3, 8, 8, 0, 6, 6, 1, 6, 3, 1]
2026-06-16 03:21:59,183 - debug - DEBUG - Unique predicted classes: 10 (first 10: [0 1 2 3 4 5 6 7 8 9])
2026-06-16 03:21:59,183 - debug - DEBUG - Unique target classes: 10 (first 10: [0 1 2 3 4 5 6 7 8 9])
2026-06-16 03:21:59,488 - debug - DEBUG - Device Check - Batch 0
2026-06-16 03:21:59,489 - debug - DEBUG -   Config GPU ID: 1
2026-06-16 03:21:59,489 - debug - DEBUG -   Input Device:  cuda:1
2026-06-16 03:21:59,489 - debug - DEBUG -   Target Device: cuda:1
2026-06-16 03:21:59,490 - debug - DEBUG -   Model Device:  cuda:1
2026-06-16 03:21:59,490 - debug - DEBUG -   Criterion Weight Device: No weights
2026-06-16 03:21:59,849 - debug - DEBUG - Batch 0 grad norm: 0.818831
2026-06-16 03:22:00,922 - debug - DEBUG - Batch 10 grad norm: 1.145744
2026-06-16 03:22:01,991 - debug - DEBUG - Batch 20 grad norm: 1.127531
2026-06-16 03:22:03,067 - debug - DEBUG - Batch 30 grad norm: 1.051905
2026-06-16 03:22:04,152 - debug - DEBUG - Batch 40 grad norm: 0.979973
2026-06-16 03:22:05,210 - debug - DEBUG - Batch 50 grad norm: 0.951057
2026-06-16 03:22:06,304 - debug - DEBUG - Batch 60 grad norm: 0.896184
2026-06-16 03:22:07,378 - debug - DEBUG - Batch 70 grad norm: 0.961139
2026-06-16 03:22:08,460 - debug - DEBUG - Batch 80 grad norm: 1.091671
2026-06-16 03:22:09,511 - debug - DEBUG - Batch 90 grad norm: 0.659342
2026-06-16 03:22:10,601 - debug - DEBUG - Batch 100 grad norm: 1.214780
2026-06-16 03:22:11,668 - debug - DEBUG - Batch 110 grad norm: 1.219499
2026-06-16 03:22:12,754 - debug - DEBUG - Batch 120 grad norm: 1.003358
2026-06-16 03:22:13,839 - debug - DEBUG - Batch 130 grad norm: 0.864929
2026-06-16 03:22:14,897 - debug - DEBUG - Batch 140 grad norm: 1.399647
2026-06-16 03:22:15,985 - debug - DEBUG - Batch 150 grad norm: 1.199962
2026-06-16 03:22:17,072 - debug - DEBUG - Batch 160 grad norm: 1.187417
2026-06-16 03:22:18,075 - debug - DEBUG - Batch 170 grad norm: 0.969607
2026-06-16 03:22:19,222 - debug - DEBUG - Batch 180 grad norm: 0.944093
2026-06-16 03:22:20,187 - debug - DEBUG - Batch 190 grad norm: 1.237896
2026-06-16 03:22:21,266 - debug - DEBUG - Batch 200 grad norm: 1.065920
2026-06-16 03:22:22,343 - debug - DEBUG - Batch 210 grad norm: 0.961716
2026-06-16 03:22:23,331 - debug - DEBUG - Batch 220 grad norm: 0.997022
2026-06-16 03:22:24,476 - debug - DEBUG - Batch 230 grad norm: 0.904328
2026-06-16 03:22:25,435 - debug - DEBUG - Batch 240 grad norm: 0.991995
2026-06-16 03:22:26,499 - debug - DEBUG - Batch 250 grad norm: 1.007008
2026-06-16 03:22:27,591 - debug - DEBUG - Batch 260 grad norm: 0.869129
2026-06-16 03:22:28,676 - debug - DEBUG - Batch 270 grad norm: 1.454158
2026-06-16 03:22:29,758 - debug - DEBUG - Batch 280 grad norm: 0.937974
2026-06-16 03:22:30,810 - debug - DEBUG - Batch 290 grad norm: 0.941445
2026-06-16 03:22:31,893 - debug - DEBUG - Batch 300 grad norm: 1.263383
2026-06-16 03:22:32,957 - debug - DEBUG - Batch 310 grad norm: 1.001388
2026-06-16 03:22:34,040 - debug - DEBUG - Batch 320 grad norm: 0.997043
2026-06-16 03:22:35,122 - debug - DEBUG - Batch 330 grad norm: 1.138469
2026-06-16 03:22:36,200 - debug - DEBUG - Batch 340 grad norm: 1.129942
2026-06-16 03:22:37,262 - debug - DEBUG - Batch 350 grad norm: 1.334435
2026-06-16 03:22:37,362 - debug - DEBUG - compute_metrics_and_record started for epoch 66
2026-06-16 03:22:37,362 - debug - DEBUG - all_preds length: 45000, all_targets length: 45000
2026-06-16 03:22:37,362 - debug - DEBUG - First 10 preds: [2, 4, 1, 8, 1, 7, 7, 2, 6, 1]
2026-06-16 03:22:37,363 - debug - DEBUG - First 10 targets: [2, 4, 1, 8, 1, 7, 7, 2, 6, 9]
2026-06-16 03:22:37,372 - debug - DEBUG - Unique predicted classes: 10 (first 10: [0 1 2 3 4 5 6 7 8 9])
2026-06-16 03:22:37,372 - debug - DEBUG - Unique target classes: 10 (first 10: [0 1 2 3 4 5 6 7 8 9])
2026-06-16 03:22:39,665 - debug - DEBUG - compute_metrics_and_record started for epoch 66
2026-06-16 03:22:39,665 - debug - DEBUG - all_preds length: 10000, all_targets length: 10000
2026-06-16 03:22:39,665 - debug - DEBUG - First 10 preds: [3, 8, 8, 8, 6, 6, 1, 6, 3, 1]
2026-06-16 03:22:39,665 - debug - DEBUG - First 10 targets: [3, 8, 8, 0, 6, 6, 1, 6, 3, 1]
2026-06-16 03:22:39,668 - debug - DEBUG - Unique predicted classes: 10 (first 10: [0 1 2 3 4 5 6 7 8 9])
2026-06-16 03:22:39,668 - debug - DEBUG - Unique target classes: 10 (first 10: [0 1 2 3 4 5 6 7 8 9])
2026-06-16 03:22:39,976 - debug - DEBUG - Device Check - Batch 0
2026-06-16 03:22:39,977 - debug - DEBUG -   Config GPU ID: 1
2026-06-16 03:22:39,977 - debug - DEBUG -   Input Device:  cuda:1
2026-06-16 03:22:39,977 - debug - DEBUG -   Target Device: cuda:1
2026-06-16 03:22:39,978 - debug - DEBUG -   Model Device:  cuda:1
2026-06-16 03:22:39,978 - debug - DEBUG -   Criterion Weight Device: No weights
2026-06-16 03:22:40,458 - debug - DEBUG - Batch 0 grad norm: 0.923565
2026-06-16 03:22:41,525 - debug - DEBUG - Batch 10 grad norm: 0.881929
2026-06-16 03:22:42,551 - debug - DEBUG - Batch 20 grad norm: 1.225165
2026-06-16 03:22:43,616 - debug - DEBUG - Batch 30 grad norm: 0.970325
2026-06-16 03:22:44,700 - debug - DEBUG - Batch 40 grad norm: 0.788599
2026-06-16 03:22:45,763 - debug - DEBUG - Batch 50 grad norm: 1.195191
2026-06-16 03:22:46,837 - debug - DEBUG - Batch 60 grad norm: 0.833589
2026-06-16 03:22:47,886 - debug - DEBUG - Batch 70 grad norm: 1.016028
2026-06-16 03:22:48,964 - debug - DEBUG - Batch 80 grad norm: 1.321264
2026-06-16 03:22:50,028 - debug - DEBUG - Batch 90 grad norm: 1.117796
2026-06-16 03:22:51,103 - debug - DEBUG - Batch 100 grad norm: 0.828793
2026-06-16 03:22:52,166 - debug - DEBUG - Batch 110 grad norm: 0.902807
2026-06-16 03:22:53,248 - debug - DEBUG - Batch 120 grad norm: 1.083044
2026-06-16 03:22:54,296 - debug - DEBUG - Batch 130 grad norm: 1.299764
2026-06-16 03:22:55,381 - debug - DEBUG - Batch 140 grad norm: 1.048819
2026-06-16 03:22:56,472 - debug - DEBUG - Batch 150 grad norm: 1.418734
2026-06-16 03:22:57,489 - debug - DEBUG - Batch 160 grad norm: 1.347712
2026-06-16 03:22:58,567 - debug - DEBUG - Batch 170 grad norm: 1.183903
2026-06-16 03:22:59,663 - debug - DEBUG - Batch 180 grad norm: 1.020643
2026-06-16 03:23:00,606 - debug - DEBUG - Batch 190 grad norm: 1.050482
2026-06-16 03:23:01,642 - debug - DEBUG - Batch 200 grad norm: 0.998915
2026-06-16 03:23:02,719 - debug - DEBUG - Batch 210 grad norm: 1.209102
2026-06-16 03:23:03,763 - debug - DEBUG - Batch 220 grad norm: 1.140171
2026-06-16 03:23:04,841 - debug - DEBUG - Batch 230 grad norm: 1.040062
2026-06-16 03:23:05,908 - debug - DEBUG - Batch 240 grad norm: 1.224715
2026-06-16 03:23:06,989 - debug - DEBUG - Batch 250 grad norm: 0.990791
2026-06-16 03:23:08,060 - debug - DEBUG - Batch 260 grad norm: 1.124976
2026-06-16 03:23:09,025 - debug - DEBUG - Batch 270 grad norm: 1.158399
2026-06-16 03:23:10,181 - debug - DEBUG - Batch 280 grad norm: 1.083815
2026-06-16 03:23:11,095 - debug - DEBUG - Batch 290 grad norm: 1.274676
2026-06-16 03:23:12,162 - debug - DEBUG - Batch 300 grad norm: 0.980626
2026-06-16 03:23:13,220 - debug - DEBUG - Batch 310 grad norm: 1.047923
2026-06-16 03:23:14,291 - debug - DEBUG - Batch 320 grad norm: 1.010125
2026-06-16 03:23:15,355 - debug - DEBUG - Batch 330 grad norm: 1.239730
2026-06-16 03:23:16,437 - debug - DEBUG - Batch 340 grad norm: 1.206236
2026-06-16 03:23:17,485 - debug - DEBUG - Batch 350 grad norm: 1.004001
2026-06-16 03:23:17,583 - debug - DEBUG - compute_metrics_and_record started for epoch 67
2026-06-16 03:23:17,583 - debug - DEBUG - all_preds length: 45000, all_targets length: 45000
2026-06-16 03:23:17,583 - debug - DEBUG - First 10 preds: [0, 6, 9, 7, 6, 9, 8, 5, 5, 9]
2026-06-16 03:23:17,583 - debug - DEBUG - First 10 targets: [0, 6, 9, 7, 6, 9, 8, 5, 3, 9]
2026-06-16 03:23:17,592 - debug - DEBUG - Unique predicted classes: 10 (first 10: [0 1 2 3 4 5 6 7 8 9])
2026-06-16 03:23:17,592 - debug - DEBUG - Unique target classes: 10 (first 10: [0 1 2 3 4 5 6 7 8 9])
2026-06-16 03:23:19,849 - debug - DEBUG - compute_metrics_and_record started for epoch 67
2026-06-16 03:23:19,850 - debug - DEBUG - all_preds length: 10000, all_targets length: 10000
2026-06-16 03:23:19,850 - debug - DEBUG - First 10 preds: [3, 8, 8, 8, 6, 6, 1, 2, 3, 1]
2026-06-16 03:23:19,850 - debug - DEBUG - First 10 targets: [3, 8, 8, 0, 6, 6, 1, 6, 3, 1]
2026-06-16 03:23:19,852 - debug - DEBUG - Unique predicted classes: 10 (first 10: [0 1 2 3 4 5 6 7 8 9])
2026-06-16 03:23:19,852 - debug - DEBUG - Unique target classes: 10 (first 10: [0 1 2 3 4 5 6 7 8 9])
2026-06-16 03:23:20,112 - debug - DEBUG - Device Check - Batch 0
2026-06-16 03:23:20,113 - debug - DEBUG -   Config GPU ID: 1
2026-06-16 03:23:20,113 - debug - DEBUG -   Input Device:  cuda:1
2026-06-16 03:23:20,113 - debug - DEBUG -   Target Device: cuda:1
2026-06-16 03:23:20,113 - debug - DEBUG -   Model Device:  cuda:1
2026-06-16 03:23:20,114 - debug - DEBUG -   Criterion Weight Device: No weights
2026-06-16 03:23:20,465 - debug - DEBUG - Batch 0 grad norm: 1.112412
2026-06-16 03:23:21,534 - debug - DEBUG - Batch 10 grad norm: 0.917349
2026-06-16 03:23:22,583 - debug - DEBUG - Batch 20 grad norm: 1.307399
2026-06-16 03:23:23,655 - debug - DEBUG - Batch 30 grad norm: 0.948202
2026-06-16 03:23:24,706 - debug - DEBUG - Batch 40 grad norm: 1.047162
2026-06-16 03:23:25,778 - debug - DEBUG - Batch 50 grad norm: 1.036247
2026-06-16 03:23:26,831 - debug - DEBUG - Batch 60 grad norm: 1.034523
2026-06-16 03:23:27,908 - debug - DEBUG - Batch 70 grad norm: 0.952628
2026-06-16 03:23:28,963 - debug - DEBUG - Batch 80 grad norm: 1.018803
2026-06-16 03:23:30,043 - debug - DEBUG - Batch 90 grad norm: 1.030172
2026-06-16 03:23:31,094 - debug - DEBUG - Batch 100 grad norm: 1.123583
2026-06-16 03:23:32,325 - debug - DEBUG - Batch 110 grad norm: 0.944586
2026-06-16 03:23:33,402 - debug - DEBUG - Batch 120 grad norm: 0.998330
2026-06-16 03:23:34,459 - debug - DEBUG - Batch 130 grad norm: 1.231144
2026-06-16 03:23:35,540 - debug - DEBUG - Batch 140 grad norm: 1.083267
2026-06-16 03:23:36,575 - debug - DEBUG - Batch 150 grad norm: 1.060144
2026-06-16 03:23:37,619 - debug - DEBUG - Batch 160 grad norm: 1.050696
2026-06-16 03:23:38,679 - debug - DEBUG - Batch 170 grad norm: 1.261950
2026-06-16 03:23:39,804 - debug - DEBUG - Batch 180 grad norm: 1.076129
2026-06-16 03:23:40,715 - debug - DEBUG - Batch 190 grad norm: 1.397499
2026-06-16 03:23:41,792 - debug - DEBUG - Batch 200 grad norm: 1.166151
2026-06-16 03:23:42,884 - debug - DEBUG - Batch 210 grad norm: 0.914431
2026-06-16 03:23:43,921 - debug - DEBUG - Batch 220 grad norm: 1.014902
2026-06-16 03:23:45,006 - debug - DEBUG - Batch 230 grad norm: 1.074302
2026-06-16 03:23:46,058 - debug - DEBUG - Batch 240 grad norm: 0.979310
2026-06-16 03:23:47,135 - debug - DEBUG - Batch 250 grad norm: 1.044353
2026-06-16 03:23:48,211 - debug - DEBUG - Batch 260 grad norm: 1.086234
2026-06-16 03:23:49,287 - debug - DEBUG - Batch 270 grad norm: 1.014497
2026-06-16 03:23:50,366 - debug - DEBUG - Batch 280 grad norm: 1.008866
2026-06-16 03:23:51,444 - debug - DEBUG - Batch 290 grad norm: 0.977960
2026-06-16 03:23:52,515 - debug - DEBUG - Batch 300 grad norm: 1.237272
2026-06-16 03:23:53,584 - debug - DEBUG - Batch 310 grad norm: 1.401057
2026-06-16 03:23:54,458 - debug - DEBUG - Batch 320 grad norm: 1.002638
2026-06-16 03:23:55,574 - debug - DEBUG - Batch 330 grad norm: 1.088201
2026-06-16 03:23:56,649 - debug - DEBUG - Batch 340 grad norm: 0.898841
2026-06-16 03:23:57,605 - debug - DEBUG - Batch 350 grad norm: 1.228924
2026-06-16 03:23:57,711 - debug - DEBUG - compute_metrics_and_record started for epoch 68
2026-06-16 03:23:57,711 - debug - DEBUG - all_preds length: 45000, all_targets length: 45000
2026-06-16 03:23:57,711 - debug - DEBUG - First 10 preds: [8, 9, 0, 5, 8, 4, 7, 0, 2, 5]
2026-06-16 03:23:57,711 - debug - DEBUG - First 10 targets: [8, 9, 0, 5, 8, 4, 7, 0, 2, 5]
2026-06-16 03:23:57,723 - debug - DEBUG - Unique predicted classes: 10 (first 10: [0 1 2 3 4 5 6 7 8 9])
2026-06-16 03:23:57,723 - debug - DEBUG - Unique target classes: 10 (first 10: [0 1 2 3 4 5 6 7 8 9])
2026-06-16 03:23:59,942 - debug - DEBUG - compute_metrics_and_record started for epoch 68
2026-06-16 03:23:59,943 - debug - DEBUG - all_preds length: 10000, all_targets length: 10000
2026-06-16 03:23:59,943 - debug - DEBUG - First 10 preds: [3, 8, 1, 8, 6, 6, 1, 6, 3, 1]
2026-06-16 03:23:59,943 - debug - DEBUG - First 10 targets: [3, 8, 8, 0, 6, 6, 1, 6, 3, 1]
2026-06-16 03:23:59,945 - debug - DEBUG - Unique predicted classes: 10 (first 10: [0 1 2 3 4 5 6 7 8 9])
2026-06-16 03:23:59,946 - debug - DEBUG - Unique target classes: 10 (first 10: [0 1 2 3 4 5 6 7 8 9])
2026-06-16 03:24:00,214 - debug - DEBUG - Device Check - Batch 0
2026-06-16 03:24:00,215 - debug - DEBUG -   Config GPU ID: 1
2026-06-16 03:24:00,215 - debug - DEBUG -   Input Device:  cuda:1
2026-06-16 03:24:00,216 - debug - DEBUG -   Target Device: cuda:1
2026-06-16 03:24:00,216 - debug - DEBUG -   Model Device:  cuda:1
2026-06-16 03:24:00,216 - debug - DEBUG -   Criterion Weight Device: No weights
2026-06-16 03:24:00,572 - debug - DEBUG - Batch 0 grad norm: 0.829202
2026-06-16 03:24:01,610 - debug - DEBUG - Batch 10 grad norm: 0.738504
2026-06-16 03:24:02,688 - debug - DEBUG - Batch 20 grad norm: 1.035654
2026-06-16 03:24:03,739 - debug - DEBUG - Batch 30 grad norm: 1.104443
2026-06-16 03:24:04,814 - debug - DEBUG - Batch 40 grad norm: 0.960039
2026-06-16 03:24:05,863 - debug - DEBUG - Batch 50 grad norm: 0.834812
2026-06-16 03:24:06,947 - debug - DEBUG - Batch 60 grad norm: 0.871133
2026-06-16 03:24:08,031 - debug - DEBUG - Batch 70 grad norm: 0.778760
2026-06-16 03:24:09,092 - debug - DEBUG - Batch 80 grad norm: 0.940331
2026-06-16 03:24:10,185 - debug - DEBUG - Batch 90 grad norm: 1.182892
2026-06-16 03:24:11,247 - debug - DEBUG - Batch 100 grad norm: 1.468705
2026-06-16 03:24:12,335 - debug - DEBUG - Batch 110 grad norm: 0.984942
2026-06-16 03:24:13,421 - debug - DEBUG - Batch 120 grad norm: 0.825742
2026-06-16 03:24:14,502 - debug - DEBUG - Batch 130 grad norm: 0.944430
2026-06-16 03:24:15,553 - debug - DEBUG - Batch 140 grad norm: 0.983693
2026-06-16 03:24:16,634 - debug - DEBUG - Batch 150 grad norm: 1.046102
2026-06-16 03:24:17,716 - debug - DEBUG - Batch 160 grad norm: 1.054573
2026-06-16 03:24:18,780 - debug - DEBUG - Batch 170 grad norm: 0.790222
2026-06-16 03:24:19,934 - debug - DEBUG - Batch 180 grad norm: 1.290349
2026-06-16 03:24:20,830 - debug - DEBUG - Batch 190 grad norm: 1.113835
2026-06-16 03:24:21,916 - debug - DEBUG - Batch 200 grad norm: 1.105007
2026-06-16 03:24:22,990 - debug - DEBUG - Batch 210 grad norm: 1.398615
2026-06-16 03:24:24,079 - debug - DEBUG - Batch 220 grad norm: 1.015914
2026-06-16 03:24:25,142 - debug - DEBUG - Batch 230 grad norm: 1.141595
2026-06-16 03:24:26,204 - debug - DEBUG - Batch 240 grad norm: 1.052875
2026-06-16 03:24:27,250 - debug - DEBUG - Batch 250 grad norm: 1.084736
2026-06-16 03:24:28,308 - debug - DEBUG - Batch 260 grad norm: 0.842673
2026-06-16 03:24:29,369 - debug - DEBUG - Batch 270 grad norm: 0.979492
2026-06-16 03:24:30,435 - debug - DEBUG - Batch 280 grad norm: 0.970014
2026-06-16 03:24:31,504 - debug - DEBUG - Batch 290 grad norm: 1.182189
2026-06-16 03:24:32,528 - debug - DEBUG - Batch 300 grad norm: 1.090320
2026-06-16 03:24:33,592 - debug - DEBUG - Batch 310 grad norm: 1.116569
2026-06-16 03:24:34,642 - debug - DEBUG - Batch 320 grad norm: 1.266794
2026-06-16 03:24:35,709 - debug - DEBUG - Batch 330 grad norm: 1.160952
2026-06-16 03:24:36,748 - debug - DEBUG - Batch 340 grad norm: 1.178983
2026-06-16 03:24:37,823 - debug - DEBUG - Batch 350 grad norm: 1.168697
2026-06-16 03:24:37,938 - debug - DEBUG - compute_metrics_and_record started for epoch 69
2026-06-16 03:24:37,938 - debug - DEBUG - all_preds length: 45000, all_targets length: 45000
2026-06-16 03:24:37,939 - debug - DEBUG - First 10 preds: [8, 9, 9, 5, 3, 2, 3, 8, 7, 1]
2026-06-16 03:24:37,939 - debug - DEBUG - First 10 targets: [8, 9, 9, 5, 3, 4, 3, 8, 7, 1]
2026-06-16 03:24:37,950 - debug - DEBUG - Unique predicted classes: 10 (first 10: [0 1 2 3 4 5 6 7 8 9])
2026-06-16 03:24:37,951 - debug - DEBUG - Unique target classes: 10 (first 10: [0 1 2 3 4 5 6 7 8 9])
2026-06-16 03:24:40,093 - debug - DEBUG - compute_metrics_and_record started for epoch 69
2026-06-16 03:24:40,094 - debug - DEBUG - all_preds length: 10000, all_targets length: 10000
2026-06-16 03:24:40,094 - debug - DEBUG - First 10 preds: [3, 8, 8, 0, 6, 6, 1, 4, 3, 1]
2026-06-16 03:24:40,094 - debug - DEBUG - First 10 targets: [3, 8, 8, 0, 6, 6, 1, 6, 3, 1]
2026-06-16 03:24:40,096 - debug - DEBUG - Unique predicted classes: 10 (first 10: [0 1 2 3 4 5 6 7 8 9])
2026-06-16 03:24:40,096 - debug - DEBUG - Unique target classes: 10 (first 10: [0 1 2 3 4 5 6 7 8 9])
2026-06-16 03:24:40,405 - debug - DEBUG - Device Check - Batch 0
2026-06-16 03:24:40,406 - debug - DEBUG -   Config GPU ID: 1
2026-06-16 03:24:40,406 - debug - DEBUG -   Input Device:  cuda:1
2026-06-16 03:24:40,406 - debug - DEBUG -   Target Device: cuda:1
2026-06-16 03:24:40,406 - debug - DEBUG -   Model Device:  cuda:1
2026-06-16 03:24:40,407 - debug - DEBUG -   Criterion Weight Device: No weights
2026-06-16 03:24:40,849 - debug - DEBUG - Batch 0 grad norm: 1.003159
2026-06-16 03:24:42,000 - debug - DEBUG - Batch 10 grad norm: 0.902289
2026-06-16 03:24:42,932 - debug - DEBUG - Batch 20 grad norm: 1.167311
2026-06-16 03:24:43,987 - debug - DEBUG - Batch 30 grad norm: 1.228286
2026-06-16 03:24:45,057 - debug - DEBUG - Batch 40 grad norm: 1.291033
2026-06-16 03:24:46,106 - debug - DEBUG - Batch 50 grad norm: 1.172449
2026-06-16 03:24:47,189 - debug - DEBUG - Batch 60 grad norm: 0.934365
2026-06-16 03:24:48,246 - debug - DEBUG - Batch 70 grad norm: 1.009531
2026-06-16 03:24:49,324 - debug - DEBUG - Batch 80 grad norm: 1.085326
2026-06-16 03:24:50,377 - debug - DEBUG - Batch 90 grad norm: 1.033839
2026-06-16 03:24:51,456 - debug - DEBUG - Batch 100 grad norm: 1.070868
2026-06-16 03:24:52,533 - debug - DEBUG - Batch 110 grad norm: 1.172458
2026-06-16 03:24:53,616 - debug - DEBUG - Batch 120 grad norm: 0.996426
2026-06-16 03:24:54,696 - debug - DEBUG - Batch 130 grad norm: 1.040364
2026-06-16 03:24:55,751 - debug - DEBUG - Batch 140 grad norm: 1.119418
2026-06-16 03:24:56,835 - debug - DEBUG - Batch 150 grad norm: 1.111051
2026-06-16 03:24:57,919 - debug - DEBUG - Batch 160 grad norm: 0.991872
2026-06-16 03:24:58,969 - debug - DEBUG - Batch 170 grad norm: 0.956809
2026-06-16 03:25:00,108 - debug - DEBUG - Batch 180 grad norm: 0.948610
2026-06-16 03:25:01,034 - debug - DEBUG - Batch 190 grad norm: 1.238654
2026-06-16 03:25:02,096 - debug - DEBUG - Batch 200 grad norm: 1.072791
2026-06-16 03:25:03,178 - debug - DEBUG - Batch 210 grad norm: 1.017004
2026-06-16 03:25:04,262 - debug - DEBUG - Batch 220 grad norm: 1.176697
2026-06-16 03:25:05,307 - debug - DEBUG - Batch 230 grad norm: 1.260408
2026-06-16 03:25:06,364 - debug - DEBUG - Batch 240 grad norm: 0.816528
2026-06-16 03:25:07,406 - debug - DEBUG - Batch 250 grad norm: 1.103779
2026-06-16 03:25:08,464 - debug - DEBUG - Batch 260 grad norm: 1.557116
2026-06-16 03:25:09,516 - debug - DEBUG - Batch 270 grad norm: 1.177212
2026-06-16 03:25:10,586 - debug - DEBUG - Batch 280 grad norm: 1.191261
2026-06-16 03:25:11,616 - debug - DEBUG - Batch 290 grad norm: 1.114207
2026-06-16 03:25:12,682 - debug - DEBUG - Batch 300 grad norm: 0.921455
2026-06-16 03:25:13,721 - debug - DEBUG - Batch 310 grad norm: 1.167749
2026-06-16 03:25:14,793 - debug - DEBUG - Batch 320 grad norm: 1.019517
2026-06-16 03:25:15,867 - debug - DEBUG - Batch 330 grad norm: 1.345925
2026-06-16 03:25:16,917 - debug - DEBUG - Batch 340 grad norm: 1.065155
2026-06-16 03:25:18,001 - debug - DEBUG - Batch 350 grad norm: 1.038854
2026-06-16 03:25:18,102 - debug - DEBUG - compute_metrics_and_record started for epoch 70
2026-06-16 03:25:18,102 - debug - DEBUG - all_preds length: 45000, all_targets length: 45000
2026-06-16 03:25:18,102 - debug - DEBUG - First 10 preds: [5, 3, 2, 9, 2, 4, 6, 1, 7, 1]
2026-06-16 03:25:18,103 - debug - DEBUG - First 10 targets: [6, 3, 2, 9, 2, 4, 6, 1, 7, 1]
2026-06-16 03:25:18,116 - debug - DEBUG - Unique predicted classes: 10 (first 10: [0 1 2 3 4 5 6 7 8 9])
2026-06-16 03:25:18,116 - debug - DEBUG - Unique target classes: 10 (first 10: [0 1 2 3 4 5 6 7 8 9])
2026-06-16 03:25:20,334 - debug - DEBUG - compute_metrics_and_record started for epoch 70
2026-06-16 03:25:20,335 - debug - DEBUG - all_preds length: 10000, all_targets length: 10000
2026-06-16 03:25:20,335 - debug - DEBUG - First 10 preds: [3, 8, 8, 8, 6, 6, 1, 6, 3, 1]
2026-06-16 03:25:20,335 - debug - DEBUG - First 10 targets: [3, 8, 8, 0, 6, 6, 1, 6, 3, 1]
2026-06-16 03:25:20,339 - debug - DEBUG - Unique predicted classes: 10 (first 10: [0 1 2 3 4 5 6 7 8 9])
2026-06-16 03:25:20,339 - debug - DEBUG - Unique target classes: 10 (first 10: [0 1 2 3 4 5 6 7 8 9])
2026-06-16 03:25:20,681 - debug - DEBUG - Device Check - Batch 0
2026-06-16 03:25:20,682 - debug - DEBUG -   Config GPU ID: 1
2026-06-16 03:25:20,682 - debug - DEBUG -   Input Device:  cuda:1
2026-06-16 03:25:20,683 - debug - DEBUG -   Target Device: cuda:1
2026-06-16 03:25:20,683 - debug - DEBUG -   Model Device:  cuda:1
2026-06-16 03:25:20,683 - debug - DEBUG -   Criterion Weight Device: No weights
2026-06-16 03:25:21,081 - debug - DEBUG - Batch 0 grad norm: 1.033883
2026-06-16 03:25:22,160 - debug - DEBUG - Batch 10 grad norm: 0.879806
2026-06-16 03:25:23,217 - debug - DEBUG - Batch 20 grad norm: 0.780963
2026-06-16 03:25:24,301 - debug - DEBUG - Batch 30 grad norm: 1.199731
2026-06-16 03:25:25,364 - debug - DEBUG - Batch 40 grad norm: 1.115861
2026-06-16 03:25:26,350 - debug - DEBUG - Batch 50 grad norm: 0.863993
2026-06-16 03:25:27,489 - debug - DEBUG - Batch 60 grad norm: 1.068715
2026-06-16 03:25:28,427 - debug - DEBUG - Batch 70 grad norm: 0.872633
2026-06-16 03:25:29,510 - debug - DEBUG - Batch 80 grad norm: 0.949323
2026-06-16 03:25:30,591 - debug - DEBUG - Batch 90 grad norm: 1.190689
2026-06-16 03:25:31,675 - debug - DEBUG - Batch 100 grad norm: 0.951552
2026-06-16 03:25:32,743 - debug - DEBUG - Batch 110 grad norm: 0.845739
2026-06-16 03:25:33,806 - debug - DEBUG - Batch 120 grad norm: 1.318114
2026-06-16 03:25:34,861 - debug - DEBUG - Batch 130 grad norm: 1.033636
2026-06-16 03:25:35,921 - debug - DEBUG - Batch 140 grad norm: 0.815195
2026-06-16 03:25:36,979 - debug - DEBUG - Batch 150 grad norm: 1.323515
2026-06-16 03:25:38,044 - debug - DEBUG - Batch 160 grad norm: 1.283110
2026-06-16 03:25:39,101 - debug - DEBUG - Batch 170 grad norm: 1.238340
2026-06-16 03:25:40,249 - debug - DEBUG - Batch 180 grad norm: 1.222331
2026-06-16 03:25:41,149 - debug - DEBUG - Batch 190 grad norm: 1.263509
2026-06-16 03:25:42,187 - debug - DEBUG - Batch 200 grad norm: 1.229226
2026-06-16 03:25:43,253 - debug - DEBUG - Batch 210 grad norm: 0.971086
2026-06-16 03:25:44,281 - debug - DEBUG - Batch 220 grad norm: 1.116808
2026-06-16 03:25:45,357 - debug - DEBUG - Batch 230 grad norm: 1.077826
2026-06-16 03:25:46,409 - debug - DEBUG - Batch 240 grad norm: 1.183523
2026-06-16 03:25:47,477 - debug - DEBUG - Batch 250 grad norm: 0.996597
2026-06-16 03:25:48,519 - debug - DEBUG - Batch 260 grad norm: 1.183525
2026-06-16 03:25:49,602 - debug - DEBUG - Batch 270 grad norm: 1.058982
2026-06-16 03:25:50,684 - debug - DEBUG - Batch 280 grad norm: 0.972135
2026-06-16 03:25:51,745 - debug - DEBUG - Batch 290 grad norm: 0.984315
2026-06-16 03:25:52,835 - debug - DEBUG - Batch 300 grad norm: 1.111627
2026-06-16 03:25:53,894 - debug - DEBUG - Batch 310 grad norm: 0.988744
2026-06-16 03:25:54,979 - debug - DEBUG - Batch 320 grad norm: 0.927475
2026-06-16 03:25:56,062 - debug - DEBUG - Batch 330 grad norm: 1.032203
2026-06-16 03:25:57,149 - debug - DEBUG - Batch 340 grad norm: 1.052362
2026-06-16 03:25:58,219 - debug - DEBUG - Batch 350 grad norm: 0.747508
2026-06-16 03:25:58,317 - debug - DEBUG - compute_metrics_and_record started for epoch 71
2026-06-16 03:25:58,318 - debug - DEBUG - all_preds length: 45000, all_targets length: 45000
2026-06-16 03:25:58,318 - debug - DEBUG - First 10 preds: [7, 7, 6, 6, 8, 6, 4, 9, 8, 9]
2026-06-16 03:25:58,318 - debug - DEBUG - First 10 targets: [7, 7, 6, 6, 8, 3, 6, 9, 8, 9]
2026-06-16 03:25:58,329 - debug - DEBUG - Unique predicted classes: 10 (first 10: [0 1 2 3 4 5 6 7 8 9])
2026-06-16 03:25:58,329 - debug - DEBUG - Unique target classes: 10 (first 10: [0 1 2 3 4 5 6 7 8 9])
2026-06-16 03:26:00,644 - debug - DEBUG - compute_metrics_and_record started for epoch 71
2026-06-16 03:26:00,645 - debug - DEBUG - all_preds length: 10000, all_targets length: 10000
2026-06-16 03:26:00,645 - debug - DEBUG - First 10 preds: [3, 8, 8, 8, 6, 6, 1, 6, 3, 1]
2026-06-16 03:26:00,645 - debug - DEBUG - First 10 targets: [3, 8, 8, 0, 6, 6, 1, 6, 3, 1]
2026-06-16 03:26:00,647 - debug - DEBUG - Unique predicted classes: 10 (first 10: [0 1 2 3 4 5 6 7 8 9])
2026-06-16 03:26:00,647 - debug - DEBUG - Unique target classes: 10 (first 10: [0 1 2 3 4 5 6 7 8 9])
2026-06-16 03:26:00,957 - debug - DEBUG - Device Check - Batch 0
2026-06-16 03:26:00,959 - debug - DEBUG -   Config GPU ID: 1
2026-06-16 03:26:00,959 - debug - DEBUG -   Input Device:  cuda:1
2026-06-16 03:26:00,959 - debug - DEBUG -   Target Device: cuda:1
2026-06-16 03:26:00,959 - debug - DEBUG -   Model Device:  cuda:1
2026-06-16 03:26:00,959 - debug - DEBUG -   Criterion Weight Device: No weights
2026-06-16 03:26:01,373 - debug - DEBUG - Batch 0 grad norm: 1.118827
2026-06-16 03:26:02,452 - debug - DEBUG - Batch 10 grad norm: 1.069144
2026-06-16 03:26:03,523 - debug - DEBUG - Batch 20 grad norm: 1.200531
2026-06-16 03:26:04,598 - debug - DEBUG - Batch 30 grad norm: 1.134690
2026-06-16 03:26:05,649 - debug - DEBUG - Batch 40 grad norm: 0.990643
2026-06-16 03:26:06,708 - debug - DEBUG - Batch 50 grad norm: 0.956256
2026-06-16 03:26:07,752 - debug - DEBUG - Batch 60 grad norm: 1.256706
2026-06-16 03:26:08,821 - debug - DEBUG - Batch 70 grad norm: 1.449663
2026-06-16 03:26:09,863 - debug - DEBUG - Batch 80 grad norm: 1.179664
2026-06-16 03:26:10,926 - debug - DEBUG - Batch 90 grad norm: 0.812631
2026-06-16 03:26:11,915 - debug - DEBUG - Batch 100 grad norm: 1.078939
2026-06-16 03:26:12,982 - debug - DEBUG - Batch 110 grad norm: 1.014787
2026-06-16 03:26:14,094 - debug - DEBUG - Batch 120 grad norm: 1.226678
2026-06-16 03:26:15,016 - debug - DEBUG - Batch 130 grad norm: 1.291989
2026-06-16 03:26:16,084 - debug - DEBUG - Batch 140 grad norm: 1.178710
2026-06-16 03:26:17,134 - debug - DEBUG - Batch 150 grad norm: 1.109121
2026-06-16 03:26:18,209 - debug - DEBUG - Batch 160 grad norm: 1.076192
2026-06-16 03:26:19,230 - debug - DEBUG - Batch 170 grad norm: 1.223491
2026-06-16 03:26:20,375 - debug - DEBUG - Batch 180 grad norm: 1.345184
2026-06-16 03:26:21,272 - debug - DEBUG - Batch 190 grad norm: 1.104570
2026-06-16 03:26:22,357 - debug - DEBUG - Batch 200 grad norm: 1.345268
2026-06-16 03:26:23,444 - debug - DEBUG - Batch 210 grad norm: 1.342166
2026-06-16 03:26:24,510 - debug - DEBUG - Batch 220 grad norm: 1.118439
2026-06-16 03:26:25,594 - debug - DEBUG - Batch 230 grad norm: 0.867756
2026-06-16 03:26:26,653 - debug - DEBUG - Batch 240 grad norm: 1.046928
2026-06-16 03:26:27,742 - debug - DEBUG - Batch 250 grad norm: 0.944085
2026-06-16 03:26:28,824 - debug - DEBUG - Batch 260 grad norm: 1.135866
2026-06-16 03:26:29,908 - debug - DEBUG - Batch 270 grad norm: 1.088462
2026-06-16 03:26:30,963 - debug - DEBUG - Batch 280 grad norm: 1.069037
2026-06-16 03:26:32,043 - debug - DEBUG - Batch 290 grad norm: 0.882050
2026-06-16 03:26:33,107 - debug - DEBUG - Batch 300 grad norm: 1.113337
2026-06-16 03:26:34,188 - debug - DEBUG - Batch 310 grad norm: 1.049187
2026-06-16 03:26:35,264 - debug - DEBUG - Batch 320 grad norm: 0.786212
2026-06-16 03:26:36,319 - debug - DEBUG - Batch 330 grad norm: 1.321420
2026-06-16 03:26:37,380 - debug - DEBUG - Batch 340 grad norm: 1.311628
2026-06-16 03:26:38,409 - debug - DEBUG - Batch 350 grad norm: 1.080541
2026-06-16 03:26:38,514 - debug - DEBUG - compute_metrics_and_record started for epoch 72
2026-06-16 03:26:38,514 - debug - DEBUG - all_preds length: 45000, all_targets length: 45000
2026-06-16 03:26:38,514 - debug - DEBUG - First 10 preds: [6, 4, 4, 9, 3, 4, 4, 8, 2, 1]
2026-06-16 03:26:38,514 - debug - DEBUG - First 10 targets: [4, 4, 4, 1, 3, 4, 4, 8, 2, 1]
2026-06-16 03:26:38,524 - debug - DEBUG - Unique predicted classes: 10 (first 10: [0 1 2 3 4 5 6 7 8 9])
2026-06-16 03:26:38,524 - debug - DEBUG - Unique target classes: 10 (first 10: [0 1 2 3 4 5 6 7 8 9])
2026-06-16 03:26:40,775 - debug - DEBUG - compute_metrics_and_record started for epoch 72
2026-06-16 03:26:40,776 - debug - DEBUG - all_preds length: 10000, all_targets length: 10000
2026-06-16 03:26:40,776 - debug - DEBUG - First 10 preds: [3, 8, 8, 2, 6, 6, 9, 6, 3, 9]
2026-06-16 03:26:40,776 - debug - DEBUG - First 10 targets: [3, 8, 8, 0, 6, 6, 1, 6, 3, 1]
2026-06-16 03:26:40,778 - debug - DEBUG - Unique predicted classes: 10 (first 10: [0 1 2 3 4 5 6 7 8 9])
2026-06-16 03:26:40,778 - debug - DEBUG - Unique target classes: 10 (first 10: [0 1 2 3 4 5 6 7 8 9])
2026-06-16 03:26:41,097 - debug - DEBUG - Device Check - Batch 0
2026-06-16 03:26:41,097 - debug - DEBUG -   Config GPU ID: 1
2026-06-16 03:26:41,098 - debug - DEBUG -   Input Device:  cuda:1
2026-06-16 03:26:41,098 - debug - DEBUG -   Target Device: cuda:1
2026-06-16 03:26:41,098 - debug - DEBUG -   Model Device:  cuda:1
2026-06-16 03:26:41,098 - debug - DEBUG -   Criterion Weight Device: No weights
2026-06-16 03:26:41,502 - debug - DEBUG - Batch 0 grad norm: 1.241174
2026-06-16 03:26:42,557 - debug - DEBUG - Batch 10 grad norm: 1.258832
2026-06-16 03:26:43,630 - debug - DEBUG - Batch 20 grad norm: 0.842705
2026-06-16 03:26:44,669 - debug - DEBUG - Batch 30 grad norm: 0.914768
2026-06-16 03:26:45,739 - debug - DEBUG - Batch 40 grad norm: 1.189309
2026-06-16 03:26:46,805 - debug - DEBUG - Batch 50 grad norm: 0.938517
2026-06-16 03:26:47,976 - debug - DEBUG - Batch 60 grad norm: 1.148297
2026-06-16 03:26:49,054 - debug - DEBUG - Batch 70 grad norm: 1.004825
2026-06-16 03:26:50,114 - debug - DEBUG - Batch 80 grad norm: 0.858262
2026-06-16 03:26:51,189 - debug - DEBUG - Batch 90 grad norm: 1.129897
2026-06-16 03:26:52,246 - debug - DEBUG - Batch 100 grad norm: 0.938709
2026-06-16 03:26:53,335 - debug - DEBUG - Batch 110 grad norm: 1.307444
2026-06-16 03:26:54,378 - debug - DEBUG - Batch 120 grad norm: 0.824444
2026-06-16 03:26:55,451 - debug - DEBUG - Batch 130 grad norm: 0.970465
2026-06-16 03:26:56,490 - debug - DEBUG - Batch 140 grad norm: 1.229744
2026-06-16 03:26:57,563 - debug - DEBUG - Batch 150 grad norm: 1.475203
2026-06-16 03:26:58,619 - debug - DEBUG - Batch 160 grad norm: 0.841070
2026-06-16 03:26:59,737 - debug - DEBUG - Batch 170 grad norm: 1.221767
2026-06-16 03:27:00,729 - debug - DEBUG - Batch 180 grad norm: 1.041447
2026-06-16 03:27:01,634 - debug - DEBUG - Batch 190 grad norm: 1.081641
2026-06-16 03:27:02,713 - debug - DEBUG - Batch 200 grad norm: 1.299326
2026-06-16 03:27:03,764 - debug - DEBUG - Batch 210 grad norm: 1.117262
2026-06-16 03:27:04,836 - debug - DEBUG - Batch 220 grad norm: 1.120192
2026-06-16 03:27:05,881 - debug - DEBUG - Batch 230 grad norm: 1.129800
2026-06-16 03:27:06,960 - debug - DEBUG - Batch 240 grad norm: 0.890824
2026-06-16 03:27:08,015 - debug - DEBUG - Batch 250 grad norm: 0.963276
2026-06-16 03:27:09,098 - debug - DEBUG - Batch 260 grad norm: 1.106236
2026-06-16 03:27:10,179 - debug - DEBUG - Batch 270 grad norm: 1.015290
2026-06-16 03:27:11,233 - debug - DEBUG - Batch 280 grad norm: 1.132448
2026-06-16 03:27:12,313 - debug - DEBUG - Batch 290 grad norm: 1.406864
2026-06-16 03:27:13,393 - debug - DEBUG - Batch 300 grad norm: 1.153177
2026-06-16 03:27:14,466 - debug - DEBUG - Batch 310 grad norm: 1.098566
2026-06-16 03:27:15,519 - debug - DEBUG - Batch 320 grad norm: 1.102442
2026-06-16 03:27:16,598 - debug - DEBUG - Batch 330 grad norm: 1.150872
2026-06-16 03:27:17,674 - debug - DEBUG - Batch 340 grad norm: 0.907915
2026-06-16 03:27:18,753 - debug - DEBUG - Batch 350 grad norm: 0.920739
2026-06-16 03:27:18,850 - debug - DEBUG - compute_metrics_and_record started for epoch 73
2026-06-16 03:27:18,850 - debug - DEBUG - all_preds length: 45000, all_targets length: 45000
2026-06-16 03:27:18,850 - debug - DEBUG - First 10 preds: [3, 6, 6, 9, 5, 8, 8, 4, 2, 0]
2026-06-16 03:27:18,850 - debug - DEBUG - First 10 targets: [3, 6, 3, 9, 5, 9, 8, 3, 2, 0]
2026-06-16 03:27:18,861 - debug - DEBUG - Unique predicted classes: 10 (first 10: [0 1 2 3 4 5 6 7 8 9])
2026-06-16 03:27:18,862 - debug - DEBUG - Unique target classes: 10 (first 10: [0 1 2 3 4 5 6 7 8 9])
2026-06-16 03:27:21,130 - debug - DEBUG - compute_metrics_and_record started for epoch 73
2026-06-16 03:27:21,130 - debug - DEBUG - all_preds length: 10000, all_targets length: 10000
2026-06-16 03:27:21,130 - debug - DEBUG - First 10 preds: [3, 8, 8, 8, 6, 6, 1, 6, 3, 1]
2026-06-16 03:27:21,131 - debug - DEBUG - First 10 targets: [3, 8, 8, 0, 6, 6, 1, 6, 3, 1]
2026-06-16 03:27:21,133 - debug - DEBUG - Unique predicted classes: 10 (first 10: [0 1 2 3 4 5 6 7 8 9])
2026-06-16 03:27:21,133 - debug - DEBUG - Unique target classes: 10 (first 10: [0 1 2 3 4 5 6 7 8 9])
2026-06-16 03:27:21,435 - debug - DEBUG - Device Check - Batch 0
2026-06-16 03:27:21,436 - debug - DEBUG -   Config GPU ID: 1
2026-06-16 03:27:21,436 - debug - DEBUG -   Input Device:  cuda:1
2026-06-16 03:27:21,436 - debug - DEBUG -   Target Device: cuda:1
2026-06-16 03:27:21,437 - debug - DEBUG -   Model Device:  cuda:1
2026-06-16 03:27:21,437 - debug - DEBUG -   Criterion Weight Device: No weights
2026-06-16 03:27:21,897 - debug - DEBUG - Batch 0 grad norm: 0.912027
2026-06-16 03:27:22,973 - debug - DEBUG - Batch 10 grad norm: 1.113491
2026-06-16 03:27:24,032 - debug - DEBUG - Batch 20 grad norm: 0.995131
2026-06-16 03:27:25,074 - debug - DEBUG - Batch 30 grad norm: 0.892618
2026-06-16 03:27:26,157 - debug - DEBUG - Batch 40 grad norm: 1.063467
2026-06-16 03:27:27,212 - debug - DEBUG - Batch 50 grad norm: 1.026808
2026-06-16 03:27:28,279 - debug - DEBUG - Batch 60 grad norm: 0.769398
2026-06-16 03:27:29,319 - debug - DEBUG - Batch 70 grad norm: 1.108191
2026-06-16 03:27:30,382 - debug - DEBUG - Batch 80 grad norm: 1.020828
2026-06-16 03:27:31,452 - debug - DEBUG - Batch 90 grad norm: 0.978479
2026-06-16 03:27:32,504 - debug - DEBUG - Batch 100 grad norm: 1.084369
2026-06-16 03:27:33,573 - debug - DEBUG - Batch 110 grad norm: 0.964030
2026-06-16 03:27:34,636 - debug - DEBUG - Batch 120 grad norm: 0.821597
2026-06-16 03:27:35,711 - debug - DEBUG - Batch 130 grad norm: 1.062318
2026-06-16 03:27:36,743 - debug - DEBUG - Batch 140 grad norm: 1.253699
2026-06-16 03:27:37,827 - debug - DEBUG - Batch 150 grad norm: 1.076067
2026-06-16 03:27:38,882 - debug - DEBUG - Batch 160 grad norm: 1.122591
2026-06-16 03:27:39,947 - debug - DEBUG - Batch 170 grad norm: 0.983903
2026-06-16 03:27:41,085 - debug - DEBUG - Batch 180 grad norm: 0.798257
2026-06-16 03:27:42,020 - debug - DEBUG - Batch 190 grad norm: 1.372653
2026-06-16 03:27:43,095 - debug - DEBUG - Batch 200 grad norm: 0.988167
2026-06-16 03:27:44,134 - debug - DEBUG - Batch 210 grad norm: 1.270066
2026-06-16 03:27:45,299 - debug - DEBUG - Batch 220 grad norm: 1.223133
2026-06-16 03:27:46,197 - debug - DEBUG - Batch 230 grad norm: 1.181490
2026-06-16 03:27:47,270 - debug - DEBUG - Batch 240 grad norm: 1.153725
2026-06-16 03:27:48,323 - debug - DEBUG - Batch 250 grad norm: 1.204392
2026-06-16 03:27:49,397 - debug - DEBUG - Batch 260 grad norm: 1.043438
2026-06-16 03:27:50,439 - debug - DEBUG - Batch 270 grad norm: 0.953554
2026-06-16 03:27:51,516 - debug - DEBUG - Batch 280 grad norm: 1.079411
2026-06-16 03:27:52,563 - debug - DEBUG - Batch 290 grad norm: 1.023545
2026-06-16 03:27:53,641 - debug - DEBUG - Batch 300 grad norm: 1.092815
2026-06-16 03:27:54,721 - debug - DEBUG - Batch 310 grad norm: 1.040694
2026-06-16 03:27:55,773 - debug - DEBUG - Batch 320 grad norm: 1.300113
2026-06-16 03:27:56,860 - debug - DEBUG - Batch 330 grad norm: 1.093001
2026-06-16 03:27:57,918 - debug - DEBUG - Batch 340 grad norm: 0.769361
2026-06-16 03:27:59,000 - debug - DEBUG - Batch 350 grad norm: 0.781499
2026-06-16 03:27:59,102 - debug - DEBUG - compute_metrics_and_record started for epoch 74
2026-06-16 03:27:59,102 - debug - DEBUG - all_preds length: 45000, all_targets length: 45000
2026-06-16 03:27:59,102 - debug - DEBUG - First 10 preds: [5, 3, 6, 5, 3, 8, 7, 9, 1, 0]
2026-06-16 03:27:59,102 - debug - DEBUG - First 10 targets: [6, 3, 6, 5, 3, 8, 7, 9, 1, 0]
2026-06-16 03:27:59,114 - debug - DEBUG - Unique predicted classes: 10 (first 10: [0 1 2 3 4 5 6 7 8 9])
2026-06-16 03:27:59,114 - debug - DEBUG - Unique target classes: 10 (first 10: [0 1 2 3 4 5 6 7 8 9])
2026-06-16 03:28:01,334 - debug - DEBUG - compute_metrics_and_record started for epoch 74
2026-06-16 03:28:01,335 - debug - DEBUG - all_preds length: 10000, all_targets length: 10000
2026-06-16 03:28:01,335 - debug - DEBUG - First 10 preds: [3, 8, 8, 0, 6, 6, 1, 4, 3, 9]
2026-06-16 03:28:01,335 - debug - DEBUG - First 10 targets: [3, 8, 8, 0, 6, 6, 1, 6, 3, 1]
2026-06-16 03:28:01,337 - debug - DEBUG - Unique predicted classes: 10 (first 10: [0 1 2 3 4 5 6 7 8 9])
2026-06-16 03:28:01,337 - debug - DEBUG - Unique target classes: 10 (first 10: [0 1 2 3 4 5 6 7 8 9])
2026-06-16 03:28:01,647 - debug - DEBUG - Device Check - Batch 0
2026-06-16 03:28:01,648 - debug - DEBUG -   Config GPU ID: 1
2026-06-16 03:28:01,648 - debug - DEBUG -   Input Device:  cuda:1
2026-06-16 03:28:01,648 - debug - DEBUG -   Target Device: cuda:1
2026-06-16 03:28:01,649 - debug - DEBUG -   Model Device:  cuda:1
2026-06-16 03:28:01,649 - debug - DEBUG -   Criterion Weight Device: No weights
2026-06-16 03:28:02,062 - debug - DEBUG - Batch 0 grad norm: 0.789132
2026-06-16 03:28:03,146 - debug - DEBUG - Batch 10 grad norm: 0.849953
2026-06-16 03:28:04,213 - debug - DEBUG - Batch 20 grad norm: 1.157116
2026-06-16 03:28:05,294 - debug - DEBUG - Batch 30 grad norm: 0.981894
2026-06-16 03:28:06,358 - debug - DEBUG - Batch 40 grad norm: 1.286617
2026-06-16 03:28:07,392 - debug - DEBUG - Batch 50 grad norm: 1.065821
2026-06-16 03:28:08,454 - debug - DEBUG - Batch 60 grad norm: 1.186388
2026-06-16 03:28:09,508 - debug - DEBUG - Batch 70 grad norm: 1.132658
2026-06-16 03:28:10,569 - debug - DEBUG - Batch 80 grad norm: 1.055717
2026-06-16 03:28:11,637 - debug - DEBUG - Batch 90 grad norm: 1.134456
2026-06-16 03:28:12,697 - debug - DEBUG - Batch 100 grad norm: 1.110030
2026-06-16 03:28:13,724 - debug - DEBUG - Batch 110 grad norm: 1.042631
2026-06-16 03:28:14,797 - debug - DEBUG - Batch 120 grad norm: 1.206491
2026-06-16 03:28:15,864 - debug - DEBUG - Batch 130 grad norm: 0.917720
2026-06-16 03:28:16,939 - debug - DEBUG - Batch 140 grad norm: 1.452997
2026-06-16 03:28:18,008 - debug - DEBUG - Batch 150 grad norm: 1.384597
2026-06-16 03:28:19,063 - debug - DEBUG - Batch 160 grad norm: 1.199881
2026-06-16 03:28:20,091 - debug - DEBUG - Batch 170 grad norm: 1.004395
2026-06-16 03:28:21,223 - debug - DEBUG - Batch 180 grad norm: 1.185479
2026-06-16 03:28:22,168 - debug - DEBUG - Batch 190 grad norm: 1.244078
2026-06-16 03:28:23,228 - debug - DEBUG - Batch 200 grad norm: 1.268665
2026-06-16 03:28:24,312 - debug - DEBUG - Batch 210 grad norm: 0.885787
2026-06-16 03:28:25,368 - debug - DEBUG - Batch 220 grad norm: 0.951558
2026-06-16 03:28:26,448 - debug - DEBUG - Batch 230 grad norm: 1.069522
2026-06-16 03:28:27,500 - debug - DEBUG - Batch 240 grad norm: 1.163509
2026-06-16 03:28:28,577 - debug - DEBUG - Batch 250 grad norm: 0.987905
2026-06-16 03:28:29,628 - debug - DEBUG - Batch 260 grad norm: 1.443240
2026-06-16 03:28:30,764 - debug - DEBUG - Batch 270 grad norm: 1.155075
2026-06-16 03:28:31,678 - debug - DEBUG - Batch 280 grad norm: 1.265299
2026-06-16 03:28:32,730 - debug - DEBUG - Batch 290 grad norm: 1.341505
2026-06-16 03:28:33,810 - debug - DEBUG - Batch 300 grad norm: 1.160876
2026-06-16 03:28:34,880 - debug - DEBUG - Batch 310 grad norm: 0.876031
2026-06-16 03:28:35,962 - debug - DEBUG - Batch 320 grad norm: 1.008145
2026-06-16 03:28:37,019 - debug - DEBUG - Batch 330 grad norm: 0.996247
2026-06-16 03:28:38,102 - debug - DEBUG - Batch 340 grad norm: 1.118396
2026-06-16 03:28:39,153 - debug - DEBUG - Batch 350 grad norm: 1.352738
2026-06-16 03:28:39,253 - debug - DEBUG - compute_metrics_and_record started for epoch 75
2026-06-16 03:28:39,253 - debug - DEBUG - all_preds length: 45000, all_targets length: 45000
2026-06-16 03:28:39,254 - debug - DEBUG - First 10 preds: [9, 7, 9, 4, 8, 9, 0, 9, 0, 7]
2026-06-16 03:28:39,254 - debug - DEBUG - First 10 targets: [9, 7, 9, 4, 8, 9, 0, 9, 0, 7]
2026-06-16 03:28:39,269 - debug - DEBUG - Unique predicted classes: 10 (first 10: [0 1 2 3 4 5 6 7 8 9])
2026-06-16 03:28:39,270 - debug - DEBUG - Unique target classes: 10 (first 10: [0 1 2 3 4 5 6 7 8 9])
2026-06-16 03:28:41,524 - debug - DEBUG - compute_metrics_and_record started for epoch 75
2026-06-16 03:28:41,525 - debug - DEBUG - all_preds length: 10000, all_targets length: 10000
2026-06-16 03:28:41,525 - debug - DEBUG - First 10 preds: [3, 8, 8, 0, 6, 6, 9, 6, 3, 9]
2026-06-16 03:28:41,525 - debug - DEBUG - First 10 targets: [3, 8, 8, 0, 6, 6, 1, 6, 3, 1]
2026-06-16 03:28:41,527 - debug - DEBUG - Unique predicted classes: 10 (first 10: [0 1 2 3 4 5 6 7 8 9])
2026-06-16 03:28:41,528 - debug - DEBUG - Unique target classes: 10 (first 10: [0 1 2 3 4 5 6 7 8 9])
2026-06-16 03:28:41,802 - debug - DEBUG - Device Check - Batch 0
2026-06-16 03:28:41,803 - debug - DEBUG -   Config GPU ID: 1
2026-06-16 03:28:41,803 - debug - DEBUG -   Input Device:  cuda:1
2026-06-16 03:28:41,803 - debug - DEBUG -   Target Device: cuda:1
2026-06-16 03:28:41,804 - debug - DEBUG -   Model Device:  cuda:1
2026-06-16 03:28:41,804 - debug - DEBUG -   Criterion Weight Device: No weights
2026-06-16 03:28:42,219 - debug - DEBUG - Batch 0 grad norm: 0.757467
2026-06-16 03:28:43,313 - debug - DEBUG - Batch 10 grad norm: 0.936639
2026-06-16 03:28:44,376 - debug - DEBUG - Batch 20 grad norm: 1.101527
2026-06-16 03:28:45,464 - debug - DEBUG - Batch 30 grad norm: 1.290267
2026-06-16 03:28:46,551 - debug - DEBUG - Batch 40 grad norm: 1.134332
2026-06-16 03:28:47,633 - debug - DEBUG - Batch 50 grad norm: 0.940504
2026-06-16 03:28:48,687 - debug - DEBUG - Batch 60 grad norm: 1.118350
2026-06-16 03:28:49,765 - debug - DEBUG - Batch 70 grad norm: 1.207713
2026-06-16 03:28:50,826 - debug - DEBUG - Batch 80 grad norm: 1.014438
2026-06-16 03:28:51,906 - debug - DEBUG - Batch 90 grad norm: 1.252730
2026-06-16 03:28:52,990 - debug - DEBUG - Batch 100 grad norm: 1.115774
2026-06-16 03:28:54,042 - debug - DEBUG - Batch 110 grad norm: 1.172498
2026-06-16 03:28:55,123 - debug - DEBUG - Batch 120 grad norm: 1.131976
2026-06-16 03:28:56,173 - debug - DEBUG - Batch 130 grad norm: 1.007486
2026-06-16 03:28:57,229 - debug - DEBUG - Batch 140 grad norm: 1.024255
2026-06-16 03:28:58,247 - debug - DEBUG - Batch 150 grad norm: 1.121035
2026-06-16 03:28:59,301 - debug - DEBUG - Batch 160 grad norm: 0.964263
2026-06-16 03:29:00,355 - debug - DEBUG - Batch 170 grad norm: 1.031924
2026-06-16 03:29:01,486 - debug - DEBUG - Batch 180 grad norm: 1.388668
2026-06-16 03:29:02,358 - debug - DEBUG - Batch 190 grad norm: 1.275901
2026-06-16 03:29:03,429 - debug - DEBUG - Batch 200 grad norm: 1.256570
2026-06-16 03:29:04,462 - debug - DEBUG - Batch 210 grad norm: 1.164134
2026-06-16 03:29:05,535 - debug - DEBUG - Batch 220 grad norm: 0.975434
2026-06-16 03:29:06,609 - debug - DEBUG - Batch 230 grad norm: 0.918568
2026-06-16 03:29:07,653 - debug - DEBUG - Batch 240 grad norm: 1.243096
2026-06-16 03:29:08,730 - debug - DEBUG - Batch 250 grad norm: 0.722199
2026-06-16 03:29:09,794 - debug - DEBUG - Batch 260 grad norm: 1.037300
2026-06-16 03:29:10,880 - debug - DEBUG - Batch 270 grad norm: 1.059938
2026-06-16 03:29:11,931 - debug - DEBUG - Batch 280 grad norm: 1.111196
2026-06-16 03:29:13,018 - debug - DEBUG - Batch 290 grad norm: 1.323665
2026-06-16 03:29:14,060 - debug - DEBUG - Batch 300 grad norm: 1.075587
2026-06-16 03:29:15,088 - debug - DEBUG - Batch 310 grad norm: 1.121558
2026-06-16 03:29:16,233 - debug - DEBUG - Batch 320 grad norm: 0.885676
2026-06-16 03:29:17,150 - debug - DEBUG - Batch 330 grad norm: 0.852511
2026-06-16 03:29:18,233 - debug - DEBUG - Batch 340 grad norm: 0.998917
2026-06-16 03:29:19,293 - debug - DEBUG - Batch 350 grad norm: 1.085488
2026-06-16 03:29:19,396 - debug - DEBUG - compute_metrics_and_record started for epoch 76
2026-06-16 03:29:19,396 - debug - DEBUG - all_preds length: 45000, all_targets length: 45000
2026-06-16 03:29:19,396 - debug - DEBUG - First 10 preds: [1, 8, 4, 7, 3, 4, 2, 2, 7, 4]
2026-06-16 03:29:19,396 - debug - DEBUG - First 10 targets: [1, 8, 4, 7, 3, 4, 2, 2, 7, 4]
2026-06-16 03:29:19,407 - debug - DEBUG - Unique predicted classes: 10 (first 10: [0 1 2 3 4 5 6 7 8 9])
2026-06-16 03:29:19,407 - debug - DEBUG - Unique target classes: 10 (first 10: [0 1 2 3 4 5 6 7 8 9])
2026-06-16 03:29:21,627 - debug - DEBUG - compute_metrics_and_record started for epoch 76
2026-06-16 03:29:21,627 - debug - DEBUG - all_preds length: 10000, all_targets length: 10000
2026-06-16 03:29:21,627 - debug - DEBUG - First 10 preds: [3, 8, 8, 8, 6, 6, 1, 6, 4, 1]
2026-06-16 03:29:21,627 - debug - DEBUG - First 10 targets: [3, 8, 8, 0, 6, 6, 1, 6, 3, 1]
2026-06-16 03:29:21,629 - debug - DEBUG - Unique predicted classes: 10 (first 10: [0 1 2 3 4 5 6 7 8 9])
2026-06-16 03:29:21,629 - debug - DEBUG - Unique target classes: 10 (first 10: [0 1 2 3 4 5 6 7 8 9])
2026-06-16 03:29:21,887 - debug - DEBUG - Device Check - Batch 0
2026-06-16 03:29:21,888 - debug - DEBUG -   Config GPU ID: 1
2026-06-16 03:29:21,888 - debug - DEBUG -   Input Device:  cuda:1
2026-06-16 03:29:21,888 - debug - DEBUG -   Target Device: cuda:1
2026-06-16 03:29:21,889 - debug - DEBUG -   Model Device:  cuda:1
2026-06-16 03:29:21,889 - debug - DEBUG -   Criterion Weight Device: No weights
2026-06-16 03:29:22,352 - debug - DEBUG - Batch 0 grad norm: 1.278102
2026-06-16 03:29:23,440 - debug - DEBUG - Batch 10 grad norm: 1.041724
2026-06-16 03:29:24,528 - debug - DEBUG - Batch 20 grad norm: 1.055171
2026-06-16 03:29:25,582 - debug - DEBUG - Batch 30 grad norm: 0.746127
2026-06-16 03:29:26,661 - debug - DEBUG - Batch 40 grad norm: 1.210995
2026-06-16 03:29:27,741 - debug - DEBUG - Batch 50 grad norm: 1.242491
2026-06-16 03:29:28,823 - debug - DEBUG - Batch 60 grad norm: 1.128937
2026-06-16 03:29:29,905 - debug - DEBUG - Batch 70 grad norm: 1.292888
2026-06-16 03:29:30,958 - debug - DEBUG - Batch 80 grad norm: 1.354826
2026-06-16 03:29:32,024 - debug - DEBUG - Batch 90 grad norm: 0.899209
2026-06-16 03:29:33,081 - debug - DEBUG - Batch 100 grad norm: 0.998427
2026-06-16 03:29:34,141 - debug - DEBUG - Batch 110 grad norm: 1.333604
2026-06-16 03:29:35,199 - debug - DEBUG - Batch 120 grad norm: 1.069751
2026-06-16 03:29:36,265 - debug - DEBUG - Batch 130 grad norm: 1.099593
2026-06-16 03:29:37,329 - debug - DEBUG - Batch 140 grad norm: 1.052590
2026-06-16 03:29:38,397 - debug - DEBUG - Batch 150 grad norm: 1.199856
2026-06-16 03:29:39,457 - debug - DEBUG - Batch 160 grad norm: 1.093360
2026-06-16 03:29:40,489 - debug - DEBUG - Batch 170 grad norm: 1.079783
2026-06-16 03:29:41,628 - debug - DEBUG - Batch 180 grad norm: 1.216717
2026-06-16 03:29:42,517 - debug - DEBUG - Batch 190 grad norm: 1.120785
2026-06-16 03:29:43,594 - debug - DEBUG - Batch 200 grad norm: 0.780774
2026-06-16 03:29:44,669 - debug - DEBUG - Batch 210 grad norm: 1.098894
2026-06-16 03:29:45,744 - debug - DEBUG - Batch 220 grad norm: 1.109387
2026-06-16 03:29:46,788 - debug - DEBUG - Batch 230 grad norm: 0.857075
2026-06-16 03:29:47,867 - debug - DEBUG - Batch 240 grad norm: 0.962250
2026-06-16 03:29:48,925 - debug - DEBUG - Batch 250 grad norm: 0.903603
2026-06-16 03:29:50,007 - debug - DEBUG - Batch 260 grad norm: 1.216954
2026-06-16 03:29:51,085 - debug - DEBUG - Batch 270 grad norm: 0.917300
2026-06-16 03:29:52,169 - debug - DEBUG - Batch 280 grad norm: 0.953833
2026-06-16 03:29:53,250 - debug - DEBUG - Batch 290 grad norm: 0.925685
2026-06-16 03:29:54,322 - debug - DEBUG - Batch 300 grad norm: 1.055286
2026-06-16 03:29:55,400 - debug - DEBUG - Batch 310 grad norm: 1.003905
2026-06-16 03:29:56,483 - debug - DEBUG - Batch 320 grad norm: 1.178378
2026-06-16 03:29:57,563 - debug - DEBUG - Batch 330 grad norm: 1.220425
2026-06-16 03:29:58,615 - debug - DEBUG - Batch 340 grad norm: 0.985503
2026-06-16 03:29:59,682 - debug - DEBUG - Batch 350 grad norm: 1.170486
2026-06-16 03:29:59,784 - debug - DEBUG - compute_metrics_and_record started for epoch 77
2026-06-16 03:29:59,785 - debug - DEBUG - all_preds length: 45000, all_targets length: 45000
2026-06-16 03:29:59,785 - debug - DEBUG - First 10 preds: [3, 7, 9, 6, 7, 3, 5, 9, 6, 4]
2026-06-16 03:29:59,785 - debug - DEBUG - First 10 targets: [3, 7, 9, 6, 7, 3, 5, 9, 3, 7]
2026-06-16 03:29:59,799 - debug - DEBUG - Unique predicted classes: 10 (first 10: [0 1 2 3 4 5 6 7 8 9])
2026-06-16 03:29:59,800 - debug - DEBUG - Unique target classes: 10 (first 10: [0 1 2 3 4 5 6 7 8 9])
2026-06-16 03:30:02,141 - debug - DEBUG - compute_metrics_and_record started for epoch 77
2026-06-16 03:30:02,142 - debug - DEBUG - all_preds length: 10000, all_targets length: 10000
2026-06-16 03:30:02,142 - debug - DEBUG - First 10 preds: [3, 8, 8, 0, 6, 6, 9, 2, 3, 9]
2026-06-16 03:30:02,142 - debug - DEBUG - First 10 targets: [3, 8, 8, 0, 6, 6, 1, 6, 3, 1]
2026-06-16 03:30:02,144 - debug - DEBUG - Unique predicted classes: 10 (first 10: [0 1 2 3 4 5 6 7 8 9])
2026-06-16 03:30:02,144 - debug - DEBUG - Unique target classes: 10 (first 10: [0 1 2 3 4 5 6 7 8 9])
2026-06-16 03:30:02,414 - debug - DEBUG - Device Check - Batch 0
2026-06-16 03:30:02,415 - debug - DEBUG -   Config GPU ID: 1
2026-06-16 03:30:02,416 - debug - DEBUG -   Input Device:  cuda:1
2026-06-16 03:30:02,416 - debug - DEBUG -   Target Device: cuda:1
2026-06-16 03:30:02,416 - debug - DEBUG -   Model Device:  cuda:1
2026-06-16 03:30:02,416 - debug - DEBUG -   Criterion Weight Device: No weights
2026-06-16 03:30:02,801 - debug - DEBUG - Batch 0 grad norm: 1.178152
2026-06-16 03:30:03,891 - debug - DEBUG - Batch 10 grad norm: 0.852691
2026-06-16 03:30:04,975 - debug - DEBUG - Batch 20 grad norm: 1.237683
2026-06-16 03:30:06,019 - debug - DEBUG - Batch 30 grad norm: 1.171130
2026-06-16 03:30:07,107 - debug - DEBUG - Batch 40 grad norm: 1.185496
2026-06-16 03:30:08,177 - debug - DEBUG - Batch 50 grad norm: 1.338523
2026-06-16 03:30:09,262 - debug - DEBUG - Batch 60 grad norm: 1.105449
2026-06-16 03:30:10,345 - debug - DEBUG - Batch 70 grad norm: 0.842492
2026-06-16 03:30:11,426 - debug - DEBUG - Batch 80 grad norm: 0.901906
2026-06-16 03:30:12,488 - debug - DEBUG - Batch 90 grad norm: 0.710528
2026-06-16 03:30:13,537 - debug - DEBUG - Batch 100 grad norm: 1.040664
2026-06-16 03:30:14,600 - debug - DEBUG - Batch 110 grad norm: 1.164932
2026-06-16 03:30:15,658 - debug - DEBUG - Batch 120 grad norm: 1.107167
2026-06-16 03:30:16,722 - debug - DEBUG - Batch 130 grad norm: 1.627108
2026-06-16 03:30:17,766 - debug - DEBUG - Batch 140 grad norm: 0.991962
2026-06-16 03:30:18,842 - debug - DEBUG - Batch 150 grad norm: 0.953244
2026-06-16 03:30:19,880 - debug - DEBUG - Batch 160 grad norm: 1.005127
2026-06-16 03:30:20,952 - debug - DEBUG - Batch 170 grad norm: 1.036206
2026-06-16 03:30:22,075 - debug - DEBUG - Batch 180 grad norm: 0.967122
2026-06-16 03:30:22,989 - debug - DEBUG - Batch 190 grad norm: 0.984394
2026-06-16 03:30:24,061 - debug - DEBUG - Batch 200 grad norm: 1.054334
2026-06-16 03:30:25,120 - debug - DEBUG - Batch 210 grad norm: 1.036888
2026-06-16 03:30:26,196 - debug - DEBUG - Batch 220 grad norm: 1.153000
2026-06-16 03:30:27,248 - debug - DEBUG - Batch 230 grad norm: 1.040880
2026-06-16 03:30:28,323 - debug - DEBUG - Batch 240 grad norm: 0.993252
2026-06-16 03:30:29,359 - debug - DEBUG - Batch 250 grad norm: 1.219344
2026-06-16 03:30:30,438 - debug - DEBUG - Batch 260 grad norm: 1.445622
2026-06-16 03:30:31,486 - debug - DEBUG - Batch 270 grad norm: 0.864428
2026-06-16 03:30:32,567 - debug - DEBUG - Batch 280 grad norm: 1.015509
2026-06-16 03:30:33,649 - debug - DEBUG - Batch 290 grad norm: 1.131000
2026-06-16 03:30:34,732 - debug - DEBUG - Batch 300 grad norm: 0.682743
2026-06-16 03:30:35,808 - debug - DEBUG - Batch 310 grad norm: 1.164987
2026-06-16 03:30:36,881 - debug - DEBUG - Batch 320 grad norm: 0.955471
2026-06-16 03:30:37,967 - debug - DEBUG - Batch 330 grad norm: 1.077289
2026-06-16 03:30:39,013 - debug - DEBUG - Batch 340 grad norm: 1.047952
2026-06-16 03:30:40,068 - debug - DEBUG - Batch 350 grad norm: 1.294729
2026-06-16 03:30:40,161 - debug - DEBUG - compute_metrics_and_record started for epoch 78
2026-06-16 03:30:40,161 - debug - DEBUG - all_preds length: 45000, all_targets length: 45000
2026-06-16 03:30:40,161 - debug - DEBUG - First 10 preds: [5, 7, 2, 2, 2, 2, 7, 7, 2, 0]
2026-06-16 03:30:40,161 - debug - DEBUG - First 10 targets: [5, 7, 2, 2, 2, 2, 4, 8, 2, 0]
2026-06-16 03:30:40,173 - debug - DEBUG - Unique predicted classes: 10 (first 10: [0 1 2 3 4 5 6 7 8 9])
2026-06-16 03:30:40,173 - debug - DEBUG - Unique target classes: 10 (first 10: [0 1 2 3 4 5 6 7 8 9])
2026-06-16 03:30:42,394 - debug - DEBUG - compute_metrics_and_record started for epoch 78
2026-06-16 03:30:42,395 - debug - DEBUG - all_preds length: 10000, all_targets length: 10000
2026-06-16 03:30:42,395 - debug - DEBUG - First 10 preds: [3, 8, 8, 8, 6, 6, 1, 2, 3, 9]
2026-06-16 03:30:42,395 - debug - DEBUG - First 10 targets: [3, 8, 8, 0, 6, 6, 1, 6, 3, 1]
2026-06-16 03:30:42,397 - debug - DEBUG - Unique predicted classes: 10 (first 10: [0 1 2 3 4 5 6 7 8 9])
2026-06-16 03:30:42,397 - debug - DEBUG - Unique target classes: 10 (first 10: [0 1 2 3 4 5 6 7 8 9])
2026-06-16 03:30:42,711 - debug - DEBUG - Device Check - Batch 0
2026-06-16 03:30:42,711 - debug - DEBUG -   Config GPU ID: 1
2026-06-16 03:30:42,711 - debug - DEBUG -   Input Device:  cuda:1
2026-06-16 03:30:42,712 - debug - DEBUG -   Target Device: cuda:1
2026-06-16 03:30:42,712 - debug - DEBUG -   Model Device:  cuda:1
2026-06-16 03:30:42,712 - debug - DEBUG -   Criterion Weight Device: No weights
2026-06-16 03:30:43,132 - debug - DEBUG - Batch 0 grad norm: 0.832680
2026-06-16 03:30:44,196 - debug - DEBUG - Batch 10 grad norm: 1.024952
2026-06-16 03:30:45,272 - debug - DEBUG - Batch 20 grad norm: 0.897501
2026-06-16 03:30:46,210 - debug - DEBUG - Batch 30 grad norm: 1.051979
2026-06-16 03:30:47,290 - debug - DEBUG - Batch 40 grad norm: 0.981191
2026-06-16 03:30:48,383 - debug - DEBUG - Batch 50 grad norm: 0.989222
2026-06-16 03:30:49,311 - debug - DEBUG - Batch 60 grad norm: 0.971908
2026-06-16 03:30:50,361 - debug - DEBUG - Batch 70 grad norm: 0.910731
2026-06-16 03:30:51,431 - debug - DEBUG - Batch 80 grad norm: 1.227903
2026-06-16 03:30:52,482 - debug - DEBUG - Batch 90 grad norm: 1.438018
2026-06-16 03:30:53,565 - debug - DEBUG - Batch 100 grad norm: 1.003991
2026-06-16 03:30:54,617 - debug - DEBUG - Batch 110 grad norm: 0.999296
2026-06-16 03:30:55,696 - debug - DEBUG - Batch 120 grad norm: 1.365259
2026-06-16 03:30:56,712 - debug - DEBUG - Batch 130 grad norm: 0.765754
2026-06-16 03:30:57,793 - debug - DEBUG - Batch 140 grad norm: 1.180021
2026-06-16 03:30:58,849 - debug - DEBUG - Batch 150 grad norm: 1.107852
2026-06-16 03:30:59,933 - debug - DEBUG - Batch 160 grad norm: 1.075101
2026-06-16 03:31:01,011 - debug - DEBUG - Batch 170 grad norm: 0.958314
2026-06-16 03:31:02,163 - debug - DEBUG - Batch 180 grad norm: 1.276686
2026-06-16 03:31:03,066 - debug - DEBUG - Batch 190 grad norm: 1.034631
2026-06-16 03:31:04,150 - debug - DEBUG - Batch 200 grad norm: 1.048633
2026-06-16 03:31:05,228 - debug - DEBUG - Batch 210 grad norm: 0.862791
2026-06-16 03:31:06,301 - debug - DEBUG - Batch 220 grad norm: 1.114784
2026-06-16 03:31:07,360 - debug - DEBUG - Batch 230 grad norm: 1.126339
2026-06-16 03:31:08,382 - debug - DEBUG - Batch 240 grad norm: 1.108423
2026-06-16 03:31:09,445 - debug - DEBUG - Batch 250 grad norm: 0.903798
2026-06-16 03:31:10,506 - debug - DEBUG - Batch 260 grad norm: 1.082117
2026-06-16 03:31:11,574 - debug - DEBUG - Batch 270 grad norm: 0.895495
2026-06-16 03:31:12,642 - debug - DEBUG - Batch 280 grad norm: 1.447941
2026-06-16 03:31:13,690 - debug - DEBUG - Batch 290 grad norm: 0.974956
2026-06-16 03:31:14,758 - debug - DEBUG - Batch 300 grad norm: 1.315354
2026-06-16 03:31:15,808 - debug - DEBUG - Batch 310 grad norm: 1.058952
2026-06-16 03:31:16,880 - debug - DEBUG - Batch 320 grad norm: 1.119132
2026-06-16 03:31:17,931 - debug - DEBUG - Batch 330 grad norm: 0.905968
2026-06-16 03:31:19,005 - debug - DEBUG - Batch 340 grad norm: 1.056681
2026-06-16 03:31:20,051 - debug - DEBUG - Batch 350 grad norm: 0.960001
2026-06-16 03:31:20,141 - debug - DEBUG - compute_metrics_and_record started for epoch 79
2026-06-16 03:31:20,141 - debug - DEBUG - all_preds length: 45000, all_targets length: 45000
2026-06-16 03:31:20,142 - debug - DEBUG - First 10 preds: [3, 0, 7, 3, 3, 9, 8, 8, 2, 0]
2026-06-16 03:31:20,142 - debug - DEBUG - First 10 targets: [3, 0, 7, 3, 3, 9, 8, 8, 2, 0]
2026-06-16 03:31:20,152 - debug - DEBUG - Unique predicted classes: 10 (first 10: [0 1 2 3 4 5 6 7 8 9])
2026-06-16 03:31:20,152 - debug - DEBUG - Unique target classes: 10 (first 10: [0 1 2 3 4 5 6 7 8 9])
2026-06-16 03:31:22,365 - debug - DEBUG - compute_metrics_and_record started for epoch 79
2026-06-16 03:31:22,365 - debug - DEBUG - all_preds length: 10000, all_targets length: 10000
2026-06-16 03:31:22,366 - debug - DEBUG - First 10 preds: [3, 8, 8, 0, 6, 6, 1, 2, 3, 1]
2026-06-16 03:31:22,366 - debug - DEBUG - First 10 targets: [3, 8, 8, 0, 6, 6, 1, 6, 3, 1]
2026-06-16 03:31:22,368 - debug - DEBUG - Unique predicted classes: 10 (first 10: [0 1 2 3 4 5 6 7 8 9])
2026-06-16 03:31:22,368 - debug - DEBUG - Unique target classes: 10 (first 10: [0 1 2 3 4 5 6 7 8 9])
2026-06-16 03:31:22,630 - debug - DEBUG - Device Check - Batch 0
2026-06-16 03:31:22,631 - debug - DEBUG -   Config GPU ID: 1
2026-06-16 03:31:22,631 - debug - DEBUG -   Input Device:  cuda:1
2026-06-16 03:31:22,631 - debug - DEBUG -   Target Device: cuda:1
2026-06-16 03:31:22,632 - debug - DEBUG -   Model Device:  cuda:1
2026-06-16 03:31:22,632 - debug - DEBUG -   Criterion Weight Device: No weights
2026-06-16 03:31:23,054 - debug - DEBUG - Batch 0 grad norm: 1.278529
2026-06-16 03:31:24,147 - debug - DEBUG - Batch 10 grad norm: 0.929881
2026-06-16 03:31:25,213 - debug - DEBUG - Batch 20 grad norm: 1.009524
2026-06-16 03:31:26,299 - debug - DEBUG - Batch 30 grad norm: 1.023622
2026-06-16 03:31:27,356 - debug - DEBUG - Batch 40 grad norm: 0.915504
2026-06-16 03:31:28,439 - debug - DEBUG - Batch 50 grad norm: 0.939155
2026-06-16 03:31:29,508 - debug - DEBUG - Batch 60 grad norm: 1.041118
2026-06-16 03:31:30,594 - debug - DEBUG - Batch 70 grad norm: 1.236321
2026-06-16 03:31:31,641 - debug - DEBUG - Batch 80 grad norm: 1.121715
2026-06-16 03:31:32,643 - debug - DEBUG - Batch 90 grad norm: 1.390824
2026-06-16 03:31:33,776 - debug - DEBUG - Batch 100 grad norm: 0.967537
2026-06-16 03:31:34,714 - debug - DEBUG - Batch 110 grad norm: 0.984777
2026-06-16 03:31:35,792 - debug - DEBUG - Batch 120 grad norm: 1.356533
2026-06-16 03:31:36,853 - debug - DEBUG - Batch 130 grad norm: 1.182602
2026-06-16 03:31:37,939 - debug - DEBUG - Batch 140 grad norm: 1.013166
2026-06-16 03:31:39,021 - debug - DEBUG - Batch 150 grad norm: 1.309470
2026-06-16 03:31:40,101 - debug - DEBUG - Batch 160 grad norm: 1.238646
2026-06-16 03:31:41,162 - debug - DEBUG - Batch 170 grad norm: 0.836328
2026-06-16 03:31:42,330 - debug - DEBUG - Batch 180 grad norm: 1.077243
2026-06-16 03:31:43,230 - debug - DEBUG - Batch 190 grad norm: 1.135201
2026-06-16 03:31:44,298 - debug - DEBUG - Batch 200 grad norm: 1.128083
2026-06-16 03:31:45,346 - debug - DEBUG - Batch 210 grad norm: 1.116347
2026-06-16 03:31:46,380 - debug - DEBUG - Batch 220 grad norm: 1.022145
2026-06-16 03:31:47,445 - debug - DEBUG - Batch 230 grad norm: 1.229122
2026-06-16 03:31:48,490 - debug - DEBUG - Batch 240 grad norm: 1.210787
2026-06-16 03:31:49,552 - debug - DEBUG - Batch 250 grad norm: 0.965015
2026-06-16 03:31:50,595 - debug - DEBUG - Batch 260 grad norm: 1.135860
2026-06-16 03:31:51,659 - debug - DEBUG - Batch 270 grad norm: 1.324321
2026-06-16 03:31:52,701 - debug - DEBUG - Batch 280 grad norm: 1.046589
2026-06-16 03:31:53,780 - debug - DEBUG - Batch 290 grad norm: 0.999630
2026-06-16 03:31:54,822 - debug - DEBUG - Batch 300 grad norm: 1.051837
2026-06-16 03:31:55,899 - debug - DEBUG - Batch 310 grad norm: 0.972107
2026-06-16 03:31:56,945 - debug - DEBUG - Batch 320 grad norm: 0.906487
2026-06-16 03:31:58,025 - debug - DEBUG - Batch 330 grad norm: 1.051527
2026-06-16 03:31:59,105 - debug - DEBUG - Batch 340 grad norm: 1.149903
2026-06-16 03:32:00,164 - debug - DEBUG - Batch 350 grad norm: 1.236943
2026-06-16 03:32:00,258 - debug - DEBUG - compute_metrics_and_record started for epoch 80
2026-06-16 03:32:00,258 - debug - DEBUG - all_preds length: 45000, all_targets length: 45000
2026-06-16 03:32:00,258 - debug - DEBUG - First 10 preds: [7, 2, 2, 8, 6, 9, 9, 4, 9, 8]
2026-06-16 03:32:00,258 - debug - DEBUG - First 10 targets: [7, 2, 2, 8, 6, 9, 9, 4, 9, 8]
2026-06-16 03:32:00,269 - debug - DEBUG - Unique predicted classes: 10 (first 10: [0 1 2 3 4 5 6 7 8 9])
2026-06-16 03:32:00,269 - debug - DEBUG - Unique target classes: 10 (first 10: [0 1 2 3 4 5 6 7 8 9])
2026-06-16 03:32:02,501 - debug - DEBUG - compute_metrics_and_record started for epoch 80
2026-06-16 03:32:02,501 - debug - DEBUG - all_preds length: 10000, all_targets length: 10000
2026-06-16 03:32:02,501 - debug - DEBUG - First 10 preds: [3, 8, 8, 8, 6, 6, 1, 6, 7, 9]
2026-06-16 03:32:02,501 - debug - DEBUG - First 10 targets: [3, 8, 8, 0, 6, 6, 1, 6, 3, 1]
2026-06-16 03:32:02,504 - debug - DEBUG - Unique predicted classes: 10 (first 10: [0 1 2 3 4 5 6 7 8 9])
2026-06-16 03:32:02,504 - debug - DEBUG - Unique target classes: 10 (first 10: [0 1 2 3 4 5 6 7 8 9])
2026-06-16 03:32:02,771 - debug - DEBUG - Device Check - Batch 0
2026-06-16 03:32:02,772 - debug - DEBUG -   Config GPU ID: 1
2026-06-16 03:32:02,772 - debug - DEBUG -   Input Device:  cuda:1
2026-06-16 03:32:02,772 - debug - DEBUG -   Target Device: cuda:1
2026-06-16 03:32:02,773 - debug - DEBUG -   Model Device:  cuda:1
2026-06-16 03:32:02,773 - debug - DEBUG -   Criterion Weight Device: No weights
2026-06-16 03:32:03,227 - debug - DEBUG - Batch 0 grad norm: 0.969128
2026-06-16 03:32:04,310 - debug - DEBUG - Batch 10 grad norm: 0.703086
2026-06-16 03:32:05,399 - debug - DEBUG - Batch 20 grad norm: 1.269230
2026-06-16 03:32:06,477 - debug - DEBUG - Batch 30 grad norm: 1.090056
2026-06-16 03:32:07,561 - debug - DEBUG - Batch 40 grad norm: 0.721146
2026-06-16 03:32:08,639 - debug - DEBUG - Batch 50 grad norm: 1.000373
2026-06-16 03:32:09,716 - debug - DEBUG - Batch 60 grad norm: 0.827988
2026-06-16 03:32:10,796 - debug - DEBUG - Batch 70 grad norm: 1.011487
2026-06-16 03:32:11,857 - debug - DEBUG - Batch 80 grad norm: 1.139219
2026-06-16 03:32:12,915 - debug - DEBUG - Batch 90 grad norm: 1.009331
2026-06-16 03:32:13,943 - debug - DEBUG - Batch 100 grad norm: 1.236197
2026-06-16 03:32:15,006 - debug - DEBUG - Batch 110 grad norm: 0.859590
2026-06-16 03:32:16,061 - debug - DEBUG - Batch 120 grad norm: 1.031022
2026-06-16 03:32:17,129 - debug - DEBUG - Batch 130 grad norm: 0.637407
2026-06-16 03:32:18,075 - debug - DEBUG - Batch 140 grad norm: 1.019163
2026-06-16 03:32:19,141 - debug - DEBUG - Batch 150 grad norm: 1.078479
2026-06-16 03:32:20,249 - debug - DEBUG - Batch 160 grad norm: 0.848103
2026-06-16 03:32:21,130 - debug - DEBUG - Batch 170 grad norm: 0.900167
2026-06-16 03:32:22,281 - debug - DEBUG - Batch 180 grad norm: 1.247698
2026-06-16 03:32:23,174 - debug - DEBUG - Batch 190 grad norm: 1.208692
2026-06-16 03:32:24,264 - debug - DEBUG - Batch 200 grad norm: 1.198488
2026-06-16 03:32:25,321 - debug - DEBUG - Batch 210 grad norm: 1.083339
2026-06-16 03:32:26,400 - debug - DEBUG - Batch 220 grad norm: 0.929512
2026-06-16 03:32:27,444 - debug - DEBUG - Batch 230 grad norm: 1.107209
2026-06-16 03:32:28,530 - debug - DEBUG - Batch 240 grad norm: 1.356167
2026-06-16 03:32:29,581 - debug - DEBUG - Batch 250 grad norm: 1.433484
2026-06-16 03:32:30,660 - debug - DEBUG - Batch 260 grad norm: 0.983598
2026-06-16 03:32:31,734 - debug - DEBUG - Batch 270 grad norm: 1.013531
2026-06-16 03:32:32,814 - debug - DEBUG - Batch 280 grad norm: 1.005849
2026-06-16 03:32:33,898 - debug - DEBUG - Batch 290 grad norm: 1.120756
2026-06-16 03:32:34,952 - debug - DEBUG - Batch 300 grad norm: 0.843750
2026-06-16 03:32:36,009 - debug - DEBUG - Batch 310 grad norm: 0.825002
2026-06-16 03:32:37,066 - debug - DEBUG - Batch 320 grad norm: 1.292265
2026-06-16 03:32:38,120 - debug - DEBUG - Batch 330 grad norm: 1.136526
2026-06-16 03:32:39,175 - debug - DEBUG - Batch 340 grad norm: 1.200551
2026-06-16 03:32:40,245 - debug - DEBUG - Batch 350 grad norm: 0.982107
2026-06-16 03:32:40,342 - debug - DEBUG - compute_metrics_and_record started for epoch 81
2026-06-16 03:32:40,342 - debug - DEBUG - all_preds length: 45000, all_targets length: 45000
2026-06-16 03:32:40,342 - debug - DEBUG - First 10 preds: [1, 6, 9, 0, 4, 4, 1, 9, 8, 2]
2026-06-16 03:32:40,342 - debug - DEBUG - First 10 targets: [1, 9, 9, 0, 4, 4, 1, 9, 8, 2]
2026-06-16 03:32:40,351 - debug - DEBUG - Unique predicted classes: 10 (first 10: [0 1 2 3 4 5 6 7 8 9])
2026-06-16 03:32:40,351 - debug - DEBUG - Unique target classes: 10 (first 10: [0 1 2 3 4 5 6 7 8 9])
2026-06-16 03:32:42,532 - debug - DEBUG - compute_metrics_and_record started for epoch 81
2026-06-16 03:32:42,532 - debug - DEBUG - all_preds length: 10000, all_targets length: 10000
2026-06-16 03:32:42,532 - debug - DEBUG - First 10 preds: [3, 8, 8, 0, 6, 6, 1, 6, 3, 1]
2026-06-16 03:32:42,532 - debug - DEBUG - First 10 targets: [3, 8, 8, 0, 6, 6, 1, 6, 3, 1]
2026-06-16 03:32:42,534 - debug - DEBUG - Unique predicted classes: 10 (first 10: [0 1 2 3 4 5 6 7 8 9])
2026-06-16 03:32:42,535 - debug - DEBUG - Unique target classes: 10 (first 10: [0 1 2 3 4 5 6 7 8 9])
2026-06-16 03:32:42,848 - debug - DEBUG - Device Check - Batch 0
2026-06-16 03:32:42,849 - debug - DEBUG -   Config GPU ID: 1
2026-06-16 03:32:42,849 - debug - DEBUG -   Input Device:  cuda:1
2026-06-16 03:32:42,849 - debug - DEBUG -   Target Device: cuda:1
2026-06-16 03:32:42,849 - debug - DEBUG -   Model Device:  cuda:1
2026-06-16 03:32:42,849 - debug - DEBUG -   Criterion Weight Device: No weights
2026-06-16 03:32:43,145 - debug - DEBUG - Batch 0 grad norm: 0.910185
2026-06-16 03:32:44,225 - debug - DEBUG - Batch 10 grad norm: 0.681872
2026-06-16 03:32:45,300 - debug - DEBUG - Batch 20 grad norm: 0.905624
2026-06-16 03:32:46,385 - debug - DEBUG - Batch 30 grad norm: 0.628565
2026-06-16 03:32:47,472 - debug - DEBUG - Batch 40 grad norm: 1.022755
2026-06-16 03:32:48,535 - debug - DEBUG - Batch 50 grad norm: 1.221049
2026-06-16 03:32:49,620 - debug - DEBUG - Batch 60 grad norm: 0.865911
2026-06-16 03:32:50,696 - debug - DEBUG - Batch 70 grad norm: 1.046493
2026-06-16 03:32:51,778 - debug - DEBUG - Batch 80 grad norm: 1.288239
2026-06-16 03:32:52,828 - debug - DEBUG - Batch 90 grad norm: 0.883056
2026-06-16 03:32:53,907 - debug - DEBUG - Batch 100 grad norm: 1.124380
2026-06-16 03:32:54,971 - debug - DEBUG - Batch 110 grad norm: 0.783903
2026-06-16 03:32:56,051 - debug - DEBUG - Batch 120 grad norm: 1.260894
2026-06-16 03:32:57,139 - debug - DEBUG - Batch 130 grad norm: 0.934594
2026-06-16 03:32:58,202 - debug - DEBUG - Batch 140 grad norm: 1.099861
2026-06-16 03:32:59,294 - debug - DEBUG - Batch 150 grad norm: 0.832354
2026-06-16 03:33:00,357 - debug - DEBUG - Batch 160 grad norm: 1.296360
2026-06-16 03:33:01,411 - debug - DEBUG - Batch 170 grad norm: 0.953289
2026-06-16 03:33:02,570 - debug - DEBUG - Batch 180 grad norm: 0.921862
2026-06-16 03:33:03,490 - debug - DEBUG - Batch 190 grad norm: 1.069965
2026-06-16 03:33:04,475 - debug - DEBUG - Batch 200 grad norm: 1.241230
2026-06-16 03:33:05,623 - debug - DEBUG - Batch 210 grad norm: 1.169772
2026-06-16 03:33:06,505 - debug - DEBUG - Batch 220 grad norm: 1.156117
2026-06-16 03:33:07,569 - debug - DEBUG - Batch 230 grad norm: 1.105727
2026-06-16 03:33:08,614 - debug - DEBUG - Batch 240 grad norm: 0.902864
2026-06-16 03:33:09,647 - debug - DEBUG - Batch 250 grad norm: 1.121221
2026-06-16 03:33:10,705 - debug - DEBUG - Batch 260 grad norm: 1.252837
2026-06-16 03:33:11,770 - debug - DEBUG - Batch 270 grad norm: 1.374578
2026-06-16 03:33:12,838 - debug - DEBUG - Batch 280 grad norm: 1.132247
2026-06-16 03:33:13,882 - debug - DEBUG - Batch 290 grad norm: 1.203200
2026-06-16 03:33:14,950 - debug - DEBUG - Batch 300 grad norm: 1.180757
2026-06-16 03:33:15,981 - debug - DEBUG - Batch 310 grad norm: 1.020519
2026-06-16 03:33:17,052 - debug - DEBUG - Batch 320 grad norm: 1.083244
2026-06-16 03:33:18,087 - debug - DEBUG - Batch 330 grad norm: 0.931348
2026-06-16 03:33:19,163 - debug - DEBUG - Batch 340 grad norm: 1.074276
2026-06-16 03:33:20,210 - debug - DEBUG - Batch 350 grad norm: 1.005363
2026-06-16 03:33:20,311 - debug - DEBUG - compute_metrics_and_record started for epoch 82
2026-06-16 03:33:20,311 - debug - DEBUG - all_preds length: 45000, all_targets length: 45000
2026-06-16 03:33:20,311 - debug - DEBUG - First 10 preds: [4, 0, 3, 1, 4, 0, 3, 1, 6, 2]
2026-06-16 03:33:20,312 - debug - DEBUG - First 10 targets: [4, 0, 6, 1, 4, 0, 4, 9, 6, 2]
2026-06-16 03:33:20,322 - debug - DEBUG - Unique predicted classes: 10 (first 10: [0 1 2 3 4 5 6 7 8 9])
2026-06-16 03:33:20,323 - debug - DEBUG - Unique target classes: 10 (first 10: [0 1 2 3 4 5 6 7 8 9])
2026-06-16 03:33:22,556 - debug - DEBUG - compute_metrics_and_record started for epoch 82
2026-06-16 03:33:22,557 - debug - DEBUG - all_preds length: 10000, all_targets length: 10000
2026-06-16 03:33:22,557 - debug - DEBUG - First 10 preds: [3, 8, 1, 0, 6, 6, 1, 6, 3, 1]
2026-06-16 03:33:22,557 - debug - DEBUG - First 10 targets: [3, 8, 8, 0, 6, 6, 1, 6, 3, 1]
2026-06-16 03:33:22,559 - debug - DEBUG - Unique predicted classes: 10 (first 10: [0 1 2 3 4 5 6 7 8 9])
2026-06-16 03:33:22,559 - debug - DEBUG - Unique target classes: 10 (first 10: [0 1 2 3 4 5 6 7 8 9])
2026-06-16 03:33:22,873 - debug - DEBUG - Device Check - Batch 0
2026-06-16 03:33:22,874 - debug - DEBUG -   Config GPU ID: 1
2026-06-16 03:33:22,874 - debug - DEBUG -   Input Device:  cuda:1
2026-06-16 03:33:22,874 - debug - DEBUG -   Target Device: cuda:1
2026-06-16 03:33:22,874 - debug - DEBUG -   Model Device:  cuda:1
2026-06-16 03:33:22,875 - debug - DEBUG -   Criterion Weight Device: No weights
2026-06-16 03:33:23,262 - debug - DEBUG - Batch 0 grad norm: 1.247965
2026-06-16 03:33:24,348 - debug - DEBUG - Batch 10 grad norm: 0.796650
2026-06-16 03:33:25,412 - debug - DEBUG - Batch 20 grad norm: 1.163447
2026-06-16 03:33:26,499 - debug - DEBUG - Batch 30 grad norm: 1.118243
2026-06-16 03:33:27,580 - debug - DEBUG - Batch 40 grad norm: 1.098925
2026-06-16 03:33:28,662 - debug - DEBUG - Batch 50 grad norm: 0.989367
2026-06-16 03:33:29,719 - debug - DEBUG - Batch 60 grad norm: 0.890128
2026-06-16 03:33:30,799 - debug - DEBUG - Batch 70 grad norm: 1.210885
2026-06-16 03:33:31,880 - debug - DEBUG - Batch 80 grad norm: 1.316366
2026-06-16 03:33:32,965 - debug - DEBUG - Batch 90 grad norm: 1.061884
2026-06-16 03:33:34,043 - debug - DEBUG - Batch 100 grad norm: 0.810615
2026-06-16 03:33:35,097 - debug - DEBUG - Batch 110 grad norm: 0.880272
2026-06-16 03:33:36,178 - debug - DEBUG - Batch 120 grad norm: 0.661232
2026-06-16 03:33:37,259 - debug - DEBUG - Batch 130 grad norm: 1.013341
2026-06-16 03:33:38,323 - debug - DEBUG - Batch 140 grad norm: 1.191349
2026-06-16 03:33:39,376 - debug - DEBUG - Batch 150 grad norm: 0.942903
2026-06-16 03:33:40,437 - debug - DEBUG - Batch 160 grad norm: 1.195019
2026-06-16 03:33:41,497 - debug - DEBUG - Batch 170 grad norm: 1.201937
2026-06-16 03:33:42,652 - debug - DEBUG - Batch 180 grad norm: 1.421847
2026-06-16 03:33:43,521 - debug - DEBUG - Batch 190 grad norm: 1.103011
2026-06-16 03:33:44,593 - debug - DEBUG - Batch 200 grad norm: 0.866385
2026-06-16 03:33:45,669 - debug - DEBUG - Batch 210 grad norm: 1.206450
2026-06-16 03:33:46,724 - debug - DEBUG - Batch 220 grad norm: 1.200895
2026-06-16 03:33:47,808 - debug - DEBUG - Batch 230 grad norm: 1.408045
2026-06-16 03:33:48,865 - debug - DEBUG - Batch 240 grad norm: 1.013511
2026-06-16 03:33:49,886 - debug - DEBUG - Batch 250 grad norm: 0.908353
2026-06-16 03:33:50,954 - debug - DEBUG - Batch 260 grad norm: 1.224754
2026-06-16 03:33:52,062 - debug - DEBUG - Batch 270 grad norm: 0.914524
2026-06-16 03:33:52,966 - debug - DEBUG - Batch 280 grad norm: 1.013732
2026-06-16 03:33:54,049 - debug - DEBUG - Batch 290 grad norm: 1.045862
2026-06-16 03:33:55,099 - debug - DEBUG - Batch 300 grad norm: 1.620773
2026-06-16 03:33:56,181 - debug - DEBUG - Batch 310 grad norm: 1.039955
2026-06-16 03:33:57,242 - debug - DEBUG - Batch 320 grad norm: 0.882088
2026-06-16 03:33:58,293 - debug - DEBUG - Batch 330 grad norm: 0.982281
2026-06-16 03:33:59,374 - debug - DEBUG - Batch 340 grad norm: 0.946378
2026-06-16 03:34:00,430 - debug - DEBUG - Batch 350 grad norm: 1.196924
2026-06-16 03:34:00,545 - debug - DEBUG - compute_metrics_and_record started for epoch 83
2026-06-16 03:34:00,546 - debug - DEBUG - all_preds length: 45000, all_targets length: 45000
2026-06-16 03:34:00,546 - debug - DEBUG - First 10 preds: [5, 2, 5, 0, 2, 6, 7, 9, 4, 1]
2026-06-16 03:34:00,546 - debug - DEBUG - First 10 targets: [5, 2, 5, 0, 2, 6, 7, 9, 4, 1]
2026-06-16 03:34:00,555 - debug - DEBUG - Unique predicted classes: 10 (first 10: [0 1 2 3 4 5 6 7 8 9])
2026-06-16 03:34:00,555 - debug - DEBUG - Unique target classes: 10 (first 10: [0 1 2 3 4 5 6 7 8 9])
2026-06-16 03:34:02,787 - debug - DEBUG - compute_metrics_and_record started for epoch 83
2026-06-16 03:34:02,787 - debug - DEBUG - all_preds length: 10000, all_targets length: 10000
2026-06-16 03:34:02,787 - debug - DEBUG - First 10 preds: [3, 0, 1, 0, 6, 6, 1, 2, 3, 1]
2026-06-16 03:34:02,787 - debug - DEBUG - First 10 targets: [3, 8, 8, 0, 6, 6, 1, 6, 3, 1]
2026-06-16 03:34:02,790 - debug - DEBUG - Unique predicted classes: 10 (first 10: [0 1 2 3 4 5 6 7 8 9])
2026-06-16 03:34:02,790 - debug - DEBUG - Unique target classes: 10 (first 10: [0 1 2 3 4 5 6 7 8 9])
2026-06-16 03:34:03,064 - debug - DEBUG - Device Check - Batch 0
2026-06-16 03:34:03,065 - debug - DEBUG -   Config GPU ID: 1
2026-06-16 03:34:03,065 - debug - DEBUG -   Input Device:  cuda:1
2026-06-16 03:34:03,065 - debug - DEBUG -   Target Device: cuda:1
2026-06-16 03:34:03,066 - debug - DEBUG -   Model Device:  cuda:1
2026-06-16 03:34:03,066 - debug - DEBUG -   Criterion Weight Device: No weights
2026-06-16 03:34:03,474 - debug - DEBUG - Batch 0 grad norm: 0.823992
2026-06-16 03:34:04,533 - debug - DEBUG - Batch 10 grad norm: 1.067821
2026-06-16 03:34:05,618 - debug - DEBUG - Batch 20 grad norm: 1.001460
2026-06-16 03:34:06,700 - debug - DEBUG - Batch 30 grad norm: 0.968866
2026-06-16 03:34:07,785 - debug - DEBUG - Batch 40 grad norm: 0.879359
2026-06-16 03:34:08,865 - debug - DEBUG - Batch 50 grad norm: 0.965015
2026-06-16 03:34:09,923 - debug - DEBUG - Batch 60 grad norm: 0.907254
2026-06-16 03:34:11,011 - debug - DEBUG - Batch 70 grad norm: 1.000024
2026-06-16 03:34:12,089 - debug - DEBUG - Batch 80 grad norm: 1.152983
2026-06-16 03:34:13,167 - debug - DEBUG - Batch 90 grad norm: 1.175804
2026-06-16 03:34:14,203 - debug - DEBUG - Batch 100 grad norm: 1.194933
2026-06-16 03:34:15,256 - debug - DEBUG - Batch 110 grad norm: 1.142442
2026-06-16 03:34:16,299 - debug - DEBUG - Batch 120 grad norm: 1.092515
2026-06-16 03:34:17,364 - debug - DEBUG - Batch 130 grad norm: 1.104015
2026-06-16 03:34:18,397 - debug - DEBUG - Batch 140 grad norm: 1.080480
2026-06-16 03:34:19,461 - debug - DEBUG - Batch 150 grad norm: 1.208265
2026-06-16 03:34:20,499 - debug - DEBUG - Batch 160 grad norm: 1.151749
2026-06-16 03:34:21,578 - debug - DEBUG - Batch 170 grad norm: 0.929444
2026-06-16 03:34:22,697 - debug - DEBUG - Batch 180 grad norm: 0.931203
2026-06-16 03:34:23,631 - debug - DEBUG - Batch 190 grad norm: 1.165534
2026-06-16 03:34:24,703 - debug - DEBUG - Batch 200 grad norm: 0.917120
2026-06-16 03:34:25,764 - debug - DEBUG - Batch 210 grad norm: 1.400987
2026-06-16 03:34:26,838 - debug - DEBUG - Batch 220 grad norm: 0.862754
2026-06-16 03:34:27,893 - debug - DEBUG - Batch 230 grad norm: 1.132769
2026-06-16 03:34:28,978 - debug - DEBUG - Batch 240 grad norm: 1.355231
2026-06-16 03:34:30,008 - debug - DEBUG - Batch 250 grad norm: 0.967989
2026-06-16 03:34:31,076 - debug - DEBUG - Batch 260 grad norm: 0.860509
2026-06-16 03:34:32,119 - debug - DEBUG - Batch 270 grad norm: 1.040024
2026-06-16 03:34:33,201 - debug - DEBUG - Batch 280 grad norm: 1.106043
2026-06-16 03:34:34,278 - debug - DEBUG - Batch 290 grad norm: 0.829092
2026-06-16 03:34:35,327 - debug - DEBUG - Batch 300 grad norm: 1.415018
2026-06-16 03:34:36,361 - debug - DEBUG - Batch 310 grad norm: 0.956116
2026-06-16 03:34:37,526 - debug - DEBUG - Batch 320 grad norm: 1.315107
2026-06-16 03:34:38,423 - debug - DEBUG - Batch 330 grad norm: 1.140591
2026-06-16 03:34:39,485 - debug - DEBUG - Batch 340 grad norm: 1.434019
2026-06-16 03:34:40,560 - debug - DEBUG - Batch 350 grad norm: 1.062998
2026-06-16 03:34:40,653 - debug - DEBUG - compute_metrics_and_record started for epoch 84
2026-06-16 03:34:40,654 - debug - DEBUG - all_preds length: 45000, all_targets length: 45000
2026-06-16 03:34:40,654 - debug - DEBUG - First 10 preds: [3, 4, 7, 7, 6, 8, 6, 8, 8, 7]
2026-06-16 03:34:40,654 - debug - DEBUG - First 10 targets: [3, 4, 7, 7, 6, 8, 6, 8, 8, 7]
2026-06-16 03:34:40,663 - debug - DEBUG - Unique predicted classes: 10 (first 10: [0 1 2 3 4 5 6 7 8 9])
2026-06-16 03:34:40,664 - debug - DEBUG - Unique target classes: 10 (first 10: [0 1 2 3 4 5 6 7 8 9])
2026-06-16 03:34:42,893 - debug - DEBUG - compute_metrics_and_record started for epoch 84
2026-06-16 03:34:42,893 - debug - DEBUG - all_preds length: 10000, all_targets length: 10000
2026-06-16 03:34:42,893 - debug - DEBUG - First 10 preds: [3, 8, 8, 8, 6, 6, 1, 6, 3, 1]
2026-06-16 03:34:42,893 - debug - DEBUG - First 10 targets: [3, 8, 8, 0, 6, 6, 1, 6, 3, 1]
2026-06-16 03:34:42,896 - debug - DEBUG - Unique predicted classes: 10 (first 10: [0 1 2 3 4 5 6 7 8 9])
2026-06-16 03:34:42,896 - debug - DEBUG - Unique target classes: 10 (first 10: [0 1 2 3 4 5 6 7 8 9])
2026-06-16 03:34:43,152 - debug - DEBUG - Device Check - Batch 0
2026-06-16 03:34:43,152 - debug - DEBUG -   Config GPU ID: 1
2026-06-16 03:34:43,152 - debug - DEBUG -   Input Device:  cuda:1
2026-06-16 03:34:43,153 - debug - DEBUG -   Target Device: cuda:1
2026-06-16 03:34:43,153 - debug - DEBUG -   Model Device:  cuda:1
2026-06-16 03:34:43,153 - debug - DEBUG -   Criterion Weight Device: No weights
2026-06-16 03:34:43,548 - debug - DEBUG - Batch 0 grad norm: 1.028212
2026-06-16 03:34:44,632 - debug - DEBUG - Batch 10 grad norm: 1.021621
2026-06-16 03:34:45,699 - debug - DEBUG - Batch 20 grad norm: 1.287187
2026-06-16 03:34:46,781 - debug - DEBUG - Batch 30 grad norm: 0.832160
2026-06-16 03:34:47,860 - debug - DEBUG - Batch 40 grad norm: 0.975788
2026-06-16 03:34:48,916 - debug - DEBUG - Batch 50 grad norm: 1.183682
2026-06-16 03:34:49,999 - debug - DEBUG - Batch 60 grad norm: 1.098647
2026-06-16 03:34:51,077 - debug - DEBUG - Batch 70 grad norm: 0.874550
2026-06-16 03:34:52,158 - debug - DEBUG - Batch 80 grad norm: 1.297727
2026-06-16 03:34:53,199 - debug - DEBUG - Batch 90 grad norm: 1.120649
2026-06-16 03:34:54,254 - debug - DEBUG - Batch 100 grad norm: 1.257381
2026-06-16 03:34:55,297 - debug - DEBUG - Batch 110 grad norm: 1.448953
2026-06-16 03:34:56,355 - debug - DEBUG - Batch 120 grad norm: 1.053703
2026-06-16 03:34:57,387 - debug - DEBUG - Batch 130 grad norm: 1.015796
2026-06-16 03:34:58,451 - debug - DEBUG - Batch 140 grad norm: 1.028573
2026-06-16 03:34:59,519 - debug - DEBUG - Batch 150 grad norm: 1.110399
2026-06-16 03:35:00,569 - debug - DEBUG - Batch 160 grad norm: 1.127278
2026-06-16 03:35:01,606 - debug - DEBUG - Batch 170 grad norm: 1.229917
2026-06-16 03:35:02,724 - debug - DEBUG - Batch 180 grad norm: 1.490891
2026-06-16 03:35:03,642 - debug - DEBUG - Batch 190 grad norm: 1.005167
2026-06-16 03:35:04,702 - debug - DEBUG - Batch 200 grad norm: 0.844769
2026-06-16 03:35:05,774 - debug - DEBUG - Batch 210 grad norm: 1.347906
2026-06-16 03:35:06,818 - debug - DEBUG - Batch 220 grad norm: 1.400882
2026-06-16 03:35:07,897 - debug - DEBUG - Batch 230 grad norm: 1.430914
2026-06-16 03:35:08,944 - debug - DEBUG - Batch 240 grad norm: 1.511419
2026-06-16 03:35:10,024 - debug - DEBUG - Batch 250 grad norm: 1.189607
2026-06-16 03:35:11,093 - debug - DEBUG - Batch 260 grad norm: 1.113639
2026-06-16 03:35:12,180 - debug - DEBUG - Batch 270 grad norm: 0.998369
2026-06-16 03:35:13,263 - debug - DEBUG - Batch 280 grad norm: 1.129732
2026-06-16 03:35:14,345 - debug - DEBUG - Batch 290 grad norm: 1.070622
2026-06-16 03:35:15,428 - debug - DEBUG - Batch 300 grad norm: 1.118594
2026-06-16 03:35:16,480 - debug - DEBUG - Batch 310 grad norm: 0.951545
2026-06-16 03:35:17,531 - debug - DEBUG - Batch 320 grad norm: 1.104469
2026-06-16 03:35:18,587 - debug - DEBUG - Batch 330 grad norm: 1.086449
2026-06-16 03:35:19,652 - debug - DEBUG - Batch 340 grad norm: 1.349709
2026-06-16 03:35:20,682 - debug - DEBUG - Batch 350 grad norm: 1.104595
2026-06-16 03:35:20,787 - debug - DEBUG - compute_metrics_and_record started for epoch 85
2026-06-16 03:35:20,787 - debug - DEBUG - all_preds length: 45000, all_targets length: 45000
2026-06-16 03:35:20,787 - debug - DEBUG - First 10 preds: [1, 3, 3, 7, 5, 4, 4, 2, 4, 6]
2026-06-16 03:35:20,788 - debug - DEBUG - First 10 targets: [1, 3, 3, 7, 5, 4, 4, 2, 4, 6]
2026-06-16 03:35:20,800 - debug - DEBUG - Unique predicted classes: 10 (first 10: [0 1 2 3 4 5 6 7 8 9])
2026-06-16 03:35:20,801 - debug - DEBUG - Unique target classes: 10 (first 10: [0 1 2 3 4 5 6 7 8 9])
2026-06-16 03:35:22,885 - debug - DEBUG - compute_metrics_and_record started for epoch 85
2026-06-16 03:35:22,885 - debug - DEBUG - all_preds length: 10000, all_targets length: 10000
2026-06-16 03:35:22,885 - debug - DEBUG - First 10 preds: [3, 8, 8, 8, 6, 6, 1, 6, 3, 1]
2026-06-16 03:35:22,885 - debug - DEBUG - First 10 targets: [3, 8, 8, 0, 6, 6, 1, 6, 3, 1]
2026-06-16 03:35:22,888 - debug - DEBUG - Unique predicted classes: 10 (first 10: [0 1 2 3 4 5 6 7 8 9])
2026-06-16 03:35:22,888 - debug - DEBUG - Unique target classes: 10 (first 10: [0 1 2 3 4 5 6 7 8 9])
2026-06-16 03:35:23,151 - debug - DEBUG - Device Check - Batch 0
2026-06-16 03:35:23,151 - debug - DEBUG -   Config GPU ID: 1
2026-06-16 03:35:23,152 - debug - DEBUG -   Input Device:  cuda:1
2026-06-16 03:35:23,152 - debug - DEBUG -   Target Device: cuda:1
2026-06-16 03:35:23,152 - debug - DEBUG -   Model Device:  cuda:1
2026-06-16 03:35:23,152 - debug - DEBUG -   Criterion Weight Device: No weights
2026-06-16 03:35:23,652 - debug - DEBUG - Batch 0 grad norm: 1.055441
2026-06-16 03:35:24,558 - debug - DEBUG - Batch 10 grad norm: 1.153867
2026-06-16 03:35:25,619 - debug - DEBUG - Batch 20 grad norm: 0.937726
2026-06-16 03:35:26,712 - debug - DEBUG - Batch 30 grad norm: 1.190313
2026-06-16 03:35:27,769 - debug - DEBUG - Batch 40 grad norm: 0.727553
2026-06-16 03:35:28,855 - debug - DEBUG - Batch 50 grad norm: 0.758504
2026-06-16 03:35:29,919 - debug - DEBUG - Batch 60 grad norm: 1.011884
2026-06-16 03:35:30,999 - debug - DEBUG - Batch 70 grad norm: 1.106358
2026-06-16 03:35:32,061 - debug - DEBUG - Batch 80 grad norm: 0.945394
2026-06-16 03:35:33,149 - debug - DEBUG - Batch 90 grad norm: 1.320863
2026-06-16 03:35:34,213 - debug - DEBUG - Batch 100 grad norm: 1.150679
2026-06-16 03:35:35,295 - debug - DEBUG - Batch 110 grad norm: 1.131926
2026-06-16 03:35:36,379 - debug - DEBUG - Batch 120 grad norm: 1.063456
2026-06-16 03:35:37,437 - debug - DEBUG - Batch 130 grad norm: 1.080085
2026-06-16 03:35:38,520 - debug - DEBUG - Batch 140 grad norm: 1.277600
2026-06-16 03:35:39,591 - debug - DEBUG - Batch 150 grad norm: 1.059281
2026-06-16 03:35:40,670 - debug - DEBUG - Batch 160 grad norm: 1.038806
2026-06-16 03:35:41,693 - debug - DEBUG - Batch 170 grad norm: 1.148192
2026-06-16 03:35:42,838 - debug - DEBUG - Batch 180 grad norm: 1.246031
2026-06-16 03:35:43,755 - debug - DEBUG - Batch 190 grad norm: 1.297965
2026-06-16 03:35:44,823 - debug - DEBUG - Batch 200 grad norm: 0.897212
2026-06-16 03:35:45,888 - debug - DEBUG - Batch 210 grad norm: 1.006999
2026-06-16 03:35:46,943 - debug - DEBUG - Batch 220 grad norm: 0.971319
2026-06-16 03:35:48,010 - debug - DEBUG - Batch 230 grad norm: 1.074766
2026-06-16 03:35:49,070 - debug - DEBUG - Batch 240 grad norm: 0.940569
2026-06-16 03:35:50,132 - debug - DEBUG - Batch 250 grad norm: 1.055936
2026-06-16 03:35:51,187 - debug - DEBUG - Batch 260 grad norm: 1.066452
2026-06-16 03:35:52,255 - debug - DEBUG - Batch 270 grad norm: 1.319812
2026-06-16 03:35:53,310 - debug - DEBUG - Batch 280 grad norm: 0.891848
2026-06-16 03:35:54,383 - debug - DEBUG - Batch 290 grad norm: 1.298119
2026-06-16 03:35:55,447 - debug - DEBUG - Batch 300 grad norm: 1.381027
2026-06-16 03:35:56,520 - debug - DEBUG - Batch 310 grad norm: 0.770717
2026-06-16 03:35:57,584 - debug - DEBUG - Batch 320 grad norm: 0.731924
2026-06-16 03:35:58,630 - debug - DEBUG - Batch 330 grad norm: 1.419136
2026-06-16 03:35:59,694 - debug - DEBUG - Batch 340 grad norm: 1.047368
2026-06-16 03:36:00,762 - debug - DEBUG - Batch 350 grad norm: 0.964854
2026-06-16 03:36:00,849 - debug - DEBUG - compute_metrics_and_record started for epoch 86
2026-06-16 03:36:00,850 - debug - DEBUG - all_preds length: 45000, all_targets length: 45000
2026-06-16 03:36:00,850 - debug - DEBUG - First 10 preds: [5, 2, 6, 4, 2, 1, 7, 3, 6, 3]
2026-06-16 03:36:00,850 - debug - DEBUG - First 10 targets: [5, 2, 6, 4, 2, 1, 7, 3, 5, 3]
2026-06-16 03:36:00,859 - debug - DEBUG - Unique predicted classes: 10 (first 10: [0 1 2 3 4 5 6 7 8 9])
2026-06-16 03:36:00,859 - debug - DEBUG - Unique target classes: 10 (first 10: [0 1 2 3 4 5 6 7 8 9])
2026-06-16 03:36:03,122 - debug - DEBUG - compute_metrics_and_record started for epoch 86
2026-06-16 03:36:03,123 - debug - DEBUG - all_preds length: 10000, all_targets length: 10000
2026-06-16 03:36:03,123 - debug - DEBUG - First 10 preds: [3, 8, 8, 0, 6, 6, 1, 6, 3, 1]
2026-06-16 03:36:03,123 - debug - DEBUG - First 10 targets: [3, 8, 8, 0, 6, 6, 1, 6, 3, 1]
2026-06-16 03:36:03,125 - debug - DEBUG - Unique predicted classes: 10 (first 10: [0 1 2 3 4 5 6 7 8 9])
2026-06-16 03:36:03,125 - debug - DEBUG - Unique target classes: 10 (first 10: [0 1 2 3 4 5 6 7 8 9])
2026-06-16 03:36:03,382 - debug - DEBUG - Device Check - Batch 0
2026-06-16 03:36:03,383 - debug - DEBUG -   Config GPU ID: 1
2026-06-16 03:36:03,383 - debug - DEBUG -   Input Device:  cuda:1
2026-06-16 03:36:03,383 - debug - DEBUG -   Target Device: cuda:1
2026-06-16 03:36:03,383 - debug - DEBUG -   Model Device:  cuda:1
2026-06-16 03:36:03,384 - debug - DEBUG -   Criterion Weight Device: No weights
2026-06-16 03:36:03,870 - debug - DEBUG - Batch 0 grad norm: 1.032438
2026-06-16 03:36:04,920 - debug - DEBUG - Batch 10 grad norm: 1.051739
2026-06-16 03:36:05,994 - debug - DEBUG - Batch 20 grad norm: 1.191373
2026-06-16 03:36:07,061 - debug - DEBUG - Batch 30 grad norm: 0.954912
2026-06-16 03:36:07,982 - debug - DEBUG - Batch 40 grad norm: 1.492614
2026-06-16 03:36:09,135 - debug - DEBUG - Batch 50 grad norm: 1.120248
2026-06-16 03:36:10,067 - debug - DEBUG - Batch 60 grad norm: 0.996783
2026-06-16 03:36:11,100 - debug - DEBUG - Batch 70 grad norm: 1.070190
2026-06-16 03:36:12,163 - debug - DEBUG - Batch 80 grad norm: 0.876410
2026-06-16 03:36:13,262 - debug - DEBUG - Batch 90 grad norm: 1.320642
2026-06-16 03:36:14,386 - debug - DEBUG - Batch 100 grad norm: 0.963675
2026-06-16 03:36:15,491 - debug - DEBUG - Batch 110 grad norm: 1.028686
2026-06-16 03:36:16,569 - debug - DEBUG - Batch 120 grad norm: 1.398010
2026-06-16 03:36:17,678 - debug - DEBUG - Batch 130 grad norm: 1.167009
2026-06-16 03:36:18,819 - debug - DEBUG - Batch 140 grad norm: 1.421970
2026-06-16 03:36:19,934 - debug - DEBUG - Batch 150 grad norm: 1.199125
2026-06-16 03:36:21,051 - debug - DEBUG - Batch 160 grad norm: 0.877054
2026-06-16 03:36:21,953 - debug - DEBUG - Batch 170 grad norm: 1.388740
2026-06-16 03:36:23,125 - debug - DEBUG - Batch 180 grad norm: 0.980075
2026-06-16 03:36:24,125 - debug - DEBUG - Batch 190 grad norm: 1.162705
2026-06-16 03:36:25,139 - debug - DEBUG - Batch 200 grad norm: 1.152134
2026-06-16 03:36:26,233 - debug - DEBUG - Batch 210 grad norm: 1.018686
2026-06-16 03:36:27,329 - debug - DEBUG - Batch 220 grad norm: 1.057913
2026-06-16 03:36:28,416 - debug - DEBUG - Batch 230 grad norm: 1.001897
2026-06-16 03:36:29,468 - debug - DEBUG - Batch 240 grad norm: 1.493884
2026-06-16 03:36:30,554 - debug - DEBUG - Batch 250 grad norm: 0.929195
2026-06-16 03:36:31,645 - debug - DEBUG - Batch 260 grad norm: 0.737864
2026-06-16 03:36:32,741 - debug - DEBUG - Batch 270 grad norm: 1.066854
2026-06-16 03:36:33,794 - debug - DEBUG - Batch 280 grad norm: 0.906807
2026-06-16 03:36:34,879 - debug - DEBUG - Batch 290 grad norm: 0.869300
2026-06-16 03:36:35,975 - debug - DEBUG - Batch 300 grad norm: 0.744220
2026-06-16 03:36:37,078 - debug - DEBUG - Batch 310 grad norm: 1.078625
2026-06-16 03:36:38,185 - debug - DEBUG - Batch 320 grad norm: 0.946960
2026-06-16 03:36:39,269 - debug - DEBUG - Batch 330 grad norm: 1.183963
2026-06-16 03:36:40,366 - debug - DEBUG - Batch 340 grad norm: 1.227998
2026-06-16 03:36:41,482 - debug - DEBUG - Batch 350 grad norm: 1.223081
2026-06-16 03:36:41,577 - debug - DEBUG - compute_metrics_and_record started for epoch 87
2026-06-16 03:36:41,577 - debug - DEBUG - all_preds length: 45000, all_targets length: 45000
2026-06-16 03:36:41,577 - debug - DEBUG - First 10 preds: [7, 6, 8, 2, 4, 2, 6, 1, 2, 6]
2026-06-16 03:36:41,577 - debug - DEBUG - First 10 targets: [7, 6, 8, 2, 4, 5, 6, 1, 2, 7]
2026-06-16 03:36:41,587 - debug - DEBUG - Unique predicted classes: 10 (first 10: [0 1 2 3 4 5 6 7 8 9])
2026-06-16 03:36:41,587 - debug - DEBUG - Unique target classes: 10 (first 10: [0 1 2 3 4 5 6 7 8 9])
2026-06-16 03:36:43,942 - debug - DEBUG - compute_metrics_and_record started for epoch 87
2026-06-16 03:36:43,943 - debug - DEBUG - all_preds length: 10000, all_targets length: 10000
2026-06-16 03:36:43,943 - debug - DEBUG - First 10 preds: [3, 8, 8, 8, 6, 6, 1, 6, 3, 9]
2026-06-16 03:36:43,943 - debug - DEBUG - First 10 targets: [3, 8, 8, 0, 6, 6, 1, 6, 3, 1]
2026-06-16 03:36:43,945 - debug - DEBUG - Unique predicted classes: 10 (first 10: [0 1 2 3 4 5 6 7 8 9])
2026-06-16 03:36:43,946 - debug - DEBUG - Unique target classes: 10 (first 10: [0 1 2 3 4 5 6 7 8 9])
2026-06-16 03:36:44,241 - debug - DEBUG - Device Check - Batch 0
2026-06-16 03:36:44,242 - debug - DEBUG -   Config GPU ID: 1
2026-06-16 03:36:44,242 - debug - DEBUG -   Input Device:  cuda:1
2026-06-16 03:36:44,242 - debug - DEBUG -   Target Device: cuda:1
2026-06-16 03:36:44,242 - debug - DEBUG -   Model Device:  cuda:1
2026-06-16 03:36:44,242 - debug - DEBUG -   Criterion Weight Device: No weights
2026-06-16 03:36:44,838 - debug - DEBUG - Batch 0 grad norm: 1.120085
2026-06-16 03:36:45,929 - debug - DEBUG - Batch 10 grad norm: 1.215843
2026-06-16 03:36:47,013 - debug - DEBUG - Batch 20 grad norm: 0.977419
2026-06-16 03:36:48,093 - debug - DEBUG - Batch 30 grad norm: 0.990408
2026-06-16 03:36:49,180 - debug - DEBUG - Batch 40 grad norm: 1.277270
2026-06-16 03:36:50,229 - debug - DEBUG - Batch 50 grad norm: 1.050038
2026-06-16 03:36:51,294 - debug - DEBUG - Batch 60 grad norm: 1.090876
2026-06-16 03:36:52,336 - debug - DEBUG - Batch 70 grad norm: 0.811693
2026-06-16 03:36:53,278 - debug - DEBUG - Batch 80 grad norm: 1.323058
2026-06-16 03:36:54,359 - debug - DEBUG - Batch 90 grad norm: 1.098921
2026-06-16 03:36:55,476 - debug - DEBUG - Batch 100 grad norm: 0.831221
2026-06-16 03:36:56,386 - debug - DEBUG - Batch 110 grad norm: 0.937718
2026-06-16 03:36:57,455 - debug - DEBUG - Batch 120 grad norm: 1.353171
2026-06-16 03:36:58,523 - debug - DEBUG - Batch 130 grad norm: 1.133200
2026-06-16 03:36:59,605 - debug - DEBUG - Batch 140 grad norm: 1.128374
2026-06-16 03:37:00,685 - debug - DEBUG - Batch 150 grad norm: 0.976292
2026-06-16 03:37:01,751 - debug - DEBUG - Batch 160 grad norm: 0.893305
2026-06-16 03:37:02,814 - debug - DEBUG - Batch 170 grad norm: 1.006080
2026-06-16 03:37:03,943 - debug - DEBUG - Batch 180 grad norm: 1.159465
2026-06-16 03:37:04,866 - debug - DEBUG - Batch 190 grad norm: 1.100091
2026-06-16 03:37:05,920 - debug - DEBUG - Batch 200 grad norm: 1.418036
2026-06-16 03:37:07,009 - debug - DEBUG - Batch 210 grad norm: 1.107128
2026-06-16 03:37:08,064 - debug - DEBUG - Batch 220 grad norm: 1.208026
2026-06-16 03:37:09,144 - debug - DEBUG - Batch 230 grad norm: 1.135804
2026-06-16 03:37:10,211 - debug - DEBUG - Batch 240 grad norm: 1.053915
2026-06-16 03:37:11,296 - debug - DEBUG - Batch 250 grad norm: 1.130770
2026-06-16 03:37:12,377 - debug - DEBUG - Batch 260 grad norm: 1.021430
2026-06-16 03:37:13,456 - debug - DEBUG - Batch 270 grad norm: 1.239530
2026-06-16 03:37:14,518 - debug - DEBUG - Batch 280 grad norm: 1.089447
2026-06-16 03:37:15,580 - debug - DEBUG - Batch 290 grad norm: 0.841420
2026-06-16 03:37:16,651 - debug - DEBUG - Batch 300 grad norm: 0.942139
2026-06-16 03:37:17,715 - debug - DEBUG - Batch 310 grad norm: 0.955321
2026-06-16 03:37:18,781 - debug - DEBUG - Batch 320 grad norm: 1.074601
2026-06-16 03:37:19,816 - debug - DEBUG - Batch 330 grad norm: 1.078362
2026-06-16 03:37:20,891 - debug - DEBUG - Batch 340 grad norm: 1.285441
2026-06-16 03:37:21,934 - debug - DEBUG - Batch 350 grad norm: 0.927054
2026-06-16 03:37:22,047 - debug - DEBUG - compute_metrics_and_record started for epoch 88
2026-06-16 03:37:22,047 - debug - DEBUG - all_preds length: 45000, all_targets length: 45000
2026-06-16 03:37:22,047 - debug - DEBUG - First 10 preds: [5, 8, 3, 2, 8, 4, 5, 2, 9, 2]
2026-06-16 03:37:22,047 - debug - DEBUG - First 10 targets: [4, 8, 3, 2, 8, 4, 5, 2, 1, 0]
2026-06-16 03:37:22,056 - debug - DEBUG - Unique predicted classes: 10 (first 10: [0 1 2 3 4 5 6 7 8 9])
2026-06-16 03:37:22,056 - debug - DEBUG - Unique target classes: 10 (first 10: [0 1 2 3 4 5 6 7 8 9])
2026-06-16 03:37:24,235 - debug - DEBUG - compute_metrics_and_record started for epoch 88
2026-06-16 03:37:24,236 - debug - DEBUG - all_preds length: 10000, all_targets length: 10000
2026-06-16 03:37:24,236 - debug - DEBUG - First 10 preds: [8, 8, 8, 8, 6, 6, 1, 4, 3, 1]
2026-06-16 03:37:24,236 - debug - DEBUG - First 10 targets: [3, 8, 8, 0, 6, 6, 1, 6, 3, 1]
2026-06-16 03:37:24,238 - debug - DEBUG - Unique predicted classes: 10 (first 10: [0 1 2 3 4 5 6 7 8 9])
2026-06-16 03:37:24,238 - debug - DEBUG - Unique target classes: 10 (first 10: [0 1 2 3 4 5 6 7 8 9])
2026-06-16 03:37:24,552 - debug - DEBUG - Device Check - Batch 0
2026-06-16 03:37:24,553 - debug - DEBUG -   Config GPU ID: 1
2026-06-16 03:37:24,553 - debug - DEBUG -   Input Device:  cuda:1
2026-06-16 03:37:24,553 - debug - DEBUG -   Target Device: cuda:1
2026-06-16 03:37:24,553 - debug - DEBUG -   Model Device:  cuda:1
2026-06-16 03:37:24,554 - debug - DEBUG -   Criterion Weight Device: No weights
2026-06-16 03:37:24,878 - debug - DEBUG - Batch 0 grad norm: 0.901802
2026-06-16 03:37:25,965 - debug - DEBUG - Batch 10 grad norm: 1.004710
2026-06-16 03:37:27,031 - debug - DEBUG - Batch 20 grad norm: 1.215474
2026-06-16 03:37:28,119 - debug - DEBUG - Batch 30 grad norm: 0.950533
2026-06-16 03:37:29,201 - debug - DEBUG - Batch 40 grad norm: 0.931736
2026-06-16 03:37:30,285 - debug - DEBUG - Batch 50 grad norm: 1.016090
2026-06-16 03:37:31,338 - debug - DEBUG - Batch 60 grad norm: 1.175272
2026-06-16 03:37:32,420 - debug - DEBUG - Batch 70 grad norm: 1.128487
2026-06-16 03:37:33,473 - debug - DEBUG - Batch 80 grad norm: 1.089751
2026-06-16 03:37:34,556 - debug - DEBUG - Batch 90 grad norm: 1.195403
2026-06-16 03:37:35,620 - debug - DEBUG - Batch 100 grad norm: 1.086196
2026-06-16 03:37:36,699 - debug - DEBUG - Batch 110 grad norm: 0.825549
2026-06-16 03:37:37,781 - debug - DEBUG - Batch 120 grad norm: 1.035380
2026-06-16 03:37:38,851 - debug - DEBUG - Batch 130 grad norm: 0.976287
2026-06-16 03:37:39,801 - debug - DEBUG - Batch 140 grad norm: 0.907949
2026-06-16 03:37:40,930 - debug - DEBUG - Batch 150 grad norm: 1.331565
2026-06-16 03:37:41,910 - debug - DEBUG - Batch 160 grad norm: 1.309399
2026-06-16 03:37:42,922 - debug - DEBUG - Batch 170 grad norm: 1.209993
2026-06-16 03:37:44,074 - debug - DEBUG - Batch 180 grad norm: 1.071011
2026-06-16 03:37:44,999 - debug - DEBUG - Batch 190 grad norm: 0.904749
2026-06-16 03:37:46,074 - debug - DEBUG - Batch 200 grad norm: 0.941000
2026-06-16 03:37:47,137 - debug - DEBUG - Batch 210 grad norm: 0.871339
2026-06-16 03:37:48,209 - debug - DEBUG - Batch 220 grad norm: 1.238222
2026-06-16 03:37:49,283 - debug - DEBUG - Batch 230 grad norm: 1.102999
2026-06-16 03:37:50,343 - debug - DEBUG - Batch 240 grad norm: 1.088859
2026-06-16 03:37:51,414 - debug - DEBUG - Batch 250 grad norm: 0.938323
2026-06-16 03:37:52,516 - debug - DEBUG - Batch 260 grad norm: 1.280231
2026-06-16 03:37:53,600 - debug - DEBUG - Batch 270 grad norm: 0.818466
2026-06-16 03:37:54,664 - debug - DEBUG - Batch 280 grad norm: 0.845492
2026-06-16 03:37:55,749 - debug - DEBUG - Batch 290 grad norm: 1.081107
2026-06-16 03:37:56,791 - debug - DEBUG - Batch 300 grad norm: 1.280193
2026-06-16 03:37:57,875 - debug - DEBUG - Batch 310 grad norm: 1.226447
2026-06-16 03:37:58,951 - debug - DEBUG - Batch 320 grad norm: 1.059476
2026-06-16 03:38:00,009 - debug - DEBUG - Batch 330 grad norm: 1.161867
2026-06-16 03:38:01,077 - debug - DEBUG - Batch 340 grad norm: 1.042690
2026-06-16 03:38:02,127 - debug - DEBUG - Batch 350 grad norm: 0.952660
2026-06-16 03:38:02,220 - debug - DEBUG - compute_metrics_and_record started for epoch 89
2026-06-16 03:38:02,221 - debug - DEBUG - all_preds length: 45000, all_targets length: 45000
2026-06-16 03:38:02,221 - debug - DEBUG - First 10 preds: [3, 0, 4, 9, 8, 4, 5, 2, 9, 6]
2026-06-16 03:38:02,221 - debug - DEBUG - First 10 targets: [3, 0, 4, 9, 8, 4, 5, 2, 9, 6]
2026-06-16 03:38:02,232 - debug - DEBUG - Unique predicted classes: 10 (first 10: [0 1 2 3 4 5 6 7 8 9])
2026-06-16 03:38:02,233 - debug - DEBUG - Unique target classes: 10 (first 10: [0 1 2 3 4 5 6 7 8 9])
2026-06-16 03:38:04,453 - debug - DEBUG - compute_metrics_and_record started for epoch 89
2026-06-16 03:38:04,454 - debug - DEBUG - all_preds length: 10000, all_targets length: 10000
2026-06-16 03:38:04,454 - debug - DEBUG - First 10 preds: [3, 8, 8, 8, 6, 6, 1, 6, 3, 1]
2026-06-16 03:38:04,454 - debug - DEBUG - First 10 targets: [3, 8, 8, 0, 6, 6, 1, 6, 3, 1]
2026-06-16 03:38:04,456 - debug - DEBUG - Unique predicted classes: 10 (first 10: [0 1 2 3 4 5 6 7 8 9])
2026-06-16 03:38:04,456 - debug - DEBUG - Unique target classes: 10 (first 10: [0 1 2 3 4 5 6 7 8 9])
2026-06-16 03:38:04,767 - debug - DEBUG - Device Check - Batch 0
2026-06-16 03:38:04,768 - debug - DEBUG -   Config GPU ID: 1
2026-06-16 03:38:04,768 - debug - DEBUG -   Input Device:  cuda:1
2026-06-16 03:38:04,769 - debug - DEBUG -   Target Device: cuda:1
2026-06-16 03:38:04,769 - debug - DEBUG -   Model Device:  cuda:1
2026-06-16 03:38:04,769 - debug - DEBUG -   Criterion Weight Device: No weights
2026-06-16 03:38:05,146 - debug - DEBUG - Batch 0 grad norm: 1.015515
2026-06-16 03:38:06,205 - debug - DEBUG - Batch 10 grad norm: 0.954730
2026-06-16 03:38:07,286 - debug - DEBUG - Batch 20 grad norm: 1.015417
2026-06-16 03:38:08,362 - debug - DEBUG - Batch 30 grad norm: 0.854888
2026-06-16 03:38:09,444 - debug - DEBUG - Batch 40 grad norm: 0.953632
2026-06-16 03:38:10,530 - debug - DEBUG - Batch 50 grad norm: 1.340099
2026-06-16 03:38:11,598 - debug - DEBUG - Batch 60 grad norm: 1.129245
2026-06-16 03:38:12,681 - debug - DEBUG - Batch 70 grad norm: 0.751157
2026-06-16 03:38:13,743 - debug - DEBUG - Batch 80 grad norm: 1.008908
2026-06-16 03:38:14,793 - debug - DEBUG - Batch 90 grad norm: 1.016362
2026-06-16 03:38:15,840 - debug - DEBUG - Batch 100 grad norm: 0.864825
2026-06-16 03:38:16,901 - debug - DEBUG - Batch 110 grad norm: 0.719525
2026-06-16 03:38:17,941 - debug - DEBUG - Batch 120 grad norm: 1.070139
2026-06-16 03:38:19,009 - debug - DEBUG - Batch 130 grad norm: 1.393270
2026-06-16 03:38:20,045 - debug - DEBUG - Batch 140 grad norm: 1.097902
2026-06-16 03:38:21,123 - debug - DEBUG - Batch 150 grad norm: 1.284689
2026-06-16 03:38:22,195 - debug - DEBUG - Batch 160 grad norm: 1.037601
2026-06-16 03:38:23,269 - debug - DEBUG - Batch 170 grad norm: 1.004448
2026-06-16 03:38:24,388 - debug - DEBUG - Batch 180 grad norm: 1.123030
2026-06-16 03:38:25,285 - debug - DEBUG - Batch 190 grad norm: 0.977917
2026-06-16 03:38:26,348 - debug - DEBUG - Batch 200 grad norm: 0.797955
2026-06-16 03:38:27,473 - debug - DEBUG - Batch 210 grad norm: 0.656103
2026-06-16 03:38:28,413 - debug - DEBUG - Batch 220 grad norm: 0.844438
2026-06-16 03:38:29,478 - debug - DEBUG - Batch 230 grad norm: 1.166235
2026-06-16 03:38:30,566 - debug - DEBUG - Batch 240 grad norm: 1.179218
2026-06-16 03:38:31,626 - debug - DEBUG - Batch 250 grad norm: 1.059399
2026-06-16 03:38:32,685 - debug - DEBUG - Batch 260 grad norm: 1.345834
2026-06-16 03:38:33,761 - debug - DEBUG - Batch 270 grad norm: 0.993641
2026-06-16 03:38:34,820 - debug - DEBUG - Batch 280 grad norm: 1.040831
2026-06-16 03:38:35,887 - debug - DEBUG - Batch 290 grad norm: 1.242113
2026-06-16 03:38:36,937 - debug - DEBUG - Batch 300 grad norm: 1.238605
2026-06-16 03:38:38,012 - debug - DEBUG - Batch 310 grad norm: 1.146823
2026-06-16 03:38:39,066 - debug - DEBUG - Batch 320 grad norm: 0.981873
2026-06-16 03:38:40,143 - debug - DEBUG - Batch 330 grad norm: 1.286307
2026-06-16 03:38:41,192 - debug - DEBUG - Batch 340 grad norm: 1.036263
2026-06-16 03:38:42,271 - debug - DEBUG - Batch 350 grad norm: 1.311718
2026-06-16 03:38:42,371 - debug - DEBUG - compute_metrics_and_record started for epoch 90
2026-06-16 03:38:42,371 - debug - DEBUG - all_preds length: 45000, all_targets length: 45000
2026-06-16 03:38:42,371 - debug - DEBUG - First 10 preds: [2, 2, 4, 2, 5, 7, 7, 7, 6, 7]
2026-06-16 03:38:42,371 - debug - DEBUG - First 10 targets: [2, 2, 5, 2, 5, 7, 7, 7, 2, 7]
2026-06-16 03:38:42,381 - debug - DEBUG - Unique predicted classes: 10 (first 10: [0 1 2 3 4 5 6 7 8 9])
2026-06-16 03:38:42,381 - debug - DEBUG - Unique target classes: 10 (first 10: [0 1 2 3 4 5 6 7 8 9])
2026-06-16 03:38:44,625 - debug - DEBUG - compute_metrics_and_record started for epoch 90
2026-06-16 03:38:44,625 - debug - DEBUG - all_preds length: 10000, all_targets length: 10000
2026-06-16 03:38:44,625 - debug - DEBUG - First 10 preds: [3, 8, 8, 8, 6, 6, 1, 2, 3, 1]
2026-06-16 03:38:44,626 - debug - DEBUG - First 10 targets: [3, 8, 8, 0, 6, 6, 1, 6, 3, 1]
2026-06-16 03:38:44,628 - debug - DEBUG - Unique predicted classes: 10 (first 10: [0 1 2 3 4 5 6 7 8 9])
2026-06-16 03:38:44,628 - debug - DEBUG - Unique target classes: 10 (first 10: [0 1 2 3 4 5 6 7 8 9])
2026-06-16 03:38:44,936 - debug - DEBUG - Device Check - Batch 0
2026-06-16 03:38:44,937 - debug - DEBUG -   Config GPU ID: 1
2026-06-16 03:38:44,937 - debug - DEBUG -   Input Device:  cuda:1
2026-06-16 03:38:44,938 - debug - DEBUG -   Target Device: cuda:1
2026-06-16 03:38:44,938 - debug - DEBUG -   Model Device:  cuda:1
2026-06-16 03:38:44,938 - debug - DEBUG -   Criterion Weight Device: No weights
2026-06-16 03:38:45,348 - debug - DEBUG - Batch 0 grad norm: 1.139679
2026-06-16 03:38:46,408 - debug - DEBUG - Batch 10 grad norm: 1.110258
2026-06-16 03:38:47,497 - debug - DEBUG - Batch 20 grad norm: 1.214846
2026-06-16 03:38:48,575 - debug - DEBUG - Batch 30 grad norm: 0.926996
2026-06-16 03:38:49,654 - debug - DEBUG - Batch 40 grad norm: 1.354363
2026-06-16 03:38:50,731 - debug - DEBUG - Batch 50 grad norm: 1.149299
2026-06-16 03:38:51,809 - debug - DEBUG - Batch 60 grad norm: 1.022603
2026-06-16 03:38:52,831 - debug - DEBUG - Batch 70 grad norm: 1.167701
2026-06-16 03:38:53,890 - debug - DEBUG - Batch 80 grad norm: 1.023194
2026-06-16 03:38:54,962 - debug - DEBUG - Batch 90 grad norm: 1.017719
2026-06-16 03:38:56,017 - debug - DEBUG - Batch 100 grad norm: 1.156446
2026-06-16 03:38:57,075 - debug - DEBUG - Batch 110 grad norm: 0.857036
2026-06-16 03:38:58,114 - debug - DEBUG - Batch 120 grad norm: 1.269875
2026-06-16 03:38:59,188 - debug - DEBUG - Batch 130 grad norm: 1.143783
2026-06-16 03:39:00,238 - debug - DEBUG - Batch 140 grad norm: 1.189161
2026-06-16 03:39:01,301 - debug - DEBUG - Batch 150 grad norm: 0.921834
2026-06-16 03:39:02,342 - debug - DEBUG - Batch 160 grad norm: 1.069607
2026-06-16 03:39:03,412 - debug - DEBUG - Batch 170 grad norm: 0.951227
2026-06-16 03:39:04,530 - debug - DEBUG - Batch 180 grad norm: 0.966217
2026-06-16 03:39:05,468 - debug - DEBUG - Batch 190 grad norm: 1.150265
2026-06-16 03:39:06,542 - debug - DEBUG - Batch 200 grad norm: 1.221654
2026-06-16 03:39:07,578 - debug - DEBUG - Batch 210 grad norm: 0.913827
2026-06-16 03:39:08,661 - debug - DEBUG - Batch 220 grad norm: 1.239152
2026-06-16 03:39:09,718 - debug - DEBUG - Batch 230 grad norm: 1.094681
2026-06-16 03:39:10,790 - debug - DEBUG - Batch 240 grad norm: 1.290850
2026-06-16 03:39:11,810 - debug - DEBUG - Batch 250 grad norm: 0.994666
2026-06-16 03:39:12,962 - debug - DEBUG - Batch 260 grad norm: 1.442564
2026-06-16 03:39:13,869 - debug - DEBUG - Batch 270 grad norm: 1.201225
2026-06-16 03:39:14,945 - debug - DEBUG - Batch 280 grad norm: 0.973576
2026-06-16 03:39:16,005 - debug - DEBUG - Batch 290 grad norm: 0.798636
2026-06-16 03:39:17,089 - debug - DEBUG - Batch 300 grad norm: 0.847028
2026-06-16 03:39:18,166 - debug - DEBUG - Batch 310 grad norm: 0.941940
2026-06-16 03:39:19,212 - debug - DEBUG - Batch 320 grad norm: 0.751853
2026-06-16 03:39:20,276 - debug - DEBUG - Batch 330 grad norm: 0.925537
2026-06-16 03:39:21,327 - debug - DEBUG - Batch 340 grad norm: 0.977288
2026-06-16 03:39:22,387 - debug - DEBUG - Batch 350 grad norm: 1.036042
2026-06-16 03:39:22,489 - debug - DEBUG - compute_metrics_and_record started for epoch 91
2026-06-16 03:39:22,489 - debug - DEBUG - all_preds length: 45000, all_targets length: 45000
2026-06-16 03:39:22,489 - debug - DEBUG - First 10 preds: [4, 9, 2, 5, 5, 8, 2, 8, 3, 2]
2026-06-16 03:39:22,489 - debug - DEBUG - First 10 targets: [4, 9, 2, 5, 5, 8, 2, 9, 3, 2]
2026-06-16 03:39:22,501 - debug - DEBUG - Unique predicted classes: 10 (first 10: [0 1 2 3 4 5 6 7 8 9])
2026-06-16 03:39:22,501 - debug - DEBUG - Unique target classes: 10 (first 10: [0 1 2 3 4 5 6 7 8 9])
2026-06-16 03:39:24,763 - debug - DEBUG - compute_metrics_and_record started for epoch 91
2026-06-16 03:39:24,764 - debug - DEBUG - all_preds length: 10000, all_targets length: 10000
2026-06-16 03:39:24,764 - debug - DEBUG - First 10 preds: [3, 8, 8, 0, 6, 6, 1, 2, 3, 1]
2026-06-16 03:39:24,764 - debug - DEBUG - First 10 targets: [3, 8, 8, 0, 6, 6, 1, 6, 3, 1]
2026-06-16 03:39:24,767 - debug - DEBUG - Unique predicted classes: 10 (first 10: [0 1 2 3 4 5 6 7 8 9])
2026-06-16 03:39:24,767 - debug - DEBUG - Unique target classes: 10 (first 10: [0 1 2 3 4 5 6 7 8 9])
2026-06-16 03:39:25,074 - debug - DEBUG - Device Check - Batch 0
2026-06-16 03:39:25,075 - debug - DEBUG -   Config GPU ID: 1
2026-06-16 03:39:25,076 - debug - DEBUG -   Input Device:  cuda:1
2026-06-16 03:39:25,076 - debug - DEBUG -   Target Device: cuda:1
2026-06-16 03:39:25,076 - debug - DEBUG -   Model Device:  cuda:1
2026-06-16 03:39:25,076 - debug - DEBUG -   Criterion Weight Device: No weights
2026-06-16 03:39:25,496 - debug - DEBUG - Batch 0 grad norm: 0.771881
2026-06-16 03:39:26,566 - debug - DEBUG - Batch 10 grad norm: 1.489000
2026-06-16 03:39:27,601 - debug - DEBUG - Batch 20 grad norm: 0.976228
2026-06-16 03:39:28,673 - debug - DEBUG - Batch 30 grad norm: 0.988567
2026-06-16 03:39:29,741 - debug - DEBUG - Batch 40 grad norm: 0.766328
2026-06-16 03:39:30,779 - debug - DEBUG - Batch 50 grad norm: 1.262658
2026-06-16 03:39:31,848 - debug - DEBUG - Batch 60 grad norm: 1.175540
2026-06-16 03:39:32,895 - debug - DEBUG - Batch 70 grad norm: 1.027587
2026-06-16 03:39:33,974 - debug - DEBUG - Batch 80 grad norm: 0.816790
2026-06-16 03:39:35,032 - debug - DEBUG - Batch 90 grad norm: 1.091283
2026-06-16 03:39:36,109 - debug - DEBUG - Batch 100 grad norm: 0.997237
2026-06-16 03:39:37,166 - debug - DEBUG - Batch 110 grad norm: 0.912021
2026-06-16 03:39:38,248 - debug - DEBUG - Batch 120 grad norm: 1.063193
2026-06-16 03:39:39,295 - debug - DEBUG - Batch 130 grad norm: 0.837341
2026-06-16 03:39:40,380 - debug - DEBUG - Batch 140 grad norm: 0.958484
2026-06-16 03:39:41,465 - debug - DEBUG - Batch 150 grad norm: 1.127914
2026-06-16 03:39:42,528 - debug - DEBUG - Batch 160 grad norm: 0.882435
2026-06-16 03:39:43,600 - debug - DEBUG - Batch 170 grad norm: 1.104786
2026-06-16 03:39:44,742 - debug - DEBUG - Batch 180 grad norm: 1.058453
2026-06-16 03:39:45,651 - debug - DEBUG - Batch 190 grad norm: 1.222651
2026-06-16 03:39:46,738 - debug - DEBUG - Batch 200 grad norm: 1.184754
2026-06-16 03:39:47,820 - debug - DEBUG - Batch 210 grad norm: 0.613734
2026-06-16 03:39:48,882 - debug - DEBUG - Batch 220 grad norm: 0.989728
2026-06-16 03:39:49,948 - debug - DEBUG - Batch 230 grad norm: 1.139773
2026-06-16 03:39:51,011 - debug - DEBUG - Batch 240 grad norm: 1.130467
2026-06-16 03:39:52,071 - debug - DEBUG - Batch 250 grad norm: 1.240200
2026-06-16 03:39:53,141 - debug - DEBUG - Batch 260 grad norm: 1.165328
2026-06-16 03:39:54,187 - debug - DEBUG - Batch 270 grad norm: 1.268263
2026-06-16 03:39:55,250 - debug - DEBUG - Batch 280 grad norm: 1.157859
2026-06-16 03:39:56,294 - debug - DEBUG - Batch 290 grad norm: 1.302858
2026-06-16 03:39:57,296 - debug - DEBUG - Batch 300 grad norm: 0.797440
2026-06-16 03:39:58,350 - debug - DEBUG - Batch 310 grad norm: 1.328791
2026-06-16 03:39:59,476 - debug - DEBUG - Batch 320 grad norm: 0.834668
2026-06-16 03:40:00,365 - debug - DEBUG - Batch 330 grad norm: 1.289364
2026-06-16 03:40:01,444 - debug - DEBUG - Batch 340 grad norm: 0.983127
2026-06-16 03:40:02,484 - debug - DEBUG - Batch 350 grad norm: 1.225831
2026-06-16 03:40:02,582 - debug - DEBUG - compute_metrics_and_record started for epoch 92
2026-06-16 03:40:02,583 - debug - DEBUG - all_preds length: 45000, all_targets length: 45000
2026-06-16 03:40:02,583 - debug - DEBUG - First 10 preds: [7, 2, 4, 2, 6, 8, 1, 5, 0, 1]
2026-06-16 03:40:02,583 - debug - DEBUG - First 10 targets: [7, 2, 2, 2, 6, 8, 1, 6, 2, 1]
2026-06-16 03:40:02,592 - debug - DEBUG - Unique predicted classes: 10 (first 10: [0 1 2 3 4 5 6 7 8 9])
2026-06-16 03:40:02,592 - debug - DEBUG - Unique target classes: 10 (first 10: [0 1 2 3 4 5 6 7 8 9])
2026-06-16 03:40:04,844 - debug - DEBUG - compute_metrics_and_record started for epoch 92
2026-06-16 03:40:04,844 - debug - DEBUG - all_preds length: 10000, all_targets length: 10000
2026-06-16 03:40:04,844 - debug - DEBUG - First 10 preds: [3, 8, 8, 8, 6, 6, 9, 6, 3, 1]
2026-06-16 03:40:04,844 - debug - DEBUG - First 10 targets: [3, 8, 8, 0, 6, 6, 1, 6, 3, 1]
2026-06-16 03:40:04,846 - debug - DEBUG - Unique predicted classes: 10 (first 10: [0 1 2 3 4 5 6 7 8 9])
2026-06-16 03:40:04,847 - debug - DEBUG - Unique target classes: 10 (first 10: [0 1 2 3 4 5 6 7 8 9])
2026-06-16 03:40:05,151 - debug - DEBUG - Device Check - Batch 0
2026-06-16 03:40:05,152 - debug - DEBUG -   Config GPU ID: 1
2026-06-16 03:40:05,152 - debug - DEBUG -   Input Device:  cuda:1
2026-06-16 03:40:05,153 - debug - DEBUG -   Target Device: cuda:1
2026-06-16 03:40:05,153 - debug - DEBUG -   Model Device:  cuda:1
2026-06-16 03:40:05,153 - debug - DEBUG -   Criterion Weight Device: No weights
2026-06-16 03:40:05,550 - debug - DEBUG - Batch 0 grad norm: 1.089604
2026-06-16 03:40:06,633 - debug - DEBUG - Batch 10 grad norm: 1.113807
2026-06-16 03:40:07,704 - debug - DEBUG - Batch 20 grad norm: 0.988008
2026-06-16 03:40:08,798 - debug - DEBUG - Batch 30 grad norm: 0.945143
2026-06-16 03:40:09,875 - debug - DEBUG - Batch 40 grad norm: 1.094154
2026-06-16 03:40:10,952 - debug - DEBUG - Batch 50 grad norm: 1.127939
2026-06-16 03:40:12,017 - debug - DEBUG - Batch 60 grad norm: 1.047347
2026-06-16 03:40:13,105 - debug - DEBUG - Batch 70 grad norm: 1.264090
2026-06-16 03:40:14,188 - debug - DEBUG - Batch 80 grad norm: 0.970754
2026-06-16 03:40:15,268 - debug - DEBUG - Batch 90 grad norm: 1.266475
2026-06-16 03:40:16,335 - debug - DEBUG - Batch 100 grad norm: 1.250838
2026-06-16 03:40:17,396 - debug - DEBUG - Batch 110 grad norm: 0.976929
2026-06-16 03:40:18,456 - debug - DEBUG - Batch 120 grad norm: 1.008994
2026-06-16 03:40:19,502 - debug - DEBUG - Batch 130 grad norm: 1.340272
2026-06-16 03:40:20,563 - debug - DEBUG - Batch 140 grad norm: 1.401447
2026-06-16 03:40:21,602 - debug - DEBUG - Batch 150 grad norm: 1.276073
2026-06-16 03:40:22,670 - debug - DEBUG - Batch 160 grad norm: 0.950248
2026-06-16 03:40:23,746 - debug - DEBUG - Batch 170 grad norm: 0.974987
2026-06-16 03:40:24,879 - debug - DEBUG - Batch 180 grad norm: 1.030952
2026-06-16 03:40:25,795 - debug - DEBUG - Batch 190 grad norm: 1.051863
2026-06-16 03:40:26,882 - debug - DEBUG - Batch 200 grad norm: 1.144377
2026-06-16 03:40:27,940 - debug - DEBUG - Batch 210 grad norm: 1.106006
2026-06-16 03:40:29,023 - debug - DEBUG - Batch 220 grad norm: 1.007641
2026-06-16 03:40:30,118 - debug - DEBUG - Batch 230 grad norm: 0.933885
2026-06-16 03:40:31,183 - debug - DEBUG - Batch 240 grad norm: 1.049386
2026-06-16 03:40:32,271 - debug - DEBUG - Batch 250 grad norm: 1.121213
2026-06-16 03:40:33,338 - debug - DEBUG - Batch 260 grad norm: 1.116607
2026-06-16 03:40:34,422 - debug - DEBUG - Batch 270 grad norm: 0.965084
2026-06-16 03:40:35,448 - debug - DEBUG - Batch 280 grad norm: 0.883967
2026-06-16 03:40:36,519 - debug - DEBUG - Batch 290 grad norm: 1.157848
2026-06-16 03:40:37,553 - debug - DEBUG - Batch 300 grad norm: 1.171270
2026-06-16 03:40:38,627 - debug - DEBUG - Batch 310 grad norm: 1.474446
2026-06-16 03:40:39,680 - debug - DEBUG - Batch 320 grad norm: 0.988481
2026-06-16 03:40:40,762 - debug - DEBUG - Batch 330 grad norm: 0.956911
2026-06-16 03:40:41,844 - debug - DEBUG - Batch 340 grad norm: 1.106165
2026-06-16 03:40:42,897 - debug - DEBUG - Batch 350 grad norm: 1.195184
2026-06-16 03:40:42,994 - debug - DEBUG - compute_metrics_and_record started for epoch 93
2026-06-16 03:40:42,994 - debug - DEBUG - all_preds length: 45000, all_targets length: 45000
2026-06-16 03:40:42,995 - debug - DEBUG - First 10 preds: [2, 9, 2, 1, 1, 6, 0, 5, 0, 3]
2026-06-16 03:40:42,995 - debug - DEBUG - First 10 targets: [2, 9, 2, 1, 1, 6, 0, 5, 0, 3]
2026-06-16 03:40:43,007 - debug - DEBUG - Unique predicted classes: 10 (first 10: [0 1 2 3 4 5 6 7 8 9])
2026-06-16 03:40:43,007 - debug - DEBUG - Unique target classes: 10 (first 10: [0 1 2 3 4 5 6 7 8 9])
2026-06-16 03:40:45,303 - debug - DEBUG - compute_metrics_and_record started for epoch 93
2026-06-16 03:40:45,304 - debug - DEBUG - all_preds length: 10000, all_targets length: 10000
2026-06-16 03:40:45,304 - debug - DEBUG - First 10 preds: [3, 8, 8, 8, 6, 6, 1, 6, 3, 1]
2026-06-16 03:40:45,304 - debug - DEBUG - First 10 targets: [3, 8, 8, 0, 6, 6, 1, 6, 3, 1]
2026-06-16 03:40:45,306 - debug - DEBUG - Unique predicted classes: 10 (first 10: [0 1 2 3 4 5 6 7 8 9])
2026-06-16 03:40:45,306 - debug - DEBUG - Unique target classes: 10 (first 10: [0 1 2 3 4 5 6 7 8 9])
2026-06-16 03:40:45,576 - debug - DEBUG - Device Check - Batch 0
2026-06-16 03:40:45,577 - debug - DEBUG -   Config GPU ID: 1
2026-06-16 03:40:45,577 - debug - DEBUG -   Input Device:  cuda:1
2026-06-16 03:40:45,578 - debug - DEBUG -   Target Device: cuda:1
2026-06-16 03:40:45,578 - debug - DEBUG -   Model Device:  cuda:1
2026-06-16 03:40:45,578 - debug - DEBUG -   Criterion Weight Device: No weights
2026-06-16 03:40:45,913 - debug - DEBUG - Batch 0 grad norm: 1.237329
2026-06-16 03:40:46,981 - debug - DEBUG - Batch 10 grad norm: 0.972622
2026-06-16 03:40:48,037 - debug - DEBUG - Batch 20 grad norm: 1.135053
2026-06-16 03:40:49,120 - debug - DEBUG - Batch 30 grad norm: 0.959290
2026-06-16 03:40:50,202 - debug - DEBUG - Batch 40 grad norm: 0.869665
2026-06-16 03:40:51,263 - debug - DEBUG - Batch 50 grad norm: 1.291562
2026-06-16 03:40:52,313 - debug - DEBUG - Batch 60 grad norm: 1.472030
2026-06-16 03:40:53,376 - debug - DEBUG - Batch 70 grad norm: 1.277279
2026-06-16 03:40:54,427 - debug - DEBUG - Batch 80 grad norm: 0.874837
2026-06-16 03:40:55,498 - debug - DEBUG - Batch 90 grad norm: 1.316866
2026-06-16 03:40:56,556 - debug - DEBUG - Batch 100 grad norm: 1.273728
2026-06-16 03:40:57,653 - debug - DEBUG - Batch 110 grad norm: 1.248170
2026-06-16 03:40:58,709 - debug - DEBUG - Batch 120 grad norm: 1.071683
2026-06-16 03:40:59,793 - debug - DEBUG - Batch 130 grad norm: 0.835285
2026-06-16 03:41:00,872 - debug - DEBUG - Batch 140 grad norm: 0.908860
2026-06-16 03:41:01,962 - debug - DEBUG - Batch 150 grad norm: 1.178297
2026-06-16 03:41:02,999 - debug - DEBUG - Batch 160 grad norm: 0.980093
2026-06-16 03:41:04,051 - debug - DEBUG - Batch 170 grad norm: 0.910430
2026-06-16 03:41:05,165 - debug - DEBUG - Batch 180 grad norm: 0.938648
2026-06-16 03:41:06,090 - debug - DEBUG - Batch 190 grad norm: 0.797912
2026-06-16 03:41:07,168 - debug - DEBUG - Batch 200 grad norm: 1.168344
2026-06-16 03:41:08,205 - debug - DEBUG - Batch 210 grad norm: 0.733860
2026-06-16 03:41:09,283 - debug - DEBUG - Batch 220 grad norm: 1.057710
2026-06-16 03:41:10,331 - debug - DEBUG - Batch 230 grad norm: 1.092872
2026-06-16 03:41:11,412 - debug - DEBUG - Batch 240 grad norm: 1.019790
2026-06-16 03:41:12,490 - debug - DEBUG - Batch 250 grad norm: 1.325812
2026-06-16 03:41:13,547 - debug - DEBUG - Batch 260 grad norm: 1.121702
2026-06-16 03:41:14,628 - debug - DEBUG - Batch 270 grad norm: 1.048796
2026-06-16 03:41:15,680 - debug - DEBUG - Batch 280 grad norm: 0.942814
2026-06-16 03:41:16,760 - debug - DEBUG - Batch 290 grad norm: 1.178122
2026-06-16 03:41:17,832 - debug - DEBUG - Batch 300 grad norm: 1.113252
2026-06-16 03:41:18,918 - debug - DEBUG - Batch 310 grad norm: 0.975865
2026-06-16 03:41:19,998 - debug - DEBUG - Batch 320 grad norm: 0.903221
2026-06-16 03:41:21,079 - debug - DEBUG - Batch 330 grad norm: 1.221001
2026-06-16 03:41:22,156 - debug - DEBUG - Batch 340 grad norm: 1.291889
2026-06-16 03:41:23,224 - debug - DEBUG - Batch 350 grad norm: 1.285165
2026-06-16 03:41:23,330 - debug - DEBUG - compute_metrics_and_record started for epoch 94
2026-06-16 03:41:23,331 - debug - DEBUG - all_preds length: 45000, all_targets length: 45000
2026-06-16 03:41:23,331 - debug - DEBUG - First 10 preds: [2, 0, 2, 6, 5, 2, 0, 1, 1, 4]
2026-06-16 03:41:23,331 - debug - DEBUG - First 10 targets: [2, 0, 2, 6, 5, 2, 0, 1, 1, 7]
2026-06-16 03:41:23,341 - debug - DEBUG - Unique predicted classes: 10 (first 10: [0 1 2 3 4 5 6 7 8 9])
2026-06-16 03:41:23,341 - debug - DEBUG - Unique target classes: 10 (first 10: [0 1 2 3 4 5 6 7 8 9])
2026-06-16 03:41:25,665 - debug - DEBUG - compute_metrics_and_record started for epoch 94
2026-06-16 03:41:25,665 - debug - DEBUG - all_preds length: 10000, all_targets length: 10000
2026-06-16 03:41:25,665 - debug - DEBUG - First 10 preds: [3, 8, 8, 0, 6, 6, 1, 6, 3, 1]
2026-06-16 03:41:25,665 - debug - DEBUG - First 10 targets: [3, 8, 8, 0, 6, 6, 1, 6, 3, 1]
2026-06-16 03:41:25,668 - debug - DEBUG - Unique predicted classes: 10 (first 10: [0 1 2 3 4 5 6 7 8 9])
2026-06-16 03:41:25,668 - debug - DEBUG - Unique target classes: 10 (first 10: [0 1 2 3 4 5 6 7 8 9])
2026-06-16 03:41:25,973 - debug - DEBUG - Device Check - Batch 0
2026-06-16 03:41:25,974 - debug - DEBUG -   Config GPU ID: 1
2026-06-16 03:41:25,974 - debug - DEBUG -   Input Device:  cuda:1
2026-06-16 03:41:25,974 - debug - DEBUG -   Target Device: cuda:1
2026-06-16 03:41:25,974 - debug - DEBUG -   Model Device:  cuda:1
2026-06-16 03:41:25,974 - debug - DEBUG -   Criterion Weight Device: No weights
2026-06-16 03:41:26,498 - debug - DEBUG - Batch 0 grad norm: 1.350452
2026-06-16 03:41:27,596 - debug - DEBUG - Batch 10 grad norm: 1.088293
2026-06-16 03:41:28,670 - debug - DEBUG - Batch 20 grad norm: 1.359836
2026-06-16 03:41:29,511 - debug - DEBUG - Batch 30 grad norm: 0.856960
2026-06-16 03:41:30,649 - debug - DEBUG - Batch 40 grad norm: 0.877776
2026-06-16 03:41:31,704 - debug - DEBUG - Batch 50 grad norm: 1.001359
2026-06-16 03:41:32,724 - debug - DEBUG - Batch 60 grad norm: 1.316978
2026-06-16 03:41:33,865 - debug - DEBUG - Batch 70 grad norm: 1.215295
2026-06-16 03:41:34,976 - debug - DEBUG - Batch 80 grad norm: 0.774815
2026-06-16 03:41:36,089 - debug - DEBUG - Batch 90 grad norm: 1.179417
2026-06-16 03:41:37,221 - debug - DEBUG - Batch 100 grad norm: 1.002860
2026-06-16 03:41:38,331 - debug - DEBUG - Batch 110 grad norm: 1.257788
2026-06-16 03:41:39,447 - debug - DEBUG - Batch 120 grad norm: 1.385448
2026-06-16 03:41:40,563 - debug - DEBUG - Batch 130 grad norm: 1.095824
2026-06-16 03:41:41,667 - debug - DEBUG - Batch 140 grad norm: 1.031440
2026-06-16 03:41:42,758 - debug - DEBUG - Batch 150 grad norm: 0.897607
2026-06-16 03:41:43,676 - debug - DEBUG - Batch 160 grad norm: 1.128726
2026-06-16 03:41:44,812 - debug - DEBUG - Batch 170 grad norm: 0.714468
2026-06-16 03:41:45,812 - debug - DEBUG - Batch 180 grad norm: 1.032946
2026-06-16 03:41:46,882 - debug - DEBUG - Batch 190 grad norm: 1.162666
2026-06-16 03:41:47,997 - debug - DEBUG - Batch 200 grad norm: 1.174080
2026-06-16 03:41:49,106 - debug - DEBUG - Batch 210 grad norm: 1.378336
2026-06-16 03:41:50,202 - debug - DEBUG - Batch 220 grad norm: 0.791913
2026-06-16 03:41:51,300 - debug - DEBUG - Batch 230 grad norm: 1.222515
2026-06-16 03:41:52,376 - debug - DEBUG - Batch 240 grad norm: 1.056195
2026-06-16 03:41:53,475 - debug - DEBUG - Batch 250 grad norm: 0.906642
2026-06-16 03:41:54,571 - debug - DEBUG - Batch 260 grad norm: 1.051035
2026-06-16 03:41:55,665 - debug - DEBUG - Batch 270 grad norm: 1.224956
2026-06-16 03:41:56,757 - debug - DEBUG - Batch 280 grad norm: 1.073443
2026-06-16 03:41:57,845 - debug - DEBUG - Batch 290 grad norm: 1.003519
2026-06-16 03:41:58,956 - debug - DEBUG - Batch 300 grad norm: 0.903869
2026-06-16 03:42:00,020 - debug - DEBUG - Batch 310 grad norm: 1.196906
2026-06-16 03:42:01,115 - debug - DEBUG - Batch 320 grad norm: 1.471579
2026-06-16 03:42:02,225 - debug - DEBUG - Batch 330 grad norm: 1.070450
2026-06-16 03:42:03,319 - debug - DEBUG - Batch 340 grad norm: 1.070733
2026-06-16 03:42:04,388 - debug - DEBUG - Batch 350 grad norm: 1.276926
2026-06-16 03:42:04,499 - debug - DEBUG - compute_metrics_and_record started for epoch 95
2026-06-16 03:42:04,499 - debug - DEBUG - all_preds length: 45000, all_targets length: 45000
2026-06-16 03:42:04,499 - debug - DEBUG - First 10 preds: [2, 9, 0, 1, 9, 5, 1, 0, 9, 8]
2026-06-16 03:42:04,499 - debug - DEBUG - First 10 targets: [2, 9, 0, 1, 1, 5, 1, 0, 9, 8]
2026-06-16 03:42:04,509 - debug - DEBUG - Unique predicted classes: 10 (first 10: [0 1 2 3 4 5 6 7 8 9])
2026-06-16 03:42:04,509 - debug - DEBUG - Unique target classes: 10 (first 10: [0 1 2 3 4 5 6 7 8 9])
2026-06-16 03:42:06,881 - debug - DEBUG - compute_metrics_and_record started for epoch 95
2026-06-16 03:42:06,881 - debug - DEBUG - all_preds length: 10000, all_targets length: 10000
2026-06-16 03:42:06,881 - debug - DEBUG - First 10 preds: [3, 8, 8, 0, 6, 6, 9, 6, 3, 9]
2026-06-16 03:42:06,881 - debug - DEBUG - First 10 targets: [3, 8, 8, 0, 6, 6, 1, 6, 3, 1]
2026-06-16 03:42:06,883 - debug - DEBUG - Unique predicted classes: 10 (first 10: [0 1 2 3 4 5 6 7 8 9])
2026-06-16 03:42:06,884 - debug - DEBUG - Unique target classes: 10 (first 10: [0 1 2 3 4 5 6 7 8 9])
2026-06-16 03:42:07,193 - debug - DEBUG - Device Check - Batch 0
2026-06-16 03:42:07,194 - debug - DEBUG -   Config GPU ID: 1
2026-06-16 03:42:07,194 - debug - DEBUG -   Input Device:  cuda:1
2026-06-16 03:42:07,194 - debug - DEBUG -   Target Device: cuda:1
2026-06-16 03:42:07,194 - debug - DEBUG -   Model Device:  cuda:1
2026-06-16 03:42:07,194 - debug - DEBUG -   Criterion Weight Device: No weights
2026-06-16 03:42:07,725 - debug - DEBUG - Batch 0 grad norm: 1.005879
2026-06-16 03:42:08,790 - debug - DEBUG - Batch 10 grad norm: 0.927327
2026-06-16 03:42:09,850 - debug - DEBUG - Batch 20 grad norm: 0.973700
2026-06-16 03:42:10,918 - debug - DEBUG - Batch 30 grad norm: 1.032575
2026-06-16 03:42:11,984 - debug - DEBUG - Batch 40 grad norm: 1.192950
2026-06-16 03:42:13,048 - debug - DEBUG - Batch 50 grad norm: 1.016793
2026-06-16 03:42:14,113 - debug - DEBUG - Batch 60 grad norm: 1.239930
2026-06-16 03:42:15,086 - debug - DEBUG - Batch 70 grad norm: 1.117691
2026-06-16 03:42:16,159 - debug - DEBUG - Batch 80 grad norm: 1.209656
2026-06-16 03:42:17,258 - debug - DEBUG - Batch 90 grad norm: 0.909065
2026-06-16 03:42:18,182 - debug - DEBUG - Batch 100 grad norm: 1.170705
2026-06-16 03:42:19,228 - debug - DEBUG - Batch 110 grad norm: 1.270231
2026-06-16 03:42:20,298 - debug - DEBUG - Batch 120 grad norm: 0.950187
2026-06-16 03:42:21,340 - debug - DEBUG - Batch 130 grad norm: 1.404747
2026-06-16 03:42:22,425 - debug - DEBUG - Batch 140 grad norm: 0.761089
2026-06-16 03:42:23,502 - debug - DEBUG - Batch 150 grad norm: 1.443507
2026-06-16 03:42:24,537 - debug - DEBUG - Batch 160 grad norm: 1.366404
2026-06-16 03:42:25,693 - debug - DEBUG - Batch 170 grad norm: 0.984158
2026-06-16 03:42:26,601 - debug - DEBUG - Batch 180 grad norm: 0.851918
2026-06-16 03:42:27,686 - debug - DEBUG - Batch 190 grad norm: 0.980093
2026-06-16 03:42:28,765 - debug - DEBUG - Batch 200 grad norm: 1.080228
2026-06-16 03:42:29,845 - debug - DEBUG - Batch 210 grad norm: 1.103425
2026-06-16 03:42:30,908 - debug - DEBUG - Batch 220 grad norm: 0.937032
2026-06-16 03:42:31,988 - debug - DEBUG - Batch 230 grad norm: 0.843929
2026-06-16 03:42:33,062 - debug - DEBUG - Batch 240 grad norm: 1.012655
2026-06-16 03:42:34,141 - debug - DEBUG - Batch 250 grad norm: 1.395665
2026-06-16 03:42:35,215 - debug - DEBUG - Batch 260 grad norm: 1.180244
2026-06-16 03:42:36,264 - debug - DEBUG - Batch 270 grad norm: 1.329397
2026-06-16 03:42:37,341 - debug - DEBUG - Batch 280 grad norm: 1.119912
2026-06-16 03:42:38,399 - debug - DEBUG - Batch 290 grad norm: 1.384152
2026-06-16 03:42:39,461 - debug - DEBUG - Batch 300 grad norm: 1.140871
2026-06-16 03:42:40,519 - debug - DEBUG - Batch 310 grad norm: 1.519374
2026-06-16 03:42:41,583 - debug - DEBUG - Batch 320 grad norm: 0.914505
2026-06-16 03:42:42,617 - debug - DEBUG - Batch 330 grad norm: 1.203454
2026-06-16 03:42:43,688 - debug - DEBUG - Batch 340 grad norm: 1.163050
2026-06-16 03:42:44,731 - debug - DEBUG - Batch 350 grad norm: 0.896512
2026-06-16 03:42:44,831 - debug - DEBUG - compute_metrics_and_record started for epoch 96
2026-06-16 03:42:44,832 - debug - DEBUG - all_preds length: 45000, all_targets length: 45000
2026-06-16 03:42:44,832 - debug - DEBUG - First 10 preds: [6, 2, 6, 5, 6, 6, 8, 6, 9, 2]
2026-06-16 03:42:44,832 - debug - DEBUG - First 10 targets: [6, 2, 6, 5, 6, 6, 8, 6, 9, 2]
2026-06-16 03:42:44,844 - debug - DEBUG - Unique predicted classes: 10 (first 10: [0 1 2 3 4 5 6 7 8 9])
2026-06-16 03:42:44,844 - debug - DEBUG - Unique target classes: 10 (first 10: [0 1 2 3 4 5 6 7 8 9])
2026-06-16 03:42:47,088 - debug - DEBUG - compute_metrics_and_record started for epoch 96
2026-06-16 03:42:47,088 - debug - DEBUG - all_preds length: 10000, all_targets length: 10000
2026-06-16 03:42:47,088 - debug - DEBUG - First 10 preds: [3, 8, 8, 0, 6, 6, 1, 2, 3, 1]
2026-06-16 03:42:47,089 - debug - DEBUG - First 10 targets: [3, 8, 8, 0, 6, 6, 1, 6, 3, 1]
2026-06-16 03:42:47,091 - debug - DEBUG - Unique predicted classes: 10 (first 10: [0 1 2 3 4 5 6 7 8 9])
2026-06-16 03:42:47,091 - debug - DEBUG - Unique target classes: 10 (first 10: [0 1 2 3 4 5 6 7 8 9])
2026-06-16 03:42:47,412 - debug - DEBUG - Device Check - Batch 0
2026-06-16 03:42:47,413 - debug - DEBUG -   Config GPU ID: 1
2026-06-16 03:42:47,413 - debug - DEBUG -   Input Device:  cuda:1
2026-06-16 03:42:47,413 - debug - DEBUG -   Target Device: cuda:1
2026-06-16 03:42:47,414 - debug - DEBUG -   Model Device:  cuda:1
2026-06-16 03:42:47,414 - debug - DEBUG -   Criterion Weight Device: No weights
2026-06-16 03:42:47,813 - debug - DEBUG - Batch 0 grad norm: 0.959191
2026-06-16 03:42:48,899 - debug - DEBUG - Batch 10 grad norm: 1.206830
2026-06-16 03:42:49,987 - debug - DEBUG - Batch 20 grad norm: 0.976820
2026-06-16 03:42:51,071 - debug - DEBUG - Batch 30 grad norm: 1.031770
2026-06-16 03:42:52,128 - debug - DEBUG - Batch 40 grad norm: 1.157413
2026-06-16 03:42:53,214 - debug - DEBUG - Batch 50 grad norm: 1.116321
2026-06-16 03:42:54,297 - debug - DEBUG - Batch 60 grad norm: 1.237166
2026-06-16 03:42:55,384 - debug - DEBUG - Batch 70 grad norm: 1.074320
2026-06-16 03:42:56,462 - debug - DEBUG - Batch 80 grad norm: 0.740127
2026-06-16 03:42:57,534 - debug - DEBUG - Batch 90 grad norm: 0.823533
2026-06-16 03:42:58,625 - debug - DEBUG - Batch 100 grad norm: 1.137610
2026-06-16 03:42:59,714 - debug - DEBUG - Batch 110 grad norm: 1.169015
2026-06-16 03:43:00,802 - debug - DEBUG - Batch 120 grad norm: 1.054532
2026-06-16 03:43:01,820 - debug - DEBUG - Batch 130 grad norm: 1.115790
2026-06-16 03:43:02,987 - debug - DEBUG - Batch 140 grad norm: 1.409284
2026-06-16 03:43:03,916 - debug - DEBUG - Batch 150 grad norm: 1.215662
2026-06-16 03:43:04,859 - debug - DEBUG - Batch 160 grad norm: 0.878417
2026-06-16 03:43:06,010 - debug - DEBUG - Batch 170 grad norm: 1.426693
2026-06-16 03:43:06,974 - debug - DEBUG - Batch 180 grad norm: 0.858470
2026-06-16 03:43:08,010 - debug - DEBUG - Batch 190 grad norm: 1.245496
2026-06-16 03:43:09,080 - debug - DEBUG - Batch 200 grad norm: 1.020887
2026-06-16 03:43:10,151 - debug - DEBUG - Batch 210 grad norm: 1.065705
2026-06-16 03:43:11,225 - debug - DEBUG - Batch 220 grad norm: 1.059046
2026-06-16 03:43:12,302 - debug - DEBUG - Batch 230 grad norm: 0.984555
2026-06-16 03:43:13,373 - debug - DEBUG - Batch 240 grad norm: 0.748954
2026-06-16 03:43:14,451 - debug - DEBUG - Batch 250 grad norm: 0.999629
2026-06-16 03:43:15,509 - debug - DEBUG - Batch 260 grad norm: 1.201221
2026-06-16 03:43:16,602 - debug - DEBUG - Batch 270 grad norm: 1.698136
2026-06-16 03:43:17,662 - debug - DEBUG - Batch 280 grad norm: 1.334724
2026-06-16 03:43:18,734 - debug - DEBUG - Batch 290 grad norm: 1.201688
2026-06-16 03:43:19,794 - debug - DEBUG - Batch 300 grad norm: 1.480842
2026-06-16 03:43:20,839 - debug - DEBUG - Batch 310 grad norm: 1.353003
2026-06-16 03:43:21,926 - debug - DEBUG - Batch 320 grad norm: 1.117336
2026-06-16 03:43:23,033 - debug - DEBUG - Batch 330 grad norm: 1.086912
2026-06-16 03:43:24,142 - debug - DEBUG - Batch 340 grad norm: 1.092234
2026-06-16 03:43:25,206 - debug - DEBUG - Batch 350 grad norm: 1.020538
2026-06-16 03:43:25,311 - debug - DEBUG - compute_metrics_and_record started for epoch 97
2026-06-16 03:43:25,311 - debug - DEBUG - all_preds length: 45000, all_targets length: 45000
2026-06-16 03:43:25,311 - debug - DEBUG - First 10 preds: [9, 6, 6, 8, 6, 4, 9, 1, 2, 9]
2026-06-16 03:43:25,311 - debug - DEBUG - First 10 targets: [9, 6, 6, 8, 6, 4, 9, 1, 2, 9]
2026-06-16 03:43:25,323 - debug - DEBUG - Unique predicted classes: 10 (first 10: [0 1 2 3 4 5 6 7 8 9])
2026-06-16 03:43:25,323 - debug - DEBUG - Unique target classes: 10 (first 10: [0 1 2 3 4 5 6 7 8 9])
2026-06-16 03:43:27,728 - debug - DEBUG - compute_metrics_and_record started for epoch 97
2026-06-16 03:43:27,729 - debug - DEBUG - all_preds length: 10000, all_targets length: 10000
2026-06-16 03:43:27,729 - debug - DEBUG - First 10 preds: [3, 8, 8, 0, 6, 6, 1, 2, 3, 1]
2026-06-16 03:43:27,729 - debug - DEBUG - First 10 targets: [3, 8, 8, 0, 6, 6, 1, 6, 3, 1]
2026-06-16 03:43:27,731 - debug - DEBUG - Unique predicted classes: 10 (first 10: [0 1 2 3 4 5 6 7 8 9])
2026-06-16 03:43:27,731 - debug - DEBUG - Unique target classes: 10 (first 10: [0 1 2 3 4 5 6 7 8 9])
2026-06-16 03:43:28,042 - debug - DEBUG - Device Check - Batch 0
2026-06-16 03:43:28,042 - debug - DEBUG -   Config GPU ID: 1
2026-06-16 03:43:28,043 - debug - DEBUG -   Input Device:  cuda:1
2026-06-16 03:43:28,043 - debug - DEBUG -   Target Device: cuda:1
2026-06-16 03:43:28,043 - debug - DEBUG -   Model Device:  cuda:1
2026-06-16 03:43:28,043 - debug - DEBUG -   Criterion Weight Device: No weights
2026-06-16 03:43:28,638 - debug - DEBUG - Batch 0 grad norm: 0.849866
2026-06-16 03:43:29,732 - debug - DEBUG - Batch 10 grad norm: 1.170024
2026-06-16 03:43:30,828 - debug - DEBUG - Batch 20 grad norm: 0.818806
2026-06-16 03:43:31,922 - debug - DEBUG - Batch 30 grad norm: 1.120796
2026-06-16 03:43:33,012 - debug - DEBUG - Batch 40 grad norm: 1.169291
2026-06-16 03:43:34,080 - debug - DEBUG - Batch 50 grad norm: 1.044171
2026-06-16 03:43:35,156 - debug - DEBUG - Batch 60 grad norm: 1.016871
2026-06-16 03:43:36,230 - debug - DEBUG - Batch 70 grad norm: 0.771695
2026-06-16 03:43:37,291 - debug - DEBUG - Batch 80 grad norm: 1.315120
2026-06-16 03:43:38,342 - debug - DEBUG - Batch 90 grad norm: 1.049241
2026-06-16 03:43:39,405 - debug - DEBUG - Batch 100 grad norm: 0.574442
2026-06-16 03:43:40,447 - debug - DEBUG - Batch 110 grad norm: 1.116279
2026-06-16 03:43:41,505 - debug - DEBUG - Batch 120 grad norm: 1.245129
2026-06-16 03:43:42,562 - debug - DEBUG - Batch 130 grad norm: 1.253555
2026-06-16 03:43:43,599 - debug - DEBUG - Batch 140 grad norm: 1.187825
2026-06-16 03:43:44,669 - debug - DEBUG - Batch 150 grad norm: 0.998667
2026-06-16 03:43:45,533 - debug - DEBUG - Batch 160 grad norm: 1.263466
2026-06-16 03:43:46,657 - debug - DEBUG - Batch 170 grad norm: 0.749549
2026-06-16 03:43:47,696 - debug - DEBUG - Batch 180 grad norm: 0.941543
2026-06-16 03:43:48,760 - debug - DEBUG - Batch 190 grad norm: 1.339806
2026-06-16 03:43:49,717 - debug - DEBUG - Batch 200 grad norm: 0.839124
2026-06-16 03:43:50,808 - debug - DEBUG - Batch 210 grad norm: 1.069246
2026-06-16 03:43:51,845 - debug - DEBUG - Batch 220 grad norm: 1.207416
2026-06-16 03:43:52,925 - debug - DEBUG - Batch 230 grad norm: 0.896617
2026-06-16 03:43:54,001 - debug - DEBUG - Batch 240 grad norm: 0.807088
2026-06-16 03:43:55,071 - debug - DEBUG - Batch 250 grad norm: 1.376685
2026-06-16 03:43:56,143 - debug - DEBUG - Batch 260 grad norm: 1.384166
2026-06-16 03:43:57,190 - debug - DEBUG - Batch 270 grad norm: 1.121109
2026-06-16 03:43:58,265 - debug - DEBUG - Batch 280 grad norm: 1.060541
2026-06-16 03:43:59,320 - debug - DEBUG - Batch 290 grad norm: 1.096145
2026-06-16 03:44:00,386 - debug - DEBUG - Batch 300 grad norm: 1.188034
2026-06-16 03:44:01,420 - debug - DEBUG - Batch 310 grad norm: 1.042521
2026-06-16 03:44:02,494 - debug - DEBUG - Batch 320 grad norm: 0.933987
2026-06-16 03:44:03,537 - debug - DEBUG - Batch 330 grad norm: 1.213777
2026-06-16 03:44:04,617 - debug - DEBUG - Batch 340 grad norm: 1.246773
2026-06-16 03:44:05,692 - debug - DEBUG - Batch 350 grad norm: 1.290535
2026-06-16 03:44:05,801 - debug - DEBUG - compute_metrics_and_record started for epoch 98
2026-06-16 03:44:05,801 - debug - DEBUG - all_preds length: 45000, all_targets length: 45000
2026-06-16 03:44:05,801 - debug - DEBUG - First 10 preds: [3, 4, 9, 2, 4, 5, 1, 6, 1, 1]
2026-06-16 03:44:05,801 - debug - DEBUG - First 10 targets: [3, 4, 9, 2, 4, 0, 1, 6, 1, 1]
2026-06-16 03:44:05,810 - debug - DEBUG - Unique predicted classes: 10 (first 10: [0 1 2 3 4 5 6 7 8 9])
2026-06-16 03:44:05,810 - debug - DEBUG - Unique target classes: 10 (first 10: [0 1 2 3 4 5 6 7 8 9])
2026-06-16 03:44:08,073 - debug - DEBUG - compute_metrics_and_record started for epoch 98
2026-06-16 03:44:08,073 - debug - DEBUG - all_preds length: 10000, all_targets length: 10000
2026-06-16 03:44:08,073 - debug - DEBUG - First 10 preds: [3, 8, 8, 0, 6, 6, 1, 4, 3, 9]
2026-06-16 03:44:08,073 - debug - DEBUG - First 10 targets: [3, 8, 8, 0, 6, 6, 1, 6, 3, 1]
2026-06-16 03:44:08,076 - debug - DEBUG - Unique predicted classes: 10 (first 10: [0 1 2 3 4 5 6 7 8 9])
2026-06-16 03:44:08,076 - debug - DEBUG - Unique target classes: 10 (first 10: [0 1 2 3 4 5 6 7 8 9])
2026-06-16 03:44:08,393 - debug - DEBUG - Device Check - Batch 0
2026-06-16 03:44:08,394 - debug - DEBUG -   Config GPU ID: 1
2026-06-16 03:44:08,394 - debug - DEBUG -   Input Device:  cuda:1
2026-06-16 03:44:08,394 - debug - DEBUG -   Target Device: cuda:1
2026-06-16 03:44:08,394 - debug - DEBUG -   Model Device:  cuda:1
2026-06-16 03:44:08,394 - debug - DEBUG -   Criterion Weight Device: No weights
2026-06-16 03:44:08,742 - debug - DEBUG - Batch 0 grad norm: 1.011474
2026-06-16 03:44:09,818 - debug - DEBUG - Batch 10 grad norm: 0.992127
2026-06-16 03:44:10,894 - debug - DEBUG - Batch 20 grad norm: 1.117455
2026-06-16 03:44:11,971 - debug - DEBUG - Batch 30 grad norm: 0.784878
2026-06-16 03:44:13,035 - debug - DEBUG - Batch 40 grad norm: 1.010720
2026-06-16 03:44:14,111 - debug - DEBUG - Batch 50 grad norm: 0.993681
2026-06-16 03:44:15,182 - debug - DEBUG - Batch 60 grad norm: 0.846249
2026-06-16 03:44:16,242 - debug - DEBUG - Batch 70 grad norm: 1.084285
2026-06-16 03:44:17,292 - debug - DEBUG - Batch 80 grad norm: 1.079269
2026-06-16 03:44:18,351 - debug - DEBUG - Batch 90 grad norm: 1.208735
2026-06-16 03:44:19,419 - debug - DEBUG - Batch 100 grad norm: 1.120462
2026-06-16 03:44:20,455 - debug - DEBUG - Batch 110 grad norm: 1.180557
2026-06-16 03:44:21,513 - debug - DEBUG - Batch 120 grad norm: 1.158914
2026-06-16 03:44:22,560 - debug - DEBUG - Batch 130 grad norm: 0.908366
2026-06-16 03:44:23,629 - debug - DEBUG - Batch 140 grad norm: 1.308098
2026-06-16 03:44:24,667 - debug - DEBUG - Batch 150 grad norm: 1.149391
2026-06-16 03:44:25,741 - debug - DEBUG - Batch 160 grad norm: 1.218514
2026-06-16 03:44:26,803 - debug - DEBUG - Batch 170 grad norm: 1.048703
2026-06-16 03:44:27,926 - debug - DEBUG - Batch 180 grad norm: 1.303693
2026-06-16 03:44:28,854 - debug - DEBUG - Batch 190 grad norm: 1.074883
2026-06-16 03:44:29,927 - debug - DEBUG - Batch 200 grad norm: 0.993678
2026-06-16 03:44:31,007 - debug - DEBUG - Batch 210 grad norm: 1.113378
2026-06-16 03:44:32,056 - debug - DEBUG - Batch 220 grad norm: 1.491302
2026-06-16 03:44:33,101 - debug - DEBUG - Batch 230 grad norm: 0.710421
2026-06-16 03:44:34,238 - debug - DEBUG - Batch 240 grad norm: 1.219406
2026-06-16 03:44:35,168 - debug - DEBUG - Batch 250 grad norm: 1.116594
2026-06-16 03:44:36,205 - debug - DEBUG - Batch 260 grad norm: 1.037522
2026-06-16 03:44:37,282 - debug - DEBUG - Batch 270 grad norm: 0.967039
2026-06-16 03:44:38,321 - debug - DEBUG - Batch 280 grad norm: 1.244191
2026-06-16 03:44:39,399 - debug - DEBUG - Batch 290 grad norm: 1.083534
2026-06-16 03:44:40,449 - debug - DEBUG - Batch 300 grad norm: 1.070987
2026-06-16 03:44:41,528 - debug - DEBUG - Batch 310 grad norm: 0.933319
2026-06-16 03:44:42,602 - debug - DEBUG - Batch 320 grad norm: 1.444273
2026-06-16 03:44:43,654 - debug - DEBUG - Batch 330 grad norm: 0.912403
2026-06-16 03:44:44,734 - debug - DEBUG - Batch 340 grad norm: 1.254584
2026-06-16 03:44:45,792 - debug - DEBUG - Batch 350 grad norm: 1.244207
2026-06-16 03:44:45,896 - debug - DEBUG - compute_metrics_and_record started for epoch 99
2026-06-16 03:44:45,896 - debug - DEBUG - all_preds length: 45000, all_targets length: 45000
2026-06-16 03:44:45,896 - debug - DEBUG - First 10 preds: [2, 5, 4, 4, 7, 9, 3, 5, 3, 3]
2026-06-16 03:44:45,896 - debug - DEBUG - First 10 targets: [2, 5, 4, 4, 7, 9, 3, 5, 3, 3]
2026-06-16 03:44:45,905 - debug - DEBUG - Unique predicted classes: 10 (first 10: [0 1 2 3 4 5 6 7 8 9])
2026-06-16 03:44:45,905 - debug - DEBUG - Unique target classes: 10 (first 10: [0 1 2 3 4 5 6 7 8 9])
2026-06-16 03:44:48,144 - debug - DEBUG - compute_metrics_and_record started for epoch 99
2026-06-16 03:44:48,144 - debug - DEBUG - all_preds length: 10000, all_targets length: 10000
2026-06-16 03:44:48,145 - debug - DEBUG - First 10 preds: [3, 8, 8, 9, 6, 6, 1, 6, 3, 9]
2026-06-16 03:44:48,145 - debug - DEBUG - First 10 targets: [3, 8, 8, 0, 6, 6, 1, 6, 3, 1]
2026-06-16 03:44:48,147 - debug - DEBUG - Unique predicted classes: 10 (first 10: [0 1 2 3 4 5 6 7 8 9])
2026-06-16 03:44:48,147 - debug - DEBUG - Unique target classes: 10 (first 10: [0 1 2 3 4 5 6 7 8 9])
2026-06-16 03:44:48,406 - debug - DEBUG - Device Check - Batch 0
2026-06-16 03:44:48,407 - debug - DEBUG -   Config GPU ID: 1
2026-06-16 03:44:48,407 - debug - DEBUG -   Input Device:  cuda:1
2026-06-16 03:44:48,407 - debug - DEBUG -   Target Device: cuda:1
2026-06-16 03:44:48,408 - debug - DEBUG -   Model Device:  cuda:1
2026-06-16 03:44:48,408 - debug - DEBUG -   Criterion Weight Device: No weights
2026-06-16 03:44:48,839 - debug - DEBUG - Batch 0 grad norm: 1.233772
2026-06-16 03:44:49,886 - debug - DEBUG - Batch 10 grad norm: 0.828044
2026-06-16 03:44:50,976 - debug - DEBUG - Batch 20 grad norm: 1.107533
2026-06-16 03:44:52,063 - debug - DEBUG - Batch 30 grad norm: 1.114191
2026-06-16 03:44:53,147 - debug - DEBUG - Batch 40 grad norm: 1.137664
2026-06-16 03:44:54,232 - debug - DEBUG - Batch 50 grad norm: 1.112356
2026-06-16 03:44:55,289 - debug - DEBUG - Batch 60 grad norm: 0.847201
2026-06-16 03:44:56,369 - debug - DEBUG - Batch 70 grad norm: 1.088575
2026-06-16 03:44:57,446 - debug - DEBUG - Batch 80 grad norm: 1.398071
2026-06-16 03:44:58,507 - debug - DEBUG - Batch 90 grad norm: 1.161539
2026-06-16 03:44:59,563 - debug - DEBUG - Batch 100 grad norm: 1.652759
2026-06-16 03:45:00,616 - debug - DEBUG - Batch 110 grad norm: 1.067477
2026-06-16 03:45:01,633 - debug - DEBUG - Batch 120 grad norm: 1.254140
2026-06-16 03:45:02,699 - debug - DEBUG - Batch 130 grad norm: 1.110608
2026-06-16 03:45:03,735 - debug - DEBUG - Batch 140 grad norm: 1.048602
2026-06-16 03:45:04,812 - debug - DEBUG - Batch 150 grad norm: 1.006421
2026-06-16 03:45:05,880 - debug - DEBUG - Batch 160 grad norm: 1.376250
2026-06-16 03:45:06,927 - debug - DEBUG - Batch 170 grad norm: 1.135827
2026-06-16 03:45:08,067 - debug - DEBUG - Batch 180 grad norm: 1.464874
2026-06-16 03:45:08,960 - debug - DEBUG - Batch 190 grad norm: 1.082788
2026-06-16 03:45:10,032 - debug - DEBUG - Batch 200 grad norm: 1.134354
2026-06-16 03:45:11,094 - debug - DEBUG - Batch 210 grad norm: 0.876077
2026-06-16 03:45:12,165 - debug - DEBUG - Batch 220 grad norm: 0.925152
2026-06-16 03:45:13,203 - debug - DEBUG - Batch 230 grad norm: 1.364040
2026-06-16 03:45:14,283 - debug - DEBUG - Batch 240 grad norm: 0.994228
2026-06-16 03:45:15,329 - debug - DEBUG - Batch 250 grad norm: 1.110970
2026-06-16 03:45:16,407 - debug - DEBUG - Batch 260 grad norm: 1.144519
2026-06-16 03:45:17,448 - debug - DEBUG - Batch 270 grad norm: 1.159351
2026-06-16 03:45:18,491 - debug - DEBUG - Batch 280 grad norm: 1.258288
2026-06-16 03:45:19,629 - debug - DEBUG - Batch 290 grad norm: 0.914439
2026-06-16 03:45:20,490 - debug - DEBUG - Batch 300 grad norm: 0.875299
2026-06-16 03:45:21,572 - debug - DEBUG - Batch 310 grad norm: 1.323316
2026-06-16 03:45:22,631 - debug - DEBUG - Batch 320 grad norm: 1.077338
2026-06-16 03:45:23,716 - debug - DEBUG - Batch 330 grad norm: 0.786959
2026-06-16 03:45:24,774 - debug - DEBUG - Batch 340 grad norm: 1.135071
2026-06-16 03:45:25,857 - debug - DEBUG - Batch 350 grad norm: 0.903092
2026-06-16 03:45:25,960 - debug - DEBUG - compute_metrics_and_record started for epoch 100
2026-06-16 03:45:25,960 - debug - DEBUG - all_preds length: 45000, all_targets length: 45000
2026-06-16 03:45:25,960 - debug - DEBUG - First 10 preds: [8, 8, 2, 2, 4, 8, 1, 2, 1, 5]
2026-06-16 03:45:25,960 - debug - DEBUG - First 10 targets: [8, 8, 2, 2, 4, 8, 1, 2, 1, 5]
2026-06-16 03:45:25,971 - debug - DEBUG - Unique predicted classes: 10 (first 10: [0 1 2 3 4 5 6 7 8 9])
2026-06-16 03:45:25,971 - debug - DEBUG - Unique target classes: 10 (first 10: [0 1 2 3 4 5 6 7 8 9])
2026-06-16 03:45:28,241 - debug - DEBUG - compute_metrics_and_record started for epoch 100
2026-06-16 03:45:28,241 - debug - DEBUG - all_preds length: 10000, all_targets length: 10000
2026-06-16 03:45:28,242 - debug - DEBUG - First 10 preds: [3, 8, 8, 8, 6, 6, 1, 6, 3, 1]
2026-06-16 03:45:28,242 - debug - DEBUG - First 10 targets: [3, 8, 8, 0, 6, 6, 1, 6, 3, 1]
2026-06-16 03:45:28,244 - debug - DEBUG - Unique predicted classes: 10 (first 10: [0 1 2 3 4 5 6 7 8 9])
2026-06-16 03:45:28,244 - debug - DEBUG - Unique target classes: 10 (first 10: [0 1 2 3 4 5 6 7 8 9])
2026-06-16 03:45:28,503 - debug - DEBUG - Device Check - Batch 0
2026-06-16 03:45:28,504 - debug - DEBUG -   Config GPU ID: 1
2026-06-16 03:45:28,505 - debug - DEBUG -   Input Device:  cuda:1
2026-06-16 03:45:28,505 - debug - DEBUG -   Target Device: cuda:1
2026-06-16 03:45:28,505 - debug - DEBUG -   Model Device:  cuda:1
2026-06-16 03:45:28,505 - debug - DEBUG -   Criterion Weight Device: No weights
2026-06-16 03:45:28,940 - debug - DEBUG - Batch 0 grad norm: 0.894078
2026-06-16 03:45:30,023 - debug - DEBUG - Batch 10 grad norm: 1.116026
2026-06-16 03:45:31,110 - debug - DEBUG - Batch 20 grad norm: 0.950765
2026-06-16 03:45:32,175 - debug - DEBUG - Batch 30 grad norm: 0.885948
2026-06-16 03:45:33,266 - debug - DEBUG - Batch 40 grad norm: 0.754609
2026-06-16 03:45:34,351 - debug - DEBUG - Batch 50 grad norm: 1.287899
2026-06-16 03:45:35,435 - debug - DEBUG - Batch 60 grad norm: 1.370168
2026-06-16 03:45:36,517 - debug - DEBUG - Batch 70 grad norm: 0.948729
2026-06-16 03:45:37,599 - debug - DEBUG - Batch 80 grad norm: 1.010100
2026-06-16 03:45:38,659 - debug - DEBUG - Batch 90 grad norm: 1.000141
2026-06-16 03:45:39,737 - debug - DEBUG - Batch 100 grad norm: 0.977799
2026-06-16 03:45:40,783 - debug - DEBUG - Batch 110 grad norm: 1.113669
2026-06-16 03:45:41,863 - debug - DEBUG - Batch 120 grad norm: 0.778130
2026-06-16 03:45:42,943 - debug - DEBUG - Batch 130 grad norm: 1.050005
2026-06-16 03:45:44,013 - debug - DEBUG - Batch 140 grad norm: 0.949166
2026-06-16 03:45:45,083 - debug - DEBUG - Batch 150 grad norm: 1.077266
2026-06-16 03:45:46,115 - debug - DEBUG - Batch 160 grad norm: 0.996107
2026-06-16 03:45:47,165 - debug - DEBUG - Batch 170 grad norm: 1.116273
2026-06-16 03:45:48,308 - debug - DEBUG - Batch 180 grad norm: 1.135035
2026-06-16 03:45:49,228 - debug - DEBUG - Batch 190 grad norm: 1.034897
2026-06-16 03:45:50,265 - debug - DEBUG - Batch 200 grad norm: 1.018322
2026-06-16 03:45:51,343 - debug - DEBUG - Batch 210 grad norm: 1.284511
2026-06-16 03:45:52,391 - debug - DEBUG - Batch 220 grad norm: 0.863441
2026-06-16 03:45:53,469 - debug - DEBUG - Batch 230 grad norm: 1.271248
2026-06-16 03:45:54,542 - debug - DEBUG - Batch 240 grad norm: 0.738739
2026-06-16 03:45:55,590 - debug - DEBUG - Batch 250 grad norm: 1.003848
2026-06-16 03:45:56,658 - debug - DEBUG - Batch 260 grad norm: 1.336730
2026-06-16 03:45:57,734 - debug - DEBUG - Batch 270 grad norm: 0.899221
2026-06-16 03:45:58,797 - debug - DEBUG - Batch 280 grad norm: 1.034903
2026-06-16 03:45:59,830 - debug - DEBUG - Batch 290 grad norm: 0.927686
2026-06-16 03:46:00,907 - debug - DEBUG - Batch 300 grad norm: 1.020448
2026-06-16 03:46:01,948 - debug - DEBUG - Batch 310 grad norm: 0.779410
2026-06-16 03:46:03,015 - debug - DEBUG - Batch 320 grad norm: 0.971990
2026-06-16 03:46:04,063 - debug - DEBUG - Batch 330 grad norm: 1.198759
2026-06-16 03:46:05,213 - debug - DEBUG - Batch 340 grad norm: 0.693795
2026-06-16 03:46:06,141 - debug - DEBUG - Batch 350 grad norm: 0.851357
2026-06-16 03:46:06,242 - debug - DEBUG - compute_metrics_and_record started for epoch 101
2026-06-16 03:46:06,242 - debug - DEBUG - all_preds length: 45000, all_targets length: 45000
2026-06-16 03:46:06,242 - debug - DEBUG - First 10 preds: [2, 8, 2, 7, 9, 4, 4, 7, 9, 3]
2026-06-16 03:46:06,242 - debug - DEBUG - First 10 targets: [2, 8, 2, 7, 9, 4, 4, 7, 9, 3]
2026-06-16 03:46:06,251 - debug - DEBUG - Unique predicted classes: 10 (first 10: [0 1 2 3 4 5 6 7 8 9])
2026-06-16 03:46:06,252 - debug - DEBUG - Unique target classes: 10 (first 10: [0 1 2 3 4 5 6 7 8 9])
2026-06-16 03:46:08,446 - debug - DEBUG - compute_metrics_and_record started for epoch 101
2026-06-16 03:46:08,446 - debug - DEBUG - all_preds length: 10000, all_targets length: 10000
2026-06-16 03:46:08,446 - debug - DEBUG - First 10 preds: [3, 8, 8, 0, 6, 6, 1, 6, 3, 9]
2026-06-16 03:46:08,446 - debug - DEBUG - First 10 targets: [3, 8, 8, 0, 6, 6, 1, 6, 3, 1]
2026-06-16 03:46:08,448 - debug - DEBUG - Unique predicted classes: 10 (first 10: [0 1 2 3 4 5 6 7 8 9])
2026-06-16 03:46:08,449 - debug - DEBUG - Unique target classes: 10 (first 10: [0 1 2 3 4 5 6 7 8 9])
2026-06-16 03:46:08,718 - debug - DEBUG - Device Check - Batch 0
2026-06-16 03:46:08,718 - debug - DEBUG -   Config GPU ID: 1
2026-06-16 03:46:08,718 - debug - DEBUG -   Input Device:  cuda:1
2026-06-16 03:46:08,719 - debug - DEBUG -   Target Device: cuda:1
2026-06-16 03:46:08,719 - debug - DEBUG -   Model Device:  cuda:1
2026-06-16 03:46:08,719 - debug - DEBUG -   Criterion Weight Device: No weights
2026-06-16 03:46:09,194 - debug - DEBUG - Batch 0 grad norm: 1.031716
2026-06-16 03:46:10,274 - debug - DEBUG - Batch 10 grad norm: 0.975455
2026-06-16 03:46:11,320 - debug - DEBUG - Batch 20 grad norm: 0.823652
2026-06-16 03:46:12,404 - debug - DEBUG - Batch 30 grad norm: 0.941170
2026-06-16 03:46:13,470 - debug - DEBUG - Batch 40 grad norm: 1.117255
2026-06-16 03:46:14,558 - debug - DEBUG - Batch 50 grad norm: 0.965707
2026-06-16 03:46:15,653 - debug - DEBUG - Batch 60 grad norm: 0.839067
2026-06-16 03:46:16,718 - debug - DEBUG - Batch 70 grad norm: 1.033672
2026-06-16 03:46:17,800 - debug - DEBUG - Batch 80 grad norm: 0.761382
2026-06-16 03:46:18,880 - debug - DEBUG - Batch 90 grad norm: 1.047752
2026-06-16 03:46:19,963 - debug - DEBUG - Batch 100 grad norm: 1.071332
2026-06-16 03:46:21,035 - debug - DEBUG - Batch 110 grad norm: 1.137666
2026-06-16 03:46:22,119 - debug - DEBUG - Batch 120 grad norm: 0.721907
2026-06-16 03:46:23,200 - debug - DEBUG - Batch 130 grad norm: 0.865097
2026-06-16 03:46:24,291 - debug - DEBUG - Batch 140 grad norm: 1.067897
2026-06-16 03:46:25,374 - debug - DEBUG - Batch 150 grad norm: 1.160547
2026-06-16 03:46:26,440 - debug - DEBUG - Batch 160 grad norm: 1.302000
2026-06-16 03:46:27,414 - debug - DEBUG - Batch 170 grad norm: 1.092988
2026-06-16 03:46:28,546 - debug - DEBUG - Batch 180 grad norm: 1.184411
2026-06-16 03:46:29,530 - debug - DEBUG - Batch 190 grad norm: 1.198284
2026-06-16 03:46:30,621 - debug - DEBUG - Batch 200 grad norm: 0.907402
2026-06-16 03:46:31,706 - debug - DEBUG - Batch 210 grad norm: 1.002703
2026-06-16 03:46:32,796 - debug - DEBUG - Batch 220 grad norm: 0.943919
2026-06-16 03:46:33,869 - debug - DEBUG - Batch 230 grad norm: 1.073516
2026-06-16 03:46:34,941 - debug - DEBUG - Batch 240 grad norm: 0.984881
2026-06-16 03:46:35,987 - debug - DEBUG - Batch 250 grad norm: 1.051462
2026-06-16 03:46:37,061 - debug - DEBUG - Batch 260 grad norm: 0.993795
2026-06-16 03:46:38,144 - debug - DEBUG - Batch 270 grad norm: 0.918631
2026-06-16 03:46:39,214 - debug - DEBUG - Batch 280 grad norm: 1.199343
2026-06-16 03:46:40,307 - debug - DEBUG - Batch 290 grad norm: 1.589691
2026-06-16 03:46:41,401 - debug - DEBUG - Batch 300 grad norm: 1.278312
2026-06-16 03:46:42,500 - debug - DEBUG - Batch 310 grad norm: 0.944001
2026-06-16 03:46:43,577 - debug - DEBUG - Batch 320 grad norm: 1.114002
2026-06-16 03:46:44,623 - debug - DEBUG - Batch 330 grad norm: 0.840246
2026-06-16 03:46:45,695 - debug - DEBUG - Batch 340 grad norm: 0.966251
2026-06-16 03:46:46,762 - debug - DEBUG - Batch 350 grad norm: 0.936262
2026-06-16 03:46:46,851 - debug - DEBUG - compute_metrics_and_record started for epoch 102
2026-06-16 03:46:46,851 - debug - DEBUG - all_preds length: 45000, all_targets length: 45000
2026-06-16 03:46:46,851 - debug - DEBUG - First 10 preds: [9, 7, 6, 9, 0, 9, 6, 7, 7, 9]
2026-06-16 03:46:46,851 - debug - DEBUG - First 10 targets: [9, 7, 6, 9, 0, 9, 6, 7, 7, 9]
2026-06-16 03:46:46,862 - debug - DEBUG - Unique predicted classes: 10 (first 10: [0 1 2 3 4 5 6 7 8 9])
2026-06-16 03:46:46,862 - debug - DEBUG - Unique target classes: 10 (first 10: [0 1 2 3 4 5 6 7 8 9])
2026-06-16 03:46:49,125 - debug - DEBUG - compute_metrics_and_record started for epoch 102
2026-06-16 03:46:49,126 - debug - DEBUG - all_preds length: 10000, all_targets length: 10000
2026-06-16 03:46:49,126 - debug - DEBUG - First 10 preds: [3, 8, 8, 8, 6, 6, 1, 6, 3, 1]
2026-06-16 03:46:49,126 - debug - DEBUG - First 10 targets: [3, 8, 8, 0, 6, 6, 1, 6, 3, 1]
2026-06-16 03:46:49,128 - debug - DEBUG - Unique predicted classes: 10 (first 10: [0 1 2 3 4 5 6 7 8 9])
2026-06-16 03:46:49,129 - debug - DEBUG - Unique target classes: 10 (first 10: [0 1 2 3 4 5 6 7 8 9])
2026-06-16 03:46:49,388 - debug - DEBUG - Device Check - Batch 0
2026-06-16 03:46:49,388 - debug - DEBUG -   Config GPU ID: 1
2026-06-16 03:46:49,388 - debug - DEBUG -   Input Device:  cuda:1
2026-06-16 03:46:49,389 - debug - DEBUG -   Target Device: cuda:1
2026-06-16 03:46:49,389 - debug - DEBUG -   Model Device:  cuda:1
2026-06-16 03:46:49,389 - debug - DEBUG -   Criterion Weight Device: No weights
2026-06-16 03:46:49,983 - debug - DEBUG - Batch 0 grad norm: 1.201632
2026-06-16 03:46:50,980 - debug - DEBUG - Batch 10 grad norm: 1.020360
2026-06-16 03:46:52,077 - debug - DEBUG - Batch 20 grad norm: 1.290917
2026-06-16 03:46:53,149 - debug - DEBUG - Batch 30 grad norm: 0.814072
2026-06-16 03:46:54,248 - debug - DEBUG - Batch 40 grad norm: 0.741807
2026-06-16 03:46:55,349 - debug - DEBUG - Batch 50 grad norm: 1.062397
2026-06-16 03:46:56,431 - debug - DEBUG - Batch 60 grad norm: 0.844319
2026-06-16 03:46:57,493 - debug - DEBUG - Batch 70 grad norm: 1.195980
2026-06-16 03:46:58,577 - debug - DEBUG - Batch 80 grad norm: 1.032836
2026-06-16 03:46:59,664 - debug - DEBUG - Batch 90 grad norm: 0.956493
2026-06-16 03:47:00,751 - debug - DEBUG - Batch 100 grad norm: 0.940001
2026-06-16 03:47:01,836 - debug - DEBUG - Batch 110 grad norm: 0.971515
2026-06-16 03:47:02,897 - debug - DEBUG - Batch 120 grad norm: 0.908268
2026-06-16 03:47:03,985 - debug - DEBUG - Batch 130 grad norm: 0.977207
2026-06-16 03:47:05,059 - debug - DEBUG - Batch 140 grad norm: 0.965626
2026-06-16 03:47:06,147 - debug - DEBUG - Batch 150 grad norm: 1.326687
2026-06-16 03:47:07,217 - debug - DEBUG - Batch 160 grad norm: 0.882484
2026-06-16 03:47:08,265 - debug - DEBUG - Batch 170 grad norm: 0.910997
2026-06-16 03:47:09,396 - debug - DEBUG - Batch 180 grad norm: 0.779051
2026-06-16 03:47:10,337 - debug - DEBUG - Batch 190 grad norm: 1.012713
2026-06-16 03:47:11,413 - debug - DEBUG - Batch 200 grad norm: 0.891511
2026-06-16 03:47:12,475 - debug - DEBUG - Batch 210 grad norm: 0.804246
2026-06-16 03:47:13,540 - debug - DEBUG - Batch 220 grad norm: 0.934237
2026-06-16 03:47:14,589 - debug - DEBUG - Batch 230 grad norm: 0.715430
2026-06-16 03:47:15,652 - debug - DEBUG - Batch 240 grad norm: 0.763974
2026-06-16 03:47:16,707 - debug - DEBUG - Batch 250 grad norm: 1.119059
2026-06-16 03:47:17,778 - debug - DEBUG - Batch 260 grad norm: 1.290720
2026-06-16 03:47:18,804 - debug - DEBUG - Batch 270 grad norm: 1.259488
2026-06-16 03:47:19,873 - debug - DEBUG - Batch 280 grad norm: 0.844864
2026-06-16 03:47:20,942 - debug - DEBUG - Batch 290 grad norm: 1.106078
2026-06-16 03:47:22,011 - debug - DEBUG - Batch 300 grad norm: 1.100672
2026-06-16 03:47:23,081 - debug - DEBUG - Batch 310 grad norm: 1.102559
2026-06-16 03:47:24,137 - debug - DEBUG - Batch 320 grad norm: 1.078430
2026-06-16 03:47:25,226 - debug - DEBUG - Batch 330 grad norm: 1.186833
2026-06-16 03:47:26,300 - debug - DEBUG - Batch 340 grad norm: 0.999744
2026-06-16 03:47:27,383 - debug - DEBUG - Batch 350 grad norm: 1.189078
2026-06-16 03:47:27,475 - debug - DEBUG - compute_metrics_and_record started for epoch 103
2026-06-16 03:47:27,475 - debug - DEBUG - all_preds length: 45000, all_targets length: 45000
2026-06-16 03:47:27,475 - debug - DEBUG - First 10 preds: [9, 2, 4, 2, 7, 2, 3, 5, 6, 3]
2026-06-16 03:47:27,475 - debug - DEBUG - First 10 targets: [9, 2, 4, 2, 9, 2, 5, 5, 6, 3]
2026-06-16 03:47:27,484 - debug - DEBUG - Unique predicted classes: 10 (first 10: [0 1 2 3 4 5 6 7 8 9])
2026-06-16 03:47:27,484 - debug - DEBUG - Unique target classes: 10 (first 10: [0 1 2 3 4 5 6 7 8 9])
2026-06-16 03:47:29,745 - debug - DEBUG - compute_metrics_and_record started for epoch 103
2026-06-16 03:47:29,745 - debug - DEBUG - all_preds length: 10000, all_targets length: 10000
2026-06-16 03:47:29,745 - debug - DEBUG - First 10 preds: [3, 8, 8, 8, 6, 6, 1, 6, 3, 9]
2026-06-16 03:47:29,746 - debug - DEBUG - First 10 targets: [3, 8, 8, 0, 6, 6, 1, 6, 3, 1]
2026-06-16 03:47:29,748 - debug - DEBUG - Unique predicted classes: 10 (first 10: [0 1 2 3 4 5 6 7 8 9])
2026-06-16 03:47:29,748 - debug - DEBUG - Unique target classes: 10 (first 10: [0 1 2 3 4 5 6 7 8 9])
2026-06-16 03:47:29,997 - debug - DEBUG - Device Check - Batch 0
2026-06-16 03:47:29,998 - debug - DEBUG -   Config GPU ID: 1
2026-06-16 03:47:29,998 - debug - DEBUG -   Input Device:  cuda:1
2026-06-16 03:47:29,998 - debug - DEBUG -   Target Device: cuda:1
2026-06-16 03:47:29,999 - debug - DEBUG -   Model Device:  cuda:1
2026-06-16 03:47:29,999 - debug - DEBUG -   Criterion Weight Device: No weights
2026-06-16 03:47:30,477 - debug - DEBUG - Batch 0 grad norm: 1.078577
2026-06-16 03:47:31,571 - debug - DEBUG - Batch 10 grad norm: 0.835803
2026-06-16 03:47:32,659 - debug - DEBUG - Batch 20 grad norm: 1.093926
2026-06-16 03:47:33,709 - debug - DEBUG - Batch 30 grad norm: 0.996022
2026-06-16 03:47:34,725 - debug - DEBUG - Batch 40 grad norm: 1.119114
2026-06-16 03:47:35,852 - debug - DEBUG - Batch 50 grad norm: 0.774455
2026-06-16 03:47:36,790 - debug - DEBUG - Batch 60 grad norm: 0.668563
2026-06-16 03:47:37,884 - debug - DEBUG - Batch 70 grad norm: 1.078345
2026-06-16 03:47:38,976 - debug - DEBUG - Batch 80 grad norm: 0.871330
2026-06-16 03:47:40,037 - debug - DEBUG - Batch 90 grad norm: 1.271436
2026-06-16 03:47:41,129 - debug - DEBUG - Batch 100 grad norm: 0.693830
2026-06-16 03:47:42,221 - debug - DEBUG - Batch 110 grad norm: 0.951367
2026-06-16 03:47:43,305 - debug - DEBUG - Batch 120 grad norm: 0.863765
2026-06-16 03:47:44,394 - debug - DEBUG - Batch 130 grad norm: 0.920424
2026-06-16 03:47:45,456 - debug - DEBUG - Batch 140 grad norm: 1.268596
2026-06-16 03:47:46,545 - debug - DEBUG - Batch 150 grad norm: 1.044043
2026-06-16 03:47:47,633 - debug - DEBUG - Batch 160 grad norm: 0.788649
2026-06-16 03:47:48,703 - debug - DEBUG - Batch 170 grad norm: 0.821173
2026-06-16 03:47:49,847 - debug - DEBUG - Batch 180 grad norm: 1.024601
2026-06-16 03:47:50,757 - debug - DEBUG - Batch 190 grad norm: 0.782156
2026-06-16 03:47:51,819 - debug - DEBUG - Batch 200 grad norm: 1.239074
2026-06-16 03:47:52,899 - debug - DEBUG - Batch 210 grad norm: 1.046416
2026-06-16 03:47:53,956 - debug - DEBUG - Batch 220 grad norm: 1.341317
2026-06-16 03:47:54,984 - debug - DEBUG - Batch 230 grad norm: 1.263560
2026-06-16 03:47:56,043 - debug - DEBUG - Batch 240 grad norm: 0.905057
2026-06-16 03:47:57,070 - debug - DEBUG - Batch 250 grad norm: 1.128183
2026-06-16 03:47:58,134 - debug - DEBUG - Batch 260 grad norm: 1.212339
2026-06-16 03:47:59,178 - debug - DEBUG - Batch 270 grad norm: 1.159192
2026-06-16 03:48:00,246 - debug - DEBUG - Batch 280 grad norm: 0.751460
2026-06-16 03:48:01,273 - debug - DEBUG - Batch 290 grad norm: 1.045001
2026-06-16 03:48:02,345 - debug - DEBUG - Batch 300 grad norm: 0.956700
2026-06-16 03:48:03,385 - debug - DEBUG - Batch 310 grad norm: 0.821515
2026-06-16 03:48:04,456 - debug - DEBUG - Batch 320 grad norm: 1.015488
2026-06-16 03:48:05,495 - debug - DEBUG - Batch 330 grad norm: 1.278721
2026-06-16 03:48:06,573 - debug - DEBUG - Batch 340 grad norm: 1.179065
2026-06-16 03:48:07,653 - debug - DEBUG - Batch 350 grad norm: 1.141469
2026-06-16 03:48:07,741 - debug - DEBUG - compute_metrics_and_record started for epoch 104
2026-06-16 03:48:07,741 - debug - DEBUG - all_preds length: 45000, all_targets length: 45000
2026-06-16 03:48:07,741 - debug - DEBUG - First 10 preds: [7, 5, 0, 6, 8, 3, 7, 1, 8, 1]
2026-06-16 03:48:07,741 - debug - DEBUG - First 10 targets: [7, 5, 0, 6, 0, 3, 7, 1, 9, 1]
2026-06-16 03:48:07,751 - debug - DEBUG - Unique predicted classes: 10 (first 10: [0 1 2 3 4 5 6 7 8 9])
2026-06-16 03:48:07,752 - debug - DEBUG - Unique target classes: 10 (first 10: [0 1 2 3 4 5 6 7 8 9])
2026-06-16 03:48:09,988 - debug - DEBUG - compute_metrics_and_record started for epoch 104
2026-06-16 03:48:09,988 - debug - DEBUG - all_preds length: 10000, all_targets length: 10000
2026-06-16 03:48:09,988 - debug - DEBUG - First 10 preds: [3, 8, 1, 8, 6, 6, 1, 6, 3, 1]
2026-06-16 03:48:09,988 - debug - DEBUG - First 10 targets: [3, 8, 8, 0, 6, 6, 1, 6, 3, 1]
2026-06-16 03:48:09,991 - debug - DEBUG - Unique predicted classes: 10 (first 10: [0 1 2 3 4 5 6 7 8 9])
2026-06-16 03:48:09,991 - debug - DEBUG - Unique target classes: 10 (first 10: [0 1 2 3 4 5 6 7 8 9])
2026-06-16 03:48:10,252 - debug - DEBUG - Device Check - Batch 0
2026-06-16 03:48:10,252 - debug - DEBUG -   Config GPU ID: 1
2026-06-16 03:48:10,253 - debug - DEBUG -   Input Device:  cuda:1
2026-06-16 03:48:10,253 - debug - DEBUG -   Target Device: cuda:1
2026-06-16 03:48:10,253 - debug - DEBUG -   Model Device:  cuda:1
2026-06-16 03:48:10,253 - debug - DEBUG -   Criterion Weight Device: No weights
2026-06-16 03:48:10,674 - debug - DEBUG - Batch 0 grad norm: 0.900925
2026-06-16 03:48:11,762 - debug - DEBUG - Batch 10 grad norm: 0.955267
2026-06-16 03:48:12,842 - debug - DEBUG - Batch 20 grad norm: 0.766301
2026-06-16 03:48:13,920 - debug - DEBUG - Batch 30 grad norm: 1.173350
2026-06-16 03:48:14,960 - debug - DEBUG - Batch 40 grad norm: 1.114918
2026-06-16 03:48:16,044 - debug - DEBUG - Batch 50 grad norm: 0.878314
2026-06-16 03:48:17,122 - debug - DEBUG - Batch 60 grad norm: 1.007047
2026-06-16 03:48:18,206 - debug - DEBUG - Batch 70 grad norm: 1.269522
2026-06-16 03:48:19,275 - debug - DEBUG - Batch 80 grad norm: 1.080083
2026-06-16 03:48:20,126 - debug - DEBUG - Batch 90 grad norm: 1.281455
2026-06-16 03:48:21,251 - debug - DEBUG - Batch 100 grad norm: 1.077299
2026-06-16 03:48:22,276 - debug - DEBUG - Batch 110 grad norm: 1.515900
2026-06-16 03:48:23,230 - debug - DEBUG - Batch 120 grad norm: 1.150416
2026-06-16 03:48:24,275 - debug - DEBUG - Batch 130 grad norm: 1.053128
2026-06-16 03:48:25,336 - debug - DEBUG - Batch 140 grad norm: 1.089477
2026-06-16 03:48:26,391 - debug - DEBUG - Batch 150 grad norm: 1.379742
2026-06-16 03:48:27,457 - debug - DEBUG - Batch 160 grad norm: 1.293635
2026-06-16 03:48:28,511 - debug - DEBUG - Batch 170 grad norm: 1.147473
2026-06-16 03:48:29,652 - debug - DEBUG - Batch 180 grad norm: 1.323147
2026-06-16 03:48:30,560 - debug - DEBUG - Batch 190 grad norm: 1.076976
2026-06-16 03:48:31,643 - debug - DEBUG - Batch 200 grad norm: 0.851496
2026-06-16 03:48:32,713 - debug - DEBUG - Batch 210 grad norm: 1.379954
2026-06-16 03:48:33,789 - debug - DEBUG - Batch 220 grad norm: 1.193968
2026-06-16 03:48:34,875 - debug - DEBUG - Batch 230 grad norm: 0.977085
2026-06-16 03:48:35,928 - debug - DEBUG - Batch 240 grad norm: 1.337779
2026-06-16 03:48:37,007 - debug - DEBUG - Batch 250 grad norm: 1.275361
2026-06-16 03:48:38,091 - debug - DEBUG - Batch 260 grad norm: 0.961148
2026-06-16 03:48:39,164 - debug - DEBUG - Batch 270 grad norm: 1.004227
2026-06-16 03:48:40,230 - debug - DEBUG - Batch 280 grad norm: 0.983846
2026-06-16 03:48:41,311 - debug - DEBUG - Batch 290 grad norm: 1.030576
2026-06-16 03:48:42,368 - debug - DEBUG - Batch 300 grad norm: 1.062850
2026-06-16 03:48:43,436 - debug - DEBUG - Batch 310 grad norm: 1.151693
2026-06-16 03:48:44,502 - debug - DEBUG - Batch 320 grad norm: 0.817098
2026-06-16 03:48:45,570 - debug - DEBUG - Batch 330 grad norm: 0.979343
2026-06-16 03:48:46,640 - debug - DEBUG - Batch 340 grad norm: 1.115755
2026-06-16 03:48:47,693 - debug - DEBUG - Batch 350 grad norm: 1.387547
2026-06-16 03:48:47,785 - debug - DEBUG - compute_metrics_and_record started for epoch 105
2026-06-16 03:48:47,785 - debug - DEBUG - all_preds length: 45000, all_targets length: 45000
2026-06-16 03:48:47,786 - debug - DEBUG - First 10 preds: [2, 6, 1, 2, 9, 8, 9, 3, 5, 9]
2026-06-16 03:48:47,786 - debug - DEBUG - First 10 targets: [2, 6, 1, 2, 9, 8, 9, 3, 5, 8]
2026-06-16 03:48:47,796 - debug - DEBUG - Unique predicted classes: 10 (first 10: [0 1 2 3 4 5 6 7 8 9])
2026-06-16 03:48:47,796 - debug - DEBUG - Unique target classes: 10 (first 10: [0 1 2 3 4 5 6 7 8 9])
2026-06-16 03:48:49,967 - debug - DEBUG - compute_metrics_and_record started for epoch 105
2026-06-16 03:48:49,967 - debug - DEBUG - all_preds length: 10000, all_targets length: 10000
2026-06-16 03:48:49,968 - debug - DEBUG - First 10 preds: [3, 8, 8, 8, 6, 6, 1, 6, 3, 1]
2026-06-16 03:48:49,968 - debug - DEBUG - First 10 targets: [3, 8, 8, 0, 6, 6, 1, 6, 3, 1]
2026-06-16 03:48:49,970 - debug - DEBUG - Unique predicted classes: 10 (first 10: [0 1 2 3 4 5 6 7 8 9])
2026-06-16 03:48:49,970 - debug - DEBUG - Unique target classes: 10 (first 10: [0 1 2 3 4 5 6 7 8 9])
2026-06-16 03:48:50,227 - debug - DEBUG - Device Check - Batch 0
2026-06-16 03:48:50,228 - debug - DEBUG -   Config GPU ID: 1
2026-06-16 03:48:50,228 - debug - DEBUG -   Input Device:  cuda:1
2026-06-16 03:48:50,228 - debug - DEBUG -   Target Device: cuda:1
2026-06-16 03:48:50,228 - debug - DEBUG -   Model Device:  cuda:1
2026-06-16 03:48:50,228 - debug - DEBUG -   Criterion Weight Device: No weights
2026-06-16 03:48:50,586 - debug - DEBUG - Batch 0 grad norm: 1.324133
2026-06-16 03:48:51,634 - debug - DEBUG - Batch 10 grad norm: 1.191059
2026-06-16 03:48:52,719 - debug - DEBUG - Batch 20 grad norm: 1.131323
2026-06-16 03:48:53,765 - debug - DEBUG - Batch 30 grad norm: 1.035392
2026-06-16 03:48:54,853 - debug - DEBUG - Batch 40 grad norm: 1.065968
2026-06-16 03:48:55,910 - debug - DEBUG - Batch 50 grad norm: 1.018866
2026-06-16 03:48:56,993 - debug - DEBUG - Batch 60 grad norm: 1.041628
2026-06-16 03:48:58,081 - debug - DEBUG - Batch 70 grad norm: 1.340585
2026-06-16 03:48:59,144 - debug - DEBUG - Batch 80 grad norm: 0.983118
2026-06-16 03:49:00,231 - debug - DEBUG - Batch 90 grad norm: 1.120436
2026-06-16 03:49:01,292 - debug - DEBUG - Batch 100 grad norm: 0.910291
2026-06-16 03:49:02,378 - debug - DEBUG - Batch 110 grad norm: 0.921131
2026-06-16 03:49:03,457 - debug - DEBUG - Batch 120 grad norm: 0.845173
2026-06-16 03:49:04,535 - debug - DEBUG - Batch 130 grad norm: 0.843789
2026-06-16 03:49:05,604 - debug - DEBUG - Batch 140 grad norm: 1.000229
2026-06-16 03:49:06,522 - debug - DEBUG - Batch 150 grad norm: 0.725479
2026-06-16 03:49:07,667 - debug - DEBUG - Batch 160 grad norm: 1.252655
2026-06-16 03:49:08,642 - debug - DEBUG - Batch 170 grad norm: 1.020479
2026-06-16 03:49:09,785 - debug - DEBUG - Batch 180 grad norm: 1.202208
2026-06-16 03:49:10,686 - debug - DEBUG - Batch 190 grad norm: 1.038616
2026-06-16 03:49:11,754 - debug - DEBUG - Batch 200 grad norm: 1.073051
2026-06-16 03:49:12,773 - debug - DEBUG - Batch 210 grad norm: 1.255115
2026-06-16 03:49:13,833 - debug - DEBUG - Batch 220 grad norm: 1.156123
2026-06-16 03:49:14,893 - debug - DEBUG - Batch 230 grad norm: 1.252201
2026-06-16 03:49:15,959 - debug - DEBUG - Batch 240 grad norm: 1.296883
2026-06-16 03:49:17,004 - debug - DEBUG - Batch 250 grad norm: 1.037429
2026-06-16 03:49:18,070 - debug - DEBUG - Batch 260 grad norm: 1.042740
2026-06-16 03:49:19,122 - debug - DEBUG - Batch 270 grad norm: 1.246200
2026-06-16 03:49:20,196 - debug - DEBUG - Batch 280 grad norm: 1.078446
2026-06-16 03:49:21,276 - debug - DEBUG - Batch 290 grad norm: 1.070240
2026-06-16 03:49:22,340 - debug - DEBUG - Batch 300 grad norm: 0.942215
2026-06-16 03:49:23,432 - debug - DEBUG - Batch 310 grad norm: 1.270544
2026-06-16 03:49:24,491 - debug - DEBUG - Batch 320 grad norm: 1.428793
2026-06-16 03:49:25,578 - debug - DEBUG - Batch 330 grad norm: 1.140785
2026-06-16 03:49:26,636 - debug - DEBUG - Batch 340 grad norm: 1.199272
2026-06-16 03:49:27,723 - debug - DEBUG - Batch 350 grad norm: 1.006628
2026-06-16 03:49:27,809 - debug - DEBUG - compute_metrics_and_record started for epoch 106
2026-06-16 03:49:27,809 - debug - DEBUG - all_preds length: 45000, all_targets length: 45000
2026-06-16 03:49:27,810 - debug - DEBUG - First 10 preds: [4, 4, 3, 6, 1, 1, 3, 4, 5, 0]
2026-06-16 03:49:27,810 - debug - DEBUG - First 10 targets: [4, 4, 3, 6, 1, 1, 3, 3, 5, 0]
2026-06-16 03:49:27,820 - debug - DEBUG - Unique predicted classes: 10 (first 10: [0 1 2 3 4 5 6 7 8 9])
2026-06-16 03:49:27,820 - debug - DEBUG - Unique target classes: 10 (first 10: [0 1 2 3 4 5 6 7 8 9])
2026-06-16 03:49:30,055 - debug - DEBUG - compute_metrics_and_record started for epoch 106
2026-06-16 03:49:30,055 - debug - DEBUG - all_preds length: 10000, all_targets length: 10000
2026-06-16 03:49:30,055 - debug - DEBUG - First 10 preds: [3, 8, 8, 8, 6, 6, 1, 6, 3, 1]
2026-06-16 03:49:30,055 - debug - DEBUG - First 10 targets: [3, 8, 8, 0, 6, 6, 1, 6, 3, 1]
2026-06-16 03:49:30,057 - debug - DEBUG - Unique predicted classes: 10 (first 10: [0 1 2 3 4 5 6 7 8 9])
2026-06-16 03:49:30,057 - debug - DEBUG - Unique target classes: 10 (first 10: [0 1 2 3 4 5 6 7 8 9])
2026-06-16 03:49:30,320 - debug - DEBUG - Device Check - Batch 0
2026-06-16 03:49:30,321 - debug - DEBUG -   Config GPU ID: 1
2026-06-16 03:49:30,322 - debug - DEBUG -   Input Device:  cuda:1
2026-06-16 03:49:30,322 - debug - DEBUG -   Target Device: cuda:1
2026-06-16 03:49:30,322 - debug - DEBUG -   Model Device:  cuda:1
2026-06-16 03:49:30,322 - debug - DEBUG -   Criterion Weight Device: No weights
2026-06-16 03:49:30,777 - debug - DEBUG - Batch 0 grad norm: 0.884639
2026-06-16 03:49:31,867 - debug - DEBUG - Batch 10 grad norm: 1.070179
2026-06-16 03:49:32,954 - debug - DEBUG - Batch 20 grad norm: 0.889848
2026-06-16 03:49:34,039 - debug - DEBUG - Batch 30 grad norm: 0.811783
2026-06-16 03:49:35,126 - debug - DEBUG - Batch 40 grad norm: 0.972223
2026-06-16 03:49:36,202 - debug - DEBUG - Batch 50 grad norm: 0.936053
2026-06-16 03:49:37,276 - debug - DEBUG - Batch 60 grad norm: 1.171990
2026-06-16 03:49:38,332 - debug - DEBUG - Batch 70 grad norm: 0.842901
2026-06-16 03:49:39,393 - debug - DEBUG - Batch 80 grad norm: 0.928265
2026-06-16 03:49:40,438 - debug - DEBUG - Batch 90 grad norm: 1.025440
2026-06-16 03:49:41,503 - debug - DEBUG - Batch 100 grad norm: 1.172861
2026-06-16 03:49:42,564 - debug - DEBUG - Batch 110 grad norm: 1.024119
2026-06-16 03:49:43,628 - debug - DEBUG - Batch 120 grad norm: 1.170514
2026-06-16 03:49:44,696 - debug - DEBUG - Batch 130 grad norm: 1.027326
2026-06-16 03:49:45,736 - debug - DEBUG - Batch 140 grad norm: 1.456897
2026-06-16 03:49:46,805 - debug - DEBUG - Batch 150 grad norm: 1.274116
2026-06-16 03:49:47,852 - debug - DEBUG - Batch 160 grad norm: 1.025169
2026-06-16 03:49:48,879 - debug - DEBUG - Batch 170 grad norm: 1.121691
2026-06-16 03:49:50,022 - debug - DEBUG - Batch 180 grad norm: 1.056216
2026-06-16 03:49:50,954 - debug - DEBUG - Batch 190 grad norm: 1.066943
2026-06-16 03:49:52,001 - debug - DEBUG - Batch 200 grad norm: 0.915676
2026-06-16 03:49:53,074 - debug - DEBUG - Batch 210 grad norm: 1.153771
2026-06-16 03:49:54,211 - debug - DEBUG - Batch 220 grad norm: 0.925424
2026-06-16 03:49:55,137 - debug - DEBUG - Batch 230 grad norm: 1.022191
2026-06-16 03:49:56,211 - debug - DEBUG - Batch 240 grad norm: 1.338201
2026-06-16 03:49:57,285 - debug - DEBUG - Batch 250 grad norm: 1.086135
2026-06-16 03:49:58,359 - debug - DEBUG - Batch 260 grad norm: 0.844376
2026-06-16 03:49:59,433 - debug - DEBUG - Batch 270 grad norm: 1.008301
2026-06-16 03:50:00,512 - debug - DEBUG - Batch 280 grad norm: 1.081513
2026-06-16 03:50:01,594 - debug - DEBUG - Batch 290 grad norm: 1.250189
2026-06-16 03:50:02,674 - debug - DEBUG - Batch 300 grad norm: 1.230045
2026-06-16 03:50:03,762 - debug - DEBUG - Batch 310 grad norm: 0.969793
2026-06-16 03:50:04,851 - debug - DEBUG - Batch 320 grad norm: 1.236130
2026-06-16 03:50:05,940 - debug - DEBUG - Batch 330 grad norm: 0.948359
2026-06-16 03:50:07,022 - debug - DEBUG - Batch 340 grad norm: 1.198299
2026-06-16 03:50:08,105 - debug - DEBUG - Batch 350 grad norm: 1.414143
2026-06-16 03:50:08,197 - debug - DEBUG - compute_metrics_and_record started for epoch 107
2026-06-16 03:50:08,198 - debug - DEBUG - all_preds length: 45000, all_targets length: 45000
2026-06-16 03:50:08,198 - debug - DEBUG - First 10 preds: [6, 4, 2, 2, 9, 2, 5, 3, 6, 9]
2026-06-16 03:50:08,198 - debug - DEBUG - First 10 targets: [6, 4, 2, 2, 9, 2, 5, 3, 6, 9]
2026-06-16 03:50:08,212 - debug - DEBUG - Unique predicted classes: 10 (first 10: [0 1 2 3 4 5 6 7 8 9])
2026-06-16 03:50:08,213 - debug - DEBUG - Unique target classes: 10 (first 10: [0 1 2 3 4 5 6 7 8 9])
2026-06-16 03:50:10,504 - debug - DEBUG - compute_metrics_and_record started for epoch 107
2026-06-16 03:50:10,504 - debug - DEBUG - all_preds length: 10000, all_targets length: 10000
2026-06-16 03:50:10,505 - debug - DEBUG - First 10 preds: [3, 8, 8, 8, 6, 6, 1, 2, 5, 1]
2026-06-16 03:50:10,505 - debug - DEBUG - First 10 targets: [3, 8, 8, 0, 6, 6, 1, 6, 3, 1]
2026-06-16 03:50:10,507 - debug - DEBUG - Unique predicted classes: 10 (first 10: [0 1 2 3 4 5 6 7 8 9])
2026-06-16 03:50:10,507 - debug - DEBUG - Unique target classes: 10 (first 10: [0 1 2 3 4 5 6 7 8 9])
2026-06-16 03:50:10,822 - debug - DEBUG - Device Check - Batch 0
2026-06-16 03:50:10,823 - debug - DEBUG -   Config GPU ID: 1
2026-06-16 03:50:10,823 - debug - DEBUG -   Input Device:  cuda:1
2026-06-16 03:50:10,823 - debug - DEBUG -   Target Device: cuda:1
2026-06-16 03:50:10,823 - debug - DEBUG -   Model Device:  cuda:1
2026-06-16 03:50:10,823 - debug - DEBUG -   Criterion Weight Device: No weights
2026-06-16 03:50:11,264 - debug - DEBUG - Batch 0 grad norm: 1.048352
2026-06-16 03:50:12,323 - debug - DEBUG - Batch 10 grad norm: 0.990177
2026-06-16 03:50:13,413 - debug - DEBUG - Batch 20 grad norm: 1.181819
2026-06-16 03:50:14,503 - debug - DEBUG - Batch 30 grad norm: 0.831193
2026-06-16 03:50:15,589 - debug - DEBUG - Batch 40 grad norm: 1.048535
2026-06-16 03:50:16,651 - debug - DEBUG - Batch 50 grad norm: 1.506882
2026-06-16 03:50:17,742 - debug - DEBUG - Batch 60 grad norm: 1.135373
2026-06-16 03:50:18,823 - debug - DEBUG - Batch 70 grad norm: 1.061868
2026-06-16 03:50:19,913 - debug - DEBUG - Batch 80 grad norm: 1.350137
2026-06-16 03:50:21,001 - debug - DEBUG - Batch 90 grad norm: 1.166783
2026-06-16 03:50:22,069 - debug - DEBUG - Batch 100 grad norm: 1.225450
2026-06-16 03:50:23,165 - debug - DEBUG - Batch 110 grad norm: 1.073683
2026-06-16 03:50:24,232 - debug - DEBUG - Batch 120 grad norm: 0.954309
2026-06-16 03:50:25,323 - debug - DEBUG - Batch 130 grad norm: 1.711751
2026-06-16 03:50:26,402 - debug - DEBUG - Batch 140 grad norm: 1.149998
2026-06-16 03:50:27,488 - debug - DEBUG - Batch 150 grad norm: 1.075768
2026-06-16 03:50:28,548 - debug - DEBUG - Batch 160 grad norm: 1.043972
2026-06-16 03:50:29,591 - debug - DEBUG - Batch 170 grad norm: 1.454507
2026-06-16 03:50:30,732 - debug - DEBUG - Batch 180 grad norm: 1.356519
2026-06-16 03:50:31,664 - debug - DEBUG - Batch 190 grad norm: 1.285389
2026-06-16 03:50:32,752 - debug - DEBUG - Batch 200 grad norm: 1.086566
2026-06-16 03:50:33,838 - debug - DEBUG - Batch 210 grad norm: 1.226110
2026-06-16 03:50:34,923 - debug - DEBUG - Batch 220 grad norm: 0.677059
2026-06-16 03:50:36,008 - debug - DEBUG - Batch 230 grad norm: 0.863835
2026-06-16 03:50:37,065 - debug - DEBUG - Batch 240 grad norm: 0.983595
2026-06-16 03:50:37,908 - debug - DEBUG - Batch 250 grad norm: 1.109526
2026-06-16 03:50:39,016 - debug - DEBUG - Batch 260 grad norm: 1.105116
2026-06-16 03:50:40,095 - debug - DEBUG - Batch 270 grad norm: 0.904674
2026-06-16 03:50:41,070 - debug - DEBUG - Batch 280 grad norm: 0.650671
2026-06-16 03:50:42,105 - debug - DEBUG - Batch 290 grad norm: 1.075129
2026-06-16 03:50:43,174 - debug - DEBUG - Batch 300 grad norm: 1.258375
2026-06-16 03:50:44,244 - debug - DEBUG - Batch 310 grad norm: 1.141611
2026-06-16 03:50:45,294 - debug - DEBUG - Batch 320 grad norm: 0.911993
2026-06-16 03:50:46,370 - debug - DEBUG - Batch 330 grad norm: 0.877278
2026-06-16 03:50:47,424 - debug - DEBUG - Batch 340 grad norm: 1.294792
2026-06-16 03:50:48,505 - debug - DEBUG - Batch 350 grad norm: 1.523669
2026-06-16 03:50:48,603 - debug - DEBUG - compute_metrics_and_record started for epoch 108
2026-06-16 03:50:48,604 - debug - DEBUG - all_preds length: 45000, all_targets length: 45000
2026-06-16 03:50:48,604 - debug - DEBUG - First 10 preds: [8, 6, 2, 8, 3, 6, 7, 9, 4, 1]
2026-06-16 03:50:48,604 - debug - DEBUG - First 10 targets: [8, 6, 3, 8, 3, 6, 7, 9, 3, 1]
2026-06-16 03:50:48,613 - debug - DEBUG - Unique predicted classes: 10 (first 10: [0 1 2 3 4 5 6 7 8 9])
2026-06-16 03:50:48,613 - debug - DEBUG - Unique target classes: 10 (first 10: [0 1 2 3 4 5 6 7 8 9])
2026-06-16 03:50:50,850 - debug - DEBUG - compute_metrics_and_record started for epoch 108
2026-06-16 03:50:50,850 - debug - DEBUG - all_preds length: 10000, all_targets length: 10000
2026-06-16 03:50:50,850 - debug - DEBUG - First 10 preds: [3, 8, 8, 8, 6, 6, 1, 2, 3, 1]
2026-06-16 03:50:50,850 - debug - DEBUG - First 10 targets: [3, 8, 8, 0, 6, 6, 1, 6, 3, 1]
2026-06-16 03:50:50,853 - debug - DEBUG - Unique predicted classes: 10 (first 10: [0 1 2 3 4 5 6 7 8 9])
2026-06-16 03:50:50,853 - debug - DEBUG - Unique target classes: 10 (first 10: [0 1 2 3 4 5 6 7 8 9])
2026-06-16 03:50:51,165 - debug - DEBUG - Device Check - Batch 0
2026-06-16 03:50:51,166 - debug - DEBUG -   Config GPU ID: 1
2026-06-16 03:50:51,166 - debug - DEBUG -   Input Device:  cuda:1
2026-06-16 03:50:51,166 - debug - DEBUG -   Target Device: cuda:1
2026-06-16 03:50:51,166 - debug - DEBUG -   Model Device:  cuda:1
2026-06-16 03:50:51,167 - debug - DEBUG -   Criterion Weight Device: No weights
2026-06-16 03:50:51,530 - debug - DEBUG - Batch 0 grad norm: 1.163161
2026-06-16 03:50:52,618 - debug - DEBUG - Batch 10 grad norm: 0.928700
2026-06-16 03:50:53,680 - debug - DEBUG - Batch 20 grad norm: 0.933343
2026-06-16 03:50:54,764 - debug - DEBUG - Batch 30 grad norm: 0.993695
2026-06-16 03:50:55,850 - debug - DEBUG - Batch 40 grad norm: 0.704683
2026-06-16 03:50:56,910 - debug - DEBUG - Batch 50 grad norm: 0.895697
2026-06-16 03:50:57,997 - debug - DEBUG - Batch 60 grad norm: 0.769526
2026-06-16 03:50:59,084 - debug - DEBUG - Batch 70 grad norm: 1.303306
2026-06-16 03:51:00,170 - debug - DEBUG - Batch 80 grad norm: 0.854930
2026-06-16 03:51:01,239 - debug - DEBUG - Batch 90 grad norm: 1.222004
2026-06-16 03:51:02,316 - debug - DEBUG - Batch 100 grad norm: 1.035447
2026-06-16 03:51:03,394 - debug - DEBUG - Batch 110 grad norm: 1.350822
2026-06-16 03:51:04,477 - debug - DEBUG - Batch 120 grad norm: 0.808173
2026-06-16 03:51:05,511 - debug - DEBUG - Batch 130 grad norm: 1.108550
2026-06-16 03:51:06,577 - debug - DEBUG - Batch 140 grad norm: 1.272293
2026-06-16 03:51:07,637 - debug - DEBUG - Batch 150 grad norm: 1.309240
2026-06-16 03:51:08,686 - debug - DEBUG - Batch 160 grad norm: 1.003264
2026-06-16 03:51:09,740 - debug - DEBUG - Batch 170 grad norm: 1.080744
2026-06-16 03:51:10,863 - debug - DEBUG - Batch 180 grad norm: 0.959619
2026-06-16 03:51:11,773 - debug - DEBUG - Batch 190 grad norm: 0.954996
2026-06-16 03:51:12,839 - debug - DEBUG - Batch 200 grad norm: 0.903266
2026-06-16 03:51:13,913 - debug - DEBUG - Batch 210 grad norm: 1.073969
2026-06-16 03:51:14,954 - debug - DEBUG - Batch 220 grad norm: 0.902816
2026-06-16 03:51:16,027 - debug - DEBUG - Batch 230 grad norm: 0.786033
2026-06-16 03:51:17,074 - debug - DEBUG - Batch 240 grad norm: 1.087520
2026-06-16 03:51:18,143 - debug - DEBUG - Batch 250 grad norm: 1.213551
2026-06-16 03:51:19,214 - debug - DEBUG - Batch 260 grad norm: 1.444908
2026-06-16 03:51:20,268 - debug - DEBUG - Batch 270 grad norm: 1.171501
2026-06-16 03:51:21,346 - debug - DEBUG - Batch 280 grad norm: 0.944576
2026-06-16 03:51:22,401 - debug - DEBUG - Batch 290 grad norm: 1.122968
2026-06-16 03:51:23,475 - debug - DEBUG - Batch 300 grad norm: 1.111368
2026-06-16 03:51:24,524 - debug - DEBUG - Batch 310 grad norm: 0.941649
2026-06-16 03:51:25,656 - debug - DEBUG - Batch 320 grad norm: 0.889842
2026-06-16 03:51:26,548 - debug - DEBUG - Batch 330 grad norm: 0.980139
2026-06-16 03:51:27,621 - debug - DEBUG - Batch 340 grad norm: 1.125187
2026-06-16 03:51:28,670 - debug - DEBUG - Batch 350 grad norm: 1.151186
2026-06-16 03:51:28,760 - debug - DEBUG - compute_metrics_and_record started for epoch 109
2026-06-16 03:51:28,760 - debug - DEBUG - all_preds length: 45000, all_targets length: 45000
2026-06-16 03:51:28,760 - debug - DEBUG - First 10 preds: [2, 1, 2, 7, 7, 7, 6, 7, 5, 6]
2026-06-16 03:51:28,760 - debug - DEBUG - First 10 targets: [2, 1, 2, 7, 7, 7, 6, 7, 3, 6]
2026-06-16 03:51:28,771 - debug - DEBUG - Unique predicted classes: 10 (first 10: [0 1 2 3 4 5 6 7 8 9])
2026-06-16 03:51:28,771 - debug - DEBUG - Unique target classes: 10 (first 10: [0 1 2 3 4 5 6 7 8 9])
2026-06-16 03:51:31,021 - debug - DEBUG - compute_metrics_and_record started for epoch 109
2026-06-16 03:51:31,022 - debug - DEBUG - all_preds length: 10000, all_targets length: 10000
2026-06-16 03:51:31,022 - debug - DEBUG - First 10 preds: [3, 8, 8, 9, 6, 6, 1, 6, 3, 1]
2026-06-16 03:51:31,022 - debug - DEBUG - First 10 targets: [3, 8, 8, 0, 6, 6, 1, 6, 3, 1]
2026-06-16 03:51:31,024 - debug - DEBUG - Unique predicted classes: 10 (first 10: [0 1 2 3 4 5 6 7 8 9])
2026-06-16 03:51:31,024 - debug - DEBUG - Unique target classes: 10 (first 10: [0 1 2 3 4 5 6 7 8 9])
2026-06-16 03:51:31,333 - debug - DEBUG - Device Check - Batch 0
2026-06-16 03:51:31,334 - debug - DEBUG -   Config GPU ID: 1
2026-06-16 03:51:31,334 - debug - DEBUG -   Input Device:  cuda:1
2026-06-16 03:51:31,334 - debug - DEBUG -   Target Device: cuda:1
2026-06-16 03:51:31,334 - debug - DEBUG -   Model Device:  cuda:1
2026-06-16 03:51:31,335 - debug - DEBUG -   Criterion Weight Device: No weights
2026-06-16 03:51:31,732 - debug - DEBUG - Batch 0 grad norm: 0.837194
2026-06-16 03:51:32,818 - debug - DEBUG - Batch 10 grad norm: 0.973366
2026-06-16 03:51:33,879 - debug - DEBUG - Batch 20 grad norm: 1.273200
2026-06-16 03:51:34,968 - debug - DEBUG - Batch 30 grad norm: 0.973802
2026-06-16 03:51:36,048 - debug - DEBUG - Batch 40 grad norm: 1.235395
2026-06-16 03:51:37,129 - debug - DEBUG - Batch 50 grad norm: 0.928492
2026-06-16 03:51:38,187 - debug - DEBUG - Batch 60 grad norm: 0.772066
2026-06-16 03:51:39,269 - debug - DEBUG - Batch 70 grad norm: 1.135601
2026-06-16 03:51:40,347 - debug - DEBUG - Batch 80 grad norm: 1.199930
2026-06-16 03:51:41,430 - debug - DEBUG - Batch 90 grad norm: 1.210741
2026-06-16 03:51:42,512 - debug - DEBUG - Batch 100 grad norm: 1.135703
2026-06-16 03:51:43,591 - debug - DEBUG - Batch 110 grad norm: 1.167840
2026-06-16 03:51:44,657 - debug - DEBUG - Batch 120 grad norm: 0.911866
2026-06-16 03:51:45,698 - debug - DEBUG - Batch 130 grad norm: 0.817349
2026-06-16 03:51:46,754 - debug - DEBUG - Batch 140 grad norm: 1.036064
2026-06-16 03:51:47,810 - debug - DEBUG - Batch 150 grad norm: 1.261399
2026-06-16 03:51:48,880 - debug - DEBUG - Batch 160 grad norm: 1.309338
2026-06-16 03:51:49,939 - debug - DEBUG - Batch 170 grad norm: 1.201806
2026-06-16 03:51:51,085 - debug - DEBUG - Batch 180 grad norm: 1.155102
2026-06-16 03:51:51,964 - debug - DEBUG - Batch 190 grad norm: 1.111212
2026-06-16 03:51:53,042 - debug - DEBUG - Batch 200 grad norm: 1.329672
2026-06-16 03:51:54,115 - debug - DEBUG - Batch 210 grad norm: 1.141593
2026-06-16 03:51:55,165 - debug - DEBUG - Batch 220 grad norm: 1.307858
2026-06-16 03:51:56,236 - debug - DEBUG - Batch 230 grad norm: 1.474814
2026-06-16 03:51:57,295 - debug - DEBUG - Batch 240 grad norm: 1.303904
2026-06-16 03:51:58,372 - debug - DEBUG - Batch 250 grad norm: 1.164465
2026-06-16 03:51:59,424 - debug - DEBUG - Batch 260 grad norm: 1.187181
2026-06-16 03:52:00,499 - debug - DEBUG - Batch 270 grad norm: 0.981171
2026-06-16 03:52:01,557 - debug - DEBUG - Batch 280 grad norm: 1.125330
2026-06-16 03:52:02,634 - debug - DEBUG - Batch 290 grad norm: 0.897222
2026-06-16 03:52:03,694 - debug - DEBUG - Batch 300 grad norm: 0.941178
2026-06-16 03:52:04,774 - debug - DEBUG - Batch 310 grad norm: 0.823964
2026-06-16 03:52:05,858 - debug - DEBUG - Batch 320 grad norm: 1.050046
2026-06-16 03:52:06,924 - debug - DEBUG - Batch 330 grad norm: 1.129399
2026-06-16 03:52:08,007 - debug - DEBUG - Batch 340 grad norm: 0.699720
2026-06-16 03:52:09,060 - debug - DEBUG - Batch 350 grad norm: 0.992165
2026-06-16 03:52:09,160 - debug - DEBUG - compute_metrics_and_record started for epoch 110
2026-06-16 03:52:09,161 - debug - DEBUG - all_preds length: 45000, all_targets length: 45000
2026-06-16 03:52:09,161 - debug - DEBUG - First 10 preds: [5, 9, 9, 1, 5, 1, 9, 4, 4, 4]
2026-06-16 03:52:09,161 - debug - DEBUG - First 10 targets: [5, 9, 9, 1, 5, 1, 9, 4, 4, 4]
2026-06-16 03:52:09,171 - debug - DEBUG - Unique predicted classes: 10 (first 10: [0 1 2 3 4 5 6 7 8 9])
2026-06-16 03:52:09,171 - debug - DEBUG - Unique target classes: 10 (first 10: [0 1 2 3 4 5 6 7 8 9])
2026-06-16 03:52:11,525 - debug - DEBUG - compute_metrics_and_record started for epoch 110
2026-06-16 03:52:11,526 - debug - DEBUG - all_preds length: 10000, all_targets length: 10000
2026-06-16 03:52:11,526 - debug - DEBUG - First 10 preds: [3, 8, 1, 8, 6, 6, 1, 6, 3, 1]
2026-06-16 03:52:11,526 - debug - DEBUG - First 10 targets: [3, 8, 8, 0, 6, 6, 1, 6, 3, 1]
2026-06-16 03:52:11,528 - debug - DEBUG - Unique predicted classes: 10 (first 10: [0 1 2 3 4 5 6 7 8 9])
2026-06-16 03:52:11,528 - debug - DEBUG - Unique target classes: 10 (first 10: [0 1 2 3 4 5 6 7 8 9])
2026-06-16 03:52:11,868 - debug - DEBUG - Device Check - Batch 0
2026-06-16 03:52:11,869 - debug - DEBUG -   Config GPU ID: 1
2026-06-16 03:52:11,869 - debug - DEBUG -   Input Device:  cuda:1
2026-06-16 03:52:11,869 - debug - DEBUG -   Target Device: cuda:1
2026-06-16 03:52:11,870 - debug - DEBUG -   Model Device:  cuda:1
2026-06-16 03:52:11,870 - debug - DEBUG -   Criterion Weight Device: No weights
2026-06-16 03:52:12,298 - debug - DEBUG - Batch 0 grad norm: 1.146179
2026-06-16 03:52:13,371 - debug - DEBUG - Batch 10 grad norm: 1.139314
2026-06-16 03:52:14,426 - debug - DEBUG - Batch 20 grad norm: 1.312733
2026-06-16 03:52:15,503 - debug - DEBUG - Batch 30 grad norm: 0.978101
2026-06-16 03:52:16,576 - debug - DEBUG - Batch 40 grad norm: 0.851937
2026-06-16 03:52:17,653 - debug - DEBUG - Batch 50 grad norm: 1.238766
2026-06-16 03:52:18,740 - debug - DEBUG - Batch 60 grad norm: 0.916427
2026-06-16 03:52:19,833 - debug - DEBUG - Batch 70 grad norm: 1.084936
2026-06-16 03:52:20,902 - debug - DEBUG - Batch 80 grad norm: 1.378654
2026-06-16 03:52:21,977 - debug - DEBUG - Batch 90 grad norm: 0.743401
2026-06-16 03:52:23,011 - debug - DEBUG - Batch 100 grad norm: 1.270157
2026-06-16 03:52:24,085 - debug - DEBUG - Batch 110 grad norm: 1.172863
2026-06-16 03:52:25,144 - debug - DEBUG - Batch 120 grad norm: 1.049284
2026-06-16 03:52:26,212 - debug - DEBUG - Batch 130 grad norm: 1.005197
2026-06-16 03:52:27,287 - debug - DEBUG - Batch 140 grad norm: 1.127887
2026-06-16 03:52:28,335 - debug - DEBUG - Batch 150 grad norm: 0.925699
2026-06-16 03:52:29,332 - debug - DEBUG - Batch 160 grad norm: 0.887068
2026-06-16 03:52:30,428 - debug - DEBUG - Batch 170 grad norm: 1.120544
2026-06-16 03:52:31,510 - debug - DEBUG - Batch 180 grad norm: 1.286471
2026-06-16 03:52:32,454 - debug - DEBUG - Batch 190 grad norm: 1.211536
2026-06-16 03:52:33,523 - debug - DEBUG - Batch 200 grad norm: 1.066569
2026-06-16 03:52:34,564 - debug - DEBUG - Batch 210 grad norm: 1.158702
2026-06-16 03:52:35,601 - debug - DEBUG - Batch 220 grad norm: 1.068909
2026-06-16 03:52:36,679 - debug - DEBUG - Batch 230 grad norm: 1.168997
2026-06-16 03:52:37,739 - debug - DEBUG - Batch 240 grad norm: 1.010059
2026-06-16 03:52:38,820 - debug - DEBUG - Batch 250 grad norm: 1.161704
2026-06-16 03:52:39,872 - debug - DEBUG - Batch 260 grad norm: 1.033560
2026-06-16 03:52:40,953 - debug - DEBUG - Batch 270 grad norm: 0.863959
2026-06-16 03:52:42,016 - debug - DEBUG - Batch 280 grad norm: 0.861112
2026-06-16 03:52:43,097 - debug - DEBUG - Batch 290 grad norm: 1.311384
2026-06-16 03:52:44,166 - debug - DEBUG - Batch 300 grad norm: 1.135397
2026-06-16 03:52:45,247 - debug - DEBUG - Batch 310 grad norm: 1.194690
2026-06-16 03:52:46,313 - debug - DEBUG - Batch 320 grad norm: 1.019578
2026-06-16 03:52:47,395 - debug - DEBUG - Batch 330 grad norm: 0.788786
2026-06-16 03:52:48,475 - debug - DEBUG - Batch 340 grad norm: 1.125685
2026-06-16 03:52:49,539 - debug - DEBUG - Batch 350 grad norm: 1.129419
2026-06-16 03:52:49,641 - debug - DEBUG - compute_metrics_and_record started for epoch 111
2026-06-16 03:52:49,641 - debug - DEBUG - all_preds length: 45000, all_targets length: 45000
2026-06-16 03:52:49,641 - debug - DEBUG - First 10 preds: [8, 4, 8, 4, 2, 6, 7, 4, 8, 7]
2026-06-16 03:52:49,641 - debug - DEBUG - First 10 targets: [8, 4, 8, 4, 2, 6, 7, 4, 8, 7]
2026-06-16 03:52:49,651 - debug - DEBUG - Unique predicted classes: 10 (first 10: [0 1 2 3 4 5 6 7 8 9])
2026-06-16 03:52:49,651 - debug - DEBUG - Unique target classes: 10 (first 10: [0 1 2 3 4 5 6 7 8 9])
2026-06-16 03:52:51,953 - debug - DEBUG - compute_metrics_and_record started for epoch 111
2026-06-16 03:52:51,954 - debug - DEBUG - all_preds length: 10000, all_targets length: 10000
2026-06-16 03:52:51,954 - debug - DEBUG - First 10 preds: [3, 8, 9, 9, 6, 6, 9, 6, 3, 9]
2026-06-16 03:52:51,954 - debug - DEBUG - First 10 targets: [3, 8, 8, 0, 6, 6, 1, 6, 3, 1]
2026-06-16 03:52:51,956 - debug - DEBUG - Unique predicted classes: 10 (first 10: [0 1 2 3 4 5 6 7 8 9])
2026-06-16 03:52:51,956 - debug - DEBUG - Unique target classes: 10 (first 10: [0 1 2 3 4 5 6 7 8 9])
2026-06-16 03:52:52,225 - debug - DEBUG - Device Check - Batch 0
2026-06-16 03:52:52,225 - debug - DEBUG -   Config GPU ID: 1
2026-06-16 03:52:52,226 - debug - DEBUG -   Input Device:  cuda:1
2026-06-16 03:52:52,226 - debug - DEBUG -   Target Device: cuda:1
2026-06-16 03:52:52,226 - debug - DEBUG -   Model Device:  cuda:1
2026-06-16 03:52:52,226 - debug - DEBUG -   Criterion Weight Device: No weights
2026-06-16 03:52:52,738 - debug - DEBUG - Batch 0 grad norm: 1.542822
2026-06-16 03:52:53,800 - debug - DEBUG - Batch 10 grad norm: 1.383007
2026-06-16 03:52:54,875 - debug - DEBUG - Batch 20 grad norm: 1.303802
2026-06-16 03:52:55,792 - debug - DEBUG - Batch 30 grad norm: 1.337221
2026-06-16 03:52:56,881 - debug - DEBUG - Batch 40 grad norm: 1.564759
2026-06-16 03:52:57,980 - debug - DEBUG - Batch 50 grad norm: 1.204013
2026-06-16 03:52:58,927 - debug - DEBUG - Batch 60 grad norm: 1.108814
2026-06-16 03:53:00,006 - debug - DEBUG - Batch 70 grad norm: 1.120862
2026-06-16 03:53:01,086 - debug - DEBUG - Batch 80 grad norm: 1.134084
2026-06-16 03:53:02,166 - debug - DEBUG - Batch 90 grad norm: 0.809404
2026-06-16 03:53:03,215 - debug - DEBUG - Batch 100 grad norm: 1.274792
2026-06-16 03:53:04,303 - debug - DEBUG - Batch 110 grad norm: 1.520171
2026-06-16 03:53:05,348 - debug - DEBUG - Batch 120 grad norm: 1.065535
2026-06-16 03:53:06,433 - debug - DEBUG - Batch 130 grad norm: 1.277079
2026-06-16 03:53:07,499 - debug - DEBUG - Batch 140 grad norm: 1.029799
2026-06-16 03:53:08,537 - debug - DEBUG - Batch 150 grad norm: 1.084867
2026-06-16 03:53:09,586 - debug - DEBUG - Batch 160 grad norm: 1.047413
2026-06-16 03:53:10,668 - debug - DEBUG - Batch 170 grad norm: 0.871915
2026-06-16 03:53:11,781 - debug - DEBUG - Batch 180 grad norm: 0.960601
2026-06-16 03:53:12,673 - debug - DEBUG - Batch 190 grad norm: 1.061352
2026-06-16 03:53:13,751 - debug - DEBUG - Batch 200 grad norm: 0.849399
2026-06-16 03:53:14,807 - debug - DEBUG - Batch 210 grad norm: 0.877433
2026-06-16 03:53:15,885 - debug - DEBUG - Batch 220 grad norm: 0.900959
2026-06-16 03:53:16,935 - debug - DEBUG - Batch 230 grad norm: 0.910219
2026-06-16 03:53:18,019 - debug - DEBUG - Batch 240 grad norm: 1.051385
2026-06-16 03:53:19,103 - debug - DEBUG - Batch 250 grad norm: 1.253905
2026-06-16 03:53:20,164 - debug - DEBUG - Batch 260 grad norm: 1.240396
2026-06-16 03:53:21,251 - debug - DEBUG - Batch 270 grad norm: 1.254257
2026-06-16 03:53:22,308 - debug - DEBUG - Batch 280 grad norm: 1.394749
2026-06-16 03:53:23,393 - debug - DEBUG - Batch 290 grad norm: 0.933529
2026-06-16 03:53:24,462 - debug - DEBUG - Batch 300 grad norm: 0.971370
2026-06-16 03:53:25,544 - debug - DEBUG - Batch 310 grad norm: 0.894368
2026-06-16 03:53:26,600 - debug - DEBUG - Batch 320 grad norm: 1.027777
2026-06-16 03:53:27,681 - debug - DEBUG - Batch 330 grad norm: 1.211454
2026-06-16 03:53:28,763 - debug - DEBUG - Batch 340 grad norm: 1.087530
2026-06-16 03:53:29,846 - debug - DEBUG - Batch 350 grad norm: 0.856195
2026-06-16 03:53:29,947 - debug - DEBUG - compute_metrics_and_record started for epoch 112
2026-06-16 03:53:29,948 - debug - DEBUG - all_preds length: 45000, all_targets length: 45000
2026-06-16 03:53:29,948 - debug - DEBUG - First 10 preds: [5, 1, 1, 9, 4, 3, 5, 5, 0, 3]
2026-06-16 03:53:29,948 - debug - DEBUG - First 10 targets: [5, 1, 1, 8, 4, 3, 5, 5, 0, 3]
2026-06-16 03:53:29,958 - debug - DEBUG - Unique predicted classes: 10 (first 10: [0 1 2 3 4 5 6 7 8 9])
2026-06-16 03:53:29,958 - debug - DEBUG - Unique target classes: 10 (first 10: [0 1 2 3 4 5 6 7 8 9])
2026-06-16 03:53:32,230 - debug - DEBUG - compute_metrics_and_record started for epoch 112
2026-06-16 03:53:32,230 - debug - DEBUG - all_preds length: 10000, all_targets length: 10000
2026-06-16 03:53:32,230 - debug - DEBUG - First 10 preds: [3, 8, 8, 8, 6, 6, 1, 6, 3, 1]
2026-06-16 03:53:32,231 - debug - DEBUG - First 10 targets: [3, 8, 8, 0, 6, 6, 1, 6, 3, 1]
2026-06-16 03:53:32,235 - debug - DEBUG - Unique predicted classes: 10 (first 10: [0 1 2 3 4 5 6 7 8 9])
2026-06-16 03:53:32,235 - debug - DEBUG - Unique target classes: 10 (first 10: [0 1 2 3 4 5 6 7 8 9])
2026-06-16 03:53:32,518 - debug - DEBUG - Device Check - Batch 0
2026-06-16 03:53:32,519 - debug - DEBUG -   Config GPU ID: 1
2026-06-16 03:53:32,519 - debug - DEBUG -   Input Device:  cuda:1
2026-06-16 03:53:32,520 - debug - DEBUG -   Target Device: cuda:1
2026-06-16 03:53:32,520 - debug - DEBUG -   Model Device:  cuda:1
2026-06-16 03:53:32,520 - debug - DEBUG -   Criterion Weight Device: No weights
2026-06-16 03:53:32,958 - debug - DEBUG - Batch 0 grad norm: 0.747218
2026-06-16 03:53:34,043 - debug - DEBUG - Batch 10 grad norm: 1.031375
2026-06-16 03:53:35,124 - debug - DEBUG - Batch 20 grad norm: 0.713920
2026-06-16 03:53:36,207 - debug - DEBUG - Batch 30 grad norm: 1.128971
2026-06-16 03:53:37,281 - debug - DEBUG - Batch 40 grad norm: 0.875646
2026-06-16 03:53:38,336 - debug - DEBUG - Batch 50 grad norm: 1.023622
2026-06-16 03:53:39,398 - debug - DEBUG - Batch 60 grad norm: 0.902702
2026-06-16 03:53:40,465 - debug - DEBUG - Batch 70 grad norm: 1.173656
2026-06-16 03:53:41,358 - debug - DEBUG - Batch 80 grad norm: 1.214645
2026-06-16 03:53:42,449 - debug - DEBUG - Batch 90 grad norm: 1.013639
2026-06-16 03:53:43,554 - debug - DEBUG - Batch 100 grad norm: 1.124881
2026-06-16 03:53:44,475 - debug - DEBUG - Batch 110 grad norm: 1.359321
2026-06-16 03:53:45,527 - debug - DEBUG - Batch 120 grad norm: 0.983056
2026-06-16 03:53:46,601 - debug - DEBUG - Batch 130 grad norm: 1.239417
2026-06-16 03:53:47,647 - debug - DEBUG - Batch 140 grad norm: 1.006346
2026-06-16 03:53:48,716 - debug - DEBUG - Batch 150 grad norm: 0.914419
2026-06-16 03:53:49,776 - debug - DEBUG - Batch 160 grad norm: 1.033981
2026-06-16 03:53:50,850 - debug - DEBUG - Batch 170 grad norm: 1.150649
2026-06-16 03:53:51,979 - debug - DEBUG - Batch 180 grad norm: 1.230984
2026-06-16 03:53:52,882 - debug - DEBUG - Batch 190 grad norm: 1.106947
2026-06-16 03:53:53,962 - debug - DEBUG - Batch 200 grad norm: 1.143361
2026-06-16 03:53:55,022 - debug - DEBUG - Batch 210 grad norm: 1.140817
2026-06-16 03:53:56,109 - debug - DEBUG - Batch 220 grad norm: 1.647209
2026-06-16 03:53:57,183 - debug - DEBUG - Batch 230 grad norm: 1.083702
2026-06-16 03:53:58,264 - debug - DEBUG - Batch 240 grad norm: 1.057986
2026-06-16 03:53:59,314 - debug - DEBUG - Batch 250 grad norm: 0.873053
2026-06-16 03:54:00,393 - debug - DEBUG - Batch 260 grad norm: 1.229378
2026-06-16 03:54:01,448 - debug - DEBUG - Batch 270 grad norm: 0.897604
2026-06-16 03:54:02,511 - debug - DEBUG - Batch 280 grad norm: 0.901110
2026-06-16 03:54:03,566 - debug - DEBUG - Batch 290 grad norm: 1.058644
2026-06-16 03:54:04,628 - debug - DEBUG - Batch 300 grad norm: 1.351347
2026-06-16 03:54:05,696 - debug - DEBUG - Batch 310 grad norm: 0.966958
2026-06-16 03:54:06,739 - debug - DEBUG - Batch 320 grad norm: 0.983834
2026-06-16 03:54:07,802 - debug - DEBUG - Batch 330 grad norm: 0.998603
2026-06-16 03:54:08,842 - debug - DEBUG - Batch 340 grad norm: 0.988256
2026-06-16 03:54:09,914 - debug - DEBUG - Batch 350 grad norm: 1.255172
2026-06-16 03:54:10,007 - debug - DEBUG - compute_metrics_and_record started for epoch 113
2026-06-16 03:54:10,007 - debug - DEBUG - all_preds length: 45000, all_targets length: 45000
2026-06-16 03:54:10,007 - debug - DEBUG - First 10 preds: [6, 8, 7, 3, 1, 8, 7, 0, 4, 8]
2026-06-16 03:54:10,008 - debug - DEBUG - First 10 targets: [6, 8, 7, 3, 1, 8, 5, 0, 4, 8]
2026-06-16 03:54:10,017 - debug - DEBUG - Unique predicted classes: 10 (first 10: [0 1 2 3 4 5 6 7 8 9])
2026-06-16 03:54:10,017 - debug - DEBUG - Unique target classes: 10 (first 10: [0 1 2 3 4 5 6 7 8 9])
2026-06-16 03:54:12,186 - debug - DEBUG - compute_metrics_and_record started for epoch 113
2026-06-16 03:54:12,187 - debug - DEBUG - all_preds length: 10000, all_targets length: 10000
2026-06-16 03:54:12,187 - debug - DEBUG - First 10 preds: [3, 8, 8, 8, 6, 6, 1, 6, 3, 1]
2026-06-16 03:54:12,187 - debug - DEBUG - First 10 targets: [3, 8, 8, 0, 6, 6, 1, 6, 3, 1]
2026-06-16 03:54:12,189 - debug - DEBUG - Unique predicted classes: 10 (first 10: [0 1 2 3 4 5 6 7 8 9])
2026-06-16 03:54:12,189 - debug - DEBUG - Unique target classes: 10 (first 10: [0 1 2 3 4 5 6 7 8 9])
2026-06-16 03:54:12,454 - debug - DEBUG - Device Check - Batch 0
2026-06-16 03:54:12,455 - debug - DEBUG -   Config GPU ID: 1
2026-06-16 03:54:12,455 - debug - DEBUG -   Input Device:  cuda:1
2026-06-16 03:54:12,455 - debug - DEBUG -   Target Device: cuda:1
2026-06-16 03:54:12,455 - debug - DEBUG -   Model Device:  cuda:1
2026-06-16 03:54:12,455 - debug - DEBUG -   Criterion Weight Device: No weights
2026-06-16 03:54:12,837 - debug - DEBUG - Batch 0 grad norm: 1.120062
2026-06-16 03:54:13,920 - debug - DEBUG - Batch 10 grad norm: 0.855738
2026-06-16 03:54:14,973 - debug - DEBUG - Batch 20 grad norm: 0.992515
2026-06-16 03:54:16,057 - debug - DEBUG - Batch 30 grad norm: 1.003328
2026-06-16 03:54:17,139 - debug - DEBUG - Batch 40 grad norm: 0.824845
2026-06-16 03:54:18,212 - debug - DEBUG - Batch 50 grad norm: 1.029538
2026-06-16 03:54:19,295 - debug - DEBUG - Batch 60 grad norm: 0.780399
2026-06-16 03:54:20,356 - debug - DEBUG - Batch 70 grad norm: 1.007631
2026-06-16 03:54:21,448 - debug - DEBUG - Batch 80 grad norm: 1.080375
2026-06-16 03:54:22,537 - debug - DEBUG - Batch 90 grad norm: 0.813363
2026-06-16 03:54:23,622 - debug - DEBUG - Batch 100 grad norm: 0.915306
2026-06-16 03:54:24,673 - debug - DEBUG - Batch 110 grad norm: 1.200074
2026-06-16 03:54:25,758 - debug - DEBUG - Batch 120 grad norm: 1.052248
2026-06-16 03:54:26,801 - debug - DEBUG - Batch 130 grad norm: 0.876401
2026-06-16 03:54:27,834 - debug - DEBUG - Batch 140 grad norm: 1.271762
2026-06-16 03:54:28,985 - debug - DEBUG - Batch 150 grad norm: 1.128867
2026-06-16 03:54:29,879 - debug - DEBUG - Batch 160 grad norm: 1.269135
2026-06-16 03:54:30,939 - debug - DEBUG - Batch 170 grad norm: 1.186243
2026-06-16 03:54:32,091 - debug - DEBUG - Batch 180 grad norm: 1.223340
2026-06-16 03:54:33,006 - debug - DEBUG - Batch 190 grad norm: 1.221207
2026-06-16 03:54:34,062 - debug - DEBUG - Batch 200 grad norm: 1.165000
2026-06-16 03:54:35,139 - debug - DEBUG - Batch 210 grad norm: 1.221850
2026-06-16 03:54:36,181 - debug - DEBUG - Batch 220 grad norm: 1.337390
2026-06-16 03:54:37,267 - debug - DEBUG - Batch 230 grad norm: 1.013661
2026-06-16 03:54:38,311 - debug - DEBUG - Batch 240 grad norm: 1.310442
2026-06-16 03:54:39,393 - debug - DEBUG - Batch 250 grad norm: 1.057289
2026-06-16 03:54:40,454 - debug - DEBUG - Batch 260 grad norm: 0.711659
2026-06-16 03:54:41,533 - debug - DEBUG - Batch 270 grad norm: 0.921563
2026-06-16 03:54:42,553 - debug - DEBUG - Batch 280 grad norm: 0.998363
2026-06-16 03:54:43,616 - debug - DEBUG - Batch 290 grad norm: 1.223052
2026-06-16 03:54:44,678 - debug - DEBUG - Batch 300 grad norm: 1.237306
2026-06-16 03:54:45,742 - debug - DEBUG - Batch 310 grad norm: 1.055079
2026-06-16 03:54:46,799 - debug - DEBUG - Batch 320 grad norm: 1.148813
2026-06-16 03:54:47,851 - debug - DEBUG - Batch 330 grad norm: 0.942549
2026-06-16 03:54:48,920 - debug - DEBUG - Batch 340 grad norm: 1.115161
2026-06-16 03:54:49,985 - debug - DEBUG - Batch 350 grad norm: 1.139869
2026-06-16 03:54:50,074 - debug - DEBUG - compute_metrics_and_record started for epoch 114
2026-06-16 03:54:50,074 - debug - DEBUG - all_preds length: 45000, all_targets length: 45000
2026-06-16 03:54:50,074 - debug - DEBUG - First 10 preds: [1, 5, 0, 2, 7, 3, 7, 6, 6, 8]
2026-06-16 03:54:50,074 - debug - DEBUG - First 10 targets: [1, 5, 0, 2, 7, 3, 7, 6, 6, 8]
2026-06-16 03:54:50,084 - debug - DEBUG - Unique predicted classes: 10 (first 10: [0 1 2 3 4 5 6 7 8 9])
2026-06-16 03:54:50,084 - debug - DEBUG - Unique target classes: 10 (first 10: [0 1 2 3 4 5 6 7 8 9])
2026-06-16 03:54:52,278 - debug - DEBUG - compute_metrics_and_record started for epoch 114
2026-06-16 03:54:52,278 - debug - DEBUG - all_preds length: 10000, all_targets length: 10000
2026-06-16 03:54:52,278 - debug - DEBUG - First 10 preds: [3, 8, 8, 8, 6, 6, 1, 6, 3, 1]
2026-06-16 03:54:52,278 - debug - DEBUG - First 10 targets: [3, 8, 8, 0, 6, 6, 1, 6, 3, 1]
2026-06-16 03:54:52,280 - debug - DEBUG - Unique predicted classes: 10 (first 10: [0 1 2 3 4 5 6 7 8 9])
2026-06-16 03:54:52,281 - debug - DEBUG - Unique target classes: 10 (first 10: [0 1 2 3 4 5 6 7 8 9])
2026-06-16 03:54:52,545 - debug - DEBUG - Device Check - Batch 0
2026-06-16 03:54:52,546 - debug - DEBUG -   Config GPU ID: 1
2026-06-16 03:54:52,546 - debug - DEBUG -   Input Device:  cuda:1
2026-06-16 03:54:52,547 - debug - DEBUG -   Target Device: cuda:1
2026-06-16 03:54:52,547 - debug - DEBUG -   Model Device:  cuda:1
2026-06-16 03:54:52,547 - debug - DEBUG -   Criterion Weight Device: No weights
2026-06-16 03:54:52,968 - debug - DEBUG - Batch 0 grad norm: 0.757650
2026-06-16 03:54:54,023 - debug - DEBUG - Batch 10 grad norm: 0.969380
2026-06-16 03:54:55,110 - debug - DEBUG - Batch 20 grad norm: 1.112618
2026-06-16 03:54:56,201 - debug - DEBUG - Batch 30 grad norm: 1.124556
2026-06-16 03:54:57,270 - debug - DEBUG - Batch 40 grad norm: 1.260734
2026-06-16 03:54:58,359 - debug - DEBUG - Batch 50 grad norm: 0.999981
2026-06-16 03:54:59,418 - debug - DEBUG - Batch 60 grad norm: 0.915490
2026-06-16 03:55:00,507 - debug - DEBUG - Batch 70 grad norm: 1.220661
2026-06-16 03:55:01,600 - debug - DEBUG - Batch 80 grad norm: 1.252950
2026-06-16 03:55:02,683 - debug - DEBUG - Batch 90 grad norm: 1.102982
2026-06-16 03:55:03,737 - debug - DEBUG - Batch 100 grad norm: 1.159898
2026-06-16 03:55:04,822 - debug - DEBUG - Batch 110 grad norm: 1.281484
2026-06-16 03:55:05,905 - debug - DEBUG - Batch 120 grad norm: 1.152610
2026-06-16 03:55:06,986 - debug - DEBUG - Batch 130 grad norm: 0.921104
2026-06-16 03:55:08,070 - debug - DEBUG - Batch 140 grad norm: 0.958998
2026-06-16 03:55:09,153 - debug - DEBUG - Batch 150 grad norm: 1.137252
2026-06-16 03:55:10,243 - debug - DEBUG - Batch 160 grad norm: 1.241832
2026-06-16 03:55:11,254 - debug - DEBUG - Batch 170 grad norm: 1.098905
2026-06-16 03:55:12,394 - debug - DEBUG - Batch 180 grad norm: 1.191961
2026-06-16 03:55:13,129 - debug - DEBUG - Batch 190 grad norm: 1.103499
2026-06-16 03:55:14,240 - debug - DEBUG - Batch 200 grad norm: 1.259143
2026-06-16 03:55:15,338 - debug - DEBUG - Batch 210 grad norm: 1.142822
2026-06-16 03:55:16,288 - debug - DEBUG - Batch 220 grad norm: 1.174665
2026-06-16 03:55:17,370 - debug - DEBUG - Batch 230 grad norm: 1.012438
2026-06-16 03:55:18,443 - debug - DEBUG - Batch 240 grad norm: 0.936138
2026-06-16 03:55:19,510 - debug - DEBUG - Batch 250 grad norm: 1.220375
2026-06-16 03:55:20,586 - debug - DEBUG - Batch 260 grad norm: 0.920963
2026-06-16 03:55:21,660 - debug - DEBUG - Batch 270 grad norm: 1.113384
2026-06-16 03:55:22,721 - debug - DEBUG - Batch 280 grad norm: 1.212244
2026-06-16 03:55:23,790 - debug - DEBUG - Batch 290 grad norm: 1.104769
2026-06-16 03:55:24,821 - debug - DEBUG - Batch 300 grad norm: 1.005782
2026-06-16 03:55:25,890 - debug - DEBUG - Batch 310 grad norm: 1.219079
2026-06-16 03:55:26,960 - debug - DEBUG - Batch 320 grad norm: 1.059632
2026-06-16 03:55:28,012 - debug - DEBUG - Batch 330 grad norm: 1.021651
2026-06-16 03:55:29,088 - debug - DEBUG - Batch 340 grad norm: 1.181721
2026-06-16 03:55:30,165 - debug - DEBUG - Batch 350 grad norm: 1.337903
2026-06-16 03:55:30,263 - debug - DEBUG - compute_metrics_and_record started for epoch 115
2026-06-16 03:55:30,263 - debug - DEBUG - all_preds length: 45000, all_targets length: 45000
2026-06-16 03:55:30,263 - debug - DEBUG - First 10 preds: [3, 9, 2, 3, 6, 0, 6, 8, 1, 5]
2026-06-16 03:55:30,263 - debug - DEBUG - First 10 targets: [3, 9, 2, 3, 6, 0, 6, 8, 1, 5]
2026-06-16 03:55:30,272 - debug - DEBUG - Unique predicted classes: 10 (first 10: [0 1 2 3 4 5 6 7 8 9])
2026-06-16 03:55:30,272 - debug - DEBUG - Unique target classes: 10 (first 10: [0 1 2 3 4 5 6 7 8 9])
2026-06-16 03:55:32,504 - debug - DEBUG - compute_metrics_and_record started for epoch 115
2026-06-16 03:55:32,504 - debug - DEBUG - all_preds length: 10000, all_targets length: 10000
2026-06-16 03:55:32,505 - debug - DEBUG - First 10 preds: [3, 8, 8, 8, 6, 6, 1, 4, 3, 1]
2026-06-16 03:55:32,505 - debug - DEBUG - First 10 targets: [3, 8, 8, 0, 6, 6, 1, 6, 3, 1]
2026-06-16 03:55:32,507 - debug - DEBUG - Unique predicted classes: 10 (first 10: [0 1 2 3 4 5 6 7 8 9])
2026-06-16 03:55:32,507 - debug - DEBUG - Unique target classes: 10 (first 10: [0 1 2 3 4 5 6 7 8 9])
2026-06-16 03:55:32,776 - debug - DEBUG - Device Check - Batch 0
2026-06-16 03:55:32,777 - debug - DEBUG -   Config GPU ID: 1
2026-06-16 03:55:32,777 - debug - DEBUG -   Input Device:  cuda:1
2026-06-16 03:55:32,777 - debug - DEBUG -   Target Device: cuda:1
2026-06-16 03:55:32,778 - debug - DEBUG -   Model Device:  cuda:1
2026-06-16 03:55:32,778 - debug - DEBUG -   Criterion Weight Device: No weights
2026-06-16 03:55:33,248 - debug - DEBUG - Batch 0 grad norm: 0.891870
2026-06-16 03:55:34,318 - debug - DEBUG - Batch 10 grad norm: 1.079158
2026-06-16 03:55:35,396 - debug - DEBUG - Batch 20 grad norm: 1.093529
2026-06-16 03:55:36,464 - debug - DEBUG - Batch 30 grad norm: 1.403889
2026-06-16 03:55:37,546 - debug - DEBUG - Batch 40 grad norm: 0.846386
2026-06-16 03:55:38,641 - debug - DEBUG - Batch 50 grad norm: 1.662141
2026-06-16 03:55:39,731 - debug - DEBUG - Batch 60 grad norm: 1.332118
2026-06-16 03:55:40,820 - debug - DEBUG - Batch 70 grad norm: 1.167712
2026-06-16 03:55:41,889 - debug - DEBUG - Batch 80 grad norm: 1.070443
2026-06-16 03:55:42,990 - debug - DEBUG - Batch 90 grad norm: 0.862680
2026-06-16 03:55:44,092 - debug - DEBUG - Batch 100 grad norm: 0.955818
2026-06-16 03:55:45,206 - debug - DEBUG - Batch 110 grad norm: 0.854770
2026-06-16 03:55:46,321 - debug - DEBUG - Batch 120 grad norm: 1.306765
2026-06-16 03:55:47,440 - debug - DEBUG - Batch 130 grad norm: 1.138189
2026-06-16 03:55:48,565 - debug - DEBUG - Batch 140 grad norm: 0.872775
2026-06-16 03:55:49,688 - debug - DEBUG - Batch 150 grad norm: 0.895450
2026-06-16 03:55:50,795 - debug - DEBUG - Batch 160 grad norm: 1.059969
2026-06-16 03:55:51,675 - debug - DEBUG - Batch 170 grad norm: 1.025017
2026-06-16 03:55:52,827 - debug - DEBUG - Batch 180 grad norm: 1.224834
2026-06-16 03:55:53,830 - debug - DEBUG - Batch 190 grad norm: 1.229485
2026-06-16 03:55:54,898 - debug - DEBUG - Batch 200 grad norm: 1.090506
2026-06-16 03:55:56,019 - debug - DEBUG - Batch 210 grad norm: 1.204654
2026-06-16 03:55:57,133 - debug - DEBUG - Batch 220 grad norm: 1.093898
2026-06-16 03:55:58,220 - debug - DEBUG - Batch 230 grad norm: 0.963508
2026-06-16 03:55:59,144 - debug - DEBUG - Batch 240 grad norm: 1.056537
2026-06-16 03:56:00,296 - debug - DEBUG - Batch 250 grad norm: 0.710342
2026-06-16 03:56:01,354 - debug - DEBUG - Batch 260 grad norm: 1.175907
2026-06-16 03:56:02,394 - debug - DEBUG - Batch 270 grad norm: 1.143527
2026-06-16 03:56:03,489 - debug - DEBUG - Batch 280 grad norm: 1.183745
2026-06-16 03:56:04,577 - debug - DEBUG - Batch 290 grad norm: 1.106809
2026-06-16 03:56:05,659 - debug - DEBUG - Batch 300 grad norm: 1.164143
2026-06-16 03:56:06,704 - debug - DEBUG - Batch 310 grad norm: 1.277367
2026-06-16 03:56:07,784 - debug - DEBUG - Batch 320 grad norm: 0.875439
2026-06-16 03:56:08,868 - debug - DEBUG - Batch 330 grad norm: 1.007200
2026-06-16 03:56:09,941 - debug - DEBUG - Batch 340 grad norm: 1.128035
2026-06-16 03:56:11,010 - debug - DEBUG - Batch 350 grad norm: 0.952481
2026-06-16 03:56:11,111 - debug - DEBUG - compute_metrics_and_record started for epoch 116
2026-06-16 03:56:11,112 - debug - DEBUG - all_preds length: 45000, all_targets length: 45000
2026-06-16 03:56:11,112 - debug - DEBUG - First 10 preds: [6, 9, 1, 9, 8, 8, 9, 8, 0, 0]
2026-06-16 03:56:11,112 - debug - DEBUG - First 10 targets: [6, 9, 9, 9, 8, 8, 9, 8, 0, 0]
2026-06-16 03:56:11,127 - debug - DEBUG - Unique predicted classes: 10 (first 10: [0 1 2 3 4 5 6 7 8 9])
2026-06-16 03:56:11,128 - debug - DEBUG - Unique target classes: 10 (first 10: [0 1 2 3 4 5 6 7 8 9])
2026-06-16 03:56:13,415 - debug - DEBUG - compute_metrics_and_record started for epoch 116
2026-06-16 03:56:13,415 - debug - DEBUG - all_preds length: 10000, all_targets length: 10000
2026-06-16 03:56:13,415 - debug - DEBUG - First 10 preds: [3, 8, 8, 8, 6, 6, 1, 6, 3, 1]
2026-06-16 03:56:13,416 - debug - DEBUG - First 10 targets: [3, 8, 8, 0, 6, 6, 1, 6, 3, 1]
2026-06-16 03:56:13,418 - debug - DEBUG - Unique predicted classes: 10 (first 10: [0 1 2 3 4 5 6 7 8 9])
2026-06-16 03:56:13,418 - debug - DEBUG - Unique target classes: 10 (first 10: [0 1 2 3 4 5 6 7 8 9])
2026-06-16 03:56:13,723 - debug - DEBUG - Device Check - Batch 0
2026-06-16 03:56:13,724 - debug - DEBUG -   Config GPU ID: 1
2026-06-16 03:56:13,724 - debug - DEBUG -   Input Device:  cuda:1
2026-06-16 03:56:13,724 - debug - DEBUG -   Target Device: cuda:1
2026-06-16 03:56:13,725 - debug - DEBUG -   Model Device:  cuda:1
2026-06-16 03:56:13,725 - debug - DEBUG -   Criterion Weight Device: No weights
2026-06-16 03:56:14,170 - debug - DEBUG - Batch 0 grad norm: 1.110324
2026-06-16 03:56:15,237 - debug - DEBUG - Batch 10 grad norm: 1.115978
2026-06-16 03:56:16,278 - debug - DEBUG - Batch 20 grad norm: 1.126135
2026-06-16 03:56:17,354 - debug - DEBUG - Batch 30 grad norm: 0.935265
2026-06-16 03:56:18,430 - debug - DEBUG - Batch 40 grad norm: 1.014777
2026-06-16 03:56:19,514 - debug - DEBUG - Batch 50 grad norm: 1.069114
2026-06-16 03:56:20,602 - debug - DEBUG - Batch 60 grad norm: 1.018409
2026-06-16 03:56:21,679 - debug - DEBUG - Batch 70 grad norm: 1.090593
2026-06-16 03:56:22,767 - debug - DEBUG - Batch 80 grad norm: 1.271687
2026-06-16 03:56:23,855 - debug - DEBUG - Batch 90 grad norm: 1.165858
2026-06-16 03:56:24,943 - debug - DEBUG - Batch 100 grad norm: 0.987664
2026-06-16 03:56:25,986 - debug - DEBUG - Batch 110 grad norm: 1.247390
2026-06-16 03:56:27,068 - debug - DEBUG - Batch 120 grad norm: 1.005315
2026-06-16 03:56:28,131 - debug - DEBUG - Batch 130 grad norm: 0.943798
2026-06-16 03:56:29,211 - debug - DEBUG - Batch 140 grad norm: 1.114210
2026-06-16 03:56:30,293 - debug - DEBUG - Batch 150 grad norm: 1.115318
2026-06-16 03:56:31,375 - debug - DEBUG - Batch 160 grad norm: 1.140383
2026-06-16 03:56:32,323 - debug - DEBUG - Batch 170 grad norm: 1.015586
2026-06-16 03:56:33,439 - debug - DEBUG - Batch 180 grad norm: 1.180193
2026-06-16 03:56:34,533 - debug - DEBUG - Batch 190 grad norm: 1.053827
2026-06-16 03:56:35,480 - debug - DEBUG - Batch 200 grad norm: 1.210881
2026-06-16 03:56:36,554 - debug - DEBUG - Batch 210 grad norm: 1.051132
2026-06-16 03:56:37,619 - debug - DEBUG - Batch 220 grad norm: 1.461601
2026-06-16 03:56:38,698 - debug - DEBUG - Batch 230 grad norm: 1.225264
2026-06-16 03:56:39,765 - debug - DEBUG - Batch 240 grad norm: 0.857804
2026-06-16 03:56:40,842 - debug - DEBUG - Batch 250 grad norm: 0.999758
2026-06-16 03:56:41,921 - debug - DEBUG - Batch 260 grad norm: 1.326976
2026-06-16 03:56:43,012 - debug - DEBUG - Batch 270 grad norm: 1.213348
2026-06-16 03:56:44,116 - debug - DEBUG - Batch 280 grad norm: 1.041449
2026-06-16 03:56:45,027 - debug - DEBUG - Batch 290 grad norm: 0.965358
2026-06-16 03:56:46,159 - debug - DEBUG - Batch 300 grad norm: 1.295021
2026-06-16 03:56:47,177 - debug - DEBUG - Batch 310 grad norm: 1.291086
2026-06-16 03:56:48,187 - debug - DEBUG - Batch 320 grad norm: 1.001125
2026-06-16 03:56:49,249 - debug - DEBUG - Batch 330 grad norm: 0.818000
2026-06-16 03:56:50,336 - debug - DEBUG - Batch 340 grad norm: 1.162132
2026-06-16 03:56:51,444 - debug - DEBUG - Batch 350 grad norm: 1.270836
2026-06-16 03:56:51,544 - debug - DEBUG - compute_metrics_and_record started for epoch 117
2026-06-16 03:56:51,544 - debug - DEBUG - all_preds length: 45000, all_targets length: 45000
2026-06-16 03:56:51,545 - debug - DEBUG - First 10 preds: [7, 6, 7, 5, 4, 9, 3, 4, 4, 9]
2026-06-16 03:56:51,545 - debug - DEBUG - First 10 targets: [7, 6, 7, 5, 4, 9, 3, 4, 4, 9]
2026-06-16 03:56:51,556 - debug - DEBUG - Unique predicted classes: 10 (first 10: [0 1 2 3 4 5 6 7 8 9])
2026-06-16 03:56:51,556 - debug - DEBUG - Unique target classes: 10 (first 10: [0 1 2 3 4 5 6 7 8 9])
2026-06-16 03:56:53,758 - debug - DEBUG - compute_metrics_and_record started for epoch 117
2026-06-16 03:56:53,758 - debug - DEBUG - all_preds length: 10000, all_targets length: 10000
2026-06-16 03:56:53,758 - debug - DEBUG - First 10 preds: [3, 8, 8, 0, 6, 6, 1, 6, 3, 9]
2026-06-16 03:56:53,758 - debug - DEBUG - First 10 targets: [3, 8, 8, 0, 6, 6, 1, 6, 3, 1]
2026-06-16 03:56:53,761 - debug - DEBUG - Unique predicted classes: 10 (first 10: [0 1 2 3 4 5 6 7 8 9])
2026-06-16 03:56:53,761 - debug - DEBUG - Unique target classes: 10 (first 10: [0 1 2 3 4 5 6 7 8 9])
2026-06-16 03:56:54,078 - debug - DEBUG - Device Check - Batch 0
2026-06-16 03:56:54,079 - debug - DEBUG -   Config GPU ID: 1
2026-06-16 03:56:54,079 - debug - DEBUG -   Input Device:  cuda:1
2026-06-16 03:56:54,079 - debug - DEBUG -   Target Device: cuda:1
2026-06-16 03:56:54,080 - debug - DEBUG -   Model Device:  cuda:1
2026-06-16 03:56:54,080 - debug - DEBUG -   Criterion Weight Device: No weights
2026-06-16 03:56:54,465 - debug - DEBUG - Batch 0 grad norm: 0.925897
2026-06-16 03:56:55,542 - debug - DEBUG - Batch 10 grad norm: 1.009381
2026-06-16 03:56:56,603 - debug - DEBUG - Batch 20 grad norm: 1.247695
2026-06-16 03:56:57,688 - debug - DEBUG - Batch 30 grad norm: 0.921136
2026-06-16 03:56:58,761 - debug - DEBUG - Batch 40 grad norm: 1.160907
2026-06-16 03:56:59,848 - debug - DEBUG - Batch 50 grad norm: 1.032580
2026-06-16 03:57:00,903 - debug - DEBUG - Batch 60 grad norm: 0.948363
2026-06-16 03:57:01,990 - debug - DEBUG - Batch 70 grad norm: 0.718246
2026-06-16 03:57:03,066 - debug - DEBUG - Batch 80 grad norm: 0.956648
2026-06-16 03:57:04,128 - debug - DEBUG - Batch 90 grad norm: 0.776952
2026-06-16 03:57:05,208 - debug - DEBUG - Batch 100 grad norm: 0.955009
2026-06-16 03:57:06,264 - debug - DEBUG - Batch 110 grad norm: 1.044138
2026-06-16 03:57:07,337 - debug - DEBUG - Batch 120 grad norm: 0.917873
2026-06-16 03:57:08,408 - debug - DEBUG - Batch 130 grad norm: 1.479382
2026-06-16 03:57:09,491 - debug - DEBUG - Batch 140 grad norm: 0.939283
2026-06-16 03:57:10,557 - debug - DEBUG - Batch 150 grad norm: 1.425443
2026-06-16 03:57:11,640 - debug - DEBUG - Batch 160 grad norm: 0.686191
2026-06-16 03:57:12,685 - debug - DEBUG - Batch 170 grad norm: 1.077305
2026-06-16 03:57:13,746 - debug - DEBUG - Batch 180 grad norm: 1.151066
2026-06-16 03:57:14,909 - debug - DEBUG - Batch 190 grad norm: 1.083246
2026-06-16 03:57:15,827 - debug - DEBUG - Batch 200 grad norm: 0.943311
2026-06-16 03:57:16,909 - debug - DEBUG - Batch 210 grad norm: 1.152352
2026-06-16 03:57:17,976 - debug - DEBUG - Batch 220 grad norm: 1.494555
2026-06-16 03:57:19,034 - debug - DEBUG - Batch 230 grad norm: 1.136932
2026-06-16 03:57:20,057 - debug - DEBUG - Batch 240 grad norm: 0.933706
2026-06-16 03:57:21,118 - debug - DEBUG - Batch 250 grad norm: 1.102729
2026-06-16 03:57:22,141 - debug - DEBUG - Batch 260 grad norm: 1.304282
2026-06-16 03:57:23,211 - debug - DEBUG - Batch 270 grad norm: 0.868459
2026-06-16 03:57:24,273 - debug - DEBUG - Batch 280 grad norm: 0.978563
2026-06-16 03:57:25,315 - debug - DEBUG - Batch 290 grad norm: 1.287230
2026-06-16 03:57:26,385 - debug - DEBUG - Batch 300 grad norm: 1.284745
2026-06-16 03:57:27,438 - debug - DEBUG - Batch 310 grad norm: 1.166772
2026-06-16 03:57:28,506 - debug - DEBUG - Batch 320 grad norm: 1.221850
2026-06-16 03:57:29,563 - debug - DEBUG - Batch 330 grad norm: 1.281776
2026-06-16 03:57:30,637 - debug - DEBUG - Batch 340 grad norm: 0.870594
2026-06-16 03:57:31,690 - debug - DEBUG - Batch 350 grad norm: 0.908253
2026-06-16 03:57:31,788 - debug - DEBUG - compute_metrics_and_record started for epoch 118
2026-06-16 03:57:31,788 - debug - DEBUG - all_preds length: 45000, all_targets length: 45000
2026-06-16 03:57:31,788 - debug - DEBUG - First 10 preds: [4, 3, 0, 9, 9, 0, 1, 9, 5, 6]
2026-06-16 03:57:31,788 - debug - DEBUG - First 10 targets: [4, 3, 0, 9, 9, 0, 1, 9, 5, 6]
2026-06-16 03:57:31,800 - debug - DEBUG - Unique predicted classes: 10 (first 10: [0 1 2 3 4 5 6 7 8 9])
2026-06-16 03:57:31,800 - debug - DEBUG - Unique target classes: 10 (first 10: [0 1 2 3 4 5 6 7 8 9])
2026-06-16 03:57:33,962 - debug - DEBUG - compute_metrics_and_record started for epoch 118
2026-06-16 03:57:33,963 - debug - DEBUG - all_preds length: 10000, all_targets length: 10000
2026-06-16 03:57:33,963 - debug - DEBUG - First 10 preds: [3, 8, 8, 0, 6, 6, 1, 2, 3, 1]
2026-06-16 03:57:33,963 - debug - DEBUG - First 10 targets: [3, 8, 8, 0, 6, 6, 1, 6, 3, 1]
2026-06-16 03:57:33,965 - debug - DEBUG - Unique predicted classes: 10 (first 10: [0 1 2 3 4 5 6 7 8 9])
2026-06-16 03:57:33,966 - debug - DEBUG - Unique target classes: 10 (first 10: [0 1 2 3 4 5 6 7 8 9])
2026-06-16 03:57:34,275 - debug - DEBUG - Device Check - Batch 0
2026-06-16 03:57:34,276 - debug - DEBUG -   Config GPU ID: 1
2026-06-16 03:57:34,276 - debug - DEBUG -   Input Device:  cuda:1
2026-06-16 03:57:34,276 - debug - DEBUG -   Target Device: cuda:1
2026-06-16 03:57:34,277 - debug - DEBUG -   Model Device:  cuda:1
2026-06-16 03:57:34,277 - debug - DEBUG -   Criterion Weight Device: No weights
2026-06-16 03:57:34,631 - debug - DEBUG - Batch 0 grad norm: 0.967268
2026-06-16 03:57:35,677 - debug - DEBUG - Batch 10 grad norm: 0.718522
2026-06-16 03:57:36,752 - debug - DEBUG - Batch 20 grad norm: 1.031190
2026-06-16 03:57:37,842 - debug - DEBUG - Batch 30 grad norm: 1.065668
2026-06-16 03:57:38,903 - debug - DEBUG - Batch 40 grad norm: 0.624538
2026-06-16 03:57:39,986 - debug - DEBUG - Batch 50 grad norm: 1.295137
2026-06-16 03:57:41,039 - debug - DEBUG - Batch 60 grad norm: 1.272602
2026-06-16 03:57:42,121 - debug - DEBUG - Batch 70 grad norm: 1.148655
2026-06-16 03:57:43,173 - debug - DEBUG - Batch 80 grad norm: 0.808922
2026-06-16 03:57:44,254 - debug - DEBUG - Batch 90 grad norm: 0.941904
2026-06-16 03:57:45,310 - debug - DEBUG - Batch 100 grad norm: 1.353693
2026-06-16 03:57:46,394 - debug - DEBUG - Batch 110 grad norm: 1.347963
2026-06-16 03:57:47,477 - debug - DEBUG - Batch 120 grad norm: 0.955519
2026-06-16 03:57:48,555 - debug - DEBUG - Batch 130 grad norm: 1.041980
2026-06-16 03:57:49,638 - debug - DEBUG - Batch 140 grad norm: 1.026512
2026-06-16 03:57:50,696 - debug - DEBUG - Batch 150 grad norm: 0.877974
2026-06-16 03:57:51,784 - debug - DEBUG - Batch 160 grad norm: 0.802412
2026-06-16 03:57:52,856 - debug - DEBUG - Batch 170 grad norm: 1.185809
2026-06-16 03:57:53,923 - debug - DEBUG - Batch 180 grad norm: 0.889870
2026-06-16 03:57:55,059 - debug - DEBUG - Batch 190 grad norm: 0.854857
2026-06-16 03:57:55,970 - debug - DEBUG - Batch 200 grad norm: 1.117935
2026-06-16 03:57:57,027 - debug - DEBUG - Batch 210 grad norm: 1.306156
2026-06-16 03:57:58,110 - debug - DEBUG - Batch 220 grad norm: 1.258059
2026-06-16 03:57:59,187 - debug - DEBUG - Batch 230 grad norm: 1.129073
2026-06-16 03:58:00,243 - debug - DEBUG - Batch 240 grad norm: 1.096906
2026-06-16 03:58:01,323 - debug - DEBUG - Batch 250 grad norm: 0.697554
2026-06-16 03:58:02,397 - debug - DEBUG - Batch 260 grad norm: 0.972466
2026-06-16 03:58:03,462 - debug - DEBUG - Batch 270 grad norm: 0.998647
2026-06-16 03:58:04,488 - debug - DEBUG - Batch 280 grad norm: 1.053345
2026-06-16 03:58:05,550 - debug - DEBUG - Batch 290 grad norm: 1.214524
2026-06-16 03:58:06,614 - debug - DEBUG - Batch 300 grad norm: 0.912555
2026-06-16 03:58:07,679 - debug - DEBUG - Batch 310 grad norm: 1.064597
2026-06-16 03:58:08,717 - debug - DEBUG - Batch 320 grad norm: 1.023627
2026-06-16 03:58:09,788 - debug - DEBUG - Batch 330 grad norm: 0.957300
2026-06-16 03:58:10,852 - debug - DEBUG - Batch 340 grad norm: 0.917895
2026-06-16 03:58:11,904 - debug - DEBUG - Batch 350 grad norm: 1.185211
2026-06-16 03:58:11,997 - debug - DEBUG - compute_metrics_and_record started for epoch 119
2026-06-16 03:58:11,997 - debug - DEBUG - all_preds length: 45000, all_targets length: 45000
2026-06-16 03:58:11,997 - debug - DEBUG - First 10 preds: [2, 2, 2, 1, 3, 5, 4, 2, 6, 1]
2026-06-16 03:58:11,997 - debug - DEBUG - First 10 targets: [2, 2, 2, 1, 3, 5, 2, 2, 6, 1]
2026-06-16 03:58:12,007 - debug - DEBUG - Unique predicted classes: 10 (first 10: [0 1 2 3 4 5 6 7 8 9])
2026-06-16 03:58:12,007 - debug - DEBUG - Unique target classes: 10 (first 10: [0 1 2 3 4 5 6 7 8 9])
2026-06-16 03:58:14,194 - debug - DEBUG - compute_metrics_and_record started for epoch 119
2026-06-16 03:58:14,194 - debug - DEBUG - all_preds length: 10000, all_targets length: 10000
2026-06-16 03:58:14,194 - debug - DEBUG - First 10 preds: [3, 8, 8, 8, 6, 6, 1, 6, 3, 9]
2026-06-16 03:58:14,194 - debug - DEBUG - First 10 targets: [3, 8, 8, 0, 6, 6, 1, 6, 3, 1]
2026-06-16 03:58:14,197 - debug - DEBUG - Unique predicted classes: 10 (first 10: [0 1 2 3 4 5 6 7 8 9])
2026-06-16 03:58:14,197 - debug - DEBUG - Unique target classes: 10 (first 10: [0 1 2 3 4 5 6 7 8 9])
2026-06-16 03:58:14,470 - debug - DEBUG - Device Check - Batch 0
2026-06-16 03:58:14,471 - debug - DEBUG -   Config GPU ID: 1
2026-06-16 03:58:14,471 - debug - DEBUG -   Input Device:  cuda:1
2026-06-16 03:58:14,471 - debug - DEBUG -   Target Device: cuda:1
2026-06-16 03:58:14,471 - debug - DEBUG -   Model Device:  cuda:1
2026-06-16 03:58:14,472 - debug - DEBUG -   Criterion Weight Device: No weights
2026-06-16 03:58:14,886 - debug - DEBUG - Batch 0 grad norm: 0.877353
2026-06-16 03:58:15,939 - debug - DEBUG - Batch 10 grad norm: 1.215127
2026-06-16 03:58:16,991 - debug - DEBUG - Batch 20 grad norm: 0.807500
2026-06-16 03:58:18,134 - debug - DEBUG - Batch 30 grad norm: 1.199650
2026-06-16 03:58:19,052 - debug - DEBUG - Batch 40 grad norm: 0.810221
2026-06-16 03:58:20,094 - debug - DEBUG - Batch 50 grad norm: 0.903735
2026-06-16 03:58:21,170 - debug - DEBUG - Batch 60 grad norm: 0.966482
2026-06-16 03:58:22,235 - debug - DEBUG - Batch 70 grad norm: 0.946911
2026-06-16 03:58:23,317 - debug - DEBUG - Batch 80 grad norm: 0.752367
2026-06-16 03:58:24,400 - debug - DEBUG - Batch 90 grad norm: 0.754328
2026-06-16 03:58:25,462 - debug - DEBUG - Batch 100 grad norm: 1.092904
2026-06-16 03:58:26,552 - debug - DEBUG - Batch 110 grad norm: 1.134138
2026-06-16 03:58:27,636 - debug - DEBUG - Batch 120 grad norm: 1.045052
2026-06-16 03:58:28,720 - debug - DEBUG - Batch 130 grad norm: 0.863263
2026-06-16 03:58:29,777 - debug - DEBUG - Batch 140 grad norm: 0.919439
2026-06-16 03:58:30,858 - debug - DEBUG - Batch 150 grad norm: 1.023113
2026-06-16 03:58:31,915 - debug - DEBUG - Batch 160 grad norm: 1.042854
2026-06-16 03:58:32,997 - debug - DEBUG - Batch 170 grad norm: 1.167009
2026-06-16 03:58:34,049 - debug - DEBUG - Batch 180 grad norm: 1.176335
2026-06-16 03:58:35,203 - debug - DEBUG - Batch 190 grad norm: 1.453067
2026-06-16 03:58:36,124 - debug - DEBUG - Batch 200 grad norm: 0.991866
2026-06-16 03:58:37,178 - debug - DEBUG - Batch 210 grad norm: 0.810014
2026-06-16 03:58:38,256 - debug - DEBUG - Batch 220 grad norm: 1.189367
2026-06-16 03:58:39,336 - debug - DEBUG - Batch 230 grad norm: 1.324485
2026-06-16 03:58:40,408 - debug - DEBUG - Batch 240 grad norm: 1.020871
2026-06-16 03:58:41,481 - debug - DEBUG - Batch 250 grad norm: 1.158270
2026-06-16 03:58:42,490 - debug - DEBUG - Batch 260 grad norm: 1.057213
2026-06-16 03:58:43,544 - debug - DEBUG - Batch 270 grad norm: 1.091144
2026-06-16 03:58:44,619 - debug - DEBUG - Batch 280 grad norm: 1.076441
2026-06-16 03:58:45,618 - debug - DEBUG - Batch 290 grad norm: 1.191375
2026-06-16 03:58:46,692 - debug - DEBUG - Batch 300 grad norm: 1.058090
2026-06-16 03:58:47,719 - debug - DEBUG - Batch 310 grad norm: 1.344031
2026-06-16 03:58:48,778 - debug - DEBUG - Batch 320 grad norm: 1.422692
2026-06-16 03:58:49,796 - debug - DEBUG - Batch 330 grad norm: 1.023932
2026-06-16 03:58:50,833 - debug - DEBUG - Batch 340 grad norm: 1.178680
2026-06-16 03:58:51,872 - debug - DEBUG - Batch 350 grad norm: 1.108370
2026-06-16 03:58:51,983 - debug - DEBUG - compute_metrics_and_record started for epoch 120
2026-06-16 03:58:51,984 - debug - DEBUG - all_preds length: 45000, all_targets length: 45000
2026-06-16 03:58:51,984 - debug - DEBUG - First 10 preds: [6, 0, 9, 0, 1, 4, 4, 9, 3, 3]
2026-06-16 03:58:51,984 - debug - DEBUG - First 10 targets: [6, 0, 9, 0, 1, 4, 4, 0, 3, 3]
2026-06-16 03:58:52,002 - debug - DEBUG - Unique predicted classes: 10 (first 10: [0 1 2 3 4 5 6 7 8 9])
2026-06-16 03:58:52,003 - debug - DEBUG - Unique target classes: 10 (first 10: [0 1 2 3 4 5 6 7 8 9])
2026-06-16 03:58:54,410 - debug - DEBUG - compute_metrics_and_record started for epoch 120
2026-06-16 03:58:54,410 - debug - DEBUG - all_preds length: 10000, all_targets length: 10000
2026-06-16 03:58:54,410 - debug - DEBUG - First 10 preds: [3, 8, 8, 8, 6, 6, 1, 6, 3, 9]
2026-06-16 03:58:54,410 - debug - DEBUG - First 10 targets: [3, 8, 8, 0, 6, 6, 1, 6, 3, 1]
2026-06-16 03:58:54,413 - debug - DEBUG - Unique predicted classes: 10 (first 10: [0 1 2 3 4 5 6 7 8 9])
2026-06-16 03:58:54,413 - debug - DEBUG - Unique target classes: 10 (first 10: [0 1 2 3 4 5 6 7 8 9])
2026-06-16 03:58:54,701 - debug - DEBUG - Device Check - Batch 0
2026-06-16 03:58:54,702 - debug - DEBUG -   Config GPU ID: 1
2026-06-16 03:58:54,702 - debug - DEBUG -   Input Device:  cuda:1
2026-06-16 03:58:54,702 - debug - DEBUG -   Target Device: cuda:1
2026-06-16 03:58:54,702 - debug - DEBUG -   Model Device:  cuda:1
2026-06-16 03:58:54,702 - debug - DEBUG -   Criterion Weight Device: No weights
2026-06-16 03:58:55,013 - debug - DEBUG - Batch 0 grad norm: 1.058958
2026-06-16 03:58:56,091 - debug - DEBUG - Batch 10 grad norm: 0.857381
2026-06-16 03:58:57,146 - debug - DEBUG - Batch 20 grad norm: 1.191553
2026-06-16 03:58:58,227 - debug - DEBUG - Batch 30 grad norm: 1.063724
2026-06-16 03:58:59,277 - debug - DEBUG - Batch 40 grad norm: 1.186982
2026-06-16 03:59:00,358 - debug - DEBUG - Batch 50 grad norm: 1.087842
2026-06-16 03:59:01,414 - debug - DEBUG - Batch 60 grad norm: 0.793649
2026-06-16 03:59:02,367 - debug - DEBUG - Batch 70 grad norm: 0.871258
2026-06-16 03:59:03,512 - debug - DEBUG - Batch 80 grad norm: 0.980846
2026-06-16 03:59:04,443 - debug - DEBUG - Batch 90 grad norm: 0.838989
2026-06-16 03:59:05,484 - debug - DEBUG - Batch 100 grad norm: 1.146274
2026-06-16 03:59:06,546 - debug - DEBUG - Batch 110 grad norm: 0.960320
2026-06-16 03:59:07,607 - debug - DEBUG - Batch 120 grad norm: 1.045206
2026-06-16 03:59:08,650 - debug - DEBUG - Batch 130 grad norm: 1.023511
2026-06-16 03:59:09,719 - debug - DEBUG - Batch 140 grad norm: 1.407978
2026-06-16 03:59:10,767 - debug - DEBUG - Batch 150 grad norm: 0.930281
2026-06-16 03:59:11,838 - debug - DEBUG - Batch 160 grad norm: 0.709325
2026-06-16 03:59:12,884 - debug - DEBUG - Batch 170 grad norm: 0.942258
2026-06-16 03:59:13,947 - debug - DEBUG - Batch 180 grad norm: 0.991422
2026-06-16 03:59:15,081 - debug - DEBUG - Batch 190 grad norm: 1.105963
2026-06-16 03:59:15,981 - debug - DEBUG - Batch 200 grad norm: 1.036795
2026-06-16 03:59:17,066 - debug - DEBUG - Batch 210 grad norm: 1.282513
2026-06-16 03:59:18,130 - debug - DEBUG - Batch 220 grad norm: 1.136708
2026-06-16 03:59:19,220 - debug - DEBUG - Batch 230 grad norm: 1.071666
2026-06-16 03:59:20,306 - debug - DEBUG - Batch 240 grad norm: 1.232514
2026-06-16 03:59:21,391 - debug - DEBUG - Batch 250 grad norm: 1.113382
2026-06-16 03:59:22,447 - debug - DEBUG - Batch 260 grad norm: 1.090201
2026-06-16 03:59:23,528 - debug - DEBUG - Batch 270 grad norm: 1.092874
2026-06-16 03:59:24,610 - debug - DEBUG - Batch 280 grad norm: 1.272179
2026-06-16 03:59:25,696 - debug - DEBUG - Batch 290 grad norm: 1.157035
2026-06-16 03:59:26,765 - debug - DEBUG - Batch 300 grad norm: 0.893216
2026-06-16 03:59:27,830 - debug - DEBUG - Batch 310 grad norm: 1.291155
2026-06-16 03:59:28,902 - debug - DEBUG - Batch 320 grad norm: 1.369535
2026-06-16 03:59:29,960 - debug - DEBUG - Batch 330 grad norm: 1.037504
2026-06-16 03:59:31,018 - debug - DEBUG - Batch 340 grad norm: 1.238763
2026-06-16 03:59:32,055 - debug - DEBUG - Batch 350 grad norm: 0.940185
2026-06-16 03:59:32,151 - debug - DEBUG - compute_metrics_and_record started for epoch 121
2026-06-16 03:59:32,152 - debug - DEBUG - all_preds length: 45000, all_targets length: 45000
2026-06-16 03:59:32,152 - debug - DEBUG - First 10 preds: [2, 9, 3, 2, 8, 5, 6, 1, 1, 1]
2026-06-16 03:59:32,152 - debug - DEBUG - First 10 targets: [2, 9, 3, 2, 8, 5, 6, 1, 1, 1]
2026-06-16 03:59:32,161 - debug - DEBUG - Unique predicted classes: 10 (first 10: [0 1 2 3 4 5 6 7 8 9])
2026-06-16 03:59:32,162 - debug - DEBUG - Unique target classes: 10 (first 10: [0 1 2 3 4 5 6 7 8 9])
2026-06-16 03:59:34,346 - debug - DEBUG - compute_metrics_and_record started for epoch 121
2026-06-16 03:59:34,347 - debug - DEBUG - all_preds length: 10000, all_targets length: 10000
2026-06-16 03:59:34,347 - debug - DEBUG - First 10 preds: [3, 8, 0, 0, 6, 6, 1, 0, 3, 9]
2026-06-16 03:59:34,347 - debug - DEBUG - First 10 targets: [3, 8, 8, 0, 6, 6, 1, 6, 3, 1]
2026-06-16 03:59:34,349 - debug - DEBUG - Unique predicted classes: 10 (first 10: [0 1 2 3 4 5 6 7 8 9])
2026-06-16 03:59:34,350 - debug - DEBUG - Unique target classes: 10 (first 10: [0 1 2 3 4 5 6 7 8 9])
2026-06-16 03:59:34,680 - debug - DEBUG - Device Check - Batch 0
2026-06-16 03:59:34,681 - debug - DEBUG -   Config GPU ID: 1
2026-06-16 03:59:34,681 - debug - DEBUG -   Input Device:  cuda:1
2026-06-16 03:59:34,681 - debug - DEBUG -   Target Device: cuda:1
2026-06-16 03:59:34,682 - debug - DEBUG -   Model Device:  cuda:1
2026-06-16 03:59:34,682 - debug - DEBUG -   Criterion Weight Device: No weights
2026-06-16 03:59:35,034 - debug - DEBUG - Batch 0 grad norm: 0.828015
2026-06-16 03:59:36,084 - debug - DEBUG - Batch 10 grad norm: 0.858102
2026-06-16 03:59:37,165 - debug - DEBUG - Batch 20 grad norm: 1.237572
2026-06-16 03:59:38,226 - debug - DEBUG - Batch 30 grad norm: 0.924891
2026-06-16 03:59:39,317 - debug - DEBUG - Batch 40 grad norm: 0.946112
2026-06-16 03:59:40,398 - debug - DEBUG - Batch 50 grad norm: 1.099127
2026-06-16 03:59:41,466 - debug - DEBUG - Batch 60 grad norm: 0.945194
2026-06-16 03:59:42,557 - debug - DEBUG - Batch 70 grad norm: 1.117497
2026-06-16 03:59:43,618 - debug - DEBUG - Batch 80 grad norm: 1.321685
2026-06-16 03:59:44,710 - debug - DEBUG - Batch 90 grad norm: 1.109780
2026-06-16 03:59:45,796 - debug - DEBUG - Batch 100 grad norm: 1.300101
2026-06-16 03:59:46,882 - debug - DEBUG - Batch 110 grad norm: 1.242074
2026-06-16 03:59:47,941 - debug - DEBUG - Batch 120 grad norm: 1.053393
2026-06-16 03:59:48,919 - debug - DEBUG - Batch 130 grad norm: 1.138343
2026-06-16 03:59:50,066 - debug - DEBUG - Batch 140 grad norm: 1.028548
2026-06-16 03:59:51,030 - debug - DEBUG - Batch 150 grad norm: 1.324229
2026-06-16 03:59:52,112 - debug - DEBUG - Batch 160 grad norm: 1.348963
2026-06-16 03:59:53,176 - debug - DEBUG - Batch 170 grad norm: 1.443336
2026-06-16 03:59:54,236 - debug - DEBUG - Batch 180 grad norm: 1.380039
2026-06-16 03:59:55,408 - debug - DEBUG - Batch 190 grad norm: 1.262582
2026-06-16 03:59:56,344 - debug - DEBUG - Batch 200 grad norm: 0.847976
2026-06-16 03:59:57,408 - debug - DEBUG - Batch 210 grad norm: 0.870230
2026-06-16 03:59:58,490 - debug - DEBUG - Batch 220 grad norm: 1.117884
2026-06-16 03:59:59,518 - debug - DEBUG - Batch 230 grad norm: 1.040300
2026-06-16 04:00:00,590 - debug - DEBUG - Batch 240 grad norm: 1.069943
2026-06-16 04:00:01,637 - debug - DEBUG - Batch 250 grad norm: 1.169734
2026-06-16 04:00:02,685 - debug - DEBUG - Batch 260 grad norm: 1.053984
2026-06-16 04:00:03,745 - debug - DEBUG - Batch 270 grad norm: 1.004697
2026-06-16 04:00:04,786 - debug - DEBUG - Batch 280 grad norm: 1.130390
2026-06-16 04:00:05,856 - debug - DEBUG - Batch 290 grad norm: 0.959059
2026-06-16 04:00:06,911 - debug - DEBUG - Batch 300 grad norm: 0.998260
2026-06-16 04:00:07,981 - debug - DEBUG - Batch 310 grad norm: 1.067079
2026-06-16 04:00:09,019 - debug - DEBUG - Batch 320 grad norm: 1.224293
2026-06-16 04:00:10,092 - debug - DEBUG - Batch 330 grad norm: 1.674228
2026-06-16 04:00:11,161 - debug - DEBUG - Batch 340 grad norm: 1.158653
2026-06-16 04:00:12,243 - debug - DEBUG - Batch 350 grad norm: 1.191253
2026-06-16 04:00:12,344 - debug - DEBUG - compute_metrics_and_record started for epoch 122
2026-06-16 04:00:12,345 - debug - DEBUG - all_preds length: 45000, all_targets length: 45000
2026-06-16 04:00:12,345 - debug - DEBUG - First 10 preds: [3, 6, 4, 2, 5, 9, 9, 1, 1, 6]
2026-06-16 04:00:12,345 - debug - DEBUG - First 10 targets: [3, 5, 4, 2, 5, 9, 9, 1, 9, 6]
2026-06-16 04:00:12,355 - debug - DEBUG - Unique predicted classes: 10 (first 10: [0 1 2 3 4 5 6 7 8 9])
2026-06-16 04:00:12,355 - debug - DEBUG - Unique target classes: 10 (first 10: [0 1 2 3 4 5 6 7 8 9])
2026-06-16 04:00:14,595 - debug - DEBUG - compute_metrics_and_record started for epoch 122
2026-06-16 04:00:14,595 - debug - DEBUG - all_preds length: 10000, all_targets length: 10000
2026-06-16 04:00:14,595 - debug - DEBUG - First 10 preds: [3, 8, 8, 8, 6, 6, 1, 6, 3, 1]
2026-06-16 04:00:14,595 - debug - DEBUG - First 10 targets: [3, 8, 8, 0, 6, 6, 1, 6, 3, 1]
2026-06-16 04:00:14,598 - debug - DEBUG - Unique predicted classes: 10 (first 10: [0 1 2 3 4 5 6 7 8 9])
2026-06-16 04:00:14,598 - debug - DEBUG - Unique target classes: 10 (first 10: [0 1 2 3 4 5 6 7 8 9])
2026-06-16 04:00:14,902 - debug - DEBUG - Device Check - Batch 0
2026-06-16 04:00:14,902 - debug - DEBUG -   Config GPU ID: 1
2026-06-16 04:00:14,903 - debug - DEBUG -   Input Device:  cuda:1
2026-06-16 04:00:14,903 - debug - DEBUG -   Target Device: cuda:1
2026-06-16 04:00:14,903 - debug - DEBUG -   Model Device:  cuda:1
2026-06-16 04:00:14,903 - debug - DEBUG -   Criterion Weight Device: No weights
2026-06-16 04:00:15,351 - debug - DEBUG - Batch 0 grad norm: 0.663142
2026-06-16 04:00:16,412 - debug - DEBUG - Batch 10 grad norm: 0.841482
2026-06-16 04:00:17,506 - debug - DEBUG - Batch 20 grad norm: 0.809972
2026-06-16 04:00:18,595 - debug - DEBUG - Batch 30 grad norm: 0.848612
2026-06-16 04:00:19,680 - debug - DEBUG - Batch 40 grad norm: 0.768504
2026-06-16 04:00:20,739 - debug - DEBUG - Batch 50 grad norm: 1.371889
2026-06-16 04:00:21,825 - debug - DEBUG - Batch 60 grad norm: 1.181866
2026-06-16 04:00:22,908 - debug - DEBUG - Batch 70 grad norm: 1.165971
2026-06-16 04:00:23,994 - debug - DEBUG - Batch 80 grad norm: 1.317987
2026-06-16 04:00:25,081 - debug - DEBUG - Batch 90 grad norm: 0.952413
2026-06-16 04:00:26,150 - debug - DEBUG - Batch 100 grad norm: 1.158920
2026-06-16 04:00:27,249 - debug - DEBUG - Batch 110 grad norm: 1.075540
2026-06-16 04:00:28,339 - debug - DEBUG - Batch 120 grad norm: 1.076406
2026-06-16 04:00:29,429 - debug - DEBUG - Batch 130 grad norm: 0.762157
2026-06-16 04:00:30,490 - debug - DEBUG - Batch 140 grad norm: 1.279288
2026-06-16 04:00:31,579 - debug - DEBUG - Batch 150 grad norm: 1.110270
2026-06-16 04:00:32,641 - debug - DEBUG - Batch 160 grad norm: 0.931835
2026-06-16 04:00:33,718 - debug - DEBUG - Batch 170 grad norm: 1.018482
2026-06-16 04:00:34,680 - debug - DEBUG - Batch 180 grad norm: 1.292760
2026-06-16 04:00:35,907 - debug - DEBUG - Batch 190 grad norm: 0.758612
2026-06-16 04:00:36,722 - debug - DEBUG - Batch 200 grad norm: 0.862708
2026-06-16 04:00:37,815 - debug - DEBUG - Batch 210 grad norm: 1.131974
2026-06-16 04:00:38,902 - debug - DEBUG - Batch 220 grad norm: 1.364127
2026-06-16 04:00:39,966 - debug - DEBUG - Batch 230 grad norm: 1.046359
2026-06-16 04:00:41,054 - debug - DEBUG - Batch 240 grad norm: 1.036832
2026-06-16 04:00:42,137 - debug - DEBUG - Batch 250 grad norm: 1.118069
2026-06-16 04:00:43,227 - debug - DEBUG - Batch 260 grad norm: 1.320188
2026-06-16 04:00:44,310 - debug - DEBUG - Batch 270 grad norm: 1.346173
2026-06-16 04:00:45,400 - debug - DEBUG - Batch 280 grad norm: 1.226704
2026-06-16 04:00:46,486 - debug - DEBUG - Batch 290 grad norm: 1.001314
2026-06-16 04:00:47,576 - debug - DEBUG - Batch 300 grad norm: 1.250417
2026-06-16 04:00:48,658 - debug - DEBUG - Batch 310 grad norm: 1.343798
2026-06-16 04:00:49,723 - debug - DEBUG - Batch 320 grad norm: 0.969829
2026-06-16 04:00:50,813 - debug - DEBUG - Batch 330 grad norm: 1.191856
2026-06-16 04:00:51,897 - debug - DEBUG - Batch 340 grad norm: 0.995474
2026-06-16 04:00:52,985 - debug - DEBUG - Batch 350 grad norm: 1.256409
2026-06-16 04:00:53,093 - debug - DEBUG - compute_metrics_and_record started for epoch 123
2026-06-16 04:00:53,093 - debug - DEBUG - all_preds length: 45000, all_targets length: 45000
2026-06-16 04:00:53,093 - debug - DEBUG - First 10 preds: [6, 8, 9, 1, 9, 8, 2, 5, 9, 0]
2026-06-16 04:00:53,093 - debug - DEBUG - First 10 targets: [6, 8, 9, 1, 1, 8, 2, 5, 9, 0]
2026-06-16 04:00:53,111 - debug - DEBUG - Unique predicted classes: 10 (first 10: [0 1 2 3 4 5 6 7 8 9])
2026-06-16 04:00:53,111 - debug - DEBUG - Unique target classes: 10 (first 10: [0 1 2 3 4 5 6 7 8 9])
2026-06-16 04:00:55,436 - debug - DEBUG - compute_metrics_and_record started for epoch 123
2026-06-16 04:00:55,437 - debug - DEBUG - all_preds length: 10000, all_targets length: 10000
2026-06-16 04:00:55,437 - debug - DEBUG - First 10 preds: [3, 8, 8, 8, 6, 6, 1, 6, 3, 1]
2026-06-16 04:00:55,437 - debug - DEBUG - First 10 targets: [3, 8, 8, 0, 6, 6, 1, 6, 3, 1]
2026-06-16 04:00:55,439 - debug - DEBUG - Unique predicted classes: 10 (first 10: [0 1 2 3 4 5 6 7 8 9])
2026-06-16 04:00:55,440 - debug - DEBUG - Unique target classes: 10 (first 10: [0 1 2 3 4 5 6 7 8 9])
2026-06-16 04:00:55,758 - debug - DEBUG - Device Check - Batch 0
2026-06-16 04:00:55,759 - debug - DEBUG -   Config GPU ID: 1
2026-06-16 04:00:55,759 - debug - DEBUG -   Input Device:  cuda:1
2026-06-16 04:00:55,759 - debug - DEBUG -   Target Device: cuda:1
2026-06-16 04:00:55,760 - debug - DEBUG -   Model Device:  cuda:1
2026-06-16 04:00:55,760 - debug - DEBUG -   Criterion Weight Device: No weights
2026-06-16 04:00:56,175 - debug - DEBUG - Batch 0 grad norm: 1.026460
2026-06-16 04:00:57,241 - debug - DEBUG - Batch 10 grad norm: 1.174178
2026-06-16 04:00:58,330 - debug - DEBUG - Batch 20 grad norm: 0.764329
2026-06-16 04:00:59,391 - debug - DEBUG - Batch 30 grad norm: 0.917717
2026-06-16 04:01:00,479 - debug - DEBUG - Batch 40 grad norm: 1.227886
2026-06-16 04:01:01,567 - debug - DEBUG - Batch 50 grad norm: 0.843323
2026-06-16 04:01:02,628 - debug - DEBUG - Batch 60 grad norm: 0.868116
2026-06-16 04:01:03,720 - debug - DEBUG - Batch 70 grad norm: 1.244360
2026-06-16 04:01:04,779 - debug - DEBUG - Batch 80 grad norm: 1.011542
2026-06-16 04:01:05,868 - debug - DEBUG - Batch 90 grad norm: 1.210665
2026-06-16 04:01:06,954 - debug - DEBUG - Batch 100 grad norm: 1.102510
2026-06-16 04:01:08,037 - debug - DEBUG - Batch 110 grad norm: 0.599735
2026-06-16 04:01:09,096 - debug - DEBUG - Batch 120 grad norm: 0.865936
2026-06-16 04:01:10,180 - debug - DEBUG - Batch 130 grad norm: 1.239965
2026-06-16 04:01:11,260 - debug - DEBUG - Batch 140 grad norm: 1.256159
2026-06-16 04:01:12,342 - debug - DEBUG - Batch 150 grad norm: 1.046292
2026-06-16 04:01:13,426 - debug - DEBUG - Batch 160 grad norm: 1.027064
2026-06-16 04:01:14,500 - debug - DEBUG - Batch 170 grad norm: 0.882210
2026-06-16 04:01:15,557 - debug - DEBUG - Batch 180 grad norm: 1.133597
2026-06-16 04:01:16,735 - debug - DEBUG - Batch 190 grad norm: 1.254134
2026-06-16 04:01:17,663 - debug - DEBUG - Batch 200 grad norm: 1.071180
2026-06-16 04:01:18,706 - debug - DEBUG - Batch 210 grad norm: 1.016354
2026-06-16 04:01:19,601 - debug - DEBUG - Batch 220 grad norm: 1.047510
2026-06-16 04:01:20,695 - debug - DEBUG - Batch 230 grad norm: 1.194697
2026-06-16 04:01:21,784 - debug - DEBUG - Batch 240 grad norm: 1.252684
2026-06-16 04:01:22,750 - debug - DEBUG - Batch 250 grad norm: 0.857701
2026-06-16 04:01:23,782 - debug - DEBUG - Batch 260 grad norm: 1.347005
2026-06-16 04:01:24,852 - debug - DEBUG - Batch 270 grad norm: 0.949092
2026-06-16 04:01:25,904 - debug - DEBUG - Batch 280 grad norm: 1.116009
2026-06-16 04:01:26,983 - debug - DEBUG - Batch 290 grad norm: 1.179628
2026-06-16 04:01:28,031 - debug - DEBUG - Batch 300 grad norm: 1.343719
2026-06-16 04:01:29,113 - debug - DEBUG - Batch 310 grad norm: 1.088581
2026-06-16 04:01:30,171 - debug - DEBUG - Batch 320 grad norm: 1.281301
2026-06-16 04:01:31,247 - debug - DEBUG - Batch 330 grad norm: 1.086565
2026-06-16 04:01:32,305 - debug - DEBUG - Batch 340 grad norm: 1.122657
2026-06-16 04:01:33,393 - debug - DEBUG - Batch 350 grad norm: 1.076070
2026-06-16 04:01:33,494 - debug - DEBUG - compute_metrics_and_record started for epoch 124
2026-06-16 04:01:33,495 - debug - DEBUG - all_preds length: 45000, all_targets length: 45000
2026-06-16 04:01:33,495 - debug - DEBUG - First 10 preds: [2, 3, 9, 4, 5, 6, 4, 6, 4, 9]
2026-06-16 04:01:33,495 - debug - DEBUG - First 10 targets: [2, 3, 9, 4, 5, 6, 4, 6, 4, 9]
2026-06-16 04:01:33,506 - debug - DEBUG - Unique predicted classes: 10 (first 10: [0 1 2 3 4 5 6 7 8 9])
2026-06-16 04:01:33,506 - debug - DEBUG - Unique target classes: 10 (first 10: [0 1 2 3 4 5 6 7 8 9])
2026-06-16 04:01:35,748 - debug - DEBUG - compute_metrics_and_record started for epoch 124
2026-06-16 04:01:35,748 - debug - DEBUG - all_preds length: 10000, all_targets length: 10000
2026-06-16 04:01:35,748 - debug - DEBUG - First 10 preds: [3, 8, 8, 8, 6, 6, 1, 6, 3, 1]
2026-06-16 04:01:35,748 - debug - DEBUG - First 10 targets: [3, 8, 8, 0, 6, 6, 1, 6, 3, 1]
2026-06-16 04:01:35,751 - debug - DEBUG - Unique predicted classes: 10 (first 10: [0 1 2 3 4 5 6 7 8 9])
2026-06-16 04:01:35,751 - debug - DEBUG - Unique target classes: 10 (first 10: [0 1 2 3 4 5 6 7 8 9])
2026-06-16 04:01:36,015 - debug - DEBUG - Device Check - Batch 0
2026-06-16 04:01:36,016 - debug - DEBUG -   Config GPU ID: 1
2026-06-16 04:01:36,016 - debug - DEBUG -   Input Device:  cuda:1
2026-06-16 04:01:36,016 - debug - DEBUG -   Target Device: cuda:1
2026-06-16 04:01:36,017 - debug - DEBUG -   Model Device:  cuda:1
2026-06-16 04:01:36,017 - debug - DEBUG -   Criterion Weight Device: No weights
2026-06-16 04:01:36,468 - debug - DEBUG - Batch 0 grad norm: 1.243964
2026-06-16 04:01:37,526 - debug - DEBUG - Batch 10 grad norm: 0.876137
2026-06-16 04:01:38,618 - debug - DEBUG - Batch 20 grad norm: 0.947183
2026-06-16 04:01:39,704 - debug - DEBUG - Batch 30 grad norm: 0.962724
2026-06-16 04:01:40,790 - debug - DEBUG - Batch 40 grad norm: 1.140719
2026-06-16 04:01:41,854 - debug - DEBUG - Batch 50 grad norm: 1.293338
2026-06-16 04:01:42,939 - debug - DEBUG - Batch 60 grad norm: 1.209242
2026-06-16 04:01:44,025 - debug - DEBUG - Batch 70 grad norm: 1.092330
2026-06-16 04:01:45,109 - debug - DEBUG - Batch 80 grad norm: 1.105963
2026-06-16 04:01:46,196 - debug - DEBUG - Batch 90 grad norm: 0.819989
2026-06-16 04:01:47,260 - debug - DEBUG - Batch 100 grad norm: 1.076449
2026-06-16 04:01:48,346 - debug - DEBUG - Batch 110 grad norm: 1.655487
2026-06-16 04:01:49,425 - debug - DEBUG - Batch 120 grad norm: 0.835747
2026-06-16 04:01:50,508 - debug - DEBUG - Batch 130 grad norm: 1.137572
2026-06-16 04:01:51,582 - debug - DEBUG - Batch 140 grad norm: 0.876034
2026-06-16 04:01:52,642 - debug - DEBUG - Batch 150 grad norm: 0.764396
2026-06-16 04:01:53,696 - debug - DEBUG - Batch 160 grad norm: 0.850770
2026-06-16 04:01:54,768 - debug - DEBUG - Batch 170 grad norm: 1.173358
2026-06-16 04:01:55,836 - debug - DEBUG - Batch 180 grad norm: 1.122271
2026-06-16 04:01:56,993 - debug - DEBUG - Batch 190 grad norm: 0.933853
2026-06-16 04:01:57,907 - debug - DEBUG - Batch 200 grad norm: 1.167861
2026-06-16 04:01:58,962 - debug - DEBUG - Batch 210 grad norm: 1.085024
2026-06-16 04:02:00,038 - debug - DEBUG - Batch 220 grad norm: 0.861792
2026-06-16 04:02:01,101 - debug - DEBUG - Batch 230 grad norm: 1.162508
2026-06-16 04:02:02,178 - debug - DEBUG - Batch 240 grad norm: 0.878633
2026-06-16 04:02:03,218 - debug - DEBUG - Batch 250 grad norm: 1.451548
2026-06-16 04:02:04,296 - debug - DEBUG - Batch 260 grad norm: 0.686993
2026-06-16 04:02:05,296 - debug - DEBUG - Batch 270 grad norm: 1.203844
2026-06-16 04:02:06,377 - debug - DEBUG - Batch 280 grad norm: 0.936423
2026-06-16 04:02:07,494 - debug - DEBUG - Batch 290 grad norm: 0.990364
2026-06-16 04:02:08,441 - debug - DEBUG - Batch 300 grad norm: 0.926059
2026-06-16 04:02:09,512 - debug - DEBUG - Batch 310 grad norm: 1.128693
2026-06-16 04:02:10,561 - debug - DEBUG - Batch 320 grad norm: 1.264573
2026-06-16 04:02:11,642 - debug - DEBUG - Batch 330 grad norm: 1.323484
2026-06-16 04:02:12,705 - debug - DEBUG - Batch 340 grad norm: 1.455884
2026-06-16 04:02:13,798 - debug - DEBUG - Batch 350 grad norm: 1.031602
2026-06-16 04:02:13,894 - debug - DEBUG - compute_metrics_and_record started for epoch 125
2026-06-16 04:02:13,894 - debug - DEBUG - all_preds length: 45000, all_targets length: 45000
2026-06-16 04:02:13,894 - debug - DEBUG - First 10 preds: [4, 5, 5, 6, 1, 9, 7, 3, 4, 3]
2026-06-16 04:02:13,894 - debug - DEBUG - First 10 targets: [4, 2, 5, 6, 1, 9, 7, 3, 4, 3]
2026-06-16 04:02:13,904 - debug - DEBUG - Unique predicted classes: 10 (first 10: [0 1 2 3 4 5 6 7 8 9])
2026-06-16 04:02:13,904 - debug - DEBUG - Unique target classes: 10 (first 10: [0 1 2 3 4 5 6 7 8 9])
2026-06-16 04:02:16,120 - debug - DEBUG - compute_metrics_and_record started for epoch 125
2026-06-16 04:02:16,121 - debug - DEBUG - all_preds length: 10000, all_targets length: 10000
2026-06-16 04:02:16,121 - debug - DEBUG - First 10 preds: [3, 8, 8, 0, 6, 6, 1, 2, 3, 1]
2026-06-16 04:02:16,121 - debug - DEBUG - First 10 targets: [3, 8, 8, 0, 6, 6, 1, 6, 3, 1]
2026-06-16 04:02:16,123 - debug - DEBUG - Unique predicted classes: 10 (first 10: [0 1 2 3 4 5 6 7 8 9])
2026-06-16 04:02:16,123 - debug - DEBUG - Unique target classes: 10 (first 10: [0 1 2 3 4 5 6 7 8 9])
2026-06-16 04:02:16,400 - debug - DEBUG - Device Check - Batch 0
2026-06-16 04:02:16,401 - debug - DEBUG -   Config GPU ID: 1
2026-06-16 04:02:16,401 - debug - DEBUG -   Input Device:  cuda:1
2026-06-16 04:02:16,401 - debug - DEBUG -   Target Device: cuda:1
2026-06-16 04:02:16,402 - debug - DEBUG -   Model Device:  cuda:1
2026-06-16 04:02:16,402 - debug - DEBUG -   Criterion Weight Device: No weights
2026-06-16 04:02:16,852 - debug - DEBUG - Batch 0 grad norm: 1.238410
2026-06-16 04:02:17,944 - debug - DEBUG - Batch 10 grad norm: 1.182602
2026-06-16 04:02:19,036 - debug - DEBUG - Batch 20 grad norm: 1.081802
2026-06-16 04:02:20,118 - debug - DEBUG - Batch 30 grad norm: 1.233634
2026-06-16 04:02:21,145 - debug - DEBUG - Batch 40 grad norm: 0.868636
2026-06-16 04:02:22,213 - debug - DEBUG - Batch 50 grad norm: 1.229635
2026-06-16 04:02:23,280 - debug - DEBUG - Batch 60 grad norm: 0.950397
2026-06-16 04:02:24,344 - debug - DEBUG - Batch 70 grad norm: 1.056091
2026-06-16 04:02:25,422 - debug - DEBUG - Batch 80 grad norm: 1.084378
2026-06-16 04:02:26,457 - debug - DEBUG - Batch 90 grad norm: 0.903316
2026-06-16 04:02:27,533 - debug - DEBUG - Batch 100 grad norm: 1.303659
2026-06-16 04:02:28,612 - debug - DEBUG - Batch 110 grad norm: 1.245086
2026-06-16 04:02:29,707 - debug - DEBUG - Batch 120 grad norm: 1.084759
2026-06-16 04:02:30,767 - debug - DEBUG - Batch 130 grad norm: 1.066320
2026-06-16 04:02:31,857 - debug - DEBUG - Batch 140 grad norm: 1.024286
2026-06-16 04:02:32,919 - debug - DEBUG - Batch 150 grad norm: 1.192011
2026-06-16 04:02:34,017 - debug - DEBUG - Batch 160 grad norm: 1.207680
2026-06-16 04:02:35,117 - debug - DEBUG - Batch 170 grad norm: 1.211271
2026-06-16 04:02:36,169 - debug - DEBUG - Batch 180 grad norm: 1.134754
2026-06-16 04:02:37,333 - debug - DEBUG - Batch 190 grad norm: 1.068912
2026-06-16 04:02:38,262 - debug - DEBUG - Batch 200 grad norm: 1.263852
2026-06-16 04:02:39,367 - debug - DEBUG - Batch 210 grad norm: 1.019699
2026-06-16 04:02:40,449 - debug - DEBUG - Batch 220 grad norm: 1.223386
2026-06-16 04:02:41,511 - debug - DEBUG - Batch 230 grad norm: 1.323951
2026-06-16 04:02:42,564 - debug - DEBUG - Batch 240 grad norm: 1.484930
2026-06-16 04:02:43,630 - debug - DEBUG - Batch 250 grad norm: 1.358205
2026-06-16 04:02:44,700 - debug - DEBUG - Batch 260 grad norm: 0.848618
2026-06-16 04:02:45,769 - debug - DEBUG - Batch 270 grad norm: 1.086952
2026-06-16 04:02:46,813 - debug - DEBUG - Batch 280 grad norm: 0.964493
2026-06-16 04:02:47,884 - debug - DEBUG - Batch 290 grad norm: 1.186104
2026-06-16 04:02:48,958 - debug - DEBUG - Batch 300 grad norm: 0.823452
2026-06-16 04:02:50,038 - debug - DEBUG - Batch 310 grad norm: 1.033625
2026-06-16 04:02:51,134 - debug - DEBUG - Batch 320 grad norm: 0.993457
2026-06-16 04:02:52,199 - debug - DEBUG - Batch 330 grad norm: 1.168056
2026-06-16 04:02:53,265 - debug - DEBUG - Batch 340 grad norm: 1.123765
2026-06-16 04:02:54,411 - debug - DEBUG - Batch 350 grad norm: 1.184760
2026-06-16 04:02:54,511 - debug - DEBUG - compute_metrics_and_record started for epoch 126
2026-06-16 04:02:54,512 - debug - DEBUG - all_preds length: 45000, all_targets length: 45000
2026-06-16 04:02:54,512 - debug - DEBUG - First 10 preds: [1, 8, 4, 4, 2, 9, 1, 3, 5, 1]
2026-06-16 04:02:54,512 - debug - DEBUG - First 10 targets: [1, 8, 4, 4, 2, 9, 1, 0, 7, 1]
2026-06-16 04:02:54,523 - debug - DEBUG - Unique predicted classes: 10 (first 10: [0 1 2 3 4 5 6 7 8 9])
2026-06-16 04:02:54,524 - debug - DEBUG - Unique target classes: 10 (first 10: [0 1 2 3 4 5 6 7 8 9])
2026-06-16 04:02:57,265 - debug - DEBUG - compute_metrics_and_record started for epoch 126
2026-06-16 04:02:57,266 - debug - DEBUG - all_preds length: 10000, all_targets length: 10000
2026-06-16 04:02:57,266 - debug - DEBUG - First 10 preds: [3, 8, 8, 0, 6, 6, 1, 6, 3, 1]
2026-06-16 04:02:57,266 - debug - DEBUG - First 10 targets: [3, 8, 8, 0, 6, 6, 1, 6, 3, 1]
2026-06-16 04:02:57,269 - debug - DEBUG - Unique predicted classes: 10 (first 10: [0 1 2 3 4 5 6 7 8 9])
2026-06-16 04:02:57,269 - debug - DEBUG - Unique target classes: 10 (first 10: [0 1 2 3 4 5 6 7 8 9])
2026-06-16 04:02:57,532 - debug - DEBUG - Device Check - Batch 0
2026-06-16 04:02:57,533 - debug - DEBUG -   Config GPU ID: 1
2026-06-16 04:02:57,533 - debug - DEBUG -   Input Device:  cuda:1
2026-06-16 04:02:57,534 - debug - DEBUG -   Target Device: cuda:1
2026-06-16 04:02:57,534 - debug - DEBUG -   Model Device:  cuda:1
2026-06-16 04:02:57,534 - debug - DEBUG -   Criterion Weight Device: No weights
2026-06-16 04:02:58,114 - debug - DEBUG - Batch 0 grad norm: 0.984813
2026-06-16 04:02:59,226 - debug - DEBUG - Batch 10 grad norm: 1.141178
2026-06-16 04:03:00,325 - debug - DEBUG - Batch 20 grad norm: 0.960856
2026-06-16 04:03:01,429 - debug - DEBUG - Batch 30 grad norm: 1.244123
2026-06-16 04:03:02,501 - debug - DEBUG - Batch 40 grad norm: 1.047071
2026-06-16 04:03:03,568 - debug - DEBUG - Batch 50 grad norm: 1.105422
2026-06-16 04:03:04,621 - debug - DEBUG - Batch 60 grad norm: 1.224845
2026-06-16 04:03:05,696 - debug - DEBUG - Batch 70 grad norm: 0.746962
2026-06-16 04:03:06,771 - debug - DEBUG - Batch 80 grad norm: 1.078315
2026-06-16 04:03:07,840 - debug - DEBUG - Batch 90 grad norm: 0.836235
2026-06-16 04:03:08,915 - debug - DEBUG - Batch 100 grad norm: 1.182479
2026-06-16 04:03:09,980 - debug - DEBUG - Batch 110 grad norm: 1.042466
2026-06-16 04:03:11,068 - debug - DEBUG - Batch 120 grad norm: 0.999396
2026-06-16 04:03:12,158 - debug - DEBUG - Batch 130 grad norm: 1.107617
2026-06-16 04:03:13,254 - debug - DEBUG - Batch 140 grad norm: 1.086271
2026-06-16 04:03:14,338 - debug - DEBUG - Batch 150 grad norm: 1.105117
2026-06-16 04:03:15,435 - debug - DEBUG - Batch 160 grad norm: 1.461715
2026-06-16 04:03:16,316 - debug - DEBUG - Batch 170 grad norm: 0.951391
2026-06-16 04:03:17,457 - debug - DEBUG - Batch 180 grad norm: 0.997158
2026-06-16 04:03:18,544 - debug - DEBUG - Batch 190 grad norm: 0.936364
2026-06-16 04:03:19,541 - debug - DEBUG - Batch 200 grad norm: 1.015762
2026-06-16 04:03:20,640 - debug - DEBUG - Batch 210 grad norm: 1.092630
2026-06-16 04:03:21,739 - debug - DEBUG - Batch 220 grad norm: 1.250035
2026-06-16 04:03:22,830 - debug - DEBUG - Batch 230 grad norm: 0.931822
2026-06-16 04:03:23,923 - debug - DEBUG - Batch 240 grad norm: 0.943230
2026-06-16 04:03:25,016 - debug - DEBUG - Batch 250 grad norm: 1.056199
2026-06-16 04:03:26,131 - debug - DEBUG - Batch 260 grad norm: 1.046311
2026-06-16 04:03:27,240 - debug - DEBUG - Batch 270 grad norm: 0.828673
2026-06-16 04:03:28,391 - debug - DEBUG - Batch 280 grad norm: 0.817910
2026-06-16 04:03:29,538 - debug - DEBUG - Batch 290 grad norm: 1.269494
2026-06-16 04:03:30,644 - debug - DEBUG - Batch 300 grad norm: 1.313252
2026-06-16 04:03:31,761 - debug - DEBUG - Batch 310 grad norm: 0.959925
2026-06-16 04:03:32,921 - debug - DEBUG - Batch 320 grad norm: 1.225249
2026-06-16 04:03:34,026 - debug - DEBUG - Batch 330 grad norm: 0.978118
2026-06-16 04:03:35,119 - debug - DEBUG - Batch 340 grad norm: 0.902138
2026-06-16 04:03:36,213 - debug - DEBUG - Batch 350 grad norm: 0.479841
2026-06-16 04:03:36,306 - debug - DEBUG - compute_metrics_and_record started for epoch 127
2026-06-16 04:03:36,307 - debug - DEBUG - all_preds length: 45000, all_targets length: 45000
2026-06-16 04:03:36,307 - debug - DEBUG - First 10 preds: [2, 5, 1, 1, 8, 2, 6, 4, 8, 6]
2026-06-16 04:03:36,307 - debug - DEBUG - First 10 targets: [2, 2, 1, 1, 8, 2, 6, 4, 8, 3]
2026-06-16 04:03:36,318 - debug - DEBUG - Unique predicted classes: 10 (first 10: [0 1 2 3 4 5 6 7 8 9])
2026-06-16 04:03:36,318 - debug - DEBUG - Unique target classes: 10 (first 10: [0 1 2 3 4 5 6 7 8 9])
2026-06-16 04:03:38,689 - debug - DEBUG - compute_metrics_and_record started for epoch 127
2026-06-16 04:03:38,690 - debug - DEBUG - all_preds length: 10000, all_targets length: 10000
2026-06-16 04:03:38,690 - debug - DEBUG - First 10 preds: [3, 8, 8, 9, 6, 6, 1, 6, 3, 1]
2026-06-16 04:03:38,690 - debug - DEBUG - First 10 targets: [3, 8, 8, 0, 6, 6, 1, 6, 3, 1]
2026-06-16 04:03:38,692 - debug - DEBUG - Unique predicted classes: 10 (first 10: [0 1 2 3 4 5 6 7 8 9])
2026-06-16 04:03:38,692 - debug - DEBUG - Unique target classes: 10 (first 10: [0 1 2 3 4 5 6 7 8 9])
2026-06-16 04:03:38,956 - debug - DEBUG - Device Check - Batch 0
2026-06-16 04:03:38,957 - debug - DEBUG -   Config GPU ID: 1
2026-06-16 04:03:38,957 - debug - DEBUG -   Input Device:  cuda:1
2026-06-16 04:03:38,957 - debug - DEBUG -   Target Device: cuda:1
2026-06-16 04:03:38,957 - debug - DEBUG -   Model Device:  cuda:1
2026-06-16 04:03:38,958 - debug - DEBUG -   Criterion Weight Device: No weights
2026-06-16 04:03:39,313 - debug - DEBUG - Batch 0 grad norm: 0.767057
2026-06-16 04:03:40,459 - debug - DEBUG - Batch 10 grad norm: 0.938772
2026-06-16 04:03:41,519 - debug - DEBUG - Batch 20 grad norm: 1.053299
2026-06-16 04:03:42,466 - debug - DEBUG - Batch 30 grad norm: 1.028680
2026-06-16 04:03:43,517 - debug - DEBUG - Batch 40 grad norm: 0.882764
2026-06-16 04:03:44,604 - debug - DEBUG - Batch 50 grad norm: 0.934706
2026-06-16 04:03:45,691 - debug - DEBUG - Batch 60 grad norm: 0.886223
2026-06-16 04:03:46,797 - debug - DEBUG - Batch 70 grad norm: 0.709516
2026-06-16 04:03:47,877 - debug - DEBUG - Batch 80 grad norm: 1.139433
2026-06-16 04:03:48,979 - debug - DEBUG - Batch 90 grad norm: 0.905128
2026-06-16 04:03:50,048 - debug - DEBUG - Batch 100 grad norm: 0.995058
2026-06-16 04:03:51,149 - debug - DEBUG - Batch 110 grad norm: 1.130028
2026-06-16 04:03:52,212 - debug - DEBUG - Batch 120 grad norm: 1.201173
2026-06-16 04:03:53,317 - debug - DEBUG - Batch 130 grad norm: 1.348643
2026-06-16 04:03:54,421 - debug - DEBUG - Batch 140 grad norm: 1.057874
2026-06-16 04:03:55,526 - debug - DEBUG - Batch 150 grad norm: 0.845715
2026-06-16 04:03:56,638 - debug - DEBUG - Batch 160 grad norm: 0.841149
2026-06-16 04:03:57,706 - debug - DEBUG - Batch 170 grad norm: 1.349793
2026-06-16 04:03:58,894 - debug - DEBUG - Batch 180 grad norm: 0.950005
2026-06-16 04:03:59,837 - debug - DEBUG - Batch 190 grad norm: 0.941345
2026-06-16 04:04:00,919 - debug - DEBUG - Batch 200 grad norm: 1.107886
2026-06-16 04:04:01,986 - debug - DEBUG - Batch 210 grad norm: 1.016597
2026-06-16 04:04:03,058 - debug - DEBUG - Batch 220 grad norm: 0.913996
2026-06-16 04:04:04,128 - debug - DEBUG - Batch 230 grad norm: 0.987320
2026-06-16 04:04:05,202 - debug - DEBUG - Batch 240 grad norm: 0.879715
2026-06-16 04:04:06,244 - debug - DEBUG - Batch 250 grad norm: 1.135650
2026-06-16 04:04:07,325 - debug - DEBUG - Batch 260 grad norm: 0.909888
2026-06-16 04:04:08,377 - debug - DEBUG - Batch 270 grad norm: 1.425792
2026-06-16 04:04:09,472 - debug - DEBUG - Batch 280 grad norm: 1.164083
2026-06-16 04:04:10,537 - debug - DEBUG - Batch 290 grad norm: 1.254877
2026-06-16 04:04:11,649 - debug - DEBUG - Batch 300 grad norm: 1.309252
2026-06-16 04:04:12,754 - debug - DEBUG - Batch 310 grad norm: 0.823981
2026-06-16 04:04:13,854 - debug - DEBUG - Batch 320 grad norm: 1.143097
2026-06-16 04:04:14,968 - debug - DEBUG - Batch 330 grad norm: 1.141097
2026-06-16 04:04:16,040 - debug - DEBUG - Batch 340 grad norm: 0.948341
2026-06-16 04:04:17,149 - debug - DEBUG - Batch 350 grad norm: 1.158753
2026-06-16 04:04:17,242 - debug - DEBUG - compute_metrics_and_record started for epoch 128
2026-06-16 04:04:17,243 - debug - DEBUG - all_preds length: 45000, all_targets length: 45000
2026-06-16 04:04:17,243 - debug - DEBUG - First 10 preds: [2, 3, 0, 4, 6, 7, 3, 1, 0, 6]
2026-06-16 04:04:17,243 - debug - DEBUG - First 10 targets: [2, 3, 0, 4, 6, 7, 3, 9, 0, 6]
2026-06-16 04:04:17,254 - debug - DEBUG - Unique predicted classes: 10 (first 10: [0 1 2 3 4 5 6 7 8 9])
2026-06-16 04:04:17,254 - debug - DEBUG - Unique target classes: 10 (first 10: [0 1 2 3 4 5 6 7 8 9])
2026-06-16 04:04:19,544 - debug - DEBUG - compute_metrics_and_record started for epoch 128
2026-06-16 04:04:19,544 - debug - DEBUG - all_preds length: 10000, all_targets length: 10000
2026-06-16 04:04:19,544 - debug - DEBUG - First 10 preds: [3, 8, 8, 8, 6, 6, 1, 4, 3, 1]
2026-06-16 04:04:19,544 - debug - DEBUG - First 10 targets: [3, 8, 8, 0, 6, 6, 1, 6, 3, 1]
2026-06-16 04:04:19,546 - debug - DEBUG - Unique predicted classes: 10 (first 10: [0 1 2 3 4 5 6 7 8 9])
2026-06-16 04:04:19,547 - debug - DEBUG - Unique target classes: 10 (first 10: [0 1 2 3 4 5 6 7 8 9])
2026-06-16 04:04:19,803 - debug - DEBUG - Device Check - Batch 0
2026-06-16 04:04:19,803 - debug - DEBUG -   Config GPU ID: 1
2026-06-16 04:04:19,803 - debug - DEBUG -   Input Device:  cuda:1
2026-06-16 04:04:19,804 - debug - DEBUG -   Target Device: cuda:1
2026-06-16 04:04:19,804 - debug - DEBUG -   Model Device:  cuda:1
2026-06-16 04:04:19,804 - debug - DEBUG -   Criterion Weight Device: No weights
2026-06-16 04:04:20,301 - debug - DEBUG - Batch 0 grad norm: 1.069970
2026-06-16 04:04:21,359 - debug - DEBUG - Batch 10 grad norm: 1.103336
2026-06-16 04:04:22,430 - debug - DEBUG - Batch 20 grad norm: 0.955375
2026-06-16 04:04:23,500 - debug - DEBUG - Batch 30 grad norm: 1.286904
2026-06-16 04:04:24,554 - debug - DEBUG - Batch 40 grad norm: 1.479832
2026-06-16 04:04:25,631 - debug - DEBUG - Batch 50 grad norm: 1.145187
2026-06-16 04:04:26,632 - debug - DEBUG - Batch 60 grad norm: 0.994565
2026-06-16 04:04:27,724 - debug - DEBUG - Batch 70 grad norm: 0.988174
2026-06-16 04:04:28,861 - debug - DEBUG - Batch 80 grad norm: 1.044407
2026-06-16 04:04:29,797 - debug - DEBUG - Batch 90 grad norm: 1.295571
2026-06-16 04:04:30,889 - debug - DEBUG - Batch 100 grad norm: 1.078299
2026-06-16 04:04:31,949 - debug - DEBUG - Batch 110 grad norm: 1.348323
2026-06-16 04:04:33,061 - debug - DEBUG - Batch 120 grad norm: 0.677148
2026-06-16 04:04:34,130 - debug - DEBUG - Batch 130 grad norm: 1.011587
2026-06-16 04:04:35,245 - debug - DEBUG - Batch 140 grad norm: 1.092843
2026-06-16 04:04:36,341 - debug - DEBUG - Batch 150 grad norm: 1.273666
2026-06-16 04:04:37,450 - debug - DEBUG - Batch 160 grad norm: 0.983525
2026-06-16 04:04:38,520 - debug - DEBUG - Batch 170 grad norm: 1.111007
2026-06-16 04:04:39,697 - debug - DEBUG - Batch 180 grad norm: 1.079957
2026-06-16 04:04:40,665 - debug - DEBUG - Batch 190 grad norm: 1.258785
2026-06-16 04:04:41,783 - debug - DEBUG - Batch 200 grad norm: 1.237501
2026-06-16 04:04:42,901 - debug - DEBUG - Batch 210 grad norm: 1.197124
2026-06-16 04:04:43,987 - debug - DEBUG - Batch 220 grad norm: 1.132780
2026-06-16 04:04:45,076 - debug - DEBUG - Batch 230 grad norm: 1.155737
2026-06-16 04:04:46,172 - debug - DEBUG - Batch 240 grad norm: 0.955819
2026-06-16 04:04:47,256 - debug - DEBUG - Batch 250 grad norm: 1.258197
2026-06-16 04:04:48,321 - debug - DEBUG - Batch 260 grad norm: 1.035281
2026-06-16 04:04:49,408 - debug - DEBUG - Batch 270 grad norm: 1.113504
2026-06-16 04:04:50,468 - debug - DEBUG - Batch 280 grad norm: 1.127431
2026-06-16 04:04:51,601 - debug - DEBUG - Batch 290 grad norm: 0.947201
2026-06-16 04:04:52,673 - debug - DEBUG - Batch 300 grad norm: 0.738494
2026-06-16 04:04:53,771 - debug - DEBUG - Batch 310 grad norm: 1.067375
2026-06-16 04:04:54,835 - debug - DEBUG - Batch 320 grad norm: 1.381904
2026-06-16 04:04:55,909 - debug - DEBUG - Batch 330 grad norm: 1.086950
2026-06-16 04:04:56,959 - debug - DEBUG - Batch 340 grad norm: 1.594190
2026-06-16 04:04:58,051 - debug - DEBUG - Batch 350 grad norm: 1.069505
2026-06-16 04:04:58,142 - debug - DEBUG - compute_metrics_and_record started for epoch 129
2026-06-16 04:04:58,142 - debug - DEBUG - all_preds length: 45000, all_targets length: 45000
2026-06-16 04:04:58,142 - debug - DEBUG - First 10 preds: [9, 9, 6, 3, 8, 9, 9, 6, 4, 7]
2026-06-16 04:04:58,142 - debug - DEBUG - First 10 targets: [9, 9, 6, 3, 8, 9, 9, 6, 4, 7]
2026-06-16 04:04:58,152 - debug - DEBUG - Unique predicted classes: 10 (first 10: [0 1 2 3 4 5 6 7 8 9])
2026-06-16 04:04:58,152 - debug - DEBUG - Unique target classes: 10 (first 10: [0 1 2 3 4 5 6 7 8 9])
2026-06-16 04:05:00,357 - debug - DEBUG - compute_metrics_and_record started for epoch 129
2026-06-16 04:05:00,358 - debug - DEBUG - all_preds length: 10000, all_targets length: 10000
2026-06-16 04:05:00,358 - debug - DEBUG - First 10 preds: [3, 8, 8, 0, 6, 6, 1, 4, 3, 1]
2026-06-16 04:05:00,358 - debug - DEBUG - First 10 targets: [3, 8, 8, 0, 6, 6, 1, 6, 3, 1]
2026-06-16 04:05:00,360 - debug - DEBUG - Unique predicted classes: 10 (first 10: [0 1 2 3 4 5 6 7 8 9])
2026-06-16 04:05:00,360 - debug - DEBUG - Unique target classes: 10 (first 10: [0 1 2 3 4 5 6 7 8 9])
2026-06-16 04:05:00,682 - debug - DEBUG - Device Check - Batch 0
2026-06-16 04:05:00,683 - debug - DEBUG -   Config GPU ID: 1
2026-06-16 04:05:00,683 - debug - DEBUG -   Input Device:  cuda:1
2026-06-16 04:05:00,683 - debug - DEBUG -   Target Device: cuda:1
2026-06-16 04:05:00,683 - debug - DEBUG -   Model Device:  cuda:1
2026-06-16 04:05:00,683 - debug - DEBUG -   Criterion Weight Device: No weights
2026-06-16 04:05:01,088 - debug - DEBUG - Batch 0 grad norm: 1.217234
2026-06-16 04:05:02,183 - debug - DEBUG - Batch 10 grad norm: 0.699722
2026-06-16 04:05:03,295 - debug - DEBUG - Batch 20 grad norm: 0.773151
2026-06-16 04:05:04,381 - debug - DEBUG - Batch 30 grad norm: 1.021774
2026-06-16 04:05:05,471 - debug - DEBUG - Batch 40 grad norm: 0.989608
2026-06-16 04:05:06,527 - debug - DEBUG - Batch 50 grad norm: 1.316869
2026-06-16 04:05:07,603 - debug - DEBUG - Batch 60 grad norm: 0.906470
2026-06-16 04:05:08,657 - debug - DEBUG - Batch 70 grad norm: 0.911127
2026-06-16 04:05:09,735 - debug - DEBUG - Batch 80 grad norm: 1.304334
2026-06-16 04:05:10,793 - debug - DEBUG - Batch 90 grad norm: 0.992007
2026-06-16 04:05:11,872 - debug - DEBUG - Batch 100 grad norm: 0.949516
2026-06-16 04:05:12,927 - debug - DEBUG - Batch 110 grad norm: 1.217055
2026-06-16 04:05:14,001 - debug - DEBUG - Batch 120 grad norm: 1.340510
2026-06-16 04:05:15,103 - debug - DEBUG - Batch 130 grad norm: 1.022184
2026-06-16 04:05:16,244 - debug - DEBUG - Batch 140 grad norm: 0.815263
2026-06-16 04:05:17,173 - debug - DEBUG - Batch 150 grad norm: 1.231742
2026-06-16 04:05:18,246 - debug - DEBUG - Batch 160 grad norm: 0.914978
2026-06-16 04:05:19,335 - debug - DEBUG - Batch 170 grad norm: 1.251554
2026-06-16 04:05:20,464 - debug - DEBUG - Batch 180 grad norm: 0.778744
2026-06-16 04:05:21,418 - debug - DEBUG - Batch 190 grad norm: 0.840628
2026-06-16 04:05:22,470 - debug - DEBUG - Batch 200 grad norm: 1.219435
2026-06-16 04:05:23,575 - debug - DEBUG - Batch 210 grad norm: 1.178327
2026-06-16 04:05:24,649 - debug - DEBUG - Batch 220 grad norm: 0.964953
2026-06-16 04:05:25,755 - debug - DEBUG - Batch 230 grad norm: 0.970592
2026-06-16 04:05:26,862 - debug - DEBUG - Batch 240 grad norm: 1.248879
2026-06-16 04:05:27,957 - debug - DEBUG - Batch 250 grad norm: 0.976718
2026-06-16 04:05:29,053 - debug - DEBUG - Batch 260 grad norm: 1.141074
2026-06-16 04:05:30,159 - debug - DEBUG - Batch 270 grad norm: 1.202510
2026-06-16 04:05:31,263 - debug - DEBUG - Batch 280 grad norm: 1.107748
2026-06-16 04:05:32,339 - debug - DEBUG - Batch 290 grad norm: 1.175658
2026-06-16 04:05:33,415 - debug - DEBUG - Batch 300 grad norm: 0.854436
2026-06-16 04:05:34,489 - debug - DEBUG - Batch 310 grad norm: 0.806479
2026-06-16 04:05:35,534 - debug - DEBUG - Batch 320 grad norm: 0.953395
2026-06-16 04:05:36,616 - debug - DEBUG - Batch 330 grad norm: 0.855512
2026-06-16 04:05:37,693 - debug - DEBUG - Batch 340 grad norm: 1.133873
2026-06-16 04:05:38,769 - debug - DEBUG - Batch 350 grad norm: 1.173506
2026-06-16 04:05:38,870 - debug - DEBUG - compute_metrics_and_record started for epoch 130
2026-06-16 04:05:38,870 - debug - DEBUG - all_preds length: 45000, all_targets length: 45000
2026-06-16 04:05:38,871 - debug - DEBUG - First 10 preds: [3, 5, 0, 6, 0, 9, 2, 5, 6, 7]
2026-06-16 04:05:38,871 - debug - DEBUG - First 10 targets: [3, 5, 0, 6, 0, 9, 2, 5, 6, 2]
2026-06-16 04:05:38,890 - debug - DEBUG - Unique predicted classes: 10 (first 10: [0 1 2 3 4 5 6 7 8 9])
2026-06-16 04:05:38,890 - debug - DEBUG - Unique target classes: 10 (first 10: [0 1 2 3 4 5 6 7 8 9])
2026-06-16 04:05:41,092 - debug - DEBUG - compute_metrics_and_record started for epoch 130
2026-06-16 04:05:41,093 - debug - DEBUG - all_preds length: 10000, all_targets length: 10000
2026-06-16 04:05:41,093 - debug - DEBUG - First 10 preds: [3, 8, 0, 8, 6, 6, 1, 6, 3, 1]
2026-06-16 04:05:41,093 - debug - DEBUG - First 10 targets: [3, 8, 8, 0, 6, 6, 1, 6, 3, 1]
2026-06-16 04:05:41,095 - debug - DEBUG - Unique predicted classes: 10 (first 10: [0 1 2 3 4 5 6 7 8 9])
2026-06-16 04:05:41,096 - debug - DEBUG - Unique target classes: 10 (first 10: [0 1 2 3 4 5 6 7 8 9])
2026-06-16 04:05:41,373 - debug - DEBUG - Device Check - Batch 0
2026-06-16 04:05:41,374 - debug - DEBUG -   Config GPU ID: 1
2026-06-16 04:05:41,374 - debug - DEBUG -   Input Device:  cuda:1
2026-06-16 04:05:41,375 - debug - DEBUG -   Target Device: cuda:1
2026-06-16 04:05:41,375 - debug - DEBUG -   Model Device:  cuda:1
2026-06-16 04:05:41,375 - debug - DEBUG -   Criterion Weight Device: No weights
2026-06-16 04:05:41,810 - debug - DEBUG - Batch 0 grad norm: 0.979332
2026-06-16 04:05:42,895 - debug - DEBUG - Batch 10 grad norm: 0.905649
2026-06-16 04:05:44,022 - debug - DEBUG - Batch 20 grad norm: 1.135291
2026-06-16 04:05:45,103 - debug - DEBUG - Batch 30 grad norm: 0.956852
2026-06-16 04:05:46,204 - debug - DEBUG - Batch 40 grad norm: 0.969184
2026-06-16 04:05:47,309 - debug - DEBUG - Batch 50 grad norm: 0.895418
2026-06-16 04:05:48,413 - debug - DEBUG - Batch 60 grad norm: 0.983445
2026-06-16 04:05:49,497 - debug - DEBUG - Batch 70 grad norm: 1.191880
2026-06-16 04:05:50,578 - debug - DEBUG - Batch 80 grad norm: 1.072618
2026-06-16 04:05:51,632 - debug - DEBUG - Batch 90 grad norm: 1.173826
2026-06-16 04:05:52,708 - debug - DEBUG - Batch 100 grad norm: 1.247571
2026-06-16 04:05:53,754 - debug - DEBUG - Batch 110 grad norm: 0.978154
2026-06-16 04:05:54,831 - debug - DEBUG - Batch 120 grad norm: 0.985443
2026-06-16 04:05:55,878 - debug - DEBUG - Batch 130 grad norm: 1.238007
2026-06-16 04:05:56,956 - debug - DEBUG - Batch 140 grad norm: 1.024445
2026-06-16 04:05:58,037 - debug - DEBUG - Batch 150 grad norm: 1.229192
2026-06-16 04:05:59,125 - debug - DEBUG - Batch 160 grad norm: 1.101879
2026-06-16 04:06:00,227 - debug - DEBUG - Batch 170 grad norm: 1.059058
2026-06-16 04:06:01,343 - debug - DEBUG - Batch 180 grad norm: 1.400240
2026-06-16 04:06:02,249 - debug - DEBUG - Batch 190 grad norm: 1.130941
2026-06-16 04:06:03,413 - debug - DEBUG - Batch 200 grad norm: 1.144719
2026-06-16 04:06:04,351 - debug - DEBUG - Batch 210 grad norm: 1.144885
2026-06-16 04:06:05,412 - debug - DEBUG - Batch 220 grad norm: 1.214006
2026-06-16 04:06:06,511 - debug - DEBUG - Batch 230 grad norm: 1.018087
2026-06-16 04:06:07,592 - debug - DEBUG - Batch 240 grad norm: 1.267075
2026-06-16 04:06:08,685 - debug - DEBUG - Batch 250 grad norm: 1.195885
2026-06-16 04:06:09,753 - debug - DEBUG - Batch 260 grad norm: 1.020024
2026-06-16 04:06:10,854 - debug - DEBUG - Batch 270 grad norm: 1.307396
2026-06-16 04:06:11,954 - debug - DEBUG - Batch 280 grad norm: 1.046502
2026-06-16 04:06:13,049 - debug - DEBUG - Batch 290 grad norm: 1.041427
2026-06-16 04:06:14,115 - debug - DEBUG - Batch 300 grad norm: 1.051449
2026-06-16 04:06:15,187 - debug - DEBUG - Batch 310 grad norm: 0.998623
2026-06-16 04:06:16,223 - debug - DEBUG - Batch 320 grad norm: 1.007171
2026-06-16 04:06:17,301 - debug - DEBUG - Batch 330 grad norm: 0.975926
2026-06-16 04:06:18,374 - debug - DEBUG - Batch 340 grad norm: 1.086958
2026-06-16 04:06:19,440 - debug - DEBUG - Batch 350 grad norm: 1.182650
2026-06-16 04:06:19,525 - debug - DEBUG - compute_metrics_and_record started for epoch 131
2026-06-16 04:06:19,525 - debug - DEBUG - all_preds length: 45000, all_targets length: 45000
2026-06-16 04:06:19,525 - debug - DEBUG - First 10 preds: [7, 6, 7, 8, 5, 0, 5, 6, 1, 9]
2026-06-16 04:06:19,525 - debug - DEBUG - First 10 targets: [7, 2, 7, 8, 5, 0, 5, 6, 1, 9]
2026-06-16 04:06:19,535 - debug - DEBUG - Unique predicted classes: 10 (first 10: [0 1 2 3 4 5 6 7 8 9])
2026-06-16 04:06:19,535 - debug - DEBUG - Unique target classes: 10 (first 10: [0 1 2 3 4 5 6 7 8 9])
2026-06-16 04:06:21,751 - debug - DEBUG - compute_metrics_and_record started for epoch 131
2026-06-16 04:06:21,751 - debug - DEBUG - all_preds length: 10000, all_targets length: 10000
2026-06-16 04:06:21,751 - debug - DEBUG - First 10 preds: [3, 8, 1, 0, 6, 6, 1, 6, 3, 1]
2026-06-16 04:06:21,751 - debug - DEBUG - First 10 targets: [3, 8, 8, 0, 6, 6, 1, 6, 3, 1]
2026-06-16 04:06:21,754 - debug - DEBUG - Unique predicted classes: 10 (first 10: [0 1 2 3 4 5 6 7 8 9])
2026-06-16 04:06:21,754 - debug - DEBUG - Unique target classes: 10 (first 10: [0 1 2 3 4 5 6 7 8 9])
2026-06-16 04:06:22,021 - debug - DEBUG - Device Check - Batch 0
2026-06-16 04:06:22,022 - debug - DEBUG -   Config GPU ID: 1
2026-06-16 04:06:22,022 - debug - DEBUG -   Input Device:  cuda:1
2026-06-16 04:06:22,022 - debug - DEBUG -   Target Device: cuda:1
2026-06-16 04:06:22,023 - debug - DEBUG -   Model Device:  cuda:1
2026-06-16 04:06:22,023 - debug - DEBUG -   Criterion Weight Device: No weights
2026-06-16 04:06:22,477 - debug - DEBUG - Batch 0 grad norm: 0.632706
2026-06-16 04:06:23,555 - debug - DEBUG - Batch 10 grad norm: 1.467502
2026-06-16 04:06:24,655 - debug - DEBUG - Batch 20 grad norm: 1.147766
2026-06-16 04:06:25,753 - debug - DEBUG - Batch 30 grad norm: 1.263978
2026-06-16 04:06:26,861 - debug - DEBUG - Batch 40 grad norm: 1.290062
2026-06-16 04:06:27,945 - debug - DEBUG - Batch 50 grad norm: 1.098723
2026-06-16 04:06:29,031 - debug - DEBUG - Batch 60 grad norm: 1.397587
2026-06-16 04:06:30,101 - debug - DEBUG - Batch 70 grad norm: 1.170967
2026-06-16 04:06:31,172 - debug - DEBUG - Batch 80 grad norm: 0.947450
2026-06-16 04:06:32,219 - debug - DEBUG - Batch 90 grad norm: 1.253289
2026-06-16 04:06:33,294 - debug - DEBUG - Batch 100 grad norm: 1.081947
2026-06-16 04:06:34,339 - debug - DEBUG - Batch 110 grad norm: 1.174087
2026-06-16 04:06:35,435 - debug - DEBUG - Batch 120 grad norm: 1.192710
2026-06-16 04:06:36,520 - debug - DEBUG - Batch 130 grad norm: 1.360849
2026-06-16 04:06:37,622 - debug - DEBUG - Batch 140 grad norm: 0.965137
2026-06-16 04:06:38,723 - debug - DEBUG - Batch 150 grad norm: 1.106948
2026-06-16 04:06:39,820 - debug - DEBUG - Batch 160 grad norm: 1.244182
2026-06-16 04:06:40,852 - debug - DEBUG - Batch 170 grad norm: 1.329223
2026-06-16 04:06:41,995 - debug - DEBUG - Batch 180 grad norm: 1.007199
2026-06-16 04:06:42,974 - debug - DEBUG - Batch 190 grad norm: 1.373129
2026-06-16 04:06:44,073 - debug - DEBUG - Batch 200 grad norm: 0.976713
2026-06-16 04:06:45,176 - debug - DEBUG - Batch 210 grad norm: 1.041814
2026-06-16 04:06:46,282 - debug - DEBUG - Batch 220 grad norm: 0.961277
2026-06-16 04:06:47,365 - debug - DEBUG - Batch 230 grad norm: 1.241561
2026-06-16 04:06:48,438 - debug - DEBUG - Batch 240 grad norm: 1.069696
2026-06-16 04:06:49,356 - debug - DEBUG - Batch 250 grad norm: 0.890100
2026-06-16 04:06:50,466 - debug - DEBUG - Batch 260 grad norm: 1.051576
2026-06-16 04:06:51,580 - debug - DEBUG - Batch 270 grad norm: 1.439523
2026-06-16 04:06:52,514 - debug - DEBUG - Batch 280 grad norm: 1.199172
2026-06-16 04:06:53,602 - debug - DEBUG - Batch 290 grad norm: 0.885027
2026-06-16 04:06:54,690 - debug - DEBUG - Batch 300 grad norm: 0.902313
2026-06-16 04:06:55,770 - debug - DEBUG - Batch 310 grad norm: 0.864625
2026-06-16 04:06:56,883 - debug - DEBUG - Batch 320 grad norm: 1.047906
2026-06-16 04:06:57,973 - debug - DEBUG - Batch 330 grad norm: 1.123581
2026-06-16 04:06:59,092 - debug - DEBUG - Batch 340 grad norm: 1.171941
2026-06-16 04:07:00,171 - debug - DEBUG - Batch 350 grad norm: 0.907734
2026-06-16 04:07:00,255 - debug - DEBUG - compute_metrics_and_record started for epoch 132
2026-06-16 04:07:00,256 - debug - DEBUG - all_preds length: 45000, all_targets length: 45000
2026-06-16 04:07:00,256 - debug - DEBUG - First 10 preds: [7, 0, 8, 6, 1, 4, 5, 9, 2, 3]
2026-06-16 04:07:00,256 - debug - DEBUG - First 10 targets: [7, 0, 8, 6, 1, 4, 5, 9, 2, 3]
2026-06-16 04:07:00,265 - debug - DEBUG - Unique predicted classes: 10 (first 10: [0 1 2 3 4 5 6 7 8 9])
2026-06-16 04:07:00,265 - debug - DEBUG - Unique target classes: 10 (first 10: [0 1 2 3 4 5 6 7 8 9])
2026-06-16 04:07:02,547 - debug - DEBUG - compute_metrics_and_record started for epoch 132
2026-06-16 04:07:02,548 - debug - DEBUG - all_preds length: 10000, all_targets length: 10000
2026-06-16 04:07:02,548 - debug - DEBUG - First 10 preds: [3, 8, 8, 0, 6, 6, 9, 6, 3, 1]
2026-06-16 04:07:02,548 - debug - DEBUG - First 10 targets: [3, 8, 8, 0, 6, 6, 1, 6, 3, 1]
2026-06-16 04:07:02,550 - debug - DEBUG - Unique predicted classes: 10 (first 10: [0 1 2 3 4 5 6 7 8 9])
2026-06-16 04:07:02,550 - debug - DEBUG - Unique target classes: 10 (first 10: [0 1 2 3 4 5 6 7 8 9])
2026-06-16 04:07:02,815 - debug - DEBUG - Device Check - Batch 0
2026-06-16 04:07:02,816 - debug - DEBUG -   Config GPU ID: 1
2026-06-16 04:07:02,817 - debug - DEBUG -   Input Device:  cuda:1
2026-06-16 04:07:02,817 - debug - DEBUG -   Target Device: cuda:1
2026-06-16 04:07:02,817 - debug - DEBUG -   Model Device:  cuda:1
2026-06-16 04:07:02,817 - debug - DEBUG -   Criterion Weight Device: No weights
2026-06-16 04:07:03,311 - debug - DEBUG - Batch 0 grad norm: 0.804507
2026-06-16 04:07:04,426 - debug - DEBUG - Batch 10 grad norm: 1.029683
2026-06-16 04:07:05,521 - debug - DEBUG - Batch 20 grad norm: 1.065182
2026-06-16 04:07:06,620 - debug - DEBUG - Batch 30 grad norm: 1.113565
2026-06-16 04:07:07,720 - debug - DEBUG - Batch 40 grad norm: 0.858897
2026-06-16 04:07:08,803 - debug - DEBUG - Batch 50 grad norm: 1.134880
2026-06-16 04:07:09,883 - debug - DEBUG - Batch 60 grad norm: 1.209832
2026-06-16 04:07:10,934 - debug - DEBUG - Batch 70 grad norm: 1.446118
2026-06-16 04:07:12,003 - debug - DEBUG - Batch 80 grad norm: 0.843828
2026-06-16 04:07:13,078 - debug - DEBUG - Batch 90 grad norm: 1.357461
2026-06-16 04:07:14,159 - debug - DEBUG - Batch 100 grad norm: 0.965529
2026-06-16 04:07:15,260 - debug - DEBUG - Batch 110 grad norm: 0.823579
2026-06-16 04:07:16,354 - debug - DEBUG - Batch 120 grad norm: 1.298722
2026-06-16 04:07:17,437 - debug - DEBUG - Batch 130 grad norm: 0.892498
2026-06-16 04:07:18,507 - debug - DEBUG - Batch 140 grad norm: 0.950888
2026-06-16 04:07:19,612 - debug - DEBUG - Batch 150 grad norm: 1.296279
2026-06-16 04:07:20,698 - debug - DEBUG - Batch 160 grad norm: 1.230677
2026-06-16 04:07:21,797 - debug - DEBUG - Batch 170 grad norm: 1.242059
2026-06-16 04:07:22,956 - debug - DEBUG - Batch 180 grad norm: 1.118688
2026-06-16 04:07:23,898 - debug - DEBUG - Batch 190 grad norm: 0.802136
2026-06-16 04:07:24,961 - debug - DEBUG - Batch 200 grad norm: 1.022659
2026-06-16 04:07:26,062 - debug - DEBUG - Batch 210 grad norm: 1.038114
2026-06-16 04:07:27,161 - debug - DEBUG - Batch 220 grad norm: 1.541216
2026-06-16 04:07:28,263 - debug - DEBUG - Batch 230 grad norm: 1.098798
2026-06-16 04:07:29,319 - debug - DEBUG - Batch 240 grad norm: 1.272803
2026-06-16 04:07:30,392 - debug - DEBUG - Batch 250 grad norm: 0.966850
2026-06-16 04:07:31,473 - debug - DEBUG - Batch 260 grad norm: 1.201583
2026-06-16 04:07:32,556 - debug - DEBUG - Batch 270 grad norm: 0.985966
2026-06-16 04:07:33,647 - debug - DEBUG - Batch 280 grad norm: 1.091855
2026-06-16 04:07:34,739 - debug - DEBUG - Batch 290 grad norm: 0.725289
2026-06-16 04:07:35,845 - debug - DEBUG - Batch 300 grad norm: 1.216364
2026-06-16 04:07:36,829 - debug - DEBUG - Batch 310 grad norm: 0.831012
2026-06-16 04:07:37,945 - debug - DEBUG - Batch 320 grad norm: 1.232887
2026-06-16 04:07:39,063 - debug - DEBUG - Batch 330 grad norm: 0.813362
2026-06-16 04:07:40,032 - debug - DEBUG - Batch 340 grad norm: 0.944753
2026-06-16 04:07:41,092 - debug - DEBUG - Batch 350 grad norm: 1.128960
2026-06-16 04:07:41,198 - debug - DEBUG - compute_metrics_and_record started for epoch 133
2026-06-16 04:07:41,199 - debug - DEBUG - all_preds length: 45000, all_targets length: 45000
2026-06-16 04:07:41,199 - debug - DEBUG - First 10 preds: [7, 8, 9, 9, 7, 8, 9, 9, 8, 9]
2026-06-16 04:07:41,199 - debug - DEBUG - First 10 targets: [5, 8, 1, 9, 7, 8, 9, 9, 8, 9]
2026-06-16 04:07:41,208 - debug - DEBUG - Unique predicted classes: 10 (first 10: [0 1 2 3 4 5 6 7 8 9])
2026-06-16 04:07:41,209 - debug - DEBUG - Unique target classes: 10 (first 10: [0 1 2 3 4 5 6 7 8 9])
2026-06-16 04:07:43,434 - debug - DEBUG - compute_metrics_and_record started for epoch 133
2026-06-16 04:07:43,434 - debug - DEBUG - all_preds length: 10000, all_targets length: 10000
2026-06-16 04:07:43,434 - debug - DEBUG - First 10 preds: [3, 8, 8, 0, 6, 6, 1, 6, 3, 1]
2026-06-16 04:07:43,435 - debug - DEBUG - First 10 targets: [3, 8, 8, 0, 6, 6, 1, 6, 3, 1]
2026-06-16 04:07:43,437 - debug - DEBUG - Unique predicted classes: 10 (first 10: [0 1 2 3 4 5 6 7 8 9])
2026-06-16 04:07:43,437 - debug - DEBUG - Unique target classes: 10 (first 10: [0 1 2 3 4 5 6 7 8 9])
2026-06-16 04:07:43,726 - debug - DEBUG - Device Check - Batch 0
2026-06-16 04:07:43,727 - debug - DEBUG -   Config GPU ID: 1
2026-06-16 04:07:43,727 - debug - DEBUG -   Input Device:  cuda:1
2026-06-16 04:07:43,727 - debug - DEBUG -   Target Device: cuda:1
2026-06-16 04:07:43,728 - debug - DEBUG -   Model Device:  cuda:1
2026-06-16 04:07:43,728 - debug - DEBUG -   Criterion Weight Device: No weights
2026-06-16 04:07:44,153 - debug - DEBUG - Batch 0 grad norm: 1.181580
2026-06-16 04:07:45,243 - debug - DEBUG - Batch 10 grad norm: 0.765195
2026-06-16 04:07:46,349 - debug - DEBUG - Batch 20 grad norm: 1.113579
2026-06-16 04:07:47,442 - debug - DEBUG - Batch 30 grad norm: 1.164333
2026-06-16 04:07:48,531 - debug - DEBUG - Batch 40 grad norm: 0.786562
2026-06-16 04:07:49,650 - debug - DEBUG - Batch 50 grad norm: 0.911650
2026-06-16 04:07:50,744 - debug - DEBUG - Batch 60 grad norm: 1.177879
2026-06-16 04:07:51,858 - debug - DEBUG - Batch 70 grad norm: 0.844223
2026-06-16 04:07:52,927 - debug - DEBUG - Batch 80 grad norm: 1.035573
2026-06-16 04:07:54,026 - debug - DEBUG - Batch 90 grad norm: 1.398996
2026-06-16 04:07:55,098 - debug - DEBUG - Batch 100 grad norm: 1.005597
2026-06-16 04:07:56,183 - debug - DEBUG - Batch 110 grad norm: 1.017908
2026-06-16 04:07:57,232 - debug - DEBUG - Batch 120 grad norm: 1.177470
2026-06-16 04:07:58,327 - debug - DEBUG - Batch 130 grad norm: 0.902091
2026-06-16 04:07:59,393 - debug - DEBUG - Batch 140 grad norm: 1.025356
2026-06-16 04:08:00,484 - debug - DEBUG - Batch 150 grad norm: 0.746034
2026-06-16 04:08:01,556 - debug - DEBUG - Batch 160 grad norm: 1.030855
2026-06-16 04:08:02,637 - debug - DEBUG - Batch 170 grad norm: 1.149023
2026-06-16 04:08:03,799 - debug - DEBUG - Batch 180 grad norm: 1.088539
2026-06-16 04:08:04,723 - debug - DEBUG - Batch 190 grad norm: 1.243726
2026-06-16 04:08:05,825 - debug - DEBUG - Batch 200 grad norm: 1.259470
2026-06-16 04:08:06,926 - debug - DEBUG - Batch 210 grad norm: 1.003422
2026-06-16 04:08:08,030 - debug - DEBUG - Batch 220 grad norm: 0.934697
2026-06-16 04:08:09,136 - debug - DEBUG - Batch 230 grad norm: 1.586647
2026-06-16 04:08:10,245 - debug - DEBUG - Batch 240 grad norm: 1.095831
2026-06-16 04:08:11,317 - debug - DEBUG - Batch 250 grad norm: 1.303072
2026-06-16 04:08:12,390 - debug - DEBUG - Batch 260 grad norm: 1.307604
2026-06-16 04:08:13,442 - debug - DEBUG - Batch 270 grad norm: 0.976785
2026-06-16 04:08:14,519 - debug - DEBUG - Batch 280 grad norm: 1.071754
2026-06-16 04:08:15,576 - debug - DEBUG - Batch 290 grad norm: 1.291158
2026-06-16 04:08:16,645 - debug - DEBUG - Batch 300 grad norm: 0.870746
2026-06-16 04:08:17,707 - debug - DEBUG - Batch 310 grad norm: 1.262707
2026-06-16 04:08:18,789 - debug - DEBUG - Batch 320 grad norm: 0.976398
2026-06-16 04:08:19,856 - debug - DEBUG - Batch 330 grad norm: 1.372157
2026-06-16 04:08:20,962 - debug - DEBUG - Batch 340 grad norm: 1.126383
2026-06-16 04:08:22,026 - debug - DEBUG - Batch 350 grad norm: 1.196461
2026-06-16 04:08:22,106 - debug - DEBUG - compute_metrics_and_record started for epoch 134
2026-06-16 04:08:22,107 - debug - DEBUG - all_preds length: 45000, all_targets length: 45000
2026-06-16 04:08:22,107 - debug - DEBUG - First 10 preds: [0, 6, 3, 0, 2, 4, 0, 6, 3, 0]
2026-06-16 04:08:22,107 - debug - DEBUG - First 10 targets: [2, 6, 5, 0, 2, 7, 0, 6, 3, 3]
2026-06-16 04:08:22,116 - debug - DEBUG - Unique predicted classes: 10 (first 10: [0 1 2 3 4 5 6 7 8 9])
2026-06-16 04:08:22,117 - debug - DEBUG - Unique target classes: 10 (first 10: [0 1 2 3 4 5 6 7 8 9])
2026-06-16 04:08:24,370 - debug - DEBUG - compute_metrics_and_record started for epoch 134
2026-06-16 04:08:24,370 - debug - DEBUG - all_preds length: 10000, all_targets length: 10000
2026-06-16 04:08:24,370 - debug - DEBUG - First 10 preds: [3, 8, 8, 0, 6, 6, 1, 2, 3, 1]
2026-06-16 04:08:24,370 - debug - DEBUG - First 10 targets: [3, 8, 8, 0, 6, 6, 1, 6, 3, 1]
2026-06-16 04:08:24,373 - debug - DEBUG - Unique predicted classes: 10 (first 10: [0 1 2 3 4 5 6 7 8 9])
2026-06-16 04:08:24,373 - debug - DEBUG - Unique target classes: 10 (first 10: [0 1 2 3 4 5 6 7 8 9])
2026-06-16 04:08:24,665 - debug - DEBUG - Device Check - Batch 0
2026-06-16 04:08:24,665 - debug - DEBUG -   Config GPU ID: 1
2026-06-16 04:08:24,666 - debug - DEBUG -   Input Device:  cuda:1
2026-06-16 04:08:24,666 - debug - DEBUG -   Target Device: cuda:1
2026-06-16 04:08:24,666 - debug - DEBUG -   Model Device:  cuda:1
2026-06-16 04:08:24,666 - debug - DEBUG -   Criterion Weight Device: No weights
2026-06-16 04:08:25,106 - debug - DEBUG - Batch 0 grad norm: 0.567501
2026-06-16 04:08:26,257 - debug - DEBUG - Batch 10 grad norm: 1.095313
2026-06-16 04:08:27,217 - debug - DEBUG - Batch 20 grad norm: 1.275013
2026-06-16 04:08:28,327 - debug - DEBUG - Batch 30 grad norm: 1.118458
2026-06-16 04:08:29,412 - debug - DEBUG - Batch 40 grad norm: 0.806387
2026-06-16 04:08:30,510 - debug - DEBUG - Batch 50 grad norm: 0.874512
2026-06-16 04:08:31,560 - debug - DEBUG - Batch 60 grad norm: 1.281451
2026-06-16 04:08:32,637 - debug - DEBUG - Batch 70 grad norm: 0.983239
2026-06-16 04:08:33,686 - debug - DEBUG - Batch 80 grad norm: 1.142773
2026-06-16 04:08:34,767 - debug - DEBUG - Batch 90 grad norm: 1.376659
2026-06-16 04:08:35,826 - debug - DEBUG - Batch 100 grad norm: 1.159768
2026-06-16 04:08:36,905 - debug - DEBUG - Batch 110 grad norm: 1.108851
2026-06-16 04:08:37,951 - debug - DEBUG - Batch 120 grad norm: 0.737624
2026-06-16 04:08:39,050 - debug - DEBUG - Batch 130 grad norm: 1.166654
2026-06-16 04:08:40,123 - debug - DEBUG - Batch 140 grad norm: 1.269582
2026-06-16 04:08:41,230 - debug - DEBUG - Batch 150 grad norm: 1.323270
2026-06-16 04:08:42,299 - debug - DEBUG - Batch 160 grad norm: 1.509514
2026-06-16 04:08:43,362 - debug - DEBUG - Batch 170 grad norm: 1.103985
2026-06-16 04:08:44,545 - debug - DEBUG - Batch 180 grad norm: 1.044286
2026-06-16 04:08:45,483 - debug - DEBUG - Batch 190 grad norm: 0.791149
2026-06-16 04:08:46,599 - debug - DEBUG - Batch 200 grad norm: 0.857569
2026-06-16 04:08:47,676 - debug - DEBUG - Batch 210 grad norm: 1.108913
2026-06-16 04:08:48,747 - debug - DEBUG - Batch 220 grad norm: 1.215803
2026-06-16 04:08:49,796 - debug - DEBUG - Batch 230 grad norm: 1.083667
2026-06-16 04:08:50,895 - debug - DEBUG - Batch 240 grad norm: 0.860257
2026-06-16 04:08:51,912 - debug - DEBUG - Batch 250 grad norm: 0.929286
2026-06-16 04:08:53,007 - debug - DEBUG - Batch 260 grad norm: 1.317492
2026-06-16 04:08:54,062 - debug - DEBUG - Batch 270 grad norm: 0.908859
2026-06-16 04:08:55,155 - debug - DEBUG - Batch 280 grad norm: 1.356886
2026-06-16 04:08:56,215 - debug - DEBUG - Batch 290 grad norm: 0.923385
2026-06-16 04:08:57,313 - debug - DEBUG - Batch 300 grad norm: 1.115510
2026-06-16 04:08:58,372 - debug - DEBUG - Batch 310 grad norm: 1.279778
2026-06-16 04:08:59,472 - debug - DEBUG - Batch 320 grad norm: 0.797284
2026-06-16 04:09:00,560 - debug - DEBUG - Batch 330 grad norm: 0.999179
2026-06-16 04:09:01,660 - debug - DEBUG - Batch 340 grad norm: 1.120223
2026-06-16 04:09:02,749 - debug - DEBUG - Batch 350 grad norm: 0.943881
2026-06-16 04:09:02,852 - debug - DEBUG - compute_metrics_and_record started for epoch 135
2026-06-16 04:09:02,853 - debug - DEBUG - all_preds length: 45000, all_targets length: 45000
2026-06-16 04:09:02,853 - debug - DEBUG - First 10 preds: [4, 7, 7, 2, 6, 4, 7, 9, 7, 7]
2026-06-16 04:09:02,853 - debug - DEBUG - First 10 targets: [4, 7, 7, 2, 6, 4, 7, 9, 7, 7]
2026-06-16 04:09:02,872 - debug - DEBUG - Unique predicted classes: 10 (first 10: [0 1 2 3 4 5 6 7 8 9])
2026-06-16 04:09:02,872 - debug - DEBUG - Unique target classes: 10 (first 10: [0 1 2 3 4 5 6 7 8 9])
2026-06-16 04:09:05,157 - debug - DEBUG - compute_metrics_and_record started for epoch 135
2026-06-16 04:09:05,158 - debug - DEBUG - all_preds length: 10000, all_targets length: 10000
2026-06-16 04:09:05,158 - debug - DEBUG - First 10 preds: [3, 8, 8, 8, 6, 6, 1, 4, 3, 1]
2026-06-16 04:09:05,158 - debug - DEBUG - First 10 targets: [3, 8, 8, 0, 6, 6, 1, 6, 3, 1]
2026-06-16 04:09:05,160 - debug - DEBUG - Unique predicted classes: 10 (first 10: [0 1 2 3 4 5 6 7 8 9])
2026-06-16 04:09:05,161 - debug - DEBUG - Unique target classes: 10 (first 10: [0 1 2 3 4 5 6 7 8 9])
2026-06-16 04:09:05,471 - debug - DEBUG - Device Check - Batch 0
2026-06-16 04:09:05,472 - debug - DEBUG -   Config GPU ID: 1
2026-06-16 04:09:05,472 - debug - DEBUG -   Input Device:  cuda:1
2026-06-16 04:09:05,472 - debug - DEBUG -   Target Device: cuda:1
2026-06-16 04:09:05,472 - debug - DEBUG -   Model Device:  cuda:1
2026-06-16 04:09:05,472 - debug - DEBUG -   Criterion Weight Device: No weights
2026-06-16 04:09:05,955 - debug - DEBUG - Batch 0 grad norm: 1.031354
2026-06-16 04:09:07,079 - debug - DEBUG - Batch 10 grad norm: 1.083783
2026-06-16 04:09:08,144 - debug - DEBUG - Batch 20 grad norm: 0.996519
2026-06-16 04:09:09,253 - debug - DEBUG - Batch 30 grad norm: 1.045111
2026-06-16 04:09:10,331 - debug - DEBUG - Batch 40 grad norm: 1.010037
2026-06-16 04:09:11,407 - debug - DEBUG - Batch 50 grad norm: 0.992923
2026-06-16 04:09:12,373 - debug - DEBUG - Batch 60 grad norm: 1.529224
2026-06-16 04:09:13,481 - debug - DEBUG - Batch 70 grad norm: 0.977123
2026-06-16 04:09:14,593 - debug - DEBUG - Batch 80 grad norm: 1.455988
2026-06-16 04:09:15,520 - debug - DEBUG - Batch 90 grad norm: 0.993377
2026-06-16 04:09:16,586 - debug - DEBUG - Batch 100 grad norm: 1.025356
2026-06-16 04:09:17,673 - debug - DEBUG - Batch 110 grad norm: 1.071523
2026-06-16 04:09:18,753 - debug - DEBUG - Batch 120 grad norm: 1.101827
2026-06-16 04:09:19,849 - debug - DEBUG - Batch 130 grad norm: 1.098028
2026-06-16 04:09:20,923 - debug - DEBUG - Batch 140 grad norm: 1.089341
2026-06-16 04:09:22,030 - debug - DEBUG - Batch 150 grad norm: 1.450104
2026-06-16 04:09:23,139 - debug - DEBUG - Batch 160 grad norm: 1.231215
2026-06-16 04:09:24,225 - debug - DEBUG - Batch 170 grad norm: 0.837964
2026-06-16 04:09:25,402 - debug - DEBUG - Batch 180 grad norm: 0.975408
2026-06-16 04:09:26,332 - debug - DEBUG - Batch 190 grad norm: 1.024146
2026-06-16 04:09:27,443 - debug - DEBUG - Batch 200 grad norm: 1.080278
2026-06-16 04:09:28,521 - debug - DEBUG - Batch 210 grad norm: 0.882349
2026-06-16 04:09:29,597 - debug - DEBUG - Batch 220 grad norm: 1.217094
2026-06-16 04:09:30,629 - debug - DEBUG - Batch 230 grad norm: 0.937204
2026-06-16 04:09:31,712 - debug - DEBUG - Batch 240 grad norm: 1.059685
2026-06-16 04:09:32,790 - debug - DEBUG - Batch 250 grad norm: 1.136018
2026-06-16 04:09:33,869 - debug - DEBUG - Batch 260 grad norm: 1.317998
2026-06-16 04:09:34,942 - debug - DEBUG - Batch 270 grad norm: 0.989883
2026-06-16 04:09:36,019 - debug - DEBUG - Batch 280 grad norm: 1.005065
2026-06-16 04:09:37,091 - debug - DEBUG - Batch 290 grad norm: 1.130130
2026-06-16 04:09:38,195 - debug - DEBUG - Batch 300 grad norm: 1.192681
2026-06-16 04:09:39,295 - debug - DEBUG - Batch 310 grad norm: 0.741826
2026-06-16 04:09:40,403 - debug - DEBUG - Batch 320 grad norm: 1.180092
2026-06-16 04:09:41,504 - debug - DEBUG - Batch 330 grad norm: 0.872019
2026-06-16 04:09:42,608 - debug - DEBUG - Batch 340 grad norm: 1.321409
2026-06-16 04:09:43,708 - debug - DEBUG - Batch 350 grad norm: 0.924401
2026-06-16 04:09:43,820 - debug - DEBUG - compute_metrics_and_record started for epoch 136
2026-06-16 04:09:43,820 - debug - DEBUG - all_preds length: 45000, all_targets length: 45000
2026-06-16 04:09:43,820 - debug - DEBUG - First 10 preds: [7, 8, 9, 7, 9, 7, 9, 7, 3, 9]
2026-06-16 04:09:43,820 - debug - DEBUG - First 10 targets: [7, 8, 9, 7, 9, 7, 9, 7, 3, 9]
2026-06-16 04:09:43,830 - debug - DEBUG - Unique predicted classes: 10 (first 10: [0 1 2 3 4 5 6 7 8 9])
2026-06-16 04:09:43,830 - debug - DEBUG - Unique target classes: 10 (first 10: [0 1 2 3 4 5 6 7 8 9])
2026-06-16 04:09:46,080 - debug - DEBUG - compute_metrics_and_record started for epoch 136
2026-06-16 04:09:46,080 - debug - DEBUG - all_preds length: 10000, all_targets length: 10000
2026-06-16 04:09:46,081 - debug - DEBUG - First 10 preds: [3, 8, 8, 9, 6, 6, 1, 6, 3, 1]
2026-06-16 04:09:46,081 - debug - DEBUG - First 10 targets: [3, 8, 8, 0, 6, 6, 1, 6, 3, 1]
2026-06-16 04:09:46,083 - debug - DEBUG - Unique predicted classes: 10 (first 10: [0 1 2 3 4 5 6 7 8 9])
2026-06-16 04:09:46,083 - debug - DEBUG - Unique target classes: 10 (first 10: [0 1 2 3 4 5 6 7 8 9])
2026-06-16 04:09:46,353 - debug - DEBUG - Device Check - Batch 0
2026-06-16 04:09:46,354 - debug - DEBUG -   Config GPU ID: 1
2026-06-16 04:09:46,354 - debug - DEBUG -   Input Device:  cuda:1
2026-06-16 04:09:46,354 - debug - DEBUG -   Target Device: cuda:1
2026-06-16 04:09:46,354 - debug - DEBUG -   Model Device:  cuda:1
2026-06-16 04:09:46,355 - debug - DEBUG -   Criterion Weight Device: No weights
2026-06-16 04:09:46,851 - debug - DEBUG - Batch 0 grad norm: 0.884121
2026-06-16 04:09:47,969 - debug - DEBUG - Batch 10 grad norm: 0.882046
2026-06-16 04:09:49,066 - debug - DEBUG - Batch 20 grad norm: 1.101697
2026-06-16 04:09:50,154 - debug - DEBUG - Batch 30 grad norm: 1.038847
2026-06-16 04:09:51,233 - debug - DEBUG - Batch 40 grad norm: 0.906661
2026-06-16 04:09:52,301 - debug - DEBUG - Batch 50 grad norm: 1.166092
2026-06-16 04:09:53,373 - debug - DEBUG - Batch 60 grad norm: 1.043153
2026-06-16 04:09:54,447 - debug - DEBUG - Batch 70 grad norm: 1.171803
2026-06-16 04:09:55,509 - debug - DEBUG - Batch 80 grad norm: 1.066317
2026-06-16 04:09:56,589 - debug - DEBUG - Batch 90 grad norm: 1.414122
2026-06-16 04:09:57,654 - debug - DEBUG - Batch 100 grad norm: 0.937937
2026-06-16 04:09:58,742 - debug - DEBUG - Batch 110 grad norm: 0.925448
2026-06-16 04:09:59,844 - debug - DEBUG - Batch 120 grad norm: 1.187934
2026-06-16 04:10:00,886 - debug - DEBUG - Batch 130 grad norm: 1.210215
2026-06-16 04:10:02,071 - debug - DEBUG - Batch 140 grad norm: 1.265000
2026-06-16 04:10:02,963 - debug - DEBUG - Batch 150 grad norm: 1.179947
2026-06-16 04:10:04,068 - debug - DEBUG - Batch 160 grad norm: 1.231913
2026-06-16 04:10:05,110 - debug - DEBUG - Batch 170 grad norm: 1.369212
2026-06-16 04:10:06,297 - debug - DEBUG - Batch 180 grad norm: 0.938044
2026-06-16 04:10:07,239 - debug - DEBUG - Batch 190 grad norm: 0.847839
2026-06-16 04:10:08,336 - debug - DEBUG - Batch 200 grad norm: 1.065514
2026-06-16 04:10:09,404 - debug - DEBUG - Batch 210 grad norm: 1.168202
2026-06-16 04:10:10,506 - debug - DEBUG - Batch 220 grad norm: 1.128302
2026-06-16 04:10:11,605 - debug - DEBUG - Batch 230 grad norm: 1.341216
2026-06-16 04:10:12,704 - debug - DEBUG - Batch 240 grad norm: 1.038850
2026-06-16 04:10:13,770 - debug - DEBUG - Batch 250 grad norm: 0.807091
2026-06-16 04:10:14,843 - debug - DEBUG - Batch 260 grad norm: 0.959399
2026-06-16 04:10:15,897 - debug - DEBUG - Batch 270 grad norm: 1.460797
2026-06-16 04:10:16,963 - debug - DEBUG - Batch 280 grad norm: 1.024527
2026-06-16 04:10:18,070 - debug - DEBUG - Batch 290 grad norm: 1.004663
2026-06-16 04:10:19,139 - debug - DEBUG - Batch 300 grad norm: 0.916163
2026-06-16 04:10:20,237 - debug - DEBUG - Batch 310 grad norm: 0.904385
2026-06-16 04:10:21,296 - debug - DEBUG - Batch 320 grad norm: 1.010253
2026-06-16 04:10:22,393 - debug - DEBUG - Batch 330 grad norm: 0.920530
2026-06-16 04:10:23,462 - debug - DEBUG - Batch 340 grad norm: 1.409667
2026-06-16 04:10:24,557 - debug - DEBUG - Batch 350 grad norm: 0.848655
2026-06-16 04:10:24,644 - debug - DEBUG - compute_metrics_and_record started for epoch 137
2026-06-16 04:10:24,645 - debug - DEBUG - all_preds length: 45000, all_targets length: 45000
2026-06-16 04:10:24,645 - debug - DEBUG - First 10 preds: [3, 6, 5, 1, 9, 5, 1, 4, 4, 6]
2026-06-16 04:10:24,645 - debug - DEBUG - First 10 targets: [3, 6, 5, 1, 9, 5, 1, 4, 4, 6]
2026-06-16 04:10:24,658 - debug - DEBUG - Unique predicted classes: 10 (first 10: [0 1 2 3 4 5 6 7 8 9])
2026-06-16 04:10:24,658 - debug - DEBUG - Unique target classes: 10 (first 10: [0 1 2 3 4 5 6 7 8 9])
2026-06-16 04:10:26,904 - debug - DEBUG - compute_metrics_and_record started for epoch 137
2026-06-16 04:10:26,905 - debug - DEBUG - all_preds length: 10000, all_targets length: 10000
2026-06-16 04:10:26,905 - debug - DEBUG - First 10 preds: [3, 8, 8, 0, 6, 6, 9, 6, 3, 1]
2026-06-16 04:10:26,905 - debug - DEBUG - First 10 targets: [3, 8, 8, 0, 6, 6, 1, 6, 3, 1]
2026-06-16 04:10:26,908 - debug - DEBUG - Unique predicted classes: 10 (first 10: [0 1 2 3 4 5 6 7 8 9])
2026-06-16 04:10:26,908 - debug - DEBUG - Unique target classes: 10 (first 10: [0 1 2 3 4 5 6 7 8 9])
2026-06-16 04:10:27,209 - debug - DEBUG - Device Check - Batch 0
2026-06-16 04:10:27,210 - debug - DEBUG -   Config GPU ID: 1
2026-06-16 04:10:27,210 - debug - DEBUG -   Input Device:  cuda:1
2026-06-16 04:10:27,210 - debug - DEBUG -   Target Device: cuda:1
2026-06-16 04:10:27,210 - debug - DEBUG -   Model Device:  cuda:1
2026-06-16 04:10:27,210 - debug - DEBUG -   Criterion Weight Device: No weights
2026-06-16 04:10:27,647 - debug - DEBUG - Batch 0 grad norm: 1.102672
2026-06-16 04:10:28,758 - debug - DEBUG - Batch 10 grad norm: 1.504583
2026-06-16 04:10:29,864 - debug - DEBUG - Batch 20 grad norm: 0.880025
2026-06-16 04:10:30,964 - debug - DEBUG - Batch 30 grad norm: 1.172434
2026-06-16 04:10:32,082 - debug - DEBUG - Batch 40 grad norm: 0.973540
2026-06-16 04:10:33,170 - debug - DEBUG - Batch 50 grad norm: 1.050899
2026-06-16 04:10:34,256 - debug - DEBUG - Batch 60 grad norm: 1.035031
2026-06-16 04:10:35,329 - debug - DEBUG - Batch 70 grad norm: 1.049192
2026-06-16 04:10:36,410 - debug - DEBUG - Batch 80 grad norm: 1.294810
2026-06-16 04:10:37,473 - debug - DEBUG - Batch 90 grad norm: 0.931802
2026-06-16 04:10:38,552 - debug - DEBUG - Batch 100 grad norm: 1.266174
2026-06-16 04:10:39,613 - debug - DEBUG - Batch 110 grad norm: 1.049064
2026-06-16 04:10:40,702 - debug - DEBUG - Batch 120 grad norm: 1.269941
2026-06-16 04:10:41,764 - debug - DEBUG - Batch 130 grad norm: 1.197199
2026-06-16 04:10:42,864 - debug - DEBUG - Batch 140 grad norm: 0.886449
2026-06-16 04:10:43,962 - debug - DEBUG - Batch 150 grad norm: 1.103856
2026-06-16 04:10:45,059 - debug - DEBUG - Batch 160 grad norm: 1.102073
2026-06-16 04:10:46,105 - debug - DEBUG - Batch 170 grad norm: 1.128562
2026-06-16 04:10:47,272 - debug - DEBUG - Batch 180 grad norm: 0.915287
2026-06-16 04:10:48,122 - debug - DEBUG - Batch 190 grad norm: 0.836227
2026-06-16 04:10:49,293 - debug - DEBUG - Batch 200 grad norm: 0.929375
2026-06-16 04:10:50,239 - debug - DEBUG - Batch 210 grad norm: 1.015883
2026-06-16 04:10:51,336 - debug - DEBUG - Batch 220 grad norm: 0.905289
2026-06-16 04:10:52,456 - debug - DEBUG - Batch 230 grad norm: 1.172878
2026-06-16 04:10:53,562 - debug - DEBUG - Batch 240 grad norm: 1.204127
2026-06-16 04:10:54,678 - debug - DEBUG - Batch 250 grad norm: 1.080180
2026-06-16 04:10:55,771 - debug - DEBUG - Batch 260 grad norm: 1.141959
2026-06-16 04:10:56,867 - debug - DEBUG - Batch 270 grad norm: 1.025362
2026-06-16 04:10:57,910 - debug - DEBUG - Batch 280 grad norm: 1.053630
2026-06-16 04:10:58,985 - debug - DEBUG - Batch 290 grad norm: 1.340532
2026-06-16 04:11:00,060 - debug - DEBUG - Batch 300 grad norm: 1.254381
2026-06-16 04:11:01,130 - debug - DEBUG - Batch 310 grad norm: 1.047531
2026-06-16 04:11:02,183 - debug - DEBUG - Batch 320 grad norm: 1.010090
2026-06-16 04:11:03,267 - debug - DEBUG - Batch 330 grad norm: 1.107104
2026-06-16 04:11:04,337 - debug - DEBUG - Batch 340 grad norm: 1.140716
2026-06-16 04:11:05,421 - debug - DEBUG - Batch 350 grad norm: 1.158831
2026-06-16 04:11:05,522 - debug - DEBUG - compute_metrics_and_record started for epoch 138
2026-06-16 04:11:05,523 - debug - DEBUG - all_preds length: 45000, all_targets length: 45000
2026-06-16 04:11:05,523 - debug - DEBUG - First 10 preds: [8, 6, 3, 0, 7, 3, 8, 4, 6, 8]
2026-06-16 04:11:05,523 - debug - DEBUG - First 10 targets: [8, 6, 3, 0, 7, 3, 8, 5, 6, 8]
2026-06-16 04:11:05,542 - debug - DEBUG - Unique predicted classes: 10 (first 10: [0 1 2 3 4 5 6 7 8 9])
2026-06-16 04:11:05,542 - debug - DEBUG - Unique target classes: 10 (first 10: [0 1 2 3 4 5 6 7 8 9])
2026-06-16 04:11:07,841 - debug - DEBUG - compute_metrics_and_record started for epoch 138
2026-06-16 04:11:07,842 - debug - DEBUG - all_preds length: 10000, all_targets length: 10000
2026-06-16 04:11:07,842 - debug - DEBUG - First 10 preds: [3, 8, 8, 8, 6, 6, 1, 6, 3, 1]
2026-06-16 04:11:07,842 - debug - DEBUG - First 10 targets: [3, 8, 8, 0, 6, 6, 1, 6, 3, 1]
2026-06-16 04:11:07,845 - debug - DEBUG - Unique predicted classes: 10 (first 10: [0 1 2 3 4 5 6 7 8 9])
2026-06-16 04:11:07,845 - debug - DEBUG - Unique target classes: 10 (first 10: [0 1 2 3 4 5 6 7 8 9])
2026-06-16 04:11:08,163 - debug - DEBUG - Device Check - Batch 0
2026-06-16 04:11:08,164 - debug - DEBUG -   Config GPU ID: 1
2026-06-16 04:11:08,164 - debug - DEBUG -   Input Device:  cuda:1
2026-06-16 04:11:08,164 - debug - DEBUG -   Target Device: cuda:1
2026-06-16 04:11:08,164 - debug - DEBUG -   Model Device:  cuda:1
2026-06-16 04:11:08,165 - debug - DEBUG -   Criterion Weight Device: No weights
2026-06-16 04:11:08,578 - debug - DEBUG - Batch 0 grad norm: 1.022981
2026-06-16 04:11:09,657 - debug - DEBUG - Batch 10 grad norm: 1.058730
2026-06-16 04:11:10,768 - debug - DEBUG - Batch 20 grad norm: 0.793546
2026-06-16 04:11:11,846 - debug - DEBUG - Batch 30 grad norm: 1.143158
2026-06-16 04:11:12,961 - debug - DEBUG - Batch 40 grad norm: 0.935324
2026-06-16 04:11:14,061 - debug - DEBUG - Batch 50 grad norm: 1.184736
2026-06-16 04:11:15,164 - debug - DEBUG - Batch 60 grad norm: 1.279658
2026-06-16 04:11:16,255 - debug - DEBUG - Batch 70 grad norm: 1.422503
2026-06-16 04:11:17,334 - debug - DEBUG - Batch 80 grad norm: 1.450532
2026-06-16 04:11:18,401 - debug - DEBUG - Batch 90 grad norm: 1.193337
2026-06-16 04:11:19,469 - debug - DEBUG - Batch 100 grad norm: 1.236273
2026-06-16 04:11:20,557 - debug - DEBUG - Batch 110 grad norm: 0.929517
2026-06-16 04:11:21,646 - debug - DEBUG - Batch 120 grad norm: 1.314138
2026-06-16 04:11:22,718 - debug - DEBUG - Batch 130 grad norm: 1.089727
2026-06-16 04:11:23,795 - debug - DEBUG - Batch 140 grad norm: 0.959718
2026-06-16 04:11:24,871 - debug - DEBUG - Batch 150 grad norm: 1.147817
2026-06-16 04:11:25,945 - debug - DEBUG - Batch 160 grad norm: 0.893643
2026-06-16 04:11:27,035 - debug - DEBUG - Batch 170 grad norm: 0.978214
2026-06-16 04:11:28,162 - debug - DEBUG - Batch 180 grad norm: 0.945412
2026-06-16 04:11:29,124 - debug - DEBUG - Batch 190 grad norm: 0.876367
2026-06-16 04:11:30,181 - debug - DEBUG - Batch 200 grad norm: 1.269242
2026-06-16 04:11:31,298 - debug - DEBUG - Batch 210 grad norm: 1.185827
2026-06-16 04:11:32,371 - debug - DEBUG - Batch 220 grad norm: 1.060990
2026-06-16 04:11:33,480 - debug - DEBUG - Batch 230 grad norm: 1.003947
2026-06-16 04:11:34,560 - debug - DEBUG - Batch 240 grad norm: 1.049985
2026-06-16 04:11:35,583 - debug - DEBUG - Batch 250 grad norm: 1.146956
2026-06-16 04:11:36,763 - debug - DEBUG - Batch 260 grad norm: 1.001084
2026-06-16 04:11:37,718 - debug - DEBUG - Batch 270 grad norm: 0.935057
2026-06-16 04:11:38,827 - debug - DEBUG - Batch 280 grad norm: 1.148456
2026-06-16 04:11:39,930 - debug - DEBUG - Batch 290 grad norm: 1.371308
2026-06-16 04:11:40,988 - debug - DEBUG - Batch 300 grad norm: 1.115412
2026-06-16 04:11:42,064 - debug - DEBUG - Batch 310 grad norm: 0.897875
2026-06-16 04:11:43,167 - debug - DEBUG - Batch 320 grad norm: 1.177270
2026-06-16 04:11:44,267 - debug - DEBUG - Batch 330 grad norm: 1.276124
2026-06-16 04:11:45,365 - debug - DEBUG - Batch 340 grad norm: 1.003081
2026-06-16 04:11:46,437 - debug - DEBUG - Batch 350 grad norm: 1.061921
2026-06-16 04:11:46,545 - debug - DEBUG - compute_metrics_and_record started for epoch 139
2026-06-16 04:11:46,546 - debug - DEBUG - all_preds length: 45000, all_targets length: 45000
2026-06-16 04:11:46,546 - debug - DEBUG - First 10 preds: [5, 3, 5, 8, 9, 4, 5, 8, 7, 1]
2026-06-16 04:11:46,546 - debug - DEBUG - First 10 targets: [5, 3, 3, 8, 9, 4, 5, 8, 7, 9]
2026-06-16 04:11:46,560 - debug - DEBUG - Unique predicted classes: 10 (first 10: [0 1 2 3 4 5 6 7 8 9])
2026-06-16 04:11:46,560 - debug - DEBUG - Unique target classes: 10 (first 10: [0 1 2 3 4 5 6 7 8 9])
2026-06-16 04:11:48,714 - debug - DEBUG - compute_metrics_and_record started for epoch 139
2026-06-16 04:11:48,715 - debug - DEBUG - all_preds length: 10000, all_targets length: 10000
2026-06-16 04:11:48,715 - debug - DEBUG - First 10 preds: [3, 8, 8, 0, 6, 6, 1, 2, 3, 1]
2026-06-16 04:11:48,715 - debug - DEBUG - First 10 targets: [3, 8, 8, 0, 6, 6, 1, 6, 3, 1]
2026-06-16 04:11:48,717 - debug - DEBUG - Unique predicted classes: 10 (first 10: [0 1 2 3 4 5 6 7 8 9])
2026-06-16 04:11:48,717 - debug - DEBUG - Unique target classes: 10 (first 10: [0 1 2 3 4 5 6 7 8 9])
2026-06-16 04:11:48,980 - debug - DEBUG - Device Check - Batch 0
2026-06-16 04:11:48,981 - debug - DEBUG -   Config GPU ID: 1
2026-06-16 04:11:48,981 - debug - DEBUG -   Input Device:  cuda:1
2026-06-16 04:11:48,981 - debug - DEBUG -   Target Device: cuda:1
2026-06-16 04:11:48,982 - debug - DEBUG -   Model Device:  cuda:1
2026-06-16 04:11:48,982 - debug - DEBUG -   Criterion Weight Device: No weights
2026-06-16 04:11:49,389 - debug - DEBUG - Batch 0 grad norm: 1.165623
2026-06-16 04:11:50,491 - debug - DEBUG - Batch 10 grad norm: 1.091489
2026-06-16 04:11:51,605 - debug - DEBUG - Batch 20 grad norm: 1.118040
2026-06-16 04:11:52,707 - debug - DEBUG - Batch 30 grad norm: 0.973080
2026-06-16 04:11:53,806 - debug - DEBUG - Batch 40 grad norm: 1.283360
2026-06-16 04:11:54,912 - debug - DEBUG - Batch 50 grad norm: 1.034923
2026-06-16 04:11:56,011 - debug - DEBUG - Batch 60 grad norm: 1.398367
2026-06-16 04:11:57,091 - debug - DEBUG - Batch 70 grad norm: 0.774958
2026-06-16 04:11:58,173 - debug - DEBUG - Batch 80 grad norm: 1.123419
2026-06-16 04:11:59,227 - debug - DEBUG - Batch 90 grad norm: 1.358416
2026-06-16 04:12:00,303 - debug - DEBUG - Batch 100 grad norm: 1.336341
2026-06-16 04:12:01,397 - debug - DEBUG - Batch 110 grad norm: 0.993364
2026-06-16 04:12:02,463 - debug - DEBUG - Batch 120 grad norm: 0.877828
2026-06-16 04:12:03,558 - debug - DEBUG - Batch 130 grad norm: 1.248844
2026-06-16 04:12:04,631 - debug - DEBUG - Batch 140 grad norm: 1.206314
2026-06-16 04:12:05,748 - debug - DEBUG - Batch 150 grad norm: 1.321553
2026-06-16 04:12:06,806 - debug - DEBUG - Batch 160 grad norm: 0.824563
2026-06-16 04:12:07,912 - debug - DEBUG - Batch 170 grad norm: 1.221284
2026-06-16 04:12:09,077 - debug - DEBUG - Batch 180 grad norm: 1.020206
2026-06-16 04:12:10,028 - debug - DEBUG - Batch 190 grad norm: 1.218959
2026-06-16 04:12:11,118 - debug - DEBUG - Batch 200 grad norm: 0.955053
2026-06-16 04:12:12,216 - debug - DEBUG - Batch 210 grad norm: 1.224999
2026-06-16 04:12:13,294 - debug - DEBUG - Batch 220 grad norm: 1.043388
2026-06-16 04:12:14,395 - debug - DEBUG - Batch 230 grad norm: 1.233294
2026-06-16 04:12:15,499 - debug - DEBUG - Batch 240 grad norm: 1.197528
2026-06-16 04:12:16,588 - debug - DEBUG - Batch 250 grad norm: 1.338587
2026-06-16 04:12:17,654 - debug - DEBUG - Batch 260 grad norm: 1.281731
2026-06-16 04:12:18,737 - debug - DEBUG - Batch 270 grad norm: 0.821196
2026-06-16 04:12:19,786 - debug - DEBUG - Batch 280 grad norm: 1.029109
2026-06-16 04:12:20,856 - debug - DEBUG - Batch 290 grad norm: 1.142177
2026-06-16 04:12:21,932 - debug - DEBUG - Batch 300 grad norm: 1.270283
2026-06-16 04:12:22,895 - debug - DEBUG - Batch 310 grad norm: 1.121477
2026-06-16 04:12:24,012 - debug - DEBUG - Batch 320 grad norm: 0.891726
2026-06-16 04:12:25,113 - debug - DEBUG - Batch 330 grad norm: 1.166132
2026-06-16 04:12:26,085 - debug - DEBUG - Batch 340 grad norm: 1.072348
2026-06-16 04:12:27,141 - debug - DEBUG - Batch 350 grad norm: 1.192257
2026-06-16 04:12:27,230 - debug - DEBUG - compute_metrics_and_record started for epoch 140
2026-06-16 04:12:27,230 - debug - DEBUG - all_preds length: 45000, all_targets length: 45000
2026-06-16 04:12:27,230 - debug - DEBUG - First 10 preds: [5, 6, 9, 6, 5, 5, 1, 6, 0, 6]
2026-06-16 04:12:27,230 - debug - DEBUG - First 10 targets: [3, 6, 9, 6, 5, 5, 1, 6, 0, 6]
2026-06-16 04:12:27,241 - debug - DEBUG - Unique predicted classes: 10 (first 10: [0 1 2 3 4 5 6 7 8 9])
2026-06-16 04:12:27,242 - debug - DEBUG - Unique target classes: 10 (first 10: [0 1 2 3 4 5 6 7 8 9])
2026-06-16 04:12:29,435 - debug - DEBUG - compute_metrics_and_record started for epoch 140
2026-06-16 04:12:29,435 - debug - DEBUG - all_preds length: 10000, all_targets length: 10000
2026-06-16 04:12:29,435 - debug - DEBUG - First 10 preds: [3, 8, 8, 0, 6, 6, 1, 6, 3, 1]
2026-06-16 04:12:29,435 - debug - DEBUG - First 10 targets: [3, 8, 8, 0, 6, 6, 1, 6, 3, 1]
2026-06-16 04:12:29,438 - debug - DEBUG - Unique predicted classes: 10 (first 10: [0 1 2 3 4 5 6 7 8 9])
2026-06-16 04:12:29,438 - debug - DEBUG - Unique target classes: 10 (first 10: [0 1 2 3 4 5 6 7 8 9])
2026-06-16 04:12:29,703 - debug - DEBUG - Device Check - Batch 0
2026-06-16 04:12:29,704 - debug - DEBUG -   Config GPU ID: 1
2026-06-16 04:12:29,704 - debug - DEBUG -   Input Device:  cuda:1
2026-06-16 04:12:29,704 - debug - DEBUG -   Target Device: cuda:1
2026-06-16 04:12:29,704 - debug - DEBUG -   Model Device:  cuda:1
2026-06-16 04:12:29,705 - debug - DEBUG -   Criterion Weight Device: No weights
2026-06-16 04:12:30,127 - debug - DEBUG - Batch 0 grad norm: 1.167797
2026-06-16 04:12:31,196 - debug - DEBUG - Batch 10 grad norm: 1.252509
2026-06-16 04:12:32,284 - debug - DEBUG - Batch 20 grad norm: 1.363327
2026-06-16 04:12:33,354 - debug - DEBUG - Batch 30 grad norm: 1.080092
2026-06-16 04:12:34,446 - debug - DEBUG - Batch 40 grad norm: 1.005212
2026-06-16 04:12:35,528 - debug - DEBUG - Batch 50 grad norm: 1.197189
2026-06-16 04:12:36,609 - debug - DEBUG - Batch 60 grad norm: 0.935112
2026-06-16 04:12:37,677 - debug - DEBUG - Batch 70 grad norm: 1.225392
2026-06-16 04:12:38,742 - debug - DEBUG - Batch 80 grad norm: 1.249883
2026-06-16 04:12:39,805 - debug - DEBUG - Batch 90 grad norm: 1.077765
2026-06-16 04:12:40,866 - debug - DEBUG - Batch 100 grad norm: 1.090387
2026-06-16 04:12:41,925 - debug - DEBUG - Batch 110 grad norm: 0.804527
2026-06-16 04:12:42,984 - debug - DEBUG - Batch 120 grad norm: 1.176316
2026-06-16 04:12:44,049 - debug - DEBUG - Batch 130 grad norm: 1.101795
2026-06-16 04:12:45,083 - debug - DEBUG - Batch 140 grad norm: 0.964522
2026-06-16 04:12:46,149 - debug - DEBUG - Batch 150 grad norm: 1.076114
2026-06-16 04:12:47,209 - debug - DEBUG - Batch 160 grad norm: 1.119330
2026-06-16 04:12:48,221 - debug - DEBUG - Batch 170 grad norm: 1.337313
2026-06-16 04:12:49,365 - debug - DEBUG - Batch 180 grad norm: 1.094088
2026-06-16 04:12:50,264 - debug - DEBUG - Batch 190 grad norm: 1.614066
2026-06-16 04:12:51,340 - debug - DEBUG - Batch 200 grad norm: 0.854464
2026-06-16 04:12:52,404 - debug - DEBUG - Batch 210 grad norm: 0.924659
2026-06-16 04:12:53,481 - debug - DEBUG - Batch 220 grad norm: 1.151748
2026-06-16 04:12:54,532 - debug - DEBUG - Batch 230 grad norm: 0.794715
2026-06-16 04:12:55,596 - debug - DEBUG - Batch 240 grad norm: 0.887461
2026-06-16 04:12:56,672 - debug - DEBUG - Batch 250 grad norm: 1.269872
2026-06-16 04:12:57,735 - debug - DEBUG - Batch 260 grad norm: 1.071836
2026-06-16 04:12:58,812 - debug - DEBUG - Batch 270 grad norm: 0.972399
2026-06-16 04:12:59,865 - debug - DEBUG - Batch 280 grad norm: 0.972795
2026-06-16 04:13:00,944 - debug - DEBUG - Batch 290 grad norm: 0.977193
2026-06-16 04:13:02,014 - debug - DEBUG - Batch 300 grad norm: 1.024252
2026-06-16 04:13:03,092 - debug - DEBUG - Batch 310 grad norm: 0.797464
2026-06-16 04:13:04,110 - debug - DEBUG - Batch 320 grad norm: 0.949289
2026-06-16 04:13:05,180 - debug - DEBUG - Batch 330 grad norm: 0.966142
2026-06-16 04:13:06,221 - debug - DEBUG - Batch 340 grad norm: 1.204913
2026-06-16 04:13:07,296 - debug - DEBUG - Batch 350 grad norm: 0.941826
2026-06-16 04:13:07,391 - debug - DEBUG - compute_metrics_and_record started for epoch 141
2026-06-16 04:13:07,391 - debug - DEBUG - all_preds length: 45000, all_targets length: 45000
2026-06-16 04:13:07,391 - debug - DEBUG - First 10 preds: [3, 9, 6, 1, 2, 2, 1, 4, 5, 5]
2026-06-16 04:13:07,391 - debug - DEBUG - First 10 targets: [3, 9, 6, 1, 2, 5, 9, 4, 5, 5]
2026-06-16 04:13:07,405 - debug - DEBUG - Unique predicted classes: 10 (first 10: [0 1 2 3 4 5 6 7 8 9])
2026-06-16 04:13:07,406 - debug - DEBUG - Unique target classes: 10 (first 10: [0 1 2 3 4 5 6 7 8 9])
2026-06-16 04:13:09,607 - debug - DEBUG - compute_metrics_and_record started for epoch 141
2026-06-16 04:13:09,607 - debug - DEBUG - all_preds length: 10000, all_targets length: 10000
2026-06-16 04:13:09,607 - debug - DEBUG - First 10 preds: [3, 8, 8, 0, 6, 6, 1, 6, 3, 1]
2026-06-16 04:13:09,608 - debug - DEBUG - First 10 targets: [3, 8, 8, 0, 6, 6, 1, 6, 3, 1]
2026-06-16 04:13:09,610 - debug - DEBUG - Unique predicted classes: 10 (first 10: [0 1 2 3 4 5 6 7 8 9])
2026-06-16 04:13:09,610 - debug - DEBUG - Unique target classes: 10 (first 10: [0 1 2 3 4 5 6 7 8 9])
2026-06-16 04:13:09,867 - debug - DEBUG - Device Check - Batch 0
2026-06-16 04:13:09,867 - debug - DEBUG -   Config GPU ID: 1
2026-06-16 04:13:09,868 - debug - DEBUG -   Input Device:  cuda:1
2026-06-16 04:13:09,868 - debug - DEBUG -   Target Device: cuda:1
2026-06-16 04:13:09,868 - debug - DEBUG -   Model Device:  cuda:1
2026-06-16 04:13:09,868 - debug - DEBUG -   Criterion Weight Device: No weights
2026-06-16 04:13:10,379 - debug - DEBUG - Batch 0 grad norm: 0.971602
2026-06-16 04:13:11,269 - debug - DEBUG - Batch 10 grad norm: 0.962193
2026-06-16 04:13:12,339 - debug - DEBUG - Batch 20 grad norm: 1.351495
2026-06-16 04:13:13,407 - debug - DEBUG - Batch 30 grad norm: 1.019059
2026-06-16 04:13:14,480 - debug - DEBUG - Batch 40 grad norm: 0.955294
2026-06-16 04:13:15,518 - debug - DEBUG - Batch 50 grad norm: 0.896904
2026-06-16 04:13:16,589 - debug - DEBUG - Batch 60 grad norm: 1.050208
2026-06-16 04:13:17,651 - debug - DEBUG - Batch 70 grad norm: 1.226666
2026-06-16 04:13:18,729 - debug - DEBUG - Batch 80 grad norm: 1.268225
2026-06-16 04:13:19,803 - debug - DEBUG - Batch 90 grad norm: 1.132473
2026-06-16 04:13:20,877 - debug - DEBUG - Batch 100 grad norm: 1.113832
2026-06-16 04:13:21,959 - debug - DEBUG - Batch 110 grad norm: 0.896610
2026-06-16 04:13:23,017 - debug - DEBUG - Batch 120 grad norm: 1.198764
2026-06-16 04:13:24,092 - debug - DEBUG - Batch 130 grad norm: 0.792050
2026-06-16 04:13:25,167 - debug - DEBUG - Batch 140 grad norm: 0.936392
2026-06-16 04:13:26,247 - debug - DEBUG - Batch 150 grad norm: 0.982055
2026-06-16 04:13:27,329 - debug - DEBUG - Batch 160 grad norm: 1.058593
2026-06-16 04:13:28,239 - debug - DEBUG - Batch 170 grad norm: 1.302910
2026-06-16 04:13:29,387 - debug - DEBUG - Batch 180 grad norm: 0.842805
2026-06-16 04:13:30,382 - debug - DEBUG - Batch 190 grad norm: 1.113420
2026-06-16 04:13:31,380 - debug - DEBUG - Batch 200 grad norm: 0.724500
2026-06-16 04:13:32,441 - debug - DEBUG - Batch 210 grad norm: 1.137591
2026-06-16 04:13:33,507 - debug - DEBUG - Batch 220 grad norm: 1.171577
2026-06-16 04:13:34,536 - debug - DEBUG - Batch 230 grad norm: 0.825277
2026-06-16 04:13:35,608 - debug - DEBUG - Batch 240 grad norm: 0.888656
2026-06-16 04:13:36,664 - debug - DEBUG - Batch 250 grad norm: 1.030743
2026-06-16 04:13:37,707 - debug - DEBUG - Batch 260 grad norm: 1.185961
2026-06-16 04:13:38,780 - debug - DEBUG - Batch 270 grad norm: 1.044725
2026-06-16 04:13:39,845 - debug - DEBUG - Batch 280 grad norm: 1.402881
2026-06-16 04:13:40,917 - debug - DEBUG - Batch 290 grad norm: 1.737840
2026-06-16 04:13:41,985 - debug - DEBUG - Batch 300 grad norm: 1.271893
2026-06-16 04:13:43,061 - debug - DEBUG - Batch 310 grad norm: 0.926349
2026-06-16 04:13:44,107 - debug - DEBUG - Batch 320 grad norm: 0.883736
2026-06-16 04:13:45,179 - debug - DEBUG - Batch 330 grad norm: 1.076328
2026-06-16 04:13:46,240 - debug - DEBUG - Batch 340 grad norm: 1.286938
2026-06-16 04:13:47,310 - debug - DEBUG - Batch 350 grad norm: 1.214309
2026-06-16 04:13:47,424 - debug - DEBUG - compute_metrics_and_record started for epoch 142
2026-06-16 04:13:47,424 - debug - DEBUG - all_preds length: 45000, all_targets length: 45000
2026-06-16 04:13:47,424 - debug - DEBUG - First 10 preds: [0, 2, 5, 7, 5, 4, 7, 3, 3, 5]
2026-06-16 04:13:47,425 - debug - DEBUG - First 10 targets: [0, 3, 3, 7, 3, 4, 7, 3, 3, 5]
2026-06-16 04:13:47,443 - debug - DEBUG - Unique predicted classes: 10 (first 10: [0 1 2 3 4 5 6 7 8 9])
2026-06-16 04:13:47,443 - debug - DEBUG - Unique target classes: 10 (first 10: [0 1 2 3 4 5 6 7 8 9])
2026-06-16 04:13:49,677 - debug - DEBUG - compute_metrics_and_record started for epoch 142
2026-06-16 04:13:49,677 - debug - DEBUG - all_preds length: 10000, all_targets length: 10000
2026-06-16 04:13:49,677 - debug - DEBUG - First 10 preds: [3, 8, 8, 0, 6, 6, 1, 6, 3, 1]
2026-06-16 04:13:49,678 - debug - DEBUG - First 10 targets: [3, 8, 8, 0, 6, 6, 1, 6, 3, 1]
2026-06-16 04:13:49,680 - debug - DEBUG - Unique predicted classes: 10 (first 10: [0 1 2 3 4 5 6 7 8 9])
2026-06-16 04:13:49,680 - debug - DEBUG - Unique target classes: 10 (first 10: [0 1 2 3 4 5 6 7 8 9])
2026-06-16 04:13:49,933 - debug - DEBUG - Device Check - Batch 0
2026-06-16 04:13:49,934 - debug - DEBUG -   Config GPU ID: 1
2026-06-16 04:13:49,934 - debug - DEBUG -   Input Device:  cuda:1
2026-06-16 04:13:49,934 - debug - DEBUG -   Target Device: cuda:1
2026-06-16 04:13:49,935 - debug - DEBUG -   Model Device:  cuda:1
2026-06-16 04:13:49,935 - debug - DEBUG -   Criterion Weight Device: No weights
2026-06-16 04:13:50,395 - debug - DEBUG - Batch 0 grad norm: 1.079597
2026-06-16 04:13:51,424 - debug - DEBUG - Batch 10 grad norm: 1.168774
2026-06-16 04:13:52,499 - debug - DEBUG - Batch 20 grad norm: 1.169234
2026-06-16 04:13:53,439 - debug - DEBUG - Batch 30 grad norm: 1.117899
2026-06-16 04:13:54,537 - debug - DEBUG - Batch 40 grad norm: 0.908995
2026-06-16 04:13:55,615 - debug - DEBUG - Batch 50 grad norm: 0.886972
2026-06-16 04:13:56,587 - debug - DEBUG - Batch 60 grad norm: 1.216404
2026-06-16 04:13:57,664 - debug - DEBUG - Batch 70 grad norm: 1.039399
2026-06-16 04:13:58,724 - debug - DEBUG - Batch 80 grad norm: 1.158655
2026-06-16 04:13:59,812 - debug - DEBUG - Batch 90 grad norm: 0.915786
2026-06-16 04:14:00,834 - debug - DEBUG - Batch 100 grad norm: 1.268132
2026-06-16 04:14:01,904 - debug - DEBUG - Batch 110 grad norm: 0.964204
2026-06-16 04:14:02,960 - debug - DEBUG - Batch 120 grad norm: 1.039354
2026-06-16 04:14:04,047 - debug - DEBUG - Batch 130 grad norm: 1.188535
2026-06-16 04:14:05,167 - debug - DEBUG - Batch 140 grad norm: 1.018417
2026-06-16 04:14:06,187 - debug - DEBUG - Batch 150 grad norm: 1.214657
2026-06-16 04:14:07,265 - debug - DEBUG - Batch 160 grad norm: 1.117882
2026-06-16 04:14:08,271 - debug - DEBUG - Batch 170 grad norm: 1.040312
2026-06-16 04:14:09,341 - debug - DEBUG - Batch 180 grad norm: 0.963982
2026-06-16 04:14:10,440 - debug - DEBUG - Batch 190 grad norm: 1.176175
2026-06-16 04:14:11,415 - debug - DEBUG - Batch 200 grad norm: 0.967166
2026-06-16 04:14:12,465 - debug - DEBUG - Batch 210 grad norm: 1.099612
2026-06-16 04:14:13,551 - debug - DEBUG - Batch 220 grad norm: 0.976605
2026-06-16 04:14:14,637 - debug - DEBUG - Batch 230 grad norm: 1.137549
2026-06-16 04:14:15,697 - debug - DEBUG - Batch 240 grad norm: 1.244308
2026-06-16 04:14:16,783 - debug - DEBUG - Batch 250 grad norm: 1.358525
2026-06-16 04:14:17,869 - debug - DEBUG - Batch 260 grad norm: 1.174194
2026-06-16 04:14:18,960 - debug - DEBUG - Batch 270 grad norm: 0.851069
2026-06-16 04:14:20,033 - debug - DEBUG - Batch 280 grad norm: 1.566942
2026-06-16 04:14:21,117 - debug - DEBUG - Batch 290 grad norm: 1.135486
2026-06-16 04:14:22,231 - debug - DEBUG - Batch 300 grad norm: 1.100870
2026-06-16 04:14:23,341 - debug - DEBUG - Batch 310 grad norm: 1.052368
2026-06-16 04:14:24,462 - debug - DEBUG - Batch 320 grad norm: 1.009715
2026-06-16 04:14:25,534 - debug - DEBUG - Batch 330 grad norm: 0.912469
2026-06-16 04:14:26,644 - debug - DEBUG - Batch 340 grad norm: 1.026751
2026-06-16 04:14:27,759 - debug - DEBUG - Batch 350 grad norm: 1.013206
2026-06-16 04:14:27,848 - debug - DEBUG - compute_metrics_and_record started for epoch 143
2026-06-16 04:14:27,849 - debug - DEBUG - all_preds length: 45000, all_targets length: 45000
2026-06-16 04:14:27,849 - debug - DEBUG - First 10 preds: [8, 3, 7, 8, 1, 7, 7, 1, 8, 3]
2026-06-16 04:14:27,849 - debug - DEBUG - First 10 targets: [8, 3, 7, 8, 1, 7, 7, 1, 8, 9]
2026-06-16 04:14:27,859 - debug - DEBUG - Unique predicted classes: 10 (first 10: [0 1 2 3 4 5 6 7 8 9])
2026-06-16 04:14:27,859 - debug - DEBUG - Unique target classes: 10 (first 10: [0 1 2 3 4 5 6 7 8 9])
2026-06-16 04:14:30,185 - debug - DEBUG - compute_metrics_and_record started for epoch 143
2026-06-16 04:14:30,186 - debug - DEBUG - all_preds length: 10000, all_targets length: 10000
2026-06-16 04:14:30,186 - debug - DEBUG - First 10 preds: [3, 8, 1, 8, 6, 6, 1, 6, 3, 1]
2026-06-16 04:14:30,186 - debug - DEBUG - First 10 targets: [3, 8, 8, 0, 6, 6, 1, 6, 3, 1]
2026-06-16 04:14:30,188 - debug - DEBUG - Unique predicted classes: 10 (first 10: [0 1 2 3 4 5 6 7 8 9])
2026-06-16 04:14:30,188 - debug - DEBUG - Unique target classes: 10 (first 10: [0 1 2 3 4 5 6 7 8 9])
2026-06-16 04:14:30,479 - debug - DEBUG - Device Check - Batch 0
2026-06-16 04:14:30,480 - debug - DEBUG -   Config GPU ID: 1
2026-06-16 04:14:30,480 - debug - DEBUG -   Input Device:  cuda:1
2026-06-16 04:14:30,480 - debug - DEBUG -   Target Device: cuda:1
2026-06-16 04:14:30,481 - debug - DEBUG -   Model Device:  cuda:1
2026-06-16 04:14:30,481 - debug - DEBUG -   Criterion Weight Device: No weights
2026-06-16 04:14:31,001 - debug - DEBUG - Batch 0 grad norm: 0.974123
2026-06-16 04:14:32,073 - debug - DEBUG - Batch 10 grad norm: 1.263100
2026-06-16 04:14:33,152 - debug - DEBUG - Batch 20 grad norm: 0.858259
2026-06-16 04:14:34,229 - debug - DEBUG - Batch 30 grad norm: 1.035968
2026-06-16 04:14:35,298 - debug - DEBUG - Batch 40 grad norm: 1.085958
2026-06-16 04:14:36,347 - debug - DEBUG - Batch 50 grad norm: 1.127256
2026-06-16 04:14:37,418 - debug - DEBUG - Batch 60 grad norm: 0.920600
2026-06-16 04:14:38,399 - debug - DEBUG - Batch 70 grad norm: 1.182539
2026-06-16 04:14:39,537 - debug - DEBUG - Batch 80 grad norm: 0.969729
2026-06-16 04:14:40,476 - debug - DEBUG - Batch 90 grad norm: 1.183589
2026-06-16 04:14:41,530 - debug - DEBUG - Batch 100 grad norm: 1.091612
2026-06-16 04:14:42,611 - debug - DEBUG - Batch 110 grad norm: 1.119134
2026-06-16 04:14:43,672 - debug - DEBUG - Batch 120 grad norm: 1.144777
2026-06-16 04:14:44,747 - debug - DEBUG - Batch 130 grad norm: 1.271657
2026-06-16 04:14:45,808 - debug - DEBUG - Batch 140 grad norm: 0.966820
2026-06-16 04:14:46,878 - debug - DEBUG - Batch 150 grad norm: 1.225708
2026-06-16 04:14:47,949 - debug - DEBUG - Batch 160 grad norm: 1.064228
2026-06-16 04:14:48,972 - debug - DEBUG - Batch 170 grad norm: 1.212603
2026-06-16 04:14:50,134 - debug - DEBUG - Batch 180 grad norm: 1.078969
2026-06-16 04:14:51,060 - debug - DEBUG - Batch 190 grad norm: 1.368894
2026-06-16 04:14:52,130 - debug - DEBUG - Batch 200 grad norm: 1.368346
2026-06-16 04:14:53,188 - debug - DEBUG - Batch 210 grad norm: 1.137638
2026-06-16 04:14:54,254 - debug - DEBUG - Batch 220 grad norm: 1.298910
2026-06-16 04:14:55,299 - debug - DEBUG - Batch 230 grad norm: 1.092048
2026-06-16 04:14:56,352 - debug - DEBUG - Batch 240 grad norm: 1.057392
2026-06-16 04:14:57,415 - debug - DEBUG - Batch 250 grad norm: 1.090352
2026-06-16 04:14:58,443 - debug - DEBUG - Batch 260 grad norm: 1.279815
2026-06-16 04:14:59,500 - debug - DEBUG - Batch 270 grad norm: 1.132867
2026-06-16 04:15:00,550 - debug - DEBUG - Batch 280 grad norm: 0.801929
2026-06-16 04:15:01,603 - debug - DEBUG - Batch 290 grad norm: 0.917863
2026-06-16 04:15:02,641 - debug - DEBUG - Batch 300 grad norm: 1.119127
2026-06-16 04:15:03,701 - debug - DEBUG - Batch 310 grad norm: 1.140575
2026-06-16 04:15:04,765 - debug - DEBUG - Batch 320 grad norm: 1.376148
2026-06-16 04:15:05,827 - debug - DEBUG - Batch 330 grad norm: 1.129930
2026-06-16 04:15:06,891 - debug - DEBUG - Batch 340 grad norm: 1.088518
2026-06-16 04:15:07,926 - debug - DEBUG - Batch 350 grad norm: 1.095048
2026-06-16 04:15:08,017 - debug - DEBUG - compute_metrics_and_record started for epoch 144
2026-06-16 04:15:08,018 - debug - DEBUG - all_preds length: 45000, all_targets length: 45000
2026-06-16 04:15:08,018 - debug - DEBUG - First 10 preds: [2, 1, 4, 4, 8, 1, 2, 1, 2, 0]
2026-06-16 04:15:08,018 - debug - DEBUG - First 10 targets: [2, 1, 4, 4, 8, 1, 2, 1, 2, 0]
2026-06-16 04:15:08,031 - debug - DEBUG - Unique predicted classes: 10 (first 10: [0 1 2 3 4 5 6 7 8 9])
2026-06-16 04:15:08,031 - debug - DEBUG - Unique target classes: 10 (first 10: [0 1 2 3 4 5 6 7 8 9])
2026-06-16 04:15:10,196 - debug - DEBUG - compute_metrics_and_record started for epoch 144
2026-06-16 04:15:10,196 - debug - DEBUG - all_preds length: 10000, all_targets length: 10000
2026-06-16 04:15:10,196 - debug - DEBUG - First 10 preds: [3, 8, 1, 8, 6, 6, 1, 6, 3, 1]
2026-06-16 04:15:10,197 - debug - DEBUG - First 10 targets: [3, 8, 8, 0, 6, 6, 1, 6, 3, 1]
2026-06-16 04:15:10,199 - debug - DEBUG - Unique predicted classes: 10 (first 10: [0 1 2 3 4 5 6 7 8 9])
2026-06-16 04:15:10,199 - debug - DEBUG - Unique target classes: 10 (first 10: [0 1 2 3 4 5 6 7 8 9])
2026-06-16 04:15:10,464 - debug - DEBUG - Device Check - Batch 0
2026-06-16 04:15:10,465 - debug - DEBUG -   Config GPU ID: 1
2026-06-16 04:15:10,465 - debug - DEBUG -   Input Device:  cuda:1
2026-06-16 04:15:10,465 - debug - DEBUG -   Target Device: cuda:1
2026-06-16 04:15:10,466 - debug - DEBUG -   Model Device:  cuda:1
2026-06-16 04:15:10,466 - debug - DEBUG -   Criterion Weight Device: No weights
2026-06-16 04:15:10,869 - debug - DEBUG - Batch 0 grad norm: 0.888110
2026-06-16 04:15:11,914 - debug - DEBUG - Batch 10 grad norm: 0.978572
2026-06-16 04:15:12,982 - debug - DEBUG - Batch 20 grad norm: 1.078636
2026-06-16 04:15:14,058 - debug - DEBUG - Batch 30 grad norm: 1.076379
2026-06-16 04:15:15,113 - debug - DEBUG - Batch 40 grad norm: 0.973602
2026-06-16 04:15:16,189 - debug - DEBUG - Batch 50 grad norm: 1.278001
2026-06-16 04:15:17,264 - debug - DEBUG - Batch 60 grad norm: 0.751073
2026-06-16 04:15:18,337 - debug - DEBUG - Batch 70 grad norm: 0.764348
2026-06-16 04:15:19,387 - debug - DEBUG - Batch 80 grad norm: 0.879760
2026-06-16 04:15:20,459 - debug - DEBUG - Batch 90 grad norm: 1.380904
2026-06-16 04:15:21,534 - debug - DEBUG - Batch 100 grad norm: 1.277461
2026-06-16 04:15:22,601 - debug - DEBUG - Batch 110 grad norm: 0.935254
2026-06-16 04:15:23,637 - debug - DEBUG - Batch 120 grad norm: 1.080779
2026-06-16 04:15:24,782 - debug - DEBUG - Batch 130 grad norm: 0.968314
2026-06-16 04:15:25,688 - debug - DEBUG - Batch 140 grad norm: 1.123415
2026-06-16 04:15:26,757 - debug - DEBUG - Batch 150 grad norm: 1.174261
2026-06-16 04:15:27,826 - debug - DEBUG - Batch 160 grad norm: 1.253884
2026-06-16 04:15:28,819 - debug - DEBUG - Batch 170 grad norm: 1.126255
2026-06-16 04:15:29,964 - debug - DEBUG - Batch 180 grad norm: 1.139845
2026-06-16 04:15:30,835 - debug - DEBUG - Batch 190 grad norm: 1.243972
2026-06-16 04:15:31,917 - debug - DEBUG - Batch 200 grad norm: 0.987211
2026-06-16 04:15:32,993 - debug - DEBUG - Batch 210 grad norm: 0.906571
2026-06-16 04:15:34,074 - debug - DEBUG - Batch 220 grad norm: 0.826136
2026-06-16 04:15:35,154 - debug - DEBUG - Batch 230 grad norm: 1.074902
2026-06-16 04:15:36,209 - debug - DEBUG - Batch 240 grad norm: 1.251697
2026-06-16 04:15:37,286 - debug - DEBUG - Batch 250 grad norm: 1.026687
2026-06-16 04:15:38,353 - debug - DEBUG - Batch 260 grad norm: 0.933163
2026-06-16 04:15:39,423 - debug - DEBUG - Batch 270 grad norm: 1.296009
2026-06-16 04:15:40,492 - debug - DEBUG - Batch 280 grad norm: 0.881737
2026-06-16 04:15:41,565 - debug - DEBUG - Batch 290 grad norm: 1.377293
2026-06-16 04:15:42,641 - debug - DEBUG - Batch 300 grad norm: 1.480052
2026-06-16 04:15:43,699 - debug - DEBUG - Batch 310 grad norm: 1.222404
2026-06-16 04:15:44,769 - debug - DEBUG - Batch 320 grad norm: 1.312128
2026-06-16 04:15:45,838 - debug - DEBUG - Batch 330 grad norm: 1.165802
2026-06-16 04:15:46,906 - debug - DEBUG - Batch 340 grad norm: 1.365713
2026-06-16 04:15:47,961 - debug - DEBUG - Batch 350 grad norm: 1.170414
2026-06-16 04:15:48,070 - debug - DEBUG - compute_metrics_and_record started for epoch 145
2026-06-16 04:15:48,071 - debug - DEBUG - all_preds length: 45000, all_targets length: 45000
2026-06-16 04:15:48,071 - debug - DEBUG - First 10 preds: [0, 6, 3, 4, 6, 5, 1, 3, 2, 6]
2026-06-16 04:15:48,071 - debug - DEBUG - First 10 targets: [0, 6, 3, 4, 6, 5, 1, 3, 2, 5]
2026-06-16 04:15:48,082 - debug - DEBUG - Unique predicted classes: 10 (first 10: [0 1 2 3 4 5 6 7 8 9])
2026-06-16 04:15:48,082 - debug - DEBUG - Unique target classes: 10 (first 10: [0 1 2 3 4 5 6 7 8 9])
2026-06-16 04:15:50,326 - debug - DEBUG - compute_metrics_and_record started for epoch 145
2026-06-16 04:15:50,326 - debug - DEBUG - all_preds length: 10000, all_targets length: 10000
2026-06-16 04:15:50,326 - debug - DEBUG - First 10 preds: [3, 8, 8, 0, 6, 6, 1, 2, 3, 1]
2026-06-16 04:15:50,326 - debug - DEBUG - First 10 targets: [3, 8, 8, 0, 6, 6, 1, 6, 3, 1]
2026-06-16 04:15:50,329 - debug - DEBUG - Unique predicted classes: 10 (first 10: [0 1 2 3 4 5 6 7 8 9])
2026-06-16 04:15:50,329 - debug - DEBUG - Unique target classes: 10 (first 10: [0 1 2 3 4 5 6 7 8 9])
2026-06-16 04:15:50,586 - debug - DEBUG - Device Check - Batch 0
2026-06-16 04:15:50,587 - debug - DEBUG -   Config GPU ID: 1
2026-06-16 04:15:50,587 - debug - DEBUG -   Input Device:  cuda:1
2026-06-16 04:15:50,587 - debug - DEBUG -   Target Device: cuda:1
2026-06-16 04:15:50,588 - debug - DEBUG -   Model Device:  cuda:1
2026-06-16 04:15:50,588 - debug - DEBUG -   Criterion Weight Device: No weights
2026-06-16 04:15:51,056 - debug - DEBUG - Batch 0 grad norm: 0.515049
2026-06-16 04:15:52,096 - debug - DEBUG - Batch 10 grad norm: 1.177705
2026-06-16 04:15:53,139 - debug - DEBUG - Batch 20 grad norm: 0.884228
2026-06-16 04:15:54,191 - debug - DEBUG - Batch 30 grad norm: 1.051971
2026-06-16 04:15:55,249 - debug - DEBUG - Batch 40 grad norm: 0.902724
2026-06-16 04:15:56,307 - debug - DEBUG - Batch 50 grad norm: 1.047586
2026-06-16 04:15:57,363 - debug - DEBUG - Batch 60 grad norm: 1.384082
2026-06-16 04:15:58,397 - debug - DEBUG - Batch 70 grad norm: 1.104661
2026-06-16 04:15:59,447 - debug - DEBUG - Batch 80 grad norm: 1.137859
2026-06-16 04:16:00,483 - debug - DEBUG - Batch 90 grad norm: 1.096563
2026-06-16 04:16:01,535 - debug - DEBUG - Batch 100 grad norm: 1.201000
2026-06-16 04:16:02,596 - debug - DEBUG - Batch 110 grad norm: 1.174620
2026-06-16 04:16:03,658 - debug - DEBUG - Batch 120 grad norm: 1.114407
2026-06-16 04:16:04,722 - debug - DEBUG - Batch 130 grad norm: 1.093616
2026-06-16 04:16:05,787 - debug - DEBUG - Batch 140 grad norm: 1.058106
2026-06-16 04:16:06,831 - debug - DEBUG - Batch 150 grad norm: 1.035128
2026-06-16 04:16:07,794 - debug - DEBUG - Batch 160 grad norm: 0.859751
2026-06-16 04:16:08,896 - debug - DEBUG - Batch 170 grad norm: 1.287406
2026-06-16 04:16:09,830 - debug - DEBUG - Batch 180 grad norm: 1.192307
2026-06-16 04:16:10,959 - debug - DEBUG - Batch 190 grad norm: 1.061145
2026-06-16 04:16:11,863 - debug - DEBUG - Batch 200 grad norm: 1.260349
2026-06-16 04:16:12,932 - debug - DEBUG - Batch 210 grad norm: 1.520406
2026-06-16 04:16:14,005 - debug - DEBUG - Batch 220 grad norm: 1.228373
2026-06-16 04:16:15,073 - debug - DEBUG - Batch 230 grad norm: 1.377481
2026-06-16 04:16:16,137 - debug - DEBUG - Batch 240 grad norm: 1.052006
2026-06-16 04:16:17,191 - debug - DEBUG - Batch 250 grad norm: 0.928050
2026-06-16 04:16:18,231 - debug - DEBUG - Batch 260 grad norm: 1.086326
2026-06-16 04:16:19,284 - debug - DEBUG - Batch 270 grad norm: 1.094448
2026-06-16 04:16:20,306 - debug - DEBUG - Batch 280 grad norm: 0.772765
2026-06-16 04:16:21,371 - debug - DEBUG - Batch 290 grad norm: 1.451710
2026-06-16 04:16:22,428 - debug - DEBUG - Batch 300 grad norm: 1.238182
2026-06-16 04:16:23,495 - debug - DEBUG - Batch 310 grad norm: 0.768731
2026-06-16 04:16:24,541 - debug - DEBUG - Batch 320 grad norm: 0.931469
2026-06-16 04:16:25,595 - debug - DEBUG - Batch 330 grad norm: 1.163716
2026-06-16 04:16:26,659 - debug - DEBUG - Batch 340 grad norm: 0.936951
2026-06-16 04:16:27,695 - debug - DEBUG - Batch 350 grad norm: 1.229147
2026-06-16 04:16:27,797 - debug - DEBUG - compute_metrics_and_record started for epoch 146
2026-06-16 04:16:27,797 - debug - DEBUG - all_preds length: 45000, all_targets length: 45000
2026-06-16 04:16:27,798 - debug - DEBUG - First 10 preds: [2, 6, 7, 6, 4, 4, 5, 2, 8, 1]
2026-06-16 04:16:27,798 - debug - DEBUG - First 10 targets: [2, 6, 7, 6, 2, 4, 5, 2, 8, 1]
2026-06-16 04:16:27,810 - debug - DEBUG - Unique predicted classes: 10 (first 10: [0 1 2 3 4 5 6 7 8 9])
2026-06-16 04:16:27,810 - debug - DEBUG - Unique target classes: 10 (first 10: [0 1 2 3 4 5 6 7 8 9])
2026-06-16 04:16:29,965 - debug - DEBUG - compute_metrics_and_record started for epoch 146
2026-06-16 04:16:29,965 - debug - DEBUG - all_preds length: 10000, all_targets length: 10000
2026-06-16 04:16:29,965 - debug - DEBUG - First 10 preds: [3, 8, 8, 0, 6, 5, 1, 6, 3, 1]
2026-06-16 04:16:29,965 - debug - DEBUG - First 10 targets: [3, 8, 8, 0, 6, 6, 1, 6, 3, 1]
2026-06-16 04:16:29,968 - debug - DEBUG - Unique predicted classes: 10 (first 10: [0 1 2 3 4 5 6 7 8 9])
2026-06-16 04:16:29,968 - debug - DEBUG - Unique target classes: 10 (first 10: [0 1 2 3 4 5 6 7 8 9])
2026-06-16 04:16:30,310 - debug - DEBUG - Device Check - Batch 0
2026-06-16 04:16:30,311 - debug - DEBUG -   Config GPU ID: 1
2026-06-16 04:16:30,311 - debug - DEBUG -   Input Device:  cuda:1
2026-06-16 04:16:30,311 - debug - DEBUG -   Target Device: cuda:1
2026-06-16 04:16:30,311 - debug - DEBUG -   Model Device:  cuda:1
2026-06-16 04:16:30,311 - debug - DEBUG -   Criterion Weight Device: No weights
2026-06-16 04:16:30,656 - debug - DEBUG - Batch 0 grad norm: 0.987194
2026-06-16 04:16:31,694 - debug - DEBUG - Batch 10 grad norm: 1.058857
2026-06-16 04:16:32,744 - debug - DEBUG - Batch 20 grad norm: 1.095638
2026-06-16 04:16:33,791 - debug - DEBUG - Batch 30 grad norm: 1.296134
2026-06-16 04:16:34,857 - debug - DEBUG - Batch 40 grad norm: 1.033297
2026-06-16 04:16:35,928 - debug - DEBUG - Batch 50 grad norm: 1.236808
2026-06-16 04:16:36,976 - debug - DEBUG - Batch 60 grad norm: 0.747671
2026-06-16 04:16:38,054 - debug - DEBUG - Batch 70 grad norm: 0.872490
2026-06-16 04:16:39,098 - debug - DEBUG - Batch 80 grad norm: 1.047153
2026-06-16 04:16:40,169 - debug - DEBUG - Batch 90 grad norm: 0.968501
2026-06-16 04:16:41,217 - debug - DEBUG - Batch 100 grad norm: 0.841917
2026-06-16 04:16:42,283 - debug - DEBUG - Batch 110 grad norm: 1.272010
2026-06-16 04:16:43,333 - debug - DEBUG - Batch 120 grad norm: 0.895652
2026-06-16 04:16:44,403 - debug - DEBUG - Batch 130 grad norm: 0.948221
2026-06-16 04:16:45,469 - debug - DEBUG - Batch 140 grad norm: 1.117359
2026-06-16 04:16:46,515 - debug - DEBUG - Batch 150 grad norm: 1.523118
2026-06-16 04:16:47,590 - debug - DEBUG - Batch 160 grad norm: 1.420478
2026-06-16 04:16:48,633 - debug - DEBUG - Batch 170 grad norm: 1.083457
2026-06-16 04:16:49,649 - debug - DEBUG - Batch 180 grad norm: 0.934444
2026-06-16 04:16:50,783 - debug - DEBUG - Batch 190 grad norm: 1.073195
2026-06-16 04:16:51,692 - debug - DEBUG - Batch 200 grad norm: 1.011501
2026-06-16 04:16:52,693 - debug - DEBUG - Batch 210 grad norm: 0.895457
2026-06-16 04:16:53,828 - debug - DEBUG - Batch 220 grad norm: 0.924980
2026-06-16 04:16:54,729 - debug - DEBUG - Batch 230 grad norm: 1.161585
2026-06-16 04:16:55,769 - debug - DEBUG - Batch 240 grad norm: 1.164555
2026-06-16 04:16:56,838 - debug - DEBUG - Batch 250 grad norm: 0.956764
2026-06-16 04:16:57,908 - debug - DEBUG - Batch 260 grad norm: 1.029519
2026-06-16 04:16:58,966 - debug - DEBUG - Batch 270 grad norm: 1.065514
2026-06-16 04:17:00,008 - debug - DEBUG - Batch 280 grad norm: 1.298774
2026-06-16 04:17:01,073 - debug - DEBUG - Batch 290 grad norm: 1.171251
2026-06-16 04:17:02,118 - debug - DEBUG - Batch 300 grad norm: 0.942498
2026-06-16 04:17:03,178 - debug - DEBUG - Batch 310 grad norm: 0.979221
2026-06-16 04:17:04,249 - debug - DEBUG - Batch 320 grad norm: 1.600797
2026-06-16 04:17:05,294 - debug - DEBUG - Batch 330 grad norm: 0.816368
2026-06-16 04:17:06,355 - debug - DEBUG - Batch 340 grad norm: 0.931634
2026-06-16 04:17:07,403 - debug - DEBUG - Batch 350 grad norm: 1.286370
2026-06-16 04:17:07,499 - debug - DEBUG - compute_metrics_and_record started for epoch 147
2026-06-16 04:17:07,500 - debug - DEBUG - all_preds length: 45000, all_targets length: 45000
2026-06-16 04:17:07,500 - debug - DEBUG - First 10 preds: [0, 6, 2, 9, 4, 8, 4, 3, 1, 6]
2026-06-16 04:17:07,500 - debug - DEBUG - First 10 targets: [0, 6, 2, 9, 4, 8, 4, 3, 1, 6]
2026-06-16 04:17:07,515 - debug - DEBUG - Unique predicted classes: 10 (first 10: [0 1 2 3 4 5 6 7 8 9])
2026-06-16 04:17:07,515 - debug - DEBUG - Unique target classes: 10 (first 10: [0 1 2 3 4 5 6 7 8 9])
2026-06-16 04:17:09,769 - debug - DEBUG - compute_metrics_and_record started for epoch 147
2026-06-16 04:17:09,769 - debug - DEBUG - all_preds length: 10000, all_targets length: 10000
2026-06-16 04:17:09,769 - debug - DEBUG - First 10 preds: [3, 8, 8, 9, 6, 6, 1, 2, 3, 1]
2026-06-16 04:17:09,769 - debug - DEBUG - First 10 targets: [3, 8, 8, 0, 6, 6, 1, 6, 3, 1]
2026-06-16 04:17:09,772 - debug - DEBUG - Unique predicted classes: 10 (first 10: [0 1 2 3 4 5 6 7 8 9])
2026-06-16 04:17:09,772 - debug - DEBUG - Unique target classes: 10 (first 10: [0 1 2 3 4 5 6 7 8 9])
2026-06-16 04:17:10,046 - debug - DEBUG - Device Check - Batch 0
2026-06-16 04:17:10,047 - debug - DEBUG -   Config GPU ID: 1
2026-06-16 04:17:10,047 - debug - DEBUG -   Input Device:  cuda:1
2026-06-16 04:17:10,048 - debug - DEBUG -   Target Device: cuda:1
2026-06-16 04:17:10,048 - debug - DEBUG -   Model Device:  cuda:1
2026-06-16 04:17:10,048 - debug - DEBUG -   Criterion Weight Device: No weights
2026-06-16 04:17:10,479 - debug - DEBUG - Batch 0 grad norm: 0.915618
2026-06-16 04:17:11,547 - debug - DEBUG - Batch 10 grad norm: 0.816234
2026-06-16 04:17:12,599 - debug - DEBUG - Batch 20 grad norm: 1.089715
2026-06-16 04:17:13,670 - debug - DEBUG - Batch 30 grad norm: 1.014067
2026-06-16 04:17:14,715 - debug - DEBUG - Batch 40 grad norm: 1.142420
2026-06-16 04:17:15,785 - debug - DEBUG - Batch 50 grad norm: 0.785002
2026-06-16 04:17:16,834 - debug - DEBUG - Batch 60 grad norm: 0.980945
2026-06-16 04:17:17,903 - debug - DEBUG - Batch 70 grad norm: 0.952829
2026-06-16 04:17:18,952 - debug - DEBUG - Batch 80 grad norm: 1.169727
2026-06-16 04:17:20,015 - debug - DEBUG - Batch 90 grad norm: 1.520591
2026-06-16 04:17:21,088 - debug - DEBUG - Batch 100 grad norm: 1.227066
2026-06-16 04:17:22,135 - debug - DEBUG - Batch 110 grad norm: 0.906497
2026-06-16 04:17:23,211 - debug - DEBUG - Batch 120 grad norm: 0.948586
2026-06-16 04:17:24,252 - debug - DEBUG - Batch 130 grad norm: 1.274898
2026-06-16 04:17:25,323 - debug - DEBUG - Batch 140 grad norm: 1.175842
2026-06-16 04:17:26,370 - debug - DEBUG - Batch 150 grad norm: 1.225382
2026-06-16 04:17:27,438 - debug - DEBUG - Batch 160 grad norm: 1.151787
2026-06-16 04:17:28,486 - debug - DEBUG - Batch 170 grad norm: 1.062425
2026-06-16 04:17:29,531 - debug - DEBUG - Batch 180 grad norm: 1.049175
2026-06-16 04:17:30,676 - debug - DEBUG - Batch 190 grad norm: 1.021641
2026-06-16 04:17:31,559 - debug - DEBUG - Batch 200 grad norm: 1.218139
2026-06-16 04:17:32,634 - debug - DEBUG - Batch 210 grad norm: 1.242390
2026-06-16 04:17:33,685 - debug - DEBUG - Batch 220 grad norm: 0.853319
2026-06-16 04:17:34,760 - debug - DEBUG - Batch 230 grad norm: 1.259042
2026-06-16 04:17:35,800 - debug - DEBUG - Batch 240 grad norm: 1.050228
2026-06-16 04:17:36,805 - debug - DEBUG - Batch 250 grad norm: 1.374994
2026-06-16 04:17:37,935 - debug - DEBUG - Batch 260 grad norm: 1.366317
2026-06-16 04:17:38,852 - debug - DEBUG - Batch 270 grad norm: 0.958403
2026-06-16 04:17:39,894 - debug - DEBUG - Batch 280 grad norm: 1.165048
2026-06-16 04:17:40,951 - debug - DEBUG - Batch 290 grad norm: 1.031225
2026-06-16 04:17:42,029 - debug - DEBUG - Batch 300 grad norm: 1.138089
2026-06-16 04:17:43,081 - debug - DEBUG - Batch 310 grad norm: 0.955737
2026-06-16 04:17:44,158 - debug - DEBUG - Batch 320 grad norm: 0.999387
2026-06-16 04:17:45,211 - debug - DEBUG - Batch 330 grad norm: 1.056959
2026-06-16 04:17:46,283 - debug - DEBUG - Batch 340 grad norm: 1.136135
2026-06-16 04:17:47,336 - debug - DEBUG - Batch 350 grad norm: 0.580845
2026-06-16 04:17:47,431 - debug - DEBUG - compute_metrics_and_record started for epoch 148
2026-06-16 04:17:47,431 - debug - DEBUG - all_preds length: 45000, all_targets length: 45000
2026-06-16 04:17:47,431 - debug - DEBUG - First 10 preds: [3, 9, 1, 1, 1, 3, 1, 0, 4, 0]
2026-06-16 04:17:47,431 - debug - DEBUG - First 10 targets: [3, 9, 1, 1, 1, 3, 1, 0, 4, 0]
2026-06-16 04:17:47,443 - debug - DEBUG - Unique predicted classes: 10 (first 10: [0 1 2 3 4 5 6 7 8 9])
2026-06-16 04:17:47,443 - debug - DEBUG - Unique target classes: 10 (first 10: [0 1 2 3 4 5 6 7 8 9])
2026-06-16 04:17:49,658 - debug - DEBUG - compute_metrics_and_record started for epoch 148
2026-06-16 04:17:49,658 - debug - DEBUG - all_preds length: 10000, all_targets length: 10000
2026-06-16 04:17:49,658 - debug - DEBUG - First 10 preds: [3, 8, 8, 0, 6, 6, 1, 6, 3, 9]
2026-06-16 04:17:49,658 - debug - DEBUG - First 10 targets: [3, 8, 8, 0, 6, 6, 1, 6, 3, 1]
2026-06-16 04:17:49,661 - debug - DEBUG - Unique predicted classes: 10 (first 10: [0 1 2 3 4 5 6 7 8 9])
2026-06-16 04:17:49,661 - debug - DEBUG - Unique target classes: 10 (first 10: [0 1 2 3 4 5 6 7 8 9])
2026-06-16 04:17:49,933 - debug - DEBUG - Device Check - Batch 0
2026-06-16 04:17:49,934 - debug - DEBUG -   Config GPU ID: 1
2026-06-16 04:17:49,934 - debug - DEBUG -   Input Device:  cuda:1
2026-06-16 04:17:49,934 - debug - DEBUG -   Target Device: cuda:1
2026-06-16 04:17:49,934 - debug - DEBUG -   Model Device:  cuda:1
2026-06-16 04:17:49,935 - debug - DEBUG -   Criterion Weight Device: No weights
2026-06-16 04:17:50,359 - debug - DEBUG - Batch 0 grad norm: 1.097288
2026-06-16 04:17:51,438 - debug - DEBUG - Batch 10 grad norm: 1.030520
2026-06-16 04:17:52,493 - debug - DEBUG - Batch 20 grad norm: 0.814061
2026-06-16 04:17:53,573 - debug - DEBUG - Batch 30 grad norm: 0.697585
2026-06-16 04:17:54,653 - debug - DEBUG - Batch 40 grad norm: 1.031253
2026-06-16 04:17:55,724 - debug - DEBUG - Batch 50 grad norm: 1.118794
2026-06-16 04:17:56,770 - debug - DEBUG - Batch 60 grad norm: 1.072290
2026-06-16 04:17:57,841 - debug - DEBUG - Batch 70 grad norm: 1.093400
2026-06-16 04:17:58,897 - debug - DEBUG - Batch 80 grad norm: 1.015429
2026-06-16 04:17:59,964 - debug - DEBUG - Batch 90 grad norm: 0.777392
2026-06-16 04:18:01,033 - debug - DEBUG - Batch 100 grad norm: 0.876098
2026-06-16 04:18:02,082 - debug - DEBUG - Batch 110 grad norm: 1.252077
2026-06-16 04:18:03,159 - debug - DEBUG - Batch 120 grad norm: 1.106492
2026-06-16 04:18:04,235 - debug - DEBUG - Batch 130 grad norm: 1.229416
2026-06-16 04:18:05,305 - debug - DEBUG - Batch 140 grad norm: 1.335302
2026-06-16 04:18:06,377 - debug - DEBUG - Batch 150 grad norm: 0.806775
2026-06-16 04:18:07,446 - debug - DEBUG - Batch 160 grad norm: 1.325804
2026-06-16 04:18:08,513 - debug - DEBUG - Batch 170 grad norm: 0.789659
2026-06-16 04:18:09,543 - debug - DEBUG - Batch 180 grad norm: 1.155176
2026-06-16 04:18:10,696 - debug - DEBUG - Batch 190 grad norm: 0.885620
2026-06-16 04:18:11,625 - debug - DEBUG - Batch 200 grad norm: 1.292524
2026-06-16 04:18:12,696 - debug - DEBUG - Batch 210 grad norm: 1.357175
2026-06-16 04:18:13,744 - debug - DEBUG - Batch 220 grad norm: 1.019681
2026-06-16 04:18:14,814 - debug - DEBUG - Batch 230 grad norm: 1.125777
2026-06-16 04:18:15,847 - debug - DEBUG - Batch 240 grad norm: 0.978381
2026-06-16 04:18:16,897 - debug - DEBUG - Batch 250 grad norm: 0.991991
2026-06-16 04:18:17,952 - debug - DEBUG - Batch 260 grad norm: 0.776935
2026-06-16 04:18:19,004 - debug - DEBUG - Batch 270 grad norm: 0.918937
2026-06-16 04:18:20,061 - debug - DEBUG - Batch 280 grad norm: 1.074923
2026-06-16 04:18:20,990 - debug - DEBUG - Batch 290 grad norm: 0.943145
2026-06-16 04:18:22,085 - debug - DEBUG - Batch 300 grad norm: 0.918971
2026-06-16 04:18:23,169 - debug - DEBUG - Batch 310 grad norm: 0.889678
2026-06-16 04:18:24,159 - debug - DEBUG - Batch 320 grad norm: 1.084903
2026-06-16 04:18:25,226 - debug - DEBUG - Batch 330 grad norm: 0.813780
2026-06-16 04:18:26,271 - debug - DEBUG - Batch 340 grad norm: 1.323921
2026-06-16 04:18:27,354 - debug - DEBUG - Batch 350 grad norm: 1.123654
2026-06-16 04:18:27,467 - debug - DEBUG - compute_metrics_and_record started for epoch 149
2026-06-16 04:18:27,467 - debug - DEBUG - all_preds length: 45000, all_targets length: 45000
2026-06-16 04:18:27,467 - debug - DEBUG - First 10 preds: [1, 8, 5, 8, 6, 0, 1, 7, 9, 9]
2026-06-16 04:18:27,467 - debug - DEBUG - First 10 targets: [1, 8, 5, 8, 6, 8, 1, 7, 9, 9]
2026-06-16 04:18:27,477 - debug - DEBUG - Unique predicted classes: 10 (first 10: [0 1 2 3 4 5 6 7 8 9])
2026-06-16 04:18:27,477 - debug - DEBUG - Unique target classes: 10 (first 10: [0 1 2 3 4 5 6 7 8 9])
2026-06-16 04:18:29,659 - debug - DEBUG - compute_metrics_and_record started for epoch 149
2026-06-16 04:18:29,660 - debug - DEBUG - all_preds length: 10000, all_targets length: 10000
2026-06-16 04:18:29,660 - debug - DEBUG - First 10 preds: [3, 8, 0, 0, 6, 6, 1, 6, 3, 9]
2026-06-16 04:18:29,660 - debug - DEBUG - First 10 targets: [3, 8, 8, 0, 6, 6, 1, 6, 3, 1]
2026-06-16 04:18:29,663 - debug - DEBUG - Unique predicted classes: 10 (first 10: [0 1 2 3 4 5 6 7 8 9])
2026-06-16 04:18:29,663 - debug - DEBUG - Unique target classes: 10 (first 10: [0 1 2 3 4 5 6 7 8 9])
2026-06-16 04:18:29,936 - debug - DEBUG - Device Check - Batch 0
2026-06-16 04:18:29,937 - debug - DEBUG -   Config GPU ID: 1
2026-06-16 04:18:29,937 - debug - DEBUG -   Input Device:  cuda:1
2026-06-16 04:18:29,937 - debug - DEBUG -   Target Device: cuda:1
2026-06-16 04:18:29,937 - debug - DEBUG -   Model Device:  cuda:1
2026-06-16 04:18:29,937 - debug - DEBUG -   Criterion Weight Device: No weights
2026-06-16 04:18:30,332 - debug - DEBUG - Batch 0 grad norm: 0.759582
2026-06-16 04:18:31,408 - debug - DEBUG - Batch 10 grad norm: 1.235071
2026-06-16 04:18:32,452 - debug - DEBUG - Batch 20 grad norm: 1.026926
2026-06-16 04:18:33,528 - debug - DEBUG - Batch 30 grad norm: 1.226451
2026-06-16 04:18:34,609 - debug - DEBUG - Batch 40 grad norm: 0.895640
2026-06-16 04:18:35,685 - debug - DEBUG - Batch 50 grad norm: 1.012741
2026-06-16 04:18:36,764 - debug - DEBUG - Batch 60 grad norm: 1.448899
2026-06-16 04:18:37,813 - debug - DEBUG - Batch 70 grad norm: 1.101738
2026-06-16 04:18:38,891 - debug - DEBUG - Batch 80 grad norm: 0.823504
2026-06-16 04:18:39,966 - debug - DEBUG - Batch 90 grad norm: 1.102120
2026-06-16 04:18:41,039 - debug - DEBUG - Batch 100 grad norm: 1.153154
2026-06-16 04:18:42,077 - debug - DEBUG - Batch 110 grad norm: 1.038129
2026-06-16 04:18:43,143 - debug - DEBUG - Batch 120 grad norm: 0.905387
2026-06-16 04:18:44,201 - debug - DEBUG - Batch 130 grad norm: 1.560404
2026-06-16 04:18:45,278 - debug - DEBUG - Batch 140 grad norm: 1.058017
2026-06-16 04:18:46,356 - debug - DEBUG - Batch 150 grad norm: 0.976960
2026-06-16 04:18:47,411 - debug - DEBUG - Batch 160 grad norm: 0.848298
2026-06-16 04:18:48,494 - debug - DEBUG - Batch 170 grad norm: 1.149952
2026-06-16 04:18:49,456 - debug - DEBUG - Batch 180 grad norm: 1.035725
2026-06-16 04:18:50,603 - debug - DEBUG - Batch 190 grad norm: 1.222150
2026-06-16 04:18:51,509 - debug - DEBUG - Batch 200 grad norm: 1.334059
2026-06-16 04:18:52,537 - debug - DEBUG - Batch 210 grad norm: 1.154963
2026-06-16 04:18:53,591 - debug - DEBUG - Batch 220 grad norm: 1.281661
2026-06-16 04:18:54,649 - debug - DEBUG - Batch 230 grad norm: 1.141050
2026-06-16 04:18:55,714 - debug - DEBUG - Batch 240 grad norm: 1.138250
2026-06-16 04:18:56,753 - debug - DEBUG - Batch 250 grad norm: 1.249851
2026-06-16 04:18:57,812 - debug - DEBUG - Batch 260 grad norm: 1.169994
2026-06-16 04:18:58,880 - debug - DEBUG - Batch 270 grad norm: 0.794555
2026-06-16 04:18:59,944 - debug - DEBUG - Batch 280 grad norm: 1.685755
2026-06-16 04:19:01,021 - debug - DEBUG - Batch 290 grad norm: 1.161099
2026-06-16 04:19:02,096 - debug - DEBUG - Batch 300 grad norm: 0.846239
2026-06-16 04:19:03,170 - debug - DEBUG - Batch 310 grad norm: 1.351561
2026-06-16 04:19:04,234 - debug - DEBUG - Batch 320 grad norm: 1.071305
2026-06-16 04:19:05,335 - debug - DEBUG - Batch 330 grad norm: 1.147150
2026-06-16 04:19:06,193 - debug - DEBUG - Batch 340 grad norm: 1.301519
2026-06-16 04:19:07,327 - debug - DEBUG - Batch 350 grad norm: 1.035900
2026-06-16 04:19:07,419 - debug - DEBUG - compute_metrics_and_record started for epoch 150
2026-06-16 04:19:07,419 - debug - DEBUG - all_preds length: 45000, all_targets length: 45000
2026-06-16 04:19:07,419 - debug - DEBUG - First 10 preds: [9, 5, 7, 8, 2, 7, 0, 4, 8, 3]
2026-06-16 04:19:07,419 - debug - DEBUG - First 10 targets: [9, 5, 7, 8, 2, 7, 0, 4, 8, 3]
2026-06-16 04:19:07,432 - debug - DEBUG - Unique predicted classes: 10 (first 10: [0 1 2 3 4 5 6 7 8 9])
2026-06-16 04:19:07,433 - debug - DEBUG - Unique target classes: 10 (first 10: [0 1 2 3 4 5 6 7 8 9])
2026-06-16 04:19:09,514 - debug - DEBUG - compute_metrics_and_record started for epoch 150
2026-06-16 04:19:09,514 - debug - DEBUG - all_preds length: 10000, all_targets length: 10000
2026-06-16 04:19:09,514 - debug - DEBUG - First 10 preds: [3, 8, 8, 8, 6, 6, 1, 6, 3, 1]
2026-06-16 04:19:09,514 - debug - DEBUG - First 10 targets: [3, 8, 8, 0, 6, 6, 1, 6, 3, 1]
2026-06-16 04:19:09,518 - debug - DEBUG - Unique predicted classes: 10 (first 10: [0 1 2 3 4 5 6 7 8 9])
2026-06-16 04:19:09,518 - debug - DEBUG - Unique target classes: 10 (first 10: [0 1 2 3 4 5 6 7 8 9])
2026-06-16 04:19:09,775 - debug - DEBUG - Device Check - Batch 0
2026-06-16 04:19:09,775 - debug - DEBUG -   Config GPU ID: 1
2026-06-16 04:19:09,776 - debug - DEBUG -   Input Device:  cuda:1
2026-06-16 04:19:09,776 - debug - DEBUG -   Target Device: cuda:1
2026-06-16 04:19:09,776 - debug - DEBUG -   Model Device:  cuda:1
2026-06-16 04:19:09,776 - debug - DEBUG -   Criterion Weight Device: No weights
2026-06-16 04:19:10,124 - debug - DEBUG - Batch 0 grad norm: 1.694301
2026-06-16 04:19:11,203 - debug - DEBUG - Batch 10 grad norm: 1.029793
2026-06-16 04:19:12,248 - debug - DEBUG - Batch 20 grad norm: 1.026063
2026-06-16 04:19:13,342 - debug - DEBUG - Batch 30 grad norm: 0.846368
2026-06-16 04:19:14,416 - debug - DEBUG - Batch 40 grad norm: 0.611632
2026-06-16 04:19:15,484 - debug - DEBUG - Batch 50 grad norm: 1.061497
2026-06-16 04:19:16,570 - debug - DEBUG - Batch 60 grad norm: 0.871509
2026-06-16 04:19:17,648 - debug - DEBUG - Batch 70 grad norm: 0.844206
2026-06-16 04:19:18,731 - debug - DEBUG - Batch 80 grad norm: 0.914781
2026-06-16 04:19:19,792 - debug - DEBUG - Batch 90 grad norm: 1.158703
2026-06-16 04:19:20,894 - debug - DEBUG - Batch 100 grad norm: 1.162305
2026-06-16 04:19:22,016 - debug - DEBUG - Batch 110 grad norm: 0.882195
2026-06-16 04:19:23,177 - debug - DEBUG - Batch 120 grad norm: 1.067835
2026-06-16 04:19:24,270 - debug - DEBUG - Batch 130 grad norm: 0.868057
2026-06-16 04:19:25,390 - debug - DEBUG - Batch 140 grad norm: 1.267019
2026-06-16 04:19:26,502 - debug - DEBUG - Batch 150 grad norm: 0.765476
2026-06-16 04:19:27,594 - debug - DEBUG - Batch 160 grad norm: 1.205452
2026-06-16 04:19:28,704 - debug - DEBUG - Batch 170 grad norm: 0.749781
2026-06-16 04:19:29,636 - debug - DEBUG - Batch 180 grad norm: 1.111231
2026-06-16 04:19:30,800 - debug - DEBUG - Batch 190 grad norm: 1.211482
2026-06-16 04:19:31,788 - debug - DEBUG - Batch 200 grad norm: 1.277557
2026-06-16 04:19:32,870 - debug - DEBUG - Batch 210 grad norm: 0.926686
2026-06-16 04:19:33,992 - debug - DEBUG - Batch 220 grad norm: 1.157937
2026-06-16 04:19:35,092 - debug - DEBUG - Batch 230 grad norm: 1.195426
2026-06-16 04:19:36,190 - debug - DEBUG - Batch 240 grad norm: 0.836149
2026-06-16 04:19:37,280 - debug - DEBUG - Batch 250 grad norm: 1.433945
2026-06-16 04:19:38,320 - debug - DEBUG - Batch 260 grad norm: 1.111775
2026-06-16 04:19:39,402 - debug - DEBUG - Batch 270 grad norm: 1.405906
2026-06-16 04:19:40,492 - debug - DEBUG - Batch 280 grad norm: 1.185406
2026-06-16 04:19:41,576 - debug - DEBUG - Batch 290 grad norm: 0.998925
2026-06-16 04:19:42,654 - debug - DEBUG - Batch 300 grad norm: 1.297448
2026-06-16 04:19:43,712 - debug - DEBUG - Batch 310 grad norm: 1.107773
2026-06-16 04:19:44,795 - debug - DEBUG - Batch 320 grad norm: 1.400785
2026-06-16 04:19:45,866 - debug - DEBUG - Batch 330 grad norm: 1.248808
2026-06-16 04:19:46,943 - debug - DEBUG - Batch 340 grad norm: 0.972760
2026-06-16 04:19:48,017 - debug - DEBUG - Batch 350 grad norm: 1.199745
2026-06-16 04:19:48,125 - debug - DEBUG - compute_metrics_and_record started for epoch 151
2026-06-16 04:19:48,126 - debug - DEBUG - all_preds length: 45000, all_targets length: 45000
2026-06-16 04:19:48,126 - debug - DEBUG - First 10 preds: [5, 4, 1, 4, 3, 2, 1, 5, 0, 6]
2026-06-16 04:19:48,126 - debug - DEBUG - First 10 targets: [5, 4, 1, 4, 5, 2, 1, 5, 0, 4]
2026-06-16 04:19:48,141 - debug - DEBUG - Unique predicted classes: 10 (first 10: [0 1 2 3 4 5 6 7 8 9])
2026-06-16 04:19:48,141 - debug - DEBUG - Unique target classes: 10 (first 10: [0 1 2 3 4 5 6 7 8 9])
2026-06-16 04:19:50,381 - debug - DEBUG - compute_metrics_and_record started for epoch 151
2026-06-16 04:19:50,382 - debug - DEBUG - all_preds length: 10000, all_targets length: 10000
2026-06-16 04:19:50,382 - debug - DEBUG - First 10 preds: [3, 8, 8, 0, 6, 6, 1, 6, 3, 1]
2026-06-16 04:19:50,382 - debug - DEBUG - First 10 targets: [3, 8, 8, 0, 6, 6, 1, 6, 3, 1]
2026-06-16 04:19:50,384 - debug - DEBUG - Unique predicted classes: 10 (first 10: [0 1 2 3 4 5 6 7 8 9])
2026-06-16 04:19:50,385 - debug - DEBUG - Unique target classes: 10 (first 10: [0 1 2 3 4 5 6 7 8 9])
2026-06-16 04:19:50,647 - debug - DEBUG - Device Check - Batch 0
2026-06-16 04:19:50,648 - debug - DEBUG -   Config GPU ID: 1
2026-06-16 04:19:50,648 - debug - DEBUG -   Input Device:  cuda:1
2026-06-16 04:19:50,648 - debug - DEBUG -   Target Device: cuda:1
2026-06-16 04:19:50,648 - debug - DEBUG -   Model Device:  cuda:1
2026-06-16 04:19:50,648 - debug - DEBUG -   Criterion Weight Device: No weights
2026-06-16 04:19:51,050 - debug - DEBUG - Batch 0 grad norm: 1.294244
2026-06-16 04:19:52,185 - debug - DEBUG - Batch 10 grad norm: 1.320633
2026-06-16 04:19:53,072 - debug - DEBUG - Batch 20 grad norm: 1.237625
2026-06-16 04:19:53,934 - debug - DEBUG - Batch 30 grad norm: 1.054770
2026-06-16 04:19:54,755 - debug - DEBUG - Batch 40 grad norm: 1.001814
2026-06-16 04:19:55,617 - debug - DEBUG - Batch 50 grad norm: 1.061404
2026-06-16 04:19:56,416 - debug - DEBUG - Batch 60 grad norm: 1.094037
2026-06-16 04:19:57,271 - debug - DEBUG - Batch 70 grad norm: 0.871368
2026-06-16 04:19:58,038 - debug - DEBUG - Batch 80 grad norm: 1.063336
2026-06-16 04:19:58,895 - debug - DEBUG - Batch 90 grad norm: 0.915786
2026-06-16 04:19:59,688 - debug - DEBUG - Batch 100 grad norm: 0.961025
2026-06-16 04:20:00,511 - debug - DEBUG - Batch 110 grad norm: 1.115345
2026-06-16 04:20:01,304 - debug - DEBUG - Batch 120 grad norm: 1.006726
2026-06-16 04:20:02,175 - debug - DEBUG - Batch 130 grad norm: 1.000355
2026-06-16 04:20:02,981 - debug - DEBUG - Batch 140 grad norm: 1.116339
2026-06-16 04:20:03,839 - debug - DEBUG - Batch 150 grad norm: 1.137396
2026-06-16 04:20:04,587 - debug - DEBUG - Batch 160 grad norm: 0.813633
2026-06-16 04:20:05,465 - debug - DEBUG - Batch 170 grad norm: 0.934718
2026-06-16 04:20:06,314 - debug - DEBUG - Batch 180 grad norm: 1.398553
2026-06-16 04:20:07,253 - debug - DEBUG - Batch 190 grad norm: 1.201608
2026-06-16 04:20:07,968 - debug - DEBUG - Batch 200 grad norm: 1.037726
2026-06-16 04:20:08,780 - debug - DEBUG - Batch 210 grad norm: 0.993652
2026-06-16 04:20:09,672 - debug - DEBUG - Batch 220 grad norm: 1.526893
2026-06-16 04:20:10,593 - debug - DEBUG - Batch 230 grad norm: 1.041960
2026-06-16 04:20:11,516 - debug - DEBUG - Batch 240 grad norm: 1.185824
2026-06-16 04:20:12,443 - debug - DEBUG - Batch 250 grad norm: 1.162438
2026-06-16 04:20:13,345 - debug - DEBUG - Batch 260 grad norm: 1.097897
2026-06-16 04:20:14,268 - debug - DEBUG - Batch 270 grad norm: 1.200978
2026-06-16 04:20:15,172 - debug - DEBUG - Batch 280 grad norm: 1.545197
2026-06-16 04:20:16,091 - debug - DEBUG - Batch 290 grad norm: 0.813495
2026-06-16 04:20:17,001 - debug - DEBUG - Batch 300 grad norm: 1.428574
2026-06-16 04:20:17,916 - debug - DEBUG - Batch 310 grad norm: 1.021294
2026-06-16 04:20:18,837 - debug - DEBUG - Batch 320 grad norm: 1.356994
2026-06-16 04:20:19,706 - debug - DEBUG - Batch 330 grad norm: 1.037251
2026-06-16 04:20:20,639 - debug - DEBUG - Batch 340 grad norm: 0.986875
2026-06-16 04:20:21,551 - debug - DEBUG - Batch 350 grad norm: 1.278750
2026-06-16 04:20:21,642 - debug - DEBUG - compute_metrics_and_record started for epoch 152
2026-06-16 04:20:21,643 - debug - DEBUG - all_preds length: 45000, all_targets length: 45000
2026-06-16 04:20:21,643 - debug - DEBUG - First 10 preds: [0, 2, 5, 5, 1, 8, 8, 9, 7, 2]
2026-06-16 04:20:21,643 - debug - DEBUG - First 10 targets: [0, 2, 5, 5, 1, 8, 8, 9, 7, 5]
2026-06-16 04:20:21,654 - debug - DEBUG - Unique predicted classes: 10 (first 10: [0 1 2 3 4 5 6 7 8 9])
2026-06-16 04:20:21,654 - debug - DEBUG - Unique target classes: 10 (first 10: [0 1 2 3 4 5 6 7 8 9])
2026-06-16 04:20:23,641 - debug - DEBUG - compute_metrics_and_record started for epoch 152
2026-06-16 04:20:23,642 - debug - DEBUG - all_preds length: 10000, all_targets length: 10000
2026-06-16 04:20:23,642 - debug - DEBUG - First 10 preds: [3, 8, 8, 0, 6, 6, 1, 6, 3, 1]
2026-06-16 04:20:23,642 - debug - DEBUG - First 10 targets: [3, 8, 8, 0, 6, 6, 1, 6, 3, 1]
2026-06-16 04:20:23,645 - debug - DEBUG - Unique predicted classes: 10 (first 10: [0 1 2 3 4 5 6 7 8 9])
2026-06-16 04:20:23,646 - debug - DEBUG - Unique target classes: 10 (first 10: [0 1 2 3 4 5 6 7 8 9])
2026-06-16 04:20:23,989 - debug - DEBUG - Device Check - Batch 0
2026-06-16 04:20:23,991 - debug - DEBUG -   Config GPU ID: 1
2026-06-16 04:20:23,991 - debug - DEBUG -   Input Device:  cuda:1
2026-06-16 04:20:23,991 - debug - DEBUG -   Target Device: cuda:1
2026-06-16 04:20:23,992 - debug - DEBUG -   Model Device:  cuda:1
2026-06-16 04:20:23,992 - debug - DEBUG -   Criterion Weight Device: No weights
2026-06-16 04:20:24,296 - debug - DEBUG - Batch 0 grad norm: 1.219983
2026-06-16 04:20:25,207 - debug - DEBUG - Batch 10 grad norm: 1.056991
2026-06-16 04:20:26,094 - debug - DEBUG - Batch 20 grad norm: 1.210514
2026-06-16 04:20:27,007 - debug - DEBUG - Batch 30 grad norm: 0.681504
2026-06-16 04:20:27,889 - debug - DEBUG - Batch 40 grad norm: 0.980039
2026-06-16 04:20:28,796 - debug - DEBUG - Batch 50 grad norm: 1.155260
2026-06-16 04:20:29,662 - debug - DEBUG - Batch 60 grad norm: 1.167807
2026-06-16 04:20:30,570 - debug - DEBUG - Batch 70 grad norm: 0.877261
2026-06-16 04:20:31,430 - debug - DEBUG - Batch 80 grad norm: 1.098298
2026-06-16 04:20:32,336 - debug - DEBUG - Batch 90 grad norm: 1.154545
2026-06-16 04:20:33,132 - debug - DEBUG - Batch 100 grad norm: 0.896288
2026-06-16 04:20:34,034 - debug - DEBUG - Batch 110 grad norm: 1.073414
2026-06-16 04:20:34,903 - debug - DEBUG - Batch 120 grad norm: 1.189496
2026-06-16 04:20:35,812 - debug - DEBUG - Batch 130 grad norm: 0.964543
2026-06-16 04:20:36,722 - debug - DEBUG - Batch 140 grad norm: 0.859421
2026-06-16 04:20:37,610 - debug - DEBUG - Batch 150 grad norm: 0.918971
2026-06-16 04:20:38,517 - debug - DEBUG - Batch 160 grad norm: 1.171885
2026-06-16 04:20:39,415 - debug - DEBUG - Batch 170 grad norm: 1.173054
2026-06-16 04:20:40,288 - debug - DEBUG - Batch 180 grad norm: 1.017576
2026-06-16 04:20:41,271 - debug - DEBUG - Batch 190 grad norm: 0.773359
2026-06-16 04:20:42,055 - debug - DEBUG - Batch 200 grad norm: 1.018209
2026-06-16 04:20:42,972 - debug - DEBUG - Batch 210 grad norm: 1.104374
2026-06-16 04:20:43,850 - debug - DEBUG - Batch 220 grad norm: 1.095400
2026-06-16 04:20:44,755 - debug - DEBUG - Batch 230 grad norm: 0.629170
2026-06-16 04:20:45,643 - debug - DEBUG - Batch 240 grad norm: 0.980664
2026-06-16 04:20:46,540 - debug - DEBUG - Batch 250 grad norm: 1.094058
2026-06-16 04:20:47,427 - debug - DEBUG - Batch 260 grad norm: 1.259056
2026-06-16 04:20:48,333 - debug - DEBUG - Batch 270 grad norm: 1.048753
2026-06-16 04:20:49,208 - debug - DEBUG - Batch 280 grad norm: 1.158890
2026-06-16 04:20:50,115 - debug - DEBUG - Batch 290 grad norm: 1.021900
2026-06-16 04:20:51,022 - debug - DEBUG - Batch 300 grad norm: 1.119026
2026-06-16 04:20:51,894 - debug - DEBUG - Batch 310 grad norm: 1.241585
2026-06-16 04:20:52,800 - debug - DEBUG - Batch 320 grad norm: 0.821518
2026-06-16 04:20:53,691 - debug - DEBUG - Batch 330 grad norm: 0.951518
2026-06-16 04:20:54,598 - debug - DEBUG - Batch 340 grad norm: 0.821678
2026-06-16 04:20:55,471 - debug - DEBUG - Batch 350 grad norm: 0.988376
2026-06-16 04:20:55,558 - debug - DEBUG - compute_metrics_and_record started for epoch 153
2026-06-16 04:20:55,558 - debug - DEBUG - all_preds length: 45000, all_targets length: 45000
2026-06-16 04:20:55,558 - debug - DEBUG - First 10 preds: [2, 9, 6, 9, 2, 6, 3, 7, 8, 3]
2026-06-16 04:20:55,558 - debug - DEBUG - First 10 targets: [2, 9, 6, 9, 2, 6, 3, 7, 8, 3]
2026-06-16 04:20:55,570 - debug - DEBUG - Unique predicted classes: 10 (first 10: [0 1 2 3 4 5 6 7 8 9])
2026-06-16 04:20:55,570 - debug - DEBUG - Unique target classes: 10 (first 10: [0 1 2 3 4 5 6 7 8 9])
2026-06-16 04:20:57,494 - debug - DEBUG - compute_metrics_and_record started for epoch 153
2026-06-16 04:20:57,494 - debug - DEBUG - all_preds length: 10000, all_targets length: 10000
2026-06-16 04:20:57,494 - debug - DEBUG - First 10 preds: [3, 8, 1, 0, 6, 6, 1, 6, 3, 1]
2026-06-16 04:20:57,494 - debug - DEBUG - First 10 targets: [3, 8, 8, 0, 6, 6, 1, 6, 3, 1]
2026-06-16 04:20:57,497 - debug - DEBUG - Unique predicted classes: 10 (first 10: [0 1 2 3 4 5 6 7 8 9])
2026-06-16 04:20:57,497 - debug - DEBUG - Unique target classes: 10 (first 10: [0 1 2 3 4 5 6 7 8 9])
2026-06-16 04:20:57,790 - debug - DEBUG - Device Check - Batch 0
2026-06-16 04:20:57,790 - debug - DEBUG -   Config GPU ID: 1
2026-06-16 04:20:57,791 - debug - DEBUG -   Input Device:  cuda:1
2026-06-16 04:20:57,791 - debug - DEBUG -   Target Device: cuda:1
2026-06-16 04:20:57,791 - debug - DEBUG -   Model Device:  cuda:1
2026-06-16 04:20:57,791 - debug - DEBUG -   Criterion Weight Device: No weights
2026-06-16 04:20:58,090 - debug - DEBUG - Batch 0 grad norm: 1.175693
2026-06-16 04:20:58,993 - debug - DEBUG - Batch 10 grad norm: 0.859769
2026-06-16 04:20:59,873 - debug - DEBUG - Batch 20 grad norm: 0.871843
2026-06-16 04:21:00,773 - debug - DEBUG - Batch 30 grad norm: 0.999070
2026-06-16 04:21:01,637 - debug - DEBUG - Batch 40 grad norm: 1.131683
2026-06-16 04:21:02,534 - debug - DEBUG - Batch 50 grad norm: 1.336127
2026-06-16 04:21:03,405 - debug - DEBUG - Batch 60 grad norm: 1.090297
2026-06-16 04:21:04,305 - debug - DEBUG - Batch 70 grad norm: 1.105554
2026-06-16 04:21:05,203 - debug - DEBUG - Batch 80 grad norm: 1.155651
2026-06-16 04:21:06,061 - debug - DEBUG - Batch 90 grad norm: 0.966268
2026-06-16 04:21:06,966 - debug - DEBUG - Batch 100 grad norm: 1.211689
2026-06-16 04:21:07,842 - debug - DEBUG - Batch 110 grad norm: 1.161251
2026-06-16 04:21:08,736 - debug - DEBUG - Batch 120 grad norm: 0.627628
2026-06-16 04:21:09,603 - debug - DEBUG - Batch 130 grad norm: 1.278109
2026-06-16 04:21:10,500 - debug - DEBUG - Batch 140 grad norm: 0.744471
2026-06-16 04:21:11,374 - debug - DEBUG - Batch 150 grad norm: 1.298528
2026-06-16 04:21:12,272 - debug - DEBUG - Batch 160 grad norm: 1.309425
2026-06-16 04:21:13,167 - debug - DEBUG - Batch 170 grad norm: 1.019425
2026-06-16 04:21:13,979 - debug - DEBUG - Batch 180 grad norm: 1.220608
2026-06-16 04:21:14,971 - debug - DEBUG - Batch 190 grad norm: 1.249770
2026-06-16 04:21:15,699 - debug - DEBUG - Batch 200 grad norm: 1.067188
2026-06-16 04:21:16,616 - debug - DEBUG - Batch 210 grad norm: 0.999754
2026-06-16 04:21:17,494 - debug - DEBUG - Batch 220 grad norm: 1.348257
2026-06-16 04:21:18,412 - debug - DEBUG - Batch 230 grad norm: 1.508653
2026-06-16 04:21:19,332 - debug - DEBUG - Batch 240 grad norm: 0.875089
2026-06-16 04:21:20,231 - debug - DEBUG - Batch 250 grad norm: 1.251232
2026-06-16 04:21:21,169 - debug - DEBUG - Batch 260 grad norm: 1.347775
2026-06-16 04:21:22,089 - debug - DEBUG - Batch 270 grad norm: 1.115153
2026-06-16 04:21:23,011 - debug - DEBUG - Batch 280 grad norm: 1.260905
2026-06-16 04:21:23,919 - debug - DEBUG - Batch 290 grad norm: 1.152548
2026-06-16 04:21:24,822 - debug - DEBUG - Batch 300 grad norm: 1.250807
2026-06-16 04:21:25,722 - debug - DEBUG - Batch 310 grad norm: 0.804927
2026-06-16 04:21:26,632 - debug - DEBUG - Batch 320 grad norm: 1.252402
2026-06-16 04:21:27,539 - debug - DEBUG - Batch 330 grad norm: 0.950012
2026-06-16 04:21:28,430 - debug - DEBUG - Batch 340 grad norm: 1.295331
2026-06-16 04:21:29,347 - debug - DEBUG - Batch 350 grad norm: 1.320570
2026-06-16 04:21:29,456 - debug - DEBUG - compute_metrics_and_record started for epoch 154
2026-06-16 04:21:29,457 - debug - DEBUG - all_preds length: 45000, all_targets length: 45000
2026-06-16 04:21:29,457 - debug - DEBUG - First 10 preds: [4, 4, 3, 9, 1, 5, 8, 0, 2, 6]
2026-06-16 04:21:29,457 - debug - DEBUG - First 10 targets: [4, 4, 6, 9, 1, 5, 8, 0, 2, 6]
2026-06-16 04:21:29,469 - debug - DEBUG - Unique predicted classes: 10 (first 10: [0 1 2 3 4 5 6 7 8 9])
2026-06-16 04:21:29,469 - debug - DEBUG - Unique target classes: 10 (first 10: [0 1 2 3 4 5 6 7 8 9])
2026-06-16 04:21:31,485 - debug - DEBUG - compute_metrics_and_record started for epoch 154
2026-06-16 04:21:31,485 - debug - DEBUG - all_preds length: 10000, all_targets length: 10000
2026-06-16 04:21:31,486 - debug - DEBUG - First 10 preds: [3, 8, 8, 8, 6, 6, 1, 4, 4, 1]
2026-06-16 04:21:31,486 - debug - DEBUG - First 10 targets: [3, 8, 8, 0, 6, 6, 1, 6, 3, 1]
2026-06-16 04:21:31,488 - debug - DEBUG - Unique predicted classes: 10 (first 10: [0 1 2 3 4 5 6 7 8 9])
2026-06-16 04:21:31,488 - debug - DEBUG - Unique target classes: 10 (first 10: [0 1 2 3 4 5 6 7 8 9])
2026-06-16 04:21:31,809 - debug - DEBUG - Device Check - Batch 0
2026-06-16 04:21:31,810 - debug - DEBUG -   Config GPU ID: 1
2026-06-16 04:21:31,810 - debug - DEBUG -   Input Device:  cuda:1
2026-06-16 04:21:31,810 - debug - DEBUG -   Target Device: cuda:1
2026-06-16 04:21:31,810 - debug - DEBUG -   Model Device:  cuda:1
2026-06-16 04:21:31,810 - debug - DEBUG -   Criterion Weight Device: No weights
2026-06-16 04:21:32,127 - debug - DEBUG - Batch 0 grad norm: 0.944800
2026-06-16 04:21:32,991 - debug - DEBUG - Batch 10 grad norm: 0.859365
2026-06-16 04:21:33,891 - debug - DEBUG - Batch 20 grad norm: 0.880389
2026-06-16 04:21:34,762 - debug - DEBUG - Batch 30 grad norm: 0.870817
2026-06-16 04:21:35,659 - debug - DEBUG - Batch 40 grad norm: 1.300928
2026-06-16 04:21:36,555 - debug - DEBUG - Batch 50 grad norm: 1.127323
2026-06-16 04:21:37,441 - debug - DEBUG - Batch 60 grad norm: 1.271174
2026-06-16 04:21:38,348 - debug - DEBUG - Batch 70 grad norm: 0.896178
2026-06-16 04:21:39,244 - debug - DEBUG - Batch 80 grad norm: 1.212560
2026-06-16 04:21:40,158 - debug - DEBUG - Batch 90 grad norm: 0.950735
2026-06-16 04:21:41,044 - debug - DEBUG - Batch 100 grad norm: 1.321401
2026-06-16 04:21:41,954 - debug - DEBUG - Batch 110 grad norm: 1.069639
2026-06-16 04:21:42,829 - debug - DEBUG - Batch 120 grad norm: 1.058514
2026-06-16 04:21:43,736 - debug - DEBUG - Batch 130 grad norm: 1.270411
2026-06-16 04:21:44,634 - debug - DEBUG - Batch 140 grad norm: 1.049264
2026-06-16 04:21:45,517 - debug - DEBUG - Batch 150 grad norm: 0.821508
2026-06-16 04:21:46,422 - debug - DEBUG - Batch 160 grad norm: 1.055491
2026-06-16 04:21:47,284 - debug - DEBUG - Batch 170 grad norm: 1.470916
2026-06-16 04:21:48,161 - debug - DEBUG - Batch 180 grad norm: 0.924775
2026-06-16 04:21:49,141 - debug - DEBUG - Batch 190 grad norm: 1.234601
2026-06-16 04:21:49,877 - debug - DEBUG - Batch 200 grad norm: 1.198727
2026-06-16 04:21:50,787 - debug - DEBUG - Batch 210 grad norm: 1.091860
2026-06-16 04:21:51,668 - debug - DEBUG - Batch 220 grad norm: 0.887395
2026-06-16 04:21:52,576 - debug - DEBUG - Batch 230 grad norm: 0.878157
2026-06-16 04:21:53,459 - debug - DEBUG - Batch 240 grad norm: 1.452345
2026-06-16 04:21:54,363 - debug - DEBUG - Batch 250 grad norm: 1.286416
2026-06-16 04:21:55,236 - debug - DEBUG - Batch 260 grad norm: 1.175491
2026-06-16 04:21:56,147 - debug - DEBUG - Batch 270 grad norm: 0.873258
2026-06-16 04:21:57,033 - debug - DEBUG - Batch 280 grad norm: 1.121059
2026-06-16 04:21:57,943 - debug - DEBUG - Batch 290 grad norm: 1.207534
2026-06-16 04:21:58,851 - debug - DEBUG - Batch 300 grad norm: 1.396254
2026-06-16 04:21:59,730 - debug - DEBUG - Batch 310 grad norm: 1.099513
2026-06-16 04:22:00,633 - debug - DEBUG - Batch 320 grad norm: 1.062451
2026-06-16 04:22:01,510 - debug - DEBUG - Batch 330 grad norm: 1.222310
2026-06-16 04:22:02,411 - debug - DEBUG - Batch 340 grad norm: 1.081001
2026-06-16 04:22:03,291 - debug - DEBUG - Batch 350 grad norm: 1.161053
2026-06-16 04:22:03,390 - debug - DEBUG - compute_metrics_and_record started for epoch 155
2026-06-16 04:22:03,390 - debug - DEBUG - all_preds length: 45000, all_targets length: 45000
2026-06-16 04:22:03,391 - debug - DEBUG - First 10 preds: [5, 2, 9, 6, 0, 9, 6, 3, 6, 4]
2026-06-16 04:22:03,391 - debug - DEBUG - First 10 targets: [5, 2, 9, 2, 0, 9, 6, 3, 6, 4]
2026-06-16 04:22:03,403 - debug - DEBUG - Unique predicted classes: 10 (first 10: [0 1 2 3 4 5 6 7 8 9])
2026-06-16 04:22:03,403 - debug - DEBUG - Unique target classes: 10 (first 10: [0 1 2 3 4 5 6 7 8 9])
2026-06-16 04:22:05,344 - debug - DEBUG - compute_metrics_and_record started for epoch 155
2026-06-16 04:22:05,344 - debug - DEBUG - all_preds length: 10000, all_targets length: 10000
2026-06-16 04:22:05,344 - debug - DEBUG - First 10 preds: [3, 8, 8, 0, 6, 6, 1, 6, 3, 1]
2026-06-16 04:22:05,344 - debug - DEBUG - First 10 targets: [3, 8, 8, 0, 6, 6, 1, 6, 3, 1]
2026-06-16 04:22:05,347 - debug - DEBUG - Unique predicted classes: 10 (first 10: [0 1 2 3 4 5 6 7 8 9])
2026-06-16 04:22:05,347 - debug - DEBUG - Unique target classes: 10 (first 10: [0 1 2 3 4 5 6 7 8 9])
2026-06-16 04:22:05,634 - debug - DEBUG - Device Check - Batch 0
2026-06-16 04:22:05,635 - debug - DEBUG -   Config GPU ID: 1
2026-06-16 04:22:05,635 - debug - DEBUG -   Input Device:  cuda:1
2026-06-16 04:22:05,635 - debug - DEBUG -   Target Device: cuda:1
2026-06-16 04:22:05,635 - debug - DEBUG -   Model Device:  cuda:1
2026-06-16 04:22:05,635 - debug - DEBUG -   Criterion Weight Device: No weights
2026-06-16 04:22:05,925 - debug - DEBUG - Batch 0 grad norm: 0.903537
2026-06-16 04:22:06,833 - debug - DEBUG - Batch 10 grad norm: 1.199614
2026-06-16 04:22:07,702 - debug - DEBUG - Batch 20 grad norm: 0.896006
2026-06-16 04:22:08,602 - debug - DEBUG - Batch 30 grad norm: 1.080719
2026-06-16 04:22:09,483 - debug - DEBUG - Batch 40 grad norm: 0.905833
2026-06-16 04:22:10,384 - debug - DEBUG - Batch 50 grad norm: 1.076484
2026-06-16 04:22:11,252 - debug - DEBUG - Batch 60 grad norm: 0.858436
2026-06-16 04:22:12,153 - debug - DEBUG - Batch 70 grad norm: 0.899730
2026-06-16 04:22:13,032 - debug - DEBUG - Batch 80 grad norm: 1.153783
2026-06-16 04:22:13,938 - debug - DEBUG - Batch 90 grad norm: 1.122616
2026-06-16 04:22:14,844 - debug - DEBUG - Batch 100 grad norm: 1.087243
2026-06-16 04:22:15,730 - debug - DEBUG - Batch 110 grad norm: 0.858613
2026-06-16 04:22:16,627 - debug - DEBUG - Batch 120 grad norm: 0.970248
2026-06-16 04:22:17,506 - debug - DEBUG - Batch 130 grad norm: 1.081146
2026-06-16 04:22:18,405 - debug - DEBUG - Batch 140 grad norm: 0.961431
2026-06-16 04:22:19,293 - debug - DEBUG - Batch 150 grad norm: 0.965257
2026-06-16 04:22:20,195 - debug - DEBUG - Batch 160 grad norm: 1.085227
2026-06-16 04:22:21,065 - debug - DEBUG - Batch 170 grad norm: 1.288606
2026-06-16 04:22:21,947 - debug - DEBUG - Batch 180 grad norm: 1.223437
2026-06-16 04:22:22,928 - debug - DEBUG - Batch 190 grad norm: 1.312248
2026-06-16 04:22:23,650 - debug - DEBUG - Batch 200 grad norm: 1.513822
2026-06-16 04:22:24,553 - debug - DEBUG - Batch 210 grad norm: 1.026895
2026-06-16 04:22:25,449 - debug - DEBUG - Batch 220 grad norm: 0.912819
2026-06-16 04:22:26,348 - debug - DEBUG - Batch 230 grad norm: 1.123015
2026-06-16 04:22:27,221 - debug - DEBUG - Batch 240 grad norm: 0.962953
2026-06-16 04:22:28,122 - debug - DEBUG - Batch 250 grad norm: 1.068738
2026-06-16 04:22:28,993 - debug - DEBUG - Batch 260 grad norm: 1.312055
2026-06-16 04:22:29,899 - debug - DEBUG - Batch 270 grad norm: 1.046871
2026-06-16 04:22:30,808 - debug - DEBUG - Batch 280 grad norm: 1.337948
2026-06-16 04:22:31,688 - debug - DEBUG - Batch 290 grad norm: 1.138137
2026-06-16 04:22:32,587 - debug - DEBUG - Batch 300 grad norm: 1.263659
2026-06-16 04:22:33,464 - debug - DEBUG - Batch 310 grad norm: 1.429513
2026-06-16 04:22:34,366 - debug - DEBUG - Batch 320 grad norm: 1.049066
2026-06-16 04:22:35,241 - debug - DEBUG - Batch 330 grad norm: 1.196576
2026-06-16 04:22:36,142 - debug - DEBUG - Batch 340 grad norm: 1.157178
2026-06-16 04:22:37,018 - debug - DEBUG - Batch 350 grad norm: 1.017568
2026-06-16 04:22:37,104 - debug - DEBUG - compute_metrics_and_record started for epoch 156
2026-06-16 04:22:37,105 - debug - DEBUG - all_preds length: 45000, all_targets length: 45000
2026-06-16 04:22:37,105 - debug - DEBUG - First 10 preds: [3, 0, 2, 7, 1, 6, 9, 4, 5, 6]
2026-06-16 04:22:37,105 - debug - DEBUG - First 10 targets: [6, 0, 2, 7, 1, 6, 9, 4, 5, 6]
2026-06-16 04:22:37,117 - debug - DEBUG - Unique predicted classes: 10 (first 10: [0 1 2 3 4 5 6 7 8 9])
2026-06-16 04:22:37,117 - debug - DEBUG - Unique target classes: 10 (first 10: [0 1 2 3 4 5 6 7 8 9])
2026-06-16 04:22:39,027 - debug - DEBUG - compute_metrics_and_record started for epoch 156
2026-06-16 04:22:39,028 - debug - DEBUG - all_preds length: 10000, all_targets length: 10000
2026-06-16 04:22:39,028 - debug - DEBUG - First 10 preds: [3, 8, 8, 8, 6, 6, 1, 6, 3, 1]
2026-06-16 04:22:39,028 - debug - DEBUG - First 10 targets: [3, 8, 8, 0, 6, 6, 1, 6, 3, 1]
2026-06-16 04:22:39,030 - debug - DEBUG - Unique predicted classes: 10 (first 10: [0 1 2 3 4 5 6 7 8 9])
2026-06-16 04:22:39,031 - debug - DEBUG - Unique target classes: 10 (first 10: [0 1 2 3 4 5 6 7 8 9])
2026-06-16 04:22:39,342 - debug - DEBUG - Device Check - Batch 0
2026-06-16 04:22:39,343 - debug - DEBUG -   Config GPU ID: 1
2026-06-16 04:22:39,343 - debug - DEBUG -   Input Device:  cuda:1
2026-06-16 04:22:39,344 - debug - DEBUG -   Target Device: cuda:1
2026-06-16 04:22:39,344 - debug - DEBUG -   Model Device:  cuda:1
2026-06-16 04:22:39,344 - debug - DEBUG -   Criterion Weight Device: No weights
2026-06-16 04:22:39,626 - debug - DEBUG - Batch 0 grad norm: 1.177610
2026-06-16 04:22:40,535 - debug - DEBUG - Batch 10 grad norm: 1.210005
2026-06-16 04:22:41,411 - debug - DEBUG - Batch 20 grad norm: 0.902469
2026-06-16 04:22:42,310 - debug - DEBUG - Batch 30 grad norm: 1.001745
2026-06-16 04:22:43,183 - debug - DEBUG - Batch 40 grad norm: 1.056705
2026-06-16 04:22:44,083 - debug - DEBUG - Batch 50 grad norm: 0.967295
2026-06-16 04:22:44,958 - debug - DEBUG - Batch 60 grad norm: 1.201738
2026-06-16 04:22:45,860 - debug - DEBUG - Batch 70 grad norm: 1.014680
2026-06-16 04:22:46,765 - debug - DEBUG - Batch 80 grad norm: 1.201097
2026-06-16 04:22:47,655 - debug - DEBUG - Batch 90 grad norm: 0.976378
2026-06-16 04:22:48,554 - debug - DEBUG - Batch 100 grad norm: 1.007199
2026-06-16 04:22:49,423 - debug - DEBUG - Batch 110 grad norm: 0.990402
2026-06-16 04:22:50,324 - debug - DEBUG - Batch 120 grad norm: 0.981041
2026-06-16 04:22:51,192 - debug - DEBUG - Batch 130 grad norm: 1.068078
2026-06-16 04:22:52,088 - debug - DEBUG - Batch 140 grad norm: 0.995869
2026-06-16 04:22:52,955 - debug - DEBUG - Batch 150 grad norm: 1.033756
2026-06-16 04:22:53,847 - debug - DEBUG - Batch 160 grad norm: 1.480985
2026-06-16 04:22:54,752 - debug - DEBUG - Batch 170 grad norm: 1.001589
2026-06-16 04:22:55,604 - debug - DEBUG - Batch 180 grad norm: 1.156065
2026-06-16 04:22:56,591 - debug - DEBUG - Batch 190 grad norm: 0.974164
2026-06-16 04:22:57,269 - debug - DEBUG - Batch 200 grad norm: 0.884009
2026-06-16 04:22:58,188 - debug - DEBUG - Batch 210 grad norm: 0.905185
2026-06-16 04:22:59,075 - debug - DEBUG - Batch 220 grad norm: 1.192384
2026-06-16 04:22:59,992 - debug - DEBUG - Batch 230 grad norm: 0.986550
2026-06-16 04:23:00,855 - debug - DEBUG - Batch 240 grad norm: 1.130037
2026-06-16 04:23:01,771 - debug - DEBUG - Batch 250 grad norm: 1.257423
2026-06-16 04:23:02,684 - debug - DEBUG - Batch 260 grad norm: 1.168715
2026-06-16 04:23:03,564 - debug - DEBUG - Batch 270 grad norm: 0.982232
2026-06-16 04:23:04,469 - debug - DEBUG - Batch 280 grad norm: 1.091353
2026-06-16 04:23:05,375 - debug - DEBUG - Batch 290 grad norm: 0.986288
2026-06-16 04:23:06,288 - debug - DEBUG - Batch 300 grad norm: 1.191325
2026-06-16 04:23:07,178 - debug - DEBUG - Batch 310 grad norm: 1.227764
2026-06-16 04:23:08,091 - debug - DEBUG - Batch 320 grad norm: 0.957232
2026-06-16 04:23:09,013 - debug - DEBUG - Batch 330 grad norm: 0.769805
2026-06-16 04:23:09,938 - debug - DEBUG - Batch 340 grad norm: 1.148854
2026-06-16 04:23:10,861 - debug - DEBUG - Batch 350 grad norm: 0.921590
2026-06-16 04:23:10,966 - debug - DEBUG - compute_metrics_and_record started for epoch 157
2026-06-16 04:23:10,966 - debug - DEBUG - all_preds length: 45000, all_targets length: 45000
2026-06-16 04:23:10,966 - debug - DEBUG - First 10 preds: [0, 3, 6, 9, 6, 6, 1, 5, 0, 0]
2026-06-16 04:23:10,966 - debug - DEBUG - First 10 targets: [0, 3, 6, 9, 6, 6, 1, 3, 0, 0]
2026-06-16 04:23:10,977 - debug - DEBUG - Unique predicted classes: 10 (first 10: [0 1 2 3 4 5 6 7 8 9])
2026-06-16 04:23:10,978 - debug - DEBUG - Unique target classes: 10 (first 10: [0 1 2 3 4 5 6 7 8 9])
2026-06-16 04:23:13,023 - debug - DEBUG - compute_metrics_and_record started for epoch 157
2026-06-16 04:23:13,024 - debug - DEBUG - all_preds length: 10000, all_targets length: 10000
2026-06-16 04:23:13,024 - debug - DEBUG - First 10 preds: [3, 8, 8, 0, 6, 6, 1, 6, 3, 9]
2026-06-16 04:23:13,024 - debug - DEBUG - First 10 targets: [3, 8, 8, 0, 6, 6, 1, 6, 3, 1]
2026-06-16 04:23:13,027 - debug - DEBUG - Unique predicted classes: 10 (first 10: [0 1 2 3 4 5 6 7 8 9])
2026-06-16 04:23:13,027 - debug - DEBUG - Unique target classes: 10 (first 10: [0 1 2 3 4 5 6 7 8 9])
2026-06-16 04:23:13,351 - debug - DEBUG - Device Check - Batch 0
2026-06-16 04:23:13,352 - debug - DEBUG -   Config GPU ID: 1
2026-06-16 04:23:13,352 - debug - DEBUG -   Input Device:  cuda:1
2026-06-16 04:23:13,352 - debug - DEBUG -   Target Device: cuda:1
2026-06-16 04:23:13,352 - debug - DEBUG -   Model Device:  cuda:1
2026-06-16 04:23:13,353 - debug - DEBUG -   Criterion Weight Device: No weights
2026-06-16 04:23:13,737 - debug - DEBUG - Batch 0 grad norm: 0.895997
2026-06-16 04:23:14,610 - debug - DEBUG - Batch 10 grad norm: 1.067208
2026-06-16 04:23:15,515 - debug - DEBUG - Batch 20 grad norm: 0.770765
2026-06-16 04:23:16,392 - debug - DEBUG - Batch 30 grad norm: 1.192970
2026-06-16 04:23:17,308 - debug - DEBUG - Batch 40 grad norm: 0.943256
2026-06-16 04:23:18,224 - debug - DEBUG - Batch 50 grad norm: 1.103563
2026-06-16 04:23:19,102 - debug - DEBUG - Batch 60 grad norm: 1.153181
2026-06-16 04:23:20,015 - debug - DEBUG - Batch 70 grad norm: 1.198654
2026-06-16 04:23:20,931 - debug - DEBUG - Batch 80 grad norm: 1.048568
2026-06-16 04:23:21,834 - debug - DEBUG - Batch 90 grad norm: 0.820175
2026-06-16 04:23:22,714 - debug - DEBUG - Batch 100 grad norm: 0.971746
2026-06-16 04:23:23,625 - debug - DEBUG - Batch 110 grad norm: 1.014475
2026-06-16 04:23:24,515 - debug - DEBUG - Batch 120 grad norm: 1.377679
2026-06-16 04:23:25,446 - debug - DEBUG - Batch 130 grad norm: 1.133832
2026-06-16 04:23:26,384 - debug - DEBUG - Batch 140 grad norm: 0.878693
2026-06-16 04:23:27,270 - debug - DEBUG - Batch 150 grad norm: 1.579405
2026-06-16 04:23:28,203 - debug - DEBUG - Batch 160 grad norm: 1.144187
2026-06-16 04:23:29,100 - debug - DEBUG - Batch 170 grad norm: 1.303773
2026-06-16 04:23:29,967 - debug - DEBUG - Batch 180 grad norm: 1.420212
2026-06-16 04:23:30,947 - debug - DEBUG - Batch 190 grad norm: 1.197415
2026-06-16 04:23:31,729 - debug - DEBUG - Batch 200 grad norm: 1.059518
2026-06-16 04:23:32,649 - debug - DEBUG - Batch 210 grad norm: 0.903095
2026-06-16 04:23:33,597 - debug - DEBUG - Batch 220 grad norm: 1.151716
2026-06-16 04:23:34,541 - debug - DEBUG - Batch 230 grad norm: 1.176166
2026-06-16 04:23:35,456 - debug - DEBUG - Batch 240 grad norm: 0.993789
2026-06-16 04:23:36,370 - debug - DEBUG - Batch 250 grad norm: 0.861427
2026-06-16 04:23:37,287 - debug - DEBUG - Batch 260 grad norm: 1.058617
2026-06-16 04:23:38,187 - debug - DEBUG - Batch 270 grad norm: 1.278047
2026-06-16 04:23:39,109 - debug - DEBUG - Batch 280 grad norm: 1.221449
2026-06-16 04:23:40,027 - debug - DEBUG - Batch 290 grad norm: 1.197728
2026-06-16 04:23:40,936 - debug - DEBUG - Batch 300 grad norm: 1.254809
2026-06-16 04:23:41,815 - debug - DEBUG - Batch 310 grad norm: 0.937291
2026-06-16 04:23:42,733 - debug - DEBUG - Batch 320 grad norm: 1.378192
2026-06-16 04:23:43,644 - debug - DEBUG - Batch 330 grad norm: 0.811658
2026-06-16 04:23:44,536 - debug - DEBUG - Batch 340 grad norm: 1.255191
2026-06-16 04:23:45,443 - debug - DEBUG - Batch 350 grad norm: 0.965188
2026-06-16 04:23:45,541 - debug - DEBUG - compute_metrics_and_record started for epoch 158
2026-06-16 04:23:45,541 - debug - DEBUG - all_preds length: 45000, all_targets length: 45000
2026-06-16 04:23:45,541 - debug - DEBUG - First 10 preds: [4, 6, 3, 9, 2, 8, 6, 3, 5, 7]
2026-06-16 04:23:45,541 - debug - DEBUG - First 10 targets: [4, 6, 3, 9, 2, 8, 6, 3, 5, 7]
2026-06-16 04:23:45,555 - debug - DEBUG - Unique predicted classes: 10 (first 10: [0 1 2 3 4 5 6 7 8 9])
2026-06-16 04:23:45,556 - debug - DEBUG - Unique target classes: 10 (first 10: [0 1 2 3 4 5 6 7 8 9])
2026-06-16 04:23:47,527 - debug - DEBUG - compute_metrics_and_record started for epoch 158
2026-06-16 04:23:47,527 - debug - DEBUG - all_preds length: 10000, all_targets length: 10000
2026-06-16 04:23:47,527 - debug - DEBUG - First 10 preds: [3, 8, 8, 8, 6, 6, 1, 6, 3, 1]
2026-06-16 04:23:47,527 - debug - DEBUG - First 10 targets: [3, 8, 8, 0, 6, 6, 1, 6, 3, 1]
2026-06-16 04:23:47,530 - debug - DEBUG - Unique predicted classes: 10 (first 10: [0 1 2 3 4 5 6 7 8 9])
2026-06-16 04:23:47,530 - debug - DEBUG - Unique target classes: 10 (first 10: [0 1 2 3 4 5 6 7 8 9])
2026-06-16 04:23:47,853 - debug - DEBUG - Device Check - Batch 0
2026-06-16 04:23:47,854 - debug - DEBUG -   Config GPU ID: 1
2026-06-16 04:23:47,855 - debug - DEBUG -   Input Device:  cuda:1
2026-06-16 04:23:47,855 - debug - DEBUG -   Target Device: cuda:1
2026-06-16 04:23:47,855 - debug - DEBUG -   Model Device:  cuda:1
2026-06-16 04:23:47,855 - debug - DEBUG -   Criterion Weight Device: No weights
2026-06-16 04:23:48,145 - debug - DEBUG - Batch 0 grad norm: 0.825539
2026-06-16 04:23:49,050 - debug - DEBUG - Batch 10 grad norm: 1.289934
2026-06-16 04:23:49,958 - debug - DEBUG - Batch 20 grad norm: 1.254821
2026-06-16 04:23:50,843 - debug - DEBUG - Batch 30 grad norm: 1.030314
2026-06-16 04:23:51,752 - debug - DEBUG - Batch 40 grad norm: 1.136429
2026-06-16 04:23:52,637 - debug - DEBUG - Batch 50 grad norm: 0.977220
2026-06-16 04:23:53,545 - debug - DEBUG - Batch 60 grad norm: 1.134768
2026-06-16 04:23:54,407 - debug - DEBUG - Batch 70 grad norm: 1.043376
2026-06-16 04:23:55,312 - debug - DEBUG - Batch 80 grad norm: 0.897977
2026-06-16 04:23:56,197 - debug - DEBUG - Batch 90 grad norm: 1.186060
2026-06-16 04:23:57,101 - debug - DEBUG - Batch 100 grad norm: 1.421853
2026-06-16 04:23:58,009 - debug - DEBUG - Batch 110 grad norm: 1.010710
2026-06-16 04:23:58,881 - debug - DEBUG - Batch 120 grad norm: 1.046924
2026-06-16 04:23:59,790 - debug - DEBUG - Batch 130 grad norm: 1.329024
2026-06-16 04:24:00,673 - debug - DEBUG - Batch 140 grad norm: 1.435577
2026-06-16 04:24:01,579 - debug - DEBUG - Batch 150 grad norm: 0.946657
2026-06-16 04:24:02,456 - debug - DEBUG - Batch 160 grad norm: 1.018674
2026-06-16 04:24:03,358 - debug - DEBUG - Batch 170 grad norm: 1.078009
2026-06-16 04:24:04,228 - debug - DEBUG - Batch 180 grad norm: 1.001885
2026-06-16 04:24:05,212 - debug - DEBUG - Batch 190 grad norm: 1.185290
2026-06-16 04:24:05,971 - debug - DEBUG - Batch 200 grad norm: 1.093580
2026-06-16 04:24:06,866 - debug - DEBUG - Batch 210 grad norm: 1.274451
2026-06-16 04:24:07,787 - debug - DEBUG - Batch 220 grad norm: 0.710305
2026-06-16 04:24:08,669 - debug - DEBUG - Batch 230 grad norm: 1.044661
2026-06-16 04:24:09,583 - debug - DEBUG - Batch 240 grad norm: 0.962037
2026-06-16 04:24:10,470 - debug - DEBUG - Batch 250 grad norm: 0.876890
2026-06-16 04:24:11,377 - debug - DEBUG - Batch 260 grad norm: 1.322495
2026-06-16 04:24:12,296 - debug - DEBUG - Batch 270 grad norm: 0.990660
2026-06-16 04:24:13,181 - debug - DEBUG - Batch 280 grad norm: 1.296453
2026-06-16 04:24:14,094 - debug - DEBUG - Batch 290 grad norm: 1.033496
2026-06-16 04:24:14,967 - debug - DEBUG - Batch 300 grad norm: 1.506100
2026-06-16 04:24:15,881 - debug - DEBUG - Batch 310 grad norm: 1.402474
2026-06-16 04:24:16,771 - debug - DEBUG - Batch 320 grad norm: 0.990733
2026-06-16 04:24:17,679 - debug - DEBUG - Batch 330 grad norm: 1.408576
2026-06-16 04:24:18,569 - debug - DEBUG - Batch 340 grad norm: 1.274910
2026-06-16 04:24:19,478 - debug - DEBUG - Batch 350 grad norm: 0.800960
2026-06-16 04:24:19,583 - debug - DEBUG - compute_metrics_and_record started for epoch 159
2026-06-16 04:24:19,583 - debug - DEBUG - all_preds length: 45000, all_targets length: 45000
2026-06-16 04:24:19,583 - debug - DEBUG - First 10 preds: [1, 5, 8, 0, 9, 7, 9, 5, 1, 3]
2026-06-16 04:24:19,583 - debug - DEBUG - First 10 targets: [1, 5, 8, 0, 9, 7, 9, 5, 1, 3]
2026-06-16 04:24:19,598 - debug - DEBUG - Unique predicted classes: 10 (first 10: [0 1 2 3 4 5 6 7 8 9])
2026-06-16 04:24:19,598 - debug - DEBUG - Unique target classes: 10 (first 10: [0 1 2 3 4 5 6 7 8 9])
2026-06-16 04:24:21,597 - debug - DEBUG - compute_metrics_and_record started for epoch 159
2026-06-16 04:24:21,598 - debug - DEBUG - all_preds length: 10000, all_targets length: 10000
2026-06-16 04:24:21,598 - debug - DEBUG - First 10 preds: [3, 8, 8, 8, 6, 6, 1, 6, 3, 1]
2026-06-16 04:24:21,598 - debug - DEBUG - First 10 targets: [3, 8, 8, 0, 6, 6, 1, 6, 3, 1]
2026-06-16 04:24:21,601 - debug - DEBUG - Unique predicted classes: 10 (first 10: [0 1 2 3 4 5 6 7 8 9])
2026-06-16 04:24:21,601 - debug - DEBUG - Unique target classes: 10 (first 10: [0 1 2 3 4 5 6 7 8 9])
2026-06-16 04:24:21,916 - debug - DEBUG - Device Check - Batch 0
2026-06-16 04:24:21,916 - debug - DEBUG -   Config GPU ID: 1
2026-06-16 04:24:21,917 - debug - DEBUG -   Input Device:  cuda:1
2026-06-16 04:24:21,917 - debug - DEBUG -   Target Device: cuda:1
2026-06-16 04:24:21,917 - debug - DEBUG -   Model Device:  cuda:1
2026-06-16 04:24:21,917 - debug - DEBUG -   Criterion Weight Device: No weights
2026-06-16 04:24:22,286 - debug - DEBUG - Batch 0 grad norm: 1.073041
2026-06-16 04:24:23,168 - debug - DEBUG - Batch 10 grad norm: 1.133898
2026-06-16 04:24:24,091 - debug - DEBUG - Batch 20 grad norm: 1.084514
2026-06-16 04:24:25,008 - debug - DEBUG - Batch 30 grad norm: 0.940715
2026-06-16 04:24:25,923 - debug - DEBUG - Batch 40 grad norm: 1.212630
2026-06-16 04:24:26,838 - debug - DEBUG - Batch 50 grad norm: 0.913614
2026-06-16 04:24:27,727 - debug - DEBUG - Batch 60 grad norm: 0.815598
2026-06-16 04:24:28,626 - debug - DEBUG - Batch 70 grad norm: 1.084342
2026-06-16 04:24:29,511 - debug - DEBUG - Batch 80 grad norm: 1.190529
2026-06-16 04:24:30,421 - debug - DEBUG - Batch 90 grad norm: 0.841670
2026-06-16 04:24:31,299 - debug - DEBUG - Batch 100 grad norm: 0.873221
2026-06-16 04:24:32,214 - debug - DEBUG - Batch 110 grad norm: 0.880532
2026-06-16 04:24:33,114 - debug - DEBUG - Batch 120 grad norm: 0.669436
2026-06-16 04:24:34,018 - debug - DEBUG - Batch 130 grad norm: 1.067097
2026-06-16 04:24:34,920 - debug - DEBUG - Batch 140 grad norm: 0.912418
2026-06-16 04:24:35,807 - debug - DEBUG - Batch 150 grad norm: 0.637171
2026-06-16 04:24:36,711 - debug - DEBUG - Batch 160 grad norm: 0.787741
2026-06-16 04:24:37,560 - debug - DEBUG - Batch 170 grad norm: 0.762179
2026-06-16 04:24:38,446 - debug - DEBUG - Batch 180 grad norm: 0.493997
2026-06-16 04:24:39,406 - debug - DEBUG - Batch 190 grad norm: 0.930421
2026-06-16 04:24:40,158 - debug - DEBUG - Batch 200 grad norm: 0.783352
2026-06-16 04:24:41,075 - debug - DEBUG - Batch 210 grad norm: 1.000917
2026-06-16 04:24:41,992 - debug - DEBUG - Batch 220 grad norm: 0.936400
2026-06-16 04:24:42,898 - debug - DEBUG - Batch 230 grad norm: 0.682452
2026-06-16 04:24:43,788 - debug - DEBUG - Batch 240 grad norm: 0.607382
2026-06-16 04:24:44,705 - debug - DEBUG - Batch 250 grad norm: 1.065058
2026-06-16 04:24:45,610 - debug - DEBUG - Batch 260 grad norm: 0.662019
2026-06-16 04:24:46,521 - debug - DEBUG - Batch 270 grad norm: 0.653022
2026-06-16 04:24:47,434 - debug - DEBUG - Batch 280 grad norm: 0.858606
2026-06-16 04:24:48,314 - debug - DEBUG - Batch 290 grad norm: 1.014874
2026-06-16 04:24:49,236 - debug - DEBUG - Batch 300 grad norm: 0.754452
2026-06-16 04:24:50,153 - debug - DEBUG - Batch 310 grad norm: 0.937644
2026-06-16 04:24:51,069 - debug - DEBUG - Batch 320 grad norm: 0.672084
2026-06-16 04:24:51,960 - debug - DEBUG - Batch 330 grad norm: 0.700092
2026-06-16 04:24:52,882 - debug - DEBUG - Batch 340 grad norm: 0.702806
2026-06-16 04:24:53,779 - debug - DEBUG - Batch 350 grad norm: 0.925987
2026-06-16 04:24:53,883 - debug - DEBUG - compute_metrics_and_record started for epoch 160
2026-06-16 04:24:53,883 - debug - DEBUG - all_preds length: 45000, all_targets length: 45000
2026-06-16 04:24:53,883 - debug - DEBUG - First 10 preds: [0, 0, 3, 5, 4, 3, 2, 6, 1, 8]
2026-06-16 04:24:53,883 - debug - DEBUG - First 10 targets: [0, 9, 5, 5, 4, 3, 2, 6, 1, 8]
2026-06-16 04:24:53,895 - debug - DEBUG - Unique predicted classes: 10 (first 10: [0 1 2 3 4 5 6 7 8 9])
2026-06-16 04:24:53,895 - debug - DEBUG - Unique target classes: 10 (first 10: [0 1 2 3 4 5 6 7 8 9])
2026-06-16 04:24:55,916 - debug - DEBUG - compute_metrics_and_record started for epoch 160
2026-06-16 04:24:55,916 - debug - DEBUG - all_preds length: 10000, all_targets length: 10000
2026-06-16 04:24:55,916 - debug - DEBUG - First 10 preds: [3, 8, 8, 8, 6, 6, 1, 6, 3, 1]
2026-06-16 04:24:55,916 - debug - DEBUG - First 10 targets: [3, 8, 8, 0, 6, 6, 1, 6, 3, 1]
2026-06-16 04:24:55,919 - debug - DEBUG - Unique predicted classes: 10 (first 10: [0 1 2 3 4 5 6 7 8 9])
2026-06-16 04:24:55,919 - debug - DEBUG - Unique target classes: 10 (first 10: [0 1 2 3 4 5 6 7 8 9])
2026-06-16 04:24:56,222 - debug - DEBUG - Device Check - Batch 0
2026-06-16 04:24:56,224 - debug - DEBUG -   Config GPU ID: 1
2026-06-16 04:24:56,224 - debug - DEBUG -   Input Device:  cuda:1
2026-06-16 04:24:56,224 - debug - DEBUG -   Target Device: cuda:1
2026-06-16 04:24:56,224 - debug - DEBUG -   Model Device:  cuda:1
2026-06-16 04:24:56,225 - debug - DEBUG -   Criterion Weight Device: No weights
2026-06-16 04:24:56,526 - debug - DEBUG - Batch 0 grad norm: 0.891386
2026-06-16 04:24:57,433 - debug - DEBUG - Batch 10 grad norm: 0.844026
2026-06-16 04:24:58,313 - debug - DEBUG - Batch 20 grad norm: 0.926861
2026-06-16 04:24:59,223 - debug - DEBUG - Batch 30 grad norm: 0.773393
2026-06-16 04:25:00,114 - debug - DEBUG - Batch 40 grad norm: 0.790760
2026-06-16 04:25:00,999 - debug - DEBUG - Batch 50 grad norm: 1.074567
2026-06-16 04:25:01,908 - debug - DEBUG - Batch 60 grad norm: 0.452437
2026-06-16 04:25:02,781 - debug - DEBUG - Batch 70 grad norm: 0.807845
2026-06-16 04:25:03,689 - debug - DEBUG - Batch 80 grad norm: 0.889640
2026-06-16 04:25:04,567 - debug - DEBUG - Batch 90 grad norm: 0.597575
2026-06-16 04:25:05,477 - debug - DEBUG - Batch 100 grad norm: 0.861102
2026-06-16 04:25:06,361 - debug - DEBUG - Batch 110 grad norm: 0.713120
2026-06-16 04:25:07,266 - debug - DEBUG - Batch 120 grad norm: 0.756305
2026-06-16 04:25:08,101 - debug - DEBUG - Batch 130 grad norm: 0.607707
2026-06-16 04:25:09,008 - debug - DEBUG - Batch 140 grad norm: 0.767609
2026-06-16 04:25:09,807 - debug - DEBUG - Batch 150 grad norm: 0.628300
2026-06-16 04:25:10,720 - debug - DEBUG - Batch 160 grad norm: 0.757019
2026-06-16 04:25:11,618 - debug - DEBUG - Batch 170 grad norm: 0.798236
2026-06-16 04:25:12,477 - debug - DEBUG - Batch 180 grad norm: 1.080481
2026-06-16 04:25:13,473 - debug - DEBUG - Batch 190 grad norm: 0.774123
2026-06-16 04:25:14,245 - debug - DEBUG - Batch 200 grad norm: 0.830530
2026-06-16 04:25:15,145 - debug - DEBUG - Batch 210 grad norm: 0.667506
2026-06-16 04:25:16,036 - debug - DEBUG - Batch 220 grad norm: 0.796828
2026-06-16 04:25:16,953 - debug - DEBUG - Batch 230 grad norm: 0.749678
2026-06-16 04:25:17,852 - debug - DEBUG - Batch 240 grad norm: 0.837602
2026-06-16 04:25:18,753 - debug - DEBUG - Batch 250 grad norm: 0.757385
2026-06-16 04:25:19,674 - debug - DEBUG - Batch 260 grad norm: 0.860397
2026-06-16 04:25:20,594 - debug - DEBUG - Batch 270 grad norm: 0.735539
2026-06-16 04:25:21,504 - debug - DEBUG - Batch 280 grad norm: 0.674596
2026-06-16 04:25:22,365 - debug - DEBUG - Batch 290 grad norm: 0.891940
2026-06-16 04:25:23,276 - debug - DEBUG - Batch 300 grad norm: 0.961627
2026-06-16 04:25:24,139 - debug - DEBUG - Batch 310 grad norm: 0.955295
2026-06-16 04:25:25,048 - debug - DEBUG - Batch 320 grad norm: 0.623663
2026-06-16 04:25:25,959 - debug - DEBUG - Batch 330 grad norm: 0.719911
2026-06-16 04:25:26,853 - debug - DEBUG - Batch 340 grad norm: 0.877050
2026-06-16 04:25:27,763 - debug - DEBUG - Batch 350 grad norm: 0.738196
2026-06-16 04:25:27,876 - debug - DEBUG - compute_metrics_and_record started for epoch 161
2026-06-16 04:25:27,876 - debug - DEBUG - all_preds length: 45000, all_targets length: 45000
2026-06-16 04:25:27,876 - debug - DEBUG - First 10 preds: [7, 9, 6, 9, 9, 0, 5, 4, 6, 9]
2026-06-16 04:25:27,876 - debug - DEBUG - First 10 targets: [7, 9, 6, 1, 9, 0, 5, 4, 6, 9]
2026-06-16 04:25:27,888 - debug - DEBUG - Unique predicted classes: 10 (first 10: [0 1 2 3 4 5 6 7 8 9])
2026-06-16 04:25:27,888 - debug - DEBUG - Unique target classes: 10 (first 10: [0 1 2 3 4 5 6 7 8 9])
2026-06-16 04:25:29,898 - debug - DEBUG - compute_metrics_and_record started for epoch 161
2026-06-16 04:25:29,899 - debug - DEBUG - all_preds length: 10000, all_targets length: 10000
2026-06-16 04:25:29,899 - debug - DEBUG - First 10 preds: [3, 8, 8, 8, 6, 6, 1, 6, 3, 1]
2026-06-16 04:25:29,899 - debug - DEBUG - First 10 targets: [3, 8, 8, 0, 6, 6, 1, 6, 3, 1]
2026-06-16 04:25:29,902 - debug - DEBUG - Unique predicted classes: 10 (first 10: [0 1 2 3 4 5 6 7 8 9])
2026-06-16 04:25:29,902 - debug - DEBUG - Unique target classes: 10 (first 10: [0 1 2 3 4 5 6 7 8 9])
2026-06-16 04:25:30,215 - debug - DEBUG - Device Check - Batch 0
2026-06-16 04:25:30,216 - debug - DEBUG -   Config GPU ID: 1
2026-06-16 04:25:30,216 - debug - DEBUG -   Input Device:  cuda:1
2026-06-16 04:25:30,216 - debug - DEBUG -   Target Device: cuda:1
2026-06-16 04:25:30,216 - debug - DEBUG -   Model Device:  cuda:1
2026-06-16 04:25:30,217 - debug - DEBUG -   Criterion Weight Device: No weights
2026-06-16 04:25:30,587 - debug - DEBUG - Batch 0 grad norm: 0.679936
2026-06-16 04:25:31,494 - debug - DEBUG - Batch 10 grad norm: 0.662268
2026-06-16 04:25:32,429 - debug - DEBUG - Batch 20 grad norm: 0.727744
2026-06-16 04:25:33,328 - debug - DEBUG - Batch 30 grad norm: 0.645224
2026-06-16 04:25:34,237 - debug - DEBUG - Batch 40 grad norm: 0.608159
2026-06-16 04:25:35,119 - debug - DEBUG - Batch 50 grad norm: 0.837477
2026-06-16 04:25:36,029 - debug - DEBUG - Batch 60 grad norm: 0.955219
2026-06-16 04:25:36,904 - debug - DEBUG - Batch 70 grad norm: 0.704240
2026-06-16 04:25:37,792 - debug - DEBUG - Batch 80 grad norm: 0.684730
2026-06-16 04:25:38,717 - debug - DEBUG - Batch 90 grad norm: 0.691761
2026-06-16 04:25:39,601 - debug - DEBUG - Batch 100 grad norm: 0.865592
2026-06-16 04:25:40,515 - debug - DEBUG - Batch 110 grad norm: 0.646085
2026-06-16 04:25:41,380 - debug - DEBUG - Batch 120 grad norm: 0.746236
2026-06-16 04:25:42,289 - debug - DEBUG - Batch 130 grad norm: 0.718067
2026-06-16 04:25:43,175 - debug - DEBUG - Batch 140 grad norm: 1.007443
2026-06-16 04:25:44,086 - debug - DEBUG - Batch 150 grad norm: 0.704914
2026-06-16 04:25:45,008 - debug - DEBUG - Batch 160 grad norm: 0.762607
2026-06-16 04:25:45,852 - debug - DEBUG - Batch 170 grad norm: 0.634842
2026-06-16 04:25:46,748 - debug - DEBUG - Batch 180 grad norm: 0.478669
2026-06-16 04:25:47,722 - debug - DEBUG - Batch 190 grad norm: 0.649917
2026-06-16 04:25:48,472 - debug - DEBUG - Batch 200 grad norm: 0.575106
2026-06-16 04:25:49,351 - debug - DEBUG - Batch 210 grad norm: 0.675817
2026-06-16 04:25:50,257 - debug - DEBUG - Batch 220 grad norm: 0.664892
2026-06-16 04:25:51,149 - debug - DEBUG - Batch 230 grad norm: 0.786303
2026-06-16 04:25:52,024 - debug - DEBUG - Batch 240 grad norm: 0.599538
2026-06-16 04:25:52,929 - debug - DEBUG - Batch 250 grad norm: 0.745305
2026-06-16 04:25:53,815 - debug - DEBUG - Batch 260 grad norm: 0.815940
2026-06-16 04:25:54,721 - debug - DEBUG - Batch 270 grad norm: 0.621130
2026-06-16 04:25:55,607 - debug - DEBUG - Batch 280 grad norm: 0.589089
2026-06-16 04:25:56,508 - debug - DEBUG - Batch 290 grad norm: 0.759191
2026-06-16 04:25:57,385 - debug - DEBUG - Batch 300 grad norm: 0.632155
2026-06-16 04:25:58,288 - debug - DEBUG - Batch 310 grad norm: 0.814407
2026-06-16 04:25:59,164 - debug - DEBUG - Batch 320 grad norm: 0.820877
2026-06-16 04:26:00,062 - debug - DEBUG - Batch 330 grad norm: 1.472035
2026-06-16 04:26:00,969 - debug - DEBUG - Batch 340 grad norm: 0.635385
2026-06-16 04:26:01,847 - debug - DEBUG - Batch 350 grad norm: 0.789185
2026-06-16 04:26:01,948 - debug - DEBUG - compute_metrics_and_record started for epoch 162
2026-06-16 04:26:01,948 - debug - DEBUG - all_preds length: 45000, all_targets length: 45000
2026-06-16 04:26:01,948 - debug - DEBUG - First 10 preds: [2, 7, 0, 6, 0, 2, 7, 4, 4, 9]
2026-06-16 04:26:01,948 - debug - DEBUG - First 10 targets: [2, 7, 0, 6, 0, 2, 7, 4, 4, 9]
2026-06-16 04:26:01,963 - debug - DEBUG - Unique predicted classes: 10 (first 10: [0 1 2 3 4 5 6 7 8 9])
2026-06-16 04:26:01,963 - debug - DEBUG - Unique target classes: 10 (first 10: [0 1 2 3 4 5 6 7 8 9])
2026-06-16 04:26:03,932 - debug - DEBUG - compute_metrics_and_record started for epoch 162
2026-06-16 04:26:03,933 - debug - DEBUG - all_preds length: 10000, all_targets length: 10000
2026-06-16 04:26:03,933 - debug - DEBUG - First 10 preds: [3, 8, 8, 8, 6, 6, 1, 6, 3, 1]
2026-06-16 04:26:03,933 - debug - DEBUG - First 10 targets: [3, 8, 8, 0, 6, 6, 1, 6, 3, 1]
2026-06-16 04:26:03,935 - debug - DEBUG - Unique predicted classes: 10 (first 10: [0 1 2 3 4 5 6 7 8 9])
2026-06-16 04:26:03,936 - debug - DEBUG - Unique target classes: 10 (first 10: [0 1 2 3 4 5 6 7 8 9])
2026-06-16 04:26:04,250 - debug - DEBUG - Device Check - Batch 0
2026-06-16 04:26:04,251 - debug - DEBUG -   Config GPU ID: 1
2026-06-16 04:26:04,251 - debug - DEBUG -   Input Device:  cuda:1
2026-06-16 04:26:04,251 - debug - DEBUG -   Target Device: cuda:1
2026-06-16 04:26:04,251 - debug - DEBUG -   Model Device:  cuda:1
2026-06-16 04:26:04,251 - debug - DEBUG -   Criterion Weight Device: No weights
2026-06-16 04:26:04,590 - debug - DEBUG - Batch 0 grad norm: 0.918091
2026-06-16 04:26:05,409 - debug - DEBUG - Batch 10 grad norm: 0.686773
2026-06-16 04:26:06,319 - debug - DEBUG - Batch 20 grad norm: 0.788218
2026-06-16 04:26:07,228 - debug - DEBUG - Batch 30 grad norm: 0.582493
2026-06-16 04:26:08,115 - debug - DEBUG - Batch 40 grad norm: 0.814181
2026-06-16 04:26:09,022 - debug - DEBUG - Batch 50 grad norm: 0.805958
2026-06-16 04:26:09,920 - debug - DEBUG - Batch 60 grad norm: 0.703418
2026-06-16 04:26:10,831 - debug - DEBUG - Batch 70 grad norm: 0.783292
2026-06-16 04:26:11,723 - debug - DEBUG - Batch 80 grad norm: 0.608697
2026-06-16 04:26:12,640 - debug - DEBUG - Batch 90 grad norm: 0.750473
2026-06-16 04:26:13,460 - debug - DEBUG - Batch 100 grad norm: 0.756984
2026-06-16 04:26:14,378 - debug - DEBUG - Batch 110 grad norm: 0.895224
2026-06-16 04:26:15,265 - debug - DEBUG - Batch 120 grad norm: 0.855806
2026-06-16 04:26:16,178 - debug - DEBUG - Batch 130 grad norm: 0.751847
2026-06-16 04:26:17,099 - debug - DEBUG - Batch 140 grad norm: 0.897443
2026-06-16 04:26:17,975 - debug - DEBUG - Batch 150 grad norm: 0.803254
2026-06-16 04:26:18,894 - debug - DEBUG - Batch 160 grad norm: 0.850562
2026-06-16 04:26:19,776 - debug - DEBUG - Batch 170 grad norm: 0.707623
2026-06-16 04:26:20,667 - debug - DEBUG - Batch 180 grad norm: 0.971295
2026-06-16 04:26:21,665 - debug - DEBUG - Batch 190 grad norm: 0.733797
2026-06-16 04:26:22,424 - debug - DEBUG - Batch 200 grad norm: 0.590968
2026-06-16 04:26:23,340 - debug - DEBUG - Batch 210 grad norm: 0.905691
2026-06-16 04:26:24,234 - debug - DEBUG - Batch 220 grad norm: 0.927252
2026-06-16 04:26:25,154 - debug - DEBUG - Batch 230 grad norm: 0.725898
2026-06-16 04:26:26,054 - debug - DEBUG - Batch 240 grad norm: 0.651981
2026-06-16 04:26:26,970 - debug - DEBUG - Batch 250 grad norm: 0.903793
2026-06-16 04:26:27,854 - debug - DEBUG - Batch 260 grad norm: 0.981018
2026-06-16 04:26:28,767 - debug - DEBUG - Batch 270 grad norm: 0.666070
2026-06-16 04:26:29,654 - debug - DEBUG - Batch 280 grad norm: 0.814999
2026-06-16 04:26:30,569 - debug - DEBUG - Batch 290 grad norm: 0.752155
2026-06-16 04:26:31,487 - debug - DEBUG - Batch 300 grad norm: 0.695024
2026-06-16 04:26:32,383 - debug - DEBUG - Batch 310 grad norm: 0.838518
2026-06-16 04:26:33,308 - debug - DEBUG - Batch 320 grad norm: 0.604202
2026-06-16 04:26:34,210 - debug - DEBUG - Batch 330 grad norm: 0.781199
2026-06-16 04:26:35,128 - debug - DEBUG - Batch 340 grad norm: 0.584349
2026-06-16 04:26:36,026 - debug - DEBUG - Batch 350 grad norm: 0.692339
2026-06-16 04:26:36,130 - debug - DEBUG - compute_metrics_and_record started for epoch 163
2026-06-16 04:26:36,130 - debug - DEBUG - all_preds length: 45000, all_targets length: 45000
2026-06-16 04:26:36,130 - debug - DEBUG - First 10 preds: [6, 8, 9, 6, 7, 7, 2, 8, 4, 5]
2026-06-16 04:26:36,130 - debug - DEBUG - First 10 targets: [6, 8, 9, 6, 7, 7, 2, 8, 4, 3]
2026-06-16 04:26:36,144 - debug - DEBUG - Unique predicted classes: 10 (first 10: [0 1 2 3 4 5 6 7 8 9])
2026-06-16 04:26:36,144 - debug - DEBUG - Unique target classes: 10 (first 10: [0 1 2 3 4 5 6 7 8 9])
2026-06-16 04:26:38,126 - debug - DEBUG - compute_metrics_and_record started for epoch 163
2026-06-16 04:26:38,127 - debug - DEBUG - all_preds length: 10000, all_targets length: 10000
2026-06-16 04:26:38,127 - debug - DEBUG - First 10 preds: [3, 8, 8, 8, 6, 6, 1, 6, 3, 1]
2026-06-16 04:26:38,127 - debug - DEBUG - First 10 targets: [3, 8, 8, 0, 6, 6, 1, 6, 3, 1]
2026-06-16 04:26:38,129 - debug - DEBUG - Unique predicted classes: 10 (first 10: [0 1 2 3 4 5 6 7 8 9])
2026-06-16 04:26:38,129 - debug - DEBUG - Unique target classes: 10 (first 10: [0 1 2 3 4 5 6 7 8 9])
2026-06-16 04:26:38,400 - debug - DEBUG - Device Check - Batch 0
2026-06-16 04:26:38,401 - debug - DEBUG -   Config GPU ID: 1
2026-06-16 04:26:38,401 - debug - DEBUG -   Input Device:  cuda:1
2026-06-16 04:26:38,401 - debug - DEBUG -   Target Device: cuda:1
2026-06-16 04:26:38,402 - debug - DEBUG -   Model Device:  cuda:1
2026-06-16 04:26:38,402 - debug - DEBUG -   Criterion Weight Device: No weights
2026-06-16 04:26:38,723 - debug - DEBUG - Batch 0 grad norm: 0.695752
2026-06-16 04:26:39,642 - debug - DEBUG - Batch 10 grad norm: 0.984617
2026-06-16 04:26:40,511 - debug - DEBUG - Batch 20 grad norm: 0.868917
2026-06-16 04:26:41,429 - debug - DEBUG - Batch 30 grad norm: 0.904244
2026-06-16 04:26:42,315 - debug - DEBUG - Batch 40 grad norm: 0.581931
2026-06-16 04:26:43,223 - debug - DEBUG - Batch 50 grad norm: 0.458898
2026-06-16 04:26:44,098 - debug - DEBUG - Batch 60 grad norm: 0.596087
2026-06-16 04:26:45,006 - debug - DEBUG - Batch 70 grad norm: 0.777467
2026-06-16 04:26:45,884 - debug - DEBUG - Batch 80 grad norm: 0.778478
2026-06-16 04:26:46,793 - debug - DEBUG - Batch 90 grad norm: 0.480885
2026-06-16 04:26:47,705 - debug - DEBUG - Batch 100 grad norm: 0.572946
2026-06-16 04:26:48,591 - debug - DEBUG - Batch 110 grad norm: 0.534700
2026-06-16 04:26:49,499 - debug - DEBUG - Batch 120 grad norm: 0.774920
2026-06-16 04:26:50,386 - debug - DEBUG - Batch 130 grad norm: 0.775058
2026-06-16 04:26:51,292 - debug - DEBUG - Batch 140 grad norm: 0.588243
2026-06-16 04:26:52,176 - debug - DEBUG - Batch 150 grad norm: 0.645748
2026-06-16 04:26:53,087 - debug - DEBUG - Batch 160 grad norm: 0.620603
2026-06-16 04:26:53,972 - debug - DEBUG - Batch 170 grad norm: 0.497900
2026-06-16 04:26:54,879 - debug - DEBUG - Batch 180 grad norm: 0.805030
2026-06-16 04:26:55,867 - debug - DEBUG - Batch 190 grad norm: 0.963111
2026-06-16 04:26:56,577 - debug - DEBUG - Batch 200 grad norm: 0.657313
2026-06-16 04:26:57,488 - debug - DEBUG - Batch 210 grad norm: 0.681454
2026-06-16 04:26:58,369 - debug - DEBUG - Batch 220 grad norm: 0.525941
2026-06-16 04:26:59,278 - debug - DEBUG - Batch 230 grad norm: 0.688108
2026-06-16 04:27:00,158 - debug - DEBUG - Batch 240 grad norm: 0.443514
2026-06-16 04:27:01,064 - debug - DEBUG - Batch 250 grad norm: 0.870816
2026-06-16 04:27:01,945 - debug - DEBUG - Batch 260 grad norm: 0.575901
2026-06-16 04:27:02,854 - debug - DEBUG - Batch 270 grad norm: 0.690095
2026-06-16 04:27:03,759 - debug - DEBUG - Batch 280 grad norm: 0.729013
2026-06-16 04:27:04,646 - debug - DEBUG - Batch 290 grad norm: 0.512789
2026-06-16 04:27:05,554 - debug - DEBUG - Batch 300 grad norm: 0.850850
2026-06-16 04:27:06,446 - debug - DEBUG - Batch 310 grad norm: 0.756715
2026-06-16 04:27:07,355 - debug - DEBUG - Batch 320 grad norm: 0.621937
2026-06-16 04:27:08,225 - debug - DEBUG - Batch 330 grad norm: 0.556267
2026-06-16 04:27:09,133 - debug - DEBUG - Batch 340 grad norm: 0.678333
2026-06-16 04:27:09,944 - debug - DEBUG - Batch 350 grad norm: 0.529328
2026-06-16 04:27:10,039 - debug - DEBUG - compute_metrics_and_record started for epoch 164
2026-06-16 04:27:10,040 - debug - DEBUG - all_preds length: 45000, all_targets length: 45000
2026-06-16 04:27:10,040 - debug - DEBUG - First 10 preds: [4, 6, 8, 9, 8, 4, 9, 2, 8, 8]
2026-06-16 04:27:10,040 - debug - DEBUG - First 10 targets: [4, 6, 8, 9, 8, 4, 9, 4, 8, 8]
2026-06-16 04:27:10,052 - debug - DEBUG - Unique predicted classes: 10 (first 10: [0 1 2 3 4 5 6 7 8 9])
2026-06-16 04:27:10,052 - debug - DEBUG - Unique target classes: 10 (first 10: [0 1 2 3 4 5 6 7 8 9])
2026-06-16 04:27:11,971 - debug - DEBUG - compute_metrics_and_record started for epoch 164
2026-06-16 04:27:11,971 - debug - DEBUG - all_preds length: 10000, all_targets length: 10000
2026-06-16 04:27:11,971 - debug - DEBUG - First 10 preds: [3, 8, 8, 8, 6, 6, 1, 6, 3, 1]
2026-06-16 04:27:11,971 - debug - DEBUG - First 10 targets: [3, 8, 8, 0, 6, 6, 1, 6, 3, 1]
2026-06-16 04:27:11,974 - debug - DEBUG - Unique predicted classes: 10 (first 10: [0 1 2 3 4 5 6 7 8 9])
2026-06-16 04:27:11,974 - debug - DEBUG - Unique target classes: 10 (first 10: [0 1 2 3 4 5 6 7 8 9])
2026-06-16 04:27:12,238 - debug - DEBUG - Device Check - Batch 0
2026-06-16 04:27:12,239 - debug - DEBUG -   Config GPU ID: 1
2026-06-16 04:27:12,239 - debug - DEBUG -   Input Device:  cuda:1
2026-06-16 04:27:12,239 - debug - DEBUG -   Target Device: cuda:1
2026-06-16 04:27:12,240 - debug - DEBUG -   Model Device:  cuda:1
2026-06-16 04:27:12,240 - debug - DEBUG -   Criterion Weight Device: No weights
2026-06-16 04:27:12,548 - debug - DEBUG - Batch 0 grad norm: 0.673312
2026-06-16 04:27:13,460 - debug - DEBUG - Batch 10 grad norm: 0.544896
2026-06-16 04:27:14,353 - debug - DEBUG - Batch 20 grad norm: 0.869147
2026-06-16 04:27:15,259 - debug - DEBUG - Batch 30 grad norm: 1.003386
2026-06-16 04:27:16,139 - debug - DEBUG - Batch 40 grad norm: 0.473115
2026-06-16 04:27:17,042 - debug - DEBUG - Batch 50 grad norm: 0.800201
2026-06-16 04:27:17,919 - debug - DEBUG - Batch 60 grad norm: 0.888548
2026-06-16 04:27:18,824 - debug - DEBUG - Batch 70 grad norm: 0.739412
2026-06-16 04:27:19,710 - debug - DEBUG - Batch 80 grad norm: 0.719336
2026-06-16 04:27:20,622 - debug - DEBUG - Batch 90 grad norm: 0.740057
2026-06-16 04:27:21,532 - debug - DEBUG - Batch 100 grad norm: 0.495195
2026-06-16 04:27:22,421 - debug - DEBUG - Batch 110 grad norm: 0.700714
2026-06-16 04:27:23,329 - debug - DEBUG - Batch 120 grad norm: 0.630497
2026-06-16 04:27:24,223 - debug - DEBUG - Batch 130 grad norm: 0.840509
2026-06-16 04:27:25,130 - debug - DEBUG - Batch 140 grad norm: 0.686396
2026-06-16 04:27:26,007 - debug - DEBUG - Batch 150 grad norm: 0.760342
2026-06-16 04:27:26,912 - debug - DEBUG - Batch 160 grad norm: 0.832760
2026-06-16 04:27:27,789 - debug - DEBUG - Batch 170 grad norm: 0.757405
2026-06-16 04:27:28,667 - debug - DEBUG - Batch 180 grad norm: 0.663578
2026-06-16 04:27:29,650 - debug - DEBUG - Batch 190 grad norm: 0.784536
2026-06-16 04:27:30,366 - debug - DEBUG - Batch 200 grad norm: 0.727897
2026-06-16 04:27:31,281 - debug - DEBUG - Batch 210 grad norm: 0.942915
2026-06-16 04:27:32,204 - debug - DEBUG - Batch 220 grad norm: 0.541039
2026-06-16 04:27:33,109 - debug - DEBUG - Batch 230 grad norm: 0.808045
2026-06-16 04:27:34,006 - debug - DEBUG - Batch 240 grad norm: 0.772398
2026-06-16 04:27:34,924 - debug - DEBUG - Batch 250 grad norm: 0.696830
2026-06-16 04:27:35,828 - debug - DEBUG - Batch 260 grad norm: 0.697965
2026-06-16 04:27:36,734 - debug - DEBUG - Batch 270 grad norm: 0.830967
2026-06-16 04:27:37,624 - debug - DEBUG - Batch 280 grad norm: 0.783869
2026-06-16 04:27:38,518 - debug - DEBUG - Batch 290 grad norm: 0.888173
2026-06-16 04:27:39,437 - debug - DEBUG - Batch 300 grad norm: 0.571949
2026-06-16 04:27:40,347 - debug - DEBUG - Batch 310 grad norm: 0.637377
2026-06-16 04:27:41,257 - debug - DEBUG - Batch 320 grad norm: 0.738404
2026-06-16 04:27:42,149 - debug - DEBUG - Batch 330 grad norm: 0.500512
2026-06-16 04:27:43,057 - debug - DEBUG - Batch 340 grad norm: 0.688772
2026-06-16 04:27:43,938 - debug - DEBUG - Batch 350 grad norm: 0.627087
2026-06-16 04:27:44,054 - debug - DEBUG - compute_metrics_and_record started for epoch 165
2026-06-16 04:27:44,054 - debug - DEBUG - all_preds length: 45000, all_targets length: 45000
2026-06-16 04:27:44,054 - debug - DEBUG - First 10 preds: [9, 9, 9, 1, 7, 7, 8, 2, 7, 5]
2026-06-16 04:27:44,055 - debug - DEBUG - First 10 targets: [9, 9, 9, 1, 7, 7, 8, 2, 7, 5]
2026-06-16 04:27:44,066 - debug - DEBUG - Unique predicted classes: 10 (first 10: [0 1 2 3 4 5 6 7 8 9])
2026-06-16 04:27:44,067 - debug - DEBUG - Unique target classes: 10 (first 10: [0 1 2 3 4 5 6 7 8 9])
2026-06-16 04:27:46,008 - debug - DEBUG - compute_metrics_and_record started for epoch 165
2026-06-16 04:27:46,008 - debug - DEBUG - all_preds length: 10000, all_targets length: 10000
2026-06-16 04:27:46,009 - debug - DEBUG - First 10 preds: [3, 8, 8, 8, 6, 6, 1, 6, 3, 1]
2026-06-16 04:27:46,009 - debug - DEBUG - First 10 targets: [3, 8, 8, 0, 6, 6, 1, 6, 3, 1]
2026-06-16 04:27:46,011 - debug - DEBUG - Unique predicted classes: 10 (first 10: [0 1 2 3 4 5 6 7 8 9])
2026-06-16 04:27:46,012 - debug - DEBUG - Unique target classes: 10 (first 10: [0 1 2 3 4 5 6 7 8 9])
2026-06-16 04:27:46,288 - debug - DEBUG - Device Check - Batch 0
2026-06-16 04:27:46,288 - debug - DEBUG -   Config GPU ID: 1
2026-06-16 04:27:46,289 - debug - DEBUG -   Input Device:  cuda:1
2026-06-16 04:27:46,289 - debug - DEBUG -   Target Device: cuda:1
2026-06-16 04:27:46,289 - debug - DEBUG -   Model Device:  cuda:1
2026-06-16 04:27:46,289 - debug - DEBUG -   Criterion Weight Device: No weights
2026-06-16 04:27:46,585 - debug - DEBUG - Batch 0 grad norm: 0.782793
2026-06-16 04:27:47,486 - debug - DEBUG - Batch 10 grad norm: 0.771492
2026-06-16 04:27:48,363 - debug - DEBUG - Batch 20 grad norm: 0.912264
2026-06-16 04:27:49,271 - debug - DEBUG - Batch 30 grad norm: 0.970842
2026-06-16 04:27:50,147 - debug - DEBUG - Batch 40 grad norm: 0.888774
2026-06-16 04:27:51,051 - debug - DEBUG - Batch 50 grad norm: 0.527093
2026-06-16 04:27:51,949 - debug - DEBUG - Batch 60 grad norm: 0.986496
2026-06-16 04:27:52,827 - debug - DEBUG - Batch 70 grad norm: 0.558561
2026-06-16 04:27:53,737 - debug - DEBUG - Batch 80 grad norm: 0.744740
2026-06-16 04:27:54,617 - debug - DEBUG - Batch 90 grad norm: 0.841041
2026-06-16 04:27:55,520 - debug - DEBUG - Batch 100 grad norm: 0.788024
2026-06-16 04:27:56,398 - debug - DEBUG - Batch 110 grad norm: 0.869972
2026-06-16 04:27:57,295 - debug - DEBUG - Batch 120 grad norm: 0.618382
2026-06-16 04:27:58,170 - debug - DEBUG - Batch 130 grad norm: 0.634191
2026-06-16 04:27:59,073 - debug - DEBUG - Batch 140 grad norm: 0.475932
2026-06-16 04:27:59,948 - debug - DEBUG - Batch 150 grad norm: 0.563516
2026-06-16 04:28:00,856 - debug - DEBUG - Batch 160 grad norm: 0.937987
2026-06-16 04:28:01,762 - debug - DEBUG - Batch 170 grad norm: 0.786148
2026-06-16 04:28:02,647 - debug - DEBUG - Batch 180 grad norm: 0.808414
2026-06-16 04:28:03,638 - debug - DEBUG - Batch 190 grad norm: 0.628048
2026-06-16 04:28:04,345 - debug - DEBUG - Batch 200 grad norm: 0.722064
2026-06-16 04:28:05,249 - debug - DEBUG - Batch 210 grad norm: 0.843826
2026-06-16 04:28:06,142 - debug - DEBUG - Batch 220 grad norm: 0.663976
2026-06-16 04:28:07,061 - debug - DEBUG - Batch 230 grad norm: 0.552171
2026-06-16 04:28:07,976 - debug - DEBUG - Batch 240 grad norm: 0.674713
2026-06-16 04:28:08,851 - debug - DEBUG - Batch 250 grad norm: 0.755544
2026-06-16 04:28:09,765 - debug - DEBUG - Batch 260 grad norm: 0.954927
2026-06-16 04:28:10,681 - debug - DEBUG - Batch 270 grad norm: 0.625725
2026-06-16 04:28:11,590 - debug - DEBUG - Batch 280 grad norm: 0.746103
2026-06-16 04:28:12,473 - debug - DEBUG - Batch 290 grad norm: 0.603165
2026-06-16 04:28:13,390 - debug - DEBUG - Batch 300 grad norm: 0.897303
2026-06-16 04:28:14,300 - debug - DEBUG - Batch 310 grad norm: 0.650326
2026-06-16 04:28:15,208 - debug - DEBUG - Batch 320 grad norm: 0.538506
2026-06-16 04:28:16,131 - debug - DEBUG - Batch 330 grad norm: 0.679265
2026-06-16 04:28:17,004 - debug - DEBUG - Batch 340 grad norm: 0.692106
2026-06-16 04:28:17,916 - debug - DEBUG - Batch 350 grad norm: 0.646254
2026-06-16 04:28:18,001 - debug - DEBUG - compute_metrics_and_record started for epoch 166
2026-06-16 04:28:18,001 - debug - DEBUG - all_preds length: 45000, all_targets length: 45000
2026-06-16 04:28:18,001 - debug - DEBUG - First 10 preds: [3, 1, 9, 0, 5, 8, 4, 3, 0, 0]
2026-06-16 04:28:18,001 - debug - DEBUG - First 10 targets: [3, 1, 9, 0, 5, 8, 3, 3, 5, 0]
2026-06-16 04:28:18,012 - debug - DEBUG - Unique predicted classes: 10 (first 10: [0 1 2 3 4 5 6 7 8 9])
2026-06-16 04:28:18,012 - debug - DEBUG - Unique target classes: 10 (first 10: [0 1 2 3 4 5 6 7 8 9])
2026-06-16 04:28:19,972 - debug - DEBUG - compute_metrics_and_record started for epoch 166
2026-06-16 04:28:19,973 - debug - DEBUG - all_preds length: 10000, all_targets length: 10000
2026-06-16 04:28:19,973 - debug - DEBUG - First 10 preds: [3, 8, 8, 8, 6, 6, 1, 6, 3, 1]
2026-06-16 04:28:19,973 - debug - DEBUG - First 10 targets: [3, 8, 8, 0, 6, 6, 1, 6, 3, 1]
2026-06-16 04:28:19,975 - debug - DEBUG - Unique predicted classes: 10 (first 10: [0 1 2 3 4 5 6 7 8 9])
2026-06-16 04:28:19,976 - debug - DEBUG - Unique target classes: 10 (first 10: [0 1 2 3 4 5 6 7 8 9])
2026-06-16 04:28:20,239 - debug - DEBUG - Device Check - Batch 0
2026-06-16 04:28:20,239 - debug - DEBUG -   Config GPU ID: 1
2026-06-16 04:28:20,240 - debug - DEBUG -   Input Device:  cuda:1
2026-06-16 04:28:20,240 - debug - DEBUG -   Target Device: cuda:1
2026-06-16 04:28:20,240 - debug - DEBUG -   Model Device:  cuda:1
2026-06-16 04:28:20,240 - debug - DEBUG -   Criterion Weight Device: No weights
2026-06-16 04:28:20,577 - debug - DEBUG - Batch 0 grad norm: 0.968229
2026-06-16 04:28:21,462 - debug - DEBUG - Batch 10 grad norm: 0.768886
2026-06-16 04:28:22,378 - debug - DEBUG - Batch 20 grad norm: 0.575690
2026-06-16 04:28:23,273 - debug - DEBUG - Batch 30 grad norm: 0.736181
2026-06-16 04:28:24,181 - debug - DEBUG - Batch 40 grad norm: 0.558710
2026-06-16 04:28:25,069 - debug - DEBUG - Batch 50 grad norm: 0.598593
2026-06-16 04:28:25,980 - debug - DEBUG - Batch 60 grad norm: 0.544307
2026-06-16 04:28:26,860 - debug - DEBUG - Batch 70 grad norm: 0.796278
2026-06-16 04:28:27,767 - debug - DEBUG - Batch 80 grad norm: 0.784802
2026-06-16 04:28:28,639 - debug - DEBUG - Batch 90 grad norm: 0.470989
2026-06-16 04:28:29,537 - debug - DEBUG - Batch 100 grad norm: 0.608219
2026-06-16 04:28:30,451 - debug - DEBUG - Batch 110 grad norm: 0.652889
2026-06-16 04:28:31,321 - debug - DEBUG - Batch 120 grad norm: 0.809921
2026-06-16 04:28:32,231 - debug - DEBUG - Batch 130 grad norm: 0.539893
2026-06-16 04:28:33,111 - debug - DEBUG - Batch 140 grad norm: 0.863241
2026-06-16 04:28:34,020 - debug - DEBUG - Batch 150 grad norm: 0.475727
2026-06-16 04:28:34,900 - debug - DEBUG - Batch 160 grad norm: 0.636302
2026-06-16 04:28:35,807 - debug - DEBUG - Batch 170 grad norm: 0.815581
2026-06-16 04:28:36,689 - debug - DEBUG - Batch 180 grad norm: 0.724462
2026-06-16 04:28:37,676 - debug - DEBUG - Batch 190 grad norm: 0.827621
2026-06-16 04:28:38,454 - debug - DEBUG - Batch 200 grad norm: 0.713854
2026-06-16 04:28:39,369 - debug - DEBUG - Batch 210 grad norm: 0.765454
2026-06-16 04:28:40,272 - debug - DEBUG - Batch 220 grad norm: 0.577896
2026-06-16 04:28:41,163 - debug - DEBUG - Batch 230 grad norm: 0.655612
2026-06-16 04:28:42,087 - debug - DEBUG - Batch 240 grad norm: 0.624980
2026-06-16 04:28:43,008 - debug - DEBUG - Batch 250 grad norm: 0.770021
2026-06-16 04:28:43,909 - debug - DEBUG - Batch 260 grad norm: 0.941956
2026-06-16 04:28:44,836 - debug - DEBUG - Batch 270 grad norm: 0.757874
2026-06-16 04:28:45,757 - debug - DEBUG - Batch 280 grad norm: 0.691577
2026-06-16 04:28:46,678 - debug - DEBUG - Batch 290 grad norm: 0.721311
2026-06-16 04:28:47,556 - debug - DEBUG - Batch 300 grad norm: 0.690204
2026-06-16 04:28:48,473 - debug - DEBUG - Batch 310 grad norm: 0.668568
2026-06-16 04:28:49,394 - debug - DEBUG - Batch 320 grad norm: 0.747422
2026-06-16 04:28:50,292 - debug - DEBUG - Batch 330 grad norm: 0.581486
2026-06-16 04:28:51,213 - debug - DEBUG - Batch 340 grad norm: 0.634020
2026-06-16 04:28:52,132 - debug - DEBUG - Batch 350 grad norm: 0.775301
2026-06-16 04:28:52,217 - debug - DEBUG - compute_metrics_and_record started for epoch 167
2026-06-16 04:28:52,218 - debug - DEBUG - all_preds length: 45000, all_targets length: 45000
2026-06-16 04:28:52,218 - debug - DEBUG - First 10 preds: [6, 3, 8, 2, 3, 3, 5, 1, 7, 4]
2026-06-16 04:28:52,218 - debug - DEBUG - First 10 targets: [6, 3, 8, 2, 3, 3, 5, 1, 7, 4]
2026-06-16 04:28:52,229 - debug - DEBUG - Unique predicted classes: 10 (first 10: [0 1 2 3 4 5 6 7 8 9])
2026-06-16 04:28:52,229 - debug - DEBUG - Unique target classes: 10 (first 10: [0 1 2 3 4 5 6 7 8 9])
2026-06-16 04:28:54,193 - debug - DEBUG - compute_metrics_and_record started for epoch 167
2026-06-16 04:28:54,193 - debug - DEBUG - all_preds length: 10000, all_targets length: 10000
2026-06-16 04:28:54,193 - debug - DEBUG - First 10 preds: [3, 8, 8, 8, 6, 6, 1, 6, 3, 1]
2026-06-16 04:28:54,194 - debug - DEBUG - First 10 targets: [3, 8, 8, 0, 6, 6, 1, 6, 3, 1]
2026-06-16 04:28:54,196 - debug - DEBUG - Unique predicted classes: 10 (first 10: [0 1 2 3 4 5 6 7 8 9])
2026-06-16 04:28:54,197 - debug - DEBUG - Unique target classes: 10 (first 10: [0 1 2 3 4 5 6 7 8 9])
2026-06-16 04:28:54,460 - debug - DEBUG - Device Check - Batch 0
2026-06-16 04:28:54,461 - debug - DEBUG -   Config GPU ID: 1
2026-06-16 04:28:54,461 - debug - DEBUG -   Input Device:  cuda:1
2026-06-16 04:28:54,461 - debug - DEBUG -   Target Device: cuda:1
2026-06-16 04:28:54,461 - debug - DEBUG -   Model Device:  cuda:1
2026-06-16 04:28:54,462 - debug - DEBUG -   Criterion Weight Device: No weights
2026-06-16 04:28:54,786 - debug - DEBUG - Batch 0 grad norm: 0.604905
2026-06-16 04:28:55,664 - debug - DEBUG - Batch 10 grad norm: 0.870607
2026-06-16 04:28:56,553 - debug - DEBUG - Batch 20 grad norm: 0.678008
2026-06-16 04:28:57,392 - debug - DEBUG - Batch 30 grad norm: 0.896451
2026-06-16 04:28:58,266 - debug - DEBUG - Batch 40 grad norm: 0.625416
2026-06-16 04:28:59,172 - debug - DEBUG - Batch 50 grad norm: 0.534717
2026-06-16 04:29:00,058 - debug - DEBUG - Batch 60 grad norm: 0.754631
2026-06-16 04:29:00,964 - debug - DEBUG - Batch 70 grad norm: 0.539765
2026-06-16 04:29:01,851 - debug - DEBUG - Batch 80 grad norm: 0.600177
2026-06-16 04:29:02,756 - debug - DEBUG - Batch 90 grad norm: 0.990026
2026-06-16 04:29:03,635 - debug - DEBUG - Batch 100 grad norm: 0.687152
2026-06-16 04:29:04,540 - debug - DEBUG - Batch 110 grad norm: 0.723674
2026-06-16 04:29:05,417 - debug - DEBUG - Batch 120 grad norm: 0.732334
2026-06-16 04:29:06,329 - debug - DEBUG - Batch 130 grad norm: 0.722733
2026-06-16 04:29:07,238 - debug - DEBUG - Batch 140 grad norm: 0.526126
2026-06-16 04:29:08,119 - debug - DEBUG - Batch 150 grad norm: 0.535951
2026-06-16 04:29:09,032 - debug - DEBUG - Batch 160 grad norm: 0.797328
2026-06-16 04:29:09,920 - debug - DEBUG - Batch 170 grad norm: 1.010244
2026-06-16 04:29:10,806 - debug - DEBUG - Batch 180 grad norm: 0.985670
2026-06-16 04:29:11,778 - debug - DEBUG - Batch 190 grad norm: 0.591774
2026-06-16 04:29:12,553 - debug - DEBUG - Batch 200 grad norm: 0.804494
2026-06-16 04:29:13,459 - debug - DEBUG - Batch 210 grad norm: 0.600173
2026-06-16 04:29:14,359 - debug - DEBUG - Batch 220 grad norm: 0.527432
2026-06-16 04:29:15,280 - debug - DEBUG - Batch 230 grad norm: 0.882369
2026-06-16 04:29:16,190 - debug - DEBUG - Batch 240 grad norm: 0.419656
2026-06-16 04:29:17,102 - debug - DEBUG - Batch 250 grad norm: 0.807876
2026-06-16 04:29:17,986 - debug - DEBUG - Batch 260 grad norm: 0.476711
2026-06-16 04:29:18,901 - debug - DEBUG - Batch 270 grad norm: 0.461906
2026-06-16 04:29:19,802 - debug - DEBUG - Batch 280 grad norm: 0.659897
2026-06-16 04:29:20,725 - debug - DEBUG - Batch 290 grad norm: 0.620666
2026-06-16 04:29:21,631 - debug - DEBUG - Batch 300 grad norm: 0.594938
2026-06-16 04:29:22,530 - debug - DEBUG - Batch 310 grad norm: 0.610182
2026-06-16 04:29:23,449 - debug - DEBUG - Batch 320 grad norm: 0.588826
2026-06-16 04:29:24,360 - debug - DEBUG - Batch 330 grad norm: 0.993260
2026-06-16 04:29:25,275 - debug - DEBUG - Batch 340 grad norm: 0.813852
2026-06-16 04:29:26,165 - debug - DEBUG - Batch 350 grad norm: 0.828815
2026-06-16 04:29:26,273 - debug - DEBUG - compute_metrics_and_record started for epoch 168
2026-06-16 04:29:26,274 - debug - DEBUG - all_preds length: 45000, all_targets length: 45000
2026-06-16 04:29:26,274 - debug - DEBUG - First 10 preds: [2, 9, 7, 2, 5, 0, 2, 4, 5, 0]
2026-06-16 04:29:26,274 - debug - DEBUG - First 10 targets: [2, 9, 7, 2, 5, 0, 0, 4, 5, 0]
2026-06-16 04:29:26,286 - debug - DEBUG - Unique predicted classes: 10 (first 10: [0 1 2 3 4 5 6 7 8 9])
2026-06-16 04:29:26,286 - debug - DEBUG - Unique target classes: 10 (first 10: [0 1 2 3 4 5 6 7 8 9])
2026-06-16 04:29:28,302 - debug - DEBUG - compute_metrics_and_record started for epoch 168
2026-06-16 04:29:28,302 - debug - DEBUG - all_preds length: 10000, all_targets length: 10000
2026-06-16 04:29:28,302 - debug - DEBUG - First 10 preds: [3, 8, 8, 8, 6, 6, 1, 6, 3, 1]
2026-06-16 04:29:28,302 - debug - DEBUG - First 10 targets: [3, 8, 8, 0, 6, 6, 1, 6, 3, 1]
2026-06-16 04:29:28,304 - debug - DEBUG - Unique predicted classes: 10 (first 10: [0 1 2 3 4 5 6 7 8 9])
2026-06-16 04:29:28,305 - debug - DEBUG - Unique target classes: 10 (first 10: [0 1 2 3 4 5 6 7 8 9])
2026-06-16 04:29:28,633 - debug - DEBUG - Device Check - Batch 0
2026-06-16 04:29:28,634 - debug - DEBUG -   Config GPU ID: 1
2026-06-16 04:29:28,634 - debug - DEBUG -   Input Device:  cuda:1
2026-06-16 04:29:28,635 - debug - DEBUG -   Target Device: cuda:1
2026-06-16 04:29:28,635 - debug - DEBUG -   Model Device:  cuda:1
2026-06-16 04:29:28,635 - debug - DEBUG -   Criterion Weight Device: No weights
2026-06-16 04:29:28,948 - debug - DEBUG - Batch 0 grad norm: 0.590808
2026-06-16 04:29:29,864 - debug - DEBUG - Batch 10 grad norm: 0.746064
2026-06-16 04:29:30,739 - debug - DEBUG - Batch 20 grad norm: 0.769463
2026-06-16 04:29:31,653 - debug - DEBUG - Batch 30 grad norm: 0.710722
2026-06-16 04:29:32,541 - debug - DEBUG - Batch 40 grad norm: 0.471152
2026-06-16 04:29:33,457 - debug - DEBUG - Batch 50 grad norm: 0.652847
2026-06-16 04:29:34,345 - debug - DEBUG - Batch 60 grad norm: 0.546687
2026-06-16 04:29:35,260 - debug - DEBUG - Batch 70 grad norm: 0.746982
2026-06-16 04:29:36,175 - debug - DEBUG - Batch 80 grad norm: 0.841115
2026-06-16 04:29:37,072 - debug - DEBUG - Batch 90 grad norm: 0.698254
2026-06-16 04:29:37,988 - debug - DEBUG - Batch 100 grad norm: 0.707008
2026-06-16 04:29:38,876 - debug - DEBUG - Batch 110 grad norm: 0.715147
2026-06-16 04:29:39,792 - debug - DEBUG - Batch 120 grad norm: 0.685530
2026-06-16 04:29:40,674 - debug - DEBUG - Batch 130 grad norm: 0.677405
2026-06-16 04:29:41,593 - debug - DEBUG - Batch 140 grad norm: 0.585633
2026-06-16 04:29:42,484 - debug - DEBUG - Batch 150 grad norm: 0.707188
2026-06-16 04:29:43,408 - debug - DEBUG - Batch 160 grad norm: 0.761757
2026-06-16 04:29:44,246 - debug - DEBUG - Batch 170 grad norm: 0.707050
2026-06-16 04:29:45,150 - debug - DEBUG - Batch 180 grad norm: 0.538248
2026-06-16 04:29:46,135 - debug - DEBUG - Batch 190 grad norm: 0.537796
2026-06-16 04:29:46,866 - debug - DEBUG - Batch 200 grad norm: 0.663344
2026-06-16 04:29:47,783 - debug - DEBUG - Batch 210 grad norm: 0.566487
2026-06-16 04:29:48,678 - debug - DEBUG - Batch 220 grad norm: 0.626712
2026-06-16 04:29:49,591 - debug - DEBUG - Batch 230 grad norm: 0.752154
2026-06-16 04:29:50,476 - debug - DEBUG - Batch 240 grad norm: 0.715031
2026-06-16 04:29:51,385 - debug - DEBUG - Batch 250 grad norm: 0.720616
2026-06-16 04:29:52,269 - debug - DEBUG - Batch 260 grad norm: 0.787693
2026-06-16 04:29:53,175 - debug - DEBUG - Batch 270 grad norm: 0.840177
2026-06-16 04:29:54,050 - debug - DEBUG - Batch 280 grad norm: 0.838403
2026-06-16 04:29:54,963 - debug - DEBUG - Batch 290 grad norm: 0.786124
2026-06-16 04:29:55,874 - debug - DEBUG - Batch 300 grad norm: 0.876977
2026-06-16 04:29:56,763 - debug - DEBUG - Batch 310 grad norm: 0.827610
2026-06-16 04:29:57,685 - debug - DEBUG - Batch 320 grad norm: 0.537048
2026-06-16 04:29:58,577 - debug - DEBUG - Batch 330 grad norm: 0.801158
2026-06-16 04:29:59,489 - debug - DEBUG - Batch 340 grad norm: 0.635330
2026-06-16 04:30:00,358 - debug - DEBUG - Batch 350 grad norm: 0.577223
2026-06-16 04:30:00,463 - debug - DEBUG - compute_metrics_and_record started for epoch 169
2026-06-16 04:30:00,463 - debug - DEBUG - all_preds length: 45000, all_targets length: 45000
2026-06-16 04:30:00,463 - debug - DEBUG - First 10 preds: [8, 1, 5, 6, 4, 6, 2, 7, 0, 0]
2026-06-16 04:30:00,463 - debug - DEBUG - First 10 targets: [8, 1, 5, 6, 4, 6, 2, 7, 0, 0]
2026-06-16 04:30:00,475 - debug - DEBUG - Unique predicted classes: 10 (first 10: [0 1 2 3 4 5 6 7 8 9])
2026-06-16 04:30:00,475 - debug - DEBUG - Unique target classes: 10 (first 10: [0 1 2 3 4 5 6 7 8 9])
2026-06-16 04:30:02,414 - debug - DEBUG - compute_metrics_and_record started for epoch 169
2026-06-16 04:30:02,414 - debug - DEBUG - all_preds length: 10000, all_targets length: 10000
2026-06-16 04:30:02,414 - debug - DEBUG - First 10 preds: [3, 8, 8, 8, 6, 6, 1, 6, 3, 1]
2026-06-16 04:30:02,415 - debug - DEBUG - First 10 targets: [3, 8, 8, 0, 6, 6, 1, 6, 3, 1]
2026-06-16 04:30:02,417 - debug - DEBUG - Unique predicted classes: 10 (first 10: [0 1 2 3 4 5 6 7 8 9])
2026-06-16 04:30:02,417 - debug - DEBUG - Unique target classes: 10 (first 10: [0 1 2 3 4 5 6 7 8 9])
2026-06-16 04:30:02,686 - debug - DEBUG - Device Check - Batch 0
2026-06-16 04:30:02,687 - debug - DEBUG -   Config GPU ID: 1
2026-06-16 04:30:02,687 - debug - DEBUG -   Input Device:  cuda:1
2026-06-16 04:30:02,687 - debug - DEBUG -   Target Device: cuda:1
2026-06-16 04:30:02,688 - debug - DEBUG -   Model Device:  cuda:1
2026-06-16 04:30:02,688 - debug - DEBUG -   Criterion Weight Device: No weights
2026-06-16 04:30:02,984 - debug - DEBUG - Batch 0 grad norm: 0.513301
2026-06-16 04:30:03,892 - debug - DEBUG - Batch 10 grad norm: 0.603558
2026-06-16 04:30:04,781 - debug - DEBUG - Batch 20 grad norm: 0.568745
2026-06-16 04:30:05,691 - debug - DEBUG - Batch 30 grad norm: 0.549389
2026-06-16 04:30:06,587 - debug - DEBUG - Batch 40 grad norm: 0.639357
2026-06-16 04:30:07,499 - debug - DEBUG - Batch 50 grad norm: 0.860061
2026-06-16 04:30:08,383 - debug - DEBUG - Batch 60 grad norm: 0.714780
2026-06-16 04:30:09,295 - debug - DEBUG - Batch 70 grad norm: 0.748903
2026-06-16 04:30:10,177 - debug - DEBUG - Batch 80 grad norm: 1.006141
2026-06-16 04:30:11,088 - debug - DEBUG - Batch 90 grad norm: 0.468571
2026-06-16 04:30:11,961 - debug - DEBUG - Batch 100 grad norm: 0.655411
2026-06-16 04:30:12,874 - debug - DEBUG - Batch 110 grad norm: 0.486366
2026-06-16 04:30:13,778 - debug - DEBUG - Batch 120 grad norm: 0.850902
2026-06-16 04:30:14,668 - debug - DEBUG - Batch 130 grad norm: 0.725943
2026-06-16 04:30:15,582 - debug - DEBUG - Batch 140 grad norm: 0.721316
2026-06-16 04:30:16,472 - debug - DEBUG - Batch 150 grad norm: 0.838477
2026-06-16 04:30:17,380 - debug - DEBUG - Batch 160 grad norm: 0.691425
2026-06-16 04:30:18,265 - debug - DEBUG - Batch 170 grad norm: 0.488178
2026-06-16 04:30:19,158 - debug - DEBUG - Batch 180 grad norm: 0.703963
2026-06-16 04:30:20,135 - debug - DEBUG - Batch 190 grad norm: 0.790232
2026-06-16 04:30:20,900 - debug - DEBUG - Batch 200 grad norm: 0.608130
2026-06-16 04:30:21,811 - debug - DEBUG - Batch 210 grad norm: 0.750369
2026-06-16 04:30:22,694 - debug - DEBUG - Batch 220 grad norm: 0.467653
2026-06-16 04:30:23,605 - debug - DEBUG - Batch 230 grad norm: 0.756239
2026-06-16 04:30:24,486 - debug - DEBUG - Batch 240 grad norm: 0.650438
2026-06-16 04:30:25,392 - debug - DEBUG - Batch 250 grad norm: 0.670457
2026-06-16 04:30:26,275 - debug - DEBUG - Batch 260 grad norm: 0.455754
2026-06-16 04:30:27,181 - debug - DEBUG - Batch 270 grad norm: 0.594319
2026-06-16 04:30:28,059 - debug - DEBUG - Batch 280 grad norm: 0.888879
2026-06-16 04:30:28,969 - debug - DEBUG - Batch 290 grad norm: 0.555379
2026-06-16 04:30:29,880 - debug - DEBUG - Batch 300 grad norm: 0.733769
2026-06-16 04:30:30,753 - debug - DEBUG - Batch 310 grad norm: 0.793620
2026-06-16 04:30:31,664 - debug - DEBUG - Batch 320 grad norm: 0.726350
2026-06-16 04:30:32,542 - debug - DEBUG - Batch 330 grad norm: 0.887188
2026-06-16 04:30:33,453 - debug - DEBUG - Batch 340 grad norm: 0.763469
2026-06-16 04:30:34,331 - debug - DEBUG - Batch 350 grad norm: 0.748020
2026-06-16 04:30:34,443 - debug - DEBUG - compute_metrics_and_record started for epoch 170
2026-06-16 04:30:34,443 - debug - DEBUG - all_preds length: 45000, all_targets length: 45000
2026-06-16 04:30:34,443 - debug - DEBUG - First 10 preds: [3, 5, 7, 5, 0, 9, 1, 6, 4, 7]
2026-06-16 04:30:34,443 - debug - DEBUG - First 10 targets: [3, 5, 7, 5, 0, 9, 1, 6, 4, 7]
2026-06-16 04:30:34,454 - debug - DEBUG - Unique predicted classes: 10 (first 10: [0 1 2 3 4 5 6 7 8 9])
2026-06-16 04:30:34,454 - debug - DEBUG - Unique target classes: 10 (first 10: [0 1 2 3 4 5 6 7 8 9])
2026-06-16 04:30:36,431 - debug - DEBUG - compute_metrics_and_record started for epoch 170
2026-06-16 04:30:36,432 - debug - DEBUG - all_preds length: 10000, all_targets length: 10000
2026-06-16 04:30:36,432 - debug - DEBUG - First 10 preds: [3, 8, 8, 8, 6, 6, 1, 6, 3, 1]
2026-06-16 04:30:36,432 - debug - DEBUG - First 10 targets: [3, 8, 8, 0, 6, 6, 1, 6, 3, 1]
2026-06-16 04:30:36,434 - debug - DEBUG - Unique predicted classes: 10 (first 10: [0 1 2 3 4 5 6 7 8 9])
2026-06-16 04:30:36,435 - debug - DEBUG - Unique target classes: 10 (first 10: [0 1 2 3 4 5 6 7 8 9])
2026-06-16 04:30:36,700 - debug - DEBUG - Device Check - Batch 0
2026-06-16 04:30:36,701 - debug - DEBUG -   Config GPU ID: 1
2026-06-16 04:30:36,701 - debug - DEBUG -   Input Device:  cuda:1
2026-06-16 04:30:36,701 - debug - DEBUG -   Target Device: cuda:1
2026-06-16 04:30:36,701 - debug - DEBUG -   Model Device:  cuda:1
2026-06-16 04:30:36,701 - debug - DEBUG -   Criterion Weight Device: No weights
2026-06-16 04:30:37,030 - debug - DEBUG - Batch 0 grad norm: 0.756084
2026-06-16 04:30:37,939 - debug - DEBUG - Batch 10 grad norm: 0.582094
2026-06-16 04:30:38,835 - debug - DEBUG - Batch 20 grad norm: 0.645201
2026-06-16 04:30:39,745 - debug - DEBUG - Batch 30 grad norm: 0.488696
2026-06-16 04:30:40,641 - debug - DEBUG - Batch 40 grad norm: 0.909493
2026-06-16 04:30:41,551 - debug - DEBUG - Batch 50 grad norm: 0.664204
2026-06-16 04:30:42,430 - debug - DEBUG - Batch 60 grad norm: 0.578224
2026-06-16 04:30:43,335 - debug - DEBUG - Batch 70 grad norm: 0.455352
2026-06-16 04:30:44,184 - debug - DEBUG - Batch 80 grad norm: 0.851686
2026-06-16 04:30:45,098 - debug - DEBUG - Batch 90 grad norm: 0.804143
2026-06-16 04:30:46,037 - debug - DEBUG - Batch 100 grad norm: 0.654749
2026-06-16 04:30:46,911 - debug - DEBUG - Batch 110 grad norm: 0.729816
2026-06-16 04:30:47,835 - debug - DEBUG - Batch 120 grad norm: 0.605426
2026-06-16 04:30:48,708 - debug - DEBUG - Batch 130 grad norm: 0.746048
2026-06-16 04:30:49,616 - debug - DEBUG - Batch 140 grad norm: 0.506153
2026-06-16 04:30:50,505 - debug - DEBUG - Batch 150 grad norm: 0.409339
2026-06-16 04:30:51,429 - debug - DEBUG - Batch 160 grad norm: 0.802324
2026-06-16 04:30:52,274 - debug - DEBUG - Batch 170 grad norm: 0.827200
2026-06-16 04:30:53,167 - debug - DEBUG - Batch 180 grad norm: 0.542189
2026-06-16 04:30:54,153 - debug - DEBUG - Batch 190 grad norm: 0.977726
2026-06-16 04:30:54,897 - debug - DEBUG - Batch 200 grad norm: 0.774530
2026-06-16 04:30:55,810 - debug - DEBUG - Batch 210 grad norm: 0.406596
2026-06-16 04:30:56,730 - debug - DEBUG - Batch 220 grad norm: 0.890499
2026-06-16 04:30:57,642 - debug - DEBUG - Batch 230 grad norm: 0.622935
2026-06-16 04:30:58,528 - debug - DEBUG - Batch 240 grad norm: 0.716954
2026-06-16 04:30:59,443 - debug - DEBUG - Batch 250 grad norm: 0.742033
2026-06-16 04:31:00,314 - debug - DEBUG - Batch 260 grad norm: 0.679780
2026-06-16 04:31:01,223 - debug - DEBUG - Batch 270 grad norm: 0.540519
2026-06-16 04:31:02,107 - debug - DEBUG - Batch 280 grad norm: 0.536279
2026-06-16 04:31:02,986 - debug - DEBUG - Batch 290 grad norm: 0.658918
2026-06-16 04:31:03,901 - debug - DEBUG - Batch 300 grad norm: 0.660179
2026-06-16 04:31:04,791 - debug - DEBUG - Batch 310 grad norm: 0.534360
2026-06-16 04:31:05,701 - debug - DEBUG - Batch 320 grad norm: 0.673148
2026-06-16 04:31:06,580 - debug - DEBUG - Batch 330 grad norm: 0.700287
2026-06-16 04:31:07,484 - debug - DEBUG - Batch 340 grad norm: 0.469953
2026-06-16 04:31:08,368 - debug - DEBUG - Batch 350 grad norm: 0.486068
2026-06-16 04:31:08,468 - debug - DEBUG - compute_metrics_and_record started for epoch 171
2026-06-16 04:31:08,468 - debug - DEBUG - all_preds length: 45000, all_targets length: 45000
2026-06-16 04:31:08,469 - debug - DEBUG - First 10 preds: [8, 4, 1, 5, 5, 8, 8, 2, 8, 3]
2026-06-16 04:31:08,469 - debug - DEBUG - First 10 targets: [8, 4, 1, 5, 6, 8, 8, 2, 8, 3]
2026-06-16 04:31:08,485 - debug - DEBUG - Unique predicted classes: 10 (first 10: [0 1 2 3 4 5 6 7 8 9])
2026-06-16 04:31:08,486 - debug - DEBUG - Unique target classes: 10 (first 10: [0 1 2 3 4 5 6 7 8 9])
2026-06-16 04:31:10,442 - debug - DEBUG - compute_metrics_and_record started for epoch 171
2026-06-16 04:31:10,442 - debug - DEBUG - all_preds length: 10000, all_targets length: 10000
2026-06-16 04:31:10,442 - debug - DEBUG - First 10 preds: [3, 8, 8, 8, 6, 6, 1, 6, 3, 1]
2026-06-16 04:31:10,442 - debug - DEBUG - First 10 targets: [3, 8, 8, 0, 6, 6, 1, 6, 3, 1]
2026-06-16 04:31:10,445 - debug - DEBUG - Unique predicted classes: 10 (first 10: [0 1 2 3 4 5 6 7 8 9])
2026-06-16 04:31:10,445 - debug - DEBUG - Unique target classes: 10 (first 10: [0 1 2 3 4 5 6 7 8 9])
2026-06-16 04:31:10,760 - debug - DEBUG - Device Check - Batch 0
2026-06-16 04:31:10,761 - debug - DEBUG -   Config GPU ID: 1
2026-06-16 04:31:10,761 - debug - DEBUG -   Input Device:  cuda:1
2026-06-16 04:31:10,761 - debug - DEBUG -   Target Device: cuda:1
2026-06-16 04:31:10,762 - debug - DEBUG -   Model Device:  cuda:1
2026-06-16 04:31:10,762 - debug - DEBUG -   Criterion Weight Device: No weights
2026-06-16 04:31:11,089 - debug - DEBUG - Batch 0 grad norm: 0.851117
2026-06-16 04:31:12,002 - debug - DEBUG - Batch 10 grad norm: 0.867854
2026-06-16 04:31:12,899 - debug - DEBUG - Batch 20 grad norm: 0.458157
2026-06-16 04:31:13,814 - debug - DEBUG - Batch 30 grad norm: 0.580720
2026-06-16 04:31:14,688 - debug - DEBUG - Batch 40 grad norm: 0.740467
2026-06-16 04:31:15,607 - debug - DEBUG - Batch 50 grad norm: 0.550055
2026-06-16 04:31:16,475 - debug - DEBUG - Batch 60 grad norm: 0.819685
2026-06-16 04:31:17,390 - debug - DEBUG - Batch 70 grad norm: 0.794982
2026-06-16 04:31:18,257 - debug - DEBUG - Batch 80 grad norm: 0.710401
2026-06-16 04:31:19,174 - debug - DEBUG - Batch 90 grad norm: 0.352550
2026-06-16 04:31:20,085 - debug - DEBUG - Batch 100 grad norm: 0.715717
2026-06-16 04:31:20,977 - debug - DEBUG - Batch 110 grad norm: 0.735875
2026-06-16 04:31:21,889 - debug - DEBUG - Batch 120 grad norm: 0.867575
2026-06-16 04:31:22,783 - debug - DEBUG - Batch 130 grad norm: 0.453897
2026-06-16 04:31:23,698 - debug - DEBUG - Batch 140 grad norm: 0.688785
2026-06-16 04:31:24,583 - debug - DEBUG - Batch 150 grad norm: 0.814496
2026-06-16 04:31:25,498 - debug - DEBUG - Batch 160 grad norm: 0.371688
2026-06-16 04:31:26,271 - debug - DEBUG - Batch 170 grad norm: 0.734097
2026-06-16 04:31:27,272 - debug - DEBUG - Batch 180 grad norm: 0.687610
2026-06-16 04:31:28,030 - debug - DEBUG - Batch 190 grad norm: 0.729972
2026-06-16 04:31:28,696 - debug - DEBUG - Batch 200 grad norm: 0.494777
2026-06-16 04:31:29,440 - debug - DEBUG - Batch 210 grad norm: 0.679907
2026-06-16 04:31:30,332 - debug - DEBUG - Batch 220 grad norm: 0.462129
2026-06-16 04:31:31,148 - debug - DEBUG - Batch 230 grad norm: 0.611910
2026-06-16 04:31:32,005 - debug - DEBUG - Batch 240 grad norm: 0.662375
2026-06-16 04:31:33,002 - debug - DEBUG - Batch 250 grad norm: 0.620071
2026-06-16 04:31:33,869 - debug - DEBUG - Batch 260 grad norm: 0.626147
2026-06-16 04:31:34,575 - debug - DEBUG - Batch 270 grad norm: 0.457929
2026-06-16 04:31:35,325 - debug - DEBUG - Batch 280 grad norm: 0.490377
2026-06-16 04:31:36,130 - debug - DEBUG - Batch 290 grad norm: 0.738855
2026-06-16 04:31:36,989 - debug - DEBUG - Batch 300 grad norm: 0.713139
2026-06-16 04:31:37,791 - debug - DEBUG - Batch 310 grad norm: 0.508181
2026-06-16 04:31:38,636 - debug - DEBUG - Batch 320 grad norm: 0.529764
2026-06-16 04:31:39,480 - debug - DEBUG - Batch 330 grad norm: 0.971560
2026-06-16 04:31:40,400 - debug - DEBUG - Batch 340 grad norm: 0.879588
2026-06-16 04:31:41,236 - debug - DEBUG - Batch 350 grad norm: 1.105602
2026-06-16 04:31:41,390 - debug - DEBUG - compute_metrics_and_record started for epoch 172
2026-06-16 04:31:41,391 - debug - DEBUG - all_preds length: 45000, all_targets length: 45000
2026-06-16 04:31:41,392 - debug - DEBUG - First 10 preds: [8, 7, 3, 8, 5, 1, 5, 7, 9, 7]
2026-06-16 04:31:41,393 - debug - DEBUG - First 10 targets: [8, 7, 4, 8, 5, 1, 5, 7, 9, 7]
2026-06-16 04:31:41,412 - debug - DEBUG - Unique predicted classes: 10 (first 10: [0 1 2 3 4 5 6 7 8 9])
2026-06-16 04:31:41,413 - debug - DEBUG - Unique target classes: 10 (first 10: [0 1 2 3 4 5 6 7 8 9])
2026-06-16 04:31:43,615 - debug - DEBUG - compute_metrics_and_record started for epoch 172
2026-06-16 04:31:43,616 - debug - DEBUG - all_preds length: 10000, all_targets length: 10000
2026-06-16 04:31:43,616 - debug - DEBUG - First 10 preds: [3, 8, 8, 8, 6, 6, 1, 6, 3, 1]
2026-06-16 04:31:43,616 - debug - DEBUG - First 10 targets: [3, 8, 8, 0, 6, 6, 1, 6, 3, 1]
2026-06-16 04:31:43,618 - debug - DEBUG - Unique predicted classes: 10 (first 10: [0 1 2 3 4 5 6 7 8 9])
2026-06-16 04:31:43,618 - debug - DEBUG - Unique target classes: 10 (first 10: [0 1 2 3 4 5 6 7 8 9])
2026-06-16 04:31:43,940 - debug - DEBUG - Device Check - Batch 0
2026-06-16 04:31:43,941 - debug - DEBUG -   Config GPU ID: 1
2026-06-16 04:31:43,941 - debug - DEBUG -   Input Device:  cuda:1
2026-06-16 04:31:43,941 - debug - DEBUG -   Target Device: cuda:1
2026-06-16 04:31:43,942 - debug - DEBUG -   Model Device:  cuda:1
2026-06-16 04:31:43,942 - debug - DEBUG -   Criterion Weight Device: No weights
2026-06-16 04:31:44,177 - debug - DEBUG - Batch 0 grad norm: 0.759168
2026-06-16 04:31:45,069 - debug - DEBUG - Batch 10 grad norm: 0.822081
2026-06-16 04:31:45,997 - debug - DEBUG - Batch 20 grad norm: 0.498855
2026-06-16 04:31:46,778 - debug - DEBUG - Batch 30 grad norm: 0.438690
2026-06-16 04:31:47,644 - debug - DEBUG - Batch 40 grad norm: 0.624390
2026-06-16 04:31:48,554 - debug - DEBUG - Batch 50 grad norm: 0.544543
2026-06-16 04:31:49,375 - debug - DEBUG - Batch 60 grad norm: 0.381468
2026-06-16 04:31:50,213 - debug - DEBUG - Batch 70 grad norm: 0.901735
2026-06-16 04:31:51,034 - debug - DEBUG - Batch 80 grad norm: 0.521568
2026-06-16 04:31:51,862 - debug - DEBUG - Batch 90 grad norm: 0.771627
2026-06-16 04:31:52,785 - debug - DEBUG - Batch 100 grad norm: 0.487067
2026-06-16 04:31:53,627 - debug - DEBUG - Batch 110 grad norm: 0.591359
2026-06-16 04:31:54,415 - debug - DEBUG - Batch 120 grad norm: 0.514418
2026-06-16 04:31:55,214 - debug - DEBUG - Batch 130 grad norm: 0.841105
2026-06-16 04:31:56,057 - debug - DEBUG - Batch 140 grad norm: 0.563220
2026-06-16 04:31:56,935 - debug - DEBUG - Batch 150 grad norm: 0.548480
2026-06-16 04:31:57,750 - debug - DEBUG - Batch 160 grad norm: 0.782346
2026-06-16 04:31:58,602 - debug - DEBUG - Batch 170 grad norm: 0.751135
2026-06-16 04:31:59,625 - debug - DEBUG - Batch 180 grad norm: 0.406724
2026-06-16 04:32:00,522 - debug - DEBUG - Batch 190 grad norm: 0.704621
2026-06-16 04:32:01,177 - debug - DEBUG - Batch 200 grad norm: 0.985841
2026-06-16 04:32:01,906 - debug - DEBUG - Batch 210 grad norm: 0.785876
2026-06-16 04:32:02,645 - debug - DEBUG - Batch 220 grad norm: 0.711984
2026-06-16 04:32:03,351 - debug - DEBUG - Batch 230 grad norm: 0.418628
2026-06-16 04:32:04,180 - debug - DEBUG - Batch 240 grad norm: 0.702269
2026-06-16 04:32:05,040 - debug - DEBUG - Batch 250 grad norm: 0.612529
2026-06-16 04:32:05,809 - debug - DEBUG - Batch 260 grad norm: 0.727293
2026-06-16 04:32:06,667 - debug - DEBUG - Batch 270 grad norm: 0.788749
2026-06-16 04:32:07,512 - debug - DEBUG - Batch 280 grad norm: 0.863921
2026-06-16 04:32:08,372 - debug - DEBUG - Batch 290 grad norm: 0.680373
2026-06-16 04:32:09,182 - debug - DEBUG - Batch 300 grad norm: 0.562245
2026-06-16 04:32:09,963 - debug - DEBUG - Batch 310 grad norm: 0.858155
2026-06-16 04:32:10,891 - debug - DEBUG - Batch 320 grad norm: 0.609032
2026-06-16 04:32:11,754 - debug - DEBUG - Batch 330 grad norm: 0.574456
2026-06-16 04:32:12,582 - debug - DEBUG - Batch 340 grad norm: 0.715943
2026-06-16 04:32:13,603 - debug - DEBUG - Batch 350 grad norm: 0.703913
2026-06-16 04:32:13,791 - debug - DEBUG - compute_metrics_and_record started for epoch 173
2026-06-16 04:32:13,792 - debug - DEBUG - all_preds length: 45000, all_targets length: 45000
2026-06-16 04:32:13,792 - debug - DEBUG - First 10 preds: [5, 4, 8, 1, 5, 7, 7, 9, 8, 2]
2026-06-16 04:32:13,792 - debug - DEBUG - First 10 targets: [5, 4, 8, 1, 5, 7, 7, 9, 8, 2]
2026-06-16 04:32:13,855 - debug - DEBUG - Unique predicted classes: 10 (first 10: [0 1 2 3 4 5 6 7 8 9])
2026-06-16 04:32:13,857 - debug - DEBUG - Unique target classes: 10 (first 10: [0 1 2 3 4 5 6 7 8 9])
2026-06-16 04:32:16,447 - debug - DEBUG - compute_metrics_and_record started for epoch 173
2026-06-16 04:32:16,448 - debug - DEBUG - all_preds length: 10000, all_targets length: 10000
2026-06-16 04:32:16,448 - debug - DEBUG - First 10 preds: [3, 8, 8, 8, 6, 6, 1, 6, 3, 1]
2026-06-16 04:32:16,448 - debug - DEBUG - First 10 targets: [3, 8, 8, 0, 6, 6, 1, 6, 3, 1]
2026-06-16 04:32:16,451 - debug - DEBUG - Unique predicted classes: 10 (first 10: [0 1 2 3 4 5 6 7 8 9])
2026-06-16 04:32:16,452 - debug - DEBUG - Unique target classes: 10 (first 10: [0 1 2 3 4 5 6 7 8 9])
2026-06-16 04:32:16,795 - debug - DEBUG - Device Check - Batch 0
2026-06-16 04:32:16,796 - debug - DEBUG -   Config GPU ID: 1
2026-06-16 04:32:16,797 - debug - DEBUG -   Input Device:  cuda:1
2026-06-16 04:32:16,797 - debug - DEBUG -   Target Device: cuda:1
2026-06-16 04:32:16,797 - debug - DEBUG -   Model Device:  cuda:1
2026-06-16 04:32:16,797 - debug - DEBUG -   Criterion Weight Device: No weights
2026-06-16 04:32:17,136 - debug - DEBUG - Batch 0 grad norm: 0.766455
2026-06-16 04:32:18,006 - debug - DEBUG - Batch 10 grad norm: 0.808739
2026-06-16 04:32:18,875 - debug - DEBUG - Batch 20 grad norm: 0.889662
2026-06-16 04:32:19,706 - debug - DEBUG - Batch 30 grad norm: 0.646511
2026-06-16 04:32:20,678 - debug - DEBUG - Batch 40 grad norm: 0.590165
2026-06-16 04:32:21,585 - debug - DEBUG - Batch 50 grad norm: 0.789478
2026-06-16 04:32:22,460 - debug - DEBUG - Batch 60 grad norm: 0.730270
2026-06-16 04:32:23,325 - debug - DEBUG - Batch 70 grad norm: 0.988422
2026-06-16 04:32:24,197 - debug - DEBUG - Batch 80 grad norm: 0.745229
2026-06-16 04:32:25,017 - debug - DEBUG - Batch 90 grad norm: 0.612066
2026-06-16 04:32:25,924 - debug - DEBUG - Batch 100 grad norm: 0.610347
2026-06-16 04:32:26,844 - debug - DEBUG - Batch 110 grad norm: 0.657965
2026-06-16 04:32:27,598 - debug - DEBUG - Batch 120 grad norm: 0.679636
2026-06-16 04:32:28,452 - debug - DEBUG - Batch 130 grad norm: 0.503735
2026-06-16 04:32:29,325 - debug - DEBUG - Batch 140 grad norm: 0.696257
2026-06-16 04:32:30,143 - debug - DEBUG - Batch 150 grad norm: 0.804798
2026-06-16 04:32:31,000 - debug - DEBUG - Batch 160 grad norm: 0.742782
2026-06-16 04:32:31,813 - debug - DEBUG - Batch 170 grad norm: 0.642965
2026-06-16 04:32:32,895 - debug - DEBUG - Batch 180 grad norm: 0.362065
2026-06-16 04:32:33,524 - debug - DEBUG - Batch 190 grad norm: 0.814181
2026-06-16 04:32:34,139 - debug - DEBUG - Batch 200 grad norm: 0.401751
2026-06-16 04:32:34,896 - debug - DEBUG - Batch 210 grad norm: 0.668345
2026-06-16 04:32:35,650 - debug - DEBUG - Batch 220 grad norm: 0.717597
2026-06-16 04:32:36,492 - debug - DEBUG - Batch 230 grad norm: 0.623618
2026-06-16 04:32:37,355 - debug - DEBUG - Batch 240 grad norm: 0.507484
2026-06-16 04:32:38,210 - debug - DEBUG - Batch 250 grad norm: 0.499883
2026-06-16 04:32:39,111 - debug - DEBUG - Batch 260 grad norm: 0.504590
2026-06-16 04:32:39,943 - debug - DEBUG - Batch 270 grad norm: 0.661031
2026-06-16 04:32:40,757 - debug - DEBUG - Batch 280 grad norm: 0.826776
2026-06-16 04:32:41,582 - debug - DEBUG - Batch 290 grad norm: 0.474149
2026-06-16 04:32:42,443 - debug - DEBUG - Batch 300 grad norm: 1.034839
2026-06-16 04:32:43,261 - debug - DEBUG - Batch 310 grad norm: 0.719605
2026-06-16 04:32:44,121 - debug - DEBUG - Batch 320 grad norm: 0.843366
2026-06-16 04:32:44,943 - debug - DEBUG - Batch 330 grad norm: 0.832733
2026-06-16 04:32:45,983 - debug - DEBUG - Batch 340 grad norm: 0.691647
2026-06-16 04:32:46,748 - debug - DEBUG - Batch 350 grad norm: 0.733274
2026-06-16 04:32:46,856 - debug - DEBUG - compute_metrics_and_record started for epoch 174
2026-06-16 04:32:46,857 - debug - DEBUG - all_preds length: 45000, all_targets length: 45000
2026-06-16 04:32:46,857 - debug - DEBUG - First 10 preds: [8, 2, 7, 2, 8, 1, 6, 7, 3, 8]
2026-06-16 04:32:46,857 - debug - DEBUG - First 10 targets: [8, 2, 5, 2, 8, 1, 6, 7, 3, 8]
2026-06-16 04:32:46,867 - debug - DEBUG - Unique predicted classes: 10 (first 10: [0 1 2 3 4 5 6 7 8 9])
2026-06-16 04:32:46,867 - debug - DEBUG - Unique target classes: 10 (first 10: [0 1 2 3 4 5 6 7 8 9])
2026-06-16 04:32:49,117 - debug - DEBUG - compute_metrics_and_record started for epoch 174
2026-06-16 04:32:49,118 - debug - DEBUG - all_preds length: 10000, all_targets length: 10000
2026-06-16 04:32:49,118 - debug - DEBUG - First 10 preds: [3, 8, 8, 8, 6, 6, 1, 6, 3, 1]
2026-06-16 04:32:49,118 - debug - DEBUG - First 10 targets: [3, 8, 8, 0, 6, 6, 1, 6, 3, 1]
2026-06-16 04:32:49,120 - debug - DEBUG - Unique predicted classes: 10 (first 10: [0 1 2 3 4 5 6 7 8 9])
2026-06-16 04:32:49,120 - debug - DEBUG - Unique target classes: 10 (first 10: [0 1 2 3 4 5 6 7 8 9])
2026-06-16 04:32:49,377 - debug - DEBUG - Device Check - Batch 0
2026-06-16 04:32:49,378 - debug - DEBUG -   Config GPU ID: 1
2026-06-16 04:32:49,378 - debug - DEBUG -   Input Device:  cuda:1
2026-06-16 04:32:49,378 - debug - DEBUG -   Target Device: cuda:1
2026-06-16 04:32:49,379 - debug - DEBUG -   Model Device:  cuda:1
2026-06-16 04:32:49,379 - debug - DEBUG -   Criterion Weight Device: No weights
2026-06-16 04:32:49,674 - debug - DEBUG - Batch 0 grad norm: 0.788614
2026-06-16 04:32:50,536 - debug - DEBUG - Batch 10 grad norm: 0.751368
2026-06-16 04:32:51,535 - debug - DEBUG - Batch 20 grad norm: 0.403503
2026-06-16 04:32:52,402 - debug - DEBUG - Batch 30 grad norm: 0.569370
2026-06-16 04:32:53,224 - debug - DEBUG - Batch 40 grad norm: 0.621517
2026-06-16 04:32:53,970 - debug - DEBUG - Batch 50 grad norm: 0.946483
2026-06-16 04:32:54,796 - debug - DEBUG - Batch 60 grad norm: 0.873051
2026-06-16 04:32:55,655 - debug - DEBUG - Batch 70 grad norm: 0.592661
2026-06-16 04:32:56,484 - debug - DEBUG - Batch 80 grad norm: 0.739265
2026-06-16 04:32:57,341 - debug - DEBUG - Batch 90 grad norm: 0.830962
2026-06-16 04:32:58,259 - debug - DEBUG - Batch 100 grad norm: 0.568132
2026-06-16 04:32:59,228 - debug - DEBUG - Batch 110 grad norm: 0.562154
2026-06-16 04:33:00,024 - debug - DEBUG - Batch 120 grad norm: 0.773366
2026-06-16 04:33:00,847 - debug - DEBUG - Batch 130 grad norm: 0.537534
2026-06-16 04:33:01,695 - debug - DEBUG - Batch 140 grad norm: 0.585541
2026-06-16 04:33:02,558 - debug - DEBUG - Batch 150 grad norm: 0.911915
2026-06-16 04:33:03,414 - debug - DEBUG - Batch 160 grad norm: 0.480200
2026-06-16 04:33:04,455 - debug - DEBUG - Batch 170 grad norm: 0.478123
2026-06-16 04:33:05,420 - debug - DEBUG - Batch 180 grad norm: 0.838790
2026-06-16 04:33:06,125 - debug - DEBUG - Batch 190 grad norm: 0.712534
2026-06-16 04:33:06,920 - debug - DEBUG - Batch 200 grad norm: 0.575796
2026-06-16 04:33:07,763 - debug - DEBUG - Batch 210 grad norm: 0.435777
2026-06-16 04:33:08,623 - debug - DEBUG - Batch 220 grad norm: 0.759259
2026-06-16 04:33:09,442 - debug - DEBUG - Batch 230 grad norm: 0.753601
2026-06-16 04:33:10,280 - debug - DEBUG - Batch 240 grad norm: 0.652290
2026-06-16 04:33:11,193 - debug - DEBUG - Batch 250 grad norm: 0.473118
2026-06-16 04:33:12,159 - debug - DEBUG - Batch 260 grad norm: 0.547847
2026-06-16 04:33:12,920 - debug - DEBUG - Batch 270 grad norm: 0.737544
2026-06-16 04:33:13,704 - debug - DEBUG - Batch 280 grad norm: 0.724708
2026-06-16 04:33:14,569 - debug - DEBUG - Batch 290 grad norm: 0.820015
2026-06-16 04:33:15,427 - debug - DEBUG - Batch 300 grad norm: 0.676574
2026-06-16 04:33:16,251 - debug - DEBUG - Batch 310 grad norm: 0.611688
2026-06-16 04:33:17,237 - debug - DEBUG - Batch 320 grad norm: 0.889158
2026-06-16 04:33:18,109 - debug - DEBUG - Batch 330 grad norm: 0.728872
2026-06-16 04:33:18,835 - debug - DEBUG - Batch 340 grad norm: 0.706103
2026-06-16 04:33:19,633 - debug - DEBUG - Batch 350 grad norm: 0.873132
2026-06-16 04:33:19,750 - debug - DEBUG - compute_metrics_and_record started for epoch 175
2026-06-16 04:33:19,751 - debug - DEBUG - all_preds length: 45000, all_targets length: 45000
2026-06-16 04:33:19,751 - debug - DEBUG - First 10 preds: [0, 7, 2, 9, 5, 6, 8, 1, 1, 5]
2026-06-16 04:33:19,751 - debug - DEBUG - First 10 targets: [0, 7, 2, 9, 5, 6, 8, 1, 1, 5]
2026-06-16 04:33:19,785 - debug - DEBUG - Unique predicted classes: 10 (first 10: [0 1 2 3 4 5 6 7 8 9])
2026-06-16 04:33:19,786 - debug - DEBUG - Unique target classes: 10 (first 10: [0 1 2 3 4 5 6 7 8 9])
2026-06-16 04:33:22,108 - debug - DEBUG - compute_metrics_and_record started for epoch 175
2026-06-16 04:33:22,109 - debug - DEBUG - all_preds length: 10000, all_targets length: 10000
2026-06-16 04:33:22,109 - debug - DEBUG - First 10 preds: [3, 8, 8, 8, 6, 6, 1, 6, 3, 1]
2026-06-16 04:33:22,109 - debug - DEBUG - First 10 targets: [3, 8, 8, 0, 6, 6, 1, 6, 3, 1]
2026-06-16 04:33:22,111 - debug - DEBUG - Unique predicted classes: 10 (first 10: [0 1 2 3 4 5 6 7 8 9])
2026-06-16 04:33:22,111 - debug - DEBUG - Unique target classes: 10 (first 10: [0 1 2 3 4 5 6 7 8 9])
2026-06-16 04:33:22,457 - debug - DEBUG - Device Check - Batch 0
2026-06-16 04:33:22,458 - debug - DEBUG -   Config GPU ID: 1
2026-06-16 04:33:22,458 - debug - DEBUG -   Input Device:  cuda:1
2026-06-16 04:33:22,458 - debug - DEBUG -   Target Device: cuda:1
2026-06-16 04:33:22,458 - debug - DEBUG -   Model Device:  cuda:1
2026-06-16 04:33:22,459 - debug - DEBUG -   Criterion Weight Device: No weights
2026-06-16 04:33:22,743 - debug - DEBUG - Batch 0 grad norm: 0.634695
2026-06-16 04:33:23,620 - debug - DEBUG - Batch 10 grad norm: 0.587880
2026-06-16 04:33:24,527 - debug - DEBUG - Batch 20 grad norm: 0.623989
2026-06-16 04:33:25,402 - debug - DEBUG - Batch 30 grad norm: 0.656599
2026-06-16 04:33:26,422 - debug - DEBUG - Batch 40 grad norm: 0.652430
2026-06-16 04:33:27,558 - debug - DEBUG - Batch 50 grad norm: 0.758216
2026-06-16 04:33:28,325 - debug - DEBUG - Batch 60 grad norm: 0.576611
2026-06-16 04:33:29,169 - debug - DEBUG - Batch 70 grad norm: 0.797531
2026-06-16 04:33:30,064 - debug - DEBUG - Batch 80 grad norm: 0.646302
2026-06-16 04:33:30,930 - debug - DEBUG - Batch 90 grad norm: 0.387536
2026-06-16 04:33:31,801 - debug - DEBUG - Batch 100 grad norm: 0.624627
2026-06-16 04:33:32,845 - debug - DEBUG - Batch 110 grad norm: 0.693788
2026-06-16 04:33:33,670 - debug - DEBUG - Batch 120 grad norm: 0.646626
2026-06-16 04:33:34,399 - debug - DEBUG - Batch 130 grad norm: 0.685533
2026-06-16 04:33:35,118 - debug - DEBUG - Batch 140 grad norm: 0.737317
2026-06-16 04:33:35,857 - debug - DEBUG - Batch 150 grad norm: 0.695945
2026-06-16 04:33:36,801 - debug - DEBUG - Batch 160 grad norm: 0.831912
2026-06-16 04:33:37,412 - debug - DEBUG - Batch 170 grad norm: 0.511180
2026-06-16 04:33:38,173 - debug - DEBUG - Batch 180 grad norm: 0.752977
2026-06-16 04:33:38,967 - debug - DEBUG - Batch 190 grad norm: 0.924659
2026-06-16 04:33:39,835 - debug - DEBUG - Batch 200 grad norm: 0.448203
2026-06-16 04:33:40,651 - debug - DEBUG - Batch 210 grad norm: 0.724042
2026-06-16 04:33:41,520 - debug - DEBUG - Batch 220 grad norm: 0.799838
2026-06-16 04:33:42,422 - debug - DEBUG - Batch 230 grad norm: 0.231845
2026-06-16 04:33:43,292 - debug - DEBUG - Batch 240 grad norm: 0.509775
2026-06-16 04:33:44,156 - debug - DEBUG - Batch 250 grad norm: 0.761825
2026-06-16 04:33:44,991 - debug - DEBUG - Batch 260 grad norm: 0.678296
2026-06-16 04:33:45,840 - debug - DEBUG - Batch 270 grad norm: 0.540699
2026-06-16 04:33:46,649 - debug - DEBUG - Batch 280 grad norm: 0.541185
2026-06-16 04:33:47,504 - debug - DEBUG - Batch 290 grad norm: 0.431912
2026-06-16 04:33:48,283 - debug - DEBUG - Batch 300 grad norm: 0.852532
2026-06-16 04:33:49,143 - debug - DEBUG - Batch 310 grad norm: 0.481394
2026-06-16 04:33:49,958 - debug - DEBUG - Batch 320 grad norm: 0.778545
2026-06-16 04:33:50,819 - debug - DEBUG - Batch 330 grad norm: 0.565236
2026-06-16 04:33:51,625 - debug - DEBUG - Batch 340 grad norm: 0.624849
2026-06-16 04:33:52,485 - debug - DEBUG - Batch 350 grad norm: 0.930889
2026-06-16 04:33:52,587 - debug - DEBUG - compute_metrics_and_record started for epoch 176
2026-06-16 04:33:52,588 - debug - DEBUG - all_preds length: 45000, all_targets length: 45000
2026-06-16 04:33:52,588 - debug - DEBUG - First 10 preds: [1, 6, 3, 1, 1, 3, 9, 8, 4, 1]
2026-06-16 04:33:52,588 - debug - DEBUG - First 10 targets: [1, 6, 3, 1, 1, 3, 9, 8, 4, 1]
2026-06-16 04:33:52,602 - debug - DEBUG - Unique predicted classes: 10 (first 10: [0 1 2 3 4 5 6 7 8 9])
2026-06-16 04:33:52,602 - debug - DEBUG - Unique target classes: 10 (first 10: [0 1 2 3 4 5 6 7 8 9])
2026-06-16 04:33:54,504 - debug - DEBUG - compute_metrics_and_record started for epoch 176
2026-06-16 04:33:54,504 - debug - DEBUG - all_preds length: 10000, all_targets length: 10000
2026-06-16 04:33:54,504 - debug - DEBUG - First 10 preds: [3, 8, 8, 8, 6, 6, 1, 6, 3, 1]
2026-06-16 04:33:54,504 - debug - DEBUG - First 10 targets: [3, 8, 8, 0, 6, 6, 1, 6, 3, 1]
2026-06-16 04:33:54,507 - debug - DEBUG - Unique predicted classes: 10 (first 10: [0 1 2 3 4 5 6 7 8 9])
2026-06-16 04:33:54,507 - debug - DEBUG - Unique target classes: 10 (first 10: [0 1 2 3 4 5 6 7 8 9])
2026-06-16 04:33:54,809 - debug - DEBUG - Device Check - Batch 0
2026-06-16 04:33:54,809 - debug - DEBUG -   Config GPU ID: 1
2026-06-16 04:33:54,810 - debug - DEBUG -   Input Device:  cuda:1
2026-06-16 04:33:54,810 - debug - DEBUG -   Target Device: cuda:1
2026-06-16 04:33:54,810 - debug - DEBUG -   Model Device:  cuda:1
2026-06-16 04:33:54,810 - debug - DEBUG -   Criterion Weight Device: No weights
2026-06-16 04:33:55,182 - debug - DEBUG - Batch 0 grad norm: 0.692653
2026-06-16 04:33:56,049 - debug - DEBUG - Batch 10 grad norm: 0.580362
2026-06-16 04:33:56,915 - debug - DEBUG - Batch 20 grad norm: 0.582896
2026-06-16 04:33:57,715 - debug - DEBUG - Batch 30 grad norm: 0.764061
2026-06-16 04:33:58,576 - debug - DEBUG - Batch 40 grad norm: 1.038704
2026-06-16 04:33:59,372 - debug - DEBUG - Batch 50 grad norm: 0.779451
2026-06-16 04:34:00,233 - debug - DEBUG - Batch 60 grad norm: 0.574414
2026-06-16 04:34:01,087 - debug - DEBUG - Batch 70 grad norm: 0.663066
2026-06-16 04:34:01,847 - debug - DEBUG - Batch 80 grad norm: 0.518796
2026-06-16 04:34:02,709 - debug - DEBUG - Batch 90 grad norm: 0.674709
2026-06-16 04:34:03,534 - debug - DEBUG - Batch 100 grad norm: 0.297923
2026-06-16 04:34:04,402 - debug - DEBUG - Batch 110 grad norm: 0.524359
2026-06-16 04:34:05,224 - debug - DEBUG - Batch 120 grad norm: 0.510381
2026-06-16 04:34:06,086 - debug - DEBUG - Batch 130 grad norm: 0.798084
2026-06-16 04:34:06,908 - debug - DEBUG - Batch 140 grad norm: 0.727618
2026-06-16 04:34:07,773 - debug - DEBUG - Batch 150 grad norm: 0.899055
2026-06-16 04:34:08,583 - debug - DEBUG - Batch 160 grad norm: 0.844289
2026-06-16 04:34:09,541 - debug - DEBUG - Batch 170 grad norm: 0.430743
2026-06-16 04:34:10,106 - debug - DEBUG - Batch 180 grad norm: 0.810594
2026-06-16 04:34:10,994 - debug - DEBUG - Batch 190 grad norm: 0.883530
2026-06-16 04:34:11,873 - debug - DEBUG - Batch 200 grad norm: 0.589309
2026-06-16 04:34:12,757 - debug - DEBUG - Batch 210 grad norm: 0.467555
2026-06-16 04:34:13,632 - debug - DEBUG - Batch 220 grad norm: 0.831810
2026-06-16 04:34:14,515 - debug - DEBUG - Batch 230 grad norm: 0.805347
2026-06-16 04:34:15,388 - debug - DEBUG - Batch 240 grad norm: 0.777273
2026-06-16 04:34:16,205 - debug - DEBUG - Batch 250 grad norm: 0.584481
2026-06-16 04:34:17,080 - debug - DEBUG - Batch 260 grad norm: 0.497844
2026-06-16 04:34:17,943 - debug - DEBUG - Batch 270 grad norm: 0.448036
2026-06-16 04:34:18,776 - debug - DEBUG - Batch 280 grad norm: 0.733317
2026-06-16 04:34:19,681 - debug - DEBUG - Batch 290 grad norm: 0.737132
2026-06-16 04:34:20,504 - debug - DEBUG - Batch 300 grad norm: 0.677274
2026-06-16 04:34:21,363 - debug - DEBUG - Batch 310 grad norm: 0.626148
2026-06-16 04:34:22,174 - debug - DEBUG - Batch 320 grad norm: 0.711576
2026-06-16 04:34:23,020 - debug - DEBUG - Batch 330 grad norm: 0.735371
2026-06-16 04:34:23,800 - debug - DEBUG - Batch 340 grad norm: 1.030976
2026-06-16 04:34:24,655 - debug - DEBUG - Batch 350 grad norm: 0.637805
2026-06-16 04:34:24,745 - debug - DEBUG - compute_metrics_and_record started for epoch 177
2026-06-16 04:34:24,745 - debug - DEBUG - all_preds length: 45000, all_targets length: 45000
2026-06-16 04:34:24,746 - debug - DEBUG - First 10 preds: [5, 4, 4, 7, 4, 0, 1, 5, 4, 4]
2026-06-16 04:34:24,746 - debug - DEBUG - First 10 targets: [5, 4, 4, 7, 4, 0, 1, 5, 4, 4]
2026-06-16 04:34:24,756 - debug - DEBUG - Unique predicted classes: 10 (first 10: [0 1 2 3 4 5 6 7 8 9])
2026-06-16 04:34:24,756 - debug - DEBUG - Unique target classes: 10 (first 10: [0 1 2 3 4 5 6 7 8 9])
2026-06-16 04:34:26,610 - debug - DEBUG - compute_metrics_and_record started for epoch 177
2026-06-16 04:34:26,611 - debug - DEBUG - all_preds length: 10000, all_targets length: 10000
2026-06-16 04:34:26,611 - debug - DEBUG - First 10 preds: [3, 8, 8, 8, 6, 6, 1, 6, 3, 1]
2026-06-16 04:34:26,611 - debug - DEBUG - First 10 targets: [3, 8, 8, 0, 6, 6, 1, 6, 3, 1]
2026-06-16 04:34:26,613 - debug - DEBUG - Unique predicted classes: 10 (first 10: [0 1 2 3 4 5 6 7 8 9])
2026-06-16 04:34:26,613 - debug - DEBUG - Unique target classes: 10 (first 10: [0 1 2 3 4 5 6 7 8 9])
2026-06-16 04:34:26,920 - debug - DEBUG - Device Check - Batch 0
2026-06-16 04:34:26,921 - debug - DEBUG -   Config GPU ID: 1
2026-06-16 04:34:26,921 - debug - DEBUG -   Input Device:  cuda:1
2026-06-16 04:34:26,921 - debug - DEBUG -   Target Device: cuda:1
2026-06-16 04:34:26,922 - debug - DEBUG -   Model Device:  cuda:1
2026-06-16 04:34:26,922 - debug - DEBUG -   Criterion Weight Device: No weights
2026-06-16 04:34:27,355 - debug - DEBUG - Batch 0 grad norm: 0.901677
2026-06-16 04:34:28,207 - debug - DEBUG - Batch 10 grad norm: 1.109322
2026-06-16 04:34:29,087 - debug - DEBUG - Batch 20 grad norm: 0.639737
2026-06-16 04:34:29,947 - debug - DEBUG - Batch 30 grad norm: 0.374522
2026-06-16 04:34:30,823 - debug - DEBUG - Batch 40 grad norm: 0.770680
2026-06-16 04:34:31,679 - debug - DEBUG - Batch 50 grad norm: 0.794514
2026-06-16 04:34:32,522 - debug - DEBUG - Batch 60 grad norm: 0.766646
2026-06-16 04:34:33,391 - debug - DEBUG - Batch 70 grad norm: 0.710485
2026-06-16 04:34:34,205 - debug - DEBUG - Batch 80 grad norm: 0.900196
2026-06-16 04:34:35,075 - debug - DEBUG - Batch 90 grad norm: 0.666753
2026-06-16 04:34:35,946 - debug - DEBUG - Batch 100 grad norm: 0.689569
2026-06-16 04:34:36,819 - debug - DEBUG - Batch 110 grad norm: 0.676624
2026-06-16 04:34:37,678 - debug - DEBUG - Batch 120 grad norm: 0.657684
2026-06-16 04:34:38,562 - debug - DEBUG - Batch 130 grad norm: 0.483958
2026-06-16 04:34:39,423 - debug - DEBUG - Batch 140 grad norm: 0.995287
2026-06-16 04:34:40,300 - debug - DEBUG - Batch 150 grad norm: 0.553034
2026-06-16 04:34:41,038 - debug - DEBUG - Batch 160 grad norm: 0.619769
2026-06-16 04:34:41,906 - debug - DEBUG - Batch 170 grad norm: 0.769262
2026-06-16 04:34:42,818 - debug - DEBUG - Batch 180 grad norm: 0.522311
2026-06-16 04:34:43,485 - debug - DEBUG - Batch 190 grad norm: 1.096737
2026-06-16 04:34:44,347 - debug - DEBUG - Batch 200 grad norm: 0.707100
2026-06-16 04:34:45,158 - debug - DEBUG - Batch 210 grad norm: 0.550405
2026-06-16 04:34:46,022 - debug - DEBUG - Batch 220 grad norm: 0.344435
2026-06-16 04:34:46,885 - debug - DEBUG - Batch 230 grad norm: 0.724042
2026-06-16 04:34:47,708 - debug - DEBUG - Batch 240 grad norm: 0.714096
2026-06-16 04:34:48,568 - debug - DEBUG - Batch 250 grad norm: 0.657011
2026-06-16 04:34:49,399 - debug - DEBUG - Batch 260 grad norm: 0.612452
2026-06-16 04:34:50,265 - debug - DEBUG - Batch 270 grad norm: 0.526452
2026-06-16 04:34:51,084 - debug - DEBUG - Batch 280 grad norm: 0.826516
2026-06-16 04:34:51,941 - debug - DEBUG - Batch 290 grad norm: 0.423514
2026-06-16 04:34:52,740 - debug - DEBUG - Batch 300 grad norm: 0.389419
2026-06-16 04:34:53,605 - debug - DEBUG - Batch 310 grad norm: 0.622211
2026-06-16 04:34:54,407 - debug - DEBUG - Batch 320 grad norm: 0.707855
2026-06-16 04:34:55,265 - debug - DEBUG - Batch 330 grad norm: 0.691436
2026-06-16 04:34:56,057 - debug - DEBUG - Batch 340 grad norm: 0.492955
2026-06-16 04:34:56,913 - debug - DEBUG - Batch 350 grad norm: 0.864292
2026-06-16 04:34:56,992 - debug - DEBUG - compute_metrics_and_record started for epoch 178
2026-06-16 04:34:56,992 - debug - DEBUG - all_preds length: 45000, all_targets length: 45000
2026-06-16 04:34:56,992 - debug - DEBUG - First 10 preds: [0, 0, 8, 6, 4, 5, 4, 3, 1, 9]
2026-06-16 04:34:56,993 - debug - DEBUG - First 10 targets: [0, 0, 8, 6, 4, 5, 4, 3, 1, 9]
2026-06-16 04:34:57,002 - debug - DEBUG - Unique predicted classes: 10 (first 10: [0 1 2 3 4 5 6 7 8 9])
2026-06-16 04:34:57,003 - debug - DEBUG - Unique target classes: 10 (first 10: [0 1 2 3 4 5 6 7 8 9])
2026-06-16 04:34:58,819 - debug - DEBUG - compute_metrics_and_record started for epoch 178
2026-06-16 04:34:58,819 - debug - DEBUG - all_preds length: 10000, all_targets length: 10000
2026-06-16 04:34:58,819 - debug - DEBUG - First 10 preds: [3, 8, 8, 8, 6, 6, 1, 6, 3, 1]
2026-06-16 04:34:58,819 - debug - DEBUG - First 10 targets: [3, 8, 8, 0, 6, 6, 1, 6, 3, 1]
2026-06-16 04:34:58,822 - debug - DEBUG - Unique predicted classes: 10 (first 10: [0 1 2 3 4 5 6 7 8 9])
2026-06-16 04:34:58,822 - debug - DEBUG - Unique target classes: 10 (first 10: [0 1 2 3 4 5 6 7 8 9])
2026-06-16 04:34:59,095 - debug - DEBUG - Device Check - Batch 0
2026-06-16 04:34:59,096 - debug - DEBUG -   Config GPU ID: 1
2026-06-16 04:34:59,096 - debug - DEBUG -   Input Device:  cuda:1
2026-06-16 04:34:59,096 - debug - DEBUG -   Target Device: cuda:1
2026-06-16 04:34:59,097 - debug - DEBUG -   Model Device:  cuda:1
2026-06-16 04:34:59,097 - debug - DEBUG -   Criterion Weight Device: No weights
2026-06-16 04:34:59,387 - debug - DEBUG - Batch 0 grad norm: 0.814838
2026-06-16 04:35:00,211 - debug - DEBUG - Batch 10 grad norm: 0.668143
2026-06-16 04:35:01,074 - debug - DEBUG - Batch 20 grad norm: 0.606012
2026-06-16 04:35:01,899 - debug - DEBUG - Batch 30 grad norm: 0.770631
2026-06-16 04:35:02,762 - debug - DEBUG - Batch 40 grad norm: 0.652953
2026-06-16 04:35:03,578 - debug - DEBUG - Batch 50 grad norm: 1.052858
2026-06-16 04:35:04,436 - debug - DEBUG - Batch 60 grad norm: 0.687844
2026-06-16 04:35:05,255 - debug - DEBUG - Batch 70 grad norm: 0.671145
2026-06-16 04:35:06,113 - debug - DEBUG - Batch 80 grad norm: 0.222172
2026-06-16 04:35:06,923 - debug - DEBUG - Batch 90 grad norm: 0.478772
2026-06-16 04:35:07,783 - debug - DEBUG - Batch 100 grad norm: 0.992113
2026-06-16 04:35:08,594 - debug - DEBUG - Batch 110 grad norm: 0.439182
2026-06-16 04:35:09,455 - debug - DEBUG - Batch 120 grad norm: 0.642285
2026-06-16 04:35:10,270 - debug - DEBUG - Batch 130 grad norm: 0.509443
2026-06-16 04:35:11,130 - debug - DEBUG - Batch 140 grad norm: 0.779930
2026-06-16 04:35:11,957 - debug - DEBUG - Batch 150 grad norm: 0.519703
2026-06-16 04:35:12,815 - debug - DEBUG - Batch 160 grad norm: 0.431720
2026-06-16 04:35:13,653 - debug - DEBUG - Batch 170 grad norm: 0.553539
2026-06-16 04:35:14,586 - debug - DEBUG - Batch 180 grad norm: 0.689588
2026-06-16 04:35:15,288 - debug - DEBUG - Batch 190 grad norm: 0.927686
2026-06-16 04:35:16,144 - debug - DEBUG - Batch 200 grad norm: 0.458047
2026-06-16 04:35:17,003 - debug - DEBUG - Batch 210 grad norm: 0.609335
2026-06-16 04:35:17,817 - debug - DEBUG - Batch 220 grad norm: 0.631357
2026-06-16 04:35:18,677 - debug - DEBUG - Batch 230 grad norm: 0.618229
2026-06-16 04:35:19,486 - debug - DEBUG - Batch 240 grad norm: 0.722815
2026-06-16 04:35:20,344 - debug - DEBUG - Batch 250 grad norm: 0.672745
2026-06-16 04:35:21,150 - debug - DEBUG - Batch 260 grad norm: 0.663963
2026-06-16 04:35:22,011 - debug - DEBUG - Batch 270 grad norm: 0.416574
2026-06-16 04:35:22,825 - debug - DEBUG - Batch 280 grad norm: 0.879754
2026-06-16 04:35:23,685 - debug - DEBUG - Batch 290 grad norm: 0.699622
2026-06-16 04:35:24,544 - debug - DEBUG - Batch 300 grad norm: 0.632115
2026-06-16 04:35:25,370 - debug - DEBUG - Batch 310 grad norm: 0.524793
2026-06-16 04:35:26,238 - debug - DEBUG - Batch 320 grad norm: 0.856428
2026-06-16 04:35:27,060 - debug - DEBUG - Batch 330 grad norm: 0.786437
2026-06-16 04:35:27,919 - debug - DEBUG - Batch 340 grad norm: 0.838722
2026-06-16 04:35:28,740 - debug - DEBUG - Batch 350 grad norm: 0.640245
2026-06-16 04:35:28,850 - debug - DEBUG - compute_metrics_and_record started for epoch 179
2026-06-16 04:35:28,850 - debug - DEBUG - all_preds length: 45000, all_targets length: 45000
2026-06-16 04:35:28,850 - debug - DEBUG - First 10 preds: [6, 0, 5, 7, 4, 4, 6, 0, 1, 1]
2026-06-16 04:35:28,850 - debug - DEBUG - First 10 targets: [6, 0, 5, 7, 4, 4, 7, 0, 1, 1]
2026-06-16 04:35:28,865 - debug - DEBUG - Unique predicted classes: 10 (first 10: [0 1 2 3 4 5 6 7 8 9])
2026-06-16 04:35:28,865 - debug - DEBUG - Unique target classes: 10 (first 10: [0 1 2 3 4 5 6 7 8 9])
2026-06-16 04:35:30,706 - debug - DEBUG - compute_metrics_and_record started for epoch 179
2026-06-16 04:35:30,706 - debug - DEBUG - all_preds length: 10000, all_targets length: 10000
2026-06-16 04:35:30,706 - debug - DEBUG - First 10 preds: [3, 8, 8, 8, 6, 6, 1, 6, 3, 1]
2026-06-16 04:35:30,706 - debug - DEBUG - First 10 targets: [3, 8, 8, 0, 6, 6, 1, 6, 3, 1]
2026-06-16 04:35:30,709 - debug - DEBUG - Unique predicted classes: 10 (first 10: [0 1 2 3 4 5 6 7 8 9])
2026-06-16 04:35:30,709 - debug - DEBUG - Unique target classes: 10 (first 10: [0 1 2 3 4 5 6 7 8 9])
2026-06-16 04:35:30,980 - debug - DEBUG - Device Check - Batch 0
2026-06-16 04:35:30,981 - debug - DEBUG -   Config GPU ID: 1
2026-06-16 04:35:30,981 - debug - DEBUG -   Input Device:  cuda:1
2026-06-16 04:35:30,981 - debug - DEBUG -   Target Device: cuda:1
2026-06-16 04:35:30,981 - debug - DEBUG -   Model Device:  cuda:1
2026-06-16 04:35:30,982 - debug - DEBUG -   Criterion Weight Device: No weights
2026-06-16 04:35:31,315 - debug - DEBUG - Batch 0 grad norm: 0.691172
2026-06-16 04:35:32,198 - debug - DEBUG - Batch 10 grad norm: 0.343702
2026-06-16 04:35:33,001 - debug - DEBUG - Batch 20 grad norm: 0.488164
2026-06-16 04:35:33,864 - debug - DEBUG - Batch 30 grad norm: 0.659039
2026-06-16 04:35:34,685 - debug - DEBUG - Batch 40 grad norm: 0.764005
2026-06-16 04:35:35,544 - debug - DEBUG - Batch 50 grad norm: 0.523229
2026-06-16 04:35:36,377 - debug - DEBUG - Batch 60 grad norm: 0.621568
2026-06-16 04:35:37,232 - debug - DEBUG - Batch 70 grad norm: 0.624939
2026-06-16 04:35:38,059 - debug - DEBUG - Batch 80 grad norm: 0.588404
2026-06-16 04:35:38,951 - debug - DEBUG - Batch 90 grad norm: 0.514477
2026-06-16 04:35:39,789 - debug - DEBUG - Batch 100 grad norm: 0.706245
2026-06-16 04:35:40,650 - debug - DEBUG - Batch 110 grad norm: 0.942759
2026-06-16 04:35:41,508 - debug - DEBUG - Batch 120 grad norm: 0.540898
2026-06-16 04:35:42,275 - debug - DEBUG - Batch 130 grad norm: 0.546302
2026-06-16 04:35:43,141 - debug - DEBUG - Batch 140 grad norm: 0.513224
2026-06-16 04:35:43,968 - debug - DEBUG - Batch 150 grad norm: 0.655155
2026-06-16 04:35:44,821 - debug - DEBUG - Batch 160 grad norm: 0.740840
2026-06-16 04:35:45,616 - debug - DEBUG - Batch 170 grad norm: 0.464048
2026-06-16 04:35:46,560 - debug - DEBUG - Batch 180 grad norm: 0.795027
2026-06-16 04:35:47,150 - debug - DEBUG - Batch 190 grad norm: 1.098121
2026-06-16 04:35:47,998 - debug - DEBUG - Batch 200 grad norm: 0.767180
2026-06-16 04:35:48,875 - debug - DEBUG - Batch 210 grad norm: 0.761663
2026-06-16 04:35:49,756 - debug - DEBUG - Batch 220 grad norm: 0.634344
2026-06-16 04:35:50,634 - debug - DEBUG - Batch 230 grad norm: 0.645271
2026-06-16 04:35:51,472 - debug - DEBUG - Batch 240 grad norm: 0.530819
2026-06-16 04:35:52,359 - debug - DEBUG - Batch 250 grad norm: 0.892769
2026-06-16 04:35:53,220 - debug - DEBUG - Batch 260 grad norm: 0.435679
2026-06-16 04:35:54,099 - debug - DEBUG - Batch 270 grad norm: 0.662570
2026-06-16 04:35:54,966 - debug - DEBUG - Batch 280 grad norm: 0.700294
2026-06-16 04:35:55,839 - debug - DEBUG - Batch 290 grad norm: 0.861808
2026-06-16 04:35:56,709 - debug - DEBUG - Batch 300 grad norm: 0.466129
2026-06-16 04:35:57,584 - debug - DEBUG - Batch 310 grad norm: 0.573073
2026-06-16 04:35:58,455 - debug - DEBUG - Batch 320 grad norm: 0.590846
2026-06-16 04:35:59,324 - debug - DEBUG - Batch 330 grad norm: 0.903732
2026-06-16 04:36:00,196 - debug - DEBUG - Batch 340 grad norm: 0.730712
2026-06-16 04:36:01,036 - debug - DEBUG - Batch 350 grad norm: 0.730847
2026-06-16 04:36:01,137 - debug - DEBUG - compute_metrics_and_record started for epoch 180
2026-06-16 04:36:01,137 - debug - DEBUG - all_preds length: 45000, all_targets length: 45000
2026-06-16 04:36:01,137 - debug - DEBUG - First 10 preds: [4, 3, 9, 5, 2, 7, 9, 9, 0, 4]
2026-06-16 04:36:01,137 - debug - DEBUG - First 10 targets: [4, 3, 9, 5, 2, 7, 9, 9, 0, 4]
2026-06-16 04:36:01,152 - debug - DEBUG - Unique predicted classes: 10 (first 10: [0 1 2 3 4 5 6 7 8 9])
2026-06-16 04:36:01,153 - debug - DEBUG - Unique target classes: 10 (first 10: [0 1 2 3 4 5 6 7 8 9])
2026-06-16 04:36:03,136 - debug - DEBUG - compute_metrics_and_record started for epoch 180
2026-06-16 04:36:03,137 - debug - DEBUG - all_preds length: 10000, all_targets length: 10000
2026-06-16 04:36:03,137 - debug - DEBUG - First 10 preds: [3, 8, 8, 8, 6, 6, 1, 6, 3, 1]
2026-06-16 04:36:03,137 - debug - DEBUG - First 10 targets: [3, 8, 8, 0, 6, 6, 1, 6, 3, 1]
2026-06-16 04:36:03,139 - debug - DEBUG - Unique predicted classes: 10 (first 10: [0 1 2 3 4 5 6 7 8 9])
2026-06-16 04:36:03,140 - debug - DEBUG - Unique target classes: 10 (first 10: [0 1 2 3 4 5 6 7 8 9])
2026-06-16 04:36:03,452 - debug - DEBUG - Device Check - Batch 0
2026-06-16 04:36:03,453 - debug - DEBUG -   Config GPU ID: 1
2026-06-16 04:36:03,453 - debug - DEBUG -   Input Device:  cuda:1
2026-06-16 04:36:03,453 - debug - DEBUG -   Target Device: cuda:1
2026-06-16 04:36:03,453 - debug - DEBUG -   Model Device:  cuda:1
2026-06-16 04:36:03,453 - debug - DEBUG -   Criterion Weight Device: No weights
2026-06-16 04:36:03,792 - debug - DEBUG - Batch 0 grad norm: 0.533897
2026-06-16 04:36:04,643 - debug - DEBUG - Batch 10 grad norm: 0.750271
2026-06-16 04:36:05,501 - debug - DEBUG - Batch 20 grad norm: 1.090597
2026-06-16 04:36:06,327 - debug - DEBUG - Batch 30 grad norm: 0.538011
2026-06-16 04:36:07,192 - debug - DEBUG - Batch 40 grad norm: 0.591041
2026-06-16 04:36:08,013 - debug - DEBUG - Batch 50 grad norm: 0.457656
2026-06-16 04:36:08,873 - debug - DEBUG - Batch 60 grad norm: 0.747934
2026-06-16 04:36:09,690 - debug - DEBUG - Batch 70 grad norm: 0.659012
2026-06-16 04:36:10,548 - debug - DEBUG - Batch 80 grad norm: 0.786567
2026-06-16 04:36:11,363 - debug - DEBUG - Batch 90 grad norm: 0.645396
2026-06-16 04:36:12,218 - debug - DEBUG - Batch 100 grad norm: 0.443875
2026-06-16 04:36:13,028 - debug - DEBUG - Batch 110 grad norm: 0.512626
2026-06-16 04:36:13,886 - debug - DEBUG - Batch 120 grad norm: 0.319536
2026-06-16 04:36:14,695 - debug - DEBUG - Batch 130 grad norm: 0.822649
2026-06-16 04:36:15,555 - debug - DEBUG - Batch 140 grad norm: 0.892321
2026-06-16 04:36:16,366 - debug - DEBUG - Batch 150 grad norm: 0.490198
2026-06-16 04:36:17,228 - debug - DEBUG - Batch 160 grad norm: 0.495609
2026-06-16 04:36:18,043 - debug - DEBUG - Batch 170 grad norm: 0.701001
2026-06-16 04:36:18,984 - debug - DEBUG - Batch 180 grad norm: 0.627257
2026-06-16 04:36:19,681 - debug - DEBUG - Batch 190 grad norm: 0.648263
2026-06-16 04:36:20,518 - debug - DEBUG - Batch 200 grad norm: 0.688161
2026-06-16 04:36:21,368 - debug - DEBUG - Batch 210 grad norm: 0.815111
2026-06-16 04:36:22,203 - debug - DEBUG - Batch 220 grad norm: 0.374101
2026-06-16 04:36:23,050 - debug - DEBUG - Batch 230 grad norm: 0.796571
2026-06-16 04:36:23,878 - debug - DEBUG - Batch 240 grad norm: 0.799773
2026-06-16 04:36:24,719 - debug - DEBUG - Batch 250 grad norm: 0.636172
2026-06-16 04:36:25,503 - debug - DEBUG - Batch 260 grad norm: 0.566052
2026-06-16 04:36:26,340 - debug - DEBUG - Batch 270 grad norm: 0.837244
2026-06-16 04:36:27,186 - debug - DEBUG - Batch 280 grad norm: 0.730263
2026-06-16 04:36:27,994 - debug - DEBUG - Batch 290 grad norm: 0.613983
2026-06-16 04:36:28,844 - debug - DEBUG - Batch 300 grad norm: 0.710671
2026-06-16 04:36:29,655 - debug - DEBUG - Batch 310 grad norm: 0.792642
2026-06-16 04:36:30,503 - debug - DEBUG - Batch 320 grad norm: 0.511969
2026-06-16 04:36:31,352 - debug - DEBUG - Batch 330 grad norm: 0.620006
2026-06-16 04:36:32,206 - debug - DEBUG - Batch 340 grad norm: 0.540410
2026-06-16 04:36:32,997 - debug - DEBUG - Batch 350 grad norm: 0.652327
2026-06-16 04:36:33,085 - debug - DEBUG - compute_metrics_and_record started for epoch 181
2026-06-16 04:36:33,085 - debug - DEBUG - all_preds length: 45000, all_targets length: 45000
2026-06-16 04:36:33,085 - debug - DEBUG - First 10 preds: [7, 5, 5, 5, 9, 0, 0, 8, 9, 3]
2026-06-16 04:36:33,085 - debug - DEBUG - First 10 targets: [7, 5, 5, 5, 9, 0, 0, 8, 9, 3]
2026-06-16 04:36:33,095 - debug - DEBUG - Unique predicted classes: 10 (first 10: [0 1 2 3 4 5 6 7 8 9])
2026-06-16 04:36:33,096 - debug - DEBUG - Unique target classes: 10 (first 10: [0 1 2 3 4 5 6 7 8 9])
2026-06-16 04:36:34,909 - debug - DEBUG - compute_metrics_and_record started for epoch 181
2026-06-16 04:36:34,910 - debug - DEBUG - all_preds length: 10000, all_targets length: 10000
2026-06-16 04:36:34,910 - debug - DEBUG - First 10 preds: [3, 8, 8, 8, 6, 6, 1, 6, 3, 1]
2026-06-16 04:36:34,910 - debug - DEBUG - First 10 targets: [3, 8, 8, 0, 6, 6, 1, 6, 3, 1]
2026-06-16 04:36:34,912 - debug - DEBUG - Unique predicted classes: 10 (first 10: [0 1 2 3 4 5 6 7 8 9])
2026-06-16 04:36:34,912 - debug - DEBUG - Unique target classes: 10 (first 10: [0 1 2 3 4 5 6 7 8 9])
2026-06-16 04:36:35,172 - debug - DEBUG - Device Check - Batch 0
2026-06-16 04:36:35,173 - debug - DEBUG -   Config GPU ID: 1
2026-06-16 04:36:35,173 - debug - DEBUG -   Input Device:  cuda:1
2026-06-16 04:36:35,173 - debug - DEBUG -   Target Device: cuda:1
2026-06-16 04:36:35,174 - debug - DEBUG -   Model Device:  cuda:1
2026-06-16 04:36:35,174 - debug - DEBUG -   Criterion Weight Device: No weights
2026-06-16 04:36:35,493 - debug - DEBUG - Batch 0 grad norm: 0.755435
2026-06-16 04:36:36,354 - debug - DEBUG - Batch 10 grad norm: 0.837620
2026-06-16 04:36:37,169 - debug - DEBUG - Batch 20 grad norm: 0.673894
2026-06-16 04:36:38,024 - debug - DEBUG - Batch 30 grad norm: 0.725060
2026-06-16 04:36:38,836 - debug - DEBUG - Batch 40 grad norm: 0.635650
2026-06-16 04:36:39,687 - debug - DEBUG - Batch 50 grad norm: 0.666892
2026-06-16 04:36:40,484 - debug - DEBUG - Batch 60 grad norm: 0.926520
2026-06-16 04:36:41,338 - debug - DEBUG - Batch 70 grad norm: 0.451084
2026-06-16 04:36:42,143 - debug - DEBUG - Batch 80 grad norm: 0.946446
2026-06-16 04:36:42,994 - debug - DEBUG - Batch 90 grad norm: 0.509664
2026-06-16 04:36:43,797 - debug - DEBUG - Batch 100 grad norm: 0.800169
2026-06-16 04:36:44,643 - debug - DEBUG - Batch 110 grad norm: 0.506695
2026-06-16 04:36:45,458 - debug - DEBUG - Batch 120 grad norm: 0.792486
2026-06-16 04:36:46,314 - debug - DEBUG - Batch 130 grad norm: 0.666776
2026-06-16 04:36:47,173 - debug - DEBUG - Batch 140 grad norm: 0.815213
2026-06-16 04:36:47,995 - debug - DEBUG - Batch 150 grad norm: 0.596185
2026-06-16 04:36:48,855 - debug - DEBUG - Batch 160 grad norm: 0.494975
2026-06-16 04:36:49,672 - debug - DEBUG - Batch 170 grad norm: 0.762654
2026-06-16 04:36:50,508 - debug - DEBUG - Batch 180 grad norm: 0.631276
2026-06-16 04:36:51,416 - debug - DEBUG - Batch 190 grad norm: 0.579104
2026-06-16 04:36:52,112 - debug - DEBUG - Batch 200 grad norm: 0.665582
2026-06-16 04:36:52,970 - debug - DEBUG - Batch 210 grad norm: 0.564380
2026-06-16 04:36:53,829 - debug - DEBUG - Batch 220 grad norm: 0.703208
2026-06-16 04:36:54,675 - debug - DEBUG - Batch 230 grad norm: 0.642657
2026-06-16 04:36:55,518 - debug - DEBUG - Batch 240 grad norm: 0.642290
2026-06-16 04:36:56,381 - debug - DEBUG - Batch 250 grad norm: 0.492778
2026-06-16 04:36:57,238 - debug - DEBUG - Batch 260 grad norm: 0.574712
2026-06-16 04:36:58,092 - debug - DEBUG - Batch 270 grad norm: 0.354397
2026-06-16 04:36:58,932 - debug - DEBUG - Batch 280 grad norm: 0.593023
2026-06-16 04:36:59,819 - debug - DEBUG - Batch 290 grad norm: 0.500655
2026-06-16 04:37:00,676 - debug - DEBUG - Batch 300 grad norm: 0.871225
2026-06-16 04:37:01,593 - debug - DEBUG - Batch 310 grad norm: 0.598136
2026-06-16 04:37:02,574 - debug - DEBUG - Batch 320 grad norm: 0.685794
2026-06-16 04:37:03,641 - debug - DEBUG - Batch 330 grad norm: 0.760654
2026-06-16 04:37:04,663 - debug - DEBUG - Batch 340 grad norm: 0.804005
2026-06-16 04:37:05,734 - debug - DEBUG - Batch 350 grad norm: 0.656260
2026-06-16 04:37:05,815 - debug - DEBUG - compute_metrics_and_record started for epoch 182
2026-06-16 04:37:05,815 - debug - DEBUG - all_preds length: 45000, all_targets length: 45000
2026-06-16 04:37:05,815 - debug - DEBUG - First 10 preds: [2, 8, 3, 6, 7, 0, 5, 9, 1, 3]
2026-06-16 04:37:05,816 - debug - DEBUG - First 10 targets: [2, 8, 3, 6, 7, 0, 5, 9, 1, 3]
2026-06-16 04:37:05,827 - debug - DEBUG - Unique predicted classes: 10 (first 10: [0 1 2 3 4 5 6 7 8 9])
2026-06-16 04:37:05,828 - debug - DEBUG - Unique target classes: 10 (first 10: [0 1 2 3 4 5 6 7 8 9])
2026-06-16 04:37:08,160 - debug - DEBUG - compute_metrics_and_record started for epoch 182
2026-06-16 04:37:08,160 - debug - DEBUG - all_preds length: 10000, all_targets length: 10000
2026-06-16 04:37:08,160 - debug - DEBUG - First 10 preds: [3, 8, 8, 8, 6, 6, 1, 6, 3, 1]
2026-06-16 04:37:08,160 - debug - DEBUG - First 10 targets: [3, 8, 8, 0, 6, 6, 1, 6, 3, 1]
2026-06-16 04:37:08,163 - debug - DEBUG - Unique predicted classes: 10 (first 10: [0 1 2 3 4 5 6 7 8 9])
2026-06-16 04:37:08,163 - debug - DEBUG - Unique target classes: 10 (first 10: [0 1 2 3 4 5 6 7 8 9])
2026-06-16 04:37:08,436 - debug - DEBUG - Device Check - Batch 0
2026-06-16 04:37:08,437 - debug - DEBUG -   Config GPU ID: 1
2026-06-16 04:37:08,437 - debug - DEBUG -   Input Device:  cuda:1
2026-06-16 04:37:08,437 - debug - DEBUG -   Target Device: cuda:1
2026-06-16 04:37:08,437 - debug - DEBUG -   Model Device:  cuda:1
2026-06-16 04:37:08,437 - debug - DEBUG -   Criterion Weight Device: No weights
2026-06-16 04:37:09,068 - debug - DEBUG - Batch 0 grad norm: 0.634661
2026-06-16 04:37:10,157 - debug - DEBUG - Batch 10 grad norm: 0.762711
2026-06-16 04:37:11,234 - debug - DEBUG - Batch 20 grad norm: 0.533147
2026-06-16 04:37:12,318 - debug - DEBUG - Batch 30 grad norm: 0.581394
2026-06-16 04:37:13,396 - debug - DEBUG - Batch 40 grad norm: 0.623493
2026-06-16 04:37:14,479 - debug - DEBUG - Batch 50 grad norm: 0.593871
2026-06-16 04:37:15,540 - debug - DEBUG - Batch 60 grad norm: 0.630300
2026-06-16 04:37:16,628 - debug - DEBUG - Batch 70 grad norm: 0.926292
2026-06-16 04:37:17,701 - debug - DEBUG - Batch 80 grad norm: 0.570183
2026-06-16 04:37:18,783 - debug - DEBUG - Batch 90 grad norm: 0.696560
2026-06-16 04:37:19,865 - debug - DEBUG - Batch 100 grad norm: 0.932077
2026-06-16 04:37:20,944 - debug - DEBUG - Batch 110 grad norm: 0.895466
2026-06-16 04:37:22,032 - debug - DEBUG - Batch 120 grad norm: 0.585689
2026-06-16 04:37:23,109 - debug - DEBUG - Batch 130 grad norm: 0.687374
2026-06-16 04:37:24,161 - debug - DEBUG - Batch 140 grad norm: 0.947332
2026-06-16 04:37:25,218 - debug - DEBUG - Batch 150 grad norm: 0.584893
2026-06-16 04:37:26,274 - debug - DEBUG - Batch 160 grad norm: 1.135267
2026-06-16 04:37:27,329 - debug - DEBUG - Batch 170 grad norm: 0.869109
2026-06-16 04:37:28,389 - debug - DEBUG - Batch 180 grad norm: 0.846107
2026-06-16 04:37:29,520 - debug - DEBUG - Batch 190 grad norm: 0.612914
2026-06-16 04:37:30,392 - debug - DEBUG - Batch 200 grad norm: 0.980805
2026-06-16 04:37:31,446 - debug - DEBUG - Batch 210 grad norm: 1.043346
2026-06-16 04:37:32,471 - debug - DEBUG - Batch 220 grad norm: 0.324476
2026-06-16 04:37:33,534 - debug - DEBUG - Batch 230 grad norm: 0.694060
2026-06-16 04:37:34,568 - debug - DEBUG - Batch 240 grad norm: 0.700955
2026-06-16 04:37:35,632 - debug - DEBUG - Batch 250 grad norm: 0.755559
2026-06-16 04:37:36,692 - debug - DEBUG - Batch 260 grad norm: 0.538385
2026-06-16 04:37:37,730 - debug - DEBUG - Batch 270 grad norm: 0.403570
2026-06-16 04:37:38,797 - debug - DEBUG - Batch 280 grad norm: 0.556056
2026-06-16 04:37:39,829 - debug - DEBUG - Batch 290 grad norm: 0.445204
2026-06-16 04:37:40,703 - debug - DEBUG - Batch 300 grad norm: 0.554950
2026-06-16 04:37:41,570 - debug - DEBUG - Batch 310 grad norm: 0.653605
2026-06-16 04:37:42,487 - debug - DEBUG - Batch 320 grad norm: 0.640131
2026-06-16 04:37:43,612 - debug - DEBUG - Batch 330 grad norm: 0.618964
2026-06-16 04:37:44,621 - debug - DEBUG - Batch 340 grad norm: 0.671502
2026-06-16 04:37:45,456 - debug - DEBUG - Batch 350 grad norm: 0.675546
2026-06-16 04:37:45,550 - debug - DEBUG - compute_metrics_and_record started for epoch 183
2026-06-16 04:37:45,550 - debug - DEBUG - all_preds length: 45000, all_targets length: 45000
2026-06-16 04:37:45,551 - debug - DEBUG - First 10 preds: [7, 8, 2, 0, 5, 5, 7, 3, 8, 3]
2026-06-16 04:37:45,551 - debug - DEBUG - First 10 targets: [7, 8, 2, 0, 5, 5, 7, 3, 8, 3]
2026-06-16 04:37:45,563 - debug - DEBUG - Unique predicted classes: 10 (first 10: [0 1 2 3 4 5 6 7 8 9])
2026-06-16 04:37:45,563 - debug - DEBUG - Unique target classes: 10 (first 10: [0 1 2 3 4 5 6 7 8 9])
2026-06-16 04:37:47,763 - debug - DEBUG - compute_metrics_and_record started for epoch 183
2026-06-16 04:37:47,764 - debug - DEBUG - all_preds length: 10000, all_targets length: 10000
2026-06-16 04:37:47,764 - debug - DEBUG - First 10 preds: [3, 8, 8, 8, 6, 6, 1, 6, 3, 1]
2026-06-16 04:37:47,764 - debug - DEBUG - First 10 targets: [3, 8, 8, 0, 6, 6, 1, 6, 3, 1]
2026-06-16 04:37:47,766 - debug - DEBUG - Unique predicted classes: 10 (first 10: [0 1 2 3 4 5 6 7 8 9])
2026-06-16 04:37:47,767 - debug - DEBUG - Unique target classes: 10 (first 10: [0 1 2 3 4 5 6 7 8 9])
2026-06-16 04:37:48,099 - debug - DEBUG - Device Check - Batch 0
2026-06-16 04:37:48,100 - debug - DEBUG -   Config GPU ID: 1
2026-06-16 04:37:48,100 - debug - DEBUG -   Input Device:  cuda:1
2026-06-16 04:37:48,100 - debug - DEBUG -   Target Device: cuda:1
2026-06-16 04:37:48,101 - debug - DEBUG -   Model Device:  cuda:1
2026-06-16 04:37:48,101 - debug - DEBUG -   Criterion Weight Device: No weights
2026-06-16 04:37:48,402 - debug - DEBUG - Batch 0 grad norm: 0.700381
2026-06-16 04:37:49,493 - debug - DEBUG - Batch 10 grad norm: 0.798777
2026-06-16 04:37:50,537 - debug - DEBUG - Batch 20 grad norm: 0.818478
2026-06-16 04:37:51,606 - debug - DEBUG - Batch 30 grad norm: 0.732474
2026-06-16 04:37:52,648 - debug - DEBUG - Batch 40 grad norm: 0.652588
2026-06-16 04:37:53,702 - debug - DEBUG - Batch 50 grad norm: 0.787550
2026-06-16 04:37:54,742 - debug - DEBUG - Batch 60 grad norm: 0.752490
2026-06-16 04:37:55,814 - debug - DEBUG - Batch 70 grad norm: 0.497347
2026-06-16 04:37:56,888 - debug - DEBUG - Batch 80 grad norm: 0.677869
2026-06-16 04:37:57,937 - debug - DEBUG - Batch 90 grad norm: 0.521143
2026-06-16 04:37:59,013 - debug - DEBUG - Batch 100 grad norm: 0.726632
2026-06-16 04:38:00,061 - debug - DEBUG - Batch 110 grad norm: 0.344095
2026-06-16 04:38:01,134 - debug - DEBUG - Batch 120 grad norm: 0.731308
2026-06-16 04:38:02,174 - debug - DEBUG - Batch 130 grad norm: 0.552533
2026-06-16 04:38:03,245 - debug - DEBUG - Batch 140 grad norm: 0.877311
2026-06-16 04:38:04,286 - debug - DEBUG - Batch 150 grad norm: 1.057156
2026-06-16 04:38:05,356 - debug - DEBUG - Batch 160 grad norm: 0.821267
2026-06-16 04:38:06,423 - debug - DEBUG - Batch 170 grad norm: 0.707176
2026-06-16 04:38:07,476 - debug - DEBUG - Batch 180 grad norm: 0.648333
2026-06-16 04:38:08,623 - debug - DEBUG - Batch 190 grad norm: 0.515776
2026-06-16 04:38:09,534 - debug - DEBUG - Batch 200 grad norm: 0.631102
2026-06-16 04:38:10,603 - debug - DEBUG - Batch 210 grad norm: 0.473773
2026-06-16 04:38:11,639 - debug - DEBUG - Batch 220 grad norm: 0.696142
2026-06-16 04:38:12,707 - debug - DEBUG - Batch 230 grad norm: 0.748815
2026-06-16 04:38:13,764 - debug - DEBUG - Batch 240 grad norm: 0.923803
2026-06-16 04:38:14,833 - debug - DEBUG - Batch 250 grad norm: 0.497203
2026-06-16 04:38:15,897 - debug - DEBUG - Batch 260 grad norm: 0.968047
2026-06-16 04:38:16,957 - debug - DEBUG - Batch 270 grad norm: 0.690005
2026-06-16 04:38:18,009 - debug - DEBUG - Batch 280 grad norm: 0.689961
2026-06-16 04:38:19,055 - debug - DEBUG - Batch 290 grad norm: 0.727075
2026-06-16 04:38:20,103 - debug - DEBUG - Batch 300 grad norm: 0.793965
2026-06-16 04:38:21,141 - debug - DEBUG - Batch 310 grad norm: 0.599726
2026-06-16 04:38:22,199 - debug - DEBUG - Batch 320 grad norm: 0.707567
2026-06-16 04:38:23,223 - debug - DEBUG - Batch 330 grad norm: 0.835595
2026-06-16 04:38:24,212 - debug - DEBUG - Batch 340 grad norm: 0.626235
2026-06-16 04:38:25,284 - debug - DEBUG - Batch 350 grad norm: 0.549394
2026-06-16 04:38:25,382 - debug - DEBUG - compute_metrics_and_record started for epoch 184
2026-06-16 04:38:25,382 - debug - DEBUG - all_preds length: 45000, all_targets length: 45000
2026-06-16 04:38:25,382 - debug - DEBUG - First 10 preds: [9, 5, 8, 5, 5, 2, 7, 3, 8, 3]
2026-06-16 04:38:25,382 - debug - DEBUG - First 10 targets: [9, 5, 8, 5, 5, 2, 7, 3, 8, 5]
2026-06-16 04:38:25,394 - debug - DEBUG - Unique predicted classes: 10 (first 10: [0 1 2 3 4 5 6 7 8 9])
2026-06-16 04:38:25,395 - debug - DEBUG - Unique target classes: 10 (first 10: [0 1 2 3 4 5 6 7 8 9])
2026-06-16 04:38:27,522 - debug - DEBUG - compute_metrics_and_record started for epoch 184
2026-06-16 04:38:27,522 - debug - DEBUG - all_preds length: 10000, all_targets length: 10000
2026-06-16 04:38:27,522 - debug - DEBUG - First 10 preds: [3, 8, 8, 8, 6, 6, 1, 6, 3, 1]
2026-06-16 04:38:27,522 - debug - DEBUG - First 10 targets: [3, 8, 8, 0, 6, 6, 1, 6, 3, 1]
2026-06-16 04:38:27,525 - debug - DEBUG - Unique predicted classes: 10 (first 10: [0 1 2 3 4 5 6 7 8 9])
2026-06-16 04:38:27,525 - debug - DEBUG - Unique target classes: 10 (first 10: [0 1 2 3 4 5 6 7 8 9])
2026-06-16 04:38:27,805 - debug - DEBUG - Device Check - Batch 0
2026-06-16 04:38:27,806 - debug - DEBUG -   Config GPU ID: 1
2026-06-16 04:38:27,806 - debug - DEBUG -   Input Device:  cuda:1
2026-06-16 04:38:27,806 - debug - DEBUG -   Target Device: cuda:1
2026-06-16 04:38:27,806 - debug - DEBUG -   Model Device:  cuda:1
2026-06-16 04:38:27,807 - debug - DEBUG -   Criterion Weight Device: No weights
2026-06-16 04:38:28,147 - debug - DEBUG - Batch 0 grad norm: 0.871456
2026-06-16 04:38:29,215 - debug - DEBUG - Batch 10 grad norm: 0.794511
2026-06-16 04:38:30,262 - debug - DEBUG - Batch 20 grad norm: 0.421662
2026-06-16 04:38:31,333 - debug - DEBUG - Batch 30 grad norm: 0.810979
2026-06-16 04:38:32,367 - debug - DEBUG - Batch 40 grad norm: 0.857910
2026-06-16 04:38:33,430 - debug - DEBUG - Batch 50 grad norm: 0.702940
2026-06-16 04:38:34,504 - debug - DEBUG - Batch 60 grad norm: 0.533837
2026-06-16 04:38:35,551 - debug - DEBUG - Batch 70 grad norm: 0.823611
2026-06-16 04:38:36,623 - debug - DEBUG - Batch 80 grad norm: 0.697002
2026-06-16 04:38:37,671 - debug - DEBUG - Batch 90 grad norm: 0.447790
2026-06-16 04:38:38,744 - debug - DEBUG - Batch 100 grad norm: 0.570845
2026-06-16 04:38:39,806 - debug - DEBUG - Batch 110 grad norm: 0.795933
2026-06-16 04:38:40,874 - debug - DEBUG - Batch 120 grad norm: 0.548183
2026-06-16 04:38:41,907 - debug - DEBUG - Batch 130 grad norm: 0.657155
2026-06-16 04:38:42,974 - debug - DEBUG - Batch 140 grad norm: 0.744920
2026-06-16 04:38:44,045 - debug - DEBUG - Batch 150 grad norm: 0.576396
2026-06-16 04:38:45,110 - debug - DEBUG - Batch 160 grad norm: 0.765555
2026-06-16 04:38:46,182 - debug - DEBUG - Batch 170 grad norm: 0.688335
2026-06-16 04:38:47,184 - debug - DEBUG - Batch 180 grad norm: 0.615105
2026-06-16 04:38:48,320 - debug - DEBUG - Batch 190 grad norm: 0.435020
2026-06-16 04:38:49,217 - debug - DEBUG - Batch 200 grad norm: 0.727848
2026-06-16 04:38:50,284 - debug - DEBUG - Batch 210 grad norm: 0.456482
2026-06-16 04:38:51,329 - debug - DEBUG - Batch 220 grad norm: 0.581836
2026-06-16 04:38:52,404 - debug - DEBUG - Batch 230 grad norm: 0.492397
2026-06-16 04:38:53,478 - debug - DEBUG - Batch 240 grad norm: 0.763890
2026-06-16 04:38:54,558 - debug - DEBUG - Batch 250 grad norm: 0.550413
2026-06-16 04:38:55,632 - debug - DEBUG - Batch 260 grad norm: 0.506821
2026-06-16 04:38:56,700 - debug - DEBUG - Batch 270 grad norm: 0.741848
2026-06-16 04:38:57,777 - debug - DEBUG - Batch 280 grad norm: 0.724259
2026-06-16 04:38:58,850 - debug - DEBUG - Batch 290 grad norm: 0.595900
2026-06-16 04:38:59,926 - debug - DEBUG - Batch 300 grad norm: 0.710690
2026-06-16 04:39:00,986 - debug - DEBUG - Batch 310 grad norm: 0.603108
2026-06-16 04:39:02,063 - debug - DEBUG - Batch 320 grad norm: 0.530247
2026-06-16 04:39:03,146 - debug - DEBUG - Batch 330 grad norm: 0.578853
2026-06-16 04:39:04,205 - debug - DEBUG - Batch 340 grad norm: 0.891738
2026-06-16 04:39:05,225 - debug - DEBUG - Batch 350 grad norm: 0.683049
2026-06-16 04:39:05,316 - debug - DEBUG - compute_metrics_and_record started for epoch 185
2026-06-16 04:39:05,316 - debug - DEBUG - all_preds length: 45000, all_targets length: 45000
2026-06-16 04:39:05,316 - debug - DEBUG - First 10 preds: [5, 9, 1, 9, 5, 9, 0, 7, 4, 9]
2026-06-16 04:39:05,316 - debug - DEBUG - First 10 targets: [3, 9, 1, 9, 5, 9, 0, 7, 4, 9]
2026-06-16 04:39:05,326 - debug - DEBUG - Unique predicted classes: 10 (first 10: [0 1 2 3 4 5 6 7 8 9])
2026-06-16 04:39:05,326 - debug - DEBUG - Unique target classes: 10 (first 10: [0 1 2 3 4 5 6 7 8 9])
2026-06-16 04:39:07,549 - debug - DEBUG - compute_metrics_and_record started for epoch 185
2026-06-16 04:39:07,549 - debug - DEBUG - all_preds length: 10000, all_targets length: 10000
2026-06-16 04:39:07,550 - debug - DEBUG - First 10 preds: [3, 8, 8, 8, 6, 6, 1, 6, 3, 1]
2026-06-16 04:39:07,550 - debug - DEBUG - First 10 targets: [3, 8, 8, 0, 6, 6, 1, 6, 3, 1]
2026-06-16 04:39:07,552 - debug - DEBUG - Unique predicted classes: 10 (first 10: [0 1 2 3 4 5 6 7 8 9])
2026-06-16 04:39:07,552 - debug - DEBUG - Unique target classes: 10 (first 10: [0 1 2 3 4 5 6 7 8 9])
2026-06-16 04:39:07,817 - debug - DEBUG - Device Check - Batch 0
2026-06-16 04:39:07,817 - debug - DEBUG -   Config GPU ID: 1
2026-06-16 04:39:07,817 - debug - DEBUG -   Input Device:  cuda:1
2026-06-16 04:39:07,817 - debug - DEBUG -   Target Device: cuda:1
2026-06-16 04:39:07,818 - debug - DEBUG -   Model Device:  cuda:1
2026-06-16 04:39:07,818 - debug - DEBUG -   Criterion Weight Device: No weights
2026-06-16 04:39:08,308 - debug - DEBUG - Batch 0 grad norm: 0.733214
2026-06-16 04:39:09,385 - debug - DEBUG - Batch 10 grad norm: 0.741777
2026-06-16 04:39:10,466 - debug - DEBUG - Batch 20 grad norm: 0.759694
2026-06-16 04:39:11,548 - debug - DEBUG - Batch 30 grad norm: 0.719471
2026-06-16 04:39:12,628 - debug - DEBUG - Batch 40 grad norm: 0.791847
2026-06-16 04:39:13,707 - debug - DEBUG - Batch 50 grad norm: 0.583783
2026-06-16 04:39:14,781 - debug - DEBUG - Batch 60 grad norm: 0.669912
2026-06-16 04:39:15,859 - debug - DEBUG - Batch 70 grad norm: 0.486434
2026-06-16 04:39:16,940 - debug - DEBUG - Batch 80 grad norm: 0.943360
2026-06-16 04:39:18,015 - debug - DEBUG - Batch 90 grad norm: 0.861370
2026-06-16 04:39:19,095 - debug - DEBUG - Batch 100 grad norm: 0.711242
2026-06-16 04:39:20,184 - debug - DEBUG - Batch 110 grad norm: 0.638492
2026-06-16 04:39:21,263 - debug - DEBUG - Batch 120 grad norm: 0.636415
2026-06-16 04:39:22,335 - debug - DEBUG - Batch 130 grad norm: 0.629721
2026-06-16 04:39:23,366 - debug - DEBUG - Batch 140 grad norm: 0.624042
2026-06-16 04:39:24,439 - debug - DEBUG - Batch 150 grad norm: 0.619552
2026-06-16 04:39:25,510 - debug - DEBUG - Batch 160 grad norm: 0.547355
2026-06-16 04:39:26,581 - debug - DEBUG - Batch 170 grad norm: 0.621792
2026-06-16 04:39:27,511 - debug - DEBUG - Batch 180 grad norm: 0.995378
2026-06-16 04:39:28,653 - debug - DEBUG - Batch 190 grad norm: 0.904388
2026-06-16 04:39:29,718 - debug - DEBUG - Batch 200 grad norm: 0.326163
2026-06-16 04:39:30,681 - debug - DEBUG - Batch 210 grad norm: 0.543992
2026-06-16 04:39:31,740 - debug - DEBUG - Batch 220 grad norm: 0.571211
2026-06-16 04:39:32,789 - debug - DEBUG - Batch 230 grad norm: 0.771938
2026-06-16 04:39:33,864 - debug - DEBUG - Batch 240 grad norm: 0.788415
2026-06-16 04:39:34,911 - debug - DEBUG - Batch 250 grad norm: 0.814839
2026-06-16 04:39:35,980 - debug - DEBUG - Batch 260 grad norm: 0.987636
2026-06-16 04:39:37,087 - debug - DEBUG - Batch 270 grad norm: 0.674544
2026-06-16 04:39:38,170 - debug - DEBUG - Batch 280 grad norm: 0.797098
2026-06-16 04:39:39,257 - debug - DEBUG - Batch 290 grad norm: 0.664013
2026-06-16 04:39:40,331 - debug - DEBUG - Batch 300 grad norm: 0.428895
2026-06-16 04:39:41,419 - debug - DEBUG - Batch 310 grad norm: 0.638172
2026-06-16 04:39:42,503 - debug - DEBUG - Batch 320 grad norm: 0.658022
2026-06-16 04:39:43,596 - debug - DEBUG - Batch 330 grad norm: 0.377919
2026-06-16 04:39:44,678 - debug - DEBUG - Batch 340 grad norm: 0.891528
2026-06-16 04:39:45,610 - debug - DEBUG - Batch 350 grad norm: 0.825129
2026-06-16 04:39:45,710 - debug - DEBUG - compute_metrics_and_record started for epoch 186
2026-06-16 04:39:45,711 - debug - DEBUG - all_preds length: 45000, all_targets length: 45000
2026-06-16 04:39:45,711 - debug - DEBUG - First 10 preds: [9, 3, 9, 8, 3, 6, 0, 9, 7, 7]
2026-06-16 04:39:45,711 - debug - DEBUG - First 10 targets: [9, 4, 9, 8, 3, 6, 0, 9, 7, 7]
2026-06-16 04:39:45,726 - debug - DEBUG - Unique predicted classes: 10 (first 10: [0 1 2 3 4 5 6 7 8 9])
2026-06-16 04:39:45,726 - debug - DEBUG - Unique target classes: 10 (first 10: [0 1 2 3 4 5 6 7 8 9])
2026-06-16 04:39:47,979 - debug - DEBUG - compute_metrics_and_record started for epoch 186
2026-06-16 04:39:47,979 - debug - DEBUG - all_preds length: 10000, all_targets length: 10000
2026-06-16 04:39:47,979 - debug - DEBUG - First 10 preds: [3, 8, 8, 8, 6, 6, 1, 6, 3, 1]
2026-06-16 04:39:47,979 - debug - DEBUG - First 10 targets: [3, 8, 8, 0, 6, 6, 1, 6, 3, 1]
2026-06-16 04:39:47,982 - debug - DEBUG - Unique predicted classes: 10 (first 10: [0 1 2 3 4 5 6 7 8 9])
2026-06-16 04:39:47,983 - debug - DEBUG - Unique target classes: 10 (first 10: [0 1 2 3 4 5 6 7 8 9])
2026-06-16 04:39:48,246 - debug - DEBUG - Device Check - Batch 0
2026-06-16 04:39:48,247 - debug - DEBUG -   Config GPU ID: 1
2026-06-16 04:39:48,247 - debug - DEBUG -   Input Device:  cuda:1
2026-06-16 04:39:48,247 - debug - DEBUG -   Target Device: cuda:1
2026-06-16 04:39:48,247 - debug - DEBUG -   Model Device:  cuda:1
2026-06-16 04:39:48,247 - debug - DEBUG -   Criterion Weight Device: No weights
2026-06-16 04:39:48,823 - debug - DEBUG - Batch 0 grad norm: 0.686862
2026-06-16 04:39:49,966 - debug - DEBUG - Batch 10 grad norm: 0.558210
2026-06-16 04:39:51,054 - debug - DEBUG - Batch 20 grad norm: 0.560981
2026-06-16 04:39:52,192 - debug - DEBUG - Batch 30 grad norm: 0.663304
2026-06-16 04:39:53,253 - debug - DEBUG - Batch 40 grad norm: 0.393461
2026-06-16 04:39:54,332 - debug - DEBUG - Batch 50 grad norm: 0.795399
2026-06-16 04:39:55,403 - debug - DEBUG - Batch 60 grad norm: 0.833072
2026-06-16 04:39:56,486 - debug - DEBUG - Batch 70 grad norm: 0.474722
2026-06-16 04:39:57,569 - debug - DEBUG - Batch 80 grad norm: 0.522592
2026-06-16 04:39:58,645 - debug - DEBUG - Batch 90 grad norm: 0.662644
2026-06-16 04:39:59,747 - debug - DEBUG - Batch 100 grad norm: 0.850891
2026-06-16 04:40:00,814 - debug - DEBUG - Batch 110 grad norm: 0.726123
2026-06-16 04:40:01,880 - debug - DEBUG - Batch 120 grad norm: 0.769090
2026-06-16 04:40:02,959 - debug - DEBUG - Batch 130 grad norm: 0.669844
2026-06-16 04:40:04,033 - debug - DEBUG - Batch 140 grad norm: 0.519620
2026-06-16 04:40:05,112 - debug - DEBUG - Batch 150 grad norm: 0.920163
2026-06-16 04:40:06,164 - debug - DEBUG - Batch 160 grad norm: 0.525752
2026-06-16 04:40:07,233 - debug - DEBUG - Batch 170 grad norm: 0.913446
2026-06-16 04:40:08,211 - debug - DEBUG - Batch 180 grad norm: 0.707610
2026-06-16 04:40:09,352 - debug - DEBUG - Batch 190 grad norm: 0.814419
2026-06-16 04:40:10,307 - debug - DEBUG - Batch 200 grad norm: 0.448260
2026-06-16 04:40:11,402 - debug - DEBUG - Batch 210 grad norm: 0.393971
2026-06-16 04:40:12,495 - debug - DEBUG - Batch 220 grad norm: 0.805723
2026-06-16 04:40:13,582 - debug - DEBUG - Batch 230 grad norm: 0.314589
2026-06-16 04:40:14,677 - debug - DEBUG - Batch 240 grad norm: 0.867119
2026-06-16 04:40:15,744 - debug - DEBUG - Batch 250 grad norm: 0.767968
2026-06-16 04:40:16,818 - debug - DEBUG - Batch 260 grad norm: 0.957875
2026-06-16 04:40:17,908 - debug - DEBUG - Batch 270 grad norm: 0.744228
2026-06-16 04:40:18,993 - debug - DEBUG - Batch 280 grad norm: 0.703782
2026-06-16 04:40:20,092 - debug - DEBUG - Batch 290 grad norm: 0.718612
2026-06-16 04:40:21,182 - debug - DEBUG - Batch 300 grad norm: 0.704154
2026-06-16 04:40:22,267 - debug - DEBUG - Batch 310 grad norm: 0.529428
2026-06-16 04:40:23,341 - debug - DEBUG - Batch 320 grad norm: 0.585533
2026-06-16 04:40:24,443 - debug - DEBUG - Batch 330 grad norm: 0.870222
2026-06-16 04:40:25,528 - debug - DEBUG - Batch 340 grad norm: 0.466865
2026-06-16 04:40:26,393 - debug - DEBUG - Batch 350 grad norm: 0.679424
2026-06-16 04:40:26,497 - debug - DEBUG - compute_metrics_and_record started for epoch 187
2026-06-16 04:40:26,497 - debug - DEBUG - all_preds length: 45000, all_targets length: 45000
2026-06-16 04:40:26,497 - debug - DEBUG - First 10 preds: [6, 2, 3, 9, 7, 9, 2, 1, 7, 9]
2026-06-16 04:40:26,498 - debug - DEBUG - First 10 targets: [6, 2, 6, 9, 7, 9, 2, 1, 7, 9]
2026-06-16 04:40:26,510 - debug - DEBUG - Unique predicted classes: 10 (first 10: [0 1 2 3 4 5 6 7 8 9])
2026-06-16 04:40:26,510 - debug - DEBUG - Unique target classes: 10 (first 10: [0 1 2 3 4 5 6 7 8 9])
2026-06-16 04:40:28,778 - debug - DEBUG - compute_metrics_and_record started for epoch 187
2026-06-16 04:40:28,778 - debug - DEBUG - all_preds length: 10000, all_targets length: 10000
2026-06-16 04:40:28,778 - debug - DEBUG - First 10 preds: [3, 8, 8, 8, 6, 6, 1, 6, 3, 1]
2026-06-16 04:40:28,778 - debug - DEBUG - First 10 targets: [3, 8, 8, 0, 6, 6, 1, 6, 3, 1]
2026-06-16 04:40:28,781 - debug - DEBUG - Unique predicted classes: 10 (first 10: [0 1 2 3 4 5 6 7 8 9])
2026-06-16 04:40:28,781 - debug - DEBUG - Unique target classes: 10 (first 10: [0 1 2 3 4 5 6 7 8 9])
2026-06-16 04:40:29,097 - debug - DEBUG - Device Check - Batch 0
2026-06-16 04:40:29,098 - debug - DEBUG -   Config GPU ID: 1
2026-06-16 04:40:29,098 - debug - DEBUG -   Input Device:  cuda:1
2026-06-16 04:40:29,098 - debug - DEBUG -   Target Device: cuda:1
2026-06-16 04:40:29,098 - debug - DEBUG -   Model Device:  cuda:1
2026-06-16 04:40:29,098 - debug - DEBUG -   Criterion Weight Device: No weights
2026-06-16 04:40:29,480 - debug - DEBUG - Batch 0 grad norm: 0.738882
2026-06-16 04:40:30,527 - debug - DEBUG - Batch 10 grad norm: 0.739857
2026-06-16 04:40:31,591 - debug - DEBUG - Batch 20 grad norm: 0.922152
2026-06-16 04:40:32,629 - debug - DEBUG - Batch 30 grad norm: 0.412447
2026-06-16 04:40:33,699 - debug - DEBUG - Batch 40 grad norm: 1.006582
2026-06-16 04:40:34,771 - debug - DEBUG - Batch 50 grad norm: 0.682348
2026-06-16 04:40:35,816 - debug - DEBUG - Batch 60 grad norm: 0.861551
2026-06-16 04:40:36,884 - debug - DEBUG - Batch 70 grad norm: 0.738486
2026-06-16 04:40:37,928 - debug - DEBUG - Batch 80 grad norm: 0.872493
2026-06-16 04:40:38,997 - debug - DEBUG - Batch 90 grad norm: 0.634601
2026-06-16 04:40:40,041 - debug - DEBUG - Batch 100 grad norm: 0.711526
2026-06-16 04:40:41,110 - debug - DEBUG - Batch 110 grad norm: 0.805537
2026-06-16 04:40:42,144 - debug - DEBUG - Batch 120 grad norm: 0.524685
2026-06-16 04:40:43,212 - debug - DEBUG - Batch 130 grad norm: 0.679548
2026-06-16 04:40:44,280 - debug - DEBUG - Batch 140 grad norm: 0.488438
2026-06-16 04:40:45,312 - debug - DEBUG - Batch 150 grad norm: 0.817247
2026-06-16 04:40:46,385 - debug - DEBUG - Batch 160 grad norm: 0.762976
2026-06-16 04:40:47,434 - debug - DEBUG - Batch 170 grad norm: 0.670489
2026-06-16 04:40:48,488 - debug - DEBUG - Batch 180 grad norm: 0.640238
2026-06-16 04:40:49,622 - debug - DEBUG - Batch 190 grad norm: 0.638944
2026-06-16 04:40:50,537 - debug - DEBUG - Batch 200 grad norm: 0.557360
2026-06-16 04:40:51,577 - debug - DEBUG - Batch 210 grad norm: 0.555019
2026-06-16 04:40:52,643 - debug - DEBUG - Batch 220 grad norm: 1.018763
2026-06-16 04:40:53,710 - debug - DEBUG - Batch 230 grad norm: 0.842067
2026-06-16 04:40:54,769 - debug - DEBUG - Batch 240 grad norm: 0.447690
2026-06-16 04:40:55,843 - debug - DEBUG - Batch 250 grad norm: 0.658165
2026-06-16 04:40:56,908 - debug - DEBUG - Batch 260 grad norm: 0.814282
2026-06-16 04:40:57,977 - debug - DEBUG - Batch 270 grad norm: 0.811539
2026-06-16 04:40:59,017 - debug - DEBUG - Batch 280 grad norm: 1.045583
2026-06-16 04:41:00,084 - debug - DEBUG - Batch 290 grad norm: 0.586047
2026-06-16 04:41:01,157 - debug - DEBUG - Batch 300 grad norm: 0.430136
2026-06-16 04:41:02,228 - debug - DEBUG - Batch 310 grad norm: 0.785739
2026-06-16 04:41:03,299 - debug - DEBUG - Batch 320 grad norm: 0.847745
2026-06-16 04:41:04,369 - debug - DEBUG - Batch 330 grad norm: 0.726339
2026-06-16 04:41:05,443 - debug - DEBUG - Batch 340 grad norm: 0.664118
2026-06-16 04:41:06,509 - debug - DEBUG - Batch 350 grad norm: 0.834315
2026-06-16 04:41:06,597 - debug - DEBUG - compute_metrics_and_record started for epoch 188
2026-06-16 04:41:06,597 - debug - DEBUG - all_preds length: 45000, all_targets length: 45000
2026-06-16 04:41:06,597 - debug - DEBUG - First 10 preds: [6, 5, 7, 3, 1, 5, 8, 8, 7, 6]
2026-06-16 04:41:06,597 - debug - DEBUG - First 10 targets: [6, 5, 7, 3, 1, 5, 8, 8, 7, 6]
2026-06-16 04:41:06,607 - debug - DEBUG - Unique predicted classes: 10 (first 10: [0 1 2 3 4 5 6 7 8 9])
2026-06-16 04:41:06,607 - debug - DEBUG - Unique target classes: 10 (first 10: [0 1 2 3 4 5 6 7 8 9])
2026-06-16 04:41:08,802 - debug - DEBUG - compute_metrics_and_record started for epoch 188
2026-06-16 04:41:08,803 - debug - DEBUG - all_preds length: 10000, all_targets length: 10000
2026-06-16 04:41:08,803 - debug - DEBUG - First 10 preds: [3, 8, 8, 8, 6, 6, 1, 6, 3, 1]
2026-06-16 04:41:08,803 - debug - DEBUG - First 10 targets: [3, 8, 8, 0, 6, 6, 1, 6, 3, 1]
2026-06-16 04:41:08,805 - debug - DEBUG - Unique predicted classes: 10 (first 10: [0 1 2 3 4 5 6 7 8 9])
2026-06-16 04:41:08,805 - debug - DEBUG - Unique target classes: 10 (first 10: [0 1 2 3 4 5 6 7 8 9])
2026-06-16 04:41:09,073 - debug - DEBUG - Device Check - Batch 0
2026-06-16 04:41:09,074 - debug - DEBUG -   Config GPU ID: 1
2026-06-16 04:41:09,074 - debug - DEBUG -   Input Device:  cuda:1
2026-06-16 04:41:09,074 - debug - DEBUG -   Target Device: cuda:1
2026-06-16 04:41:09,075 - debug - DEBUG -   Model Device:  cuda:1
2026-06-16 04:41:09,075 - debug - DEBUG -   Criterion Weight Device: No weights
2026-06-16 04:41:09,399 - debug - DEBUG - Batch 0 grad norm: 0.746386
2026-06-16 04:41:10,385 - debug - DEBUG - Batch 10 grad norm: 0.877915
2026-06-16 04:41:11,437 - debug - DEBUG - Batch 20 grad norm: 0.877031
2026-06-16 04:41:12,492 - debug - DEBUG - Batch 30 grad norm: 0.592713
2026-06-16 04:41:13,527 - debug - DEBUG - Batch 40 grad norm: 0.468421
2026-06-16 04:41:14,583 - debug - DEBUG - Batch 50 grad norm: 0.610158
2026-06-16 04:41:15,631 - debug - DEBUG - Batch 60 grad norm: 0.529457
2026-06-16 04:41:16,697 - debug - DEBUG - Batch 70 grad norm: 0.502442
2026-06-16 04:41:17,734 - debug - DEBUG - Batch 80 grad norm: 0.613625
2026-06-16 04:41:18,800 - debug - DEBUG - Batch 90 grad norm: 0.664701
2026-06-16 04:41:19,864 - debug - DEBUG - Batch 100 grad norm: 0.600459
2026-06-16 04:41:20,933 - debug - DEBUG - Batch 110 grad norm: 0.586959
2026-06-16 04:41:22,011 - debug - DEBUG - Batch 120 grad norm: 0.768793
2026-06-16 04:41:23,066 - debug - DEBUG - Batch 130 grad norm: 0.495245
2026-06-16 04:41:24,136 - debug - DEBUG - Batch 140 grad norm: 0.847826
2026-06-16 04:41:25,178 - debug - DEBUG - Batch 150 grad norm: 0.639622
2026-06-16 04:41:26,246 - debug - DEBUG - Batch 160 grad norm: 0.791162
2026-06-16 04:41:27,287 - debug - DEBUG - Batch 170 grad norm: 0.583901
2026-06-16 04:41:28,293 - debug - DEBUG - Batch 180 grad norm: 0.795335
2026-06-16 04:41:29,425 - debug - DEBUG - Batch 190 grad norm: 0.544892
2026-06-16 04:41:30,356 - debug - DEBUG - Batch 200 grad norm: 0.528171
2026-06-16 04:41:31,438 - debug - DEBUG - Batch 210 grad norm: 0.773954
2026-06-16 04:41:32,489 - debug - DEBUG - Batch 220 grad norm: 0.694317
2026-06-16 04:41:33,569 - debug - DEBUG - Batch 230 grad norm: 0.684420
2026-06-16 04:41:34,641 - debug - DEBUG - Batch 240 grad norm: 0.668862
2026-06-16 04:41:35,714 - debug - DEBUG - Batch 250 grad norm: 0.647317
2026-06-16 04:41:36,759 - debug - DEBUG - Batch 260 grad norm: 0.602233
2026-06-16 04:41:37,829 - debug - DEBUG - Batch 270 grad norm: 0.728396
2026-06-16 04:41:38,903 - debug - DEBUG - Batch 280 grad norm: 0.726812
2026-06-16 04:41:39,957 - debug - DEBUG - Batch 290 grad norm: 0.707330
2026-06-16 04:41:41,032 - debug - DEBUG - Batch 300 grad norm: 0.859037
2026-06-16 04:41:42,084 - debug - DEBUG - Batch 310 grad norm: 0.418727
2026-06-16 04:41:43,161 - debug - DEBUG - Batch 320 grad norm: 0.678638
2026-06-16 04:41:44,226 - debug - DEBUG - Batch 330 grad norm: 0.603778
2026-06-16 04:41:45,301 - debug - DEBUG - Batch 340 grad norm: 0.738074
2026-06-16 04:41:46,343 - debug - DEBUG - Batch 350 grad norm: 0.847037
2026-06-16 04:41:46,435 - debug - DEBUG - compute_metrics_and_record started for epoch 189
2026-06-16 04:41:46,435 - debug - DEBUG - all_preds length: 45000, all_targets length: 45000
2026-06-16 04:41:46,435 - debug - DEBUG - First 10 preds: [7, 2, 3, 4, 9, 8, 8, 7, 7, 5]
2026-06-16 04:41:46,435 - debug - DEBUG - First 10 targets: [7, 2, 3, 4, 9, 8, 8, 7, 7, 5]
2026-06-16 04:41:46,447 - debug - DEBUG - Unique predicted classes: 10 (first 10: [0 1 2 3 4 5 6 7 8 9])
2026-06-16 04:41:46,447 - debug - DEBUG - Unique target classes: 10 (first 10: [0 1 2 3 4 5 6 7 8 9])
2026-06-16 04:41:48,628 - debug - DEBUG - compute_metrics_and_record started for epoch 189
2026-06-16 04:41:48,629 - debug - DEBUG - all_preds length: 10000, all_targets length: 10000
2026-06-16 04:41:48,629 - debug - DEBUG - First 10 preds: [3, 8, 8, 8, 6, 6, 1, 6, 3, 1]
2026-06-16 04:41:48,629 - debug - DEBUG - First 10 targets: [3, 8, 8, 0, 6, 6, 1, 6, 3, 1]
2026-06-16 04:41:48,632 - debug - DEBUG - Unique predicted classes: 10 (first 10: [0 1 2 3 4 5 6 7 8 9])
2026-06-16 04:41:48,632 - debug - DEBUG - Unique target classes: 10 (first 10: [0 1 2 3 4 5 6 7 8 9])
2026-06-16 04:41:48,896 - debug - DEBUG - Device Check - Batch 0
2026-06-16 04:41:48,897 - debug - DEBUG -   Config GPU ID: 1
2026-06-16 04:41:48,897 - debug - DEBUG -   Input Device:  cuda:1
2026-06-16 04:41:48,897 - debug - DEBUG -   Target Device: cuda:1
2026-06-16 04:41:48,898 - debug - DEBUG -   Model Device:  cuda:1
2026-06-16 04:41:48,898 - debug - DEBUG -   Criterion Weight Device: No weights
2026-06-16 04:41:49,389 - debug - DEBUG - Batch 0 grad norm: 0.601178
2026-06-16 04:41:50,289 - debug - DEBUG - Batch 10 grad norm: 0.722397
2026-06-16 04:41:51,340 - debug - DEBUG - Batch 20 grad norm: 0.843313
2026-06-16 04:41:52,411 - debug - DEBUG - Batch 30 grad norm: 0.879732
2026-06-16 04:41:53,462 - debug - DEBUG - Batch 40 grad norm: 0.590168
2026-06-16 04:41:54,536 - debug - DEBUG - Batch 50 grad norm: 0.551067
2026-06-16 04:41:55,617 - debug - DEBUG - Batch 60 grad norm: 0.482685
2026-06-16 04:41:56,688 - debug - DEBUG - Batch 70 grad norm: 0.590235
2026-06-16 04:41:57,731 - debug - DEBUG - Batch 80 grad norm: 0.797153
2026-06-16 04:41:58,806 - debug - DEBUG - Batch 90 grad norm: 0.790224
2026-06-16 04:41:59,884 - debug - DEBUG - Batch 100 grad norm: 1.117272
2026-06-16 04:42:00,935 - debug - DEBUG - Batch 110 grad norm: 0.498180
2026-06-16 04:42:02,012 - debug - DEBUG - Batch 120 grad norm: 0.523747
2026-06-16 04:42:03,061 - debug - DEBUG - Batch 130 grad norm: 0.554333
2026-06-16 04:42:04,137 - debug - DEBUG - Batch 140 grad norm: 0.696480
2026-06-16 04:42:05,191 - debug - DEBUG - Batch 150 grad norm: 0.699360
2026-06-16 04:42:06,263 - debug - DEBUG - Batch 160 grad norm: 0.629248
2026-06-16 04:42:07,298 - debug - DEBUG - Batch 170 grad norm: 0.422400
2026-06-16 04:42:08,325 - debug - DEBUG - Batch 180 grad norm: 0.482911
2026-06-16 04:42:09,471 - debug - DEBUG - Batch 190 grad norm: 0.553206
2026-06-16 04:42:10,373 - debug - DEBUG - Batch 200 grad norm: 0.557582
2026-06-16 04:42:11,447 - debug - DEBUG - Batch 210 grad norm: 0.762263
2026-06-16 04:42:12,508 - debug - DEBUG - Batch 220 grad norm: 0.590783
2026-06-16 04:42:13,581 - debug - DEBUG - Batch 230 grad norm: 0.467251
2026-06-16 04:42:14,641 - debug - DEBUG - Batch 240 grad norm: 0.729584
2026-06-16 04:42:15,718 - debug - DEBUG - Batch 250 grad norm: 0.480953
2026-06-16 04:42:16,792 - debug - DEBUG - Batch 260 grad norm: 0.762181
2026-06-16 04:42:17,849 - debug - DEBUG - Batch 270 grad norm: 0.585052
2026-06-16 04:42:18,881 - debug - DEBUG - Batch 280 grad norm: 0.703233
2026-06-16 04:42:19,937 - debug - DEBUG - Batch 290 grad norm: 0.514083
2026-06-16 04:42:21,009 - debug - DEBUG - Batch 300 grad norm: 0.896487
2026-06-16 04:42:22,060 - debug - DEBUG - Batch 310 grad norm: 0.759178
2026-06-16 04:42:23,116 - debug - DEBUG - Batch 320 grad norm: 0.569199
2026-06-16 04:42:24,172 - debug - DEBUG - Batch 330 grad norm: 0.828210
2026-06-16 04:42:25,233 - debug - DEBUG - Batch 340 grad norm: 0.526909
2026-06-16 04:42:26,268 - debug - DEBUG - Batch 350 grad norm: 0.464005
2026-06-16 04:42:26,350 - debug - DEBUG - compute_metrics_and_record started for epoch 190
2026-06-16 04:42:26,350 - debug - DEBUG - all_preds length: 45000, all_targets length: 45000
2026-06-16 04:42:26,350 - debug - DEBUG - First 10 preds: [9, 2, 7, 7, 1, 5, 8, 4, 6, 8]
2026-06-16 04:42:26,350 - debug - DEBUG - First 10 targets: [9, 2, 7, 7, 1, 5, 8, 4, 6, 8]
2026-06-16 04:42:26,360 - debug - DEBUG - Unique predicted classes: 10 (first 10: [0 1 2 3 4 5 6 7 8 9])
2026-06-16 04:42:26,360 - debug - DEBUG - Unique target classes: 10 (first 10: [0 1 2 3 4 5 6 7 8 9])
2026-06-16 04:42:28,506 - debug - DEBUG - compute_metrics_and_record started for epoch 190
2026-06-16 04:42:28,506 - debug - DEBUG - all_preds length: 10000, all_targets length: 10000
2026-06-16 04:42:28,507 - debug - DEBUG - First 10 preds: [3, 8, 8, 8, 6, 6, 1, 6, 3, 1]
2026-06-16 04:42:28,507 - debug - DEBUG - First 10 targets: [3, 8, 8, 0, 6, 6, 1, 6, 3, 1]
2026-06-16 04:42:28,509 - debug - DEBUG - Unique predicted classes: 10 (first 10: [0 1 2 3 4 5 6 7 8 9])
2026-06-16 04:42:28,510 - debug - DEBUG - Unique target classes: 10 (first 10: [0 1 2 3 4 5 6 7 8 9])
2026-06-16 04:42:28,785 - debug - DEBUG - Device Check - Batch 0
2026-06-16 04:42:28,786 - debug - DEBUG -   Config GPU ID: 1
2026-06-16 04:42:28,786 - debug - DEBUG -   Input Device:  cuda:1
2026-06-16 04:42:28,786 - debug - DEBUG -   Target Device: cuda:1
2026-06-16 04:42:28,786 - debug - DEBUG -   Model Device:  cuda:1
2026-06-16 04:42:28,786 - debug - DEBUG -   Criterion Weight Device: No weights
2026-06-16 04:42:29,237 - debug - DEBUG - Batch 0 grad norm: 0.446138
2026-06-16 04:42:30,379 - debug - DEBUG - Batch 10 grad norm: 0.669003
2026-06-16 04:42:31,263 - debug - DEBUG - Batch 20 grad norm: 0.795692
2026-06-16 04:42:32,342 - debug - DEBUG - Batch 30 grad norm: 0.681654
2026-06-16 04:42:33,393 - debug - DEBUG - Batch 40 grad norm: 0.307162
2026-06-16 04:42:34,470 - debug - DEBUG - Batch 50 grad norm: 0.555323
2026-06-16 04:42:35,525 - debug - DEBUG - Batch 60 grad norm: 0.684657
2026-06-16 04:42:36,599 - debug - DEBUG - Batch 70 grad norm: 0.424453
2026-06-16 04:42:37,642 - debug - DEBUG - Batch 80 grad norm: 0.682312
2026-06-16 04:42:38,684 - debug - DEBUG - Batch 90 grad norm: 0.718120
2026-06-16 04:42:39,736 - debug - DEBUG - Batch 100 grad norm: 0.679784
2026-06-16 04:42:40,774 - debug - DEBUG - Batch 110 grad norm: 0.622264
2026-06-16 04:42:41,820 - debug - DEBUG - Batch 120 grad norm: 0.614280
2026-06-16 04:42:42,858 - debug - DEBUG - Batch 130 grad norm: 0.387549
2026-06-16 04:42:43,918 - debug - DEBUG - Batch 140 grad norm: 0.820054
2026-06-16 04:42:44,948 - debug - DEBUG - Batch 150 grad norm: 0.692398
2026-06-16 04:42:46,014 - debug - DEBUG - Batch 160 grad norm: 0.586059
2026-06-16 04:42:47,051 - debug - DEBUG - Batch 170 grad norm: 0.637788
2026-06-16 04:42:48,094 - debug - DEBUG - Batch 180 grad norm: 0.617425
2026-06-16 04:42:49,233 - debug - DEBUG - Batch 190 grad norm: 0.847671
2026-06-16 04:42:50,126 - debug - DEBUG - Batch 200 grad norm: 0.478573
2026-06-16 04:42:51,200 - debug - DEBUG - Batch 210 grad norm: 0.609987
2026-06-16 04:42:52,265 - debug - DEBUG - Batch 220 grad norm: 0.718542
2026-06-16 04:42:53,333 - debug - DEBUG - Batch 230 grad norm: 0.765345
2026-06-16 04:42:54,370 - debug - DEBUG - Batch 240 grad norm: 0.641020
2026-06-16 04:42:55,434 - debug - DEBUG - Batch 250 grad norm: 0.644139
2026-06-16 04:42:56,463 - debug - DEBUG - Batch 260 grad norm: 0.525737
2026-06-16 04:42:57,538 - debug - DEBUG - Batch 270 grad norm: 0.592885
2026-06-16 04:42:58,572 - debug - DEBUG - Batch 280 grad norm: 1.004965
2026-06-16 04:42:59,648 - debug - DEBUG - Batch 290 grad norm: 0.582686
2026-06-16 04:43:00,714 - debug - DEBUG - Batch 300 grad norm: 0.430113
2026-06-16 04:43:01,762 - debug - DEBUG - Batch 310 grad norm: 0.648164
2026-06-16 04:43:02,834 - debug - DEBUG - Batch 320 grad norm: 0.685408
2026-06-16 04:43:03,878 - debug - DEBUG - Batch 330 grad norm: 0.698433
2026-06-16 04:43:04,947 - debug - DEBUG - Batch 340 grad norm: 0.737813
2026-06-16 04:43:05,993 - debug - DEBUG - Batch 350 grad norm: 0.702321
2026-06-16 04:43:06,105 - debug - DEBUG - compute_metrics_and_record started for epoch 191
2026-06-16 04:43:06,106 - debug - DEBUG - all_preds length: 45000, all_targets length: 45000
2026-06-16 04:43:06,106 - debug - DEBUG - First 10 preds: [4, 4, 6, 9, 7, 2, 7, 2, 0, 1]
2026-06-16 04:43:06,106 - debug - DEBUG - First 10 targets: [4, 4, 6, 9, 7, 2, 7, 2, 0, 1]
2026-06-16 04:43:06,116 - debug - DEBUG - Unique predicted classes: 10 (first 10: [0 1 2 3 4 5 6 7 8 9])
2026-06-16 04:43:06,116 - debug - DEBUG - Unique target classes: 10 (first 10: [0 1 2 3 4 5 6 7 8 9])
2026-06-16 04:43:08,315 - debug - DEBUG - compute_metrics_and_record started for epoch 191
2026-06-16 04:43:08,316 - debug - DEBUG - all_preds length: 10000, all_targets length: 10000
2026-06-16 04:43:08,316 - debug - DEBUG - First 10 preds: [3, 8, 8, 8, 6, 6, 1, 6, 3, 1]
2026-06-16 04:43:08,316 - debug - DEBUG - First 10 targets: [3, 8, 8, 0, 6, 6, 1, 6, 3, 1]
2026-06-16 04:43:08,319 - debug - DEBUG - Unique predicted classes: 10 (first 10: [0 1 2 3 4 5 6 7 8 9])
2026-06-16 04:43:08,319 - debug - DEBUG - Unique target classes: 10 (first 10: [0 1 2 3 4 5 6 7 8 9])
2026-06-16 04:43:08,668 - debug - DEBUG - Device Check - Batch 0
2026-06-16 04:43:08,669 - debug - DEBUG -   Config GPU ID: 1
2026-06-16 04:43:08,669 - debug - DEBUG -   Input Device:  cuda:1
2026-06-16 04:43:08,669 - debug - DEBUG -   Target Device: cuda:1
2026-06-16 04:43:08,670 - debug - DEBUG -   Model Device:  cuda:1
2026-06-16 04:43:08,670 - debug - DEBUG -   Criterion Weight Device: No weights
2026-06-16 04:43:09,058 - debug - DEBUG - Batch 0 grad norm: 0.663923
2026-06-16 04:43:10,036 - debug - DEBUG - Batch 10 grad norm: 0.836658
2026-06-16 04:43:11,183 - debug - DEBUG - Batch 20 grad norm: 0.622939
2026-06-16 04:43:12,136 - debug - DEBUG - Batch 30 grad norm: 0.606697
2026-06-16 04:43:13,181 - debug - DEBUG - Batch 40 grad norm: 0.609760
2026-06-16 04:43:14,236 - debug - DEBUG - Batch 50 grad norm: 0.852340
2026-06-16 04:43:15,256 - debug - DEBUG - Batch 60 grad norm: 0.639860
2026-06-16 04:43:16,318 - debug - DEBUG - Batch 70 grad norm: 0.792607
2026-06-16 04:43:17,363 - debug - DEBUG - Batch 80 grad norm: 0.659184
2026-06-16 04:43:18,424 - debug - DEBUG - Batch 90 grad norm: 0.406479
2026-06-16 04:43:19,492 - debug - DEBUG - Batch 100 grad norm: 0.627075
2026-06-16 04:43:20,540 - debug - DEBUG - Batch 110 grad norm: 0.652478
2026-06-16 04:43:21,613 - debug - DEBUG - Batch 120 grad norm: 0.284357
2026-06-16 04:43:22,684 - debug - DEBUG - Batch 130 grad norm: 0.685197
2026-06-16 04:43:23,756 - debug - DEBUG - Batch 140 grad norm: 0.566246
2026-06-16 04:43:24,798 - debug - DEBUG - Batch 150 grad norm: 0.891473
2026-06-16 04:43:25,860 - debug - DEBUG - Batch 160 grad norm: 0.522063
2026-06-16 04:43:26,899 - debug - DEBUG - Batch 170 grad norm: 0.792269
2026-06-16 04:43:27,931 - debug - DEBUG - Batch 180 grad norm: 0.602068
2026-06-16 04:43:29,080 - debug - DEBUG - Batch 190 grad norm: 0.672945
2026-06-16 04:43:29,952 - debug - DEBUG - Batch 200 grad norm: 0.613665
2026-06-16 04:43:31,019 - debug - DEBUG - Batch 210 grad norm: 0.836029
2026-06-16 04:43:32,073 - debug - DEBUG - Batch 220 grad norm: 1.189222
2026-06-16 04:43:33,149 - debug - DEBUG - Batch 230 grad norm: 0.319349
2026-06-16 04:43:34,195 - debug - DEBUG - Batch 240 grad norm: 0.601603
2026-06-16 04:43:35,266 - debug - DEBUG - Batch 250 grad norm: 0.561555
2026-06-16 04:43:36,306 - debug - DEBUG - Batch 260 grad norm: 0.657945
2026-06-16 04:43:37,371 - debug - DEBUG - Batch 270 grad norm: 0.398926
2026-06-16 04:43:38,433 - debug - DEBUG - Batch 280 grad norm: 0.707466
2026-06-16 04:43:39,498 - debug - DEBUG - Batch 290 grad norm: 0.504116
2026-06-16 04:43:40,572 - debug - DEBUG - Batch 300 grad norm: 0.665939
2026-06-16 04:43:41,622 - debug - DEBUG - Batch 310 grad norm: 0.740124
2026-06-16 04:43:42,700 - debug - DEBUG - Batch 320 grad norm: 0.641090
2026-06-16 04:43:43,771 - debug - DEBUG - Batch 330 grad norm: 0.766436
2026-06-16 04:43:44,844 - debug - DEBUG - Batch 340 grad norm: 0.847259
2026-06-16 04:43:45,889 - debug - DEBUG - Batch 350 grad norm: 0.658724
2026-06-16 04:43:45,981 - debug - DEBUG - compute_metrics_and_record started for epoch 192
2026-06-16 04:43:45,981 - debug - DEBUG - all_preds length: 45000, all_targets length: 45000
2026-06-16 04:43:45,982 - debug - DEBUG - First 10 preds: [3, 9, 0, 9, 4, 7, 1, 8, 6, 8]
2026-06-16 04:43:45,982 - debug - DEBUG - First 10 targets: [3, 9, 0, 9, 4, 7, 1, 8, 3, 8]
2026-06-16 04:43:45,992 - debug - DEBUG - Unique predicted classes: 10 (first 10: [0 1 2 3 4 5 6 7 8 9])
2026-06-16 04:43:45,992 - debug - DEBUG - Unique target classes: 10 (first 10: [0 1 2 3 4 5 6 7 8 9])
2026-06-16 04:43:48,190 - debug - DEBUG - compute_metrics_and_record started for epoch 192
2026-06-16 04:43:48,191 - debug - DEBUG - all_preds length: 10000, all_targets length: 10000
2026-06-16 04:43:48,191 - debug - DEBUG - First 10 preds: [3, 8, 8, 8, 6, 6, 1, 6, 3, 1]
2026-06-16 04:43:48,191 - debug - DEBUG - First 10 targets: [3, 8, 8, 0, 6, 6, 1, 6, 3, 1]
2026-06-16 04:43:48,194 - debug - DEBUG - Unique predicted classes: 10 (first 10: [0 1 2 3 4 5 6 7 8 9])
2026-06-16 04:43:48,194 - debug - DEBUG - Unique target classes: 10 (first 10: [0 1 2 3 4 5 6 7 8 9])
2026-06-16 04:43:48,461 - debug - DEBUG - Device Check - Batch 0
2026-06-16 04:43:48,462 - debug - DEBUG -   Config GPU ID: 1
2026-06-16 04:43:48,462 - debug - DEBUG -   Input Device:  cuda:1
2026-06-16 04:43:48,463 - debug - DEBUG -   Target Device: cuda:1
2026-06-16 04:43:48,463 - debug - DEBUG -   Model Device:  cuda:1
2026-06-16 04:43:48,463 - debug - DEBUG -   Criterion Weight Device: No weights
2026-06-16 04:43:48,908 - debug - DEBUG - Batch 0 grad norm: 0.661848
2026-06-16 04:43:49,988 - debug - DEBUG - Batch 10 grad norm: 0.674034
2026-06-16 04:43:50,976 - debug - DEBUG - Batch 20 grad norm: 0.782711
2026-06-16 04:43:52,121 - debug - DEBUG - Batch 30 grad norm: 0.481461
2026-06-16 04:43:53,017 - debug - DEBUG - Batch 40 grad norm: 0.422551
2026-06-16 04:43:54,091 - debug - DEBUG - Batch 50 grad norm: 0.646580
2026-06-16 04:43:55,146 - debug - DEBUG - Batch 60 grad norm: 0.611714
2026-06-16 04:43:56,224 - debug - DEBUG - Batch 70 grad norm: 0.969566
2026-06-16 04:43:57,266 - debug - DEBUG - Batch 80 grad norm: 0.887238
2026-06-16 04:43:58,324 - debug - DEBUG - Batch 90 grad norm: 0.861630
2026-06-16 04:43:59,386 - debug - DEBUG - Batch 100 grad norm: 0.483550
2026-06-16 04:44:00,438 - debug - DEBUG - Batch 110 grad norm: 0.467338
2026-06-16 04:44:01,490 - debug - DEBUG - Batch 120 grad norm: 0.487791
2026-06-16 04:44:02,544 - debug - DEBUG - Batch 130 grad norm: 0.481923
2026-06-16 04:44:03,601 - debug - DEBUG - Batch 140 grad norm: 0.614726
2026-06-16 04:44:04,649 - debug - DEBUG - Batch 150 grad norm: 0.689374
2026-06-16 04:44:05,711 - debug - DEBUG - Batch 160 grad norm: 0.510698
2026-06-16 04:44:06,772 - debug - DEBUG - Batch 170 grad norm: 0.618894
2026-06-16 04:44:07,815 - debug - DEBUG - Batch 180 grad norm: 0.525854
2026-06-16 04:44:08,951 - debug - DEBUG - Batch 190 grad norm: 0.603344
2026-06-16 04:44:09,851 - debug - DEBUG - Batch 200 grad norm: 0.449703
2026-06-16 04:44:10,921 - debug - DEBUG - Batch 210 grad norm: 1.030606
2026-06-16 04:44:11,965 - debug - DEBUG - Batch 220 grad norm: 0.545652
2026-06-16 04:44:13,042 - debug - DEBUG - Batch 230 grad norm: 0.946344
2026-06-16 04:44:14,080 - debug - DEBUG - Batch 240 grad norm: 0.492857
2026-06-16 04:44:15,152 - debug - DEBUG - Batch 250 grad norm: 0.544258
2026-06-16 04:44:16,188 - debug - DEBUG - Batch 260 grad norm: 0.646612
2026-06-16 04:44:17,257 - debug - DEBUG - Batch 270 grad norm: 0.412436
2026-06-16 04:44:18,315 - debug - DEBUG - Batch 280 grad norm: 0.869933
2026-06-16 04:44:19,347 - debug - DEBUG - Batch 290 grad norm: 0.567570
2026-06-16 04:44:20,415 - debug - DEBUG - Batch 300 grad norm: 0.698406
2026-06-16 04:44:21,458 - debug - DEBUG - Batch 310 grad norm: 0.546205
2026-06-16 04:44:22,525 - debug - DEBUG - Batch 320 grad norm: 0.452256
2026-06-16 04:44:23,560 - debug - DEBUG - Batch 330 grad norm: 0.566274
2026-06-16 04:44:24,624 - debug - DEBUG - Batch 340 grad norm: 0.707910
2026-06-16 04:44:25,658 - debug - DEBUG - Batch 350 grad norm: 0.638061
2026-06-16 04:44:25,741 - debug - DEBUG - compute_metrics_and_record started for epoch 193
2026-06-16 04:44:25,741 - debug - DEBUG - all_preds length: 45000, all_targets length: 45000
2026-06-16 04:44:25,741 - debug - DEBUG - First 10 preds: [7, 5, 8, 2, 5, 1, 4, 1, 3, 2]
2026-06-16 04:44:25,741 - debug - DEBUG - First 10 targets: [7, 5, 8, 2, 5, 1, 4, 1, 3, 2]
2026-06-16 04:44:25,752 - debug - DEBUG - Unique predicted classes: 10 (first 10: [0 1 2 3 4 5 6 7 8 9])
2026-06-16 04:44:25,752 - debug - DEBUG - Unique target classes: 10 (first 10: [0 1 2 3 4 5 6 7 8 9])
2026-06-16 04:44:27,952 - debug - DEBUG - compute_metrics_and_record started for epoch 193
2026-06-16 04:44:27,953 - debug - DEBUG - all_preds length: 10000, all_targets length: 10000
2026-06-16 04:44:27,953 - debug - DEBUG - First 10 preds: [3, 8, 8, 8, 6, 6, 1, 6, 3, 1]
2026-06-16 04:44:27,953 - debug - DEBUG - First 10 targets: [3, 8, 8, 0, 6, 6, 1, 6, 3, 1]
2026-06-16 04:44:27,955 - debug - DEBUG - Unique predicted classes: 10 (first 10: [0 1 2 3 4 5 6 7 8 9])
2026-06-16 04:44:27,955 - debug - DEBUG - Unique target classes: 10 (first 10: [0 1 2 3 4 5 6 7 8 9])
2026-06-16 04:44:28,215 - debug - DEBUG - Device Check - Batch 0
2026-06-16 04:44:28,216 - debug - DEBUG -   Config GPU ID: 1
2026-06-16 04:44:28,216 - debug - DEBUG -   Input Device:  cuda:1
2026-06-16 04:44:28,217 - debug - DEBUG -   Target Device: cuda:1
2026-06-16 04:44:28,217 - debug - DEBUG -   Model Device:  cuda:1
2026-06-16 04:44:28,217 - debug - DEBUG -   Criterion Weight Device: No weights
2026-06-16 04:44:28,656 - debug - DEBUG - Batch 0 grad norm: 0.828060
2026-06-16 04:44:29,730 - debug - DEBUG - Batch 10 grad norm: 0.800348
2026-06-16 04:44:30,777 - debug - DEBUG - Batch 20 grad norm: 0.539783
2026-06-16 04:44:31,800 - debug - DEBUG - Batch 30 grad norm: 0.452769
2026-06-16 04:44:32,927 - debug - DEBUG - Batch 40 grad norm: 0.596675
2026-06-16 04:44:33,846 - debug - DEBUG - Batch 50 grad norm: 0.703618
2026-06-16 04:44:34,884 - debug - DEBUG - Batch 60 grad norm: 0.559910
2026-06-16 04:44:35,957 - debug - DEBUG - Batch 70 grad norm: 0.635003
2026-06-16 04:44:37,026 - debug - DEBUG - Batch 80 grad norm: 0.799078
2026-06-16 04:44:38,089 - debug - DEBUG - Batch 90 grad norm: 0.895374
2026-06-16 04:44:39,160 - debug - DEBUG - Batch 100 grad norm: 0.544657
2026-06-16 04:44:40,204 - debug - DEBUG - Batch 110 grad norm: 0.426954
2026-06-16 04:44:41,282 - debug - DEBUG - Batch 120 grad norm: 0.751708
2026-06-16 04:44:42,349 - debug - DEBUG - Batch 130 grad norm: 0.855014
2026-06-16 04:44:43,425 - debug - DEBUG - Batch 140 grad norm: 0.521696
2026-06-16 04:44:44,466 - debug - DEBUG - Batch 150 grad norm: 0.656334
2026-06-16 04:44:45,536 - debug - DEBUG - Batch 160 grad norm: 0.494619
2026-06-16 04:44:46,591 - debug - DEBUG - Batch 170 grad norm: 0.679073
2026-06-16 04:44:47,649 - debug - DEBUG - Batch 180 grad norm: 0.627197
2026-06-16 04:44:48,803 - debug - DEBUG - Batch 190 grad norm: 0.767846
2026-06-16 04:44:49,717 - debug - DEBUG - Batch 200 grad norm: 0.931612
2026-06-16 04:44:50,791 - debug - DEBUG - Batch 210 grad norm: 0.768454
2026-06-16 04:44:51,855 - debug - DEBUG - Batch 220 grad norm: 0.437312
2026-06-16 04:44:52,917 - debug - DEBUG - Batch 230 grad norm: 0.746444
2026-06-16 04:44:53,979 - debug - DEBUG - Batch 240 grad norm: 0.652923
2026-06-16 04:44:55,044 - debug - DEBUG - Batch 250 grad norm: 0.357406
2026-06-16 04:44:56,112 - debug - DEBUG - Batch 260 grad norm: 0.601096
2026-06-16 04:44:57,164 - debug - DEBUG - Batch 270 grad norm: 0.856467
2026-06-16 04:44:58,215 - debug - DEBUG - Batch 280 grad norm: 0.759967
2026-06-16 04:44:59,234 - debug - DEBUG - Batch 290 grad norm: 0.440750
2026-06-16 04:45:00,300 - debug - DEBUG - Batch 300 grad norm: 0.644272
2026-06-16 04:45:01,313 - debug - DEBUG - Batch 310 grad norm: 0.871372
2026-06-16 04:45:02,366 - debug - DEBUG - Batch 320 grad norm: 0.968618
2026-06-16 04:45:03,397 - debug - DEBUG - Batch 330 grad norm: 0.852511
2026-06-16 04:45:04,458 - debug - DEBUG - Batch 340 grad norm: 0.807361
2026-06-16 04:45:05,518 - debug - DEBUG - Batch 350 grad norm: 0.663362
2026-06-16 04:45:05,607 - debug - DEBUG - compute_metrics_and_record started for epoch 194
2026-06-16 04:45:05,608 - debug - DEBUG - all_preds length: 45000, all_targets length: 45000
2026-06-16 04:45:05,608 - debug - DEBUG - First 10 preds: [0, 5, 7, 3, 9, 9, 6, 1, 9, 4]
2026-06-16 04:45:05,608 - debug - DEBUG - First 10 targets: [0, 5, 7, 3, 9, 9, 6, 1, 9, 4]
2026-06-16 04:45:05,619 - debug - DEBUG - Unique predicted classes: 10 (first 10: [0 1 2 3 4 5 6 7 8 9])
2026-06-16 04:45:05,619 - debug - DEBUG - Unique target classes: 10 (first 10: [0 1 2 3 4 5 6 7 8 9])
2026-06-16 04:45:07,811 - debug - DEBUG - compute_metrics_and_record started for epoch 194
2026-06-16 04:45:07,812 - debug - DEBUG - all_preds length: 10000, all_targets length: 10000
2026-06-16 04:45:07,812 - debug - DEBUG - First 10 preds: [3, 8, 8, 8, 6, 6, 1, 6, 3, 1]
2026-06-16 04:45:07,812 - debug - DEBUG - First 10 targets: [3, 8, 8, 0, 6, 6, 1, 6, 3, 1]
2026-06-16 04:45:07,814 - debug - DEBUG - Unique predicted classes: 10 (first 10: [0 1 2 3 4 5 6 7 8 9])
2026-06-16 04:45:07,815 - debug - DEBUG - Unique target classes: 10 (first 10: [0 1 2 3 4 5 6 7 8 9])
2026-06-16 04:45:08,083 - debug - DEBUG - Device Check - Batch 0
2026-06-16 04:45:08,084 - debug - DEBUG -   Config GPU ID: 1
2026-06-16 04:45:08,084 - debug - DEBUG -   Input Device:  cuda:1
2026-06-16 04:45:08,084 - debug - DEBUG -   Target Device: cuda:1
2026-06-16 04:45:08,084 - debug - DEBUG -   Model Device:  cuda:1
2026-06-16 04:45:08,085 - debug - DEBUG -   Criterion Weight Device: No weights
2026-06-16 04:45:08,447 - debug - DEBUG - Batch 0 grad norm: 0.607955
2026-06-16 04:45:09,523 - debug - DEBUG - Batch 10 grad norm: 0.868009
2026-06-16 04:45:10,579 - debug - DEBUG - Batch 20 grad norm: 0.551568
2026-06-16 04:45:11,645 - debug - DEBUG - Batch 30 grad norm: 0.450021
2026-06-16 04:45:12,677 - debug - DEBUG - Batch 40 grad norm: 0.452947
2026-06-16 04:45:13,819 - debug - DEBUG - Batch 50 grad norm: 0.659372
2026-06-16 04:45:14,723 - debug - DEBUG - Batch 60 grad norm: 0.753182
2026-06-16 04:45:15,762 - debug - DEBUG - Batch 70 grad norm: 0.754421
2026-06-16 04:45:16,837 - debug - DEBUG - Batch 80 grad norm: 0.625452
2026-06-16 04:45:17,881 - debug - DEBUG - Batch 90 grad norm: 0.632500
2026-06-16 04:45:18,953 - debug - DEBUG - Batch 100 grad norm: 0.603189
2026-06-16 04:45:19,999 - debug - DEBUG - Batch 110 grad norm: 0.625397
2026-06-16 04:45:21,063 - debug - DEBUG - Batch 120 grad norm: 0.720451
2026-06-16 04:45:22,103 - debug - DEBUG - Batch 130 grad norm: 0.894794
2026-06-16 04:45:23,168 - debug - DEBUG - Batch 140 grad norm: 0.536217
2026-06-16 04:45:24,242 - debug - DEBUG - Batch 150 grad norm: 0.771183
2026-06-16 04:45:25,289 - debug - DEBUG - Batch 160 grad norm: 0.549818
2026-06-16 04:45:26,363 - debug - DEBUG - Batch 170 grad norm: 0.744557
2026-06-16 04:45:27,378 - debug - DEBUG - Batch 180 grad norm: 0.402983
2026-06-16 04:45:28,517 - debug - DEBUG - Batch 190 grad norm: 0.408957
2026-06-16 04:45:29,391 - debug - DEBUG - Batch 200 grad norm: 0.733237
2026-06-16 04:45:30,459 - debug - DEBUG - Batch 210 grad norm: 0.527937
2026-06-16 04:45:31,496 - debug - DEBUG - Batch 220 grad norm: 0.542570
2026-06-16 04:45:32,555 - debug - DEBUG - Batch 230 grad norm: 0.639007
2026-06-16 04:45:33,626 - debug - DEBUG - Batch 240 grad norm: 0.792165
2026-06-16 04:45:34,672 - debug - DEBUG - Batch 250 grad norm: 0.503370
2026-06-16 04:45:35,743 - debug - DEBUG - Batch 260 grad norm: 0.653482
2026-06-16 04:45:36,791 - debug - DEBUG - Batch 270 grad norm: 0.628073
2026-06-16 04:45:37,864 - debug - DEBUG - Batch 280 grad norm: 0.394693
2026-06-16 04:45:38,921 - debug - DEBUG - Batch 290 grad norm: 0.895951
2026-06-16 04:45:39,981 - debug - DEBUG - Batch 300 grad norm: 0.674704
2026-06-16 04:45:41,015 - debug - DEBUG - Batch 310 grad norm: 0.919107
2026-06-16 04:45:42,079 - debug - DEBUG - Batch 320 grad norm: 1.107252
2026-06-16 04:45:43,124 - debug - DEBUG - Batch 330 grad norm: 0.714670
2026-06-16 04:45:44,186 - debug - DEBUG - Batch 340 grad norm: 0.657856
2026-06-16 04:45:45,256 - debug - DEBUG - Batch 350 grad norm: 0.576978
2026-06-16 04:45:45,346 - debug - DEBUG - compute_metrics_and_record started for epoch 195
2026-06-16 04:45:45,347 - debug - DEBUG - all_preds length: 45000, all_targets length: 45000
2026-06-16 04:45:45,347 - debug - DEBUG - First 10 preds: [3, 9, 3, 3, 2, 2, 5, 3, 0, 0]
2026-06-16 04:45:45,347 - debug - DEBUG - First 10 targets: [3, 9, 3, 3, 2, 2, 5, 5, 0, 0]
2026-06-16 04:45:45,360 - debug - DEBUG - Unique predicted classes: 10 (first 10: [0 1 2 3 4 5 6 7 8 9])
2026-06-16 04:45:45,360 - debug - DEBUG - Unique target classes: 10 (first 10: [0 1 2 3 4 5 6 7 8 9])
2026-06-16 04:45:47,611 - debug - DEBUG - compute_metrics_and_record started for epoch 195
2026-06-16 04:45:47,611 - debug - DEBUG - all_preds length: 10000, all_targets length: 10000
2026-06-16 04:45:47,611 - debug - DEBUG - First 10 preds: [3, 8, 8, 8, 6, 6, 1, 6, 3, 1]
2026-06-16 04:45:47,611 - debug - DEBUG - First 10 targets: [3, 8, 8, 0, 6, 6, 1, 6, 3, 1]
2026-06-16 04:45:47,614 - debug - DEBUG - Unique predicted classes: 10 (first 10: [0 1 2 3 4 5 6 7 8 9])
2026-06-16 04:45:47,614 - debug - DEBUG - Unique target classes: 10 (first 10: [0 1 2 3 4 5 6 7 8 9])
2026-06-16 04:45:47,871 - debug - DEBUG - Device Check - Batch 0
2026-06-16 04:45:47,872 - debug - DEBUG -   Config GPU ID: 1
2026-06-16 04:45:47,872 - debug - DEBUG -   Input Device:  cuda:1
2026-06-16 04:45:47,872 - debug - DEBUG -   Target Device: cuda:1
2026-06-16 04:45:47,873 - debug - DEBUG -   Model Device:  cuda:1
2026-06-16 04:45:47,873 - debug - DEBUG -   Criterion Weight Device: No weights
2026-06-16 04:45:48,298 - debug - DEBUG - Batch 0 grad norm: 0.949531
2026-06-16 04:45:49,366 - debug - DEBUG - Batch 10 grad norm: 0.449064
2026-06-16 04:45:50,409 - debug - DEBUG - Batch 20 grad norm: 0.885811
2026-06-16 04:45:51,477 - debug - DEBUG - Batch 30 grad norm: 0.438159
2026-06-16 04:45:52,446 - debug - DEBUG - Batch 40 grad norm: 0.519217
2026-06-16 04:45:53,589 - debug - DEBUG - Batch 50 grad norm: 0.560524
2026-06-16 04:45:54,523 - debug - DEBUG - Batch 60 grad norm: 0.600361
2026-06-16 04:45:55,571 - debug - DEBUG - Batch 70 grad norm: 0.642952
2026-06-16 04:45:56,625 - debug - DEBUG - Batch 80 grad norm: 0.706455
2026-06-16 04:45:57,649 - debug - DEBUG - Batch 90 grad norm: 0.573660
2026-06-16 04:45:58,701 - debug - DEBUG - Batch 100 grad norm: 0.681763
2026-06-16 04:45:59,754 - debug - DEBUG - Batch 110 grad norm: 0.393291
2026-06-16 04:46:00,814 - debug - DEBUG - Batch 120 grad norm: 0.577989
2026-06-16 04:46:01,879 - debug - DEBUG - Batch 130 grad norm: 0.896505
2026-06-16 04:46:02,939 - debug - DEBUG - Batch 140 grad norm: 0.946288
2026-06-16 04:46:03,993 - debug - DEBUG - Batch 150 grad norm: 0.419361
2026-06-16 04:46:05,042 - debug - DEBUG - Batch 160 grad norm: 0.572263
2026-06-16 04:46:06,104 - debug - DEBUG - Batch 170 grad norm: 0.729591
2026-06-16 04:46:07,074 - debug - DEBUG - Batch 180 grad norm: 0.609896
2026-06-16 04:46:08,220 - debug - DEBUG - Batch 190 grad norm: 0.891725
2026-06-16 04:46:09,122 - debug - DEBUG - Batch 200 grad norm: 0.492240
2026-06-16 04:46:10,190 - debug - DEBUG - Batch 210 grad norm: 0.733496
2026-06-16 04:46:11,246 - debug - DEBUG - Batch 220 grad norm: 0.727492
2026-06-16 04:46:12,309 - debug - DEBUG - Batch 230 grad norm: 0.702063
2026-06-16 04:46:13,381 - debug - DEBUG - Batch 240 grad norm: 0.725751
2026-06-16 04:46:14,416 - debug - DEBUG - Batch 250 grad norm: 0.794767
2026-06-16 04:46:15,486 - debug - DEBUG - Batch 260 grad norm: 0.634339
2026-06-16 04:46:16,556 - debug - DEBUG - Batch 270 grad norm: 0.854218
2026-06-16 04:46:17,599 - debug - DEBUG - Batch 280 grad norm: 0.628452
2026-06-16 04:46:18,641 - debug - DEBUG - Batch 290 grad norm: 0.799038
2026-06-16 04:46:19,701 - debug - DEBUG - Batch 300 grad norm: 0.760764
2026-06-16 04:46:20,763 - debug - DEBUG - Batch 310 grad norm: 0.606231
2026-06-16 04:46:21,805 - debug - DEBUG - Batch 320 grad norm: 0.540119
2026-06-16 04:46:22,870 - debug - DEBUG - Batch 330 grad norm: 0.747375
2026-06-16 04:46:23,934 - debug - DEBUG - Batch 340 grad norm: 0.779303
2026-06-16 04:46:24,995 - debug - DEBUG - Batch 350 grad norm: 0.447815
2026-06-16 04:46:25,085 - debug - DEBUG - compute_metrics_and_record started for epoch 196
2026-06-16 04:46:25,086 - debug - DEBUG - all_preds length: 45000, all_targets length: 45000
2026-06-16 04:46:25,086 - debug - DEBUG - First 10 preds: [9, 2, 0, 6, 5, 8, 8, 0, 8, 1]
2026-06-16 04:46:25,086 - debug - DEBUG - First 10 targets: [9, 2, 0, 6, 5, 8, 8, 0, 8, 1]
2026-06-16 04:46:25,096 - debug - DEBUG - Unique predicted classes: 10 (first 10: [0 1 2 3 4 5 6 7 8 9])
2026-06-16 04:46:25,096 - debug - DEBUG - Unique target classes: 10 (first 10: [0 1 2 3 4 5 6 7 8 9])
2026-06-16 04:46:27,282 - debug - DEBUG - compute_metrics_and_record started for epoch 196
2026-06-16 04:46:27,283 - debug - DEBUG - all_preds length: 10000, all_targets length: 10000
2026-06-16 04:46:27,283 - debug - DEBUG - First 10 preds: [3, 8, 8, 8, 6, 6, 1, 6, 3, 1]
2026-06-16 04:46:27,283 - debug - DEBUG - First 10 targets: [3, 8, 8, 0, 6, 6, 1, 6, 3, 1]
2026-06-16 04:46:27,286 - debug - DEBUG - Unique predicted classes: 10 (first 10: [0 1 2 3 4 5 6 7 8 9])
2026-06-16 04:46:27,286 - debug - DEBUG - Unique target classes: 10 (first 10: [0 1 2 3 4 5 6 7 8 9])
2026-06-16 04:46:27,543 - debug - DEBUG - Device Check - Batch 0
2026-06-16 04:46:27,544 - debug - DEBUG -   Config GPU ID: 1
2026-06-16 04:46:27,544 - debug - DEBUG -   Input Device:  cuda:1
2026-06-16 04:46:27,544 - debug - DEBUG -   Target Device: cuda:1
2026-06-16 04:46:27,545 - debug - DEBUG -   Model Device:  cuda:1
2026-06-16 04:46:27,545 - debug - DEBUG -   Criterion Weight Device: No weights
2026-06-16 04:46:27,945 - debug - DEBUG - Batch 0 grad norm: 0.813162
2026-06-16 04:46:28,995 - debug - DEBUG - Batch 10 grad norm: 0.526169
2026-06-16 04:46:30,071 - debug - DEBUG - Batch 20 grad norm: 0.925265
2026-06-16 04:46:31,124 - debug - DEBUG - Batch 30 grad norm: 0.467373
2026-06-16 04:46:32,200 - debug - DEBUG - Batch 40 grad norm: 0.441255
2026-06-16 04:46:33,098 - debug - DEBUG - Batch 50 grad norm: 0.602787
2026-06-16 04:46:34,234 - debug - DEBUG - Batch 60 grad norm: 0.832920
2026-06-16 04:46:35,157 - debug - DEBUG - Batch 70 grad norm: 0.702889
2026-06-16 04:46:36,182 - debug - DEBUG - Batch 80 grad norm: 0.715363
2026-06-16 04:46:37,196 - debug - DEBUG - Batch 90 grad norm: 0.530595
2026-06-16 04:46:38,250 - debug - DEBUG - Batch 100 grad norm: 0.874825
2026-06-16 04:46:39,275 - debug - DEBUG - Batch 110 grad norm: 0.684387
2026-06-16 04:46:40,336 - debug - DEBUG - Batch 120 grad norm: 0.721626
2026-06-16 04:46:41,402 - debug - DEBUG - Batch 130 grad norm: 0.569372
2026-06-16 04:46:42,441 - debug - DEBUG - Batch 140 grad norm: 0.793605
2026-06-16 04:46:43,505 - debug - DEBUG - Batch 150 grad norm: 0.797758
2026-06-16 04:46:44,548 - debug - DEBUG - Batch 160 grad norm: 0.613710
2026-06-16 04:46:45,609 - debug - DEBUG - Batch 170 grad norm: 0.503820
2026-06-16 04:46:46,641 - debug - DEBUG - Batch 180 grad norm: 0.506457
2026-06-16 04:46:47,697 - debug - DEBUG - Batch 190 grad norm: 0.643681
2026-06-16 04:46:48,812 - debug - DEBUG - Batch 200 grad norm: 0.635615
2026-06-16 04:46:49,741 - debug - DEBUG - Batch 210 grad norm: 0.766321
2026-06-16 04:46:50,803 - debug - DEBUG - Batch 220 grad norm: 0.725401
2026-06-16 04:46:51,850 - debug - DEBUG - Batch 230 grad norm: 0.661559
2026-06-16 04:46:52,921 - debug - DEBUG - Batch 240 grad norm: 0.975429
2026-06-16 04:46:53,964 - debug - DEBUG - Batch 250 grad norm: 0.784438
2026-06-16 04:46:55,033 - debug - DEBUG - Batch 260 grad norm: 0.786792
2026-06-16 04:46:56,069 - debug - DEBUG - Batch 270 grad norm: 0.565296
2026-06-16 04:46:57,143 - debug - DEBUG - Batch 280 grad norm: 0.681835
2026-06-16 04:46:58,187 - debug - DEBUG - Batch 290 grad norm: 0.804840
2026-06-16 04:46:59,259 - debug - DEBUG - Batch 300 grad norm: 0.808767
2026-06-16 04:47:00,332 - debug - DEBUG - Batch 310 grad norm: 0.549366
2026-06-16 04:47:01,401 - debug - DEBUG - Batch 320 grad norm: 0.756444
2026-06-16 04:47:02,492 - debug - DEBUG - Batch 330 grad norm: 0.688022
2026-06-16 04:47:03,540 - debug - DEBUG - Batch 340 grad norm: 0.797894
2026-06-16 04:47:04,610 - debug - DEBUG - Batch 350 grad norm: 0.799258
2026-06-16 04:47:04,699 - debug - DEBUG - compute_metrics_and_record started for epoch 197
2026-06-16 04:47:04,699 - debug - DEBUG - all_preds length: 45000, all_targets length: 45000
2026-06-16 04:47:04,699 - debug - DEBUG - First 10 preds: [0, 4, 9, 3, 1, 7, 5, 1, 5, 5]
2026-06-16 04:47:04,699 - debug - DEBUG - First 10 targets: [0, 4, 9, 3, 1, 7, 5, 1, 5, 5]
2026-06-16 04:47:04,711 - debug - DEBUG - Unique predicted classes: 10 (first 10: [0 1 2 3 4 5 6 7 8 9])
2026-06-16 04:47:04,711 - debug - DEBUG - Unique target classes: 10 (first 10: [0 1 2 3 4 5 6 7 8 9])
2026-06-16 04:47:06,921 - debug - DEBUG - compute_metrics_and_record started for epoch 197
2026-06-16 04:47:06,921 - debug - DEBUG - all_preds length: 10000, all_targets length: 10000
2026-06-16 04:47:06,921 - debug - DEBUG - First 10 preds: [3, 8, 8, 8, 6, 6, 1, 6, 3, 1]
2026-06-16 04:47:06,922 - debug - DEBUG - First 10 targets: [3, 8, 8, 0, 6, 6, 1, 6, 3, 1]
2026-06-16 04:47:06,924 - debug - DEBUG - Unique predicted classes: 10 (first 10: [0 1 2 3 4 5 6 7 8 9])
2026-06-16 04:47:06,925 - debug - DEBUG - Unique target classes: 10 (first 10: [0 1 2 3 4 5 6 7 8 9])
2026-06-16 04:47:07,231 - debug - DEBUG - Device Check - Batch 0
2026-06-16 04:47:07,231 - debug - DEBUG -   Config GPU ID: 1
2026-06-16 04:47:07,231 - debug - DEBUG -   Input Device:  cuda:1
2026-06-16 04:47:07,232 - debug - DEBUG -   Target Device: cuda:1
2026-06-16 04:47:07,232 - debug - DEBUG -   Model Device:  cuda:1
2026-06-16 04:47:07,232 - debug - DEBUG -   Criterion Weight Device: No weights
2026-06-16 04:47:07,682 - debug - DEBUG - Batch 0 grad norm: 0.612347
2026-06-16 04:47:08,756 - debug - DEBUG - Batch 10 grad norm: 0.644346
2026-06-16 04:47:09,832 - debug - DEBUG - Batch 20 grad norm: 0.531389
2026-06-16 04:47:10,880 - debug - DEBUG - Batch 30 grad norm: 0.556779
2026-06-16 04:47:11,956 - debug - DEBUG - Batch 40 grad norm: 0.643359
2026-06-16 04:47:13,027 - debug - DEBUG - Batch 50 grad norm: 0.348909
2026-06-16 04:47:13,903 - debug - DEBUG - Batch 60 grad norm: 0.288919
2026-06-16 04:47:15,021 - debug - DEBUG - Batch 70 grad norm: 0.914296
2026-06-16 04:47:16,075 - debug - DEBUG - Batch 80 grad norm: 0.770272
2026-06-16 04:47:17,015 - debug - DEBUG - Batch 90 grad norm: 0.700476
2026-06-16 04:47:18,076 - debug - DEBUG - Batch 100 grad norm: 0.437155
2026-06-16 04:47:19,125 - debug - DEBUG - Batch 110 grad norm: 0.568008
2026-06-16 04:47:20,168 - debug - DEBUG - Batch 120 grad norm: 0.892885
2026-06-16 04:47:21,236 - debug - DEBUG - Batch 130 grad norm: 0.680724
2026-06-16 04:47:22,280 - debug - DEBUG - Batch 140 grad norm: 0.907831
2026-06-16 04:47:23,340 - debug - DEBUG - Batch 150 grad norm: 0.435389
2026-06-16 04:47:24,376 - debug - DEBUG - Batch 160 grad norm: 0.759103
2026-06-16 04:47:25,444 - debug - DEBUG - Batch 170 grad norm: 0.570874
2026-06-16 04:47:26,479 - debug - DEBUG - Batch 180 grad norm: 0.712450
2026-06-16 04:47:27,508 - debug - DEBUG - Batch 190 grad norm: 0.855621
2026-06-16 04:47:28,633 - debug - DEBUG - Batch 200 grad norm: 0.723716
2026-06-16 04:47:29,553 - debug - DEBUG - Batch 210 grad norm: 0.782738
2026-06-16 04:47:30,626 - debug - DEBUG - Batch 220 grad norm: 0.531969
2026-06-16 04:47:31,672 - debug - DEBUG - Batch 230 grad norm: 0.578458
2026-06-16 04:47:32,744 - debug - DEBUG - Batch 240 grad norm: 0.468892
2026-06-16 04:47:33,817 - debug - DEBUG - Batch 250 grad norm: 0.922654
2026-06-16 04:47:34,891 - debug - DEBUG - Batch 260 grad norm: 0.832794
2026-06-16 04:47:35,932 - debug - DEBUG - Batch 270 grad norm: 0.563763
2026-06-16 04:47:36,996 - debug - DEBUG - Batch 280 grad norm: 0.910128
2026-06-16 04:47:38,055 - debug - DEBUG - Batch 290 grad norm: 0.761544
2026-06-16 04:47:39,119 - debug - DEBUG - Batch 300 grad norm: 0.338526
2026-06-16 04:47:40,198 - debug - DEBUG - Batch 310 grad norm: 0.725092
2026-06-16 04:47:41,256 - debug - DEBUG - Batch 320 grad norm: 0.535670
2026-06-16 04:47:42,332 - debug - DEBUG - Batch 330 grad norm: 0.498658
2026-06-16 04:47:43,396 - debug - DEBUG - Batch 340 grad norm: 0.411075
2026-06-16 04:47:44,465 - debug - DEBUG - Batch 350 grad norm: 0.760261
2026-06-16 04:47:44,581 - debug - DEBUG - compute_metrics_and_record started for epoch 198
2026-06-16 04:47:44,581 - debug - DEBUG - all_preds length: 45000, all_targets length: 45000
2026-06-16 04:47:44,581 - debug - DEBUG - First 10 preds: [4, 5, 5, 4, 3, 9, 7, 6, 2, 1]
2026-06-16 04:47:44,581 - debug - DEBUG - First 10 targets: [4, 5, 5, 4, 3, 9, 7, 6, 2, 1]
2026-06-16 04:47:44,594 - debug - DEBUG - Unique predicted classes: 10 (first 10: [0 1 2 3 4 5 6 7 8 9])
2026-06-16 04:47:44,594 - debug - DEBUG - Unique target classes: 10 (first 10: [0 1 2 3 4 5 6 7 8 9])
2026-06-16 04:47:46,845 - debug - DEBUG - compute_metrics_and_record started for epoch 198
2026-06-16 04:47:46,845 - debug - DEBUG - all_preds length: 10000, all_targets length: 10000
2026-06-16 04:47:46,845 - debug - DEBUG - First 10 preds: [3, 8, 8, 8, 6, 6, 1, 6, 3, 1]
2026-06-16 04:47:46,845 - debug - DEBUG - First 10 targets: [3, 8, 8, 0, 6, 6, 1, 6, 3, 1]
2026-06-16 04:47:46,848 - debug - DEBUG - Unique predicted classes: 10 (first 10: [0 1 2 3 4 5 6 7 8 9])
2026-06-16 04:47:46,848 - debug - DEBUG - Unique target classes: 10 (first 10: [0 1 2 3 4 5 6 7 8 9])
2026-06-16 04:47:47,168 - debug - DEBUG - Device Check - Batch 0
2026-06-16 04:47:47,169 - debug - DEBUG -   Config GPU ID: 1
2026-06-16 04:47:47,169 - debug - DEBUG -   Input Device:  cuda:1
2026-06-16 04:47:47,169 - debug - DEBUG -   Target Device: cuda:1
2026-06-16 04:47:47,169 - debug - DEBUG -   Model Device:  cuda:1
2026-06-16 04:47:47,170 - debug - DEBUG -   Criterion Weight Device: No weights
2026-06-16 04:47:47,540 - debug - DEBUG - Batch 0 grad norm: 0.852489
2026-06-16 04:47:48,587 - debug - DEBUG - Batch 10 grad norm: 0.551661
2026-06-16 04:47:49,662 - debug - DEBUG - Batch 20 grad norm: 0.537153
2026-06-16 04:47:50,732 - debug - DEBUG - Batch 30 grad norm: 0.570265
2026-06-16 04:47:51,806 - debug - DEBUG - Batch 40 grad norm: 0.370888
2026-06-16 04:47:52,859 - debug - DEBUG - Batch 50 grad norm: 0.622716
2026-06-16 04:47:53,936 - debug - DEBUG - Batch 60 grad norm: 0.660068
2026-06-16 04:47:54,911 - debug - DEBUG - Batch 70 grad norm: 0.849499
2026-06-16 04:47:56,048 - debug - DEBUG - Batch 80 grad norm: 0.585750
2026-06-16 04:47:56,863 - debug - DEBUG - Batch 90 grad norm: 0.573181
2026-06-16 04:47:57,907 - debug - DEBUG - Batch 100 grad norm: 0.563332
2026-06-16 04:47:58,952 - debug - DEBUG - Batch 110 grad norm: 0.734817
2026-06-16 04:48:00,015 - debug - DEBUG - Batch 120 grad norm: 0.667923
2026-06-16 04:48:01,072 - debug - DEBUG - Batch 130 grad norm: 0.632254
2026-06-16 04:48:02,095 - debug - DEBUG - Batch 140 grad norm: 0.864327
2026-06-16 04:48:03,151 - debug - DEBUG - Batch 150 grad norm: 0.746348
2026-06-16 04:48:04,206 - debug - DEBUG - Batch 160 grad norm: 0.565387
2026-06-16 04:48:05,275 - debug - DEBUG - Batch 170 grad norm: 0.808462
2026-06-16 04:48:06,312 - debug - DEBUG - Batch 180 grad norm: 0.681313
2026-06-16 04:48:07,371 - debug - DEBUG - Batch 190 grad norm: 0.758479
2026-06-16 04:48:08,483 - debug - DEBUG - Batch 200 grad norm: 0.674635
2026-06-16 04:48:09,437 - debug - DEBUG - Batch 210 grad norm: 0.636976
2026-06-16 04:48:10,520 - debug - DEBUG - Batch 220 grad norm: 0.551543
2026-06-16 04:48:11,578 - debug - DEBUG - Batch 230 grad norm: 0.832899
2026-06-16 04:48:12,654 - debug - DEBUG - Batch 240 grad norm: 0.540976
2026-06-16 04:48:13,748 - debug - DEBUG - Batch 250 grad norm: 0.661040
2026-06-16 04:48:14,826 - debug - DEBUG - Batch 260 grad norm: 0.884905
2026-06-16 04:48:15,879 - debug - DEBUG - Batch 270 grad norm: 0.493336
2026-06-16 04:48:16,967 - debug - DEBUG - Batch 280 grad norm: 0.764238
2026-06-16 04:48:18,099 - debug - DEBUG - Batch 290 grad norm: 0.634469
2026-06-16 04:48:19,191 - debug - DEBUG - Batch 300 grad norm: 0.651891
2026-06-16 04:48:20,265 - debug - DEBUG - Batch 310 grad norm: 0.576059
2026-06-16 04:48:21,370 - debug - DEBUG - Batch 320 grad norm: 0.666015
2026-06-16 04:48:22,466 - debug - DEBUG - Batch 330 grad norm: 0.725079
2026-06-16 04:48:23,530 - debug - DEBUG - Batch 340 grad norm: 0.773470
2026-06-16 04:48:24,634 - debug - DEBUG - Batch 350 grad norm: 0.646479
2026-06-16 04:48:24,735 - debug - DEBUG - compute_metrics_and_record started for epoch 199
2026-06-16 04:48:24,735 - debug - DEBUG - all_preds length: 45000, all_targets length: 45000
2026-06-16 04:48:24,735 - debug - DEBUG - First 10 preds: [7, 7, 7, 6, 8, 0, 9, 4, 4, 0]
2026-06-16 04:48:24,735 - debug - DEBUG - First 10 targets: [7, 7, 7, 6, 8, 0, 9, 4, 4, 0]
2026-06-16 04:48:24,748 - debug - DEBUG - Unique predicted classes: 10 (first 10: [0 1 2 3 4 5 6 7 8 9])
2026-06-16 04:48:24,748 - debug - DEBUG - Unique target classes: 10 (first 10: [0 1 2 3 4 5 6 7 8 9])
2026-06-16 04:48:27,185 - debug - DEBUG - compute_metrics_and_record started for epoch 199
2026-06-16 04:48:27,185 - debug - DEBUG - all_preds length: 10000, all_targets length: 10000
2026-06-16 04:48:27,185 - debug - DEBUG - First 10 preds: [3, 8, 8, 8, 6, 6, 1, 6, 3, 1]
2026-06-16 04:48:27,185 - debug - DEBUG - First 10 targets: [3, 8, 8, 0, 6, 6, 1, 6, 3, 1]
2026-06-16 04:48:27,187 - debug - DEBUG - Unique predicted classes: 10 (first 10: [0 1 2 3 4 5 6 7 8 9])
2026-06-16 04:48:27,188 - debug - DEBUG - Unique target classes: 10 (first 10: [0 1 2 3 4 5 6 7 8 9])
