2026-06-15 20:44:38,559 - debug - DEBUG - Debug logging enabled for this run.
2026-06-15 20:44:42,129 - debug - DEBUG - Saved original_cls_num_list: [5000, 5000, 5000, 5000, 5000, 5000, 5000, 5000, 5000, 5000]
2026-06-15 20:44:42,129 - debug - DEBUG - SAVA cache key: cifar10_exp_1.0_noise0.25_0_sava
2026-06-15 20:44:43,878 - debug - DEBUG - Loaded indices shape: (50000,)
2026-06-15 20:44:43,878 - debug - DEBUG - First 10 loaded indices: [32487  3845  3322   874  2855  4014  4381  2739  2692  4667]
2026-06-15 20:44:43,878 - debug - DEBUG - Last 10 loaded indices: [ 2707   803  2708 29372  2462  4398  3957  4226   438  2064]
2026-06-15 20:44:43,878 - debug - DEBUG - keep_ratio=0.5, num_keep=25000
2026-06-15 20:44:43,879 - debug - DEBUG - First 10 kept indices: [32487  3845  3322   874  2855  4014  4381  2739  2692  4667]
2026-06-15 20:44:43,879 - debug - DEBUG - Last 10 kept indices: [20069  6431 28661 24392 22623 24967 18040 16881 30212 27174]
2026-06-15 20:44:43,879 - debug - DEBUG - SAVA returned 25000 indices out of 50000
2026-06-15 20:44:43,879 - debug - DEBUG - First 10 indices: [32487  3845  3322   874  2855  4014  4381  2739  2692  4667]
2026-06-15 20:44:43,879 - debug - DEBUG - Last 10 indices: [20069  6431 28661 24392 22623 24967 18040 16881 30212 27174]
2026-06-15 20:44:43,887 - debug - DEBUG - Original class distribution (full train set): {0: 5000, 1: 5000, 2: 5000, 3: 5000, 4: 5000, 5: 5000, 6: 5000, 7: 5000, 8: 5000, 9: 5000}
2026-06-15 20:44:43,893 - debug - DEBUG - New cls_num_list: [2600, 2557, 2797, 2552, 2361, 2605, 2264, 2646, 2372, 2246]
2026-06-15 20:44:43,893 - debug - DEBUG - Total selected samples: 25000
2026-06-15 20:44:43,894 - debug - DEBUG - train_dataset type: <class 'imbalanceddl.dataset.sava_dataset.SavaDataset'>
2026-06-15 20:44:43,894 - debug - DEBUG - val_dataset type: <class 'torchvision.datasets.cifar.CIFAR10'>
2026-06-15 20:44:43,894 - debug - DEBUG - train_dataset.targets length: 25000
2026-06-15 20:44:43,895 - debug - DEBUG - Number of train loader batches: 196
2026-06-15 20:44:44,105 - debug - DEBUG - First batch class counts: {0: 12, 1: 12, 2: 13, 3: 16, 4: 9, 5: 15, 6: 12, 7: 18, 8: 13, 9: 8}
2026-06-15 20:44:44,203 - debug - DEBUG - Validation loader created. Length: 100
2026-06-15 20:44:44,422 - debug - DEBUG - Device Check - Batch 0
2026-06-15 20:44:44,423 - debug - DEBUG -   Config GPU ID: 1
2026-06-15 20:44:44,424 - debug - DEBUG -   Input Device:  cuda:1
2026-06-15 20:44:44,424 - debug - DEBUG -   Target Device: cuda:1
2026-06-15 20:44:44,424 - debug - DEBUG -   Model Device:  cuda:1
2026-06-15 20:44:44,425 - debug - DEBUG -   Criterion Weight Device: No weights
2026-06-15 20:44:49,587 - debug - DEBUG - Batch 0 grad norm: 5.942642
2026-06-15 20:44:51,086 - debug - DEBUG - Batch 10 grad norm: 2.702659
2026-06-15 20:44:52,578 - debug - DEBUG - Batch 20 grad norm: 2.181586
2026-06-15 20:44:54,067 - debug - DEBUG - Batch 30 grad norm: 2.312245
2026-06-15 20:44:55,559 - debug - DEBUG - Batch 40 grad norm: 2.153246
2026-06-15 20:44:57,055 - debug - DEBUG - Batch 50 grad norm: 2.768225
2026-06-15 20:44:58,554 - debug - DEBUG - Batch 60 grad norm: 3.102118
2026-06-15 20:45:00,053 - debug - DEBUG - Batch 70 grad norm: 2.904261
2026-06-15 20:45:01,549 - debug - DEBUG - Batch 80 grad norm: 2.278342
2026-06-15 20:45:03,040 - debug - DEBUG - Batch 90 grad norm: 1.841513
2026-06-15 20:45:04,548 - debug - DEBUG - Batch 100 grad norm: 2.545980
2026-06-15 20:45:06,061 - debug - DEBUG - Batch 110 grad norm: 1.966337
2026-06-15 20:45:07,571 - debug - DEBUG - Batch 120 grad norm: 2.622745
2026-06-15 20:45:09,057 - debug - DEBUG - Batch 130 grad norm: 1.782318
2026-06-15 20:45:10,637 - debug - DEBUG - Batch 140 grad norm: 2.367919
2026-06-15 20:45:11,995 - debug - DEBUG - Batch 150 grad norm: 2.320157
2026-06-15 20:45:13,503 - debug - DEBUG - Batch 160 grad norm: 2.432064
2026-06-15 20:45:15,007 - debug - DEBUG - Batch 170 grad norm: 2.056566
2026-06-15 20:45:16,398 - debug - DEBUG - Batch 180 grad norm: 2.656818
2026-06-15 20:45:17,981 - debug - DEBUG - Batch 190 grad norm: 2.878670
2026-06-15 20:45:21,107 - debug - DEBUG - compute_metrics_and_record started for epoch 0
2026-06-15 20:45:21,107 - debug - DEBUG - all_preds length: 25000, all_targets length: 25000
2026-06-15 20:45:21,108 - debug - DEBUG - First 10 preds: [4, 4, 4, 4, 4, 4, 4, 4, 4, 4]
2026-06-15 20:45:21,108 - debug - DEBUG - First 10 targets: [3, 0, 1, 8, 0, 1, 1, 0, 7, 3]
2026-06-15 20:45:21,117 - debug - DEBUG - Unique predicted classes: 10 (first 10: [0 1 2 3 4 5 6 7 8 9])
2026-06-15 20:45:21,117 - debug - DEBUG - Unique target classes: 10 (first 10: [0 1 2 3 4 5 6 7 8 9])
2026-06-15 20:45:25,260 - debug - DEBUG - compute_metrics_and_record started for epoch 0
2026-06-15 20:45:25,260 - debug - DEBUG - all_preds length: 10000, all_targets length: 10000
2026-06-15 20:45:25,260 - debug - DEBUG - First 10 preds: [3, 1, 1, 0, 6, 7, 1, 4, 5, 1]
2026-06-15 20:45:25,261 - debug - DEBUG - First 10 targets: [3, 8, 8, 0, 6, 6, 1, 6, 3, 1]
2026-06-15 20:45:25,263 - debug - DEBUG - Unique predicted classes: 10 (first 10: [0 1 2 3 4 5 6 7 8 9])
2026-06-15 20:45:25,263 - debug - DEBUG - Unique target classes: 10 (first 10: [0 1 2 3 4 5 6 7 8 9])
2026-06-15 20:45:25,536 - debug - DEBUG - Device Check - Batch 0
2026-06-15 20:45:25,536 - debug - DEBUG -   Config GPU ID: 1
2026-06-15 20:45:25,537 - debug - DEBUG -   Input Device:  cuda:1
2026-06-15 20:45:25,537 - debug - DEBUG -   Target Device: cuda:1
2026-06-15 20:45:25,537 - debug - DEBUG -   Model Device:  cuda:1
2026-06-15 20:45:25,537 - debug - DEBUG -   Criterion Weight Device: No weights
2026-06-15 20:45:26,370 - debug - DEBUG - Batch 0 grad norm: 2.762440
2026-06-15 20:45:27,865 - debug - DEBUG - Batch 10 grad norm: 3.591118
2026-06-15 20:45:29,356 - debug - DEBUG - Batch 20 grad norm: 3.043999
2026-06-15 20:45:30,855 - debug - DEBUG - Batch 30 grad norm: 2.547091
2026-06-15 20:45:32,352 - debug - DEBUG - Batch 40 grad norm: 1.910411
2026-06-15 20:45:33,845 - debug - DEBUG - Batch 50 grad norm: 1.813666
2026-06-15 20:45:35,346 - debug - DEBUG - Batch 60 grad norm: 1.588983
2026-06-15 20:45:36,838 - debug - DEBUG - Batch 70 grad norm: 2.071071
2026-06-15 20:45:38,331 - debug - DEBUG - Batch 80 grad norm: 1.786210
2026-06-15 20:45:39,832 - debug - DEBUG - Batch 90 grad norm: 2.118511
2026-06-15 20:45:41,317 - debug - DEBUG - Batch 100 grad norm: 1.919207
2026-06-15 20:45:42,811 - debug - DEBUG - Batch 110 grad norm: 2.158884
2026-06-15 20:45:44,302 - debug - DEBUG - Batch 120 grad norm: 2.428295
2026-06-15 20:45:45,796 - debug - DEBUG - Batch 130 grad norm: 1.977675
2026-06-15 20:45:47,301 - debug - DEBUG - Batch 140 grad norm: 1.851510
2026-06-15 20:45:48,804 - debug - DEBUG - Batch 150 grad norm: 2.802816
2026-06-15 20:45:50,313 - debug - DEBUG - Batch 160 grad norm: 1.629855
2026-06-15 20:45:51,827 - debug - DEBUG - Batch 170 grad norm: 1.813874
2026-06-15 20:45:53,335 - debug - DEBUG - Batch 180 grad norm: 1.814879
2026-06-15 20:45:54,791 - debug - DEBUG - Batch 190 grad norm: 2.056713
2026-06-15 20:45:55,193 - debug - DEBUG - compute_metrics_and_record started for epoch 1
2026-06-15 20:45:55,194 - debug - DEBUG - all_preds length: 25000, all_targets length: 25000
2026-06-15 20:45:55,194 - debug - DEBUG - First 10 preds: [8, 7, 9, 1, 7, 6, 3, 0, 6, 6]
2026-06-15 20:45:55,194 - debug - DEBUG - First 10 targets: [0, 4, 9, 1, 3, 7, 3, 8, 5, 1]
2026-06-15 20:45:55,200 - debug - DEBUG - Unique predicted classes: 10 (first 10: [0 1 2 3 4 5 6 7 8 9])
2026-06-15 20:45:55,200 - debug - DEBUG - Unique target classes: 10 (first 10: [0 1 2 3 4 5 6 7 8 9])
2026-06-15 20:45:58,089 - debug - DEBUG - compute_metrics_and_record started for epoch 1
2026-06-15 20:45:58,090 - debug - DEBUG - all_preds length: 10000, all_targets length: 10000
2026-06-15 20:45:58,090 - debug - DEBUG - First 10 preds: [3, 8, 0, 8, 6, 6, 9, 2, 5, 1]
2026-06-15 20:45:58,090 - debug - DEBUG - First 10 targets: [3, 8, 8, 0, 6, 6, 1, 6, 3, 1]
2026-06-15 20:45:58,092 - debug - DEBUG - Unique predicted classes: 10 (first 10: [0 1 2 3 4 5 6 7 8 9])
2026-06-15 20:45:58,093 - debug - DEBUG - Unique target classes: 10 (first 10: [0 1 2 3 4 5 6 7 8 9])
2026-06-15 20:45:58,340 - debug - DEBUG - Device Check - Batch 0
2026-06-15 20:45:58,340 - debug - DEBUG -   Config GPU ID: 1
2026-06-15 20:45:58,340 - debug - DEBUG -   Input Device:  cuda:1
2026-06-15 20:45:58,341 - debug - DEBUG -   Target Device: cuda:1
2026-06-15 20:45:58,341 - debug - DEBUG -   Model Device:  cuda:1
2026-06-15 20:45:58,341 - debug - DEBUG -   Criterion Weight Device: No weights
2026-06-15 20:45:59,132 - debug - DEBUG - Batch 0 grad norm: 1.893268
2026-06-15 20:46:00,527 - debug - DEBUG - Batch 10 grad norm: 2.701545
2026-06-15 20:46:02,107 - debug - DEBUG - Batch 20 grad norm: 1.628496
2026-06-15 20:46:03,544 - debug - DEBUG - Batch 30 grad norm: 2.370862
2026-06-15 20:46:05,056 - debug - DEBUG - Batch 40 grad norm: 2.057825
2026-06-15 20:46:06,551 - debug - DEBUG - Batch 50 grad norm: 1.934794
2026-06-15 20:46:08,040 - debug - DEBUG - Batch 60 grad norm: 1.986692
2026-06-15 20:46:09,530 - debug - DEBUG - Batch 70 grad norm: 1.788000
2026-06-15 20:46:11,030 - debug - DEBUG - Batch 80 grad norm: 1.556174
2026-06-15 20:46:12,521 - debug - DEBUG - Batch 90 grad norm: 1.308081
2026-06-15 20:46:14,022 - debug - DEBUG - Batch 100 grad norm: 1.423385
2026-06-15 20:46:15,519 - debug - DEBUG - Batch 110 grad norm: 1.387878
2026-06-15 20:46:16,999 - debug - DEBUG - Batch 120 grad norm: 1.536926
2026-06-15 20:46:18,488 - debug - DEBUG - Batch 130 grad norm: 1.938463
2026-06-15 20:46:19,979 - debug - DEBUG - Batch 140 grad norm: 1.556625
2026-06-15 20:46:21,474 - debug - DEBUG - Batch 150 grad norm: 1.331707
2026-06-15 20:46:22,963 - debug - DEBUG - Batch 160 grad norm: 1.318600
2026-06-15 20:46:24,460 - debug - DEBUG - Batch 170 grad norm: 1.790110
2026-06-15 20:46:25,963 - debug - DEBUG - Batch 180 grad norm: 1.463282
2026-06-15 20:46:27,469 - debug - DEBUG - Batch 190 grad norm: 1.961750
2026-06-15 20:46:27,857 - debug - DEBUG - compute_metrics_and_record started for epoch 2
2026-06-15 20:46:27,857 - debug - DEBUG - all_preds length: 25000, all_targets length: 25000
2026-06-15 20:46:27,857 - debug - DEBUG - First 10 preds: [5, 5, 9, 5, 0, 7, 2, 6, 7, 2]
2026-06-15 20:46:27,857 - debug - DEBUG - First 10 targets: [5, 0, 3, 3, 0, 4, 4, 3, 7, 4]
2026-06-15 20:46:27,863 - debug - DEBUG - Unique predicted classes: 10 (first 10: [0 1 2 3 4 5 6 7 8 9])
2026-06-15 20:46:27,863 - debug - DEBUG - Unique target classes: 10 (first 10: [0 1 2 3 4 5 6 7 8 9])
2026-06-15 20:46:30,830 - debug - DEBUG - compute_metrics_and_record started for epoch 2
2026-06-15 20:46:30,831 - debug - DEBUG - all_preds length: 10000, all_targets length: 10000
2026-06-15 20:46:30,831 - debug - DEBUG - First 10 preds: [3, 1, 9, 9, 6, 6, 9, 6, 3, 9]
2026-06-15 20:46:30,831 - debug - DEBUG - First 10 targets: [3, 8, 8, 0, 6, 6, 1, 6, 3, 1]
2026-06-15 20:46:30,833 - debug - DEBUG - Unique predicted classes: 10 (first 10: [0 1 2 3 4 5 6 7 8 9])
2026-06-15 20:46:30,834 - debug - DEBUG - Unique target classes: 10 (first 10: [0 1 2 3 4 5 6 7 8 9])
2026-06-15 20:46:31,129 - debug - DEBUG - Device Check - Batch 0
2026-06-15 20:46:31,130 - debug - DEBUG -   Config GPU ID: 1
2026-06-15 20:46:31,130 - debug - DEBUG -   Input Device:  cuda:1
2026-06-15 20:46:31,130 - debug - DEBUG -   Target Device: cuda:1
2026-06-15 20:46:31,130 - debug - DEBUG -   Model Device:  cuda:1
2026-06-15 20:46:31,130 - debug - DEBUG -   Criterion Weight Device: No weights
2026-06-15 20:46:31,909 - debug - DEBUG - Batch 0 grad norm: 1.493018
2026-06-15 20:46:33,408 - debug - DEBUG - Batch 10 grad norm: 1.652072
2026-06-15 20:46:34,916 - debug - DEBUG - Batch 20 grad norm: 1.437120
2026-06-15 20:46:36,421 - debug - DEBUG - Batch 30 grad norm: 1.736342
2026-06-15 20:46:37,938 - debug - DEBUG - Batch 40 grad norm: 1.394523
2026-06-15 20:46:39,456 - debug - DEBUG - Batch 50 grad norm: 1.170625
2026-06-15 20:46:40,828 - debug - DEBUG - Batch 60 grad norm: 1.336774
2026-06-15 20:46:42,410 - debug - DEBUG - Batch 70 grad norm: 1.426490
2026-06-15 20:46:43,861 - debug - DEBUG - Batch 80 grad norm: 1.346623
2026-06-15 20:46:45,212 - debug - DEBUG - Batch 90 grad norm: 1.243723
2026-06-15 20:46:46,775 - debug - DEBUG - Batch 100 grad norm: 1.624285
2026-06-15 20:46:48,194 - debug - DEBUG - Batch 110 grad norm: 1.215014
2026-06-15 20:46:49,674 - debug - DEBUG - Batch 120 grad norm: 1.170916
2026-06-15 20:46:51,164 - debug - DEBUG - Batch 130 grad norm: 1.638912
2026-06-15 20:46:52,661 - debug - DEBUG - Batch 140 grad norm: 1.334221
2026-06-15 20:46:54,153 - debug - DEBUG - Batch 150 grad norm: 1.169995
2026-06-15 20:46:55,645 - debug - DEBUG - Batch 160 grad norm: 1.269393
2026-06-15 20:46:57,133 - debug - DEBUG - Batch 170 grad norm: 1.397385
2026-06-15 20:46:58,622 - debug - DEBUG - Batch 180 grad norm: 1.462147
2026-06-15 20:47:00,122 - debug - DEBUG - Batch 190 grad norm: 1.455118
2026-06-15 20:47:00,549 - debug - DEBUG - compute_metrics_and_record started for epoch 3
2026-06-15 20:47:00,549 - debug - DEBUG - all_preds length: 25000, all_targets length: 25000
2026-06-15 20:47:00,549 - debug - DEBUG - First 10 preds: [0, 1, 9, 0, 7, 7, 0, 6, 1, 9]
2026-06-15 20:47:00,549 - debug - DEBUG - First 10 targets: [0, 9, 9, 0, 4, 5, 0, 6, 1, 8]
2026-06-15 20:47:00,557 - debug - DEBUG - Unique predicted classes: 10 (first 10: [0 1 2 3 4 5 6 7 8 9])
2026-06-15 20:47:00,557 - debug - DEBUG - Unique target classes: 10 (first 10: [0 1 2 3 4 5 6 7 8 9])
2026-06-15 20:47:03,508 - debug - DEBUG - compute_metrics_and_record started for epoch 3
2026-06-15 20:47:03,509 - debug - DEBUG - all_preds length: 10000, all_targets length: 10000
2026-06-15 20:47:03,509 - debug - DEBUG - First 10 preds: [3, 8, 8, 8, 6, 6, 9, 2, 4, 1]
2026-06-15 20:47:03,509 - debug - DEBUG - First 10 targets: [3, 8, 8, 0, 6, 6, 1, 6, 3, 1]
2026-06-15 20:47:03,511 - debug - DEBUG - Unique predicted classes: 10 (first 10: [0 1 2 3 4 5 6 7 8 9])
2026-06-15 20:47:03,512 - debug - DEBUG - Unique target classes: 10 (first 10: [0 1 2 3 4 5 6 7 8 9])
2026-06-15 20:47:03,795 - debug - DEBUG - Device Check - Batch 0
2026-06-15 20:47:03,796 - debug - DEBUG -   Config GPU ID: 1
2026-06-15 20:47:03,797 - debug - DEBUG -   Input Device:  cuda:1
2026-06-15 20:47:03,797 - debug - DEBUG -   Target Device: cuda:1
2026-06-15 20:47:03,797 - debug - DEBUG -   Model Device:  cuda:1
2026-06-15 20:47:03,797 - debug - DEBUG -   Criterion Weight Device: No weights
2026-06-15 20:47:04,554 - debug - DEBUG - Batch 0 grad norm: 1.430921
2026-06-15 20:47:06,058 - debug - DEBUG - Batch 10 grad norm: 1.373199
2026-06-15 20:47:07,569 - debug - DEBUG - Batch 20 grad norm: 1.391194
2026-06-15 20:47:09,080 - debug - DEBUG - Batch 30 grad norm: 1.088949
2026-06-15 20:47:10,591 - debug - DEBUG - Batch 40 grad norm: 1.383088
2026-06-15 20:47:12,101 - debug - DEBUG - Batch 50 grad norm: 1.281728
2026-06-15 20:47:13,611 - debug - DEBUG - Batch 60 grad norm: 1.189738
2026-06-15 20:47:15,106 - debug - DEBUG - Batch 70 grad norm: 1.161419
2026-06-15 20:47:16,596 - debug - DEBUG - Batch 80 grad norm: 1.137280
2026-06-15 20:47:18,092 - debug - DEBUG - Batch 90 grad norm: 1.053519
2026-06-15 20:47:19,590 - debug - DEBUG - Batch 100 grad norm: 1.457405
2026-06-15 20:47:21,079 - debug - DEBUG - Batch 110 grad norm: 1.168262
2026-06-15 20:47:22,564 - debug - DEBUG - Batch 120 grad norm: 1.048397
2026-06-15 20:47:24,036 - debug - DEBUG - Batch 130 grad norm: 1.327012
2026-06-15 20:47:25,524 - debug - DEBUG - Batch 140 grad norm: 1.061180
2026-06-15 20:47:27,022 - debug - DEBUG - Batch 150 grad norm: 1.138871
2026-06-15 20:47:28,505 - debug - DEBUG - Batch 160 grad norm: 1.256111
2026-06-15 20:47:29,966 - debug - DEBUG - Batch 170 grad norm: 1.285230
2026-06-15 20:47:31,414 - debug - DEBUG - Batch 180 grad norm: 1.026246
2026-06-15 20:47:32,838 - debug - DEBUG - Batch 190 grad norm: 1.240236
2026-06-15 20:47:33,267 - debug - DEBUG - compute_metrics_and_record started for epoch 4
2026-06-15 20:47:33,267 - debug - DEBUG - all_preds length: 25000, all_targets length: 25000
2026-06-15 20:47:33,268 - debug - DEBUG - First 10 preds: [6, 3, 5, 4, 8, 4, 4, 6, 6, 0]
2026-06-15 20:47:33,268 - debug - DEBUG - First 10 targets: [6, 2, 5, 4, 8, 7, 4, 6, 6, 0]
2026-06-15 20:47:33,277 - debug - DEBUG - Unique predicted classes: 10 (first 10: [0 1 2 3 4 5 6 7 8 9])
2026-06-15 20:47:33,278 - debug - DEBUG - Unique target classes: 10 (first 10: [0 1 2 3 4 5 6 7 8 9])
2026-06-15 20:47:36,289 - debug - DEBUG - compute_metrics_and_record started for epoch 4
2026-06-15 20:47:36,289 - debug - DEBUG - all_preds length: 10000, all_targets length: 10000
2026-06-15 20:47:36,289 - debug - DEBUG - First 10 preds: [9, 1, 1, 1, 6, 6, 1, 2, 4, 1]
2026-06-15 20:47:36,289 - debug - DEBUG - First 10 targets: [3, 8, 8, 0, 6, 6, 1, 6, 3, 1]
2026-06-15 20:47:36,292 - debug - DEBUG - Unique predicted classes: 10 (first 10: [0 1 2 3 4 5 6 7 8 9])
2026-06-15 20:47:36,292 - debug - DEBUG - Unique target classes: 10 (first 10: [0 1 2 3 4 5 6 7 8 9])
2026-06-15 20:47:36,587 - debug - DEBUG - Device Check - Batch 0
2026-06-15 20:47:36,588 - debug - DEBUG -   Config GPU ID: 1
2026-06-15 20:47:36,588 - debug - DEBUG -   Input Device:  cuda:1
2026-06-15 20:47:36,588 - debug - DEBUG -   Target Device: cuda:1
2026-06-15 20:47:36,588 - debug - DEBUG -   Model Device:  cuda:1
2026-06-15 20:47:36,588 - debug - DEBUG -   Criterion Weight Device: No weights
2026-06-15 20:47:37,280 - debug - DEBUG - Batch 0 grad norm: 1.067987
2026-06-15 20:47:38,782 - debug - DEBUG - Batch 10 grad norm: 1.170806
2026-06-15 20:47:40,295 - debug - DEBUG - Batch 20 grad norm: 1.278084
2026-06-15 20:47:41,797 - debug - DEBUG - Batch 30 grad norm: 1.039703
2026-06-15 20:47:43,303 - debug - DEBUG - Batch 40 grad norm: 0.837337
2026-06-15 20:47:44,810 - debug - DEBUG - Batch 50 grad norm: 1.075634
2026-06-15 20:47:46,327 - debug - DEBUG - Batch 60 grad norm: 0.973217
2026-06-15 20:47:47,838 - debug - DEBUG - Batch 70 grad norm: 1.076889
2026-06-15 20:47:49,346 - debug - DEBUG - Batch 80 grad norm: 1.125696
2026-06-15 20:47:50,859 - debug - DEBUG - Batch 90 grad norm: 1.170949
2026-06-15 20:47:52,366 - debug - DEBUG - Batch 100 grad norm: 1.335659
2026-06-15 20:47:53,874 - debug - DEBUG - Batch 110 grad norm: 1.154228
2026-06-15 20:47:55,366 - debug - DEBUG - Batch 120 grad norm: 0.998818
2026-06-15 20:47:56,860 - debug - DEBUG - Batch 130 grad norm: 1.093548
2026-06-15 20:47:58,299 - debug - DEBUG - Batch 140 grad norm: 1.270848
2026-06-15 20:47:59,655 - debug - DEBUG - Batch 150 grad norm: 0.952175
2026-06-15 20:48:01,121 - debug - DEBUG - Batch 160 grad norm: 0.997467
2026-06-15 20:48:02,578 - debug - DEBUG - Batch 170 grad norm: 1.259524
2026-06-15 20:48:04,045 - debug - DEBUG - Batch 180 grad norm: 1.277341
2026-06-15 20:48:05,497 - debug - DEBUG - Batch 190 grad norm: 1.039133
2026-06-15 20:48:05,933 - debug - DEBUG - compute_metrics_and_record started for epoch 5
2026-06-15 20:48:05,933 - debug - DEBUG - all_preds length: 25000, all_targets length: 25000
2026-06-15 20:48:05,933 - debug - DEBUG - First 10 preds: [1, 7, 6, 2, 4, 6, 0, 6, 9, 4]
2026-06-15 20:48:05,933 - debug - DEBUG - First 10 targets: [1, 7, 6, 4, 6, 6, 0, 6, 9, 2]
2026-06-15 20:48:05,939 - debug - DEBUG - Unique predicted classes: 10 (first 10: [0 1 2 3 4 5 6 7 8 9])
2026-06-15 20:48:05,939 - debug - DEBUG - Unique target classes: 10 (first 10: [0 1 2 3 4 5 6 7 8 9])
2026-06-15 20:48:08,877 - debug - DEBUG - compute_metrics_and_record started for epoch 5
2026-06-15 20:48:08,878 - debug - DEBUG - all_preds length: 10000, all_targets length: 10000
2026-06-15 20:48:08,878 - debug - DEBUG - First 10 preds: [3, 1, 1, 0, 6, 6, 1, 2, 4, 1]
2026-06-15 20:48:08,878 - debug - DEBUG - First 10 targets: [3, 8, 8, 0, 6, 6, 1, 6, 3, 1]
2026-06-15 20:48:08,880 - debug - DEBUG - Unique predicted classes: 10 (first 10: [0 1 2 3 4 5 6 7 8 9])
2026-06-15 20:48:08,881 - debug - DEBUG - Unique target classes: 10 (first 10: [0 1 2 3 4 5 6 7 8 9])
2026-06-15 20:48:09,168 - debug - DEBUG - Device Check - Batch 0
2026-06-15 20:48:09,169 - debug - DEBUG -   Config GPU ID: 1
2026-06-15 20:48:09,169 - debug - DEBUG -   Input Device:  cuda:1
2026-06-15 20:48:09,170 - debug - DEBUG -   Target Device: cuda:1
2026-06-15 20:48:09,170 - debug - DEBUG -   Model Device:  cuda:1
2026-06-15 20:48:09,170 - debug - DEBUG -   Criterion Weight Device: No weights
2026-06-15 20:48:09,846 - debug - DEBUG - Batch 0 grad norm: 1.022475
2026-06-15 20:48:11,298 - debug - DEBUG - Batch 10 grad norm: 0.895874
2026-06-15 20:48:12,763 - debug - DEBUG - Batch 20 grad norm: 1.008134
2026-06-15 20:48:14,126 - debug - DEBUG - Batch 30 grad norm: 1.037874
2026-06-15 20:48:15,744 - debug - DEBUG - Batch 40 grad norm: 1.195896
2026-06-15 20:48:16,963 - debug - DEBUG - Batch 50 grad norm: 1.105004
2026-06-15 20:48:18,038 - debug - DEBUG - Batch 60 grad norm: 1.179025
2026-06-15 20:48:19,527 - debug - DEBUG - Batch 70 grad norm: 1.368085
2026-06-15 20:48:21,029 - debug - DEBUG - Batch 80 grad norm: 0.941921
2026-06-15 20:48:22,533 - debug - DEBUG - Batch 90 grad norm: 1.288666
2026-06-15 20:48:24,044 - debug - DEBUG - Batch 100 grad norm: 0.901168
2026-06-15 20:48:25,553 - debug - DEBUG - Batch 110 grad norm: 1.054451
2026-06-15 20:48:27,058 - debug - DEBUG - Batch 120 grad norm: 1.035091
2026-06-15 20:48:28,566 - debug - DEBUG - Batch 130 grad norm: 1.097897
2026-06-15 20:48:30,071 - debug - DEBUG - Batch 140 grad norm: 1.197470
2026-06-15 20:48:31,575 - debug - DEBUG - Batch 150 grad norm: 1.084817
2026-06-15 20:48:33,084 - debug - DEBUG - Batch 160 grad norm: 0.904632
2026-06-15 20:48:34,589 - debug - DEBUG - Batch 170 grad norm: 0.993385
2026-06-15 20:48:36,095 - debug - DEBUG - Batch 180 grad norm: 0.992117
2026-06-15 20:48:37,613 - debug - DEBUG - Batch 190 grad norm: 1.112654
2026-06-15 20:48:37,973 - debug - DEBUG - compute_metrics_and_record started for epoch 6
2026-06-15 20:48:37,973 - debug - DEBUG - all_preds length: 25000, all_targets length: 25000
2026-06-15 20:48:37,974 - debug - DEBUG - First 10 preds: [4, 2, 3, 0, 5, 3, 3, 8, 7, 4]
2026-06-15 20:48:37,974 - debug - DEBUG - First 10 targets: [0, 3, 3, 0, 5, 5, 3, 8, 5, 6]
2026-06-15 20:48:37,979 - debug - DEBUG - Unique predicted classes: 10 (first 10: [0 1 2 3 4 5 6 7 8 9])
2026-06-15 20:48:37,979 - debug - DEBUG - Unique target classes: 10 (first 10: [0 1 2 3 4 5 6 7 8 9])
2026-06-15 20:48:41,044 - debug - DEBUG - compute_metrics_and_record started for epoch 6
2026-06-15 20:48:41,044 - debug - DEBUG - all_preds length: 10000, all_targets length: 10000
2026-06-15 20:48:41,044 - debug - DEBUG - First 10 preds: [5, 8, 8, 8, 6, 6, 7, 2, 7, 1]
2026-06-15 20:48:41,044 - debug - DEBUG - First 10 targets: [3, 8, 8, 0, 6, 6, 1, 6, 3, 1]
2026-06-15 20:48:41,047 - debug - DEBUG - Unique predicted classes: 10 (first 10: [0 1 2 3 4 5 6 7 8 9])
2026-06-15 20:48:41,047 - debug - DEBUG - Unique target classes: 10 (first 10: [0 1 2 3 4 5 6 7 8 9])
2026-06-15 20:48:41,336 - debug - DEBUG - Device Check - Batch 0
2026-06-15 20:48:41,336 - debug - DEBUG -   Config GPU ID: 1
2026-06-15 20:48:41,337 - debug - DEBUG -   Input Device:  cuda:1
2026-06-15 20:48:41,337 - debug - DEBUG -   Target Device: cuda:1
2026-06-15 20:48:41,337 - debug - DEBUG -   Model Device:  cuda:1
2026-06-15 20:48:41,337 - debug - DEBUG -   Criterion Weight Device: No weights
2026-06-15 20:48:42,172 - debug - DEBUG - Batch 0 grad norm: 0.974852
2026-06-15 20:48:43,683 - debug - DEBUG - Batch 10 grad norm: 1.189727
2026-06-15 20:48:45,114 - debug - DEBUG - Batch 20 grad norm: 0.977865
2026-06-15 20:48:46,602 - debug - DEBUG - Batch 30 grad norm: 0.810762
2026-06-15 20:48:48,098 - debug - DEBUG - Batch 40 grad norm: 1.185945
2026-06-15 20:48:49,531 - debug - DEBUG - Batch 50 grad norm: 0.934451
2026-06-15 20:48:51,021 - debug - DEBUG - Batch 60 grad norm: 1.121122
2026-06-15 20:48:52,522 - debug - DEBUG - Batch 70 grad norm: 0.876115
2026-06-15 20:48:54,025 - debug - DEBUG - Batch 80 grad norm: 1.016286
2026-06-15 20:48:55,534 - debug - DEBUG - Batch 90 grad norm: 1.012159
2026-06-15 20:48:57,040 - debug - DEBUG - Batch 100 grad norm: 1.007509
2026-06-15 20:48:58,476 - debug - DEBUG - Batch 110 grad norm: 1.328758
2026-06-15 20:49:00,019 - debug - DEBUG - Batch 120 grad norm: 1.207311
2026-06-15 20:49:01,499 - debug - DEBUG - Batch 130 grad norm: 1.175177
2026-06-15 20:49:02,871 - debug - DEBUG - Batch 140 grad norm: 1.112171
2026-06-15 20:49:04,344 - debug - DEBUG - Batch 150 grad norm: 1.121428
2026-06-15 20:49:05,851 - debug - DEBUG - Batch 160 grad norm: 1.236975
2026-06-15 20:49:07,365 - debug - DEBUG - Batch 170 grad norm: 1.010743
2026-06-15 20:49:08,870 - debug - DEBUG - Batch 180 grad norm: 1.136051
2026-06-15 20:49:10,378 - debug - DEBUG - Batch 190 grad norm: 0.896909
2026-06-15 20:49:10,763 - debug - DEBUG - compute_metrics_and_record started for epoch 7
2026-06-15 20:49:10,763 - debug - DEBUG - all_preds length: 25000, all_targets length: 25000
2026-06-15 20:49:10,764 - debug - DEBUG - First 10 preds: [5, 9, 5, 7, 6, 1, 8, 7, 0, 3]
2026-06-15 20:49:10,764 - debug - DEBUG - First 10 targets: [4, 9, 3, 7, 6, 1, 8, 7, 0, 3]
2026-06-15 20:49:10,771 - debug - DEBUG - Unique predicted classes: 10 (first 10: [0 1 2 3 4 5 6 7 8 9])
2026-06-15 20:49:10,771 - debug - DEBUG - Unique target classes: 10 (first 10: [0 1 2 3 4 5 6 7 8 9])
2026-06-15 20:49:13,745 - debug - DEBUG - compute_metrics_and_record started for epoch 7
2026-06-15 20:49:13,746 - debug - DEBUG - all_preds length: 10000, all_targets length: 10000
2026-06-15 20:49:13,746 - debug - DEBUG - First 10 preds: [3, 1, 1, 1, 6, 6, 1, 2, 3, 1]
2026-06-15 20:49:13,746 - debug - DEBUG - First 10 targets: [3, 8, 8, 0, 6, 6, 1, 6, 3, 1]
2026-06-15 20:49:13,748 - debug - DEBUG - Unique predicted classes: 10 (first 10: [0 1 2 3 4 5 6 7 8 9])
2026-06-15 20:49:13,749 - debug - DEBUG - Unique target classes: 10 (first 10: [0 1 2 3 4 5 6 7 8 9])
2026-06-15 20:49:14,039 - debug - DEBUG - Device Check - Batch 0
2026-06-15 20:49:14,040 - debug - DEBUG -   Config GPU ID: 1
2026-06-15 20:49:14,040 - debug - DEBUG -   Input Device:  cuda:1
2026-06-15 20:49:14,040 - debug - DEBUG -   Target Device: cuda:1
2026-06-15 20:49:14,040 - debug - DEBUG -   Model Device:  cuda:1
2026-06-15 20:49:14,040 - debug - DEBUG -   Criterion Weight Device: No weights
2026-06-15 20:49:14,819 - debug - DEBUG - Batch 0 grad norm: 1.006273
2026-06-15 20:49:16,325 - debug - DEBUG - Batch 10 grad norm: 0.990477
2026-06-15 20:49:17,812 - debug - DEBUG - Batch 20 grad norm: 0.947074
2026-06-15 20:49:19,296 - debug - DEBUG - Batch 30 grad norm: 1.065289
2026-06-15 20:49:20,787 - debug - DEBUG - Batch 40 grad norm: 0.871414
2026-06-15 20:49:22,276 - debug - DEBUG - Batch 50 grad norm: 1.118063
2026-06-15 20:49:23,765 - debug - DEBUG - Batch 60 grad norm: 0.948180
2026-06-15 20:49:25,252 - debug - DEBUG - Batch 70 grad norm: 1.045814
2026-06-15 20:49:26,759 - debug - DEBUG - Batch 80 grad norm: 1.127463
2026-06-15 20:49:28,252 - debug - DEBUG - Batch 90 grad norm: 1.344277
2026-06-15 20:49:29,746 - debug - DEBUG - Batch 100 grad norm: 1.205451
2026-06-15 20:49:31,240 - debug - DEBUG - Batch 110 grad norm: 0.992908
2026-06-15 20:49:32,726 - debug - DEBUG - Batch 120 grad norm: 1.009953
2026-06-15 20:49:34,238 - debug - DEBUG - Batch 130 grad norm: 1.084222
2026-06-15 20:49:35,744 - debug - DEBUG - Batch 140 grad norm: 0.991230
2026-06-15 20:49:37,251 - debug - DEBUG - Batch 150 grad norm: 0.916485
2026-06-15 20:49:38,762 - debug - DEBUG - Batch 160 grad norm: 0.895611
2026-06-15 20:49:40,269 - debug - DEBUG - Batch 170 grad norm: 0.991302
2026-06-15 20:49:41,778 - debug - DEBUG - Batch 180 grad norm: 1.019606
2026-06-15 20:49:43,263 - debug - DEBUG - Batch 190 grad norm: 1.105421
2026-06-15 20:49:43,678 - debug - DEBUG - compute_metrics_and_record started for epoch 8
2026-06-15 20:49:43,678 - debug - DEBUG - all_preds length: 25000, all_targets length: 25000
2026-06-15 20:49:43,679 - debug - DEBUG - First 10 preds: [1, 8, 1, 2, 8, 7, 3, 8, 4, 7]
2026-06-15 20:49:43,679 - debug - DEBUG - First 10 targets: [1, 8, 1, 2, 8, 4, 3, 8, 4, 7]
2026-06-15 20:49:43,688 - debug - DEBUG - Unique predicted classes: 10 (first 10: [0 1 2 3 4 5 6 7 8 9])
2026-06-15 20:49:43,689 - debug - DEBUG - Unique target classes: 10 (first 10: [0 1 2 3 4 5 6 7 8 9])
2026-06-15 20:49:46,535 - debug - DEBUG - compute_metrics_and_record started for epoch 8
2026-06-15 20:49:46,535 - debug - DEBUG - all_preds length: 10000, all_targets length: 10000
2026-06-15 20:49:46,535 - debug - DEBUG - First 10 preds: [5, 8, 0, 8, 3, 5, 9, 5, 5, 5]
2026-06-15 20:49:46,536 - debug - DEBUG - First 10 targets: [3, 8, 8, 0, 6, 6, 1, 6, 3, 1]
2026-06-15 20:49:46,538 - debug - DEBUG - Unique predicted classes: 10 (first 10: [0 1 2 3 4 5 6 7 8 9])
2026-06-15 20:49:46,538 - debug - DEBUG - Unique target classes: 10 (first 10: [0 1 2 3 4 5 6 7 8 9])
2026-06-15 20:49:46,822 - debug - DEBUG - Device Check - Batch 0
2026-06-15 20:49:46,823 - debug - DEBUG -   Config GPU ID: 1
2026-06-15 20:49:46,823 - debug - DEBUG -   Input Device:  cuda:1
2026-06-15 20:49:46,823 - debug - DEBUG -   Target Device: cuda:1
2026-06-15 20:49:46,823 - debug - DEBUG -   Model Device:  cuda:1
2026-06-15 20:49:46,823 - debug - DEBUG -   Criterion Weight Device: No weights
2026-06-15 20:49:47,531 - debug - DEBUG - Batch 0 grad norm: 0.921959
2026-06-15 20:49:48,985 - debug - DEBUG - Batch 10 grad norm: 0.842332
2026-06-15 20:49:50,450 - debug - DEBUG - Batch 20 grad norm: 0.844050
2026-06-15 20:49:51,940 - debug - DEBUG - Batch 30 grad norm: 0.936881
2026-06-15 20:49:53,433 - debug - DEBUG - Batch 40 grad norm: 1.131307
2026-06-15 20:49:54,927 - debug - DEBUG - Batch 50 grad norm: 1.043197
2026-06-15 20:49:56,417 - debug - DEBUG - Batch 60 grad norm: 1.000384
2026-06-15 20:49:57,907 - debug - DEBUG - Batch 70 grad norm: 1.179806
2026-06-15 20:49:59,396 - debug - DEBUG - Batch 80 grad norm: 0.962696
2026-06-15 20:50:00,887 - debug - DEBUG - Batch 90 grad norm: 1.241071
2026-06-15 20:50:02,379 - debug - DEBUG - Batch 100 grad norm: 0.887402
2026-06-15 20:50:03,883 - debug - DEBUG - Batch 110 grad norm: 0.832161
2026-06-15 20:50:05,394 - debug - DEBUG - Batch 120 grad norm: 1.058438
2026-06-15 20:50:06,902 - debug - DEBUG - Batch 130 grad norm: 0.971125
2026-06-15 20:50:08,408 - debug - DEBUG - Batch 140 grad norm: 0.932570
2026-06-15 20:50:09,930 - debug - DEBUG - Batch 150 grad norm: 0.858224
2026-06-15 20:50:11,440 - debug - DEBUG - Batch 160 grad norm: 1.174929
2026-06-15 20:50:12,952 - debug - DEBUG - Batch 170 grad norm: 0.925966
2026-06-15 20:50:14,452 - debug - DEBUG - Batch 180 grad norm: 1.105584
2026-06-15 20:50:15,969 - debug - DEBUG - Batch 190 grad norm: 1.168381
2026-06-15 20:50:16,358 - debug - DEBUG - compute_metrics_and_record started for epoch 9
2026-06-15 20:50:16,358 - debug - DEBUG - all_preds length: 25000, all_targets length: 25000
2026-06-15 20:50:16,359 - debug - DEBUG - First 10 preds: [7, 0, 9, 7, 4, 1, 0, 4, 5, 1]
2026-06-15 20:50:16,359 - debug - DEBUG - First 10 targets: [7, 0, 9, 7, 4, 1, 0, 7, 5, 1]
2026-06-15 20:50:16,365 - debug - DEBUG - Unique predicted classes: 10 (first 10: [0 1 2 3 4 5 6 7 8 9])
2026-06-15 20:50:16,365 - debug - DEBUG - Unique target classes: 10 (first 10: [0 1 2 3 4 5 6 7 8 9])
2026-06-15 20:50:19,331 - debug - DEBUG - compute_metrics_and_record started for epoch 9
2026-06-15 20:50:19,331 - debug - DEBUG - all_preds length: 10000, all_targets length: 10000
2026-06-15 20:50:19,331 - debug - DEBUG - First 10 preds: [3, 1, 1, 1, 6, 3, 1, 4, 3, 1]
2026-06-15 20:50:19,332 - debug - DEBUG - First 10 targets: [3, 8, 8, 0, 6, 6, 1, 6, 3, 1]
2026-06-15 20:50:19,334 - debug - DEBUG - Unique predicted classes: 10 (first 10: [0 1 2 3 4 5 6 7 8 9])
2026-06-15 20:50:19,334 - debug - DEBUG - Unique target classes: 10 (first 10: [0 1 2 3 4 5 6 7 8 9])
2026-06-15 20:50:19,590 - debug - DEBUG - Device Check - Batch 0
2026-06-15 20:50:19,590 - debug - DEBUG -   Config GPU ID: 1
2026-06-15 20:50:19,590 - debug - DEBUG -   Input Device:  cuda:1
2026-06-15 20:50:19,591 - debug - DEBUG -   Target Device: cuda:1
2026-06-15 20:50:19,591 - debug - DEBUG -   Model Device:  cuda:1
2026-06-15 20:50:19,591 - debug - DEBUG -   Criterion Weight Device: No weights
2026-06-15 20:50:20,334 - debug - DEBUG - Batch 0 grad norm: 0.880368
2026-06-15 20:50:21,825 - debug - DEBUG - Batch 10 grad norm: 0.933131
2026-06-15 20:50:23,325 - debug - DEBUG - Batch 20 grad norm: 1.110484
2026-06-15 20:50:24,823 - debug - DEBUG - Batch 30 grad norm: 1.152945
2026-06-15 20:50:26,308 - debug - DEBUG - Batch 40 grad norm: 0.967921
2026-06-15 20:50:27,760 - debug - DEBUG - Batch 50 grad norm: 0.933249
2026-06-15 20:50:29,316 - debug - DEBUG - Batch 60 grad norm: 1.279145
2026-06-15 20:50:30,670 - debug - DEBUG - Batch 70 grad norm: 0.956520
2026-06-15 20:50:32,158 - debug - DEBUG - Batch 80 grad norm: 1.052875
2026-06-15 20:50:33,687 - debug - DEBUG - Batch 90 grad norm: 1.165012
2026-06-15 20:50:35,256 - debug - DEBUG - Batch 100 grad norm: 1.132695
2026-06-15 20:50:36,643 - debug - DEBUG - Batch 110 grad norm: 0.999792
2026-06-15 20:50:38,142 - debug - DEBUG - Batch 120 grad norm: 0.755710
2026-06-15 20:50:39,633 - debug - DEBUG - Batch 130 grad norm: 0.988728
2026-06-15 20:50:41,130 - debug - DEBUG - Batch 140 grad norm: 1.017086
2026-06-15 20:50:42,631 - debug - DEBUG - Batch 150 grad norm: 1.061961
2026-06-15 20:50:44,138 - debug - DEBUG - Batch 160 grad norm: 0.970637
2026-06-15 20:50:45,648 - debug - DEBUG - Batch 170 grad norm: 1.220463
2026-06-15 20:50:47,153 - debug - DEBUG - Batch 180 grad norm: 0.860330
2026-06-15 20:50:48,655 - debug - DEBUG - Batch 190 grad norm: 1.097050
2026-06-15 20:50:49,071 - debug - DEBUG - compute_metrics_and_record started for epoch 10
2026-06-15 20:50:49,071 - debug - DEBUG - all_preds length: 25000, all_targets length: 25000
2026-06-15 20:50:49,072 - debug - DEBUG - First 10 preds: [3, 0, 7, 4, 6, 5, 5, 8, 3, 1]
2026-06-15 20:50:49,072 - debug - DEBUG - First 10 targets: [5, 8, 7, 4, 2, 5, 5, 8, 5, 1]
2026-06-15 20:50:49,078 - debug - DEBUG - Unique predicted classes: 10 (first 10: [0 1 2 3 4 5 6 7 8 9])
2026-06-15 20:50:49,079 - debug - DEBUG - Unique target classes: 10 (first 10: [0 1 2 3 4 5 6 7 8 9])
2026-06-15 20:50:51,974 - debug - DEBUG - compute_metrics_and_record started for epoch 10
2026-06-15 20:50:51,974 - debug - DEBUG - all_preds length: 10000, all_targets length: 10000
2026-06-15 20:50:51,974 - debug - DEBUG - First 10 preds: [3, 1, 1, 8, 6, 5, 1, 4, 5, 1]
2026-06-15 20:50:51,974 - debug - DEBUG - First 10 targets: [3, 8, 8, 0, 6, 6, 1, 6, 3, 1]
2026-06-15 20:50:51,977 - debug - DEBUG - Unique predicted classes: 10 (first 10: [0 1 2 3 4 5 6 7 8 9])
2026-06-15 20:50:51,977 - debug - DEBUG - Unique target classes: 10 (first 10: [0 1 2 3 4 5 6 7 8 9])
2026-06-15 20:50:52,228 - debug - DEBUG - Device Check - Batch 0
2026-06-15 20:50:52,229 - debug - DEBUG -   Config GPU ID: 1
2026-06-15 20:50:52,229 - debug - DEBUG -   Input Device:  cuda:1
2026-06-15 20:50:52,229 - debug - DEBUG -   Target Device: cuda:1
2026-06-15 20:50:52,229 - debug - DEBUG -   Model Device:  cuda:1
2026-06-15 20:50:52,230 - debug - DEBUG -   Criterion Weight Device: No weights
2026-06-15 20:50:53,004 - debug - DEBUG - Batch 0 grad norm: 1.040216
2026-06-15 20:50:54,508 - debug - DEBUG - Batch 10 grad norm: 0.991570
2026-06-15 20:50:55,995 - debug - DEBUG - Batch 20 grad norm: 0.923433
2026-06-15 20:50:57,414 - debug - DEBUG - Batch 30 grad norm: 0.883071
2026-06-15 20:50:58,906 - debug - DEBUG - Batch 40 grad norm: 1.103965
2026-06-15 20:51:00,410 - debug - DEBUG - Batch 50 grad norm: 1.170253
2026-06-15 20:51:01,904 - debug - DEBUG - Batch 60 grad norm: 1.086661
2026-06-15 20:51:03,401 - debug - DEBUG - Batch 70 grad norm: 1.157451
2026-06-15 20:51:04,900 - debug - DEBUG - Batch 80 grad norm: 0.899370
2026-06-15 20:51:06,385 - debug - DEBUG - Batch 90 grad norm: 1.024822
2026-06-15 20:51:07,867 - debug - DEBUG - Batch 100 grad norm: 1.001949
2026-06-15 20:51:09,357 - debug - DEBUG - Batch 110 grad norm: 0.905344
2026-06-15 20:51:10,852 - debug - DEBUG - Batch 120 grad norm: 0.984478
2026-06-15 20:51:12,285 - debug - DEBUG - Batch 130 grad norm: 1.002743
2026-06-15 20:51:13,869 - debug - DEBUG - Batch 140 grad norm: 0.819766
2026-06-15 20:51:15,249 - debug - DEBUG - Batch 150 grad norm: 1.111793
2026-06-15 20:51:16,551 - debug - DEBUG - Batch 160 grad norm: 0.794271
2026-06-15 20:51:17,843 - debug - DEBUG - Batch 170 grad norm: 1.031862
2026-06-15 20:51:19,020 - debug - DEBUG - Batch 180 grad norm: 0.944451
2026-06-15 20:51:20,383 - debug - DEBUG - Batch 190 grad norm: 1.115768
2026-06-15 20:51:20,802 - debug - DEBUG - compute_metrics_and_record started for epoch 11
2026-06-15 20:51:20,802 - debug - DEBUG - all_preds length: 25000, all_targets length: 25000
2026-06-15 20:51:20,803 - debug - DEBUG - First 10 preds: [1, 4, 0, 1, 4, 8, 6, 0, 8, 1]
2026-06-15 20:51:20,803 - debug - DEBUG - First 10 targets: [1, 4, 9, 9, 4, 8, 6, 0, 8, 1]
2026-06-15 20:51:20,811 - debug - DEBUG - Unique predicted classes: 10 (first 10: [0 1 2 3 4 5 6 7 8 9])
2026-06-15 20:51:20,811 - debug - DEBUG - Unique target classes: 10 (first 10: [0 1 2 3 4 5 6 7 8 9])
2026-06-15 20:51:23,311 - debug - DEBUG - compute_metrics_and_record started for epoch 11
2026-06-15 20:51:23,311 - debug - DEBUG - all_preds length: 10000, all_targets length: 10000
2026-06-15 20:51:23,311 - debug - DEBUG - First 10 preds: [3, 1, 1, 8, 6, 6, 1, 2, 5, 1]
2026-06-15 20:51:23,311 - debug - DEBUG - First 10 targets: [3, 8, 8, 0, 6, 6, 1, 6, 3, 1]
2026-06-15 20:51:23,313 - debug - DEBUG - Unique predicted classes: 10 (first 10: [0 1 2 3 4 5 6 7 8 9])
2026-06-15 20:51:23,313 - debug - DEBUG - Unique target classes: 10 (first 10: [0 1 2 3 4 5 6 7 8 9])
2026-06-15 20:51:23,563 - debug - DEBUG - Device Check - Batch 0
2026-06-15 20:51:23,564 - debug - DEBUG -   Config GPU ID: 1
2026-06-15 20:51:23,564 - debug - DEBUG -   Input Device:  cuda:1
2026-06-15 20:51:23,564 - debug - DEBUG -   Target Device: cuda:1
2026-06-15 20:51:23,564 - debug - DEBUG -   Model Device:  cuda:1
2026-06-15 20:51:23,564 - debug - DEBUG -   Criterion Weight Device: No weights
2026-06-15 20:51:24,242 - debug - DEBUG - Batch 0 grad norm: 0.904866
2026-06-15 20:51:25,543 - debug - DEBUG - Batch 10 grad norm: 1.037977
2026-06-15 20:51:26,829 - debug - DEBUG - Batch 20 grad norm: 1.029206
2026-06-15 20:51:28,085 - debug - DEBUG - Batch 30 grad norm: 1.157157
2026-06-15 20:51:29,361 - debug - DEBUG - Batch 40 grad norm: 1.271940
2026-06-15 20:51:30,680 - debug - DEBUG - Batch 50 grad norm: 1.101489
2026-06-15 20:51:31,985 - debug - DEBUG - Batch 60 grad norm: 0.944346
2026-06-15 20:51:33,335 - debug - DEBUG - Batch 70 grad norm: 1.373685
2026-06-15 20:51:34,809 - debug - DEBUG - Batch 80 grad norm: 1.033069
2026-06-15 20:51:36,305 - debug - DEBUG - Batch 90 grad norm: 1.129587
2026-06-15 20:51:37,809 - debug - DEBUG - Batch 100 grad norm: 0.793523
2026-06-15 20:51:39,299 - debug - DEBUG - Batch 110 grad norm: 1.075947
2026-06-15 20:51:40,798 - debug - DEBUG - Batch 120 grad norm: 1.188870
2026-06-15 20:51:42,287 - debug - DEBUG - Batch 130 grad norm: 0.988361
2026-06-15 20:51:43,758 - debug - DEBUG - Batch 140 grad norm: 0.872695
2026-06-15 20:51:45,264 - debug - DEBUG - Batch 150 grad norm: 0.858600
2026-06-15 20:51:46,775 - debug - DEBUG - Batch 160 grad norm: 1.055491
2026-06-15 20:51:48,285 - debug - DEBUG - Batch 170 grad norm: 0.921749
2026-06-15 20:51:49,804 - debug - DEBUG - Batch 180 grad norm: 1.097333
2026-06-15 20:51:51,319 - debug - DEBUG - Batch 190 grad norm: 0.960116
2026-06-15 20:51:51,696 - debug - DEBUG - compute_metrics_and_record started for epoch 12
2026-06-15 20:51:51,696 - debug - DEBUG - all_preds length: 25000, all_targets length: 25000
2026-06-15 20:51:51,696 - debug - DEBUG - First 10 preds: [4, 9, 5, 2, 5, 4, 2, 8, 4, 4]
2026-06-15 20:51:51,696 - debug - DEBUG - First 10 targets: [4, 9, 5, 3, 3, 4, 2, 8, 4, 4]
2026-06-15 20:51:51,701 - debug - DEBUG - Unique predicted classes: 10 (first 10: [0 1 2 3 4 5 6 7 8 9])
2026-06-15 20:51:51,701 - debug - DEBUG - Unique target classes: 10 (first 10: [0 1 2 3 4 5 6 7 8 9])
2026-06-15 20:51:54,694 - debug - DEBUG - compute_metrics_and_record started for epoch 12
2026-06-15 20:51:54,695 - debug - DEBUG - all_preds length: 10000, all_targets length: 10000
2026-06-15 20:51:54,695 - debug - DEBUG - First 10 preds: [5, 1, 1, 0, 6, 5, 1, 2, 3, 1]
2026-06-15 20:51:54,695 - debug - DEBUG - First 10 targets: [3, 8, 8, 0, 6, 6, 1, 6, 3, 1]
2026-06-15 20:51:54,697 - debug - DEBUG - Unique predicted classes: 10 (first 10: [0 1 2 3 4 5 6 7 8 9])
2026-06-15 20:51:54,697 - debug - DEBUG - Unique target classes: 10 (first 10: [0 1 2 3 4 5 6 7 8 9])
2026-06-15 20:51:54,942 - debug - DEBUG - Device Check - Batch 0
2026-06-15 20:51:54,943 - debug - DEBUG -   Config GPU ID: 1
2026-06-15 20:51:54,943 - debug - DEBUG -   Input Device:  cuda:1
2026-06-15 20:51:54,943 - debug - DEBUG -   Target Device: cuda:1
2026-06-15 20:51:54,944 - debug - DEBUG -   Model Device:  cuda:1
2026-06-15 20:51:54,944 - debug - DEBUG -   Criterion Weight Device: No weights
2026-06-15 20:51:55,776 - debug - DEBUG - Batch 0 grad norm: 0.701277
2026-06-15 20:51:57,285 - debug - DEBUG - Batch 10 grad norm: 1.113582
2026-06-15 20:51:58,800 - debug - DEBUG - Batch 20 grad norm: 1.080206
2026-06-15 20:52:00,308 - debug - DEBUG - Batch 30 grad norm: 1.065487
2026-06-15 20:52:01,811 - debug - DEBUG - Batch 40 grad norm: 1.106618
2026-06-15 20:52:03,073 - debug - DEBUG - Batch 50 grad norm: 1.123595
2026-06-15 20:52:04,450 - debug - DEBUG - Batch 60 grad norm: 1.113203
2026-06-15 20:52:05,763 - debug - DEBUG - Batch 70 grad norm: 1.013323
2026-06-15 20:52:07,235 - debug - DEBUG - Batch 80 grad norm: 0.853464
2026-06-15 20:52:08,715 - debug - DEBUG - Batch 90 grad norm: 1.110987
2026-06-15 20:52:09,994 - debug - DEBUG - Batch 100 grad norm: 0.947741
2026-06-15 20:52:11,403 - debug - DEBUG - Batch 110 grad norm: 1.010894
2026-06-15 20:52:12,838 - debug - DEBUG - Batch 120 grad norm: 0.927655
2026-06-15 20:52:14,324 - debug - DEBUG - Batch 130 grad norm: 0.928725
2026-06-15 20:52:15,639 - debug - DEBUG - Batch 140 grad norm: 0.958140
2026-06-15 20:52:17,127 - debug - DEBUG - Batch 150 grad norm: 0.967317
2026-06-15 20:52:18,635 - debug - DEBUG - Batch 160 grad norm: 1.070226
2026-06-15 20:52:20,139 - debug - DEBUG - Batch 170 grad norm: 1.235340
2026-06-15 20:52:21,641 - debug - DEBUG - Batch 180 grad norm: 1.223308
2026-06-15 20:52:23,157 - debug - DEBUG - Batch 190 grad norm: 1.118654
2026-06-15 20:52:23,615 - debug - DEBUG - compute_metrics_and_record started for epoch 13
2026-06-15 20:52:23,615 - debug - DEBUG - all_preds length: 25000, all_targets length: 25000
2026-06-15 20:52:23,615 - debug - DEBUG - First 10 preds: [3, 9, 6, 1, 0, 9, 6, 3, 9, 9]
2026-06-15 20:52:23,615 - debug - DEBUG - First 10 targets: [3, 9, 4, 1, 0, 9, 6, 3, 9, 9]
2026-06-15 20:52:23,621 - debug - DEBUG - Unique predicted classes: 10 (first 10: [0 1 2 3 4 5 6 7 8 9])
2026-06-15 20:52:23,621 - debug - DEBUG - Unique target classes: 10 (first 10: [0 1 2 3 4 5 6 7 8 9])
2026-06-15 20:52:26,549 - debug - DEBUG - compute_metrics_and_record started for epoch 13
2026-06-15 20:52:26,550 - debug - DEBUG - all_preds length: 10000, all_targets length: 10000
2026-06-15 20:52:26,550 - debug - DEBUG - First 10 preds: [5, 1, 1, 1, 6, 5, 1, 6, 5, 5]
2026-06-15 20:52:26,550 - debug - DEBUG - First 10 targets: [3, 8, 8, 0, 6, 6, 1, 6, 3, 1]
2026-06-15 20:52:26,552 - debug - DEBUG - Unique predicted classes: 10 (first 10: [0 1 2 3 4 5 6 7 8 9])
2026-06-15 20:52:26,552 - debug - DEBUG - Unique target classes: 10 (first 10: [0 1 2 3 4 5 6 7 8 9])
2026-06-15 20:52:26,838 - debug - DEBUG - Device Check - Batch 0
2026-06-15 20:52:26,838 - debug - DEBUG -   Config GPU ID: 1
2026-06-15 20:52:26,839 - debug - DEBUG -   Input Device:  cuda:1
2026-06-15 20:52:26,839 - debug - DEBUG -   Target Device: cuda:1
2026-06-15 20:52:26,839 - debug - DEBUG -   Model Device:  cuda:1
2026-06-15 20:52:26,839 - debug - DEBUG -   Criterion Weight Device: No weights
2026-06-15 20:52:27,534 - debug - DEBUG - Batch 0 grad norm: 0.825675
2026-06-15 20:52:29,045 - debug - DEBUG - Batch 10 grad norm: 1.107387
2026-06-15 20:52:30,536 - debug - DEBUG - Batch 20 grad norm: 0.884274
2026-06-15 20:52:32,038 - debug - DEBUG - Batch 30 grad norm: 0.983038
2026-06-15 20:52:33,533 - debug - DEBUG - Batch 40 grad norm: 1.161587
2026-06-15 20:52:35,020 - debug - DEBUG - Batch 50 grad norm: 0.957556
2026-06-15 20:52:36,511 - debug - DEBUG - Batch 60 grad norm: 1.175157
2026-06-15 20:52:38,003 - debug - DEBUG - Batch 70 grad norm: 1.132419
2026-06-15 20:52:39,492 - debug - DEBUG - Batch 80 grad norm: 0.849439
2026-06-15 20:52:40,970 - debug - DEBUG - Batch 90 grad norm: 0.981356
2026-06-15 20:52:42,533 - debug - DEBUG - Batch 100 grad norm: 1.108132
2026-06-15 20:52:43,885 - debug - DEBUG - Batch 110 grad norm: 1.142510
2026-06-15 20:52:45,375 - debug - DEBUG - Batch 120 grad norm: 0.942592
2026-06-15 20:52:46,858 - debug - DEBUG - Batch 130 grad norm: 1.012219
2026-06-15 20:52:48,285 - debug - DEBUG - Batch 140 grad norm: 1.006256
2026-06-15 20:52:49,813 - debug - DEBUG - Batch 150 grad norm: 0.925518
2026-06-15 20:52:51,395 - debug - DEBUG - Batch 160 grad norm: 0.923983
2026-06-15 20:52:52,754 - debug - DEBUG - Batch 170 grad norm: 1.160662
2026-06-15 20:52:54,241 - debug - DEBUG - Batch 180 grad norm: 0.988329
2026-06-15 20:52:55,730 - debug - DEBUG - Batch 190 grad norm: 0.815735
2026-06-15 20:52:56,210 - debug - DEBUG - compute_metrics_and_record started for epoch 14
2026-06-15 20:52:56,211 - debug - DEBUG - all_preds length: 25000, all_targets length: 25000
2026-06-15 20:52:56,211 - debug - DEBUG - First 10 preds: [6, 0, 0, 0, 4, 7, 6, 4, 5, 6]
2026-06-15 20:52:56,211 - debug - DEBUG - First 10 targets: [6, 0, 8, 0, 4, 4, 6, 4, 5, 6]
2026-06-15 20:52:56,220 - debug - DEBUG - Unique predicted classes: 10 (first 10: [0 1 2 3 4 5 6 7 8 9])
2026-06-15 20:52:56,220 - debug - DEBUG - Unique target classes: 10 (first 10: [0 1 2 3 4 5 6 7 8 9])
2026-06-15 20:52:59,071 - debug - DEBUG - compute_metrics_and_record started for epoch 14
2026-06-15 20:52:59,072 - debug - DEBUG - all_preds length: 10000, all_targets length: 10000
2026-06-15 20:52:59,072 - debug - DEBUG - First 10 preds: [5, 8, 1, 8, 6, 5, 0, 6, 5, 1]
2026-06-15 20:52:59,072 - debug - DEBUG - First 10 targets: [3, 8, 8, 0, 6, 6, 1, 6, 3, 1]
2026-06-15 20:52:59,074 - debug - DEBUG - Unique predicted classes: 10 (first 10: [0 1 2 3 4 5 6 7 8 9])
2026-06-15 20:52:59,074 - debug - DEBUG - Unique target classes: 10 (first 10: [0 1 2 3 4 5 6 7 8 9])
2026-06-15 20:52:59,350 - debug - DEBUG - Device Check - Batch 0
2026-06-15 20:52:59,351 - debug - DEBUG -   Config GPU ID: 1
2026-06-15 20:52:59,351 - debug - DEBUG -   Input Device:  cuda:1
2026-06-15 20:52:59,351 - debug - DEBUG -   Target Device: cuda:1
2026-06-15 20:52:59,351 - debug - DEBUG -   Model Device:  cuda:1
2026-06-15 20:52:59,352 - debug - DEBUG -   Criterion Weight Device: No weights
2026-06-15 20:53:00,048 - debug - DEBUG - Batch 0 grad norm: 0.967330
2026-06-15 20:53:01,553 - debug - DEBUG - Batch 10 grad norm: 1.064641
2026-06-15 20:53:03,062 - debug - DEBUG - Batch 20 grad norm: 1.081189
2026-06-15 20:53:04,505 - debug - DEBUG - Batch 30 grad norm: 1.160301
2026-06-15 20:53:06,016 - debug - DEBUG - Batch 40 grad norm: 0.951471
2026-06-15 20:53:07,522 - debug - DEBUG - Batch 50 grad norm: 1.059576
2026-06-15 20:53:09,033 - debug - DEBUG - Batch 60 grad norm: 0.946403
2026-06-15 20:53:10,533 - debug - DEBUG - Batch 70 grad norm: 1.121792
2026-06-15 20:53:12,030 - debug - DEBUG - Batch 80 grad norm: 1.127469
2026-06-15 20:53:13,466 - debug - DEBUG - Batch 90 grad norm: 0.963987
2026-06-15 20:53:15,023 - debug - DEBUG - Batch 100 grad norm: 1.224338
2026-06-15 20:53:16,424 - debug - DEBUG - Batch 110 grad norm: 1.081135
2026-06-15 20:53:17,918 - debug - DEBUG - Batch 120 grad norm: 1.144430
2026-06-15 20:53:19,408 - debug - DEBUG - Batch 130 grad norm: 0.992449
2026-06-15 20:53:20,909 - debug - DEBUG - Batch 140 grad norm: 1.227789
2026-06-15 20:53:22,405 - debug - DEBUG - Batch 150 grad norm: 1.109189
2026-06-15 20:53:23,900 - debug - DEBUG - Batch 160 grad norm: 0.880451
2026-06-15 20:53:25,395 - debug - DEBUG - Batch 170 grad norm: 1.144519
2026-06-15 20:53:26,889 - debug - DEBUG - Batch 180 grad norm: 0.870313
2026-06-15 20:53:28,390 - debug - DEBUG - Batch 190 grad norm: 1.161225
2026-06-15 20:53:28,792 - debug - DEBUG - compute_metrics_and_record started for epoch 15
2026-06-15 20:53:28,793 - debug - DEBUG - all_preds length: 25000, all_targets length: 25000
2026-06-15 20:53:28,793 - debug - DEBUG - First 10 preds: [8, 7, 1, 0, 5, 5, 2, 9, 5, 3]
2026-06-15 20:53:28,793 - debug - DEBUG - First 10 targets: [0, 7, 1, 1, 5, 3, 2, 9, 3, 3]
2026-06-15 20:53:28,799 - debug - DEBUG - Unique predicted classes: 10 (first 10: [0 1 2 3 4 5 6 7 8 9])
2026-06-15 20:53:28,800 - debug - DEBUG - Unique target classes: 10 (first 10: [0 1 2 3 4 5 6 7 8 9])
2026-06-15 20:53:31,765 - debug - DEBUG - compute_metrics_and_record started for epoch 15
2026-06-15 20:53:31,765 - debug - DEBUG - all_preds length: 10000, all_targets length: 10000
2026-06-15 20:53:31,765 - debug - DEBUG - First 10 preds: [3, 8, 1, 0, 6, 6, 9, 6, 3, 1]
2026-06-15 20:53:31,765 - debug - DEBUG - First 10 targets: [3, 8, 8, 0, 6, 6, 1, 6, 3, 1]
2026-06-15 20:53:31,768 - debug - DEBUG - Unique predicted classes: 10 (first 10: [0 1 2 3 4 5 6 7 8 9])
2026-06-15 20:53:31,768 - debug - DEBUG - Unique target classes: 10 (first 10: [0 1 2 3 4 5 6 7 8 9])
2026-06-15 20:53:32,010 - debug - DEBUG - Device Check - Batch 0
2026-06-15 20:53:32,010 - debug - DEBUG -   Config GPU ID: 1
2026-06-15 20:53:32,010 - debug - DEBUG -   Input Device:  cuda:1
2026-06-15 20:53:32,011 - debug - DEBUG -   Target Device: cuda:1
2026-06-15 20:53:32,011 - debug - DEBUG -   Model Device:  cuda:1
2026-06-15 20:53:32,011 - debug - DEBUG -   Criterion Weight Device: No weights
2026-06-15 20:53:32,819 - debug - DEBUG - Batch 0 grad norm: 0.919965
2026-06-15 20:53:34,340 - debug - DEBUG - Batch 10 grad norm: 0.870540
2026-06-15 20:53:35,770 - debug - DEBUG - Batch 20 grad norm: 1.049183
2026-06-15 20:53:37,353 - debug - DEBUG - Batch 30 grad norm: 1.083406
2026-06-15 20:53:38,784 - debug - DEBUG - Batch 40 grad norm: 1.007602
2026-06-15 20:53:40,292 - debug - DEBUG - Batch 50 grad norm: 0.955771
2026-06-15 20:53:41,808 - debug - DEBUG - Batch 60 grad norm: 0.821940
2026-06-15 20:53:43,324 - debug - DEBUG - Batch 70 grad norm: 1.068717
2026-06-15 20:53:44,847 - debug - DEBUG - Batch 80 grad norm: 1.109007
2026-06-15 20:53:46,231 - debug - DEBUG - Batch 90 grad norm: 1.151036
2026-06-15 20:53:47,791 - debug - DEBUG - Batch 100 grad norm: 1.217429
2026-06-15 20:53:49,257 - debug - DEBUG - Batch 110 grad norm: 0.935201
2026-06-15 20:53:50,745 - debug - DEBUG - Batch 120 grad norm: 1.078187
2026-06-15 20:53:52,238 - debug - DEBUG - Batch 130 grad norm: 1.004505
2026-06-15 20:53:53,736 - debug - DEBUG - Batch 140 grad norm: 1.016009
2026-06-15 20:53:55,230 - debug - DEBUG - Batch 150 grad norm: 0.821111
2026-06-15 20:53:56,724 - debug - DEBUG - Batch 160 grad norm: 1.120723
2026-06-15 20:53:58,214 - debug - DEBUG - Batch 170 grad norm: 0.992039
2026-06-15 20:53:59,701 - debug - DEBUG - Batch 180 grad norm: 0.823970
2026-06-15 20:54:01,190 - debug - DEBUG - Batch 190 grad norm: 1.064200
2026-06-15 20:54:01,618 - debug - DEBUG - compute_metrics_and_record started for epoch 16
2026-06-15 20:54:01,618 - debug - DEBUG - all_preds length: 25000, all_targets length: 25000
2026-06-15 20:54:01,618 - debug - DEBUG - First 10 preds: [2, 3, 3, 5, 8, 9, 5, 0, 0, 1]
2026-06-15 20:54:01,618 - debug - DEBUG - First 10 targets: [2, 3, 3, 5, 0, 9, 5, 0, 8, 1]
2026-06-15 20:54:01,625 - debug - DEBUG - Unique predicted classes: 10 (first 10: [0 1 2 3 4 5 6 7 8 9])
2026-06-15 20:54:01,625 - debug - DEBUG - Unique target classes: 10 (first 10: [0 1 2 3 4 5 6 7 8 9])
2026-06-15 20:54:04,621 - debug - DEBUG - compute_metrics_and_record started for epoch 16
2026-06-15 20:54:04,621 - debug - DEBUG - all_preds length: 10000, all_targets length: 10000
2026-06-15 20:54:04,621 - debug - DEBUG - First 10 preds: [3, 1, 1, 9, 6, 6, 9, 2, 3, 1]
2026-06-15 20:54:04,621 - debug - DEBUG - First 10 targets: [3, 8, 8, 0, 6, 6, 1, 6, 3, 1]
2026-06-15 20:54:04,623 - debug - DEBUG - Unique predicted classes: 10 (first 10: [0 1 2 3 4 5 6 7 8 9])
2026-06-15 20:54:04,624 - debug - DEBUG - Unique target classes: 10 (first 10: [0 1 2 3 4 5 6 7 8 9])
2026-06-15 20:54:04,913 - debug - DEBUG - Device Check - Batch 0
2026-06-15 20:54:04,913 - debug - DEBUG -   Config GPU ID: 1
2026-06-15 20:54:04,914 - debug - DEBUG -   Input Device:  cuda:1
2026-06-15 20:54:04,914 - debug - DEBUG -   Target Device: cuda:1
2026-06-15 20:54:04,914 - debug - DEBUG -   Model Device:  cuda:1
2026-06-15 20:54:04,914 - debug - DEBUG -   Criterion Weight Device: No weights
2026-06-15 20:54:05,662 - debug - DEBUG - Batch 0 grad norm: 1.012355
2026-06-15 20:54:07,162 - debug - DEBUG - Batch 10 grad norm: 1.291328
2026-06-15 20:54:08,682 - debug - DEBUG - Batch 20 grad norm: 1.196969
2026-06-15 20:54:10,198 - debug - DEBUG - Batch 30 grad norm: 0.967077
2026-06-15 20:54:11,718 - debug - DEBUG - Batch 40 grad norm: 0.973382
2026-06-15 20:54:13,229 - debug - DEBUG - Batch 50 grad norm: 0.937438
2026-06-15 20:54:14,741 - debug - DEBUG - Batch 60 grad norm: 1.054243
2026-06-15 20:54:16,257 - debug - DEBUG - Batch 70 grad norm: 1.050124
2026-06-15 20:54:17,771 - debug - DEBUG - Batch 80 grad norm: 1.060363
2026-06-15 20:54:19,186 - debug - DEBUG - Batch 90 grad norm: 0.999917
2026-06-15 20:54:20,745 - debug - DEBUG - Batch 100 grad norm: 0.990047
2026-06-15 20:54:22,071 - debug - DEBUG - Batch 110 grad norm: 0.976740
2026-06-15 20:54:23,636 - debug - DEBUG - Batch 120 grad norm: 1.408277
2026-06-15 20:54:25,123 - debug - DEBUG - Batch 130 grad norm: 1.125312
2026-06-15 20:54:26,596 - debug - DEBUG - Batch 140 grad norm: 1.164493
2026-06-15 20:54:28,093 - debug - DEBUG - Batch 150 grad norm: 0.939942
2026-06-15 20:54:29,609 - debug - DEBUG - Batch 160 grad norm: 1.148493
2026-06-15 20:54:31,104 - debug - DEBUG - Batch 170 grad norm: 1.048984
2026-06-15 20:54:32,605 - debug - DEBUG - Batch 180 grad norm: 1.048462
2026-06-15 20:54:34,116 - debug - DEBUG - Batch 190 grad norm: 0.947128
2026-06-15 20:54:34,572 - debug - DEBUG - compute_metrics_and_record started for epoch 17
2026-06-15 20:54:34,573 - debug - DEBUG - all_preds length: 25000, all_targets length: 25000
2026-06-15 20:54:34,573 - debug - DEBUG - First 10 preds: [5, 8, 5, 2, 4, 3, 1, 1, 6, 5]
2026-06-15 20:54:34,573 - debug - DEBUG - First 10 targets: [5, 8, 2, 2, 4, 3, 1, 1, 6, 5]
2026-06-15 20:54:34,583 - debug - DEBUG - Unique predicted classes: 10 (first 10: [0 1 2 3 4 5 6 7 8 9])
2026-06-15 20:54:34,584 - debug - DEBUG - Unique target classes: 10 (first 10: [0 1 2 3 4 5 6 7 8 9])
2026-06-15 20:54:37,615 - debug - DEBUG - compute_metrics_and_record started for epoch 17
2026-06-15 20:54:37,616 - debug - DEBUG - all_preds length: 10000, all_targets length: 10000
2026-06-15 20:54:37,616 - debug - DEBUG - First 10 preds: [5, 1, 1, 1, 6, 6, 9, 6, 3, 9]
2026-06-15 20:54:37,616 - debug - DEBUG - First 10 targets: [3, 8, 8, 0, 6, 6, 1, 6, 3, 1]
2026-06-15 20:54:37,619 - debug - DEBUG - Unique predicted classes: 10 (first 10: [0 1 2 3 4 5 6 7 8 9])
2026-06-15 20:54:37,619 - debug - DEBUG - Unique target classes: 10 (first 10: [0 1 2 3 4 5 6 7 8 9])
2026-06-15 20:54:37,914 - debug - DEBUG - Device Check - Batch 0
2026-06-15 20:54:37,915 - debug - DEBUG -   Config GPU ID: 1
2026-06-15 20:54:37,915 - debug - DEBUG -   Input Device:  cuda:1
2026-06-15 20:54:37,916 - debug - DEBUG -   Target Device: cuda:1
2026-06-15 20:54:37,916 - debug - DEBUG -   Model Device:  cuda:1
2026-06-15 20:54:37,916 - debug - DEBUG -   Criterion Weight Device: No weights
2026-06-15 20:54:38,657 - debug - DEBUG - Batch 0 grad norm: 1.106037
2026-06-15 20:54:40,152 - debug - DEBUG - Batch 10 grad norm: 0.895000
2026-06-15 20:54:41,644 - debug - DEBUG - Batch 20 grad norm: 0.872422
2026-06-15 20:54:43,134 - debug - DEBUG - Batch 30 grad norm: 0.989088
2026-06-15 20:54:44,639 - debug - DEBUG - Batch 40 grad norm: 1.144497
2026-06-15 20:54:46,141 - debug - DEBUG - Batch 50 grad norm: 1.133495
2026-06-15 20:54:47,644 - debug - DEBUG - Batch 60 grad norm: 0.931807
2026-06-15 20:54:49,016 - debug - DEBUG - Batch 70 grad norm: 1.044871
2026-06-15 20:54:50,459 - debug - DEBUG - Batch 80 grad norm: 1.037724
2026-06-15 20:54:51,808 - debug - DEBUG - Batch 90 grad norm: 1.006311
2026-06-15 20:54:53,364 - debug - DEBUG - Batch 100 grad norm: 1.136426
2026-06-15 20:54:54,801 - debug - DEBUG - Batch 110 grad norm: 1.116803
2026-06-15 20:54:56,274 - debug - DEBUG - Batch 120 grad norm: 1.101407
2026-06-15 20:54:57,761 - debug - DEBUG - Batch 130 grad norm: 1.095194
2026-06-15 20:54:59,242 - debug - DEBUG - Batch 140 grad norm: 1.039987
2026-06-15 20:55:00,720 - debug - DEBUG - Batch 150 grad norm: 1.003007
2026-06-15 20:55:02,189 - debug - DEBUG - Batch 160 grad norm: 0.984279
2026-06-15 20:55:03,657 - debug - DEBUG - Batch 170 grad norm: 1.296538
2026-06-15 20:55:05,136 - debug - DEBUG - Batch 180 grad norm: 1.244706
2026-06-15 20:55:06,601 - debug - DEBUG - Batch 190 grad norm: 1.023392
2026-06-15 20:55:07,015 - debug - DEBUG - compute_metrics_and_record started for epoch 18
2026-06-15 20:55:07,016 - debug - DEBUG - all_preds length: 25000, all_targets length: 25000
2026-06-15 20:55:07,016 - debug - DEBUG - First 10 preds: [3, 7, 6, 5, 0, 4, 3, 1, 1, 7]
2026-06-15 20:55:07,016 - debug - DEBUG - First 10 targets: [3, 7, 8, 5, 0, 5, 3, 1, 1, 7]
2026-06-15 20:55:07,026 - debug - DEBUG - Unique predicted classes: 10 (first 10: [0 1 2 3 4 5 6 7 8 9])
2026-06-15 20:55:07,026 - debug - DEBUG - Unique target classes: 10 (first 10: [0 1 2 3 4 5 6 7 8 9])
2026-06-15 20:55:09,614 - debug - DEBUG - compute_metrics_and_record started for epoch 18
2026-06-15 20:55:09,615 - debug - DEBUG - all_preds length: 10000, all_targets length: 10000
2026-06-15 20:55:09,615 - debug - DEBUG - First 10 preds: [5, 8, 1, 8, 6, 6, 9, 6, 4, 9]
2026-06-15 20:55:09,615 - debug - DEBUG - First 10 targets: [3, 8, 8, 0, 6, 6, 1, 6, 3, 1]
2026-06-15 20:55:09,617 - debug - DEBUG - Unique predicted classes: 10 (first 10: [0 1 2 3 4 5 6 7 8 9])
2026-06-15 20:55:09,618 - debug - DEBUG - Unique target classes: 10 (first 10: [0 1 2 3 4 5 6 7 8 9])
2026-06-15 20:55:09,903 - debug - DEBUG - Device Check - Batch 0
2026-06-15 20:55:09,904 - debug - DEBUG -   Config GPU ID: 1
2026-06-15 20:55:09,904 - debug - DEBUG -   Input Device:  cuda:1
2026-06-15 20:55:09,904 - debug - DEBUG -   Target Device: cuda:1
2026-06-15 20:55:09,905 - debug - DEBUG -   Model Device:  cuda:1
2026-06-15 20:55:09,905 - debug - DEBUG -   Criterion Weight Device: No weights
2026-06-15 20:55:10,631 - debug - DEBUG - Batch 0 grad norm: 0.788802
2026-06-15 20:55:12,071 - debug - DEBUG - Batch 10 grad norm: 1.022946
2026-06-15 20:55:13,575 - debug - DEBUG - Batch 20 grad norm: 0.926840
2026-06-15 20:55:15,069 - debug - DEBUG - Batch 30 grad norm: 1.107982
2026-06-15 20:55:16,566 - debug - DEBUG - Batch 40 grad norm: 1.084282
2026-06-15 20:55:18,062 - debug - DEBUG - Batch 50 grad norm: 0.839316
2026-06-15 20:55:19,557 - debug - DEBUG - Batch 60 grad norm: 0.968680
2026-06-15 20:55:21,047 - debug - DEBUG - Batch 70 grad norm: 1.087850
2026-06-15 20:55:22,558 - debug - DEBUG - Batch 80 grad norm: 0.896373
2026-06-15 20:55:23,986 - debug - DEBUG - Batch 90 grad norm: 1.102240
2026-06-15 20:55:25,579 - debug - DEBUG - Batch 100 grad norm: 1.222071
2026-06-15 20:55:27,038 - debug - DEBUG - Batch 110 grad norm: 0.951442
2026-06-15 20:55:28,553 - debug - DEBUG - Batch 120 grad norm: 1.052415
2026-06-15 20:55:30,076 - debug - DEBUG - Batch 130 grad norm: 0.955245
2026-06-15 20:55:31,588 - debug - DEBUG - Batch 140 grad norm: 1.105739
2026-06-15 20:55:33,100 - debug - DEBUG - Batch 150 grad norm: 0.828164
2026-06-15 20:55:34,613 - debug - DEBUG - Batch 160 grad norm: 1.042984
2026-06-15 20:55:36,130 - debug - DEBUG - Batch 170 grad norm: 1.135705
2026-06-15 20:55:37,633 - debug - DEBUG - Batch 180 grad norm: 1.134167
2026-06-15 20:55:39,134 - debug - DEBUG - Batch 190 grad norm: 0.944246
2026-06-15 20:55:39,530 - debug - DEBUG - compute_metrics_and_record started for epoch 19
2026-06-15 20:55:39,531 - debug - DEBUG - all_preds length: 25000, all_targets length: 25000
2026-06-15 20:55:39,531 - debug - DEBUG - First 10 preds: [7, 2, 9, 5, 3, 1, 8, 7, 2, 7]
2026-06-15 20:55:39,531 - debug - DEBUG - First 10 targets: [7, 2, 9, 5, 3, 1, 8, 7, 2, 3]
2026-06-15 20:55:39,536 - debug - DEBUG - Unique predicted classes: 10 (first 10: [0 1 2 3 4 5 6 7 8 9])
2026-06-15 20:55:39,536 - debug - DEBUG - Unique target classes: 10 (first 10: [0 1 2 3 4 5 6 7 8 9])
2026-06-15 20:55:42,617 - debug - DEBUG - compute_metrics_and_record started for epoch 19
2026-06-15 20:55:42,617 - debug - DEBUG - all_preds length: 10000, all_targets length: 10000
2026-06-15 20:55:42,618 - debug - DEBUG - First 10 preds: [3, 8, 8, 0, 6, 6, 1, 2, 3, 1]
2026-06-15 20:55:42,618 - debug - DEBUG - First 10 targets: [3, 8, 8, 0, 6, 6, 1, 6, 3, 1]
2026-06-15 20:55:42,620 - debug - DEBUG - Unique predicted classes: 10 (first 10: [0 1 2 3 4 5 6 7 8 9])
2026-06-15 20:55:42,620 - debug - DEBUG - Unique target classes: 10 (first 10: [0 1 2 3 4 5 6 7 8 9])
2026-06-15 20:55:42,918 - debug - DEBUG - Device Check - Batch 0
2026-06-15 20:55:42,919 - debug - DEBUG -   Config GPU ID: 1
2026-06-15 20:55:42,919 - debug - DEBUG -   Input Device:  cuda:1
2026-06-15 20:55:42,919 - debug - DEBUG -   Target Device: cuda:1
2026-06-15 20:55:42,919 - debug - DEBUG -   Model Device:  cuda:1
2026-06-15 20:55:42,920 - debug - DEBUG -   Criterion Weight Device: No weights
2026-06-15 20:55:43,727 - debug - DEBUG - Batch 0 grad norm: 0.802056
2026-06-15 20:55:45,221 - debug - DEBUG - Batch 10 grad norm: 0.808260
2026-06-15 20:55:46,715 - debug - DEBUG - Batch 20 grad norm: 1.065224
2026-06-15 20:55:48,210 - debug - DEBUG - Batch 30 grad norm: 0.987546
2026-06-15 20:55:49,707 - debug - DEBUG - Batch 40 grad norm: 0.874736
2026-06-15 20:55:51,209 - debug - DEBUG - Batch 50 grad norm: 0.950973
2026-06-15 20:55:52,706 - debug - DEBUG - Batch 60 grad norm: 0.784183
2026-06-15 20:55:54,201 - debug - DEBUG - Batch 70 grad norm: 1.112191
2026-06-15 20:55:55,705 - debug - DEBUG - Batch 80 grad norm: 1.148766
2026-06-15 20:55:57,226 - debug - DEBUG - Batch 90 grad norm: 1.135332
2026-06-15 20:55:58,688 - debug - DEBUG - Batch 100 grad norm: 1.079769
2026-06-15 20:55:59,979 - debug - DEBUG - Batch 110 grad norm: 0.993730
2026-06-15 20:56:01,474 - debug - DEBUG - Batch 120 grad norm: 1.140122
2026-06-15 20:56:02,989 - debug - DEBUG - Batch 130 grad norm: 1.027628
2026-06-15 20:56:04,507 - debug - DEBUG - Batch 140 grad norm: 0.969452
2026-06-15 20:56:06,023 - debug - DEBUG - Batch 150 grad norm: 1.065975
2026-06-15 20:56:07,530 - debug - DEBUG - Batch 160 grad norm: 0.699291
2026-06-15 20:56:09,043 - debug - DEBUG - Batch 170 grad norm: 1.077194
2026-06-15 20:56:10,557 - debug - DEBUG - Batch 180 grad norm: 1.091408
2026-06-15 20:56:12,073 - debug - DEBUG - Batch 190 grad norm: 1.104751
2026-06-15 20:56:12,433 - debug - DEBUG - compute_metrics_and_record started for epoch 20
2026-06-15 20:56:12,433 - debug - DEBUG - all_preds length: 25000, all_targets length: 25000
2026-06-15 20:56:12,434 - debug - DEBUG - First 10 preds: [7, 4, 5, 4, 8, 6, 8, 5, 6, 8]
2026-06-15 20:56:12,434 - debug - DEBUG - First 10 targets: [7, 4, 5, 4, 8, 6, 8, 5, 6, 8]
2026-06-15 20:56:12,443 - debug - DEBUG - Unique predicted classes: 10 (first 10: [0 1 2 3 4 5 6 7 8 9])
2026-06-15 20:56:12,443 - debug - DEBUG - Unique target classes: 10 (first 10: [0 1 2 3 4 5 6 7 8 9])
2026-06-15 20:56:15,456 - debug - DEBUG - compute_metrics_and_record started for epoch 20
2026-06-15 20:56:15,456 - debug - DEBUG - all_preds length: 10000, all_targets length: 10000
2026-06-15 20:56:15,456 - debug - DEBUG - First 10 preds: [3, 8, 1, 8, 6, 6, 1, 6, 3, 1]
2026-06-15 20:56:15,456 - debug - DEBUG - First 10 targets: [3, 8, 8, 0, 6, 6, 1, 6, 3, 1]
2026-06-15 20:56:15,458 - debug - DEBUG - Unique predicted classes: 10 (first 10: [0 1 2 3 4 5 6 7 8 9])
2026-06-15 20:56:15,459 - debug - DEBUG - Unique target classes: 10 (first 10: [0 1 2 3 4 5 6 7 8 9])
2026-06-15 20:56:15,769 - debug - DEBUG - Device Check - Batch 0
2026-06-15 20:56:15,770 - debug - DEBUG -   Config GPU ID: 1
2026-06-15 20:56:15,770 - debug - DEBUG -   Input Device:  cuda:1
2026-06-15 20:56:15,770 - debug - DEBUG -   Target Device: cuda:1
2026-06-15 20:56:15,771 - debug - DEBUG -   Model Device:  cuda:1
2026-06-15 20:56:15,771 - debug - DEBUG -   Criterion Weight Device: No weights
2026-06-15 20:56:16,566 - debug - DEBUG - Batch 0 grad norm: 1.062628
2026-06-15 20:56:18,084 - debug - DEBUG - Batch 10 grad norm: 0.736612
2026-06-15 20:56:19,581 - debug - DEBUG - Batch 20 grad norm: 1.298003
2026-06-15 20:56:21,069 - debug - DEBUG - Batch 30 grad norm: 1.147879
2026-06-15 20:56:22,562 - debug - DEBUG - Batch 40 grad norm: 1.067231
2026-06-15 20:56:24,050 - debug - DEBUG - Batch 50 grad norm: 0.914362
2026-06-15 20:56:25,542 - debug - DEBUG - Batch 60 grad norm: 0.882575
2026-06-15 20:56:27,035 - debug - DEBUG - Batch 70 grad norm: 1.029613
2026-06-15 20:56:28,519 - debug - DEBUG - Batch 80 grad norm: 1.129568
2026-06-15 20:56:29,924 - debug - DEBUG - Batch 90 grad norm: 0.915330
2026-06-15 20:56:31,488 - debug - DEBUG - Batch 100 grad norm: 0.918446
2026-06-15 20:56:32,907 - debug - DEBUG - Batch 110 grad norm: 1.171185
2026-06-15 20:56:34,394 - debug - DEBUG - Batch 120 grad norm: 0.972553
2026-06-15 20:56:35,894 - debug - DEBUG - Batch 130 grad norm: 1.017398
2026-06-15 20:56:37,392 - debug - DEBUG - Batch 140 grad norm: 1.130071
2026-06-15 20:56:38,902 - debug - DEBUG - Batch 150 grad norm: 0.975039
2026-06-15 20:56:40,411 - debug - DEBUG - Batch 160 grad norm: 0.970410
2026-06-15 20:56:41,913 - debug - DEBUG - Batch 170 grad norm: 1.137060
2026-06-15 20:56:43,494 - debug - DEBUG - Batch 180 grad norm: 1.373126
2026-06-15 20:56:44,851 - debug - DEBUG - Batch 190 grad norm: 1.430528
2026-06-15 20:56:45,260 - debug - DEBUG - compute_metrics_and_record started for epoch 21
2026-06-15 20:56:45,260 - debug - DEBUG - all_preds length: 25000, all_targets length: 25000
2026-06-15 20:56:45,260 - debug - DEBUG - First 10 preds: [3, 7, 5, 7, 1, 1, 9, 9, 8, 0]
2026-06-15 20:56:45,260 - debug - DEBUG - First 10 targets: [3, 7, 5, 7, 1, 1, 9, 9, 8, 2]
2026-06-15 20:56:45,266 - debug - DEBUG - Unique predicted classes: 10 (first 10: [0 1 2 3 4 5 6 7 8 9])
2026-06-15 20:56:45,266 - debug - DEBUG - Unique target classes: 10 (first 10: [0 1 2 3 4 5 6 7 8 9])
2026-06-15 20:56:48,243 - debug - DEBUG - compute_metrics_and_record started for epoch 21
2026-06-15 20:56:48,243 - debug - DEBUG - all_preds length: 10000, all_targets length: 10000
2026-06-15 20:56:48,243 - debug - DEBUG - First 10 preds: [3, 1, 1, 9, 3, 3, 9, 6, 3, 1]
2026-06-15 20:56:48,243 - debug - DEBUG - First 10 targets: [3, 8, 8, 0, 6, 6, 1, 6, 3, 1]
2026-06-15 20:56:48,246 - debug - DEBUG - Unique predicted classes: 10 (first 10: [0 1 2 3 4 5 6 7 8 9])
2026-06-15 20:56:48,246 - debug - DEBUG - Unique target classes: 10 (first 10: [0 1 2 3 4 5 6 7 8 9])
2026-06-15 20:56:48,494 - debug - DEBUG - Device Check - Batch 0
2026-06-15 20:56:48,495 - debug - DEBUG -   Config GPU ID: 1
2026-06-15 20:56:48,495 - debug - DEBUG -   Input Device:  cuda:1
2026-06-15 20:56:48,495 - debug - DEBUG -   Target Device: cuda:1
2026-06-15 20:56:48,496 - debug - DEBUG -   Model Device:  cuda:1
2026-06-15 20:56:48,496 - debug - DEBUG -   Criterion Weight Device: No weights
2026-06-15 20:56:49,299 - debug - DEBUG - Batch 0 grad norm: 0.953225
2026-06-15 20:56:50,805 - debug - DEBUG - Batch 10 grad norm: 1.027817
2026-06-15 20:56:52,314 - debug - DEBUG - Batch 20 grad norm: 0.818262
2026-06-15 20:56:53,822 - debug - DEBUG - Batch 30 grad norm: 1.009435
2026-06-15 20:56:55,331 - debug - DEBUG - Batch 40 grad norm: 1.162798
2026-06-15 20:56:56,833 - debug - DEBUG - Batch 50 grad norm: 0.842908
2026-06-15 20:56:58,333 - debug - DEBUG - Batch 60 grad norm: 1.058740
2026-06-15 20:56:59,827 - debug - DEBUG - Batch 70 grad norm: 1.045527
2026-06-15 20:57:01,397 - debug - DEBUG - Batch 80 grad norm: 1.224794
2026-06-15 20:57:02,786 - debug - DEBUG - Batch 90 grad norm: 1.047221
2026-06-15 20:57:04,346 - debug - DEBUG - Batch 100 grad norm: 1.338015
2026-06-15 20:57:05,813 - debug - DEBUG - Batch 110 grad norm: 1.272522
2026-06-15 20:57:07,309 - debug - DEBUG - Batch 120 grad norm: 1.257733
2026-06-15 20:57:08,799 - debug - DEBUG - Batch 130 grad norm: 0.867008
2026-06-15 20:57:10,295 - debug - DEBUG - Batch 140 grad norm: 0.905587
2026-06-15 20:57:11,796 - debug - DEBUG - Batch 150 grad norm: 0.941439
2026-06-15 20:57:13,281 - debug - DEBUG - Batch 160 grad norm: 0.887872
2026-06-15 20:57:14,778 - debug - DEBUG - Batch 170 grad norm: 1.039813
2026-06-15 20:57:16,263 - debug - DEBUG - Batch 180 grad norm: 1.124846
2026-06-15 20:57:17,757 - debug - DEBUG - Batch 190 grad norm: 1.254522
2026-06-15 20:57:18,181 - debug - DEBUG - compute_metrics_and_record started for epoch 22
2026-06-15 20:57:18,182 - debug - DEBUG - all_preds length: 25000, all_targets length: 25000
2026-06-15 20:57:18,182 - debug - DEBUG - First 10 preds: [1, 2, 7, 8, 9, 3, 5, 0, 4, 6]
2026-06-15 20:57:18,182 - debug - DEBUG - First 10 targets: [1, 2, 7, 8, 9, 3, 3, 0, 0, 6]
2026-06-15 20:57:18,187 - debug - DEBUG - Unique predicted classes: 10 (first 10: [0 1 2 3 4 5 6 7 8 9])
2026-06-15 20:57:18,188 - debug - DEBUG - Unique target classes: 10 (first 10: [0 1 2 3 4 5 6 7 8 9])
2026-06-15 20:57:21,124 - debug - DEBUG - compute_metrics_and_record started for epoch 22
2026-06-15 20:57:21,124 - debug - DEBUG - all_preds length: 10000, all_targets length: 10000
2026-06-15 20:57:21,124 - debug - DEBUG - First 10 preds: [3, 8, 1, 1, 6, 5, 1, 6, 3, 1]
2026-06-15 20:57:21,124 - debug - DEBUG - First 10 targets: [3, 8, 8, 0, 6, 6, 1, 6, 3, 1]
2026-06-15 20:57:21,127 - debug - DEBUG - Unique predicted classes: 10 (first 10: [0 1 2 3 4 5 6 7 8 9])
2026-06-15 20:57:21,127 - debug - DEBUG - Unique target classes: 10 (first 10: [0 1 2 3 4 5 6 7 8 9])
2026-06-15 20:57:21,376 - debug - DEBUG - Device Check - Batch 0
2026-06-15 20:57:21,377 - debug - DEBUG -   Config GPU ID: 1
2026-06-15 20:57:21,377 - debug - DEBUG -   Input Device:  cuda:1
2026-06-15 20:57:21,377 - debug - DEBUG -   Target Device: cuda:1
2026-06-15 20:57:21,377 - debug - DEBUG -   Model Device:  cuda:1
2026-06-15 20:57:21,377 - debug - DEBUG -   Criterion Weight Device: No weights
2026-06-15 20:57:22,150 - debug - DEBUG - Batch 0 grad norm: 0.971731
2026-06-15 20:57:23,659 - debug - DEBUG - Batch 10 grad norm: 1.065225
2026-06-15 20:57:25,164 - debug - DEBUG - Batch 20 grad norm: 1.232910
2026-06-15 20:57:26,673 - debug - DEBUG - Batch 30 grad norm: 1.135353
2026-06-15 20:57:28,075 - debug - DEBUG - Batch 40 grad norm: 0.818445
2026-06-15 20:57:29,653 - debug - DEBUG - Batch 50 grad norm: 0.885657
2026-06-15 20:57:31,085 - debug - DEBUG - Batch 60 grad norm: 1.073854
2026-06-15 20:57:32,595 - debug - DEBUG - Batch 70 grad norm: 1.092123
2026-06-15 20:57:34,107 - debug - DEBUG - Batch 80 grad norm: 1.001288
2026-06-15 20:57:35,529 - debug - DEBUG - Batch 90 grad norm: 1.433782
2026-06-15 20:57:37,095 - debug - DEBUG - Batch 100 grad norm: 0.941418
2026-06-15 20:57:38,556 - debug - DEBUG - Batch 110 grad norm: 1.126259
2026-06-15 20:57:40,037 - debug - DEBUG - Batch 120 grad norm: 1.191495
2026-06-15 20:57:41,532 - debug - DEBUG - Batch 130 grad norm: 1.309486
2026-06-15 20:57:43,023 - debug - DEBUG - Batch 140 grad norm: 0.981463
2026-06-15 20:57:44,519 - debug - DEBUG - Batch 150 grad norm: 0.906627
2026-06-15 20:57:46,006 - debug - DEBUG - Batch 160 grad norm: 0.955709
2026-06-15 20:57:47,501 - debug - DEBUG - Batch 170 grad norm: 1.057768
2026-06-15 20:57:48,992 - debug - DEBUG - Batch 180 grad norm: 1.118562
2026-06-15 20:57:50,489 - debug - DEBUG - Batch 190 grad norm: 0.931139
2026-06-15 20:57:50,914 - debug - DEBUG - compute_metrics_and_record started for epoch 23
2026-06-15 20:57:50,914 - debug - DEBUG - all_preds length: 25000, all_targets length: 25000
2026-06-15 20:57:50,914 - debug - DEBUG - First 10 preds: [0, 6, 7, 8, 0, 2, 3, 9, 7, 2]
2026-06-15 20:57:50,914 - debug - DEBUG - First 10 targets: [0, 6, 7, 8, 0, 2, 5, 9, 7, 2]
2026-06-15 20:57:50,922 - debug - DEBUG - Unique predicted classes: 10 (first 10: [0 1 2 3 4 5 6 7 8 9])
2026-06-15 20:57:50,922 - debug - DEBUG - Unique target classes: 10 (first 10: [0 1 2 3 4 5 6 7 8 9])
2026-06-15 20:57:53,896 - debug - DEBUG - compute_metrics_and_record started for epoch 23
2026-06-15 20:57:53,896 - debug - DEBUG - all_preds length: 10000, all_targets length: 10000
2026-06-15 20:57:53,896 - debug - DEBUG - First 10 preds: [5, 8, 0, 8, 6, 5, 9, 6, 4, 1]
2026-06-15 20:57:53,896 - debug - DEBUG - First 10 targets: [3, 8, 8, 0, 6, 6, 1, 6, 3, 1]
2026-06-15 20:57:53,899 - debug - DEBUG - Unique predicted classes: 10 (first 10: [0 1 2 3 4 5 6 7 8 9])
2026-06-15 20:57:53,899 - debug - DEBUG - Unique target classes: 10 (first 10: [0 1 2 3 4 5 6 7 8 9])
2026-06-15 20:57:54,184 - debug - DEBUG - Device Check - Batch 0
2026-06-15 20:57:54,185 - debug - DEBUG -   Config GPU ID: 1
2026-06-15 20:57:54,186 - debug - DEBUG -   Input Device:  cuda:1
2026-06-15 20:57:54,186 - debug - DEBUG -   Target Device: cuda:1
2026-06-15 20:57:54,186 - debug - DEBUG -   Model Device:  cuda:1
2026-06-15 20:57:54,187 - debug - DEBUG -   Criterion Weight Device: No weights
2026-06-15 20:57:54,914 - debug - DEBUG - Batch 0 grad norm: 1.016562
2026-06-15 20:57:56,426 - debug - DEBUG - Batch 10 grad norm: 0.845425
2026-06-15 20:57:57,940 - debug - DEBUG - Batch 20 grad norm: 1.050488
2026-06-15 20:57:59,449 - debug - DEBUG - Batch 30 grad norm: 0.963754
2026-06-15 20:58:00,959 - debug - DEBUG - Batch 40 grad norm: 1.091145
2026-06-15 20:58:02,465 - debug - DEBUG - Batch 50 grad norm: 1.104318
2026-06-15 20:58:03,976 - debug - DEBUG - Batch 60 grad norm: 1.271646
2026-06-15 20:58:05,486 - debug - DEBUG - Batch 70 grad norm: 1.113236
2026-06-15 20:58:06,991 - debug - DEBUG - Batch 80 grad norm: 0.793200
2026-06-15 20:58:08,407 - debug - DEBUG - Batch 90 grad norm: 0.765487
2026-06-15 20:58:09,993 - debug - DEBUG - Batch 100 grad norm: 1.054320
2026-06-15 20:58:11,449 - debug - DEBUG - Batch 110 grad norm: 1.039519
2026-06-15 20:58:12,963 - debug - DEBUG - Batch 120 grad norm: 1.068664
2026-06-15 20:58:14,324 - debug - DEBUG - Batch 130 grad norm: 1.303063
2026-06-15 20:58:15,909 - debug - DEBUG - Batch 140 grad norm: 1.300875
2026-06-15 20:58:17,376 - debug - DEBUG - Batch 150 grad norm: 1.008283
2026-06-15 20:58:18,859 - debug - DEBUG - Batch 160 grad norm: 1.176099
2026-06-15 20:58:20,355 - debug - DEBUG - Batch 170 grad norm: 1.216949
2026-06-15 20:58:21,843 - debug - DEBUG - Batch 180 grad norm: 0.845398
2026-06-15 20:58:23,335 - debug - DEBUG - Batch 190 grad norm: 1.006543
2026-06-15 20:58:23,766 - debug - DEBUG - compute_metrics_and_record started for epoch 24
2026-06-15 20:58:23,767 - debug - DEBUG - all_preds length: 25000, all_targets length: 25000
2026-06-15 20:58:23,767 - debug - DEBUG - First 10 preds: [9, 3, 5, 2, 0, 1, 0, 8, 1, 5]
2026-06-15 20:58:23,767 - debug - DEBUG - First 10 targets: [9, 3, 5, 2, 0, 9, 0, 8, 1, 5]
2026-06-15 20:58:23,776 - debug - DEBUG - Unique predicted classes: 10 (first 10: [0 1 2 3 4 5 6 7 8 9])
2026-06-15 20:58:23,776 - debug - DEBUG - Unique target classes: 10 (first 10: [0 1 2 3 4 5 6 7 8 9])
2026-06-15 20:58:26,822 - debug - DEBUG - compute_metrics_and_record started for epoch 24
2026-06-15 20:58:26,822 - debug - DEBUG - all_preds length: 10000, all_targets length: 10000
2026-06-15 20:58:26,822 - debug - DEBUG - First 10 preds: [3, 1, 1, 8, 6, 6, 1, 6, 4, 1]
2026-06-15 20:58:26,822 - debug - DEBUG - First 10 targets: [3, 8, 8, 0, 6, 6, 1, 6, 3, 1]
2026-06-15 20:58:26,825 - debug - DEBUG - Unique predicted classes: 10 (first 10: [0 1 2 3 4 5 6 7 8 9])
2026-06-15 20:58:26,825 - debug - DEBUG - Unique target classes: 10 (first 10: [0 1 2 3 4 5 6 7 8 9])
2026-06-15 20:58:27,122 - debug - DEBUG - Device Check - Batch 0
2026-06-15 20:58:27,123 - debug - DEBUG -   Config GPU ID: 1
2026-06-15 20:58:27,123 - debug - DEBUG -   Input Device:  cuda:1
2026-06-15 20:58:27,123 - debug - DEBUG -   Target Device: cuda:1
2026-06-15 20:58:27,123 - debug - DEBUG -   Model Device:  cuda:1
2026-06-15 20:58:27,123 - debug - DEBUG -   Criterion Weight Device: No weights
2026-06-15 20:58:27,830 - debug - DEBUG - Batch 0 grad norm: 1.152482
2026-06-15 20:58:29,326 - debug - DEBUG - Batch 10 grad norm: 1.172983
2026-06-15 20:58:30,815 - debug - DEBUG - Batch 20 grad norm: 1.078087
2026-06-15 20:58:32,308 - debug - DEBUG - Batch 30 grad norm: 1.118057
2026-06-15 20:58:33,799 - debug - DEBUG - Batch 40 grad norm: 1.133558
2026-06-15 20:58:35,305 - debug - DEBUG - Batch 50 grad norm: 0.889720
2026-06-15 20:58:36,814 - debug - DEBUG - Batch 60 grad norm: 0.983827
2026-06-15 20:58:38,324 - debug - DEBUG - Batch 70 grad norm: 0.967195
2026-06-15 20:58:39,836 - debug - DEBUG - Batch 80 grad norm: 1.041560
2026-06-15 20:58:41,263 - debug - DEBUG - Batch 90 grad norm: 0.991480
2026-06-15 20:58:42,845 - debug - DEBUG - Batch 100 grad norm: 0.873668
2026-06-15 20:58:44,291 - debug - DEBUG - Batch 110 grad norm: 1.208337
2026-06-15 20:58:45,817 - debug - DEBUG - Batch 120 grad norm: 1.411480
2026-06-15 20:58:47,333 - debug - DEBUG - Batch 130 grad norm: 1.327669
2026-06-15 20:58:48,848 - debug - DEBUG - Batch 140 grad norm: 1.077380
2026-06-15 20:58:50,364 - debug - DEBUG - Batch 150 grad norm: 1.041790
2026-06-15 20:58:51,852 - debug - DEBUG - Batch 160 grad norm: 1.222258
2026-06-15 20:58:53,348 - debug - DEBUG - Batch 170 grad norm: 0.825754
2026-06-15 20:58:54,840 - debug - DEBUG - Batch 180 grad norm: 0.970486
2026-06-15 20:58:56,333 - debug - DEBUG - Batch 190 grad norm: 0.979004
2026-06-15 20:58:56,748 - debug - DEBUG - compute_metrics_and_record started for epoch 25
2026-06-15 20:58:56,748 - debug - DEBUG - all_preds length: 25000, all_targets length: 25000
2026-06-15 20:58:56,748 - debug - DEBUG - First 10 preds: [4, 3, 2, 8, 5, 5, 2, 7, 8, 2]
2026-06-15 20:58:56,748 - debug - DEBUG - First 10 targets: [2, 3, 2, 8, 5, 3, 2, 7, 8, 2]
2026-06-15 20:58:56,757 - debug - DEBUG - Unique predicted classes: 10 (first 10: [0 1 2 3 4 5 6 7 8 9])
2026-06-15 20:58:56,757 - debug - DEBUG - Unique target classes: 10 (first 10: [0 1 2 3 4 5 6 7 8 9])
2026-06-15 20:58:59,809 - debug - DEBUG - compute_metrics_and_record started for epoch 25
2026-06-15 20:58:59,809 - debug - DEBUG - all_preds length: 10000, all_targets length: 10000
2026-06-15 20:58:59,809 - debug - DEBUG - First 10 preds: [3, 8, 1, 2, 3, 3, 1, 2, 3, 1]
2026-06-15 20:58:59,809 - debug - DEBUG - First 10 targets: [3, 8, 8, 0, 6, 6, 1, 6, 3, 1]
2026-06-15 20:58:59,811 - debug - DEBUG - Unique predicted classes: 10 (first 10: [0 1 2 3 4 5 6 7 8 9])
2026-06-15 20:58:59,812 - debug - DEBUG - Unique target classes: 10 (first 10: [0 1 2 3 4 5 6 7 8 9])
2026-06-15 20:59:00,105 - debug - DEBUG - Device Check - Batch 0
2026-06-15 20:59:00,106 - debug - DEBUG -   Config GPU ID: 1
2026-06-15 20:59:00,106 - debug - DEBUG -   Input Device:  cuda:1
2026-06-15 20:59:00,106 - debug - DEBUG -   Target Device: cuda:1
2026-06-15 20:59:00,107 - debug - DEBUG -   Model Device:  cuda:1
2026-06-15 20:59:00,107 - debug - DEBUG -   Criterion Weight Device: No weights
2026-06-15 20:59:00,760 - debug - DEBUG - Batch 0 grad norm: 1.063914
2026-06-15 20:59:02,313 - debug - DEBUG - Batch 10 grad norm: 0.850330
2026-06-15 20:59:03,822 - debug - DEBUG - Batch 20 grad norm: 0.951081
2026-06-15 20:59:05,259 - debug - DEBUG - Batch 30 grad norm: 0.902507
2026-06-15 20:59:06,760 - debug - DEBUG - Batch 40 grad norm: 0.929115
2026-06-15 20:59:08,254 - debug - DEBUG - Batch 50 grad norm: 1.074252
2026-06-15 20:59:09,763 - debug - DEBUG - Batch 60 grad norm: 1.213626
2026-06-15 20:59:11,247 - debug - DEBUG - Batch 70 grad norm: 1.169661
2026-06-15 20:59:12,738 - debug - DEBUG - Batch 80 grad norm: 1.113223
2026-06-15 20:59:14,190 - debug - DEBUG - Batch 90 grad norm: 0.968455
2026-06-15 20:59:15,758 - debug - DEBUG - Batch 100 grad norm: 0.955818
2026-06-15 20:59:17,170 - debug - DEBUG - Batch 110 grad norm: 0.985225
2026-06-15 20:59:18,676 - debug - DEBUG - Batch 120 grad norm: 1.015710
2026-06-15 20:59:20,183 - debug - DEBUG - Batch 130 grad norm: 1.190379
2026-06-15 20:59:21,693 - debug - DEBUG - Batch 140 grad norm: 1.050282
2026-06-15 20:59:23,218 - debug - DEBUG - Batch 150 grad norm: 1.128767
2026-06-15 20:59:24,727 - debug - DEBUG - Batch 160 grad norm: 1.037730
2026-06-15 20:59:26,234 - debug - DEBUG - Batch 170 grad norm: 1.059300
2026-06-15 20:59:27,746 - debug - DEBUG - Batch 180 grad norm: 1.235902
2026-06-15 20:59:29,258 - debug - DEBUG - Batch 190 grad norm: 1.056072
2026-06-15 20:59:29,612 - debug - DEBUG - compute_metrics_and_record started for epoch 26
2026-06-15 20:59:29,612 - debug - DEBUG - all_preds length: 25000, all_targets length: 25000
2026-06-15 20:59:29,612 - debug - DEBUG - First 10 preds: [2, 3, 5, 3, 6, 5, 9, 0, 5, 3]
2026-06-15 20:59:29,612 - debug - DEBUG - First 10 targets: [2, 3, 5, 5, 6, 5, 9, 0, 5, 3]
2026-06-15 20:59:29,620 - debug - DEBUG - Unique predicted classes: 10 (first 10: [0 1 2 3 4 5 6 7 8 9])
2026-06-15 20:59:29,620 - debug - DEBUG - Unique target classes: 10 (first 10: [0 1 2 3 4 5 6 7 8 9])
2026-06-15 20:59:32,683 - debug - DEBUG - compute_metrics_and_record started for epoch 26
2026-06-15 20:59:32,683 - debug - DEBUG - all_preds length: 10000, all_targets length: 10000
2026-06-15 20:59:32,683 - debug - DEBUG - First 10 preds: [3, 1, 0, 8, 6, 6, 9, 2, 3, 5]
2026-06-15 20:59:32,683 - debug - DEBUG - First 10 targets: [3, 8, 8, 0, 6, 6, 1, 6, 3, 1]
2026-06-15 20:59:32,685 - debug - DEBUG - Unique predicted classes: 10 (first 10: [0 1 2 3 4 5 6 7 8 9])
2026-06-15 20:59:32,685 - debug - DEBUG - Unique target classes: 10 (first 10: [0 1 2 3 4 5 6 7 8 9])
2026-06-15 20:59:32,977 - debug - DEBUG - Device Check - Batch 0
2026-06-15 20:59:32,978 - debug - DEBUG -   Config GPU ID: 1
2026-06-15 20:59:32,978 - debug - DEBUG -   Input Device:  cuda:1
2026-06-15 20:59:32,978 - debug - DEBUG -   Target Device: cuda:1
2026-06-15 20:59:32,979 - debug - DEBUG -   Model Device:  cuda:1
2026-06-15 20:59:32,979 - debug - DEBUG -   Criterion Weight Device: No weights
2026-06-15 20:59:33,763 - debug - DEBUG - Batch 0 grad norm: 1.221833
2026-06-15 20:59:35,269 - debug - DEBUG - Batch 10 grad norm: 1.278104
2026-06-15 20:59:36,764 - debug - DEBUG - Batch 20 grad norm: 0.786028
2026-06-15 20:59:38,261 - debug - DEBUG - Batch 30 grad norm: 1.121654
2026-06-15 20:59:39,747 - debug - DEBUG - Batch 40 grad norm: 1.065691
2026-06-15 20:59:41,231 - debug - DEBUG - Batch 50 grad norm: 0.979510
2026-06-15 20:59:42,732 - debug - DEBUG - Batch 60 grad norm: 0.946342
2026-06-15 20:59:44,224 - debug - DEBUG - Batch 70 grad norm: 1.148497
2026-06-15 20:59:45,706 - debug - DEBUG - Batch 80 grad norm: 0.859200
2026-06-15 20:59:47,164 - debug - DEBUG - Batch 90 grad norm: 1.025993
2026-06-15 20:59:48,765 - debug - DEBUG - Batch 100 grad norm: 0.832244
2026-06-15 20:59:50,203 - debug - DEBUG - Batch 110 grad norm: 1.421024
2026-06-15 20:59:51,612 - debug - DEBUG - Batch 120 grad norm: 0.838307
2026-06-15 20:59:53,108 - debug - DEBUG - Batch 130 grad norm: 0.949167
2026-06-15 20:59:54,607 - debug - DEBUG - Batch 140 grad norm: 0.844022
2026-06-15 20:59:56,097 - debug - DEBUG - Batch 150 grad norm: 1.032344
2026-06-15 20:59:57,590 - debug - DEBUG - Batch 160 grad norm: 1.120746
2026-06-15 20:59:59,080 - debug - DEBUG - Batch 170 grad norm: 1.289503
2026-06-15 21:00:00,588 - debug - DEBUG - Batch 180 grad norm: 1.143764
2026-06-15 21:00:02,110 - debug - DEBUG - Batch 190 grad norm: 1.144191
2026-06-15 21:00:02,547 - debug - DEBUG - compute_metrics_and_record started for epoch 27
2026-06-15 21:00:02,547 - debug - DEBUG - all_preds length: 25000, all_targets length: 25000
2026-06-15 21:00:02,547 - debug - DEBUG - First 10 preds: [3, 3, 5, 0, 2, 9, 0, 1, 5, 5]
2026-06-15 21:00:02,547 - debug - DEBUG - First 10 targets: [3, 5, 5, 0, 2, 9, 8, 1, 5, 5]
2026-06-15 21:00:02,554 - debug - DEBUG - Unique predicted classes: 10 (first 10: [0 1 2 3 4 5 6 7 8 9])
2026-06-15 21:00:02,554 - debug - DEBUG - Unique target classes: 10 (first 10: [0 1 2 3 4 5 6 7 8 9])
2026-06-15 21:00:05,481 - debug - DEBUG - compute_metrics_and_record started for epoch 27
2026-06-15 21:00:05,482 - debug - DEBUG - all_preds length: 10000, all_targets length: 10000
2026-06-15 21:00:05,482 - debug - DEBUG - First 10 preds: [3, 1, 1, 0, 6, 6, 1, 2, 3, 1]
2026-06-15 21:00:05,482 - debug - DEBUG - First 10 targets: [3, 8, 8, 0, 6, 6, 1, 6, 3, 1]
2026-06-15 21:00:05,485 - debug - DEBUG - Unique predicted classes: 10 (first 10: [0 1 2 3 4 5 6 7 8 9])
2026-06-15 21:00:05,485 - debug - DEBUG - Unique target classes: 10 (first 10: [0 1 2 3 4 5 6 7 8 9])
2026-06-15 21:00:05,783 - debug - DEBUG - Device Check - Batch 0
2026-06-15 21:00:05,784 - debug - DEBUG -   Config GPU ID: 1
2026-06-15 21:00:05,784 - debug - DEBUG -   Input Device:  cuda:1
2026-06-15 21:00:05,784 - debug - DEBUG -   Target Device: cuda:1
2026-06-15 21:00:05,784 - debug - DEBUG -   Model Device:  cuda:1
2026-06-15 21:00:05,785 - debug - DEBUG -   Criterion Weight Device: No weights
2026-06-15 21:00:06,503 - debug - DEBUG - Batch 0 grad norm: 1.079119
2026-06-15 21:00:08,014 - debug - DEBUG - Batch 10 grad norm: 1.072917
2026-06-15 21:00:09,524 - debug - DEBUG - Batch 20 grad norm: 0.944094
2026-06-15 21:00:11,031 - debug - DEBUG - Batch 30 grad norm: 0.870860
2026-06-15 21:00:12,542 - debug - DEBUG - Batch 40 grad norm: 1.199372
2026-06-15 21:00:14,035 - debug - DEBUG - Batch 50 grad norm: 1.443908
2026-06-15 21:00:15,534 - debug - DEBUG - Batch 60 grad norm: 1.132221
2026-06-15 21:00:17,028 - debug - DEBUG - Batch 70 grad norm: 0.986471
2026-06-15 21:00:18,517 - debug - DEBUG - Batch 80 grad norm: 1.273897
2026-06-15 21:00:19,936 - debug - DEBUG - Batch 90 grad norm: 0.973908
2026-06-15 21:00:21,500 - debug - DEBUG - Batch 100 grad norm: 1.197706
2026-06-15 21:00:22,921 - debug - DEBUG - Batch 110 grad norm: 1.032787
2026-06-15 21:00:24,417 - debug - DEBUG - Batch 120 grad norm: 0.955349
2026-06-15 21:00:25,909 - debug - DEBUG - Batch 130 grad norm: 0.999563
2026-06-15 21:00:27,397 - debug - DEBUG - Batch 140 grad norm: 1.087457
2026-06-15 21:00:28,892 - debug - DEBUG - Batch 150 grad norm: 1.002024
2026-06-15 21:00:30,401 - debug - DEBUG - Batch 160 grad norm: 1.034957
2026-06-15 21:00:31,921 - debug - DEBUG - Batch 170 grad norm: 1.068104
2026-06-15 21:00:33,432 - debug - DEBUG - Batch 180 grad norm: 1.119681
2026-06-15 21:00:34,932 - debug - DEBUG - Batch 190 grad norm: 0.972278
2026-06-15 21:00:35,345 - debug - DEBUG - compute_metrics_and_record started for epoch 28
2026-06-15 21:00:35,345 - debug - DEBUG - all_preds length: 25000, all_targets length: 25000
2026-06-15 21:00:35,345 - debug - DEBUG - First 10 preds: [2, 0, 0, 2, 6, 6, 4, 8, 9, 9]
2026-06-15 21:00:35,345 - debug - DEBUG - First 10 targets: [2, 0, 0, 2, 6, 6, 4, 6, 9, 9]
2026-06-15 21:00:35,351 - debug - DEBUG - Unique predicted classes: 10 (first 10: [0 1 2 3 4 5 6 7 8 9])
2026-06-15 21:00:35,351 - debug - DEBUG - Unique target classes: 10 (first 10: [0 1 2 3 4 5 6 7 8 9])
2026-06-15 21:00:38,263 - debug - DEBUG - compute_metrics_and_record started for epoch 28
2026-06-15 21:00:38,263 - debug - DEBUG - all_preds length: 10000, all_targets length: 10000
2026-06-15 21:00:38,264 - debug - DEBUG - First 10 preds: [3, 8, 8, 0, 6, 6, 1, 6, 4, 1]
2026-06-15 21:00:38,264 - debug - DEBUG - First 10 targets: [3, 8, 8, 0, 6, 6, 1, 6, 3, 1]
2026-06-15 21:00:38,266 - debug - DEBUG - Unique predicted classes: 10 (first 10: [0 1 2 3 4 5 6 7 8 9])
2026-06-15 21:00:38,266 - debug - DEBUG - Unique target classes: 10 (first 10: [0 1 2 3 4 5 6 7 8 9])
2026-06-15 21:00:38,582 - debug - DEBUG - Device Check - Batch 0
2026-06-15 21:00:38,583 - debug - DEBUG -   Config GPU ID: 1
2026-06-15 21:00:38,583 - debug - DEBUG -   Input Device:  cuda:1
2026-06-15 21:00:38,583 - debug - DEBUG -   Target Device: cuda:1
2026-06-15 21:00:38,583 - debug - DEBUG -   Model Device:  cuda:1
2026-06-15 21:00:38,583 - debug - DEBUG -   Criterion Weight Device: No weights
2026-06-15 21:00:39,299 - debug - DEBUG - Batch 0 grad norm: 1.207340
2026-06-15 21:00:40,812 - debug - DEBUG - Batch 10 grad norm: 1.303333
2026-06-15 21:00:42,322 - debug - DEBUG - Batch 20 grad norm: 0.786119
2026-06-15 21:00:43,832 - debug - DEBUG - Batch 30 grad norm: 1.086120
2026-06-15 21:00:45,348 - debug - DEBUG - Batch 40 grad norm: 1.096303
2026-06-15 21:00:46,863 - debug - DEBUG - Batch 50 grad norm: 0.933585
2026-06-15 21:00:48,380 - debug - DEBUG - Batch 60 grad norm: 0.905690
2026-06-15 21:00:49,891 - debug - DEBUG - Batch 70 grad norm: 1.109715
2026-06-15 21:00:51,411 - debug - DEBUG - Batch 80 grad norm: 1.264758
2026-06-15 21:00:52,844 - debug - DEBUG - Batch 90 grad norm: 1.450930
2026-06-15 21:00:54,411 - debug - DEBUG - Batch 100 grad norm: 1.420648
2026-06-15 21:00:55,834 - debug - DEBUG - Batch 110 grad norm: 0.808709
2026-06-15 21:00:57,325 - debug - DEBUG - Batch 120 grad norm: 1.077737
2026-06-15 21:00:58,818 - debug - DEBUG - Batch 130 grad norm: 0.916581
2026-06-15 21:01:00,311 - debug - DEBUG - Batch 140 grad norm: 0.929591
2026-06-15 21:01:01,806 - debug - DEBUG - Batch 150 grad norm: 1.323183
2026-06-15 21:01:03,302 - debug - DEBUG - Batch 160 grad norm: 1.170866
2026-06-15 21:01:04,793 - debug - DEBUG - Batch 170 grad norm: 1.181334
2026-06-15 21:01:06,277 - debug - DEBUG - Batch 180 grad norm: 1.233518
2026-06-15 21:01:07,783 - debug - DEBUG - Batch 190 grad norm: 1.237434
2026-06-15 21:01:08,221 - debug - DEBUG - compute_metrics_and_record started for epoch 29
2026-06-15 21:01:08,221 - debug - DEBUG - all_preds length: 25000, all_targets length: 25000
2026-06-15 21:01:08,221 - debug - DEBUG - First 10 preds: [3, 4, 9, 0, 8, 9, 2, 7, 3, 5]
2026-06-15 21:01:08,221 - debug - DEBUG - First 10 targets: [2, 4, 9, 0, 8, 9, 2, 7, 3, 5]
2026-06-15 21:01:08,228 - debug - DEBUG - Unique predicted classes: 10 (first 10: [0 1 2 3 4 5 6 7 8 9])
2026-06-15 21:01:08,228 - debug - DEBUG - Unique target classes: 10 (first 10: [0 1 2 3 4 5 6 7 8 9])
2026-06-15 21:01:11,145 - debug - DEBUG - compute_metrics_and_record started for epoch 29
2026-06-15 21:01:11,146 - debug - DEBUG - all_preds length: 10000, all_targets length: 10000
2026-06-15 21:01:11,146 - debug - DEBUG - First 10 preds: [3, 8, 1, 0, 6, 6, 1, 6, 3, 1]
2026-06-15 21:01:11,146 - debug - DEBUG - First 10 targets: [3, 8, 8, 0, 6, 6, 1, 6, 3, 1]
2026-06-15 21:01:11,149 - debug - DEBUG - Unique predicted classes: 10 (first 10: [0 1 2 3 4 5 6 7 8 9])
2026-06-15 21:01:11,149 - debug - DEBUG - Unique target classes: 10 (first 10: [0 1 2 3 4 5 6 7 8 9])
2026-06-15 21:01:11,441 - debug - DEBUG - Device Check - Batch 0
2026-06-15 21:01:11,442 - debug - DEBUG -   Config GPU ID: 1
2026-06-15 21:01:11,442 - debug - DEBUG -   Input Device:  cuda:1
2026-06-15 21:01:11,442 - debug - DEBUG -   Target Device: cuda:1
2026-06-15 21:01:11,443 - debug - DEBUG -   Model Device:  cuda:1
2026-06-15 21:01:11,443 - debug - DEBUG -   Criterion Weight Device: No weights
2026-06-15 21:01:12,157 - debug - DEBUG - Batch 0 grad norm: 1.203737
2026-06-15 21:01:13,665 - debug - DEBUG - Batch 10 grad norm: 0.804118
2026-06-15 21:01:15,178 - debug - DEBUG - Batch 20 grad norm: 0.764887
2026-06-15 21:01:16,692 - debug - DEBUG - Batch 30 grad norm: 1.331441
2026-06-15 21:01:18,227 - debug - DEBUG - Batch 40 grad norm: 1.313155
2026-06-15 21:01:19,746 - debug - DEBUG - Batch 50 grad norm: 1.018333
2026-06-15 21:01:21,178 - debug - DEBUG - Batch 60 grad norm: 1.256530
2026-06-15 21:01:22,762 - debug - DEBUG - Batch 70 grad norm: 0.945802
2026-06-15 21:01:24,175 - debug - DEBUG - Batch 80 grad norm: 1.314915
2026-06-15 21:01:25,613 - debug - DEBUG - Batch 90 grad norm: 0.869286
2026-06-15 21:01:27,184 - debug - DEBUG - Batch 100 grad norm: 1.222241
2026-06-15 21:01:28,620 - debug - DEBUG - Batch 110 grad norm: 1.358154
2026-06-15 21:01:30,126 - debug - DEBUG - Batch 120 grad norm: 1.124782
2026-06-15 21:01:31,638 - debug - DEBUG - Batch 130 grad norm: 0.799674
2026-06-15 21:01:33,138 - debug - DEBUG - Batch 140 grad norm: 1.032753
2026-06-15 21:01:34,636 - debug - DEBUG - Batch 150 grad norm: 0.994371
2026-06-15 21:01:36,132 - debug - DEBUG - Batch 160 grad norm: 0.967690
2026-06-15 21:01:37,623 - debug - DEBUG - Batch 170 grad norm: 1.447635
2026-06-15 21:01:39,110 - debug - DEBUG - Batch 180 grad norm: 1.181863
2026-06-15 21:01:40,602 - debug - DEBUG - Batch 190 grad norm: 1.297891
2026-06-15 21:01:41,029 - debug - DEBUG - compute_metrics_and_record started for epoch 30
2026-06-15 21:01:41,030 - debug - DEBUG - all_preds length: 25000, all_targets length: 25000
2026-06-15 21:01:41,030 - debug - DEBUG - First 10 preds: [7, 4, 7, 2, 0, 8, 3, 4, 9, 2]
2026-06-15 21:01:41,030 - debug - DEBUG - First 10 targets: [7, 4, 7, 2, 0, 8, 3, 4, 9, 4]
2026-06-15 21:01:41,038 - debug - DEBUG - Unique predicted classes: 10 (first 10: [0 1 2 3 4 5 6 7 8 9])
2026-06-15 21:01:41,038 - debug - DEBUG - Unique target classes: 10 (first 10: [0 1 2 3 4 5 6 7 8 9])
2026-06-15 21:01:43,825 - debug - DEBUG - compute_metrics_and_record started for epoch 30
2026-06-15 21:01:43,825 - debug - DEBUG - all_preds length: 10000, all_targets length: 10000
2026-06-15 21:01:43,826 - debug - DEBUG - First 10 preds: [3, 1, 1, 9, 6, 6, 1, 2, 4, 1]
2026-06-15 21:01:43,826 - debug - DEBUG - First 10 targets: [3, 8, 8, 0, 6, 6, 1, 6, 3, 1]
2026-06-15 21:01:43,829 - debug - DEBUG - Unique predicted classes: 10 (first 10: [0 1 2 3 4 5 6 7 8 9])
2026-06-15 21:01:43,829 - debug - DEBUG - Unique target classes: 10 (first 10: [0 1 2 3 4 5 6 7 8 9])
2026-06-15 21:01:44,117 - debug - DEBUG - Device Check - Batch 0
2026-06-15 21:01:44,117 - debug - DEBUG -   Config GPU ID: 1
2026-06-15 21:01:44,118 - debug - DEBUG -   Input Device:  cuda:1
2026-06-15 21:01:44,118 - debug - DEBUG -   Target Device: cuda:1
2026-06-15 21:01:44,118 - debug - DEBUG -   Model Device:  cuda:1
2026-06-15 21:01:44,118 - debug - DEBUG -   Criterion Weight Device: No weights
2026-06-15 21:01:44,794 - debug - DEBUG - Batch 0 grad norm: 0.917797
2026-06-15 21:01:46,249 - debug - DEBUG - Batch 10 grad norm: 0.936690
2026-06-15 21:01:47,695 - debug - DEBUG - Batch 20 grad norm: 0.940377
2026-06-15 21:01:49,152 - debug - DEBUG - Batch 30 grad norm: 1.036232
2026-06-15 21:01:50,605 - debug - DEBUG - Batch 40 grad norm: 0.957774
2026-06-15 21:01:52,077 - debug - DEBUG - Batch 50 grad norm: 1.087026
2026-06-15 21:01:53,552 - debug - DEBUG - Batch 60 grad norm: 0.992601
2026-06-15 21:01:55,025 - debug - DEBUG - Batch 70 grad norm: 1.185640
2026-06-15 21:01:56,501 - debug - DEBUG - Batch 80 grad norm: 0.808902
2026-06-15 21:01:57,904 - debug - DEBUG - Batch 90 grad norm: 1.086301
2026-06-15 21:01:59,438 - debug - DEBUG - Batch 100 grad norm: 0.980392
2026-06-15 21:02:00,851 - debug - DEBUG - Batch 110 grad norm: 1.134544
2026-06-15 21:02:02,252 - debug - DEBUG - Batch 120 grad norm: 1.267982
2026-06-15 21:02:03,762 - debug - DEBUG - Batch 130 grad norm: 0.909789
2026-06-15 21:02:05,274 - debug - DEBUG - Batch 140 grad norm: 1.001746
2026-06-15 21:02:06,633 - debug - DEBUG - Batch 150 grad norm: 1.233492
2026-06-15 21:02:08,219 - debug - DEBUG - Batch 160 grad norm: 1.306483
2026-06-15 21:02:09,891 - debug - DEBUG - Batch 170 grad norm: 1.365374
2026-06-15 21:02:11,401 - debug - DEBUG - Batch 180 grad norm: 1.087095
2026-06-15 21:02:12,901 - debug - DEBUG - Batch 190 grad norm: 0.924425
2026-06-15 21:02:13,316 - debug - DEBUG - compute_metrics_and_record started for epoch 31
2026-06-15 21:02:13,316 - debug - DEBUG - all_preds length: 25000, all_targets length: 25000
2026-06-15 21:02:13,316 - debug - DEBUG - First 10 preds: [7, 5, 8, 5, 8, 9, 2, 1, 4, 8]
2026-06-15 21:02:13,317 - debug - DEBUG - First 10 targets: [7, 5, 8, 5, 8, 9, 2, 1, 4, 8]
2026-06-15 21:02:13,322 - debug - DEBUG - Unique predicted classes: 10 (first 10: [0 1 2 3 4 5 6 7 8 9])
2026-06-15 21:02:13,322 - debug - DEBUG - Unique target classes: 10 (first 10: [0 1 2 3 4 5 6 7 8 9])
2026-06-15 21:02:16,321 - debug - DEBUG - compute_metrics_and_record started for epoch 31
2026-06-15 21:02:16,321 - debug - DEBUG - all_preds length: 10000, all_targets length: 10000
2026-06-15 21:02:16,321 - debug - DEBUG - First 10 preds: [3, 8, 0, 0, 6, 3, 1, 6, 3, 1]
2026-06-15 21:02:16,321 - debug - DEBUG - First 10 targets: [3, 8, 8, 0, 6, 6, 1, 6, 3, 1]
2026-06-15 21:02:16,323 - debug - DEBUG - Unique predicted classes: 10 (first 10: [0 1 2 3 4 5 6 7 8 9])
2026-06-15 21:02:16,323 - debug - DEBUG - Unique target classes: 10 (first 10: [0 1 2 3 4 5 6 7 8 9])
2026-06-15 21:02:16,604 - debug - DEBUG - Device Check - Batch 0
2026-06-15 21:02:16,604 - debug - DEBUG -   Config GPU ID: 1
2026-06-15 21:02:16,605 - debug - DEBUG -   Input Device:  cuda:1
2026-06-15 21:02:16,605 - debug - DEBUG -   Target Device: cuda:1
2026-06-15 21:02:16,605 - debug - DEBUG -   Model Device:  cuda:1
2026-06-15 21:02:16,605 - debug - DEBUG -   Criterion Weight Device: No weights
2026-06-15 21:02:17,294 - debug - DEBUG - Batch 0 grad norm: 0.892990
2026-06-15 21:02:18,791 - debug - DEBUG - Batch 10 grad norm: 1.054131
2026-06-15 21:02:20,288 - debug - DEBUG - Batch 20 grad norm: 0.892125
2026-06-15 21:02:21,780 - debug - DEBUG - Batch 30 grad norm: 0.927533
2026-06-15 21:02:23,269 - debug - DEBUG - Batch 40 grad norm: 0.962723
2026-06-15 21:02:24,762 - debug - DEBUG - Batch 50 grad norm: 1.114091
2026-06-15 21:02:26,256 - debug - DEBUG - Batch 60 grad norm: 0.935306
2026-06-15 21:02:27,745 - debug - DEBUG - Batch 70 grad norm: 0.861982
2026-06-15 21:02:29,229 - debug - DEBUG - Batch 80 grad norm: 1.110134
2026-06-15 21:02:30,756 - debug - DEBUG - Batch 90 grad norm: 0.950009
2026-06-15 21:02:32,332 - debug - DEBUG - Batch 100 grad norm: 1.178235
2026-06-15 21:02:33,708 - debug - DEBUG - Batch 110 grad norm: 1.301166
2026-06-15 21:02:35,235 - debug - DEBUG - Batch 120 grad norm: 1.133078
2026-06-15 21:02:36,743 - debug - DEBUG - Batch 130 grad norm: 1.180215
2026-06-15 21:02:38,257 - debug - DEBUG - Batch 140 grad norm: 1.045234
2026-06-15 21:02:39,767 - debug - DEBUG - Batch 150 grad norm: 1.135162
2026-06-15 21:02:41,280 - debug - DEBUG - Batch 160 grad norm: 1.096892
2026-06-15 21:02:42,794 - debug - DEBUG - Batch 170 grad norm: 1.502661
2026-06-15 21:02:44,307 - debug - DEBUG - Batch 180 grad norm: 1.350523
2026-06-15 21:02:45,802 - debug - DEBUG - Batch 190 grad norm: 1.159247
2026-06-15 21:02:46,260 - debug - DEBUG - compute_metrics_and_record started for epoch 32
2026-06-15 21:02:46,261 - debug - DEBUG - all_preds length: 25000, all_targets length: 25000
2026-06-15 21:02:46,261 - debug - DEBUG - First 10 preds: [1, 3, 8, 5, 2, 8, 8, 6, 6, 2]
2026-06-15 21:02:46,261 - debug - DEBUG - First 10 targets: [1, 3, 8, 8, 2, 8, 8, 6, 6, 2]
2026-06-15 21:02:46,266 - debug - DEBUG - Unique predicted classes: 10 (first 10: [0 1 2 3 4 5 6 7 8 9])
2026-06-15 21:02:46,267 - debug - DEBUG - Unique target classes: 10 (first 10: [0 1 2 3 4 5 6 7 8 9])
2026-06-15 21:02:49,301 - debug - DEBUG - compute_metrics_and_record started for epoch 32
2026-06-15 21:02:49,301 - debug - DEBUG - all_preds length: 10000, all_targets length: 10000
2026-06-15 21:02:49,302 - debug - DEBUG - First 10 preds: [3, 8, 8, 3, 6, 6, 9, 6, 3, 6]
2026-06-15 21:02:49,302 - debug - DEBUG - First 10 targets: [3, 8, 8, 0, 6, 6, 1, 6, 3, 1]
2026-06-15 21:02:49,305 - debug - DEBUG - Unique predicted classes: 10 (first 10: [0 1 2 3 4 5 6 7 8 9])
2026-06-15 21:02:49,305 - debug - DEBUG - Unique target classes: 10 (first 10: [0 1 2 3 4 5 6 7 8 9])
2026-06-15 21:02:49,596 - debug - DEBUG - Device Check - Batch 0
2026-06-15 21:02:49,597 - debug - DEBUG -   Config GPU ID: 1
2026-06-15 21:02:49,597 - debug - DEBUG -   Input Device:  cuda:1
2026-06-15 21:02:49,597 - debug - DEBUG -   Target Device: cuda:1
2026-06-15 21:02:49,598 - debug - DEBUG -   Model Device:  cuda:1
2026-06-15 21:02:49,598 - debug - DEBUG -   Criterion Weight Device: No weights
2026-06-15 21:02:50,291 - debug - DEBUG - Batch 0 grad norm: 1.224150
2026-06-15 21:02:51,779 - debug - DEBUG - Batch 10 grad norm: 1.371592
2026-06-15 21:02:53,206 - debug - DEBUG - Batch 20 grad norm: 1.138237
2026-06-15 21:02:54,775 - debug - DEBUG - Batch 30 grad norm: 1.274704
2026-06-15 21:02:56,280 - debug - DEBUG - Batch 40 grad norm: 0.995940
2026-06-15 21:02:57,730 - debug - DEBUG - Batch 50 grad norm: 0.879162
2026-06-15 21:02:59,231 - debug - DEBUG - Batch 60 grad norm: 1.141902
2026-06-15 21:03:00,728 - debug - DEBUG - Batch 70 grad norm: 1.031104
2026-06-15 21:03:02,228 - debug - DEBUG - Batch 80 grad norm: 0.750772
2026-06-15 21:03:03,745 - debug - DEBUG - Batch 90 grad norm: 1.117086
2026-06-15 21:03:05,190 - debug - DEBUG - Batch 100 grad norm: 1.080715
2026-06-15 21:03:06,590 - debug - DEBUG - Batch 110 grad norm: 1.272440
2026-06-15 21:03:08,100 - debug - DEBUG - Batch 120 grad norm: 1.187662
2026-06-15 21:03:09,607 - debug - DEBUG - Batch 130 grad norm: 1.055001
2026-06-15 21:03:11,119 - debug - DEBUG - Batch 140 grad norm: 1.161745
2026-06-15 21:03:12,629 - debug - DEBUG - Batch 150 grad norm: 1.077523
2026-06-15 21:03:14,147 - debug - DEBUG - Batch 160 grad norm: 1.020259
2026-06-15 21:03:15,652 - debug - DEBUG - Batch 170 grad norm: 1.075462
2026-06-15 21:03:17,160 - debug - DEBUG - Batch 180 grad norm: 1.020487
2026-06-15 21:03:18,846 - debug - DEBUG - Batch 190 grad norm: 0.969914
2026-06-15 21:03:19,274 - debug - DEBUG - compute_metrics_and_record started for epoch 33
2026-06-15 21:03:19,274 - debug - DEBUG - all_preds length: 25000, all_targets length: 25000
2026-06-15 21:03:19,275 - debug - DEBUG - First 10 preds: [3, 8, 4, 3, 6, 4, 8, 3, 2, 8]
2026-06-15 21:03:19,275 - debug - DEBUG - First 10 targets: [2, 0, 4, 5, 6, 4, 8, 3, 5, 8]
2026-06-15 21:03:19,283 - debug - DEBUG - Unique predicted classes: 10 (first 10: [0 1 2 3 4 5 6 7 8 9])
2026-06-15 21:03:19,283 - debug - DEBUG - Unique target classes: 10 (first 10: [0 1 2 3 4 5 6 7 8 9])
2026-06-15 21:03:22,322 - debug - DEBUG - compute_metrics_and_record started for epoch 33
2026-06-15 21:03:22,323 - debug - DEBUG - all_preds length: 10000, all_targets length: 10000
2026-06-15 21:03:22,323 - debug - DEBUG - First 10 preds: [3, 8, 0, 0, 6, 5, 1, 4, 3, 1]
2026-06-15 21:03:22,323 - debug - DEBUG - First 10 targets: [3, 8, 8, 0, 6, 6, 1, 6, 3, 1]
2026-06-15 21:03:22,326 - debug - DEBUG - Unique predicted classes: 10 (first 10: [0 1 2 3 4 5 6 7 8 9])
2026-06-15 21:03:22,326 - debug - DEBUG - Unique target classes: 10 (first 10: [0 1 2 3 4 5 6 7 8 9])
2026-06-15 21:03:22,624 - debug - DEBUG - Device Check - Batch 0
2026-06-15 21:03:22,624 - debug - DEBUG -   Config GPU ID: 1
2026-06-15 21:03:22,625 - debug - DEBUG -   Input Device:  cuda:1
2026-06-15 21:03:22,625 - debug - DEBUG -   Target Device: cuda:1
2026-06-15 21:03:22,625 - debug - DEBUG -   Model Device:  cuda:1
2026-06-15 21:03:22,625 - debug - DEBUG -   Criterion Weight Device: No weights
2026-06-15 21:03:23,439 - debug - DEBUG - Batch 0 grad norm: 0.768727
2026-06-15 21:03:24,951 - debug - DEBUG - Batch 10 grad norm: 0.987363
2026-06-15 21:03:26,467 - debug - DEBUG - Batch 20 grad norm: 1.376512
2026-06-15 21:03:27,971 - debug - DEBUG - Batch 30 grad norm: 1.252249
2026-06-15 21:03:29,461 - debug - DEBUG - Batch 40 grad norm: 1.275435
2026-06-15 21:03:30,958 - debug - DEBUG - Batch 50 grad norm: 0.980132
2026-06-15 21:03:32,448 - debug - DEBUG - Batch 60 grad norm: 1.075841
2026-06-15 21:03:33,945 - debug - DEBUG - Batch 70 grad norm: 0.985013
2026-06-15 21:03:35,346 - debug - DEBUG - Batch 80 grad norm: 0.874159
2026-06-15 21:03:36,901 - debug - DEBUG - Batch 90 grad norm: 1.120925
2026-06-15 21:03:38,351 - debug - DEBUG - Batch 100 grad norm: 1.402890
2026-06-15 21:03:39,811 - debug - DEBUG - Batch 110 grad norm: 1.078604
2026-06-15 21:03:41,317 - debug - DEBUG - Batch 120 grad norm: 1.246334
2026-06-15 21:03:42,863 - debug - DEBUG - Batch 130 grad norm: 0.907606
2026-06-15 21:03:44,262 - debug - DEBUG - Batch 140 grad norm: 1.046940
2026-06-15 21:03:45,757 - debug - DEBUG - Batch 150 grad norm: 1.088243
2026-06-15 21:03:47,238 - debug - DEBUG - Batch 160 grad norm: 1.175151
2026-06-15 21:03:48,737 - debug - DEBUG - Batch 170 grad norm: 1.006269
2026-06-15 21:03:50,222 - debug - DEBUG - Batch 180 grad norm: 1.019105
2026-06-15 21:03:51,720 - debug - DEBUG - Batch 190 grad norm: 1.375613
2026-06-15 21:03:52,175 - debug - DEBUG - compute_metrics_and_record started for epoch 34
2026-06-15 21:03:52,175 - debug - DEBUG - all_preds length: 25000, all_targets length: 25000
2026-06-15 21:03:52,175 - debug - DEBUG - First 10 preds: [2, 2, 6, 5, 0, 4, 9, 2, 0, 5]
2026-06-15 21:03:52,175 - debug - DEBUG - First 10 targets: [2, 2, 6, 5, 0, 4, 9, 2, 0, 5]
2026-06-15 21:03:52,181 - debug - DEBUG - Unique predicted classes: 10 (first 10: [0 1 2 3 4 5 6 7 8 9])
2026-06-15 21:03:52,181 - debug - DEBUG - Unique target classes: 10 (first 10: [0 1 2 3 4 5 6 7 8 9])
2026-06-15 21:03:55,158 - debug - DEBUG - compute_metrics_and_record started for epoch 34
2026-06-15 21:03:55,158 - debug - DEBUG - all_preds length: 10000, all_targets length: 10000
2026-06-15 21:03:55,158 - debug - DEBUG - First 10 preds: [3, 8, 8, 0, 6, 6, 1, 6, 3, 1]
2026-06-15 21:03:55,159 - debug - DEBUG - First 10 targets: [3, 8, 8, 0, 6, 6, 1, 6, 3, 1]
2026-06-15 21:03:55,161 - debug - DEBUG - Unique predicted classes: 10 (first 10: [0 1 2 3 4 5 6 7 8 9])
2026-06-15 21:03:55,161 - debug - DEBUG - Unique target classes: 10 (first 10: [0 1 2 3 4 5 6 7 8 9])
2026-06-15 21:03:55,460 - debug - DEBUG - Device Check - Batch 0
2026-06-15 21:03:55,460 - debug - DEBUG -   Config GPU ID: 1
2026-06-15 21:03:55,461 - debug - DEBUG -   Input Device:  cuda:1
2026-06-15 21:03:55,461 - debug - DEBUG -   Target Device: cuda:1
2026-06-15 21:03:55,461 - debug - DEBUG -   Model Device:  cuda:1
2026-06-15 21:03:55,461 - debug - DEBUG -   Criterion Weight Device: No weights
2026-06-15 21:03:56,208 - debug - DEBUG - Batch 0 grad norm: 1.094852
2026-06-15 21:03:57,725 - debug - DEBUG - Batch 10 grad norm: 0.963029
2026-06-15 21:03:59,236 - debug - DEBUG - Batch 20 grad norm: 0.788708
2026-06-15 21:04:00,755 - debug - DEBUG - Batch 30 grad norm: 0.958374
2026-06-15 21:04:02,265 - debug - DEBUG - Batch 40 grad norm: 0.931736
2026-06-15 21:04:03,776 - debug - DEBUG - Batch 50 grad norm: 0.862739
2026-06-15 21:04:05,298 - debug - DEBUG - Batch 60 grad norm: 1.105165
2026-06-15 21:04:06,806 - debug - DEBUG - Batch 70 grad norm: 1.038341
2026-06-15 21:04:08,212 - debug - DEBUG - Batch 80 grad norm: 1.348088
2026-06-15 21:04:09,767 - debug - DEBUG - Batch 90 grad norm: 1.223879
2026-06-15 21:04:11,239 - debug - DEBUG - Batch 100 grad norm: 1.286201
2026-06-15 21:04:12,735 - debug - DEBUG - Batch 110 grad norm: 1.052064
2026-06-15 21:04:14,233 - debug - DEBUG - Batch 120 grad norm: 0.857972
2026-06-15 21:04:15,729 - debug - DEBUG - Batch 130 grad norm: 0.966262
2026-06-15 21:04:17,223 - debug - DEBUG - Batch 140 grad norm: 0.919686
2026-06-15 21:04:18,714 - debug - DEBUG - Batch 150 grad norm: 1.041478
2026-06-15 21:04:20,204 - debug - DEBUG - Batch 160 grad norm: 1.161123
2026-06-15 21:04:21,696 - debug - DEBUG - Batch 170 grad norm: 1.234085
2026-06-15 21:04:23,187 - debug - DEBUG - Batch 180 grad norm: 0.853734
2026-06-15 21:04:24,688 - debug - DEBUG - Batch 190 grad norm: 1.074439
2026-06-15 21:04:25,198 - debug - DEBUG - compute_metrics_and_record started for epoch 35
2026-06-15 21:04:25,198 - debug - DEBUG - all_preds length: 25000, all_targets length: 25000
2026-06-15 21:04:25,198 - debug - DEBUG - First 10 preds: [1, 0, 8, 7, 9, 2, 2, 6, 1, 5]
2026-06-15 21:04:25,198 - debug - DEBUG - First 10 targets: [1, 0, 3, 7, 9, 2, 2, 6, 1, 5]
2026-06-15 21:04:25,206 - debug - DEBUG - Unique predicted classes: 10 (first 10: [0 1 2 3 4 5 6 7 8 9])
2026-06-15 21:04:25,206 - debug - DEBUG - Unique target classes: 10 (first 10: [0 1 2 3 4 5 6 7 8 9])
2026-06-15 21:04:28,164 - debug - DEBUG - compute_metrics_and_record started for epoch 35
2026-06-15 21:04:28,164 - debug - DEBUG - all_preds length: 10000, all_targets length: 10000
2026-06-15 21:04:28,164 - debug - DEBUG - First 10 preds: [3, 8, 1, 2, 6, 5, 1, 6, 3, 1]
2026-06-15 21:04:28,164 - debug - DEBUG - First 10 targets: [3, 8, 8, 0, 6, 6, 1, 6, 3, 1]
2026-06-15 21:04:28,166 - debug - DEBUG - Unique predicted classes: 10 (first 10: [0 1 2 3 4 5 6 7 8 9])
2026-06-15 21:04:28,167 - debug - DEBUG - Unique target classes: 10 (first 10: [0 1 2 3 4 5 6 7 8 9])
2026-06-15 21:04:28,420 - debug - DEBUG - Device Check - Batch 0
2026-06-15 21:04:28,420 - debug - DEBUG -   Config GPU ID: 1
2026-06-15 21:04:28,421 - debug - DEBUG -   Input Device:  cuda:1
2026-06-15 21:04:28,421 - debug - DEBUG -   Target Device: cuda:1
2026-06-15 21:04:28,421 - debug - DEBUG -   Model Device:  cuda:1
2026-06-15 21:04:28,421 - debug - DEBUG -   Criterion Weight Device: No weights
2026-06-15 21:04:29,262 - debug - DEBUG - Batch 0 grad norm: 1.074616
2026-06-15 21:04:30,611 - debug - DEBUG - Batch 10 grad norm: 1.008029
2026-06-15 21:04:32,130 - debug - DEBUG - Batch 20 grad norm: 0.937875
2026-06-15 21:04:33,640 - debug - DEBUG - Batch 30 grad norm: 1.135746
2026-06-15 21:04:35,241 - debug - DEBUG - Batch 40 grad norm: 0.870828
2026-06-15 21:04:36,751 - debug - DEBUG - Batch 50 grad norm: 1.334999
2026-06-15 21:04:38,266 - debug - DEBUG - Batch 60 grad norm: 1.311221
2026-06-15 21:04:39,775 - debug - DEBUG - Batch 70 grad norm: 1.211659
2026-06-15 21:04:41,211 - debug - DEBUG - Batch 80 grad norm: 1.118339
2026-06-15 21:04:42,786 - debug - DEBUG - Batch 90 grad norm: 1.130652
2026-06-15 21:04:44,233 - debug - DEBUG - Batch 100 grad norm: 0.903486
2026-06-15 21:04:45,750 - debug - DEBUG - Batch 110 grad norm: 1.009420
2026-06-15 21:04:47,259 - debug - DEBUG - Batch 120 grad norm: 1.099842
2026-06-15 21:04:48,768 - debug - DEBUG - Batch 130 grad norm: 1.017259
2026-06-15 21:04:50,267 - debug - DEBUG - Batch 140 grad norm: 1.160794
2026-06-15 21:04:51,761 - debug - DEBUG - Batch 150 grad norm: 1.030733
2026-06-15 21:04:53,258 - debug - DEBUG - Batch 160 grad norm: 1.155264
2026-06-15 21:04:54,753 - debug - DEBUG - Batch 170 grad norm: 0.969656
2026-06-15 21:04:56,249 - debug - DEBUG - Batch 180 grad norm: 0.894069
2026-06-15 21:04:57,741 - debug - DEBUG - Batch 190 grad norm: 1.150478
2026-06-15 21:04:58,161 - debug - DEBUG - compute_metrics_and_record started for epoch 36
2026-06-15 21:04:58,162 - debug - DEBUG - all_preds length: 25000, all_targets length: 25000
2026-06-15 21:04:58,162 - debug - DEBUG - First 10 preds: [8, 3, 3, 5, 2, 4, 9, 2, 7, 5]
2026-06-15 21:04:58,162 - debug - DEBUG - First 10 targets: [8, 3, 3, 5, 2, 4, 9, 2, 7, 5]
2026-06-15 21:04:58,169 - debug - DEBUG - Unique predicted classes: 10 (first 10: [0 1 2 3 4 5 6 7 8 9])
2026-06-15 21:04:58,169 - debug - DEBUG - Unique target classes: 10 (first 10: [0 1 2 3 4 5 6 7 8 9])
2026-06-15 21:05:01,175 - debug - DEBUG - compute_metrics_and_record started for epoch 36
2026-06-15 21:05:01,175 - debug - DEBUG - all_preds length: 10000, all_targets length: 10000
2026-06-15 21:05:01,175 - debug - DEBUG - First 10 preds: [3, 8, 0, 8, 6, 6, 1, 6, 3, 6]
2026-06-15 21:05:01,175 - debug - DEBUG - First 10 targets: [3, 8, 8, 0, 6, 6, 1, 6, 3, 1]
2026-06-15 21:05:01,178 - debug - DEBUG - Unique predicted classes: 10 (first 10: [0 1 2 3 4 5 6 7 8 9])
2026-06-15 21:05:01,178 - debug - DEBUG - Unique target classes: 10 (first 10: [0 1 2 3 4 5 6 7 8 9])
2026-06-15 21:05:01,707 - debug - DEBUG - Device Check - Batch 0
2026-06-15 21:05:01,708 - debug - DEBUG -   Config GPU ID: 1
2026-06-15 21:05:01,708 - debug - DEBUG -   Input Device:  cuda:1
2026-06-15 21:05:01,708 - debug - DEBUG -   Target Device: cuda:1
2026-06-15 21:05:01,709 - debug - DEBUG -   Model Device:  cuda:1
2026-06-15 21:05:01,709 - debug - DEBUG -   Criterion Weight Device: No weights
2026-06-15 21:05:02,406 - debug - DEBUG - Batch 0 grad norm: 1.103890
2026-06-15 21:05:03,898 - debug - DEBUG - Batch 10 grad norm: 0.972168
2026-06-15 21:05:05,390 - debug - DEBUG - Batch 20 grad norm: 1.158911
2026-06-15 21:05:06,880 - debug - DEBUG - Batch 30 grad norm: 0.861682
2026-06-15 21:05:08,378 - debug - DEBUG - Batch 40 grad norm: 1.012248
2026-06-15 21:05:09,871 - debug - DEBUG - Batch 50 grad norm: 1.024253
2026-06-15 21:05:11,362 - debug - DEBUG - Batch 60 grad norm: 1.276186
2026-06-15 21:05:12,849 - debug - DEBUG - Batch 70 grad norm: 1.259590
2026-06-15 21:05:14,356 - debug - DEBUG - Batch 80 grad norm: 1.284371
2026-06-15 21:05:15,975 - debug - DEBUG - Batch 90 grad norm: 0.823981
2026-06-15 21:05:17,223 - debug - DEBUG - Batch 100 grad norm: 0.883094
2026-06-15 21:05:18,717 - debug - DEBUG - Batch 110 grad norm: 1.081231
2026-06-15 21:05:20,204 - debug - DEBUG - Batch 120 grad norm: 1.042090
2026-06-15 21:05:21,692 - debug - DEBUG - Batch 130 grad norm: 1.280499
2026-06-15 21:05:23,183 - debug - DEBUG - Batch 140 grad norm: 0.877928
2026-06-15 21:05:24,695 - debug - DEBUG - Batch 150 grad norm: 1.134055
2026-06-15 21:05:26,198 - debug - DEBUG - Batch 160 grad norm: 0.975772
2026-06-15 21:05:27,699 - debug - DEBUG - Batch 170 grad norm: 1.246807
2026-06-15 21:05:29,199 - debug - DEBUG - Batch 180 grad norm: 0.971055
2026-06-15 21:05:30,705 - debug - DEBUG - Batch 190 grad norm: 1.187274
2026-06-15 21:05:31,164 - debug - DEBUG - compute_metrics_and_record started for epoch 37
2026-06-15 21:05:31,165 - debug - DEBUG - all_preds length: 25000, all_targets length: 25000
2026-06-15 21:05:31,165 - debug - DEBUG - First 10 preds: [4, 3, 2, 9, 6, 4, 6, 6, 4, 0]
2026-06-15 21:05:31,165 - debug - DEBUG - First 10 targets: [4, 3, 2, 9, 6, 4, 6, 6, 4, 0]
2026-06-15 21:05:31,175 - debug - DEBUG - Unique predicted classes: 10 (first 10: [0 1 2 3 4 5 6 7 8 9])
2026-06-15 21:05:31,175 - debug - DEBUG - Unique target classes: 10 (first 10: [0 1 2 3 4 5 6 7 8 9])
2026-06-15 21:05:34,078 - debug - DEBUG - compute_metrics_and_record started for epoch 37
2026-06-15 21:05:34,079 - debug - DEBUG - all_preds length: 10000, all_targets length: 10000
2026-06-15 21:05:34,079 - debug - DEBUG - First 10 preds: [3, 8, 0, 0, 6, 6, 1, 6, 3, 1]
2026-06-15 21:05:34,079 - debug - DEBUG - First 10 targets: [3, 8, 8, 0, 6, 6, 1, 6, 3, 1]
2026-06-15 21:05:34,081 - debug - DEBUG - Unique predicted classes: 10 (first 10: [0 1 2 3 4 5 6 7 8 9])
2026-06-15 21:05:34,081 - debug - DEBUG - Unique target classes: 10 (first 10: [0 1 2 3 4 5 6 7 8 9])
2026-06-15 21:05:34,375 - debug - DEBUG - Device Check - Batch 0
2026-06-15 21:05:34,375 - debug - DEBUG -   Config GPU ID: 1
2026-06-15 21:05:34,376 - debug - DEBUG -   Input Device:  cuda:1
2026-06-15 21:05:34,376 - debug - DEBUG -   Target Device: cuda:1
2026-06-15 21:05:34,376 - debug - DEBUG -   Model Device:  cuda:1
2026-06-15 21:05:34,376 - debug - DEBUG -   Criterion Weight Device: No weights
2026-06-15 21:05:35,085 - debug - DEBUG - Batch 0 grad norm: 1.414186
2026-06-15 21:05:36,599 - debug - DEBUG - Batch 10 grad norm: 1.109297
2026-06-15 21:05:38,115 - debug - DEBUG - Batch 20 grad norm: 1.447204
2026-06-15 21:05:39,610 - debug - DEBUG - Batch 30 grad norm: 1.207130
2026-06-15 21:05:41,105 - debug - DEBUG - Batch 40 grad norm: 1.019079
2026-06-15 21:05:42,596 - debug - DEBUG - Batch 50 grad norm: 0.952163
2026-06-15 21:05:44,093 - debug - DEBUG - Batch 60 grad norm: 0.846830
2026-06-15 21:05:45,594 - debug - DEBUG - Batch 70 grad norm: 1.084677
2026-06-15 21:05:47,096 - debug - DEBUG - Batch 80 grad norm: 1.074882
2026-06-15 21:05:48,653 - debug - DEBUG - Batch 90 grad norm: 0.988516
2026-06-15 21:05:50,004 - debug - DEBUG - Batch 100 grad norm: 1.074323
2026-06-15 21:05:51,493 - debug - DEBUG - Batch 110 grad norm: 1.253428
2026-06-15 21:05:52,988 - debug - DEBUG - Batch 120 grad norm: 1.418938
2026-06-15 21:05:54,482 - debug - DEBUG - Batch 130 grad norm: 1.241760
2026-06-15 21:05:55,972 - debug - DEBUG - Batch 140 grad norm: 1.094673
2026-06-15 21:05:57,470 - debug - DEBUG - Batch 150 grad norm: 1.104650
2026-06-15 21:05:58,981 - debug - DEBUG - Batch 160 grad norm: 0.980205
2026-06-15 21:06:00,492 - debug - DEBUG - Batch 170 grad norm: 1.347960
2026-06-15 21:06:02,072 - debug - DEBUG - Batch 180 grad norm: 0.968665
2026-06-15 21:06:03,435 - debug - DEBUG - Batch 190 grad norm: 0.907219
2026-06-15 21:06:03,930 - debug - DEBUG - compute_metrics_and_record started for epoch 38
2026-06-15 21:06:03,930 - debug - DEBUG - all_preds length: 25000, all_targets length: 25000
2026-06-15 21:06:03,931 - debug - DEBUG - First 10 preds: [5, 9, 6, 2, 7, 2, 1, 1, 7, 0]
2026-06-15 21:06:03,931 - debug - DEBUG - First 10 targets: [5, 9, 6, 2, 7, 2, 1, 1, 7, 0]
2026-06-15 21:06:03,936 - debug - DEBUG - Unique predicted classes: 10 (first 10: [0 1 2 3 4 5 6 7 8 9])
2026-06-15 21:06:03,937 - debug - DEBUG - Unique target classes: 10 (first 10: [0 1 2 3 4 5 6 7 8 9])
2026-06-15 21:06:06,788 - debug - DEBUG - compute_metrics_and_record started for epoch 38
2026-06-15 21:06:06,788 - debug - DEBUG - all_preds length: 10000, all_targets length: 10000
2026-06-15 21:06:06,788 - debug - DEBUG - First 10 preds: [3, 8, 0, 0, 6, 3, 1, 6, 3, 1]
2026-06-15 21:06:06,789 - debug - DEBUG - First 10 targets: [3, 8, 8, 0, 6, 6, 1, 6, 3, 1]
2026-06-15 21:06:06,791 - debug - DEBUG - Unique predicted classes: 10 (first 10: [0 1 2 3 4 5 6 7 8 9])
2026-06-15 21:06:06,792 - debug - DEBUG - Unique target classes: 10 (first 10: [0 1 2 3 4 5 6 7 8 9])
2026-06-15 21:06:07,101 - debug - DEBUG - Device Check - Batch 0
2026-06-15 21:06:07,102 - debug - DEBUG -   Config GPU ID: 1
2026-06-15 21:06:07,102 - debug - DEBUG -   Input Device:  cuda:1
2026-06-15 21:06:07,102 - debug - DEBUG -   Target Device: cuda:1
2026-06-15 21:06:07,103 - debug - DEBUG -   Model Device:  cuda:1
2026-06-15 21:06:07,103 - debug - DEBUG -   Criterion Weight Device: No weights
2026-06-15 21:06:07,749 - debug - DEBUG - Batch 0 grad norm: 0.778431
2026-06-15 21:06:09,260 - debug - DEBUG - Batch 10 grad norm: 0.982703
2026-06-15 21:06:10,764 - debug - DEBUG - Batch 20 grad norm: 0.896506
2026-06-15 21:06:12,271 - debug - DEBUG - Batch 30 grad norm: 1.135326
2026-06-15 21:06:13,779 - debug - DEBUG - Batch 40 grad norm: 1.037118
2026-06-15 21:06:15,290 - debug - DEBUG - Batch 50 grad norm: 1.048594
2026-06-15 21:06:16,806 - debug - DEBUG - Batch 60 grad norm: 1.248394
2026-06-15 21:06:18,306 - debug - DEBUG - Batch 70 grad norm: 1.111266
2026-06-15 21:06:19,798 - debug - DEBUG - Batch 80 grad norm: 0.902767
2026-06-15 21:06:21,356 - debug - DEBUG - Batch 90 grad norm: 1.120604
2026-06-15 21:06:22,722 - debug - DEBUG - Batch 100 grad norm: 1.020665
2026-06-15 21:06:24,227 - debug - DEBUG - Batch 110 grad norm: 1.061274
2026-06-15 21:06:25,720 - debug - DEBUG - Batch 120 grad norm: 1.034387
2026-06-15 21:06:27,211 - debug - DEBUG - Batch 130 grad norm: 0.973541
2026-06-15 21:06:28,716 - debug - DEBUG - Batch 140 grad norm: 1.203349
2026-06-15 21:06:30,213 - debug - DEBUG - Batch 150 grad norm: 1.119642
2026-06-15 21:06:31,706 - debug - DEBUG - Batch 160 grad norm: 1.084077
2026-06-15 21:06:33,200 - debug - DEBUG - Batch 170 grad norm: 0.919599
2026-06-15 21:06:34,692 - debug - DEBUG - Batch 180 grad norm: 1.179766
2026-06-15 21:06:36,135 - debug - DEBUG - Batch 190 grad norm: 1.242592
2026-06-15 21:06:36,626 - debug - DEBUG - compute_metrics_and_record started for epoch 39
2026-06-15 21:06:36,626 - debug - DEBUG - all_preds length: 25000, all_targets length: 25000
2026-06-15 21:06:36,627 - debug - DEBUG - First 10 preds: [1, 6, 6, 9, 5, 5, 2, 2, 5, 0]
2026-06-15 21:06:36,627 - debug - DEBUG - First 10 targets: [1, 6, 6, 9, 5, 5, 2, 2, 2, 0]
2026-06-15 21:06:36,633 - debug - DEBUG - Unique predicted classes: 10 (first 10: [0 1 2 3 4 5 6 7 8 9])
2026-06-15 21:06:36,634 - debug - DEBUG - Unique target classes: 10 (first 10: [0 1 2 3 4 5 6 7 8 9])
2026-06-15 21:06:39,538 - debug - DEBUG - compute_metrics_and_record started for epoch 39
2026-06-15 21:06:39,538 - debug - DEBUG - all_preds length: 10000, all_targets length: 10000
2026-06-15 21:06:39,538 - debug - DEBUG - First 10 preds: [3, 8, 8, 8, 6, 6, 1, 6, 3, 1]
2026-06-15 21:06:39,538 - debug - DEBUG - First 10 targets: [3, 8, 8, 0, 6, 6, 1, 6, 3, 1]
2026-06-15 21:06:39,541 - debug - DEBUG - Unique predicted classes: 10 (first 10: [0 1 2 3 4 5 6 7 8 9])
2026-06-15 21:06:39,541 - debug - DEBUG - Unique target classes: 10 (first 10: [0 1 2 3 4 5 6 7 8 9])
2026-06-15 21:06:39,791 - debug - DEBUG - Device Check - Batch 0
2026-06-15 21:06:39,792 - debug - DEBUG -   Config GPU ID: 1
2026-06-15 21:06:39,792 - debug - DEBUG -   Input Device:  cuda:1
2026-06-15 21:06:39,792 - debug - DEBUG -   Target Device: cuda:1
2026-06-15 21:06:39,792 - debug - DEBUG -   Model Device:  cuda:1
2026-06-15 21:06:39,793 - debug - DEBUG -   Criterion Weight Device: No weights
2026-06-15 21:06:40,500 - debug - DEBUG - Batch 0 grad norm: 1.104753
2026-06-15 21:06:42,008 - debug - DEBUG - Batch 10 grad norm: 1.449483
2026-06-15 21:06:43,517 - debug - DEBUG - Batch 20 grad norm: 1.105707
2026-06-15 21:06:45,023 - debug - DEBUG - Batch 30 grad norm: 0.863378
2026-06-15 21:06:46,392 - debug - DEBUG - Batch 40 grad norm: 0.890422
2026-06-15 21:06:47,981 - debug - DEBUG - Batch 50 grad norm: 0.935159
2026-06-15 21:06:49,431 - debug - DEBUG - Batch 60 grad norm: 0.865515
2026-06-15 21:06:50,907 - debug - DEBUG - Batch 70 grad norm: 1.126500
2026-06-15 21:06:52,355 - debug - DEBUG - Batch 80 grad norm: 1.167853
2026-06-15 21:06:53,922 - debug - DEBUG - Batch 90 grad norm: 1.209181
2026-06-15 21:06:55,320 - debug - DEBUG - Batch 100 grad norm: 1.071399
2026-06-15 21:06:56,810 - debug - DEBUG - Batch 110 grad norm: 1.118724
2026-06-15 21:06:58,300 - debug - DEBUG - Batch 120 grad norm: 0.910027
2026-06-15 21:06:59,795 - debug - DEBUG - Batch 130 grad norm: 1.363060
2026-06-15 21:07:01,291 - debug - DEBUG - Batch 140 grad norm: 1.075432
2026-06-15 21:07:02,781 - debug - DEBUG - Batch 150 grad norm: 1.403161
2026-06-15 21:07:04,273 - debug - DEBUG - Batch 160 grad norm: 1.586498
2026-06-15 21:07:05,775 - debug - DEBUG - Batch 170 grad norm: 0.772942
2026-06-15 21:07:07,290 - debug - DEBUG - Batch 180 grad norm: 0.967072
2026-06-15 21:07:08,802 - debug - DEBUG - Batch 190 grad norm: 1.073803
2026-06-15 21:07:09,178 - debug - DEBUG - compute_metrics_and_record started for epoch 40
2026-06-15 21:07:09,178 - debug - DEBUG - all_preds length: 25000, all_targets length: 25000
2026-06-15 21:07:09,178 - debug - DEBUG - First 10 preds: [9, 6, 0, 7, 4, 3, 5, 2, 5, 8]
2026-06-15 21:07:09,178 - debug - DEBUG - First 10 targets: [9, 6, 0, 7, 4, 5, 5, 6, 5, 8]
2026-06-15 21:07:09,186 - debug - DEBUG - Unique predicted classes: 10 (first 10: [0 1 2 3 4 5 6 7 8 9])
2026-06-15 21:07:09,186 - debug - DEBUG - Unique target classes: 10 (first 10: [0 1 2 3 4 5 6 7 8 9])
2026-06-15 21:07:12,134 - debug - DEBUG - compute_metrics_and_record started for epoch 40
2026-06-15 21:07:12,135 - debug - DEBUG - all_preds length: 10000, all_targets length: 10000
2026-06-15 21:07:12,135 - debug - DEBUG - First 10 preds: [3, 8, 9, 0, 6, 3, 9, 7, 3, 9]
2026-06-15 21:07:12,135 - debug - DEBUG - First 10 targets: [3, 8, 8, 0, 6, 6, 1, 6, 3, 1]
2026-06-15 21:07:12,138 - debug - DEBUG - Unique predicted classes: 10 (first 10: [0 1 2 3 4 5 6 7 8 9])
2026-06-15 21:07:12,138 - debug - DEBUG - Unique target classes: 10 (first 10: [0 1 2 3 4 5 6 7 8 9])
2026-06-15 21:07:12,394 - debug - DEBUG - Device Check - Batch 0
2026-06-15 21:07:12,394 - debug - DEBUG -   Config GPU ID: 1
2026-06-15 21:07:12,394 - debug - DEBUG -   Input Device:  cuda:1
2026-06-15 21:07:12,394 - debug - DEBUG -   Target Device: cuda:1
2026-06-15 21:07:12,395 - debug - DEBUG -   Model Device:  cuda:1
2026-06-15 21:07:12,395 - debug - DEBUG -   Criterion Weight Device: No weights
2026-06-15 21:07:13,192 - debug - DEBUG - Batch 0 grad norm: 0.881683
2026-06-15 21:07:14,703 - debug - DEBUG - Batch 10 grad norm: 1.071722
2026-06-15 21:07:16,207 - debug - DEBUG - Batch 20 grad norm: 1.096855
2026-06-15 21:07:17,714 - debug - DEBUG - Batch 30 grad norm: 1.286865
2026-06-15 21:07:19,230 - debug - DEBUG - Batch 40 grad norm: 1.205489
2026-06-15 21:07:20,718 - debug - DEBUG - Batch 50 grad norm: 1.137634
2026-06-15 21:07:22,216 - debug - DEBUG - Batch 60 grad norm: 0.945734
2026-06-15 21:07:23,707 - debug - DEBUG - Batch 70 grad norm: 1.107243
2026-06-15 21:07:25,098 - debug - DEBUG - Batch 80 grad norm: 1.230035
2026-06-15 21:07:26,656 - debug - DEBUG - Batch 90 grad norm: 1.353333
2026-06-15 21:07:28,110 - debug - DEBUG - Batch 100 grad norm: 1.413908
2026-06-15 21:07:29,599 - debug - DEBUG - Batch 110 grad norm: 1.172131
2026-06-15 21:07:31,091 - debug - DEBUG - Batch 120 grad norm: 1.168160
2026-06-15 21:07:32,580 - debug - DEBUG - Batch 130 grad norm: 1.251270
2026-06-15 21:07:34,077 - debug - DEBUG - Batch 140 grad norm: 1.071128
2026-06-15 21:07:35,624 - debug - DEBUG - Batch 150 grad norm: 0.971503
2026-06-15 21:07:36,988 - debug - DEBUG - Batch 160 grad norm: 0.956521
2026-06-15 21:07:38,482 - debug - DEBUG - Batch 170 grad norm: 1.298959
2026-06-15 21:07:39,970 - debug - DEBUG - Batch 180 grad norm: 1.061246
2026-06-15 21:07:41,471 - debug - DEBUG - Batch 190 grad norm: 1.473420
2026-06-15 21:07:41,901 - debug - DEBUG - compute_metrics_and_record started for epoch 41
2026-06-15 21:07:41,901 - debug - DEBUG - all_preds length: 25000, all_targets length: 25000
2026-06-15 21:07:41,901 - debug - DEBUG - First 10 preds: [1, 9, 6, 7, 1, 5, 8, 4, 1, 1]
2026-06-15 21:07:41,901 - debug - DEBUG - First 10 targets: [1, 9, 6, 7, 1, 5, 8, 5, 1, 1]
2026-06-15 21:07:41,906 - debug - DEBUG - Unique predicted classes: 10 (first 10: [0 1 2 3 4 5 6 7 8 9])
2026-06-15 21:07:41,906 - debug - DEBUG - Unique target classes: 10 (first 10: [0 1 2 3 4 5 6 7 8 9])
2026-06-15 21:07:44,859 - debug - DEBUG - compute_metrics_and_record started for epoch 41
2026-06-15 21:07:44,859 - debug - DEBUG - all_preds length: 10000, all_targets length: 10000
2026-06-15 21:07:44,859 - debug - DEBUG - First 10 preds: [3, 1, 0, 0, 6, 6, 9, 6, 4, 1]
2026-06-15 21:07:44,859 - debug - DEBUG - First 10 targets: [3, 8, 8, 0, 6, 6, 1, 6, 3, 1]
2026-06-15 21:07:44,862 - debug - DEBUG - Unique predicted classes: 10 (first 10: [0 1 2 3 4 5 6 7 8 9])
2026-06-15 21:07:44,862 - debug - DEBUG - Unique target classes: 10 (first 10: [0 1 2 3 4 5 6 7 8 9])
2026-06-15 21:07:45,148 - debug - DEBUG - Device Check - Batch 0
2026-06-15 21:07:45,149 - debug - DEBUG -   Config GPU ID: 1
2026-06-15 21:07:45,149 - debug - DEBUG -   Input Device:  cuda:1
2026-06-15 21:07:45,149 - debug - DEBUG -   Target Device: cuda:1
2026-06-15 21:07:45,149 - debug - DEBUG -   Model Device:  cuda:1
2026-06-15 21:07:45,150 - debug - DEBUG -   Criterion Weight Device: No weights
2026-06-15 21:07:45,912 - debug - DEBUG - Batch 0 grad norm: 0.969298
2026-06-15 21:07:47,416 - debug - DEBUG - Batch 10 grad norm: 1.109760
2026-06-15 21:07:48,920 - debug - DEBUG - Batch 20 grad norm: 1.163926
2026-06-15 21:07:50,435 - debug - DEBUG - Batch 30 grad norm: 1.240751
2026-06-15 21:07:51,941 - debug - DEBUG - Batch 40 grad norm: 0.803505
2026-06-15 21:07:53,450 - debug - DEBUG - Batch 50 grad norm: 1.190055
2026-06-15 21:07:54,961 - debug - DEBUG - Batch 60 grad norm: 0.980519
2026-06-15 21:07:56,481 - debug - DEBUG - Batch 70 grad norm: 1.060542
2026-06-15 21:07:57,877 - debug - DEBUG - Batch 80 grad norm: 1.271962
2026-06-15 21:07:59,424 - debug - DEBUG - Batch 90 grad norm: 0.964007
2026-06-15 21:08:00,892 - debug - DEBUG - Batch 100 grad norm: 0.869258
2026-06-15 21:08:02,382 - debug - DEBUG - Batch 110 grad norm: 0.831322
2026-06-15 21:08:03,875 - debug - DEBUG - Batch 120 grad norm: 1.061335
2026-06-15 21:08:05,370 - debug - DEBUG - Batch 130 grad norm: 0.972592
2026-06-15 21:08:06,867 - debug - DEBUG - Batch 140 grad norm: 1.194796
2026-06-15 21:08:08,363 - debug - DEBUG - Batch 150 grad norm: 1.025102
2026-06-15 21:08:09,858 - debug - DEBUG - Batch 160 grad norm: 1.025383
2026-06-15 21:08:11,353 - debug - DEBUG - Batch 170 grad norm: 1.132659
2026-06-15 21:08:12,851 - debug - DEBUG - Batch 180 grad norm: 0.934779
2026-06-15 21:08:14,349 - debug - DEBUG - Batch 190 grad norm: 0.904762
2026-06-15 21:08:14,795 - debug - DEBUG - compute_metrics_and_record started for epoch 42
2026-06-15 21:08:14,795 - debug - DEBUG - all_preds length: 25000, all_targets length: 25000
2026-06-15 21:08:14,795 - debug - DEBUG - First 10 preds: [6, 5, 1, 6, 6, 3, 9, 3, 3, 0]
2026-06-15 21:08:14,795 - debug - DEBUG - First 10 targets: [6, 5, 1, 6, 6, 3, 9, 2, 3, 0]
2026-06-15 21:08:14,801 - debug - DEBUG - Unique predicted classes: 10 (first 10: [0 1 2 3 4 5 6 7 8 9])
2026-06-15 21:08:14,801 - debug - DEBUG - Unique target classes: 10 (first 10: [0 1 2 3 4 5 6 7 8 9])
2026-06-15 21:08:17,779 - debug - DEBUG - compute_metrics_and_record started for epoch 42
2026-06-15 21:08:17,780 - debug - DEBUG - all_preds length: 10000, all_targets length: 10000
2026-06-15 21:08:17,780 - debug - DEBUG - First 10 preds: [3, 1, 1, 0, 6, 6, 1, 6, 3, 1]
2026-06-15 21:08:17,780 - debug - DEBUG - First 10 targets: [3, 8, 8, 0, 6, 6, 1, 6, 3, 1]
2026-06-15 21:08:17,782 - debug - DEBUG - Unique predicted classes: 10 (first 10: [0 1 2 3 4 5 6 7 8 9])
2026-06-15 21:08:17,782 - debug - DEBUG - Unique target classes: 10 (first 10: [0 1 2 3 4 5 6 7 8 9])
2026-06-15 21:08:18,073 - debug - DEBUG - Device Check - Batch 0
2026-06-15 21:08:18,074 - debug - DEBUG -   Config GPU ID: 1
2026-06-15 21:08:18,074 - debug - DEBUG -   Input Device:  cuda:1
2026-06-15 21:08:18,075 - debug - DEBUG -   Target Device: cuda:1
2026-06-15 21:08:18,075 - debug - DEBUG -   Model Device:  cuda:1
2026-06-15 21:08:18,075 - debug - DEBUG -   Criterion Weight Device: No weights
2026-06-15 21:08:18,828 - debug - DEBUG - Batch 0 grad norm: 0.933016
2026-06-15 21:08:20,315 - debug - DEBUG - Batch 10 grad norm: 0.775003
2026-06-15 21:08:21,900 - debug - DEBUG - Batch 20 grad norm: 0.905827
2026-06-15 21:08:23,263 - debug - DEBUG - Batch 30 grad norm: 0.988947
2026-06-15 21:08:24,773 - debug - DEBUG - Batch 40 grad norm: 0.855716
2026-06-15 21:08:26,285 - debug - DEBUG - Batch 50 grad norm: 1.049866
2026-06-15 21:08:27,793 - debug - DEBUG - Batch 60 grad norm: 1.080199
2026-06-15 21:08:29,299 - debug - DEBUG - Batch 70 grad norm: 1.102706
2026-06-15 21:08:30,707 - debug - DEBUG - Batch 80 grad norm: 1.108474
2026-06-15 21:08:32,282 - debug - DEBUG - Batch 90 grad norm: 1.182601
2026-06-15 21:08:33,758 - debug - DEBUG - Batch 100 grad norm: 1.303271
2026-06-15 21:08:35,115 - debug - DEBUG - Batch 110 grad norm: 1.396466
2026-06-15 21:08:36,589 - debug - DEBUG - Batch 120 grad norm: 1.109015
2026-06-15 21:08:38,054 - debug - DEBUG - Batch 130 grad norm: 0.989693
2026-06-15 21:08:39,522 - debug - DEBUG - Batch 140 grad norm: 0.799027
2026-06-15 21:08:40,998 - debug - DEBUG - Batch 150 grad norm: 1.126732
2026-06-15 21:08:42,460 - debug - DEBUG - Batch 160 grad norm: 0.973083
2026-06-15 21:08:43,921 - debug - DEBUG - Batch 170 grad norm: 0.887907
2026-06-15 21:08:45,396 - debug - DEBUG - Batch 180 grad norm: 0.965513
2026-06-15 21:08:46,860 - debug - DEBUG - Batch 190 grad norm: 0.891791
2026-06-15 21:08:47,290 - debug - DEBUG - compute_metrics_and_record started for epoch 43
2026-06-15 21:08:47,290 - debug - DEBUG - all_preds length: 25000, all_targets length: 25000
2026-06-15 21:08:47,290 - debug - DEBUG - First 10 preds: [9, 2, 5, 9, 0, 4, 8, 6, 1, 3]
2026-06-15 21:08:47,290 - debug - DEBUG - First 10 targets: [9, 2, 5, 9, 0, 4, 8, 6, 1, 3]
2026-06-15 21:08:47,297 - debug - DEBUG - Unique predicted classes: 10 (first 10: [0 1 2 3 4 5 6 7 8 9])
2026-06-15 21:08:47,298 - debug - DEBUG - Unique target classes: 10 (first 10: [0 1 2 3 4 5 6 7 8 9])
2026-06-15 21:08:50,229 - debug - DEBUG - compute_metrics_and_record started for epoch 43
2026-06-15 21:08:50,229 - debug - DEBUG - all_preds length: 10000, all_targets length: 10000
2026-06-15 21:08:50,229 - debug - DEBUG - First 10 preds: [3, 8, 0, 8, 6, 5, 9, 6, 3, 6]
2026-06-15 21:08:50,229 - debug - DEBUG - First 10 targets: [3, 8, 8, 0, 6, 6, 1, 6, 3, 1]
2026-06-15 21:08:50,231 - debug - DEBUG - Unique predicted classes: 10 (first 10: [0 1 2 3 4 5 6 7 8 9])
2026-06-15 21:08:50,232 - debug - DEBUG - Unique target classes: 10 (first 10: [0 1 2 3 4 5 6 7 8 9])
2026-06-15 21:08:50,511 - debug - DEBUG - Device Check - Batch 0
2026-06-15 21:08:50,512 - debug - DEBUG -   Config GPU ID: 1
2026-06-15 21:08:50,512 - debug - DEBUG -   Input Device:  cuda:1
2026-06-15 21:08:50,512 - debug - DEBUG -   Target Device: cuda:1
2026-06-15 21:08:50,512 - debug - DEBUG -   Model Device:  cuda:1
2026-06-15 21:08:50,513 - debug - DEBUG -   Criterion Weight Device: No weights
2026-06-15 21:08:51,239 - debug - DEBUG - Batch 0 grad norm: 1.029739
2026-06-15 21:08:52,693 - debug - DEBUG - Batch 10 grad norm: 0.917619
2026-06-15 21:08:53,957 - debug - DEBUG - Batch 20 grad norm: 1.081241
2026-06-15 21:08:55,234 - debug - DEBUG - Batch 30 grad norm: 1.051153
2026-06-15 21:08:56,725 - debug - DEBUG - Batch 40 grad norm: 1.100293
2026-06-15 21:08:58,208 - debug - DEBUG - Batch 50 grad norm: 1.218159
2026-06-15 21:08:59,670 - debug - DEBUG - Batch 60 grad norm: 0.932430
2026-06-15 21:09:01,185 - debug - DEBUG - Batch 70 grad norm: 0.939539
2026-06-15 21:09:02,638 - debug - DEBUG - Batch 80 grad norm: 1.101156
2026-06-15 21:09:04,208 - debug - DEBUG - Batch 90 grad norm: 1.003482
2026-06-15 21:09:05,607 - debug - DEBUG - Batch 100 grad norm: 1.367566
2026-06-15 21:09:07,188 - debug - DEBUG - Batch 110 grad norm: 1.155017
2026-06-15 21:09:08,550 - debug - DEBUG - Batch 120 grad norm: 1.067314
2026-06-15 21:09:10,050 - debug - DEBUG - Batch 130 grad norm: 1.430479
2026-06-15 21:09:11,555 - debug - DEBUG - Batch 140 grad norm: 1.061165
2026-06-15 21:09:13,058 - debug - DEBUG - Batch 150 grad norm: 1.123745
2026-06-15 21:09:14,562 - debug - DEBUG - Batch 160 grad norm: 1.197015
2026-06-15 21:09:16,060 - debug - DEBUG - Batch 170 grad norm: 0.905298
2026-06-15 21:09:17,570 - debug - DEBUG - Batch 180 grad norm: 1.093172
2026-06-15 21:09:19,078 - debug - DEBUG - Batch 190 grad norm: 0.938071
2026-06-15 21:09:19,431 - debug - DEBUG - compute_metrics_and_record started for epoch 44
2026-06-15 21:09:19,431 - debug - DEBUG - all_preds length: 25000, all_targets length: 25000
2026-06-15 21:09:19,431 - debug - DEBUG - First 10 preds: [7, 1, 5, 1, 4, 5, 9, 7, 7, 1]
2026-06-15 21:09:19,431 - debug - DEBUG - First 10 targets: [7, 1, 5, 1, 4, 5, 9, 7, 7, 1]
2026-06-15 21:09:19,440 - debug - DEBUG - Unique predicted classes: 10 (first 10: [0 1 2 3 4 5 6 7 8 9])
2026-06-15 21:09:19,440 - debug - DEBUG - Unique target classes: 10 (first 10: [0 1 2 3 4 5 6 7 8 9])
2026-06-15 21:09:22,415 - debug - DEBUG - compute_metrics_and_record started for epoch 44
2026-06-15 21:09:22,415 - debug - DEBUG - all_preds length: 10000, all_targets length: 10000
2026-06-15 21:09:22,415 - debug - DEBUG - First 10 preds: [3, 8, 8, 8, 6, 6, 1, 6, 3, 1]
2026-06-15 21:09:22,415 - debug - DEBUG - First 10 targets: [3, 8, 8, 0, 6, 6, 1, 6, 3, 1]
2026-06-15 21:09:22,418 - debug - DEBUG - Unique predicted classes: 10 (first 10: [0 1 2 3 4 5 6 7 8 9])
2026-06-15 21:09:22,418 - debug - DEBUG - Unique target classes: 10 (first 10: [0 1 2 3 4 5 6 7 8 9])
2026-06-15 21:09:22,676 - debug - DEBUG - Device Check - Batch 0
2026-06-15 21:09:22,676 - debug - DEBUG -   Config GPU ID: 1
2026-06-15 21:09:22,677 - debug - DEBUG -   Input Device:  cuda:1
2026-06-15 21:09:22,677 - debug - DEBUG -   Target Device: cuda:1
2026-06-15 21:09:22,677 - debug - DEBUG -   Model Device:  cuda:1
2026-06-15 21:09:22,677 - debug - DEBUG -   Criterion Weight Device: No weights
2026-06-15 21:09:23,507 - debug - DEBUG - Batch 0 grad norm: 0.960338
2026-06-15 21:09:24,998 - debug - DEBUG - Batch 10 grad norm: 1.235827
2026-06-15 21:09:26,495 - debug - DEBUG - Batch 20 grad norm: 1.182150
2026-06-15 21:09:27,985 - debug - DEBUG - Batch 30 grad norm: 1.067705
2026-06-15 21:09:29,481 - debug - DEBUG - Batch 40 grad norm: 1.232623
2026-06-15 21:09:30,989 - debug - DEBUG - Batch 50 grad norm: 1.078156
2026-06-15 21:09:32,444 - debug - DEBUG - Batch 60 grad norm: 0.996348
2026-06-15 21:09:33,936 - debug - DEBUG - Batch 70 grad norm: 1.074861
2026-06-15 21:09:35,346 - debug - DEBUG - Batch 80 grad norm: 0.993942
2026-06-15 21:09:36,894 - debug - DEBUG - Batch 90 grad norm: 1.235025
2026-06-15 21:09:38,328 - debug - DEBUG - Batch 100 grad norm: 1.423999
2026-06-15 21:09:39,813 - debug - DEBUG - Batch 110 grad norm: 1.352249
2026-06-15 21:09:41,322 - debug - DEBUG - Batch 120 grad norm: 0.854222
2026-06-15 21:09:42,830 - debug - DEBUG - Batch 130 grad norm: 1.689535
2026-06-15 21:09:44,338 - debug - DEBUG - Batch 140 grad norm: 1.264488
2026-06-15 21:09:45,845 - debug - DEBUG - Batch 150 grad norm: 0.995799
2026-06-15 21:09:47,347 - debug - DEBUG - Batch 160 grad norm: 1.068046
2026-06-15 21:09:48,849 - debug - DEBUG - Batch 170 grad norm: 0.975986
2026-06-15 21:09:50,356 - debug - DEBUG - Batch 180 grad norm: 1.248936
2026-06-15 21:09:51,784 - debug - DEBUG - Batch 190 grad norm: 0.959111
2026-06-15 21:09:52,198 - debug - DEBUG - compute_metrics_and_record started for epoch 45
2026-06-15 21:09:52,198 - debug - DEBUG - all_preds length: 25000, all_targets length: 25000
2026-06-15 21:09:52,198 - debug - DEBUG - First 10 preds: [8, 8, 3, 7, 8, 7, 9, 8, 1, 0]
2026-06-15 21:09:52,199 - debug - DEBUG - First 10 targets: [8, 8, 5, 7, 8, 7, 9, 8, 1, 0]
2026-06-15 21:09:52,208 - debug - DEBUG - Unique predicted classes: 10 (first 10: [0 1 2 3 4 5 6 7 8 9])
2026-06-15 21:09:52,208 - debug - DEBUG - Unique target classes: 10 (first 10: [0 1 2 3 4 5 6 7 8 9])
2026-06-15 21:09:55,165 - debug - DEBUG - compute_metrics_and_record started for epoch 45
2026-06-15 21:09:55,166 - debug - DEBUG - all_preds length: 10000, all_targets length: 10000
2026-06-15 21:09:55,166 - debug - DEBUG - First 10 preds: [3, 8, 0, 0, 6, 5, 1, 6, 3, 1]
2026-06-15 21:09:55,166 - debug - DEBUG - First 10 targets: [3, 8, 8, 0, 6, 6, 1, 6, 3, 1]
2026-06-15 21:09:55,168 - debug - DEBUG - Unique predicted classes: 10 (first 10: [0 1 2 3 4 5 6 7 8 9])
2026-06-15 21:09:55,169 - debug - DEBUG - Unique target classes: 10 (first 10: [0 1 2 3 4 5 6 7 8 9])
2026-06-15 21:09:55,408 - debug - DEBUG - Device Check - Batch 0
2026-06-15 21:09:55,409 - debug - DEBUG -   Config GPU ID: 1
2026-06-15 21:09:55,409 - debug - DEBUG -   Input Device:  cuda:1
2026-06-15 21:09:55,409 - debug - DEBUG -   Target Device: cuda:1
2026-06-15 21:09:55,410 - debug - DEBUG -   Model Device:  cuda:1
2026-06-15 21:09:55,410 - debug - DEBUG -   Criterion Weight Device: No weights
2026-06-15 21:09:56,240 - debug - DEBUG - Batch 0 grad norm: 1.025948
2026-06-15 21:09:57,751 - debug - DEBUG - Batch 10 grad norm: 1.204832
2026-06-15 21:09:59,259 - debug - DEBUG - Batch 20 grad norm: 0.855227
2026-06-15 21:10:00,767 - debug - DEBUG - Batch 30 grad norm: 0.968875
2026-06-15 21:10:02,274 - debug - DEBUG - Batch 40 grad norm: 1.026546
2026-06-15 21:10:03,868 - debug - DEBUG - Batch 50 grad norm: 1.090337
2026-06-15 21:10:05,379 - debug - DEBUG - Batch 60 grad norm: 0.908592
2026-06-15 21:10:06,873 - debug - DEBUG - Batch 70 grad norm: 0.823081
2026-06-15 21:10:08,297 - debug - DEBUG - Batch 80 grad norm: 0.869736
2026-06-15 21:10:09,854 - debug - DEBUG - Batch 90 grad norm: 1.188087
2026-06-15 21:10:11,272 - debug - DEBUG - Batch 100 grad norm: 1.116040
2026-06-15 21:10:12,757 - debug - DEBUG - Batch 110 grad norm: 1.591579
2026-06-15 21:10:14,249 - debug - DEBUG - Batch 120 grad norm: 1.024878
2026-06-15 21:10:15,750 - debug - DEBUG - Batch 130 grad norm: 1.211217
2026-06-15 21:10:17,244 - debug - DEBUG - Batch 140 grad norm: 1.067113
2026-06-15 21:10:18,736 - debug - DEBUG - Batch 150 grad norm: 1.371925
2026-06-15 21:10:20,225 - debug - DEBUG - Batch 160 grad norm: 1.382559
2026-06-15 21:10:21,714 - debug - DEBUG - Batch 170 grad norm: 0.962665
2026-06-15 21:10:23,213 - debug - DEBUG - Batch 180 grad norm: 1.319299
2026-06-15 21:10:24,723 - debug - DEBUG - Batch 190 grad norm: 1.171909
2026-06-15 21:10:25,138 - debug - DEBUG - compute_metrics_and_record started for epoch 46
2026-06-15 21:10:25,138 - debug - DEBUG - all_preds length: 25000, all_targets length: 25000
2026-06-15 21:10:25,138 - debug - DEBUG - First 10 preds: [8, 5, 0, 1, 1, 4, 5, 5, 3, 3]
2026-06-15 21:10:25,138 - debug - DEBUG - First 10 targets: [3, 5, 0, 1, 1, 7, 5, 5, 4, 3]
2026-06-15 21:10:25,145 - debug - DEBUG - Unique predicted classes: 10 (first 10: [0 1 2 3 4 5 6 7 8 9])
2026-06-15 21:10:25,145 - debug - DEBUG - Unique target classes: 10 (first 10: [0 1 2 3 4 5 6 7 8 9])
2026-06-15 21:10:28,107 - debug - DEBUG - compute_metrics_and_record started for epoch 46
2026-06-15 21:10:28,108 - debug - DEBUG - all_preds length: 10000, all_targets length: 10000
2026-06-15 21:10:28,108 - debug - DEBUG - First 10 preds: [3, 1, 8, 8, 6, 6, 1, 6, 3, 1]
2026-06-15 21:10:28,108 - debug - DEBUG - First 10 targets: [3, 8, 8, 0, 6, 6, 1, 6, 3, 1]
2026-06-15 21:10:28,110 - debug - DEBUG - Unique predicted classes: 10 (first 10: [0 1 2 3 4 5 6 7 8 9])
2026-06-15 21:10:28,111 - debug - DEBUG - Unique target classes: 10 (first 10: [0 1 2 3 4 5 6 7 8 9])
2026-06-15 21:10:28,400 - debug - DEBUG - Device Check - Batch 0
2026-06-15 21:10:28,401 - debug - DEBUG -   Config GPU ID: 1
2026-06-15 21:10:28,401 - debug - DEBUG -   Input Device:  cuda:1
2026-06-15 21:10:28,401 - debug - DEBUG -   Target Device: cuda:1
2026-06-15 21:10:28,402 - debug - DEBUG -   Model Device:  cuda:1
2026-06-15 21:10:28,402 - debug - DEBUG -   Criterion Weight Device: No weights
2026-06-15 21:10:29,162 - debug - DEBUG - Batch 0 grad norm: 1.057237
2026-06-15 21:10:30,677 - debug - DEBUG - Batch 10 grad norm: 1.458600
2026-06-15 21:10:32,196 - debug - DEBUG - Batch 20 grad norm: 1.480264
2026-06-15 21:10:33,713 - debug - DEBUG - Batch 30 grad norm: 1.249040
2026-06-15 21:10:35,221 - debug - DEBUG - Batch 40 grad norm: 0.937783
2026-06-15 21:10:36,741 - debug - DEBUG - Batch 50 grad norm: 0.996581
2026-06-15 21:10:38,133 - debug - DEBUG - Batch 60 grad norm: 0.997709
2026-06-15 21:10:39,730 - debug - DEBUG - Batch 70 grad norm: 0.942030
2026-06-15 21:10:40,908 - debug - DEBUG - Batch 80 grad norm: 1.228812
2026-06-15 21:10:42,416 - debug - DEBUG - Batch 90 grad norm: 1.471173
2026-06-15 21:10:43,896 - debug - DEBUG - Batch 100 grad norm: 1.419053
2026-06-15 21:10:45,366 - debug - DEBUG - Batch 110 grad norm: 1.321797
2026-06-15 21:10:46,880 - debug - DEBUG - Batch 120 grad norm: 0.993407
2026-06-15 21:10:48,382 - debug - DEBUG - Batch 130 grad norm: 1.392768
2026-06-15 21:10:49,876 - debug - DEBUG - Batch 140 grad norm: 0.907742
2026-06-15 21:10:51,376 - debug - DEBUG - Batch 150 grad norm: 0.840849
2026-06-15 21:10:52,863 - debug - DEBUG - Batch 160 grad norm: 1.080410
2026-06-15 21:10:54,353 - debug - DEBUG - Batch 170 grad norm: 1.152826
2026-06-15 21:10:55,860 - debug - DEBUG - Batch 180 grad norm: 1.288028
2026-06-15 21:10:57,365 - debug - DEBUG - Batch 190 grad norm: 1.237804
2026-06-15 21:10:57,825 - debug - DEBUG - compute_metrics_and_record started for epoch 47
2026-06-15 21:10:57,826 - debug - DEBUG - all_preds length: 25000, all_targets length: 25000
2026-06-15 21:10:57,826 - debug - DEBUG - First 10 preds: [4, 6, 1, 9, 5, 0, 0, 7, 2, 0]
2026-06-15 21:10:57,826 - debug - DEBUG - First 10 targets: [6, 6, 1, 9, 5, 0, 0, 7, 2, 0]
2026-06-15 21:10:57,832 - debug - DEBUG - Unique predicted classes: 10 (first 10: [0 1 2 3 4 5 6 7 8 9])
2026-06-15 21:10:57,833 - debug - DEBUG - Unique target classes: 10 (first 10: [0 1 2 3 4 5 6 7 8 9])
2026-06-15 21:11:00,774 - debug - DEBUG - compute_metrics_and_record started for epoch 47
2026-06-15 21:11:00,775 - debug - DEBUG - all_preds length: 10000, all_targets length: 10000
2026-06-15 21:11:00,775 - debug - DEBUG - First 10 preds: [3, 8, 1, 0, 6, 5, 1, 2, 3, 1]
2026-06-15 21:11:00,775 - debug - DEBUG - First 10 targets: [3, 8, 8, 0, 6, 6, 1, 6, 3, 1]
2026-06-15 21:11:00,777 - debug - DEBUG - Unique predicted classes: 10 (first 10: [0 1 2 3 4 5 6 7 8 9])
2026-06-15 21:11:00,778 - debug - DEBUG - Unique target classes: 10 (first 10: [0 1 2 3 4 5 6 7 8 9])
2026-06-15 21:11:01,029 - debug - DEBUG - Device Check - Batch 0
2026-06-15 21:11:01,030 - debug - DEBUG -   Config GPU ID: 1
2026-06-15 21:11:01,030 - debug - DEBUG -   Input Device:  cuda:1
2026-06-15 21:11:01,030 - debug - DEBUG -   Target Device: cuda:1
2026-06-15 21:11:01,030 - debug - DEBUG -   Model Device:  cuda:1
2026-06-15 21:11:01,030 - debug - DEBUG -   Criterion Weight Device: No weights
2026-06-15 21:11:01,805 - debug - DEBUG - Batch 0 grad norm: 1.205666
2026-06-15 21:11:03,328 - debug - DEBUG - Batch 10 grad norm: 0.893511
2026-06-15 21:11:04,843 - debug - DEBUG - Batch 20 grad norm: 0.855489
2026-06-15 21:11:06,364 - debug - DEBUG - Batch 30 grad norm: 1.362413
2026-06-15 21:11:07,875 - debug - DEBUG - Batch 40 grad norm: 0.600864
2026-06-15 21:11:09,376 - debug - DEBUG - Batch 50 grad norm: 0.873591
2026-06-15 21:11:10,880 - debug - DEBUG - Batch 60 grad norm: 1.258161
2026-06-15 21:11:12,387 - debug - DEBUG - Batch 70 grad norm: 1.139998
2026-06-15 21:11:13,829 - debug - DEBUG - Batch 80 grad norm: 1.133044
2026-06-15 21:11:15,374 - debug - DEBUG - Batch 90 grad norm: 1.078411
2026-06-15 21:11:16,866 - debug - DEBUG - Batch 100 grad norm: 1.102352
2026-06-15 21:11:18,339 - debug - DEBUG - Batch 110 grad norm: 1.117377
2026-06-15 21:11:19,842 - debug - DEBUG - Batch 120 grad norm: 1.288305
2026-06-15 21:11:21,342 - debug - DEBUG - Batch 130 grad norm: 1.176297
2026-06-15 21:11:22,851 - debug - DEBUG - Batch 140 grad norm: 1.007926
2026-06-15 21:11:24,344 - debug - DEBUG - Batch 150 grad norm: 1.201815
2026-06-15 21:11:25,872 - debug - DEBUG - Batch 160 grad norm: 1.095104
2026-06-15 21:11:27,443 - debug - DEBUG - Batch 170 grad norm: 1.179258
2026-06-15 21:11:28,824 - debug - DEBUG - Batch 180 grad norm: 1.158221
2026-06-15 21:11:30,318 - debug - DEBUG - Batch 190 grad norm: 0.977017
2026-06-15 21:11:30,796 - debug - DEBUG - compute_metrics_and_record started for epoch 48
2026-06-15 21:11:30,797 - debug - DEBUG - all_preds length: 25000, all_targets length: 25000
2026-06-15 21:11:30,797 - debug - DEBUG - First 10 preds: [6, 5, 8, 7, 0, 8, 9, 9, 6, 9]
2026-06-15 21:11:30,797 - debug - DEBUG - First 10 targets: [6, 6, 8, 7, 0, 8, 9, 9, 6, 9]
2026-06-15 21:11:30,802 - debug - DEBUG - Unique predicted classes: 10 (first 10: [0 1 2 3 4 5 6 7 8 9])
2026-06-15 21:11:30,803 - debug - DEBUG - Unique target classes: 10 (first 10: [0 1 2 3 4 5 6 7 8 9])
2026-06-15 21:11:33,724 - debug - DEBUG - compute_metrics_and_record started for epoch 48
2026-06-15 21:11:33,725 - debug - DEBUG - all_preds length: 10000, all_targets length: 10000
2026-06-15 21:11:33,725 - debug - DEBUG - First 10 preds: [3, 1, 0, 0, 6, 6, 1, 6, 5, 1]
2026-06-15 21:11:33,725 - debug - DEBUG - First 10 targets: [3, 8, 8, 0, 6, 6, 1, 6, 3, 1]
2026-06-15 21:11:33,727 - debug - DEBUG - Unique predicted classes: 10 (first 10: [0 1 2 3 4 5 6 7 8 9])
2026-06-15 21:11:33,728 - debug - DEBUG - Unique target classes: 10 (first 10: [0 1 2 3 4 5 6 7 8 9])
2026-06-15 21:11:33,969 - debug - DEBUG - Device Check - Batch 0
2026-06-15 21:11:33,969 - debug - DEBUG -   Config GPU ID: 1
2026-06-15 21:11:33,970 - debug - DEBUG -   Input Device:  cuda:1
2026-06-15 21:11:33,970 - debug - DEBUG -   Target Device: cuda:1
2026-06-15 21:11:33,970 - debug - DEBUG -   Model Device:  cuda:1
2026-06-15 21:11:33,970 - debug - DEBUG -   Criterion Weight Device: No weights
2026-06-15 21:11:34,669 - debug - DEBUG - Batch 0 grad norm: 1.193560
2026-06-15 21:11:36,186 - debug - DEBUG - Batch 10 grad norm: 0.961386
2026-06-15 21:11:37,708 - debug - DEBUG - Batch 20 grad norm: 1.329411
2026-06-15 21:11:39,230 - debug - DEBUG - Batch 30 grad norm: 0.829371
2026-06-15 21:11:40,745 - debug - DEBUG - Batch 40 grad norm: 0.892892
2026-06-15 21:11:42,257 - debug - DEBUG - Batch 50 grad norm: 1.036932
2026-06-15 21:11:43,759 - debug - DEBUG - Batch 60 grad norm: 0.938763
2026-06-15 21:11:45,256 - debug - DEBUG - Batch 70 grad norm: 0.898882
2026-06-15 21:11:46,693 - debug - DEBUG - Batch 80 grad norm: 1.212166
2026-06-15 21:11:48,228 - debug - DEBUG - Batch 90 grad norm: 1.146262
2026-06-15 21:11:49,639 - debug - DEBUG - Batch 100 grad norm: 1.129307
2026-06-15 21:11:51,091 - debug - DEBUG - Batch 110 grad norm: 1.055038
2026-06-15 21:11:52,588 - debug - DEBUG - Batch 120 grad norm: 1.507806
2026-06-15 21:11:54,084 - debug - DEBUG - Batch 130 grad norm: 1.044997
2026-06-15 21:11:55,601 - debug - DEBUG - Batch 140 grad norm: 1.222612
2026-06-15 21:11:57,121 - debug - DEBUG - Batch 150 grad norm: 1.098230
2026-06-15 21:11:58,638 - debug - DEBUG - Batch 160 grad norm: 1.040142
2026-06-15 21:12:00,148 - debug - DEBUG - Batch 170 grad norm: 0.990482
2026-06-15 21:12:01,667 - debug - DEBUG - Batch 180 grad norm: 0.942248
2026-06-15 21:12:03,175 - debug - DEBUG - Batch 190 grad norm: 1.212908
2026-06-15 21:12:03,593 - debug - DEBUG - compute_metrics_and_record started for epoch 49
2026-06-15 21:12:03,594 - debug - DEBUG - all_preds length: 25000, all_targets length: 25000
2026-06-15 21:12:03,594 - debug - DEBUG - First 10 preds: [0, 6, 8, 9, 0, 8, 9, 7, 4, 7]
2026-06-15 21:12:03,594 - debug - DEBUG - First 10 targets: [0, 6, 8, 8, 0, 8, 9, 7, 4, 7]
2026-06-15 21:12:03,600 - debug - DEBUG - Unique predicted classes: 10 (first 10: [0 1 2 3 4 5 6 7 8 9])
2026-06-15 21:12:03,600 - debug - DEBUG - Unique target classes: 10 (first 10: [0 1 2 3 4 5 6 7 8 9])
2026-06-15 21:12:06,592 - debug - DEBUG - compute_metrics_and_record started for epoch 49
2026-06-15 21:12:06,592 - debug - DEBUG - all_preds length: 10000, all_targets length: 10000
2026-06-15 21:12:06,592 - debug - DEBUG - First 10 preds: [3, 1, 1, 8, 6, 6, 1, 6, 3, 1]
2026-06-15 21:12:06,592 - debug - DEBUG - First 10 targets: [3, 8, 8, 0, 6, 6, 1, 6, 3, 1]
2026-06-15 21:12:06,595 - debug - DEBUG - Unique predicted classes: 10 (first 10: [0 1 2 3 4 5 6 7 8 9])
2026-06-15 21:12:06,595 - debug - DEBUG - Unique target classes: 10 (first 10: [0 1 2 3 4 5 6 7 8 9])
2026-06-15 21:12:06,858 - debug - DEBUG - Device Check - Batch 0
2026-06-15 21:12:06,859 - debug - DEBUG -   Config GPU ID: 1
2026-06-15 21:12:06,859 - debug - DEBUG -   Input Device:  cuda:1
2026-06-15 21:12:06,859 - debug - DEBUG -   Target Device: cuda:1
2026-06-15 21:12:06,859 - debug - DEBUG -   Model Device:  cuda:1
2026-06-15 21:12:06,859 - debug - DEBUG -   Criterion Weight Device: No weights
2026-06-15 21:12:07,674 - debug - DEBUG - Batch 0 grad norm: 1.038682
2026-06-15 21:12:09,186 - debug - DEBUG - Batch 10 grad norm: 0.891421
2026-06-15 21:12:10,695 - debug - DEBUG - Batch 20 grad norm: 1.147296
2026-06-15 21:12:12,066 - debug - DEBUG - Batch 30 grad norm: 1.225646
2026-06-15 21:12:13,651 - debug - DEBUG - Batch 40 grad norm: 1.220450
2026-06-15 21:12:15,130 - debug - DEBUG - Batch 50 grad norm: 1.208424
2026-06-15 21:12:16,634 - debug - DEBUG - Batch 60 grad norm: 1.146946
2026-06-15 21:12:18,143 - debug - DEBUG - Batch 70 grad norm: 1.260372
2026-06-15 21:12:19,580 - debug - DEBUG - Batch 80 grad norm: 0.942147
2026-06-15 21:12:21,119 - debug - DEBUG - Batch 90 grad norm: 0.969058
2026-06-15 21:12:22,588 - debug - DEBUG - Batch 100 grad norm: 1.079889
2026-06-15 21:12:24,042 - debug - DEBUG - Batch 110 grad norm: 1.173491
2026-06-15 21:12:25,536 - debug - DEBUG - Batch 120 grad norm: 0.814848
2026-06-15 21:12:27,031 - debug - DEBUG - Batch 130 grad norm: 1.458971
2026-06-15 21:12:28,530 - debug - DEBUG - Batch 140 grad norm: 1.079506
2026-06-15 21:12:30,019 - debug - DEBUG - Batch 150 grad norm: 1.169236
2026-06-15 21:12:31,510 - debug - DEBUG - Batch 160 grad norm: 1.168067
2026-06-15 21:12:33,002 - debug - DEBUG - Batch 170 grad norm: 1.210368
2026-06-15 21:12:34,513 - debug - DEBUG - Batch 180 grad norm: 1.679711
2026-06-15 21:12:36,022 - debug - DEBUG - Batch 190 grad norm: 1.265701
2026-06-15 21:12:36,469 - debug - DEBUG - compute_metrics_and_record started for epoch 50
2026-06-15 21:12:36,469 - debug - DEBUG - all_preds length: 25000, all_targets length: 25000
2026-06-15 21:12:36,469 - debug - DEBUG - First 10 preds: [2, 5, 6, 5, 9, 9, 5, 1, 4, 4]
2026-06-15 21:12:36,469 - debug - DEBUG - First 10 targets: [2, 5, 6, 5, 9, 0, 5, 1, 4, 4]
2026-06-15 21:12:36,475 - debug - DEBUG - Unique predicted classes: 10 (first 10: [0 1 2 3 4 5 6 7 8 9])
2026-06-15 21:12:36,475 - debug - DEBUG - Unique target classes: 10 (first 10: [0 1 2 3 4 5 6 7 8 9])
2026-06-15 21:12:39,402 - debug - DEBUG - compute_metrics_and_record started for epoch 50
2026-06-15 21:12:39,403 - debug - DEBUG - all_preds length: 10000, all_targets length: 10000
2026-06-15 21:12:39,403 - debug - DEBUG - First 10 preds: [3, 1, 1, 8, 6, 6, 1, 6, 3, 1]
2026-06-15 21:12:39,403 - debug - DEBUG - First 10 targets: [3, 8, 8, 0, 6, 6, 1, 6, 3, 1]
2026-06-15 21:12:39,405 - debug - DEBUG - Unique predicted classes: 10 (first 10: [0 1 2 3 4 5 6 7 8 9])
2026-06-15 21:12:39,405 - debug - DEBUG - Unique target classes: 10 (first 10: [0 1 2 3 4 5 6 7 8 9])
2026-06-15 21:12:39,647 - debug - DEBUG - Device Check - Batch 0
2026-06-15 21:12:39,648 - debug - DEBUG -   Config GPU ID: 1
2026-06-15 21:12:39,648 - debug - DEBUG -   Input Device:  cuda:1
2026-06-15 21:12:39,648 - debug - DEBUG -   Target Device: cuda:1
2026-06-15 21:12:39,648 - debug - DEBUG -   Model Device:  cuda:1
2026-06-15 21:12:39,649 - debug - DEBUG -   Criterion Weight Device: No weights
2026-06-15 21:12:40,373 - debug - DEBUG - Batch 0 grad norm: 1.048172
2026-06-15 21:12:41,884 - debug - DEBUG - Batch 10 grad norm: 1.153576
2026-06-15 21:12:43,386 - debug - DEBUG - Batch 20 grad norm: 1.125976
2026-06-15 21:12:44,899 - debug - DEBUG - Batch 30 grad norm: 1.176987
2026-06-15 21:12:46,410 - debug - DEBUG - Batch 40 grad norm: 0.976682
2026-06-15 21:12:47,909 - debug - DEBUG - Batch 50 grad norm: 0.869785
2026-06-15 21:12:49,409 - debug - DEBUG - Batch 60 grad norm: 1.445796
2026-06-15 21:12:50,912 - debug - DEBUG - Batch 70 grad norm: 1.232597
2026-06-15 21:12:52,370 - debug - DEBUG - Batch 80 grad norm: 1.351073
2026-06-15 21:12:53,886 - debug - DEBUG - Batch 90 grad norm: 0.711113
2026-06-15 21:12:55,374 - debug - DEBUG - Batch 100 grad norm: 0.989016
2026-06-15 21:12:56,832 - debug - DEBUG - Batch 110 grad norm: 1.190913
2026-06-15 21:12:58,283 - debug - DEBUG - Batch 120 grad norm: 1.121134
2026-06-15 21:12:59,829 - debug - DEBUG - Batch 130 grad norm: 1.117801
2026-06-15 21:13:01,338 - debug - DEBUG - Batch 140 grad norm: 1.223873
2026-06-15 21:13:02,797 - debug - DEBUG - Batch 150 grad norm: 1.130129
2026-06-15 21:13:04,291 - debug - DEBUG - Batch 160 grad norm: 1.237795
2026-06-15 21:13:05,781 - debug - DEBUG - Batch 170 grad norm: 1.113028
2026-06-15 21:13:07,283 - debug - DEBUG - Batch 180 grad norm: 0.984956
2026-06-15 21:13:08,777 - debug - DEBUG - Batch 190 grad norm: 0.982353
2026-06-15 21:13:09,271 - debug - DEBUG - compute_metrics_and_record started for epoch 51
2026-06-15 21:13:09,271 - debug - DEBUG - all_preds length: 25000, all_targets length: 25000
2026-06-15 21:13:09,271 - debug - DEBUG - First 10 preds: [4, 3, 5, 2, 2, 6, 1, 8, 9, 8]
2026-06-15 21:13:09,271 - debug - DEBUG - First 10 targets: [4, 3, 5, 2, 2, 6, 1, 8, 9, 8]
2026-06-15 21:13:09,277 - debug - DEBUG - Unique predicted classes: 10 (first 10: [0 1 2 3 4 5 6 7 8 9])
2026-06-15 21:13:09,277 - debug - DEBUG - Unique target classes: 10 (first 10: [0 1 2 3 4 5 6 7 8 9])
2026-06-15 21:13:12,354 - debug - DEBUG - compute_metrics_and_record started for epoch 51
2026-06-15 21:13:12,354 - debug - DEBUG - all_preds length: 10000, all_targets length: 10000
2026-06-15 21:13:12,354 - debug - DEBUG - First 10 preds: [3, 8, 8, 8, 6, 6, 1, 3, 3, 1]
2026-06-15 21:13:12,355 - debug - DEBUG - First 10 targets: [3, 8, 8, 0, 6, 6, 1, 6, 3, 1]
2026-06-15 21:13:12,357 - debug - DEBUG - Unique predicted classes: 10 (first 10: [0 1 2 3 4 5 6 7 8 9])
2026-06-15 21:13:12,357 - debug - DEBUG - Unique target classes: 10 (first 10: [0 1 2 3 4 5 6 7 8 9])
2026-06-15 21:13:12,655 - debug - DEBUG - Device Check - Batch 0
2026-06-15 21:13:12,656 - debug - DEBUG -   Config GPU ID: 1
2026-06-15 21:13:12,656 - debug - DEBUG -   Input Device:  cuda:1
2026-06-15 21:13:12,656 - debug - DEBUG -   Target Device: cuda:1
2026-06-15 21:13:12,657 - debug - DEBUG -   Model Device:  cuda:1
2026-06-15 21:13:12,657 - debug - DEBUG -   Criterion Weight Device: No weights
2026-06-15 21:13:13,450 - debug - DEBUG - Batch 0 grad norm: 1.110538
2026-06-15 21:13:14,940 - debug - DEBUG - Batch 10 grad norm: 0.995351
2026-06-15 21:13:16,434 - debug - DEBUG - Batch 20 grad norm: 1.131126
2026-06-15 21:13:17,927 - debug - DEBUG - Batch 30 grad norm: 1.022145
2026-06-15 21:13:19,417 - debug - DEBUG - Batch 40 grad norm: 1.016835
2026-06-15 21:13:20,906 - debug - DEBUG - Batch 50 grad norm: 1.207640
2026-06-15 21:13:22,419 - debug - DEBUG - Batch 60 grad norm: 1.110392
2026-06-15 21:13:23,932 - debug - DEBUG - Batch 70 grad norm: 1.223793
2026-06-15 21:13:25,321 - debug - DEBUG - Batch 80 grad norm: 1.039345
2026-06-15 21:13:26,888 - debug - DEBUG - Batch 90 grad norm: 1.123958
2026-06-15 21:13:28,372 - debug - DEBUG - Batch 100 grad norm: 0.980976
2026-06-15 21:13:29,857 - debug - DEBUG - Batch 110 grad norm: 0.969533
2026-06-15 21:13:31,365 - debug - DEBUG - Batch 120 grad norm: 0.784613
2026-06-15 21:13:32,884 - debug - DEBUG - Batch 130 grad norm: 1.054680
2026-06-15 21:13:34,402 - debug - DEBUG - Batch 140 grad norm: 1.101248
2026-06-15 21:13:35,926 - debug - DEBUG - Batch 150 grad norm: 1.045079
2026-06-15 21:13:37,440 - debug - DEBUG - Batch 160 grad norm: 1.143541
2026-06-15 21:13:38,946 - debug - DEBUG - Batch 170 grad norm: 0.997472
2026-06-15 21:13:40,445 - debug - DEBUG - Batch 180 grad norm: 1.407956
2026-06-15 21:13:41,926 - debug - DEBUG - Batch 190 grad norm: 1.290042
2026-06-15 21:13:42,372 - debug - DEBUG - compute_metrics_and_record started for epoch 52
2026-06-15 21:13:42,372 - debug - DEBUG - all_preds length: 25000, all_targets length: 25000
2026-06-15 21:13:42,372 - debug - DEBUG - First 10 preds: [3, 3, 5, 1, 0, 5, 4, 3, 3, 1]
2026-06-15 21:13:42,373 - debug - DEBUG - First 10 targets: [5, 3, 5, 1, 0, 5, 4, 3, 3, 1]
2026-06-15 21:13:42,380 - debug - DEBUG - Unique predicted classes: 10 (first 10: [0 1 2 3 4 5 6 7 8 9])
2026-06-15 21:13:42,381 - debug - DEBUG - Unique target classes: 10 (first 10: [0 1 2 3 4 5 6 7 8 9])
2026-06-15 21:13:45,421 - debug - DEBUG - compute_metrics_and_record started for epoch 52
2026-06-15 21:13:45,422 - debug - DEBUG - all_preds length: 10000, all_targets length: 10000
2026-06-15 21:13:45,422 - debug - DEBUG - First 10 preds: [3, 1, 1, 1, 6, 6, 1, 6, 3, 1]
2026-06-15 21:13:45,422 - debug - DEBUG - First 10 targets: [3, 8, 8, 0, 6, 6, 1, 6, 3, 1]
2026-06-15 21:13:45,425 - debug - DEBUG - Unique predicted classes: 10 (first 10: [0 1 2 3 4 5 6 7 8 9])
2026-06-15 21:13:45,425 - debug - DEBUG - Unique target classes: 10 (first 10: [0 1 2 3 4 5 6 7 8 9])
2026-06-15 21:13:45,720 - debug - DEBUG - Device Check - Batch 0
2026-06-15 21:13:45,721 - debug - DEBUG -   Config GPU ID: 1
2026-06-15 21:13:45,721 - debug - DEBUG -   Input Device:  cuda:1
2026-06-15 21:13:45,722 - debug - DEBUG -   Target Device: cuda:1
2026-06-15 21:13:45,722 - debug - DEBUG -   Model Device:  cuda:1
2026-06-15 21:13:45,722 - debug - DEBUG -   Criterion Weight Device: No weights
2026-06-15 21:13:46,554 - debug - DEBUG - Batch 0 grad norm: 0.889007
2026-06-15 21:13:48,016 - debug - DEBUG - Batch 10 grad norm: 1.203148
2026-06-15 21:13:49,531 - debug - DEBUG - Batch 20 grad norm: 1.302509
2026-06-15 21:13:51,041 - debug - DEBUG - Batch 30 grad norm: 0.935823
2026-06-15 21:13:52,541 - debug - DEBUG - Batch 40 grad norm: 1.183980
2026-06-15 21:13:54,037 - debug - DEBUG - Batch 50 grad norm: 0.931250
2026-06-15 21:13:55,532 - debug - DEBUG - Batch 60 grad norm: 1.153587
2026-06-15 21:13:57,032 - debug - DEBUG - Batch 70 grad norm: 0.923844
2026-06-15 21:13:58,437 - debug - DEBUG - Batch 80 grad norm: 0.892181
2026-06-15 21:14:00,007 - debug - DEBUG - Batch 90 grad norm: 1.041678
2026-06-15 21:14:01,455 - debug - DEBUG - Batch 100 grad norm: 1.285547
2026-06-15 21:14:02,947 - debug - DEBUG - Batch 110 grad norm: 0.792470
2026-06-15 21:14:04,449 - debug - DEBUG - Batch 120 grad norm: 0.928839
2026-06-15 21:14:05,946 - debug - DEBUG - Batch 130 grad norm: 1.368012
2026-06-15 21:14:07,431 - debug - DEBUG - Batch 140 grad norm: 1.092392
2026-06-15 21:14:08,915 - debug - DEBUG - Batch 150 grad norm: 1.176107
2026-06-15 21:14:10,409 - debug - DEBUG - Batch 160 grad norm: 1.192417
2026-06-15 21:14:11,911 - debug - DEBUG - Batch 170 grad norm: 1.139744
2026-06-15 21:14:13,418 - debug - DEBUG - Batch 180 grad norm: 0.800050
2026-06-15 21:14:14,931 - debug - DEBUG - Batch 190 grad norm: 1.210501
2026-06-15 21:14:15,315 - debug - DEBUG - compute_metrics_and_record started for epoch 53
2026-06-15 21:14:15,315 - debug - DEBUG - all_preds length: 25000, all_targets length: 25000
2026-06-15 21:14:15,315 - debug - DEBUG - First 10 preds: [2, 2, 2, 1, 5, 4, 0, 6, 3, 4]
2026-06-15 21:14:15,315 - debug - DEBUG - First 10 targets: [3, 8, 2, 1, 5, 4, 0, 6, 5, 4]
2026-06-15 21:14:15,322 - debug - DEBUG - Unique predicted classes: 10 (first 10: [0 1 2 3 4 5 6 7 8 9])
2026-06-15 21:14:15,322 - debug - DEBUG - Unique target classes: 10 (first 10: [0 1 2 3 4 5 6 7 8 9])
2026-06-15 21:14:18,304 - debug - DEBUG - compute_metrics_and_record started for epoch 53
2026-06-15 21:14:18,304 - debug - DEBUG - all_preds length: 10000, all_targets length: 10000
2026-06-15 21:14:18,304 - debug - DEBUG - First 10 preds: [3, 1, 0, 0, 6, 5, 9, 6, 3, 1]
2026-06-15 21:14:18,304 - debug - DEBUG - First 10 targets: [3, 8, 8, 0, 6, 6, 1, 6, 3, 1]
2026-06-15 21:14:18,307 - debug - DEBUG - Unique predicted classes: 10 (first 10: [0 1 2 3 4 5 6 7 8 9])
2026-06-15 21:14:18,307 - debug - DEBUG - Unique target classes: 10 (first 10: [0 1 2 3 4 5 6 7 8 9])
2026-06-15 21:14:18,547 - debug - DEBUG - Device Check - Batch 0
2026-06-15 21:14:18,548 - debug - DEBUG -   Config GPU ID: 1
2026-06-15 21:14:18,548 - debug - DEBUG -   Input Device:  cuda:1
2026-06-15 21:14:18,548 - debug - DEBUG -   Target Device: cuda:1
2026-06-15 21:14:18,548 - debug - DEBUG -   Model Device:  cuda:1
2026-06-15 21:14:18,549 - debug - DEBUG -   Criterion Weight Device: No weights
2026-06-15 21:14:19,354 - debug - DEBUG - Batch 0 grad norm: 1.232437
2026-06-15 21:14:20,862 - debug - DEBUG - Batch 10 grad norm: 1.180507
2026-06-15 21:14:22,372 - debug - DEBUG - Batch 20 grad norm: 0.940283
2026-06-15 21:14:23,887 - debug - DEBUG - Batch 30 grad norm: 1.230493
2026-06-15 21:14:25,396 - debug - DEBUG - Batch 40 grad norm: 1.034267
2026-06-15 21:14:26,896 - debug - DEBUG - Batch 50 grad norm: 1.298079
2026-06-15 21:14:28,386 - debug - DEBUG - Batch 60 grad norm: 1.077803
2026-06-15 21:14:29,885 - debug - DEBUG - Batch 70 grad norm: 1.380081
2026-06-15 21:14:31,200 - debug - DEBUG - Batch 80 grad norm: 0.739404
2026-06-15 21:14:32,786 - debug - DEBUG - Batch 90 grad norm: 0.980205
2026-06-15 21:14:34,291 - debug - DEBUG - Batch 100 grad norm: 1.177822
2026-06-15 21:14:35,660 - debug - DEBUG - Batch 110 grad norm: 1.070889
2026-06-15 21:14:37,151 - debug - DEBUG - Batch 120 grad norm: 1.028245
2026-06-15 21:14:38,641 - debug - DEBUG - Batch 130 grad norm: 1.316056
2026-06-15 21:14:40,139 - debug - DEBUG - Batch 140 grad norm: 1.117650
2026-06-15 21:14:41,626 - debug - DEBUG - Batch 150 grad norm: 1.201182
2026-06-15 21:14:43,115 - debug - DEBUG - Batch 160 grad norm: 1.323590
2026-06-15 21:14:44,600 - debug - DEBUG - Batch 170 grad norm: 1.529723
2026-06-15 21:14:46,106 - debug - DEBUG - Batch 180 grad norm: 0.970406
2026-06-15 21:14:47,615 - debug - DEBUG - Batch 190 grad norm: 1.001207
2026-06-15 21:14:48,097 - debug - DEBUG - compute_metrics_and_record started for epoch 54
2026-06-15 21:14:48,097 - debug - DEBUG - all_preds length: 25000, all_targets length: 25000
2026-06-15 21:14:48,097 - debug - DEBUG - First 10 preds: [0, 7, 0, 4, 0, 0, 3, 7, 6, 9]
2026-06-15 21:14:48,097 - debug - DEBUG - First 10 targets: [9, 7, 0, 4, 8, 0, 3, 7, 6, 9]
2026-06-15 21:14:48,103 - debug - DEBUG - Unique predicted classes: 10 (first 10: [0 1 2 3 4 5 6 7 8 9])
2026-06-15 21:14:48,104 - debug - DEBUG - Unique target classes: 10 (first 10: [0 1 2 3 4 5 6 7 8 9])
2026-06-15 21:14:51,052 - debug - DEBUG - compute_metrics_and_record started for epoch 54
2026-06-15 21:14:51,052 - debug - DEBUG - all_preds length: 10000, all_targets length: 10000
2026-06-15 21:14:51,052 - debug - DEBUG - First 10 preds: [3, 1, 1, 8, 6, 5, 1, 6, 3, 1]
2026-06-15 21:14:51,052 - debug - DEBUG - First 10 targets: [3, 8, 8, 0, 6, 6, 1, 6, 3, 1]
2026-06-15 21:14:51,055 - debug - DEBUG - Unique predicted classes: 10 (first 10: [0 1 2 3 4 5 6 7 8 9])
2026-06-15 21:14:51,055 - debug - DEBUG - Unique target classes: 10 (first 10: [0 1 2 3 4 5 6 7 8 9])
2026-06-15 21:14:51,301 - debug - DEBUG - Device Check - Batch 0
2026-06-15 21:14:51,301 - debug - DEBUG -   Config GPU ID: 1
2026-06-15 21:14:51,302 - debug - DEBUG -   Input Device:  cuda:1
2026-06-15 21:14:51,302 - debug - DEBUG -   Target Device: cuda:1
2026-06-15 21:14:51,302 - debug - DEBUG -   Model Device:  cuda:1
2026-06-15 21:14:51,302 - debug - DEBUG -   Criterion Weight Device: No weights
2026-06-15 21:14:52,013 - debug - DEBUG - Batch 0 grad norm: 0.914269
2026-06-15 21:14:53,526 - debug - DEBUG - Batch 10 grad norm: 1.084452
2026-06-15 21:14:55,042 - debug - DEBUG - Batch 20 grad norm: 0.986044
2026-06-15 21:14:56,549 - debug - DEBUG - Batch 30 grad norm: 1.311630
2026-06-15 21:14:58,056 - debug - DEBUG - Batch 40 grad norm: 1.233437
2026-06-15 21:14:59,561 - debug - DEBUG - Batch 50 grad norm: 1.131820
2026-06-15 21:15:01,076 - debug - DEBUG - Batch 60 grad norm: 0.937976
2026-06-15 21:15:02,566 - debug - DEBUG - Batch 70 grad norm: 1.502092
2026-06-15 21:15:04,059 - debug - DEBUG - Batch 80 grad norm: 1.044486
2026-06-15 21:15:05,556 - debug - DEBUG - Batch 90 grad norm: 0.805760
2026-06-15 21:15:07,071 - debug - DEBUG - Batch 100 grad norm: 1.247109
2026-06-15 21:15:08,506 - debug - DEBUG - Batch 110 grad norm: 0.884426
2026-06-15 21:15:10,005 - debug - DEBUG - Batch 120 grad norm: 1.078934
2026-06-15 21:15:11,504 - debug - DEBUG - Batch 130 grad norm: 0.994354
2026-06-15 21:15:13,017 - debug - DEBUG - Batch 140 grad norm: 1.019482
2026-06-15 21:15:14,506 - debug - DEBUG - Batch 150 grad norm: 0.998352
2026-06-15 21:15:15,998 - debug - DEBUG - Batch 160 grad norm: 1.396987
2026-06-15 21:15:17,486 - debug - DEBUG - Batch 170 grad norm: 1.131440
2026-06-15 21:15:19,000 - debug - DEBUG - Batch 180 grad norm: 1.292415
2026-06-15 21:15:20,518 - debug - DEBUG - Batch 190 grad norm: 1.223430
2026-06-15 21:15:20,991 - debug - DEBUG - compute_metrics_and_record started for epoch 55
2026-06-15 21:15:20,992 - debug - DEBUG - all_preds length: 25000, all_targets length: 25000
2026-06-15 21:15:20,993 - debug - DEBUG - First 10 preds: [6, 0, 5, 1, 7, 4, 4, 4, 4, 9]
2026-06-15 21:15:20,993 - debug - DEBUG - First 10 targets: [6, 0, 5, 1, 7, 4, 4, 4, 4, 9]
2026-06-15 21:15:21,002 - debug - DEBUG - Unique predicted classes: 10 (first 10: [0 1 2 3 4 5 6 7 8 9])
2026-06-15 21:15:21,002 - debug - DEBUG - Unique target classes: 10 (first 10: [0 1 2 3 4 5 6 7 8 9])
2026-06-15 21:15:23,954 - debug - DEBUG - compute_metrics_and_record started for epoch 55
2026-06-15 21:15:23,955 - debug - DEBUG - all_preds length: 10000, all_targets length: 10000
2026-06-15 21:15:23,955 - debug - DEBUG - First 10 preds: [5, 1, 1, 8, 6, 6, 1, 6, 3, 1]
2026-06-15 21:15:23,955 - debug - DEBUG - First 10 targets: [3, 8, 8, 0, 6, 6, 1, 6, 3, 1]
2026-06-15 21:15:23,957 - debug - DEBUG - Unique predicted classes: 10 (first 10: [0 1 2 3 4 5 6 7 8 9])
2026-06-15 21:15:23,957 - debug - DEBUG - Unique target classes: 10 (first 10: [0 1 2 3 4 5 6 7 8 9])
2026-06-15 21:15:24,252 - debug - DEBUG - Device Check - Batch 0
2026-06-15 21:15:24,253 - debug - DEBUG -   Config GPU ID: 1
2026-06-15 21:15:24,253 - debug - DEBUG -   Input Device:  cuda:1
2026-06-15 21:15:24,253 - debug - DEBUG -   Target Device: cuda:1
2026-06-15 21:15:24,254 - debug - DEBUG -   Model Device:  cuda:1
2026-06-15 21:15:24,254 - debug - DEBUG -   Criterion Weight Device: No weights
2026-06-15 21:15:25,028 - debug - DEBUG - Batch 0 grad norm: 0.994076
2026-06-15 21:15:26,536 - debug - DEBUG - Batch 10 grad norm: 1.203291
2026-06-15 21:15:27,882 - debug - DEBUG - Batch 20 grad norm: 1.159507
2026-06-15 21:15:29,338 - debug - DEBUG - Batch 30 grad norm: 1.021905
2026-06-15 21:15:30,824 - debug - DEBUG - Batch 40 grad norm: 1.158644
2026-06-15 21:15:32,307 - debug - DEBUG - Batch 50 grad norm: 1.102341
2026-06-15 21:15:33,787 - debug - DEBUG - Batch 60 grad norm: 0.781020
2026-06-15 21:15:35,258 - debug - DEBUG - Batch 70 grad norm: 1.016667
2026-06-15 21:15:36,637 - debug - DEBUG - Batch 80 grad norm: 1.325895
2026-06-15 21:15:38,148 - debug - DEBUG - Batch 90 grad norm: 1.013242
2026-06-15 21:15:39,585 - debug - DEBUG - Batch 100 grad norm: 1.065627
2026-06-15 21:15:41,052 - debug - DEBUG - Batch 110 grad norm: 1.100393
2026-06-15 21:15:42,509 - debug - DEBUG - Batch 120 grad norm: 1.147714
2026-06-15 21:15:43,955 - debug - DEBUG - Batch 130 grad norm: 1.034674
2026-06-15 21:15:45,428 - debug - DEBUG - Batch 140 grad norm: 0.915526
2026-06-15 21:15:46,756 - debug - DEBUG - Batch 150 grad norm: 1.336714
2026-06-15 21:15:47,851 - debug - DEBUG - Batch 160 grad norm: 1.353828
2026-06-15 21:15:48,916 - debug - DEBUG - Batch 170 grad norm: 1.164922
2026-06-15 21:15:50,012 - debug - DEBUG - Batch 180 grad norm: 1.009304
2026-06-15 21:15:51,087 - debug - DEBUG - Batch 190 grad norm: 1.487292
2026-06-15 21:15:51,517 - debug - DEBUG - compute_metrics_and_record started for epoch 56
2026-06-15 21:15:51,518 - debug - DEBUG - all_preds length: 25000, all_targets length: 25000
2026-06-15 21:15:51,518 - debug - DEBUG - First 10 preds: [2, 0, 7, 5, 0, 3, 0, 1, 6, 4]
2026-06-15 21:15:51,518 - debug - DEBUG - First 10 targets: [2, 0, 7, 5, 0, 3, 0, 1, 6, 4]
2026-06-15 21:15:51,523 - debug - DEBUG - Unique predicted classes: 10 (first 10: [0 1 2 3 4 5 6 7 8 9])
2026-06-15 21:15:51,523 - debug - DEBUG - Unique target classes: 10 (first 10: [0 1 2 3 4 5 6 7 8 9])
2026-06-15 21:15:54,396 - debug - DEBUG - compute_metrics_and_record started for epoch 56
2026-06-15 21:15:54,396 - debug - DEBUG - all_preds length: 10000, all_targets length: 10000
2026-06-15 21:15:54,396 - debug - DEBUG - First 10 preds: [3, 8, 8, 0, 6, 5, 1, 2, 3, 1]
2026-06-15 21:15:54,396 - debug - DEBUG - First 10 targets: [3, 8, 8, 0, 6, 6, 1, 6, 3, 1]
2026-06-15 21:15:54,399 - debug - DEBUG - Unique predicted classes: 10 (first 10: [0 1 2 3 4 5 6 7 8 9])
2026-06-15 21:15:54,399 - debug - DEBUG - Unique target classes: 10 (first 10: [0 1 2 3 4 5 6 7 8 9])
2026-06-15 21:15:54,688 - debug - DEBUG - Device Check - Batch 0
2026-06-15 21:15:54,689 - debug - DEBUG -   Config GPU ID: 1
2026-06-15 21:15:54,689 - debug - DEBUG -   Input Device:  cuda:1
2026-06-15 21:15:54,690 - debug - DEBUG -   Target Device: cuda:1
2026-06-15 21:15:54,690 - debug - DEBUG -   Model Device:  cuda:1
2026-06-15 21:15:54,690 - debug - DEBUG -   Criterion Weight Device: No weights
2026-06-15 21:15:55,377 - debug - DEBUG - Batch 0 grad norm: 1.297930
2026-06-15 21:15:56,858 - debug - DEBUG - Batch 10 grad norm: 1.049875
2026-06-15 21:15:58,330 - debug - DEBUG - Batch 20 grad norm: 1.039071
2026-06-15 21:15:59,819 - debug - DEBUG - Batch 30 grad norm: 0.866443
2026-06-15 21:16:01,289 - debug - DEBUG - Batch 40 grad norm: 0.953278
2026-06-15 21:16:02,707 - debug - DEBUG - Batch 50 grad norm: 0.908671
2026-06-15 21:16:04,272 - debug - DEBUG - Batch 60 grad norm: 1.268254
2026-06-15 21:16:05,605 - debug - DEBUG - Batch 70 grad norm: 0.786732
2026-06-15 21:16:07,008 - debug - DEBUG - Batch 80 grad norm: 1.248468
2026-06-15 21:16:08,516 - debug - DEBUG - Batch 90 grad norm: 0.875095
2026-06-15 21:16:09,974 - debug - DEBUG - Batch 100 grad norm: 1.202524
2026-06-15 21:16:11,397 - debug - DEBUG - Batch 110 grad norm: 1.383866
2026-06-15 21:16:12,869 - debug - DEBUG - Batch 120 grad norm: 1.489312
2026-06-15 21:16:14,350 - debug - DEBUG - Batch 130 grad norm: 1.186286
2026-06-15 21:16:15,829 - debug - DEBUG - Batch 140 grad norm: 1.141278
2026-06-15 21:16:17,289 - debug - DEBUG - Batch 150 grad norm: 1.144716
2026-06-15 21:16:18,764 - debug - DEBUG - Batch 160 grad norm: 1.068220
2026-06-15 21:16:20,217 - debug - DEBUG - Batch 170 grad norm: 1.392535
2026-06-15 21:16:21,672 - debug - DEBUG - Batch 180 grad norm: 1.415930
2026-06-15 21:16:23,164 - debug - DEBUG - Batch 190 grad norm: 1.269972
2026-06-15 21:16:23,635 - debug - DEBUG - compute_metrics_and_record started for epoch 57
2026-06-15 21:16:23,635 - debug - DEBUG - all_preds length: 25000, all_targets length: 25000
2026-06-15 21:16:23,635 - debug - DEBUG - First 10 preds: [1, 9, 6, 2, 3, 1, 7, 0, 6, 9]
2026-06-15 21:16:23,636 - debug - DEBUG - First 10 targets: [1, 9, 6, 2, 3, 1, 7, 0, 6, 9]
2026-06-15 21:16:23,642 - debug - DEBUG - Unique predicted classes: 10 (first 10: [0 1 2 3 4 5 6 7 8 9])
2026-06-15 21:16:23,642 - debug - DEBUG - Unique target classes: 10 (first 10: [0 1 2 3 4 5 6 7 8 9])
2026-06-15 21:16:26,339 - debug - DEBUG - compute_metrics_and_record started for epoch 57
2026-06-15 21:16:26,340 - debug - DEBUG - all_preds length: 10000, all_targets length: 10000
2026-06-15 21:16:26,340 - debug - DEBUG - First 10 preds: [3, 8, 1, 8, 6, 6, 1, 6, 3, 9]
2026-06-15 21:16:26,340 - debug - DEBUG - First 10 targets: [3, 8, 8, 0, 6, 6, 1, 6, 3, 1]
2026-06-15 21:16:26,342 - debug - DEBUG - Unique predicted classes: 10 (first 10: [0 1 2 3 4 5 6 7 8 9])
2026-06-15 21:16:26,342 - debug - DEBUG - Unique target classes: 10 (first 10: [0 1 2 3 4 5 6 7 8 9])
2026-06-15 21:16:26,594 - debug - DEBUG - Device Check - Batch 0
2026-06-15 21:16:26,595 - debug - DEBUG -   Config GPU ID: 1
2026-06-15 21:16:26,595 - debug - DEBUG -   Input Device:  cuda:1
2026-06-15 21:16:26,596 - debug - DEBUG -   Target Device: cuda:1
2026-06-15 21:16:26,596 - debug - DEBUG -   Model Device:  cuda:1
2026-06-15 21:16:26,596 - debug - DEBUG -   Criterion Weight Device: No weights
2026-06-15 21:16:27,242 - debug - DEBUG - Batch 0 grad norm: 0.928672
2026-06-15 21:16:28,467 - debug - DEBUG - Batch 10 grad norm: 0.875733
2026-06-15 21:16:29,767 - debug - DEBUG - Batch 20 grad norm: 1.075099
2026-06-15 21:16:31,122 - debug - DEBUG - Batch 30 grad norm: 1.454303
2026-06-15 21:16:32,317 - debug - DEBUG - Batch 40 grad norm: 0.915020
2026-06-15 21:16:33,386 - debug - DEBUG - Batch 50 grad norm: 1.076493
2026-06-15 21:16:34,471 - debug - DEBUG - Batch 60 grad norm: 0.835605
2026-06-15 21:16:35,542 - debug - DEBUG - Batch 70 grad norm: 1.163005
2026-06-15 21:16:36,823 - debug - DEBUG - Batch 80 grad norm: 1.417790
2026-06-15 21:16:38,192 - debug - DEBUG - Batch 90 grad norm: 1.509393
2026-06-15 21:16:39,437 - debug - DEBUG - Batch 100 grad norm: 1.161235
2026-06-15 21:16:40,706 - debug - DEBUG - Batch 110 grad norm: 1.246702
2026-06-15 21:16:42,033 - debug - DEBUG - Batch 120 grad norm: 1.284579
2026-06-15 21:16:43,396 - debug - DEBUG - Batch 130 grad norm: 0.962562
2026-06-15 21:16:44,786 - debug - DEBUG - Batch 140 grad norm: 1.058870
2026-06-15 21:16:46,262 - debug - DEBUG - Batch 150 grad norm: 1.334327
2026-06-15 21:16:47,487 - debug - DEBUG - Batch 160 grad norm: 1.157713
2026-06-15 21:16:48,846 - debug - DEBUG - Batch 170 grad norm: 1.265494
2026-06-15 21:16:50,173 - debug - DEBUG - Batch 180 grad norm: 1.181169
2026-06-15 21:16:51,508 - debug - DEBUG - Batch 190 grad norm: 1.182659
2026-06-15 21:16:51,928 - debug - DEBUG - compute_metrics_and_record started for epoch 58
2026-06-15 21:16:51,928 - debug - DEBUG - all_preds length: 25000, all_targets length: 25000
2026-06-15 21:16:51,928 - debug - DEBUG - First 10 preds: [3, 6, 8, 7, 0, 1, 0, 4, 4, 4]
2026-06-15 21:16:51,928 - debug - DEBUG - First 10 targets: [3, 6, 8, 7, 0, 1, 0, 4, 4, 4]
2026-06-15 21:16:51,935 - debug - DEBUG - Unique predicted classes: 10 (first 10: [0 1 2 3 4 5 6 7 8 9])
2026-06-15 21:16:51,936 - debug - DEBUG - Unique target classes: 10 (first 10: [0 1 2 3 4 5 6 7 8 9])
2026-06-15 21:16:54,564 - debug - DEBUG - compute_metrics_and_record started for epoch 58
2026-06-15 21:16:54,564 - debug - DEBUG - all_preds length: 10000, all_targets length: 10000
2026-06-15 21:16:54,564 - debug - DEBUG - First 10 preds: [3, 8, 1, 8, 6, 5, 1, 6, 3, 1]
2026-06-15 21:16:54,564 - debug - DEBUG - First 10 targets: [3, 8, 8, 0, 6, 6, 1, 6, 3, 1]
2026-06-15 21:16:54,567 - debug - DEBUG - Unique predicted classes: 10 (first 10: [0 1 2 3 4 5 6 7 8 9])
2026-06-15 21:16:54,567 - debug - DEBUG - Unique target classes: 10 (first 10: [0 1 2 3 4 5 6 7 8 9])
2026-06-15 21:16:54,812 - debug - DEBUG - Device Check - Batch 0
2026-06-15 21:16:54,813 - debug - DEBUG -   Config GPU ID: 1
2026-06-15 21:16:54,813 - debug - DEBUG -   Input Device:  cuda:1
2026-06-15 21:16:54,813 - debug - DEBUG -   Target Device: cuda:1
2026-06-15 21:16:54,813 - debug - DEBUG -   Model Device:  cuda:1
2026-06-15 21:16:54,814 - debug - DEBUG -   Criterion Weight Device: No weights
2026-06-15 21:16:55,523 - debug - DEBUG - Batch 0 grad norm: 0.974616
2026-06-15 21:16:56,907 - debug - DEBUG - Batch 10 grad norm: 1.184465
2026-06-15 21:16:58,168 - debug - DEBUG - Batch 20 grad norm: 1.099168
2026-06-15 21:16:59,569 - debug - DEBUG - Batch 30 grad norm: 1.020241
2026-06-15 21:17:00,903 - debug - DEBUG - Batch 40 grad norm: 1.197125
2026-06-15 21:17:02,251 - debug - DEBUG - Batch 50 grad norm: 1.136346
2026-06-15 21:17:03,628 - debug - DEBUG - Batch 60 grad norm: 1.085178
2026-06-15 21:17:04,956 - debug - DEBUG - Batch 70 grad norm: 1.357811
2026-06-15 21:17:06,269 - debug - DEBUG - Batch 80 grad norm: 1.311534
2026-06-15 21:17:07,742 - debug - DEBUG - Batch 90 grad norm: 0.734787
2026-06-15 21:17:09,135 - debug - DEBUG - Batch 100 grad norm: 1.223729
2026-06-15 21:17:10,480 - debug - DEBUG - Batch 110 grad norm: 1.148573
2026-06-15 21:17:11,852 - debug - DEBUG - Batch 120 grad norm: 1.194504
2026-06-15 21:17:13,134 - debug - DEBUG - Batch 130 grad norm: 1.291310
2026-06-15 21:17:14,571 - debug - DEBUG - Batch 140 grad norm: 1.041948
2026-06-15 21:17:15,977 - debug - DEBUG - Batch 150 grad norm: 1.157925
2026-06-15 21:17:17,316 - debug - DEBUG - Batch 160 grad norm: 1.138218
2026-06-15 21:17:18,704 - debug - DEBUG - Batch 170 grad norm: 1.379119
2026-06-15 21:17:20,101 - debug - DEBUG - Batch 180 grad norm: 1.027867
2026-06-15 21:17:21,434 - debug - DEBUG - Batch 190 grad norm: 1.076385
2026-06-15 21:17:21,816 - debug - DEBUG - compute_metrics_and_record started for epoch 59
2026-06-15 21:17:21,817 - debug - DEBUG - all_preds length: 25000, all_targets length: 25000
2026-06-15 21:17:21,817 - debug - DEBUG - First 10 preds: [1, 4, 2, 8, 5, 1, 5, 9, 3, 0]
2026-06-15 21:17:21,817 - debug - DEBUG - First 10 targets: [1, 4, 2, 8, 5, 1, 5, 9, 3, 0]
2026-06-15 21:17:21,822 - debug - DEBUG - Unique predicted classes: 10 (first 10: [0 1 2 3 4 5 6 7 8 9])
2026-06-15 21:17:21,822 - debug - DEBUG - Unique target classes: 10 (first 10: [0 1 2 3 4 5 6 7 8 9])
2026-06-15 21:17:24,562 - debug - DEBUG - compute_metrics_and_record started for epoch 59
2026-06-15 21:17:24,562 - debug - DEBUG - all_preds length: 10000, all_targets length: 10000
2026-06-15 21:17:24,563 - debug - DEBUG - First 10 preds: [3, 8, 8, 8, 6, 6, 9, 6, 3, 1]
2026-06-15 21:17:24,563 - debug - DEBUG - First 10 targets: [3, 8, 8, 0, 6, 6, 1, 6, 3, 1]
2026-06-15 21:17:24,565 - debug - DEBUG - Unique predicted classes: 10 (first 10: [0 1 2 3 4 5 6 7 8 9])
2026-06-15 21:17:24,566 - debug - DEBUG - Unique target classes: 10 (first 10: [0 1 2 3 4 5 6 7 8 9])
2026-06-15 21:17:24,807 - debug - DEBUG - Device Check - Batch 0
2026-06-15 21:17:24,807 - debug - DEBUG -   Config GPU ID: 1
2026-06-15 21:17:24,808 - debug - DEBUG -   Input Device:  cuda:1
2026-06-15 21:17:24,808 - debug - DEBUG -   Target Device: cuda:1
2026-06-15 21:17:24,808 - debug - DEBUG -   Model Device:  cuda:1
2026-06-15 21:17:24,808 - debug - DEBUG -   Criterion Weight Device: No weights
2026-06-15 21:17:25,515 - debug - DEBUG - Batch 0 grad norm: 1.114012
2026-06-15 21:17:26,891 - debug - DEBUG - Batch 10 grad norm: 0.915608
2026-06-15 21:17:28,182 - debug - DEBUG - Batch 20 grad norm: 1.155131
2026-06-15 21:17:29,546 - debug - DEBUG - Batch 30 grad norm: 1.297927
2026-06-15 21:17:30,947 - debug - DEBUG - Batch 40 grad norm: 0.881745
2026-06-15 21:17:32,373 - debug - DEBUG - Batch 50 grad norm: 1.176315
2026-06-15 21:17:33,732 - debug - DEBUG - Batch 60 grad norm: 1.086522
2026-06-15 21:17:35,082 - debug - DEBUG - Batch 70 grad norm: 0.987222
2026-06-15 21:17:36,299 - debug - DEBUG - Batch 80 grad norm: 1.118421
2026-06-15 21:17:37,793 - debug - DEBUG - Batch 90 grad norm: 1.232643
2026-06-15 21:17:39,032 - debug - DEBUG - Batch 100 grad norm: 1.330204
2026-06-15 21:17:40,428 - debug - DEBUG - Batch 110 grad norm: 0.802130
2026-06-15 21:17:41,714 - debug - DEBUG - Batch 120 grad norm: 1.061874
2026-06-15 21:17:43,086 - debug - DEBUG - Batch 130 grad norm: 0.965830
2026-06-15 21:17:44,452 - debug - DEBUG - Batch 140 grad norm: 1.080722
2026-06-15 21:17:45,831 - debug - DEBUG - Batch 150 grad norm: 1.185566
2026-06-15 21:17:47,220 - debug - DEBUG - Batch 160 grad norm: 1.104775
2026-06-15 21:17:48,536 - debug - DEBUG - Batch 170 grad norm: 1.087746
2026-06-15 21:17:49,905 - debug - DEBUG - Batch 180 grad norm: 1.097727
2026-06-15 21:17:51,293 - debug - DEBUG - Batch 190 grad norm: 0.975937
2026-06-15 21:17:51,694 - debug - DEBUG - compute_metrics_and_record started for epoch 60
2026-06-15 21:17:51,694 - debug - DEBUG - all_preds length: 25000, all_targets length: 25000
2026-06-15 21:17:51,694 - debug - DEBUG - First 10 preds: [6, 9, 6, 7, 6, 3, 9, 9, 0, 2]
2026-06-15 21:17:51,694 - debug - DEBUG - First 10 targets: [6, 1, 6, 7, 6, 3, 9, 9, 0, 2]
2026-06-15 21:17:51,707 - debug - DEBUG - Unique predicted classes: 10 (first 10: [0 1 2 3 4 5 6 7 8 9])
2026-06-15 21:17:51,707 - debug - DEBUG - Unique target classes: 10 (first 10: [0 1 2 3 4 5 6 7 8 9])
2026-06-15 21:17:54,566 - debug - DEBUG - compute_metrics_and_record started for epoch 60
2026-06-15 21:17:54,566 - debug - DEBUG - all_preds length: 10000, all_targets length: 10000
2026-06-15 21:17:54,566 - debug - DEBUG - First 10 preds: [3, 8, 8, 8, 6, 6, 9, 6, 3, 1]
2026-06-15 21:17:54,566 - debug - DEBUG - First 10 targets: [3, 8, 8, 0, 6, 6, 1, 6, 3, 1]
2026-06-15 21:17:54,568 - debug - DEBUG - Unique predicted classes: 10 (first 10: [0 1 2 3 4 5 6 7 8 9])
2026-06-15 21:17:54,569 - debug - DEBUG - Unique target classes: 10 (first 10: [0 1 2 3 4 5 6 7 8 9])
2026-06-15 21:17:54,818 - debug - DEBUG - Device Check - Batch 0
2026-06-15 21:17:54,819 - debug - DEBUG -   Config GPU ID: 1
2026-06-15 21:17:54,819 - debug - DEBUG -   Input Device:  cuda:1
2026-06-15 21:17:54,819 - debug - DEBUG -   Target Device: cuda:1
2026-06-15 21:17:54,819 - debug - DEBUG -   Model Device:  cuda:1
2026-06-15 21:17:54,819 - debug - DEBUG -   Criterion Weight Device: No weights
2026-06-15 21:17:55,562 - debug - DEBUG - Batch 0 grad norm: 1.123872
2026-06-15 21:17:56,939 - debug - DEBUG - Batch 10 grad norm: 0.818058
2026-06-15 21:17:58,279 - debug - DEBUG - Batch 20 grad norm: 1.203830
2026-06-15 21:17:59,673 - debug - DEBUG - Batch 30 grad norm: 0.799051
2026-06-15 21:18:01,054 - debug - DEBUG - Batch 40 grad norm: 1.185118
2026-06-15 21:18:02,485 - debug - DEBUG - Batch 50 grad norm: 1.623914
2026-06-15 21:18:03,826 - debug - DEBUG - Batch 60 grad norm: 1.036531
2026-06-15 21:18:05,194 - debug - DEBUG - Batch 70 grad norm: 1.169394
2026-06-15 21:18:06,439 - debug - DEBUG - Batch 80 grad norm: 1.183668
2026-06-15 21:18:07,770 - debug - DEBUG - Batch 90 grad norm: 0.850452
2026-06-15 21:18:09,128 - debug - DEBUG - Batch 100 grad norm: 0.993050
2026-06-15 21:18:10,461 - debug - DEBUG - Batch 110 grad norm: 0.932561
2026-06-15 21:18:11,778 - debug - DEBUG - Batch 120 grad norm: 1.423372
2026-06-15 21:18:13,114 - debug - DEBUG - Batch 130 grad norm: 1.532524
2026-06-15 21:18:14,461 - debug - DEBUG - Batch 140 grad norm: 1.366657
2026-06-15 21:18:15,847 - debug - DEBUG - Batch 150 grad norm: 1.301573
2026-06-15 21:18:17,245 - debug - DEBUG - Batch 160 grad norm: 1.380408
2026-06-15 21:18:18,597 - debug - DEBUG - Batch 170 grad norm: 0.941828
2026-06-15 21:18:19,983 - debug - DEBUG - Batch 180 grad norm: 1.042057
2026-06-15 21:18:21,255 - debug - DEBUG - Batch 190 grad norm: 1.015056
2026-06-15 21:18:21,702 - debug - DEBUG - compute_metrics_and_record started for epoch 61
2026-06-15 21:18:21,703 - debug - DEBUG - all_preds length: 25000, all_targets length: 25000
2026-06-15 21:18:21,703 - debug - DEBUG - First 10 preds: [4, 9, 8, 6, 6, 6, 8, 0, 7, 2]
2026-06-15 21:18:21,703 - debug - DEBUG - First 10 targets: [4, 9, 8, 6, 6, 6, 8, 0, 7, 2]
2026-06-15 21:18:21,709 - debug - DEBUG - Unique predicted classes: 10 (first 10: [0 1 2 3 4 5 6 7 8 9])
2026-06-15 21:18:21,709 - debug - DEBUG - Unique target classes: 10 (first 10: [0 1 2 3 4 5 6 7 8 9])
2026-06-15 21:18:24,486 - debug - DEBUG - compute_metrics_and_record started for epoch 61
2026-06-15 21:18:24,486 - debug - DEBUG - all_preds length: 10000, all_targets length: 10000
2026-06-15 21:18:24,486 - debug - DEBUG - First 10 preds: [3, 1, 1, 0, 6, 6, 9, 2, 3, 1]
2026-06-15 21:18:24,486 - debug - DEBUG - First 10 targets: [3, 8, 8, 0, 6, 6, 1, 6, 3, 1]
2026-06-15 21:18:24,489 - debug - DEBUG - Unique predicted classes: 10 (first 10: [0 1 2 3 4 5 6 7 8 9])
2026-06-15 21:18:24,489 - debug - DEBUG - Unique target classes: 10 (first 10: [0 1 2 3 4 5 6 7 8 9])
2026-06-15 21:18:24,738 - debug - DEBUG - Device Check - Batch 0
2026-06-15 21:18:24,739 - debug - DEBUG -   Config GPU ID: 1
2026-06-15 21:18:24,739 - debug - DEBUG -   Input Device:  cuda:1
2026-06-15 21:18:24,739 - debug - DEBUG -   Target Device: cuda:1
2026-06-15 21:18:24,739 - debug - DEBUG -   Model Device:  cuda:1
2026-06-15 21:18:24,740 - debug - DEBUG -   Criterion Weight Device: No weights
2026-06-15 21:18:25,468 - debug - DEBUG - Batch 0 grad norm: 0.910199
2026-06-15 21:18:26,783 - debug - DEBUG - Batch 10 grad norm: 1.120084
2026-06-15 21:18:28,148 - debug - DEBUG - Batch 20 grad norm: 1.105395
2026-06-15 21:18:29,505 - debug - DEBUG - Batch 30 grad norm: 1.001840
2026-06-15 21:18:30,746 - debug - DEBUG - Batch 40 grad norm: 1.222252
2026-06-15 21:18:32,139 - debug - DEBUG - Batch 50 grad norm: 1.274938
2026-06-15 21:18:33,501 - debug - DEBUG - Batch 60 grad norm: 1.104097
2026-06-15 21:18:34,870 - debug - DEBUG - Batch 70 grad norm: 0.964009
2026-06-15 21:18:36,117 - debug - DEBUG - Batch 80 grad norm: 1.334890
2026-06-15 21:18:37,458 - debug - DEBUG - Batch 90 grad norm: 0.788868
2026-06-15 21:18:38,859 - debug - DEBUG - Batch 100 grad norm: 0.880866
2026-06-15 21:18:40,198 - debug - DEBUG - Batch 110 grad norm: 0.848377
2026-06-15 21:18:41,624 - debug - DEBUG - Batch 120 grad norm: 0.814469
2026-06-15 21:18:42,927 - debug - DEBUG - Batch 130 grad norm: 1.085624
2026-06-15 21:18:44,325 - debug - DEBUG - Batch 140 grad norm: 1.430118
2026-06-15 21:18:45,691 - debug - DEBUG - Batch 150 grad norm: 0.979490
2026-06-15 21:18:47,024 - debug - DEBUG - Batch 160 grad norm: 1.081705
2026-06-15 21:18:48,490 - debug - DEBUG - Batch 170 grad norm: 1.111131
2026-06-15 21:18:49,651 - debug - DEBUG - Batch 180 grad norm: 1.076497
2026-06-15 21:18:51,079 - debug - DEBUG - Batch 190 grad norm: 0.948867
2026-06-15 21:18:51,572 - debug - DEBUG - compute_metrics_and_record started for epoch 62
2026-06-15 21:18:51,572 - debug - DEBUG - all_preds length: 25000, all_targets length: 25000
2026-06-15 21:18:51,573 - debug - DEBUG - First 10 preds: [1, 7, 5, 8, 8, 4, 2, 0, 6, 7]
2026-06-15 21:18:51,573 - debug - DEBUG - First 10 targets: [1, 7, 3, 8, 8, 7, 2, 0, 6, 7]
2026-06-15 21:18:51,578 - debug - DEBUG - Unique predicted classes: 10 (first 10: [0 1 2 3 4 5 6 7 8 9])
2026-06-15 21:18:51,578 - debug - DEBUG - Unique target classes: 10 (first 10: [0 1 2 3 4 5 6 7 8 9])
2026-06-15 21:18:54,281 - debug - DEBUG - compute_metrics_and_record started for epoch 62
2026-06-15 21:18:54,282 - debug - DEBUG - all_preds length: 10000, all_targets length: 10000
2026-06-15 21:18:54,282 - debug - DEBUG - First 10 preds: [3, 1, 0, 0, 6, 5, 9, 0, 3, 9]
2026-06-15 21:18:54,282 - debug - DEBUG - First 10 targets: [3, 8, 8, 0, 6, 6, 1, 6, 3, 1]
2026-06-15 21:18:54,284 - debug - DEBUG - Unique predicted classes: 10 (first 10: [0 1 2 3 4 5 6 7 8 9])
2026-06-15 21:18:54,285 - debug - DEBUG - Unique target classes: 10 (first 10: [0 1 2 3 4 5 6 7 8 9])
2026-06-15 21:18:54,578 - debug - DEBUG - Device Check - Batch 0
2026-06-15 21:18:54,579 - debug - DEBUG -   Config GPU ID: 1
2026-06-15 21:18:54,579 - debug - DEBUG -   Input Device:  cuda:1
2026-06-15 21:18:54,579 - debug - DEBUG -   Target Device: cuda:1
2026-06-15 21:18:54,580 - debug - DEBUG -   Model Device:  cuda:1
2026-06-15 21:18:54,580 - debug - DEBUG -   Criterion Weight Device: No weights
2026-06-15 21:18:55,327 - debug - DEBUG - Batch 0 grad norm: 1.047086
2026-06-15 21:18:56,724 - debug - DEBUG - Batch 10 grad norm: 0.991587
2026-06-15 21:18:58,088 - debug - DEBUG - Batch 20 grad norm: 1.325943
2026-06-15 21:18:59,648 - debug - DEBUG - Batch 30 grad norm: 0.884047
2026-06-15 21:19:01,014 - debug - DEBUG - Batch 40 grad norm: 1.185678
2026-06-15 21:19:02,367 - debug - DEBUG - Batch 50 grad norm: 0.854284
2026-06-15 21:19:03,749 - debug - DEBUG - Batch 60 grad norm: 1.132093
2026-06-15 21:19:05,142 - debug - DEBUG - Batch 70 grad norm: 0.981437
2026-06-15 21:19:06,458 - debug - DEBUG - Batch 80 grad norm: 1.132682
2026-06-15 21:19:07,829 - debug - DEBUG - Batch 90 grad norm: 1.185794
2026-06-15 21:19:09,100 - debug - DEBUG - Batch 100 grad norm: 1.163787
2026-06-15 21:19:10,546 - debug - DEBUG - Batch 110 grad norm: 1.243793
2026-06-15 21:19:11,921 - debug - DEBUG - Batch 120 grad norm: 1.079220
2026-06-15 21:19:13,281 - debug - DEBUG - Batch 130 grad norm: 1.184376
2026-06-15 21:19:14,640 - debug - DEBUG - Batch 140 grad norm: 0.962095
2026-06-15 21:19:15,913 - debug - DEBUG - Batch 150 grad norm: 0.695558
2026-06-15 21:19:17,296 - debug - DEBUG - Batch 160 grad norm: 0.923402
2026-06-15 21:19:18,734 - debug - DEBUG - Batch 170 grad norm: 1.056564
2026-06-15 21:19:20,080 - debug - DEBUG - Batch 180 grad norm: 1.072449
2026-06-15 21:19:21,421 - debug - DEBUG - Batch 190 grad norm: 1.576906
2026-06-15 21:19:21,819 - debug - DEBUG - compute_metrics_and_record started for epoch 63
2026-06-15 21:19:21,819 - debug - DEBUG - all_preds length: 25000, all_targets length: 25000
2026-06-15 21:19:21,819 - debug - DEBUG - First 10 preds: [4, 8, 7, 6, 9, 1, 2, 8, 3, 1]
2026-06-15 21:19:21,819 - debug - DEBUG - First 10 targets: [2, 8, 7, 8, 9, 1, 2, 8, 0, 1]
2026-06-15 21:19:21,828 - debug - DEBUG - Unique predicted classes: 10 (first 10: [0 1 2 3 4 5 6 7 8 9])
2026-06-15 21:19:21,829 - debug - DEBUG - Unique target classes: 10 (first 10: [0 1 2 3 4 5 6 7 8 9])
2026-06-15 21:19:24,516 - debug - DEBUG - compute_metrics_and_record started for epoch 63
2026-06-15 21:19:24,516 - debug - DEBUG - all_preds length: 10000, all_targets length: 10000
2026-06-15 21:19:24,516 - debug - DEBUG - First 10 preds: [3, 8, 1, 0, 1, 3, 1, 2, 4, 1]
2026-06-15 21:19:24,516 - debug - DEBUG - First 10 targets: [3, 8, 8, 0, 6, 6, 1, 6, 3, 1]
2026-06-15 21:19:24,519 - debug - DEBUG - Unique predicted classes: 10 (first 10: [0 1 2 3 4 5 6 7 8 9])
2026-06-15 21:19:24,519 - debug - DEBUG - Unique target classes: 10 (first 10: [0 1 2 3 4 5 6 7 8 9])
2026-06-15 21:19:24,771 - debug - DEBUG - Device Check - Batch 0
2026-06-15 21:19:24,772 - debug - DEBUG -   Config GPU ID: 1
2026-06-15 21:19:24,772 - debug - DEBUG -   Input Device:  cuda:1
2026-06-15 21:19:24,772 - debug - DEBUG -   Target Device: cuda:1
2026-06-15 21:19:24,772 - debug - DEBUG -   Model Device:  cuda:1
2026-06-15 21:19:24,772 - debug - DEBUG -   Criterion Weight Device: No weights
2026-06-15 21:19:25,373 - debug - DEBUG - Batch 0 grad norm: 1.097684
2026-06-15 21:19:26,753 - debug - DEBUG - Batch 10 grad norm: 1.215381
2026-06-15 21:19:28,012 - debug - DEBUG - Batch 20 grad norm: 1.503188
2026-06-15 21:19:29,389 - debug - DEBUG - Batch 30 grad norm: 1.136530
2026-06-15 21:19:30,760 - debug - DEBUG - Batch 40 grad norm: 1.225645
2026-06-15 21:19:32,113 - debug - DEBUG - Batch 50 grad norm: 1.126351
2026-06-15 21:19:33,597 - debug - DEBUG - Batch 60 grad norm: 0.897314
2026-06-15 21:19:34,843 - debug - DEBUG - Batch 70 grad norm: 1.080922
2026-06-15 21:19:36,060 - debug - DEBUG - Batch 80 grad norm: 1.034846
2026-06-15 21:19:37,493 - debug - DEBUG - Batch 90 grad norm: 1.057511
2026-06-15 21:19:38,799 - debug - DEBUG - Batch 100 grad norm: 1.151508
2026-06-15 21:19:40,096 - debug - DEBUG - Batch 110 grad norm: 1.146302
2026-06-15 21:19:41,488 - debug - DEBUG - Batch 120 grad norm: 1.105996
2026-06-15 21:19:42,877 - debug - DEBUG - Batch 130 grad norm: 1.147932
2026-06-15 21:19:44,262 - debug - DEBUG - Batch 140 grad norm: 1.443281
2026-06-15 21:19:45,706 - debug - DEBUG - Batch 150 grad norm: 1.208784
2026-06-15 21:19:47,181 - debug - DEBUG - Batch 160 grad norm: 1.414470
2026-06-15 21:19:48,548 - debug - DEBUG - Batch 170 grad norm: 1.167566
2026-06-15 21:19:49,935 - debug - DEBUG - Batch 180 grad norm: 1.217953
2026-06-15 21:19:51,283 - debug - DEBUG - Batch 190 grad norm: 1.068934
2026-06-15 21:19:51,670 - debug - DEBUG - compute_metrics_and_record started for epoch 64
2026-06-15 21:19:51,670 - debug - DEBUG - all_preds length: 25000, all_targets length: 25000
2026-06-15 21:19:51,670 - debug - DEBUG - First 10 preds: [7, 5, 2, 1, 9, 0, 7, 4, 0, 2]
2026-06-15 21:19:51,670 - debug - DEBUG - First 10 targets: [7, 5, 2, 1, 9, 0, 7, 5, 0, 2]
2026-06-15 21:19:51,676 - debug - DEBUG - Unique predicted classes: 10 (first 10: [0 1 2 3 4 5 6 7 8 9])
2026-06-15 21:19:51,676 - debug - DEBUG - Unique target classes: 10 (first 10: [0 1 2 3 4 5 6 7 8 9])
2026-06-15 21:19:54,469 - debug - DEBUG - compute_metrics_and_record started for epoch 64
2026-06-15 21:19:54,470 - debug - DEBUG - all_preds length: 10000, all_targets length: 10000
2026-06-15 21:19:54,470 - debug - DEBUG - First 10 preds: [3, 8, 8, 8, 6, 6, 1, 6, 3, 1]
2026-06-15 21:19:54,470 - debug - DEBUG - First 10 targets: [3, 8, 8, 0, 6, 6, 1, 6, 3, 1]
2026-06-15 21:19:54,472 - debug - DEBUG - Unique predicted classes: 10 (first 10: [0 1 2 3 4 5 6 7 8 9])
2026-06-15 21:19:54,472 - debug - DEBUG - Unique target classes: 10 (first 10: [0 1 2 3 4 5 6 7 8 9])
2026-06-15 21:19:54,763 - debug - DEBUG - Device Check - Batch 0
2026-06-15 21:19:54,764 - debug - DEBUG -   Config GPU ID: 1
2026-06-15 21:19:54,764 - debug - DEBUG -   Input Device:  cuda:1
2026-06-15 21:19:54,764 - debug - DEBUG -   Target Device: cuda:1
2026-06-15 21:19:54,765 - debug - DEBUG -   Model Device:  cuda:1
2026-06-15 21:19:54,765 - debug - DEBUG -   Criterion Weight Device: No weights
2026-06-15 21:19:55,572 - debug - DEBUG - Batch 0 grad norm: 0.787788
2026-06-15 21:19:56,906 - debug - DEBUG - Batch 10 grad norm: 0.961729
2026-06-15 21:19:58,271 - debug - DEBUG - Batch 20 grad norm: 0.864046
2026-06-15 21:19:59,628 - debug - DEBUG - Batch 30 grad norm: 0.973327
2026-06-15 21:20:01,001 - debug - DEBUG - Batch 40 grad norm: 1.025118
2026-06-15 21:20:02,366 - debug - DEBUG - Batch 50 grad norm: 1.013589
2026-06-15 21:20:03,719 - debug - DEBUG - Batch 60 grad norm: 0.944729
2026-06-15 21:20:05,036 - debug - DEBUG - Batch 70 grad norm: 1.153355
2026-06-15 21:20:06,302 - debug - DEBUG - Batch 80 grad norm: 1.031731
2026-06-15 21:20:07,721 - debug - DEBUG - Batch 90 grad norm: 1.593027
2026-06-15 21:20:08,956 - debug - DEBUG - Batch 100 grad norm: 1.526412
2026-06-15 21:20:10,328 - debug - DEBUG - Batch 110 grad norm: 1.082053
2026-06-15 21:20:11,756 - debug - DEBUG - Batch 120 grad norm: 1.300938
2026-06-15 21:20:13,041 - debug - DEBUG - Batch 130 grad norm: 1.046781
2026-06-15 21:20:14,463 - debug - DEBUG - Batch 140 grad norm: 1.082038
2026-06-15 21:20:15,979 - debug - DEBUG - Batch 150 grad norm: 1.165993
2026-06-15 21:20:17,214 - debug - DEBUG - Batch 160 grad norm: 1.165176
2026-06-15 21:20:18,474 - debug - DEBUG - Batch 170 grad norm: 0.980365
2026-06-15 21:20:19,874 - debug - DEBUG - Batch 180 grad norm: 1.040123
2026-06-15 21:20:21,302 - debug - DEBUG - Batch 190 grad norm: 0.938966
2026-06-15 21:20:21,699 - debug - DEBUG - compute_metrics_and_record started for epoch 65
2026-06-15 21:20:21,699 - debug - DEBUG - all_preds length: 25000, all_targets length: 25000
2026-06-15 21:20:21,699 - debug - DEBUG - First 10 preds: [6, 6, 0, 6, 5, 2, 7, 5, 0, 4]
2026-06-15 21:20:21,699 - debug - DEBUG - First 10 targets: [6, 6, 2, 6, 5, 2, 7, 5, 0, 4]
2026-06-15 21:20:21,706 - debug - DEBUG - Unique predicted classes: 10 (first 10: [0 1 2 3 4 5 6 7 8 9])
2026-06-15 21:20:21,707 - debug - DEBUG - Unique target classes: 10 (first 10: [0 1 2 3 4 5 6 7 8 9])
2026-06-15 21:20:24,483 - debug - DEBUG - compute_metrics_and_record started for epoch 65
2026-06-15 21:20:24,484 - debug - DEBUG - all_preds length: 10000, all_targets length: 10000
2026-06-15 21:20:24,484 - debug - DEBUG - First 10 preds: [3, 8, 8, 0, 6, 6, 9, 6, 4, 1]
2026-06-15 21:20:24,484 - debug - DEBUG - First 10 targets: [3, 8, 8, 0, 6, 6, 1, 6, 3, 1]
2026-06-15 21:20:24,486 - debug - DEBUG - Unique predicted classes: 10 (first 10: [0 1 2 3 4 5 6 7 8 9])
2026-06-15 21:20:24,487 - debug - DEBUG - Unique target classes: 10 (first 10: [0 1 2 3 4 5 6 7 8 9])
2026-06-15 21:20:24,784 - debug - DEBUG - Device Check - Batch 0
2026-06-15 21:20:24,785 - debug - DEBUG -   Config GPU ID: 1
2026-06-15 21:20:24,785 - debug - DEBUG -   Input Device:  cuda:1
2026-06-15 21:20:24,785 - debug - DEBUG -   Target Device: cuda:1
2026-06-15 21:20:24,786 - debug - DEBUG -   Model Device:  cuda:1
2026-06-15 21:20:24,786 - debug - DEBUG -   Criterion Weight Device: No weights
2026-06-15 21:20:25,387 - debug - DEBUG - Batch 0 grad norm: 1.328998
2026-06-15 21:20:26,743 - debug - DEBUG - Batch 10 grad norm: 1.144379
2026-06-15 21:20:28,134 - debug - DEBUG - Batch 20 grad norm: 1.305417
2026-06-15 21:20:29,406 - debug - DEBUG - Batch 30 grad norm: 1.185864
2026-06-15 21:20:30,814 - debug - DEBUG - Batch 40 grad norm: 1.326911
2026-06-15 21:20:32,200 - debug - DEBUG - Batch 50 grad norm: 1.412473
2026-06-15 21:20:33,572 - debug - DEBUG - Batch 60 grad norm: 0.869257
2026-06-15 21:20:34,953 - debug - DEBUG - Batch 70 grad norm: 1.194191
2026-06-15 21:20:36,234 - debug - DEBUG - Batch 80 grad norm: 1.076071
2026-06-15 21:20:37,614 - debug - DEBUG - Batch 90 grad norm: 1.362344
2026-06-15 21:20:38,888 - debug - DEBUG - Batch 100 grad norm: 0.966254
2026-06-15 21:20:40,178 - debug - DEBUG - Batch 110 grad norm: 0.969775
2026-06-15 21:20:41,541 - debug - DEBUG - Batch 120 grad norm: 0.956151
2026-06-15 21:20:42,933 - debug - DEBUG - Batch 130 grad norm: 0.994243
2026-06-15 21:20:44,293 - debug - DEBUG - Batch 140 grad norm: 0.800916
2026-06-15 21:20:45,656 - debug - DEBUG - Batch 150 grad norm: 1.040950
2026-06-15 21:20:47,007 - debug - DEBUG - Batch 160 grad norm: 1.231783
2026-06-15 21:20:48,353 - debug - DEBUG - Batch 170 grad norm: 1.329668
2026-06-15 21:20:49,708 - debug - DEBUG - Batch 180 grad norm: 1.076522
2026-06-15 21:20:51,083 - debug - DEBUG - Batch 190 grad norm: 0.961948
2026-06-15 21:20:51,475 - debug - DEBUG - compute_metrics_and_record started for epoch 66
2026-06-15 21:20:51,475 - debug - DEBUG - all_preds length: 25000, all_targets length: 25000
2026-06-15 21:20:51,475 - debug - DEBUG - First 10 preds: [2, 7, 0, 3, 9, 3, 8, 7, 3, 3]
2026-06-15 21:20:51,476 - debug - DEBUG - First 10 targets: [2, 7, 0, 3, 9, 3, 8, 3, 3, 3]
2026-06-15 21:20:51,483 - debug - DEBUG - Unique predicted classes: 10 (first 10: [0 1 2 3 4 5 6 7 8 9])
2026-06-15 21:20:51,483 - debug - DEBUG - Unique target classes: 10 (first 10: [0 1 2 3 4 5 6 7 8 9])
2026-06-15 21:20:54,231 - debug - DEBUG - compute_metrics_and_record started for epoch 66
2026-06-15 21:20:54,231 - debug - DEBUG - all_preds length: 10000, all_targets length: 10000
2026-06-15 21:20:54,231 - debug - DEBUG - First 10 preds: [3, 1, 1, 0, 1, 6, 1, 6, 3, 1]
2026-06-15 21:20:54,231 - debug - DEBUG - First 10 targets: [3, 8, 8, 0, 6, 6, 1, 6, 3, 1]
2026-06-15 21:20:54,234 - debug - DEBUG - Unique predicted classes: 10 (first 10: [0 1 2 3 4 5 6 7 8 9])
2026-06-15 21:20:54,234 - debug - DEBUG - Unique target classes: 10 (first 10: [0 1 2 3 4 5 6 7 8 9])
2026-06-15 21:20:54,534 - debug - DEBUG - Device Check - Batch 0
2026-06-15 21:20:54,535 - debug - DEBUG -   Config GPU ID: 1
2026-06-15 21:20:54,535 - debug - DEBUG -   Input Device:  cuda:1
2026-06-15 21:20:54,535 - debug - DEBUG -   Target Device: cuda:1
2026-06-15 21:20:54,535 - debug - DEBUG -   Model Device:  cuda:1
2026-06-15 21:20:54,535 - debug - DEBUG -   Criterion Weight Device: No weights
2026-06-15 21:20:55,112 - debug - DEBUG - Batch 0 grad norm: 1.150904
2026-06-15 21:20:56,382 - debug - DEBUG - Batch 10 grad norm: 1.225237
2026-06-15 21:20:57,824 - debug - DEBUG - Batch 20 grad norm: 1.177630
2026-06-15 21:20:59,065 - debug - DEBUG - Batch 30 grad norm: 0.986834
2026-06-15 21:21:00,454 - debug - DEBUG - Batch 40 grad norm: 1.139270
2026-06-15 21:21:01,826 - debug - DEBUG - Batch 50 grad norm: 1.342125
2026-06-15 21:21:03,210 - debug - DEBUG - Batch 60 grad norm: 0.978839
2026-06-15 21:21:04,599 - debug - DEBUG - Batch 70 grad norm: 1.283979
2026-06-15 21:21:05,889 - debug - DEBUG - Batch 80 grad norm: 1.244333
2026-06-15 21:21:07,197 - debug - DEBUG - Batch 90 grad norm: 1.218804
2026-06-15 21:21:08,596 - debug - DEBUG - Batch 100 grad norm: 1.128942
2026-06-15 21:21:09,733 - debug - DEBUG - Batch 110 grad norm: 0.793434
2026-06-15 21:21:11,114 - debug - DEBUG - Batch 120 grad norm: 1.075923
2026-06-15 21:21:12,471 - debug - DEBUG - Batch 130 grad norm: 1.236451
2026-06-15 21:21:13,818 - debug - DEBUG - Batch 140 grad norm: 1.214756
2026-06-15 21:21:15,217 - debug - DEBUG - Batch 150 grad norm: 1.060621
2026-06-15 21:21:16,594 - debug - DEBUG - Batch 160 grad norm: 0.640625
2026-06-15 21:21:17,975 - debug - DEBUG - Batch 170 grad norm: 1.017520
2026-06-15 21:21:19,354 - debug - DEBUG - Batch 180 grad norm: 0.911926
2026-06-15 21:21:20,613 - debug - DEBUG - Batch 190 grad norm: 0.693668
2026-06-15 21:21:21,131 - debug - DEBUG - compute_metrics_and_record started for epoch 67
2026-06-15 21:21:21,132 - debug - DEBUG - all_preds length: 25000, all_targets length: 25000
2026-06-15 21:21:21,132 - debug - DEBUG - First 10 preds: [3, 0, 6, 7, 4, 0, 3, 7, 8, 7]
2026-06-15 21:21:21,132 - debug - DEBUG - First 10 targets: [3, 0, 6, 7, 4, 0, 3, 7, 8, 7]
2026-06-15 21:21:21,139 - debug - DEBUG - Unique predicted classes: 10 (first 10: [0 1 2 3 4 5 6 7 8 9])
2026-06-15 21:21:21,139 - debug - DEBUG - Unique target classes: 10 (first 10: [0 1 2 3 4 5 6 7 8 9])
2026-06-15 21:21:23,747 - debug - DEBUG - compute_metrics_and_record started for epoch 67
2026-06-15 21:21:23,747 - debug - DEBUG - all_preds length: 10000, all_targets length: 10000
2026-06-15 21:21:23,747 - debug - DEBUG - First 10 preds: [3, 8, 1, 8, 6, 3, 9, 2, 3, 1]
2026-06-15 21:21:23,748 - debug - DEBUG - First 10 targets: [3, 8, 8, 0, 6, 6, 1, 6, 3, 1]
2026-06-15 21:21:23,750 - debug - DEBUG - Unique predicted classes: 10 (first 10: [0 1 2 3 4 5 6 7 8 9])
2026-06-15 21:21:23,750 - debug - DEBUG - Unique target classes: 10 (first 10: [0 1 2 3 4 5 6 7 8 9])
2026-06-15 21:21:23,998 - debug - DEBUG - Device Check - Batch 0
2026-06-15 21:21:23,999 - debug - DEBUG -   Config GPU ID: 1
2026-06-15 21:21:23,999 - debug - DEBUG -   Input Device:  cuda:1
2026-06-15 21:21:23,999 - debug - DEBUG -   Target Device: cuda:1
2026-06-15 21:21:24,000 - debug - DEBUG -   Model Device:  cuda:1
2026-06-15 21:21:24,000 - debug - DEBUG -   Criterion Weight Device: No weights
2026-06-15 21:21:24,508 - debug - DEBUG - Batch 0 grad norm: 0.997844
2026-06-15 21:21:25,761 - debug - DEBUG - Batch 10 grad norm: 0.951216
2026-06-15 21:21:27,174 - debug - DEBUG - Batch 20 grad norm: 0.901249
2026-06-15 21:21:28,582 - debug - DEBUG - Batch 30 grad norm: 1.063813
2026-06-15 21:21:29,924 - debug - DEBUG - Batch 40 grad norm: 1.008362
2026-06-15 21:21:31,321 - debug - DEBUG - Batch 50 grad norm: 0.923703
2026-06-15 21:21:32,706 - debug - DEBUG - Batch 60 grad norm: 0.721906
2026-06-15 21:21:34,056 - debug - DEBUG - Batch 70 grad norm: 1.049891
2026-06-15 21:21:35,386 - debug - DEBUG - Batch 80 grad norm: 0.779049
2026-06-15 21:21:36,762 - debug - DEBUG - Batch 90 grad norm: 1.217645
2026-06-15 21:21:38,101 - debug - DEBUG - Batch 100 grad norm: 1.354898
2026-06-15 21:21:39,408 - debug - DEBUG - Batch 110 grad norm: 1.128946
2026-06-15 21:21:40,708 - debug - DEBUG - Batch 120 grad norm: 1.369665
2026-06-15 21:21:41,952 - debug - DEBUG - Batch 130 grad norm: 1.351318
2026-06-15 21:21:43,307 - debug - DEBUG - Batch 140 grad norm: 1.232087
2026-06-15 21:21:44,666 - debug - DEBUG - Batch 150 grad norm: 1.196061
2026-06-15 21:21:45,957 - debug - DEBUG - Batch 160 grad norm: 0.971395
2026-06-15 21:21:47,297 - debug - DEBUG - Batch 170 grad norm: 1.167764
2026-06-15 21:21:48,644 - debug - DEBUG - Batch 180 grad norm: 0.896517
2026-06-15 21:21:50,045 - debug - DEBUG - Batch 190 grad norm: 1.491390
2026-06-15 21:21:50,544 - debug - DEBUG - compute_metrics_and_record started for epoch 68
2026-06-15 21:21:50,544 - debug - DEBUG - all_preds length: 25000, all_targets length: 25000
2026-06-15 21:21:50,544 - debug - DEBUG - First 10 preds: [1, 2, 7, 5, 5, 9, 8, 6, 7, 6]
2026-06-15 21:21:50,544 - debug - DEBUG - First 10 targets: [1, 2, 7, 5, 5, 0, 8, 6, 7, 6]
2026-06-15 21:21:50,550 - debug - DEBUG - Unique predicted classes: 10 (first 10: [0 1 2 3 4 5 6 7 8 9])
2026-06-15 21:21:50,550 - debug - DEBUG - Unique target classes: 10 (first 10: [0 1 2 3 4 5 6 7 8 9])
2026-06-15 21:21:53,119 - debug - DEBUG - compute_metrics_and_record started for epoch 68
2026-06-15 21:21:53,119 - debug - DEBUG - all_preds length: 10000, all_targets length: 10000
2026-06-15 21:21:53,120 - debug - DEBUG - First 10 preds: [3, 8, 8, 0, 6, 6, 9, 6, 3, 1]
2026-06-15 21:21:53,120 - debug - DEBUG - First 10 targets: [3, 8, 8, 0, 6, 6, 1, 6, 3, 1]
2026-06-15 21:21:53,122 - debug - DEBUG - Unique predicted classes: 10 (first 10: [0 1 2 3 4 5 6 7 8 9])
2026-06-15 21:21:53,122 - debug - DEBUG - Unique target classes: 10 (first 10: [0 1 2 3 4 5 6 7 8 9])
2026-06-15 21:21:53,391 - debug - DEBUG - Device Check - Batch 0
2026-06-15 21:21:53,392 - debug - DEBUG -   Config GPU ID: 1
2026-06-15 21:21:53,392 - debug - DEBUG -   Input Device:  cuda:1
2026-06-15 21:21:53,392 - debug - DEBUG -   Target Device: cuda:1
2026-06-15 21:21:53,393 - debug - DEBUG -   Model Device:  cuda:1
2026-06-15 21:21:53,393 - debug - DEBUG -   Criterion Weight Device: No weights
2026-06-15 21:21:53,984 - debug - DEBUG - Batch 0 grad norm: 1.070921
2026-06-15 21:21:55,318 - debug - DEBUG - Batch 10 grad norm: 0.940364
2026-06-15 21:21:56,648 - debug - DEBUG - Batch 20 grad norm: 0.965653
2026-06-15 21:21:58,037 - debug - DEBUG - Batch 30 grad norm: 0.969141
2026-06-15 21:21:59,430 - debug - DEBUG - Batch 40 grad norm: 1.170153
2026-06-15 21:22:00,759 - debug - DEBUG - Batch 50 grad norm: 0.985102
2026-06-15 21:22:02,216 - debug - DEBUG - Batch 60 grad norm: 0.796530
2026-06-15 21:22:03,637 - debug - DEBUG - Batch 70 grad norm: 1.085979
2026-06-15 21:22:04,991 - debug - DEBUG - Batch 80 grad norm: 1.455347
2026-06-15 21:22:06,382 - debug - DEBUG - Batch 90 grad norm: 0.931598
2026-06-15 21:22:07,813 - debug - DEBUG - Batch 100 grad norm: 1.102600
2026-06-15 21:22:09,116 - debug - DEBUG - Batch 110 grad norm: 1.378896
2026-06-15 21:22:10,489 - debug - DEBUG - Batch 120 grad norm: 1.196986
2026-06-15 21:22:11,833 - debug - DEBUG - Batch 130 grad norm: 1.265231
2026-06-15 21:22:13,170 - debug - DEBUG - Batch 140 grad norm: 1.058071
2026-06-15 21:22:14,517 - debug - DEBUG - Batch 150 grad norm: 0.861626
2026-06-15 21:22:15,771 - debug - DEBUG - Batch 160 grad norm: 1.247518
2026-06-15 21:22:17,167 - debug - DEBUG - Batch 170 grad norm: 0.981316
2026-06-15 21:22:18,506 - debug - DEBUG - Batch 180 grad norm: 1.367685
2026-06-15 21:22:19,860 - debug - DEBUG - Batch 190 grad norm: 1.134471
2026-06-15 21:22:20,163 - debug - DEBUG - compute_metrics_and_record started for epoch 69
2026-06-15 21:22:20,163 - debug - DEBUG - all_preds length: 25000, all_targets length: 25000
2026-06-15 21:22:20,163 - debug - DEBUG - First 10 preds: [9, 0, 1, 1, 6, 2, 6, 3, 1, 9]
2026-06-15 21:22:20,163 - debug - DEBUG - First 10 targets: [9, 0, 1, 1, 6, 2, 6, 3, 1, 9]
2026-06-15 21:22:20,169 - debug - DEBUG - Unique predicted classes: 10 (first 10: [0 1 2 3 4 5 6 7 8 9])
2026-06-15 21:22:20,169 - debug - DEBUG - Unique target classes: 10 (first 10: [0 1 2 3 4 5 6 7 8 9])
2026-06-15 21:22:22,945 - debug - DEBUG - compute_metrics_and_record started for epoch 69
2026-06-15 21:22:22,945 - debug - DEBUG - all_preds length: 10000, all_targets length: 10000
2026-06-15 21:22:22,945 - debug - DEBUG - First 10 preds: [3, 8, 1, 0, 6, 3, 5, 4, 3, 1]
2026-06-15 21:22:22,945 - debug - DEBUG - First 10 targets: [3, 8, 8, 0, 6, 6, 1, 6, 3, 1]
2026-06-15 21:22:22,948 - debug - DEBUG - Unique predicted classes: 10 (first 10: [0 1 2 3 4 5 6 7 8 9])
2026-06-15 21:22:22,948 - debug - DEBUG - Unique target classes: 10 (first 10: [0 1 2 3 4 5 6 7 8 9])
2026-06-15 21:22:23,237 - debug - DEBUG - Device Check - Batch 0
2026-06-15 21:22:23,238 - debug - DEBUG -   Config GPU ID: 1
2026-06-15 21:22:23,238 - debug - DEBUG -   Input Device:  cuda:1
2026-06-15 21:22:23,238 - debug - DEBUG -   Target Device: cuda:1
2026-06-15 21:22:23,238 - debug - DEBUG -   Model Device:  cuda:1
2026-06-15 21:22:23,238 - debug - DEBUG -   Criterion Weight Device: No weights
2026-06-15 21:22:23,816 - debug - DEBUG - Batch 0 grad norm: 0.895903
2026-06-15 21:22:25,151 - debug - DEBUG - Batch 10 grad norm: 0.961981
2026-06-15 21:22:26,537 - debug - DEBUG - Batch 20 grad norm: 1.170815
2026-06-15 21:22:27,901 - debug - DEBUG - Batch 30 grad norm: 1.439031
2026-06-15 21:22:29,295 - debug - DEBUG - Batch 40 grad norm: 0.935648
2026-06-15 21:22:30,621 - debug - DEBUG - Batch 50 grad norm: 1.135865
2026-06-15 21:22:31,988 - debug - DEBUG - Batch 60 grad norm: 1.165129
2026-06-15 21:22:33,328 - debug - DEBUG - Batch 70 grad norm: 1.308006
2026-06-15 21:22:34,719 - debug - DEBUG - Batch 80 grad norm: 0.960203
2026-06-15 21:22:36,107 - debug - DEBUG - Batch 90 grad norm: 1.174500
2026-06-15 21:22:37,574 - debug - DEBUG - Batch 100 grad norm: 1.461145
2026-06-15 21:22:38,818 - debug - DEBUG - Batch 110 grad norm: 1.308635
2026-06-15 21:22:40,164 - debug - DEBUG - Batch 120 grad norm: 1.004285
2026-06-15 21:22:41,452 - debug - DEBUG - Batch 130 grad norm: 1.081496
2026-06-15 21:22:42,794 - debug - DEBUG - Batch 140 grad norm: 1.132650
2026-06-15 21:22:44,164 - debug - DEBUG - Batch 150 grad norm: 0.984361
2026-06-15 21:22:45,534 - debug - DEBUG - Batch 160 grad norm: 1.132652
2026-06-15 21:22:46,801 - debug - DEBUG - Batch 170 grad norm: 1.047678
2026-06-15 21:22:48,107 - debug - DEBUG - Batch 180 grad norm: 0.826333
2026-06-15 21:22:49,467 - debug - DEBUG - Batch 190 grad norm: 1.225641
2026-06-15 21:22:49,889 - debug - DEBUG - compute_metrics_and_record started for epoch 70
2026-06-15 21:22:49,890 - debug - DEBUG - all_preds length: 25000, all_targets length: 25000
2026-06-15 21:22:49,890 - debug - DEBUG - First 10 preds: [1, 6, 6, 3, 3, 6, 8, 6, 0, 8]
2026-06-15 21:22:49,890 - debug - DEBUG - First 10 targets: [1, 6, 6, 3, 3, 6, 8, 6, 0, 8]
2026-06-15 21:22:49,895 - debug - DEBUG - Unique predicted classes: 10 (first 10: [0 1 2 3 4 5 6 7 8 9])
2026-06-15 21:22:49,895 - debug - DEBUG - Unique target classes: 10 (first 10: [0 1 2 3 4 5 6 7 8 9])
2026-06-15 21:22:52,422 - debug - DEBUG - compute_metrics_and_record started for epoch 70
2026-06-15 21:22:52,422 - debug - DEBUG - all_preds length: 10000, all_targets length: 10000
2026-06-15 21:22:52,422 - debug - DEBUG - First 10 preds: [3, 8, 8, 8, 6, 3, 9, 4, 3, 9]
2026-06-15 21:22:52,422 - debug - DEBUG - First 10 targets: [3, 8, 8, 0, 6, 6, 1, 6, 3, 1]
2026-06-15 21:22:52,425 - debug - DEBUG - Unique predicted classes: 10 (first 10: [0 1 2 3 4 5 6 7 8 9])
2026-06-15 21:22:52,425 - debug - DEBUG - Unique target classes: 10 (first 10: [0 1 2 3 4 5 6 7 8 9])
2026-06-15 21:22:52,673 - debug - DEBUG - Device Check - Batch 0
2026-06-15 21:22:52,675 - debug - DEBUG -   Config GPU ID: 1
2026-06-15 21:22:52,675 - debug - DEBUG -   Input Device:  cuda:1
2026-06-15 21:22:52,675 - debug - DEBUG -   Target Device: cuda:1
2026-06-15 21:22:52,676 - debug - DEBUG -   Model Device:  cuda:1
2026-06-15 21:22:52,676 - debug - DEBUG -   Criterion Weight Device: No weights
2026-06-15 21:22:53,279 - debug - DEBUG - Batch 0 grad norm: 1.164298
2026-06-15 21:22:54,665 - debug - DEBUG - Batch 10 grad norm: 0.974788
2026-06-15 21:22:56,107 - debug - DEBUG - Batch 20 grad norm: 1.006181
2026-06-15 21:22:57,497 - debug - DEBUG - Batch 30 grad norm: 1.101804
2026-06-15 21:22:58,874 - debug - DEBUG - Batch 40 grad norm: 1.155723
2026-06-15 21:23:00,207 - debug - DEBUG - Batch 50 grad norm: 1.082311
2026-06-15 21:23:01,508 - debug - DEBUG - Batch 60 grad norm: 1.107016
2026-06-15 21:23:02,785 - debug - DEBUG - Batch 70 grad norm: 0.950496
2026-06-15 21:23:04,282 - debug - DEBUG - Batch 80 grad norm: 1.138894
2026-06-15 21:23:05,607 - debug - DEBUG - Batch 90 grad norm: 1.256952
2026-06-15 21:23:07,091 - debug - DEBUG - Batch 100 grad norm: 0.735906
2026-06-15 21:23:08,341 - debug - DEBUG - Batch 110 grad norm: 1.121634
2026-06-15 21:23:09,747 - debug - DEBUG - Batch 120 grad norm: 1.124083
2026-06-15 21:23:11,114 - debug - DEBUG - Batch 130 grad norm: 1.136907
2026-06-15 21:23:12,345 - debug - DEBUG - Batch 140 grad norm: 1.225603
2026-06-15 21:23:13,691 - debug - DEBUG - Batch 150 grad norm: 1.180379
2026-06-15 21:23:15,074 - debug - DEBUG - Batch 160 grad norm: 1.083396
2026-06-15 21:23:16,440 - debug - DEBUG - Batch 170 grad norm: 1.211407
2026-06-15 21:23:17,747 - debug - DEBUG - Batch 180 grad norm: 1.199224
2026-06-15 21:23:19,082 - debug - DEBUG - Batch 190 grad norm: 1.343898
2026-06-15 21:23:19,573 - debug - DEBUG - compute_metrics_and_record started for epoch 71
2026-06-15 21:23:19,573 - debug - DEBUG - all_preds length: 25000, all_targets length: 25000
2026-06-15 21:23:19,573 - debug - DEBUG - First 10 preds: [7, 9, 8, 1, 0, 4, 7, 5, 1, 2]
2026-06-15 21:23:19,573 - debug - DEBUG - First 10 targets: [7, 9, 8, 1, 2, 4, 0, 5, 1, 2]
2026-06-15 21:23:19,579 - debug - DEBUG - Unique predicted classes: 10 (first 10: [0 1 2 3 4 5 6 7 8 9])
2026-06-15 21:23:19,579 - debug - DEBUG - Unique target classes: 10 (first 10: [0 1 2 3 4 5 6 7 8 9])
2026-06-15 21:23:22,269 - debug - DEBUG - compute_metrics_and_record started for epoch 71
2026-06-15 21:23:22,269 - debug - DEBUG - all_preds length: 10000, all_targets length: 10000
2026-06-15 21:23:22,269 - debug - DEBUG - First 10 preds: [3, 1, 1, 0, 6, 6, 1, 6, 4, 1]
2026-06-15 21:23:22,269 - debug - DEBUG - First 10 targets: [3, 8, 8, 0, 6, 6, 1, 6, 3, 1]
2026-06-15 21:23:22,272 - debug - DEBUG - Unique predicted classes: 10 (first 10: [0 1 2 3 4 5 6 7 8 9])
2026-06-15 21:23:22,272 - debug - DEBUG - Unique target classes: 10 (first 10: [0 1 2 3 4 5 6 7 8 9])
2026-06-15 21:23:22,554 - debug - DEBUG - Device Check - Batch 0
2026-06-15 21:23:22,555 - debug - DEBUG -   Config GPU ID: 1
2026-06-15 21:23:22,555 - debug - DEBUG -   Input Device:  cuda:1
2026-06-15 21:23:22,555 - debug - DEBUG -   Target Device: cuda:1
2026-06-15 21:23:22,556 - debug - DEBUG -   Model Device:  cuda:1
2026-06-15 21:23:22,556 - debug - DEBUG -   Criterion Weight Device: No weights
2026-06-15 21:23:23,058 - debug - DEBUG - Batch 0 grad norm: 1.082779
2026-06-15 21:23:24,406 - debug - DEBUG - Batch 10 grad norm: 1.306239
2026-06-15 21:23:25,763 - debug - DEBUG - Batch 20 grad norm: 1.219975
2026-06-15 21:23:27,156 - debug - DEBUG - Batch 30 grad norm: 1.256438
2026-06-15 21:23:28,540 - debug - DEBUG - Batch 40 grad norm: 1.194965
2026-06-15 21:23:29,926 - debug - DEBUG - Batch 50 grad norm: 1.066505
2026-06-15 21:23:31,319 - debug - DEBUG - Batch 60 grad norm: 1.290765
2026-06-15 21:23:32,698 - debug - DEBUG - Batch 70 grad norm: 1.144308
2026-06-15 21:23:34,119 - debug - DEBUG - Batch 80 grad norm: 0.846650
2026-06-15 21:23:35,489 - debug - DEBUG - Batch 90 grad norm: 0.954407
2026-06-15 21:23:36,936 - debug - DEBUG - Batch 100 grad norm: 0.799162
2026-06-15 21:23:38,126 - debug - DEBUG - Batch 110 grad norm: 1.102546
2026-06-15 21:23:39,545 - debug - DEBUG - Batch 120 grad norm: 1.371914
2026-06-15 21:23:40,929 - debug - DEBUG - Batch 130 grad norm: 1.395484
2026-06-15 21:23:42,313 - debug - DEBUG - Batch 140 grad norm: 1.044766
2026-06-15 21:23:43,677 - debug - DEBUG - Batch 150 grad norm: 1.069028
2026-06-15 21:23:44,956 - debug - DEBUG - Batch 160 grad norm: 1.582555
2026-06-15 21:23:46,394 - debug - DEBUG - Batch 170 grad norm: 1.219326
2026-06-15 21:23:47,701 - debug - DEBUG - Batch 180 grad norm: 0.970505
2026-06-15 21:23:48,980 - debug - DEBUG - Batch 190 grad norm: 1.138631
2026-06-15 21:23:49,488 - debug - DEBUG - compute_metrics_and_record started for epoch 72
2026-06-15 21:23:49,488 - debug - DEBUG - all_preds length: 25000, all_targets length: 25000
2026-06-15 21:23:49,488 - debug - DEBUG - First 10 preds: [9, 3, 2, 7, 8, 3, 1, 6, 5, 9]
2026-06-15 21:23:49,489 - debug - DEBUG - First 10 targets: [9, 3, 2, 7, 8, 3, 1, 6, 5, 9]
2026-06-15 21:23:49,495 - debug - DEBUG - Unique predicted classes: 10 (first 10: [0 1 2 3 4 5 6 7 8 9])
2026-06-15 21:23:49,495 - debug - DEBUG - Unique target classes: 10 (first 10: [0 1 2 3 4 5 6 7 8 9])
2026-06-15 21:23:52,212 - debug - DEBUG - compute_metrics_and_record started for epoch 72
2026-06-15 21:23:52,212 - debug - DEBUG - all_preds length: 10000, all_targets length: 10000
2026-06-15 21:23:52,212 - debug - DEBUG - First 10 preds: [3, 8, 0, 0, 6, 6, 1, 6, 3, 1]
2026-06-15 21:23:52,212 - debug - DEBUG - First 10 targets: [3, 8, 8, 0, 6, 6, 1, 6, 3, 1]
2026-06-15 21:23:52,215 - debug - DEBUG - Unique predicted classes: 10 (first 10: [0 1 2 3 4 5 6 7 8 9])
2026-06-15 21:23:52,215 - debug - DEBUG - Unique target classes: 10 (first 10: [0 1 2 3 4 5 6 7 8 9])
2026-06-15 21:23:52,459 - debug - DEBUG - Device Check - Batch 0
2026-06-15 21:23:52,460 - debug - DEBUG -   Config GPU ID: 1
2026-06-15 21:23:52,460 - debug - DEBUG -   Input Device:  cuda:1
2026-06-15 21:23:52,460 - debug - DEBUG -   Target Device: cuda:1
2026-06-15 21:23:52,460 - debug - DEBUG -   Model Device:  cuda:1
2026-06-15 21:23:52,460 - debug - DEBUG -   Criterion Weight Device: No weights
2026-06-15 21:23:52,899 - debug - DEBUG - Batch 0 grad norm: 0.952376
2026-06-15 21:23:54,221 - debug - DEBUG - Batch 10 grad norm: 0.907977
2026-06-15 21:23:55,573 - debug - DEBUG - Batch 20 grad norm: 1.078268
2026-06-15 21:23:56,927 - debug - DEBUG - Batch 30 grad norm: 1.043280
2026-06-15 21:23:58,197 - debug - DEBUG - Batch 40 grad norm: 0.851823
2026-06-15 21:23:59,545 - debug - DEBUG - Batch 50 grad norm: 1.144069
2026-06-15 21:24:00,803 - debug - DEBUG - Batch 60 grad norm: 1.042413
2026-06-15 21:24:02,214 - debug - DEBUG - Batch 70 grad norm: 1.386125
2026-06-15 21:24:03,558 - debug - DEBUG - Batch 80 grad norm: 0.830504
2026-06-15 21:24:04,979 - debug - DEBUG - Batch 90 grad norm: 0.834380
2026-06-15 21:24:06,415 - debug - DEBUG - Batch 100 grad norm: 1.308598
2026-06-15 21:24:07,605 - debug - DEBUG - Batch 110 grad norm: 1.363141
2026-06-15 21:24:08,912 - debug - DEBUG - Batch 120 grad norm: 1.164415
2026-06-15 21:24:10,341 - debug - DEBUG - Batch 130 grad norm: 0.907697
2026-06-15 21:24:11,720 - debug - DEBUG - Batch 140 grad norm: 1.099411
2026-06-15 21:24:13,060 - debug - DEBUG - Batch 150 grad norm: 1.239151
2026-06-15 21:24:14,404 - debug - DEBUG - Batch 160 grad norm: 1.333194
2026-06-15 21:24:15,784 - debug - DEBUG - Batch 170 grad norm: 1.270412
2026-06-15 21:24:17,085 - debug - DEBUG - Batch 180 grad norm: 1.169381
2026-06-15 21:24:18,388 - debug - DEBUG - Batch 190 grad norm: 1.033165
2026-06-15 21:24:18,888 - debug - DEBUG - compute_metrics_and_record started for epoch 73
2026-06-15 21:24:18,888 - debug - DEBUG - all_preds length: 25000, all_targets length: 25000
2026-06-15 21:24:18,888 - debug - DEBUG - First 10 preds: [1, 7, 7, 6, 2, 2, 1, 1, 5, 9]
2026-06-15 21:24:18,888 - debug - DEBUG - First 10 targets: [1, 7, 7, 6, 2, 2, 1, 1, 5, 9]
2026-06-15 21:24:18,893 - debug - DEBUG - Unique predicted classes: 10 (first 10: [0 1 2 3 4 5 6 7 8 9])
2026-06-15 21:24:18,894 - debug - DEBUG - Unique target classes: 10 (first 10: [0 1 2 3 4 5 6 7 8 9])
2026-06-15 21:24:21,632 - debug - DEBUG - compute_metrics_and_record started for epoch 73
2026-06-15 21:24:21,632 - debug - DEBUG - all_preds length: 10000, all_targets length: 10000
2026-06-15 21:24:21,633 - debug - DEBUG - First 10 preds: [3, 8, 8, 8, 6, 6, 1, 6, 3, 1]
2026-06-15 21:24:21,633 - debug - DEBUG - First 10 targets: [3, 8, 8, 0, 6, 6, 1, 6, 3, 1]
2026-06-15 21:24:21,635 - debug - DEBUG - Unique predicted classes: 10 (first 10: [0 1 2 3 4 5 6 7 8 9])
2026-06-15 21:24:21,635 - debug - DEBUG - Unique target classes: 10 (first 10: [0 1 2 3 4 5 6 7 8 9])
2026-06-15 21:24:21,895 - debug - DEBUG - Device Check - Batch 0
2026-06-15 21:24:21,896 - debug - DEBUG -   Config GPU ID: 1
2026-06-15 21:24:21,896 - debug - DEBUG -   Input Device:  cuda:1
2026-06-15 21:24:21,896 - debug - DEBUG -   Target Device: cuda:1
2026-06-15 21:24:21,897 - debug - DEBUG -   Model Device:  cuda:1
2026-06-15 21:24:21,897 - debug - DEBUG -   Criterion Weight Device: No weights
2026-06-15 21:24:22,381 - debug - DEBUG - Batch 0 grad norm: 1.356821
2026-06-15 21:24:23,719 - debug - DEBUG - Batch 10 grad norm: 1.120486
2026-06-15 21:24:25,008 - debug - DEBUG - Batch 20 grad norm: 0.859955
2026-06-15 21:24:26,330 - debug - DEBUG - Batch 30 grad norm: 0.867062
2026-06-15 21:24:27,702 - debug - DEBUG - Batch 40 grad norm: 0.866204
2026-06-15 21:24:29,168 - debug - DEBUG - Batch 50 grad norm: 1.030992
2026-06-15 21:24:30,404 - debug - DEBUG - Batch 60 grad norm: 1.407402
2026-06-15 21:24:31,719 - debug - DEBUG - Batch 70 grad norm: 1.153059
2026-06-15 21:24:33,000 - debug - DEBUG - Batch 80 grad norm: 1.268966
2026-06-15 21:24:34,425 - debug - DEBUG - Batch 90 grad norm: 1.056708
2026-06-15 21:24:35,879 - debug - DEBUG - Batch 100 grad norm: 0.853187
2026-06-15 21:24:37,038 - debug - DEBUG - Batch 110 grad norm: 1.154289
2026-06-15 21:24:38,446 - debug - DEBUG - Batch 120 grad norm: 0.959099
2026-06-15 21:24:39,755 - debug - DEBUG - Batch 130 grad norm: 0.905392
2026-06-15 21:24:41,141 - debug - DEBUG - Batch 140 grad norm: 1.335274
2026-06-15 21:24:42,463 - debug - DEBUG - Batch 150 grad norm: 1.401645
2026-06-15 21:24:43,770 - debug - DEBUG - Batch 160 grad norm: 1.258539
2026-06-15 21:24:45,147 - debug - DEBUG - Batch 170 grad norm: 0.992469
2026-06-15 21:24:46,546 - debug - DEBUG - Batch 180 grad norm: 1.112604
2026-06-15 21:24:47,832 - debug - DEBUG - Batch 190 grad norm: 1.048575
2026-06-15 21:24:48,305 - debug - DEBUG - compute_metrics_and_record started for epoch 74
2026-06-15 21:24:48,306 - debug - DEBUG - all_preds length: 25000, all_targets length: 25000
2026-06-15 21:24:48,306 - debug - DEBUG - First 10 preds: [9, 2, 2, 3, 5, 5, 2, 3, 0, 9]
2026-06-15 21:24:48,306 - debug - DEBUG - First 10 targets: [3, 2, 2, 3, 5, 5, 2, 3, 0, 9]
2026-06-15 21:24:48,315 - debug - DEBUG - Unique predicted classes: 10 (first 10: [0 1 2 3 4 5 6 7 8 9])
2026-06-15 21:24:48,315 - debug - DEBUG - Unique target classes: 10 (first 10: [0 1 2 3 4 5 6 7 8 9])
2026-06-15 21:24:51,152 - debug - DEBUG - compute_metrics_and_record started for epoch 74
2026-06-15 21:24:51,153 - debug - DEBUG - all_preds length: 10000, all_targets length: 10000
2026-06-15 21:24:51,153 - debug - DEBUG - First 10 preds: [3, 1, 1, 8, 6, 6, 1, 6, 3, 1]
2026-06-15 21:24:51,153 - debug - DEBUG - First 10 targets: [3, 8, 8, 0, 6, 6, 1, 6, 3, 1]
2026-06-15 21:24:51,156 - debug - DEBUG - Unique predicted classes: 10 (first 10: [0 1 2 3 4 5 6 7 8 9])
2026-06-15 21:24:51,156 - debug - DEBUG - Unique target classes: 10 (first 10: [0 1 2 3 4 5 6 7 8 9])
2026-06-15 21:24:51,460 - debug - DEBUG - Device Check - Batch 0
2026-06-15 21:24:51,461 - debug - DEBUG -   Config GPU ID: 1
2026-06-15 21:24:51,461 - debug - DEBUG -   Input Device:  cuda:1
2026-06-15 21:24:51,461 - debug - DEBUG -   Target Device: cuda:1
2026-06-15 21:24:51,461 - debug - DEBUG -   Model Device:  cuda:1
2026-06-15 21:24:51,461 - debug - DEBUG -   Criterion Weight Device: No weights
2026-06-15 21:24:52,195 - debug - DEBUG - Batch 0 grad norm: 0.887254
2026-06-15 21:24:53,658 - debug - DEBUG - Batch 10 grad norm: 1.079994
2026-06-15 21:24:54,974 - debug - DEBUG - Batch 20 grad norm: 1.279145
2026-06-15 21:24:56,315 - debug - DEBUG - Batch 30 grad norm: 1.280000
2026-06-15 21:24:57,717 - debug - DEBUG - Batch 40 grad norm: 1.179886
2026-06-15 21:24:59,132 - debug - DEBUG - Batch 50 grad norm: 1.110353
2026-06-15 21:25:00,535 - debug - DEBUG - Batch 60 grad norm: 1.249819
2026-06-15 21:25:01,899 - debug - DEBUG - Batch 70 grad norm: 1.082039
2026-06-15 21:25:03,140 - debug - DEBUG - Batch 80 grad norm: 1.121771
2026-06-15 21:25:04,607 - debug - DEBUG - Batch 90 grad norm: 1.070856
2026-06-15 21:25:05,941 - debug - DEBUG - Batch 100 grad norm: 1.123985
2026-06-15 21:25:07,284 - debug - DEBUG - Batch 110 grad norm: 1.058838
2026-06-15 21:25:08,588 - debug - DEBUG - Batch 120 grad norm: 1.276589
2026-06-15 21:25:09,924 - debug - DEBUG - Batch 130 grad norm: 1.273286
2026-06-15 21:25:11,353 - debug - DEBUG - Batch 140 grad norm: 0.897952
2026-06-15 21:25:12,629 - debug - DEBUG - Batch 150 grad norm: 1.069761
2026-06-15 21:25:14,002 - debug - DEBUG - Batch 160 grad norm: 1.160045
2026-06-15 21:25:15,389 - debug - DEBUG - Batch 170 grad norm: 0.942343
2026-06-15 21:25:16,774 - debug - DEBUG - Batch 180 grad norm: 1.566533
2026-06-15 21:25:18,160 - debug - DEBUG - Batch 190 grad norm: 0.987340
2026-06-15 21:25:18,517 - debug - DEBUG - compute_metrics_and_record started for epoch 75
2026-06-15 21:25:18,517 - debug - DEBUG - all_preds length: 25000, all_targets length: 25000
2026-06-15 21:25:18,517 - debug - DEBUG - First 10 preds: [0, 6, 5, 2, 4, 1, 5, 3, 7, 8]
2026-06-15 21:25:18,517 - debug - DEBUG - First 10 targets: [0, 6, 5, 2, 4, 1, 5, 3, 7, 8]
2026-06-15 21:25:18,526 - debug - DEBUG - Unique predicted classes: 10 (first 10: [0 1 2 3 4 5 6 7 8 9])
2026-06-15 21:25:18,526 - debug - DEBUG - Unique target classes: 10 (first 10: [0 1 2 3 4 5 6 7 8 9])
2026-06-15 21:25:21,204 - debug - DEBUG - compute_metrics_and_record started for epoch 75
2026-06-15 21:25:21,204 - debug - DEBUG - all_preds length: 10000, all_targets length: 10000
2026-06-15 21:25:21,204 - debug - DEBUG - First 10 preds: [3, 8, 1, 0, 6, 6, 1, 6, 3, 1]
2026-06-15 21:25:21,204 - debug - DEBUG - First 10 targets: [3, 8, 8, 0, 6, 6, 1, 6, 3, 1]
2026-06-15 21:25:21,207 - debug - DEBUG - Unique predicted classes: 10 (first 10: [0 1 2 3 4 5 6 7 8 9])
2026-06-15 21:25:21,207 - debug - DEBUG - Unique target classes: 10 (first 10: [0 1 2 3 4 5 6 7 8 9])
2026-06-15 21:25:21,499 - debug - DEBUG - Device Check - Batch 0
2026-06-15 21:25:21,500 - debug - DEBUG -   Config GPU ID: 1
2026-06-15 21:25:21,500 - debug - DEBUG -   Input Device:  cuda:1
2026-06-15 21:25:21,500 - debug - DEBUG -   Target Device: cuda:1
2026-06-15 21:25:21,500 - debug - DEBUG -   Model Device:  cuda:1
2026-06-15 21:25:21,501 - debug - DEBUG -   Criterion Weight Device: No weights
2026-06-15 21:25:22,134 - debug - DEBUG - Batch 0 grad norm: 1.209381
2026-06-15 21:25:23,512 - debug - DEBUG - Batch 10 grad norm: 1.302398
2026-06-15 21:25:24,820 - debug - DEBUG - Batch 20 grad norm: 1.260391
2026-06-15 21:25:26,278 - debug - DEBUG - Batch 30 grad norm: 1.112184
2026-06-15 21:25:27,690 - debug - DEBUG - Batch 40 grad norm: 1.225810
2026-06-15 21:25:29,028 - debug - DEBUG - Batch 50 grad norm: 1.152399
2026-06-15 21:25:30,470 - debug - DEBUG - Batch 60 grad norm: 1.263263
2026-06-15 21:25:31,844 - debug - DEBUG - Batch 70 grad norm: 0.983206
2026-06-15 21:25:33,147 - debug - DEBUG - Batch 80 grad norm: 0.758474
2026-06-15 21:25:34,558 - debug - DEBUG - Batch 90 grad norm: 1.046933
2026-06-15 21:25:35,805 - debug - DEBUG - Batch 100 grad norm: 1.199258
2026-06-15 21:25:37,179 - debug - DEBUG - Batch 110 grad norm: 0.768666
2026-06-15 21:25:38,562 - debug - DEBUG - Batch 120 grad norm: 1.305425
2026-06-15 21:25:39,912 - debug - DEBUG - Batch 130 grad norm: 1.271240
2026-06-15 21:25:41,313 - debug - DEBUG - Batch 140 grad norm: 1.186261
2026-06-15 21:25:42,643 - debug - DEBUG - Batch 150 grad norm: 1.346579
2026-06-15 21:25:44,068 - debug - DEBUG - Batch 160 grad norm: 1.438850
2026-06-15 21:25:45,396 - debug - DEBUG - Batch 170 grad norm: 1.188351
2026-06-15 21:25:46,761 - debug - DEBUG - Batch 180 grad norm: 1.221232
2026-06-15 21:25:48,141 - debug - DEBUG - Batch 190 grad norm: 1.258510
2026-06-15 21:25:48,475 - debug - DEBUG - compute_metrics_and_record started for epoch 76
2026-06-15 21:25:48,475 - debug - DEBUG - all_preds length: 25000, all_targets length: 25000
2026-06-15 21:25:48,475 - debug - DEBUG - First 10 preds: [6, 3, 6, 8, 2, 9, 6, 7, 6, 5]
2026-06-15 21:25:48,475 - debug - DEBUG - First 10 targets: [6, 3, 6, 8, 2, 9, 6, 7, 6, 5]
2026-06-15 21:25:48,483 - debug - DEBUG - Unique predicted classes: 10 (first 10: [0 1 2 3 4 5 6 7 8 9])
2026-06-15 21:25:48,483 - debug - DEBUG - Unique target classes: 10 (first 10: [0 1 2 3 4 5 6 7 8 9])
2026-06-15 21:25:51,164 - debug - DEBUG - compute_metrics_and_record started for epoch 76
2026-06-15 21:25:51,165 - debug - DEBUG - all_preds length: 10000, all_targets length: 10000
2026-06-15 21:25:51,165 - debug - DEBUG - First 10 preds: [3, 8, 0, 0, 3, 6, 1, 6, 3, 1]
2026-06-15 21:25:51,165 - debug - DEBUG - First 10 targets: [3, 8, 8, 0, 6, 6, 1, 6, 3, 1]
2026-06-15 21:25:51,168 - debug - DEBUG - Unique predicted classes: 10 (first 10: [0 1 2 3 4 5 6 7 8 9])
2026-06-15 21:25:51,168 - debug - DEBUG - Unique target classes: 10 (first 10: [0 1 2 3 4 5 6 7 8 9])
2026-06-15 21:25:51,456 - debug - DEBUG - Device Check - Batch 0
2026-06-15 21:25:51,456 - debug - DEBUG -   Config GPU ID: 1
2026-06-15 21:25:51,456 - debug - DEBUG -   Input Device:  cuda:1
2026-06-15 21:25:51,456 - debug - DEBUG -   Target Device: cuda:1
2026-06-15 21:25:51,457 - debug - DEBUG -   Model Device:  cuda:1
2026-06-15 21:25:51,457 - debug - DEBUG -   Criterion Weight Device: No weights
2026-06-15 21:25:52,139 - debug - DEBUG - Batch 0 grad norm: 0.938813
2026-06-15 21:25:53,482 - debug - DEBUG - Batch 10 grad norm: 1.368025
2026-06-15 21:25:54,817 - debug - DEBUG - Batch 20 grad norm: 1.019371
2026-06-15 21:25:56,143 - debug - DEBUG - Batch 30 grad norm: 0.784345
2026-06-15 21:25:57,611 - debug - DEBUG - Batch 40 grad norm: 1.038011
2026-06-15 21:25:59,077 - debug - DEBUG - Batch 50 grad norm: 1.224088
2026-06-15 21:26:00,543 - debug - DEBUG - Batch 60 grad norm: 0.962591
2026-06-15 21:26:02,010 - debug - DEBUG - Batch 70 grad norm: 0.935601
2026-06-15 21:26:03,392 - debug - DEBUG - Batch 80 grad norm: 1.302195
2026-06-15 21:26:04,929 - debug - DEBUG - Batch 90 grad norm: 1.094491
2026-06-15 21:26:06,312 - debug - DEBUG - Batch 100 grad norm: 1.179175
2026-06-15 21:26:07,775 - debug - DEBUG - Batch 110 grad norm: 1.427172
2026-06-15 21:26:09,243 - debug - DEBUG - Batch 120 grad norm: 1.019242
2026-06-15 21:26:10,700 - debug - DEBUG - Batch 130 grad norm: 1.298680
2026-06-15 21:26:12,161 - debug - DEBUG - Batch 140 grad norm: 0.968083
2026-06-15 21:26:13,626 - debug - DEBUG - Batch 150 grad norm: 1.099300
2026-06-15 21:26:14,892 - debug - DEBUG - Batch 160 grad norm: 1.003012
2026-06-15 21:26:16,285 - debug - DEBUG - Batch 170 grad norm: 1.304924
2026-06-15 21:26:17,671 - debug - DEBUG - Batch 180 grad norm: 0.924830
2026-06-15 21:26:18,995 - debug - DEBUG - Batch 190 grad norm: 0.985749
2026-06-15 21:26:19,386 - debug - DEBUG - compute_metrics_and_record started for epoch 77
2026-06-15 21:26:19,387 - debug - DEBUG - all_preds length: 25000, all_targets length: 25000
2026-06-15 21:26:19,387 - debug - DEBUG - First 10 preds: [2, 7, 3, 3, 2, 3, 8, 7, 2, 8]
2026-06-15 21:26:19,387 - debug - DEBUG - First 10 targets: [2, 7, 3, 4, 2, 3, 8, 7, 2, 8]
2026-06-15 21:26:19,394 - debug - DEBUG - Unique predicted classes: 10 (first 10: [0 1 2 3 4 5 6 7 8 9])
2026-06-15 21:26:19,395 - debug - DEBUG - Unique target classes: 10 (first 10: [0 1 2 3 4 5 6 7 8 9])
2026-06-15 21:26:22,059 - debug - DEBUG - compute_metrics_and_record started for epoch 77
2026-06-15 21:26:22,059 - debug - DEBUG - all_preds length: 10000, all_targets length: 10000
2026-06-15 21:26:22,060 - debug - DEBUG - First 10 preds: [3, 8, 1, 0, 6, 9, 9, 0, 3, 1]
2026-06-15 21:26:22,060 - debug - DEBUG - First 10 targets: [3, 8, 8, 0, 6, 6, 1, 6, 3, 1]
2026-06-15 21:26:22,062 - debug - DEBUG - Unique predicted classes: 10 (first 10: [0 1 2 3 4 5 6 7 8 9])
2026-06-15 21:26:22,062 - debug - DEBUG - Unique target classes: 10 (first 10: [0 1 2 3 4 5 6 7 8 9])
2026-06-15 21:26:22,348 - debug - DEBUG - Device Check - Batch 0
2026-06-15 21:26:22,348 - debug - DEBUG -   Config GPU ID: 1
2026-06-15 21:26:22,348 - debug - DEBUG -   Input Device:  cuda:1
2026-06-15 21:26:22,349 - debug - DEBUG -   Target Device: cuda:1
2026-06-15 21:26:22,349 - debug - DEBUG -   Model Device:  cuda:1
2026-06-15 21:26:22,349 - debug - DEBUG -   Criterion Weight Device: No weights
2026-06-15 21:26:23,010 - debug - DEBUG - Batch 0 grad norm: 1.019463
2026-06-15 21:26:24,336 - debug - DEBUG - Batch 10 grad norm: 1.157200
2026-06-15 21:26:25,696 - debug - DEBUG - Batch 20 grad norm: 1.057530
2026-06-15 21:26:27,085 - debug - DEBUG - Batch 30 grad norm: 1.204450
2026-06-15 21:26:28,438 - debug - DEBUG - Batch 40 grad norm: 1.352522
2026-06-15 21:26:29,777 - debug - DEBUG - Batch 50 grad norm: 1.157352
2026-06-15 21:26:31,086 - debug - DEBUG - Batch 60 grad norm: 0.969737
2026-06-15 21:26:32,459 - debug - DEBUG - Batch 70 grad norm: 1.307004
2026-06-15 21:26:33,566 - debug - DEBUG - Batch 80 grad norm: 0.900501
2026-06-15 21:26:35,055 - debug - DEBUG - Batch 90 grad norm: 1.271630
2026-06-15 21:26:36,325 - debug - DEBUG - Batch 100 grad norm: 1.146857
2026-06-15 21:26:37,619 - debug - DEBUG - Batch 110 grad norm: 0.817627
2026-06-15 21:26:38,979 - debug - DEBUG - Batch 120 grad norm: 1.367341
2026-06-15 21:26:40,318 - debug - DEBUG - Batch 130 grad norm: 1.090603
2026-06-15 21:26:41,680 - debug - DEBUG - Batch 140 grad norm: 1.151403
2026-06-15 21:26:42,937 - debug - DEBUG - Batch 150 grad norm: 1.081583
2026-06-15 21:26:44,346 - debug - DEBUG - Batch 160 grad norm: 0.690826
2026-06-15 21:26:45,741 - debug - DEBUG - Batch 170 grad norm: 1.156716
2026-06-15 21:26:47,010 - debug - DEBUG - Batch 180 grad norm: 1.293719
2026-06-15 21:26:48,236 - debug - DEBUG - Batch 190 grad norm: 1.171459
2026-06-15 21:26:48,698 - debug - DEBUG - compute_metrics_and_record started for epoch 78
2026-06-15 21:26:48,698 - debug - DEBUG - all_preds length: 25000, all_targets length: 25000
2026-06-15 21:26:48,698 - debug - DEBUG - First 10 preds: [8, 4, 9, 6, 2, 3, 9, 1, 0, 8]
2026-06-15 21:26:48,698 - debug - DEBUG - First 10 targets: [8, 4, 9, 6, 2, 3, 9, 1, 0, 8]
2026-06-15 21:26:48,704 - debug - DEBUG - Unique predicted classes: 10 (first 10: [0 1 2 3 4 5 6 7 8 9])
2026-06-15 21:26:48,704 - debug - DEBUG - Unique target classes: 10 (first 10: [0 1 2 3 4 5 6 7 8 9])
2026-06-15 21:26:51,358 - debug - DEBUG - compute_metrics_and_record started for epoch 78
2026-06-15 21:26:51,358 - debug - DEBUG - all_preds length: 10000, all_targets length: 10000
2026-06-15 21:26:51,358 - debug - DEBUG - First 10 preds: [3, 8, 8, 8, 6, 6, 1, 2, 3, 1]
2026-06-15 21:26:51,358 - debug - DEBUG - First 10 targets: [3, 8, 8, 0, 6, 6, 1, 6, 3, 1]
2026-06-15 21:26:51,360 - debug - DEBUG - Unique predicted classes: 10 (first 10: [0 1 2 3 4 5 6 7 8 9])
2026-06-15 21:26:51,361 - debug - DEBUG - Unique target classes: 10 (first 10: [0 1 2 3 4 5 6 7 8 9])
2026-06-15 21:26:51,642 - debug - DEBUG - Device Check - Batch 0
2026-06-15 21:26:51,643 - debug - DEBUG -   Config GPU ID: 1
2026-06-15 21:26:51,643 - debug - DEBUG -   Input Device:  cuda:1
2026-06-15 21:26:51,643 - debug - DEBUG -   Target Device: cuda:1
2026-06-15 21:26:51,644 - debug - DEBUG -   Model Device:  cuda:1
2026-06-15 21:26:51,644 - debug - DEBUG -   Criterion Weight Device: No weights
2026-06-15 21:26:52,241 - debug - DEBUG - Batch 0 grad norm: 0.846741
2026-06-15 21:26:53,587 - debug - DEBUG - Batch 10 grad norm: 0.932827
2026-06-15 21:26:54,982 - debug - DEBUG - Batch 20 grad norm: 1.004990
2026-06-15 21:26:56,366 - debug - DEBUG - Batch 30 grad norm: 1.456758
2026-06-15 21:26:57,679 - debug - DEBUG - Batch 40 grad norm: 0.984700
2026-06-15 21:26:59,003 - debug - DEBUG - Batch 50 grad norm: 1.033800
2026-06-15 21:27:00,363 - debug - DEBUG - Batch 60 grad norm: 1.283293
2026-06-15 21:27:01,596 - debug - DEBUG - Batch 70 grad norm: 1.046612
2026-06-15 21:27:03,011 - debug - DEBUG - Batch 80 grad norm: 1.069727
2026-06-15 21:27:04,371 - debug - DEBUG - Batch 90 grad norm: 1.238516
2026-06-15 21:27:05,816 - debug - DEBUG - Batch 100 grad norm: 1.184887
2026-06-15 21:27:07,082 - debug - DEBUG - Batch 110 grad norm: 1.150326
2026-06-15 21:27:08,422 - debug - DEBUG - Batch 120 grad norm: 1.282690
2026-06-15 21:27:09,792 - debug - DEBUG - Batch 130 grad norm: 0.878383
2026-06-15 21:27:11,134 - debug - DEBUG - Batch 140 grad norm: 1.184842
2026-06-15 21:27:12,411 - debug - DEBUG - Batch 150 grad norm: 1.368661
2026-06-15 21:27:13,742 - debug - DEBUG - Batch 160 grad norm: 1.130824
2026-06-15 21:27:15,119 - debug - DEBUG - Batch 170 grad norm: 1.323014
2026-06-15 21:27:16,474 - debug - DEBUG - Batch 180 grad norm: 1.331759
2026-06-15 21:27:17,867 - debug - DEBUG - Batch 190 grad norm: 1.028367
2026-06-15 21:27:18,299 - debug - DEBUG - compute_metrics_and_record started for epoch 79
2026-06-15 21:27:18,299 - debug - DEBUG - all_preds length: 25000, all_targets length: 25000
2026-06-15 21:27:18,299 - debug - DEBUG - First 10 preds: [2, 2, 6, 1, 1, 5, 3, 1, 4, 0]
2026-06-15 21:27:18,299 - debug - DEBUG - First 10 targets: [2, 2, 6, 1, 1, 5, 3, 1, 7, 0]
2026-06-15 21:27:18,306 - debug - DEBUG - Unique predicted classes: 10 (first 10: [0 1 2 3 4 5 6 7 8 9])
2026-06-15 21:27:18,306 - debug - DEBUG - Unique target classes: 10 (first 10: [0 1 2 3 4 5 6 7 8 9])
2026-06-15 21:27:21,065 - debug - DEBUG - compute_metrics_and_record started for epoch 79
2026-06-15 21:27:21,065 - debug - DEBUG - all_preds length: 10000, all_targets length: 10000
2026-06-15 21:27:21,065 - debug - DEBUG - First 10 preds: [3, 8, 8, 0, 6, 3, 1, 6, 3, 1]
2026-06-15 21:27:21,065 - debug - DEBUG - First 10 targets: [3, 8, 8, 0, 6, 6, 1, 6, 3, 1]
2026-06-15 21:27:21,068 - debug - DEBUG - Unique predicted classes: 10 (first 10: [0 1 2 3 4 5 6 7 8 9])
2026-06-15 21:27:21,068 - debug - DEBUG - Unique target classes: 10 (first 10: [0 1 2 3 4 5 6 7 8 9])
2026-06-15 21:27:21,375 - debug - DEBUG - Device Check - Batch 0
2026-06-15 21:27:21,375 - debug - DEBUG -   Config GPU ID: 1
2026-06-15 21:27:21,376 - debug - DEBUG -   Input Device:  cuda:1
2026-06-15 21:27:21,376 - debug - DEBUG -   Target Device: cuda:1
2026-06-15 21:27:21,376 - debug - DEBUG -   Model Device:  cuda:1
2026-06-15 21:27:21,377 - debug - DEBUG -   Criterion Weight Device: No weights
2026-06-15 21:27:21,911 - debug - DEBUG - Batch 0 grad norm: 0.975810
2026-06-15 21:27:23,284 - debug - DEBUG - Batch 10 grad norm: 0.803672
2026-06-15 21:27:24,592 - debug - DEBUG - Batch 20 grad norm: 0.984690
2026-06-15 21:27:25,885 - debug - DEBUG - Batch 30 grad norm: 0.930028
2026-06-15 21:27:27,255 - debug - DEBUG - Batch 40 grad norm: 1.306512
2026-06-15 21:27:28,610 - debug - DEBUG - Batch 50 grad norm: 0.847789
2026-06-15 21:27:29,888 - debug - DEBUG - Batch 60 grad norm: 1.249732
2026-06-15 21:27:31,272 - debug - DEBUG - Batch 70 grad norm: 1.039047
2026-06-15 21:27:32,549 - debug - DEBUG - Batch 80 grad norm: 1.184836
2026-06-15 21:27:33,903 - debug - DEBUG - Batch 90 grad norm: 1.675087
2026-06-15 21:27:35,359 - debug - DEBUG - Batch 100 grad norm: 1.218960
2026-06-15 21:27:36,587 - debug - DEBUG - Batch 110 grad norm: 1.227930
2026-06-15 21:27:37,850 - debug - DEBUG - Batch 120 grad norm: 1.244798
2026-06-15 21:27:39,177 - debug - DEBUG - Batch 130 grad norm: 1.254441
2026-06-15 21:27:40,499 - debug - DEBUG - Batch 140 grad norm: 1.382876
2026-06-15 21:27:41,873 - debug - DEBUG - Batch 150 grad norm: 0.865843
2026-06-15 21:27:43,164 - debug - DEBUG - Batch 160 grad norm: 1.203745
2026-06-15 21:27:44,476 - debug - DEBUG - Batch 170 grad norm: 1.205392
2026-06-15 21:27:45,768 - debug - DEBUG - Batch 180 grad norm: 1.031264
2026-06-15 21:27:47,129 - debug - DEBUG - Batch 190 grad norm: 1.002525
2026-06-15 21:27:47,560 - debug - DEBUG - compute_metrics_and_record started for epoch 80
2026-06-15 21:27:47,561 - debug - DEBUG - all_preds length: 25000, all_targets length: 25000
2026-06-15 21:27:47,561 - debug - DEBUG - First 10 preds: [7, 7, 0, 9, 2, 2, 8, 5, 2, 7]
2026-06-15 21:27:47,561 - debug - DEBUG - First 10 targets: [7, 7, 0, 9, 4, 2, 8, 7, 0, 7]
2026-06-15 21:27:47,569 - debug - DEBUG - Unique predicted classes: 10 (first 10: [0 1 2 3 4 5 6 7 8 9])
2026-06-15 21:27:47,569 - debug - DEBUG - Unique target classes: 10 (first 10: [0 1 2 3 4 5 6 7 8 9])
2026-06-15 21:27:50,224 - debug - DEBUG - compute_metrics_and_record started for epoch 80
2026-06-15 21:27:50,225 - debug - DEBUG - all_preds length: 10000, all_targets length: 10000
2026-06-15 21:27:50,225 - debug - DEBUG - First 10 preds: [3, 8, 1, 0, 6, 6, 1, 2, 3, 1]
2026-06-15 21:27:50,225 - debug - DEBUG - First 10 targets: [3, 8, 8, 0, 6, 6, 1, 6, 3, 1]
2026-06-15 21:27:50,227 - debug - DEBUG - Unique predicted classes: 10 (first 10: [0 1 2 3 4 5 6 7 8 9])
2026-06-15 21:27:50,228 - debug - DEBUG - Unique target classes: 10 (first 10: [0 1 2 3 4 5 6 7 8 9])
2026-06-15 21:27:50,480 - debug - DEBUG - Device Check - Batch 0
2026-06-15 21:27:50,481 - debug - DEBUG -   Config GPU ID: 1
2026-06-15 21:27:50,481 - debug - DEBUG -   Input Device:  cuda:1
2026-06-15 21:27:50,481 - debug - DEBUG -   Target Device: cuda:1
2026-06-15 21:27:50,481 - debug - DEBUG -   Model Device:  cuda:1
2026-06-15 21:27:50,481 - debug - DEBUG -   Criterion Weight Device: No weights
2026-06-15 21:27:50,939 - debug - DEBUG - Batch 0 grad norm: 0.764269
2026-06-15 21:27:52,296 - debug - DEBUG - Batch 10 grad norm: 0.947820
2026-06-15 21:27:53,677 - debug - DEBUG - Batch 20 grad norm: 1.045544
2026-06-15 21:27:55,000 - debug - DEBUG - Batch 30 grad norm: 1.422891
2026-06-15 21:27:56,351 - debug - DEBUG - Batch 40 grad norm: 0.825913
2026-06-15 21:27:57,638 - debug - DEBUG - Batch 50 grad norm: 1.146438
2026-06-15 21:27:59,046 - debug - DEBUG - Batch 60 grad norm: 1.557043
2026-06-15 21:28:00,266 - debug - DEBUG - Batch 70 grad norm: 1.162039
2026-06-15 21:28:01,630 - debug - DEBUG - Batch 80 grad norm: 1.056663
2026-06-15 21:28:03,029 - debug - DEBUG - Batch 90 grad norm: 1.252510
2026-06-15 21:28:04,479 - debug - DEBUG - Batch 100 grad norm: 0.978715
2026-06-15 21:28:05,723 - debug - DEBUG - Batch 110 grad norm: 0.968389
2026-06-15 21:28:07,106 - debug - DEBUG - Batch 120 grad norm: 1.173945
2026-06-15 21:28:08,488 - debug - DEBUG - Batch 130 grad norm: 1.391822
2026-06-15 21:28:09,857 - debug - DEBUG - Batch 140 grad norm: 1.018365
2026-06-15 21:28:11,183 - debug - DEBUG - Batch 150 grad norm: 1.230469
2026-06-15 21:28:12,509 - debug - DEBUG - Batch 160 grad norm: 1.461472
2026-06-15 21:28:13,833 - debug - DEBUG - Batch 170 grad norm: 1.128040
2026-06-15 21:28:15,153 - debug - DEBUG - Batch 180 grad norm: 1.388378
2026-06-15 21:28:16,467 - debug - DEBUG - Batch 190 grad norm: 1.083002
2026-06-15 21:28:16,980 - debug - DEBUG - compute_metrics_and_record started for epoch 81
2026-06-15 21:28:16,980 - debug - DEBUG - all_preds length: 25000, all_targets length: 25000
2026-06-15 21:28:16,980 - debug - DEBUG - First 10 preds: [3, 0, 3, 7, 0, 3, 1, 7, 0, 6]
2026-06-15 21:28:16,981 - debug - DEBUG - First 10 targets: [3, 0, 6, 7, 6, 3, 1, 7, 0, 6]
2026-06-15 21:28:16,989 - debug - DEBUG - Unique predicted classes: 10 (first 10: [0 1 2 3 4 5 6 7 8 9])
2026-06-15 21:28:16,989 - debug - DEBUG - Unique target classes: 10 (first 10: [0 1 2 3 4 5 6 7 8 9])
2026-06-15 21:28:19,647 - debug - DEBUG - compute_metrics_and_record started for epoch 81
2026-06-15 21:28:19,647 - debug - DEBUG - all_preds length: 10000, all_targets length: 10000
2026-06-15 21:28:19,647 - debug - DEBUG - First 10 preds: [3, 1, 1, 9, 6, 3, 1, 4, 3, 1]
2026-06-15 21:28:19,647 - debug - DEBUG - First 10 targets: [3, 8, 8, 0, 6, 6, 1, 6, 3, 1]
2026-06-15 21:28:19,650 - debug - DEBUG - Unique predicted classes: 10 (first 10: [0 1 2 3 4 5 6 7 8 9])
2026-06-15 21:28:19,650 - debug - DEBUG - Unique target classes: 10 (first 10: [0 1 2 3 4 5 6 7 8 9])
2026-06-15 21:28:19,944 - debug - DEBUG - Device Check - Batch 0
2026-06-15 21:28:19,945 - debug - DEBUG -   Config GPU ID: 1
2026-06-15 21:28:19,946 - debug - DEBUG -   Input Device:  cuda:1
2026-06-15 21:28:19,946 - debug - DEBUG -   Target Device: cuda:1
2026-06-15 21:28:19,946 - debug - DEBUG -   Model Device:  cuda:1
2026-06-15 21:28:19,947 - debug - DEBUG -   Criterion Weight Device: No weights
2026-06-15 21:28:20,459 - debug - DEBUG - Batch 0 grad norm: 0.934098
2026-06-15 21:28:21,778 - debug - DEBUG - Batch 10 grad norm: 1.176719
2026-06-15 21:28:23,157 - debug - DEBUG - Batch 20 grad norm: 1.085955
2026-06-15 21:28:24,561 - debug - DEBUG - Batch 30 grad norm: 0.867089
2026-06-15 21:28:25,930 - debug - DEBUG - Batch 40 grad norm: 1.126320
2026-06-15 21:28:27,316 - debug - DEBUG - Batch 50 grad norm: 1.049277
2026-06-15 21:28:28,669 - debug - DEBUG - Batch 60 grad norm: 1.110530
2026-06-15 21:28:30,086 - debug - DEBUG - Batch 70 grad norm: 1.393895
2026-06-15 21:28:31,471 - debug - DEBUG - Batch 80 grad norm: 0.907048
2026-06-15 21:28:32,859 - debug - DEBUG - Batch 90 grad norm: 0.937612
2026-06-15 21:28:34,203 - debug - DEBUG - Batch 100 grad norm: 1.465123
2026-06-15 21:28:35,409 - debug - DEBUG - Batch 110 grad norm: 1.108509
2026-06-15 21:28:36,792 - debug - DEBUG - Batch 120 grad norm: 1.403037
2026-06-15 21:28:38,173 - debug - DEBUG - Batch 130 grad norm: 1.120791
2026-06-15 21:28:39,351 - debug - DEBUG - Batch 140 grad norm: 1.525284
2026-06-15 21:28:40,759 - debug - DEBUG - Batch 150 grad norm: 1.010827
2026-06-15 21:28:42,161 - debug - DEBUG - Batch 160 grad norm: 1.007621
2026-06-15 21:28:43,457 - debug - DEBUG - Batch 170 grad norm: 1.164749
2026-06-15 21:28:44,722 - debug - DEBUG - Batch 180 grad norm: 1.250040
2026-06-15 21:28:46,045 - debug - DEBUG - Batch 190 grad norm: 1.466275
2026-06-15 21:28:46,531 - debug - DEBUG - compute_metrics_and_record started for epoch 82
2026-06-15 21:28:46,532 - debug - DEBUG - all_preds length: 25000, all_targets length: 25000
2026-06-15 21:28:46,532 - debug - DEBUG - First 10 preds: [5, 9, 0, 4, 6, 9, 8, 6, 7, 6]
2026-06-15 21:28:46,532 - debug - DEBUG - First 10 targets: [5, 9, 0, 4, 6, 9, 8, 6, 7, 6]
2026-06-15 21:28:46,540 - debug - DEBUG - Unique predicted classes: 10 (first 10: [0 1 2 3 4 5 6 7 8 9])
2026-06-15 21:28:46,540 - debug - DEBUG - Unique target classes: 10 (first 10: [0 1 2 3 4 5 6 7 8 9])
2026-06-15 21:28:49,219 - debug - DEBUG - compute_metrics_and_record started for epoch 82
2026-06-15 21:28:49,219 - debug - DEBUG - all_preds length: 10000, all_targets length: 10000
2026-06-15 21:28:49,219 - debug - DEBUG - First 10 preds: [3, 1, 0, 0, 6, 5, 1, 6, 3, 1]
2026-06-15 21:28:49,219 - debug - DEBUG - First 10 targets: [3, 8, 8, 0, 6, 6, 1, 6, 3, 1]
2026-06-15 21:28:49,222 - debug - DEBUG - Unique predicted classes: 10 (first 10: [0 1 2 3 4 5 6 7 8 9])
2026-06-15 21:28:49,222 - debug - DEBUG - Unique target classes: 10 (first 10: [0 1 2 3 4 5 6 7 8 9])
2026-06-15 21:28:49,512 - debug - DEBUG - Device Check - Batch 0
2026-06-15 21:28:49,513 - debug - DEBUG -   Config GPU ID: 1
2026-06-15 21:28:49,514 - debug - DEBUG -   Input Device:  cuda:1
2026-06-15 21:28:49,514 - debug - DEBUG -   Target Device: cuda:1
2026-06-15 21:28:49,514 - debug - DEBUG -   Model Device:  cuda:1
2026-06-15 21:28:49,514 - debug - DEBUG -   Criterion Weight Device: No weights
2026-06-15 21:28:49,968 - debug - DEBUG - Batch 0 grad norm: 1.258062
2026-06-15 21:28:51,347 - debug - DEBUG - Batch 10 grad norm: 0.914858
2026-06-15 21:28:52,731 - debug - DEBUG - Batch 20 grad norm: 1.232582
2026-06-15 21:28:54,098 - debug - DEBUG - Batch 30 grad norm: 0.844658
2026-06-15 21:28:55,366 - debug - DEBUG - Batch 40 grad norm: 1.058522
2026-06-15 21:28:56,748 - debug - DEBUG - Batch 50 grad norm: 1.086680
2026-06-15 21:28:58,125 - debug - DEBUG - Batch 60 grad norm: 1.162208
2026-06-15 21:28:59,527 - debug - DEBUG - Batch 70 grad norm: 1.300349
2026-06-15 21:29:00,915 - debug - DEBUG - Batch 80 grad norm: 0.921771
2026-06-15 21:29:02,260 - debug - DEBUG - Batch 90 grad norm: 1.066297
2026-06-15 21:29:03,676 - debug - DEBUG - Batch 100 grad norm: 1.344685
2026-06-15 21:29:04,871 - debug - DEBUG - Batch 110 grad norm: 1.119283
2026-06-15 21:29:06,285 - debug - DEBUG - Batch 120 grad norm: 1.063615
2026-06-15 21:29:07,575 - debug - DEBUG - Batch 130 grad norm: 0.789052
2026-06-15 21:29:08,963 - debug - DEBUG - Batch 140 grad norm: 0.774609
2026-06-15 21:29:10,410 - debug - DEBUG - Batch 150 grad norm: 0.934290
2026-06-15 21:29:11,801 - debug - DEBUG - Batch 160 grad norm: 1.343892
2026-06-15 21:29:13,128 - debug - DEBUG - Batch 170 grad norm: 1.090781
2026-06-15 21:29:14,547 - debug - DEBUG - Batch 180 grad norm: 1.251569
2026-06-15 21:29:15,854 - debug - DEBUG - Batch 190 grad norm: 1.026460
2026-06-15 21:29:16,358 - debug - DEBUG - compute_metrics_and_record started for epoch 83
2026-06-15 21:29:16,358 - debug - DEBUG - all_preds length: 25000, all_targets length: 25000
2026-06-15 21:29:16,359 - debug - DEBUG - First 10 preds: [2, 8, 0, 3, 2, 8, 6, 1, 7, 2]
2026-06-15 21:29:16,359 - debug - DEBUG - First 10 targets: [2, 8, 0, 3, 2, 8, 6, 1, 7, 2]
2026-06-15 21:29:16,370 - debug - DEBUG - Unique predicted classes: 10 (first 10: [0 1 2 3 4 5 6 7 8 9])
2026-06-15 21:29:16,370 - debug - DEBUG - Unique target classes: 10 (first 10: [0 1 2 3 4 5 6 7 8 9])
2026-06-15 21:29:18,973 - debug - DEBUG - compute_metrics_and_record started for epoch 83
2026-06-15 21:29:18,973 - debug - DEBUG - all_preds length: 10000, all_targets length: 10000
2026-06-15 21:29:18,973 - debug - DEBUG - First 10 preds: [3, 8, 1, 8, 6, 6, 1, 6, 3, 1]
2026-06-15 21:29:18,973 - debug - DEBUG - First 10 targets: [3, 8, 8, 0, 6, 6, 1, 6, 3, 1]
2026-06-15 21:29:18,976 - debug - DEBUG - Unique predicted classes: 10 (first 10: [0 1 2 3 4 5 6 7 8 9])
2026-06-15 21:29:18,976 - debug - DEBUG - Unique target classes: 10 (first 10: [0 1 2 3 4 5 6 7 8 9])
2026-06-15 21:29:19,267 - debug - DEBUG - Device Check - Batch 0
2026-06-15 21:29:19,268 - debug - DEBUG -   Config GPU ID: 1
2026-06-15 21:29:19,268 - debug - DEBUG -   Input Device:  cuda:1
2026-06-15 21:29:19,269 - debug - DEBUG -   Target Device: cuda:1
2026-06-15 21:29:19,269 - debug - DEBUG -   Model Device:  cuda:1
2026-06-15 21:29:19,269 - debug - DEBUG -   Criterion Weight Device: No weights
2026-06-15 21:29:19,822 - debug - DEBUG - Batch 0 grad norm: 0.910808
2026-06-15 21:29:21,201 - debug - DEBUG - Batch 10 grad norm: 1.135467
2026-06-15 21:29:22,603 - debug - DEBUG - Batch 20 grad norm: 0.962391
2026-06-15 21:29:24,070 - debug - DEBUG - Batch 30 grad norm: 0.987473
2026-06-15 21:29:25,258 - debug - DEBUG - Batch 40 grad norm: 1.034764
2026-06-15 21:29:26,661 - debug - DEBUG - Batch 50 grad norm: 0.912648
2026-06-15 21:29:27,962 - debug - DEBUG - Batch 60 grad norm: 1.282075
2026-06-15 21:29:29,329 - debug - DEBUG - Batch 70 grad norm: 1.029584
2026-06-15 21:29:30,722 - debug - DEBUG - Batch 80 grad norm: 1.136905
2026-06-15 21:29:32,051 - debug - DEBUG - Batch 90 grad norm: 1.300777
2026-06-15 21:29:33,466 - debug - DEBUG - Batch 100 grad norm: 1.126782
2026-06-15 21:29:34,687 - debug - DEBUG - Batch 110 grad norm: 1.054904
2026-06-15 21:29:36,001 - debug - DEBUG - Batch 120 grad norm: 1.348836
2026-06-15 21:29:37,394 - debug - DEBUG - Batch 130 grad norm: 1.412729
2026-06-15 21:29:38,840 - debug - DEBUG - Batch 140 grad norm: 1.024357
2026-06-15 21:29:40,246 - debug - DEBUG - Batch 150 grad norm: 1.179597
2026-06-15 21:29:41,541 - debug - DEBUG - Batch 160 grad norm: 1.002024
2026-06-15 21:29:42,857 - debug - DEBUG - Batch 170 grad norm: 1.008046
2026-06-15 21:29:44,215 - debug - DEBUG - Batch 180 grad norm: 1.136851
2026-06-15 21:29:45,609 - debug - DEBUG - Batch 190 grad norm: 1.035900
2026-06-15 21:29:46,077 - debug - DEBUG - compute_metrics_and_record started for epoch 84
2026-06-15 21:29:46,077 - debug - DEBUG - all_preds length: 25000, all_targets length: 25000
2026-06-15 21:29:46,078 - debug - DEBUG - First 10 preds: [1, 6, 4, 7, 4, 6, 3, 1, 0, 6]
2026-06-15 21:29:46,078 - debug - DEBUG - First 10 targets: [1, 6, 4, 7, 4, 6, 3, 1, 0, 6]
2026-06-15 21:29:46,084 - debug - DEBUG - Unique predicted classes: 10 (first 10: [0 1 2 3 4 5 6 7 8 9])
2026-06-15 21:29:46,085 - debug - DEBUG - Unique target classes: 10 (first 10: [0 1 2 3 4 5 6 7 8 9])
2026-06-15 21:29:48,896 - debug - DEBUG - compute_metrics_and_record started for epoch 84
2026-06-15 21:29:48,897 - debug - DEBUG - all_preds length: 10000, all_targets length: 10000
2026-06-15 21:29:48,897 - debug - DEBUG - First 10 preds: [3, 8, 8, 0, 6, 6, 1, 6, 3, 1]
2026-06-15 21:29:48,897 - debug - DEBUG - First 10 targets: [3, 8, 8, 0, 6, 6, 1, 6, 3, 1]
2026-06-15 21:29:48,899 - debug - DEBUG - Unique predicted classes: 10 (first 10: [0 1 2 3 4 5 6 7 8 9])
2026-06-15 21:29:48,899 - debug - DEBUG - Unique target classes: 10 (first 10: [0 1 2 3 4 5 6 7 8 9])
2026-06-15 21:29:49,181 - debug - DEBUG - Device Check - Batch 0
2026-06-15 21:29:49,182 - debug - DEBUG -   Config GPU ID: 1
2026-06-15 21:29:49,182 - debug - DEBUG -   Input Device:  cuda:1
2026-06-15 21:29:49,182 - debug - DEBUG -   Target Device: cuda:1
2026-06-15 21:29:49,182 - debug - DEBUG -   Model Device:  cuda:1
2026-06-15 21:29:49,183 - debug - DEBUG -   Criterion Weight Device: No weights
2026-06-15 21:29:49,795 - debug - DEBUG - Batch 0 grad norm: 1.564795
2026-06-15 21:29:51,173 - debug - DEBUG - Batch 10 grad norm: 1.285962
2026-06-15 21:29:52,569 - debug - DEBUG - Batch 20 grad norm: 1.147503
2026-06-15 21:29:53,855 - debug - DEBUG - Batch 30 grad norm: 1.002691
2026-06-15 21:29:55,147 - debug - DEBUG - Batch 40 grad norm: 1.259371
2026-06-15 21:29:56,527 - debug - DEBUG - Batch 50 grad norm: 1.265851
2026-06-15 21:29:57,874 - debug - DEBUG - Batch 60 grad norm: 1.094046
2026-06-15 21:29:59,118 - debug - DEBUG - Batch 70 grad norm: 1.050411
2026-06-15 21:30:00,492 - debug - DEBUG - Batch 80 grad norm: 1.243148
2026-06-15 21:30:01,882 - debug - DEBUG - Batch 90 grad norm: 1.143422
2026-06-15 21:30:03,301 - debug - DEBUG - Batch 100 grad norm: 1.235078
2026-06-15 21:30:04,513 - debug - DEBUG - Batch 110 grad norm: 1.299584
2026-06-15 21:30:05,909 - debug - DEBUG - Batch 120 grad norm: 1.396767
2026-06-15 21:30:07,105 - debug - DEBUG - Batch 130 grad norm: 1.190523
2026-06-15 21:30:08,453 - debug - DEBUG - Batch 140 grad norm: 1.342289
2026-06-15 21:30:09,816 - debug - DEBUG - Batch 150 grad norm: 1.345493
2026-06-15 21:30:11,130 - debug - DEBUG - Batch 160 grad norm: 0.957465
2026-06-15 21:30:12,502 - debug - DEBUG - Batch 170 grad norm: 1.231289
2026-06-15 21:30:13,885 - debug - DEBUG - Batch 180 grad norm: 0.926024
2026-06-15 21:30:15,255 - debug - DEBUG - Batch 190 grad norm: 1.205181
2026-06-15 21:30:15,681 - debug - DEBUG - compute_metrics_and_record started for epoch 85
2026-06-15 21:30:15,682 - debug - DEBUG - all_preds length: 25000, all_targets length: 25000
2026-06-15 21:30:15,682 - debug - DEBUG - First 10 preds: [1, 0, 0, 5, 4, 0, 4, 7, 4, 6]
2026-06-15 21:30:15,682 - debug - DEBUG - First 10 targets: [1, 0, 2, 3, 4, 0, 4, 7, 4, 6]
2026-06-15 21:30:15,689 - debug - DEBUG - Unique predicted classes: 10 (first 10: [0 1 2 3 4 5 6 7 8 9])
2026-06-15 21:30:15,689 - debug - DEBUG - Unique target classes: 10 (first 10: [0 1 2 3 4 5 6 7 8 9])
2026-06-15 21:30:18,479 - debug - DEBUG - compute_metrics_and_record started for epoch 85
2026-06-15 21:30:18,480 - debug - DEBUG - all_preds length: 10000, all_targets length: 10000
2026-06-15 21:30:18,480 - debug - DEBUG - First 10 preds: [3, 8, 0, 0, 6, 6, 1, 6, 3, 1]
2026-06-15 21:30:18,480 - debug - DEBUG - First 10 targets: [3, 8, 8, 0, 6, 6, 1, 6, 3, 1]
2026-06-15 21:30:18,483 - debug - DEBUG - Unique predicted classes: 10 (first 10: [0 1 2 3 4 5 6 7 8 9])
2026-06-15 21:30:18,483 - debug - DEBUG - Unique target classes: 10 (first 10: [0 1 2 3 4 5 6 7 8 9])
2026-06-15 21:30:18,777 - debug - DEBUG - Device Check - Batch 0
2026-06-15 21:30:18,777 - debug - DEBUG -   Config GPU ID: 1
2026-06-15 21:30:18,778 - debug - DEBUG -   Input Device:  cuda:1
2026-06-15 21:30:18,778 - debug - DEBUG -   Target Device: cuda:1
2026-06-15 21:30:18,778 - debug - DEBUG -   Model Device:  cuda:1
2026-06-15 21:30:18,778 - debug - DEBUG -   Criterion Weight Device: No weights
2026-06-15 21:30:19,411 - debug - DEBUG - Batch 0 grad norm: 1.062576
2026-06-15 21:30:20,778 - debug - DEBUG - Batch 10 grad norm: 1.089841
2026-06-15 21:30:22,162 - debug - DEBUG - Batch 20 grad norm: 1.237005
2026-06-15 21:30:23,507 - debug - DEBUG - Batch 30 grad norm: 1.057131
2026-06-15 21:30:24,866 - debug - DEBUG - Batch 40 grad norm: 0.979161
2026-06-15 21:30:26,285 - debug - DEBUG - Batch 50 grad norm: 1.143693
2026-06-15 21:30:27,638 - debug - DEBUG - Batch 60 grad norm: 1.174074
2026-06-15 21:30:29,045 - debug - DEBUG - Batch 70 grad norm: 0.947081
2026-06-15 21:30:30,391 - debug - DEBUG - Batch 80 grad norm: 1.330229
2026-06-15 21:30:31,767 - debug - DEBUG - Batch 90 grad norm: 0.757185
2026-06-15 21:30:33,097 - debug - DEBUG - Batch 100 grad norm: 0.790414
2026-06-15 21:30:34,376 - debug - DEBUG - Batch 110 grad norm: 1.143010
2026-06-15 21:30:35,758 - debug - DEBUG - Batch 120 grad norm: 0.837469
2026-06-15 21:30:37,013 - debug - DEBUG - Batch 130 grad norm: 0.959182
2026-06-15 21:30:38,372 - debug - DEBUG - Batch 140 grad norm: 1.298293
2026-06-15 21:30:39,734 - debug - DEBUG - Batch 150 grad norm: 1.373208
2026-06-15 21:30:40,993 - debug - DEBUG - Batch 160 grad norm: 1.406695
2026-06-15 21:30:42,320 - debug - DEBUG - Batch 170 grad norm: 1.026538
2026-06-15 21:30:43,685 - debug - DEBUG - Batch 180 grad norm: 1.155472
2026-06-15 21:30:45,071 - debug - DEBUG - Batch 190 grad norm: 1.246526
2026-06-15 21:30:45,566 - debug - DEBUG - compute_metrics_and_record started for epoch 86
2026-06-15 21:30:45,567 - debug - DEBUG - all_preds length: 25000, all_targets length: 25000
2026-06-15 21:30:45,567 - debug - DEBUG - First 10 preds: [9, 7, 1, 2, 8, 0, 5, 4, 5, 6]
2026-06-15 21:30:45,567 - debug - DEBUG - First 10 targets: [9, 7, 1, 2, 8, 0, 5, 4, 3, 6]
2026-06-15 21:30:45,572 - debug - DEBUG - Unique predicted classes: 10 (first 10: [0 1 2 3 4 5 6 7 8 9])
2026-06-15 21:30:45,573 - debug - DEBUG - Unique target classes: 10 (first 10: [0 1 2 3 4 5 6 7 8 9])
2026-06-15 21:30:48,467 - debug - DEBUG - compute_metrics_and_record started for epoch 86
2026-06-15 21:30:48,468 - debug - DEBUG - all_preds length: 10000, all_targets length: 10000
2026-06-15 21:30:48,468 - debug - DEBUG - First 10 preds: [3, 1, 1, 0, 6, 6, 1, 6, 3, 1]
2026-06-15 21:30:48,468 - debug - DEBUG - First 10 targets: [3, 8, 8, 0, 6, 6, 1, 6, 3, 1]
2026-06-15 21:30:48,470 - debug - DEBUG - Unique predicted classes: 10 (first 10: [0 1 2 3 4 5 6 7 8 9])
2026-06-15 21:30:48,470 - debug - DEBUG - Unique target classes: 10 (first 10: [0 1 2 3 4 5 6 7 8 9])
2026-06-15 21:30:48,779 - debug - DEBUG - Device Check - Batch 0
2026-06-15 21:30:48,781 - debug - DEBUG -   Config GPU ID: 1
2026-06-15 21:30:48,781 - debug - DEBUG -   Input Device:  cuda:1
2026-06-15 21:30:48,781 - debug - DEBUG -   Target Device: cuda:1
2026-06-15 21:30:48,781 - debug - DEBUG -   Model Device:  cuda:1
2026-06-15 21:30:48,782 - debug - DEBUG -   Criterion Weight Device: No weights
2026-06-15 21:30:49,422 - debug - DEBUG - Batch 0 grad norm: 1.374118
2026-06-15 21:30:50,724 - debug - DEBUG - Batch 10 grad norm: 1.076670
2026-06-15 21:30:52,135 - debug - DEBUG - Batch 20 grad norm: 1.114985
2026-06-15 21:30:53,461 - debug - DEBUG - Batch 30 grad norm: 0.858145
2026-06-15 21:30:54,842 - debug - DEBUG - Batch 40 grad norm: 1.241266
2026-06-15 21:30:56,237 - debug - DEBUG - Batch 50 grad norm: 0.961353
2026-06-15 21:30:57,546 - debug - DEBUG - Batch 60 grad norm: 0.916825
2026-06-15 21:30:58,946 - debug - DEBUG - Batch 70 grad norm: 1.173803
2026-06-15 21:31:00,220 - debug - DEBUG - Batch 80 grad norm: 1.211660
2026-06-15 21:31:01,646 - debug - DEBUG - Batch 90 grad norm: 1.060052
2026-06-15 21:31:02,893 - debug - DEBUG - Batch 100 grad norm: 1.610295
2026-06-15 21:31:04,322 - debug - DEBUG - Batch 110 grad norm: 1.047814
2026-06-15 21:31:05,702 - debug - DEBUG - Batch 120 grad norm: 0.973630
2026-06-15 21:31:07,062 - debug - DEBUG - Batch 130 grad norm: 1.191615
2026-06-15 21:31:08,400 - debug - DEBUG - Batch 140 grad norm: 0.956375
2026-06-15 21:31:09,756 - debug - DEBUG - Batch 150 grad norm: 1.072978
2026-06-15 21:31:11,122 - debug - DEBUG - Batch 160 grad norm: 1.303197
2026-06-15 21:31:12,372 - debug - DEBUG - Batch 170 grad norm: 1.395646
2026-06-15 21:31:13,739 - debug - DEBUG - Batch 180 grad norm: 1.234740
2026-06-15 21:31:15,091 - debug - DEBUG - Batch 190 grad norm: 1.160914
2026-06-15 21:31:15,467 - debug - DEBUG - compute_metrics_and_record started for epoch 87
2026-06-15 21:31:15,467 - debug - DEBUG - all_preds length: 25000, all_targets length: 25000
2026-06-15 21:31:15,468 - debug - DEBUG - First 10 preds: [1, 0, 4, 7, 3, 7, 2, 5, 2, 6]
2026-06-15 21:31:15,468 - debug - DEBUG - First 10 targets: [1, 0, 4, 7, 3, 7, 2, 5, 2, 6]
2026-06-15 21:31:15,476 - debug - DEBUG - Unique predicted classes: 10 (first 10: [0 1 2 3 4 5 6 7 8 9])
2026-06-15 21:31:15,476 - debug - DEBUG - Unique target classes: 10 (first 10: [0 1 2 3 4 5 6 7 8 9])
2026-06-15 21:31:18,310 - debug - DEBUG - compute_metrics_and_record started for epoch 87
2026-06-15 21:31:18,311 - debug - DEBUG - all_preds length: 10000, all_targets length: 10000
2026-06-15 21:31:18,311 - debug - DEBUG - First 10 preds: [3, 1, 0, 0, 6, 6, 1, 6, 4, 1]
2026-06-15 21:31:18,311 - debug - DEBUG - First 10 targets: [3, 8, 8, 0, 6, 6, 1, 6, 3, 1]
2026-06-15 21:31:18,313 - debug - DEBUG - Unique predicted classes: 10 (first 10: [0 1 2 3 4 5 6 7 8 9])
2026-06-15 21:31:18,313 - debug - DEBUG - Unique target classes: 10 (first 10: [0 1 2 3 4 5 6 7 8 9])
2026-06-15 21:31:18,599 - debug - DEBUG - Device Check - Batch 0
2026-06-15 21:31:18,599 - debug - DEBUG -   Config GPU ID: 1
2026-06-15 21:31:18,600 - debug - DEBUG -   Input Device:  cuda:1
2026-06-15 21:31:18,600 - debug - DEBUG -   Target Device: cuda:1
2026-06-15 21:31:18,600 - debug - DEBUG -   Model Device:  cuda:1
2026-06-15 21:31:18,600 - debug - DEBUG -   Criterion Weight Device: No weights
2026-06-15 21:31:19,259 - debug - DEBUG - Batch 0 grad norm: 0.951649
2026-06-15 21:31:20,632 - debug - DEBUG - Batch 10 grad norm: 1.142663
2026-06-15 21:31:21,922 - debug - DEBUG - Batch 20 grad norm: 0.951516
2026-06-15 21:31:23,314 - debug - DEBUG - Batch 30 grad norm: 1.373112
2026-06-15 21:31:24,583 - debug - DEBUG - Batch 40 grad norm: 1.043313
2026-06-15 21:31:25,940 - debug - DEBUG - Batch 50 grad norm: 1.094101
2026-06-15 21:31:27,297 - debug - DEBUG - Batch 60 grad norm: 0.954035
2026-06-15 21:31:28,642 - debug - DEBUG - Batch 70 grad norm: 1.110212
2026-06-15 21:31:30,054 - debug - DEBUG - Batch 80 grad norm: 1.137542
2026-06-15 21:31:31,266 - debug - DEBUG - Batch 90 grad norm: 1.284803
2026-06-15 21:31:32,565 - debug - DEBUG - Batch 100 grad norm: 1.163318
2026-06-15 21:31:33,929 - debug - DEBUG - Batch 110 grad norm: 1.003664
2026-06-15 21:31:35,260 - debug - DEBUG - Batch 120 grad norm: 1.180408
2026-06-15 21:31:36,638 - debug - DEBUG - Batch 130 grad norm: 1.207818
2026-06-15 21:31:37,963 - debug - DEBUG - Batch 140 grad norm: 1.341355
2026-06-15 21:31:39,341 - debug - DEBUG - Batch 150 grad norm: 1.194677
2026-06-15 21:31:40,667 - debug - DEBUG - Batch 160 grad norm: 1.291094
2026-06-15 21:31:41,980 - debug - DEBUG - Batch 170 grad norm: 1.080732
2026-06-15 21:31:43,354 - debug - DEBUG - Batch 180 grad norm: 0.859623
2026-06-15 21:31:44,790 - debug - DEBUG - Batch 190 grad norm: 0.789595
2026-06-15 21:31:45,169 - debug - DEBUG - compute_metrics_and_record started for epoch 88
2026-06-15 21:31:45,170 - debug - DEBUG - all_preds length: 25000, all_targets length: 25000
2026-06-15 21:31:45,170 - debug - DEBUG - First 10 preds: [7, 7, 0, 8, 3, 5, 0, 5, 2, 7]
2026-06-15 21:31:45,170 - debug - DEBUG - First 10 targets: [7, 7, 0, 8, 3, 5, 0, 5, 2, 7]
2026-06-15 21:31:45,175 - debug - DEBUG - Unique predicted classes: 10 (first 10: [0 1 2 3 4 5 6 7 8 9])
2026-06-15 21:31:45,176 - debug - DEBUG - Unique target classes: 10 (first 10: [0 1 2 3 4 5 6 7 8 9])
2026-06-15 21:31:47,901 - debug - DEBUG - compute_metrics_and_record started for epoch 88
2026-06-15 21:31:47,901 - debug - DEBUG - all_preds length: 10000, all_targets length: 10000
2026-06-15 21:31:47,901 - debug - DEBUG - First 10 preds: [3, 8, 0, 0, 6, 5, 1, 6, 3, 1]
2026-06-15 21:31:47,901 - debug - DEBUG - First 10 targets: [3, 8, 8, 0, 6, 6, 1, 6, 3, 1]
2026-06-15 21:31:47,903 - debug - DEBUG - Unique predicted classes: 10 (first 10: [0 1 2 3 4 5 6 7 8 9])
2026-06-15 21:31:47,903 - debug - DEBUG - Unique target classes: 10 (first 10: [0 1 2 3 4 5 6 7 8 9])
2026-06-15 21:31:48,151 - debug - DEBUG - Device Check - Batch 0
2026-06-15 21:31:48,152 - debug - DEBUG -   Config GPU ID: 1
2026-06-15 21:31:48,152 - debug - DEBUG -   Input Device:  cuda:1
2026-06-15 21:31:48,152 - debug - DEBUG -   Target Device: cuda:1
2026-06-15 21:31:48,152 - debug - DEBUG -   Model Device:  cuda:1
2026-06-15 21:31:48,152 - debug - DEBUG -   Criterion Weight Device: No weights
2026-06-15 21:31:48,934 - debug - DEBUG - Batch 0 grad norm: 0.983694
2026-06-15 21:31:50,314 - debug - DEBUG - Batch 10 grad norm: 1.478789
2026-06-15 21:31:51,686 - debug - DEBUG - Batch 20 grad norm: 1.358462
2026-06-15 21:31:53,083 - debug - DEBUG - Batch 30 grad norm: 1.017129
2026-06-15 21:31:54,383 - debug - DEBUG - Batch 40 grad norm: 1.228104
2026-06-15 21:31:55,777 - debug - DEBUG - Batch 50 grad norm: 1.185685
2026-06-15 21:31:57,090 - debug - DEBUG - Batch 60 grad norm: 0.929261
2026-06-15 21:31:58,384 - debug - DEBUG - Batch 70 grad norm: 0.981119
2026-06-15 21:31:59,620 - debug - DEBUG - Batch 80 grad norm: 0.838970
2026-06-15 21:32:01,044 - debug - DEBUG - Batch 90 grad norm: 1.141734
2026-06-15 21:32:02,368 - debug - DEBUG - Batch 100 grad norm: 1.600382
2026-06-15 21:32:03,626 - debug - DEBUG - Batch 110 grad norm: 1.481476
2026-06-15 21:32:04,960 - debug - DEBUG - Batch 120 grad norm: 1.105135
2026-06-15 21:32:06,297 - debug - DEBUG - Batch 130 grad norm: 1.078363
2026-06-15 21:32:07,649 - debug - DEBUG - Batch 140 grad norm: 1.396673
2026-06-15 21:32:08,994 - debug - DEBUG - Batch 150 grad norm: 1.215810
2026-06-15 21:32:10,333 - debug - DEBUG - Batch 160 grad norm: 0.981837
2026-06-15 21:32:11,825 - debug - DEBUG - Batch 170 grad norm: 1.258112
2026-06-15 21:32:12,994 - debug - DEBUG - Batch 180 grad norm: 0.931112
2026-06-15 21:32:14,329 - debug - DEBUG - Batch 190 grad norm: 1.054366
2026-06-15 21:32:14,837 - debug - DEBUG - compute_metrics_and_record started for epoch 89
2026-06-15 21:32:14,837 - debug - DEBUG - all_preds length: 25000, all_targets length: 25000
2026-06-15 21:32:14,837 - debug - DEBUG - First 10 preds: [4, 6, 4, 1, 9, 6, 7, 2, 1, 3]
2026-06-15 21:32:14,837 - debug - DEBUG - First 10 targets: [4, 6, 4, 1, 9, 6, 7, 2, 1, 3]
2026-06-15 21:32:14,844 - debug - DEBUG - Unique predicted classes: 10 (first 10: [0 1 2 3 4 5 6 7 8 9])
2026-06-15 21:32:14,844 - debug - DEBUG - Unique target classes: 10 (first 10: [0 1 2 3 4 5 6 7 8 9])
2026-06-15 21:32:17,524 - debug - DEBUG - compute_metrics_and_record started for epoch 89
2026-06-15 21:32:17,524 - debug - DEBUG - all_preds length: 10000, all_targets length: 10000
2026-06-15 21:32:17,525 - debug - DEBUG - First 10 preds: [3, 1, 0, 0, 6, 5, 1, 6, 3, 1]
2026-06-15 21:32:17,525 - debug - DEBUG - First 10 targets: [3, 8, 8, 0, 6, 6, 1, 6, 3, 1]
2026-06-15 21:32:17,527 - debug - DEBUG - Unique predicted classes: 10 (first 10: [0 1 2 3 4 5 6 7 8 9])
2026-06-15 21:32:17,527 - debug - DEBUG - Unique target classes: 10 (first 10: [0 1 2 3 4 5 6 7 8 9])
2026-06-15 21:32:17,778 - debug - DEBUG - Device Check - Batch 0
2026-06-15 21:32:17,779 - debug - DEBUG -   Config GPU ID: 1
2026-06-15 21:32:17,779 - debug - DEBUG -   Input Device:  cuda:1
2026-06-15 21:32:17,779 - debug - DEBUG -   Target Device: cuda:1
2026-06-15 21:32:17,780 - debug - DEBUG -   Model Device:  cuda:1
2026-06-15 21:32:17,780 - debug - DEBUG -   Criterion Weight Device: No weights
2026-06-15 21:32:18,289 - debug - DEBUG - Batch 0 grad norm: 1.187495
2026-06-15 21:32:19,630 - debug - DEBUG - Batch 10 grad norm: 1.237484
2026-06-15 21:32:21,022 - debug - DEBUG - Batch 20 grad norm: 1.531778
2026-06-15 21:32:22,373 - debug - DEBUG - Batch 30 grad norm: 1.199012
2026-06-15 21:32:23,707 - debug - DEBUG - Batch 40 grad norm: 1.030895
2026-06-15 21:32:25,098 - debug - DEBUG - Batch 50 grad norm: 1.455006
2026-06-15 21:32:26,397 - debug - DEBUG - Batch 60 grad norm: 1.008884
2026-06-15 21:32:27,799 - debug - DEBUG - Batch 70 grad norm: 1.102248
2026-06-15 21:32:29,173 - debug - DEBUG - Batch 80 grad norm: 0.834148
2026-06-15 21:32:30,540 - debug - DEBUG - Batch 90 grad norm: 1.001029
2026-06-15 21:32:31,818 - debug - DEBUG - Batch 100 grad norm: 0.877186
2026-06-15 21:32:33,091 - debug - DEBUG - Batch 110 grad norm: 1.026876
2026-06-15 21:32:34,457 - debug - DEBUG - Batch 120 grad norm: 1.059532
2026-06-15 21:32:35,760 - debug - DEBUG - Batch 130 grad norm: 1.175374
2026-06-15 21:32:37,086 - debug - DEBUG - Batch 140 grad norm: 1.084456
2026-06-15 21:32:38,431 - debug - DEBUG - Batch 150 grad norm: 1.104750
2026-06-15 21:32:39,830 - debug - DEBUG - Batch 160 grad norm: 0.811867
2026-06-15 21:32:41,175 - debug - DEBUG - Batch 170 grad norm: 1.258620
2026-06-15 21:32:42,486 - debug - DEBUG - Batch 180 grad norm: 1.220058
2026-06-15 21:32:43,817 - debug - DEBUG - Batch 190 grad norm: 1.371207
2026-06-15 21:32:44,253 - debug - DEBUG - compute_metrics_and_record started for epoch 90
2026-06-15 21:32:44,253 - debug - DEBUG - all_preds length: 25000, all_targets length: 25000
2026-06-15 21:32:44,253 - debug - DEBUG - First 10 preds: [4, 2, 1, 7, 2, 6, 8, 2, 4, 7]
2026-06-15 21:32:44,253 - debug - DEBUG - First 10 targets: [4, 2, 1, 7, 2, 6, 8, 2, 4, 7]
2026-06-15 21:32:44,260 - debug - DEBUG - Unique predicted classes: 10 (first 10: [0 1 2 3 4 5 6 7 8 9])
2026-06-15 21:32:44,261 - debug - DEBUG - Unique target classes: 10 (first 10: [0 1 2 3 4 5 6 7 8 9])
2026-06-15 21:32:46,898 - debug - DEBUG - compute_metrics_and_record started for epoch 90
2026-06-15 21:32:46,898 - debug - DEBUG - all_preds length: 10000, all_targets length: 10000
2026-06-15 21:32:46,898 - debug - DEBUG - First 10 preds: [3, 1, 0, 8, 6, 6, 9, 6, 3, 1]
2026-06-15 21:32:46,898 - debug - DEBUG - First 10 targets: [3, 8, 8, 0, 6, 6, 1, 6, 3, 1]
2026-06-15 21:32:46,901 - debug - DEBUG - Unique predicted classes: 10 (first 10: [0 1 2 3 4 5 6 7 8 9])
2026-06-15 21:32:46,901 - debug - DEBUG - Unique target classes: 10 (first 10: [0 1 2 3 4 5 6 7 8 9])
2026-06-15 21:32:47,152 - debug - DEBUG - Device Check - Batch 0
2026-06-15 21:32:47,153 - debug - DEBUG -   Config GPU ID: 1
2026-06-15 21:32:47,153 - debug - DEBUG -   Input Device:  cuda:1
2026-06-15 21:32:47,153 - debug - DEBUG -   Target Device: cuda:1
2026-06-15 21:32:47,154 - debug - DEBUG -   Model Device:  cuda:1
2026-06-15 21:32:47,154 - debug - DEBUG -   Criterion Weight Device: No weights
2026-06-15 21:32:47,762 - debug - DEBUG - Batch 0 grad norm: 0.995507
2026-06-15 21:32:49,100 - debug - DEBUG - Batch 10 grad norm: 1.020216
2026-06-15 21:32:50,431 - debug - DEBUG - Batch 20 grad norm: 0.726739
2026-06-15 21:32:51,696 - debug - DEBUG - Batch 30 grad norm: 0.941222
2026-06-15 21:32:53,151 - debug - DEBUG - Batch 40 grad norm: 0.740776
2026-06-15 21:32:54,456 - debug - DEBUG - Batch 50 grad norm: 1.170601
2026-06-15 21:32:55,859 - debug - DEBUG - Batch 60 grad norm: 1.132117
2026-06-15 21:32:57,242 - debug - DEBUG - Batch 70 grad norm: 1.230713
2026-06-15 21:32:58,570 - debug - DEBUG - Batch 80 grad norm: 1.122494
2026-06-15 21:32:59,963 - debug - DEBUG - Batch 90 grad norm: 0.996737
2026-06-15 21:33:01,309 - debug - DEBUG - Batch 100 grad norm: 1.216181
2026-06-15 21:33:02,587 - debug - DEBUG - Batch 110 grad norm: 0.790819
2026-06-15 21:33:03,964 - debug - DEBUG - Batch 120 grad norm: 0.845004
2026-06-15 21:33:05,331 - debug - DEBUG - Batch 130 grad norm: 1.134805
2026-06-15 21:33:06,577 - debug - DEBUG - Batch 140 grad norm: 1.053620
2026-06-15 21:33:07,963 - debug - DEBUG - Batch 150 grad norm: 0.961426
2026-06-15 21:33:09,403 - debug - DEBUG - Batch 160 grad norm: 1.088799
2026-06-15 21:33:10,808 - debug - DEBUG - Batch 170 grad norm: 0.966232
2026-06-15 21:33:12,164 - debug - DEBUG - Batch 180 grad norm: 1.147447
2026-06-15 21:33:13,393 - debug - DEBUG - Batch 190 grad norm: 1.022151
2026-06-15 21:33:13,904 - debug - DEBUG - compute_metrics_and_record started for epoch 91
2026-06-15 21:33:13,904 - debug - DEBUG - all_preds length: 25000, all_targets length: 25000
2026-06-15 21:33:13,904 - debug - DEBUG - First 10 preds: [0, 2, 9, 2, 7, 6, 3, 8, 2, 8]
2026-06-15 21:33:13,904 - debug - DEBUG - First 10 targets: [2, 2, 9, 2, 7, 6, 3, 8, 2, 8]
2026-06-15 21:33:13,913 - debug - DEBUG - Unique predicted classes: 10 (first 10: [0 1 2 3 4 5 6 7 8 9])
2026-06-15 21:33:13,913 - debug - DEBUG - Unique target classes: 10 (first 10: [0 1 2 3 4 5 6 7 8 9])
2026-06-15 21:33:16,697 - debug - DEBUG - compute_metrics_and_record started for epoch 91
2026-06-15 21:33:16,697 - debug - DEBUG - all_preds length: 10000, all_targets length: 10000
2026-06-15 21:33:16,697 - debug - DEBUG - First 10 preds: [3, 1, 1, 1, 6, 5, 1, 6, 3, 1]
2026-06-15 21:33:16,697 - debug - DEBUG - First 10 targets: [3, 8, 8, 0, 6, 6, 1, 6, 3, 1]
2026-06-15 21:33:16,700 - debug - DEBUG - Unique predicted classes: 10 (first 10: [0 1 2 3 4 5 6 7 8 9])
2026-06-15 21:33:16,700 - debug - DEBUG - Unique target classes: 10 (first 10: [0 1 2 3 4 5 6 7 8 9])
2026-06-15 21:33:16,997 - debug - DEBUG - Device Check - Batch 0
2026-06-15 21:33:16,998 - debug - DEBUG -   Config GPU ID: 1
2026-06-15 21:33:16,998 - debug - DEBUG -   Input Device:  cuda:1
2026-06-15 21:33:16,999 - debug - DEBUG -   Target Device: cuda:1
2026-06-15 21:33:16,999 - debug - DEBUG -   Model Device:  cuda:1
2026-06-15 21:33:16,999 - debug - DEBUG -   Criterion Weight Device: No weights
2026-06-15 21:33:17,628 - debug - DEBUG - Batch 0 grad norm: 0.870006
2026-06-15 21:33:18,929 - debug - DEBUG - Batch 10 grad norm: 0.990350
2026-06-15 21:33:20,270 - debug - DEBUG - Batch 20 grad norm: 1.350350
2026-06-15 21:33:21,690 - debug - DEBUG - Batch 30 grad norm: 1.646369
2026-06-15 21:33:23,082 - debug - DEBUG - Batch 40 grad norm: 1.235520
2026-06-15 21:33:24,527 - debug - DEBUG - Batch 50 grad norm: 1.219102
2026-06-15 21:33:25,873 - debug - DEBUG - Batch 60 grad norm: 1.379789
2026-06-15 21:33:27,262 - debug - DEBUG - Batch 70 grad norm: 0.940669
2026-06-15 21:33:28,601 - debug - DEBUG - Batch 80 grad norm: 1.360980
2026-06-15 21:33:29,935 - debug - DEBUG - Batch 90 grad norm: 1.221914
2026-06-15 21:33:31,410 - debug - DEBUG - Batch 100 grad norm: 1.544530
2026-06-15 21:33:32,647 - debug - DEBUG - Batch 110 grad norm: 0.886707
2026-06-15 21:33:33,873 - debug - DEBUG - Batch 120 grad norm: 1.145035
2026-06-15 21:33:35,321 - debug - DEBUG - Batch 130 grad norm: 1.026259
2026-06-15 21:33:36,604 - debug - DEBUG - Batch 140 grad norm: 1.323270
2026-06-15 21:33:37,943 - debug - DEBUG - Batch 150 grad norm: 1.016839
2026-06-15 21:33:39,303 - debug - DEBUG - Batch 160 grad norm: 1.410523
2026-06-15 21:33:40,635 - debug - DEBUG - Batch 170 grad norm: 1.115234
2026-06-15 21:33:42,017 - debug - DEBUG - Batch 180 grad norm: 1.506947
2026-06-15 21:33:43,375 - debug - DEBUG - Batch 190 grad norm: 1.054868
2026-06-15 21:33:43,840 - debug - DEBUG - compute_metrics_and_record started for epoch 92
2026-06-15 21:33:43,841 - debug - DEBUG - all_preds length: 25000, all_targets length: 25000
2026-06-15 21:33:43,841 - debug - DEBUG - First 10 preds: [7, 8, 2, 2, 0, 0, 0, 3, 1, 0]
2026-06-15 21:33:43,841 - debug - DEBUG - First 10 targets: [7, 8, 2, 2, 0, 0, 0, 3, 1, 0]
2026-06-15 21:33:43,846 - debug - DEBUG - Unique predicted classes: 10 (first 10: [0 1 2 3 4 5 6 7 8 9])
2026-06-15 21:33:43,846 - debug - DEBUG - Unique target classes: 10 (first 10: [0 1 2 3 4 5 6 7 8 9])
2026-06-15 21:33:46,548 - debug - DEBUG - compute_metrics_and_record started for epoch 92
2026-06-15 21:33:46,548 - debug - DEBUG - all_preds length: 10000, all_targets length: 10000
2026-06-15 21:33:46,548 - debug - DEBUG - First 10 preds: [3, 1, 1, 0, 6, 3, 1, 6, 3, 1]
2026-06-15 21:33:46,549 - debug - DEBUG - First 10 targets: [3, 8, 8, 0, 6, 6, 1, 6, 3, 1]
2026-06-15 21:33:46,551 - debug - DEBUG - Unique predicted classes: 10 (first 10: [0 1 2 3 4 5 6 7 8 9])
2026-06-15 21:33:46,551 - debug - DEBUG - Unique target classes: 10 (first 10: [0 1 2 3 4 5 6 7 8 9])
2026-06-15 21:33:46,803 - debug - DEBUG - Device Check - Batch 0
2026-06-15 21:33:46,804 - debug - DEBUG -   Config GPU ID: 1
2026-06-15 21:33:46,804 - debug - DEBUG -   Input Device:  cuda:1
2026-06-15 21:33:46,804 - debug - DEBUG -   Target Device: cuda:1
2026-06-15 21:33:46,804 - debug - DEBUG -   Model Device:  cuda:1
2026-06-15 21:33:46,805 - debug - DEBUG -   Criterion Weight Device: No weights
2026-06-15 21:33:47,328 - debug - DEBUG - Batch 0 grad norm: 0.983559
2026-06-15 21:33:48,631 - debug - DEBUG - Batch 10 grad norm: 1.032532
2026-06-15 21:33:49,962 - debug - DEBUG - Batch 20 grad norm: 1.370593
2026-06-15 21:33:51,380 - debug - DEBUG - Batch 30 grad norm: 0.965392
2026-06-15 21:33:52,765 - debug - DEBUG - Batch 40 grad norm: 0.713113
2026-06-15 21:33:54,089 - debug - DEBUG - Batch 50 grad norm: 1.285212
2026-06-15 21:33:55,417 - debug - DEBUG - Batch 60 grad norm: 1.337989
2026-06-15 21:33:56,823 - debug - DEBUG - Batch 70 grad norm: 0.862395
2026-06-15 21:33:58,281 - debug - DEBUG - Batch 80 grad norm: 0.692385
2026-06-15 21:33:59,650 - debug - DEBUG - Batch 90 grad norm: 1.026668
2026-06-15 21:34:01,068 - debug - DEBUG - Batch 100 grad norm: 1.163945
2026-06-15 21:34:02,270 - debug - DEBUG - Batch 110 grad norm: 1.439789
2026-06-15 21:34:03,675 - debug - DEBUG - Batch 120 grad norm: 1.053552
2026-06-15 21:34:04,993 - debug - DEBUG - Batch 130 grad norm: 1.277020
2026-06-15 21:34:06,339 - debug - DEBUG - Batch 140 grad norm: 1.014577
2026-06-15 21:34:07,708 - debug - DEBUG - Batch 150 grad norm: 1.096663
2026-06-15 21:34:09,003 - debug - DEBUG - Batch 160 grad norm: 1.108842
2026-06-15 21:34:10,292 - debug - DEBUG - Batch 170 grad norm: 1.184568
2026-06-15 21:34:11,649 - debug - DEBUG - Batch 180 grad norm: 1.194198
2026-06-15 21:34:13,024 - debug - DEBUG - Batch 190 grad norm: 1.149493
2026-06-15 21:34:13,443 - debug - DEBUG - compute_metrics_and_record started for epoch 93
2026-06-15 21:34:13,443 - debug - DEBUG - all_preds length: 25000, all_targets length: 25000
2026-06-15 21:34:13,443 - debug - DEBUG - First 10 preds: [4, 3, 2, 3, 5, 8, 4, 6, 1, 5]
2026-06-15 21:34:13,443 - debug - DEBUG - First 10 targets: [2, 3, 2, 5, 3, 8, 4, 6, 1, 5]
2026-06-15 21:34:13,449 - debug - DEBUG - Unique predicted classes: 10 (first 10: [0 1 2 3 4 5 6 7 8 9])
2026-06-15 21:34:13,450 - debug - DEBUG - Unique target classes: 10 (first 10: [0 1 2 3 4 5 6 7 8 9])
2026-06-15 21:34:16,062 - debug - DEBUG - compute_metrics_and_record started for epoch 93
2026-06-15 21:34:16,062 - debug - DEBUG - all_preds length: 10000, all_targets length: 10000
2026-06-15 21:34:16,062 - debug - DEBUG - First 10 preds: [3, 8, 1, 0, 6, 6, 1, 6, 3, 1]
2026-06-15 21:34:16,063 - debug - DEBUG - First 10 targets: [3, 8, 8, 0, 6, 6, 1, 6, 3, 1]
2026-06-15 21:34:16,065 - debug - DEBUG - Unique predicted classes: 10 (first 10: [0 1 2 3 4 5 6 7 8 9])
2026-06-15 21:34:16,065 - debug - DEBUG - Unique target classes: 10 (first 10: [0 1 2 3 4 5 6 7 8 9])
2026-06-15 21:34:16,314 - debug - DEBUG - Device Check - Batch 0
2026-06-15 21:34:16,315 - debug - DEBUG -   Config GPU ID: 1
2026-06-15 21:34:16,316 - debug - DEBUG -   Input Device:  cuda:1
2026-06-15 21:34:16,316 - debug - DEBUG -   Target Device: cuda:1
2026-06-15 21:34:16,316 - debug - DEBUG -   Model Device:  cuda:1
2026-06-15 21:34:16,316 - debug - DEBUG -   Criterion Weight Device: No weights
2026-06-15 21:34:16,937 - debug - DEBUG - Batch 0 grad norm: 1.028476
2026-06-15 21:34:18,362 - debug - DEBUG - Batch 10 grad norm: 1.124054
2026-06-15 21:34:19,578 - debug - DEBUG - Batch 20 grad norm: 1.226414
2026-06-15 21:34:20,834 - debug - DEBUG - Batch 30 grad norm: 0.979793
2026-06-15 21:34:22,199 - debug - DEBUG - Batch 40 grad norm: 1.126829
2026-06-15 21:34:23,609 - debug - DEBUG - Batch 50 grad norm: 1.289469
2026-06-15 21:34:24,997 - debug - DEBUG - Batch 60 grad norm: 1.011825
2026-06-15 21:34:26,405 - debug - DEBUG - Batch 70 grad norm: 0.939053
2026-06-15 21:34:27,850 - debug - DEBUG - Batch 80 grad norm: 1.298811
2026-06-15 21:34:29,160 - debug - DEBUG - Batch 90 grad norm: 1.361893
2026-06-15 21:34:30,615 - debug - DEBUG - Batch 100 grad norm: 0.929075
2026-06-15 21:34:31,889 - debug - DEBUG - Batch 110 grad norm: 1.295522
2026-06-15 21:34:33,286 - debug - DEBUG - Batch 120 grad norm: 1.397789
2026-06-15 21:34:34,672 - debug - DEBUG - Batch 130 grad norm: 1.080390
2026-06-15 21:34:36,038 - debug - DEBUG - Batch 140 grad norm: 1.090526
2026-06-15 21:34:37,407 - debug - DEBUG - Batch 150 grad norm: 1.245359
2026-06-15 21:34:38,774 - debug - DEBUG - Batch 160 grad norm: 1.375502
2026-06-15 21:34:40,040 - debug - DEBUG - Batch 170 grad norm: 0.764154
2026-06-15 21:34:41,358 - debug - DEBUG - Batch 180 grad norm: 0.867811
2026-06-15 21:34:42,668 - debug - DEBUG - Batch 190 grad norm: 1.223251
2026-06-15 21:34:43,059 - debug - DEBUG - compute_metrics_and_record started for epoch 94
2026-06-15 21:34:43,060 - debug - DEBUG - all_preds length: 25000, all_targets length: 25000
2026-06-15 21:34:43,060 - debug - DEBUG - First 10 preds: [9, 6, 4, 4, 6, 5, 1, 6, 1, 6]
2026-06-15 21:34:43,060 - debug - DEBUG - First 10 targets: [9, 6, 4, 4, 6, 7, 1, 6, 1, 2]
2026-06-15 21:34:43,066 - debug - DEBUG - Unique predicted classes: 10 (first 10: [0 1 2 3 4 5 6 7 8 9])
2026-06-15 21:34:43,066 - debug - DEBUG - Unique target classes: 10 (first 10: [0 1 2 3 4 5 6 7 8 9])
2026-06-15 21:34:45,791 - debug - DEBUG - compute_metrics_and_record started for epoch 94
2026-06-15 21:34:45,792 - debug - DEBUG - all_preds length: 10000, all_targets length: 10000
2026-06-15 21:34:45,792 - debug - DEBUG - First 10 preds: [3, 8, 0, 0, 6, 3, 1, 6, 3, 1]
2026-06-15 21:34:45,792 - debug - DEBUG - First 10 targets: [3, 8, 8, 0, 6, 6, 1, 6, 3, 1]
2026-06-15 21:34:45,794 - debug - DEBUG - Unique predicted classes: 10 (first 10: [0 1 2 3 4 5 6 7 8 9])
2026-06-15 21:34:45,794 - debug - DEBUG - Unique target classes: 10 (first 10: [0 1 2 3 4 5 6 7 8 9])
2026-06-15 21:34:46,034 - debug - DEBUG - Device Check - Batch 0
2026-06-15 21:34:46,035 - debug - DEBUG -   Config GPU ID: 1
2026-06-15 21:34:46,035 - debug - DEBUG -   Input Device:  cuda:1
2026-06-15 21:34:46,035 - debug - DEBUG -   Target Device: cuda:1
2026-06-15 21:34:46,035 - debug - DEBUG -   Model Device:  cuda:1
2026-06-15 21:34:46,035 - debug - DEBUG -   Criterion Weight Device: No weights
2026-06-15 21:34:46,646 - debug - DEBUG - Batch 0 grad norm: 1.213897
2026-06-15 21:34:48,059 - debug - DEBUG - Batch 10 grad norm: 1.414183
2026-06-15 21:34:49,413 - debug - DEBUG - Batch 20 grad norm: 1.240268
2026-06-15 21:34:50,806 - debug - DEBUG - Batch 30 grad norm: 0.677375
2026-06-15 21:34:52,241 - debug - DEBUG - Batch 40 grad norm: 1.344774
2026-06-15 21:34:53,572 - debug - DEBUG - Batch 50 grad norm: 1.139102
2026-06-15 21:34:54,968 - debug - DEBUG - Batch 60 grad norm: 1.174613
2026-06-15 21:34:56,364 - debug - DEBUG - Batch 70 grad norm: 0.959722
2026-06-15 21:34:57,766 - debug - DEBUG - Batch 80 grad norm: 1.103950
2026-06-15 21:34:58,999 - debug - DEBUG - Batch 90 grad norm: 0.962328
2026-06-15 21:35:00,508 - debug - DEBUG - Batch 100 grad norm: 0.957155
2026-06-15 21:35:01,642 - debug - DEBUG - Batch 110 grad norm: 1.209076
2026-06-15 21:35:03,039 - debug - DEBUG - Batch 120 grad norm: 1.086800
2026-06-15 21:35:04,449 - debug - DEBUG - Batch 130 grad norm: 1.059911
2026-06-15 21:35:05,789 - debug - DEBUG - Batch 140 grad norm: 1.253298
2026-06-15 21:35:07,158 - debug - DEBUG - Batch 150 grad norm: 0.970646
2026-06-15 21:35:08,448 - debug - DEBUG - Batch 160 grad norm: 1.451117
2026-06-15 21:35:09,835 - debug - DEBUG - Batch 170 grad norm: 0.959846
2026-06-15 21:35:11,175 - debug - DEBUG - Batch 180 grad norm: 1.156449
2026-06-15 21:35:12,546 - debug - DEBUG - Batch 190 grad norm: 1.015111
2026-06-15 21:35:12,931 - debug - DEBUG - compute_metrics_and_record started for epoch 95
2026-06-15 21:35:12,931 - debug - DEBUG - all_preds length: 25000, all_targets length: 25000
2026-06-15 21:35:12,931 - debug - DEBUG - First 10 preds: [1, 0, 8, 9, 2, 5, 5, 5, 5, 6]
2026-06-15 21:35:12,931 - debug - DEBUG - First 10 targets: [1, 9, 8, 9, 2, 5, 5, 5, 5, 6]
2026-06-15 21:35:12,937 - debug - DEBUG - Unique predicted classes: 10 (first 10: [0 1 2 3 4 5 6 7 8 9])
2026-06-15 21:35:12,937 - debug - DEBUG - Unique target classes: 10 (first 10: [0 1 2 3 4 5 6 7 8 9])
2026-06-15 21:35:15,641 - debug - DEBUG - compute_metrics_and_record started for epoch 95
2026-06-15 21:35:15,642 - debug - DEBUG - all_preds length: 10000, all_targets length: 10000
2026-06-15 21:35:15,642 - debug - DEBUG - First 10 preds: [3, 8, 0, 3, 6, 5, 1, 6, 3, 1]
2026-06-15 21:35:15,642 - debug - DEBUG - First 10 targets: [3, 8, 8, 0, 6, 6, 1, 6, 3, 1]
2026-06-15 21:35:15,645 - debug - DEBUG - Unique predicted classes: 10 (first 10: [0 1 2 3 4 5 6 7 8 9])
2026-06-15 21:35:15,645 - debug - DEBUG - Unique target classes: 10 (first 10: [0 1 2 3 4 5 6 7 8 9])
2026-06-15 21:35:15,895 - debug - DEBUG - Device Check - Batch 0
2026-06-15 21:35:15,896 - debug - DEBUG -   Config GPU ID: 1
2026-06-15 21:35:15,896 - debug - DEBUG -   Input Device:  cuda:1
2026-06-15 21:35:15,896 - debug - DEBUG -   Target Device: cuda:1
2026-06-15 21:35:15,896 - debug - DEBUG -   Model Device:  cuda:1
2026-06-15 21:35:15,897 - debug - DEBUG -   Criterion Weight Device: No weights
2026-06-15 21:35:16,578 - debug - DEBUG - Batch 0 grad norm: 1.097525
2026-06-15 21:35:17,844 - debug - DEBUG - Batch 10 grad norm: 0.919693
2026-06-15 21:35:19,214 - debug - DEBUG - Batch 20 grad norm: 1.236378
2026-06-15 21:35:20,593 - debug - DEBUG - Batch 30 grad norm: 1.295122
2026-06-15 21:35:21,986 - debug - DEBUG - Batch 40 grad norm: 1.050180
2026-06-15 21:35:23,379 - debug - DEBUG - Batch 50 grad norm: 1.150127
2026-06-15 21:35:24,755 - debug - DEBUG - Batch 60 grad norm: 1.563027
2026-06-15 21:35:26,141 - debug - DEBUG - Batch 70 grad norm: 1.319605
2026-06-15 21:35:27,543 - debug - DEBUG - Batch 80 grad norm: 0.995714
2026-06-15 21:35:28,839 - debug - DEBUG - Batch 90 grad norm: 1.014956
2026-06-15 21:35:30,300 - debug - DEBUG - Batch 100 grad norm: 1.566690
2026-06-15 21:35:31,643 - debug - DEBUG - Batch 110 grad norm: 1.327488
2026-06-15 21:35:33,036 - debug - DEBUG - Batch 120 grad norm: 0.937997
2026-06-15 21:35:34,426 - debug - DEBUG - Batch 130 grad norm: 1.260765
2026-06-15 21:35:35,778 - debug - DEBUG - Batch 140 grad norm: 1.509571
2026-06-15 21:35:37,181 - debug - DEBUG - Batch 150 grad norm: 1.316071
2026-06-15 21:35:38,565 - debug - DEBUG - Batch 160 grad norm: 1.357437
2026-06-15 21:35:39,793 - debug - DEBUG - Batch 170 grad norm: 1.094599
2026-06-15 21:35:41,164 - debug - DEBUG - Batch 180 grad norm: 1.315771
2026-06-15 21:35:42,698 - debug - DEBUG - Batch 190 grad norm: 0.776413
2026-06-15 21:35:43,104 - debug - DEBUG - compute_metrics_and_record started for epoch 96
2026-06-15 21:35:43,104 - debug - DEBUG - all_preds length: 25000, all_targets length: 25000
2026-06-15 21:35:43,104 - debug - DEBUG - First 10 preds: [8, 7, 2, 2, 6, 5, 1, 8, 7, 2]
2026-06-15 21:35:43,104 - debug - DEBUG - First 10 targets: [8, 7, 2, 2, 6, 5, 1, 8, 7, 2]
2026-06-15 21:35:43,111 - debug - DEBUG - Unique predicted classes: 10 (first 10: [0 1 2 3 4 5 6 7 8 9])
2026-06-15 21:35:43,111 - debug - DEBUG - Unique target classes: 10 (first 10: [0 1 2 3 4 5 6 7 8 9])
2026-06-15 21:35:45,987 - debug - DEBUG - compute_metrics_and_record started for epoch 96
2026-06-15 21:35:45,988 - debug - DEBUG - all_preds length: 10000, all_targets length: 10000
2026-06-15 21:35:45,988 - debug - DEBUG - First 10 preds: [3, 8, 0, 0, 6, 3, 1, 6, 3, 1]
2026-06-15 21:35:45,988 - debug - DEBUG - First 10 targets: [3, 8, 8, 0, 6, 6, 1, 6, 3, 1]
2026-06-15 21:35:45,990 - debug - DEBUG - Unique predicted classes: 10 (first 10: [0 1 2 3 4 5 6 7 8 9])
2026-06-15 21:35:45,991 - debug - DEBUG - Unique target classes: 10 (first 10: [0 1 2 3 4 5 6 7 8 9])
2026-06-15 21:35:46,287 - debug - DEBUG - Device Check - Batch 0
2026-06-15 21:35:46,288 - debug - DEBUG -   Config GPU ID: 1
2026-06-15 21:35:46,288 - debug - DEBUG -   Input Device:  cuda:1
2026-06-15 21:35:46,288 - debug - DEBUG -   Target Device: cuda:1
2026-06-15 21:35:46,288 - debug - DEBUG -   Model Device:  cuda:1
2026-06-15 21:35:46,289 - debug - DEBUG -   Criterion Weight Device: No weights
2026-06-15 21:35:47,088 - debug - DEBUG - Batch 0 grad norm: 1.316354
2026-06-15 21:35:48,555 - debug - DEBUG - Batch 10 grad norm: 1.050957
2026-06-15 21:35:50,018 - debug - DEBUG - Batch 20 grad norm: 1.081286
2026-06-15 21:35:51,485 - debug - DEBUG - Batch 30 grad norm: 0.943466
2026-06-15 21:35:52,947 - debug - DEBUG - Batch 40 grad norm: 1.230901
2026-06-15 21:35:54,411 - debug - DEBUG - Batch 50 grad norm: 0.656628
2026-06-15 21:35:55,872 - debug - DEBUG - Batch 60 grad norm: 0.930686
2026-06-15 21:35:57,332 - debug - DEBUG - Batch 70 grad norm: 0.967457
2026-06-15 21:35:58,610 - debug - DEBUG - Batch 80 grad norm: 0.845553
2026-06-15 21:35:59,660 - debug - DEBUG - Batch 90 grad norm: 1.254733
2026-06-15 21:36:01,132 - debug - DEBUG - Batch 100 grad norm: 0.965783
2026-06-15 21:36:02,523 - debug - DEBUG - Batch 110 grad norm: 0.996835
2026-06-15 21:36:03,869 - debug - DEBUG - Batch 120 grad norm: 1.313554
2026-06-15 21:36:05,253 - debug - DEBUG - Batch 130 grad norm: 1.187877
2026-06-15 21:36:06,628 - debug - DEBUG - Batch 140 grad norm: 1.150694
2026-06-15 21:36:07,980 - debug - DEBUG - Batch 150 grad norm: 1.203832
2026-06-15 21:36:09,366 - debug - DEBUG - Batch 160 grad norm: 1.006340
2026-06-15 21:36:10,696 - debug - DEBUG - Batch 170 grad norm: 1.240115
2026-06-15 21:36:12,079 - debug - DEBUG - Batch 180 grad norm: 0.892081
2026-06-15 21:36:13,476 - debug - DEBUG - Batch 190 grad norm: 1.098310
2026-06-15 21:36:13,840 - debug - DEBUG - compute_metrics_and_record started for epoch 97
2026-06-15 21:36:13,841 - debug - DEBUG - all_preds length: 25000, all_targets length: 25000
2026-06-15 21:36:13,841 - debug - DEBUG - First 10 preds: [8, 5, 4, 8, 5, 8, 2, 7, 9, 6]
2026-06-15 21:36:13,841 - debug - DEBUG - First 10 targets: [8, 5, 4, 8, 4, 8, 2, 7, 9, 2]
2026-06-15 21:36:13,847 - debug - DEBUG - Unique predicted classes: 10 (first 10: [0 1 2 3 4 5 6 7 8 9])
2026-06-15 21:36:13,847 - debug - DEBUG - Unique target classes: 10 (first 10: [0 1 2 3 4 5 6 7 8 9])
2026-06-15 21:36:16,620 - debug - DEBUG - compute_metrics_and_record started for epoch 97
2026-06-15 21:36:16,621 - debug - DEBUG - all_preds length: 10000, all_targets length: 10000
2026-06-15 21:36:16,621 - debug - DEBUG - First 10 preds: [3, 8, 8, 0, 2, 6, 1, 6, 3, 1]
2026-06-15 21:36:16,621 - debug - DEBUG - First 10 targets: [3, 8, 8, 0, 6, 6, 1, 6, 3, 1]
2026-06-15 21:36:16,624 - debug - DEBUG - Unique predicted classes: 10 (first 10: [0 1 2 3 4 5 6 7 8 9])
2026-06-15 21:36:16,624 - debug - DEBUG - Unique target classes: 10 (first 10: [0 1 2 3 4 5 6 7 8 9])
2026-06-15 21:36:16,876 - debug - DEBUG - Device Check - Batch 0
2026-06-15 21:36:16,877 - debug - DEBUG -   Config GPU ID: 1
2026-06-15 21:36:16,878 - debug - DEBUG -   Input Device:  cuda:1
2026-06-15 21:36:16,878 - debug - DEBUG -   Target Device: cuda:1
2026-06-15 21:36:16,878 - debug - DEBUG -   Model Device:  cuda:1
2026-06-15 21:36:16,879 - debug - DEBUG -   Criterion Weight Device: No weights
2026-06-15 21:36:17,680 - debug - DEBUG - Batch 0 grad norm: 1.072801
2026-06-15 21:36:19,066 - debug - DEBUG - Batch 10 grad norm: 0.999287
2026-06-15 21:36:20,451 - debug - DEBUG - Batch 20 grad norm: 1.198456
2026-06-15 21:36:21,785 - debug - DEBUG - Batch 30 grad norm: 0.729893
2026-06-15 21:36:23,219 - debug - DEBUG - Batch 40 grad norm: 1.002961
2026-06-15 21:36:24,408 - debug - DEBUG - Batch 50 grad norm: 1.179786
2026-06-15 21:36:25,839 - debug - DEBUG - Batch 60 grad norm: 1.025021
2026-06-15 21:36:27,216 - debug - DEBUG - Batch 70 grad norm: 1.187503
2026-06-15 21:36:28,616 - debug - DEBUG - Batch 80 grad norm: 1.043964
2026-06-15 21:36:29,777 - debug - DEBUG - Batch 90 grad norm: 1.297153
2026-06-15 21:36:31,231 - debug - DEBUG - Batch 100 grad norm: 1.203281
2026-06-15 21:36:32,611 - debug - DEBUG - Batch 110 grad norm: 1.248818
2026-06-15 21:36:33,950 - debug - DEBUG - Batch 120 grad norm: 1.118177
2026-06-15 21:36:35,240 - debug - DEBUG - Batch 130 grad norm: 1.775057
2026-06-15 21:36:36,612 - debug - DEBUG - Batch 140 grad norm: 1.078515
2026-06-15 21:36:37,869 - debug - DEBUG - Batch 150 grad norm: 1.259426
2026-06-15 21:36:39,202 - debug - DEBUG - Batch 160 grad norm: 1.398040
2026-06-15 21:36:40,578 - debug - DEBUG - Batch 170 grad norm: 1.165137
2026-06-15 21:36:41,954 - debug - DEBUG - Batch 180 grad norm: 0.996552
2026-06-15 21:36:43,345 - debug - DEBUG - Batch 190 grad norm: 1.108623
2026-06-15 21:36:43,793 - debug - DEBUG - compute_metrics_and_record started for epoch 98
2026-06-15 21:36:43,793 - debug - DEBUG - all_preds length: 25000, all_targets length: 25000
2026-06-15 21:36:43,794 - debug - DEBUG - First 10 preds: [8, 5, 9, 7, 4, 0, 3, 7, 8, 9]
2026-06-15 21:36:43,794 - debug - DEBUG - First 10 targets: [8, 5, 9, 7, 4, 0, 3, 7, 8, 9]
2026-06-15 21:36:43,800 - debug - DEBUG - Unique predicted classes: 10 (first 10: [0 1 2 3 4 5 6 7 8 9])
2026-06-15 21:36:43,800 - debug - DEBUG - Unique target classes: 10 (first 10: [0 1 2 3 4 5 6 7 8 9])
2026-06-15 21:36:46,475 - debug - DEBUG - compute_metrics_and_record started for epoch 98
2026-06-15 21:36:46,475 - debug - DEBUG - all_preds length: 10000, all_targets length: 10000
2026-06-15 21:36:46,475 - debug - DEBUG - First 10 preds: [3, 8, 1, 0, 6, 3, 1, 6, 3, 1]
2026-06-15 21:36:46,476 - debug - DEBUG - First 10 targets: [3, 8, 8, 0, 6, 6, 1, 6, 3, 1]
2026-06-15 21:36:46,478 - debug - DEBUG - Unique predicted classes: 10 (first 10: [0 1 2 3 4 5 6 7 8 9])
2026-06-15 21:36:46,478 - debug - DEBUG - Unique target classes: 10 (first 10: [0 1 2 3 4 5 6 7 8 9])
2026-06-15 21:36:46,729 - debug - DEBUG - Device Check - Batch 0
2026-06-15 21:36:46,729 - debug - DEBUG -   Config GPU ID: 1
2026-06-15 21:36:46,729 - debug - DEBUG -   Input Device:  cuda:1
2026-06-15 21:36:46,729 - debug - DEBUG -   Target Device: cuda:1
2026-06-15 21:36:46,730 - debug - DEBUG -   Model Device:  cuda:1
2026-06-15 21:36:46,730 - debug - DEBUG -   Criterion Weight Device: No weights
2026-06-15 21:36:47,400 - debug - DEBUG - Batch 0 grad norm: 1.155315
2026-06-15 21:36:48,714 - debug - DEBUG - Batch 10 grad norm: 0.764039
2026-06-15 21:36:50,172 - debug - DEBUG - Batch 20 grad norm: 1.075595
2026-06-15 21:36:51,611 - debug - DEBUG - Batch 30 grad norm: 1.013597
2026-06-15 21:36:52,954 - debug - DEBUG - Batch 40 grad norm: 0.877012
2026-06-15 21:36:54,274 - debug - DEBUG - Batch 50 grad norm: 1.093729
2026-06-15 21:36:55,641 - debug - DEBUG - Batch 60 grad norm: 0.815305
2026-06-15 21:36:57,061 - debug - DEBUG - Batch 70 grad norm: 0.900156
2026-06-15 21:36:58,392 - debug - DEBUG - Batch 80 grad norm: 1.348485
2026-06-15 21:36:59,701 - debug - DEBUG - Batch 90 grad norm: 1.289623
2026-06-15 21:37:01,116 - debug - DEBUG - Batch 100 grad norm: 1.426881
2026-06-15 21:37:02,513 - debug - DEBUG - Batch 110 grad norm: 1.592787
2026-06-15 21:37:03,797 - debug - DEBUG - Batch 120 grad norm: 1.014624
2026-06-15 21:37:05,112 - debug - DEBUG - Batch 130 grad norm: 1.419075
2026-06-15 21:37:06,405 - debug - DEBUG - Batch 140 grad norm: 1.344547
2026-06-15 21:37:07,854 - debug - DEBUG - Batch 150 grad norm: 1.390480
2026-06-15 21:37:09,319 - debug - DEBUG - Batch 160 grad norm: 1.267020
2026-06-15 21:37:10,532 - debug - DEBUG - Batch 170 grad norm: 1.273042
2026-06-15 21:37:11,821 - debug - DEBUG - Batch 180 grad norm: 1.361422
2026-06-15 21:37:13,173 - debug - DEBUG - Batch 190 grad norm: 1.079300
2026-06-15 21:37:13,639 - debug - DEBUG - compute_metrics_and_record started for epoch 99
2026-06-15 21:37:13,639 - debug - DEBUG - all_preds length: 25000, all_targets length: 25000
2026-06-15 21:37:13,639 - debug - DEBUG - First 10 preds: [5, 0, 2, 9, 6, 0, 1, 0, 4, 0]
2026-06-15 21:37:13,639 - debug - DEBUG - First 10 targets: [5, 0, 2, 9, 6, 0, 1, 0, 4, 0]
2026-06-15 21:37:13,648 - debug - DEBUG - Unique predicted classes: 10 (first 10: [0 1 2 3 4 5 6 7 8 9])
2026-06-15 21:37:13,648 - debug - DEBUG - Unique target classes: 10 (first 10: [0 1 2 3 4 5 6 7 8 9])
2026-06-15 21:37:16,288 - debug - DEBUG - compute_metrics_and_record started for epoch 99
2026-06-15 21:37:16,289 - debug - DEBUG - all_preds length: 10000, all_targets length: 10000
2026-06-15 21:37:16,289 - debug - DEBUG - First 10 preds: [3, 8, 8, 8, 6, 6, 1, 6, 3, 1]
2026-06-15 21:37:16,289 - debug - DEBUG - First 10 targets: [3, 8, 8, 0, 6, 6, 1, 6, 3, 1]
2026-06-15 21:37:16,291 - debug - DEBUG - Unique predicted classes: 10 (first 10: [0 1 2 3 4 5 6 7 8 9])
2026-06-15 21:37:16,292 - debug - DEBUG - Unique target classes: 10 (first 10: [0 1 2 3 4 5 6 7 8 9])
2026-06-15 21:37:16,549 - debug - DEBUG - Device Check - Batch 0
2026-06-15 21:37:16,550 - debug - DEBUG -   Config GPU ID: 1
2026-06-15 21:37:16,550 - debug - DEBUG -   Input Device:  cuda:1
2026-06-15 21:37:16,550 - debug - DEBUG -   Target Device: cuda:1
2026-06-15 21:37:16,550 - debug - DEBUG -   Model Device:  cuda:1
2026-06-15 21:37:16,551 - debug - DEBUG -   Criterion Weight Device: No weights
2026-06-15 21:37:17,186 - debug - DEBUG - Batch 0 grad norm: 0.862141
2026-06-15 21:37:18,450 - debug - DEBUG - Batch 10 grad norm: 1.226796
2026-06-15 21:37:19,865 - debug - DEBUG - Batch 20 grad norm: 1.122931
2026-06-15 21:37:21,250 - debug - DEBUG - Batch 30 grad norm: 0.995354
2026-06-15 21:37:22,601 - debug - DEBUG - Batch 40 grad norm: 0.966552
2026-06-15 21:37:23,977 - debug - DEBUG - Batch 50 grad norm: 1.281875
2026-06-15 21:37:25,356 - debug - DEBUG - Batch 60 grad norm: 1.182474
2026-06-15 21:37:26,726 - debug - DEBUG - Batch 70 grad norm: 0.973208
2026-06-15 21:37:28,078 - debug - DEBUG - Batch 80 grad norm: 1.478655
2026-06-15 21:37:29,382 - debug - DEBUG - Batch 90 grad norm: 1.313030
2026-06-15 21:37:30,697 - debug - DEBUG - Batch 100 grad norm: 1.126610
2026-06-15 21:37:32,118 - debug - DEBUG - Batch 110 grad norm: 1.399135
2026-06-15 21:37:33,378 - debug - DEBUG - Batch 120 grad norm: 1.163328
2026-06-15 21:37:34,757 - debug - DEBUG - Batch 130 grad norm: 1.195648
2026-06-15 21:37:36,103 - debug - DEBUG - Batch 140 grad norm: 1.107367
2026-06-15 21:37:37,494 - debug - DEBUG - Batch 150 grad norm: 0.881693
2026-06-15 21:37:38,812 - debug - DEBUG - Batch 160 grad norm: 1.117155
2026-06-15 21:37:40,234 - debug - DEBUG - Batch 170 grad norm: 0.867328
2026-06-15 21:37:41,570 - debug - DEBUG - Batch 180 grad norm: 1.150559
2026-06-15 21:37:42,875 - debug - DEBUG - Batch 190 grad norm: 1.367202
2026-06-15 21:37:43,378 - debug - DEBUG - compute_metrics_and_record started for epoch 100
2026-06-15 21:37:43,378 - debug - DEBUG - all_preds length: 25000, all_targets length: 25000
2026-06-15 21:37:43,378 - debug - DEBUG - First 10 preds: [6, 0, 9, 2, 6, 4, 8, 8, 5, 3]
2026-06-15 21:37:43,378 - debug - DEBUG - First 10 targets: [6, 0, 9, 2, 6, 4, 8, 8, 3, 3]
2026-06-15 21:37:43,386 - debug - DEBUG - Unique predicted classes: 10 (first 10: [0 1 2 3 4 5 6 7 8 9])
2026-06-15 21:37:43,387 - debug - DEBUG - Unique target classes: 10 (first 10: [0 1 2 3 4 5 6 7 8 9])
2026-06-15 21:37:46,154 - debug - DEBUG - compute_metrics_and_record started for epoch 100
2026-06-15 21:37:46,154 - debug - DEBUG - all_preds length: 10000, all_targets length: 10000
2026-06-15 21:37:46,154 - debug - DEBUG - First 10 preds: [3, 1, 0, 0, 6, 5, 9, 6, 3, 1]
2026-06-15 21:37:46,155 - debug - DEBUG - First 10 targets: [3, 8, 8, 0, 6, 6, 1, 6, 3, 1]
2026-06-15 21:37:46,157 - debug - DEBUG - Unique predicted classes: 10 (first 10: [0 1 2 3 4 5 6 7 8 9])
2026-06-15 21:37:46,157 - debug - DEBUG - Unique target classes: 10 (first 10: [0 1 2 3 4 5 6 7 8 9])
2026-06-15 21:37:46,411 - debug - DEBUG - Device Check - Batch 0
2026-06-15 21:37:46,412 - debug - DEBUG -   Config GPU ID: 1
2026-06-15 21:37:46,412 - debug - DEBUG -   Input Device:  cuda:1
2026-06-15 21:37:46,412 - debug - DEBUG -   Target Device: cuda:1
2026-06-15 21:37:46,412 - debug - DEBUG -   Model Device:  cuda:1
2026-06-15 21:37:46,413 - debug - DEBUG -   Criterion Weight Device: No weights
2026-06-15 21:37:47,013 - debug - DEBUG - Batch 0 grad norm: 1.191235
2026-06-15 21:37:48,352 - debug - DEBUG - Batch 10 grad norm: 0.973379
2026-06-15 21:37:49,578 - debug - DEBUG - Batch 20 grad norm: 1.241836
2026-06-15 21:37:51,029 - debug - DEBUG - Batch 30 grad norm: 0.942207
2026-06-15 21:37:52,341 - debug - DEBUG - Batch 40 grad norm: 1.283230
2026-06-15 21:37:53,723 - debug - DEBUG - Batch 50 grad norm: 1.341600
2026-06-15 21:37:55,095 - debug - DEBUG - Batch 60 grad norm: 1.427879
2026-06-15 21:37:56,481 - debug - DEBUG - Batch 70 grad norm: 1.368948
2026-06-15 21:37:57,776 - debug - DEBUG - Batch 80 grad norm: 1.308080
2026-06-15 21:37:59,128 - debug - DEBUG - Batch 90 grad norm: 0.969160
2026-06-15 21:38:00,499 - debug - DEBUG - Batch 100 grad norm: 1.076274
2026-06-15 21:38:01,854 - debug - DEBUG - Batch 110 grad norm: 1.337311
2026-06-15 21:38:03,178 - debug - DEBUG - Batch 120 grad norm: 1.405102
2026-06-15 21:38:04,569 - debug - DEBUG - Batch 130 grad norm: 1.263915
2026-06-15 21:38:05,915 - debug - DEBUG - Batch 140 grad norm: 1.272745
2026-06-15 21:38:07,176 - debug - DEBUG - Batch 150 grad norm: 1.105102
2026-06-15 21:38:08,559 - debug - DEBUG - Batch 160 grad norm: 0.875044
2026-06-15 21:38:09,929 - debug - DEBUG - Batch 170 grad norm: 1.167588
2026-06-15 21:38:11,304 - debug - DEBUG - Batch 180 grad norm: 1.245053
2026-06-15 21:38:12,676 - debug - DEBUG - Batch 190 grad norm: 1.136491
2026-06-15 21:38:13,126 - debug - DEBUG - compute_metrics_and_record started for epoch 101
2026-06-15 21:38:13,126 - debug - DEBUG - all_preds length: 25000, all_targets length: 25000
2026-06-15 21:38:13,126 - debug - DEBUG - First 10 preds: [0, 9, 6, 1, 1, 7, 1, 7, 9, 8]
2026-06-15 21:38:13,126 - debug - DEBUG - First 10 targets: [0, 9, 6, 1, 1, 7, 1, 7, 9, 8]
2026-06-15 21:38:13,133 - debug - DEBUG - Unique predicted classes: 10 (first 10: [0 1 2 3 4 5 6 7 8 9])
2026-06-15 21:38:13,134 - debug - DEBUG - Unique target classes: 10 (first 10: [0 1 2 3 4 5 6 7 8 9])
2026-06-15 21:38:15,785 - debug - DEBUG - compute_metrics_and_record started for epoch 101
2026-06-15 21:38:15,785 - debug - DEBUG - all_preds length: 10000, all_targets length: 10000
2026-06-15 21:38:15,785 - debug - DEBUG - First 10 preds: [3, 8, 7, 8, 6, 6, 1, 6, 3, 1]
2026-06-15 21:38:15,785 - debug - DEBUG - First 10 targets: [3, 8, 8, 0, 6, 6, 1, 6, 3, 1]
2026-06-15 21:38:15,788 - debug - DEBUG - Unique predicted classes: 10 (first 10: [0 1 2 3 4 5 6 7 8 9])
2026-06-15 21:38:15,788 - debug - DEBUG - Unique target classes: 10 (first 10: [0 1 2 3 4 5 6 7 8 9])
2026-06-15 21:38:16,030 - debug - DEBUG - Device Check - Batch 0
2026-06-15 21:38:16,031 - debug - DEBUG -   Config GPU ID: 1
2026-06-15 21:38:16,031 - debug - DEBUG -   Input Device:  cuda:1
2026-06-15 21:38:16,032 - debug - DEBUG -   Target Device: cuda:1
2026-06-15 21:38:16,032 - debug - DEBUG -   Model Device:  cuda:1
2026-06-15 21:38:16,032 - debug - DEBUG -   Criterion Weight Device: No weights
2026-06-15 21:38:16,581 - debug - DEBUG - Batch 0 grad norm: 1.412683
2026-06-15 21:38:17,946 - debug - DEBUG - Batch 10 grad norm: 1.050407
2026-06-15 21:38:19,316 - debug - DEBUG - Batch 20 grad norm: 0.681483
2026-06-15 21:38:20,661 - debug - DEBUG - Batch 30 grad norm: 1.203816
2026-06-15 21:38:22,027 - debug - DEBUG - Batch 40 grad norm: 0.983524
2026-06-15 21:38:23,479 - debug - DEBUG - Batch 50 grad norm: 1.070602
2026-06-15 21:38:24,878 - debug - DEBUG - Batch 60 grad norm: 0.890409
2026-06-15 21:38:26,198 - debug - DEBUG - Batch 70 grad norm: 0.811182
2026-06-15 21:38:27,637 - debug - DEBUG - Batch 80 grad norm: 0.791228
2026-06-15 21:38:29,043 - debug - DEBUG - Batch 90 grad norm: 1.357673
2026-06-15 21:38:30,510 - debug - DEBUG - Batch 100 grad norm: 1.226781
2026-06-15 21:38:31,680 - debug - DEBUG - Batch 110 grad norm: 1.065468
2026-06-15 21:38:33,005 - debug - DEBUG - Batch 120 grad norm: 1.198545
2026-06-15 21:38:34,293 - debug - DEBUG - Batch 130 grad norm: 0.818698
2026-06-15 21:38:35,594 - debug - DEBUG - Batch 140 grad norm: 1.326518
2026-06-15 21:38:36,969 - debug - DEBUG - Batch 150 grad norm: 1.120763
2026-06-15 21:38:38,355 - debug - DEBUG - Batch 160 grad norm: 1.219531
2026-06-15 21:38:39,740 - debug - DEBUG - Batch 170 grad norm: 0.983856
2026-06-15 21:38:41,119 - debug - DEBUG - Batch 180 grad norm: 1.170661
2026-06-15 21:38:42,514 - debug - DEBUG - Batch 190 grad norm: 0.962268
2026-06-15 21:38:42,971 - debug - DEBUG - compute_metrics_and_record started for epoch 102
2026-06-15 21:38:42,971 - debug - DEBUG - all_preds length: 25000, all_targets length: 25000
2026-06-15 21:38:42,972 - debug - DEBUG - First 10 preds: [1, 1, 0, 0, 6, 5, 2, 7, 0, 8]
2026-06-15 21:38:42,972 - debug - DEBUG - First 10 targets: [1, 1, 0, 0, 6, 5, 2, 7, 0, 8]
2026-06-15 21:38:42,980 - debug - DEBUG - Unique predicted classes: 10 (first 10: [0 1 2 3 4 5 6 7 8 9])
2026-06-15 21:38:42,981 - debug - DEBUG - Unique target classes: 10 (first 10: [0 1 2 3 4 5 6 7 8 9])
2026-06-15 21:38:45,804 - debug - DEBUG - compute_metrics_and_record started for epoch 102
2026-06-15 21:38:45,805 - debug - DEBUG - all_preds length: 10000, all_targets length: 10000
2026-06-15 21:38:45,805 - debug - DEBUG - First 10 preds: [3, 1, 1, 0, 6, 3, 1, 4, 3, 1]
2026-06-15 21:38:45,805 - debug - DEBUG - First 10 targets: [3, 8, 8, 0, 6, 6, 1, 6, 3, 1]
2026-06-15 21:38:45,807 - debug - DEBUG - Unique predicted classes: 10 (first 10: [0 1 2 3 4 5 6 7 8 9])
2026-06-15 21:38:45,807 - debug - DEBUG - Unique target classes: 10 (first 10: [0 1 2 3 4 5 6 7 8 9])
2026-06-15 21:38:46,060 - debug - DEBUG - Device Check - Batch 0
2026-06-15 21:38:46,061 - debug - DEBUG -   Config GPU ID: 1
2026-06-15 21:38:46,061 - debug - DEBUG -   Input Device:  cuda:1
2026-06-15 21:38:46,061 - debug - DEBUG -   Target Device: cuda:1
2026-06-15 21:38:46,062 - debug - DEBUG -   Model Device:  cuda:1
2026-06-15 21:38:46,062 - debug - DEBUG -   Criterion Weight Device: No weights
2026-06-15 21:38:46,777 - debug - DEBUG - Batch 0 grad norm: 1.291043
2026-06-15 21:38:48,141 - debug - DEBUG - Batch 10 grad norm: 1.222522
2026-06-15 21:38:49,461 - debug - DEBUG - Batch 20 grad norm: 1.023997
2026-06-15 21:38:50,769 - debug - DEBUG - Batch 30 grad norm: 1.044309
2026-06-15 21:38:51,991 - debug - DEBUG - Batch 40 grad norm: 1.352039
2026-06-15 21:38:53,360 - debug - DEBUG - Batch 50 grad norm: 1.085311
2026-06-15 21:38:54,733 - debug - DEBUG - Batch 60 grad norm: 1.382791
2026-06-15 21:38:56,035 - debug - DEBUG - Batch 70 grad norm: 1.402160
2026-06-15 21:38:57,369 - debug - DEBUG - Batch 80 grad norm: 1.184470
2026-06-15 21:38:58,661 - debug - DEBUG - Batch 90 grad norm: 1.048471
2026-06-15 21:39:00,027 - debug - DEBUG - Batch 100 grad norm: 1.188342
2026-06-15 21:39:01,449 - debug - DEBUG - Batch 110 grad norm: 1.069440
2026-06-15 21:39:02,733 - debug - DEBUG - Batch 120 grad norm: 1.131575
2026-06-15 21:39:04,062 - debug - DEBUG - Batch 130 grad norm: 0.956734
2026-06-15 21:39:05,055 - debug - DEBUG - Batch 140 grad norm: 1.201397
2026-06-15 21:39:06,042 - debug - DEBUG - Batch 150 grad norm: 0.893957
2026-06-15 21:39:07,121 - debug - DEBUG - Batch 160 grad norm: 1.187349
2026-06-15 21:39:08,160 - debug - DEBUG - Batch 170 grad norm: 1.050104
2026-06-15 21:39:09,099 - debug - DEBUG - Batch 180 grad norm: 1.251892
2026-06-15 21:39:10,075 - debug - DEBUG - Batch 190 grad norm: 1.352777
2026-06-15 21:39:10,355 - debug - DEBUG - compute_metrics_and_record started for epoch 103
2026-06-15 21:39:10,355 - debug - DEBUG - all_preds length: 25000, all_targets length: 25000
2026-06-15 21:39:10,355 - debug - DEBUG - First 10 preds: [5, 1, 9, 9, 0, 0, 7, 2, 1, 4]
2026-06-15 21:39:10,355 - debug - DEBUG - First 10 targets: [5, 8, 9, 9, 0, 0, 7, 2, 1, 4]
2026-06-15 21:39:10,363 - debug - DEBUG - Unique predicted classes: 10 (first 10: [0 1 2 3 4 5 6 7 8 9])
2026-06-15 21:39:10,363 - debug - DEBUG - Unique target classes: 10 (first 10: [0 1 2 3 4 5 6 7 8 9])
2026-06-15 21:39:13,013 - debug - DEBUG - compute_metrics_and_record started for epoch 103
2026-06-15 21:39:13,014 - debug - DEBUG - all_preds length: 10000, all_targets length: 10000
2026-06-15 21:39:13,014 - debug - DEBUG - First 10 preds: [3, 8, 8, 8, 6, 6, 9, 0, 4, 1]
2026-06-15 21:39:13,014 - debug - DEBUG - First 10 targets: [3, 8, 8, 0, 6, 6, 1, 6, 3, 1]
2026-06-15 21:39:13,016 - debug - DEBUG - Unique predicted classes: 10 (first 10: [0 1 2 3 4 5 6 7 8 9])
2026-06-15 21:39:13,017 - debug - DEBUG - Unique target classes: 10 (first 10: [0 1 2 3 4 5 6 7 8 9])
2026-06-15 21:39:13,287 - debug - DEBUG - Device Check - Batch 0
2026-06-15 21:39:13,288 - debug - DEBUG -   Config GPU ID: 1
2026-06-15 21:39:13,288 - debug - DEBUG -   Input Device:  cuda:1
2026-06-15 21:39:13,289 - debug - DEBUG -   Target Device: cuda:1
2026-06-15 21:39:13,289 - debug - DEBUG -   Model Device:  cuda:1
2026-06-15 21:39:13,289 - debug - DEBUG -   Criterion Weight Device: No weights
2026-06-15 21:39:13,723 - debug - DEBUG - Batch 0 grad norm: 1.013514
2026-06-15 21:39:15,088 - debug - DEBUG - Batch 10 grad norm: 1.358771
2026-06-15 21:39:16,474 - debug - DEBUG - Batch 20 grad norm: 0.950079
2026-06-15 21:39:17,856 - debug - DEBUG - Batch 30 grad norm: 1.265560
2026-06-15 21:39:19,137 - debug - DEBUG - Batch 40 grad norm: 1.184881
2026-06-15 21:39:20,504 - debug - DEBUG - Batch 50 grad norm: 1.233089
2026-06-15 21:39:21,889 - debug - DEBUG - Batch 60 grad norm: 0.897724
2026-06-15 21:39:23,263 - debug - DEBUG - Batch 70 grad norm: 1.105905
2026-06-15 21:39:24,680 - debug - DEBUG - Batch 80 grad norm: 1.040102
2026-06-15 21:39:25,931 - debug - DEBUG - Batch 90 grad norm: 0.928747
2026-06-15 21:39:27,322 - debug - DEBUG - Batch 100 grad norm: 1.155502
2026-06-15 21:39:28,521 - debug - DEBUG - Batch 110 grad norm: 0.979032
2026-06-15 21:39:29,844 - debug - DEBUG - Batch 120 grad norm: 0.894963
2026-06-15 21:39:31,205 - debug - DEBUG - Batch 130 grad norm: 1.536721
2026-06-15 21:39:32,546 - debug - DEBUG - Batch 140 grad norm: 0.887043
2026-06-15 21:39:33,861 - debug - DEBUG - Batch 150 grad norm: 1.162384
2026-06-15 21:39:35,210 - debug - DEBUG - Batch 160 grad norm: 1.269416
2026-06-15 21:39:36,504 - debug - DEBUG - Batch 170 grad norm: 1.293901
2026-06-15 21:39:37,847 - debug - DEBUG - Batch 180 grad norm: 1.049624
2026-06-15 21:39:39,149 - debug - DEBUG - Batch 190 grad norm: 1.019755
2026-06-15 21:39:39,570 - debug - DEBUG - compute_metrics_and_record started for epoch 104
2026-06-15 21:39:39,570 - debug - DEBUG - all_preds length: 25000, all_targets length: 25000
2026-06-15 21:39:39,570 - debug - DEBUG - First 10 preds: [6, 8, 5, 8, 0, 5, 6, 3, 0, 2]
2026-06-15 21:39:39,570 - debug - DEBUG - First 10 targets: [6, 8, 5, 8, 0, 5, 6, 3, 0, 2]
2026-06-15 21:39:39,577 - debug - DEBUG - Unique predicted classes: 10 (first 10: [0 1 2 3 4 5 6 7 8 9])
2026-06-15 21:39:39,577 - debug - DEBUG - Unique target classes: 10 (first 10: [0 1 2 3 4 5 6 7 8 9])
2026-06-15 21:39:42,180 - debug - DEBUG - compute_metrics_and_record started for epoch 104
2026-06-15 21:39:42,181 - debug - DEBUG - all_preds length: 10000, all_targets length: 10000
2026-06-15 21:39:42,181 - debug - DEBUG - First 10 preds: [3, 1, 0, 0, 6, 6, 9, 6, 3, 1]
2026-06-15 21:39:42,181 - debug - DEBUG - First 10 targets: [3, 8, 8, 0, 6, 6, 1, 6, 3, 1]
2026-06-15 21:39:42,184 - debug - DEBUG - Unique predicted classes: 10 (first 10: [0 1 2 3 4 5 6 7 8 9])
2026-06-15 21:39:42,184 - debug - DEBUG - Unique target classes: 10 (first 10: [0 1 2 3 4 5 6 7 8 9])
2026-06-15 21:39:42,473 - debug - DEBUG - Device Check - Batch 0
2026-06-15 21:39:42,474 - debug - DEBUG -   Config GPU ID: 1
2026-06-15 21:39:42,474 - debug - DEBUG -   Input Device:  cuda:1
2026-06-15 21:39:42,474 - debug - DEBUG -   Target Device: cuda:1
2026-06-15 21:39:42,474 - debug - DEBUG -   Model Device:  cuda:1
2026-06-15 21:39:42,475 - debug - DEBUG -   Criterion Weight Device: No weights
2026-06-15 21:39:43,130 - debug - DEBUG - Batch 0 grad norm: 1.255929
2026-06-15 21:39:44,512 - debug - DEBUG - Batch 10 grad norm: 0.998554
2026-06-15 21:39:45,848 - debug - DEBUG - Batch 20 grad norm: 1.052134
2026-06-15 21:39:47,226 - debug - DEBUG - Batch 30 grad norm: 0.957024
2026-06-15 21:39:48,601 - debug - DEBUG - Batch 40 grad norm: 0.715159
2026-06-15 21:39:49,910 - debug - DEBUG - Batch 50 grad norm: 0.900053
2026-06-15 21:39:51,286 - debug - DEBUG - Batch 60 grad norm: 1.310152
2026-06-15 21:39:52,514 - debug - DEBUG - Batch 70 grad norm: 0.809418
2026-06-15 21:39:53,979 - debug - DEBUG - Batch 80 grad norm: 1.349367
2026-06-15 21:39:55,096 - debug - DEBUG - Batch 90 grad norm: 0.872679
2026-06-15 21:39:56,462 - debug - DEBUG - Batch 100 grad norm: 1.302463
2026-06-15 21:39:57,724 - debug - DEBUG - Batch 110 grad norm: 1.283289
2026-06-15 21:39:59,075 - debug - DEBUG - Batch 120 grad norm: 1.201396
2026-06-15 21:40:00,429 - debug - DEBUG - Batch 130 grad norm: 0.905212
2026-06-15 21:40:01,803 - debug - DEBUG - Batch 140 grad norm: 1.007893
2026-06-15 21:40:03,166 - debug - DEBUG - Batch 150 grad norm: 1.307641
2026-06-15 21:40:04,540 - debug - DEBUG - Batch 160 grad norm: 1.257282
2026-06-15 21:40:05,908 - debug - DEBUG - Batch 170 grad norm: 1.570781
2026-06-15 21:40:07,157 - debug - DEBUG - Batch 180 grad norm: 1.414896
2026-06-15 21:40:08,500 - debug - DEBUG - Batch 190 grad norm: 1.322185
2026-06-15 21:40:08,893 - debug - DEBUG - compute_metrics_and_record started for epoch 105
2026-06-15 21:40:08,894 - debug - DEBUG - all_preds length: 25000, all_targets length: 25000
2026-06-15 21:40:08,894 - debug - DEBUG - First 10 preds: [4, 2, 9, 2, 1, 6, 7, 7, 2, 1]
2026-06-15 21:40:08,894 - debug - DEBUG - First 10 targets: [4, 2, 9, 2, 0, 6, 7, 7, 0, 1]
2026-06-15 21:40:08,900 - debug - DEBUG - Unique predicted classes: 10 (first 10: [0 1 2 3 4 5 6 7 8 9])
2026-06-15 21:40:08,900 - debug - DEBUG - Unique target classes: 10 (first 10: [0 1 2 3 4 5 6 7 8 9])
2026-06-15 21:40:11,532 - debug - DEBUG - compute_metrics_and_record started for epoch 105
2026-06-15 21:40:11,533 - debug - DEBUG - all_preds length: 10000, all_targets length: 10000
2026-06-15 21:40:11,533 - debug - DEBUG - First 10 preds: [3, 8, 1, 8, 6, 6, 9, 6, 3, 1]
2026-06-15 21:40:11,533 - debug - DEBUG - First 10 targets: [3, 8, 8, 0, 6, 6, 1, 6, 3, 1]
2026-06-15 21:40:11,535 - debug - DEBUG - Unique predicted classes: 10 (first 10: [0 1 2 3 4 5 6 7 8 9])
2026-06-15 21:40:11,536 - debug - DEBUG - Unique target classes: 10 (first 10: [0 1 2 3 4 5 6 7 8 9])
2026-06-15 21:40:11,780 - debug - DEBUG - Device Check - Batch 0
2026-06-15 21:40:11,781 - debug - DEBUG -   Config GPU ID: 1
2026-06-15 21:40:11,781 - debug - DEBUG -   Input Device:  cuda:1
2026-06-15 21:40:11,781 - debug - DEBUG -   Target Device: cuda:1
2026-06-15 21:40:11,781 - debug - DEBUG -   Model Device:  cuda:1
2026-06-15 21:40:11,782 - debug - DEBUG -   Criterion Weight Device: No weights
2026-06-15 21:40:12,426 - debug - DEBUG - Batch 0 grad norm: 1.045426
2026-06-15 21:40:13,798 - debug - DEBUG - Batch 10 grad norm: 1.434268
2026-06-15 21:40:15,137 - debug - DEBUG - Batch 20 grad norm: 1.321982
2026-06-15 21:40:16,463 - debug - DEBUG - Batch 30 grad norm: 1.231478
2026-06-15 21:40:17,886 - debug - DEBUG - Batch 40 grad norm: 1.106510
2026-06-15 21:40:19,137 - debug - DEBUG - Batch 50 grad norm: 0.904847
2026-06-15 21:40:20,519 - debug - DEBUG - Batch 60 grad norm: 0.761144
2026-06-15 21:40:21,822 - debug - DEBUG - Batch 70 grad norm: 1.059655
2026-06-15 21:40:23,136 - debug - DEBUG - Batch 80 grad norm: 1.200225
2026-06-15 21:40:24,470 - debug - DEBUG - Batch 90 grad norm: 1.185134
2026-06-15 21:40:25,802 - debug - DEBUG - Batch 100 grad norm: 1.275216
2026-06-15 21:40:27,199 - debug - DEBUG - Batch 110 grad norm: 1.032949
2026-06-15 21:40:28,500 - debug - DEBUG - Batch 120 grad norm: 1.256157
2026-06-15 21:40:29,740 - debug - DEBUG - Batch 130 grad norm: 1.251401
2026-06-15 21:40:31,113 - debug - DEBUG - Batch 140 grad norm: 1.248081
2026-06-15 21:40:32,489 - debug - DEBUG - Batch 150 grad norm: 1.222366
2026-06-15 21:40:33,851 - debug - DEBUG - Batch 160 grad norm: 1.364582
2026-06-15 21:40:35,232 - debug - DEBUG - Batch 170 grad norm: 1.301701
2026-06-15 21:40:36,679 - debug - DEBUG - Batch 180 grad norm: 0.982525
2026-06-15 21:40:37,929 - debug - DEBUG - Batch 190 grad norm: 1.210860
2026-06-15 21:40:38,381 - debug - DEBUG - compute_metrics_and_record started for epoch 106
2026-06-15 21:40:38,382 - debug - DEBUG - all_preds length: 25000, all_targets length: 25000
2026-06-15 21:40:38,382 - debug - DEBUG - First 10 preds: [6, 4, 4, 7, 1, 1, 3, 6, 6, 5]
2026-06-15 21:40:38,382 - debug - DEBUG - First 10 targets: [6, 4, 4, 7, 1, 1, 3, 6, 6, 5]
2026-06-15 21:40:38,390 - debug - DEBUG - Unique predicted classes: 10 (first 10: [0 1 2 3 4 5 6 7 8 9])
2026-06-15 21:40:38,390 - debug - DEBUG - Unique target classes: 10 (first 10: [0 1 2 3 4 5 6 7 8 9])
2026-06-15 21:40:41,151 - debug - DEBUG - compute_metrics_and_record started for epoch 106
2026-06-15 21:40:41,151 - debug - DEBUG - all_preds length: 10000, all_targets length: 10000
2026-06-15 21:40:41,152 - debug - DEBUG - First 10 preds: [3, 1, 1, 0, 6, 3, 9, 4, 3, 1]
2026-06-15 21:40:41,152 - debug - DEBUG - First 10 targets: [3, 8, 8, 0, 6, 6, 1, 6, 3, 1]
2026-06-15 21:40:41,154 - debug - DEBUG - Unique predicted classes: 10 (first 10: [0 1 2 3 4 5 6 7 8 9])
2026-06-15 21:40:41,154 - debug - DEBUG - Unique target classes: 10 (first 10: [0 1 2 3 4 5 6 7 8 9])
2026-06-15 21:40:41,471 - debug - DEBUG - Device Check - Batch 0
2026-06-15 21:40:41,472 - debug - DEBUG -   Config GPU ID: 1
2026-06-15 21:40:41,472 - debug - DEBUG -   Input Device:  cuda:1
2026-06-15 21:40:41,472 - debug - DEBUG -   Target Device: cuda:1
2026-06-15 21:40:41,473 - debug - DEBUG -   Model Device:  cuda:1
2026-06-15 21:40:41,473 - debug - DEBUG -   Criterion Weight Device: No weights
2026-06-15 21:40:42,113 - debug - DEBUG - Batch 0 grad norm: 1.335647
2026-06-15 21:40:43,487 - debug - DEBUG - Batch 10 grad norm: 0.935607
2026-06-15 21:40:44,851 - debug - DEBUG - Batch 20 grad norm: 1.455693
2026-06-15 21:40:46,215 - debug - DEBUG - Batch 30 grad norm: 1.035701
2026-06-15 21:40:47,589 - debug - DEBUG - Batch 40 grad norm: 1.162444
2026-06-15 21:40:48,952 - debug - DEBUG - Batch 50 grad norm: 0.991983
2026-06-15 21:40:50,302 - debug - DEBUG - Batch 60 grad norm: 0.836439
2026-06-15 21:40:51,692 - debug - DEBUG - Batch 70 grad norm: 1.009926
2026-06-15 21:40:52,994 - debug - DEBUG - Batch 80 grad norm: 0.891372
2026-06-15 21:40:54,250 - debug - DEBUG - Batch 90 grad norm: 1.130972
2026-06-15 21:40:55,625 - debug - DEBUG - Batch 100 grad norm: 1.149336
2026-06-15 21:40:57,026 - debug - DEBUG - Batch 110 grad norm: 0.990521
2026-06-15 21:40:58,287 - debug - DEBUG - Batch 120 grad norm: 0.941750
2026-06-15 21:40:59,622 - debug - DEBUG - Batch 130 grad norm: 1.175972
2026-06-15 21:41:01,044 - debug - DEBUG - Batch 140 grad norm: 0.966518
2026-06-15 21:41:02,388 - debug - DEBUG - Batch 150 grad norm: 1.213378
2026-06-15 21:41:03,658 - debug - DEBUG - Batch 160 grad norm: 1.504209
2026-06-15 21:41:04,991 - debug - DEBUG - Batch 170 grad norm: 0.870075
2026-06-15 21:41:06,403 - debug - DEBUG - Batch 180 grad norm: 0.809493
2026-06-15 21:41:07,759 - debug - DEBUG - Batch 190 grad norm: 1.322381
2026-06-15 21:41:08,197 - debug - DEBUG - compute_metrics_and_record started for epoch 107
2026-06-15 21:41:08,197 - debug - DEBUG - all_preds length: 25000, all_targets length: 25000
2026-06-15 21:41:08,197 - debug - DEBUG - First 10 preds: [5, 0, 2, 5, 7, 5, 6, 1, 8, 3]
2026-06-15 21:41:08,197 - debug - DEBUG - First 10 targets: [5, 0, 2, 0, 7, 0, 6, 1, 8, 3]
2026-06-15 21:41:08,204 - debug - DEBUG - Unique predicted classes: 10 (first 10: [0 1 2 3 4 5 6 7 8 9])
2026-06-15 21:41:08,204 - debug - DEBUG - Unique target classes: 10 (first 10: [0 1 2 3 4 5 6 7 8 9])
2026-06-15 21:41:10,966 - debug - DEBUG - compute_metrics_and_record started for epoch 107
2026-06-15 21:41:10,967 - debug - DEBUG - all_preds length: 10000, all_targets length: 10000
2026-06-15 21:41:10,967 - debug - DEBUG - First 10 preds: [3, 1, 1, 0, 6, 6, 1, 6, 3, 1]
2026-06-15 21:41:10,967 - debug - DEBUG - First 10 targets: [3, 8, 8, 0, 6, 6, 1, 6, 3, 1]
2026-06-15 21:41:10,970 - debug - DEBUG - Unique predicted classes: 10 (first 10: [0 1 2 3 4 5 6 7 8 9])
2026-06-15 21:41:10,970 - debug - DEBUG - Unique target classes: 10 (first 10: [0 1 2 3 4 5 6 7 8 9])
2026-06-15 21:41:11,261 - debug - DEBUG - Device Check - Batch 0
2026-06-15 21:41:11,261 - debug - DEBUG -   Config GPU ID: 1
2026-06-15 21:41:11,262 - debug - DEBUG -   Input Device:  cuda:1
2026-06-15 21:41:11,262 - debug - DEBUG -   Target Device: cuda:1
2026-06-15 21:41:11,262 - debug - DEBUG -   Model Device:  cuda:1
2026-06-15 21:41:11,262 - debug - DEBUG -   Criterion Weight Device: No weights
2026-06-15 21:41:11,992 - debug - DEBUG - Batch 0 grad norm: 1.060366
2026-06-15 21:41:13,406 - debug - DEBUG - Batch 10 grad norm: 0.706750
2026-06-15 21:41:14,781 - debug - DEBUG - Batch 20 grad norm: 0.918539
2026-06-15 21:41:16,104 - debug - DEBUG - Batch 30 grad norm: 0.867258
2026-06-15 21:41:17,506 - debug - DEBUG - Batch 40 grad norm: 1.105543
2026-06-15 21:41:18,843 - debug - DEBUG - Batch 50 grad norm: 1.076186
2026-06-15 21:41:20,188 - debug - DEBUG - Batch 60 grad norm: 0.934865
2026-06-15 21:41:21,472 - debug - DEBUG - Batch 70 grad norm: 1.039287
2026-06-15 21:41:22,836 - debug - DEBUG - Batch 80 grad norm: 1.180267
2026-06-15 21:41:24,086 - debug - DEBUG - Batch 90 grad norm: 1.055521
2026-06-15 21:41:25,435 - debug - DEBUG - Batch 100 grad norm: 0.967985
2026-06-15 21:41:26,669 - debug - DEBUG - Batch 110 grad norm: 1.289977
2026-06-15 21:41:27,986 - debug - DEBUG - Batch 120 grad norm: 1.094478
2026-06-15 21:41:29,223 - debug - DEBUG - Batch 130 grad norm: 0.990872
2026-06-15 21:41:30,649 - debug - DEBUG - Batch 140 grad norm: 1.236644
2026-06-15 21:41:32,028 - debug - DEBUG - Batch 150 grad norm: 1.157032
2026-06-15 21:41:33,411 - debug - DEBUG - Batch 160 grad norm: 0.991755
2026-06-15 21:41:34,749 - debug - DEBUG - Batch 170 grad norm: 1.239229
2026-06-15 21:41:36,116 - debug - DEBUG - Batch 180 grad norm: 1.740404
2026-06-15 21:41:37,437 - debug - DEBUG - Batch 190 grad norm: 1.138721
2026-06-15 21:41:37,886 - debug - DEBUG - compute_metrics_and_record started for epoch 108
2026-06-15 21:41:37,887 - debug - DEBUG - all_preds length: 25000, all_targets length: 25000
2026-06-15 21:41:37,887 - debug - DEBUG - First 10 preds: [6, 6, 9, 6, 3, 6, 5, 2, 4, 4]
2026-06-15 21:41:37,887 - debug - DEBUG - First 10 targets: [6, 6, 9, 6, 0, 6, 7, 2, 4, 4]
2026-06-15 21:41:37,897 - debug - DEBUG - Unique predicted classes: 10 (first 10: [0 1 2 3 4 5 6 7 8 9])
2026-06-15 21:41:37,898 - debug - DEBUG - Unique target classes: 10 (first 10: [0 1 2 3 4 5 6 7 8 9])
2026-06-15 21:41:40,712 - debug - DEBUG - compute_metrics_and_record started for epoch 108
2026-06-15 21:41:40,712 - debug - DEBUG - all_preds length: 10000, all_targets length: 10000
2026-06-15 21:41:40,712 - debug - DEBUG - First 10 preds: [3, 1, 0, 0, 6, 6, 1, 6, 3, 9]
2026-06-15 21:41:40,712 - debug - DEBUG - First 10 targets: [3, 8, 8, 0, 6, 6, 1, 6, 3, 1]
2026-06-15 21:41:40,715 - debug - DEBUG - Unique predicted classes: 10 (first 10: [0 1 2 3 4 5 6 7 8 9])
2026-06-15 21:41:40,715 - debug - DEBUG - Unique target classes: 10 (first 10: [0 1 2 3 4 5 6 7 8 9])
2026-06-15 21:41:41,041 - debug - DEBUG - Device Check - Batch 0
2026-06-15 21:41:41,041 - debug - DEBUG -   Config GPU ID: 1
2026-06-15 21:41:41,041 - debug - DEBUG -   Input Device:  cuda:1
2026-06-15 21:41:41,041 - debug - DEBUG -   Target Device: cuda:1
2026-06-15 21:41:41,042 - debug - DEBUG -   Model Device:  cuda:1
2026-06-15 21:41:41,042 - debug - DEBUG -   Criterion Weight Device: No weights
2026-06-15 21:41:41,790 - debug - DEBUG - Batch 0 grad norm: 0.815178
2026-06-15 21:41:43,136 - debug - DEBUG - Batch 10 grad norm: 0.838880
2026-06-15 21:41:44,492 - debug - DEBUG - Batch 20 grad norm: 1.268966
2026-06-15 21:41:45,857 - debug - DEBUG - Batch 30 grad norm: 1.030277
2026-06-15 21:41:47,090 - debug - DEBUG - Batch 40 grad norm: 0.981497
2026-06-15 21:41:48,463 - debug - DEBUG - Batch 50 grad norm: 1.681887
2026-06-15 21:41:49,808 - debug - DEBUG - Batch 60 grad norm: 0.905156
2026-06-15 21:41:51,159 - debug - DEBUG - Batch 70 grad norm: 1.250802
2026-06-15 21:41:52,400 - debug - DEBUG - Batch 80 grad norm: 0.869217
2026-06-15 21:41:53,660 - debug - DEBUG - Batch 90 grad norm: 1.178996
2026-06-15 21:41:55,079 - debug - DEBUG - Batch 100 grad norm: 1.102175
2026-06-15 21:41:56,413 - debug - DEBUG - Batch 110 grad norm: 1.287358
2026-06-15 21:41:57,716 - debug - DEBUG - Batch 120 grad norm: 1.640038
2026-06-15 21:41:59,082 - debug - DEBUG - Batch 130 grad norm: 1.257741
2026-06-15 21:42:00,529 - debug - DEBUG - Batch 140 grad norm: 1.385429
2026-06-15 21:42:01,715 - debug - DEBUG - Batch 150 grad norm: 1.188998
2026-06-15 21:42:03,033 - debug - DEBUG - Batch 160 grad norm: 0.921299
2026-06-15 21:42:04,359 - debug - DEBUG - Batch 170 grad norm: 1.376751
2026-06-15 21:42:05,736 - debug - DEBUG - Batch 180 grad norm: 1.431993
2026-06-15 21:42:07,080 - debug - DEBUG - Batch 190 grad norm: 1.304833
2026-06-15 21:42:07,462 - debug - DEBUG - compute_metrics_and_record started for epoch 109
2026-06-15 21:42:07,462 - debug - DEBUG - all_preds length: 25000, all_targets length: 25000
2026-06-15 21:42:07,462 - debug - DEBUG - First 10 preds: [5, 0, 9, 3, 4, 4, 6, 2, 0, 0]
2026-06-15 21:42:07,462 - debug - DEBUG - First 10 targets: [5, 0, 0, 4, 4, 4, 6, 2, 0, 0]
2026-06-15 21:42:07,468 - debug - DEBUG - Unique predicted classes: 10 (first 10: [0 1 2 3 4 5 6 7 8 9])
2026-06-15 21:42:07,468 - debug - DEBUG - Unique target classes: 10 (first 10: [0 1 2 3 4 5 6 7 8 9])
2026-06-15 21:42:10,155 - debug - DEBUG - compute_metrics_and_record started for epoch 109
2026-06-15 21:42:10,155 - debug - DEBUG - all_preds length: 10000, all_targets length: 10000
2026-06-15 21:42:10,155 - debug - DEBUG - First 10 preds: [3, 8, 1, 8, 6, 6, 1, 4, 3, 1]
2026-06-15 21:42:10,156 - debug - DEBUG - First 10 targets: [3, 8, 8, 0, 6, 6, 1, 6, 3, 1]
2026-06-15 21:42:10,158 - debug - DEBUG - Unique predicted classes: 10 (first 10: [0 1 2 3 4 5 6 7 8 9])
2026-06-15 21:42:10,158 - debug - DEBUG - Unique target classes: 10 (first 10: [0 1 2 3 4 5 6 7 8 9])
2026-06-15 21:42:10,438 - debug - DEBUG - Device Check - Batch 0
2026-06-15 21:42:10,439 - debug - DEBUG -   Config GPU ID: 1
2026-06-15 21:42:10,439 - debug - DEBUG -   Input Device:  cuda:1
2026-06-15 21:42:10,439 - debug - DEBUG -   Target Device: cuda:1
2026-06-15 21:42:10,439 - debug - DEBUG -   Model Device:  cuda:1
2026-06-15 21:42:10,440 - debug - DEBUG -   Criterion Weight Device: No weights
2026-06-15 21:42:11,188 - debug - DEBUG - Batch 0 grad norm: 1.040793
2026-06-15 21:42:12,567 - debug - DEBUG - Batch 10 grad norm: 1.057493
2026-06-15 21:42:13,927 - debug - DEBUG - Batch 20 grad norm: 0.803417
2026-06-15 21:42:15,252 - debug - DEBUG - Batch 30 grad norm: 1.056117
2026-06-15 21:42:16,636 - debug - DEBUG - Batch 40 grad norm: 1.135138
2026-06-15 21:42:17,974 - debug - DEBUG - Batch 50 grad norm: 1.142447
2026-06-15 21:42:19,336 - debug - DEBUG - Batch 60 grad norm: 0.913159
2026-06-15 21:42:20,673 - debug - DEBUG - Batch 70 grad norm: 1.016491
2026-06-15 21:42:22,031 - debug - DEBUG - Batch 80 grad norm: 0.964405
2026-06-15 21:42:23,224 - debug - DEBUG - Batch 90 grad norm: 1.202412
2026-06-15 21:42:24,538 - debug - DEBUG - Batch 100 grad norm: 1.287965
2026-06-15 21:42:25,901 - debug - DEBUG - Batch 110 grad norm: 1.546215
2026-06-15 21:42:27,103 - debug - DEBUG - Batch 120 grad norm: 0.914539
2026-06-15 21:42:28,459 - debug - DEBUG - Batch 130 grad norm: 0.963756
2026-06-15 21:42:29,827 - debug - DEBUG - Batch 140 grad norm: 1.309395
2026-06-15 21:42:31,144 - debug - DEBUG - Batch 150 grad norm: 1.363389
2026-06-15 21:42:32,527 - debug - DEBUG - Batch 160 grad norm: 0.992401
2026-06-15 21:42:33,841 - debug - DEBUG - Batch 170 grad norm: 1.044784
2026-06-15 21:42:35,162 - debug - DEBUG - Batch 180 grad norm: 1.058660
2026-06-15 21:42:36,421 - debug - DEBUG - Batch 190 grad norm: 0.804617
2026-06-15 21:42:36,950 - debug - DEBUG - compute_metrics_and_record started for epoch 110
2026-06-15 21:42:36,950 - debug - DEBUG - all_preds length: 25000, all_targets length: 25000
2026-06-15 21:42:36,950 - debug - DEBUG - First 10 preds: [9, 7, 3, 4, 2, 5, 5, 5, 2, 8]
2026-06-15 21:42:36,951 - debug - DEBUG - First 10 targets: [9, 7, 3, 4, 8, 5, 5, 5, 2, 8]
2026-06-15 21:42:36,959 - debug - DEBUG - Unique predicted classes: 10 (first 10: [0 1 2 3 4 5 6 7 8 9])
2026-06-15 21:42:36,960 - debug - DEBUG - Unique target classes: 10 (first 10: [0 1 2 3 4 5 6 7 8 9])
2026-06-15 21:42:39,711 - debug - DEBUG - compute_metrics_and_record started for epoch 110
2026-06-15 21:42:39,711 - debug - DEBUG - all_preds length: 10000, all_targets length: 10000
2026-06-15 21:42:39,711 - debug - DEBUG - First 10 preds: [3, 8, 1, 0, 6, 3, 1, 6, 3, 1]
2026-06-15 21:42:39,712 - debug - DEBUG - First 10 targets: [3, 8, 8, 0, 6, 6, 1, 6, 3, 1]
2026-06-15 21:42:39,714 - debug - DEBUG - Unique predicted classes: 10 (first 10: [0 1 2 3 4 5 6 7 8 9])
2026-06-15 21:42:39,714 - debug - DEBUG - Unique target classes: 10 (first 10: [0 1 2 3 4 5 6 7 8 9])
2026-06-15 21:42:40,021 - debug - DEBUG - Device Check - Batch 0
2026-06-15 21:42:40,022 - debug - DEBUG -   Config GPU ID: 1
2026-06-15 21:42:40,022 - debug - DEBUG -   Input Device:  cuda:1
2026-06-15 21:42:40,023 - debug - DEBUG -   Target Device: cuda:1
2026-06-15 21:42:40,023 - debug - DEBUG -   Model Device:  cuda:1
2026-06-15 21:42:40,023 - debug - DEBUG -   Criterion Weight Device: No weights
2026-06-15 21:42:40,731 - debug - DEBUG - Batch 0 grad norm: 1.219297
2026-06-15 21:42:42,139 - debug - DEBUG - Batch 10 grad norm: 1.520816
2026-06-15 21:42:43,373 - debug - DEBUG - Batch 20 grad norm: 0.844466
2026-06-15 21:42:44,725 - debug - DEBUG - Batch 30 grad norm: 1.211093
2026-06-15 21:42:45,929 - debug - DEBUG - Batch 40 grad norm: 1.162252
2026-06-15 21:42:47,303 - debug - DEBUG - Batch 50 grad norm: 1.036586
2026-06-15 21:42:48,686 - debug - DEBUG - Batch 60 grad norm: 1.696711
2026-06-15 21:42:50,054 - debug - DEBUG - Batch 70 grad norm: 0.840855
2026-06-15 21:42:51,433 - debug - DEBUG - Batch 80 grad norm: 1.274560
2026-06-15 21:42:52,678 - debug - DEBUG - Batch 90 grad norm: 1.060132
2026-06-15 21:42:54,063 - debug - DEBUG - Batch 100 grad norm: 1.345428
2026-06-15 21:42:55,454 - debug - DEBUG - Batch 110 grad norm: 1.233019
2026-06-15 21:42:56,800 - debug - DEBUG - Batch 120 grad norm: 0.918477
2026-06-15 21:42:58,199 - debug - DEBUG - Batch 130 grad norm: 1.261183
2026-06-15 21:42:59,571 - debug - DEBUG - Batch 140 grad norm: 0.870474
2026-06-15 21:43:00,927 - debug - DEBUG - Batch 150 grad norm: 1.600796
2026-06-15 21:43:02,309 - debug - DEBUG - Batch 160 grad norm: 1.565637
2026-06-15 21:43:03,716 - debug - DEBUG - Batch 170 grad norm: 1.215036
2026-06-15 21:43:05,141 - debug - DEBUG - Batch 180 grad norm: 0.962425
2026-06-15 21:43:06,557 - debug - DEBUG - Batch 190 grad norm: 0.886635
2026-06-15 21:43:06,959 - debug - DEBUG - compute_metrics_and_record started for epoch 111
2026-06-15 21:43:06,959 - debug - DEBUG - all_preds length: 25000, all_targets length: 25000
2026-06-15 21:43:06,960 - debug - DEBUG - First 10 preds: [0, 7, 2, 8, 3, 7, 2, 4, 3, 7]
2026-06-15 21:43:06,960 - debug - DEBUG - First 10 targets: [0, 7, 2, 8, 3, 7, 2, 4, 3, 7]
2026-06-15 21:43:06,969 - debug - DEBUG - Unique predicted classes: 10 (first 10: [0 1 2 3 4 5 6 7 8 9])
2026-06-15 21:43:06,969 - debug - DEBUG - Unique target classes: 10 (first 10: [0 1 2 3 4 5 6 7 8 9])
2026-06-15 21:43:09,750 - debug - DEBUG - compute_metrics_and_record started for epoch 111
2026-06-15 21:43:09,751 - debug - DEBUG - all_preds length: 10000, all_targets length: 10000
2026-06-15 21:43:09,751 - debug - DEBUG - First 10 preds: [3, 8, 1, 0, 6, 5, 1, 6, 3, 1]
2026-06-15 21:43:09,751 - debug - DEBUG - First 10 targets: [3, 8, 8, 0, 6, 6, 1, 6, 3, 1]
2026-06-15 21:43:09,753 - debug - DEBUG - Unique predicted classes: 10 (first 10: [0 1 2 3 4 5 6 7 8 9])
2026-06-15 21:43:09,753 - debug - DEBUG - Unique target classes: 10 (first 10: [0 1 2 3 4 5 6 7 8 9])
2026-06-15 21:43:10,046 - debug - DEBUG - Device Check - Batch 0
2026-06-15 21:43:10,047 - debug - DEBUG -   Config GPU ID: 1
2026-06-15 21:43:10,047 - debug - DEBUG -   Input Device:  cuda:1
2026-06-15 21:43:10,047 - debug - DEBUG -   Target Device: cuda:1
2026-06-15 21:43:10,048 - debug - DEBUG -   Model Device:  cuda:1
2026-06-15 21:43:10,048 - debug - DEBUG -   Criterion Weight Device: No weights
2026-06-15 21:43:10,808 - debug - DEBUG - Batch 0 grad norm: 1.116032
2026-06-15 21:43:12,109 - debug - DEBUG - Batch 10 grad norm: 1.510000
2026-06-15 21:43:13,412 - debug - DEBUG - Batch 20 grad norm: 1.190975
2026-06-15 21:43:14,730 - debug - DEBUG - Batch 30 grad norm: 1.030041
2026-06-15 21:43:16,059 - debug - DEBUG - Batch 40 grad norm: 1.095239
2026-06-15 21:43:17,440 - debug - DEBUG - Batch 50 grad norm: 1.301427
2026-06-15 21:43:18,758 - debug - DEBUG - Batch 60 grad norm: 1.083855
2026-06-15 21:43:20,114 - debug - DEBUG - Batch 70 grad norm: 1.111555
2026-06-15 21:43:21,395 - debug - DEBUG - Batch 80 grad norm: 1.085153
2026-06-15 21:43:22,724 - debug - DEBUG - Batch 90 grad norm: 1.025583
2026-06-15 21:43:24,187 - debug - DEBUG - Batch 100 grad norm: 1.165120
2026-06-15 21:43:25,368 - debug - DEBUG - Batch 110 grad norm: 1.184279
2026-06-15 21:43:26,757 - debug - DEBUG - Batch 120 grad norm: 1.066340
2026-06-15 21:43:27,928 - debug - DEBUG - Batch 130 grad norm: 0.996588
2026-06-15 21:43:28,786 - debug - DEBUG - Batch 140 grad norm: 1.115143
2026-06-15 21:43:29,675 - debug - DEBUG - Batch 150 grad norm: 1.457378
2026-06-15 21:43:30,554 - debug - DEBUG - Batch 160 grad norm: 1.185528
2026-06-15 21:43:31,475 - debug - DEBUG - Batch 170 grad norm: 0.963283
2026-06-15 21:43:32,315 - debug - DEBUG - Batch 180 grad norm: 1.295789
2026-06-15 21:43:33,293 - debug - DEBUG - Batch 190 grad norm: 1.256643
2026-06-15 21:43:33,629 - debug - DEBUG - compute_metrics_and_record started for epoch 112
2026-06-15 21:43:33,629 - debug - DEBUG - all_preds length: 25000, all_targets length: 25000
2026-06-15 21:43:33,629 - debug - DEBUG - First 10 preds: [5, 2, 3, 4, 9, 9, 3, 4, 5, 7]
2026-06-15 21:43:33,629 - debug - DEBUG - First 10 targets: [5, 2, 3, 4, 9, 9, 3, 4, 2, 7]
2026-06-15 21:43:33,635 - debug - DEBUG - Unique predicted classes: 10 (first 10: [0 1 2 3 4 5 6 7 8 9])
2026-06-15 21:43:33,635 - debug - DEBUG - Unique target classes: 10 (first 10: [0 1 2 3 4 5 6 7 8 9])
2026-06-15 21:43:35,731 - debug - DEBUG - compute_metrics_and_record started for epoch 112
2026-06-15 21:43:35,732 - debug - DEBUG - all_preds length: 10000, all_targets length: 10000
2026-06-15 21:43:35,732 - debug - DEBUG - First 10 preds: [5, 8, 8, 8, 6, 7, 9, 6, 7, 1]
2026-06-15 21:43:35,732 - debug - DEBUG - First 10 targets: [3, 8, 8, 0, 6, 6, 1, 6, 3, 1]
2026-06-15 21:43:35,735 - debug - DEBUG - Unique predicted classes: 10 (first 10: [0 1 2 3 4 5 6 7 8 9])
2026-06-15 21:43:35,735 - debug - DEBUG - Unique target classes: 10 (first 10: [0 1 2 3 4 5 6 7 8 9])
2026-06-15 21:43:36,024 - debug - DEBUG - Device Check - Batch 0
2026-06-15 21:43:36,025 - debug - DEBUG -   Config GPU ID: 1
2026-06-15 21:43:36,026 - debug - DEBUG -   Input Device:  cuda:1
2026-06-15 21:43:36,026 - debug - DEBUG -   Target Device: cuda:1
2026-06-15 21:43:36,026 - debug - DEBUG -   Model Device:  cuda:1
2026-06-15 21:43:36,026 - debug - DEBUG -   Criterion Weight Device: No weights
2026-06-15 21:43:36,630 - debug - DEBUG - Batch 0 grad norm: 1.098663
2026-06-15 21:43:37,891 - debug - DEBUG - Batch 10 grad norm: 1.089245
2026-06-15 21:43:39,216 - debug - DEBUG - Batch 20 grad norm: 1.341610
2026-06-15 21:43:40,600 - debug - DEBUG - Batch 30 grad norm: 1.083906
2026-06-15 21:43:41,963 - debug - DEBUG - Batch 40 grad norm: 1.259867
2026-06-15 21:43:43,278 - debug - DEBUG - Batch 50 grad norm: 1.000533
2026-06-15 21:43:44,610 - debug - DEBUG - Batch 60 grad norm: 0.747481
2026-06-15 21:43:45,987 - debug - DEBUG - Batch 70 grad norm: 1.217645
2026-06-15 21:43:47,339 - debug - DEBUG - Batch 80 grad norm: 1.137888
2026-06-15 21:43:48,677 - debug - DEBUG - Batch 90 grad norm: 1.106764
2026-06-15 21:43:49,961 - debug - DEBUG - Batch 100 grad norm: 0.779817
2026-06-15 21:43:51,418 - debug - DEBUG - Batch 110 grad norm: 1.190515
2026-06-15 21:43:52,672 - debug - DEBUG - Batch 120 grad norm: 1.025102
2026-06-15 21:43:54,011 - debug - DEBUG - Batch 130 grad norm: 1.020407
2026-06-15 21:43:55,275 - debug - DEBUG - Batch 140 grad norm: 0.918469
2026-06-15 21:43:56,633 - debug - DEBUG - Batch 150 grad norm: 1.074114
2026-06-15 21:43:58,008 - debug - DEBUG - Batch 160 grad norm: 1.078822
2026-06-15 21:43:59,418 - debug - DEBUG - Batch 170 grad norm: 1.139522
2026-06-15 21:44:00,794 - debug - DEBUG - Batch 180 grad norm: 0.981560
2026-06-15 21:44:02,191 - debug - DEBUG - Batch 190 grad norm: 1.089354
2026-06-15 21:44:02,632 - debug - DEBUG - compute_metrics_and_record started for epoch 113
2026-06-15 21:44:02,632 - debug - DEBUG - all_preds length: 25000, all_targets length: 25000
2026-06-15 21:44:02,632 - debug - DEBUG - First 10 preds: [0, 4, 7, 1, 2, 2, 8, 7, 5, 7]
2026-06-15 21:44:02,632 - debug - DEBUG - First 10 targets: [0, 4, 7, 1, 2, 2, 8, 7, 5, 7]
2026-06-15 21:44:02,639 - debug - DEBUG - Unique predicted classes: 10 (first 10: [0 1 2 3 4 5 6 7 8 9])
2026-06-15 21:44:02,639 - debug - DEBUG - Unique target classes: 10 (first 10: [0 1 2 3 4 5 6 7 8 9])
2026-06-15 21:44:05,641 - debug - DEBUG - compute_metrics_and_record started for epoch 113
2026-06-15 21:44:05,642 - debug - DEBUG - all_preds length: 10000, all_targets length: 10000
2026-06-15 21:44:05,642 - debug - DEBUG - First 10 preds: [3, 8, 1, 0, 6, 6, 1, 6, 3, 1]
2026-06-15 21:44:05,642 - debug - DEBUG - First 10 targets: [3, 8, 8, 0, 6, 6, 1, 6, 3, 1]
2026-06-15 21:44:05,644 - debug - DEBUG - Unique predicted classes: 10 (first 10: [0 1 2 3 4 5 6 7 8 9])
2026-06-15 21:44:05,644 - debug - DEBUG - Unique target classes: 10 (first 10: [0 1 2 3 4 5 6 7 8 9])
2026-06-15 21:44:05,939 - debug - DEBUG - Device Check - Batch 0
2026-06-15 21:44:05,940 - debug - DEBUG -   Config GPU ID: 1
2026-06-15 21:44:05,940 - debug - DEBUG -   Input Device:  cuda:1
2026-06-15 21:44:05,940 - debug - DEBUG -   Target Device: cuda:1
2026-06-15 21:44:05,940 - debug - DEBUG -   Model Device:  cuda:1
2026-06-15 21:44:05,940 - debug - DEBUG -   Criterion Weight Device: No weights
2026-06-15 21:44:06,751 - debug - DEBUG - Batch 0 grad norm: 0.952315
2026-06-15 21:44:08,117 - debug - DEBUG - Batch 10 grad norm: 0.956384
2026-06-15 21:44:09,469 - debug - DEBUG - Batch 20 grad norm: 1.007243
2026-06-15 21:44:10,872 - debug - DEBUG - Batch 30 grad norm: 1.042968
2026-06-15 21:44:12,276 - debug - DEBUG - Batch 40 grad norm: 1.180373
2026-06-15 21:44:13,578 - debug - DEBUG - Batch 50 grad norm: 1.062388
2026-06-15 21:44:14,934 - debug - DEBUG - Batch 60 grad norm: 1.010942
2026-06-15 21:44:16,259 - debug - DEBUG - Batch 70 grad norm: 1.244472
2026-06-15 21:44:17,591 - debug - DEBUG - Batch 80 grad norm: 1.087235
2026-06-15 21:44:18,833 - debug - DEBUG - Batch 90 grad norm: 1.175673
2026-06-15 21:44:20,253 - debug - DEBUG - Batch 100 grad norm: 0.782228
2026-06-15 21:44:21,636 - debug - DEBUG - Batch 110 grad norm: 1.566180
2026-06-15 21:44:22,919 - debug - DEBUG - Batch 120 grad norm: 1.296622
2026-06-15 21:44:24,278 - debug - DEBUG - Batch 130 grad norm: 1.201154
2026-06-15 21:44:25,710 - debug - DEBUG - Batch 140 grad norm: 1.378240
2026-06-15 21:44:27,104 - debug - DEBUG - Batch 150 grad norm: 1.429686
2026-06-15 21:44:28,542 - debug - DEBUG - Batch 160 grad norm: 0.977340
2026-06-15 21:44:29,896 - debug - DEBUG - Batch 170 grad norm: 1.213558
2026-06-15 21:44:31,277 - debug - DEBUG - Batch 180 grad norm: 1.274537
2026-06-15 21:44:32,593 - debug - DEBUG - Batch 190 grad norm: 0.916603
2026-06-15 21:44:33,009 - debug - DEBUG - compute_metrics_and_record started for epoch 114
2026-06-15 21:44:33,009 - debug - DEBUG - all_preds length: 25000, all_targets length: 25000
2026-06-15 21:44:33,010 - debug - DEBUG - First 10 preds: [2, 5, 4, 2, 8, 6, 0, 1, 5, 7]
2026-06-15 21:44:33,010 - debug - DEBUG - First 10 targets: [2, 5, 4, 2, 8, 6, 0, 1, 5, 7]
2026-06-15 21:44:33,019 - debug - DEBUG - Unique predicted classes: 10 (first 10: [0 1 2 3 4 5 6 7 8 9])
2026-06-15 21:44:33,019 - debug - DEBUG - Unique target classes: 10 (first 10: [0 1 2 3 4 5 6 7 8 9])
2026-06-15 21:44:35,896 - debug - DEBUG - compute_metrics_and_record started for epoch 114
2026-06-15 21:44:35,897 - debug - DEBUG - all_preds length: 10000, all_targets length: 10000
2026-06-15 21:44:35,897 - debug - DEBUG - First 10 preds: [3, 1, 1, 0, 6, 6, 1, 6, 3, 1]
2026-06-15 21:44:35,897 - debug - DEBUG - First 10 targets: [3, 8, 8, 0, 6, 6, 1, 6, 3, 1]
2026-06-15 21:44:35,899 - debug - DEBUG - Unique predicted classes: 10 (first 10: [0 1 2 3 4 5 6 7 8 9])
2026-06-15 21:44:35,899 - debug - DEBUG - Unique target classes: 10 (first 10: [0 1 2 3 4 5 6 7 8 9])
2026-06-15 21:44:36,191 - debug - DEBUG - Device Check - Batch 0
2026-06-15 21:44:36,192 - debug - DEBUG -   Config GPU ID: 1
2026-06-15 21:44:36,192 - debug - DEBUG -   Input Device:  cuda:1
2026-06-15 21:44:36,192 - debug - DEBUG -   Target Device: cuda:1
2026-06-15 21:44:36,192 - debug - DEBUG -   Model Device:  cuda:1
2026-06-15 21:44:36,192 - debug - DEBUG -   Criterion Weight Device: No weights
2026-06-15 21:44:36,947 - debug - DEBUG - Batch 0 grad norm: 1.065540
2026-06-15 21:44:38,360 - debug - DEBUG - Batch 10 grad norm: 1.111372
2026-06-15 21:44:39,736 - debug - DEBUG - Batch 20 grad norm: 1.151412
2026-06-15 21:44:41,124 - debug - DEBUG - Batch 30 grad norm: 1.397164
2026-06-15 21:44:42,408 - debug - DEBUG - Batch 40 grad norm: 1.222253
2026-06-15 21:44:43,902 - debug - DEBUG - Batch 50 grad norm: 1.221053
2026-06-15 21:44:45,199 - debug - DEBUG - Batch 60 grad norm: 1.235284
2026-06-15 21:44:46,598 - debug - DEBUG - Batch 70 grad norm: 1.003727
2026-06-15 21:44:47,955 - debug - DEBUG - Batch 80 grad norm: 0.983538
2026-06-15 21:44:49,185 - debug - DEBUG - Batch 90 grad norm: 0.949746
2026-06-15 21:44:50,688 - debug - DEBUG - Batch 100 grad norm: 1.366052
2026-06-15 21:44:51,984 - debug - DEBUG - Batch 110 grad norm: 1.073145
2026-06-15 21:44:53,339 - debug - DEBUG - Batch 120 grad norm: 1.086050
2026-06-15 21:44:54,709 - debug - DEBUG - Batch 130 grad norm: 0.955092
2026-06-15 21:44:56,094 - debug - DEBUG - Batch 140 grad norm: 1.076820
2026-06-15 21:44:57,428 - debug - DEBUG - Batch 150 grad norm: 0.711315
2026-06-15 21:44:58,792 - debug - DEBUG - Batch 160 grad norm: 1.156659
2026-06-15 21:45:00,199 - debug - DEBUG - Batch 170 grad norm: 1.052859
2026-06-15 21:45:01,555 - debug - DEBUG - Batch 180 grad norm: 1.206999
2026-06-15 21:45:02,925 - debug - DEBUG - Batch 190 grad norm: 0.947802
2026-06-15 21:45:03,357 - debug - DEBUG - compute_metrics_and_record started for epoch 115
2026-06-15 21:45:03,357 - debug - DEBUG - all_preds length: 25000, all_targets length: 25000
2026-06-15 21:45:03,358 - debug - DEBUG - First 10 preds: [9, 6, 1, 1, 7, 6, 8, 6, 9, 7]
2026-06-15 21:45:03,358 - debug - DEBUG - First 10 targets: [9, 6, 1, 1, 7, 6, 8, 6, 9, 7]
2026-06-15 21:45:03,367 - debug - DEBUG - Unique predicted classes: 10 (first 10: [0 1 2 3 4 5 6 7 8 9])
2026-06-15 21:45:03,367 - debug - DEBUG - Unique target classes: 10 (first 10: [0 1 2 3 4 5 6 7 8 9])
2026-06-15 21:45:06,105 - debug - DEBUG - compute_metrics_and_record started for epoch 115
2026-06-15 21:45:06,106 - debug - DEBUG - all_preds length: 10000, all_targets length: 10000
2026-06-15 21:45:06,106 - debug - DEBUG - First 10 preds: [3, 1, 8, 0, 6, 6, 1, 6, 3, 1]
2026-06-15 21:45:06,106 - debug - DEBUG - First 10 targets: [3, 8, 8, 0, 6, 6, 1, 6, 3, 1]
2026-06-15 21:45:06,109 - debug - DEBUG - Unique predicted classes: 10 (first 10: [0 1 2 3 4 5 6 7 8 9])
2026-06-15 21:45:06,109 - debug - DEBUG - Unique target classes: 10 (first 10: [0 1 2 3 4 5 6 7 8 9])
2026-06-15 21:45:06,416 - debug - DEBUG - Device Check - Batch 0
2026-06-15 21:45:06,417 - debug - DEBUG -   Config GPU ID: 1
2026-06-15 21:45:06,417 - debug - DEBUG -   Input Device:  cuda:1
2026-06-15 21:45:06,417 - debug - DEBUG -   Target Device: cuda:1
2026-06-15 21:45:06,417 - debug - DEBUG -   Model Device:  cuda:1
2026-06-15 21:45:06,418 - debug - DEBUG -   Criterion Weight Device: No weights
2026-06-15 21:45:07,100 - debug - DEBUG - Batch 0 grad norm: 0.886495
2026-06-15 21:45:08,452 - debug - DEBUG - Batch 10 grad norm: 1.069386
2026-06-15 21:45:09,799 - debug - DEBUG - Batch 20 grad norm: 0.917130
2026-06-15 21:45:11,261 - debug - DEBUG - Batch 30 grad norm: 1.683453
2026-06-15 21:45:12,711 - debug - DEBUG - Batch 40 grad norm: 1.214263
2026-06-15 21:45:14,164 - debug - DEBUG - Batch 50 grad norm: 1.018870
2026-06-15 21:45:15,619 - debug - DEBUG - Batch 60 grad norm: 1.347172
2026-06-15 21:45:17,071 - debug - DEBUG - Batch 70 grad norm: 0.914218
2026-06-15 21:45:18,548 - debug - DEBUG - Batch 80 grad norm: 0.920490
2026-06-15 21:45:19,937 - debug - DEBUG - Batch 90 grad norm: 0.760885
2026-06-15 21:45:21,475 - debug - DEBUG - Batch 100 grad norm: 1.130273
2026-06-15 21:45:22,892 - debug - DEBUG - Batch 110 grad norm: 1.036805
2026-06-15 21:45:24,377 - debug - DEBUG - Batch 120 grad norm: 1.325859
2026-06-15 21:45:25,808 - debug - DEBUG - Batch 130 grad norm: 1.243719
2026-06-15 21:45:27,351 - debug - DEBUG - Batch 140 grad norm: 0.991274
2026-06-15 21:45:28,326 - debug - DEBUG - Batch 150 grad norm: 1.086306
2026-06-15 21:45:29,619 - debug - DEBUG - Batch 160 grad norm: 1.281063
2026-06-15 21:45:30,973 - debug - DEBUG - Batch 170 grad norm: 1.095966
2026-06-15 21:45:32,362 - debug - DEBUG - Batch 180 grad norm: 1.202345
2026-06-15 21:45:33,763 - debug - DEBUG - Batch 190 grad norm: 1.151035
2026-06-15 21:45:34,052 - debug - DEBUG - compute_metrics_and_record started for epoch 116
2026-06-15 21:45:34,053 - debug - DEBUG - all_preds length: 25000, all_targets length: 25000
2026-06-15 21:45:34,053 - debug - DEBUG - First 10 preds: [4, 8, 6, 3, 3, 5, 4, 3, 6, 6]
2026-06-15 21:45:34,053 - debug - DEBUG - First 10 targets: [4, 8, 6, 3, 3, 5, 4, 3, 6, 6]
2026-06-15 21:45:34,063 - debug - DEBUG - Unique predicted classes: 10 (first 10: [0 1 2 3 4 5 6 7 8 9])
2026-06-15 21:45:34,063 - debug - DEBUG - Unique target classes: 10 (first 10: [0 1 2 3 4 5 6 7 8 9])
2026-06-15 21:45:36,920 - debug - DEBUG - compute_metrics_and_record started for epoch 116
2026-06-15 21:45:36,921 - debug - DEBUG - all_preds length: 10000, all_targets length: 10000
2026-06-15 21:45:36,921 - debug - DEBUG - First 10 preds: [3, 8, 1, 0, 6, 3, 1, 6, 3, 1]
2026-06-15 21:45:36,921 - debug - DEBUG - First 10 targets: [3, 8, 8, 0, 6, 6, 1, 6, 3, 1]
2026-06-15 21:45:36,923 - debug - DEBUG - Unique predicted classes: 10 (first 10: [0 1 2 3 4 5 6 7 8 9])
2026-06-15 21:45:36,923 - debug - DEBUG - Unique target classes: 10 (first 10: [0 1 2 3 4 5 6 7 8 9])
2026-06-15 21:45:37,211 - debug - DEBUG - Device Check - Batch 0
2026-06-15 21:45:37,211 - debug - DEBUG -   Config GPU ID: 1
2026-06-15 21:45:37,212 - debug - DEBUG -   Input Device:  cuda:1
2026-06-15 21:45:37,212 - debug - DEBUG -   Target Device: cuda:1
2026-06-15 21:45:37,212 - debug - DEBUG -   Model Device:  cuda:1
2026-06-15 21:45:37,212 - debug - DEBUG -   Criterion Weight Device: No weights
2026-06-15 21:45:37,912 - debug - DEBUG - Batch 0 grad norm: 1.125329
2026-06-15 21:45:39,301 - debug - DEBUG - Batch 10 grad norm: 0.945325
2026-06-15 21:45:40,671 - debug - DEBUG - Batch 20 grad norm: 0.813120
2026-06-15 21:45:42,104 - debug - DEBUG - Batch 30 grad norm: 0.840169
2026-06-15 21:45:43,461 - debug - DEBUG - Batch 40 grad norm: 1.103833
2026-06-15 21:45:44,808 - debug - DEBUG - Batch 50 grad norm: 0.882196
2026-06-15 21:45:46,134 - debug - DEBUG - Batch 60 grad norm: 0.997811
2026-06-15 21:45:47,441 - debug - DEBUG - Batch 70 grad norm: 1.318202
2026-06-15 21:45:48,796 - debug - DEBUG - Batch 80 grad norm: 1.487914
2026-06-15 21:45:50,079 - debug - DEBUG - Batch 90 grad norm: 1.104086
2026-06-15 21:45:51,517 - debug - DEBUG - Batch 100 grad norm: 0.831257
2026-06-15 21:45:52,820 - debug - DEBUG - Batch 110 grad norm: 1.141533
2026-06-15 21:45:54,203 - debug - DEBUG - Batch 120 grad norm: 1.024569
2026-06-15 21:45:55,581 - debug - DEBUG - Batch 130 grad norm: 1.077699
2026-06-15 21:45:56,958 - debug - DEBUG - Batch 140 grad norm: 0.911275
2026-06-15 21:45:58,365 - debug - DEBUG - Batch 150 grad norm: 1.139081
2026-06-15 21:45:59,727 - debug - DEBUG - Batch 160 grad norm: 1.046469
2026-06-15 21:46:01,112 - debug - DEBUG - Batch 170 grad norm: 1.041769
2026-06-15 21:46:02,491 - debug - DEBUG - Batch 180 grad norm: 1.248544
2026-06-15 21:46:03,857 - debug - DEBUG - Batch 190 grad norm: 0.944970
2026-06-15 21:46:04,230 - debug - DEBUG - compute_metrics_and_record started for epoch 117
2026-06-15 21:46:04,231 - debug - DEBUG - all_preds length: 25000, all_targets length: 25000
2026-06-15 21:46:04,231 - debug - DEBUG - First 10 preds: [5, 3, 9, 8, 6, 3, 1, 3, 7, 5]
2026-06-15 21:46:04,231 - debug - DEBUG - First 10 targets: [3, 3, 9, 0, 6, 3, 1, 3, 7, 5]
2026-06-15 21:46:04,244 - debug - DEBUG - Unique predicted classes: 10 (first 10: [0 1 2 3 4 5 6 7 8 9])
2026-06-15 21:46:04,245 - debug - DEBUG - Unique target classes: 10 (first 10: [0 1 2 3 4 5 6 7 8 9])
2026-06-15 21:46:07,073 - debug - DEBUG - compute_metrics_and_record started for epoch 117
2026-06-15 21:46:07,073 - debug - DEBUG - all_preds length: 10000, all_targets length: 10000
2026-06-15 21:46:07,074 - debug - DEBUG - First 10 preds: [3, 1, 8, 0, 6, 6, 1, 6, 3, 1]
2026-06-15 21:46:07,074 - debug - DEBUG - First 10 targets: [3, 8, 8, 0, 6, 6, 1, 6, 3, 1]
2026-06-15 21:46:07,076 - debug - DEBUG - Unique predicted classes: 10 (first 10: [0 1 2 3 4 5 6 7 8 9])
2026-06-15 21:46:07,076 - debug - DEBUG - Unique target classes: 10 (first 10: [0 1 2 3 4 5 6 7 8 9])
2026-06-15 21:46:07,365 - debug - DEBUG - Device Check - Batch 0
2026-06-15 21:46:07,365 - debug - DEBUG -   Config GPU ID: 1
2026-06-15 21:46:07,365 - debug - DEBUG -   Input Device:  cuda:1
2026-06-15 21:46:07,366 - debug - DEBUG -   Target Device: cuda:1
2026-06-15 21:46:07,366 - debug - DEBUG -   Model Device:  cuda:1
2026-06-15 21:46:07,366 - debug - DEBUG -   Criterion Weight Device: No weights
2026-06-15 21:46:08,035 - debug - DEBUG - Batch 0 grad norm: 0.805235
2026-06-15 21:46:09,491 - debug - DEBUG - Batch 10 grad norm: 1.190611
2026-06-15 21:46:10,712 - debug - DEBUG - Batch 20 grad norm: 0.916809
2026-06-15 21:46:12,121 - debug - DEBUG - Batch 30 grad norm: 1.065942
2026-06-15 21:46:13,451 - debug - DEBUG - Batch 40 grad norm: 0.887977
2026-06-15 21:46:14,868 - debug - DEBUG - Batch 50 grad norm: 1.167103
2026-06-15 21:46:16,233 - debug - DEBUG - Batch 60 grad norm: 1.095188
2026-06-15 21:46:17,517 - debug - DEBUG - Batch 70 grad norm: 1.150317
2026-06-15 21:46:18,880 - debug - DEBUG - Batch 80 grad norm: 1.132040
2026-06-15 21:46:20,065 - debug - DEBUG - Batch 90 grad norm: 0.593947
2026-06-15 21:46:21,557 - debug - DEBUG - Batch 100 grad norm: 1.060369
2026-06-15 21:46:22,905 - debug - DEBUG - Batch 110 grad norm: 1.616654
2026-06-15 21:46:24,195 - debug - DEBUG - Batch 120 grad norm: 0.739608
2026-06-15 21:46:25,581 - debug - DEBUG - Batch 130 grad norm: 0.832992
2026-06-15 21:46:26,967 - debug - DEBUG - Batch 140 grad norm: 1.164553
2026-06-15 21:46:28,366 - debug - DEBUG - Batch 150 grad norm: 1.227100
2026-06-15 21:46:29,720 - debug - DEBUG - Batch 160 grad norm: 0.892264
2026-06-15 21:46:31,103 - debug - DEBUG - Batch 170 grad norm: 1.013883
2026-06-15 21:46:32,522 - debug - DEBUG - Batch 180 grad norm: 1.192165
2026-06-15 21:46:33,860 - debug - DEBUG - Batch 190 grad norm: 1.378517
2026-06-15 21:46:34,290 - debug - DEBUG - compute_metrics_and_record started for epoch 118
2026-06-15 21:46:34,291 - debug - DEBUG - all_preds length: 25000, all_targets length: 25000
2026-06-15 21:46:34,291 - debug - DEBUG - First 10 preds: [7, 9, 8, 7, 7, 4, 9, 4, 4, 6]
2026-06-15 21:46:34,291 - debug - DEBUG - First 10 targets: [7, 9, 8, 7, 7, 4, 9, 4, 4, 6]
2026-06-15 21:46:34,297 - debug - DEBUG - Unique predicted classes: 10 (first 10: [0 1 2 3 4 5 6 7 8 9])
2026-06-15 21:46:34,298 - debug - DEBUG - Unique target classes: 10 (first 10: [0 1 2 3 4 5 6 7 8 9])
2026-06-15 21:46:37,229 - debug - DEBUG - compute_metrics_and_record started for epoch 118
2026-06-15 21:46:37,229 - debug - DEBUG - all_preds length: 10000, all_targets length: 10000
2026-06-15 21:46:37,229 - debug - DEBUG - First 10 preds: [3, 8, 8, 0, 6, 6, 1, 6, 3, 1]
2026-06-15 21:46:37,229 - debug - DEBUG - First 10 targets: [3, 8, 8, 0, 6, 6, 1, 6, 3, 1]
2026-06-15 21:46:37,232 - debug - DEBUG - Unique predicted classes: 10 (first 10: [0 1 2 3 4 5 6 7 8 9])
2026-06-15 21:46:37,232 - debug - DEBUG - Unique target classes: 10 (first 10: [0 1 2 3 4 5 6 7 8 9])
2026-06-15 21:46:37,473 - debug - DEBUG - Device Check - Batch 0
2026-06-15 21:46:37,474 - debug - DEBUG -   Config GPU ID: 1
2026-06-15 21:46:37,474 - debug - DEBUG -   Input Device:  cuda:1
2026-06-15 21:46:37,474 - debug - DEBUG -   Target Device: cuda:1
2026-06-15 21:46:37,474 - debug - DEBUG -   Model Device:  cuda:1
2026-06-15 21:46:37,474 - debug - DEBUG -   Criterion Weight Device: No weights
2026-06-15 21:46:38,180 - debug - DEBUG - Batch 0 grad norm: 0.944429
2026-06-15 21:46:39,510 - debug - DEBUG - Batch 10 grad norm: 1.108668
2026-06-15 21:46:40,783 - debug - DEBUG - Batch 20 grad norm: 1.423811
2026-06-15 21:46:42,152 - debug - DEBUG - Batch 30 grad norm: 0.901126
2026-06-15 21:46:43,525 - debug - DEBUG - Batch 40 grad norm: 1.105017
2026-06-15 21:46:44,865 - debug - DEBUG - Batch 50 grad norm: 0.855923
2026-06-15 21:46:46,270 - debug - DEBUG - Batch 60 grad norm: 1.365290
2026-06-15 21:46:47,643 - debug - DEBUG - Batch 70 grad norm: 0.941118
2026-06-15 21:46:48,957 - debug - DEBUG - Batch 80 grad norm: 1.382920
2026-06-15 21:46:50,158 - debug - DEBUG - Batch 90 grad norm: 1.068497
2026-06-15 21:46:51,694 - debug - DEBUG - Batch 100 grad norm: 1.499978
2026-06-15 21:46:52,858 - debug - DEBUG - Batch 110 grad norm: 1.104679
2026-06-15 21:46:54,238 - debug - DEBUG - Batch 120 grad norm: 1.361108
2026-06-15 21:46:55,621 - debug - DEBUG - Batch 130 grad norm: 1.273943
2026-06-15 21:46:56,911 - debug - DEBUG - Batch 140 grad norm: 1.323638
2026-06-15 21:46:58,238 - debug - DEBUG - Batch 150 grad norm: 1.214900
2026-06-15 21:46:59,616 - debug - DEBUG - Batch 160 grad norm: 1.466555
2026-06-15 21:47:00,987 - debug - DEBUG - Batch 170 grad norm: 1.134053
2026-06-15 21:47:02,400 - debug - DEBUG - Batch 180 grad norm: 1.304459
2026-06-15 21:47:03,785 - debug - DEBUG - Batch 190 grad norm: 0.774052
2026-06-15 21:47:04,156 - debug - DEBUG - compute_metrics_and_record started for epoch 119
2026-06-15 21:47:04,156 - debug - DEBUG - all_preds length: 25000, all_targets length: 25000
2026-06-15 21:47:04,156 - debug - DEBUG - First 10 preds: [2, 5, 0, 5, 0, 0, 4, 4, 3, 2]
2026-06-15 21:47:04,156 - debug - DEBUG - First 10 targets: [2, 5, 0, 5, 0, 0, 4, 4, 3, 2]
2026-06-15 21:47:04,162 - debug - DEBUG - Unique predicted classes: 10 (first 10: [0 1 2 3 4 5 6 7 8 9])
2026-06-15 21:47:04,162 - debug - DEBUG - Unique target classes: 10 (first 10: [0 1 2 3 4 5 6 7 8 9])
2026-06-15 21:47:06,940 - debug - DEBUG - compute_metrics_and_record started for epoch 119
2026-06-15 21:47:06,941 - debug - DEBUG - all_preds length: 10000, all_targets length: 10000
2026-06-15 21:47:06,941 - debug - DEBUG - First 10 preds: [3, 1, 8, 8, 6, 6, 1, 6, 3, 1]
2026-06-15 21:47:06,941 - debug - DEBUG - First 10 targets: [3, 8, 8, 0, 6, 6, 1, 6, 3, 1]
2026-06-15 21:47:06,943 - debug - DEBUG - Unique predicted classes: 10 (first 10: [0 1 2 3 4 5 6 7 8 9])
2026-06-15 21:47:06,943 - debug - DEBUG - Unique target classes: 10 (first 10: [0 1 2 3 4 5 6 7 8 9])
2026-06-15 21:47:07,191 - debug - DEBUG - Device Check - Batch 0
2026-06-15 21:47:07,191 - debug - DEBUG -   Config GPU ID: 1
2026-06-15 21:47:07,192 - debug - DEBUG -   Input Device:  cuda:1
2026-06-15 21:47:07,192 - debug - DEBUG -   Target Device: cuda:1
2026-06-15 21:47:07,192 - debug - DEBUG -   Model Device:  cuda:1
2026-06-15 21:47:07,192 - debug - DEBUG -   Criterion Weight Device: No weights
2026-06-15 21:47:07,962 - debug - DEBUG - Batch 0 grad norm: 0.963238
2026-06-15 21:47:09,296 - debug - DEBUG - Batch 10 grad norm: 1.210223
2026-06-15 21:47:10,717 - debug - DEBUG - Batch 20 grad norm: 1.109622
2026-06-15 21:47:12,071 - debug - DEBUG - Batch 30 grad norm: 1.133329
2026-06-15 21:47:13,501 - debug - DEBUG - Batch 40 grad norm: 0.834318
2026-06-15 21:47:14,909 - debug - DEBUG - Batch 50 grad norm: 1.208584
2026-06-15 21:47:16,296 - debug - DEBUG - Batch 60 grad norm: 0.931980
2026-06-15 21:47:17,679 - debug - DEBUG - Batch 70 grad norm: 1.118149
2026-06-15 21:47:19,052 - debug - DEBUG - Batch 80 grad norm: 1.045182
2026-06-15 21:47:20,302 - debug - DEBUG - Batch 90 grad norm: 0.943324
2026-06-15 21:47:21,738 - debug - DEBUG - Batch 100 grad norm: 1.000309
2026-06-15 21:47:23,072 - debug - DEBUG - Batch 110 grad norm: 1.126499
2026-06-15 21:47:24,407 - debug - DEBUG - Batch 120 grad norm: 0.910490
2026-06-15 21:47:25,757 - debug - DEBUG - Batch 130 grad norm: 1.097055
2026-06-15 21:47:27,015 - debug - DEBUG - Batch 140 grad norm: 0.964791
2026-06-15 21:47:28,397 - debug - DEBUG - Batch 150 grad norm: 1.122540
2026-06-15 21:47:29,813 - debug - DEBUG - Batch 160 grad norm: 0.874992
2026-06-15 21:47:31,186 - debug - DEBUG - Batch 170 grad norm: 1.400988
2026-06-15 21:47:32,519 - debug - DEBUG - Batch 180 grad norm: 1.149263
2026-06-15 21:47:33,976 - debug - DEBUG - Batch 190 grad norm: 1.385222
2026-06-15 21:47:34,342 - debug - DEBUG - compute_metrics_and_record started for epoch 120
2026-06-15 21:47:34,342 - debug - DEBUG - all_preds length: 25000, all_targets length: 25000
2026-06-15 21:47:34,342 - debug - DEBUG - First 10 preds: [3, 9, 5, 5, 6, 1, 1, 9, 4, 2]
2026-06-15 21:47:34,342 - debug - DEBUG - First 10 targets: [3, 9, 5, 5, 6, 1, 1, 9, 4, 2]
2026-06-15 21:47:34,349 - debug - DEBUG - Unique predicted classes: 10 (first 10: [0 1 2 3 4 5 6 7 8 9])
2026-06-15 21:47:34,350 - debug - DEBUG - Unique target classes: 10 (first 10: [0 1 2 3 4 5 6 7 8 9])
2026-06-15 21:47:37,090 - debug - DEBUG - compute_metrics_and_record started for epoch 120
2026-06-15 21:47:37,091 - debug - DEBUG - all_preds length: 10000, all_targets length: 10000
2026-06-15 21:47:37,091 - debug - DEBUG - First 10 preds: [3, 1, 1, 0, 6, 5, 9, 6, 3, 1]
2026-06-15 21:47:37,091 - debug - DEBUG - First 10 targets: [3, 8, 8, 0, 6, 6, 1, 6, 3, 1]
2026-06-15 21:47:37,094 - debug - DEBUG - Unique predicted classes: 10 (first 10: [0 1 2 3 4 5 6 7 8 9])
2026-06-15 21:47:37,094 - debug - DEBUG - Unique target classes: 10 (first 10: [0 1 2 3 4 5 6 7 8 9])
2026-06-15 21:47:37,345 - debug - DEBUG - Device Check - Batch 0
2026-06-15 21:47:37,346 - debug - DEBUG -   Config GPU ID: 1
2026-06-15 21:47:37,347 - debug - DEBUG -   Input Device:  cuda:1
2026-06-15 21:47:37,347 - debug - DEBUG -   Target Device: cuda:1
2026-06-15 21:47:37,347 - debug - DEBUG -   Model Device:  cuda:1
2026-06-15 21:47:37,347 - debug - DEBUG -   Criterion Weight Device: No weights
2026-06-15 21:47:38,010 - debug - DEBUG - Batch 0 grad norm: 1.335269
2026-06-15 21:47:39,370 - debug - DEBUG - Batch 10 grad norm: 1.440533
2026-06-15 21:47:40,668 - debug - DEBUG - Batch 20 grad norm: 1.463801
2026-06-15 21:47:42,033 - debug - DEBUG - Batch 30 grad norm: 1.187984
2026-06-15 21:47:43,427 - debug - DEBUG - Batch 40 grad norm: 0.930356
2026-06-15 21:47:44,817 - debug - DEBUG - Batch 50 grad norm: 1.048853
2026-06-15 21:47:46,158 - debug - DEBUG - Batch 60 grad norm: 0.902149
2026-06-15 21:47:47,559 - debug - DEBUG - Batch 70 grad norm: 0.928119
2026-06-15 21:47:48,854 - debug - DEBUG - Batch 80 grad norm: 0.911769
2026-06-15 21:47:50,128 - debug - DEBUG - Batch 90 grad norm: 1.137969
2026-06-15 21:47:51,508 - debug - DEBUG - Batch 100 grad norm: 1.274497
2026-06-15 21:47:52,822 - debug - DEBUG - Batch 110 grad norm: 1.325300
2026-06-15 21:47:54,195 - debug - DEBUG - Batch 120 grad norm: 1.079329
2026-06-15 21:47:55,550 - debug - DEBUG - Batch 130 grad norm: 1.167860
2026-06-15 21:47:56,901 - debug - DEBUG - Batch 140 grad norm: 1.252585
2026-06-15 21:47:58,241 - debug - DEBUG - Batch 150 grad norm: 1.317276
2026-06-15 21:47:59,505 - debug - DEBUG - Batch 160 grad norm: 1.137530
2026-06-15 21:48:00,833 - debug - DEBUG - Batch 170 grad norm: 1.162530
2026-06-15 21:48:02,217 - debug - DEBUG - Batch 180 grad norm: 1.127455
2026-06-15 21:48:03,592 - debug - DEBUG - Batch 190 grad norm: 1.220437
2026-06-15 21:48:04,043 - debug - DEBUG - compute_metrics_and_record started for epoch 121
2026-06-15 21:48:04,044 - debug - DEBUG - all_preds length: 25000, all_targets length: 25000
2026-06-15 21:48:04,044 - debug - DEBUG - First 10 preds: [1, 9, 3, 7, 2, 5, 1, 6, 6, 5]
2026-06-15 21:48:04,044 - debug - DEBUG - First 10 targets: [9, 9, 3, 7, 2, 5, 1, 6, 6, 5]
2026-06-15 21:48:04,050 - debug - DEBUG - Unique predicted classes: 10 (first 10: [0 1 2 3 4 5 6 7 8 9])
2026-06-15 21:48:04,050 - debug - DEBUG - Unique target classes: 10 (first 10: [0 1 2 3 4 5 6 7 8 9])
2026-06-15 21:48:06,742 - debug - DEBUG - compute_metrics_and_record started for epoch 121
2026-06-15 21:48:06,743 - debug - DEBUG - all_preds length: 10000, all_targets length: 10000
2026-06-15 21:48:06,743 - debug - DEBUG - First 10 preds: [3, 8, 0, 8, 6, 6, 1, 6, 3, 1]
2026-06-15 21:48:06,743 - debug - DEBUG - First 10 targets: [3, 8, 8, 0, 6, 6, 1, 6, 3, 1]
2026-06-15 21:48:06,746 - debug - DEBUG - Unique predicted classes: 10 (first 10: [0 1 2 3 4 5 6 7 8 9])
2026-06-15 21:48:06,746 - debug - DEBUG - Unique target classes: 10 (first 10: [0 1 2 3 4 5 6 7 8 9])
2026-06-15 21:48:07,006 - debug - DEBUG - Device Check - Batch 0
2026-06-15 21:48:07,006 - debug - DEBUG -   Config GPU ID: 1
2026-06-15 21:48:07,007 - debug - DEBUG -   Input Device:  cuda:1
2026-06-15 21:48:07,007 - debug - DEBUG -   Target Device: cuda:1
2026-06-15 21:48:07,007 - debug - DEBUG -   Model Device:  cuda:1
2026-06-15 21:48:07,007 - debug - DEBUG -   Criterion Weight Device: No weights
2026-06-15 21:48:07,680 - debug - DEBUG - Batch 0 grad norm: 1.051352
2026-06-15 21:48:09,061 - debug - DEBUG - Batch 10 grad norm: 0.974131
2026-06-15 21:48:10,476 - debug - DEBUG - Batch 20 grad norm: 1.173226
2026-06-15 21:48:11,869 - debug - DEBUG - Batch 30 grad norm: 0.957869
2026-06-15 21:48:13,202 - debug - DEBUG - Batch 40 grad norm: 1.238659
2026-06-15 21:48:14,449 - debug - DEBUG - Batch 50 grad norm: 1.321441
2026-06-15 21:48:15,878 - debug - DEBUG - Batch 60 grad norm: 1.066126
2026-06-15 21:48:17,117 - debug - DEBUG - Batch 70 grad norm: 1.256384
2026-06-15 21:48:18,523 - debug - DEBUG - Batch 80 grad norm: 1.269806
2026-06-15 21:48:19,887 - debug - DEBUG - Batch 90 grad norm: 0.939908
2026-06-15 21:48:21,323 - debug - DEBUG - Batch 100 grad norm: 1.301856
2026-06-15 21:48:22,676 - debug - DEBUG - Batch 110 grad norm: 1.490485
2026-06-15 21:48:24,042 - debug - DEBUG - Batch 120 grad norm: 1.148157
2026-06-15 21:48:25,448 - debug - DEBUG - Batch 130 grad norm: 0.892823
2026-06-15 21:48:26,742 - debug - DEBUG - Batch 140 grad norm: 1.327651
2026-06-15 21:48:28,110 - debug - DEBUG - Batch 150 grad norm: 1.239441
2026-06-15 21:48:29,493 - debug - DEBUG - Batch 160 grad norm: 1.588440
2026-06-15 21:48:30,816 - debug - DEBUG - Batch 170 grad norm: 1.285006
2026-06-15 21:48:32,225 - debug - DEBUG - Batch 180 grad norm: 1.412276
2026-06-15 21:48:33,514 - debug - DEBUG - Batch 190 grad norm: 1.009826
2026-06-15 21:48:33,969 - debug - DEBUG - compute_metrics_and_record started for epoch 122
2026-06-15 21:48:33,969 - debug - DEBUG - all_preds length: 25000, all_targets length: 25000
2026-06-15 21:48:33,969 - debug - DEBUG - First 10 preds: [7, 0, 0, 2, 6, 7, 0, 0, 0, 3]
2026-06-15 21:48:33,969 - debug - DEBUG - First 10 targets: [7, 0, 0, 2, 6, 7, 0, 0, 0, 3]
2026-06-15 21:48:33,975 - debug - DEBUG - Unique predicted classes: 10 (first 10: [0 1 2 3 4 5 6 7 8 9])
2026-06-15 21:48:33,975 - debug - DEBUG - Unique target classes: 10 (first 10: [0 1 2 3 4 5 6 7 8 9])
2026-06-15 21:48:36,728 - debug - DEBUG - compute_metrics_and_record started for epoch 122
2026-06-15 21:48:36,728 - debug - DEBUG - all_preds length: 10000, all_targets length: 10000
2026-06-15 21:48:36,728 - debug - DEBUG - First 10 preds: [3, 8, 8, 0, 6, 6, 1, 6, 3, 1]
2026-06-15 21:48:36,728 - debug - DEBUG - First 10 targets: [3, 8, 8, 0, 6, 6, 1, 6, 3, 1]
2026-06-15 21:48:36,730 - debug - DEBUG - Unique predicted classes: 10 (first 10: [0 1 2 3 4 5 6 7 8 9])
2026-06-15 21:48:36,731 - debug - DEBUG - Unique target classes: 10 (first 10: [0 1 2 3 4 5 6 7 8 9])
2026-06-15 21:48:36,983 - debug - DEBUG - Device Check - Batch 0
2026-06-15 21:48:36,984 - debug - DEBUG -   Config GPU ID: 1
2026-06-15 21:48:36,984 - debug - DEBUG -   Input Device:  cuda:1
2026-06-15 21:48:36,984 - debug - DEBUG -   Target Device: cuda:1
2026-06-15 21:48:36,985 - debug - DEBUG -   Model Device:  cuda:1
2026-06-15 21:48:36,985 - debug - DEBUG -   Criterion Weight Device: No weights
2026-06-15 21:48:37,703 - debug - DEBUG - Batch 0 grad norm: 0.984867
2026-06-15 21:48:39,107 - debug - DEBUG - Batch 10 grad norm: 1.186203
2026-06-15 21:48:40,456 - debug - DEBUG - Batch 20 grad norm: 1.025074
2026-06-15 21:48:41,781 - debug - DEBUG - Batch 30 grad norm: 1.333210
2026-06-15 21:48:43,150 - debug - DEBUG - Batch 40 grad norm: 1.026825
2026-06-15 21:48:44,494 - debug - DEBUG - Batch 50 grad norm: 1.070382
2026-06-15 21:48:45,879 - debug - DEBUG - Batch 60 grad norm: 1.477159
2026-06-15 21:48:47,269 - debug - DEBUG - Batch 70 grad norm: 0.926768
2026-06-15 21:48:48,581 - debug - DEBUG - Batch 80 grad norm: 1.190601
2026-06-15 21:48:49,775 - debug - DEBUG - Batch 90 grad norm: 1.074878
2026-06-15 21:48:51,192 - debug - DEBUG - Batch 100 grad norm: 0.823768
2026-06-15 21:48:52,592 - debug - DEBUG - Batch 110 grad norm: 0.865025
2026-06-15 21:48:53,888 - debug - DEBUG - Batch 120 grad norm: 1.058259
2026-06-15 21:48:55,137 - debug - DEBUG - Batch 130 grad norm: 1.623166
2026-06-15 21:48:56,355 - debug - DEBUG - Batch 140 grad norm: 1.319229
2026-06-15 21:48:57,809 - debug - DEBUG - Batch 150 grad norm: 0.956569
2026-06-15 21:48:59,167 - debug - DEBUG - Batch 160 grad norm: 1.388496
2026-06-15 21:49:00,493 - debug - DEBUG - Batch 170 grad norm: 1.139867
2026-06-15 21:49:01,870 - debug - DEBUG - Batch 180 grad norm: 1.089411
2026-06-15 21:49:03,238 - debug - DEBUG - Batch 190 grad norm: 0.960535
2026-06-15 21:49:03,711 - debug - DEBUG - compute_metrics_and_record started for epoch 123
2026-06-15 21:49:03,711 - debug - DEBUG - all_preds length: 25000, all_targets length: 25000
2026-06-15 21:49:03,711 - debug - DEBUG - First 10 preds: [5, 2, 5, 3, 9, 1, 0, 8, 2, 0]
2026-06-15 21:49:03,711 - debug - DEBUG - First 10 targets: [5, 2, 5, 3, 9, 1, 0, 8, 2, 0]
2026-06-15 21:49:03,720 - debug - DEBUG - Unique predicted classes: 10 (first 10: [0 1 2 3 4 5 6 7 8 9])
2026-06-15 21:49:03,720 - debug - DEBUG - Unique target classes: 10 (first 10: [0 1 2 3 4 5 6 7 8 9])
2026-06-15 21:49:06,520 - debug - DEBUG - compute_metrics_and_record started for epoch 123
2026-06-15 21:49:06,520 - debug - DEBUG - all_preds length: 10000, all_targets length: 10000
2026-06-15 21:49:06,521 - debug - DEBUG - First 10 preds: [3, 8, 1, 0, 6, 6, 1, 6, 3, 1]
2026-06-15 21:49:06,521 - debug - DEBUG - First 10 targets: [3, 8, 8, 0, 6, 6, 1, 6, 3, 1]
2026-06-15 21:49:06,523 - debug - DEBUG - Unique predicted classes: 10 (first 10: [0 1 2 3 4 5 6 7 8 9])
2026-06-15 21:49:06,523 - debug - DEBUG - Unique target classes: 10 (first 10: [0 1 2 3 4 5 6 7 8 9])
2026-06-15 21:49:06,776 - debug - DEBUG - Device Check - Batch 0
2026-06-15 21:49:06,777 - debug - DEBUG -   Config GPU ID: 1
2026-06-15 21:49:06,777 - debug - DEBUG -   Input Device:  cuda:1
2026-06-15 21:49:06,777 - debug - DEBUG -   Target Device: cuda:1
2026-06-15 21:49:06,777 - debug - DEBUG -   Model Device:  cuda:1
2026-06-15 21:49:06,778 - debug - DEBUG -   Criterion Weight Device: No weights
2026-06-15 21:49:07,388 - debug - DEBUG - Batch 0 grad norm: 0.970286
2026-06-15 21:49:08,790 - debug - DEBUG - Batch 10 grad norm: 1.304211
2026-06-15 21:49:10,068 - debug - DEBUG - Batch 20 grad norm: 1.034063
2026-06-15 21:49:11,488 - debug - DEBUG - Batch 30 grad norm: 1.471688
2026-06-15 21:49:12,779 - debug - DEBUG - Batch 40 grad norm: 1.415732
2026-06-15 21:49:14,151 - debug - DEBUG - Batch 50 grad norm: 0.999460
2026-06-15 21:49:15,528 - debug - DEBUG - Batch 60 grad norm: 0.939892
2026-06-15 21:49:16,880 - debug - DEBUG - Batch 70 grad norm: 1.239515
2026-06-15 21:49:18,215 - debug - DEBUG - Batch 80 grad norm: 1.200657
2026-06-15 21:49:19,628 - debug - DEBUG - Batch 90 grad norm: 0.952564
2026-06-15 21:49:20,868 - debug - DEBUG - Batch 100 grad norm: 0.665868
2026-06-15 21:49:22,346 - debug - DEBUG - Batch 110 grad norm: 0.898064
2026-06-15 21:49:23,631 - debug - DEBUG - Batch 120 grad norm: 1.131627
2026-06-15 21:49:25,007 - debug - DEBUG - Batch 130 grad norm: 1.031697
2026-06-15 21:49:26,321 - debug - DEBUG - Batch 140 grad norm: 1.071432
2026-06-15 21:49:27,691 - debug - DEBUG - Batch 150 grad norm: 1.194476
2026-06-15 21:49:28,936 - debug - DEBUG - Batch 160 grad norm: 0.975374
2026-06-15 21:49:30,316 - debug - DEBUG - Batch 170 grad norm: 1.070632
2026-06-15 21:49:31,695 - debug - DEBUG - Batch 180 grad norm: 1.199452
2026-06-15 21:49:33,019 - debug - DEBUG - Batch 190 grad norm: 1.245550
2026-06-15 21:49:33,423 - debug - DEBUG - compute_metrics_and_record started for epoch 124
2026-06-15 21:49:33,423 - debug - DEBUG - all_preds length: 25000, all_targets length: 25000
2026-06-15 21:49:33,423 - debug - DEBUG - First 10 preds: [3, 7, 2, 3, 4, 5, 6, 9, 0, 0]
2026-06-15 21:49:33,423 - debug - DEBUG - First 10 targets: [3, 7, 5, 3, 4, 5, 6, 9, 0, 0]
2026-06-15 21:49:33,429 - debug - DEBUG - Unique predicted classes: 10 (first 10: [0 1 2 3 4 5 6 7 8 9])
2026-06-15 21:49:33,429 - debug - DEBUG - Unique target classes: 10 (first 10: [0 1 2 3 4 5 6 7 8 9])
2026-06-15 21:49:36,219 - debug - DEBUG - compute_metrics_and_record started for epoch 124
2026-06-15 21:49:36,219 - debug - DEBUG - all_preds length: 10000, all_targets length: 10000
2026-06-15 21:49:36,219 - debug - DEBUG - First 10 preds: [3, 8, 1, 0, 6, 6, 1, 6, 4, 1]
2026-06-15 21:49:36,219 - debug - DEBUG - First 10 targets: [3, 8, 8, 0, 6, 6, 1, 6, 3, 1]
2026-06-15 21:49:36,222 - debug - DEBUG - Unique predicted classes: 10 (first 10: [0 1 2 3 4 5 6 7 8 9])
2026-06-15 21:49:36,222 - debug - DEBUG - Unique target classes: 10 (first 10: [0 1 2 3 4 5 6 7 8 9])
2026-06-15 21:49:36,476 - debug - DEBUG - Device Check - Batch 0
2026-06-15 21:49:36,476 - debug - DEBUG -   Config GPU ID: 1
2026-06-15 21:49:36,477 - debug - DEBUG -   Input Device:  cuda:1
2026-06-15 21:49:36,477 - debug - DEBUG -   Target Device: cuda:1
2026-06-15 21:49:36,477 - debug - DEBUG -   Model Device:  cuda:1
2026-06-15 21:49:36,477 - debug - DEBUG -   Criterion Weight Device: No weights
2026-06-15 21:49:37,053 - debug - DEBUG - Batch 0 grad norm: 1.025627
2026-06-15 21:49:38,261 - debug - DEBUG - Batch 10 grad norm: 1.157893
2026-06-15 21:49:39,671 - debug - DEBUG - Batch 20 grad norm: 1.018395
2026-06-15 21:49:41,071 - debug - DEBUG - Batch 30 grad norm: 1.145754
2026-06-15 21:49:42,332 - debug - DEBUG - Batch 40 grad norm: 1.269615
2026-06-15 21:49:43,593 - debug - DEBUG - Batch 50 grad norm: 1.403167
2026-06-15 21:49:44,965 - debug - DEBUG - Batch 60 grad norm: 1.271905
2026-06-15 21:49:46,332 - debug - DEBUG - Batch 70 grad norm: 0.940612
2026-06-15 21:49:47,650 - debug - DEBUG - Batch 80 grad norm: 1.105857
2026-06-15 21:49:48,969 - debug - DEBUG - Batch 90 grad norm: 0.992693
2026-06-15 21:49:50,333 - debug - DEBUG - Batch 100 grad norm: 1.208371
2026-06-15 21:49:51,738 - debug - DEBUG - Batch 110 grad norm: 0.936053
2026-06-15 21:49:52,984 - debug - DEBUG - Batch 120 grad norm: 1.111179
2026-06-15 21:49:54,284 - debug - DEBUG - Batch 130 grad norm: 0.935582
2026-06-15 21:49:55,667 - debug - DEBUG - Batch 140 grad norm: 0.894795
2026-06-15 21:49:56,995 - debug - DEBUG - Batch 150 grad norm: 1.151244
2026-06-15 21:49:58,376 - debug - DEBUG - Batch 160 grad norm: 1.425131
2026-06-15 21:49:59,758 - debug - DEBUG - Batch 170 grad norm: 1.119514
2026-06-15 21:50:01,158 - debug - DEBUG - Batch 180 grad norm: 1.296757
2026-06-15 21:50:02,530 - debug - DEBUG - Batch 190 grad norm: 1.186062
2026-06-15 21:50:02,986 - debug - DEBUG - compute_metrics_and_record started for epoch 125
2026-06-15 21:50:02,987 - debug - DEBUG - all_preds length: 25000, all_targets length: 25000
2026-06-15 21:50:02,987 - debug - DEBUG - First 10 preds: [8, 9, 6, 6, 9, 3, 7, 9, 6, 2]
2026-06-15 21:50:02,987 - debug - DEBUG - First 10 targets: [8, 9, 6, 6, 9, 3, 7, 9, 6, 2]
2026-06-15 21:50:02,993 - debug - DEBUG - Unique predicted classes: 10 (first 10: [0 1 2 3 4 5 6 7 8 9])
2026-06-15 21:50:02,993 - debug - DEBUG - Unique target classes: 10 (first 10: [0 1 2 3 4 5 6 7 8 9])
2026-06-15 21:50:05,786 - debug - DEBUG - compute_metrics_and_record started for epoch 125
2026-06-15 21:50:05,787 - debug - DEBUG - all_preds length: 10000, all_targets length: 10000
2026-06-15 21:50:05,787 - debug - DEBUG - First 10 preds: [3, 8, 8, 8, 6, 6, 1, 6, 3, 1]
2026-06-15 21:50:05,787 - debug - DEBUG - First 10 targets: [3, 8, 8, 0, 6, 6, 1, 6, 3, 1]
2026-06-15 21:50:05,789 - debug - DEBUG - Unique predicted classes: 10 (first 10: [0 1 2 3 4 5 6 7 8 9])
2026-06-15 21:50:05,790 - debug - DEBUG - Unique target classes: 10 (first 10: [0 1 2 3 4 5 6 7 8 9])
2026-06-15 21:50:06,068 - debug - DEBUG - Device Check - Batch 0
2026-06-15 21:50:06,069 - debug - DEBUG -   Config GPU ID: 1
2026-06-15 21:50:06,069 - debug - DEBUG -   Input Device:  cuda:1
2026-06-15 21:50:06,069 - debug - DEBUG -   Target Device: cuda:1
2026-06-15 21:50:06,069 - debug - DEBUG -   Model Device:  cuda:1
2026-06-15 21:50:06,069 - debug - DEBUG -   Criterion Weight Device: No weights
2026-06-15 21:50:06,758 - debug - DEBUG - Batch 0 grad norm: 1.286290
2026-06-15 21:50:08,079 - debug - DEBUG - Batch 10 grad norm: 1.116222
2026-06-15 21:50:09,426 - debug - DEBUG - Batch 20 grad norm: 0.893865
2026-06-15 21:50:10,796 - debug - DEBUG - Batch 30 grad norm: 1.255809
2026-06-15 21:50:12,166 - debug - DEBUG - Batch 40 grad norm: 0.827307
2026-06-15 21:50:13,522 - debug - DEBUG - Batch 50 grad norm: 1.236197
2026-06-15 21:50:14,774 - debug - DEBUG - Batch 60 grad norm: 1.086101
2026-06-15 21:50:16,149 - debug - DEBUG - Batch 70 grad norm: 1.375353
2026-06-15 21:50:17,554 - debug - DEBUG - Batch 80 grad norm: 0.828825
2026-06-15 21:50:18,944 - debug - DEBUG - Batch 90 grad norm: 1.346022
2026-06-15 21:50:20,300 - debug - DEBUG - Batch 100 grad norm: 1.153945
2026-06-15 21:50:21,695 - debug - DEBUG - Batch 110 grad norm: 1.023481
2026-06-15 21:50:23,041 - debug - DEBUG - Batch 120 grad norm: 1.100998
2026-06-15 21:50:24,267 - debug - DEBUG - Batch 130 grad norm: 0.807761
2026-06-15 21:50:25,590 - debug - DEBUG - Batch 140 grad norm: 1.380708
2026-06-15 21:50:26,945 - debug - DEBUG - Batch 150 grad norm: 1.320101
2026-06-15 21:50:28,511 - debug - DEBUG - Batch 160 grad norm: 1.311718
2026-06-15 21:50:29,865 - debug - DEBUG - Batch 170 grad norm: 0.933501
2026-06-15 21:50:31,252 - debug - DEBUG - Batch 180 grad norm: 1.155846
2026-06-15 21:50:32,633 - debug - DEBUG - Batch 190 grad norm: 1.009014
2026-06-15 21:50:33,039 - debug - DEBUG - compute_metrics_and_record started for epoch 126
2026-06-15 21:50:33,039 - debug - DEBUG - all_preds length: 25000, all_targets length: 25000
2026-06-15 21:50:33,039 - debug - DEBUG - First 10 preds: [3, 2, 8, 1, 5, 2, 6, 1, 8, 3]
2026-06-15 21:50:33,040 - debug - DEBUG - First 10 targets: [3, 2, 8, 1, 5, 2, 6, 1, 8, 3]
2026-06-15 21:50:33,047 - debug - DEBUG - Unique predicted classes: 10 (first 10: [0 1 2 3 4 5 6 7 8 9])
2026-06-15 21:50:33,047 - debug - DEBUG - Unique target classes: 10 (first 10: [0 1 2 3 4 5 6 7 8 9])
2026-06-15 21:50:35,754 - debug - DEBUG - compute_metrics_and_record started for epoch 126
2026-06-15 21:50:35,754 - debug - DEBUG - all_preds length: 10000, all_targets length: 10000
2026-06-15 21:50:35,754 - debug - DEBUG - First 10 preds: [3, 1, 1, 0, 6, 6, 1, 6, 3, 1]
2026-06-15 21:50:35,755 - debug - DEBUG - First 10 targets: [3, 8, 8, 0, 6, 6, 1, 6, 3, 1]
2026-06-15 21:50:35,757 - debug - DEBUG - Unique predicted classes: 10 (first 10: [0 1 2 3 4 5 6 7 8 9])
2026-06-15 21:50:35,757 - debug - DEBUG - Unique target classes: 10 (first 10: [0 1 2 3 4 5 6 7 8 9])
2026-06-15 21:50:36,011 - debug - DEBUG - Device Check - Batch 0
2026-06-15 21:50:36,012 - debug - DEBUG -   Config GPU ID: 1
2026-06-15 21:50:36,012 - debug - DEBUG -   Input Device:  cuda:1
2026-06-15 21:50:36,013 - debug - DEBUG -   Target Device: cuda:1
2026-06-15 21:50:36,013 - debug - DEBUG -   Model Device:  cuda:1
2026-06-15 21:50:36,013 - debug - DEBUG -   Criterion Weight Device: No weights
2026-06-15 21:50:36,692 - debug - DEBUG - Batch 0 grad norm: 0.912572
2026-06-15 21:50:38,098 - debug - DEBUG - Batch 10 grad norm: 0.911142
2026-06-15 21:50:39,421 - debug - DEBUG - Batch 20 grad norm: 1.102243
2026-06-15 21:50:40,712 - debug - DEBUG - Batch 30 grad norm: 1.149639
2026-06-15 21:50:42,097 - debug - DEBUG - Batch 40 grad norm: 0.669371
2026-06-15 21:50:43,417 - debug - DEBUG - Batch 50 grad norm: 0.678518
2026-06-15 21:50:44,735 - debug - DEBUG - Batch 60 grad norm: 1.373258
2026-06-15 21:50:46,114 - debug - DEBUG - Batch 70 grad norm: 1.185921
2026-06-15 21:50:47,526 - debug - DEBUG - Batch 80 grad norm: 0.998646
2026-06-15 21:50:48,851 - debug - DEBUG - Batch 90 grad norm: 1.309240
2026-06-15 21:50:50,219 - debug - DEBUG - Batch 100 grad norm: 1.529377
2026-06-15 21:50:51,623 - debug - DEBUG - Batch 110 grad norm: 1.305279
2026-06-15 21:50:52,894 - debug - DEBUG - Batch 120 grad norm: 1.376364
2026-06-15 21:50:54,273 - debug - DEBUG - Batch 130 grad norm: 1.011659
2026-06-15 21:50:55,644 - debug - DEBUG - Batch 140 grad norm: 1.355710
2026-06-15 21:50:56,943 - debug - DEBUG - Batch 150 grad norm: 1.216327
2026-06-15 21:50:58,307 - debug - DEBUG - Batch 160 grad norm: 1.342186
2026-06-15 21:50:59,622 - debug - DEBUG - Batch 170 grad norm: 1.061566
2026-06-15 21:51:00,943 - debug - DEBUG - Batch 180 grad norm: 1.168419
2026-06-15 21:51:02,258 - debug - DEBUG - Batch 190 grad norm: 1.218001
2026-06-15 21:51:02,675 - debug - DEBUG - compute_metrics_and_record started for epoch 127
2026-06-15 21:51:02,675 - debug - DEBUG - all_preds length: 25000, all_targets length: 25000
2026-06-15 21:51:02,675 - debug - DEBUG - First 10 preds: [8, 0, 8, 5, 2, 1, 0, 0, 7, 4]
2026-06-15 21:51:02,675 - debug - DEBUG - First 10 targets: [8, 0, 8, 5, 2, 8, 0, 0, 7, 4]
2026-06-15 21:51:02,681 - debug - DEBUG - Unique predicted classes: 10 (first 10: [0 1 2 3 4 5 6 7 8 9])
2026-06-15 21:51:02,681 - debug - DEBUG - Unique target classes: 10 (first 10: [0 1 2 3 4 5 6 7 8 9])
2026-06-15 21:51:05,421 - debug - DEBUG - compute_metrics_and_record started for epoch 127
2026-06-15 21:51:05,421 - debug - DEBUG - all_preds length: 10000, all_targets length: 10000
2026-06-15 21:51:05,421 - debug - DEBUG - First 10 preds: [3, 8, 0, 0, 6, 6, 1, 6, 3, 1]
2026-06-15 21:51:05,421 - debug - DEBUG - First 10 targets: [3, 8, 8, 0, 6, 6, 1, 6, 3, 1]
2026-06-15 21:51:05,424 - debug - DEBUG - Unique predicted classes: 10 (first 10: [0 1 2 3 4 5 6 7 8 9])
2026-06-15 21:51:05,424 - debug - DEBUG - Unique target classes: 10 (first 10: [0 1 2 3 4 5 6 7 8 9])
2026-06-15 21:51:05,673 - debug - DEBUG - Device Check - Batch 0
2026-06-15 21:51:05,674 - debug - DEBUG -   Config GPU ID: 1
2026-06-15 21:51:05,674 - debug - DEBUG -   Input Device:  cuda:1
2026-06-15 21:51:05,674 - debug - DEBUG -   Target Device: cuda:1
2026-06-15 21:51:05,675 - debug - DEBUG -   Model Device:  cuda:1
2026-06-15 21:51:05,675 - debug - DEBUG -   Criterion Weight Device: No weights
2026-06-15 21:51:06,516 - debug - DEBUG - Batch 0 grad norm: 0.960266
2026-06-15 21:51:07,898 - debug - DEBUG - Batch 10 grad norm: 1.217323
2026-06-15 21:51:09,273 - debug - DEBUG - Batch 20 grad norm: 1.084727
2026-06-15 21:51:10,617 - debug - DEBUG - Batch 30 grad norm: 0.865774
2026-06-15 21:51:12,032 - debug - DEBUG - Batch 40 grad norm: 1.156574
2026-06-15 21:51:13,366 - debug - DEBUG - Batch 50 grad norm: 1.055347
2026-06-15 21:51:14,676 - debug - DEBUG - Batch 60 grad norm: 0.779694
2026-06-15 21:51:16,049 - debug - DEBUG - Batch 70 grad norm: 1.186324
2026-06-15 21:51:17,364 - debug - DEBUG - Batch 80 grad norm: 1.117078
2026-06-15 21:51:18,542 - debug - DEBUG - Batch 90 grad norm: 0.882116
2026-06-15 21:51:19,928 - debug - DEBUG - Batch 100 grad norm: 1.044905
2026-06-15 21:51:21,275 - debug - DEBUG - Batch 110 grad norm: 1.235366
2026-06-15 21:51:22,514 - debug - DEBUG - Batch 120 grad norm: 1.234936
2026-06-15 21:51:23,825 - debug - DEBUG - Batch 130 grad norm: 0.947513
2026-06-15 21:51:25,232 - debug - DEBUG - Batch 140 grad norm: 0.990951
2026-06-15 21:51:26,591 - debug - DEBUG - Batch 150 grad norm: 1.168199
2026-06-15 21:51:27,972 - debug - DEBUG - Batch 160 grad norm: 1.179836
2026-06-15 21:51:29,326 - debug - DEBUG - Batch 170 grad norm: 1.281663
2026-06-15 21:51:30,626 - debug - DEBUG - Batch 180 grad norm: 1.444389
2026-06-15 21:51:31,993 - debug - DEBUG - Batch 190 grad norm: 1.451149
2026-06-15 21:51:32,342 - debug - DEBUG - compute_metrics_and_record started for epoch 128
2026-06-15 21:51:32,342 - debug - DEBUG - all_preds length: 25000, all_targets length: 25000
2026-06-15 21:51:32,342 - debug - DEBUG - First 10 preds: [4, 3, 5, 4, 2, 2, 9, 4, 7, 3]
2026-06-15 21:51:32,342 - debug - DEBUG - First 10 targets: [2, 3, 5, 4, 2, 2, 9, 4, 7, 3]
2026-06-15 21:51:32,349 - debug - DEBUG - Unique predicted classes: 10 (first 10: [0 1 2 3 4 5 6 7 8 9])
2026-06-15 21:51:32,349 - debug - DEBUG - Unique target classes: 10 (first 10: [0 1 2 3 4 5 6 7 8 9])
2026-06-15 21:51:35,044 - debug - DEBUG - compute_metrics_and_record started for epoch 128
2026-06-15 21:51:35,044 - debug - DEBUG - all_preds length: 10000, all_targets length: 10000
2026-06-15 21:51:35,044 - debug - DEBUG - First 10 preds: [3, 1, 1, 0, 6, 6, 1, 6, 3, 1]
2026-06-15 21:51:35,044 - debug - DEBUG - First 10 targets: [3, 8, 8, 0, 6, 6, 1, 6, 3, 1]
2026-06-15 21:51:35,047 - debug - DEBUG - Unique predicted classes: 10 (first 10: [0 1 2 3 4 5 6 7 8 9])
2026-06-15 21:51:35,047 - debug - DEBUG - Unique target classes: 10 (first 10: [0 1 2 3 4 5 6 7 8 9])
2026-06-15 21:51:35,295 - debug - DEBUG - Device Check - Batch 0
2026-06-15 21:51:35,295 - debug - DEBUG -   Config GPU ID: 1
2026-06-15 21:51:35,296 - debug - DEBUG -   Input Device:  cuda:1
2026-06-15 21:51:35,296 - debug - DEBUG -   Target Device: cuda:1
2026-06-15 21:51:35,296 - debug - DEBUG -   Model Device:  cuda:1
2026-06-15 21:51:35,296 - debug - DEBUG -   Criterion Weight Device: No weights
2026-06-15 21:51:36,029 - debug - DEBUG - Batch 0 grad norm: 0.941447
2026-06-15 21:51:37,445 - debug - DEBUG - Batch 10 grad norm: 0.951776
2026-06-15 21:51:38,795 - debug - DEBUG - Batch 20 grad norm: 1.215584
2026-06-15 21:51:40,171 - debug - DEBUG - Batch 30 grad norm: 1.115983
2026-06-15 21:51:41,550 - debug - DEBUG - Batch 40 grad norm: 1.011932
2026-06-15 21:51:42,884 - debug - DEBUG - Batch 50 grad norm: 1.129481
2026-06-15 21:51:44,174 - debug - DEBUG - Batch 60 grad norm: 1.141907
2026-06-15 21:51:45,528 - debug - DEBUG - Batch 70 grad norm: 0.952966
2026-06-15 21:51:46,889 - debug - DEBUG - Batch 80 grad norm: 0.983891
2026-06-15 21:51:48,161 - debug - DEBUG - Batch 90 grad norm: 1.208477
2026-06-15 21:51:49,475 - debug - DEBUG - Batch 100 grad norm: 1.188221
2026-06-15 21:51:50,827 - debug - DEBUG - Batch 110 grad norm: 1.134349
2026-06-15 21:51:52,082 - debug - DEBUG - Batch 120 grad norm: 1.159811
2026-06-15 21:51:53,430 - debug - DEBUG - Batch 130 grad norm: 1.114871
2026-06-15 21:51:54,734 - debug - DEBUG - Batch 140 grad norm: 1.326542
2026-06-15 21:51:56,134 - debug - DEBUG - Batch 150 grad norm: 0.973746
2026-06-15 21:51:57,414 - debug - DEBUG - Batch 160 grad norm: 1.196525
2026-06-15 21:51:58,789 - debug - DEBUG - Batch 170 grad norm: 1.354881
2026-06-15 21:52:00,162 - debug - DEBUG - Batch 180 grad norm: 1.169644
2026-06-15 21:52:01,568 - debug - DEBUG - Batch 190 grad norm: 0.799557
2026-06-15 21:52:01,982 - debug - DEBUG - compute_metrics_and_record started for epoch 129
2026-06-15 21:52:01,983 - debug - DEBUG - all_preds length: 25000, all_targets length: 25000
2026-06-15 21:52:01,983 - debug - DEBUG - First 10 preds: [6, 3, 4, 3, 1, 0, 2, 2, 0, 0]
2026-06-15 21:52:01,983 - debug - DEBUG - First 10 targets: [6, 3, 4, 3, 1, 0, 2, 2, 0, 0]
2026-06-15 21:52:01,988 - debug - DEBUG - Unique predicted classes: 10 (first 10: [0 1 2 3 4 5 6 7 8 9])
2026-06-15 21:52:01,989 - debug - DEBUG - Unique target classes: 10 (first 10: [0 1 2 3 4 5 6 7 8 9])
2026-06-15 21:52:04,615 - debug - DEBUG - compute_metrics_and_record started for epoch 129
2026-06-15 21:52:04,615 - debug - DEBUG - all_preds length: 10000, all_targets length: 10000
2026-06-15 21:52:04,615 - debug - DEBUG - First 10 preds: [3, 1, 1, 0, 6, 6, 1, 6, 4, 1]
2026-06-15 21:52:04,615 - debug - DEBUG - First 10 targets: [3, 8, 8, 0, 6, 6, 1, 6, 3, 1]
2026-06-15 21:52:04,618 - debug - DEBUG - Unique predicted classes: 10 (first 10: [0 1 2 3 4 5 6 7 8 9])
2026-06-15 21:52:04,618 - debug - DEBUG - Unique target classes: 10 (first 10: [0 1 2 3 4 5 6 7 8 9])
2026-06-15 21:52:04,862 - debug - DEBUG - Device Check - Batch 0
2026-06-15 21:52:04,863 - debug - DEBUG -   Config GPU ID: 1
2026-06-15 21:52:04,864 - debug - DEBUG -   Input Device:  cuda:1
2026-06-15 21:52:04,864 - debug - DEBUG -   Target Device: cuda:1
2026-06-15 21:52:04,864 - debug - DEBUG -   Model Device:  cuda:1
2026-06-15 21:52:04,864 - debug - DEBUG -   Criterion Weight Device: No weights
2026-06-15 21:52:05,522 - debug - DEBUG - Batch 0 grad norm: 0.996027
2026-06-15 21:52:06,835 - debug - DEBUG - Batch 10 grad norm: 1.062465
2026-06-15 21:52:08,283 - debug - DEBUG - Batch 20 grad norm: 0.759841
2026-06-15 21:52:09,688 - debug - DEBUG - Batch 30 grad norm: 1.130626
2026-06-15 21:52:11,058 - debug - DEBUG - Batch 40 grad norm: 0.822617
2026-06-15 21:52:12,338 - debug - DEBUG - Batch 50 grad norm: 1.379193
2026-06-15 21:52:13,689 - debug - DEBUG - Batch 60 grad norm: 0.961746
2026-06-15 21:52:15,037 - debug - DEBUG - Batch 70 grad norm: 0.979863
2026-06-15 21:52:16,300 - debug - DEBUG - Batch 80 grad norm: 1.365680
2026-06-15 21:52:17,692 - debug - DEBUG - Batch 90 grad norm: 1.027035
2026-06-15 21:52:19,042 - debug - DEBUG - Batch 100 grad norm: 1.279467
2026-06-15 21:52:20,421 - debug - DEBUG - Batch 110 grad norm: 1.133063
2026-06-15 21:52:21,714 - debug - DEBUG - Batch 120 grad norm: 0.860965
2026-06-15 21:52:23,110 - debug - DEBUG - Batch 130 grad norm: 1.132942
2026-06-15 21:52:24,412 - debug - DEBUG - Batch 140 grad norm: 1.093843
2026-06-15 21:52:25,823 - debug - DEBUG - Batch 150 grad norm: 0.997498
2026-06-15 21:52:27,194 - debug - DEBUG - Batch 160 grad norm: 1.095081
2026-06-15 21:52:28,626 - debug - DEBUG - Batch 170 grad norm: 1.119269
2026-06-15 21:52:29,833 - debug - DEBUG - Batch 180 grad norm: 1.129345
2026-06-15 21:52:31,191 - debug - DEBUG - Batch 190 grad norm: 0.729207
2026-06-15 21:52:31,655 - debug - DEBUG - compute_metrics_and_record started for epoch 130
2026-06-15 21:52:31,655 - debug - DEBUG - all_preds length: 25000, all_targets length: 25000
2026-06-15 21:52:31,656 - debug - DEBUG - First 10 preds: [1, 0, 6, 6, 8, 6, 4, 8, 8, 8]
2026-06-15 21:52:31,656 - debug - DEBUG - First 10 targets: [1, 0, 6, 6, 8, 6, 4, 8, 8, 8]
2026-06-15 21:52:31,665 - debug - DEBUG - Unique predicted classes: 10 (first 10: [0 1 2 3 4 5 6 7 8 9])
2026-06-15 21:52:31,665 - debug - DEBUG - Unique target classes: 10 (first 10: [0 1 2 3 4 5 6 7 8 9])
2026-06-15 21:52:34,395 - debug - DEBUG - compute_metrics_and_record started for epoch 130
2026-06-15 21:52:34,395 - debug - DEBUG - all_preds length: 10000, all_targets length: 10000
2026-06-15 21:52:34,395 - debug - DEBUG - First 10 preds: [3, 1, 8, 0, 6, 3, 1, 6, 3, 1]
2026-06-15 21:52:34,395 - debug - DEBUG - First 10 targets: [3, 8, 8, 0, 6, 6, 1, 6, 3, 1]
2026-06-15 21:52:34,398 - debug - DEBUG - Unique predicted classes: 10 (first 10: [0 1 2 3 4 5 6 7 8 9])
2026-06-15 21:52:34,399 - debug - DEBUG - Unique target classes: 10 (first 10: [0 1 2 3 4 5 6 7 8 9])
2026-06-15 21:52:34,701 - debug - DEBUG - Device Check - Batch 0
2026-06-15 21:52:34,702 - debug - DEBUG -   Config GPU ID: 1
2026-06-15 21:52:34,702 - debug - DEBUG -   Input Device:  cuda:1
2026-06-15 21:52:34,702 - debug - DEBUG -   Target Device: cuda:1
2026-06-15 21:52:34,702 - debug - DEBUG -   Model Device:  cuda:1
2026-06-15 21:52:34,702 - debug - DEBUG -   Criterion Weight Device: No weights
2026-06-15 21:52:35,345 - debug - DEBUG - Batch 0 grad norm: 1.042727
2026-06-15 21:52:36,758 - debug - DEBUG - Batch 10 grad norm: 1.672133
2026-06-15 21:52:38,092 - debug - DEBUG - Batch 20 grad norm: 1.433620
2026-06-15 21:52:39,493 - debug - DEBUG - Batch 30 grad norm: 1.204552
2026-06-15 21:52:40,836 - debug - DEBUG - Batch 40 grad norm: 1.084196
2026-06-15 21:52:42,262 - debug - DEBUG - Batch 50 grad norm: 1.259476
2026-06-15 21:52:43,599 - debug - DEBUG - Batch 60 grad norm: 1.196459
2026-06-15 21:52:44,937 - debug - DEBUG - Batch 70 grad norm: 0.805368
2026-06-15 21:52:46,262 - debug - DEBUG - Batch 80 grad norm: 0.991867
2026-06-15 21:52:47,591 - debug - DEBUG - Batch 90 grad norm: 0.810003
2026-06-15 21:52:48,978 - debug - DEBUG - Batch 100 grad norm: 1.052775
2026-06-15 21:52:50,344 - debug - DEBUG - Batch 110 grad norm: 1.159259
2026-06-15 21:52:51,547 - debug - DEBUG - Batch 120 grad norm: 1.027079
2026-06-15 21:52:52,950 - debug - DEBUG - Batch 130 grad norm: 1.295611
2026-06-15 21:52:54,376 - debug - DEBUG - Batch 140 grad norm: 1.405534
2026-06-15 21:52:55,711 - debug - DEBUG - Batch 150 grad norm: 1.197251
2026-06-15 21:52:57,098 - debug - DEBUG - Batch 160 grad norm: 0.865300
2026-06-15 21:52:58,415 - debug - DEBUG - Batch 170 grad norm: 0.699750
2026-06-15 21:52:59,827 - debug - DEBUG - Batch 180 grad norm: 1.442219
2026-06-15 21:53:01,138 - debug - DEBUG - Batch 190 grad norm: 1.464548
2026-06-15 21:53:01,644 - debug - DEBUG - compute_metrics_and_record started for epoch 131
2026-06-15 21:53:01,644 - debug - DEBUG - all_preds length: 25000, all_targets length: 25000
2026-06-15 21:53:01,644 - debug - DEBUG - First 10 preds: [3, 3, 5, 4, 7, 9, 7, 9, 3, 8]
2026-06-15 21:53:01,644 - debug - DEBUG - First 10 targets: [3, 3, 5, 4, 7, 9, 7, 0, 3, 8]
2026-06-15 21:53:01,651 - debug - DEBUG - Unique predicted classes: 10 (first 10: [0 1 2 3 4 5 6 7 8 9])
2026-06-15 21:53:01,652 - debug - DEBUG - Unique target classes: 10 (first 10: [0 1 2 3 4 5 6 7 8 9])
2026-06-15 21:53:04,374 - debug - DEBUG - compute_metrics_and_record started for epoch 131
2026-06-15 21:53:04,374 - debug - DEBUG - all_preds length: 10000, all_targets length: 10000
2026-06-15 21:53:04,374 - debug - DEBUG - First 10 preds: [3, 1, 0, 0, 6, 5, 9, 6, 3, 1]
2026-06-15 21:53:04,374 - debug - DEBUG - First 10 targets: [3, 8, 8, 0, 6, 6, 1, 6, 3, 1]
2026-06-15 21:53:04,377 - debug - DEBUG - Unique predicted classes: 10 (first 10: [0 1 2 3 4 5 6 7 8 9])
2026-06-15 21:53:04,377 - debug - DEBUG - Unique target classes: 10 (first 10: [0 1 2 3 4 5 6 7 8 9])
2026-06-15 21:53:04,666 - debug - DEBUG - Device Check - Batch 0
2026-06-15 21:53:04,667 - debug - DEBUG -   Config GPU ID: 1
2026-06-15 21:53:04,667 - debug - DEBUG -   Input Device:  cuda:1
2026-06-15 21:53:04,667 - debug - DEBUG -   Target Device: cuda:1
2026-06-15 21:53:04,668 - debug - DEBUG -   Model Device:  cuda:1
2026-06-15 21:53:04,668 - debug - DEBUG -   Criterion Weight Device: No weights
2026-06-15 21:53:05,251 - debug - DEBUG - Batch 0 grad norm: 1.198289
2026-06-15 21:53:06,640 - debug - DEBUG - Batch 10 grad norm: 0.954732
2026-06-15 21:53:08,002 - debug - DEBUG - Batch 20 grad norm: 1.425587
2026-06-15 21:53:09,364 - debug - DEBUG - Batch 30 grad norm: 1.200987
2026-06-15 21:53:10,820 - debug - DEBUG - Batch 40 grad norm: 1.370684
2026-06-15 21:53:12,073 - debug - DEBUG - Batch 50 grad norm: 1.509592
2026-06-15 21:53:13,440 - debug - DEBUG - Batch 60 grad norm: 1.076688
2026-06-15 21:53:14,769 - debug - DEBUG - Batch 70 grad norm: 0.997819
2026-06-15 21:53:16,104 - debug - DEBUG - Batch 80 grad norm: 0.937440
2026-06-15 21:53:17,479 - debug - DEBUG - Batch 90 grad norm: 1.172258
2026-06-15 21:53:18,864 - debug - DEBUG - Batch 100 grad norm: 1.013472
2026-06-15 21:53:20,196 - debug - DEBUG - Batch 110 grad norm: 0.975827
2026-06-15 21:53:21,539 - debug - DEBUG - Batch 120 grad norm: 0.935605
2026-06-15 21:53:22,842 - debug - DEBUG - Batch 130 grad norm: 0.937342
2026-06-15 21:53:24,243 - debug - DEBUG - Batch 140 grad norm: 1.093100
2026-06-15 21:53:25,538 - debug - DEBUG - Batch 150 grad norm: 1.427664
2026-06-15 21:53:26,909 - debug - DEBUG - Batch 160 grad norm: 0.736420
2026-06-15 21:53:28,185 - debug - DEBUG - Batch 170 grad norm: 1.078626
2026-06-15 21:53:29,502 - debug - DEBUG - Batch 180 grad norm: 1.285008
2026-06-15 21:53:30,903 - debug - DEBUG - Batch 190 grad norm: 1.210385
2026-06-15 21:53:31,421 - debug - DEBUG - compute_metrics_and_record started for epoch 132
2026-06-15 21:53:31,421 - debug - DEBUG - all_preds length: 25000, all_targets length: 25000
2026-06-15 21:53:31,421 - debug - DEBUG - First 10 preds: [5, 0, 2, 6, 4, 1, 6, 1, 1, 6]
2026-06-15 21:53:31,421 - debug - DEBUG - First 10 targets: [5, 0, 2, 6, 4, 1, 6, 1, 1, 6]
2026-06-15 21:53:31,428 - debug - DEBUG - Unique predicted classes: 10 (first 10: [0 1 2 3 4 5 6 7 8 9])
2026-06-15 21:53:31,428 - debug - DEBUG - Unique target classes: 10 (first 10: [0 1 2 3 4 5 6 7 8 9])
2026-06-15 21:53:34,264 - debug - DEBUG - compute_metrics_and_record started for epoch 132
2026-06-15 21:53:34,264 - debug - DEBUG - all_preds length: 10000, all_targets length: 10000
2026-06-15 21:53:34,265 - debug - DEBUG - First 10 preds: [1, 1, 1, 1, 6, 6, 1, 6, 4, 1]
2026-06-15 21:53:34,265 - debug - DEBUG - First 10 targets: [3, 8, 8, 0, 6, 6, 1, 6, 3, 1]
2026-06-15 21:53:34,267 - debug - DEBUG - Unique predicted classes: 10 (first 10: [0 1 2 3 4 5 6 7 8 9])
2026-06-15 21:53:34,267 - debug - DEBUG - Unique target classes: 10 (first 10: [0 1 2 3 4 5 6 7 8 9])
2026-06-15 21:53:34,544 - debug - DEBUG - Device Check - Batch 0
2026-06-15 21:53:34,545 - debug - DEBUG -   Config GPU ID: 1
2026-06-15 21:53:34,545 - debug - DEBUG -   Input Device:  cuda:1
2026-06-15 21:53:34,545 - debug - DEBUG -   Target Device: cuda:1
2026-06-15 21:53:34,545 - debug - DEBUG -   Model Device:  cuda:1
2026-06-15 21:53:34,545 - debug - DEBUG -   Criterion Weight Device: No weights
2026-06-15 21:53:35,140 - debug - DEBUG - Batch 0 grad norm: 0.951980
2026-06-15 21:53:36,492 - debug - DEBUG - Batch 10 grad norm: 1.271639
2026-06-15 21:53:37,862 - debug - DEBUG - Batch 20 grad norm: 0.686493
2026-06-15 21:53:39,185 - debug - DEBUG - Batch 30 grad norm: 1.204690
2026-06-15 21:53:40,562 - debug - DEBUG - Batch 40 grad norm: 1.318426
2026-06-15 21:53:41,888 - debug - DEBUG - Batch 50 grad norm: 0.992818
2026-06-15 21:53:43,284 - debug - DEBUG - Batch 60 grad norm: 0.790607
2026-06-15 21:53:44,679 - debug - DEBUG - Batch 70 grad norm: 0.749216
2026-06-15 21:53:46,049 - debug - DEBUG - Batch 80 grad norm: 0.945780
2026-06-15 21:53:47,434 - debug - DEBUG - Batch 90 grad norm: 1.213499
2026-06-15 21:53:48,811 - debug - DEBUG - Batch 100 grad norm: 1.226961
2026-06-15 21:53:50,250 - debug - DEBUG - Batch 110 grad norm: 0.995489
2026-06-15 21:53:51,383 - debug - DEBUG - Batch 120 grad norm: 1.181534
2026-06-15 21:53:52,852 - debug - DEBUG - Batch 130 grad norm: 0.958787
2026-06-15 21:53:54,169 - debug - DEBUG - Batch 140 grad norm: 1.157581
2026-06-15 21:53:55,530 - debug - DEBUG - Batch 150 grad norm: 0.900750
2026-06-15 21:53:56,904 - debug - DEBUG - Batch 160 grad norm: 0.943216
2026-06-15 21:53:58,156 - debug - DEBUG - Batch 170 grad norm: 1.353779
2026-06-15 21:53:59,570 - debug - DEBUG - Batch 180 grad norm: 1.790613
2026-06-15 21:54:00,966 - debug - DEBUG - Batch 190 grad norm: 1.150687
2026-06-15 21:54:01,448 - debug - DEBUG - compute_metrics_and_record started for epoch 133
2026-06-15 21:54:01,449 - debug - DEBUG - all_preds length: 25000, all_targets length: 25000
2026-06-15 21:54:01,449 - debug - DEBUG - First 10 preds: [4, 9, 4, 2, 4, 3, 1, 9, 3, 2]
2026-06-15 21:54:01,449 - debug - DEBUG - First 10 targets: [4, 9, 4, 2, 4, 3, 1, 9, 3, 2]
2026-06-15 21:54:01,458 - debug - DEBUG - Unique predicted classes: 10 (first 10: [0 1 2 3 4 5 6 7 8 9])
2026-06-15 21:54:01,459 - debug - DEBUG - Unique target classes: 10 (first 10: [0 1 2 3 4 5 6 7 8 9])
2026-06-15 21:54:04,264 - debug - DEBUG - compute_metrics_and_record started for epoch 133
2026-06-15 21:54:04,264 - debug - DEBUG - all_preds length: 10000, all_targets length: 10000
2026-06-15 21:54:04,264 - debug - DEBUG - First 10 preds: [3, 1, 8, 8, 6, 6, 9, 6, 3, 1]
2026-06-15 21:54:04,264 - debug - DEBUG - First 10 targets: [3, 8, 8, 0, 6, 6, 1, 6, 3, 1]
2026-06-15 21:54:04,267 - debug - DEBUG - Unique predicted classes: 10 (first 10: [0 1 2 3 4 5 6 7 8 9])
2026-06-15 21:54:04,267 - debug - DEBUG - Unique target classes: 10 (first 10: [0 1 2 3 4 5 6 7 8 9])
2026-06-15 21:54:04,514 - debug - DEBUG - Device Check - Batch 0
2026-06-15 21:54:04,515 - debug - DEBUG -   Config GPU ID: 1
2026-06-15 21:54:04,515 - debug - DEBUG -   Input Device:  cuda:1
2026-06-15 21:54:04,515 - debug - DEBUG -   Target Device: cuda:1
2026-06-15 21:54:04,515 - debug - DEBUG -   Model Device:  cuda:1
2026-06-15 21:54:04,516 - debug - DEBUG -   Criterion Weight Device: No weights
2026-06-15 21:54:05,112 - debug - DEBUG - Batch 0 grad norm: 1.255029
2026-06-15 21:54:06,463 - debug - DEBUG - Batch 10 grad norm: 1.133713
2026-06-15 21:54:07,785 - debug - DEBUG - Batch 20 grad norm: 0.991243
2026-06-15 21:54:09,158 - debug - DEBUG - Batch 30 grad norm: 1.373535
2026-06-15 21:54:10,468 - debug - DEBUG - Batch 40 grad norm: 0.949573
2026-06-15 21:54:11,869 - debug - DEBUG - Batch 50 grad norm: 1.056125
2026-06-15 21:54:13,225 - debug - DEBUG - Batch 60 grad norm: 1.092453
2026-06-15 21:54:14,602 - debug - DEBUG - Batch 70 grad norm: 1.198978
2026-06-15 21:54:15,891 - debug - DEBUG - Batch 80 grad norm: 0.920187
2026-06-15 21:54:17,197 - debug - DEBUG - Batch 90 grad norm: 1.153844
2026-06-15 21:54:18,590 - debug - DEBUG - Batch 100 grad norm: 1.155910
2026-06-15 21:54:20,028 - debug - DEBUG - Batch 110 grad norm: 1.324034
2026-06-15 21:54:21,287 - debug - DEBUG - Batch 120 grad norm: 1.740004
2026-06-15 21:54:22,686 - debug - DEBUG - Batch 130 grad norm: 1.192821
2026-06-15 21:54:23,972 - debug - DEBUG - Batch 140 grad norm: 1.331505
2026-06-15 21:54:25,322 - debug - DEBUG - Batch 150 grad norm: 1.229660
2026-06-15 21:54:26,587 - debug - DEBUG - Batch 160 grad norm: 1.169042
2026-06-15 21:54:27,964 - debug - DEBUG - Batch 170 grad norm: 0.995136
2026-06-15 21:54:29,322 - debug - DEBUG - Batch 180 grad norm: 0.960684
2026-06-15 21:54:30,592 - debug - DEBUG - Batch 190 grad norm: 1.136536
2026-06-15 21:54:31,103 - debug - DEBUG - compute_metrics_and_record started for epoch 134
2026-06-15 21:54:31,103 - debug - DEBUG - all_preds length: 25000, all_targets length: 25000
2026-06-15 21:54:31,103 - debug - DEBUG - First 10 preds: [5, 7, 6, 7, 6, 1, 9, 5, 5, 0]
2026-06-15 21:54:31,103 - debug - DEBUG - First 10 targets: [5, 7, 6, 7, 6, 1, 9, 5, 5, 0]
2026-06-15 21:54:31,109 - debug - DEBUG - Unique predicted classes: 10 (first 10: [0 1 2 3 4 5 6 7 8 9])
2026-06-15 21:54:31,109 - debug - DEBUG - Unique target classes: 10 (first 10: [0 1 2 3 4 5 6 7 8 9])
2026-06-15 21:54:33,680 - debug - DEBUG - compute_metrics_and_record started for epoch 134
2026-06-15 21:54:33,680 - debug - DEBUG - all_preds length: 10000, all_targets length: 10000
2026-06-15 21:54:33,680 - debug - DEBUG - First 10 preds: [3, 8, 0, 0, 6, 5, 1, 6, 3, 1]
2026-06-15 21:54:33,680 - debug - DEBUG - First 10 targets: [3, 8, 8, 0, 6, 6, 1, 6, 3, 1]
2026-06-15 21:54:33,683 - debug - DEBUG - Unique predicted classes: 10 (first 10: [0 1 2 3 4 5 6 7 8 9])
2026-06-15 21:54:33,683 - debug - DEBUG - Unique target classes: 10 (first 10: [0 1 2 3 4 5 6 7 8 9])
2026-06-15 21:54:33,943 - debug - DEBUG - Device Check - Batch 0
2026-06-15 21:54:33,944 - debug - DEBUG -   Config GPU ID: 1
2026-06-15 21:54:33,944 - debug - DEBUG -   Input Device:  cuda:1
2026-06-15 21:54:33,944 - debug - DEBUG -   Target Device: cuda:1
2026-06-15 21:54:33,945 - debug - DEBUG -   Model Device:  cuda:1
2026-06-15 21:54:33,945 - debug - DEBUG -   Criterion Weight Device: No weights
2026-06-15 21:54:34,592 - debug - DEBUG - Batch 0 grad norm: 1.034050
2026-06-15 21:54:35,981 - debug - DEBUG - Batch 10 grad norm: 0.836544
2026-06-15 21:54:37,255 - debug - DEBUG - Batch 20 grad norm: 1.052838
2026-06-15 21:54:38,647 - debug - DEBUG - Batch 30 grad norm: 0.953386
2026-06-15 21:54:40,003 - debug - DEBUG - Batch 40 grad norm: 1.132137
2026-06-15 21:54:41,279 - debug - DEBUG - Batch 50 grad norm: 1.149800
2026-06-15 21:54:42,709 - debug - DEBUG - Batch 60 grad norm: 1.247547
2026-06-15 21:54:44,023 - debug - DEBUG - Batch 70 grad norm: 0.937766
2026-06-15 21:54:45,235 - debug - DEBUG - Batch 80 grad norm: 1.219160
2026-06-15 21:54:46,700 - debug - DEBUG - Batch 90 grad norm: 1.018082
2026-06-15 21:54:48,204 - debug - DEBUG - Batch 100 grad norm: 0.919662
2026-06-15 21:54:49,721 - debug - DEBUG - Batch 110 grad norm: 0.918542
2026-06-15 21:54:51,095 - debug - DEBUG - Batch 120 grad norm: 1.048420
2026-06-15 21:54:52,568 - debug - DEBUG - Batch 130 grad norm: 1.027175
2026-06-15 21:54:54,048 - debug - DEBUG - Batch 140 grad norm: 1.153016
2026-06-15 21:54:55,525 - debug - DEBUG - Batch 150 grad norm: 1.192522
2026-06-15 21:54:57,009 - debug - DEBUG - Batch 160 grad norm: 1.035060
2026-06-15 21:54:58,484 - debug - DEBUG - Batch 170 grad norm: 1.002383
2026-06-15 21:54:59,965 - debug - DEBUG - Batch 180 grad norm: 0.917265
2026-06-15 21:55:01,376 - debug - DEBUG - Batch 190 grad norm: 0.985609
2026-06-15 21:55:01,842 - debug - DEBUG - compute_metrics_and_record started for epoch 135
2026-06-15 21:55:01,843 - debug - DEBUG - all_preds length: 25000, all_targets length: 25000
2026-06-15 21:55:01,843 - debug - DEBUG - First 10 preds: [3, 9, 7, 0, 7, 0, 1, 4, 6, 5]
2026-06-15 21:55:01,843 - debug - DEBUG - First 10 targets: [3, 9, 7, 0, 7, 0, 1, 4, 6, 5]
2026-06-15 21:55:01,849 - debug - DEBUG - Unique predicted classes: 10 (first 10: [0 1 2 3 4 5 6 7 8 9])
2026-06-15 21:55:01,849 - debug - DEBUG - Unique target classes: 10 (first 10: [0 1 2 3 4 5 6 7 8 9])
2026-06-15 21:55:04,638 - debug - DEBUG - compute_metrics_and_record started for epoch 135
2026-06-15 21:55:04,639 - debug - DEBUG - all_preds length: 10000, all_targets length: 10000
2026-06-15 21:55:04,639 - debug - DEBUG - First 10 preds: [3, 8, 0, 0, 6, 5, 1, 6, 3, 9]
2026-06-15 21:55:04,639 - debug - DEBUG - First 10 targets: [3, 8, 8, 0, 6, 6, 1, 6, 3, 1]
2026-06-15 21:55:04,641 - debug - DEBUG - Unique predicted classes: 10 (first 10: [0 1 2 3 4 5 6 7 8 9])
2026-06-15 21:55:04,641 - debug - DEBUG - Unique target classes: 10 (first 10: [0 1 2 3 4 5 6 7 8 9])
2026-06-15 21:55:04,879 - debug - DEBUG - Device Check - Batch 0
2026-06-15 21:55:04,880 - debug - DEBUG -   Config GPU ID: 1
2026-06-15 21:55:04,880 - debug - DEBUG -   Input Device:  cuda:1
2026-06-15 21:55:04,881 - debug - DEBUG -   Target Device: cuda:1
2026-06-15 21:55:04,881 - debug - DEBUG -   Model Device:  cuda:1
2026-06-15 21:55:04,881 - debug - DEBUG -   Criterion Weight Device: No weights
2026-06-15 21:55:05,606 - debug - DEBUG - Batch 0 grad norm: 0.700370
2026-06-15 21:55:07,057 - debug - DEBUG - Batch 10 grad norm: 0.958998
2026-06-15 21:55:08,463 - debug - DEBUG - Batch 20 grad norm: 0.940164
2026-06-15 21:55:09,870 - debug - DEBUG - Batch 30 grad norm: 1.199262
2026-06-15 21:55:11,240 - debug - DEBUG - Batch 40 grad norm: 1.038765
2026-06-15 21:55:12,661 - debug - DEBUG - Batch 50 grad norm: 1.116453
2026-06-15 21:55:14,025 - debug - DEBUG - Batch 60 grad norm: 1.444192
2026-06-15 21:55:15,395 - debug - DEBUG - Batch 70 grad norm: 1.190207
2026-06-15 21:55:16,695 - debug - DEBUG - Batch 80 grad norm: 0.714717
2026-06-15 21:55:18,032 - debug - DEBUG - Batch 90 grad norm: 1.047711
2026-06-15 21:55:19,466 - debug - DEBUG - Batch 100 grad norm: 0.876461
2026-06-15 21:55:20,766 - debug - DEBUG - Batch 110 grad norm: 1.317888
2026-06-15 21:55:22,071 - debug - DEBUG - Batch 120 grad norm: 1.154348
2026-06-15 21:55:23,387 - debug - DEBUG - Batch 130 grad norm: 1.533177
2026-06-15 21:55:24,746 - debug - DEBUG - Batch 140 grad norm: 0.911824
2026-06-15 21:55:26,041 - debug - DEBUG - Batch 150 grad norm: 1.072163
2026-06-15 21:55:27,411 - debug - DEBUG - Batch 160 grad norm: 1.329235
2026-06-15 21:55:28,647 - debug - DEBUG - Batch 170 grad norm: 1.395949
2026-06-15 21:55:29,972 - debug - DEBUG - Batch 180 grad norm: 1.450618
2026-06-15 21:55:31,295 - debug - DEBUG - Batch 190 grad norm: 1.337432
2026-06-15 21:55:31,741 - debug - DEBUG - compute_metrics_and_record started for epoch 136
2026-06-15 21:55:31,741 - debug - DEBUG - all_preds length: 25000, all_targets length: 25000
2026-06-15 21:55:31,741 - debug - DEBUG - First 10 preds: [7, 3, 7, 9, 8, 0, 8, 9, 8, 1]
2026-06-15 21:55:31,741 - debug - DEBUG - First 10 targets: [7, 5, 7, 9, 8, 0, 8, 9, 8, 1]
2026-06-15 21:55:31,749 - debug - DEBUG - Unique predicted classes: 10 (first 10: [0 1 2 3 4 5 6 7 8 9])
2026-06-15 21:55:31,749 - debug - DEBUG - Unique target classes: 10 (first 10: [0 1 2 3 4 5 6 7 8 9])
2026-06-15 21:55:34,489 - debug - DEBUG - compute_metrics_and_record started for epoch 136
2026-06-15 21:55:34,490 - debug - DEBUG - all_preds length: 10000, all_targets length: 10000
2026-06-15 21:55:34,490 - debug - DEBUG - First 10 preds: [3, 1, 1, 0, 6, 6, 1, 6, 3, 1]
2026-06-15 21:55:34,490 - debug - DEBUG - First 10 targets: [3, 8, 8, 0, 6, 6, 1, 6, 3, 1]
2026-06-15 21:55:34,493 - debug - DEBUG - Unique predicted classes: 10 (first 10: [0 1 2 3 4 5 6 7 8 9])
2026-06-15 21:55:34,493 - debug - DEBUG - Unique target classes: 10 (first 10: [0 1 2 3 4 5 6 7 8 9])
2026-06-15 21:55:34,784 - debug - DEBUG - Device Check - Batch 0
2026-06-15 21:55:34,785 - debug - DEBUG -   Config GPU ID: 1
2026-06-15 21:55:34,785 - debug - DEBUG -   Input Device:  cuda:1
2026-06-15 21:55:34,785 - debug - DEBUG -   Target Device: cuda:1
2026-06-15 21:55:34,786 - debug - DEBUG -   Model Device:  cuda:1
2026-06-15 21:55:34,786 - debug - DEBUG -   Criterion Weight Device: No weights
2026-06-15 21:55:35,316 - debug - DEBUG - Batch 0 grad norm: 1.186152
2026-06-15 21:55:36,711 - debug - DEBUG - Batch 10 grad norm: 1.242442
2026-06-15 21:55:38,084 - debug - DEBUG - Batch 20 grad norm: 0.892318
2026-06-15 21:55:39,473 - debug - DEBUG - Batch 30 grad norm: 1.080336
2026-06-15 21:55:40,883 - debug - DEBUG - Batch 40 grad norm: 1.297751
2026-06-15 21:55:42,233 - debug - DEBUG - Batch 50 grad norm: 1.113277
2026-06-15 21:55:43,577 - debug - DEBUG - Batch 60 grad norm: 1.077825
2026-06-15 21:55:44,879 - debug - DEBUG - Batch 70 grad norm: 0.943582
2026-06-15 21:55:46,263 - debug - DEBUG - Batch 80 grad norm: 0.968007
2026-06-15 21:55:47,529 - debug - DEBUG - Batch 90 grad norm: 1.323110
2026-06-15 21:55:48,868 - debug - DEBUG - Batch 100 grad norm: 1.163402
2026-06-15 21:55:50,252 - debug - DEBUG - Batch 110 grad norm: 1.112848
2026-06-15 21:55:51,567 - debug - DEBUG - Batch 120 grad norm: 1.129054
2026-06-15 21:55:52,836 - debug - DEBUG - Batch 130 grad norm: 1.579181
2026-06-15 21:55:54,187 - debug - DEBUG - Batch 140 grad norm: 1.163422
2026-06-15 21:55:55,583 - debug - DEBUG - Batch 150 grad norm: 1.103874
2026-06-15 21:55:57,000 - debug - DEBUG - Batch 160 grad norm: 1.062430
2026-06-15 21:55:58,337 - debug - DEBUG - Batch 170 grad norm: 1.300608
2026-06-15 21:55:59,694 - debug - DEBUG - Batch 180 grad norm: 1.037813
2026-06-15 21:56:01,076 - debug - DEBUG - Batch 190 grad norm: 1.286269
2026-06-15 21:56:01,493 - debug - DEBUG - compute_metrics_and_record started for epoch 137
2026-06-15 21:56:01,493 - debug - DEBUG - all_preds length: 25000, all_targets length: 25000
2026-06-15 21:56:01,493 - debug - DEBUG - First 10 preds: [5, 2, 4, 7, 4, 0, 6, 6, 0, 5]
2026-06-15 21:56:01,493 - debug - DEBUG - First 10 targets: [5, 2, 4, 7, 4, 0, 6, 6, 0, 5]
2026-06-15 21:56:01,500 - debug - DEBUG - Unique predicted classes: 10 (first 10: [0 1 2 3 4 5 6 7 8 9])
2026-06-15 21:56:01,500 - debug - DEBUG - Unique target classes: 10 (first 10: [0 1 2 3 4 5 6 7 8 9])
2026-06-15 21:56:04,369 - debug - DEBUG - compute_metrics_and_record started for epoch 137
2026-06-15 21:56:04,369 - debug - DEBUG - all_preds length: 10000, all_targets length: 10000
2026-06-15 21:56:04,369 - debug - DEBUG - First 10 preds: [3, 0, 0, 0, 2, 6, 1, 6, 3, 1]
2026-06-15 21:56:04,369 - debug - DEBUG - First 10 targets: [3, 8, 8, 0, 6, 6, 1, 6, 3, 1]
2026-06-15 21:56:04,372 - debug - DEBUG - Unique predicted classes: 10 (first 10: [0 1 2 3 4 5 6 7 8 9])
2026-06-15 21:56:04,372 - debug - DEBUG - Unique target classes: 10 (first 10: [0 1 2 3 4 5 6 7 8 9])
2026-06-15 21:56:04,659 - debug - DEBUG - Device Check - Batch 0
2026-06-15 21:56:04,660 - debug - DEBUG -   Config GPU ID: 1
2026-06-15 21:56:04,660 - debug - DEBUG -   Input Device:  cuda:1
2026-06-15 21:56:04,660 - debug - DEBUG -   Target Device: cuda:1
2026-06-15 21:56:04,661 - debug - DEBUG -   Model Device:  cuda:1
2026-06-15 21:56:04,661 - debug - DEBUG -   Criterion Weight Device: No weights
2026-06-15 21:56:05,382 - debug - DEBUG - Batch 0 grad norm: 0.999135
2026-06-15 21:56:06,776 - debug - DEBUG - Batch 10 grad norm: 1.006006
2026-06-15 21:56:08,188 - debug - DEBUG - Batch 20 grad norm: 1.123127
2026-06-15 21:56:09,522 - debug - DEBUG - Batch 30 grad norm: 1.239443
2026-06-15 21:56:10,909 - debug - DEBUG - Batch 40 grad norm: 1.072268
2026-06-15 21:56:12,298 - debug - DEBUG - Batch 50 grad norm: 1.278942
2026-06-15 21:56:13,628 - debug - DEBUG - Batch 60 grad norm: 1.323588
2026-06-15 21:56:15,015 - debug - DEBUG - Batch 70 grad norm: 1.451846
2026-06-15 21:56:16,334 - debug - DEBUG - Batch 80 grad norm: 0.924770
2026-06-15 21:56:17,597 - debug - DEBUG - Batch 90 grad norm: 1.444216
2026-06-15 21:56:19,038 - debug - DEBUG - Batch 100 grad norm: 1.430266
2026-06-15 21:56:20,368 - debug - DEBUG - Batch 110 grad norm: 1.046071
2026-06-15 21:56:21,660 - debug - DEBUG - Batch 120 grad norm: 0.962665
2026-06-15 21:56:23,026 - debug - DEBUG - Batch 130 grad norm: 1.128560
2026-06-15 21:56:24,369 - debug - DEBUG - Batch 140 grad norm: 1.145633
2026-06-15 21:56:25,747 - debug - DEBUG - Batch 150 grad norm: 0.969132
2026-06-15 21:56:27,136 - debug - DEBUG - Batch 160 grad norm: 1.116325
2026-06-15 21:56:28,395 - debug - DEBUG - Batch 170 grad norm: 0.924668
2026-06-15 21:56:29,836 - debug - DEBUG - Batch 180 grad norm: 1.039953
2026-06-15 21:56:31,151 - debug - DEBUG - Batch 190 grad norm: 1.032419
2026-06-15 21:56:31,548 - debug - DEBUG - compute_metrics_and_record started for epoch 138
2026-06-15 21:56:31,548 - debug - DEBUG - all_preds length: 25000, all_targets length: 25000
2026-06-15 21:56:31,548 - debug - DEBUG - First 10 preds: [9, 7, 6, 7, 6, 0, 8, 8, 7, 7]
2026-06-15 21:56:31,548 - debug - DEBUG - First 10 targets: [9, 7, 6, 7, 6, 0, 8, 8, 7, 7]
2026-06-15 21:56:31,556 - debug - DEBUG - Unique predicted classes: 10 (first 10: [0 1 2 3 4 5 6 7 8 9])
2026-06-15 21:56:31,556 - debug - DEBUG - Unique target classes: 10 (first 10: [0 1 2 3 4 5 6 7 8 9])
2026-06-15 21:56:34,397 - debug - DEBUG - compute_metrics_and_record started for epoch 138
2026-06-15 21:56:34,398 - debug - DEBUG - all_preds length: 10000, all_targets length: 10000
2026-06-15 21:56:34,398 - debug - DEBUG - First 10 preds: [3, 8, 1, 8, 6, 6, 1, 6, 3, 1]
2026-06-15 21:56:34,398 - debug - DEBUG - First 10 targets: [3, 8, 8, 0, 6, 6, 1, 6, 3, 1]
2026-06-15 21:56:34,400 - debug - DEBUG - Unique predicted classes: 10 (first 10: [0 1 2 3 4 5 6 7 8 9])
2026-06-15 21:56:34,400 - debug - DEBUG - Unique target classes: 10 (first 10: [0 1 2 3 4 5 6 7 8 9])
2026-06-15 21:56:34,689 - debug - DEBUG - Device Check - Batch 0
2026-06-15 21:56:34,690 - debug - DEBUG -   Config GPU ID: 1
2026-06-15 21:56:34,690 - debug - DEBUG -   Input Device:  cuda:1
2026-06-15 21:56:34,690 - debug - DEBUG -   Target Device: cuda:1
2026-06-15 21:56:34,691 - debug - DEBUG -   Model Device:  cuda:1
2026-06-15 21:56:34,691 - debug - DEBUG -   Criterion Weight Device: No weights
2026-06-15 21:56:35,437 - debug - DEBUG - Batch 0 grad norm: 0.892598
2026-06-15 21:56:36,789 - debug - DEBUG - Batch 10 grad norm: 1.311712
2026-06-15 21:56:38,150 - debug - DEBUG - Batch 20 grad norm: 1.176804
2026-06-15 21:56:39,530 - debug - DEBUG - Batch 30 grad norm: 1.329969
2026-06-15 21:56:40,773 - debug - DEBUG - Batch 40 grad norm: 1.340344
2026-06-15 21:56:42,225 - debug - DEBUG - Batch 50 grad norm: 1.290299
2026-06-15 21:56:43,537 - debug - DEBUG - Batch 60 grad norm: 1.430440
2026-06-15 21:56:44,844 - debug - DEBUG - Batch 70 grad norm: 1.095914
2026-06-15 21:56:46,281 - debug - DEBUG - Batch 80 grad norm: 1.016205
2026-06-15 21:56:47,512 - debug - DEBUG - Batch 90 grad norm: 1.167963
2026-06-15 21:56:48,989 - debug - DEBUG - Batch 100 grad norm: 0.986411
2026-06-15 21:56:50,270 - debug - DEBUG - Batch 110 grad norm: 1.071897
2026-06-15 21:56:51,619 - debug - DEBUG - Batch 120 grad norm: 1.150014
2026-06-15 21:56:53,017 - debug - DEBUG - Batch 130 grad norm: 1.038516
2026-06-15 21:56:54,347 - debug - DEBUG - Batch 140 grad norm: 1.097254
2026-06-15 21:56:55,632 - debug - DEBUG - Batch 150 grad norm: 1.153561
2026-06-15 21:56:57,019 - debug - DEBUG - Batch 160 grad norm: 1.154758
2026-06-15 21:56:58,373 - debug - DEBUG - Batch 170 grad norm: 1.548460
2026-06-15 21:56:59,733 - debug - DEBUG - Batch 180 grad norm: 1.243012
2026-06-15 21:57:01,069 - debug - DEBUG - Batch 190 grad norm: 1.246821
2026-06-15 21:57:01,478 - debug - DEBUG - compute_metrics_and_record started for epoch 139
2026-06-15 21:57:01,479 - debug - DEBUG - all_preds length: 25000, all_targets length: 25000
2026-06-15 21:57:01,479 - debug - DEBUG - First 10 preds: [6, 5, 9, 6, 4, 4, 4, 4, 2, 7]
2026-06-15 21:57:01,479 - debug - DEBUG - First 10 targets: [6, 5, 9, 6, 4, 4, 4, 4, 6, 7]
2026-06-15 21:57:01,486 - debug - DEBUG - Unique predicted classes: 10 (first 10: [0 1 2 3 4 5 6 7 8 9])
2026-06-15 21:57:01,486 - debug - DEBUG - Unique target classes: 10 (first 10: [0 1 2 3 4 5 6 7 8 9])
2026-06-15 21:57:04,292 - debug - DEBUG - compute_metrics_and_record started for epoch 139
2026-06-15 21:57:04,293 - debug - DEBUG - all_preds length: 10000, all_targets length: 10000
2026-06-15 21:57:04,293 - debug - DEBUG - First 10 preds: [3, 8, 8, 9, 6, 6, 1, 6, 3, 1]
2026-06-15 21:57:04,293 - debug - DEBUG - First 10 targets: [3, 8, 8, 0, 6, 6, 1, 6, 3, 1]
2026-06-15 21:57:04,296 - debug - DEBUG - Unique predicted classes: 10 (first 10: [0 1 2 3 4 5 6 7 8 9])
2026-06-15 21:57:04,296 - debug - DEBUG - Unique target classes: 10 (first 10: [0 1 2 3 4 5 6 7 8 9])
2026-06-15 21:57:04,589 - debug - DEBUG - Device Check - Batch 0
2026-06-15 21:57:04,590 - debug - DEBUG -   Config GPU ID: 1
2026-06-15 21:57:04,590 - debug - DEBUG -   Input Device:  cuda:1
2026-06-15 21:57:04,591 - debug - DEBUG -   Target Device: cuda:1
2026-06-15 21:57:04,591 - debug - DEBUG -   Model Device:  cuda:1
2026-06-15 21:57:04,591 - debug - DEBUG -   Criterion Weight Device: No weights
2026-06-15 21:57:05,187 - debug - DEBUG - Batch 0 grad norm: 1.064592
2026-06-15 21:57:06,499 - debug - DEBUG - Batch 10 grad norm: 1.007208
2026-06-15 21:57:07,857 - debug - DEBUG - Batch 20 grad norm: 0.890045
2026-06-15 21:57:09,173 - debug - DEBUG - Batch 30 grad norm: 1.355041
2026-06-15 21:57:10,537 - debug - DEBUG - Batch 40 grad norm: 0.948310
2026-06-15 21:57:11,922 - debug - DEBUG - Batch 50 grad norm: 1.206640
2026-06-15 21:57:13,268 - debug - DEBUG - Batch 60 grad norm: 0.984097
2026-06-15 21:57:14,633 - debug - DEBUG - Batch 70 grad norm: 0.832727
2026-06-15 21:57:15,971 - debug - DEBUG - Batch 80 grad norm: 1.057318
2026-06-15 21:57:17,243 - debug - DEBUG - Batch 90 grad norm: 1.312055
2026-06-15 21:57:18,682 - debug - DEBUG - Batch 100 grad norm: 1.452751
2026-06-15 21:57:20,002 - debug - DEBUG - Batch 110 grad norm: 0.863096
2026-06-15 21:57:21,301 - debug - DEBUG - Batch 120 grad norm: 1.290724
2026-06-15 21:57:22,554 - debug - DEBUG - Batch 130 grad norm: 0.825583
2026-06-15 21:57:23,933 - debug - DEBUG - Batch 140 grad norm: 1.130121
2026-06-15 21:57:25,349 - debug - DEBUG - Batch 150 grad norm: 1.163130
2026-06-15 21:57:26,757 - debug - DEBUG - Batch 160 grad norm: 0.706479
2026-06-15 21:57:28,124 - debug - DEBUG - Batch 170 grad norm: 1.068267
2026-06-15 21:57:29,446 - debug - DEBUG - Batch 180 grad norm: 1.099365
2026-06-15 21:57:30,824 - debug - DEBUG - Batch 190 grad norm: 1.209038
2026-06-15 21:57:31,176 - debug - DEBUG - compute_metrics_and_record started for epoch 140
2026-06-15 21:57:31,176 - debug - DEBUG - all_preds length: 25000, all_targets length: 25000
2026-06-15 21:57:31,176 - debug - DEBUG - First 10 preds: [9, 7, 8, 1, 4, 9, 8, 3, 7, 5]
2026-06-15 21:57:31,176 - debug - DEBUG - First 10 targets: [9, 7, 8, 1, 4, 9, 8, 3, 7, 5]
2026-06-15 21:57:31,183 - debug - DEBUG - Unique predicted classes: 10 (first 10: [0 1 2 3 4 5 6 7 8 9])
2026-06-15 21:57:31,183 - debug - DEBUG - Unique target classes: 10 (first 10: [0 1 2 3 4 5 6 7 8 9])
2026-06-15 21:57:34,030 - debug - DEBUG - compute_metrics_and_record started for epoch 140
2026-06-15 21:57:34,030 - debug - DEBUG - all_preds length: 10000, all_targets length: 10000
2026-06-15 21:57:34,030 - debug - DEBUG - First 10 preds: [3, 8, 1, 0, 6, 6, 1, 6, 4, 1]
2026-06-15 21:57:34,030 - debug - DEBUG - First 10 targets: [3, 8, 8, 0, 6, 6, 1, 6, 3, 1]
2026-06-15 21:57:34,032 - debug - DEBUG - Unique predicted classes: 10 (first 10: [0 1 2 3 4 5 6 7 8 9])
2026-06-15 21:57:34,033 - debug - DEBUG - Unique target classes: 10 (first 10: [0 1 2 3 4 5 6 7 8 9])
2026-06-15 21:57:34,330 - debug - DEBUG - Device Check - Batch 0
2026-06-15 21:57:34,330 - debug - DEBUG -   Config GPU ID: 1
2026-06-15 21:57:34,330 - debug - DEBUG -   Input Device:  cuda:1
2026-06-15 21:57:34,331 - debug - DEBUG -   Target Device: cuda:1
2026-06-15 21:57:34,331 - debug - DEBUG -   Model Device:  cuda:1
2026-06-15 21:57:34,331 - debug - DEBUG -   Criterion Weight Device: No weights
2026-06-15 21:57:35,042 - debug - DEBUG - Batch 0 grad norm: 0.935145
2026-06-15 21:57:36,426 - debug - DEBUG - Batch 10 grad norm: 0.898195
2026-06-15 21:57:37,764 - debug - DEBUG - Batch 20 grad norm: 1.599252
2026-06-15 21:57:39,080 - debug - DEBUG - Batch 30 grad norm: 1.055442
2026-06-15 21:57:40,409 - debug - DEBUG - Batch 40 grad norm: 1.476044
2026-06-15 21:57:41,830 - debug - DEBUG - Batch 50 grad norm: 1.150418
2026-06-15 21:57:43,205 - debug - DEBUG - Batch 60 grad norm: 1.470044
2026-06-15 21:57:44,498 - debug - DEBUG - Batch 70 grad norm: 1.113167
2026-06-15 21:57:45,870 - debug - DEBUG - Batch 80 grad norm: 0.906296
2026-06-15 21:57:47,079 - debug - DEBUG - Batch 90 grad norm: 0.965036
2026-06-15 21:57:48,544 - debug - DEBUG - Batch 100 grad norm: 1.086772
2026-06-15 21:57:49,837 - debug - DEBUG - Batch 110 grad norm: 1.501812
2026-06-15 21:57:51,180 - debug - DEBUG - Batch 120 grad norm: 1.467542
2026-06-15 21:57:52,593 - debug - DEBUG - Batch 130 grad norm: 1.402070
2026-06-15 21:57:53,993 - debug - DEBUG - Batch 140 grad norm: 1.212936
2026-06-15 21:57:55,290 - debug - DEBUG - Batch 150 grad norm: 1.078770
2026-06-15 21:57:56,673 - debug - DEBUG - Batch 160 grad norm: 1.110994
2026-06-15 21:57:58,051 - debug - DEBUG - Batch 170 grad norm: 1.005269
2026-06-15 21:57:59,461 - debug - DEBUG - Batch 180 grad norm: 1.533658
2026-06-15 21:58:00,804 - debug - DEBUG - Batch 190 grad norm: 1.028015
2026-06-15 21:58:01,138 - debug - DEBUG - compute_metrics_and_record started for epoch 141
2026-06-15 21:58:01,138 - debug - DEBUG - all_preds length: 25000, all_targets length: 25000
2026-06-15 21:58:01,139 - debug - DEBUG - First 10 preds: [7, 6, 9, 9, 4, 2, 0, 1, 4, 8]
2026-06-15 21:58:01,139 - debug - DEBUG - First 10 targets: [7, 6, 9, 9, 4, 0, 0, 1, 4, 8]
2026-06-15 21:58:01,148 - debug - DEBUG - Unique predicted classes: 10 (first 10: [0 1 2 3 4 5 6 7 8 9])
2026-06-15 21:58:01,148 - debug - DEBUG - Unique target classes: 10 (first 10: [0 1 2 3 4 5 6 7 8 9])
2026-06-15 21:58:03,918 - debug - DEBUG - compute_metrics_and_record started for epoch 141
2026-06-15 21:58:03,918 - debug - DEBUG - all_preds length: 10000, all_targets length: 10000
2026-06-15 21:58:03,919 - debug - DEBUG - First 10 preds: [3, 8, 8, 8, 6, 6, 1, 6, 3, 1]
2026-06-15 21:58:03,919 - debug - DEBUG - First 10 targets: [3, 8, 8, 0, 6, 6, 1, 6, 3, 1]
2026-06-15 21:58:03,921 - debug - DEBUG - Unique predicted classes: 10 (first 10: [0 1 2 3 4 5 6 7 8 9])
2026-06-15 21:58:03,921 - debug - DEBUG - Unique target classes: 10 (first 10: [0 1 2 3 4 5 6 7 8 9])
2026-06-15 21:58:04,229 - debug - DEBUG - Device Check - Batch 0
2026-06-15 21:58:04,230 - debug - DEBUG -   Config GPU ID: 1
2026-06-15 21:58:04,230 - debug - DEBUG -   Input Device:  cuda:1
2026-06-15 21:58:04,230 - debug - DEBUG -   Target Device: cuda:1
2026-06-15 21:58:04,230 - debug - DEBUG -   Model Device:  cuda:1
2026-06-15 21:58:04,231 - debug - DEBUG -   Criterion Weight Device: No weights
2026-06-15 21:58:04,880 - debug - DEBUG - Batch 0 grad norm: 1.134519
2026-06-15 21:58:06,345 - debug - DEBUG - Batch 10 grad norm: 1.389592
2026-06-15 21:58:07,659 - debug - DEBUG - Batch 20 grad norm: 1.101719
2026-06-15 21:58:08,996 - debug - DEBUG - Batch 30 grad norm: 0.830178
2026-06-15 21:58:10,450 - debug - DEBUG - Batch 40 grad norm: 1.043227
2026-06-15 21:58:11,851 - debug - DEBUG - Batch 50 grad norm: 1.322224
2026-06-15 21:58:13,228 - debug - DEBUG - Batch 60 grad norm: 1.124396
2026-06-15 21:58:14,608 - debug - DEBUG - Batch 70 grad norm: 1.012582
2026-06-15 21:58:16,014 - debug - DEBUG - Batch 80 grad norm: 1.121248
2026-06-15 21:58:17,327 - debug - DEBUG - Batch 90 grad norm: 0.996462
2026-06-15 21:58:18,741 - debug - DEBUG - Batch 100 grad norm: 1.358672
2026-06-15 21:58:19,992 - debug - DEBUG - Batch 110 grad norm: 1.049109
2026-06-15 21:58:21,358 - debug - DEBUG - Batch 120 grad norm: 1.173185
2026-06-15 21:58:22,727 - debug - DEBUG - Batch 130 grad norm: 1.381384
2026-06-15 21:58:24,093 - debug - DEBUG - Batch 140 grad norm: 1.369842
2026-06-15 21:58:25,379 - debug - DEBUG - Batch 150 grad norm: 0.952309
2026-06-15 21:58:26,757 - debug - DEBUG - Batch 160 grad norm: 1.236527
2026-06-15 21:58:28,048 - debug - DEBUG - Batch 170 grad norm: 1.381525
2026-06-15 21:58:29,412 - debug - DEBUG - Batch 180 grad norm: 1.227032
2026-06-15 21:58:30,779 - debug - DEBUG - Batch 190 grad norm: 1.122077
2026-06-15 21:58:31,243 - debug - DEBUG - compute_metrics_and_record started for epoch 142
2026-06-15 21:58:31,243 - debug - DEBUG - all_preds length: 25000, all_targets length: 25000
2026-06-15 21:58:31,243 - debug - DEBUG - First 10 preds: [0, 5, 7, 8, 7, 2, 2, 6, 5, 1]
2026-06-15 21:58:31,244 - debug - DEBUG - First 10 targets: [0, 5, 7, 8, 7, 2, 2, 6, 5, 1]
2026-06-15 21:58:31,252 - debug - DEBUG - Unique predicted classes: 10 (first 10: [0 1 2 3 4 5 6 7 8 9])
2026-06-15 21:58:31,252 - debug - DEBUG - Unique target classes: 10 (first 10: [0 1 2 3 4 5 6 7 8 9])
2026-06-15 21:58:33,848 - debug - DEBUG - compute_metrics_and_record started for epoch 142
2026-06-15 21:58:33,849 - debug - DEBUG - all_preds length: 10000, all_targets length: 10000
2026-06-15 21:58:33,849 - debug - DEBUG - First 10 preds: [3, 8, 8, 0, 6, 6, 1, 6, 3, 1]
2026-06-15 21:58:33,849 - debug - DEBUG - First 10 targets: [3, 8, 8, 0, 6, 6, 1, 6, 3, 1]
2026-06-15 21:58:33,851 - debug - DEBUG - Unique predicted classes: 10 (first 10: [0 1 2 3 4 5 6 7 8 9])
2026-06-15 21:58:33,851 - debug - DEBUG - Unique target classes: 10 (first 10: [0 1 2 3 4 5 6 7 8 9])
2026-06-15 21:58:34,164 - debug - DEBUG - Device Check - Batch 0
2026-06-15 21:58:34,165 - debug - DEBUG -   Config GPU ID: 1
2026-06-15 21:58:34,165 - debug - DEBUG -   Input Device:  cuda:1
2026-06-15 21:58:34,165 - debug - DEBUG -   Target Device: cuda:1
2026-06-15 21:58:34,165 - debug - DEBUG -   Model Device:  cuda:1
2026-06-15 21:58:34,165 - debug - DEBUG -   Criterion Weight Device: No weights
2026-06-15 21:58:34,701 - debug - DEBUG - Batch 0 grad norm: 0.971530
2026-06-15 21:58:36,141 - debug - DEBUG - Batch 10 grad norm: 0.934515
2026-06-15 21:58:37,437 - debug - DEBUG - Batch 20 grad norm: 1.420468
2026-06-15 21:58:38,830 - debug - DEBUG - Batch 30 grad norm: 1.158930
2026-06-15 21:58:40,175 - debug - DEBUG - Batch 40 grad norm: 0.874778
2026-06-15 21:58:41,547 - debug - DEBUG - Batch 50 grad norm: 1.142017
2026-06-15 21:58:42,918 - debug - DEBUG - Batch 60 grad norm: 1.242971
2026-06-15 21:58:44,253 - debug - DEBUG - Batch 70 grad norm: 1.545803
2026-06-15 21:58:45,620 - debug - DEBUG - Batch 80 grad norm: 1.235123
2026-06-15 21:58:46,847 - debug - DEBUG - Batch 90 grad norm: 1.264034
2026-06-15 21:58:48,301 - debug - DEBUG - Batch 100 grad norm: 1.052286
2026-06-15 21:58:49,455 - debug - DEBUG - Batch 110 grad norm: 1.136121
2026-06-15 21:58:50,817 - debug - DEBUG - Batch 120 grad norm: 1.290133
2026-06-15 21:58:52,046 - debug - DEBUG - Batch 130 grad norm: 0.868541
2026-06-15 21:58:53,418 - debug - DEBUG - Batch 140 grad norm: 1.472302
2026-06-15 21:58:54,789 - debug - DEBUG - Batch 150 grad norm: 1.108805
2026-06-15 21:58:56,168 - debug - DEBUG - Batch 160 grad norm: 0.983542
2026-06-15 21:58:57,538 - debug - DEBUG - Batch 170 grad norm: 1.347779
2026-06-15 21:58:58,909 - debug - DEBUG - Batch 180 grad norm: 1.084636
2026-06-15 21:59:00,270 - debug - DEBUG - Batch 190 grad norm: 1.074804
2026-06-15 21:59:00,758 - debug - DEBUG - compute_metrics_and_record started for epoch 143
2026-06-15 21:59:00,758 - debug - DEBUG - all_preds length: 25000, all_targets length: 25000
2026-06-15 21:59:00,758 - debug - DEBUG - First 10 preds: [0, 1, 7, 7, 3, 8, 6, 9, 9, 8]
2026-06-15 21:59:00,759 - debug - DEBUG - First 10 targets: [0, 1, 7, 7, 3, 8, 6, 9, 9, 8]
2026-06-15 21:59:00,765 - debug - DEBUG - Unique predicted classes: 10 (first 10: [0 1 2 3 4 5 6 7 8 9])
2026-06-15 21:59:00,766 - debug - DEBUG - Unique target classes: 10 (first 10: [0 1 2 3 4 5 6 7 8 9])
2026-06-15 21:59:03,413 - debug - DEBUG - compute_metrics_and_record started for epoch 143
2026-06-15 21:59:03,414 - debug - DEBUG - all_preds length: 10000, all_targets length: 10000
2026-06-15 21:59:03,414 - debug - DEBUG - First 10 preds: [3, 8, 8, 8, 6, 6, 1, 6, 3, 1]
2026-06-15 21:59:03,414 - debug - DEBUG - First 10 targets: [3, 8, 8, 0, 6, 6, 1, 6, 3, 1]
2026-06-15 21:59:03,416 - debug - DEBUG - Unique predicted classes: 10 (first 10: [0 1 2 3 4 5 6 7 8 9])
2026-06-15 21:59:03,416 - debug - DEBUG - Unique target classes: 10 (first 10: [0 1 2 3 4 5 6 7 8 9])
2026-06-15 21:59:03,714 - debug - DEBUG - Device Check - Batch 0
2026-06-15 21:59:03,714 - debug - DEBUG -   Config GPU ID: 1
2026-06-15 21:59:03,714 - debug - DEBUG -   Input Device:  cuda:1
2026-06-15 21:59:03,715 - debug - DEBUG -   Target Device: cuda:1
2026-06-15 21:59:03,715 - debug - DEBUG -   Model Device:  cuda:1
2026-06-15 21:59:03,715 - debug - DEBUG -   Criterion Weight Device: No weights
2026-06-15 21:59:04,272 - debug - DEBUG - Batch 0 grad norm: 1.189988
2026-06-15 21:59:05,569 - debug - DEBUG - Batch 10 grad norm: 1.104898
2026-06-15 21:59:06,917 - debug - DEBUG - Batch 20 grad norm: 0.958212
2026-06-15 21:59:08,309 - debug - DEBUG - Batch 30 grad norm: 1.365918
2026-06-15 21:59:09,659 - debug - DEBUG - Batch 40 grad norm: 0.875765
2026-06-15 21:59:10,980 - debug - DEBUG - Batch 50 grad norm: 0.983827
2026-06-15 21:59:12,318 - debug - DEBUG - Batch 60 grad norm: 1.218677
2026-06-15 21:59:13,687 - debug - DEBUG - Batch 70 grad norm: 1.298894
2026-06-15 21:59:15,022 - debug - DEBUG - Batch 80 grad norm: 0.890891
2026-06-15 21:59:16,348 - debug - DEBUG - Batch 90 grad norm: 1.199632
2026-06-15 21:59:17,803 - debug - DEBUG - Batch 100 grad norm: 1.306720
2026-06-15 21:59:19,005 - debug - DEBUG - Batch 110 grad norm: 0.887488
2026-06-15 21:59:20,332 - debug - DEBUG - Batch 120 grad norm: 1.130498
2026-06-15 21:59:21,692 - debug - DEBUG - Batch 130 grad norm: 1.267695
2026-06-15 21:59:22,974 - debug - DEBUG - Batch 140 grad norm: 1.083913
2026-06-15 21:59:24,278 - debug - DEBUG - Batch 150 grad norm: 1.315012
2026-06-15 21:59:25,619 - debug - DEBUG - Batch 160 grad norm: 1.265500
2026-06-15 21:59:26,894 - debug - DEBUG - Batch 170 grad norm: 1.252332
2026-06-15 21:59:28,280 - debug - DEBUG - Batch 180 grad norm: 1.161116
2026-06-15 21:59:29,670 - debug - DEBUG - Batch 190 grad norm: 1.028248
2026-06-15 21:59:30,085 - debug - DEBUG - compute_metrics_and_record started for epoch 144
2026-06-15 21:59:30,085 - debug - DEBUG - all_preds length: 25000, all_targets length: 25000
2026-06-15 21:59:30,085 - debug - DEBUG - First 10 preds: [3, 3, 2, 5, 9, 0, 7, 9, 0, 7]
2026-06-15 21:59:30,085 - debug - DEBUG - First 10 targets: [3, 5, 2, 4, 9, 7, 7, 9, 0, 7]
2026-06-15 21:59:30,091 - debug - DEBUG - Unique predicted classes: 10 (first 10: [0 1 2 3 4 5 6 7 8 9])
2026-06-15 21:59:30,091 - debug - DEBUG - Unique target classes: 10 (first 10: [0 1 2 3 4 5 6 7 8 9])
2026-06-15 21:59:32,741 - debug - DEBUG - compute_metrics_and_record started for epoch 144
2026-06-15 21:59:32,742 - debug - DEBUG - all_preds length: 10000, all_targets length: 10000
2026-06-15 21:59:32,742 - debug - DEBUG - First 10 preds: [3, 1, 1, 0, 6, 6, 1, 6, 3, 1]
2026-06-15 21:59:32,742 - debug - DEBUG - First 10 targets: [3, 8, 8, 0, 6, 6, 1, 6, 3, 1]
2026-06-15 21:59:32,745 - debug - DEBUG - Unique predicted classes: 10 (first 10: [0 1 2 3 4 5 6 7 8 9])
2026-06-15 21:59:32,745 - debug - DEBUG - Unique target classes: 10 (first 10: [0 1 2 3 4 5 6 7 8 9])
2026-06-15 21:59:33,047 - debug - DEBUG - Device Check - Batch 0
2026-06-15 21:59:33,048 - debug - DEBUG -   Config GPU ID: 1
2026-06-15 21:59:33,048 - debug - DEBUG -   Input Device:  cuda:1
2026-06-15 21:59:33,048 - debug - DEBUG -   Target Device: cuda:1
2026-06-15 21:59:33,049 - debug - DEBUG -   Model Device:  cuda:1
2026-06-15 21:59:33,049 - debug - DEBUG -   Criterion Weight Device: No weights
2026-06-15 21:59:33,628 - debug - DEBUG - Batch 0 grad norm: 0.835299
2026-06-15 21:59:34,965 - debug - DEBUG - Batch 10 grad norm: 1.366473
2026-06-15 21:59:36,392 - debug - DEBUG - Batch 20 grad norm: 1.302012
2026-06-15 21:59:37,746 - debug - DEBUG - Batch 30 grad norm: 1.050138
2026-06-15 21:59:39,021 - debug - DEBUG - Batch 40 grad norm: 1.091862
2026-06-15 21:59:40,422 - debug - DEBUG - Batch 50 grad norm: 0.880006
2026-06-15 21:59:41,854 - debug - DEBUG - Batch 60 grad norm: 1.181534
2026-06-15 21:59:43,196 - debug - DEBUG - Batch 70 grad norm: 0.773003
2026-06-15 21:59:44,597 - debug - DEBUG - Batch 80 grad norm: 0.712321
2026-06-15 21:59:45,900 - debug - DEBUG - Batch 90 grad norm: 1.522341
2026-06-15 21:59:47,349 - debug - DEBUG - Batch 100 grad norm: 1.284886
2026-06-15 21:59:48,651 - debug - DEBUG - Batch 110 grad norm: 1.406038
2026-06-15 21:59:49,973 - debug - DEBUG - Batch 120 grad norm: 0.876612
2026-06-15 21:59:51,286 - debug - DEBUG - Batch 130 grad norm: 0.916659
2026-06-15 21:59:52,713 - debug - DEBUG - Batch 140 grad norm: 1.105597
2026-06-15 21:59:54,033 - debug - DEBUG - Batch 150 grad norm: 0.923721
2026-06-15 21:59:55,487 - debug - DEBUG - Batch 160 grad norm: 0.971338
2026-06-15 21:59:56,880 - debug - DEBUG - Batch 170 grad norm: 0.930196
2026-06-15 21:59:58,257 - debug - DEBUG - Batch 180 grad norm: 1.308732
2026-06-15 21:59:59,590 - debug - DEBUG - Batch 190 grad norm: 0.850439
2026-06-15 21:59:59,985 - debug - DEBUG - compute_metrics_and_record started for epoch 145
2026-06-15 21:59:59,986 - debug - DEBUG - all_preds length: 25000, all_targets length: 25000
2026-06-15 21:59:59,986 - debug - DEBUG - First 10 preds: [3, 4, 6, 2, 8, 4, 6, 6, 6, 0]
2026-06-15 21:59:59,986 - debug - DEBUG - First 10 targets: [3, 4, 6, 2, 8, 4, 6, 6, 6, 0]
2026-06-15 21:59:59,993 - debug - DEBUG - Unique predicted classes: 10 (first 10: [0 1 2 3 4 5 6 7 8 9])
2026-06-15 21:59:59,993 - debug - DEBUG - Unique target classes: 10 (first 10: [0 1 2 3 4 5 6 7 8 9])
2026-06-15 22:00:02,657 - debug - DEBUG - compute_metrics_and_record started for epoch 145
2026-06-15 22:00:02,657 - debug - DEBUG - all_preds length: 10000, all_targets length: 10000
2026-06-15 22:00:02,657 - debug - DEBUG - First 10 preds: [3, 8, 1, 0, 6, 6, 1, 6, 3, 1]
2026-06-15 22:00:02,657 - debug - DEBUG - First 10 targets: [3, 8, 8, 0, 6, 6, 1, 6, 3, 1]
2026-06-15 22:00:02,660 - debug - DEBUG - Unique predicted classes: 10 (first 10: [0 1 2 3 4 5 6 7 8 9])
2026-06-15 22:00:02,660 - debug - DEBUG - Unique target classes: 10 (first 10: [0 1 2 3 4 5 6 7 8 9])
2026-06-15 22:00:02,908 - debug - DEBUG - Device Check - Batch 0
2026-06-15 22:00:02,908 - debug - DEBUG -   Config GPU ID: 1
2026-06-15 22:00:02,908 - debug - DEBUG -   Input Device:  cuda:1
2026-06-15 22:00:02,908 - debug - DEBUG -   Target Device: cuda:1
2026-06-15 22:00:02,909 - debug - DEBUG -   Model Device:  cuda:1
2026-06-15 22:00:02,909 - debug - DEBUG -   Criterion Weight Device: No weights
2026-06-15 22:00:03,537 - debug - DEBUG - Batch 0 grad norm: 1.345216
2026-06-15 22:00:04,906 - debug - DEBUG - Batch 10 grad norm: 1.147785
2026-06-15 22:00:06,279 - debug - DEBUG - Batch 20 grad norm: 1.053470
2026-06-15 22:00:07,617 - debug - DEBUG - Batch 30 grad norm: 0.976756
2026-06-15 22:00:08,920 - debug - DEBUG - Batch 40 grad norm: 1.055758
2026-06-15 22:00:10,315 - debug - DEBUG - Batch 50 grad norm: 1.001724
2026-06-15 22:00:11,658 - debug - DEBUG - Batch 60 grad norm: 1.130202
2026-06-15 22:00:13,115 - debug - DEBUG - Batch 70 grad norm: 1.048964
2026-06-15 22:00:14,346 - debug - DEBUG - Batch 80 grad norm: 0.941890
2026-06-15 22:00:15,565 - debug - DEBUG - Batch 90 grad norm: 1.390613
2026-06-15 22:00:17,025 - debug - DEBUG - Batch 100 grad norm: 1.563670
2026-06-15 22:00:18,410 - debug - DEBUG - Batch 110 grad norm: 1.143609
2026-06-15 22:00:19,750 - debug - DEBUG - Batch 120 grad norm: 0.793661
2026-06-15 22:00:21,106 - debug - DEBUG - Batch 130 grad norm: 1.295287
2026-06-15 22:00:22,495 - debug - DEBUG - Batch 140 grad norm: 1.111470
2026-06-15 22:00:23,813 - debug - DEBUG - Batch 150 grad norm: 1.092054
2026-06-15 22:00:25,248 - debug - DEBUG - Batch 160 grad norm: 1.238054
2026-06-15 22:00:26,540 - debug - DEBUG - Batch 170 grad norm: 1.427087
2026-06-15 22:00:27,906 - debug - DEBUG - Batch 180 grad norm: 1.309524
2026-06-15 22:00:29,294 - debug - DEBUG - Batch 190 grad norm: 1.171915
2026-06-15 22:00:29,727 - debug - DEBUG - compute_metrics_and_record started for epoch 146
2026-06-15 22:00:29,727 - debug - DEBUG - all_preds length: 25000, all_targets length: 25000
2026-06-15 22:00:29,727 - debug - DEBUG - First 10 preds: [2, 0, 4, 1, 2, 7, 5, 8, 8, 5]
2026-06-15 22:00:29,727 - debug - DEBUG - First 10 targets: [2, 0, 4, 1, 2, 7, 5, 8, 8, 5]
2026-06-15 22:00:29,734 - debug - DEBUG - Unique predicted classes: 10 (first 10: [0 1 2 3 4 5 6 7 8 9])
2026-06-15 22:00:29,735 - debug - DEBUG - Unique target classes: 10 (first 10: [0 1 2 3 4 5 6 7 8 9])
2026-06-15 22:00:32,578 - debug - DEBUG - compute_metrics_and_record started for epoch 146
2026-06-15 22:00:32,578 - debug - DEBUG - all_preds length: 10000, all_targets length: 10000
2026-06-15 22:00:32,578 - debug - DEBUG - First 10 preds: [3, 1, 0, 0, 6, 6, 1, 6, 3, 1]
2026-06-15 22:00:32,578 - debug - DEBUG - First 10 targets: [3, 8, 8, 0, 6, 6, 1, 6, 3, 1]
2026-06-15 22:00:32,581 - debug - DEBUG - Unique predicted classes: 10 (first 10: [0 1 2 3 4 5 6 7 8 9])
2026-06-15 22:00:32,581 - debug - DEBUG - Unique target classes: 10 (first 10: [0 1 2 3 4 5 6 7 8 9])
2026-06-15 22:00:32,843 - debug - DEBUG - Device Check - Batch 0
2026-06-15 22:00:32,844 - debug - DEBUG -   Config GPU ID: 1
2026-06-15 22:00:32,844 - debug - DEBUG -   Input Device:  cuda:1
2026-06-15 22:00:32,844 - debug - DEBUG -   Target Device: cuda:1
2026-06-15 22:00:32,844 - debug - DEBUG -   Model Device:  cuda:1
2026-06-15 22:00:32,844 - debug - DEBUG -   Criterion Weight Device: No weights
2026-06-15 22:00:33,509 - debug - DEBUG - Batch 0 grad norm: 0.957954
2026-06-15 22:00:34,871 - debug - DEBUG - Batch 10 grad norm: 1.189634
2026-06-15 22:00:36,292 - debug - DEBUG - Batch 20 grad norm: 1.292805
2026-06-15 22:00:37,642 - debug - DEBUG - Batch 30 grad norm: 1.147492
2026-06-15 22:00:38,996 - debug - DEBUG - Batch 40 grad norm: 0.937068
2026-06-15 22:00:40,356 - debug - DEBUG - Batch 50 grad norm: 1.455177
2026-06-15 22:00:41,717 - debug - DEBUG - Batch 60 grad norm: 1.295271
2026-06-15 22:00:43,014 - debug - DEBUG - Batch 70 grad norm: 1.063332
2026-06-15 22:00:44,350 - debug - DEBUG - Batch 80 grad norm: 0.857253
2026-06-15 22:00:45,625 - debug - DEBUG - Batch 90 grad norm: 0.936476
2026-06-15 22:00:47,028 - debug - DEBUG - Batch 100 grad norm: 1.172449
2026-06-15 22:00:48,393 - debug - DEBUG - Batch 110 grad norm: 1.221025
2026-06-15 22:00:49,701 - debug - DEBUG - Batch 120 grad norm: 1.454621
2026-06-15 22:00:51,052 - debug - DEBUG - Batch 130 grad norm: 1.380567
2026-06-15 22:00:52,460 - debug - DEBUG - Batch 140 grad norm: 1.460820
2026-06-15 22:00:53,653 - debug - DEBUG - Batch 150 grad norm: 1.233508
2026-06-15 22:00:55,075 - debug - DEBUG - Batch 160 grad norm: 0.992827
2026-06-15 22:00:56,390 - debug - DEBUG - Batch 170 grad norm: 1.505145
2026-06-15 22:00:57,746 - debug - DEBUG - Batch 180 grad norm: 0.991245
2026-06-15 22:00:59,072 - debug - DEBUG - Batch 190 grad norm: 1.336441
2026-06-15 22:00:59,528 - debug - DEBUG - compute_metrics_and_record started for epoch 147
2026-06-15 22:00:59,528 - debug - DEBUG - all_preds length: 25000, all_targets length: 25000
2026-06-15 22:00:59,528 - debug - DEBUG - First 10 preds: [7, 7, 1, 7, 2, 3, 6, 9, 3, 3]
2026-06-15 22:00:59,528 - debug - DEBUG - First 10 targets: [7, 7, 1, 7, 6, 3, 6, 9, 3, 3]
2026-06-15 22:00:59,534 - debug - DEBUG - Unique predicted classes: 10 (first 10: [0 1 2 3 4 5 6 7 8 9])
2026-06-15 22:00:59,534 - debug - DEBUG - Unique target classes: 10 (first 10: [0 1 2 3 4 5 6 7 8 9])
2026-06-15 22:01:02,341 - debug - DEBUG - compute_metrics_and_record started for epoch 147
2026-06-15 22:01:02,342 - debug - DEBUG - all_preds length: 10000, all_targets length: 10000
2026-06-15 22:01:02,342 - debug - DEBUG - First 10 preds: [3, 8, 8, 2, 6, 6, 1, 2, 3, 1]
2026-06-15 22:01:02,342 - debug - DEBUG - First 10 targets: [3, 8, 8, 0, 6, 6, 1, 6, 3, 1]
2026-06-15 22:01:02,345 - debug - DEBUG - Unique predicted classes: 10 (first 10: [0 1 2 3 4 5 6 7 8 9])
2026-06-15 22:01:02,345 - debug - DEBUG - Unique target classes: 10 (first 10: [0 1 2 3 4 5 6 7 8 9])
2026-06-15 22:01:02,649 - debug - DEBUG - Device Check - Batch 0
2026-06-15 22:01:02,649 - debug - DEBUG -   Config GPU ID: 1
2026-06-15 22:01:02,650 - debug - DEBUG -   Input Device:  cuda:1
2026-06-15 22:01:02,650 - debug - DEBUG -   Target Device: cuda:1
2026-06-15 22:01:02,650 - debug - DEBUG -   Model Device:  cuda:1
2026-06-15 22:01:02,650 - debug - DEBUG -   Criterion Weight Device: No weights
2026-06-15 22:01:03,414 - debug - DEBUG - Batch 0 grad norm: 1.145885
2026-06-15 22:01:04,806 - debug - DEBUG - Batch 10 grad norm: 1.267533
2026-06-15 22:01:06,182 - debug - DEBUG - Batch 20 grad norm: 0.962910
2026-06-15 22:01:07,513 - debug - DEBUG - Batch 30 grad norm: 1.216322
2026-06-15 22:01:08,886 - debug - DEBUG - Batch 40 grad norm: 1.291007
2026-06-15 22:01:10,228 - debug - DEBUG - Batch 50 grad norm: 1.154625
2026-06-15 22:01:11,535 - debug - DEBUG - Batch 60 grad norm: 1.626612
2026-06-15 22:01:12,822 - debug - DEBUG - Batch 70 grad norm: 0.914439
2026-06-15 22:01:14,185 - debug - DEBUG - Batch 80 grad norm: 0.811562
2026-06-15 22:01:15,430 - debug - DEBUG - Batch 90 grad norm: 0.686646
2026-06-15 22:01:16,782 - debug - DEBUG - Batch 100 grad norm: 0.892462
2026-06-15 22:01:18,068 - debug - DEBUG - Batch 110 grad norm: 1.468346
2026-06-15 22:01:19,429 - debug - DEBUG - Batch 120 grad norm: 1.038666
2026-06-15 22:01:20,745 - debug - DEBUG - Batch 130 grad norm: 1.373430
2026-06-15 22:01:22,054 - debug - DEBUG - Batch 140 grad norm: 0.910124
2026-06-15 22:01:23,407 - debug - DEBUG - Batch 150 grad norm: 1.516589
2026-06-15 22:01:24,794 - debug - DEBUG - Batch 160 grad norm: 1.417605
2026-06-15 22:01:26,172 - debug - DEBUG - Batch 170 grad norm: 0.913752
2026-06-15 22:01:27,467 - debug - DEBUG - Batch 180 grad norm: 1.173991
2026-06-15 22:01:28,949 - debug - DEBUG - Batch 190 grad norm: 0.882641
2026-06-15 22:01:29,338 - debug - DEBUG - compute_metrics_and_record started for epoch 148
2026-06-15 22:01:29,339 - debug - DEBUG - all_preds length: 25000, all_targets length: 25000
2026-06-15 22:01:29,339 - debug - DEBUG - First 10 preds: [3, 5, 0, 0, 3, 3, 1, 0, 6, 3]
2026-06-15 22:01:29,339 - debug - DEBUG - First 10 targets: [3, 5, 0, 0, 3, 3, 1, 0, 6, 3]
2026-06-15 22:01:29,348 - debug - DEBUG - Unique predicted classes: 10 (first 10: [0 1 2 3 4 5 6 7 8 9])
2026-06-15 22:01:29,348 - debug - DEBUG - Unique target classes: 10 (first 10: [0 1 2 3 4 5 6 7 8 9])
2026-06-15 22:01:32,106 - debug - DEBUG - compute_metrics_and_record started for epoch 148
2026-06-15 22:01:32,107 - debug - DEBUG - all_preds length: 10000, all_targets length: 10000
2026-06-15 22:01:32,107 - debug - DEBUG - First 10 preds: [3, 8, 8, 0, 6, 6, 1, 6, 3, 1]
2026-06-15 22:01:32,107 - debug - DEBUG - First 10 targets: [3, 8, 8, 0, 6, 6, 1, 6, 3, 1]
2026-06-15 22:01:32,109 - debug - DEBUG - Unique predicted classes: 10 (first 10: [0 1 2 3 4 5 6 7 8 9])
2026-06-15 22:01:32,110 - debug - DEBUG - Unique target classes: 10 (first 10: [0 1 2 3 4 5 6 7 8 9])
2026-06-15 22:01:32,392 - debug - DEBUG - Device Check - Batch 0
2026-06-15 22:01:32,393 - debug - DEBUG -   Config GPU ID: 1
2026-06-15 22:01:32,394 - debug - DEBUG -   Input Device:  cuda:1
2026-06-15 22:01:32,394 - debug - DEBUG -   Target Device: cuda:1
2026-06-15 22:01:32,394 - debug - DEBUG -   Model Device:  cuda:1
2026-06-15 22:01:32,394 - debug - DEBUG -   Criterion Weight Device: No weights
2026-06-15 22:01:33,041 - debug - DEBUG - Batch 0 grad norm: 1.078574
2026-06-15 22:01:34,427 - debug - DEBUG - Batch 10 grad norm: 0.847173
2026-06-15 22:01:35,758 - debug - DEBUG - Batch 20 grad norm: 1.392998
2026-06-15 22:01:37,261 - debug - DEBUG - Batch 30 grad norm: 1.015290
2026-06-15 22:01:38,597 - debug - DEBUG - Batch 40 grad norm: 1.316484
2026-06-15 22:01:39,927 - debug - DEBUG - Batch 50 grad norm: 1.092588
2026-06-15 22:01:41,328 - debug - DEBUG - Batch 60 grad norm: 0.939744
2026-06-15 22:01:42,734 - debug - DEBUG - Batch 70 grad norm: 1.054313
2026-06-15 22:01:44,087 - debug - DEBUG - Batch 80 grad norm: 1.227728
2026-06-15 22:01:45,397 - debug - DEBUG - Batch 90 grad norm: 1.252739
2026-06-15 22:01:46,908 - debug - DEBUG - Batch 100 grad norm: 1.109391
2026-06-15 22:01:48,231 - debug - DEBUG - Batch 110 grad norm: 1.388049
2026-06-15 22:01:49,591 - debug - DEBUG - Batch 120 grad norm: 1.156116
2026-06-15 22:01:50,979 - debug - DEBUG - Batch 130 grad norm: 1.508644
2026-06-15 22:01:52,291 - debug - DEBUG - Batch 140 grad norm: 1.210331
2026-06-15 22:01:53,605 - debug - DEBUG - Batch 150 grad norm: 0.918892
2026-06-15 22:01:54,974 - debug - DEBUG - Batch 160 grad norm: 0.787283
2026-06-15 22:01:56,350 - debug - DEBUG - Batch 170 grad norm: 1.250593
2026-06-15 22:01:57,718 - debug - DEBUG - Batch 180 grad norm: 1.063378
2026-06-15 22:01:59,084 - debug - DEBUG - Batch 190 grad norm: 1.036255
2026-06-15 22:01:59,439 - debug - DEBUG - compute_metrics_and_record started for epoch 149
2026-06-15 22:01:59,439 - debug - DEBUG - all_preds length: 25000, all_targets length: 25000
2026-06-15 22:01:59,439 - debug - DEBUG - First 10 preds: [0, 7, 2, 4, 3, 7, 9, 4, 6, 5]
2026-06-15 22:01:59,439 - debug - DEBUG - First 10 targets: [0, 4, 2, 4, 3, 5, 9, 4, 6, 5]
2026-06-15 22:01:59,446 - debug - DEBUG - Unique predicted classes: 10 (first 10: [0 1 2 3 4 5 6 7 8 9])
2026-06-15 22:01:59,446 - debug - DEBUG - Unique target classes: 10 (first 10: [0 1 2 3 4 5 6 7 8 9])
2026-06-15 22:02:02,147 - debug - DEBUG - compute_metrics_and_record started for epoch 149
2026-06-15 22:02:02,147 - debug - DEBUG - all_preds length: 10000, all_targets length: 10000
2026-06-15 22:02:02,147 - debug - DEBUG - First 10 preds: [3, 8, 8, 0, 6, 6, 1, 2, 3, 1]
2026-06-15 22:02:02,148 - debug - DEBUG - First 10 targets: [3, 8, 8, 0, 6, 6, 1, 6, 3, 1]
2026-06-15 22:02:02,150 - debug - DEBUG - Unique predicted classes: 10 (first 10: [0 1 2 3 4 5 6 7 8 9])
2026-06-15 22:02:02,150 - debug - DEBUG - Unique target classes: 10 (first 10: [0 1 2 3 4 5 6 7 8 9])
2026-06-15 22:02:02,446 - debug - DEBUG - Device Check - Batch 0
2026-06-15 22:02:02,447 - debug - DEBUG -   Config GPU ID: 1
2026-06-15 22:02:02,447 - debug - DEBUG -   Input Device:  cuda:1
2026-06-15 22:02:02,447 - debug - DEBUG -   Target Device: cuda:1
2026-06-15 22:02:02,447 - debug - DEBUG -   Model Device:  cuda:1
2026-06-15 22:02:02,448 - debug - DEBUG -   Criterion Weight Device: No weights
2026-06-15 22:02:03,012 - debug - DEBUG - Batch 0 grad norm: 1.302607
2026-06-15 22:02:04,392 - debug - DEBUG - Batch 10 grad norm: 0.899733
2026-06-15 22:02:05,777 - debug - DEBUG - Batch 20 grad norm: 0.887752
2026-06-15 22:02:07,176 - debug - DEBUG - Batch 30 grad norm: 1.021559
2026-06-15 22:02:08,584 - debug - DEBUG - Batch 40 grad norm: 1.110795
2026-06-15 22:02:09,947 - debug - DEBUG - Batch 50 grad norm: 1.227938
2026-06-15 22:02:11,318 - debug - DEBUG - Batch 60 grad norm: 1.217885
2026-06-15 22:02:12,710 - debug - DEBUG - Batch 70 grad norm: 1.381051
2026-06-15 22:02:14,107 - debug - DEBUG - Batch 80 grad norm: 1.467088
2026-06-15 22:02:15,457 - debug - DEBUG - Batch 90 grad norm: 0.822444
2026-06-15 22:02:16,847 - debug - DEBUG - Batch 100 grad norm: 1.056605
2026-06-15 22:02:17,942 - debug - DEBUG - Batch 110 grad norm: 1.294971
2026-06-15 22:02:19,391 - debug - DEBUG - Batch 120 grad norm: 1.257699
2026-06-15 22:02:20,692 - debug - DEBUG - Batch 130 grad norm: 1.222872
2026-06-15 22:02:22,064 - debug - DEBUG - Batch 140 grad norm: 0.864169
2026-06-15 22:02:23,375 - debug - DEBUG - Batch 150 grad norm: 1.303714
2026-06-15 22:02:24,744 - debug - DEBUG - Batch 160 grad norm: 0.893409
2026-06-15 22:02:26,175 - debug - DEBUG - Batch 170 grad norm: 1.253072
2026-06-15 22:02:27,524 - debug - DEBUG - Batch 180 grad norm: 1.522742
2026-06-15 22:02:28,887 - debug - DEBUG - Batch 190 grad norm: 1.017620
2026-06-15 22:02:29,333 - debug - DEBUG - compute_metrics_and_record started for epoch 150
2026-06-15 22:02:29,333 - debug - DEBUG - all_preds length: 25000, all_targets length: 25000
2026-06-15 22:02:29,334 - debug - DEBUG - First 10 preds: [2, 9, 2, 1, 2, 6, 0, 3, 1, 3]
2026-06-15 22:02:29,334 - debug - DEBUG - First 10 targets: [2, 9, 2, 1, 2, 6, 0, 6, 1, 3]
2026-06-15 22:02:29,343 - debug - DEBUG - Unique predicted classes: 10 (first 10: [0 1 2 3 4 5 6 7 8 9])
2026-06-15 22:02:29,343 - debug - DEBUG - Unique target classes: 10 (first 10: [0 1 2 3 4 5 6 7 8 9])
2026-06-15 22:02:32,244 - debug - DEBUG - compute_metrics_and_record started for epoch 150
2026-06-15 22:02:32,244 - debug - DEBUG - all_preds length: 10000, all_targets length: 10000
2026-06-15 22:02:32,244 - debug - DEBUG - First 10 preds: [3, 8, 8, 8, 6, 6, 1, 6, 3, 1]
2026-06-15 22:02:32,244 - debug - DEBUG - First 10 targets: [3, 8, 8, 0, 6, 6, 1, 6, 3, 1]
2026-06-15 22:02:32,247 - debug - DEBUG - Unique predicted classes: 10 (first 10: [0 1 2 3 4 5 6 7 8 9])
2026-06-15 22:02:32,247 - debug - DEBUG - Unique target classes: 10 (first 10: [0 1 2 3 4 5 6 7 8 9])
2026-06-15 22:02:32,574 - debug - DEBUG - Device Check - Batch 0
2026-06-15 22:02:32,575 - debug - DEBUG -   Config GPU ID: 1
2026-06-15 22:02:32,575 - debug - DEBUG -   Input Device:  cuda:1
2026-06-15 22:02:32,575 - debug - DEBUG -   Target Device: cuda:1
2026-06-15 22:02:32,575 - debug - DEBUG -   Model Device:  cuda:1
2026-06-15 22:02:32,575 - debug - DEBUG -   Criterion Weight Device: No weights
2026-06-15 22:02:33,268 - debug - DEBUG - Batch 0 grad norm: 0.997273
2026-06-15 22:02:34,549 - debug - DEBUG - Batch 10 grad norm: 0.936653
2026-06-15 22:02:35,918 - debug - DEBUG - Batch 20 grad norm: 1.549097
2026-06-15 22:02:37,283 - debug - DEBUG - Batch 30 grad norm: 1.075089
2026-06-15 22:02:38,653 - debug - DEBUG - Batch 40 grad norm: 1.093894
2026-06-15 22:02:39,999 - debug - DEBUG - Batch 50 grad norm: 1.028930
2026-06-15 22:02:41,338 - debug - DEBUG - Batch 60 grad norm: 1.220675
2026-06-15 22:02:42,709 - debug - DEBUG - Batch 70 grad norm: 1.018064
2026-06-15 22:02:44,044 - debug - DEBUG - Batch 80 grad norm: 1.155523
2026-06-15 22:02:45,326 - debug - DEBUG - Batch 90 grad norm: 0.644245
2026-06-15 22:02:46,769 - debug - DEBUG - Batch 100 grad norm: 1.172742
2026-06-15 22:02:48,055 - debug - DEBUG - Batch 110 grad norm: 1.377520
2026-06-15 22:02:49,456 - debug - DEBUG - Batch 120 grad norm: 1.146257
2026-06-15 22:02:50,792 - debug - DEBUG - Batch 130 grad norm: 1.220463
2026-06-15 22:02:52,096 - debug - DEBUG - Batch 140 grad norm: 0.935795
2026-06-15 22:02:53,530 - debug - DEBUG - Batch 150 grad norm: 1.061902
2026-06-15 22:02:54,932 - debug - DEBUG - Batch 160 grad norm: 1.411463
2026-06-15 22:02:56,281 - debug - DEBUG - Batch 170 grad norm: 1.058237
2026-06-15 22:02:57,654 - debug - DEBUG - Batch 180 grad norm: 1.127910
2026-06-15 22:02:59,062 - debug - DEBUG - Batch 190 grad norm: 0.874428
2026-06-15 22:02:59,444 - debug - DEBUG - compute_metrics_and_record started for epoch 151
2026-06-15 22:02:59,444 - debug - DEBUG - all_preds length: 25000, all_targets length: 25000
2026-06-15 22:02:59,444 - debug - DEBUG - First 10 preds: [2, 5, 3, 4, 4, 3, 3, 4, 8, 9]
2026-06-15 22:02:59,444 - debug - DEBUG - First 10 targets: [3, 5, 5, 7, 4, 3, 3, 4, 8, 9]
2026-06-15 22:02:59,450 - debug - DEBUG - Unique predicted classes: 10 (first 10: [0 1 2 3 4 5 6 7 8 9])
2026-06-15 22:02:59,450 - debug - DEBUG - Unique target classes: 10 (first 10: [0 1 2 3 4 5 6 7 8 9])
2026-06-15 22:03:02,238 - debug - DEBUG - compute_metrics_and_record started for epoch 151
2026-06-15 22:03:02,238 - debug - DEBUG - all_preds length: 10000, all_targets length: 10000
2026-06-15 22:03:02,238 - debug - DEBUG - First 10 preds: [3, 8, 8, 0, 6, 6, 1, 6, 3, 1]
2026-06-15 22:03:02,238 - debug - DEBUG - First 10 targets: [3, 8, 8, 0, 6, 6, 1, 6, 3, 1]
2026-06-15 22:03:02,241 - debug - DEBUG - Unique predicted classes: 10 (first 10: [0 1 2 3 4 5 6 7 8 9])
2026-06-15 22:03:02,241 - debug - DEBUG - Unique target classes: 10 (first 10: [0 1 2 3 4 5 6 7 8 9])
2026-06-15 22:03:02,551 - debug - DEBUG - Device Check - Batch 0
2026-06-15 22:03:02,553 - debug - DEBUG -   Config GPU ID: 1
2026-06-15 22:03:02,553 - debug - DEBUG -   Input Device:  cuda:1
2026-06-15 22:03:02,553 - debug - DEBUG -   Target Device: cuda:1
2026-06-15 22:03:02,554 - debug - DEBUG -   Model Device:  cuda:1
2026-06-15 22:03:02,554 - debug - DEBUG -   Criterion Weight Device: No weights
2026-06-15 22:03:03,044 - debug - DEBUG - Batch 0 grad norm: 0.837657
2026-06-15 22:03:04,334 - debug - DEBUG - Batch 10 grad norm: 1.237057
2026-06-15 22:03:05,726 - debug - DEBUG - Batch 20 grad norm: 0.936358
2026-06-15 22:03:07,076 - debug - DEBUG - Batch 30 grad norm: 0.992998
2026-06-15 22:03:08,477 - debug - DEBUG - Batch 40 grad norm: 1.048772
2026-06-15 22:03:09,782 - debug - DEBUG - Batch 50 grad norm: 0.918339
2026-06-15 22:03:11,081 - debug - DEBUG - Batch 60 grad norm: 1.078349
2026-06-15 22:03:12,444 - debug - DEBUG - Batch 70 grad norm: 0.884728
2026-06-15 22:03:13,811 - debug - DEBUG - Batch 80 grad norm: 0.853419
2026-06-15 22:03:15,092 - debug - DEBUG - Batch 90 grad norm: 1.268400
2026-06-15 22:03:16,563 - debug - DEBUG - Batch 100 grad norm: 0.950855
2026-06-15 22:03:17,849 - debug - DEBUG - Batch 110 grad norm: 1.017953
2026-06-15 22:03:19,220 - debug - DEBUG - Batch 120 grad norm: 1.390369
2026-06-15 22:03:20,608 - debug - DEBUG - Batch 130 grad norm: 1.065081
2026-06-15 22:03:21,961 - debug - DEBUG - Batch 140 grad norm: 1.485585
2026-06-15 22:03:23,333 - debug - DEBUG - Batch 150 grad norm: 1.022176
2026-06-15 22:03:24,728 - debug - DEBUG - Batch 160 grad norm: 1.570246
2026-06-15 22:03:26,110 - debug - DEBUG - Batch 170 grad norm: 0.980625
2026-06-15 22:03:27,395 - debug - DEBUG - Batch 180 grad norm: 1.148238
2026-06-15 22:03:28,753 - debug - DEBUG - Batch 190 grad norm: 1.252381
2026-06-15 22:03:29,109 - debug - DEBUG - compute_metrics_and_record started for epoch 152
2026-06-15 22:03:29,110 - debug - DEBUG - all_preds length: 25000, all_targets length: 25000
2026-06-15 22:03:29,110 - debug - DEBUG - First 10 preds: [3, 7, 0, 9, 6, 4, 2, 1, 5, 4]
2026-06-15 22:03:29,110 - debug - DEBUG - First 10 targets: [3, 7, 0, 9, 5, 4, 2, 1, 5, 4]
2026-06-15 22:03:29,115 - debug - DEBUG - Unique predicted classes: 10 (first 10: [0 1 2 3 4 5 6 7 8 9])
2026-06-15 22:03:29,115 - debug - DEBUG - Unique target classes: 10 (first 10: [0 1 2 3 4 5 6 7 8 9])
2026-06-15 22:03:31,848 - debug - DEBUG - compute_metrics_and_record started for epoch 152
2026-06-15 22:03:31,848 - debug - DEBUG - all_preds length: 10000, all_targets length: 10000
2026-06-15 22:03:31,848 - debug - DEBUG - First 10 preds: [3, 1, 8, 9, 6, 6, 1, 2, 3, 1]
2026-06-15 22:03:31,848 - debug - DEBUG - First 10 targets: [3, 8, 8, 0, 6, 6, 1, 6, 3, 1]
2026-06-15 22:03:31,851 - debug - DEBUG - Unique predicted classes: 10 (first 10: [0 1 2 3 4 5 6 7 8 9])
2026-06-15 22:03:31,851 - debug - DEBUG - Unique target classes: 10 (first 10: [0 1 2 3 4 5 6 7 8 9])
2026-06-15 22:03:32,137 - debug - DEBUG - Device Check - Batch 0
2026-06-15 22:03:32,138 - debug - DEBUG -   Config GPU ID: 1
2026-06-15 22:03:32,139 - debug - DEBUG -   Input Device:  cuda:1
2026-06-15 22:03:32,139 - debug - DEBUG -   Target Device: cuda:1
2026-06-15 22:03:32,139 - debug - DEBUG -   Model Device:  cuda:1
2026-06-15 22:03:32,139 - debug - DEBUG -   Criterion Weight Device: No weights
2026-06-15 22:03:32,839 - debug - DEBUG - Batch 0 grad norm: 0.637393
2026-06-15 22:03:34,168 - debug - DEBUG - Batch 10 grad norm: 1.269802
2026-06-15 22:03:35,582 - debug - DEBUG - Batch 20 grad norm: 1.438252
2026-06-15 22:03:36,951 - debug - DEBUG - Batch 30 grad norm: 1.183474
2026-06-15 22:03:38,306 - debug - DEBUG - Batch 40 grad norm: 1.030631
2026-06-15 22:03:39,669 - debug - DEBUG - Batch 50 grad norm: 1.131415
2026-06-15 22:03:41,047 - debug - DEBUG - Batch 60 grad norm: 1.597382
2026-06-15 22:03:42,282 - debug - DEBUG - Batch 70 grad norm: 1.059356
2026-06-15 22:03:43,667 - debug - DEBUG - Batch 80 grad norm: 0.968023
2026-06-15 22:03:44,884 - debug - DEBUG - Batch 90 grad norm: 1.488456
2026-06-15 22:03:46,255 - debug - DEBUG - Batch 100 grad norm: 1.027466
2026-06-15 22:03:47,557 - debug - DEBUG - Batch 110 grad norm: 1.349838
2026-06-15 22:03:48,961 - debug - DEBUG - Batch 120 grad norm: 0.930907
2026-06-15 22:03:50,372 - debug - DEBUG - Batch 130 grad norm: 1.233261
2026-06-15 22:03:51,798 - debug - DEBUG - Batch 140 grad norm: 1.282683
2026-06-15 22:03:53,100 - debug - DEBUG - Batch 150 grad norm: 0.970412
2026-06-15 22:03:54,488 - debug - DEBUG - Batch 160 grad norm: 1.339061
2026-06-15 22:03:55,836 - debug - DEBUG - Batch 170 grad norm: 1.315527
2026-06-15 22:03:57,223 - debug - DEBUG - Batch 180 grad norm: 1.010550
2026-06-15 22:03:58,614 - debug - DEBUG - Batch 190 grad norm: 1.051782
2026-06-15 22:03:59,016 - debug - DEBUG - compute_metrics_and_record started for epoch 153
2026-06-15 22:03:59,016 - debug - DEBUG - all_preds length: 25000, all_targets length: 25000
2026-06-15 22:03:59,016 - debug - DEBUG - First 10 preds: [7, 2, 4, 8, 1, 4, 7, 0, 9, 4]
2026-06-15 22:03:59,017 - debug - DEBUG - First 10 targets: [7, 2, 4, 8, 1, 4, 7, 0, 9, 4]
2026-06-15 22:03:59,022 - debug - DEBUG - Unique predicted classes: 10 (first 10: [0 1 2 3 4 5 6 7 8 9])
2026-06-15 22:03:59,022 - debug - DEBUG - Unique target classes: 10 (first 10: [0 1 2 3 4 5 6 7 8 9])
2026-06-15 22:04:01,864 - debug - DEBUG - compute_metrics_and_record started for epoch 153
2026-06-15 22:04:01,864 - debug - DEBUG - all_preds length: 10000, all_targets length: 10000
2026-06-15 22:04:01,865 - debug - DEBUG - First 10 preds: [3, 1, 1, 0, 6, 5, 1, 6, 3, 1]
2026-06-15 22:04:01,865 - debug - DEBUG - First 10 targets: [3, 8, 8, 0, 6, 6, 1, 6, 3, 1]
2026-06-15 22:04:01,868 - debug - DEBUG - Unique predicted classes: 10 (first 10: [0 1 2 3 4 5 6 7 8 9])
2026-06-15 22:04:01,868 - debug - DEBUG - Unique target classes: 10 (first 10: [0 1 2 3 4 5 6 7 8 9])
2026-06-15 22:04:02,162 - debug - DEBUG - Device Check - Batch 0
2026-06-15 22:04:02,163 - debug - DEBUG -   Config GPU ID: 1
2026-06-15 22:04:02,163 - debug - DEBUG -   Input Device:  cuda:1
2026-06-15 22:04:02,163 - debug - DEBUG -   Target Device: cuda:1
2026-06-15 22:04:02,164 - debug - DEBUG -   Model Device:  cuda:1
2026-06-15 22:04:02,164 - debug - DEBUG -   Criterion Weight Device: No weights
2026-06-15 22:04:02,810 - debug - DEBUG - Batch 0 grad norm: 1.434827
2026-06-15 22:04:04,186 - debug - DEBUG - Batch 10 grad norm: 1.360872
2026-06-15 22:04:05,609 - debug - DEBUG - Batch 20 grad norm: 0.917513
2026-06-15 22:04:07,010 - debug - DEBUG - Batch 30 grad norm: 1.091817
2026-06-15 22:04:08,358 - debug - DEBUG - Batch 40 grad norm: 0.735064
2026-06-15 22:04:09,763 - debug - DEBUG - Batch 50 grad norm: 1.133593
2026-06-15 22:04:11,145 - debug - DEBUG - Batch 60 grad norm: 1.379696
2026-06-15 22:04:12,540 - debug - DEBUG - Batch 70 grad norm: 1.566195
2026-06-15 22:04:13,958 - debug - DEBUG - Batch 80 grad norm: 0.888366
2026-06-15 22:04:15,215 - debug - DEBUG - Batch 90 grad norm: 1.130365
2026-06-15 22:04:16,664 - debug - DEBUG - Batch 100 grad norm: 1.412266
2026-06-15 22:04:17,838 - debug - DEBUG - Batch 110 grad norm: 1.337529
2026-06-15 22:04:19,241 - debug - DEBUG - Batch 120 grad norm: 1.129641
2026-06-15 22:04:20,613 - debug - DEBUG - Batch 130 grad norm: 0.971606
2026-06-15 22:04:22,008 - debug - DEBUG - Batch 140 grad norm: 1.003736
2026-06-15 22:04:23,316 - debug - DEBUG - Batch 150 grad norm: 1.000346
2026-06-15 22:04:24,722 - debug - DEBUG - Batch 160 grad norm: 1.041508
2026-06-15 22:04:26,201 - debug - DEBUG - Batch 170 grad norm: 1.241492
2026-06-15 22:04:27,719 - debug - DEBUG - Batch 180 grad norm: 1.116624
2026-06-15 22:04:29,073 - debug - DEBUG - Batch 190 grad norm: 1.332946
2026-06-15 22:04:29,513 - debug - DEBUG - compute_metrics_and_record started for epoch 154
2026-06-15 22:04:29,513 - debug - DEBUG - all_preds length: 25000, all_targets length: 25000
2026-06-15 22:04:29,514 - debug - DEBUG - First 10 preds: [1, 5, 5, 3, 6, 7, 1, 9, 3, 4]
2026-06-15 22:04:29,514 - debug - DEBUG - First 10 targets: [1, 5, 5, 3, 6, 7, 1, 9, 3, 5]
2026-06-15 22:04:29,520 - debug - DEBUG - Unique predicted classes: 10 (first 10: [0 1 2 3 4 5 6 7 8 9])
2026-06-15 22:04:29,521 - debug - DEBUG - Unique target classes: 10 (first 10: [0 1 2 3 4 5 6 7 8 9])
2026-06-15 22:04:32,440 - debug - DEBUG - compute_metrics_and_record started for epoch 154
2026-06-15 22:04:32,440 - debug - DEBUG - all_preds length: 10000, all_targets length: 10000
2026-06-15 22:04:32,440 - debug - DEBUG - First 10 preds: [3, 1, 1, 0, 6, 5, 1, 6, 3, 1]
2026-06-15 22:04:32,440 - debug - DEBUG - First 10 targets: [3, 8, 8, 0, 6, 6, 1, 6, 3, 1]
2026-06-15 22:04:32,443 - debug - DEBUG - Unique predicted classes: 10 (first 10: [0 1 2 3 4 5 6 7 8 9])
2026-06-15 22:04:32,443 - debug - DEBUG - Unique target classes: 10 (first 10: [0 1 2 3 4 5 6 7 8 9])
2026-06-15 22:04:32,739 - debug - DEBUG - Device Check - Batch 0
2026-06-15 22:04:32,740 - debug - DEBUG -   Config GPU ID: 1
2026-06-15 22:04:32,741 - debug - DEBUG -   Input Device:  cuda:1
2026-06-15 22:04:32,741 - debug - DEBUG -   Target Device: cuda:1
2026-06-15 22:04:32,741 - debug - DEBUG -   Model Device:  cuda:1
2026-06-15 22:04:32,741 - debug - DEBUG -   Criterion Weight Device: No weights
2026-06-15 22:04:33,406 - debug - DEBUG - Batch 0 grad norm: 1.191973
2026-06-15 22:04:34,860 - debug - DEBUG - Batch 10 grad norm: 0.910207
2026-06-15 22:04:36,334 - debug - DEBUG - Batch 20 grad norm: 1.366699
2026-06-15 22:04:37,812 - debug - DEBUG - Batch 30 grad norm: 0.900375
2026-06-15 22:04:39,299 - debug - DEBUG - Batch 40 grad norm: 1.075673
2026-06-15 22:04:40,771 - debug - DEBUG - Batch 50 grad norm: 1.050027
2026-06-15 22:04:42,159 - debug - DEBUG - Batch 60 grad norm: 1.182875
2026-06-15 22:04:43,269 - debug - DEBUG - Batch 70 grad norm: 1.065465
2026-06-15 22:04:44,666 - debug - DEBUG - Batch 80 grad norm: 1.138207
2026-06-15 22:04:45,989 - debug - DEBUG - Batch 90 grad norm: 1.302675
2026-06-15 22:04:47,446 - debug - DEBUG - Batch 100 grad norm: 1.395383
2026-06-15 22:04:48,771 - debug - DEBUG - Batch 110 grad norm: 1.424849
2026-06-15 22:04:50,133 - debug - DEBUG - Batch 120 grad norm: 1.352474
2026-06-15 22:04:51,530 - debug - DEBUG - Batch 130 grad norm: 1.454922
2026-06-15 22:04:52,926 - debug - DEBUG - Batch 140 grad norm: 1.452259
2026-06-15 22:04:54,236 - debug - DEBUG - Batch 150 grad norm: 1.203569
2026-06-15 22:04:55,574 - debug - DEBUG - Batch 160 grad norm: 1.060058
2026-06-15 22:04:56,944 - debug - DEBUG - Batch 170 grad norm: 1.049355
2026-06-15 22:04:58,319 - debug - DEBUG - Batch 180 grad norm: 1.331359
2026-06-15 22:04:59,641 - debug - DEBUG - Batch 190 grad norm: 1.336586
2026-06-15 22:05:00,041 - debug - DEBUG - compute_metrics_and_record started for epoch 155
2026-06-15 22:05:00,041 - debug - DEBUG - all_preds length: 25000, all_targets length: 25000
2026-06-15 22:05:00,042 - debug - DEBUG - First 10 preds: [4, 8, 5, 6, 7, 8, 8, 2, 6, 8]
2026-06-15 22:05:00,042 - debug - DEBUG - First 10 targets: [4, 8, 2, 6, 7, 8, 8, 2, 6, 8]
2026-06-15 22:05:00,052 - debug - DEBUG - Unique predicted classes: 10 (first 10: [0 1 2 3 4 5 6 7 8 9])
2026-06-15 22:05:00,052 - debug - DEBUG - Unique target classes: 10 (first 10: [0 1 2 3 4 5 6 7 8 9])
2026-06-15 22:05:02,822 - debug - DEBUG - compute_metrics_and_record started for epoch 155
2026-06-15 22:05:02,822 - debug - DEBUG - all_preds length: 10000, all_targets length: 10000
2026-06-15 22:05:02,822 - debug - DEBUG - First 10 preds: [3, 8, 1, 9, 6, 3, 1, 6, 3, 1]
2026-06-15 22:05:02,823 - debug - DEBUG - First 10 targets: [3, 8, 8, 0, 6, 6, 1, 6, 3, 1]
2026-06-15 22:05:02,825 - debug - DEBUG - Unique predicted classes: 10 (first 10: [0 1 2 3 4 5 6 7 8 9])
2026-06-15 22:05:02,825 - debug - DEBUG - Unique target classes: 10 (first 10: [0 1 2 3 4 5 6 7 8 9])
2026-06-15 22:05:03,116 - debug - DEBUG - Device Check - Batch 0
2026-06-15 22:05:03,117 - debug - DEBUG -   Config GPU ID: 1
2026-06-15 22:05:03,117 - debug - DEBUG -   Input Device:  cuda:1
2026-06-15 22:05:03,117 - debug - DEBUG -   Target Device: cuda:1
2026-06-15 22:05:03,118 - debug - DEBUG -   Model Device:  cuda:1
2026-06-15 22:05:03,118 - debug - DEBUG -   Criterion Weight Device: No weights
2026-06-15 22:05:03,681 - debug - DEBUG - Batch 0 grad norm: 1.224254
2026-06-15 22:05:05,046 - debug - DEBUG - Batch 10 grad norm: 1.240224
2026-06-15 22:05:06,363 - debug - DEBUG - Batch 20 grad norm: 1.198526
2026-06-15 22:05:07,663 - debug - DEBUG - Batch 30 grad norm: 1.064876
2026-06-15 22:05:09,026 - debug - DEBUG - Batch 40 grad norm: 1.487138
2026-06-15 22:05:10,386 - debug - DEBUG - Batch 50 grad norm: 1.114132
2026-06-15 22:05:11,574 - debug - DEBUG - Batch 60 grad norm: 1.385472
2026-06-15 22:05:12,912 - debug - DEBUG - Batch 70 grad norm: 0.810398
2026-06-15 22:05:14,260 - debug - DEBUG - Batch 80 grad norm: 1.268637
2026-06-15 22:05:15,608 - debug - DEBUG - Batch 90 grad norm: 0.826189
2026-06-15 22:05:16,964 - debug - DEBUG - Batch 100 grad norm: 0.865881
2026-06-15 22:05:18,231 - debug - DEBUG - Batch 110 grad norm: 1.308970
2026-06-15 22:05:19,628 - debug - DEBUG - Batch 120 grad norm: 1.175038
2026-06-15 22:05:21,021 - debug - DEBUG - Batch 130 grad norm: 1.241720
2026-06-15 22:05:22,387 - debug - DEBUG - Batch 140 grad norm: 1.099702
2026-06-15 22:05:23,773 - debug - DEBUG - Batch 150 grad norm: 0.981809
2026-06-15 22:05:25,130 - debug - DEBUG - Batch 160 grad norm: 1.047337
2026-06-15 22:05:26,427 - debug - DEBUG - Batch 170 grad norm: 1.445692
2026-06-15 22:05:27,826 - debug - DEBUG - Batch 180 grad norm: 0.951231
2026-06-15 22:05:29,224 - debug - DEBUG - Batch 190 grad norm: 1.130796
2026-06-15 22:05:29,560 - debug - DEBUG - compute_metrics_and_record started for epoch 156
2026-06-15 22:05:29,560 - debug - DEBUG - all_preds length: 25000, all_targets length: 25000
2026-06-15 22:05:29,560 - debug - DEBUG - First 10 preds: [4, 0, 6, 6, 3, 7, 8, 7, 3, 6]
2026-06-15 22:05:29,560 - debug - DEBUG - First 10 targets: [4, 0, 6, 6, 3, 7, 5, 7, 3, 6]
2026-06-15 22:05:29,571 - debug - DEBUG - Unique predicted classes: 10 (first 10: [0 1 2 3 4 5 6 7 8 9])
2026-06-15 22:05:29,571 - debug - DEBUG - Unique target classes: 10 (first 10: [0 1 2 3 4 5 6 7 8 9])
2026-06-15 22:05:32,327 - debug - DEBUG - compute_metrics_and_record started for epoch 156
2026-06-15 22:05:32,327 - debug - DEBUG - all_preds length: 10000, all_targets length: 10000
2026-06-15 22:05:32,328 - debug - DEBUG - First 10 preds: [3, 1, 1, 0, 6, 5, 1, 6, 3, 1]
2026-06-15 22:05:32,328 - debug - DEBUG - First 10 targets: [3, 8, 8, 0, 6, 6, 1, 6, 3, 1]
2026-06-15 22:05:32,330 - debug - DEBUG - Unique predicted classes: 10 (first 10: [0 1 2 3 4 5 6 7 8 9])
2026-06-15 22:05:32,330 - debug - DEBUG - Unique target classes: 10 (first 10: [0 1 2 3 4 5 6 7 8 9])
2026-06-15 22:05:32,615 - debug - DEBUG - Device Check - Batch 0
2026-06-15 22:05:32,616 - debug - DEBUG -   Config GPU ID: 1
2026-06-15 22:05:32,616 - debug - DEBUG -   Input Device:  cuda:1
2026-06-15 22:05:32,617 - debug - DEBUG -   Target Device: cuda:1
2026-06-15 22:05:32,617 - debug - DEBUG -   Model Device:  cuda:1
2026-06-15 22:05:32,617 - debug - DEBUG -   Criterion Weight Device: No weights
2026-06-15 22:05:33,273 - debug - DEBUG - Batch 0 grad norm: 1.063516
2026-06-15 22:05:34,614 - debug - DEBUG - Batch 10 grad norm: 1.054474
2026-06-15 22:05:35,950 - debug - DEBUG - Batch 20 grad norm: 0.798645
2026-06-15 22:05:37,349 - debug - DEBUG - Batch 30 grad norm: 1.690202
2026-06-15 22:05:38,687 - debug - DEBUG - Batch 40 grad norm: 0.976667
2026-06-15 22:05:40,006 - debug - DEBUG - Batch 50 grad norm: 1.043736
2026-06-15 22:05:41,342 - debug - DEBUG - Batch 60 grad norm: 1.212549
2026-06-15 22:05:42,689 - debug - DEBUG - Batch 70 grad norm: 1.062524
2026-06-15 22:05:44,051 - debug - DEBUG - Batch 80 grad norm: 0.903219
2026-06-15 22:05:45,368 - debug - DEBUG - Batch 90 grad norm: 1.312807
2026-06-15 22:05:46,766 - debug - DEBUG - Batch 100 grad norm: 0.996870
2026-06-15 22:05:47,967 - debug - DEBUG - Batch 110 grad norm: 0.772218
2026-06-15 22:05:49,319 - debug - DEBUG - Batch 120 grad norm: 1.353827
2026-06-15 22:05:50,774 - debug - DEBUG - Batch 130 grad norm: 1.296260
2026-06-15 22:05:52,195 - debug - DEBUG - Batch 140 grad norm: 1.284840
2026-06-15 22:05:53,423 - debug - DEBUG - Batch 150 grad norm: 1.183486
2026-06-15 22:05:54,829 - debug - DEBUG - Batch 160 grad norm: 0.895453
2026-06-15 22:05:56,135 - debug - DEBUG - Batch 170 grad norm: 1.106288
2026-06-15 22:05:57,529 - debug - DEBUG - Batch 180 grad norm: 0.881051
2026-06-15 22:05:58,913 - debug - DEBUG - Batch 190 grad norm: 0.968491
2026-06-15 22:05:59,342 - debug - DEBUG - compute_metrics_and_record started for epoch 157
2026-06-15 22:05:59,342 - debug - DEBUG - all_preds length: 25000, all_targets length: 25000
2026-06-15 22:05:59,343 - debug - DEBUG - First 10 preds: [6, 7, 8, 8, 1, 2, 8, 0, 0, 5]
2026-06-15 22:05:59,343 - debug - DEBUG - First 10 targets: [6, 7, 8, 8, 1, 2, 8, 0, 0, 5]
2026-06-15 22:05:59,348 - debug - DEBUG - Unique predicted classes: 10 (first 10: [0 1 2 3 4 5 6 7 8 9])
2026-06-15 22:05:59,349 - debug - DEBUG - Unique target classes: 10 (first 10: [0 1 2 3 4 5 6 7 8 9])
2026-06-15 22:06:02,242 - debug - DEBUG - compute_metrics_and_record started for epoch 157
2026-06-15 22:06:02,242 - debug - DEBUG - all_preds length: 10000, all_targets length: 10000
2026-06-15 22:06:02,242 - debug - DEBUG - First 10 preds: [3, 8, 1, 8, 6, 6, 1, 2, 3, 1]
2026-06-15 22:06:02,242 - debug - DEBUG - First 10 targets: [3, 8, 8, 0, 6, 6, 1, 6, 3, 1]
2026-06-15 22:06:02,245 - debug - DEBUG - Unique predicted classes: 10 (first 10: [0 1 2 3 4 5 6 7 8 9])
2026-06-15 22:06:02,245 - debug - DEBUG - Unique target classes: 10 (first 10: [0 1 2 3 4 5 6 7 8 9])
2026-06-15 22:06:02,493 - debug - DEBUG - Device Check - Batch 0
2026-06-15 22:06:02,494 - debug - DEBUG -   Config GPU ID: 1
2026-06-15 22:06:02,494 - debug - DEBUG -   Input Device:  cuda:1
2026-06-15 22:06:02,494 - debug - DEBUG -   Target Device: cuda:1
2026-06-15 22:06:02,494 - debug - DEBUG -   Model Device:  cuda:1
2026-06-15 22:06:02,494 - debug - DEBUG -   Criterion Weight Device: No weights
2026-06-15 22:06:03,166 - debug - DEBUG - Batch 0 grad norm: 0.932511
2026-06-15 22:06:04,583 - debug - DEBUG - Batch 10 grad norm: 1.365975
2026-06-15 22:06:05,961 - debug - DEBUG - Batch 20 grad norm: 1.071424
2026-06-15 22:06:07,367 - debug - DEBUG - Batch 30 grad norm: 1.427869
2026-06-15 22:06:08,693 - debug - DEBUG - Batch 40 grad norm: 0.944979
2026-06-15 22:06:10,059 - debug - DEBUG - Batch 50 grad norm: 1.156527
2026-06-15 22:06:11,451 - debug - DEBUG - Batch 60 grad norm: 1.104253
2026-06-15 22:06:12,808 - debug - DEBUG - Batch 70 grad norm: 1.131933
2026-06-15 22:06:14,211 - debug - DEBUG - Batch 80 grad norm: 1.078598
2026-06-15 22:06:15,390 - debug - DEBUG - Batch 90 grad norm: 1.197743
2026-06-15 22:06:16,789 - debug - DEBUG - Batch 100 grad norm: 1.157832
2026-06-15 22:06:18,135 - debug - DEBUG - Batch 110 grad norm: 0.837454
2026-06-15 22:06:19,402 - debug - DEBUG - Batch 120 grad norm: 1.008508
2026-06-15 22:06:20,789 - debug - DEBUG - Batch 130 grad norm: 1.021282
2026-06-15 22:06:22,165 - debug - DEBUG - Batch 140 grad norm: 1.206097
2026-06-15 22:06:23,527 - debug - DEBUG - Batch 150 grad norm: 1.306802
2026-06-15 22:06:24,894 - debug - DEBUG - Batch 160 grad norm: 1.047784
2026-06-15 22:06:26,240 - debug - DEBUG - Batch 170 grad norm: 1.331030
2026-06-15 22:06:27,643 - debug - DEBUG - Batch 180 grad norm: 0.915841
2026-06-15 22:06:28,945 - debug - DEBUG - Batch 190 grad norm: 1.180130
2026-06-15 22:06:29,353 - debug - DEBUG - compute_metrics_and_record started for epoch 158
2026-06-15 22:06:29,353 - debug - DEBUG - all_preds length: 25000, all_targets length: 25000
2026-06-15 22:06:29,354 - debug - DEBUG - First 10 preds: [4, 2, 5, 0, 5, 0, 5, 5, 9, 8]
2026-06-15 22:06:29,354 - debug - DEBUG - First 10 targets: [4, 2, 5, 0, 5, 0, 5, 5, 9, 8]
2026-06-15 22:06:29,361 - debug - DEBUG - Unique predicted classes: 10 (first 10: [0 1 2 3 4 5 6 7 8 9])
2026-06-15 22:06:29,361 - debug - DEBUG - Unique target classes: 10 (first 10: [0 1 2 3 4 5 6 7 8 9])
2026-06-15 22:06:32,181 - debug - DEBUG - compute_metrics_and_record started for epoch 158
2026-06-15 22:06:32,181 - debug - DEBUG - all_preds length: 10000, all_targets length: 10000
2026-06-15 22:06:32,181 - debug - DEBUG - First 10 preds: [3, 8, 0, 0, 6, 3, 9, 6, 3, 1]
2026-06-15 22:06:32,181 - debug - DEBUG - First 10 targets: [3, 8, 8, 0, 6, 6, 1, 6, 3, 1]
2026-06-15 22:06:32,184 - debug - DEBUG - Unique predicted classes: 10 (first 10: [0 1 2 3 4 5 6 7 8 9])
2026-06-15 22:06:32,184 - debug - DEBUG - Unique target classes: 10 (first 10: [0 1 2 3 4 5 6 7 8 9])
2026-06-15 22:06:32,439 - debug - DEBUG - Device Check - Batch 0
2026-06-15 22:06:32,440 - debug - DEBUG -   Config GPU ID: 1
2026-06-15 22:06:32,440 - debug - DEBUG -   Input Device:  cuda:1
2026-06-15 22:06:32,440 - debug - DEBUG -   Target Device: cuda:1
2026-06-15 22:06:32,440 - debug - DEBUG -   Model Device:  cuda:1
2026-06-15 22:06:32,441 - debug - DEBUG -   Criterion Weight Device: No weights
2026-06-15 22:06:33,162 - debug - DEBUG - Batch 0 grad norm: 0.684883
2026-06-15 22:06:34,516 - debug - DEBUG - Batch 10 grad norm: 1.073086
2026-06-15 22:06:35,816 - debug - DEBUG - Batch 20 grad norm: 0.873797
2026-06-15 22:06:37,222 - debug - DEBUG - Batch 30 grad norm: 1.265556
2026-06-15 22:06:38,520 - debug - DEBUG - Batch 40 grad norm: 1.326529
2026-06-15 22:06:39,888 - debug - DEBUG - Batch 50 grad norm: 1.116719
2026-06-15 22:06:41,266 - debug - DEBUG - Batch 60 grad norm: 1.111346
2026-06-15 22:06:42,657 - debug - DEBUG - Batch 70 grad norm: 0.969327
2026-06-15 22:06:43,962 - debug - DEBUG - Batch 80 grad norm: 1.207953
2026-06-15 22:06:45,185 - debug - DEBUG - Batch 90 grad norm: 1.137293
2026-06-15 22:06:46,630 - debug - DEBUG - Batch 100 grad norm: 1.040451
2026-06-15 22:06:47,966 - debug - DEBUG - Batch 110 grad norm: 0.988921
2026-06-15 22:06:49,325 - debug - DEBUG - Batch 120 grad norm: 0.975928
2026-06-15 22:06:50,722 - debug - DEBUG - Batch 130 grad norm: 1.014249
2026-06-15 22:06:52,042 - debug - DEBUG - Batch 140 grad norm: 1.173354
2026-06-15 22:06:53,428 - debug - DEBUG - Batch 150 grad norm: 1.051273
2026-06-15 22:06:54,825 - debug - DEBUG - Batch 160 grad norm: 1.474570
2026-06-15 22:06:56,213 - debug - DEBUG - Batch 170 grad norm: 1.160231
2026-06-15 22:06:57,606 - debug - DEBUG - Batch 180 grad norm: 0.993327
2026-06-15 22:06:58,918 - debug - DEBUG - Batch 190 grad norm: 1.088289
2026-06-15 22:06:59,303 - debug - DEBUG - compute_metrics_and_record started for epoch 159
2026-06-15 22:06:59,304 - debug - DEBUG - all_preds length: 25000, all_targets length: 25000
2026-06-15 22:06:59,304 - debug - DEBUG - First 10 preds: [8, 1, 8, 5, 0, 7, 4, 0, 3, 7]
2026-06-15 22:06:59,304 - debug - DEBUG - First 10 targets: [8, 1, 8, 5, 0, 7, 4, 0, 3, 7]
2026-06-15 22:06:59,309 - debug - DEBUG - Unique predicted classes: 10 (first 10: [0 1 2 3 4 5 6 7 8 9])
2026-06-15 22:06:59,310 - debug - DEBUG - Unique target classes: 10 (first 10: [0 1 2 3 4 5 6 7 8 9])
2026-06-15 22:07:02,088 - debug - DEBUG - compute_metrics_and_record started for epoch 159
2026-06-15 22:07:02,088 - debug - DEBUG - all_preds length: 10000, all_targets length: 10000
2026-06-15 22:07:02,088 - debug - DEBUG - First 10 preds: [3, 8, 1, 8, 6, 6, 9, 6, 3, 9]
2026-06-15 22:07:02,089 - debug - DEBUG - First 10 targets: [3, 8, 8, 0, 6, 6, 1, 6, 3, 1]
2026-06-15 22:07:02,091 - debug - DEBUG - Unique predicted classes: 10 (first 10: [0 1 2 3 4 5 6 7 8 9])
2026-06-15 22:07:02,091 - debug - DEBUG - Unique target classes: 10 (first 10: [0 1 2 3 4 5 6 7 8 9])
2026-06-15 22:07:02,345 - debug - DEBUG - Device Check - Batch 0
2026-06-15 22:07:02,346 - debug - DEBUG -   Config GPU ID: 1
2026-06-15 22:07:02,346 - debug - DEBUG -   Input Device:  cuda:1
2026-06-15 22:07:02,346 - debug - DEBUG -   Target Device: cuda:1
2026-06-15 22:07:02,347 - debug - DEBUG -   Model Device:  cuda:1
2026-06-15 22:07:02,347 - debug - DEBUG -   Criterion Weight Device: No weights
2026-06-15 22:07:03,109 - debug - DEBUG - Batch 0 grad norm: 1.093599
2026-06-15 22:07:04,538 - debug - DEBUG - Batch 10 grad norm: 0.668834
2026-06-15 22:07:05,916 - debug - DEBUG - Batch 20 grad norm: 0.818623
2026-06-15 22:07:07,295 - debug - DEBUG - Batch 30 grad norm: 0.703896
2026-06-15 22:07:08,595 - debug - DEBUG - Batch 40 grad norm: 1.032692
2026-06-15 22:07:09,966 - debug - DEBUG - Batch 50 grad norm: 1.044700
2026-06-15 22:07:11,278 - debug - DEBUG - Batch 60 grad norm: 0.641946
2026-06-15 22:07:12,678 - debug - DEBUG - Batch 70 grad norm: 0.984386
2026-06-15 22:07:14,077 - debug - DEBUG - Batch 80 grad norm: 0.805981
2026-06-15 22:07:15,315 - debug - DEBUG - Batch 90 grad norm: 1.046421
2026-06-15 22:07:16,807 - debug - DEBUG - Batch 100 grad norm: 0.863540
2026-06-15 22:07:17,920 - debug - DEBUG - Batch 110 grad norm: 0.886247
2026-06-15 22:07:19,196 - debug - DEBUG - Batch 120 grad norm: 0.960466
2026-06-15 22:07:20,609 - debug - DEBUG - Batch 130 grad norm: 0.835308
2026-06-15 22:07:21,968 - debug - DEBUG - Batch 140 grad norm: 1.171402
2026-06-15 22:07:23,366 - debug - DEBUG - Batch 150 grad norm: 0.706071
2026-06-15 22:07:24,757 - debug - DEBUG - Batch 160 grad norm: 0.974645
2026-06-15 22:07:26,092 - debug - DEBUG - Batch 170 grad norm: 1.060381
2026-06-15 22:07:27,453 - debug - DEBUG - Batch 180 grad norm: 1.006316
2026-06-15 22:07:28,837 - debug - DEBUG - Batch 190 grad norm: 1.045211
2026-06-15 22:07:29,210 - debug - DEBUG - compute_metrics_and_record started for epoch 160
2026-06-15 22:07:29,210 - debug - DEBUG - all_preds length: 25000, all_targets length: 25000
2026-06-15 22:07:29,210 - debug - DEBUG - First 10 preds: [5, 1, 5, 0, 1, 0, 9, 1, 7, 2]
2026-06-15 22:07:29,211 - debug - DEBUG - First 10 targets: [5, 1, 5, 0, 1, 0, 9, 1, 7, 2]
2026-06-15 22:07:29,218 - debug - DEBUG - Unique predicted classes: 10 (first 10: [0 1 2 3 4 5 6 7 8 9])
2026-06-15 22:07:29,218 - debug - DEBUG - Unique target classes: 10 (first 10: [0 1 2 3 4 5 6 7 8 9])
2026-06-15 22:07:31,975 - debug - DEBUG - compute_metrics_and_record started for epoch 160
2026-06-15 22:07:31,975 - debug - DEBUG - all_preds length: 10000, all_targets length: 10000
2026-06-15 22:07:31,975 - debug - DEBUG - First 10 preds: [3, 8, 1, 8, 6, 6, 1, 6, 3, 1]
2026-06-15 22:07:31,975 - debug - DEBUG - First 10 targets: [3, 8, 8, 0, 6, 6, 1, 6, 3, 1]
2026-06-15 22:07:31,978 - debug - DEBUG - Unique predicted classes: 10 (first 10: [0 1 2 3 4 5 6 7 8 9])
2026-06-15 22:07:31,978 - debug - DEBUG - Unique target classes: 10 (first 10: [0 1 2 3 4 5 6 7 8 9])
2026-06-15 22:07:32,265 - debug - DEBUG - Device Check - Batch 0
2026-06-15 22:07:32,266 - debug - DEBUG -   Config GPU ID: 1
2026-06-15 22:07:32,266 - debug - DEBUG -   Input Device:  cuda:1
2026-06-15 22:07:32,266 - debug - DEBUG -   Target Device: cuda:1
2026-06-15 22:07:32,267 - debug - DEBUG -   Model Device:  cuda:1
2026-06-15 22:07:32,267 - debug - DEBUG -   Criterion Weight Device: No weights
2026-06-15 22:07:33,018 - debug - DEBUG - Batch 0 grad norm: 0.997099
2026-06-15 22:07:34,361 - debug - DEBUG - Batch 10 grad norm: 0.708335
2026-06-15 22:07:35,812 - debug - DEBUG - Batch 20 grad norm: 0.936431
2026-06-15 22:07:37,233 - debug - DEBUG - Batch 30 grad norm: 0.726307
2026-06-15 22:07:38,580 - debug - DEBUG - Batch 40 grad norm: 1.067235
2026-06-15 22:07:39,960 - debug - DEBUG - Batch 50 grad norm: 0.512659
2026-06-15 22:07:41,320 - debug - DEBUG - Batch 60 grad norm: 0.736281
2026-06-15 22:07:42,683 - debug - DEBUG - Batch 70 grad norm: 0.784047
2026-06-15 22:07:44,079 - debug - DEBUG - Batch 80 grad norm: 1.026690
2026-06-15 22:07:45,411 - debug - DEBUG - Batch 90 grad norm: 0.846612
2026-06-15 22:07:46,831 - debug - DEBUG - Batch 100 grad norm: 0.741000
2026-06-15 22:07:48,134 - debug - DEBUG - Batch 110 grad norm: 1.003957
2026-06-15 22:07:49,497 - debug - DEBUG - Batch 120 grad norm: 0.751639
2026-06-15 22:07:50,822 - debug - DEBUG - Batch 130 grad norm: 0.941299
2026-06-15 22:07:52,205 - debug - DEBUG - Batch 140 grad norm: 0.732564
2026-06-15 22:07:53,556 - debug - DEBUG - Batch 150 grad norm: 0.708163
2026-06-15 22:07:54,830 - debug - DEBUG - Batch 160 grad norm: 0.646452
2026-06-15 22:07:56,203 - debug - DEBUG - Batch 170 grad norm: 0.763013
2026-06-15 22:07:57,592 - debug - DEBUG - Batch 180 grad norm: 0.701253
2026-06-15 22:07:59,033 - debug - DEBUG - Batch 190 grad norm: 0.525454
2026-06-15 22:07:59,349 - debug - DEBUG - compute_metrics_and_record started for epoch 161
2026-06-15 22:07:59,350 - debug - DEBUG - all_preds length: 25000, all_targets length: 25000
2026-06-15 22:07:59,350 - debug - DEBUG - First 10 preds: [8, 4, 6, 5, 9, 4, 0, 8, 2, 4]
2026-06-15 22:07:59,350 - debug - DEBUG - First 10 targets: [8, 4, 6, 5, 9, 4, 0, 8, 2, 4]
2026-06-15 22:07:59,359 - debug - DEBUG - Unique predicted classes: 10 (first 10: [0 1 2 3 4 5 6 7 8 9])
2026-06-15 22:07:59,360 - debug - DEBUG - Unique target classes: 10 (first 10: [0 1 2 3 4 5 6 7 8 9])
2026-06-15 22:08:01,946 - debug - DEBUG - compute_metrics_and_record started for epoch 161
2026-06-15 22:08:01,947 - debug - DEBUG - all_preds length: 10000, all_targets length: 10000
2026-06-15 22:08:01,947 - debug - DEBUG - First 10 preds: [3, 8, 1, 8, 6, 6, 1, 6, 3, 1]
2026-06-15 22:08:01,947 - debug - DEBUG - First 10 targets: [3, 8, 8, 0, 6, 6, 1, 6, 3, 1]
2026-06-15 22:08:01,949 - debug - DEBUG - Unique predicted classes: 10 (first 10: [0 1 2 3 4 5 6 7 8 9])
2026-06-15 22:08:01,949 - debug - DEBUG - Unique target classes: 10 (first 10: [0 1 2 3 4 5 6 7 8 9])
2026-06-15 22:08:02,190 - debug - DEBUG - Device Check - Batch 0
2026-06-15 22:08:02,191 - debug - DEBUG -   Config GPU ID: 1
2026-06-15 22:08:02,191 - debug - DEBUG -   Input Device:  cuda:1
2026-06-15 22:08:02,191 - debug - DEBUG -   Target Device: cuda:1
2026-06-15 22:08:02,192 - debug - DEBUG -   Model Device:  cuda:1
2026-06-15 22:08:02,192 - debug - DEBUG -   Criterion Weight Device: No weights
2026-06-15 22:08:02,748 - debug - DEBUG - Batch 0 grad norm: 0.602304
2026-06-15 22:08:04,067 - debug - DEBUG - Batch 10 grad norm: 0.885017
2026-06-15 22:08:05,429 - debug - DEBUG - Batch 20 grad norm: 0.889926
2026-06-15 22:08:06,809 - debug - DEBUG - Batch 30 grad norm: 0.814822
2026-06-15 22:08:08,198 - debug - DEBUG - Batch 40 grad norm: 0.829540
2026-06-15 22:08:09,482 - debug - DEBUG - Batch 50 grad norm: 0.917510
2026-06-15 22:08:10,838 - debug - DEBUG - Batch 60 grad norm: 0.696444
2026-06-15 22:08:12,222 - debug - DEBUG - Batch 70 grad norm: 0.837892
2026-06-15 22:08:13,611 - debug - DEBUG - Batch 80 grad norm: 0.824652
2026-06-15 22:08:14,817 - debug - DEBUG - Batch 90 grad norm: 0.644904
2026-06-15 22:08:16,275 - debug - DEBUG - Batch 100 grad norm: 0.906577
2026-06-15 22:08:17,584 - debug - DEBUG - Batch 110 grad norm: 0.691301
2026-06-15 22:08:18,930 - debug - DEBUG - Batch 120 grad norm: 0.716244
2026-06-15 22:08:20,302 - debug - DEBUG - Batch 130 grad norm: 0.833652
2026-06-15 22:08:21,669 - debug - DEBUG - Batch 140 grad norm: 0.953252
2026-06-15 22:08:23,003 - debug - DEBUG - Batch 150 grad norm: 0.973661
2026-06-15 22:08:24,403 - debug - DEBUG - Batch 160 grad norm: 0.934863
2026-06-15 22:08:25,767 - debug - DEBUG - Batch 170 grad norm: 0.627326
2026-06-15 22:08:27,172 - debug - DEBUG - Batch 180 grad norm: 0.953255
2026-06-15 22:08:28,558 - debug - DEBUG - Batch 190 grad norm: 0.557549
2026-06-15 22:08:29,008 - debug - DEBUG - compute_metrics_and_record started for epoch 162
2026-06-15 22:08:29,009 - debug - DEBUG - all_preds length: 25000, all_targets length: 25000
2026-06-15 22:08:29,009 - debug - DEBUG - First 10 preds: [2, 1, 4, 3, 5, 5, 8, 9, 1, 0]
2026-06-15 22:08:29,009 - debug - DEBUG - First 10 targets: [2, 1, 4, 3, 5, 5, 8, 9, 1, 0]
2026-06-15 22:08:29,017 - debug - DEBUG - Unique predicted classes: 10 (first 10: [0 1 2 3 4 5 6 7 8 9])
2026-06-15 22:08:29,018 - debug - DEBUG - Unique target classes: 10 (first 10: [0 1 2 3 4 5 6 7 8 9])
2026-06-15 22:08:31,774 - debug - DEBUG - compute_metrics_and_record started for epoch 162
2026-06-15 22:08:31,774 - debug - DEBUG - all_preds length: 10000, all_targets length: 10000
2026-06-15 22:08:31,775 - debug - DEBUG - First 10 preds: [3, 8, 1, 8, 6, 6, 1, 6, 3, 1]
2026-06-15 22:08:31,775 - debug - DEBUG - First 10 targets: [3, 8, 8, 0, 6, 6, 1, 6, 3, 1]
2026-06-15 22:08:31,777 - debug - DEBUG - Unique predicted classes: 10 (first 10: [0 1 2 3 4 5 6 7 8 9])
2026-06-15 22:08:31,778 - debug - DEBUG - Unique target classes: 10 (first 10: [0 1 2 3 4 5 6 7 8 9])
2026-06-15 22:08:32,077 - debug - DEBUG - Device Check - Batch 0
2026-06-15 22:08:32,078 - debug - DEBUG -   Config GPU ID: 1
2026-06-15 22:08:32,078 - debug - DEBUG -   Input Device:  cuda:1
2026-06-15 22:08:32,078 - debug - DEBUG -   Target Device: cuda:1
2026-06-15 22:08:32,078 - debug - DEBUG -   Model Device:  cuda:1
2026-06-15 22:08:32,079 - debug - DEBUG -   Criterion Weight Device: No weights
2026-06-15 22:08:32,822 - debug - DEBUG - Batch 0 grad norm: 0.797932
2026-06-15 22:08:34,179 - debug - DEBUG - Batch 10 grad norm: 0.767777
2026-06-15 22:08:35,537 - debug - DEBUG - Batch 20 grad norm: 0.817150
2026-06-15 22:08:36,906 - debug - DEBUG - Batch 30 grad norm: 0.624943
2026-06-15 22:08:38,241 - debug - DEBUG - Batch 40 grad norm: 0.556413
2026-06-15 22:08:39,604 - debug - DEBUG - Batch 50 grad norm: 0.659088
2026-06-15 22:08:41,035 - debug - DEBUG - Batch 60 grad norm: 0.784923
2026-06-15 22:08:42,262 - debug - DEBUG - Batch 70 grad norm: 0.931972
2026-06-15 22:08:43,654 - debug - DEBUG - Batch 80 grad norm: 0.942804
2026-06-15 22:08:44,901 - debug - DEBUG - Batch 90 grad norm: 0.677029
2026-06-15 22:08:46,316 - debug - DEBUG - Batch 100 grad norm: 0.720127
2026-06-15 22:08:47,689 - debug - DEBUG - Batch 110 grad norm: 0.886058
2026-06-15 22:08:49,030 - debug - DEBUG - Batch 120 grad norm: 0.720080
2026-06-15 22:08:50,439 - debug - DEBUG - Batch 130 grad norm: 0.748871
2026-06-15 22:08:51,833 - debug - DEBUG - Batch 140 grad norm: 0.786168
2026-06-15 22:08:53,199 - debug - DEBUG - Batch 150 grad norm: 0.701446
2026-06-15 22:08:54,636 - debug - DEBUG - Batch 160 grad norm: 0.667498
2026-06-15 22:08:56,060 - debug - DEBUG - Batch 170 grad norm: 0.578482
2026-06-15 22:08:57,446 - debug - DEBUG - Batch 180 grad norm: 0.562066
2026-06-15 22:08:58,799 - debug - DEBUG - Batch 190 grad norm: 0.757096
2026-06-15 22:08:59,133 - debug - DEBUG - compute_metrics_and_record started for epoch 163
2026-06-15 22:08:59,133 - debug - DEBUG - all_preds length: 25000, all_targets length: 25000
2026-06-15 22:08:59,133 - debug - DEBUG - First 10 preds: [0, 9, 6, 3, 9, 1, 3, 2, 6, 1]
2026-06-15 22:08:59,133 - debug - DEBUG - First 10 targets: [0, 9, 6, 3, 9, 1, 3, 2, 6, 1]
2026-06-15 22:08:59,140 - debug - DEBUG - Unique predicted classes: 10 (first 10: [0 1 2 3 4 5 6 7 8 9])
2026-06-15 22:08:59,140 - debug - DEBUG - Unique target classes: 10 (first 10: [0 1 2 3 4 5 6 7 8 9])
2026-06-15 22:09:01,880 - debug - DEBUG - compute_metrics_and_record started for epoch 163
2026-06-15 22:09:01,880 - debug - DEBUG - all_preds length: 10000, all_targets length: 10000
2026-06-15 22:09:01,880 - debug - DEBUG - First 10 preds: [3, 8, 1, 8, 6, 6, 1, 6, 3, 1]
2026-06-15 22:09:01,880 - debug - DEBUG - First 10 targets: [3, 8, 8, 0, 6, 6, 1, 6, 3, 1]
2026-06-15 22:09:01,883 - debug - DEBUG - Unique predicted classes: 10 (first 10: [0 1 2 3 4 5 6 7 8 9])
2026-06-15 22:09:01,883 - debug - DEBUG - Unique target classes: 10 (first 10: [0 1 2 3 4 5 6 7 8 9])
2026-06-15 22:09:02,187 - debug - DEBUG - Device Check - Batch 0
2026-06-15 22:09:02,188 - debug - DEBUG -   Config GPU ID: 1
2026-06-15 22:09:02,188 - debug - DEBUG -   Input Device:  cuda:1
2026-06-15 22:09:02,188 - debug - DEBUG -   Target Device: cuda:1
2026-06-15 22:09:02,188 - debug - DEBUG -   Model Device:  cuda:1
2026-06-15 22:09:02,188 - debug - DEBUG -   Criterion Weight Device: No weights
2026-06-15 22:09:02,939 - debug - DEBUG - Batch 0 grad norm: 0.831979
2026-06-15 22:09:04,343 - debug - DEBUG - Batch 10 grad norm: 0.667431
2026-06-15 22:09:05,740 - debug - DEBUG - Batch 20 grad norm: 0.712744
2026-06-15 22:09:07,071 - debug - DEBUG - Batch 30 grad norm: 0.541431
2026-06-15 22:09:08,503 - debug - DEBUG - Batch 40 grad norm: 0.608208
2026-06-15 22:09:09,947 - debug - DEBUG - Batch 50 grad norm: 0.770606
2026-06-15 22:09:11,221 - debug - DEBUG - Batch 60 grad norm: 0.601164
2026-06-15 22:09:12,566 - debug - DEBUG - Batch 70 grad norm: 1.084137
2026-06-15 22:09:13,931 - debug - DEBUG - Batch 80 grad norm: 0.514254
2026-06-15 22:09:15,046 - debug - DEBUG - Batch 90 grad norm: 0.789153
2026-06-15 22:09:16,464 - debug - DEBUG - Batch 100 grad norm: 0.660066
2026-06-15 22:09:17,801 - debug - DEBUG - Batch 110 grad norm: 0.650361
2026-06-15 22:09:19,122 - debug - DEBUG - Batch 120 grad norm: 0.737826
2026-06-15 22:09:20,372 - debug - DEBUG - Batch 130 grad norm: 0.905363
2026-06-15 22:09:21,758 - debug - DEBUG - Batch 140 grad norm: 0.720335
2026-06-15 22:09:23,150 - debug - DEBUG - Batch 150 grad norm: 0.654058
2026-06-15 22:09:24,471 - debug - DEBUG - Batch 160 grad norm: 0.703188
2026-06-15 22:09:25,812 - debug - DEBUG - Batch 170 grad norm: 0.784409
2026-06-15 22:09:27,182 - debug - DEBUG - Batch 180 grad norm: 0.875098
2026-06-15 22:09:28,604 - debug - DEBUG - Batch 190 grad norm: 0.889264
2026-06-15 22:09:29,068 - debug - DEBUG - compute_metrics_and_record started for epoch 164
2026-06-15 22:09:29,068 - debug - DEBUG - all_preds length: 25000, all_targets length: 25000
2026-06-15 22:09:29,068 - debug - DEBUG - First 10 preds: [7, 4, 9, 3, 5, 8, 0, 9, 5, 6]
2026-06-15 22:09:29,068 - debug - DEBUG - First 10 targets: [7, 4, 9, 3, 5, 8, 0, 9, 5, 6]
2026-06-15 22:09:29,076 - debug - DEBUG - Unique predicted classes: 10 (first 10: [0 1 2 3 4 5 6 7 8 9])
2026-06-15 22:09:29,077 - debug - DEBUG - Unique target classes: 10 (first 10: [0 1 2 3 4 5 6 7 8 9])
2026-06-15 22:09:31,900 - debug - DEBUG - compute_metrics_and_record started for epoch 164
2026-06-15 22:09:31,901 - debug - DEBUG - all_preds length: 10000, all_targets length: 10000
2026-06-15 22:09:31,901 - debug - DEBUG - First 10 preds: [3, 8, 1, 8, 6, 6, 1, 6, 3, 1]
2026-06-15 22:09:31,901 - debug - DEBUG - First 10 targets: [3, 8, 8, 0, 6, 6, 1, 6, 3, 1]
2026-06-15 22:09:31,904 - debug - DEBUG - Unique predicted classes: 10 (first 10: [0 1 2 3 4 5 6 7 8 9])
2026-06-15 22:09:31,904 - debug - DEBUG - Unique target classes: 10 (first 10: [0 1 2 3 4 5 6 7 8 9])
2026-06-15 22:09:32,202 - debug - DEBUG - Device Check - Batch 0
2026-06-15 22:09:32,203 - debug - DEBUG -   Config GPU ID: 1
2026-06-15 22:09:32,203 - debug - DEBUG -   Input Device:  cuda:1
2026-06-15 22:09:32,203 - debug - DEBUG -   Target Device: cuda:1
2026-06-15 22:09:32,203 - debug - DEBUG -   Model Device:  cuda:1
2026-06-15 22:09:32,204 - debug - DEBUG -   Criterion Weight Device: No weights
2026-06-15 22:09:32,895 - debug - DEBUG - Batch 0 grad norm: 0.346175
2026-06-15 22:09:34,286 - debug - DEBUG - Batch 10 grad norm: 0.707686
2026-06-15 22:09:35,671 - debug - DEBUG - Batch 20 grad norm: 0.672730
2026-06-15 22:09:37,072 - debug - DEBUG - Batch 30 grad norm: 0.477964
2026-06-15 22:09:38,383 - debug - DEBUG - Batch 40 grad norm: 0.437770
2026-06-15 22:09:39,726 - debug - DEBUG - Batch 50 grad norm: 0.717338
2026-06-15 22:09:41,040 - debug - DEBUG - Batch 60 grad norm: 0.637206
2026-06-15 22:09:42,407 - debug - DEBUG - Batch 70 grad norm: 0.625513
2026-06-15 22:09:43,721 - debug - DEBUG - Batch 80 grad norm: 0.589235
2026-06-15 22:09:44,927 - debug - DEBUG - Batch 90 grad norm: 0.470519
2026-06-15 22:09:46,350 - debug - DEBUG - Batch 100 grad norm: 0.554517
2026-06-15 22:09:47,696 - debug - DEBUG - Batch 110 grad norm: 0.671818
2026-06-15 22:09:48,978 - debug - DEBUG - Batch 120 grad norm: 0.511328
2026-06-15 22:09:50,293 - debug - DEBUG - Batch 130 grad norm: 0.660043
2026-06-15 22:09:51,655 - debug - DEBUG - Batch 140 grad norm: 0.669263
2026-06-15 22:09:53,021 - debug - DEBUG - Batch 150 grad norm: 0.826521
2026-06-15 22:09:54,374 - debug - DEBUG - Batch 160 grad norm: 0.758679
2026-06-15 22:09:55,686 - debug - DEBUG - Batch 170 grad norm: 0.671096
2026-06-15 22:09:57,006 - debug - DEBUG - Batch 180 grad norm: 0.650505
2026-06-15 22:09:58,349 - debug - DEBUG - Batch 190 grad norm: 0.875783
2026-06-15 22:09:58,817 - debug - DEBUG - compute_metrics_and_record started for epoch 165
2026-06-15 22:09:58,817 - debug - DEBUG - all_preds length: 25000, all_targets length: 25000
2026-06-15 22:09:58,818 - debug - DEBUG - First 10 preds: [4, 4, 8, 2, 4, 9, 3, 9, 2, 4]
2026-06-15 22:09:58,818 - debug - DEBUG - First 10 targets: [4, 4, 8, 2, 4, 9, 3, 9, 2, 4]
2026-06-15 22:09:58,826 - debug - DEBUG - Unique predicted classes: 10 (first 10: [0 1 2 3 4 5 6 7 8 9])
2026-06-15 22:09:58,826 - debug - DEBUG - Unique target classes: 10 (first 10: [0 1 2 3 4 5 6 7 8 9])
2026-06-15 22:10:01,635 - debug - DEBUG - compute_metrics_and_record started for epoch 165
2026-06-15 22:10:01,635 - debug - DEBUG - all_preds length: 10000, all_targets length: 10000
2026-06-15 22:10:01,636 - debug - DEBUG - First 10 preds: [3, 8, 1, 8, 6, 6, 1, 6, 3, 1]
2026-06-15 22:10:01,636 - debug - DEBUG - First 10 targets: [3, 8, 8, 0, 6, 6, 1, 6, 3, 1]
2026-06-15 22:10:01,638 - debug - DEBUG - Unique predicted classes: 10 (first 10: [0 1 2 3 4 5 6 7 8 9])
2026-06-15 22:10:01,638 - debug - DEBUG - Unique target classes: 10 (first 10: [0 1 2 3 4 5 6 7 8 9])
2026-06-15 22:10:01,929 - debug - DEBUG - Device Check - Batch 0
2026-06-15 22:10:01,930 - debug - DEBUG -   Config GPU ID: 1
2026-06-15 22:10:01,930 - debug - DEBUG -   Input Device:  cuda:1
2026-06-15 22:10:01,930 - debug - DEBUG -   Target Device: cuda:1
2026-06-15 22:10:01,930 - debug - DEBUG -   Model Device:  cuda:1
2026-06-15 22:10:01,930 - debug - DEBUG -   Criterion Weight Device: No weights
2026-06-15 22:10:02,555 - debug - DEBUG - Batch 0 grad norm: 1.032274
2026-06-15 22:10:04,031 - debug - DEBUG - Batch 10 grad norm: 0.724982
2026-06-15 22:10:05,325 - debug - DEBUG - Batch 20 grad norm: 0.827509
2026-06-15 22:10:06,736 - debug - DEBUG - Batch 30 grad norm: 0.615191
2026-06-15 22:10:08,089 - debug - DEBUG - Batch 40 grad norm: 0.719091
2026-06-15 22:10:09,495 - debug - DEBUG - Batch 50 grad norm: 0.813942
2026-06-15 22:10:10,769 - debug - DEBUG - Batch 60 grad norm: 0.614860
2026-06-15 22:10:12,130 - debug - DEBUG - Batch 70 grad norm: 0.889649
2026-06-15 22:10:13,498 - debug - DEBUG - Batch 80 grad norm: 0.728524
2026-06-15 22:10:14,791 - debug - DEBUG - Batch 90 grad norm: 0.488259
2026-06-15 22:10:16,196 - debug - DEBUG - Batch 100 grad norm: 0.829412
2026-06-15 22:10:17,445 - debug - DEBUG - Batch 110 grad norm: 0.698653
2026-06-15 22:10:18,794 - debug - DEBUG - Batch 120 grad norm: 0.546577
2026-06-15 22:10:20,078 - debug - DEBUG - Batch 130 grad norm: 0.812318
2026-06-15 22:10:21,489 - debug - DEBUG - Batch 140 grad norm: 0.468081
2026-06-15 22:10:22,856 - debug - DEBUG - Batch 150 grad norm: 0.589998
2026-06-15 22:10:24,215 - debug - DEBUG - Batch 160 grad norm: 0.760895
2026-06-15 22:10:25,496 - debug - DEBUG - Batch 170 grad norm: 0.435476
2026-06-15 22:10:26,896 - debug - DEBUG - Batch 180 grad norm: 0.496450
2026-06-15 22:10:28,254 - debug - DEBUG - Batch 190 grad norm: 0.666820
2026-06-15 22:10:28,644 - debug - DEBUG - compute_metrics_and_record started for epoch 166
2026-06-15 22:10:28,644 - debug - DEBUG - all_preds length: 25000, all_targets length: 25000
2026-06-15 22:10:28,644 - debug - DEBUG - First 10 preds: [2, 7, 2, 1, 8, 7, 3, 4, 7, 1]
2026-06-15 22:10:28,645 - debug - DEBUG - First 10 targets: [2, 7, 2, 1, 8, 7, 3, 4, 7, 1]
2026-06-15 22:10:28,652 - debug - DEBUG - Unique predicted classes: 10 (first 10: [0 1 2 3 4 5 6 7 8 9])
2026-06-15 22:10:28,653 - debug - DEBUG - Unique target classes: 10 (first 10: [0 1 2 3 4 5 6 7 8 9])
2026-06-15 22:10:31,379 - debug - DEBUG - compute_metrics_and_record started for epoch 166
2026-06-15 22:10:31,380 - debug - DEBUG - all_preds length: 10000, all_targets length: 10000
2026-06-15 22:10:31,380 - debug - DEBUG - First 10 preds: [3, 8, 1, 8, 6, 6, 1, 6, 3, 1]
2026-06-15 22:10:31,380 - debug - DEBUG - First 10 targets: [3, 8, 8, 0, 6, 6, 1, 6, 3, 1]
2026-06-15 22:10:31,382 - debug - DEBUG - Unique predicted classes: 10 (first 10: [0 1 2 3 4 5 6 7 8 9])
2026-06-15 22:10:31,382 - debug - DEBUG - Unique target classes: 10 (first 10: [0 1 2 3 4 5 6 7 8 9])
2026-06-15 22:10:31,679 - debug - DEBUG - Device Check - Batch 0
2026-06-15 22:10:31,680 - debug - DEBUG -   Config GPU ID: 1
2026-06-15 22:10:31,680 - debug - DEBUG -   Input Device:  cuda:1
2026-06-15 22:10:31,680 - debug - DEBUG -   Target Device: cuda:1
2026-06-15 22:10:31,680 - debug - DEBUG -   Model Device:  cuda:1
2026-06-15 22:10:31,680 - debug - DEBUG -   Criterion Weight Device: No weights
2026-06-15 22:10:32,390 - debug - DEBUG - Batch 0 grad norm: 0.622435
2026-06-15 22:10:33,721 - debug - DEBUG - Batch 10 grad norm: 0.579926
2026-06-15 22:10:35,120 - debug - DEBUG - Batch 20 grad norm: 0.651813
2026-06-15 22:10:36,483 - debug - DEBUG - Batch 30 grad norm: 0.707761
2026-06-15 22:10:37,803 - debug - DEBUG - Batch 40 grad norm: 0.550053
2026-06-15 22:10:39,185 - debug - DEBUG - Batch 50 grad norm: 0.740366
2026-06-15 22:10:40,523 - debug - DEBUG - Batch 60 grad norm: 0.904004
2026-06-15 22:10:41,904 - debug - DEBUG - Batch 70 grad norm: 0.835865
2026-06-15 22:10:43,287 - debug - DEBUG - Batch 80 grad norm: 0.508136
2026-06-15 22:10:44,433 - debug - DEBUG - Batch 90 grad norm: 0.880883
2026-06-15 22:10:45,891 - debug - DEBUG - Batch 100 grad norm: 0.286113
2026-06-15 22:10:47,182 - debug - DEBUG - Batch 110 grad norm: 0.687075
2026-06-15 22:10:48,460 - debug - DEBUG - Batch 120 grad norm: 0.684874
2026-06-15 22:10:49,842 - debug - DEBUG - Batch 130 grad norm: 0.561828
2026-06-15 22:10:51,193 - debug - DEBUG - Batch 140 grad norm: 0.543397
2026-06-15 22:10:52,510 - debug - DEBUG - Batch 150 grad norm: 0.783861
2026-06-15 22:10:53,824 - debug - DEBUG - Batch 160 grad norm: 0.726961
2026-06-15 22:10:55,183 - debug - DEBUG - Batch 170 grad norm: 1.003844
2026-06-15 22:10:56,542 - debug - DEBUG - Batch 180 grad norm: 0.627783
2026-06-15 22:10:57,891 - debug - DEBUG - Batch 190 grad norm: 0.773248
2026-06-15 22:10:58,362 - debug - DEBUG - compute_metrics_and_record started for epoch 167
2026-06-15 22:10:58,362 - debug - DEBUG - all_preds length: 25000, all_targets length: 25000
2026-06-15 22:10:58,363 - debug - DEBUG - First 10 preds: [0, 4, 5, 1, 4, 2, 1, 4, 0, 7]
2026-06-15 22:10:58,363 - debug - DEBUG - First 10 targets: [0, 4, 5, 1, 4, 2, 1, 4, 0, 7]
2026-06-15 22:10:58,373 - debug - DEBUG - Unique predicted classes: 10 (first 10: [0 1 2 3 4 5 6 7 8 9])
2026-06-15 22:10:58,374 - debug - DEBUG - Unique target classes: 10 (first 10: [0 1 2 3 4 5 6 7 8 9])
2026-06-15 22:11:01,121 - debug - DEBUG - compute_metrics_and_record started for epoch 167
2026-06-15 22:11:01,121 - debug - DEBUG - all_preds length: 10000, all_targets length: 10000
2026-06-15 22:11:01,121 - debug - DEBUG - First 10 preds: [3, 8, 1, 8, 6, 6, 1, 6, 3, 1]
2026-06-15 22:11:01,121 - debug - DEBUG - First 10 targets: [3, 8, 8, 0, 6, 6, 1, 6, 3, 1]
2026-06-15 22:11:01,124 - debug - DEBUG - Unique predicted classes: 10 (first 10: [0 1 2 3 4 5 6 7 8 9])
2026-06-15 22:11:01,124 - debug - DEBUG - Unique target classes: 10 (first 10: [0 1 2 3 4 5 6 7 8 9])
2026-06-15 22:11:01,361 - debug - DEBUG - Device Check - Batch 0
2026-06-15 22:11:01,362 - debug - DEBUG -   Config GPU ID: 1
2026-06-15 22:11:01,362 - debug - DEBUG -   Input Device:  cuda:1
2026-06-15 22:11:01,362 - debug - DEBUG -   Target Device: cuda:1
2026-06-15 22:11:01,363 - debug - DEBUG -   Model Device:  cuda:1
2026-06-15 22:11:01,363 - debug - DEBUG -   Criterion Weight Device: No weights
2026-06-15 22:11:01,914 - debug - DEBUG - Batch 0 grad norm: 0.704113
2026-06-15 22:11:03,217 - debug - DEBUG - Batch 10 grad norm: 0.528436
2026-06-15 22:11:04,596 - debug - DEBUG - Batch 20 grad norm: 0.559097
2026-06-15 22:11:05,984 - debug - DEBUG - Batch 30 grad norm: 0.751914
2026-06-15 22:11:07,266 - debug - DEBUG - Batch 40 grad norm: 0.714432
2026-06-15 22:11:08,616 - debug - DEBUG - Batch 50 grad norm: 0.578758
2026-06-15 22:11:10,003 - debug - DEBUG - Batch 60 grad norm: 0.918834
2026-06-15 22:11:11,365 - debug - DEBUG - Batch 70 grad norm: 0.536835
2026-06-15 22:11:12,727 - debug - DEBUG - Batch 80 grad norm: 0.819272
2026-06-15 22:11:14,021 - debug - DEBUG - Batch 90 grad norm: 0.631430
2026-06-15 22:11:15,398 - debug - DEBUG - Batch 100 grad norm: 0.735876
2026-06-15 22:11:16,798 - debug - DEBUG - Batch 110 grad norm: 0.697336
2026-06-15 22:11:18,067 - debug - DEBUG - Batch 120 grad norm: 0.832454
2026-06-15 22:11:19,450 - debug - DEBUG - Batch 130 grad norm: 0.496807
2026-06-15 22:11:20,829 - debug - DEBUG - Batch 140 grad norm: 0.516864
2026-06-15 22:11:22,180 - debug - DEBUG - Batch 150 grad norm: 0.650986
2026-06-15 22:11:23,407 - debug - DEBUG - Batch 160 grad norm: 0.757106
2026-06-15 22:11:24,727 - debug - DEBUG - Batch 170 grad norm: 0.888030
2026-06-15 22:11:25,962 - debug - DEBUG - Batch 180 grad norm: 0.698572
2026-06-15 22:11:27,307 - debug - DEBUG - Batch 190 grad norm: 0.643884
2026-06-15 22:11:27,758 - debug - DEBUG - compute_metrics_and_record started for epoch 168
2026-06-15 22:11:27,758 - debug - DEBUG - all_preds length: 25000, all_targets length: 25000
2026-06-15 22:11:27,758 - debug - DEBUG - First 10 preds: [2, 7, 4, 0, 7, 2, 3, 3, 5, 3]
2026-06-15 22:11:27,758 - debug - DEBUG - First 10 targets: [2, 7, 4, 0, 7, 2, 3, 3, 5, 3]
2026-06-15 22:11:27,764 - debug - DEBUG - Unique predicted classes: 10 (first 10: [0 1 2 3 4 5 6 7 8 9])
2026-06-15 22:11:27,764 - debug - DEBUG - Unique target classes: 10 (first 10: [0 1 2 3 4 5 6 7 8 9])
2026-06-15 22:11:30,288 - debug - DEBUG - compute_metrics_and_record started for epoch 168
2026-06-15 22:11:30,289 - debug - DEBUG - all_preds length: 10000, all_targets length: 10000
2026-06-15 22:11:30,289 - debug - DEBUG - First 10 preds: [3, 8, 1, 8, 6, 6, 1, 6, 3, 1]
2026-06-15 22:11:30,289 - debug - DEBUG - First 10 targets: [3, 8, 8, 0, 6, 6, 1, 6, 3, 1]
2026-06-15 22:11:30,291 - debug - DEBUG - Unique predicted classes: 10 (first 10: [0 1 2 3 4 5 6 7 8 9])
2026-06-15 22:11:30,292 - debug - DEBUG - Unique target classes: 10 (first 10: [0 1 2 3 4 5 6 7 8 9])
2026-06-15 22:11:30,540 - debug - DEBUG - Device Check - Batch 0
2026-06-15 22:11:30,541 - debug - DEBUG -   Config GPU ID: 1
2026-06-15 22:11:30,541 - debug - DEBUG -   Input Device:  cuda:1
2026-06-15 22:11:30,541 - debug - DEBUG -   Target Device: cuda:1
2026-06-15 22:11:30,542 - debug - DEBUG -   Model Device:  cuda:1
2026-06-15 22:11:30,542 - debug - DEBUG -   Criterion Weight Device: No weights
2026-06-15 22:11:31,056 - debug - DEBUG - Batch 0 grad norm: 0.566549
2026-06-15 22:11:32,436 - debug - DEBUG - Batch 10 grad norm: 0.656935
2026-06-15 22:11:33,768 - debug - DEBUG - Batch 20 grad norm: 0.496928
2026-06-15 22:11:35,031 - debug - DEBUG - Batch 30 grad norm: 0.556666
2026-06-15 22:11:36,418 - debug - DEBUG - Batch 40 grad norm: 0.531236
2026-06-15 22:11:37,755 - debug - DEBUG - Batch 50 grad norm: 0.776993
2026-06-15 22:11:39,063 - debug - DEBUG - Batch 60 grad norm: 0.757774
2026-06-15 22:11:40,443 - debug - DEBUG - Batch 70 grad norm: 0.708122
2026-06-15 22:11:41,795 - debug - DEBUG - Batch 80 grad norm: 0.755410
2026-06-15 22:11:43,219 - debug - DEBUG - Batch 90 grad norm: 0.664764
2026-06-15 22:11:44,532 - debug - DEBUG - Batch 100 grad norm: 0.749555
2026-06-15 22:11:45,910 - debug - DEBUG - Batch 110 grad norm: 0.669529
2026-06-15 22:11:47,155 - debug - DEBUG - Batch 120 grad norm: 0.504512
2026-06-15 22:11:48,492 - debug - DEBUG - Batch 130 grad norm: 1.141498
2026-06-15 22:11:49,788 - debug - DEBUG - Batch 140 grad norm: 0.613163
2026-06-15 22:11:51,070 - debug - DEBUG - Batch 150 grad norm: 0.467148
2026-06-15 22:11:52,490 - debug - DEBUG - Batch 160 grad norm: 0.609209
2026-06-15 22:11:53,915 - debug - DEBUG - Batch 170 grad norm: 0.630112
2026-06-15 22:11:55,213 - debug - DEBUG - Batch 180 grad norm: 0.698716
2026-06-15 22:11:56,553 - debug - DEBUG - Batch 190 grad norm: 0.658598
2026-06-15 22:11:56,990 - debug - DEBUG - compute_metrics_and_record started for epoch 169
2026-06-15 22:11:56,990 - debug - DEBUG - all_preds length: 25000, all_targets length: 25000
2026-06-15 22:11:56,990 - debug - DEBUG - First 10 preds: [7, 4, 8, 9, 1, 6, 5, 2, 9, 6]
2026-06-15 22:11:56,990 - debug - DEBUG - First 10 targets: [7, 4, 8, 9, 1, 6, 5, 2, 9, 6]
2026-06-15 22:11:56,996 - debug - DEBUG - Unique predicted classes: 10 (first 10: [0 1 2 3 4 5 6 7 8 9])
2026-06-15 22:11:56,996 - debug - DEBUG - Unique target classes: 10 (first 10: [0 1 2 3 4 5 6 7 8 9])
2026-06-15 22:11:59,738 - debug - DEBUG - compute_metrics_and_record started for epoch 169
2026-06-15 22:11:59,739 - debug - DEBUG - all_preds length: 10000, all_targets length: 10000
2026-06-15 22:11:59,739 - debug - DEBUG - First 10 preds: [3, 8, 1, 8, 6, 6, 1, 6, 3, 1]
2026-06-15 22:11:59,739 - debug - DEBUG - First 10 targets: [3, 8, 8, 0, 6, 6, 1, 6, 3, 1]
2026-06-15 22:11:59,742 - debug - DEBUG - Unique predicted classes: 10 (first 10: [0 1 2 3 4 5 6 7 8 9])
2026-06-15 22:11:59,742 - debug - DEBUG - Unique target classes: 10 (first 10: [0 1 2 3 4 5 6 7 8 9])
2026-06-15 22:12:00,050 - debug - DEBUG - Device Check - Batch 0
2026-06-15 22:12:00,051 - debug - DEBUG -   Config GPU ID: 1
2026-06-15 22:12:00,051 - debug - DEBUG -   Input Device:  cuda:1
2026-06-15 22:12:00,051 - debug - DEBUG -   Target Device: cuda:1
2026-06-15 22:12:00,051 - debug - DEBUG -   Model Device:  cuda:1
2026-06-15 22:12:00,051 - debug - DEBUG -   Criterion Weight Device: No weights
2026-06-15 22:12:00,674 - debug - DEBUG - Batch 0 grad norm: 0.545308
2026-06-15 22:12:02,017 - debug - DEBUG - Batch 10 grad norm: 0.934736
2026-06-15 22:12:03,509 - debug - DEBUG - Batch 20 grad norm: 0.639038
2026-06-15 22:12:04,826 - debug - DEBUG - Batch 30 grad norm: 0.670471
2026-06-15 22:12:06,202 - debug - DEBUG - Batch 40 grad norm: 0.945913
2026-06-15 22:12:07,569 - debug - DEBUG - Batch 50 grad norm: 0.475111
2026-06-15 22:12:08,909 - debug - DEBUG - Batch 60 grad norm: 0.463520
2026-06-15 22:12:10,407 - debug - DEBUG - Batch 70 grad norm: 0.614950
2026-06-15 22:12:11,673 - debug - DEBUG - Batch 80 grad norm: 0.392304
2026-06-15 22:12:12,957 - debug - DEBUG - Batch 90 grad norm: 0.584189
2026-06-15 22:12:14,291 - debug - DEBUG - Batch 100 grad norm: 0.871461
2026-06-15 22:12:15,743 - debug - DEBUG - Batch 110 grad norm: 0.854111
2026-06-15 22:12:16,929 - debug - DEBUG - Batch 120 grad norm: 0.636869
2026-06-15 22:12:18,263 - debug - DEBUG - Batch 130 grad norm: 0.670622
2026-06-15 22:12:19,642 - debug - DEBUG - Batch 140 grad norm: 0.812703
2026-06-15 22:12:20,972 - debug - DEBUG - Batch 150 grad norm: 0.702379
2026-06-15 22:12:22,353 - debug - DEBUG - Batch 160 grad norm: 0.396021
2026-06-15 22:12:23,777 - debug - DEBUG - Batch 170 grad norm: 0.442210
2026-06-15 22:12:25,198 - debug - DEBUG - Batch 180 grad norm: 0.446952
2026-06-15 22:12:26,586 - debug - DEBUG - Batch 190 grad norm: 0.704980
2026-06-15 22:12:26,917 - debug - DEBUG - compute_metrics_and_record started for epoch 170
2026-06-15 22:12:26,917 - debug - DEBUG - all_preds length: 25000, all_targets length: 25000
2026-06-15 22:12:26,917 - debug - DEBUG - First 10 preds: [5, 7, 5, 3, 1, 3, 7, 2, 8, 1]
2026-06-15 22:12:26,917 - debug - DEBUG - First 10 targets: [5, 7, 5, 5, 1, 5, 7, 2, 8, 1]
2026-06-15 22:12:26,924 - debug - DEBUG - Unique predicted classes: 10 (first 10: [0 1 2 3 4 5 6 7 8 9])
2026-06-15 22:12:26,925 - debug - DEBUG - Unique target classes: 10 (first 10: [0 1 2 3 4 5 6 7 8 9])
2026-06-15 22:12:29,706 - debug - DEBUG - compute_metrics_and_record started for epoch 170
2026-06-15 22:12:29,707 - debug - DEBUG - all_preds length: 10000, all_targets length: 10000
2026-06-15 22:12:29,707 - debug - DEBUG - First 10 preds: [3, 8, 1, 8, 6, 6, 1, 6, 3, 1]
2026-06-15 22:12:29,707 - debug - DEBUG - First 10 targets: [3, 8, 8, 0, 6, 6, 1, 6, 3, 1]
2026-06-15 22:12:29,709 - debug - DEBUG - Unique predicted classes: 10 (first 10: [0 1 2 3 4 5 6 7 8 9])
2026-06-15 22:12:29,710 - debug - DEBUG - Unique target classes: 10 (first 10: [0 1 2 3 4 5 6 7 8 9])
2026-06-15 22:12:29,949 - debug - DEBUG - Device Check - Batch 0
2026-06-15 22:12:29,949 - debug - DEBUG -   Config GPU ID: 1
2026-06-15 22:12:29,950 - debug - DEBUG -   Input Device:  cuda:1
2026-06-15 22:12:29,950 - debug - DEBUG -   Target Device: cuda:1
2026-06-15 22:12:29,950 - debug - DEBUG -   Model Device:  cuda:1
2026-06-15 22:12:29,951 - debug - DEBUG -   Criterion Weight Device: No weights
2026-06-15 22:12:30,643 - debug - DEBUG - Batch 0 grad norm: 0.856871
2026-06-15 22:12:32,000 - debug - DEBUG - Batch 10 grad norm: 0.576420
2026-06-15 22:12:33,207 - debug - DEBUG - Batch 20 grad norm: 0.546719
2026-06-15 22:12:34,547 - debug - DEBUG - Batch 30 grad norm: 0.613432
2026-06-15 22:12:35,897 - debug - DEBUG - Batch 40 grad norm: 0.618976
2026-06-15 22:12:37,270 - debug - DEBUG - Batch 50 grad norm: 0.631645
2026-06-15 22:12:38,659 - debug - DEBUG - Batch 60 grad norm: 0.679929
2026-06-15 22:12:40,050 - debug - DEBUG - Batch 70 grad norm: 0.652699
2026-06-15 22:12:41,422 - debug - DEBUG - Batch 80 grad norm: 0.786913
2026-06-15 22:12:42,836 - debug - DEBUG - Batch 90 grad norm: 0.810108
2026-06-15 22:12:44,093 - debug - DEBUG - Batch 100 grad norm: 0.708130
2026-06-15 22:12:45,595 - debug - DEBUG - Batch 110 grad norm: 0.571514
2026-06-15 22:12:46,924 - debug - DEBUG - Batch 120 grad norm: 0.306662
2026-06-15 22:12:48,185 - debug - DEBUG - Batch 130 grad norm: 0.600946
2026-06-15 22:12:49,572 - debug - DEBUG - Batch 140 grad norm: 0.496143
2026-06-15 22:12:50,845 - debug - DEBUG - Batch 150 grad norm: 0.419527
2026-06-15 22:12:52,307 - debug - DEBUG - Batch 160 grad norm: 0.404471
2026-06-15 22:12:53,491 - debug - DEBUG - Batch 170 grad norm: 0.612334
2026-06-15 22:12:54,867 - debug - DEBUG - Batch 180 grad norm: 0.693899
2026-06-15 22:12:56,258 - debug - DEBUG - Batch 190 grad norm: 0.652023
2026-06-15 22:12:56,660 - debug - DEBUG - compute_metrics_and_record started for epoch 171
2026-06-15 22:12:56,660 - debug - DEBUG - all_preds length: 25000, all_targets length: 25000
2026-06-15 22:12:56,661 - debug - DEBUG - First 10 preds: [9, 5, 7, 6, 6, 0, 0, 5, 6, 3]
2026-06-15 22:12:56,661 - debug - DEBUG - First 10 targets: [9, 5, 7, 6, 6, 0, 0, 5, 6, 3]
2026-06-15 22:12:56,669 - debug - DEBUG - Unique predicted classes: 10 (first 10: [0 1 2 3 4 5 6 7 8 9])
2026-06-15 22:12:56,670 - debug - DEBUG - Unique target classes: 10 (first 10: [0 1 2 3 4 5 6 7 8 9])
2026-06-15 22:12:59,443 - debug - DEBUG - compute_metrics_and_record started for epoch 171
2026-06-15 22:12:59,443 - debug - DEBUG - all_preds length: 10000, all_targets length: 10000
2026-06-15 22:12:59,443 - debug - DEBUG - First 10 preds: [3, 8, 1, 8, 6, 6, 1, 6, 3, 1]
2026-06-15 22:12:59,443 - debug - DEBUG - First 10 targets: [3, 8, 8, 0, 6, 6, 1, 6, 3, 1]
2026-06-15 22:12:59,445 - debug - DEBUG - Unique predicted classes: 10 (first 10: [0 1 2 3 4 5 6 7 8 9])
2026-06-15 22:12:59,446 - debug - DEBUG - Unique target classes: 10 (first 10: [0 1 2 3 4 5 6 7 8 9])
2026-06-15 22:12:59,736 - debug - DEBUG - Device Check - Batch 0
2026-06-15 22:12:59,736 - debug - DEBUG -   Config GPU ID: 1
2026-06-15 22:12:59,736 - debug - DEBUG -   Input Device:  cuda:1
2026-06-15 22:12:59,737 - debug - DEBUG -   Target Device: cuda:1
2026-06-15 22:12:59,737 - debug - DEBUG -   Model Device:  cuda:1
2026-06-15 22:12:59,737 - debug - DEBUG -   Criterion Weight Device: No weights
2026-06-15 22:13:00,431 - debug - DEBUG - Batch 0 grad norm: 0.682545
2026-06-15 22:13:01,828 - debug - DEBUG - Batch 10 grad norm: 0.391542
2026-06-15 22:13:03,167 - debug - DEBUG - Batch 20 grad norm: 0.573691
2026-06-15 22:13:04,509 - debug - DEBUG - Batch 30 grad norm: 0.716610
2026-06-15 22:13:05,792 - debug - DEBUG - Batch 40 grad norm: 0.821823
2026-06-15 22:13:07,113 - debug - DEBUG - Batch 50 grad norm: 0.781541
2026-06-15 22:13:08,443 - debug - DEBUG - Batch 60 grad norm: 0.613649
2026-06-15 22:13:09,751 - debug - DEBUG - Batch 70 grad norm: 0.308329
2026-06-15 22:13:11,191 - debug - DEBUG - Batch 80 grad norm: 0.546664
2026-06-15 22:13:12,593 - debug - DEBUG - Batch 90 grad norm: 0.460319
2026-06-15 22:13:13,971 - debug - DEBUG - Batch 100 grad norm: 0.768891
2026-06-15 22:13:15,427 - debug - DEBUG - Batch 110 grad norm: 0.688036
2026-06-15 22:13:16,626 - debug - DEBUG - Batch 120 grad norm: 0.645087
2026-06-15 22:13:17,950 - debug - DEBUG - Batch 130 grad norm: 0.647796
2026-06-15 22:13:19,379 - debug - DEBUG - Batch 140 grad norm: 0.571518
2026-06-15 22:13:20,738 - debug - DEBUG - Batch 150 grad norm: 0.486108
2026-06-15 22:13:22,125 - debug - DEBUG - Batch 160 grad norm: 0.498130
2026-06-15 22:13:23,518 - debug - DEBUG - Batch 170 grad norm: 0.856149
2026-06-15 22:13:24,903 - debug - DEBUG - Batch 180 grad norm: 0.528732
2026-06-15 22:13:26,221 - debug - DEBUG - Batch 190 grad norm: 0.608596
2026-06-15 22:13:26,645 - debug - DEBUG - compute_metrics_and_record started for epoch 172
2026-06-15 22:13:26,646 - debug - DEBUG - all_preds length: 25000, all_targets length: 25000
2026-06-15 22:13:26,646 - debug - DEBUG - First 10 preds: [0, 2, 7, 9, 0, 3, 4, 4, 5, 7]
2026-06-15 22:13:26,646 - debug - DEBUG - First 10 targets: [0, 2, 7, 9, 0, 3, 4, 4, 5, 7]
2026-06-15 22:13:26,654 - debug - DEBUG - Unique predicted classes: 10 (first 10: [0 1 2 3 4 5 6 7 8 9])
2026-06-15 22:13:26,654 - debug - DEBUG - Unique target classes: 10 (first 10: [0 1 2 3 4 5 6 7 8 9])
2026-06-15 22:13:29,356 - debug - DEBUG - compute_metrics_and_record started for epoch 172
2026-06-15 22:13:29,356 - debug - DEBUG - all_preds length: 10000, all_targets length: 10000
2026-06-15 22:13:29,356 - debug - DEBUG - First 10 preds: [3, 8, 1, 8, 6, 6, 1, 6, 3, 1]
2026-06-15 22:13:29,356 - debug - DEBUG - First 10 targets: [3, 8, 8, 0, 6, 6, 1, 6, 3, 1]
2026-06-15 22:13:29,359 - debug - DEBUG - Unique predicted classes: 10 (first 10: [0 1 2 3 4 5 6 7 8 9])
2026-06-15 22:13:29,359 - debug - DEBUG - Unique target classes: 10 (first 10: [0 1 2 3 4 5 6 7 8 9])
2026-06-15 22:13:29,649 - debug - DEBUG - Device Check - Batch 0
2026-06-15 22:13:29,650 - debug - DEBUG -   Config GPU ID: 1
2026-06-15 22:13:29,650 - debug - DEBUG -   Input Device:  cuda:1
2026-06-15 22:13:29,650 - debug - DEBUG -   Target Device: cuda:1
2026-06-15 22:13:29,650 - debug - DEBUG -   Model Device:  cuda:1
2026-06-15 22:13:29,650 - debug - DEBUG -   Criterion Weight Device: No weights
2026-06-15 22:13:30,323 - debug - DEBUG - Batch 0 grad norm: 0.654019
2026-06-15 22:13:31,716 - debug - DEBUG - Batch 10 grad norm: 0.386201
2026-06-15 22:13:32,909 - debug - DEBUG - Batch 20 grad norm: 0.530673
2026-06-15 22:13:34,404 - debug - DEBUG - Batch 30 grad norm: 0.479670
2026-06-15 22:13:35,840 - debug - DEBUG - Batch 40 grad norm: 0.663673
2026-06-15 22:13:37,118 - debug - DEBUG - Batch 50 grad norm: 0.511519
2026-06-15 22:13:38,443 - debug - DEBUG - Batch 60 grad norm: 0.533195
2026-06-15 22:13:39,727 - debug - DEBUG - Batch 70 grad norm: 0.477556
2026-06-15 22:13:41,100 - debug - DEBUG - Batch 80 grad norm: 0.621524
2026-06-15 22:13:42,456 - debug - DEBUG - Batch 90 grad norm: 0.699744
2026-06-15 22:13:43,790 - debug - DEBUG - Batch 100 grad norm: 0.759310
2026-06-15 22:13:45,213 - debug - DEBUG - Batch 110 grad norm: 0.624639
2026-06-15 22:13:46,460 - debug - DEBUG - Batch 120 grad norm: 0.575100
2026-06-15 22:13:47,885 - debug - DEBUG - Batch 130 grad norm: 0.804379
2026-06-15 22:13:49,214 - debug - DEBUG - Batch 140 grad norm: 0.573852
2026-06-15 22:13:50,557 - debug - DEBUG - Batch 150 grad norm: 0.439429
2026-06-15 22:13:51,940 - debug - DEBUG - Batch 160 grad norm: 0.633364
2026-06-15 22:13:53,293 - debug - DEBUG - Batch 170 grad norm: 0.698489
2026-06-15 22:13:54,648 - debug - DEBUG - Batch 180 grad norm: 0.515060
2026-06-15 22:13:55,959 - debug - DEBUG - Batch 190 grad norm: 0.494105
2026-06-15 22:13:56,320 - debug - DEBUG - compute_metrics_and_record started for epoch 173
2026-06-15 22:13:56,320 - debug - DEBUG - all_preds length: 25000, all_targets length: 25000
2026-06-15 22:13:56,320 - debug - DEBUG - First 10 preds: [0, 7, 6, 2, 0, 3, 9, 7, 8, 7]
2026-06-15 22:13:56,320 - debug - DEBUG - First 10 targets: [0, 7, 6, 2, 0, 3, 9, 7, 8, 7]
2026-06-15 22:13:56,327 - debug - DEBUG - Unique predicted classes: 10 (first 10: [0 1 2 3 4 5 6 7 8 9])
2026-06-15 22:13:56,327 - debug - DEBUG - Unique target classes: 10 (first 10: [0 1 2 3 4 5 6 7 8 9])
2026-06-15 22:13:59,080 - debug - DEBUG - compute_metrics_and_record started for epoch 173
2026-06-15 22:13:59,081 - debug - DEBUG - all_preds length: 10000, all_targets length: 10000
2026-06-15 22:13:59,081 - debug - DEBUG - First 10 preds: [3, 8, 1, 8, 6, 6, 1, 6, 3, 1]
2026-06-15 22:13:59,081 - debug - DEBUG - First 10 targets: [3, 8, 8, 0, 6, 6, 1, 6, 3, 1]
2026-06-15 22:13:59,083 - debug - DEBUG - Unique predicted classes: 10 (first 10: [0 1 2 3 4 5 6 7 8 9])
2026-06-15 22:13:59,083 - debug - DEBUG - Unique target classes: 10 (first 10: [0 1 2 3 4 5 6 7 8 9])
2026-06-15 22:13:59,379 - debug - DEBUG - Device Check - Batch 0
2026-06-15 22:13:59,379 - debug - DEBUG -   Config GPU ID: 1
2026-06-15 22:13:59,380 - debug - DEBUG -   Input Device:  cuda:1
2026-06-15 22:13:59,380 - debug - DEBUG -   Target Device: cuda:1
2026-06-15 22:13:59,380 - debug - DEBUG -   Model Device:  cuda:1
2026-06-15 22:13:59,380 - debug - DEBUG -   Criterion Weight Device: No weights
2026-06-15 22:14:00,089 - debug - DEBUG - Batch 0 grad norm: 0.543279
2026-06-15 22:14:01,457 - debug - DEBUG - Batch 10 grad norm: 0.577045
2026-06-15 22:14:02,796 - debug - DEBUG - Batch 20 grad norm: 0.457202
2026-06-15 22:14:04,142 - debug - DEBUG - Batch 30 grad norm: 0.535605
2026-06-15 22:14:05,375 - debug - DEBUG - Batch 40 grad norm: 0.645078
2026-06-15 22:14:06,829 - debug - DEBUG - Batch 50 grad norm: 0.457390
2026-06-15 22:14:08,284 - debug - DEBUG - Batch 60 grad norm: 0.755412
2026-06-15 22:14:09,733 - debug - DEBUG - Batch 70 grad norm: 0.535229
2026-06-15 22:14:11,187 - debug - DEBUG - Batch 80 grad norm: 0.613039
2026-06-15 22:14:12,653 - debug - DEBUG - Batch 90 grad norm: 0.610878
2026-06-15 22:14:14,133 - debug - DEBUG - Batch 100 grad norm: 0.607217
2026-06-15 22:14:15,683 - debug - DEBUG - Batch 110 grad norm: 0.901406
2026-06-15 22:14:16,995 - debug - DEBUG - Batch 120 grad norm: 0.612314
2026-06-15 22:14:18,544 - debug - DEBUG - Batch 130 grad norm: 0.668624
2026-06-15 22:14:19,859 - debug - DEBUG - Batch 140 grad norm: 0.534597
2026-06-15 22:14:21,322 - debug - DEBUG - Batch 150 grad norm: 0.441283
2026-06-15 22:14:22,801 - debug - DEBUG - Batch 160 grad norm: 0.473658
2026-06-15 22:14:24,217 - debug - DEBUG - Batch 170 grad norm: 0.385156
2026-06-15 22:14:25,536 - debug - DEBUG - Batch 180 grad norm: 0.787323
2026-06-15 22:14:26,937 - debug - DEBUG - Batch 190 grad norm: 0.749737
2026-06-15 22:14:27,364 - debug - DEBUG - compute_metrics_and_record started for epoch 174
2026-06-15 22:14:27,364 - debug - DEBUG - all_preds length: 25000, all_targets length: 25000
2026-06-15 22:14:27,364 - debug - DEBUG - First 10 preds: [7, 1, 2, 0, 4, 0, 6, 1, 7, 5]
2026-06-15 22:14:27,364 - debug - DEBUG - First 10 targets: [7, 1, 2, 0, 4, 0, 6, 1, 7, 5]
2026-06-15 22:14:27,371 - debug - DEBUG - Unique predicted classes: 10 (first 10: [0 1 2 3 4 5 6 7 8 9])
2026-06-15 22:14:27,371 - debug - DEBUG - Unique target classes: 10 (first 10: [0 1 2 3 4 5 6 7 8 9])
2026-06-15 22:14:30,006 - debug - DEBUG - compute_metrics_and_record started for epoch 174
2026-06-15 22:14:30,006 - debug - DEBUG - all_preds length: 10000, all_targets length: 10000
2026-06-15 22:14:30,007 - debug - DEBUG - First 10 preds: [3, 8, 1, 8, 6, 6, 1, 6, 3, 1]
2026-06-15 22:14:30,007 - debug - DEBUG - First 10 targets: [3, 8, 8, 0, 6, 6, 1, 6, 3, 1]
2026-06-15 22:14:30,009 - debug - DEBUG - Unique predicted classes: 10 (first 10: [0 1 2 3 4 5 6 7 8 9])
2026-06-15 22:14:30,009 - debug - DEBUG - Unique target classes: 10 (first 10: [0 1 2 3 4 5 6 7 8 9])
2026-06-15 22:14:30,303 - debug - DEBUG - Device Check - Batch 0
2026-06-15 22:14:30,303 - debug - DEBUG -   Config GPU ID: 1
2026-06-15 22:14:30,304 - debug - DEBUG -   Input Device:  cuda:1
2026-06-15 22:14:30,304 - debug - DEBUG -   Target Device: cuda:1
2026-06-15 22:14:30,304 - debug - DEBUG -   Model Device:  cuda:1
2026-06-15 22:14:30,304 - debug - DEBUG -   Criterion Weight Device: No weights
2026-06-15 22:14:30,902 - debug - DEBUG - Batch 0 grad norm: 0.699105
2026-06-15 22:14:32,227 - debug - DEBUG - Batch 10 grad norm: 0.547852
2026-06-15 22:14:33,581 - debug - DEBUG - Batch 20 grad norm: 0.454514
2026-06-15 22:14:34,958 - debug - DEBUG - Batch 30 grad norm: 0.607259
2026-06-15 22:14:36,335 - debug - DEBUG - Batch 40 grad norm: 0.750452
2026-06-15 22:14:37,708 - debug - DEBUG - Batch 50 grad norm: 0.594135
2026-06-15 22:14:39,087 - debug - DEBUG - Batch 60 grad norm: 0.594384
2026-06-15 22:14:40,457 - debug - DEBUG - Batch 70 grad norm: 0.479847
2026-06-15 22:14:41,833 - debug - DEBUG - Batch 80 grad norm: 0.480645
2026-06-15 22:14:43,206 - debug - DEBUG - Batch 90 grad norm: 0.735737
2026-06-15 22:14:44,565 - debug - DEBUG - Batch 100 grad norm: 0.487533
2026-06-15 22:14:45,894 - debug - DEBUG - Batch 110 grad norm: 0.568022
2026-06-15 22:14:47,151 - debug - DEBUG - Batch 120 grad norm: 0.437544
2026-06-15 22:14:48,524 - debug - DEBUG - Batch 130 grad norm: 0.661501
2026-06-15 22:14:49,900 - debug - DEBUG - Batch 140 grad norm: 0.508532
2026-06-15 22:14:51,292 - debug - DEBUG - Batch 150 grad norm: 0.553546
2026-06-15 22:14:52,680 - debug - DEBUG - Batch 160 grad norm: 0.428368
2026-06-15 22:14:54,073 - debug - DEBUG - Batch 170 grad norm: 0.496276
2026-06-15 22:14:55,472 - debug - DEBUG - Batch 180 grad norm: 0.623989
2026-06-15 22:14:56,860 - debug - DEBUG - Batch 190 grad norm: 0.750677
2026-06-15 22:14:57,226 - debug - DEBUG - compute_metrics_and_record started for epoch 175
2026-06-15 22:14:57,226 - debug - DEBUG - all_preds length: 25000, all_targets length: 25000
2026-06-15 22:14:57,226 - debug - DEBUG - First 10 preds: [9, 0, 9, 0, 0, 4, 0, 9, 2, 8]
2026-06-15 22:14:57,226 - debug - DEBUG - First 10 targets: [9, 0, 9, 0, 0, 4, 0, 9, 2, 8]
2026-06-15 22:14:57,235 - debug - DEBUG - Unique predicted classes: 10 (first 10: [0 1 2 3 4 5 6 7 8 9])
2026-06-15 22:14:57,235 - debug - DEBUG - Unique target classes: 10 (first 10: [0 1 2 3 4 5 6 7 8 9])
2026-06-15 22:14:59,944 - debug - DEBUG - compute_metrics_and_record started for epoch 175
2026-06-15 22:14:59,945 - debug - DEBUG - all_preds length: 10000, all_targets length: 10000
2026-06-15 22:14:59,945 - debug - DEBUG - First 10 preds: [3, 8, 1, 8, 6, 6, 1, 6, 3, 1]
2026-06-15 22:14:59,945 - debug - DEBUG - First 10 targets: [3, 8, 8, 0, 6, 6, 1, 6, 3, 1]
2026-06-15 22:14:59,947 - debug - DEBUG - Unique predicted classes: 10 (first 10: [0 1 2 3 4 5 6 7 8 9])
2026-06-15 22:14:59,948 - debug - DEBUG - Unique target classes: 10 (first 10: [0 1 2 3 4 5 6 7 8 9])
2026-06-15 22:15:00,235 - debug - DEBUG - Device Check - Batch 0
2026-06-15 22:15:00,236 - debug - DEBUG -   Config GPU ID: 1
2026-06-15 22:15:00,236 - debug - DEBUG -   Input Device:  cuda:1
2026-06-15 22:15:00,236 - debug - DEBUG -   Target Device: cuda:1
2026-06-15 22:15:00,237 - debug - DEBUG -   Model Device:  cuda:1
2026-06-15 22:15:00,237 - debug - DEBUG -   Criterion Weight Device: No weights
2026-06-15 22:15:00,888 - debug - DEBUG - Batch 0 grad norm: 0.555273
2026-06-15 22:15:02,231 - debug - DEBUG - Batch 10 grad norm: 0.675316
2026-06-15 22:15:03,607 - debug - DEBUG - Batch 20 grad norm: 0.515828
2026-06-15 22:15:04,891 - debug - DEBUG - Batch 30 grad norm: 0.519239
2026-06-15 22:15:06,274 - debug - DEBUG - Batch 40 grad norm: 0.587908
2026-06-15 22:15:07,566 - debug - DEBUG - Batch 50 grad norm: 0.745606
2026-06-15 22:15:08,957 - debug - DEBUG - Batch 60 grad norm: 0.320680
2026-06-15 22:15:10,342 - debug - DEBUG - Batch 70 grad norm: 0.670819
2026-06-15 22:15:11,734 - debug - DEBUG - Batch 80 grad norm: 0.463619
2026-06-15 22:15:12,959 - debug - DEBUG - Batch 90 grad norm: 0.348536
2026-06-15 22:15:14,322 - debug - DEBUG - Batch 100 grad norm: 0.618871
2026-06-15 22:15:15,752 - debug - DEBUG - Batch 110 grad norm: 0.713906
2026-06-15 22:15:16,973 - debug - DEBUG - Batch 120 grad norm: 0.436169
2026-06-15 22:15:18,277 - debug - DEBUG - Batch 130 grad norm: 0.486367
2026-06-15 22:15:19,655 - debug - DEBUG - Batch 140 grad norm: 0.483573
2026-06-15 22:15:21,033 - debug - DEBUG - Batch 150 grad norm: 0.608893
2026-06-15 22:15:22,319 - debug - DEBUG - Batch 160 grad norm: 0.420410
2026-06-15 22:15:23,722 - debug - DEBUG - Batch 170 grad norm: 0.974595
2026-06-15 22:15:25,125 - debug - DEBUG - Batch 180 grad norm: 0.572425
2026-06-15 22:15:26,473 - debug - DEBUG - Batch 190 grad norm: 0.584507
2026-06-15 22:15:26,933 - debug - DEBUG - compute_metrics_and_record started for epoch 176
2026-06-15 22:15:26,933 - debug - DEBUG - all_preds length: 25000, all_targets length: 25000
2026-06-15 22:15:26,934 - debug - DEBUG - First 10 preds: [5, 0, 2, 2, 4, 1, 6, 5, 7, 2]
2026-06-15 22:15:26,934 - debug - DEBUG - First 10 targets: [5, 0, 2, 2, 4, 1, 6, 5, 7, 2]
2026-06-15 22:15:26,940 - debug - DEBUG - Unique predicted classes: 10 (first 10: [0 1 2 3 4 5 6 7 8 9])
2026-06-15 22:15:26,940 - debug - DEBUG - Unique target classes: 10 (first 10: [0 1 2 3 4 5 6 7 8 9])
2026-06-15 22:15:29,727 - debug - DEBUG - compute_metrics_and_record started for epoch 176
2026-06-15 22:15:29,727 - debug - DEBUG - all_preds length: 10000, all_targets length: 10000
2026-06-15 22:15:29,727 - debug - DEBUG - First 10 preds: [3, 8, 1, 8, 6, 6, 1, 6, 3, 1]
2026-06-15 22:15:29,727 - debug - DEBUG - First 10 targets: [3, 8, 8, 0, 6, 6, 1, 6, 3, 1]
2026-06-15 22:15:29,729 - debug - DEBUG - Unique predicted classes: 10 (first 10: [0 1 2 3 4 5 6 7 8 9])
2026-06-15 22:15:29,730 - debug - DEBUG - Unique target classes: 10 (first 10: [0 1 2 3 4 5 6 7 8 9])
2026-06-15 22:15:30,011 - debug - DEBUG - Device Check - Batch 0
2026-06-15 22:15:30,012 - debug - DEBUG -   Config GPU ID: 1
2026-06-15 22:15:30,012 - debug - DEBUG -   Input Device:  cuda:1
2026-06-15 22:15:30,012 - debug - DEBUG -   Target Device: cuda:1
2026-06-15 22:15:30,012 - debug - DEBUG -   Model Device:  cuda:1
2026-06-15 22:15:30,013 - debug - DEBUG -   Criterion Weight Device: No weights
2026-06-15 22:15:30,715 - debug - DEBUG - Batch 0 grad norm: 0.453549
2026-06-15 22:15:32,112 - debug - DEBUG - Batch 10 grad norm: 0.403287
2026-06-15 22:15:33,397 - debug - DEBUG - Batch 20 grad norm: 0.542372
2026-06-15 22:15:34,747 - debug - DEBUG - Batch 30 grad norm: 0.543551
2026-06-15 22:15:36,067 - debug - DEBUG - Batch 40 grad norm: 0.554651
2026-06-15 22:15:37,348 - debug - DEBUG - Batch 50 grad norm: 0.626220
2026-06-15 22:15:38,684 - debug - DEBUG - Batch 60 grad norm: 0.532431
2026-06-15 22:15:40,010 - debug - DEBUG - Batch 70 grad norm: 0.489074
2026-06-15 22:15:41,314 - debug - DEBUG - Batch 80 grad norm: 0.515700
2026-06-15 22:15:42,662 - debug - DEBUG - Batch 90 grad norm: 0.359398
2026-06-15 22:15:44,064 - debug - DEBUG - Batch 100 grad norm: 0.469205
2026-06-15 22:15:45,398 - debug - DEBUG - Batch 110 grad norm: 0.608292
2026-06-15 22:15:46,748 - debug - DEBUG - Batch 120 grad norm: 0.833983
2026-06-15 22:15:48,108 - debug - DEBUG - Batch 130 grad norm: 0.976807
2026-06-15 22:15:49,502 - debug - DEBUG - Batch 140 grad norm: 0.762179
2026-06-15 22:15:50,874 - debug - DEBUG - Batch 150 grad norm: 0.967588
2026-06-15 22:15:52,260 - debug - DEBUG - Batch 160 grad norm: 0.479607
2026-06-15 22:15:53,491 - debug - DEBUG - Batch 170 grad norm: 0.686166
2026-06-15 22:15:54,816 - debug - DEBUG - Batch 180 grad norm: 0.649678
2026-06-15 22:15:56,154 - debug - DEBUG - Batch 190 grad norm: 0.683681
2026-06-15 22:15:56,614 - debug - DEBUG - compute_metrics_and_record started for epoch 177
2026-06-15 22:15:56,614 - debug - DEBUG - all_preds length: 25000, all_targets length: 25000
2026-06-15 22:15:56,614 - debug - DEBUG - First 10 preds: [2, 1, 7, 8, 2, 5, 4, 6, 0, 3]
2026-06-15 22:15:56,614 - debug - DEBUG - First 10 targets: [2, 1, 7, 8, 2, 5, 4, 6, 0, 3]
2026-06-15 22:15:56,620 - debug - DEBUG - Unique predicted classes: 10 (first 10: [0 1 2 3 4 5 6 7 8 9])
2026-06-15 22:15:56,621 - debug - DEBUG - Unique target classes: 10 (first 10: [0 1 2 3 4 5 6 7 8 9])
2026-06-15 22:15:59,353 - debug - DEBUG - compute_metrics_and_record started for epoch 177
2026-06-15 22:15:59,354 - debug - DEBUG - all_preds length: 10000, all_targets length: 10000
2026-06-15 22:15:59,354 - debug - DEBUG - First 10 preds: [3, 8, 1, 8, 6, 6, 1, 6, 3, 1]
2026-06-15 22:15:59,354 - debug - DEBUG - First 10 targets: [3, 8, 8, 0, 6, 6, 1, 6, 3, 1]
2026-06-15 22:15:59,356 - debug - DEBUG - Unique predicted classes: 10 (first 10: [0 1 2 3 4 5 6 7 8 9])
2026-06-15 22:15:59,357 - debug - DEBUG - Unique target classes: 10 (first 10: [0 1 2 3 4 5 6 7 8 9])
2026-06-15 22:15:59,655 - debug - DEBUG - Device Check - Batch 0
2026-06-15 22:15:59,656 - debug - DEBUG -   Config GPU ID: 1
2026-06-15 22:15:59,656 - debug - DEBUG -   Input Device:  cuda:1
2026-06-15 22:15:59,656 - debug - DEBUG -   Target Device: cuda:1
2026-06-15 22:15:59,657 - debug - DEBUG -   Model Device:  cuda:1
2026-06-15 22:15:59,657 - debug - DEBUG -   Criterion Weight Device: No weights
2026-06-15 22:16:00,262 - debug - DEBUG - Batch 0 grad norm: 0.357958
2026-06-15 22:16:01,642 - debug - DEBUG - Batch 10 grad norm: 0.405228
2026-06-15 22:16:02,953 - debug - DEBUG - Batch 20 grad norm: 0.394384
2026-06-15 22:16:04,368 - debug - DEBUG - Batch 30 grad norm: 0.549019
2026-06-15 22:16:05,684 - debug - DEBUG - Batch 40 grad norm: 0.688168
2026-06-15 22:16:07,086 - debug - DEBUG - Batch 50 grad norm: 0.687967
2026-06-15 22:16:08,410 - debug - DEBUG - Batch 60 grad norm: 0.516070
2026-06-15 22:16:09,768 - debug - DEBUG - Batch 70 grad norm: 0.629779
2026-06-15 22:16:11,160 - debug - DEBUG - Batch 80 grad norm: 0.576494
2026-06-15 22:16:12,471 - debug - DEBUG - Batch 90 grad norm: 0.607446
2026-06-15 22:16:13,898 - debug - DEBUG - Batch 100 grad norm: 0.411488
2026-06-15 22:16:15,269 - debug - DEBUG - Batch 110 grad norm: 0.537389
2026-06-15 22:16:16,584 - debug - DEBUG - Batch 120 grad norm: 0.711484
2026-06-15 22:16:17,903 - debug - DEBUG - Batch 130 grad norm: 0.826731
2026-06-15 22:16:19,290 - debug - DEBUG - Batch 140 grad norm: 0.296146
2026-06-15 22:16:20,702 - debug - DEBUG - Batch 150 grad norm: 0.376887
2026-06-15 22:16:22,072 - debug - DEBUG - Batch 160 grad norm: 0.359180
2026-06-15 22:16:23,393 - debug - DEBUG - Batch 170 grad norm: 0.620053
2026-06-15 22:16:24,807 - debug - DEBUG - Batch 180 grad norm: 0.564687
2026-06-15 22:16:26,207 - debug - DEBUG - Batch 190 grad norm: 0.634287
2026-06-15 22:16:26,611 - debug - DEBUG - compute_metrics_and_record started for epoch 178
2026-06-15 22:16:26,612 - debug - DEBUG - all_preds length: 25000, all_targets length: 25000
2026-06-15 22:16:26,612 - debug - DEBUG - First 10 preds: [8, 5, 0, 0, 4, 3, 8, 7, 3, 0]
2026-06-15 22:16:26,612 - debug - DEBUG - First 10 targets: [8, 5, 0, 0, 4, 3, 8, 7, 3, 0]
2026-06-15 22:16:26,621 - debug - DEBUG - Unique predicted classes: 10 (first 10: [0 1 2 3 4 5 6 7 8 9])
2026-06-15 22:16:26,621 - debug - DEBUG - Unique target classes: 10 (first 10: [0 1 2 3 4 5 6 7 8 9])
2026-06-15 22:16:29,575 - debug - DEBUG - compute_metrics_and_record started for epoch 178
2026-06-15 22:16:29,576 - debug - DEBUG - all_preds length: 10000, all_targets length: 10000
2026-06-15 22:16:29,576 - debug - DEBUG - First 10 preds: [3, 8, 1, 8, 6, 6, 1, 6, 3, 1]
2026-06-15 22:16:29,576 - debug - DEBUG - First 10 targets: [3, 8, 8, 0, 6, 6, 1, 6, 3, 1]
2026-06-15 22:16:29,578 - debug - DEBUG - Unique predicted classes: 10 (first 10: [0 1 2 3 4 5 6 7 8 9])
2026-06-15 22:16:29,578 - debug - DEBUG - Unique target classes: 10 (first 10: [0 1 2 3 4 5 6 7 8 9])
2026-06-15 22:16:29,888 - debug - DEBUG - Device Check - Batch 0
2026-06-15 22:16:29,889 - debug - DEBUG -   Config GPU ID: 1
2026-06-15 22:16:29,890 - debug - DEBUG -   Input Device:  cuda:1
2026-06-15 22:16:29,890 - debug - DEBUG -   Target Device: cuda:1
2026-06-15 22:16:29,890 - debug - DEBUG -   Model Device:  cuda:1
2026-06-15 22:16:29,890 - debug - DEBUG -   Criterion Weight Device: No weights
2026-06-15 22:16:30,618 - debug - DEBUG - Batch 0 grad norm: 0.494799
2026-06-15 22:16:32,045 - debug - DEBUG - Batch 10 grad norm: 0.856166
2026-06-15 22:16:33,473 - debug - DEBUG - Batch 20 grad norm: 0.497344
2026-06-15 22:16:34,878 - debug - DEBUG - Batch 30 grad norm: 0.568172
2026-06-15 22:16:36,300 - debug - DEBUG - Batch 40 grad norm: 0.506310
2026-06-15 22:16:37,553 - debug - DEBUG - Batch 50 grad norm: 0.334971
2026-06-15 22:16:38,927 - debug - DEBUG - Batch 60 grad norm: 0.585456
2026-06-15 22:16:40,322 - debug - DEBUG - Batch 70 grad norm: 0.707803
2026-06-15 22:16:41,719 - debug - DEBUG - Batch 80 grad norm: 0.656502
2026-06-15 22:16:42,913 - debug - DEBUG - Batch 90 grad norm: 0.821183
2026-06-15 22:16:44,329 - debug - DEBUG - Batch 100 grad norm: 0.667737
2026-06-15 22:16:45,642 - debug - DEBUG - Batch 110 grad norm: 0.465450
2026-06-15 22:16:46,880 - debug - DEBUG - Batch 120 grad norm: 0.517603
2026-06-15 22:16:48,247 - debug - DEBUG - Batch 130 grad norm: 0.477839
2026-06-15 22:16:49,593 - debug - DEBUG - Batch 140 grad norm: 0.588896
2026-06-15 22:16:50,979 - debug - DEBUG - Batch 150 grad norm: 0.489921
2026-06-15 22:16:52,330 - debug - DEBUG - Batch 160 grad norm: 0.530754
2026-06-15 22:16:53,851 - debug - DEBUG - Batch 170 grad norm: 0.704381
2026-06-15 22:16:55,264 - debug - DEBUG - Batch 180 grad norm: 0.721857
2026-06-15 22:16:56,622 - debug - DEBUG - Batch 190 grad norm: 0.731246
2026-06-15 22:16:56,985 - debug - DEBUG - compute_metrics_and_record started for epoch 179
2026-06-15 22:16:56,985 - debug - DEBUG - all_preds length: 25000, all_targets length: 25000
2026-06-15 22:16:56,986 - debug - DEBUG - First 10 preds: [0, 7, 3, 1, 4, 2, 2, 2, 9, 8]
2026-06-15 22:16:56,986 - debug - DEBUG - First 10 targets: [0, 7, 3, 1, 4, 2, 2, 2, 9, 8]
2026-06-15 22:16:56,992 - debug - DEBUG - Unique predicted classes: 10 (first 10: [0 1 2 3 4 5 6 7 8 9])
2026-06-15 22:16:56,993 - debug - DEBUG - Unique target classes: 10 (first 10: [0 1 2 3 4 5 6 7 8 9])
2026-06-15 22:16:59,700 - debug - DEBUG - compute_metrics_and_record started for epoch 179
2026-06-15 22:16:59,701 - debug - DEBUG - all_preds length: 10000, all_targets length: 10000
2026-06-15 22:16:59,701 - debug - DEBUG - First 10 preds: [3, 8, 1, 8, 6, 6, 1, 6, 3, 1]
2026-06-15 22:16:59,701 - debug - DEBUG - First 10 targets: [3, 8, 8, 0, 6, 6, 1, 6, 3, 1]
2026-06-15 22:16:59,703 - debug - DEBUG - Unique predicted classes: 10 (first 10: [0 1 2 3 4 5 6 7 8 9])
2026-06-15 22:16:59,703 - debug - DEBUG - Unique target classes: 10 (first 10: [0 1 2 3 4 5 6 7 8 9])
2026-06-15 22:17:00,005 - debug - DEBUG - Device Check - Batch 0
2026-06-15 22:17:00,006 - debug - DEBUG -   Config GPU ID: 1
2026-06-15 22:17:00,007 - debug - DEBUG -   Input Device:  cuda:1
2026-06-15 22:17:00,007 - debug - DEBUG -   Target Device: cuda:1
2026-06-15 22:17:00,007 - debug - DEBUG -   Model Device:  cuda:1
2026-06-15 22:17:00,007 - debug - DEBUG -   Criterion Weight Device: No weights
2026-06-15 22:17:00,630 - debug - DEBUG - Batch 0 grad norm: 0.736428
2026-06-15 22:17:02,015 - debug - DEBUG - Batch 10 grad norm: 0.624909
2026-06-15 22:17:03,393 - debug - DEBUG - Batch 20 grad norm: 0.284929
2026-06-15 22:17:04,771 - debug - DEBUG - Batch 30 grad norm: 0.587328
2026-06-15 22:17:06,023 - debug - DEBUG - Batch 40 grad norm: 0.581135
2026-06-15 22:17:07,500 - debug - DEBUG - Batch 50 grad norm: 0.850353
2026-06-15 22:17:08,835 - debug - DEBUG - Batch 60 grad norm: 0.672900
2026-06-15 22:17:10,105 - debug - DEBUG - Batch 70 grad norm: 0.327244
2026-06-15 22:17:11,467 - debug - DEBUG - Batch 80 grad norm: 0.491832
2026-06-15 22:17:12,813 - debug - DEBUG - Batch 90 grad norm: 0.325005
2026-06-15 22:17:14,221 - debug - DEBUG - Batch 100 grad norm: 0.605526
2026-06-15 22:17:15,582 - debug - DEBUG - Batch 110 grad norm: 0.427204
2026-06-15 22:17:16,907 - debug - DEBUG - Batch 120 grad norm: 0.577307
2026-06-15 22:17:18,202 - debug - DEBUG - Batch 130 grad norm: 0.527453
2026-06-15 22:17:19,579 - debug - DEBUG - Batch 140 grad norm: 0.334238
2026-06-15 22:17:21,028 - debug - DEBUG - Batch 150 grad norm: 0.449346
2026-06-15 22:17:22,347 - debug - DEBUG - Batch 160 grad norm: 0.848868
2026-06-15 22:17:23,757 - debug - DEBUG - Batch 170 grad norm: 0.748343
2026-06-15 22:17:25,100 - debug - DEBUG - Batch 180 grad norm: 0.564869
2026-06-15 22:17:26,463 - debug - DEBUG - Batch 190 grad norm: 0.623612
2026-06-15 22:17:26,896 - debug - DEBUG - compute_metrics_and_record started for epoch 180
2026-06-15 22:17:26,897 - debug - DEBUG - all_preds length: 25000, all_targets length: 25000
2026-06-15 22:17:26,897 - debug - DEBUG - First 10 preds: [5, 9, 7, 9, 8, 3, 3, 8, 0, 5]
2026-06-15 22:17:26,897 - debug - DEBUG - First 10 targets: [5, 9, 7, 9, 8, 2, 3, 8, 0, 5]
2026-06-15 22:17:26,907 - debug - DEBUG - Unique predicted classes: 10 (first 10: [0 1 2 3 4 5 6 7 8 9])
2026-06-15 22:17:26,907 - debug - DEBUG - Unique target classes: 10 (first 10: [0 1 2 3 4 5 6 7 8 9])
2026-06-15 22:17:29,719 - debug - DEBUG - compute_metrics_and_record started for epoch 180
2026-06-15 22:17:29,720 - debug - DEBUG - all_preds length: 10000, all_targets length: 10000
2026-06-15 22:17:29,720 - debug - DEBUG - First 10 preds: [3, 8, 1, 8, 6, 6, 1, 6, 3, 1]
2026-06-15 22:17:29,720 - debug - DEBUG - First 10 targets: [3, 8, 8, 0, 6, 6, 1, 6, 3, 1]
2026-06-15 22:17:29,722 - debug - DEBUG - Unique predicted classes: 10 (first 10: [0 1 2 3 4 5 6 7 8 9])
2026-06-15 22:17:29,722 - debug - DEBUG - Unique target classes: 10 (first 10: [0 1 2 3 4 5 6 7 8 9])
2026-06-15 22:17:30,011 - debug - DEBUG - Device Check - Batch 0
2026-06-15 22:17:30,012 - debug - DEBUG -   Config GPU ID: 1
2026-06-15 22:17:30,013 - debug - DEBUG -   Input Device:  cuda:1
2026-06-15 22:17:30,013 - debug - DEBUG -   Target Device: cuda:1
2026-06-15 22:17:30,013 - debug - DEBUG -   Model Device:  cuda:1
2026-06-15 22:17:30,013 - debug - DEBUG -   Criterion Weight Device: No weights
2026-06-15 22:17:30,578 - debug - DEBUG - Batch 0 grad norm: 0.901072
2026-06-15 22:17:31,902 - debug - DEBUG - Batch 10 grad norm: 0.904904
2026-06-15 22:17:33,297 - debug - DEBUG - Batch 20 grad norm: 0.445547
2026-06-15 22:17:34,667 - debug - DEBUG - Batch 30 grad norm: 0.520419
2026-06-15 22:17:36,000 - debug - DEBUG - Batch 40 grad norm: 0.451453
2026-06-15 22:17:37,390 - debug - DEBUG - Batch 50 grad norm: 0.430219
2026-06-15 22:17:38,749 - debug - DEBUG - Batch 60 grad norm: 0.567055
2026-06-15 22:17:40,071 - debug - DEBUG - Batch 70 grad norm: 0.553680
2026-06-15 22:17:41,422 - debug - DEBUG - Batch 80 grad norm: 0.477933
2026-06-15 22:17:42,717 - debug - DEBUG - Batch 90 grad norm: 0.559292
2026-06-15 22:17:44,138 - debug - DEBUG - Batch 100 grad norm: 0.705928
2026-06-15 22:17:45,522 - debug - DEBUG - Batch 110 grad norm: 0.426363
2026-06-15 22:17:46,813 - debug - DEBUG - Batch 120 grad norm: 0.556273
2026-06-15 22:17:47,943 - debug - DEBUG - Batch 130 grad norm: 0.643543
2026-06-15 22:17:49,409 - debug - DEBUG - Batch 140 grad norm: 0.429855
2026-06-15 22:17:50,702 - debug - DEBUG - Batch 150 grad norm: 0.277321
2026-06-15 22:17:51,958 - debug - DEBUG - Batch 160 grad norm: 0.427906
2026-06-15 22:17:53,347 - debug - DEBUG - Batch 170 grad norm: 0.528723
2026-06-15 22:17:54,735 - debug - DEBUG - Batch 180 grad norm: 0.313677
2026-06-15 22:17:56,062 - debug - DEBUG - Batch 190 grad norm: 0.664776
2026-06-15 22:17:56,533 - debug - DEBUG - compute_metrics_and_record started for epoch 181
2026-06-15 22:17:56,533 - debug - DEBUG - all_preds length: 25000, all_targets length: 25000
2026-06-15 22:17:56,533 - debug - DEBUG - First 10 preds: [6, 9, 2, 6, 1, 0, 5, 4, 7, 9]
2026-06-15 22:17:56,533 - debug - DEBUG - First 10 targets: [6, 9, 2, 6, 1, 0, 5, 4, 7, 9]
2026-06-15 22:17:56,540 - debug - DEBUG - Unique predicted classes: 10 (first 10: [0 1 2 3 4 5 6 7 8 9])
2026-06-15 22:17:56,540 - debug - DEBUG - Unique target classes: 10 (first 10: [0 1 2 3 4 5 6 7 8 9])
2026-06-15 22:17:59,391 - debug - DEBUG - compute_metrics_and_record started for epoch 181
2026-06-15 22:17:59,392 - debug - DEBUG - all_preds length: 10000, all_targets length: 10000
2026-06-15 22:17:59,392 - debug - DEBUG - First 10 preds: [3, 8, 1, 8, 6, 6, 1, 6, 3, 1]
2026-06-15 22:17:59,392 - debug - DEBUG - First 10 targets: [3, 8, 8, 0, 6, 6, 1, 6, 3, 1]
2026-06-15 22:17:59,394 - debug - DEBUG - Unique predicted classes: 10 (first 10: [0 1 2 3 4 5 6 7 8 9])
2026-06-15 22:17:59,394 - debug - DEBUG - Unique target classes: 10 (first 10: [0 1 2 3 4 5 6 7 8 9])
2026-06-15 22:17:59,676 - debug - DEBUG - Device Check - Batch 0
2026-06-15 22:17:59,677 - debug - DEBUG -   Config GPU ID: 1
2026-06-15 22:17:59,677 - debug - DEBUG -   Input Device:  cuda:1
2026-06-15 22:17:59,677 - debug - DEBUG -   Target Device: cuda:1
2026-06-15 22:17:59,678 - debug - DEBUG -   Model Device:  cuda:1
2026-06-15 22:17:59,678 - debug - DEBUG -   Criterion Weight Device: No weights
2026-06-15 22:18:00,426 - debug - DEBUG - Batch 0 grad norm: 0.508877
2026-06-15 22:18:01,778 - debug - DEBUG - Batch 10 grad norm: 0.260763
2026-06-15 22:18:03,092 - debug - DEBUG - Batch 20 grad norm: 0.521395
2026-06-15 22:18:04,430 - debug - DEBUG - Batch 30 grad norm: 0.388412
2026-06-15 22:18:05,803 - debug - DEBUG - Batch 40 grad norm: 0.300980
2026-06-15 22:18:07,041 - debug - DEBUG - Batch 50 grad norm: 0.674524
2026-06-15 22:18:08,418 - debug - DEBUG - Batch 60 grad norm: 0.565851
2026-06-15 22:18:09,801 - debug - DEBUG - Batch 70 grad norm: 0.480916
2026-06-15 22:18:11,117 - debug - DEBUG - Batch 80 grad norm: 0.494374
2026-06-15 22:18:12,368 - debug - DEBUG - Batch 90 grad norm: 0.645462
2026-06-15 22:18:13,706 - debug - DEBUG - Batch 100 grad norm: 0.301103
2026-06-15 22:18:15,083 - debug - DEBUG - Batch 110 grad norm: 0.870928
2026-06-15 22:18:16,408 - debug - DEBUG - Batch 120 grad norm: 0.303662
2026-06-15 22:18:17,772 - debug - DEBUG - Batch 130 grad norm: 0.507547
2026-06-15 22:18:19,097 - debug - DEBUG - Batch 140 grad norm: 0.527615
2026-06-15 22:18:20,419 - debug - DEBUG - Batch 150 grad norm: 0.795848
2026-06-15 22:18:21,769 - debug - DEBUG - Batch 160 grad norm: 1.166794
2026-06-15 22:18:23,092 - debug - DEBUG - Batch 170 grad norm: 0.487580
2026-06-15 22:18:24,535 - debug - DEBUG - Batch 180 grad norm: 0.591778
2026-06-15 22:18:25,877 - debug - DEBUG - Batch 190 grad norm: 0.762888
2026-06-15 22:18:26,297 - debug - DEBUG - compute_metrics_and_record started for epoch 182
2026-06-15 22:18:26,298 - debug - DEBUG - all_preds length: 25000, all_targets length: 25000
2026-06-15 22:18:26,298 - debug - DEBUG - First 10 preds: [3, 6, 3, 5, 4, 8, 9, 2, 6, 1]
2026-06-15 22:18:26,298 - debug - DEBUG - First 10 targets: [3, 6, 3, 5, 4, 8, 9, 2, 6, 1]
2026-06-15 22:18:26,308 - debug - DEBUG - Unique predicted classes: 10 (first 10: [0 1 2 3 4 5 6 7 8 9])
2026-06-15 22:18:26,308 - debug - DEBUG - Unique target classes: 10 (first 10: [0 1 2 3 4 5 6 7 8 9])
2026-06-15 22:18:29,094 - debug - DEBUG - compute_metrics_and_record started for epoch 182
2026-06-15 22:18:29,094 - debug - DEBUG - all_preds length: 10000, all_targets length: 10000
2026-06-15 22:18:29,094 - debug - DEBUG - First 10 preds: [3, 8, 1, 8, 6, 6, 1, 6, 3, 1]
2026-06-15 22:18:29,094 - debug - DEBUG - First 10 targets: [3, 8, 8, 0, 6, 6, 1, 6, 3, 1]
2026-06-15 22:18:29,097 - debug - DEBUG - Unique predicted classes: 10 (first 10: [0 1 2 3 4 5 6 7 8 9])
2026-06-15 22:18:29,097 - debug - DEBUG - Unique target classes: 10 (first 10: [0 1 2 3 4 5 6 7 8 9])
2026-06-15 22:18:29,383 - debug - DEBUG - Device Check - Batch 0
2026-06-15 22:18:29,384 - debug - DEBUG -   Config GPU ID: 1
2026-06-15 22:18:29,384 - debug - DEBUG -   Input Device:  cuda:1
2026-06-15 22:18:29,384 - debug - DEBUG -   Target Device: cuda:1
2026-06-15 22:18:29,384 - debug - DEBUG -   Model Device:  cuda:1
2026-06-15 22:18:29,385 - debug - DEBUG -   Criterion Weight Device: No weights
2026-06-15 22:18:29,998 - debug - DEBUG - Batch 0 grad norm: 0.535866
2026-06-15 22:18:31,465 - debug - DEBUG - Batch 10 grad norm: 0.472334
2026-06-15 22:18:32,734 - debug - DEBUG - Batch 20 grad norm: 0.726374
2026-06-15 22:18:34,057 - debug - DEBUG - Batch 30 grad norm: 0.562760
2026-06-15 22:18:35,434 - debug - DEBUG - Batch 40 grad norm: 0.691726
2026-06-15 22:18:36,760 - debug - DEBUG - Batch 50 grad norm: 0.810627
2026-06-15 22:18:38,159 - debug - DEBUG - Batch 60 grad norm: 0.823456
2026-06-15 22:18:39,498 - debug - DEBUG - Batch 70 grad norm: 0.660550
2026-06-15 22:18:40,885 - debug - DEBUG - Batch 80 grad norm: 0.717566
2026-06-15 22:18:42,102 - debug - DEBUG - Batch 90 grad norm: 0.421559
2026-06-15 22:18:43,507 - debug - DEBUG - Batch 100 grad norm: 0.634638
2026-06-15 22:18:44,891 - debug - DEBUG - Batch 110 grad norm: 0.691329
2026-06-15 22:18:46,209 - debug - DEBUG - Batch 120 grad norm: 0.388473
2026-06-15 22:18:47,568 - debug - DEBUG - Batch 130 grad norm: 0.465284
2026-06-15 22:18:48,863 - debug - DEBUG - Batch 140 grad norm: 0.700947
2026-06-15 22:18:50,211 - debug - DEBUG - Batch 150 grad norm: 0.474346
2026-06-15 22:18:51,574 - debug - DEBUG - Batch 160 grad norm: 0.700566
2026-06-15 22:18:53,291 - debug - DEBUG - Batch 170 grad norm: 0.691331
2026-06-15 22:18:54,652 - debug - DEBUG - Batch 180 grad norm: 0.424423
2026-06-15 22:18:56,084 - debug - DEBUG - Batch 190 grad norm: 0.663848
2026-06-15 22:18:56,500 - debug - DEBUG - compute_metrics_and_record started for epoch 183
2026-06-15 22:18:56,500 - debug - DEBUG - all_preds length: 25000, all_targets length: 25000
2026-06-15 22:18:56,500 - debug - DEBUG - First 10 preds: [7, 0, 9, 9, 1, 2, 4, 4, 3, 9]
2026-06-15 22:18:56,500 - debug - DEBUG - First 10 targets: [7, 0, 9, 9, 1, 2, 4, 4, 7, 9]
2026-06-15 22:18:56,507 - debug - DEBUG - Unique predicted classes: 10 (first 10: [0 1 2 3 4 5 6 7 8 9])
2026-06-15 22:18:56,507 - debug - DEBUG - Unique target classes: 10 (first 10: [0 1 2 3 4 5 6 7 8 9])
2026-06-15 22:18:59,236 - debug - DEBUG - compute_metrics_and_record started for epoch 183
2026-06-15 22:18:59,237 - debug - DEBUG - all_preds length: 10000, all_targets length: 10000
2026-06-15 22:18:59,237 - debug - DEBUG - First 10 preds: [3, 8, 1, 8, 6, 6, 1, 6, 3, 1]
2026-06-15 22:18:59,237 - debug - DEBUG - First 10 targets: [3, 8, 8, 0, 6, 6, 1, 6, 3, 1]
2026-06-15 22:18:59,239 - debug - DEBUG - Unique predicted classes: 10 (first 10: [0 1 2 3 4 5 6 7 8 9])
2026-06-15 22:18:59,239 - debug - DEBUG - Unique target classes: 10 (first 10: [0 1 2 3 4 5 6 7 8 9])
2026-06-15 22:18:59,555 - debug - DEBUG - Device Check - Batch 0
2026-06-15 22:18:59,556 - debug - DEBUG -   Config GPU ID: 1
2026-06-15 22:18:59,556 - debug - DEBUG -   Input Device:  cuda:1
2026-06-15 22:18:59,556 - debug - DEBUG -   Target Device: cuda:1
2026-06-15 22:18:59,556 - debug - DEBUG -   Model Device:  cuda:1
2026-06-15 22:18:59,556 - debug - DEBUG -   Criterion Weight Device: No weights
2026-06-15 22:19:00,207 - debug - DEBUG - Batch 0 grad norm: 0.338503
2026-06-15 22:19:01,586 - debug - DEBUG - Batch 10 grad norm: 0.554352
2026-06-15 22:19:02,957 - debug - DEBUG - Batch 20 grad norm: 0.676477
2026-06-15 22:19:04,328 - debug - DEBUG - Batch 30 grad norm: 0.644517
2026-06-15 22:19:05,697 - debug - DEBUG - Batch 40 grad norm: 0.594488
2026-06-15 22:19:07,072 - debug - DEBUG - Batch 50 grad norm: 0.602782
2026-06-15 22:19:08,406 - debug - DEBUG - Batch 60 grad norm: 0.478873
2026-06-15 22:19:09,721 - debug - DEBUG - Batch 70 grad norm: 0.684332
2026-06-15 22:19:11,053 - debug - DEBUG - Batch 80 grad norm: 0.502560
2026-06-15 22:19:12,444 - debug - DEBUG - Batch 90 grad norm: 0.551282
2026-06-15 22:19:13,971 - debug - DEBUG - Batch 100 grad norm: 0.625767
2026-06-15 22:19:15,140 - debug - DEBUG - Batch 110 grad norm: 0.547617
2026-06-15 22:19:16,517 - debug - DEBUG - Batch 120 grad norm: 0.737589
2026-06-15 22:19:17,891 - debug - DEBUG - Batch 130 grad norm: 0.270316
2026-06-15 22:19:19,221 - debug - DEBUG - Batch 140 grad norm: 0.450462
2026-06-15 22:19:20,611 - debug - DEBUG - Batch 150 grad norm: 0.590196
2026-06-15 22:19:21,971 - debug - DEBUG - Batch 160 grad norm: 0.663576
2026-06-15 22:19:23,331 - debug - DEBUG - Batch 170 grad norm: 0.714013
2026-06-15 22:19:24,679 - debug - DEBUG - Batch 180 grad norm: 0.552529
2026-06-15 22:19:26,069 - debug - DEBUG - Batch 190 grad norm: 0.549446
2026-06-15 22:19:26,399 - debug - DEBUG - compute_metrics_and_record started for epoch 184
2026-06-15 22:19:26,400 - debug - DEBUG - all_preds length: 25000, all_targets length: 25000
2026-06-15 22:19:26,400 - debug - DEBUG - First 10 preds: [1, 6, 6, 1, 4, 7, 8, 4, 4, 0]
2026-06-15 22:19:26,400 - debug - DEBUG - First 10 targets: [1, 6, 6, 1, 4, 7, 8, 4, 4, 0]
2026-06-15 22:19:26,409 - debug - DEBUG - Unique predicted classes: 10 (first 10: [0 1 2 3 4 5 6 7 8 9])
2026-06-15 22:19:26,409 - debug - DEBUG - Unique target classes: 10 (first 10: [0 1 2 3 4 5 6 7 8 9])
2026-06-15 22:19:29,191 - debug - DEBUG - compute_metrics_and_record started for epoch 184
2026-06-15 22:19:29,191 - debug - DEBUG - all_preds length: 10000, all_targets length: 10000
2026-06-15 22:19:29,191 - debug - DEBUG - First 10 preds: [3, 8, 1, 8, 6, 6, 1, 6, 3, 1]
2026-06-15 22:19:29,191 - debug - DEBUG - First 10 targets: [3, 8, 8, 0, 6, 6, 1, 6, 3, 1]
2026-06-15 22:19:29,194 - debug - DEBUG - Unique predicted classes: 10 (first 10: [0 1 2 3 4 5 6 7 8 9])
2026-06-15 22:19:29,194 - debug - DEBUG - Unique target classes: 10 (first 10: [0 1 2 3 4 5 6 7 8 9])
2026-06-15 22:19:29,504 - debug - DEBUG - Device Check - Batch 0
2026-06-15 22:19:29,505 - debug - DEBUG -   Config GPU ID: 1
2026-06-15 22:19:29,505 - debug - DEBUG -   Input Device:  cuda:1
2026-06-15 22:19:29,505 - debug - DEBUG -   Target Device: cuda:1
2026-06-15 22:19:29,506 - debug - DEBUG -   Model Device:  cuda:1
2026-06-15 22:19:29,506 - debug - DEBUG -   Criterion Weight Device: No weights
2026-06-15 22:19:30,168 - debug - DEBUG - Batch 0 grad norm: 0.555075
2026-06-15 22:19:31,587 - debug - DEBUG - Batch 10 grad norm: 0.674796
2026-06-15 22:19:32,967 - debug - DEBUG - Batch 20 grad norm: 0.522640
2026-06-15 22:19:34,341 - debug - DEBUG - Batch 30 grad norm: 0.599723
2026-06-15 22:19:35,666 - debug - DEBUG - Batch 40 grad norm: 0.865840
2026-06-15 22:19:36,992 - debug - DEBUG - Batch 50 grad norm: 0.433623
2026-06-15 22:19:38,298 - debug - DEBUG - Batch 60 grad norm: 0.548067
2026-06-15 22:19:39,670 - debug - DEBUG - Batch 70 grad norm: 0.637817
2026-06-15 22:19:41,029 - debug - DEBUG - Batch 80 grad norm: 0.367130
2026-06-15 22:19:42,306 - debug - DEBUG - Batch 90 grad norm: 0.785117
2026-06-15 22:19:43,760 - debug - DEBUG - Batch 100 grad norm: 0.403941
2026-06-15 22:19:45,086 - debug - DEBUG - Batch 110 grad norm: 0.846259
2026-06-15 22:19:46,471 - debug - DEBUG - Batch 120 grad norm: 0.412434
2026-06-15 22:19:47,823 - debug - DEBUG - Batch 130 grad norm: 0.554380
2026-06-15 22:19:49,097 - debug - DEBUG - Batch 140 grad norm: 0.644900
2026-06-15 22:19:50,432 - debug - DEBUG - Batch 150 grad norm: 0.377104
2026-06-15 22:19:51,786 - debug - DEBUG - Batch 160 grad norm: 0.435043
2026-06-15 22:19:53,166 - debug - DEBUG - Batch 170 grad norm: 0.429641
2026-06-15 22:19:54,543 - debug - DEBUG - Batch 180 grad norm: 0.700339
2026-06-15 22:19:56,014 - debug - DEBUG - Batch 190 grad norm: 0.460848
2026-06-15 22:19:56,381 - debug - DEBUG - compute_metrics_and_record started for epoch 185
2026-06-15 22:19:56,382 - debug - DEBUG - all_preds length: 25000, all_targets length: 25000
2026-06-15 22:19:56,382 - debug - DEBUG - First 10 preds: [2, 2, 9, 5, 9, 0, 3, 2, 9, 2]
2026-06-15 22:19:56,382 - debug - DEBUG - First 10 targets: [2, 2, 9, 5, 9, 0, 3, 2, 9, 2]
2026-06-15 22:19:56,393 - debug - DEBUG - Unique predicted classes: 10 (first 10: [0 1 2 3 4 5 6 7 8 9])
2026-06-15 22:19:56,393 - debug - DEBUG - Unique target classes: 10 (first 10: [0 1 2 3 4 5 6 7 8 9])
2026-06-15 22:19:59,151 - debug - DEBUG - compute_metrics_and_record started for epoch 185
2026-06-15 22:19:59,151 - debug - DEBUG - all_preds length: 10000, all_targets length: 10000
2026-06-15 22:19:59,151 - debug - DEBUG - First 10 preds: [3, 8, 1, 8, 6, 6, 1, 6, 3, 1]
2026-06-15 22:19:59,151 - debug - DEBUG - First 10 targets: [3, 8, 8, 0, 6, 6, 1, 6, 3, 1]
2026-06-15 22:19:59,154 - debug - DEBUG - Unique predicted classes: 10 (first 10: [0 1 2 3 4 5 6 7 8 9])
2026-06-15 22:19:59,154 - debug - DEBUG - Unique target classes: 10 (first 10: [0 1 2 3 4 5 6 7 8 9])
2026-06-15 22:19:59,442 - debug - DEBUG - Device Check - Batch 0
2026-06-15 22:19:59,443 - debug - DEBUG -   Config GPU ID: 1
2026-06-15 22:19:59,443 - debug - DEBUG -   Input Device:  cuda:1
2026-06-15 22:19:59,443 - debug - DEBUG -   Target Device: cuda:1
2026-06-15 22:19:59,444 - debug - DEBUG -   Model Device:  cuda:1
2026-06-15 22:19:59,444 - debug - DEBUG -   Criterion Weight Device: No weights
2026-06-15 22:20:00,076 - debug - DEBUG - Batch 0 grad norm: 0.561338
2026-06-15 22:20:01,425 - debug - DEBUG - Batch 10 grad norm: 0.509172
2026-06-15 22:20:02,805 - debug - DEBUG - Batch 20 grad norm: 0.327728
2026-06-15 22:20:04,207 - debug - DEBUG - Batch 30 grad norm: 0.753189
2026-06-15 22:20:05,587 - debug - DEBUG - Batch 40 grad norm: 0.447950
2026-06-15 22:20:06,995 - debug - DEBUG - Batch 50 grad norm: 0.603120
2026-06-15 22:20:08,330 - debug - DEBUG - Batch 60 grad norm: 0.261760
2026-06-15 22:20:09,631 - debug - DEBUG - Batch 70 grad norm: 0.410397
2026-06-15 22:20:11,047 - debug - DEBUG - Batch 80 grad norm: 0.356076
2026-06-15 22:20:12,366 - debug - DEBUG - Batch 90 grad norm: 0.474267
2026-06-15 22:20:13,845 - debug - DEBUG - Batch 100 grad norm: 0.841753
2026-06-15 22:20:15,116 - debug - DEBUG - Batch 110 grad norm: 0.544157
2026-06-15 22:20:16,493 - debug - DEBUG - Batch 120 grad norm: 0.551868
2026-06-15 22:20:17,880 - debug - DEBUG - Batch 130 grad norm: 0.737642
2026-06-15 22:20:19,261 - debug - DEBUG - Batch 140 grad norm: 0.312436
2026-06-15 22:20:20,581 - debug - DEBUG - Batch 150 grad norm: 0.309881
2026-06-15 22:20:21,885 - debug - DEBUG - Batch 160 grad norm: 0.616859
2026-06-15 22:20:23,225 - debug - DEBUG - Batch 170 grad norm: 0.622109
2026-06-15 22:20:24,571 - debug - DEBUG - Batch 180 grad norm: 0.687495
2026-06-15 22:20:25,829 - debug - DEBUG - Batch 190 grad norm: 0.587227
2026-06-15 22:20:26,266 - debug - DEBUG - compute_metrics_and_record started for epoch 186
2026-06-15 22:20:26,266 - debug - DEBUG - all_preds length: 25000, all_targets length: 25000
2026-06-15 22:20:26,266 - debug - DEBUG - First 10 preds: [1, 4, 9, 0, 4, 7, 8, 2, 6, 2]
2026-06-15 22:20:26,266 - debug - DEBUG - First 10 targets: [1, 4, 9, 0, 4, 7, 8, 2, 6, 2]
2026-06-15 22:20:26,273 - debug - DEBUG - Unique predicted classes: 10 (first 10: [0 1 2 3 4 5 6 7 8 9])
2026-06-15 22:20:26,273 - debug - DEBUG - Unique target classes: 10 (first 10: [0 1 2 3 4 5 6 7 8 9])
2026-06-15 22:20:28,941 - debug - DEBUG - compute_metrics_and_record started for epoch 186
2026-06-15 22:20:28,941 - debug - DEBUG - all_preds length: 10000, all_targets length: 10000
2026-06-15 22:20:28,941 - debug - DEBUG - First 10 preds: [3, 8, 1, 8, 6, 6, 1, 6, 3, 1]
2026-06-15 22:20:28,941 - debug - DEBUG - First 10 targets: [3, 8, 8, 0, 6, 6, 1, 6, 3, 1]
2026-06-15 22:20:28,943 - debug - DEBUG - Unique predicted classes: 10 (first 10: [0 1 2 3 4 5 6 7 8 9])
2026-06-15 22:20:28,944 - debug - DEBUG - Unique target classes: 10 (first 10: [0 1 2 3 4 5 6 7 8 9])
2026-06-15 22:20:29,244 - debug - DEBUG - Device Check - Batch 0
2026-06-15 22:20:29,244 - debug - DEBUG -   Config GPU ID: 1
2026-06-15 22:20:29,245 - debug - DEBUG -   Input Device:  cuda:1
2026-06-15 22:20:29,245 - debug - DEBUG -   Target Device: cuda:1
2026-06-15 22:20:29,245 - debug - DEBUG -   Model Device:  cuda:1
2026-06-15 22:20:29,245 - debug - DEBUG -   Criterion Weight Device: No weights
2026-06-15 22:20:29,817 - debug - DEBUG - Batch 0 grad norm: 0.517382
2026-06-15 22:20:31,201 - debug - DEBUG - Batch 10 grad norm: 0.400579
2026-06-15 22:20:32,571 - debug - DEBUG - Batch 20 grad norm: 0.534022
2026-06-15 22:20:33,962 - debug - DEBUG - Batch 30 grad norm: 0.560861
2026-06-15 22:20:35,263 - debug - DEBUG - Batch 40 grad norm: 0.366408
2026-06-15 22:20:36,585 - debug - DEBUG - Batch 50 grad norm: 0.527538
2026-06-15 22:20:38,098 - debug - DEBUG - Batch 60 grad norm: 0.529198
2026-06-15 22:20:39,259 - debug - DEBUG - Batch 70 grad norm: 0.610513
2026-06-15 22:20:40,621 - debug - DEBUG - Batch 80 grad norm: 0.684934
2026-06-15 22:20:41,927 - debug - DEBUG - Batch 90 grad norm: 0.459935
2026-06-15 22:20:43,402 - debug - DEBUG - Batch 100 grad norm: 0.628994
2026-06-15 22:20:44,597 - debug - DEBUG - Batch 110 grad norm: 0.558415
2026-06-15 22:20:45,967 - debug - DEBUG - Batch 120 grad norm: 0.966759
2026-06-15 22:20:47,346 - debug - DEBUG - Batch 130 grad norm: 0.903729
2026-06-15 22:20:48,689 - debug - DEBUG - Batch 140 grad norm: 0.256214
2026-06-15 22:20:50,056 - debug - DEBUG - Batch 150 grad norm: 0.570753
2026-06-15 22:20:51,404 - debug - DEBUG - Batch 160 grad norm: 0.575330
2026-06-15 22:20:52,778 - debug - DEBUG - Batch 170 grad norm: 0.404092
2026-06-15 22:20:54,144 - debug - DEBUG - Batch 180 grad norm: 0.773770
2026-06-15 22:20:55,417 - debug - DEBUG - Batch 190 grad norm: 0.754980
2026-06-15 22:20:55,797 - debug - DEBUG - compute_metrics_and_record started for epoch 187
2026-06-15 22:20:55,797 - debug - DEBUG - all_preds length: 25000, all_targets length: 25000
2026-06-15 22:20:55,797 - debug - DEBUG - First 10 preds: [4, 3, 8, 1, 2, 5, 8, 6, 0, 1]
2026-06-15 22:20:55,797 - debug - DEBUG - First 10 targets: [4, 3, 8, 1, 2, 5, 8, 6, 0, 1]
2026-06-15 22:20:55,805 - debug - DEBUG - Unique predicted classes: 10 (first 10: [0 1 2 3 4 5 6 7 8 9])
2026-06-15 22:20:55,805 - debug - DEBUG - Unique target classes: 10 (first 10: [0 1 2 3 4 5 6 7 8 9])
2026-06-15 22:20:58,572 - debug - DEBUG - compute_metrics_and_record started for epoch 187
2026-06-15 22:20:58,573 - debug - DEBUG - all_preds length: 10000, all_targets length: 10000
2026-06-15 22:20:58,573 - debug - DEBUG - First 10 preds: [3, 8, 1, 8, 6, 6, 1, 6, 3, 1]
2026-06-15 22:20:58,573 - debug - DEBUG - First 10 targets: [3, 8, 8, 0, 6, 6, 1, 6, 3, 1]
2026-06-15 22:20:58,575 - debug - DEBUG - Unique predicted classes: 10 (first 10: [0 1 2 3 4 5 6 7 8 9])
2026-06-15 22:20:58,575 - debug - DEBUG - Unique target classes: 10 (first 10: [0 1 2 3 4 5 6 7 8 9])
2026-06-15 22:20:58,869 - debug - DEBUG - Device Check - Batch 0
2026-06-15 22:20:58,871 - debug - DEBUG -   Config GPU ID: 1
2026-06-15 22:20:58,871 - debug - DEBUG -   Input Device:  cuda:1
2026-06-15 22:20:58,871 - debug - DEBUG -   Target Device: cuda:1
2026-06-15 22:20:58,871 - debug - DEBUG -   Model Device:  cuda:1
2026-06-15 22:20:58,872 - debug - DEBUG -   Criterion Weight Device: No weights
2026-06-15 22:20:59,549 - debug - DEBUG - Batch 0 grad norm: 0.826384
2026-06-15 22:21:00,849 - debug - DEBUG - Batch 10 grad norm: 0.498548
2026-06-15 22:21:02,240 - debug - DEBUG - Batch 20 grad norm: 0.596338
2026-06-15 22:21:03,568 - debug - DEBUG - Batch 30 grad norm: 0.244383
2026-06-15 22:21:04,975 - debug - DEBUG - Batch 40 grad norm: 0.354286
2026-06-15 22:21:06,356 - debug - DEBUG - Batch 50 grad norm: 0.622952
2026-06-15 22:21:07,616 - debug - DEBUG - Batch 60 grad norm: 0.862211
2026-06-15 22:21:09,004 - debug - DEBUG - Batch 70 grad norm: 0.391850
2026-06-15 22:21:10,425 - debug - DEBUG - Batch 80 grad norm: 0.516136
2026-06-15 22:21:11,799 - debug - DEBUG - Batch 90 grad norm: 0.685304
2026-06-15 22:21:13,328 - debug - DEBUG - Batch 100 grad norm: 0.366679
2026-06-15 22:21:14,552 - debug - DEBUG - Batch 110 grad norm: 0.657815
2026-06-15 22:21:15,873 - debug - DEBUG - Batch 120 grad norm: 0.494695
2026-06-15 22:21:17,220 - debug - DEBUG - Batch 130 grad norm: 0.609935
2026-06-15 22:21:18,524 - debug - DEBUG - Batch 140 grad norm: 0.584950
2026-06-15 22:21:19,950 - debug - DEBUG - Batch 150 grad norm: 0.618150
2026-06-15 22:21:21,155 - debug - DEBUG - Batch 160 grad norm: 0.381712
2026-06-15 22:21:22,470 - debug - DEBUG - Batch 170 grad norm: 0.405639
2026-06-15 22:21:23,769 - debug - DEBUG - Batch 180 grad norm: 0.474546
2026-06-15 22:21:25,171 - debug - DEBUG - Batch 190 grad norm: 0.491590
2026-06-15 22:21:25,652 - debug - DEBUG - compute_metrics_and_record started for epoch 188
2026-06-15 22:21:25,652 - debug - DEBUG - all_preds length: 25000, all_targets length: 25000
2026-06-15 22:21:25,653 - debug - DEBUG - First 10 preds: [6, 2, 5, 5, 8, 4, 1, 3, 6, 6]
2026-06-15 22:21:25,653 - debug - DEBUG - First 10 targets: [6, 2, 5, 3, 8, 4, 1, 3, 6, 6]
2026-06-15 22:21:25,661 - debug - DEBUG - Unique predicted classes: 10 (first 10: [0 1 2 3 4 5 6 7 8 9])
2026-06-15 22:21:25,661 - debug - DEBUG - Unique target classes: 10 (first 10: [0 1 2 3 4 5 6 7 8 9])
2026-06-15 22:21:28,253 - debug - DEBUG - compute_metrics_and_record started for epoch 188
2026-06-15 22:21:28,253 - debug - DEBUG - all_preds length: 10000, all_targets length: 10000
2026-06-15 22:21:28,253 - debug - DEBUG - First 10 preds: [3, 8, 1, 8, 6, 6, 1, 6, 3, 1]
2026-06-15 22:21:28,253 - debug - DEBUG - First 10 targets: [3, 8, 8, 0, 6, 6, 1, 6, 3, 1]
2026-06-15 22:21:28,256 - debug - DEBUG - Unique predicted classes: 10 (first 10: [0 1 2 3 4 5 6 7 8 9])
2026-06-15 22:21:28,256 - debug - DEBUG - Unique target classes: 10 (first 10: [0 1 2 3 4 5 6 7 8 9])
2026-06-15 22:21:28,556 - debug - DEBUG - Device Check - Batch 0
2026-06-15 22:21:28,556 - debug - DEBUG -   Config GPU ID: 1
2026-06-15 22:21:28,557 - debug - DEBUG -   Input Device:  cuda:1
2026-06-15 22:21:28,557 - debug - DEBUG -   Target Device: cuda:1
2026-06-15 22:21:28,557 - debug - DEBUG -   Model Device:  cuda:1
2026-06-15 22:21:28,557 - debug - DEBUG -   Criterion Weight Device: No weights
2026-06-15 22:21:29,112 - debug - DEBUG - Batch 0 grad norm: 0.608039
2026-06-15 22:21:30,487 - debug - DEBUG - Batch 10 grad norm: 0.741775
2026-06-15 22:21:31,912 - debug - DEBUG - Batch 20 grad norm: 0.386243
2026-06-15 22:21:33,274 - debug - DEBUG - Batch 30 grad norm: 0.669839
2026-06-15 22:21:34,605 - debug - DEBUG - Batch 40 grad norm: 0.463867
2026-06-15 22:21:35,976 - debug - DEBUG - Batch 50 grad norm: 0.637775
2026-06-15 22:21:37,340 - debug - DEBUG - Batch 60 grad norm: 0.437430
2026-06-15 22:21:38,625 - debug - DEBUG - Batch 70 grad norm: 0.345858
2026-06-15 22:21:39,983 - debug - DEBUG - Batch 80 grad norm: 0.836041
2026-06-15 22:21:41,328 - debug - DEBUG - Batch 90 grad norm: 0.597721
2026-06-15 22:21:42,755 - debug - DEBUG - Batch 100 grad norm: 0.395999
2026-06-15 22:21:44,026 - debug - DEBUG - Batch 110 grad norm: 0.792782
2026-06-15 22:21:45,327 - debug - DEBUG - Batch 120 grad norm: 0.691744
2026-06-15 22:21:46,753 - debug - DEBUG - Batch 130 grad norm: 0.527742
2026-06-15 22:21:48,116 - debug - DEBUG - Batch 140 grad norm: 0.468990
2026-06-15 22:21:49,499 - debug - DEBUG - Batch 150 grad norm: 0.658321
2026-06-15 22:21:50,875 - debug - DEBUG - Batch 160 grad norm: 0.629457
2026-06-15 22:21:52,255 - debug - DEBUG - Batch 170 grad norm: 0.747252
2026-06-15 22:21:53,508 - debug - DEBUG - Batch 180 grad norm: 0.752963
2026-06-15 22:21:54,879 - debug - DEBUG - Batch 190 grad norm: 0.406896
2026-06-15 22:21:55,257 - debug - DEBUG - compute_metrics_and_record started for epoch 189
2026-06-15 22:21:55,257 - debug - DEBUG - all_preds length: 25000, all_targets length: 25000
2026-06-15 22:21:55,258 - debug - DEBUG - First 10 preds: [9, 2, 5, 8, 2, 3, 7, 5, 4, 8]
2026-06-15 22:21:55,258 - debug - DEBUG - First 10 targets: [9, 2, 5, 8, 2, 3, 7, 5, 4, 8]
2026-06-15 22:21:55,271 - debug - DEBUG - Unique predicted classes: 10 (first 10: [0 1 2 3 4 5 6 7 8 9])
2026-06-15 22:21:55,271 - debug - DEBUG - Unique target classes: 10 (first 10: [0 1 2 3 4 5 6 7 8 9])
2026-06-15 22:21:58,001 - debug - DEBUG - compute_metrics_and_record started for epoch 189
2026-06-15 22:21:58,002 - debug - DEBUG - all_preds length: 10000, all_targets length: 10000
2026-06-15 22:21:58,002 - debug - DEBUG - First 10 preds: [3, 8, 1, 8, 6, 6, 1, 6, 3, 1]
2026-06-15 22:21:58,002 - debug - DEBUG - First 10 targets: [3, 8, 8, 0, 6, 6, 1, 6, 3, 1]
2026-06-15 22:21:58,004 - debug - DEBUG - Unique predicted classes: 10 (first 10: [0 1 2 3 4 5 6 7 8 9])
2026-06-15 22:21:58,004 - debug - DEBUG - Unique target classes: 10 (first 10: [0 1 2 3 4 5 6 7 8 9])
2026-06-15 22:21:58,299 - debug - DEBUG - Device Check - Batch 0
2026-06-15 22:21:58,300 - debug - DEBUG -   Config GPU ID: 1
2026-06-15 22:21:58,300 - debug - DEBUG -   Input Device:  cuda:1
2026-06-15 22:21:58,300 - debug - DEBUG -   Target Device: cuda:1
2026-06-15 22:21:58,300 - debug - DEBUG -   Model Device:  cuda:1
2026-06-15 22:21:58,300 - debug - DEBUG -   Criterion Weight Device: No weights
2026-06-15 22:21:58,982 - debug - DEBUG - Batch 0 grad norm: 0.628885
2026-06-15 22:22:00,308 - debug - DEBUG - Batch 10 grad norm: 0.615116
2026-06-15 22:22:01,769 - debug - DEBUG - Batch 20 grad norm: 0.402827
2026-06-15 22:22:02,951 - debug - DEBUG - Batch 30 grad norm: 0.421220
2026-06-15 22:22:04,281 - debug - DEBUG - Batch 40 grad norm: 0.500817
2026-06-15 22:22:05,637 - debug - DEBUG - Batch 50 grad norm: 0.318428
2026-06-15 22:22:06,987 - debug - DEBUG - Batch 60 grad norm: 0.772037
2026-06-15 22:22:08,314 - debug - DEBUG - Batch 70 grad norm: 0.417796
2026-06-15 22:22:09,709 - debug - DEBUG - Batch 80 grad norm: 0.557621
2026-06-15 22:22:11,051 - debug - DEBUG - Batch 90 grad norm: 0.483454
2026-06-15 22:22:12,477 - debug - DEBUG - Batch 100 grad norm: 0.717414
2026-06-15 22:22:13,795 - debug - DEBUG - Batch 110 grad norm: 0.512762
2026-06-15 22:22:15,103 - debug - DEBUG - Batch 120 grad norm: 0.709998
2026-06-15 22:22:16,528 - debug - DEBUG - Batch 130 grad norm: 0.579149
2026-06-15 22:22:17,831 - debug - DEBUG - Batch 140 grad norm: 0.518137
2026-06-15 22:22:19,191 - debug - DEBUG - Batch 150 grad norm: 0.782034
2026-06-15 22:22:20,553 - debug - DEBUG - Batch 160 grad norm: 0.467827
2026-06-15 22:22:21,944 - debug - DEBUG - Batch 170 grad norm: 0.455976
2026-06-15 22:22:23,306 - debug - DEBUG - Batch 180 grad norm: 0.685584
2026-06-15 22:22:24,621 - debug - DEBUG - Batch 190 grad norm: 0.732717
2026-06-15 22:22:25,016 - debug - DEBUG - compute_metrics_and_record started for epoch 190
2026-06-15 22:22:25,016 - debug - DEBUG - all_preds length: 25000, all_targets length: 25000
2026-06-15 22:22:25,016 - debug - DEBUG - First 10 preds: [2, 7, 9, 5, 2, 2, 1, 7, 6, 9]
2026-06-15 22:22:25,017 - debug - DEBUG - First 10 targets: [2, 7, 9, 5, 2, 5, 1, 7, 6, 9]
2026-06-15 22:22:25,024 - debug - DEBUG - Unique predicted classes: 10 (first 10: [0 1 2 3 4 5 6 7 8 9])
2026-06-15 22:22:25,024 - debug - DEBUG - Unique target classes: 10 (first 10: [0 1 2 3 4 5 6 7 8 9])
2026-06-15 22:22:27,684 - debug - DEBUG - compute_metrics_and_record started for epoch 190
2026-06-15 22:22:27,684 - debug - DEBUG - all_preds length: 10000, all_targets length: 10000
2026-06-15 22:22:27,684 - debug - DEBUG - First 10 preds: [3, 8, 1, 8, 6, 6, 1, 6, 3, 1]
2026-06-15 22:22:27,685 - debug - DEBUG - First 10 targets: [3, 8, 8, 0, 6, 6, 1, 6, 3, 1]
2026-06-15 22:22:27,687 - debug - DEBUG - Unique predicted classes: 10 (first 10: [0 1 2 3 4 5 6 7 8 9])
2026-06-15 22:22:27,687 - debug - DEBUG - Unique target classes: 10 (first 10: [0 1 2 3 4 5 6 7 8 9])
2026-06-15 22:22:27,938 - debug - DEBUG - Device Check - Batch 0
2026-06-15 22:22:27,939 - debug - DEBUG -   Config GPU ID: 1
2026-06-15 22:22:27,940 - debug - DEBUG -   Input Device:  cuda:1
2026-06-15 22:22:27,940 - debug - DEBUG -   Target Device: cuda:1
2026-06-15 22:22:27,940 - debug - DEBUG -   Model Device:  cuda:1
2026-06-15 22:22:27,940 - debug - DEBUG -   Criterion Weight Device: No weights
2026-06-15 22:22:28,607 - debug - DEBUG - Batch 0 grad norm: 0.637490
2026-06-15 22:22:29,914 - debug - DEBUG - Batch 10 grad norm: 0.514577
2026-06-15 22:22:31,256 - debug - DEBUG - Batch 20 grad norm: 0.687669
2026-06-15 22:22:32,584 - debug - DEBUG - Batch 30 grad norm: 0.622456
2026-06-15 22:22:33,918 - debug - DEBUG - Batch 40 grad norm: 0.581397
2026-06-15 22:22:35,360 - debug - DEBUG - Batch 50 grad norm: 0.666137
2026-06-15 22:22:36,715 - debug - DEBUG - Batch 60 grad norm: 0.672862
2026-06-15 22:22:38,059 - debug - DEBUG - Batch 70 grad norm: 0.543492
2026-06-15 22:22:39,403 - debug - DEBUG - Batch 80 grad norm: 0.730069
2026-06-15 22:22:40,644 - debug - DEBUG - Batch 90 grad norm: 0.670660
2026-06-15 22:22:41,970 - debug - DEBUG - Batch 100 grad norm: 0.425248
2026-06-15 22:22:43,417 - debug - DEBUG - Batch 110 grad norm: 0.589669
2026-06-15 22:22:44,647 - debug - DEBUG - Batch 120 grad norm: 0.426397
2026-06-15 22:22:46,026 - debug - DEBUG - Batch 130 grad norm: 0.566642
2026-06-15 22:22:47,427 - debug - DEBUG - Batch 140 grad norm: 0.616899
2026-06-15 22:22:48,769 - debug - DEBUG - Batch 150 grad norm: 0.570397
2026-06-15 22:22:50,191 - debug - DEBUG - Batch 160 grad norm: 0.667773
2026-06-15 22:22:51,545 - debug - DEBUG - Batch 170 grad norm: 0.594890
2026-06-15 22:22:52,899 - debug - DEBUG - Batch 180 grad norm: 0.265047
2026-06-15 22:22:54,287 - debug - DEBUG - Batch 190 grad norm: 0.316192
2026-06-15 22:22:54,608 - debug - DEBUG - compute_metrics_and_record started for epoch 191
2026-06-15 22:22:54,608 - debug - DEBUG - all_preds length: 25000, all_targets length: 25000
2026-06-15 22:22:54,609 - debug - DEBUG - First 10 preds: [0, 7, 1, 7, 2, 0, 1, 8, 4, 0]
2026-06-15 22:22:54,609 - debug - DEBUG - First 10 targets: [0, 7, 1, 7, 2, 0, 1, 8, 4, 0]
2026-06-15 22:22:54,619 - debug - DEBUG - Unique predicted classes: 10 (first 10: [0 1 2 3 4 5 6 7 8 9])
2026-06-15 22:22:54,619 - debug - DEBUG - Unique target classes: 10 (first 10: [0 1 2 3 4 5 6 7 8 9])
2026-06-15 22:22:57,361 - debug - DEBUG - compute_metrics_and_record started for epoch 191
2026-06-15 22:22:57,361 - debug - DEBUG - all_preds length: 10000, all_targets length: 10000
2026-06-15 22:22:57,361 - debug - DEBUG - First 10 preds: [3, 8, 1, 8, 6, 6, 1, 6, 3, 1]
2026-06-15 22:22:57,362 - debug - DEBUG - First 10 targets: [3, 8, 8, 0, 6, 6, 1, 6, 3, 1]
2026-06-15 22:22:57,364 - debug - DEBUG - Unique predicted classes: 10 (first 10: [0 1 2 3 4 5 6 7 8 9])
2026-06-15 22:22:57,364 - debug - DEBUG - Unique target classes: 10 (first 10: [0 1 2 3 4 5 6 7 8 9])
2026-06-15 22:22:57,619 - debug - DEBUG - Device Check - Batch 0
2026-06-15 22:22:57,619 - debug - DEBUG -   Config GPU ID: 1
2026-06-15 22:22:57,619 - debug - DEBUG -   Input Device:  cuda:1
2026-06-15 22:22:57,620 - debug - DEBUG -   Target Device: cuda:1
2026-06-15 22:22:57,620 - debug - DEBUG -   Model Device:  cuda:1
2026-06-15 22:22:57,620 - debug - DEBUG -   Criterion Weight Device: No weights
2026-06-15 22:22:58,344 - debug - DEBUG - Batch 0 grad norm: 0.392206
2026-06-15 22:22:59,751 - debug - DEBUG - Batch 10 grad norm: 0.694277
2026-06-15 22:23:01,100 - debug - DEBUG - Batch 20 grad norm: 0.542900
2026-06-15 22:23:02,486 - debug - DEBUG - Batch 30 grad norm: 0.623342
2026-06-15 22:23:03,917 - debug - DEBUG - Batch 40 grad norm: 0.488875
2026-06-15 22:23:05,283 - debug - DEBUG - Batch 50 grad norm: 0.458360
2026-06-15 22:23:06,650 - debug - DEBUG - Batch 60 grad norm: 0.503098
2026-06-15 22:23:07,904 - debug - DEBUG - Batch 70 grad norm: 0.611045
2026-06-15 22:23:09,301 - debug - DEBUG - Batch 80 grad norm: 0.554458
2026-06-15 22:23:10,499 - debug - DEBUG - Batch 90 grad norm: 0.751995
2026-06-15 22:23:11,911 - debug - DEBUG - Batch 100 grad norm: 0.425572
2026-06-15 22:23:13,160 - debug - DEBUG - Batch 110 grad norm: 0.548598
2026-06-15 22:23:14,454 - debug - DEBUG - Batch 120 grad norm: 0.734935
2026-06-15 22:23:15,844 - debug - DEBUG - Batch 130 grad norm: 0.558878
2026-06-15 22:23:17,273 - debug - DEBUG - Batch 140 grad norm: 0.659661
2026-06-15 22:23:18,582 - debug - DEBUG - Batch 150 grad norm: 0.452403
2026-06-15 22:23:19,934 - debug - DEBUG - Batch 160 grad norm: 0.829233
2026-06-15 22:23:21,359 - debug - DEBUG - Batch 170 grad norm: 0.461240
2026-06-15 22:23:22,738 - debug - DEBUG - Batch 180 grad norm: 0.322446
2026-06-15 22:23:24,025 - debug - DEBUG - Batch 190 grad norm: 0.579245
2026-06-15 22:23:24,493 - debug - DEBUG - compute_metrics_and_record started for epoch 192
2026-06-15 22:23:24,493 - debug - DEBUG - all_preds length: 25000, all_targets length: 25000
2026-06-15 22:23:24,493 - debug - DEBUG - First 10 preds: [3, 8, 8, 7, 8, 5, 4, 7, 9, 1]
2026-06-15 22:23:24,493 - debug - DEBUG - First 10 targets: [3, 8, 0, 7, 8, 5, 4, 7, 9, 1]
2026-06-15 22:23:24,500 - debug - DEBUG - Unique predicted classes: 10 (first 10: [0 1 2 3 4 5 6 7 8 9])
2026-06-15 22:23:24,500 - debug - DEBUG - Unique target classes: 10 (first 10: [0 1 2 3 4 5 6 7 8 9])
2026-06-15 22:23:27,161 - debug - DEBUG - compute_metrics_and_record started for epoch 192
2026-06-15 22:23:27,162 - debug - DEBUG - all_preds length: 10000, all_targets length: 10000
2026-06-15 22:23:27,162 - debug - DEBUG - First 10 preds: [3, 8, 1, 8, 6, 6, 1, 6, 3, 1]
2026-06-15 22:23:27,162 - debug - DEBUG - First 10 targets: [3, 8, 8, 0, 6, 6, 1, 6, 3, 1]
2026-06-15 22:23:27,164 - debug - DEBUG - Unique predicted classes: 10 (first 10: [0 1 2 3 4 5 6 7 8 9])
2026-06-15 22:23:27,164 - debug - DEBUG - Unique target classes: 10 (first 10: [0 1 2 3 4 5 6 7 8 9])
2026-06-15 22:23:27,415 - debug - DEBUG - Device Check - Batch 0
2026-06-15 22:23:27,416 - debug - DEBUG -   Config GPU ID: 1
2026-06-15 22:23:27,416 - debug - DEBUG -   Input Device:  cuda:1
2026-06-15 22:23:27,416 - debug - DEBUG -   Target Device: cuda:1
2026-06-15 22:23:27,417 - debug - DEBUG -   Model Device:  cuda:1
2026-06-15 22:23:27,417 - debug - DEBUG -   Criterion Weight Device: No weights
2026-06-15 22:23:28,117 - debug - DEBUG - Batch 0 grad norm: 0.706610
2026-06-15 22:23:29,569 - debug - DEBUG - Batch 10 grad norm: 0.628290
2026-06-15 22:23:30,955 - debug - DEBUG - Batch 20 grad norm: 0.633475
2026-06-15 22:23:32,298 - debug - DEBUG - Batch 30 grad norm: 0.701786
2026-06-15 22:23:33,692 - debug - DEBUG - Batch 40 grad norm: 0.609681
2026-06-15 22:23:35,053 - debug - DEBUG - Batch 50 grad norm: 0.418884
2026-06-15 22:23:36,400 - debug - DEBUG - Batch 60 grad norm: 0.407305
2026-06-15 22:23:37,762 - debug - DEBUG - Batch 70 grad norm: 0.510485
2026-06-15 22:23:39,078 - debug - DEBUG - Batch 80 grad norm: 0.598151
2026-06-15 22:23:40,386 - debug - DEBUG - Batch 90 grad norm: 0.575133
2026-06-15 22:23:41,778 - debug - DEBUG - Batch 100 grad norm: 0.632165
2026-06-15 22:23:43,140 - debug - DEBUG - Batch 110 grad norm: 0.750272
2026-06-15 22:23:44,385 - debug - DEBUG - Batch 120 grad norm: 0.257594
2026-06-15 22:23:45,848 - debug - DEBUG - Batch 130 grad norm: 0.262067
2026-06-15 22:23:47,305 - debug - DEBUG - Batch 140 grad norm: 0.736856
2026-06-15 22:23:48,754 - debug - DEBUG - Batch 150 grad norm: 0.737247
2026-06-15 22:23:50,201 - debug - DEBUG - Batch 160 grad norm: 0.843986
2026-06-15 22:23:51,673 - debug - DEBUG - Batch 170 grad norm: 0.613097
2026-06-15 22:23:53,119 - debug - DEBUG - Batch 180 grad norm: 0.500076
2026-06-15 22:23:54,585 - debug - DEBUG - Batch 190 grad norm: 0.525136
2026-06-15 22:23:55,079 - debug - DEBUG - compute_metrics_and_record started for epoch 193
2026-06-15 22:23:55,079 - debug - DEBUG - all_preds length: 25000, all_targets length: 25000
2026-06-15 22:23:55,079 - debug - DEBUG - First 10 preds: [8, 9, 0, 4, 7, 0, 1, 4, 7, 2]
2026-06-15 22:23:55,079 - debug - DEBUG - First 10 targets: [8, 9, 0, 4, 7, 0, 1, 4, 7, 2]
2026-06-15 22:23:55,087 - debug - DEBUG - Unique predicted classes: 10 (first 10: [0 1 2 3 4 5 6 7 8 9])
2026-06-15 22:23:55,087 - debug - DEBUG - Unique target classes: 10 (first 10: [0 1 2 3 4 5 6 7 8 9])
2026-06-15 22:23:58,002 - debug - DEBUG - compute_metrics_and_record started for epoch 193
2026-06-15 22:23:58,002 - debug - DEBUG - all_preds length: 10000, all_targets length: 10000
2026-06-15 22:23:58,002 - debug - DEBUG - First 10 preds: [3, 8, 1, 8, 6, 6, 1, 6, 3, 1]
2026-06-15 22:23:58,003 - debug - DEBUG - First 10 targets: [3, 8, 8, 0, 6, 6, 1, 6, 3, 1]
2026-06-15 22:23:58,006 - debug - DEBUG - Unique predicted classes: 10 (first 10: [0 1 2 3 4 5 6 7 8 9])
2026-06-15 22:23:58,006 - debug - DEBUG - Unique target classes: 10 (first 10: [0 1 2 3 4 5 6 7 8 9])
2026-06-15 22:23:58,303 - debug - DEBUG - Device Check - Batch 0
2026-06-15 22:23:58,304 - debug - DEBUG -   Config GPU ID: 1
2026-06-15 22:23:58,304 - debug - DEBUG -   Input Device:  cuda:1
2026-06-15 22:23:58,305 - debug - DEBUG -   Target Device: cuda:1
2026-06-15 22:23:58,305 - debug - DEBUG -   Model Device:  cuda:1
2026-06-15 22:23:58,305 - debug - DEBUG -   Criterion Weight Device: No weights
2026-06-15 22:23:58,974 - debug - DEBUG - Batch 0 grad norm: 0.807642
2026-06-15 22:24:00,445 - debug - DEBUG - Batch 10 grad norm: 0.578111
2026-06-15 22:24:01,924 - debug - DEBUG - Batch 20 grad norm: 0.712833
2026-06-15 22:24:03,000 - debug - DEBUG - Batch 30 grad norm: 0.475792
2026-06-15 22:24:04,388 - debug - DEBUG - Batch 40 grad norm: 0.474773
2026-06-15 22:24:05,771 - debug - DEBUG - Batch 50 grad norm: 0.770550
2026-06-15 22:24:06,958 - debug - DEBUG - Batch 60 grad norm: 0.444160
2026-06-15 22:24:08,398 - debug - DEBUG - Batch 70 grad norm: 0.294165
2026-06-15 22:24:09,676 - debug - DEBUG - Batch 80 grad norm: 0.720120
2026-06-15 22:24:11,003 - debug - DEBUG - Batch 90 grad norm: 0.494793
2026-06-15 22:24:12,419 - debug - DEBUG - Batch 100 grad norm: 0.666262
2026-06-15 22:24:13,749 - debug - DEBUG - Batch 110 grad norm: 0.872758
2026-06-15 22:24:15,105 - debug - DEBUG - Batch 120 grad norm: 0.632230
2026-06-15 22:24:16,496 - debug - DEBUG - Batch 130 grad norm: 0.370509
2026-06-15 22:24:17,802 - debug - DEBUG - Batch 140 grad norm: 0.513811
2026-06-15 22:24:19,109 - debug - DEBUG - Batch 150 grad norm: 0.659257
2026-06-15 22:24:20,483 - debug - DEBUG - Batch 160 grad norm: 0.667461
2026-06-15 22:24:21,814 - debug - DEBUG - Batch 170 grad norm: 0.443406
2026-06-15 22:24:23,224 - debug - DEBUG - Batch 180 grad norm: 0.761729
2026-06-15 22:24:24,579 - debug - DEBUG - Batch 190 grad norm: 0.551898
2026-06-15 22:24:25,006 - debug - DEBUG - compute_metrics_and_record started for epoch 194
2026-06-15 22:24:25,006 - debug - DEBUG - all_preds length: 25000, all_targets length: 25000
2026-06-15 22:24:25,006 - debug - DEBUG - First 10 preds: [9, 8, 3, 7, 0, 9, 9, 5, 0, 7]
2026-06-15 22:24:25,006 - debug - DEBUG - First 10 targets: [9, 8, 3, 7, 0, 9, 9, 5, 0, 7]
2026-06-15 22:24:25,014 - debug - DEBUG - Unique predicted classes: 10 (first 10: [0 1 2 3 4 5 6 7 8 9])
2026-06-15 22:24:25,015 - debug - DEBUG - Unique target classes: 10 (first 10: [0 1 2 3 4 5 6 7 8 9])
2026-06-15 22:24:27,744 - debug - DEBUG - compute_metrics_and_record started for epoch 194
2026-06-15 22:24:27,744 - debug - DEBUG - all_preds length: 10000, all_targets length: 10000
2026-06-15 22:24:27,745 - debug - DEBUG - First 10 preds: [3, 8, 1, 8, 6, 6, 1, 6, 3, 1]
2026-06-15 22:24:27,745 - debug - DEBUG - First 10 targets: [3, 8, 8, 0, 6, 6, 1, 6, 3, 1]
2026-06-15 22:24:27,747 - debug - DEBUG - Unique predicted classes: 10 (first 10: [0 1 2 3 4 5 6 7 8 9])
2026-06-15 22:24:27,747 - debug - DEBUG - Unique target classes: 10 (first 10: [0 1 2 3 4 5 6 7 8 9])
2026-06-15 22:24:27,987 - debug - DEBUG - Device Check - Batch 0
2026-06-15 22:24:27,988 - debug - DEBUG -   Config GPU ID: 1
2026-06-15 22:24:27,988 - debug - DEBUG -   Input Device:  cuda:1
2026-06-15 22:24:27,988 - debug - DEBUG -   Target Device: cuda:1
2026-06-15 22:24:27,989 - debug - DEBUG -   Model Device:  cuda:1
2026-06-15 22:24:27,989 - debug - DEBUG -   Criterion Weight Device: No weights
2026-06-15 22:24:28,638 - debug - DEBUG - Batch 0 grad norm: 0.558389
2026-06-15 22:24:30,007 - debug - DEBUG - Batch 10 grad norm: 0.614900
2026-06-15 22:24:31,417 - debug - DEBUG - Batch 20 grad norm: 0.468470
2026-06-15 22:24:32,800 - debug - DEBUG - Batch 30 grad norm: 0.505180
2026-06-15 22:24:34,200 - debug - DEBUG - Batch 40 grad norm: 0.760814
2026-06-15 22:24:35,629 - debug - DEBUG - Batch 50 grad norm: 0.531950
2026-06-15 22:24:37,048 - debug - DEBUG - Batch 60 grad norm: 0.462458
2026-06-15 22:24:38,478 - debug - DEBUG - Batch 70 grad norm: 0.557888
2026-06-15 22:24:39,828 - debug - DEBUG - Batch 80 grad norm: 0.545237
2026-06-15 22:24:41,135 - debug - DEBUG - Batch 90 grad norm: 0.245799
2026-06-15 22:24:42,525 - debug - DEBUG - Batch 100 grad norm: 0.770281
2026-06-15 22:24:43,897 - debug - DEBUG - Batch 110 grad norm: 0.611159
2026-06-15 22:24:45,164 - debug - DEBUG - Batch 120 grad norm: 0.682011
2026-06-15 22:24:46,524 - debug - DEBUG - Batch 130 grad norm: 0.625876
2026-06-15 22:24:47,836 - debug - DEBUG - Batch 140 grad norm: 0.663730
2026-06-15 22:24:49,153 - debug - DEBUG - Batch 150 grad norm: 0.337916
2026-06-15 22:24:50,516 - debug - DEBUG - Batch 160 grad norm: 0.639948
2026-06-15 22:24:51,810 - debug - DEBUG - Batch 170 grad norm: 0.504270
2026-06-15 22:24:53,096 - debug - DEBUG - Batch 180 grad norm: 0.741800
2026-06-15 22:24:54,420 - debug - DEBUG - Batch 190 grad norm: 0.617997
2026-06-15 22:24:54,866 - debug - DEBUG - compute_metrics_and_record started for epoch 195
2026-06-15 22:24:54,867 - debug - DEBUG - all_preds length: 25000, all_targets length: 25000
2026-06-15 22:24:54,867 - debug - DEBUG - First 10 preds: [7, 5, 8, 3, 2, 3, 4, 0, 8, 5]
2026-06-15 22:24:54,867 - debug - DEBUG - First 10 targets: [7, 5, 8, 3, 2, 3, 4, 0, 8, 5]
2026-06-15 22:24:54,874 - debug - DEBUG - Unique predicted classes: 10 (first 10: [0 1 2 3 4 5 6 7 8 9])
2026-06-15 22:24:54,874 - debug - DEBUG - Unique target classes: 10 (first 10: [0 1 2 3 4 5 6 7 8 9])
2026-06-15 22:24:57,569 - debug - DEBUG - compute_metrics_and_record started for epoch 195
2026-06-15 22:24:57,569 - debug - DEBUG - all_preds length: 10000, all_targets length: 10000
2026-06-15 22:24:57,569 - debug - DEBUG - First 10 preds: [3, 8, 1, 8, 6, 6, 1, 6, 3, 1]
2026-06-15 22:24:57,569 - debug - DEBUG - First 10 targets: [3, 8, 8, 0, 6, 6, 1, 6, 3, 1]
2026-06-15 22:24:57,572 - debug - DEBUG - Unique predicted classes: 10 (first 10: [0 1 2 3 4 5 6 7 8 9])
2026-06-15 22:24:57,572 - debug - DEBUG - Unique target classes: 10 (first 10: [0 1 2 3 4 5 6 7 8 9])
2026-06-15 22:24:57,811 - debug - DEBUG - Device Check - Batch 0
2026-06-15 22:24:57,811 - debug - DEBUG -   Config GPU ID: 1
2026-06-15 22:24:57,812 - debug - DEBUG -   Input Device:  cuda:1
2026-06-15 22:24:57,812 - debug - DEBUG -   Target Device: cuda:1
2026-06-15 22:24:57,812 - debug - DEBUG -   Model Device:  cuda:1
2026-06-15 22:24:57,812 - debug - DEBUG -   Criterion Weight Device: No weights
2026-06-15 22:24:58,420 - debug - DEBUG - Batch 0 grad norm: 0.467615
2026-06-15 22:24:59,791 - debug - DEBUG - Batch 10 grad norm: 0.534893
2026-06-15 22:25:01,169 - debug - DEBUG - Batch 20 grad norm: 0.699007
2026-06-15 22:25:02,557 - debug - DEBUG - Batch 30 grad norm: 0.615724
2026-06-15 22:25:03,952 - debug - DEBUG - Batch 40 grad norm: 0.714094
2026-06-15 22:25:05,328 - debug - DEBUG - Batch 50 grad norm: 0.746512
2026-06-15 22:25:06,715 - debug - DEBUG - Batch 60 grad norm: 0.244467
2026-06-15 22:25:08,046 - debug - DEBUG - Batch 70 grad norm: 0.761099
2026-06-15 22:25:09,418 - debug - DEBUG - Batch 80 grad norm: 0.517054
2026-06-15 22:25:10,707 - debug - DEBUG - Batch 90 grad norm: 0.827324
2026-06-15 22:25:12,103 - debug - DEBUG - Batch 100 grad norm: 0.692452
2026-06-15 22:25:13,460 - debug - DEBUG - Batch 110 grad norm: 0.565106
2026-06-15 22:25:14,808 - debug - DEBUG - Batch 120 grad norm: 0.902504
2026-06-15 22:25:16,193 - debug - DEBUG - Batch 130 grad norm: 0.477143
2026-06-15 22:25:17,563 - debug - DEBUG - Batch 140 grad norm: 0.944795
2026-06-15 22:25:18,880 - debug - DEBUG - Batch 150 grad norm: 0.653729
2026-06-15 22:25:20,246 - debug - DEBUG - Batch 160 grad norm: 0.725729
2026-06-15 22:25:21,578 - debug - DEBUG - Batch 170 grad norm: 0.625090
2026-06-15 22:25:22,976 - debug - DEBUG - Batch 180 grad norm: 0.370065
2026-06-15 22:25:24,323 - debug - DEBUG - Batch 190 grad norm: 0.813831
2026-06-15 22:25:24,784 - debug - DEBUG - compute_metrics_and_record started for epoch 196
2026-06-15 22:25:24,784 - debug - DEBUG - all_preds length: 25000, all_targets length: 25000
2026-06-15 22:25:24,784 - debug - DEBUG - First 10 preds: [3, 1, 0, 5, 3, 1, 5, 6, 3, 1]
2026-06-15 22:25:24,784 - debug - DEBUG - First 10 targets: [3, 1, 0, 5, 3, 1, 5, 6, 3, 1]
2026-06-15 22:25:24,790 - debug - DEBUG - Unique predicted classes: 10 (first 10: [0 1 2 3 4 5 6 7 8 9])
2026-06-15 22:25:24,790 - debug - DEBUG - Unique target classes: 10 (first 10: [0 1 2 3 4 5 6 7 8 9])
2026-06-15 22:25:27,411 - debug - DEBUG - compute_metrics_and_record started for epoch 196
2026-06-15 22:25:27,411 - debug - DEBUG - all_preds length: 10000, all_targets length: 10000
2026-06-15 22:25:27,411 - debug - DEBUG - First 10 preds: [3, 8, 1, 8, 6, 6, 1, 6, 3, 1]
2026-06-15 22:25:27,411 - debug - DEBUG - First 10 targets: [3, 8, 8, 0, 6, 6, 1, 6, 3, 1]
2026-06-15 22:25:27,414 - debug - DEBUG - Unique predicted classes: 10 (first 10: [0 1 2 3 4 5 6 7 8 9])
2026-06-15 22:25:27,414 - debug - DEBUG - Unique target classes: 10 (first 10: [0 1 2 3 4 5 6 7 8 9])
2026-06-15 22:25:27,670 - debug - DEBUG - Device Check - Batch 0
2026-06-15 22:25:27,671 - debug - DEBUG -   Config GPU ID: 1
2026-06-15 22:25:27,671 - debug - DEBUG -   Input Device:  cuda:1
2026-06-15 22:25:27,671 - debug - DEBUG -   Target Device: cuda:1
2026-06-15 22:25:27,671 - debug - DEBUG -   Model Device:  cuda:1
2026-06-15 22:25:27,672 - debug - DEBUG -   Criterion Weight Device: No weights
2026-06-15 22:25:28,208 - debug - DEBUG - Batch 0 grad norm: 0.641341
2026-06-15 22:25:29,550 - debug - DEBUG - Batch 10 grad norm: 0.434236
2026-06-15 22:25:30,809 - debug - DEBUG - Batch 20 grad norm: 0.366022
2026-06-15 22:25:32,195 - debug - DEBUG - Batch 30 grad norm: 0.989071
2026-06-15 22:25:33,621 - debug - DEBUG - Batch 40 grad norm: 0.528995
2026-06-15 22:25:34,908 - debug - DEBUG - Batch 50 grad norm: 0.541166
2026-06-15 22:25:36,203 - debug - DEBUG - Batch 60 grad norm: 0.638096
2026-06-15 22:25:37,503 - debug - DEBUG - Batch 70 grad norm: 0.721781
2026-06-15 22:25:38,856 - debug - DEBUG - Batch 80 grad norm: 0.389180
2026-06-15 22:25:40,228 - debug - DEBUG - Batch 90 grad norm: 0.646578
2026-06-15 22:25:41,632 - debug - DEBUG - Batch 100 grad norm: 0.545502
2026-06-15 22:25:43,079 - debug - DEBUG - Batch 110 grad norm: 0.434056
2026-06-15 22:25:44,336 - debug - DEBUG - Batch 120 grad norm: 0.657049
2026-06-15 22:25:45,689 - debug - DEBUG - Batch 130 grad norm: 0.443979
2026-06-15 22:25:47,064 - debug - DEBUG - Batch 140 grad norm: 0.392152
2026-06-15 22:25:48,384 - debug - DEBUG - Batch 150 grad norm: 0.732532
2026-06-15 22:25:49,760 - debug - DEBUG - Batch 160 grad norm: 0.714277
2026-06-15 22:25:51,144 - debug - DEBUG - Batch 170 grad norm: 0.508818
2026-06-15 22:25:52,467 - debug - DEBUG - Batch 180 grad norm: 0.430122
2026-06-15 22:25:53,755 - debug - DEBUG - Batch 190 grad norm: 0.482363
2026-06-15 22:25:54,156 - debug - DEBUG - compute_metrics_and_record started for epoch 197
2026-06-15 22:25:54,156 - debug - DEBUG - all_preds length: 25000, all_targets length: 25000
2026-06-15 22:25:54,156 - debug - DEBUG - First 10 preds: [0, 0, 0, 6, 6, 2, 0, 3, 9, 8]
2026-06-15 22:25:54,156 - debug - DEBUG - First 10 targets: [0, 0, 0, 6, 6, 2, 9, 3, 9, 8]
2026-06-15 22:25:54,163 - debug - DEBUG - Unique predicted classes: 10 (first 10: [0 1 2 3 4 5 6 7 8 9])
2026-06-15 22:25:54,163 - debug - DEBUG - Unique target classes: 10 (first 10: [0 1 2 3 4 5 6 7 8 9])
2026-06-15 22:25:56,793 - debug - DEBUG - compute_metrics_and_record started for epoch 197
2026-06-15 22:25:56,793 - debug - DEBUG - all_preds length: 10000, all_targets length: 10000
2026-06-15 22:25:56,794 - debug - DEBUG - First 10 preds: [3, 8, 1, 8, 6, 6, 1, 6, 3, 1]
2026-06-15 22:25:56,794 - debug - DEBUG - First 10 targets: [3, 8, 8, 0, 6, 6, 1, 6, 3, 1]
2026-06-15 22:25:56,796 - debug - DEBUG - Unique predicted classes: 10 (first 10: [0 1 2 3 4 5 6 7 8 9])
2026-06-15 22:25:56,796 - debug - DEBUG - Unique target classes: 10 (first 10: [0 1 2 3 4 5 6 7 8 9])
2026-06-15 22:25:57,040 - debug - DEBUG - Device Check - Batch 0
2026-06-15 22:25:57,040 - debug - DEBUG -   Config GPU ID: 1
2026-06-15 22:25:57,041 - debug - DEBUG -   Input Device:  cuda:1
2026-06-15 22:25:57,041 - debug - DEBUG -   Target Device: cuda:1
2026-06-15 22:25:57,041 - debug - DEBUG -   Model Device:  cuda:1
2026-06-15 22:25:57,041 - debug - DEBUG -   Criterion Weight Device: No weights
2026-06-15 22:25:57,627 - debug - DEBUG - Batch 0 grad norm: 0.537302
2026-06-15 22:25:58,996 - debug - DEBUG - Batch 10 grad norm: 0.654312
2026-06-15 22:26:00,328 - debug - DEBUG - Batch 20 grad norm: 0.505063
2026-06-15 22:26:01,675 - debug - DEBUG - Batch 30 grad norm: 0.538406
2026-06-15 22:26:03,048 - debug - DEBUG - Batch 40 grad norm: 0.714698
2026-06-15 22:26:04,386 - debug - DEBUG - Batch 50 grad norm: 0.531837
2026-06-15 22:26:05,712 - debug - DEBUG - Batch 60 grad norm: 0.850594
2026-06-15 22:26:07,036 - debug - DEBUG - Batch 70 grad norm: 0.449997
2026-06-15 22:26:08,413 - debug - DEBUG - Batch 80 grad norm: 0.727063
2026-06-15 22:26:09,760 - debug - DEBUG - Batch 90 grad norm: 0.550094
2026-06-15 22:26:11,216 - debug - DEBUG - Batch 100 grad norm: 0.711060
2026-06-15 22:26:12,597 - debug - DEBUG - Batch 110 grad norm: 0.772711
2026-06-15 22:26:13,725 - debug - DEBUG - Batch 120 grad norm: 0.555629
2026-06-15 22:26:15,161 - debug - DEBUG - Batch 130 grad norm: 0.385965
2026-06-15 22:26:16,458 - debug - DEBUG - Batch 140 grad norm: 1.013720
2026-06-15 22:26:17,846 - debug - DEBUG - Batch 150 grad norm: 0.540374
2026-06-15 22:26:19,235 - debug - DEBUG - Batch 160 grad norm: 0.993852
2026-06-15 22:26:20,649 - debug - DEBUG - Batch 170 grad norm: 0.478383
2026-06-15 22:26:22,060 - debug - DEBUG - Batch 180 grad norm: 0.491693
2026-06-15 22:26:23,433 - debug - DEBUG - Batch 190 grad norm: 0.824284
2026-06-15 22:26:23,902 - debug - DEBUG - compute_metrics_and_record started for epoch 198
2026-06-15 22:26:23,903 - debug - DEBUG - all_preds length: 25000, all_targets length: 25000
2026-06-15 22:26:23,903 - debug - DEBUG - First 10 preds: [5, 4, 9, 1, 1, 4, 2, 8, 5, 5]
2026-06-15 22:26:23,903 - debug - DEBUG - First 10 targets: [5, 4, 9, 1, 1, 4, 2, 8, 5, 5]
2026-06-15 22:26:23,914 - debug - DEBUG - Unique predicted classes: 10 (first 10: [0 1 2 3 4 5 6 7 8 9])
2026-06-15 22:26:23,914 - debug - DEBUG - Unique target classes: 10 (first 10: [0 1 2 3 4 5 6 7 8 9])
2026-06-15 22:26:26,730 - debug - DEBUG - compute_metrics_and_record started for epoch 198
2026-06-15 22:26:26,731 - debug - DEBUG - all_preds length: 10000, all_targets length: 10000
2026-06-15 22:26:26,731 - debug - DEBUG - First 10 preds: [3, 8, 1, 8, 6, 6, 1, 6, 3, 1]
2026-06-15 22:26:26,731 - debug - DEBUG - First 10 targets: [3, 8, 8, 0, 6, 6, 1, 6, 3, 1]
2026-06-15 22:26:26,733 - debug - DEBUG - Unique predicted classes: 10 (first 10: [0 1 2 3 4 5 6 7 8 9])
2026-06-15 22:26:26,734 - debug - DEBUG - Unique target classes: 10 (first 10: [0 1 2 3 4 5 6 7 8 9])
2026-06-15 22:26:27,024 - debug - DEBUG - Device Check - Batch 0
2026-06-15 22:26:27,024 - debug - DEBUG -   Config GPU ID: 1
2026-06-15 22:26:27,025 - debug - DEBUG -   Input Device:  cuda:1
2026-06-15 22:26:27,025 - debug - DEBUG -   Target Device: cuda:1
2026-06-15 22:26:27,025 - debug - DEBUG -   Model Device:  cuda:1
2026-06-15 22:26:27,025 - debug - DEBUG -   Criterion Weight Device: No weights
2026-06-15 22:26:27,790 - debug - DEBUG - Batch 0 grad norm: 0.599462
2026-06-15 22:26:29,163 - debug - DEBUG - Batch 10 grad norm: 0.527712
2026-06-15 22:26:30,511 - debug - DEBUG - Batch 20 grad norm: 0.645464
2026-06-15 22:26:31,803 - debug - DEBUG - Batch 30 grad norm: 0.413518
2026-06-15 22:26:33,161 - debug - DEBUG - Batch 40 grad norm: 0.642794
2026-06-15 22:26:34,603 - debug - DEBUG - Batch 50 grad norm: 0.665991
2026-06-15 22:26:35,956 - debug - DEBUG - Batch 60 grad norm: 0.708273
2026-06-15 22:26:37,371 - debug - DEBUG - Batch 70 grad norm: 0.675108
2026-06-15 22:26:38,700 - debug - DEBUG - Batch 80 grad norm: 0.393196
2026-06-15 22:26:40,019 - debug - DEBUG - Batch 90 grad norm: 0.755493
2026-06-15 22:26:41,391 - debug - DEBUG - Batch 100 grad norm: 0.823747
2026-06-15 22:26:42,789 - debug - DEBUG - Batch 110 grad norm: 0.843932
2026-06-15 22:26:44,075 - debug - DEBUG - Batch 120 grad norm: 1.015097
2026-06-15 22:26:45,348 - debug - DEBUG - Batch 130 grad norm: 0.689652
2026-06-15 22:26:46,756 - debug - DEBUG - Batch 140 grad norm: 0.549778
2026-06-15 22:26:48,147 - debug - DEBUG - Batch 150 grad norm: 0.649565
2026-06-15 22:26:49,491 - debug - DEBUG - Batch 160 grad norm: 0.547499
2026-06-15 22:26:50,866 - debug - DEBUG - Batch 170 grad norm: 0.550796
2026-06-15 22:26:52,254 - debug - DEBUG - Batch 180 grad norm: 0.444520
2026-06-15 22:26:53,599 - debug - DEBUG - Batch 190 grad norm: 0.737338
2026-06-15 22:26:54,007 - debug - DEBUG - compute_metrics_and_record started for epoch 199
2026-06-15 22:26:54,008 - debug - DEBUG - all_preds length: 25000, all_targets length: 25000
2026-06-15 22:26:54,008 - debug - DEBUG - First 10 preds: [1, 8, 2, 0, 1, 9, 4, 5, 0, 3]
2026-06-15 22:26:54,008 - debug - DEBUG - First 10 targets: [1, 8, 2, 0, 1, 9, 4, 5, 0, 3]
2026-06-15 22:26:54,016 - debug - DEBUG - Unique predicted classes: 10 (first 10: [0 1 2 3 4 5 6 7 8 9])
2026-06-15 22:26:54,016 - debug - DEBUG - Unique target classes: 10 (first 10: [0 1 2 3 4 5 6 7 8 9])
2026-06-15 22:26:56,753 - debug - DEBUG - compute_metrics_and_record started for epoch 199
2026-06-15 22:26:56,753 - debug - DEBUG - all_preds length: 10000, all_targets length: 10000
2026-06-15 22:26:56,753 - debug - DEBUG - First 10 preds: [3, 8, 1, 8, 6, 6, 1, 6, 3, 1]
2026-06-15 22:26:56,754 - debug - DEBUG - First 10 targets: [3, 8, 8, 0, 6, 6, 1, 6, 3, 1]
2026-06-15 22:26:56,756 - debug - DEBUG - Unique predicted classes: 10 (first 10: [0 1 2 3 4 5 6 7 8 9])
2026-06-15 22:26:56,756 - debug - DEBUG - Unique target classes: 10 (first 10: [0 1 2 3 4 5 6 7 8 9])
