2026-06-16 06:35:14,835 - debug - DEBUG - Debug logging enabled for this run.
2026-06-16 06:35:17,930 - debug - DEBUG - Saved original_cls_num_list: [5000, 5000, 5000, 5000, 5000, 5000, 5000, 5000, 5000, 5000]
2026-06-16 06:35:17,930 - debug - DEBUG - SAVA cache key: cifar10_exp_1.0_noise0.2_0_sava
2026-06-16 06:35:19,691 - debug - DEBUG - Loaded indices shape: (50000,)
2026-06-16 06:35:19,691 - debug - DEBUG - First 10 loaded indices: [32487  3845  3322   874  2855  4014  4381  2739  2692  4667]
2026-06-16 06:35:19,691 - debug - DEBUG - Last 10 loaded indices: [ 2707   803  2708 29372  2462  4398  3957  4226   438  2064]
2026-06-16 06:35:19,692 - debug - DEBUG - keep_ratio=0.5, num_keep=25000
2026-06-16 06:35:19,692 - debug - DEBUG - First 10 kept indices: [32487  3845  3322   874  2855  4014  4381  2739  2692  4667]
2026-06-16 06:35:19,692 - debug - DEBUG - Last 10 kept indices: [20069  6431 28661 24392 22623 24967 18040 16881 30212 27174]
2026-06-16 06:35:19,692 - debug - DEBUG - SAVA returned 25000 indices out of 50000
2026-06-16 06:35:19,692 - debug - DEBUG - First 10 indices: [32487  3845  3322   874  2855  4014  4381  2739  2692  4667]
2026-06-16 06:35:19,692 - debug - DEBUG - Last 10 indices: [20069  6431 28661 24392 22623 24967 18040 16881 30212 27174]
2026-06-16 06:35:19,701 - debug - DEBUG - Original class distribution (full train set): {0: 5000, 1: 5000, 2: 5000, 3: 5000, 4: 5000, 5: 5000, 6: 5000, 7: 5000, 8: 5000, 9: 5000}
2026-06-16 06:35:19,706 - debug - DEBUG - New cls_num_list: [2600, 2557, 2797, 2552, 2361, 2605, 2264, 2646, 2372, 2246]
2026-06-16 06:35:19,707 - debug - DEBUG - Total selected samples: 25000
2026-06-16 06:35:19,708 - debug - DEBUG - train_dataset type: <class 'imbalanceddl.dataset.sava_dataset.SavaDataset'>
2026-06-16 06:35:19,708 - debug - DEBUG - val_dataset type: <class 'torchvision.datasets.cifar.CIFAR10'>
2026-06-16 06:35:19,708 - debug - DEBUG - train_dataset.targets length: 25000
2026-06-16 06:35:19,709 - debug - DEBUG - Number of train loader batches: 196
2026-06-16 06:35:19,947 - debug - DEBUG - First batch class counts: {0: 12, 1: 12, 2: 13, 3: 16, 4: 9, 5: 15, 6: 12, 7: 18, 8: 13, 9: 8}
2026-06-16 06:35:20,057 - debug - DEBUG - Validation loader created. Length: 100
2026-06-16 06:35:20,284 - debug - DEBUG - Device Check - Batch 0
2026-06-16 06:35:20,285 - debug - DEBUG -   Config GPU ID: 1
2026-06-16 06:35:20,285 - debug - DEBUG -   Input Device:  cuda:1
2026-06-16 06:35:20,285 - debug - DEBUG -   Target Device: cuda:1
2026-06-16 06:35:20,286 - debug - DEBUG -   Model Device:  cuda:1
2026-06-16 06:35:20,286 - debug - DEBUG -   Criterion Weight Device: No weights
2026-06-16 06:35:23,574 - debug - DEBUG - Batch 0 grad norm: 5.942642
2026-06-16 06:35:24,730 - debug - DEBUG - Batch 10 grad norm: 2.702659
2026-06-16 06:35:25,865 - debug - DEBUG - Batch 20 grad norm: 2.181586
2026-06-16 06:35:26,994 - debug - DEBUG - Batch 30 grad norm: 2.312245
2026-06-16 06:35:28,140 - debug - DEBUG - Batch 40 grad norm: 2.153246
2026-06-16 06:35:29,245 - debug - DEBUG - Batch 50 grad norm: 2.768225
2026-06-16 06:35:30,368 - debug - DEBUG - Batch 60 grad norm: 3.102118
2026-06-16 06:35:31,514 - debug - DEBUG - Batch 70 grad norm: 2.904261
2026-06-16 06:35:32,548 - debug - DEBUG - Batch 80 grad norm: 2.278342
2026-06-16 06:35:33,795 - debug - DEBUG - Batch 90 grad norm: 1.841513
2026-06-16 06:35:34,805 - debug - DEBUG - Batch 100 grad norm: 2.545980
2026-06-16 06:35:35,955 - debug - DEBUG - Batch 110 grad norm: 1.966337
2026-06-16 06:35:37,063 - debug - DEBUG - Batch 120 grad norm: 2.622745
2026-06-16 06:35:38,214 - debug - DEBUG - Batch 130 grad norm: 1.782318
2026-06-16 06:35:39,324 - debug - DEBUG - Batch 140 grad norm: 2.367919
2026-06-16 06:35:40,458 - debug - DEBUG - Batch 150 grad norm: 2.320157
2026-06-16 06:35:41,574 - debug - DEBUG - Batch 160 grad norm: 2.432064
2026-06-16 06:35:42,708 - debug - DEBUG - Batch 170 grad norm: 2.056566
2026-06-16 06:35:43,827 - debug - DEBUG - Batch 180 grad norm: 2.656818
2026-06-16 06:35:44,978 - debug - DEBUG - Batch 190 grad norm: 2.878670
2026-06-16 06:35:47,035 - debug - DEBUG - compute_metrics_and_record started for epoch 0
2026-06-16 06:35:47,035 - debug - DEBUG - all_preds length: 25000, all_targets length: 25000
2026-06-16 06:35:47,035 - debug - DEBUG - First 10 preds: [4, 4, 4, 4, 4, 4, 4, 4, 4, 4]
2026-06-16 06:35:47,036 - debug - DEBUG - First 10 targets: [3, 0, 1, 8, 0, 1, 1, 0, 7, 3]
2026-06-16 06:35:47,046 - debug - DEBUG - Unique predicted classes: 10 (first 10: [0 1 2 3 4 5 6 7 8 9])
2026-06-16 06:35:47,047 - debug - DEBUG - Unique target classes: 10 (first 10: [0 1 2 3 4 5 6 7 8 9])
2026-06-16 06:35:50,164 - debug - DEBUG - compute_metrics_and_record started for epoch 0
2026-06-16 06:35:50,164 - debug - DEBUG - all_preds length: 10000, all_targets length: 10000
2026-06-16 06:35:50,164 - debug - DEBUG - First 10 preds: [3, 1, 1, 0, 6, 7, 1, 4, 5, 1]
2026-06-16 06:35:50,164 - debug - DEBUG - First 10 targets: [3, 8, 8, 0, 6, 6, 1, 6, 3, 1]
2026-06-16 06:35:50,166 - debug - DEBUG - Unique predicted classes: 10 (first 10: [0 1 2 3 4 5 6 7 8 9])
2026-06-16 06:35:50,167 - debug - DEBUG - Unique target classes: 10 (first 10: [0 1 2 3 4 5 6 7 8 9])
2026-06-16 06:35:50,415 - debug - DEBUG - Device Check - Batch 0
2026-06-16 06:35:50,416 - debug - DEBUG -   Config GPU ID: 1
2026-06-16 06:35:50,416 - debug - DEBUG -   Input Device:  cuda:1
2026-06-16 06:35:50,416 - debug - DEBUG -   Target Device: cuda:1
2026-06-16 06:35:50,416 - debug - DEBUG -   Model Device:  cuda:1
2026-06-16 06:35:50,417 - debug - DEBUG -   Criterion Weight Device: No weights
2026-06-16 06:35:51,091 - debug - DEBUG - Batch 0 grad norm: 2.763684
2026-06-16 06:35:52,151 - debug - DEBUG - Batch 10 grad norm: 3.602714
2026-06-16 06:35:53,400 - debug - DEBUG - Batch 20 grad norm: 3.064728
2026-06-16 06:35:54,450 - debug - DEBUG - Batch 30 grad norm: 2.556888
2026-06-16 06:35:55,600 - debug - DEBUG - Batch 40 grad norm: 1.878824
2026-06-16 06:35:56,738 - debug - DEBUG - Batch 50 grad norm: 1.848599
2026-06-16 06:35:57,884 - debug - DEBUG - Batch 60 grad norm: 1.622579
2026-06-16 06:35:59,022 - debug - DEBUG - Batch 70 grad norm: 1.914644
2026-06-16 06:36:00,166 - debug - DEBUG - Batch 80 grad norm: 1.981925
2026-06-16 06:36:01,316 - debug - DEBUG - Batch 90 grad norm: 2.051055
2026-06-16 06:36:02,477 - debug - DEBUG - Batch 100 grad norm: 1.792887
2026-06-16 06:36:03,585 - debug - DEBUG - Batch 110 grad norm: 2.290563
2026-06-16 06:36:04,751 - debug - DEBUG - Batch 120 grad norm: 2.401589
2026-06-16 06:36:05,884 - debug - DEBUG - Batch 130 grad norm: 2.105693
2026-06-16 06:36:07,017 - debug - DEBUG - Batch 140 grad norm: 1.626849
2026-06-16 06:36:08,162 - debug - DEBUG - Batch 150 grad norm: 2.707180
2026-06-16 06:36:09,296 - debug - DEBUG - Batch 160 grad norm: 2.043742
2026-06-16 06:36:10,407 - debug - DEBUG - Batch 170 grad norm: 1.844603
2026-06-16 06:36:11,537 - debug - DEBUG - Batch 180 grad norm: 2.000739
2026-06-16 06:36:12,672 - debug - DEBUG - Batch 190 grad norm: 1.849537
2026-06-16 06:36:12,954 - debug - DEBUG - compute_metrics_and_record started for epoch 1
2026-06-16 06:36:12,955 - debug - DEBUG - all_preds length: 25000, all_targets length: 25000
2026-06-16 06:36:12,955 - debug - DEBUG - First 10 preds: [8, 7, 9, 1, 7, 6, 3, 0, 6, 6]
2026-06-16 06:36:12,955 - debug - DEBUG - First 10 targets: [0, 4, 9, 1, 3, 7, 3, 8, 5, 1]
2026-06-16 06:36:12,961 - debug - DEBUG - Unique predicted classes: 10 (first 10: [0 1 2 3 4 5 6 7 8 9])
2026-06-16 06:36:12,961 - debug - DEBUG - Unique target classes: 10 (first 10: [0 1 2 3 4 5 6 7 8 9])
2026-06-16 06:36:15,087 - debug - DEBUG - compute_metrics_and_record started for epoch 1
2026-06-16 06:36:15,087 - debug - DEBUG - all_preds length: 10000, all_targets length: 10000
2026-06-16 06:36:15,087 - debug - DEBUG - First 10 preds: [6, 8, 8, 8, 6, 6, 9, 2, 3, 1]
2026-06-16 06:36:15,087 - debug - DEBUG - First 10 targets: [3, 8, 8, 0, 6, 6, 1, 6, 3, 1]
2026-06-16 06:36:15,090 - debug - DEBUG - Unique predicted classes: 10 (first 10: [0 1 2 3 4 5 6 7 8 9])
2026-06-16 06:36:15,090 - debug - DEBUG - Unique target classes: 10 (first 10: [0 1 2 3 4 5 6 7 8 9])
2026-06-16 06:36:15,359 - debug - DEBUG - Device Check - Batch 0
2026-06-16 06:36:15,360 - debug - DEBUG -   Config GPU ID: 1
2026-06-16 06:36:15,361 - debug - DEBUG -   Input Device:  cuda:1
2026-06-16 06:36:15,361 - debug - DEBUG -   Target Device: cuda:1
2026-06-16 06:36:15,361 - debug - DEBUG -   Model Device:  cuda:1
2026-06-16 06:36:15,361 - debug - DEBUG -   Criterion Weight Device: No weights
2026-06-16 06:36:15,932 - debug - DEBUG - Batch 0 grad norm: 2.092857
2026-06-16 06:36:16,985 - debug - DEBUG - Batch 10 grad norm: 2.760514
2026-06-16 06:36:18,137 - debug - DEBUG - Batch 20 grad norm: 1.873977
2026-06-16 06:36:19,282 - debug - DEBUG - Batch 30 grad norm: 1.716826
2026-06-16 06:36:20,420 - debug - DEBUG - Batch 40 grad norm: 2.307498
2026-06-16 06:36:21,558 - debug - DEBUG - Batch 50 grad norm: 1.739171
2026-06-16 06:36:22,691 - debug - DEBUG - Batch 60 grad norm: 2.079068
2026-06-16 06:36:23,810 - debug - DEBUG - Batch 70 grad norm: 1.803413
2026-06-16 06:36:24,975 - debug - DEBUG - Batch 80 grad norm: 1.548939
2026-06-16 06:36:25,991 - debug - DEBUG - Batch 90 grad norm: 1.268309
2026-06-16 06:36:27,235 - debug - DEBUG - Batch 100 grad norm: 1.923479
2026-06-16 06:36:28,285 - debug - DEBUG - Batch 110 grad norm: 1.458488
2026-06-16 06:36:29,432 - debug - DEBUG - Batch 120 grad norm: 1.478111
2026-06-16 06:36:30,533 - debug - DEBUG - Batch 130 grad norm: 1.849630
2026-06-16 06:36:31,680 - debug - DEBUG - Batch 140 grad norm: 1.651809
2026-06-16 06:36:32,773 - debug - DEBUG - Batch 150 grad norm: 1.224607
2026-06-16 06:36:33,886 - debug - DEBUG - Batch 160 grad norm: 1.504863
2026-06-16 06:36:34,985 - debug - DEBUG - Batch 170 grad norm: 1.304462
2026-06-16 06:36:36,112 - debug - DEBUG - Batch 180 grad norm: 1.424713
2026-06-16 06:36:37,228 - debug - DEBUG - Batch 190 grad norm: 1.789469
2026-06-16 06:36:37,594 - debug - DEBUG - compute_metrics_and_record started for epoch 2
2026-06-16 06:36:37,594 - debug - DEBUG - all_preds length: 25000, all_targets length: 25000
2026-06-16 06:36:37,594 - debug - DEBUG - First 10 preds: [5, 3, 9, 5, 8, 7, 2, 6, 7, 2]
2026-06-16 06:36:37,594 - debug - DEBUG - First 10 targets: [5, 0, 3, 3, 0, 4, 4, 3, 7, 4]
2026-06-16 06:36:37,602 - debug - DEBUG - Unique predicted classes: 10 (first 10: [0 1 2 3 4 5 6 7 8 9])
2026-06-16 06:36:37,602 - debug - DEBUG - Unique target classes: 10 (first 10: [0 1 2 3 4 5 6 7 8 9])
2026-06-16 06:36:39,873 - debug - DEBUG - compute_metrics_and_record started for epoch 2
2026-06-16 06:36:39,873 - debug - DEBUG - all_preds length: 10000, all_targets length: 10000
2026-06-16 06:36:39,874 - debug - DEBUG - First 10 preds: [3, 1, 1, 1, 6, 3, 1, 2, 3, 1]
2026-06-16 06:36:39,874 - debug - DEBUG - First 10 targets: [3, 8, 8, 0, 6, 6, 1, 6, 3, 1]
2026-06-16 06:36:39,876 - debug - DEBUG - Unique predicted classes: 10 (first 10: [0 1 2 3 4 5 6 7 8 9])
2026-06-16 06:36:39,876 - debug - DEBUG - Unique target classes: 10 (first 10: [0 1 2 3 4 5 6 7 8 9])
2026-06-16 06:36:40,166 - debug - DEBUG - Device Check - Batch 0
2026-06-16 06:36:40,167 - debug - DEBUG -   Config GPU ID: 1
2026-06-16 06:36:40,167 - debug - DEBUG -   Input Device:  cuda:1
2026-06-16 06:36:40,167 - debug - DEBUG -   Target Device: cuda:1
2026-06-16 06:36:40,167 - debug - DEBUG -   Model Device:  cuda:1
2026-06-16 06:36:40,167 - debug - DEBUG -   Criterion Weight Device: No weights
2026-06-16 06:36:40,644 - debug - DEBUG - Batch 0 grad norm: 1.462839
2026-06-16 06:36:41,776 - debug - DEBUG - Batch 10 grad norm: 1.713356
2026-06-16 06:36:42,868 - debug - DEBUG - Batch 20 grad norm: 1.407165
2026-06-16 06:36:44,007 - debug - DEBUG - Batch 30 grad norm: 1.200008
2026-06-16 06:36:45,134 - debug - DEBUG - Batch 40 grad norm: 1.561390
2026-06-16 06:36:46,232 - debug - DEBUG - Batch 50 grad norm: 1.415554
2026-06-16 06:36:47,363 - debug - DEBUG - Batch 60 grad norm: 1.287547
2026-06-16 06:36:48,481 - debug - DEBUG - Batch 70 grad norm: 1.302304
2026-06-16 06:36:49,581 - debug - DEBUG - Batch 80 grad norm: 1.248141
2026-06-16 06:36:50,703 - debug - DEBUG - Batch 90 grad norm: 1.192150
2026-06-16 06:36:51,838 - debug - DEBUG - Batch 100 grad norm: 1.572953
2026-06-16 06:36:52,984 - debug - DEBUG - Batch 110 grad norm: 1.167294
2026-06-16 06:36:54,109 - debug - DEBUG - Batch 120 grad norm: 1.126134
2026-06-16 06:36:55,235 - debug - DEBUG - Batch 130 grad norm: 1.609327
2026-06-16 06:36:56,358 - debug - DEBUG - Batch 140 grad norm: 1.313711
2026-06-16 06:36:57,477 - debug - DEBUG - Batch 150 grad norm: 1.192077
2026-06-16 06:36:58,592 - debug - DEBUG - Batch 160 grad norm: 1.299899
2026-06-16 06:36:59,705 - debug - DEBUG - Batch 170 grad norm: 1.356259
2026-06-16 06:37:00,808 - debug - DEBUG - Batch 180 grad norm: 1.413022
2026-06-16 06:37:01,775 - debug - DEBUG - Batch 190 grad norm: 1.354690
2026-06-16 06:37:02,117 - debug - DEBUG - compute_metrics_and_record started for epoch 3
2026-06-16 06:37:02,117 - debug - DEBUG - all_preds length: 25000, all_targets length: 25000
2026-06-16 06:37:02,117 - debug - DEBUG - First 10 preds: [0, 1, 9, 1, 7, 7, 0, 6, 1, 0]
2026-06-16 06:37:02,117 - debug - DEBUG - First 10 targets: [0, 9, 9, 0, 4, 5, 0, 6, 1, 8]
2026-06-16 06:37:02,124 - debug - DEBUG - Unique predicted classes: 10 (first 10: [0 1 2 3 4 5 6 7 8 9])
2026-06-16 06:37:02,125 - debug - DEBUG - Unique target classes: 10 (first 10: [0 1 2 3 4 5 6 7 8 9])
2026-06-16 06:37:04,344 - debug - DEBUG - compute_metrics_and_record started for epoch 3
2026-06-16 06:37:04,344 - debug - DEBUG - all_preds length: 10000, all_targets length: 10000
2026-06-16 06:37:04,344 - debug - DEBUG - First 10 preds: [3, 8, 1, 8, 6, 3, 1, 2, 3, 1]
2026-06-16 06:37:04,344 - debug - DEBUG - First 10 targets: [3, 8, 8, 0, 6, 6, 1, 6, 3, 1]
2026-06-16 06:37:04,347 - debug - DEBUG - Unique predicted classes: 10 (first 10: [0 1 2 3 4 5 6 7 8 9])
2026-06-16 06:37:04,347 - debug - DEBUG - Unique target classes: 10 (first 10: [0 1 2 3 4 5 6 7 8 9])
2026-06-16 06:37:04,634 - debug - DEBUG - Device Check - Batch 0
2026-06-16 06:37:04,635 - debug - DEBUG -   Config GPU ID: 1
2026-06-16 06:37:04,635 - debug - DEBUG -   Input Device:  cuda:1
2026-06-16 06:37:04,635 - debug - DEBUG -   Target Device: cuda:1
2026-06-16 06:37:04,636 - debug - DEBUG -   Model Device:  cuda:1
2026-06-16 06:37:04,636 - debug - DEBUG -   Criterion Weight Device: No weights
2026-06-16 06:37:05,051 - debug - DEBUG - Batch 0 grad norm: 1.324148
2026-06-16 06:37:06,182 - debug - DEBUG - Batch 10 grad norm: 1.360405
2026-06-16 06:37:07,335 - debug - DEBUG - Batch 20 grad norm: 1.409905
2026-06-16 06:37:08,485 - debug - DEBUG - Batch 30 grad norm: 1.333986
2026-06-16 06:37:09,602 - debug - DEBUG - Batch 40 grad norm: 1.552726
2026-06-16 06:37:10,733 - debug - DEBUG - Batch 50 grad norm: 1.383108
2026-06-16 06:37:11,822 - debug - DEBUG - Batch 60 grad norm: 1.353572
2026-06-16 06:37:12,977 - debug - DEBUG - Batch 70 grad norm: 1.258180
2026-06-16 06:37:14,129 - debug - DEBUG - Batch 80 grad norm: 1.352112
2026-06-16 06:37:15,258 - debug - DEBUG - Batch 90 grad norm: 1.129628
2026-06-16 06:37:16,393 - debug - DEBUG - Batch 100 grad norm: 1.371315
2026-06-16 06:37:17,528 - debug - DEBUG - Batch 110 grad norm: 1.038290
2026-06-16 06:37:18,649 - debug - DEBUG - Batch 120 grad norm: 1.134353
2026-06-16 06:37:19,767 - debug - DEBUG - Batch 130 grad norm: 1.365867
2026-06-16 06:37:20,907 - debug - DEBUG - Batch 140 grad norm: 0.884738
2026-06-16 06:37:22,047 - debug - DEBUG - Batch 150 grad norm: 1.174854
2026-06-16 06:37:23,187 - debug - DEBUG - Batch 160 grad norm: 1.378551
2026-06-16 06:37:24,320 - debug - DEBUG - Batch 170 grad norm: 1.228505
2026-06-16 06:37:25,470 - debug - DEBUG - Batch 180 grad norm: 1.122438
2026-06-16 06:37:26,611 - debug - DEBUG - Batch 190 grad norm: 1.239603
2026-06-16 06:37:26,951 - debug - DEBUG - compute_metrics_and_record started for epoch 4
2026-06-16 06:37:26,952 - debug - DEBUG - all_preds length: 25000, all_targets length: 25000
2026-06-16 06:37:26,952 - debug - DEBUG - First 10 preds: [6, 3, 5, 4, 8, 7, 4, 6, 6, 0]
2026-06-16 06:37:26,952 - debug - DEBUG - First 10 targets: [6, 2, 5, 4, 8, 7, 4, 6, 6, 0]
2026-06-16 06:37:26,958 - debug - DEBUG - Unique predicted classes: 10 (first 10: [0 1 2 3 4 5 6 7 8 9])
2026-06-16 06:37:26,958 - debug - DEBUG - Unique target classes: 10 (first 10: [0 1 2 3 4 5 6 7 8 9])
2026-06-16 06:37:29,261 - debug - DEBUG - compute_metrics_and_record started for epoch 4
2026-06-16 06:37:29,261 - debug - DEBUG - all_preds length: 10000, all_targets length: 10000
2026-06-16 06:37:29,262 - debug - DEBUG - First 10 preds: [9, 1, 1, 1, 3, 3, 9, 2, 5, 1]
2026-06-16 06:37:29,262 - debug - DEBUG - First 10 targets: [3, 8, 8, 0, 6, 6, 1, 6, 3, 1]
2026-06-16 06:37:29,264 - debug - DEBUG - Unique predicted classes: 10 (first 10: [0 1 2 3 4 5 6 7 8 9])
2026-06-16 06:37:29,264 - debug - DEBUG - Unique target classes: 10 (first 10: [0 1 2 3 4 5 6 7 8 9])
2026-06-16 06:37:29,546 - debug - DEBUG - Device Check - Batch 0
2026-06-16 06:37:29,546 - debug - DEBUG -   Config GPU ID: 1
2026-06-16 06:37:29,546 - debug - DEBUG -   Input Device:  cuda:1
2026-06-16 06:37:29,547 - debug - DEBUG -   Target Device: cuda:1
2026-06-16 06:37:29,547 - debug - DEBUG -   Model Device:  cuda:1
2026-06-16 06:37:29,547 - debug - DEBUG -   Criterion Weight Device: No weights
2026-06-16 06:37:30,074 - debug - DEBUG - Batch 0 grad norm: 0.921004
2026-06-16 06:37:31,187 - debug - DEBUG - Batch 10 grad norm: 1.116555
2026-06-16 06:37:32,321 - debug - DEBUG - Batch 20 grad norm: 1.233732
2026-06-16 06:37:33,330 - debug - DEBUG - Batch 30 grad norm: 1.194693
2026-06-16 06:37:34,490 - debug - DEBUG - Batch 40 grad norm: 1.041755
2026-06-16 06:37:35,654 - debug - DEBUG - Batch 50 grad norm: 1.021800
2026-06-16 06:37:36,736 - debug - DEBUG - Batch 60 grad norm: 0.970623
2026-06-16 06:37:37,839 - debug - DEBUG - Batch 70 grad norm: 1.150456
2026-06-16 06:37:38,967 - debug - DEBUG - Batch 80 grad norm: 1.127773
2026-06-16 06:37:40,108 - debug - DEBUG - Batch 90 grad norm: 1.130364
2026-06-16 06:37:41,103 - debug - DEBUG - Batch 100 grad norm: 1.172724
2026-06-16 06:37:42,319 - debug - DEBUG - Batch 110 grad norm: 1.005354
2026-06-16 06:37:43,316 - debug - DEBUG - Batch 120 grad norm: 0.901714
2026-06-16 06:37:44,445 - debug - DEBUG - Batch 130 grad norm: 1.071184
2026-06-16 06:37:45,563 - debug - DEBUG - Batch 140 grad norm: 1.172862
2026-06-16 06:37:46,668 - debug - DEBUG - Batch 150 grad norm: 0.938485
2026-06-16 06:37:47,806 - debug - DEBUG - Batch 160 grad norm: 1.071348
2026-06-16 06:37:48,957 - debug - DEBUG - Batch 170 grad norm: 1.400110
2026-06-16 06:37:50,090 - debug - DEBUG - Batch 180 grad norm: 1.181863
2026-06-16 06:37:51,263 - debug - DEBUG - Batch 190 grad norm: 1.078814
2026-06-16 06:37:51,715 - debug - DEBUG - compute_metrics_and_record started for epoch 5
2026-06-16 06:37:51,715 - debug - DEBUG - all_preds length: 25000, all_targets length: 25000
2026-06-16 06:37:51,716 - debug - DEBUG - First 10 preds: [1, 7, 6, 6, 6, 6, 0, 6, 9, 2]
2026-06-16 06:37:51,716 - debug - DEBUG - First 10 targets: [1, 7, 6, 4, 6, 6, 0, 6, 9, 2]
2026-06-16 06:37:51,725 - debug - DEBUG - Unique predicted classes: 10 (first 10: [0 1 2 3 4 5 6 7 8 9])
2026-06-16 06:37:51,726 - debug - DEBUG - Unique target classes: 10 (first 10: [0 1 2 3 4 5 6 7 8 9])
2026-06-16 06:37:54,129 - debug - DEBUG - compute_metrics_and_record started for epoch 5
2026-06-16 06:37:54,130 - debug - DEBUG - all_preds length: 10000, all_targets length: 10000
2026-06-16 06:37:54,130 - debug - DEBUG - First 10 preds: [9, 1, 1, 0, 6, 3, 9, 2, 3, 1]
2026-06-16 06:37:54,130 - debug - DEBUG - First 10 targets: [3, 8, 8, 0, 6, 6, 1, 6, 3, 1]
2026-06-16 06:37:54,133 - debug - DEBUG - Unique predicted classes: 10 (first 10: [0 1 2 3 4 5 6 7 8 9])
2026-06-16 06:37:54,133 - debug - DEBUG - Unique target classes: 10 (first 10: [0 1 2 3 4 5 6 7 8 9])
2026-06-16 06:37:54,421 - debug - DEBUG - Device Check - Batch 0
2026-06-16 06:37:54,422 - debug - DEBUG -   Config GPU ID: 1
2026-06-16 06:37:54,422 - debug - DEBUG -   Input Device:  cuda:1
2026-06-16 06:37:54,422 - debug - DEBUG -   Target Device: cuda:1
2026-06-16 06:37:54,422 - debug - DEBUG -   Model Device:  cuda:1
2026-06-16 06:37:54,423 - debug - DEBUG -   Criterion Weight Device: No weights
2026-06-16 06:37:55,012 - debug - DEBUG - Batch 0 grad norm: 1.066278
2026-06-16 06:37:56,161 - debug - DEBUG - Batch 10 grad norm: 0.984797
2026-06-16 06:37:57,320 - debug - DEBUG - Batch 20 grad norm: 1.151765
2026-06-16 06:37:58,443 - debug - DEBUG - Batch 30 grad norm: 0.976642
2026-06-16 06:37:59,577 - debug - DEBUG - Batch 40 grad norm: 1.110169
2026-06-16 06:38:00,699 - debug - DEBUG - Batch 50 grad norm: 1.210190
2026-06-16 06:38:01,823 - debug - DEBUG - Batch 60 grad norm: 1.258568
2026-06-16 06:38:02,959 - debug - DEBUG - Batch 70 grad norm: 1.292898
2026-06-16 06:38:04,081 - debug - DEBUG - Batch 80 grad norm: 1.057226
2026-06-16 06:38:05,228 - debug - DEBUG - Batch 90 grad norm: 1.201125
2026-06-16 06:38:06,382 - debug - DEBUG - Batch 100 grad norm: 0.858120
2026-06-16 06:38:07,378 - debug - DEBUG - Batch 110 grad norm: 1.106130
2026-06-16 06:38:08,584 - debug - DEBUG - Batch 120 grad norm: 1.112297
2026-06-16 06:38:09,657 - debug - DEBUG - Batch 130 grad norm: 1.036950
2026-06-16 06:38:10,702 - debug - DEBUG - Batch 140 grad norm: 1.106939
2026-06-16 06:38:11,787 - debug - DEBUG - Batch 150 grad norm: 1.075077
2026-06-16 06:38:12,902 - debug - DEBUG - Batch 160 grad norm: 1.084185
2026-06-16 06:38:14,013 - debug - DEBUG - Batch 170 grad norm: 0.942932
2026-06-16 06:38:15,115 - debug - DEBUG - Batch 180 grad norm: 1.109084
2026-06-16 06:38:16,206 - debug - DEBUG - Batch 190 grad norm: 1.022284
2026-06-16 06:38:16,583 - debug - DEBUG - compute_metrics_and_record started for epoch 6
2026-06-16 06:38:16,583 - debug - DEBUG - all_preds length: 25000, all_targets length: 25000
2026-06-16 06:38:16,583 - debug - DEBUG - First 10 preds: [3, 2, 3, 0, 5, 3, 3, 8, 7, 4]
2026-06-16 06:38:16,584 - debug - DEBUG - First 10 targets: [0, 3, 3, 0, 5, 5, 3, 8, 5, 6]
2026-06-16 06:38:16,590 - debug - DEBUG - Unique predicted classes: 10 (first 10: [0 1 2 3 4 5 6 7 8 9])
2026-06-16 06:38:16,590 - debug - DEBUG - Unique target classes: 10 (first 10: [0 1 2 3 4 5 6 7 8 9])
2026-06-16 06:38:18,890 - debug - DEBUG - compute_metrics_and_record started for epoch 6
2026-06-16 06:38:18,890 - debug - DEBUG - all_preds length: 10000, all_targets length: 10000
2026-06-16 06:38:18,890 - debug - DEBUG - First 10 preds: [5, 8, 1, 8, 6, 6, 1, 2, 3, 6]
2026-06-16 06:38:18,890 - debug - DEBUG - First 10 targets: [3, 8, 8, 0, 6, 6, 1, 6, 3, 1]
2026-06-16 06:38:18,893 - debug - DEBUG - Unique predicted classes: 10 (first 10: [0 1 2 3 4 5 6 7 8 9])
2026-06-16 06:38:18,893 - debug - DEBUG - Unique target classes: 10 (first 10: [0 1 2 3 4 5 6 7 8 9])
2026-06-16 06:38:19,202 - debug - DEBUG - Device Check - Batch 0
2026-06-16 06:38:19,203 - debug - DEBUG -   Config GPU ID: 1
2026-06-16 06:38:19,203 - debug - DEBUG -   Input Device:  cuda:1
2026-06-16 06:38:19,203 - debug - DEBUG -   Target Device: cuda:1
2026-06-16 06:38:19,204 - debug - DEBUG -   Model Device:  cuda:1
2026-06-16 06:38:19,204 - debug - DEBUG -   Criterion Weight Device: No weights
2026-06-16 06:38:19,680 - debug - DEBUG - Batch 0 grad norm: 1.153952
2026-06-16 06:38:20,805 - debug - DEBUG - Batch 10 grad norm: 1.241967
2026-06-16 06:38:21,884 - debug - DEBUG - Batch 20 grad norm: 1.214356
2026-06-16 06:38:23,017 - debug - DEBUG - Batch 30 grad norm: 0.929817
2026-06-16 06:38:23,883 - debug - DEBUG - Batch 40 grad norm: 1.089259
2026-06-16 06:38:25,059 - debug - DEBUG - Batch 50 grad norm: 0.988324
2026-06-16 06:38:26,145 - debug - DEBUG - Batch 60 grad norm: 0.987197
2026-06-16 06:38:27,173 - debug - DEBUG - Batch 70 grad norm: 0.884837
2026-06-16 06:38:28,274 - debug - DEBUG - Batch 80 grad norm: 0.974616
2026-06-16 06:38:29,366 - debug - DEBUG - Batch 90 grad norm: 1.068526
2026-06-16 06:38:30,440 - debug - DEBUG - Batch 100 grad norm: 1.054355
2026-06-16 06:38:31,528 - debug - DEBUG - Batch 110 grad norm: 1.110707
2026-06-16 06:38:32,641 - debug - DEBUG - Batch 120 grad norm: 1.068376
2026-06-16 06:38:33,736 - debug - DEBUG - Batch 130 grad norm: 1.138424
2026-06-16 06:38:34,806 - debug - DEBUG - Batch 140 grad norm: 1.023796
2026-06-16 06:38:35,930 - debug - DEBUG - Batch 150 grad norm: 1.010049
2026-06-16 06:38:37,048 - debug - DEBUG - Batch 160 grad norm: 1.089519
2026-06-16 06:38:38,150 - debug - DEBUG - Batch 170 grad norm: 0.861347
2026-06-16 06:38:39,303 - debug - DEBUG - Batch 180 grad norm: 1.159341
2026-06-16 06:38:40,450 - debug - DEBUG - Batch 190 grad norm: 1.028590
2026-06-16 06:38:40,770 - debug - DEBUG - compute_metrics_and_record started for epoch 7
2026-06-16 06:38:40,771 - debug - DEBUG - all_preds length: 25000, all_targets length: 25000
2026-06-16 06:38:40,771 - debug - DEBUG - First 10 preds: [4, 9, 5, 7, 6, 1, 8, 7, 0, 3]
2026-06-16 06:38:40,771 - debug - DEBUG - First 10 targets: [4, 9, 3, 7, 6, 1, 8, 7, 0, 3]
2026-06-16 06:38:40,778 - debug - DEBUG - Unique predicted classes: 10 (first 10: [0 1 2 3 4 5 6 7 8 9])
2026-06-16 06:38:40,778 - debug - DEBUG - Unique target classes: 10 (first 10: [0 1 2 3 4 5 6 7 8 9])
2026-06-16 06:38:43,110 - debug - DEBUG - compute_metrics_and_record started for epoch 7
2026-06-16 06:38:43,110 - debug - DEBUG - all_preds length: 10000, all_targets length: 10000
2026-06-16 06:38:43,110 - debug - DEBUG - First 10 preds: [3, 1, 1, 8, 6, 3, 1, 2, 3, 1]
2026-06-16 06:38:43,110 - debug - DEBUG - First 10 targets: [3, 8, 8, 0, 6, 6, 1, 6, 3, 1]
2026-06-16 06:38:43,113 - debug - DEBUG - Unique predicted classes: 10 (first 10: [0 1 2 3 4 5 6 7 8 9])
2026-06-16 06:38:43,113 - debug - DEBUG - Unique target classes: 10 (first 10: [0 1 2 3 4 5 6 7 8 9])
2026-06-16 06:38:43,394 - debug - DEBUG - Device Check - Batch 0
2026-06-16 06:38:43,394 - debug - DEBUG -   Config GPU ID: 1
2026-06-16 06:38:43,395 - debug - DEBUG -   Input Device:  cuda:1
2026-06-16 06:38:43,395 - debug - DEBUG -   Target Device: cuda:1
2026-06-16 06:38:43,395 - debug - DEBUG -   Model Device:  cuda:1
2026-06-16 06:38:43,395 - debug - DEBUG -   Criterion Weight Device: No weights
2026-06-16 06:38:43,745 - debug - DEBUG - Batch 0 grad norm: 1.101879
2026-06-16 06:38:44,870 - debug - DEBUG - Batch 10 grad norm: 1.148092
2026-06-16 06:38:45,994 - debug - DEBUG - Batch 20 grad norm: 0.963902
2026-06-16 06:38:47,098 - debug - DEBUG - Batch 30 grad norm: 1.059123
2026-06-16 06:38:48,215 - debug - DEBUG - Batch 40 grad norm: 0.981178
2026-06-16 06:38:49,318 - debug - DEBUG - Batch 50 grad norm: 1.135584
2026-06-16 06:38:50,399 - debug - DEBUG - Batch 60 grad norm: 1.047221
2026-06-16 06:38:51,533 - debug - DEBUG - Batch 70 grad norm: 1.095500
2026-06-16 06:38:52,637 - debug - DEBUG - Batch 80 grad norm: 1.111384
2026-06-16 06:38:53,766 - debug - DEBUG - Batch 90 grad norm: 1.261954
2026-06-16 06:38:54,919 - debug - DEBUG - Batch 100 grad norm: 1.131577
2026-06-16 06:38:56,025 - debug - DEBUG - Batch 110 grad norm: 0.854749
2026-06-16 06:38:57,124 - debug - DEBUG - Batch 120 grad norm: 1.087865
2026-06-16 06:38:58,282 - debug - DEBUG - Batch 130 grad norm: 1.090453
2026-06-16 06:38:59,400 - debug - DEBUG - Batch 140 grad norm: 0.944380
2026-06-16 06:39:00,504 - debug - DEBUG - Batch 150 grad norm: 0.947825
2026-06-16 06:39:01,631 - debug - DEBUG - Batch 160 grad norm: 0.966827
2026-06-16 06:39:02,780 - debug - DEBUG - Batch 170 grad norm: 0.857324
2026-06-16 06:39:03,852 - debug - DEBUG - Batch 180 grad norm: 0.953785
2026-06-16 06:39:04,989 - debug - DEBUG - Batch 190 grad norm: 1.141817
2026-06-16 06:39:05,335 - debug - DEBUG - compute_metrics_and_record started for epoch 8
2026-06-16 06:39:05,335 - debug - DEBUG - all_preds length: 25000, all_targets length: 25000
2026-06-16 06:39:05,335 - debug - DEBUG - First 10 preds: [1, 8, 1, 2, 8, 7, 3, 8, 4, 7]
2026-06-16 06:39:05,335 - debug - DEBUG - First 10 targets: [1, 8, 1, 2, 8, 4, 3, 8, 4, 7]
2026-06-16 06:39:05,340 - debug - DEBUG - Unique predicted classes: 10 (first 10: [0 1 2 3 4 5 6 7 8 9])
2026-06-16 06:39:05,340 - debug - DEBUG - Unique target classes: 10 (first 10: [0 1 2 3 4 5 6 7 8 9])
2026-06-16 06:39:07,431 - debug - DEBUG - compute_metrics_and_record started for epoch 8
2026-06-16 06:39:07,432 - debug - DEBUG - all_preds length: 10000, all_targets length: 10000
2026-06-16 06:39:07,432 - debug - DEBUG - First 10 preds: [3, 8, 1, 1, 6, 5, 9, 4, 3, 9]
2026-06-16 06:39:07,432 - debug - DEBUG - First 10 targets: [3, 8, 8, 0, 6, 6, 1, 6, 3, 1]
2026-06-16 06:39:07,435 - debug - DEBUG - Unique predicted classes: 10 (first 10: [0 1 2 3 4 5 6 7 8 9])
2026-06-16 06:39:07,435 - debug - DEBUG - Unique target classes: 10 (first 10: [0 1 2 3 4 5 6 7 8 9])
2026-06-16 06:39:07,696 - debug - DEBUG - Device Check - Batch 0
2026-06-16 06:39:07,696 - debug - DEBUG -   Config GPU ID: 1
2026-06-16 06:39:07,696 - debug - DEBUG -   Input Device:  cuda:1
2026-06-16 06:39:07,697 - debug - DEBUG -   Target Device: cuda:1
2026-06-16 06:39:07,697 - debug - DEBUG -   Model Device:  cuda:1
2026-06-16 06:39:07,697 - debug - DEBUG -   Criterion Weight Device: No weights
2026-06-16 06:39:08,210 - debug - DEBUG - Batch 0 grad norm: 0.923450
2026-06-16 06:39:09,252 - debug - DEBUG - Batch 10 grad norm: 0.890506
2026-06-16 06:39:10,320 - debug - DEBUG - Batch 20 grad norm: 0.863402
2026-06-16 06:39:11,418 - debug - DEBUG - Batch 30 grad norm: 0.943413
2026-06-16 06:39:12,547 - debug - DEBUG - Batch 40 grad norm: 1.148238
2026-06-16 06:39:13,687 - debug - DEBUG - Batch 50 grad norm: 0.923993
2026-06-16 06:39:14,814 - debug - DEBUG - Batch 60 grad norm: 0.952518
2026-06-16 06:39:15,803 - debug - DEBUG - Batch 70 grad norm: 1.195306
2026-06-16 06:39:17,032 - debug - DEBUG - Batch 80 grad norm: 0.912552
2026-06-16 06:39:18,052 - debug - DEBUG - Batch 90 grad norm: 1.154238
2026-06-16 06:39:19,141 - debug - DEBUG - Batch 100 grad norm: 0.941314
2026-06-16 06:39:20,250 - debug - DEBUG - Batch 110 grad norm: 0.989056
2026-06-16 06:39:21,391 - debug - DEBUG - Batch 120 grad norm: 1.138976
2026-06-16 06:39:22,494 - debug - DEBUG - Batch 130 grad norm: 0.879378
2026-06-16 06:39:23,624 - debug - DEBUG - Batch 140 grad norm: 0.883904
2026-06-16 06:39:24,772 - debug - DEBUG - Batch 150 grad norm: 0.896173
2026-06-16 06:39:25,911 - debug - DEBUG - Batch 160 grad norm: 1.044647
2026-06-16 06:39:27,060 - debug - DEBUG - Batch 170 grad norm: 0.913433
2026-06-16 06:39:28,158 - debug - DEBUG - Batch 180 grad norm: 0.976606
2026-06-16 06:39:29,311 - debug - DEBUG - Batch 190 grad norm: 1.145090
2026-06-16 06:39:29,725 - debug - DEBUG - compute_metrics_and_record started for epoch 9
2026-06-16 06:39:29,725 - debug - DEBUG - all_preds length: 25000, all_targets length: 25000
2026-06-16 06:39:29,726 - debug - DEBUG - First 10 preds: [7, 0, 9, 7, 4, 1, 0, 7, 5, 1]
2026-06-16 06:39:29,726 - debug - DEBUG - First 10 targets: [7, 0, 9, 7, 4, 1, 0, 7, 5, 1]
2026-06-16 06:39:29,732 - debug - DEBUG - Unique predicted classes: 10 (first 10: [0 1 2 3 4 5 6 7 8 9])
2026-06-16 06:39:29,732 - debug - DEBUG - Unique target classes: 10 (first 10: [0 1 2 3 4 5 6 7 8 9])
2026-06-16 06:39:32,085 - debug - DEBUG - compute_metrics_and_record started for epoch 9
2026-06-16 06:39:32,086 - debug - DEBUG - all_preds length: 10000, all_targets length: 10000
2026-06-16 06:39:32,086 - debug - DEBUG - First 10 preds: [3, 8, 1, 8, 6, 6, 1, 6, 3, 1]
2026-06-16 06:39:32,086 - debug - DEBUG - First 10 targets: [3, 8, 8, 0, 6, 6, 1, 6, 3, 1]
2026-06-16 06:39:32,088 - debug - DEBUG - Unique predicted classes: 10 (first 10: [0 1 2 3 4 5 6 7 8 9])
2026-06-16 06:39:32,089 - debug - DEBUG - Unique target classes: 10 (first 10: [0 1 2 3 4 5 6 7 8 9])
2026-06-16 06:39:32,375 - debug - DEBUG - Device Check - Batch 0
2026-06-16 06:39:32,376 - debug - DEBUG -   Config GPU ID: 1
2026-06-16 06:39:32,376 - debug - DEBUG -   Input Device:  cuda:1
2026-06-16 06:39:32,376 - debug - DEBUG -   Target Device: cuda:1
2026-06-16 06:39:32,377 - debug - DEBUG -   Model Device:  cuda:1
2026-06-16 06:39:32,377 - debug - DEBUG -   Criterion Weight Device: No weights
2026-06-16 06:39:33,019 - debug - DEBUG - Batch 0 grad norm: 0.783761
2026-06-16 06:39:34,155 - debug - DEBUG - Batch 10 grad norm: 0.846955
2026-06-16 06:39:35,344 - debug - DEBUG - Batch 20 grad norm: 1.167504
2026-06-16 06:39:36,477 - debug - DEBUG - Batch 30 grad norm: 1.017654
2026-06-16 06:39:37,652 - debug - DEBUG - Batch 40 grad norm: 1.081571
2026-06-16 06:39:38,778 - debug - DEBUG - Batch 50 grad norm: 1.063949
2026-06-16 06:39:39,938 - debug - DEBUG - Batch 60 grad norm: 1.211632
2026-06-16 06:39:41,070 - debug - DEBUG - Batch 70 grad norm: 0.930284
2026-06-16 06:39:42,174 - debug - DEBUG - Batch 80 grad norm: 0.885108
2026-06-16 06:39:43,300 - debug - DEBUG - Batch 90 grad norm: 1.270819
2026-06-16 06:39:44,442 - debug - DEBUG - Batch 100 grad norm: 1.225016
2026-06-16 06:39:45,586 - debug - DEBUG - Batch 110 grad norm: 1.093468
2026-06-16 06:39:46,677 - debug - DEBUG - Batch 120 grad norm: 0.799155
2026-06-16 06:39:47,843 - debug - DEBUG - Batch 130 grad norm: 0.983120
2026-06-16 06:39:48,990 - debug - DEBUG - Batch 140 grad norm: 1.089954
2026-06-16 06:39:49,805 - debug - DEBUG - Batch 150 grad norm: 1.011183
2026-06-16 06:39:51,051 - debug - DEBUG - Batch 160 grad norm: 1.144940
2026-06-16 06:39:52,174 - debug - DEBUG - Batch 170 grad norm: 1.259509
2026-06-16 06:39:53,064 - debug - DEBUG - Batch 180 grad norm: 0.935836
2026-06-16 06:39:54,137 - debug - DEBUG - Batch 190 grad norm: 1.101879
2026-06-16 06:39:54,596 - debug - DEBUG - compute_metrics_and_record started for epoch 10
2026-06-16 06:39:54,596 - debug - DEBUG - all_preds length: 25000, all_targets length: 25000
2026-06-16 06:39:54,597 - debug - DEBUG - First 10 preds: [4, 0, 7, 4, 2, 5, 5, 8, 5, 1]
2026-06-16 06:39:54,597 - debug - DEBUG - First 10 targets: [5, 8, 7, 4, 2, 5, 5, 8, 5, 1]
2026-06-16 06:39:54,602 - debug - DEBUG - Unique predicted classes: 10 (first 10: [0 1 2 3 4 5 6 7 8 9])
2026-06-16 06:39:54,602 - debug - DEBUG - Unique target classes: 10 (first 10: [0 1 2 3 4 5 6 7 8 9])
2026-06-16 06:39:56,833 - debug - DEBUG - compute_metrics_and_record started for epoch 10
2026-06-16 06:39:56,833 - debug - DEBUG - all_preds length: 10000, all_targets length: 10000
2026-06-16 06:39:56,833 - debug - DEBUG - First 10 preds: [3, 1, 1, 8, 6, 5, 1, 6, 3, 1]
2026-06-16 06:39:56,833 - debug - DEBUG - First 10 targets: [3, 8, 8, 0, 6, 6, 1, 6, 3, 1]
2026-06-16 06:39:56,836 - debug - DEBUG - Unique predicted classes: 10 (first 10: [0 1 2 3 4 5 6 7 8 9])
2026-06-16 06:39:56,836 - debug - DEBUG - Unique target classes: 10 (first 10: [0 1 2 3 4 5 6 7 8 9])
2026-06-16 06:39:57,124 - debug - DEBUG - Device Check - Batch 0
2026-06-16 06:39:57,125 - debug - DEBUG -   Config GPU ID: 1
2026-06-16 06:39:57,125 - debug - DEBUG -   Input Device:  cuda:1
2026-06-16 06:39:57,125 - debug - DEBUG -   Target Device: cuda:1
2026-06-16 06:39:57,126 - debug - DEBUG -   Model Device:  cuda:1
2026-06-16 06:39:57,126 - debug - DEBUG -   Criterion Weight Device: No weights
2026-06-16 06:39:57,479 - debug - DEBUG - Batch 0 grad norm: 0.937055
2026-06-16 06:39:58,610 - debug - DEBUG - Batch 10 grad norm: 0.914815
2026-06-16 06:39:59,753 - debug - DEBUG - Batch 20 grad norm: 1.002535
2026-06-16 06:40:00,862 - debug - DEBUG - Batch 30 grad norm: 1.021430
2026-06-16 06:40:01,997 - debug - DEBUG - Batch 40 grad norm: 1.268171
2026-06-16 06:40:03,102 - debug - DEBUG - Batch 50 grad norm: 1.115368
2026-06-16 06:40:04,248 - debug - DEBUG - Batch 60 grad norm: 1.244311
2026-06-16 06:40:05,349 - debug - DEBUG - Batch 70 grad norm: 1.094824
2026-06-16 06:40:06,479 - debug - DEBUG - Batch 80 grad norm: 1.065727
2026-06-16 06:40:07,586 - debug - DEBUG - Batch 90 grad norm: 0.998417
2026-06-16 06:40:08,688 - debug - DEBUG - Batch 100 grad norm: 1.086523
2026-06-16 06:40:09,786 - debug - DEBUG - Batch 110 grad norm: 1.052249
2026-06-16 06:40:10,905 - debug - DEBUG - Batch 120 grad norm: 1.121814
2026-06-16 06:40:11,999 - debug - DEBUG - Batch 130 grad norm: 1.024666
2026-06-16 06:40:13,119 - debug - DEBUG - Batch 140 grad norm: 0.992650
2026-06-16 06:40:14,256 - debug - DEBUG - Batch 150 grad norm: 1.114509
2026-06-16 06:40:15,382 - debug - DEBUG - Batch 160 grad norm: 0.867530
2026-06-16 06:40:16,526 - debug - DEBUG - Batch 170 grad norm: 1.103752
2026-06-16 06:40:17,682 - debug - DEBUG - Batch 180 grad norm: 0.885122
2026-06-16 06:40:18,822 - debug - DEBUG - Batch 190 grad norm: 1.116769
2026-06-16 06:40:19,176 - debug - DEBUG - compute_metrics_and_record started for epoch 11
2026-06-16 06:40:19,177 - debug - DEBUG - all_preds length: 25000, all_targets length: 25000
2026-06-16 06:40:19,177 - debug - DEBUG - First 10 preds: [1, 4, 3, 1, 4, 8, 6, 0, 8, 1]
2026-06-16 06:40:19,177 - debug - DEBUG - First 10 targets: [1, 4, 9, 9, 4, 8, 6, 0, 8, 1]
2026-06-16 06:40:19,183 - debug - DEBUG - Unique predicted classes: 10 (first 10: [0 1 2 3 4 5 6 7 8 9])
2026-06-16 06:40:19,183 - debug - DEBUG - Unique target classes: 10 (first 10: [0 1 2 3 4 5 6 7 8 9])
2026-06-16 06:40:21,433 - debug - DEBUG - compute_metrics_and_record started for epoch 11
2026-06-16 06:40:21,433 - debug - DEBUG - all_preds length: 10000, all_targets length: 10000
2026-06-16 06:40:21,433 - debug - DEBUG - First 10 preds: [3, 8, 8, 1, 6, 6, 1, 2, 6, 1]
2026-06-16 06:40:21,433 - debug - DEBUG - First 10 targets: [3, 8, 8, 0, 6, 6, 1, 6, 3, 1]
2026-06-16 06:40:21,436 - debug - DEBUG - Unique predicted classes: 10 (first 10: [0 1 2 3 4 5 6 7 8 9])
2026-06-16 06:40:21,436 - debug - DEBUG - Unique target classes: 10 (first 10: [0 1 2 3 4 5 6 7 8 9])
2026-06-16 06:40:21,724 - debug - DEBUG - Device Check - Batch 0
2026-06-16 06:40:21,725 - debug - DEBUG -   Config GPU ID: 1
2026-06-16 06:40:21,725 - debug - DEBUG -   Input Device:  cuda:1
2026-06-16 06:40:21,726 - debug - DEBUG -   Target Device: cuda:1
2026-06-16 06:40:21,726 - debug - DEBUG -   Model Device:  cuda:1
2026-06-16 06:40:21,726 - debug - DEBUG -   Criterion Weight Device: No weights
2026-06-16 06:40:22,235 - debug - DEBUG - Batch 0 grad norm: 1.034544
2026-06-16 06:40:23,322 - debug - DEBUG - Batch 10 grad norm: 1.128751
2026-06-16 06:40:24,433 - debug - DEBUG - Batch 20 grad norm: 1.056078
2026-06-16 06:40:25,638 - debug - DEBUG - Batch 30 grad norm: 1.207213
2026-06-16 06:40:26,605 - debug - DEBUG - Batch 40 grad norm: 1.297327
2026-06-16 06:40:27,721 - debug - DEBUG - Batch 50 grad norm: 0.975814
2026-06-16 06:40:28,800 - debug - DEBUG - Batch 60 grad norm: 1.229136
2026-06-16 06:40:29,905 - debug - DEBUG - Batch 70 grad norm: 1.095486
2026-06-16 06:40:31,035 - debug - DEBUG - Batch 80 grad norm: 0.964061
2026-06-16 06:40:32,139 - debug - DEBUG - Batch 90 grad norm: 1.124514
2026-06-16 06:40:33,231 - debug - DEBUG - Batch 100 grad norm: 0.867525
2026-06-16 06:40:34,307 - debug - DEBUG - Batch 110 grad norm: 1.021640
2026-06-16 06:40:35,512 - debug - DEBUG - Batch 120 grad norm: 1.261242
2026-06-16 06:40:36,425 - debug - DEBUG - Batch 130 grad norm: 0.882556
2026-06-16 06:40:37,560 - debug - DEBUG - Batch 140 grad norm: 1.174866
2026-06-16 06:40:38,655 - debug - DEBUG - Batch 150 grad norm: 1.124746
2026-06-16 06:40:39,770 - debug - DEBUG - Batch 160 grad norm: 1.064367
2026-06-16 06:40:40,894 - debug - DEBUG - Batch 170 grad norm: 0.952489
2026-06-16 06:40:42,011 - debug - DEBUG - Batch 180 grad norm: 1.120062
2026-06-16 06:40:43,105 - debug - DEBUG - Batch 190 grad norm: 0.971232
2026-06-16 06:40:43,450 - debug - DEBUG - compute_metrics_and_record started for epoch 12
2026-06-16 06:40:43,451 - debug - DEBUG - all_preds length: 25000, all_targets length: 25000
2026-06-16 06:40:43,451 - debug - DEBUG - First 10 preds: [4, 9, 5, 5, 3, 4, 2, 8, 4, 4]
2026-06-16 06:40:43,451 - debug - DEBUG - First 10 targets: [4, 9, 5, 3, 3, 4, 2, 8, 4, 4]
2026-06-16 06:40:43,457 - debug - DEBUG - Unique predicted classes: 10 (first 10: [0 1 2 3 4 5 6 7 8 9])
2026-06-16 06:40:43,457 - debug - DEBUG - Unique target classes: 10 (first 10: [0 1 2 3 4 5 6 7 8 9])
2026-06-16 06:40:45,738 - debug - DEBUG - compute_metrics_and_record started for epoch 12
2026-06-16 06:40:45,739 - debug - DEBUG - all_preds length: 10000, all_targets length: 10000
2026-06-16 06:40:45,739 - debug - DEBUG - First 10 preds: [3, 8, 1, 8, 6, 6, 9, 2, 3, 1]
2026-06-16 06:40:45,739 - debug - DEBUG - First 10 targets: [3, 8, 8, 0, 6, 6, 1, 6, 3, 1]
2026-06-16 06:40:45,741 - debug - DEBUG - Unique predicted classes: 10 (first 10: [0 1 2 3 4 5 6 7 8 9])
2026-06-16 06:40:45,741 - debug - DEBUG - Unique target classes: 10 (first 10: [0 1 2 3 4 5 6 7 8 9])
2026-06-16 06:40:46,027 - debug - DEBUG - Device Check - Batch 0
2026-06-16 06:40:46,028 - debug - DEBUG -   Config GPU ID: 1
2026-06-16 06:40:46,028 - debug - DEBUG -   Input Device:  cuda:1
2026-06-16 06:40:46,029 - debug - DEBUG -   Target Device: cuda:1
2026-06-16 06:40:46,029 - debug - DEBUG -   Model Device:  cuda:1
2026-06-16 06:40:46,029 - debug - DEBUG -   Criterion Weight Device: No weights
2026-06-16 06:40:46,526 - debug - DEBUG - Batch 0 grad norm: 0.882054
2026-06-16 06:40:47,671 - debug - DEBUG - Batch 10 grad norm: 1.022318
2026-06-16 06:40:48,758 - debug - DEBUG - Batch 20 grad norm: 1.112642
2026-06-16 06:40:49,863 - debug - DEBUG - Batch 30 grad norm: 1.070445
2026-06-16 06:40:50,952 - debug - DEBUG - Batch 40 grad norm: 1.140992
2026-06-16 06:40:52,052 - debug - DEBUG - Batch 50 grad norm: 1.103869
2026-06-16 06:40:53,176 - debug - DEBUG - Batch 60 grad norm: 1.187873
2026-06-16 06:40:54,290 - debug - DEBUG - Batch 70 grad norm: 1.038793
2026-06-16 06:40:55,359 - debug - DEBUG - Batch 80 grad norm: 0.850820
2026-06-16 06:40:56,489 - debug - DEBUG - Batch 90 grad norm: 1.035699
2026-06-16 06:40:57,633 - debug - DEBUG - Batch 100 grad norm: 0.985529
2026-06-16 06:40:58,740 - debug - DEBUG - Batch 110 grad norm: 1.022850
2026-06-16 06:40:59,958 - debug - DEBUG - Batch 120 grad norm: 1.079734
2026-06-16 06:41:00,920 - debug - DEBUG - Batch 130 grad norm: 0.912986
2026-06-16 06:41:02,038 - debug - DEBUG - Batch 140 grad norm: 0.952499
2026-06-16 06:41:03,104 - debug - DEBUG - Batch 150 grad norm: 1.019726
2026-06-16 06:41:04,242 - debug - DEBUG - Batch 160 grad norm: 0.988204
2026-06-16 06:41:05,366 - debug - DEBUG - Batch 170 grad norm: 1.190042
2026-06-16 06:41:06,484 - debug - DEBUG - Batch 180 grad norm: 1.213398
2026-06-16 06:41:07,619 - debug - DEBUG - Batch 190 grad norm: 1.134049
2026-06-16 06:41:08,019 - debug - DEBUG - compute_metrics_and_record started for epoch 13
2026-06-16 06:41:08,020 - debug - DEBUG - all_preds length: 25000, all_targets length: 25000
2026-06-16 06:41:08,020 - debug - DEBUG - First 10 preds: [3, 9, 4, 1, 0, 9, 6, 3, 9, 9]
2026-06-16 06:41:08,020 - debug - DEBUG - First 10 targets: [3, 9, 4, 1, 0, 9, 6, 3, 9, 9]
2026-06-16 06:41:08,028 - debug - DEBUG - Unique predicted classes: 10 (first 10: [0 1 2 3 4 5 6 7 8 9])
2026-06-16 06:41:08,029 - debug - DEBUG - Unique target classes: 10 (first 10: [0 1 2 3 4 5 6 7 8 9])
2026-06-16 06:41:10,315 - debug - DEBUG - compute_metrics_and_record started for epoch 13
2026-06-16 06:41:10,316 - debug - DEBUG - all_preds length: 10000, all_targets length: 10000
2026-06-16 06:41:10,316 - debug - DEBUG - First 10 preds: [5, 8, 1, 8, 6, 5, 1, 6, 5, 1]
2026-06-16 06:41:10,316 - debug - DEBUG - First 10 targets: [3, 8, 8, 0, 6, 6, 1, 6, 3, 1]
2026-06-16 06:41:10,319 - debug - DEBUG - Unique predicted classes: 10 (first 10: [0 1 2 3 4 5 6 7 8 9])
2026-06-16 06:41:10,319 - debug - DEBUG - Unique target classes: 10 (first 10: [0 1 2 3 4 5 6 7 8 9])
2026-06-16 06:41:10,613 - debug - DEBUG - Device Check - Batch 0
2026-06-16 06:41:10,613 - debug - DEBUG -   Config GPU ID: 1
2026-06-16 06:41:10,614 - debug - DEBUG -   Input Device:  cuda:1
2026-06-16 06:41:10,614 - debug - DEBUG -   Target Device: cuda:1
2026-06-16 06:41:10,614 - debug - DEBUG -   Model Device:  cuda:1
2026-06-16 06:41:10,614 - debug - DEBUG -   Criterion Weight Device: No weights
2026-06-16 06:41:11,127 - debug - DEBUG - Batch 0 grad norm: 0.864736
2026-06-16 06:41:12,256 - debug - DEBUG - Batch 10 grad norm: 0.927410
2026-06-16 06:41:13,349 - debug - DEBUG - Batch 20 grad norm: 0.923682
2026-06-16 06:41:14,491 - debug - DEBUG - Batch 30 grad norm: 0.765286
2026-06-16 06:41:15,601 - debug - DEBUG - Batch 40 grad norm: 1.210024
2026-06-16 06:41:16,611 - debug - DEBUG - Batch 50 grad norm: 0.973155
2026-06-16 06:41:17,741 - debug - DEBUG - Batch 60 grad norm: 1.019064
2026-06-16 06:41:18,935 - debug - DEBUG - Batch 70 grad norm: 1.107025
2026-06-16 06:41:19,870 - debug - DEBUG - Batch 80 grad norm: 0.981624
2026-06-16 06:41:20,965 - debug - DEBUG - Batch 90 grad norm: 0.994198
2026-06-16 06:41:22,099 - debug - DEBUG - Batch 100 grad norm: 0.877434
2026-06-16 06:41:23,224 - debug - DEBUG - Batch 110 grad norm: 1.117258
2026-06-16 06:41:24,348 - debug - DEBUG - Batch 120 grad norm: 0.967524
2026-06-16 06:41:25,433 - debug - DEBUG - Batch 130 grad norm: 1.011118
2026-06-16 06:41:26,591 - debug - DEBUG - Batch 140 grad norm: 1.243178
2026-06-16 06:41:27,723 - debug - DEBUG - Batch 150 grad norm: 0.898311
2026-06-16 06:41:28,864 - debug - DEBUG - Batch 160 grad norm: 0.998817
2026-06-16 06:41:29,983 - debug - DEBUG - Batch 170 grad norm: 1.033471
2026-06-16 06:41:31,130 - debug - DEBUG - Batch 180 grad norm: 0.925923
2026-06-16 06:41:32,223 - debug - DEBUG - Batch 190 grad norm: 0.854044
2026-06-16 06:41:32,532 - debug - DEBUG - compute_metrics_and_record started for epoch 14
2026-06-16 06:41:32,533 - debug - DEBUG - all_preds length: 25000, all_targets length: 25000
2026-06-16 06:41:32,533 - debug - DEBUG - First 10 preds: [6, 0, 8, 0, 4, 5, 6, 4, 5, 6]
2026-06-16 06:41:32,533 - debug - DEBUG - First 10 targets: [6, 0, 8, 0, 4, 4, 6, 4, 5, 6]
2026-06-16 06:41:32,539 - debug - DEBUG - Unique predicted classes: 10 (first 10: [0 1 2 3 4 5 6 7 8 9])
2026-06-16 06:41:32,539 - debug - DEBUG - Unique target classes: 10 (first 10: [0 1 2 3 4 5 6 7 8 9])
2026-06-16 06:41:34,837 - debug - DEBUG - compute_metrics_and_record started for epoch 14
2026-06-16 06:41:34,838 - debug - DEBUG - all_preds length: 10000, all_targets length: 10000
2026-06-16 06:41:34,838 - debug - DEBUG - First 10 preds: [3, 8, 8, 0, 6, 6, 1, 2, 4, 1]
2026-06-16 06:41:34,838 - debug - DEBUG - First 10 targets: [3, 8, 8, 0, 6, 6, 1, 6, 3, 1]
2026-06-16 06:41:34,840 - debug - DEBUG - Unique predicted classes: 10 (first 10: [0 1 2 3 4 5 6 7 8 9])
2026-06-16 06:41:34,840 - debug - DEBUG - Unique target classes: 10 (first 10: [0 1 2 3 4 5 6 7 8 9])
2026-06-16 06:41:35,127 - debug - DEBUG - Device Check - Batch 0
2026-06-16 06:41:35,128 - debug - DEBUG -   Config GPU ID: 1
2026-06-16 06:41:35,129 - debug - DEBUG -   Input Device:  cuda:1
2026-06-16 06:41:35,129 - debug - DEBUG -   Target Device: cuda:1
2026-06-16 06:41:35,129 - debug - DEBUG -   Model Device:  cuda:1
2026-06-16 06:41:35,129 - debug - DEBUG -   Criterion Weight Device: No weights
2026-06-16 06:41:35,580 - debug - DEBUG - Batch 0 grad norm: 0.977550
2026-06-16 06:41:36,670 - debug - DEBUG - Batch 10 grad norm: 0.968237
2026-06-16 06:41:37,795 - debug - DEBUG - Batch 20 grad norm: 1.070254
2026-06-16 06:41:38,936 - debug - DEBUG - Batch 30 grad norm: 0.980842
2026-06-16 06:41:40,054 - debug - DEBUG - Batch 40 grad norm: 1.048953
2026-06-16 06:41:41,189 - debug - DEBUG - Batch 50 grad norm: 0.979584
2026-06-16 06:41:42,301 - debug - DEBUG - Batch 60 grad norm: 1.142035
2026-06-16 06:41:43,435 - debug - DEBUG - Batch 70 grad norm: 0.924212
2026-06-16 06:41:44,576 - debug - DEBUG - Batch 80 grad norm: 0.930391
2026-06-16 06:41:45,714 - debug - DEBUG - Batch 90 grad norm: 0.957505
2026-06-16 06:41:46,810 - debug - DEBUG - Batch 100 grad norm: 1.251215
2026-06-16 06:41:47,924 - debug - DEBUG - Batch 110 grad norm: 1.112169
2026-06-16 06:41:49,014 - debug - DEBUG - Batch 120 grad norm: 1.115852
2026-06-16 06:41:50,147 - debug - DEBUG - Batch 130 grad norm: 0.942051
2026-06-16 06:41:51,201 - debug - DEBUG - Batch 140 grad norm: 1.033478
2026-06-16 06:41:52,298 - debug - DEBUG - Batch 150 grad norm: 1.057004
2026-06-16 06:41:53,396 - debug - DEBUG - Batch 160 grad norm: 0.901773
2026-06-16 06:41:54,529 - debug - DEBUG - Batch 170 grad norm: 1.269701
2026-06-16 06:41:55,619 - debug - DEBUG - Batch 180 grad norm: 1.102548
2026-06-16 06:41:56,756 - debug - DEBUG - Batch 190 grad norm: 1.046795
2026-06-16 06:41:57,180 - debug - DEBUG - compute_metrics_and_record started for epoch 15
2026-06-16 06:41:57,181 - debug - DEBUG - all_preds length: 25000, all_targets length: 25000
2026-06-16 06:41:57,181 - debug - DEBUG - First 10 preds: [8, 7, 1, 0, 5, 5, 2, 9, 5, 6]
2026-06-16 06:41:57,181 - debug - DEBUG - First 10 targets: [0, 7, 1, 1, 5, 3, 2, 9, 3, 3]
2026-06-16 06:41:57,190 - debug - DEBUG - Unique predicted classes: 10 (first 10: [0 1 2 3 4 5 6 7 8 9])
2026-06-16 06:41:57,191 - debug - DEBUG - Unique target classes: 10 (first 10: [0 1 2 3 4 5 6 7 8 9])
2026-06-16 06:41:59,373 - debug - DEBUG - compute_metrics_and_record started for epoch 15
2026-06-16 06:41:59,374 - debug - DEBUG - all_preds length: 10000, all_targets length: 10000
2026-06-16 06:41:59,374 - debug - DEBUG - First 10 preds: [3, 8, 1, 0, 6, 6, 1, 6, 3, 1]
2026-06-16 06:41:59,374 - debug - DEBUG - First 10 targets: [3, 8, 8, 0, 6, 6, 1, 6, 3, 1]
2026-06-16 06:41:59,376 - debug - DEBUG - Unique predicted classes: 10 (first 10: [0 1 2 3 4 5 6 7 8 9])
2026-06-16 06:41:59,377 - debug - DEBUG - Unique target classes: 10 (first 10: [0 1 2 3 4 5 6 7 8 9])
2026-06-16 06:41:59,628 - debug - DEBUG - Device Check - Batch 0
2026-06-16 06:41:59,629 - debug - DEBUG -   Config GPU ID: 1
2026-06-16 06:41:59,629 - debug - DEBUG -   Input Device:  cuda:1
2026-06-16 06:41:59,629 - debug - DEBUG -   Target Device: cuda:1
2026-06-16 06:41:59,629 - debug - DEBUG -   Model Device:  cuda:1
2026-06-16 06:41:59,629 - debug - DEBUG -   Criterion Weight Device: No weights
2026-06-16 06:42:00,050 - debug - DEBUG - Batch 0 grad norm: 0.885614
2026-06-16 06:42:01,157 - debug - DEBUG - Batch 10 grad norm: 0.701923
2026-06-16 06:42:02,395 - debug - DEBUG - Batch 20 grad norm: 1.144653
2026-06-16 06:42:03,363 - debug - DEBUG - Batch 30 grad norm: 1.056146
2026-06-16 06:42:04,500 - debug - DEBUG - Batch 40 grad norm: 1.110297
2026-06-16 06:42:05,625 - debug - DEBUG - Batch 50 grad norm: 0.884159
2026-06-16 06:42:06,579 - debug - DEBUG - Batch 60 grad norm: 0.897062
2026-06-16 06:42:07,786 - debug - DEBUG - Batch 70 grad norm: 0.939097
2026-06-16 06:42:08,864 - debug - DEBUG - Batch 80 grad norm: 1.187558
2026-06-16 06:42:09,953 - debug - DEBUG - Batch 90 grad norm: 0.986022
2026-06-16 06:42:11,076 - debug - DEBUG - Batch 100 grad norm: 1.213126
2026-06-16 06:42:12,200 - debug - DEBUG - Batch 110 grad norm: 1.126622
2026-06-16 06:42:13,317 - debug - DEBUG - Batch 120 grad norm: 1.295040
2026-06-16 06:42:14,399 - debug - DEBUG - Batch 130 grad norm: 0.839264
2026-06-16 06:42:15,539 - debug - DEBUG - Batch 140 grad norm: 0.990733
2026-06-16 06:42:16,671 - debug - DEBUG - Batch 150 grad norm: 0.785788
2026-06-16 06:42:17,811 - debug - DEBUG - Batch 160 grad norm: 0.957845
2026-06-16 06:42:18,970 - debug - DEBUG - Batch 170 grad norm: 1.055880
2026-06-16 06:42:20,076 - debug - DEBUG - Batch 180 grad norm: 0.870215
2026-06-16 06:42:21,234 - debug - DEBUG - Batch 190 grad norm: 1.172934
2026-06-16 06:42:21,591 - debug - DEBUG - compute_metrics_and_record started for epoch 16
2026-06-16 06:42:21,591 - debug - DEBUG - all_preds length: 25000, all_targets length: 25000
2026-06-16 06:42:21,592 - debug - DEBUG - First 10 preds: [2, 3, 3, 5, 8, 9, 5, 9, 0, 1]
2026-06-16 06:42:21,592 - debug - DEBUG - First 10 targets: [2, 3, 3, 5, 0, 9, 5, 0, 8, 1]
2026-06-16 06:42:21,598 - debug - DEBUG - Unique predicted classes: 10 (first 10: [0 1 2 3 4 5 6 7 8 9])
2026-06-16 06:42:21,599 - debug - DEBUG - Unique target classes: 10 (first 10: [0 1 2 3 4 5 6 7 8 9])
2026-06-16 06:42:23,958 - debug - DEBUG - compute_metrics_and_record started for epoch 16
2026-06-16 06:42:23,959 - debug - DEBUG - all_preds length: 10000, all_targets length: 10000
2026-06-16 06:42:23,959 - debug - DEBUG - First 10 preds: [3, 1, 9, 9, 6, 3, 1, 2, 3, 9]
2026-06-16 06:42:23,959 - debug - DEBUG - First 10 targets: [3, 8, 8, 0, 6, 6, 1, 6, 3, 1]
2026-06-16 06:42:23,961 - debug - DEBUG - Unique predicted classes: 10 (first 10: [0 1 2 3 4 5 6 7 8 9])
2026-06-16 06:42:23,961 - debug - DEBUG - Unique target classes: 10 (first 10: [0 1 2 3 4 5 6 7 8 9])
2026-06-16 06:42:24,255 - debug - DEBUG - Device Check - Batch 0
2026-06-16 06:42:24,256 - debug - DEBUG -   Config GPU ID: 1
2026-06-16 06:42:24,256 - debug - DEBUG -   Input Device:  cuda:1
2026-06-16 06:42:24,256 - debug - DEBUG -   Target Device: cuda:1
2026-06-16 06:42:24,256 - debug - DEBUG -   Model Device:  cuda:1
2026-06-16 06:42:24,256 - debug - DEBUG -   Criterion Weight Device: No weights
2026-06-16 06:42:24,832 - debug - DEBUG - Batch 0 grad norm: 0.967253
2026-06-16 06:42:25,976 - debug - DEBUG - Batch 10 grad norm: 1.317432
2026-06-16 06:42:27,123 - debug - DEBUG - Batch 20 grad norm: 0.884489
2026-06-16 06:42:28,235 - debug - DEBUG - Batch 30 grad norm: 1.121223
2026-06-16 06:42:29,370 - debug - DEBUG - Batch 40 grad norm: 0.962518
2026-06-16 06:42:30,522 - debug - DEBUG - Batch 50 grad norm: 1.019530
2026-06-16 06:42:31,661 - debug - DEBUG - Batch 60 grad norm: 1.223668
2026-06-16 06:42:32,785 - debug - DEBUG - Batch 70 grad norm: 0.867938
2026-06-16 06:42:33,926 - debug - DEBUG - Batch 80 grad norm: 1.136173
2026-06-16 06:42:35,001 - debug - DEBUG - Batch 90 grad norm: 0.919491
2026-06-16 06:42:36,086 - debug - DEBUG - Batch 100 grad norm: 0.790315
2026-06-16 06:42:37,191 - debug - DEBUG - Batch 110 grad norm: 0.936414
2026-06-16 06:42:38,354 - debug - DEBUG - Batch 120 grad norm: 1.261120
2026-06-16 06:42:39,500 - debug - DEBUG - Batch 130 grad norm: 1.115907
2026-06-16 06:42:40,623 - debug - DEBUG - Batch 140 grad norm: 1.181813
2026-06-16 06:42:41,818 - debug - DEBUG - Batch 150 grad norm: 1.055824
2026-06-16 06:42:42,998 - debug - DEBUG - Batch 160 grad norm: 1.220828
2026-06-16 06:42:43,886 - debug - DEBUG - Batch 170 grad norm: 1.411847
2026-06-16 06:42:45,132 - debug - DEBUG - Batch 180 grad norm: 0.980105
2026-06-16 06:42:46,165 - debug - DEBUG - Batch 190 grad norm: 1.118335
2026-06-16 06:42:46,542 - debug - DEBUG - compute_metrics_and_record started for epoch 17
2026-06-16 06:42:46,542 - debug - DEBUG - all_preds length: 25000, all_targets length: 25000
2026-06-16 06:42:46,542 - debug - DEBUG - First 10 preds: [5, 8, 5, 2, 2, 3, 1, 1, 6, 5]
2026-06-16 06:42:46,543 - debug - DEBUG - First 10 targets: [5, 8, 2, 2, 4, 3, 1, 1, 6, 5]
2026-06-16 06:42:46,548 - debug - DEBUG - Unique predicted classes: 10 (first 10: [0 1 2 3 4 5 6 7 8 9])
2026-06-16 06:42:46,548 - debug - DEBUG - Unique target classes: 10 (first 10: [0 1 2 3 4 5 6 7 8 9])
2026-06-16 06:42:48,896 - debug - DEBUG - compute_metrics_and_record started for epoch 17
2026-06-16 06:42:48,896 - debug - DEBUG - all_preds length: 10000, all_targets length: 10000
2026-06-16 06:42:48,896 - debug - DEBUG - First 10 preds: [3, 8, 1, 8, 6, 3, 1, 6, 3, 9]
2026-06-16 06:42:48,896 - debug - DEBUG - First 10 targets: [3, 8, 8, 0, 6, 6, 1, 6, 3, 1]
2026-06-16 06:42:48,899 - debug - DEBUG - Unique predicted classes: 10 (first 10: [0 1 2 3 4 5 6 7 8 9])
2026-06-16 06:42:48,899 - debug - DEBUG - Unique target classes: 10 (first 10: [0 1 2 3 4 5 6 7 8 9])
2026-06-16 06:42:49,178 - debug - DEBUG - Device Check - Batch 0
2026-06-16 06:42:49,179 - debug - DEBUG -   Config GPU ID: 1
2026-06-16 06:42:49,179 - debug - DEBUG -   Input Device:  cuda:1
2026-06-16 06:42:49,179 - debug - DEBUG -   Target Device: cuda:1
2026-06-16 06:42:49,179 - debug - DEBUG -   Model Device:  cuda:1
2026-06-16 06:42:49,179 - debug - DEBUG -   Criterion Weight Device: No weights
2026-06-16 06:42:49,766 - debug - DEBUG - Batch 0 grad norm: 1.121792
2026-06-16 06:42:50,891 - debug - DEBUG - Batch 10 grad norm: 1.014851
2026-06-16 06:42:52,039 - debug - DEBUG - Batch 20 grad norm: 1.053005
2026-06-16 06:42:53,149 - debug - DEBUG - Batch 30 grad norm: 0.954394
2026-06-16 06:42:54,287 - debug - DEBUG - Batch 40 grad norm: 1.037572
2026-06-16 06:42:55,407 - debug - DEBUG - Batch 50 grad norm: 1.007267
2026-06-16 06:42:56,521 - debug - DEBUG - Batch 60 grad norm: 0.991597
2026-06-16 06:42:57,668 - debug - DEBUG - Batch 70 grad norm: 1.011920
2026-06-16 06:42:58,800 - debug - DEBUG - Batch 80 grad norm: 1.152825
2026-06-16 06:42:59,944 - debug - DEBUG - Batch 90 grad norm: 0.994299
2026-06-16 06:43:01,109 - debug - DEBUG - Batch 100 grad norm: 1.197863
2026-06-16 06:43:02,268 - debug - DEBUG - Batch 110 grad norm: 1.193078
2026-06-16 06:43:03,410 - debug - DEBUG - Batch 120 grad norm: 0.967723
2026-06-16 06:43:04,550 - debug - DEBUG - Batch 130 grad norm: 1.101359
2026-06-16 06:43:05,649 - debug - DEBUG - Batch 140 grad norm: 1.026994
2026-06-16 06:43:06,794 - debug - DEBUG - Batch 150 grad norm: 0.957034
2026-06-16 06:43:07,971 - debug - DEBUG - Batch 160 grad norm: 0.896788
2026-06-16 06:43:09,116 - debug - DEBUG - Batch 170 grad norm: 1.082050
2026-06-16 06:43:10,299 - debug - DEBUG - Batch 180 grad norm: 1.298651
2026-06-16 06:43:11,445 - debug - DEBUG - Batch 190 grad norm: 1.100534
2026-06-16 06:43:11,776 - debug - DEBUG - compute_metrics_and_record started for epoch 18
2026-06-16 06:43:11,776 - debug - DEBUG - all_preds length: 25000, all_targets length: 25000
2026-06-16 06:43:11,776 - debug - DEBUG - First 10 preds: [3, 7, 6, 5, 0, 4, 3, 1, 1, 7]
2026-06-16 06:43:11,776 - debug - DEBUG - First 10 targets: [3, 7, 8, 5, 0, 5, 3, 1, 1, 7]
2026-06-16 06:43:11,783 - debug - DEBUG - Unique predicted classes: 10 (first 10: [0 1 2 3 4 5 6 7 8 9])
2026-06-16 06:43:11,783 - debug - DEBUG - Unique target classes: 10 (first 10: [0 1 2 3 4 5 6 7 8 9])
2026-06-16 06:43:14,109 - debug - DEBUG - compute_metrics_and_record started for epoch 18
2026-06-16 06:43:14,109 - debug - DEBUG - all_preds length: 10000, all_targets length: 10000
2026-06-16 06:43:14,109 - debug - DEBUG - First 10 preds: [3, 8, 1, 8, 6, 6, 9, 2, 3, 1]
2026-06-16 06:43:14,109 - debug - DEBUG - First 10 targets: [3, 8, 8, 0, 6, 6, 1, 6, 3, 1]
2026-06-16 06:43:14,112 - debug - DEBUG - Unique predicted classes: 10 (first 10: [0 1 2 3 4 5 6 7 8 9])
2026-06-16 06:43:14,112 - debug - DEBUG - Unique target classes: 10 (first 10: [0 1 2 3 4 5 6 7 8 9])
2026-06-16 06:43:14,422 - debug - DEBUG - Device Check - Batch 0
2026-06-16 06:43:14,423 - debug - DEBUG -   Config GPU ID: 1
2026-06-16 06:43:14,423 - debug - DEBUG -   Input Device:  cuda:1
2026-06-16 06:43:14,423 - debug - DEBUG -   Target Device: cuda:1
2026-06-16 06:43:14,424 - debug - DEBUG -   Model Device:  cuda:1
2026-06-16 06:43:14,424 - debug - DEBUG -   Criterion Weight Device: No weights
2026-06-16 06:43:14,880 - debug - DEBUG - Batch 0 grad norm: 0.811777
2026-06-16 06:43:16,128 - debug - DEBUG - Batch 10 grad norm: 1.041329
2026-06-16 06:43:17,178 - debug - DEBUG - Batch 20 grad norm: 0.958868
2026-06-16 06:43:18,279 - debug - DEBUG - Batch 30 grad norm: 1.219214
2026-06-16 06:43:19,427 - debug - DEBUG - Batch 40 grad norm: 0.989592
2026-06-16 06:43:20,513 - debug - DEBUG - Batch 50 grad norm: 1.063075
2026-06-16 06:43:21,658 - debug - DEBUG - Batch 60 grad norm: 1.060123
2026-06-16 06:43:22,795 - debug - DEBUG - Batch 70 grad norm: 1.090511
2026-06-16 06:43:23,938 - debug - DEBUG - Batch 80 grad norm: 0.940256
2026-06-16 06:43:25,091 - debug - DEBUG - Batch 90 grad norm: 1.007297
2026-06-16 06:43:26,227 - debug - DEBUG - Batch 100 grad norm: 1.232503
2026-06-16 06:43:27,210 - debug - DEBUG - Batch 110 grad norm: 1.069160
2026-06-16 06:43:28,444 - debug - DEBUG - Batch 120 grad norm: 1.002622
2026-06-16 06:43:29,469 - debug - DEBUG - Batch 130 grad norm: 1.109774
2026-06-16 06:43:30,534 - debug - DEBUG - Batch 140 grad norm: 1.003331
2026-06-16 06:43:31,668 - debug - DEBUG - Batch 150 grad norm: 0.972818
2026-06-16 06:43:32,786 - debug - DEBUG - Batch 160 grad norm: 0.877548
2026-06-16 06:43:33,952 - debug - DEBUG - Batch 170 grad norm: 1.079998
2026-06-16 06:43:35,061 - debug - DEBUG - Batch 180 grad norm: 1.012152
2026-06-16 06:43:36,204 - debug - DEBUG - Batch 190 grad norm: 1.131325
2026-06-16 06:43:36,568 - debug - DEBUG - compute_metrics_and_record started for epoch 19
2026-06-16 06:43:36,568 - debug - DEBUG - all_preds length: 25000, all_targets length: 25000
2026-06-16 06:43:36,568 - debug - DEBUG - First 10 preds: [7, 2, 9, 5, 3, 1, 8, 7, 2, 3]
2026-06-16 06:43:36,569 - debug - DEBUG - First 10 targets: [7, 2, 9, 5, 3, 1, 8, 7, 2, 3]
2026-06-16 06:43:36,575 - debug - DEBUG - Unique predicted classes: 10 (first 10: [0 1 2 3 4 5 6 7 8 9])
2026-06-16 06:43:36,575 - debug - DEBUG - Unique target classes: 10 (first 10: [0 1 2 3 4 5 6 7 8 9])
2026-06-16 06:43:38,856 - debug - DEBUG - compute_metrics_and_record started for epoch 19
2026-06-16 06:43:38,856 - debug - DEBUG - all_preds length: 10000, all_targets length: 10000
2026-06-16 06:43:38,856 - debug - DEBUG - First 10 preds: [3, 8, 8, 8, 6, 6, 1, 2, 3, 1]
2026-06-16 06:43:38,856 - debug - DEBUG - First 10 targets: [3, 8, 8, 0, 6, 6, 1, 6, 3, 1]
2026-06-16 06:43:38,859 - debug - DEBUG - Unique predicted classes: 10 (first 10: [0 1 2 3 4 5 6 7 8 9])
2026-06-16 06:43:38,859 - debug - DEBUG - Unique target classes: 10 (first 10: [0 1 2 3 4 5 6 7 8 9])
2026-06-16 06:43:39,100 - debug - DEBUG - Device Check - Batch 0
2026-06-16 06:43:39,101 - debug - DEBUG -   Config GPU ID: 1
2026-06-16 06:43:39,101 - debug - DEBUG -   Input Device:  cuda:1
2026-06-16 06:43:39,102 - debug - DEBUG -   Target Device: cuda:1
2026-06-16 06:43:39,102 - debug - DEBUG -   Model Device:  cuda:1
2026-06-16 06:43:39,102 - debug - DEBUG -   Criterion Weight Device: No weights
2026-06-16 06:43:39,662 - debug - DEBUG - Batch 0 grad norm: 0.902809
2026-06-16 06:43:40,782 - debug - DEBUG - Batch 10 grad norm: 1.071905
2026-06-16 06:43:41,929 - debug - DEBUG - Batch 20 grad norm: 1.002781
2026-06-16 06:43:43,065 - debug - DEBUG - Batch 30 grad norm: 1.028296
2026-06-16 06:43:44,181 - debug - DEBUG - Batch 40 grad norm: 0.880692
2026-06-16 06:43:45,304 - debug - DEBUG - Batch 50 grad norm: 1.040949
2026-06-16 06:43:46,413 - debug - DEBUG - Batch 60 grad norm: 0.989689
2026-06-16 06:43:47,539 - debug - DEBUG - Batch 70 grad norm: 0.937238
2026-06-16 06:43:48,500 - debug - DEBUG - Batch 80 grad norm: 1.082204
2026-06-16 06:43:49,715 - debug - DEBUG - Batch 90 grad norm: 1.162693
2026-06-16 06:43:50,782 - debug - DEBUG - Batch 100 grad norm: 1.096785
2026-06-16 06:43:51,877 - debug - DEBUG - Batch 110 grad norm: 1.200390
2026-06-16 06:43:52,992 - debug - DEBUG - Batch 120 grad norm: 0.978281
2026-06-16 06:43:54,116 - debug - DEBUG - Batch 130 grad norm: 0.962197
2026-06-16 06:43:55,200 - debug - DEBUG - Batch 140 grad norm: 0.837878
2026-06-16 06:43:56,330 - debug - DEBUG - Batch 150 grad norm: 0.943006
2026-06-16 06:43:57,403 - debug - DEBUG - Batch 160 grad norm: 0.899218
2026-06-16 06:43:58,519 - debug - DEBUG - Batch 170 grad norm: 1.192339
2026-06-16 06:43:59,575 - debug - DEBUG - Batch 180 grad norm: 1.020812
2026-06-16 06:44:00,696 - debug - DEBUG - Batch 190 grad norm: 1.141811
2026-06-16 06:44:01,124 - debug - DEBUG - compute_metrics_and_record started for epoch 20
2026-06-16 06:44:01,125 - debug - DEBUG - all_preds length: 25000, all_targets length: 25000
2026-06-16 06:44:01,125 - debug - DEBUG - First 10 preds: [7, 4, 5, 3, 8, 6, 8, 4, 6, 8]
2026-06-16 06:44:01,125 - debug - DEBUG - First 10 targets: [7, 4, 5, 4, 8, 6, 8, 5, 6, 8]
2026-06-16 06:44:01,130 - debug - DEBUG - Unique predicted classes: 10 (first 10: [0 1 2 3 4 5 6 7 8 9])
2026-06-16 06:44:01,130 - debug - DEBUG - Unique target classes: 10 (first 10: [0 1 2 3 4 5 6 7 8 9])
2026-06-16 06:44:03,235 - debug - DEBUG - compute_metrics_and_record started for epoch 20
2026-06-16 06:44:03,235 - debug - DEBUG - all_preds length: 10000, all_targets length: 10000
2026-06-16 06:44:03,235 - debug - DEBUG - First 10 preds: [3, 8, 8, 8, 6, 3, 1, 6, 3, 1]
2026-06-16 06:44:03,235 - debug - DEBUG - First 10 targets: [3, 8, 8, 0, 6, 6, 1, 6, 3, 1]
2026-06-16 06:44:03,238 - debug - DEBUG - Unique predicted classes: 10 (first 10: [0 1 2 3 4 5 6 7 8 9])
2026-06-16 06:44:03,238 - debug - DEBUG - Unique target classes: 10 (first 10: [0 1 2 3 4 5 6 7 8 9])
2026-06-16 06:44:03,483 - debug - DEBUG - Device Check - Batch 0
2026-06-16 06:44:03,484 - debug - DEBUG -   Config GPU ID: 1
2026-06-16 06:44:03,485 - debug - DEBUG -   Input Device:  cuda:1
2026-06-16 06:44:03,485 - debug - DEBUG -   Target Device: cuda:1
2026-06-16 06:44:03,485 - debug - DEBUG -   Model Device:  cuda:1
2026-06-16 06:44:03,485 - debug - DEBUG -   Criterion Weight Device: No weights
2026-06-16 06:44:03,889 - debug - DEBUG - Batch 0 grad norm: 1.002579
2026-06-16 06:44:05,002 - debug - DEBUG - Batch 10 grad norm: 0.841379
2026-06-16 06:44:06,127 - debug - DEBUG - Batch 20 grad norm: 1.082349
2026-06-16 06:44:07,238 - debug - DEBUG - Batch 30 grad norm: 0.965768
2026-06-16 06:44:08,378 - debug - DEBUG - Batch 40 grad norm: 1.130758
2026-06-16 06:44:09,508 - debug - DEBUG - Batch 50 grad norm: 1.043795
2026-06-16 06:44:10,550 - debug - DEBUG - Batch 60 grad norm: 0.806024
2026-06-16 06:44:11,760 - debug - DEBUG - Batch 70 grad norm: 0.844276
2026-06-16 06:44:12,800 - debug - DEBUG - Batch 80 grad norm: 1.297912
2026-06-16 06:44:13,942 - debug - DEBUG - Batch 90 grad norm: 1.131374
2026-06-16 06:44:15,087 - debug - DEBUG - Batch 100 grad norm: 0.846175
2026-06-16 06:44:16,208 - debug - DEBUG - Batch 110 grad norm: 1.181925
2026-06-16 06:44:17,331 - debug - DEBUG - Batch 120 grad norm: 0.958994
2026-06-16 06:44:18,445 - debug - DEBUG - Batch 130 grad norm: 1.082096
2026-06-16 06:44:19,558 - debug - DEBUG - Batch 140 grad norm: 0.962590
2026-06-16 06:44:20,708 - debug - DEBUG - Batch 150 grad norm: 0.885297
2026-06-16 06:44:21,842 - debug - DEBUG - Batch 160 grad norm: 1.056367
2026-06-16 06:44:22,832 - debug - DEBUG - Batch 170 grad norm: 1.099650
2026-06-16 06:44:24,020 - debug - DEBUG - Batch 180 grad norm: 1.134779
2026-06-16 06:44:25,169 - debug - DEBUG - Batch 190 grad norm: 1.304643
2026-06-16 06:44:25,462 - debug - DEBUG - compute_metrics_and_record started for epoch 21
2026-06-16 06:44:25,462 - debug - DEBUG - all_preds length: 25000, all_targets length: 25000
2026-06-16 06:44:25,462 - debug - DEBUG - First 10 preds: [3, 7, 5, 7, 1, 1, 9, 9, 8, 2]
2026-06-16 06:44:25,462 - debug - DEBUG - First 10 targets: [3, 7, 5, 7, 1, 1, 9, 9, 8, 2]
2026-06-16 06:44:25,470 - debug - DEBUG - Unique predicted classes: 10 (first 10: [0 1 2 3 4 5 6 7 8 9])
2026-06-16 06:44:25,470 - debug - DEBUG - Unique target classes: 10 (first 10: [0 1 2 3 4 5 6 7 8 9])
2026-06-16 06:44:27,744 - debug - DEBUG - compute_metrics_and_record started for epoch 21
2026-06-16 06:44:27,744 - debug - DEBUG - all_preds length: 10000, all_targets length: 10000
2026-06-16 06:44:27,745 - debug - DEBUG - First 10 preds: [3, 8, 1, 8, 6, 3, 9, 2, 3, 1]
2026-06-16 06:44:27,745 - debug - DEBUG - First 10 targets: [3, 8, 8, 0, 6, 6, 1, 6, 3, 1]
2026-06-16 06:44:27,747 - debug - DEBUG - Unique predicted classes: 10 (first 10: [0 1 2 3 4 5 6 7 8 9])
2026-06-16 06:44:27,747 - debug - DEBUG - Unique target classes: 10 (first 10: [0 1 2 3 4 5 6 7 8 9])
2026-06-16 06:44:28,055 - debug - DEBUG - Device Check - Batch 0
2026-06-16 06:44:28,055 - debug - DEBUG -   Config GPU ID: 1
2026-06-16 06:44:28,055 - debug - DEBUG -   Input Device:  cuda:1
2026-06-16 06:44:28,056 - debug - DEBUG -   Target Device: cuda:1
2026-06-16 06:44:28,056 - debug - DEBUG -   Model Device:  cuda:1
2026-06-16 06:44:28,056 - debug - DEBUG -   Criterion Weight Device: No weights
2026-06-16 06:44:28,524 - debug - DEBUG - Batch 0 grad norm: 1.021273
2026-06-16 06:44:29,615 - debug - DEBUG - Batch 10 grad norm: 1.019917
2026-06-16 06:44:30,724 - debug - DEBUG - Batch 20 grad norm: 0.909002
2026-06-16 06:44:31,877 - debug - DEBUG - Batch 30 grad norm: 1.011534
2026-06-16 06:44:33,018 - debug - DEBUG - Batch 40 grad norm: 1.098324
2026-06-16 06:44:34,160 - debug - DEBUG - Batch 50 grad norm: 0.869874
2026-06-16 06:44:35,310 - debug - DEBUG - Batch 60 grad norm: 1.212192
2026-06-16 06:44:36,464 - debug - DEBUG - Batch 70 grad norm: 1.102877
2026-06-16 06:44:37,600 - debug - DEBUG - Batch 80 grad norm: 1.001869
2026-06-16 06:44:38,691 - debug - DEBUG - Batch 90 grad norm: 0.984492
2026-06-16 06:44:39,778 - debug - DEBUG - Batch 100 grad norm: 1.416195
2026-06-16 06:44:40,908 - debug - DEBUG - Batch 110 grad norm: 0.980350
2026-06-16 06:44:42,015 - debug - DEBUG - Batch 120 grad norm: 1.036330
2026-06-16 06:44:43,102 - debug - DEBUG - Batch 130 grad norm: 0.762670
2026-06-16 06:44:44,224 - debug - DEBUG - Batch 140 grad norm: 1.019669
2026-06-16 06:44:45,328 - debug - DEBUG - Batch 150 grad norm: 0.996116
2026-06-16 06:44:46,477 - debug - DEBUG - Batch 160 grad norm: 0.817215
2026-06-16 06:44:47,571 - debug - DEBUG - Batch 170 grad norm: 0.912386
2026-06-16 06:44:48,692 - debug - DEBUG - Batch 180 grad norm: 1.094392
2026-06-16 06:44:49,886 - debug - DEBUG - Batch 190 grad norm: 0.978239
2026-06-16 06:44:50,317 - debug - DEBUG - compute_metrics_and_record started for epoch 22
2026-06-16 06:44:50,317 - debug - DEBUG - all_preds length: 25000, all_targets length: 25000
2026-06-16 06:44:50,318 - debug - DEBUG - First 10 preds: [1, 2, 7, 9, 9, 3, 3, 0, 4, 6]
2026-06-16 06:44:50,318 - debug - DEBUG - First 10 targets: [1, 2, 7, 8, 9, 3, 3, 0, 0, 6]
2026-06-16 06:44:50,323 - debug - DEBUG - Unique predicted classes: 10 (first 10: [0 1 2 3 4 5 6 7 8 9])
2026-06-16 06:44:50,323 - debug - DEBUG - Unique target classes: 10 (first 10: [0 1 2 3 4 5 6 7 8 9])
2026-06-16 06:44:52,615 - debug - DEBUG - compute_metrics_and_record started for epoch 22
2026-06-16 06:44:52,615 - debug - DEBUG - all_preds length: 10000, all_targets length: 10000
2026-06-16 06:44:52,615 - debug - DEBUG - First 10 preds: [3, 8, 1, 8, 6, 3, 1, 6, 3, 1]
2026-06-16 06:44:52,615 - debug - DEBUG - First 10 targets: [3, 8, 8, 0, 6, 6, 1, 6, 3, 1]
2026-06-16 06:44:52,618 - debug - DEBUG - Unique predicted classes: 10 (first 10: [0 1 2 3 4 5 6 7 8 9])
2026-06-16 06:44:52,618 - debug - DEBUG - Unique target classes: 10 (first 10: [0 1 2 3 4 5 6 7 8 9])
2026-06-16 06:44:52,856 - debug - DEBUG - Device Check - Batch 0
2026-06-16 06:44:52,857 - debug - DEBUG -   Config GPU ID: 1
2026-06-16 06:44:52,857 - debug - DEBUG -   Input Device:  cuda:1
2026-06-16 06:44:52,857 - debug - DEBUG -   Target Device: cuda:1
2026-06-16 06:44:52,857 - debug - DEBUG -   Model Device:  cuda:1
2026-06-16 06:44:52,857 - debug - DEBUG -   Criterion Weight Device: No weights
2026-06-16 06:44:53,198 - debug - DEBUG - Batch 0 grad norm: 1.106885
2026-06-16 06:44:54,372 - debug - DEBUG - Batch 10 grad norm: 0.992553
2026-06-16 06:44:55,465 - debug - DEBUG - Batch 20 grad norm: 1.041541
2026-06-16 06:44:56,456 - debug - DEBUG - Batch 30 grad norm: 1.298532
2026-06-16 06:44:57,615 - debug - DEBUG - Batch 40 grad norm: 0.916354
2026-06-16 06:44:58,794 - debug - DEBUG - Batch 50 grad norm: 0.874537
2026-06-16 06:44:59,818 - debug - DEBUG - Batch 60 grad norm: 1.186139
2026-06-16 06:45:00,921 - debug - DEBUG - Batch 70 grad norm: 0.985580
2026-06-16 06:45:02,094 - debug - DEBUG - Batch 80 grad norm: 1.037570
2026-06-16 06:45:03,208 - debug - DEBUG - Batch 90 grad norm: 1.202187
2026-06-16 06:45:04,343 - debug - DEBUG - Batch 100 grad norm: 0.772121
2026-06-16 06:45:05,400 - debug - DEBUG - Batch 110 grad norm: 1.023688
2026-06-16 06:45:06,534 - debug - DEBUG - Batch 120 grad norm: 1.040178
2026-06-16 06:45:07,638 - debug - DEBUG - Batch 130 grad norm: 1.076988
2026-06-16 06:45:08,732 - debug - DEBUG - Batch 140 grad norm: 0.985379
2026-06-16 06:45:09,838 - debug - DEBUG - Batch 150 grad norm: 0.885955
2026-06-16 06:45:10,934 - debug - DEBUG - Batch 160 grad norm: 1.041632
2026-06-16 06:45:12,056 - debug - DEBUG - Batch 170 grad norm: 1.221319
2026-06-16 06:45:13,146 - debug - DEBUG - Batch 180 grad norm: 0.987327
2026-06-16 06:45:14,255 - debug - DEBUG - Batch 190 grad norm: 1.173058
2026-06-16 06:45:14,662 - debug - DEBUG - compute_metrics_and_record started for epoch 23
2026-06-16 06:45:14,662 - debug - DEBUG - all_preds length: 25000, all_targets length: 25000
2026-06-16 06:45:14,663 - debug - DEBUG - First 10 preds: [0, 6, 7, 8, 0, 2, 1, 9, 3, 2]
2026-06-16 06:45:14,663 - debug - DEBUG - First 10 targets: [0, 6, 7, 8, 0, 2, 5, 9, 7, 2]
2026-06-16 06:45:14,668 - debug - DEBUG - Unique predicted classes: 10 (first 10: [0 1 2 3 4 5 6 7 8 9])
2026-06-16 06:45:14,668 - debug - DEBUG - Unique target classes: 10 (first 10: [0 1 2 3 4 5 6 7 8 9])
2026-06-16 06:45:16,816 - debug - DEBUG - compute_metrics_and_record started for epoch 23
2026-06-16 06:45:16,816 - debug - DEBUG - all_preds length: 10000, all_targets length: 10000
2026-06-16 06:45:16,816 - debug - DEBUG - First 10 preds: [3, 8, 8, 8, 6, 5, 1, 6, 3, 1]
2026-06-16 06:45:16,816 - debug - DEBUG - First 10 targets: [3, 8, 8, 0, 6, 6, 1, 6, 3, 1]
2026-06-16 06:45:16,819 - debug - DEBUG - Unique predicted classes: 10 (first 10: [0 1 2 3 4 5 6 7 8 9])
2026-06-16 06:45:16,819 - debug - DEBUG - Unique target classes: 10 (first 10: [0 1 2 3 4 5 6 7 8 9])
2026-06-16 06:45:17,070 - debug - DEBUG - Device Check - Batch 0
2026-06-16 06:45:17,071 - debug - DEBUG -   Config GPU ID: 1
2026-06-16 06:45:17,071 - debug - DEBUG -   Input Device:  cuda:1
2026-06-16 06:45:17,071 - debug - DEBUG -   Target Device: cuda:1
2026-06-16 06:45:17,071 - debug - DEBUG -   Model Device:  cuda:1
2026-06-16 06:45:17,071 - debug - DEBUG -   Criterion Weight Device: No weights
2026-06-16 06:45:17,524 - debug - DEBUG - Batch 0 grad norm: 1.050318
2026-06-16 06:45:18,625 - debug - DEBUG - Batch 10 grad norm: 1.058662
2026-06-16 06:45:19,751 - debug - DEBUG - Batch 20 grad norm: 1.105891
2026-06-16 06:45:20,879 - debug - DEBUG - Batch 30 grad norm: 1.187184
2026-06-16 06:45:22,008 - debug - DEBUG - Batch 40 grad norm: 1.091993
2026-06-16 06:45:23,159 - debug - DEBUG - Batch 50 grad norm: 0.960148
2026-06-16 06:45:24,297 - debug - DEBUG - Batch 60 grad norm: 1.251328
2026-06-16 06:45:25,443 - debug - DEBUG - Batch 70 grad norm: 1.002635
2026-06-16 06:45:26,565 - debug - DEBUG - Batch 80 grad norm: 0.964555
2026-06-16 06:45:27,713 - debug - DEBUG - Batch 90 grad norm: 0.970232
2026-06-16 06:45:28,801 - debug - DEBUG - Batch 100 grad norm: 1.232491
2026-06-16 06:45:29,916 - debug - DEBUG - Batch 110 grad norm: 1.083823
2026-06-16 06:45:31,016 - debug - DEBUG - Batch 120 grad norm: 1.203827
2026-06-16 06:45:32,260 - debug - DEBUG - Batch 130 grad norm: 1.238195
2026-06-16 06:45:33,217 - debug - DEBUG - Batch 140 grad norm: 1.205852
2026-06-16 06:45:34,124 - debug - DEBUG - Batch 150 grad norm: 1.065436
2026-06-16 06:45:35,077 - debug - DEBUG - Batch 160 grad norm: 0.896459
2026-06-16 06:45:35,810 - debug - DEBUG - Batch 170 grad norm: 1.047179
2026-06-16 06:45:36,768 - debug - DEBUG - Batch 180 grad norm: 0.820381
2026-06-16 06:45:37,618 - debug - DEBUG - Batch 190 grad norm: 1.025338
2026-06-16 06:45:37,890 - debug - DEBUG - compute_metrics_and_record started for epoch 24
2026-06-16 06:45:37,890 - debug - DEBUG - all_preds length: 25000, all_targets length: 25000
2026-06-16 06:45:37,890 - debug - DEBUG - First 10 preds: [9, 3, 5, 2, 0, 1, 0, 8, 1, 5]
2026-06-16 06:45:37,890 - debug - DEBUG - First 10 targets: [9, 3, 5, 2, 0, 9, 0, 8, 1, 5]
2026-06-16 06:45:37,897 - debug - DEBUG - Unique predicted classes: 10 (first 10: [0 1 2 3 4 5 6 7 8 9])
2026-06-16 06:45:37,897 - debug - DEBUG - Unique target classes: 10 (first 10: [0 1 2 3 4 5 6 7 8 9])
2026-06-16 06:45:39,708 - debug - DEBUG - compute_metrics_and_record started for epoch 24
2026-06-16 06:45:39,709 - debug - DEBUG - all_preds length: 10000, all_targets length: 10000
2026-06-16 06:45:39,709 - debug - DEBUG - First 10 preds: [3, 8, 1, 8, 6, 6, 1, 2, 4, 1]
2026-06-16 06:45:39,709 - debug - DEBUG - First 10 targets: [3, 8, 8, 0, 6, 6, 1, 6, 3, 1]
2026-06-16 06:45:39,711 - debug - DEBUG - Unique predicted classes: 10 (first 10: [0 1 2 3 4 5 6 7 8 9])
2026-06-16 06:45:39,712 - debug - DEBUG - Unique target classes: 10 (first 10: [0 1 2 3 4 5 6 7 8 9])
2026-06-16 06:45:39,954 - debug - DEBUG - Device Check - Batch 0
2026-06-16 06:45:39,955 - debug - DEBUG -   Config GPU ID: 1
2026-06-16 06:45:39,955 - debug - DEBUG -   Input Device:  cuda:1
2026-06-16 06:45:39,955 - debug - DEBUG -   Target Device: cuda:1
2026-06-16 06:45:39,955 - debug - DEBUG -   Model Device:  cuda:1
2026-06-16 06:45:39,955 - debug - DEBUG -   Criterion Weight Device: No weights
2026-06-16 06:45:40,253 - debug - DEBUG - Batch 0 grad norm: 1.152895
2026-06-16 06:45:41,108 - debug - DEBUG - Batch 10 grad norm: 0.984234
2026-06-16 06:45:42,030 - debug - DEBUG - Batch 20 grad norm: 1.061117
2026-06-16 06:45:42,916 - debug - DEBUG - Batch 30 grad norm: 1.157632
2026-06-16 06:45:43,831 - debug - DEBUG - Batch 40 grad norm: 1.037994
2026-06-16 06:45:44,676 - debug - DEBUG - Batch 50 grad norm: 0.835401
2026-06-16 06:45:45,593 - debug - DEBUG - Batch 60 grad norm: 1.163577
2026-06-16 06:45:46,502 - debug - DEBUG - Batch 70 grad norm: 1.049240
2026-06-16 06:45:47,433 - debug - DEBUG - Batch 80 grad norm: 1.004238
2026-06-16 06:45:48,407 - debug - DEBUG - Batch 90 grad norm: 0.976278
2026-06-16 06:45:49,325 - debug - DEBUG - Batch 100 grad norm: 0.704839
2026-06-16 06:45:50,307 - debug - DEBUG - Batch 110 grad norm: 1.159643
2026-06-16 06:45:51,425 - debug - DEBUG - Batch 120 grad norm: 1.325566
2026-06-16 06:45:52,567 - debug - DEBUG - Batch 130 grad norm: 1.193805
2026-06-16 06:45:53,687 - debug - DEBUG - Batch 140 grad norm: 0.863164
2026-06-16 06:45:54,829 - debug - DEBUG - Batch 150 grad norm: 0.981877
2026-06-16 06:45:55,965 - debug - DEBUG - Batch 160 grad norm: 1.201408
2026-06-16 06:45:57,092 - debug - DEBUG - Batch 170 grad norm: 1.105563
2026-06-16 06:45:58,239 - debug - DEBUG - Batch 180 grad norm: 1.002490
2026-06-16 06:45:59,344 - debug - DEBUG - Batch 190 grad norm: 1.079728
2026-06-16 06:45:59,650 - debug - DEBUG - compute_metrics_and_record started for epoch 25
2026-06-16 06:45:59,650 - debug - DEBUG - all_preds length: 25000, all_targets length: 25000
2026-06-16 06:45:59,650 - debug - DEBUG - First 10 preds: [2, 3, 2, 8, 5, 4, 2, 7, 0, 2]
2026-06-16 06:45:59,650 - debug - DEBUG - First 10 targets: [2, 3, 2, 8, 5, 3, 2, 7, 8, 2]
2026-06-16 06:45:59,658 - debug - DEBUG - Unique predicted classes: 10 (first 10: [0 1 2 3 4 5 6 7 8 9])
2026-06-16 06:45:59,658 - debug - DEBUG - Unique target classes: 10 (first 10: [0 1 2 3 4 5 6 7 8 9])
2026-06-16 06:46:01,878 - debug - DEBUG - compute_metrics_and_record started for epoch 25
2026-06-16 06:46:01,879 - debug - DEBUG - all_preds length: 10000, all_targets length: 10000
2026-06-16 06:46:01,879 - debug - DEBUG - First 10 preds: [3, 8, 1, 0, 6, 6, 1, 6, 3, 1]
2026-06-16 06:46:01,879 - debug - DEBUG - First 10 targets: [3, 8, 8, 0, 6, 6, 1, 6, 3, 1]
2026-06-16 06:46:01,881 - debug - DEBUG - Unique predicted classes: 10 (first 10: [0 1 2 3 4 5 6 7 8 9])
2026-06-16 06:46:01,881 - debug - DEBUG - Unique target classes: 10 (first 10: [0 1 2 3 4 5 6 7 8 9])
2026-06-16 06:46:02,121 - debug - DEBUG - Device Check - Batch 0
2026-06-16 06:46:02,122 - debug - DEBUG -   Config GPU ID: 1
2026-06-16 06:46:02,122 - debug - DEBUG -   Input Device:  cuda:1
2026-06-16 06:46:02,122 - debug - DEBUG -   Target Device: cuda:1
2026-06-16 06:46:02,122 - debug - DEBUG -   Model Device:  cuda:1
2026-06-16 06:46:02,122 - debug - DEBUG -   Criterion Weight Device: No weights
2026-06-16 06:46:02,670 - debug - DEBUG - Batch 0 grad norm: 0.832048
2026-06-16 06:46:03,807 - debug - DEBUG - Batch 10 grad norm: 0.855088
2026-06-16 06:46:04,941 - debug - DEBUG - Batch 20 grad norm: 0.943904
2026-06-16 06:46:06,081 - debug - DEBUG - Batch 30 grad norm: 1.075984
2026-06-16 06:46:07,185 - debug - DEBUG - Batch 40 grad norm: 1.299247
2026-06-16 06:46:08,306 - debug - DEBUG - Batch 50 grad norm: 1.167686
2026-06-16 06:46:09,391 - debug - DEBUG - Batch 60 grad norm: 1.030083
2026-06-16 06:46:10,528 - debug - DEBUG - Batch 70 grad norm: 1.007526
2026-06-16 06:46:11,644 - debug - DEBUG - Batch 80 grad norm: 1.262052
2026-06-16 06:46:12,656 - debug - DEBUG - Batch 90 grad norm: 0.749823
2026-06-16 06:46:13,568 - debug - DEBUG - Batch 100 grad norm: 0.992842
2026-06-16 06:46:14,630 - debug - DEBUG - Batch 110 grad norm: 0.871645
2026-06-16 06:46:15,648 - debug - DEBUG - Batch 120 grad norm: 1.033506
2026-06-16 06:46:16,668 - debug - DEBUG - Batch 130 grad norm: 1.174387
2026-06-16 06:46:17,695 - debug - DEBUG - Batch 140 grad norm: 1.051417
2026-06-16 06:46:18,738 - debug - DEBUG - Batch 150 grad norm: 1.125711
2026-06-16 06:46:19,857 - debug - DEBUG - Batch 160 grad norm: 1.110914
2026-06-16 06:46:20,979 - debug - DEBUG - Batch 170 grad norm: 1.247017
2026-06-16 06:46:22,124 - debug - DEBUG - Batch 180 grad norm: 1.139169
2026-06-16 06:46:23,237 - debug - DEBUG - Batch 190 grad norm: 1.013926
2026-06-16 06:46:23,682 - debug - DEBUG - compute_metrics_and_record started for epoch 26
2026-06-16 06:46:23,682 - debug - DEBUG - all_preds length: 25000, all_targets length: 25000
2026-06-16 06:46:23,682 - debug - DEBUG - First 10 preds: [2, 3, 5, 3, 6, 5, 9, 0, 5, 3]
2026-06-16 06:46:23,682 - debug - DEBUG - First 10 targets: [2, 3, 5, 5, 6, 5, 9, 0, 5, 3]
2026-06-16 06:46:23,688 - debug - DEBUG - Unique predicted classes: 10 (first 10: [0 1 2 3 4 5 6 7 8 9])
2026-06-16 06:46:23,689 - debug - DEBUG - Unique target classes: 10 (first 10: [0 1 2 3 4 5 6 7 8 9])
2026-06-16 06:46:26,016 - debug - DEBUG - compute_metrics_and_record started for epoch 26
2026-06-16 06:46:26,016 - debug - DEBUG - all_preds length: 10000, all_targets length: 10000
2026-06-16 06:46:26,016 - debug - DEBUG - First 10 preds: [3, 8, 8, 0, 6, 3, 1, 2, 3, 1]
2026-06-16 06:46:26,016 - debug - DEBUG - First 10 targets: [3, 8, 8, 0, 6, 6, 1, 6, 3, 1]
2026-06-16 06:46:26,019 - debug - DEBUG - Unique predicted classes: 10 (first 10: [0 1 2 3 4 5 6 7 8 9])
2026-06-16 06:46:26,019 - debug - DEBUG - Unique target classes: 10 (first 10: [0 1 2 3 4 5 6 7 8 9])
2026-06-16 06:46:26,267 - debug - DEBUG - Device Check - Batch 0
2026-06-16 06:46:26,268 - debug - DEBUG -   Config GPU ID: 1
2026-06-16 06:46:26,268 - debug - DEBUG -   Input Device:  cuda:1
2026-06-16 06:46:26,268 - debug - DEBUG -   Target Device: cuda:1
2026-06-16 06:46:26,269 - debug - DEBUG -   Model Device:  cuda:1
2026-06-16 06:46:26,269 - debug - DEBUG -   Criterion Weight Device: No weights
2026-06-16 06:46:26,914 - debug - DEBUG - Batch 0 grad norm: 0.911847
2026-06-16 06:46:28,062 - debug - DEBUG - Batch 10 grad norm: 1.197452
2026-06-16 06:46:29,218 - debug - DEBUG - Batch 20 grad norm: 1.004030
2026-06-16 06:46:30,368 - debug - DEBUG - Batch 30 grad norm: 1.159808
2026-06-16 06:46:31,527 - debug - DEBUG - Batch 40 grad norm: 0.974287
2026-06-16 06:46:32,613 - debug - DEBUG - Batch 50 grad norm: 0.883952
2026-06-16 06:46:33,717 - debug - DEBUG - Batch 60 grad norm: 0.846378
2026-06-16 06:46:34,849 - debug - DEBUG - Batch 70 grad norm: 1.112390
2026-06-16 06:46:35,986 - debug - DEBUG - Batch 80 grad norm: 0.967061
2026-06-16 06:46:37,126 - debug - DEBUG - Batch 90 grad norm: 0.882157
2026-06-16 06:46:38,228 - debug - DEBUG - Batch 100 grad norm: 1.055878
2026-06-16 06:46:39,292 - debug - DEBUG - Batch 110 grad norm: 1.206533
2026-06-16 06:46:40,463 - debug - DEBUG - Batch 120 grad norm: 1.000625
2026-06-16 06:46:41,518 - debug - DEBUG - Batch 130 grad norm: 0.806997
2026-06-16 06:46:42,601 - debug - DEBUG - Batch 140 grad norm: 0.837967
2026-06-16 06:46:43,702 - debug - DEBUG - Batch 150 grad norm: 1.174752
2026-06-16 06:46:44,749 - debug - DEBUG - Batch 160 grad norm: 1.317393
2026-06-16 06:46:45,873 - debug - DEBUG - Batch 170 grad norm: 1.245868
2026-06-16 06:46:46,962 - debug - DEBUG - Batch 180 grad norm: 1.154571
2026-06-16 06:46:48,039 - debug - DEBUG - Batch 190 grad norm: 1.384135
2026-06-16 06:46:48,483 - debug - DEBUG - compute_metrics_and_record started for epoch 27
2026-06-16 06:46:48,484 - debug - DEBUG - all_preds length: 25000, all_targets length: 25000
2026-06-16 06:46:48,484 - debug - DEBUG - First 10 preds: [3, 5, 5, 0, 2, 9, 0, 1, 5, 5]
2026-06-16 06:46:48,484 - debug - DEBUG - First 10 targets: [3, 5, 5, 0, 2, 9, 8, 1, 5, 5]
2026-06-16 06:46:48,489 - debug - DEBUG - Unique predicted classes: 10 (first 10: [0 1 2 3 4 5 6 7 8 9])
2026-06-16 06:46:48,489 - debug - DEBUG - Unique target classes: 10 (first 10: [0 1 2 3 4 5 6 7 8 9])
2026-06-16 06:46:50,708 - debug - DEBUG - compute_metrics_and_record started for epoch 27
2026-06-16 06:46:50,709 - debug - DEBUG - all_preds length: 10000, all_targets length: 10000
2026-06-16 06:46:50,709 - debug - DEBUG - First 10 preds: [3, 8, 1, 0, 6, 3, 1, 2, 3, 1]
2026-06-16 06:46:50,709 - debug - DEBUG - First 10 targets: [3, 8, 8, 0, 6, 6, 1, 6, 3, 1]
2026-06-16 06:46:50,711 - debug - DEBUG - Unique predicted classes: 10 (first 10: [0 1 2 3 4 5 6 7 8 9])
2026-06-16 06:46:50,712 - debug - DEBUG - Unique target classes: 10 (first 10: [0 1 2 3 4 5 6 7 8 9])
2026-06-16 06:46:50,990 - debug - DEBUG - Device Check - Batch 0
2026-06-16 06:46:50,991 - debug - DEBUG -   Config GPU ID: 1
2026-06-16 06:46:50,991 - debug - DEBUG -   Input Device:  cuda:1
2026-06-16 06:46:50,991 - debug - DEBUG -   Target Device: cuda:1
2026-06-16 06:46:50,991 - debug - DEBUG -   Model Device:  cuda:1
2026-06-16 06:46:50,992 - debug - DEBUG -   Criterion Weight Device: No weights
2026-06-16 06:46:51,387 - debug - DEBUG - Batch 0 grad norm: 1.127129
2026-06-16 06:46:52,513 - debug - DEBUG - Batch 10 grad norm: 0.986438
2026-06-16 06:46:53,658 - debug - DEBUG - Batch 20 grad norm: 1.007527
2026-06-16 06:46:54,774 - debug - DEBUG - Batch 30 grad norm: 0.872236
2026-06-16 06:46:55,921 - debug - DEBUG - Batch 40 grad norm: 1.193703
2026-06-16 06:46:57,013 - debug - DEBUG - Batch 50 grad norm: 1.449491
2026-06-16 06:46:58,143 - debug - DEBUG - Batch 60 grad norm: 1.099068
2026-06-16 06:46:59,155 - debug - DEBUG - Batch 70 grad norm: 1.003128
2026-06-16 06:47:00,365 - debug - DEBUG - Batch 80 grad norm: 1.106766
2026-06-16 06:47:01,288 - debug - DEBUG - Batch 90 grad norm: 1.000745
2026-06-16 06:47:02,417 - debug - DEBUG - Batch 100 grad norm: 1.289897
2026-06-16 06:47:03,488 - debug - DEBUG - Batch 110 grad norm: 1.118245
2026-06-16 06:47:04,614 - debug - DEBUG - Batch 120 grad norm: 0.951091
2026-06-16 06:47:05,826 - debug - DEBUG - Batch 130 grad norm: 0.865716
2026-06-16 06:47:06,827 - debug - DEBUG - Batch 140 grad norm: 0.981975
2026-06-16 06:47:07,946 - debug - DEBUG - Batch 150 grad norm: 1.056489
2026-06-16 06:47:09,109 - debug - DEBUG - Batch 160 grad norm: 1.084238
2026-06-16 06:47:10,275 - debug - DEBUG - Batch 170 grad norm: 1.114474
2026-06-16 06:47:11,379 - debug - DEBUG - Batch 180 grad norm: 1.190999
2026-06-16 06:47:12,550 - debug - DEBUG - Batch 190 grad norm: 1.068397
2026-06-16 06:47:12,998 - debug - DEBUG - compute_metrics_and_record started for epoch 28
2026-06-16 06:47:12,998 - debug - DEBUG - all_preds length: 25000, all_targets length: 25000
2026-06-16 06:47:12,998 - debug - DEBUG - First 10 preds: [2, 0, 0, 5, 3, 6, 4, 6, 9, 9]
2026-06-16 06:47:12,998 - debug - DEBUG - First 10 targets: [2, 0, 0, 2, 6, 6, 4, 6, 9, 9]
2026-06-16 06:47:13,004 - debug - DEBUG - Unique predicted classes: 10 (first 10: [0 1 2 3 4 5 6 7 8 9])
2026-06-16 06:47:13,005 - debug - DEBUG - Unique target classes: 10 (first 10: [0 1 2 3 4 5 6 7 8 9])
2026-06-16 06:47:15,406 - debug - DEBUG - compute_metrics_and_record started for epoch 28
2026-06-16 06:47:15,407 - debug - DEBUG - all_preds length: 10000, all_targets length: 10000
2026-06-16 06:47:15,407 - debug - DEBUG - First 10 preds: [3, 1, 1, 0, 6, 3, 1, 6, 3, 1]
2026-06-16 06:47:15,407 - debug - DEBUG - First 10 targets: [3, 8, 8, 0, 6, 6, 1, 6, 3, 1]
2026-06-16 06:47:15,409 - debug - DEBUG - Unique predicted classes: 10 (first 10: [0 1 2 3 4 5 6 7 8 9])
2026-06-16 06:47:15,409 - debug - DEBUG - Unique target classes: 10 (first 10: [0 1 2 3 4 5 6 7 8 9])
2026-06-16 06:47:15,655 - debug - DEBUG - Device Check - Batch 0
2026-06-16 06:47:15,656 - debug - DEBUG -   Config GPU ID: 1
2026-06-16 06:47:15,656 - debug - DEBUG -   Input Device:  cuda:1
2026-06-16 06:47:15,656 - debug - DEBUG -   Target Device: cuda:1
2026-06-16 06:47:15,657 - debug - DEBUG -   Model Device:  cuda:1
2026-06-16 06:47:15,657 - debug - DEBUG -   Criterion Weight Device: No weights
2026-06-16 06:47:16,248 - debug - DEBUG - Batch 0 grad norm: 1.075680
2026-06-16 06:47:17,375 - debug - DEBUG - Batch 10 grad norm: 1.118078
2026-06-16 06:47:18,501 - debug - DEBUG - Batch 20 grad norm: 0.931656
2026-06-16 06:47:19,643 - debug - DEBUG - Batch 30 grad norm: 1.272337
2026-06-16 06:47:20,771 - debug - DEBUG - Batch 40 grad norm: 1.008156
2026-06-16 06:47:21,850 - debug - DEBUG - Batch 50 grad norm: 0.859563
2026-06-16 06:47:22,966 - debug - DEBUG - Batch 60 grad norm: 0.959092
2026-06-16 06:47:24,103 - debug - DEBUG - Batch 70 grad norm: 1.235885
2026-06-16 06:47:25,226 - debug - DEBUG - Batch 80 grad norm: 1.428165
2026-06-16 06:47:26,364 - debug - DEBUG - Batch 90 grad norm: 1.515695
2026-06-16 06:47:27,491 - debug - DEBUG - Batch 100 grad norm: 1.078291
2026-06-16 06:47:28,542 - debug - DEBUG - Batch 110 grad norm: 0.792686
2026-06-16 06:47:29,741 - debug - DEBUG - Batch 120 grad norm: 1.014762
2026-06-16 06:47:30,821 - debug - DEBUG - Batch 130 grad norm: 1.028452
2026-06-16 06:47:31,957 - debug - DEBUG - Batch 140 grad norm: 1.057201
2026-06-16 06:47:33,111 - debug - DEBUG - Batch 150 grad norm: 1.341171
2026-06-16 06:47:34,208 - debug - DEBUG - Batch 160 grad norm: 1.107837
2026-06-16 06:47:35,349 - debug - DEBUG - Batch 170 grad norm: 1.174406
2026-06-16 06:47:36,452 - debug - DEBUG - Batch 180 grad norm: 1.307445
2026-06-16 06:47:37,605 - debug - DEBUG - Batch 190 grad norm: 0.900503
2026-06-16 06:47:37,945 - debug - DEBUG - compute_metrics_and_record started for epoch 29
2026-06-16 06:47:37,946 - debug - DEBUG - all_preds length: 25000, all_targets length: 25000
2026-06-16 06:47:37,946 - debug - DEBUG - First 10 preds: [2, 4, 9, 0, 8, 9, 2, 7, 3, 7]
2026-06-16 06:47:37,946 - debug - DEBUG - First 10 targets: [2, 4, 9, 0, 8, 9, 2, 7, 3, 5]
2026-06-16 06:47:37,952 - debug - DEBUG - Unique predicted classes: 10 (first 10: [0 1 2 3 4 5 6 7 8 9])
2026-06-16 06:47:37,952 - debug - DEBUG - Unique target classes: 10 (first 10: [0 1 2 3 4 5 6 7 8 9])
2026-06-16 06:47:40,321 - debug - DEBUG - compute_metrics_and_record started for epoch 29
2026-06-16 06:47:40,321 - debug - DEBUG - all_preds length: 10000, all_targets length: 10000
2026-06-16 06:47:40,321 - debug - DEBUG - First 10 preds: [3, 8, 1, 8, 6, 6, 1, 6, 3, 1]
2026-06-16 06:47:40,321 - debug - DEBUG - First 10 targets: [3, 8, 8, 0, 6, 6, 1, 6, 3, 1]
2026-06-16 06:47:40,324 - debug - DEBUG - Unique predicted classes: 10 (first 10: [0 1 2 3 4 5 6 7 8 9])
2026-06-16 06:47:40,324 - debug - DEBUG - Unique target classes: 10 (first 10: [0 1 2 3 4 5 6 7 8 9])
2026-06-16 06:47:40,568 - debug - DEBUG - Device Check - Batch 0
2026-06-16 06:47:40,569 - debug - DEBUG -   Config GPU ID: 1
2026-06-16 06:47:40,569 - debug - DEBUG -   Input Device:  cuda:1
2026-06-16 06:47:40,569 - debug - DEBUG -   Target Device: cuda:1
2026-06-16 06:47:40,569 - debug - DEBUG -   Model Device:  cuda:1
2026-06-16 06:47:40,569 - debug - DEBUG -   Criterion Weight Device: No weights
2026-06-16 06:47:41,086 - debug - DEBUG - Batch 0 grad norm: 1.101285
2026-06-16 06:47:42,021 - debug - DEBUG - Batch 10 grad norm: 1.186124
2026-06-16 06:47:43,205 - debug - DEBUG - Batch 20 grad norm: 1.012181
2026-06-16 06:47:44,322 - debug - DEBUG - Batch 30 grad norm: 1.080077
2026-06-16 06:47:45,331 - debug - DEBUG - Batch 40 grad norm: 1.185824
2026-06-16 06:47:46,428 - debug - DEBUG - Batch 50 grad norm: 0.904960
2026-06-16 06:47:47,549 - debug - DEBUG - Batch 60 grad norm: 1.102777
2026-06-16 06:47:48,636 - debug - DEBUG - Batch 70 grad norm: 0.862390
2026-06-16 06:47:49,759 - debug - DEBUG - Batch 80 grad norm: 1.490033
2026-06-16 06:47:50,838 - debug - DEBUG - Batch 90 grad norm: 0.750922
2026-06-16 06:47:51,977 - debug - DEBUG - Batch 100 grad norm: 1.055898
2026-06-16 06:47:52,955 - debug - DEBUG - Batch 110 grad norm: 1.105484
2026-06-16 06:47:54,135 - debug - DEBUG - Batch 120 grad norm: 0.836022
2026-06-16 06:47:55,207 - debug - DEBUG - Batch 130 grad norm: 0.943175
2026-06-16 06:47:56,262 - debug - DEBUG - Batch 140 grad norm: 0.962653
2026-06-16 06:47:57,357 - debug - DEBUG - Batch 150 grad norm: 1.096802
2026-06-16 06:47:58,472 - debug - DEBUG - Batch 160 grad norm: 0.972214
2026-06-16 06:47:59,587 - debug - DEBUG - Batch 170 grad norm: 1.188878
2026-06-16 06:48:00,742 - debug - DEBUG - Batch 180 grad norm: 0.894468
2026-06-16 06:48:01,878 - debug - DEBUG - Batch 190 grad norm: 1.334957
2026-06-16 06:48:02,233 - debug - DEBUG - compute_metrics_and_record started for epoch 30
2026-06-16 06:48:02,233 - debug - DEBUG - all_preds length: 25000, all_targets length: 25000
2026-06-16 06:48:02,233 - debug - DEBUG - First 10 preds: [7, 4, 7, 2, 0, 8, 3, 4, 9, 2]
2026-06-16 06:48:02,233 - debug - DEBUG - First 10 targets: [7, 4, 7, 2, 0, 8, 3, 4, 9, 4]
2026-06-16 06:48:02,239 - debug - DEBUG - Unique predicted classes: 10 (first 10: [0 1 2 3 4 5 6 7 8 9])
2026-06-16 06:48:02,240 - debug - DEBUG - Unique target classes: 10 (first 10: [0 1 2 3 4 5 6 7 8 9])
2026-06-16 06:48:04,524 - debug - DEBUG - compute_metrics_and_record started for epoch 30
2026-06-16 06:48:04,525 - debug - DEBUG - all_preds length: 10000, all_targets length: 10000
2026-06-16 06:48:04,525 - debug - DEBUG - First 10 preds: [3, 8, 1, 8, 6, 6, 1, 2, 4, 1]
2026-06-16 06:48:04,525 - debug - DEBUG - First 10 targets: [3, 8, 8, 0, 6, 6, 1, 6, 3, 1]
2026-06-16 06:48:04,528 - debug - DEBUG - Unique predicted classes: 10 (first 10: [0 1 2 3 4 5 6 7 8 9])
2026-06-16 06:48:04,528 - debug - DEBUG - Unique target classes: 10 (first 10: [0 1 2 3 4 5 6 7 8 9])
2026-06-16 06:48:04,767 - debug - DEBUG - Device Check - Batch 0
2026-06-16 06:48:04,768 - debug - DEBUG -   Config GPU ID: 1
2026-06-16 06:48:04,768 - debug - DEBUG -   Input Device:  cuda:1
2026-06-16 06:48:04,768 - debug - DEBUG -   Target Device: cuda:1
2026-06-16 06:48:04,768 - debug - DEBUG -   Model Device:  cuda:1
2026-06-16 06:48:04,769 - debug - DEBUG -   Criterion Weight Device: No weights
2026-06-16 06:48:05,321 - debug - DEBUG - Batch 0 grad norm: 1.029149
2026-06-16 06:48:06,492 - debug - DEBUG - Batch 10 grad norm: 1.173251
2026-06-16 06:48:07,617 - debug - DEBUG - Batch 20 grad norm: 0.975714
2026-06-16 06:48:08,760 - debug - DEBUG - Batch 30 grad norm: 1.155154
2026-06-16 06:48:09,861 - debug - DEBUG - Batch 40 grad norm: 0.916791
2026-06-16 06:48:11,001 - debug - DEBUG - Batch 50 grad norm: 1.032878
2026-06-16 06:48:12,134 - debug - DEBUG - Batch 60 grad norm: 1.023064
2026-06-16 06:48:13,307 - debug - DEBUG - Batch 70 grad norm: 1.116691
2026-06-16 06:48:14,454 - debug - DEBUG - Batch 80 grad norm: 0.772410
2026-06-16 06:48:15,586 - debug - DEBUG - Batch 90 grad norm: 1.014876
2026-06-16 06:48:16,781 - debug - DEBUG - Batch 100 grad norm: 1.007267
2026-06-16 06:48:17,833 - debug - DEBUG - Batch 110 grad norm: 1.097944
2026-06-16 06:48:19,012 - debug - DEBUG - Batch 120 grad norm: 1.112140
2026-06-16 06:48:20,121 - debug - DEBUG - Batch 130 grad norm: 1.109706
2026-06-16 06:48:21,243 - debug - DEBUG - Batch 140 grad norm: 1.149359
2026-06-16 06:48:22,403 - debug - DEBUG - Batch 150 grad norm: 1.217970
2026-06-16 06:48:23,534 - debug - DEBUG - Batch 160 grad norm: 1.125944
2026-06-16 06:48:24,689 - debug - DEBUG - Batch 170 grad norm: 1.338731
2026-06-16 06:48:25,699 - debug - DEBUG - Batch 180 grad norm: 1.130022
2026-06-16 06:48:26,944 - debug - DEBUG - Batch 190 grad norm: 0.846155
2026-06-16 06:48:27,264 - debug - DEBUG - compute_metrics_and_record started for epoch 31
2026-06-16 06:48:27,264 - debug - DEBUG - all_preds length: 25000, all_targets length: 25000
2026-06-16 06:48:27,264 - debug - DEBUG - First 10 preds: [7, 5, 8, 5, 8, 9, 2, 1, 4, 8]
2026-06-16 06:48:27,265 - debug - DEBUG - First 10 targets: [7, 5, 8, 5, 8, 9, 2, 1, 4, 8]
2026-06-16 06:48:27,270 - debug - DEBUG - Unique predicted classes: 10 (first 10: [0 1 2 3 4 5 6 7 8 9])
2026-06-16 06:48:27,270 - debug - DEBUG - Unique target classes: 10 (first 10: [0 1 2 3 4 5 6 7 8 9])
2026-06-16 06:48:29,454 - debug - DEBUG - compute_metrics_and_record started for epoch 31
2026-06-16 06:48:29,454 - debug - DEBUG - all_preds length: 10000, all_targets length: 10000
2026-06-16 06:48:29,455 - debug - DEBUG - First 10 preds: [3, 8, 8, 8, 6, 6, 1, 6, 3, 1]
2026-06-16 06:48:29,455 - debug - DEBUG - First 10 targets: [3, 8, 8, 0, 6, 6, 1, 6, 3, 1]
2026-06-16 06:48:29,457 - debug - DEBUG - Unique predicted classes: 10 (first 10: [0 1 2 3 4 5 6 7 8 9])
2026-06-16 06:48:29,457 - debug - DEBUG - Unique target classes: 10 (first 10: [0 1 2 3 4 5 6 7 8 9])
2026-06-16 06:48:29,763 - debug - DEBUG - Device Check - Batch 0
2026-06-16 06:48:29,764 - debug - DEBUG -   Config GPU ID: 1
2026-06-16 06:48:29,764 - debug - DEBUG -   Input Device:  cuda:1
2026-06-16 06:48:29,764 - debug - DEBUG -   Target Device: cuda:1
2026-06-16 06:48:29,764 - debug - DEBUG -   Model Device:  cuda:1
2026-06-16 06:48:29,765 - debug - DEBUG -   Criterion Weight Device: No weights
2026-06-16 06:48:30,294 - debug - DEBUG - Batch 0 grad norm: 0.981594
2026-06-16 06:48:31,407 - debug - DEBUG - Batch 10 grad norm: 0.943984
2026-06-16 06:48:32,530 - debug - DEBUG - Batch 20 grad norm: 0.891593
2026-06-16 06:48:33,659 - debug - DEBUG - Batch 30 grad norm: 0.976691
2026-06-16 06:48:34,796 - debug - DEBUG - Batch 40 grad norm: 1.032198
2026-06-16 06:48:35,930 - debug - DEBUG - Batch 50 grad norm: 1.177659
2026-06-16 06:48:37,084 - debug - DEBUG - Batch 60 grad norm: 1.086277
2026-06-16 06:48:38,199 - debug - DEBUG - Batch 70 grad norm: 1.083304
2026-06-16 06:48:39,353 - debug - DEBUG - Batch 80 grad norm: 0.888222
2026-06-16 06:48:40,464 - debug - DEBUG - Batch 90 grad norm: 0.878875
2026-06-16 06:48:41,616 - debug - DEBUG - Batch 100 grad norm: 1.032418
2026-06-16 06:48:42,702 - debug - DEBUG - Batch 110 grad norm: 1.091377
2026-06-16 06:48:43,936 - debug - DEBUG - Batch 120 grad norm: 1.141382
2026-06-16 06:48:44,933 - debug - DEBUG - Batch 130 grad norm: 1.076496
2026-06-16 06:48:46,076 - debug - DEBUG - Batch 140 grad norm: 1.180073
2026-06-16 06:48:47,178 - debug - DEBUG - Batch 150 grad norm: 1.214729
2026-06-16 06:48:48,306 - debug - DEBUG - Batch 160 grad norm: 1.219419
2026-06-16 06:48:49,424 - debug - DEBUG - Batch 170 grad norm: 1.006559
2026-06-16 06:48:50,547 - debug - DEBUG - Batch 180 grad norm: 1.218790
2026-06-16 06:48:51,678 - debug - DEBUG - Batch 190 grad norm: 1.030833
2026-06-16 06:48:51,998 - debug - DEBUG - compute_metrics_and_record started for epoch 32
2026-06-16 06:48:51,998 - debug - DEBUG - all_preds length: 25000, all_targets length: 25000
2026-06-16 06:48:51,998 - debug - DEBUG - First 10 preds: [1, 3, 8, 8, 2, 8, 8, 6, 6, 2]
2026-06-16 06:48:51,998 - debug - DEBUG - First 10 targets: [1, 3, 8, 8, 2, 8, 8, 6, 6, 2]
2026-06-16 06:48:52,005 - debug - DEBUG - Unique predicted classes: 10 (first 10: [0 1 2 3 4 5 6 7 8 9])
2026-06-16 06:48:52,005 - debug - DEBUG - Unique target classes: 10 (first 10: [0 1 2 3 4 5 6 7 8 9])
2026-06-16 06:48:54,273 - debug - DEBUG - compute_metrics_and_record started for epoch 32
2026-06-16 06:48:54,273 - debug - DEBUG - all_preds length: 10000, all_targets length: 10000
2026-06-16 06:48:54,273 - debug - DEBUG - First 10 preds: [3, 8, 8, 8, 6, 6, 9, 6, 3, 6]
2026-06-16 06:48:54,273 - debug - DEBUG - First 10 targets: [3, 8, 8, 0, 6, 6, 1, 6, 3, 1]
2026-06-16 06:48:54,276 - debug - DEBUG - Unique predicted classes: 10 (first 10: [0 1 2 3 4 5 6 7 8 9])
2026-06-16 06:48:54,276 - debug - DEBUG - Unique target classes: 10 (first 10: [0 1 2 3 4 5 6 7 8 9])
2026-06-16 06:48:54,524 - debug - DEBUG - Device Check - Batch 0
2026-06-16 06:48:54,525 - debug - DEBUG -   Config GPU ID: 1
2026-06-16 06:48:54,525 - debug - DEBUG -   Input Device:  cuda:1
2026-06-16 06:48:54,525 - debug - DEBUG -   Target Device: cuda:1
2026-06-16 06:48:54,526 - debug - DEBUG -   Model Device:  cuda:1
2026-06-16 06:48:54,526 - debug - DEBUG -   Criterion Weight Device: No weights
2026-06-16 06:48:55,017 - debug - DEBUG - Batch 0 grad norm: 1.253742
2026-06-16 06:48:56,158 - debug - DEBUG - Batch 10 grad norm: 1.099158
2026-06-16 06:48:57,299 - debug - DEBUG - Batch 20 grad norm: 0.939169
2026-06-16 06:48:58,422 - debug - DEBUG - Batch 30 grad norm: 1.225375
2026-06-16 06:48:59,518 - debug - DEBUG - Batch 40 grad norm: 1.087409
2026-06-16 06:49:00,625 - debug - DEBUG - Batch 50 grad norm: 0.830096
2026-06-16 06:49:01,673 - debug - DEBUG - Batch 60 grad norm: 0.930579
2026-06-16 06:49:02,792 - debug - DEBUG - Batch 70 grad norm: 1.279250
2026-06-16 06:49:03,896 - debug - DEBUG - Batch 80 grad norm: 1.112290
2026-06-16 06:49:05,020 - debug - DEBUG - Batch 90 grad norm: 0.957596
2026-06-16 06:49:06,105 - debug - DEBUG - Batch 100 grad norm: 0.939616
2026-06-16 06:49:07,239 - debug - DEBUG - Batch 110 grad norm: 0.935618
2026-06-16 06:49:08,396 - debug - DEBUG - Batch 120 grad norm: 1.306397
2026-06-16 06:49:09,404 - debug - DEBUG - Batch 130 grad norm: 1.226552
2026-06-16 06:49:10,563 - debug - DEBUG - Batch 140 grad norm: 1.278592
2026-06-16 06:49:11,587 - debug - DEBUG - Batch 150 grad norm: 1.105031
2026-06-16 06:49:12,710 - debug - DEBUG - Batch 160 grad norm: 0.999525
2026-06-16 06:49:13,777 - debug - DEBUG - Batch 170 grad norm: 1.033461
2026-06-16 06:49:14,909 - debug - DEBUG - Batch 180 grad norm: 0.845587
2026-06-16 06:49:16,011 - debug - DEBUG - Batch 190 grad norm: 0.935483
2026-06-16 06:49:16,464 - debug - DEBUG - compute_metrics_and_record started for epoch 33
2026-06-16 06:49:16,465 - debug - DEBUG - all_preds length: 25000, all_targets length: 25000
2026-06-16 06:49:16,465 - debug - DEBUG - First 10 preds: [2, 0, 4, 5, 6, 4, 8, 3, 5, 8]
2026-06-16 06:49:16,465 - debug - DEBUG - First 10 targets: [2, 0, 4, 5, 6, 4, 8, 3, 5, 8]
2026-06-16 06:49:16,471 - debug - DEBUG - Unique predicted classes: 10 (first 10: [0 1 2 3 4 5 6 7 8 9])
2026-06-16 06:49:16,472 - debug - DEBUG - Unique target classes: 10 (first 10: [0 1 2 3 4 5 6 7 8 9])
2026-06-16 06:49:18,589 - debug - DEBUG - compute_metrics_and_record started for epoch 33
2026-06-16 06:49:18,589 - debug - DEBUG - all_preds length: 10000, all_targets length: 10000
2026-06-16 06:49:18,589 - debug - DEBUG - First 10 preds: [3, 1, 1, 0, 6, 3, 1, 2, 3, 9]
2026-06-16 06:49:18,589 - debug - DEBUG - First 10 targets: [3, 8, 8, 0, 6, 6, 1, 6, 3, 1]
2026-06-16 06:49:18,592 - debug - DEBUG - Unique predicted classes: 10 (first 10: [0 1 2 3 4 5 6 7 8 9])
2026-06-16 06:49:18,592 - debug - DEBUG - Unique target classes: 10 (first 10: [0 1 2 3 4 5 6 7 8 9])
2026-06-16 06:49:18,846 - debug - DEBUG - Device Check - Batch 0
2026-06-16 06:49:18,847 - debug - DEBUG -   Config GPU ID: 1
2026-06-16 06:49:18,847 - debug - DEBUG -   Input Device:  cuda:1
2026-06-16 06:49:18,847 - debug - DEBUG -   Target Device: cuda:1
2026-06-16 06:49:18,847 - debug - DEBUG -   Model Device:  cuda:1
2026-06-16 06:49:18,848 - debug - DEBUG -   Criterion Weight Device: No weights
2026-06-16 06:49:19,262 - debug - DEBUG - Batch 0 grad norm: 0.852104
2026-06-16 06:49:20,365 - debug - DEBUG - Batch 10 grad norm: 0.907889
2026-06-16 06:49:21,494 - debug - DEBUG - Batch 20 grad norm: 1.241135
2026-06-16 06:49:22,602 - debug - DEBUG - Batch 30 grad norm: 1.230648
2026-06-16 06:49:23,741 - debug - DEBUG - Batch 40 grad norm: 1.211540
2026-06-16 06:49:24,840 - debug - DEBUG - Batch 50 grad norm: 0.969675
2026-06-16 06:49:25,977 - debug - DEBUG - Batch 60 grad norm: 0.866941
2026-06-16 06:49:27,107 - debug - DEBUG - Batch 70 grad norm: 1.114816
2026-06-16 06:49:28,224 - debug - DEBUG - Batch 80 grad norm: 0.963212
2026-06-16 06:49:29,352 - debug - DEBUG - Batch 90 grad norm: 1.073511
2026-06-16 06:49:30,503 - debug - DEBUG - Batch 100 grad norm: 1.177412
2026-06-16 06:49:31,668 - debug - DEBUG - Batch 110 grad norm: 1.211741
2026-06-16 06:49:32,857 - debug - DEBUG - Batch 120 grad norm: 1.130041
2026-06-16 06:49:33,858 - debug - DEBUG - Batch 130 grad norm: 0.953381
2026-06-16 06:49:34,998 - debug - DEBUG - Batch 140 grad norm: 1.099372
2026-06-16 06:49:36,142 - debug - DEBUG - Batch 150 grad norm: 1.044157
2026-06-16 06:49:37,279 - debug - DEBUG - Batch 160 grad norm: 0.925315
2026-06-16 06:49:38,424 - debug - DEBUG - Batch 170 grad norm: 0.849359
2026-06-16 06:49:39,561 - debug - DEBUG - Batch 180 grad norm: 0.949782
2026-06-16 06:49:40,709 - debug - DEBUG - Batch 190 grad norm: 1.222591
2026-06-16 06:49:41,079 - debug - DEBUG - compute_metrics_and_record started for epoch 34
2026-06-16 06:49:41,079 - debug - DEBUG - all_preds length: 25000, all_targets length: 25000
2026-06-16 06:49:41,080 - debug - DEBUG - First 10 preds: [2, 2, 6, 5, 3, 4, 9, 2, 0, 5]
2026-06-16 06:49:41,080 - debug - DEBUG - First 10 targets: [2, 2, 6, 5, 0, 4, 9, 2, 0, 5]
2026-06-16 06:49:41,087 - debug - DEBUG - Unique predicted classes: 10 (first 10: [0 1 2 3 4 5 6 7 8 9])
2026-06-16 06:49:41,087 - debug - DEBUG - Unique target classes: 10 (first 10: [0 1 2 3 4 5 6 7 8 9])
2026-06-16 06:49:43,309 - debug - DEBUG - compute_metrics_and_record started for epoch 34
2026-06-16 06:49:43,310 - debug - DEBUG - all_preds length: 10000, all_targets length: 10000
2026-06-16 06:49:43,310 - debug - DEBUG - First 10 preds: [3, 8, 1, 8, 6, 6, 9, 6, 3, 1]
2026-06-16 06:49:43,310 - debug - DEBUG - First 10 targets: [3, 8, 8, 0, 6, 6, 1, 6, 3, 1]
2026-06-16 06:49:43,314 - debug - DEBUG - Unique predicted classes: 10 (first 10: [0 1 2 3 4 5 6 7 8 9])
2026-06-16 06:49:43,315 - debug - DEBUG - Unique target classes: 10 (first 10: [0 1 2 3 4 5 6 7 8 9])
2026-06-16 06:49:43,573 - debug - DEBUG - Device Check - Batch 0
2026-06-16 06:49:43,574 - debug - DEBUG -   Config GPU ID: 1
2026-06-16 06:49:43,574 - debug - DEBUG -   Input Device:  cuda:1
2026-06-16 06:49:43,574 - debug - DEBUG -   Target Device: cuda:1
2026-06-16 06:49:43,575 - debug - DEBUG -   Model Device:  cuda:1
2026-06-16 06:49:43,575 - debug - DEBUG -   Criterion Weight Device: No weights
2026-06-16 06:49:44,048 - debug - DEBUG - Batch 0 grad norm: 0.974332
2026-06-16 06:49:45,172 - debug - DEBUG - Batch 10 grad norm: 1.057170
2026-06-16 06:49:46,308 - debug - DEBUG - Batch 20 grad norm: 0.769378
2026-06-16 06:49:47,398 - debug - DEBUG - Batch 30 grad norm: 0.990578
2026-06-16 06:49:48,535 - debug - DEBUG - Batch 40 grad norm: 0.935445
2026-06-16 06:49:49,701 - debug - DEBUG - Batch 50 grad norm: 0.811257
2026-06-16 06:49:50,827 - debug - DEBUG - Batch 60 grad norm: 0.892364
2026-06-16 06:49:51,818 - debug - DEBUG - Batch 70 grad norm: 1.139071
2026-06-16 06:49:52,994 - debug - DEBUG - Batch 80 grad norm: 1.069100
2026-06-16 06:49:54,137 - debug - DEBUG - Batch 90 grad norm: 1.141844
2026-06-16 06:49:55,143 - debug - DEBUG - Batch 100 grad norm: 1.295184
2026-06-16 06:49:56,314 - debug - DEBUG - Batch 110 grad norm: 0.687879
2026-06-16 06:49:57,493 - debug - DEBUG - Batch 120 grad norm: 1.252552
2026-06-16 06:49:58,502 - debug - DEBUG - Batch 130 grad norm: 0.898745
2026-06-16 06:49:59,634 - debug - DEBUG - Batch 140 grad norm: 1.018337
2026-06-16 06:50:00,784 - debug - DEBUG - Batch 150 grad norm: 1.215997
2026-06-16 06:50:01,935 - debug - DEBUG - Batch 160 grad norm: 1.084235
2026-06-16 06:50:03,088 - debug - DEBUG - Batch 170 grad norm: 1.073654
2026-06-16 06:50:04,206 - debug - DEBUG - Batch 180 grad norm: 1.220931
2026-06-16 06:50:05,359 - debug - DEBUG - Batch 190 grad norm: 1.410033
2026-06-16 06:50:05,792 - debug - DEBUG - compute_metrics_and_record started for epoch 35
2026-06-16 06:50:05,793 - debug - DEBUG - all_preds length: 25000, all_targets length: 25000
2026-06-16 06:50:05,793 - debug - DEBUG - First 10 preds: [1, 0, 3, 7, 9, 2, 2, 6, 1, 5]
2026-06-16 06:50:05,793 - debug - DEBUG - First 10 targets: [1, 0, 3, 7, 9, 2, 2, 6, 1, 5]
2026-06-16 06:50:05,799 - debug - DEBUG - Unique predicted classes: 10 (first 10: [0 1 2 3 4 5 6 7 8 9])
2026-06-16 06:50:05,800 - debug - DEBUG - Unique target classes: 10 (first 10: [0 1 2 3 4 5 6 7 8 9])
2026-06-16 06:50:08,241 - debug - DEBUG - compute_metrics_and_record started for epoch 35
2026-06-16 06:50:08,241 - debug - DEBUG - all_preds length: 10000, all_targets length: 10000
2026-06-16 06:50:08,241 - debug - DEBUG - First 10 preds: [0, 8, 1, 8, 6, 6, 1, 6, 7, 1]
2026-06-16 06:50:08,241 - debug - DEBUG - First 10 targets: [3, 8, 8, 0, 6, 6, 1, 6, 3, 1]
2026-06-16 06:50:08,244 - debug - DEBUG - Unique predicted classes: 10 (first 10: [0 1 2 3 4 5 6 7 8 9])
2026-06-16 06:50:08,244 - debug - DEBUG - Unique target classes: 10 (first 10: [0 1 2 3 4 5 6 7 8 9])
2026-06-16 06:50:08,533 - debug - DEBUG - Device Check - Batch 0
2026-06-16 06:50:08,534 - debug - DEBUG -   Config GPU ID: 1
2026-06-16 06:50:08,534 - debug - DEBUG -   Input Device:  cuda:1
2026-06-16 06:50:08,534 - debug - DEBUG -   Target Device: cuda:1
2026-06-16 06:50:08,534 - debug - DEBUG -   Model Device:  cuda:1
2026-06-16 06:50:08,534 - debug - DEBUG -   Criterion Weight Device: No weights
2026-06-16 06:50:09,106 - debug - DEBUG - Batch 0 grad norm: 0.845078
2026-06-16 06:50:10,223 - debug - DEBUG - Batch 10 grad norm: 1.175138
2026-06-16 06:50:11,375 - debug - DEBUG - Batch 20 grad norm: 1.126973
2026-06-16 06:50:12,503 - debug - DEBUG - Batch 30 grad norm: 1.319853
2026-06-16 06:50:13,638 - debug - DEBUG - Batch 40 grad norm: 1.110843
2026-06-16 06:50:14,760 - debug - DEBUG - Batch 50 grad norm: 1.027033
2026-06-16 06:50:15,895 - debug - DEBUG - Batch 60 grad norm: 1.207225
2026-06-16 06:50:17,029 - debug - DEBUG - Batch 70 grad norm: 1.054693
2026-06-16 06:50:18,130 - debug - DEBUG - Batch 80 grad norm: 1.202810
2026-06-16 06:50:19,267 - debug - DEBUG - Batch 90 grad norm: 1.220542
2026-06-16 06:50:20,340 - debug - DEBUG - Batch 100 grad norm: 0.978961
2026-06-16 06:50:21,574 - debug - DEBUG - Batch 110 grad norm: 0.924291
2026-06-16 06:50:22,641 - debug - DEBUG - Batch 120 grad norm: 0.874602
2026-06-16 06:50:23,806 - debug - DEBUG - Batch 130 grad norm: 1.031032
2026-06-16 06:50:24,895 - debug - DEBUG - Batch 140 grad norm: 1.015011
2026-06-16 06:50:26,025 - debug - DEBUG - Batch 150 grad norm: 1.215833
2026-06-16 06:50:27,167 - debug - DEBUG - Batch 160 grad norm: 1.188191
2026-06-16 06:50:28,308 - debug - DEBUG - Batch 170 grad norm: 0.983005
2026-06-16 06:50:29,439 - debug - DEBUG - Batch 180 grad norm: 1.136080
2026-06-16 06:50:30,573 - debug - DEBUG - Batch 190 grad norm: 1.027334
2026-06-16 06:50:30,935 - debug - DEBUG - compute_metrics_and_record started for epoch 36
2026-06-16 06:50:30,935 - debug - DEBUG - all_preds length: 25000, all_targets length: 25000
2026-06-16 06:50:30,935 - debug - DEBUG - First 10 preds: [8, 3, 3, 5, 2, 4, 9, 2, 7, 5]
2026-06-16 06:50:30,936 - debug - DEBUG - First 10 targets: [8, 3, 3, 5, 2, 4, 9, 2, 7, 5]
2026-06-16 06:50:30,945 - debug - DEBUG - Unique predicted classes: 10 (first 10: [0 1 2 3 4 5 6 7 8 9])
2026-06-16 06:50:30,945 - debug - DEBUG - Unique target classes: 10 (first 10: [0 1 2 3 4 5 6 7 8 9])
2026-06-16 06:50:33,316 - debug - DEBUG - compute_metrics_and_record started for epoch 36
2026-06-16 06:50:33,316 - debug - DEBUG - all_preds length: 10000, all_targets length: 10000
2026-06-16 06:50:33,316 - debug - DEBUG - First 10 preds: [3, 8, 1, 8, 6, 3, 1, 6, 3, 1]
2026-06-16 06:50:33,317 - debug - DEBUG - First 10 targets: [3, 8, 8, 0, 6, 6, 1, 6, 3, 1]
2026-06-16 06:50:33,319 - debug - DEBUG - Unique predicted classes: 10 (first 10: [0 1 2 3 4 5 6 7 8 9])
2026-06-16 06:50:33,319 - debug - DEBUG - Unique target classes: 10 (first 10: [0 1 2 3 4 5 6 7 8 9])
2026-06-16 06:50:33,617 - debug - DEBUG - Device Check - Batch 0
2026-06-16 06:50:33,618 - debug - DEBUG -   Config GPU ID: 1
2026-06-16 06:50:33,618 - debug - DEBUG -   Input Device:  cuda:1
2026-06-16 06:50:33,618 - debug - DEBUG -   Target Device: cuda:1
2026-06-16 06:50:33,618 - debug - DEBUG -   Model Device:  cuda:1
2026-06-16 06:50:33,618 - debug - DEBUG -   Criterion Weight Device: No weights
2026-06-16 06:50:34,126 - debug - DEBUG - Batch 0 grad norm: 1.045442
2026-06-16 06:50:35,063 - debug - DEBUG - Batch 10 grad norm: 0.787947
2026-06-16 06:50:36,279 - debug - DEBUG - Batch 20 grad norm: 0.946330
2026-06-16 06:50:37,317 - debug - DEBUG - Batch 30 grad norm: 0.877967
2026-06-16 06:50:38,402 - debug - DEBUG - Batch 40 grad norm: 1.267493
2026-06-16 06:50:39,477 - debug - DEBUG - Batch 50 grad norm: 1.147146
2026-06-16 06:50:40,598 - debug - DEBUG - Batch 60 grad norm: 0.938525
2026-06-16 06:50:41,697 - debug - DEBUG - Batch 70 grad norm: 0.973057
2026-06-16 06:50:42,785 - debug - DEBUG - Batch 80 grad norm: 1.251530
2026-06-16 06:50:43,946 - debug - DEBUG - Batch 90 grad norm: 1.099807
2026-06-16 06:50:44,945 - debug - DEBUG - Batch 100 grad norm: 1.173399
2026-06-16 06:50:46,157 - debug - DEBUG - Batch 110 grad norm: 1.248505
2026-06-16 06:50:47,236 - debug - DEBUG - Batch 120 grad norm: 1.171409
2026-06-16 06:50:48,346 - debug - DEBUG - Batch 130 grad norm: 1.271650
2026-06-16 06:50:49,487 - debug - DEBUG - Batch 140 grad norm: 0.798611
2026-06-16 06:50:50,605 - debug - DEBUG - Batch 150 grad norm: 0.824988
2026-06-16 06:50:51,627 - debug - DEBUG - Batch 160 grad norm: 1.146200
2026-06-16 06:50:52,742 - debug - DEBUG - Batch 170 grad norm: 0.916675
2026-06-16 06:50:53,858 - debug - DEBUG - Batch 180 grad norm: 1.204672
2026-06-16 06:50:54,973 - debug - DEBUG - Batch 190 grad norm: 1.267347
2026-06-16 06:50:55,432 - debug - DEBUG - compute_metrics_and_record started for epoch 37
2026-06-16 06:50:55,432 - debug - DEBUG - all_preds length: 25000, all_targets length: 25000
2026-06-16 06:50:55,432 - debug - DEBUG - First 10 preds: [4, 3, 2, 9, 6, 4, 6, 6, 4, 0]
2026-06-16 06:50:55,432 - debug - DEBUG - First 10 targets: [4, 3, 2, 9, 6, 4, 6, 6, 4, 0]
2026-06-16 06:50:55,437 - debug - DEBUG - Unique predicted classes: 10 (first 10: [0 1 2 3 4 5 6 7 8 9])
2026-06-16 06:50:55,438 - debug - DEBUG - Unique target classes: 10 (first 10: [0 1 2 3 4 5 6 7 8 9])
2026-06-16 06:50:57,778 - debug - DEBUG - compute_metrics_and_record started for epoch 37
2026-06-16 06:50:57,779 - debug - DEBUG - all_preds length: 10000, all_targets length: 10000
2026-06-16 06:50:57,779 - debug - DEBUG - First 10 preds: [3, 8, 1, 8, 6, 3, 1, 2, 3, 1]
2026-06-16 06:50:57,779 - debug - DEBUG - First 10 targets: [3, 8, 8, 0, 6, 6, 1, 6, 3, 1]
2026-06-16 06:50:57,782 - debug - DEBUG - Unique predicted classes: 10 (first 10: [0 1 2 3 4 5 6 7 8 9])
2026-06-16 06:50:57,782 - debug - DEBUG - Unique target classes: 10 (first 10: [0 1 2 3 4 5 6 7 8 9])
2026-06-16 06:50:58,072 - debug - DEBUG - Device Check - Batch 0
2026-06-16 06:50:58,073 - debug - DEBUG -   Config GPU ID: 1
2026-06-16 06:50:58,073 - debug - DEBUG -   Input Device:  cuda:1
2026-06-16 06:50:58,073 - debug - DEBUG -   Target Device: cuda:1
2026-06-16 06:50:58,073 - debug - DEBUG -   Model Device:  cuda:1
2026-06-16 06:50:58,073 - debug - DEBUG -   Criterion Weight Device: No weights
2026-06-16 06:50:58,565 - debug - DEBUG - Batch 0 grad norm: 0.822550
2026-06-16 06:50:59,693 - debug - DEBUG - Batch 10 grad norm: 1.014365
2026-06-16 06:51:00,854 - debug - DEBUG - Batch 20 grad norm: 0.982890
2026-06-16 06:51:01,952 - debug - DEBUG - Batch 30 grad norm: 0.924548
2026-06-16 06:51:03,099 - debug - DEBUG - Batch 40 grad norm: 1.258199
2026-06-16 06:51:04,219 - debug - DEBUG - Batch 50 grad norm: 0.917509
2026-06-16 06:51:05,344 - debug - DEBUG - Batch 60 grad norm: 1.173332
2026-06-16 06:51:06,397 - debug - DEBUG - Batch 70 grad norm: 1.035613
2026-06-16 06:51:07,555 - debug - DEBUG - Batch 80 grad norm: 1.166791
2026-06-16 06:51:08,655 - debug - DEBUG - Batch 90 grad norm: 0.974049
2026-06-16 06:51:09,772 - debug - DEBUG - Batch 100 grad norm: 1.176303
2026-06-16 06:51:10,915 - debug - DEBUG - Batch 110 grad norm: 1.169588
2026-06-16 06:51:12,086 - debug - DEBUG - Batch 120 grad norm: 1.367370
2026-06-16 06:51:13,084 - debug - DEBUG - Batch 130 grad norm: 1.348636
2026-06-16 06:51:14,218 - debug - DEBUG - Batch 140 grad norm: 1.128020
2026-06-16 06:51:15,346 - debug - DEBUG - Batch 150 grad norm: 1.293979
2026-06-16 06:51:16,482 - debug - DEBUG - Batch 160 grad norm: 1.085814
2026-06-16 06:51:17,604 - debug - DEBUG - Batch 170 grad norm: 1.162878
2026-06-16 06:51:18,690 - debug - DEBUG - Batch 180 grad norm: 0.947546
2026-06-16 06:51:19,934 - debug - DEBUG - Batch 190 grad norm: 1.032806
2026-06-16 06:51:20,321 - debug - DEBUG - compute_metrics_and_record started for epoch 38
2026-06-16 06:51:20,321 - debug - DEBUG - all_preds length: 25000, all_targets length: 25000
2026-06-16 06:51:20,321 - debug - DEBUG - First 10 preds: [5, 9, 6, 2, 7, 2, 1, 1, 7, 0]
2026-06-16 06:51:20,321 - debug - DEBUG - First 10 targets: [5, 9, 6, 2, 7, 2, 1, 1, 7, 0]
2026-06-16 06:51:20,326 - debug - DEBUG - Unique predicted classes: 10 (first 10: [0 1 2 3 4 5 6 7 8 9])
2026-06-16 06:51:20,326 - debug - DEBUG - Unique target classes: 10 (first 10: [0 1 2 3 4 5 6 7 8 9])
2026-06-16 06:51:22,583 - debug - DEBUG - compute_metrics_and_record started for epoch 38
2026-06-16 06:51:22,584 - debug - DEBUG - all_preds length: 10000, all_targets length: 10000
2026-06-16 06:51:22,584 - debug - DEBUG - First 10 preds: [3, 8, 1, 8, 6, 3, 1, 4, 3, 1]
2026-06-16 06:51:22,584 - debug - DEBUG - First 10 targets: [3, 8, 8, 0, 6, 6, 1, 6, 3, 1]
2026-06-16 06:51:22,587 - debug - DEBUG - Unique predicted classes: 10 (first 10: [0 1 2 3 4 5 6 7 8 9])
2026-06-16 06:51:22,587 - debug - DEBUG - Unique target classes: 10 (first 10: [0 1 2 3 4 5 6 7 8 9])
2026-06-16 06:51:22,872 - debug - DEBUG - Device Check - Batch 0
2026-06-16 06:51:22,873 - debug - DEBUG -   Config GPU ID: 1
2026-06-16 06:51:22,873 - debug - DEBUG -   Input Device:  cuda:1
2026-06-16 06:51:22,873 - debug - DEBUG -   Target Device: cuda:1
2026-06-16 06:51:22,873 - debug - DEBUG -   Model Device:  cuda:1
2026-06-16 06:51:22,874 - debug - DEBUG -   Criterion Weight Device: No weights
2026-06-16 06:51:23,394 - debug - DEBUG - Batch 0 grad norm: 0.715243
2026-06-16 06:51:24,538 - debug - DEBUG - Batch 10 grad norm: 1.205149
2026-06-16 06:51:25,689 - debug - DEBUG - Batch 20 grad norm: 1.010078
2026-06-16 06:51:26,813 - debug - DEBUG - Batch 30 grad norm: 1.019410
2026-06-16 06:51:27,951 - debug - DEBUG - Batch 40 grad norm: 1.217511
2026-06-16 06:51:29,079 - debug - DEBUG - Batch 50 grad norm: 1.114368
2026-06-16 06:51:30,204 - debug - DEBUG - Batch 60 grad norm: 1.363731
2026-06-16 06:51:31,349 - debug - DEBUG - Batch 70 grad norm: 1.031907
2026-06-16 06:51:32,461 - debug - DEBUG - Batch 80 grad norm: 0.998982
2026-06-16 06:51:33,613 - debug - DEBUG - Batch 90 grad norm: 1.150928
2026-06-16 06:51:34,628 - debug - DEBUG - Batch 100 grad norm: 1.207976
2026-06-16 06:51:35,788 - debug - DEBUG - Batch 110 grad norm: 1.211384
2026-06-16 06:51:36,920 - debug - DEBUG - Batch 120 grad norm: 0.941401
2026-06-16 06:51:37,997 - debug - DEBUG - Batch 130 grad norm: 1.175362
2026-06-16 06:51:39,095 - debug - DEBUG - Batch 140 grad norm: 1.204337
2026-06-16 06:51:40,259 - debug - DEBUG - Batch 150 grad norm: 1.227447
2026-06-16 06:51:41,374 - debug - DEBUG - Batch 160 grad norm: 1.020260
2026-06-16 06:51:42,493 - debug - DEBUG - Batch 170 grad norm: 0.638631
2026-06-16 06:51:43,617 - debug - DEBUG - Batch 180 grad norm: 1.145351
2026-06-16 06:51:44,754 - debug - DEBUG - Batch 190 grad norm: 1.149745
2026-06-16 06:51:45,124 - debug - DEBUG - compute_metrics_and_record started for epoch 39
2026-06-16 06:51:45,125 - debug - DEBUG - all_preds length: 25000, all_targets length: 25000
2026-06-16 06:51:45,125 - debug - DEBUG - First 10 preds: [1, 6, 6, 9, 5, 5, 2, 2, 2, 0]
2026-06-16 06:51:45,125 - debug - DEBUG - First 10 targets: [1, 6, 6, 9, 5, 5, 2, 2, 2, 0]
2026-06-16 06:51:45,134 - debug - DEBUG - Unique predicted classes: 10 (first 10: [0 1 2 3 4 5 6 7 8 9])
2026-06-16 06:51:45,134 - debug - DEBUG - Unique target classes: 10 (first 10: [0 1 2 3 4 5 6 7 8 9])
2026-06-16 06:51:47,450 - debug - DEBUG - compute_metrics_and_record started for epoch 39
2026-06-16 06:51:47,450 - debug - DEBUG - all_preds length: 10000, all_targets length: 10000
2026-06-16 06:51:47,450 - debug - DEBUG - First 10 preds: [3, 8, 8, 8, 6, 6, 1, 6, 3, 1]
2026-06-16 06:51:47,450 - debug - DEBUG - First 10 targets: [3, 8, 8, 0, 6, 6, 1, 6, 3, 1]
2026-06-16 06:51:47,452 - debug - DEBUG - Unique predicted classes: 10 (first 10: [0 1 2 3 4 5 6 7 8 9])
2026-06-16 06:51:47,453 - debug - DEBUG - Unique target classes: 10 (first 10: [0 1 2 3 4 5 6 7 8 9])
2026-06-16 06:51:47,740 - debug - DEBUG - Device Check - Batch 0
2026-06-16 06:51:47,741 - debug - DEBUG -   Config GPU ID: 1
2026-06-16 06:51:47,741 - debug - DEBUG -   Input Device:  cuda:1
2026-06-16 06:51:47,741 - debug - DEBUG -   Target Device: cuda:1
2026-06-16 06:51:47,741 - debug - DEBUG -   Model Device:  cuda:1
2026-06-16 06:51:47,741 - debug - DEBUG -   Criterion Weight Device: No weights
2026-06-16 06:51:48,283 - debug - DEBUG - Batch 0 grad norm: 1.151568
2026-06-16 06:51:49,401 - debug - DEBUG - Batch 10 grad norm: 1.124838
2026-06-16 06:51:50,551 - debug - DEBUG - Batch 20 grad norm: 1.187077
2026-06-16 06:51:51,652 - debug - DEBUG - Batch 30 grad norm: 0.963464
2026-06-16 06:51:52,788 - debug - DEBUG - Batch 40 grad norm: 1.072461
2026-06-16 06:51:53,915 - debug - DEBUG - Batch 50 grad norm: 0.942575
2026-06-16 06:51:55,007 - debug - DEBUG - Batch 60 grad norm: 0.849589
2026-06-16 06:51:56,146 - debug - DEBUG - Batch 70 grad norm: 1.215178
2026-06-16 06:51:57,249 - debug - DEBUG - Batch 80 grad norm: 1.246494
2026-06-16 06:51:58,389 - debug - DEBUG - Batch 90 grad norm: 1.222460
2026-06-16 06:51:59,452 - debug - DEBUG - Batch 100 grad norm: 1.260107
2026-06-16 06:52:00,605 - debug - DEBUG - Batch 110 grad norm: 1.129125
2026-06-16 06:52:01,662 - debug - DEBUG - Batch 120 grad norm: 0.908222
2026-06-16 06:52:02,879 - debug - DEBUG - Batch 130 grad norm: 1.447255
2026-06-16 06:52:03,903 - debug - DEBUG - Batch 140 grad norm: 1.037627
2026-06-16 06:52:05,033 - debug - DEBUG - Batch 150 grad norm: 1.484355
2026-06-16 06:52:06,189 - debug - DEBUG - Batch 160 grad norm: 1.327920
2026-06-16 06:52:07,318 - debug - DEBUG - Batch 170 grad norm: 1.095681
2026-06-16 06:52:08,440 - debug - DEBUG - Batch 180 grad norm: 1.151632
2026-06-16 06:52:09,553 - debug - DEBUG - Batch 190 grad norm: 1.130970
2026-06-16 06:52:09,918 - debug - DEBUG - compute_metrics_and_record started for epoch 40
2026-06-16 06:52:09,919 - debug - DEBUG - all_preds length: 25000, all_targets length: 25000
2026-06-16 06:52:09,919 - debug - DEBUG - First 10 preds: [9, 6, 0, 7, 4, 5, 5, 2, 5, 8]
2026-06-16 06:52:09,919 - debug - DEBUG - First 10 targets: [9, 6, 0, 7, 4, 5, 5, 6, 5, 8]
2026-06-16 06:52:09,926 - debug - DEBUG - Unique predicted classes: 10 (first 10: [0 1 2 3 4 5 6 7 8 9])
2026-06-16 06:52:09,926 - debug - DEBUG - Unique target classes: 10 (first 10: [0 1 2 3 4 5 6 7 8 9])
2026-06-16 06:52:12,254 - debug - DEBUG - compute_metrics_and_record started for epoch 40
2026-06-16 06:52:12,254 - debug - DEBUG - all_preds length: 10000, all_targets length: 10000
2026-06-16 06:52:12,254 - debug - DEBUG - First 10 preds: [3, 8, 8, 8, 6, 6, 1, 6, 3, 1]
2026-06-16 06:52:12,254 - debug - DEBUG - First 10 targets: [3, 8, 8, 0, 6, 6, 1, 6, 3, 1]
2026-06-16 06:52:12,256 - debug - DEBUG - Unique predicted classes: 10 (first 10: [0 1 2 3 4 5 6 7 8 9])
2026-06-16 06:52:12,257 - debug - DEBUG - Unique target classes: 10 (first 10: [0 1 2 3 4 5 6 7 8 9])
2026-06-16 06:52:12,554 - debug - DEBUG - Device Check - Batch 0
2026-06-16 06:52:12,555 - debug - DEBUG -   Config GPU ID: 1
2026-06-16 06:52:12,555 - debug - DEBUG -   Input Device:  cuda:1
2026-06-16 06:52:12,555 - debug - DEBUG -   Target Device: cuda:1
2026-06-16 06:52:12,555 - debug - DEBUG -   Model Device:  cuda:1
2026-06-16 06:52:12,555 - debug - DEBUG -   Criterion Weight Device: No weights
2026-06-16 06:52:13,077 - debug - DEBUG - Batch 0 grad norm: 1.148477
2026-06-16 06:52:14,183 - debug - DEBUG - Batch 10 grad norm: 0.816016
2026-06-16 06:52:15,325 - debug - DEBUG - Batch 20 grad norm: 0.901395
2026-06-16 06:52:16,435 - debug - DEBUG - Batch 30 grad norm: 1.127435
2026-06-16 06:52:17,561 - debug - DEBUG - Batch 40 grad norm: 1.077850
2026-06-16 06:52:18,666 - debug - DEBUG - Batch 50 grad norm: 1.057186
2026-06-16 06:52:19,787 - debug - DEBUG - Batch 60 grad norm: 1.031500
2026-06-16 06:52:20,916 - debug - DEBUG - Batch 70 grad norm: 1.079002
2026-06-16 06:52:22,049 - debug - DEBUG - Batch 80 grad norm: 1.071470
2026-06-16 06:52:23,194 - debug - DEBUG - Batch 90 grad norm: 0.854226
2026-06-16 06:52:24,237 - debug - DEBUG - Batch 100 grad norm: 1.204701
2026-06-16 06:52:25,487 - debug - DEBUG - Batch 110 grad norm: 1.490207
2026-06-16 06:52:26,558 - debug - DEBUG - Batch 120 grad norm: 1.072770
2026-06-16 06:52:27,690 - debug - DEBUG - Batch 130 grad norm: 1.119538
2026-06-16 06:52:28,821 - debug - DEBUG - Batch 140 grad norm: 1.064024
2026-06-16 06:52:29,928 - debug - DEBUG - Batch 150 grad norm: 0.707674
2026-06-16 06:52:31,082 - debug - DEBUG - Batch 160 grad norm: 0.721107
2026-06-16 06:52:32,213 - debug - DEBUG - Batch 170 grad norm: 1.091148
2026-06-16 06:52:33,365 - debug - DEBUG - Batch 180 grad norm: 0.986549
2026-06-16 06:52:34,497 - debug - DEBUG - Batch 190 grad norm: 0.962617
2026-06-16 06:52:34,797 - debug - DEBUG - compute_metrics_and_record started for epoch 41
2026-06-16 06:52:34,797 - debug - DEBUG - all_preds length: 25000, all_targets length: 25000
2026-06-16 06:52:34,798 - debug - DEBUG - First 10 preds: [1, 9, 6, 7, 1, 5, 8, 5, 0, 1]
2026-06-16 06:52:34,798 - debug - DEBUG - First 10 targets: [1, 9, 6, 7, 1, 5, 8, 5, 1, 1]
2026-06-16 06:52:34,804 - debug - DEBUG - Unique predicted classes: 10 (first 10: [0 1 2 3 4 5 6 7 8 9])
2026-06-16 06:52:34,804 - debug - DEBUG - Unique target classes: 10 (first 10: [0 1 2 3 4 5 6 7 8 9])
2026-06-16 06:52:37,084 - debug - DEBUG - compute_metrics_and_record started for epoch 41
2026-06-16 06:52:37,084 - debug - DEBUG - all_preds length: 10000, all_targets length: 10000
2026-06-16 06:52:37,084 - debug - DEBUG - First 10 preds: [3, 1, 1, 0, 6, 3, 9, 6, 3, 1]
2026-06-16 06:52:37,084 - debug - DEBUG - First 10 targets: [3, 8, 8, 0, 6, 6, 1, 6, 3, 1]
2026-06-16 06:52:37,087 - debug - DEBUG - Unique predicted classes: 10 (first 10: [0 1 2 3 4 5 6 7 8 9])
2026-06-16 06:52:37,087 - debug - DEBUG - Unique target classes: 10 (first 10: [0 1 2 3 4 5 6 7 8 9])
2026-06-16 06:52:37,369 - debug - DEBUG - Device Check - Batch 0
2026-06-16 06:52:37,370 - debug - DEBUG -   Config GPU ID: 1
2026-06-16 06:52:37,370 - debug - DEBUG -   Input Device:  cuda:1
2026-06-16 06:52:37,370 - debug - DEBUG -   Target Device: cuda:1
2026-06-16 06:52:37,370 - debug - DEBUG -   Model Device:  cuda:1
2026-06-16 06:52:37,370 - debug - DEBUG -   Criterion Weight Device: No weights
2026-06-16 06:52:37,876 - debug - DEBUG - Batch 0 grad norm: 1.196877
2026-06-16 06:52:38,959 - debug - DEBUG - Batch 10 grad norm: 1.017858
2026-06-16 06:52:40,068 - debug - DEBUG - Batch 20 grad norm: 1.004540
2026-06-16 06:52:41,104 - debug - DEBUG - Batch 30 grad norm: 1.293490
2026-06-16 06:52:42,192 - debug - DEBUG - Batch 40 grad norm: 1.129053
2026-06-16 06:52:43,300 - debug - DEBUG - Batch 50 grad norm: 1.262194
2026-06-16 06:52:44,330 - debug - DEBUG - Batch 60 grad norm: 0.854030
2026-06-16 06:52:45,465 - debug - DEBUG - Batch 70 grad norm: 0.958226
2026-06-16 06:52:46,603 - debug - DEBUG - Batch 80 grad norm: 1.252070
2026-06-16 06:52:47,589 - debug - DEBUG - Batch 90 grad norm: 0.784989
2026-06-16 06:52:48,721 - debug - DEBUG - Batch 100 grad norm: 1.085337
2026-06-16 06:52:49,940 - debug - DEBUG - Batch 110 grad norm: 0.933658
2026-06-16 06:52:50,942 - debug - DEBUG - Batch 120 grad norm: 0.915627
2026-06-16 06:52:52,136 - debug - DEBUG - Batch 130 grad norm: 1.025617
2026-06-16 06:52:53,277 - debug - DEBUG - Batch 140 grad norm: 1.036857
2026-06-16 06:52:54,401 - debug - DEBUG - Batch 150 grad norm: 1.156518
2026-06-16 06:52:55,501 - debug - DEBUG - Batch 160 grad norm: 1.091540
2026-06-16 06:52:56,626 - debug - DEBUG - Batch 170 grad norm: 1.227618
2026-06-16 06:52:57,710 - debug - DEBUG - Batch 180 grad norm: 1.021183
2026-06-16 06:52:58,790 - debug - DEBUG - Batch 190 grad norm: 1.121251
2026-06-16 06:52:59,203 - debug - DEBUG - compute_metrics_and_record started for epoch 42
2026-06-16 06:52:59,203 - debug - DEBUG - all_preds length: 25000, all_targets length: 25000
2026-06-16 06:52:59,204 - debug - DEBUG - First 10 preds: [6, 5, 1, 3, 6, 3, 9, 3, 3, 0]
2026-06-16 06:52:59,204 - debug - DEBUG - First 10 targets: [6, 5, 1, 6, 6, 3, 9, 2, 3, 0]
2026-06-16 06:52:59,210 - debug - DEBUG - Unique predicted classes: 10 (first 10: [0 1 2 3 4 5 6 7 8 9])
2026-06-16 06:52:59,211 - debug - DEBUG - Unique target classes: 10 (first 10: [0 1 2 3 4 5 6 7 8 9])
2026-06-16 06:53:01,520 - debug - DEBUG - compute_metrics_and_record started for epoch 42
2026-06-16 06:53:01,521 - debug - DEBUG - all_preds length: 10000, all_targets length: 10000
2026-06-16 06:53:01,521 - debug - DEBUG - First 10 preds: [3, 8, 1, 8, 6, 6, 1, 6, 3, 1]
2026-06-16 06:53:01,521 - debug - DEBUG - First 10 targets: [3, 8, 8, 0, 6, 6, 1, 6, 3, 1]
2026-06-16 06:53:01,523 - debug - DEBUG - Unique predicted classes: 10 (first 10: [0 1 2 3 4 5 6 7 8 9])
2026-06-16 06:53:01,524 - debug - DEBUG - Unique target classes: 10 (first 10: [0 1 2 3 4 5 6 7 8 9])
2026-06-16 06:53:01,810 - debug - DEBUG - Device Check - Batch 0
2026-06-16 06:53:01,810 - debug - DEBUG -   Config GPU ID: 1
2026-06-16 06:53:01,810 - debug - DEBUG -   Input Device:  cuda:1
2026-06-16 06:53:01,811 - debug - DEBUG -   Target Device: cuda:1
2026-06-16 06:53:01,811 - debug - DEBUG -   Model Device:  cuda:1
2026-06-16 06:53:01,811 - debug - DEBUG -   Criterion Weight Device: No weights
2026-06-16 06:53:02,218 - debug - DEBUG - Batch 0 grad norm: 0.908376
2026-06-16 06:53:03,355 - debug - DEBUG - Batch 10 grad norm: 0.827628
2026-06-16 06:53:04,463 - debug - DEBUG - Batch 20 grad norm: 0.860342
2026-06-16 06:53:05,574 - debug - DEBUG - Batch 30 grad norm: 1.233933
2026-06-16 06:53:06,741 - debug - DEBUG - Batch 40 grad norm: 0.809593
2026-06-16 06:53:07,801 - debug - DEBUG - Batch 50 grad norm: 1.121185
2026-06-16 06:53:08,922 - debug - DEBUG - Batch 60 grad norm: 0.983089
2026-06-16 06:53:09,970 - debug - DEBUG - Batch 70 grad norm: 1.131438
2026-06-16 06:53:11,117 - debug - DEBUG - Batch 80 grad norm: 1.070255
2026-06-16 06:53:12,192 - debug - DEBUG - Batch 90 grad norm: 1.245827
2026-06-16 06:53:13,364 - debug - DEBUG - Batch 100 grad norm: 1.016469
2026-06-16 06:53:14,505 - debug - DEBUG - Batch 110 grad norm: 1.277647
2026-06-16 06:53:15,463 - debug - DEBUG - Batch 120 grad norm: 0.980941
2026-06-16 06:53:16,575 - debug - DEBUG - Batch 130 grad norm: 1.129330
2026-06-16 06:53:17,703 - debug - DEBUG - Batch 140 grad norm: 0.992276
2026-06-16 06:53:18,850 - debug - DEBUG - Batch 150 grad norm: 1.225674
2026-06-16 06:53:19,990 - debug - DEBUG - Batch 160 grad norm: 1.138010
2026-06-16 06:53:21,128 - debug - DEBUG - Batch 170 grad norm: 1.160398
2026-06-16 06:53:22,256 - debug - DEBUG - Batch 180 grad norm: 0.996530
2026-06-16 06:53:23,401 - debug - DEBUG - Batch 190 grad norm: 1.068860
2026-06-16 06:53:23,783 - debug - DEBUG - compute_metrics_and_record started for epoch 43
2026-06-16 06:53:23,783 - debug - DEBUG - all_preds length: 25000, all_targets length: 25000
2026-06-16 06:53:23,783 - debug - DEBUG - First 10 preds: [9, 2, 5, 9, 0, 4, 8, 6, 1, 3]
2026-06-16 06:53:23,783 - debug - DEBUG - First 10 targets: [9, 2, 5, 9, 0, 4, 8, 6, 1, 3]
2026-06-16 06:53:23,788 - debug - DEBUG - Unique predicted classes: 10 (first 10: [0 1 2 3 4 5 6 7 8 9])
2026-06-16 06:53:23,789 - debug - DEBUG - Unique target classes: 10 (first 10: [0 1 2 3 4 5 6 7 8 9])
2026-06-16 06:53:26,012 - debug - DEBUG - compute_metrics_and_record started for epoch 43
2026-06-16 06:53:26,012 - debug - DEBUG - all_preds length: 10000, all_targets length: 10000
2026-06-16 06:53:26,013 - debug - DEBUG - First 10 preds: [3, 8, 1, 8, 6, 3, 9, 6, 3, 1]
2026-06-16 06:53:26,013 - debug - DEBUG - First 10 targets: [3, 8, 8, 0, 6, 6, 1, 6, 3, 1]
2026-06-16 06:53:26,015 - debug - DEBUG - Unique predicted classes: 10 (first 10: [0 1 2 3 4 5 6 7 8 9])
2026-06-16 06:53:26,015 - debug - DEBUG - Unique target classes: 10 (first 10: [0 1 2 3 4 5 6 7 8 9])
2026-06-16 06:53:26,255 - debug - DEBUG - Device Check - Batch 0
2026-06-16 06:53:26,256 - debug - DEBUG -   Config GPU ID: 1
2026-06-16 06:53:26,256 - debug - DEBUG -   Input Device:  cuda:1
2026-06-16 06:53:26,256 - debug - DEBUG -   Target Device: cuda:1
2026-06-16 06:53:26,257 - debug - DEBUG -   Model Device:  cuda:1
2026-06-16 06:53:26,257 - debug - DEBUG -   Criterion Weight Device: No weights
2026-06-16 06:53:26,708 - debug - DEBUG - Batch 0 grad norm: 1.197327
2026-06-16 06:53:27,690 - debug - DEBUG - Batch 10 grad norm: 1.040143
2026-06-16 06:53:28,821 - debug - DEBUG - Batch 20 grad norm: 1.262404
2026-06-16 06:53:29,963 - debug - DEBUG - Batch 30 grad norm: 1.129776
2026-06-16 06:53:30,985 - debug - DEBUG - Batch 40 grad norm: 1.053843
2026-06-16 06:53:32,095 - debug - DEBUG - Batch 50 grad norm: 1.309432
2026-06-16 06:53:33,205 - debug - DEBUG - Batch 60 grad norm: 0.952014
2026-06-16 06:53:34,297 - debug - DEBUG - Batch 70 grad norm: 1.055299
2026-06-16 06:53:35,403 - debug - DEBUG - Batch 80 grad norm: 1.144928
2026-06-16 06:53:36,561 - debug - DEBUG - Batch 90 grad norm: 0.897967
2026-06-16 06:53:37,693 - debug - DEBUG - Batch 100 grad norm: 1.222734
2026-06-16 06:53:38,852 - debug - DEBUG - Batch 110 grad norm: 1.166544
2026-06-16 06:53:39,880 - debug - DEBUG - Batch 120 grad norm: 1.132341
2026-06-16 06:53:40,988 - debug - DEBUG - Batch 130 grad norm: 1.015538
2026-06-16 06:53:42,149 - debug - DEBUG - Batch 140 grad norm: 0.999476
2026-06-16 06:53:43,239 - debug - DEBUG - Batch 150 grad norm: 1.207919
2026-06-16 06:53:44,370 - debug - DEBUG - Batch 160 grad norm: 1.061122
2026-06-16 06:53:45,464 - debug - DEBUG - Batch 170 grad norm: 1.198544
2026-06-16 06:53:46,606 - debug - DEBUG - Batch 180 grad norm: 1.109711
2026-06-16 06:53:47,734 - debug - DEBUG - Batch 190 grad norm: 1.129306
2026-06-16 06:53:48,140 - debug - DEBUG - compute_metrics_and_record started for epoch 44
2026-06-16 06:53:48,140 - debug - DEBUG - all_preds length: 25000, all_targets length: 25000
2026-06-16 06:53:48,140 - debug - DEBUG - First 10 preds: [7, 1, 5, 1, 7, 5, 9, 7, 7, 1]
2026-06-16 06:53:48,141 - debug - DEBUG - First 10 targets: [7, 1, 5, 1, 4, 5, 9, 7, 7, 1]
2026-06-16 06:53:48,147 - debug - DEBUG - Unique predicted classes: 10 (first 10: [0 1 2 3 4 5 6 7 8 9])
2026-06-16 06:53:48,147 - debug - DEBUG - Unique target classes: 10 (first 10: [0 1 2 3 4 5 6 7 8 9])
2026-06-16 06:53:50,398 - debug - DEBUG - compute_metrics_and_record started for epoch 44
2026-06-16 06:53:50,398 - debug - DEBUG - all_preds length: 10000, all_targets length: 10000
2026-06-16 06:53:50,398 - debug - DEBUG - First 10 preds: [3, 8, 8, 8, 6, 6, 1, 6, 3, 1]
2026-06-16 06:53:50,398 - debug - DEBUG - First 10 targets: [3, 8, 8, 0, 6, 6, 1, 6, 3, 1]
2026-06-16 06:53:50,401 - debug - DEBUG - Unique predicted classes: 10 (first 10: [0 1 2 3 4 5 6 7 8 9])
2026-06-16 06:53:50,401 - debug - DEBUG - Unique target classes: 10 (first 10: [0 1 2 3 4 5 6 7 8 9])
2026-06-16 06:53:50,684 - debug - DEBUG - Device Check - Batch 0
2026-06-16 06:53:50,685 - debug - DEBUG -   Config GPU ID: 1
2026-06-16 06:53:50,685 - debug - DEBUG -   Input Device:  cuda:1
2026-06-16 06:53:50,685 - debug - DEBUG -   Target Device: cuda:1
2026-06-16 06:53:50,685 - debug - DEBUG -   Model Device:  cuda:1
2026-06-16 06:53:50,685 - debug - DEBUG -   Criterion Weight Device: No weights
2026-06-16 06:53:51,116 - debug - DEBUG - Batch 0 grad norm: 0.903352
2026-06-16 06:53:52,244 - debug - DEBUG - Batch 10 grad norm: 0.936946
2026-06-16 06:53:53,370 - debug - DEBUG - Batch 20 grad norm: 1.205004
2026-06-16 06:53:54,485 - debug - DEBUG - Batch 30 grad norm: 0.974905
2026-06-16 06:53:55,603 - debug - DEBUG - Batch 40 grad norm: 1.264565
2026-06-16 06:53:56,746 - debug - DEBUG - Batch 50 grad norm: 1.018054
2026-06-16 06:53:57,868 - debug - DEBUG - Batch 60 grad norm: 0.988033
2026-06-16 06:53:58,981 - debug - DEBUG - Batch 70 grad norm: 1.097588
2026-06-16 06:54:00,118 - debug - DEBUG - Batch 80 grad norm: 0.987628
2026-06-16 06:54:01,247 - debug - DEBUG - Batch 90 grad norm: 1.111296
2026-06-16 06:54:02,401 - debug - DEBUG - Batch 100 grad norm: 1.301912
2026-06-16 06:54:03,593 - debug - DEBUG - Batch 110 grad norm: 0.970884
2026-06-16 06:54:04,602 - debug - DEBUG - Batch 120 grad norm: 1.065505
2026-06-16 06:54:05,730 - debug - DEBUG - Batch 130 grad norm: 1.333198
2026-06-16 06:54:06,859 - debug - DEBUG - Batch 140 grad norm: 0.982164
2026-06-16 06:54:07,972 - debug - DEBUG - Batch 150 grad norm: 1.140058
2026-06-16 06:54:09,083 - debug - DEBUG - Batch 160 grad norm: 1.086069
2026-06-16 06:54:10,125 - debug - DEBUG - Batch 170 grad norm: 0.716626
2026-06-16 06:54:11,126 - debug - DEBUG - Batch 180 grad norm: 1.198261
2026-06-16 06:54:12,223 - debug - DEBUG - Batch 190 grad norm: 1.179780
2026-06-16 06:54:12,648 - debug - DEBUG - compute_metrics_and_record started for epoch 45
2026-06-16 06:54:12,649 - debug - DEBUG - all_preds length: 25000, all_targets length: 25000
2026-06-16 06:54:12,649 - debug - DEBUG - First 10 preds: [8, 8, 5, 7, 8, 7, 9, 8, 1, 0]
2026-06-16 06:54:12,649 - debug - DEBUG - First 10 targets: [8, 8, 5, 7, 8, 7, 9, 8, 1, 0]
2026-06-16 06:54:12,657 - debug - DEBUG - Unique predicted classes: 10 (first 10: [0 1 2 3 4 5 6 7 8 9])
2026-06-16 06:54:12,657 - debug - DEBUG - Unique target classes: 10 (first 10: [0 1 2 3 4 5 6 7 8 9])
2026-06-16 06:54:14,830 - debug - DEBUG - compute_metrics_and_record started for epoch 45
2026-06-16 06:54:14,830 - debug - DEBUG - all_preds length: 10000, all_targets length: 10000
2026-06-16 06:54:14,831 - debug - DEBUG - First 10 preds: [5, 8, 0, 8, 6, 5, 1, 6, 3, 1]
2026-06-16 06:54:14,831 - debug - DEBUG - First 10 targets: [3, 8, 8, 0, 6, 6, 1, 6, 3, 1]
2026-06-16 06:54:14,833 - debug - DEBUG - Unique predicted classes: 10 (first 10: [0 1 2 3 4 5 6 7 8 9])
2026-06-16 06:54:14,833 - debug - DEBUG - Unique target classes: 10 (first 10: [0 1 2 3 4 5 6 7 8 9])
2026-06-16 06:54:15,119 - debug - DEBUG - Device Check - Batch 0
2026-06-16 06:54:15,120 - debug - DEBUG -   Config GPU ID: 1
2026-06-16 06:54:15,121 - debug - DEBUG -   Input Device:  cuda:1
2026-06-16 06:54:15,121 - debug - DEBUG -   Target Device: cuda:1
2026-06-16 06:54:15,121 - debug - DEBUG -   Model Device:  cuda:1
2026-06-16 06:54:15,122 - debug - DEBUG -   Criterion Weight Device: No weights
2026-06-16 06:54:15,568 - debug - DEBUG - Batch 0 grad norm: 0.937366
2026-06-16 06:54:16,699 - debug - DEBUG - Batch 10 grad norm: 1.430104
2026-06-16 06:54:17,829 - debug - DEBUG - Batch 20 grad norm: 0.997772
2026-06-16 06:54:19,018 - debug - DEBUG - Batch 30 grad norm: 1.016170
2026-06-16 06:54:20,144 - debug - DEBUG - Batch 40 grad norm: 0.872608
2026-06-16 06:54:21,351 - debug - DEBUG - Batch 50 grad norm: 0.962465
2026-06-16 06:54:22,490 - debug - DEBUG - Batch 60 grad norm: 1.185368
2026-06-16 06:54:23,644 - debug - DEBUG - Batch 70 grad norm: 1.057382
2026-06-16 06:54:24,776 - debug - DEBUG - Batch 80 grad norm: 0.845813
2026-06-16 06:54:25,842 - debug - DEBUG - Batch 90 grad norm: 1.174136
2026-06-16 06:54:26,999 - debug - DEBUG - Batch 100 grad norm: 1.282868
2026-06-16 06:54:28,102 - debug - DEBUG - Batch 110 grad norm: 1.818378
2026-06-16 06:54:29,179 - debug - DEBUG - Batch 120 grad norm: 1.248903
2026-06-16 06:54:30,324 - debug - DEBUG - Batch 130 grad norm: 1.048472
2026-06-16 06:54:31,494 - debug - DEBUG - Batch 140 grad norm: 1.205914
2026-06-16 06:54:32,614 - debug - DEBUG - Batch 150 grad norm: 1.292730
2026-06-16 06:54:33,777 - debug - DEBUG - Batch 160 grad norm: 1.365378
2026-06-16 06:54:34,868 - debug - DEBUG - Batch 170 grad norm: 0.894249
2026-06-16 06:54:35,988 - debug - DEBUG - Batch 180 grad norm: 1.154512
2026-06-16 06:54:37,109 - debug - DEBUG - Batch 190 grad norm: 1.349875
2026-06-16 06:54:37,498 - debug - DEBUG - compute_metrics_and_record started for epoch 46
2026-06-16 06:54:37,498 - debug - DEBUG - all_preds length: 25000, all_targets length: 25000
2026-06-16 06:54:37,498 - debug - DEBUG - First 10 preds: [3, 5, 0, 1, 1, 7, 5, 5, 3, 3]
2026-06-16 06:54:37,498 - debug - DEBUG - First 10 targets: [3, 5, 0, 1, 1, 7, 5, 5, 4, 3]
2026-06-16 06:54:37,504 - debug - DEBUG - Unique predicted classes: 10 (first 10: [0 1 2 3 4 5 6 7 8 9])
2026-06-16 06:54:37,504 - debug - DEBUG - Unique target classes: 10 (first 10: [0 1 2 3 4 5 6 7 8 9])
2026-06-16 06:54:39,862 - debug - DEBUG - compute_metrics_and_record started for epoch 46
2026-06-16 06:54:39,863 - debug - DEBUG - all_preds length: 10000, all_targets length: 10000
2026-06-16 06:54:39,863 - debug - DEBUG - First 10 preds: [3, 8, 8, 8, 6, 6, 1, 6, 3, 1]
2026-06-16 06:54:39,863 - debug - DEBUG - First 10 targets: [3, 8, 8, 0, 6, 6, 1, 6, 3, 1]
2026-06-16 06:54:39,865 - debug - DEBUG - Unique predicted classes: 10 (first 10: [0 1 2 3 4 5 6 7 8 9])
2026-06-16 06:54:39,866 - debug - DEBUG - Unique target classes: 10 (first 10: [0 1 2 3 4 5 6 7 8 9])
2026-06-16 06:54:40,152 - debug - DEBUG - Device Check - Batch 0
2026-06-16 06:54:40,153 - debug - DEBUG -   Config GPU ID: 1
2026-06-16 06:54:40,153 - debug - DEBUG -   Input Device:  cuda:1
2026-06-16 06:54:40,153 - debug - DEBUG -   Target Device: cuda:1
2026-06-16 06:54:40,153 - debug - DEBUG -   Model Device:  cuda:1
2026-06-16 06:54:40,153 - debug - DEBUG -   Criterion Weight Device: No weights
2026-06-16 06:54:40,707 - debug - DEBUG - Batch 0 grad norm: 0.937556
2026-06-16 06:54:41,812 - debug - DEBUG - Batch 10 grad norm: 1.153523
2026-06-16 06:54:42,921 - debug - DEBUG - Batch 20 grad norm: 1.457907
2026-06-16 06:54:44,038 - debug - DEBUG - Batch 30 grad norm: 1.225416
2026-06-16 06:54:45,139 - debug - DEBUG - Batch 40 grad norm: 0.979803
2026-06-16 06:54:46,218 - debug - DEBUG - Batch 50 grad norm: 0.921512
2026-06-16 06:54:47,325 - debug - DEBUG - Batch 60 grad norm: 1.089730
2026-06-16 06:54:48,407 - debug - DEBUG - Batch 70 grad norm: 1.145530
2026-06-16 06:54:49,499 - debug - DEBUG - Batch 80 grad norm: 1.014222
2026-06-16 06:54:50,470 - debug - DEBUG - Batch 90 grad norm: 1.162216
2026-06-16 06:54:51,660 - debug - DEBUG - Batch 100 grad norm: 1.062744
2026-06-16 06:54:52,735 - debug - DEBUG - Batch 110 grad norm: 1.291525
2026-06-16 06:54:53,806 - debug - DEBUG - Batch 120 grad norm: 1.237547
2026-06-16 06:54:54,922 - debug - DEBUG - Batch 130 grad norm: 1.167577
2026-06-16 06:54:56,129 - debug - DEBUG - Batch 140 grad norm: 0.950801
2026-06-16 06:54:56,952 - debug - DEBUG - Batch 150 grad norm: 0.862240
2026-06-16 06:54:57,882 - debug - DEBUG - Batch 160 grad norm: 1.039063
2026-06-16 06:54:58,789 - debug - DEBUG - Batch 170 grad norm: 0.965291
2026-06-16 06:54:59,683 - debug - DEBUG - Batch 180 grad norm: 1.315963
2026-06-16 06:55:00,531 - debug - DEBUG - Batch 190 grad norm: 1.273611
2026-06-16 06:55:00,875 - debug - DEBUG - compute_metrics_and_record started for epoch 47
2026-06-16 06:55:00,875 - debug - DEBUG - all_preds length: 25000, all_targets length: 25000
2026-06-16 06:55:00,875 - debug - DEBUG - First 10 preds: [6, 6, 1, 9, 5, 0, 0, 7, 2, 0]
2026-06-16 06:55:00,875 - debug - DEBUG - First 10 targets: [6, 6, 1, 9, 5, 0, 0, 7, 2, 0]
2026-06-16 06:55:00,884 - debug - DEBUG - Unique predicted classes: 10 (first 10: [0 1 2 3 4 5 6 7 8 9])
2026-06-16 06:55:00,884 - debug - DEBUG - Unique target classes: 10 (first 10: [0 1 2 3 4 5 6 7 8 9])
2026-06-16 06:55:02,894 - debug - DEBUG - compute_metrics_and_record started for epoch 47
2026-06-16 06:55:02,894 - debug - DEBUG - all_preds length: 10000, all_targets length: 10000
2026-06-16 06:55:02,894 - debug - DEBUG - First 10 preds: [3, 1, 1, 0, 6, 3, 1, 2, 3, 1]
2026-06-16 06:55:02,894 - debug - DEBUG - First 10 targets: [3, 8, 8, 0, 6, 6, 1, 6, 3, 1]
2026-06-16 06:55:02,896 - debug - DEBUG - Unique predicted classes: 10 (first 10: [0 1 2 3 4 5 6 7 8 9])
2026-06-16 06:55:02,897 - debug - DEBUG - Unique target classes: 10 (first 10: [0 1 2 3 4 5 6 7 8 9])
2026-06-16 06:55:03,178 - debug - DEBUG - Device Check - Batch 0
2026-06-16 06:55:03,179 - debug - DEBUG -   Config GPU ID: 1
2026-06-16 06:55:03,179 - debug - DEBUG -   Input Device:  cuda:1
2026-06-16 06:55:03,179 - debug - DEBUG -   Target Device: cuda:1
2026-06-16 06:55:03,179 - debug - DEBUG -   Model Device:  cuda:1
2026-06-16 06:55:03,179 - debug - DEBUG -   Criterion Weight Device: No weights
2026-06-16 06:55:03,545 - debug - DEBUG - Batch 0 grad norm: 1.045192
2026-06-16 06:55:04,437 - debug - DEBUG - Batch 10 grad norm: 1.220720
2026-06-16 06:55:05,310 - debug - DEBUG - Batch 20 grad norm: 0.806876
2026-06-16 06:55:06,233 - debug - DEBUG - Batch 30 grad norm: 1.247234
2026-06-16 06:55:07,132 - debug - DEBUG - Batch 40 grad norm: 0.912655
2026-06-16 06:55:08,038 - debug - DEBUG - Batch 50 grad norm: 0.889567
2026-06-16 06:55:08,956 - debug - DEBUG - Batch 60 grad norm: 1.490931
2026-06-16 06:55:09,866 - debug - DEBUG - Batch 70 grad norm: 1.176160
2026-06-16 06:55:10,788 - debug - DEBUG - Batch 80 grad norm: 1.229272
2026-06-16 06:55:11,487 - debug - DEBUG - Batch 90 grad norm: 1.113266
2026-06-16 06:55:12,463 - debug - DEBUG - Batch 100 grad norm: 1.037835
2026-06-16 06:55:13,313 - debug - DEBUG - Batch 110 grad norm: 1.157275
2026-06-16 06:55:14,116 - debug - DEBUG - Batch 120 grad norm: 1.139695
2026-06-16 06:55:14,973 - debug - DEBUG - Batch 130 grad norm: 0.967039
2026-06-16 06:55:15,879 - debug - DEBUG - Batch 140 grad norm: 1.023520
2026-06-16 06:55:16,748 - debug - DEBUG - Batch 150 grad norm: 1.108633
2026-06-16 06:55:17,636 - debug - DEBUG - Batch 160 grad norm: 1.154168
2026-06-16 06:55:18,530 - debug - DEBUG - Batch 170 grad norm: 1.151548
2026-06-16 06:55:19,431 - debug - DEBUG - Batch 180 grad norm: 0.921561
2026-06-16 06:55:20,279 - debug - DEBUG - Batch 190 grad norm: 1.196484
2026-06-16 06:55:20,638 - debug - DEBUG - compute_metrics_and_record started for epoch 48
2026-06-16 06:55:20,638 - debug - DEBUG - all_preds length: 25000, all_targets length: 25000
2026-06-16 06:55:20,638 - debug - DEBUG - First 10 preds: [6, 6, 0, 7, 0, 8, 9, 1, 6, 9]
2026-06-16 06:55:20,638 - debug - DEBUG - First 10 targets: [6, 6, 8, 7, 0, 8, 9, 9, 6, 9]
2026-06-16 06:55:20,645 - debug - DEBUG - Unique predicted classes: 10 (first 10: [0 1 2 3 4 5 6 7 8 9])
2026-06-16 06:55:20,645 - debug - DEBUG - Unique target classes: 10 (first 10: [0 1 2 3 4 5 6 7 8 9])
2026-06-16 06:55:22,578 - debug - DEBUG - compute_metrics_and_record started for epoch 48
2026-06-16 06:55:22,578 - debug - DEBUG - all_preds length: 10000, all_targets length: 10000
2026-06-16 06:55:22,578 - debug - DEBUG - First 10 preds: [3, 8, 8, 0, 6, 3, 1, 2, 3, 1]
2026-06-16 06:55:22,578 - debug - DEBUG - First 10 targets: [3, 8, 8, 0, 6, 6, 1, 6, 3, 1]
2026-06-16 06:55:22,581 - debug - DEBUG - Unique predicted classes: 10 (first 10: [0 1 2 3 4 5 6 7 8 9])
2026-06-16 06:55:22,581 - debug - DEBUG - Unique target classes: 10 (first 10: [0 1 2 3 4 5 6 7 8 9])
2026-06-16 06:55:22,868 - debug - DEBUG - Device Check - Batch 0
2026-06-16 06:55:22,869 - debug - DEBUG -   Config GPU ID: 1
2026-06-16 06:55:22,869 - debug - DEBUG -   Input Device:  cuda:1
2026-06-16 06:55:22,869 - debug - DEBUG -   Target Device: cuda:1
2026-06-16 06:55:22,870 - debug - DEBUG -   Model Device:  cuda:1
2026-06-16 06:55:22,870 - debug - DEBUG -   Criterion Weight Device: No weights
2026-06-16 06:55:23,322 - debug - DEBUG - Batch 0 grad norm: 0.995101
2026-06-16 06:55:24,227 - debug - DEBUG - Batch 10 grad norm: 1.122215
2026-06-16 06:55:25,136 - debug - DEBUG - Batch 20 grad norm: 1.091411
2026-06-16 06:55:26,024 - debug - DEBUG - Batch 30 grad norm: 0.886465
2026-06-16 06:55:26,926 - debug - DEBUG - Batch 40 grad norm: 0.893401
2026-06-16 06:55:27,889 - debug - DEBUG - Batch 50 grad norm: 0.778985
2026-06-16 06:55:28,851 - debug - DEBUG - Batch 60 grad norm: 0.837800
2026-06-16 06:55:29,818 - debug - DEBUG - Batch 70 grad norm: 1.073839
2026-06-16 06:55:30,971 - debug - DEBUG - Batch 80 grad norm: 0.871246
2026-06-16 06:55:31,975 - debug - DEBUG - Batch 90 grad norm: 1.014214
2026-06-16 06:55:33,164 - debug - DEBUG - Batch 100 grad norm: 1.111988
2026-06-16 06:55:34,265 - debug - DEBUG - Batch 110 grad norm: 1.179559
2026-06-16 06:55:35,311 - debug - DEBUG - Batch 120 grad norm: 1.394041
2026-06-16 06:55:36,455 - debug - DEBUG - Batch 130 grad norm: 1.077162
2026-06-16 06:55:37,556 - debug - DEBUG - Batch 140 grad norm: 0.955915
2026-06-16 06:55:38,654 - debug - DEBUG - Batch 150 grad norm: 1.052747
2026-06-16 06:55:39,791 - debug - DEBUG - Batch 160 grad norm: 1.139250
2026-06-16 06:55:40,952 - debug - DEBUG - Batch 170 grad norm: 0.765483
2026-06-16 06:55:42,086 - debug - DEBUG - Batch 180 grad norm: 0.733227
2026-06-16 06:55:43,268 - debug - DEBUG - Batch 190 grad norm: 1.238118
2026-06-16 06:55:43,589 - debug - DEBUG - compute_metrics_and_record started for epoch 49
2026-06-16 06:55:43,590 - debug - DEBUG - all_preds length: 25000, all_targets length: 25000
2026-06-16 06:55:43,590 - debug - DEBUG - First 10 preds: [0, 6, 8, 8, 0, 8, 9, 7, 4, 7]
2026-06-16 06:55:43,590 - debug - DEBUG - First 10 targets: [0, 6, 8, 8, 0, 8, 9, 7, 4, 7]
2026-06-16 06:55:43,600 - debug - DEBUG - Unique predicted classes: 10 (first 10: [0 1 2 3 4 5 6 7 8 9])
2026-06-16 06:55:43,600 - debug - DEBUG - Unique target classes: 10 (first 10: [0 1 2 3 4 5 6 7 8 9])
2026-06-16 06:55:45,924 - debug - DEBUG - compute_metrics_and_record started for epoch 49
2026-06-16 06:55:45,925 - debug - DEBUG - all_preds length: 10000, all_targets length: 10000
2026-06-16 06:55:45,925 - debug - DEBUG - First 10 preds: [3, 8, 1, 8, 6, 5, 1, 6, 3, 1]
2026-06-16 06:55:45,925 - debug - DEBUG - First 10 targets: [3, 8, 8, 0, 6, 6, 1, 6, 3, 1]
2026-06-16 06:55:45,927 - debug - DEBUG - Unique predicted classes: 10 (first 10: [0 1 2 3 4 5 6 7 8 9])
2026-06-16 06:55:45,927 - debug - DEBUG - Unique target classes: 10 (first 10: [0 1 2 3 4 5 6 7 8 9])
2026-06-16 06:55:46,165 - debug - DEBUG - Device Check - Batch 0
2026-06-16 06:55:46,166 - debug - DEBUG -   Config GPU ID: 1
2026-06-16 06:55:46,167 - debug - DEBUG -   Input Device:  cuda:1
2026-06-16 06:55:46,167 - debug - DEBUG -   Target Device: cuda:1
2026-06-16 06:55:46,167 - debug - DEBUG -   Model Device:  cuda:1
2026-06-16 06:55:46,167 - debug - DEBUG -   Criterion Weight Device: No weights
2026-06-16 06:55:46,738 - debug - DEBUG - Batch 0 grad norm: 1.081124
2026-06-16 06:55:47,867 - debug - DEBUG - Batch 10 grad norm: 0.857792
2026-06-16 06:55:49,007 - debug - DEBUG - Batch 20 grad norm: 1.106573
2026-06-16 06:55:50,127 - debug - DEBUG - Batch 30 grad norm: 1.091421
2026-06-16 06:55:51,264 - debug - DEBUG - Batch 40 grad norm: 1.226452
2026-06-16 06:55:52,340 - debug - DEBUG - Batch 50 grad norm: 1.032845
2026-06-16 06:55:53,447 - debug - DEBUG - Batch 60 grad norm: 1.376776
2026-06-16 06:55:54,550 - debug - DEBUG - Batch 70 grad norm: 1.205165
2026-06-16 06:55:55,651 - debug - DEBUG - Batch 80 grad norm: 1.023960
2026-06-16 06:55:56,679 - debug - DEBUG - Batch 90 grad norm: 1.070477
2026-06-16 06:55:57,869 - debug - DEBUG - Batch 100 grad norm: 1.189436
2026-06-16 06:55:58,854 - debug - DEBUG - Batch 110 grad norm: 1.337819
2026-06-16 06:55:59,952 - debug - DEBUG - Batch 120 grad norm: 1.041742
2026-06-16 06:56:01,065 - debug - DEBUG - Batch 130 grad norm: 1.457876
2026-06-16 06:56:02,005 - debug - DEBUG - Batch 140 grad norm: 1.251671
2026-06-16 06:56:02,990 - debug - DEBUG - Batch 150 grad norm: 1.045879
2026-06-16 06:56:04,110 - debug - DEBUG - Batch 160 grad norm: 1.378303
2026-06-16 06:56:05,311 - debug - DEBUG - Batch 170 grad norm: 1.312792
2026-06-16 06:56:06,238 - debug - DEBUG - Batch 180 grad norm: 1.349347
2026-06-16 06:56:07,182 - debug - DEBUG - Batch 190 grad norm: 1.077269
2026-06-16 06:56:07,564 - debug - DEBUG - compute_metrics_and_record started for epoch 50
2026-06-16 06:56:07,564 - debug - DEBUG - all_preds length: 25000, all_targets length: 25000
2026-06-16 06:56:07,564 - debug - DEBUG - First 10 preds: [6, 5, 6, 5, 9, 0, 5, 1, 4, 4]
2026-06-16 06:56:07,564 - debug - DEBUG - First 10 targets: [2, 5, 6, 5, 9, 0, 5, 1, 4, 4]
2026-06-16 06:56:07,572 - debug - DEBUG - Unique predicted classes: 10 (first 10: [0 1 2 3 4 5 6 7 8 9])
2026-06-16 06:56:07,572 - debug - DEBUG - Unique target classes: 10 (first 10: [0 1 2 3 4 5 6 7 8 9])
2026-06-16 06:56:09,830 - debug - DEBUG - compute_metrics_and_record started for epoch 50
2026-06-16 06:56:09,831 - debug - DEBUG - all_preds length: 10000, all_targets length: 10000
2026-06-16 06:56:09,831 - debug - DEBUG - First 10 preds: [3, 8, 1, 8, 6, 3, 1, 6, 3, 1]
2026-06-16 06:56:09,831 - debug - DEBUG - First 10 targets: [3, 8, 8, 0, 6, 6, 1, 6, 3, 1]
2026-06-16 06:56:09,833 - debug - DEBUG - Unique predicted classes: 10 (first 10: [0 1 2 3 4 5 6 7 8 9])
2026-06-16 06:56:09,834 - debug - DEBUG - Unique target classes: 10 (first 10: [0 1 2 3 4 5 6 7 8 9])
2026-06-16 06:56:10,104 - debug - DEBUG - Device Check - Batch 0
2026-06-16 06:56:10,105 - debug - DEBUG -   Config GPU ID: 1
2026-06-16 06:56:10,105 - debug - DEBUG -   Input Device:  cuda:1
2026-06-16 06:56:10,106 - debug - DEBUG -   Target Device: cuda:1
2026-06-16 06:56:10,106 - debug - DEBUG -   Model Device:  cuda:1
2026-06-16 06:56:10,106 - debug - DEBUG -   Criterion Weight Device: No weights
2026-06-16 06:56:10,571 - debug - DEBUG - Batch 0 grad norm: 0.855328
2026-06-16 06:56:11,693 - debug - DEBUG - Batch 10 grad norm: 1.046232
2026-06-16 06:56:12,855 - debug - DEBUG - Batch 20 grad norm: 1.073760
2026-06-16 06:56:13,937 - debug - DEBUG - Batch 30 grad norm: 1.059949
2026-06-16 06:56:15,057 - debug - DEBUG - Batch 40 grad norm: 0.951612
2026-06-16 06:56:16,171 - debug - DEBUG - Batch 50 grad norm: 0.945578
2026-06-16 06:56:17,283 - debug - DEBUG - Batch 60 grad norm: 1.122197
2026-06-16 06:56:18,365 - debug - DEBUG - Batch 70 grad norm: 1.254567
2026-06-16 06:56:19,473 - debug - DEBUG - Batch 80 grad norm: 1.298962
2026-06-16 06:56:20,604 - debug - DEBUG - Batch 90 grad norm: 1.111316
2026-06-16 06:56:21,705 - debug - DEBUG - Batch 100 grad norm: 0.924685
2026-06-16 06:56:22,890 - debug - DEBUG - Batch 110 grad norm: 1.020296
2026-06-16 06:56:23,858 - debug - DEBUG - Batch 120 grad norm: 1.086042
2026-06-16 06:56:24,994 - debug - DEBUG - Batch 130 grad norm: 0.910291
2026-06-16 06:56:26,108 - debug - DEBUG - Batch 140 grad norm: 1.123288
2026-06-16 06:56:27,247 - debug - DEBUG - Batch 150 grad norm: 1.105881
2026-06-16 06:56:28,333 - debug - DEBUG - Batch 160 grad norm: 1.289886
2026-06-16 06:56:29,468 - debug - DEBUG - Batch 170 grad norm: 1.194863
2026-06-16 06:56:30,575 - debug - DEBUG - Batch 180 grad norm: 1.109905
2026-06-16 06:56:31,692 - debug - DEBUG - Batch 190 grad norm: 1.219867
2026-06-16 06:56:32,039 - debug - DEBUG - compute_metrics_and_record started for epoch 51
2026-06-16 06:56:32,040 - debug - DEBUG - all_preds length: 25000, all_targets length: 25000
2026-06-16 06:56:32,040 - debug - DEBUG - First 10 preds: [4, 3, 5, 8, 2, 6, 1, 8, 9, 8]
2026-06-16 06:56:32,040 - debug - DEBUG - First 10 targets: [4, 3, 5, 2, 2, 6, 1, 8, 9, 8]
2026-06-16 06:56:32,049 - debug - DEBUG - Unique predicted classes: 10 (first 10: [0 1 2 3 4 5 6 7 8 9])
2026-06-16 06:56:32,050 - debug - DEBUG - Unique target classes: 10 (first 10: [0 1 2 3 4 5 6 7 8 9])
2026-06-16 06:56:34,305 - debug - DEBUG - compute_metrics_and_record started for epoch 51
2026-06-16 06:56:34,305 - debug - DEBUG - all_preds length: 10000, all_targets length: 10000
2026-06-16 06:56:34,305 - debug - DEBUG - First 10 preds: [3, 1, 1, 8, 6, 5, 1, 6, 3, 5]
2026-06-16 06:56:34,305 - debug - DEBUG - First 10 targets: [3, 8, 8, 0, 6, 6, 1, 6, 3, 1]
2026-06-16 06:56:34,308 - debug - DEBUG - Unique predicted classes: 10 (first 10: [0 1 2 3 4 5 6 7 8 9])
2026-06-16 06:56:34,308 - debug - DEBUG - Unique target classes: 10 (first 10: [0 1 2 3 4 5 6 7 8 9])
2026-06-16 06:56:34,558 - debug - DEBUG - Device Check - Batch 0
2026-06-16 06:56:34,559 - debug - DEBUG -   Config GPU ID: 1
2026-06-16 06:56:34,559 - debug - DEBUG -   Input Device:  cuda:1
2026-06-16 06:56:34,559 - debug - DEBUG -   Target Device: cuda:1
2026-06-16 06:56:34,560 - debug - DEBUG -   Model Device:  cuda:1
2026-06-16 06:56:34,560 - debug - DEBUG -   Criterion Weight Device: No weights
2026-06-16 06:56:35,048 - debug - DEBUG - Batch 0 grad norm: 1.173260
2026-06-16 06:56:36,142 - debug - DEBUG - Batch 10 grad norm: 1.240354
2026-06-16 06:56:37,258 - debug - DEBUG - Batch 20 grad norm: 1.216932
2026-06-16 06:56:38,250 - debug - DEBUG - Batch 30 grad norm: 1.207389
2026-06-16 06:56:39,443 - debug - DEBUG - Batch 40 grad norm: 1.198505
2026-06-16 06:56:40,508 - debug - DEBUG - Batch 50 grad norm: 1.207657
2026-06-16 06:56:41,503 - debug - DEBUG - Batch 60 grad norm: 0.909742
2026-06-16 06:56:42,608 - debug - DEBUG - Batch 70 grad norm: 1.083753
2026-06-16 06:56:43,739 - debug - DEBUG - Batch 80 grad norm: 1.162412
2026-06-16 06:56:44,823 - debug - DEBUG - Batch 90 grad norm: 0.681530
2026-06-16 06:56:45,946 - debug - DEBUG - Batch 100 grad norm: 0.960622
2026-06-16 06:56:47,145 - debug - DEBUG - Batch 110 grad norm: 0.902081
2026-06-16 06:56:48,079 - debug - DEBUG - Batch 120 grad norm: 1.066419
2026-06-16 06:56:49,172 - debug - DEBUG - Batch 130 grad norm: 0.981481
2026-06-16 06:56:50,270 - debug - DEBUG - Batch 140 grad norm: 1.200811
2026-06-16 06:56:51,360 - debug - DEBUG - Batch 150 grad norm: 1.078397
2026-06-16 06:56:52,491 - debug - DEBUG - Batch 160 grad norm: 1.188960
2026-06-16 06:56:53,597 - debug - DEBUG - Batch 170 grad norm: 1.053489
2026-06-16 06:56:54,707 - debug - DEBUG - Batch 180 grad norm: 1.163876
2026-06-16 06:56:55,825 - debug - DEBUG - Batch 190 grad norm: 1.216173
2026-06-16 06:56:56,176 - debug - DEBUG - compute_metrics_and_record started for epoch 52
2026-06-16 06:56:56,176 - debug - DEBUG - all_preds length: 25000, all_targets length: 25000
2026-06-16 06:56:56,176 - debug - DEBUG - First 10 preds: [3, 3, 5, 1, 0, 2, 4, 5, 6, 1]
2026-06-16 06:56:56,176 - debug - DEBUG - First 10 targets: [5, 3, 5, 1, 0, 5, 4, 3, 3, 1]
2026-06-16 06:56:56,184 - debug - DEBUG - Unique predicted classes: 10 (first 10: [0 1 2 3 4 5 6 7 8 9])
2026-06-16 06:56:56,184 - debug - DEBUG - Unique target classes: 10 (first 10: [0 1 2 3 4 5 6 7 8 9])
2026-06-16 06:56:58,400 - debug - DEBUG - compute_metrics_and_record started for epoch 52
2026-06-16 06:56:58,400 - debug - DEBUG - all_preds length: 10000, all_targets length: 10000
2026-06-16 06:56:58,400 - debug - DEBUG - First 10 preds: [3, 8, 1, 8, 6, 6, 9, 6, 3, 1]
2026-06-16 06:56:58,400 - debug - DEBUG - First 10 targets: [3, 8, 8, 0, 6, 6, 1, 6, 3, 1]
2026-06-16 06:56:58,402 - debug - DEBUG - Unique predicted classes: 10 (first 10: [0 1 2 3 4 5 6 7 8 9])
2026-06-16 06:56:58,402 - debug - DEBUG - Unique target classes: 10 (first 10: [0 1 2 3 4 5 6 7 8 9])
2026-06-16 06:56:58,674 - debug - DEBUG - Device Check - Batch 0
2026-06-16 06:56:58,675 - debug - DEBUG -   Config GPU ID: 1
2026-06-16 06:56:58,675 - debug - DEBUG -   Input Device:  cuda:1
2026-06-16 06:56:58,676 - debug - DEBUG -   Target Device: cuda:1
2026-06-16 06:56:58,676 - debug - DEBUG -   Model Device:  cuda:1
2026-06-16 06:56:58,676 - debug - DEBUG -   Criterion Weight Device: No weights
2026-06-16 06:56:59,154 - debug - DEBUG - Batch 0 grad norm: 0.595519
2026-06-16 06:57:00,294 - debug - DEBUG - Batch 10 grad norm: 1.167209
2026-06-16 06:57:01,385 - debug - DEBUG - Batch 20 grad norm: 1.275196
2026-06-16 06:57:02,494 - debug - DEBUG - Batch 30 grad norm: 0.764312
2026-06-16 06:57:03,549 - debug - DEBUG - Batch 40 grad norm: 1.116851
2026-06-16 06:57:04,659 - debug - DEBUG - Batch 50 grad norm: 1.210915
2026-06-16 06:57:05,728 - debug - DEBUG - Batch 60 grad norm: 0.897567
2026-06-16 06:57:06,859 - debug - DEBUG - Batch 70 grad norm: 0.940739
2026-06-16 06:57:07,944 - debug - DEBUG - Batch 80 grad norm: 1.098826
2026-06-16 06:57:09,061 - debug - DEBUG - Batch 90 grad norm: 0.825739
2026-06-16 06:57:10,229 - debug - DEBUG - Batch 100 grad norm: 1.112354
2026-06-16 06:57:11,411 - debug - DEBUG - Batch 110 grad norm: 1.139359
2026-06-16 06:57:12,396 - debug - DEBUG - Batch 120 grad norm: 0.953019
2026-06-16 06:57:13,507 - debug - DEBUG - Batch 130 grad norm: 1.627609
2026-06-16 06:57:14,702 - debug - DEBUG - Batch 140 grad norm: 1.092631
2026-06-16 06:57:15,668 - debug - DEBUG - Batch 150 grad norm: 1.049339
2026-06-16 06:57:16,813 - debug - DEBUG - Batch 160 grad norm: 1.223504
2026-06-16 06:57:17,942 - debug - DEBUG - Batch 170 grad norm: 1.288429
2026-06-16 06:57:19,083 - debug - DEBUG - Batch 180 grad norm: 0.879629
2026-06-16 06:57:20,159 - debug - DEBUG - Batch 190 grad norm: 1.214182
2026-06-16 06:57:20,611 - debug - DEBUG - compute_metrics_and_record started for epoch 53
2026-06-16 06:57:20,611 - debug - DEBUG - all_preds length: 25000, all_targets length: 25000
2026-06-16 06:57:20,611 - debug - DEBUG - First 10 preds: [3, 0, 2, 1, 5, 4, 0, 6, 5, 4]
2026-06-16 06:57:20,611 - debug - DEBUG - First 10 targets: [3, 8, 2, 1, 5, 4, 0, 6, 5, 4]
2026-06-16 06:57:20,617 - debug - DEBUG - Unique predicted classes: 10 (first 10: [0 1 2 3 4 5 6 7 8 9])
2026-06-16 06:57:20,617 - debug - DEBUG - Unique target classes: 10 (first 10: [0 1 2 3 4 5 6 7 8 9])
2026-06-16 06:57:22,890 - debug - DEBUG - compute_metrics_and_record started for epoch 53
2026-06-16 06:57:22,891 - debug - DEBUG - all_preds length: 10000, all_targets length: 10000
2026-06-16 06:57:22,891 - debug - DEBUG - First 10 preds: [3, 1, 1, 8, 6, 3, 1, 6, 3, 1]
2026-06-16 06:57:22,891 - debug - DEBUG - First 10 targets: [3, 8, 8, 0, 6, 6, 1, 6, 3, 1]
2026-06-16 06:57:22,894 - debug - DEBUG - Unique predicted classes: 10 (first 10: [0 1 2 3 4 5 6 7 8 9])
2026-06-16 06:57:22,894 - debug - DEBUG - Unique target classes: 10 (first 10: [0 1 2 3 4 5 6 7 8 9])
2026-06-16 06:57:23,185 - debug - DEBUG - Device Check - Batch 0
2026-06-16 06:57:23,186 - debug - DEBUG -   Config GPU ID: 1
2026-06-16 06:57:23,186 - debug - DEBUG -   Input Device:  cuda:1
2026-06-16 06:57:23,186 - debug - DEBUG -   Target Device: cuda:1
2026-06-16 06:57:23,186 - debug - DEBUG -   Model Device:  cuda:1
2026-06-16 06:57:23,186 - debug - DEBUG -   Criterion Weight Device: No weights
2026-06-16 06:57:23,656 - debug - DEBUG - Batch 0 grad norm: 1.370670
2026-06-16 06:57:24,736 - debug - DEBUG - Batch 10 grad norm: 1.385672
2026-06-16 06:57:25,864 - debug - DEBUG - Batch 20 grad norm: 1.244906
2026-06-16 06:57:26,968 - debug - DEBUG - Batch 30 grad norm: 1.046723
2026-06-16 06:57:28,095 - debug - DEBUG - Batch 40 grad norm: 1.193586
2026-06-16 06:57:29,288 - debug - DEBUG - Batch 50 grad norm: 1.014318
2026-06-16 06:57:30,443 - debug - DEBUG - Batch 60 grad norm: 1.171282
2026-06-16 06:57:31,586 - debug - DEBUG - Batch 70 grad norm: 0.934922
2026-06-16 06:57:32,657 - debug - DEBUG - Batch 80 grad norm: 0.960296
2026-06-16 06:57:33,699 - debug - DEBUG - Batch 90 grad norm: 0.948174
2026-06-16 06:57:34,821 - debug - DEBUG - Batch 100 grad norm: 1.244121
2026-06-16 06:57:35,963 - debug - DEBUG - Batch 110 grad norm: 1.165461
2026-06-16 06:57:36,991 - debug - DEBUG - Batch 120 grad norm: 1.067913
2026-06-16 06:57:38,101 - debug - DEBUG - Batch 130 grad norm: 1.016148
2026-06-16 06:57:39,199 - debug - DEBUG - Batch 140 grad norm: 1.147863
2026-06-16 06:57:40,315 - debug - DEBUG - Batch 150 grad norm: 1.417982
2026-06-16 06:57:41,445 - debug - DEBUG - Batch 160 grad norm: 0.950511
2026-06-16 06:57:42,559 - debug - DEBUG - Batch 170 grad norm: 1.079190
2026-06-16 06:57:43,696 - debug - DEBUG - Batch 180 grad norm: 1.102810
2026-06-16 06:57:44,826 - debug - DEBUG - Batch 190 grad norm: 1.267077
2026-06-16 06:57:45,216 - debug - DEBUG - compute_metrics_and_record started for epoch 54
2026-06-16 06:57:45,216 - debug - DEBUG - all_preds length: 25000, all_targets length: 25000
2026-06-16 06:57:45,216 - debug - DEBUG - First 10 preds: [9, 7, 0, 4, 8, 0, 3, 7, 6, 9]
2026-06-16 06:57:45,216 - debug - DEBUG - First 10 targets: [9, 7, 0, 4, 8, 0, 3, 7, 6, 9]
2026-06-16 06:57:45,226 - debug - DEBUG - Unique predicted classes: 10 (first 10: [0 1 2 3 4 5 6 7 8 9])
2026-06-16 06:57:45,226 - debug - DEBUG - Unique target classes: 10 (first 10: [0 1 2 3 4 5 6 7 8 9])
2026-06-16 06:57:47,431 - debug - DEBUG - compute_metrics_and_record started for epoch 54
2026-06-16 06:57:47,431 - debug - DEBUG - all_preds length: 10000, all_targets length: 10000
2026-06-16 06:57:47,431 - debug - DEBUG - First 10 preds: [3, 8, 1, 8, 6, 6, 9, 6, 3, 1]
2026-06-16 06:57:47,432 - debug - DEBUG - First 10 targets: [3, 8, 8, 0, 6, 6, 1, 6, 3, 1]
2026-06-16 06:57:47,434 - debug - DEBUG - Unique predicted classes: 10 (first 10: [0 1 2 3 4 5 6 7 8 9])
2026-06-16 06:57:47,434 - debug - DEBUG - Unique target classes: 10 (first 10: [0 1 2 3 4 5 6 7 8 9])
2026-06-16 06:57:47,734 - debug - DEBUG - Device Check - Batch 0
2026-06-16 06:57:47,735 - debug - DEBUG -   Config GPU ID: 1
2026-06-16 06:57:47,736 - debug - DEBUG -   Input Device:  cuda:1
2026-06-16 06:57:47,736 - debug - DEBUG -   Target Device: cuda:1
2026-06-16 06:57:47,736 - debug - DEBUG -   Model Device:  cuda:1
2026-06-16 06:57:47,736 - debug - DEBUG -   Criterion Weight Device: No weights
2026-06-16 06:57:48,292 - debug - DEBUG - Batch 0 grad norm: 0.702906
2026-06-16 06:57:49,263 - debug - DEBUG - Batch 10 grad norm: 1.197873
2026-06-16 06:57:50,354 - debug - DEBUG - Batch 20 grad norm: 1.056225
2026-06-16 06:57:51,539 - debug - DEBUG - Batch 30 grad norm: 1.181672
2026-06-16 06:57:52,697 - debug - DEBUG - Batch 40 grad norm: 0.979986
2026-06-16 06:57:53,877 - debug - DEBUG - Batch 50 grad norm: 0.788782
2026-06-16 06:57:55,039 - debug - DEBUG - Batch 60 grad norm: 1.118784
2026-06-16 06:57:56,202 - debug - DEBUG - Batch 70 grad norm: 1.184458
2026-06-16 06:57:57,342 - debug - DEBUG - Batch 80 grad norm: 0.968742
2026-06-16 06:57:58,374 - debug - DEBUG - Batch 90 grad norm: 0.827444
2026-06-16 06:57:59,569 - debug - DEBUG - Batch 100 grad norm: 1.124813
2026-06-16 06:58:00,667 - debug - DEBUG - Batch 110 grad norm: 0.935971
2026-06-16 06:58:01,806 - debug - DEBUG - Batch 120 grad norm: 1.115058
2026-06-16 06:58:02,947 - debug - DEBUG - Batch 130 grad norm: 1.244427
2026-06-16 06:58:04,102 - debug - DEBUG - Batch 140 grad norm: 1.075068
2026-06-16 06:58:05,252 - debug - DEBUG - Batch 150 grad norm: 1.066384
2026-06-16 06:58:06,407 - debug - DEBUG - Batch 160 grad norm: 1.250651
2026-06-16 06:58:07,534 - debug - DEBUG - Batch 170 grad norm: 0.825385
2026-06-16 06:58:08,662 - debug - DEBUG - Batch 180 grad norm: 1.451003
2026-06-16 06:58:09,799 - debug - DEBUG - Batch 190 grad norm: 1.141097
2026-06-16 06:58:10,086 - debug - DEBUG - compute_metrics_and_record started for epoch 55
2026-06-16 06:58:10,087 - debug - DEBUG - all_preds length: 25000, all_targets length: 25000
2026-06-16 06:58:10,087 - debug - DEBUG - First 10 preds: [6, 0, 5, 1, 7, 4, 4, 4, 4, 9]
2026-06-16 06:58:10,087 - debug - DEBUG - First 10 targets: [6, 0, 5, 1, 7, 4, 4, 4, 4, 9]
2026-06-16 06:58:10,093 - debug - DEBUG - Unique predicted classes: 10 (first 10: [0 1 2 3 4 5 6 7 8 9])
2026-06-16 06:58:10,093 - debug - DEBUG - Unique target classes: 10 (first 10: [0 1 2 3 4 5 6 7 8 9])
2026-06-16 06:58:12,372 - debug - DEBUG - compute_metrics_and_record started for epoch 55
2026-06-16 06:58:12,372 - debug - DEBUG - all_preds length: 10000, all_targets length: 10000
2026-06-16 06:58:12,373 - debug - DEBUG - First 10 preds: [3, 8, 1, 0, 6, 6, 9, 6, 3, 1]
2026-06-16 06:58:12,373 - debug - DEBUG - First 10 targets: [3, 8, 8, 0, 6, 6, 1, 6, 3, 1]
2026-06-16 06:58:12,375 - debug - DEBUG - Unique predicted classes: 10 (first 10: [0 1 2 3 4 5 6 7 8 9])
2026-06-16 06:58:12,375 - debug - DEBUG - Unique target classes: 10 (first 10: [0 1 2 3 4 5 6 7 8 9])
2026-06-16 06:58:12,653 - debug - DEBUG - Device Check - Batch 0
2026-06-16 06:58:12,654 - debug - DEBUG -   Config GPU ID: 1
2026-06-16 06:58:12,654 - debug - DEBUG -   Input Device:  cuda:1
2026-06-16 06:58:12,654 - debug - DEBUG -   Target Device: cuda:1
2026-06-16 06:58:12,655 - debug - DEBUG -   Model Device:  cuda:1
2026-06-16 06:58:12,655 - debug - DEBUG -   Criterion Weight Device: No weights
2026-06-16 06:58:13,166 - debug - DEBUG - Batch 0 grad norm: 0.904138
2026-06-16 06:58:14,333 - debug - DEBUG - Batch 10 grad norm: 1.330240
2026-06-16 06:58:15,409 - debug - DEBUG - Batch 20 grad norm: 0.953454
2026-06-16 06:58:16,552 - debug - DEBUG - Batch 30 grad norm: 0.993970
2026-06-16 06:58:17,649 - debug - DEBUG - Batch 40 grad norm: 1.106724
2026-06-16 06:58:18,773 - debug - DEBUG - Batch 50 grad norm: 1.062882
2026-06-16 06:58:19,848 - debug - DEBUG - Batch 60 grad norm: 1.075995
2026-06-16 06:58:20,882 - debug - DEBUG - Batch 70 grad norm: 1.016858
2026-06-16 06:58:22,034 - debug - DEBUG - Batch 80 grad norm: 1.239306
2026-06-16 06:58:23,155 - debug - DEBUG - Batch 90 grad norm: 0.975139
2026-06-16 06:58:24,254 - debug - DEBUG - Batch 100 grad norm: 1.361982
2026-06-16 06:58:25,209 - debug - DEBUG - Batch 110 grad norm: 1.242232
2026-06-16 06:58:26,309 - debug - DEBUG - Batch 120 grad norm: 0.947386
2026-06-16 06:58:27,434 - debug - DEBUG - Batch 130 grad norm: 1.072376
2026-06-16 06:58:28,557 - debug - DEBUG - Batch 140 grad norm: 1.333636
2026-06-16 06:58:29,677 - debug - DEBUG - Batch 150 grad norm: 1.501945
2026-06-16 06:58:30,801 - debug - DEBUG - Batch 160 grad norm: 1.291133
2026-06-16 06:58:31,896 - debug - DEBUG - Batch 170 grad norm: 1.384289
2026-06-16 06:58:33,034 - debug - DEBUG - Batch 180 grad norm: 1.047349
2026-06-16 06:58:34,112 - debug - DEBUG - Batch 190 grad norm: 1.280204
2026-06-16 06:58:34,549 - debug - DEBUG - compute_metrics_and_record started for epoch 56
2026-06-16 06:58:34,549 - debug - DEBUG - all_preds length: 25000, all_targets length: 25000
2026-06-16 06:58:34,549 - debug - DEBUG - First 10 preds: [2, 0, 7, 5, 0, 3, 0, 1, 6, 4]
2026-06-16 06:58:34,549 - debug - DEBUG - First 10 targets: [2, 0, 7, 5, 0, 3, 0, 1, 6, 4]
2026-06-16 06:58:34,556 - debug - DEBUG - Unique predicted classes: 10 (first 10: [0 1 2 3 4 5 6 7 8 9])
2026-06-16 06:58:34,557 - debug - DEBUG - Unique target classes: 10 (first 10: [0 1 2 3 4 5 6 7 8 9])
2026-06-16 06:58:36,736 - debug - DEBUG - compute_metrics_and_record started for epoch 56
2026-06-16 06:58:36,736 - debug - DEBUG - all_preds length: 10000, all_targets length: 10000
2026-06-16 06:58:36,737 - debug - DEBUG - First 10 preds: [3, 8, 8, 8, 6, 6, 1, 3, 3, 1]
2026-06-16 06:58:36,737 - debug - DEBUG - First 10 targets: [3, 8, 8, 0, 6, 6, 1, 6, 3, 1]
2026-06-16 06:58:36,739 - debug - DEBUG - Unique predicted classes: 10 (first 10: [0 1 2 3 4 5 6 7 8 9])
2026-06-16 06:58:36,739 - debug - DEBUG - Unique target classes: 10 (first 10: [0 1 2 3 4 5 6 7 8 9])
2026-06-16 06:58:37,022 - debug - DEBUG - Device Check - Batch 0
2026-06-16 06:58:37,023 - debug - DEBUG -   Config GPU ID: 1
2026-06-16 06:58:37,023 - debug - DEBUG -   Input Device:  cuda:1
2026-06-16 06:58:37,024 - debug - DEBUG -   Target Device: cuda:1
2026-06-16 06:58:37,024 - debug - DEBUG -   Model Device:  cuda:1
2026-06-16 06:58:37,024 - debug - DEBUG -   Criterion Weight Device: No weights
2026-06-16 06:58:37,405 - debug - DEBUG - Batch 0 grad norm: 0.997135
2026-06-16 06:58:38,512 - debug - DEBUG - Batch 10 grad norm: 1.390171
2026-06-16 06:58:39,629 - debug - DEBUG - Batch 20 grad norm: 0.851124
2026-06-16 06:58:40,732 - debug - DEBUG - Batch 30 grad norm: 1.320100
2026-06-16 06:58:41,857 - debug - DEBUG - Batch 40 grad norm: 0.980503
2026-06-16 06:58:42,954 - debug - DEBUG - Batch 50 grad norm: 1.111371
2026-06-16 06:58:44,083 - debug - DEBUG - Batch 60 grad norm: 1.177683
2026-06-16 06:58:45,199 - debug - DEBUG - Batch 70 grad norm: 1.153753
2026-06-16 06:58:46,311 - debug - DEBUG - Batch 80 grad norm: 1.215364
2026-06-16 06:58:47,475 - debug - DEBUG - Batch 90 grad norm: 1.092910
2026-06-16 06:58:48,682 - debug - DEBUG - Batch 100 grad norm: 1.149368
2026-06-16 06:58:49,650 - debug - DEBUG - Batch 110 grad norm: 1.338177
2026-06-16 06:58:50,797 - debug - DEBUG - Batch 120 grad norm: 1.410081
2026-06-16 06:58:51,906 - debug - DEBUG - Batch 130 grad norm: 1.041014
2026-06-16 06:58:52,981 - debug - DEBUG - Batch 140 grad norm: 1.100723
2026-06-16 06:58:54,068 - debug - DEBUG - Batch 150 grad norm: 1.015353
2026-06-16 06:58:55,055 - debug - DEBUG - Batch 160 grad norm: 1.099092
2026-06-16 06:58:56,193 - debug - DEBUG - Batch 170 grad norm: 1.351758
2026-06-16 06:58:57,316 - debug - DEBUG - Batch 180 grad norm: 1.416470
2026-06-16 06:58:58,319 - debug - DEBUG - Batch 190 grad norm: 1.084331
2026-06-16 06:58:58,759 - debug - DEBUG - compute_metrics_and_record started for epoch 57
2026-06-16 06:58:58,759 - debug - DEBUG - all_preds length: 25000, all_targets length: 25000
2026-06-16 06:58:58,759 - debug - DEBUG - First 10 preds: [1, 9, 2, 2, 3, 1, 7, 0, 0, 9]
2026-06-16 06:58:58,759 - debug - DEBUG - First 10 targets: [1, 9, 6, 2, 3, 1, 7, 0, 6, 9]
2026-06-16 06:58:58,766 - debug - DEBUG - Unique predicted classes: 10 (first 10: [0 1 2 3 4 5 6 7 8 9])
2026-06-16 06:58:58,766 - debug - DEBUG - Unique target classes: 10 (first 10: [0 1 2 3 4 5 6 7 8 9])
2026-06-16 06:59:01,105 - debug - DEBUG - compute_metrics_and_record started for epoch 57
2026-06-16 06:59:01,106 - debug - DEBUG - all_preds length: 10000, all_targets length: 10000
2026-06-16 06:59:01,106 - debug - DEBUG - First 10 preds: [3, 8, 1, 0, 6, 3, 1, 6, 3, 1]
2026-06-16 06:59:01,106 - debug - DEBUG - First 10 targets: [3, 8, 8, 0, 6, 6, 1, 6, 3, 1]
2026-06-16 06:59:01,109 - debug - DEBUG - Unique predicted classes: 10 (first 10: [0 1 2 3 4 5 6 7 8 9])
2026-06-16 06:59:01,109 - debug - DEBUG - Unique target classes: 10 (first 10: [0 1 2 3 4 5 6 7 8 9])
2026-06-16 06:59:01,386 - debug - DEBUG - Device Check - Batch 0
2026-06-16 06:59:01,387 - debug - DEBUG -   Config GPU ID: 1
2026-06-16 06:59:01,387 - debug - DEBUG -   Input Device:  cuda:1
2026-06-16 06:59:01,387 - debug - DEBUG -   Target Device: cuda:1
2026-06-16 06:59:01,388 - debug - DEBUG -   Model Device:  cuda:1
2026-06-16 06:59:01,388 - debug - DEBUG -   Criterion Weight Device: No weights
2026-06-16 06:59:02,010 - debug - DEBUG - Batch 0 grad norm: 0.996747
2026-06-16 06:59:03,219 - debug - DEBUG - Batch 10 grad norm: 0.913946
2026-06-16 06:59:04,398 - debug - DEBUG - Batch 20 grad norm: 1.058393
2026-06-16 06:59:05,527 - debug - DEBUG - Batch 30 grad norm: 1.293677
2026-06-16 06:59:06,661 - debug - DEBUG - Batch 40 grad norm: 0.905213
2026-06-16 06:59:07,804 - debug - DEBUG - Batch 50 grad norm: 1.092602
2026-06-16 06:59:08,878 - debug - DEBUG - Batch 60 grad norm: 1.126280
2026-06-16 06:59:10,007 - debug - DEBUG - Batch 70 grad norm: 1.201595
2026-06-16 06:59:11,023 - debug - DEBUG - Batch 80 grad norm: 1.523185
2026-06-16 06:59:12,250 - debug - DEBUG - Batch 90 grad norm: 1.497613
2026-06-16 06:59:13,279 - debug - DEBUG - Batch 100 grad norm: 1.207774
2026-06-16 06:59:14,432 - debug - DEBUG - Batch 110 grad norm: 1.330970
2026-06-16 06:59:15,553 - debug - DEBUG - Batch 120 grad norm: 1.057499
2026-06-16 06:59:16,706 - debug - DEBUG - Batch 130 grad norm: 1.062570
2026-06-16 06:59:17,804 - debug - DEBUG - Batch 140 grad norm: 1.217870
2026-06-16 06:59:18,947 - debug - DEBUG - Batch 150 grad norm: 1.226378
2026-06-16 06:59:20,078 - debug - DEBUG - Batch 160 grad norm: 1.218330
2026-06-16 06:59:21,178 - debug - DEBUG - Batch 170 grad norm: 1.097884
2026-06-16 06:59:22,359 - debug - DEBUG - Batch 180 grad norm: 1.212309
2026-06-16 06:59:23,465 - debug - DEBUG - Batch 190 grad norm: 1.211647
2026-06-16 06:59:23,886 - debug - DEBUG - compute_metrics_and_record started for epoch 58
2026-06-16 06:59:23,886 - debug - DEBUG - all_preds length: 25000, all_targets length: 25000
2026-06-16 06:59:23,886 - debug - DEBUG - First 10 preds: [5, 6, 8, 7, 0, 1, 0, 4, 4, 4]
2026-06-16 06:59:23,887 - debug - DEBUG - First 10 targets: [3, 6, 8, 7, 0, 1, 0, 4, 4, 4]
2026-06-16 06:59:23,895 - debug - DEBUG - Unique predicted classes: 10 (first 10: [0 1 2 3 4 5 6 7 8 9])
2026-06-16 06:59:23,895 - debug - DEBUG - Unique target classes: 10 (first 10: [0 1 2 3 4 5 6 7 8 9])
2026-06-16 06:59:26,270 - debug - DEBUG - compute_metrics_and_record started for epoch 58
2026-06-16 06:59:26,271 - debug - DEBUG - all_preds length: 10000, all_targets length: 10000
2026-06-16 06:59:26,271 - debug - DEBUG - First 10 preds: [3, 8, 1, 0, 6, 3, 9, 6, 3, 1]
2026-06-16 06:59:26,271 - debug - DEBUG - First 10 targets: [3, 8, 8, 0, 6, 6, 1, 6, 3, 1]
2026-06-16 06:59:26,273 - debug - DEBUG - Unique predicted classes: 10 (first 10: [0 1 2 3 4 5 6 7 8 9])
2026-06-16 06:59:26,273 - debug - DEBUG - Unique target classes: 10 (first 10: [0 1 2 3 4 5 6 7 8 9])
2026-06-16 06:59:26,564 - debug - DEBUG - Device Check - Batch 0
2026-06-16 06:59:26,565 - debug - DEBUG -   Config GPU ID: 1
2026-06-16 06:59:26,565 - debug - DEBUG -   Input Device:  cuda:1
2026-06-16 06:59:26,565 - debug - DEBUG -   Target Device: cuda:1
2026-06-16 06:59:26,565 - debug - DEBUG -   Model Device:  cuda:1
2026-06-16 06:59:26,565 - debug - DEBUG -   Criterion Weight Device: No weights
2026-06-16 06:59:27,085 - debug - DEBUG - Batch 0 grad norm: 1.027725
2026-06-16 06:59:28,188 - debug - DEBUG - Batch 10 grad norm: 1.143561
2026-06-16 06:59:29,165 - debug - DEBUG - Batch 20 grad norm: 1.136218
2026-06-16 06:59:30,391 - debug - DEBUG - Batch 30 grad norm: 1.201872
2026-06-16 06:59:31,438 - debug - DEBUG - Batch 40 grad norm: 0.963803
2026-06-16 06:59:32,511 - debug - DEBUG - Batch 50 grad norm: 1.023337
2026-06-16 06:59:33,615 - debug - DEBUG - Batch 60 grad norm: 0.983656
2026-06-16 06:59:34,725 - debug - DEBUG - Batch 70 grad norm: 1.241254
2026-06-16 06:59:35,747 - debug - DEBUG - Batch 80 grad norm: 1.241760
2026-06-16 06:59:36,992 - debug - DEBUG - Batch 90 grad norm: 0.766303
2026-06-16 06:59:38,052 - debug - DEBUG - Batch 100 grad norm: 0.905737
2026-06-16 06:59:39,194 - debug - DEBUG - Batch 110 grad norm: 1.205657
2026-06-16 06:59:40,260 - debug - DEBUG - Batch 120 grad norm: 0.960430
2026-06-16 06:59:41,370 - debug - DEBUG - Batch 130 grad norm: 1.057414
2026-06-16 06:59:42,451 - debug - DEBUG - Batch 140 grad norm: 1.406587
2026-06-16 06:59:43,569 - debug - DEBUG - Batch 150 grad norm: 1.056069
2026-06-16 06:59:44,715 - debug - DEBUG - Batch 160 grad norm: 1.119239
2026-06-16 06:59:45,846 - debug - DEBUG - Batch 170 grad norm: 1.449030
2026-06-16 06:59:46,984 - debug - DEBUG - Batch 180 grad norm: 1.033267
2026-06-16 06:59:48,120 - debug - DEBUG - Batch 190 grad norm: 1.533089
2026-06-16 06:59:48,537 - debug - DEBUG - compute_metrics_and_record started for epoch 59
2026-06-16 06:59:48,537 - debug - DEBUG - all_preds length: 25000, all_targets length: 25000
2026-06-16 06:59:48,537 - debug - DEBUG - First 10 preds: [1, 4, 2, 8, 7, 1, 5, 9, 3, 0]
2026-06-16 06:59:48,538 - debug - DEBUG - First 10 targets: [1, 4, 2, 8, 5, 1, 5, 9, 3, 0]
2026-06-16 06:59:48,543 - debug - DEBUG - Unique predicted classes: 10 (first 10: [0 1 2 3 4 5 6 7 8 9])
2026-06-16 06:59:48,543 - debug - DEBUG - Unique target classes: 10 (first 10: [0 1 2 3 4 5 6 7 8 9])
2026-06-16 06:59:50,914 - debug - DEBUG - compute_metrics_and_record started for epoch 59
2026-06-16 06:59:50,914 - debug - DEBUG - all_preds length: 10000, all_targets length: 10000
2026-06-16 06:59:50,914 - debug - DEBUG - First 10 preds: [3, 8, 9, 0, 6, 3, 1, 2, 3, 9]
2026-06-16 06:59:50,914 - debug - DEBUG - First 10 targets: [3, 8, 8, 0, 6, 6, 1, 6, 3, 1]
2026-06-16 06:59:50,917 - debug - DEBUG - Unique predicted classes: 10 (first 10: [0 1 2 3 4 5 6 7 8 9])
2026-06-16 06:59:50,917 - debug - DEBUG - Unique target classes: 10 (first 10: [0 1 2 3 4 5 6 7 8 9])
2026-06-16 06:59:51,229 - debug - DEBUG - Device Check - Batch 0
2026-06-16 06:59:51,230 - debug - DEBUG -   Config GPU ID: 1
2026-06-16 06:59:51,230 - debug - DEBUG -   Input Device:  cuda:1
2026-06-16 06:59:51,231 - debug - DEBUG -   Target Device: cuda:1
2026-06-16 06:59:51,231 - debug - DEBUG -   Model Device:  cuda:1
2026-06-16 06:59:51,231 - debug - DEBUG -   Criterion Weight Device: No weights
2026-06-16 06:59:51,783 - debug - DEBUG - Batch 0 grad norm: 1.120431
2026-06-16 06:59:52,890 - debug - DEBUG - Batch 10 grad norm: 0.828822
2026-06-16 06:59:53,978 - debug - DEBUG - Batch 20 grad norm: 1.080131
2026-06-16 06:59:55,049 - debug - DEBUG - Batch 30 grad norm: 0.949111
2026-06-16 06:59:56,151 - debug - DEBUG - Batch 40 grad norm: 1.007069
2026-06-16 06:59:57,239 - debug - DEBUG - Batch 50 grad norm: 1.490945
2026-06-16 06:59:58,332 - debug - DEBUG - Batch 60 grad norm: 0.863354
2026-06-16 06:59:59,473 - debug - DEBUG - Batch 70 grad norm: 1.282896
2026-06-16 07:00:00,472 - debug - DEBUG - Batch 80 grad norm: 0.946271
2026-06-16 07:00:01,710 - debug - DEBUG - Batch 90 grad norm: 1.196631
2026-06-16 07:00:02,758 - debug - DEBUG - Batch 100 grad norm: 1.338721
2026-06-16 07:00:03,890 - debug - DEBUG - Batch 110 grad norm: 1.265436
2026-06-16 07:00:05,057 - debug - DEBUG - Batch 120 grad norm: 1.050921
2026-06-16 07:00:06,066 - debug - DEBUG - Batch 130 grad norm: 0.981234
2026-06-16 07:00:07,125 - debug - DEBUG - Batch 140 grad norm: 1.059088
2026-06-16 07:00:08,198 - debug - DEBUG - Batch 150 grad norm: 1.164365
2026-06-16 07:00:09,259 - debug - DEBUG - Batch 160 grad norm: 0.903313
2026-06-16 07:00:10,353 - debug - DEBUG - Batch 170 grad norm: 1.138234
2026-06-16 07:00:11,427 - debug - DEBUG - Batch 180 grad norm: 1.017015
2026-06-16 07:00:12,528 - debug - DEBUG - Batch 190 grad norm: 1.113891
2026-06-16 07:00:12,923 - debug - DEBUG - compute_metrics_and_record started for epoch 60
2026-06-16 07:00:12,924 - debug - DEBUG - all_preds length: 25000, all_targets length: 25000
2026-06-16 07:00:12,924 - debug - DEBUG - First 10 preds: [6, 1, 6, 7, 6, 3, 9, 9, 0, 2]
2026-06-16 07:00:12,924 - debug - DEBUG - First 10 targets: [6, 1, 6, 7, 6, 3, 9, 9, 0, 2]
2026-06-16 07:00:12,931 - debug - DEBUG - Unique predicted classes: 10 (first 10: [0 1 2 3 4 5 6 7 8 9])
2026-06-16 07:00:12,931 - debug - DEBUG - Unique target classes: 10 (first 10: [0 1 2 3 4 5 6 7 8 9])
2026-06-16 07:00:15,165 - debug - DEBUG - compute_metrics_and_record started for epoch 60
2026-06-16 07:00:15,166 - debug - DEBUG - all_preds length: 10000, all_targets length: 10000
2026-06-16 07:00:15,166 - debug - DEBUG - First 10 preds: [3, 8, 1, 8, 6, 6, 9, 6, 3, 1]
2026-06-16 07:00:15,166 - debug - DEBUG - First 10 targets: [3, 8, 8, 0, 6, 6, 1, 6, 3, 1]
2026-06-16 07:00:15,169 - debug - DEBUG - Unique predicted classes: 10 (first 10: [0 1 2 3 4 5 6 7 8 9])
2026-06-16 07:00:15,169 - debug - DEBUG - Unique target classes: 10 (first 10: [0 1 2 3 4 5 6 7 8 9])
2026-06-16 07:00:15,463 - debug - DEBUG - Device Check - Batch 0
2026-06-16 07:00:15,464 - debug - DEBUG -   Config GPU ID: 1
2026-06-16 07:00:15,465 - debug - DEBUG -   Input Device:  cuda:1
2026-06-16 07:00:15,465 - debug - DEBUG -   Target Device: cuda:1
2026-06-16 07:00:15,465 - debug - DEBUG -   Model Device:  cuda:1
2026-06-16 07:00:15,465 - debug - DEBUG -   Criterion Weight Device: No weights
2026-06-16 07:00:15,888 - debug - DEBUG - Batch 0 grad norm: 0.974216
2026-06-16 07:00:16,982 - debug - DEBUG - Batch 10 grad norm: 0.966645
2026-06-16 07:00:18,119 - debug - DEBUG - Batch 20 grad norm: 1.490816
2026-06-16 07:00:19,215 - debug - DEBUG - Batch 30 grad norm: 1.210276
2026-06-16 07:00:20,332 - debug - DEBUG - Batch 40 grad norm: 1.259762
2026-06-16 07:00:21,431 - debug - DEBUG - Batch 50 grad norm: 1.080618
2026-06-16 07:00:22,524 - debug - DEBUG - Batch 60 grad norm: 1.052826
2026-06-16 07:00:23,613 - debug - DEBUG - Batch 70 grad norm: 1.151972
2026-06-16 07:00:24,713 - debug - DEBUG - Batch 80 grad norm: 1.187352
2026-06-16 07:00:25,834 - debug - DEBUG - Batch 90 grad norm: 1.025243
2026-06-16 07:00:27,015 - debug - DEBUG - Batch 100 grad norm: 0.865015
2026-06-16 07:00:27,953 - debug - DEBUG - Batch 110 grad norm: 0.865713
2026-06-16 07:00:29,057 - debug - DEBUG - Batch 120 grad norm: 1.151552
2026-06-16 07:00:30,196 - debug - DEBUG - Batch 130 grad norm: 1.384178
2026-06-16 07:00:31,289 - debug - DEBUG - Batch 140 grad norm: 0.830397
2026-06-16 07:00:32,405 - debug - DEBUG - Batch 150 grad norm: 1.069287
2026-06-16 07:00:33,468 - debug - DEBUG - Batch 160 grad norm: 1.192690
2026-06-16 07:00:34,578 - debug - DEBUG - Batch 170 grad norm: 1.348316
2026-06-16 07:00:35,643 - debug - DEBUG - Batch 180 grad norm: 1.224614
2026-06-16 07:00:36,752 - debug - DEBUG - Batch 190 grad norm: 1.050881
2026-06-16 07:00:37,063 - debug - DEBUG - compute_metrics_and_record started for epoch 61
2026-06-16 07:00:37,063 - debug - DEBUG - all_preds length: 25000, all_targets length: 25000
2026-06-16 07:00:37,063 - debug - DEBUG - First 10 preds: [4, 9, 8, 6, 6, 6, 8, 0, 7, 2]
2026-06-16 07:00:37,063 - debug - DEBUG - First 10 targets: [4, 9, 8, 6, 6, 6, 8, 0, 7, 2]
2026-06-16 07:00:37,069 - debug - DEBUG - Unique predicted classes: 10 (first 10: [0 1 2 3 4 5 6 7 8 9])
2026-06-16 07:00:37,069 - debug - DEBUG - Unique target classes: 10 (first 10: [0 1 2 3 4 5 6 7 8 9])
2026-06-16 07:00:39,430 - debug - DEBUG - compute_metrics_and_record started for epoch 61
2026-06-16 07:00:39,431 - debug - DEBUG - all_preds length: 10000, all_targets length: 10000
2026-06-16 07:00:39,431 - debug - DEBUG - First 10 preds: [3, 8, 9, 2, 6, 6, 9, 6, 3, 1]
2026-06-16 07:00:39,431 - debug - DEBUG - First 10 targets: [3, 8, 8, 0, 6, 6, 1, 6, 3, 1]
2026-06-16 07:00:39,433 - debug - DEBUG - Unique predicted classes: 10 (first 10: [0 1 2 3 4 5 6 7 8 9])
2026-06-16 07:00:39,433 - debug - DEBUG - Unique target classes: 10 (first 10: [0 1 2 3 4 5 6 7 8 9])
2026-06-16 07:00:39,722 - debug - DEBUG - Device Check - Batch 0
2026-06-16 07:00:39,723 - debug - DEBUG -   Config GPU ID: 1
2026-06-16 07:00:39,723 - debug - DEBUG -   Input Device:  cuda:1
2026-06-16 07:00:39,723 - debug - DEBUG -   Target Device: cuda:1
2026-06-16 07:00:39,724 - debug - DEBUG -   Model Device:  cuda:1
2026-06-16 07:00:39,724 - debug - DEBUG -   Criterion Weight Device: No weights
2026-06-16 07:00:40,025 - debug - DEBUG - Batch 0 grad norm: 0.882751
2026-06-16 07:00:41,153 - debug - DEBUG - Batch 10 grad norm: 1.352945
2026-06-16 07:00:42,232 - debug - DEBUG - Batch 20 grad norm: 1.199210
2026-06-16 07:00:43,340 - debug - DEBUG - Batch 30 grad norm: 1.307451
2026-06-16 07:00:44,452 - debug - DEBUG - Batch 40 grad norm: 0.961310
2026-06-16 07:00:45,539 - debug - DEBUG - Batch 50 grad norm: 1.064797
2026-06-16 07:00:46,663 - debug - DEBUG - Batch 60 grad norm: 1.374332
2026-06-16 07:00:47,742 - debug - DEBUG - Batch 70 grad norm: 1.089016
2026-06-16 07:00:48,887 - debug - DEBUG - Batch 80 grad norm: 0.977448
2026-06-16 07:00:50,015 - debug - DEBUG - Batch 90 grad norm: 0.955739
2026-06-16 07:00:51,241 - debug - DEBUG - Batch 100 grad norm: 0.900377
2026-06-16 07:00:52,181 - debug - DEBUG - Batch 110 grad norm: 0.957451
2026-06-16 07:00:53,272 - debug - DEBUG - Batch 120 grad norm: 1.103846
2026-06-16 07:00:54,381 - debug - DEBUG - Batch 130 grad norm: 1.022749
2026-06-16 07:00:55,461 - debug - DEBUG - Batch 140 grad norm: 1.266113
2026-06-16 07:00:56,546 - debug - DEBUG - Batch 150 grad norm: 0.893760
2026-06-16 07:00:57,635 - debug - DEBUG - Batch 160 grad norm: 1.025873
2026-06-16 07:00:58,724 - debug - DEBUG - Batch 170 grad norm: 0.977320
2026-06-16 07:00:59,828 - debug - DEBUG - Batch 180 grad norm: 1.308145
2026-06-16 07:01:00,912 - debug - DEBUG - Batch 190 grad norm: 1.204467
2026-06-16 07:01:01,368 - debug - DEBUG - compute_metrics_and_record started for epoch 62
2026-06-16 07:01:01,368 - debug - DEBUG - all_preds length: 25000, all_targets length: 25000
2026-06-16 07:01:01,369 - debug - DEBUG - First 10 preds: [1, 7, 3, 8, 8, 7, 2, 0, 6, 7]
2026-06-16 07:01:01,369 - debug - DEBUG - First 10 targets: [1, 7, 3, 8, 8, 7, 2, 0, 6, 7]
2026-06-16 07:01:01,374 - debug - DEBUG - Unique predicted classes: 10 (first 10: [0 1 2 3 4 5 6 7 8 9])
2026-06-16 07:01:01,374 - debug - DEBUG - Unique target classes: 10 (first 10: [0 1 2 3 4 5 6 7 8 9])
2026-06-16 07:01:03,591 - debug - DEBUG - compute_metrics_and_record started for epoch 62
2026-06-16 07:01:03,591 - debug - DEBUG - all_preds length: 10000, all_targets length: 10000
2026-06-16 07:01:03,591 - debug - DEBUG - First 10 preds: [3, 1, 1, 1, 6, 6, 1, 6, 3, 1]
2026-06-16 07:01:03,591 - debug - DEBUG - First 10 targets: [3, 8, 8, 0, 6, 6, 1, 6, 3, 1]
2026-06-16 07:01:03,594 - debug - DEBUG - Unique predicted classes: 10 (first 10: [0 1 2 3 4 5 6 7 8 9])
2026-06-16 07:01:03,594 - debug - DEBUG - Unique target classes: 10 (first 10: [0 1 2 3 4 5 6 7 8 9])
2026-06-16 07:01:03,870 - debug - DEBUG - Device Check - Batch 0
2026-06-16 07:01:03,871 - debug - DEBUG -   Config GPU ID: 1
2026-06-16 07:01:03,871 - debug - DEBUG -   Input Device:  cuda:1
2026-06-16 07:01:03,871 - debug - DEBUG -   Target Device: cuda:1
2026-06-16 07:01:03,871 - debug - DEBUG -   Model Device:  cuda:1
2026-06-16 07:01:03,872 - debug - DEBUG -   Criterion Weight Device: No weights
2026-06-16 07:01:04,204 - debug - DEBUG - Batch 0 grad norm: 1.356034
2026-06-16 07:01:05,331 - debug - DEBUG - Batch 10 grad norm: 1.184934
2026-06-16 07:01:06,410 - debug - DEBUG - Batch 20 grad norm: 1.041658
2026-06-16 07:01:07,537 - debug - DEBUG - Batch 30 grad norm: 0.909999
2026-06-16 07:01:08,639 - debug - DEBUG - Batch 40 grad norm: 0.923931
2026-06-16 07:01:09,761 - debug - DEBUG - Batch 50 grad norm: 1.491264
2026-06-16 07:01:10,843 - debug - DEBUG - Batch 60 grad norm: 1.316149
2026-06-16 07:01:11,933 - debug - DEBUG - Batch 70 grad norm: 0.935537
2026-06-16 07:01:13,127 - debug - DEBUG - Batch 80 grad norm: 1.036089
2026-06-16 07:01:14,025 - debug - DEBUG - Batch 90 grad norm: 1.051922
2026-06-16 07:01:15,240 - debug - DEBUG - Batch 100 grad norm: 0.918735
2026-06-16 07:01:16,299 - debug - DEBUG - Batch 110 grad norm: 1.176610
2026-06-16 07:01:17,443 - debug - DEBUG - Batch 120 grad norm: 1.190894
2026-06-16 07:01:18,565 - debug - DEBUG - Batch 130 grad norm: 1.195971
2026-06-16 07:01:19,720 - debug - DEBUG - Batch 140 grad norm: 0.793700
2026-06-16 07:01:20,824 - debug - DEBUG - Batch 150 grad norm: 0.774029
2026-06-16 07:01:21,966 - debug - DEBUG - Batch 160 grad norm: 0.869069
2026-06-16 07:01:23,054 - debug - DEBUG - Batch 170 grad norm: 1.430018
2026-06-16 07:01:24,190 - debug - DEBUG - Batch 180 grad norm: 1.070070
2026-06-16 07:01:25,334 - debug - DEBUG - Batch 190 grad norm: 1.305685
2026-06-16 07:01:25,691 - debug - DEBUG - compute_metrics_and_record started for epoch 63
2026-06-16 07:01:25,692 - debug - DEBUG - all_preds length: 25000, all_targets length: 25000
2026-06-16 07:01:25,692 - debug - DEBUG - First 10 preds: [4, 8, 7, 8, 9, 1, 2, 8, 0, 1]
2026-06-16 07:01:25,692 - debug - DEBUG - First 10 targets: [2, 8, 7, 8, 9, 1, 2, 8, 0, 1]
2026-06-16 07:01:25,702 - debug - DEBUG - Unique predicted classes: 10 (first 10: [0 1 2 3 4 5 6 7 8 9])
2026-06-16 07:01:25,702 - debug - DEBUG - Unique target classes: 10 (first 10: [0 1 2 3 4 5 6 7 8 9])
2026-06-16 07:01:27,978 - debug - DEBUG - compute_metrics_and_record started for epoch 63
2026-06-16 07:01:27,978 - debug - DEBUG - all_preds length: 10000, all_targets length: 10000
2026-06-16 07:01:27,978 - debug - DEBUG - First 10 preds: [3, 8, 1, 8, 6, 3, 1, 6, 3, 1]
2026-06-16 07:01:27,978 - debug - DEBUG - First 10 targets: [3, 8, 8, 0, 6, 6, 1, 6, 3, 1]
2026-06-16 07:01:27,981 - debug - DEBUG - Unique predicted classes: 10 (first 10: [0 1 2 3 4 5 6 7 8 9])
2026-06-16 07:01:27,981 - debug - DEBUG - Unique target classes: 10 (first 10: [0 1 2 3 4 5 6 7 8 9])
2026-06-16 07:01:28,296 - debug - DEBUG - Device Check - Batch 0
2026-06-16 07:01:28,297 - debug - DEBUG -   Config GPU ID: 1
2026-06-16 07:01:28,297 - debug - DEBUG -   Input Device:  cuda:1
2026-06-16 07:01:28,298 - debug - DEBUG -   Target Device: cuda:1
2026-06-16 07:01:28,298 - debug - DEBUG -   Model Device:  cuda:1
2026-06-16 07:01:28,298 - debug - DEBUG -   Criterion Weight Device: No weights
2026-06-16 07:01:28,773 - debug - DEBUG - Batch 0 grad norm: 1.119690
2026-06-16 07:01:29,932 - debug - DEBUG - Batch 10 grad norm: 0.978934
2026-06-16 07:01:31,053 - debug - DEBUG - Batch 20 grad norm: 1.365404
2026-06-16 07:01:32,188 - debug - DEBUG - Batch 30 grad norm: 1.011179
2026-06-16 07:01:33,313 - debug - DEBUG - Batch 40 grad norm: 1.015304
2026-06-16 07:01:34,455 - debug - DEBUG - Batch 50 grad norm: 1.118681
2026-06-16 07:01:35,561 - debug - DEBUG - Batch 60 grad norm: 1.065294
2026-06-16 07:01:36,677 - debug - DEBUG - Batch 70 grad norm: 1.111651
2026-06-16 07:01:37,777 - debug - DEBUG - Batch 80 grad norm: 1.122268
2026-06-16 07:01:38,865 - debug - DEBUG - Batch 90 grad norm: 1.059150
2026-06-16 07:01:40,052 - debug - DEBUG - Batch 100 grad norm: 0.828686
2026-06-16 07:01:41,033 - debug - DEBUG - Batch 110 grad norm: 0.993469
2026-06-16 07:01:42,141 - debug - DEBUG - Batch 120 grad norm: 1.201731
2026-06-16 07:01:43,252 - debug - DEBUG - Batch 130 grad norm: 1.241985
2026-06-16 07:01:44,401 - debug - DEBUG - Batch 140 grad norm: 1.207590
2026-06-16 07:01:45,499 - debug - DEBUG - Batch 150 grad norm: 1.399527
2026-06-16 07:01:46,634 - debug - DEBUG - Batch 160 grad norm: 1.240297
2026-06-16 07:01:47,751 - debug - DEBUG - Batch 170 grad norm: 1.106835
2026-06-16 07:01:48,783 - debug - DEBUG - Batch 180 grad norm: 1.175698
2026-06-16 07:01:49,905 - debug - DEBUG - Batch 190 grad norm: 1.100270
2026-06-16 07:01:50,359 - debug - DEBUG - compute_metrics_and_record started for epoch 64
2026-06-16 07:01:50,359 - debug - DEBUG - all_preds length: 25000, all_targets length: 25000
2026-06-16 07:01:50,360 - debug - DEBUG - First 10 preds: [7, 5, 2, 1, 9, 0, 7, 5, 0, 2]
2026-06-16 07:01:50,360 - debug - DEBUG - First 10 targets: [7, 5, 2, 1, 9, 0, 7, 5, 0, 2]
2026-06-16 07:01:50,365 - debug - DEBUG - Unique predicted classes: 10 (first 10: [0 1 2 3 4 5 6 7 8 9])
2026-06-16 07:01:50,365 - debug - DEBUG - Unique target classes: 10 (first 10: [0 1 2 3 4 5 6 7 8 9])
2026-06-16 07:01:52,707 - debug - DEBUG - compute_metrics_and_record started for epoch 64
2026-06-16 07:01:52,707 - debug - DEBUG - all_preds length: 10000, all_targets length: 10000
2026-06-16 07:01:52,707 - debug - DEBUG - First 10 preds: [3, 8, 9, 8, 6, 3, 1, 3, 3, 9]
2026-06-16 07:01:52,707 - debug - DEBUG - First 10 targets: [3, 8, 8, 0, 6, 6, 1, 6, 3, 1]
2026-06-16 07:01:52,710 - debug - DEBUG - Unique predicted classes: 10 (first 10: [0 1 2 3 4 5 6 7 8 9])
2026-06-16 07:01:52,710 - debug - DEBUG - Unique target classes: 10 (first 10: [0 1 2 3 4 5 6 7 8 9])
2026-06-16 07:01:52,958 - debug - DEBUG - Device Check - Batch 0
2026-06-16 07:01:52,959 - debug - DEBUG -   Config GPU ID: 1
2026-06-16 07:01:52,959 - debug - DEBUG -   Input Device:  cuda:1
2026-06-16 07:01:52,959 - debug - DEBUG -   Target Device: cuda:1
2026-06-16 07:01:52,959 - debug - DEBUG -   Model Device:  cuda:1
2026-06-16 07:01:52,960 - debug - DEBUG -   Criterion Weight Device: No weights
2026-06-16 07:01:53,629 - debug - DEBUG - Batch 0 grad norm: 1.152874
2026-06-16 07:01:54,770 - debug - DEBUG - Batch 10 grad norm: 1.032142
2026-06-16 07:01:55,911 - debug - DEBUG - Batch 20 grad norm: 0.879244
2026-06-16 07:01:57,033 - debug - DEBUG - Batch 30 grad norm: 0.912595
2026-06-16 07:01:58,162 - debug - DEBUG - Batch 40 grad norm: 1.119427
2026-06-16 07:01:59,272 - debug - DEBUG - Batch 50 grad norm: 1.206696
2026-06-16 07:02:00,410 - debug - DEBUG - Batch 60 grad norm: 0.757185
2026-06-16 07:02:01,515 - debug - DEBUG - Batch 70 grad norm: 1.496565
2026-06-16 07:02:02,456 - debug - DEBUG - Batch 80 grad norm: 1.218915
2026-06-16 07:02:03,623 - debug - DEBUG - Batch 90 grad norm: 1.439940
2026-06-16 07:02:04,670 - debug - DEBUG - Batch 100 grad norm: 1.304907
2026-06-16 07:02:05,761 - debug - DEBUG - Batch 110 grad norm: 1.139391
2026-06-16 07:02:06,866 - debug - DEBUG - Batch 120 grad norm: 1.198296
2026-06-16 07:02:07,995 - debug - DEBUG - Batch 130 grad norm: 1.162325
2026-06-16 07:02:09,124 - debug - DEBUG - Batch 140 grad norm: 1.002066
2026-06-16 07:02:10,233 - debug - DEBUG - Batch 150 grad norm: 1.157182
2026-06-16 07:02:11,365 - debug - DEBUG - Batch 160 grad norm: 1.117639
2026-06-16 07:02:12,452 - debug - DEBUG - Batch 170 grad norm: 0.984137
2026-06-16 07:02:13,575 - debug - DEBUG - Batch 180 grad norm: 0.903205
2026-06-16 07:02:14,622 - debug - DEBUG - Batch 190 grad norm: 0.909453
2026-06-16 07:02:15,052 - debug - DEBUG - compute_metrics_and_record started for epoch 65
2026-06-16 07:02:15,052 - debug - DEBUG - all_preds length: 25000, all_targets length: 25000
2026-06-16 07:02:15,052 - debug - DEBUG - First 10 preds: [6, 6, 2, 6, 5, 2, 7, 5, 0, 4]
2026-06-16 07:02:15,052 - debug - DEBUG - First 10 targets: [6, 6, 2, 6, 5, 2, 7, 5, 0, 4]
2026-06-16 07:02:15,057 - debug - DEBUG - Unique predicted classes: 10 (first 10: [0 1 2 3 4 5 6 7 8 9])
2026-06-16 07:02:15,058 - debug - DEBUG - Unique target classes: 10 (first 10: [0 1 2 3 4 5 6 7 8 9])
2026-06-16 07:02:17,294 - debug - DEBUG - compute_metrics_and_record started for epoch 65
2026-06-16 07:02:17,295 - debug - DEBUG - all_preds length: 10000, all_targets length: 10000
2026-06-16 07:02:17,295 - debug - DEBUG - First 10 preds: [3, 8, 1, 8, 6, 6, 9, 6, 3, 1]
2026-06-16 07:02:17,295 - debug - DEBUG - First 10 targets: [3, 8, 8, 0, 6, 6, 1, 6, 3, 1]
2026-06-16 07:02:17,297 - debug - DEBUG - Unique predicted classes: 10 (first 10: [0 1 2 3 4 5 6 7 8 9])
2026-06-16 07:02:17,298 - debug - DEBUG - Unique target classes: 10 (first 10: [0 1 2 3 4 5 6 7 8 9])
2026-06-16 07:02:17,545 - debug - DEBUG - Device Check - Batch 0
2026-06-16 07:02:17,546 - debug - DEBUG -   Config GPU ID: 1
2026-06-16 07:02:17,546 - debug - DEBUG -   Input Device:  cuda:1
2026-06-16 07:02:17,546 - debug - DEBUG -   Target Device: cuda:1
2026-06-16 07:02:17,547 - debug - DEBUG -   Model Device:  cuda:1
2026-06-16 07:02:17,547 - debug - DEBUG -   Criterion Weight Device: No weights
2026-06-16 07:02:17,980 - debug - DEBUG - Batch 0 grad norm: 1.200111
2026-06-16 07:02:19,099 - debug - DEBUG - Batch 10 grad norm: 1.086139
2026-06-16 07:02:20,199 - debug - DEBUG - Batch 20 grad norm: 1.418840
2026-06-16 07:02:21,441 - debug - DEBUG - Batch 30 grad norm: 1.240660
2026-06-16 07:02:22,379 - debug - DEBUG - Batch 40 grad norm: 1.151635
2026-06-16 07:02:23,532 - debug - DEBUG - Batch 50 grad norm: 1.250830
2026-06-16 07:02:24,580 - debug - DEBUG - Batch 60 grad norm: 1.022309
2026-06-16 07:02:25,707 - debug - DEBUG - Batch 70 grad norm: 1.249441
2026-06-16 07:02:26,821 - debug - DEBUG - Batch 80 grad norm: 0.980062
2026-06-16 07:02:27,945 - debug - DEBUG - Batch 90 grad norm: 1.139076
2026-06-16 07:02:29,092 - debug - DEBUG - Batch 100 grad norm: 1.331325
2026-06-16 07:02:30,063 - debug - DEBUG - Batch 110 grad norm: 1.024397
2026-06-16 07:02:31,169 - debug - DEBUG - Batch 120 grad norm: 1.028270
2026-06-16 07:02:32,283 - debug - DEBUG - Batch 130 grad norm: 1.103135
2026-06-16 07:02:33,388 - debug - DEBUG - Batch 140 grad norm: 0.983766
2026-06-16 07:02:34,488 - debug - DEBUG - Batch 150 grad norm: 1.126412
2026-06-16 07:02:35,617 - debug - DEBUG - Batch 160 grad norm: 1.078708
2026-06-16 07:02:36,746 - debug - DEBUG - Batch 170 grad norm: 1.316202
2026-06-16 07:02:37,927 - debug - DEBUG - Batch 180 grad norm: 1.083183
2026-06-16 07:02:39,040 - debug - DEBUG - Batch 190 grad norm: 1.014725
2026-06-16 07:02:39,427 - debug - DEBUG - compute_metrics_and_record started for epoch 66
2026-06-16 07:02:39,428 - debug - DEBUG - all_preds length: 25000, all_targets length: 25000
2026-06-16 07:02:39,428 - debug - DEBUG - First 10 preds: [2, 7, 0, 3, 9, 3, 8, 7, 3, 3]
2026-06-16 07:02:39,428 - debug - DEBUG - First 10 targets: [2, 7, 0, 3, 9, 3, 8, 3, 3, 3]
2026-06-16 07:02:39,434 - debug - DEBUG - Unique predicted classes: 10 (first 10: [0 1 2 3 4 5 6 7 8 9])
2026-06-16 07:02:39,434 - debug - DEBUG - Unique target classes: 10 (first 10: [0 1 2 3 4 5 6 7 8 9])
2026-06-16 07:02:41,777 - debug - DEBUG - compute_metrics_and_record started for epoch 66
2026-06-16 07:02:41,777 - debug - DEBUG - all_preds length: 10000, all_targets length: 10000
2026-06-16 07:02:41,777 - debug - DEBUG - First 10 preds: [3, 8, 1, 8, 6, 6, 1, 6, 4, 1]
2026-06-16 07:02:41,777 - debug - DEBUG - First 10 targets: [3, 8, 8, 0, 6, 6, 1, 6, 3, 1]
2026-06-16 07:02:41,780 - debug - DEBUG - Unique predicted classes: 10 (first 10: [0 1 2 3 4 5 6 7 8 9])
2026-06-16 07:02:41,780 - debug - DEBUG - Unique target classes: 10 (first 10: [0 1 2 3 4 5 6 7 8 9])
2026-06-16 07:02:42,041 - debug - DEBUG - Device Check - Batch 0
2026-06-16 07:02:42,042 - debug - DEBUG -   Config GPU ID: 1
2026-06-16 07:02:42,042 - debug - DEBUG -   Input Device:  cuda:1
2026-06-16 07:02:42,042 - debug - DEBUG -   Target Device: cuda:1
2026-06-16 07:02:42,042 - debug - DEBUG -   Model Device:  cuda:1
2026-06-16 07:02:42,042 - debug - DEBUG -   Criterion Weight Device: No weights
2026-06-16 07:02:42,673 - debug - DEBUG - Batch 0 grad norm: 1.207193
2026-06-16 07:02:43,820 - debug - DEBUG - Batch 10 grad norm: 1.215190
2026-06-16 07:02:44,965 - debug - DEBUG - Batch 20 grad norm: 1.166435
2026-06-16 07:02:46,111 - debug - DEBUG - Batch 30 grad norm: 1.061861
2026-06-16 07:02:47,240 - debug - DEBUG - Batch 40 grad norm: 1.440253
2026-06-16 07:02:48,388 - debug - DEBUG - Batch 50 grad norm: 0.877077
2026-06-16 07:02:49,519 - debug - DEBUG - Batch 60 grad norm: 0.890600
2026-06-16 07:02:50,635 - debug - DEBUG - Batch 70 grad norm: 1.306943
2026-06-16 07:02:51,705 - debug - DEBUG - Batch 80 grad norm: 0.940008
2026-06-16 07:02:52,926 - debug - DEBUG - Batch 90 grad norm: 1.099303
2026-06-16 07:02:53,674 - debug - DEBUG - Batch 100 grad norm: 1.199427
2026-06-16 07:02:54,724 - debug - DEBUG - Batch 110 grad norm: 1.118920
2026-06-16 07:02:55,884 - debug - DEBUG - Batch 120 grad norm: 1.272353
2026-06-16 07:02:56,856 - debug - DEBUG - Batch 130 grad norm: 1.206619
2026-06-16 07:02:57,956 - debug - DEBUG - Batch 140 grad norm: 1.132944
2026-06-16 07:02:59,064 - debug - DEBUG - Batch 150 grad norm: 1.230534
2026-06-16 07:03:00,178 - debug - DEBUG - Batch 160 grad norm: 1.007733
2026-06-16 07:03:01,292 - debug - DEBUG - Batch 170 grad norm: 1.176787
2026-06-16 07:03:02,458 - debug - DEBUG - Batch 180 grad norm: 1.146114
2026-06-16 07:03:03,552 - debug - DEBUG - Batch 190 grad norm: 0.824860
2026-06-16 07:03:03,973 - debug - DEBUG - compute_metrics_and_record started for epoch 67
2026-06-16 07:03:03,973 - debug - DEBUG - all_preds length: 25000, all_targets length: 25000
2026-06-16 07:03:03,973 - debug - DEBUG - First 10 preds: [3, 0, 6, 7, 4, 0, 3, 7, 8, 7]
2026-06-16 07:03:03,973 - debug - DEBUG - First 10 targets: [3, 0, 6, 7, 4, 0, 3, 7, 8, 7]
2026-06-16 07:03:03,979 - debug - DEBUG - Unique predicted classes: 10 (first 10: [0 1 2 3 4 5 6 7 8 9])
2026-06-16 07:03:03,979 - debug - DEBUG - Unique target classes: 10 (first 10: [0 1 2 3 4 5 6 7 8 9])
2026-06-16 07:03:06,185 - debug - DEBUG - compute_metrics_and_record started for epoch 67
2026-06-16 07:03:06,186 - debug - DEBUG - all_preds length: 10000, all_targets length: 10000
2026-06-16 07:03:06,186 - debug - DEBUG - First 10 preds: [3, 8, 1, 8, 6, 3, 1, 2, 3, 1]
2026-06-16 07:03:06,186 - debug - DEBUG - First 10 targets: [3, 8, 8, 0, 6, 6, 1, 6, 3, 1]
2026-06-16 07:03:06,189 - debug - DEBUG - Unique predicted classes: 10 (first 10: [0 1 2 3 4 5 6 7 8 9])
2026-06-16 07:03:06,189 - debug - DEBUG - Unique target classes: 10 (first 10: [0 1 2 3 4 5 6 7 8 9])
2026-06-16 07:03:06,498 - debug - DEBUG - Device Check - Batch 0
2026-06-16 07:03:06,499 - debug - DEBUG -   Config GPU ID: 1
2026-06-16 07:03:06,500 - debug - DEBUG -   Input Device:  cuda:1
2026-06-16 07:03:06,500 - debug - DEBUG -   Target Device: cuda:1
2026-06-16 07:03:06,500 - debug - DEBUG -   Model Device:  cuda:1
2026-06-16 07:03:06,500 - debug - DEBUG -   Criterion Weight Device: No weights
2026-06-16 07:03:06,967 - debug - DEBUG - Batch 0 grad norm: 1.095893
2026-06-16 07:03:08,112 - debug - DEBUG - Batch 10 grad norm: 1.097474
2026-06-16 07:03:09,203 - debug - DEBUG - Batch 20 grad norm: 1.314774
2026-06-16 07:03:10,355 - debug - DEBUG - Batch 30 grad norm: 1.238064
2026-06-16 07:03:11,463 - debug - DEBUG - Batch 40 grad norm: 1.199213
2026-06-16 07:03:12,629 - debug - DEBUG - Batch 50 grad norm: 1.083838
2026-06-16 07:03:13,698 - debug - DEBUG - Batch 60 grad norm: 1.092925
2026-06-16 07:03:14,813 - debug - DEBUG - Batch 70 grad norm: 1.206795
2026-06-16 07:03:15,904 - debug - DEBUG - Batch 80 grad norm: 0.860795
2026-06-16 07:03:17,008 - debug - DEBUG - Batch 90 grad norm: 1.142032
2026-06-16 07:03:18,162 - debug - DEBUG - Batch 100 grad norm: 1.238394
2026-06-16 07:03:19,153 - debug - DEBUG - Batch 110 grad norm: 1.244732
2026-06-16 07:03:20,210 - debug - DEBUG - Batch 120 grad norm: 1.298171
2026-06-16 07:03:21,341 - debug - DEBUG - Batch 130 grad norm: 0.977229
2026-06-16 07:03:22,467 - debug - DEBUG - Batch 140 grad norm: 1.034055
2026-06-16 07:03:23,595 - debug - DEBUG - Batch 150 grad norm: 1.041278
2026-06-16 07:03:24,728 - debug - DEBUG - Batch 160 grad norm: 1.048950
2026-06-16 07:03:25,856 - debug - DEBUG - Batch 170 grad norm: 0.959352
2026-06-16 07:03:26,998 - debug - DEBUG - Batch 180 grad norm: 0.942738
2026-06-16 07:03:27,934 - debug - DEBUG - Batch 190 grad norm: 1.252914
2026-06-16 07:03:28,367 - debug - DEBUG - compute_metrics_and_record started for epoch 68
2026-06-16 07:03:28,367 - debug - DEBUG - all_preds length: 25000, all_targets length: 25000
2026-06-16 07:03:28,367 - debug - DEBUG - First 10 preds: [1, 2, 7, 5, 3, 6, 8, 6, 7, 6]
2026-06-16 07:03:28,368 - debug - DEBUG - First 10 targets: [1, 2, 7, 5, 5, 0, 8, 6, 7, 6]
2026-06-16 07:03:28,374 - debug - DEBUG - Unique predicted classes: 10 (first 10: [0 1 2 3 4 5 6 7 8 9])
2026-06-16 07:03:28,374 - debug - DEBUG - Unique target classes: 10 (first 10: [0 1 2 3 4 5 6 7 8 9])
2026-06-16 07:03:30,557 - debug - DEBUG - compute_metrics_and_record started for epoch 68
2026-06-16 07:03:30,557 - debug - DEBUG - all_preds length: 10000, all_targets length: 10000
2026-06-16 07:03:30,557 - debug - DEBUG - First 10 preds: [3, 0, 1, 0, 6, 6, 1, 6, 3, 1]
2026-06-16 07:03:30,558 - debug - DEBUG - First 10 targets: [3, 8, 8, 0, 6, 6, 1, 6, 3, 1]
2026-06-16 07:03:30,560 - debug - DEBUG - Unique predicted classes: 10 (first 10: [0 1 2 3 4 5 6 7 8 9])
2026-06-16 07:03:30,560 - debug - DEBUG - Unique target classes: 10 (first 10: [0 1 2 3 4 5 6 7 8 9])
2026-06-16 07:03:30,804 - debug - DEBUG - Device Check - Batch 0
2026-06-16 07:03:30,805 - debug - DEBUG -   Config GPU ID: 1
2026-06-16 07:03:30,805 - debug - DEBUG -   Input Device:  cuda:1
2026-06-16 07:03:30,805 - debug - DEBUG -   Target Device: cuda:1
2026-06-16 07:03:30,805 - debug - DEBUG -   Model Device:  cuda:1
2026-06-16 07:03:30,806 - debug - DEBUG -   Criterion Weight Device: No weights
2026-06-16 07:03:31,296 - debug - DEBUG - Batch 0 grad norm: 1.229214
2026-06-16 07:03:32,412 - debug - DEBUG - Batch 10 grad norm: 1.131106
2026-06-16 07:03:33,505 - debug - DEBUG - Batch 20 grad norm: 0.766565
2026-06-16 07:03:34,622 - debug - DEBUG - Batch 30 grad norm: 1.170405
2026-06-16 07:03:35,737 - debug - DEBUG - Batch 40 grad norm: 1.038294
2026-06-16 07:03:36,849 - debug - DEBUG - Batch 50 grad norm: 0.879541
2026-06-16 07:03:37,988 - debug - DEBUG - Batch 60 grad norm: 0.938305
2026-06-16 07:03:39,103 - debug - DEBUG - Batch 70 grad norm: 1.233740
2026-06-16 07:03:40,227 - debug - DEBUG - Batch 80 grad norm: 1.407387
2026-06-16 07:03:41,388 - debug - DEBUG - Batch 90 grad norm: 0.996271
2026-06-16 07:03:42,492 - debug - DEBUG - Batch 100 grad norm: 1.005616
2026-06-16 07:03:43,528 - debug - DEBUG - Batch 110 grad norm: 0.871692
2026-06-16 07:03:44,620 - debug - DEBUG - Batch 120 grad norm: 1.203654
2026-06-16 07:03:45,733 - debug - DEBUG - Batch 130 grad norm: 1.311843
2026-06-16 07:03:46,838 - debug - DEBUG - Batch 140 grad norm: 1.068904
2026-06-16 07:03:47,922 - debug - DEBUG - Batch 150 grad norm: 0.912096
2026-06-16 07:03:49,018 - debug - DEBUG - Batch 160 grad norm: 1.172905
2026-06-16 07:03:50,133 - debug - DEBUG - Batch 170 grad norm: 1.055712
2026-06-16 07:03:51,180 - debug - DEBUG - Batch 180 grad norm: 0.918419
2026-06-16 07:03:52,289 - debug - DEBUG - Batch 190 grad norm: 1.232837
2026-06-16 07:03:52,688 - debug - DEBUG - compute_metrics_and_record started for epoch 69
2026-06-16 07:03:52,689 - debug - DEBUG - all_preds length: 25000, all_targets length: 25000
2026-06-16 07:03:52,689 - debug - DEBUG - First 10 preds: [9, 0, 1, 1, 6, 2, 6, 3, 1, 9]
2026-06-16 07:03:52,689 - debug - DEBUG - First 10 targets: [9, 0, 1, 1, 6, 2, 6, 3, 1, 9]
2026-06-16 07:03:52,694 - debug - DEBUG - Unique predicted classes: 10 (first 10: [0 1 2 3 4 5 6 7 8 9])
2026-06-16 07:03:52,694 - debug - DEBUG - Unique target classes: 10 (first 10: [0 1 2 3 4 5 6 7 8 9])
2026-06-16 07:03:54,851 - debug - DEBUG - compute_metrics_and_record started for epoch 69
2026-06-16 07:03:54,852 - debug - DEBUG - all_preds length: 10000, all_targets length: 10000
2026-06-16 07:03:54,852 - debug - DEBUG - First 10 preds: [3, 1, 1, 8, 6, 5, 1, 3, 3, 1]
2026-06-16 07:03:54,852 - debug - DEBUG - First 10 targets: [3, 8, 8, 0, 6, 6, 1, 6, 3, 1]
2026-06-16 07:03:54,854 - debug - DEBUG - Unique predicted classes: 10 (first 10: [0 1 2 3 4 5 6 7 8 9])
2026-06-16 07:03:54,854 - debug - DEBUG - Unique target classes: 10 (first 10: [0 1 2 3 4 5 6 7 8 9])
2026-06-16 07:03:55,105 - debug - DEBUG - Device Check - Batch 0
2026-06-16 07:03:55,106 - debug - DEBUG -   Config GPU ID: 1
2026-06-16 07:03:55,107 - debug - DEBUG -   Input Device:  cuda:1
2026-06-16 07:03:55,107 - debug - DEBUG -   Target Device: cuda:1
2026-06-16 07:03:55,107 - debug - DEBUG -   Model Device:  cuda:1
2026-06-16 07:03:55,107 - debug - DEBUG -   Criterion Weight Device: No weights
2026-06-16 07:03:55,472 - debug - DEBUG - Batch 0 grad norm: 1.011911
2026-06-16 07:03:56,601 - debug - DEBUG - Batch 10 grad norm: 1.057354
2026-06-16 07:03:57,724 - debug - DEBUG - Batch 20 grad norm: 1.283737
2026-06-16 07:03:58,819 - debug - DEBUG - Batch 30 grad norm: 1.226508
2026-06-16 07:03:59,952 - debug - DEBUG - Batch 40 grad norm: 1.018544
2026-06-16 07:04:01,079 - debug - DEBUG - Batch 50 grad norm: 1.351762
2026-06-16 07:04:02,025 - debug - DEBUG - Batch 60 grad norm: 1.323771
2026-06-16 07:04:03,224 - debug - DEBUG - Batch 70 grad norm: 1.570688
2026-06-16 07:04:04,345 - debug - DEBUG - Batch 80 grad norm: 1.393551
2026-06-16 07:04:05,303 - debug - DEBUG - Batch 90 grad norm: 1.010334
2026-06-16 07:04:06,498 - debug - DEBUG - Batch 100 grad norm: 1.249911
2026-06-16 07:04:07,456 - debug - DEBUG - Batch 110 grad norm: 1.111360
2026-06-16 07:04:08,574 - debug - DEBUG - Batch 120 grad norm: 0.579062
2026-06-16 07:04:09,695 - debug - DEBUG - Batch 130 grad norm: 0.942909
2026-06-16 07:04:10,790 - debug - DEBUG - Batch 140 grad norm: 1.173315
2026-06-16 07:04:11,874 - debug - DEBUG - Batch 150 grad norm: 1.059861
2026-06-16 07:04:12,969 - debug - DEBUG - Batch 160 grad norm: 1.067328
2026-06-16 07:04:14,021 - debug - DEBUG - Batch 170 grad norm: 1.362924
2026-06-16 07:04:15,136 - debug - DEBUG - Batch 180 grad norm: 1.021963
2026-06-16 07:04:16,234 - debug - DEBUG - Batch 190 grad norm: 1.257615
2026-06-16 07:04:16,640 - debug - DEBUG - compute_metrics_and_record started for epoch 70
2026-06-16 07:04:16,640 - debug - DEBUG - all_preds length: 25000, all_targets length: 25000
2026-06-16 07:04:16,641 - debug - DEBUG - First 10 preds: [1, 6, 6, 3, 3, 6, 8, 6, 0, 8]
2026-06-16 07:04:16,641 - debug - DEBUG - First 10 targets: [1, 6, 6, 3, 3, 6, 8, 6, 0, 8]
2026-06-16 07:04:16,650 - debug - DEBUG - Unique predicted classes: 10 (first 10: [0 1 2 3 4 5 6 7 8 9])
2026-06-16 07:04:16,651 - debug - DEBUG - Unique target classes: 10 (first 10: [0 1 2 3 4 5 6 7 8 9])
2026-06-16 07:04:18,881 - debug - DEBUG - compute_metrics_and_record started for epoch 70
2026-06-16 07:04:18,881 - debug - DEBUG - all_preds length: 10000, all_targets length: 10000
2026-06-16 07:04:18,882 - debug - DEBUG - First 10 preds: [3, 8, 1, 8, 6, 3, 1, 6, 3, 1]
2026-06-16 07:04:18,882 - debug - DEBUG - First 10 targets: [3, 8, 8, 0, 6, 6, 1, 6, 3, 1]
2026-06-16 07:04:18,884 - debug - DEBUG - Unique predicted classes: 10 (first 10: [0 1 2 3 4 5 6 7 8 9])
2026-06-16 07:04:18,884 - debug - DEBUG - Unique target classes: 10 (first 10: [0 1 2 3 4 5 6 7 8 9])
2026-06-16 07:04:19,120 - debug - DEBUG - Device Check - Batch 0
2026-06-16 07:04:19,121 - debug - DEBUG -   Config GPU ID: 1
2026-06-16 07:04:19,121 - debug - DEBUG -   Input Device:  cuda:1
2026-06-16 07:04:19,121 - debug - DEBUG -   Target Device: cuda:1
2026-06-16 07:04:19,121 - debug - DEBUG -   Model Device:  cuda:1
2026-06-16 07:04:19,121 - debug - DEBUG -   Criterion Weight Device: No weights
2026-06-16 07:04:19,556 - debug - DEBUG - Batch 0 grad norm: 1.273533
2026-06-16 07:04:20,679 - debug - DEBUG - Batch 10 grad norm: 0.999034
2026-06-16 07:04:21,790 - debug - DEBUG - Batch 20 grad norm: 1.090872
2026-06-16 07:04:22,911 - debug - DEBUG - Batch 30 grad norm: 1.088566
2026-06-16 07:04:24,010 - debug - DEBUG - Batch 40 grad norm: 0.974158
2026-06-16 07:04:25,118 - debug - DEBUG - Batch 50 grad norm: 1.199526
2026-06-16 07:04:26,221 - debug - DEBUG - Batch 60 grad norm: 0.950892
2026-06-16 07:04:27,344 - debug - DEBUG - Batch 70 grad norm: 0.951733
2026-06-16 07:04:28,474 - debug - DEBUG - Batch 80 grad norm: 0.947827
2026-06-16 07:04:29,598 - debug - DEBUG - Batch 90 grad norm: 1.344492
2026-06-16 07:04:30,734 - debug - DEBUG - Batch 100 grad norm: 0.975478
2026-06-16 07:04:31,906 - debug - DEBUG - Batch 110 grad norm: 1.116627
2026-06-16 07:04:32,864 - debug - DEBUG - Batch 120 grad norm: 1.032833
2026-06-16 07:04:33,983 - debug - DEBUG - Batch 130 grad norm: 1.208874
2026-06-16 07:04:35,143 - debug - DEBUG - Batch 140 grad norm: 1.434278
2026-06-16 07:04:36,094 - debug - DEBUG - Batch 150 grad norm: 1.139154
2026-06-16 07:04:37,257 - debug - DEBUG - Batch 160 grad norm: 1.065443
2026-06-16 07:04:38,372 - debug - DEBUG - Batch 170 grad norm: 1.179448
2026-06-16 07:04:39,362 - debug - DEBUG - Batch 180 grad norm: 0.941385
2026-06-16 07:04:40,454 - debug - DEBUG - Batch 190 grad norm: 1.002742
2026-06-16 07:04:40,902 - debug - DEBUG - compute_metrics_and_record started for epoch 71
2026-06-16 07:04:40,902 - debug - DEBUG - all_preds length: 25000, all_targets length: 25000
2026-06-16 07:04:40,902 - debug - DEBUG - First 10 preds: [7, 9, 8, 1, 0, 4, 0, 5, 1, 2]
2026-06-16 07:04:40,903 - debug - DEBUG - First 10 targets: [7, 9, 8, 1, 2, 4, 0, 5, 1, 2]
2026-06-16 07:04:40,909 - debug - DEBUG - Unique predicted classes: 10 (first 10: [0 1 2 3 4 5 6 7 8 9])
2026-06-16 07:04:40,909 - debug - DEBUG - Unique target classes: 10 (first 10: [0 1 2 3 4 5 6 7 8 9])
2026-06-16 07:04:43,174 - debug - DEBUG - compute_metrics_and_record started for epoch 71
2026-06-16 07:04:43,175 - debug - DEBUG - all_preds length: 10000, all_targets length: 10000
2026-06-16 07:04:43,175 - debug - DEBUG - First 10 preds: [3, 8, 8, 0, 6, 6, 1, 6, 4, 1]
2026-06-16 07:04:43,175 - debug - DEBUG - First 10 targets: [3, 8, 8, 0, 6, 6, 1, 6, 3, 1]
2026-06-16 07:04:43,178 - debug - DEBUG - Unique predicted classes: 10 (first 10: [0 1 2 3 4 5 6 7 8 9])
2026-06-16 07:04:43,178 - debug - DEBUG - Unique target classes: 10 (first 10: [0 1 2 3 4 5 6 7 8 9])
2026-06-16 07:04:43,473 - debug - DEBUG - Device Check - Batch 0
2026-06-16 07:04:43,474 - debug - DEBUG -   Config GPU ID: 1
2026-06-16 07:04:43,474 - debug - DEBUG -   Input Device:  cuda:1
2026-06-16 07:04:43,474 - debug - DEBUG -   Target Device: cuda:1
2026-06-16 07:04:43,474 - debug - DEBUG -   Model Device:  cuda:1
2026-06-16 07:04:43,474 - debug - DEBUG -   Criterion Weight Device: No weights
2026-06-16 07:04:43,855 - debug - DEBUG - Batch 0 grad norm: 0.974786
2026-06-16 07:04:44,934 - debug - DEBUG - Batch 10 grad norm: 1.343234
2026-06-16 07:04:46,027 - debug - DEBUG - Batch 20 grad norm: 1.119227
2026-06-16 07:04:47,113 - debug - DEBUG - Batch 30 grad norm: 1.276144
2026-06-16 07:04:48,217 - debug - DEBUG - Batch 40 grad norm: 1.191689
2026-06-16 07:04:49,347 - debug - DEBUG - Batch 50 grad norm: 0.916041
2026-06-16 07:04:50,441 - debug - DEBUG - Batch 60 grad norm: 1.241098
2026-06-16 07:04:51,573 - debug - DEBUG - Batch 70 grad norm: 0.920899
2026-06-16 07:04:52,695 - debug - DEBUG - Batch 80 grad norm: 1.120305
2026-06-16 07:04:53,855 - debug - DEBUG - Batch 90 grad norm: 1.257397
2026-06-16 07:04:54,973 - debug - DEBUG - Batch 100 grad norm: 1.023726
2026-06-16 07:04:56,178 - debug - DEBUG - Batch 110 grad norm: 1.146181
2026-06-16 07:04:57,134 - debug - DEBUG - Batch 120 grad norm: 0.836496
2026-06-16 07:04:58,245 - debug - DEBUG - Batch 130 grad norm: 1.181739
2026-06-16 07:04:59,380 - debug - DEBUG - Batch 140 grad norm: 0.917465
2026-06-16 07:05:00,510 - debug - DEBUG - Batch 150 grad norm: 1.138619
2026-06-16 07:05:01,637 - debug - DEBUG - Batch 160 grad norm: 1.305750
2026-06-16 07:05:02,753 - debug - DEBUG - Batch 170 grad norm: 1.401900
2026-06-16 07:05:03,830 - debug - DEBUG - Batch 180 grad norm: 1.010474
2026-06-16 07:05:04,950 - debug - DEBUG - Batch 190 grad norm: 1.133073
2026-06-16 07:05:05,364 - debug - DEBUG - compute_metrics_and_record started for epoch 72
2026-06-16 07:05:05,365 - debug - DEBUG - all_preds length: 25000, all_targets length: 25000
2026-06-16 07:05:05,365 - debug - DEBUG - First 10 preds: [9, 5, 2, 7, 8, 3, 1, 6, 5, 9]
2026-06-16 07:05:05,365 - debug - DEBUG - First 10 targets: [9, 3, 2, 7, 8, 3, 1, 6, 5, 9]
2026-06-16 07:05:05,373 - debug - DEBUG - Unique predicted classes: 10 (first 10: [0 1 2 3 4 5 6 7 8 9])
2026-06-16 07:05:05,373 - debug - DEBUG - Unique target classes: 10 (first 10: [0 1 2 3 4 5 6 7 8 9])
2026-06-16 07:05:07,662 - debug - DEBUG - compute_metrics_and_record started for epoch 72
2026-06-16 07:05:07,663 - debug - DEBUG - all_preds length: 10000, all_targets length: 10000
2026-06-16 07:05:07,663 - debug - DEBUG - First 10 preds: [5, 8, 1, 0, 6, 6, 1, 6, 3, 1]
2026-06-16 07:05:07,663 - debug - DEBUG - First 10 targets: [3, 8, 8, 0, 6, 6, 1, 6, 3, 1]
2026-06-16 07:05:07,665 - debug - DEBUG - Unique predicted classes: 10 (first 10: [0 1 2 3 4 5 6 7 8 9])
2026-06-16 07:05:07,665 - debug - DEBUG - Unique target classes: 10 (first 10: [0 1 2 3 4 5 6 7 8 9])
2026-06-16 07:05:07,901 - debug - DEBUG - Device Check - Batch 0
2026-06-16 07:05:07,902 - debug - DEBUG -   Config GPU ID: 1
2026-06-16 07:05:07,902 - debug - DEBUG -   Input Device:  cuda:1
2026-06-16 07:05:07,902 - debug - DEBUG -   Target Device: cuda:1
2026-06-16 07:05:07,902 - debug - DEBUG -   Model Device:  cuda:1
2026-06-16 07:05:07,903 - debug - DEBUG -   Criterion Weight Device: No weights
2026-06-16 07:05:08,494 - debug - DEBUG - Batch 0 grad norm: 1.079227
2026-06-16 07:05:09,648 - debug - DEBUG - Batch 10 grad norm: 0.952995
2026-06-16 07:05:10,639 - debug - DEBUG - Batch 20 grad norm: 1.203704
2026-06-16 07:05:11,798 - debug - DEBUG - Batch 30 grad norm: 1.353366
2026-06-16 07:05:12,874 - debug - DEBUG - Batch 40 grad norm: 1.342222
2026-06-16 07:05:13,926 - debug - DEBUG - Batch 50 grad norm: 1.319063
2026-06-16 07:05:15,030 - debug - DEBUG - Batch 60 grad norm: 1.009552
2026-06-16 07:05:16,155 - debug - DEBUG - Batch 70 grad norm: 1.165020
2026-06-16 07:05:17,226 - debug - DEBUG - Batch 80 grad norm: 0.971674
2026-06-16 07:05:18,298 - debug - DEBUG - Batch 90 grad norm: 0.836655
2026-06-16 07:05:19,425 - debug - DEBUG - Batch 100 grad norm: 1.185128
2026-06-16 07:05:20,596 - debug - DEBUG - Batch 110 grad norm: 1.176985
2026-06-16 07:05:21,597 - debug - DEBUG - Batch 120 grad norm: 0.784604
2026-06-16 07:05:22,742 - debug - DEBUG - Batch 130 grad norm: 1.249308
2026-06-16 07:05:23,852 - debug - DEBUG - Batch 140 grad norm: 1.050279
2026-06-16 07:05:25,011 - debug - DEBUG - Batch 150 grad norm: 1.093151
2026-06-16 07:05:26,095 - debug - DEBUG - Batch 160 grad norm: 0.880527
2026-06-16 07:05:27,180 - debug - DEBUG - Batch 170 grad norm: 1.111796
2026-06-16 07:05:28,275 - debug - DEBUG - Batch 180 grad norm: 1.131860
2026-06-16 07:05:29,371 - debug - DEBUG - Batch 190 grad norm: 0.889670
2026-06-16 07:05:29,794 - debug - DEBUG - compute_metrics_and_record started for epoch 73
2026-06-16 07:05:29,794 - debug - DEBUG - all_preds length: 25000, all_targets length: 25000
2026-06-16 07:05:29,794 - debug - DEBUG - First 10 preds: [1, 7, 7, 6, 2, 2, 1, 1, 5, 9]
2026-06-16 07:05:29,794 - debug - DEBUG - First 10 targets: [1, 7, 7, 6, 2, 2, 1, 1, 5, 9]
2026-06-16 07:05:29,801 - debug - DEBUG - Unique predicted classes: 10 (first 10: [0 1 2 3 4 5 6 7 8 9])
2026-06-16 07:05:29,802 - debug - DEBUG - Unique target classes: 10 (first 10: [0 1 2 3 4 5 6 7 8 9])
2026-06-16 07:05:31,964 - debug - DEBUG - compute_metrics_and_record started for epoch 73
2026-06-16 07:05:31,965 - debug - DEBUG - all_preds length: 10000, all_targets length: 10000
2026-06-16 07:05:31,965 - debug - DEBUG - First 10 preds: [3, 8, 1, 0, 6, 6, 1, 6, 3, 1]
2026-06-16 07:05:31,965 - debug - DEBUG - First 10 targets: [3, 8, 8, 0, 6, 6, 1, 6, 3, 1]
2026-06-16 07:05:31,967 - debug - DEBUG - Unique predicted classes: 10 (first 10: [0 1 2 3 4 5 6 7 8 9])
2026-06-16 07:05:31,968 - debug - DEBUG - Unique target classes: 10 (first 10: [0 1 2 3 4 5 6 7 8 9])
2026-06-16 07:05:32,219 - debug - DEBUG - Device Check - Batch 0
2026-06-16 07:05:32,219 - debug - DEBUG -   Config GPU ID: 1
2026-06-16 07:05:32,219 - debug - DEBUG -   Input Device:  cuda:1
2026-06-16 07:05:32,220 - debug - DEBUG -   Target Device: cuda:1
2026-06-16 07:05:32,220 - debug - DEBUG -   Model Device:  cuda:1
2026-06-16 07:05:32,220 - debug - DEBUG -   Criterion Weight Device: No weights
2026-06-16 07:05:32,568 - debug - DEBUG - Batch 0 grad norm: 1.008079
2026-06-16 07:05:33,692 - debug - DEBUG - Batch 10 grad norm: 0.908146
2026-06-16 07:05:34,784 - debug - DEBUG - Batch 20 grad norm: 1.188888
2026-06-16 07:05:35,910 - debug - DEBUG - Batch 30 grad norm: 0.909909
2026-06-16 07:05:36,990 - debug - DEBUG - Batch 40 grad norm: 1.228042
2026-06-16 07:05:38,085 - debug - DEBUG - Batch 50 grad norm: 0.743190
2026-06-16 07:05:39,194 - debug - DEBUG - Batch 60 grad norm: 1.262630
2026-06-16 07:05:40,306 - debug - DEBUG - Batch 70 grad norm: 1.164487
2026-06-16 07:05:41,441 - debug - DEBUG - Batch 80 grad norm: 1.406584
2026-06-16 07:05:42,567 - debug - DEBUG - Batch 90 grad norm: 1.066079
2026-06-16 07:05:43,718 - debug - DEBUG - Batch 100 grad norm: 0.774333
2026-06-16 07:05:44,744 - debug - DEBUG - Batch 110 grad norm: 1.333020
2026-06-16 07:05:45,850 - debug - DEBUG - Batch 120 grad norm: 1.187580
2026-06-16 07:05:46,869 - debug - DEBUG - Batch 130 grad norm: 0.882825
2026-06-16 07:05:47,937 - debug - DEBUG - Batch 140 grad norm: 1.175421
2026-06-16 07:05:49,011 - debug - DEBUG - Batch 150 grad norm: 1.266750
2026-06-16 07:05:50,131 - debug - DEBUG - Batch 160 grad norm: 0.996794
2026-06-16 07:05:51,207 - debug - DEBUG - Batch 170 grad norm: 0.966040
2026-06-16 07:05:52,343 - debug - DEBUG - Batch 180 grad norm: 1.039305
2026-06-16 07:05:53,458 - debug - DEBUG - Batch 190 grad norm: 0.797822
2026-06-16 07:05:53,881 - debug - DEBUG - compute_metrics_and_record started for epoch 74
2026-06-16 07:05:53,881 - debug - DEBUG - all_preds length: 25000, all_targets length: 25000
2026-06-16 07:05:53,881 - debug - DEBUG - First 10 preds: [9, 2, 2, 3, 5, 5, 2, 3, 0, 9]
2026-06-16 07:05:53,881 - debug - DEBUG - First 10 targets: [3, 2, 2, 3, 5, 5, 2, 3, 0, 9]
2026-06-16 07:05:53,888 - debug - DEBUG - Unique predicted classes: 10 (first 10: [0 1 2 3 4 5 6 7 8 9])
2026-06-16 07:05:53,888 - debug - DEBUG - Unique target classes: 10 (first 10: [0 1 2 3 4 5 6 7 8 9])
2026-06-16 07:05:56,045 - debug - DEBUG - compute_metrics_and_record started for epoch 74
2026-06-16 07:05:56,046 - debug - DEBUG - all_preds length: 10000, all_targets length: 10000
2026-06-16 07:05:56,046 - debug - DEBUG - First 10 preds: [3, 1, 1, 1, 6, 6, 1, 6, 3, 1]
2026-06-16 07:05:56,046 - debug - DEBUG - First 10 targets: [3, 8, 8, 0, 6, 6, 1, 6, 3, 1]
2026-06-16 07:05:56,049 - debug - DEBUG - Unique predicted classes: 10 (first 10: [0 1 2 3 4 5 6 7 8 9])
2026-06-16 07:05:56,049 - debug - DEBUG - Unique target classes: 10 (first 10: [0 1 2 3 4 5 6 7 8 9])
2026-06-16 07:05:56,299 - debug - DEBUG - Device Check - Batch 0
2026-06-16 07:05:56,300 - debug - DEBUG -   Config GPU ID: 1
2026-06-16 07:05:56,300 - debug - DEBUG -   Input Device:  cuda:1
2026-06-16 07:05:56,300 - debug - DEBUG -   Target Device: cuda:1
2026-06-16 07:05:56,300 - debug - DEBUG -   Model Device:  cuda:1
2026-06-16 07:05:56,300 - debug - DEBUG -   Criterion Weight Device: No weights
2026-06-16 07:05:56,684 - debug - DEBUG - Batch 0 grad norm: 1.212391
2026-06-16 07:05:57,806 - debug - DEBUG - Batch 10 grad norm: 0.935139
2026-06-16 07:05:58,935 - debug - DEBUG - Batch 20 grad norm: 1.348181
2026-06-16 07:06:00,085 - debug - DEBUG - Batch 30 grad norm: 1.283960
2026-06-16 07:06:01,221 - debug - DEBUG - Batch 40 grad norm: 1.386560
2026-06-16 07:06:02,364 - debug - DEBUG - Batch 50 grad norm: 1.258200
2026-06-16 07:06:03,477 - debug - DEBUG - Batch 60 grad norm: 1.346577
2026-06-16 07:06:04,615 - debug - DEBUG - Batch 70 grad norm: 0.835049
2026-06-16 07:06:05,703 - debug - DEBUG - Batch 80 grad norm: 0.879364
2026-06-16 07:06:06,845 - debug - DEBUG - Batch 90 grad norm: 1.041609
2026-06-16 07:06:07,950 - debug - DEBUG - Batch 100 grad norm: 1.519979
2026-06-16 07:06:09,135 - debug - DEBUG - Batch 110 grad norm: 1.066074
2026-06-16 07:06:10,137 - debug - DEBUG - Batch 120 grad norm: 0.849884
2026-06-16 07:06:11,273 - debug - DEBUG - Batch 130 grad norm: 1.054858
2026-06-16 07:06:12,336 - debug - DEBUG - Batch 140 grad norm: 0.958272
2026-06-16 07:06:13,451 - debug - DEBUG - Batch 150 grad norm: 0.976513
2026-06-16 07:06:14,571 - debug - DEBUG - Batch 160 grad norm: 1.200960
2026-06-16 07:06:15,704 - debug - DEBUG - Batch 170 grad norm: 1.351637
2026-06-16 07:06:16,829 - debug - DEBUG - Batch 180 grad norm: 1.648040
2026-06-16 07:06:17,931 - debug - DEBUG - Batch 190 grad norm: 1.055061
2026-06-16 07:06:18,297 - debug - DEBUG - compute_metrics_and_record started for epoch 75
2026-06-16 07:06:18,297 - debug - DEBUG - all_preds length: 25000, all_targets length: 25000
2026-06-16 07:06:18,297 - debug - DEBUG - First 10 preds: [0, 6, 5, 2, 4, 1, 5, 3, 7, 8]
2026-06-16 07:06:18,298 - debug - DEBUG - First 10 targets: [0, 6, 5, 2, 4, 1, 5, 3, 7, 8]
2026-06-16 07:06:18,307 - debug - DEBUG - Unique predicted classes: 10 (first 10: [0 1 2 3 4 5 6 7 8 9])
2026-06-16 07:06:18,308 - debug - DEBUG - Unique target classes: 10 (first 10: [0 1 2 3 4 5 6 7 8 9])
2026-06-16 07:06:20,512 - debug - DEBUG - compute_metrics_and_record started for epoch 75
2026-06-16 07:06:20,512 - debug - DEBUG - all_preds length: 10000, all_targets length: 10000
2026-06-16 07:06:20,512 - debug - DEBUG - First 10 preds: [3, 1, 1, 0, 6, 6, 1, 6, 3, 1]
2026-06-16 07:06:20,512 - debug - DEBUG - First 10 targets: [3, 8, 8, 0, 6, 6, 1, 6, 3, 1]
2026-06-16 07:06:20,515 - debug - DEBUG - Unique predicted classes: 10 (first 10: [0 1 2 3 4 5 6 7 8 9])
2026-06-16 07:06:20,515 - debug - DEBUG - Unique target classes: 10 (first 10: [0 1 2 3 4 5 6 7 8 9])
2026-06-16 07:06:20,772 - debug - DEBUG - Device Check - Batch 0
2026-06-16 07:06:20,773 - debug - DEBUG -   Config GPU ID: 1
2026-06-16 07:06:20,773 - debug - DEBUG -   Input Device:  cuda:1
2026-06-16 07:06:20,773 - debug - DEBUG -   Target Device: cuda:1
2026-06-16 07:06:20,773 - debug - DEBUG -   Model Device:  cuda:1
2026-06-16 07:06:20,773 - debug - DEBUG -   Criterion Weight Device: No weights
2026-06-16 07:06:21,143 - debug - DEBUG - Batch 0 grad norm: 1.303021
2026-06-16 07:06:22,129 - debug - DEBUG - Batch 10 grad norm: 1.278414
2026-06-16 07:06:23,257 - debug - DEBUG - Batch 20 grad norm: 1.044767
2026-06-16 07:06:24,344 - debug - DEBUG - Batch 30 grad norm: 1.123810
2026-06-16 07:06:25,459 - debug - DEBUG - Batch 40 grad norm: 1.355347
2026-06-16 07:06:26,534 - debug - DEBUG - Batch 50 grad norm: 1.015496
2026-06-16 07:06:27,629 - debug - DEBUG - Batch 60 grad norm: 0.894492
2026-06-16 07:06:28,710 - debug - DEBUG - Batch 70 grad norm: 1.038141
2026-06-16 07:06:29,844 - debug - DEBUG - Batch 80 grad norm: 0.998627
2026-06-16 07:06:30,959 - debug - DEBUG - Batch 90 grad norm: 1.191008
2026-06-16 07:06:32,090 - debug - DEBUG - Batch 100 grad norm: 1.245704
2026-06-16 07:06:33,294 - debug - DEBUG - Batch 110 grad norm: 1.070493
2026-06-16 07:06:34,230 - debug - DEBUG - Batch 120 grad norm: 1.014501
2026-06-16 07:06:35,331 - debug - DEBUG - Batch 130 grad norm: 0.953303
2026-06-16 07:06:36,417 - debug - DEBUG - Batch 140 grad norm: 1.136080
2026-06-16 07:06:37,544 - debug - DEBUG - Batch 150 grad norm: 1.148826
2026-06-16 07:06:38,633 - debug - DEBUG - Batch 160 grad norm: 1.302096
2026-06-16 07:06:39,777 - debug - DEBUG - Batch 170 grad norm: 1.046065
2026-06-16 07:06:40,917 - debug - DEBUG - Batch 180 grad norm: 1.192044
2026-06-16 07:06:42,046 - debug - DEBUG - Batch 190 grad norm: 1.150209
2026-06-16 07:06:42,409 - debug - DEBUG - compute_metrics_and_record started for epoch 76
2026-06-16 07:06:42,409 - debug - DEBUG - all_preds length: 25000, all_targets length: 25000
2026-06-16 07:06:42,409 - debug - DEBUG - First 10 preds: [6, 3, 6, 8, 5, 9, 6, 7, 6, 7]
2026-06-16 07:06:42,409 - debug - DEBUG - First 10 targets: [6, 3, 6, 8, 2, 9, 6, 7, 6, 5]
2026-06-16 07:06:42,415 - debug - DEBUG - Unique predicted classes: 10 (first 10: [0 1 2 3 4 5 6 7 8 9])
2026-06-16 07:06:42,415 - debug - DEBUG - Unique target classes: 10 (first 10: [0 1 2 3 4 5 6 7 8 9])
2026-06-16 07:06:44,653 - debug - DEBUG - compute_metrics_and_record started for epoch 76
2026-06-16 07:06:44,654 - debug - DEBUG - all_preds length: 10000, all_targets length: 10000
2026-06-16 07:06:44,654 - debug - DEBUG - First 10 preds: [3, 8, 8, 8, 6, 6, 1, 2, 3, 1]
2026-06-16 07:06:44,654 - debug - DEBUG - First 10 targets: [3, 8, 8, 0, 6, 6, 1, 6, 3, 1]
2026-06-16 07:06:44,656 - debug - DEBUG - Unique predicted classes: 10 (first 10: [0 1 2 3 4 5 6 7 8 9])
2026-06-16 07:06:44,656 - debug - DEBUG - Unique target classes: 10 (first 10: [0 1 2 3 4 5 6 7 8 9])
2026-06-16 07:06:44,914 - debug - DEBUG - Device Check - Batch 0
2026-06-16 07:06:44,915 - debug - DEBUG -   Config GPU ID: 1
2026-06-16 07:06:44,915 - debug - DEBUG -   Input Device:  cuda:1
2026-06-16 07:06:44,915 - debug - DEBUG -   Target Device: cuda:1
2026-06-16 07:06:44,916 - debug - DEBUG -   Model Device:  cuda:1
2026-06-16 07:06:44,916 - debug - DEBUG -   Criterion Weight Device: No weights
2026-06-16 07:06:45,404 - debug - DEBUG - Batch 0 grad norm: 1.176167
2026-06-16 07:06:46,479 - debug - DEBUG - Batch 10 grad norm: 1.026160
2026-06-16 07:06:47,564 - debug - DEBUG - Batch 20 grad norm: 1.277840
2026-06-16 07:06:48,684 - debug - DEBUG - Batch 30 grad norm: 1.081412
2026-06-16 07:06:49,803 - debug - DEBUG - Batch 40 grad norm: 1.092095
2026-06-16 07:06:50,914 - debug - DEBUG - Batch 50 grad norm: 1.163687
2026-06-16 07:06:52,017 - debug - DEBUG - Batch 60 grad norm: 0.933536
2026-06-16 07:06:53,092 - debug - DEBUG - Batch 70 grad norm: 0.718723
2026-06-16 07:06:54,203 - debug - DEBUG - Batch 80 grad norm: 0.961909
2026-06-16 07:06:55,381 - debug - DEBUG - Batch 90 grad norm: 1.095866
2026-06-16 07:06:56,376 - debug - DEBUG - Batch 100 grad norm: 1.070756
2026-06-16 07:06:57,513 - debug - DEBUG - Batch 110 grad norm: 1.124143
2026-06-16 07:06:58,493 - debug - DEBUG - Batch 120 grad norm: 1.076870
2026-06-16 07:06:59,576 - debug - DEBUG - Batch 130 grad norm: 1.070263
2026-06-16 07:07:00,704 - debug - DEBUG - Batch 140 grad norm: 1.292462
2026-06-16 07:07:01,778 - debug - DEBUG - Batch 150 grad norm: 1.215431
2026-06-16 07:07:02,907 - debug - DEBUG - Batch 160 grad norm: 1.085597
2026-06-16 07:07:04,005 - debug - DEBUG - Batch 170 grad norm: 1.148605
2026-06-16 07:07:05,137 - debug - DEBUG - Batch 180 grad norm: 1.103299
2026-06-16 07:07:06,221 - debug - DEBUG - Batch 190 grad norm: 1.092979
2026-06-16 07:07:06,566 - debug - DEBUG - compute_metrics_and_record started for epoch 77
2026-06-16 07:07:06,566 - debug - DEBUG - all_preds length: 25000, all_targets length: 25000
2026-06-16 07:07:06,566 - debug - DEBUG - First 10 preds: [2, 7, 3, 4, 2, 3, 8, 7, 2, 8]
2026-06-16 07:07:06,566 - debug - DEBUG - First 10 targets: [2, 7, 3, 4, 2, 3, 8, 7, 2, 8]
2026-06-16 07:07:06,572 - debug - DEBUG - Unique predicted classes: 10 (first 10: [0 1 2 3 4 5 6 7 8 9])
2026-06-16 07:07:06,572 - debug - DEBUG - Unique target classes: 10 (first 10: [0 1 2 3 4 5 6 7 8 9])
2026-06-16 07:07:08,762 - debug - DEBUG - compute_metrics_and_record started for epoch 77
2026-06-16 07:07:08,763 - debug - DEBUG - all_preds length: 10000, all_targets length: 10000
2026-06-16 07:07:08,763 - debug - DEBUG - First 10 preds: [3, 1, 1, 1, 6, 6, 1, 6, 3, 1]
2026-06-16 07:07:08,763 - debug - DEBUG - First 10 targets: [3, 8, 8, 0, 6, 6, 1, 6, 3, 1]
2026-06-16 07:07:08,765 - debug - DEBUG - Unique predicted classes: 10 (first 10: [0 1 2 3 4 5 6 7 8 9])
2026-06-16 07:07:08,766 - debug - DEBUG - Unique target classes: 10 (first 10: [0 1 2 3 4 5 6 7 8 9])
2026-06-16 07:07:09,057 - debug - DEBUG - Device Check - Batch 0
2026-06-16 07:07:09,058 - debug - DEBUG -   Config GPU ID: 1
2026-06-16 07:07:09,058 - debug - DEBUG -   Input Device:  cuda:1
2026-06-16 07:07:09,058 - debug - DEBUG -   Target Device: cuda:1
2026-06-16 07:07:09,058 - debug - DEBUG -   Model Device:  cuda:1
2026-06-16 07:07:09,059 - debug - DEBUG -   Criterion Weight Device: No weights
2026-06-16 07:07:09,506 - debug - DEBUG - Batch 0 grad norm: 0.970082
2026-06-16 07:07:10,629 - debug - DEBUG - Batch 10 grad norm: 1.034311
2026-06-16 07:07:11,734 - debug - DEBUG - Batch 20 grad norm: 1.154451
2026-06-16 07:07:12,844 - debug - DEBUG - Batch 30 grad norm: 1.084093
2026-06-16 07:07:13,958 - debug - DEBUG - Batch 40 grad norm: 1.152585
2026-06-16 07:07:15,121 - debug - DEBUG - Batch 50 grad norm: 1.144348
2026-06-16 07:07:16,233 - debug - DEBUG - Batch 60 grad norm: 0.922658
2026-06-16 07:07:17,341 - debug - DEBUG - Batch 70 grad norm: 1.141739
2026-06-16 07:07:18,430 - debug - DEBUG - Batch 80 grad norm: 0.760289
2026-06-16 07:07:19,521 - debug - DEBUG - Batch 90 grad norm: 1.143784
2026-06-16 07:07:20,592 - debug - DEBUG - Batch 100 grad norm: 1.070115
2026-06-16 07:07:21,768 - debug - DEBUG - Batch 110 grad norm: 0.954087
2026-06-16 07:07:22,737 - debug - DEBUG - Batch 120 grad norm: 1.031573
2026-06-16 07:07:23,822 - debug - DEBUG - Batch 130 grad norm: 1.286150
2026-06-16 07:07:24,919 - debug - DEBUG - Batch 140 grad norm: 1.171116
2026-06-16 07:07:25,995 - debug - DEBUG - Batch 150 grad norm: 1.266564
2026-06-16 07:07:27,056 - debug - DEBUG - Batch 160 grad norm: 0.909566
2026-06-16 07:07:28,087 - debug - DEBUG - Batch 170 grad norm: 1.439315
2026-06-16 07:07:29,306 - debug - DEBUG - Batch 180 grad norm: 1.276079
2026-06-16 07:07:30,301 - debug - DEBUG - Batch 190 grad norm: 1.011228
2026-06-16 07:07:30,631 - debug - DEBUG - compute_metrics_and_record started for epoch 78
2026-06-16 07:07:30,631 - debug - DEBUG - all_preds length: 25000, all_targets length: 25000
2026-06-16 07:07:30,632 - debug - DEBUG - First 10 preds: [8, 4, 9, 6, 2, 3, 9, 1, 0, 8]
2026-06-16 07:07:30,632 - debug - DEBUG - First 10 targets: [8, 4, 9, 6, 2, 3, 9, 1, 0, 8]
2026-06-16 07:07:30,637 - debug - DEBUG - Unique predicted classes: 10 (first 10: [0 1 2 3 4 5 6 7 8 9])
2026-06-16 07:07:30,637 - debug - DEBUG - Unique target classes: 10 (first 10: [0 1 2 3 4 5 6 7 8 9])
2026-06-16 07:07:32,954 - debug - DEBUG - compute_metrics_and_record started for epoch 78
2026-06-16 07:07:32,955 - debug - DEBUG - all_preds length: 10000, all_targets length: 10000
2026-06-16 07:07:32,955 - debug - DEBUG - First 10 preds: [3, 8, 8, 8, 6, 5, 1, 6, 3, 1]
2026-06-16 07:07:32,955 - debug - DEBUG - First 10 targets: [3, 8, 8, 0, 6, 6, 1, 6, 3, 1]
2026-06-16 07:07:32,957 - debug - DEBUG - Unique predicted classes: 10 (first 10: [0 1 2 3 4 5 6 7 8 9])
2026-06-16 07:07:32,957 - debug - DEBUG - Unique target classes: 10 (first 10: [0 1 2 3 4 5 6 7 8 9])
2026-06-16 07:07:33,210 - debug - DEBUG - Device Check - Batch 0
2026-06-16 07:07:33,211 - debug - DEBUG -   Config GPU ID: 1
2026-06-16 07:07:33,211 - debug - DEBUG -   Input Device:  cuda:1
2026-06-16 07:07:33,211 - debug - DEBUG -   Target Device: cuda:1
2026-06-16 07:07:33,212 - debug - DEBUG -   Model Device:  cuda:1
2026-06-16 07:07:33,212 - debug - DEBUG -   Criterion Weight Device: No weights
2026-06-16 07:07:33,782 - debug - DEBUG - Batch 0 grad norm: 0.972645
2026-06-16 07:07:34,917 - debug - DEBUG - Batch 10 grad norm: 1.261595
2026-06-16 07:07:36,048 - debug - DEBUG - Batch 20 grad norm: 1.054023
2026-06-16 07:07:37,123 - debug - DEBUG - Batch 30 grad norm: 1.093449
2026-06-16 07:07:38,221 - debug - DEBUG - Batch 40 grad norm: 0.804280
2026-06-16 07:07:39,327 - debug - DEBUG - Batch 50 grad norm: 1.065652
2026-06-16 07:07:40,424 - debug - DEBUG - Batch 60 grad norm: 1.004530
2026-06-16 07:07:41,539 - debug - DEBUG - Batch 70 grad norm: 1.217667
2026-06-16 07:07:42,685 - debug - DEBUG - Batch 80 grad norm: 1.041453
2026-06-16 07:07:43,821 - debug - DEBUG - Batch 90 grad norm: 1.069805
2026-06-16 07:07:44,824 - debug - DEBUG - Batch 100 grad norm: 1.276831
2026-06-16 07:07:45,960 - debug - DEBUG - Batch 110 grad norm: 1.150949
2026-06-16 07:07:47,090 - debug - DEBUG - Batch 120 grad norm: 1.297244
2026-06-16 07:07:48,192 - debug - DEBUG - Batch 130 grad norm: 0.935204
2026-06-16 07:07:49,329 - debug - DEBUG - Batch 140 grad norm: 1.233646
2026-06-16 07:07:50,456 - debug - DEBUG - Batch 150 grad norm: 1.251845
2026-06-16 07:07:51,566 - debug - DEBUG - Batch 160 grad norm: 0.941986
2026-06-16 07:07:52,691 - debug - DEBUG - Batch 170 grad norm: 1.289605
2026-06-16 07:07:53,873 - debug - DEBUG - Batch 180 grad norm: 1.115170
2026-06-16 07:07:55,040 - debug - DEBUG - Batch 190 grad norm: 1.269269
2026-06-16 07:07:55,383 - debug - DEBUG - compute_metrics_and_record started for epoch 79
2026-06-16 07:07:55,383 - debug - DEBUG - all_preds length: 25000, all_targets length: 25000
2026-06-16 07:07:55,383 - debug - DEBUG - First 10 preds: [2, 2, 6, 1, 1, 5, 3, 1, 4, 0]
2026-06-16 07:07:55,383 - debug - DEBUG - First 10 targets: [2, 2, 6, 1, 1, 5, 3, 1, 7, 0]
2026-06-16 07:07:55,389 - debug - DEBUG - Unique predicted classes: 10 (first 10: [0 1 2 3 4 5 6 7 8 9])
2026-06-16 07:07:55,389 - debug - DEBUG - Unique target classes: 10 (first 10: [0 1 2 3 4 5 6 7 8 9])
2026-06-16 07:07:57,693 - debug - DEBUG - compute_metrics_and_record started for epoch 79
2026-06-16 07:07:57,693 - debug - DEBUG - all_preds length: 10000, all_targets length: 10000
2026-06-16 07:07:57,693 - debug - DEBUG - First 10 preds: [3, 8, 8, 8, 6, 6, 1, 6, 3, 1]
2026-06-16 07:07:57,693 - debug - DEBUG - First 10 targets: [3, 8, 8, 0, 6, 6, 1, 6, 3, 1]
2026-06-16 07:07:57,696 - debug - DEBUG - Unique predicted classes: 10 (first 10: [0 1 2 3 4 5 6 7 8 9])
2026-06-16 07:07:57,696 - debug - DEBUG - Unique target classes: 10 (first 10: [0 1 2 3 4 5 6 7 8 9])
2026-06-16 07:07:57,948 - debug - DEBUG - Device Check - Batch 0
2026-06-16 07:07:57,949 - debug - DEBUG -   Config GPU ID: 1
2026-06-16 07:07:57,950 - debug - DEBUG -   Input Device:  cuda:1
2026-06-16 07:07:57,950 - debug - DEBUG -   Target Device: cuda:1
2026-06-16 07:07:57,950 - debug - DEBUG -   Model Device:  cuda:1
2026-06-16 07:07:57,950 - debug - DEBUG -   Criterion Weight Device: No weights
2026-06-16 07:07:58,515 - debug - DEBUG - Batch 0 grad norm: 1.291810
2026-06-16 07:07:59,635 - debug - DEBUG - Batch 10 grad norm: 0.809953
2026-06-16 07:08:00,756 - debug - DEBUG - Batch 20 grad norm: 1.126859
2026-06-16 07:08:01,694 - debug - DEBUG - Batch 30 grad norm: 1.293895
2026-06-16 07:08:02,827 - debug - DEBUG - Batch 40 grad norm: 1.267010
2026-06-16 07:08:03,914 - debug - DEBUG - Batch 50 grad norm: 0.969962
2026-06-16 07:08:04,892 - debug - DEBUG - Batch 60 grad norm: 1.439991
2026-06-16 07:08:05,971 - debug - DEBUG - Batch 70 grad norm: 1.430132
2026-06-16 07:08:07,071 - debug - DEBUG - Batch 80 grad norm: 1.046601
2026-06-16 07:08:08,156 - debug - DEBUG - Batch 90 grad norm: 1.299360
2026-06-16 07:08:09,178 - debug - DEBUG - Batch 100 grad norm: 1.003909
2026-06-16 07:08:10,373 - debug - DEBUG - Batch 110 grad norm: 1.128313
2026-06-16 07:08:11,396 - debug - DEBUG - Batch 120 grad norm: 1.218700
2026-06-16 07:08:12,517 - debug - DEBUG - Batch 130 grad norm: 1.603577
2026-06-16 07:08:13,631 - debug - DEBUG - Batch 140 grad norm: 1.081148
2026-06-16 07:08:14,774 - debug - DEBUG - Batch 150 grad norm: 1.038710
2026-06-16 07:08:15,894 - debug - DEBUG - Batch 160 grad norm: 1.055651
2026-06-16 07:08:17,051 - debug - DEBUG - Batch 170 grad norm: 1.174564
2026-06-16 07:08:18,169 - debug - DEBUG - Batch 180 grad norm: 1.178900
2026-06-16 07:08:19,297 - debug - DEBUG - Batch 190 grad norm: 1.170302
2026-06-16 07:08:19,550 - debug - DEBUG - compute_metrics_and_record started for epoch 80
2026-06-16 07:08:19,550 - debug - DEBUG - all_preds length: 25000, all_targets length: 25000
2026-06-16 07:08:19,550 - debug - DEBUG - First 10 preds: [7, 7, 0, 9, 4, 2, 8, 7, 2, 7]
2026-06-16 07:08:19,550 - debug - DEBUG - First 10 targets: [7, 7, 0, 9, 4, 2, 8, 7, 0, 7]
2026-06-16 07:08:19,557 - debug - DEBUG - Unique predicted classes: 10 (first 10: [0 1 2 3 4 5 6 7 8 9])
2026-06-16 07:08:19,557 - debug - DEBUG - Unique target classes: 10 (first 10: [0 1 2 3 4 5 6 7 8 9])
2026-06-16 07:08:21,835 - debug - DEBUG - compute_metrics_and_record started for epoch 80
2026-06-16 07:08:21,835 - debug - DEBUG - all_preds length: 10000, all_targets length: 10000
2026-06-16 07:08:21,835 - debug - DEBUG - First 10 preds: [3, 1, 1, 8, 6, 6, 1, 6, 3, 1]
2026-06-16 07:08:21,835 - debug - DEBUG - First 10 targets: [3, 8, 8, 0, 6, 6, 1, 6, 3, 1]
2026-06-16 07:08:21,837 - debug - DEBUG - Unique predicted classes: 10 (first 10: [0 1 2 3 4 5 6 7 8 9])
2026-06-16 07:08:21,838 - debug - DEBUG - Unique target classes: 10 (first 10: [0 1 2 3 4 5 6 7 8 9])
2026-06-16 07:08:22,072 - debug - DEBUG - Device Check - Batch 0
2026-06-16 07:08:22,073 - debug - DEBUG -   Config GPU ID: 1
2026-06-16 07:08:22,073 - debug - DEBUG -   Input Device:  cuda:1
2026-06-16 07:08:22,073 - debug - DEBUG -   Target Device: cuda:1
2026-06-16 07:08:22,073 - debug - DEBUG -   Model Device:  cuda:1
2026-06-16 07:08:22,074 - debug - DEBUG -   Criterion Weight Device: No weights
2026-06-16 07:08:22,634 - debug - DEBUG - Batch 0 grad norm: 0.615814
2026-06-16 07:08:23,764 - debug - DEBUG - Batch 10 grad norm: 1.051844
2026-06-16 07:08:24,860 - debug - DEBUG - Batch 20 grad norm: 1.072809
2026-06-16 07:08:25,976 - debug - DEBUG - Batch 30 grad norm: 1.342370
2026-06-16 07:08:27,102 - debug - DEBUG - Batch 40 grad norm: 0.795929
2026-06-16 07:08:28,195 - debug - DEBUG - Batch 50 grad norm: 1.163701
2026-06-16 07:08:29,335 - debug - DEBUG - Batch 60 grad norm: 1.306446
2026-06-16 07:08:30,468 - debug - DEBUG - Batch 70 grad norm: 1.219106
2026-06-16 07:08:31,594 - debug - DEBUG - Batch 80 grad norm: 0.955692
2026-06-16 07:08:32,690 - debug - DEBUG - Batch 90 grad norm: 1.113957
2026-06-16 07:08:33,682 - debug - DEBUG - Batch 100 grad norm: 1.042110
2026-06-16 07:08:34,863 - debug - DEBUG - Batch 110 grad norm: 1.087811
2026-06-16 07:08:35,835 - debug - DEBUG - Batch 120 grad norm: 0.932980
2026-06-16 07:08:36,839 - debug - DEBUG - Batch 130 grad norm: 1.460322
2026-06-16 07:08:37,987 - debug - DEBUG - Batch 140 grad norm: 1.304157
2026-06-16 07:08:38,900 - debug - DEBUG - Batch 150 grad norm: 1.215989
2026-06-16 07:08:40,026 - debug - DEBUG - Batch 160 grad norm: 1.129377
2026-06-16 07:08:41,072 - debug - DEBUG - Batch 170 grad norm: 0.922806
2026-06-16 07:08:42,209 - debug - DEBUG - Batch 180 grad norm: 1.301503
2026-06-16 07:08:43,316 - debug - DEBUG - Batch 190 grad norm: 1.181079
2026-06-16 07:08:43,739 - debug - DEBUG - compute_metrics_and_record started for epoch 81
2026-06-16 07:08:43,739 - debug - DEBUG - all_preds length: 25000, all_targets length: 25000
2026-06-16 07:08:43,739 - debug - DEBUG - First 10 preds: [3, 0, 6, 7, 6, 3, 1, 7, 0, 6]
2026-06-16 07:08:43,739 - debug - DEBUG - First 10 targets: [3, 0, 6, 7, 6, 3, 1, 7, 0, 6]
2026-06-16 07:08:43,744 - debug - DEBUG - Unique predicted classes: 10 (first 10: [0 1 2 3 4 5 6 7 8 9])
2026-06-16 07:08:43,744 - debug - DEBUG - Unique target classes: 10 (first 10: [0 1 2 3 4 5 6 7 8 9])
2026-06-16 07:08:45,913 - debug - DEBUG - compute_metrics_and_record started for epoch 81
2026-06-16 07:08:45,913 - debug - DEBUG - all_preds length: 10000, all_targets length: 10000
2026-06-16 07:08:45,913 - debug - DEBUG - First 10 preds: [3, 1, 1, 1, 6, 5, 9, 6, 3, 1]
2026-06-16 07:08:45,913 - debug - DEBUG - First 10 targets: [3, 8, 8, 0, 6, 6, 1, 6, 3, 1]
2026-06-16 07:08:45,916 - debug - DEBUG - Unique predicted classes: 10 (first 10: [0 1 2 3 4 5 6 7 8 9])
2026-06-16 07:08:45,916 - debug - DEBUG - Unique target classes: 10 (first 10: [0 1 2 3 4 5 6 7 8 9])
2026-06-16 07:08:46,188 - debug - DEBUG - Device Check - Batch 0
2026-06-16 07:08:46,189 - debug - DEBUG -   Config GPU ID: 1
2026-06-16 07:08:46,189 - debug - DEBUG -   Input Device:  cuda:1
2026-06-16 07:08:46,189 - debug - DEBUG -   Target Device: cuda:1
2026-06-16 07:08:46,189 - debug - DEBUG -   Model Device:  cuda:1
2026-06-16 07:08:46,189 - debug - DEBUG -   Criterion Weight Device: No weights
2026-06-16 07:08:46,570 - debug - DEBUG - Batch 0 grad norm: 0.891946
2026-06-16 07:08:47,701 - debug - DEBUG - Batch 10 grad norm: 0.825049
2026-06-16 07:08:48,827 - debug - DEBUG - Batch 20 grad norm: 1.027052
2026-06-16 07:08:49,961 - debug - DEBUG - Batch 30 grad norm: 0.829153
2026-06-16 07:08:51,035 - debug - DEBUG - Batch 40 grad norm: 1.036886
2026-06-16 07:08:52,157 - debug - DEBUG - Batch 50 grad norm: 1.088775
2026-06-16 07:08:53,264 - debug - DEBUG - Batch 60 grad norm: 1.012948
2026-06-16 07:08:54,362 - debug - DEBUG - Batch 70 grad norm: 1.301916
2026-06-16 07:08:55,435 - debug - DEBUG - Batch 80 grad norm: 0.992125
2026-06-16 07:08:56,554 - debug - DEBUG - Batch 90 grad norm: 0.851498
2026-06-16 07:08:57,610 - debug - DEBUG - Batch 100 grad norm: 1.324952
2026-06-16 07:08:58,701 - debug - DEBUG - Batch 110 grad norm: 1.224841
2026-06-16 07:08:59,856 - debug - DEBUG - Batch 120 grad norm: 1.163159
2026-06-16 07:09:00,811 - debug - DEBUG - Batch 130 grad norm: 1.235894
2026-06-16 07:09:01,888 - debug - DEBUG - Batch 140 grad norm: 1.372852
2026-06-16 07:09:02,988 - debug - DEBUG - Batch 150 grad norm: 1.096591
2026-06-16 07:09:04,105 - debug - DEBUG - Batch 160 grad norm: 1.220881
2026-06-16 07:09:05,212 - debug - DEBUG - Batch 170 grad norm: 1.385251
2026-06-16 07:09:06,346 - debug - DEBUG - Batch 180 grad norm: 1.165900
2026-06-16 07:09:07,467 - debug - DEBUG - Batch 190 grad norm: 1.143957
2026-06-16 07:09:07,772 - debug - DEBUG - compute_metrics_and_record started for epoch 82
2026-06-16 07:09:07,772 - debug - DEBUG - all_preds length: 25000, all_targets length: 25000
2026-06-16 07:09:07,772 - debug - DEBUG - First 10 preds: [5, 9, 0, 4, 6, 9, 8, 6, 7, 6]
2026-06-16 07:09:07,772 - debug - DEBUG - First 10 targets: [5, 9, 0, 4, 6, 9, 8, 6, 7, 6]
2026-06-16 07:09:07,777 - debug - DEBUG - Unique predicted classes: 10 (first 10: [0 1 2 3 4 5 6 7 8 9])
2026-06-16 07:09:07,777 - debug - DEBUG - Unique target classes: 10 (first 10: [0 1 2 3 4 5 6 7 8 9])
2026-06-16 07:09:10,023 - debug - DEBUG - compute_metrics_and_record started for epoch 82
2026-06-16 07:09:10,024 - debug - DEBUG - all_preds length: 10000, all_targets length: 10000
2026-06-16 07:09:10,024 - debug - DEBUG - First 10 preds: [3, 8, 8, 8, 6, 3, 9, 6, 3, 1]
2026-06-16 07:09:10,024 - debug - DEBUG - First 10 targets: [3, 8, 8, 0, 6, 6, 1, 6, 3, 1]
2026-06-16 07:09:10,026 - debug - DEBUG - Unique predicted classes: 10 (first 10: [0 1 2 3 4 5 6 7 8 9])
2026-06-16 07:09:10,027 - debug - DEBUG - Unique target classes: 10 (first 10: [0 1 2 3 4 5 6 7 8 9])
2026-06-16 07:09:10,334 - debug - DEBUG - Device Check - Batch 0
2026-06-16 07:09:10,335 - debug - DEBUG -   Config GPU ID: 1
2026-06-16 07:09:10,336 - debug - DEBUG -   Input Device:  cuda:1
2026-06-16 07:09:10,336 - debug - DEBUG -   Target Device: cuda:1
2026-06-16 07:09:10,336 - debug - DEBUG -   Model Device:  cuda:1
2026-06-16 07:09:10,336 - debug - DEBUG -   Criterion Weight Device: No weights
2026-06-16 07:09:10,838 - debug - DEBUG - Batch 0 grad norm: 1.465414
2026-06-16 07:09:12,035 - debug - DEBUG - Batch 10 grad norm: 0.842203
2026-06-16 07:09:13,015 - debug - DEBUG - Batch 20 grad norm: 0.869613
2026-06-16 07:09:14,120 - debug - DEBUG - Batch 30 grad norm: 0.944089
2026-06-16 07:09:15,247 - debug - DEBUG - Batch 40 grad norm: 1.345529
2026-06-16 07:09:16,346 - debug - DEBUG - Batch 50 grad norm: 0.860979
2026-06-16 07:09:17,452 - debug - DEBUG - Batch 60 grad norm: 1.119554
2026-06-16 07:09:18,586 - debug - DEBUG - Batch 70 grad norm: 1.106805
2026-06-16 07:09:19,705 - debug - DEBUG - Batch 80 grad norm: 0.922350
2026-06-16 07:09:20,843 - debug - DEBUG - Batch 90 grad norm: 0.963463
2026-06-16 07:09:21,966 - debug - DEBUG - Batch 100 grad norm: 1.283522
2026-06-16 07:09:23,070 - debug - DEBUG - Batch 110 grad norm: 1.103084
2026-06-16 07:09:24,284 - debug - DEBUG - Batch 120 grad norm: 0.999906
2026-06-16 07:09:25,300 - debug - DEBUG - Batch 130 grad norm: 0.861054
2026-06-16 07:09:26,395 - debug - DEBUG - Batch 140 grad norm: 0.812322
2026-06-16 07:09:27,515 - debug - DEBUG - Batch 150 grad norm: 0.844949
2026-06-16 07:09:28,633 - debug - DEBUG - Batch 160 grad norm: 1.389074
2026-06-16 07:09:29,768 - debug - DEBUG - Batch 170 grad norm: 1.432801
2026-06-16 07:09:30,892 - debug - DEBUG - Batch 180 grad norm: 1.374716
2026-06-16 07:09:32,021 - debug - DEBUG - Batch 190 grad norm: 0.803534
2026-06-16 07:09:32,319 - debug - DEBUG - compute_metrics_and_record started for epoch 83
2026-06-16 07:09:32,319 - debug - DEBUG - all_preds length: 25000, all_targets length: 25000
2026-06-16 07:09:32,319 - debug - DEBUG - First 10 preds: [2, 8, 0, 3, 2, 8, 6, 1, 7, 2]
2026-06-16 07:09:32,319 - debug - DEBUG - First 10 targets: [2, 8, 0, 3, 2, 8, 6, 1, 7, 2]
2026-06-16 07:09:32,326 - debug - DEBUG - Unique predicted classes: 10 (first 10: [0 1 2 3 4 5 6 7 8 9])
2026-06-16 07:09:32,326 - debug - DEBUG - Unique target classes: 10 (first 10: [0 1 2 3 4 5 6 7 8 9])
2026-06-16 07:09:34,580 - debug - DEBUG - compute_metrics_and_record started for epoch 83
2026-06-16 07:09:34,581 - debug - DEBUG - all_preds length: 10000, all_targets length: 10000
2026-06-16 07:09:34,581 - debug - DEBUG - First 10 preds: [3, 8, 2, 0, 6, 6, 1, 6, 3, 1]
2026-06-16 07:09:34,581 - debug - DEBUG - First 10 targets: [3, 8, 8, 0, 6, 6, 1, 6, 3, 1]
2026-06-16 07:09:34,583 - debug - DEBUG - Unique predicted classes: 10 (first 10: [0 1 2 3 4 5 6 7 8 9])
2026-06-16 07:09:34,584 - debug - DEBUG - Unique target classes: 10 (first 10: [0 1 2 3 4 5 6 7 8 9])
2026-06-16 07:09:34,830 - debug - DEBUG - Device Check - Batch 0
2026-06-16 07:09:34,831 - debug - DEBUG -   Config GPU ID: 1
2026-06-16 07:09:34,831 - debug - DEBUG -   Input Device:  cuda:1
2026-06-16 07:09:34,831 - debug - DEBUG -   Target Device: cuda:1
2026-06-16 07:09:34,832 - debug - DEBUG -   Model Device:  cuda:1
2026-06-16 07:09:34,832 - debug - DEBUG -   Criterion Weight Device: No weights
2026-06-16 07:09:35,359 - debug - DEBUG - Batch 0 grad norm: 1.145606
2026-06-16 07:09:36,482 - debug - DEBUG - Batch 10 grad norm: 1.162060
2026-06-16 07:09:37,634 - debug - DEBUG - Batch 20 grad norm: 0.954406
2026-06-16 07:09:38,793 - debug - DEBUG - Batch 30 grad norm: 0.803409
2026-06-16 07:09:39,917 - debug - DEBUG - Batch 40 grad norm: 1.178131
2026-06-16 07:09:41,038 - debug - DEBUG - Batch 50 grad norm: 1.119792
2026-06-16 07:09:42,126 - debug - DEBUG - Batch 60 grad norm: 1.196553
2026-06-16 07:09:43,291 - debug - DEBUG - Batch 70 grad norm: 0.830941
2026-06-16 07:09:44,275 - debug - DEBUG - Batch 80 grad norm: 0.943656
2026-06-16 07:09:45,417 - debug - DEBUG - Batch 90 grad norm: 1.553850
2026-06-16 07:09:46,545 - debug - DEBUG - Batch 100 grad norm: 1.091226
2026-06-16 07:09:47,506 - debug - DEBUG - Batch 110 grad norm: 1.305635
2026-06-16 07:09:48,743 - debug - DEBUG - Batch 120 grad norm: 1.381348
2026-06-16 07:09:49,781 - debug - DEBUG - Batch 130 grad norm: 1.433616
2026-06-16 07:09:50,892 - debug - DEBUG - Batch 140 grad norm: 1.250864
2026-06-16 07:09:52,017 - debug - DEBUG - Batch 150 grad norm: 1.226162
2026-06-16 07:09:53,149 - debug - DEBUG - Batch 160 grad norm: 1.260929
2026-06-16 07:09:54,267 - debug - DEBUG - Batch 170 grad norm: 1.236229
2026-06-16 07:09:55,350 - debug - DEBUG - Batch 180 grad norm: 1.096835
2026-06-16 07:09:56,451 - debug - DEBUG - Batch 190 grad norm: 0.925563
2026-06-16 07:09:56,796 - debug - DEBUG - compute_metrics_and_record started for epoch 84
2026-06-16 07:09:56,797 - debug - DEBUG - all_preds length: 25000, all_targets length: 25000
2026-06-16 07:09:56,797 - debug - DEBUG - First 10 preds: [1, 6, 4, 7, 4, 6, 3, 1, 0, 6]
2026-06-16 07:09:56,797 - debug - DEBUG - First 10 targets: [1, 6, 4, 7, 4, 6, 3, 1, 0, 6]
2026-06-16 07:09:56,803 - debug - DEBUG - Unique predicted classes: 10 (first 10: [0 1 2 3 4 5 6 7 8 9])
2026-06-16 07:09:56,803 - debug - DEBUG - Unique target classes: 10 (first 10: [0 1 2 3 4 5 6 7 8 9])
2026-06-16 07:09:59,024 - debug - DEBUG - compute_metrics_and_record started for epoch 84
2026-06-16 07:09:59,024 - debug - DEBUG - all_preds length: 10000, all_targets length: 10000
2026-06-16 07:09:59,024 - debug - DEBUG - First 10 preds: [3, 0, 0, 0, 6, 6, 1, 2, 3, 1]
2026-06-16 07:09:59,024 - debug - DEBUG - First 10 targets: [3, 8, 8, 0, 6, 6, 1, 6, 3, 1]
2026-06-16 07:09:59,027 - debug - DEBUG - Unique predicted classes: 10 (first 10: [0 1 2 3 4 5 6 7 8 9])
2026-06-16 07:09:59,027 - debug - DEBUG - Unique target classes: 10 (first 10: [0 1 2 3 4 5 6 7 8 9])
2026-06-16 07:09:59,268 - debug - DEBUG - Device Check - Batch 0
2026-06-16 07:09:59,269 - debug - DEBUG -   Config GPU ID: 1
2026-06-16 07:09:59,269 - debug - DEBUG -   Input Device:  cuda:1
2026-06-16 07:09:59,269 - debug - DEBUG -   Target Device: cuda:1
2026-06-16 07:09:59,270 - debug - DEBUG -   Model Device:  cuda:1
2026-06-16 07:09:59,270 - debug - DEBUG -   Criterion Weight Device: No weights
2026-06-16 07:09:59,759 - debug - DEBUG - Batch 0 grad norm: 1.259448
2026-06-16 07:10:00,896 - debug - DEBUG - Batch 10 grad norm: 1.145768
2026-06-16 07:10:02,014 - debug - DEBUG - Batch 20 grad norm: 1.209718
2026-06-16 07:10:03,151 - debug - DEBUG - Batch 30 grad norm: 1.237340
2026-06-16 07:10:04,312 - debug - DEBUG - Batch 40 grad norm: 1.010271
2026-06-16 07:10:05,424 - debug - DEBUG - Batch 50 grad norm: 1.250621
2026-06-16 07:10:06,560 - debug - DEBUG - Batch 60 grad norm: 1.058882
2026-06-16 07:10:07,703 - debug - DEBUG - Batch 70 grad norm: 1.227285
2026-06-16 07:10:08,833 - debug - DEBUG - Batch 80 grad norm: 1.187838
2026-06-16 07:10:09,960 - debug - DEBUG - Batch 90 grad norm: 0.965695
2026-06-16 07:10:11,084 - debug - DEBUG - Batch 100 grad norm: 1.059024
2026-06-16 07:10:12,043 - debug - DEBUG - Batch 110 grad norm: 1.301479
2026-06-16 07:10:13,166 - debug - DEBUG - Batch 120 grad norm: 1.261809
2026-06-16 07:10:14,240 - debug - DEBUG - Batch 130 grad norm: 1.290334
2026-06-16 07:10:15,203 - debug - DEBUG - Batch 140 grad norm: 1.458791
2026-06-16 07:10:16,338 - debug - DEBUG - Batch 150 grad norm: 1.252335
2026-06-16 07:10:17,477 - debug - DEBUG - Batch 160 grad norm: 0.932907
2026-06-16 07:10:18,396 - debug - DEBUG - Batch 170 grad norm: 0.768292
2026-06-16 07:10:19,582 - debug - DEBUG - Batch 180 grad norm: 0.856299
2026-06-16 07:10:20,640 - debug - DEBUG - Batch 190 grad norm: 0.835012
2026-06-16 07:10:20,998 - debug - DEBUG - compute_metrics_and_record started for epoch 85
2026-06-16 07:10:20,999 - debug - DEBUG - all_preds length: 25000, all_targets length: 25000
2026-06-16 07:10:20,999 - debug - DEBUG - First 10 preds: [1, 0, 0, 0, 4, 0, 3, 7, 4, 6]
2026-06-16 07:10:20,999 - debug - DEBUG - First 10 targets: [1, 0, 2, 3, 4, 0, 4, 7, 4, 6]
2026-06-16 07:10:21,005 - debug - DEBUG - Unique predicted classes: 10 (first 10: [0 1 2 3 4 5 6 7 8 9])
2026-06-16 07:10:21,006 - debug - DEBUG - Unique target classes: 10 (first 10: [0 1 2 3 4 5 6 7 8 9])
2026-06-16 07:10:23,346 - debug - DEBUG - compute_metrics_and_record started for epoch 85
2026-06-16 07:10:23,347 - debug - DEBUG - all_preds length: 10000, all_targets length: 10000
2026-06-16 07:10:23,347 - debug - DEBUG - First 10 preds: [3, 1, 1, 0, 6, 6, 1, 6, 4, 1]
2026-06-16 07:10:23,347 - debug - DEBUG - First 10 targets: [3, 8, 8, 0, 6, 6, 1, 6, 3, 1]
2026-06-16 07:10:23,349 - debug - DEBUG - Unique predicted classes: 10 (first 10: [0 1 2 3 4 5 6 7 8 9])
2026-06-16 07:10:23,349 - debug - DEBUG - Unique target classes: 10 (first 10: [0 1 2 3 4 5 6 7 8 9])
2026-06-16 07:10:23,635 - debug - DEBUG - Device Check - Batch 0
2026-06-16 07:10:23,636 - debug - DEBUG -   Config GPU ID: 1
2026-06-16 07:10:23,636 - debug - DEBUG -   Input Device:  cuda:1
2026-06-16 07:10:23,637 - debug - DEBUG -   Target Device: cuda:1
2026-06-16 07:10:23,637 - debug - DEBUG -   Model Device:  cuda:1
2026-06-16 07:10:23,637 - debug - DEBUG -   Criterion Weight Device: No weights
2026-06-16 07:10:24,259 - debug - DEBUG - Batch 0 grad norm: 0.653765
2026-06-16 07:10:25,392 - debug - DEBUG - Batch 10 grad norm: 1.280520
2026-06-16 07:10:26,550 - debug - DEBUG - Batch 20 grad norm: 1.095001
2026-06-16 07:10:27,675 - debug - DEBUG - Batch 30 grad norm: 1.143409
2026-06-16 07:10:28,809 - debug - DEBUG - Batch 40 grad norm: 0.942791
2026-06-16 07:10:29,971 - debug - DEBUG - Batch 50 grad norm: 1.340499
2026-06-16 07:10:31,147 - debug - DEBUG - Batch 60 grad norm: 1.019739
2026-06-16 07:10:32,305 - debug - DEBUG - Batch 70 grad norm: 1.075383
2026-06-16 07:10:33,445 - debug - DEBUG - Batch 80 grad norm: 1.226936
2026-06-16 07:10:34,576 - debug - DEBUG - Batch 90 grad norm: 0.856086
2026-06-16 07:10:35,702 - debug - DEBUG - Batch 100 grad norm: 0.837078
2026-06-16 07:10:36,690 - debug - DEBUG - Batch 110 grad norm: 0.915218
2026-06-16 07:10:37,848 - debug - DEBUG - Batch 120 grad norm: 1.171813
2026-06-16 07:10:38,911 - debug - DEBUG - Batch 130 grad norm: 1.206077
2026-06-16 07:10:39,978 - debug - DEBUG - Batch 140 grad norm: 0.952686
2026-06-16 07:10:41,144 - debug - DEBUG - Batch 150 grad norm: 1.086626
2026-06-16 07:10:42,316 - debug - DEBUG - Batch 160 grad norm: 1.238296
2026-06-16 07:10:43,492 - debug - DEBUG - Batch 170 grad norm: 1.081093
2026-06-16 07:10:44,576 - debug - DEBUG - Batch 180 grad norm: 1.307436
2026-06-16 07:10:45,744 - debug - DEBUG - Batch 190 grad norm: 1.176254
2026-06-16 07:10:46,074 - debug - DEBUG - compute_metrics_and_record started for epoch 86
2026-06-16 07:10:46,074 - debug - DEBUG - all_preds length: 25000, all_targets length: 25000
2026-06-16 07:10:46,074 - debug - DEBUG - First 10 preds: [9, 7, 1, 2, 8, 0, 5, 4, 3, 6]
2026-06-16 07:10:46,075 - debug - DEBUG - First 10 targets: [9, 7, 1, 2, 8, 0, 5, 4, 3, 6]
2026-06-16 07:10:46,084 - debug - DEBUG - Unique predicted classes: 10 (first 10: [0 1 2 3 4 5 6 7 8 9])
2026-06-16 07:10:46,084 - debug - DEBUG - Unique target classes: 10 (first 10: [0 1 2 3 4 5 6 7 8 9])
2026-06-16 07:10:48,434 - debug - DEBUG - compute_metrics_and_record started for epoch 86
2026-06-16 07:10:48,435 - debug - DEBUG - all_preds length: 10000, all_targets length: 10000
2026-06-16 07:10:48,435 - debug - DEBUG - First 10 preds: [3, 8, 8, 0, 6, 6, 1, 2, 3, 1]
2026-06-16 07:10:48,435 - debug - DEBUG - First 10 targets: [3, 8, 8, 0, 6, 6, 1, 6, 3, 1]
2026-06-16 07:10:48,437 - debug - DEBUG - Unique predicted classes: 10 (first 10: [0 1 2 3 4 5 6 7 8 9])
2026-06-16 07:10:48,438 - debug - DEBUG - Unique target classes: 10 (first 10: [0 1 2 3 4 5 6 7 8 9])
2026-06-16 07:10:48,731 - debug - DEBUG - Device Check - Batch 0
2026-06-16 07:10:48,732 - debug - DEBUG -   Config GPU ID: 1
2026-06-16 07:10:48,732 - debug - DEBUG -   Input Device:  cuda:1
2026-06-16 07:10:48,733 - debug - DEBUG -   Target Device: cuda:1
2026-06-16 07:10:48,733 - debug - DEBUG -   Model Device:  cuda:1
2026-06-16 07:10:48,733 - debug - DEBUG -   Criterion Weight Device: No weights
2026-06-16 07:10:49,258 - debug - DEBUG - Batch 0 grad norm: 1.131297
2026-06-16 07:10:50,412 - debug - DEBUG - Batch 10 grad norm: 0.876626
2026-06-16 07:10:51,566 - debug - DEBUG - Batch 20 grad norm: 0.987698
2026-06-16 07:10:52,481 - debug - DEBUG - Batch 30 grad norm: 1.091925
2026-06-16 07:10:53,707 - debug - DEBUG - Batch 40 grad norm: 0.910903
2026-06-16 07:10:54,773 - debug - DEBUG - Batch 50 grad norm: 1.164002
2026-06-16 07:10:55,813 - debug - DEBUG - Batch 60 grad norm: 1.194824
2026-06-16 07:10:56,874 - debug - DEBUG - Batch 70 grad norm: 1.133333
2026-06-16 07:10:57,995 - debug - DEBUG - Batch 80 grad norm: 0.892993
2026-06-16 07:10:59,084 - debug - DEBUG - Batch 90 grad norm: 0.963196
2026-06-16 07:11:00,198 - debug - DEBUG - Batch 100 grad norm: 1.243072
2026-06-16 07:11:01,216 - debug - DEBUG - Batch 110 grad norm: 1.185891
2026-06-16 07:11:02,416 - debug - DEBUG - Batch 120 grad norm: 1.135356
2026-06-16 07:11:03,399 - debug - DEBUG - Batch 130 grad norm: 1.060608
2026-06-16 07:11:04,488 - debug - DEBUG - Batch 140 grad norm: 0.897835
2026-06-16 07:11:05,577 - debug - DEBUG - Batch 150 grad norm: 1.156347
2026-06-16 07:11:06,693 - debug - DEBUG - Batch 160 grad norm: 1.268458
2026-06-16 07:11:07,741 - debug - DEBUG - Batch 170 grad norm: 1.313624
2026-06-16 07:11:08,868 - debug - DEBUG - Batch 180 grad norm: 1.180775
2026-06-16 07:11:09,977 - debug - DEBUG - Batch 190 grad norm: 1.492944
2026-06-16 07:11:10,364 - debug - DEBUG - compute_metrics_and_record started for epoch 87
2026-06-16 07:11:10,364 - debug - DEBUG - all_preds length: 25000, all_targets length: 25000
2026-06-16 07:11:10,364 - debug - DEBUG - First 10 preds: [1, 0, 4, 7, 1, 7, 2, 5, 2, 6]
2026-06-16 07:11:10,364 - debug - DEBUG - First 10 targets: [1, 0, 4, 7, 3, 7, 2, 5, 2, 6]
2026-06-16 07:11:10,369 - debug - DEBUG - Unique predicted classes: 10 (first 10: [0 1 2 3 4 5 6 7 8 9])
2026-06-16 07:11:10,369 - debug - DEBUG - Unique target classes: 10 (first 10: [0 1 2 3 4 5 6 7 8 9])
2026-06-16 07:11:12,638 - debug - DEBUG - compute_metrics_and_record started for epoch 87
2026-06-16 07:11:12,638 - debug - DEBUG - all_preds length: 10000, all_targets length: 10000
2026-06-16 07:11:12,639 - debug - DEBUG - First 10 preds: [3, 1, 1, 8, 6, 5, 1, 6, 3, 1]
2026-06-16 07:11:12,639 - debug - DEBUG - First 10 targets: [3, 8, 8, 0, 6, 6, 1, 6, 3, 1]
2026-06-16 07:11:12,641 - debug - DEBUG - Unique predicted classes: 10 (first 10: [0 1 2 3 4 5 6 7 8 9])
2026-06-16 07:11:12,641 - debug - DEBUG - Unique target classes: 10 (first 10: [0 1 2 3 4 5 6 7 8 9])
2026-06-16 07:11:12,926 - debug - DEBUG - Device Check - Batch 0
2026-06-16 07:11:12,927 - debug - DEBUG -   Config GPU ID: 1
2026-06-16 07:11:12,927 - debug - DEBUG -   Input Device:  cuda:1
2026-06-16 07:11:12,928 - debug - DEBUG -   Target Device: cuda:1
2026-06-16 07:11:12,928 - debug - DEBUG -   Model Device:  cuda:1
2026-06-16 07:11:12,928 - debug - DEBUG -   Criterion Weight Device: No weights
2026-06-16 07:11:13,391 - debug - DEBUG - Batch 0 grad norm: 1.522152
2026-06-16 07:11:14,509 - debug - DEBUG - Batch 10 grad norm: 1.291029
2026-06-16 07:11:15,624 - debug - DEBUG - Batch 20 grad norm: 1.049697
2026-06-16 07:11:16,736 - debug - DEBUG - Batch 30 grad norm: 1.266920
2026-06-16 07:11:17,858 - debug - DEBUG - Batch 40 grad norm: 0.901856
2026-06-16 07:11:18,976 - debug - DEBUG - Batch 50 grad norm: 1.162156
2026-06-16 07:11:20,082 - debug - DEBUG - Batch 60 grad norm: 1.112668
2026-06-16 07:11:21,222 - debug - DEBUG - Batch 70 grad norm: 0.928648
2026-06-16 07:11:22,342 - debug - DEBUG - Batch 80 grad norm: 1.068179
2026-06-16 07:11:23,453 - debug - DEBUG - Batch 90 grad norm: 1.033323
2026-06-16 07:11:24,585 - debug - DEBUG - Batch 100 grad norm: 1.044619
2026-06-16 07:11:25,697 - debug - DEBUG - Batch 110 grad norm: 0.750225
2026-06-16 07:11:26,706 - debug - DEBUG - Batch 120 grad norm: 1.048315
2026-06-16 07:11:27,967 - debug - DEBUG - Batch 130 grad norm: 1.017635
2026-06-16 07:11:28,959 - debug - DEBUG - Batch 140 grad norm: 1.493045
2026-06-16 07:11:30,040 - debug - DEBUG - Batch 150 grad norm: 1.066043
2026-06-16 07:11:31,177 - debug - DEBUG - Batch 160 grad norm: 1.167333
2026-06-16 07:11:32,252 - debug - DEBUG - Batch 170 grad norm: 1.235043
2026-06-16 07:11:33,391 - debug - DEBUG - Batch 180 grad norm: 0.892430
2026-06-16 07:11:34,495 - debug - DEBUG - Batch 190 grad norm: 1.124619
2026-06-16 07:11:34,934 - debug - DEBUG - compute_metrics_and_record started for epoch 88
2026-06-16 07:11:34,934 - debug - DEBUG - all_preds length: 25000, all_targets length: 25000
2026-06-16 07:11:34,934 - debug - DEBUG - First 10 preds: [7, 5, 0, 8, 3, 5, 0, 5, 2, 7]
2026-06-16 07:11:34,934 - debug - DEBUG - First 10 targets: [7, 7, 0, 8, 3, 5, 0, 5, 2, 7]
2026-06-16 07:11:34,940 - debug - DEBUG - Unique predicted classes: 10 (first 10: [0 1 2 3 4 5 6 7 8 9])
2026-06-16 07:11:34,940 - debug - DEBUG - Unique target classes: 10 (first 10: [0 1 2 3 4 5 6 7 8 9])
2026-06-16 07:11:37,394 - debug - DEBUG - compute_metrics_and_record started for epoch 88
2026-06-16 07:11:37,394 - debug - DEBUG - all_preds length: 10000, all_targets length: 10000
2026-06-16 07:11:37,394 - debug - DEBUG - First 10 preds: [3, 8, 8, 0, 6, 6, 1, 2, 3, 1]
2026-06-16 07:11:37,394 - debug - DEBUG - First 10 targets: [3, 8, 8, 0, 6, 6, 1, 6, 3, 1]
2026-06-16 07:11:37,396 - debug - DEBUG - Unique predicted classes: 10 (first 10: [0 1 2 3 4 5 6 7 8 9])
2026-06-16 07:11:37,397 - debug - DEBUG - Unique target classes: 10 (first 10: [0 1 2 3 4 5 6 7 8 9])
2026-06-16 07:11:37,677 - debug - DEBUG - Device Check - Batch 0
2026-06-16 07:11:37,678 - debug - DEBUG -   Config GPU ID: 1
2026-06-16 07:11:37,678 - debug - DEBUG -   Input Device:  cuda:1
2026-06-16 07:11:37,679 - debug - DEBUG -   Target Device: cuda:1
2026-06-16 07:11:37,679 - debug - DEBUG -   Model Device:  cuda:1
2026-06-16 07:11:37,679 - debug - DEBUG -   Criterion Weight Device: No weights
2026-06-16 07:11:38,246 - debug - DEBUG - Batch 0 grad norm: 0.857817
2026-06-16 07:11:39,402 - debug - DEBUG - Batch 10 grad norm: 1.260217
2026-06-16 07:11:40,529 - debug - DEBUG - Batch 20 grad norm: 1.203118
2026-06-16 07:11:41,665 - debug - DEBUG - Batch 30 grad norm: 0.942040
2026-06-16 07:11:42,811 - debug - DEBUG - Batch 40 grad norm: 1.141932
2026-06-16 07:11:43,899 - debug - DEBUG - Batch 50 grad norm: 1.224246
2026-06-16 07:11:45,014 - debug - DEBUG - Batch 60 grad norm: 0.990446
2026-06-16 07:11:46,147 - debug - DEBUG - Batch 70 grad norm: 1.027521
2026-06-16 07:11:47,270 - debug - DEBUG - Batch 80 grad norm: 1.061851
2026-06-16 07:11:48,388 - debug - DEBUG - Batch 90 grad norm: 1.084410
2026-06-16 07:11:49,532 - debug - DEBUG - Batch 100 grad norm: 1.486259
2026-06-16 07:11:50,602 - debug - DEBUG - Batch 110 grad norm: 1.082889
2026-06-16 07:11:51,801 - debug - DEBUG - Batch 120 grad norm: 1.245496
2026-06-16 07:11:52,771 - debug - DEBUG - Batch 130 grad norm: 0.962381
2026-06-16 07:11:53,899 - debug - DEBUG - Batch 140 grad norm: 1.328243
2026-06-16 07:11:54,983 - debug - DEBUG - Batch 150 grad norm: 1.424731
2026-06-16 07:11:56,082 - debug - DEBUG - Batch 160 grad norm: 1.121148
2026-06-16 07:11:57,160 - debug - DEBUG - Batch 170 grad norm: 1.105296
2026-06-16 07:11:58,252 - debug - DEBUG - Batch 180 grad norm: 0.817930
2026-06-16 07:11:59,298 - debug - DEBUG - Batch 190 grad norm: 0.849198
2026-06-16 07:11:59,754 - debug - DEBUG - compute_metrics_and_record started for epoch 89
2026-06-16 07:11:59,754 - debug - DEBUG - all_preds length: 25000, all_targets length: 25000
2026-06-16 07:11:59,755 - debug - DEBUG - First 10 preds: [4, 6, 4, 1, 9, 6, 7, 2, 1, 3]
2026-06-16 07:11:59,755 - debug - DEBUG - First 10 targets: [4, 6, 4, 1, 9, 6, 7, 2, 1, 3]
2026-06-16 07:11:59,760 - debug - DEBUG - Unique predicted classes: 10 (first 10: [0 1 2 3 4 5 6 7 8 9])
2026-06-16 07:11:59,760 - debug - DEBUG - Unique target classes: 10 (first 10: [0 1 2 3 4 5 6 7 8 9])
2026-06-16 07:12:02,039 - debug - DEBUG - compute_metrics_and_record started for epoch 89
2026-06-16 07:12:02,039 - debug - DEBUG - all_preds length: 10000, all_targets length: 10000
2026-06-16 07:12:02,040 - debug - DEBUG - First 10 preds: [3, 1, 1, 0, 6, 6, 1, 6, 3, 1]
2026-06-16 07:12:02,040 - debug - DEBUG - First 10 targets: [3, 8, 8, 0, 6, 6, 1, 6, 3, 1]
2026-06-16 07:12:02,042 - debug - DEBUG - Unique predicted classes: 10 (first 10: [0 1 2 3 4 5 6 7 8 9])
2026-06-16 07:12:02,042 - debug - DEBUG - Unique target classes: 10 (first 10: [0 1 2 3 4 5 6 7 8 9])
2026-06-16 07:12:02,341 - debug - DEBUG - Device Check - Batch 0
2026-06-16 07:12:02,342 - debug - DEBUG -   Config GPU ID: 1
2026-06-16 07:12:02,342 - debug - DEBUG -   Input Device:  cuda:1
2026-06-16 07:12:02,342 - debug - DEBUG -   Target Device: cuda:1
2026-06-16 07:12:02,343 - debug - DEBUG -   Model Device:  cuda:1
2026-06-16 07:12:02,343 - debug - DEBUG -   Criterion Weight Device: No weights
2026-06-16 07:12:02,873 - debug - DEBUG - Batch 0 grad norm: 1.230598
2026-06-16 07:12:03,827 - debug - DEBUG - Batch 10 grad norm: 1.119686
2026-06-16 07:12:04,932 - debug - DEBUG - Batch 20 grad norm: 1.244887
2026-06-16 07:12:06,060 - debug - DEBUG - Batch 30 grad norm: 1.054694
2026-06-16 07:12:07,180 - debug - DEBUG - Batch 40 grad norm: 1.118897
2026-06-16 07:12:08,297 - debug - DEBUG - Batch 50 grad norm: 1.417442
2026-06-16 07:12:09,401 - debug - DEBUG - Batch 60 grad norm: 1.256094
2026-06-16 07:12:10,517 - debug - DEBUG - Batch 70 grad norm: 1.023511
2026-06-16 07:12:11,649 - debug - DEBUG - Batch 80 grad norm: 1.040930
2026-06-16 07:12:12,743 - debug - DEBUG - Batch 90 grad norm: 1.277380
2026-06-16 07:12:13,883 - debug - DEBUG - Batch 100 grad norm: 1.009773
2026-06-16 07:12:14,930 - debug - DEBUG - Batch 110 grad norm: 1.130124
2026-06-16 07:12:16,098 - debug - DEBUG - Batch 120 grad norm: 1.292948
2026-06-16 07:12:17,225 - debug - DEBUG - Batch 130 grad norm: 1.357929
2026-06-16 07:12:18,253 - debug - DEBUG - Batch 140 grad norm: 1.061923
2026-06-16 07:12:19,381 - debug - DEBUG - Batch 150 grad norm: 0.987649
2026-06-16 07:12:20,512 - debug - DEBUG - Batch 160 grad norm: 0.790569
2026-06-16 07:12:21,657 - debug - DEBUG - Batch 170 grad norm: 1.046031
2026-06-16 07:12:22,783 - debug - DEBUG - Batch 180 grad norm: 1.202808
2026-06-16 07:12:23,886 - debug - DEBUG - Batch 190 grad norm: 1.066569
2026-06-16 07:12:24,245 - debug - DEBUG - compute_metrics_and_record started for epoch 90
2026-06-16 07:12:24,246 - debug - DEBUG - all_preds length: 25000, all_targets length: 25000
2026-06-16 07:12:24,246 - debug - DEBUG - First 10 preds: [4, 3, 1, 7, 2, 4, 8, 2, 4, 7]
2026-06-16 07:12:24,246 - debug - DEBUG - First 10 targets: [4, 2, 1, 7, 2, 6, 8, 2, 4, 7]
2026-06-16 07:12:24,254 - debug - DEBUG - Unique predicted classes: 10 (first 10: [0 1 2 3 4 5 6 7 8 9])
2026-06-16 07:12:24,254 - debug - DEBUG - Unique target classes: 10 (first 10: [0 1 2 3 4 5 6 7 8 9])
2026-06-16 07:12:26,615 - debug - DEBUG - compute_metrics_and_record started for epoch 90
2026-06-16 07:12:26,615 - debug - DEBUG - all_preds length: 10000, all_targets length: 10000
2026-06-16 07:12:26,615 - debug - DEBUG - First 10 preds: [3, 1, 8, 3, 6, 6, 1, 6, 3, 1]
2026-06-16 07:12:26,616 - debug - DEBUG - First 10 targets: [3, 8, 8, 0, 6, 6, 1, 6, 3, 1]
2026-06-16 07:12:26,618 - debug - DEBUG - Unique predicted classes: 10 (first 10: [0 1 2 3 4 5 6 7 8 9])
2026-06-16 07:12:26,618 - debug - DEBUG - Unique target classes: 10 (first 10: [0 1 2 3 4 5 6 7 8 9])
2026-06-16 07:12:26,921 - debug - DEBUG - Device Check - Batch 0
2026-06-16 07:12:26,922 - debug - DEBUG -   Config GPU ID: 1
2026-06-16 07:12:26,922 - debug - DEBUG -   Input Device:  cuda:1
2026-06-16 07:12:26,922 - debug - DEBUG -   Target Device: cuda:1
2026-06-16 07:12:26,922 - debug - DEBUG -   Model Device:  cuda:1
2026-06-16 07:12:26,923 - debug - DEBUG -   Criterion Weight Device: No weights
2026-06-16 07:12:27,466 - debug - DEBUG - Batch 0 grad norm: 0.930473
2026-06-16 07:12:28,623 - debug - DEBUG - Batch 10 grad norm: 1.098015
2026-06-16 07:12:29,760 - debug - DEBUG - Batch 20 grad norm: 1.075969
2026-06-16 07:12:30,891 - debug - DEBUG - Batch 30 grad norm: 0.907450
2026-06-16 07:12:31,984 - debug - DEBUG - Batch 40 grad norm: 0.625748
2026-06-16 07:12:33,097 - debug - DEBUG - Batch 50 grad norm: 1.024677
2026-06-16 07:12:34,225 - debug - DEBUG - Batch 60 grad norm: 1.117346
2026-06-16 07:12:35,225 - debug - DEBUG - Batch 70 grad norm: 1.455123
2026-06-16 07:12:36,487 - debug - DEBUG - Batch 80 grad norm: 1.276536
2026-06-16 07:12:37,536 - debug - DEBUG - Batch 90 grad norm: 1.110306
2026-06-16 07:12:38,706 - debug - DEBUG - Batch 100 grad norm: 1.251402
2026-06-16 07:12:39,743 - debug - DEBUG - Batch 110 grad norm: 0.899106
2026-06-16 07:12:40,932 - debug - DEBUG - Batch 120 grad norm: 0.924545
2026-06-16 07:12:42,024 - debug - DEBUG - Batch 130 grad norm: 1.050481
2026-06-16 07:12:43,131 - debug - DEBUG - Batch 140 grad norm: 1.240594
2026-06-16 07:12:44,261 - debug - DEBUG - Batch 150 grad norm: 0.978578
2026-06-16 07:12:45,397 - debug - DEBUG - Batch 160 grad norm: 0.985132
2026-06-16 07:12:46,557 - debug - DEBUG - Batch 170 grad norm: 1.067444
2026-06-16 07:12:47,717 - debug - DEBUG - Batch 180 grad norm: 1.185205
2026-06-16 07:12:48,876 - debug - DEBUG - Batch 190 grad norm: 1.004020
2026-06-16 07:12:49,205 - debug - DEBUG - compute_metrics_and_record started for epoch 91
2026-06-16 07:12:49,205 - debug - DEBUG - all_preds length: 25000, all_targets length: 25000
2026-06-16 07:12:49,205 - debug - DEBUG - First 10 preds: [0, 2, 9, 2, 3, 6, 3, 8, 2, 8]
2026-06-16 07:12:49,205 - debug - DEBUG - First 10 targets: [2, 2, 9, 2, 7, 6, 3, 8, 2, 8]
2026-06-16 07:12:49,211 - debug - DEBUG - Unique predicted classes: 10 (first 10: [0 1 2 3 4 5 6 7 8 9])
2026-06-16 07:12:49,211 - debug - DEBUG - Unique target classes: 10 (first 10: [0 1 2 3 4 5 6 7 8 9])
2026-06-16 07:12:51,549 - debug - DEBUG - compute_metrics_and_record started for epoch 91
2026-06-16 07:12:51,549 - debug - DEBUG - all_preds length: 10000, all_targets length: 10000
2026-06-16 07:12:51,549 - debug - DEBUG - First 10 preds: [3, 1, 1, 0, 6, 6, 1, 2, 3, 1]
2026-06-16 07:12:51,550 - debug - DEBUG - First 10 targets: [3, 8, 8, 0, 6, 6, 1, 6, 3, 1]
2026-06-16 07:12:51,552 - debug - DEBUG - Unique predicted classes: 10 (first 10: [0 1 2 3 4 5 6 7 8 9])
2026-06-16 07:12:51,552 - debug - DEBUG - Unique target classes: 10 (first 10: [0 1 2 3 4 5 6 7 8 9])
2026-06-16 07:12:51,840 - debug - DEBUG - Device Check - Batch 0
2026-06-16 07:12:51,841 - debug - DEBUG -   Config GPU ID: 1
2026-06-16 07:12:51,841 - debug - DEBUG -   Input Device:  cuda:1
2026-06-16 07:12:51,841 - debug - DEBUG -   Target Device: cuda:1
2026-06-16 07:12:51,842 - debug - DEBUG -   Model Device:  cuda:1
2026-06-16 07:12:51,842 - debug - DEBUG -   Criterion Weight Device: No weights
2026-06-16 07:12:52,381 - debug - DEBUG - Batch 0 grad norm: 0.871391
2026-06-16 07:12:53,515 - debug - DEBUG - Batch 10 grad norm: 0.749267
2026-06-16 07:12:54,643 - debug - DEBUG - Batch 20 grad norm: 1.146787
2026-06-16 07:12:55,777 - debug - DEBUG - Batch 30 grad norm: 1.083018
2026-06-16 07:12:56,925 - debug - DEBUG - Batch 40 grad norm: 1.180554
2026-06-16 07:12:58,071 - debug - DEBUG - Batch 50 grad norm: 0.921656
2026-06-16 07:12:59,224 - debug - DEBUG - Batch 60 grad norm: 1.085266
2026-06-16 07:13:00,357 - debug - DEBUG - Batch 70 grad norm: 1.145855
2026-06-16 07:13:01,493 - debug - DEBUG - Batch 80 grad norm: 1.309987
2026-06-16 07:13:02,631 - debug - DEBUG - Batch 90 grad norm: 1.052300
2026-06-16 07:13:03,771 - debug - DEBUG - Batch 100 grad norm: 1.543186
2026-06-16 07:13:04,827 - debug - DEBUG - Batch 110 grad norm: 1.046249
2026-06-16 07:13:06,011 - debug - DEBUG - Batch 120 grad norm: 0.960814
2026-06-16 07:13:07,029 - debug - DEBUG - Batch 130 grad norm: 1.279277
2026-06-16 07:13:08,150 - debug - DEBUG - Batch 140 grad norm: 1.100541
2026-06-16 07:13:09,172 - debug - DEBUG - Batch 150 grad norm: 1.358556
2026-06-16 07:13:10,304 - debug - DEBUG - Batch 160 grad norm: 1.000744
2026-06-16 07:13:11,464 - debug - DEBUG - Batch 170 grad norm: 0.930210
2026-06-16 07:13:12,456 - debug - DEBUG - Batch 180 grad norm: 0.951694
2026-06-16 07:13:13,582 - debug - DEBUG - Batch 190 grad norm: 1.042989
2026-06-16 07:13:13,938 - debug - DEBUG - compute_metrics_and_record started for epoch 92
2026-06-16 07:13:13,938 - debug - DEBUG - all_preds length: 25000, all_targets length: 25000
2026-06-16 07:13:13,938 - debug - DEBUG - First 10 preds: [7, 8, 2, 2, 0, 0, 0, 3, 1, 0]
2026-06-16 07:13:13,938 - debug - DEBUG - First 10 targets: [7, 8, 2, 2, 0, 0, 0, 3, 1, 0]
2026-06-16 07:13:13,944 - debug - DEBUG - Unique predicted classes: 10 (first 10: [0 1 2 3 4 5 6 7 8 9])
2026-06-16 07:13:13,944 - debug - DEBUG - Unique target classes: 10 (first 10: [0 1 2 3 4 5 6 7 8 9])
2026-06-16 07:13:16,279 - debug - DEBUG - compute_metrics_and_record started for epoch 92
2026-06-16 07:13:16,279 - debug - DEBUG - all_preds length: 10000, all_targets length: 10000
2026-06-16 07:13:16,280 - debug - DEBUG - First 10 preds: [3, 1, 1, 0, 6, 5, 1, 6, 3, 1]
2026-06-16 07:13:16,280 - debug - DEBUG - First 10 targets: [3, 8, 8, 0, 6, 6, 1, 6, 3, 1]
2026-06-16 07:13:16,284 - debug - DEBUG - Unique predicted classes: 10 (first 10: [0 1 2 3 4 5 6 7 8 9])
2026-06-16 07:13:16,284 - debug - DEBUG - Unique target classes: 10 (first 10: [0 1 2 3 4 5 6 7 8 9])
2026-06-16 07:13:16,531 - debug - DEBUG - Device Check - Batch 0
2026-06-16 07:13:16,532 - debug - DEBUG -   Config GPU ID: 1
2026-06-16 07:13:16,533 - debug - DEBUG -   Input Device:  cuda:1
2026-06-16 07:13:16,533 - debug - DEBUG -   Target Device: cuda:1
2026-06-16 07:13:16,533 - debug - DEBUG -   Model Device:  cuda:1
2026-06-16 07:13:16,534 - debug - DEBUG -   Criterion Weight Device: No weights
2026-06-16 07:13:17,113 - debug - DEBUG - Batch 0 grad norm: 0.834389
2026-06-16 07:13:18,251 - debug - DEBUG - Batch 10 grad norm: 1.272372
2026-06-16 07:13:19,397 - debug - DEBUG - Batch 20 grad norm: 1.060321
2026-06-16 07:13:20,521 - debug - DEBUG - Batch 30 grad norm: 1.138600
2026-06-16 07:13:21,668 - debug - DEBUG - Batch 40 grad norm: 1.128557
2026-06-16 07:13:22,796 - debug - DEBUG - Batch 50 grad norm: 1.322642
2026-06-16 07:13:23,914 - debug - DEBUG - Batch 60 grad norm: 1.133324
2026-06-16 07:13:25,063 - debug - DEBUG - Batch 70 grad norm: 1.173951
2026-06-16 07:13:26,167 - debug - DEBUG - Batch 80 grad norm: 0.968544
2026-06-16 07:13:27,258 - debug - DEBUG - Batch 90 grad norm: 1.098932
2026-06-16 07:13:28,357 - debug - DEBUG - Batch 100 grad norm: 1.318554
2026-06-16 07:13:29,311 - debug - DEBUG - Batch 110 grad norm: 1.466932
2026-06-16 07:13:30,462 - debug - DEBUG - Batch 120 grad norm: 1.078366
2026-06-16 07:13:31,510 - debug - DEBUG - Batch 130 grad norm: 1.597551
2026-06-16 07:13:32,494 - debug - DEBUG - Batch 140 grad norm: 0.865630
2026-06-16 07:13:33,598 - debug - DEBUG - Batch 150 grad norm: 0.648594
2026-06-16 07:13:34,685 - debug - DEBUG - Batch 160 grad norm: 0.872701
2026-06-16 07:13:35,780 - debug - DEBUG - Batch 170 grad norm: 1.056617
2026-06-16 07:13:36,879 - debug - DEBUG - Batch 180 grad norm: 1.242656
2026-06-16 07:13:38,023 - debug - DEBUG - Batch 190 grad norm: 1.312692
2026-06-16 07:13:38,358 - debug - DEBUG - compute_metrics_and_record started for epoch 93
2026-06-16 07:13:38,359 - debug - DEBUG - all_preds length: 25000, all_targets length: 25000
2026-06-16 07:13:38,359 - debug - DEBUG - First 10 preds: [2, 3, 2, 5, 3, 8, 4, 6, 1, 5]
2026-06-16 07:13:38,359 - debug - DEBUG - First 10 targets: [2, 3, 2, 5, 3, 8, 4, 6, 1, 5]
2026-06-16 07:13:38,365 - debug - DEBUG - Unique predicted classes: 10 (first 10: [0 1 2 3 4 5 6 7 8 9])
2026-06-16 07:13:38,365 - debug - DEBUG - Unique target classes: 10 (first 10: [0 1 2 3 4 5 6 7 8 9])
2026-06-16 07:13:40,543 - debug - DEBUG - compute_metrics_and_record started for epoch 93
2026-06-16 07:13:40,544 - debug - DEBUG - all_preds length: 10000, all_targets length: 10000
2026-06-16 07:13:40,544 - debug - DEBUG - First 10 preds: [3, 8, 1, 8, 6, 6, 1, 6, 3, 1]
2026-06-16 07:13:40,544 - debug - DEBUG - First 10 targets: [3, 8, 8, 0, 6, 6, 1, 6, 3, 1]
2026-06-16 07:13:40,547 - debug - DEBUG - Unique predicted classes: 10 (first 10: [0 1 2 3 4 5 6 7 8 9])
2026-06-16 07:13:40,547 - debug - DEBUG - Unique target classes: 10 (first 10: [0 1 2 3 4 5 6 7 8 9])
2026-06-16 07:13:40,869 - debug - DEBUG - Device Check - Batch 0
2026-06-16 07:13:40,869 - debug - DEBUG -   Config GPU ID: 1
2026-06-16 07:13:40,870 - debug - DEBUG -   Input Device:  cuda:1
2026-06-16 07:13:40,870 - debug - DEBUG -   Target Device: cuda:1
2026-06-16 07:13:40,870 - debug - DEBUG -   Model Device:  cuda:1
2026-06-16 07:13:40,870 - debug - DEBUG -   Criterion Weight Device: No weights
2026-06-16 07:13:41,298 - debug - DEBUG - Batch 0 grad norm: 1.095642
2026-06-16 07:13:42,438 - debug - DEBUG - Batch 10 grad norm: 0.800334
2026-06-16 07:13:43,351 - debug - DEBUG - Batch 20 grad norm: 1.119849
2026-06-16 07:13:44,544 - debug - DEBUG - Batch 30 grad norm: 0.975642
2026-06-16 07:13:45,597 - debug - DEBUG - Batch 40 grad norm: 1.134386
2026-06-16 07:13:46,646 - debug - DEBUG - Batch 50 grad norm: 1.129006
2026-06-16 07:13:47,718 - debug - DEBUG - Batch 60 grad norm: 1.107623
2026-06-16 07:13:48,841 - debug - DEBUG - Batch 70 grad norm: 1.219083
2026-06-16 07:13:49,896 - debug - DEBUG - Batch 80 grad norm: 1.422394
2026-06-16 07:13:51,016 - debug - DEBUG - Batch 90 grad norm: 1.049023
2026-06-16 07:13:52,064 - debug - DEBUG - Batch 100 grad norm: 1.381651
2026-06-16 07:13:53,177 - debug - DEBUG - Batch 110 grad norm: 1.215224
2026-06-16 07:13:54,330 - debug - DEBUG - Batch 120 grad norm: 1.198334
2026-06-16 07:13:55,526 - debug - DEBUG - Batch 130 grad norm: 1.144792
2026-06-16 07:13:56,464 - debug - DEBUG - Batch 140 grad norm: 1.014213
2026-06-16 07:13:57,589 - debug - DEBUG - Batch 150 grad norm: 0.975823
2026-06-16 07:13:58,693 - debug - DEBUG - Batch 160 grad norm: 1.305800
2026-06-16 07:13:59,781 - debug - DEBUG - Batch 170 grad norm: 1.103817
2026-06-16 07:14:00,913 - debug - DEBUG - Batch 180 grad norm: 1.058801
2026-06-16 07:14:02,022 - debug - DEBUG - Batch 190 grad norm: 1.059872
2026-06-16 07:14:02,387 - debug - DEBUG - compute_metrics_and_record started for epoch 94
2026-06-16 07:14:02,387 - debug - DEBUG - all_preds length: 25000, all_targets length: 25000
2026-06-16 07:14:02,387 - debug - DEBUG - First 10 preds: [9, 6, 4, 4, 6, 7, 1, 6, 1, 6]
2026-06-16 07:14:02,388 - debug - DEBUG - First 10 targets: [9, 6, 4, 4, 6, 7, 1, 6, 1, 2]
2026-06-16 07:14:02,398 - debug - DEBUG - Unique predicted classes: 10 (first 10: [0 1 2 3 4 5 6 7 8 9])
2026-06-16 07:14:02,398 - debug - DEBUG - Unique target classes: 10 (first 10: [0 1 2 3 4 5 6 7 8 9])
2026-06-16 07:14:04,597 - debug - DEBUG - compute_metrics_and_record started for epoch 94
2026-06-16 07:14:04,598 - debug - DEBUG - all_preds length: 10000, all_targets length: 10000
2026-06-16 07:14:04,598 - debug - DEBUG - First 10 preds: [3, 8, 1, 0, 6, 6, 1, 2, 3, 1]
2026-06-16 07:14:04,598 - debug - DEBUG - First 10 targets: [3, 8, 8, 0, 6, 6, 1, 6, 3, 1]
2026-06-16 07:14:04,600 - debug - DEBUG - Unique predicted classes: 10 (first 10: [0 1 2 3 4 5 6 7 8 9])
2026-06-16 07:14:04,600 - debug - DEBUG - Unique target classes: 10 (first 10: [0 1 2 3 4 5 6 7 8 9])
2026-06-16 07:14:04,840 - debug - DEBUG - Device Check - Batch 0
2026-06-16 07:14:04,841 - debug - DEBUG -   Config GPU ID: 1
2026-06-16 07:14:04,842 - debug - DEBUG -   Input Device:  cuda:1
2026-06-16 07:14:04,842 - debug - DEBUG -   Target Device: cuda:1
2026-06-16 07:14:04,842 - debug - DEBUG -   Model Device:  cuda:1
2026-06-16 07:14:04,842 - debug - DEBUG -   Criterion Weight Device: No weights
2026-06-16 07:14:05,332 - debug - DEBUG - Batch 0 grad norm: 1.019518
2026-06-16 07:14:06,449 - debug - DEBUG - Batch 10 grad norm: 1.095159
2026-06-16 07:14:07,563 - debug - DEBUG - Batch 20 grad norm: 1.005929
2026-06-16 07:14:08,643 - debug - DEBUG - Batch 30 grad norm: 0.960519
2026-06-16 07:14:09,756 - debug - DEBUG - Batch 40 grad norm: 1.094989
2026-06-16 07:14:10,883 - debug - DEBUG - Batch 50 grad norm: 1.073618
2026-06-16 07:14:11,984 - debug - DEBUG - Batch 60 grad norm: 1.072273
2026-06-16 07:14:13,067 - debug - DEBUG - Batch 70 grad norm: 1.134862
2026-06-16 07:14:14,178 - debug - DEBUG - Batch 80 grad norm: 0.773938
2026-06-16 07:14:15,267 - debug - DEBUG - Batch 90 grad norm: 0.839800
2026-06-16 07:14:16,367 - debug - DEBUG - Batch 100 grad norm: 1.154599
2026-06-16 07:14:17,489 - debug - DEBUG - Batch 110 grad norm: 1.316869
2026-06-16 07:14:18,539 - debug - DEBUG - Batch 120 grad norm: 1.037090
2026-06-16 07:14:19,802 - debug - DEBUG - Batch 130 grad norm: 1.178403
2026-06-16 07:14:20,711 - debug - DEBUG - Batch 140 grad norm: 0.987478
2026-06-16 07:14:21,867 - debug - DEBUG - Batch 150 grad norm: 1.277850
2026-06-16 07:14:22,983 - debug - DEBUG - Batch 160 grad norm: 1.089324
2026-06-16 07:14:24,104 - debug - DEBUG - Batch 170 grad norm: 0.782575
2026-06-16 07:14:25,173 - debug - DEBUG - Batch 180 grad norm: 1.167817
2026-06-16 07:14:26,257 - debug - DEBUG - Batch 190 grad norm: 1.087102
2026-06-16 07:14:26,686 - debug - DEBUG - compute_metrics_and_record started for epoch 95
2026-06-16 07:14:26,687 - debug - DEBUG - all_preds length: 25000, all_targets length: 25000
2026-06-16 07:14:26,687 - debug - DEBUG - First 10 preds: [1, 0, 8, 9, 2, 7, 5, 5, 5, 6]
2026-06-16 07:14:26,687 - debug - DEBUG - First 10 targets: [1, 9, 8, 9, 2, 5, 5, 5, 5, 6]
2026-06-16 07:14:26,696 - debug - DEBUG - Unique predicted classes: 10 (first 10: [0 1 2 3 4 5 6 7 8 9])
2026-06-16 07:14:26,697 - debug - DEBUG - Unique target classes: 10 (first 10: [0 1 2 3 4 5 6 7 8 9])
2026-06-16 07:14:28,983 - debug - DEBUG - compute_metrics_and_record started for epoch 95
2026-06-16 07:14:28,983 - debug - DEBUG - all_preds length: 10000, all_targets length: 10000
2026-06-16 07:14:28,983 - debug - DEBUG - First 10 preds: [3, 8, 1, 0, 6, 3, 1, 6, 3, 1]
2026-06-16 07:14:28,983 - debug - DEBUG - First 10 targets: [3, 8, 8, 0, 6, 6, 1, 6, 3, 1]
2026-06-16 07:14:28,986 - debug - DEBUG - Unique predicted classes: 10 (first 10: [0 1 2 3 4 5 6 7 8 9])
2026-06-16 07:14:28,986 - debug - DEBUG - Unique target classes: 10 (first 10: [0 1 2 3 4 5 6 7 8 9])
2026-06-16 07:14:29,262 - debug - DEBUG - Device Check - Batch 0
2026-06-16 07:14:29,262 - debug - DEBUG -   Config GPU ID: 1
2026-06-16 07:14:29,263 - debug - DEBUG -   Input Device:  cuda:1
2026-06-16 07:14:29,263 - debug - DEBUG -   Target Device: cuda:1
2026-06-16 07:14:29,263 - debug - DEBUG -   Model Device:  cuda:1
2026-06-16 07:14:29,263 - debug - DEBUG -   Criterion Weight Device: No weights
2026-06-16 07:14:29,791 - debug - DEBUG - Batch 0 grad norm: 1.252040
2026-06-16 07:14:30,908 - debug - DEBUG - Batch 10 grad norm: 0.895619
2026-06-16 07:14:32,061 - debug - DEBUG - Batch 20 grad norm: 1.151728
2026-06-16 07:14:33,174 - debug - DEBUG - Batch 30 grad norm: 1.327137
2026-06-16 07:14:34,349 - debug - DEBUG - Batch 40 grad norm: 1.020780
2026-06-16 07:14:35,422 - debug - DEBUG - Batch 50 grad norm: 1.201126
2026-06-16 07:14:36,541 - debug - DEBUG - Batch 60 grad norm: 1.235246
2026-06-16 07:14:37,616 - debug - DEBUG - Batch 70 grad norm: 1.206188
2026-06-16 07:14:38,716 - debug - DEBUG - Batch 80 grad norm: 0.968815
2026-06-16 07:14:39,775 - debug - DEBUG - Batch 90 grad norm: 1.109968
2026-06-16 07:14:40,908 - debug - DEBUG - Batch 100 grad norm: 1.583329
2026-06-16 07:14:42,007 - debug - DEBUG - Batch 110 grad norm: 1.190974
2026-06-16 07:14:43,095 - debug - DEBUG - Batch 120 grad norm: 1.104340
2026-06-16 07:14:44,211 - debug - DEBUG - Batch 130 grad norm: 1.378792
2026-06-16 07:14:45,403 - debug - DEBUG - Batch 140 grad norm: 1.355021
2026-06-16 07:14:46,406 - debug - DEBUG - Batch 150 grad norm: 1.401805
2026-06-16 07:14:47,546 - debug - DEBUG - Batch 160 grad norm: 1.058559
2026-06-16 07:14:48,700 - debug - DEBUG - Batch 170 grad norm: 1.112777
2026-06-16 07:14:49,816 - debug - DEBUG - Batch 180 grad norm: 1.220439
2026-06-16 07:14:50,943 - debug - DEBUG - Batch 190 grad norm: 0.958809
2026-06-16 07:14:51,303 - debug - DEBUG - compute_metrics_and_record started for epoch 96
2026-06-16 07:14:51,304 - debug - DEBUG - all_preds length: 25000, all_targets length: 25000
2026-06-16 07:14:51,304 - debug - DEBUG - First 10 preds: [8, 5, 2, 2, 6, 5, 1, 8, 7, 2]
2026-06-16 07:14:51,304 - debug - DEBUG - First 10 targets: [8, 7, 2, 2, 6, 5, 1, 8, 7, 2]
2026-06-16 07:14:51,310 - debug - DEBUG - Unique predicted classes: 10 (first 10: [0 1 2 3 4 5 6 7 8 9])
2026-06-16 07:14:51,310 - debug - DEBUG - Unique target classes: 10 (first 10: [0 1 2 3 4 5 6 7 8 9])
2026-06-16 07:14:53,734 - debug - DEBUG - compute_metrics_and_record started for epoch 96
2026-06-16 07:14:53,734 - debug - DEBUG - all_preds length: 10000, all_targets length: 10000
2026-06-16 07:14:53,734 - debug - DEBUG - First 10 preds: [3, 8, 8, 0, 6, 3, 1, 6, 3, 1]
2026-06-16 07:14:53,735 - debug - DEBUG - First 10 targets: [3, 8, 8, 0, 6, 6, 1, 6, 3, 1]
2026-06-16 07:14:53,737 - debug - DEBUG - Unique predicted classes: 10 (first 10: [0 1 2 3 4 5 6 7 8 9])
2026-06-16 07:14:53,737 - debug - DEBUG - Unique target classes: 10 (first 10: [0 1 2 3 4 5 6 7 8 9])
2026-06-16 07:14:54,059 - debug - DEBUG - Device Check - Batch 0
2026-06-16 07:14:54,060 - debug - DEBUG -   Config GPU ID: 1
2026-06-16 07:14:54,060 - debug - DEBUG -   Input Device:  cuda:1
2026-06-16 07:14:54,060 - debug - DEBUG -   Target Device: cuda:1
2026-06-16 07:14:54,061 - debug - DEBUG -   Model Device:  cuda:1
2026-06-16 07:14:54,061 - debug - DEBUG -   Criterion Weight Device: No weights
2026-06-16 07:14:54,488 - debug - DEBUG - Batch 0 grad norm: 1.242124
2026-06-16 07:14:55,616 - debug - DEBUG - Batch 10 grad norm: 1.321251
2026-06-16 07:14:56,755 - debug - DEBUG - Batch 20 grad norm: 1.432336
2026-06-16 07:14:57,874 - debug - DEBUG - Batch 30 grad norm: 1.026837
2026-06-16 07:14:59,020 - debug - DEBUG - Batch 40 grad norm: 1.098203
2026-06-16 07:15:00,129 - debug - DEBUG - Batch 50 grad norm: 0.706580
2026-06-16 07:15:01,258 - debug - DEBUG - Batch 60 grad norm: 1.211723
2026-06-16 07:15:02,386 - debug - DEBUG - Batch 70 grad norm: 1.053453
2026-06-16 07:15:03,505 - debug - DEBUG - Batch 80 grad norm: 0.873977
2026-06-16 07:15:04,624 - debug - DEBUG - Batch 90 grad norm: 1.233760
2026-06-16 07:15:05,740 - debug - DEBUG - Batch 100 grad norm: 1.271826
2026-06-16 07:15:06,865 - debug - DEBUG - Batch 110 grad norm: 0.958949
2026-06-16 07:15:08,010 - debug - DEBUG - Batch 120 grad norm: 1.230642
2026-06-16 07:15:09,184 - debug - DEBUG - Batch 130 grad norm: 1.431957
2026-06-16 07:15:10,180 - debug - DEBUG - Batch 140 grad norm: 1.374457
2026-06-16 07:15:11,322 - debug - DEBUG - Batch 150 grad norm: 1.116694
2026-06-16 07:15:12,397 - debug - DEBUG - Batch 160 grad norm: 1.268520
2026-06-16 07:15:13,547 - debug - DEBUG - Batch 170 grad norm: 1.037403
2026-06-16 07:15:14,656 - debug - DEBUG - Batch 180 grad norm: 0.918043
2026-06-16 07:15:15,775 - debug - DEBUG - Batch 190 grad norm: 1.508735
2026-06-16 07:15:16,185 - debug - DEBUG - compute_metrics_and_record started for epoch 97
2026-06-16 07:15:16,185 - debug - DEBUG - all_preds length: 25000, all_targets length: 25000
2026-06-16 07:15:16,185 - debug - DEBUG - First 10 preds: [8, 3, 4, 8, 4, 8, 2, 7, 9, 2]
2026-06-16 07:15:16,186 - debug - DEBUG - First 10 targets: [8, 5, 4, 8, 4, 8, 2, 7, 9, 2]
2026-06-16 07:15:16,194 - debug - DEBUG - Unique predicted classes: 10 (first 10: [0 1 2 3 4 5 6 7 8 9])
2026-06-16 07:15:16,194 - debug - DEBUG - Unique target classes: 10 (first 10: [0 1 2 3 4 5 6 7 8 9])
2026-06-16 07:15:18,559 - debug - DEBUG - compute_metrics_and_record started for epoch 97
2026-06-16 07:15:18,559 - debug - DEBUG - all_preds length: 10000, all_targets length: 10000
2026-06-16 07:15:18,559 - debug - DEBUG - First 10 preds: [3, 0, 1, 0, 6, 6, 1, 2, 3, 1]
2026-06-16 07:15:18,560 - debug - DEBUG - First 10 targets: [3, 8, 8, 0, 6, 6, 1, 6, 3, 1]
2026-06-16 07:15:18,562 - debug - DEBUG - Unique predicted classes: 10 (first 10: [0 1 2 3 4 5 6 7 8 9])
2026-06-16 07:15:18,562 - debug - DEBUG - Unique target classes: 10 (first 10: [0 1 2 3 4 5 6 7 8 9])
2026-06-16 07:15:18,855 - debug - DEBUG - Device Check - Batch 0
2026-06-16 07:15:18,856 - debug - DEBUG -   Config GPU ID: 1
2026-06-16 07:15:18,856 - debug - DEBUG -   Input Device:  cuda:1
2026-06-16 07:15:18,856 - debug - DEBUG -   Target Device: cuda:1
2026-06-16 07:15:18,856 - debug - DEBUG -   Model Device:  cuda:1
2026-06-16 07:15:18,856 - debug - DEBUG -   Criterion Weight Device: No weights
2026-06-16 07:15:19,403 - debug - DEBUG - Batch 0 grad norm: 1.073272
2026-06-16 07:15:20,526 - debug - DEBUG - Batch 10 grad norm: 0.976815
2026-06-16 07:15:21,665 - debug - DEBUG - Batch 20 grad norm: 1.034759
2026-06-16 07:15:22,787 - debug - DEBUG - Batch 30 grad norm: 1.114149
2026-06-16 07:15:23,946 - debug - DEBUG - Batch 40 grad norm: 1.240403
2026-06-16 07:15:25,063 - debug - DEBUG - Batch 50 grad norm: 1.255336
2026-06-16 07:15:26,046 - debug - DEBUG - Batch 60 grad norm: 0.824964
2026-06-16 07:15:27,205 - debug - DEBUG - Batch 70 grad norm: 0.982319
2026-06-16 07:15:28,296 - debug - DEBUG - Batch 80 grad norm: 1.014912
2026-06-16 07:15:29,401 - debug - DEBUG - Batch 90 grad norm: 1.753771
2026-06-16 07:15:30,557 - debug - DEBUG - Batch 100 grad norm: 1.022400
2026-06-16 07:15:31,638 - debug - DEBUG - Batch 110 grad norm: 1.029031
2026-06-16 07:15:32,792 - debug - DEBUG - Batch 120 grad norm: 0.781974
2026-06-16 07:15:33,935 - debug - DEBUG - Batch 130 grad norm: 1.862361
2026-06-16 07:15:35,078 - debug - DEBUG - Batch 140 grad norm: 1.004684
2026-06-16 07:15:36,262 - debug - DEBUG - Batch 150 grad norm: 1.061024
2026-06-16 07:15:37,371 - debug - DEBUG - Batch 160 grad norm: 1.296876
2026-06-16 07:15:38,510 - debug - DEBUG - Batch 170 grad norm: 1.042764
2026-06-16 07:15:39,619 - debug - DEBUG - Batch 180 grad norm: 0.914435
2026-06-16 07:15:40,736 - debug - DEBUG - Batch 190 grad norm: 1.239949
2026-06-16 07:15:41,111 - debug - DEBUG - compute_metrics_and_record started for epoch 98
2026-06-16 07:15:41,111 - debug - DEBUG - all_preds length: 25000, all_targets length: 25000
2026-06-16 07:15:41,111 - debug - DEBUG - First 10 preds: [8, 7, 9, 7, 4, 0, 3, 7, 8, 9]
2026-06-16 07:15:41,112 - debug - DEBUG - First 10 targets: [8, 5, 9, 7, 4, 0, 3, 7, 8, 9]
2026-06-16 07:15:41,118 - debug - DEBUG - Unique predicted classes: 10 (first 10: [0 1 2 3 4 5 6 7 8 9])
2026-06-16 07:15:41,118 - debug - DEBUG - Unique target classes: 10 (first 10: [0 1 2 3 4 5 6 7 8 9])
2026-06-16 07:15:43,483 - debug - DEBUG - compute_metrics_and_record started for epoch 98
2026-06-16 07:15:43,484 - debug - DEBUG - all_preds length: 10000, all_targets length: 10000
2026-06-16 07:15:43,484 - debug - DEBUG - First 10 preds: [3, 1, 1, 0, 6, 5, 9, 2, 3, 1]
2026-06-16 07:15:43,484 - debug - DEBUG - First 10 targets: [3, 8, 8, 0, 6, 6, 1, 6, 3, 1]
2026-06-16 07:15:43,486 - debug - DEBUG - Unique predicted classes: 10 (first 10: [0 1 2 3 4 5 6 7 8 9])
2026-06-16 07:15:43,486 - debug - DEBUG - Unique target classes: 10 (first 10: [0 1 2 3 4 5 6 7 8 9])
2026-06-16 07:15:43,793 - debug - DEBUG - Device Check - Batch 0
2026-06-16 07:15:43,795 - debug - DEBUG -   Config GPU ID: 1
2026-06-16 07:15:43,795 - debug - DEBUG -   Input Device:  cuda:1
2026-06-16 07:15:43,795 - debug - DEBUG -   Target Device: cuda:1
2026-06-16 07:15:43,796 - debug - DEBUG -   Model Device:  cuda:1
2026-06-16 07:15:43,796 - debug - DEBUG -   Criterion Weight Device: No weights
2026-06-16 07:15:44,308 - debug - DEBUG - Batch 0 grad norm: 1.041915
2026-06-16 07:15:45,414 - debug - DEBUG - Batch 10 grad norm: 1.141685
2026-06-16 07:15:46,543 - debug - DEBUG - Batch 20 grad norm: 1.073298
2026-06-16 07:15:47,652 - debug - DEBUG - Batch 30 grad norm: 1.192778
2026-06-16 07:15:48,761 - debug - DEBUG - Batch 40 grad norm: 0.967042
2026-06-16 07:15:49,834 - debug - DEBUG - Batch 50 grad norm: 1.092894
2026-06-16 07:15:50,931 - debug - DEBUG - Batch 60 grad norm: 1.216593
2026-06-16 07:15:52,030 - debug - DEBUG - Batch 70 grad norm: 0.824797
2026-06-16 07:15:53,121 - debug - DEBUG - Batch 80 grad norm: 1.283971
2026-06-16 07:15:54,220 - debug - DEBUG - Batch 90 grad norm: 1.381728
2026-06-16 07:15:55,318 - debug - DEBUG - Batch 100 grad norm: 1.640719
2026-06-16 07:15:56,312 - debug - DEBUG - Batch 110 grad norm: 1.284342
2026-06-16 07:15:57,524 - debug - DEBUG - Batch 120 grad norm: 0.949286
2026-06-16 07:15:58,519 - debug - DEBUG - Batch 130 grad norm: 1.105898
2026-06-16 07:15:59,631 - debug - DEBUG - Batch 140 grad norm: 1.472315
2026-06-16 07:16:00,776 - debug - DEBUG - Batch 150 grad norm: 1.491772
2026-06-16 07:16:01,950 - debug - DEBUG - Batch 160 grad norm: 1.314828
2026-06-16 07:16:02,952 - debug - DEBUG - Batch 170 grad norm: 1.316168
2026-06-16 07:16:04,024 - debug - DEBUG - Batch 180 grad norm: 1.312272
2026-06-16 07:16:05,131 - debug - DEBUG - Batch 190 grad norm: 0.908395
2026-06-16 07:16:05,526 - debug - DEBUG - compute_metrics_and_record started for epoch 99
2026-06-16 07:16:05,526 - debug - DEBUG - all_preds length: 25000, all_targets length: 25000
2026-06-16 07:16:05,526 - debug - DEBUG - First 10 preds: [5, 0, 2, 9, 6, 0, 1, 0, 4, 0]
2026-06-16 07:16:05,526 - debug - DEBUG - First 10 targets: [5, 0, 2, 9, 6, 0, 1, 0, 4, 0]
2026-06-16 07:16:05,535 - debug - DEBUG - Unique predicted classes: 10 (first 10: [0 1 2 3 4 5 6 7 8 9])
2026-06-16 07:16:05,536 - debug - DEBUG - Unique target classes: 10 (first 10: [0 1 2 3 4 5 6 7 8 9])
2026-06-16 07:16:07,851 - debug - DEBUG - compute_metrics_and_record started for epoch 99
2026-06-16 07:16:07,851 - debug - DEBUG - all_preds length: 10000, all_targets length: 10000
2026-06-16 07:16:07,851 - debug - DEBUG - First 10 preds: [3, 8, 8, 0, 6, 6, 1, 6, 3, 1]
2026-06-16 07:16:07,851 - debug - DEBUG - First 10 targets: [3, 8, 8, 0, 6, 6, 1, 6, 3, 1]
2026-06-16 07:16:07,854 - debug - DEBUG - Unique predicted classes: 10 (first 10: [0 1 2 3 4 5 6 7 8 9])
2026-06-16 07:16:07,854 - debug - DEBUG - Unique target classes: 10 (first 10: [0 1 2 3 4 5 6 7 8 9])
2026-06-16 07:16:08,138 - debug - DEBUG - Device Check - Batch 0
2026-06-16 07:16:08,139 - debug - DEBUG -   Config GPU ID: 1
2026-06-16 07:16:08,139 - debug - DEBUG -   Input Device:  cuda:1
2026-06-16 07:16:08,139 - debug - DEBUG -   Target Device: cuda:1
2026-06-16 07:16:08,140 - debug - DEBUG -   Model Device:  cuda:1
2026-06-16 07:16:08,140 - debug - DEBUG -   Criterion Weight Device: No weights
2026-06-16 07:16:08,602 - debug - DEBUG - Batch 0 grad norm: 0.794110
2026-06-16 07:16:09,695 - debug - DEBUG - Batch 10 grad norm: 0.854197
2026-06-16 07:16:10,832 - debug - DEBUG - Batch 20 grad norm: 1.033799
2026-06-16 07:16:11,911 - debug - DEBUG - Batch 30 grad norm: 1.164209
2026-06-16 07:16:13,039 - debug - DEBUG - Batch 40 grad norm: 1.026837
2026-06-16 07:16:14,123 - debug - DEBUG - Batch 50 grad norm: 0.981028
2026-06-16 07:16:15,252 - debug - DEBUG - Batch 60 grad norm: 1.029686
2026-06-16 07:16:16,361 - debug - DEBUG - Batch 70 grad norm: 1.048562
2026-06-16 07:16:17,486 - debug - DEBUG - Batch 80 grad norm: 0.854025
2026-06-16 07:16:18,615 - debug - DEBUG - Batch 90 grad norm: 0.976615
2026-06-16 07:16:19,736 - debug - DEBUG - Batch 100 grad norm: 1.116934
2026-06-16 07:16:20,732 - debug - DEBUG - Batch 110 grad norm: 1.339159
2026-06-16 07:16:21,842 - debug - DEBUG - Batch 120 grad norm: 1.030540
2026-06-16 07:16:23,018 - debug - DEBUG - Batch 130 grad norm: 1.191629
2026-06-16 07:16:23,971 - debug - DEBUG - Batch 140 grad norm: 0.961158
2026-06-16 07:16:25,098 - debug - DEBUG - Batch 150 grad norm: 1.499247
2026-06-16 07:16:26,220 - debug - DEBUG - Batch 160 grad norm: 1.302874
2026-06-16 07:16:27,347 - debug - DEBUG - Batch 170 grad norm: 1.076344
2026-06-16 07:16:28,439 - debug - DEBUG - Batch 180 grad norm: 1.234391
2026-06-16 07:16:29,596 - debug - DEBUG - Batch 190 grad norm: 1.109274
2026-06-16 07:16:29,972 - debug - DEBUG - compute_metrics_and_record started for epoch 100
2026-06-16 07:16:29,973 - debug - DEBUG - all_preds length: 25000, all_targets length: 25000
2026-06-16 07:16:29,973 - debug - DEBUG - First 10 preds: [6, 3, 9, 2, 6, 4, 8, 8, 3, 3]
2026-06-16 07:16:29,973 - debug - DEBUG - First 10 targets: [6, 0, 9, 2, 6, 4, 8, 8, 3, 3]
2026-06-16 07:16:29,979 - debug - DEBUG - Unique predicted classes: 10 (first 10: [0 1 2 3 4 5 6 7 8 9])
2026-06-16 07:16:29,979 - debug - DEBUG - Unique target classes: 10 (first 10: [0 1 2 3 4 5 6 7 8 9])
2026-06-16 07:16:32,299 - debug - DEBUG - compute_metrics_and_record started for epoch 100
2026-06-16 07:16:32,299 - debug - DEBUG - all_preds length: 10000, all_targets length: 10000
2026-06-16 07:16:32,300 - debug - DEBUG - First 10 preds: [3, 1, 1, 0, 6, 3, 1, 6, 3, 1]
2026-06-16 07:16:32,300 - debug - DEBUG - First 10 targets: [3, 8, 8, 0, 6, 6, 1, 6, 3, 1]
2026-06-16 07:16:32,302 - debug - DEBUG - Unique predicted classes: 10 (first 10: [0 1 2 3 4 5 6 7 8 9])
2026-06-16 07:16:32,302 - debug - DEBUG - Unique target classes: 10 (first 10: [0 1 2 3 4 5 6 7 8 9])
2026-06-16 07:16:32,595 - debug - DEBUG - Device Check - Batch 0
2026-06-16 07:16:32,596 - debug - DEBUG -   Config GPU ID: 1
2026-06-16 07:16:32,596 - debug - DEBUG -   Input Device:  cuda:1
2026-06-16 07:16:32,596 - debug - DEBUG -   Target Device: cuda:1
2026-06-16 07:16:32,597 - debug - DEBUG -   Model Device:  cuda:1
2026-06-16 07:16:32,597 - debug - DEBUG -   Criterion Weight Device: No weights
2026-06-16 07:16:33,168 - debug - DEBUG - Batch 0 grad norm: 1.112653
2026-06-16 07:16:34,150 - debug - DEBUG - Batch 10 grad norm: 1.007902
2026-06-16 07:16:35,404 - debug - DEBUG - Batch 20 grad norm: 1.068125
2026-06-16 07:16:36,482 - debug - DEBUG - Batch 30 grad norm: 0.579121
2026-06-16 07:16:37,653 - debug - DEBUG - Batch 40 grad norm: 1.048407
2026-06-16 07:16:38,805 - debug - DEBUG - Batch 50 grad norm: 1.305534
2026-06-16 07:16:39,958 - debug - DEBUG - Batch 60 grad norm: 1.185023
2026-06-16 07:16:41,108 - debug - DEBUG - Batch 70 grad norm: 1.164764
2026-06-16 07:16:42,273 - debug - DEBUG - Batch 80 grad norm: 1.082027
2026-06-16 07:16:43,441 - debug - DEBUG - Batch 90 grad norm: 1.085713
2026-06-16 07:16:44,594 - debug - DEBUG - Batch 100 grad norm: 1.251060
2026-06-16 07:16:45,624 - debug - DEBUG - Batch 110 grad norm: 1.350690
2026-06-16 07:16:46,853 - debug - DEBUG - Batch 120 grad norm: 1.328987
2026-06-16 07:16:47,953 - debug - DEBUG - Batch 130 grad norm: 1.271998
2026-06-16 07:16:49,086 - debug - DEBUG - Batch 140 grad norm: 1.035466
2026-06-16 07:16:50,224 - debug - DEBUG - Batch 150 grad norm: 1.072531
2026-06-16 07:16:51,371 - debug - DEBUG - Batch 160 grad norm: 1.034363
2026-06-16 07:16:52,512 - debug - DEBUG - Batch 170 grad norm: 0.859179
2026-06-16 07:16:53,703 - debug - DEBUG - Batch 180 grad norm: 0.921960
2026-06-16 07:16:54,860 - debug - DEBUG - Batch 190 grad norm: 1.094018
2026-06-16 07:16:55,159 - debug - DEBUG - compute_metrics_and_record started for epoch 101
2026-06-16 07:16:55,159 - debug - DEBUG - all_preds length: 25000, all_targets length: 25000
2026-06-16 07:16:55,159 - debug - DEBUG - First 10 preds: [0, 9, 6, 1, 1, 7, 1, 7, 0, 0]
2026-06-16 07:16:55,159 - debug - DEBUG - First 10 targets: [0, 9, 6, 1, 1, 7, 1, 7, 9, 8]
2026-06-16 07:16:55,167 - debug - DEBUG - Unique predicted classes: 10 (first 10: [0 1 2 3 4 5 6 7 8 9])
2026-06-16 07:16:55,167 - debug - DEBUG - Unique target classes: 10 (first 10: [0 1 2 3 4 5 6 7 8 9])
2026-06-16 07:16:57,468 - debug - DEBUG - compute_metrics_and_record started for epoch 101
2026-06-16 07:16:57,468 - debug - DEBUG - all_preds length: 10000, all_targets length: 10000
2026-06-16 07:16:57,468 - debug - DEBUG - First 10 preds: [3, 1, 1, 0, 6, 6, 1, 6, 3, 1]
2026-06-16 07:16:57,468 - debug - DEBUG - First 10 targets: [3, 8, 8, 0, 6, 6, 1, 6, 3, 1]
2026-06-16 07:16:57,471 - debug - DEBUG - Unique predicted classes: 10 (first 10: [0 1 2 3 4 5 6 7 8 9])
2026-06-16 07:16:57,471 - debug - DEBUG - Unique target classes: 10 (first 10: [0 1 2 3 4 5 6 7 8 9])
2026-06-16 07:16:57,785 - debug - DEBUG - Device Check - Batch 0
2026-06-16 07:16:57,786 - debug - DEBUG -   Config GPU ID: 1
2026-06-16 07:16:57,786 - debug - DEBUG -   Input Device:  cuda:1
2026-06-16 07:16:57,786 - debug - DEBUG -   Target Device: cuda:1
2026-06-16 07:16:57,787 - debug - DEBUG -   Model Device:  cuda:1
2026-06-16 07:16:57,787 - debug - DEBUG -   Criterion Weight Device: No weights
2026-06-16 07:16:58,307 - debug - DEBUG - Batch 0 grad norm: 1.515994
2026-06-16 07:16:59,429 - debug - DEBUG - Batch 10 grad norm: 1.166306
2026-06-16 07:17:00,551 - debug - DEBUG - Batch 20 grad norm: 0.981898
2026-06-16 07:17:01,676 - debug - DEBUG - Batch 30 grad norm: 1.331887
2026-06-16 07:17:02,813 - debug - DEBUG - Batch 40 grad norm: 0.784074
2026-06-16 07:17:03,942 - debug - DEBUG - Batch 50 grad norm: 1.085277
2026-06-16 07:17:05,037 - debug - DEBUG - Batch 60 grad norm: 1.064473
2026-06-16 07:17:06,158 - debug - DEBUG - Batch 70 grad norm: 1.241161
2026-06-16 07:17:07,280 - debug - DEBUG - Batch 80 grad norm: 1.049301
2026-06-16 07:17:08,301 - debug - DEBUG - Batch 90 grad norm: 1.309114
2026-06-16 07:17:09,492 - debug - DEBUG - Batch 100 grad norm: 1.111607
2026-06-16 07:17:10,520 - debug - DEBUG - Batch 110 grad norm: 1.078258
2026-06-16 07:17:11,641 - debug - DEBUG - Batch 120 grad norm: 1.099293
2026-06-16 07:17:12,704 - debug - DEBUG - Batch 130 grad norm: 0.942696
2026-06-16 07:17:13,798 - debug - DEBUG - Batch 140 grad norm: 1.093849
2026-06-16 07:17:14,925 - debug - DEBUG - Batch 150 grad norm: 1.004620
2026-06-16 07:17:16,054 - debug - DEBUG - Batch 160 grad norm: 0.800011
2026-06-16 07:17:17,218 - debug - DEBUG - Batch 170 grad norm: 1.109435
2026-06-16 07:17:18,403 - debug - DEBUG - Batch 180 grad norm: 1.073526
2026-06-16 07:17:19,537 - debug - DEBUG - Batch 190 grad norm: 1.021756
2026-06-16 07:17:19,941 - debug - DEBUG - compute_metrics_and_record started for epoch 102
2026-06-16 07:17:19,941 - debug - DEBUG - all_preds length: 25000, all_targets length: 25000
2026-06-16 07:17:19,941 - debug - DEBUG - First 10 preds: [1, 1, 4, 0, 6, 5, 2, 7, 0, 8]
2026-06-16 07:17:19,941 - debug - DEBUG - First 10 targets: [1, 1, 0, 0, 6, 5, 2, 7, 0, 8]
2026-06-16 07:17:19,951 - debug - DEBUG - Unique predicted classes: 10 (first 10: [0 1 2 3 4 5 6 7 8 9])
2026-06-16 07:17:19,952 - debug - DEBUG - Unique target classes: 10 (first 10: [0 1 2 3 4 5 6 7 8 9])
2026-06-16 07:17:22,303 - debug - DEBUG - compute_metrics_and_record started for epoch 102
2026-06-16 07:17:22,303 - debug - DEBUG - all_preds length: 10000, all_targets length: 10000
2026-06-16 07:17:22,304 - debug - DEBUG - First 10 preds: [3, 8, 1, 0, 6, 6, 1, 6, 3, 1]
2026-06-16 07:17:22,304 - debug - DEBUG - First 10 targets: [3, 8, 8, 0, 6, 6, 1, 6, 3, 1]
2026-06-16 07:17:22,306 - debug - DEBUG - Unique predicted classes: 10 (first 10: [0 1 2 3 4 5 6 7 8 9])
2026-06-16 07:17:22,306 - debug - DEBUG - Unique target classes: 10 (first 10: [0 1 2 3 4 5 6 7 8 9])
2026-06-16 07:17:22,547 - debug - DEBUG - Device Check - Batch 0
2026-06-16 07:17:22,548 - debug - DEBUG -   Config GPU ID: 1
2026-06-16 07:17:22,548 - debug - DEBUG -   Input Device:  cuda:1
2026-06-16 07:17:22,548 - debug - DEBUG -   Target Device: cuda:1
2026-06-16 07:17:22,549 - debug - DEBUG -   Model Device:  cuda:1
2026-06-16 07:17:22,549 - debug - DEBUG -   Criterion Weight Device: No weights
2026-06-16 07:17:23,121 - debug - DEBUG - Batch 0 grad norm: 1.114085
2026-06-16 07:17:24,237 - debug - DEBUG - Batch 10 grad norm: 1.207894
2026-06-16 07:17:25,326 - debug - DEBUG - Batch 20 grad norm: 1.124480
2026-06-16 07:17:26,422 - debug - DEBUG - Batch 30 grad norm: 0.964393
2026-06-16 07:17:27,501 - debug - DEBUG - Batch 40 grad norm: 1.095089
2026-06-16 07:17:28,642 - debug - DEBUG - Batch 50 grad norm: 1.206538
2026-06-16 07:17:29,753 - debug - DEBUG - Batch 60 grad norm: 1.178562
2026-06-16 07:17:30,883 - debug - DEBUG - Batch 70 grad norm: 1.065196
2026-06-16 07:17:31,989 - debug - DEBUG - Batch 80 grad norm: 1.417292
2026-06-16 07:17:33,121 - debug - DEBUG - Batch 90 grad norm: 1.419450
2026-06-16 07:17:34,201 - debug - DEBUG - Batch 100 grad norm: 1.083795
2026-06-16 07:17:35,202 - debug - DEBUG - Batch 110 grad norm: 1.184730
2026-06-16 07:17:36,360 - debug - DEBUG - Batch 120 grad norm: 1.290252
2026-06-16 07:17:37,463 - debug - DEBUG - Batch 130 grad norm: 1.372815
2026-06-16 07:17:38,428 - debug - DEBUG - Batch 140 grad norm: 1.289843
2026-06-16 07:17:39,528 - debug - DEBUG - Batch 150 grad norm: 1.010803
2026-06-16 07:17:40,634 - debug - DEBUG - Batch 160 grad norm: 1.275353
2026-06-16 07:17:41,739 - debug - DEBUG - Batch 170 grad norm: 0.977062
2026-06-16 07:17:42,776 - debug - DEBUG - Batch 180 grad norm: 1.053824
2026-06-16 07:17:43,975 - debug - DEBUG - Batch 190 grad norm: 1.204050
2026-06-16 07:17:44,398 - debug - DEBUG - compute_metrics_and_record started for epoch 103
2026-06-16 07:17:44,398 - debug - DEBUG - all_preds length: 25000, all_targets length: 25000
2026-06-16 07:17:44,398 - debug - DEBUG - First 10 preds: [5, 8, 9, 9, 0, 0, 7, 2, 1, 4]
2026-06-16 07:17:44,398 - debug - DEBUG - First 10 targets: [5, 8, 9, 9, 0, 0, 7, 2, 1, 4]
2026-06-16 07:17:44,403 - debug - DEBUG - Unique predicted classes: 10 (first 10: [0 1 2 3 4 5 6 7 8 9])
2026-06-16 07:17:44,403 - debug - DEBUG - Unique target classes: 10 (first 10: [0 1 2 3 4 5 6 7 8 9])
2026-06-16 07:17:46,594 - debug - DEBUG - compute_metrics_and_record started for epoch 103
2026-06-16 07:17:46,594 - debug - DEBUG - all_preds length: 10000, all_targets length: 10000
2026-06-16 07:17:46,594 - debug - DEBUG - First 10 preds: [3, 8, 8, 8, 6, 6, 1, 3, 3, 1]
2026-06-16 07:17:46,594 - debug - DEBUG - First 10 targets: [3, 8, 8, 0, 6, 6, 1, 6, 3, 1]
2026-06-16 07:17:46,597 - debug - DEBUG - Unique predicted classes: 10 (first 10: [0 1 2 3 4 5 6 7 8 9])
2026-06-16 07:17:46,597 - debug - DEBUG - Unique target classes: 10 (first 10: [0 1 2 3 4 5 6 7 8 9])
2026-06-16 07:17:46,836 - debug - DEBUG - Device Check - Batch 0
2026-06-16 07:17:46,837 - debug - DEBUG -   Config GPU ID: 1
2026-06-16 07:17:46,837 - debug - DEBUG -   Input Device:  cuda:1
2026-06-16 07:17:46,837 - debug - DEBUG -   Target Device: cuda:1
2026-06-16 07:17:46,838 - debug - DEBUG -   Model Device:  cuda:1
2026-06-16 07:17:46,838 - debug - DEBUG -   Criterion Weight Device: No weights
2026-06-16 07:17:47,356 - debug - DEBUG - Batch 0 grad norm: 0.980304
2026-06-16 07:17:48,464 - debug - DEBUG - Batch 10 grad norm: 1.095185
2026-06-16 07:17:49,605 - debug - DEBUG - Batch 20 grad norm: 0.896343
2026-06-16 07:17:50,718 - debug - DEBUG - Batch 30 grad norm: 1.245886
2026-06-16 07:17:51,844 - debug - DEBUG - Batch 40 grad norm: 1.329415
2026-06-16 07:17:52,978 - debug - DEBUG - Batch 50 grad norm: 1.195576
2026-06-16 07:17:54,104 - debug - DEBUG - Batch 60 grad norm: 0.957290
2026-06-16 07:17:55,187 - debug - DEBUG - Batch 70 grad norm: 1.193315
2026-06-16 07:17:56,307 - debug - DEBUG - Batch 80 grad norm: 1.098348
2026-06-16 07:17:57,478 - debug - DEBUG - Batch 90 grad norm: 1.283765
2026-06-16 07:17:58,616 - debug - DEBUG - Batch 100 grad norm: 1.120835
2026-06-16 07:17:59,750 - debug - DEBUG - Batch 110 grad norm: 1.177670
2026-06-16 07:18:00,871 - debug - DEBUG - Batch 120 grad norm: 0.906565
2026-06-16 07:18:02,050 - debug - DEBUG - Batch 130 grad norm: 1.120650
2026-06-16 07:18:03,028 - debug - DEBUG - Batch 140 grad norm: 1.329377
2026-06-16 07:18:04,179 - debug - DEBUG - Batch 150 grad norm: 1.015074
2026-06-16 07:18:05,260 - debug - DEBUG - Batch 160 grad norm: 0.964944
2026-06-16 07:18:06,388 - debug - DEBUG - Batch 170 grad norm: 1.020031
2026-06-16 07:18:07,460 - debug - DEBUG - Batch 180 grad norm: 1.368962
2026-06-16 07:18:08,577 - debug - DEBUG - Batch 190 grad norm: 1.107660
2026-06-16 07:18:09,026 - debug - DEBUG - compute_metrics_and_record started for epoch 104
2026-06-16 07:18:09,027 - debug - DEBUG - all_preds length: 25000, all_targets length: 25000
2026-06-16 07:18:09,027 - debug - DEBUG - First 10 preds: [6, 8, 5, 8, 0, 5, 8, 3, 0, 2]
2026-06-16 07:18:09,027 - debug - DEBUG - First 10 targets: [6, 8, 5, 8, 0, 5, 6, 3, 0, 2]
2026-06-16 07:18:09,032 - debug - DEBUG - Unique predicted classes: 10 (first 10: [0 1 2 3 4 5 6 7 8 9])
2026-06-16 07:18:09,032 - debug - DEBUG - Unique target classes: 10 (first 10: [0 1 2 3 4 5 6 7 8 9])
2026-06-16 07:18:11,415 - debug - DEBUG - compute_metrics_and_record started for epoch 104
2026-06-16 07:18:11,415 - debug - DEBUG - all_preds length: 10000, all_targets length: 10000
2026-06-16 07:18:11,415 - debug - DEBUG - First 10 preds: [3, 1, 1, 0, 6, 5, 1, 6, 3, 1]
2026-06-16 07:18:11,415 - debug - DEBUG - First 10 targets: [3, 8, 8, 0, 6, 6, 1, 6, 3, 1]
2026-06-16 07:18:11,418 - debug - DEBUG - Unique predicted classes: 10 (first 10: [0 1 2 3 4 5 6 7 8 9])
2026-06-16 07:18:11,418 - debug - DEBUG - Unique target classes: 10 (first 10: [0 1 2 3 4 5 6 7 8 9])
2026-06-16 07:18:11,687 - debug - DEBUG - Device Check - Batch 0
2026-06-16 07:18:11,688 - debug - DEBUG -   Config GPU ID: 1
2026-06-16 07:18:11,688 - debug - DEBUG -   Input Device:  cuda:1
2026-06-16 07:18:11,688 - debug - DEBUG -   Target Device: cuda:1
2026-06-16 07:18:11,688 - debug - DEBUG -   Model Device:  cuda:1
2026-06-16 07:18:11,688 - debug - DEBUG -   Criterion Weight Device: No weights
2026-06-16 07:18:12,285 - debug - DEBUG - Batch 0 grad norm: 1.015073
2026-06-16 07:18:13,422 - debug - DEBUG - Batch 10 grad norm: 0.776690
2026-06-16 07:18:14,548 - debug - DEBUG - Batch 20 grad norm: 1.151436
2026-06-16 07:18:15,707 - debug - DEBUG - Batch 30 grad norm: 1.143046
2026-06-16 07:18:16,729 - debug - DEBUG - Batch 40 grad norm: 1.109203
2026-06-16 07:18:17,953 - debug - DEBUG - Batch 50 grad norm: 1.178808
2026-06-16 07:18:18,982 - debug - DEBUG - Batch 60 grad norm: 1.178608
2026-06-16 07:18:20,088 - debug - DEBUG - Batch 70 grad norm: 0.471439
2026-06-16 07:18:21,204 - debug - DEBUG - Batch 80 grad norm: 1.164681
2026-06-16 07:18:22,336 - debug - DEBUG - Batch 90 grad norm: 0.950334
2026-06-16 07:18:23,482 - debug - DEBUG - Batch 100 grad norm: 1.018953
2026-06-16 07:18:24,533 - debug - DEBUG - Batch 110 grad norm: 0.595782
2026-06-16 07:18:25,740 - debug - DEBUG - Batch 120 grad norm: 1.064954
2026-06-16 07:18:26,825 - debug - DEBUG - Batch 130 grad norm: 0.867073
2026-06-16 07:18:27,963 - debug - DEBUG - Batch 140 grad norm: 0.978342
2026-06-16 07:18:29,100 - debug - DEBUG - Batch 150 grad norm: 1.052400
2026-06-16 07:18:30,247 - debug - DEBUG - Batch 160 grad norm: 1.493591
2026-06-16 07:18:31,392 - debug - DEBUG - Batch 170 grad norm: 1.582072
2026-06-16 07:18:32,537 - debug - DEBUG - Batch 180 grad norm: 1.324033
2026-06-16 07:18:33,689 - debug - DEBUG - Batch 190 grad norm: 1.077180
2026-06-16 07:18:33,974 - debug - DEBUG - compute_metrics_and_record started for epoch 105
2026-06-16 07:18:33,975 - debug - DEBUG - all_preds length: 25000, all_targets length: 25000
2026-06-16 07:18:33,975 - debug - DEBUG - First 10 preds: [4, 2, 9, 2, 0, 6, 7, 7, 0, 1]
2026-06-16 07:18:33,975 - debug - DEBUG - First 10 targets: [4, 2, 9, 2, 0, 6, 7, 7, 0, 1]
2026-06-16 07:18:33,981 - debug - DEBUG - Unique predicted classes: 10 (first 10: [0 1 2 3 4 5 6 7 8 9])
2026-06-16 07:18:33,981 - debug - DEBUG - Unique target classes: 10 (first 10: [0 1 2 3 4 5 6 7 8 9])
2026-06-16 07:18:36,278 - debug - DEBUG - compute_metrics_and_record started for epoch 105
2026-06-16 07:18:36,279 - debug - DEBUG - all_preds length: 10000, all_targets length: 10000
2026-06-16 07:18:36,279 - debug - DEBUG - First 10 preds: [3, 8, 8, 8, 6, 5, 1, 6, 3, 1]
2026-06-16 07:18:36,279 - debug - DEBUG - First 10 targets: [3, 8, 8, 0, 6, 6, 1, 6, 3, 1]
2026-06-16 07:18:36,281 - debug - DEBUG - Unique predicted classes: 10 (first 10: [0 1 2 3 4 5 6 7 8 9])
2026-06-16 07:18:36,281 - debug - DEBUG - Unique target classes: 10 (first 10: [0 1 2 3 4 5 6 7 8 9])
2026-06-16 07:18:36,561 - debug - DEBUG - Device Check - Batch 0
2026-06-16 07:18:36,562 - debug - DEBUG -   Config GPU ID: 1
2026-06-16 07:18:36,562 - debug - DEBUG -   Input Device:  cuda:1
2026-06-16 07:18:36,562 - debug - DEBUG -   Target Device: cuda:1
2026-06-16 07:18:36,562 - debug - DEBUG -   Model Device:  cuda:1
2026-06-16 07:18:36,562 - debug - DEBUG -   Criterion Weight Device: No weights
2026-06-16 07:18:37,065 - debug - DEBUG - Batch 0 grad norm: 1.139813
2026-06-16 07:18:38,189 - debug - DEBUG - Batch 10 grad norm: 1.259946
2026-06-16 07:18:39,329 - debug - DEBUG - Batch 20 grad norm: 1.253164
2026-06-16 07:18:40,432 - debug - DEBUG - Batch 30 grad norm: 1.618323
2026-06-16 07:18:41,513 - debug - DEBUG - Batch 40 grad norm: 1.159436
2026-06-16 07:18:42,622 - debug - DEBUG - Batch 50 grad norm: 1.027613
2026-06-16 07:18:43,714 - debug - DEBUG - Batch 60 grad norm: 1.012537
2026-06-16 07:18:44,829 - debug - DEBUG - Batch 70 grad norm: 1.255255
2026-06-16 07:18:45,923 - debug - DEBUG - Batch 80 grad norm: 1.170449
2026-06-16 07:18:47,034 - debug - DEBUG - Batch 90 grad norm: 1.177490
2026-06-16 07:18:48,163 - debug - DEBUG - Batch 100 grad norm: 1.251008
2026-06-16 07:18:49,228 - debug - DEBUG - Batch 110 grad norm: 1.439601
2026-06-16 07:18:50,347 - debug - DEBUG - Batch 120 grad norm: 1.415473
2026-06-16 07:18:51,465 - debug - DEBUG - Batch 130 grad norm: 0.931970
2026-06-16 07:18:52,602 - debug - DEBUG - Batch 140 grad norm: 1.045590
2026-06-16 07:18:53,649 - debug - DEBUG - Batch 150 grad norm: 1.174300
2026-06-16 07:18:54,782 - debug - DEBUG - Batch 160 grad norm: 1.175511
2026-06-16 07:18:55,909 - debug - DEBUG - Batch 170 grad norm: 1.327991
2026-06-16 07:18:56,991 - debug - DEBUG - Batch 180 grad norm: 1.341652
2026-06-16 07:18:58,114 - debug - DEBUG - Batch 190 grad norm: 1.267924
2026-06-16 07:18:58,506 - debug - DEBUG - compute_metrics_and_record started for epoch 106
2026-06-16 07:18:58,507 - debug - DEBUG - all_preds length: 25000, all_targets length: 25000
2026-06-16 07:18:58,507 - debug - DEBUG - First 10 preds: [6, 4, 4, 7, 1, 1, 3, 6, 6, 5]
2026-06-16 07:18:58,507 - debug - DEBUG - First 10 targets: [6, 4, 4, 7, 1, 1, 3, 6, 6, 5]
2026-06-16 07:18:58,512 - debug - DEBUG - Unique predicted classes: 10 (first 10: [0 1 2 3 4 5 6 7 8 9])
2026-06-16 07:18:58,513 - debug - DEBUG - Unique target classes: 10 (first 10: [0 1 2 3 4 5 6 7 8 9])
2026-06-16 07:19:00,844 - debug - DEBUG - compute_metrics_and_record started for epoch 106
2026-06-16 07:19:00,844 - debug - DEBUG - all_preds length: 10000, all_targets length: 10000
2026-06-16 07:19:00,845 - debug - DEBUG - First 10 preds: [3, 1, 1, 0, 6, 5, 1, 6, 3, 1]
2026-06-16 07:19:00,845 - debug - DEBUG - First 10 targets: [3, 8, 8, 0, 6, 6, 1, 6, 3, 1]
2026-06-16 07:19:00,847 - debug - DEBUG - Unique predicted classes: 10 (first 10: [0 1 2 3 4 5 6 7 8 9])
2026-06-16 07:19:00,847 - debug - DEBUG - Unique target classes: 10 (first 10: [0 1 2 3 4 5 6 7 8 9])
2026-06-16 07:19:01,094 - debug - DEBUG - Device Check - Batch 0
2026-06-16 07:19:01,095 - debug - DEBUG -   Config GPU ID: 1
2026-06-16 07:19:01,095 - debug - DEBUG -   Input Device:  cuda:1
2026-06-16 07:19:01,095 - debug - DEBUG -   Target Device: cuda:1
2026-06-16 07:19:01,096 - debug - DEBUG -   Model Device:  cuda:1
2026-06-16 07:19:01,096 - debug - DEBUG -   Criterion Weight Device: No weights
2026-06-16 07:19:01,684 - debug - DEBUG - Batch 0 grad norm: 1.346733
2026-06-16 07:19:02,760 - debug - DEBUG - Batch 10 grad norm: 0.863436
2026-06-16 07:19:03,901 - debug - DEBUG - Batch 20 grad norm: 1.552053
2026-06-16 07:19:05,014 - debug - DEBUG - Batch 30 grad norm: 0.921944
2026-06-16 07:19:06,113 - debug - DEBUG - Batch 40 grad norm: 0.878075
2026-06-16 07:19:07,204 - debug - DEBUG - Batch 50 grad norm: 1.044805
2026-06-16 07:19:08,299 - debug - DEBUG - Batch 60 grad norm: 1.072234
2026-06-16 07:19:09,397 - debug - DEBUG - Batch 70 grad norm: 0.845672
2026-06-16 07:19:10,478 - debug - DEBUG - Batch 80 grad norm: 0.924083
2026-06-16 07:19:11,633 - debug - DEBUG - Batch 90 grad norm: 0.798007
2026-06-16 07:19:12,775 - debug - DEBUG - Batch 100 grad norm: 1.365155
2026-06-16 07:19:13,829 - debug - DEBUG - Batch 110 grad norm: 0.959740
2026-06-16 07:19:14,974 - debug - DEBUG - Batch 120 grad norm: 0.829416
2026-06-16 07:19:16,113 - debug - DEBUG - Batch 130 grad norm: 0.903483
2026-06-16 07:19:17,082 - debug - DEBUG - Batch 140 grad norm: 1.264020
2026-06-16 07:19:18,201 - debug - DEBUG - Batch 150 grad norm: 1.376230
2026-06-16 07:19:19,282 - debug - DEBUG - Batch 160 grad norm: 1.217174
2026-06-16 07:19:20,386 - debug - DEBUG - Batch 170 grad norm: 0.799223
2026-06-16 07:19:21,483 - debug - DEBUG - Batch 180 grad norm: 1.265602
2026-06-16 07:19:22,577 - debug - DEBUG - Batch 190 grad norm: 1.186053
2026-06-16 07:19:22,957 - debug - DEBUG - compute_metrics_and_record started for epoch 107
2026-06-16 07:19:22,958 - debug - DEBUG - all_preds length: 25000, all_targets length: 25000
2026-06-16 07:19:22,958 - debug - DEBUG - First 10 preds: [5, 0, 2, 3, 7, 5, 6, 1, 8, 3]
2026-06-16 07:19:22,958 - debug - DEBUG - First 10 targets: [5, 0, 2, 0, 7, 0, 6, 1, 8, 3]
2026-06-16 07:19:22,964 - debug - DEBUG - Unique predicted classes: 10 (first 10: [0 1 2 3 4 5 6 7 8 9])
2026-06-16 07:19:22,964 - debug - DEBUG - Unique target classes: 10 (first 10: [0 1 2 3 4 5 6 7 8 9])
2026-06-16 07:19:25,090 - debug - DEBUG - compute_metrics_and_record started for epoch 107
2026-06-16 07:19:25,091 - debug - DEBUG - all_preds length: 10000, all_targets length: 10000
2026-06-16 07:19:25,091 - debug - DEBUG - First 10 preds: [3, 1, 8, 2, 6, 3, 1, 6, 3, 1]
2026-06-16 07:19:25,091 - debug - DEBUG - First 10 targets: [3, 8, 8, 0, 6, 6, 1, 6, 3, 1]
2026-06-16 07:19:25,094 - debug - DEBUG - Unique predicted classes: 10 (first 10: [0 1 2 3 4 5 6 7 8 9])
2026-06-16 07:19:25,094 - debug - DEBUG - Unique target classes: 10 (first 10: [0 1 2 3 4 5 6 7 8 9])
2026-06-16 07:19:25,333 - debug - DEBUG - Device Check - Batch 0
2026-06-16 07:19:25,334 - debug - DEBUG -   Config GPU ID: 1
2026-06-16 07:19:25,334 - debug - DEBUG -   Input Device:  cuda:1
2026-06-16 07:19:25,334 - debug - DEBUG -   Target Device: cuda:1
2026-06-16 07:19:25,335 - debug - DEBUG -   Model Device:  cuda:1
2026-06-16 07:19:25,335 - debug - DEBUG -   Criterion Weight Device: No weights
2026-06-16 07:19:25,794 - debug - DEBUG - Batch 0 grad norm: 1.276429
2026-06-16 07:19:26,795 - debug - DEBUG - Batch 10 grad norm: 1.193247
2026-06-16 07:19:27,906 - debug - DEBUG - Batch 20 grad norm: 0.838148
2026-06-16 07:19:29,003 - debug - DEBUG - Batch 30 grad norm: 0.941095
2026-06-16 07:19:30,131 - debug - DEBUG - Batch 40 grad norm: 1.211570
2026-06-16 07:19:31,211 - debug - DEBUG - Batch 50 grad norm: 1.123537
2026-06-16 07:19:32,348 - debug - DEBUG - Batch 60 grad norm: 0.923917
2026-06-16 07:19:33,431 - debug - DEBUG - Batch 70 grad norm: 1.110794
2026-06-16 07:19:34,553 - debug - DEBUG - Batch 80 grad norm: 1.290853
2026-06-16 07:19:35,608 - debug - DEBUG - Batch 90 grad norm: 0.770034
2026-06-16 07:19:36,716 - debug - DEBUG - Batch 100 grad norm: 0.716685
2026-06-16 07:19:37,791 - debug - DEBUG - Batch 110 grad norm: 1.157776
2026-06-16 07:19:38,849 - debug - DEBUG - Batch 120 grad norm: 0.873335
2026-06-16 07:19:40,041 - debug - DEBUG - Batch 130 grad norm: 0.812606
2026-06-16 07:19:41,030 - debug - DEBUG - Batch 140 grad norm: 0.767819
2026-06-16 07:19:42,076 - debug - DEBUG - Batch 150 grad norm: 1.347187
2026-06-16 07:19:43,183 - debug - DEBUG - Batch 160 grad norm: 0.824723
2026-06-16 07:19:44,291 - debug - DEBUG - Batch 170 grad norm: 1.277914
2026-06-16 07:19:45,381 - debug - DEBUG - Batch 180 grad norm: 1.697655
2026-06-16 07:19:46,503 - debug - DEBUG - Batch 190 grad norm: 1.232940
2026-06-16 07:19:46,871 - debug - DEBUG - compute_metrics_and_record started for epoch 108
2026-06-16 07:19:46,871 - debug - DEBUG - all_preds length: 25000, all_targets length: 25000
2026-06-16 07:19:46,871 - debug - DEBUG - First 10 preds: [6, 2, 9, 6, 3, 6, 7, 2, 4, 4]
2026-06-16 07:19:46,871 - debug - DEBUG - First 10 targets: [6, 6, 9, 6, 0, 6, 7, 2, 4, 4]
2026-06-16 07:19:46,877 - debug - DEBUG - Unique predicted classes: 10 (first 10: [0 1 2 3 4 5 6 7 8 9])
2026-06-16 07:19:46,878 - debug - DEBUG - Unique target classes: 10 (first 10: [0 1 2 3 4 5 6 7 8 9])
2026-06-16 07:19:49,150 - debug - DEBUG - compute_metrics_and_record started for epoch 108
2026-06-16 07:19:49,150 - debug - DEBUG - all_preds length: 10000, all_targets length: 10000
2026-06-16 07:19:49,150 - debug - DEBUG - First 10 preds: [3, 8, 1, 0, 6, 6, 1, 6, 3, 1]
2026-06-16 07:19:49,150 - debug - DEBUG - First 10 targets: [3, 8, 8, 0, 6, 6, 1, 6, 3, 1]
2026-06-16 07:19:49,153 - debug - DEBUG - Unique predicted classes: 10 (first 10: [0 1 2 3 4 5 6 7 8 9])
2026-06-16 07:19:49,153 - debug - DEBUG - Unique target classes: 10 (first 10: [0 1 2 3 4 5 6 7 8 9])
2026-06-16 07:19:49,443 - debug - DEBUG - Device Check - Batch 0
2026-06-16 07:19:49,444 - debug - DEBUG -   Config GPU ID: 1
2026-06-16 07:19:49,444 - debug - DEBUG -   Input Device:  cuda:1
2026-06-16 07:19:49,444 - debug - DEBUG -   Target Device: cuda:1
2026-06-16 07:19:49,444 - debug - DEBUG -   Model Device:  cuda:1
2026-06-16 07:19:49,445 - debug - DEBUG -   Criterion Weight Device: No weights
2026-06-16 07:19:50,005 - debug - DEBUG - Batch 0 grad norm: 1.118316
2026-06-16 07:19:51,151 - debug - DEBUG - Batch 10 grad norm: 1.074827
2026-06-16 07:19:52,286 - debug - DEBUG - Batch 20 grad norm: 1.092011
2026-06-16 07:19:53,402 - debug - DEBUG - Batch 30 grad norm: 0.941774
2026-06-16 07:19:54,526 - debug - DEBUG - Batch 40 grad norm: 1.137317
2026-06-16 07:19:55,644 - debug - DEBUG - Batch 50 grad norm: 1.144907
2026-06-16 07:19:56,776 - debug - DEBUG - Batch 60 grad norm: 1.203202
2026-06-16 07:19:57,892 - debug - DEBUG - Batch 70 grad norm: 1.350630
2026-06-16 07:19:58,960 - debug - DEBUG - Batch 80 grad norm: 1.108678
2026-06-16 07:20:00,167 - debug - DEBUG - Batch 90 grad norm: 1.034371
2026-06-16 07:20:01,191 - debug - DEBUG - Batch 100 grad norm: 1.150059
2026-06-16 07:20:02,339 - debug - DEBUG - Batch 110 grad norm: 1.188735
2026-06-16 07:20:03,371 - debug - DEBUG - Batch 120 grad norm: 1.552222
2026-06-16 07:20:04,581 - debug - DEBUG - Batch 130 grad norm: 1.348571
2026-06-16 07:20:05,632 - debug - DEBUG - Batch 140 grad norm: 1.235794
2026-06-16 07:20:06,657 - debug - DEBUG - Batch 150 grad norm: 1.009389
2026-06-16 07:20:07,771 - debug - DEBUG - Batch 160 grad norm: 1.033686
2026-06-16 07:20:08,908 - debug - DEBUG - Batch 170 grad norm: 1.506470
2026-06-16 07:20:10,051 - debug - DEBUG - Batch 180 grad norm: 1.062419
2026-06-16 07:20:11,191 - debug - DEBUG - Batch 190 grad norm: 1.260846
2026-06-16 07:20:11,511 - debug - DEBUG - compute_metrics_and_record started for epoch 109
2026-06-16 07:20:11,512 - debug - DEBUG - all_preds length: 25000, all_targets length: 25000
2026-06-16 07:20:11,512 - debug - DEBUG - First 10 preds: [5, 0, 9, 4, 4, 4, 6, 2, 0, 5]
2026-06-16 07:20:11,512 - debug - DEBUG - First 10 targets: [5, 0, 0, 4, 4, 4, 6, 2, 0, 0]
2026-06-16 07:20:11,518 - debug - DEBUG - Unique predicted classes: 10 (first 10: [0 1 2 3 4 5 6 7 8 9])
2026-06-16 07:20:11,519 - debug - DEBUG - Unique target classes: 10 (first 10: [0 1 2 3 4 5 6 7 8 9])
2026-06-16 07:20:13,839 - debug - DEBUG - compute_metrics_and_record started for epoch 109
2026-06-16 07:20:13,840 - debug - DEBUG - all_preds length: 10000, all_targets length: 10000
2026-06-16 07:20:13,840 - debug - DEBUG - First 10 preds: [3, 8, 0, 0, 6, 6, 1, 6, 3, 1]
2026-06-16 07:20:13,840 - debug - DEBUG - First 10 targets: [3, 8, 8, 0, 6, 6, 1, 6, 3, 1]
2026-06-16 07:20:13,842 - debug - DEBUG - Unique predicted classes: 10 (first 10: [0 1 2 3 4 5 6 7 8 9])
2026-06-16 07:20:13,842 - debug - DEBUG - Unique target classes: 10 (first 10: [0 1 2 3 4 5 6 7 8 9])
2026-06-16 07:20:14,148 - debug - DEBUG - Device Check - Batch 0
2026-06-16 07:20:14,149 - debug - DEBUG -   Config GPU ID: 1
2026-06-16 07:20:14,149 - debug - DEBUG -   Input Device:  cuda:1
2026-06-16 07:20:14,149 - debug - DEBUG -   Target Device: cuda:1
2026-06-16 07:20:14,149 - debug - DEBUG -   Model Device:  cuda:1
2026-06-16 07:20:14,149 - debug - DEBUG -   Criterion Weight Device: No weights
2026-06-16 07:20:14,687 - debug - DEBUG - Batch 0 grad norm: 1.031725
2026-06-16 07:20:15,785 - debug - DEBUG - Batch 10 grad norm: 0.740935
2026-06-16 07:20:16,911 - debug - DEBUG - Batch 20 grad norm: 1.099873
2026-06-16 07:20:18,035 - debug - DEBUG - Batch 30 grad norm: 1.256869
2026-06-16 07:20:19,169 - debug - DEBUG - Batch 40 grad norm: 1.205910
2026-06-16 07:20:20,298 - debug - DEBUG - Batch 50 grad norm: 1.265468
2026-06-16 07:20:21,440 - debug - DEBUG - Batch 60 grad norm: 0.772613
2026-06-16 07:20:22,550 - debug - DEBUG - Batch 70 grad norm: 1.064347
2026-06-16 07:20:23,692 - debug - DEBUG - Batch 80 grad norm: 1.215684
2026-06-16 07:20:24,797 - debug - DEBUG - Batch 90 grad norm: 1.207854
2026-06-16 07:20:25,927 - debug - DEBUG - Batch 100 grad norm: 1.214541
2026-06-16 07:20:27,063 - debug - DEBUG - Batch 110 grad norm: 1.292303
2026-06-16 07:20:28,110 - debug - DEBUG - Batch 120 grad norm: 0.949861
2026-06-16 07:20:29,315 - debug - DEBUG - Batch 130 grad norm: 1.129388
2026-06-16 07:20:30,345 - debug - DEBUG - Batch 140 grad norm: 1.042072
2026-06-16 07:20:31,484 - debug - DEBUG - Batch 150 grad norm: 1.430243
2026-06-16 07:20:32,494 - debug - DEBUG - Batch 160 grad norm: 1.127158
2026-06-16 07:20:33,738 - debug - DEBUG - Batch 170 grad norm: 1.134353
2026-06-16 07:20:34,765 - debug - DEBUG - Batch 180 grad norm: 0.991642
2026-06-16 07:20:35,913 - debug - DEBUG - Batch 190 grad norm: 0.959920
2026-06-16 07:20:36,209 - debug - DEBUG - compute_metrics_and_record started for epoch 110
2026-06-16 07:20:36,210 - debug - DEBUG - all_preds length: 25000, all_targets length: 25000
2026-06-16 07:20:36,210 - debug - DEBUG - First 10 preds: [9, 7, 3, 4, 8, 5, 5, 5, 2, 8]
2026-06-16 07:20:36,210 - debug - DEBUG - First 10 targets: [9, 7, 3, 4, 8, 5, 5, 5, 2, 8]
2026-06-16 07:20:36,221 - debug - DEBUG - Unique predicted classes: 10 (first 10: [0 1 2 3 4 5 6 7 8 9])
2026-06-16 07:20:36,222 - debug - DEBUG - Unique target classes: 10 (first 10: [0 1 2 3 4 5 6 7 8 9])
2026-06-16 07:20:38,485 - debug - DEBUG - compute_metrics_and_record started for epoch 110
2026-06-16 07:20:38,485 - debug - DEBUG - all_preds length: 10000, all_targets length: 10000
2026-06-16 07:20:38,485 - debug - DEBUG - First 10 preds: [3, 8, 1, 0, 6, 6, 1, 6, 3, 1]
2026-06-16 07:20:38,485 - debug - DEBUG - First 10 targets: [3, 8, 8, 0, 6, 6, 1, 6, 3, 1]
2026-06-16 07:20:38,488 - debug - DEBUG - Unique predicted classes: 10 (first 10: [0 1 2 3 4 5 6 7 8 9])
2026-06-16 07:20:38,488 - debug - DEBUG - Unique target classes: 10 (first 10: [0 1 2 3 4 5 6 7 8 9])
2026-06-16 07:20:38,720 - debug - DEBUG - Device Check - Batch 0
2026-06-16 07:20:38,720 - debug - DEBUG -   Config GPU ID: 1
2026-06-16 07:20:38,721 - debug - DEBUG -   Input Device:  cuda:1
2026-06-16 07:20:38,721 - debug - DEBUG -   Target Device: cuda:1
2026-06-16 07:20:38,721 - debug - DEBUG -   Model Device:  cuda:1
2026-06-16 07:20:38,721 - debug - DEBUG -   Criterion Weight Device: No weights
2026-06-16 07:20:39,250 - debug - DEBUG - Batch 0 grad norm: 1.283219
2026-06-16 07:20:40,374 - debug - DEBUG - Batch 10 grad norm: 1.373979
2026-06-16 07:20:41,512 - debug - DEBUG - Batch 20 grad norm: 1.257965
2026-06-16 07:20:42,635 - debug - DEBUG - Batch 30 grad norm: 1.284194
2026-06-16 07:20:43,783 - debug - DEBUG - Batch 40 grad norm: 0.997853
2026-06-16 07:20:44,908 - debug - DEBUG - Batch 50 grad norm: 1.194529
2026-06-16 07:20:46,051 - debug - DEBUG - Batch 60 grad norm: 1.224395
2026-06-16 07:20:47,175 - debug - DEBUG - Batch 70 grad norm: 0.912377
2026-06-16 07:20:48,305 - debug - DEBUG - Batch 80 grad norm: 1.260517
2026-06-16 07:20:49,430 - debug - DEBUG - Batch 90 grad norm: 0.867393
2026-06-16 07:20:50,541 - debug - DEBUG - Batch 100 grad norm: 1.318212
2026-06-16 07:20:51,626 - debug - DEBUG - Batch 110 grad norm: 1.339005
2026-06-16 07:20:52,732 - debug - DEBUG - Batch 120 grad norm: 1.122827
2026-06-16 07:20:53,933 - debug - DEBUG - Batch 130 grad norm: 1.032125
2026-06-16 07:20:54,907 - debug - DEBUG - Batch 140 grad norm: 1.216961
2026-06-16 07:20:56,038 - debug - DEBUG - Batch 150 grad norm: 1.127685
2026-06-16 07:20:57,163 - debug - DEBUG - Batch 160 grad norm: 1.154991
2026-06-16 07:20:58,291 - debug - DEBUG - Batch 170 grad norm: 1.213327
2026-06-16 07:20:59,413 - debug - DEBUG - Batch 180 grad norm: 1.166821
2026-06-16 07:21:00,509 - debug - DEBUG - Batch 190 grad norm: 0.981139
2026-06-16 07:21:00,874 - debug - DEBUG - compute_metrics_and_record started for epoch 111
2026-06-16 07:21:00,874 - debug - DEBUG - all_preds length: 25000, all_targets length: 25000
2026-06-16 07:21:00,874 - debug - DEBUG - First 10 preds: [0, 7, 2, 8, 3, 7, 2, 4, 3, 7]
2026-06-16 07:21:00,874 - debug - DEBUG - First 10 targets: [0, 7, 2, 8, 3, 7, 2, 4, 3, 7]
2026-06-16 07:21:00,882 - debug - DEBUG - Unique predicted classes: 10 (first 10: [0 1 2 3 4 5 6 7 8 9])
2026-06-16 07:21:00,882 - debug - DEBUG - Unique target classes: 10 (first 10: [0 1 2 3 4 5 6 7 8 9])
2026-06-16 07:21:03,166 - debug - DEBUG - compute_metrics_and_record started for epoch 111
2026-06-16 07:21:03,166 - debug - DEBUG - all_preds length: 10000, all_targets length: 10000
2026-06-16 07:21:03,166 - debug - DEBUG - First 10 preds: [3, 8, 8, 8, 6, 5, 1, 6, 3, 1]
2026-06-16 07:21:03,166 - debug - DEBUG - First 10 targets: [3, 8, 8, 0, 6, 6, 1, 6, 3, 1]
2026-06-16 07:21:03,169 - debug - DEBUG - Unique predicted classes: 10 (first 10: [0 1 2 3 4 5 6 7 8 9])
2026-06-16 07:21:03,169 - debug - DEBUG - Unique target classes: 10 (first 10: [0 1 2 3 4 5 6 7 8 9])
2026-06-16 07:21:03,470 - debug - DEBUG - Device Check - Batch 0
2026-06-16 07:21:03,471 - debug - DEBUG -   Config GPU ID: 1
2026-06-16 07:21:03,471 - debug - DEBUG -   Input Device:  cuda:1
2026-06-16 07:21:03,472 - debug - DEBUG -   Target Device: cuda:1
2026-06-16 07:21:03,472 - debug - DEBUG -   Model Device:  cuda:1
2026-06-16 07:21:03,472 - debug - DEBUG -   Criterion Weight Device: No weights
2026-06-16 07:21:03,912 - debug - DEBUG - Batch 0 grad norm: 1.165086
2026-06-16 07:21:04,999 - debug - DEBUG - Batch 10 grad norm: 1.069312
2026-06-16 07:21:06,044 - debug - DEBUG - Batch 20 grad norm: 1.310884
2026-06-16 07:21:07,154 - debug - DEBUG - Batch 30 grad norm: 1.124578
2026-06-16 07:21:08,284 - debug - DEBUG - Batch 40 grad norm: 1.187208
2026-06-16 07:21:09,289 - debug - DEBUG - Batch 50 grad norm: 1.349666
2026-06-16 07:21:10,427 - debug - DEBUG - Batch 60 grad norm: 1.111613
2026-06-16 07:21:11,518 - debug - DEBUG - Batch 70 grad norm: 1.179102
2026-06-16 07:21:12,636 - debug - DEBUG - Batch 80 grad norm: 1.162655
2026-06-16 07:21:13,709 - debug - DEBUG - Batch 90 grad norm: 0.883252
2026-06-16 07:21:14,815 - debug - DEBUG - Batch 100 grad norm: 0.990954
2026-06-16 07:21:15,909 - debug - DEBUG - Batch 110 grad norm: 0.988854
2026-06-16 07:21:17,042 - debug - DEBUG - Batch 120 grad norm: 1.025427
2026-06-16 07:21:18,240 - debug - DEBUG - Batch 130 grad norm: 1.133552
2026-06-16 07:21:19,189 - debug - DEBUG - Batch 140 grad norm: 1.056825
2026-06-16 07:21:20,283 - debug - DEBUG - Batch 150 grad norm: 1.214452
2026-06-16 07:21:21,389 - debug - DEBUG - Batch 160 grad norm: 1.137279
2026-06-16 07:21:22,520 - debug - DEBUG - Batch 170 grad norm: 1.365621
2026-06-16 07:21:23,628 - debug - DEBUG - Batch 180 grad norm: 1.253326
2026-06-16 07:21:24,760 - debug - DEBUG - Batch 190 grad norm: 1.501116
2026-06-16 07:21:25,113 - debug - DEBUG - compute_metrics_and_record started for epoch 112
2026-06-16 07:21:25,113 - debug - DEBUG - all_preds length: 25000, all_targets length: 25000
2026-06-16 07:21:25,114 - debug - DEBUG - First 10 preds: [5, 2, 3, 4, 9, 9, 3, 4, 2, 7]
2026-06-16 07:21:25,114 - debug - DEBUG - First 10 targets: [5, 2, 3, 4, 9, 9, 3, 4, 2, 7]
2026-06-16 07:21:25,119 - debug - DEBUG - Unique predicted classes: 10 (first 10: [0 1 2 3 4 5 6 7 8 9])
2026-06-16 07:21:25,120 - debug - DEBUG - Unique target classes: 10 (first 10: [0 1 2 3 4 5 6 7 8 9])
2026-06-16 07:21:27,338 - debug - DEBUG - compute_metrics_and_record started for epoch 112
2026-06-16 07:21:27,339 - debug - DEBUG - all_preds length: 10000, all_targets length: 10000
2026-06-16 07:21:27,339 - debug - DEBUG - First 10 preds: [0, 8, 1, 0, 6, 6, 9, 3, 3, 1]
2026-06-16 07:21:27,339 - debug - DEBUG - First 10 targets: [3, 8, 8, 0, 6, 6, 1, 6, 3, 1]
2026-06-16 07:21:27,341 - debug - DEBUG - Unique predicted classes: 10 (first 10: [0 1 2 3 4 5 6 7 8 9])
2026-06-16 07:21:27,341 - debug - DEBUG - Unique target classes: 10 (first 10: [0 1 2 3 4 5 6 7 8 9])
2026-06-16 07:21:27,635 - debug - DEBUG - Device Check - Batch 0
2026-06-16 07:21:27,636 - debug - DEBUG -   Config GPU ID: 1
2026-06-16 07:21:27,636 - debug - DEBUG -   Input Device:  cuda:1
2026-06-16 07:21:27,636 - debug - DEBUG -   Target Device: cuda:1
2026-06-16 07:21:27,636 - debug - DEBUG -   Model Device:  cuda:1
2026-06-16 07:21:27,636 - debug - DEBUG -   Criterion Weight Device: No weights
2026-06-16 07:21:28,117 - debug - DEBUG - Batch 0 grad norm: 1.203737
2026-06-16 07:21:29,240 - debug - DEBUG - Batch 10 grad norm: 1.263863
2026-06-16 07:21:30,298 - debug - DEBUG - Batch 20 grad norm: 0.998126
2026-06-16 07:21:31,392 - debug - DEBUG - Batch 30 grad norm: 0.984493
2026-06-16 07:21:32,460 - debug - DEBUG - Batch 40 grad norm: 1.201375
2026-06-16 07:21:33,544 - debug - DEBUG - Batch 50 grad norm: 0.873817
2026-06-16 07:21:34,639 - debug - DEBUG - Batch 60 grad norm: 0.813280
2026-06-16 07:21:35,715 - debug - DEBUG - Batch 70 grad norm: 1.586425
2026-06-16 07:21:36,818 - debug - DEBUG - Batch 80 grad norm: 1.298670
2026-06-16 07:21:37,916 - debug - DEBUG - Batch 90 grad norm: 0.950587
2026-06-16 07:21:39,011 - debug - DEBUG - Batch 100 grad norm: 1.075633
2026-06-16 07:21:40,093 - debug - DEBUG - Batch 110 grad norm: 1.085552
2026-06-16 07:21:41,201 - debug - DEBUG - Batch 120 grad norm: 1.034779
2026-06-16 07:21:42,497 - debug - DEBUG - Batch 130 grad norm: 0.991131
2026-06-16 07:21:43,315 - debug - DEBUG - Batch 140 grad norm: 1.150611
2026-06-16 07:21:44,390 - debug - DEBUG - Batch 150 grad norm: 0.896786
2026-06-16 07:21:45,544 - debug - DEBUG - Batch 160 grad norm: 1.426515
2026-06-16 07:21:46,655 - debug - DEBUG - Batch 170 grad norm: 0.973414
2026-06-16 07:21:47,784 - debug - DEBUG - Batch 180 grad norm: 0.740592
2026-06-16 07:21:48,887 - debug - DEBUG - Batch 190 grad norm: 1.132273
2026-06-16 07:21:49,270 - debug - DEBUG - compute_metrics_and_record started for epoch 113
2026-06-16 07:21:49,271 - debug - DEBUG - all_preds length: 25000, all_targets length: 25000
2026-06-16 07:21:49,271 - debug - DEBUG - First 10 preds: [0, 4, 7, 1, 2, 2, 1, 7, 5, 7]
2026-06-16 07:21:49,271 - debug - DEBUG - First 10 targets: [0, 4, 7, 1, 2, 2, 8, 7, 5, 7]
2026-06-16 07:21:49,281 - debug - DEBUG - Unique predicted classes: 10 (first 10: [0 1 2 3 4 5 6 7 8 9])
2026-06-16 07:21:49,282 - debug - DEBUG - Unique target classes: 10 (first 10: [0 1 2 3 4 5 6 7 8 9])
2026-06-16 07:21:51,474 - debug - DEBUG - compute_metrics_and_record started for epoch 113
2026-06-16 07:21:51,475 - debug - DEBUG - all_preds length: 10000, all_targets length: 10000
2026-06-16 07:21:51,475 - debug - DEBUG - First 10 preds: [3, 8, 1, 8, 6, 6, 1, 6, 3, 1]
2026-06-16 07:21:51,475 - debug - DEBUG - First 10 targets: [3, 8, 8, 0, 6, 6, 1, 6, 3, 1]
2026-06-16 07:21:51,477 - debug - DEBUG - Unique predicted classes: 10 (first 10: [0 1 2 3 4 5 6 7 8 9])
2026-06-16 07:21:51,478 - debug - DEBUG - Unique target classes: 10 (first 10: [0 1 2 3 4 5 6 7 8 9])
2026-06-16 07:21:51,765 - debug - DEBUG - Device Check - Batch 0
2026-06-16 07:21:51,766 - debug - DEBUG -   Config GPU ID: 1
2026-06-16 07:21:51,766 - debug - DEBUG -   Input Device:  cuda:1
2026-06-16 07:21:51,766 - debug - DEBUG -   Target Device: cuda:1
2026-06-16 07:21:51,767 - debug - DEBUG -   Model Device:  cuda:1
2026-06-16 07:21:51,767 - debug - DEBUG -   Criterion Weight Device: No weights
2026-06-16 07:21:52,182 - debug - DEBUG - Batch 0 grad norm: 1.144145
2026-06-16 07:21:53,284 - debug - DEBUG - Batch 10 grad norm: 1.006108
2026-06-16 07:21:54,399 - debug - DEBUG - Batch 20 grad norm: 0.949776
2026-06-16 07:21:55,523 - debug - DEBUG - Batch 30 grad norm: 0.981296
2026-06-16 07:21:56,643 - debug - DEBUG - Batch 40 grad norm: 1.244580
2026-06-16 07:21:57,767 - debug - DEBUG - Batch 50 grad norm: 1.045766
2026-06-16 07:21:58,884 - debug - DEBUG - Batch 60 grad norm: 0.976661
2026-06-16 07:22:00,010 - debug - DEBUG - Batch 70 grad norm: 0.972879
2026-06-16 07:22:01,114 - debug - DEBUG - Batch 80 grad norm: 1.238973
2026-06-16 07:22:02,205 - debug - DEBUG - Batch 90 grad norm: 1.247380
2026-06-16 07:22:03,278 - debug - DEBUG - Batch 100 grad norm: 1.068754
2026-06-16 07:22:04,370 - debug - DEBUG - Batch 110 grad norm: 1.323279
2026-06-16 07:22:05,378 - debug - DEBUG - Batch 120 grad norm: 1.013595
2026-06-16 07:22:06,558 - debug - DEBUG - Batch 130 grad norm: 1.363546
2026-06-16 07:22:07,508 - debug - DEBUG - Batch 140 grad norm: 1.071256
2026-06-16 07:22:08,593 - debug - DEBUG - Batch 150 grad norm: 1.130261
2026-06-16 07:22:09,677 - debug - DEBUG - Batch 160 grad norm: 1.165633
2026-06-16 07:22:10,758 - debug - DEBUG - Batch 170 grad norm: 1.255056
2026-06-16 07:22:11,821 - debug - DEBUG - Batch 180 grad norm: 1.597891
2026-06-16 07:22:12,915 - debug - DEBUG - Batch 190 grad norm: 1.032207
2026-06-16 07:22:13,329 - debug - DEBUG - compute_metrics_and_record started for epoch 114
2026-06-16 07:22:13,329 - debug - DEBUG - all_preds length: 25000, all_targets length: 25000
2026-06-16 07:22:13,329 - debug - DEBUG - First 10 preds: [2, 5, 4, 2, 8, 6, 0, 1, 5, 7]
2026-06-16 07:22:13,330 - debug - DEBUG - First 10 targets: [2, 5, 4, 2, 8, 6, 0, 1, 5, 7]
2026-06-16 07:22:13,337 - debug - DEBUG - Unique predicted classes: 10 (first 10: [0 1 2 3 4 5 6 7 8 9])
2026-06-16 07:22:13,338 - debug - DEBUG - Unique target classes: 10 (first 10: [0 1 2 3 4 5 6 7 8 9])
2026-06-16 07:22:15,549 - debug - DEBUG - compute_metrics_and_record started for epoch 114
2026-06-16 07:22:15,549 - debug - DEBUG - all_preds length: 10000, all_targets length: 10000
2026-06-16 07:22:15,549 - debug - DEBUG - First 10 preds: [3, 8, 1, 8, 6, 5, 1, 2, 3, 1]
2026-06-16 07:22:15,549 - debug - DEBUG - First 10 targets: [3, 8, 8, 0, 6, 6, 1, 6, 3, 1]
2026-06-16 07:22:15,552 - debug - DEBUG - Unique predicted classes: 10 (first 10: [0 1 2 3 4 5 6 7 8 9])
2026-06-16 07:22:15,553 - debug - DEBUG - Unique target classes: 10 (first 10: [0 1 2 3 4 5 6 7 8 9])
2026-06-16 07:22:15,842 - debug - DEBUG - Device Check - Batch 0
2026-06-16 07:22:15,844 - debug - DEBUG -   Config GPU ID: 1
2026-06-16 07:22:15,844 - debug - DEBUG -   Input Device:  cuda:1
2026-06-16 07:22:15,844 - debug - DEBUG -   Target Device: cuda:1
2026-06-16 07:22:15,844 - debug - DEBUG -   Model Device:  cuda:1
2026-06-16 07:22:15,845 - debug - DEBUG -   Criterion Weight Device: No weights
2026-06-16 07:22:16,461 - debug - DEBUG - Batch 0 grad norm: 0.907139
2026-06-16 07:22:17,419 - debug - DEBUG - Batch 10 grad norm: 1.413222
2026-06-16 07:22:18,530 - debug - DEBUG - Batch 20 grad norm: 1.055335
2026-06-16 07:22:19,645 - debug - DEBUG - Batch 30 grad norm: 0.929541
2026-06-16 07:22:20,760 - debug - DEBUG - Batch 40 grad norm: 1.227152
2026-06-16 07:22:21,884 - debug - DEBUG - Batch 50 grad norm: 1.097259
2026-06-16 07:22:23,000 - debug - DEBUG - Batch 60 grad norm: 1.212143
2026-06-16 07:22:24,111 - debug - DEBUG - Batch 70 grad norm: 1.008618
2026-06-16 07:22:25,230 - debug - DEBUG - Batch 80 grad norm: 0.980900
2026-06-16 07:22:26,362 - debug - DEBUG - Batch 90 grad norm: 0.943672
2026-06-16 07:22:27,486 - debug - DEBUG - Batch 100 grad norm: 1.008860
2026-06-16 07:22:28,631 - debug - DEBUG - Batch 110 grad norm: 1.060766
2026-06-16 07:22:29,587 - debug - DEBUG - Batch 120 grad norm: 1.192400
2026-06-16 07:22:30,696 - debug - DEBUG - Batch 130 grad norm: 0.922623
2026-06-16 07:22:31,857 - debug - DEBUG - Batch 140 grad norm: 1.236736
2026-06-16 07:22:32,827 - debug - DEBUG - Batch 150 grad norm: 1.074491
2026-06-16 07:22:33,944 - debug - DEBUG - Batch 160 grad norm: 0.867456
2026-06-16 07:22:35,045 - debug - DEBUG - Batch 170 grad norm: 0.772002
2026-06-16 07:22:36,133 - debug - DEBUG - Batch 180 grad norm: 1.212186
2026-06-16 07:22:37,218 - debug - DEBUG - Batch 190 grad norm: 0.939952
2026-06-16 07:22:37,622 - debug - DEBUG - compute_metrics_and_record started for epoch 115
2026-06-16 07:22:37,623 - debug - DEBUG - all_preds length: 25000, all_targets length: 25000
2026-06-16 07:22:37,623 - debug - DEBUG - First 10 preds: [9, 6, 1, 1, 7, 6, 8, 6, 9, 7]
2026-06-16 07:22:37,623 - debug - DEBUG - First 10 targets: [9, 6, 1, 1, 7, 6, 8, 6, 9, 7]
2026-06-16 07:22:37,634 - debug - DEBUG - Unique predicted classes: 10 (first 10: [0 1 2 3 4 5 6 7 8 9])
2026-06-16 07:22:37,634 - debug - DEBUG - Unique target classes: 10 (first 10: [0 1 2 3 4 5 6 7 8 9])
2026-06-16 07:22:39,973 - debug - DEBUG - compute_metrics_and_record started for epoch 115
2026-06-16 07:22:39,973 - debug - DEBUG - all_preds length: 10000, all_targets length: 10000
2026-06-16 07:22:39,973 - debug - DEBUG - First 10 preds: [3, 8, 8, 0, 6, 6, 1, 6, 3, 1]
2026-06-16 07:22:39,974 - debug - DEBUG - First 10 targets: [3, 8, 8, 0, 6, 6, 1, 6, 3, 1]
2026-06-16 07:22:39,976 - debug - DEBUG - Unique predicted classes: 10 (first 10: [0 1 2 3 4 5 6 7 8 9])
2026-06-16 07:22:39,976 - debug - DEBUG - Unique target classes: 10 (first 10: [0 1 2 3 4 5 6 7 8 9])
2026-06-16 07:22:40,273 - debug - DEBUG - Device Check - Batch 0
2026-06-16 07:22:40,274 - debug - DEBUG -   Config GPU ID: 1
2026-06-16 07:22:40,274 - debug - DEBUG -   Input Device:  cuda:1
2026-06-16 07:22:40,274 - debug - DEBUG -   Target Device: cuda:1
2026-06-16 07:22:40,274 - debug - DEBUG -   Model Device:  cuda:1
2026-06-16 07:22:40,275 - debug - DEBUG -   Criterion Weight Device: No weights
2026-06-16 07:22:40,903 - debug - DEBUG - Batch 0 grad norm: 0.939600
2026-06-16 07:22:42,036 - debug - DEBUG - Batch 10 grad norm: 1.134689
2026-06-16 07:22:43,170 - debug - DEBUG - Batch 20 grad norm: 0.871009
2026-06-16 07:22:44,260 - debug - DEBUG - Batch 30 grad norm: 1.287040
2026-06-16 07:22:45,386 - debug - DEBUG - Batch 40 grad norm: 1.465781
2026-06-16 07:22:46,536 - debug - DEBUG - Batch 50 grad norm: 1.290280
2026-06-16 07:22:47,681 - debug - DEBUG - Batch 60 grad norm: 1.122502
2026-06-16 07:22:48,586 - debug - DEBUG - Batch 70 grad norm: 0.896249
2026-06-16 07:22:49,813 - debug - DEBUG - Batch 80 grad norm: 1.030700
2026-06-16 07:22:50,919 - debug - DEBUG - Batch 90 grad norm: 1.295001
2026-06-16 07:22:52,020 - debug - DEBUG - Batch 100 grad norm: 1.130778
2026-06-16 07:22:53,149 - debug - DEBUG - Batch 110 grad norm: 0.923737
2026-06-16 07:22:54,140 - debug - DEBUG - Batch 120 grad norm: 1.373129
2026-06-16 07:22:55,319 - debug - DEBUG - Batch 130 grad norm: 1.008362
2026-06-16 07:22:56,355 - debug - DEBUG - Batch 140 grad norm: 1.142451
2026-06-16 07:22:57,409 - debug - DEBUG - Batch 150 grad norm: 0.692977
2026-06-16 07:22:58,501 - debug - DEBUG - Batch 160 grad norm: 1.304218
2026-06-16 07:22:59,636 - debug - DEBUG - Batch 170 grad norm: 0.833386
2026-06-16 07:23:00,720 - debug - DEBUG - Batch 180 grad norm: 1.191869
2026-06-16 07:23:01,839 - debug - DEBUG - Batch 190 grad norm: 1.037664
2026-06-16 07:23:02,290 - debug - DEBUG - compute_metrics_and_record started for epoch 116
2026-06-16 07:23:02,290 - debug - DEBUG - all_preds length: 25000, all_targets length: 25000
2026-06-16 07:23:02,290 - debug - DEBUG - First 10 preds: [4, 8, 6, 3, 3, 5, 4, 3, 6, 6]
2026-06-16 07:23:02,290 - debug - DEBUG - First 10 targets: [4, 8, 6, 3, 3, 5, 4, 3, 6, 6]
2026-06-16 07:23:02,297 - debug - DEBUG - Unique predicted classes: 10 (first 10: [0 1 2 3 4 5 6 7 8 9])
2026-06-16 07:23:02,298 - debug - DEBUG - Unique target classes: 10 (first 10: [0 1 2 3 4 5 6 7 8 9])
2026-06-16 07:23:04,679 - debug - DEBUG - compute_metrics_and_record started for epoch 116
2026-06-16 07:23:04,679 - debug - DEBUG - all_preds length: 10000, all_targets length: 10000
2026-06-16 07:23:04,680 - debug - DEBUG - First 10 preds: [3, 8, 8, 8, 6, 3, 1, 6, 3, 1]
2026-06-16 07:23:04,680 - debug - DEBUG - First 10 targets: [3, 8, 8, 0, 6, 6, 1, 6, 3, 1]
2026-06-16 07:23:04,682 - debug - DEBUG - Unique predicted classes: 10 (first 10: [0 1 2 3 4 5 6 7 8 9])
2026-06-16 07:23:04,682 - debug - DEBUG - Unique target classes: 10 (first 10: [0 1 2 3 4 5 6 7 8 9])
2026-06-16 07:23:04,921 - debug - DEBUG - Device Check - Batch 0
2026-06-16 07:23:04,922 - debug - DEBUG -   Config GPU ID: 1
2026-06-16 07:23:04,923 - debug - DEBUG -   Input Device:  cuda:1
2026-06-16 07:23:04,923 - debug - DEBUG -   Target Device: cuda:1
2026-06-16 07:23:04,923 - debug - DEBUG -   Model Device:  cuda:1
2026-06-16 07:23:04,923 - debug - DEBUG -   Criterion Weight Device: No weights
2026-06-16 07:23:05,523 - debug - DEBUG - Batch 0 grad norm: 1.010255
2026-06-16 07:23:06,662 - debug - DEBUG - Batch 10 grad norm: 1.018750
2026-06-16 07:23:07,757 - debug - DEBUG - Batch 20 grad norm: 0.733641
2026-06-16 07:23:08,834 - debug - DEBUG - Batch 30 grad norm: 0.885106
2026-06-16 07:23:09,930 - debug - DEBUG - Batch 40 grad norm: 1.185629
2026-06-16 07:23:11,032 - debug - DEBUG - Batch 50 grad norm: 0.720843
2026-06-16 07:23:12,148 - debug - DEBUG - Batch 60 grad norm: 1.258062
2026-06-16 07:23:13,252 - debug - DEBUG - Batch 70 grad norm: 1.099855
2026-06-16 07:23:14,360 - debug - DEBUG - Batch 80 grad norm: 1.096656
2026-06-16 07:23:15,546 - debug - DEBUG - Batch 90 grad norm: 1.121917
2026-06-16 07:23:16,688 - debug - DEBUG - Batch 100 grad norm: 0.989528
2026-06-16 07:23:17,875 - debug - DEBUG - Batch 110 grad norm: 0.899485
2026-06-16 07:23:18,770 - debug - DEBUG - Batch 120 grad norm: 1.359664
2026-06-16 07:23:19,940 - debug - DEBUG - Batch 130 grad norm: 0.779567
2026-06-16 07:23:21,001 - debug - DEBUG - Batch 140 grad norm: 1.095544
2026-06-16 07:23:22,039 - debug - DEBUG - Batch 150 grad norm: 1.104067
2026-06-16 07:23:23,162 - debug - DEBUG - Batch 160 grad norm: 0.910816
2026-06-16 07:23:24,321 - debug - DEBUG - Batch 170 grad norm: 0.857958
2026-06-16 07:23:25,266 - debug - DEBUG - Batch 180 grad norm: 1.329669
2026-06-16 07:23:26,393 - debug - DEBUG - Batch 190 grad norm: 1.120876
2026-06-16 07:23:26,818 - debug - DEBUG - compute_metrics_and_record started for epoch 117
2026-06-16 07:23:26,818 - debug - DEBUG - all_preds length: 25000, all_targets length: 25000
2026-06-16 07:23:26,818 - debug - DEBUG - First 10 preds: [3, 3, 9, 0, 6, 3, 1, 3, 7, 5]
2026-06-16 07:23:26,818 - debug - DEBUG - First 10 targets: [3, 3, 9, 0, 6, 3, 1, 3, 7, 5]
2026-06-16 07:23:26,825 - debug - DEBUG - Unique predicted classes: 10 (first 10: [0 1 2 3 4 5 6 7 8 9])
2026-06-16 07:23:26,825 - debug - DEBUG - Unique target classes: 10 (first 10: [0 1 2 3 4 5 6 7 8 9])
2026-06-16 07:23:29,014 - debug - DEBUG - compute_metrics_and_record started for epoch 117
2026-06-16 07:23:29,015 - debug - DEBUG - all_preds length: 10000, all_targets length: 10000
2026-06-16 07:23:29,015 - debug - DEBUG - First 10 preds: [3, 8, 8, 2, 6, 3, 1, 6, 3, 1]
2026-06-16 07:23:29,015 - debug - DEBUG - First 10 targets: [3, 8, 8, 0, 6, 6, 1, 6, 3, 1]
2026-06-16 07:23:29,017 - debug - DEBUG - Unique predicted classes: 10 (first 10: [0 1 2 3 4 5 6 7 8 9])
2026-06-16 07:23:29,018 - debug - DEBUG - Unique target classes: 10 (first 10: [0 1 2 3 4 5 6 7 8 9])
2026-06-16 07:23:29,263 - debug - DEBUG - Device Check - Batch 0
2026-06-16 07:23:29,264 - debug - DEBUG -   Config GPU ID: 1
2026-06-16 07:23:29,264 - debug - DEBUG -   Input Device:  cuda:1
2026-06-16 07:23:29,264 - debug - DEBUG -   Target Device: cuda:1
2026-06-16 07:23:29,265 - debug - DEBUG -   Model Device:  cuda:1
2026-06-16 07:23:29,265 - debug - DEBUG -   Criterion Weight Device: No weights
2026-06-16 07:23:29,617 - debug - DEBUG - Batch 0 grad norm: 1.049029
2026-06-16 07:23:30,739 - debug - DEBUG - Batch 10 grad norm: 1.247176
2026-06-16 07:23:31,859 - debug - DEBUG - Batch 20 grad norm: 0.859468
2026-06-16 07:23:32,959 - debug - DEBUG - Batch 30 grad norm: 1.047596
2026-06-16 07:23:34,079 - debug - DEBUG - Batch 40 grad norm: 1.102793
2026-06-16 07:23:35,202 - debug - DEBUG - Batch 50 grad norm: 0.912249
2026-06-16 07:23:36,335 - debug - DEBUG - Batch 60 grad norm: 1.197776
2026-06-16 07:23:37,458 - debug - DEBUG - Batch 70 grad norm: 0.954772
2026-06-16 07:23:38,586 - debug - DEBUG - Batch 80 grad norm: 1.076971
2026-06-16 07:23:39,657 - debug - DEBUG - Batch 90 grad norm: 0.667446
2026-06-16 07:23:40,784 - debug - DEBUG - Batch 100 grad norm: 1.198006
2026-06-16 07:23:41,853 - debug - DEBUG - Batch 110 grad norm: 1.416085
2026-06-16 07:23:42,922 - debug - DEBUG - Batch 120 grad norm: 0.899110
2026-06-16 07:23:44,017 - debug - DEBUG - Batch 130 grad norm: 0.774782
2026-06-16 07:23:45,194 - debug - DEBUG - Batch 140 grad norm: 1.010088
2026-06-16 07:23:46,179 - debug - DEBUG - Batch 150 grad norm: 1.041067
2026-06-16 07:23:47,294 - debug - DEBUG - Batch 160 grad norm: 0.815973
2026-06-16 07:23:48,422 - debug - DEBUG - Batch 170 grad norm: 0.803288
2026-06-16 07:23:49,557 - debug - DEBUG - Batch 180 grad norm: 1.137009
2026-06-16 07:23:50,697 - debug - DEBUG - Batch 190 grad norm: 1.268086
2026-06-16 07:23:51,060 - debug - DEBUG - compute_metrics_and_record started for epoch 118
2026-06-16 07:23:51,061 - debug - DEBUG - all_preds length: 25000, all_targets length: 25000
2026-06-16 07:23:51,061 - debug - DEBUG - First 10 preds: [7, 9, 8, 7, 7, 4, 9, 4, 4, 6]
2026-06-16 07:23:51,061 - debug - DEBUG - First 10 targets: [7, 9, 8, 7, 7, 4, 9, 4, 4, 6]
2026-06-16 07:23:51,068 - debug - DEBUG - Unique predicted classes: 10 (first 10: [0 1 2 3 4 5 6 7 8 9])
2026-06-16 07:23:51,068 - debug - DEBUG - Unique target classes: 10 (first 10: [0 1 2 3 4 5 6 7 8 9])
2026-06-16 07:23:53,416 - debug - DEBUG - compute_metrics_and_record started for epoch 118
2026-06-16 07:23:53,416 - debug - DEBUG - all_preds length: 10000, all_targets length: 10000
2026-06-16 07:23:53,416 - debug - DEBUG - First 10 preds: [3, 0, 8, 0, 6, 6, 1, 2, 4, 1]
2026-06-16 07:23:53,416 - debug - DEBUG - First 10 targets: [3, 8, 8, 0, 6, 6, 1, 6, 3, 1]
2026-06-16 07:23:53,419 - debug - DEBUG - Unique predicted classes: 10 (first 10: [0 1 2 3 4 5 6 7 8 9])
2026-06-16 07:23:53,419 - debug - DEBUG - Unique target classes: 10 (first 10: [0 1 2 3 4 5 6 7 8 9])
2026-06-16 07:23:53,704 - debug - DEBUG - Device Check - Batch 0
2026-06-16 07:23:53,705 - debug - DEBUG -   Config GPU ID: 1
2026-06-16 07:23:53,705 - debug - DEBUG -   Input Device:  cuda:1
2026-06-16 07:23:53,706 - debug - DEBUG -   Target Device: cuda:1
2026-06-16 07:23:53,706 - debug - DEBUG -   Model Device:  cuda:1
2026-06-16 07:23:53,706 - debug - DEBUG -   Criterion Weight Device: No weights
2026-06-16 07:23:54,257 - debug - DEBUG - Batch 0 grad norm: 0.933951
2026-06-16 07:23:55,360 - debug - DEBUG - Batch 10 grad norm: 1.090460
2026-06-16 07:23:56,405 - debug - DEBUG - Batch 20 grad norm: 1.138069
2026-06-16 07:23:57,548 - debug - DEBUG - Batch 30 grad norm: 1.087730
2026-06-16 07:23:58,707 - debug - DEBUG - Batch 40 grad norm: 0.854019
2026-06-16 07:23:59,675 - debug - DEBUG - Batch 50 grad norm: 0.955798
2026-06-16 07:24:00,810 - debug - DEBUG - Batch 60 grad norm: 1.080998
2026-06-16 07:24:01,910 - debug - DEBUG - Batch 70 grad norm: 1.296146
2026-06-16 07:24:03,014 - debug - DEBUG - Batch 80 grad norm: 1.023614
2026-06-16 07:24:04,115 - debug - DEBUG - Batch 90 grad norm: 1.071294
2026-06-16 07:24:05,212 - debug - DEBUG - Batch 100 grad norm: 1.252306
2026-06-16 07:24:06,284 - debug - DEBUG - Batch 110 grad norm: 1.117121
2026-06-16 07:24:07,385 - debug - DEBUG - Batch 120 grad norm: 1.417093
2026-06-16 07:24:08,352 - debug - DEBUG - Batch 130 grad norm: 1.206012
2026-06-16 07:24:09,499 - debug - DEBUG - Batch 140 grad norm: 1.164540
2026-06-16 07:24:10,585 - debug - DEBUG - Batch 150 grad norm: 1.198420
2026-06-16 07:24:11,577 - debug - DEBUG - Batch 160 grad norm: 1.425374
2026-06-16 07:24:12,698 - debug - DEBUG - Batch 170 grad norm: 1.378336
2026-06-16 07:24:13,827 - debug - DEBUG - Batch 180 grad norm: 1.126414
2026-06-16 07:24:14,971 - debug - DEBUG - Batch 190 grad norm: 1.179057
2026-06-16 07:24:15,342 - debug - DEBUG - compute_metrics_and_record started for epoch 119
2026-06-16 07:24:15,342 - debug - DEBUG - all_preds length: 25000, all_targets length: 25000
2026-06-16 07:24:15,342 - debug - DEBUG - First 10 preds: [2, 3, 0, 5, 0, 0, 4, 4, 3, 2]
2026-06-16 07:24:15,342 - debug - DEBUG - First 10 targets: [2, 5, 0, 5, 0, 0, 4, 4, 3, 2]
2026-06-16 07:24:15,349 - debug - DEBUG - Unique predicted classes: 10 (first 10: [0 1 2 3 4 5 6 7 8 9])
2026-06-16 07:24:15,349 - debug - DEBUG - Unique target classes: 10 (first 10: [0 1 2 3 4 5 6 7 8 9])
2026-06-16 07:24:17,603 - debug - DEBUG - compute_metrics_and_record started for epoch 119
2026-06-16 07:24:17,604 - debug - DEBUG - all_preds length: 10000, all_targets length: 10000
2026-06-16 07:24:17,604 - debug - DEBUG - First 10 preds: [3, 8, 8, 9, 6, 6, 1, 6, 3, 1]
2026-06-16 07:24:17,604 - debug - DEBUG - First 10 targets: [3, 8, 8, 0, 6, 6, 1, 6, 3, 1]
2026-06-16 07:24:17,606 - debug - DEBUG - Unique predicted classes: 10 (first 10: [0 1 2 3 4 5 6 7 8 9])
2026-06-16 07:24:17,606 - debug - DEBUG - Unique target classes: 10 (first 10: [0 1 2 3 4 5 6 7 8 9])
2026-06-16 07:24:17,849 - debug - DEBUG - Device Check - Batch 0
2026-06-16 07:24:17,850 - debug - DEBUG -   Config GPU ID: 1
2026-06-16 07:24:17,850 - debug - DEBUG -   Input Device:  cuda:1
2026-06-16 07:24:17,850 - debug - DEBUG -   Target Device: cuda:1
2026-06-16 07:24:17,851 - debug - DEBUG -   Model Device:  cuda:1
2026-06-16 07:24:17,851 - debug - DEBUG -   Criterion Weight Device: No weights
2026-06-16 07:24:18,358 - debug - DEBUG - Batch 0 grad norm: 0.907735
2026-06-16 07:24:19,483 - debug - DEBUG - Batch 10 grad norm: 1.304828
2026-06-16 07:24:20,602 - debug - DEBUG - Batch 20 grad norm: 1.111143
2026-06-16 07:24:21,727 - debug - DEBUG - Batch 30 grad norm: 1.225994
2026-06-16 07:24:22,841 - debug - DEBUG - Batch 40 grad norm: 1.032791
2026-06-16 07:24:23,983 - debug - DEBUG - Batch 50 grad norm: 1.162148
2026-06-16 07:24:25,176 - debug - DEBUG - Batch 60 grad norm: 1.273848
2026-06-16 07:24:26,343 - debug - DEBUG - Batch 70 grad norm: 1.310800
2026-06-16 07:24:27,511 - debug - DEBUG - Batch 80 grad norm: 0.854295
2026-06-16 07:24:28,651 - debug - DEBUG - Batch 90 grad norm: 1.177281
2026-06-16 07:24:29,788 - debug - DEBUG - Batch 100 grad norm: 1.213069
2026-06-16 07:24:30,792 - debug - DEBUG - Batch 110 grad norm: 1.164377
2026-06-16 07:24:31,972 - debug - DEBUG - Batch 120 grad norm: 0.703751
2026-06-16 07:24:32,867 - debug - DEBUG - Batch 130 grad norm: 1.127041
2026-06-16 07:24:33,856 - debug - DEBUG - Batch 140 grad norm: 0.956236
2026-06-16 07:24:35,008 - debug - DEBUG - Batch 150 grad norm: 1.293072
2026-06-16 07:24:35,992 - debug - DEBUG - Batch 160 grad norm: 1.031531
2026-06-16 07:24:37,082 - debug - DEBUG - Batch 170 grad norm: 1.519629
2026-06-16 07:24:38,207 - debug - DEBUG - Batch 180 grad norm: 1.111575
2026-06-16 07:24:39,308 - debug - DEBUG - Batch 190 grad norm: 0.928182
2026-06-16 07:24:39,715 - debug - DEBUG - compute_metrics_and_record started for epoch 120
2026-06-16 07:24:39,715 - debug - DEBUG - all_preds length: 25000, all_targets length: 25000
2026-06-16 07:24:39,716 - debug - DEBUG - First 10 preds: [3, 9, 5, 5, 6, 1, 1, 9, 4, 2]
2026-06-16 07:24:39,716 - debug - DEBUG - First 10 targets: [3, 9, 5, 5, 6, 1, 1, 9, 4, 2]
2026-06-16 07:24:39,726 - debug - DEBUG - Unique predicted classes: 10 (first 10: [0 1 2 3 4 5 6 7 8 9])
2026-06-16 07:24:39,727 - debug - DEBUG - Unique target classes: 10 (first 10: [0 1 2 3 4 5 6 7 8 9])
2026-06-16 07:24:42,006 - debug - DEBUG - compute_metrics_and_record started for epoch 120
2026-06-16 07:24:42,007 - debug - DEBUG - all_preds length: 10000, all_targets length: 10000
2026-06-16 07:24:42,007 - debug - DEBUG - First 10 preds: [3, 1, 1, 1, 6, 5, 1, 6, 3, 1]
2026-06-16 07:24:42,007 - debug - DEBUG - First 10 targets: [3, 8, 8, 0, 6, 6, 1, 6, 3, 1]
2026-06-16 07:24:42,009 - debug - DEBUG - Unique predicted classes: 10 (first 10: [0 1 2 3 4 5 6 7 8 9])
2026-06-16 07:24:42,009 - debug - DEBUG - Unique target classes: 10 (first 10: [0 1 2 3 4 5 6 7 8 9])
2026-06-16 07:24:42,253 - debug - DEBUG - Device Check - Batch 0
2026-06-16 07:24:42,254 - debug - DEBUG -   Config GPU ID: 1
2026-06-16 07:24:42,254 - debug - DEBUG -   Input Device:  cuda:1
2026-06-16 07:24:42,254 - debug - DEBUG -   Target Device: cuda:1
2026-06-16 07:24:42,255 - debug - DEBUG -   Model Device:  cuda:1
2026-06-16 07:24:42,255 - debug - DEBUG -   Criterion Weight Device: No weights
2026-06-16 07:24:42,700 - debug - DEBUG - Batch 0 grad norm: 0.895553
2026-06-16 07:24:43,819 - debug - DEBUG - Batch 10 grad norm: 1.089212
2026-06-16 07:24:44,856 - debug - DEBUG - Batch 20 grad norm: 1.162101
2026-06-16 07:24:45,989 - debug - DEBUG - Batch 30 grad norm: 1.307229
2026-06-16 07:24:47,065 - debug - DEBUG - Batch 40 grad norm: 0.884871
2026-06-16 07:24:48,165 - debug - DEBUG - Batch 50 grad norm: 0.989008
2026-06-16 07:24:49,273 - debug - DEBUG - Batch 60 grad norm: 1.239558
2026-06-16 07:24:50,389 - debug - DEBUG - Batch 70 grad norm: 0.929156
2026-06-16 07:24:51,472 - debug - DEBUG - Batch 80 grad norm: 1.041359
2026-06-16 07:24:52,568 - debug - DEBUG - Batch 90 grad norm: 0.856340
2026-06-16 07:24:53,716 - debug - DEBUG - Batch 100 grad norm: 1.495160
2026-06-16 07:24:54,835 - debug - DEBUG - Batch 110 grad norm: 1.243605
2026-06-16 07:24:55,958 - debug - DEBUG - Batch 120 grad norm: 1.062100
2026-06-16 07:24:57,072 - debug - DEBUG - Batch 130 grad norm: 0.998219
2026-06-16 07:24:58,173 - debug - DEBUG - Batch 140 grad norm: 1.296579
2026-06-16 07:24:59,372 - debug - DEBUG - Batch 150 grad norm: 1.626488
2026-06-16 07:25:00,373 - debug - DEBUG - Batch 160 grad norm: 1.258607
2026-06-16 07:25:01,468 - debug - DEBUG - Batch 170 grad norm: 1.395529
2026-06-16 07:25:02,570 - debug - DEBUG - Batch 180 grad norm: 1.102130
2026-06-16 07:25:03,636 - debug - DEBUG - Batch 190 grad norm: 1.141310
2026-06-16 07:25:04,063 - debug - DEBUG - compute_metrics_and_record started for epoch 121
2026-06-16 07:25:04,064 - debug - DEBUG - all_preds length: 25000, all_targets length: 25000
2026-06-16 07:25:04,064 - debug - DEBUG - First 10 preds: [9, 9, 3, 7, 2, 5, 1, 6, 6, 5]
2026-06-16 07:25:04,064 - debug - DEBUG - First 10 targets: [9, 9, 3, 7, 2, 5, 1, 6, 6, 5]
2026-06-16 07:25:04,072 - debug - DEBUG - Unique predicted classes: 10 (first 10: [0 1 2 3 4 5 6 7 8 9])
2026-06-16 07:25:04,073 - debug - DEBUG - Unique target classes: 10 (first 10: [0 1 2 3 4 5 6 7 8 9])
2026-06-16 07:25:06,457 - debug - DEBUG - compute_metrics_and_record started for epoch 121
2026-06-16 07:25:06,458 - debug - DEBUG - all_preds length: 10000, all_targets length: 10000
2026-06-16 07:25:06,458 - debug - DEBUG - First 10 preds: [3, 8, 1, 0, 6, 5, 1, 6, 3, 1]
2026-06-16 07:25:06,458 - debug - DEBUG - First 10 targets: [3, 8, 8, 0, 6, 6, 1, 6, 3, 1]
2026-06-16 07:25:06,461 - debug - DEBUG - Unique predicted classes: 10 (first 10: [0 1 2 3 4 5 6 7 8 9])
2026-06-16 07:25:06,461 - debug - DEBUG - Unique target classes: 10 (first 10: [0 1 2 3 4 5 6 7 8 9])
2026-06-16 07:25:06,744 - debug - DEBUG - Device Check - Batch 0
2026-06-16 07:25:06,745 - debug - DEBUG -   Config GPU ID: 1
2026-06-16 07:25:06,746 - debug - DEBUG -   Input Device:  cuda:1
2026-06-16 07:25:06,746 - debug - DEBUG -   Target Device: cuda:1
2026-06-16 07:25:06,746 - debug - DEBUG -   Model Device:  cuda:1
2026-06-16 07:25:06,746 - debug - DEBUG -   Criterion Weight Device: No weights
2026-06-16 07:25:07,189 - debug - DEBUG - Batch 0 grad norm: 0.959200
2026-06-16 07:25:08,376 - debug - DEBUG - Batch 10 grad norm: 1.015877
2026-06-16 07:25:09,544 - debug - DEBUG - Batch 20 grad norm: 1.133093
2026-06-16 07:25:10,690 - debug - DEBUG - Batch 30 grad norm: 1.197075
2026-06-16 07:25:11,805 - debug - DEBUG - Batch 40 grad norm: 1.522261
2026-06-16 07:25:12,905 - debug - DEBUG - Batch 50 grad norm: 1.320370
2026-06-16 07:25:14,038 - debug - DEBUG - Batch 60 grad norm: 1.360229
2026-06-16 07:25:15,167 - debug - DEBUG - Batch 70 grad norm: 0.827350
2026-06-16 07:25:16,297 - debug - DEBUG - Batch 80 grad norm: 0.990491
2026-06-16 07:25:17,415 - debug - DEBUG - Batch 90 grad norm: 1.189321
2026-06-16 07:25:18,541 - debug - DEBUG - Batch 100 grad norm: 1.461169
2026-06-16 07:25:19,603 - debug - DEBUG - Batch 110 grad norm: 1.366387
2026-06-16 07:25:20,699 - debug - DEBUG - Batch 120 grad norm: 1.363393
2026-06-16 07:25:21,679 - debug - DEBUG - Batch 130 grad norm: 1.176845
2026-06-16 07:25:22,861 - debug - DEBUG - Batch 140 grad norm: 1.020327
2026-06-16 07:25:23,865 - debug - DEBUG - Batch 150 grad norm: 1.124357
2026-06-16 07:25:24,916 - debug - DEBUG - Batch 160 grad norm: 1.683318
2026-06-16 07:25:26,004 - debug - DEBUG - Batch 170 grad norm: 1.370665
2026-06-16 07:25:27,107 - debug - DEBUG - Batch 180 grad norm: 0.979430
2026-06-16 07:25:28,192 - debug - DEBUG - Batch 190 grad norm: 1.040121
2026-06-16 07:25:28,640 - debug - DEBUG - compute_metrics_and_record started for epoch 122
2026-06-16 07:25:28,640 - debug - DEBUG - all_preds length: 25000, all_targets length: 25000
2026-06-16 07:25:28,640 - debug - DEBUG - First 10 preds: [7, 0, 0, 2, 6, 7, 0, 0, 0, 3]
2026-06-16 07:25:28,641 - debug - DEBUG - First 10 targets: [7, 0, 0, 2, 6, 7, 0, 0, 0, 3]
2026-06-16 07:25:28,651 - debug - DEBUG - Unique predicted classes: 10 (first 10: [0 1 2 3 4 5 6 7 8 9])
2026-06-16 07:25:28,651 - debug - DEBUG - Unique target classes: 10 (first 10: [0 1 2 3 4 5 6 7 8 9])
2026-06-16 07:25:31,011 - debug - DEBUG - compute_metrics_and_record started for epoch 122
2026-06-16 07:25:31,012 - debug - DEBUG - all_preds length: 10000, all_targets length: 10000
2026-06-16 07:25:31,012 - debug - DEBUG - First 10 preds: [3, 8, 8, 0, 6, 6, 1, 6, 3, 9]
2026-06-16 07:25:31,012 - debug - DEBUG - First 10 targets: [3, 8, 8, 0, 6, 6, 1, 6, 3, 1]
2026-06-16 07:25:31,015 - debug - DEBUG - Unique predicted classes: 10 (first 10: [0 1 2 3 4 5 6 7 8 9])
2026-06-16 07:25:31,015 - debug - DEBUG - Unique target classes: 10 (first 10: [0 1 2 3 4 5 6 7 8 9])
2026-06-16 07:25:31,313 - debug - DEBUG - Device Check - Batch 0
2026-06-16 07:25:31,314 - debug - DEBUG -   Config GPU ID: 1
2026-06-16 07:25:31,314 - debug - DEBUG -   Input Device:  cuda:1
2026-06-16 07:25:31,314 - debug - DEBUG -   Target Device: cuda:1
2026-06-16 07:25:31,315 - debug - DEBUG -   Model Device:  cuda:1
2026-06-16 07:25:31,315 - debug - DEBUG -   Criterion Weight Device: No weights
2026-06-16 07:25:31,866 - debug - DEBUG - Batch 0 grad norm: 1.092106
2026-06-16 07:25:32,983 - debug - DEBUG - Batch 10 grad norm: 1.295395
2026-06-16 07:25:34,063 - debug - DEBUG - Batch 20 grad norm: 0.908423
2026-06-16 07:25:35,183 - debug - DEBUG - Batch 30 grad norm: 0.910868
2026-06-16 07:25:36,280 - debug - DEBUG - Batch 40 grad norm: 1.058720
2026-06-16 07:25:37,373 - debug - DEBUG - Batch 50 grad norm: 1.557977
2026-06-16 07:25:38,449 - debug - DEBUG - Batch 60 grad norm: 1.051027
2026-06-16 07:25:39,545 - debug - DEBUG - Batch 70 grad norm: 0.701321
2026-06-16 07:25:40,747 - debug - DEBUG - Batch 80 grad norm: 1.004818
2026-06-16 07:25:41,695 - debug - DEBUG - Batch 90 grad norm: 0.749373
2026-06-16 07:25:42,834 - debug - DEBUG - Batch 100 grad norm: 0.856869
2026-06-16 07:25:43,965 - debug - DEBUG - Batch 110 grad norm: 1.282131
2026-06-16 07:25:45,104 - debug - DEBUG - Batch 120 grad norm: 1.141356
2026-06-16 07:25:46,079 - debug - DEBUG - Batch 130 grad norm: 1.650674
2026-06-16 07:25:47,247 - debug - DEBUG - Batch 140 grad norm: 1.108893
2026-06-16 07:25:48,353 - debug - DEBUG - Batch 150 grad norm: 1.348133
2026-06-16 07:25:49,374 - debug - DEBUG - Batch 160 grad norm: 0.965091
2026-06-16 07:25:50,499 - debug - DEBUG - Batch 170 grad norm: 0.982492
2026-06-16 07:25:51,590 - debug - DEBUG - Batch 180 grad norm: 1.321495
2026-06-16 07:25:52,687 - debug - DEBUG - Batch 190 grad norm: 0.996615
2026-06-16 07:25:53,048 - debug - DEBUG - compute_metrics_and_record started for epoch 123
2026-06-16 07:25:53,048 - debug - DEBUG - all_preds length: 25000, all_targets length: 25000
2026-06-16 07:25:53,048 - debug - DEBUG - First 10 preds: [5, 2, 5, 2, 9, 1, 0, 8, 2, 0]
2026-06-16 07:25:53,048 - debug - DEBUG - First 10 targets: [5, 2, 5, 3, 9, 1, 0, 8, 2, 0]
2026-06-16 07:25:53,056 - debug - DEBUG - Unique predicted classes: 10 (first 10: [0 1 2 3 4 5 6 7 8 9])
2026-06-16 07:25:53,056 - debug - DEBUG - Unique target classes: 10 (first 10: [0 1 2 3 4 5 6 7 8 9])
2026-06-16 07:25:55,326 - debug - DEBUG - compute_metrics_and_record started for epoch 123
2026-06-16 07:25:55,326 - debug - DEBUG - all_preds length: 10000, all_targets length: 10000
2026-06-16 07:25:55,327 - debug - DEBUG - First 10 preds: [3, 8, 1, 0, 6, 6, 9, 6, 3, 1]
2026-06-16 07:25:55,327 - debug - DEBUG - First 10 targets: [3, 8, 8, 0, 6, 6, 1, 6, 3, 1]
2026-06-16 07:25:55,329 - debug - DEBUG - Unique predicted classes: 10 (first 10: [0 1 2 3 4 5 6 7 8 9])
2026-06-16 07:25:55,330 - debug - DEBUG - Unique target classes: 10 (first 10: [0 1 2 3 4 5 6 7 8 9])
2026-06-16 07:25:55,616 - debug - DEBUG - Device Check - Batch 0
2026-06-16 07:25:55,617 - debug - DEBUG -   Config GPU ID: 1
2026-06-16 07:25:55,618 - debug - DEBUG -   Input Device:  cuda:1
2026-06-16 07:25:55,618 - debug - DEBUG -   Target Device: cuda:1
2026-06-16 07:25:55,618 - debug - DEBUG -   Model Device:  cuda:1
2026-06-16 07:25:55,619 - debug - DEBUG -   Criterion Weight Device: No weights
2026-06-16 07:25:56,115 - debug - DEBUG - Batch 0 grad norm: 0.885170
2026-06-16 07:25:57,252 - debug - DEBUG - Batch 10 grad norm: 1.305937
2026-06-16 07:25:58,355 - debug - DEBUG - Batch 20 grad norm: 0.859110
2026-06-16 07:25:59,521 - debug - DEBUG - Batch 30 grad norm: 1.350486
2026-06-16 07:26:00,653 - debug - DEBUG - Batch 40 grad norm: 1.352623
2026-06-16 07:26:01,783 - debug - DEBUG - Batch 50 grad norm: 0.890897
2026-06-16 07:26:02,900 - debug - DEBUG - Batch 60 grad norm: 1.101027
2026-06-16 07:26:04,016 - debug - DEBUG - Batch 70 grad norm: 1.242159
2026-06-16 07:26:05,110 - debug - DEBUG - Batch 80 grad norm: 1.383967
2026-06-16 07:26:06,227 - debug - DEBUG - Batch 90 grad norm: 0.936152
2026-06-16 07:26:07,393 - debug - DEBUG - Batch 100 grad norm: 0.842400
2026-06-16 07:26:08,537 - debug - DEBUG - Batch 110 grad norm: 1.006511
2026-06-16 07:26:09,690 - debug - DEBUG - Batch 120 grad norm: 0.882882
2026-06-16 07:26:10,780 - debug - DEBUG - Batch 130 grad norm: 0.976282
2026-06-16 07:26:11,958 - debug - DEBUG - Batch 140 grad norm: 1.232757
2026-06-16 07:26:12,909 - debug - DEBUG - Batch 150 grad norm: 1.370494
2026-06-16 07:26:13,934 - debug - DEBUG - Batch 160 grad norm: 0.987402
2026-06-16 07:26:15,082 - debug - DEBUG - Batch 170 grad norm: 1.025636
2026-06-16 07:26:16,102 - debug - DEBUG - Batch 180 grad norm: 0.901019
2026-06-16 07:26:17,180 - debug - DEBUG - Batch 190 grad norm: 1.408346
2026-06-16 07:26:17,641 - debug - DEBUG - compute_metrics_and_record started for epoch 124
2026-06-16 07:26:17,642 - debug - DEBUG - all_preds length: 25000, all_targets length: 25000
2026-06-16 07:26:17,642 - debug - DEBUG - First 10 preds: [5, 7, 5, 3, 4, 5, 6, 9, 0, 0]
2026-06-16 07:26:17,642 - debug - DEBUG - First 10 targets: [3, 7, 5, 3, 4, 5, 6, 9, 0, 0]
2026-06-16 07:26:17,650 - debug - DEBUG - Unique predicted classes: 10 (first 10: [0 1 2 3 4 5 6 7 8 9])
2026-06-16 07:26:17,651 - debug - DEBUG - Unique target classes: 10 (first 10: [0 1 2 3 4 5 6 7 8 9])
2026-06-16 07:26:20,029 - debug - DEBUG - compute_metrics_and_record started for epoch 124
2026-06-16 07:26:20,030 - debug - DEBUG - all_preds length: 10000, all_targets length: 10000
2026-06-16 07:26:20,030 - debug - DEBUG - First 10 preds: [3, 0, 0, 0, 6, 3, 1, 6, 3, 1]
2026-06-16 07:26:20,030 - debug - DEBUG - First 10 targets: [3, 8, 8, 0, 6, 6, 1, 6, 3, 1]
2026-06-16 07:26:20,033 - debug - DEBUG - Unique predicted classes: 10 (first 10: [0 1 2 3 4 5 6 7 8 9])
2026-06-16 07:26:20,033 - debug - DEBUG - Unique target classes: 10 (first 10: [0 1 2 3 4 5 6 7 8 9])
2026-06-16 07:26:20,278 - debug - DEBUG - Device Check - Batch 0
2026-06-16 07:26:20,279 - debug - DEBUG -   Config GPU ID: 1
2026-06-16 07:26:20,279 - debug - DEBUG -   Input Device:  cuda:1
2026-06-16 07:26:20,279 - debug - DEBUG -   Target Device: cuda:1
2026-06-16 07:26:20,280 - debug - DEBUG -   Model Device:  cuda:1
2026-06-16 07:26:20,280 - debug - DEBUG -   Criterion Weight Device: No weights
2026-06-16 07:26:20,933 - debug - DEBUG - Batch 0 grad norm: 1.051777
2026-06-16 07:26:22,100 - debug - DEBUG - Batch 10 grad norm: 1.279678
2026-06-16 07:26:23,208 - debug - DEBUG - Batch 20 grad norm: 1.188755
2026-06-16 07:26:24,324 - debug - DEBUG - Batch 30 grad norm: 1.228632
2026-06-16 07:26:25,437 - debug - DEBUG - Batch 40 grad norm: 1.190832
2026-06-16 07:26:26,548 - debug - DEBUG - Batch 50 grad norm: 1.584899
2026-06-16 07:26:27,658 - debug - DEBUG - Batch 60 grad norm: 1.302278
2026-06-16 07:26:28,747 - debug - DEBUG - Batch 70 grad norm: 1.149788
2026-06-16 07:26:29,908 - debug - DEBUG - Batch 80 grad norm: 0.988312
2026-06-16 07:26:31,021 - debug - DEBUG - Batch 90 grad norm: 0.623352
2026-06-16 07:26:32,138 - debug - DEBUG - Batch 100 grad norm: 1.163748
2026-06-16 07:26:33,257 - debug - DEBUG - Batch 110 grad norm: 1.151412
2026-06-16 07:26:34,382 - debug - DEBUG - Batch 120 grad norm: 0.838032
2026-06-16 07:26:35,295 - debug - DEBUG - Batch 130 grad norm: 1.214295
2026-06-16 07:26:36,468 - debug - DEBUG - Batch 140 grad norm: 0.688413
2026-06-16 07:26:37,520 - debug - DEBUG - Batch 150 grad norm: 1.138009
2026-06-16 07:26:38,559 - debug - DEBUG - Batch 160 grad norm: 1.475463
2026-06-16 07:26:39,620 - debug - DEBUG - Batch 170 grad norm: 0.896392
2026-06-16 07:26:40,743 - debug - DEBUG - Batch 180 grad norm: 1.225164
2026-06-16 07:26:41,845 - debug - DEBUG - Batch 190 grad norm: 0.868281
2026-06-16 07:26:42,241 - debug - DEBUG - compute_metrics_and_record started for epoch 125
2026-06-16 07:26:42,242 - debug - DEBUG - all_preds length: 25000, all_targets length: 25000
2026-06-16 07:26:42,242 - debug - DEBUG - First 10 preds: [8, 9, 6, 6, 9, 3, 7, 0, 6, 2]
2026-06-16 07:26:42,242 - debug - DEBUG - First 10 targets: [8, 9, 6, 6, 9, 3, 7, 9, 6, 2]
2026-06-16 07:26:42,249 - debug - DEBUG - Unique predicted classes: 10 (first 10: [0 1 2 3 4 5 6 7 8 9])
2026-06-16 07:26:42,250 - debug - DEBUG - Unique target classes: 10 (first 10: [0 1 2 3 4 5 6 7 8 9])
2026-06-16 07:26:44,421 - debug - DEBUG - compute_metrics_and_record started for epoch 125
2026-06-16 07:26:44,421 - debug - DEBUG - all_preds length: 10000, all_targets length: 10000
2026-06-16 07:26:44,422 - debug - DEBUG - First 10 preds: [3, 8, 8, 8, 6, 6, 1, 6, 3, 1]
2026-06-16 07:26:44,422 - debug - DEBUG - First 10 targets: [3, 8, 8, 0, 6, 6, 1, 6, 3, 1]
2026-06-16 07:26:44,424 - debug - DEBUG - Unique predicted classes: 10 (first 10: [0 1 2 3 4 5 6 7 8 9])
2026-06-16 07:26:44,424 - debug - DEBUG - Unique target classes: 10 (first 10: [0 1 2 3 4 5 6 7 8 9])
2026-06-16 07:26:44,700 - debug - DEBUG - Device Check - Batch 0
2026-06-16 07:26:44,701 - debug - DEBUG -   Config GPU ID: 1
2026-06-16 07:26:44,701 - debug - DEBUG -   Input Device:  cuda:1
2026-06-16 07:26:44,701 - debug - DEBUG -   Target Device: cuda:1
2026-06-16 07:26:44,701 - debug - DEBUG -   Model Device:  cuda:1
2026-06-16 07:26:44,702 - debug - DEBUG -   Criterion Weight Device: No weights
2026-06-16 07:26:45,124 - debug - DEBUG - Batch 0 grad norm: 1.239962
2026-06-16 07:26:46,204 - debug - DEBUG - Batch 10 grad norm: 0.960179
2026-06-16 07:26:47,142 - debug - DEBUG - Batch 20 grad norm: 0.853306
2026-06-16 07:26:48,342 - debug - DEBUG - Batch 30 grad norm: 1.180070
2026-06-16 07:26:49,452 - debug - DEBUG - Batch 40 grad norm: 0.756494
2026-06-16 07:26:50,558 - debug - DEBUG - Batch 50 grad norm: 1.098729
2026-06-16 07:26:51,687 - debug - DEBUG - Batch 60 grad norm: 1.159197
2026-06-16 07:26:52,850 - debug - DEBUG - Batch 70 grad norm: 1.172451
2026-06-16 07:26:53,964 - debug - DEBUG - Batch 80 grad norm: 0.904800
2026-06-16 07:26:55,100 - debug - DEBUG - Batch 90 grad norm: 1.130560
2026-06-16 07:26:56,151 - debug - DEBUG - Batch 100 grad norm: 0.861174
2026-06-16 07:26:57,280 - debug - DEBUG - Batch 110 grad norm: 1.408826
2026-06-16 07:26:58,355 - debug - DEBUG - Batch 120 grad norm: 1.075383
2026-06-16 07:26:59,475 - debug - DEBUG - Batch 130 grad norm: 0.929202
2026-06-16 07:27:00,638 - debug - DEBUG - Batch 140 grad norm: 1.472445
2026-06-16 07:27:01,789 - debug - DEBUG - Batch 150 grad norm: 1.215714
2026-06-16 07:27:02,811 - debug - DEBUG - Batch 160 grad norm: 1.152367
2026-06-16 07:27:03,921 - debug - DEBUG - Batch 170 grad norm: 0.950892
2026-06-16 07:27:05,017 - debug - DEBUG - Batch 180 grad norm: 0.719251
2026-06-16 07:27:06,134 - debug - DEBUG - Batch 190 grad norm: 1.181152
2026-06-16 07:27:06,582 - debug - DEBUG - compute_metrics_and_record started for epoch 126
2026-06-16 07:27:06,582 - debug - DEBUG - all_preds length: 25000, all_targets length: 25000
2026-06-16 07:27:06,582 - debug - DEBUG - First 10 preds: [3, 2, 8, 1, 5, 4, 6, 1, 8, 3]
2026-06-16 07:27:06,582 - debug - DEBUG - First 10 targets: [3, 2, 8, 1, 5, 2, 6, 1, 8, 3]
2026-06-16 07:27:06,588 - debug - DEBUG - Unique predicted classes: 10 (first 10: [0 1 2 3 4 5 6 7 8 9])
2026-06-16 07:27:06,588 - debug - DEBUG - Unique target classes: 10 (first 10: [0 1 2 3 4 5 6 7 8 9])
2026-06-16 07:27:08,909 - debug - DEBUG - compute_metrics_and_record started for epoch 126
2026-06-16 07:27:08,910 - debug - DEBUG - all_preds length: 10000, all_targets length: 10000
2026-06-16 07:27:08,910 - debug - DEBUG - First 10 preds: [3, 1, 1, 0, 6, 3, 1, 6, 3, 1]
2026-06-16 07:27:08,910 - debug - DEBUG - First 10 targets: [3, 8, 8, 0, 6, 6, 1, 6, 3, 1]
2026-06-16 07:27:08,912 - debug - DEBUG - Unique predicted classes: 10 (first 10: [0 1 2 3 4 5 6 7 8 9])
2026-06-16 07:27:08,913 - debug - DEBUG - Unique target classes: 10 (first 10: [0 1 2 3 4 5 6 7 8 9])
2026-06-16 07:27:09,221 - debug - DEBUG - Device Check - Batch 0
2026-06-16 07:27:09,222 - debug - DEBUG -   Config GPU ID: 1
2026-06-16 07:27:09,222 - debug - DEBUG -   Input Device:  cuda:1
2026-06-16 07:27:09,222 - debug - DEBUG -   Target Device: cuda:1
2026-06-16 07:27:09,222 - debug - DEBUG -   Model Device:  cuda:1
2026-06-16 07:27:09,223 - debug - DEBUG -   Criterion Weight Device: No weights
2026-06-16 07:27:09,835 - debug - DEBUG - Batch 0 grad norm: 1.029694
2026-06-16 07:27:11,014 - debug - DEBUG - Batch 10 grad norm: 0.777561
2026-06-16 07:27:12,110 - debug - DEBUG - Batch 20 grad norm: 1.176566
2026-06-16 07:27:13,208 - debug - DEBUG - Batch 30 grad norm: 0.948794
2026-06-16 07:27:14,325 - debug - DEBUG - Batch 40 grad norm: 0.799094
2026-06-16 07:27:15,463 - debug - DEBUG - Batch 50 grad norm: 0.921786
2026-06-16 07:27:16,583 - debug - DEBUG - Batch 60 grad norm: 1.214895
2026-06-16 07:27:17,713 - debug - DEBUG - Batch 70 grad norm: 1.028367
2026-06-16 07:27:18,839 - debug - DEBUG - Batch 80 grad norm: 0.978299
2026-06-16 07:27:19,991 - debug - DEBUG - Batch 90 grad norm: 1.288681
2026-06-16 07:27:20,969 - debug - DEBUG - Batch 100 grad norm: 1.667973
2026-06-16 07:27:22,135 - debug - DEBUG - Batch 110 grad norm: 1.455898
2026-06-16 07:27:23,267 - debug - DEBUG - Batch 120 grad norm: 1.148790
2026-06-16 07:27:24,193 - debug - DEBUG - Batch 130 grad norm: 1.537760
2026-06-16 07:27:25,376 - debug - DEBUG - Batch 140 grad norm: 1.180709
2026-06-16 07:27:26,422 - debug - DEBUG - Batch 150 grad norm: 0.991673
2026-06-16 07:27:27,508 - debug - DEBUG - Batch 160 grad norm: 1.190136
2026-06-16 07:27:28,656 - debug - DEBUG - Batch 170 grad norm: 1.228354
2026-06-16 07:27:29,790 - debug - DEBUG - Batch 180 grad norm: 1.301270
2026-06-16 07:27:30,929 - debug - DEBUG - Batch 190 grad norm: 1.380224
2026-06-16 07:27:31,362 - debug - DEBUG - compute_metrics_and_record started for epoch 127
2026-06-16 07:27:31,362 - debug - DEBUG - all_preds length: 25000, all_targets length: 25000
2026-06-16 07:27:31,362 - debug - DEBUG - First 10 preds: [8, 0, 8, 5, 2, 8, 0, 0, 7, 7]
2026-06-16 07:27:31,362 - debug - DEBUG - First 10 targets: [8, 0, 8, 5, 2, 8, 0, 0, 7, 4]
2026-06-16 07:27:31,369 - debug - DEBUG - Unique predicted classes: 10 (first 10: [0 1 2 3 4 5 6 7 8 9])
2026-06-16 07:27:31,369 - debug - DEBUG - Unique target classes: 10 (first 10: [0 1 2 3 4 5 6 7 8 9])
2026-06-16 07:27:33,802 - debug - DEBUG - compute_metrics_and_record started for epoch 127
2026-06-16 07:27:33,802 - debug - DEBUG - all_preds length: 10000, all_targets length: 10000
2026-06-16 07:27:33,802 - debug - DEBUG - First 10 preds: [3, 8, 0, 0, 6, 6, 1, 6, 3, 9]
2026-06-16 07:27:33,802 - debug - DEBUG - First 10 targets: [3, 8, 8, 0, 6, 6, 1, 6, 3, 1]
2026-06-16 07:27:33,805 - debug - DEBUG - Unique predicted classes: 10 (first 10: [0 1 2 3 4 5 6 7 8 9])
2026-06-16 07:27:33,805 - debug - DEBUG - Unique target classes: 10 (first 10: [0 1 2 3 4 5 6 7 8 9])
2026-06-16 07:27:34,121 - debug - DEBUG - Device Check - Batch 0
2026-06-16 07:27:34,122 - debug - DEBUG -   Config GPU ID: 1
2026-06-16 07:27:34,122 - debug - DEBUG -   Input Device:  cuda:1
2026-06-16 07:27:34,122 - debug - DEBUG -   Target Device: cuda:1
2026-06-16 07:27:34,122 - debug - DEBUG -   Model Device:  cuda:1
2026-06-16 07:27:34,123 - debug - DEBUG -   Criterion Weight Device: No weights
2026-06-16 07:27:34,628 - debug - DEBUG - Batch 0 grad norm: 0.965877
2026-06-16 07:27:35,772 - debug - DEBUG - Batch 10 grad norm: 1.261812
2026-06-16 07:27:36,901 - debug - DEBUG - Batch 20 grad norm: 1.210423
2026-06-16 07:27:38,025 - debug - DEBUG - Batch 30 grad norm: 0.761079
2026-06-16 07:27:39,139 - debug - DEBUG - Batch 40 grad norm: 0.725123
2026-06-16 07:27:40,273 - debug - DEBUG - Batch 50 grad norm: 1.221010
2026-06-16 07:27:41,382 - debug - DEBUG - Batch 60 grad norm: 0.942954
2026-06-16 07:27:42,513 - debug - DEBUG - Batch 70 grad norm: 1.568332
2026-06-16 07:27:43,600 - debug - DEBUG - Batch 80 grad norm: 0.873625
2026-06-16 07:27:44,726 - debug - DEBUG - Batch 90 grad norm: 0.888208
2026-06-16 07:27:45,810 - debug - DEBUG - Batch 100 grad norm: 0.991253
2026-06-16 07:27:46,913 - debug - DEBUG - Batch 110 grad norm: 1.304361
2026-06-16 07:27:48,010 - debug - DEBUG - Batch 120 grad norm: 1.121271
2026-06-16 07:27:49,090 - debug - DEBUG - Batch 130 grad norm: 1.104936
2026-06-16 07:27:50,311 - debug - DEBUG - Batch 140 grad norm: 1.244626
2026-06-16 07:27:51,284 - debug - DEBUG - Batch 150 grad norm: 1.214955
2026-06-16 07:27:52,405 - debug - DEBUG - Batch 160 grad norm: 1.348788
2026-06-16 07:27:53,481 - debug - DEBUG - Batch 170 grad norm: 1.418925
2026-06-16 07:27:54,589 - debug - DEBUG - Batch 180 grad norm: 1.291296
2026-06-16 07:27:55,725 - debug - DEBUG - Batch 190 grad norm: 1.204264
2026-06-16 07:27:56,093 - debug - DEBUG - compute_metrics_and_record started for epoch 128
2026-06-16 07:27:56,093 - debug - DEBUG - all_preds length: 25000, all_targets length: 25000
2026-06-16 07:27:56,093 - debug - DEBUG - First 10 preds: [2, 5, 5, 2, 2, 2, 9, 4, 7, 5]
2026-06-16 07:27:56,093 - debug - DEBUG - First 10 targets: [2, 3, 5, 4, 2, 2, 9, 4, 7, 3]
2026-06-16 07:27:56,101 - debug - DEBUG - Unique predicted classes: 10 (first 10: [0 1 2 3 4 5 6 7 8 9])
2026-06-16 07:27:56,102 - debug - DEBUG - Unique target classes: 10 (first 10: [0 1 2 3 4 5 6 7 8 9])
2026-06-16 07:27:58,278 - debug - DEBUG - compute_metrics_and_record started for epoch 128
2026-06-16 07:27:58,278 - debug - DEBUG - all_preds length: 10000, all_targets length: 10000
2026-06-16 07:27:58,278 - debug - DEBUG - First 10 preds: [3, 8, 8, 8, 6, 6, 1, 6, 3, 1]
2026-06-16 07:27:58,278 - debug - DEBUG - First 10 targets: [3, 8, 8, 0, 6, 6, 1, 6, 3, 1]
2026-06-16 07:27:58,281 - debug - DEBUG - Unique predicted classes: 10 (first 10: [0 1 2 3 4 5 6 7 8 9])
2026-06-16 07:27:58,282 - debug - DEBUG - Unique target classes: 10 (first 10: [0 1 2 3 4 5 6 7 8 9])
2026-06-16 07:27:58,569 - debug - DEBUG - Device Check - Batch 0
2026-06-16 07:27:58,570 - debug - DEBUG -   Config GPU ID: 1
2026-06-16 07:27:58,571 - debug - DEBUG -   Input Device:  cuda:1
2026-06-16 07:27:58,571 - debug - DEBUG -   Target Device: cuda:1
2026-06-16 07:27:58,571 - debug - DEBUG -   Model Device:  cuda:1
2026-06-16 07:27:58,572 - debug - DEBUG -   Criterion Weight Device: No weights
2026-06-16 07:27:59,027 - debug - DEBUG - Batch 0 grad norm: 1.083247
2026-06-16 07:28:00,114 - debug - DEBUG - Batch 10 grad norm: 1.429914
2026-06-16 07:28:01,237 - debug - DEBUG - Batch 20 grad norm: 1.362452
2026-06-16 07:28:02,359 - debug - DEBUG - Batch 30 grad norm: 0.834192
2026-06-16 07:28:03,447 - debug - DEBUG - Batch 40 grad norm: 0.958857
2026-06-16 07:28:04,505 - debug - DEBUG - Batch 50 grad norm: 1.240126
2026-06-16 07:28:05,603 - debug - DEBUG - Batch 60 grad norm: 1.037044
2026-06-16 07:28:06,713 - debug - DEBUG - Batch 70 grad norm: 1.113248
2026-06-16 07:28:07,821 - debug - DEBUG - Batch 80 grad norm: 1.116586
2026-06-16 07:28:08,915 - debug - DEBUG - Batch 90 grad norm: 0.943665
2026-06-16 07:28:10,063 - debug - DEBUG - Batch 100 grad norm: 1.402976
2026-06-16 07:28:11,192 - debug - DEBUG - Batch 110 grad norm: 0.897538
2026-06-16 07:28:12,331 - debug - DEBUG - Batch 120 grad norm: 1.148014
2026-06-16 07:28:13,433 - debug - DEBUG - Batch 130 grad norm: 1.204773
2026-06-16 07:28:14,537 - debug - DEBUG - Batch 140 grad norm: 1.466611
2026-06-16 07:28:15,717 - debug - DEBUG - Batch 150 grad norm: 1.360645
2026-06-16 07:28:16,741 - debug - DEBUG - Batch 160 grad norm: 1.353070
2026-06-16 07:28:17,860 - debug - DEBUG - Batch 170 grad norm: 1.246978
2026-06-16 07:28:19,028 - debug - DEBUG - Batch 180 grad norm: 1.633525
2026-06-16 07:28:20,152 - debug - DEBUG - Batch 190 grad norm: 0.876373
2026-06-16 07:28:20,547 - debug - DEBUG - compute_metrics_and_record started for epoch 129
2026-06-16 07:28:20,547 - debug - DEBUG - all_preds length: 25000, all_targets length: 25000
2026-06-16 07:28:20,547 - debug - DEBUG - First 10 preds: [6, 3, 4, 3, 1, 0, 2, 2, 2, 0]
2026-06-16 07:28:20,548 - debug - DEBUG - First 10 targets: [6, 3, 4, 3, 1, 0, 2, 2, 0, 0]
2026-06-16 07:28:20,555 - debug - DEBUG - Unique predicted classes: 10 (first 10: [0 1 2 3 4 5 6 7 8 9])
2026-06-16 07:28:20,555 - debug - DEBUG - Unique target classes: 10 (first 10: [0 1 2 3 4 5 6 7 8 9])
2026-06-16 07:28:22,908 - debug - DEBUG - compute_metrics_and_record started for epoch 129
2026-06-16 07:28:22,908 - debug - DEBUG - all_preds length: 10000, all_targets length: 10000
2026-06-16 07:28:22,909 - debug - DEBUG - First 10 preds: [3, 0, 1, 8, 6, 6, 1, 2, 3, 1]
2026-06-16 07:28:22,909 - debug - DEBUG - First 10 targets: [3, 8, 8, 0, 6, 6, 1, 6, 3, 1]
2026-06-16 07:28:22,911 - debug - DEBUG - Unique predicted classes: 10 (first 10: [0 1 2 3 4 5 6 7 8 9])
2026-06-16 07:28:22,911 - debug - DEBUG - Unique target classes: 10 (first 10: [0 1 2 3 4 5 6 7 8 9])
2026-06-16 07:28:23,184 - debug - DEBUG - Device Check - Batch 0
2026-06-16 07:28:23,185 - debug - DEBUG -   Config GPU ID: 1
2026-06-16 07:28:23,185 - debug - DEBUG -   Input Device:  cuda:1
2026-06-16 07:28:23,185 - debug - DEBUG -   Target Device: cuda:1
2026-06-16 07:28:23,186 - debug - DEBUG -   Model Device:  cuda:1
2026-06-16 07:28:23,186 - debug - DEBUG -   Criterion Weight Device: No weights
2026-06-16 07:28:23,720 - debug - DEBUG - Batch 0 grad norm: 1.022837
2026-06-16 07:28:24,842 - debug - DEBUG - Batch 10 grad norm: 0.836703
2026-06-16 07:28:25,973 - debug - DEBUG - Batch 20 grad norm: 0.648176
2026-06-16 07:28:27,100 - debug - DEBUG - Batch 30 grad norm: 0.729326
2026-06-16 07:28:28,211 - debug - DEBUG - Batch 40 grad norm: 0.911864
2026-06-16 07:28:29,178 - debug - DEBUG - Batch 50 grad norm: 1.199451
2026-06-16 07:28:30,398 - debug - DEBUG - Batch 60 grad norm: 1.165823
2026-06-16 07:28:31,390 - debug - DEBUG - Batch 70 grad norm: 1.101755
2026-06-16 07:28:32,424 - debug - DEBUG - Batch 80 grad norm: 1.331455
2026-06-16 07:28:33,531 - debug - DEBUG - Batch 90 grad norm: 0.736666
2026-06-16 07:28:34,616 - debug - DEBUG - Batch 100 grad norm: 1.207689
2026-06-16 07:28:35,718 - debug - DEBUG - Batch 110 grad norm: 1.194232
2026-06-16 07:28:36,820 - debug - DEBUG - Batch 120 grad norm: 0.711943
2026-06-16 07:28:37,846 - debug - DEBUG - Batch 130 grad norm: 1.546428
2026-06-16 07:28:39,012 - debug - DEBUG - Batch 140 grad norm: 1.086397
2026-06-16 07:28:40,114 - debug - DEBUG - Batch 150 grad norm: 1.097898
2026-06-16 07:28:41,122 - debug - DEBUG - Batch 160 grad norm: 1.125371
2026-06-16 07:28:42,252 - debug - DEBUG - Batch 170 grad norm: 1.413778
2026-06-16 07:28:43,310 - debug - DEBUG - Batch 180 grad norm: 1.300008
2026-06-16 07:28:44,421 - debug - DEBUG - Batch 190 grad norm: 1.275633
2026-06-16 07:28:44,820 - debug - DEBUG - compute_metrics_and_record started for epoch 130
2026-06-16 07:28:44,821 - debug - DEBUG - all_preds length: 25000, all_targets length: 25000
2026-06-16 07:28:44,821 - debug - DEBUG - First 10 preds: [1, 0, 6, 6, 8, 6, 4, 8, 8, 8]
2026-06-16 07:28:44,821 - debug - DEBUG - First 10 targets: [1, 0, 6, 6, 8, 6, 4, 8, 8, 8]
2026-06-16 07:28:44,831 - debug - DEBUG - Unique predicted classes: 10 (first 10: [0 1 2 3 4 5 6 7 8 9])
2026-06-16 07:28:44,831 - debug - DEBUG - Unique target classes: 10 (first 10: [0 1 2 3 4 5 6 7 8 9])
2026-06-16 07:28:47,036 - debug - DEBUG - compute_metrics_and_record started for epoch 130
2026-06-16 07:28:47,037 - debug - DEBUG - all_preds length: 10000, all_targets length: 10000
2026-06-16 07:28:47,037 - debug - DEBUG - First 10 preds: [3, 8, 8, 0, 6, 3, 9, 6, 3, 1]
2026-06-16 07:28:47,037 - debug - DEBUG - First 10 targets: [3, 8, 8, 0, 6, 6, 1, 6, 3, 1]
2026-06-16 07:28:47,039 - debug - DEBUG - Unique predicted classes: 10 (first 10: [0 1 2 3 4 5 6 7 8 9])
2026-06-16 07:28:47,040 - debug - DEBUG - Unique target classes: 10 (first 10: [0 1 2 3 4 5 6 7 8 9])
2026-06-16 07:28:47,293 - debug - DEBUG - Device Check - Batch 0
2026-06-16 07:28:47,294 - debug - DEBUG -   Config GPU ID: 1
2026-06-16 07:28:47,294 - debug - DEBUG -   Input Device:  cuda:1
2026-06-16 07:28:47,294 - debug - DEBUG -   Target Device: cuda:1
2026-06-16 07:28:47,295 - debug - DEBUG -   Model Device:  cuda:1
2026-06-16 07:28:47,295 - debug - DEBUG -   Criterion Weight Device: No weights
2026-06-16 07:28:47,745 - debug - DEBUG - Batch 0 grad norm: 0.975676
2026-06-16 07:28:48,863 - debug - DEBUG - Batch 10 grad norm: 0.910095
2026-06-16 07:28:49,981 - debug - DEBUG - Batch 20 grad norm: 1.172619
2026-06-16 07:28:51,073 - debug - DEBUG - Batch 30 grad norm: 1.013213
2026-06-16 07:28:52,217 - debug - DEBUG - Batch 40 grad norm: 1.404145
2026-06-16 07:28:53,325 - debug - DEBUG - Batch 50 grad norm: 0.973620
2026-06-16 07:28:54,455 - debug - DEBUG - Batch 60 grad norm: 1.271884
2026-06-16 07:28:55,546 - debug - DEBUG - Batch 70 grad norm: 0.912999
2026-06-16 07:28:56,672 - debug - DEBUG - Batch 80 grad norm: 1.191806
2026-06-16 07:28:57,743 - debug - DEBUG - Batch 90 grad norm: 1.278964
2026-06-16 07:28:58,860 - debug - DEBUG - Batch 100 grad norm: 1.199226
2026-06-16 07:28:59,985 - debug - DEBUG - Batch 110 grad norm: 1.097353
2026-06-16 07:29:01,130 - debug - DEBUG - Batch 120 grad norm: 1.237110
2026-06-16 07:29:02,251 - debug - DEBUG - Batch 130 grad norm: 1.098445
2026-06-16 07:29:03,272 - debug - DEBUG - Batch 140 grad norm: 0.951903
2026-06-16 07:29:04,509 - debug - DEBUG - Batch 150 grad norm: 0.968744
2026-06-16 07:29:05,507 - debug - DEBUG - Batch 160 grad norm: 1.109792
2026-06-16 07:29:06,648 - debug - DEBUG - Batch 170 grad norm: 0.680834
2026-06-16 07:29:07,786 - debug - DEBUG - Batch 180 grad norm: 1.123579
2026-06-16 07:29:08,932 - debug - DEBUG - Batch 190 grad norm: 1.220218
2026-06-16 07:29:09,332 - debug - DEBUG - compute_metrics_and_record started for epoch 131
2026-06-16 07:29:09,332 - debug - DEBUG - all_preds length: 25000, all_targets length: 25000
2026-06-16 07:29:09,332 - debug - DEBUG - First 10 preds: [3, 3, 5, 4, 7, 9, 7, 0, 3, 0]
2026-06-16 07:29:09,332 - debug - DEBUG - First 10 targets: [3, 3, 5, 4, 7, 9, 7, 0, 3, 8]
2026-06-16 07:29:09,339 - debug - DEBUG - Unique predicted classes: 10 (first 10: [0 1 2 3 4 5 6 7 8 9])
2026-06-16 07:29:09,339 - debug - DEBUG - Unique target classes: 10 (first 10: [0 1 2 3 4 5 6 7 8 9])
2026-06-16 07:29:11,685 - debug - DEBUG - compute_metrics_and_record started for epoch 131
2026-06-16 07:29:11,686 - debug - DEBUG - all_preds length: 10000, all_targets length: 10000
2026-06-16 07:29:11,686 - debug - DEBUG - First 10 preds: [3, 8, 1, 0, 6, 6, 9, 6, 3, 1]
2026-06-16 07:29:11,686 - debug - DEBUG - First 10 targets: [3, 8, 8, 0, 6, 6, 1, 6, 3, 1]
2026-06-16 07:29:11,689 - debug - DEBUG - Unique predicted classes: 10 (first 10: [0 1 2 3 4 5 6 7 8 9])
2026-06-16 07:29:11,689 - debug - DEBUG - Unique target classes: 10 (first 10: [0 1 2 3 4 5 6 7 8 9])
2026-06-16 07:29:11,973 - debug - DEBUG - Device Check - Batch 0
2026-06-16 07:29:11,974 - debug - DEBUG -   Config GPU ID: 1
2026-06-16 07:29:11,974 - debug - DEBUG -   Input Device:  cuda:1
2026-06-16 07:29:11,974 - debug - DEBUG -   Target Device: cuda:1
2026-06-16 07:29:11,974 - debug - DEBUG -   Model Device:  cuda:1
2026-06-16 07:29:11,974 - debug - DEBUG -   Criterion Weight Device: No weights
2026-06-16 07:29:12,524 - debug - DEBUG - Batch 0 grad norm: 0.878961
2026-06-16 07:29:13,643 - debug - DEBUG - Batch 10 grad norm: 0.980303
2026-06-16 07:29:14,768 - debug - DEBUG - Batch 20 grad norm: 1.396422
2026-06-16 07:29:15,892 - debug - DEBUG - Batch 30 grad norm: 1.273832
2026-06-16 07:29:17,024 - debug - DEBUG - Batch 40 grad norm: 1.160510
2026-06-16 07:29:18,160 - debug - DEBUG - Batch 50 grad norm: 1.181739
2026-06-16 07:29:19,267 - debug - DEBUG - Batch 60 grad norm: 0.956911
2026-06-16 07:29:20,381 - debug - DEBUG - Batch 70 grad norm: 1.307882
2026-06-16 07:29:21,513 - debug - DEBUG - Batch 80 grad norm: 1.005118
2026-06-16 07:29:22,650 - debug - DEBUG - Batch 90 grad norm: 1.188723
2026-06-16 07:29:23,779 - debug - DEBUG - Batch 100 grad norm: 1.134052
2026-06-16 07:29:24,878 - debug - DEBUG - Batch 110 grad norm: 1.099391
2026-06-16 07:29:25,986 - debug - DEBUG - Batch 120 grad norm: 1.079820
2026-06-16 07:29:27,128 - debug - DEBUG - Batch 130 grad norm: 0.895882
2026-06-16 07:29:28,294 - debug - DEBUG - Batch 140 grad norm: 0.676049
2026-06-16 07:29:29,290 - debug - DEBUG - Batch 150 grad norm: 1.139828
2026-06-16 07:29:30,384 - debug - DEBUG - Batch 160 grad norm: 0.818398
2026-06-16 07:29:31,486 - debug - DEBUG - Batch 170 grad norm: 1.137849
2026-06-16 07:29:32,582 - debug - DEBUG - Batch 180 grad norm: 1.099771
2026-06-16 07:29:33,667 - debug - DEBUG - Batch 190 grad norm: 1.211880
2026-06-16 07:29:34,059 - debug - DEBUG - compute_metrics_and_record started for epoch 132
2026-06-16 07:29:34,059 - debug - DEBUG - all_preds length: 25000, all_targets length: 25000
2026-06-16 07:29:34,059 - debug - DEBUG - First 10 preds: [5, 0, 2, 6, 4, 1, 6, 1, 1, 6]
2026-06-16 07:29:34,059 - debug - DEBUG - First 10 targets: [5, 0, 2, 6, 4, 1, 6, 1, 1, 6]
2026-06-16 07:29:34,067 - debug - DEBUG - Unique predicted classes: 10 (first 10: [0 1 2 3 4 5 6 7 8 9])
2026-06-16 07:29:34,068 - debug - DEBUG - Unique target classes: 10 (first 10: [0 1 2 3 4 5 6 7 8 9])
2026-06-16 07:29:36,236 - debug - DEBUG - compute_metrics_and_record started for epoch 132
2026-06-16 07:29:36,236 - debug - DEBUG - all_preds length: 10000, all_targets length: 10000
2026-06-16 07:29:36,237 - debug - DEBUG - First 10 preds: [3, 0, 1, 0, 6, 3, 1, 2, 3, 1]
2026-06-16 07:29:36,237 - debug - DEBUG - First 10 targets: [3, 8, 8, 0, 6, 6, 1, 6, 3, 1]
2026-06-16 07:29:36,239 - debug - DEBUG - Unique predicted classes: 10 (first 10: [0 1 2 3 4 5 6 7 8 9])
2026-06-16 07:29:36,240 - debug - DEBUG - Unique target classes: 10 (first 10: [0 1 2 3 4 5 6 7 8 9])
2026-06-16 07:29:36,495 - debug - DEBUG - Device Check - Batch 0
2026-06-16 07:29:36,496 - debug - DEBUG -   Config GPU ID: 1
2026-06-16 07:29:36,496 - debug - DEBUG -   Input Device:  cuda:1
2026-06-16 07:29:36,496 - debug - DEBUG -   Target Device: cuda:1
2026-06-16 07:29:36,496 - debug - DEBUG -   Model Device:  cuda:1
2026-06-16 07:29:36,497 - debug - DEBUG -   Criterion Weight Device: No weights
2026-06-16 07:29:36,852 - debug - DEBUG - Batch 0 grad norm: 1.175122
2026-06-16 07:29:37,972 - debug - DEBUG - Batch 10 grad norm: 1.051184
2026-06-16 07:29:39,156 - debug - DEBUG - Batch 20 grad norm: 0.996593
2026-06-16 07:29:40,115 - debug - DEBUG - Batch 30 grad norm: 1.205337
2026-06-16 07:29:41,257 - debug - DEBUG - Batch 40 grad norm: 1.668228
2026-06-16 07:29:42,378 - debug - DEBUG - Batch 50 grad norm: 1.350456
2026-06-16 07:29:43,521 - debug - DEBUG - Batch 60 grad norm: 0.899677
2026-06-16 07:29:44,608 - debug - DEBUG - Batch 70 grad norm: 0.974747
2026-06-16 07:29:45,718 - debug - DEBUG - Batch 80 grad norm: 1.123942
2026-06-16 07:29:46,823 - debug - DEBUG - Batch 90 grad norm: 1.395625
2026-06-16 07:29:47,926 - debug - DEBUG - Batch 100 grad norm: 0.969246
2026-06-16 07:29:49,031 - debug - DEBUG - Batch 110 grad norm: 1.274747
2026-06-16 07:29:50,148 - debug - DEBUG - Batch 120 grad norm: 0.806514
2026-06-16 07:29:51,201 - debug - DEBUG - Batch 130 grad norm: 1.074017
2026-06-16 07:29:52,383 - debug - DEBUG - Batch 140 grad norm: 1.062020
2026-06-16 07:29:53,399 - debug - DEBUG - Batch 150 grad norm: 1.245257
2026-06-16 07:29:54,528 - debug - DEBUG - Batch 160 grad norm: 0.968513
2026-06-16 07:29:55,665 - debug - DEBUG - Batch 170 grad norm: 1.210993
2026-06-16 07:29:56,790 - debug - DEBUG - Batch 180 grad norm: 1.408469
2026-06-16 07:29:57,945 - debug - DEBUG - Batch 190 grad norm: 1.276740
2026-06-16 07:29:58,267 - debug - DEBUG - compute_metrics_and_record started for epoch 133
2026-06-16 07:29:58,268 - debug - DEBUG - all_preds length: 25000, all_targets length: 25000
2026-06-16 07:29:58,268 - debug - DEBUG - First 10 preds: [4, 9, 4, 2, 4, 3, 1, 9, 3, 2]
2026-06-16 07:29:58,268 - debug - DEBUG - First 10 targets: [4, 9, 4, 2, 4, 3, 1, 9, 3, 2]
2026-06-16 07:29:58,274 - debug - DEBUG - Unique predicted classes: 10 (first 10: [0 1 2 3 4 5 6 7 8 9])
2026-06-16 07:29:58,274 - debug - DEBUG - Unique target classes: 10 (first 10: [0 1 2 3 4 5 6 7 8 9])
2026-06-16 07:30:00,493 - debug - DEBUG - compute_metrics_and_record started for epoch 133
2026-06-16 07:30:00,493 - debug - DEBUG - all_preds length: 10000, all_targets length: 10000
2026-06-16 07:30:00,493 - debug - DEBUG - First 10 preds: [3, 8, 8, 8, 6, 3, 1, 2, 3, 1]
2026-06-16 07:30:00,493 - debug - DEBUG - First 10 targets: [3, 8, 8, 0, 6, 6, 1, 6, 3, 1]
2026-06-16 07:30:00,496 - debug - DEBUG - Unique predicted classes: 10 (first 10: [0 1 2 3 4 5 6 7 8 9])
2026-06-16 07:30:00,496 - debug - DEBUG - Unique target classes: 10 (first 10: [0 1 2 3 4 5 6 7 8 9])
2026-06-16 07:30:00,739 - debug - DEBUG - Device Check - Batch 0
2026-06-16 07:30:00,740 - debug - DEBUG -   Config GPU ID: 1
2026-06-16 07:30:00,740 - debug - DEBUG -   Input Device:  cuda:1
2026-06-16 07:30:00,740 - debug - DEBUG -   Target Device: cuda:1
2026-06-16 07:30:00,741 - debug - DEBUG -   Model Device:  cuda:1
2026-06-16 07:30:00,741 - debug - DEBUG -   Criterion Weight Device: No weights
2026-06-16 07:30:01,245 - debug - DEBUG - Batch 0 grad norm: 1.126561
2026-06-16 07:30:02,359 - debug - DEBUG - Batch 10 grad norm: 0.887534
2026-06-16 07:30:03,482 - debug - DEBUG - Batch 20 grad norm: 1.085807
2026-06-16 07:30:04,593 - debug - DEBUG - Batch 30 grad norm: 1.070285
2026-06-16 07:30:05,727 - debug - DEBUG - Batch 40 grad norm: 1.307103
2026-06-16 07:30:06,843 - debug - DEBUG - Batch 50 grad norm: 0.993262
2026-06-16 07:30:07,932 - debug - DEBUG - Batch 60 grad norm: 1.015091
2026-06-16 07:30:09,006 - debug - DEBUG - Batch 70 grad norm: 1.045222
2026-06-16 07:30:10,066 - debug - DEBUG - Batch 80 grad norm: 0.896381
2026-06-16 07:30:11,110 - debug - DEBUG - Batch 90 grad norm: 1.252309
2026-06-16 07:30:12,255 - debug - DEBUG - Batch 100 grad norm: 1.468001
2026-06-16 07:30:13,387 - debug - DEBUG - Batch 110 grad norm: 1.269102
2026-06-16 07:30:14,423 - debug - DEBUG - Batch 120 grad norm: 1.430923
2026-06-16 07:30:15,557 - debug - DEBUG - Batch 130 grad norm: 1.036527
2026-06-16 07:30:16,746 - debug - DEBUG - Batch 140 grad norm: 1.250695
2026-06-16 07:30:17,683 - debug - DEBUG - Batch 150 grad norm: 1.368720
2026-06-16 07:30:18,799 - debug - DEBUG - Batch 160 grad norm: 0.922997
2026-06-16 07:30:19,856 - debug - DEBUG - Batch 170 grad norm: 1.144454
2026-06-16 07:30:20,955 - debug - DEBUG - Batch 180 grad norm: 0.903199
2026-06-16 07:30:22,037 - debug - DEBUG - Batch 190 grad norm: 1.227683
2026-06-16 07:30:22,451 - debug - DEBUG - compute_metrics_and_record started for epoch 134
2026-06-16 07:30:22,451 - debug - DEBUG - all_preds length: 25000, all_targets length: 25000
2026-06-16 07:30:22,451 - debug - DEBUG - First 10 preds: [5, 7, 6, 7, 6, 1, 9, 5, 4, 0]
2026-06-16 07:30:22,451 - debug - DEBUG - First 10 targets: [5, 7, 6, 7, 6, 1, 9, 5, 5, 0]
2026-06-16 07:30:22,458 - debug - DEBUG - Unique predicted classes: 10 (first 10: [0 1 2 3 4 5 6 7 8 9])
2026-06-16 07:30:22,458 - debug - DEBUG - Unique target classes: 10 (first 10: [0 1 2 3 4 5 6 7 8 9])
2026-06-16 07:30:24,595 - debug - DEBUG - compute_metrics_and_record started for epoch 134
2026-06-16 07:30:24,596 - debug - DEBUG - all_preds length: 10000, all_targets length: 10000
2026-06-16 07:30:24,596 - debug - DEBUG - First 10 preds: [3, 8, 0, 8, 6, 5, 1, 6, 3, 1]
2026-06-16 07:30:24,596 - debug - DEBUG - First 10 targets: [3, 8, 8, 0, 6, 6, 1, 6, 3, 1]
2026-06-16 07:30:24,598 - debug - DEBUG - Unique predicted classes: 10 (first 10: [0 1 2 3 4 5 6 7 8 9])
2026-06-16 07:30:24,599 - debug - DEBUG - Unique target classes: 10 (first 10: [0 1 2 3 4 5 6 7 8 9])
2026-06-16 07:30:24,849 - debug - DEBUG - Device Check - Batch 0
2026-06-16 07:30:24,849 - debug - DEBUG -   Config GPU ID: 1
2026-06-16 07:30:24,849 - debug - DEBUG -   Input Device:  cuda:1
2026-06-16 07:30:24,849 - debug - DEBUG -   Target Device: cuda:1
2026-06-16 07:30:24,850 - debug - DEBUG -   Model Device:  cuda:1
2026-06-16 07:30:24,850 - debug - DEBUG -   Criterion Weight Device: No weights
2026-06-16 07:30:25,276 - debug - DEBUG - Batch 0 grad norm: 1.040392
2026-06-16 07:30:26,370 - debug - DEBUG - Batch 10 grad norm: 0.791994
2026-06-16 07:30:27,500 - debug - DEBUG - Batch 20 grad norm: 1.025644
2026-06-16 07:30:28,627 - debug - DEBUG - Batch 30 grad norm: 0.999100
2026-06-16 07:30:29,733 - debug - DEBUG - Batch 40 grad norm: 0.838642
2026-06-16 07:30:30,869 - debug - DEBUG - Batch 50 grad norm: 0.966581
2026-06-16 07:30:31,965 - debug - DEBUG - Batch 60 grad norm: 1.293896
2026-06-16 07:30:33,103 - debug - DEBUG - Batch 70 grad norm: 0.939512
2026-06-16 07:30:34,211 - debug - DEBUG - Batch 80 grad norm: 0.711471
2026-06-16 07:30:35,307 - debug - DEBUG - Batch 90 grad norm: 0.806256
2026-06-16 07:30:36,363 - debug - DEBUG - Batch 100 grad norm: 0.947624
2026-06-16 07:30:37,472 - debug - DEBUG - Batch 110 grad norm: 1.017435
2026-06-16 07:30:38,552 - debug - DEBUG - Batch 120 grad norm: 1.081256
2026-06-16 07:30:39,651 - debug - DEBUG - Batch 130 grad norm: 0.979509
2026-06-16 07:30:40,804 - debug - DEBUG - Batch 140 grad norm: 1.225589
2026-06-16 07:30:41,782 - debug - DEBUG - Batch 150 grad norm: 1.247405
2026-06-16 07:30:42,891 - debug - DEBUG - Batch 160 grad norm: 1.435314
2026-06-16 07:30:43,960 - debug - DEBUG - Batch 170 grad norm: 0.898024
2026-06-16 07:30:45,059 - debug - DEBUG - Batch 180 grad norm: 1.445858
2026-06-16 07:30:46,161 - debug - DEBUG - Batch 190 grad norm: 1.092250
2026-06-16 07:30:46,507 - debug - DEBUG - compute_metrics_and_record started for epoch 135
2026-06-16 07:30:46,508 - debug - DEBUG - all_preds length: 25000, all_targets length: 25000
2026-06-16 07:30:46,508 - debug - DEBUG - First 10 preds: [3, 9, 7, 0, 7, 0, 1, 4, 6, 5]
2026-06-16 07:30:46,508 - debug - DEBUG - First 10 targets: [3, 9, 7, 0, 7, 0, 1, 4, 6, 5]
2026-06-16 07:30:46,515 - debug - DEBUG - Unique predicted classes: 10 (first 10: [0 1 2 3 4 5 6 7 8 9])
2026-06-16 07:30:46,515 - debug - DEBUG - Unique target classes: 10 (first 10: [0 1 2 3 4 5 6 7 8 9])
2026-06-16 07:30:48,639 - debug - DEBUG - compute_metrics_and_record started for epoch 135
2026-06-16 07:30:48,640 - debug - DEBUG - all_preds length: 10000, all_targets length: 10000
2026-06-16 07:30:48,640 - debug - DEBUG - First 10 preds: [3, 8, 8, 8, 6, 5, 1, 2, 3, 1]
2026-06-16 07:30:48,640 - debug - DEBUG - First 10 targets: [3, 8, 8, 0, 6, 6, 1, 6, 3, 1]
2026-06-16 07:30:48,643 - debug - DEBUG - Unique predicted classes: 10 (first 10: [0 1 2 3 4 5 6 7 8 9])
2026-06-16 07:30:48,643 - debug - DEBUG - Unique target classes: 10 (first 10: [0 1 2 3 4 5 6 7 8 9])
2026-06-16 07:30:48,920 - debug - DEBUG - Device Check - Batch 0
2026-06-16 07:30:48,920 - debug - DEBUG -   Config GPU ID: 1
2026-06-16 07:30:48,920 - debug - DEBUG -   Input Device:  cuda:1
2026-06-16 07:30:48,921 - debug - DEBUG -   Target Device: cuda:1
2026-06-16 07:30:48,921 - debug - DEBUG -   Model Device:  cuda:1
2026-06-16 07:30:48,921 - debug - DEBUG -   Criterion Weight Device: No weights
2026-06-16 07:30:49,410 - debug - DEBUG - Batch 0 grad norm: 1.084907
2026-06-16 07:30:50,515 - debug - DEBUG - Batch 10 grad norm: 1.002815
2026-06-16 07:30:51,649 - debug - DEBUG - Batch 20 grad norm: 1.207187
2026-06-16 07:30:52,780 - debug - DEBUG - Batch 30 grad norm: 1.122714
2026-06-16 07:30:53,894 - debug - DEBUG - Batch 40 grad norm: 1.043538
2026-06-16 07:30:55,002 - debug - DEBUG - Batch 50 grad norm: 0.848759
2026-06-16 07:30:56,106 - debug - DEBUG - Batch 60 grad norm: 1.294648
2026-06-16 07:30:57,242 - debug - DEBUG - Batch 70 grad norm: 1.397357
2026-06-16 07:30:58,351 - debug - DEBUG - Batch 80 grad norm: 0.981010
2026-06-16 07:30:59,497 - debug - DEBUG - Batch 90 grad norm: 0.861394
2026-06-16 07:31:00,614 - debug - DEBUG - Batch 100 grad norm: 1.189198
2026-06-16 07:31:01,761 - debug - DEBUG - Batch 110 grad norm: 1.738888
2026-06-16 07:31:02,849 - debug - DEBUG - Batch 120 grad norm: 1.054244
2026-06-16 07:31:03,913 - debug - DEBUG - Batch 130 grad norm: 1.262098
2026-06-16 07:31:05,099 - debug - DEBUG - Batch 140 grad norm: 1.052353
2026-06-16 07:31:06,159 - debug - DEBUG - Batch 150 grad norm: 0.871540
2026-06-16 07:31:07,301 - debug - DEBUG - Batch 160 grad norm: 1.099535
2026-06-16 07:31:08,451 - debug - DEBUG - Batch 170 grad norm: 1.178222
2026-06-16 07:31:09,552 - debug - DEBUG - Batch 180 grad norm: 1.369260
2026-06-16 07:31:10,673 - debug - DEBUG - Batch 190 grad norm: 1.179526
2026-06-16 07:31:10,979 - debug - DEBUG - compute_metrics_and_record started for epoch 136
2026-06-16 07:31:10,979 - debug - DEBUG - all_preds length: 25000, all_targets length: 25000
2026-06-16 07:31:10,979 - debug - DEBUG - First 10 preds: [7, 5, 7, 9, 8, 0, 8, 9, 8, 1]
2026-06-16 07:31:10,980 - debug - DEBUG - First 10 targets: [7, 5, 7, 9, 8, 0, 8, 9, 8, 1]
2026-06-16 07:31:10,991 - debug - DEBUG - Unique predicted classes: 10 (first 10: [0 1 2 3 4 5 6 7 8 9])
2026-06-16 07:31:10,991 - debug - DEBUG - Unique target classes: 10 (first 10: [0 1 2 3 4 5 6 7 8 9])
2026-06-16 07:31:13,309 - debug - DEBUG - compute_metrics_and_record started for epoch 136
2026-06-16 07:31:13,309 - debug - DEBUG - all_preds length: 10000, all_targets length: 10000
2026-06-16 07:31:13,309 - debug - DEBUG - First 10 preds: [3, 8, 8, 8, 6, 6, 1, 6, 3, 6]
2026-06-16 07:31:13,309 - debug - DEBUG - First 10 targets: [3, 8, 8, 0, 6, 6, 1, 6, 3, 1]
2026-06-16 07:31:13,312 - debug - DEBUG - Unique predicted classes: 10 (first 10: [0 1 2 3 4 5 6 7 8 9])
2026-06-16 07:31:13,312 - debug - DEBUG - Unique target classes: 10 (first 10: [0 1 2 3 4 5 6 7 8 9])
2026-06-16 07:31:13,603 - debug - DEBUG - Device Check - Batch 0
2026-06-16 07:31:13,603 - debug - DEBUG -   Config GPU ID: 1
2026-06-16 07:31:13,603 - debug - DEBUG -   Input Device:  cuda:1
2026-06-16 07:31:13,604 - debug - DEBUG -   Target Device: cuda:1
2026-06-16 07:31:13,604 - debug - DEBUG -   Model Device:  cuda:1
2026-06-16 07:31:13,604 - debug - DEBUG -   Criterion Weight Device: No weights
2026-06-16 07:31:14,078 - debug - DEBUG - Batch 0 grad norm: 1.073688
2026-06-16 07:31:15,181 - debug - DEBUG - Batch 10 grad norm: 1.366436
2026-06-16 07:31:16,322 - debug - DEBUG - Batch 20 grad norm: 0.682505
2026-06-16 07:31:17,427 - debug - DEBUG - Batch 30 grad norm: 0.896055
2026-06-16 07:31:18,567 - debug - DEBUG - Batch 40 grad norm: 1.494601
2026-06-16 07:31:19,652 - debug - DEBUG - Batch 50 grad norm: 1.201515
2026-06-16 07:31:20,875 - debug - DEBUG - Batch 60 grad norm: 1.322326
2026-06-16 07:31:21,815 - debug - DEBUG - Batch 70 grad norm: 1.044372
2026-06-16 07:31:22,958 - debug - DEBUG - Batch 80 grad norm: 0.695428
2026-06-16 07:31:24,041 - debug - DEBUG - Batch 90 grad norm: 1.480317
2026-06-16 07:31:25,158 - debug - DEBUG - Batch 100 grad norm: 1.144553
2026-06-16 07:31:26,247 - debug - DEBUG - Batch 110 grad norm: 1.242524
2026-06-16 07:31:27,371 - debug - DEBUG - Batch 120 grad norm: 0.845319
2026-06-16 07:31:28,474 - debug - DEBUG - Batch 130 grad norm: 1.115284
2026-06-16 07:31:29,662 - debug - DEBUG - Batch 140 grad norm: 1.119459
2026-06-16 07:31:30,684 - debug - DEBUG - Batch 150 grad norm: 1.456230
2026-06-16 07:31:31,805 - debug - DEBUG - Batch 160 grad norm: 0.884567
2026-06-16 07:31:32,919 - debug - DEBUG - Batch 170 grad norm: 1.333955
2026-06-16 07:31:34,012 - debug - DEBUG - Batch 180 grad norm: 1.174443
2026-06-16 07:31:35,155 - debug - DEBUG - Batch 190 grad norm: 1.210956
2026-06-16 07:31:35,449 - debug - DEBUG - compute_metrics_and_record started for epoch 137
2026-06-16 07:31:35,449 - debug - DEBUG - all_preds length: 25000, all_targets length: 25000
2026-06-16 07:31:35,450 - debug - DEBUG - First 10 preds: [5, 2, 4, 7, 4, 0, 6, 6, 0, 5]
2026-06-16 07:31:35,450 - debug - DEBUG - First 10 targets: [5, 2, 4, 7, 4, 0, 6, 6, 0, 5]
2026-06-16 07:31:35,456 - debug - DEBUG - Unique predicted classes: 10 (first 10: [0 1 2 3 4 5 6 7 8 9])
2026-06-16 07:31:35,456 - debug - DEBUG - Unique target classes: 10 (first 10: [0 1 2 3 4 5 6 7 8 9])
2026-06-16 07:31:37,723 - debug - DEBUG - compute_metrics_and_record started for epoch 137
2026-06-16 07:31:37,724 - debug - DEBUG - all_preds length: 10000, all_targets length: 10000
2026-06-16 07:31:37,724 - debug - DEBUG - First 10 preds: [3, 8, 8, 8, 6, 5, 1, 2, 3, 1]
2026-06-16 07:31:37,724 - debug - DEBUG - First 10 targets: [3, 8, 8, 0, 6, 6, 1, 6, 3, 1]
2026-06-16 07:31:37,726 - debug - DEBUG - Unique predicted classes: 10 (first 10: [0 1 2 3 4 5 6 7 8 9])
2026-06-16 07:31:37,727 - debug - DEBUG - Unique target classes: 10 (first 10: [0 1 2 3 4 5 6 7 8 9])
2026-06-16 07:31:37,969 - debug - DEBUG - Device Check - Batch 0
2026-06-16 07:31:37,969 - debug - DEBUG -   Config GPU ID: 1
2026-06-16 07:31:37,970 - debug - DEBUG -   Input Device:  cuda:1
2026-06-16 07:31:37,970 - debug - DEBUG -   Target Device: cuda:1
2026-06-16 07:31:37,970 - debug - DEBUG -   Model Device:  cuda:1
2026-06-16 07:31:37,970 - debug - DEBUG -   Criterion Weight Device: No weights
2026-06-16 07:31:38,480 - debug - DEBUG - Batch 0 grad norm: 1.043243
2026-06-16 07:31:39,615 - debug - DEBUG - Batch 10 grad norm: 1.149625
2026-06-16 07:31:40,723 - debug - DEBUG - Batch 20 grad norm: 1.045921
2026-06-16 07:31:41,831 - debug - DEBUG - Batch 30 grad norm: 1.175439
2026-06-16 07:31:42,938 - debug - DEBUG - Batch 40 grad norm: 1.050340
2026-06-16 07:31:44,031 - debug - DEBUG - Batch 50 grad norm: 1.150647
2026-06-16 07:31:45,162 - debug - DEBUG - Batch 60 grad norm: 1.179306
2026-06-16 07:31:46,266 - debug - DEBUG - Batch 70 grad norm: 1.287316
2026-06-16 07:31:47,381 - debug - DEBUG - Batch 80 grad norm: 1.094279
2026-06-16 07:31:48,492 - debug - DEBUG - Batch 90 grad norm: 1.303535
2026-06-16 07:31:49,629 - debug - DEBUG - Batch 100 grad norm: 0.868006
2026-06-16 07:31:50,734 - debug - DEBUG - Batch 110 grad norm: 0.931670
2026-06-16 07:31:51,883 - debug - DEBUG - Batch 120 grad norm: 1.042718
2026-06-16 07:31:52,732 - debug - DEBUG - Batch 130 grad norm: 1.270810
2026-06-16 07:31:53,920 - debug - DEBUG - Batch 140 grad norm: 1.058002
2026-06-16 07:31:55,075 - debug - DEBUG - Batch 150 grad norm: 0.792484
2026-06-16 07:31:55,954 - debug - DEBUG - Batch 160 grad norm: 1.033621
2026-06-16 07:31:57,063 - debug - DEBUG - Batch 170 grad norm: 0.727708
2026-06-16 07:31:58,185 - debug - DEBUG - Batch 180 grad norm: 1.098444
2026-06-16 07:31:59,285 - debug - DEBUG - Batch 190 grad norm: 1.050215
2026-06-16 07:31:59,655 - debug - DEBUG - compute_metrics_and_record started for epoch 138
2026-06-16 07:31:59,656 - debug - DEBUG - all_preds length: 25000, all_targets length: 25000
2026-06-16 07:31:59,656 - debug - DEBUG - First 10 preds: [9, 7, 6, 7, 6, 0, 8, 8, 7, 7]
2026-06-16 07:31:59,656 - debug - DEBUG - First 10 targets: [9, 7, 6, 7, 6, 0, 8, 8, 7, 7]
2026-06-16 07:31:59,663 - debug - DEBUG - Unique predicted classes: 10 (first 10: [0 1 2 3 4 5 6 7 8 9])
2026-06-16 07:31:59,663 - debug - DEBUG - Unique target classes: 10 (first 10: [0 1 2 3 4 5 6 7 8 9])
2026-06-16 07:32:01,845 - debug - DEBUG - compute_metrics_and_record started for epoch 138
2026-06-16 07:32:01,845 - debug - DEBUG - all_preds length: 10000, all_targets length: 10000
2026-06-16 07:32:01,845 - debug - DEBUG - First 10 preds: [3, 8, 1, 1, 6, 6, 1, 6, 3, 1]
2026-06-16 07:32:01,845 - debug - DEBUG - First 10 targets: [3, 8, 8, 0, 6, 6, 1, 6, 3, 1]
2026-06-16 07:32:01,848 - debug - DEBUG - Unique predicted classes: 10 (first 10: [0 1 2 3 4 5 6 7 8 9])
2026-06-16 07:32:01,848 - debug - DEBUG - Unique target classes: 10 (first 10: [0 1 2 3 4 5 6 7 8 9])
2026-06-16 07:32:02,097 - debug - DEBUG - Device Check - Batch 0
2026-06-16 07:32:02,097 - debug - DEBUG -   Config GPU ID: 1
2026-06-16 07:32:02,097 - debug - DEBUG -   Input Device:  cuda:1
2026-06-16 07:32:02,098 - debug - DEBUG -   Target Device: cuda:1
2026-06-16 07:32:02,098 - debug - DEBUG -   Model Device:  cuda:1
2026-06-16 07:32:02,098 - debug - DEBUG -   Criterion Weight Device: No weights
2026-06-16 07:32:02,564 - debug - DEBUG - Batch 0 grad norm: 0.972757
2026-06-16 07:32:03,700 - debug - DEBUG - Batch 10 grad norm: 1.354111
2026-06-16 07:32:04,798 - debug - DEBUG - Batch 20 grad norm: 1.066942
2026-06-16 07:32:05,952 - debug - DEBUG - Batch 30 grad norm: 0.835088
2026-06-16 07:32:07,078 - debug - DEBUG - Batch 40 grad norm: 1.157975
2026-06-16 07:32:08,220 - debug - DEBUG - Batch 50 grad norm: 0.746924
2026-06-16 07:32:09,284 - debug - DEBUG - Batch 60 grad norm: 1.205329
2026-06-16 07:32:10,433 - debug - DEBUG - Batch 70 grad norm: 1.218332
2026-06-16 07:32:11,534 - debug - DEBUG - Batch 80 grad norm: 1.209197
2026-06-16 07:32:12,642 - debug - DEBUG - Batch 90 grad norm: 1.372921
2026-06-16 07:32:13,781 - debug - DEBUG - Batch 100 grad norm: 1.152094
2026-06-16 07:32:14,886 - debug - DEBUG - Batch 110 grad norm: 1.210568
2026-06-16 07:32:16,009 - debug - DEBUG - Batch 120 grad norm: 1.054571
2026-06-16 07:32:17,138 - debug - DEBUG - Batch 130 grad norm: 0.901874
2026-06-16 07:32:18,288 - debug - DEBUG - Batch 140 grad norm: 1.150919
2026-06-16 07:32:19,452 - debug - DEBUG - Batch 150 grad norm: 1.178849
2026-06-16 07:32:20,538 - debug - DEBUG - Batch 160 grad norm: 1.148556
2026-06-16 07:32:21,656 - debug - DEBUG - Batch 170 grad norm: 1.047593
2026-06-16 07:32:22,816 - debug - DEBUG - Batch 180 grad norm: 1.541707
2026-06-16 07:32:23,935 - debug - DEBUG - Batch 190 grad norm: 1.803316
2026-06-16 07:32:24,379 - debug - DEBUG - compute_metrics_and_record started for epoch 139
2026-06-16 07:32:24,380 - debug - DEBUG - all_preds length: 25000, all_targets length: 25000
2026-06-16 07:32:24,380 - debug - DEBUG - First 10 preds: [6, 5, 9, 6, 4, 4, 4, 4, 6, 7]
2026-06-16 07:32:24,380 - debug - DEBUG - First 10 targets: [6, 5, 9, 6, 4, 4, 4, 4, 6, 7]
2026-06-16 07:32:24,387 - debug - DEBUG - Unique predicted classes: 10 (first 10: [0 1 2 3 4 5 6 7 8 9])
2026-06-16 07:32:24,387 - debug - DEBUG - Unique target classes: 10 (first 10: [0 1 2 3 4 5 6 7 8 9])
2026-06-16 07:32:26,773 - debug - DEBUG - compute_metrics_and_record started for epoch 139
2026-06-16 07:32:26,773 - debug - DEBUG - all_preds length: 10000, all_targets length: 10000
2026-06-16 07:32:26,774 - debug - DEBUG - First 10 preds: [3, 8, 8, 8, 6, 3, 1, 6, 3, 1]
2026-06-16 07:32:26,774 - debug - DEBUG - First 10 targets: [3, 8, 8, 0, 6, 6, 1, 6, 3, 1]
2026-06-16 07:32:26,776 - debug - DEBUG - Unique predicted classes: 10 (first 10: [0 1 2 3 4 5 6 7 8 9])
2026-06-16 07:32:26,776 - debug - DEBUG - Unique target classes: 10 (first 10: [0 1 2 3 4 5 6 7 8 9])
2026-06-16 07:32:27,023 - debug - DEBUG - Device Check - Batch 0
2026-06-16 07:32:27,024 - debug - DEBUG -   Config GPU ID: 1
2026-06-16 07:32:27,025 - debug - DEBUG -   Input Device:  cuda:1
2026-06-16 07:32:27,025 - debug - DEBUG -   Target Device: cuda:1
2026-06-16 07:32:27,025 - debug - DEBUG -   Model Device:  cuda:1
2026-06-16 07:32:27,025 - debug - DEBUG -   Criterion Weight Device: No weights
2026-06-16 07:32:27,454 - debug - DEBUG - Batch 0 grad norm: 1.323820
2026-06-16 07:32:28,662 - debug - DEBUG - Batch 10 grad norm: 0.975585
2026-06-16 07:32:29,702 - debug - DEBUG - Batch 20 grad norm: 1.564790
2026-06-16 07:32:30,721 - debug - DEBUG - Batch 30 grad norm: 1.230832
2026-06-16 07:32:31,848 - debug - DEBUG - Batch 40 grad norm: 0.786836
2026-06-16 07:32:32,973 - debug - DEBUG - Batch 50 grad norm: 1.084240
2026-06-16 07:32:34,040 - debug - DEBUG - Batch 60 grad norm: 1.116734
2026-06-16 07:32:35,117 - debug - DEBUG - Batch 70 grad norm: 1.065326
2026-06-16 07:32:36,274 - debug - DEBUG - Batch 80 grad norm: 1.090355
2026-06-16 07:32:37,329 - debug - DEBUG - Batch 90 grad norm: 1.212649
2026-06-16 07:32:38,455 - debug - DEBUG - Batch 100 grad norm: 1.423756
2026-06-16 07:32:39,554 - debug - DEBUG - Batch 110 grad norm: 1.204135
2026-06-16 07:32:40,697 - debug - DEBUG - Batch 120 grad norm: 1.264879
2026-06-16 07:32:41,796 - debug - DEBUG - Batch 130 grad norm: 0.870035
2026-06-16 07:32:42,939 - debug - DEBUG - Batch 140 grad norm: 0.935100
2026-06-16 07:32:44,100 - debug - DEBUG - Batch 150 grad norm: 0.860748
2026-06-16 07:32:45,142 - debug - DEBUG - Batch 160 grad norm: 1.101117
2026-06-16 07:32:46,256 - debug - DEBUG - Batch 170 grad norm: 0.666923
2026-06-16 07:32:47,390 - debug - DEBUG - Batch 180 grad norm: 1.227634
2026-06-16 07:32:48,487 - debug - DEBUG - Batch 190 grad norm: 0.844803
2026-06-16 07:32:48,874 - debug - DEBUG - compute_metrics_and_record started for epoch 140
2026-06-16 07:32:48,874 - debug - DEBUG - all_preds length: 25000, all_targets length: 25000
2026-06-16 07:32:48,874 - debug - DEBUG - First 10 preds: [9, 4, 8, 1, 4, 9, 8, 3, 7, 5]
2026-06-16 07:32:48,874 - debug - DEBUG - First 10 targets: [9, 7, 8, 1, 4, 9, 8, 3, 7, 5]
2026-06-16 07:32:48,881 - debug - DEBUG - Unique predicted classes: 10 (first 10: [0 1 2 3 4 5 6 7 8 9])
2026-06-16 07:32:48,881 - debug - DEBUG - Unique target classes: 10 (first 10: [0 1 2 3 4 5 6 7 8 9])
2026-06-16 07:32:51,076 - debug - DEBUG - compute_metrics_and_record started for epoch 140
2026-06-16 07:32:51,076 - debug - DEBUG - all_preds length: 10000, all_targets length: 10000
2026-06-16 07:32:51,076 - debug - DEBUG - First 10 preds: [3, 8, 7, 8, 6, 6, 1, 6, 3, 1]
2026-06-16 07:32:51,076 - debug - DEBUG - First 10 targets: [3, 8, 8, 0, 6, 6, 1, 6, 3, 1]
2026-06-16 07:32:51,079 - debug - DEBUG - Unique predicted classes: 10 (first 10: [0 1 2 3 4 5 6 7 8 9])
2026-06-16 07:32:51,079 - debug - DEBUG - Unique target classes: 10 (first 10: [0 1 2 3 4 5 6 7 8 9])
2026-06-16 07:32:51,320 - debug - DEBUG - Device Check - Batch 0
2026-06-16 07:32:51,321 - debug - DEBUG -   Config GPU ID: 1
2026-06-16 07:32:51,321 - debug - DEBUG -   Input Device:  cuda:1
2026-06-16 07:32:51,321 - debug - DEBUG -   Target Device: cuda:1
2026-06-16 07:32:51,322 - debug - DEBUG -   Model Device:  cuda:1
2026-06-16 07:32:51,322 - debug - DEBUG -   Criterion Weight Device: No weights
2026-06-16 07:32:51,779 - debug - DEBUG - Batch 0 grad norm: 0.906069
2026-06-16 07:32:52,888 - debug - DEBUG - Batch 10 grad norm: 1.372741
2026-06-16 07:32:53,989 - debug - DEBUG - Batch 20 grad norm: 1.065721
2026-06-16 07:32:55,126 - debug - DEBUG - Batch 30 grad norm: 0.940697
2026-06-16 07:32:56,235 - debug - DEBUG - Batch 40 grad norm: 0.957299
2026-06-16 07:32:57,345 - debug - DEBUG - Batch 50 grad norm: 1.394271
2026-06-16 07:32:58,473 - debug - DEBUG - Batch 60 grad norm: 1.053956
2026-06-16 07:32:59,647 - debug - DEBUG - Batch 70 grad norm: 1.051420
2026-06-16 07:33:00,791 - debug - DEBUG - Batch 80 grad norm: 1.116632
2026-06-16 07:33:01,828 - debug - DEBUG - Batch 90 grad norm: 0.824338
2026-06-16 07:33:02,972 - debug - DEBUG - Batch 100 grad norm: 1.183114
2026-06-16 07:33:04,084 - debug - DEBUG - Batch 110 grad norm: 1.188139
2026-06-16 07:33:05,053 - debug - DEBUG - Batch 120 grad norm: 1.108958
2026-06-16 07:33:06,181 - debug - DEBUG - Batch 130 grad norm: 1.109394
2026-06-16 07:33:07,337 - debug - DEBUG - Batch 140 grad norm: 0.995800
2026-06-16 07:33:08,492 - debug - DEBUG - Batch 150 grad norm: 1.207419
2026-06-16 07:33:09,467 - debug - DEBUG - Batch 160 grad norm: 1.265969
2026-06-16 07:33:10,564 - debug - DEBUG - Batch 170 grad norm: 1.032009
2026-06-16 07:33:11,659 - debug - DEBUG - Batch 180 grad norm: 1.343753
2026-06-16 07:33:12,736 - debug - DEBUG - Batch 190 grad norm: 1.092090
2026-06-16 07:33:13,164 - debug - DEBUG - compute_metrics_and_record started for epoch 141
2026-06-16 07:33:13,165 - debug - DEBUG - all_preds length: 25000, all_targets length: 25000
2026-06-16 07:33:13,165 - debug - DEBUG - First 10 preds: [7, 6, 9, 9, 4, 0, 0, 1, 4, 8]
2026-06-16 07:33:13,165 - debug - DEBUG - First 10 targets: [7, 6, 9, 9, 4, 0, 0, 1, 4, 8]
2026-06-16 07:33:13,172 - debug - DEBUG - Unique predicted classes: 10 (first 10: [0 1 2 3 4 5 6 7 8 9])
2026-06-16 07:33:13,172 - debug - DEBUG - Unique target classes: 10 (first 10: [0 1 2 3 4 5 6 7 8 9])
2026-06-16 07:33:15,344 - debug - DEBUG - compute_metrics_and_record started for epoch 141
2026-06-16 07:33:15,344 - debug - DEBUG - all_preds length: 10000, all_targets length: 10000
2026-06-16 07:33:15,345 - debug - DEBUG - First 10 preds: [3, 8, 1, 8, 6, 6, 1, 6, 3, 1]
2026-06-16 07:33:15,345 - debug - DEBUG - First 10 targets: [3, 8, 8, 0, 6, 6, 1, 6, 3, 1]
2026-06-16 07:33:15,348 - debug - DEBUG - Unique predicted classes: 10 (first 10: [0 1 2 3 4 5 6 7 8 9])
2026-06-16 07:33:15,349 - debug - DEBUG - Unique target classes: 10 (first 10: [0 1 2 3 4 5 6 7 8 9])
2026-06-16 07:33:15,593 - debug - DEBUG - Device Check - Batch 0
2026-06-16 07:33:15,594 - debug - DEBUG -   Config GPU ID: 1
2026-06-16 07:33:15,595 - debug - DEBUG -   Input Device:  cuda:1
2026-06-16 07:33:15,595 - debug - DEBUG -   Target Device: cuda:1
2026-06-16 07:33:15,595 - debug - DEBUG -   Model Device:  cuda:1
2026-06-16 07:33:15,595 - debug - DEBUG -   Criterion Weight Device: No weights
2026-06-16 07:33:15,978 - debug - DEBUG - Batch 0 grad norm: 1.233023
2026-06-16 07:33:17,096 - debug - DEBUG - Batch 10 grad norm: 1.243092
2026-06-16 07:33:18,228 - debug - DEBUG - Batch 20 grad norm: 1.125654
2026-06-16 07:33:19,323 - debug - DEBUG - Batch 30 grad norm: 0.685128
2026-06-16 07:33:20,461 - debug - DEBUG - Batch 40 grad norm: 0.975561
2026-06-16 07:33:21,562 - debug - DEBUG - Batch 50 grad norm: 1.089088
2026-06-16 07:33:22,680 - debug - DEBUG - Batch 60 grad norm: 1.422519
2026-06-16 07:33:23,749 - debug - DEBUG - Batch 70 grad norm: 1.111000
2026-06-16 07:33:24,849 - debug - DEBUG - Batch 80 grad norm: 1.045129
2026-06-16 07:33:26,005 - debug - DEBUG - Batch 90 grad norm: 1.091229
2026-06-16 07:33:27,105 - debug - DEBUG - Batch 100 grad norm: 1.165777
2026-06-16 07:33:28,233 - debug - DEBUG - Batch 110 grad norm: 0.832846
2026-06-16 07:33:29,345 - debug - DEBUG - Batch 120 grad norm: 1.238703
2026-06-16 07:33:30,433 - debug - DEBUG - Batch 130 grad norm: 1.123886
2026-06-16 07:33:31,550 - debug - DEBUG - Batch 140 grad norm: 1.178127
2026-06-16 07:33:32,727 - debug - DEBUG - Batch 150 grad norm: 1.105574
2026-06-16 07:33:33,746 - debug - DEBUG - Batch 160 grad norm: 1.301843
2026-06-16 07:33:34,900 - debug - DEBUG - Batch 170 grad norm: 1.133732
2026-06-16 07:33:35,997 - debug - DEBUG - Batch 180 grad norm: 0.904412
2026-06-16 07:33:37,125 - debug - DEBUG - Batch 190 grad norm: 1.065648
2026-06-16 07:33:37,542 - debug - DEBUG - compute_metrics_and_record started for epoch 142
2026-06-16 07:33:37,543 - debug - DEBUG - all_preds length: 25000, all_targets length: 25000
2026-06-16 07:33:37,543 - debug - DEBUG - First 10 preds: [0, 5, 7, 3, 7, 2, 2, 6, 3, 1]
2026-06-16 07:33:37,543 - debug - DEBUG - First 10 targets: [0, 5, 7, 8, 7, 2, 2, 6, 5, 1]
2026-06-16 07:33:37,550 - debug - DEBUG - Unique predicted classes: 10 (first 10: [0 1 2 3 4 5 6 7 8 9])
2026-06-16 07:33:37,551 - debug - DEBUG - Unique target classes: 10 (first 10: [0 1 2 3 4 5 6 7 8 9])
2026-06-16 07:33:39,740 - debug - DEBUG - compute_metrics_and_record started for epoch 142
2026-06-16 07:33:39,741 - debug - DEBUG - all_preds length: 10000, all_targets length: 10000
2026-06-16 07:33:39,741 - debug - DEBUG - First 10 preds: [3, 8, 8, 8, 6, 6, 1, 2, 3, 1]
2026-06-16 07:33:39,741 - debug - DEBUG - First 10 targets: [3, 8, 8, 0, 6, 6, 1, 6, 3, 1]
2026-06-16 07:33:39,743 - debug - DEBUG - Unique predicted classes: 10 (first 10: [0 1 2 3 4 5 6 7 8 9])
2026-06-16 07:33:39,744 - debug - DEBUG - Unique target classes: 10 (first 10: [0 1 2 3 4 5 6 7 8 9])
2026-06-16 07:33:39,996 - debug - DEBUG - Device Check - Batch 0
2026-06-16 07:33:39,997 - debug - DEBUG -   Config GPU ID: 1
2026-06-16 07:33:39,997 - debug - DEBUG -   Input Device:  cuda:1
2026-06-16 07:33:39,997 - debug - DEBUG -   Target Device: cuda:1
2026-06-16 07:33:39,997 - debug - DEBUG -   Model Device:  cuda:1
2026-06-16 07:33:39,997 - debug - DEBUG -   Criterion Weight Device: No weights
2026-06-16 07:33:40,607 - debug - DEBUG - Batch 0 grad norm: 0.826944
2026-06-16 07:33:41,717 - debug - DEBUG - Batch 10 grad norm: 0.854870
2026-06-16 07:33:42,870 - debug - DEBUG - Batch 20 grad norm: 0.888463
2026-06-16 07:33:44,019 - debug - DEBUG - Batch 30 grad norm: 1.033808
2026-06-16 07:33:45,209 - debug - DEBUG - Batch 40 grad norm: 1.124642
2026-06-16 07:33:46,351 - debug - DEBUG - Batch 50 grad norm: 1.353682
2026-06-16 07:33:47,525 - debug - DEBUG - Batch 60 grad norm: 1.411963
2026-06-16 07:33:48,648 - debug - DEBUG - Batch 70 grad norm: 1.179885
2026-06-16 07:33:49,781 - debug - DEBUG - Batch 80 grad norm: 1.100131
2026-06-16 07:33:50,895 - debug - DEBUG - Batch 90 grad norm: 1.427202
2026-06-16 07:33:51,995 - debug - DEBUG - Batch 100 grad norm: 1.306063
2026-06-16 07:33:53,136 - debug - DEBUG - Batch 110 grad norm: 1.302778
2026-06-16 07:33:54,240 - debug - DEBUG - Batch 120 grad norm: 1.471819
2026-06-16 07:33:55,273 - debug - DEBUG - Batch 130 grad norm: 0.557426
2026-06-16 07:33:56,430 - debug - DEBUG - Batch 140 grad norm: 1.478845
2026-06-16 07:33:57,517 - debug - DEBUG - Batch 150 grad norm: 1.014331
2026-06-16 07:33:58,600 - debug - DEBUG - Batch 160 grad norm: 0.675583
2026-06-16 07:33:59,737 - debug - DEBUG - Batch 170 grad norm: 1.616571
2026-06-16 07:34:00,831 - debug - DEBUG - Batch 180 grad norm: 1.288842
2026-06-16 07:34:01,959 - debug - DEBUG - Batch 190 grad norm: 1.376826
2026-06-16 07:34:02,381 - debug - DEBUG - compute_metrics_and_record started for epoch 143
2026-06-16 07:34:02,381 - debug - DEBUG - all_preds length: 25000, all_targets length: 25000
2026-06-16 07:34:02,381 - debug - DEBUG - First 10 preds: [0, 1, 7, 7, 3, 8, 6, 9, 9, 8]
2026-06-16 07:34:02,381 - debug - DEBUG - First 10 targets: [0, 1, 7, 7, 3, 8, 6, 9, 9, 8]
2026-06-16 07:34:02,388 - debug - DEBUG - Unique predicted classes: 10 (first 10: [0 1 2 3 4 5 6 7 8 9])
2026-06-16 07:34:02,389 - debug - DEBUG - Unique target classes: 10 (first 10: [0 1 2 3 4 5 6 7 8 9])
2026-06-16 07:34:04,745 - debug - DEBUG - compute_metrics_and_record started for epoch 143
2026-06-16 07:34:04,745 - debug - DEBUG - all_preds length: 10000, all_targets length: 10000
2026-06-16 07:34:04,745 - debug - DEBUG - First 10 preds: [3, 1, 0, 8, 6, 6, 1, 6, 3, 1]
2026-06-16 07:34:04,745 - debug - DEBUG - First 10 targets: [3, 8, 8, 0, 6, 6, 1, 6, 3, 1]
2026-06-16 07:34:04,748 - debug - DEBUG - Unique predicted classes: 10 (first 10: [0 1 2 3 4 5 6 7 8 9])
2026-06-16 07:34:04,748 - debug - DEBUG - Unique target classes: 10 (first 10: [0 1 2 3 4 5 6 7 8 9])
2026-06-16 07:34:05,006 - debug - DEBUG - Device Check - Batch 0
2026-06-16 07:34:05,007 - debug - DEBUG -   Config GPU ID: 1
2026-06-16 07:34:05,007 - debug - DEBUG -   Input Device:  cuda:1
2026-06-16 07:34:05,007 - debug - DEBUG -   Target Device: cuda:1
2026-06-16 07:34:05,008 - debug - DEBUG -   Model Device:  cuda:1
2026-06-16 07:34:05,008 - debug - DEBUG -   Criterion Weight Device: No weights
2026-06-16 07:34:05,585 - debug - DEBUG - Batch 0 grad norm: 0.969478
2026-06-16 07:34:06,674 - debug - DEBUG - Batch 10 grad norm: 1.175883
2026-06-16 07:34:07,798 - debug - DEBUG - Batch 20 grad norm: 0.958673
2026-06-16 07:34:08,899 - debug - DEBUG - Batch 30 grad norm: 1.460021
2026-06-16 07:34:09,912 - debug - DEBUG - Batch 40 grad norm: 0.774553
2026-06-16 07:34:11,049 - debug - DEBUG - Batch 50 grad norm: 0.767239
2026-06-16 07:34:12,186 - debug - DEBUG - Batch 60 grad norm: 1.129918
2026-06-16 07:34:13,203 - debug - DEBUG - Batch 70 grad norm: 1.104831
2026-06-16 07:34:14,319 - debug - DEBUG - Batch 80 grad norm: 0.966488
2026-06-16 07:34:15,393 - debug - DEBUG - Batch 90 grad norm: 0.982622
2026-06-16 07:34:16,498 - debug - DEBUG - Batch 100 grad norm: 1.255774
2026-06-16 07:34:17,597 - debug - DEBUG - Batch 110 grad norm: 1.234253
2026-06-16 07:34:18,710 - debug - DEBUG - Batch 120 grad norm: 1.242981
2026-06-16 07:34:19,740 - debug - DEBUG - Batch 130 grad norm: 1.243855
2026-06-16 07:34:20,901 - debug - DEBUG - Batch 140 grad norm: 1.129391
2026-06-16 07:34:22,022 - debug - DEBUG - Batch 150 grad norm: 0.881467
2026-06-16 07:34:23,023 - debug - DEBUG - Batch 160 grad norm: 1.276753
2026-06-16 07:34:24,136 - debug - DEBUG - Batch 170 grad norm: 0.954425
2026-06-16 07:34:25,252 - debug - DEBUG - Batch 180 grad norm: 0.985450
2026-06-16 07:34:26,353 - debug - DEBUG - Batch 190 grad norm: 1.213177
2026-06-16 07:34:26,696 - debug - DEBUG - compute_metrics_and_record started for epoch 144
2026-06-16 07:34:26,696 - debug - DEBUG - all_preds length: 25000, all_targets length: 25000
2026-06-16 07:34:26,696 - debug - DEBUG - First 10 preds: [3, 3, 2, 4, 9, 7, 7, 9, 0, 7]
2026-06-16 07:34:26,696 - debug - DEBUG - First 10 targets: [3, 5, 2, 4, 9, 7, 7, 9, 0, 7]
2026-06-16 07:34:26,703 - debug - DEBUG - Unique predicted classes: 10 (first 10: [0 1 2 3 4 5 6 7 8 9])
2026-06-16 07:34:26,703 - debug - DEBUG - Unique target classes: 10 (first 10: [0 1 2 3 4 5 6 7 8 9])
2026-06-16 07:34:28,887 - debug - DEBUG - compute_metrics_and_record started for epoch 144
2026-06-16 07:34:28,887 - debug - DEBUG - all_preds length: 10000, all_targets length: 10000
2026-06-16 07:34:28,887 - debug - DEBUG - First 10 preds: [3, 1, 1, 0, 6, 6, 1, 6, 3, 1]
2026-06-16 07:34:28,887 - debug - DEBUG - First 10 targets: [3, 8, 8, 0, 6, 6, 1, 6, 3, 1]
2026-06-16 07:34:28,890 - debug - DEBUG - Unique predicted classes: 10 (first 10: [0 1 2 3 4 5 6 7 8 9])
2026-06-16 07:34:28,890 - debug - DEBUG - Unique target classes: 10 (first 10: [0 1 2 3 4 5 6 7 8 9])
2026-06-16 07:34:29,142 - debug - DEBUG - Device Check - Batch 0
2026-06-16 07:34:29,143 - debug - DEBUG -   Config GPU ID: 1
2026-06-16 07:34:29,143 - debug - DEBUG -   Input Device:  cuda:1
2026-06-16 07:34:29,143 - debug - DEBUG -   Target Device: cuda:1
2026-06-16 07:34:29,143 - debug - DEBUG -   Model Device:  cuda:1
2026-06-16 07:34:29,144 - debug - DEBUG -   Criterion Weight Device: No weights
2026-06-16 07:34:29,596 - debug - DEBUG - Batch 0 grad norm: 0.958076
2026-06-16 07:34:30,691 - debug - DEBUG - Batch 10 grad norm: 0.975235
2026-06-16 07:34:31,795 - debug - DEBUG - Batch 20 grad norm: 0.745280
2026-06-16 07:34:32,901 - debug - DEBUG - Batch 30 grad norm: 1.228201
2026-06-16 07:34:34,017 - debug - DEBUG - Batch 40 grad norm: 1.137029
2026-06-16 07:34:35,128 - debug - DEBUG - Batch 50 grad norm: 0.844967
2026-06-16 07:34:36,253 - debug - DEBUG - Batch 60 grad norm: 1.253582
2026-06-16 07:34:37,341 - debug - DEBUG - Batch 70 grad norm: 0.955493
2026-06-16 07:34:38,457 - debug - DEBUG - Batch 80 grad norm: 1.007078
2026-06-16 07:34:39,518 - debug - DEBUG - Batch 90 grad norm: 1.245635
2026-06-16 07:34:40,641 - debug - DEBUG - Batch 100 grad norm: 1.102405
2026-06-16 07:34:41,695 - debug - DEBUG - Batch 110 grad norm: 1.049872
2026-06-16 07:34:42,816 - debug - DEBUG - Batch 120 grad norm: 0.973411
2026-06-16 07:34:43,932 - debug - DEBUG - Batch 130 grad norm: 1.513471
2026-06-16 07:34:44,961 - debug - DEBUG - Batch 140 grad norm: 1.051975
2026-06-16 07:34:46,266 - debug - DEBUG - Batch 150 grad norm: 1.020401
2026-06-16 07:34:47,083 - debug - DEBUG - Batch 160 grad norm: 1.032677
2026-06-16 07:34:48,163 - debug - DEBUG - Batch 170 grad norm: 0.789584
2026-06-16 07:34:49,274 - debug - DEBUG - Batch 180 grad norm: 1.505516
2026-06-16 07:34:50,356 - debug - DEBUG - Batch 190 grad norm: 1.329123
2026-06-16 07:34:50,691 - debug - DEBUG - compute_metrics_and_record started for epoch 145
2026-06-16 07:34:50,691 - debug - DEBUG - all_preds length: 25000, all_targets length: 25000
2026-06-16 07:34:50,691 - debug - DEBUG - First 10 preds: [3, 4, 6, 2, 8, 4, 6, 6, 6, 0]
2026-06-16 07:34:50,691 - debug - DEBUG - First 10 targets: [3, 4, 6, 2, 8, 4, 6, 6, 6, 0]
2026-06-16 07:34:50,698 - debug - DEBUG - Unique predicted classes: 10 (first 10: [0 1 2 3 4 5 6 7 8 9])
2026-06-16 07:34:50,699 - debug - DEBUG - Unique target classes: 10 (first 10: [0 1 2 3 4 5 6 7 8 9])
2026-06-16 07:34:52,941 - debug - DEBUG - compute_metrics_and_record started for epoch 145
2026-06-16 07:34:52,941 - debug - DEBUG - all_preds length: 10000, all_targets length: 10000
2026-06-16 07:34:52,941 - debug - DEBUG - First 10 preds: [3, 8, 8, 0, 6, 3, 1, 6, 3, 1]
2026-06-16 07:34:52,941 - debug - DEBUG - First 10 targets: [3, 8, 8, 0, 6, 6, 1, 6, 3, 1]
2026-06-16 07:34:52,944 - debug - DEBUG - Unique predicted classes: 10 (first 10: [0 1 2 3 4 5 6 7 8 9])
2026-06-16 07:34:52,944 - debug - DEBUG - Unique target classes: 10 (first 10: [0 1 2 3 4 5 6 7 8 9])
2026-06-16 07:34:53,182 - debug - DEBUG - Device Check - Batch 0
2026-06-16 07:34:53,183 - debug - DEBUG -   Config GPU ID: 1
2026-06-16 07:34:53,183 - debug - DEBUG -   Input Device:  cuda:1
2026-06-16 07:34:53,183 - debug - DEBUG -   Target Device: cuda:1
2026-06-16 07:34:53,183 - debug - DEBUG -   Model Device:  cuda:1
2026-06-16 07:34:53,184 - debug - DEBUG -   Criterion Weight Device: No weights
2026-06-16 07:34:53,733 - debug - DEBUG - Batch 0 grad norm: 1.432366
2026-06-16 07:34:54,862 - debug - DEBUG - Batch 10 grad norm: 1.170370
2026-06-16 07:34:55,994 - debug - DEBUG - Batch 20 grad norm: 1.431771
2026-06-16 07:34:57,117 - debug - DEBUG - Batch 30 grad norm: 0.938109
2026-06-16 07:34:58,229 - debug - DEBUG - Batch 40 grad norm: 1.283396
2026-06-16 07:34:59,337 - debug - DEBUG - Batch 50 grad norm: 1.092533
2026-06-16 07:35:00,454 - debug - DEBUG - Batch 60 grad norm: 1.356534
2026-06-16 07:35:01,585 - debug - DEBUG - Batch 70 grad norm: 0.968546
2026-06-16 07:35:02,743 - debug - DEBUG - Batch 80 grad norm: 0.888898
2026-06-16 07:35:03,857 - debug - DEBUG - Batch 90 grad norm: 1.221076
2026-06-16 07:35:05,011 - debug - DEBUG - Batch 100 grad norm: 1.281110
2026-06-16 07:35:06,159 - debug - DEBUG - Batch 110 grad norm: 0.842763
2026-06-16 07:35:07,306 - debug - DEBUG - Batch 120 grad norm: 1.214821
2026-06-16 07:35:08,442 - debug - DEBUG - Batch 130 grad norm: 0.976197
2026-06-16 07:35:09,495 - debug - DEBUG - Batch 140 grad norm: 1.199908
2026-06-16 07:35:10,699 - debug - DEBUG - Batch 150 grad norm: 1.321081
2026-06-16 07:35:11,801 - debug - DEBUG - Batch 160 grad norm: 1.357523
2026-06-16 07:35:12,905 - debug - DEBUG - Batch 170 grad norm: 1.242395
2026-06-16 07:35:14,019 - debug - DEBUG - Batch 180 grad norm: 1.574427
2026-06-16 07:35:15,174 - debug - DEBUG - Batch 190 grad norm: 1.161715
2026-06-16 07:35:15,467 - debug - DEBUG - compute_metrics_and_record started for epoch 146
2026-06-16 07:35:15,467 - debug - DEBUG - all_preds length: 25000, all_targets length: 25000
2026-06-16 07:35:15,467 - debug - DEBUG - First 10 preds: [2, 0, 4, 1, 2, 7, 5, 8, 8, 5]
2026-06-16 07:35:15,467 - debug - DEBUG - First 10 targets: [2, 0, 4, 1, 2, 7, 5, 8, 8, 5]
2026-06-16 07:35:15,473 - debug - DEBUG - Unique predicted classes: 10 (first 10: [0 1 2 3 4 5 6 7 8 9])
2026-06-16 07:35:15,474 - debug - DEBUG - Unique target classes: 10 (first 10: [0 1 2 3 4 5 6 7 8 9])
2026-06-16 07:35:17,820 - debug - DEBUG - compute_metrics_and_record started for epoch 146
2026-06-16 07:35:17,820 - debug - DEBUG - all_preds length: 10000, all_targets length: 10000
2026-06-16 07:35:17,821 - debug - DEBUG - First 10 preds: [8, 1, 9, 0, 6, 6, 9, 2, 3, 1]
2026-06-16 07:35:17,821 - debug - DEBUG - First 10 targets: [3, 8, 8, 0, 6, 6, 1, 6, 3, 1]
2026-06-16 07:35:17,823 - debug - DEBUG - Unique predicted classes: 10 (first 10: [0 1 2 3 4 5 6 7 8 9])
2026-06-16 07:35:17,823 - debug - DEBUG - Unique target classes: 10 (first 10: [0 1 2 3 4 5 6 7 8 9])
2026-06-16 07:35:18,137 - debug - DEBUG - Device Check - Batch 0
2026-06-16 07:35:18,138 - debug - DEBUG -   Config GPU ID: 1
2026-06-16 07:35:18,138 - debug - DEBUG -   Input Device:  cuda:1
2026-06-16 07:35:18,139 - debug - DEBUG -   Target Device: cuda:1
2026-06-16 07:35:18,139 - debug - DEBUG -   Model Device:  cuda:1
2026-06-16 07:35:18,139 - debug - DEBUG -   Criterion Weight Device: No weights
2026-06-16 07:35:18,585 - debug - DEBUG - Batch 0 grad norm: 1.060782
2026-06-16 07:35:19,787 - debug - DEBUG - Batch 10 grad norm: 1.227555
2026-06-16 07:35:20,776 - debug - DEBUG - Batch 20 grad norm: 1.194728
2026-06-16 07:35:21,886 - debug - DEBUG - Batch 30 grad norm: 1.127371
2026-06-16 07:35:23,024 - debug - DEBUG - Batch 40 grad norm: 0.895871
2026-06-16 07:35:24,150 - debug - DEBUG - Batch 50 grad norm: 1.111931
2026-06-16 07:35:25,267 - debug - DEBUG - Batch 60 grad norm: 1.187640
2026-06-16 07:35:26,407 - debug - DEBUG - Batch 70 grad norm: 0.880393
2026-06-16 07:35:27,561 - debug - DEBUG - Batch 80 grad norm: 1.075175
2026-06-16 07:35:28,684 - debug - DEBUG - Batch 90 grad norm: 0.982645
2026-06-16 07:35:29,823 - debug - DEBUG - Batch 100 grad norm: 1.062046
2026-06-16 07:35:30,983 - debug - DEBUG - Batch 110 grad norm: 1.302964
2026-06-16 07:35:32,127 - debug - DEBUG - Batch 120 grad norm: 1.573566
2026-06-16 07:35:33,228 - debug - DEBUG - Batch 130 grad norm: 1.118962
2026-06-16 07:35:34,359 - debug - DEBUG - Batch 140 grad norm: 1.293831
2026-06-16 07:35:35,547 - debug - DEBUG - Batch 150 grad norm: 1.345543
2026-06-16 07:35:36,539 - debug - DEBUG - Batch 160 grad norm: 1.279462
2026-06-16 07:35:37,668 - debug - DEBUG - Batch 170 grad norm: 1.949799
2026-06-16 07:35:38,769 - debug - DEBUG - Batch 180 grad norm: 1.056981
2026-06-16 07:35:39,899 - debug - DEBUG - Batch 190 grad norm: 1.427121
2026-06-16 07:35:40,296 - debug - DEBUG - compute_metrics_and_record started for epoch 147
2026-06-16 07:35:40,296 - debug - DEBUG - all_preds length: 25000, all_targets length: 25000
2026-06-16 07:35:40,296 - debug - DEBUG - First 10 preds: [7, 7, 1, 7, 6, 3, 6, 9, 3, 3]
2026-06-16 07:35:40,297 - debug - DEBUG - First 10 targets: [7, 7, 1, 7, 6, 3, 6, 9, 3, 3]
2026-06-16 07:35:40,306 - debug - DEBUG - Unique predicted classes: 10 (first 10: [0 1 2 3 4 5 6 7 8 9])
2026-06-16 07:35:40,306 - debug - DEBUG - Unique target classes: 10 (first 10: [0 1 2 3 4 5 6 7 8 9])
2026-06-16 07:35:42,645 - debug - DEBUG - compute_metrics_and_record started for epoch 147
2026-06-16 07:35:42,645 - debug - DEBUG - all_preds length: 10000, all_targets length: 10000
2026-06-16 07:35:42,645 - debug - DEBUG - First 10 preds: [3, 8, 8, 0, 6, 6, 1, 6, 3, 1]
2026-06-16 07:35:42,645 - debug - DEBUG - First 10 targets: [3, 8, 8, 0, 6, 6, 1, 6, 3, 1]
2026-06-16 07:35:42,648 - debug - DEBUG - Unique predicted classes: 10 (first 10: [0 1 2 3 4 5 6 7 8 9])
2026-06-16 07:35:42,648 - debug - DEBUG - Unique target classes: 10 (first 10: [0 1 2 3 4 5 6 7 8 9])
2026-06-16 07:35:42,941 - debug - DEBUG - Device Check - Batch 0
2026-06-16 07:35:42,941 - debug - DEBUG -   Config GPU ID: 1
2026-06-16 07:35:42,942 - debug - DEBUG -   Input Device:  cuda:1
2026-06-16 07:35:42,942 - debug - DEBUG -   Target Device: cuda:1
2026-06-16 07:35:42,942 - debug - DEBUG -   Model Device:  cuda:1
2026-06-16 07:35:42,942 - debug - DEBUG -   Criterion Weight Device: No weights
2026-06-16 07:35:43,475 - debug - DEBUG - Batch 0 grad norm: 1.064648
2026-06-16 07:35:44,595 - debug - DEBUG - Batch 10 grad norm: 1.200206
2026-06-16 07:35:45,736 - debug - DEBUG - Batch 20 grad norm: 1.096531
2026-06-16 07:35:46,833 - debug - DEBUG - Batch 30 grad norm: 1.253789
2026-06-16 07:35:47,956 - debug - DEBUG - Batch 40 grad norm: 1.386126
2026-06-16 07:35:49,048 - debug - DEBUG - Batch 50 grad norm: 0.774498
2026-06-16 07:35:50,199 - debug - DEBUG - Batch 60 grad norm: 1.437621
2026-06-16 07:35:51,326 - debug - DEBUG - Batch 70 grad norm: 1.034216
2026-06-16 07:35:52,383 - debug - DEBUG - Batch 80 grad norm: 1.259756
2026-06-16 07:35:53,562 - debug - DEBUG - Batch 90 grad norm: 1.181303
2026-06-16 07:35:54,646 - debug - DEBUG - Batch 100 grad norm: 0.978308
2026-06-16 07:35:55,718 - debug - DEBUG - Batch 110 grad norm: 1.489221
2026-06-16 07:35:56,854 - debug - DEBUG - Batch 120 grad norm: 1.176814
2026-06-16 07:35:57,929 - debug - DEBUG - Batch 130 grad norm: 1.434245
2026-06-16 07:35:59,060 - debug - DEBUG - Batch 140 grad norm: 0.785548
2026-06-16 07:36:00,154 - debug - DEBUG - Batch 150 grad norm: 1.162984
2026-06-16 07:36:01,162 - debug - DEBUG - Batch 160 grad norm: 1.243617
2026-06-16 07:36:02,290 - debug - DEBUG - Batch 170 grad norm: 1.114905
2026-06-16 07:36:03,405 - debug - DEBUG - Batch 180 grad norm: 1.139165
2026-06-16 07:36:04,542 - debug - DEBUG - Batch 190 grad norm: 1.084992
2026-06-16 07:36:04,981 - debug - DEBUG - compute_metrics_and_record started for epoch 148
2026-06-16 07:36:04,981 - debug - DEBUG - all_preds length: 25000, all_targets length: 25000
2026-06-16 07:36:04,982 - debug - DEBUG - First 10 preds: [3, 5, 0, 0, 3, 3, 1, 0, 6, 3]
2026-06-16 07:36:04,982 - debug - DEBUG - First 10 targets: [3, 5, 0, 0, 3, 3, 1, 0, 6, 3]
2026-06-16 07:36:04,989 - debug - DEBUG - Unique predicted classes: 10 (first 10: [0 1 2 3 4 5 6 7 8 9])
2026-06-16 07:36:04,989 - debug - DEBUG - Unique target classes: 10 (first 10: [0 1 2 3 4 5 6 7 8 9])
2026-06-16 07:36:07,334 - debug - DEBUG - compute_metrics_and_record started for epoch 148
2026-06-16 07:36:07,334 - debug - DEBUG - all_preds length: 10000, all_targets length: 10000
2026-06-16 07:36:07,334 - debug - DEBUG - First 10 preds: [3, 8, 1, 8, 6, 6, 1, 6, 3, 1]
2026-06-16 07:36:07,334 - debug - DEBUG - First 10 targets: [3, 8, 8, 0, 6, 6, 1, 6, 3, 1]
2026-06-16 07:36:07,337 - debug - DEBUG - Unique predicted classes: 10 (first 10: [0 1 2 3 4 5 6 7 8 9])
2026-06-16 07:36:07,337 - debug - DEBUG - Unique target classes: 10 (first 10: [0 1 2 3 4 5 6 7 8 9])
2026-06-16 07:36:07,620 - debug - DEBUG - Device Check - Batch 0
2026-06-16 07:36:07,621 - debug - DEBUG -   Config GPU ID: 1
2026-06-16 07:36:07,621 - debug - DEBUG -   Input Device:  cuda:1
2026-06-16 07:36:07,621 - debug - DEBUG -   Target Device: cuda:1
2026-06-16 07:36:07,622 - debug - DEBUG -   Model Device:  cuda:1
2026-06-16 07:36:07,622 - debug - DEBUG -   Criterion Weight Device: No weights
2026-06-16 07:36:08,203 - debug - DEBUG - Batch 0 grad norm: 1.044558
2026-06-16 07:36:09,329 - debug - DEBUG - Batch 10 grad norm: 0.843773
2026-06-16 07:36:10,462 - debug - DEBUG - Batch 20 grad norm: 1.253858
2026-06-16 07:36:11,570 - debug - DEBUG - Batch 30 grad norm: 0.910834
2026-06-16 07:36:12,660 - debug - DEBUG - Batch 40 grad norm: 1.221676
2026-06-16 07:36:13,780 - debug - DEBUG - Batch 50 grad norm: 1.013394
2026-06-16 07:36:14,937 - debug - DEBUG - Batch 60 grad norm: 0.891571
2026-06-16 07:36:16,063 - debug - DEBUG - Batch 70 grad norm: 0.954776
2026-06-16 07:36:17,194 - debug - DEBUG - Batch 80 grad norm: 1.139148
2026-06-16 07:36:18,289 - debug - DEBUG - Batch 90 grad norm: 1.263598
2026-06-16 07:36:19,406 - debug - DEBUG - Batch 100 grad norm: 1.230752
2026-06-16 07:36:20,520 - debug - DEBUG - Batch 110 grad norm: 1.506346
2026-06-16 07:36:21,643 - debug - DEBUG - Batch 120 grad norm: 1.225729
2026-06-16 07:36:22,644 - debug - DEBUG - Batch 130 grad norm: 0.976112
2026-06-16 07:36:23,769 - debug - DEBUG - Batch 140 grad norm: 1.010199
2026-06-16 07:36:24,840 - debug - DEBUG - Batch 150 grad norm: 1.205597
2026-06-16 07:36:25,808 - debug - DEBUG - Batch 160 grad norm: 1.122209
2026-06-16 07:36:26,936 - debug - DEBUG - Batch 170 grad norm: 1.074911
2026-06-16 07:36:28,151 - debug - DEBUG - Batch 180 grad norm: 0.906189
2026-06-16 07:36:29,120 - debug - DEBUG - Batch 190 grad norm: 1.037808
2026-06-16 07:36:29,564 - debug - DEBUG - compute_metrics_and_record started for epoch 149
2026-06-16 07:36:29,564 - debug - DEBUG - all_preds length: 25000, all_targets length: 25000
2026-06-16 07:36:29,564 - debug - DEBUG - First 10 preds: [0, 4, 2, 4, 3, 5, 9, 4, 6, 5]
2026-06-16 07:36:29,564 - debug - DEBUG - First 10 targets: [0, 4, 2, 4, 3, 5, 9, 4, 6, 5]
2026-06-16 07:36:29,570 - debug - DEBUG - Unique predicted classes: 10 (first 10: [0 1 2 3 4 5 6 7 8 9])
2026-06-16 07:36:29,571 - debug - DEBUG - Unique target classes: 10 (first 10: [0 1 2 3 4 5 6 7 8 9])
2026-06-16 07:36:31,810 - debug - DEBUG - compute_metrics_and_record started for epoch 149
2026-06-16 07:36:31,810 - debug - DEBUG - all_preds length: 10000, all_targets length: 10000
2026-06-16 07:36:31,810 - debug - DEBUG - First 10 preds: [3, 8, 1, 0, 6, 6, 1, 2, 3, 1]
2026-06-16 07:36:31,810 - debug - DEBUG - First 10 targets: [3, 8, 8, 0, 6, 6, 1, 6, 3, 1]
2026-06-16 07:36:31,813 - debug - DEBUG - Unique predicted classes: 10 (first 10: [0 1 2 3 4 5 6 7 8 9])
2026-06-16 07:36:31,813 - debug - DEBUG - Unique target classes: 10 (first 10: [0 1 2 3 4 5 6 7 8 9])
2026-06-16 07:36:32,106 - debug - DEBUG - Device Check - Batch 0
2026-06-16 07:36:32,107 - debug - DEBUG -   Config GPU ID: 1
2026-06-16 07:36:32,108 - debug - DEBUG -   Input Device:  cuda:1
2026-06-16 07:36:32,108 - debug - DEBUG -   Target Device: cuda:1
2026-06-16 07:36:32,108 - debug - DEBUG -   Model Device:  cuda:1
2026-06-16 07:36:32,108 - debug - DEBUG -   Criterion Weight Device: No weights
2026-06-16 07:36:32,592 - debug - DEBUG - Batch 0 grad norm: 1.224968
2026-06-16 07:36:33,730 - debug - DEBUG - Batch 10 grad norm: 0.995030
2026-06-16 07:36:34,789 - debug - DEBUG - Batch 20 grad norm: 0.792668
2026-06-16 07:36:35,932 - debug - DEBUG - Batch 30 grad norm: 1.096440
2026-06-16 07:36:37,059 - debug - DEBUG - Batch 40 grad norm: 0.893165
2026-06-16 07:36:38,144 - debug - DEBUG - Batch 50 grad norm: 1.372754
2026-06-16 07:36:39,267 - debug - DEBUG - Batch 60 grad norm: 1.358010
2026-06-16 07:36:40,356 - debug - DEBUG - Batch 70 grad norm: 1.525703
2026-06-16 07:36:41,458 - debug - DEBUG - Batch 80 grad norm: 1.314277
2026-06-16 07:36:42,566 - debug - DEBUG - Batch 90 grad norm: 1.233767
2026-06-16 07:36:43,702 - debug - DEBUG - Batch 100 grad norm: 1.048684
2026-06-16 07:36:44,786 - debug - DEBUG - Batch 110 grad norm: 1.307571
2026-06-16 07:36:45,909 - debug - DEBUG - Batch 120 grad norm: 1.212303
2026-06-16 07:36:47,026 - debug - DEBUG - Batch 130 grad norm: 1.110822
2026-06-16 07:36:48,172 - debug - DEBUG - Batch 140 grad norm: 1.002779
2026-06-16 07:36:49,329 - debug - DEBUG - Batch 150 grad norm: 1.192289
2026-06-16 07:36:50,301 - debug - DEBUG - Batch 160 grad norm: 1.144185
2026-06-16 07:36:51,411 - debug - DEBUG - Batch 170 grad norm: 1.316930
2026-06-16 07:36:52,541 - debug - DEBUG - Batch 180 grad norm: 1.213179
2026-06-16 07:36:53,629 - debug - DEBUG - Batch 190 grad norm: 0.841748
2026-06-16 07:36:53,979 - debug - DEBUG - compute_metrics_and_record started for epoch 150
2026-06-16 07:36:53,980 - debug - DEBUG - all_preds length: 25000, all_targets length: 25000
2026-06-16 07:36:53,980 - debug - DEBUG - First 10 preds: [2, 9, 2, 1, 2, 6, 0, 6, 1, 3]
2026-06-16 07:36:53,980 - debug - DEBUG - First 10 targets: [2, 9, 2, 1, 2, 6, 0, 6, 1, 3]
2026-06-16 07:36:53,987 - debug - DEBUG - Unique predicted classes: 10 (first 10: [0 1 2 3 4 5 6 7 8 9])
2026-06-16 07:36:53,988 - debug - DEBUG - Unique target classes: 10 (first 10: [0 1 2 3 4 5 6 7 8 9])
2026-06-16 07:36:56,244 - debug - DEBUG - compute_metrics_and_record started for epoch 150
2026-06-16 07:36:56,244 - debug - DEBUG - all_preds length: 10000, all_targets length: 10000
2026-06-16 07:36:56,245 - debug - DEBUG - First 10 preds: [3, 8, 1, 0, 6, 6, 1, 6, 3, 1]
2026-06-16 07:36:56,245 - debug - DEBUG - First 10 targets: [3, 8, 8, 0, 6, 6, 1, 6, 3, 1]
2026-06-16 07:36:56,250 - debug - DEBUG - Unique predicted classes: 10 (first 10: [0 1 2 3 4 5 6 7 8 9])
2026-06-16 07:36:56,250 - debug - DEBUG - Unique target classes: 10 (first 10: [0 1 2 3 4 5 6 7 8 9])
2026-06-16 07:36:56,557 - debug - DEBUG - Device Check - Batch 0
2026-06-16 07:36:56,558 - debug - DEBUG -   Config GPU ID: 1
2026-06-16 07:36:56,558 - debug - DEBUG -   Input Device:  cuda:1
2026-06-16 07:36:56,559 - debug - DEBUG -   Target Device: cuda:1
2026-06-16 07:36:56,559 - debug - DEBUG -   Model Device:  cuda:1
2026-06-16 07:36:56,559 - debug - DEBUG -   Criterion Weight Device: No weights
2026-06-16 07:36:57,049 - debug - DEBUG - Batch 0 grad norm: 1.139942
2026-06-16 07:36:58,194 - debug - DEBUG - Batch 10 grad norm: 1.060008
2026-06-16 07:36:59,293 - debug - DEBUG - Batch 20 grad norm: 1.493120
2026-06-16 07:37:00,287 - debug - DEBUG - Batch 30 grad norm: 1.155620
2026-06-16 07:37:01,448 - debug - DEBUG - Batch 40 grad norm: 1.266193
2026-06-16 07:37:02,547 - debug - DEBUG - Batch 50 grad norm: 1.043697
2026-06-16 07:37:03,625 - debug - DEBUG - Batch 60 grad norm: 0.898665
2026-06-16 07:37:04,730 - debug - DEBUG - Batch 70 grad norm: 0.906481
2026-06-16 07:37:05,855 - debug - DEBUG - Batch 80 grad norm: 1.215416
2026-06-16 07:37:06,963 - debug - DEBUG - Batch 90 grad norm: 1.218270
2026-06-16 07:37:08,048 - debug - DEBUG - Batch 100 grad norm: 0.826692
2026-06-16 07:37:09,173 - debug - DEBUG - Batch 110 grad norm: 0.979473
2026-06-16 07:37:10,297 - debug - DEBUG - Batch 120 grad norm: 1.085816
2026-06-16 07:37:11,428 - debug - DEBUG - Batch 130 grad norm: 0.956464
2026-06-16 07:37:12,568 - debug - DEBUG - Batch 140 grad norm: 1.133313
2026-06-16 07:37:13,685 - debug - DEBUG - Batch 150 grad norm: 1.097939
2026-06-16 07:37:14,740 - debug - DEBUG - Batch 160 grad norm: 1.276335
2026-06-16 07:37:15,846 - debug - DEBUG - Batch 170 grad norm: 1.343615
2026-06-16 07:37:16,973 - debug - DEBUG - Batch 180 grad norm: 1.254590
2026-06-16 07:37:18,049 - debug - DEBUG - Batch 190 grad norm: 0.924934
2026-06-16 07:37:18,504 - debug - DEBUG - compute_metrics_and_record started for epoch 151
2026-06-16 07:37:18,505 - debug - DEBUG - all_preds length: 25000, all_targets length: 25000
2026-06-16 07:37:18,505 - debug - DEBUG - First 10 preds: [2, 5, 5, 4, 4, 3, 3, 4, 8, 9]
2026-06-16 07:37:18,505 - debug - DEBUG - First 10 targets: [3, 5, 5, 7, 4, 3, 3, 4, 8, 9]
2026-06-16 07:37:18,510 - debug - DEBUG - Unique predicted classes: 10 (first 10: [0 1 2 3 4 5 6 7 8 9])
2026-06-16 07:37:18,511 - debug - DEBUG - Unique target classes: 10 (first 10: [0 1 2 3 4 5 6 7 8 9])
2026-06-16 07:37:20,785 - debug - DEBUG - compute_metrics_and_record started for epoch 151
2026-06-16 07:37:20,786 - debug - DEBUG - all_preds length: 10000, all_targets length: 10000
2026-06-16 07:37:20,786 - debug - DEBUG - First 10 preds: [3, 8, 1, 8, 6, 6, 1, 6, 3, 1]
2026-06-16 07:37:20,786 - debug - DEBUG - First 10 targets: [3, 8, 8, 0, 6, 6, 1, 6, 3, 1]
2026-06-16 07:37:20,788 - debug - DEBUG - Unique predicted classes: 10 (first 10: [0 1 2 3 4 5 6 7 8 9])
2026-06-16 07:37:20,789 - debug - DEBUG - Unique target classes: 10 (first 10: [0 1 2 3 4 5 6 7 8 9])
2026-06-16 07:37:21,026 - debug - DEBUG - Device Check - Batch 0
2026-06-16 07:37:21,027 - debug - DEBUG -   Config GPU ID: 1
2026-06-16 07:37:21,027 - debug - DEBUG -   Input Device:  cuda:1
2026-06-16 07:37:21,027 - debug - DEBUG -   Target Device: cuda:1
2026-06-16 07:37:21,027 - debug - DEBUG -   Model Device:  cuda:1
2026-06-16 07:37:21,027 - debug - DEBUG -   Criterion Weight Device: No weights
2026-06-16 07:37:21,533 - debug - DEBUG - Batch 0 grad norm: 1.099930
2026-06-16 07:37:22,623 - debug - DEBUG - Batch 10 grad norm: 1.440287
2026-06-16 07:37:23,706 - debug - DEBUG - Batch 20 grad norm: 0.815751
2026-06-16 07:37:24,870 - debug - DEBUG - Batch 30 grad norm: 1.006474
2026-06-16 07:37:25,974 - debug - DEBUG - Batch 40 grad norm: 1.414219
2026-06-16 07:37:27,121 - debug - DEBUG - Batch 50 grad norm: 1.272018
2026-06-16 07:37:28,218 - debug - DEBUG - Batch 60 grad norm: 1.090058
2026-06-16 07:37:29,312 - debug - DEBUG - Batch 70 grad norm: 0.791012
2026-06-16 07:37:30,384 - debug - DEBUG - Batch 80 grad norm: 1.034974
2026-06-16 07:37:31,464 - debug - DEBUG - Batch 90 grad norm: 1.289264
2026-06-16 07:37:32,570 - debug - DEBUG - Batch 100 grad norm: 1.170013
2026-06-16 07:37:33,677 - debug - DEBUG - Batch 110 grad norm: 0.898723
2026-06-16 07:37:34,768 - debug - DEBUG - Batch 120 grad norm: 1.470006
2026-06-16 07:37:35,946 - debug - DEBUG - Batch 130 grad norm: 1.195374
2026-06-16 07:37:36,883 - debug - DEBUG - Batch 140 grad norm: 0.994415
2026-06-16 07:37:38,091 - debug - DEBUG - Batch 150 grad norm: 0.932639
2026-06-16 07:37:39,078 - debug - DEBUG - Batch 160 grad norm: 1.257608
2026-06-16 07:37:40,178 - debug - DEBUG - Batch 170 grad norm: 0.817406
2026-06-16 07:37:41,317 - debug - DEBUG - Batch 180 grad norm: 1.149746
2026-06-16 07:37:42,434 - debug - DEBUG - Batch 190 grad norm: 1.096737
2026-06-16 07:37:42,785 - debug - DEBUG - compute_metrics_and_record started for epoch 152
2026-06-16 07:37:42,785 - debug - DEBUG - all_preds length: 25000, all_targets length: 25000
2026-06-16 07:37:42,785 - debug - DEBUG - First 10 preds: [3, 7, 0, 9, 5, 4, 2, 1, 5, 4]
2026-06-16 07:37:42,786 - debug - DEBUG - First 10 targets: [3, 7, 0, 9, 5, 4, 2, 1, 5, 4]
2026-06-16 07:37:42,794 - debug - DEBUG - Unique predicted classes: 10 (first 10: [0 1 2 3 4 5 6 7 8 9])
2026-06-16 07:37:42,795 - debug - DEBUG - Unique target classes: 10 (first 10: [0 1 2 3 4 5 6 7 8 9])
2026-06-16 07:37:45,049 - debug - DEBUG - compute_metrics_and_record started for epoch 152
2026-06-16 07:37:45,049 - debug - DEBUG - all_preds length: 10000, all_targets length: 10000
2026-06-16 07:37:45,049 - debug - DEBUG - First 10 preds: [3, 8, 8, 0, 6, 3, 1, 6, 3, 9]
2026-06-16 07:37:45,049 - debug - DEBUG - First 10 targets: [3, 8, 8, 0, 6, 6, 1, 6, 3, 1]
2026-06-16 07:37:45,052 - debug - DEBUG - Unique predicted classes: 10 (first 10: [0 1 2 3 4 5 6 7 8 9])
2026-06-16 07:37:45,052 - debug - DEBUG - Unique target classes: 10 (first 10: [0 1 2 3 4 5 6 7 8 9])
2026-06-16 07:37:45,376 - debug - DEBUG - Device Check - Batch 0
2026-06-16 07:37:45,377 - debug - DEBUG -   Config GPU ID: 1
2026-06-16 07:37:45,377 - debug - DEBUG -   Input Device:  cuda:1
2026-06-16 07:37:45,377 - debug - DEBUG -   Target Device: cuda:1
2026-06-16 07:37:45,378 - debug - DEBUG -   Model Device:  cuda:1
2026-06-16 07:37:45,378 - debug - DEBUG -   Criterion Weight Device: No weights
2026-06-16 07:37:45,843 - debug - DEBUG - Batch 0 grad norm: 0.970351
2026-06-16 07:37:46,991 - debug - DEBUG - Batch 10 grad norm: 1.310407
2026-06-16 07:37:48,103 - debug - DEBUG - Batch 20 grad norm: 0.982993
2026-06-16 07:37:49,210 - debug - DEBUG - Batch 30 grad norm: 0.976379
2026-06-16 07:37:50,327 - debug - DEBUG - Batch 40 grad norm: 0.755531
2026-06-16 07:37:51,450 - debug - DEBUG - Batch 50 grad norm: 0.825891
2026-06-16 07:37:52,557 - debug - DEBUG - Batch 60 grad norm: 1.361493
2026-06-16 07:37:53,708 - debug - DEBUG - Batch 70 grad norm: 1.376550
2026-06-16 07:37:54,824 - debug - DEBUG - Batch 80 grad norm: 0.762897
2026-06-16 07:37:55,952 - debug - DEBUG - Batch 90 grad norm: 1.202703
2026-06-16 07:37:57,033 - debug - DEBUG - Batch 100 grad norm: 0.985112
2026-06-16 07:37:58,143 - debug - DEBUG - Batch 110 grad norm: 1.051929
2026-06-16 07:37:59,276 - debug - DEBUG - Batch 120 grad norm: 0.806081
2026-06-16 07:38:00,398 - debug - DEBUG - Batch 130 grad norm: 1.201759
2026-06-16 07:38:01,490 - debug - DEBUG - Batch 140 grad norm: 1.267092
2026-06-16 07:38:02,646 - debug - DEBUG - Batch 150 grad norm: 1.206841
2026-06-16 07:38:03,643 - debug - DEBUG - Batch 160 grad norm: 1.369430
2026-06-16 07:38:04,761 - debug - DEBUG - Batch 170 grad norm: 1.420040
2026-06-16 07:38:05,971 - debug - DEBUG - Batch 180 grad norm: 1.015041
2026-06-16 07:38:07,124 - debug - DEBUG - Batch 190 grad norm: 1.164758
2026-06-16 07:38:07,592 - debug - DEBUG - compute_metrics_and_record started for epoch 153
2026-06-16 07:38:07,593 - debug - DEBUG - all_preds length: 25000, all_targets length: 25000
2026-06-16 07:38:07,593 - debug - DEBUG - First 10 preds: [7, 2, 4, 8, 1, 4, 7, 0, 9, 4]
2026-06-16 07:38:07,593 - debug - DEBUG - First 10 targets: [7, 2, 4, 8, 1, 4, 7, 0, 9, 4]
2026-06-16 07:38:07,603 - debug - DEBUG - Unique predicted classes: 10 (first 10: [0 1 2 3 4 5 6 7 8 9])
2026-06-16 07:38:07,603 - debug - DEBUG - Unique target classes: 10 (first 10: [0 1 2 3 4 5 6 7 8 9])
2026-06-16 07:38:09,953 - debug - DEBUG - compute_metrics_and_record started for epoch 153
2026-06-16 07:38:09,954 - debug - DEBUG - all_preds length: 10000, all_targets length: 10000
2026-06-16 07:38:09,954 - debug - DEBUG - First 10 preds: [3, 8, 8, 8, 6, 5, 1, 6, 3, 1]
2026-06-16 07:38:09,954 - debug - DEBUG - First 10 targets: [3, 8, 8, 0, 6, 6, 1, 6, 3, 1]
2026-06-16 07:38:09,957 - debug - DEBUG - Unique predicted classes: 10 (first 10: [0 1 2 3 4 5 6 7 8 9])
2026-06-16 07:38:09,957 - debug - DEBUG - Unique target classes: 10 (first 10: [0 1 2 3 4 5 6 7 8 9])
2026-06-16 07:38:10,247 - debug - DEBUG - Device Check - Batch 0
2026-06-16 07:38:10,248 - debug - DEBUG -   Config GPU ID: 1
2026-06-16 07:38:10,248 - debug - DEBUG -   Input Device:  cuda:1
2026-06-16 07:38:10,248 - debug - DEBUG -   Target Device: cuda:1
2026-06-16 07:38:10,249 - debug - DEBUG -   Model Device:  cuda:1
2026-06-16 07:38:10,249 - debug - DEBUG -   Criterion Weight Device: No weights
2026-06-16 07:38:10,709 - debug - DEBUG - Batch 0 grad norm: 1.556502
2026-06-16 07:38:11,860 - debug - DEBUG - Batch 10 grad norm: 0.887842
2026-06-16 07:38:13,009 - debug - DEBUG - Batch 20 grad norm: 0.726103
2026-06-16 07:38:14,158 - debug - DEBUG - Batch 30 grad norm: 1.055745
2026-06-16 07:38:15,251 - debug - DEBUG - Batch 40 grad norm: 1.005113
2026-06-16 07:38:16,403 - debug - DEBUG - Batch 50 grad norm: 1.018319
2026-06-16 07:38:17,521 - debug - DEBUG - Batch 60 grad norm: 1.018904
2026-06-16 07:38:18,661 - debug - DEBUG - Batch 70 grad norm: 1.082012
2026-06-16 07:38:19,800 - debug - DEBUG - Batch 80 grad norm: 0.876223
2026-06-16 07:38:20,920 - debug - DEBUG - Batch 90 grad norm: 1.038331
2026-06-16 07:38:22,050 - debug - DEBUG - Batch 100 grad norm: 1.447244
2026-06-16 07:38:23,145 - debug - DEBUG - Batch 110 grad norm: 1.005290
2026-06-16 07:38:24,263 - debug - DEBUG - Batch 120 grad norm: 0.981275
2026-06-16 07:38:25,267 - debug - DEBUG - Batch 130 grad norm: 0.921305
2026-06-16 07:38:26,499 - debug - DEBUG - Batch 140 grad norm: 1.146814
2026-06-16 07:38:27,535 - debug - DEBUG - Batch 150 grad norm: 1.385030
2026-06-16 07:38:28,695 - debug - DEBUG - Batch 160 grad norm: 1.154634
2026-06-16 07:38:29,863 - debug - DEBUG - Batch 170 grad norm: 1.135492
2026-06-16 07:38:31,021 - debug - DEBUG - Batch 180 grad norm: 1.471647
2026-06-16 07:38:32,145 - debug - DEBUG - Batch 190 grad norm: 1.330199
2026-06-16 07:38:32,488 - debug - DEBUG - compute_metrics_and_record started for epoch 154
2026-06-16 07:38:32,488 - debug - DEBUG - all_preds length: 25000, all_targets length: 25000
2026-06-16 07:38:32,488 - debug - DEBUG - First 10 preds: [1, 5, 5, 3, 6, 7, 1, 9, 3, 5]
2026-06-16 07:38:32,488 - debug - DEBUG - First 10 targets: [1, 5, 5, 3, 6, 7, 1, 9, 3, 5]
2026-06-16 07:38:32,496 - debug - DEBUG - Unique predicted classes: 10 (first 10: [0 1 2 3 4 5 6 7 8 9])
2026-06-16 07:38:32,496 - debug - DEBUG - Unique target classes: 10 (first 10: [0 1 2 3 4 5 6 7 8 9])
2026-06-16 07:38:34,851 - debug - DEBUG - compute_metrics_and_record started for epoch 154
2026-06-16 07:38:34,852 - debug - DEBUG - all_preds length: 10000, all_targets length: 10000
2026-06-16 07:38:34,852 - debug - DEBUG - First 10 preds: [3, 8, 1, 1, 6, 6, 1, 6, 3, 1]
2026-06-16 07:38:34,852 - debug - DEBUG - First 10 targets: [3, 8, 8, 0, 6, 6, 1, 6, 3, 1]
2026-06-16 07:38:34,854 - debug - DEBUG - Unique predicted classes: 10 (first 10: [0 1 2 3 4 5 6 7 8 9])
2026-06-16 07:38:34,855 - debug - DEBUG - Unique target classes: 10 (first 10: [0 1 2 3 4 5 6 7 8 9])
2026-06-16 07:38:35,093 - debug - DEBUG - Device Check - Batch 0
2026-06-16 07:38:35,094 - debug - DEBUG -   Config GPU ID: 1
2026-06-16 07:38:35,094 - debug - DEBUG -   Input Device:  cuda:1
2026-06-16 07:38:35,094 - debug - DEBUG -   Target Device: cuda:1
2026-06-16 07:38:35,094 - debug - DEBUG -   Model Device:  cuda:1
2026-06-16 07:38:35,095 - debug - DEBUG -   Criterion Weight Device: No weights
2026-06-16 07:38:35,652 - debug - DEBUG - Batch 0 grad norm: 1.234454
2026-06-16 07:38:36,783 - debug - DEBUG - Batch 10 grad norm: 1.134519
2026-06-16 07:38:37,911 - debug - DEBUG - Batch 20 grad norm: 1.150078
2026-06-16 07:38:39,046 - debug - DEBUG - Batch 30 grad norm: 1.003155
2026-06-16 07:38:40,175 - debug - DEBUG - Batch 40 grad norm: 1.050385
2026-06-16 07:38:41,363 - debug - DEBUG - Batch 50 grad norm: 1.137844
2026-06-16 07:38:42,318 - debug - DEBUG - Batch 60 grad norm: 1.239956
2026-06-16 07:38:43,485 - debug - DEBUG - Batch 70 grad norm: 1.008093
2026-06-16 07:38:44,590 - debug - DEBUG - Batch 80 grad norm: 0.975498
2026-06-16 07:38:45,612 - debug - DEBUG - Batch 90 grad norm: 1.425719
2026-06-16 07:38:46,724 - debug - DEBUG - Batch 100 grad norm: 1.532978
2026-06-16 07:38:47,808 - debug - DEBUG - Batch 110 grad norm: 1.274396
2026-06-16 07:38:48,889 - debug - DEBUG - Batch 120 grad norm: 1.259815
2026-06-16 07:38:49,992 - debug - DEBUG - Batch 130 grad norm: 1.073468
2026-06-16 07:38:51,187 - debug - DEBUG - Batch 140 grad norm: 1.268475
2026-06-16 07:38:52,177 - debug - DEBUG - Batch 150 grad norm: 1.196738
2026-06-16 07:38:53,323 - debug - DEBUG - Batch 160 grad norm: 0.958661
2026-06-16 07:38:54,420 - debug - DEBUG - Batch 170 grad norm: 1.008138
2026-06-16 07:38:55,554 - debug - DEBUG - Batch 180 grad norm: 1.182105
2026-06-16 07:38:56,625 - debug - DEBUG - Batch 190 grad norm: 1.339482
2026-06-16 07:38:57,036 - debug - DEBUG - compute_metrics_and_record started for epoch 155
2026-06-16 07:38:57,037 - debug - DEBUG - all_preds length: 25000, all_targets length: 25000
2026-06-16 07:38:57,037 - debug - DEBUG - First 10 preds: [4, 8, 2, 6, 7, 8, 0, 2, 6, 8]
2026-06-16 07:38:57,037 - debug - DEBUG - First 10 targets: [4, 8, 2, 6, 7, 8, 8, 2, 6, 8]
2026-06-16 07:38:57,043 - debug - DEBUG - Unique predicted classes: 10 (first 10: [0 1 2 3 4 5 6 7 8 9])
2026-06-16 07:38:57,043 - debug - DEBUG - Unique target classes: 10 (first 10: [0 1 2 3 4 5 6 7 8 9])
2026-06-16 07:38:59,250 - debug - DEBUG - compute_metrics_and_record started for epoch 155
2026-06-16 07:38:59,251 - debug - DEBUG - all_preds length: 10000, all_targets length: 10000
2026-06-16 07:38:59,251 - debug - DEBUG - First 10 preds: [3, 8, 8, 8, 6, 3, 1, 6, 3, 1]
2026-06-16 07:38:59,251 - debug - DEBUG - First 10 targets: [3, 8, 8, 0, 6, 6, 1, 6, 3, 1]
2026-06-16 07:38:59,254 - debug - DEBUG - Unique predicted classes: 10 (first 10: [0 1 2 3 4 5 6 7 8 9])
2026-06-16 07:38:59,254 - debug - DEBUG - Unique target classes: 10 (first 10: [0 1 2 3 4 5 6 7 8 9])
2026-06-16 07:38:59,553 - debug - DEBUG - Device Check - Batch 0
2026-06-16 07:38:59,554 - debug - DEBUG -   Config GPU ID: 1
2026-06-16 07:38:59,554 - debug - DEBUG -   Input Device:  cuda:1
2026-06-16 07:38:59,554 - debug - DEBUG -   Target Device: cuda:1
2026-06-16 07:38:59,554 - debug - DEBUG -   Model Device:  cuda:1
2026-06-16 07:38:59,554 - debug - DEBUG -   Criterion Weight Device: No weights
2026-06-16 07:38:59,948 - debug - DEBUG - Batch 0 grad norm: 1.170314
2026-06-16 07:39:01,064 - debug - DEBUG - Batch 10 grad norm: 1.185853
2026-06-16 07:39:02,173 - debug - DEBUG - Batch 20 grad norm: 1.229621
2026-06-16 07:39:03,276 - debug - DEBUG - Batch 30 grad norm: 0.994975
2026-06-16 07:39:04,391 - debug - DEBUG - Batch 40 grad norm: 0.751058
2026-06-16 07:39:05,481 - debug - DEBUG - Batch 50 grad norm: 0.937312
2026-06-16 07:39:06,594 - debug - DEBUG - Batch 60 grad norm: 0.991879
2026-06-16 07:39:07,714 - debug - DEBUG - Batch 70 grad norm: 1.033852
2026-06-16 07:39:08,838 - debug - DEBUG - Batch 80 grad norm: 1.196355
2026-06-16 07:39:09,970 - debug - DEBUG - Batch 90 grad norm: 1.324699
2026-06-16 07:39:11,109 - debug - DEBUG - Batch 100 grad norm: 1.007595
2026-06-16 07:39:12,250 - debug - DEBUG - Batch 110 grad norm: 1.495684
2026-06-16 07:39:13,346 - debug - DEBUG - Batch 120 grad norm: 1.128463
2026-06-16 07:39:14,484 - debug - DEBUG - Batch 130 grad norm: 1.382342
2026-06-16 07:39:15,673 - debug - DEBUG - Batch 140 grad norm: 1.109043
2026-06-16 07:39:16,537 - debug - DEBUG - Batch 150 grad norm: 1.201319
2026-06-16 07:39:17,703 - debug - DEBUG - Batch 160 grad norm: 0.810313
2026-06-16 07:39:18,810 - debug - DEBUG - Batch 170 grad norm: 1.268980
2026-06-16 07:39:19,822 - debug - DEBUG - Batch 180 grad norm: 0.804794
2026-06-16 07:39:20,934 - debug - DEBUG - Batch 190 grad norm: 0.814638
2026-06-16 07:39:21,313 - debug - DEBUG - compute_metrics_and_record started for epoch 156
2026-06-16 07:39:21,314 - debug - DEBUG - all_preds length: 25000, all_targets length: 25000
2026-06-16 07:39:21,314 - debug - DEBUG - First 10 preds: [4, 0, 6, 6, 3, 7, 1, 7, 5, 6]
2026-06-16 07:39:21,314 - debug - DEBUG - First 10 targets: [4, 0, 6, 6, 3, 7, 5, 7, 3, 6]
2026-06-16 07:39:21,321 - debug - DEBUG - Unique predicted classes: 10 (first 10: [0 1 2 3 4 5 6 7 8 9])
2026-06-16 07:39:21,321 - debug - DEBUG - Unique target classes: 10 (first 10: [0 1 2 3 4 5 6 7 8 9])
2026-06-16 07:39:23,552 - debug - DEBUG - compute_metrics_and_record started for epoch 156
2026-06-16 07:39:23,552 - debug - DEBUG - all_preds length: 10000, all_targets length: 10000
2026-06-16 07:39:23,552 - debug - DEBUG - First 10 preds: [3, 8, 1, 0, 6, 3, 1, 6, 3, 1]
2026-06-16 07:39:23,553 - debug - DEBUG - First 10 targets: [3, 8, 8, 0, 6, 6, 1, 6, 3, 1]
2026-06-16 07:39:23,555 - debug - DEBUG - Unique predicted classes: 10 (first 10: [0 1 2 3 4 5 6 7 8 9])
2026-06-16 07:39:23,556 - debug - DEBUG - Unique target classes: 10 (first 10: [0 1 2 3 4 5 6 7 8 9])
2026-06-16 07:39:23,850 - debug - DEBUG - Device Check - Batch 0
2026-06-16 07:39:23,851 - debug - DEBUG -   Config GPU ID: 1
2026-06-16 07:39:23,852 - debug - DEBUG -   Input Device:  cuda:1
2026-06-16 07:39:23,852 - debug - DEBUG -   Target Device: cuda:1
2026-06-16 07:39:23,852 - debug - DEBUG -   Model Device:  cuda:1
2026-06-16 07:39:23,852 - debug - DEBUG -   Criterion Weight Device: No weights
2026-06-16 07:39:24,245 - debug - DEBUG - Batch 0 grad norm: 1.491491
2026-06-16 07:39:25,348 - debug - DEBUG - Batch 10 grad norm: 0.958637
2026-06-16 07:39:26,485 - debug - DEBUG - Batch 20 grad norm: 1.106367
2026-06-16 07:39:27,570 - debug - DEBUG - Batch 30 grad norm: 1.078344
2026-06-16 07:39:28,693 - debug - DEBUG - Batch 40 grad norm: 1.292928
2026-06-16 07:39:29,763 - debug - DEBUG - Batch 50 grad norm: 1.095543
2026-06-16 07:39:30,888 - debug - DEBUG - Batch 60 grad norm: 1.073456
2026-06-16 07:39:31,998 - debug - DEBUG - Batch 70 grad norm: 0.733353
2026-06-16 07:39:33,123 - debug - DEBUG - Batch 80 grad norm: 1.273981
2026-06-16 07:39:34,220 - debug - DEBUG - Batch 90 grad norm: 1.417438
2026-06-16 07:39:35,331 - debug - DEBUG - Batch 100 grad norm: 1.076034
2026-06-16 07:39:36,397 - debug - DEBUG - Batch 110 grad norm: 1.334057
2026-06-16 07:39:37,540 - debug - DEBUG - Batch 120 grad norm: 1.295250
2026-06-16 07:39:38,670 - debug - DEBUG - Batch 130 grad norm: 1.186947
2026-06-16 07:39:39,864 - debug - DEBUG - Batch 140 grad norm: 1.081721
2026-06-16 07:39:40,832 - debug - DEBUG - Batch 150 grad norm: 1.198986
2026-06-16 07:39:41,951 - debug - DEBUG - Batch 160 grad norm: 1.293673
2026-06-16 07:39:43,076 - debug - DEBUG - Batch 170 grad norm: 1.274212
2026-06-16 07:39:44,213 - debug - DEBUG - Batch 180 grad norm: 1.147902
2026-06-16 07:39:45,369 - debug - DEBUG - Batch 190 grad norm: 0.872713
2026-06-16 07:39:45,756 - debug - DEBUG - compute_metrics_and_record started for epoch 157
2026-06-16 07:39:45,757 - debug - DEBUG - all_preds length: 25000, all_targets length: 25000
2026-06-16 07:39:45,757 - debug - DEBUG - First 10 preds: [6, 7, 8, 8, 1, 2, 8, 0, 0, 5]
2026-06-16 07:39:45,757 - debug - DEBUG - First 10 targets: [6, 7, 8, 8, 1, 2, 8, 0, 0, 5]
2026-06-16 07:39:45,768 - debug - DEBUG - Unique predicted classes: 10 (first 10: [0 1 2 3 4 5 6 7 8 9])
2026-06-16 07:39:45,768 - debug - DEBUG - Unique target classes: 10 (first 10: [0 1 2 3 4 5 6 7 8 9])
2026-06-16 07:39:48,060 - debug - DEBUG - compute_metrics_and_record started for epoch 157
2026-06-16 07:39:48,060 - debug - DEBUG - all_preds length: 10000, all_targets length: 10000
2026-06-16 07:39:48,060 - debug - DEBUG - First 10 preds: [3, 8, 8, 8, 6, 6, 9, 6, 3, 1]
2026-06-16 07:39:48,060 - debug - DEBUG - First 10 targets: [3, 8, 8, 0, 6, 6, 1, 6, 3, 1]
2026-06-16 07:39:48,063 - debug - DEBUG - Unique predicted classes: 10 (first 10: [0 1 2 3 4 5 6 7 8 9])
2026-06-16 07:39:48,063 - debug - DEBUG - Unique target classes: 10 (first 10: [0 1 2 3 4 5 6 7 8 9])
2026-06-16 07:39:48,349 - debug - DEBUG - Device Check - Batch 0
2026-06-16 07:39:48,350 - debug - DEBUG -   Config GPU ID: 1
2026-06-16 07:39:48,350 - debug - DEBUG -   Input Device:  cuda:1
2026-06-16 07:39:48,350 - debug - DEBUG -   Target Device: cuda:1
2026-06-16 07:39:48,350 - debug - DEBUG -   Model Device:  cuda:1
2026-06-16 07:39:48,350 - debug - DEBUG -   Criterion Weight Device: No weights
2026-06-16 07:39:48,841 - debug - DEBUG - Batch 0 grad norm: 1.099596
2026-06-16 07:39:49,950 - debug - DEBUG - Batch 10 grad norm: 1.064966
2026-06-16 07:39:50,827 - debug - DEBUG - Batch 20 grad norm: 0.708979
2026-06-16 07:39:51,997 - debug - DEBUG - Batch 30 grad norm: 1.014774
2026-06-16 07:39:53,042 - debug - DEBUG - Batch 40 grad norm: 0.658834
2026-06-16 07:39:54,066 - debug - DEBUG - Batch 50 grad norm: 1.520947
2026-06-16 07:39:55,170 - debug - DEBUG - Batch 60 grad norm: 0.986075
2026-06-16 07:39:56,299 - debug - DEBUG - Batch 70 grad norm: 1.211980
2026-06-16 07:39:57,418 - debug - DEBUG - Batch 80 grad norm: 1.130349
2026-06-16 07:39:58,569 - debug - DEBUG - Batch 90 grad norm: 0.969795
2026-06-16 07:39:59,732 - debug - DEBUG - Batch 100 grad norm: 1.180026
2026-06-16 07:40:00,860 - debug - DEBUG - Batch 110 grad norm: 1.039094
2026-06-16 07:40:01,955 - debug - DEBUG - Batch 120 grad norm: 1.437802
2026-06-16 07:40:03,048 - debug - DEBUG - Batch 130 grad norm: 1.408348
2026-06-16 07:40:04,203 - debug - DEBUG - Batch 140 grad norm: 0.650986
2026-06-16 07:40:05,216 - debug - DEBUG - Batch 150 grad norm: 1.242680
2026-06-16 07:40:06,334 - debug - DEBUG - Batch 160 grad norm: 1.269705
2026-06-16 07:40:07,418 - debug - DEBUG - Batch 170 grad norm: 1.297957
2026-06-16 07:40:08,539 - debug - DEBUG - Batch 180 grad norm: 1.236986
2026-06-16 07:40:09,640 - debug - DEBUG - Batch 190 grad norm: 1.072987
2026-06-16 07:40:10,073 - debug - DEBUG - compute_metrics_and_record started for epoch 158
2026-06-16 07:40:10,074 - debug - DEBUG - all_preds length: 25000, all_targets length: 25000
2026-06-16 07:40:10,074 - debug - DEBUG - First 10 preds: [4, 2, 3, 0, 5, 0, 5, 5, 9, 8]
2026-06-16 07:40:10,074 - debug - DEBUG - First 10 targets: [4, 2, 5, 0, 5, 0, 5, 5, 9, 8]
2026-06-16 07:40:10,079 - debug - DEBUG - Unique predicted classes: 10 (first 10: [0 1 2 3 4 5 6 7 8 9])
2026-06-16 07:40:10,079 - debug - DEBUG - Unique target classes: 10 (first 10: [0 1 2 3 4 5 6 7 8 9])
2026-06-16 07:40:12,497 - debug - DEBUG - compute_metrics_and_record started for epoch 158
2026-06-16 07:40:12,497 - debug - DEBUG - all_preds length: 10000, all_targets length: 10000
2026-06-16 07:40:12,497 - debug - DEBUG - First 10 preds: [3, 8, 1, 0, 6, 5, 1, 6, 3, 1]
2026-06-16 07:40:12,497 - debug - DEBUG - First 10 targets: [3, 8, 8, 0, 6, 6, 1, 6, 3, 1]
2026-06-16 07:40:12,500 - debug - DEBUG - Unique predicted classes: 10 (first 10: [0 1 2 3 4 5 6 7 8 9])
2026-06-16 07:40:12,500 - debug - DEBUG - Unique target classes: 10 (first 10: [0 1 2 3 4 5 6 7 8 9])
2026-06-16 07:40:12,790 - debug - DEBUG - Device Check - Batch 0
2026-06-16 07:40:12,791 - debug - DEBUG -   Config GPU ID: 1
2026-06-16 07:40:12,791 - debug - DEBUG -   Input Device:  cuda:1
2026-06-16 07:40:12,791 - debug - DEBUG -   Target Device: cuda:1
2026-06-16 07:40:12,791 - debug - DEBUG -   Model Device:  cuda:1
2026-06-16 07:40:12,791 - debug - DEBUG -   Criterion Weight Device: No weights
2026-06-16 07:40:13,371 - debug - DEBUG - Batch 0 grad norm: 0.695000
2026-06-16 07:40:14,489 - debug - DEBUG - Batch 10 grad norm: 0.950956
2026-06-16 07:40:15,605 - debug - DEBUG - Batch 20 grad norm: 1.031921
2026-06-16 07:40:16,715 - debug - DEBUG - Batch 30 grad norm: 1.126790
2026-06-16 07:40:17,842 - debug - DEBUG - Batch 40 grad norm: 0.920205
2026-06-16 07:40:18,948 - debug - DEBUG - Batch 50 grad norm: 1.229962
2026-06-16 07:40:20,054 - debug - DEBUG - Batch 60 grad norm: 1.077222
2026-06-16 07:40:21,168 - debug - DEBUG - Batch 70 grad norm: 0.853707
2026-06-16 07:40:22,319 - debug - DEBUG - Batch 80 grad norm: 1.259930
2026-06-16 07:40:23,440 - debug - DEBUG - Batch 90 grad norm: 0.922588
2026-06-16 07:40:24,588 - debug - DEBUG - Batch 100 grad norm: 1.107509
2026-06-16 07:40:25,705 - debug - DEBUG - Batch 110 grad norm: 1.053703
2026-06-16 07:40:26,761 - debug - DEBUG - Batch 120 grad norm: 1.269994
2026-06-16 07:40:27,783 - debug - DEBUG - Batch 130 grad norm: 1.227917
2026-06-16 07:40:28,862 - debug - DEBUG - Batch 140 grad norm: 1.276470
2026-06-16 07:40:29,926 - debug - DEBUG - Batch 150 grad norm: 1.162749
2026-06-16 07:40:31,033 - debug - DEBUG - Batch 160 grad norm: 1.483253
2026-06-16 07:40:32,146 - debug - DEBUG - Batch 170 grad norm: 0.984296
2026-06-16 07:40:33,238 - debug - DEBUG - Batch 180 grad norm: 1.144984
2026-06-16 07:40:34,336 - debug - DEBUG - Batch 190 grad norm: 1.009590
2026-06-16 07:40:34,781 - debug - DEBUG - compute_metrics_and_record started for epoch 159
2026-06-16 07:40:34,782 - debug - DEBUG - all_preds length: 25000, all_targets length: 25000
2026-06-16 07:40:34,782 - debug - DEBUG - First 10 preds: [1, 1, 8, 5, 0, 7, 4, 0, 3, 7]
2026-06-16 07:40:34,782 - debug - DEBUG - First 10 targets: [8, 1, 8, 5, 0, 7, 4, 0, 3, 7]
2026-06-16 07:40:34,788 - debug - DEBUG - Unique predicted classes: 10 (first 10: [0 1 2 3 4 5 6 7 8 9])
2026-06-16 07:40:34,789 - debug - DEBUG - Unique target classes: 10 (first 10: [0 1 2 3 4 5 6 7 8 9])
2026-06-16 07:40:37,135 - debug - DEBUG - compute_metrics_and_record started for epoch 159
2026-06-16 07:40:37,135 - debug - DEBUG - all_preds length: 10000, all_targets length: 10000
2026-06-16 07:40:37,135 - debug - DEBUG - First 10 preds: [3, 8, 9, 0, 6, 6, 1, 6, 3, 1]
2026-06-16 07:40:37,135 - debug - DEBUG - First 10 targets: [3, 8, 8, 0, 6, 6, 1, 6, 3, 1]
2026-06-16 07:40:37,138 - debug - DEBUG - Unique predicted classes: 10 (first 10: [0 1 2 3 4 5 6 7 8 9])
2026-06-16 07:40:37,138 - debug - DEBUG - Unique target classes: 10 (first 10: [0 1 2 3 4 5 6 7 8 9])
2026-06-16 07:40:37,436 - debug - DEBUG - Device Check - Batch 0
2026-06-16 07:40:37,437 - debug - DEBUG -   Config GPU ID: 1
2026-06-16 07:40:37,437 - debug - DEBUG -   Input Device:  cuda:1
2026-06-16 07:40:37,437 - debug - DEBUG -   Target Device: cuda:1
2026-06-16 07:40:37,438 - debug - DEBUG -   Model Device:  cuda:1
2026-06-16 07:40:37,438 - debug - DEBUG -   Criterion Weight Device: No weights
2026-06-16 07:40:38,006 - debug - DEBUG - Batch 0 grad norm: 1.211316
2026-06-16 07:40:39,128 - debug - DEBUG - Batch 10 grad norm: 1.244030
2026-06-16 07:40:40,198 - debug - DEBUG - Batch 20 grad norm: 0.916414
2026-06-16 07:40:41,306 - debug - DEBUG - Batch 30 grad norm: 0.654093
2026-06-16 07:40:42,407 - debug - DEBUG - Batch 40 grad norm: 0.735604
2026-06-16 07:40:43,512 - debug - DEBUG - Batch 50 grad norm: 1.196486
2026-06-16 07:40:44,606 - debug - DEBUG - Batch 60 grad norm: 0.949300
2026-06-16 07:40:45,698 - debug - DEBUG - Batch 70 grad norm: 1.113456
2026-06-16 07:40:46,792 - debug - DEBUG - Batch 80 grad norm: 0.711878
2026-06-16 07:40:47,894 - debug - DEBUG - Batch 90 grad norm: 1.211255
2026-06-16 07:40:49,051 - debug - DEBUG - Batch 100 grad norm: 0.898817
2026-06-16 07:40:50,117 - debug - DEBUG - Batch 110 grad norm: 0.872040
2026-06-16 07:40:51,248 - debug - DEBUG - Batch 120 grad norm: 0.821143
2026-06-16 07:40:52,396 - debug - DEBUG - Batch 130 grad norm: 0.929821
2026-06-16 07:40:53,546 - debug - DEBUG - Batch 140 grad norm: 0.733763
2026-06-16 07:40:54,531 - debug - DEBUG - Batch 150 grad norm: 0.867798
2026-06-16 07:40:55,640 - debug - DEBUG - Batch 160 grad norm: 0.938260
2026-06-16 07:40:56,751 - debug - DEBUG - Batch 170 grad norm: 0.957321
2026-06-16 07:40:57,884 - debug - DEBUG - Batch 180 grad norm: 1.077784
2026-06-16 07:40:58,871 - debug - DEBUG - Batch 190 grad norm: 0.973542
2026-06-16 07:40:59,302 - debug - DEBUG - compute_metrics_and_record started for epoch 160
2026-06-16 07:40:59,302 - debug - DEBUG - all_preds length: 25000, all_targets length: 25000
2026-06-16 07:40:59,302 - debug - DEBUG - First 10 preds: [5, 1, 5, 0, 1, 0, 8, 1, 7, 2]
2026-06-16 07:40:59,302 - debug - DEBUG - First 10 targets: [5, 1, 5, 0, 1, 0, 9, 1, 7, 2]
2026-06-16 07:40:59,309 - debug - DEBUG - Unique predicted classes: 10 (first 10: [0 1 2 3 4 5 6 7 8 9])
2026-06-16 07:40:59,309 - debug - DEBUG - Unique target classes: 10 (first 10: [0 1 2 3 4 5 6 7 8 9])
2026-06-16 07:41:01,495 - debug - DEBUG - compute_metrics_and_record started for epoch 160
2026-06-16 07:41:01,496 - debug - DEBUG - all_preds length: 10000, all_targets length: 10000
2026-06-16 07:41:01,496 - debug - DEBUG - First 10 preds: [3, 8, 1, 8, 6, 6, 1, 6, 3, 1]
2026-06-16 07:41:01,496 - debug - DEBUG - First 10 targets: [3, 8, 8, 0, 6, 6, 1, 6, 3, 1]
2026-06-16 07:41:01,498 - debug - DEBUG - Unique predicted classes: 10 (first 10: [0 1 2 3 4 5 6 7 8 9])
2026-06-16 07:41:01,498 - debug - DEBUG - Unique target classes: 10 (first 10: [0 1 2 3 4 5 6 7 8 9])
2026-06-16 07:41:01,780 - debug - DEBUG - Device Check - Batch 0
2026-06-16 07:41:01,780 - debug - DEBUG -   Config GPU ID: 1
2026-06-16 07:41:01,781 - debug - DEBUG -   Input Device:  cuda:1
2026-06-16 07:41:01,781 - debug - DEBUG -   Target Device: cuda:1
2026-06-16 07:41:01,781 - debug - DEBUG -   Model Device:  cuda:1
2026-06-16 07:41:01,781 - debug - DEBUG -   Criterion Weight Device: No weights
2026-06-16 07:41:02,338 - debug - DEBUG - Batch 0 grad norm: 0.825867
2026-06-16 07:41:03,478 - debug - DEBUG - Batch 10 grad norm: 0.669133
2026-06-16 07:41:04,628 - debug - DEBUG - Batch 20 grad norm: 0.729695
2026-06-16 07:41:05,755 - debug - DEBUG - Batch 30 grad norm: 0.818361
2026-06-16 07:41:06,866 - debug - DEBUG - Batch 40 grad norm: 0.855967
2026-06-16 07:41:07,986 - debug - DEBUG - Batch 50 grad norm: 0.654136
2026-06-16 07:41:09,112 - debug - DEBUG - Batch 60 grad norm: 0.708134
2026-06-16 07:41:10,204 - debug - DEBUG - Batch 70 grad norm: 0.803873
2026-06-16 07:41:11,374 - debug - DEBUG - Batch 80 grad norm: 1.056692
2026-06-16 07:41:12,505 - debug - DEBUG - Batch 90 grad norm: 0.972529
2026-06-16 07:41:13,665 - debug - DEBUG - Batch 100 grad norm: 0.756576
2026-06-16 07:41:14,799 - debug - DEBUG - Batch 110 grad norm: 0.939111
2026-06-16 07:41:15,877 - debug - DEBUG - Batch 120 grad norm: 0.545790
2026-06-16 07:41:17,066 - debug - DEBUG - Batch 130 grad norm: 0.670569
2026-06-16 07:41:18,196 - debug - DEBUG - Batch 140 grad norm: 0.655775
2026-06-16 07:41:19,268 - debug - DEBUG - Batch 150 grad norm: 0.904572
2026-06-16 07:41:20,405 - debug - DEBUG - Batch 160 grad norm: 0.925687
2026-06-16 07:41:21,573 - debug - DEBUG - Batch 170 grad norm: 0.772194
2026-06-16 07:41:22,690 - debug - DEBUG - Batch 180 grad norm: 0.583802
2026-06-16 07:41:23,883 - debug - DEBUG - Batch 190 grad norm: 0.474588
2026-06-16 07:41:24,235 - debug - DEBUG - compute_metrics_and_record started for epoch 161
2026-06-16 07:41:24,235 - debug - DEBUG - all_preds length: 25000, all_targets length: 25000
2026-06-16 07:41:24,236 - debug - DEBUG - First 10 preds: [8, 4, 6, 5, 9, 4, 0, 8, 2, 4]
2026-06-16 07:41:24,236 - debug - DEBUG - First 10 targets: [8, 4, 6, 5, 9, 4, 0, 8, 2, 4]
2026-06-16 07:41:24,246 - debug - DEBUG - Unique predicted classes: 10 (first 10: [0 1 2 3 4 5 6 7 8 9])
2026-06-16 07:41:24,246 - debug - DEBUG - Unique target classes: 10 (first 10: [0 1 2 3 4 5 6 7 8 9])
2026-06-16 07:41:26,611 - debug - DEBUG - compute_metrics_and_record started for epoch 161
2026-06-16 07:41:26,612 - debug - DEBUG - all_preds length: 10000, all_targets length: 10000
2026-06-16 07:41:26,612 - debug - DEBUG - First 10 preds: [3, 8, 1, 8, 6, 6, 1, 6, 3, 1]
2026-06-16 07:41:26,612 - debug - DEBUG - First 10 targets: [3, 8, 8, 0, 6, 6, 1, 6, 3, 1]
2026-06-16 07:41:26,615 - debug - DEBUG - Unique predicted classes: 10 (first 10: [0 1 2 3 4 5 6 7 8 9])
2026-06-16 07:41:26,615 - debug - DEBUG - Unique target classes: 10 (first 10: [0 1 2 3 4 5 6 7 8 9])
2026-06-16 07:41:26,858 - debug - DEBUG - Device Check - Batch 0
2026-06-16 07:41:26,858 - debug - DEBUG -   Config GPU ID: 1
2026-06-16 07:41:26,859 - debug - DEBUG -   Input Device:  cuda:1
2026-06-16 07:41:26,859 - debug - DEBUG -   Target Device: cuda:1
2026-06-16 07:41:26,859 - debug - DEBUG -   Model Device:  cuda:1
2026-06-16 07:41:26,859 - debug - DEBUG -   Criterion Weight Device: No weights
2026-06-16 07:41:27,430 - debug - DEBUG - Batch 0 grad norm: 0.817025
2026-06-16 07:41:28,559 - debug - DEBUG - Batch 10 grad norm: 0.642147
2026-06-16 07:41:29,662 - debug - DEBUG - Batch 20 grad norm: 0.730036
2026-06-16 07:41:30,794 - debug - DEBUG - Batch 30 grad norm: 0.793649
2026-06-16 07:41:31,916 - debug - DEBUG - Batch 40 grad norm: 0.796823
2026-06-16 07:41:32,868 - debug - DEBUG - Batch 50 grad norm: 0.876218
2026-06-16 07:41:34,073 - debug - DEBUG - Batch 60 grad norm: 0.612681
2026-06-16 07:41:35,172 - debug - DEBUG - Batch 70 grad norm: 0.765887
2026-06-16 07:41:36,239 - debug - DEBUG - Batch 80 grad norm: 0.597228
2026-06-16 07:41:37,352 - debug - DEBUG - Batch 90 grad norm: 0.848812
2026-06-16 07:41:38,501 - debug - DEBUG - Batch 100 grad norm: 0.746904
2026-06-16 07:41:39,560 - debug - DEBUG - Batch 110 grad norm: 0.528391
2026-06-16 07:41:40,576 - debug - DEBUG - Batch 120 grad norm: 0.662539
2026-06-16 07:41:41,777 - debug - DEBUG - Batch 130 grad norm: 0.807405
2026-06-16 07:41:42,861 - debug - DEBUG - Batch 140 grad norm: 0.880756
2026-06-16 07:41:43,889 - debug - DEBUG - Batch 150 grad norm: 0.784041
2026-06-16 07:41:45,002 - debug - DEBUG - Batch 160 grad norm: 0.866032
2026-06-16 07:41:46,043 - debug - DEBUG - Batch 170 grad norm: 0.592897
2026-06-16 07:41:47,141 - debug - DEBUG - Batch 180 grad norm: 0.634376
2026-06-16 07:41:48,228 - debug - DEBUG - Batch 190 grad norm: 0.750005
2026-06-16 07:41:48,661 - debug - DEBUG - compute_metrics_and_record started for epoch 162
2026-06-16 07:41:48,661 - debug - DEBUG - all_preds length: 25000, all_targets length: 25000
2026-06-16 07:41:48,661 - debug - DEBUG - First 10 preds: [2, 1, 4, 3, 5, 5, 0, 9, 1, 0]
2026-06-16 07:41:48,661 - debug - DEBUG - First 10 targets: [2, 1, 4, 3, 5, 5, 8, 9, 1, 0]
2026-06-16 07:41:48,667 - debug - DEBUG - Unique predicted classes: 10 (first 10: [0 1 2 3 4 5 6 7 8 9])
2026-06-16 07:41:48,667 - debug - DEBUG - Unique target classes: 10 (first 10: [0 1 2 3 4 5 6 7 8 9])
2026-06-16 07:41:50,853 - debug - DEBUG - compute_metrics_and_record started for epoch 162
2026-06-16 07:41:50,854 - debug - DEBUG - all_preds length: 10000, all_targets length: 10000
2026-06-16 07:41:50,854 - debug - DEBUG - First 10 preds: [3, 8, 1, 8, 6, 6, 1, 6, 3, 1]
2026-06-16 07:41:50,854 - debug - DEBUG - First 10 targets: [3, 8, 8, 0, 6, 6, 1, 6, 3, 1]
2026-06-16 07:41:50,859 - debug - DEBUG - Unique predicted classes: 10 (first 10: [0 1 2 3 4 5 6 7 8 9])
2026-06-16 07:41:50,859 - debug - DEBUG - Unique target classes: 10 (first 10: [0 1 2 3 4 5 6 7 8 9])
2026-06-16 07:41:51,111 - debug - DEBUG - Device Check - Batch 0
2026-06-16 07:41:51,112 - debug - DEBUG -   Config GPU ID: 1
2026-06-16 07:41:51,112 - debug - DEBUG -   Input Device:  cuda:1
2026-06-16 07:41:51,112 - debug - DEBUG -   Target Device: cuda:1
2026-06-16 07:41:51,113 - debug - DEBUG -   Model Device:  cuda:1
2026-06-16 07:41:51,113 - debug - DEBUG -   Criterion Weight Device: No weights
2026-06-16 07:41:51,514 - debug - DEBUG - Batch 0 grad norm: 0.969613
2026-06-16 07:41:52,655 - debug - DEBUG - Batch 10 grad norm: 0.709371
2026-06-16 07:41:53,744 - debug - DEBUG - Batch 20 grad norm: 0.571485
2026-06-16 07:41:54,870 - debug - DEBUG - Batch 30 grad norm: 0.560689
2026-06-16 07:41:55,959 - debug - DEBUG - Batch 40 grad norm: 0.389635
2026-06-16 07:41:57,089 - debug - DEBUG - Batch 50 grad norm: 0.572222
2026-06-16 07:41:58,185 - debug - DEBUG - Batch 60 grad norm: 0.601558
2026-06-16 07:41:59,301 - debug - DEBUG - Batch 70 grad norm: 0.777204
2026-06-16 07:42:00,346 - debug - DEBUG - Batch 80 grad norm: 0.767812
2026-06-16 07:42:01,446 - debug - DEBUG - Batch 90 grad norm: 0.718628
2026-06-16 07:42:02,530 - debug - DEBUG - Batch 100 grad norm: 0.703655
2026-06-16 07:42:03,655 - debug - DEBUG - Batch 110 grad norm: 0.671781
2026-06-16 07:42:04,742 - debug - DEBUG - Batch 120 grad norm: 0.681910
2026-06-16 07:42:05,844 - debug - DEBUG - Batch 130 grad norm: 0.829221
2026-06-16 07:42:07,033 - debug - DEBUG - Batch 140 grad norm: 0.716227
2026-06-16 07:42:07,962 - debug - DEBUG - Batch 150 grad norm: 0.413527
2026-06-16 07:42:09,178 - debug - DEBUG - Batch 160 grad norm: 0.433391
2026-06-16 07:42:10,170 - debug - DEBUG - Batch 170 grad norm: 0.572366
2026-06-16 07:42:11,313 - debug - DEBUG - Batch 180 grad norm: 0.880389
2026-06-16 07:42:12,385 - debug - DEBUG - Batch 190 grad norm: 0.976962
2026-06-16 07:42:12,793 - debug - DEBUG - compute_metrics_and_record started for epoch 163
2026-06-16 07:42:12,793 - debug - DEBUG - all_preds length: 25000, all_targets length: 25000
2026-06-16 07:42:12,793 - debug - DEBUG - First 10 preds: [0, 9, 6, 3, 9, 1, 3, 2, 6, 1]
2026-06-16 07:42:12,794 - debug - DEBUG - First 10 targets: [0, 9, 6, 3, 9, 1, 3, 2, 6, 1]
2026-06-16 07:42:12,799 - debug - DEBUG - Unique predicted classes: 10 (first 10: [0 1 2 3 4 5 6 7 8 9])
2026-06-16 07:42:12,799 - debug - DEBUG - Unique target classes: 10 (first 10: [0 1 2 3 4 5 6 7 8 9])
2026-06-16 07:42:14,962 - debug - DEBUG - compute_metrics_and_record started for epoch 163
2026-06-16 07:42:14,962 - debug - DEBUG - all_preds length: 10000, all_targets length: 10000
2026-06-16 07:42:14,962 - debug - DEBUG - First 10 preds: [3, 8, 1, 8, 6, 6, 1, 6, 3, 1]
2026-06-16 07:42:14,962 - debug - DEBUG - First 10 targets: [3, 8, 8, 0, 6, 6, 1, 6, 3, 1]
2026-06-16 07:42:14,965 - debug - DEBUG - Unique predicted classes: 10 (first 10: [0 1 2 3 4 5 6 7 8 9])
2026-06-16 07:42:14,965 - debug - DEBUG - Unique target classes: 10 (first 10: [0 1 2 3 4 5 6 7 8 9])
2026-06-16 07:42:15,229 - debug - DEBUG - Device Check - Batch 0
2026-06-16 07:42:15,231 - debug - DEBUG -   Config GPU ID: 1
2026-06-16 07:42:15,231 - debug - DEBUG -   Input Device:  cuda:1
2026-06-16 07:42:15,231 - debug - DEBUG -   Target Device: cuda:1
2026-06-16 07:42:15,231 - debug - DEBUG -   Model Device:  cuda:1
2026-06-16 07:42:15,231 - debug - DEBUG -   Criterion Weight Device: No weights
2026-06-16 07:42:15,646 - debug - DEBUG - Batch 0 grad norm: 0.766874
2026-06-16 07:42:16,765 - debug - DEBUG - Batch 10 grad norm: 0.706716
2026-06-16 07:42:17,893 - debug - DEBUG - Batch 20 grad norm: 0.847816
2026-06-16 07:42:18,974 - debug - DEBUG - Batch 30 grad norm: 0.605667
2026-06-16 07:42:20,105 - debug - DEBUG - Batch 40 grad norm: 0.612659
2026-06-16 07:42:21,197 - debug - DEBUG - Batch 50 grad norm: 0.735361
2026-06-16 07:42:22,313 - debug - DEBUG - Batch 60 grad norm: 0.714863
2026-06-16 07:42:23,415 - debug - DEBUG - Batch 70 grad norm: 0.811310
2026-06-16 07:42:24,543 - debug - DEBUG - Batch 80 grad norm: 0.648516
2026-06-16 07:42:25,680 - debug - DEBUG - Batch 90 grad norm: 0.920482
2026-06-16 07:42:26,797 - debug - DEBUG - Batch 100 grad norm: 0.505390
2026-06-16 07:42:27,936 - debug - DEBUG - Batch 110 grad norm: 0.569845
2026-06-16 07:42:29,045 - debug - DEBUG - Batch 120 grad norm: 0.641348
2026-06-16 07:42:30,145 - debug - DEBUG - Batch 130 grad norm: 0.801617
2026-06-16 07:42:31,345 - debug - DEBUG - Batch 140 grad norm: 0.564174
2026-06-16 07:42:32,374 - debug - DEBUG - Batch 150 grad norm: 0.596222
2026-06-16 07:42:33,503 - debug - DEBUG - Batch 160 grad norm: 0.737205
2026-06-16 07:42:34,620 - debug - DEBUG - Batch 170 grad norm: 0.713956
2026-06-16 07:42:35,702 - debug - DEBUG - Batch 180 grad norm: 0.814703
2026-06-16 07:42:36,788 - debug - DEBUG - Batch 190 grad norm: 0.938751
2026-06-16 07:42:37,104 - debug - DEBUG - compute_metrics_and_record started for epoch 164
2026-06-16 07:42:37,104 - debug - DEBUG - all_preds length: 25000, all_targets length: 25000
2026-06-16 07:42:37,104 - debug - DEBUG - First 10 preds: [7, 4, 9, 3, 5, 8, 0, 9, 5, 6]
2026-06-16 07:42:37,104 - debug - DEBUG - First 10 targets: [7, 4, 9, 3, 5, 8, 0, 9, 5, 6]
2026-06-16 07:42:37,110 - debug - DEBUG - Unique predicted classes: 10 (first 10: [0 1 2 3 4 5 6 7 8 9])
2026-06-16 07:42:37,111 - debug - DEBUG - Unique target classes: 10 (first 10: [0 1 2 3 4 5 6 7 8 9])
2026-06-16 07:42:39,400 - debug - DEBUG - compute_metrics_and_record started for epoch 164
2026-06-16 07:42:39,400 - debug - DEBUG - all_preds length: 10000, all_targets length: 10000
2026-06-16 07:42:39,400 - debug - DEBUG - First 10 preds: [3, 8, 1, 8, 6, 6, 1, 6, 3, 1]
2026-06-16 07:42:39,400 - debug - DEBUG - First 10 targets: [3, 8, 8, 0, 6, 6, 1, 6, 3, 1]
2026-06-16 07:42:39,403 - debug - DEBUG - Unique predicted classes: 10 (first 10: [0 1 2 3 4 5 6 7 8 9])
2026-06-16 07:42:39,403 - debug - DEBUG - Unique target classes: 10 (first 10: [0 1 2 3 4 5 6 7 8 9])
2026-06-16 07:42:39,712 - debug - DEBUG - Device Check - Batch 0
2026-06-16 07:42:39,713 - debug - DEBUG -   Config GPU ID: 1
2026-06-16 07:42:39,713 - debug - DEBUG -   Input Device:  cuda:1
2026-06-16 07:42:39,713 - debug - DEBUG -   Target Device: cuda:1
2026-06-16 07:42:39,713 - debug - DEBUG -   Model Device:  cuda:1
2026-06-16 07:42:39,713 - debug - DEBUG -   Criterion Weight Device: No weights
2026-06-16 07:42:40,210 - debug - DEBUG - Batch 0 grad norm: 0.585489
2026-06-16 07:42:41,179 - debug - DEBUG - Batch 10 grad norm: 0.638171
2026-06-16 07:42:42,412 - debug - DEBUG - Batch 20 grad norm: 0.586591
2026-06-16 07:42:43,429 - debug - DEBUG - Batch 30 grad norm: 0.581573
2026-06-16 07:42:44,496 - debug - DEBUG - Batch 40 grad norm: 0.481439
2026-06-16 07:42:45,594 - debug - DEBUG - Batch 50 grad norm: 0.502122
2026-06-16 07:42:46,709 - debug - DEBUG - Batch 60 grad norm: 0.654995
2026-06-16 07:42:47,815 - debug - DEBUG - Batch 70 grad norm: 0.641354
2026-06-16 07:42:48,914 - debug - DEBUG - Batch 80 grad norm: 0.614798
2026-06-16 07:42:50,002 - debug - DEBUG - Batch 90 grad norm: 0.640277
2026-06-16 07:42:51,101 - debug - DEBUG - Batch 100 grad norm: 0.723496
2026-06-16 07:42:52,164 - debug - DEBUG - Batch 110 grad norm: 0.522271
2026-06-16 07:42:53,279 - debug - DEBUG - Batch 120 grad norm: 0.463206
2026-06-16 07:42:54,217 - debug - DEBUG - Batch 130 grad norm: 0.718671
2026-06-16 07:42:55,386 - debug - DEBUG - Batch 140 grad norm: 0.928811
2026-06-16 07:42:56,442 - debug - DEBUG - Batch 150 grad norm: 0.840365
2026-06-16 07:42:57,447 - debug - DEBUG - Batch 160 grad norm: 0.598220
2026-06-16 07:42:58,541 - debug - DEBUG - Batch 170 grad norm: 0.692417
2026-06-16 07:42:59,669 - debug - DEBUG - Batch 180 grad norm: 0.789134
2026-06-16 07:43:00,795 - debug - DEBUG - Batch 190 grad norm: 0.816412
2026-06-16 07:43:01,150 - debug - DEBUG - compute_metrics_and_record started for epoch 165
2026-06-16 07:43:01,151 - debug - DEBUG - all_preds length: 25000, all_targets length: 25000
2026-06-16 07:43:01,151 - debug - DEBUG - First 10 preds: [4, 4, 8, 2, 7, 9, 3, 9, 2, 4]
2026-06-16 07:43:01,151 - debug - DEBUG - First 10 targets: [4, 4, 8, 2, 4, 9, 3, 9, 2, 4]
2026-06-16 07:43:01,158 - debug - DEBUG - Unique predicted classes: 10 (first 10: [0 1 2 3 4 5 6 7 8 9])
2026-06-16 07:43:01,158 - debug - DEBUG - Unique target classes: 10 (first 10: [0 1 2 3 4 5 6 7 8 9])
2026-06-16 07:43:03,433 - debug - DEBUG - compute_metrics_and_record started for epoch 165
2026-06-16 07:43:03,434 - debug - DEBUG - all_preds length: 10000, all_targets length: 10000
2026-06-16 07:43:03,434 - debug - DEBUG - First 10 preds: [3, 8, 1, 8, 6, 6, 1, 6, 3, 1]
2026-06-16 07:43:03,434 - debug - DEBUG - First 10 targets: [3, 8, 8, 0, 6, 6, 1, 6, 3, 1]
2026-06-16 07:43:03,436 - debug - DEBUG - Unique predicted classes: 10 (first 10: [0 1 2 3 4 5 6 7 8 9])
2026-06-16 07:43:03,437 - debug - DEBUG - Unique target classes: 10 (first 10: [0 1 2 3 4 5 6 7 8 9])
2026-06-16 07:43:03,711 - debug - DEBUG - Device Check - Batch 0
2026-06-16 07:43:03,712 - debug - DEBUG -   Config GPU ID: 1
2026-06-16 07:43:03,712 - debug - DEBUG -   Input Device:  cuda:1
2026-06-16 07:43:03,712 - debug - DEBUG -   Target Device: cuda:1
2026-06-16 07:43:03,712 - debug - DEBUG -   Model Device:  cuda:1
2026-06-16 07:43:03,713 - debug - DEBUG -   Criterion Weight Device: No weights
2026-06-16 07:43:04,306 - debug - DEBUG - Batch 0 grad norm: 0.595238
2026-06-16 07:43:05,437 - debug - DEBUG - Batch 10 grad norm: 0.716776
2026-06-16 07:43:06,552 - debug - DEBUG - Batch 20 grad norm: 0.698789
2026-06-16 07:43:07,686 - debug - DEBUG - Batch 30 grad norm: 0.657032
2026-06-16 07:43:08,823 - debug - DEBUG - Batch 40 grad norm: 0.543649
2026-06-16 07:43:09,929 - debug - DEBUG - Batch 50 grad norm: 0.913558
2026-06-16 07:43:11,060 - debug - DEBUG - Batch 60 grad norm: 0.660850
2026-06-16 07:43:12,189 - debug - DEBUG - Batch 70 grad norm: 0.912195
2026-06-16 07:43:13,325 - debug - DEBUG - Batch 80 grad norm: 0.569765
2026-06-16 07:43:14,443 - debug - DEBUG - Batch 90 grad norm: 0.441312
2026-06-16 07:43:15,452 - debug - DEBUG - Batch 100 grad norm: 0.623095
2026-06-16 07:43:16,642 - debug - DEBUG - Batch 110 grad norm: 0.764846
2026-06-16 07:43:17,681 - debug - DEBUG - Batch 120 grad norm: 0.728119
2026-06-16 07:43:18,647 - debug - DEBUG - Batch 130 grad norm: 0.785502
2026-06-16 07:43:19,848 - debug - DEBUG - Batch 140 grad norm: 0.474526
2026-06-16 07:43:20,879 - debug - DEBUG - Batch 150 grad norm: 0.686235
2026-06-16 07:43:21,987 - debug - DEBUG - Batch 160 grad norm: 0.538366
2026-06-16 07:43:23,124 - debug - DEBUG - Batch 170 grad norm: 0.285661
2026-06-16 07:43:24,244 - debug - DEBUG - Batch 180 grad norm: 0.814948
2026-06-16 07:43:25,379 - debug - DEBUG - Batch 190 grad norm: 0.505483
2026-06-16 07:43:25,729 - debug - DEBUG - compute_metrics_and_record started for epoch 166
2026-06-16 07:43:25,729 - debug - DEBUG - all_preds length: 25000, all_targets length: 25000
2026-06-16 07:43:25,729 - debug - DEBUG - First 10 preds: [2, 7, 2, 1, 8, 7, 3, 4, 7, 1]
2026-06-16 07:43:25,729 - debug - DEBUG - First 10 targets: [2, 7, 2, 1, 8, 7, 3, 4, 7, 1]
2026-06-16 07:43:25,735 - debug - DEBUG - Unique predicted classes: 10 (first 10: [0 1 2 3 4 5 6 7 8 9])
2026-06-16 07:43:25,735 - debug - DEBUG - Unique target classes: 10 (first 10: [0 1 2 3 4 5 6 7 8 9])
2026-06-16 07:43:28,105 - debug - DEBUG - compute_metrics_and_record started for epoch 166
2026-06-16 07:43:28,105 - debug - DEBUG - all_preds length: 10000, all_targets length: 10000
2026-06-16 07:43:28,105 - debug - DEBUG - First 10 preds: [3, 8, 1, 8, 6, 6, 1, 6, 3, 1]
2026-06-16 07:43:28,105 - debug - DEBUG - First 10 targets: [3, 8, 8, 0, 6, 6, 1, 6, 3, 1]
2026-06-16 07:43:28,108 - debug - DEBUG - Unique predicted classes: 10 (first 10: [0 1 2 3 4 5 6 7 8 9])
2026-06-16 07:43:28,108 - debug - DEBUG - Unique target classes: 10 (first 10: [0 1 2 3 4 5 6 7 8 9])
2026-06-16 07:43:28,429 - debug - DEBUG - Device Check - Batch 0
2026-06-16 07:43:28,430 - debug - DEBUG -   Config GPU ID: 1
2026-06-16 07:43:28,431 - debug - DEBUG -   Input Device:  cuda:1
2026-06-16 07:43:28,431 - debug - DEBUG -   Target Device: cuda:1
2026-06-16 07:43:28,431 - debug - DEBUG -   Model Device:  cuda:1
2026-06-16 07:43:28,431 - debug - DEBUG -   Criterion Weight Device: No weights
2026-06-16 07:43:28,917 - debug - DEBUG - Batch 0 grad norm: 0.747531
2026-06-16 07:43:29,987 - debug - DEBUG - Batch 10 grad norm: 0.515296
2026-06-16 07:43:31,033 - debug - DEBUG - Batch 20 grad norm: 0.600968
2026-06-16 07:43:32,119 - debug - DEBUG - Batch 30 grad norm: 0.697760
2026-06-16 07:43:33,224 - debug - DEBUG - Batch 40 grad norm: 0.420921
2026-06-16 07:43:34,296 - debug - DEBUG - Batch 50 grad norm: 0.605709
2026-06-16 07:43:35,428 - debug - DEBUG - Batch 60 grad norm: 0.842623
2026-06-16 07:43:36,548 - debug - DEBUG - Batch 70 grad norm: 0.715882
2026-06-16 07:43:37,680 - debug - DEBUG - Batch 80 grad norm: 0.497390
2026-06-16 07:43:38,762 - debug - DEBUG - Batch 90 grad norm: 1.101119
2026-06-16 07:43:39,885 - debug - DEBUG - Batch 100 grad norm: 0.551338
2026-06-16 07:43:40,950 - debug - DEBUG - Batch 110 grad norm: 0.692802
2026-06-16 07:43:42,076 - debug - DEBUG - Batch 120 grad norm: 0.557420
2026-06-16 07:43:43,196 - debug - DEBUG - Batch 130 grad norm: 0.456916
2026-06-16 07:43:44,397 - debug - DEBUG - Batch 140 grad norm: 0.725020
2026-06-16 07:43:45,372 - debug - DEBUG - Batch 150 grad norm: 0.827589
2026-06-16 07:43:46,505 - debug - DEBUG - Batch 160 grad norm: 0.727003
2026-06-16 07:43:47,620 - debug - DEBUG - Batch 170 grad norm: 0.713155
2026-06-16 07:43:48,706 - debug - DEBUG - Batch 180 grad norm: 0.838588
2026-06-16 07:43:49,763 - debug - DEBUG - Batch 190 grad norm: 0.795100
2026-06-16 07:43:50,197 - debug - DEBUG - compute_metrics_and_record started for epoch 167
2026-06-16 07:43:50,197 - debug - DEBUG - all_preds length: 25000, all_targets length: 25000
2026-06-16 07:43:50,197 - debug - DEBUG - First 10 preds: [0, 4, 5, 1, 4, 2, 1, 4, 0, 7]
2026-06-16 07:43:50,197 - debug - DEBUG - First 10 targets: [0, 4, 5, 1, 4, 2, 1, 4, 0, 7]
2026-06-16 07:43:50,204 - debug - DEBUG - Unique predicted classes: 10 (first 10: [0 1 2 3 4 5 6 7 8 9])
2026-06-16 07:43:50,204 - debug - DEBUG - Unique target classes: 10 (first 10: [0 1 2 3 4 5 6 7 8 9])
2026-06-16 07:43:52,374 - debug - DEBUG - compute_metrics_and_record started for epoch 167
2026-06-16 07:43:52,375 - debug - DEBUG - all_preds length: 10000, all_targets length: 10000
2026-06-16 07:43:52,375 - debug - DEBUG - First 10 preds: [3, 8, 1, 8, 6, 6, 1, 6, 3, 1]
2026-06-16 07:43:52,375 - debug - DEBUG - First 10 targets: [3, 8, 8, 0, 6, 6, 1, 6, 3, 1]
2026-06-16 07:43:52,378 - debug - DEBUG - Unique predicted classes: 10 (first 10: [0 1 2 3 4 5 6 7 8 9])
2026-06-16 07:43:52,378 - debug - DEBUG - Unique target classes: 10 (first 10: [0 1 2 3 4 5 6 7 8 9])
2026-06-16 07:43:52,666 - debug - DEBUG - Device Check - Batch 0
2026-06-16 07:43:52,667 - debug - DEBUG -   Config GPU ID: 1
2026-06-16 07:43:52,668 - debug - DEBUG -   Input Device:  cuda:1
2026-06-16 07:43:52,668 - debug - DEBUG -   Target Device: cuda:1
2026-06-16 07:43:52,668 - debug - DEBUG -   Model Device:  cuda:1
2026-06-16 07:43:52,668 - debug - DEBUG -   Criterion Weight Device: No weights
2026-06-16 07:43:53,081 - debug - DEBUG - Batch 0 grad norm: 0.657607
2026-06-16 07:43:54,239 - debug - DEBUG - Batch 10 grad norm: 0.749842
2026-06-16 07:43:55,338 - debug - DEBUG - Batch 20 grad norm: 0.661258
2026-06-16 07:43:56,469 - debug - DEBUG - Batch 30 grad norm: 0.658114
2026-06-16 07:43:57,573 - debug - DEBUG - Batch 40 grad norm: 0.480939
2026-06-16 07:43:58,693 - debug - DEBUG - Batch 50 grad norm: 0.410918
2026-06-16 07:43:59,835 - debug - DEBUG - Batch 60 grad norm: 0.833123
2026-06-16 07:44:00,954 - debug - DEBUG - Batch 70 grad norm: 0.505876
2026-06-16 07:44:02,005 - debug - DEBUG - Batch 80 grad norm: 0.601350
2026-06-16 07:44:03,129 - debug - DEBUG - Batch 90 grad norm: 0.710456
2026-06-16 07:44:04,265 - debug - DEBUG - Batch 100 grad norm: 0.564991
2026-06-16 07:44:05,356 - debug - DEBUG - Batch 110 grad norm: 0.630373
2026-06-16 07:44:06,470 - debug - DEBUG - Batch 120 grad norm: 0.691265
2026-06-16 07:44:07,578 - debug - DEBUG - Batch 130 grad norm: 0.400460
2026-06-16 07:44:08,820 - debug - DEBUG - Batch 140 grad norm: 0.222891
2026-06-16 07:44:09,817 - debug - DEBUG - Batch 150 grad norm: 0.846422
2026-06-16 07:44:10,969 - debug - DEBUG - Batch 160 grad norm: 0.464111
2026-06-16 07:44:12,045 - debug - DEBUG - Batch 170 grad norm: 0.726999
2026-06-16 07:44:13,181 - debug - DEBUG - Batch 180 grad norm: 0.492180
2026-06-16 07:44:14,272 - debug - DEBUG - Batch 190 grad norm: 0.789119
2026-06-16 07:44:14,704 - debug - DEBUG - compute_metrics_and_record started for epoch 168
2026-06-16 07:44:14,705 - debug - DEBUG - all_preds length: 25000, all_targets length: 25000
2026-06-16 07:44:14,705 - debug - DEBUG - First 10 preds: [2, 7, 4, 0, 7, 2, 3, 3, 5, 3]
2026-06-16 07:44:14,705 - debug - DEBUG - First 10 targets: [2, 7, 4, 0, 7, 2, 3, 3, 5, 3]
2026-06-16 07:44:14,713 - debug - DEBUG - Unique predicted classes: 10 (first 10: [0 1 2 3 4 5 6 7 8 9])
2026-06-16 07:44:14,714 - debug - DEBUG - Unique target classes: 10 (first 10: [0 1 2 3 4 5 6 7 8 9])
2026-06-16 07:44:17,189 - debug - DEBUG - compute_metrics_and_record started for epoch 168
2026-06-16 07:44:17,189 - debug - DEBUG - all_preds length: 10000, all_targets length: 10000
2026-06-16 07:44:17,189 - debug - DEBUG - First 10 preds: [3, 8, 1, 8, 6, 6, 1, 6, 3, 1]
2026-06-16 07:44:17,190 - debug - DEBUG - First 10 targets: [3, 8, 8, 0, 6, 6, 1, 6, 3, 1]
2026-06-16 07:44:17,192 - debug - DEBUG - Unique predicted classes: 10 (first 10: [0 1 2 3 4 5 6 7 8 9])
2026-06-16 07:44:17,192 - debug - DEBUG - Unique target classes: 10 (first 10: [0 1 2 3 4 5 6 7 8 9])
2026-06-16 07:44:17,491 - debug - DEBUG - Device Check - Batch 0
2026-06-16 07:44:17,492 - debug - DEBUG -   Config GPU ID: 1
2026-06-16 07:44:17,492 - debug - DEBUG -   Input Device:  cuda:1
2026-06-16 07:44:17,492 - debug - DEBUG -   Target Device: cuda:1
2026-06-16 07:44:17,493 - debug - DEBUG -   Model Device:  cuda:1
2026-06-16 07:44:17,493 - debug - DEBUG -   Criterion Weight Device: No weights
2026-06-16 07:44:18,076 - debug - DEBUG - Batch 0 grad norm: 0.611484
2026-06-16 07:44:19,198 - debug - DEBUG - Batch 10 grad norm: 0.542467
2026-06-16 07:44:20,353 - debug - DEBUG - Batch 20 grad norm: 0.456221
2026-06-16 07:44:21,487 - debug - DEBUG - Batch 30 grad norm: 0.618269
2026-06-16 07:44:22,589 - debug - DEBUG - Batch 40 grad norm: 0.760698
2026-06-16 07:44:23,558 - debug - DEBUG - Batch 50 grad norm: 1.003665
2026-06-16 07:44:24,709 - debug - DEBUG - Batch 60 grad norm: 0.795596
2026-06-16 07:44:25,848 - debug - DEBUG - Batch 70 grad norm: 0.587262
2026-06-16 07:44:26,857 - debug - DEBUG - Batch 80 grad norm: 0.682447
2026-06-16 07:44:27,957 - debug - DEBUG - Batch 90 grad norm: 0.589451
2026-06-16 07:44:29,050 - debug - DEBUG - Batch 100 grad norm: 0.467407
2026-06-16 07:44:30,163 - debug - DEBUG - Batch 110 grad norm: 0.510245
2026-06-16 07:44:31,171 - debug - DEBUG - Batch 120 grad norm: 0.719602
2026-06-16 07:44:32,338 - debug - DEBUG - Batch 130 grad norm: 0.945797
2026-06-16 07:44:33,438 - debug - DEBUG - Batch 140 grad norm: 0.688220
2026-06-16 07:44:34,439 - debug - DEBUG - Batch 150 grad norm: 0.614890
2026-06-16 07:44:35,589 - debug - DEBUG - Batch 160 grad norm: 0.684603
2026-06-16 07:44:36,695 - debug - DEBUG - Batch 170 grad norm: 0.646342
2026-06-16 07:44:37,817 - debug - DEBUG - Batch 180 grad norm: 0.689027
2026-06-16 07:44:38,890 - debug - DEBUG - Batch 190 grad norm: 0.637617
2026-06-16 07:44:39,291 - debug - DEBUG - compute_metrics_and_record started for epoch 169
2026-06-16 07:44:39,292 - debug - DEBUG - all_preds length: 25000, all_targets length: 25000
2026-06-16 07:44:39,292 - debug - DEBUG - First 10 preds: [7, 4, 8, 9, 1, 6, 5, 2, 9, 6]
2026-06-16 07:44:39,292 - debug - DEBUG - First 10 targets: [7, 4, 8, 9, 1, 6, 5, 2, 9, 6]
2026-06-16 07:44:39,298 - debug - DEBUG - Unique predicted classes: 10 (first 10: [0 1 2 3 4 5 6 7 8 9])
2026-06-16 07:44:39,299 - debug - DEBUG - Unique target classes: 10 (first 10: [0 1 2 3 4 5 6 7 8 9])
2026-06-16 07:44:41,569 - debug - DEBUG - compute_metrics_and_record started for epoch 169
2026-06-16 07:44:41,570 - debug - DEBUG - all_preds length: 10000, all_targets length: 10000
2026-06-16 07:44:41,570 - debug - DEBUG - First 10 preds: [3, 8, 1, 0, 6, 6, 1, 6, 3, 1]
2026-06-16 07:44:41,570 - debug - DEBUG - First 10 targets: [3, 8, 8, 0, 6, 6, 1, 6, 3, 1]
2026-06-16 07:44:41,573 - debug - DEBUG - Unique predicted classes: 10 (first 10: [0 1 2 3 4 5 6 7 8 9])
2026-06-16 07:44:41,573 - debug - DEBUG - Unique target classes: 10 (first 10: [0 1 2 3 4 5 6 7 8 9])
2026-06-16 07:44:41,854 - debug - DEBUG - Device Check - Batch 0
2026-06-16 07:44:41,855 - debug - DEBUG -   Config GPU ID: 1
2026-06-16 07:44:41,855 - debug - DEBUG -   Input Device:  cuda:1
2026-06-16 07:44:41,855 - debug - DEBUG -   Target Device: cuda:1
2026-06-16 07:44:41,856 - debug - DEBUG -   Model Device:  cuda:1
2026-06-16 07:44:41,856 - debug - DEBUG -   Criterion Weight Device: No weights
2026-06-16 07:44:42,323 - debug - DEBUG - Batch 0 grad norm: 0.415279
2026-06-16 07:44:43,448 - debug - DEBUG - Batch 10 grad norm: 0.681179
2026-06-16 07:44:44,566 - debug - DEBUG - Batch 20 grad norm: 0.780872
2026-06-16 07:44:45,724 - debug - DEBUG - Batch 30 grad norm: 0.482525
2026-06-16 07:44:46,834 - debug - DEBUG - Batch 40 grad norm: 0.593942
2026-06-16 07:44:47,972 - debug - DEBUG - Batch 50 grad norm: 0.596416
2026-06-16 07:44:49,083 - debug - DEBUG - Batch 60 grad norm: 0.597579
2026-06-16 07:44:50,207 - debug - DEBUG - Batch 70 grad norm: 0.456855
2026-06-16 07:44:51,294 - debug - DEBUG - Batch 80 grad norm: 0.701037
2026-06-16 07:44:52,403 - debug - DEBUG - Batch 90 grad norm: 0.609710
2026-06-16 07:44:53,512 - debug - DEBUG - Batch 100 grad norm: 0.337917
2026-06-16 07:44:54,646 - debug - DEBUG - Batch 110 grad norm: 0.776941
2026-06-16 07:44:55,754 - debug - DEBUG - Batch 120 grad norm: 0.507693
2026-06-16 07:44:56,836 - debug - DEBUG - Batch 130 grad norm: 0.780990
2026-06-16 07:44:57,939 - debug - DEBUG - Batch 140 grad norm: 0.727369
2026-06-16 07:44:58,975 - debug - DEBUG - Batch 150 grad norm: 0.515394
2026-06-16 07:45:00,069 - debug - DEBUG - Batch 160 grad norm: 0.588291
2026-06-16 07:45:01,140 - debug - DEBUG - Batch 170 grad norm: 0.661223
2026-06-16 07:45:02,245 - debug - DEBUG - Batch 180 grad norm: 0.536287
2026-06-16 07:45:03,312 - debug - DEBUG - Batch 190 grad norm: 0.635813
2026-06-16 07:45:03,760 - debug - DEBUG - compute_metrics_and_record started for epoch 170
2026-06-16 07:45:03,760 - debug - DEBUG - all_preds length: 25000, all_targets length: 25000
2026-06-16 07:45:03,760 - debug - DEBUG - First 10 preds: [5, 7, 5, 5, 1, 5, 7, 2, 8, 1]
2026-06-16 07:45:03,761 - debug - DEBUG - First 10 targets: [5, 7, 5, 5, 1, 5, 7, 2, 8, 1]
2026-06-16 07:45:03,767 - debug - DEBUG - Unique predicted classes: 10 (first 10: [0 1 2 3 4 5 6 7 8 9])
2026-06-16 07:45:03,767 - debug - DEBUG - Unique target classes: 10 (first 10: [0 1 2 3 4 5 6 7 8 9])
2026-06-16 07:45:06,137 - debug - DEBUG - compute_metrics_and_record started for epoch 170
2026-06-16 07:45:06,138 - debug - DEBUG - all_preds length: 10000, all_targets length: 10000
2026-06-16 07:45:06,138 - debug - DEBUG - First 10 preds: [3, 8, 1, 0, 6, 6, 1, 6, 3, 1]
2026-06-16 07:45:06,138 - debug - DEBUG - First 10 targets: [3, 8, 8, 0, 6, 6, 1, 6, 3, 1]
2026-06-16 07:45:06,140 - debug - DEBUG - Unique predicted classes: 10 (first 10: [0 1 2 3 4 5 6 7 8 9])
2026-06-16 07:45:06,140 - debug - DEBUG - Unique target classes: 10 (first 10: [0 1 2 3 4 5 6 7 8 9])
2026-06-16 07:45:06,438 - debug - DEBUG - Device Check - Batch 0
2026-06-16 07:45:06,439 - debug - DEBUG -   Config GPU ID: 1
2026-06-16 07:45:06,439 - debug - DEBUG -   Input Device:  cuda:1
2026-06-16 07:45:06,439 - debug - DEBUG -   Target Device: cuda:1
2026-06-16 07:45:06,440 - debug - DEBUG -   Model Device:  cuda:1
2026-06-16 07:45:06,440 - debug - DEBUG -   Criterion Weight Device: No weights
2026-06-16 07:45:07,091 - debug - DEBUG - Batch 0 grad norm: 0.473677
2026-06-16 07:45:08,265 - debug - DEBUG - Batch 10 grad norm: 0.536546
2026-06-16 07:45:09,419 - debug - DEBUG - Batch 20 grad norm: 0.675258
2026-06-16 07:45:10,561 - debug - DEBUG - Batch 30 grad norm: 0.695361
2026-06-16 07:45:11,708 - debug - DEBUG - Batch 40 grad norm: 0.621329
2026-06-16 07:45:12,831 - debug - DEBUG - Batch 50 grad norm: 0.571727
2026-06-16 07:45:13,946 - debug - DEBUG - Batch 60 grad norm: 0.621712
2026-06-16 07:45:15,056 - debug - DEBUG - Batch 70 grad norm: 0.426124
2026-06-16 07:45:16,167 - debug - DEBUG - Batch 80 grad norm: 0.922356
2026-06-16 07:45:17,316 - debug - DEBUG - Batch 90 grad norm: 0.624107
2026-06-16 07:45:18,445 - debug - DEBUG - Batch 100 grad norm: 0.610771
2026-06-16 07:45:19,556 - debug - DEBUG - Batch 110 grad norm: 0.644258
2026-06-16 07:45:20,566 - debug - DEBUG - Batch 120 grad norm: 0.294627
2026-06-16 07:45:21,718 - debug - DEBUG - Batch 130 grad norm: 0.745126
2026-06-16 07:45:22,800 - debug - DEBUG - Batch 140 grad norm: 0.468044
2026-06-16 07:45:23,900 - debug - DEBUG - Batch 150 grad norm: 0.586240
2026-06-16 07:45:25,032 - debug - DEBUG - Batch 160 grad norm: 0.917749
2026-06-16 07:45:26,149 - debug - DEBUG - Batch 170 grad norm: 0.655000
2026-06-16 07:45:27,276 - debug - DEBUG - Batch 180 grad norm: 0.976986
2026-06-16 07:45:28,396 - debug - DEBUG - Batch 190 grad norm: 0.573240
2026-06-16 07:45:28,815 - debug - DEBUG - compute_metrics_and_record started for epoch 171
2026-06-16 07:45:28,816 - debug - DEBUG - all_preds length: 25000, all_targets length: 25000
2026-06-16 07:45:28,816 - debug - DEBUG - First 10 preds: [9, 5, 7, 6, 6, 0, 0, 5, 6, 3]
2026-06-16 07:45:28,816 - debug - DEBUG - First 10 targets: [9, 5, 7, 6, 6, 0, 0, 5, 6, 3]
2026-06-16 07:45:28,823 - debug - DEBUG - Unique predicted classes: 10 (first 10: [0 1 2 3 4 5 6 7 8 9])
2026-06-16 07:45:28,823 - debug - DEBUG - Unique target classes: 10 (first 10: [0 1 2 3 4 5 6 7 8 9])
2026-06-16 07:45:31,242 - debug - DEBUG - compute_metrics_and_record started for epoch 171
2026-06-16 07:45:31,242 - debug - DEBUG - all_preds length: 10000, all_targets length: 10000
2026-06-16 07:45:31,242 - debug - DEBUG - First 10 preds: [3, 8, 1, 8, 6, 6, 1, 6, 3, 1]
2026-06-16 07:45:31,242 - debug - DEBUG - First 10 targets: [3, 8, 8, 0, 6, 6, 1, 6, 3, 1]
2026-06-16 07:45:31,244 - debug - DEBUG - Unique predicted classes: 10 (first 10: [0 1 2 3 4 5 6 7 8 9])
2026-06-16 07:45:31,245 - debug - DEBUG - Unique target classes: 10 (first 10: [0 1 2 3 4 5 6 7 8 9])
2026-06-16 07:45:31,517 - debug - DEBUG - Device Check - Batch 0
2026-06-16 07:45:31,518 - debug - DEBUG -   Config GPU ID: 1
2026-06-16 07:45:31,518 - debug - DEBUG -   Input Device:  cuda:1
2026-06-16 07:45:31,518 - debug - DEBUG -   Target Device: cuda:1
2026-06-16 07:45:31,519 - debug - DEBUG -   Model Device:  cuda:1
2026-06-16 07:45:31,519 - debug - DEBUG -   Criterion Weight Device: No weights
2026-06-16 07:45:31,908 - debug - DEBUG - Batch 0 grad norm: 0.474986
2026-06-16 07:45:33,061 - debug - DEBUG - Batch 10 grad norm: 0.462732
2026-06-16 07:45:34,153 - debug - DEBUG - Batch 20 grad norm: 0.398037
2026-06-16 07:45:35,152 - debug - DEBUG - Batch 30 grad norm: 0.888938
2026-06-16 07:45:36,239 - debug - DEBUG - Batch 40 grad norm: 0.548929
2026-06-16 07:45:37,328 - debug - DEBUG - Batch 50 grad norm: 0.703938
2026-06-16 07:45:38,442 - debug - DEBUG - Batch 60 grad norm: 0.734486
2026-06-16 07:45:39,548 - debug - DEBUG - Batch 70 grad norm: 0.346731
2026-06-16 07:45:40,669 - debug - DEBUG - Batch 80 grad norm: 0.797341
2026-06-16 07:45:41,796 - debug - DEBUG - Batch 90 grad norm: 0.596847
2026-06-16 07:45:42,939 - debug - DEBUG - Batch 100 grad norm: 0.777828
2026-06-16 07:45:44,064 - debug - DEBUG - Batch 110 grad norm: 0.671251
2026-06-16 07:45:45,059 - debug - DEBUG - Batch 120 grad norm: 0.933707
2026-06-16 07:45:46,223 - debug - DEBUG - Batch 130 grad norm: 0.440325
2026-06-16 07:45:47,327 - debug - DEBUG - Batch 140 grad norm: 0.633720
2026-06-16 07:45:48,328 - debug - DEBUG - Batch 150 grad norm: 0.598501
2026-06-16 07:45:49,434 - debug - DEBUG - Batch 160 grad norm: 0.557626
2026-06-16 07:45:50,540 - debug - DEBUG - Batch 170 grad norm: 0.686089
2026-06-16 07:45:51,655 - debug - DEBUG - Batch 180 grad norm: 0.608350
2026-06-16 07:45:52,783 - debug - DEBUG - Batch 190 grad norm: 0.574818
2026-06-16 07:45:53,122 - debug - DEBUG - compute_metrics_and_record started for epoch 172
2026-06-16 07:45:53,122 - debug - DEBUG - all_preds length: 25000, all_targets length: 25000
2026-06-16 07:45:53,122 - debug - DEBUG - First 10 preds: [0, 2, 7, 9, 0, 3, 4, 4, 3, 7]
2026-06-16 07:45:53,123 - debug - DEBUG - First 10 targets: [0, 2, 7, 9, 0, 3, 4, 4, 5, 7]
2026-06-16 07:45:53,130 - debug - DEBUG - Unique predicted classes: 10 (first 10: [0 1 2 3 4 5 6 7 8 9])
2026-06-16 07:45:53,130 - debug - DEBUG - Unique target classes: 10 (first 10: [0 1 2 3 4 5 6 7 8 9])
2026-06-16 07:45:55,489 - debug - DEBUG - compute_metrics_and_record started for epoch 172
2026-06-16 07:45:55,490 - debug - DEBUG - all_preds length: 10000, all_targets length: 10000
2026-06-16 07:45:55,490 - debug - DEBUG - First 10 preds: [3, 8, 1, 8, 6, 6, 1, 6, 3, 1]
2026-06-16 07:45:55,490 - debug - DEBUG - First 10 targets: [3, 8, 8, 0, 6, 6, 1, 6, 3, 1]
2026-06-16 07:45:55,492 - debug - DEBUG - Unique predicted classes: 10 (first 10: [0 1 2 3 4 5 6 7 8 9])
2026-06-16 07:45:55,492 - debug - DEBUG - Unique target classes: 10 (first 10: [0 1 2 3 4 5 6 7 8 9])
2026-06-16 07:45:55,782 - debug - DEBUG - Device Check - Batch 0
2026-06-16 07:45:55,783 - debug - DEBUG -   Config GPU ID: 1
2026-06-16 07:45:55,783 - debug - DEBUG -   Input Device:  cuda:1
2026-06-16 07:45:55,783 - debug - DEBUG -   Target Device: cuda:1
2026-06-16 07:45:55,784 - debug - DEBUG -   Model Device:  cuda:1
2026-06-16 07:45:55,784 - debug - DEBUG -   Criterion Weight Device: No weights
2026-06-16 07:45:56,358 - debug - DEBUG - Batch 0 grad norm: 0.390873
2026-06-16 07:45:57,489 - debug - DEBUG - Batch 10 grad norm: 0.632506
2026-06-16 07:45:58,622 - debug - DEBUG - Batch 20 grad norm: 0.520525
2026-06-16 07:45:59,734 - debug - DEBUG - Batch 30 grad norm: 0.377622
2026-06-16 07:46:00,867 - debug - DEBUG - Batch 40 grad norm: 0.722989
2026-06-16 07:46:02,001 - debug - DEBUG - Batch 50 grad norm: 0.628272
2026-06-16 07:46:03,130 - debug - DEBUG - Batch 60 grad norm: 0.663063
2026-06-16 07:46:04,264 - debug - DEBUG - Batch 70 grad norm: 0.635437
2026-06-16 07:46:05,405 - debug - DEBUG - Batch 80 grad norm: 0.454285
2026-06-16 07:46:06,445 - debug - DEBUG - Batch 90 grad norm: 0.606143
2026-06-16 07:46:07,666 - debug - DEBUG - Batch 100 grad norm: 0.832328
2026-06-16 07:46:08,659 - debug - DEBUG - Batch 110 grad norm: 0.701568
2026-06-16 07:46:09,654 - debug - DEBUG - Batch 120 grad norm: 0.787997
2026-06-16 07:46:10,849 - debug - DEBUG - Batch 130 grad norm: 0.800692
2026-06-16 07:46:11,946 - debug - DEBUG - Batch 140 grad norm: 0.535843
2026-06-16 07:46:12,962 - debug - DEBUG - Batch 150 grad norm: 0.582141
2026-06-16 07:46:14,073 - debug - DEBUG - Batch 160 grad norm: 0.561723
2026-06-16 07:46:15,190 - debug - DEBUG - Batch 170 grad norm: 0.484561
2026-06-16 07:46:16,298 - debug - DEBUG - Batch 180 grad norm: 0.498752
2026-06-16 07:46:17,447 - debug - DEBUG - Batch 190 grad norm: 0.360357
2026-06-16 07:46:17,830 - debug - DEBUG - compute_metrics_and_record started for epoch 173
2026-06-16 07:46:17,830 - debug - DEBUG - all_preds length: 25000, all_targets length: 25000
2026-06-16 07:46:17,831 - debug - DEBUG - First 10 preds: [0, 7, 6, 2, 0, 3, 9, 7, 8, 7]
2026-06-16 07:46:17,831 - debug - DEBUG - First 10 targets: [0, 7, 6, 2, 0, 3, 9, 7, 8, 7]
2026-06-16 07:46:17,838 - debug - DEBUG - Unique predicted classes: 10 (first 10: [0 1 2 3 4 5 6 7 8 9])
2026-06-16 07:46:17,839 - debug - DEBUG - Unique target classes: 10 (first 10: [0 1 2 3 4 5 6 7 8 9])
2026-06-16 07:46:20,214 - debug - DEBUG - compute_metrics_and_record started for epoch 173
2026-06-16 07:46:20,215 - debug - DEBUG - all_preds length: 10000, all_targets length: 10000
2026-06-16 07:46:20,215 - debug - DEBUG - First 10 preds: [3, 8, 1, 8, 6, 6, 1, 6, 3, 1]
2026-06-16 07:46:20,215 - debug - DEBUG - First 10 targets: [3, 8, 8, 0, 6, 6, 1, 6, 3, 1]
2026-06-16 07:46:20,217 - debug - DEBUG - Unique predicted classes: 10 (first 10: [0 1 2 3 4 5 6 7 8 9])
2026-06-16 07:46:20,217 - debug - DEBUG - Unique target classes: 10 (first 10: [0 1 2 3 4 5 6 7 8 9])
2026-06-16 07:46:20,532 - debug - DEBUG - Device Check - Batch 0
2026-06-16 07:46:20,533 - debug - DEBUG -   Config GPU ID: 1
2026-06-16 07:46:20,533 - debug - DEBUG -   Input Device:  cuda:1
2026-06-16 07:46:20,533 - debug - DEBUG -   Target Device: cuda:1
2026-06-16 07:46:20,533 - debug - DEBUG -   Model Device:  cuda:1
2026-06-16 07:46:20,533 - debug - DEBUG -   Criterion Weight Device: No weights
2026-06-16 07:46:21,089 - debug - DEBUG - Batch 0 grad norm: 0.885048
2026-06-16 07:46:22,208 - debug - DEBUG - Batch 10 grad norm: 0.680592
2026-06-16 07:46:23,311 - debug - DEBUG - Batch 20 grad norm: 0.574453
2026-06-16 07:46:24,425 - debug - DEBUG - Batch 30 grad norm: 0.602530
2026-06-16 07:46:25,568 - debug - DEBUG - Batch 40 grad norm: 0.514527
2026-06-16 07:46:26,698 - debug - DEBUG - Batch 50 grad norm: 0.499463
2026-06-16 07:46:27,816 - debug - DEBUG - Batch 60 grad norm: 0.552077
2026-06-16 07:46:28,932 - debug - DEBUG - Batch 70 grad norm: 0.922097
2026-06-16 07:46:30,069 - debug - DEBUG - Batch 80 grad norm: 0.385766
2026-06-16 07:46:31,159 - debug - DEBUG - Batch 90 grad norm: 0.546082
2026-06-16 07:46:32,290 - debug - DEBUG - Batch 100 grad norm: 0.499942
2026-06-16 07:46:33,415 - debug - DEBUG - Batch 110 grad norm: 0.696377
2026-06-16 07:46:34,543 - debug - DEBUG - Batch 120 grad norm: 0.702158
2026-06-16 07:46:35,779 - debug - DEBUG - Batch 130 grad norm: 0.300286
2026-06-16 07:46:36,760 - debug - DEBUG - Batch 140 grad norm: 0.479412
2026-06-16 07:46:37,896 - debug - DEBUG - Batch 150 grad norm: 0.792067
2026-06-16 07:46:39,004 - debug - DEBUG - Batch 160 grad norm: 0.644858
2026-06-16 07:46:39,987 - debug - DEBUG - Batch 170 grad norm: 0.452746
2026-06-16 07:46:41,123 - debug - DEBUG - Batch 180 grad norm: 0.702726
2026-06-16 07:46:42,291 - debug - DEBUG - Batch 190 grad norm: 0.659808
2026-06-16 07:46:42,604 - debug - DEBUG - compute_metrics_and_record started for epoch 174
2026-06-16 07:46:42,604 - debug - DEBUG - all_preds length: 25000, all_targets length: 25000
2026-06-16 07:46:42,605 - debug - DEBUG - First 10 preds: [7, 1, 2, 0, 4, 0, 6, 1, 7, 5]
2026-06-16 07:46:42,605 - debug - DEBUG - First 10 targets: [7, 1, 2, 0, 4, 0, 6, 1, 7, 5]
2026-06-16 07:46:42,611 - debug - DEBUG - Unique predicted classes: 10 (first 10: [0 1 2 3 4 5 6 7 8 9])
2026-06-16 07:46:42,611 - debug - DEBUG - Unique target classes: 10 (first 10: [0 1 2 3 4 5 6 7 8 9])
2026-06-16 07:46:44,835 - debug - DEBUG - compute_metrics_and_record started for epoch 174
2026-06-16 07:46:44,836 - debug - DEBUG - all_preds length: 10000, all_targets length: 10000
2026-06-16 07:46:44,836 - debug - DEBUG - First 10 preds: [3, 8, 1, 8, 6, 6, 1, 6, 3, 1]
2026-06-16 07:46:44,836 - debug - DEBUG - First 10 targets: [3, 8, 8, 0, 6, 6, 1, 6, 3, 1]
2026-06-16 07:46:44,838 - debug - DEBUG - Unique predicted classes: 10 (first 10: [0 1 2 3 4 5 6 7 8 9])
2026-06-16 07:46:44,839 - debug - DEBUG - Unique target classes: 10 (first 10: [0 1 2 3 4 5 6 7 8 9])
2026-06-16 07:46:45,089 - debug - DEBUG - Device Check - Batch 0
2026-06-16 07:46:45,090 - debug - DEBUG -   Config GPU ID: 1
2026-06-16 07:46:45,090 - debug - DEBUG -   Input Device:  cuda:1
2026-06-16 07:46:45,090 - debug - DEBUG -   Target Device: cuda:1
2026-06-16 07:46:45,090 - debug - DEBUG -   Model Device:  cuda:1
2026-06-16 07:46:45,090 - debug - DEBUG -   Criterion Weight Device: No weights
2026-06-16 07:46:45,438 - debug - DEBUG - Batch 0 grad norm: 0.802377
2026-06-16 07:46:46,544 - debug - DEBUG - Batch 10 grad norm: 0.727920
2026-06-16 07:46:47,658 - debug - DEBUG - Batch 20 grad norm: 0.320065
2026-06-16 07:46:48,765 - debug - DEBUG - Batch 30 grad norm: 0.531315
2026-06-16 07:46:49,858 - debug - DEBUG - Batch 40 grad norm: 0.738500
2026-06-16 07:46:50,958 - debug - DEBUG - Batch 50 grad norm: 0.562189
2026-06-16 07:46:52,070 - debug - DEBUG - Batch 60 grad norm: 0.473398
2026-06-16 07:46:53,190 - debug - DEBUG - Batch 70 grad norm: 0.599959
2026-06-16 07:46:54,273 - debug - DEBUG - Batch 80 grad norm: 0.558178
2026-06-16 07:46:55,389 - debug - DEBUG - Batch 90 grad norm: 0.869922
2026-06-16 07:46:56,479 - debug - DEBUG - Batch 100 grad norm: 0.390274
2026-06-16 07:46:57,576 - debug - DEBUG - Batch 110 grad norm: 0.811558
2026-06-16 07:46:58,707 - debug - DEBUG - Batch 120 grad norm: 0.505994
2026-06-16 07:46:59,952 - debug - DEBUG - Batch 130 grad norm: 0.507537
2026-06-16 07:47:00,948 - debug - DEBUG - Batch 140 grad norm: 0.372778
2026-06-16 07:47:02,038 - debug - DEBUG - Batch 150 grad norm: 0.579978
2026-06-16 07:47:03,174 - debug - DEBUG - Batch 160 grad norm: 0.788144
2026-06-16 07:47:04,272 - debug - DEBUG - Batch 170 grad norm: 0.379381
2026-06-16 07:47:05,408 - debug - DEBUG - Batch 180 grad norm: 0.578837
2026-06-16 07:47:06,505 - debug - DEBUG - Batch 190 grad norm: 0.641178
2026-06-16 07:47:06,878 - debug - DEBUG - compute_metrics_and_record started for epoch 175
2026-06-16 07:47:06,879 - debug - DEBUG - all_preds length: 25000, all_targets length: 25000
2026-06-16 07:47:06,879 - debug - DEBUG - First 10 preds: [9, 0, 9, 0, 0, 4, 0, 9, 2, 2]
2026-06-16 07:47:06,879 - debug - DEBUG - First 10 targets: [9, 0, 9, 0, 0, 4, 0, 9, 2, 8]
2026-06-16 07:47:06,885 - debug - DEBUG - Unique predicted classes: 10 (first 10: [0 1 2 3 4 5 6 7 8 9])
2026-06-16 07:47:06,886 - debug - DEBUG - Unique target classes: 10 (first 10: [0 1 2 3 4 5 6 7 8 9])
2026-06-16 07:47:09,147 - debug - DEBUG - compute_metrics_and_record started for epoch 175
2026-06-16 07:47:09,147 - debug - DEBUG - all_preds length: 10000, all_targets length: 10000
2026-06-16 07:47:09,148 - debug - DEBUG - First 10 preds: [3, 8, 1, 8, 6, 6, 1, 6, 3, 1]
2026-06-16 07:47:09,148 - debug - DEBUG - First 10 targets: [3, 8, 8, 0, 6, 6, 1, 6, 3, 1]
2026-06-16 07:47:09,150 - debug - DEBUG - Unique predicted classes: 10 (first 10: [0 1 2 3 4 5 6 7 8 9])
2026-06-16 07:47:09,150 - debug - DEBUG - Unique target classes: 10 (first 10: [0 1 2 3 4 5 6 7 8 9])
2026-06-16 07:47:09,396 - debug - DEBUG - Device Check - Batch 0
2026-06-16 07:47:09,396 - debug - DEBUG -   Config GPU ID: 1
2026-06-16 07:47:09,397 - debug - DEBUG -   Input Device:  cuda:1
2026-06-16 07:47:09,397 - debug - DEBUG -   Target Device: cuda:1
2026-06-16 07:47:09,397 - debug - DEBUG -   Model Device:  cuda:1
2026-06-16 07:47:09,397 - debug - DEBUG -   Criterion Weight Device: No weights
2026-06-16 07:47:09,893 - debug - DEBUG - Batch 0 grad norm: 0.755346
2026-06-16 07:47:10,990 - debug - DEBUG - Batch 10 grad norm: 0.535344
2026-06-16 07:47:12,116 - debug - DEBUG - Batch 20 grad norm: 0.478623
2026-06-16 07:47:13,245 - debug - DEBUG - Batch 30 grad norm: 0.506844
2026-06-16 07:47:14,253 - debug - DEBUG - Batch 40 grad norm: 0.368972
2026-06-16 07:47:15,394 - debug - DEBUG - Batch 50 grad norm: 0.762512
2026-06-16 07:47:16,498 - debug - DEBUG - Batch 60 grad norm: 0.562043
2026-06-16 07:47:17,534 - debug - DEBUG - Batch 70 grad norm: 0.315679
2026-06-16 07:47:18,587 - debug - DEBUG - Batch 80 grad norm: 0.294328
2026-06-16 07:47:19,724 - debug - DEBUG - Batch 90 grad norm: 0.494307
2026-06-16 07:47:20,776 - debug - DEBUG - Batch 100 grad norm: 0.659209
2026-06-16 07:47:21,906 - debug - DEBUG - Batch 110 grad norm: 0.621284
2026-06-16 07:47:23,007 - debug - DEBUG - Batch 120 grad norm: 0.461473
2026-06-16 07:47:24,209 - debug - DEBUG - Batch 130 grad norm: 0.426094
2026-06-16 07:47:25,169 - debug - DEBUG - Batch 140 grad norm: 0.666526
2026-06-16 07:47:26,303 - debug - DEBUG - Batch 150 grad norm: 0.660277
2026-06-16 07:47:27,368 - debug - DEBUG - Batch 160 grad norm: 0.553350
2026-06-16 07:47:28,458 - debug - DEBUG - Batch 170 grad norm: 0.514346
2026-06-16 07:47:29,580 - debug - DEBUG - Batch 180 grad norm: 0.719662
2026-06-16 07:47:30,691 - debug - DEBUG - Batch 190 grad norm: 0.506335
2026-06-16 07:47:31,046 - debug - DEBUG - compute_metrics_and_record started for epoch 176
2026-06-16 07:47:31,046 - debug - DEBUG - all_preds length: 25000, all_targets length: 25000
2026-06-16 07:47:31,046 - debug - DEBUG - First 10 preds: [5, 0, 2, 2, 4, 1, 6, 5, 7, 2]
2026-06-16 07:47:31,047 - debug - DEBUG - First 10 targets: [5, 0, 2, 2, 4, 1, 6, 5, 7, 2]
2026-06-16 07:47:31,054 - debug - DEBUG - Unique predicted classes: 10 (first 10: [0 1 2 3 4 5 6 7 8 9])
2026-06-16 07:47:31,054 - debug - DEBUG - Unique target classes: 10 (first 10: [0 1 2 3 4 5 6 7 8 9])
2026-06-16 07:47:33,244 - debug - DEBUG - compute_metrics_and_record started for epoch 176
2026-06-16 07:47:33,244 - debug - DEBUG - all_preds length: 10000, all_targets length: 10000
2026-06-16 07:47:33,244 - debug - DEBUG - First 10 preds: [3, 8, 1, 8, 6, 6, 1, 6, 3, 1]
2026-06-16 07:47:33,244 - debug - DEBUG - First 10 targets: [3, 8, 8, 0, 6, 6, 1, 6, 3, 1]
2026-06-16 07:47:33,247 - debug - DEBUG - Unique predicted classes: 10 (first 10: [0 1 2 3 4 5 6 7 8 9])
2026-06-16 07:47:33,247 - debug - DEBUG - Unique target classes: 10 (first 10: [0 1 2 3 4 5 6 7 8 9])
2026-06-16 07:47:33,522 - debug - DEBUG - Device Check - Batch 0
2026-06-16 07:47:33,523 - debug - DEBUG -   Config GPU ID: 1
2026-06-16 07:47:33,523 - debug - DEBUG -   Input Device:  cuda:1
2026-06-16 07:47:33,523 - debug - DEBUG -   Target Device: cuda:1
2026-06-16 07:47:33,523 - debug - DEBUG -   Model Device:  cuda:1
2026-06-16 07:47:33,524 - debug - DEBUG -   Criterion Weight Device: No weights
2026-06-16 07:47:34,006 - debug - DEBUG - Batch 0 grad norm: 0.375427
2026-06-16 07:47:35,097 - debug - DEBUG - Batch 10 grad norm: 0.603511
2026-06-16 07:47:36,248 - debug - DEBUG - Batch 20 grad norm: 0.477659
2026-06-16 07:47:37,356 - debug - DEBUG - Batch 30 grad norm: 0.606846
2026-06-16 07:47:38,467 - debug - DEBUG - Batch 40 grad norm: 0.522149
2026-06-16 07:47:39,568 - debug - DEBUG - Batch 50 grad norm: 0.686325
2026-06-16 07:47:40,674 - debug - DEBUG - Batch 60 grad norm: 0.319494
2026-06-16 07:47:41,761 - debug - DEBUG - Batch 70 grad norm: 0.475742
2026-06-16 07:47:42,876 - debug - DEBUG - Batch 80 grad norm: 0.360696
2026-06-16 07:47:43,986 - debug - DEBUG - Batch 90 grad norm: 0.677710
2026-06-16 07:47:45,084 - debug - DEBUG - Batch 100 grad norm: 0.622920
2026-06-16 07:47:46,181 - debug - DEBUG - Batch 110 grad norm: 0.575653
2026-06-16 07:47:47,310 - debug - DEBUG - Batch 120 grad norm: 0.862448
2026-06-16 07:47:48,485 - debug - DEBUG - Batch 130 grad norm: 0.728808
2026-06-16 07:47:49,444 - debug - DEBUG - Batch 140 grad norm: 0.809254
2026-06-16 07:47:50,642 - debug - DEBUG - Batch 150 grad norm: 0.722308
2026-06-16 07:47:51,588 - debug - DEBUG - Batch 160 grad norm: 0.299590
2026-06-16 07:47:52,740 - debug - DEBUG - Batch 170 grad norm: 0.645627
2026-06-16 07:47:53,804 - debug - DEBUG - Batch 180 grad norm: 0.573224
2026-06-16 07:47:54,948 - debug - DEBUG - Batch 190 grad norm: 0.710823
2026-06-16 07:47:55,276 - debug - DEBUG - compute_metrics_and_record started for epoch 177
2026-06-16 07:47:55,277 - debug - DEBUG - all_preds length: 25000, all_targets length: 25000
2026-06-16 07:47:55,277 - debug - DEBUG - First 10 preds: [2, 1, 7, 8, 2, 5, 4, 6, 0, 3]
2026-06-16 07:47:55,277 - debug - DEBUG - First 10 targets: [2, 1, 7, 8, 2, 5, 4, 6, 0, 3]
2026-06-16 07:47:55,286 - debug - DEBUG - Unique predicted classes: 10 (first 10: [0 1 2 3 4 5 6 7 8 9])
2026-06-16 07:47:55,286 - debug - DEBUG - Unique target classes: 10 (first 10: [0 1 2 3 4 5 6 7 8 9])
2026-06-16 07:47:57,469 - debug - DEBUG - compute_metrics_and_record started for epoch 177
2026-06-16 07:47:57,470 - debug - DEBUG - all_preds length: 10000, all_targets length: 10000
2026-06-16 07:47:57,470 - debug - DEBUG - First 10 preds: [3, 8, 1, 8, 6, 6, 1, 6, 3, 1]
2026-06-16 07:47:57,470 - debug - DEBUG - First 10 targets: [3, 8, 8, 0, 6, 6, 1, 6, 3, 1]
2026-06-16 07:47:57,472 - debug - DEBUG - Unique predicted classes: 10 (first 10: [0 1 2 3 4 5 6 7 8 9])
2026-06-16 07:47:57,472 - debug - DEBUG - Unique target classes: 10 (first 10: [0 1 2 3 4 5 6 7 8 9])
2026-06-16 07:47:57,751 - debug - DEBUG - Device Check - Batch 0
2026-06-16 07:47:57,752 - debug - DEBUG -   Config GPU ID: 1
2026-06-16 07:47:57,753 - debug - DEBUG -   Input Device:  cuda:1
2026-06-16 07:47:57,753 - debug - DEBUG -   Target Device: cuda:1
2026-06-16 07:47:57,753 - debug - DEBUG -   Model Device:  cuda:1
2026-06-16 07:47:57,754 - debug - DEBUG -   Criterion Weight Device: No weights
2026-06-16 07:47:58,251 - debug - DEBUG - Batch 0 grad norm: 0.367690
2026-06-16 07:47:59,352 - debug - DEBUG - Batch 10 grad norm: 0.525968
2026-06-16 07:48:00,440 - debug - DEBUG - Batch 20 grad norm: 0.324008
2026-06-16 07:48:01,564 - debug - DEBUG - Batch 30 grad norm: 0.679166
2026-06-16 07:48:02,675 - debug - DEBUG - Batch 40 grad norm: 0.688815
2026-06-16 07:48:03,791 - debug - DEBUG - Batch 50 grad norm: 0.603523
2026-06-16 07:48:04,952 - debug - DEBUG - Batch 60 grad norm: 0.310326
2026-06-16 07:48:06,054 - debug - DEBUG - Batch 70 grad norm: 0.687002
2026-06-16 07:48:07,200 - debug - DEBUG - Batch 80 grad norm: 0.594135
2026-06-16 07:48:08,310 - debug - DEBUG - Batch 90 grad norm: 0.549963
2026-06-16 07:48:09,456 - debug - DEBUG - Batch 100 grad norm: 0.499855
2026-06-16 07:48:10,599 - debug - DEBUG - Batch 110 grad norm: 0.554024
2026-06-16 07:48:11,621 - debug - DEBUG - Batch 120 grad norm: 0.782335
2026-06-16 07:48:12,816 - debug - DEBUG - Batch 130 grad norm: 0.549647
2026-06-16 07:48:13,890 - debug - DEBUG - Batch 140 grad norm: 0.519473
2026-06-16 07:48:14,951 - debug - DEBUG - Batch 150 grad norm: 0.488913
2026-06-16 07:48:16,107 - debug - DEBUG - Batch 160 grad norm: 0.879110
2026-06-16 07:48:17,259 - debug - DEBUG - Batch 170 grad norm: 0.569201
2026-06-16 07:48:18,405 - debug - DEBUG - Batch 180 grad norm: 0.636159
2026-06-16 07:48:19,571 - debug - DEBUG - Batch 190 grad norm: 0.618352
2026-06-16 07:48:19,884 - debug - DEBUG - compute_metrics_and_record started for epoch 178
2026-06-16 07:48:19,884 - debug - DEBUG - all_preds length: 25000, all_targets length: 25000
2026-06-16 07:48:19,885 - debug - DEBUG - First 10 preds: [8, 5, 0, 0, 4, 3, 8, 7, 3, 0]
2026-06-16 07:48:19,885 - debug - DEBUG - First 10 targets: [8, 5, 0, 0, 4, 3, 8, 7, 3, 0]
2026-06-16 07:48:19,896 - debug - DEBUG - Unique predicted classes: 10 (first 10: [0 1 2 3 4 5 6 7 8 9])
2026-06-16 07:48:19,896 - debug - DEBUG - Unique target classes: 10 (first 10: [0 1 2 3 4 5 6 7 8 9])
2026-06-16 07:48:22,200 - debug - DEBUG - compute_metrics_and_record started for epoch 178
2026-06-16 07:48:22,200 - debug - DEBUG - all_preds length: 10000, all_targets length: 10000
2026-06-16 07:48:22,200 - debug - DEBUG - First 10 preds: [3, 8, 1, 8, 6, 6, 1, 6, 3, 1]
2026-06-16 07:48:22,200 - debug - DEBUG - First 10 targets: [3, 8, 8, 0, 6, 6, 1, 6, 3, 1]
2026-06-16 07:48:22,203 - debug - DEBUG - Unique predicted classes: 10 (first 10: [0 1 2 3 4 5 6 7 8 9])
2026-06-16 07:48:22,203 - debug - DEBUG - Unique target classes: 10 (first 10: [0 1 2 3 4 5 6 7 8 9])
2026-06-16 07:48:22,452 - debug - DEBUG - Device Check - Batch 0
2026-06-16 07:48:22,453 - debug - DEBUG -   Config GPU ID: 1
2026-06-16 07:48:22,453 - debug - DEBUG -   Input Device:  cuda:1
2026-06-16 07:48:22,454 - debug - DEBUG -   Target Device: cuda:1
2026-06-16 07:48:22,454 - debug - DEBUG -   Model Device:  cuda:1
2026-06-16 07:48:22,454 - debug - DEBUG -   Criterion Weight Device: No weights
2026-06-16 07:48:22,897 - debug - DEBUG - Batch 0 grad norm: 0.540146
2026-06-16 07:48:24,144 - debug - DEBUG - Batch 10 grad norm: 0.576194
2026-06-16 07:48:25,154 - debug - DEBUG - Batch 20 grad norm: 0.540730
2026-06-16 07:48:26,259 - debug - DEBUG - Batch 30 grad norm: 0.747301
2026-06-16 07:48:27,296 - debug - DEBUG - Batch 40 grad norm: 0.564696
2026-06-16 07:48:28,385 - debug - DEBUG - Batch 50 grad norm: 0.411435
2026-06-16 07:48:29,480 - debug - DEBUG - Batch 60 grad norm: 0.471139
2026-06-16 07:48:30,580 - debug - DEBUG - Batch 70 grad norm: 0.518981
2026-06-16 07:48:31,676 - debug - DEBUG - Batch 80 grad norm: 0.518758
2026-06-16 07:48:32,745 - debug - DEBUG - Batch 90 grad norm: 0.623273
2026-06-16 07:48:33,836 - debug - DEBUG - Batch 100 grad norm: 0.526668
2026-06-16 07:48:34,934 - debug - DEBUG - Batch 110 grad norm: 0.491443
2026-06-16 07:48:36,010 - debug - DEBUG - Batch 120 grad norm: 0.300462
2026-06-16 07:48:37,116 - debug - DEBUG - Batch 130 grad norm: 0.493953
2026-06-16 07:48:38,278 - debug - DEBUG - Batch 140 grad norm: 0.486231
2026-06-16 07:48:39,282 - debug - DEBUG - Batch 150 grad norm: 0.720675
2026-06-16 07:48:40,411 - debug - DEBUG - Batch 160 grad norm: 0.725154
2026-06-16 07:48:41,528 - debug - DEBUG - Batch 170 grad norm: 0.777047
2026-06-16 07:48:42,647 - debug - DEBUG - Batch 180 grad norm: 0.535417
2026-06-16 07:48:43,760 - debug - DEBUG - Batch 190 grad norm: 0.553173
2026-06-16 07:48:44,095 - debug - DEBUG - compute_metrics_and_record started for epoch 179
2026-06-16 07:48:44,096 - debug - DEBUG - all_preds length: 25000, all_targets length: 25000
2026-06-16 07:48:44,096 - debug - DEBUG - First 10 preds: [0, 7, 3, 1, 4, 2, 2, 2, 9, 8]
2026-06-16 07:48:44,096 - debug - DEBUG - First 10 targets: [0, 7, 3, 1, 4, 2, 2, 2, 9, 8]
2026-06-16 07:48:44,103 - debug - DEBUG - Unique predicted classes: 10 (first 10: [0 1 2 3 4 5 6 7 8 9])
2026-06-16 07:48:44,104 - debug - DEBUG - Unique target classes: 10 (first 10: [0 1 2 3 4 5 6 7 8 9])
2026-06-16 07:48:46,368 - debug - DEBUG - compute_metrics_and_record started for epoch 179
2026-06-16 07:48:46,369 - debug - DEBUG - all_preds length: 10000, all_targets length: 10000
2026-06-16 07:48:46,369 - debug - DEBUG - First 10 preds: [3, 8, 1, 8, 6, 6, 1, 6, 3, 1]
2026-06-16 07:48:46,369 - debug - DEBUG - First 10 targets: [3, 8, 8, 0, 6, 6, 1, 6, 3, 1]
2026-06-16 07:48:46,372 - debug - DEBUG - Unique predicted classes: 10 (first 10: [0 1 2 3 4 5 6 7 8 9])
2026-06-16 07:48:46,372 - debug - DEBUG - Unique target classes: 10 (first 10: [0 1 2 3 4 5 6 7 8 9])
2026-06-16 07:48:46,600 - debug - DEBUG - Device Check - Batch 0
2026-06-16 07:48:46,601 - debug - DEBUG -   Config GPU ID: 1
2026-06-16 07:48:46,601 - debug - DEBUG -   Input Device:  cuda:1
2026-06-16 07:48:46,602 - debug - DEBUG -   Target Device: cuda:1
2026-06-16 07:48:46,602 - debug - DEBUG -   Model Device:  cuda:1
2026-06-16 07:48:46,602 - debug - DEBUG -   Criterion Weight Device: No weights
2026-06-16 07:48:47,122 - debug - DEBUG - Batch 0 grad norm: 0.682947
2026-06-16 07:48:48,226 - debug - DEBUG - Batch 10 grad norm: 0.534981
2026-06-16 07:48:49,353 - debug - DEBUG - Batch 20 grad norm: 0.492215
2026-06-16 07:48:50,511 - debug - DEBUG - Batch 30 grad norm: 0.686148
2026-06-16 07:48:51,638 - debug - DEBUG - Batch 40 grad norm: 0.420253
2026-06-16 07:48:52,788 - debug - DEBUG - Batch 50 grad norm: 0.764996
2026-06-16 07:48:53,906 - debug - DEBUG - Batch 60 grad norm: 0.789872
2026-06-16 07:48:55,036 - debug - DEBUG - Batch 70 grad norm: 0.407190
2026-06-16 07:48:56,152 - debug - DEBUG - Batch 80 grad norm: 0.282510
2026-06-16 07:48:57,201 - debug - DEBUG - Batch 90 grad norm: 0.397990
2026-06-16 07:48:58,321 - debug - DEBUG - Batch 100 grad norm: 0.470143
2026-06-16 07:48:59,472 - debug - DEBUG - Batch 110 grad norm: 0.556430
2026-06-16 07:49:00,449 - debug - DEBUG - Batch 120 grad norm: 0.411052
2026-06-16 07:49:01,552 - debug - DEBUG - Batch 130 grad norm: 0.654215
2026-06-16 07:49:02,747 - debug - DEBUG - Batch 140 grad norm: 0.201761
2026-06-16 07:49:03,695 - debug - DEBUG - Batch 150 grad norm: 0.522911
2026-06-16 07:49:04,817 - debug - DEBUG - Batch 160 grad norm: 1.087883
2026-06-16 07:49:05,962 - debug - DEBUG - Batch 170 grad norm: 0.797640
2026-06-16 07:49:07,087 - debug - DEBUG - Batch 180 grad norm: 0.608033
2026-06-16 07:49:08,245 - debug - DEBUG - Batch 190 grad norm: 0.553377
2026-06-16 07:49:08,682 - debug - DEBUG - compute_metrics_and_record started for epoch 180
2026-06-16 07:49:08,682 - debug - DEBUG - all_preds length: 25000, all_targets length: 25000
2026-06-16 07:49:08,682 - debug - DEBUG - First 10 preds: [5, 9, 7, 9, 8, 6, 3, 8, 0, 5]
2026-06-16 07:49:08,682 - debug - DEBUG - First 10 targets: [5, 9, 7, 9, 8, 2, 3, 8, 0, 5]
2026-06-16 07:49:08,688 - debug - DEBUG - Unique predicted classes: 10 (first 10: [0 1 2 3 4 5 6 7 8 9])
2026-06-16 07:49:08,688 - debug - DEBUG - Unique target classes: 10 (first 10: [0 1 2 3 4 5 6 7 8 9])
2026-06-16 07:49:11,026 - debug - DEBUG - compute_metrics_and_record started for epoch 180
2026-06-16 07:49:11,027 - debug - DEBUG - all_preds length: 10000, all_targets length: 10000
2026-06-16 07:49:11,027 - debug - DEBUG - First 10 preds: [3, 8, 1, 8, 6, 6, 1, 6, 3, 1]
2026-06-16 07:49:11,027 - debug - DEBUG - First 10 targets: [3, 8, 8, 0, 6, 6, 1, 6, 3, 1]
2026-06-16 07:49:11,029 - debug - DEBUG - Unique predicted classes: 10 (first 10: [0 1 2 3 4 5 6 7 8 9])
2026-06-16 07:49:11,029 - debug - DEBUG - Unique target classes: 10 (first 10: [0 1 2 3 4 5 6 7 8 9])
2026-06-16 07:49:11,271 - debug - DEBUG - Device Check - Batch 0
2026-06-16 07:49:11,271 - debug - DEBUG -   Config GPU ID: 1
2026-06-16 07:49:11,272 - debug - DEBUG -   Input Device:  cuda:1
2026-06-16 07:49:11,272 - debug - DEBUG -   Target Device: cuda:1
2026-06-16 07:49:11,272 - debug - DEBUG -   Model Device:  cuda:1
2026-06-16 07:49:11,272 - debug - DEBUG -   Criterion Weight Device: No weights
2026-06-16 07:49:11,949 - debug - DEBUG - Batch 0 grad norm: 0.436432
2026-06-16 07:49:13,082 - debug - DEBUG - Batch 10 grad norm: 0.804718
2026-06-16 07:49:14,239 - debug - DEBUG - Batch 20 grad norm: 0.670676
2026-06-16 07:49:15,400 - debug - DEBUG - Batch 30 grad norm: 0.543013
2026-06-16 07:49:16,551 - debug - DEBUG - Batch 40 grad norm: 0.527289
2026-06-16 07:49:17,698 - debug - DEBUG - Batch 50 grad norm: 0.503505
2026-06-16 07:49:18,810 - debug - DEBUG - Batch 60 grad norm: 0.704155
2026-06-16 07:49:19,982 - debug - DEBUG - Batch 70 grad norm: 0.320416
2026-06-16 07:49:21,118 - debug - DEBUG - Batch 80 grad norm: 0.833411
2026-06-16 07:49:22,263 - debug - DEBUG - Batch 90 grad norm: 0.644051
2026-06-16 07:49:23,374 - debug - DEBUG - Batch 100 grad norm: 0.603708
2026-06-16 07:49:24,513 - debug - DEBUG - Batch 110 grad norm: 0.461342
2026-06-16 07:49:25,477 - debug - DEBUG - Batch 120 grad norm: 0.508609
2026-06-16 07:49:26,709 - debug - DEBUG - Batch 130 grad norm: 0.424654
2026-06-16 07:49:27,748 - debug - DEBUG - Batch 140 grad norm: 0.457775
2026-06-16 07:49:28,893 - debug - DEBUG - Batch 150 grad norm: 0.419452
2026-06-16 07:49:30,093 - debug - DEBUG - Batch 160 grad norm: 0.424777
2026-06-16 07:49:31,139 - debug - DEBUG - Batch 170 grad norm: 0.894133
2026-06-16 07:49:32,357 - debug - DEBUG - Batch 180 grad norm: 0.636156
2026-06-16 07:49:33,433 - debug - DEBUG - Batch 190 grad norm: 0.574664
2026-06-16 07:49:33,736 - debug - DEBUG - compute_metrics_and_record started for epoch 181
2026-06-16 07:49:33,736 - debug - DEBUG - all_preds length: 25000, all_targets length: 25000
2026-06-16 07:49:33,736 - debug - DEBUG - First 10 preds: [6, 9, 2, 6, 1, 0, 5, 4, 7, 9]
2026-06-16 07:49:33,737 - debug - DEBUG - First 10 targets: [6, 9, 2, 6, 1, 0, 5, 4, 7, 9]
2026-06-16 07:49:33,747 - debug - DEBUG - Unique predicted classes: 10 (first 10: [0 1 2 3 4 5 6 7 8 9])
2026-06-16 07:49:33,748 - debug - DEBUG - Unique target classes: 10 (first 10: [0 1 2 3 4 5 6 7 8 9])
2026-06-16 07:49:36,074 - debug - DEBUG - compute_metrics_and_record started for epoch 181
2026-06-16 07:49:36,074 - debug - DEBUG - all_preds length: 10000, all_targets length: 10000
2026-06-16 07:49:36,074 - debug - DEBUG - First 10 preds: [3, 8, 1, 8, 6, 6, 1, 6, 3, 1]
2026-06-16 07:49:36,075 - debug - DEBUG - First 10 targets: [3, 8, 8, 0, 6, 6, 1, 6, 3, 1]
2026-06-16 07:49:36,077 - debug - DEBUG - Unique predicted classes: 10 (first 10: [0 1 2 3 4 5 6 7 8 9])
2026-06-16 07:49:36,077 - debug - DEBUG - Unique target classes: 10 (first 10: [0 1 2 3 4 5 6 7 8 9])
2026-06-16 07:49:36,363 - debug - DEBUG - Device Check - Batch 0
2026-06-16 07:49:36,364 - debug - DEBUG -   Config GPU ID: 1
2026-06-16 07:49:36,364 - debug - DEBUG -   Input Device:  cuda:1
2026-06-16 07:49:36,364 - debug - DEBUG -   Target Device: cuda:1
2026-06-16 07:49:36,364 - debug - DEBUG -   Model Device:  cuda:1
2026-06-16 07:49:36,364 - debug - DEBUG -   Criterion Weight Device: No weights
2026-06-16 07:49:36,840 - debug - DEBUG - Batch 0 grad norm: 0.643899
2026-06-16 07:49:37,948 - debug - DEBUG - Batch 10 grad norm: 0.369915
2026-06-16 07:49:39,034 - debug - DEBUG - Batch 20 grad norm: 0.619829
2026-06-16 07:49:40,133 - debug - DEBUG - Batch 30 grad norm: 0.282886
2026-06-16 07:49:41,212 - debug - DEBUG - Batch 40 grad norm: 0.370249
2026-06-16 07:49:42,323 - debug - DEBUG - Batch 50 grad norm: 0.466985
2026-06-16 07:49:43,411 - debug - DEBUG - Batch 60 grad norm: 0.622817
2026-06-16 07:49:44,547 - debug - DEBUG - Batch 70 grad norm: 0.639040
2026-06-16 07:49:45,624 - debug - DEBUG - Batch 80 grad norm: 0.492695
2026-06-16 07:49:46,787 - debug - DEBUG - Batch 90 grad norm: 0.475789
2026-06-16 07:49:47,888 - debug - DEBUG - Batch 100 grad norm: 0.366603
2026-06-16 07:49:49,040 - debug - DEBUG - Batch 110 grad norm: 0.608733
2026-06-16 07:49:50,024 - debug - DEBUG - Batch 120 grad norm: 0.632316
2026-06-16 07:49:51,189 - debug - DEBUG - Batch 130 grad norm: 0.384748
2026-06-16 07:49:52,364 - debug - DEBUG - Batch 140 grad norm: 0.687572
2026-06-16 07:49:53,401 - debug - DEBUG - Batch 150 grad norm: 1.027842
2026-06-16 07:49:54,532 - debug - DEBUG - Batch 160 grad norm: 0.899718
2026-06-16 07:49:55,607 - debug - DEBUG - Batch 170 grad norm: 0.743347
2026-06-16 07:49:56,706 - debug - DEBUG - Batch 180 grad norm: 0.617148
2026-06-16 07:49:57,814 - debug - DEBUG - Batch 190 grad norm: 0.954380
2026-06-16 07:49:58,208 - debug - DEBUG - compute_metrics_and_record started for epoch 182
2026-06-16 07:49:58,208 - debug - DEBUG - all_preds length: 25000, all_targets length: 25000
2026-06-16 07:49:58,208 - debug - DEBUG - First 10 preds: [3, 6, 3, 5, 4, 8, 9, 2, 6, 1]
2026-06-16 07:49:58,209 - debug - DEBUG - First 10 targets: [3, 6, 3, 5, 4, 8, 9, 2, 6, 1]
2026-06-16 07:49:58,218 - debug - DEBUG - Unique predicted classes: 10 (first 10: [0 1 2 3 4 5 6 7 8 9])
2026-06-16 07:49:58,218 - debug - DEBUG - Unique target classes: 10 (first 10: [0 1 2 3 4 5 6 7 8 9])
2026-06-16 07:50:00,395 - debug - DEBUG - compute_metrics_and_record started for epoch 182
2026-06-16 07:50:00,395 - debug - DEBUG - all_preds length: 10000, all_targets length: 10000
2026-06-16 07:50:00,396 - debug - DEBUG - First 10 preds: [3, 8, 1, 8, 6, 6, 1, 6, 3, 1]
2026-06-16 07:50:00,396 - debug - DEBUG - First 10 targets: [3, 8, 8, 0, 6, 6, 1, 6, 3, 1]
2026-06-16 07:50:00,398 - debug - DEBUG - Unique predicted classes: 10 (first 10: [0 1 2 3 4 5 6 7 8 9])
2026-06-16 07:50:00,398 - debug - DEBUG - Unique target classes: 10 (first 10: [0 1 2 3 4 5 6 7 8 9])
2026-06-16 07:50:00,652 - debug - DEBUG - Device Check - Batch 0
2026-06-16 07:50:00,653 - debug - DEBUG -   Config GPU ID: 1
2026-06-16 07:50:00,653 - debug - DEBUG -   Input Device:  cuda:1
2026-06-16 07:50:00,653 - debug - DEBUG -   Target Device: cuda:1
2026-06-16 07:50:00,653 - debug - DEBUG -   Model Device:  cuda:1
2026-06-16 07:50:00,654 - debug - DEBUG -   Criterion Weight Device: No weights
2026-06-16 07:50:01,083 - debug - DEBUG - Batch 0 grad norm: 0.525208
2026-06-16 07:50:02,239 - debug - DEBUG - Batch 10 grad norm: 0.605453
2026-06-16 07:50:03,386 - debug - DEBUG - Batch 20 grad norm: 0.574324
2026-06-16 07:50:04,486 - debug - DEBUG - Batch 30 grad norm: 0.526366
2026-06-16 07:50:05,481 - debug - DEBUG - Batch 40 grad norm: 0.722828
2026-06-16 07:50:06,616 - debug - DEBUG - Batch 50 grad norm: 0.611064
2026-06-16 07:50:07,768 - debug - DEBUG - Batch 60 grad norm: 0.725582
2026-06-16 07:50:08,739 - debug - DEBUG - Batch 70 grad norm: 0.699712
2026-06-16 07:50:09,867 - debug - DEBUG - Batch 80 grad norm: 0.883794
2026-06-16 07:50:10,938 - debug - DEBUG - Batch 90 grad norm: 0.532303
2026-06-16 07:50:12,069 - debug - DEBUG - Batch 100 grad norm: 0.586856
2026-06-16 07:50:13,170 - debug - DEBUG - Batch 110 grad norm: 0.480748
2026-06-16 07:50:14,288 - debug - DEBUG - Batch 120 grad norm: 0.488735
2026-06-16 07:50:15,362 - debug - DEBUG - Batch 130 grad norm: 0.503884
2026-06-16 07:50:16,541 - debug - DEBUG - Batch 140 grad norm: 0.593999
2026-06-16 07:50:17,529 - debug - DEBUG - Batch 150 grad norm: 0.682081
2026-06-16 07:50:18,655 - debug - DEBUG - Batch 160 grad norm: 0.361087
2026-06-16 07:50:19,788 - debug - DEBUG - Batch 170 grad norm: 0.537766
2026-06-16 07:50:20,930 - debug - DEBUG - Batch 180 grad norm: 0.496436
2026-06-16 07:50:22,087 - debug - DEBUG - Batch 190 grad norm: 0.461105
2026-06-16 07:50:22,426 - debug - DEBUG - compute_metrics_and_record started for epoch 183
2026-06-16 07:50:22,426 - debug - DEBUG - all_preds length: 25000, all_targets length: 25000
2026-06-16 07:50:22,427 - debug - DEBUG - First 10 preds: [7, 0, 9, 9, 1, 7, 4, 4, 3, 9]
2026-06-16 07:50:22,427 - debug - DEBUG - First 10 targets: [7, 0, 9, 9, 1, 2, 4, 4, 7, 9]
2026-06-16 07:50:22,434 - debug - DEBUG - Unique predicted classes: 10 (first 10: [0 1 2 3 4 5 6 7 8 9])
2026-06-16 07:50:22,434 - debug - DEBUG - Unique target classes: 10 (first 10: [0 1 2 3 4 5 6 7 8 9])
2026-06-16 07:50:24,653 - debug - DEBUG - compute_metrics_and_record started for epoch 183
2026-06-16 07:50:24,654 - debug - DEBUG - all_preds length: 10000, all_targets length: 10000
2026-06-16 07:50:24,654 - debug - DEBUG - First 10 preds: [3, 8, 1, 8, 6, 6, 1, 6, 3, 1]
2026-06-16 07:50:24,654 - debug - DEBUG - First 10 targets: [3, 8, 8, 0, 6, 6, 1, 6, 3, 1]
2026-06-16 07:50:24,656 - debug - DEBUG - Unique predicted classes: 10 (first 10: [0 1 2 3 4 5 6 7 8 9])
2026-06-16 07:50:24,656 - debug - DEBUG - Unique target classes: 10 (first 10: [0 1 2 3 4 5 6 7 8 9])
2026-06-16 07:50:24,903 - debug - DEBUG - Device Check - Batch 0
2026-06-16 07:50:24,904 - debug - DEBUG -   Config GPU ID: 1
2026-06-16 07:50:24,904 - debug - DEBUG -   Input Device:  cuda:1
2026-06-16 07:50:24,904 - debug - DEBUG -   Target Device: cuda:1
2026-06-16 07:50:24,905 - debug - DEBUG -   Model Device:  cuda:1
2026-06-16 07:50:24,905 - debug - DEBUG -   Criterion Weight Device: No weights
2026-06-16 07:50:25,390 - debug - DEBUG - Batch 0 grad norm: 0.187757
2026-06-16 07:50:26,551 - debug - DEBUG - Batch 10 grad norm: 0.678626
2026-06-16 07:50:27,688 - debug - DEBUG - Batch 20 grad norm: 0.580720
2026-06-16 07:50:28,828 - debug - DEBUG - Batch 30 grad norm: 0.781080
2026-06-16 07:50:29,947 - debug - DEBUG - Batch 40 grad norm: 0.710294
2026-06-16 07:50:31,099 - debug - DEBUG - Batch 50 grad norm: 0.563383
2026-06-16 07:50:32,192 - debug - DEBUG - Batch 60 grad norm: 0.474317
2026-06-16 07:50:33,325 - debug - DEBUG - Batch 70 grad norm: 0.431697
2026-06-16 07:50:34,441 - debug - DEBUG - Batch 80 grad norm: 0.709705
2026-06-16 07:50:35,572 - debug - DEBUG - Batch 90 grad norm: 0.565542
2026-06-16 07:50:36,715 - debug - DEBUG - Batch 100 grad norm: 0.361553
2026-06-16 07:50:37,839 - debug - DEBUG - Batch 110 grad norm: 0.437897
2026-06-16 07:50:38,982 - debug - DEBUG - Batch 120 grad norm: 0.519942
2026-06-16 07:50:39,828 - debug - DEBUG - Batch 130 grad norm: 0.534260
2026-06-16 07:50:41,122 - debug - DEBUG - Batch 140 grad norm: 0.669508
2026-06-16 07:50:42,136 - debug - DEBUG - Batch 150 grad norm: 0.746513
2026-06-16 07:50:43,073 - debug - DEBUG - Batch 160 grad norm: 0.484784
2026-06-16 07:50:44,151 - debug - DEBUG - Batch 170 grad norm: 0.646332
2026-06-16 07:50:45,286 - debug - DEBUG - Batch 180 grad norm: 0.302851
2026-06-16 07:50:46,393 - debug - DEBUG - Batch 190 grad norm: 0.620823
2026-06-16 07:50:46,827 - debug - DEBUG - compute_metrics_and_record started for epoch 184
2026-06-16 07:50:46,828 - debug - DEBUG - all_preds length: 25000, all_targets length: 25000
2026-06-16 07:50:46,828 - debug - DEBUG - First 10 preds: [1, 6, 6, 1, 4, 7, 8, 4, 4, 0]
2026-06-16 07:50:46,828 - debug - DEBUG - First 10 targets: [1, 6, 6, 1, 4, 7, 8, 4, 4, 0]
2026-06-16 07:50:46,834 - debug - DEBUG - Unique predicted classes: 10 (first 10: [0 1 2 3 4 5 6 7 8 9])
2026-06-16 07:50:46,834 - debug - DEBUG - Unique target classes: 10 (first 10: [0 1 2 3 4 5 6 7 8 9])
2026-06-16 07:50:49,096 - debug - DEBUG - compute_metrics_and_record started for epoch 184
2026-06-16 07:50:49,096 - debug - DEBUG - all_preds length: 10000, all_targets length: 10000
2026-06-16 07:50:49,096 - debug - DEBUG - First 10 preds: [3, 8, 1, 8, 6, 6, 1, 6, 3, 1]
2026-06-16 07:50:49,096 - debug - DEBUG - First 10 targets: [3, 8, 8, 0, 6, 6, 1, 6, 3, 1]
2026-06-16 07:50:49,099 - debug - DEBUG - Unique predicted classes: 10 (first 10: [0 1 2 3 4 5 6 7 8 9])
2026-06-16 07:50:49,099 - debug - DEBUG - Unique target classes: 10 (first 10: [0 1 2 3 4 5 6 7 8 9])
2026-06-16 07:50:49,336 - debug - DEBUG - Device Check - Batch 0
2026-06-16 07:50:49,336 - debug - DEBUG -   Config GPU ID: 1
2026-06-16 07:50:49,337 - debug - DEBUG -   Input Device:  cuda:1
2026-06-16 07:50:49,337 - debug - DEBUG -   Target Device: cuda:1
2026-06-16 07:50:49,337 - debug - DEBUG -   Model Device:  cuda:1
2026-06-16 07:50:49,337 - debug - DEBUG -   Criterion Weight Device: No weights
2026-06-16 07:50:49,780 - debug - DEBUG - Batch 0 grad norm: 0.715904
2026-06-16 07:50:50,920 - debug - DEBUG - Batch 10 grad norm: 0.796517
2026-06-16 07:50:52,066 - debug - DEBUG - Batch 20 grad norm: 0.703293
2026-06-16 07:50:53,191 - debug - DEBUG - Batch 30 grad norm: 0.715744
2026-06-16 07:50:54,317 - debug - DEBUG - Batch 40 grad norm: 0.766067
2026-06-16 07:50:55,469 - debug - DEBUG - Batch 50 grad norm: 0.529238
2026-06-16 07:50:56,605 - debug - DEBUG - Batch 60 grad norm: 0.450669
2026-06-16 07:50:57,750 - debug - DEBUG - Batch 70 grad norm: 0.363898
2026-06-16 07:50:58,843 - debug - DEBUG - Batch 80 grad norm: 0.452369
2026-06-16 07:50:59,967 - debug - DEBUG - Batch 90 grad norm: 0.903272
2026-06-16 07:51:01,073 - debug - DEBUG - Batch 100 grad norm: 0.473944
2026-06-16 07:51:02,208 - debug - DEBUG - Batch 110 grad norm: 0.873827
2026-06-16 07:51:03,329 - debug - DEBUG - Batch 120 grad norm: 0.511722
2026-06-16 07:51:04,418 - debug - DEBUG - Batch 130 grad norm: 0.368200
2026-06-16 07:51:05,519 - debug - DEBUG - Batch 140 grad norm: 0.671168
2026-06-16 07:51:06,729 - debug - DEBUG - Batch 150 grad norm: 0.376747
2026-06-16 07:51:07,731 - debug - DEBUG - Batch 160 grad norm: 0.714455
2026-06-16 07:51:08,853 - debug - DEBUG - Batch 170 grad norm: 0.558598
2026-06-16 07:51:10,002 - debug - DEBUG - Batch 180 grad norm: 0.666476
2026-06-16 07:51:11,102 - debug - DEBUG - Batch 190 grad norm: 0.327594
2026-06-16 07:51:11,469 - debug - DEBUG - compute_metrics_and_record started for epoch 185
2026-06-16 07:51:11,469 - debug - DEBUG - all_preds length: 25000, all_targets length: 25000
2026-06-16 07:51:11,470 - debug - DEBUG - First 10 preds: [2, 2, 9, 5, 9, 0, 3, 2, 9, 4]
2026-06-16 07:51:11,470 - debug - DEBUG - First 10 targets: [2, 2, 9, 5, 9, 0, 3, 2, 9, 2]
2026-06-16 07:51:11,475 - debug - DEBUG - Unique predicted classes: 10 (first 10: [0 1 2 3 4 5 6 7 8 9])
2026-06-16 07:51:11,476 - debug - DEBUG - Unique target classes: 10 (first 10: [0 1 2 3 4 5 6 7 8 9])
2026-06-16 07:51:13,652 - debug - DEBUG - compute_metrics_and_record started for epoch 185
2026-06-16 07:51:13,652 - debug - DEBUG - all_preds length: 10000, all_targets length: 10000
2026-06-16 07:51:13,652 - debug - DEBUG - First 10 preds: [3, 8, 1, 8, 6, 6, 1, 6, 3, 1]
2026-06-16 07:51:13,652 - debug - DEBUG - First 10 targets: [3, 8, 8, 0, 6, 6, 1, 6, 3, 1]
2026-06-16 07:51:13,655 - debug - DEBUG - Unique predicted classes: 10 (first 10: [0 1 2 3 4 5 6 7 8 9])
2026-06-16 07:51:13,655 - debug - DEBUG - Unique target classes: 10 (first 10: [0 1 2 3 4 5 6 7 8 9])
2026-06-16 07:51:13,931 - debug - DEBUG - Device Check - Batch 0
2026-06-16 07:51:13,932 - debug - DEBUG -   Config GPU ID: 1
2026-06-16 07:51:13,932 - debug - DEBUG -   Input Device:  cuda:1
2026-06-16 07:51:13,932 - debug - DEBUG -   Target Device: cuda:1
2026-06-16 07:51:13,932 - debug - DEBUG -   Model Device:  cuda:1
2026-06-16 07:51:13,933 - debug - DEBUG -   Criterion Weight Device: No weights
2026-06-16 07:51:14,242 - debug - DEBUG - Batch 0 grad norm: 0.638643
2026-06-16 07:51:15,434 - debug - DEBUG - Batch 10 grad norm: 0.611183
2026-06-16 07:51:16,547 - debug - DEBUG - Batch 20 grad norm: 0.493885
2026-06-16 07:51:17,619 - debug - DEBUG - Batch 30 grad norm: 0.738138
2026-06-16 07:51:18,769 - debug - DEBUG - Batch 40 grad norm: 0.220846
2026-06-16 07:51:19,864 - debug - DEBUG - Batch 50 grad norm: 0.276044
2026-06-16 07:51:21,021 - debug - DEBUG - Batch 60 grad norm: 0.536154
2026-06-16 07:51:22,122 - debug - DEBUG - Batch 70 grad norm: 0.820776
2026-06-16 07:51:23,198 - debug - DEBUG - Batch 80 grad norm: 0.674177
2026-06-16 07:51:24,344 - debug - DEBUG - Batch 90 grad norm: 0.548882
2026-06-16 07:51:25,449 - debug - DEBUG - Batch 100 grad norm: 0.598134
2026-06-16 07:51:26,606 - debug - DEBUG - Batch 110 grad norm: 0.536977
2026-06-16 07:51:27,714 - debug - DEBUG - Batch 120 grad norm: 0.544087
2026-06-16 07:51:28,838 - debug - DEBUG - Batch 130 grad norm: 0.586026
2026-06-16 07:51:29,968 - debug - DEBUG - Batch 140 grad norm: 0.455832
2026-06-16 07:51:31,176 - debug - DEBUG - Batch 150 grad norm: 0.366126
2026-06-16 07:51:32,154 - debug - DEBUG - Batch 160 grad norm: 0.532919
2026-06-16 07:51:33,237 - debug - DEBUG - Batch 170 grad norm: 0.780495
2026-06-16 07:51:34,326 - debug - DEBUG - Batch 180 grad norm: 0.616181
2026-06-16 07:51:35,457 - debug - DEBUG - Batch 190 grad norm: 0.321924
2026-06-16 07:51:35,869 - debug - DEBUG - compute_metrics_and_record started for epoch 186
2026-06-16 07:51:35,869 - debug - DEBUG - all_preds length: 25000, all_targets length: 25000
2026-06-16 07:51:35,869 - debug - DEBUG - First 10 preds: [1, 4, 9, 0, 4, 7, 8, 2, 6, 2]
2026-06-16 07:51:35,869 - debug - DEBUG - First 10 targets: [1, 4, 9, 0, 4, 7, 8, 2, 6, 2]
2026-06-16 07:51:35,875 - debug - DEBUG - Unique predicted classes: 10 (first 10: [0 1 2 3 4 5 6 7 8 9])
2026-06-16 07:51:35,876 - debug - DEBUG - Unique target classes: 10 (first 10: [0 1 2 3 4 5 6 7 8 9])
2026-06-16 07:51:38,054 - debug - DEBUG - compute_metrics_and_record started for epoch 186
2026-06-16 07:51:38,055 - debug - DEBUG - all_preds length: 10000, all_targets length: 10000
2026-06-16 07:51:38,055 - debug - DEBUG - First 10 preds: [3, 8, 1, 8, 6, 6, 1, 6, 3, 1]
2026-06-16 07:51:38,055 - debug - DEBUG - First 10 targets: [3, 8, 8, 0, 6, 6, 1, 6, 3, 1]
2026-06-16 07:51:38,058 - debug - DEBUG - Unique predicted classes: 10 (first 10: [0 1 2 3 4 5 6 7 8 9])
2026-06-16 07:51:38,058 - debug - DEBUG - Unique target classes: 10 (first 10: [0 1 2 3 4 5 6 7 8 9])
2026-06-16 07:51:38,324 - debug - DEBUG - Device Check - Batch 0
2026-06-16 07:51:38,324 - debug - DEBUG -   Config GPU ID: 1
2026-06-16 07:51:38,325 - debug - DEBUG -   Input Device:  cuda:1
2026-06-16 07:51:38,325 - debug - DEBUG -   Target Device: cuda:1
2026-06-16 07:51:38,325 - debug - DEBUG -   Model Device:  cuda:1
2026-06-16 07:51:38,325 - debug - DEBUG -   Criterion Weight Device: No weights
2026-06-16 07:51:38,719 - debug - DEBUG - Batch 0 grad norm: 0.445451
2026-06-16 07:51:39,850 - debug - DEBUG - Batch 10 grad norm: 0.533489
2026-06-16 07:51:40,992 - debug - DEBUG - Batch 20 grad norm: 0.627252
2026-06-16 07:51:42,135 - debug - DEBUG - Batch 30 grad norm: 0.672162
2026-06-16 07:51:43,266 - debug - DEBUG - Batch 40 grad norm: 0.401130
2026-06-16 07:51:44,405 - debug - DEBUG - Batch 50 grad norm: 0.408283
2026-06-16 07:51:45,550 - debug - DEBUG - Batch 60 grad norm: 0.705336
2026-06-16 07:51:46,677 - debug - DEBUG - Batch 70 grad norm: 0.400037
2026-06-16 07:51:47,826 - debug - DEBUG - Batch 80 grad norm: 0.606898
2026-06-16 07:51:48,754 - debug - DEBUG - Batch 90 grad norm: 0.377498
2026-06-16 07:51:49,999 - debug - DEBUG - Batch 100 grad norm: 0.653114
2026-06-16 07:51:51,048 - debug - DEBUG - Batch 110 grad norm: 0.557555
2026-06-16 07:51:52,115 - debug - DEBUG - Batch 120 grad norm: 0.722740
2026-06-16 07:51:53,220 - debug - DEBUG - Batch 130 grad norm: 0.567737
2026-06-16 07:51:54,279 - debug - DEBUG - Batch 140 grad norm: 0.390787
2026-06-16 07:51:55,502 - debug - DEBUG - Batch 150 grad norm: 0.798887
2026-06-16 07:51:56,563 - debug - DEBUG - Batch 160 grad norm: 0.304199
2026-06-16 07:51:57,667 - debug - DEBUG - Batch 170 grad norm: 0.370992
2026-06-16 07:51:58,806 - debug - DEBUG - Batch 180 grad norm: 0.753500
2026-06-16 07:51:59,971 - debug - DEBUG - Batch 190 grad norm: 0.705765
2026-06-16 07:52:00,341 - debug - DEBUG - compute_metrics_and_record started for epoch 187
2026-06-16 07:52:00,341 - debug - DEBUG - all_preds length: 25000, all_targets length: 25000
2026-06-16 07:52:00,341 - debug - DEBUG - First 10 preds: [4, 3, 8, 1, 2, 5, 8, 6, 0, 1]
2026-06-16 07:52:00,342 - debug - DEBUG - First 10 targets: [4, 3, 8, 1, 2, 5, 8, 6, 0, 1]
2026-06-16 07:52:00,347 - debug - DEBUG - Unique predicted classes: 10 (first 10: [0 1 2 3 4 5 6 7 8 9])
2026-06-16 07:52:00,347 - debug - DEBUG - Unique target classes: 10 (first 10: [0 1 2 3 4 5 6 7 8 9])
2026-06-16 07:52:02,659 - debug - DEBUG - compute_metrics_and_record started for epoch 187
2026-06-16 07:52:02,660 - debug - DEBUG - all_preds length: 10000, all_targets length: 10000
2026-06-16 07:52:02,660 - debug - DEBUG - First 10 preds: [3, 8, 1, 0, 6, 6, 1, 6, 3, 1]
2026-06-16 07:52:02,660 - debug - DEBUG - First 10 targets: [3, 8, 8, 0, 6, 6, 1, 6, 3, 1]
2026-06-16 07:52:02,662 - debug - DEBUG - Unique predicted classes: 10 (first 10: [0 1 2 3 4 5 6 7 8 9])
2026-06-16 07:52:02,662 - debug - DEBUG - Unique target classes: 10 (first 10: [0 1 2 3 4 5 6 7 8 9])
2026-06-16 07:52:02,919 - debug - DEBUG - Device Check - Batch 0
2026-06-16 07:52:02,920 - debug - DEBUG -   Config GPU ID: 1
2026-06-16 07:52:02,920 - debug - DEBUG -   Input Device:  cuda:1
2026-06-16 07:52:02,921 - debug - DEBUG -   Target Device: cuda:1
2026-06-16 07:52:02,921 - debug - DEBUG -   Model Device:  cuda:1
2026-06-16 07:52:02,921 - debug - DEBUG -   Criterion Weight Device: No weights
2026-06-16 07:52:03,482 - debug - DEBUG - Batch 0 grad norm: 0.868118
2026-06-16 07:52:04,598 - debug - DEBUG - Batch 10 grad norm: 0.636602
2026-06-16 07:52:05,715 - debug - DEBUG - Batch 20 grad norm: 0.470860
2026-06-16 07:52:06,803 - debug - DEBUG - Batch 30 grad norm: 0.226622
2026-06-16 07:52:07,922 - debug - DEBUG - Batch 40 grad norm: 0.440286
2026-06-16 07:52:09,045 - debug - DEBUG - Batch 50 grad norm: 0.238899
2026-06-16 07:52:10,166 - debug - DEBUG - Batch 60 grad norm: 0.681365
2026-06-16 07:52:11,285 - debug - DEBUG - Batch 70 grad norm: 0.538019
2026-06-16 07:52:12,434 - debug - DEBUG - Batch 80 grad norm: 0.371324
2026-06-16 07:52:13,566 - debug - DEBUG - Batch 90 grad norm: 0.751256
2026-06-16 07:52:14,696 - debug - DEBUG - Batch 100 grad norm: 0.588347
2026-06-16 07:52:15,807 - debug - DEBUG - Batch 110 grad norm: 0.912738
2026-06-16 07:52:16,941 - debug - DEBUG - Batch 120 grad norm: 0.517733
2026-06-16 07:52:17,991 - debug - DEBUG - Batch 130 grad norm: 0.462051
2026-06-16 07:52:19,039 - debug - DEBUG - Batch 140 grad norm: 0.497517
2026-06-16 07:52:20,186 - debug - DEBUG - Batch 150 grad norm: 0.563344
2026-06-16 07:52:21,326 - debug - DEBUG - Batch 160 grad norm: 0.551425
2026-06-16 07:52:22,369 - debug - DEBUG - Batch 170 grad norm: 0.480568
2026-06-16 07:52:23,478 - debug - DEBUG - Batch 180 grad norm: 0.384535
2026-06-16 07:52:24,708 - debug - DEBUG - Batch 190 grad norm: 0.666920
2026-06-16 07:52:25,067 - debug - DEBUG - compute_metrics_and_record started for epoch 188
2026-06-16 07:52:25,067 - debug - DEBUG - all_preds length: 25000, all_targets length: 25000
2026-06-16 07:52:25,067 - debug - DEBUG - First 10 preds: [6, 2, 5, 5, 8, 4, 1, 3, 6, 6]
2026-06-16 07:52:25,068 - debug - DEBUG - First 10 targets: [6, 2, 5, 3, 8, 4, 1, 3, 6, 6]
2026-06-16 07:52:25,073 - debug - DEBUG - Unique predicted classes: 10 (first 10: [0 1 2 3 4 5 6 7 8 9])
2026-06-16 07:52:25,074 - debug - DEBUG - Unique target classes: 10 (first 10: [0 1 2 3 4 5 6 7 8 9])
2026-06-16 07:52:27,302 - debug - DEBUG - compute_metrics_and_record started for epoch 188
2026-06-16 07:52:27,303 - debug - DEBUG - all_preds length: 10000, all_targets length: 10000
2026-06-16 07:52:27,303 - debug - DEBUG - First 10 preds: [3, 8, 1, 8, 6, 6, 1, 6, 3, 1]
2026-06-16 07:52:27,303 - debug - DEBUG - First 10 targets: [3, 8, 8, 0, 6, 6, 1, 6, 3, 1]
2026-06-16 07:52:27,306 - debug - DEBUG - Unique predicted classes: 10 (first 10: [0 1 2 3 4 5 6 7 8 9])
2026-06-16 07:52:27,306 - debug - DEBUG - Unique target classes: 10 (first 10: [0 1 2 3 4 5 6 7 8 9])
2026-06-16 07:52:27,557 - debug - DEBUG - Device Check - Batch 0
2026-06-16 07:52:27,557 - debug - DEBUG -   Config GPU ID: 1
2026-06-16 07:52:27,558 - debug - DEBUG -   Input Device:  cuda:1
2026-06-16 07:52:27,558 - debug - DEBUG -   Target Device: cuda:1
2026-06-16 07:52:27,558 - debug - DEBUG -   Model Device:  cuda:1
2026-06-16 07:52:27,558 - debug - DEBUG -   Criterion Weight Device: No weights
2026-06-16 07:52:28,058 - debug - DEBUG - Batch 0 grad norm: 0.637463
2026-06-16 07:52:29,174 - debug - DEBUG - Batch 10 grad norm: 0.839010
2026-06-16 07:52:30,289 - debug - DEBUG - Batch 20 grad norm: 0.571116
2026-06-16 07:52:31,392 - debug - DEBUG - Batch 30 grad norm: 0.451686
2026-06-16 07:52:32,457 - debug - DEBUG - Batch 40 grad norm: 0.648264
2026-06-16 07:52:33,589 - debug - DEBUG - Batch 50 grad norm: 0.814935
2026-06-16 07:52:34,745 - debug - DEBUG - Batch 60 grad norm: 0.442929
2026-06-16 07:52:35,883 - debug - DEBUG - Batch 70 grad norm: 0.401181
2026-06-16 07:52:37,022 - debug - DEBUG - Batch 80 grad norm: 0.692549
2026-06-16 07:52:38,183 - debug - DEBUG - Batch 90 grad norm: 0.500555
2026-06-16 07:52:39,331 - debug - DEBUG - Batch 100 grad norm: 0.239315
2026-06-16 07:52:40,485 - debug - DEBUG - Batch 110 grad norm: 0.609434
2026-06-16 07:52:41,630 - debug - DEBUG - Batch 120 grad norm: 0.610168
2026-06-16 07:52:42,746 - debug - DEBUG - Batch 130 grad norm: 0.491150
2026-06-16 07:52:43,859 - debug - DEBUG - Batch 140 grad norm: 0.560985
2026-06-16 07:52:44,984 - debug - DEBUG - Batch 150 grad norm: 0.662659
2026-06-16 07:52:46,122 - debug - DEBUG - Batch 160 grad norm: 0.886389
2026-06-16 07:52:47,106 - debug - DEBUG - Batch 170 grad norm: 1.085843
2026-06-16 07:52:48,253 - debug - DEBUG - Batch 180 grad norm: 0.644991
2026-06-16 07:52:49,417 - debug - DEBUG - Batch 190 grad norm: 0.534056
2026-06-16 07:52:49,806 - debug - DEBUG - compute_metrics_and_record started for epoch 189
2026-06-16 07:52:49,806 - debug - DEBUG - all_preds length: 25000, all_targets length: 25000
2026-06-16 07:52:49,807 - debug - DEBUG - First 10 preds: [9, 2, 5, 8, 2, 3, 7, 5, 4, 8]
2026-06-16 07:52:49,807 - debug - DEBUG - First 10 targets: [9, 2, 5, 8, 2, 3, 7, 5, 4, 8]
2026-06-16 07:52:49,813 - debug - DEBUG - Unique predicted classes: 10 (first 10: [0 1 2 3 4 5 6 7 8 9])
2026-06-16 07:52:49,813 - debug - DEBUG - Unique target classes: 10 (first 10: [0 1 2 3 4 5 6 7 8 9])
2026-06-16 07:52:52,165 - debug - DEBUG - compute_metrics_and_record started for epoch 189
2026-06-16 07:52:52,165 - debug - DEBUG - all_preds length: 10000, all_targets length: 10000
2026-06-16 07:52:52,165 - debug - DEBUG - First 10 preds: [3, 8, 1, 8, 6, 6, 1, 6, 3, 1]
2026-06-16 07:52:52,165 - debug - DEBUG - First 10 targets: [3, 8, 8, 0, 6, 6, 1, 6, 3, 1]
2026-06-16 07:52:52,168 - debug - DEBUG - Unique predicted classes: 10 (first 10: [0 1 2 3 4 5 6 7 8 9])
2026-06-16 07:52:52,168 - debug - DEBUG - Unique target classes: 10 (first 10: [0 1 2 3 4 5 6 7 8 9])
2026-06-16 07:52:52,413 - debug - DEBUG - Device Check - Batch 0
2026-06-16 07:52:52,414 - debug - DEBUG -   Config GPU ID: 1
2026-06-16 07:52:52,414 - debug - DEBUG -   Input Device:  cuda:1
2026-06-16 07:52:52,414 - debug - DEBUG -   Target Device: cuda:1
2026-06-16 07:52:52,414 - debug - DEBUG -   Model Device:  cuda:1
2026-06-16 07:52:52,415 - debug - DEBUG -   Criterion Weight Device: No weights
2026-06-16 07:52:53,050 - debug - DEBUG - Batch 0 grad norm: 0.404921
2026-06-16 07:52:54,205 - debug - DEBUG - Batch 10 grad norm: 0.481136
2026-06-16 07:52:55,336 - debug - DEBUG - Batch 20 grad norm: 0.593049
2026-06-16 07:52:56,484 - debug - DEBUG - Batch 30 grad norm: 0.339112
2026-06-16 07:52:57,459 - debug - DEBUG - Batch 40 grad norm: 0.834733
2026-06-16 07:52:58,727 - debug - DEBUG - Batch 50 grad norm: 0.565991
2026-06-16 07:52:59,821 - debug - DEBUG - Batch 60 grad norm: 0.773373
2026-06-16 07:53:01,002 - debug - DEBUG - Batch 70 grad norm: 0.602735
2026-06-16 07:53:02,159 - debug - DEBUG - Batch 80 grad norm: 0.818635
2026-06-16 07:53:03,307 - debug - DEBUG - Batch 90 grad norm: 0.298321
2026-06-16 07:53:04,440 - debug - DEBUG - Batch 100 grad norm: 0.361439
2026-06-16 07:53:05,575 - debug - DEBUG - Batch 110 grad norm: 0.580420
2026-06-16 07:53:06,716 - debug - DEBUG - Batch 120 grad norm: 0.620110
2026-06-16 07:53:07,867 - debug - DEBUG - Batch 130 grad norm: 0.759187
2026-06-16 07:53:08,867 - debug - DEBUG - Batch 140 grad norm: 0.626395
2026-06-16 07:53:10,101 - debug - DEBUG - Batch 150 grad norm: 0.640083
2026-06-16 07:53:11,186 - debug - DEBUG - Batch 160 grad norm: 0.617264
2026-06-16 07:53:12,319 - debug - DEBUG - Batch 170 grad norm: 0.553335
2026-06-16 07:53:13,423 - debug - DEBUG - Batch 180 grad norm: 0.457828
2026-06-16 07:53:14,573 - debug - DEBUG - Batch 190 grad norm: 0.618318
2026-06-16 07:53:14,910 - debug - DEBUG - compute_metrics_and_record started for epoch 190
2026-06-16 07:53:14,910 - debug - DEBUG - all_preds length: 25000, all_targets length: 25000
2026-06-16 07:53:14,910 - debug - DEBUG - First 10 preds: [2, 7, 9, 5, 2, 3, 1, 7, 6, 9]
2026-06-16 07:53:14,910 - debug - DEBUG - First 10 targets: [2, 7, 9, 5, 2, 5, 1, 7, 6, 9]
2026-06-16 07:53:14,917 - debug - DEBUG - Unique predicted classes: 10 (first 10: [0 1 2 3 4 5 6 7 8 9])
2026-06-16 07:53:14,917 - debug - DEBUG - Unique target classes: 10 (first 10: [0 1 2 3 4 5 6 7 8 9])
2026-06-16 07:53:17,281 - debug - DEBUG - compute_metrics_and_record started for epoch 190
2026-06-16 07:53:17,281 - debug - DEBUG - all_preds length: 10000, all_targets length: 10000
2026-06-16 07:53:17,281 - debug - DEBUG - First 10 preds: [3, 8, 1, 8, 6, 6, 1, 6, 3, 1]
2026-06-16 07:53:17,281 - debug - DEBUG - First 10 targets: [3, 8, 8, 0, 6, 6, 1, 6, 3, 1]
2026-06-16 07:53:17,284 - debug - DEBUG - Unique predicted classes: 10 (first 10: [0 1 2 3 4 5 6 7 8 9])
2026-06-16 07:53:17,284 - debug - DEBUG - Unique target classes: 10 (first 10: [0 1 2 3 4 5 6 7 8 9])
2026-06-16 07:53:17,561 - debug - DEBUG - Device Check - Batch 0
2026-06-16 07:53:17,562 - debug - DEBUG -   Config GPU ID: 1
2026-06-16 07:53:17,562 - debug - DEBUG -   Input Device:  cuda:1
2026-06-16 07:53:17,562 - debug - DEBUG -   Target Device: cuda:1
2026-06-16 07:53:17,563 - debug - DEBUG -   Model Device:  cuda:1
2026-06-16 07:53:17,563 - debug - DEBUG -   Criterion Weight Device: No weights
2026-06-16 07:53:18,087 - debug - DEBUG - Batch 0 grad norm: 0.928754
2026-06-16 07:53:19,173 - debug - DEBUG - Batch 10 grad norm: 0.685066
2026-06-16 07:53:20,303 - debug - DEBUG - Batch 20 grad norm: 0.512220
2026-06-16 07:53:21,450 - debug - DEBUG - Batch 30 grad norm: 0.704800
2026-06-16 07:53:22,613 - debug - DEBUG - Batch 40 grad norm: 0.459047
2026-06-16 07:53:23,742 - debug - DEBUG - Batch 50 grad norm: 0.749318
2026-06-16 07:53:24,885 - debug - DEBUG - Batch 60 grad norm: 0.540223
2026-06-16 07:53:25,955 - debug - DEBUG - Batch 70 grad norm: 0.563256
2026-06-16 07:53:27,082 - debug - DEBUG - Batch 80 grad norm: 0.808950
2026-06-16 07:53:28,187 - debug - DEBUG - Batch 90 grad norm: 0.449430
2026-06-16 07:53:29,326 - debug - DEBUG - Batch 100 grad norm: 0.436046
2026-06-16 07:53:30,472 - debug - DEBUG - Batch 110 grad norm: 0.652900
2026-06-16 07:53:31,570 - debug - DEBUG - Batch 120 grad norm: 0.703785
2026-06-16 07:53:32,719 - debug - DEBUG - Batch 130 grad norm: 0.570235
2026-06-16 07:53:33,825 - debug - DEBUG - Batch 140 grad norm: 0.586912
2026-06-16 07:53:34,921 - debug - DEBUG - Batch 150 grad norm: 0.430752
2026-06-16 07:53:35,877 - debug - DEBUG - Batch 160 grad norm: 0.454367
2026-06-16 07:53:37,041 - debug - DEBUG - Batch 170 grad norm: 0.725904
2026-06-16 07:53:38,188 - debug - DEBUG - Batch 180 grad norm: 0.379990
2026-06-16 07:53:39,316 - debug - DEBUG - Batch 190 grad norm: 0.435962
2026-06-16 07:53:39,662 - debug - DEBUG - compute_metrics_and_record started for epoch 191
2026-06-16 07:53:39,662 - debug - DEBUG - all_preds length: 25000, all_targets length: 25000
2026-06-16 07:53:39,662 - debug - DEBUG - First 10 preds: [0, 7, 1, 7, 2, 0, 1, 8, 4, 0]
2026-06-16 07:53:39,662 - debug - DEBUG - First 10 targets: [0, 7, 1, 7, 2, 0, 1, 8, 4, 0]
2026-06-16 07:53:39,669 - debug - DEBUG - Unique predicted classes: 10 (first 10: [0 1 2 3 4 5 6 7 8 9])
2026-06-16 07:53:39,669 - debug - DEBUG - Unique target classes: 10 (first 10: [0 1 2 3 4 5 6 7 8 9])
2026-06-16 07:53:41,899 - debug - DEBUG - compute_metrics_and_record started for epoch 191
2026-06-16 07:53:41,900 - debug - DEBUG - all_preds length: 10000, all_targets length: 10000
2026-06-16 07:53:41,900 - debug - DEBUG - First 10 preds: [3, 8, 1, 8, 6, 6, 1, 6, 3, 1]
2026-06-16 07:53:41,900 - debug - DEBUG - First 10 targets: [3, 8, 8, 0, 6, 6, 1, 6, 3, 1]
2026-06-16 07:53:41,903 - debug - DEBUG - Unique predicted classes: 10 (first 10: [0 1 2 3 4 5 6 7 8 9])
2026-06-16 07:53:41,903 - debug - DEBUG - Unique target classes: 10 (first 10: [0 1 2 3 4 5 6 7 8 9])
2026-06-16 07:53:42,203 - debug - DEBUG - Device Check - Batch 0
2026-06-16 07:53:42,204 - debug - DEBUG -   Config GPU ID: 1
2026-06-16 07:53:42,204 - debug - DEBUG -   Input Device:  cuda:1
2026-06-16 07:53:42,204 - debug - DEBUG -   Target Device: cuda:1
2026-06-16 07:53:42,204 - debug - DEBUG -   Model Device:  cuda:1
2026-06-16 07:53:42,205 - debug - DEBUG -   Criterion Weight Device: No weights
2026-06-16 07:53:42,672 - debug - DEBUG - Batch 0 grad norm: 0.561129
2026-06-16 07:53:43,781 - debug - DEBUG - Batch 10 grad norm: 0.554855
2026-06-16 07:53:44,893 - debug - DEBUG - Batch 20 grad norm: 0.657339
2026-06-16 07:53:46,040 - debug - DEBUG - Batch 30 grad norm: 0.596522
2026-06-16 07:53:47,180 - debug - DEBUG - Batch 40 grad norm: 0.451434
2026-06-16 07:53:48,322 - debug - DEBUG - Batch 50 grad norm: 0.407108
2026-06-16 07:53:49,453 - debug - DEBUG - Batch 60 grad norm: 0.455139
2026-06-16 07:53:50,565 - debug - DEBUG - Batch 70 grad norm: 0.578863
2026-06-16 07:53:51,698 - debug - DEBUG - Batch 80 grad norm: 0.535816
2026-06-16 07:53:52,808 - debug - DEBUG - Batch 90 grad norm: 0.503372
2026-06-16 07:53:53,937 - debug - DEBUG - Batch 100 grad norm: 0.567535
2026-06-16 07:53:55,042 - debug - DEBUG - Batch 110 grad norm: 0.446501
2026-06-16 07:53:56,148 - debug - DEBUG - Batch 120 grad norm: 0.501573
2026-06-16 07:53:57,280 - debug - DEBUG - Batch 130 grad norm: 0.677717
2026-06-16 07:53:58,415 - debug - DEBUG - Batch 140 grad norm: 0.379921
2026-06-16 07:53:59,547 - debug - DEBUG - Batch 150 grad norm: 0.564705
2026-06-16 07:54:00,736 - debug - DEBUG - Batch 160 grad norm: 0.798845
2026-06-16 07:54:01,749 - debug - DEBUG - Batch 170 grad norm: 0.610991
2026-06-16 07:54:02,873 - debug - DEBUG - Batch 180 grad norm: 0.563544
2026-06-16 07:54:04,019 - debug - DEBUG - Batch 190 grad norm: 0.636613
2026-06-16 07:54:04,387 - debug - DEBUG - compute_metrics_and_record started for epoch 192
2026-06-16 07:54:04,387 - debug - DEBUG - all_preds length: 25000, all_targets length: 25000
2026-06-16 07:54:04,388 - debug - DEBUG - First 10 preds: [3, 8, 0, 7, 8, 5, 4, 7, 9, 1]
2026-06-16 07:54:04,388 - debug - DEBUG - First 10 targets: [3, 8, 0, 7, 8, 5, 4, 7, 9, 1]
2026-06-16 07:54:04,395 - debug - DEBUG - Unique predicted classes: 10 (first 10: [0 1 2 3 4 5 6 7 8 9])
2026-06-16 07:54:04,395 - debug - DEBUG - Unique target classes: 10 (first 10: [0 1 2 3 4 5 6 7 8 9])
2026-06-16 07:54:06,571 - debug - DEBUG - compute_metrics_and_record started for epoch 192
2026-06-16 07:54:06,572 - debug - DEBUG - all_preds length: 10000, all_targets length: 10000
2026-06-16 07:54:06,572 - debug - DEBUG - First 10 preds: [3, 8, 1, 8, 6, 6, 1, 6, 3, 1]
2026-06-16 07:54:06,572 - debug - DEBUG - First 10 targets: [3, 8, 8, 0, 6, 6, 1, 6, 3, 1]
2026-06-16 07:54:06,575 - debug - DEBUG - Unique predicted classes: 10 (first 10: [0 1 2 3 4 5 6 7 8 9])
2026-06-16 07:54:06,575 - debug - DEBUG - Unique target classes: 10 (first 10: [0 1 2 3 4 5 6 7 8 9])
2026-06-16 07:54:06,880 - debug - DEBUG - Device Check - Batch 0
2026-06-16 07:54:06,881 - debug - DEBUG -   Config GPU ID: 1
2026-06-16 07:54:06,881 - debug - DEBUG -   Input Device:  cuda:1
2026-06-16 07:54:06,881 - debug - DEBUG -   Target Device: cuda:1
2026-06-16 07:54:06,882 - debug - DEBUG -   Model Device:  cuda:1
2026-06-16 07:54:06,882 - debug - DEBUG -   Criterion Weight Device: No weights
2026-06-16 07:54:07,364 - debug - DEBUG - Batch 0 grad norm: 0.531959
2026-06-16 07:54:08,445 - debug - DEBUG - Batch 10 grad norm: 0.626724
2026-06-16 07:54:09,568 - debug - DEBUG - Batch 20 grad norm: 0.600184
2026-06-16 07:54:10,675 - debug - DEBUG - Batch 30 grad norm: 0.441596
2026-06-16 07:54:11,834 - debug - DEBUG - Batch 40 grad norm: 0.607776
2026-06-16 07:54:12,938 - debug - DEBUG - Batch 50 grad norm: 0.671579
2026-06-16 07:54:14,137 - debug - DEBUG - Batch 60 grad norm: 0.725243
2026-06-16 07:54:15,288 - debug - DEBUG - Batch 70 grad norm: 0.512105
2026-06-16 07:54:16,461 - debug - DEBUG - Batch 80 grad norm: 0.611141
2026-06-16 07:54:17,629 - debug - DEBUG - Batch 90 grad norm: 0.430951
2026-06-16 07:54:18,796 - debug - DEBUG - Batch 100 grad norm: 0.341639
2026-06-16 07:54:19,950 - debug - DEBUG - Batch 110 grad norm: 0.572264
2026-06-16 07:54:21,104 - debug - DEBUG - Batch 120 grad norm: 0.699666
2026-06-16 07:54:22,296 - debug - DEBUG - Batch 130 grad norm: 0.685267
2026-06-16 07:54:23,352 - debug - DEBUG - Batch 140 grad norm: 0.506620
2026-06-16 07:54:24,568 - debug - DEBUG - Batch 150 grad norm: 0.551268
2026-06-16 07:54:25,664 - debug - DEBUG - Batch 160 grad norm: 0.870767
2026-06-16 07:54:26,854 - debug - DEBUG - Batch 170 grad norm: 0.690687
2026-06-16 07:54:27,982 - debug - DEBUG - Batch 180 grad norm: 0.448368
2026-06-16 07:54:29,125 - debug - DEBUG - Batch 190 grad norm: 0.502539
2026-06-16 07:54:29,436 - debug - DEBUG - compute_metrics_and_record started for epoch 193
2026-06-16 07:54:29,436 - debug - DEBUG - all_preds length: 25000, all_targets length: 25000
2026-06-16 07:54:29,436 - debug - DEBUG - First 10 preds: [8, 9, 0, 4, 7, 0, 9, 4, 7, 2]
2026-06-16 07:54:29,436 - debug - DEBUG - First 10 targets: [8, 9, 0, 4, 7, 0, 1, 4, 7, 2]
2026-06-16 07:54:29,443 - debug - DEBUG - Unique predicted classes: 10 (first 10: [0 1 2 3 4 5 6 7 8 9])
2026-06-16 07:54:29,443 - debug - DEBUG - Unique target classes: 10 (first 10: [0 1 2 3 4 5 6 7 8 9])
2026-06-16 07:54:31,734 - debug - DEBUG - compute_metrics_and_record started for epoch 193
2026-06-16 07:54:31,735 - debug - DEBUG - all_preds length: 10000, all_targets length: 10000
2026-06-16 07:54:31,735 - debug - DEBUG - First 10 preds: [3, 8, 1, 8, 6, 6, 1, 6, 3, 1]
2026-06-16 07:54:31,735 - debug - DEBUG - First 10 targets: [3, 8, 8, 0, 6, 6, 1, 6, 3, 1]
2026-06-16 07:54:31,738 - debug - DEBUG - Unique predicted classes: 10 (first 10: [0 1 2 3 4 5 6 7 8 9])
2026-06-16 07:54:31,738 - debug - DEBUG - Unique target classes: 10 (first 10: [0 1 2 3 4 5 6 7 8 9])
2026-06-16 07:54:32,030 - debug - DEBUG - Device Check - Batch 0
2026-06-16 07:54:32,031 - debug - DEBUG -   Config GPU ID: 1
2026-06-16 07:54:32,031 - debug - DEBUG -   Input Device:  cuda:1
2026-06-16 07:54:32,031 - debug - DEBUG -   Target Device: cuda:1
2026-06-16 07:54:32,031 - debug - DEBUG -   Model Device:  cuda:1
2026-06-16 07:54:32,031 - debug - DEBUG -   Criterion Weight Device: No weights
2026-06-16 07:54:32,588 - debug - DEBUG - Batch 0 grad norm: 0.437339
2026-06-16 07:54:33,749 - debug - DEBUG - Batch 10 grad norm: 0.366117
2026-06-16 07:54:34,901 - debug - DEBUG - Batch 20 grad norm: 0.735449
2026-06-16 07:54:36,032 - debug - DEBUG - Batch 30 grad norm: 0.359506
2026-06-16 07:54:37,189 - debug - DEBUG - Batch 40 grad norm: 0.505407
2026-06-16 07:54:38,305 - debug - DEBUG - Batch 50 grad norm: 0.637463
2026-06-16 07:54:39,436 - debug - DEBUG - Batch 60 grad norm: 0.532070
2026-06-16 07:54:40,390 - debug - DEBUG - Batch 70 grad norm: 0.456985
2026-06-16 07:54:41,581 - debug - DEBUG - Batch 80 grad norm: 0.673971
2026-06-16 07:54:42,667 - debug - DEBUG - Batch 90 grad norm: 0.484465
2026-06-16 07:54:43,644 - debug - DEBUG - Batch 100 grad norm: 0.425907
2026-06-16 07:54:44,729 - debug - DEBUG - Batch 110 grad norm: 0.692356
2026-06-16 07:54:45,816 - debug - DEBUG - Batch 120 grad norm: 0.815040
2026-06-16 07:54:46,897 - debug - DEBUG - Batch 130 grad norm: 0.234852
2026-06-16 07:54:47,865 - debug - DEBUG - Batch 140 grad norm: 0.549495
2026-06-16 07:54:49,086 - debug - DEBUG - Batch 150 grad norm: 0.776423
2026-06-16 07:54:50,162 - debug - DEBUG - Batch 160 grad norm: 0.580442
2026-06-16 07:54:51,227 - debug - DEBUG - Batch 170 grad norm: 0.461832
2026-06-16 07:54:52,350 - debug - DEBUG - Batch 180 grad norm: 0.301111
2026-06-16 07:54:53,500 - debug - DEBUG - Batch 190 grad norm: 0.436521
2026-06-16 07:54:53,898 - debug - DEBUG - compute_metrics_and_record started for epoch 194
2026-06-16 07:54:53,898 - debug - DEBUG - all_preds length: 25000, all_targets length: 25000
2026-06-16 07:54:53,898 - debug - DEBUG - First 10 preds: [9, 8, 3, 7, 0, 9, 9, 5, 0, 7]
2026-06-16 07:54:53,898 - debug - DEBUG - First 10 targets: [9, 8, 3, 7, 0, 9, 9, 5, 0, 7]
2026-06-16 07:54:53,907 - debug - DEBUG - Unique predicted classes: 10 (first 10: [0 1 2 3 4 5 6 7 8 9])
2026-06-16 07:54:53,907 - debug - DEBUG - Unique target classes: 10 (first 10: [0 1 2 3 4 5 6 7 8 9])
2026-06-16 07:54:56,198 - debug - DEBUG - compute_metrics_and_record started for epoch 194
2026-06-16 07:54:56,199 - debug - DEBUG - all_preds length: 10000, all_targets length: 10000
2026-06-16 07:54:56,199 - debug - DEBUG - First 10 preds: [3, 8, 1, 8, 6, 6, 1, 6, 3, 1]
2026-06-16 07:54:56,199 - debug - DEBUG - First 10 targets: [3, 8, 8, 0, 6, 6, 1, 6, 3, 1]
2026-06-16 07:54:56,201 - debug - DEBUG - Unique predicted classes: 10 (first 10: [0 1 2 3 4 5 6 7 8 9])
2026-06-16 07:54:56,201 - debug - DEBUG - Unique target classes: 10 (first 10: [0 1 2 3 4 5 6 7 8 9])
2026-06-16 07:54:56,494 - debug - DEBUG - Device Check - Batch 0
2026-06-16 07:54:56,494 - debug - DEBUG -   Config GPU ID: 1
2026-06-16 07:54:56,495 - debug - DEBUG -   Input Device:  cuda:1
2026-06-16 07:54:56,495 - debug - DEBUG -   Target Device: cuda:1
2026-06-16 07:54:56,495 - debug - DEBUG -   Model Device:  cuda:1
2026-06-16 07:54:56,495 - debug - DEBUG -   Criterion Weight Device: No weights
2026-06-16 07:54:56,993 - debug - DEBUG - Batch 0 grad norm: 0.241684
2026-06-16 07:54:58,109 - debug - DEBUG - Batch 10 grad norm: 0.590350
2026-06-16 07:54:59,240 - debug - DEBUG - Batch 20 grad norm: 0.676621
2026-06-16 07:55:00,373 - debug - DEBUG - Batch 30 grad norm: 0.574300
2026-06-16 07:55:01,522 - debug - DEBUG - Batch 40 grad norm: 0.787912
2026-06-16 07:55:02,640 - debug - DEBUG - Batch 50 grad norm: 0.429457
2026-06-16 07:55:03,784 - debug - DEBUG - Batch 60 grad norm: 0.729128
2026-06-16 07:55:04,918 - debug - DEBUG - Batch 70 grad norm: 0.485472
2026-06-16 07:55:06,052 - debug - DEBUG - Batch 80 grad norm: 0.586791
2026-06-16 07:55:07,153 - debug - DEBUG - Batch 90 grad norm: 0.378005
2026-06-16 07:55:08,290 - debug - DEBUG - Batch 100 grad norm: 0.649898
2026-06-16 07:55:09,410 - debug - DEBUG - Batch 110 grad norm: 0.621009
2026-06-16 07:55:10,514 - debug - DEBUG - Batch 120 grad norm: 0.389394
2026-06-16 07:55:11,644 - debug - DEBUG - Batch 130 grad norm: 0.370255
2026-06-16 07:55:12,760 - debug - DEBUG - Batch 140 grad norm: 0.536751
2026-06-16 07:55:13,865 - debug - DEBUG - Batch 150 grad norm: 0.355886
2026-06-16 07:55:14,977 - debug - DEBUG - Batch 160 grad norm: 1.032515
2026-06-16 07:55:16,068 - debug - DEBUG - Batch 170 grad norm: 0.475356
2026-06-16 07:55:17,093 - debug - DEBUG - Batch 180 grad norm: 0.579276
2026-06-16 07:55:18,246 - debug - DEBUG - Batch 190 grad norm: 0.652919
2026-06-16 07:55:18,613 - debug - DEBUG - compute_metrics_and_record started for epoch 195
2026-06-16 07:55:18,614 - debug - DEBUG - all_preds length: 25000, all_targets length: 25000
2026-06-16 07:55:18,614 - debug - DEBUG - First 10 preds: [7, 5, 8, 3, 2, 3, 4, 0, 8, 5]
2026-06-16 07:55:18,614 - debug - DEBUG - First 10 targets: [7, 5, 8, 3, 2, 3, 4, 0, 8, 5]
2026-06-16 07:55:18,621 - debug - DEBUG - Unique predicted classes: 10 (first 10: [0 1 2 3 4 5 6 7 8 9])
2026-06-16 07:55:18,622 - debug - DEBUG - Unique target classes: 10 (first 10: [0 1 2 3 4 5 6 7 8 9])
2026-06-16 07:55:20,925 - debug - DEBUG - compute_metrics_and_record started for epoch 195
2026-06-16 07:55:20,926 - debug - DEBUG - all_preds length: 10000, all_targets length: 10000
2026-06-16 07:55:20,926 - debug - DEBUG - First 10 preds: [3, 8, 1, 8, 6, 6, 1, 6, 3, 1]
2026-06-16 07:55:20,926 - debug - DEBUG - First 10 targets: [3, 8, 8, 0, 6, 6, 1, 6, 3, 1]
2026-06-16 07:55:20,928 - debug - DEBUG - Unique predicted classes: 10 (first 10: [0 1 2 3 4 5 6 7 8 9])
2026-06-16 07:55:20,929 - debug - DEBUG - Unique target classes: 10 (first 10: [0 1 2 3 4 5 6 7 8 9])
2026-06-16 07:55:21,226 - debug - DEBUG - Device Check - Batch 0
2026-06-16 07:55:21,227 - debug - DEBUG -   Config GPU ID: 1
2026-06-16 07:55:21,227 - debug - DEBUG -   Input Device:  cuda:1
2026-06-16 07:55:21,227 - debug - DEBUG -   Target Device: cuda:1
2026-06-16 07:55:21,227 - debug - DEBUG -   Model Device:  cuda:1
2026-06-16 07:55:21,228 - debug - DEBUG -   Criterion Weight Device: No weights
2026-06-16 07:55:21,786 - debug - DEBUG - Batch 0 grad norm: 0.533340
2026-06-16 07:55:22,961 - debug - DEBUG - Batch 10 grad norm: 0.330464
2026-06-16 07:55:24,127 - debug - DEBUG - Batch 20 grad norm: 0.556648
2026-06-16 07:55:25,252 - debug - DEBUG - Batch 30 grad norm: 0.614520
2026-06-16 07:55:26,409 - debug - DEBUG - Batch 40 grad norm: 0.489971
2026-06-16 07:55:27,517 - debug - DEBUG - Batch 50 grad norm: 0.713389
2026-06-16 07:55:28,672 - debug - DEBUG - Batch 60 grad norm: 0.401637
2026-06-16 07:55:29,787 - debug - DEBUG - Batch 70 grad norm: 0.731662
2026-06-16 07:55:30,931 - debug - DEBUG - Batch 80 grad norm: 0.689780
2026-06-16 07:55:32,075 - debug - DEBUG - Batch 90 grad norm: 0.819194
2026-06-16 07:55:33,211 - debug - DEBUG - Batch 100 grad norm: 0.838299
2026-06-16 07:55:34,341 - debug - DEBUG - Batch 110 grad norm: 0.543021
2026-06-16 07:55:35,474 - debug - DEBUG - Batch 120 grad norm: 0.236610
2026-06-16 07:55:36,651 - debug - DEBUG - Batch 130 grad norm: 0.403088
2026-06-16 07:55:37,705 - debug - DEBUG - Batch 140 grad norm: 0.530804
2026-06-16 07:55:38,897 - debug - DEBUG - Batch 150 grad norm: 0.521126
2026-06-16 07:55:40,045 - debug - DEBUG - Batch 160 grad norm: 0.655734
2026-06-16 07:55:41,113 - debug - DEBUG - Batch 170 grad norm: 0.586067
2026-06-16 07:55:42,249 - debug - DEBUG - Batch 180 grad norm: 0.398047
2026-06-16 07:55:43,397 - debug - DEBUG - Batch 190 grad norm: 0.579783
2026-06-16 07:55:43,740 - debug - DEBUG - compute_metrics_and_record started for epoch 196
2026-06-16 07:55:43,741 - debug - DEBUG - all_preds length: 25000, all_targets length: 25000
2026-06-16 07:55:43,741 - debug - DEBUG - First 10 preds: [3, 1, 0, 5, 3, 1, 5, 6, 3, 1]
2026-06-16 07:55:43,741 - debug - DEBUG - First 10 targets: [3, 1, 0, 5, 3, 1, 5, 6, 3, 1]
2026-06-16 07:55:43,749 - debug - DEBUG - Unique predicted classes: 10 (first 10: [0 1 2 3 4 5 6 7 8 9])
2026-06-16 07:55:43,750 - debug - DEBUG - Unique target classes: 10 (first 10: [0 1 2 3 4 5 6 7 8 9])
2026-06-16 07:55:46,084 - debug - DEBUG - compute_metrics_and_record started for epoch 196
2026-06-16 07:55:46,085 - debug - DEBUG - all_preds length: 10000, all_targets length: 10000
2026-06-16 07:55:46,085 - debug - DEBUG - First 10 preds: [3, 8, 1, 8, 6, 6, 1, 6, 3, 1]
2026-06-16 07:55:46,085 - debug - DEBUG - First 10 targets: [3, 8, 8, 0, 6, 6, 1, 6, 3, 1]
2026-06-16 07:55:46,088 - debug - DEBUG - Unique predicted classes: 10 (first 10: [0 1 2 3 4 5 6 7 8 9])
2026-06-16 07:55:46,088 - debug - DEBUG - Unique target classes: 10 (first 10: [0 1 2 3 4 5 6 7 8 9])
2026-06-16 07:55:46,343 - debug - DEBUG - Device Check - Batch 0
2026-06-16 07:55:46,343 - debug - DEBUG -   Config GPU ID: 1
2026-06-16 07:55:46,343 - debug - DEBUG -   Input Device:  cuda:1
2026-06-16 07:55:46,344 - debug - DEBUG -   Target Device: cuda:1
2026-06-16 07:55:46,344 - debug - DEBUG -   Model Device:  cuda:1
2026-06-16 07:55:46,345 - debug - DEBUG -   Criterion Weight Device: No weights
2026-06-16 07:55:46,909 - debug - DEBUG - Batch 0 grad norm: 0.735276
2026-06-16 07:55:48,036 - debug - DEBUG - Batch 10 grad norm: 0.304965
2026-06-16 07:55:49,089 - debug - DEBUG - Batch 20 grad norm: 0.773482
2026-06-16 07:55:50,310 - debug - DEBUG - Batch 30 grad norm: 0.355985
2026-06-16 07:55:51,305 - debug - DEBUG - Batch 40 grad norm: 0.551864
2026-06-16 07:55:52,408 - debug - DEBUG - Batch 50 grad norm: 0.731391
2026-06-16 07:55:53,571 - debug - DEBUG - Batch 60 grad norm: 0.770452
2026-06-16 07:55:54,712 - debug - DEBUG - Batch 70 grad norm: 0.639776
2026-06-16 07:55:55,870 - debug - DEBUG - Batch 80 grad norm: 0.509128
2026-06-16 07:55:57,020 - debug - DEBUG - Batch 90 grad norm: 0.455220
2026-06-16 07:55:58,152 - debug - DEBUG - Batch 100 grad norm: 0.649809
2026-06-16 07:55:59,288 - debug - DEBUG - Batch 110 grad norm: 0.672868
2026-06-16 07:56:00,398 - debug - DEBUG - Batch 120 grad norm: 0.439088
2026-06-16 07:56:01,531 - debug - DEBUG - Batch 130 grad norm: 0.804212
2026-06-16 07:56:02,567 - debug - DEBUG - Batch 140 grad norm: 0.575813
2026-06-16 07:56:03,798 - debug - DEBUG - Batch 150 grad norm: 0.713261
2026-06-16 07:56:04,843 - debug - DEBUG - Batch 160 grad norm: 0.753510
2026-06-16 07:56:05,958 - debug - DEBUG - Batch 170 grad norm: 0.563284
2026-06-16 07:56:07,106 - debug - DEBUG - Batch 180 grad norm: 0.676389
2026-06-16 07:56:08,249 - debug - DEBUG - Batch 190 grad norm: 0.639897
2026-06-16 07:56:08,525 - debug - DEBUG - compute_metrics_and_record started for epoch 197
2026-06-16 07:56:08,525 - debug - DEBUG - all_preds length: 25000, all_targets length: 25000
2026-06-16 07:56:08,525 - debug - DEBUG - First 10 preds: [0, 0, 0, 6, 6, 2, 9, 3, 9, 8]
2026-06-16 07:56:08,525 - debug - DEBUG - First 10 targets: [0, 0, 0, 6, 6, 2, 9, 3, 9, 8]
2026-06-16 07:56:08,531 - debug - DEBUG - Unique predicted classes: 10 (first 10: [0 1 2 3 4 5 6 7 8 9])
2026-06-16 07:56:08,531 - debug - DEBUG - Unique target classes: 10 (first 10: [0 1 2 3 4 5 6 7 8 9])
2026-06-16 07:56:10,804 - debug - DEBUG - compute_metrics_and_record started for epoch 197
2026-06-16 07:56:10,805 - debug - DEBUG - all_preds length: 10000, all_targets length: 10000
2026-06-16 07:56:10,805 - debug - DEBUG - First 10 preds: [3, 8, 1, 8, 6, 6, 1, 6, 3, 1]
2026-06-16 07:56:10,805 - debug - DEBUG - First 10 targets: [3, 8, 8, 0, 6, 6, 1, 6, 3, 1]
2026-06-16 07:56:10,807 - debug - DEBUG - Unique predicted classes: 10 (first 10: [0 1 2 3 4 5 6 7 8 9])
2026-06-16 07:56:10,808 - debug - DEBUG - Unique target classes: 10 (first 10: [0 1 2 3 4 5 6 7 8 9])
2026-06-16 07:56:11,045 - debug - DEBUG - Device Check - Batch 0
2026-06-16 07:56:11,046 - debug - DEBUG -   Config GPU ID: 1
2026-06-16 07:56:11,047 - debug - DEBUG -   Input Device:  cuda:1
2026-06-16 07:56:11,047 - debug - DEBUG -   Target Device: cuda:1
2026-06-16 07:56:11,047 - debug - DEBUG -   Model Device:  cuda:1
2026-06-16 07:56:11,047 - debug - DEBUG -   Criterion Weight Device: No weights
2026-06-16 07:56:11,575 - debug - DEBUG - Batch 0 grad norm: 0.479583
2026-06-16 07:56:12,691 - debug - DEBUG - Batch 10 grad norm: 0.610256
2026-06-16 07:56:13,854 - debug - DEBUG - Batch 20 grad norm: 0.373688
2026-06-16 07:56:14,963 - debug - DEBUG - Batch 30 grad norm: 0.599395
2026-06-16 07:56:16,103 - debug - DEBUG - Batch 40 grad norm: 0.617777
2026-06-16 07:56:17,238 - debug - DEBUG - Batch 50 grad norm: 0.589772
2026-06-16 07:56:18,364 - debug - DEBUG - Batch 60 grad norm: 0.485373
2026-06-16 07:56:19,501 - debug - DEBUG - Batch 70 grad norm: 0.508481
2026-06-16 07:56:20,595 - debug - DEBUG - Batch 80 grad norm: 0.497498
2026-06-16 07:56:21,708 - debug - DEBUG - Batch 90 grad norm: 0.487016
2026-06-16 07:56:22,731 - debug - DEBUG - Batch 100 grad norm: 0.510301
2026-06-16 07:56:23,892 - debug - DEBUG - Batch 110 grad norm: 0.647106
2026-06-16 07:56:25,034 - debug - DEBUG - Batch 120 grad norm: 0.501444
2026-06-16 07:56:26,085 - debug - DEBUG - Batch 130 grad norm: 0.305673
2026-06-16 07:56:27,134 - debug - DEBUG - Batch 140 grad norm: 0.631973
2026-06-16 07:56:28,353 - debug - DEBUG - Batch 150 grad norm: 0.719414
2026-06-16 07:56:29,316 - debug - DEBUG - Batch 160 grad norm: 0.871416
2026-06-16 07:56:30,419 - debug - DEBUG - Batch 170 grad norm: 0.507962
2026-06-16 07:56:31,554 - debug - DEBUG - Batch 180 grad norm: 0.462789
2026-06-16 07:56:32,655 - debug - DEBUG - Batch 190 grad norm: 0.790135
2026-06-16 07:56:33,033 - debug - DEBUG - compute_metrics_and_record started for epoch 198
2026-06-16 07:56:33,034 - debug - DEBUG - all_preds length: 25000, all_targets length: 25000
2026-06-16 07:56:33,034 - debug - DEBUG - First 10 preds: [5, 4, 9, 1, 1, 4, 2, 8, 5, 5]
2026-06-16 07:56:33,034 - debug - DEBUG - First 10 targets: [5, 4, 9, 1, 1, 4, 2, 8, 5, 5]
2026-06-16 07:56:33,040 - debug - DEBUG - Unique predicted classes: 10 (first 10: [0 1 2 3 4 5 6 7 8 9])
2026-06-16 07:56:33,040 - debug - DEBUG - Unique target classes: 10 (first 10: [0 1 2 3 4 5 6 7 8 9])
2026-06-16 07:56:35,275 - debug - DEBUG - compute_metrics_and_record started for epoch 198
2026-06-16 07:56:35,275 - debug - DEBUG - all_preds length: 10000, all_targets length: 10000
2026-06-16 07:56:35,275 - debug - DEBUG - First 10 preds: [3, 8, 1, 8, 6, 6, 1, 6, 3, 1]
2026-06-16 07:56:35,275 - debug - DEBUG - First 10 targets: [3, 8, 8, 0, 6, 6, 1, 6, 3, 1]
2026-06-16 07:56:35,278 - debug - DEBUG - Unique predicted classes: 10 (first 10: [0 1 2 3 4 5 6 7 8 9])
2026-06-16 07:56:35,278 - debug - DEBUG - Unique target classes: 10 (first 10: [0 1 2 3 4 5 6 7 8 9])
2026-06-16 07:56:35,586 - debug - DEBUG - Device Check - Batch 0
2026-06-16 07:56:35,587 - debug - DEBUG -   Config GPU ID: 1
2026-06-16 07:56:35,587 - debug - DEBUG -   Input Device:  cuda:1
2026-06-16 07:56:35,587 - debug - DEBUG -   Target Device: cuda:1
2026-06-16 07:56:35,588 - debug - DEBUG -   Model Device:  cuda:1
2026-06-16 07:56:35,588 - debug - DEBUG -   Criterion Weight Device: No weights
2026-06-16 07:56:36,056 - debug - DEBUG - Batch 0 grad norm: 0.667814
2026-06-16 07:56:37,178 - debug - DEBUG - Batch 10 grad norm: 0.285305
2026-06-16 07:56:38,356 - debug - DEBUG - Batch 20 grad norm: 0.716305
2026-06-16 07:56:39,456 - debug - DEBUG - Batch 30 grad norm: 0.535844
2026-06-16 07:56:40,597 - debug - DEBUG - Batch 40 grad norm: 0.527416
2026-06-16 07:56:41,666 - debug - DEBUG - Batch 50 grad norm: 0.645812
2026-06-16 07:56:42,754 - debug - DEBUG - Batch 60 grad norm: 0.621661
2026-06-16 07:56:43,852 - debug - DEBUG - Batch 70 grad norm: 0.537495
2026-06-16 07:56:44,982 - debug - DEBUG - Batch 80 grad norm: 0.466328
2026-06-16 07:56:46,083 - debug - DEBUG - Batch 90 grad norm: 0.523089
2026-06-16 07:56:47,206 - debug - DEBUG - Batch 100 grad norm: 0.931759
2026-06-16 07:56:48,290 - debug - DEBUG - Batch 110 grad norm: 0.500157
2026-06-16 07:56:49,411 - debug - DEBUG - Batch 120 grad norm: 0.980801
2026-06-16 07:56:50,550 - debug - DEBUG - Batch 130 grad norm: 0.782299
2026-06-16 07:56:51,670 - debug - DEBUG - Batch 140 grad norm: 0.561941
2026-06-16 07:56:52,812 - debug - DEBUG - Batch 150 grad norm: 0.573763
2026-06-16 07:56:53,921 - debug - DEBUG - Batch 160 grad norm: 0.594870
2026-06-16 07:56:54,886 - debug - DEBUG - Batch 170 grad norm: 0.559730
2026-06-16 07:56:56,013 - debug - DEBUG - Batch 180 grad norm: 0.321017
2026-06-16 07:56:56,978 - debug - DEBUG - Batch 190 grad norm: 0.507022
2026-06-16 07:56:57,386 - debug - DEBUG - compute_metrics_and_record started for epoch 199
2026-06-16 07:56:57,386 - debug - DEBUG - all_preds length: 25000, all_targets length: 25000
2026-06-16 07:56:57,386 - debug - DEBUG - First 10 preds: [1, 8, 2, 0, 1, 9, 4, 5, 0, 3]
2026-06-16 07:56:57,386 - debug - DEBUG - First 10 targets: [1, 8, 2, 0, 1, 9, 4, 5, 0, 3]
2026-06-16 07:56:57,392 - debug - DEBUG - Unique predicted classes: 10 (first 10: [0 1 2 3 4 5 6 7 8 9])
2026-06-16 07:56:57,392 - debug - DEBUG - Unique target classes: 10 (first 10: [0 1 2 3 4 5 6 7 8 9])
2026-06-16 07:56:59,543 - debug - DEBUG - compute_metrics_and_record started for epoch 199
2026-06-16 07:56:59,544 - debug - DEBUG - all_preds length: 10000, all_targets length: 10000
2026-06-16 07:56:59,544 - debug - DEBUG - First 10 preds: [3, 8, 1, 8, 6, 6, 1, 6, 3, 1]
2026-06-16 07:56:59,544 - debug - DEBUG - First 10 targets: [3, 8, 8, 0, 6, 6, 1, 6, 3, 1]
2026-06-16 07:56:59,547 - debug - DEBUG - Unique predicted classes: 10 (first 10: [0 1 2 3 4 5 6 7 8 9])
2026-06-16 07:56:59,547 - debug - DEBUG - Unique target classes: 10 (first 10: [0 1 2 3 4 5 6 7 8 9])
