2026-06-25 17:14:14,824 - debug - DEBUG - Debug logging enabled for this run.
2026-06-25 17:14:16,864 - debug - DEBUG - train_dataset type: <class 'imbalanceddl.dataset.imbalance_cifar.IMBALANCECIFAR10'>
2026-06-25 17:14:16,865 - debug - DEBUG - val_dataset type: <class 'torchvision.datasets.cifar.CIFAR10'>
2026-06-25 17:14:16,865 - debug - DEBUG - train_dataset.targets length: 12406
2026-06-25 17:14:16,865 - debug - DEBUG - Number of train loader batches: 97
2026-06-25 17:14:17,062 - debug - DEBUG - First batch class counts: {0: 55, 1: 29, 2: 15, 3: 10, 4: 11, 5: 4, 6: 2, 8: 1, 9: 1}
2026-06-25 17:14:17,145 - debug - DEBUG - Validation loader created. Length: 100
2026-06-25 17:14:21,999 - debug - DEBUG - compute_metrics_and_record started for epoch 0
2026-06-25 17:14:22,000 - debug - DEBUG - all_preds length: 12406, all_targets length: 12406
2026-06-25 17:14:22,000 - debug - DEBUG - First 10 preds: [3, 2, 4, 3, 4, 2, 3, 4, 4, 2]
2026-06-25 17:14:22,000 - debug - DEBUG - First 10 targets: [4, 0, 0, 2, 3, 0, 0, 0, 2, 1]
2026-06-25 17:14:22,004 - debug - DEBUG - Unique predicted classes: 5 (first 10: [0 1 2 3 4])
2026-06-25 17:14:22,004 - debug - DEBUG - Unique target classes: 10 (first 10: [0 1 2 3 4 5 6 7 8 9])
2026-06-25 17:14:23,311 - debug - DEBUG - compute_metrics_and_record started for epoch 0
2026-06-25 17:14:23,311 - debug - DEBUG - all_preds length: 10000, all_targets length: 10000
2026-06-25 17:14:23,311 - debug - DEBUG - First 10 preds: [0, 0, 0, 0, 2, 2, 1, 2, 2, 1]
2026-06-25 17:14:23,311 - debug - DEBUG - First 10 targets: [3, 8, 8, 0, 6, 6, 1, 6, 3, 1]
2026-06-25 17:14:23,313 - debug - DEBUG - Unique predicted classes: 4 (first 10: [0 1 2 3])
2026-06-25 17:14:23,314 - debug - DEBUG - Unique target classes: 10 (first 10: [0 1 2 3 4 5 6 7 8 9])
2026-06-25 17:14:27,468 - debug - DEBUG - compute_metrics_and_record started for epoch 1
2026-06-25 17:14:27,469 - debug - DEBUG - all_preds length: 12406, all_targets length: 12406
2026-06-25 17:14:27,469 - debug - DEBUG - First 10 preds: [1, 0, 0, 0, 2, 0, 1, 0, 0, 1]
2026-06-25 17:14:27,469 - debug - DEBUG - First 10 targets: [1, 0, 0, 0, 2, 1, 1, 0, 0, 1]
2026-06-25 17:14:27,475 - debug - DEBUG - Unique predicted classes: 6 (first 10: [0 1 2 3 4 5])
2026-06-25 17:14:27,476 - debug - DEBUG - Unique target classes: 10 (first 10: [0 1 2 3 4 5 6 7 8 9])
2026-06-25 17:14:28,730 - debug - DEBUG - compute_metrics_and_record started for epoch 1
2026-06-25 17:14:28,730 - debug - DEBUG - all_preds length: 10000, all_targets length: 10000
2026-06-25 17:14:28,730 - debug - DEBUG - First 10 preds: [0, 1, 1, 0, 2, 3, 1, 2, 3, 1]
2026-06-25 17:14:28,730 - debug - DEBUG - First 10 targets: [3, 8, 8, 0, 6, 6, 1, 6, 3, 1]
2026-06-25 17:14:28,733 - debug - DEBUG - Unique predicted classes: 5 (first 10: [0 1 2 3 4])
2026-06-25 17:14:28,733 - debug - DEBUG - Unique target classes: 10 (first 10: [0 1 2 3 4 5 6 7 8 9])
2026-06-25 17:14:32,884 - debug - DEBUG - compute_metrics_and_record started for epoch 2
2026-06-25 17:14:32,884 - debug - DEBUG - all_preds length: 12406, all_targets length: 12406
2026-06-25 17:14:32,885 - debug - DEBUG - First 10 preds: [0, 0, 0, 2, 1, 2, 0, 3, 0, 2]
2026-06-25 17:14:32,885 - debug - DEBUG - First 10 targets: [0, 0, 0, 2, 1, 2, 0, 2, 0, 2]
2026-06-25 17:14:32,891 - debug - DEBUG - Unique predicted classes: 5 (first 10: [0 1 2 3 4])
2026-06-25 17:14:32,891 - debug - DEBUG - Unique target classes: 10 (first 10: [0 1 2 3 4 5 6 7 8 9])
2026-06-25 17:14:34,155 - debug - DEBUG - compute_metrics_and_record started for epoch 2
2026-06-25 17:14:34,155 - debug - DEBUG - all_preds length: 10000, all_targets length: 10000
2026-06-25 17:14:34,155 - debug - DEBUG - First 10 preds: [3, 1, 1, 0, 2, 3, 0, 2, 2, 1]
2026-06-25 17:14:34,155 - debug - DEBUG - First 10 targets: [3, 8, 8, 0, 6, 6, 1, 6, 3, 1]
2026-06-25 17:14:34,158 - debug - DEBUG - Unique predicted classes: 4 (first 10: [0 1 2 3])
2026-06-25 17:14:34,158 - debug - DEBUG - Unique target classes: 10 (first 10: [0 1 2 3 4 5 6 7 8 9])
2026-06-25 17:14:38,530 - debug - DEBUG - compute_metrics_and_record started for epoch 3
2026-06-25 17:14:38,531 - debug - DEBUG - all_preds length: 12406, all_targets length: 12406
2026-06-25 17:14:38,531 - debug - DEBUG - First 10 preds: [1, 0, 0, 0, 0, 0, 3, 2, 0, 0]
2026-06-25 17:14:38,531 - debug - DEBUG - First 10 targets: [1, 0, 2, 0, 2, 0, 3, 2, 0, 0]
2026-06-25 17:14:38,537 - debug - DEBUG - Unique predicted classes: 6 (first 10: [0 1 2 3 4 6])
2026-06-25 17:14:38,537 - debug - DEBUG - Unique target classes: 10 (first 10: [0 1 2 3 4 5 6 7 8 9])
2026-06-25 17:14:39,753 - debug - DEBUG - compute_metrics_and_record started for epoch 3
2026-06-25 17:14:39,753 - debug - DEBUG - all_preds length: 10000, all_targets length: 10000
2026-06-25 17:14:39,753 - debug - DEBUG - First 10 preds: [3, 0, 0, 0, 3, 3, 0, 2, 3, 1]
2026-06-25 17:14:39,753 - debug - DEBUG - First 10 targets: [3, 8, 8, 0, 6, 6, 1, 6, 3, 1]
2026-06-25 17:14:39,756 - debug - DEBUG - Unique predicted classes: 5 (first 10: [0 1 2 3 4])
2026-06-25 17:14:39,756 - debug - DEBUG - Unique target classes: 10 (first 10: [0 1 2 3 4 5 6 7 8 9])
2026-06-25 17:14:43,530 - debug - DEBUG - compute_metrics_and_record started for epoch 4
2026-06-25 17:14:43,530 - debug - DEBUG - all_preds length: 12406, all_targets length: 12406
2026-06-25 17:14:43,530 - debug - DEBUG - First 10 preds: [2, 3, 1, 1, 1, 3, 1, 2, 1, 2]
2026-06-25 17:14:43,530 - debug - DEBUG - First 10 targets: [2, 4, 1, 1, 1, 0, 1, 2, 1, 2]
2026-06-25 17:14:43,536 - debug - DEBUG - Unique predicted classes: 6 (first 10: [0 1 2 3 4 5])
2026-06-25 17:14:43,536 - debug - DEBUG - Unique target classes: 10 (first 10: [0 1 2 3 4 5 6 7 8 9])
2026-06-25 17:14:44,790 - debug - DEBUG - compute_metrics_and_record started for epoch 4
2026-06-25 17:14:44,790 - debug - DEBUG - all_preds length: 10000, all_targets length: 10000
2026-06-25 17:14:44,791 - debug - DEBUG - First 10 preds: [3, 1, 0, 0, 3, 3, 1, 2, 3, 1]
2026-06-25 17:14:44,791 - debug - DEBUG - First 10 targets: [3, 8, 8, 0, 6, 6, 1, 6, 3, 1]
2026-06-25 17:14:44,793 - debug - DEBUG - Unique predicted classes: 6 (first 10: [0 1 2 3 4 6])
2026-06-25 17:14:44,793 - debug - DEBUG - Unique target classes: 10 (first 10: [0 1 2 3 4 5 6 7 8 9])
2026-06-25 17:14:48,744 - debug - DEBUG - compute_metrics_and_record started for epoch 5
2026-06-25 17:14:48,745 - debug - DEBUG - all_preds length: 12406, all_targets length: 12406
2026-06-25 17:14:48,745 - debug - DEBUG - First 10 preds: [0, 0, 1, 0, 3, 0, 2, 1, 0, 0]
2026-06-25 17:14:48,745 - debug - DEBUG - First 10 targets: [0, 0, 1, 0, 3, 0, 0, 1, 0, 0]
2026-06-25 17:14:48,751 - debug - DEBUG - Unique predicted classes: 7 (first 10: [0 1 2 3 4 5 6])
2026-06-25 17:14:48,752 - debug - DEBUG - Unique target classes: 10 (first 10: [0 1 2 3 4 5 6 7 8 9])
2026-06-25 17:14:50,076 - debug - DEBUG - compute_metrics_and_record started for epoch 5
2026-06-25 17:14:50,077 - debug - DEBUG - all_preds length: 10000, all_targets length: 10000
2026-06-25 17:14:50,077 - debug - DEBUG - First 10 preds: [3, 1, 1, 0, 6, 2, 1, 2, 2, 1]
2026-06-25 17:14:50,077 - debug - DEBUG - First 10 targets: [3, 8, 8, 0, 6, 6, 1, 6, 3, 1]
2026-06-25 17:14:50,079 - debug - DEBUG - Unique predicted classes: 8 (first 10: [0 1 2 3 4 5 6 7])
2026-06-25 17:14:50,080 - debug - DEBUG - Unique target classes: 10 (first 10: [0 1 2 3 4 5 6 7 8 9])
2026-06-25 17:14:54,347 - debug - DEBUG - compute_metrics_and_record started for epoch 6
2026-06-25 17:14:54,348 - debug - DEBUG - all_preds length: 12406, all_targets length: 12406
2026-06-25 17:14:54,348 - debug - DEBUG - First 10 preds: [0, 0, 0, 2, 2, 2, 6, 0, 2, 0]
2026-06-25 17:14:54,348 - debug - DEBUG - First 10 targets: [0, 0, 0, 2, 2, 2, 4, 0, 3, 0]
2026-06-25 17:14:54,354 - debug - DEBUG - Unique predicted classes: 8 (first 10: [0 1 2 3 4 5 6 7])
2026-06-25 17:14:54,354 - debug - DEBUG - Unique target classes: 10 (first 10: [0 1 2 3 4 5 6 7 8 9])
2026-06-25 17:14:55,717 - debug - DEBUG - compute_metrics_and_record started for epoch 6
2026-06-25 17:14:55,718 - debug - DEBUG - all_preds length: 10000, all_targets length: 10000
2026-06-25 17:14:55,718 - debug - DEBUG - First 10 preds: [3, 0, 0, 0, 6, 3, 0, 2, 5, 1]
2026-06-25 17:14:55,718 - debug - DEBUG - First 10 targets: [3, 8, 8, 0, 6, 6, 1, 6, 3, 1]
2026-06-25 17:14:55,720 - debug - DEBUG - Unique predicted classes: 7 (first 10: [0 1 2 3 4 5 6])
2026-06-25 17:14:55,720 - debug - DEBUG - Unique target classes: 10 (first 10: [0 1 2 3 4 5 6 7 8 9])
2026-06-25 17:14:59,421 - debug - DEBUG - compute_metrics_and_record started for epoch 7
2026-06-25 17:14:59,422 - debug - DEBUG - all_preds length: 12406, all_targets length: 12406
2026-06-25 17:14:59,422 - debug - DEBUG - First 10 preds: [1, 0, 1, 3, 1, 0, 0, 2, 3, 0]
2026-06-25 17:14:59,423 - debug - DEBUG - First 10 targets: [1, 0, 1, 3, 1, 3, 0, 2, 5, 0]
2026-06-25 17:14:59,428 - debug - DEBUG - Unique predicted classes: 8 (first 10: [0 1 2 3 4 5 6 7])
2026-06-25 17:14:59,429 - debug - DEBUG - Unique target classes: 10 (first 10: [0 1 2 3 4 5 6 7 8 9])
2026-06-25 17:15:00,795 - debug - DEBUG - compute_metrics_and_record started for epoch 7
2026-06-25 17:15:00,796 - debug - DEBUG - all_preds length: 10000, all_targets length: 10000
2026-06-25 17:15:00,796 - debug - DEBUG - First 10 preds: [3, 1, 0, 0, 3, 3, 1, 2, 3, 1]
2026-06-25 17:15:00,796 - debug - DEBUG - First 10 targets: [3, 8, 8, 0, 6, 6, 1, 6, 3, 1]
2026-06-25 17:15:00,798 - debug - DEBUG - Unique predicted classes: 8 (first 10: [0 1 2 3 4 5 6 7])
2026-06-25 17:15:00,798 - debug - DEBUG - Unique target classes: 10 (first 10: [0 1 2 3 4 5 6 7 8 9])
2026-06-25 17:15:04,934 - debug - DEBUG - compute_metrics_and_record started for epoch 8
2026-06-25 17:15:04,935 - debug - DEBUG - all_preds length: 12406, all_targets length: 12406
2026-06-25 17:15:04,935 - debug - DEBUG - First 10 preds: [1, 0, 0, 1, 2, 0, 1, 1, 1, 0]
2026-06-25 17:15:04,935 - debug - DEBUG - First 10 targets: [1, 0, 0, 1, 2, 0, 1, 1, 1, 1]
2026-06-25 17:15:04,941 - debug - DEBUG - Unique predicted classes: 8 (first 10: [0 1 2 3 4 5 6 7])
2026-06-25 17:15:04,941 - debug - DEBUG - Unique target classes: 10 (first 10: [0 1 2 3 4 5 6 7 8 9])
2026-06-25 17:15:06,323 - debug - DEBUG - compute_metrics_and_record started for epoch 8
2026-06-25 17:15:06,324 - debug - DEBUG - all_preds length: 10000, all_targets length: 10000
2026-06-25 17:15:06,324 - debug - DEBUG - First 10 preds: [3, 1, 0, 0, 4, 3, 1, 2, 3, 1]
2026-06-25 17:15:06,324 - debug - DEBUG - First 10 targets: [3, 8, 8, 0, 6, 6, 1, 6, 3, 1]
2026-06-25 17:15:06,327 - debug - DEBUG - Unique predicted classes: 9 (first 10: [0 1 2 3 4 5 6 7 8])
2026-06-25 17:15:06,327 - debug - DEBUG - Unique target classes: 10 (first 10: [0 1 2 3 4 5 6 7 8 9])
2026-06-25 17:15:10,270 - debug - DEBUG - compute_metrics_and_record started for epoch 9
2026-06-25 17:15:10,270 - debug - DEBUG - all_preds length: 12406, all_targets length: 12406
2026-06-25 17:15:10,271 - debug - DEBUG - First 10 preds: [0, 0, 2, 2, 2, 3, 0, 2, 1, 2]
2026-06-25 17:15:10,271 - debug - DEBUG - First 10 targets: [0, 0, 2, 2, 2, 3, 0, 2, 1, 5]
2026-06-25 17:15:10,276 - debug - DEBUG - Unique predicted classes: 9 (first 10: [0 1 2 3 4 5 6 7 8])
2026-06-25 17:15:10,276 - debug - DEBUG - Unique target classes: 10 (first 10: [0 1 2 3 4 5 6 7 8 9])
2026-06-25 17:15:11,712 - debug - DEBUG - compute_metrics_and_record started for epoch 9
2026-06-25 17:15:11,712 - debug - DEBUG - all_preds length: 10000, all_targets length: 10000
2026-06-25 17:15:11,712 - debug - DEBUG - First 10 preds: [0, 1, 0, 0, 6, 3, 1, 2, 5, 1]
2026-06-25 17:15:11,713 - debug - DEBUG - First 10 targets: [3, 8, 8, 0, 6, 6, 1, 6, 3, 1]
2026-06-25 17:15:11,715 - debug - DEBUG - Unique predicted classes: 10 (first 10: [0 1 2 3 4 5 6 7 8 9])
2026-06-25 17:15:11,715 - debug - DEBUG - Unique target classes: 10 (first 10: [0 1 2 3 4 5 6 7 8 9])
2026-06-25 17:15:15,808 - debug - DEBUG - compute_metrics_and_record started for epoch 10
2026-06-25 17:15:15,809 - debug - DEBUG - all_preds length: 12406, all_targets length: 12406
2026-06-25 17:15:15,809 - debug - DEBUG - First 10 preds: [1, 1, 1, 0, 0, 5, 2, 0, 0, 0]
2026-06-25 17:15:15,809 - debug - DEBUG - First 10 targets: [1, 1, 1, 0, 0, 3, 2, 0, 0, 0]
2026-06-25 17:15:15,815 - debug - DEBUG - Unique predicted classes: 10 (first 10: [0 1 2 3 4 5 6 7 8 9])
2026-06-25 17:15:15,816 - debug - DEBUG - Unique target classes: 10 (first 10: [0 1 2 3 4 5 6 7 8 9])
2026-06-25 17:15:17,285 - debug - DEBUG - compute_metrics_and_record started for epoch 10
2026-06-25 17:15:17,285 - debug - DEBUG - all_preds length: 10000, all_targets length: 10000
2026-06-25 17:15:17,285 - debug - DEBUG - First 10 preds: [3, 1, 0, 0, 6, 3, 1, 2, 3, 1]
2026-06-25 17:15:17,286 - debug - DEBUG - First 10 targets: [3, 8, 8, 0, 6, 6, 1, 6, 3, 1]
2026-06-25 17:15:17,288 - debug - DEBUG - Unique predicted classes: 9 (first 10: [0 1 2 3 4 5 6 7 8])
2026-06-25 17:15:17,288 - debug - DEBUG - Unique target classes: 10 (first 10: [0 1 2 3 4 5 6 7 8 9])
2026-06-25 17:15:21,296 - debug - DEBUG - compute_metrics_and_record started for epoch 11
2026-06-25 17:15:21,297 - debug - DEBUG - all_preds length: 12406, all_targets length: 12406
2026-06-25 17:15:21,297 - debug - DEBUG - First 10 preds: [0, 3, 2, 1, 1, 1, 1, 2, 0, 3]
2026-06-25 17:15:21,297 - debug - DEBUG - First 10 targets: [0, 4, 3, 1, 1, 1, 1, 6, 0, 0]
2026-06-25 17:15:21,303 - debug - DEBUG - Unique predicted classes: 10 (first 10: [0 1 2 3 4 5 6 7 8 9])
2026-06-25 17:15:21,304 - debug - DEBUG - Unique target classes: 10 (first 10: [0 1 2 3 4 5 6 7 8 9])
2026-06-25 17:15:22,640 - debug - DEBUG - compute_metrics_and_record started for epoch 11
2026-06-25 17:15:22,640 - debug - DEBUG - all_preds length: 10000, all_targets length: 10000
2026-06-25 17:15:22,640 - debug - DEBUG - First 10 preds: [3, 1, 1, 0, 6, 3, 1, 2, 3, 1]
2026-06-25 17:15:22,640 - debug - DEBUG - First 10 targets: [3, 8, 8, 0, 6, 6, 1, 6, 3, 1]
2026-06-25 17:15:22,643 - debug - DEBUG - Unique predicted classes: 10 (first 10: [0 1 2 3 4 5 6 7 8 9])
2026-06-25 17:15:22,643 - debug - DEBUG - Unique target classes: 10 (first 10: [0 1 2 3 4 5 6 7 8 9])
2026-06-25 17:15:26,564 - debug - DEBUG - compute_metrics_and_record started for epoch 12
2026-06-25 17:15:26,564 - debug - DEBUG - all_preds length: 12406, all_targets length: 12406
2026-06-25 17:15:26,565 - debug - DEBUG - First 10 preds: [2, 0, 3, 1, 1, 1, 0, 0, 0, 0]
2026-06-25 17:15:26,565 - debug - DEBUG - First 10 targets: [2, 3, 0, 1, 1, 1, 0, 0, 0, 0]
2026-06-25 17:15:26,570 - debug - DEBUG - Unique predicted classes: 10 (first 10: [0 1 2 3 4 5 6 7 8 9])
2026-06-25 17:15:26,570 - debug - DEBUG - Unique target classes: 10 (first 10: [0 1 2 3 4 5 6 7 8 9])
2026-06-25 17:15:27,972 - debug - DEBUG - compute_metrics_and_record started for epoch 12
2026-06-25 17:15:27,972 - debug - DEBUG - all_preds length: 10000, all_targets length: 10000
2026-06-25 17:15:27,972 - debug - DEBUG - First 10 preds: [3, 1, 0, 0, 6, 3, 1, 4, 3, 1]
2026-06-25 17:15:27,973 - debug - DEBUG - First 10 targets: [3, 8, 8, 0, 6, 6, 1, 6, 3, 1]
2026-06-25 17:15:27,975 - debug - DEBUG - Unique predicted classes: 10 (first 10: [0 1 2 3 4 5 6 7 8 9])
2026-06-25 17:15:27,975 - debug - DEBUG - Unique target classes: 10 (first 10: [0 1 2 3 4 5 6 7 8 9])
2026-06-25 17:15:32,151 - debug - DEBUG - compute_metrics_and_record started for epoch 13
2026-06-25 17:15:32,152 - debug - DEBUG - all_preds length: 12406, all_targets length: 12406
2026-06-25 17:15:32,152 - debug - DEBUG - First 10 preds: [1, 3, 0, 2, 1, 2, 0, 2, 1, 0]
2026-06-25 17:15:32,152 - debug - DEBUG - First 10 targets: [1, 4, 0, 5, 1, 2, 0, 2, 0, 0]
2026-06-25 17:15:32,158 - debug - DEBUG - Unique predicted classes: 9 (first 10: [0 1 2 3 4 5 6 7 8])
2026-06-25 17:15:32,158 - debug - DEBUG - Unique target classes: 10 (first 10: [0 1 2 3 4 5 6 7 8 9])
2026-06-25 17:15:33,690 - debug - DEBUG - compute_metrics_and_record started for epoch 13
2026-06-25 17:15:33,691 - debug - DEBUG - all_preds length: 10000, all_targets length: 10000
2026-06-25 17:15:33,691 - debug - DEBUG - First 10 preds: [3, 8, 8, 0, 6, 3, 1, 4, 3, 1]
2026-06-25 17:15:33,691 - debug - DEBUG - First 10 targets: [3, 8, 8, 0, 6, 6, 1, 6, 3, 1]
2026-06-25 17:15:33,693 - debug - DEBUG - Unique predicted classes: 10 (first 10: [0 1 2 3 4 5 6 7 8 9])
2026-06-25 17:15:33,694 - debug - DEBUG - Unique target classes: 10 (first 10: [0 1 2 3 4 5 6 7 8 9])
2026-06-25 17:15:37,664 - debug - DEBUG - compute_metrics_and_record started for epoch 14
2026-06-25 17:15:37,664 - debug - DEBUG - all_preds length: 12406, all_targets length: 12406
2026-06-25 17:15:37,664 - debug - DEBUG - First 10 preds: [0, 1, 2, 2, 1, 1, 3, 0, 1, 3]
2026-06-25 17:15:37,664 - debug - DEBUG - First 10 targets: [0, 1, 2, 2, 1, 1, 2, 0, 1, 3]
2026-06-25 17:15:37,668 - debug - DEBUG - Unique predicted classes: 10 (first 10: [0 1 2 3 4 5 6 7 8 9])
2026-06-25 17:15:37,669 - debug - DEBUG - Unique target classes: 10 (first 10: [0 1 2 3 4 5 6 7 8 9])
2026-06-25 17:15:39,118 - debug - DEBUG - compute_metrics_and_record started for epoch 14
2026-06-25 17:15:39,119 - debug - DEBUG - all_preds length: 10000, all_targets length: 10000
2026-06-25 17:15:39,119 - debug - DEBUG - First 10 preds: [1, 1, 1, 0, 6, 1, 1, 2, 3, 1]
2026-06-25 17:15:39,119 - debug - DEBUG - First 10 targets: [3, 8, 8, 0, 6, 6, 1, 6, 3, 1]
2026-06-25 17:15:39,121 - debug - DEBUG - Unique predicted classes: 10 (first 10: [0 1 2 3 4 5 6 7 8 9])
2026-06-25 17:15:39,122 - debug - DEBUG - Unique target classes: 10 (first 10: [0 1 2 3 4 5 6 7 8 9])
2026-06-25 17:15:43,433 - debug - DEBUG - compute_metrics_and_record started for epoch 15
2026-06-25 17:15:43,433 - debug - DEBUG - all_preds length: 12406, all_targets length: 12406
2026-06-25 17:15:43,434 - debug - DEBUG - First 10 preds: [3, 0, 0, 0, 1, 1, 3, 1, 5, 0]
2026-06-25 17:15:43,434 - debug - DEBUG - First 10 targets: [3, 0, 0, 0, 1, 1, 3, 1, 5, 0]
2026-06-25 17:15:43,440 - debug - DEBUG - Unique predicted classes: 10 (first 10: [0 1 2 3 4 5 6 7 8 9])
2026-06-25 17:15:43,440 - debug - DEBUG - Unique target classes: 10 (first 10: [0 1 2 3 4 5 6 7 8 9])
2026-06-25 17:15:44,754 - debug - DEBUG - compute_metrics_and_record started for epoch 15
2026-06-25 17:15:44,755 - debug - DEBUG - all_preds length: 10000, all_targets length: 10000
2026-06-25 17:15:44,755 - debug - DEBUG - First 10 preds: [3, 8, 0, 0, 6, 3, 1, 2, 3, 1]
2026-06-25 17:15:44,755 - debug - DEBUG - First 10 targets: [3, 8, 8, 0, 6, 6, 1, 6, 3, 1]
2026-06-25 17:15:44,757 - debug - DEBUG - Unique predicted classes: 10 (first 10: [0 1 2 3 4 5 6 7 8 9])
2026-06-25 17:15:44,757 - debug - DEBUG - Unique target classes: 10 (first 10: [0 1 2 3 4 5 6 7 8 9])
2026-06-25 17:15:49,167 - debug - DEBUG - compute_metrics_and_record started for epoch 16
2026-06-25 17:15:49,168 - debug - DEBUG - all_preds length: 12406, all_targets length: 12406
2026-06-25 17:15:49,169 - debug - DEBUG - First 10 preds: [0, 1, 1, 0, 1, 0, 1, 0, 0, 2]
2026-06-25 17:15:49,169 - debug - DEBUG - First 10 targets: [0, 1, 1, 0, 1, 0, 1, 0, 2, 2]
2026-06-25 17:15:49,175 - debug - DEBUG - Unique predicted classes: 10 (first 10: [0 1 2 3 4 5 6 7 8 9])
2026-06-25 17:15:49,175 - debug - DEBUG - Unique target classes: 10 (first 10: [0 1 2 3 4 5 6 7 8 9])
2026-06-25 17:15:50,562 - debug - DEBUG - compute_metrics_and_record started for epoch 16
2026-06-25 17:15:50,563 - debug - DEBUG - all_preds length: 10000, all_targets length: 10000
2026-06-25 17:15:50,563 - debug - DEBUG - First 10 preds: [3, 1, 0, 0, 6, 3, 1, 4, 3, 1]
2026-06-25 17:15:50,563 - debug - DEBUG - First 10 targets: [3, 8, 8, 0, 6, 6, 1, 6, 3, 1]
2026-06-25 17:15:50,565 - debug - DEBUG - Unique predicted classes: 10 (first 10: [0 1 2 3 4 5 6 7 8 9])
2026-06-25 17:15:50,565 - debug - DEBUG - Unique target classes: 10 (first 10: [0 1 2 3 4 5 6 7 8 9])
2026-06-25 17:15:54,795 - debug - DEBUG - compute_metrics_and_record started for epoch 17
2026-06-25 17:15:54,796 - debug - DEBUG - all_preds length: 12406, all_targets length: 12406
2026-06-25 17:15:54,796 - debug - DEBUG - First 10 preds: [0, 0, 4, 2, 4, 1, 1, 7, 3, 2]
2026-06-25 17:15:54,796 - debug - DEBUG - First 10 targets: [0, 0, 4, 2, 4, 1, 1, 4, 3, 2]
2026-06-25 17:15:54,802 - debug - DEBUG - Unique predicted classes: 10 (first 10: [0 1 2 3 4 5 6 7 8 9])
2026-06-25 17:15:54,803 - debug - DEBUG - Unique target classes: 10 (first 10: [0 1 2 3 4 5 6 7 8 9])
2026-06-25 17:15:56,085 - debug - DEBUG - compute_metrics_and_record started for epoch 17
2026-06-25 17:15:56,085 - debug - DEBUG - all_preds length: 10000, all_targets length: 10000
2026-06-25 17:15:56,085 - debug - DEBUG - First 10 preds: [3, 0, 0, 0, 1, 6, 1, 2, 3, 1]
2026-06-25 17:15:56,085 - debug - DEBUG - First 10 targets: [3, 8, 8, 0, 6, 6, 1, 6, 3, 1]
2026-06-25 17:15:56,088 - debug - DEBUG - Unique predicted classes: 10 (first 10: [0 1 2 3 4 5 6 7 8 9])
2026-06-25 17:15:56,088 - debug - DEBUG - Unique target classes: 10 (first 10: [0 1 2 3 4 5 6 7 8 9])
2026-06-25 17:16:00,409 - debug - DEBUG - compute_metrics_and_record started for epoch 18
2026-06-25 17:16:00,409 - debug - DEBUG - all_preds length: 12406, all_targets length: 12406
2026-06-25 17:16:00,410 - debug - DEBUG - First 10 preds: [0, 0, 4, 0, 1, 3, 0, 0, 1, 2]
2026-06-25 17:16:00,410 - debug - DEBUG - First 10 targets: [0, 0, 4, 0, 1, 3, 0, 0, 1, 2]
2026-06-25 17:16:00,416 - debug - DEBUG - Unique predicted classes: 10 (first 10: [0 1 2 3 4 5 6 7 8 9])
2026-06-25 17:16:00,416 - debug - DEBUG - Unique target classes: 10 (first 10: [0 1 2 3 4 5 6 7 8 9])
2026-06-25 17:16:01,701 - debug - DEBUG - compute_metrics_and_record started for epoch 18
2026-06-25 17:16:01,702 - debug - DEBUG - all_preds length: 10000, all_targets length: 10000
2026-06-25 17:16:01,702 - debug - DEBUG - First 10 preds: [0, 1, 1, 0, 6, 3, 1, 2, 3, 1]
2026-06-25 17:16:01,702 - debug - DEBUG - First 10 targets: [3, 8, 8, 0, 6, 6, 1, 6, 3, 1]
2026-06-25 17:16:01,704 - debug - DEBUG - Unique predicted classes: 10 (first 10: [0 1 2 3 4 5 6 7 8 9])
2026-06-25 17:16:01,704 - debug - DEBUG - Unique target classes: 10 (first 10: [0 1 2 3 4 5 6 7 8 9])
2026-06-25 17:16:05,952 - debug - DEBUG - compute_metrics_and_record started for epoch 19
2026-06-25 17:16:05,953 - debug - DEBUG - all_preds length: 12406, all_targets length: 12406
2026-06-25 17:16:05,953 - debug - DEBUG - First 10 preds: [0, 0, 0, 0, 1, 1, 2, 1, 6, 0]
2026-06-25 17:16:05,953 - debug - DEBUG - First 10 targets: [1, 4, 0, 0, 1, 1, 2, 1, 6, 0]
2026-06-25 17:16:05,959 - debug - DEBUG - Unique predicted classes: 10 (first 10: [0 1 2 3 4 5 6 7 8 9])
2026-06-25 17:16:05,960 - debug - DEBUG - Unique target classes: 10 (first 10: [0 1 2 3 4 5 6 7 8 9])
2026-06-25 17:16:07,332 - debug - DEBUG - compute_metrics_and_record started for epoch 19
2026-06-25 17:16:07,333 - debug - DEBUG - all_preds length: 10000, all_targets length: 10000
2026-06-25 17:16:07,333 - debug - DEBUG - First 10 preds: [0, 1, 0, 0, 6, 3, 1, 2, 3, 1]
2026-06-25 17:16:07,333 - debug - DEBUG - First 10 targets: [3, 8, 8, 0, 6, 6, 1, 6, 3, 1]
2026-06-25 17:16:07,335 - debug - DEBUG - Unique predicted classes: 10 (first 10: [0 1 2 3 4 5 6 7 8 9])
2026-06-25 17:16:07,336 - debug - DEBUG - Unique target classes: 10 (first 10: [0 1 2 3 4 5 6 7 8 9])
2026-06-25 17:16:11,561 - debug - DEBUG - compute_metrics_and_record started for epoch 20
2026-06-25 17:16:11,562 - debug - DEBUG - all_preds length: 12406, all_targets length: 12406
2026-06-25 17:16:11,562 - debug - DEBUG - First 10 preds: [0, 0, 1, 0, 4, 1, 0, 0, 1, 1]
2026-06-25 17:16:11,562 - debug - DEBUG - First 10 targets: [0, 0, 1, 0, 4, 1, 0, 0, 1, 1]
2026-06-25 17:16:11,568 - debug - DEBUG - Unique predicted classes: 10 (first 10: [0 1 2 3 4 5 6 7 8 9])
2026-06-25 17:16:11,568 - debug - DEBUG - Unique target classes: 10 (first 10: [0 1 2 3 4 5 6 7 8 9])
2026-06-25 17:16:12,964 - debug - DEBUG - compute_metrics_and_record started for epoch 20
2026-06-25 17:16:12,965 - debug - DEBUG - all_preds length: 10000, all_targets length: 10000
2026-06-25 17:16:12,965 - debug - DEBUG - First 10 preds: [3, 1, 8, 0, 6, 3, 1, 2, 3, 1]
2026-06-25 17:16:12,965 - debug - DEBUG - First 10 targets: [3, 8, 8, 0, 6, 6, 1, 6, 3, 1]
2026-06-25 17:16:12,967 - debug - DEBUG - Unique predicted classes: 10 (first 10: [0 1 2 3 4 5 6 7 8 9])
2026-06-25 17:16:12,967 - debug - DEBUG - Unique target classes: 10 (first 10: [0 1 2 3 4 5 6 7 8 9])
2026-06-25 17:16:17,252 - debug - DEBUG - compute_metrics_and_record started for epoch 21
2026-06-25 17:16:17,252 - debug - DEBUG - all_preds length: 12406, all_targets length: 12406
2026-06-25 17:16:17,253 - debug - DEBUG - First 10 preds: [3, 1, 0, 0, 0, 1, 1, 7, 0, 4]
2026-06-25 17:16:17,253 - debug - DEBUG - First 10 targets: [3, 1, 0, 0, 0, 1, 1, 7, 0, 4]
2026-06-25 17:16:17,258 - debug - DEBUG - Unique predicted classes: 10 (first 10: [0 1 2 3 4 5 6 7 8 9])
2026-06-25 17:16:17,258 - debug - DEBUG - Unique target classes: 10 (first 10: [0 1 2 3 4 5 6 7 8 9])
2026-06-25 17:16:18,657 - debug - DEBUG - compute_metrics_and_record started for epoch 21
2026-06-25 17:16:18,657 - debug - DEBUG - all_preds length: 10000, all_targets length: 10000
2026-06-25 17:16:18,657 - debug - DEBUG - First 10 preds: [3, 1, 1, 0, 6, 4, 1, 2, 3, 1]
2026-06-25 17:16:18,657 - debug - DEBUG - First 10 targets: [3, 8, 8, 0, 6, 6, 1, 6, 3, 1]
2026-06-25 17:16:18,660 - debug - DEBUG - Unique predicted classes: 10 (first 10: [0 1 2 3 4 5 6 7 8 9])
2026-06-25 17:16:18,660 - debug - DEBUG - Unique target classes: 10 (first 10: [0 1 2 3 4 5 6 7 8 9])
2026-06-25 17:16:22,892 - debug - DEBUG - compute_metrics_and_record started for epoch 22
2026-06-25 17:16:22,892 - debug - DEBUG - all_preds length: 12406, all_targets length: 12406
2026-06-25 17:16:22,893 - debug - DEBUG - First 10 preds: [0, 2, 0, 3, 1, 3, 2, 0, 0, 0]
2026-06-25 17:16:22,893 - debug - DEBUG - First 10 targets: [0, 2, 0, 5, 1, 4, 2, 0, 0, 0]
2026-06-25 17:16:22,897 - debug - DEBUG - Unique predicted classes: 10 (first 10: [0 1 2 3 4 5 6 7 8 9])
2026-06-25 17:16:22,898 - debug - DEBUG - Unique target classes: 10 (first 10: [0 1 2 3 4 5 6 7 8 9])
2026-06-25 17:16:24,287 - debug - DEBUG - compute_metrics_and_record started for epoch 22
2026-06-25 17:16:24,287 - debug - DEBUG - all_preds length: 10000, all_targets length: 10000
2026-06-25 17:16:24,287 - debug - DEBUG - First 10 preds: [3, 1, 1, 0, 6, 1, 1, 4, 3, 1]
2026-06-25 17:16:24,287 - debug - DEBUG - First 10 targets: [3, 8, 8, 0, 6, 6, 1, 6, 3, 1]
2026-06-25 17:16:24,290 - debug - DEBUG - Unique predicted classes: 10 (first 10: [0 1 2 3 4 5 6 7 8 9])
2026-06-25 17:16:24,290 - debug - DEBUG - Unique target classes: 10 (first 10: [0 1 2 3 4 5 6 7 8 9])
2026-06-25 17:16:28,458 - debug - DEBUG - compute_metrics_and_record started for epoch 23
2026-06-25 17:16:28,459 - debug - DEBUG - all_preds length: 12406, all_targets length: 12406
2026-06-25 17:16:28,459 - debug - DEBUG - First 10 preds: [1, 2, 1, 0, 0, 2, 0, 2, 1, 0]
2026-06-25 17:16:28,459 - debug - DEBUG - First 10 targets: [1, 2, 1, 0, 0, 2, 0, 5, 8, 0]
2026-06-25 17:16:28,465 - debug - DEBUG - Unique predicted classes: 10 (first 10: [0 1 2 3 4 5 6 7 8 9])
2026-06-25 17:16:28,466 - debug - DEBUG - Unique target classes: 10 (first 10: [0 1 2 3 4 5 6 7 8 9])
2026-06-25 17:16:29,923 - debug - DEBUG - compute_metrics_and_record started for epoch 23
2026-06-25 17:16:29,923 - debug - DEBUG - all_preds length: 10000, all_targets length: 10000
2026-06-25 17:16:29,923 - debug - DEBUG - First 10 preds: [3, 1, 1, 0, 6, 6, 1, 2, 3, 1]
2026-06-25 17:16:29,923 - debug - DEBUG - First 10 targets: [3, 8, 8, 0, 6, 6, 1, 6, 3, 1]
2026-06-25 17:16:29,925 - debug - DEBUG - Unique predicted classes: 10 (first 10: [0 1 2 3 4 5 6 7 8 9])
2026-06-25 17:16:29,926 - debug - DEBUG - Unique target classes: 10 (first 10: [0 1 2 3 4 5 6 7 8 9])
2026-06-25 17:16:33,982 - debug - DEBUG - compute_metrics_and_record started for epoch 24
2026-06-25 17:16:33,982 - debug - DEBUG - all_preds length: 12406, all_targets length: 12406
2026-06-25 17:16:33,982 - debug - DEBUG - First 10 preds: [0, 0, 1, 0, 1, 1, 0, 0, 5, 1]
2026-06-25 17:16:33,982 - debug - DEBUG - First 10 targets: [0, 0, 1, 0, 1, 1, 2, 0, 5, 1]
2026-06-25 17:16:33,988 - debug - DEBUG - Unique predicted classes: 10 (first 10: [0 1 2 3 4 5 6 7 8 9])
2026-06-25 17:16:33,988 - debug - DEBUG - Unique target classes: 10 (first 10: [0 1 2 3 4 5 6 7 8 9])
2026-06-25 17:16:35,362 - debug - DEBUG - compute_metrics_and_record started for epoch 24
2026-06-25 17:16:35,363 - debug - DEBUG - all_preds length: 10000, all_targets length: 10000
2026-06-25 17:16:35,363 - debug - DEBUG - First 10 preds: [3, 1, 1, 0, 6, 4, 1, 2, 4, 1]
2026-06-25 17:16:35,363 - debug - DEBUG - First 10 targets: [3, 8, 8, 0, 6, 6, 1, 6, 3, 1]
2026-06-25 17:16:35,367 - debug - DEBUG - Unique predicted classes: 10 (first 10: [0 1 2 3 4 5 6 7 8 9])
2026-06-25 17:16:35,367 - debug - DEBUG - Unique target classes: 10 (first 10: [0 1 2 3 4 5 6 7 8 9])
2026-06-25 17:16:39,692 - debug - DEBUG - compute_metrics_and_record started for epoch 25
2026-06-25 17:16:39,692 - debug - DEBUG - all_preds length: 12406, all_targets length: 12406
2026-06-25 17:16:39,692 - debug - DEBUG - First 10 preds: [1, 1, 0, 4, 0, 4, 0, 3, 0, 0]
2026-06-25 17:16:39,693 - debug - DEBUG - First 10 targets: [1, 1, 0, 3, 0, 4, 0, 3, 0, 0]
2026-06-25 17:16:39,699 - debug - DEBUG - Unique predicted classes: 10 (first 10: [0 1 2 3 4 5 6 7 8 9])
2026-06-25 17:16:39,699 - debug - DEBUG - Unique target classes: 10 (first 10: [0 1 2 3 4 5 6 7 8 9])
2026-06-25 17:16:41,119 - debug - DEBUG - compute_metrics_and_record started for epoch 25
2026-06-25 17:16:41,119 - debug - DEBUG - all_preds length: 10000, all_targets length: 10000
2026-06-25 17:16:41,119 - debug - DEBUG - First 10 preds: [3, 1, 1, 0, 6, 6, 1, 2, 3, 1]
2026-06-25 17:16:41,119 - debug - DEBUG - First 10 targets: [3, 8, 8, 0, 6, 6, 1, 6, 3, 1]
2026-06-25 17:16:41,121 - debug - DEBUG - Unique predicted classes: 10 (first 10: [0 1 2 3 4 5 6 7 8 9])
2026-06-25 17:16:41,122 - debug - DEBUG - Unique target classes: 10 (first 10: [0 1 2 3 4 5 6 7 8 9])
2026-06-25 17:16:45,286 - debug - DEBUG - compute_metrics_and_record started for epoch 26
2026-06-25 17:16:45,287 - debug - DEBUG - all_preds length: 12406, all_targets length: 12406
2026-06-25 17:16:45,287 - debug - DEBUG - First 10 preds: [4, 0, 0, 1, 1, 0, 1, 2, 3, 2]
2026-06-25 17:16:45,287 - debug - DEBUG - First 10 targets: [4, 0, 0, 1, 1, 0, 1, 2, 3, 2]
2026-06-25 17:16:45,292 - debug - DEBUG - Unique predicted classes: 10 (first 10: [0 1 2 3 4 5 6 7 8 9])
2026-06-25 17:16:45,293 - debug - DEBUG - Unique target classes: 10 (first 10: [0 1 2 3 4 5 6 7 8 9])
2026-06-25 17:16:46,680 - debug - DEBUG - compute_metrics_and_record started for epoch 26
2026-06-25 17:16:46,681 - debug - DEBUG - all_preds length: 10000, all_targets length: 10000
2026-06-25 17:16:46,681 - debug - DEBUG - First 10 preds: [6, 1, 1, 0, 6, 6, 1, 4, 3, 1]
2026-06-25 17:16:46,681 - debug - DEBUG - First 10 targets: [3, 8, 8, 0, 6, 6, 1, 6, 3, 1]
2026-06-25 17:16:46,683 - debug - DEBUG - Unique predicted classes: 10 (first 10: [0 1 2 3 4 5 6 7 8 9])
2026-06-25 17:16:46,684 - debug - DEBUG - Unique target classes: 10 (first 10: [0 1 2 3 4 5 6 7 8 9])
2026-06-25 17:16:50,907 - debug - DEBUG - compute_metrics_and_record started for epoch 27
2026-06-25 17:16:50,908 - debug - DEBUG - all_preds length: 12406, all_targets length: 12406
2026-06-25 17:16:50,908 - debug - DEBUG - First 10 preds: [0, 1, 0, 0, 2, 0, 1, 2, 0, 1]
2026-06-25 17:16:50,908 - debug - DEBUG - First 10 targets: [0, 1, 0, 0, 2, 0, 1, 2, 0, 1]
2026-06-25 17:16:50,914 - debug - DEBUG - Unique predicted classes: 10 (first 10: [0 1 2 3 4 5 6 7 8 9])
2026-06-25 17:16:50,914 - debug - DEBUG - Unique target classes: 10 (first 10: [0 1 2 3 4 5 6 7 8 9])
2026-06-25 17:16:52,223 - debug - DEBUG - compute_metrics_and_record started for epoch 27
2026-06-25 17:16:52,223 - debug - DEBUG - all_preds length: 10000, all_targets length: 10000
2026-06-25 17:16:52,223 - debug - DEBUG - First 10 preds: [0, 8, 8, 0, 6, 6, 1, 2, 3, 1]
2026-06-25 17:16:52,223 - debug - DEBUG - First 10 targets: [3, 8, 8, 0, 6, 6, 1, 6, 3, 1]
2026-06-25 17:16:52,225 - debug - DEBUG - Unique predicted classes: 10 (first 10: [0 1 2 3 4 5 6 7 8 9])
2026-06-25 17:16:52,226 - debug - DEBUG - Unique target classes: 10 (first 10: [0 1 2 3 4 5 6 7 8 9])
2026-06-25 17:16:56,349 - debug - DEBUG - compute_metrics_and_record started for epoch 28
2026-06-25 17:16:56,349 - debug - DEBUG - all_preds length: 12406, all_targets length: 12406
2026-06-25 17:16:56,349 - debug - DEBUG - First 10 preds: [1, 4, 7, 2, 1, 0, 8, 0, 0, 1]
2026-06-25 17:16:56,350 - debug - DEBUG - First 10 targets: [1, 4, 7, 2, 1, 0, 8, 0, 0, 1]
2026-06-25 17:16:56,355 - debug - DEBUG - Unique predicted classes: 10 (first 10: [0 1 2 3 4 5 6 7 8 9])
2026-06-25 17:16:56,355 - debug - DEBUG - Unique target classes: 10 (first 10: [0 1 2 3 4 5 6 7 8 9])
2026-06-25 17:16:57,675 - debug - DEBUG - compute_metrics_and_record started for epoch 28
2026-06-25 17:16:57,675 - debug - DEBUG - all_preds length: 10000, all_targets length: 10000
2026-06-25 17:16:57,675 - debug - DEBUG - First 10 preds: [0, 1, 0, 0, 6, 2, 1, 2, 3, 1]
2026-06-25 17:16:57,675 - debug - DEBUG - First 10 targets: [3, 8, 8, 0, 6, 6, 1, 6, 3, 1]
2026-06-25 17:16:57,678 - debug - DEBUG - Unique predicted classes: 10 (first 10: [0 1 2 3 4 5 6 7 8 9])
2026-06-25 17:16:57,678 - debug - DEBUG - Unique target classes: 10 (first 10: [0 1 2 3 4 5 6 7 8 9])
2026-06-25 17:17:01,832 - debug - DEBUG - compute_metrics_and_record started for epoch 29
2026-06-25 17:17:01,832 - debug - DEBUG - all_preds length: 12406, all_targets length: 12406
2026-06-25 17:17:01,832 - debug - DEBUG - First 10 preds: [2, 0, 0, 1, 6, 2, 1, 1, 0, 2]
2026-06-25 17:17:01,833 - debug - DEBUG - First 10 targets: [2, 0, 0, 1, 3, 2, 1, 1, 0, 2]
2026-06-25 17:17:01,839 - debug - DEBUG - Unique predicted classes: 10 (first 10: [0 1 2 3 4 5 6 7 8 9])
2026-06-25 17:17:01,839 - debug - DEBUG - Unique target classes: 10 (first 10: [0 1 2 3 4 5 6 7 8 9])
2026-06-25 17:17:03,136 - debug - DEBUG - compute_metrics_and_record started for epoch 29
2026-06-25 17:17:03,137 - debug - DEBUG - all_preds length: 10000, all_targets length: 10000
2026-06-25 17:17:03,137 - debug - DEBUG - First 10 preds: [0, 1, 0, 0, 6, 6, 1, 2, 3, 1]
2026-06-25 17:17:03,137 - debug - DEBUG - First 10 targets: [3, 8, 8, 0, 6, 6, 1, 6, 3, 1]
2026-06-25 17:17:03,139 - debug - DEBUG - Unique predicted classes: 10 (first 10: [0 1 2 3 4 5 6 7 8 9])
2026-06-25 17:17:03,139 - debug - DEBUG - Unique target classes: 10 (first 10: [0 1 2 3 4 5 6 7 8 9])
2026-06-25 17:17:07,480 - debug - DEBUG - compute_metrics_and_record started for epoch 30
2026-06-25 17:17:07,481 - debug - DEBUG - all_preds length: 12406, all_targets length: 12406
2026-06-25 17:17:07,481 - debug - DEBUG - First 10 preds: [3, 2, 1, 1, 6, 0, 3, 0, 0, 1]
2026-06-25 17:17:07,482 - debug - DEBUG - First 10 targets: [3, 3, 1, 1, 6, 0, 3, 0, 3, 1]
2026-06-25 17:17:07,488 - debug - DEBUG - Unique predicted classes: 10 (first 10: [0 1 2 3 4 5 6 7 8 9])
2026-06-25 17:17:07,488 - debug - DEBUG - Unique target classes: 10 (first 10: [0 1 2 3 4 5 6 7 8 9])
2026-06-25 17:17:08,859 - debug - DEBUG - compute_metrics_and_record started for epoch 30
2026-06-25 17:17:08,859 - debug - DEBUG - all_preds length: 10000, all_targets length: 10000
2026-06-25 17:17:08,859 - debug - DEBUG - First 10 preds: [3, 1, 1, 0, 6, 6, 1, 2, 3, 1]
2026-06-25 17:17:08,859 - debug - DEBUG - First 10 targets: [3, 8, 8, 0, 6, 6, 1, 6, 3, 1]
2026-06-25 17:17:08,862 - debug - DEBUG - Unique predicted classes: 10 (first 10: [0 1 2 3 4 5 6 7 8 9])
2026-06-25 17:17:08,862 - debug - DEBUG - Unique target classes: 10 (first 10: [0 1 2 3 4 5 6 7 8 9])
2026-06-25 17:17:13,039 - debug - DEBUG - compute_metrics_and_record started for epoch 31
2026-06-25 17:17:13,039 - debug - DEBUG - all_preds length: 12406, all_targets length: 12406
2026-06-25 17:17:13,040 - debug - DEBUG - First 10 preds: [3, 2, 1, 3, 0, 1, 0, 0, 2, 1]
2026-06-25 17:17:13,040 - debug - DEBUG - First 10 targets: [3, 2, 1, 3, 8, 1, 0, 0, 2, 1]
2026-06-25 17:17:13,046 - debug - DEBUG - Unique predicted classes: 10 (first 10: [0 1 2 3 4 5 6 7 8 9])
2026-06-25 17:17:13,046 - debug - DEBUG - Unique target classes: 10 (first 10: [0 1 2 3 4 5 6 7 8 9])
2026-06-25 17:17:14,353 - debug - DEBUG - compute_metrics_and_record started for epoch 31
2026-06-25 17:17:14,353 - debug - DEBUG - all_preds length: 10000, all_targets length: 10000
2026-06-25 17:17:14,353 - debug - DEBUG - First 10 preds: [3, 1, 1, 0, 6, 9, 1, 2, 3, 1]
2026-06-25 17:17:14,354 - debug - DEBUG - First 10 targets: [3, 8, 8, 0, 6, 6, 1, 6, 3, 1]
2026-06-25 17:17:14,356 - debug - DEBUG - Unique predicted classes: 10 (first 10: [0 1 2 3 4 5 6 7 8 9])
2026-06-25 17:17:14,356 - debug - DEBUG - Unique target classes: 10 (first 10: [0 1 2 3 4 5 6 7 8 9])
2026-06-25 17:17:18,336 - debug - DEBUG - compute_metrics_and_record started for epoch 32
2026-06-25 17:17:18,336 - debug - DEBUG - all_preds length: 12406, all_targets length: 12406
2026-06-25 17:17:18,336 - debug - DEBUG - First 10 preds: [1, 0, 2, 0, 6, 6, 3, 0, 0, 1]
2026-06-25 17:17:18,336 - debug - DEBUG - First 10 targets: [1, 0, 2, 0, 6, 6, 3, 0, 0, 1]
2026-06-25 17:17:18,339 - debug - DEBUG - Unique predicted classes: 10 (first 10: [0 1 2 3 4 5 6 7 8 9])
2026-06-25 17:17:18,339 - debug - DEBUG - Unique target classes: 10 (first 10: [0 1 2 3 4 5 6 7 8 9])
2026-06-25 17:17:19,587 - debug - DEBUG - compute_metrics_and_record started for epoch 32
2026-06-25 17:17:19,587 - debug - DEBUG - all_preds length: 10000, all_targets length: 10000
2026-06-25 17:17:19,587 - debug - DEBUG - First 10 preds: [3, 1, 1, 0, 3, 3, 1, 2, 5, 1]
2026-06-25 17:17:19,587 - debug - DEBUG - First 10 targets: [3, 8, 8, 0, 6, 6, 1, 6, 3, 1]
2026-06-25 17:17:19,589 - debug - DEBUG - Unique predicted classes: 10 (first 10: [0 1 2 3 4 5 6 7 8 9])
2026-06-25 17:17:19,589 - debug - DEBUG - Unique target classes: 10 (first 10: [0 1 2 3 4 5 6 7 8 9])
2026-06-25 17:17:23,815 - debug - DEBUG - compute_metrics_and_record started for epoch 33
2026-06-25 17:17:23,816 - debug - DEBUG - all_preds length: 12406, all_targets length: 12406
2026-06-25 17:17:23,816 - debug - DEBUG - First 10 preds: [1, 4, 0, 1, 2, 5, 1, 0, 3, 3]
2026-06-25 17:17:23,816 - debug - DEBUG - First 10 targets: [1, 2, 0, 1, 2, 4, 1, 0, 3, 3]
2026-06-25 17:17:23,820 - debug - DEBUG - Unique predicted classes: 10 (first 10: [0 1 2 3 4 5 6 7 8 9])
2026-06-25 17:17:23,820 - debug - DEBUG - Unique target classes: 10 (first 10: [0 1 2 3 4 5 6 7 8 9])
2026-06-25 17:17:25,142 - debug - DEBUG - compute_metrics_and_record started for epoch 33
2026-06-25 17:17:25,142 - debug - DEBUG - all_preds length: 10000, all_targets length: 10000
2026-06-25 17:17:25,143 - debug - DEBUG - First 10 preds: [3, 1, 1, 0, 6, 6, 1, 2, 3, 1]
2026-06-25 17:17:25,143 - debug - DEBUG - First 10 targets: [3, 8, 8, 0, 6, 6, 1, 6, 3, 1]
2026-06-25 17:17:25,145 - debug - DEBUG - Unique predicted classes: 10 (first 10: [0 1 2 3 4 5 6 7 8 9])
2026-06-25 17:17:25,146 - debug - DEBUG - Unique target classes: 10 (first 10: [0 1 2 3 4 5 6 7 8 9])
2026-06-25 17:17:29,334 - debug - DEBUG - compute_metrics_and_record started for epoch 34
2026-06-25 17:17:29,334 - debug - DEBUG - all_preds length: 12406, all_targets length: 12406
2026-06-25 17:17:29,334 - debug - DEBUG - First 10 preds: [5, 0, 0, 8, 0, 2, 0, 2, 1, 0]
2026-06-25 17:17:29,334 - debug - DEBUG - First 10 targets: [5, 0, 0, 3, 0, 2, 0, 2, 1, 0]
2026-06-25 17:17:29,340 - debug - DEBUG - Unique predicted classes: 10 (first 10: [0 1 2 3 4 5 6 7 8 9])
2026-06-25 17:17:29,340 - debug - DEBUG - Unique target classes: 10 (first 10: [0 1 2 3 4 5 6 7 8 9])
2026-06-25 17:17:30,606 - debug - DEBUG - compute_metrics_and_record started for epoch 34
2026-06-25 17:17:30,606 - debug - DEBUG - all_preds length: 10000, all_targets length: 10000
2026-06-25 17:17:30,606 - debug - DEBUG - First 10 preds: [3, 8, 8, 0, 6, 3, 1, 2, 3, 1]
2026-06-25 17:17:30,606 - debug - DEBUG - First 10 targets: [3, 8, 8, 0, 6, 6, 1, 6, 3, 1]
2026-06-25 17:17:30,609 - debug - DEBUG - Unique predicted classes: 10 (first 10: [0 1 2 3 4 5 6 7 8 9])
2026-06-25 17:17:30,610 - debug - DEBUG - Unique target classes: 10 (first 10: [0 1 2 3 4 5 6 7 8 9])
2026-06-25 17:17:34,896 - debug - DEBUG - compute_metrics_and_record started for epoch 35
2026-06-25 17:17:34,897 - debug - DEBUG - all_preds length: 12406, all_targets length: 12406
2026-06-25 17:17:34,897 - debug - DEBUG - First 10 preds: [0, 1, 1, 3, 0, 1, 1, 0, 0, 1]
2026-06-25 17:17:34,897 - debug - DEBUG - First 10 targets: [0, 1, 1, 3, 0, 1, 1, 0, 2, 1]
2026-06-25 17:17:34,902 - debug - DEBUG - Unique predicted classes: 10 (first 10: [0 1 2 3 4 5 6 7 8 9])
2026-06-25 17:17:34,902 - debug - DEBUG - Unique target classes: 10 (first 10: [0 1 2 3 4 5 6 7 8 9])
2026-06-25 17:17:36,271 - debug - DEBUG - compute_metrics_and_record started for epoch 35
2026-06-25 17:17:36,272 - debug - DEBUG - all_preds length: 10000, all_targets length: 10000
2026-06-25 17:17:36,272 - debug - DEBUG - First 10 preds: [3, 1, 1, 0, 6, 3, 1, 2, 3, 1]
2026-06-25 17:17:36,272 - debug - DEBUG - First 10 targets: [3, 8, 8, 0, 6, 6, 1, 6, 3, 1]
2026-06-25 17:17:36,274 - debug - DEBUG - Unique predicted classes: 10 (first 10: [0 1 2 3 4 5 6 7 8 9])
2026-06-25 17:17:36,274 - debug - DEBUG - Unique target classes: 10 (first 10: [0 1 2 3 4 5 6 7 8 9])
2026-06-25 17:17:40,275 - debug - DEBUG - compute_metrics_and_record started for epoch 36
2026-06-25 17:17:40,275 - debug - DEBUG - all_preds length: 12406, all_targets length: 12406
2026-06-25 17:17:40,276 - debug - DEBUG - First 10 preds: [0, 3, 1, 0, 4, 3, 1, 0, 0, 1]
2026-06-25 17:17:40,276 - debug - DEBUG - First 10 targets: [0, 3, 1, 0, 4, 3, 1, 0, 0, 1]
2026-06-25 17:17:40,280 - debug - DEBUG - Unique predicted classes: 10 (first 10: [0 1 2 3 4 5 6 7 8 9])
2026-06-25 17:17:40,280 - debug - DEBUG - Unique target classes: 10 (first 10: [0 1 2 3 4 5 6 7 8 9])
2026-06-25 17:17:41,654 - debug - DEBUG - compute_metrics_and_record started for epoch 36
2026-06-25 17:17:41,655 - debug - DEBUG - all_preds length: 10000, all_targets length: 10000
2026-06-25 17:17:41,655 - debug - DEBUG - First 10 preds: [3, 1, 8, 0, 3, 3, 1, 2, 3, 1]
2026-06-25 17:17:41,655 - debug - DEBUG - First 10 targets: [3, 8, 8, 0, 6, 6, 1, 6, 3, 1]
2026-06-25 17:17:41,657 - debug - DEBUG - Unique predicted classes: 10 (first 10: [0 1 2 3 4 5 6 7 8 9])
2026-06-25 17:17:41,657 - debug - DEBUG - Unique target classes: 10 (first 10: [0 1 2 3 4 5 6 7 8 9])
2026-06-25 17:17:45,860 - debug - DEBUG - compute_metrics_and_record started for epoch 37
2026-06-25 17:17:45,861 - debug - DEBUG - all_preds length: 12406, all_targets length: 12406
2026-06-25 17:17:45,861 - debug - DEBUG - First 10 preds: [0, 1, 0, 2, 6, 2, 2, 4, 0, 1]
2026-06-25 17:17:45,861 - debug - DEBUG - First 10 targets: [0, 1, 0, 2, 3, 2, 2, 4, 0, 7]
2026-06-25 17:17:45,865 - debug - DEBUG - Unique predicted classes: 10 (first 10: [0 1 2 3 4 5 6 7 8 9])
2026-06-25 17:17:45,865 - debug - DEBUG - Unique target classes: 10 (first 10: [0 1 2 3 4 5 6 7 8 9])
2026-06-25 17:17:47,220 - debug - DEBUG - compute_metrics_and_record started for epoch 37
2026-06-25 17:17:47,221 - debug - DEBUG - all_preds length: 10000, all_targets length: 10000
2026-06-25 17:17:47,221 - debug - DEBUG - First 10 preds: [3, 1, 1, 0, 6, 4, 1, 4, 3, 1]
2026-06-25 17:17:47,221 - debug - DEBUG - First 10 targets: [3, 8, 8, 0, 6, 6, 1, 6, 3, 1]
2026-06-25 17:17:47,223 - debug - DEBUG - Unique predicted classes: 10 (first 10: [0 1 2 3 4 5 6 7 8 9])
2026-06-25 17:17:47,223 - debug - DEBUG - Unique target classes: 10 (first 10: [0 1 2 3 4 5 6 7 8 9])
2026-06-25 17:17:51,514 - debug - DEBUG - compute_metrics_and_record started for epoch 38
2026-06-25 17:17:51,515 - debug - DEBUG - all_preds length: 12406, all_targets length: 12406
2026-06-25 17:17:51,515 - debug - DEBUG - First 10 preds: [0, 0, 4, 0, 1, 2, 0, 0, 0, 2]
2026-06-25 17:17:51,515 - debug - DEBUG - First 10 targets: [0, 0, 4, 0, 1, 2, 0, 0, 0, 2]
2026-06-25 17:17:51,526 - debug - DEBUG - Unique predicted classes: 10 (first 10: [0 1 2 3 4 5 6 7 8 9])
2026-06-25 17:17:51,527 - debug - DEBUG - Unique target classes: 10 (first 10: [0 1 2 3 4 5 6 7 8 9])
2026-06-25 17:17:52,950 - debug - DEBUG - compute_metrics_and_record started for epoch 38
2026-06-25 17:17:52,950 - debug - DEBUG - all_preds length: 10000, all_targets length: 10000
2026-06-25 17:17:52,950 - debug - DEBUG - First 10 preds: [3, 8, 8, 0, 6, 6, 9, 2, 3, 1]
2026-06-25 17:17:52,951 - debug - DEBUG - First 10 targets: [3, 8, 8, 0, 6, 6, 1, 6, 3, 1]
2026-06-25 17:17:52,953 - debug - DEBUG - Unique predicted classes: 10 (first 10: [0 1 2 3 4 5 6 7 8 9])
2026-06-25 17:17:52,954 - debug - DEBUG - Unique target classes: 10 (first 10: [0 1 2 3 4 5 6 7 8 9])
2026-06-25 17:17:57,447 - debug - DEBUG - compute_metrics_and_record started for epoch 39
2026-06-25 17:17:57,448 - debug - DEBUG - all_preds length: 12406, all_targets length: 12406
2026-06-25 17:17:57,448 - debug - DEBUG - First 10 preds: [1, 0, 0, 4, 1, 1, 0, 2, 7, 0]
2026-06-25 17:17:57,448 - debug - DEBUG - First 10 targets: [1, 0, 0, 3, 1, 1, 0, 2, 7, 0]
2026-06-25 17:17:57,453 - debug - DEBUG - Unique predicted classes: 10 (first 10: [0 1 2 3 4 5 6 7 8 9])
2026-06-25 17:17:57,454 - debug - DEBUG - Unique target classes: 10 (first 10: [0 1 2 3 4 5 6 7 8 9])
2026-06-25 17:17:58,941 - debug - DEBUG - compute_metrics_and_record started for epoch 39
2026-06-25 17:17:58,941 - debug - DEBUG - all_preds length: 10000, all_targets length: 10000
2026-06-25 17:17:58,942 - debug - DEBUG - First 10 preds: [3, 1, 1, 0, 6, 5, 1, 4, 3, 1]
2026-06-25 17:17:58,942 - debug - DEBUG - First 10 targets: [3, 8, 8, 0, 6, 6, 1, 6, 3, 1]
2026-06-25 17:17:58,944 - debug - DEBUG - Unique predicted classes: 10 (first 10: [0 1 2 3 4 5 6 7 8 9])
2026-06-25 17:17:58,944 - debug - DEBUG - Unique target classes: 10 (first 10: [0 1 2 3 4 5 6 7 8 9])
2026-06-25 17:18:03,129 - debug - DEBUG - compute_metrics_and_record started for epoch 40
2026-06-25 17:18:03,129 - debug - DEBUG - all_preds length: 12406, all_targets length: 12406
2026-06-25 17:18:03,129 - debug - DEBUG - First 10 preds: [2, 0, 8, 4, 0, 1, 0, 0, 0, 0]
2026-06-25 17:18:03,130 - debug - DEBUG - First 10 targets: [2, 0, 8, 4, 0, 1, 0, 0, 0, 0]
2026-06-25 17:18:03,134 - debug - DEBUG - Unique predicted classes: 10 (first 10: [0 1 2 3 4 5 6 7 8 9])
2026-06-25 17:18:03,135 - debug - DEBUG - Unique target classes: 10 (first 10: [0 1 2 3 4 5 6 7 8 9])
2026-06-25 17:18:04,533 - debug - DEBUG - compute_metrics_and_record started for epoch 40
2026-06-25 17:18:04,534 - debug - DEBUG - all_preds length: 10000, all_targets length: 10000
2026-06-25 17:18:04,534 - debug - DEBUG - First 10 preds: [3, 1, 1, 0, 6, 6, 1, 2, 3, 1]
2026-06-25 17:18:04,534 - debug - DEBUG - First 10 targets: [3, 8, 8, 0, 6, 6, 1, 6, 3, 1]
2026-06-25 17:18:04,536 - debug - DEBUG - Unique predicted classes: 10 (first 10: [0 1 2 3 4 5 6 7 8 9])
2026-06-25 17:18:04,536 - debug - DEBUG - Unique target classes: 10 (first 10: [0 1 2 3 4 5 6 7 8 9])
2026-06-25 17:18:08,780 - debug - DEBUG - compute_metrics_and_record started for epoch 41
2026-06-25 17:18:08,780 - debug - DEBUG - all_preds length: 12406, all_targets length: 12406
2026-06-25 17:18:08,780 - debug - DEBUG - First 10 preds: [3, 0, 0, 0, 1, 1, 2, 0, 0, 1]
2026-06-25 17:18:08,781 - debug - DEBUG - First 10 targets: [3, 0, 0, 0, 1, 1, 0, 0, 0, 1]
2026-06-25 17:18:08,785 - debug - DEBUG - Unique predicted classes: 10 (first 10: [0 1 2 3 4 5 6 7 8 9])
2026-06-25 17:18:08,785 - debug - DEBUG - Unique target classes: 10 (first 10: [0 1 2 3 4 5 6 7 8 9])
2026-06-25 17:18:10,146 - debug - DEBUG - compute_metrics_and_record started for epoch 41
2026-06-25 17:18:10,146 - debug - DEBUG - all_preds length: 10000, all_targets length: 10000
2026-06-25 17:18:10,146 - debug - DEBUG - First 10 preds: [3, 1, 8, 0, 6, 5, 1, 2, 3, 1]
2026-06-25 17:18:10,146 - debug - DEBUG - First 10 targets: [3, 8, 8, 0, 6, 6, 1, 6, 3, 1]
2026-06-25 17:18:10,148 - debug - DEBUG - Unique predicted classes: 10 (first 10: [0 1 2 3 4 5 6 7 8 9])
2026-06-25 17:18:10,149 - debug - DEBUG - Unique target classes: 10 (first 10: [0 1 2 3 4 5 6 7 8 9])
2026-06-25 17:18:14,447 - debug - DEBUG - compute_metrics_and_record started for epoch 42
2026-06-25 17:18:14,447 - debug - DEBUG - all_preds length: 12406, all_targets length: 12406
2026-06-25 17:18:14,448 - debug - DEBUG - First 10 preds: [5, 2, 2, 1, 5, 0, 0, 2, 2, 2]
2026-06-25 17:18:14,448 - debug - DEBUG - First 10 targets: [7, 2, 2, 1, 3, 0, 0, 2, 2, 2]
2026-06-25 17:18:14,453 - debug - DEBUG - Unique predicted classes: 10 (first 10: [0 1 2 3 4 5 6 7 8 9])
2026-06-25 17:18:14,454 - debug - DEBUG - Unique target classes: 10 (first 10: [0 1 2 3 4 5 6 7 8 9])
2026-06-25 17:18:15,755 - debug - DEBUG - compute_metrics_and_record started for epoch 42
2026-06-25 17:18:15,756 - debug - DEBUG - all_preds length: 10000, all_targets length: 10000
2026-06-25 17:18:15,756 - debug - DEBUG - First 10 preds: [3, 1, 1, 8, 6, 1, 1, 2, 3, 1]
2026-06-25 17:18:15,756 - debug - DEBUG - First 10 targets: [3, 8, 8, 0, 6, 6, 1, 6, 3, 1]
2026-06-25 17:18:15,758 - debug - DEBUG - Unique predicted classes: 10 (first 10: [0 1 2 3 4 5 6 7 8 9])
2026-06-25 17:18:15,758 - debug - DEBUG - Unique target classes: 10 (first 10: [0 1 2 3 4 5 6 7 8 9])
2026-06-25 17:18:20,003 - debug - DEBUG - compute_metrics_and_record started for epoch 43
2026-06-25 17:18:20,003 - debug - DEBUG - all_preds length: 12406, all_targets length: 12406
2026-06-25 17:18:20,003 - debug - DEBUG - First 10 preds: [1, 3, 2, 1, 8, 0, 6, 2, 0, 0]
2026-06-25 17:18:20,003 - debug - DEBUG - First 10 targets: [1, 3, 2, 1, 8, 0, 6, 2, 0, 0]
2026-06-25 17:18:20,009 - debug - DEBUG - Unique predicted classes: 10 (first 10: [0 1 2 3 4 5 6 7 8 9])
2026-06-25 17:18:20,009 - debug - DEBUG - Unique target classes: 10 (first 10: [0 1 2 3 4 5 6 7 8 9])
2026-06-25 17:18:21,360 - debug - DEBUG - compute_metrics_and_record started for epoch 43
2026-06-25 17:18:21,360 - debug - DEBUG - all_preds length: 10000, all_targets length: 10000
2026-06-25 17:18:21,361 - debug - DEBUG - First 10 preds: [3, 1, 1, 0, 6, 3, 1, 4, 3, 1]
2026-06-25 17:18:21,361 - debug - DEBUG - First 10 targets: [3, 8, 8, 0, 6, 6, 1, 6, 3, 1]
2026-06-25 17:18:21,363 - debug - DEBUG - Unique predicted classes: 10 (first 10: [0 1 2 3 4 5 6 7 8 9])
2026-06-25 17:18:21,363 - debug - DEBUG - Unique target classes: 10 (first 10: [0 1 2 3 4 5 6 7 8 9])
2026-06-25 17:18:25,577 - debug - DEBUG - compute_metrics_and_record started for epoch 44
2026-06-25 17:18:25,578 - debug - DEBUG - all_preds length: 12406, all_targets length: 12406
2026-06-25 17:18:25,578 - debug - DEBUG - First 10 preds: [2, 0, 0, 0, 0, 2, 1, 0, 1, 0]
2026-06-25 17:18:25,578 - debug - DEBUG - First 10 targets: [3, 0, 0, 0, 0, 2, 1, 0, 1, 0]
2026-06-25 17:18:25,584 - debug - DEBUG - Unique predicted classes: 10 (first 10: [0 1 2 3 4 5 6 7 8 9])
2026-06-25 17:18:25,584 - debug - DEBUG - Unique target classes: 10 (first 10: [0 1 2 3 4 5 6 7 8 9])
2026-06-25 17:18:26,965 - debug - DEBUG - compute_metrics_and_record started for epoch 44
2026-06-25 17:18:26,966 - debug - DEBUG - all_preds length: 10000, all_targets length: 10000
2026-06-25 17:18:26,966 - debug - DEBUG - First 10 preds: [3, 1, 8, 0, 6, 6, 1, 2, 3, 1]
2026-06-25 17:18:26,966 - debug - DEBUG - First 10 targets: [3, 8, 8, 0, 6, 6, 1, 6, 3, 1]
2026-06-25 17:18:26,969 - debug - DEBUG - Unique predicted classes: 10 (first 10: [0 1 2 3 4 5 6 7 8 9])
2026-06-25 17:18:26,969 - debug - DEBUG - Unique target classes: 10 (first 10: [0 1 2 3 4 5 6 7 8 9])
2026-06-25 17:18:31,182 - debug - DEBUG - compute_metrics_and_record started for epoch 45
2026-06-25 17:18:31,183 - debug - DEBUG - all_preds length: 12406, all_targets length: 12406
2026-06-25 17:18:31,183 - debug - DEBUG - First 10 preds: [0, 0, 0, 6, 1, 2, 0, 3, 0, 0]
2026-06-25 17:18:31,183 - debug - DEBUG - First 10 targets: [0, 0, 0, 2, 1, 2, 0, 3, 0, 0]
2026-06-25 17:18:31,189 - debug - DEBUG - Unique predicted classes: 10 (first 10: [0 1 2 3 4 5 6 7 8 9])
2026-06-25 17:18:31,190 - debug - DEBUG - Unique target classes: 10 (first 10: [0 1 2 3 4 5 6 7 8 9])
2026-06-25 17:18:32,478 - debug - DEBUG - compute_metrics_and_record started for epoch 45
2026-06-25 17:18:32,479 - debug - DEBUG - all_preds length: 10000, all_targets length: 10000
2026-06-25 17:18:32,479 - debug - DEBUG - First 10 preds: [3, 1, 1, 0, 6, 3, 1, 2, 3, 1]
2026-06-25 17:18:32,479 - debug - DEBUG - First 10 targets: [3, 8, 8, 0, 6, 6, 1, 6, 3, 1]
2026-06-25 17:18:32,481 - debug - DEBUG - Unique predicted classes: 10 (first 10: [0 1 2 3 4 5 6 7 8 9])
2026-06-25 17:18:32,481 - debug - DEBUG - Unique target classes: 10 (first 10: [0 1 2 3 4 5 6 7 8 9])
2026-06-25 17:18:36,872 - debug - DEBUG - compute_metrics_and_record started for epoch 46
2026-06-25 17:18:36,873 - debug - DEBUG - all_preds length: 12406, all_targets length: 12406
2026-06-25 17:18:36,873 - debug - DEBUG - First 10 preds: [1, 1, 4, 0, 1, 1, 4, 0, 0, 0]
2026-06-25 17:18:36,873 - debug - DEBUG - First 10 targets: [1, 1, 4, 0, 1, 1, 4, 0, 0, 0]
2026-06-25 17:18:36,879 - debug - DEBUG - Unique predicted classes: 10 (first 10: [0 1 2 3 4 5 6 7 8 9])
2026-06-25 17:18:36,879 - debug - DEBUG - Unique target classes: 10 (first 10: [0 1 2 3 4 5 6 7 8 9])
2026-06-25 17:18:38,322 - debug - DEBUG - compute_metrics_and_record started for epoch 46
2026-06-25 17:18:38,323 - debug - DEBUG - all_preds length: 10000, all_targets length: 10000
2026-06-25 17:18:38,323 - debug - DEBUG - First 10 preds: [3, 1, 8, 0, 6, 6, 1, 2, 3, 1]
2026-06-25 17:18:38,323 - debug - DEBUG - First 10 targets: [3, 8, 8, 0, 6, 6, 1, 6, 3, 1]
2026-06-25 17:18:38,325 - debug - DEBUG - Unique predicted classes: 10 (first 10: [0 1 2 3 4 5 6 7 8 9])
2026-06-25 17:18:38,325 - debug - DEBUG - Unique target classes: 10 (first 10: [0 1 2 3 4 5 6 7 8 9])
2026-06-25 17:18:42,569 - debug - DEBUG - compute_metrics_and_record started for epoch 47
2026-06-25 17:18:42,570 - debug - DEBUG - all_preds length: 12406, all_targets length: 12406
2026-06-25 17:18:42,570 - debug - DEBUG - First 10 preds: [2, 2, 1, 0, 0, 2, 1, 0, 0, 3]
2026-06-25 17:18:42,570 - debug - DEBUG - First 10 targets: [2, 2, 1, 0, 0, 2, 1, 0, 0, 3]
2026-06-25 17:18:42,577 - debug - DEBUG - Unique predicted classes: 10 (first 10: [0 1 2 3 4 5 6 7 8 9])
2026-06-25 17:18:42,577 - debug - DEBUG - Unique target classes: 10 (first 10: [0 1 2 3 4 5 6 7 8 9])
2026-06-25 17:18:43,963 - debug - DEBUG - compute_metrics_and_record started for epoch 47
2026-06-25 17:18:43,963 - debug - DEBUG - all_preds length: 10000, all_targets length: 10000
2026-06-25 17:18:43,963 - debug - DEBUG - First 10 preds: [3, 1, 8, 0, 6, 5, 1, 2, 3, 1]
2026-06-25 17:18:43,963 - debug - DEBUG - First 10 targets: [3, 8, 8, 0, 6, 6, 1, 6, 3, 1]
2026-06-25 17:18:43,966 - debug - DEBUG - Unique predicted classes: 10 (first 10: [0 1 2 3 4 5 6 7 8 9])
2026-06-25 17:18:43,966 - debug - DEBUG - Unique target classes: 10 (first 10: [0 1 2 3 4 5 6 7 8 9])
2026-06-25 17:18:48,264 - debug - DEBUG - compute_metrics_and_record started for epoch 48
2026-06-25 17:18:48,264 - debug - DEBUG - all_preds length: 12406, all_targets length: 12406
2026-06-25 17:18:48,264 - debug - DEBUG - First 10 preds: [2, 1, 0, 0, 1, 4, 0, 1, 3, 9]
2026-06-25 17:18:48,265 - debug - DEBUG - First 10 targets: [2, 1, 0, 0, 1, 4, 0, 1, 2, 0]
2026-06-25 17:18:48,271 - debug - DEBUG - Unique predicted classes: 10 (first 10: [0 1 2 3 4 5 6 7 8 9])
2026-06-25 17:18:48,271 - debug - DEBUG - Unique target classes: 10 (first 10: [0 1 2 3 4 5 6 7 8 9])
2026-06-25 17:18:49,669 - debug - DEBUG - compute_metrics_and_record started for epoch 48
2026-06-25 17:18:49,670 - debug - DEBUG - all_preds length: 10000, all_targets length: 10000
2026-06-25 17:18:49,670 - debug - DEBUG - First 10 preds: [3, 1, 1, 0, 6, 6, 1, 2, 3, 1]
2026-06-25 17:18:49,670 - debug - DEBUG - First 10 targets: [3, 8, 8, 0, 6, 6, 1, 6, 3, 1]
2026-06-25 17:18:49,672 - debug - DEBUG - Unique predicted classes: 10 (first 10: [0 1 2 3 4 5 6 7 8 9])
2026-06-25 17:18:49,672 - debug - DEBUG - Unique target classes: 10 (first 10: [0 1 2 3 4 5 6 7 8 9])
2026-06-25 17:18:53,549 - debug - DEBUG - compute_metrics_and_record started for epoch 49
2026-06-25 17:18:53,549 - debug - DEBUG - all_preds length: 12406, all_targets length: 12406
2026-06-25 17:18:53,550 - debug - DEBUG - First 10 preds: [1, 2, 3, 3, 2, 0, 0, 0, 2, 0]
2026-06-25 17:18:53,550 - debug - DEBUG - First 10 targets: [1, 2, 3, 3, 5, 0, 0, 0, 2, 0]
2026-06-25 17:18:53,556 - debug - DEBUG - Unique predicted classes: 10 (first 10: [0 1 2 3 4 5 6 7 8 9])
2026-06-25 17:18:53,557 - debug - DEBUG - Unique target classes: 10 (first 10: [0 1 2 3 4 5 6 7 8 9])
2026-06-25 17:18:55,008 - debug - DEBUG - compute_metrics_and_record started for epoch 49
2026-06-25 17:18:55,009 - debug - DEBUG - all_preds length: 10000, all_targets length: 10000
2026-06-25 17:18:55,009 - debug - DEBUG - First 10 preds: [3, 1, 8, 0, 6, 6, 1, 2, 3, 1]
2026-06-25 17:18:55,009 - debug - DEBUG - First 10 targets: [3, 8, 8, 0, 6, 6, 1, 6, 3, 1]
2026-06-25 17:18:55,011 - debug - DEBUG - Unique predicted classes: 10 (first 10: [0 1 2 3 4 5 6 7 8 9])
2026-06-25 17:18:55,012 - debug - DEBUG - Unique target classes: 10 (first 10: [0 1 2 3 4 5 6 7 8 9])
2026-06-25 17:18:59,169 - debug - DEBUG - compute_metrics_and_record started for epoch 50
2026-06-25 17:18:59,169 - debug - DEBUG - all_preds length: 12406, all_targets length: 12406
2026-06-25 17:18:59,169 - debug - DEBUG - First 10 preds: [2, 1, 1, 5, 0, 2, 3, 0, 2, 2]
2026-06-25 17:18:59,170 - debug - DEBUG - First 10 targets: [2, 1, 1, 2, 0, 2, 3, 0, 5, 2]
2026-06-25 17:18:59,176 - debug - DEBUG - Unique predicted classes: 10 (first 10: [0 1 2 3 4 5 6 7 8 9])
2026-06-25 17:18:59,176 - debug - DEBUG - Unique target classes: 10 (first 10: [0 1 2 3 4 5 6 7 8 9])
2026-06-25 17:19:00,574 - debug - DEBUG - compute_metrics_and_record started for epoch 50
2026-06-25 17:19:00,574 - debug - DEBUG - all_preds length: 10000, all_targets length: 10000
2026-06-25 17:19:00,574 - debug - DEBUG - First 10 preds: [0, 1, 1, 0, 6, 6, 1, 2, 3, 1]
2026-06-25 17:19:00,575 - debug - DEBUG - First 10 targets: [3, 8, 8, 0, 6, 6, 1, 6, 3, 1]
2026-06-25 17:19:00,577 - debug - DEBUG - Unique predicted classes: 10 (first 10: [0 1 2 3 4 5 6 7 8 9])
2026-06-25 17:19:00,577 - debug - DEBUG - Unique target classes: 10 (first 10: [0 1 2 3 4 5 6 7 8 9])
2026-06-25 17:19:04,686 - debug - DEBUG - compute_metrics_and_record started for epoch 51
2026-06-25 17:19:04,686 - debug - DEBUG - all_preds length: 12406, all_targets length: 12406
2026-06-25 17:19:04,686 - debug - DEBUG - First 10 preds: [4, 0, 1, 0, 0, 3, 3, 0, 0, 2]
2026-06-25 17:19:04,687 - debug - DEBUG - First 10 targets: [4, 0, 1, 7, 0, 3, 3, 0, 0, 2]
2026-06-25 17:19:04,691 - debug - DEBUG - Unique predicted classes: 10 (first 10: [0 1 2 3 4 5 6 7 8 9])
2026-06-25 17:19:04,691 - debug - DEBUG - Unique target classes: 10 (first 10: [0 1 2 3 4 5 6 7 8 9])
2026-06-25 17:19:06,093 - debug - DEBUG - compute_metrics_and_record started for epoch 51
2026-06-25 17:19:06,094 - debug - DEBUG - all_preds length: 10000, all_targets length: 10000
2026-06-25 17:19:06,094 - debug - DEBUG - First 10 preds: [3, 1, 1, 0, 6, 5, 1, 2, 3, 1]
2026-06-25 17:19:06,094 - debug - DEBUG - First 10 targets: [3, 8, 8, 0, 6, 6, 1, 6, 3, 1]
2026-06-25 17:19:06,096 - debug - DEBUG - Unique predicted classes: 10 (first 10: [0 1 2 3 4 5 6 7 8 9])
2026-06-25 17:19:06,096 - debug - DEBUG - Unique target classes: 10 (first 10: [0 1 2 3 4 5 6 7 8 9])
2026-06-25 17:19:10,340 - debug - DEBUG - compute_metrics_and_record started for epoch 52
2026-06-25 17:19:10,340 - debug - DEBUG - all_preds length: 12406, all_targets length: 12406
2026-06-25 17:19:10,341 - debug - DEBUG - First 10 preds: [1, 4, 1, 2, 2, 0, 2, 8, 2, 5]
2026-06-25 17:19:10,341 - debug - DEBUG - First 10 targets: [1, 4, 1, 0, 2, 0, 2, 8, 2, 3]
2026-06-25 17:19:10,346 - debug - DEBUG - Unique predicted classes: 10 (first 10: [0 1 2 3 4 5 6 7 8 9])
2026-06-25 17:19:10,346 - debug - DEBUG - Unique target classes: 10 (first 10: [0 1 2 3 4 5 6 7 8 9])
2026-06-25 17:19:11,719 - debug - DEBUG - compute_metrics_and_record started for epoch 52
2026-06-25 17:19:11,719 - debug - DEBUG - all_preds length: 10000, all_targets length: 10000
2026-06-25 17:19:11,719 - debug - DEBUG - First 10 preds: [3, 1, 8, 0, 6, 3, 1, 2, 3, 1]
2026-06-25 17:19:11,720 - debug - DEBUG - First 10 targets: [3, 8, 8, 0, 6, 6, 1, 6, 3, 1]
2026-06-25 17:19:11,722 - debug - DEBUG - Unique predicted classes: 10 (first 10: [0 1 2 3 4 5 6 7 8 9])
2026-06-25 17:19:11,722 - debug - DEBUG - Unique target classes: 10 (first 10: [0 1 2 3 4 5 6 7 8 9])
2026-06-25 17:19:16,093 - debug - DEBUG - compute_metrics_and_record started for epoch 53
2026-06-25 17:19:16,093 - debug - DEBUG - all_preds length: 12406, all_targets length: 12406
2026-06-25 17:19:16,093 - debug - DEBUG - First 10 preds: [4, 3, 0, 1, 1, 0, 1, 5, 5, 1]
2026-06-25 17:19:16,093 - debug - DEBUG - First 10 targets: [4, 3, 0, 1, 1, 0, 1, 5, 5, 1]
2026-06-25 17:19:16,098 - debug - DEBUG - Unique predicted classes: 10 (first 10: [0 1 2 3 4 5 6 7 8 9])
2026-06-25 17:19:16,099 - debug - DEBUG - Unique target classes: 10 (first 10: [0 1 2 3 4 5 6 7 8 9])
2026-06-25 17:19:17,510 - debug - DEBUG - compute_metrics_and_record started for epoch 53
2026-06-25 17:19:17,511 - debug - DEBUG - all_preds length: 10000, all_targets length: 10000
2026-06-25 17:19:17,511 - debug - DEBUG - First 10 preds: [3, 8, 8, 0, 6, 6, 1, 2, 3, 1]
2026-06-25 17:19:17,511 - debug - DEBUG - First 10 targets: [3, 8, 8, 0, 6, 6, 1, 6, 3, 1]
2026-06-25 17:19:17,513 - debug - DEBUG - Unique predicted classes: 10 (first 10: [0 1 2 3 4 5 6 7 8 9])
2026-06-25 17:19:17,514 - debug - DEBUG - Unique target classes: 10 (first 10: [0 1 2 3 4 5 6 7 8 9])
2026-06-25 17:19:21,653 - debug - DEBUG - compute_metrics_and_record started for epoch 54
2026-06-25 17:19:21,653 - debug - DEBUG - all_preds length: 12406, all_targets length: 12406
2026-06-25 17:19:21,653 - debug - DEBUG - First 10 preds: [2, 0, 0, 4, 1, 1, 0, 0, 0, 0]
2026-06-25 17:19:21,653 - debug - DEBUG - First 10 targets: [2, 0, 0, 4, 1, 1, 0, 0, 0, 0]
2026-06-25 17:19:21,658 - debug - DEBUG - Unique predicted classes: 10 (first 10: [0 1 2 3 4 5 6 7 8 9])
2026-06-25 17:19:21,658 - debug - DEBUG - Unique target classes: 10 (first 10: [0 1 2 3 4 5 6 7 8 9])
2026-06-25 17:19:23,017 - debug - DEBUG - compute_metrics_and_record started for epoch 54
2026-06-25 17:19:23,017 - debug - DEBUG - all_preds length: 10000, all_targets length: 10000
2026-06-25 17:19:23,018 - debug - DEBUG - First 10 preds: [3, 1, 8, 0, 6, 1, 1, 2, 3, 1]
2026-06-25 17:19:23,018 - debug - DEBUG - First 10 targets: [3, 8, 8, 0, 6, 6, 1, 6, 3, 1]
2026-06-25 17:19:23,020 - debug - DEBUG - Unique predicted classes: 10 (first 10: [0 1 2 3 4 5 6 7 8 9])
2026-06-25 17:19:23,020 - debug - DEBUG - Unique target classes: 10 (first 10: [0 1 2 3 4 5 6 7 8 9])
2026-06-25 17:19:26,951 - debug - DEBUG - compute_metrics_and_record started for epoch 55
2026-06-25 17:19:26,951 - debug - DEBUG - all_preds length: 12406, all_targets length: 12406
2026-06-25 17:19:26,952 - debug - DEBUG - First 10 preds: [3, 2, 0, 2, 2, 0, 1, 0, 0, 2]
2026-06-25 17:19:26,952 - debug - DEBUG - First 10 targets: [3, 2, 0, 2, 2, 0, 1, 0, 0, 2]
2026-06-25 17:19:26,957 - debug - DEBUG - Unique predicted classes: 10 (first 10: [0 1 2 3 4 5 6 7 8 9])
2026-06-25 17:19:26,957 - debug - DEBUG - Unique target classes: 10 (first 10: [0 1 2 3 4 5 6 7 8 9])
2026-06-25 17:19:28,358 - debug - DEBUG - compute_metrics_and_record started for epoch 55
2026-06-25 17:19:28,359 - debug - DEBUG - all_preds length: 10000, all_targets length: 10000
2026-06-25 17:19:28,359 - debug - DEBUG - First 10 preds: [3, 1, 1, 0, 6, 5, 1, 2, 3, 1]
2026-06-25 17:19:28,359 - debug - DEBUG - First 10 targets: [3, 8, 8, 0, 6, 6, 1, 6, 3, 1]
2026-06-25 17:19:28,361 - debug - DEBUG - Unique predicted classes: 10 (first 10: [0 1 2 3 4 5 6 7 8 9])
2026-06-25 17:19:28,362 - debug - DEBUG - Unique target classes: 10 (first 10: [0 1 2 3 4 5 6 7 8 9])
2026-06-25 17:19:32,614 - debug - DEBUG - compute_metrics_and_record started for epoch 56
2026-06-25 17:19:32,615 - debug - DEBUG - all_preds length: 12406, all_targets length: 12406
2026-06-25 17:19:32,615 - debug - DEBUG - First 10 preds: [2, 5, 0, 1, 0, 2, 1, 1, 3, 4]
2026-06-25 17:19:32,615 - debug - DEBUG - First 10 targets: [2, 5, 0, 1, 0, 2, 1, 1, 3, 4]
2026-06-25 17:19:32,621 - debug - DEBUG - Unique predicted classes: 10 (first 10: [0 1 2 3 4 5 6 7 8 9])
2026-06-25 17:19:32,622 - debug - DEBUG - Unique target classes: 10 (first 10: [0 1 2 3 4 5 6 7 8 9])
2026-06-25 17:19:34,017 - debug - DEBUG - compute_metrics_and_record started for epoch 56
2026-06-25 17:19:34,018 - debug - DEBUG - all_preds length: 10000, all_targets length: 10000
2026-06-25 17:19:34,018 - debug - DEBUG - First 10 preds: [3, 1, 1, 1, 6, 6, 1, 2, 3, 1]
2026-06-25 17:19:34,018 - debug - DEBUG - First 10 targets: [3, 8, 8, 0, 6, 6, 1, 6, 3, 1]
2026-06-25 17:19:34,020 - debug - DEBUG - Unique predicted classes: 10 (first 10: [0 1 2 3 4 5 6 7 8 9])
2026-06-25 17:19:34,020 - debug - DEBUG - Unique target classes: 10 (first 10: [0 1 2 3 4 5 6 7 8 9])
2026-06-25 17:19:38,398 - debug - DEBUG - compute_metrics_and_record started for epoch 57
2026-06-25 17:19:38,398 - debug - DEBUG - all_preds length: 12406, all_targets length: 12406
2026-06-25 17:19:38,399 - debug - DEBUG - First 10 preds: [3, 0, 0, 1, 1, 3, 0, 0, 0, 0]
2026-06-25 17:19:38,399 - debug - DEBUG - First 10 targets: [3, 0, 0, 1, 1, 3, 0, 0, 0, 0]
2026-06-25 17:19:38,405 - debug - DEBUG - Unique predicted classes: 10 (first 10: [0 1 2 3 4 5 6 7 8 9])
2026-06-25 17:19:38,405 - debug - DEBUG - Unique target classes: 10 (first 10: [0 1 2 3 4 5 6 7 8 9])
2026-06-25 17:19:39,761 - debug - DEBUG - compute_metrics_and_record started for epoch 57
2026-06-25 17:19:39,762 - debug - DEBUG - all_preds length: 10000, all_targets length: 10000
2026-06-25 17:19:39,762 - debug - DEBUG - First 10 preds: [3, 1, 1, 0, 6, 6, 1, 4, 3, 1]
2026-06-25 17:19:39,762 - debug - DEBUG - First 10 targets: [3, 8, 8, 0, 6, 6, 1, 6, 3, 1]
2026-06-25 17:19:39,764 - debug - DEBUG - Unique predicted classes: 10 (first 10: [0 1 2 3 4 5 6 7 8 9])
2026-06-25 17:19:39,764 - debug - DEBUG - Unique target classes: 10 (first 10: [0 1 2 3 4 5 6 7 8 9])
2026-06-25 17:19:43,942 - debug - DEBUG - compute_metrics_and_record started for epoch 58
2026-06-25 17:19:43,942 - debug - DEBUG - all_preds length: 12406, all_targets length: 12406
2026-06-25 17:19:43,942 - debug - DEBUG - First 10 preds: [2, 0, 5, 1, 0, 0, 0, 0, 1, 2]
2026-06-25 17:19:43,943 - debug - DEBUG - First 10 targets: [2, 0, 5, 1, 0, 0, 0, 0, 1, 2]
2026-06-25 17:19:43,949 - debug - DEBUG - Unique predicted classes: 10 (first 10: [0 1 2 3 4 5 6 7 8 9])
2026-06-25 17:19:43,949 - debug - DEBUG - Unique target classes: 10 (first 10: [0 1 2 3 4 5 6 7 8 9])
2026-06-25 17:19:45,279 - debug - DEBUG - compute_metrics_and_record started for epoch 58
2026-06-25 17:19:45,280 - debug - DEBUG - all_preds length: 10000, all_targets length: 10000
2026-06-25 17:19:45,280 - debug - DEBUG - First 10 preds: [3, 1, 8, 0, 6, 5, 1, 4, 3, 1]
2026-06-25 17:19:45,280 - debug - DEBUG - First 10 targets: [3, 8, 8, 0, 6, 6, 1, 6, 3, 1]
2026-06-25 17:19:45,283 - debug - DEBUG - Unique predicted classes: 10 (first 10: [0 1 2 3 4 5 6 7 8 9])
2026-06-25 17:19:45,283 - debug - DEBUG - Unique target classes: 10 (first 10: [0 1 2 3 4 5 6 7 8 9])
2026-06-25 17:19:49,202 - debug - DEBUG - compute_metrics_and_record started for epoch 59
2026-06-25 17:19:49,203 - debug - DEBUG - all_preds length: 12406, all_targets length: 12406
2026-06-25 17:19:49,203 - debug - DEBUG - First 10 preds: [1, 0, 3, 0, 1, 1, 2, 0, 3, 3]
2026-06-25 17:19:49,203 - debug - DEBUG - First 10 targets: [1, 0, 3, 0, 1, 1, 2, 0, 3, 3]
2026-06-25 17:19:49,206 - debug - DEBUG - Unique predicted classes: 10 (first 10: [0 1 2 3 4 5 6 7 8 9])
2026-06-25 17:19:49,206 - debug - DEBUG - Unique target classes: 10 (first 10: [0 1 2 3 4 5 6 7 8 9])
2026-06-25 17:19:50,428 - debug - DEBUG - compute_metrics_and_record started for epoch 59
2026-06-25 17:19:50,428 - debug - DEBUG - all_preds length: 10000, all_targets length: 10000
2026-06-25 17:19:50,428 - debug - DEBUG - First 10 preds: [3, 1, 8, 0, 6, 6, 1, 2, 3, 1]
2026-06-25 17:19:50,428 - debug - DEBUG - First 10 targets: [3, 8, 8, 0, 6, 6, 1, 6, 3, 1]
2026-06-25 17:19:50,431 - debug - DEBUG - Unique predicted classes: 10 (first 10: [0 1 2 3 4 5 6 7 8 9])
2026-06-25 17:19:50,431 - debug - DEBUG - Unique target classes: 10 (first 10: [0 1 2 3 4 5 6 7 8 9])
2026-06-25 17:19:54,762 - debug - DEBUG - compute_metrics_and_record started for epoch 60
2026-06-25 17:19:54,763 - debug - DEBUG - all_preds length: 12406, all_targets length: 12406
2026-06-25 17:19:54,763 - debug - DEBUG - First 10 preds: [1, 1, 1, 6, 0, 2, 2, 5, 1, 2]
2026-06-25 17:19:54,764 - debug - DEBUG - First 10 targets: [1, 1, 1, 2, 0, 2, 2, 5, 1, 2]
2026-06-25 17:19:54,770 - debug - DEBUG - Unique predicted classes: 10 (first 10: [0 1 2 3 4 5 6 7 8 9])
2026-06-25 17:19:54,770 - debug - DEBUG - Unique target classes: 10 (first 10: [0 1 2 3 4 5 6 7 8 9])
2026-06-25 17:19:56,090 - debug - DEBUG - compute_metrics_and_record started for epoch 60
2026-06-25 17:19:56,090 - debug - DEBUG - all_preds length: 10000, all_targets length: 10000
2026-06-25 17:19:56,090 - debug - DEBUG - First 10 preds: [3, 1, 1, 0, 6, 6, 1, 2, 3, 1]
2026-06-25 17:19:56,090 - debug - DEBUG - First 10 targets: [3, 8, 8, 0, 6, 6, 1, 6, 3, 1]
2026-06-25 17:19:56,093 - debug - DEBUG - Unique predicted classes: 10 (first 10: [0 1 2 3 4 5 6 7 8 9])
2026-06-25 17:19:56,093 - debug - DEBUG - Unique target classes: 10 (first 10: [0 1 2 3 4 5 6 7 8 9])
2026-06-25 17:20:00,666 - debug - DEBUG - compute_metrics_and_record started for epoch 61
2026-06-25 17:20:00,666 - debug - DEBUG - all_preds length: 12406, all_targets length: 12406
2026-06-25 17:20:00,666 - debug - DEBUG - First 10 preds: [0, 1, 9, 0, 0, 1, 0, 0, 0, 1]
2026-06-25 17:20:00,667 - debug - DEBUG - First 10 targets: [0, 1, 9, 0, 0, 1, 0, 0, 0, 1]
2026-06-25 17:20:00,671 - debug - DEBUG - Unique predicted classes: 10 (first 10: [0 1 2 3 4 5 6 7 8 9])
2026-06-25 17:20:00,672 - debug - DEBUG - Unique target classes: 10 (first 10: [0 1 2 3 4 5 6 7 8 9])
2026-06-25 17:20:01,956 - debug - DEBUG - compute_metrics_and_record started for epoch 61
2026-06-25 17:20:01,956 - debug - DEBUG - all_preds length: 10000, all_targets length: 10000
2026-06-25 17:20:01,956 - debug - DEBUG - First 10 preds: [3, 8, 1, 0, 6, 3, 1, 2, 3, 1]
2026-06-25 17:20:01,956 - debug - DEBUG - First 10 targets: [3, 8, 8, 0, 6, 6, 1, 6, 3, 1]
2026-06-25 17:20:01,959 - debug - DEBUG - Unique predicted classes: 10 (first 10: [0 1 2 3 4 5 6 7 8 9])
2026-06-25 17:20:01,959 - debug - DEBUG - Unique target classes: 10 (first 10: [0 1 2 3 4 5 6 7 8 9])
2026-06-25 17:20:06,320 - debug - DEBUG - compute_metrics_and_record started for epoch 62
2026-06-25 17:20:06,321 - debug - DEBUG - all_preds length: 12406, all_targets length: 12406
2026-06-25 17:20:06,321 - debug - DEBUG - First 10 preds: [1, 2, 0, 4, 1, 0, 1, 3, 1, 1]
2026-06-25 17:20:06,321 - debug - DEBUG - First 10 targets: [1, 2, 0, 4, 1, 0, 1, 3, 1, 1]
2026-06-25 17:20:06,328 - debug - DEBUG - Unique predicted classes: 10 (first 10: [0 1 2 3 4 5 6 7 8 9])
2026-06-25 17:20:06,328 - debug - DEBUG - Unique target classes: 10 (first 10: [0 1 2 3 4 5 6 7 8 9])
2026-06-25 17:20:07,675 - debug - DEBUG - compute_metrics_and_record started for epoch 62
2026-06-25 17:20:07,675 - debug - DEBUG - all_preds length: 10000, all_targets length: 10000
2026-06-25 17:20:07,675 - debug - DEBUG - First 10 preds: [3, 1, 1, 0, 6, 5, 1, 0, 3, 1]
2026-06-25 17:20:07,675 - debug - DEBUG - First 10 targets: [3, 8, 8, 0, 6, 6, 1, 6, 3, 1]
2026-06-25 17:20:07,678 - debug - DEBUG - Unique predicted classes: 10 (first 10: [0 1 2 3 4 5 6 7 8 9])
2026-06-25 17:20:07,678 - debug - DEBUG - Unique target classes: 10 (first 10: [0 1 2 3 4 5 6 7 8 9])
2026-06-25 17:20:11,840 - debug - DEBUG - compute_metrics_and_record started for epoch 63
2026-06-25 17:20:11,840 - debug - DEBUG - all_preds length: 12406, all_targets length: 12406
2026-06-25 17:20:11,841 - debug - DEBUG - First 10 preds: [3, 0, 2, 4, 3, 0, 3, 0, 1, 1]
2026-06-25 17:20:11,841 - debug - DEBUG - First 10 targets: [3, 0, 2, 4, 3, 0, 3, 0, 1, 1]
2026-06-25 17:20:11,847 - debug - DEBUG - Unique predicted classes: 10 (first 10: [0 1 2 3 4 5 6 7 8 9])
2026-06-25 17:20:11,848 - debug - DEBUG - Unique target classes: 10 (first 10: [0 1 2 3 4 5 6 7 8 9])
2026-06-25 17:20:13,176 - debug - DEBUG - compute_metrics_and_record started for epoch 63
2026-06-25 17:20:13,176 - debug - DEBUG - all_preds length: 10000, all_targets length: 10000
2026-06-25 17:20:13,177 - debug - DEBUG - First 10 preds: [3, 1, 1, 8, 6, 6, 1, 2, 3, 1]
2026-06-25 17:20:13,177 - debug - DEBUG - First 10 targets: [3, 8, 8, 0, 6, 6, 1, 6, 3, 1]
2026-06-25 17:20:13,179 - debug - DEBUG - Unique predicted classes: 10 (first 10: [0 1 2 3 4 5 6 7 8 9])
2026-06-25 17:20:13,179 - debug - DEBUG - Unique target classes: 10 (first 10: [0 1 2 3 4 5 6 7 8 9])
2026-06-25 17:20:17,541 - debug - DEBUG - compute_metrics_and_record started for epoch 64
2026-06-25 17:20:17,542 - debug - DEBUG - all_preds length: 12406, all_targets length: 12406
2026-06-25 17:20:17,542 - debug - DEBUG - First 10 preds: [0, 0, 7, 1, 0, 0, 1, 1, 2, 1]
2026-06-25 17:20:17,542 - debug - DEBUG - First 10 targets: [0, 0, 7, 1, 0, 0, 1, 1, 5, 1]
2026-06-25 17:20:17,549 - debug - DEBUG - Unique predicted classes: 10 (first 10: [0 1 2 3 4 5 6 7 8 9])
2026-06-25 17:20:17,549 - debug - DEBUG - Unique target classes: 10 (first 10: [0 1 2 3 4 5 6 7 8 9])
2026-06-25 17:20:18,953 - debug - DEBUG - compute_metrics_and_record started for epoch 64
2026-06-25 17:20:18,954 - debug - DEBUG - all_preds length: 10000, all_targets length: 10000
2026-06-25 17:20:18,954 - debug - DEBUG - First 10 preds: [3, 8, 8, 0, 6, 5, 1, 2, 3, 1]
2026-06-25 17:20:18,954 - debug - DEBUG - First 10 targets: [3, 8, 8, 0, 6, 6, 1, 6, 3, 1]
2026-06-25 17:20:18,957 - debug - DEBUG - Unique predicted classes: 10 (first 10: [0 1 2 3 4 5 6 7 8 9])
2026-06-25 17:20:18,957 - debug - DEBUG - Unique target classes: 10 (first 10: [0 1 2 3 4 5 6 7 8 9])
2026-06-25 17:20:23,016 - debug - DEBUG - compute_metrics_and_record started for epoch 65
2026-06-25 17:20:23,017 - debug - DEBUG - all_preds length: 12406, all_targets length: 12406
2026-06-25 17:20:23,017 - debug - DEBUG - First 10 preds: [1, 0, 1, 0, 0, 4, 3, 2, 1, 1]
2026-06-25 17:20:23,017 - debug - DEBUG - First 10 targets: [1, 0, 1, 0, 0, 4, 2, 2, 1, 1]
2026-06-25 17:20:23,022 - debug - DEBUG - Unique predicted classes: 10 (first 10: [0 1 2 3 4 5 6 7 8 9])
2026-06-25 17:20:23,023 - debug - DEBUG - Unique target classes: 10 (first 10: [0 1 2 3 4 5 6 7 8 9])
2026-06-25 17:20:24,481 - debug - DEBUG - compute_metrics_and_record started for epoch 65
2026-06-25 17:20:24,482 - debug - DEBUG - all_preds length: 10000, all_targets length: 10000
2026-06-25 17:20:24,482 - debug - DEBUG - First 10 preds: [3, 1, 1, 0, 6, 4, 1, 2, 3, 1]
2026-06-25 17:20:24,482 - debug - DEBUG - First 10 targets: [3, 8, 8, 0, 6, 6, 1, 6, 3, 1]
2026-06-25 17:20:24,484 - debug - DEBUG - Unique predicted classes: 10 (first 10: [0 1 2 3 4 5 6 7 8 9])
2026-06-25 17:20:24,484 - debug - DEBUG - Unique target classes: 10 (first 10: [0 1 2 3 4 5 6 7 8 9])
2026-06-25 17:20:28,705 - debug - DEBUG - compute_metrics_and_record started for epoch 66
2026-06-25 17:20:28,705 - debug - DEBUG - all_preds length: 12406, all_targets length: 12406
2026-06-25 17:20:28,706 - debug - DEBUG - First 10 preds: [1, 2, 2, 2, 4, 3, 0, 2, 3, 1]
2026-06-25 17:20:28,706 - debug - DEBUG - First 10 targets: [1, 2, 2, 2, 2, 3, 0, 2, 3, 1]
2026-06-25 17:20:28,710 - debug - DEBUG - Unique predicted classes: 10 (first 10: [0 1 2 3 4 5 6 7 8 9])
2026-06-25 17:20:28,710 - debug - DEBUG - Unique target classes: 10 (first 10: [0 1 2 3 4 5 6 7 8 9])
2026-06-25 17:20:30,203 - debug - DEBUG - compute_metrics_and_record started for epoch 66
2026-06-25 17:20:30,203 - debug - DEBUG - all_preds length: 10000, all_targets length: 10000
2026-06-25 17:20:30,204 - debug - DEBUG - First 10 preds: [1, 8, 1, 0, 6, 6, 1, 2, 3, 1]
2026-06-25 17:20:30,204 - debug - DEBUG - First 10 targets: [3, 8, 8, 0, 6, 6, 1, 6, 3, 1]
2026-06-25 17:20:30,206 - debug - DEBUG - Unique predicted classes: 10 (first 10: [0 1 2 3 4 5 6 7 8 9])
2026-06-25 17:20:30,206 - debug - DEBUG - Unique target classes: 10 (first 10: [0 1 2 3 4 5 6 7 8 9])
2026-06-25 17:20:34,402 - debug - DEBUG - compute_metrics_and_record started for epoch 67
2026-06-25 17:20:34,402 - debug - DEBUG - all_preds length: 12406, all_targets length: 12406
2026-06-25 17:20:34,403 - debug - DEBUG - First 10 preds: [0, 1, 0, 4, 3, 0, 3, 3, 2, 0]
2026-06-25 17:20:34,403 - debug - DEBUG - First 10 targets: [0, 1, 0, 4, 3, 0, 3, 3, 4, 0]
2026-06-25 17:20:34,406 - debug - DEBUG - Unique predicted classes: 10 (first 10: [0 1 2 3 4 5 6 7 8 9])
2026-06-25 17:20:34,407 - debug - DEBUG - Unique target classes: 10 (first 10: [0 1 2 3 4 5 6 7 8 9])
2026-06-25 17:20:35,845 - debug - DEBUG - compute_metrics_and_record started for epoch 67
2026-06-25 17:20:35,845 - debug - DEBUG - all_preds length: 10000, all_targets length: 10000
2026-06-25 17:20:35,845 - debug - DEBUG - First 10 preds: [3, 1, 1, 0, 6, 6, 1, 4, 3, 1]
2026-06-25 17:20:35,845 - debug - DEBUG - First 10 targets: [3, 8, 8, 0, 6, 6, 1, 6, 3, 1]
2026-06-25 17:20:35,848 - debug - DEBUG - Unique predicted classes: 10 (first 10: [0 1 2 3 4 5 6 7 8 9])
2026-06-25 17:20:35,848 - debug - DEBUG - Unique target classes: 10 (first 10: [0 1 2 3 4 5 6 7 8 9])
2026-06-25 17:20:40,135 - debug - DEBUG - compute_metrics_and_record started for epoch 68
2026-06-25 17:20:40,136 - debug - DEBUG - all_preds length: 12406, all_targets length: 12406
2026-06-25 17:20:40,136 - debug - DEBUG - First 10 preds: [0, 0, 0, 4, 2, 0, 1, 0, 2, 0]
2026-06-25 17:20:40,136 - debug - DEBUG - First 10 targets: [0, 0, 0, 4, 2, 0, 1, 0, 2, 0]
2026-06-25 17:20:40,140 - debug - DEBUG - Unique predicted classes: 10 (first 10: [0 1 2 3 4 5 6 7 8 9])
2026-06-25 17:20:40,140 - debug - DEBUG - Unique target classes: 10 (first 10: [0 1 2 3 4 5 6 7 8 9])
2026-06-25 17:20:41,545 - debug - DEBUG - compute_metrics_and_record started for epoch 68
2026-06-25 17:20:41,546 - debug - DEBUG - all_preds length: 10000, all_targets length: 10000
2026-06-25 17:20:41,546 - debug - DEBUG - First 10 preds: [3, 8, 8, 0, 6, 6, 1, 2, 3, 1]
2026-06-25 17:20:41,546 - debug - DEBUG - First 10 targets: [3, 8, 8, 0, 6, 6, 1, 6, 3, 1]
2026-06-25 17:20:41,548 - debug - DEBUG - Unique predicted classes: 10 (first 10: [0 1 2 3 4 5 6 7 8 9])
2026-06-25 17:20:41,548 - debug - DEBUG - Unique target classes: 10 (first 10: [0 1 2 3 4 5 6 7 8 9])
2026-06-25 17:20:45,812 - debug - DEBUG - compute_metrics_and_record started for epoch 69
2026-06-25 17:20:45,812 - debug - DEBUG - all_preds length: 12406, all_targets length: 12406
2026-06-25 17:20:45,812 - debug - DEBUG - First 10 preds: [3, 0, 1, 0, 2, 1, 1, 0, 0, 4]
2026-06-25 17:20:45,812 - debug - DEBUG - First 10 targets: [3, 0, 1, 0, 2, 1, 1, 0, 0, 4]
2026-06-25 17:20:45,818 - debug - DEBUG - Unique predicted classes: 10 (first 10: [0 1 2 3 4 5 6 7 8 9])
2026-06-25 17:20:45,819 - debug - DEBUG - Unique target classes: 10 (first 10: [0 1 2 3 4 5 6 7 8 9])
2026-06-25 17:20:47,099 - debug - DEBUG - compute_metrics_and_record started for epoch 69
2026-06-25 17:20:47,100 - debug - DEBUG - all_preds length: 10000, all_targets length: 10000
2026-06-25 17:20:47,100 - debug - DEBUG - First 10 preds: [3, 1, 1, 0, 6, 6, 1, 2, 3, 1]
2026-06-25 17:20:47,100 - debug - DEBUG - First 10 targets: [3, 8, 8, 0, 6, 6, 1, 6, 3, 1]
2026-06-25 17:20:47,103 - debug - DEBUG - Unique predicted classes: 10 (first 10: [0 1 2 3 4 5 6 7 8 9])
2026-06-25 17:20:47,103 - debug - DEBUG - Unique target classes: 10 (first 10: [0 1 2 3 4 5 6 7 8 9])
2026-06-25 17:20:51,517 - debug - DEBUG - compute_metrics_and_record started for epoch 70
2026-06-25 17:20:51,518 - debug - DEBUG - all_preds length: 12406, all_targets length: 12406
2026-06-25 17:20:51,518 - debug - DEBUG - First 10 preds: [2, 7, 4, 1, 0, 1, 6, 0, 1, 5]
2026-06-25 17:20:51,518 - debug - DEBUG - First 10 targets: [2, 7, 4, 1, 0, 1, 2, 0, 1, 5]
2026-06-25 17:20:51,523 - debug - DEBUG - Unique predicted classes: 10 (first 10: [0 1 2 3 4 5 6 7 8 9])
2026-06-25 17:20:51,524 - debug - DEBUG - Unique target classes: 10 (first 10: [0 1 2 3 4 5 6 7 8 9])
2026-06-25 17:20:52,805 - debug - DEBUG - compute_metrics_and_record started for epoch 70
2026-06-25 17:20:52,805 - debug - DEBUG - all_preds length: 10000, all_targets length: 10000
2026-06-25 17:20:52,805 - debug - DEBUG - First 10 preds: [3, 1, 1, 0, 6, 6, 1, 2, 3, 1]
2026-06-25 17:20:52,805 - debug - DEBUG - First 10 targets: [3, 8, 8, 0, 6, 6, 1, 6, 3, 1]
2026-06-25 17:20:52,808 - debug - DEBUG - Unique predicted classes: 10 (first 10: [0 1 2 3 4 5 6 7 8 9])
2026-06-25 17:20:52,808 - debug - DEBUG - Unique target classes: 10 (first 10: [0 1 2 3 4 5 6 7 8 9])
2026-06-25 17:20:57,001 - debug - DEBUG - compute_metrics_and_record started for epoch 71
2026-06-25 17:20:57,001 - debug - DEBUG - all_preds length: 12406, all_targets length: 12406
2026-06-25 17:20:57,002 - debug - DEBUG - First 10 preds: [1, 1, 0, 2, 0, 0, 0, 1, 0, 2]
2026-06-25 17:20:57,002 - debug - DEBUG - First 10 targets: [1, 1, 0, 2, 0, 0, 0, 1, 0, 2]
2026-06-25 17:20:57,008 - debug - DEBUG - Unique predicted classes: 10 (first 10: [0 1 2 3 4 5 6 7 8 9])
2026-06-25 17:20:57,008 - debug - DEBUG - Unique target classes: 10 (first 10: [0 1 2 3 4 5 6 7 8 9])
2026-06-25 17:20:58,276 - debug - DEBUG - compute_metrics_and_record started for epoch 71
2026-06-25 17:20:58,276 - debug - DEBUG - all_preds length: 10000, all_targets length: 10000
2026-06-25 17:20:58,276 - debug - DEBUG - First 10 preds: [3, 1, 1, 0, 6, 3, 1, 2, 3, 1]
2026-06-25 17:20:58,277 - debug - DEBUG - First 10 targets: [3, 8, 8, 0, 6, 6, 1, 6, 3, 1]
2026-06-25 17:20:58,279 - debug - DEBUG - Unique predicted classes: 10 (first 10: [0 1 2 3 4 5 6 7 8 9])
2026-06-25 17:20:58,279 - debug - DEBUG - Unique target classes: 10 (first 10: [0 1 2 3 4 5 6 7 8 9])
2026-06-25 17:21:02,546 - debug - DEBUG - compute_metrics_and_record started for epoch 72
2026-06-25 17:21:02,547 - debug - DEBUG - all_preds length: 12406, all_targets length: 12406
2026-06-25 17:21:02,547 - debug - DEBUG - First 10 preds: [3, 2, 0, 1, 0, 2, 0, 2, 4, 1]
2026-06-25 17:21:02,547 - debug - DEBUG - First 10 targets: [3, 2, 0, 1, 0, 0, 0, 2, 4, 1]
2026-06-25 17:21:02,552 - debug - DEBUG - Unique predicted classes: 10 (first 10: [0 1 2 3 4 5 6 7 8 9])
2026-06-25 17:21:02,552 - debug - DEBUG - Unique target classes: 10 (first 10: [0 1 2 3 4 5 6 7 8 9])
2026-06-25 17:21:03,846 - debug - DEBUG - compute_metrics_and_record started for epoch 72
2026-06-25 17:21:03,847 - debug - DEBUG - all_preds length: 10000, all_targets length: 10000
2026-06-25 17:21:03,847 - debug - DEBUG - First 10 preds: [3, 1, 0, 0, 6, 5, 1, 4, 3, 1]
2026-06-25 17:21:03,847 - debug - DEBUG - First 10 targets: [3, 8, 8, 0, 6, 6, 1, 6, 3, 1]
2026-06-25 17:21:03,849 - debug - DEBUG - Unique predicted classes: 10 (first 10: [0 1 2 3 4 5 6 7 8 9])
2026-06-25 17:21:03,850 - debug - DEBUG - Unique target classes: 10 (first 10: [0 1 2 3 4 5 6 7 8 9])
2026-06-25 17:21:07,987 - debug - DEBUG - compute_metrics_and_record started for epoch 73
2026-06-25 17:21:07,987 - debug - DEBUG - all_preds length: 12406, all_targets length: 12406
2026-06-25 17:21:07,987 - debug - DEBUG - First 10 preds: [0, 0, 2, 0, 1, 0, 1, 5, 0, 0]
2026-06-25 17:21:07,988 - debug - DEBUG - First 10 targets: [0, 0, 2, 0, 1, 0, 1, 5, 0, 0]
2026-06-25 17:21:07,992 - debug - DEBUG - Unique predicted classes: 10 (first 10: [0 1 2 3 4 5 6 7 8 9])
2026-06-25 17:21:07,992 - debug - DEBUG - Unique target classes: 10 (first 10: [0 1 2 3 4 5 6 7 8 9])
2026-06-25 17:21:09,377 - debug - DEBUG - compute_metrics_and_record started for epoch 73
2026-06-25 17:21:09,377 - debug - DEBUG - all_preds length: 10000, all_targets length: 10000
2026-06-25 17:21:09,377 - debug - DEBUG - First 10 preds: [3, 1, 1, 0, 6, 5, 1, 2, 3, 1]
2026-06-25 17:21:09,377 - debug - DEBUG - First 10 targets: [3, 8, 8, 0, 6, 6, 1, 6, 3, 1]
2026-06-25 17:21:09,380 - debug - DEBUG - Unique predicted classes: 10 (first 10: [0 1 2 3 4 5 6 7 8 9])
2026-06-25 17:21:09,380 - debug - DEBUG - Unique target classes: 10 (first 10: [0 1 2 3 4 5 6 7 8 9])
2026-06-25 17:21:13,752 - debug - DEBUG - compute_metrics_and_record started for epoch 74
2026-06-25 17:21:13,753 - debug - DEBUG - all_preds length: 12406, all_targets length: 12406
2026-06-25 17:21:13,753 - debug - DEBUG - First 10 preds: [2, 2, 1, 2, 0, 0, 2, 0, 4, 2]
2026-06-25 17:21:13,753 - debug - DEBUG - First 10 targets: [2, 2, 1, 2, 0, 0, 0, 0, 2, 2]
2026-06-25 17:21:13,759 - debug - DEBUG - Unique predicted classes: 10 (first 10: [0 1 2 3 4 5 6 7 8 9])
2026-06-25 17:21:13,760 - debug - DEBUG - Unique target classes: 10 (first 10: [0 1 2 3 4 5 6 7 8 9])
2026-06-25 17:21:15,290 - debug - DEBUG - compute_metrics_and_record started for epoch 74
2026-06-25 17:21:15,291 - debug - DEBUG - all_preds length: 10000, all_targets length: 10000
2026-06-25 17:21:15,291 - debug - DEBUG - First 10 preds: [3, 1, 6, 0, 6, 6, 1, 2, 3, 1]
2026-06-25 17:21:15,291 - debug - DEBUG - First 10 targets: [3, 8, 8, 0, 6, 6, 1, 6, 3, 1]
2026-06-25 17:21:15,293 - debug - DEBUG - Unique predicted classes: 10 (first 10: [0 1 2 3 4 5 6 7 8 9])
2026-06-25 17:21:15,294 - debug - DEBUG - Unique target classes: 10 (first 10: [0 1 2 3 4 5 6 7 8 9])
2026-06-25 17:21:19,551 - debug - DEBUG - compute_metrics_and_record started for epoch 75
2026-06-25 17:21:19,551 - debug - DEBUG - all_preds length: 12406, all_targets length: 12406
2026-06-25 17:21:19,551 - debug - DEBUG - First 10 preds: [0, 2, 2, 0, 0, 0, 0, 4, 1, 0]
2026-06-25 17:21:19,551 - debug - DEBUG - First 10 targets: [0, 2, 2, 0, 0, 0, 0, 4, 1, 0]
2026-06-25 17:21:19,555 - debug - DEBUG - Unique predicted classes: 10 (first 10: [0 1 2 3 4 5 6 7 8 9])
2026-06-25 17:21:19,555 - debug - DEBUG - Unique target classes: 10 (first 10: [0 1 2 3 4 5 6 7 8 9])
2026-06-25 17:21:20,947 - debug - DEBUG - compute_metrics_and_record started for epoch 75
2026-06-25 17:21:20,948 - debug - DEBUG - all_preds length: 10000, all_targets length: 10000
2026-06-25 17:21:20,948 - debug - DEBUG - First 10 preds: [3, 0, 1, 0, 6, 6, 1, 2, 3, 1]
2026-06-25 17:21:20,948 - debug - DEBUG - First 10 targets: [3, 8, 8, 0, 6, 6, 1, 6, 3, 1]
2026-06-25 17:21:20,950 - debug - DEBUG - Unique predicted classes: 10 (first 10: [0 1 2 3 4 5 6 7 8 9])
2026-06-25 17:21:20,950 - debug - DEBUG - Unique target classes: 10 (first 10: [0 1 2 3 4 5 6 7 8 9])
2026-06-25 17:21:25,285 - debug - DEBUG - compute_metrics_and_record started for epoch 76
2026-06-25 17:21:25,286 - debug - DEBUG - all_preds length: 12406, all_targets length: 12406
2026-06-25 17:21:25,286 - debug - DEBUG - First 10 preds: [0, 1, 4, 1, 1, 0, 0, 1, 0, 0]
2026-06-25 17:21:25,286 - debug - DEBUG - First 10 targets: [0, 1, 4, 1, 1, 1, 0, 1, 0, 0]
2026-06-25 17:21:25,292 - debug - DEBUG - Unique predicted classes: 10 (first 10: [0 1 2 3 4 5 6 7 8 9])
2026-06-25 17:21:25,293 - debug - DEBUG - Unique target classes: 10 (first 10: [0 1 2 3 4 5 6 7 8 9])
2026-06-25 17:21:26,691 - debug - DEBUG - compute_metrics_and_record started for epoch 76
2026-06-25 17:21:26,691 - debug - DEBUG - all_preds length: 10000, all_targets length: 10000
2026-06-25 17:21:26,691 - debug - DEBUG - First 10 preds: [3, 8, 8, 0, 6, 6, 1, 2, 3, 1]
2026-06-25 17:21:26,691 - debug - DEBUG - First 10 targets: [3, 8, 8, 0, 6, 6, 1, 6, 3, 1]
2026-06-25 17:21:26,694 - debug - DEBUG - Unique predicted classes: 10 (first 10: [0 1 2 3 4 5 6 7 8 9])
2026-06-25 17:21:26,694 - debug - DEBUG - Unique target classes: 10 (first 10: [0 1 2 3 4 5 6 7 8 9])
2026-06-25 17:21:30,703 - debug - DEBUG - compute_metrics_and_record started for epoch 77
2026-06-25 17:21:30,704 - debug - DEBUG - all_preds length: 12406, all_targets length: 12406
2026-06-25 17:21:30,704 - debug - DEBUG - First 10 preds: [0, 1, 0, 3, 8, 0, 0, 2, 0, 0]
2026-06-25 17:21:30,704 - debug - DEBUG - First 10 targets: [0, 1, 0, 3, 8, 0, 0, 2, 0, 0]
2026-06-25 17:21:30,707 - debug - DEBUG - Unique predicted classes: 10 (first 10: [0 1 2 3 4 5 6 7 8 9])
2026-06-25 17:21:30,708 - debug - DEBUG - Unique target classes: 10 (first 10: [0 1 2 3 4 5 6 7 8 9])
2026-06-25 17:21:32,070 - debug - DEBUG - compute_metrics_and_record started for epoch 77
2026-06-25 17:21:32,070 - debug - DEBUG - all_preds length: 10000, all_targets length: 10000
2026-06-25 17:21:32,070 - debug - DEBUG - First 10 preds: [3, 1, 8, 0, 6, 6, 1, 4, 3, 1]
2026-06-25 17:21:32,070 - debug - DEBUG - First 10 targets: [3, 8, 8, 0, 6, 6, 1, 6, 3, 1]
2026-06-25 17:21:32,073 - debug - DEBUG - Unique predicted classes: 10 (first 10: [0 1 2 3 4 5 6 7 8 9])
2026-06-25 17:21:32,073 - debug - DEBUG - Unique target classes: 10 (first 10: [0 1 2 3 4 5 6 7 8 9])
2026-06-25 17:21:35,882 - debug - DEBUG - compute_metrics_and_record started for epoch 78
2026-06-25 17:21:35,882 - debug - DEBUG - all_preds length: 12406, all_targets length: 12406
2026-06-25 17:21:35,882 - debug - DEBUG - First 10 preds: [1, 4, 2, 0, 0, 1, 0, 1, 1, 4]
2026-06-25 17:21:35,882 - debug - DEBUG - First 10 targets: [1, 4, 2, 0, 0, 1, 0, 1, 1, 4]
2026-06-25 17:21:35,886 - debug - DEBUG - Unique predicted classes: 10 (first 10: [0 1 2 3 4 5 6 7 8 9])
2026-06-25 17:21:35,887 - debug - DEBUG - Unique target classes: 10 (first 10: [0 1 2 3 4 5 6 7 8 9])
2026-06-25 17:21:37,296 - debug - DEBUG - compute_metrics_and_record started for epoch 78
2026-06-25 17:21:37,296 - debug - DEBUG - all_preds length: 10000, all_targets length: 10000
2026-06-25 17:21:37,296 - debug - DEBUG - First 10 preds: [3, 1, 8, 0, 6, 6, 1, 4, 3, 1]
2026-06-25 17:21:37,297 - debug - DEBUG - First 10 targets: [3, 8, 8, 0, 6, 6, 1, 6, 3, 1]
2026-06-25 17:21:37,299 - debug - DEBUG - Unique predicted classes: 10 (first 10: [0 1 2 3 4 5 6 7 8 9])
2026-06-25 17:21:37,299 - debug - DEBUG - Unique target classes: 10 (first 10: [0 1 2 3 4 5 6 7 8 9])
2026-06-25 17:21:41,490 - debug - DEBUG - compute_metrics_and_record started for epoch 79
2026-06-25 17:21:41,490 - debug - DEBUG - all_preds length: 12406, all_targets length: 12406
2026-06-25 17:21:41,491 - debug - DEBUG - First 10 preds: [0, 0, 1, 4, 0, 1, 5, 0, 1, 0]
2026-06-25 17:21:41,491 - debug - DEBUG - First 10 targets: [0, 0, 1, 4, 0, 1, 5, 0, 1, 0]
2026-06-25 17:21:41,497 - debug - DEBUG - Unique predicted classes: 10 (first 10: [0 1 2 3 4 5 6 7 8 9])
2026-06-25 17:21:41,498 - debug - DEBUG - Unique target classes: 10 (first 10: [0 1 2 3 4 5 6 7 8 9])
2026-06-25 17:21:42,914 - debug - DEBUG - compute_metrics_and_record started for epoch 79
2026-06-25 17:21:42,915 - debug - DEBUG - all_preds length: 10000, all_targets length: 10000
2026-06-25 17:21:42,915 - debug - DEBUG - First 10 preds: [3, 8, 8, 0, 1, 6, 1, 2, 3, 1]
2026-06-25 17:21:42,915 - debug - DEBUG - First 10 targets: [3, 8, 8, 0, 6, 6, 1, 6, 3, 1]
2026-06-25 17:21:42,917 - debug - DEBUG - Unique predicted classes: 10 (first 10: [0 1 2 3 4 5 6 7 8 9])
2026-06-25 17:21:42,917 - debug - DEBUG - Unique target classes: 10 (first 10: [0 1 2 3 4 5 6 7 8 9])
2026-06-25 17:21:47,064 - debug - DEBUG - compute_metrics_and_record started for epoch 80
2026-06-25 17:21:47,065 - debug - DEBUG - all_preds length: 12406, all_targets length: 12406
2026-06-25 17:21:47,065 - debug - DEBUG - First 10 preds: [0, 0, 1, 0, 3, 4, 5, 6, 2, 1]
2026-06-25 17:21:47,065 - debug - DEBUG - First 10 targets: [0, 0, 1, 0, 3, 4, 5, 6, 2, 1]
2026-06-25 17:21:47,070 - debug - DEBUG - Unique predicted classes: 10 (first 10: [0 1 2 3 4 5 6 7 8 9])
2026-06-25 17:21:47,071 - debug - DEBUG - Unique target classes: 10 (first 10: [0 1 2 3 4 5 6 7 8 9])
2026-06-25 17:21:48,438 - debug - DEBUG - compute_metrics_and_record started for epoch 80
2026-06-25 17:21:48,438 - debug - DEBUG - all_preds length: 10000, all_targets length: 10000
2026-06-25 17:21:48,438 - debug - DEBUG - First 10 preds: [3, 1, 1, 0, 6, 5, 1, 2, 3, 1]
2026-06-25 17:21:48,438 - debug - DEBUG - First 10 targets: [3, 8, 8, 0, 6, 6, 1, 6, 3, 1]
2026-06-25 17:21:48,440 - debug - DEBUG - Unique predicted classes: 10 (first 10: [0 1 2 3 4 5 6 7 8 9])
2026-06-25 17:21:48,441 - debug - DEBUG - Unique target classes: 10 (first 10: [0 1 2 3 4 5 6 7 8 9])
2026-06-25 17:21:52,754 - debug - DEBUG - compute_metrics_and_record started for epoch 81
2026-06-25 17:21:52,754 - debug - DEBUG - all_preds length: 12406, all_targets length: 12406
2026-06-25 17:21:52,754 - debug - DEBUG - First 10 preds: [5, 4, 2, 0, 0, 0, 2, 0, 0, 0]
2026-06-25 17:21:52,755 - debug - DEBUG - First 10 targets: [5, 4, 3, 0, 0, 0, 2, 0, 0, 0]
2026-06-25 17:21:52,759 - debug - DEBUG - Unique predicted classes: 10 (first 10: [0 1 2 3 4 5 6 7 8 9])
2026-06-25 17:21:52,759 - debug - DEBUG - Unique target classes: 10 (first 10: [0 1 2 3 4 5 6 7 8 9])
2026-06-25 17:21:54,142 - debug - DEBUG - compute_metrics_and_record started for epoch 81
2026-06-25 17:21:54,142 - debug - DEBUG - all_preds length: 10000, all_targets length: 10000
2026-06-25 17:21:54,142 - debug - DEBUG - First 10 preds: [3, 1, 8, 0, 6, 6, 1, 2, 3, 1]
2026-06-25 17:21:54,142 - debug - DEBUG - First 10 targets: [3, 8, 8, 0, 6, 6, 1, 6, 3, 1]
2026-06-25 17:21:54,144 - debug - DEBUG - Unique predicted classes: 10 (first 10: [0 1 2 3 4 5 6 7 8 9])
2026-06-25 17:21:54,145 - debug - DEBUG - Unique target classes: 10 (first 10: [0 1 2 3 4 5 6 7 8 9])
2026-06-25 17:21:58,302 - debug - DEBUG - compute_metrics_and_record started for epoch 82
2026-06-25 17:21:58,303 - debug - DEBUG - all_preds length: 12406, all_targets length: 12406
2026-06-25 17:21:58,303 - debug - DEBUG - First 10 preds: [1, 0, 3, 0, 1, 1, 2, 4, 0, 1]
2026-06-25 17:21:58,303 - debug - DEBUG - First 10 targets: [1, 0, 3, 0, 1, 1, 2, 4, 0, 1]
2026-06-25 17:21:58,307 - debug - DEBUG - Unique predicted classes: 10 (first 10: [0 1 2 3 4 5 6 7 8 9])
2026-06-25 17:21:58,307 - debug - DEBUG - Unique target classes: 10 (first 10: [0 1 2 3 4 5 6 7 8 9])
2026-06-25 17:21:59,626 - debug - DEBUG - compute_metrics_and_record started for epoch 82
2026-06-25 17:21:59,627 - debug - DEBUG - all_preds length: 10000, all_targets length: 10000
2026-06-25 17:21:59,627 - debug - DEBUG - First 10 preds: [3, 1, 1, 0, 6, 6, 1, 2, 3, 1]
2026-06-25 17:21:59,627 - debug - DEBUG - First 10 targets: [3, 8, 8, 0, 6, 6, 1, 6, 3, 1]
2026-06-25 17:21:59,629 - debug - DEBUG - Unique predicted classes: 10 (first 10: [0 1 2 3 4 5 6 7 8 9])
2026-06-25 17:21:59,629 - debug - DEBUG - Unique target classes: 10 (first 10: [0 1 2 3 4 5 6 7 8 9])
2026-06-25 17:22:04,138 - debug - DEBUG - compute_metrics_and_record started for epoch 83
2026-06-25 17:22:04,138 - debug - DEBUG - all_preds length: 12406, all_targets length: 12406
2026-06-25 17:22:04,139 - debug - DEBUG - First 10 preds: [1, 0, 0, 1, 3, 2, 2, 0, 2, 2]
2026-06-25 17:22:04,139 - debug - DEBUG - First 10 targets: [1, 0, 0, 1, 4, 2, 2, 0, 2, 2]
2026-06-25 17:22:04,145 - debug - DEBUG - Unique predicted classes: 10 (first 10: [0 1 2 3 4 5 6 7 8 9])
2026-06-25 17:22:04,145 - debug - DEBUG - Unique target classes: 10 (first 10: [0 1 2 3 4 5 6 7 8 9])
2026-06-25 17:22:05,515 - debug - DEBUG - compute_metrics_and_record started for epoch 83
2026-06-25 17:22:05,515 - debug - DEBUG - all_preds length: 10000, all_targets length: 10000
2026-06-25 17:22:05,515 - debug - DEBUG - First 10 preds: [3, 8, 8, 8, 6, 6, 1, 2, 3, 1]
2026-06-25 17:22:05,515 - debug - DEBUG - First 10 targets: [3, 8, 8, 0, 6, 6, 1, 6, 3, 1]
2026-06-25 17:22:05,518 - debug - DEBUG - Unique predicted classes: 10 (first 10: [0 1 2 3 4 5 6 7 8 9])
2026-06-25 17:22:05,518 - debug - DEBUG - Unique target classes: 10 (first 10: [0 1 2 3 4 5 6 7 8 9])
2026-06-25 17:22:09,771 - debug - DEBUG - compute_metrics_and_record started for epoch 84
2026-06-25 17:22:09,772 - debug - DEBUG - all_preds length: 12406, all_targets length: 12406
2026-06-25 17:22:09,772 - debug - DEBUG - First 10 preds: [0, 0, 1, 6, 1, 5, 0, 5, 6, 0]
2026-06-25 17:22:09,772 - debug - DEBUG - First 10 targets: [0, 1, 1, 6, 1, 5, 0, 5, 6, 0]
2026-06-25 17:22:09,779 - debug - DEBUG - Unique predicted classes: 10 (first 10: [0 1 2 3 4 5 6 7 8 9])
2026-06-25 17:22:09,779 - debug - DEBUG - Unique target classes: 10 (first 10: [0 1 2 3 4 5 6 7 8 9])
2026-06-25 17:22:11,176 - debug - DEBUG - compute_metrics_and_record started for epoch 84
2026-06-25 17:22:11,176 - debug - DEBUG - all_preds length: 10000, all_targets length: 10000
2026-06-25 17:22:11,176 - debug - DEBUG - First 10 preds: [3, 1, 1, 0, 6, 6, 1, 2, 3, 1]
2026-06-25 17:22:11,176 - debug - DEBUG - First 10 targets: [3, 8, 8, 0, 6, 6, 1, 6, 3, 1]
2026-06-25 17:22:11,179 - debug - DEBUG - Unique predicted classes: 10 (first 10: [0 1 2 3 4 5 6 7 8 9])
2026-06-25 17:22:11,179 - debug - DEBUG - Unique target classes: 10 (first 10: [0 1 2 3 4 5 6 7 8 9])
2026-06-25 17:22:15,478 - debug - DEBUG - compute_metrics_and_record started for epoch 85
2026-06-25 17:22:15,479 - debug - DEBUG - all_preds length: 12406, all_targets length: 12406
2026-06-25 17:22:15,479 - debug - DEBUG - First 10 preds: [0, 2, 4, 0, 4, 0, 0, 2, 3, 1]
2026-06-25 17:22:15,479 - debug - DEBUG - First 10 targets: [0, 2, 4, 0, 4, 0, 0, 2, 3, 1]
2026-06-25 17:22:15,486 - debug - DEBUG - Unique predicted classes: 10 (first 10: [0 1 2 3 4 5 6 7 8 9])
2026-06-25 17:22:15,486 - debug - DEBUG - Unique target classes: 10 (first 10: [0 1 2 3 4 5 6 7 8 9])
2026-06-25 17:22:16,955 - debug - DEBUG - compute_metrics_and_record started for epoch 85
2026-06-25 17:22:16,956 - debug - DEBUG - all_preds length: 10000, all_targets length: 10000
2026-06-25 17:22:16,956 - debug - DEBUG - First 10 preds: [3, 1, 8, 0, 6, 6, 1, 2, 3, 1]
2026-06-25 17:22:16,956 - debug - DEBUG - First 10 targets: [3, 8, 8, 0, 6, 6, 1, 6, 3, 1]
2026-06-25 17:22:16,958 - debug - DEBUG - Unique predicted classes: 10 (first 10: [0 1 2 3 4 5 6 7 8 9])
2026-06-25 17:22:16,958 - debug - DEBUG - Unique target classes: 10 (first 10: [0 1 2 3 4 5 6 7 8 9])
2026-06-25 17:22:21,043 - debug - DEBUG - compute_metrics_and_record started for epoch 86
2026-06-25 17:22:21,043 - debug - DEBUG - all_preds length: 12406, all_targets length: 12406
2026-06-25 17:22:21,043 - debug - DEBUG - First 10 preds: [0, 0, 1, 0, 0, 1, 0, 0, 0, 0]
2026-06-25 17:22:21,044 - debug - DEBUG - First 10 targets: [0, 0, 1, 0, 0, 1, 0, 0, 0, 0]
2026-06-25 17:22:21,049 - debug - DEBUG - Unique predicted classes: 10 (first 10: [0 1 2 3 4 5 6 7 8 9])
2026-06-25 17:22:21,049 - debug - DEBUG - Unique target classes: 10 (first 10: [0 1 2 3 4 5 6 7 8 9])
2026-06-25 17:22:22,419 - debug - DEBUG - compute_metrics_and_record started for epoch 86
2026-06-25 17:22:22,419 - debug - DEBUG - all_preds length: 10000, all_targets length: 10000
2026-06-25 17:22:22,419 - debug - DEBUG - First 10 preds: [3, 1, 8, 0, 4, 3, 1, 4, 3, 1]
2026-06-25 17:22:22,419 - debug - DEBUG - First 10 targets: [3, 8, 8, 0, 6, 6, 1, 6, 3, 1]
2026-06-25 17:22:22,422 - debug - DEBUG - Unique predicted classes: 10 (first 10: [0 1 2 3 4 5 6 7 8 9])
2026-06-25 17:22:22,422 - debug - DEBUG - Unique target classes: 10 (first 10: [0 1 2 3 4 5 6 7 8 9])
2026-06-25 17:22:26,529 - debug - DEBUG - compute_metrics_and_record started for epoch 87
2026-06-25 17:22:26,529 - debug - DEBUG - all_preds length: 12406, all_targets length: 12406
2026-06-25 17:22:26,529 - debug - DEBUG - First 10 preds: [2, 2, 1, 0, 1, 0, 3, 2, 0, 0]
2026-06-25 17:22:26,529 - debug - DEBUG - First 10 targets: [2, 2, 1, 0, 1, 0, 3, 2, 0, 0]
2026-06-25 17:22:26,534 - debug - DEBUG - Unique predicted classes: 10 (first 10: [0 1 2 3 4 5 6 7 8 9])
2026-06-25 17:22:26,534 - debug - DEBUG - Unique target classes: 10 (first 10: [0 1 2 3 4 5 6 7 8 9])
2026-06-25 17:22:27,940 - debug - DEBUG - compute_metrics_and_record started for epoch 87
2026-06-25 17:22:27,940 - debug - DEBUG - all_preds length: 10000, all_targets length: 10000
2026-06-25 17:22:27,940 - debug - DEBUG - First 10 preds: [3, 8, 1, 0, 6, 6, 1, 2, 5, 1]
2026-06-25 17:22:27,940 - debug - DEBUG - First 10 targets: [3, 8, 8, 0, 6, 6, 1, 6, 3, 1]
2026-06-25 17:22:27,943 - debug - DEBUG - Unique predicted classes: 10 (first 10: [0 1 2 3 4 5 6 7 8 9])
2026-06-25 17:22:27,943 - debug - DEBUG - Unique target classes: 10 (first 10: [0 1 2 3 4 5 6 7 8 9])
2026-06-25 17:22:32,183 - debug - DEBUG - compute_metrics_and_record started for epoch 88
2026-06-25 17:22:32,184 - debug - DEBUG - all_preds length: 12406, all_targets length: 12406
2026-06-25 17:22:32,184 - debug - DEBUG - First 10 preds: [3, 0, 0, 2, 2, 0, 0, 0, 0, 2]
2026-06-25 17:22:32,184 - debug - DEBUG - First 10 targets: [3, 0, 0, 2, 2, 0, 0, 0, 0, 2]
2026-06-25 17:22:32,190 - debug - DEBUG - Unique predicted classes: 10 (first 10: [0 1 2 3 4 5 6 7 8 9])
2026-06-25 17:22:32,191 - debug - DEBUG - Unique target classes: 10 (first 10: [0 1 2 3 4 5 6 7 8 9])
2026-06-25 17:22:33,639 - debug - DEBUG - compute_metrics_and_record started for epoch 88
2026-06-25 17:22:33,639 - debug - DEBUG - all_preds length: 10000, all_targets length: 10000
2026-06-25 17:22:33,639 - debug - DEBUG - First 10 preds: [3, 1, 1, 0, 6, 5, 1, 2, 3, 1]
2026-06-25 17:22:33,639 - debug - DEBUG - First 10 targets: [3, 8, 8, 0, 6, 6, 1, 6, 3, 1]
2026-06-25 17:22:33,642 - debug - DEBUG - Unique predicted classes: 10 (first 10: [0 1 2 3 4 5 6 7 8 9])
2026-06-25 17:22:33,642 - debug - DEBUG - Unique target classes: 10 (first 10: [0 1 2 3 4 5 6 7 8 9])
2026-06-25 17:22:37,796 - debug - DEBUG - compute_metrics_and_record started for epoch 89
2026-06-25 17:22:37,796 - debug - DEBUG - all_preds length: 12406, all_targets length: 12406
2026-06-25 17:22:37,797 - debug - DEBUG - First 10 preds: [0, 0, 1, 3, 0, 0, 5, 0, 0, 0]
2026-06-25 17:22:37,797 - debug - DEBUG - First 10 targets: [0, 0, 1, 3, 0, 0, 5, 0, 0, 0]
2026-06-25 17:22:37,803 - debug - DEBUG - Unique predicted classes: 10 (first 10: [0 1 2 3 4 5 6 7 8 9])
2026-06-25 17:22:37,804 - debug - DEBUG - Unique target classes: 10 (first 10: [0 1 2 3 4 5 6 7 8 9])
2026-06-25 17:22:39,258 - debug - DEBUG - compute_metrics_and_record started for epoch 89
2026-06-25 17:22:39,259 - debug - DEBUG - all_preds length: 10000, all_targets length: 10000
2026-06-25 17:22:39,259 - debug - DEBUG - First 10 preds: [3, 8, 1, 0, 6, 6, 1, 2, 3, 1]
2026-06-25 17:22:39,259 - debug - DEBUG - First 10 targets: [3, 8, 8, 0, 6, 6, 1, 6, 3, 1]
2026-06-25 17:22:39,262 - debug - DEBUG - Unique predicted classes: 10 (first 10: [0 1 2 3 4 5 6 7 8 9])
2026-06-25 17:22:39,262 - debug - DEBUG - Unique target classes: 10 (first 10: [0 1 2 3 4 5 6 7 8 9])
2026-06-25 17:22:43,637 - debug - DEBUG - compute_metrics_and_record started for epoch 90
2026-06-25 17:22:43,638 - debug - DEBUG - all_preds length: 12406, all_targets length: 12406
2026-06-25 17:22:43,638 - debug - DEBUG - First 10 preds: [3, 0, 0, 0, 2, 0, 1, 1, 0, 3]
2026-06-25 17:22:43,638 - debug - DEBUG - First 10 targets: [3, 0, 0, 0, 2, 0, 1, 1, 0, 3]
2026-06-25 17:22:43,644 - debug - DEBUG - Unique predicted classes: 10 (first 10: [0 1 2 3 4 5 6 7 8 9])
2026-06-25 17:22:43,645 - debug - DEBUG - Unique target classes: 10 (first 10: [0 1 2 3 4 5 6 7 8 9])
2026-06-25 17:22:44,983 - debug - DEBUG - compute_metrics_and_record started for epoch 90
2026-06-25 17:22:44,984 - debug - DEBUG - all_preds length: 10000, all_targets length: 10000
2026-06-25 17:22:44,984 - debug - DEBUG - First 10 preds: [3, 1, 1, 0, 6, 6, 1, 2, 3, 1]
2026-06-25 17:22:44,984 - debug - DEBUG - First 10 targets: [3, 8, 8, 0, 6, 6, 1, 6, 3, 1]
2026-06-25 17:22:44,986 - debug - DEBUG - Unique predicted classes: 10 (first 10: [0 1 2 3 4 5 6 7 8 9])
2026-06-25 17:22:44,986 - debug - DEBUG - Unique target classes: 10 (first 10: [0 1 2 3 4 5 6 7 8 9])
2026-06-25 17:22:49,245 - debug - DEBUG - compute_metrics_and_record started for epoch 91
2026-06-25 17:22:49,246 - debug - DEBUG - all_preds length: 12406, all_targets length: 12406
2026-06-25 17:22:49,246 - debug - DEBUG - First 10 preds: [2, 0, 6, 3, 1, 0, 2, 0, 0, 3]
2026-06-25 17:22:49,246 - debug - DEBUG - First 10 targets: [2, 0, 6, 3, 1, 0, 2, 0, 0, 3]
2026-06-25 17:22:49,251 - debug - DEBUG - Unique predicted classes: 10 (first 10: [0 1 2 3 4 5 6 7 8 9])
2026-06-25 17:22:49,251 - debug - DEBUG - Unique target classes: 10 (first 10: [0 1 2 3 4 5 6 7 8 9])
2026-06-25 17:22:50,619 - debug - DEBUG - compute_metrics_and_record started for epoch 91
2026-06-25 17:22:50,619 - debug - DEBUG - all_preds length: 10000, all_targets length: 10000
2026-06-25 17:22:50,619 - debug - DEBUG - First 10 preds: [3, 1, 9, 0, 6, 6, 1, 2, 3, 1]
2026-06-25 17:22:50,619 - debug - DEBUG - First 10 targets: [3, 8, 8, 0, 6, 6, 1, 6, 3, 1]
2026-06-25 17:22:50,622 - debug - DEBUG - Unique predicted classes: 10 (first 10: [0 1 2 3 4 5 6 7 8 9])
2026-06-25 17:22:50,622 - debug - DEBUG - Unique target classes: 10 (first 10: [0 1 2 3 4 5 6 7 8 9])
2026-06-25 17:22:54,941 - debug - DEBUG - compute_metrics_and_record started for epoch 92
2026-06-25 17:22:54,941 - debug - DEBUG - all_preds length: 12406, all_targets length: 12406
2026-06-25 17:22:54,942 - debug - DEBUG - First 10 preds: [1, 0, 0, 1, 3, 2, 0, 1, 2, 2]
2026-06-25 17:22:54,942 - debug - DEBUG - First 10 targets: [1, 0, 0, 1, 3, 2, 0, 1, 2, 2]
2026-06-25 17:22:54,948 - debug - DEBUG - Unique predicted classes: 10 (first 10: [0 1 2 3 4 5 6 7 8 9])
2026-06-25 17:22:54,949 - debug - DEBUG - Unique target classes: 10 (first 10: [0 1 2 3 4 5 6 7 8 9])
2026-06-25 17:22:56,327 - debug - DEBUG - compute_metrics_and_record started for epoch 92
2026-06-25 17:22:56,327 - debug - DEBUG - all_preds length: 10000, all_targets length: 10000
2026-06-25 17:22:56,328 - debug - DEBUG - First 10 preds: [3, 8, 8, 0, 6, 3, 1, 4, 3, 1]
2026-06-25 17:22:56,328 - debug - DEBUG - First 10 targets: [3, 8, 8, 0, 6, 6, 1, 6, 3, 1]
2026-06-25 17:22:56,330 - debug - DEBUG - Unique predicted classes: 10 (first 10: [0 1 2 3 4 5 6 7 8 9])
2026-06-25 17:22:56,330 - debug - DEBUG - Unique target classes: 10 (first 10: [0 1 2 3 4 5 6 7 8 9])
2026-06-25 17:23:00,806 - debug - DEBUG - compute_metrics_and_record started for epoch 93
2026-06-25 17:23:00,807 - debug - DEBUG - all_preds length: 12406, all_targets length: 12406
2026-06-25 17:23:00,807 - debug - DEBUG - First 10 preds: [0, 4, 1, 0, 0, 3, 3, 8, 1, 0]
2026-06-25 17:23:00,807 - debug - DEBUG - First 10 targets: [0, 4, 1, 2, 0, 3, 2, 8, 1, 0]
2026-06-25 17:23:00,812 - debug - DEBUG - Unique predicted classes: 10 (first 10: [0 1 2 3 4 5 6 7 8 9])
2026-06-25 17:23:00,812 - debug - DEBUG - Unique target classes: 10 (first 10: [0 1 2 3 4 5 6 7 8 9])
2026-06-25 17:23:02,073 - debug - DEBUG - compute_metrics_and_record started for epoch 93
2026-06-25 17:23:02,074 - debug - DEBUG - all_preds length: 10000, all_targets length: 10000
2026-06-25 17:23:02,074 - debug - DEBUG - First 10 preds: [3, 1, 1, 0, 6, 6, 1, 2, 3, 1]
2026-06-25 17:23:02,074 - debug - DEBUG - First 10 targets: [3, 8, 8, 0, 6, 6, 1, 6, 3, 1]
2026-06-25 17:23:02,076 - debug - DEBUG - Unique predicted classes: 10 (first 10: [0 1 2 3 4 5 6 7 8 9])
2026-06-25 17:23:02,076 - debug - DEBUG - Unique target classes: 10 (first 10: [0 1 2 3 4 5 6 7 8 9])
2026-06-25 17:23:06,227 - debug - DEBUG - compute_metrics_and_record started for epoch 94
2026-06-25 17:23:06,227 - debug - DEBUG - all_preds length: 12406, all_targets length: 12406
2026-06-25 17:23:06,227 - debug - DEBUG - First 10 preds: [3, 0, 2, 1, 3, 5, 1, 0, 1, 0]
2026-06-25 17:23:06,228 - debug - DEBUG - First 10 targets: [3, 0, 2, 1, 3, 5, 1, 0, 1, 0]
2026-06-25 17:23:06,234 - debug - DEBUG - Unique predicted classes: 10 (first 10: [0 1 2 3 4 5 6 7 8 9])
2026-06-25 17:23:06,234 - debug - DEBUG - Unique target classes: 10 (first 10: [0 1 2 3 4 5 6 7 8 9])
2026-06-25 17:23:07,615 - debug - DEBUG - compute_metrics_and_record started for epoch 94
2026-06-25 17:23:07,615 - debug - DEBUG - all_preds length: 10000, all_targets length: 10000
2026-06-25 17:23:07,615 - debug - DEBUG - First 10 preds: [3, 1, 1, 0, 2, 6, 1, 2, 3, 1]
2026-06-25 17:23:07,616 - debug - DEBUG - First 10 targets: [3, 8, 8, 0, 6, 6, 1, 6, 3, 1]
2026-06-25 17:23:07,618 - debug - DEBUG - Unique predicted classes: 10 (first 10: [0 1 2 3 4 5 6 7 8 9])
2026-06-25 17:23:07,618 - debug - DEBUG - Unique target classes: 10 (first 10: [0 1 2 3 4 5 6 7 8 9])
2026-06-25 17:23:11,883 - debug - DEBUG - compute_metrics_and_record started for epoch 95
2026-06-25 17:23:11,883 - debug - DEBUG - all_preds length: 12406, all_targets length: 12406
2026-06-25 17:23:11,884 - debug - DEBUG - First 10 preds: [1, 0, 0, 2, 2, 0, 0, 1, 4, 1]
2026-06-25 17:23:11,884 - debug - DEBUG - First 10 targets: [1, 0, 0, 2, 2, 0, 0, 1, 4, 1]
2026-06-25 17:23:11,890 - debug - DEBUG - Unique predicted classes: 10 (first 10: [0 1 2 3 4 5 6 7 8 9])
2026-06-25 17:23:11,890 - debug - DEBUG - Unique target classes: 10 (first 10: [0 1 2 3 4 5 6 7 8 9])
2026-06-25 17:23:13,447 - debug - DEBUG - compute_metrics_and_record started for epoch 95
2026-06-25 17:23:13,448 - debug - DEBUG - all_preds length: 10000, all_targets length: 10000
2026-06-25 17:23:13,448 - debug - DEBUG - First 10 preds: [3, 1, 1, 0, 6, 6, 1, 2, 3, 1]
2026-06-25 17:23:13,448 - debug - DEBUG - First 10 targets: [3, 8, 8, 0, 6, 6, 1, 6, 3, 1]
2026-06-25 17:23:13,450 - debug - DEBUG - Unique predicted classes: 10 (first 10: [0 1 2 3 4 5 6 7 8 9])
2026-06-25 17:23:13,450 - debug - DEBUG - Unique target classes: 10 (first 10: [0 1 2 3 4 5 6 7 8 9])
2026-06-25 17:23:17,467 - debug - DEBUG - compute_metrics_and_record started for epoch 96
2026-06-25 17:23:17,467 - debug - DEBUG - all_preds length: 12406, all_targets length: 12406
2026-06-25 17:23:17,467 - debug - DEBUG - First 10 preds: [0, 0, 0, 0, 7, 6, 2, 3, 1, 0]
2026-06-25 17:23:17,468 - debug - DEBUG - First 10 targets: [0, 0, 0, 4, 7, 6, 2, 3, 1, 0]
2026-06-25 17:23:17,473 - debug - DEBUG - Unique predicted classes: 10 (first 10: [0 1 2 3 4 5 6 7 8 9])
2026-06-25 17:23:17,474 - debug - DEBUG - Unique target classes: 10 (first 10: [0 1 2 3 4 5 6 7 8 9])
2026-06-25 17:23:18,896 - debug - DEBUG - compute_metrics_and_record started for epoch 96
2026-06-25 17:23:18,896 - debug - DEBUG - all_preds length: 10000, all_targets length: 10000
2026-06-25 17:23:18,896 - debug - DEBUG - First 10 preds: [3, 0, 1, 0, 6, 6, 1, 2, 3, 1]
2026-06-25 17:23:18,897 - debug - DEBUG - First 10 targets: [3, 8, 8, 0, 6, 6, 1, 6, 3, 1]
2026-06-25 17:23:18,899 - debug - DEBUG - Unique predicted classes: 10 (first 10: [0 1 2 3 4 5 6 7 8 9])
2026-06-25 17:23:18,899 - debug - DEBUG - Unique target classes: 10 (first 10: [0 1 2 3 4 5 6 7 8 9])
2026-06-25 17:23:22,891 - debug - DEBUG - compute_metrics_and_record started for epoch 97
2026-06-25 17:23:22,892 - debug - DEBUG - all_preds length: 12406, all_targets length: 12406
2026-06-25 17:23:22,892 - debug - DEBUG - First 10 preds: [0, 0, 0, 1, 0, 3, 0, 1, 1, 7]
2026-06-25 17:23:22,892 - debug - DEBUG - First 10 targets: [3, 0, 0, 1, 0, 3, 0, 1, 1, 5]
2026-06-25 17:23:22,898 - debug - DEBUG - Unique predicted classes: 10 (first 10: [0 1 2 3 4 5 6 7 8 9])
2026-06-25 17:23:22,899 - debug - DEBUG - Unique target classes: 10 (first 10: [0 1 2 3 4 5 6 7 8 9])
2026-06-25 17:23:24,292 - debug - DEBUG - compute_metrics_and_record started for epoch 97
2026-06-25 17:23:24,292 - debug - DEBUG - all_preds length: 10000, all_targets length: 10000
2026-06-25 17:23:24,292 - debug - DEBUG - First 10 preds: [3, 1, 1, 0, 6, 6, 1, 5, 3, 1]
2026-06-25 17:23:24,292 - debug - DEBUG - First 10 targets: [3, 8, 8, 0, 6, 6, 1, 6, 3, 1]
2026-06-25 17:23:24,295 - debug - DEBUG - Unique predicted classes: 10 (first 10: [0 1 2 3 4 5 6 7 8 9])
2026-06-25 17:23:24,295 - debug - DEBUG - Unique target classes: 10 (first 10: [0 1 2 3 4 5 6 7 8 9])
2026-06-25 17:23:28,490 - debug - DEBUG - compute_metrics_and_record started for epoch 98
2026-06-25 17:23:28,490 - debug - DEBUG - all_preds length: 12406, all_targets length: 12406
2026-06-25 17:23:28,491 - debug - DEBUG - First 10 preds: [5, 4, 4, 4, 1, 2, 3, 0, 8, 7]
2026-06-25 17:23:28,491 - debug - DEBUG - First 10 targets: [5, 4, 4, 4, 1, 2, 3, 0, 3, 7]
2026-06-25 17:23:28,496 - debug - DEBUG - Unique predicted classes: 10 (first 10: [0 1 2 3 4 5 6 7 8 9])
2026-06-25 17:23:28,497 - debug - DEBUG - Unique target classes: 10 (first 10: [0 1 2 3 4 5 6 7 8 9])
2026-06-25 17:23:29,992 - debug - DEBUG - compute_metrics_and_record started for epoch 98
2026-06-25 17:23:29,993 - debug - DEBUG - all_preds length: 10000, all_targets length: 10000
2026-06-25 17:23:29,993 - debug - DEBUG - First 10 preds: [3, 8, 8, 0, 2, 3, 1, 2, 3, 1]
2026-06-25 17:23:29,993 - debug - DEBUG - First 10 targets: [3, 8, 8, 0, 6, 6, 1, 6, 3, 1]
2026-06-25 17:23:29,995 - debug - DEBUG - Unique predicted classes: 10 (first 10: [0 1 2 3 4 5 6 7 8 9])
2026-06-25 17:23:29,995 - debug - DEBUG - Unique target classes: 10 (first 10: [0 1 2 3 4 5 6 7 8 9])
2026-06-25 17:23:34,433 - debug - DEBUG - compute_metrics_and_record started for epoch 99
2026-06-25 17:23:34,434 - debug - DEBUG - all_preds length: 12406, all_targets length: 12406
2026-06-25 17:23:34,434 - debug - DEBUG - First 10 preds: [2, 1, 0, 0, 0, 3, 0, 1, 1, 3]
2026-06-25 17:23:34,434 - debug - DEBUG - First 10 targets: [2, 1, 0, 0, 0, 3, 0, 1, 1, 3]
2026-06-25 17:23:34,440 - debug - DEBUG - Unique predicted classes: 10 (first 10: [0 1 2 3 4 5 6 7 8 9])
2026-06-25 17:23:34,441 - debug - DEBUG - Unique target classes: 10 (first 10: [0 1 2 3 4 5 6 7 8 9])
2026-06-25 17:23:35,791 - debug - DEBUG - compute_metrics_and_record started for epoch 99
2026-06-25 17:23:35,792 - debug - DEBUG - all_preds length: 10000, all_targets length: 10000
2026-06-25 17:23:35,792 - debug - DEBUG - First 10 preds: [3, 8, 8, 0, 2, 6, 1, 2, 3, 1]
2026-06-25 17:23:35,792 - debug - DEBUG - First 10 targets: [3, 8, 8, 0, 6, 6, 1, 6, 3, 1]
2026-06-25 17:23:35,794 - debug - DEBUG - Unique predicted classes: 10 (first 10: [0 1 2 3 4 5 6 7 8 9])
2026-06-25 17:23:35,794 - debug - DEBUG - Unique target classes: 10 (first 10: [0 1 2 3 4 5 6 7 8 9])
2026-06-25 17:23:40,038 - debug - DEBUG - compute_metrics_and_record started for epoch 100
2026-06-25 17:23:40,039 - debug - DEBUG - all_preds length: 12406, all_targets length: 12406
2026-06-25 17:23:40,039 - debug - DEBUG - First 10 preds: [0, 2, 0, 0, 1, 0, 6, 1, 0, 1]
2026-06-25 17:23:40,039 - debug - DEBUG - First 10 targets: [0, 2, 0, 0, 1, 0, 6, 1, 0, 1]
2026-06-25 17:23:40,044 - debug - DEBUG - Unique predicted classes: 10 (first 10: [0 1 2 3 4 5 6 7 8 9])
2026-06-25 17:23:40,045 - debug - DEBUG - Unique target classes: 10 (first 10: [0 1 2 3 4 5 6 7 8 9])
2026-06-25 17:23:41,415 - debug - DEBUG - compute_metrics_and_record started for epoch 100
2026-06-25 17:23:41,416 - debug - DEBUG - all_preds length: 10000, all_targets length: 10000
2026-06-25 17:23:41,416 - debug - DEBUG - First 10 preds: [3, 1, 1, 0, 6, 6, 1, 2, 3, 1]
2026-06-25 17:23:41,416 - debug - DEBUG - First 10 targets: [3, 8, 8, 0, 6, 6, 1, 6, 3, 1]
2026-06-25 17:23:41,418 - debug - DEBUG - Unique predicted classes: 10 (first 10: [0 1 2 3 4 5 6 7 8 9])
2026-06-25 17:23:41,419 - debug - DEBUG - Unique target classes: 10 (first 10: [0 1 2 3 4 5 6 7 8 9])
2026-06-25 17:23:45,679 - debug - DEBUG - compute_metrics_and_record started for epoch 101
2026-06-25 17:23:45,680 - debug - DEBUG - all_preds length: 12406, all_targets length: 12406
2026-06-25 17:23:45,680 - debug - DEBUG - First 10 preds: [0, 1, 1, 0, 3, 2, 0, 4, 1, 0]
2026-06-25 17:23:45,680 - debug - DEBUG - First 10 targets: [0, 1, 1, 0, 5, 2, 0, 4, 1, 0]
2026-06-25 17:23:45,687 - debug - DEBUG - Unique predicted classes: 10 (first 10: [0 1 2 3 4 5 6 7 8 9])
2026-06-25 17:23:45,687 - debug - DEBUG - Unique target classes: 10 (first 10: [0 1 2 3 4 5 6 7 8 9])
2026-06-25 17:23:47,001 - debug - DEBUG - compute_metrics_and_record started for epoch 101
2026-06-25 17:23:47,001 - debug - DEBUG - all_preds length: 10000, all_targets length: 10000
2026-06-25 17:23:47,001 - debug - DEBUG - First 10 preds: [3, 1, 1, 0, 6, 5, 1, 2, 3, 1]
2026-06-25 17:23:47,002 - debug - DEBUG - First 10 targets: [3, 8, 8, 0, 6, 6, 1, 6, 3, 1]
2026-06-25 17:23:47,004 - debug - DEBUG - Unique predicted classes: 10 (first 10: [0 1 2 3 4 5 6 7 8 9])
2026-06-25 17:23:47,004 - debug - DEBUG - Unique target classes: 10 (first 10: [0 1 2 3 4 5 6 7 8 9])
2026-06-25 17:23:51,176 - debug - DEBUG - compute_metrics_and_record started for epoch 102
2026-06-25 17:23:51,176 - debug - DEBUG - all_preds length: 12406, all_targets length: 12406
2026-06-25 17:23:51,176 - debug - DEBUG - First 10 preds: [5, 0, 0, 0, 0, 0, 3, 0, 1, 0]
2026-06-25 17:23:51,176 - debug - DEBUG - First 10 targets: [7, 0, 0, 0, 0, 0, 3, 3, 1, 0]
2026-06-25 17:23:51,182 - debug - DEBUG - Unique predicted classes: 10 (first 10: [0 1 2 3 4 5 6 7 8 9])
2026-06-25 17:23:51,182 - debug - DEBUG - Unique target classes: 10 (first 10: [0 1 2 3 4 5 6 7 8 9])
2026-06-25 17:23:52,486 - debug - DEBUG - compute_metrics_and_record started for epoch 102
2026-06-25 17:23:52,486 - debug - DEBUG - all_preds length: 10000, all_targets length: 10000
2026-06-25 17:23:52,486 - debug - DEBUG - First 10 preds: [6, 1, 8, 0, 6, 6, 1, 2, 3, 1]
2026-06-25 17:23:52,486 - debug - DEBUG - First 10 targets: [3, 8, 8, 0, 6, 6, 1, 6, 3, 1]
2026-06-25 17:23:52,489 - debug - DEBUG - Unique predicted classes: 10 (first 10: [0 1 2 3 4 5 6 7 8 9])
2026-06-25 17:23:52,489 - debug - DEBUG - Unique target classes: 10 (first 10: [0 1 2 3 4 5 6 7 8 9])
2026-06-25 17:23:56,800 - debug - DEBUG - compute_metrics_and_record started for epoch 103
2026-06-25 17:23:56,801 - debug - DEBUG - all_preds length: 12406, all_targets length: 12406
2026-06-25 17:23:56,801 - debug - DEBUG - First 10 preds: [7, 3, 5, 0, 0, 1, 2, 0, 3, 0]
2026-06-25 17:23:56,801 - debug - DEBUG - First 10 targets: [7, 3, 5, 0, 0, 1, 2, 0, 3, 0]
2026-06-25 17:23:56,807 - debug - DEBUG - Unique predicted classes: 10 (first 10: [0 1 2 3 4 5 6 7 8 9])
2026-06-25 17:23:56,808 - debug - DEBUG - Unique target classes: 10 (first 10: [0 1 2 3 4 5 6 7 8 9])
2026-06-25 17:23:58,167 - debug - DEBUG - compute_metrics_and_record started for epoch 103
2026-06-25 17:23:58,167 - debug - DEBUG - all_preds length: 10000, all_targets length: 10000
2026-06-25 17:23:58,167 - debug - DEBUG - First 10 preds: [3, 1, 8, 0, 2, 5, 1, 2, 3, 1]
2026-06-25 17:23:58,167 - debug - DEBUG - First 10 targets: [3, 8, 8, 0, 6, 6, 1, 6, 3, 1]
2026-06-25 17:23:58,169 - debug - DEBUG - Unique predicted classes: 10 (first 10: [0 1 2 3 4 5 6 7 8 9])
2026-06-25 17:23:58,170 - debug - DEBUG - Unique target classes: 10 (first 10: [0 1 2 3 4 5 6 7 8 9])
2026-06-25 17:24:02,401 - debug - DEBUG - compute_metrics_and_record started for epoch 104
2026-06-25 17:24:02,401 - debug - DEBUG - all_preds length: 12406, all_targets length: 12406
2026-06-25 17:24:02,402 - debug - DEBUG - First 10 preds: [0, 0, 1, 3, 0, 0, 0, 3, 9, 0]
2026-06-25 17:24:02,402 - debug - DEBUG - First 10 targets: [0, 0, 1, 3, 0, 0, 0, 3, 9, 0]
2026-06-25 17:24:02,408 - debug - DEBUG - Unique predicted classes: 10 (first 10: [0 1 2 3 4 5 6 7 8 9])
2026-06-25 17:24:02,408 - debug - DEBUG - Unique target classes: 10 (first 10: [0 1 2 3 4 5 6 7 8 9])
2026-06-25 17:24:03,981 - debug - DEBUG - compute_metrics_and_record started for epoch 104
2026-06-25 17:24:03,981 - debug - DEBUG - all_preds length: 10000, all_targets length: 10000
2026-06-25 17:24:03,981 - debug - DEBUG - First 10 preds: [3, 1, 8, 0, 6, 3, 1, 2, 3, 1]
2026-06-25 17:24:03,981 - debug - DEBUG - First 10 targets: [3, 8, 8, 0, 6, 6, 1, 6, 3, 1]
2026-06-25 17:24:03,984 - debug - DEBUG - Unique predicted classes: 10 (first 10: [0 1 2 3 4 5 6 7 8 9])
2026-06-25 17:24:03,984 - debug - DEBUG - Unique target classes: 10 (first 10: [0 1 2 3 4 5 6 7 8 9])
2026-06-25 17:24:08,313 - debug - DEBUG - compute_metrics_and_record started for epoch 105
2026-06-25 17:24:08,314 - debug - DEBUG - all_preds length: 12406, all_targets length: 12406
2026-06-25 17:24:08,314 - debug - DEBUG - First 10 preds: [0, 1, 1, 0, 0, 3, 0, 0, 3, 4]
2026-06-25 17:24:08,314 - debug - DEBUG - First 10 targets: [0, 1, 1, 0, 0, 3, 0, 0, 3, 4]
2026-06-25 17:24:08,320 - debug - DEBUG - Unique predicted classes: 10 (first 10: [0 1 2 3 4 5 6 7 8 9])
2026-06-25 17:24:08,321 - debug - DEBUG - Unique target classes: 10 (first 10: [0 1 2 3 4 5 6 7 8 9])
2026-06-25 17:24:09,748 - debug - DEBUG - compute_metrics_and_record started for epoch 105
2026-06-25 17:24:09,749 - debug - DEBUG - all_preds length: 10000, all_targets length: 10000
2026-06-25 17:24:09,749 - debug - DEBUG - First 10 preds: [3, 1, 8, 0, 6, 3, 1, 2, 3, 1]
2026-06-25 17:24:09,749 - debug - DEBUG - First 10 targets: [3, 8, 8, 0, 6, 6, 1, 6, 3, 1]
2026-06-25 17:24:09,751 - debug - DEBUG - Unique predicted classes: 10 (first 10: [0 1 2 3 4 5 6 7 8 9])
2026-06-25 17:24:09,752 - debug - DEBUG - Unique target classes: 10 (first 10: [0 1 2 3 4 5 6 7 8 9])
2026-06-25 17:24:13,998 - debug - DEBUG - compute_metrics_and_record started for epoch 106
2026-06-25 17:24:13,999 - debug - DEBUG - all_preds length: 12406, all_targets length: 12406
2026-06-25 17:24:13,999 - debug - DEBUG - First 10 preds: [1, 4, 0, 1, 3, 0, 1, 1, 0, 1]
2026-06-25 17:24:14,000 - debug - DEBUG - First 10 targets: [1, 4, 0, 1, 3, 0, 1, 1, 0, 1]
2026-06-25 17:24:14,005 - debug - DEBUG - Unique predicted classes: 10 (first 10: [0 1 2 3 4 5 6 7 8 9])
2026-06-25 17:24:14,005 - debug - DEBUG - Unique target classes: 10 (first 10: [0 1 2 3 4 5 6 7 8 9])
2026-06-25 17:24:15,388 - debug - DEBUG - compute_metrics_and_record started for epoch 106
2026-06-25 17:24:15,389 - debug - DEBUG - all_preds length: 10000, all_targets length: 10000
2026-06-25 17:24:15,389 - debug - DEBUG - First 10 preds: [3, 1, 8, 0, 6, 5, 1, 2, 3, 1]
2026-06-25 17:24:15,389 - debug - DEBUG - First 10 targets: [3, 8, 8, 0, 6, 6, 1, 6, 3, 1]
2026-06-25 17:24:15,391 - debug - DEBUG - Unique predicted classes: 10 (first 10: [0 1 2 3 4 5 6 7 8 9])
2026-06-25 17:24:15,391 - debug - DEBUG - Unique target classes: 10 (first 10: [0 1 2 3 4 5 6 7 8 9])
2026-06-25 17:24:19,269 - debug - DEBUG - compute_metrics_and_record started for epoch 107
2026-06-25 17:24:19,269 - debug - DEBUG - all_preds length: 12406, all_targets length: 12406
2026-06-25 17:24:19,269 - debug - DEBUG - First 10 preds: [1, 0, 3, 2, 0, 2, 0, 1, 0, 4]
2026-06-25 17:24:19,270 - debug - DEBUG - First 10 targets: [0, 0, 3, 2, 0, 2, 0, 1, 0, 2]
2026-06-25 17:24:19,274 - debug - DEBUG - Unique predicted classes: 10 (first 10: [0 1 2 3 4 5 6 7 8 9])
2026-06-25 17:24:19,275 - debug - DEBUG - Unique target classes: 10 (first 10: [0 1 2 3 4 5 6 7 8 9])
2026-06-25 17:24:20,689 - debug - DEBUG - compute_metrics_and_record started for epoch 107
2026-06-25 17:24:20,690 - debug - DEBUG - all_preds length: 10000, all_targets length: 10000
2026-06-25 17:24:20,690 - debug - DEBUG - First 10 preds: [3, 1, 8, 0, 6, 4, 1, 2, 3, 1]
2026-06-25 17:24:20,690 - debug - DEBUG - First 10 targets: [3, 8, 8, 0, 6, 6, 1, 6, 3, 1]
2026-06-25 17:24:20,692 - debug - DEBUG - Unique predicted classes: 10 (first 10: [0 1 2 3 4 5 6 7 8 9])
2026-06-25 17:24:20,692 - debug - DEBUG - Unique target classes: 10 (first 10: [0 1 2 3 4 5 6 7 8 9])
2026-06-25 17:24:25,173 - debug - DEBUG - compute_metrics_and_record started for epoch 108
2026-06-25 17:24:25,173 - debug - DEBUG - all_preds length: 12406, all_targets length: 12406
2026-06-25 17:24:25,174 - debug - DEBUG - First 10 preds: [4, 0, 0, 1, 4, 1, 6, 2, 5, 0]
2026-06-25 17:24:25,174 - debug - DEBUG - First 10 targets: [4, 0, 0, 1, 4, 1, 6, 2, 2, 0]
2026-06-25 17:24:25,180 - debug - DEBUG - Unique predicted classes: 10 (first 10: [0 1 2 3 4 5 6 7 8 9])
2026-06-25 17:24:25,180 - debug - DEBUG - Unique target classes: 10 (first 10: [0 1 2 3 4 5 6 7 8 9])
2026-06-25 17:24:26,591 - debug - DEBUG - compute_metrics_and_record started for epoch 108
2026-06-25 17:24:26,591 - debug - DEBUG - all_preds length: 10000, all_targets length: 10000
2026-06-25 17:24:26,592 - debug - DEBUG - First 10 preds: [3, 1, 8, 0, 6, 5, 1, 2, 3, 1]
2026-06-25 17:24:26,592 - debug - DEBUG - First 10 targets: [3, 8, 8, 0, 6, 6, 1, 6, 3, 1]
2026-06-25 17:24:26,595 - debug - DEBUG - Unique predicted classes: 10 (first 10: [0 1 2 3 4 5 6 7 8 9])
2026-06-25 17:24:26,595 - debug - DEBUG - Unique target classes: 10 (first 10: [0 1 2 3 4 5 6 7 8 9])
2026-06-25 17:24:30,695 - debug - DEBUG - compute_metrics_and_record started for epoch 109
2026-06-25 17:24:30,696 - debug - DEBUG - all_preds length: 12406, all_targets length: 12406
2026-06-25 17:24:30,696 - debug - DEBUG - First 10 preds: [1, 0, 1, 0, 0, 1, 0, 1, 0, 2]
2026-06-25 17:24:30,696 - debug - DEBUG - First 10 targets: [1, 0, 1, 0, 0, 1, 0, 1, 0, 2]
2026-06-25 17:24:30,703 - debug - DEBUG - Unique predicted classes: 10 (first 10: [0 1 2 3 4 5 6 7 8 9])
2026-06-25 17:24:30,704 - debug - DEBUG - Unique target classes: 10 (first 10: [0 1 2 3 4 5 6 7 8 9])
2026-06-25 17:24:32,119 - debug - DEBUG - compute_metrics_and_record started for epoch 109
2026-06-25 17:24:32,119 - debug - DEBUG - all_preds length: 10000, all_targets length: 10000
2026-06-25 17:24:32,119 - debug - DEBUG - First 10 preds: [3, 1, 1, 0, 6, 6, 1, 2, 3, 1]
2026-06-25 17:24:32,119 - debug - DEBUG - First 10 targets: [3, 8, 8, 0, 6, 6, 1, 6, 3, 1]
2026-06-25 17:24:32,121 - debug - DEBUG - Unique predicted classes: 10 (first 10: [0 1 2 3 4 5 6 7 8 9])
2026-06-25 17:24:32,122 - debug - DEBUG - Unique target classes: 10 (first 10: [0 1 2 3 4 5 6 7 8 9])
2026-06-25 17:24:36,338 - debug - DEBUG - compute_metrics_and_record started for epoch 110
2026-06-25 17:24:36,338 - debug - DEBUG - all_preds length: 12406, all_targets length: 12406
2026-06-25 17:24:36,338 - debug - DEBUG - First 10 preds: [2, 0, 1, 2, 0, 3, 1, 4, 0, 0]
2026-06-25 17:24:36,338 - debug - DEBUG - First 10 targets: [2, 0, 1, 2, 2, 3, 1, 4, 0, 0]
2026-06-25 17:24:36,343 - debug - DEBUG - Unique predicted classes: 10 (first 10: [0 1 2 3 4 5 6 7 8 9])
2026-06-25 17:24:36,343 - debug - DEBUG - Unique target classes: 10 (first 10: [0 1 2 3 4 5 6 7 8 9])
2026-06-25 17:24:37,737 - debug - DEBUG - compute_metrics_and_record started for epoch 110
2026-06-25 17:24:37,737 - debug - DEBUG - all_preds length: 10000, all_targets length: 10000
2026-06-25 17:24:37,738 - debug - DEBUG - First 10 preds: [3, 1, 9, 0, 6, 5, 1, 2, 3, 1]
2026-06-25 17:24:37,738 - debug - DEBUG - First 10 targets: [3, 8, 8, 0, 6, 6, 1, 6, 3, 1]
2026-06-25 17:24:37,740 - debug - DEBUG - Unique predicted classes: 10 (first 10: [0 1 2 3 4 5 6 7 8 9])
2026-06-25 17:24:37,740 - debug - DEBUG - Unique target classes: 10 (first 10: [0 1 2 3 4 5 6 7 8 9])
2026-06-25 17:24:42,044 - debug - DEBUG - compute_metrics_and_record started for epoch 111
2026-06-25 17:24:42,044 - debug - DEBUG - all_preds length: 12406, all_targets length: 12406
2026-06-25 17:24:42,044 - debug - DEBUG - First 10 preds: [1, 4, 2, 0, 0, 1, 1, 0, 0, 0]
2026-06-25 17:24:42,045 - debug - DEBUG - First 10 targets: [1, 0, 2, 0, 0, 1, 1, 0, 0, 0]
2026-06-25 17:24:42,051 - debug - DEBUG - Unique predicted classes: 10 (first 10: [0 1 2 3 4 5 6 7 8 9])
2026-06-25 17:24:42,051 - debug - DEBUG - Unique target classes: 10 (first 10: [0 1 2 3 4 5 6 7 8 9])
2026-06-25 17:24:43,402 - debug - DEBUG - compute_metrics_and_record started for epoch 111
2026-06-25 17:24:43,403 - debug - DEBUG - all_preds length: 10000, all_targets length: 10000
2026-06-25 17:24:43,403 - debug - DEBUG - First 10 preds: [1, 1, 8, 0, 6, 6, 1, 2, 5, 1]
2026-06-25 17:24:43,403 - debug - DEBUG - First 10 targets: [3, 8, 8, 0, 6, 6, 1, 6, 3, 1]
2026-06-25 17:24:43,405 - debug - DEBUG - Unique predicted classes: 10 (first 10: [0 1 2 3 4 5 6 7 8 9])
2026-06-25 17:24:43,405 - debug - DEBUG - Unique target classes: 10 (first 10: [0 1 2 3 4 5 6 7 8 9])
2026-06-25 17:24:47,786 - debug - DEBUG - compute_metrics_and_record started for epoch 112
2026-06-25 17:24:47,786 - debug - DEBUG - all_preds length: 12406, all_targets length: 12406
2026-06-25 17:24:47,787 - debug - DEBUG - First 10 preds: [1, 2, 0, 1, 4, 0, 0, 8, 3, 3]
2026-06-25 17:24:47,787 - debug - DEBUG - First 10 targets: [1, 2, 0, 1, 4, 0, 0, 8, 3, 3]
2026-06-25 17:24:47,793 - debug - DEBUG - Unique predicted classes: 10 (first 10: [0 1 2 3 4 5 6 7 8 9])
2026-06-25 17:24:47,793 - debug - DEBUG - Unique target classes: 10 (first 10: [0 1 2 3 4 5 6 7 8 9])
2026-06-25 17:24:49,126 - debug - DEBUG - compute_metrics_and_record started for epoch 112
2026-06-25 17:24:49,126 - debug - DEBUG - all_preds length: 10000, all_targets length: 10000
2026-06-25 17:24:49,126 - debug - DEBUG - First 10 preds: [3, 0, 8, 0, 6, 6, 1, 4, 3, 1]
2026-06-25 17:24:49,126 - debug - DEBUG - First 10 targets: [3, 8, 8, 0, 6, 6, 1, 6, 3, 1]
2026-06-25 17:24:49,129 - debug - DEBUG - Unique predicted classes: 10 (first 10: [0 1 2 3 4 5 6 7 8 9])
2026-06-25 17:24:49,129 - debug - DEBUG - Unique target classes: 10 (first 10: [0 1 2 3 4 5 6 7 8 9])
2026-06-25 17:24:53,533 - debug - DEBUG - compute_metrics_and_record started for epoch 113
2026-06-25 17:24:53,533 - debug - DEBUG - all_preds length: 12406, all_targets length: 12406
2026-06-25 17:24:53,533 - debug - DEBUG - First 10 preds: [2, 0, 0, 0, 5, 2, 0, 3, 3, 0]
2026-06-25 17:24:53,534 - debug - DEBUG - First 10 targets: [2, 0, 0, 0, 3, 2, 0, 3, 3, 0]
2026-06-25 17:24:53,540 - debug - DEBUG - Unique predicted classes: 10 (first 10: [0 1 2 3 4 5 6 7 8 9])
2026-06-25 17:24:53,541 - debug - DEBUG - Unique target classes: 10 (first 10: [0 1 2 3 4 5 6 7 8 9])
2026-06-25 17:24:54,889 - debug - DEBUG - compute_metrics_and_record started for epoch 113
2026-06-25 17:24:54,889 - debug - DEBUG - all_preds length: 10000, all_targets length: 10000
2026-06-25 17:24:54,889 - debug - DEBUG - First 10 preds: [3, 8, 8, 0, 6, 3, 1, 2, 3, 1]
2026-06-25 17:24:54,890 - debug - DEBUG - First 10 targets: [3, 8, 8, 0, 6, 6, 1, 6, 3, 1]
2026-06-25 17:24:54,892 - debug - DEBUG - Unique predicted classes: 10 (first 10: [0 1 2 3 4 5 6 7 8 9])
2026-06-25 17:24:54,893 - debug - DEBUG - Unique target classes: 10 (first 10: [0 1 2 3 4 5 6 7 8 9])
2026-06-25 17:24:59,255 - debug - DEBUG - compute_metrics_and_record started for epoch 114
2026-06-25 17:24:59,256 - debug - DEBUG - all_preds length: 12406, all_targets length: 12406
2026-06-25 17:24:59,256 - debug - DEBUG - First 10 preds: [1, 1, 1, 0, 6, 0, 1, 1, 0, 4]
2026-06-25 17:24:59,256 - debug - DEBUG - First 10 targets: [1, 1, 1, 0, 6, 0, 1, 1, 3, 4]
2026-06-25 17:24:59,259 - debug - DEBUG - Unique predicted classes: 10 (first 10: [0 1 2 3 4 5 6 7 8 9])
2026-06-25 17:24:59,259 - debug - DEBUG - Unique target classes: 10 (first 10: [0 1 2 3 4 5 6 7 8 9])
2026-06-25 17:25:00,515 - debug - DEBUG - compute_metrics_and_record started for epoch 114
2026-06-25 17:25:00,515 - debug - DEBUG - all_preds length: 10000, all_targets length: 10000
2026-06-25 17:25:00,515 - debug - DEBUG - First 10 preds: [3, 0, 1, 0, 6, 3, 1, 2, 3, 1]
2026-06-25 17:25:00,515 - debug - DEBUG - First 10 targets: [3, 8, 8, 0, 6, 6, 1, 6, 3, 1]
2026-06-25 17:25:00,518 - debug - DEBUG - Unique predicted classes: 10 (first 10: [0 1 2 3 4 5 6 7 8 9])
2026-06-25 17:25:00,518 - debug - DEBUG - Unique target classes: 10 (first 10: [0 1 2 3 4 5 6 7 8 9])
2026-06-25 17:25:04,803 - debug - DEBUG - compute_metrics_and_record started for epoch 115
2026-06-25 17:25:04,803 - debug - DEBUG - all_preds length: 12406, all_targets length: 12406
2026-06-25 17:25:04,803 - debug - DEBUG - First 10 preds: [0, 1, 0, 1, 0, 2, 1, 2, 0, 4]
2026-06-25 17:25:04,803 - debug - DEBUG - First 10 targets: [0, 1, 0, 1, 0, 2, 1, 2, 0, 4]
2026-06-25 17:25:04,808 - debug - DEBUG - Unique predicted classes: 10 (first 10: [0 1 2 3 4 5 6 7 8 9])
2026-06-25 17:25:04,809 - debug - DEBUG - Unique target classes: 10 (first 10: [0 1 2 3 4 5 6 7 8 9])
2026-06-25 17:25:06,167 - debug - DEBUG - compute_metrics_and_record started for epoch 115
2026-06-25 17:25:06,167 - debug - DEBUG - all_preds length: 10000, all_targets length: 10000
2026-06-25 17:25:06,167 - debug - DEBUG - First 10 preds: [3, 1, 1, 0, 2, 6, 1, 2, 3, 1]
2026-06-25 17:25:06,167 - debug - DEBUG - First 10 targets: [3, 8, 8, 0, 6, 6, 1, 6, 3, 1]
2026-06-25 17:25:06,170 - debug - DEBUG - Unique predicted classes: 10 (first 10: [0 1 2 3 4 5 6 7 8 9])
2026-06-25 17:25:06,170 - debug - DEBUG - Unique target classes: 10 (first 10: [0 1 2 3 4 5 6 7 8 9])
2026-06-25 17:25:10,416 - debug - DEBUG - compute_metrics_and_record started for epoch 116
2026-06-25 17:25:10,417 - debug - DEBUG - all_preds length: 12406, all_targets length: 12406
2026-06-25 17:25:10,417 - debug - DEBUG - First 10 preds: [0, 2, 5, 0, 1, 0, 0, 3, 2, 1]
2026-06-25 17:25:10,417 - debug - DEBUG - First 10 targets: [1, 2, 5, 0, 1, 0, 0, 3, 2, 1]
2026-06-25 17:25:10,424 - debug - DEBUG - Unique predicted classes: 10 (first 10: [0 1 2 3 4 5 6 7 8 9])
2026-06-25 17:25:10,424 - debug - DEBUG - Unique target classes: 10 (first 10: [0 1 2 3 4 5 6 7 8 9])
2026-06-25 17:25:11,790 - debug - DEBUG - compute_metrics_and_record started for epoch 116
2026-06-25 17:25:11,790 - debug - DEBUG - all_preds length: 10000, all_targets length: 10000
2026-06-25 17:25:11,790 - debug - DEBUG - First 10 preds: [3, 1, 1, 0, 6, 6, 1, 2, 3, 1]
2026-06-25 17:25:11,790 - debug - DEBUG - First 10 targets: [3, 8, 8, 0, 6, 6, 1, 6, 3, 1]
2026-06-25 17:25:11,792 - debug - DEBUG - Unique predicted classes: 10 (first 10: [0 1 2 3 4 5 6 7 8 9])
2026-06-25 17:25:11,792 - debug - DEBUG - Unique target classes: 10 (first 10: [0 1 2 3 4 5 6 7 8 9])
2026-06-25 17:25:15,994 - debug - DEBUG - compute_metrics_and_record started for epoch 117
2026-06-25 17:25:15,994 - debug - DEBUG - all_preds length: 12406, all_targets length: 12406
2026-06-25 17:25:15,995 - debug - DEBUG - First 10 preds: [0, 4, 1, 0, 0, 2, 1, 0, 0, 1]
2026-06-25 17:25:15,995 - debug - DEBUG - First 10 targets: [0, 4, 1, 0, 0, 2, 1, 0, 0, 1]
2026-06-25 17:25:16,001 - debug - DEBUG - Unique predicted classes: 10 (first 10: [0 1 2 3 4 5 6 7 8 9])
2026-06-25 17:25:16,001 - debug - DEBUG - Unique target classes: 10 (first 10: [0 1 2 3 4 5 6 7 8 9])
2026-06-25 17:25:17,398 - debug - DEBUG - compute_metrics_and_record started for epoch 117
2026-06-25 17:25:17,398 - debug - DEBUG - all_preds length: 10000, all_targets length: 10000
2026-06-25 17:25:17,398 - debug - DEBUG - First 10 preds: [3, 1, 1, 0, 2, 6, 1, 2, 3, 1]
2026-06-25 17:25:17,398 - debug - DEBUG - First 10 targets: [3, 8, 8, 0, 6, 6, 1, 6, 3, 1]
2026-06-25 17:25:17,401 - debug - DEBUG - Unique predicted classes: 10 (first 10: [0 1 2 3 4 5 6 7 8 9])
2026-06-25 17:25:17,401 - debug - DEBUG - Unique target classes: 10 (first 10: [0 1 2 3 4 5 6 7 8 9])
2026-06-25 17:25:21,556 - debug - DEBUG - compute_metrics_and_record started for epoch 118
2026-06-25 17:25:21,557 - debug - DEBUG - all_preds length: 12406, all_targets length: 12406
2026-06-25 17:25:21,557 - debug - DEBUG - First 10 preds: [0, 4, 0, 3, 1, 2, 1, 1, 3, 1]
2026-06-25 17:25:21,557 - debug - DEBUG - First 10 targets: [0, 4, 0, 3, 1, 2, 1, 1, 3, 1]
2026-06-25 17:25:21,563 - debug - DEBUG - Unique predicted classes: 10 (first 10: [0 1 2 3 4 5 6 7 8 9])
2026-06-25 17:25:21,563 - debug - DEBUG - Unique target classes: 10 (first 10: [0 1 2 3 4 5 6 7 8 9])
2026-06-25 17:25:22,995 - debug - DEBUG - compute_metrics_and_record started for epoch 118
2026-06-25 17:25:22,995 - debug - DEBUG - all_preds length: 10000, all_targets length: 10000
2026-06-25 17:25:22,996 - debug - DEBUG - First 10 preds: [3, 8, 8, 0, 6, 6, 1, 2, 3, 1]
2026-06-25 17:25:22,996 - debug - DEBUG - First 10 targets: [3, 8, 8, 0, 6, 6, 1, 6, 3, 1]
2026-06-25 17:25:22,998 - debug - DEBUG - Unique predicted classes: 10 (first 10: [0 1 2 3 4 5 6 7 8 9])
2026-06-25 17:25:22,998 - debug - DEBUG - Unique target classes: 10 (first 10: [0 1 2 3 4 5 6 7 8 9])
2026-06-25 17:25:27,270 - debug - DEBUG - compute_metrics_and_record started for epoch 119
2026-06-25 17:25:27,271 - debug - DEBUG - all_preds length: 12406, all_targets length: 12406
2026-06-25 17:25:27,271 - debug - DEBUG - First 10 preds: [2, 4, 0, 0, 2, 0, 0, 9, 1, 0]
2026-06-25 17:25:27,271 - debug - DEBUG - First 10 targets: [2, 4, 0, 0, 2, 0, 0, 9, 1, 0]
2026-06-25 17:25:27,277 - debug - DEBUG - Unique predicted classes: 10 (first 10: [0 1 2 3 4 5 6 7 8 9])
2026-06-25 17:25:27,278 - debug - DEBUG - Unique target classes: 10 (first 10: [0 1 2 3 4 5 6 7 8 9])
2026-06-25 17:25:28,659 - debug - DEBUG - compute_metrics_and_record started for epoch 119
2026-06-25 17:25:28,659 - debug - DEBUG - all_preds length: 10000, all_targets length: 10000
2026-06-25 17:25:28,659 - debug - DEBUG - First 10 preds: [3, 1, 1, 0, 6, 6, 1, 2, 3, 1]
2026-06-25 17:25:28,659 - debug - DEBUG - First 10 targets: [3, 8, 8, 0, 6, 6, 1, 6, 3, 1]
2026-06-25 17:25:28,662 - debug - DEBUG - Unique predicted classes: 10 (first 10: [0 1 2 3 4 5 6 7 8 9])
2026-06-25 17:25:28,662 - debug - DEBUG - Unique target classes: 10 (first 10: [0 1 2 3 4 5 6 7 8 9])
2026-06-25 17:25:32,959 - debug - DEBUG - compute_metrics_and_record started for epoch 120
2026-06-25 17:25:32,959 - debug - DEBUG - all_preds length: 12406, all_targets length: 12406
2026-06-25 17:25:32,959 - debug - DEBUG - First 10 preds: [0, 0, 2, 2, 1, 2, 0, 0, 1, 2]
2026-06-25 17:25:32,959 - debug - DEBUG - First 10 targets: [0, 0, 2, 2, 1, 4, 0, 0, 1, 2]
2026-06-25 17:25:32,963 - debug - DEBUG - Unique predicted classes: 10 (first 10: [0 1 2 3 4 5 6 7 8 9])
2026-06-25 17:25:32,963 - debug - DEBUG - Unique target classes: 10 (first 10: [0 1 2 3 4 5 6 7 8 9])
2026-06-25 17:25:34,413 - debug - DEBUG - compute_metrics_and_record started for epoch 120
2026-06-25 17:25:34,413 - debug - DEBUG - all_preds length: 10000, all_targets length: 10000
2026-06-25 17:25:34,414 - debug - DEBUG - First 10 preds: [3, 1, 1, 0, 6, 6, 1, 2, 3, 1]
2026-06-25 17:25:34,414 - debug - DEBUG - First 10 targets: [3, 8, 8, 0, 6, 6, 1, 6, 3, 1]
2026-06-25 17:25:34,416 - debug - DEBUG - Unique predicted classes: 10 (first 10: [0 1 2 3 4 5 6 7 8 9])
2026-06-25 17:25:34,417 - debug - DEBUG - Unique target classes: 10 (first 10: [0 1 2 3 4 5 6 7 8 9])
2026-06-25 17:25:38,700 - debug - DEBUG - compute_metrics_and_record started for epoch 121
2026-06-25 17:25:38,701 - debug - DEBUG - all_preds length: 12406, all_targets length: 12406
2026-06-25 17:25:38,701 - debug - DEBUG - First 10 preds: [1, 3, 1, 0, 0, 3, 1, 1, 2, 0]
2026-06-25 17:25:38,701 - debug - DEBUG - First 10 targets: [1, 3, 1, 7, 0, 3, 1, 1, 2, 0]
2026-06-25 17:25:38,708 - debug - DEBUG - Unique predicted classes: 10 (first 10: [0 1 2 3 4 5 6 7 8 9])
2026-06-25 17:25:38,708 - debug - DEBUG - Unique target classes: 10 (first 10: [0 1 2 3 4 5 6 7 8 9])
2026-06-25 17:25:40,145 - debug - DEBUG - compute_metrics_and_record started for epoch 121
2026-06-25 17:25:40,146 - debug - DEBUG - all_preds length: 10000, all_targets length: 10000
2026-06-25 17:25:40,146 - debug - DEBUG - First 10 preds: [3, 8, 1, 0, 6, 6, 1, 2, 3, 1]
2026-06-25 17:25:40,146 - debug - DEBUG - First 10 targets: [3, 8, 8, 0, 6, 6, 1, 6, 3, 1]
2026-06-25 17:25:40,148 - debug - DEBUG - Unique predicted classes: 10 (first 10: [0 1 2 3 4 5 6 7 8 9])
2026-06-25 17:25:40,149 - debug - DEBUG - Unique target classes: 10 (first 10: [0 1 2 3 4 5 6 7 8 9])
2026-06-25 17:25:44,229 - debug - DEBUG - compute_metrics_and_record started for epoch 122
2026-06-25 17:25:44,229 - debug - DEBUG - all_preds length: 12406, all_targets length: 12406
2026-06-25 17:25:44,230 - debug - DEBUG - First 10 preds: [7, 0, 2, 0, 6, 1, 0, 2, 5, 0]
2026-06-25 17:25:44,230 - debug - DEBUG - First 10 targets: [7, 0, 5, 0, 6, 1, 0, 2, 5, 0]
2026-06-25 17:25:44,236 - debug - DEBUG - Unique predicted classes: 10 (first 10: [0 1 2 3 4 5 6 7 8 9])
2026-06-25 17:25:44,237 - debug - DEBUG - Unique target classes: 10 (first 10: [0 1 2 3 4 5 6 7 8 9])
2026-06-25 17:25:45,649 - debug - DEBUG - compute_metrics_and_record started for epoch 122
2026-06-25 17:25:45,649 - debug - DEBUG - all_preds length: 10000, all_targets length: 10000
2026-06-25 17:25:45,649 - debug - DEBUG - First 10 preds: [3, 8, 8, 0, 6, 6, 1, 2, 3, 1]
2026-06-25 17:25:45,649 - debug - DEBUG - First 10 targets: [3, 8, 8, 0, 6, 6, 1, 6, 3, 1]
2026-06-25 17:25:45,652 - debug - DEBUG - Unique predicted classes: 10 (first 10: [0 1 2 3 4 5 6 7 8 9])
2026-06-25 17:25:45,652 - debug - DEBUG - Unique target classes: 10 (first 10: [0 1 2 3 4 5 6 7 8 9])
2026-06-25 17:25:49,728 - debug - DEBUG - compute_metrics_and_record started for epoch 123
2026-06-25 17:25:49,728 - debug - DEBUG - all_preds length: 12406, all_targets length: 12406
2026-06-25 17:25:49,728 - debug - DEBUG - First 10 preds: [0, 0, 0, 2, 0, 1, 0, 3, 0, 1]
2026-06-25 17:25:49,729 - debug - DEBUG - First 10 targets: [0, 0, 0, 2, 0, 1, 0, 3, 0, 1]
2026-06-25 17:25:49,735 - debug - DEBUG - Unique predicted classes: 10 (first 10: [0 1 2 3 4 5 6 7 8 9])
2026-06-25 17:25:49,735 - debug - DEBUG - Unique target classes: 10 (first 10: [0 1 2 3 4 5 6 7 8 9])
2026-06-25 17:25:51,118 - debug - DEBUG - compute_metrics_and_record started for epoch 123
2026-06-25 17:25:51,118 - debug - DEBUG - all_preds length: 10000, all_targets length: 10000
2026-06-25 17:25:51,119 - debug - DEBUG - First 10 preds: [3, 1, 1, 0, 6, 4, 1, 2, 3, 1]
2026-06-25 17:25:51,119 - debug - DEBUG - First 10 targets: [3, 8, 8, 0, 6, 6, 1, 6, 3, 1]
2026-06-25 17:25:51,121 - debug - DEBUG - Unique predicted classes: 10 (first 10: [0 1 2 3 4 5 6 7 8 9])
2026-06-25 17:25:51,121 - debug - DEBUG - Unique target classes: 10 (first 10: [0 1 2 3 4 5 6 7 8 9])
2026-06-25 17:25:55,301 - debug - DEBUG - compute_metrics_and_record started for epoch 124
2026-06-25 17:25:55,302 - debug - DEBUG - all_preds length: 12406, all_targets length: 12406
2026-06-25 17:25:55,302 - debug - DEBUG - First 10 preds: [0, 2, 3, 0, 6, 1, 0, 8, 1, 1]
2026-06-25 17:25:55,302 - debug - DEBUG - First 10 targets: [0, 2, 3, 0, 6, 1, 0, 8, 1, 1]
2026-06-25 17:25:55,308 - debug - DEBUG - Unique predicted classes: 10 (first 10: [0 1 2 3 4 5 6 7 8 9])
2026-06-25 17:25:55,308 - debug - DEBUG - Unique target classes: 10 (first 10: [0 1 2 3 4 5 6 7 8 9])
2026-06-25 17:25:56,638 - debug - DEBUG - compute_metrics_and_record started for epoch 124
2026-06-25 17:25:56,639 - debug - DEBUG - all_preds length: 10000, all_targets length: 10000
2026-06-25 17:25:56,639 - debug - DEBUG - First 10 preds: [3, 1, 1, 0, 3, 6, 1, 2, 3, 1]
2026-06-25 17:25:56,639 - debug - DEBUG - First 10 targets: [3, 8, 8, 0, 6, 6, 1, 6, 3, 1]
2026-06-25 17:25:56,641 - debug - DEBUG - Unique predicted classes: 10 (first 10: [0 1 2 3 4 5 6 7 8 9])
2026-06-25 17:25:56,641 - debug - DEBUG - Unique target classes: 10 (first 10: [0 1 2 3 4 5 6 7 8 9])
2026-06-25 17:26:00,915 - debug - DEBUG - compute_metrics_and_record started for epoch 125
2026-06-25 17:26:00,915 - debug - DEBUG - all_preds length: 12406, all_targets length: 12406
2026-06-25 17:26:00,916 - debug - DEBUG - First 10 preds: [6, 5, 0, 1, 1, 0, 3, 2, 0, 0]
2026-06-25 17:26:00,916 - debug - DEBUG - First 10 targets: [6, 5, 0, 1, 1, 0, 6, 2, 0, 0]
2026-06-25 17:26:00,921 - debug - DEBUG - Unique predicted classes: 10 (first 10: [0 1 2 3 4 5 6 7 8 9])
2026-06-25 17:26:00,922 - debug - DEBUG - Unique target classes: 10 (first 10: [0 1 2 3 4 5 6 7 8 9])
2026-06-25 17:26:02,275 - debug - DEBUG - compute_metrics_and_record started for epoch 125
2026-06-25 17:26:02,275 - debug - DEBUG - all_preds length: 10000, all_targets length: 10000
2026-06-25 17:26:02,275 - debug - DEBUG - First 10 preds: [3, 8, 9, 0, 6, 6, 1, 2, 3, 1]
2026-06-25 17:26:02,275 - debug - DEBUG - First 10 targets: [3, 8, 8, 0, 6, 6, 1, 6, 3, 1]
2026-06-25 17:26:02,279 - debug - DEBUG - Unique predicted classes: 10 (first 10: [0 1 2 3 4 5 6 7 8 9])
2026-06-25 17:26:02,279 - debug - DEBUG - Unique target classes: 10 (first 10: [0 1 2 3 4 5 6 7 8 9])
2026-06-25 17:26:07,015 - debug - DEBUG - compute_metrics_and_record started for epoch 126
2026-06-25 17:26:07,016 - debug - DEBUG - all_preds length: 12406, all_targets length: 12406
2026-06-25 17:26:07,016 - debug - DEBUG - First 10 preds: [1, 0, 0, 3, 0, 2, 0, 0, 0, 3]
2026-06-25 17:26:07,016 - debug - DEBUG - First 10 targets: [1, 0, 0, 3, 0, 2, 0, 0, 0, 3]
2026-06-25 17:26:07,020 - debug - DEBUG - Unique predicted classes: 10 (first 10: [0 1 2 3 4 5 6 7 8 9])
2026-06-25 17:26:07,020 - debug - DEBUG - Unique target classes: 10 (first 10: [0 1 2 3 4 5 6 7 8 9])
2026-06-25 17:26:08,266 - debug - DEBUG - compute_metrics_and_record started for epoch 126
2026-06-25 17:26:08,267 - debug - DEBUG - all_preds length: 10000, all_targets length: 10000
2026-06-25 17:26:08,267 - debug - DEBUG - First 10 preds: [3, 1, 8, 0, 6, 6, 1, 2, 5, 1]
2026-06-25 17:26:08,267 - debug - DEBUG - First 10 targets: [3, 8, 8, 0, 6, 6, 1, 6, 3, 1]
2026-06-25 17:26:08,269 - debug - DEBUG - Unique predicted classes: 10 (first 10: [0 1 2 3 4 5 6 7 8 9])
2026-06-25 17:26:08,269 - debug - DEBUG - Unique target classes: 10 (first 10: [0 1 2 3 4 5 6 7 8 9])
2026-06-25 17:26:12,752 - debug - DEBUG - compute_metrics_and_record started for epoch 127
2026-06-25 17:26:12,752 - debug - DEBUG - all_preds length: 12406, all_targets length: 12406
2026-06-25 17:26:12,752 - debug - DEBUG - First 10 preds: [7, 2, 3, 1, 0, 1, 2, 5, 2, 0]
2026-06-25 17:26:12,753 - debug - DEBUG - First 10 targets: [2, 2, 3, 1, 0, 1, 2, 5, 2, 0]
2026-06-25 17:26:12,759 - debug - DEBUG - Unique predicted classes: 10 (first 10: [0 1 2 3 4 5 6 7 8 9])
2026-06-25 17:26:12,759 - debug - DEBUG - Unique target classes: 10 (first 10: [0 1 2 3 4 5 6 7 8 9])
2026-06-25 17:26:14,114 - debug - DEBUG - compute_metrics_and_record started for epoch 127
2026-06-25 17:26:14,114 - debug - DEBUG - all_preds length: 10000, all_targets length: 10000
2026-06-25 17:26:14,114 - debug - DEBUG - First 10 preds: [3, 8, 1, 0, 6, 6, 1, 2, 3, 1]
2026-06-25 17:26:14,114 - debug - DEBUG - First 10 targets: [3, 8, 8, 0, 6, 6, 1, 6, 3, 1]
2026-06-25 17:26:14,117 - debug - DEBUG - Unique predicted classes: 10 (first 10: [0 1 2 3 4 5 6 7 8 9])
2026-06-25 17:26:14,117 - debug - DEBUG - Unique target classes: 10 (first 10: [0 1 2 3 4 5 6 7 8 9])
2026-06-25 17:26:18,471 - debug - DEBUG - compute_metrics_and_record started for epoch 128
2026-06-25 17:26:18,472 - debug - DEBUG - all_preds length: 12406, all_targets length: 12406
2026-06-25 17:26:18,472 - debug - DEBUG - First 10 preds: [3, 0, 5, 2, 0, 0, 6, 0, 0, 0]
2026-06-25 17:26:18,472 - debug - DEBUG - First 10 targets: [3, 0, 5, 2, 0, 0, 6, 0, 0, 0]
2026-06-25 17:26:18,475 - debug - DEBUG - Unique predicted classes: 10 (first 10: [0 1 2 3 4 5 6 7 8 9])
2026-06-25 17:26:18,475 - debug - DEBUG - Unique target classes: 10 (first 10: [0 1 2 3 4 5 6 7 8 9])
2026-06-25 17:26:19,858 - debug - DEBUG - compute_metrics_and_record started for epoch 128
2026-06-25 17:26:19,859 - debug - DEBUG - all_preds length: 10000, all_targets length: 10000
2026-06-25 17:26:19,859 - debug - DEBUG - First 10 preds: [3, 1, 8, 8, 2, 3, 1, 2, 3, 1]
2026-06-25 17:26:19,859 - debug - DEBUG - First 10 targets: [3, 8, 8, 0, 6, 6, 1, 6, 3, 1]
2026-06-25 17:26:19,861 - debug - DEBUG - Unique predicted classes: 10 (first 10: [0 1 2 3 4 5 6 7 8 9])
2026-06-25 17:26:19,861 - debug - DEBUG - Unique target classes: 10 (first 10: [0 1 2 3 4 5 6 7 8 9])
2026-06-25 17:26:24,121 - debug - DEBUG - compute_metrics_and_record started for epoch 129
2026-06-25 17:26:24,121 - debug - DEBUG - all_preds length: 12406, all_targets length: 12406
2026-06-25 17:26:24,121 - debug - DEBUG - First 10 preds: [1, 0, 3, 0, 0, 1, 3, 0, 2, 6]
2026-06-25 17:26:24,121 - debug - DEBUG - First 10 targets: [1, 0, 3, 0, 0, 1, 3, 0, 2, 6]
2026-06-25 17:26:24,126 - debug - DEBUG - Unique predicted classes: 10 (first 10: [0 1 2 3 4 5 6 7 8 9])
2026-06-25 17:26:24,127 - debug - DEBUG - Unique target classes: 10 (first 10: [0 1 2 3 4 5 6 7 8 9])
2026-06-25 17:26:25,513 - debug - DEBUG - compute_metrics_and_record started for epoch 129
2026-06-25 17:26:25,514 - debug - DEBUG - all_preds length: 10000, all_targets length: 10000
2026-06-25 17:26:25,514 - debug - DEBUG - First 10 preds: [3, 1, 9, 0, 6, 6, 1, 2, 3, 1]
2026-06-25 17:26:25,514 - debug - DEBUG - First 10 targets: [3, 8, 8, 0, 6, 6, 1, 6, 3, 1]
2026-06-25 17:26:25,516 - debug - DEBUG - Unique predicted classes: 10 (first 10: [0 1 2 3 4 5 6 7 8 9])
2026-06-25 17:26:25,516 - debug - DEBUG - Unique target classes: 10 (first 10: [0 1 2 3 4 5 6 7 8 9])
2026-06-25 17:26:29,483 - debug - DEBUG - compute_metrics_and_record started for epoch 130
2026-06-25 17:26:29,483 - debug - DEBUG - all_preds length: 12406, all_targets length: 12406
2026-06-25 17:26:29,483 - debug - DEBUG - First 10 preds: [0, 1, 0, 2, 0, 0, 0, 0, 0, 0]
2026-06-25 17:26:29,484 - debug - DEBUG - First 10 targets: [0, 1, 0, 2, 0, 0, 0, 0, 0, 0]
2026-06-25 17:26:29,489 - debug - DEBUG - Unique predicted classes: 10 (first 10: [0 1 2 3 4 5 6 7 8 9])
2026-06-25 17:26:29,489 - debug - DEBUG - Unique target classes: 10 (first 10: [0 1 2 3 4 5 6 7 8 9])
2026-06-25 17:26:30,859 - debug - DEBUG - compute_metrics_and_record started for epoch 130
2026-06-25 17:26:30,859 - debug - DEBUG - all_preds length: 10000, all_targets length: 10000
2026-06-25 17:26:30,859 - debug - DEBUG - First 10 preds: [3, 1, 1, 0, 6, 5, 1, 2, 3, 1]
2026-06-25 17:26:30,859 - debug - DEBUG - First 10 targets: [3, 8, 8, 0, 6, 6, 1, 6, 3, 1]
2026-06-25 17:26:30,862 - debug - DEBUG - Unique predicted classes: 10 (first 10: [0 1 2 3 4 5 6 7 8 9])
2026-06-25 17:26:30,862 - debug - DEBUG - Unique target classes: 10 (first 10: [0 1 2 3 4 5 6 7 8 9])
2026-06-25 17:26:35,121 - debug - DEBUG - compute_metrics_and_record started for epoch 131
2026-06-25 17:26:35,122 - debug - DEBUG - all_preds length: 12406, all_targets length: 12406
2026-06-25 17:26:35,122 - debug - DEBUG - First 10 preds: [3, 0, 1, 4, 0, 0, 3, 0, 0, 0]
2026-06-25 17:26:35,122 - debug - DEBUG - First 10 targets: [3, 0, 1, 4, 0, 0, 3, 0, 0, 0]
2026-06-25 17:26:35,128 - debug - DEBUG - Unique predicted classes: 10 (first 10: [0 1 2 3 4 5 6 7 8 9])
2026-06-25 17:26:35,129 - debug - DEBUG - Unique target classes: 10 (first 10: [0 1 2 3 4 5 6 7 8 9])
2026-06-25 17:26:36,528 - debug - DEBUG - compute_metrics_and_record started for epoch 131
2026-06-25 17:26:36,528 - debug - DEBUG - all_preds length: 10000, all_targets length: 10000
2026-06-25 17:26:36,528 - debug - DEBUG - First 10 preds: [3, 1, 1, 0, 6, 6, 1, 2, 3, 9]
2026-06-25 17:26:36,528 - debug - DEBUG - First 10 targets: [3, 8, 8, 0, 6, 6, 1, 6, 3, 1]
2026-06-25 17:26:36,530 - debug - DEBUG - Unique predicted classes: 10 (first 10: [0 1 2 3 4 5 6 7 8 9])
2026-06-25 17:26:36,531 - debug - DEBUG - Unique target classes: 10 (first 10: [0 1 2 3 4 5 6 7 8 9])
2026-06-25 17:26:40,479 - debug - DEBUG - compute_metrics_and_record started for epoch 132
2026-06-25 17:26:40,479 - debug - DEBUG - all_preds length: 12406, all_targets length: 12406
2026-06-25 17:26:40,479 - debug - DEBUG - First 10 preds: [1, 2, 0, 2, 0, 0, 0, 0, 5, 0]
2026-06-25 17:26:40,479 - debug - DEBUG - First 10 targets: [1, 2, 0, 2, 0, 0, 0, 0, 5, 0]
2026-06-25 17:26:40,483 - debug - DEBUG - Unique predicted classes: 10 (first 10: [0 1 2 3 4 5 6 7 8 9])
2026-06-25 17:26:40,483 - debug - DEBUG - Unique target classes: 10 (first 10: [0 1 2 3 4 5 6 7 8 9])
2026-06-25 17:26:41,870 - debug - DEBUG - compute_metrics_and_record started for epoch 132
2026-06-25 17:26:41,870 - debug - DEBUG - all_preds length: 10000, all_targets length: 10000
2026-06-25 17:26:41,870 - debug - DEBUG - First 10 preds: [3, 1, 1, 0, 6, 6, 1, 2, 3, 1]
2026-06-25 17:26:41,871 - debug - DEBUG - First 10 targets: [3, 8, 8, 0, 6, 6, 1, 6, 3, 1]
2026-06-25 17:26:41,873 - debug - DEBUG - Unique predicted classes: 10 (first 10: [0 1 2 3 4 5 6 7 8 9])
2026-06-25 17:26:41,873 - debug - DEBUG - Unique target classes: 10 (first 10: [0 1 2 3 4 5 6 7 8 9])
2026-06-25 17:26:46,105 - debug - DEBUG - compute_metrics_and_record started for epoch 133
2026-06-25 17:26:46,105 - debug - DEBUG - all_preds length: 12406, all_targets length: 12406
2026-06-25 17:26:46,106 - debug - DEBUG - First 10 preds: [0, 5, 3, 0, 9, 2, 2, 3, 0, 0]
2026-06-25 17:26:46,106 - debug - DEBUG - First 10 targets: [0, 5, 3, 0, 9, 5, 2, 3, 0, 0]
2026-06-25 17:26:46,112 - debug - DEBUG - Unique predicted classes: 10 (first 10: [0 1 2 3 4 5 6 7 8 9])
2026-06-25 17:26:46,112 - debug - DEBUG - Unique target classes: 10 (first 10: [0 1 2 3 4 5 6 7 8 9])
2026-06-25 17:26:47,533 - debug - DEBUG - compute_metrics_and_record started for epoch 133
2026-06-25 17:26:47,533 - debug - DEBUG - all_preds length: 10000, all_targets length: 10000
2026-06-25 17:26:47,534 - debug - DEBUG - First 10 preds: [3, 8, 1, 0, 6, 6, 1, 2, 3, 1]
2026-06-25 17:26:47,534 - debug - DEBUG - First 10 targets: [3, 8, 8, 0, 6, 6, 1, 6, 3, 1]
2026-06-25 17:26:47,536 - debug - DEBUG - Unique predicted classes: 10 (first 10: [0 1 2 3 4 5 6 7 8 9])
2026-06-25 17:26:47,536 - debug - DEBUG - Unique target classes: 10 (first 10: [0 1 2 3 4 5 6 7 8 9])
2026-06-25 17:26:51,883 - debug - DEBUG - compute_metrics_and_record started for epoch 134
2026-06-25 17:26:51,884 - debug - DEBUG - all_preds length: 12406, all_targets length: 12406
2026-06-25 17:26:51,884 - debug - DEBUG - First 10 preds: [0, 2, 0, 1, 5, 0, 1, 1, 0, 0]
2026-06-25 17:26:51,884 - debug - DEBUG - First 10 targets: [0, 2, 0, 1, 5, 0, 1, 1, 0, 0]
2026-06-25 17:26:51,887 - debug - DEBUG - Unique predicted classes: 10 (first 10: [0 1 2 3 4 5 6 7 8 9])
2026-06-25 17:26:51,888 - debug - DEBUG - Unique target classes: 10 (first 10: [0 1 2 3 4 5 6 7 8 9])
2026-06-25 17:26:53,234 - debug - DEBUG - compute_metrics_and_record started for epoch 134
2026-06-25 17:26:53,234 - debug - DEBUG - all_preds length: 10000, all_targets length: 10000
2026-06-25 17:26:53,234 - debug - DEBUG - First 10 preds: [3, 1, 1, 0, 6, 6, 1, 2, 3, 1]
2026-06-25 17:26:53,234 - debug - DEBUG - First 10 targets: [3, 8, 8, 0, 6, 6, 1, 6, 3, 1]
2026-06-25 17:26:53,237 - debug - DEBUG - Unique predicted classes: 10 (first 10: [0 1 2 3 4 5 6 7 8 9])
2026-06-25 17:26:53,237 - debug - DEBUG - Unique target classes: 10 (first 10: [0 1 2 3 4 5 6 7 8 9])
2026-06-25 17:26:57,469 - debug - DEBUG - compute_metrics_and_record started for epoch 135
2026-06-25 17:26:57,470 - debug - DEBUG - all_preds length: 12406, all_targets length: 12406
2026-06-25 17:26:57,470 - debug - DEBUG - First 10 preds: [0, 4, 0, 0, 1, 0, 0, 2, 3, 3]
2026-06-25 17:26:57,470 - debug - DEBUG - First 10 targets: [0, 4, 0, 0, 1, 0, 0, 2, 4, 0]
2026-06-25 17:26:57,475 - debug - DEBUG - Unique predicted classes: 10 (first 10: [0 1 2 3 4 5 6 7 8 9])
2026-06-25 17:26:57,475 - debug - DEBUG - Unique target classes: 10 (first 10: [0 1 2 3 4 5 6 7 8 9])
2026-06-25 17:26:58,891 - debug - DEBUG - compute_metrics_and_record started for epoch 135
2026-06-25 17:26:58,891 - debug - DEBUG - all_preds length: 10000, all_targets length: 10000
2026-06-25 17:26:58,891 - debug - DEBUG - First 10 preds: [3, 8, 8, 0, 6, 3, 1, 2, 3, 1]
2026-06-25 17:26:58,891 - debug - DEBUG - First 10 targets: [3, 8, 8, 0, 6, 6, 1, 6, 3, 1]
2026-06-25 17:26:58,893 - debug - DEBUG - Unique predicted classes: 10 (first 10: [0 1 2 3 4 5 6 7 8 9])
2026-06-25 17:26:58,893 - debug - DEBUG - Unique target classes: 10 (first 10: [0 1 2 3 4 5 6 7 8 9])
2026-06-25 17:27:03,153 - debug - DEBUG - compute_metrics_and_record started for epoch 136
2026-06-25 17:27:03,154 - debug - DEBUG - all_preds length: 12406, all_targets length: 12406
2026-06-25 17:27:03,154 - debug - DEBUG - First 10 preds: [0, 2, 1, 3, 1, 0, 0, 2, 0, 0]
2026-06-25 17:27:03,154 - debug - DEBUG - First 10 targets: [0, 2, 1, 3, 1, 0, 0, 2, 0, 0]
2026-06-25 17:27:03,160 - debug - DEBUG - Unique predicted classes: 10 (first 10: [0 1 2 3 4 5 6 7 8 9])
2026-06-25 17:27:03,161 - debug - DEBUG - Unique target classes: 10 (first 10: [0 1 2 3 4 5 6 7 8 9])
2026-06-25 17:27:04,456 - debug - DEBUG - compute_metrics_and_record started for epoch 136
2026-06-25 17:27:04,456 - debug - DEBUG - all_preds length: 10000, all_targets length: 10000
2026-06-25 17:27:04,456 - debug - DEBUG - First 10 preds: [3, 1, 1, 1, 6, 6, 1, 2, 3, 1]
2026-06-25 17:27:04,456 - debug - DEBUG - First 10 targets: [3, 8, 8, 0, 6, 6, 1, 6, 3, 1]
2026-06-25 17:27:04,458 - debug - DEBUG - Unique predicted classes: 10 (first 10: [0 1 2 3 4 5 6 7 8 9])
2026-06-25 17:27:04,459 - debug - DEBUG - Unique target classes: 10 (first 10: [0 1 2 3 4 5 6 7 8 9])
2026-06-25 17:27:08,700 - debug - DEBUG - compute_metrics_and_record started for epoch 137
2026-06-25 17:27:08,701 - debug - DEBUG - all_preds length: 12406, all_targets length: 12406
2026-06-25 17:27:08,701 - debug - DEBUG - First 10 preds: [1, 0, 1, 0, 0, 1, 1, 0, 0, 2]
2026-06-25 17:27:08,702 - debug - DEBUG - First 10 targets: [1, 0, 1, 0, 0, 1, 1, 0, 0, 4]
2026-06-25 17:27:08,707 - debug - DEBUG - Unique predicted classes: 10 (first 10: [0 1 2 3 4 5 6 7 8 9])
2026-06-25 17:27:08,708 - debug - DEBUG - Unique target classes: 10 (first 10: [0 1 2 3 4 5 6 7 8 9])
2026-06-25 17:27:10,065 - debug - DEBUG - compute_metrics_and_record started for epoch 137
2026-06-25 17:27:10,065 - debug - DEBUG - all_preds length: 10000, all_targets length: 10000
2026-06-25 17:27:10,065 - debug - DEBUG - First 10 preds: [3, 1, 1, 0, 6, 5, 1, 4, 3, 1]
2026-06-25 17:27:10,065 - debug - DEBUG - First 10 targets: [3, 8, 8, 0, 6, 6, 1, 6, 3, 1]
2026-06-25 17:27:10,068 - debug - DEBUG - Unique predicted classes: 10 (first 10: [0 1 2 3 4 5 6 7 8 9])
2026-06-25 17:27:10,069 - debug - DEBUG - Unique target classes: 10 (first 10: [0 1 2 3 4 5 6 7 8 9])
2026-06-25 17:27:14,271 - debug - DEBUG - compute_metrics_and_record started for epoch 138
2026-06-25 17:27:14,271 - debug - DEBUG - all_preds length: 12406, all_targets length: 12406
2026-06-25 17:27:14,271 - debug - DEBUG - First 10 preds: [1, 0, 0, 3, 1, 1, 2, 0, 5, 3]
2026-06-25 17:27:14,272 - debug - DEBUG - First 10 targets: [1, 0, 0, 3, 1, 1, 2, 0, 5, 3]
2026-06-25 17:27:14,278 - debug - DEBUG - Unique predicted classes: 10 (first 10: [0 1 2 3 4 5 6 7 8 9])
2026-06-25 17:27:14,278 - debug - DEBUG - Unique target classes: 10 (first 10: [0 1 2 3 4 5 6 7 8 9])
2026-06-25 17:27:15,605 - debug - DEBUG - compute_metrics_and_record started for epoch 138
2026-06-25 17:27:15,605 - debug - DEBUG - all_preds length: 10000, all_targets length: 10000
2026-06-25 17:27:15,605 - debug - DEBUG - First 10 preds: [3, 1, 1, 0, 6, 5, 1, 2, 3, 1]
2026-06-25 17:27:15,606 - debug - DEBUG - First 10 targets: [3, 8, 8, 0, 6, 6, 1, 6, 3, 1]
2026-06-25 17:27:15,608 - debug - DEBUG - Unique predicted classes: 10 (first 10: [0 1 2 3 4 5 6 7 8 9])
2026-06-25 17:27:15,608 - debug - DEBUG - Unique target classes: 10 (first 10: [0 1 2 3 4 5 6 7 8 9])
2026-06-25 17:27:19,954 - debug - DEBUG - compute_metrics_and_record started for epoch 139
2026-06-25 17:27:19,954 - debug - DEBUG - all_preds length: 12406, all_targets length: 12406
2026-06-25 17:27:19,955 - debug - DEBUG - First 10 preds: [4, 1, 2, 0, 5, 0, 0, 2, 1, 3]
2026-06-25 17:27:19,955 - debug - DEBUG - First 10 targets: [4, 1, 2, 0, 5, 0, 0, 2, 1, 3]
2026-06-25 17:27:19,960 - debug - DEBUG - Unique predicted classes: 10 (first 10: [0 1 2 3 4 5 6 7 8 9])
2026-06-25 17:27:19,960 - debug - DEBUG - Unique target classes: 10 (first 10: [0 1 2 3 4 5 6 7 8 9])
2026-06-25 17:27:21,198 - debug - DEBUG - compute_metrics_and_record started for epoch 139
2026-06-25 17:27:21,199 - debug - DEBUG - all_preds length: 10000, all_targets length: 10000
2026-06-25 17:27:21,199 - debug - DEBUG - First 10 preds: [3, 1, 1, 0, 6, 1, 1, 2, 3, 1]
2026-06-25 17:27:21,199 - debug - DEBUG - First 10 targets: [3, 8, 8, 0, 6, 6, 1, 6, 3, 1]
2026-06-25 17:27:21,201 - debug - DEBUG - Unique predicted classes: 10 (first 10: [0 1 2 3 4 5 6 7 8 9])
2026-06-25 17:27:21,201 - debug - DEBUG - Unique target classes: 10 (first 10: [0 1 2 3 4 5 6 7 8 9])
2026-06-25 17:27:25,615 - debug - DEBUG - compute_metrics_and_record started for epoch 140
2026-06-25 17:27:25,615 - debug - DEBUG - all_preds length: 12406, all_targets length: 12406
2026-06-25 17:27:25,616 - debug - DEBUG - First 10 preds: [0, 0, 0, 1, 1, 0, 2, 1, 3, 1]
2026-06-25 17:27:25,616 - debug - DEBUG - First 10 targets: [0, 0, 0, 1, 1, 0, 2, 1, 3, 1]
2026-06-25 17:27:25,622 - debug - DEBUG - Unique predicted classes: 10 (first 10: [0 1 2 3 4 5 6 7 8 9])
2026-06-25 17:27:25,622 - debug - DEBUG - Unique target classes: 10 (first 10: [0 1 2 3 4 5 6 7 8 9])
2026-06-25 17:27:26,965 - debug - DEBUG - compute_metrics_and_record started for epoch 140
2026-06-25 17:27:26,965 - debug - DEBUG - all_preds length: 10000, all_targets length: 10000
2026-06-25 17:27:26,965 - debug - DEBUG - First 10 preds: [3, 1, 1, 0, 6, 6, 1, 2, 3, 1]
2026-06-25 17:27:26,966 - debug - DEBUG - First 10 targets: [3, 8, 8, 0, 6, 6, 1, 6, 3, 1]
2026-06-25 17:27:26,968 - debug - DEBUG - Unique predicted classes: 10 (first 10: [0 1 2 3 4 5 6 7 8 9])
2026-06-25 17:27:26,968 - debug - DEBUG - Unique target classes: 10 (first 10: [0 1 2 3 4 5 6 7 8 9])
2026-06-25 17:27:31,169 - debug - DEBUG - compute_metrics_and_record started for epoch 141
2026-06-25 17:27:31,170 - debug - DEBUG - all_preds length: 12406, all_targets length: 12406
2026-06-25 17:27:31,170 - debug - DEBUG - First 10 preds: [7, 0, 4, 0, 0, 1, 2, 8, 0, 1]
2026-06-25 17:27:31,170 - debug - DEBUG - First 10 targets: [7, 0, 4, 0, 0, 1, 2, 8, 0, 1]
2026-06-25 17:27:31,177 - debug - DEBUG - Unique predicted classes: 10 (first 10: [0 1 2 3 4 5 6 7 8 9])
2026-06-25 17:27:31,177 - debug - DEBUG - Unique target classes: 10 (first 10: [0 1 2 3 4 5 6 7 8 9])
2026-06-25 17:27:32,582 - debug - DEBUG - compute_metrics_and_record started for epoch 141
2026-06-25 17:27:32,582 - debug - DEBUG - all_preds length: 10000, all_targets length: 10000
2026-06-25 17:27:32,582 - debug - DEBUG - First 10 preds: [3, 8, 8, 0, 6, 3, 1, 2, 3, 1]
2026-06-25 17:27:32,582 - debug - DEBUG - First 10 targets: [3, 8, 8, 0, 6, 6, 1, 6, 3, 1]
2026-06-25 17:27:32,585 - debug - DEBUG - Unique predicted classes: 10 (first 10: [0 1 2 3 4 5 6 7 8 9])
2026-06-25 17:27:32,585 - debug - DEBUG - Unique target classes: 10 (first 10: [0 1 2 3 4 5 6 7 8 9])
2026-06-25 17:27:36,927 - debug - DEBUG - compute_metrics_and_record started for epoch 142
2026-06-25 17:27:36,927 - debug - DEBUG - all_preds length: 12406, all_targets length: 12406
2026-06-25 17:27:36,927 - debug - DEBUG - First 10 preds: [0, 0, 2, 2, 3, 0, 0, 3, 1, 0]
2026-06-25 17:27:36,928 - debug - DEBUG - First 10 targets: [0, 0, 2, 2, 3, 0, 0, 3, 1, 0]
2026-06-25 17:27:36,933 - debug - DEBUG - Unique predicted classes: 10 (first 10: [0 1 2 3 4 5 6 7 8 9])
2026-06-25 17:27:36,933 - debug - DEBUG - Unique target classes: 10 (first 10: [0 1 2 3 4 5 6 7 8 9])
2026-06-25 17:27:38,302 - debug - DEBUG - compute_metrics_and_record started for epoch 142
2026-06-25 17:27:38,303 - debug - DEBUG - all_preds length: 10000, all_targets length: 10000
2026-06-25 17:27:38,303 - debug - DEBUG - First 10 preds: [3, 1, 1, 0, 6, 6, 1, 2, 3, 1]
2026-06-25 17:27:38,303 - debug - DEBUG - First 10 targets: [3, 8, 8, 0, 6, 6, 1, 6, 3, 1]
2026-06-25 17:27:38,305 - debug - DEBUG - Unique predicted classes: 10 (first 10: [0 1 2 3 4 5 6 7 8 9])
2026-06-25 17:27:38,305 - debug - DEBUG - Unique target classes: 10 (first 10: [0 1 2 3 4 5 6 7 8 9])
2026-06-25 17:27:42,381 - debug - DEBUG - compute_metrics_and_record started for epoch 143
2026-06-25 17:27:42,382 - debug - DEBUG - all_preds length: 12406, all_targets length: 12406
2026-06-25 17:27:42,382 - debug - DEBUG - First 10 preds: [1, 0, 1, 1, 0, 0, 0, 0, 3, 1]
2026-06-25 17:27:42,382 - debug - DEBUG - First 10 targets: [1, 0, 1, 1, 0, 0, 0, 0, 3, 1]
2026-06-25 17:27:42,390 - debug - DEBUG - Unique predicted classes: 10 (first 10: [0 1 2 3 4 5 6 7 8 9])
2026-06-25 17:27:42,390 - debug - DEBUG - Unique target classes: 10 (first 10: [0 1 2 3 4 5 6 7 8 9])
2026-06-25 17:27:43,822 - debug - DEBUG - compute_metrics_and_record started for epoch 143
2026-06-25 17:27:43,822 - debug - DEBUG - all_preds length: 10000, all_targets length: 10000
2026-06-25 17:27:43,823 - debug - DEBUG - First 10 preds: [3, 1, 1, 0, 6, 5, 1, 2, 3, 1]
2026-06-25 17:27:43,823 - debug - DEBUG - First 10 targets: [3, 8, 8, 0, 6, 6, 1, 6, 3, 1]
2026-06-25 17:27:43,825 - debug - DEBUG - Unique predicted classes: 10 (first 10: [0 1 2 3 4 5 6 7 8 9])
2026-06-25 17:27:43,825 - debug - DEBUG - Unique target classes: 10 (first 10: [0 1 2 3 4 5 6 7 8 9])
2026-06-25 17:27:47,984 - debug - DEBUG - compute_metrics_and_record started for epoch 144
2026-06-25 17:27:47,985 - debug - DEBUG - all_preds length: 12406, all_targets length: 12406
2026-06-25 17:27:47,985 - debug - DEBUG - First 10 preds: [0, 2, 2, 0, 2, 1, 0, 3, 0, 0]
2026-06-25 17:27:47,985 - debug - DEBUG - First 10 targets: [0, 2, 2, 0, 0, 1, 0, 3, 0, 0]
2026-06-25 17:27:47,990 - debug - DEBUG - Unique predicted classes: 10 (first 10: [0 1 2 3 4 5 6 7 8 9])
2026-06-25 17:27:47,990 - debug - DEBUG - Unique target classes: 10 (first 10: [0 1 2 3 4 5 6 7 8 9])
2026-06-25 17:27:49,341 - debug - DEBUG - compute_metrics_and_record started for epoch 144
2026-06-25 17:27:49,342 - debug - DEBUG - all_preds length: 10000, all_targets length: 10000
2026-06-25 17:27:49,342 - debug - DEBUG - First 10 preds: [3, 0, 9, 0, 6, 6, 1, 2, 3, 1]
2026-06-25 17:27:49,342 - debug - DEBUG - First 10 targets: [3, 8, 8, 0, 6, 6, 1, 6, 3, 1]
2026-06-25 17:27:49,344 - debug - DEBUG - Unique predicted classes: 10 (first 10: [0 1 2 3 4 5 6 7 8 9])
2026-06-25 17:27:49,344 - debug - DEBUG - Unique target classes: 10 (first 10: [0 1 2 3 4 5 6 7 8 9])
2026-06-25 17:27:53,355 - debug - DEBUG - compute_metrics_and_record started for epoch 145
2026-06-25 17:27:53,355 - debug - DEBUG - all_preds length: 12406, all_targets length: 12406
2026-06-25 17:27:53,356 - debug - DEBUG - First 10 preds: [0, 3, 2, 2, 6, 0, 0, 0, 0, 1]
2026-06-25 17:27:53,356 - debug - DEBUG - First 10 targets: [0, 3, 2, 2, 6, 0, 0, 0, 0, 1]
2026-06-25 17:27:53,362 - debug - DEBUG - Unique predicted classes: 10 (first 10: [0 1 2 3 4 5 6 7 8 9])
2026-06-25 17:27:53,362 - debug - DEBUG - Unique target classes: 10 (first 10: [0 1 2 3 4 5 6 7 8 9])
2026-06-25 17:27:54,865 - debug - DEBUG - compute_metrics_and_record started for epoch 145
2026-06-25 17:27:54,865 - debug - DEBUG - all_preds length: 10000, all_targets length: 10000
2026-06-25 17:27:54,865 - debug - DEBUG - First 10 preds: [3, 1, 8, 0, 6, 3, 1, 2, 3, 1]
2026-06-25 17:27:54,865 - debug - DEBUG - First 10 targets: [3, 8, 8, 0, 6, 6, 1, 6, 3, 1]
2026-06-25 17:27:54,868 - debug - DEBUG - Unique predicted classes: 10 (first 10: [0 1 2 3 4 5 6 7 8 9])
2026-06-25 17:27:54,868 - debug - DEBUG - Unique target classes: 10 (first 10: [0 1 2 3 4 5 6 7 8 9])
2026-06-25 17:27:59,000 - debug - DEBUG - compute_metrics_and_record started for epoch 146
2026-06-25 17:27:59,001 - debug - DEBUG - all_preds length: 12406, all_targets length: 12406
2026-06-25 17:27:59,001 - debug - DEBUG - First 10 preds: [1, 1, 6, 0, 6, 3, 1, 0, 0, 4]
2026-06-25 17:27:59,001 - debug - DEBUG - First 10 targets: [1, 1, 6, 0, 6, 3, 1, 0, 0, 4]
2026-06-25 17:27:59,008 - debug - DEBUG - Unique predicted classes: 10 (first 10: [0 1 2 3 4 5 6 7 8 9])
2026-06-25 17:27:59,008 - debug - DEBUG - Unique target classes: 10 (first 10: [0 1 2 3 4 5 6 7 8 9])
2026-06-25 17:28:00,450 - debug - DEBUG - compute_metrics_and_record started for epoch 146
2026-06-25 17:28:00,451 - debug - DEBUG - all_preds length: 10000, all_targets length: 10000
2026-06-25 17:28:00,451 - debug - DEBUG - First 10 preds: [3, 8, 8, 0, 6, 6, 1, 2, 3, 1]
2026-06-25 17:28:00,451 - debug - DEBUG - First 10 targets: [3, 8, 8, 0, 6, 6, 1, 6, 3, 1]
2026-06-25 17:28:00,453 - debug - DEBUG - Unique predicted classes: 10 (first 10: [0 1 2 3 4 5 6 7 8 9])
2026-06-25 17:28:00,454 - debug - DEBUG - Unique target classes: 10 (first 10: [0 1 2 3 4 5 6 7 8 9])
2026-06-25 17:28:04,698 - debug - DEBUG - compute_metrics_and_record started for epoch 147
2026-06-25 17:28:04,699 - debug - DEBUG - all_preds length: 12406, all_targets length: 12406
2026-06-25 17:28:04,699 - debug - DEBUG - First 10 preds: [2, 2, 0, 0, 0, 0, 2, 0, 2, 1]
2026-06-25 17:28:04,699 - debug - DEBUG - First 10 targets: [2, 2, 0, 0, 0, 0, 2, 0, 2, 1]
2026-06-25 17:28:04,704 - debug - DEBUG - Unique predicted classes: 10 (first 10: [0 1 2 3 4 5 6 7 8 9])
2026-06-25 17:28:04,705 - debug - DEBUG - Unique target classes: 10 (first 10: [0 1 2 3 4 5 6 7 8 9])
2026-06-25 17:28:05,983 - debug - DEBUG - compute_metrics_and_record started for epoch 147
2026-06-25 17:28:05,984 - debug - DEBUG - all_preds length: 10000, all_targets length: 10000
2026-06-25 17:28:05,984 - debug - DEBUG - First 10 preds: [3, 1, 1, 0, 6, 5, 1, 2, 3, 1]
2026-06-25 17:28:05,984 - debug - DEBUG - First 10 targets: [3, 8, 8, 0, 6, 6, 1, 6, 3, 1]
2026-06-25 17:28:05,986 - debug - DEBUG - Unique predicted classes: 10 (first 10: [0 1 2 3 4 5 6 7 8 9])
2026-06-25 17:28:05,986 - debug - DEBUG - Unique target classes: 10 (first 10: [0 1 2 3 4 5 6 7 8 9])
2026-06-25 17:28:10,137 - debug - DEBUG - compute_metrics_and_record started for epoch 148
2026-06-25 17:28:10,137 - debug - DEBUG - all_preds length: 12406, all_targets length: 12406
2026-06-25 17:28:10,138 - debug - DEBUG - First 10 preds: [0, 9, 1, 0, 0, 0, 0, 1, 5, 6]
2026-06-25 17:28:10,138 - debug - DEBUG - First 10 targets: [0, 9, 1, 0, 0, 0, 0, 1, 5, 6]
2026-06-25 17:28:10,144 - debug - DEBUG - Unique predicted classes: 10 (first 10: [0 1 2 3 4 5 6 7 8 9])
2026-06-25 17:28:10,144 - debug - DEBUG - Unique target classes: 10 (first 10: [0 1 2 3 4 5 6 7 8 9])
2026-06-25 17:28:11,519 - debug - DEBUG - compute_metrics_and_record started for epoch 148
2026-06-25 17:28:11,519 - debug - DEBUG - all_preds length: 10000, all_targets length: 10000
2026-06-25 17:28:11,519 - debug - DEBUG - First 10 preds: [1, 1, 1, 0, 1, 9, 1, 2, 5, 1]
2026-06-25 17:28:11,519 - debug - DEBUG - First 10 targets: [3, 8, 8, 0, 6, 6, 1, 6, 3, 1]
2026-06-25 17:28:11,521 - debug - DEBUG - Unique predicted classes: 10 (first 10: [0 1 2 3 4 5 6 7 8 9])
2026-06-25 17:28:11,522 - debug - DEBUG - Unique target classes: 10 (first 10: [0 1 2 3 4 5 6 7 8 9])
2026-06-25 17:28:15,897 - debug - DEBUG - compute_metrics_and_record started for epoch 149
2026-06-25 17:28:15,898 - debug - DEBUG - all_preds length: 12406, all_targets length: 12406
2026-06-25 17:28:15,898 - debug - DEBUG - First 10 preds: [0, 4, 0, 0, 1, 0, 0, 2, 0, 5]
2026-06-25 17:28:15,898 - debug - DEBUG - First 10 targets: [0, 4, 0, 0, 1, 3, 0, 2, 0, 5]
2026-06-25 17:28:15,904 - debug - DEBUG - Unique predicted classes: 10 (first 10: [0 1 2 3 4 5 6 7 8 9])
2026-06-25 17:28:15,904 - debug - DEBUG - Unique target classes: 10 (first 10: [0 1 2 3 4 5 6 7 8 9])
2026-06-25 17:28:17,230 - debug - DEBUG - compute_metrics_and_record started for epoch 149
2026-06-25 17:28:17,230 - debug - DEBUG - all_preds length: 10000, all_targets length: 10000
2026-06-25 17:28:17,230 - debug - DEBUG - First 10 preds: [3, 1, 1, 0, 2, 6, 1, 2, 3, 1]
2026-06-25 17:28:17,230 - debug - DEBUG - First 10 targets: [3, 8, 8, 0, 6, 6, 1, 6, 3, 1]
2026-06-25 17:28:17,232 - debug - DEBUG - Unique predicted classes: 10 (first 10: [0 1 2 3 4 5 6 7 8 9])
2026-06-25 17:28:17,233 - debug - DEBUG - Unique target classes: 10 (first 10: [0 1 2 3 4 5 6 7 8 9])
2026-06-25 17:28:21,472 - debug - DEBUG - compute_metrics_and_record started for epoch 150
2026-06-25 17:28:21,472 - debug - DEBUG - all_preds length: 12406, all_targets length: 12406
2026-06-25 17:28:21,472 - debug - DEBUG - First 10 preds: [1, 1, 0, 1, 0, 3, 3, 4, 0, 0]
2026-06-25 17:28:21,473 - debug - DEBUG - First 10 targets: [1, 1, 0, 1, 0, 3, 3, 4, 0, 0]
2026-06-25 17:28:21,478 - debug - DEBUG - Unique predicted classes: 10 (first 10: [0 1 2 3 4 5 6 7 8 9])
2026-06-25 17:28:21,479 - debug - DEBUG - Unique target classes: 10 (first 10: [0 1 2 3 4 5 6 7 8 9])
2026-06-25 17:28:22,764 - debug - DEBUG - compute_metrics_and_record started for epoch 150
2026-06-25 17:28:22,764 - debug - DEBUG - all_preds length: 10000, all_targets length: 10000
2026-06-25 17:28:22,764 - debug - DEBUG - First 10 preds: [3, 1, 1, 0, 6, 6, 1, 2, 3, 1]
2026-06-25 17:28:22,764 - debug - DEBUG - First 10 targets: [3, 8, 8, 0, 6, 6, 1, 6, 3, 1]
2026-06-25 17:28:22,767 - debug - DEBUG - Unique predicted classes: 10 (first 10: [0 1 2 3 4 5 6 7 8 9])
2026-06-25 17:28:22,767 - debug - DEBUG - Unique target classes: 10 (first 10: [0 1 2 3 4 5 6 7 8 9])
2026-06-25 17:28:26,639 - debug - DEBUG - compute_metrics_and_record started for epoch 151
2026-06-25 17:28:26,640 - debug - DEBUG - all_preds length: 12406, all_targets length: 12406
2026-06-25 17:28:26,640 - debug - DEBUG - First 10 preds: [1, 1, 1, 0, 5, 0, 2, 4, 1, 0]
2026-06-25 17:28:26,640 - debug - DEBUG - First 10 targets: [1, 1, 1, 0, 5, 0, 2, 3, 1, 0]
2026-06-25 17:28:26,646 - debug - DEBUG - Unique predicted classes: 10 (first 10: [0 1 2 3 4 5 6 7 8 9])
2026-06-25 17:28:26,646 - debug - DEBUG - Unique target classes: 10 (first 10: [0 1 2 3 4 5 6 7 8 9])
2026-06-25 17:28:27,927 - debug - DEBUG - compute_metrics_and_record started for epoch 151
2026-06-25 17:28:27,927 - debug - DEBUG - all_preds length: 10000, all_targets length: 10000
2026-06-25 17:28:27,927 - debug - DEBUG - First 10 preds: [3, 0, 0, 0, 6, 6, 1, 2, 3, 1]
2026-06-25 17:28:27,927 - debug - DEBUG - First 10 targets: [3, 8, 8, 0, 6, 6, 1, 6, 3, 1]
2026-06-25 17:28:27,930 - debug - DEBUG - Unique predicted classes: 10 (first 10: [0 1 2 3 4 5 6 7 8 9])
2026-06-25 17:28:27,930 - debug - DEBUG - Unique target classes: 10 (first 10: [0 1 2 3 4 5 6 7 8 9])
2026-06-25 17:28:32,014 - debug - DEBUG - compute_metrics_and_record started for epoch 152
2026-06-25 17:28:32,015 - debug - DEBUG - all_preds length: 12406, all_targets length: 12406
2026-06-25 17:28:32,015 - debug - DEBUG - First 10 preds: [0, 4, 3, 3, 5, 1, 1, 1, 4, 3]
2026-06-25 17:28:32,015 - debug - DEBUG - First 10 targets: [0, 4, 3, 3, 5, 1, 1, 1, 4, 2]
2026-06-25 17:28:32,020 - debug - DEBUG - Unique predicted classes: 10 (first 10: [0 1 2 3 4 5 6 7 8 9])
2026-06-25 17:28:32,021 - debug - DEBUG - Unique target classes: 10 (first 10: [0 1 2 3 4 5 6 7 8 9])
2026-06-25 17:28:33,269 - debug - DEBUG - compute_metrics_and_record started for epoch 152
2026-06-25 17:28:33,269 - debug - DEBUG - all_preds length: 10000, all_targets length: 10000
2026-06-25 17:28:33,269 - debug - DEBUG - First 10 preds: [3, 1, 9, 0, 6, 3, 1, 2, 3, 1]
2026-06-25 17:28:33,269 - debug - DEBUG - First 10 targets: [3, 8, 8, 0, 6, 6, 1, 6, 3, 1]
2026-06-25 17:28:33,272 - debug - DEBUG - Unique predicted classes: 10 (first 10: [0 1 2 3 4 5 6 7 8 9])
2026-06-25 17:28:33,272 - debug - DEBUG - Unique target classes: 10 (first 10: [0 1 2 3 4 5 6 7 8 9])
2026-06-25 17:28:37,617 - debug - DEBUG - compute_metrics_and_record started for epoch 153
2026-06-25 17:28:37,618 - debug - DEBUG - all_preds length: 12406, all_targets length: 12406
2026-06-25 17:28:37,618 - debug - DEBUG - First 10 preds: [0, 0, 1, 0, 0, 0, 1, 5, 0, 0]
2026-06-25 17:28:37,618 - debug - DEBUG - First 10 targets: [0, 0, 1, 0, 0, 0, 1, 5, 0, 0]
2026-06-25 17:28:37,624 - debug - DEBUG - Unique predicted classes: 10 (first 10: [0 1 2 3 4 5 6 7 8 9])
2026-06-25 17:28:37,624 - debug - DEBUG - Unique target classes: 10 (first 10: [0 1 2 3 4 5 6 7 8 9])
2026-06-25 17:28:38,975 - debug - DEBUG - compute_metrics_and_record started for epoch 153
2026-06-25 17:28:38,975 - debug - DEBUG - all_preds length: 10000, all_targets length: 10000
2026-06-25 17:28:38,975 - debug - DEBUG - First 10 preds: [3, 8, 9, 0, 6, 6, 1, 2, 3, 1]
2026-06-25 17:28:38,975 - debug - DEBUG - First 10 targets: [3, 8, 8, 0, 6, 6, 1, 6, 3, 1]
2026-06-25 17:28:38,978 - debug - DEBUG - Unique predicted classes: 10 (first 10: [0 1 2 3 4 5 6 7 8 9])
2026-06-25 17:28:38,978 - debug - DEBUG - Unique target classes: 10 (first 10: [0 1 2 3 4 5 6 7 8 9])
2026-06-25 17:28:43,305 - debug - DEBUG - compute_metrics_and_record started for epoch 154
2026-06-25 17:28:43,306 - debug - DEBUG - all_preds length: 12406, all_targets length: 12406
2026-06-25 17:28:43,306 - debug - DEBUG - First 10 preds: [1, 0, 2, 0, 0, 1, 4, 5, 0, 1]
2026-06-25 17:28:43,306 - debug - DEBUG - First 10 targets: [1, 0, 2, 0, 0, 1, 4, 5, 0, 1]
2026-06-25 17:28:43,309 - debug - DEBUG - Unique predicted classes: 10 (first 10: [0 1 2 3 4 5 6 7 8 9])
2026-06-25 17:28:43,310 - debug - DEBUG - Unique target classes: 10 (first 10: [0 1 2 3 4 5 6 7 8 9])
2026-06-25 17:28:44,789 - debug - DEBUG - compute_metrics_and_record started for epoch 154
2026-06-25 17:28:44,790 - debug - DEBUG - all_preds length: 10000, all_targets length: 10000
2026-06-25 17:28:44,790 - debug - DEBUG - First 10 preds: [3, 1, 8, 0, 6, 6, 1, 2, 3, 1]
2026-06-25 17:28:44,790 - debug - DEBUG - First 10 targets: [3, 8, 8, 0, 6, 6, 1, 6, 3, 1]
2026-06-25 17:28:44,793 - debug - DEBUG - Unique predicted classes: 10 (first 10: [0 1 2 3 4 5 6 7 8 9])
2026-06-25 17:28:44,793 - debug - DEBUG - Unique target classes: 10 (first 10: [0 1 2 3 4 5 6 7 8 9])
2026-06-25 17:28:49,042 - debug - DEBUG - compute_metrics_and_record started for epoch 155
2026-06-25 17:28:49,043 - debug - DEBUG - all_preds length: 12406, all_targets length: 12406
2026-06-25 17:28:49,043 - debug - DEBUG - First 10 preds: [4, 3, 1, 0, 4, 5, 1, 0, 0, 3]
2026-06-25 17:28:49,043 - debug - DEBUG - First 10 targets: [4, 3, 1, 0, 4, 5, 1, 0, 0, 3]
2026-06-25 17:28:49,049 - debug - DEBUG - Unique predicted classes: 10 (first 10: [0 1 2 3 4 5 6 7 8 9])
2026-06-25 17:28:49,050 - debug - DEBUG - Unique target classes: 10 (first 10: [0 1 2 3 4 5 6 7 8 9])
2026-06-25 17:28:50,400 - debug - DEBUG - compute_metrics_and_record started for epoch 155
2026-06-25 17:28:50,401 - debug - DEBUG - all_preds length: 10000, all_targets length: 10000
2026-06-25 17:28:50,401 - debug - DEBUG - First 10 preds: [3, 8, 1, 0, 6, 4, 1, 2, 3, 1]
2026-06-25 17:28:50,401 - debug - DEBUG - First 10 targets: [3, 8, 8, 0, 6, 6, 1, 6, 3, 1]
2026-06-25 17:28:50,404 - debug - DEBUG - Unique predicted classes: 10 (first 10: [0 1 2 3 4 5 6 7 8 9])
2026-06-25 17:28:50,404 - debug - DEBUG - Unique target classes: 10 (first 10: [0 1 2 3 4 5 6 7 8 9])
2026-06-25 17:28:54,692 - debug - DEBUG - compute_metrics_and_record started for epoch 156
2026-06-25 17:28:54,692 - debug - DEBUG - all_preds length: 12406, all_targets length: 12406
2026-06-25 17:28:54,693 - debug - DEBUG - First 10 preds: [0, 0, 3, 0, 0, 6, 1, 0, 2, 1]
2026-06-25 17:28:54,693 - debug - DEBUG - First 10 targets: [0, 0, 3, 0, 0, 6, 1, 0, 2, 1]
2026-06-25 17:28:54,697 - debug - DEBUG - Unique predicted classes: 10 (first 10: [0 1 2 3 4 5 6 7 8 9])
2026-06-25 17:28:54,697 - debug - DEBUG - Unique target classes: 10 (first 10: [0 1 2 3 4 5 6 7 8 9])
2026-06-25 17:28:56,026 - debug - DEBUG - compute_metrics_and_record started for epoch 156
2026-06-25 17:28:56,027 - debug - DEBUG - all_preds length: 10000, all_targets length: 10000
2026-06-25 17:28:56,027 - debug - DEBUG - First 10 preds: [3, 8, 8, 0, 6, 3, 1, 4, 3, 1]
2026-06-25 17:28:56,027 - debug - DEBUG - First 10 targets: [3, 8, 8, 0, 6, 6, 1, 6, 3, 1]
2026-06-25 17:28:56,029 - debug - DEBUG - Unique predicted classes: 10 (first 10: [0 1 2 3 4 5 6 7 8 9])
2026-06-25 17:28:56,029 - debug - DEBUG - Unique target classes: 10 (first 10: [0 1 2 3 4 5 6 7 8 9])
2026-06-25 17:29:00,259 - debug - DEBUG - compute_metrics_and_record started for epoch 157
2026-06-25 17:29:00,259 - debug - DEBUG - all_preds length: 12406, all_targets length: 12406
2026-06-25 17:29:00,259 - debug - DEBUG - First 10 preds: [0, 3, 1, 2, 0, 1, 0, 0, 3, 0]
2026-06-25 17:29:00,259 - debug - DEBUG - First 10 targets: [0, 4, 1, 2, 0, 1, 0, 0, 1, 0]
2026-06-25 17:29:00,264 - debug - DEBUG - Unique predicted classes: 10 (first 10: [0 1 2 3 4 5 6 7 8 9])
2026-06-25 17:29:00,265 - debug - DEBUG - Unique target classes: 10 (first 10: [0 1 2 3 4 5 6 7 8 9])
2026-06-25 17:29:01,621 - debug - DEBUG - compute_metrics_and_record started for epoch 157
2026-06-25 17:29:01,622 - debug - DEBUG - all_preds length: 10000, all_targets length: 10000
2026-06-25 17:29:01,622 - debug - DEBUG - First 10 preds: [2, 1, 1, 0, 2, 6, 1, 2, 3, 1]
2026-06-25 17:29:01,622 - debug - DEBUG - First 10 targets: [3, 8, 8, 0, 6, 6, 1, 6, 3, 1]
2026-06-25 17:29:01,625 - debug - DEBUG - Unique predicted classes: 10 (first 10: [0 1 2 3 4 5 6 7 8 9])
2026-06-25 17:29:01,625 - debug - DEBUG - Unique target classes: 10 (first 10: [0 1 2 3 4 5 6 7 8 9])
2026-06-25 17:29:05,635 - debug - DEBUG - compute_metrics_and_record started for epoch 158
2026-06-25 17:29:05,636 - debug - DEBUG - all_preds length: 12406, all_targets length: 12406
2026-06-25 17:29:05,636 - debug - DEBUG - First 10 preds: [0, 2, 2, 9, 3, 1, 1, 2, 0, 2]
2026-06-25 17:29:05,636 - debug - DEBUG - First 10 targets: [0, 2, 2, 9, 2, 1, 1, 2, 0, 5]
2026-06-25 17:29:05,642 - debug - DEBUG - Unique predicted classes: 10 (first 10: [0 1 2 3 4 5 6 7 8 9])
2026-06-25 17:29:05,643 - debug - DEBUG - Unique target classes: 10 (first 10: [0 1 2 3 4 5 6 7 8 9])
2026-06-25 17:29:07,060 - debug - DEBUG - compute_metrics_and_record started for epoch 158
2026-06-25 17:29:07,060 - debug - DEBUG - all_preds length: 10000, all_targets length: 10000
2026-06-25 17:29:07,060 - debug - DEBUG - First 10 preds: [3, 1, 1, 0, 6, 5, 1, 4, 3, 1]
2026-06-25 17:29:07,060 - debug - DEBUG - First 10 targets: [3, 8, 8, 0, 6, 6, 1, 6, 3, 1]
2026-06-25 17:29:07,063 - debug - DEBUG - Unique predicted classes: 10 (first 10: [0 1 2 3 4 5 6 7 8 9])
2026-06-25 17:29:07,063 - debug - DEBUG - Unique target classes: 10 (first 10: [0 1 2 3 4 5 6 7 8 9])
2026-06-25 17:29:11,192 - debug - DEBUG - compute_metrics_and_record started for epoch 159
2026-06-25 17:29:11,192 - debug - DEBUG - all_preds length: 12406, all_targets length: 12406
2026-06-25 17:29:11,192 - debug - DEBUG - First 10 preds: [1, 0, 0, 1, 0, 1, 0, 6, 1, 0]
2026-06-25 17:29:11,193 - debug - DEBUG - First 10 targets: [1, 0, 0, 1, 0, 1, 0, 0, 1, 0]
2026-06-25 17:29:11,197 - debug - DEBUG - Unique predicted classes: 10 (first 10: [0 1 2 3 4 5 6 7 8 9])
2026-06-25 17:29:11,197 - debug - DEBUG - Unique target classes: 10 (first 10: [0 1 2 3 4 5 6 7 8 9])
2026-06-25 17:29:12,680 - debug - DEBUG - compute_metrics_and_record started for epoch 159
2026-06-25 17:29:12,681 - debug - DEBUG - all_preds length: 10000, all_targets length: 10000
2026-06-25 17:29:12,681 - debug - DEBUG - First 10 preds: [3, 1, 1, 0, 6, 6, 1, 2, 3, 1]
2026-06-25 17:29:12,681 - debug - DEBUG - First 10 targets: [3, 8, 8, 0, 6, 6, 1, 6, 3, 1]
2026-06-25 17:29:12,683 - debug - DEBUG - Unique predicted classes: 10 (first 10: [0 1 2 3 4 5 6 7 8 9])
2026-06-25 17:29:12,683 - debug - DEBUG - Unique target classes: 10 (first 10: [0 1 2 3 4 5 6 7 8 9])
2026-06-25 17:29:16,811 - debug - DEBUG - compute_metrics_and_record started for epoch 160
2026-06-25 17:29:16,812 - debug - DEBUG - all_preds length: 12406, all_targets length: 12406
2026-06-25 17:29:16,812 - debug - DEBUG - First 10 preds: [1, 1, 0, 5, 4, 3, 3, 0, 0, 0]
2026-06-25 17:29:16,812 - debug - DEBUG - First 10 targets: [1, 1, 0, 5, 7, 3, 3, 0, 0, 0]
2026-06-25 17:29:16,818 - debug - DEBUG - Unique predicted classes: 10 (first 10: [0 1 2 3 4 5 6 7 8 9])
2026-06-25 17:29:16,819 - debug - DEBUG - Unique target classes: 10 (first 10: [0 1 2 3 4 5 6 7 8 9])
2026-06-25 17:29:18,294 - debug - DEBUG - compute_metrics_and_record started for epoch 160
2026-06-25 17:29:18,295 - debug - DEBUG - all_preds length: 10000, all_targets length: 10000
2026-06-25 17:29:18,295 - debug - DEBUG - First 10 preds: [3, 8, 8, 0, 6, 6, 1, 2, 3, 1]
2026-06-25 17:29:18,295 - debug - DEBUG - First 10 targets: [3, 8, 8, 0, 6, 6, 1, 6, 3, 1]
2026-06-25 17:29:18,297 - debug - DEBUG - Unique predicted classes: 10 (first 10: [0 1 2 3 4 5 6 7 8 9])
2026-06-25 17:29:18,297 - debug - DEBUG - Unique target classes: 10 (first 10: [0 1 2 3 4 5 6 7 8 9])
2026-06-25 17:29:22,488 - debug - DEBUG - compute_metrics_and_record started for epoch 161
2026-06-25 17:29:22,489 - debug - DEBUG - all_preds length: 12406, all_targets length: 12406
2026-06-25 17:29:22,489 - debug - DEBUG - First 10 preds: [3, 0, 3, 1, 0, 0, 1, 2, 0, 1]
2026-06-25 17:29:22,489 - debug - DEBUG - First 10 targets: [2, 2, 3, 0, 0, 0, 1, 2, 0, 0]
2026-06-25 17:29:22,493 - debug - DEBUG - Unique predicted classes: 10 (first 10: [0 1 2 3 4 5 6 7 8 9])
2026-06-25 17:29:22,493 - debug - DEBUG - Unique target classes: 10 (first 10: [0 1 2 3 4 5 6 7 8 9])
2026-06-25 17:29:23,830 - debug - DEBUG - compute_metrics_and_record started for epoch 161
2026-06-25 17:29:23,831 - debug - DEBUG - all_preds length: 10000, all_targets length: 10000
2026-06-25 17:29:23,831 - debug - DEBUG - First 10 preds: [3, 8, 8, 0, 6, 6, 1, 2, 3, 1]
2026-06-25 17:29:23,831 - debug - DEBUG - First 10 targets: [3, 8, 8, 0, 6, 6, 1, 6, 3, 1]
2026-06-25 17:29:23,834 - debug - DEBUG - Unique predicted classes: 10 (first 10: [0 1 2 3 4 5 6 7 8 9])
2026-06-25 17:29:23,834 - debug - DEBUG - Unique target classes: 10 (first 10: [0 1 2 3 4 5 6 7 8 9])
2026-06-25 17:29:28,357 - debug - DEBUG - compute_metrics_and_record started for epoch 162
2026-06-25 17:29:28,357 - debug - DEBUG - all_preds length: 12406, all_targets length: 12406
2026-06-25 17:29:28,357 - debug - DEBUG - First 10 preds: [2, 0, 2, 1, 1, 0, 0, 0, 8, 8]
2026-06-25 17:29:28,358 - debug - DEBUG - First 10 targets: [2, 0, 2, 1, 1, 0, 0, 0, 8, 0]
2026-06-25 17:29:28,363 - debug - DEBUG - Unique predicted classes: 10 (first 10: [0 1 2 3 4 5 6 7 8 9])
2026-06-25 17:29:28,363 - debug - DEBUG - Unique target classes: 10 (first 10: [0 1 2 3 4 5 6 7 8 9])
2026-06-25 17:29:29,681 - debug - DEBUG - compute_metrics_and_record started for epoch 162
2026-06-25 17:29:29,681 - debug - DEBUG - all_preds length: 10000, all_targets length: 10000
2026-06-25 17:29:29,681 - debug - DEBUG - First 10 preds: [3, 8, 8, 0, 6, 6, 1, 2, 3, 1]
2026-06-25 17:29:29,681 - debug - DEBUG - First 10 targets: [3, 8, 8, 0, 6, 6, 1, 6, 3, 1]
2026-06-25 17:29:29,685 - debug - DEBUG - Unique predicted classes: 10 (first 10: [0 1 2 3 4 5 6 7 8 9])
2026-06-25 17:29:29,685 - debug - DEBUG - Unique target classes: 10 (first 10: [0 1 2 3 4 5 6 7 8 9])
2026-06-25 17:29:33,948 - debug - DEBUG - compute_metrics_and_record started for epoch 163
2026-06-25 17:29:33,948 - debug - DEBUG - all_preds length: 12406, all_targets length: 12406
2026-06-25 17:29:33,948 - debug - DEBUG - First 10 preds: [0, 1, 4, 0, 0, 2, 1, 0, 0, 1]
2026-06-25 17:29:33,949 - debug - DEBUG - First 10 targets: [0, 1, 4, 0, 0, 2, 1, 0, 0, 1]
2026-06-25 17:29:33,951 - debug - DEBUG - Unique predicted classes: 10 (first 10: [0 1 2 3 4 5 6 7 8 9])
2026-06-25 17:29:33,952 - debug - DEBUG - Unique target classes: 10 (first 10: [0 1 2 3 4 5 6 7 8 9])
2026-06-25 17:29:35,234 - debug - DEBUG - compute_metrics_and_record started for epoch 163
2026-06-25 17:29:35,235 - debug - DEBUG - all_preds length: 10000, all_targets length: 10000
2026-06-25 17:29:35,235 - debug - DEBUG - First 10 preds: [3, 1, 8, 0, 6, 6, 1, 2, 3, 1]
2026-06-25 17:29:35,235 - debug - DEBUG - First 10 targets: [3, 8, 8, 0, 6, 6, 1, 6, 3, 1]
2026-06-25 17:29:35,237 - debug - DEBUG - Unique predicted classes: 10 (first 10: [0 1 2 3 4 5 6 7 8 9])
2026-06-25 17:29:35,237 - debug - DEBUG - Unique target classes: 10 (first 10: [0 1 2 3 4 5 6 7 8 9])
2026-06-25 17:29:39,499 - debug - DEBUG - compute_metrics_and_record started for epoch 164
2026-06-25 17:29:39,499 - debug - DEBUG - all_preds length: 12406, all_targets length: 12406
2026-06-25 17:29:39,499 - debug - DEBUG - First 10 preds: [1, 0, 1, 0, 2, 0, 3, 1, 0, 5]
2026-06-25 17:29:39,500 - debug - DEBUG - First 10 targets: [1, 0, 1, 0, 2, 0, 3, 1, 0, 5]
2026-06-25 17:29:39,505 - debug - DEBUG - Unique predicted classes: 10 (first 10: [0 1 2 3 4 5 6 7 8 9])
2026-06-25 17:29:39,505 - debug - DEBUG - Unique target classes: 10 (first 10: [0 1 2 3 4 5 6 7 8 9])
2026-06-25 17:29:40,785 - debug - DEBUG - compute_metrics_and_record started for epoch 164
2026-06-25 17:29:40,786 - debug - DEBUG - all_preds length: 10000, all_targets length: 10000
2026-06-25 17:29:40,786 - debug - DEBUG - First 10 preds: [3, 1, 8, 0, 6, 6, 1, 2, 3, 1]
2026-06-25 17:29:40,786 - debug - DEBUG - First 10 targets: [3, 8, 8, 0, 6, 6, 1, 6, 3, 1]
2026-06-25 17:29:40,788 - debug - DEBUG - Unique predicted classes: 10 (first 10: [0 1 2 3 4 5 6 7 8 9])
2026-06-25 17:29:40,789 - debug - DEBUG - Unique target classes: 10 (first 10: [0 1 2 3 4 5 6 7 8 9])
2026-06-25 17:29:45,115 - debug - DEBUG - compute_metrics_and_record started for epoch 165
2026-06-25 17:29:45,116 - debug - DEBUG - all_preds length: 12406, all_targets length: 12406
2026-06-25 17:29:45,116 - debug - DEBUG - First 10 preds: [1, 1, 2, 0, 3, 1, 3, 1, 8, 0]
2026-06-25 17:29:45,116 - debug - DEBUG - First 10 targets: [1, 1, 2, 0, 3, 1, 3, 1, 8, 0]
2026-06-25 17:29:45,123 - debug - DEBUG - Unique predicted classes: 10 (first 10: [0 1 2 3 4 5 6 7 8 9])
2026-06-25 17:29:45,123 - debug - DEBUG - Unique target classes: 10 (first 10: [0 1 2 3 4 5 6 7 8 9])
2026-06-25 17:29:46,421 - debug - DEBUG - compute_metrics_and_record started for epoch 165
2026-06-25 17:29:46,422 - debug - DEBUG - all_preds length: 10000, all_targets length: 10000
2026-06-25 17:29:46,422 - debug - DEBUG - First 10 preds: [3, 1, 8, 0, 6, 6, 1, 2, 3, 1]
2026-06-25 17:29:46,422 - debug - DEBUG - First 10 targets: [3, 8, 8, 0, 6, 6, 1, 6, 3, 1]
2026-06-25 17:29:46,424 - debug - DEBUG - Unique predicted classes: 10 (first 10: [0 1 2 3 4 5 6 7 8 9])
2026-06-25 17:29:46,425 - debug - DEBUG - Unique target classes: 10 (first 10: [0 1 2 3 4 5 6 7 8 9])
2026-06-25 17:29:50,764 - debug - DEBUG - compute_metrics_and_record started for epoch 166
2026-06-25 17:29:50,764 - debug - DEBUG - all_preds length: 12406, all_targets length: 12406
2026-06-25 17:29:50,765 - debug - DEBUG - First 10 preds: [1, 7, 0, 0, 0, 2, 0, 0, 0, 1]
2026-06-25 17:29:50,765 - debug - DEBUG - First 10 targets: [1, 0, 0, 0, 0, 2, 0, 0, 0, 1]
2026-06-25 17:29:50,771 - debug - DEBUG - Unique predicted classes: 10 (first 10: [0 1 2 3 4 5 6 7 8 9])
2026-06-25 17:29:50,771 - debug - DEBUG - Unique target classes: 10 (first 10: [0 1 2 3 4 5 6 7 8 9])
2026-06-25 17:29:52,146 - debug - DEBUG - compute_metrics_and_record started for epoch 166
2026-06-25 17:29:52,146 - debug - DEBUG - all_preds length: 10000, all_targets length: 10000
2026-06-25 17:29:52,147 - debug - DEBUG - First 10 preds: [3, 1, 8, 0, 6, 6, 1, 2, 3, 1]
2026-06-25 17:29:52,147 - debug - DEBUG - First 10 targets: [3, 8, 8, 0, 6, 6, 1, 6, 3, 1]
2026-06-25 17:29:52,149 - debug - DEBUG - Unique predicted classes: 10 (first 10: [0 1 2 3 4 5 6 7 8 9])
2026-06-25 17:29:52,149 - debug - DEBUG - Unique target classes: 10 (first 10: [0 1 2 3 4 5 6 7 8 9])
2026-06-25 17:29:56,394 - debug - DEBUG - compute_metrics_and_record started for epoch 167
2026-06-25 17:29:56,395 - debug - DEBUG - all_preds length: 12406, all_targets length: 12406
2026-06-25 17:29:56,395 - debug - DEBUG - First 10 preds: [0, 0, 0, 5, 1, 1, 2, 2, 1, 1]
2026-06-25 17:29:56,396 - debug - DEBUG - First 10 targets: [0, 0, 0, 5, 1, 1, 2, 2, 1, 1]
2026-06-25 17:29:56,402 - debug - DEBUG - Unique predicted classes: 10 (first 10: [0 1 2 3 4 5 6 7 8 9])
2026-06-25 17:29:56,402 - debug - DEBUG - Unique target classes: 10 (first 10: [0 1 2 3 4 5 6 7 8 9])
2026-06-25 17:29:57,789 - debug - DEBUG - compute_metrics_and_record started for epoch 167
2026-06-25 17:29:57,790 - debug - DEBUG - all_preds length: 10000, all_targets length: 10000
2026-06-25 17:29:57,790 - debug - DEBUG - First 10 preds: [3, 1, 8, 0, 6, 6, 1, 2, 3, 1]
2026-06-25 17:29:57,790 - debug - DEBUG - First 10 targets: [3, 8, 8, 0, 6, 6, 1, 6, 3, 1]
2026-06-25 17:29:57,792 - debug - DEBUG - Unique predicted classes: 10 (first 10: [0 1 2 3 4 5 6 7 8 9])
2026-06-25 17:29:57,793 - debug - DEBUG - Unique target classes: 10 (first 10: [0 1 2 3 4 5 6 7 8 9])
2026-06-25 17:30:02,078 - debug - DEBUG - compute_metrics_and_record started for epoch 168
2026-06-25 17:30:02,079 - debug - DEBUG - all_preds length: 12406, all_targets length: 12406
2026-06-25 17:30:02,079 - debug - DEBUG - First 10 preds: [1, 1, 0, 0, 1, 1, 1, 0, 1, 0]
2026-06-25 17:30:02,079 - debug - DEBUG - First 10 targets: [1, 1, 0, 0, 1, 1, 1, 0, 1, 0]
2026-06-25 17:30:02,085 - debug - DEBUG - Unique predicted classes: 10 (first 10: [0 1 2 3 4 5 6 7 8 9])
2026-06-25 17:30:02,085 - debug - DEBUG - Unique target classes: 10 (first 10: [0 1 2 3 4 5 6 7 8 9])
2026-06-25 17:30:03,552 - debug - DEBUG - compute_metrics_and_record started for epoch 168
2026-06-25 17:30:03,553 - debug - DEBUG - all_preds length: 10000, all_targets length: 10000
2026-06-25 17:30:03,553 - debug - DEBUG - First 10 preds: [3, 1, 8, 0, 6, 6, 1, 2, 3, 1]
2026-06-25 17:30:03,553 - debug - DEBUG - First 10 targets: [3, 8, 8, 0, 6, 6, 1, 6, 3, 1]
2026-06-25 17:30:03,555 - debug - DEBUG - Unique predicted classes: 10 (first 10: [0 1 2 3 4 5 6 7 8 9])
2026-06-25 17:30:03,556 - debug - DEBUG - Unique target classes: 10 (first 10: [0 1 2 3 4 5 6 7 8 9])
2026-06-25 17:30:07,773 - debug - DEBUG - compute_metrics_and_record started for epoch 169
2026-06-25 17:30:07,774 - debug - DEBUG - all_preds length: 12406, all_targets length: 12406
2026-06-25 17:30:07,774 - debug - DEBUG - First 10 preds: [5, 7, 1, 3, 2, 1, 0, 0, 1, 2]
2026-06-25 17:30:07,775 - debug - DEBUG - First 10 targets: [5, 7, 1, 3, 2, 1, 0, 0, 1, 2]
2026-06-25 17:30:07,781 - debug - DEBUG - Unique predicted classes: 10 (first 10: [0 1 2 3 4 5 6 7 8 9])
2026-06-25 17:30:07,781 - debug - DEBUG - Unique target classes: 10 (first 10: [0 1 2 3 4 5 6 7 8 9])
2026-06-25 17:30:09,192 - debug - DEBUG - compute_metrics_and_record started for epoch 169
2026-06-25 17:30:09,192 - debug - DEBUG - all_preds length: 10000, all_targets length: 10000
2026-06-25 17:30:09,193 - debug - DEBUG - First 10 preds: [3, 1, 8, 0, 6, 6, 1, 2, 3, 1]
2026-06-25 17:30:09,193 - debug - DEBUG - First 10 targets: [3, 8, 8, 0, 6, 6, 1, 6, 3, 1]
2026-06-25 17:30:09,195 - debug - DEBUG - Unique predicted classes: 10 (first 10: [0 1 2 3 4 5 6 7 8 9])
2026-06-25 17:30:09,195 - debug - DEBUG - Unique target classes: 10 (first 10: [0 1 2 3 4 5 6 7 8 9])
2026-06-25 17:30:13,386 - debug - DEBUG - compute_metrics_and_record started for epoch 170
2026-06-25 17:30:13,387 - debug - DEBUG - all_preds length: 12406, all_targets length: 12406
2026-06-25 17:30:13,387 - debug - DEBUG - First 10 preds: [0, 1, 6, 1, 3, 3, 1, 0, 7, 0]
2026-06-25 17:30:13,387 - debug - DEBUG - First 10 targets: [0, 1, 6, 1, 3, 3, 1, 0, 7, 0]
2026-06-25 17:30:13,393 - debug - DEBUG - Unique predicted classes: 10 (first 10: [0 1 2 3 4 5 6 7 8 9])
2026-06-25 17:30:13,393 - debug - DEBUG - Unique target classes: 10 (first 10: [0 1 2 3 4 5 6 7 8 9])
2026-06-25 17:30:14,915 - debug - DEBUG - compute_metrics_and_record started for epoch 170
2026-06-25 17:30:14,916 - debug - DEBUG - all_preds length: 10000, all_targets length: 10000
2026-06-25 17:30:14,916 - debug - DEBUG - First 10 preds: [3, 8, 8, 0, 6, 6, 1, 2, 3, 1]
2026-06-25 17:30:14,916 - debug - DEBUG - First 10 targets: [3, 8, 8, 0, 6, 6, 1, 6, 3, 1]
2026-06-25 17:30:14,918 - debug - DEBUG - Unique predicted classes: 10 (first 10: [0 1 2 3 4 5 6 7 8 9])
2026-06-25 17:30:14,918 - debug - DEBUG - Unique target classes: 10 (first 10: [0 1 2 3 4 5 6 7 8 9])
2026-06-25 17:30:19,251 - debug - DEBUG - compute_metrics_and_record started for epoch 171
2026-06-25 17:30:19,252 - debug - DEBUG - all_preds length: 12406, all_targets length: 12406
2026-06-25 17:30:19,252 - debug - DEBUG - First 10 preds: [4, 0, 0, 2, 2, 0, 2, 0, 0, 0]
2026-06-25 17:30:19,252 - debug - DEBUG - First 10 targets: [4, 0, 0, 2, 2, 0, 2, 0, 0, 0]
2026-06-25 17:30:19,258 - debug - DEBUG - Unique predicted classes: 10 (first 10: [0 1 2 3 4 5 6 7 8 9])
2026-06-25 17:30:19,258 - debug - DEBUG - Unique target classes: 10 (first 10: [0 1 2 3 4 5 6 7 8 9])
2026-06-25 17:30:20,668 - debug - DEBUG - compute_metrics_and_record started for epoch 171
2026-06-25 17:30:20,668 - debug - DEBUG - all_preds length: 10000, all_targets length: 10000
2026-06-25 17:30:20,669 - debug - DEBUG - First 10 preds: [3, 8, 8, 0, 6, 6, 1, 2, 3, 1]
2026-06-25 17:30:20,669 - debug - DEBUG - First 10 targets: [3, 8, 8, 0, 6, 6, 1, 6, 3, 1]
2026-06-25 17:30:20,671 - debug - DEBUG - Unique predicted classes: 10 (first 10: [0 1 2 3 4 5 6 7 8 9])
2026-06-25 17:30:20,672 - debug - DEBUG - Unique target classes: 10 (first 10: [0 1 2 3 4 5 6 7 8 9])
2026-06-25 17:30:24,906 - debug - DEBUG - compute_metrics_and_record started for epoch 172
2026-06-25 17:30:24,907 - debug - DEBUG - all_preds length: 12406, all_targets length: 12406
2026-06-25 17:30:24,907 - debug - DEBUG - First 10 preds: [4, 6, 2, 0, 0, 0, 0, 0, 1, 0]
2026-06-25 17:30:24,907 - debug - DEBUG - First 10 targets: [4, 6, 2, 0, 0, 0, 0, 0, 1, 0]
2026-06-25 17:30:24,913 - debug - DEBUG - Unique predicted classes: 10 (first 10: [0 1 2 3 4 5 6 7 8 9])
2026-06-25 17:30:24,914 - debug - DEBUG - Unique target classes: 10 (first 10: [0 1 2 3 4 5 6 7 8 9])
2026-06-25 17:30:26,200 - debug - DEBUG - compute_metrics_and_record started for epoch 172
2026-06-25 17:30:26,200 - debug - DEBUG - all_preds length: 10000, all_targets length: 10000
2026-06-25 17:30:26,200 - debug - DEBUG - First 10 preds: [3, 8, 8, 0, 6, 6, 1, 2, 3, 1]
2026-06-25 17:30:26,200 - debug - DEBUG - First 10 targets: [3, 8, 8, 0, 6, 6, 1, 6, 3, 1]
2026-06-25 17:30:26,202 - debug - DEBUG - Unique predicted classes: 10 (first 10: [0 1 2 3 4 5 6 7 8 9])
2026-06-25 17:30:26,203 - debug - DEBUG - Unique target classes: 10 (first 10: [0 1 2 3 4 5 6 7 8 9])
2026-06-25 17:30:30,305 - debug - DEBUG - compute_metrics_and_record started for epoch 173
2026-06-25 17:30:30,306 - debug - DEBUG - all_preds length: 12406, all_targets length: 12406
2026-06-25 17:30:30,306 - debug - DEBUG - First 10 preds: [3, 1, 0, 1, 3, 4, 0, 0, 0, 0]
2026-06-25 17:30:30,306 - debug - DEBUG - First 10 targets: [3, 1, 0, 1, 3, 4, 0, 0, 0, 0]
2026-06-25 17:30:30,311 - debug - DEBUG - Unique predicted classes: 10 (first 10: [0 1 2 3 4 5 6 7 8 9])
2026-06-25 17:30:30,312 - debug - DEBUG - Unique target classes: 10 (first 10: [0 1 2 3 4 5 6 7 8 9])
2026-06-25 17:30:31,654 - debug - DEBUG - compute_metrics_and_record started for epoch 173
2026-06-25 17:30:31,654 - debug - DEBUG - all_preds length: 10000, all_targets length: 10000
2026-06-25 17:30:31,655 - debug - DEBUG - First 10 preds: [3, 8, 8, 0, 6, 6, 1, 2, 3, 1]
2026-06-25 17:30:31,655 - debug - DEBUG - First 10 targets: [3, 8, 8, 0, 6, 6, 1, 6, 3, 1]
2026-06-25 17:30:31,657 - debug - DEBUG - Unique predicted classes: 10 (first 10: [0 1 2 3 4 5 6 7 8 9])
2026-06-25 17:30:31,657 - debug - DEBUG - Unique target classes: 10 (first 10: [0 1 2 3 4 5 6 7 8 9])
2026-06-25 17:30:36,027 - debug - DEBUG - compute_metrics_and_record started for epoch 174
2026-06-25 17:30:36,028 - debug - DEBUG - all_preds length: 12406, all_targets length: 12406
2026-06-25 17:30:36,028 - debug - DEBUG - First 10 preds: [2, 0, 0, 3, 1, 3, 0, 1, 1, 1]
2026-06-25 17:30:36,028 - debug - DEBUG - First 10 targets: [2, 0, 0, 3, 1, 3, 0, 1, 1, 1]
2026-06-25 17:30:36,033 - debug - DEBUG - Unique predicted classes: 10 (first 10: [0 1 2 3 4 5 6 7 8 9])
2026-06-25 17:30:36,033 - debug - DEBUG - Unique target classes: 10 (first 10: [0 1 2 3 4 5 6 7 8 9])
2026-06-25 17:30:37,365 - debug - DEBUG - compute_metrics_and_record started for epoch 174
2026-06-25 17:30:37,365 - debug - DEBUG - all_preds length: 10000, all_targets length: 10000
2026-06-25 17:30:37,365 - debug - DEBUG - First 10 preds: [3, 8, 8, 0, 6, 6, 1, 2, 3, 1]
2026-06-25 17:30:37,365 - debug - DEBUG - First 10 targets: [3, 8, 8, 0, 6, 6, 1, 6, 3, 1]
2026-06-25 17:30:37,368 - debug - DEBUG - Unique predicted classes: 10 (first 10: [0 1 2 3 4 5 6 7 8 9])
2026-06-25 17:30:37,368 - debug - DEBUG - Unique target classes: 10 (first 10: [0 1 2 3 4 5 6 7 8 9])
2026-06-25 17:30:41,686 - debug - DEBUG - compute_metrics_and_record started for epoch 175
2026-06-25 17:30:41,687 - debug - DEBUG - all_preds length: 12406, all_targets length: 12406
2026-06-25 17:30:41,687 - debug - DEBUG - First 10 preds: [7, 2, 5, 0, 0, 1, 0, 3, 0, 3]
2026-06-25 17:30:41,687 - debug - DEBUG - First 10 targets: [7, 2, 5, 0, 0, 1, 0, 3, 0, 3]
2026-06-25 17:30:41,693 - debug - DEBUG - Unique predicted classes: 10 (first 10: [0 1 2 3 4 5 6 7 8 9])
2026-06-25 17:30:41,694 - debug - DEBUG - Unique target classes: 10 (first 10: [0 1 2 3 4 5 6 7 8 9])
2026-06-25 17:30:43,021 - debug - DEBUG - compute_metrics_and_record started for epoch 175
2026-06-25 17:30:43,021 - debug - DEBUG - all_preds length: 10000, all_targets length: 10000
2026-06-25 17:30:43,021 - debug - DEBUG - First 10 preds: [3, 8, 8, 0, 6, 6, 1, 2, 3, 1]
2026-06-25 17:30:43,021 - debug - DEBUG - First 10 targets: [3, 8, 8, 0, 6, 6, 1, 6, 3, 1]
2026-06-25 17:30:43,023 - debug - DEBUG - Unique predicted classes: 10 (first 10: [0 1 2 3 4 5 6 7 8 9])
2026-06-25 17:30:43,024 - debug - DEBUG - Unique target classes: 10 (first 10: [0 1 2 3 4 5 6 7 8 9])
2026-06-25 17:30:47,207 - debug - DEBUG - compute_metrics_and_record started for epoch 176
2026-06-25 17:30:47,207 - debug - DEBUG - all_preds length: 12406, all_targets length: 12406
2026-06-25 17:30:47,208 - debug - DEBUG - First 10 preds: [3, 2, 5, 0, 0, 1, 2, 1, 2, 0]
2026-06-25 17:30:47,208 - debug - DEBUG - First 10 targets: [3, 2, 5, 0, 0, 1, 2, 1, 2, 0]
2026-06-25 17:30:47,214 - debug - DEBUG - Unique predicted classes: 10 (first 10: [0 1 2 3 4 5 6 7 8 9])
2026-06-25 17:30:47,214 - debug - DEBUG - Unique target classes: 10 (first 10: [0 1 2 3 4 5 6 7 8 9])
2026-06-25 17:30:48,461 - debug - DEBUG - compute_metrics_and_record started for epoch 176
2026-06-25 17:30:48,461 - debug - DEBUG - all_preds length: 10000, all_targets length: 10000
2026-06-25 17:30:48,461 - debug - DEBUG - First 10 preds: [3, 8, 8, 0, 6, 6, 1, 2, 3, 1]
2026-06-25 17:30:48,461 - debug - DEBUG - First 10 targets: [3, 8, 8, 0, 6, 6, 1, 6, 3, 1]
2026-06-25 17:30:48,464 - debug - DEBUG - Unique predicted classes: 10 (first 10: [0 1 2 3 4 5 6 7 8 9])
2026-06-25 17:30:48,464 - debug - DEBUG - Unique target classes: 10 (first 10: [0 1 2 3 4 5 6 7 8 9])
2026-06-25 17:30:52,743 - debug - DEBUG - compute_metrics_and_record started for epoch 177
2026-06-25 17:30:52,744 - debug - DEBUG - all_preds length: 12406, all_targets length: 12406
2026-06-25 17:30:52,744 - debug - DEBUG - First 10 preds: [1, 5, 1, 0, 0, 0, 0, 1, 0, 5]
2026-06-25 17:30:52,744 - debug - DEBUG - First 10 targets: [1, 5, 1, 0, 0, 0, 0, 1, 0, 5]
2026-06-25 17:30:52,749 - debug - DEBUG - Unique predicted classes: 10 (first 10: [0 1 2 3 4 5 6 7 8 9])
2026-06-25 17:30:52,749 - debug - DEBUG - Unique target classes: 10 (first 10: [0 1 2 3 4 5 6 7 8 9])
2026-06-25 17:30:54,014 - debug - DEBUG - compute_metrics_and_record started for epoch 177
2026-06-25 17:30:54,014 - debug - DEBUG - all_preds length: 10000, all_targets length: 10000
2026-06-25 17:30:54,014 - debug - DEBUG - First 10 preds: [3, 8, 8, 0, 6, 6, 1, 2, 3, 1]
2026-06-25 17:30:54,014 - debug - DEBUG - First 10 targets: [3, 8, 8, 0, 6, 6, 1, 6, 3, 1]
2026-06-25 17:30:54,017 - debug - DEBUG - Unique predicted classes: 10 (first 10: [0 1 2 3 4 5 6 7 8 9])
2026-06-25 17:30:54,017 - debug - DEBUG - Unique target classes: 10 (first 10: [0 1 2 3 4 5 6 7 8 9])
2026-06-25 17:30:58,231 - debug - DEBUG - compute_metrics_and_record started for epoch 178
2026-06-25 17:30:58,232 - debug - DEBUG - all_preds length: 12406, all_targets length: 12406
2026-06-25 17:30:58,232 - debug - DEBUG - First 10 preds: [4, 0, 9, 2, 0, 1, 0, 0, 6, 2]
2026-06-25 17:30:58,232 - debug - DEBUG - First 10 targets: [4, 0, 9, 2, 0, 1, 0, 0, 6, 2]
2026-06-25 17:30:58,238 - debug - DEBUG - Unique predicted classes: 10 (first 10: [0 1 2 3 4 5 6 7 8 9])
2026-06-25 17:30:58,238 - debug - DEBUG - Unique target classes: 10 (first 10: [0 1 2 3 4 5 6 7 8 9])
2026-06-25 17:30:59,574 - debug - DEBUG - compute_metrics_and_record started for epoch 178
2026-06-25 17:30:59,575 - debug - DEBUG - all_preds length: 10000, all_targets length: 10000
2026-06-25 17:30:59,575 - debug - DEBUG - First 10 preds: [3, 1, 1, 0, 6, 6, 1, 2, 3, 1]
2026-06-25 17:30:59,575 - debug - DEBUG - First 10 targets: [3, 8, 8, 0, 6, 6, 1, 6, 3, 1]
2026-06-25 17:30:59,577 - debug - DEBUG - Unique predicted classes: 10 (first 10: [0 1 2 3 4 5 6 7 8 9])
2026-06-25 17:30:59,577 - debug - DEBUG - Unique target classes: 10 (first 10: [0 1 2 3 4 5 6 7 8 9])
2026-06-25 17:31:03,843 - debug - DEBUG - compute_metrics_and_record started for epoch 179
2026-06-25 17:31:03,843 - debug - DEBUG - all_preds length: 12406, all_targets length: 12406
2026-06-25 17:31:03,843 - debug - DEBUG - First 10 preds: [0, 2, 1, 0, 1, 2, 1, 0, 0, 0]
2026-06-25 17:31:03,844 - debug - DEBUG - First 10 targets: [0, 2, 1, 0, 1, 2, 1, 0, 0, 0]
2026-06-25 17:31:03,850 - debug - DEBUG - Unique predicted classes: 10 (first 10: [0 1 2 3 4 5 6 7 8 9])
2026-06-25 17:31:03,850 - debug - DEBUG - Unique target classes: 10 (first 10: [0 1 2 3 4 5 6 7 8 9])
2026-06-25 17:31:05,182 - debug - DEBUG - compute_metrics_and_record started for epoch 179
2026-06-25 17:31:05,183 - debug - DEBUG - all_preds length: 10000, all_targets length: 10000
2026-06-25 17:31:05,183 - debug - DEBUG - First 10 preds: [3, 8, 8, 0, 6, 6, 1, 2, 3, 1]
2026-06-25 17:31:05,183 - debug - DEBUG - First 10 targets: [3, 8, 8, 0, 6, 6, 1, 6, 3, 1]
2026-06-25 17:31:05,185 - debug - DEBUG - Unique predicted classes: 10 (first 10: [0 1 2 3 4 5 6 7 8 9])
2026-06-25 17:31:05,185 - debug - DEBUG - Unique target classes: 10 (first 10: [0 1 2 3 4 5 6 7 8 9])
2026-06-25 17:31:09,195 - debug - DEBUG - compute_metrics_and_record started for epoch 180
2026-06-25 17:31:09,196 - debug - DEBUG - all_preds length: 12406, all_targets length: 12406
2026-06-25 17:31:09,196 - debug - DEBUG - First 10 preds: [2, 4, 0, 1, 0, 0, 1, 1, 1, 2]
2026-06-25 17:31:09,196 - debug - DEBUG - First 10 targets: [2, 4, 0, 1, 0, 0, 1, 1, 1, 2]
2026-06-25 17:31:09,201 - debug - DEBUG - Unique predicted classes: 10 (first 10: [0 1 2 3 4 5 6 7 8 9])
2026-06-25 17:31:09,202 - debug - DEBUG - Unique target classes: 10 (first 10: [0 1 2 3 4 5 6 7 8 9])
2026-06-25 17:31:10,580 - debug - DEBUG - compute_metrics_and_record started for epoch 180
2026-06-25 17:31:10,581 - debug - DEBUG - all_preds length: 10000, all_targets length: 10000
2026-06-25 17:31:10,581 - debug - DEBUG - First 10 preds: [3, 8, 8, 0, 6, 6, 1, 2, 3, 1]
2026-06-25 17:31:10,581 - debug - DEBUG - First 10 targets: [3, 8, 8, 0, 6, 6, 1, 6, 3, 1]
2026-06-25 17:31:10,583 - debug - DEBUG - Unique predicted classes: 10 (first 10: [0 1 2 3 4 5 6 7 8 9])
2026-06-25 17:31:10,583 - debug - DEBUG - Unique target classes: 10 (first 10: [0 1 2 3 4 5 6 7 8 9])
2026-06-25 17:31:15,043 - debug - DEBUG - compute_metrics_and_record started for epoch 181
2026-06-25 17:31:15,043 - debug - DEBUG - all_preds length: 12406, all_targets length: 12406
2026-06-25 17:31:15,044 - debug - DEBUG - First 10 preds: [0, 3, 1, 0, 3, 1, 3, 0, 1, 0]
2026-06-25 17:31:15,044 - debug - DEBUG - First 10 targets: [0, 3, 1, 0, 3, 1, 3, 0, 1, 0]
2026-06-25 17:31:15,048 - debug - DEBUG - Unique predicted classes: 10 (first 10: [0 1 2 3 4 5 6 7 8 9])
2026-06-25 17:31:15,049 - debug - DEBUG - Unique target classes: 10 (first 10: [0 1 2 3 4 5 6 7 8 9])
2026-06-25 17:31:16,487 - debug - DEBUG - compute_metrics_and_record started for epoch 181
2026-06-25 17:31:16,487 - debug - DEBUG - all_preds length: 10000, all_targets length: 10000
2026-06-25 17:31:16,487 - debug - DEBUG - First 10 preds: [3, 8, 8, 0, 6, 6, 1, 2, 3, 1]
2026-06-25 17:31:16,487 - debug - DEBUG - First 10 targets: [3, 8, 8, 0, 6, 6, 1, 6, 3, 1]
2026-06-25 17:31:16,490 - debug - DEBUG - Unique predicted classes: 10 (first 10: [0 1 2 3 4 5 6 7 8 9])
2026-06-25 17:31:16,490 - debug - DEBUG - Unique target classes: 10 (first 10: [0 1 2 3 4 5 6 7 8 9])
2026-06-25 17:31:20,741 - debug - DEBUG - compute_metrics_and_record started for epoch 182
2026-06-25 17:31:20,742 - debug - DEBUG - all_preds length: 12406, all_targets length: 12406
2026-06-25 17:31:20,742 - debug - DEBUG - First 10 preds: [1, 0, 1, 0, 0, 2, 4, 0, 0, 8]
2026-06-25 17:31:20,742 - debug - DEBUG - First 10 targets: [1, 0, 1, 0, 0, 2, 4, 0, 0, 8]
2026-06-25 17:31:20,746 - debug - DEBUG - Unique predicted classes: 10 (first 10: [0 1 2 3 4 5 6 7 8 9])
2026-06-25 17:31:20,746 - debug - DEBUG - Unique target classes: 10 (first 10: [0 1 2 3 4 5 6 7 8 9])
2026-06-25 17:31:22,081 - debug - DEBUG - compute_metrics_and_record started for epoch 182
2026-06-25 17:31:22,082 - debug - DEBUG - all_preds length: 10000, all_targets length: 10000
2026-06-25 17:31:22,082 - debug - DEBUG - First 10 preds: [3, 8, 8, 0, 6, 6, 1, 2, 3, 1]
2026-06-25 17:31:22,082 - debug - DEBUG - First 10 targets: [3, 8, 8, 0, 6, 6, 1, 6, 3, 1]
2026-06-25 17:31:22,084 - debug - DEBUG - Unique predicted classes: 10 (first 10: [0 1 2 3 4 5 6 7 8 9])
2026-06-25 17:31:22,085 - debug - DEBUG - Unique target classes: 10 (first 10: [0 1 2 3 4 5 6 7 8 9])
2026-06-25 17:31:26,451 - debug - DEBUG - compute_metrics_and_record started for epoch 183
2026-06-25 17:31:26,452 - debug - DEBUG - all_preds length: 12406, all_targets length: 12406
2026-06-25 17:31:26,452 - debug - DEBUG - First 10 preds: [1, 0, 1, 0, 3, 0, 1, 1, 0, 8]
2026-06-25 17:31:26,452 - debug - DEBUG - First 10 targets: [1, 0, 1, 0, 3, 0, 1, 1, 0, 8]
2026-06-25 17:31:26,457 - debug - DEBUG - Unique predicted classes: 10 (first 10: [0 1 2 3 4 5 6 7 8 9])
2026-06-25 17:31:26,458 - debug - DEBUG - Unique target classes: 10 (first 10: [0 1 2 3 4 5 6 7 8 9])
2026-06-25 17:31:27,863 - debug - DEBUG - compute_metrics_and_record started for epoch 183
2026-06-25 17:31:27,864 - debug - DEBUG - all_preds length: 10000, all_targets length: 10000
2026-06-25 17:31:27,864 - debug - DEBUG - First 10 preds: [3, 1, 1, 0, 6, 6, 1, 2, 3, 1]
2026-06-25 17:31:27,864 - debug - DEBUG - First 10 targets: [3, 8, 8, 0, 6, 6, 1, 6, 3, 1]
2026-06-25 17:31:27,867 - debug - DEBUG - Unique predicted classes: 10 (first 10: [0 1 2 3 4 5 6 7 8 9])
2026-06-25 17:31:27,867 - debug - DEBUG - Unique target classes: 10 (first 10: [0 1 2 3 4 5 6 7 8 9])
2026-06-25 17:31:32,046 - debug - DEBUG - compute_metrics_and_record started for epoch 184
2026-06-25 17:31:32,046 - debug - DEBUG - all_preds length: 12406, all_targets length: 12406
2026-06-25 17:31:32,047 - debug - DEBUG - First 10 preds: [5, 0, 1, 0, 4, 1, 0, 1, 1, 4]
2026-06-25 17:31:32,047 - debug - DEBUG - First 10 targets: [5, 0, 1, 0, 4, 1, 0, 1, 1, 4]
2026-06-25 17:31:32,053 - debug - DEBUG - Unique predicted classes: 10 (first 10: [0 1 2 3 4 5 6 7 8 9])
2026-06-25 17:31:32,053 - debug - DEBUG - Unique target classes: 10 (first 10: [0 1 2 3 4 5 6 7 8 9])
2026-06-25 17:31:33,492 - debug - DEBUG - compute_metrics_and_record started for epoch 184
2026-06-25 17:31:33,493 - debug - DEBUG - all_preds length: 10000, all_targets length: 10000
2026-06-25 17:31:33,493 - debug - DEBUG - First 10 preds: [3, 8, 8, 0, 6, 6, 1, 2, 3, 1]
2026-06-25 17:31:33,493 - debug - DEBUG - First 10 targets: [3, 8, 8, 0, 6, 6, 1, 6, 3, 1]
2026-06-25 17:31:33,495 - debug - DEBUG - Unique predicted classes: 10 (first 10: [0 1 2 3 4 5 6 7 8 9])
2026-06-25 17:31:33,495 - debug - DEBUG - Unique target classes: 10 (first 10: [0 1 2 3 4 5 6 7 8 9])
2026-06-25 17:31:37,877 - debug - DEBUG - compute_metrics_and_record started for epoch 185
2026-06-25 17:31:37,877 - debug - DEBUG - all_preds length: 12406, all_targets length: 12406
2026-06-25 17:31:37,877 - debug - DEBUG - First 10 preds: [5, 2, 1, 8, 3, 1, 3, 3, 0, 2]
2026-06-25 17:31:37,878 - debug - DEBUG - First 10 targets: [5, 2, 1, 8, 3, 1, 3, 3, 0, 2]
2026-06-25 17:31:37,883 - debug - DEBUG - Unique predicted classes: 10 (first 10: [0 1 2 3 4 5 6 7 8 9])
2026-06-25 17:31:37,883 - debug - DEBUG - Unique target classes: 10 (first 10: [0 1 2 3 4 5 6 7 8 9])
2026-06-25 17:31:39,252 - debug - DEBUG - compute_metrics_and_record started for epoch 185
2026-06-25 17:31:39,252 - debug - DEBUG - all_preds length: 10000, all_targets length: 10000
2026-06-25 17:31:39,252 - debug - DEBUG - First 10 preds: [3, 8, 8, 0, 6, 6, 1, 2, 3, 1]
2026-06-25 17:31:39,252 - debug - DEBUG - First 10 targets: [3, 8, 8, 0, 6, 6, 1, 6, 3, 1]
2026-06-25 17:31:39,254 - debug - DEBUG - Unique predicted classes: 10 (first 10: [0 1 2 3 4 5 6 7 8 9])
2026-06-25 17:31:39,255 - debug - DEBUG - Unique target classes: 10 (first 10: [0 1 2 3 4 5 6 7 8 9])
2026-06-25 17:31:43,387 - debug - DEBUG - compute_metrics_and_record started for epoch 186
2026-06-25 17:31:43,388 - debug - DEBUG - all_preds length: 12406, all_targets length: 12406
2026-06-25 17:31:43,388 - debug - DEBUG - First 10 preds: [1, 0, 0, 0, 1, 0, 0, 0, 0, 2]
2026-06-25 17:31:43,388 - debug - DEBUG - First 10 targets: [1, 0, 0, 0, 1, 0, 0, 0, 0, 2]
2026-06-25 17:31:43,393 - debug - DEBUG - Unique predicted classes: 10 (first 10: [0 1 2 3 4 5 6 7 8 9])
2026-06-25 17:31:43,393 - debug - DEBUG - Unique target classes: 10 (first 10: [0 1 2 3 4 5 6 7 8 9])
2026-06-25 17:31:44,693 - debug - DEBUG - compute_metrics_and_record started for epoch 186
2026-06-25 17:31:44,693 - debug - DEBUG - all_preds length: 10000, all_targets length: 10000
2026-06-25 17:31:44,693 - debug - DEBUG - First 10 preds: [3, 1, 1, 0, 6, 6, 1, 2, 3, 1]
2026-06-25 17:31:44,694 - debug - DEBUG - First 10 targets: [3, 8, 8, 0, 6, 6, 1, 6, 3, 1]
2026-06-25 17:31:44,697 - debug - DEBUG - Unique predicted classes: 10 (first 10: [0 1 2 3 4 5 6 7 8 9])
2026-06-25 17:31:44,697 - debug - DEBUG - Unique target classes: 10 (first 10: [0 1 2 3 4 5 6 7 8 9])
2026-06-25 17:31:48,979 - debug - DEBUG - compute_metrics_and_record started for epoch 187
2026-06-25 17:31:48,980 - debug - DEBUG - all_preds length: 12406, all_targets length: 12406
2026-06-25 17:31:48,980 - debug - DEBUG - First 10 preds: [0, 1, 0, 1, 1, 5, 1, 0, 3, 3]
2026-06-25 17:31:48,980 - debug - DEBUG - First 10 targets: [0, 1, 0, 1, 1, 5, 1, 0, 3, 3]
2026-06-25 17:31:48,983 - debug - DEBUG - Unique predicted classes: 10 (first 10: [0 1 2 3 4 5 6 7 8 9])
2026-06-25 17:31:48,984 - debug - DEBUG - Unique target classes: 10 (first 10: [0 1 2 3 4 5 6 7 8 9])
2026-06-25 17:31:50,237 - debug - DEBUG - compute_metrics_and_record started for epoch 187
2026-06-25 17:31:50,237 - debug - DEBUG - all_preds length: 10000, all_targets length: 10000
2026-06-25 17:31:50,237 - debug - DEBUG - First 10 preds: [3, 1, 8, 0, 6, 6, 1, 2, 3, 1]
2026-06-25 17:31:50,237 - debug - DEBUG - First 10 targets: [3, 8, 8, 0, 6, 6, 1, 6, 3, 1]
2026-06-25 17:31:50,240 - debug - DEBUG - Unique predicted classes: 10 (first 10: [0 1 2 3 4 5 6 7 8 9])
2026-06-25 17:31:50,240 - debug - DEBUG - Unique target classes: 10 (first 10: [0 1 2 3 4 5 6 7 8 9])
2026-06-25 17:31:54,472 - debug - DEBUG - compute_metrics_and_record started for epoch 188
2026-06-25 17:31:54,473 - debug - DEBUG - all_preds length: 12406, all_targets length: 12406
2026-06-25 17:31:54,473 - debug - DEBUG - First 10 preds: [3, 1, 3, 1, 6, 2, 0, 0, 1, 3]
2026-06-25 17:31:54,473 - debug - DEBUG - First 10 targets: [3, 1, 3, 1, 6, 2, 0, 0, 1, 3]
2026-06-25 17:31:54,479 - debug - DEBUG - Unique predicted classes: 10 (first 10: [0 1 2 3 4 5 6 7 8 9])
2026-06-25 17:31:54,480 - debug - DEBUG - Unique target classes: 10 (first 10: [0 1 2 3 4 5 6 7 8 9])
2026-06-25 17:31:55,836 - debug - DEBUG - compute_metrics_and_record started for epoch 188
2026-06-25 17:31:55,837 - debug - DEBUG - all_preds length: 10000, all_targets length: 10000
2026-06-25 17:31:55,837 - debug - DEBUG - First 10 preds: [3, 1, 1, 0, 6, 6, 1, 2, 3, 1]
2026-06-25 17:31:55,837 - debug - DEBUG - First 10 targets: [3, 8, 8, 0, 6, 6, 1, 6, 3, 1]
2026-06-25 17:31:55,839 - debug - DEBUG - Unique predicted classes: 10 (first 10: [0 1 2 3 4 5 6 7 8 9])
2026-06-25 17:31:55,839 - debug - DEBUG - Unique target classes: 10 (first 10: [0 1 2 3 4 5 6 7 8 9])
2026-06-25 17:32:00,278 - debug - DEBUG - compute_metrics_and_record started for epoch 189
2026-06-25 17:32:00,278 - debug - DEBUG - all_preds length: 12406, all_targets length: 12406
2026-06-25 17:32:00,279 - debug - DEBUG - First 10 preds: [5, 1, 2, 1, 0, 0, 4, 4, 0, 4]
2026-06-25 17:32:00,279 - debug - DEBUG - First 10 targets: [5, 1, 2, 1, 0, 0, 4, 4, 0, 4]
2026-06-25 17:32:00,285 - debug - DEBUG - Unique predicted classes: 10 (first 10: [0 1 2 3 4 5 6 7 8 9])
2026-06-25 17:32:00,285 - debug - DEBUG - Unique target classes: 10 (first 10: [0 1 2 3 4 5 6 7 8 9])
2026-06-25 17:32:01,604 - debug - DEBUG - compute_metrics_and_record started for epoch 189
2026-06-25 17:32:01,605 - debug - DEBUG - all_preds length: 10000, all_targets length: 10000
2026-06-25 17:32:01,605 - debug - DEBUG - First 10 preds: [3, 1, 1, 0, 6, 6, 1, 2, 3, 1]
2026-06-25 17:32:01,605 - debug - DEBUG - First 10 targets: [3, 8, 8, 0, 6, 6, 1, 6, 3, 1]
2026-06-25 17:32:01,607 - debug - DEBUG - Unique predicted classes: 10 (first 10: [0 1 2 3 4 5 6 7 8 9])
2026-06-25 17:32:01,607 - debug - DEBUG - Unique target classes: 10 (first 10: [0 1 2 3 4 5 6 7 8 9])
2026-06-25 17:32:05,722 - debug - DEBUG - compute_metrics_and_record started for epoch 190
2026-06-25 17:32:05,722 - debug - DEBUG - all_preds length: 12406, all_targets length: 12406
2026-06-25 17:32:05,723 - debug - DEBUG - First 10 preds: [1, 3, 3, 0, 1, 1, 1, 2, 0, 2]
2026-06-25 17:32:05,723 - debug - DEBUG - First 10 targets: [1, 3, 3, 0, 1, 1, 1, 2, 0, 2]
2026-06-25 17:32:05,728 - debug - DEBUG - Unique predicted classes: 10 (first 10: [0 1 2 3 4 5 6 7 8 9])
2026-06-25 17:32:05,728 - debug - DEBUG - Unique target classes: 10 (first 10: [0 1 2 3 4 5 6 7 8 9])
2026-06-25 17:32:06,940 - debug - DEBUG - compute_metrics_and_record started for epoch 190
2026-06-25 17:32:06,940 - debug - DEBUG - all_preds length: 10000, all_targets length: 10000
2026-06-25 17:32:06,941 - debug - DEBUG - First 10 preds: [3, 8, 8, 0, 6, 6, 1, 2, 3, 1]
2026-06-25 17:32:06,941 - debug - DEBUG - First 10 targets: [3, 8, 8, 0, 6, 6, 1, 6, 3, 1]
2026-06-25 17:32:06,943 - debug - DEBUG - Unique predicted classes: 10 (first 10: [0 1 2 3 4 5 6 7 8 9])
2026-06-25 17:32:06,943 - debug - DEBUG - Unique target classes: 10 (first 10: [0 1 2 3 4 5 6 7 8 9])
2026-06-25 17:32:10,933 - debug - DEBUG - compute_metrics_and_record started for epoch 191
2026-06-25 17:32:10,933 - debug - DEBUG - all_preds length: 12406, all_targets length: 12406
2026-06-25 17:32:10,933 - debug - DEBUG - First 10 preds: [2, 0, 4, 1, 0, 0, 2, 0, 1, 3]
2026-06-25 17:32:10,934 - debug - DEBUG - First 10 targets: [2, 0, 4, 1, 0, 0, 2, 0, 1, 3]
2026-06-25 17:32:10,938 - debug - DEBUG - Unique predicted classes: 10 (first 10: [0 1 2 3 4 5 6 7 8 9])
2026-06-25 17:32:10,938 - debug - DEBUG - Unique target classes: 10 (first 10: [0 1 2 3 4 5 6 7 8 9])
2026-06-25 17:32:12,086 - debug - DEBUG - compute_metrics_and_record started for epoch 191
2026-06-25 17:32:12,087 - debug - DEBUG - all_preds length: 10000, all_targets length: 10000
2026-06-25 17:32:12,087 - debug - DEBUG - First 10 preds: [3, 8, 8, 0, 6, 6, 1, 2, 3, 1]
2026-06-25 17:32:12,087 - debug - DEBUG - First 10 targets: [3, 8, 8, 0, 6, 6, 1, 6, 3, 1]
2026-06-25 17:32:12,089 - debug - DEBUG - Unique predicted classes: 10 (first 10: [0 1 2 3 4 5 6 7 8 9])
2026-06-25 17:32:12,089 - debug - DEBUG - Unique target classes: 10 (first 10: [0 1 2 3 4 5 6 7 8 9])
2026-06-25 17:32:16,066 - debug - DEBUG - compute_metrics_and_record started for epoch 192
2026-06-25 17:32:16,067 - debug - DEBUG - all_preds length: 12406, all_targets length: 12406
2026-06-25 17:32:16,067 - debug - DEBUG - First 10 preds: [1, 2, 0, 2, 1, 2, 3, 2, 4, 1]
2026-06-25 17:32:16,067 - debug - DEBUG - First 10 targets: [1, 2, 0, 2, 1, 2, 3, 2, 4, 1]
2026-06-25 17:32:16,073 - debug - DEBUG - Unique predicted classes: 10 (first 10: [0 1 2 3 4 5 6 7 8 9])
2026-06-25 17:32:16,074 - debug - DEBUG - Unique target classes: 10 (first 10: [0 1 2 3 4 5 6 7 8 9])
2026-06-25 17:32:17,263 - debug - DEBUG - compute_metrics_and_record started for epoch 192
2026-06-25 17:32:17,263 - debug - DEBUG - all_preds length: 10000, all_targets length: 10000
2026-06-25 17:32:17,263 - debug - DEBUG - First 10 preds: [3, 1, 1, 0, 6, 6, 1, 2, 3, 1]
2026-06-25 17:32:17,263 - debug - DEBUG - First 10 targets: [3, 8, 8, 0, 6, 6, 1, 6, 3, 1]
2026-06-25 17:32:17,266 - debug - DEBUG - Unique predicted classes: 10 (first 10: [0 1 2 3 4 5 6 7 8 9])
2026-06-25 17:32:17,266 - debug - DEBUG - Unique target classes: 10 (first 10: [0 1 2 3 4 5 6 7 8 9])
2026-06-25 17:32:21,311 - debug - DEBUG - compute_metrics_and_record started for epoch 193
2026-06-25 17:32:21,311 - debug - DEBUG - all_preds length: 12406, all_targets length: 12406
2026-06-25 17:32:21,311 - debug - DEBUG - First 10 preds: [2, 2, 7, 1, 2, 0, 3, 2, 4, 4]
2026-06-25 17:32:21,312 - debug - DEBUG - First 10 targets: [2, 2, 7, 1, 2, 0, 3, 2, 4, 4]
2026-06-25 17:32:21,318 - debug - DEBUG - Unique predicted classes: 10 (first 10: [0 1 2 3 4 5 6 7 8 9])
2026-06-25 17:32:21,318 - debug - DEBUG - Unique target classes: 10 (first 10: [0 1 2 3 4 5 6 7 8 9])
2026-06-25 17:32:22,746 - debug - DEBUG - compute_metrics_and_record started for epoch 193
2026-06-25 17:32:22,746 - debug - DEBUG - all_preds length: 10000, all_targets length: 10000
2026-06-25 17:32:22,747 - debug - DEBUG - First 10 preds: [3, 8, 8, 0, 6, 6, 1, 2, 3, 1]
2026-06-25 17:32:22,747 - debug - DEBUG - First 10 targets: [3, 8, 8, 0, 6, 6, 1, 6, 3, 1]
2026-06-25 17:32:22,749 - debug - DEBUG - Unique predicted classes: 10 (first 10: [0 1 2 3 4 5 6 7 8 9])
2026-06-25 17:32:22,750 - debug - DEBUG - Unique target classes: 10 (first 10: [0 1 2 3 4 5 6 7 8 9])
2026-06-25 17:32:26,713 - debug - DEBUG - compute_metrics_and_record started for epoch 194
2026-06-25 17:32:26,714 - debug - DEBUG - all_preds length: 12406, all_targets length: 12406
2026-06-25 17:32:26,714 - debug - DEBUG - First 10 preds: [0, 1, 0, 4, 3, 8, 1, 0, 0, 3]
2026-06-25 17:32:26,715 - debug - DEBUG - First 10 targets: [0, 1, 0, 4, 0, 8, 1, 0, 0, 3]
2026-06-25 17:32:26,721 - debug - DEBUG - Unique predicted classes: 10 (first 10: [0 1 2 3 4 5 6 7 8 9])
2026-06-25 17:32:26,721 - debug - DEBUG - Unique target classes: 10 (first 10: [0 1 2 3 4 5 6 7 8 9])
2026-06-25 17:32:28,219 - debug - DEBUG - compute_metrics_and_record started for epoch 194
2026-06-25 17:32:28,220 - debug - DEBUG - all_preds length: 10000, all_targets length: 10000
2026-06-25 17:32:28,220 - debug - DEBUG - First 10 preds: [3, 8, 8, 0, 6, 6, 1, 2, 3, 1]
2026-06-25 17:32:28,220 - debug - DEBUG - First 10 targets: [3, 8, 8, 0, 6, 6, 1, 6, 3, 1]
2026-06-25 17:32:28,222 - debug - DEBUG - Unique predicted classes: 10 (first 10: [0 1 2 3 4 5 6 7 8 9])
2026-06-25 17:32:28,222 - debug - DEBUG - Unique target classes: 10 (first 10: [0 1 2 3 4 5 6 7 8 9])
2026-06-25 17:32:32,382 - debug - DEBUG - compute_metrics_and_record started for epoch 195
2026-06-25 17:32:32,383 - debug - DEBUG - all_preds length: 12406, all_targets length: 12406
2026-06-25 17:32:32,383 - debug - DEBUG - First 10 preds: [0, 4, 6, 0, 1, 0, 2, 1, 0, 0]
2026-06-25 17:32:32,383 - debug - DEBUG - First 10 targets: [0, 4, 6, 0, 1, 0, 2, 1, 0, 0]
2026-06-25 17:32:32,389 - debug - DEBUG - Unique predicted classes: 10 (first 10: [0 1 2 3 4 5 6 7 8 9])
2026-06-25 17:32:32,389 - debug - DEBUG - Unique target classes: 10 (first 10: [0 1 2 3 4 5 6 7 8 9])
2026-06-25 17:32:33,814 - debug - DEBUG - compute_metrics_and_record started for epoch 195
2026-06-25 17:32:33,815 - debug - DEBUG - all_preds length: 10000, all_targets length: 10000
2026-06-25 17:32:33,815 - debug - DEBUG - First 10 preds: [3, 8, 8, 0, 6, 6, 1, 2, 3, 1]
2026-06-25 17:32:33,815 - debug - DEBUG - First 10 targets: [3, 8, 8, 0, 6, 6, 1, 6, 3, 1]
2026-06-25 17:32:33,818 - debug - DEBUG - Unique predicted classes: 10 (first 10: [0 1 2 3 4 5 6 7 8 9])
2026-06-25 17:32:33,818 - debug - DEBUG - Unique target classes: 10 (first 10: [0 1 2 3 4 5 6 7 8 9])
2026-06-25 17:32:38,061 - debug - DEBUG - compute_metrics_and_record started for epoch 196
2026-06-25 17:32:38,061 - debug - DEBUG - all_preds length: 12406, all_targets length: 12406
2026-06-25 17:32:38,061 - debug - DEBUG - First 10 preds: [3, 1, 2, 0, 1, 6, 1, 3, 1, 0]
2026-06-25 17:32:38,061 - debug - DEBUG - First 10 targets: [3, 1, 2, 0, 1, 6, 1, 3, 1, 0]
2026-06-25 17:32:38,066 - debug - DEBUG - Unique predicted classes: 10 (first 10: [0 1 2 3 4 5 6 7 8 9])
2026-06-25 17:32:38,066 - debug - DEBUG - Unique target classes: 10 (first 10: [0 1 2 3 4 5 6 7 8 9])
2026-06-25 17:32:39,432 - debug - DEBUG - compute_metrics_and_record started for epoch 196
2026-06-25 17:32:39,432 - debug - DEBUG - all_preds length: 10000, all_targets length: 10000
2026-06-25 17:32:39,432 - debug - DEBUG - First 10 preds: [3, 8, 8, 0, 6, 6, 1, 2, 3, 1]
2026-06-25 17:32:39,433 - debug - DEBUG - First 10 targets: [3, 8, 8, 0, 6, 6, 1, 6, 3, 1]
2026-06-25 17:32:39,435 - debug - DEBUG - Unique predicted classes: 10 (first 10: [0 1 2 3 4 5 6 7 8 9])
2026-06-25 17:32:39,435 - debug - DEBUG - Unique target classes: 10 (first 10: [0 1 2 3 4 5 6 7 8 9])
2026-06-25 17:32:43,732 - debug - DEBUG - compute_metrics_and_record started for epoch 197
2026-06-25 17:32:43,733 - debug - DEBUG - all_preds length: 12406, all_targets length: 12406
2026-06-25 17:32:43,733 - debug - DEBUG - First 10 preds: [3, 0, 0, 3, 0, 3, 1, 2, 0, 0]
2026-06-25 17:32:43,733 - debug - DEBUG - First 10 targets: [3, 0, 0, 3, 0, 3, 1, 2, 0, 0]
2026-06-25 17:32:43,739 - debug - DEBUG - Unique predicted classes: 10 (first 10: [0 1 2 3 4 5 6 7 8 9])
2026-06-25 17:32:43,739 - debug - DEBUG - Unique target classes: 10 (first 10: [0 1 2 3 4 5 6 7 8 9])
2026-06-25 17:32:45,172 - debug - DEBUG - compute_metrics_and_record started for epoch 197
2026-06-25 17:32:45,172 - debug - DEBUG - all_preds length: 10000, all_targets length: 10000
2026-06-25 17:32:45,172 - debug - DEBUG - First 10 preds: [3, 1, 1, 0, 6, 6, 1, 2, 3, 1]
2026-06-25 17:32:45,172 - debug - DEBUG - First 10 targets: [3, 8, 8, 0, 6, 6, 1, 6, 3, 1]
2026-06-25 17:32:45,175 - debug - DEBUG - Unique predicted classes: 10 (first 10: [0 1 2 3 4 5 6 7 8 9])
2026-06-25 17:32:45,175 - debug - DEBUG - Unique target classes: 10 (first 10: [0 1 2 3 4 5 6 7 8 9])
2026-06-25 17:32:49,592 - debug - DEBUG - compute_metrics_and_record started for epoch 198
2026-06-25 17:32:49,593 - debug - DEBUG - all_preds length: 12406, all_targets length: 12406
2026-06-25 17:32:49,593 - debug - DEBUG - First 10 preds: [0, 1, 0, 0, 0, 3, 7, 0, 2, 0]
2026-06-25 17:32:49,593 - debug - DEBUG - First 10 targets: [0, 1, 0, 0, 0, 3, 7, 0, 2, 0]
2026-06-25 17:32:49,598 - debug - DEBUG - Unique predicted classes: 10 (first 10: [0 1 2 3 4 5 6 7 8 9])
2026-06-25 17:32:49,598 - debug - DEBUG - Unique target classes: 10 (first 10: [0 1 2 3 4 5 6 7 8 9])
2026-06-25 17:32:50,919 - debug - DEBUG - compute_metrics_and_record started for epoch 198
2026-06-25 17:32:50,920 - debug - DEBUG - all_preds length: 10000, all_targets length: 10000
2026-06-25 17:32:50,920 - debug - DEBUG - First 10 preds: [3, 8, 8, 0, 6, 6, 1, 2, 3, 1]
2026-06-25 17:32:50,920 - debug - DEBUG - First 10 targets: [3, 8, 8, 0, 6, 6, 1, 6, 3, 1]
2026-06-25 17:32:50,922 - debug - DEBUG - Unique predicted classes: 10 (first 10: [0 1 2 3 4 5 6 7 8 9])
2026-06-25 17:32:50,922 - debug - DEBUG - Unique target classes: 10 (first 10: [0 1 2 3 4 5 6 7 8 9])
2026-06-25 17:32:55,176 - debug - DEBUG - compute_metrics_and_record started for epoch 199
2026-06-25 17:32:55,176 - debug - DEBUG - all_preds length: 12406, all_targets length: 12406
2026-06-25 17:32:55,176 - debug - DEBUG - First 10 preds: [0, 0, 1, 0, 7, 0, 0, 2, 0, 0]
2026-06-25 17:32:55,177 - debug - DEBUG - First 10 targets: [0, 0, 1, 0, 7, 0, 0, 2, 0, 0]
2026-06-25 17:32:55,182 - debug - DEBUG - Unique predicted classes: 10 (first 10: [0 1 2 3 4 5 6 7 8 9])
2026-06-25 17:32:55,182 - debug - DEBUG - Unique target classes: 10 (first 10: [0 1 2 3 4 5 6 7 8 9])
2026-06-25 17:32:56,512 - debug - DEBUG - compute_metrics_and_record started for epoch 199
2026-06-25 17:32:56,513 - debug - DEBUG - all_preds length: 10000, all_targets length: 10000
2026-06-25 17:32:56,513 - debug - DEBUG - First 10 preds: [3, 8, 8, 0, 6, 6, 1, 2, 3, 1]
2026-06-25 17:32:56,513 - debug - DEBUG - First 10 targets: [3, 8, 8, 0, 6, 6, 1, 6, 3, 1]
2026-06-25 17:32:56,515 - debug - DEBUG - Unique predicted classes: 10 (first 10: [0 1 2 3 4 5 6 7 8 9])
2026-06-25 17:32:56,515 - debug - DEBUG - Unique target classes: 10 (first 10: [0 1 2 3 4 5 6 7 8 9])
