Epoch: [0][0/40], lr: 0.00200	Loss 3.0046 (3.0046)	Prec@1 5.469 (5.469)	Prec@5 38.281 (38.281)
Epoch: [0][10/40], lr: 0.00200	Loss 2.3059 (2.5395)	Prec@1 25.000 (16.051)	Prec@5 62.500 (57.386)
Epoch: [0][20/40], lr: 0.00200	Loss 2.2205 (2.3701)	Prec@1 28.125 (20.722)	Prec@5 71.094 (63.728)
Epoch: [0][30/40], lr: 0.00200	Loss 1.8863 (2.2284)	Prec@1 41.406 (26.815)	Prec@5 80.469 (68.322)
Epoch [0] Training Results: Prec@1 29.500 Prec@5 69.920             Loss 2.16189
Epoch [0] Training Class Recall: [0.624,0.007,0.000,0.045,0.034,0.416,0.412,0.175,0.223,0.376]

Epoch: [1][0/40], lr: 0.00400	Loss 1.7926 (1.7926)	Prec@1 45.312 (45.312)	Prec@5 85.938 (85.938)
Epoch: [1][10/40], lr: 0.00400	Loss 2.1095 (2.0052)	Prec@1 31.250 (37.003)	Prec@5 75.781 (76.776)
Epoch: [1][20/40], lr: 0.00400	Loss 2.0195 (1.9745)	Prec@1 41.406 (38.244)	Prec@5 73.438 (77.679)
Epoch: [1][30/40], lr: 0.00400	Loss 1.8728 (1.9170)	Prec@1 43.750 (40.045)	Prec@5 81.250 (78.604)
Epoch [1] Training Results: Prec@1 41.180 Prec@5 78.900             Loss 1.89509
Epoch [1] Training Class Recall: [0.735,0.034,0.007,0.081,0.129,0.566,0.461,0.265,0.535,0.538]

Epoch: [2][0/40], lr: 0.00600	Loss 1.6532 (1.6532)	Prec@1 49.219 (49.219)	Prec@5 85.156 (85.156)
Epoch: [2][10/40], lr: 0.00600	Loss 1.9787 (2.2042)	Prec@1 34.375 (34.730)	Prec@5 82.812 (76.420)
Epoch: [2][20/40], lr: 0.00600	Loss 1.8278 (2.0682)	Prec@1 42.188 (38.132)	Prec@5 82.812 (77.381)
Epoch: [2][30/40], lr: 0.00600	Loss 1.7254 (1.9576)	Prec@1 52.344 (41.835)	Prec@5 80.469 (78.427)
Epoch [2] Training Results: Prec@1 43.660 Prec@5 79.120             Loss 1.90447
Epoch [2] Training Class Recall: [0.711,0.059,0.015,0.125,0.054,0.513,0.519,0.420,0.503,0.669]

Epoch: [3][0/40], lr: 0.00800	Loss 1.7894 (1.7894)	Prec@1 46.875 (46.875)	Prec@5 75.000 (75.000)
Epoch: [3][10/40], lr: 0.00800	Loss 1.6802 (1.7562)	Prec@1 46.094 (47.443)	Prec@5 83.594 (81.534)
Epoch: [3][20/40], lr: 0.00800	Loss 1.6801 (1.7380)	Prec@1 54.688 (48.475)	Prec@5 85.156 (81.399)
Epoch: [3][30/40], lr: 0.00800	Loss 1.6536 (1.7282)	Prec@1 47.656 (48.438)	Prec@5 81.250 (81.981)
Epoch [3] Training Results: Prec@1 49.160 Prec@5 82.200             Loss 1.71080
Epoch [3] Training Class Recall: [0.763,0.114,0.004,0.049,0.120,0.617,0.558,0.532,0.627,0.703]

Epoch: [4][0/40], lr: 0.01000	Loss 1.7298 (1.7298)	Prec@1 46.875 (46.875)	Prec@5 82.031 (82.031)
Epoch: [4][10/40], lr: 0.01000	Loss 1.8458 (1.8674)	Prec@1 42.969 (41.477)	Prec@5 76.562 (78.125)
Epoch: [4][20/40], lr: 0.01000	Loss 1.5381 (1.7777)	Prec@1 59.375 (46.057)	Prec@5 82.031 (80.134)
Epoch: [4][30/40], lr: 0.01000	Loss 1.9135 (1.7347)	Prec@1 45.312 (48.337)	Prec@5 78.906 (81.099)
Epoch [4] Training Results: Prec@1 49.360 Prec@5 81.000             Loss 1.71475
Epoch [4] Training Class Recall: [0.749,0.114,0.004,0.063,0.069,0.652,0.601,0.454,0.704,0.687]

Epoch: [5][0/40], lr: 0.01000	Loss 1.5812 (1.5812)	Prec@1 50.781 (50.781)	Prec@5 85.156 (85.156)
Epoch: [5][10/40], lr: 0.01000	Loss 1.5181 (1.5870)	Prec@1 57.812 (52.699)	Prec@5 85.938 (83.665)
Epoch: [5][20/40], lr: 0.01000	Loss 1.6241 (1.5905)	Prec@1 54.688 (53.795)	Prec@5 88.281 (83.259)
Epoch: [5][30/40], lr: 0.01000	Loss 1.6206 (1.5813)	Prec@1 49.219 (54.032)	Prec@5 85.156 (83.947)
Epoch [5] Training Results: Prec@1 54.900 Prec@5 84.000             Loss 1.57151
Epoch [5] Training Class Recall: [0.819,0.190,0.007,0.081,0.109,0.688,0.591,0.631,0.738,0.761]

Epoch: [6][0/40], lr: 0.01000	Loss 1.3470 (1.3470)	Prec@1 58.594 (58.594)	Prec@5 91.406 (91.406)
Epoch: [6][10/40], lr: 0.01000	Loss 1.3990 (1.5733)	Prec@1 60.156 (53.409)	Prec@5 88.281 (86.009)
Epoch: [6][20/40], lr: 0.01000	Loss 1.2993 (1.5452)	Prec@1 64.062 (54.688)	Prec@5 89.062 (85.268)
Epoch: [6][30/40], lr: 0.01000	Loss 1.4618 (1.5206)	Prec@1 62.500 (55.973)	Prec@5 85.156 (85.635)
Epoch [6] Training Results: Prec@1 56.360 Prec@5 85.680             Loss 1.50824
Epoch [6] Training Class Recall: [0.809,0.214,0.011,0.116,0.137,0.673,0.681,0.646,0.740,0.767]

Epoch: [7][0/40], lr: 0.01000	Loss 1.5611 (1.5611)	Prec@1 57.031 (57.031)	Prec@5 82.031 (82.031)
Epoch: [7][10/40], lr: 0.01000	Loss 1.3852 (1.5504)	Prec@1 59.375 (55.114)	Prec@5 84.375 (84.943)
Epoch: [7][20/40], lr: 0.01000	Loss 1.5144 (1.5134)	Prec@1 56.250 (57.106)	Prec@5 84.375 (85.119)
Epoch: [7][30/40], lr: 0.01000	Loss 1.4227 (1.4889)	Prec@1 64.062 (58.443)	Prec@5 84.375 (85.459)
Epoch [7] Training Results: Prec@1 59.080 Prec@5 85.900             Loss 1.46998
Epoch [7] Training Class Recall: [0.823,0.286,0.004,0.105,0.134,0.732,0.728,0.688,0.753,0.801]

Epoch: [8][0/40], lr: 0.01000	Loss 1.5374 (1.5374)	Prec@1 60.156 (60.156)	Prec@5 83.594 (83.594)
Epoch: [8][10/40], lr: 0.01000	Loss 1.5060 (1.5750)	Prec@1 54.688 (54.688)	Prec@5 82.812 (84.020)
Epoch: [8][20/40], lr: 0.01000	Loss 1.3243 (1.4872)	Prec@1 66.406 (58.110)	Prec@5 86.719 (84.859)
Epoch: [8][30/40], lr: 0.01000	Loss 1.4643 (1.4519)	Prec@1 60.156 (59.501)	Prec@5 82.812 (85.408)
Epoch [8] Training Results: Prec@1 60.440 Prec@5 85.720             Loss 1.43700
Epoch [8] Training Class Recall: [0.827,0.359,0.026,0.181,0.189,0.714,0.700,0.709,0.759,0.795]

Epoch: [9][0/40], lr: 0.01000	Loss 1.2057 (1.2057)	Prec@1 67.969 (67.969)	Prec@5 91.406 (91.406)
Epoch: [9][10/40], lr: 0.01000	Loss 1.4159 (1.4580)	Prec@1 60.938 (60.582)	Prec@5 86.719 (86.861)
Epoch: [9][20/40], lr: 0.01000	Loss 1.3371 (1.4459)	Prec@1 60.938 (60.231)	Prec@5 83.594 (85.677)
Epoch: [9][30/40], lr: 0.01000	Loss 1.3825 (1.4148)	Prec@1 65.625 (61.542)	Prec@5 85.156 (86.114)
Epoch [9] Training Results: Prec@1 62.060 Prec@5 86.680             Loss 1.40340
Epoch [9] Training Class Recall: [0.841,0.355,0.034,0.217,0.246,0.722,0.739,0.703,0.763,0.810]

Epoch: [10][0/40], lr: 0.01000	Loss 1.4612 (1.4612)	Prec@1 60.938 (60.938)	Prec@5 89.062 (89.062)
Epoch: [10][10/40], lr: 0.01000	Loss 1.3733 (1.4286)	Prec@1 66.406 (61.293)	Prec@5 85.938 (87.358)
Epoch: [10][20/40], lr: 0.01000	Loss 1.4181 (1.4000)	Prec@1 60.938 (62.277)	Prec@5 89.844 (87.351)
Epoch: [10][30/40], lr: 0.01000	Loss 1.1499 (1.3719)	Prec@1 69.531 (63.382)	Prec@5 91.406 (87.273)
Epoch [10] Training Results: Prec@1 63.260 Prec@5 87.340             Loss 1.36950
Epoch [10] Training Class Recall: [0.853,0.386,0.019,0.253,0.254,0.732,0.728,0.750,0.759,0.814]

Epoch: [11][0/40], lr: 0.01000	Loss 1.2631 (1.2631)	Prec@1 64.844 (64.844)	Prec@5 89.844 (89.844)
Epoch: [11][10/40], lr: 0.01000	Loss 1.4991 (1.4840)	Prec@1 60.156 (56.747)	Prec@5 85.156 (85.866)
Epoch: [11][20/40], lr: 0.01000	Loss 1.2354 (1.4476)	Prec@1 67.969 (59.301)	Prec@5 93.750 (85.938)
Epoch: [11][30/40], lr: 0.01000	Loss 1.3442 (1.4168)	Prec@1 66.406 (60.963)	Prec@5 87.500 (86.467)
Epoch [11] Training Results: Prec@1 61.700 Prec@5 86.860             Loss 1.39385
Epoch [11] Training Class Recall: [0.819,0.379,0.015,0.260,0.326,0.685,0.691,0.725,0.753,0.798]

Epoch: [12][0/40], lr: 0.01000	Loss 1.3599 (1.3599)	Prec@1 65.625 (65.625)	Prec@5 92.969 (92.969)
Epoch: [12][10/40], lr: 0.01000	Loss 1.3870 (1.3462)	Prec@1 63.281 (64.844)	Prec@5 86.719 (87.926)
Epoch: [12][20/40], lr: 0.01000	Loss 1.1896 (1.3344)	Prec@1 66.406 (64.769)	Prec@5 90.625 (88.058)
Epoch: [12][30/40], lr: 0.01000	Loss 1.4311 (1.3430)	Prec@1 64.844 (64.970)	Prec@5 85.938 (87.374)
Epoch [12] Training Results: Prec@1 65.400 Prec@5 87.400             Loss 1.32412
Epoch [12] Training Class Recall: [0.855,0.386,0.049,0.315,0.409,0.738,0.761,0.743,0.765,0.807]

Epoch: [13][0/40], lr: 0.01000	Loss 1.0656 (1.0656)	Prec@1 74.219 (74.219)	Prec@5 92.969 (92.969)
Epoch: [13][10/40], lr: 0.01000	Loss 1.3631 (1.3878)	Prec@1 61.719 (62.003)	Prec@5 87.500 (87.429)
Epoch: [13][20/40], lr: 0.01000	Loss 1.2758 (1.3388)	Prec@1 67.969 (64.249)	Prec@5 90.625 (87.946)
Epoch: [13][30/40], lr: 0.01000	Loss 1.3150 (1.3315)	Prec@1 64.844 (64.768)	Prec@5 85.156 (87.702)
Epoch [13] Training Results: Prec@1 65.260 Prec@5 87.840             Loss 1.32307
Epoch [13] Training Class Recall: [0.851,0.417,0.052,0.289,0.426,0.735,0.749,0.739,0.767,0.809]

Epoch: [14][0/40], lr: 0.01000	Loss 1.2837 (1.2837)	Prec@1 64.062 (64.062)	Prec@5 89.062 (89.062)
Epoch: [14][10/40], lr: 0.01000	Loss 1.4060 (1.3683)	Prec@1 61.719 (62.216)	Prec@5 87.500 (87.571)
Epoch: [14][20/40], lr: 0.01000	Loss 1.3521 (1.3465)	Prec@1 60.938 (63.244)	Prec@5 88.281 (88.430)
Epoch: [14][30/40], lr: 0.01000	Loss 1.3507 (1.3507)	Prec@1 66.406 (63.861)	Prec@5 86.719 (87.903)
Epoch [14] Training Results: Prec@1 64.720 Prec@5 87.900             Loss 1.33146
Epoch [14] Training Class Recall: [0.844,0.400,0.037,0.360,0.414,0.713,0.743,0.731,0.753,0.792]

Epoch: [15][0/40], lr: 0.01000	Loss 1.1273 (1.1273)	Prec@1 71.094 (71.094)	Prec@5 91.406 (91.406)
Epoch: [15][10/40], lr: 0.01000	Loss 1.2835 (1.3310)	Prec@1 66.406 (64.276)	Prec@5 91.406 (88.707)
Epoch: [15][20/40], lr: 0.01000	Loss 1.2682 (1.3280)	Prec@1 67.188 (64.807)	Prec@5 87.500 (87.612)
Epoch: [15][30/40], lr: 0.01000	Loss 1.4023 (1.3167)	Prec@1 64.062 (65.348)	Prec@5 83.594 (87.752)
Epoch [15] Training Results: Prec@1 65.780 Prec@5 88.080             Loss 1.30317
Epoch [15] Training Class Recall: [0.841,0.414,0.079,0.376,0.451,0.728,0.759,0.703,0.761,0.812]

Epoch: [16][0/40], lr: 0.01000	Loss 1.1450 (1.1450)	Prec@1 67.188 (67.188)	Prec@5 92.188 (92.188)
Epoch: [16][10/40], lr: 0.01000	Loss 1.4188 (1.2571)	Prec@1 60.938 (67.472)	Prec@5 84.375 (89.347)
Epoch: [16][20/40], lr: 0.01000	Loss 1.3400 (1.2784)	Prec@1 67.188 (67.188)	Prec@5 84.375 (88.170)
Epoch: [16][30/40], lr: 0.01000	Loss 0.9539 (1.2588)	Prec@1 77.344 (67.742)	Prec@5 93.750 (88.508)
Epoch [16] Training Results: Prec@1 67.360 Prec@5 88.120             Loss 1.27108
Epoch [16] Training Class Recall: [0.853,0.424,0.086,0.414,0.503,0.732,0.765,0.747,0.769,0.807]

Epoch: [17][0/40], lr: 0.01000	Loss 1.1772 (1.1772)	Prec@1 69.531 (69.531)	Prec@5 88.281 (88.281)
Epoch: [17][10/40], lr: 0.01000	Loss 1.4047 (1.3261)	Prec@1 60.938 (64.986)	Prec@5 86.719 (87.003)
Epoch: [17][20/40], lr: 0.01000	Loss 1.4029 (1.3615)	Prec@1 64.062 (64.249)	Prec@5 85.938 (87.351)
Epoch: [17][30/40], lr: 0.01000	Loss 1.1070 (1.3124)	Prec@1 71.875 (65.423)	Prec@5 87.500 (87.676)
Epoch [17] Training Results: Prec@1 65.620 Prec@5 87.660             Loss 1.31210
Epoch [17] Training Class Recall: [0.829,0.445,0.086,0.356,0.434,0.719,0.753,0.739,0.763,0.806]

Epoch: [18][0/40], lr: 0.01000	Loss 1.3592 (1.3592)	Prec@1 64.844 (64.844)	Prec@5 84.375 (84.375)
Epoch: [18][10/40], lr: 0.01000	Loss 1.1966 (1.2816)	Prec@1 67.188 (66.548)	Prec@5 86.719 (86.932)
Epoch: [18][20/40], lr: 0.01000	Loss 1.1481 (1.2744)	Prec@1 74.219 (67.188)	Prec@5 90.625 (87.612)
Epoch: [18][30/40], lr: 0.01000	Loss 1.4013 (1.2658)	Prec@1 65.625 (67.288)	Prec@5 87.500 (88.029)
Epoch [18] Training Results: Prec@1 67.900 Prec@5 88.040             Loss 1.26411
Epoch [18] Training Class Recall: [0.860,0.428,0.109,0.400,0.506,0.753,0.784,0.747,0.755,0.812]

Epoch: [19][0/40], lr: 0.01000	Loss 1.1454 (1.1454)	Prec@1 72.656 (72.656)	Prec@5 89.844 (89.844)
Epoch: [19][10/40], lr: 0.01000	Loss 1.0431 (1.1783)	Prec@1 72.656 (70.312)	Prec@5 92.969 (89.844)
Epoch: [19][20/40], lr: 0.01000	Loss 1.4230 (1.2114)	Prec@1 60.938 (69.531)	Prec@5 85.938 (89.435)
Epoch: [19][30/40], lr: 0.01000	Loss 1.3527 (1.2094)	Prec@1 63.281 (69.758)	Prec@5 88.281 (89.793)
Epoch [19] Training Results: Prec@1 69.600 Prec@5 89.280             Loss 1.21386
Epoch [19] Training Class Recall: [0.849,0.493,0.195,0.441,0.571,0.750,0.792,0.747,0.765,0.818]

Epoch: [20][0/40], lr: 0.01000	Loss 1.1231 (1.1231)	Prec@1 74.219 (74.219)	Prec@5 91.406 (91.406)
Epoch: [20][10/40], lr: 0.01000	Loss 1.1620 (1.2370)	Prec@1 68.750 (68.750)	Prec@5 91.406 (88.707)
Epoch: [20][20/40], lr: 0.01000	Loss 1.2193 (1.2314)	Prec@1 70.312 (68.824)	Prec@5 88.281 (88.728)
Epoch: [20][30/40], lr: 0.01000	Loss 1.1265 (1.2000)	Prec@1 73.438 (69.733)	Prec@5 90.625 (88.936)
Epoch [20] Training Results: Prec@1 69.640 Prec@5 88.940             Loss 1.20559
Epoch [20] Training Class Recall: [0.865,0.445,0.184,0.472,0.543,0.758,0.780,0.750,0.767,0.818]

Epoch: [21][0/40], lr: 0.01000	Loss 1.0680 (1.0680)	Prec@1 73.438 (73.438)	Prec@5 92.188 (92.188)
Epoch: [21][10/40], lr: 0.01000	Loss 1.0882 (1.2192)	Prec@1 72.656 (68.679)	Prec@5 92.188 (88.778)
Epoch: [21][20/40], lr: 0.01000	Loss 1.3985 (1.2483)	Prec@1 64.062 (67.932)	Prec@5 86.719 (88.765)
Epoch: [21][30/40], lr: 0.01000	Loss 1.2799 (1.2349)	Prec@1 65.625 (68.599)	Prec@5 86.719 (88.810)
Epoch [21] Training Results: Prec@1 69.140 Prec@5 88.780             Loss 1.22725
Epoch [21] Training Class Recall: [0.857,0.397,0.191,0.492,0.529,0.761,0.761,0.750,0.757,0.820]

Epoch: [22][0/40], lr: 0.01000	Loss 1.0779 (1.0779)	Prec@1 71.875 (71.875)	Prec@5 90.625 (90.625)
Epoch: [22][10/40], lr: 0.01000	Loss 1.2093 (1.2288)	Prec@1 70.312 (68.466)	Prec@5 88.281 (88.920)
Epoch: [22][20/40], lr: 0.01000	Loss 1.3053 (1.2136)	Prec@1 66.406 (68.601)	Prec@5 89.062 (88.802)
Epoch: [22][30/40], lr: 0.01000	Loss 1.2464 (1.2062)	Prec@1 67.188 (69.279)	Prec@5 88.281 (89.163)
Epoch [22] Training Results: Prec@1 69.660 Prec@5 89.440             Loss 1.19505
Epoch [22] Training Class Recall: [0.848,0.428,0.255,0.447,0.549,0.773,0.788,0.747,0.767,0.815]

Epoch: [23][0/40], lr: 0.01000	Loss 1.2631 (1.2631)	Prec@1 65.625 (65.625)	Prec@5 89.062 (89.062)
Epoch: [23][10/40], lr: 0.01000	Loss 1.2789 (1.2647)	Prec@1 65.625 (67.401)	Prec@5 88.281 (88.423)
Epoch: [23][20/40], lr: 0.01000	Loss 1.1262 (1.2568)	Prec@1 75.000 (68.080)	Prec@5 93.750 (88.839)
Epoch: [23][30/40], lr: 0.01000	Loss 1.2005 (1.2146)	Prec@1 69.531 (69.733)	Prec@5 90.625 (89.315)
Epoch [23] Training Results: Prec@1 70.080 Prec@5 89.560             Loss 1.20495
Epoch [23] Training Class Recall: [0.856,0.469,0.258,0.454,0.557,0.772,0.772,0.754,0.765,0.817]

Epoch: [24][0/40], lr: 0.01000	Loss 1.2395 (1.2395)	Prec@1 69.531 (69.531)	Prec@5 86.719 (86.719)
Epoch: [24][10/40], lr: 0.01000	Loss 1.3620 (1.2844)	Prec@1 65.625 (66.122)	Prec@5 90.625 (89.276)
Epoch: [24][20/40], lr: 0.01000	Loss 0.9890 (1.2419)	Prec@1 77.344 (68.118)	Prec@5 89.844 (89.397)
Epoch: [24][30/40], lr: 0.01000	Loss 1.2421 (1.2300)	Prec@1 69.531 (69.002)	Prec@5 89.062 (89.138)
Epoch [24] Training Results: Prec@1 69.640 Prec@5 89.340             Loss 1.21533
Epoch [24] Training Class Recall: [0.856,0.407,0.225,0.515,0.554,0.764,0.774,0.743,0.757,0.806]

Epoch: [25][0/40], lr: 0.01000	Loss 1.2152 (1.2152)	Prec@1 67.969 (67.969)	Prec@5 91.406 (91.406)
Epoch: [25][10/40], lr: 0.01000	Loss 1.2140 (1.1887)	Prec@1 68.750 (69.105)	Prec@5 90.625 (90.199)
Epoch: [25][20/40], lr: 0.01000	Loss 1.1249 (1.1967)	Prec@1 74.219 (69.345)	Prec@5 88.281 (89.695)
Epoch: [25][30/40], lr: 0.01000	Loss 1.2828 (1.1949)	Prec@1 67.969 (69.405)	Prec@5 85.938 (89.693)
Epoch [25] Training Results: Prec@1 70.380 Prec@5 89.800             Loss 1.17267
Epoch [25] Training Class Recall: [0.851,0.459,0.273,0.501,0.580,0.737,0.796,0.754,0.767,0.815]

Epoch: [26][0/40], lr: 0.01000	Loss 1.3258 (1.3258)	Prec@1 67.969 (67.969)	Prec@5 89.062 (89.062)
Epoch: [26][10/40], lr: 0.01000	Loss 1.2817 (1.1965)	Prec@1 64.844 (70.455)	Prec@5 89.062 (89.702)
Epoch: [26][20/40], lr: 0.01000	Loss 1.1154 (1.1861)	Prec@1 72.656 (70.796)	Prec@5 89.844 (89.918)
Epoch: [26][30/40], lr: 0.01000	Loss 0.9556 (1.1821)	Prec@1 76.562 (71.043)	Prec@5 92.969 (89.945)
Epoch [26] Training Results: Prec@1 71.740 Prec@5 90.300             Loss 1.15881
Epoch [26] Training Class Recall: [0.855,0.466,0.352,0.530,0.600,0.776,0.790,0.754,0.765,0.815]

Epoch: [27][0/40], lr: 0.01000	Loss 1.1749 (1.1749)	Prec@1 72.656 (72.656)	Prec@5 88.281 (88.281)
Epoch: [27][10/40], lr: 0.01000	Loss 1.0951 (1.1118)	Prec@1 71.875 (72.230)	Prec@5 91.406 (90.483)
Epoch: [27][20/40], lr: 0.01000	Loss 1.1721 (1.1481)	Prec@1 67.969 (71.317)	Prec@5 88.281 (89.546)
Epoch: [27][30/40], lr: 0.01000	Loss 0.9405 (1.1378)	Prec@1 75.781 (71.925)	Prec@5 94.531 (89.819)
Epoch [27] Training Results: Prec@1 72.040 Prec@5 89.920             Loss 1.13541
Epoch [27] Training Class Recall: [0.866,0.472,0.307,0.562,0.606,0.782,0.782,0.756,0.763,0.815]

Epoch: [28][0/40], lr: 0.01000	Loss 1.0333 (1.0333)	Prec@1 77.344 (77.344)	Prec@5 92.969 (92.969)
Epoch: [28][10/40], lr: 0.01000	Loss 1.1079 (1.1205)	Prec@1 75.000 (73.153)	Prec@5 92.969 (91.619)
Epoch: [28][20/40], lr: 0.01000	Loss 0.9892 (1.0817)	Prec@1 74.219 (73.847)	Prec@5 92.969 (91.406)
Epoch: [28][30/40], lr: 0.01000	Loss 1.0859 (1.1132)	Prec@1 74.219 (73.185)	Prec@5 91.406 (91.003)
Epoch [28] Training Results: Prec@1 72.900 Prec@5 90.900             Loss 1.12353
Epoch [28] Training Class Recall: [0.863,0.469,0.404,0.595,0.614,0.782,0.786,0.752,0.765,0.817]

Epoch: [29][0/40], lr: 0.01000	Loss 1.2646 (1.2646)	Prec@1 69.531 (69.531)	Prec@5 85.156 (85.156)
Epoch: [29][10/40], lr: 0.01000	Loss 1.2580 (1.1439)	Prec@1 69.531 (71.307)	Prec@5 90.625 (89.773)
Epoch: [29][20/40], lr: 0.01000	Loss 1.1996 (1.1450)	Prec@1 69.531 (71.429)	Prec@5 90.625 (90.402)
Epoch: [29][30/40], lr: 0.01000	Loss 1.1888 (1.1335)	Prec@1 71.094 (72.203)	Prec@5 91.406 (90.625)
Epoch [29] Training Results: Prec@1 72.760 Prec@5 90.820             Loss 1.11095
Epoch [29] Training Class Recall: [0.872,0.500,0.363,0.570,0.603,0.778,0.786,0.758,0.769,0.818]

Epoch: [30][0/40], lr: 0.01000	Loss 1.1688 (1.1688)	Prec@1 71.875 (71.875)	Prec@5 87.500 (87.500)
Epoch: [30][10/40], lr: 0.01000	Loss 1.0478 (1.1908)	Prec@1 71.875 (69.247)	Prec@5 93.750 (90.270)
Epoch: [30][20/40], lr: 0.01000	Loss 1.0986 (1.1564)	Prec@1 74.219 (71.019)	Prec@5 92.188 (91.034)
Epoch: [30][30/40], lr: 0.01000	Loss 1.0531 (1.1375)	Prec@1 72.656 (71.900)	Prec@5 89.844 (90.927)
Epoch [30] Training Results: Prec@1 72.100 Prec@5 90.720             Loss 1.14052
Epoch [30] Training Class Recall: [0.855,0.503,0.348,0.564,0.597,0.778,0.786,0.754,0.753,0.817]

Epoch: [31][0/40], lr: 0.01000	Loss 0.8730 (0.8730)	Prec@1 78.125 (78.125)	Prec@5 95.312 (95.312)
Epoch: [31][10/40], lr: 0.01000	Loss 1.1784 (1.0942)	Prec@1 67.969 (72.159)	Prec@5 91.406 (92.330)
Epoch: [31][20/40], lr: 0.01000	Loss 1.1468 (1.1343)	Prec@1 72.656 (72.135)	Prec@5 90.625 (91.406)
Epoch: [31][30/40], lr: 0.01000	Loss 1.2848 (1.1463)	Prec@1 68.750 (72.152)	Prec@5 85.156 (90.726)
Epoch [31] Training Results: Prec@1 72.040 Prec@5 90.660             Loss 1.14472
Epoch [31] Training Class Recall: [0.868,0.476,0.363,0.575,0.563,0.776,0.790,0.749,0.751,0.817]

Epoch: [32][0/40], lr: 0.01000	Loss 1.0125 (1.0125)	Prec@1 74.219 (74.219)	Prec@5 93.750 (93.750)
Epoch: [32][10/40], lr: 0.01000	Loss 0.9774 (1.1463)	Prec@1 78.906 (71.591)	Prec@5 91.406 (89.915)
Epoch: [32][20/40], lr: 0.01000	Loss 1.2631 (1.1492)	Prec@1 67.188 (71.503)	Prec@5 86.719 (90.141)
Epoch: [32][30/40], lr: 0.01000	Loss 1.0876 (1.1311)	Prec@1 74.219 (72.077)	Prec@5 92.969 (90.348)
Epoch [32] Training Results: Prec@1 72.200 Prec@5 90.340             Loss 1.12404
Epoch [32] Training Class Recall: [0.854,0.472,0.337,0.591,0.597,0.776,0.794,0.750,0.767,0.814]

Epoch: [33][0/40], lr: 0.01000	Loss 1.0825 (1.0825)	Prec@1 75.000 (75.000)	Prec@5 90.625 (90.625)
Epoch: [33][10/40], lr: 0.01000	Loss 1.1733 (1.1321)	Prec@1 74.219 (72.017)	Prec@5 92.188 (91.477)
Epoch: [33][20/40], lr: 0.01000	Loss 1.2697 (1.0888)	Prec@1 67.188 (73.289)	Prec@5 90.625 (91.518)
Epoch: [33][30/40], lr: 0.01000	Loss 1.1582 (1.1183)	Prec@1 72.656 (72.581)	Prec@5 89.844 (90.978)
Epoch [33] Training Results: Prec@1 72.720 Prec@5 90.580             Loss 1.12257
Epoch [33] Training Class Recall: [0.861,0.472,0.397,0.593,0.623,0.775,0.782,0.750,0.767,0.815]

Epoch: [34][0/40], lr: 0.01000	Loss 1.1509 (1.1509)	Prec@1 70.312 (70.312)	Prec@5 89.844 (89.844)
Epoch: [34][10/40], lr: 0.01000	Loss 1.0689 (1.1373)	Prec@1 75.000 (72.088)	Prec@5 89.844 (90.980)
Epoch: [34][20/40], lr: 0.01000	Loss 1.2928 (1.1496)	Prec@1 68.750 (71.801)	Prec@5 90.625 (90.774)
Epoch: [34][30/40], lr: 0.01000	Loss 1.1080 (1.1304)	Prec@1 73.438 (72.253)	Prec@5 89.062 (90.675)
Epoch [34] Training Results: Prec@1 72.200 Prec@5 90.840             Loss 1.12849
Epoch [34] Training Class Recall: [0.860,0.459,0.397,0.570,0.566,0.782,0.794,0.749,0.765,0.815]

Epoch: [35][0/40], lr: 0.01000	Loss 0.9597 (0.9597)	Prec@1 78.906 (78.906)	Prec@5 92.188 (92.188)
Epoch: [35][10/40], lr: 0.01000	Loss 1.1314 (1.0496)	Prec@1 71.094 (73.438)	Prec@5 91.406 (92.116)
Epoch: [35][20/40], lr: 0.01000	Loss 1.0149 (1.0739)	Prec@1 75.781 (73.326)	Prec@5 91.406 (91.815)
Epoch: [35][30/40], lr: 0.01000	Loss 1.2252 (1.0766)	Prec@1 68.750 (73.438)	Prec@5 89.844 (91.835)
Epoch [35] Training Results: Prec@1 73.080 Prec@5 91.500             Loss 1.09062
Epoch [35] Training Class Recall: [0.869,0.490,0.416,0.575,0.620,0.772,0.796,0.760,0.765,0.817]

Epoch: [36][0/40], lr: 0.01000	Loss 0.9313 (0.9313)	Prec@1 78.906 (78.906)	Prec@5 90.625 (90.625)
Epoch: [36][10/40], lr: 0.01000	Loss 1.2928 (1.2092)	Prec@1 64.844 (67.756)	Prec@5 83.594 (90.270)
Epoch: [36][20/40], lr: 0.01000	Loss 1.1816 (1.2149)	Prec@1 69.531 (68.452)	Prec@5 87.500 (90.141)
Epoch: [36][30/40], lr: 0.01000	Loss 1.2849 (1.2052)	Prec@1 65.625 (68.901)	Prec@5 86.719 (90.045)
Epoch [36] Training Results: Prec@1 69.740 Prec@5 90.200             Loss 1.18800
Epoch [36] Training Class Recall: [0.848,0.448,0.356,0.512,0.497,0.749,0.757,0.741,0.761,0.810]

Epoch: [37][0/40], lr: 0.01000	Loss 1.1077 (1.1077)	Prec@1 75.000 (75.000)	Prec@5 87.500 (87.500)
Epoch: [37][10/40], lr: 0.01000	Loss 1.1311 (1.1159)	Prec@1 73.438 (72.869)	Prec@5 91.406 (90.128)
Epoch: [37][20/40], lr: 0.01000	Loss 1.0740 (1.1122)	Prec@1 76.562 (72.954)	Prec@5 89.062 (90.104)
Epoch: [37][30/40], lr: 0.01000	Loss 0.9942 (1.1026)	Prec@1 76.562 (73.009)	Prec@5 92.969 (90.625)
Epoch [37] Training Results: Prec@1 73.360 Prec@5 90.660             Loss 1.09569
Epoch [37] Training Class Recall: [0.875,0.479,0.431,0.609,0.600,0.782,0.788,0.758,0.763,0.815]

Epoch: [38][0/40], lr: 0.01000	Loss 1.2022 (1.2022)	Prec@1 67.188 (67.188)	Prec@5 92.188 (92.188)
Epoch: [38][10/40], lr: 0.01000	Loss 0.8594 (1.1345)	Prec@1 80.469 (71.946)	Prec@5 96.875 (91.619)
Epoch: [38][20/40], lr: 0.01000	Loss 0.9074 (1.0991)	Prec@1 79.688 (73.177)	Prec@5 92.969 (91.741)
Epoch: [38][30/40], lr: 0.01000	Loss 1.0187 (1.0761)	Prec@1 75.781 (73.866)	Prec@5 91.406 (91.809)
Epoch [38] Training Results: Prec@1 73.640 Prec@5 91.260             Loss 1.08643
Epoch [38] Training Class Recall: [0.875,0.486,0.423,0.615,0.609,0.790,0.788,0.760,0.763,0.818]

Epoch: [39][0/40], lr: 0.01000	Loss 0.8776 (0.8776)	Prec@1 80.469 (80.469)	Prec@5 89.062 (89.062)
Epoch: [39][10/40], lr: 0.01000	Loss 0.9909 (1.0432)	Prec@1 77.344 (74.645)	Prec@5 89.062 (91.335)
Epoch: [39][20/40], lr: 0.01000	Loss 1.1178 (1.0531)	Prec@1 68.750 (73.810)	Prec@5 94.531 (92.001)
Epoch: [39][30/40], lr: 0.01000	Loss 0.9717 (1.0691)	Prec@1 78.125 (73.664)	Prec@5 89.844 (91.532)
Epoch [39] Training Results: Prec@1 73.320 Prec@5 91.260             Loss 1.08295
Epoch [39] Training Class Recall: [0.871,0.486,0.434,0.595,0.611,0.782,0.788,0.758,0.767,0.814]

Epoch: [40][0/40], lr: 0.01000	Loss 0.9600 (0.9600)	Prec@1 75.781 (75.781)	Prec@5 95.312 (95.312)
Epoch: [40][10/40], lr: 0.01000	Loss 0.9802 (1.0544)	Prec@1 78.906 (74.361)	Prec@5 91.406 (92.614)
Epoch: [40][20/40], lr: 0.01000	Loss 1.1871 (1.0916)	Prec@1 66.406 (72.805)	Prec@5 92.969 (91.667)
Epoch: [40][30/40], lr: 0.01000	Loss 0.8886 (1.0724)	Prec@1 77.344 (73.513)	Prec@5 96.094 (91.910)
Epoch [40] Training Results: Prec@1 73.940 Prec@5 91.880             Loss 1.06512
Epoch [40] Training Class Recall: [0.861,0.507,0.453,0.631,0.634,0.785,0.794,0.754,0.767,0.815]

Epoch: [41][0/40], lr: 0.01000	Loss 1.1453 (1.1453)	Prec@1 69.531 (69.531)	Prec@5 94.531 (94.531)
Epoch: [41][10/40], lr: 0.01000	Loss 0.9457 (1.0629)	Prec@1 74.219 (72.869)	Prec@5 94.531 (92.116)
Epoch: [41][20/40], lr: 0.01000	Loss 0.9621 (1.1003)	Prec@1 76.562 (71.949)	Prec@5 92.969 (91.332)
Epoch: [41][30/40], lr: 0.01000	Loss 1.1799 (1.1054)	Prec@1 70.312 (72.329)	Prec@5 89.062 (91.104)
Epoch [41] Training Results: Prec@1 72.700 Prec@5 90.900             Loss 1.09677
Epoch [41] Training Class Recall: [0.871,0.493,0.397,0.568,0.597,0.775,0.798,0.743,0.771,0.814]

Epoch: [42][0/40], lr: 0.01000	Loss 1.0177 (1.0177)	Prec@1 74.219 (74.219)	Prec@5 88.281 (88.281)
Epoch: [42][10/40], lr: 0.01000	Loss 0.7721 (1.0685)	Prec@1 81.250 (73.864)	Prec@5 94.531 (90.554)
Epoch: [42][20/40], lr: 0.01000	Loss 0.9412 (1.0506)	Prec@1 76.562 (73.847)	Prec@5 90.625 (91.220)
Epoch: [42][30/40], lr: 0.01000	Loss 1.0087 (1.0464)	Prec@1 76.562 (74.244)	Prec@5 92.969 (91.633)
Epoch [42] Training Results: Prec@1 73.600 Prec@5 91.560             Loss 1.06824
Epoch [42] Training Class Recall: [0.861,0.490,0.449,0.597,0.637,0.793,0.782,0.760,0.769,0.815]

Epoch: [43][0/40], lr: 0.01000	Loss 1.0164 (1.0164)	Prec@1 72.656 (72.656)	Prec@5 91.406 (91.406)
Epoch: [43][10/40], lr: 0.01000	Loss 1.0438 (1.0663)	Prec@1 75.781 (72.443)	Prec@5 87.500 (92.045)
Epoch: [43][20/40], lr: 0.01000	Loss 0.9760 (1.0871)	Prec@1 75.781 (72.098)	Prec@5 92.188 (91.592)
Epoch: [43][30/40], lr: 0.01000	Loss 0.9539 (1.0757)	Prec@1 78.906 (73.034)	Prec@5 94.531 (91.683)
Epoch [43] Training Results: Prec@1 73.500 Prec@5 91.480             Loss 1.06660
Epoch [43] Training Class Recall: [0.867,0.500,0.453,0.579,0.611,0.788,0.788,0.760,0.775,0.815]

Epoch: [44][0/40], lr: 0.01000	Loss 0.8955 (0.8955)	Prec@1 76.562 (76.562)	Prec@5 95.312 (95.312)
Epoch: [44][10/40], lr: 0.01000	Loss 0.9024 (1.0280)	Prec@1 78.906 (74.432)	Prec@5 91.406 (91.761)
Epoch: [44][20/40], lr: 0.01000	Loss 1.0507 (1.0532)	Prec@1 73.438 (74.070)	Prec@5 93.750 (91.778)
Epoch: [44][30/40], lr: 0.01000	Loss 1.1878 (1.0478)	Prec@1 70.312 (74.269)	Prec@5 91.406 (91.885)
Epoch [44] Training Results: Prec@1 74.280 Prec@5 91.640             Loss 1.04742
Epoch [44] Training Class Recall: [0.875,0.497,0.487,0.611,0.617,0.794,0.800,0.758,0.767,0.820]

Epoch: [45][0/40], lr: 0.01000	Loss 1.0167 (1.0167)	Prec@1 71.875 (71.875)	Prec@5 95.312 (95.312)
Epoch: [45][10/40], lr: 0.01000	Loss 1.0460 (1.0559)	Prec@1 74.219 (72.301)	Prec@5 93.750 (92.685)
Epoch: [45][20/40], lr: 0.01000	Loss 1.0465 (1.0405)	Prec@1 73.438 (73.512)	Prec@5 92.188 (92.708)
Epoch: [45][30/40], lr: 0.01000	Loss 1.0226 (1.0417)	Prec@1 74.219 (73.816)	Prec@5 92.188 (92.263)
Epoch [45] Training Results: Prec@1 73.920 Prec@5 92.060             Loss 1.04542
Epoch [45] Training Class Recall: [0.874,0.493,0.487,0.635,0.609,0.794,0.792,0.737,0.753,0.817]

Epoch: [46][0/40], lr: 0.01000	Loss 0.9284 (0.9284)	Prec@1 76.562 (76.562)	Prec@5 96.094 (96.094)
Epoch: [46][10/40], lr: 0.01000	Loss 1.0384 (1.0667)	Prec@1 74.219 (73.295)	Prec@5 93.750 (92.543)
Epoch: [46][20/40], lr: 0.01000	Loss 1.1885 (1.0787)	Prec@1 66.406 (73.214)	Prec@5 90.625 (91.964)
Epoch: [46][30/40], lr: 0.01000	Loss 1.0335 (1.0679)	Prec@1 73.438 (73.690)	Prec@5 94.531 (91.885)
Epoch [46] Training Results: Prec@1 73.980 Prec@5 91.880             Loss 1.06237
Epoch [46] Training Class Recall: [0.862,0.507,0.438,0.635,0.640,0.794,0.780,0.754,0.769,0.817]

Epoch: [47][0/40], lr: 0.01000	Loss 1.0454 (1.0454)	Prec@1 73.438 (73.438)	Prec@5 92.188 (92.188)
Epoch: [47][10/40], lr: 0.01000	Loss 1.0187 (1.0477)	Prec@1 70.312 (72.585)	Prec@5 91.406 (93.111)
Epoch: [47][20/40], lr: 0.01000	Loss 1.0689 (1.0127)	Prec@1 76.562 (74.926)	Prec@5 92.969 (92.708)
Epoch: [47][30/40], lr: 0.01000	Loss 1.1503 (1.0298)	Prec@1 71.875 (74.622)	Prec@5 85.938 (92.339)
Epoch [47] Training Results: Prec@1 74.460 Prec@5 92.300             Loss 1.03859
Epoch [47] Training Class Recall: [0.871,0.524,0.498,0.615,0.643,0.790,0.786,0.760,0.765,0.821]

Epoch: [48][0/40], lr: 0.01000	Loss 1.0207 (1.0207)	Prec@1 73.438 (73.438)	Prec@5 94.531 (94.531)
Epoch: [48][10/40], lr: 0.01000	Loss 1.2137 (1.0684)	Prec@1 69.531 (72.727)	Prec@5 89.062 (93.253)
Epoch: [48][20/40], lr: 0.01000	Loss 1.1836 (1.0708)	Prec@1 71.094 (73.177)	Prec@5 89.844 (92.522)
Epoch: [48][30/40], lr: 0.01000	Loss 1.0970 (1.0538)	Prec@1 72.656 (73.690)	Prec@5 91.406 (92.389)
Epoch [48] Training Results: Prec@1 74.040 Prec@5 92.300             Loss 1.04706
Epoch [48] Training Class Recall: [0.857,0.493,0.509,0.624,0.640,0.778,0.798,0.754,0.763,0.820]

Epoch: [49][0/40], lr: 0.01000	Loss 0.9581 (0.9581)	Prec@1 73.438 (73.438)	Prec@5 96.094 (96.094)
Epoch: [49][10/40], lr: 0.01000	Loss 1.1286 (1.0397)	Prec@1 75.781 (73.722)	Prec@5 89.844 (92.969)
Epoch: [49][20/40], lr: 0.01000	Loss 0.8317 (1.0110)	Prec@1 78.906 (74.926)	Prec@5 93.750 (92.746)
Epoch: [49][30/40], lr: 0.01000	Loss 1.1116 (1.0283)	Prec@1 68.750 (74.572)	Prec@5 92.969 (92.566)
Epoch [49] Training Results: Prec@1 74.340 Prec@5 92.380             Loss 1.04019
Epoch [49] Training Class Recall: [0.876,0.486,0.502,0.620,0.623,0.787,0.792,0.764,0.775,0.815]

Epoch: [50][0/40], lr: 0.01000	Loss 1.1743 (1.1743)	Prec@1 67.969 (67.969)	Prec@5 90.625 (90.625)
Epoch: [50][10/40], lr: 0.01000	Loss 1.0049 (1.0327)	Prec@1 76.562 (73.366)	Prec@5 89.844 (93.537)
Epoch: [50][20/40], lr: 0.01000	Loss 0.9476 (1.0254)	Prec@1 76.562 (74.442)	Prec@5 92.188 (92.671)
Epoch: [50][30/40], lr: 0.01000	Loss 1.0570 (1.0138)	Prec@1 72.656 (74.874)	Prec@5 90.625 (92.944)
Epoch [50] Training Results: Prec@1 74.880 Prec@5 92.840             Loss 1.01778
Epoch [50] Training Class Recall: [0.875,0.500,0.491,0.633,0.654,0.800,0.807,0.752,0.771,0.818]

Epoch: [51][0/40], lr: 0.01000	Loss 0.9587 (0.9587)	Prec@1 74.219 (74.219)	Prec@5 94.531 (94.531)
Epoch: [51][10/40], lr: 0.01000	Loss 0.8323 (0.9523)	Prec@1 81.250 (75.994)	Prec@5 96.094 (93.963)
Epoch: [51][20/40], lr: 0.01000	Loss 1.2215 (0.9756)	Prec@1 67.969 (75.446)	Prec@5 91.406 (93.750)
Epoch: [51][30/40], lr: 0.01000	Loss 0.8615 (1.0007)	Prec@1 78.906 (75.050)	Prec@5 92.969 (93.347)
Epoch [51] Training Results: Prec@1 75.000 Prec@5 93.200             Loss 1.00688
Epoch [51] Training Class Recall: [0.882,0.531,0.536,0.620,0.643,0.785,0.790,0.760,0.779,0.817]

Epoch: [52][0/40], lr: 0.01000	Loss 1.0930 (1.0930)	Prec@1 70.312 (70.312)	Prec@5 95.312 (95.312)
Epoch: [52][10/40], lr: 0.01000	Loss 1.0185 (1.0779)	Prec@1 73.438 (71.733)	Prec@5 90.625 (93.182)
Epoch: [52][20/40], lr: 0.01000	Loss 0.9609 (1.0376)	Prec@1 75.781 (73.698)	Prec@5 89.062 (92.783)
Epoch: [52][30/40], lr: 0.01000	Loss 1.1747 (1.0366)	Prec@1 71.875 (74.017)	Prec@5 91.406 (92.566)
Epoch [52] Training Results: Prec@1 74.360 Prec@5 92.420             Loss 1.02674
Epoch [52] Training Class Recall: [0.872,0.531,0.476,0.611,0.634,0.799,0.786,0.768,0.755,0.818]

Epoch: [53][0/40], lr: 0.01000	Loss 1.1007 (1.1007)	Prec@1 71.094 (71.094)	Prec@5 95.312 (95.312)
Epoch: [53][10/40], lr: 0.01000	Loss 1.2328 (1.0907)	Prec@1 68.750 (71.804)	Prec@5 86.719 (92.116)
Epoch: [53][20/40], lr: 0.01000	Loss 0.9882 (1.0852)	Prec@1 79.688 (72.582)	Prec@5 91.406 (92.374)
Epoch: [53][30/40], lr: 0.01000	Loss 0.9474 (1.0621)	Prec@1 75.000 (73.110)	Prec@5 93.750 (92.339)
Epoch [53] Training Results: Prec@1 73.180 Prec@5 92.580             Loss 1.06444
Epoch [53] Training Class Recall: [0.872,0.466,0.464,0.604,0.597,0.775,0.770,0.758,0.773,0.817]

Epoch: [54][0/40], lr: 0.01000	Loss 1.1324 (1.1324)	Prec@1 68.750 (68.750)	Prec@5 94.531 (94.531)
Epoch: [54][10/40], lr: 0.01000	Loss 1.0578 (1.1439)	Prec@1 73.438 (69.744)	Prec@5 92.188 (91.477)
Epoch: [54][20/40], lr: 0.01000	Loss 0.9686 (1.0926)	Prec@1 78.125 (71.763)	Prec@5 93.750 (92.634)
Epoch: [54][30/40], lr: 0.01000	Loss 1.2461 (1.0682)	Prec@1 67.969 (72.883)	Prec@5 92.188 (92.893)
Epoch [54] Training Results: Prec@1 73.040 Prec@5 92.380             Loss 1.06773
Epoch [54] Training Class Recall: [0.859,0.507,0.442,0.597,0.589,0.773,0.782,0.766,0.769,0.812]

Epoch: [55][0/40], lr: 0.01000	Loss 0.9761 (0.9761)	Prec@1 74.219 (74.219)	Prec@5 94.531 (94.531)
Epoch: [55][10/40], lr: 0.01000	Loss 1.1181 (1.0306)	Prec@1 72.656 (72.869)	Prec@5 89.062 (94.318)
Epoch: [55][20/40], lr: 0.01000	Loss 1.2921 (1.0133)	Prec@1 65.625 (73.921)	Prec@5 85.938 (93.564)
Epoch: [55][30/40], lr: 0.01000	Loss 1.1312 (1.0211)	Prec@1 73.438 (74.370)	Prec@5 90.625 (93.296)
Epoch [55] Training Results: Prec@1 74.440 Prec@5 93.020             Loss 1.01694
Epoch [55] Training Class Recall: [0.869,0.510,0.491,0.595,0.640,0.811,0.792,0.768,0.777,0.804]

Epoch: [56][0/40], lr: 0.01000	Loss 0.8804 (0.8804)	Prec@1 75.781 (75.781)	Prec@5 95.312 (95.312)
Epoch: [56][10/40], lr: 0.01000	Loss 0.9044 (1.0191)	Prec@1 78.125 (74.574)	Prec@5 93.750 (92.969)
Epoch: [56][20/40], lr: 0.01000	Loss 1.1407 (1.0035)	Prec@1 71.875 (75.335)	Prec@5 92.188 (92.671)
Epoch: [56][30/40], lr: 0.01000	Loss 1.1148 (0.9867)	Prec@1 72.656 (75.781)	Prec@5 92.969 (92.792)
Epoch [56] Training Results: Prec@1 75.420 Prec@5 92.880             Loss 0.99578
Epoch [56] Training Class Recall: [0.875,0.514,0.521,0.651,0.643,0.805,0.802,0.768,0.775,0.818]

Epoch: [57][0/40], lr: 0.01000	Loss 1.1933 (1.1933)	Prec@1 69.531 (69.531)	Prec@5 90.625 (90.625)
Epoch: [57][10/40], lr: 0.01000	Loss 1.1195 (1.0077)	Prec@1 71.094 (74.645)	Prec@5 89.062 (92.898)
Epoch: [57][20/40], lr: 0.01000	Loss 0.8878 (1.0171)	Prec@1 76.562 (74.963)	Prec@5 94.531 (92.671)
Epoch: [57][30/40], lr: 0.01000	Loss 0.9924 (1.0136)	Prec@1 75.781 (74.899)	Prec@5 91.406 (92.566)
Epoch [57] Training Results: Prec@1 75.140 Prec@5 92.700             Loss 1.00715
Epoch [57] Training Class Recall: [0.872,0.524,0.543,0.620,0.646,0.802,0.786,0.764,0.779,0.823]

Epoch: [58][0/40], lr: 0.01000	Loss 0.9728 (0.9728)	Prec@1 76.562 (76.562)	Prec@5 91.406 (91.406)
Epoch: [58][10/40], lr: 0.01000	Loss 1.1329 (1.0406)	Prec@1 70.312 (73.295)	Prec@5 91.406 (93.253)
Epoch: [58][20/40], lr: 0.01000	Loss 1.0796 (1.0575)	Prec@1 75.000 (73.103)	Prec@5 89.844 (92.857)
Epoch: [58][30/40], lr: 0.01000	Loss 1.2223 (1.0593)	Prec@1 67.969 (73.488)	Prec@5 90.625 (92.515)
Epoch [58] Training Results: Prec@1 73.660 Prec@5 92.740             Loss 1.04748
Epoch [58] Training Class Recall: [0.854,0.490,0.521,0.611,0.606,0.781,0.784,0.758,0.767,0.821]

Epoch: [59][0/40], lr: 0.01000	Loss 1.0166 (1.0166)	Prec@1 75.000 (75.000)	Prec@5 94.531 (94.531)
Epoch: [59][10/40], lr: 0.01000	Loss 0.8707 (1.0781)	Prec@1 79.688 (71.733)	Prec@5 94.531 (93.253)
Epoch: [59][20/40], lr: 0.01000	Loss 0.8679 (1.0154)	Prec@1 78.906 (73.735)	Prec@5 94.531 (93.564)
Epoch: [59][30/40], lr: 0.01000	Loss 1.0411 (1.0137)	Prec@1 75.000 (74.068)	Prec@5 92.969 (93.221)
Epoch [59] Training Results: Prec@1 74.160 Prec@5 93.060             Loss 1.01385
Epoch [59] Training Class Recall: [0.859,0.514,0.494,0.635,0.626,0.781,0.786,0.760,0.773,0.818]

Epoch: [60][0/40], lr: 0.01000	Loss 0.9130 (0.9130)	Prec@1 78.125 (78.125)	Prec@5 94.531 (94.531)
Epoch: [60][10/40], lr: 0.01000	Loss 1.0880 (1.0806)	Prec@1 75.000 (71.165)	Prec@5 92.188 (92.969)
Epoch: [60][20/40], lr: 0.01000	Loss 0.8205 (1.0872)	Prec@1 81.250 (72.061)	Prec@5 95.312 (92.299)
Epoch: [60][30/40], lr: 0.01000	Loss 1.1768 (1.0815)	Prec@1 69.531 (72.404)	Prec@5 88.281 (92.440)
Epoch [60] Training Results: Prec@1 73.420 Prec@5 92.720             Loss 1.05771
Epoch [60] Training Class Recall: [0.859,0.462,0.464,0.620,0.606,0.790,0.790,0.764,0.767,0.807]

Epoch: [61][0/40], lr: 0.01000	Loss 0.9994 (0.9994)	Prec@1 74.219 (74.219)	Prec@5 94.531 (94.531)
Epoch: [61][10/40], lr: 0.01000	Loss 1.0525 (1.0861)	Prec@1 75.781 (72.869)	Prec@5 92.188 (92.969)
Epoch: [61][20/40], lr: 0.01000	Loss 1.0044 (1.0745)	Prec@1 74.219 (73.028)	Prec@5 93.750 (92.522)
Epoch: [61][30/40], lr: 0.01000	Loss 1.0390 (1.0515)	Prec@1 74.219 (73.765)	Prec@5 92.969 (92.616)
Epoch [61] Training Results: Prec@1 74.240 Prec@5 92.940             Loss 1.03660
Epoch [61] Training Class Recall: [0.868,0.524,0.491,0.615,0.611,0.775,0.807,0.764,0.771,0.820]

Epoch: [62][0/40], lr: 0.01000	Loss 0.7876 (0.7876)	Prec@1 80.469 (80.469)	Prec@5 97.656 (97.656)
Epoch: [62][10/40], lr: 0.01000	Loss 0.9598 (1.0104)	Prec@1 76.562 (73.793)	Prec@5 94.531 (94.176)
Epoch: [62][20/40], lr: 0.01000	Loss 0.8189 (1.0025)	Prec@1 82.031 (74.888)	Prec@5 95.312 (93.750)
Epoch: [62][30/40], lr: 0.01000	Loss 0.8846 (1.0168)	Prec@1 78.906 (74.546)	Prec@5 96.875 (93.649)
Epoch [62] Training Results: Prec@1 74.180 Prec@5 93.160             Loss 1.03269
Epoch [62] Training Class Recall: [0.871,0.514,0.449,0.638,0.626,0.790,0.788,0.758,0.761,0.821]

Epoch: [63][0/40], lr: 0.01000	Loss 1.0685 (1.0685)	Prec@1 75.000 (75.000)	Prec@5 92.969 (92.969)
Epoch: [63][10/40], lr: 0.01000	Loss 1.0413 (0.9475)	Prec@1 76.562 (76.705)	Prec@5 90.625 (94.602)
Epoch: [63][20/40], lr: 0.01000	Loss 1.3286 (1.0038)	Prec@1 67.188 (75.335)	Prec@5 94.531 (94.122)
Epoch: [63][30/40], lr: 0.01000	Loss 1.1741 (1.0198)	Prec@1 71.094 (74.899)	Prec@5 89.844 (93.170)
Epoch [63] Training Results: Prec@1 74.780 Prec@5 93.100             Loss 1.02543
Epoch [63] Training Class Recall: [0.862,0.503,0.509,0.638,0.629,0.802,0.794,0.764,0.783,0.818]

Epoch: [64][0/40], lr: 0.01000	Loss 1.0896 (1.0896)	Prec@1 74.219 (74.219)	Prec@5 92.969 (92.969)
Epoch: [64][10/40], lr: 0.01000	Loss 1.0020 (1.0141)	Prec@1 71.875 (74.503)	Prec@5 94.531 (93.537)
Epoch: [64][20/40], lr: 0.01000	Loss 0.9683 (1.0055)	Prec@1 75.781 (74.963)	Prec@5 91.406 (92.671)
Epoch: [64][30/40], lr: 0.01000	Loss 0.8354 (0.9954)	Prec@1 82.812 (75.580)	Prec@5 92.969 (92.868)
Epoch [64] Training Results: Prec@1 74.960 Prec@5 92.980             Loss 1.01074
Epoch [64] Training Class Recall: [0.873,0.524,0.539,0.640,0.617,0.799,0.798,0.749,0.775,0.820]

Epoch: [65][0/40], lr: 0.01000	Loss 0.7816 (0.7816)	Prec@1 79.688 (79.688)	Prec@5 96.094 (96.094)
Epoch: [65][10/40], lr: 0.01000	Loss 1.2087 (0.9911)	Prec@1 68.750 (74.077)	Prec@5 88.281 (94.531)
Epoch: [65][20/40], lr: 0.01000	Loss 0.9592 (0.9813)	Prec@1 75.781 (74.777)	Prec@5 95.312 (93.899)
Epoch: [65][30/40], lr: 0.01000	Loss 1.1706 (0.9846)	Prec@1 71.094 (75.050)	Prec@5 89.844 (93.977)
Epoch [65] Training Results: Prec@1 75.260 Prec@5 93.860             Loss 0.97776
Epoch [65] Training Class Recall: [0.879,0.490,0.543,0.644,0.666,0.796,0.794,0.772,0.773,0.809]

Epoch: [66][0/40], lr: 0.01000	Loss 1.0909 (1.0909)	Prec@1 72.656 (72.656)	Prec@5 94.531 (94.531)
Epoch: [66][10/40], lr: 0.01000	Loss 0.9793 (0.9986)	Prec@1 71.875 (74.432)	Prec@5 97.656 (94.034)
Epoch: [66][20/40], lr: 0.01000	Loss 0.9362 (1.0115)	Prec@1 76.562 (74.107)	Prec@5 96.094 (94.048)
Epoch: [66][30/40], lr: 0.01000	Loss 0.9749 (1.0050)	Prec@1 78.125 (74.748)	Prec@5 92.969 (93.775)
Epoch [66] Training Results: Prec@1 74.940 Prec@5 93.800             Loss 1.00378
Epoch [66] Training Class Recall: [0.878,0.514,0.528,0.649,0.620,0.788,0.786,0.762,0.775,0.823]

Epoch: [67][0/40], lr: 0.01000	Loss 1.0859 (1.0859)	Prec@1 73.438 (73.438)	Prec@5 90.625 (90.625)
Epoch: [67][10/40], lr: 0.01000	Loss 0.9087 (0.9865)	Prec@1 77.344 (75.071)	Prec@5 93.750 (94.034)
Epoch: [67][20/40], lr: 0.01000	Loss 1.1010 (1.0229)	Prec@1 70.312 (74.442)	Prec@5 96.094 (93.192)
Epoch: [67][30/40], lr: 0.01000	Loss 1.1539 (1.0135)	Prec@1 72.656 (74.698)	Prec@5 89.844 (92.969)
Epoch [67] Training Results: Prec@1 75.260 Prec@5 93.400             Loss 0.98972
Epoch [67] Training Class Recall: [0.873,0.528,0.498,0.638,0.651,0.803,0.794,0.766,0.787,0.817]

Epoch: [68][0/40], lr: 0.01000	Loss 0.8554 (0.8554)	Prec@1 78.906 (78.906)	Prec@5 96.094 (96.094)
Epoch: [68][10/40], lr: 0.01000	Loss 0.9204 (0.9700)	Prec@1 75.000 (74.716)	Prec@5 92.188 (95.028)
Epoch: [68][20/40], lr: 0.01000	Loss 0.8821 (0.9833)	Prec@1 80.469 (74.740)	Prec@5 92.188 (94.308)
Epoch: [68][30/40], lr: 0.01000	Loss 0.9440 (0.9684)	Prec@1 78.125 (75.353)	Prec@5 94.531 (93.977)
Epoch [68] Training Results: Prec@1 75.200 Prec@5 93.960             Loss 0.97311
Epoch [68] Training Class Recall: [0.866,0.524,0.539,0.640,0.623,0.802,0.798,0.768,0.779,0.823]

Epoch: [69][0/40], lr: 0.01000	Loss 0.9278 (0.9278)	Prec@1 77.344 (77.344)	Prec@5 93.750 (93.750)
Epoch: [69][10/40], lr: 0.01000	Loss 0.8612 (1.0034)	Prec@1 79.688 (75.142)	Prec@5 94.531 (93.892)
Epoch: [69][20/40], lr: 0.01000	Loss 0.8068 (0.9614)	Prec@1 79.688 (76.042)	Prec@5 97.656 (94.196)
Epoch: [69][30/40], lr: 0.01000	Loss 0.7980 (0.9525)	Prec@1 81.250 (76.436)	Prec@5 96.875 (94.708)
Epoch [69] Training Results: Prec@1 75.880 Prec@5 94.320             Loss 0.96953
Epoch [69] Training Class Recall: [0.868,0.541,0.584,0.664,0.643,0.802,0.792,0.768,0.781,0.821]

Epoch: [70][0/40], lr: 0.01000	Loss 1.0754 (1.0754)	Prec@1 69.531 (69.531)	Prec@5 94.531 (94.531)
Epoch: [70][10/40], lr: 0.01000	Loss 0.9415 (0.9683)	Prec@1 78.125 (74.787)	Prec@5 94.531 (95.028)
Epoch: [70][20/40], lr: 0.01000	Loss 1.1072 (0.9826)	Prec@1 71.094 (74.516)	Prec@5 90.625 (94.048)
Epoch: [70][30/40], lr: 0.01000	Loss 1.0950 (0.9975)	Prec@1 73.438 (74.597)	Prec@5 92.969 (93.775)
Epoch [70] Training Results: Prec@1 74.700 Prec@5 93.540             Loss 0.99392
Epoch [70] Training Class Recall: [0.867,0.510,0.464,0.629,0.634,0.806,0.813,0.756,0.773,0.820]

Epoch: [71][0/40], lr: 0.01000	Loss 0.9133 (0.9133)	Prec@1 77.344 (77.344)	Prec@5 96.094 (96.094)
Epoch: [71][10/40], lr: 0.01000	Loss 1.2874 (0.9589)	Prec@1 65.625 (75.852)	Prec@5 89.844 (94.602)
Epoch: [71][20/40], lr: 0.01000	Loss 1.1568 (0.9581)	Prec@1 68.750 (75.484)	Prec@5 93.750 (94.568)
Epoch: [71][30/40], lr: 0.01000	Loss 0.8776 (0.9791)	Prec@1 80.469 (75.403)	Prec@5 92.969 (94.027)
Epoch [71] Training Results: Prec@1 75.840 Prec@5 94.000             Loss 0.96920
Epoch [71] Training Class Recall: [0.876,0.503,0.543,0.653,0.631,0.811,0.805,0.780,0.787,0.823]

Epoch: [72][0/40], lr: 0.01000	Loss 0.9355 (0.9355)	Prec@1 76.562 (76.562)	Prec@5 92.969 (92.969)
Epoch: [72][10/40], lr: 0.01000	Loss 0.9647 (0.9609)	Prec@1 76.562 (75.142)	Prec@5 94.531 (94.744)
Epoch: [72][20/40], lr: 0.01000	Loss 1.1078 (0.9644)	Prec@1 70.312 (74.851)	Prec@5 89.844 (94.159)
Epoch: [72][30/40], lr: 0.01000	Loss 1.0828 (0.9474)	Prec@1 72.656 (75.428)	Prec@5 91.406 (94.506)
Epoch [72] Training Results: Prec@1 75.540 Prec@5 94.400             Loss 0.95231
Epoch [72] Training Class Recall: [0.874,0.510,0.524,0.653,0.649,0.815,0.802,0.754,0.779,0.821]

Epoch: [73][0/40], lr: 0.01000	Loss 0.9407 (0.9407)	Prec@1 73.438 (73.438)	Prec@5 94.531 (94.531)
Epoch: [73][10/40], lr: 0.01000	Loss 1.0222 (1.0283)	Prec@1 72.656 (72.230)	Prec@5 96.094 (94.815)
Epoch: [73][20/40], lr: 0.01000	Loss 0.6942 (0.9926)	Prec@1 85.938 (73.996)	Prec@5 96.094 (94.345)
Epoch: [73][30/40], lr: 0.01000	Loss 0.9123 (0.9817)	Prec@1 78.906 (74.874)	Prec@5 92.969 (94.103)
Epoch [73] Training Results: Prec@1 75.020 Prec@5 94.040             Loss 0.97974
Epoch [73] Training Class Recall: [0.857,0.510,0.517,0.633,0.626,0.815,0.798,0.776,0.779,0.818]

Epoch: [74][0/40], lr: 0.01000	Loss 0.7367 (0.7367)	Prec@1 81.250 (81.250)	Prec@5 97.656 (97.656)
Epoch: [74][10/40], lr: 0.01000	Loss 0.9355 (1.0474)	Prec@1 75.000 (72.301)	Prec@5 95.312 (93.537)
Epoch: [74][20/40], lr: 0.01000	Loss 0.6995 (1.0046)	Prec@1 85.938 (73.958)	Prec@5 96.875 (94.085)
Epoch: [74][30/40], lr: 0.01000	Loss 0.9203 (1.0042)	Prec@1 75.000 (74.042)	Prec@5 96.875 (93.826)
Epoch [74] Training Results: Prec@1 74.060 Prec@5 93.740             Loss 1.00895
Epoch [74] Training Class Recall: [0.860,0.528,0.502,0.611,0.637,0.772,0.796,0.752,0.775,0.817]

Epoch: [75][0/40], lr: 0.01000	Loss 0.8359 (0.8359)	Prec@1 78.906 (78.906)	Prec@5 96.875 (96.875)
Epoch: [75][10/40], lr: 0.01000	Loss 0.9714 (1.0372)	Prec@1 75.781 (72.869)	Prec@5 92.969 (93.750)
Epoch: [75][20/40], lr: 0.01000	Loss 0.9062 (1.0209)	Prec@1 75.781 (73.735)	Prec@5 95.312 (93.006)
Epoch: [75][30/40], lr: 0.01000	Loss 0.9289 (1.0075)	Prec@1 76.562 (74.244)	Prec@5 96.094 (93.296)
Epoch [75] Training Results: Prec@1 74.500 Prec@5 93.280             Loss 1.00010
Epoch [75] Training Class Recall: [0.866,0.545,0.502,0.629,0.606,0.797,0.780,0.756,0.777,0.821]

Epoch: [76][0/40], lr: 0.01000	Loss 0.8334 (0.8334)	Prec@1 78.906 (78.906)	Prec@5 96.094 (96.094)
Epoch: [76][10/40], lr: 0.01000	Loss 0.9539 (0.9850)	Prec@1 75.781 (74.503)	Prec@5 93.750 (94.886)
Epoch: [76][20/40], lr: 0.01000	Loss 0.9868 (0.9706)	Prec@1 78.125 (75.112)	Prec@5 93.750 (93.862)
Epoch: [76][30/40], lr: 0.01000	Loss 1.1379 (0.9605)	Prec@1 70.312 (75.454)	Prec@5 92.188 (94.052)
Epoch [76] Training Results: Prec@1 75.140 Prec@5 94.120             Loss 0.96962
Epoch [76] Training Class Recall: [0.874,0.531,0.517,0.635,0.620,0.803,0.802,0.768,0.769,0.821]

Epoch: [77][0/40], lr: 0.01000	Loss 1.1136 (1.1136)	Prec@1 67.969 (67.969)	Prec@5 94.531 (94.531)
Epoch: [77][10/40], lr: 0.01000	Loss 0.9535 (0.9466)	Prec@1 78.906 (74.858)	Prec@5 94.531 (95.099)
Epoch: [77][20/40], lr: 0.01000	Loss 0.8649 (0.9629)	Prec@1 77.344 (74.554)	Prec@5 93.750 (94.568)
Epoch: [77][30/40], lr: 0.01000	Loss 0.7624 (0.9438)	Prec@1 83.594 (75.958)	Prec@5 96.094 (94.380)
Epoch [77] Training Results: Prec@1 75.560 Prec@5 94.260             Loss 0.94895
Epoch [77] Training Class Recall: [0.873,0.538,0.539,0.649,0.637,0.799,0.805,0.766,0.783,0.818]

Epoch: [78][0/40], lr: 0.01000	Loss 0.8479 (0.8479)	Prec@1 78.125 (78.125)	Prec@5 96.094 (96.094)
Epoch: [78][10/40], lr: 0.01000	Loss 1.0666 (0.9684)	Prec@1 71.094 (73.864)	Prec@5 91.406 (95.028)
Epoch: [78][20/40], lr: 0.01000	Loss 0.7804 (0.9477)	Prec@1 82.812 (74.777)	Prec@5 94.531 (95.015)
Epoch: [78][30/40], lr: 0.01000	Loss 1.0122 (0.9439)	Prec@1 75.781 (75.328)	Prec@5 92.969 (94.708)
Epoch [78] Training Results: Prec@1 75.640 Prec@5 94.620             Loss 0.94286
Epoch [78] Training Class Recall: [0.874,0.545,0.551,0.633,0.617,0.820,0.796,0.764,0.785,0.821]

Epoch: [79][0/40], lr: 0.01000	Loss 0.9356 (0.9356)	Prec@1 78.125 (78.125)	Prec@5 96.094 (96.094)
Epoch: [79][10/40], lr: 0.01000	Loss 0.8782 (1.0012)	Prec@1 80.469 (73.935)	Prec@5 91.406 (94.176)
Epoch: [79][20/40], lr: 0.01000	Loss 0.8196 (0.9796)	Prec@1 77.344 (74.554)	Prec@5 95.312 (94.085)
Epoch: [79][30/40], lr: 0.01000	Loss 0.9607 (0.9819)	Prec@1 76.562 (74.597)	Prec@5 92.969 (94.078)
Epoch [79] Training Results: Prec@1 75.140 Prec@5 94.340             Loss 0.96535
Epoch [79] Training Class Recall: [0.868,0.493,0.524,0.638,0.634,0.802,0.802,0.782,0.777,0.818]

Epoch: [80][0/40], lr: 0.01000	Loss 0.9588 (0.9588)	Prec@1 72.656 (72.656)	Prec@5 96.094 (96.094)
Epoch: [80][10/40], lr: 0.01000	Loss 0.8399 (0.9446)	Prec@1 78.906 (76.136)	Prec@5 96.875 (94.673)
Epoch: [80][20/40], lr: 0.01000	Loss 1.0814 (0.9327)	Prec@1 71.094 (76.488)	Prec@5 96.875 (95.238)
Epoch: [80][30/40], lr: 0.01000	Loss 0.8504 (0.9437)	Prec@1 78.906 (76.033)	Prec@5 95.312 (95.035)
Epoch [80] Training Results: Prec@1 76.060 Prec@5 94.740             Loss 0.94399
Epoch [80] Training Class Recall: [0.874,0.524,0.554,0.649,0.651,0.814,0.800,0.774,0.791,0.823]

Epoch: [81][0/40], lr: 0.01000	Loss 0.9887 (0.9887)	Prec@1 73.438 (73.438)	Prec@5 95.312 (95.312)
Epoch: [81][10/40], lr: 0.01000	Loss 0.8868 (0.9988)	Prec@1 77.344 (72.869)	Prec@5 96.094 (94.531)
Epoch: [81][20/40], lr: 0.01000	Loss 0.9047 (0.9519)	Prec@1 76.562 (74.293)	Prec@5 96.094 (94.866)
Epoch: [81][30/40], lr: 0.01000	Loss 1.0819 (0.9605)	Prec@1 72.656 (74.496)	Prec@5 93.750 (94.355)
Epoch [81] Training Results: Prec@1 74.880 Prec@5 94.640             Loss 0.95273
Epoch [81] Training Class Recall: [0.868,0.514,0.502,0.633,0.643,0.791,0.794,0.762,0.785,0.823]

Epoch: [82][0/40], lr: 0.01000	Loss 0.8416 (0.8416)	Prec@1 78.906 (78.906)	Prec@5 95.312 (95.312)
Epoch: [82][10/40], lr: 0.01000	Loss 1.1192 (1.0003)	Prec@1 71.094 (72.798)	Prec@5 92.188 (94.673)
Epoch: [82][20/40], lr: 0.01000	Loss 1.1256 (0.9911)	Prec@1 71.875 (73.586)	Prec@5 92.188 (94.494)
Epoch: [82][30/40], lr: 0.01000	Loss 0.9422 (0.9862)	Prec@1 78.906 (74.521)	Prec@5 94.531 (94.380)
Epoch [82] Training Results: Prec@1 74.860 Prec@5 94.240             Loss 0.98541
Epoch [82] Training Class Recall: [0.850,0.514,0.509,0.642,0.649,0.791,0.817,0.762,0.779,0.820]

Epoch: [83][0/40], lr: 0.01000	Loss 0.9882 (0.9882)	Prec@1 75.000 (75.000)	Prec@5 93.750 (93.750)
Epoch: [83][10/40], lr: 0.01000	Loss 0.9048 (1.0279)	Prec@1 74.219 (72.656)	Prec@5 95.312 (93.324)
Epoch: [83][20/40], lr: 0.01000	Loss 1.0816 (0.9702)	Prec@1 70.312 (74.814)	Prec@5 94.531 (94.531)
Epoch: [83][30/40], lr: 0.01000	Loss 1.0628 (0.9573)	Prec@1 71.094 (75.302)	Prec@5 94.531 (94.632)
Epoch [83] Training Results: Prec@1 75.480 Prec@5 94.480             Loss 0.96267
Epoch [83] Training Class Recall: [0.860,0.541,0.536,0.644,0.657,0.811,0.796,0.772,0.779,0.814]

Epoch: [84][0/40], lr: 0.01000	Loss 0.7817 (0.7817)	Prec@1 79.688 (79.688)	Prec@5 96.094 (96.094)
Epoch: [84][10/40], lr: 0.01000	Loss 1.0332 (0.9935)	Prec@1 72.656 (73.722)	Prec@5 95.312 (94.176)
Epoch: [84][20/40], lr: 0.01000	Loss 1.0540 (0.9913)	Prec@1 73.438 (74.070)	Prec@5 92.188 (94.048)
Epoch: [84][30/40], lr: 0.01000	Loss 0.9625 (0.9773)	Prec@1 73.438 (74.647)	Prec@5 95.312 (94.204)
Epoch [84] Training Results: Prec@1 75.020 Prec@5 94.360             Loss 0.96430
Epoch [84] Training Class Recall: [0.867,0.552,0.506,0.629,0.654,0.784,0.790,0.772,0.775,0.824]

Epoch: [85][0/40], lr: 0.01000	Loss 0.7263 (0.7263)	Prec@1 83.594 (83.594)	Prec@5 95.312 (95.312)
Epoch: [85][10/40], lr: 0.01000	Loss 0.7812 (0.8823)	Prec@1 80.469 (76.562)	Prec@5 94.531 (95.455)
Epoch: [85][20/40], lr: 0.01000	Loss 1.0408 (0.9219)	Prec@1 75.781 (76.042)	Prec@5 94.531 (94.978)
Epoch: [85][30/40], lr: 0.01000	Loss 0.9191 (0.9113)	Prec@1 73.438 (76.210)	Prec@5 97.656 (95.161)
Epoch [85] Training Results: Prec@1 76.260 Prec@5 95.120             Loss 0.91752
Epoch [85] Training Class Recall: [0.875,0.521,0.532,0.664,0.654,0.823,0.809,0.778,0.781,0.824]

Epoch: [86][0/40], lr: 0.01000	Loss 0.8202 (0.8202)	Prec@1 79.688 (79.688)	Prec@5 96.875 (96.875)
Epoch: [86][10/40], lr: 0.01000	Loss 0.8944 (0.9269)	Prec@1 81.250 (76.705)	Prec@5 92.969 (95.668)
Epoch: [86][20/40], lr: 0.01000	Loss 1.1614 (0.9474)	Prec@1 71.875 (75.818)	Prec@5 89.844 (94.940)
Epoch: [86][30/40], lr: 0.01000	Loss 0.8728 (0.9450)	Prec@1 78.906 (76.084)	Prec@5 97.656 (94.834)
Epoch [86] Training Results: Prec@1 75.760 Prec@5 94.640             Loss 0.95165
Epoch [86] Training Class Recall: [0.865,0.521,0.532,0.667,0.677,0.802,0.805,0.762,0.783,0.821]

Epoch: [87][0/40], lr: 0.01000	Loss 0.8217 (0.8217)	Prec@1 76.562 (76.562)	Prec@5 96.094 (96.094)
Epoch: [87][10/40], lr: 0.01000	Loss 0.9431 (0.8992)	Prec@1 76.562 (75.923)	Prec@5 94.531 (95.384)
Epoch: [87][20/40], lr: 0.01000	Loss 1.0698 (0.9055)	Prec@1 71.875 (76.116)	Prec@5 93.750 (95.164)
Epoch: [87][30/40], lr: 0.01000	Loss 0.9264 (0.9199)	Prec@1 75.000 (75.731)	Prec@5 96.094 (95.262)
Epoch [87] Training Results: Prec@1 76.060 Prec@5 95.100             Loss 0.91754
Epoch [87] Training Class Recall: [0.866,0.545,0.543,0.669,0.629,0.815,0.805,0.780,0.777,0.829]

Epoch: [88][0/40], lr: 0.01000	Loss 0.7821 (0.7821)	Prec@1 77.344 (77.344)	Prec@5 98.438 (98.438)
Epoch: [88][10/40], lr: 0.01000	Loss 0.9651 (1.0057)	Prec@1 76.562 (73.295)	Prec@5 92.969 (93.750)
Epoch: [88][20/40], lr: 0.01000	Loss 0.7772 (0.9907)	Prec@1 81.250 (73.438)	Prec@5 96.094 (94.122)
Epoch: [88][30/40], lr: 0.01000	Loss 0.9148 (0.9618)	Prec@1 77.344 (74.521)	Prec@5 95.312 (94.506)
Epoch [88] Training Results: Prec@1 74.520 Prec@5 94.420             Loss 0.96648
Epoch [88] Training Class Recall: [0.851,0.517,0.476,0.615,0.623,0.805,0.802,0.772,0.781,0.824]

Epoch: [89][0/40], lr: 0.01000	Loss 0.8284 (0.8284)	Prec@1 77.344 (77.344)	Prec@5 95.312 (95.312)
Epoch: [89][10/40], lr: 0.01000	Loss 1.1671 (0.9982)	Prec@1 70.312 (73.438)	Prec@5 91.406 (94.815)
Epoch: [89][20/40], lr: 0.01000	Loss 0.9790 (0.9740)	Prec@1 74.219 (74.219)	Prec@5 93.750 (94.940)
Epoch: [89][30/40], lr: 0.01000	Loss 1.0282 (0.9688)	Prec@1 71.875 (74.269)	Prec@5 93.750 (94.909)
Epoch [89] Training Results: Prec@1 75.060 Prec@5 95.020             Loss 0.94645
Epoch [89] Training Class Recall: [0.867,0.538,0.498,0.642,0.591,0.811,0.813,0.760,0.783,0.820]

Epoch: [90][0/40], lr: 0.01000	Loss 0.7413 (0.7413)	Prec@1 79.688 (79.688)	Prec@5 96.094 (96.094)
Epoch: [90][10/40], lr: 0.01000	Loss 0.9147 (0.8725)	Prec@1 76.562 (77.770)	Prec@5 96.875 (95.881)
Epoch: [90][20/40], lr: 0.01000	Loss 0.9081 (0.9108)	Prec@1 75.781 (76.376)	Prec@5 96.094 (95.201)
Epoch: [90][30/40], lr: 0.01000	Loss 1.0951 (0.9287)	Prec@1 75.781 (76.008)	Prec@5 93.750 (94.859)
Epoch [90] Training Results: Prec@1 75.540 Prec@5 94.780             Loss 0.94913
Epoch [90] Training Class Recall: [0.860,0.548,0.524,0.662,0.634,0.809,0.790,0.772,0.783,0.823]

Epoch: [91][0/40], lr: 0.01000	Loss 0.7816 (0.7816)	Prec@1 82.031 (82.031)	Prec@5 96.875 (96.875)
Epoch: [91][10/40], lr: 0.01000	Loss 0.8416 (0.8819)	Prec@1 79.688 (77.060)	Prec@5 96.094 (96.236)
Epoch: [91][20/40], lr: 0.01000	Loss 1.1449 (0.9020)	Prec@1 69.531 (76.749)	Prec@5 89.844 (95.052)
Epoch: [91][30/40], lr: 0.01000	Loss 1.1163 (0.9446)	Prec@1 70.312 (75.353)	Prec@5 92.188 (94.783)
Epoch [91] Training Results: Prec@1 75.760 Prec@5 95.000             Loss 0.93628
Epoch [91] Training Class Recall: [0.876,0.531,0.524,0.664,0.643,0.820,0.788,0.756,0.779,0.826]

Epoch: [92][0/40], lr: 0.01000	Loss 0.8401 (0.8401)	Prec@1 77.344 (77.344)	Prec@5 96.875 (96.875)
Epoch: [92][10/40], lr: 0.01000	Loss 0.8444 (0.9559)	Prec@1 78.906 (75.000)	Prec@5 96.875 (95.028)
Epoch: [92][20/40], lr: 0.01000	Loss 1.0997 (0.9639)	Prec@1 71.094 (75.112)	Prec@5 91.406 (94.382)
Epoch: [92][30/40], lr: 0.01000	Loss 1.0900 (0.9618)	Prec@1 72.656 (75.428)	Prec@5 94.531 (94.682)
Epoch [92] Training Results: Prec@1 75.180 Prec@5 94.820             Loss 0.96604
Epoch [92] Training Class Recall: [0.865,0.531,0.539,0.631,0.634,0.790,0.807,0.772,0.783,0.820]

Epoch: [93][0/40], lr: 0.01000	Loss 1.0194 (1.0194)	Prec@1 70.312 (70.312)	Prec@5 92.188 (92.188)
Epoch: [93][10/40], lr: 0.01000	Loss 0.9753 (0.9275)	Prec@1 74.219 (75.071)	Prec@5 95.312 (96.094)
Epoch: [93][20/40], lr: 0.01000	Loss 0.9328 (0.9393)	Prec@1 77.344 (75.260)	Prec@5 95.312 (95.647)
Epoch: [93][30/40], lr: 0.01000	Loss 0.8047 (0.9412)	Prec@1 79.688 (75.025)	Prec@5 97.656 (95.413)
Epoch [93] Training Results: Prec@1 75.380 Prec@5 95.320             Loss 0.93830
Epoch [93] Training Class Recall: [0.861,0.517,0.513,0.653,0.643,0.800,0.800,0.768,0.787,0.831]

Epoch: [94][0/40], lr: 0.01000	Loss 1.0533 (1.0533)	Prec@1 71.094 (71.094)	Prec@5 92.969 (92.969)
Epoch: [94][10/40], lr: 0.01000	Loss 0.8801 (1.0434)	Prec@1 76.562 (71.946)	Prec@5 95.312 (94.531)
Epoch: [94][20/40], lr: 0.01000	Loss 1.0920 (1.0621)	Prec@1 71.094 (71.949)	Prec@5 90.625 (93.490)
Epoch: [94][30/40], lr: 0.01000	Loss 0.9712 (1.0335)	Prec@1 77.344 (72.858)	Prec@5 94.531 (93.725)
Epoch [94] Training Results: Prec@1 73.380 Prec@5 93.820             Loss 1.01958
Epoch [94] Training Class Recall: [0.825,0.500,0.502,0.617,0.634,0.778,0.792,0.762,0.767,0.814]

Epoch: [95][0/40], lr: 0.01000	Loss 0.8892 (0.8892)	Prec@1 78.125 (78.125)	Prec@5 93.750 (93.750)
Epoch: [95][10/40], lr: 0.01000	Loss 1.0319 (0.9148)	Prec@1 71.094 (75.781)	Prec@5 92.188 (94.815)
Epoch: [95][20/40], lr: 0.01000	Loss 1.1115 (0.9128)	Prec@1 70.312 (75.967)	Prec@5 93.750 (95.164)
Epoch: [95][30/40], lr: 0.01000	Loss 0.9955 (0.9218)	Prec@1 74.219 (75.731)	Prec@5 95.312 (95.086)
Epoch [95] Training Results: Prec@1 75.860 Prec@5 95.080             Loss 0.92554
Epoch [95] Training Class Recall: [0.871,0.541,0.543,0.649,0.663,0.793,0.811,0.770,0.781,0.827]

Epoch: [96][0/40], lr: 0.01000	Loss 0.7505 (0.7505)	Prec@1 81.250 (81.250)	Prec@5 96.094 (96.094)
Epoch: [96][10/40], lr: 0.01000	Loss 1.1151 (1.0001)	Prec@1 70.312 (73.722)	Prec@5 93.750 (94.815)
Epoch: [96][20/40], lr: 0.01000	Loss 0.7438 (0.9735)	Prec@1 83.594 (74.702)	Prec@5 97.656 (95.275)
Epoch: [96][30/40], lr: 0.01000	Loss 0.9970 (0.9901)	Prec@1 73.438 (74.446)	Prec@5 93.750 (94.758)
Epoch [96] Training Results: Prec@1 75.040 Prec@5 94.620             Loss 0.97370
Epoch [96] Training Class Recall: [0.868,0.541,0.513,0.638,0.597,0.808,0.792,0.776,0.767,0.827]

Epoch: [97][0/40], lr: 0.01000	Loss 0.9078 (0.9078)	Prec@1 75.781 (75.781)	Prec@5 94.531 (94.531)
Epoch: [97][10/40], lr: 0.01000	Loss 1.0681 (0.9343)	Prec@1 65.625 (75.497)	Prec@5 95.312 (95.384)
Epoch: [97][20/40], lr: 0.01000	Loss 0.7836 (0.9340)	Prec@1 81.250 (75.595)	Prec@5 98.438 (95.126)
Epoch: [97][30/40], lr: 0.01000	Loss 0.9053 (0.9575)	Prec@1 79.688 (75.277)	Prec@5 95.312 (94.985)
Epoch [97] Training Results: Prec@1 74.660 Prec@5 94.780             Loss 0.97162
Epoch [97] Training Class Recall: [0.863,0.500,0.528,0.633,0.626,0.799,0.790,0.750,0.783,0.823]

Epoch: [98][0/40], lr: 0.01000	Loss 0.8387 (0.8387)	Prec@1 79.688 (79.688)	Prec@5 96.094 (96.094)
Epoch: [98][10/40], lr: 0.01000	Loss 0.8305 (0.9772)	Prec@1 79.688 (74.290)	Prec@5 96.094 (94.460)
Epoch: [98][20/40], lr: 0.01000	Loss 0.8781 (0.9674)	Prec@1 74.219 (74.479)	Prec@5 96.875 (94.866)
Epoch: [98][30/40], lr: 0.01000	Loss 0.9703 (0.9498)	Prec@1 72.656 (75.126)	Prec@5 94.531 (94.834)
Epoch [98] Training Results: Prec@1 74.920 Prec@5 94.780             Loss 0.96012
Epoch [98] Training Class Recall: [0.862,0.534,0.509,0.638,0.631,0.796,0.805,0.749,0.779,0.827]

Epoch: [99][0/40], lr: 0.01000	Loss 0.8360 (0.8360)	Prec@1 78.125 (78.125)	Prec@5 96.875 (96.875)
Epoch: [99][10/40], lr: 0.01000	Loss 0.9189 (0.9191)	Prec@1 75.781 (75.497)	Prec@5 94.531 (95.597)
Epoch: [99][20/40], lr: 0.01000	Loss 0.9225 (0.9375)	Prec@1 74.219 (75.149)	Prec@5 95.312 (95.499)
Epoch: [99][30/40], lr: 0.01000	Loss 0.8483 (0.9319)	Prec@1 77.344 (75.605)	Prec@5 97.656 (95.287)
Epoch [99] Training Results: Prec@1 75.780 Prec@5 95.260             Loss 0.93009
Epoch [99] Training Class Recall: [0.865,0.548,0.532,0.651,0.640,0.808,0.802,0.776,0.779,0.829]

Epoch: [100][0/40], lr: 0.01000	Loss 0.9458 (0.9458)	Prec@1 75.000 (75.000)	Prec@5 97.656 (97.656)
Epoch: [100][10/40], lr: 0.01000	Loss 0.9376 (0.9725)	Prec@1 77.344 (74.645)	Prec@5 94.531 (95.526)
Epoch: [100][20/40], lr: 0.01000	Loss 0.8856 (0.9287)	Prec@1 75.781 (75.967)	Prec@5 96.094 (95.387)
Epoch: [100][30/40], lr: 0.01000	Loss 0.7945 (0.9123)	Prec@1 80.469 (76.210)	Prec@5 94.531 (95.615)
Epoch [100] Training Results: Prec@1 76.400 Prec@5 95.560             Loss 0.90667
Epoch [100] Training Class Recall: [0.872,0.545,0.543,0.669,0.657,0.815,0.809,0.778,0.783,0.826]

Epoch: [101][0/40], lr: 0.01000	Loss 0.7399 (0.7399)	Prec@1 82.812 (82.812)	Prec@5 95.312 (95.312)
Epoch: [101][10/40], lr: 0.01000	Loss 0.9328 (0.8913)	Prec@1 73.438 (76.136)	Prec@5 94.531 (95.881)
Epoch: [101][20/40], lr: 0.01000	Loss 0.9181 (0.9061)	Prec@1 78.125 (76.376)	Prec@5 97.656 (95.536)
Epoch: [101][30/40], lr: 0.01000	Loss 0.8992 (0.9107)	Prec@1 76.562 (76.109)	Prec@5 98.438 (95.766)
Epoch [101] Training Results: Prec@1 76.300 Prec@5 95.820             Loss 0.89908
Epoch [101] Training Class Recall: [0.868,0.538,0.543,0.664,0.660,0.815,0.813,0.776,0.783,0.826]

Epoch: [102][0/40], lr: 0.01000	Loss 0.9318 (0.9318)	Prec@1 75.781 (75.781)	Prec@5 97.656 (97.656)
Epoch: [102][10/40], lr: 0.01000	Loss 0.9496 (0.9113)	Prec@1 75.781 (76.420)	Prec@5 89.844 (95.455)
Epoch: [102][20/40], lr: 0.01000	Loss 1.0228 (0.8862)	Prec@1 73.438 (77.083)	Prec@5 96.094 (95.759)
Epoch: [102][30/40], lr: 0.01000	Loss 0.8590 (0.9018)	Prec@1 75.781 (76.537)	Prec@5 99.219 (95.439)
Epoch [102] Training Results: Prec@1 76.240 Prec@5 95.440             Loss 0.91073
Epoch [102] Training Class Recall: [0.873,0.541,0.551,0.676,0.660,0.806,0.796,0.778,0.783,0.823]

Epoch: [103][0/40], lr: 0.01000	Loss 0.8821 (0.8821)	Prec@1 75.000 (75.000)	Prec@5 96.094 (96.094)
Epoch: [103][10/40], lr: 0.01000	Loss 0.9295 (0.8949)	Prec@1 75.781 (76.705)	Prec@5 96.875 (95.597)
Epoch: [103][20/40], lr: 0.01000	Loss 0.8877 (0.9174)	Prec@1 75.781 (75.744)	Prec@5 95.312 (95.461)
Epoch: [103][30/40], lr: 0.01000	Loss 0.9884 (0.9042)	Prec@1 74.219 (75.781)	Prec@5 96.875 (95.665)
Epoch [103] Training Results: Prec@1 75.980 Prec@5 95.380             Loss 0.90853
Epoch [103] Training Class Recall: [0.869,0.514,0.558,0.655,0.637,0.815,0.800,0.778,0.785,0.829]

Epoch: [104][0/40], lr: 0.01000	Loss 0.8666 (0.8666)	Prec@1 75.781 (75.781)	Prec@5 94.531 (94.531)
Epoch: [104][10/40], lr: 0.01000	Loss 0.8954 (0.9074)	Prec@1 77.344 (75.781)	Prec@5 98.438 (96.449)
Epoch: [104][20/40], lr: 0.01000	Loss 0.9842 (0.9324)	Prec@1 75.000 (74.926)	Prec@5 96.875 (95.796)
Epoch: [104][30/40], lr: 0.01000	Loss 0.9628 (0.9202)	Prec@1 76.562 (75.479)	Prec@5 96.094 (95.741)
Epoch [104] Training Results: Prec@1 76.040 Prec@5 95.760             Loss 0.90700
Epoch [104] Training Class Recall: [0.862,0.541,0.562,0.676,0.649,0.812,0.805,0.772,0.789,0.810]

Epoch: [105][0/40], lr: 0.01000	Loss 0.9076 (0.9076)	Prec@1 74.219 (74.219)	Prec@5 95.312 (95.312)
Epoch: [105][10/40], lr: 0.01000	Loss 1.1058 (0.9576)	Prec@1 66.406 (74.361)	Prec@5 91.406 (94.957)
Epoch: [105][20/40], lr: 0.01000	Loss 0.8680 (0.9286)	Prec@1 77.344 (75.372)	Prec@5 95.312 (95.238)
Epoch: [105][30/40], lr: 0.01000	Loss 0.9580 (0.9283)	Prec@1 74.219 (75.529)	Prec@5 94.531 (95.312)
Epoch [105] Training Results: Prec@1 75.380 Prec@5 95.180             Loss 0.93604
Epoch [105] Training Class Recall: [0.863,0.538,0.569,0.629,0.640,0.788,0.809,0.772,0.781,0.821]

Epoch: [106][0/40], lr: 0.01000	Loss 1.0257 (1.0257)	Prec@1 68.750 (68.750)	Prec@5 92.188 (92.188)
Epoch: [106][10/40], lr: 0.01000	Loss 0.8451 (0.9214)	Prec@1 79.688 (75.000)	Prec@5 96.094 (94.957)
Epoch: [106][20/40], lr: 0.01000	Loss 0.6767 (0.9163)	Prec@1 84.375 (75.298)	Prec@5 94.531 (95.238)
Epoch: [106][30/40], lr: 0.01000	Loss 0.8083 (0.9017)	Prec@1 81.250 (76.285)	Prec@5 95.312 (95.312)
Epoch [106] Training Results: Prec@1 75.980 Prec@5 95.280             Loss 0.90988
Epoch [106] Training Class Recall: [0.866,0.528,0.566,0.669,0.631,0.806,0.809,0.778,0.791,0.817]

Epoch: [107][0/40], lr: 0.01000	Loss 0.7347 (0.7347)	Prec@1 80.469 (80.469)	Prec@5 98.438 (98.438)
Epoch: [107][10/40], lr: 0.01000	Loss 1.1173 (0.9754)	Prec@1 69.531 (73.509)	Prec@5 94.531 (94.886)
Epoch: [107][20/40], lr: 0.01000	Loss 1.1664 (1.0262)	Prec@1 66.406 (72.098)	Prec@5 95.312 (94.271)
Epoch: [107][30/40], lr: 0.01000	Loss 0.7838 (1.0016)	Prec@1 82.812 (73.185)	Prec@5 92.969 (94.380)
Epoch [107] Training Results: Prec@1 73.580 Prec@5 94.380             Loss 0.99667
Epoch [107] Training Class Recall: [0.854,0.421,0.487,0.595,0.611,0.799,0.796,0.768,0.779,0.823]

Epoch: [108][0/40], lr: 0.01000	Loss 0.7771 (0.7771)	Prec@1 78.906 (78.906)	Prec@5 96.094 (96.094)
Epoch: [108][10/40], lr: 0.01000	Loss 0.8953 (0.9748)	Prec@1 77.344 (73.438)	Prec@5 99.219 (94.886)
Epoch: [108][20/40], lr: 0.01000	Loss 0.9323 (0.9549)	Prec@1 71.875 (74.256)	Prec@5 92.969 (95.126)
Epoch: [108][30/40], lr: 0.01000	Loss 1.0457 (0.9573)	Prec@1 71.875 (74.244)	Prec@5 93.750 (95.035)
Epoch [108] Training Results: Prec@1 74.760 Prec@5 94.980             Loss 0.94904
Epoch [108] Training Class Recall: [0.855,0.483,0.509,0.642,0.640,0.811,0.782,0.766,0.789,0.820]

Epoch: [109][0/40], lr: 0.01000	Loss 0.6967 (0.6967)	Prec@1 81.250 (81.250)	Prec@5 97.656 (97.656)
Epoch: [109][10/40], lr: 0.01000	Loss 1.0000 (0.9194)	Prec@1 71.094 (76.065)	Prec@5 96.094 (95.526)
Epoch: [109][20/40], lr: 0.01000	Loss 0.9832 (0.9211)	Prec@1 75.000 (75.930)	Prec@5 93.750 (95.424)
Epoch: [109][30/40], lr: 0.01000	Loss 0.8453 (0.9235)	Prec@1 78.906 (76.033)	Prec@5 97.656 (95.262)
Epoch [109] Training Results: Prec@1 75.820 Prec@5 95.160             Loss 0.92547
Epoch [109] Training Class Recall: [0.862,0.528,0.536,0.651,0.663,0.809,0.819,0.764,0.779,0.826]

Epoch: [110][0/40], lr: 0.01000	Loss 0.7179 (0.7179)	Prec@1 80.469 (80.469)	Prec@5 96.094 (96.094)
Epoch: [110][10/40], lr: 0.01000	Loss 0.8706 (0.8745)	Prec@1 76.562 (76.989)	Prec@5 96.094 (95.952)
Epoch: [110][20/40], lr: 0.01000	Loss 0.7055 (0.8776)	Prec@1 81.250 (76.897)	Prec@5 96.875 (96.057)
Epoch: [110][30/40], lr: 0.01000	Loss 0.8754 (0.9089)	Prec@1 75.000 (76.084)	Prec@5 98.438 (95.842)
Epoch [110] Training Results: Prec@1 76.220 Prec@5 95.680             Loss 0.90363
Epoch [110] Training Class Recall: [0.868,0.555,0.558,0.649,0.660,0.818,0.805,0.768,0.783,0.826]

Epoch: [111][0/40], lr: 0.01000	Loss 0.8712 (0.8712)	Prec@1 76.562 (76.562)	Prec@5 99.219 (99.219)
Epoch: [111][10/40], lr: 0.01000	Loss 0.9605 (0.9160)	Prec@1 73.438 (74.787)	Prec@5 96.094 (96.520)
Epoch: [111][20/40], lr: 0.01000	Loss 0.9250 (0.9396)	Prec@1 73.438 (74.591)	Prec@5 95.312 (95.871)
Epoch: [111][30/40], lr: 0.01000	Loss 0.8083 (0.9221)	Prec@1 78.906 (75.580)	Prec@5 96.094 (95.766)
Epoch [111] Training Results: Prec@1 75.900 Prec@5 95.860             Loss 0.91470
Epoch [111] Training Class Recall: [0.851,0.528,0.547,0.682,0.643,0.815,0.802,0.782,0.783,0.820]

Epoch: [112][0/40], lr: 0.01000	Loss 0.7630 (0.7630)	Prec@1 79.688 (79.688)	Prec@5 97.656 (97.656)
Epoch: [112][10/40], lr: 0.01000	Loss 0.9738 (0.8832)	Prec@1 74.219 (75.568)	Prec@5 95.312 (96.520)
Epoch: [112][20/40], lr: 0.01000	Loss 0.8609 (0.9094)	Prec@1 77.344 (74.814)	Prec@5 96.094 (95.833)
Epoch: [112][30/40], lr: 0.01000	Loss 0.7832 (0.9131)	Prec@1 76.562 (75.076)	Prec@5 99.219 (95.968)
Epoch [112] Training Results: Prec@1 75.800 Prec@5 95.900             Loss 0.89690
Epoch [112] Training Class Recall: [0.839,0.528,0.532,0.676,0.657,0.814,0.813,0.784,0.783,0.823]

Epoch: [113][0/40], lr: 0.01000	Loss 0.8315 (0.8315)	Prec@1 76.562 (76.562)	Prec@5 97.656 (97.656)
Epoch: [113][10/40], lr: 0.01000	Loss 0.9862 (0.8796)	Prec@1 72.656 (76.491)	Prec@5 97.656 (96.733)
Epoch: [113][20/40], lr: 0.01000	Loss 0.9751 (0.8888)	Prec@1 72.656 (76.228)	Prec@5 96.094 (96.205)
Epoch: [113][30/40], lr: 0.01000	Loss 1.0130 (0.8810)	Prec@1 71.094 (76.588)	Prec@5 95.312 (96.119)
Epoch [113] Training Results: Prec@1 76.600 Prec@5 96.120             Loss 0.88422
Epoch [113] Training Class Recall: [0.873,0.562,0.569,0.658,0.651,0.814,0.811,0.780,0.789,0.826]

Epoch: [114][0/40], lr: 0.01000	Loss 0.9532 (0.9532)	Prec@1 70.312 (70.312)	Prec@5 97.656 (97.656)
Epoch: [114][10/40], lr: 0.01000	Loss 0.9373 (0.9028)	Prec@1 75.000 (75.994)	Prec@5 93.750 (95.312)
Epoch: [114][20/40], lr: 0.01000	Loss 0.9701 (0.9188)	Prec@1 73.438 (76.004)	Prec@5 94.531 (95.126)
Epoch: [114][30/40], lr: 0.01000	Loss 0.8486 (0.9106)	Prec@1 76.562 (75.832)	Prec@5 94.531 (95.413)
Epoch [114] Training Results: Prec@1 76.060 Prec@5 95.620             Loss 0.90305
Epoch [114] Training Class Recall: [0.862,0.548,0.562,0.660,0.651,0.811,0.798,0.770,0.793,0.823]

Epoch: [115][0/40], lr: 0.01000	Loss 0.8617 (0.8617)	Prec@1 75.781 (75.781)	Prec@5 96.875 (96.875)
Epoch: [115][10/40], lr: 0.01000	Loss 0.7106 (0.9208)	Prec@1 82.812 (75.710)	Prec@5 96.875 (95.384)
Epoch: [115][20/40], lr: 0.01000	Loss 1.0273 (0.9210)	Prec@1 73.438 (76.079)	Prec@5 96.094 (95.387)
Epoch: [115][30/40], lr: 0.01000	Loss 1.1149 (0.9152)	Prec@1 68.750 (76.008)	Prec@5 95.312 (95.565)
Epoch [115] Training Results: Prec@1 75.960 Prec@5 95.460             Loss 0.91690
Epoch [115] Training Class Recall: [0.860,0.448,0.562,0.662,0.637,0.823,0.813,0.780,0.801,0.832]

Epoch: [116][0/40], lr: 0.01000	Loss 0.9340 (0.9340)	Prec@1 74.219 (74.219)	Prec@5 96.094 (96.094)
Epoch: [116][10/40], lr: 0.01000	Loss 0.9672 (0.9916)	Prec@1 75.000 (72.727)	Prec@5 96.094 (94.673)
Epoch: [116][20/40], lr: 0.01000	Loss 0.9547 (0.9648)	Prec@1 75.000 (73.586)	Prec@5 96.094 (94.754)
Epoch: [116][30/40], lr: 0.01000	Loss 1.0681 (0.9740)	Prec@1 75.000 (73.664)	Prec@5 92.969 (94.582)
Epoch [116] Training Results: Prec@1 74.040 Prec@5 94.780             Loss 0.96425
Epoch [116] Training Class Recall: [0.844,0.493,0.536,0.602,0.600,0.796,0.805,0.766,0.779,0.818]

Epoch: [117][0/40], lr: 0.01000	Loss 0.7781 (0.7781)	Prec@1 81.250 (81.250)	Prec@5 94.531 (94.531)
Epoch: [117][10/40], lr: 0.01000	Loss 0.8412 (0.9028)	Prec@1 76.562 (75.568)	Prec@5 95.312 (95.668)
Epoch: [117][20/40], lr: 0.01000	Loss 0.9059 (0.8868)	Prec@1 74.219 (75.670)	Prec@5 96.094 (95.647)
Epoch: [117][30/40], lr: 0.01000	Loss 0.7836 (0.9003)	Prec@1 82.031 (75.630)	Prec@5 93.750 (95.312)
Epoch [117] Training Results: Prec@1 75.800 Prec@5 95.280             Loss 0.89971
Epoch [117] Training Class Recall: [0.853,0.538,0.551,0.660,0.651,0.811,0.796,0.774,0.789,0.826]

Epoch: [118][0/40], lr: 0.01000	Loss 0.8269 (0.8269)	Prec@1 80.469 (80.469)	Prec@5 96.875 (96.875)
Epoch: [118][10/40], lr: 0.01000	Loss 0.9458 (0.9190)	Prec@1 74.219 (75.284)	Prec@5 92.188 (95.597)
Epoch: [118][20/40], lr: 0.01000	Loss 0.7564 (0.9538)	Prec@1 82.031 (74.702)	Prec@5 96.094 (95.015)
Epoch: [118][30/40], lr: 0.01000	Loss 0.9509 (0.9446)	Prec@1 76.562 (74.899)	Prec@5 95.312 (94.960)
Epoch [118] Training Results: Prec@1 75.560 Prec@5 95.200             Loss 0.92669
Epoch [118] Training Class Recall: [0.873,0.452,0.551,0.660,0.611,0.811,0.821,0.790,0.781,0.817]

Epoch: [119][0/40], lr: 0.01000	Loss 0.7487 (0.7487)	Prec@1 81.250 (81.250)	Prec@5 92.969 (92.969)
Epoch: [119][10/40], lr: 0.01000	Loss 0.9766 (0.8810)	Prec@1 76.562 (75.923)	Prec@5 95.312 (95.597)
Epoch: [119][20/40], lr: 0.01000	Loss 0.8448 (0.8897)	Prec@1 79.688 (76.153)	Prec@5 95.312 (95.796)
Epoch: [119][30/40], lr: 0.01000	Loss 0.8452 (0.9004)	Prec@1 78.906 (75.932)	Prec@5 93.750 (95.817)
Epoch [119] Training Results: Prec@1 75.740 Prec@5 95.860             Loss 0.90219
Epoch [119] Training Class Recall: [0.838,0.548,0.566,0.667,0.649,0.806,0.809,0.776,0.779,0.827]

Epoch: [120][0/40], lr: 0.01000	Loss 0.8860 (0.8860)	Prec@1 75.000 (75.000)	Prec@5 96.094 (96.094)
Epoch: [120][10/40], lr: 0.01000	Loss 1.0166 (0.9319)	Prec@1 70.312 (74.716)	Prec@5 95.312 (95.099)
Epoch: [120][20/40], lr: 0.01000	Loss 0.9044 (0.9207)	Prec@1 74.219 (75.074)	Prec@5 96.094 (95.461)
Epoch: [120][30/40], lr: 0.01000	Loss 1.0664 (0.8993)	Prec@1 71.875 (75.832)	Prec@5 94.531 (95.691)
Epoch [120] Training Results: Prec@1 75.700 Prec@5 95.260             Loss 0.90977
Epoch [120] Training Class Recall: [0.868,0.524,0.558,0.633,0.651,0.797,0.805,0.784,0.785,0.823]

Epoch: [121][0/40], lr: 0.01000	Loss 0.7671 (0.7671)	Prec@1 75.781 (75.781)	Prec@5 98.438 (98.438)
Epoch: [121][10/40], lr: 0.01000	Loss 0.9077 (0.9092)	Prec@1 75.781 (75.710)	Prec@5 96.875 (94.673)
Epoch: [121][20/40], lr: 0.01000	Loss 0.9923 (0.9031)	Prec@1 75.000 (75.967)	Prec@5 95.312 (95.312)
Epoch: [121][30/40], lr: 0.01000	Loss 0.9488 (0.8945)	Prec@1 75.781 (75.983)	Prec@5 96.875 (95.514)
Epoch [121] Training Results: Prec@1 76.120 Prec@5 95.520             Loss 0.89233
Epoch [121] Training Class Recall: [0.865,0.555,0.551,0.647,0.669,0.814,0.800,0.780,0.781,0.823]

Epoch: [122][0/40], lr: 0.01000	Loss 0.9830 (0.9830)	Prec@1 73.438 (73.438)	Prec@5 94.531 (94.531)
Epoch: [122][10/40], lr: 0.01000	Loss 0.8558 (0.8661)	Prec@1 75.781 (76.420)	Prec@5 96.875 (96.236)
Epoch: [122][20/40], lr: 0.01000	Loss 0.9122 (0.8226)	Prec@1 73.438 (77.827)	Prec@5 96.094 (96.503)
Epoch: [122][30/40], lr: 0.01000	Loss 0.9443 (0.8367)	Prec@1 77.344 (77.520)	Prec@5 94.531 (96.295)
Epoch [122] Training Results: Prec@1 76.440 Prec@5 96.120             Loss 0.87194
Epoch [122] Training Class Recall: [0.865,0.534,0.566,0.658,0.643,0.821,0.815,0.782,0.797,0.824]

Epoch: [123][0/40], lr: 0.01000	Loss 0.9786 (0.9786)	Prec@1 71.875 (71.875)	Prec@5 94.531 (94.531)
Epoch: [123][10/40], lr: 0.01000	Loss 0.8125 (0.8190)	Prec@1 74.219 (76.918)	Prec@5 97.656 (96.946)
Epoch: [123][20/40], lr: 0.01000	Loss 0.7231 (0.8276)	Prec@1 80.469 (77.195)	Prec@5 97.656 (96.615)
Epoch: [123][30/40], lr: 0.01000	Loss 1.0490 (0.8660)	Prec@1 71.875 (76.512)	Prec@5 96.875 (96.195)
Epoch [123] Training Results: Prec@1 76.320 Prec@5 96.140             Loss 0.87576
Epoch [123] Training Class Recall: [0.866,0.538,0.528,0.673,0.680,0.817,0.813,0.774,0.773,0.827]

Epoch: [124][0/40], lr: 0.01000	Loss 0.7583 (0.7583)	Prec@1 80.469 (80.469)	Prec@5 96.094 (96.094)
Epoch: [124][10/40], lr: 0.01000	Loss 0.9453 (1.1028)	Prec@1 73.438 (69.176)	Prec@5 94.531 (93.111)
Epoch: [124][20/40], lr: 0.01000	Loss 1.0318 (1.0621)	Prec@1 73.438 (70.759)	Prec@5 96.875 (93.638)
Epoch: [124][30/40], lr: 0.01000	Loss 0.8342 (1.0095)	Prec@1 79.688 (72.908)	Prec@5 96.094 (94.002)
Epoch [124] Training Results: Prec@1 73.320 Prec@5 94.100             Loss 0.99957
Epoch [124] Training Class Recall: [0.865,0.486,0.468,0.575,0.574,0.793,0.784,0.768,0.769,0.824]

Epoch: [125][0/40], lr: 0.01000	Loss 0.7752 (0.7752)	Prec@1 83.594 (83.594)	Prec@5 96.094 (96.094)
Epoch: [125][10/40], lr: 0.01000	Loss 0.9725 (1.0666)	Prec@1 74.219 (71.520)	Prec@5 93.750 (92.969)
Epoch: [125][20/40], lr: 0.01000	Loss 1.0222 (1.0322)	Prec@1 71.094 (72.731)	Prec@5 96.094 (93.862)
Epoch: [125][30/40], lr: 0.01000	Loss 1.0061 (1.0100)	Prec@1 74.219 (73.538)	Prec@5 95.312 (94.052)
Epoch [125] Training Results: Prec@1 73.800 Prec@5 94.220             Loss 1.00229
Epoch [125] Training Class Recall: [0.836,0.503,0.479,0.588,0.634,0.803,0.796,0.762,0.783,0.818]

Epoch: [126][0/40], lr: 0.01000	Loss 0.9642 (0.9642)	Prec@1 71.875 (71.875)	Prec@5 96.094 (96.094)
Epoch: [126][10/40], lr: 0.01000	Loss 1.0257 (0.9342)	Prec@1 71.094 (74.219)	Prec@5 95.312 (95.384)
Epoch: [126][20/40], lr: 0.01000	Loss 0.8857 (0.9553)	Prec@1 78.125 (74.293)	Prec@5 96.094 (95.201)
Epoch: [126][30/40], lr: 0.01000	Loss 0.9883 (0.9304)	Prec@1 75.781 (75.151)	Prec@5 94.531 (95.161)
Epoch [126] Training Results: Prec@1 75.380 Prec@5 95.220             Loss 0.92336
Epoch [126] Training Class Recall: [0.867,0.559,0.543,0.631,0.626,0.805,0.788,0.782,0.773,0.821]

Epoch: [127][0/40], lr: 0.01000	Loss 0.8336 (0.8336)	Prec@1 76.562 (76.562)	Prec@5 97.656 (97.656)
Epoch: [127][10/40], lr: 0.01000	Loss 0.8337 (0.8307)	Prec@1 78.906 (78.764)	Prec@5 98.438 (97.159)
Epoch: [127][20/40], lr: 0.01000	Loss 0.9225 (0.8731)	Prec@1 77.344 (77.269)	Prec@5 93.750 (96.615)
Epoch: [127][30/40], lr: 0.01000	Loss 0.8529 (0.8757)	Prec@1 78.906 (76.991)	Prec@5 93.750 (96.069)
Epoch [127] Training Results: Prec@1 76.700 Prec@5 96.000             Loss 0.88128
Epoch [127] Training Class Recall: [0.871,0.538,0.581,0.694,0.666,0.806,0.811,0.782,0.783,0.821]

Epoch: [128][0/40], lr: 0.01000	Loss 0.8981 (0.8981)	Prec@1 75.781 (75.781)	Prec@5 96.094 (96.094)
Epoch: [128][10/40], lr: 0.01000	Loss 0.9505 (1.0110)	Prec@1 74.219 (71.733)	Prec@5 93.750 (94.673)
Epoch: [128][20/40], lr: 0.01000	Loss 0.8873 (0.9774)	Prec@1 74.219 (73.512)	Prec@5 96.094 (94.829)
Epoch: [128][30/40], lr: 0.01000	Loss 0.8535 (0.9367)	Prec@1 79.688 (75.025)	Prec@5 96.875 (95.161)
Epoch [128] Training Results: Prec@1 75.140 Prec@5 94.900             Loss 0.93626
Epoch [128] Training Class Recall: [0.839,0.514,0.554,0.626,0.660,0.814,0.807,0.770,0.771,0.826]

Epoch: [129][0/40], lr: 0.01000	Loss 0.8225 (0.8225)	Prec@1 78.906 (78.906)	Prec@5 96.094 (96.094)
Epoch: [129][10/40], lr: 0.01000	Loss 1.0965 (0.8909)	Prec@1 70.312 (76.562)	Prec@5 92.969 (95.526)
Epoch: [129][20/40], lr: 0.01000	Loss 0.8477 (0.8836)	Prec@1 77.344 (76.711)	Prec@5 98.438 (95.982)
Epoch: [129][30/40], lr: 0.01000	Loss 0.7868 (0.8988)	Prec@1 77.344 (76.260)	Prec@5 99.219 (95.590)
Epoch [129] Training Results: Prec@1 76.140 Prec@5 95.660             Loss 0.89317
Epoch [129] Training Class Recall: [0.871,0.534,0.528,0.671,0.634,0.825,0.807,0.778,0.787,0.818]

Epoch: [130][0/40], lr: 0.01000	Loss 0.8177 (0.8177)	Prec@1 78.125 (78.125)	Prec@5 96.094 (96.094)
Epoch: [130][10/40], lr: 0.01000	Loss 0.8679 (0.9468)	Prec@1 79.688 (73.935)	Prec@5 99.219 (94.957)
Epoch: [130][20/40], lr: 0.01000	Loss 1.0470 (0.9655)	Prec@1 71.875 (73.996)	Prec@5 96.875 (95.089)
Epoch: [130][30/40], lr: 0.01000	Loss 0.7763 (0.9481)	Prec@1 81.250 (74.849)	Prec@5 96.094 (95.212)
Epoch [130] Training Results: Prec@1 75.200 Prec@5 95.200             Loss 0.93542
Epoch [130] Training Class Recall: [0.848,0.514,0.581,0.644,0.660,0.812,0.763,0.778,0.791,0.809]

Epoch: [131][0/40], lr: 0.01000	Loss 0.8849 (0.8849)	Prec@1 74.219 (74.219)	Prec@5 98.438 (98.438)
Epoch: [131][10/40], lr: 0.01000	Loss 1.0229 (0.9290)	Prec@1 72.656 (74.290)	Prec@5 94.531 (95.312)
Epoch: [131][20/40], lr: 0.01000	Loss 0.8070 (0.9173)	Prec@1 78.906 (75.074)	Prec@5 94.531 (95.312)
Epoch: [131][30/40], lr: 0.01000	Loss 1.1230 (0.9196)	Prec@1 70.312 (74.975)	Prec@5 89.844 (95.186)
Epoch [131] Training Results: Prec@1 75.580 Prec@5 95.220             Loss 0.90779
Epoch [131] Training Class Recall: [0.866,0.548,0.539,0.655,0.634,0.808,0.790,0.772,0.773,0.826]

Epoch: [132][0/40], lr: 0.01000	Loss 0.7509 (0.7509)	Prec@1 80.469 (80.469)	Prec@5 96.875 (96.875)
Epoch: [132][10/40], lr: 0.01000	Loss 0.9655 (0.8436)	Prec@1 72.656 (77.841)	Prec@5 95.312 (96.875)
Epoch: [132][20/40], lr: 0.01000	Loss 0.9307 (0.8539)	Prec@1 72.656 (77.344)	Prec@5 96.094 (96.168)
Epoch: [132][30/40], lr: 0.01000	Loss 0.9554 (0.8832)	Prec@1 78.906 (76.537)	Prec@5 94.531 (95.817)
Epoch [132] Training Results: Prec@1 76.540 Prec@5 95.900             Loss 0.88422
Epoch [132] Training Class Recall: [0.861,0.559,0.539,0.678,0.671,0.812,0.821,0.774,0.789,0.824]

Epoch: [133][0/40], lr: 0.01000	Loss 0.9940 (0.9940)	Prec@1 72.656 (72.656)	Prec@5 92.188 (92.188)
Epoch: [133][10/40], lr: 0.01000	Loss 0.9631 (0.9034)	Prec@1 72.656 (75.000)	Prec@5 95.312 (95.739)
Epoch: [133][20/40], lr: 0.01000	Loss 0.8453 (0.8517)	Prec@1 75.781 (76.786)	Prec@5 96.875 (96.094)
Epoch: [133][30/40], lr: 0.01000	Loss 0.8751 (0.8687)	Prec@1 78.125 (76.285)	Prec@5 96.875 (96.144)
Epoch [133] Training Results: Prec@1 76.080 Prec@5 95.980             Loss 0.87742
Epoch [133] Training Class Recall: [0.861,0.541,0.539,0.647,0.646,0.815,0.815,0.784,0.783,0.831]

Epoch: [134][0/40], lr: 0.01000	Loss 0.7275 (0.7275)	Prec@1 82.031 (82.031)	Prec@5 96.094 (96.094)
Epoch: [134][10/40], lr: 0.01000	Loss 0.8721 (0.8497)	Prec@1 76.562 (76.847)	Prec@5 96.094 (96.307)
Epoch: [134][20/40], lr: 0.01000	Loss 0.7782 (0.8594)	Prec@1 80.469 (76.451)	Prec@5 96.875 (96.652)
Epoch: [134][30/40], lr: 0.01000	Loss 0.8362 (0.8839)	Prec@1 76.562 (76.134)	Prec@5 96.094 (96.094)
Epoch [134] Training Results: Prec@1 75.820 Prec@5 95.620             Loss 0.90119
Epoch [134] Training Class Recall: [0.848,0.562,0.528,0.667,0.634,0.805,0.817,0.778,0.791,0.823]

Epoch: [135][0/40], lr: 0.01000	Loss 0.9790 (0.9790)	Prec@1 73.438 (73.438)	Prec@5 96.094 (96.094)
Epoch: [135][10/40], lr: 0.01000	Loss 0.8390 (0.9840)	Prec@1 75.781 (72.159)	Prec@5 95.312 (94.886)
Epoch: [135][20/40], lr: 0.01000	Loss 0.8719 (0.9354)	Prec@1 76.562 (73.996)	Prec@5 97.656 (95.164)
Epoch: [135][30/40], lr: 0.01000	Loss 0.8978 (0.9411)	Prec@1 72.656 (74.093)	Prec@5 96.875 (95.237)
Epoch [135] Training Results: Prec@1 74.840 Prec@5 95.460             Loss 0.91791
Epoch [135] Training Class Recall: [0.849,0.559,0.524,0.626,0.611,0.791,0.798,0.768,0.785,0.829]

Epoch: [136][0/40], lr: 0.01000	Loss 0.9004 (0.9004)	Prec@1 72.656 (72.656)	Prec@5 96.094 (96.094)
Epoch: [136][10/40], lr: 0.01000	Loss 1.0507 (0.8756)	Prec@1 71.875 (76.278)	Prec@5 92.188 (95.881)
Epoch: [136][20/40], lr: 0.01000	Loss 0.9030 (0.8796)	Prec@1 75.781 (76.414)	Prec@5 96.094 (95.833)
Epoch: [136][30/40], lr: 0.01000	Loss 1.1103 (0.9066)	Prec@1 70.312 (75.756)	Prec@5 92.188 (95.539)
Epoch [136] Training Results: Prec@1 75.700 Prec@5 95.640             Loss 0.90553
Epoch [136] Training Class Recall: [0.861,0.541,0.521,0.678,0.629,0.797,0.811,0.776,0.783,0.824]

Epoch: [137][0/40], lr: 0.01000	Loss 0.8021 (0.8021)	Prec@1 77.344 (77.344)	Prec@5 96.875 (96.875)
Epoch: [137][10/40], lr: 0.01000	Loss 0.8247 (0.8460)	Prec@1 76.562 (75.781)	Prec@5 96.094 (96.307)
Epoch: [137][20/40], lr: 0.01000	Loss 0.7742 (0.8537)	Prec@1 78.125 (76.042)	Prec@5 96.875 (95.871)
Epoch: [137][30/40], lr: 0.01000	Loss 0.9750 (0.8434)	Prec@1 74.219 (76.663)	Prec@5 94.531 (96.195)
Epoch [137] Training Results: Prec@1 76.340 Prec@5 96.160             Loss 0.85579
Epoch [137] Training Class Recall: [0.853,0.541,0.569,0.673,0.654,0.821,0.809,0.784,0.779,0.827]

Epoch: [138][0/40], lr: 0.01000	Loss 1.0120 (1.0120)	Prec@1 75.781 (75.781)	Prec@5 96.875 (96.875)
Epoch: [138][10/40], lr: 0.01000	Loss 0.9755 (0.9475)	Prec@1 74.219 (73.722)	Prec@5 94.531 (95.668)
Epoch: [138][20/40], lr: 0.01000	Loss 0.7960 (0.9239)	Prec@1 78.906 (74.851)	Prec@5 96.875 (95.796)
Epoch: [138][30/40], lr: 0.01000	Loss 0.8208 (0.9114)	Prec@1 79.688 (75.353)	Prec@5 94.531 (95.615)
Epoch [138] Training Results: Prec@1 75.680 Prec@5 95.760             Loss 0.90147
Epoch [138] Training Class Recall: [0.837,0.548,0.573,0.622,0.654,0.799,0.821,0.786,0.797,0.826]

Epoch: [139][0/40], lr: 0.01000	Loss 0.7772 (0.7772)	Prec@1 80.469 (80.469)	Prec@5 96.875 (96.875)
Epoch: [139][10/40], lr: 0.01000	Loss 0.9545 (0.8764)	Prec@1 75.781 (75.639)	Prec@5 92.969 (96.520)
Epoch: [139][20/40], lr: 0.01000	Loss 1.0132 (0.8950)	Prec@1 70.312 (75.670)	Prec@5 95.312 (95.499)
Epoch: [139][30/40], lr: 0.01000	Loss 0.9715 (0.9060)	Prec@1 74.219 (75.731)	Prec@5 94.531 (95.615)
Epoch [139] Training Results: Prec@1 75.720 Prec@5 95.800             Loss 0.90239
Epoch [139] Training Class Recall: [0.855,0.548,0.551,0.658,0.660,0.800,0.800,0.784,0.769,0.824]

Epoch: [140][0/40], lr: 0.01000	Loss 0.6951 (0.6951)	Prec@1 81.250 (81.250)	Prec@5 97.656 (97.656)
Epoch: [140][10/40], lr: 0.01000	Loss 0.8574 (0.8793)	Prec@1 80.469 (76.349)	Prec@5 96.875 (95.881)
Epoch: [140][20/40], lr: 0.01000	Loss 0.8833 (0.8985)	Prec@1 75.000 (75.893)	Prec@5 96.875 (95.536)
Epoch: [140][30/40], lr: 0.01000	Loss 0.8371 (0.9141)	Prec@1 75.000 (75.302)	Prec@5 98.438 (95.312)
Epoch [140] Training Results: Prec@1 75.180 Prec@5 95.340             Loss 0.92569
Epoch [140] Training Class Recall: [0.844,0.503,0.498,0.678,0.634,0.805,0.802,0.776,0.779,0.831]

Epoch: [141][0/40], lr: 0.01000	Loss 1.0433 (1.0433)	Prec@1 71.094 (71.094)	Prec@5 94.531 (94.531)
Epoch: [141][10/40], lr: 0.01000	Loss 0.9324 (0.9570)	Prec@1 73.438 (73.509)	Prec@5 96.875 (96.023)
Epoch: [141][20/40], lr: 0.01000	Loss 0.7858 (0.9444)	Prec@1 75.000 (73.661)	Prec@5 100.000 (95.796)
Epoch: [141][30/40], lr: 0.01000	Loss 0.7800 (0.9243)	Prec@1 78.906 (74.521)	Prec@5 98.438 (95.716)
Epoch [141] Training Results: Prec@1 75.280 Prec@5 95.920             Loss 0.91081
Epoch [141] Training Class Recall: [0.853,0.545,0.446,0.671,0.669,0.814,0.794,0.752,0.787,0.826]

Epoch: [142][0/40], lr: 0.01000	Loss 0.7161 (0.7161)	Prec@1 81.250 (81.250)	Prec@5 98.438 (98.438)
Epoch: [142][10/40], lr: 0.01000	Loss 0.7104 (0.8041)	Prec@1 77.344 (77.699)	Prec@5 98.438 (96.946)
Epoch: [142][20/40], lr: 0.01000	Loss 0.9944 (0.8580)	Prec@1 74.219 (76.525)	Prec@5 92.969 (96.019)
Epoch: [142][30/40], lr: 0.01000	Loss 0.9066 (0.8540)	Prec@1 75.000 (76.840)	Prec@5 95.312 (96.094)
Epoch [142] Training Results: Prec@1 76.860 Prec@5 96.100             Loss 0.85790
Epoch [142] Training Class Recall: [0.861,0.583,0.539,0.682,0.677,0.826,0.809,0.778,0.781,0.831]

Epoch: [143][0/40], lr: 0.01000	Loss 0.7001 (0.7001)	Prec@1 78.125 (78.125)	Prec@5 97.656 (97.656)
Epoch: [143][10/40], lr: 0.01000	Loss 0.9645 (0.8100)	Prec@1 70.312 (76.776)	Prec@5 97.656 (97.301)
Epoch: [143][20/40], lr: 0.01000	Loss 0.8487 (0.8465)	Prec@1 76.562 (76.525)	Prec@5 99.219 (96.838)
Epoch: [143][30/40], lr: 0.01000	Loss 0.8196 (0.8758)	Prec@1 79.688 (75.958)	Prec@5 95.312 (96.295)
Epoch [143] Training Results: Prec@1 76.020 Prec@5 96.200             Loss 0.88040
Epoch [143] Training Class Recall: [0.859,0.497,0.536,0.680,0.646,0.811,0.813,0.778,0.793,0.831]

Epoch: [144][0/40], lr: 0.01000	Loss 0.8682 (0.8682)	Prec@1 73.438 (73.438)	Prec@5 96.875 (96.875)
Epoch: [144][10/40], lr: 0.01000	Loss 0.9465 (0.8854)	Prec@1 71.094 (74.858)	Prec@5 95.312 (96.520)
Epoch: [144][20/40], lr: 0.01000	Loss 0.7886 (0.8638)	Prec@1 77.344 (76.153)	Prec@5 95.312 (96.243)
Epoch: [144][30/40], lr: 0.01000	Loss 0.8671 (0.8656)	Prec@1 78.125 (76.386)	Prec@5 95.312 (96.169)
Epoch [144] Training Results: Prec@1 76.520 Prec@5 96.220             Loss 0.85916
Epoch [144] Training Class Recall: [0.859,0.562,0.584,0.673,0.643,0.817,0.809,0.784,0.787,0.823]

Epoch: [145][0/40], lr: 0.01000	Loss 1.0516 (1.0516)	Prec@1 71.094 (71.094)	Prec@5 96.094 (96.094)
Epoch: [145][10/40], lr: 0.01000	Loss 1.0377 (0.8439)	Prec@1 71.875 (77.273)	Prec@5 92.969 (95.952)
Epoch: [145][20/40], lr: 0.01000	Loss 0.7489 (0.8218)	Prec@1 81.250 (77.418)	Prec@5 96.875 (96.391)
Epoch: [145][30/40], lr: 0.01000	Loss 0.8707 (0.8413)	Prec@1 75.000 (76.764)	Prec@5 96.094 (96.573)
Epoch [145] Training Results: Prec@1 76.780 Prec@5 96.500             Loss 0.84346
Epoch [145] Training Class Recall: [0.871,0.572,0.566,0.658,0.660,0.815,0.813,0.782,0.795,0.826]

Epoch: [146][0/40], lr: 0.01000	Loss 0.8684 (0.8684)	Prec@1 71.875 (71.875)	Prec@5 97.656 (97.656)
Epoch: [146][10/40], lr: 0.01000	Loss 0.7438 (0.8602)	Prec@1 81.250 (75.000)	Prec@5 97.656 (96.520)
Epoch: [146][20/40], lr: 0.01000	Loss 0.9420 (0.8804)	Prec@1 73.438 (74.963)	Prec@5 93.750 (95.908)
Epoch: [146][30/40], lr: 0.01000	Loss 0.9523 (0.8763)	Prec@1 75.781 (75.554)	Prec@5 92.188 (95.892)
Epoch [146] Training Results: Prec@1 75.960 Prec@5 95.980             Loss 0.87405
Epoch [146] Training Class Recall: [0.845,0.538,0.509,0.649,0.677,0.823,0.819,0.774,0.787,0.831]

Epoch: [147][0/40], lr: 0.01000	Loss 0.8286 (0.8286)	Prec@1 75.781 (75.781)	Prec@5 94.531 (94.531)
Epoch: [147][10/40], lr: 0.01000	Loss 0.9158 (0.8813)	Prec@1 75.000 (75.284)	Prec@5 99.219 (95.881)
Epoch: [147][20/40], lr: 0.01000	Loss 0.9239 (0.8571)	Prec@1 75.000 (76.488)	Prec@5 96.875 (96.019)
Epoch: [147][30/40], lr: 0.01000	Loss 0.8992 (0.8534)	Prec@1 77.344 (76.436)	Prec@5 97.656 (96.321)
Epoch [147] Training Results: Prec@1 76.960 Prec@5 96.200             Loss 0.84739
Epoch [147] Training Class Recall: [0.841,0.576,0.573,0.687,0.677,0.828,0.815,0.782,0.789,0.835]

Epoch: [148][0/40], lr: 0.01000	Loss 0.7703 (0.7703)	Prec@1 79.688 (79.688)	Prec@5 97.656 (97.656)
Epoch: [148][10/40], lr: 0.01000	Loss 0.7629 (0.8327)	Prec@1 82.031 (76.989)	Prec@5 97.656 (96.662)
Epoch: [148][20/40], lr: 0.01000	Loss 0.9367 (0.8441)	Prec@1 74.219 (76.786)	Prec@5 95.312 (96.503)
Epoch: [148][30/40], lr: 0.01000	Loss 0.8389 (0.8426)	Prec@1 74.219 (76.714)	Prec@5 97.656 (96.421)
Epoch [148] Training Results: Prec@1 76.820 Prec@5 96.400             Loss 0.83867
Epoch [148] Training Class Recall: [0.878,0.569,0.551,0.685,0.637,0.826,0.815,0.766,0.793,0.823]

Epoch: [149][0/40], lr: 0.01000	Loss 0.8372 (0.8372)	Prec@1 77.344 (77.344)	Prec@5 92.969 (92.969)
Epoch: [149][10/40], lr: 0.01000	Loss 0.9806 (0.9501)	Prec@1 71.875 (72.301)	Prec@5 93.750 (96.094)
Epoch: [149][20/40], lr: 0.01000	Loss 0.7239 (0.9169)	Prec@1 78.906 (73.921)	Prec@5 95.312 (96.019)
Epoch: [149][30/40], lr: 0.01000	Loss 0.9943 (0.9031)	Prec@1 67.969 (74.546)	Prec@5 94.531 (95.943)
Epoch [149] Training Results: Prec@1 75.280 Prec@5 95.980             Loss 0.88933
Epoch [149] Training Class Recall: [0.851,0.531,0.539,0.662,0.626,0.788,0.790,0.776,0.797,0.827]

Epoch: [150][0/40], lr: 0.01000	Loss 0.7354 (0.7354)	Prec@1 78.125 (78.125)	Prec@5 96.094 (96.094)
Epoch: [150][10/40], lr: 0.01000	Loss 0.7961 (0.8128)	Prec@1 77.344 (76.207)	Prec@5 99.219 (97.656)
Epoch: [150][20/40], lr: 0.01000	Loss 0.7657 (0.8319)	Prec@1 78.125 (76.600)	Prec@5 98.438 (97.359)
Epoch: [150][30/40], lr: 0.01000	Loss 1.0049 (0.8475)	Prec@1 71.094 (76.613)	Prec@5 96.094 (97.026)
Epoch [150] Training Results: Prec@1 76.420 Prec@5 96.960             Loss 0.85090
Epoch [150] Training Class Recall: [0.848,0.548,0.528,0.676,0.649,0.829,0.817,0.778,0.795,0.834]

Epoch: [151][0/40], lr: 0.01000	Loss 0.8069 (0.8069)	Prec@1 78.125 (78.125)	Prec@5 97.656 (97.656)
Epoch: [151][10/40], lr: 0.01000	Loss 0.9678 (0.9700)	Prec@1 73.438 (74.077)	Prec@5 93.750 (95.526)
Epoch: [151][20/40], lr: 0.01000	Loss 0.8731 (0.9489)	Prec@1 76.562 (74.479)	Prec@5 96.875 (95.796)
Epoch: [151][30/40], lr: 0.01000	Loss 0.8644 (0.9684)	Prec@1 75.781 (74.320)	Prec@5 98.438 (95.312)
Epoch [151] Training Results: Prec@1 74.740 Prec@5 95.340             Loss 0.94836
Epoch [151] Training Class Recall: [0.842,0.552,0.509,0.642,0.597,0.811,0.809,0.766,0.771,0.821]

Epoch: [152][0/40], lr: 0.01000	Loss 0.9105 (0.9105)	Prec@1 71.875 (71.875)	Prec@5 96.875 (96.875)
Epoch: [152][10/40], lr: 0.01000	Loss 0.8366 (0.9220)	Prec@1 78.906 (74.929)	Prec@5 96.875 (96.165)
Epoch: [152][20/40], lr: 0.01000	Loss 0.9950 (0.9098)	Prec@1 71.875 (75.707)	Prec@5 96.094 (96.057)
Epoch: [152][30/40], lr: 0.01000	Loss 0.9067 (0.9258)	Prec@1 75.781 (75.403)	Prec@5 94.531 (95.665)
Epoch [152] Training Results: Prec@1 75.720 Prec@5 95.920             Loss 0.91196
Epoch [152] Training Class Recall: [0.860,0.572,0.509,0.622,0.646,0.815,0.798,0.784,0.787,0.829]

Epoch: [153][0/40], lr: 0.01000	Loss 0.8902 (0.8902)	Prec@1 74.219 (74.219)	Prec@5 96.875 (96.875)
Epoch: [153][10/40], lr: 0.01000	Loss 0.8566 (0.8561)	Prec@1 77.344 (76.349)	Prec@5 95.312 (95.739)
Epoch: [153][20/40], lr: 0.01000	Loss 0.7148 (0.8438)	Prec@1 81.250 (76.786)	Prec@5 97.656 (96.354)
Epoch: [153][30/40], lr: 0.01000	Loss 0.8293 (0.8658)	Prec@1 78.125 (76.436)	Prec@5 96.875 (96.043)
Epoch [153] Training Results: Prec@1 76.800 Prec@5 96.060             Loss 0.85471
Epoch [153] Training Class Recall: [0.865,0.531,0.599,0.664,0.660,0.821,0.819,0.778,0.791,0.831]

Epoch: [154][0/40], lr: 0.01000	Loss 0.6363 (0.6363)	Prec@1 83.594 (83.594)	Prec@5 98.438 (98.438)
Epoch: [154][10/40], lr: 0.01000	Loss 0.9567 (0.9519)	Prec@1 73.438 (74.006)	Prec@5 93.750 (95.099)
Epoch: [154][20/40], lr: 0.01000	Loss 0.9120 (0.9879)	Prec@1 72.656 (72.470)	Prec@5 96.094 (94.382)
Epoch: [154][30/40], lr: 0.01000	Loss 0.9677 (0.9821)	Prec@1 77.344 (73.185)	Prec@5 91.406 (94.506)
Epoch [154] Training Results: Prec@1 73.680 Prec@5 94.700             Loss 0.96420
Epoch [154] Training Class Recall: [0.850,0.545,0.434,0.615,0.606,0.781,0.784,0.770,0.773,0.821]

Epoch: [155][0/40], lr: 0.01000	Loss 0.7505 (0.7505)	Prec@1 77.344 (77.344)	Prec@5 99.219 (99.219)
Epoch: [155][10/40], lr: 0.01000	Loss 0.8570 (0.9313)	Prec@1 77.344 (74.361)	Prec@5 96.875 (96.165)
Epoch: [155][20/40], lr: 0.01000	Loss 0.7639 (0.9289)	Prec@1 78.125 (74.665)	Prec@5 97.656 (95.871)
Epoch: [155][30/40], lr: 0.01000	Loss 0.8336 (0.9157)	Prec@1 77.344 (75.428)	Prec@5 97.656 (95.514)
Epoch [155] Training Results: Prec@1 75.460 Prec@5 95.600             Loss 0.91837
Epoch [155] Training Class Recall: [0.861,0.534,0.584,0.613,0.651,0.793,0.805,0.778,0.779,0.826]

Epoch: [156][0/40], lr: 0.01000	Loss 1.0528 (1.0528)	Prec@1 67.188 (67.188)	Prec@5 94.531 (94.531)
Epoch: [156][10/40], lr: 0.01000	Loss 1.1211 (0.9851)	Prec@1 67.969 (71.946)	Prec@5 96.094 (95.384)
Epoch: [156][20/40], lr: 0.01000	Loss 1.0478 (0.9701)	Prec@1 71.094 (73.586)	Prec@5 96.875 (95.461)
Epoch: [156][30/40], lr: 0.01000	Loss 0.8549 (0.9512)	Prec@1 77.344 (74.420)	Prec@5 95.312 (95.439)
Epoch [156] Training Results: Prec@1 75.040 Prec@5 95.400             Loss 0.93453
Epoch [156] Training Class Recall: [0.836,0.507,0.524,0.647,0.654,0.812,0.786,0.780,0.785,0.826]

Epoch: [157][0/40], lr: 0.01000	Loss 0.7352 (0.7352)	Prec@1 79.688 (79.688)	Prec@5 94.531 (94.531)
Epoch: [157][10/40], lr: 0.01000	Loss 0.7378 (0.9169)	Prec@1 83.594 (74.929)	Prec@5 96.094 (95.455)
Epoch: [157][20/40], lr: 0.01000	Loss 0.7655 (0.9219)	Prec@1 79.688 (75.558)	Prec@5 96.094 (95.461)
Epoch: [157][30/40], lr: 0.01000	Loss 0.8759 (0.9186)	Prec@1 78.125 (75.756)	Prec@5 96.875 (95.539)
Epoch [157] Training Results: Prec@1 75.860 Prec@5 95.660             Loss 0.91557
Epoch [157] Training Class Recall: [0.844,0.548,0.573,0.676,0.674,0.787,0.796,0.782,0.787,0.824]

Epoch: [158][0/40], lr: 0.01000	Loss 0.9082 (0.9082)	Prec@1 75.781 (75.781)	Prec@5 95.312 (95.312)
Epoch: [158][10/40], lr: 0.01000	Loss 1.0048 (1.0353)	Prec@1 74.219 (71.662)	Prec@5 92.969 (94.531)
Epoch: [158][20/40], lr: 0.01000	Loss 0.9216 (1.0351)	Prec@1 75.000 (71.838)	Prec@5 93.750 (94.829)
Epoch: [158][30/40], lr: 0.01000	Loss 0.7849 (0.9919)	Prec@1 78.906 (73.362)	Prec@5 95.312 (94.909)
Epoch [158] Training Results: Prec@1 73.960 Prec@5 95.040             Loss 0.97850
Epoch [158] Training Class Recall: [0.825,0.524,0.453,0.622,0.611,0.809,0.819,0.756,0.777,0.821]

Epoch: [159][0/40], lr: 0.01000	Loss 0.8913 (0.8913)	Prec@1 76.562 (76.562)	Prec@5 96.094 (96.094)
Epoch: [159][10/40], lr: 0.01000	Loss 0.9975 (0.8914)	Prec@1 75.000 (76.705)	Prec@5 92.969 (95.739)
Epoch: [159][20/40], lr: 0.01000	Loss 0.8569 (0.8864)	Prec@1 77.344 (76.488)	Prec@5 98.438 (95.982)
Epoch: [159][30/40], lr: 0.01000	Loss 0.8678 (0.8803)	Prec@1 78.906 (76.638)	Prec@5 96.875 (95.766)
Epoch [159] Training Results: Prec@1 76.460 Prec@5 95.700             Loss 0.87927
Epoch [159] Training Class Recall: [0.867,0.548,0.562,0.658,0.677,0.818,0.800,0.778,0.787,0.824]

Epoch: [160][0/40], lr: 0.00010	Loss 0.8888 (0.8888)	Prec@1 75.781 (75.781)	Prec@5 94.531 (94.531)
Epoch: [160][10/40], lr: 0.00010	Loss 0.7745 (0.8327)	Prec@1 78.906 (77.060)	Prec@5 97.656 (97.230)
Epoch: [160][20/40], lr: 0.00010	Loss 0.9226 (0.8248)	Prec@1 75.000 (76.897)	Prec@5 92.969 (97.098)
Epoch: [160][30/40], lr: 0.00010	Loss 0.6612 (0.8110)	Prec@1 84.375 (77.470)	Prec@5 97.656 (97.051)
Epoch [160] Training Results: Prec@1 77.400 Prec@5 97.060             Loss 0.81268
Epoch [160] Training Class Recall: [0.869,0.586,0.588,0.696,0.680,0.809,0.813,0.782,0.795,0.829]

Epoch: [161][0/40], lr: 0.00010	Loss 0.9268 (0.9268)	Prec@1 73.438 (73.438)	Prec@5 98.438 (98.438)
Epoch: [161][10/40], lr: 0.00010	Loss 0.9309 (0.8548)	Prec@1 73.438 (76.065)	Prec@5 96.875 (96.875)
Epoch: [161][20/40], lr: 0.00010	Loss 0.7510 (0.8165)	Prec@1 80.469 (77.046)	Prec@5 98.438 (97.024)
Epoch: [161][30/40], lr: 0.00010	Loss 0.6500 (0.8184)	Prec@1 81.250 (76.915)	Prec@5 99.219 (97.102)
Epoch [161] Training Results: Prec@1 77.180 Prec@5 97.000             Loss 0.81034
Epoch [161] Training Class Recall: [0.865,0.579,0.603,0.685,0.671,0.811,0.817,0.780,0.791,0.827]

Epoch: [162][0/40], lr: 0.00010	Loss 0.7696 (0.7696)	Prec@1 76.562 (76.562)	Prec@5 96.875 (96.875)
Epoch: [162][10/40], lr: 0.00010	Loss 0.8331 (0.8133)	Prec@1 79.688 (77.344)	Prec@5 93.750 (96.591)
Epoch: [162][20/40], lr: 0.00010	Loss 1.0006 (0.8030)	Prec@1 67.969 (77.269)	Prec@5 95.312 (96.987)
Epoch: [162][30/40], lr: 0.00010	Loss 0.8564 (0.8044)	Prec@1 76.562 (77.470)	Prec@5 96.875 (97.051)
Epoch [162] Training Results: Prec@1 77.720 Prec@5 97.180             Loss 0.79614
Epoch [162] Training Class Recall: [0.871,0.586,0.584,0.702,0.683,0.817,0.819,0.790,0.799,0.826]

Epoch: [163][0/40], lr: 0.00010	Loss 0.8830 (0.8830)	Prec@1 76.562 (76.562)	Prec@5 98.438 (98.438)
Epoch: [163][10/40], lr: 0.00010	Loss 0.7947 (0.7755)	Prec@1 78.906 (77.912)	Prec@5 96.875 (97.727)
Epoch: [163][20/40], lr: 0.00010	Loss 0.7171 (0.7811)	Prec@1 78.125 (77.902)	Prec@5 98.438 (97.619)
Epoch: [163][30/40], lr: 0.00010	Loss 0.6587 (0.7813)	Prec@1 83.594 (77.999)	Prec@5 99.219 (97.379)
Epoch [163] Training Results: Prec@1 77.680 Prec@5 97.220             Loss 0.79251
Epoch [163] Training Class Recall: [0.878,0.579,0.573,0.689,0.677,0.818,0.817,0.786,0.803,0.834]

Epoch: [164][0/40], lr: 0.00010	Loss 0.7403 (0.7403)	Prec@1 81.250 (81.250)	Prec@5 99.219 (99.219)
Epoch: [164][10/40], lr: 0.00010	Loss 0.7347 (0.7684)	Prec@1 78.906 (78.977)	Prec@5 98.438 (97.159)
Epoch: [164][20/40], lr: 0.00010	Loss 0.9121 (0.7786)	Prec@1 71.094 (78.385)	Prec@5 96.875 (97.247)
Epoch: [164][30/40], lr: 0.00010	Loss 0.7745 (0.7806)	Prec@1 76.562 (78.352)	Prec@5 96.094 (97.152)
Epoch [164] Training Results: Prec@1 78.100 Prec@5 97.240             Loss 0.78851
Epoch [164] Training Class Recall: [0.879,0.593,0.588,0.700,0.680,0.828,0.819,0.790,0.801,0.831]

Epoch: [165][0/40], lr: 0.00010	Loss 0.7529 (0.7529)	Prec@1 76.562 (76.562)	Prec@5 98.438 (98.438)
Epoch: [165][10/40], lr: 0.00010	Loss 0.8119 (0.8086)	Prec@1 78.125 (77.344)	Prec@5 95.312 (96.449)
Epoch: [165][20/40], lr: 0.00010	Loss 0.7519 (0.7964)	Prec@1 78.906 (77.604)	Prec@5 96.875 (96.503)
Epoch: [165][30/40], lr: 0.00010	Loss 0.7598 (0.7897)	Prec@1 81.250 (77.974)	Prec@5 96.875 (96.623)
Epoch [165] Training Results: Prec@1 77.840 Prec@5 96.880             Loss 0.78583
Epoch [165] Training Class Recall: [0.885,0.579,0.588,0.691,0.671,0.825,0.817,0.788,0.797,0.829]

Epoch: [166][0/40], lr: 0.00010	Loss 0.8224 (0.8224)	Prec@1 73.438 (73.438)	Prec@5 98.438 (98.438)
Epoch: [166][10/40], lr: 0.00010	Loss 0.8896 (0.7781)	Prec@1 75.781 (78.480)	Prec@5 96.094 (97.514)
Epoch: [166][20/40], lr: 0.00010	Loss 0.6990 (0.7665)	Prec@1 82.031 (78.609)	Prec@5 96.094 (97.098)
Epoch: [166][30/40], lr: 0.00010	Loss 0.8328 (0.7761)	Prec@1 76.562 (78.226)	Prec@5 96.875 (97.051)
Epoch [166] Training Results: Prec@1 77.960 Prec@5 97.140             Loss 0.78149
Epoch [166] Training Class Recall: [0.879,0.583,0.603,0.705,0.686,0.826,0.815,0.782,0.793,0.829]

Epoch: [167][0/40], lr: 0.00010	Loss 0.7899 (0.7899)	Prec@1 75.000 (75.000)	Prec@5 96.875 (96.875)
Epoch: [167][10/40], lr: 0.00010	Loss 0.8821 (0.8287)	Prec@1 71.875 (76.420)	Prec@5 96.094 (96.946)
Epoch: [167][20/40], lr: 0.00010	Loss 0.7201 (0.8063)	Prec@1 78.906 (77.195)	Prec@5 98.438 (97.024)
Epoch: [167][30/40], lr: 0.00010	Loss 0.7476 (0.7932)	Prec@1 78.125 (77.671)	Prec@5 96.094 (97.077)
Epoch [167] Training Results: Prec@1 77.960 Prec@5 97.140             Loss 0.78353
Epoch [167] Training Class Recall: [0.880,0.576,0.610,0.700,0.691,0.829,0.817,0.778,0.789,0.829]

Epoch: [168][0/40], lr: 0.00010	Loss 0.9193 (0.9193)	Prec@1 76.562 (76.562)	Prec@5 93.750 (93.750)
Epoch: [168][10/40], lr: 0.00010	Loss 0.8869 (0.7722)	Prec@1 74.219 (78.125)	Prec@5 96.094 (97.159)
Epoch: [168][20/40], lr: 0.00010	Loss 0.7275 (0.7770)	Prec@1 79.688 (78.162)	Prec@5 97.656 (97.210)
Epoch: [168][30/40], lr: 0.00010	Loss 0.5772 (0.7847)	Prec@1 83.594 (78.251)	Prec@5 100.000 (97.026)
Epoch [168] Training Results: Prec@1 78.340 Prec@5 97.080             Loss 0.77926
Epoch [168] Training Class Recall: [0.879,0.583,0.607,0.711,0.694,0.832,0.821,0.782,0.799,0.832]

Epoch: [169][0/40], lr: 0.00010	Loss 0.7291 (0.7291)	Prec@1 81.250 (81.250)	Prec@5 97.656 (97.656)
Epoch: [169][10/40], lr: 0.00010	Loss 0.8958 (0.7813)	Prec@1 75.000 (78.409)	Prec@5 94.531 (97.159)
Epoch: [169][20/40], lr: 0.00010	Loss 0.6405 (0.7687)	Prec@1 82.031 (78.609)	Prec@5 96.094 (97.173)
Epoch: [169][30/40], lr: 0.00010	Loss 0.6912 (0.7711)	Prec@1 82.031 (78.352)	Prec@5 97.656 (97.404)
Epoch [169] Training Results: Prec@1 78.260 Prec@5 97.240             Loss 0.77412
Epoch [169] Training Class Recall: [0.881,0.597,0.603,0.711,0.686,0.829,0.819,0.780,0.797,0.831]

Epoch: [170][0/40], lr: 0.00010	Loss 0.7816 (0.7816)	Prec@1 75.781 (75.781)	Prec@5 99.219 (99.219)
Epoch: [170][10/40], lr: 0.00010	Loss 0.7173 (0.7529)	Prec@1 79.688 (78.551)	Prec@5 96.094 (97.443)
Epoch: [170][20/40], lr: 0.00010	Loss 0.6901 (0.7583)	Prec@1 82.031 (78.943)	Prec@5 99.219 (97.470)
Epoch: [170][30/40], lr: 0.00010	Loss 0.9099 (0.7720)	Prec@1 75.000 (78.427)	Prec@5 95.312 (97.404)
Epoch [170] Training Results: Prec@1 78.360 Prec@5 97.360             Loss 0.77229
Epoch [170] Training Class Recall: [0.881,0.597,0.603,0.709,0.680,0.835,0.817,0.786,0.793,0.837]

Epoch: [171][0/40], lr: 0.00010	Loss 0.6349 (0.6349)	Prec@1 82.031 (82.031)	Prec@5 98.438 (98.438)
Epoch: [171][10/40], lr: 0.00010	Loss 0.7974 (0.7544)	Prec@1 77.344 (78.409)	Prec@5 96.094 (97.514)
Epoch: [171][20/40], lr: 0.00010	Loss 0.6865 (0.7612)	Prec@1 80.469 (78.199)	Prec@5 97.656 (97.321)
Epoch: [171][30/40], lr: 0.00010	Loss 0.7656 (0.7570)	Prec@1 77.344 (78.377)	Prec@5 97.656 (97.228)
Epoch [171] Training Results: Prec@1 78.120 Prec@5 97.180             Loss 0.77106
Epoch [171] Training Class Recall: [0.876,0.583,0.622,0.698,0.686,0.832,0.819,0.776,0.799,0.832]

Epoch: [172][0/40], lr: 0.00010	Loss 0.6609 (0.6609)	Prec@1 79.688 (79.688)	Prec@5 98.438 (98.438)
Epoch: [172][10/40], lr: 0.00010	Loss 0.9046 (0.7572)	Prec@1 75.000 (78.480)	Prec@5 96.875 (97.514)
Epoch: [172][20/40], lr: 0.00010	Loss 0.7196 (0.7448)	Prec@1 80.469 (79.464)	Prec@5 96.094 (97.545)
Epoch: [172][30/40], lr: 0.00010	Loss 0.6926 (0.7701)	Prec@1 83.594 (78.629)	Prec@5 96.875 (97.253)
Epoch [172] Training Results: Prec@1 78.660 Prec@5 97.320             Loss 0.76614
Epoch [172] Training Class Recall: [0.888,0.583,0.622,0.716,0.686,0.841,0.821,0.780,0.799,0.832]

Epoch: [173][0/40], lr: 0.00010	Loss 0.8413 (0.8413)	Prec@1 75.781 (75.781)	Prec@5 97.656 (97.656)
Epoch: [173][10/40], lr: 0.00010	Loss 0.7313 (0.7511)	Prec@1 80.469 (78.551)	Prec@5 98.438 (98.224)
Epoch: [173][20/40], lr: 0.00010	Loss 0.8310 (0.7750)	Prec@1 76.562 (77.902)	Prec@5 96.875 (97.656)
Epoch: [173][30/40], lr: 0.00010	Loss 0.6684 (0.7595)	Prec@1 82.031 (78.629)	Prec@5 96.875 (97.354)
Epoch [173] Training Results: Prec@1 78.300 Prec@5 97.180             Loss 0.77059
Epoch [173] Training Class Recall: [0.881,0.593,0.618,0.718,0.683,0.832,0.827,0.780,0.783,0.827]

Epoch: [174][0/40], lr: 0.00010	Loss 0.7469 (0.7469)	Prec@1 77.344 (77.344)	Prec@5 96.875 (96.875)
Epoch: [174][10/40], lr: 0.00010	Loss 0.7586 (0.7822)	Prec@1 79.688 (77.912)	Prec@5 97.656 (97.230)
Epoch: [174][20/40], lr: 0.00010	Loss 0.8372 (0.7607)	Prec@1 77.344 (78.385)	Prec@5 97.656 (97.284)
Epoch: [174][30/40], lr: 0.00010	Loss 0.8736 (0.7734)	Prec@1 74.219 (77.974)	Prec@5 98.438 (97.203)
Epoch [174] Training Results: Prec@1 78.120 Prec@5 97.140             Loss 0.77091
Epoch [174] Training Class Recall: [0.878,0.603,0.603,0.702,0.677,0.831,0.821,0.780,0.793,0.832]

Epoch: [175][0/40], lr: 0.00010	Loss 0.6979 (0.6979)	Prec@1 79.688 (79.688)	Prec@5 96.875 (96.875)
Epoch: [175][10/40], lr: 0.00010	Loss 0.5322 (0.7247)	Prec@1 84.375 (79.616)	Prec@5 100.000 (97.656)
Epoch: [175][20/40], lr: 0.00010	Loss 0.6647 (0.7494)	Prec@1 81.250 (78.832)	Prec@5 98.438 (97.321)
Epoch: [175][30/40], lr: 0.00010	Loss 0.7397 (0.7560)	Prec@1 79.688 (78.553)	Prec@5 95.312 (97.404)
Epoch [175] Training Results: Prec@1 78.460 Prec@5 97.320             Loss 0.76057
Epoch [175] Training Class Recall: [0.879,0.576,0.610,0.720,0.686,0.834,0.821,0.776,0.811,0.835]

Epoch: [176][0/40], lr: 0.00010	Loss 0.7347 (0.7347)	Prec@1 79.688 (79.688)	Prec@5 96.875 (96.875)
Epoch: [176][10/40], lr: 0.00010	Loss 0.7982 (0.7853)	Prec@1 78.906 (77.983)	Prec@5 96.875 (96.875)
Epoch: [176][20/40], lr: 0.00010	Loss 0.7182 (0.7521)	Prec@1 78.906 (78.757)	Prec@5 97.656 (97.210)
Epoch: [176][30/40], lr: 0.00010	Loss 0.6697 (0.7694)	Prec@1 78.906 (78.352)	Prec@5 100.000 (97.203)
Epoch [176] Training Results: Prec@1 78.400 Prec@5 97.280             Loss 0.77078
Epoch [176] Training Class Recall: [0.871,0.603,0.633,0.711,0.694,0.834,0.821,0.784,0.797,0.826]

Epoch: [177][0/40], lr: 0.00010	Loss 0.7269 (0.7269)	Prec@1 79.688 (79.688)	Prec@5 97.656 (97.656)
Epoch: [177][10/40], lr: 0.00010	Loss 0.8941 (0.7629)	Prec@1 73.438 (78.693)	Prec@5 96.094 (97.301)
Epoch: [177][20/40], lr: 0.00010	Loss 0.8343 (0.7728)	Prec@1 78.906 (78.423)	Prec@5 93.750 (97.098)
Epoch: [177][30/40], lr: 0.00010	Loss 0.6939 (0.7624)	Prec@1 78.125 (78.327)	Prec@5 98.438 (97.379)
Epoch [177] Training Results: Prec@1 78.240 Prec@5 97.420             Loss 0.76043
Epoch [177] Training Class Recall: [0.882,0.607,0.596,0.700,0.686,0.835,0.819,0.780,0.797,0.827]

Epoch: [178][0/40], lr: 0.00010	Loss 0.7728 (0.7728)	Prec@1 78.906 (78.906)	Prec@5 97.656 (97.656)
Epoch: [178][10/40], lr: 0.00010	Loss 0.7285 (0.7829)	Prec@1 78.906 (77.557)	Prec@5 96.875 (97.301)
Epoch: [178][20/40], lr: 0.00010	Loss 0.6661 (0.7632)	Prec@1 79.688 (78.125)	Prec@5 97.656 (97.470)
Epoch: [178][30/40], lr: 0.00010	Loss 0.7585 (0.7577)	Prec@1 79.688 (78.175)	Prec@5 96.875 (97.581)
Epoch [178] Training Results: Prec@1 78.320 Prec@5 97.400             Loss 0.76407
Epoch [178] Training Class Recall: [0.879,0.607,0.610,0.711,0.686,0.834,0.817,0.780,0.791,0.832]

Epoch: [179][0/40], lr: 0.00010	Loss 0.8083 (0.8083)	Prec@1 75.781 (75.781)	Prec@5 94.531 (94.531)
Epoch: [179][10/40], lr: 0.00010	Loss 0.5440 (0.7506)	Prec@1 85.156 (78.764)	Prec@5 99.219 (96.449)
Epoch: [179][20/40], lr: 0.00010	Loss 0.6313 (0.7612)	Prec@1 82.812 (78.348)	Prec@5 99.219 (97.247)
Epoch: [179][30/40], lr: 0.00010	Loss 0.6833 (0.7759)	Prec@1 79.688 (77.747)	Prec@5 98.438 (97.303)
Epoch [179] Training Results: Prec@1 77.840 Prec@5 97.260             Loss 0.76989
Epoch [179] Training Class Recall: [0.874,0.569,0.592,0.716,0.674,0.831,0.819,0.778,0.795,0.829]

Epoch: [180][0/40], lr: 0.00000	Loss 0.7498 (0.7498)	Prec@1 79.688 (79.688)	Prec@5 97.656 (97.656)
Epoch: [180][10/40], lr: 0.00000	Loss 0.6277 (0.7264)	Prec@1 80.469 (79.545)	Prec@5 99.219 (98.295)
Epoch: [180][20/40], lr: 0.00000	Loss 0.7303 (0.7512)	Prec@1 78.125 (78.497)	Prec@5 98.438 (97.879)
Epoch: [180][30/40], lr: 0.00000	Loss 0.6869 (0.7555)	Prec@1 80.469 (78.251)	Prec@5 97.656 (97.555)
Epoch [180] Training Results: Prec@1 78.200 Prec@5 97.360             Loss 0.75617
Epoch [180] Training Class Recall: [0.875,0.590,0.622,0.714,0.674,0.831,0.817,0.780,0.791,0.838]

Epoch: [181][0/40], lr: 0.00000	Loss 0.8028 (0.8028)	Prec@1 73.438 (73.438)	Prec@5 96.875 (96.875)
Epoch: [181][10/40], lr: 0.00000	Loss 0.9000 (0.7487)	Prec@1 73.438 (78.835)	Prec@5 95.312 (97.372)
Epoch: [181][20/40], lr: 0.00000	Loss 0.8611 (0.7647)	Prec@1 76.562 (78.609)	Prec@5 97.656 (97.396)
Epoch: [181][30/40], lr: 0.00000	Loss 0.7892 (0.7627)	Prec@1 76.562 (78.352)	Prec@5 99.219 (97.631)
Epoch [181] Training Results: Prec@1 78.500 Prec@5 97.560             Loss 0.75845
Epoch [181] Training Class Recall: [0.886,0.593,0.607,0.707,0.700,0.829,0.819,0.784,0.801,0.832]

Epoch: [182][0/40], lr: 0.00000	Loss 0.8001 (0.8001)	Prec@1 75.781 (75.781)	Prec@5 98.438 (98.438)
Epoch: [182][10/40], lr: 0.00000	Loss 0.6892 (0.7381)	Prec@1 81.250 (78.622)	Prec@5 99.219 (98.082)
Epoch: [182][20/40], lr: 0.00000	Loss 0.7077 (0.7600)	Prec@1 81.250 (77.976)	Prec@5 96.875 (97.470)
Epoch: [182][30/40], lr: 0.00000	Loss 0.7714 (0.7586)	Prec@1 78.125 (78.301)	Prec@5 96.094 (97.455)
Epoch [182] Training Results: Prec@1 78.380 Prec@5 97.500             Loss 0.75731
Epoch [182] Training Class Recall: [0.876,0.600,0.614,0.702,0.683,0.835,0.823,0.782,0.801,0.834]

Epoch: [183][0/40], lr: 0.00000	Loss 0.7361 (0.7361)	Prec@1 78.906 (78.906)	Prec@5 98.438 (98.438)
Epoch: [183][10/40], lr: 0.00000	Loss 0.7776 (0.7606)	Prec@1 79.688 (77.983)	Prec@5 96.875 (98.011)
Epoch: [183][20/40], lr: 0.00000	Loss 0.8405 (0.7758)	Prec@1 76.562 (77.567)	Prec@5 94.531 (97.507)
Epoch: [183][30/40], lr: 0.00000	Loss 0.8220 (0.7698)	Prec@1 78.906 (78.251)	Prec@5 92.969 (97.203)
Epoch [183] Training Results: Prec@1 78.280 Prec@5 97.320             Loss 0.76526
Epoch [183] Training Class Recall: [0.871,0.600,0.614,0.716,0.683,0.834,0.817,0.778,0.805,0.831]

Epoch: [184][0/40], lr: 0.00000	Loss 0.7898 (0.7898)	Prec@1 78.125 (78.125)	Prec@5 98.438 (98.438)
Epoch: [184][10/40], lr: 0.00000	Loss 0.7878 (0.7963)	Prec@1 78.906 (77.486)	Prec@5 96.094 (97.159)
Epoch: [184][20/40], lr: 0.00000	Loss 0.6478 (0.7720)	Prec@1 82.031 (78.125)	Prec@5 97.656 (97.507)
Epoch: [184][30/40], lr: 0.00000	Loss 0.6767 (0.7605)	Prec@1 82.031 (78.705)	Prec@5 96.875 (97.505)
Epoch [184] Training Results: Prec@1 78.420 Prec@5 97.320             Loss 0.76700
Epoch [184] Training Class Recall: [0.880,0.593,0.618,0.705,0.686,0.838,0.819,0.784,0.797,0.832]

Epoch: [185][0/40], lr: 0.00000	Loss 0.7049 (0.7049)	Prec@1 81.250 (81.250)	Prec@5 97.656 (97.656)
Epoch: [185][10/40], lr: 0.00000	Loss 0.7732 (0.7993)	Prec@1 77.344 (77.557)	Prec@5 98.438 (96.875)
Epoch: [185][20/40], lr: 0.00000	Loss 0.7410 (0.7765)	Prec@1 78.125 (78.199)	Prec@5 99.219 (97.135)
Epoch: [185][30/40], lr: 0.00000	Loss 0.7941 (0.7751)	Prec@1 75.781 (77.949)	Prec@5 96.875 (97.455)
Epoch [185] Training Results: Prec@1 78.140 Prec@5 97.360             Loss 0.76744
Epoch [185] Training Class Recall: [0.880,0.583,0.625,0.705,0.689,0.828,0.821,0.776,0.793,0.829]

Epoch: [186][0/40], lr: 0.00000	Loss 0.7520 (0.7520)	Prec@1 78.125 (78.125)	Prec@5 99.219 (99.219)
Epoch: [186][10/40], lr: 0.00000	Loss 0.7913 (0.7604)	Prec@1 80.469 (78.338)	Prec@5 97.656 (97.017)
Epoch: [186][20/40], lr: 0.00000	Loss 0.9068 (0.7485)	Prec@1 71.875 (78.571)	Prec@5 96.875 (97.321)
Epoch: [186][30/40], lr: 0.00000	Loss 0.7191 (0.7556)	Prec@1 82.031 (78.251)	Prec@5 96.875 (97.228)
Epoch [186] Training Results: Prec@1 78.360 Prec@5 97.240             Loss 0.76067
Epoch [186] Training Class Recall: [0.884,0.590,0.614,0.718,0.686,0.832,0.817,0.778,0.799,0.827]

Epoch: [187][0/40], lr: 0.00000	Loss 0.8584 (0.8584)	Prec@1 72.656 (72.656)	Prec@5 97.656 (97.656)
Epoch: [187][10/40], lr: 0.00000	Loss 0.7081 (0.7523)	Prec@1 82.031 (78.125)	Prec@5 98.438 (97.727)
Epoch: [187][20/40], lr: 0.00000	Loss 0.8213 (0.7666)	Prec@1 78.125 (77.902)	Prec@5 93.750 (97.024)
Epoch: [187][30/40], lr: 0.00000	Loss 0.7026 (0.7578)	Prec@1 80.469 (78.049)	Prec@5 99.219 (97.152)
Epoch [187] Training Results: Prec@1 78.260 Prec@5 97.180             Loss 0.76040
Epoch [187] Training Class Recall: [0.871,0.590,0.629,0.711,0.691,0.829,0.823,0.782,0.799,0.827]

Epoch: [188][0/40], lr: 0.00000	Loss 0.6584 (0.6584)	Prec@1 82.031 (82.031)	Prec@5 99.219 (99.219)
Epoch: [188][10/40], lr: 0.00000	Loss 0.7678 (0.7792)	Prec@1 76.562 (77.415)	Prec@5 98.438 (97.869)
Epoch: [188][20/40], lr: 0.00000	Loss 0.8755 (0.7819)	Prec@1 75.000 (77.530)	Prec@5 96.094 (97.656)
Epoch: [188][30/40], lr: 0.00000	Loss 0.6708 (0.7600)	Prec@1 78.906 (78.377)	Prec@5 99.219 (97.555)
Epoch [188] Training Results: Prec@1 78.540 Prec@5 97.700             Loss 0.75260
Epoch [188] Training Class Recall: [0.882,0.593,0.614,0.709,0.686,0.832,0.819,0.786,0.805,0.835]

Epoch: [189][0/40], lr: 0.00000	Loss 0.8693 (0.8693)	Prec@1 75.000 (75.000)	Prec@5 97.656 (97.656)
Epoch: [189][10/40], lr: 0.00000	Loss 0.7988 (0.7844)	Prec@1 76.562 (77.486)	Prec@5 96.094 (96.946)
Epoch: [189][20/40], lr: 0.00000	Loss 0.7492 (0.7527)	Prec@1 78.906 (78.720)	Prec@5 96.875 (96.912)
Epoch: [189][30/40], lr: 0.00000	Loss 0.7047 (0.7677)	Prec@1 78.906 (78.125)	Prec@5 96.875 (97.001)
Epoch [189] Training Results: Prec@1 78.240 Prec@5 97.100             Loss 0.76143
Epoch [189] Training Class Recall: [0.878,0.590,0.622,0.709,0.689,0.826,0.827,0.780,0.793,0.829]

Epoch: [190][0/40], lr: 0.00000	Loss 0.8165 (0.8165)	Prec@1 77.344 (77.344)	Prec@5 98.438 (98.438)
Epoch: [190][10/40], lr: 0.00000	Loss 0.7906 (0.7655)	Prec@1 79.688 (78.267)	Prec@5 96.875 (97.585)
Epoch: [190][20/40], lr: 0.00000	Loss 0.8327 (0.7702)	Prec@1 78.125 (78.311)	Prec@5 96.094 (97.619)
Epoch: [190][30/40], lr: 0.00000	Loss 0.6415 (0.7520)	Prec@1 82.031 (78.679)	Prec@5 97.656 (97.480)
Epoch [190] Training Results: Prec@1 78.560 Prec@5 97.440             Loss 0.75594
Epoch [190] Training Class Recall: [0.885,0.593,0.625,0.709,0.683,0.834,0.825,0.784,0.791,0.837]

Epoch: [191][0/40], lr: 0.00000	Loss 0.7141 (0.7141)	Prec@1 81.250 (81.250)	Prec@5 97.656 (97.656)
Epoch: [191][10/40], lr: 0.00000	Loss 0.6789 (0.7589)	Prec@1 80.469 (78.125)	Prec@5 99.219 (98.224)
Epoch: [191][20/40], lr: 0.00000	Loss 0.6474 (0.7458)	Prec@1 80.469 (78.646)	Prec@5 98.438 (97.879)
Epoch: [191][30/40], lr: 0.00000	Loss 0.9214 (0.7518)	Prec@1 74.219 (78.831)	Prec@5 95.312 (97.480)
Epoch [191] Training Results: Prec@1 78.280 Prec@5 97.400             Loss 0.76315
Epoch [191] Training Class Recall: [0.887,0.600,0.640,0.689,0.666,0.832,0.817,0.780,0.801,0.829]

Epoch: [192][0/40], lr: 0.00000	Loss 0.7677 (0.7677)	Prec@1 78.906 (78.906)	Prec@5 96.875 (96.875)
Epoch: [192][10/40], lr: 0.00000	Loss 0.7939 (0.7878)	Prec@1 75.781 (77.415)	Prec@5 96.875 (97.159)
Epoch: [192][20/40], lr: 0.00000	Loss 0.6416 (0.7601)	Prec@1 82.031 (78.646)	Prec@5 98.438 (97.210)
Epoch: [192][30/40], lr: 0.00000	Loss 0.6924 (0.7545)	Prec@1 78.906 (78.705)	Prec@5 96.875 (97.278)
Epoch [192] Training Results: Prec@1 78.340 Prec@5 97.280             Loss 0.76121
Epoch [192] Training Class Recall: [0.874,0.600,0.618,0.716,0.694,0.835,0.825,0.774,0.791,0.829]

Epoch: [193][0/40], lr: 0.00000	Loss 0.7492 (0.7492)	Prec@1 78.906 (78.906)	Prec@5 95.312 (95.312)
Epoch: [193][10/40], lr: 0.00000	Loss 0.7023 (0.7232)	Prec@1 80.469 (79.830)	Prec@5 96.094 (97.585)
Epoch: [193][20/40], lr: 0.00000	Loss 0.8633 (0.7609)	Prec@1 78.125 (78.795)	Prec@5 96.094 (97.284)
Epoch: [193][30/40], lr: 0.00000	Loss 0.8055 (0.7701)	Prec@1 75.781 (78.301)	Prec@5 99.219 (97.429)
Epoch [193] Training Results: Prec@1 78.480 Prec@5 97.440             Loss 0.76115
Epoch [193] Training Class Recall: [0.884,0.593,0.637,0.709,0.689,0.829,0.821,0.782,0.795,0.831]

Epoch: [194][0/40], lr: 0.00000	Loss 0.8509 (0.8509)	Prec@1 72.656 (72.656)	Prec@5 99.219 (99.219)
Epoch: [194][10/40], lr: 0.00000	Loss 0.6629 (0.7524)	Prec@1 82.812 (78.480)	Prec@5 97.656 (97.869)
Epoch: [194][20/40], lr: 0.00000	Loss 0.7866 (0.7478)	Prec@1 78.906 (78.534)	Prec@5 96.094 (97.693)
Epoch: [194][30/40], lr: 0.00000	Loss 0.7207 (0.7428)	Prec@1 78.906 (79.032)	Prec@5 97.656 (97.581)
Epoch [194] Training Results: Prec@1 78.620 Prec@5 97.400             Loss 0.75774
Epoch [194] Training Class Recall: [0.875,0.614,0.622,0.707,0.691,0.840,0.821,0.782,0.803,0.832]

Epoch: [195][0/40], lr: 0.00000	Loss 0.8218 (0.8218)	Prec@1 78.906 (78.906)	Prec@5 98.438 (98.438)
Epoch: [195][10/40], lr: 0.00000	Loss 0.8246 (0.7703)	Prec@1 75.781 (78.125)	Prec@5 96.094 (97.727)
Epoch: [195][20/40], lr: 0.00000	Loss 0.8493 (0.7622)	Prec@1 76.562 (78.162)	Prec@5 93.750 (97.507)
Epoch: [195][30/40], lr: 0.00000	Loss 0.7255 (0.7586)	Prec@1 80.469 (78.553)	Prec@5 97.656 (97.581)
Epoch [195] Training Results: Prec@1 78.380 Prec@5 97.380             Loss 0.76153
Epoch [195] Training Class Recall: [0.880,0.586,0.614,0.714,0.683,0.840,0.817,0.786,0.793,0.831]

Epoch: [196][0/40], lr: 0.00000	Loss 0.7357 (0.7357)	Prec@1 80.469 (80.469)	Prec@5 96.875 (96.875)
Epoch: [196][10/40], lr: 0.00000	Loss 0.9028 (0.7127)	Prec@1 70.312 (79.190)	Prec@5 96.094 (97.798)
Epoch: [196][20/40], lr: 0.00000	Loss 0.9063 (0.7635)	Prec@1 69.531 (77.716)	Prec@5 96.875 (97.247)
Epoch: [196][30/40], lr: 0.00000	Loss 0.8362 (0.7667)	Prec@1 76.562 (77.823)	Prec@5 96.094 (97.127)
Epoch [196] Training Results: Prec@1 78.140 Prec@5 97.360             Loss 0.75899
Epoch [196] Training Class Recall: [0.875,0.586,0.614,0.694,0.689,0.834,0.821,0.782,0.797,0.832]

Epoch: [197][0/40], lr: 0.00000	Loss 0.7360 (0.7360)	Prec@1 80.469 (80.469)	Prec@5 97.656 (97.656)
Epoch: [197][10/40], lr: 0.00000	Loss 0.8360 (0.7406)	Prec@1 72.656 (79.048)	Prec@5 96.875 (97.514)
Epoch: [197][20/40], lr: 0.00000	Loss 0.6998 (0.7458)	Prec@1 82.031 (79.129)	Prec@5 98.438 (97.470)
Epoch: [197][30/40], lr: 0.00000	Loss 0.6429 (0.7555)	Prec@1 84.375 (78.730)	Prec@5 96.875 (97.480)
Epoch [197] Training Results: Prec@1 78.920 Prec@5 97.620             Loss 0.75362
Epoch [197] Training Class Recall: [0.884,0.614,0.629,0.723,0.691,0.835,0.827,0.782,0.797,0.835]

Epoch: [198][0/40], lr: 0.00000	Loss 0.6932 (0.6932)	Prec@1 80.469 (80.469)	Prec@5 98.438 (98.438)
Epoch: [198][10/40], lr: 0.00000	Loss 0.6084 (0.7367)	Prec@1 82.031 (80.043)	Prec@5 97.656 (97.159)
Epoch: [198][20/40], lr: 0.00000	Loss 0.8937 (0.7655)	Prec@1 71.094 (78.571)	Prec@5 96.094 (96.838)
Epoch: [198][30/40], lr: 0.00000	Loss 0.7792 (0.7657)	Prec@1 76.562 (78.276)	Prec@5 97.656 (97.152)
Epoch [198] Training Results: Prec@1 78.140 Prec@5 97.060             Loss 0.77004
Epoch [198] Training Class Recall: [0.874,0.576,0.622,0.705,0.691,0.832,0.819,0.774,0.803,0.831]

Epoch: [199][0/40], lr: 0.00000	Loss 0.6993 (0.6993)	Prec@1 81.250 (81.250)	Prec@5 97.656 (97.656)
Epoch: [199][10/40], lr: 0.00000	Loss 0.7166 (0.7784)	Prec@1 78.125 (77.699)	Prec@5 99.219 (97.159)
Epoch: [199][20/40], lr: 0.00000	Loss 0.6075 (0.7543)	Prec@1 83.594 (78.534)	Prec@5 99.219 (97.545)
Epoch: [199][30/40], lr: 0.00000	Loss 0.8221 (0.7580)	Prec@1 77.344 (78.352)	Prec@5 96.875 (97.303)
Epoch [199] Training Results: Prec@1 78.340 Prec@5 97.220             Loss 0.76018
Epoch [199] Training Class Recall: [0.886,0.586,0.614,0.698,0.683,0.837,0.823,0.782,0.791,0.834]

