Epoch: [0][0/40], lr: 0.00200	Loss 3.2353 (3.2353)	Prec@1 4.688 (4.688)	Prec@5 27.344 (27.344)
Epoch: [0][10/40], lr: 0.00200	Loss 2.3174 (2.5480)	Prec@1 33.594 (17.472)	Prec@5 72.656 (63.849)
Epoch: [0][20/40], lr: 0.00200	Loss 2.1963 (2.3739)	Prec@1 24.219 (22.619)	Prec@5 78.906 (67.894)
Epoch: [0][30/40], lr: 0.00200	Loss 1.9344 (2.2405)	Prec@1 39.844 (27.092)	Prec@5 78.906 (71.195)
Epoch [0] Training Results: Prec@1 29.320 Prec@5 72.920             Loss 2.16383
Epoch [0] Training Class Recall: [0.465,0.196,0.000,0.078,0.057,0.417,0.059,0.018,0.071,0.641]

Epoch: [1][0/40], lr: 0.00400	Loss 1.7696 (1.7696)	Prec@1 41.406 (41.406)	Prec@5 82.812 (82.812)
Epoch: [1][10/40], lr: 0.00400	Loss 1.7395 (1.9381)	Prec@1 47.656 (41.335)	Prec@5 78.906 (78.835)
Epoch: [1][20/40], lr: 0.00400	Loss 1.8685 (1.9924)	Prec@1 39.844 (38.951)	Prec@5 82.031 (77.567)
Epoch: [1][30/40], lr: 0.00400	Loss 1.7377 (1.9506)	Prec@1 45.312 (39.239)	Prec@5 77.344 (78.075)
Epoch [1] Training Results: Prec@1 39.400 Prec@5 78.680             Loss 1.92480
Epoch [1] Training Class Recall: [0.561,0.439,0.000,0.123,0.095,0.493,0.099,0.036,0.212,0.775]

Epoch: [2][0/40], lr: 0.00600	Loss 2.0963 (2.0963)	Prec@1 26.562 (26.562)	Prec@5 77.344 (77.344)
Epoch: [2][10/40], lr: 0.00600	Loss 2.1139 (2.1477)	Prec@1 30.469 (33.381)	Prec@5 78.906 (74.716)
Epoch: [2][20/40], lr: 0.00600	Loss 1.9119 (2.0585)	Prec@1 43.750 (35.975)	Prec@5 78.125 (75.856)
Epoch: [2][30/40], lr: 0.00600	Loss 1.6907 (1.9696)	Prec@1 50.781 (38.962)	Prec@5 85.938 (77.848)
Epoch [2] Training Results: Prec@1 40.440 Prec@5 79.080             Loss 1.91195
Epoch [2] Training Class Recall: [0.553,0.456,0.000,0.086,0.145,0.510,0.235,0.033,0.249,0.759]

Epoch: [3][0/40], lr: 0.00800	Loss 1.8165 (1.8165)	Prec@1 39.844 (39.844)	Prec@5 82.812 (82.812)
Epoch: [3][10/40], lr: 0.00800	Loss 1.7168 (1.8336)	Prec@1 45.312 (39.915)	Prec@5 83.594 (81.747)
Epoch: [3][20/40], lr: 0.00800	Loss 1.8764 (1.8085)	Prec@1 42.969 (42.150)	Prec@5 79.688 (81.473)
Epoch: [3][30/40], lr: 0.00800	Loss 1.7564 (1.7938)	Prec@1 48.438 (42.666)	Prec@5 82.031 (81.678)
Epoch [3] Training Results: Prec@1 42.620 Prec@5 81.280             Loss 1.79229
Epoch [3] Training Class Recall: [0.650,0.424,0.000,0.162,0.073,0.480,0.223,0.015,0.305,0.803]

Epoch: [4][0/40], lr: 0.01000	Loss 1.8127 (1.8127)	Prec@1 39.844 (39.844)	Prec@5 85.938 (85.938)
Epoch: [4][10/40], lr: 0.01000	Loss 1.8513 (1.9157)	Prec@1 35.938 (38.991)	Prec@5 79.688 (77.912)
Epoch: [4][20/40], lr: 0.01000	Loss 1.6935 (1.8449)	Prec@1 46.094 (41.518)	Prec@5 83.594 (79.390)
Epoch: [4][30/40], lr: 0.01000	Loss 1.7699 (1.8066)	Prec@1 50.000 (42.843)	Prec@5 84.375 (79.889)
Epoch [4] Training Results: Prec@1 44.520 Prec@5 80.520             Loss 1.77761
Epoch [4] Training Class Recall: [0.597,0.498,0.000,0.166,0.160,0.565,0.232,0.048,0.328,0.788]

Epoch: [5][0/40], lr: 0.01000	Loss 1.7259 (1.7259)	Prec@1 45.312 (45.312)	Prec@5 83.594 (83.594)
Epoch: [5][10/40], lr: 0.01000	Loss 1.7397 (1.8596)	Prec@1 39.844 (35.298)	Prec@5 80.469 (81.605)
Epoch: [5][20/40], lr: 0.01000	Loss 1.7851 (1.8150)	Prec@1 44.531 (39.769)	Prec@5 85.938 (82.031)
Epoch: [5][30/40], lr: 0.01000	Loss 1.8592 (1.7865)	Prec@1 42.188 (42.011)	Prec@5 75.781 (81.653)
Epoch [5] Training Results: Prec@1 43.080 Prec@5 81.880             Loss 1.77326
Epoch [5] Training Class Recall: [0.578,0.438,0.000,0.233,0.092,0.456,0.310,0.015,0.303,0.820]

Epoch: [6][0/40], lr: 0.01000	Loss 1.6210 (1.6210)	Prec@1 50.781 (50.781)	Prec@5 84.375 (84.375)
Epoch: [6][10/40], lr: 0.01000	Loss 1.6893 (1.7268)	Prec@1 49.219 (45.668)	Prec@5 82.031 (81.889)
Epoch: [6][20/40], lr: 0.01000	Loss 1.7361 (1.6838)	Prec@1 46.875 (47.731)	Prec@5 85.156 (82.589)
Epoch: [6][30/40], lr: 0.01000	Loss 1.6255 (1.6753)	Prec@1 53.906 (48.059)	Prec@5 85.156 (82.611)
Epoch [6] Training Results: Prec@1 47.640 Prec@5 82.940             Loss 1.67171
Epoch [6] Training Class Recall: [0.676,0.529,0.000,0.198,0.118,0.537,0.303,0.033,0.399,0.836]

Epoch: [7][0/40], lr: 0.01000	Loss 1.6360 (1.6360)	Prec@1 49.219 (49.219)	Prec@5 89.062 (89.062)
Epoch: [7][10/40], lr: 0.01000	Loss 1.5695 (1.6809)	Prec@1 51.562 (45.739)	Prec@5 82.812 (84.588)
Epoch: [7][20/40], lr: 0.01000	Loss 1.6825 (1.6620)	Prec@1 53.906 (47.656)	Prec@5 79.688 (83.482)
Epoch: [7][30/40], lr: 0.01000	Loss 1.8861 (1.6781)	Prec@1 43.750 (47.581)	Prec@5 75.000 (83.039)
Epoch [7] Training Results: Prec@1 48.540 Prec@5 83.420             Loss 1.65768
Epoch [7] Training Class Recall: [0.666,0.537,0.000,0.135,0.179,0.601,0.260,0.067,0.475,0.828]

Epoch: [8][0/40], lr: 0.01000	Loss 1.5144 (1.5144)	Prec@1 53.125 (53.125)	Prec@5 87.500 (87.500)
Epoch: [8][10/40], lr: 0.01000	Loss 1.6092 (1.6595)	Prec@1 53.906 (50.781)	Prec@5 83.594 (84.375)
Epoch: [8][20/40], lr: 0.01000	Loss 1.4373 (1.6376)	Prec@1 50.000 (50.484)	Prec@5 89.062 (84.598)
Epoch: [8][30/40], lr: 0.01000	Loss 1.6884 (1.6235)	Prec@1 49.219 (51.512)	Prec@5 82.812 (84.602)
Epoch [8] Training Results: Prec@1 51.700 Prec@5 84.280             Loss 1.61621
Epoch [8] Training Class Recall: [0.705,0.569,0.000,0.172,0.172,0.626,0.341,0.091,0.542,0.843]

Epoch: [9][0/40], lr: 0.01000	Loss 1.5467 (1.5467)	Prec@1 53.906 (53.906)	Prec@5 84.375 (84.375)
Epoch: [9][10/40], lr: 0.01000	Loss 1.5809 (1.6180)	Prec@1 53.906 (50.000)	Prec@5 82.812 (84.446)
Epoch: [9][20/40], lr: 0.01000	Loss 1.4974 (1.5904)	Prec@1 58.594 (51.786)	Prec@5 89.844 (84.933)
Epoch: [9][30/40], lr: 0.01000	Loss 1.5345 (1.6028)	Prec@1 55.469 (51.436)	Prec@5 85.156 (84.728)
Epoch [9] Training Results: Prec@1 51.500 Prec@5 84.520             Loss 1.60700
Epoch [9] Training Class Recall: [0.704,0.591,0.000,0.157,0.187,0.604,0.353,0.106,0.485,0.855]

Epoch: [10][0/40], lr: 0.01000	Loss 1.7059 (1.7059)	Prec@1 46.875 (46.875)	Prec@5 84.375 (84.375)
Epoch: [10][10/40], lr: 0.01000	Loss 1.7932 (1.6401)	Prec@1 39.844 (50.071)	Prec@5 85.938 (85.227)
Epoch: [10][20/40], lr: 0.01000	Loss 1.5543 (1.6430)	Prec@1 54.688 (50.707)	Prec@5 85.156 (84.598)
Epoch: [10][30/40], lr: 0.01000	Loss 1.4944 (1.6195)	Prec@1 55.469 (51.739)	Prec@5 84.375 (84.350)
Epoch [10] Training Results: Prec@1 52.320 Prec@5 84.340             Loss 1.60017
Epoch [10] Training Class Recall: [0.669,0.605,0.000,0.178,0.206,0.634,0.350,0.176,0.532,0.836]

Epoch: [11][0/40], lr: 0.01000	Loss 1.7321 (1.7321)	Prec@1 49.219 (49.219)	Prec@5 81.250 (81.250)
Epoch: [11][10/40], lr: 0.01000	Loss 1.3982 (1.5729)	Prec@1 58.594 (53.693)	Prec@5 86.719 (85.298)
Epoch: [11][20/40], lr: 0.01000	Loss 1.4945 (1.5778)	Prec@1 54.688 (53.125)	Prec@5 83.594 (84.561)
Epoch: [11][30/40], lr: 0.01000	Loss 1.3384 (1.5600)	Prec@1 55.469 (53.377)	Prec@5 91.406 (84.980)
Epoch [11] Training Results: Prec@1 53.860 Prec@5 85.000             Loss 1.55101
Epoch [11] Training Class Recall: [0.721,0.601,0.005,0.209,0.210,0.620,0.325,0.206,0.569,0.851]

Epoch: [12][0/40], lr: 0.01000	Loss 1.4698 (1.4698)	Prec@1 54.688 (54.688)	Prec@5 90.625 (90.625)
Epoch: [12][10/40], lr: 0.01000	Loss 1.4351 (1.5696)	Prec@1 62.500 (52.131)	Prec@5 86.719 (85.795)
Epoch: [12][20/40], lr: 0.01000	Loss 1.4978 (1.5589)	Prec@1 56.250 (53.646)	Prec@5 85.156 (85.156)
Epoch: [12][30/40], lr: 0.01000	Loss 1.4700 (1.5359)	Prec@1 57.031 (54.360)	Prec@5 85.156 (85.837)
Epoch [12] Training Results: Prec@1 54.440 Prec@5 85.400             Loss 1.53783
Epoch [12] Training Class Recall: [0.724,0.608,0.000,0.215,0.202,0.598,0.387,0.245,0.606,0.840]

Epoch: [13][0/40], lr: 0.01000	Loss 1.5858 (1.5858)	Prec@1 54.688 (54.688)	Prec@5 86.719 (86.719)
Epoch: [13][10/40], lr: 0.01000	Loss 1.5544 (1.5474)	Prec@1 53.125 (52.912)	Prec@5 84.375 (85.298)
Epoch: [13][20/40], lr: 0.01000	Loss 1.4208 (1.5521)	Prec@1 60.938 (53.497)	Prec@5 86.719 (85.045)
Epoch: [13][30/40], lr: 0.01000	Loss 1.4315 (1.5264)	Prec@1 58.594 (54.864)	Prec@5 86.719 (85.307)
Epoch [13] Training Results: Prec@1 55.500 Prec@5 85.360             Loss 1.51853
Epoch [13] Training Class Recall: [0.733,0.639,0.010,0.229,0.267,0.602,0.368,0.261,0.567,0.857]

Epoch: [14][0/40], lr: 0.01000	Loss 1.4072 (1.4072)	Prec@1 55.469 (55.469)	Prec@5 92.969 (92.969)
Epoch: [14][10/40], lr: 0.01000	Loss 1.5351 (1.5470)	Prec@1 57.812 (53.835)	Prec@5 84.375 (86.009)
Epoch: [14][20/40], lr: 0.01000	Loss 1.5696 (1.5392)	Prec@1 53.125 (54.985)	Prec@5 88.281 (85.751)
Epoch: [14][30/40], lr: 0.01000	Loss 1.5154 (1.5354)	Prec@1 57.031 (55.292)	Prec@5 85.938 (85.660)
Epoch [14] Training Results: Prec@1 55.420 Prec@5 85.480             Loss 1.53457
Epoch [14] Training Class Recall: [0.736,0.608,0.005,0.207,0.290,0.661,0.406,0.218,0.564,0.838]

Epoch: [15][0/40], lr: 0.01000	Loss 1.5444 (1.5444)	Prec@1 57.812 (57.812)	Prec@5 86.719 (86.719)
Epoch: [15][10/40], lr: 0.01000	Loss 1.4764 (1.4376)	Prec@1 58.594 (57.812)	Prec@5 86.719 (88.352)
Epoch: [15][20/40], lr: 0.01000	Loss 1.5838 (1.4755)	Prec@1 51.562 (56.957)	Prec@5 84.375 (87.128)
Epoch: [15][30/40], lr: 0.01000	Loss 1.3573 (1.4678)	Prec@1 67.188 (57.712)	Prec@5 82.812 (86.593)
Epoch [15] Training Results: Prec@1 57.240 Prec@5 86.120             Loss 1.48161
Epoch [15] Training Class Recall: [0.752,0.647,0.045,0.247,0.294,0.616,0.406,0.264,0.628,0.855]

Epoch: [16][0/40], lr: 0.01000	Loss 1.6611 (1.6611)	Prec@1 48.438 (48.438)	Prec@5 82.031 (82.031)
Epoch: [16][10/40], lr: 0.01000	Loss 1.4909 (1.5302)	Prec@1 56.250 (54.901)	Prec@5 89.062 (85.369)
Epoch: [16][20/40], lr: 0.01000	Loss 1.5065 (1.4761)	Prec@1 55.469 (56.585)	Prec@5 84.375 (86.012)
Epoch: [16][30/40], lr: 0.01000	Loss 1.4926 (1.4727)	Prec@1 57.031 (56.855)	Prec@5 89.062 (86.668)
Epoch [16] Training Results: Prec@1 57.500 Prec@5 86.460             Loss 1.46959
Epoch [16] Training Class Recall: [0.749,0.627,0.035,0.294,0.271,0.571,0.424,0.333,0.633,0.865]

Epoch: [17][0/40], lr: 0.01000	Loss 1.3557 (1.3557)	Prec@1 63.281 (63.281)	Prec@5 92.188 (92.188)
Epoch: [17][10/40], lr: 0.01000	Loss 1.4018 (1.4377)	Prec@1 53.906 (59.020)	Prec@5 89.062 (87.500)
Epoch: [17][20/40], lr: 0.01000	Loss 1.4623 (1.4531)	Prec@1 59.375 (58.296)	Prec@5 88.281 (86.458)
Epoch: [17][30/40], lr: 0.01000	Loss 1.5231 (1.4516)	Prec@1 57.031 (57.787)	Prec@5 83.594 (86.870)
Epoch [17] Training Results: Prec@1 57.880 Prec@5 86.780             Loss 1.45188
Epoch [17] Training Class Recall: [0.749,0.664,0.045,0.274,0.275,0.589,0.387,0.355,0.628,0.864]

Epoch: [18][0/40], lr: 0.01000	Loss 1.3118 (1.3118)	Prec@1 64.062 (64.062)	Prec@5 88.281 (88.281)
Epoch: [18][10/40], lr: 0.01000	Loss 1.5856 (1.4757)	Prec@1 54.688 (57.670)	Prec@5 81.250 (86.080)
Epoch: [18][20/40], lr: 0.01000	Loss 1.2907 (1.4300)	Prec@1 64.844 (59.487)	Prec@5 90.625 (86.719)
Epoch: [18][30/40], lr: 0.01000	Loss 1.4974 (1.4507)	Prec@1 57.812 (58.821)	Prec@5 85.938 (86.492)
Epoch [18] Training Results: Prec@1 59.000 Prec@5 86.100             Loss 1.44847
Epoch [18] Training Class Recall: [0.742,0.659,0.030,0.337,0.321,0.602,0.421,0.348,0.650,0.860]

Epoch: [19][0/40], lr: 0.01000	Loss 1.3981 (1.3981)	Prec@1 62.500 (62.500)	Prec@5 91.406 (91.406)
Epoch: [19][10/40], lr: 0.01000	Loss 1.3965 (1.4566)	Prec@1 60.938 (59.162)	Prec@5 84.375 (87.074)
Epoch: [19][20/40], lr: 0.01000	Loss 1.1059 (1.4120)	Prec@1 70.312 (60.379)	Prec@5 89.844 (87.351)
Epoch: [19][30/40], lr: 0.01000	Loss 1.5632 (1.4373)	Prec@1 56.250 (59.173)	Prec@5 85.156 (86.870)
Epoch [19] Training Results: Prec@1 59.160 Prec@5 86.880             Loss 1.44121
Epoch [19] Training Class Recall: [0.772,0.669,0.035,0.339,0.279,0.602,0.359,0.397,0.638,0.858]

Epoch: [20][0/40], lr: 0.01000	Loss 1.2434 (1.2434)	Prec@1 65.625 (65.625)	Prec@5 88.281 (88.281)
Epoch: [20][10/40], lr: 0.01000	Loss 1.5149 (1.4120)	Prec@1 58.594 (58.736)	Prec@5 84.375 (87.145)
Epoch: [20][20/40], lr: 0.01000	Loss 1.4078 (1.4075)	Prec@1 60.938 (59.747)	Prec@5 91.406 (87.612)
Epoch: [20][30/40], lr: 0.01000	Loss 1.3589 (1.4150)	Prec@1 63.281 (59.980)	Prec@5 87.500 (86.870)
Epoch [20] Training Results: Prec@1 60.060 Prec@5 86.980             Loss 1.41524
Epoch [20] Training Class Recall: [0.761,0.647,0.060,0.354,0.324,0.614,0.418,0.376,0.667,0.867]

Epoch: [21][0/40], lr: 0.01000	Loss 1.5426 (1.5426)	Prec@1 56.250 (56.250)	Prec@5 84.375 (84.375)
Epoch: [21][10/40], lr: 0.01000	Loss 1.4825 (1.4432)	Prec@1 54.688 (58.594)	Prec@5 85.156 (87.642)
Epoch: [21][20/40], lr: 0.01000	Loss 1.2113 (1.4655)	Prec@1 67.188 (57.738)	Prec@5 92.188 (86.793)
Epoch: [21][30/40], lr: 0.01000	Loss 1.4564 (1.4476)	Prec@1 57.812 (58.417)	Prec@5 85.938 (86.366)
Epoch [21] Training Results: Prec@1 58.840 Prec@5 87.160             Loss 1.43340
Epoch [21] Training Class Recall: [0.756,0.625,0.060,0.317,0.313,0.611,0.430,0.355,0.640,0.861]

Epoch: [22][0/40], lr: 0.01000	Loss 1.5434 (1.5434)	Prec@1 53.906 (53.906)	Prec@5 87.500 (87.500)
Epoch: [22][10/40], lr: 0.01000	Loss 1.4390 (1.4961)	Prec@1 58.594 (57.457)	Prec@5 86.719 (85.369)
Epoch: [22][20/40], lr: 0.01000	Loss 1.4397 (1.4449)	Prec@1 57.812 (58.780)	Prec@5 83.594 (86.421)
Epoch: [22][30/40], lr: 0.01000	Loss 1.4560 (1.4232)	Prec@1 59.375 (59.627)	Prec@5 87.500 (86.895)
Epoch [22] Training Results: Prec@1 60.040 Prec@5 87.040             Loss 1.41377
Epoch [22] Training Class Recall: [0.724,0.662,0.050,0.319,0.340,0.649,0.443,0.391,0.665,0.866]

Epoch: [23][0/40], lr: 0.01000	Loss 1.6503 (1.6503)	Prec@1 51.562 (51.562)	Prec@5 87.500 (87.500)
Epoch: [23][10/40], lr: 0.01000	Loss 1.5739 (1.4902)	Prec@1 55.469 (57.031)	Prec@5 81.250 (86.648)
Epoch: [23][20/40], lr: 0.01000	Loss 1.3135 (1.4388)	Prec@1 62.500 (58.705)	Prec@5 89.844 (87.314)
Epoch: [23][30/40], lr: 0.01000	Loss 1.3792 (1.4164)	Prec@1 66.406 (60.005)	Prec@5 84.375 (87.324)
Epoch [23] Training Results: Prec@1 60.520 Prec@5 87.140             Loss 1.40612
Epoch [23] Training Class Recall: [0.742,0.650,0.080,0.354,0.355,0.653,0.424,0.394,0.638,0.868]

Epoch: [24][0/40], lr: 0.01000	Loss 1.2526 (1.2526)	Prec@1 67.969 (67.969)	Prec@5 89.062 (89.062)
Epoch: [24][10/40], lr: 0.01000	Loss 1.5922 (1.4118)	Prec@1 50.781 (59.659)	Prec@5 89.062 (87.997)
Epoch: [24][20/40], lr: 0.01000	Loss 1.2905 (1.3853)	Prec@1 62.500 (60.603)	Prec@5 86.719 (88.281)
Epoch: [24][30/40], lr: 0.01000	Loss 1.4457 (1.3734)	Prec@1 60.156 (61.038)	Prec@5 87.500 (88.382)
Epoch [24] Training Results: Prec@1 60.700 Prec@5 88.300             Loss 1.37942
Epoch [24] Training Class Recall: [0.766,0.654,0.070,0.360,0.324,0.614,0.449,0.421,0.675,0.858]

Epoch: [25][0/40], lr: 0.01000	Loss 1.1748 (1.1748)	Prec@1 71.875 (71.875)	Prec@5 92.188 (92.188)
Epoch: [25][10/40], lr: 0.01000	Loss 1.3309 (1.4424)	Prec@1 63.281 (59.730)	Prec@5 90.625 (87.571)
Epoch: [25][20/40], lr: 0.01000	Loss 1.4594 (1.4111)	Prec@1 64.062 (60.751)	Prec@5 82.812 (87.500)
Epoch: [25][30/40], lr: 0.01000	Loss 1.2497 (1.3805)	Prec@1 64.844 (61.492)	Prec@5 92.969 (88.080)
Epoch [25] Training Results: Prec@1 61.280 Prec@5 88.020             Loss 1.38674
Epoch [25] Training Class Recall: [0.745,0.664,0.120,0.366,0.351,0.631,0.437,0.448,0.648,0.873]

Epoch: [26][0/40], lr: 0.01000	Loss 1.3615 (1.3615)	Prec@1 63.281 (63.281)	Prec@5 87.500 (87.500)
Epoch: [26][10/40], lr: 0.01000	Loss 1.4782 (1.4014)	Prec@1 60.156 (60.156)	Prec@5 86.719 (87.713)
Epoch: [26][20/40], lr: 0.01000	Loss 1.4395 (1.3855)	Prec@1 60.156 (61.198)	Prec@5 85.156 (87.872)
Epoch: [26][30/40], lr: 0.01000	Loss 1.3769 (1.3671)	Prec@1 61.719 (61.870)	Prec@5 90.625 (88.004)
Epoch [26] Training Results: Prec@1 61.660 Prec@5 88.100             Loss 1.37310
Epoch [26] Training Class Recall: [0.746,0.674,0.135,0.391,0.313,0.667,0.430,0.427,0.648,0.863]

Epoch: [27][0/40], lr: 0.01000	Loss 1.5507 (1.5507)	Prec@1 58.594 (58.594)	Prec@5 85.938 (85.938)
Epoch: [27][10/40], lr: 0.01000	Loss 1.4637 (1.3970)	Prec@1 60.156 (60.866)	Prec@5 82.812 (87.500)
Epoch: [27][20/40], lr: 0.01000	Loss 1.3083 (1.3663)	Prec@1 63.281 (62.054)	Prec@5 88.281 (88.021)
Epoch: [27][30/40], lr: 0.01000	Loss 1.2546 (1.3515)	Prec@1 65.625 (62.097)	Prec@5 90.625 (88.155)
Epoch [27] Training Results: Prec@1 62.140 Prec@5 87.900             Loss 1.35722
Epoch [27] Training Class Recall: [0.782,0.654,0.125,0.397,0.321,0.658,0.433,0.412,0.685,0.864]

Epoch: [28][0/40], lr: 0.01000	Loss 1.3060 (1.3060)	Prec@1 64.062 (64.062)	Prec@5 89.062 (89.062)
Epoch: [28][10/40], lr: 0.01000	Loss 1.4253 (1.3587)	Prec@1 61.719 (61.861)	Prec@5 86.719 (89.347)
Epoch: [28][20/40], lr: 0.01000	Loss 1.2401 (1.3336)	Prec@1 61.719 (62.798)	Prec@5 89.062 (89.062)
Epoch: [28][30/40], lr: 0.01000	Loss 1.2107 (1.3276)	Prec@1 68.750 (63.332)	Prec@5 89.062 (88.634)
Epoch [28] Training Results: Prec@1 63.140 Prec@5 88.720             Loss 1.33195
Epoch [28] Training Class Recall: [0.749,0.696,0.160,0.427,0.347,0.671,0.427,0.452,0.672,0.871]

Epoch: [29][0/40], lr: 0.01000	Loss 1.3896 (1.3896)	Prec@1 59.375 (59.375)	Prec@5 86.719 (86.719)
Epoch: [29][10/40], lr: 0.01000	Loss 1.3005 (1.3142)	Prec@1 63.281 (62.926)	Prec@5 85.938 (88.423)
Epoch: [29][20/40], lr: 0.01000	Loss 1.7107 (1.3323)	Prec@1 53.906 (62.388)	Prec@5 81.250 (88.244)
Epoch: [29][30/40], lr: 0.01000	Loss 1.2038 (1.3152)	Prec@1 70.312 (63.634)	Prec@5 90.625 (88.810)
Epoch [29] Training Results: Prec@1 63.580 Prec@5 88.800             Loss 1.32316
Epoch [29] Training Class Recall: [0.773,0.684,0.095,0.409,0.378,0.659,0.446,0.491,0.697,0.875]

Epoch: [30][0/40], lr: 0.01000	Loss 1.4254 (1.4254)	Prec@1 62.500 (62.500)	Prec@5 86.719 (86.719)
Epoch: [30][10/40], lr: 0.01000	Loss 1.4148 (1.3359)	Prec@1 60.938 (63.068)	Prec@5 89.062 (89.986)
Epoch: [30][20/40], lr: 0.01000	Loss 1.4880 (1.3798)	Prec@1 56.250 (61.607)	Prec@5 88.281 (88.356)
Epoch: [30][30/40], lr: 0.01000	Loss 1.1588 (1.3528)	Prec@1 67.969 (62.525)	Prec@5 90.625 (88.710)
Epoch [30] Training Results: Prec@1 62.700 Prec@5 88.540             Loss 1.36023
Epoch [30] Training Class Recall: [0.773,0.671,0.150,0.405,0.366,0.674,0.461,0.427,0.672,0.848]

Epoch: [31][0/40], lr: 0.01000	Loss 1.3360 (1.3360)	Prec@1 64.844 (64.844)	Prec@5 83.594 (83.594)
Epoch: [31][10/40], lr: 0.01000	Loss 1.3020 (1.3243)	Prec@1 61.719 (63.281)	Prec@5 90.625 (88.494)
Epoch: [31][20/40], lr: 0.01000	Loss 1.3198 (1.3183)	Prec@1 65.625 (63.690)	Prec@5 89.844 (88.430)
Epoch: [31][30/40], lr: 0.01000	Loss 1.1735 (1.2957)	Prec@1 66.406 (64.289)	Prec@5 92.188 (89.113)
Epoch [31] Training Results: Prec@1 64.520 Prec@5 88.940             Loss 1.29582
Epoch [31] Training Class Recall: [0.797,0.701,0.135,0.444,0.351,0.664,0.455,0.491,0.685,0.874]

Epoch: [32][0/40], lr: 0.01000	Loss 1.0614 (1.0614)	Prec@1 70.312 (70.312)	Prec@5 96.875 (96.875)
Epoch: [32][10/40], lr: 0.01000	Loss 1.2718 (1.3451)	Prec@1 66.406 (61.648)	Prec@5 85.938 (89.347)
Epoch: [32][20/40], lr: 0.01000	Loss 1.4475 (1.3299)	Prec@1 60.156 (62.909)	Prec@5 82.812 (88.579)
Epoch: [32][30/40], lr: 0.01000	Loss 1.4230 (1.3130)	Prec@1 59.375 (63.458)	Prec@5 83.594 (88.684)
Epoch [32] Training Results: Prec@1 63.860 Prec@5 88.680             Loss 1.30573
Epoch [32] Training Class Recall: [0.773,0.704,0.120,0.407,0.351,0.680,0.464,0.479,0.692,0.865]

Epoch: [33][0/40], lr: 0.01000	Loss 1.4275 (1.4275)	Prec@1 60.156 (60.156)	Prec@5 88.281 (88.281)
Epoch: [33][10/40], lr: 0.01000	Loss 1.2293 (1.3388)	Prec@1 64.844 (62.642)	Prec@5 89.844 (89.489)
Epoch: [33][20/40], lr: 0.01000	Loss 1.1828 (1.3189)	Prec@1 71.875 (63.690)	Prec@5 89.062 (89.025)
Epoch: [33][30/40], lr: 0.01000	Loss 1.2769 (1.3234)	Prec@1 64.844 (63.886)	Prec@5 86.719 (88.684)
Epoch [33] Training Results: Prec@1 64.620 Prec@5 88.720             Loss 1.30591
Epoch [33] Training Class Recall: [0.788,0.682,0.160,0.470,0.374,0.662,0.461,0.491,0.672,0.877]

Epoch: [34][0/40], lr: 0.01000	Loss 1.3894 (1.3894)	Prec@1 57.812 (57.812)	Prec@5 86.719 (86.719)
Epoch: [34][10/40], lr: 0.01000	Loss 1.0978 (1.3316)	Prec@1 71.875 (62.500)	Prec@5 93.750 (89.062)
Epoch: [34][20/40], lr: 0.01000	Loss 1.2998 (1.3106)	Prec@1 62.500 (63.951)	Prec@5 92.188 (89.174)
Epoch: [34][30/40], lr: 0.01000	Loss 1.2615 (1.2750)	Prec@1 67.969 (65.449)	Prec@5 89.062 (89.667)
Epoch [34] Training Results: Prec@1 65.360 Prec@5 89.160             Loss 1.28169
Epoch [34] Training Class Recall: [0.797,0.716,0.145,0.505,0.389,0.668,0.443,0.503,0.682,0.861]

Epoch: [35][0/40], lr: 0.01000	Loss 1.3186 (1.3186)	Prec@1 65.625 (65.625)	Prec@5 88.281 (88.281)
Epoch: [35][10/40], lr: 0.01000	Loss 1.1770 (1.3918)	Prec@1 64.844 (60.085)	Prec@5 93.750 (88.423)
Epoch: [35][20/40], lr: 0.01000	Loss 1.2028 (1.3501)	Prec@1 70.312 (62.128)	Prec@5 92.188 (88.951)
Epoch: [35][30/40], lr: 0.01000	Loss 1.2794 (1.3272)	Prec@1 60.156 (63.004)	Prec@5 92.188 (89.012)
Epoch [35] Training Results: Prec@1 63.660 Prec@5 89.020             Loss 1.31531
Epoch [35] Training Class Recall: [0.777,0.669,0.145,0.454,0.336,0.655,0.430,0.509,0.677,0.873]

Epoch: [36][0/40], lr: 0.01000	Loss 1.1296 (1.1296)	Prec@1 67.969 (67.969)	Prec@5 92.188 (92.188)
Epoch: [36][10/40], lr: 0.01000	Loss 1.3100 (1.3069)	Prec@1 63.281 (64.276)	Prec@5 89.844 (88.565)
Epoch: [36][20/40], lr: 0.01000	Loss 1.4228 (1.3132)	Prec@1 60.156 (63.728)	Prec@5 90.625 (88.951)
Epoch: [36][30/40], lr: 0.01000	Loss 1.1942 (1.2844)	Prec@1 65.625 (64.390)	Prec@5 92.969 (89.491)
Epoch [36] Training Results: Prec@1 64.600 Prec@5 89.420             Loss 1.28097
Epoch [36] Training Class Recall: [0.753,0.701,0.165,0.464,0.412,0.683,0.433,0.485,0.682,0.876]

Epoch: [37][0/40], lr: 0.01000	Loss 1.1379 (1.1379)	Prec@1 71.875 (71.875)	Prec@5 89.844 (89.844)
Epoch: [37][10/40], lr: 0.01000	Loss 1.3736 (1.3465)	Prec@1 64.844 (62.713)	Prec@5 85.156 (88.707)
Epoch: [37][20/40], lr: 0.01000	Loss 1.2850 (1.2987)	Prec@1 61.719 (64.286)	Prec@5 86.719 (88.802)
Epoch: [37][30/40], lr: 0.01000	Loss 1.1043 (1.2787)	Prec@1 72.656 (65.096)	Prec@5 88.281 (89.214)
Epoch [37] Training Results: Prec@1 65.380 Prec@5 89.180             Loss 1.27651
Epoch [37] Training Class Recall: [0.772,0.688,0.140,0.493,0.435,0.683,0.458,0.539,0.663,0.875]

Epoch: [38][0/40], lr: 0.01000	Loss 1.1270 (1.1270)	Prec@1 67.969 (67.969)	Prec@5 96.094 (96.094)
Epoch: [38][10/40], lr: 0.01000	Loss 1.2854 (1.2429)	Prec@1 67.188 (64.347)	Prec@5 92.969 (92.188)
Epoch: [38][20/40], lr: 0.01000	Loss 1.2879 (1.2611)	Prec@1 64.844 (64.881)	Prec@5 89.844 (90.513)
Epoch: [38][30/40], lr: 0.01000	Loss 1.0966 (1.2323)	Prec@1 74.219 (66.280)	Prec@5 90.625 (90.323)
Epoch [38] Training Results: Prec@1 65.980 Prec@5 89.880             Loss 1.24446
Epoch [38] Training Class Recall: [0.801,0.725,0.155,0.509,0.412,0.670,0.433,0.491,0.687,0.879]

Epoch: [39][0/40], lr: 0.01000	Loss 1.1802 (1.1802)	Prec@1 68.750 (68.750)	Prec@5 88.281 (88.281)
Epoch: [39][10/40], lr: 0.01000	Loss 1.1708 (1.1727)	Prec@1 67.188 (68.821)	Prec@5 92.188 (91.193)
Epoch: [39][20/40], lr: 0.01000	Loss 1.2363 (1.2021)	Prec@1 64.844 (68.080)	Prec@5 87.500 (90.699)
Epoch: [39][30/40], lr: 0.01000	Loss 1.2768 (1.2357)	Prec@1 65.625 (66.986)	Prec@5 88.281 (90.297)
Epoch [39] Training Results: Prec@1 67.380 Prec@5 90.340             Loss 1.22390
Epoch [39] Training Class Recall: [0.790,0.713,0.190,0.562,0.435,0.707,0.474,0.527,0.697,0.870]

Epoch: [40][0/40], lr: 0.01000	Loss 1.2493 (1.2493)	Prec@1 71.094 (71.094)	Prec@5 89.062 (89.062)
Epoch: [40][10/40], lr: 0.01000	Loss 1.2373 (1.3098)	Prec@1 65.625 (64.986)	Prec@5 90.625 (89.560)
Epoch: [40][20/40], lr: 0.01000	Loss 1.3294 (1.2538)	Prec@1 64.062 (66.109)	Prec@5 90.625 (90.439)
Epoch: [40][30/40], lr: 0.01000	Loss 1.3000 (1.2626)	Prec@1 65.625 (65.978)	Prec@5 89.062 (90.423)
Epoch [40] Training Results: Prec@1 66.040 Prec@5 90.540             Loss 1.25666
Epoch [40] Training Class Recall: [0.776,0.701,0.195,0.538,0.389,0.683,0.489,0.518,0.672,0.867]

Epoch: [41][0/40], lr: 0.01000	Loss 1.1780 (1.1780)	Prec@1 66.406 (66.406)	Prec@5 89.062 (89.062)
Epoch: [41][10/40], lr: 0.01000	Loss 1.3621 (1.2701)	Prec@1 57.812 (65.412)	Prec@5 86.719 (89.347)
Epoch: [41][20/40], lr: 0.01000	Loss 1.1947 (1.2640)	Prec@1 65.625 (65.365)	Prec@5 94.531 (89.955)
Epoch: [41][30/40], lr: 0.01000	Loss 1.4644 (1.2519)	Prec@1 61.719 (66.179)	Prec@5 82.031 (89.617)
Epoch [41] Training Results: Prec@1 66.520 Prec@5 89.780             Loss 1.23985
Epoch [41] Training Class Recall: [0.796,0.725,0.195,0.519,0.389,0.695,0.446,0.512,0.692,0.873]

Epoch: [42][0/40], lr: 0.01000	Loss 1.1585 (1.1585)	Prec@1 67.188 (67.188)	Prec@5 92.188 (92.188)
Epoch: [42][10/40], lr: 0.01000	Loss 1.0361 (1.2262)	Prec@1 74.219 (67.188)	Prec@5 95.312 (90.909)
Epoch: [42][20/40], lr: 0.01000	Loss 1.1963 (1.1783)	Prec@1 69.531 (68.452)	Prec@5 88.281 (91.034)
Epoch: [42][30/40], lr: 0.01000	Loss 1.3083 (1.1850)	Prec@1 62.500 (68.070)	Prec@5 92.188 (90.953)
Epoch [42] Training Results: Prec@1 67.820 Prec@5 90.960             Loss 1.19702
Epoch [42] Training Class Recall: [0.790,0.728,0.250,0.544,0.431,0.706,0.461,0.542,0.709,0.876]

Epoch: [43][0/40], lr: 0.01000	Loss 1.2668 (1.2668)	Prec@1 64.062 (64.062)	Prec@5 87.500 (87.500)
Epoch: [43][10/40], lr: 0.01000	Loss 1.0576 (1.2479)	Prec@1 70.312 (65.909)	Prec@5 92.188 (90.412)
Epoch: [43][20/40], lr: 0.01000	Loss 1.2733 (1.2589)	Prec@1 66.406 (65.365)	Prec@5 87.500 (90.253)
Epoch: [43][30/40], lr: 0.01000	Loss 1.2361 (1.2407)	Prec@1 67.188 (66.053)	Prec@5 89.844 (90.751)
Epoch [43] Training Results: Prec@1 66.440 Prec@5 90.880             Loss 1.22858
Epoch [43] Training Class Recall: [0.798,0.715,0.210,0.528,0.374,0.682,0.461,0.506,0.687,0.877]

Epoch: [44][0/40], lr: 0.01000	Loss 1.1064 (1.1064)	Prec@1 69.531 (69.531)	Prec@5 95.312 (95.312)
Epoch: [44][10/40], lr: 0.01000	Loss 1.1508 (1.1920)	Prec@1 67.188 (67.401)	Prec@5 91.406 (91.193)
Epoch: [44][20/40], lr: 0.01000	Loss 1.3171 (1.2024)	Prec@1 67.188 (67.857)	Prec@5 85.938 (90.030)
Epoch: [44][30/40], lr: 0.01000	Loss 1.0012 (1.2059)	Prec@1 72.656 (67.666)	Prec@5 97.656 (90.045)
Epoch [44] Training Results: Prec@1 67.820 Prec@5 90.220             Loss 1.19792
Epoch [44] Training Class Recall: [0.800,0.728,0.250,0.548,0.420,0.703,0.464,0.548,0.697,0.874]

Epoch: [45][0/40], lr: 0.01000	Loss 1.0714 (1.0714)	Prec@1 69.531 (69.531)	Prec@5 92.188 (92.188)
Epoch: [45][10/40], lr: 0.01000	Loss 1.2781 (1.2104)	Prec@1 67.188 (67.614)	Prec@5 89.844 (90.412)
Epoch: [45][20/40], lr: 0.01000	Loss 0.9717 (1.1834)	Prec@1 77.344 (68.192)	Prec@5 94.531 (91.034)
Epoch: [45][30/40], lr: 0.01000	Loss 1.1269 (1.1831)	Prec@1 73.438 (68.372)	Prec@5 89.844 (91.028)
Epoch [45] Training Results: Prec@1 68.540 Prec@5 91.140             Loss 1.17856
Epoch [45] Training Class Recall: [0.789,0.740,0.245,0.566,0.443,0.726,0.455,0.576,0.700,0.874]

Epoch: [46][0/40], lr: 0.01000	Loss 1.2436 (1.2436)	Prec@1 66.406 (66.406)	Prec@5 92.188 (92.188)
Epoch: [46][10/40], lr: 0.01000	Loss 1.1141 (1.2013)	Prec@1 68.750 (67.543)	Prec@5 90.625 (91.548)
Epoch: [46][20/40], lr: 0.01000	Loss 1.2458 (1.1714)	Prec@1 65.625 (67.969)	Prec@5 89.844 (91.815)
Epoch: [46][30/40], lr: 0.01000	Loss 1.2737 (1.1773)	Prec@1 65.625 (67.868)	Prec@5 91.406 (91.633)
Epoch [46] Training Results: Prec@1 68.120 Prec@5 91.120             Loss 1.17935
Epoch [46] Training Class Recall: [0.785,0.730,0.265,0.585,0.431,0.707,0.461,0.536,0.690,0.879]

Epoch: [47][0/40], lr: 0.01000	Loss 1.0978 (1.0978)	Prec@1 68.750 (68.750)	Prec@5 96.094 (96.094)
Epoch: [47][10/40], lr: 0.01000	Loss 1.1983 (1.1503)	Prec@1 68.750 (68.466)	Prec@5 90.625 (92.259)
Epoch: [47][20/40], lr: 0.01000	Loss 1.1480 (1.1800)	Prec@1 67.188 (67.708)	Prec@5 94.531 (91.853)
Epoch: [47][30/40], lr: 0.01000	Loss 1.1777 (1.1984)	Prec@1 68.750 (67.339)	Prec@5 90.625 (91.406)
Epoch [47] Training Results: Prec@1 67.840 Prec@5 91.680             Loss 1.19121
Epoch [47] Training Class Recall: [0.808,0.742,0.235,0.497,0.420,0.731,0.464,0.545,0.692,0.874]

Epoch: [48][0/40], lr: 0.01000	Loss 1.0706 (1.0706)	Prec@1 71.875 (71.875)	Prec@5 89.062 (89.062)
Epoch: [48][10/40], lr: 0.01000	Loss 1.1868 (1.1297)	Prec@1 67.969 (68.537)	Prec@5 90.625 (92.685)
Epoch: [48][20/40], lr: 0.01000	Loss 1.0924 (1.1152)	Prec@1 70.312 (69.754)	Prec@5 90.625 (92.039)
Epoch: [48][30/40], lr: 0.01000	Loss 1.2968 (1.1387)	Prec@1 63.281 (69.330)	Prec@5 88.281 (91.709)
Epoch [48] Training Results: Prec@1 68.800 Prec@5 91.480             Loss 1.15292
Epoch [48] Training Class Recall: [0.810,0.713,0.315,0.571,0.424,0.726,0.480,0.564,0.702,0.870]

Epoch: [49][0/40], lr: 0.01000	Loss 1.2301 (1.2301)	Prec@1 64.844 (64.844)	Prec@5 92.969 (92.969)
Epoch: [49][10/40], lr: 0.01000	Loss 1.1001 (1.1610)	Prec@1 69.531 (68.111)	Prec@5 93.750 (91.477)
Epoch: [49][20/40], lr: 0.01000	Loss 1.0194 (1.1379)	Prec@1 76.562 (69.271)	Prec@5 92.188 (91.778)
Epoch: [49][30/40], lr: 0.01000	Loss 1.1601 (1.1542)	Prec@1 64.844 (69.128)	Prec@5 93.750 (91.557)
Epoch [49] Training Results: Prec@1 68.760 Prec@5 91.340             Loss 1.15832
Epoch [49] Training Class Recall: [0.801,0.720,0.335,0.585,0.462,0.716,0.480,0.545,0.697,0.864]

Epoch: [50][0/40], lr: 0.01000	Loss 1.0237 (1.0237)	Prec@1 75.000 (75.000)	Prec@5 91.406 (91.406)
Epoch: [50][10/40], lr: 0.01000	Loss 1.2590 (1.1799)	Prec@1 63.281 (67.614)	Prec@5 92.969 (92.188)
Epoch: [50][20/40], lr: 0.01000	Loss 0.9930 (1.1558)	Prec@1 76.562 (68.415)	Prec@5 91.406 (92.076)
Epoch: [50][30/40], lr: 0.01000	Loss 1.1850 (1.1603)	Prec@1 71.094 (68.674)	Prec@5 90.625 (91.986)
Epoch [50] Training Results: Prec@1 68.540 Prec@5 91.560             Loss 1.17043
Epoch [50] Training Class Recall: [0.789,0.730,0.260,0.605,0.443,0.734,0.455,0.539,0.675,0.874]

Epoch: [51][0/40], lr: 0.01000	Loss 0.9455 (0.9455)	Prec@1 75.781 (75.781)	Prec@5 94.531 (94.531)
Epoch: [51][10/40], lr: 0.01000	Loss 1.2364 (1.0974)	Prec@1 62.500 (69.815)	Prec@5 91.406 (92.827)
Epoch: [51][20/40], lr: 0.01000	Loss 1.0967 (1.1021)	Prec@1 75.000 (70.201)	Prec@5 92.188 (92.411)
Epoch: [51][30/40], lr: 0.01000	Loss 1.1393 (1.1288)	Prec@1 71.875 (70.035)	Prec@5 91.406 (92.288)
Epoch [51] Training Results: Prec@1 69.760 Prec@5 92.140             Loss 1.14115
Epoch [51] Training Class Recall: [0.820,0.740,0.315,0.593,0.458,0.726,0.458,0.570,0.695,0.883]

Epoch: [52][0/40], lr: 0.01000	Loss 1.1653 (1.1653)	Prec@1 70.312 (70.312)	Prec@5 91.406 (91.406)
Epoch: [52][10/40], lr: 0.01000	Loss 1.2787 (1.2024)	Prec@1 64.062 (66.761)	Prec@5 90.625 (91.335)
Epoch: [52][20/40], lr: 0.01000	Loss 1.0607 (1.1838)	Prec@1 72.656 (67.597)	Prec@5 94.531 (92.188)
Epoch: [52][30/40], lr: 0.01000	Loss 1.1843 (1.1994)	Prec@1 68.750 (67.792)	Prec@5 93.750 (91.860)
Epoch [52] Training Results: Prec@1 68.220 Prec@5 91.560             Loss 1.19232
Epoch [52] Training Class Recall: [0.788,0.736,0.310,0.554,0.447,0.716,0.486,0.482,0.719,0.873]

Epoch: [53][0/40], lr: 0.01000	Loss 1.1703 (1.1703)	Prec@1 67.969 (67.969)	Prec@5 90.625 (90.625)
Epoch: [53][10/40], lr: 0.01000	Loss 1.2112 (1.1360)	Prec@1 64.844 (68.608)	Prec@5 93.750 (92.543)
Epoch: [53][20/40], lr: 0.01000	Loss 1.0928 (1.1425)	Prec@1 69.531 (68.638)	Prec@5 91.406 (92.001)
Epoch: [53][30/40], lr: 0.01000	Loss 1.3384 (1.1420)	Prec@1 64.844 (69.103)	Prec@5 88.281 (91.608)
Epoch [53] Training Results: Prec@1 69.020 Prec@5 91.560             Loss 1.14473
Epoch [53] Training Class Recall: [0.804,0.738,0.325,0.571,0.454,0.728,0.464,0.552,0.685,0.876]

Epoch: [54][0/40], lr: 0.01000	Loss 1.0143 (1.0143)	Prec@1 70.312 (70.312)	Prec@5 92.969 (92.969)
Epoch: [54][10/40], lr: 0.01000	Loss 1.2836 (1.0650)	Prec@1 64.062 (71.165)	Prec@5 91.406 (93.324)
Epoch: [54][20/40], lr: 0.01000	Loss 1.0307 (1.1135)	Prec@1 74.219 (70.089)	Prec@5 93.750 (92.299)
Epoch: [54][30/40], lr: 0.01000	Loss 1.1412 (1.1159)	Prec@1 69.531 (69.960)	Prec@5 93.750 (92.440)
Epoch [54] Training Results: Prec@1 70.640 Prec@5 92.500             Loss 1.10245
Epoch [54] Training Class Recall: [0.825,0.748,0.310,0.609,0.466,0.729,0.495,0.576,0.722,0.882]

Epoch: [55][0/40], lr: 0.01000	Loss 1.1547 (1.1547)	Prec@1 69.531 (69.531)	Prec@5 92.188 (92.188)
Epoch: [55][10/40], lr: 0.01000	Loss 1.0720 (1.0748)	Prec@1 75.000 (71.378)	Prec@5 88.281 (92.898)
Epoch: [55][20/40], lr: 0.01000	Loss 1.0915 (1.0930)	Prec@1 67.969 (69.792)	Prec@5 93.750 (92.671)
Epoch: [55][30/40], lr: 0.01000	Loss 1.2092 (1.1011)	Prec@1 65.625 (69.733)	Prec@5 90.625 (92.389)
Epoch [55] Training Results: Prec@1 70.240 Prec@5 92.580             Loss 1.09512
Epoch [55] Training Class Recall: [0.812,0.740,0.335,0.603,0.466,0.743,0.489,0.573,0.709,0.874]

Epoch: [56][0/40], lr: 0.01000	Loss 1.1427 (1.1427)	Prec@1 64.844 (64.844)	Prec@5 96.875 (96.875)
Epoch: [56][10/40], lr: 0.01000	Loss 1.1315 (1.1873)	Prec@1 71.094 (66.193)	Prec@5 89.844 (92.259)
Epoch: [56][20/40], lr: 0.01000	Loss 1.0496 (1.1608)	Prec@1 73.438 (67.969)	Prec@5 90.625 (92.076)
Epoch: [56][30/40], lr: 0.01000	Loss 1.2094 (1.1655)	Prec@1 68.750 (68.221)	Prec@5 90.625 (91.961)
Epoch [56] Training Results: Prec@1 68.240 Prec@5 91.660             Loss 1.16541
Epoch [56] Training Class Recall: [0.778,0.703,0.260,0.564,0.466,0.735,0.498,0.530,0.702,0.875]

Epoch: [57][0/40], lr: 0.01000	Loss 0.9644 (0.9644)	Prec@1 74.219 (74.219)	Prec@5 96.875 (96.875)
Epoch: [57][10/40], lr: 0.01000	Loss 1.1267 (1.0823)	Prec@1 69.531 (70.455)	Prec@5 89.844 (92.827)
Epoch: [57][20/40], lr: 0.01000	Loss 1.2692 (1.0757)	Prec@1 64.062 (70.647)	Prec@5 92.188 (92.708)
Epoch: [57][30/40], lr: 0.01000	Loss 1.2113 (1.0768)	Prec@1 66.406 (70.489)	Prec@5 88.281 (92.490)
Epoch [57] Training Results: Prec@1 70.380 Prec@5 92.760             Loss 1.07988
Epoch [57] Training Class Recall: [0.813,0.743,0.325,0.591,0.462,0.747,0.492,0.573,0.717,0.880]

Epoch: [58][0/40], lr: 0.01000	Loss 0.8968 (0.8968)	Prec@1 77.344 (77.344)	Prec@5 96.094 (96.094)
Epoch: [58][10/40], lr: 0.01000	Loss 1.1294 (1.1644)	Prec@1 68.750 (67.827)	Prec@5 91.406 (93.324)
Epoch: [58][20/40], lr: 0.01000	Loss 1.0837 (1.1676)	Prec@1 73.438 (68.341)	Prec@5 93.750 (92.857)
Epoch: [58][30/40], lr: 0.01000	Loss 1.2816 (1.1416)	Prec@1 66.406 (69.204)	Prec@5 89.062 (92.742)
Epoch [58] Training Results: Prec@1 69.220 Prec@5 92.620             Loss 1.13745
Epoch [58] Training Class Recall: [0.788,0.731,0.340,0.573,0.477,0.744,0.474,0.561,0.685,0.875]

Epoch: [59][0/40], lr: 0.01000	Loss 1.0514 (1.0514)	Prec@1 69.531 (69.531)	Prec@5 94.531 (94.531)
Epoch: [59][10/40], lr: 0.01000	Loss 1.0943 (1.1504)	Prec@1 68.750 (66.903)	Prec@5 92.969 (93.040)
Epoch: [59][20/40], lr: 0.01000	Loss 1.3052 (1.1842)	Prec@1 63.281 (67.076)	Prec@5 90.625 (92.411)
Epoch: [59][30/40], lr: 0.01000	Loss 0.9424 (1.1515)	Prec@1 78.906 (68.498)	Prec@5 92.969 (92.465)
Epoch [59] Training Results: Prec@1 69.060 Prec@5 92.380             Loss 1.13788
Epoch [59] Training Class Recall: [0.794,0.715,0.325,0.607,0.443,0.720,0.495,0.548,0.709,0.870]

Epoch: [60][0/40], lr: 0.01000	Loss 0.9655 (0.9655)	Prec@1 72.656 (72.656)	Prec@5 95.312 (95.312)
Epoch: [60][10/40], lr: 0.01000	Loss 0.9294 (1.0802)	Prec@1 75.000 (70.384)	Prec@5 94.531 (93.111)
Epoch: [60][20/40], lr: 0.01000	Loss 1.0511 (1.0697)	Prec@1 69.531 (70.908)	Prec@5 94.531 (93.304)
Epoch: [60][30/40], lr: 0.01000	Loss 0.9180 (1.0827)	Prec@1 75.000 (70.363)	Prec@5 99.219 (93.246)
Epoch [60] Training Results: Prec@1 70.520 Prec@5 93.280             Loss 1.08506
Epoch [60] Training Class Recall: [0.796,0.742,0.340,0.628,0.477,0.738,0.505,0.588,0.697,0.880]

Epoch: [61][0/40], lr: 0.01000	Loss 0.9486 (0.9486)	Prec@1 72.656 (72.656)	Prec@5 96.875 (96.875)
Epoch: [61][10/40], lr: 0.01000	Loss 1.3344 (1.0951)	Prec@1 62.500 (69.531)	Prec@5 88.281 (92.543)
Epoch: [61][20/40], lr: 0.01000	Loss 1.0521 (1.0831)	Prec@1 68.750 (69.978)	Prec@5 90.625 (92.634)
Epoch: [61][30/40], lr: 0.01000	Loss 0.8685 (1.0730)	Prec@1 77.344 (70.186)	Prec@5 97.656 (93.271)
Epoch [61] Training Results: Prec@1 69.680 Prec@5 93.100             Loss 1.09488
Epoch [61] Training Class Recall: [0.793,0.738,0.360,0.611,0.473,0.707,0.492,0.570,0.690,0.882]

Epoch: [62][0/40], lr: 0.01000	Loss 0.9799 (0.9799)	Prec@1 77.344 (77.344)	Prec@5 94.531 (94.531)
Epoch: [62][10/40], lr: 0.01000	Loss 1.0261 (1.1018)	Prec@1 71.875 (69.105)	Prec@5 92.188 (93.111)
Epoch: [62][20/40], lr: 0.01000	Loss 1.1140 (1.0999)	Prec@1 69.531 (69.457)	Prec@5 91.406 (92.820)
Epoch: [62][30/40], lr: 0.01000	Loss 1.3195 (1.0964)	Prec@1 65.625 (69.607)	Prec@5 89.062 (92.767)
Epoch [62] Training Results: Prec@1 69.880 Prec@5 92.840             Loss 1.09205
Epoch [62] Training Class Recall: [0.800,0.730,0.360,0.599,0.477,0.731,0.498,0.555,0.709,0.876]

Epoch: [63][0/40], lr: 0.01000	Loss 0.8534 (0.8534)	Prec@1 77.344 (77.344)	Prec@5 96.094 (96.094)
Epoch: [63][10/40], lr: 0.01000	Loss 0.9845 (1.0118)	Prec@1 70.312 (72.443)	Prec@5 95.312 (93.395)
Epoch: [63][20/40], lr: 0.01000	Loss 0.9658 (1.0416)	Prec@1 71.094 (71.094)	Prec@5 94.531 (93.564)
Epoch: [63][30/40], lr: 0.01000	Loss 1.1239 (1.0597)	Prec@1 68.750 (70.716)	Prec@5 90.625 (93.170)
Epoch [63] Training Results: Prec@1 70.940 Prec@5 93.140             Loss 1.05134
Epoch [63] Training Class Recall: [0.821,0.721,0.370,0.628,0.496,0.743,0.492,0.594,0.700,0.881]

Epoch: [64][0/40], lr: 0.01000	Loss 1.2085 (1.2085)	Prec@1 67.188 (67.188)	Prec@5 89.844 (89.844)
Epoch: [64][10/40], lr: 0.01000	Loss 1.0857 (1.2546)	Prec@1 71.094 (64.062)	Prec@5 91.406 (90.483)
Epoch: [64][20/40], lr: 0.01000	Loss 1.1548 (1.1862)	Prec@1 68.750 (66.071)	Prec@5 93.750 (91.853)
Epoch: [64][30/40], lr: 0.01000	Loss 1.1257 (1.1376)	Prec@1 69.531 (68.095)	Prec@5 94.531 (92.288)
Epoch [64] Training Results: Prec@1 68.460 Prec@5 92.300             Loss 1.13004
Epoch [64] Training Class Recall: [0.796,0.726,0.345,0.571,0.469,0.713,0.452,0.533,0.687,0.872]

Epoch: [65][0/40], lr: 0.01000	Loss 0.9295 (0.9295)	Prec@1 74.219 (74.219)	Prec@5 94.531 (94.531)
Epoch: [65][10/40], lr: 0.01000	Loss 1.0194 (1.0687)	Prec@1 72.656 (70.241)	Prec@5 91.406 (93.253)
Epoch: [65][20/40], lr: 0.01000	Loss 0.9966 (1.0817)	Prec@1 71.094 (69.606)	Prec@5 94.531 (93.192)
Epoch: [65][30/40], lr: 0.01000	Loss 1.0458 (1.0689)	Prec@1 70.312 (69.960)	Prec@5 93.750 (93.548)
Epoch [65] Training Results: Prec@1 70.040 Prec@5 93.240             Loss 1.07801
Epoch [65] Training Class Recall: [0.812,0.735,0.295,0.620,0.450,0.725,0.511,0.573,0.702,0.878]

Epoch: [66][0/40], lr: 0.01000	Loss 1.1592 (1.1592)	Prec@1 64.844 (64.844)	Prec@5 94.531 (94.531)
Epoch: [66][10/40], lr: 0.01000	Loss 0.7508 (1.0816)	Prec@1 81.250 (70.881)	Prec@5 96.094 (92.188)
Epoch: [66][20/40], lr: 0.01000	Loss 0.9327 (1.0434)	Prec@1 77.344 (71.763)	Prec@5 95.312 (93.452)
Epoch: [66][30/40], lr: 0.01000	Loss 1.0672 (1.0427)	Prec@1 71.875 (72.001)	Prec@5 94.531 (93.574)
Epoch [66] Training Results: Prec@1 71.880 Prec@5 93.860             Loss 1.04186
Epoch [66] Training Class Recall: [0.821,0.752,0.370,0.630,0.504,0.747,0.539,0.591,0.717,0.883]

Epoch: [67][0/40], lr: 0.01000	Loss 1.0018 (1.0018)	Prec@1 71.875 (71.875)	Prec@5 92.969 (92.969)
Epoch: [67][10/40], lr: 0.01000	Loss 1.1118 (1.0352)	Prec@1 70.312 (71.378)	Prec@5 97.656 (93.750)
Epoch: [67][20/40], lr: 0.01000	Loss 1.2484 (1.0684)	Prec@1 65.625 (70.387)	Prec@5 92.969 (93.676)
Epoch: [67][30/40], lr: 0.01000	Loss 1.0941 (1.0548)	Prec@1 71.875 (71.195)	Prec@5 92.969 (93.548)
Epoch [67] Training Results: Prec@1 71.140 Prec@5 93.580             Loss 1.05480
Epoch [67] Training Class Recall: [0.816,0.750,0.410,0.622,0.462,0.747,0.502,0.576,0.704,0.880]

Epoch: [68][0/40], lr: 0.01000	Loss 1.0328 (1.0328)	Prec@1 72.656 (72.656)	Prec@5 94.531 (94.531)
Epoch: [68][10/40], lr: 0.01000	Loss 1.0839 (1.0501)	Prec@1 69.531 (70.526)	Prec@5 94.531 (93.963)
Epoch: [68][20/40], lr: 0.01000	Loss 1.2608 (1.0912)	Prec@1 66.406 (69.754)	Prec@5 93.750 (93.787)
Epoch: [68][30/40], lr: 0.01000	Loss 1.1007 (1.0822)	Prec@1 68.750 (70.237)	Prec@5 92.188 (93.422)
Epoch [68] Training Results: Prec@1 70.400 Prec@5 93.460             Loss 1.07635
Epoch [68] Training Class Recall: [0.812,0.740,0.310,0.589,0.542,0.747,0.511,0.524,0.707,0.881]

Epoch: [69][0/40], lr: 0.01000	Loss 0.9254 (0.9254)	Prec@1 75.781 (75.781)	Prec@5 94.531 (94.531)
Epoch: [69][10/40], lr: 0.01000	Loss 0.9931 (1.0556)	Prec@1 74.219 (71.236)	Prec@5 95.312 (92.827)
Epoch: [69][20/40], lr: 0.01000	Loss 0.7956 (1.0389)	Prec@1 78.906 (71.429)	Prec@5 96.094 (93.266)
Epoch: [69][30/40], lr: 0.01000	Loss 1.0185 (1.0441)	Prec@1 73.438 (71.195)	Prec@5 92.188 (93.271)
Epoch [69] Training Results: Prec@1 71.100 Prec@5 93.440             Loss 1.04565
Epoch [69] Training Class Recall: [0.804,0.731,0.340,0.644,0.515,0.735,0.523,0.579,0.712,0.884]

Epoch: [70][0/40], lr: 0.01000	Loss 1.2298 (1.2298)	Prec@1 68.750 (68.750)	Prec@5 89.844 (89.844)
Epoch: [70][10/40], lr: 0.01000	Loss 0.9525 (0.9967)	Prec@1 75.000 (74.006)	Prec@5 92.969 (93.608)
Epoch: [70][20/40], lr: 0.01000	Loss 1.0399 (1.0174)	Prec@1 69.531 (72.693)	Prec@5 95.312 (93.676)
Epoch: [70][30/40], lr: 0.01000	Loss 1.0123 (1.0241)	Prec@1 70.312 (72.228)	Prec@5 93.750 (93.548)
Epoch [70] Training Results: Prec@1 72.140 Prec@5 93.580             Loss 1.03038
Epoch [70] Training Class Recall: [0.809,0.758,0.425,0.654,0.546,0.753,0.483,0.588,0.712,0.884]

Epoch: [71][0/40], lr: 0.01000	Loss 0.8195 (0.8195)	Prec@1 78.906 (78.906)	Prec@5 96.094 (96.094)
Epoch: [71][10/40], lr: 0.01000	Loss 0.8109 (0.9881)	Prec@1 75.781 (72.159)	Prec@5 95.312 (94.957)
Epoch: [71][20/40], lr: 0.01000	Loss 1.0010 (0.9815)	Prec@1 70.312 (72.545)	Prec@5 96.875 (95.089)
Epoch: [71][30/40], lr: 0.01000	Loss 1.0643 (1.0123)	Prec@1 68.750 (71.925)	Prec@5 91.406 (94.733)
Epoch [71] Training Results: Prec@1 71.540 Prec@5 94.580             Loss 1.02635
Epoch [71] Training Class Recall: [0.834,0.730,0.410,0.640,0.519,0.729,0.505,0.561,0.707,0.889]

Epoch: [72][0/40], lr: 0.01000	Loss 0.9596 (0.9596)	Prec@1 75.000 (75.000)	Prec@5 96.875 (96.875)
Epoch: [72][10/40], lr: 0.01000	Loss 0.9473 (0.9996)	Prec@1 70.312 (70.170)	Prec@5 96.094 (95.455)
Epoch: [72][20/40], lr: 0.01000	Loss 1.1956 (0.9702)	Prec@1 65.625 (71.763)	Prec@5 89.844 (95.350)
Epoch: [72][30/40], lr: 0.01000	Loss 1.2919 (0.9975)	Prec@1 64.062 (71.648)	Prec@5 89.062 (94.632)
Epoch [72] Training Results: Prec@1 71.760 Prec@5 94.560             Loss 1.00532
Epoch [72] Training Class Recall: [0.816,0.723,0.375,0.624,0.550,0.743,0.539,0.627,0.702,0.885]

Epoch: [73][0/40], lr: 0.01000	Loss 0.9733 (0.9733)	Prec@1 73.438 (73.438)	Prec@5 93.750 (93.750)
Epoch: [73][10/40], lr: 0.01000	Loss 1.1768 (1.2095)	Prec@1 67.969 (66.690)	Prec@5 89.062 (91.903)
Epoch: [73][20/40], lr: 0.01000	Loss 1.0171 (1.1765)	Prec@1 71.875 (67.522)	Prec@5 95.312 (92.560)
Epoch: [73][30/40], lr: 0.01000	Loss 1.1246 (1.1352)	Prec@1 70.312 (68.876)	Prec@5 93.750 (93.044)
Epoch [73] Training Results: Prec@1 68.960 Prec@5 93.000             Loss 1.14134
Epoch [73] Training Class Recall: [0.774,0.730,0.340,0.573,0.443,0.738,0.498,0.579,0.697,0.866]

Epoch: [74][0/40], lr: 0.01000	Loss 1.0202 (1.0202)	Prec@1 73.438 (73.438)	Prec@5 96.094 (96.094)
Epoch: [74][10/40], lr: 0.01000	Loss 1.1379 (1.0420)	Prec@1 66.406 (70.810)	Prec@5 92.969 (94.176)
Epoch: [74][20/40], lr: 0.01000	Loss 1.0564 (1.0493)	Prec@1 67.188 (70.647)	Prec@5 94.531 (93.936)
Epoch: [74][30/40], lr: 0.01000	Loss 1.1123 (1.0252)	Prec@1 70.312 (71.774)	Prec@5 92.969 (94.103)
Epoch [74] Training Results: Prec@1 71.720 Prec@5 94.000             Loss 1.02946
Epoch [74] Training Class Recall: [0.821,0.720,0.375,0.634,0.511,0.786,0.511,0.567,0.714,0.881]

Epoch: [75][0/40], lr: 0.01000	Loss 0.8848 (0.8848)	Prec@1 76.562 (76.562)	Prec@5 96.094 (96.094)
Epoch: [75][10/40], lr: 0.01000	Loss 1.1188 (1.0155)	Prec@1 65.625 (71.520)	Prec@5 93.750 (93.821)
Epoch: [75][20/40], lr: 0.01000	Loss 0.8189 (0.9833)	Prec@1 77.344 (72.433)	Prec@5 96.094 (94.196)
Epoch: [75][30/40], lr: 0.01000	Loss 1.0420 (0.9555)	Prec@1 72.656 (73.513)	Prec@5 94.531 (94.657)
Epoch [75] Training Results: Prec@1 73.680 Prec@5 94.660             Loss 0.95731
Epoch [75] Training Class Recall: [0.834,0.760,0.410,0.673,0.546,0.773,0.551,0.621,0.712,0.888]

Epoch: [76][0/40], lr: 0.01000	Loss 0.9637 (0.9637)	Prec@1 72.656 (72.656)	Prec@5 93.750 (93.750)
Epoch: [76][10/40], lr: 0.01000	Loss 0.9433 (1.0007)	Prec@1 73.438 (72.017)	Prec@5 90.625 (94.034)
Epoch: [76][20/40], lr: 0.01000	Loss 0.8986 (1.0058)	Prec@1 75.781 (72.135)	Prec@5 94.531 (94.234)
Epoch: [76][30/40], lr: 0.01000	Loss 1.0507 (1.0001)	Prec@1 71.094 (72.228)	Prec@5 93.750 (94.607)
Epoch [76] Training Results: Prec@1 72.300 Prec@5 94.500             Loss 0.99934
Epoch [76] Training Class Recall: [0.826,0.745,0.370,0.642,0.496,0.755,0.551,0.612,0.709,0.887]

Epoch: [77][0/40], lr: 0.01000	Loss 0.8967 (0.8967)	Prec@1 71.094 (71.094)	Prec@5 98.438 (98.438)
Epoch: [77][10/40], lr: 0.01000	Loss 0.8975 (0.9807)	Prec@1 77.344 (72.372)	Prec@5 94.531 (94.815)
Epoch: [77][20/40], lr: 0.01000	Loss 1.1083 (0.9735)	Prec@1 67.969 (72.879)	Prec@5 93.750 (94.680)
Epoch: [77][30/40], lr: 0.01000	Loss 0.9321 (1.0003)	Prec@1 74.219 (71.900)	Prec@5 95.312 (94.556)
Epoch [77] Training Results: Prec@1 71.940 Prec@5 94.480             Loss 1.00635
Epoch [77] Training Class Recall: [0.825,0.760,0.420,0.634,0.519,0.735,0.548,0.558,0.717,0.878]

Epoch: [78][0/40], lr: 0.01000	Loss 0.9099 (0.9099)	Prec@1 75.781 (75.781)	Prec@5 95.312 (95.312)
Epoch: [78][10/40], lr: 0.01000	Loss 1.0873 (0.9890)	Prec@1 71.875 (70.597)	Prec@5 90.625 (94.886)
Epoch: [78][20/40], lr: 0.01000	Loss 0.8374 (0.9621)	Prec@1 75.781 (72.433)	Prec@5 94.531 (94.829)
Epoch: [78][30/40], lr: 0.01000	Loss 1.1961 (0.9708)	Prec@1 67.969 (72.908)	Prec@5 94.531 (94.884)
Epoch [78] Training Results: Prec@1 73.080 Prec@5 95.020             Loss 0.96425
Epoch [78] Training Class Recall: [0.826,0.758,0.505,0.661,0.519,0.734,0.548,0.624,0.712,0.885]

Epoch: [79][0/40], lr: 0.01000	Loss 0.7804 (0.7804)	Prec@1 81.250 (81.250)	Prec@5 98.438 (98.438)
Epoch: [79][10/40], lr: 0.01000	Loss 1.0011 (0.9109)	Prec@1 70.312 (74.929)	Prec@5 93.750 (95.526)
Epoch: [79][20/40], lr: 0.01000	Loss 0.9258 (0.9552)	Prec@1 73.438 (73.810)	Prec@5 94.531 (95.610)
Epoch: [79][30/40], lr: 0.01000	Loss 0.9770 (0.9591)	Prec@1 70.312 (73.362)	Prec@5 93.750 (95.338)
Epoch [79] Training Results: Prec@1 72.640 Prec@5 95.300             Loss 0.97546
Epoch [79] Training Class Recall: [0.826,0.747,0.430,0.644,0.553,0.741,0.557,0.612,0.709,0.882]

Epoch: [80][0/40], lr: 0.01000	Loss 1.0389 (1.0389)	Prec@1 68.750 (68.750)	Prec@5 94.531 (94.531)
Epoch: [80][10/40], lr: 0.01000	Loss 1.0121 (0.9832)	Prec@1 72.656 (71.875)	Prec@5 93.750 (94.886)
Epoch: [80][20/40], lr: 0.01000	Loss 0.9558 (0.9694)	Prec@1 72.656 (72.842)	Prec@5 96.875 (94.978)
Epoch: [80][30/40], lr: 0.01000	Loss 0.8247 (0.9664)	Prec@1 78.906 (72.959)	Prec@5 97.656 (95.086)
Epoch [80] Training Results: Prec@1 73.240 Prec@5 95.020             Loss 0.95949
Epoch [80] Training Class Recall: [0.826,0.765,0.435,0.636,0.542,0.762,0.567,0.618,0.714,0.886]

Epoch: [81][0/40], lr: 0.01000	Loss 0.9213 (0.9213)	Prec@1 71.875 (71.875)	Prec@5 97.656 (97.656)
Epoch: [81][10/40], lr: 0.01000	Loss 1.0124 (1.0579)	Prec@1 69.531 (69.460)	Prec@5 97.656 (94.034)
Epoch: [81][20/40], lr: 0.01000	Loss 0.8623 (1.0497)	Prec@1 82.812 (70.312)	Prec@5 96.094 (94.531)
Epoch: [81][30/40], lr: 0.01000	Loss 1.0042 (1.0106)	Prec@1 71.094 (71.724)	Prec@5 93.750 (94.783)
Epoch [81] Training Results: Prec@1 71.700 Prec@5 94.900             Loss 1.00635
Epoch [81] Training Class Recall: [0.793,0.747,0.390,0.628,0.531,0.746,0.526,0.600,0.722,0.888]

Epoch: [82][0/40], lr: 0.01000	Loss 0.8165 (0.8165)	Prec@1 75.000 (75.000)	Prec@5 97.656 (97.656)
Epoch: [82][10/40], lr: 0.01000	Loss 1.1084 (1.0967)	Prec@1 67.969 (68.253)	Prec@5 96.094 (94.602)
Epoch: [82][20/40], lr: 0.01000	Loss 1.1302 (1.0786)	Prec@1 70.312 (69.345)	Prec@5 92.188 (94.494)
Epoch: [82][30/40], lr: 0.01000	Loss 1.0283 (1.0303)	Prec@1 74.219 (71.069)	Prec@5 93.750 (94.506)
Epoch [82] Training Results: Prec@1 71.440 Prec@5 94.480             Loss 1.02817
Epoch [82] Training Class Recall: [0.808,0.721,0.425,0.630,0.538,0.755,0.526,0.588,0.690,0.880]

Epoch: [83][0/40], lr: 0.01000	Loss 0.7966 (0.7966)	Prec@1 78.125 (78.125)	Prec@5 98.438 (98.438)
Epoch: [83][10/40], lr: 0.01000	Loss 1.2061 (1.0524)	Prec@1 67.188 (70.881)	Prec@5 91.406 (94.105)
Epoch: [83][20/40], lr: 0.01000	Loss 1.0937 (1.0546)	Prec@1 71.094 (71.057)	Prec@5 93.750 (94.085)
Epoch: [83][30/40], lr: 0.01000	Loss 1.0500 (1.0392)	Prec@1 68.750 (71.195)	Prec@5 95.312 (94.355)
Epoch [83] Training Results: Prec@1 71.820 Prec@5 94.560             Loss 1.02725
Epoch [83] Training Class Recall: [0.801,0.720,0.395,0.638,0.569,0.758,0.523,0.603,0.722,0.880]

Epoch: [84][0/40], lr: 0.01000	Loss 0.7905 (0.7905)	Prec@1 81.250 (81.250)	Prec@5 97.656 (97.656)
Epoch: [84][10/40], lr: 0.01000	Loss 0.9761 (1.0000)	Prec@1 71.094 (71.591)	Prec@5 95.312 (94.957)
Epoch: [84][20/40], lr: 0.01000	Loss 0.9227 (0.9762)	Prec@1 75.000 (72.731)	Prec@5 93.750 (94.717)
Epoch: [84][30/40], lr: 0.01000	Loss 0.9210 (0.9754)	Prec@1 77.344 (73.059)	Prec@5 96.094 (94.733)
Epoch [84] Training Results: Prec@1 72.920 Prec@5 94.920             Loss 0.97949
Epoch [84] Training Class Recall: [0.816,0.775,0.410,0.654,0.511,0.761,0.567,0.588,0.717,0.886]

Epoch: [85][0/40], lr: 0.01000	Loss 0.9128 (0.9128)	Prec@1 73.438 (73.438)	Prec@5 94.531 (94.531)
Epoch: [85][10/40], lr: 0.01000	Loss 0.8488 (0.9850)	Prec@1 77.344 (72.443)	Prec@5 96.875 (96.307)
Epoch: [85][20/40], lr: 0.01000	Loss 1.0282 (0.9763)	Prec@1 73.438 (73.103)	Prec@5 94.531 (95.536)
Epoch: [85][30/40], lr: 0.01000	Loss 0.8921 (0.9659)	Prec@1 72.656 (73.085)	Prec@5 95.312 (95.338)
Epoch [85] Training Results: Prec@1 73.080 Prec@5 95.180             Loss 0.96745
Epoch [85] Training Class Recall: [0.844,0.757,0.410,0.665,0.496,0.782,0.508,0.588,0.724,0.884]

Epoch: [86][0/40], lr: 0.01000	Loss 0.8129 (0.8129)	Prec@1 77.344 (77.344)	Prec@5 96.094 (96.094)
Epoch: [86][10/40], lr: 0.01000	Loss 1.0517 (1.0943)	Prec@1 65.625 (68.040)	Prec@5 95.312 (94.318)
Epoch: [86][20/40], lr: 0.01000	Loss 0.9948 (1.0612)	Prec@1 73.438 (69.531)	Prec@5 92.188 (94.234)
Epoch: [86][30/40], lr: 0.01000	Loss 1.2053 (1.0507)	Prec@1 69.531 (70.413)	Prec@5 94.531 (94.355)
Epoch [86] Training Results: Prec@1 71.380 Prec@5 94.400             Loss 1.03536
Epoch [86] Training Class Recall: [0.804,0.758,0.385,0.560,0.546,0.750,0.523,0.618,0.702,0.889]

Epoch: [87][0/40], lr: 0.01000	Loss 0.8239 (0.8239)	Prec@1 80.469 (80.469)	Prec@5 98.438 (98.438)
Epoch: [87][10/40], lr: 0.01000	Loss 0.8824 (0.9546)	Prec@1 78.125 (73.864)	Prec@5 97.656 (95.455)
Epoch: [87][20/40], lr: 0.01000	Loss 0.9977 (0.9520)	Prec@1 68.750 (73.810)	Prec@5 96.094 (95.015)
Epoch: [87][30/40], lr: 0.01000	Loss 0.8537 (0.9401)	Prec@1 76.562 (74.294)	Prec@5 96.094 (95.086)
Epoch [87] Training Results: Prec@1 74.320 Prec@5 95.320             Loss 0.93311
Epoch [87] Training Class Recall: [0.842,0.764,0.445,0.659,0.573,0.773,0.576,0.603,0.736,0.894]

Epoch: [88][0/40], lr: 0.01000	Loss 0.8311 (0.8311)	Prec@1 78.125 (78.125)	Prec@5 95.312 (95.312)
Epoch: [88][10/40], lr: 0.01000	Loss 0.9496 (0.9588)	Prec@1 74.219 (72.585)	Prec@5 95.312 (95.739)
Epoch: [88][20/40], lr: 0.01000	Loss 1.0362 (1.0076)	Prec@1 66.406 (70.685)	Prec@5 94.531 (95.201)
Epoch: [88][30/40], lr: 0.01000	Loss 1.0845 (1.0161)	Prec@1 68.750 (70.892)	Prec@5 93.750 (94.960)
Epoch [88] Training Results: Prec@1 72.000 Prec@5 95.120             Loss 0.99220
Epoch [88] Training Class Recall: [0.821,0.716,0.405,0.642,0.553,0.752,0.539,0.603,0.709,0.880]

Epoch: [89][0/40], lr: 0.01000	Loss 0.7258 (0.7258)	Prec@1 78.906 (78.906)	Prec@5 96.875 (96.875)
Epoch: [89][10/40], lr: 0.01000	Loss 1.0967 (0.9644)	Prec@1 70.312 (73.295)	Prec@5 92.188 (95.455)
Epoch: [89][20/40], lr: 0.01000	Loss 0.7830 (0.9345)	Prec@1 80.469 (73.884)	Prec@5 94.531 (95.722)
Epoch: [89][30/40], lr: 0.01000	Loss 0.7023 (0.9141)	Prec@1 81.250 (74.572)	Prec@5 98.438 (96.169)
Epoch [89] Training Results: Prec@1 74.220 Prec@5 95.960             Loss 0.92398
Epoch [89] Training Class Recall: [0.836,0.780,0.485,0.697,0.553,0.752,0.557,0.591,0.727,0.889]

Epoch: [90][0/40], lr: 0.01000	Loss 0.8638 (0.8638)	Prec@1 75.000 (75.000)	Prec@5 96.875 (96.875)
Epoch: [90][10/40], lr: 0.01000	Loss 0.9717 (0.9100)	Prec@1 73.438 (74.148)	Prec@5 92.969 (96.165)
Epoch: [90][20/40], lr: 0.01000	Loss 1.1517 (0.9214)	Prec@1 67.969 (74.405)	Prec@5 90.625 (95.499)
Epoch: [90][30/40], lr: 0.01000	Loss 0.9128 (0.9088)	Prec@1 71.875 (74.572)	Prec@5 96.094 (95.842)
Epoch [90] Training Results: Prec@1 74.460 Prec@5 95.660             Loss 0.91155
Epoch [90] Training Class Recall: [0.830,0.760,0.470,0.685,0.580,0.765,0.573,0.627,0.739,0.888]

Epoch: [91][0/40], lr: 0.01000	Loss 0.8793 (0.8793)	Prec@1 76.562 (76.562)	Prec@5 95.312 (95.312)
Epoch: [91][10/40], lr: 0.01000	Loss 1.1992 (1.0263)	Prec@1 70.312 (71.804)	Prec@5 94.531 (94.602)
Epoch: [91][20/40], lr: 0.01000	Loss 0.8654 (1.0069)	Prec@1 74.219 (71.949)	Prec@5 93.750 (94.717)
Epoch: [91][30/40], lr: 0.01000	Loss 0.7371 (0.9755)	Prec@1 82.031 (72.908)	Prec@5 92.969 (94.934)
Epoch [91] Training Results: Prec@1 72.760 Prec@5 95.020             Loss 0.97221
Epoch [91] Training Class Recall: [0.806,0.764,0.465,0.663,0.542,0.755,0.563,0.585,0.682,0.888]

Epoch: [92][0/40], lr: 0.01000	Loss 0.6307 (0.6307)	Prec@1 85.938 (85.938)	Prec@5 97.656 (97.656)
Epoch: [92][10/40], lr: 0.01000	Loss 1.0598 (0.9358)	Prec@1 72.656 (73.082)	Prec@5 92.188 (95.952)
Epoch: [92][20/40], lr: 0.01000	Loss 1.1710 (0.9639)	Prec@1 64.062 (72.470)	Prec@5 94.531 (94.829)
Epoch: [92][30/40], lr: 0.01000	Loss 1.0414 (0.9779)	Prec@1 70.312 (72.228)	Prec@5 94.531 (94.909)
Epoch [92] Training Results: Prec@1 72.540 Prec@5 95.040             Loss 0.96914
Epoch [92] Training Class Recall: [0.809,0.755,0.415,0.658,0.538,0.752,0.551,0.582,0.717,0.887]

Epoch: [93][0/40], lr: 0.01000	Loss 0.7109 (0.7109)	Prec@1 81.250 (81.250)	Prec@5 95.312 (95.312)
Epoch: [93][10/40], lr: 0.01000	Loss 0.9124 (0.9656)	Prec@1 73.438 (71.733)	Prec@5 93.750 (94.886)
Epoch: [93][20/40], lr: 0.01000	Loss 0.9798 (0.9538)	Prec@1 71.875 (72.321)	Prec@5 94.531 (94.792)
Epoch: [93][30/40], lr: 0.01000	Loss 0.9082 (0.9523)	Prec@1 74.219 (72.354)	Prec@5 94.531 (95.111)
Epoch [93] Training Results: Prec@1 72.880 Prec@5 95.440             Loss 0.93583
Epoch [93] Training Class Recall: [0.818,0.764,0.415,0.642,0.527,0.756,0.554,0.618,0.729,0.882]

Epoch: [94][0/40], lr: 0.01000	Loss 0.7997 (0.7997)	Prec@1 78.906 (78.906)	Prec@5 96.875 (96.875)
Epoch: [94][10/40], lr: 0.01000	Loss 0.7018 (0.8875)	Prec@1 79.688 (74.503)	Prec@5 98.438 (96.378)
Epoch: [94][20/40], lr: 0.01000	Loss 0.9731 (0.8726)	Prec@1 74.219 (74.963)	Prec@5 97.656 (96.987)
Epoch: [94][30/40], lr: 0.01000	Loss 1.0016 (0.8866)	Prec@1 70.312 (74.546)	Prec@5 96.875 (96.421)
Epoch [94] Training Results: Prec@1 74.840 Prec@5 96.300             Loss 0.88795
Epoch [94] Training Class Recall: [0.826,0.780,0.485,0.673,0.599,0.767,0.601,0.603,0.732,0.898]

Epoch: [95][0/40], lr: 0.01000	Loss 0.8749 (0.8749)	Prec@1 73.438 (73.438)	Prec@5 95.312 (95.312)
Epoch: [95][10/40], lr: 0.01000	Loss 0.9204 (1.0135)	Prec@1 75.000 (70.099)	Prec@5 96.094 (95.597)
Epoch: [95][20/40], lr: 0.01000	Loss 1.0253 (1.0091)	Prec@1 73.438 (71.391)	Prec@5 96.875 (95.312)
Epoch: [95][30/40], lr: 0.01000	Loss 0.8608 (0.9955)	Prec@1 76.562 (72.001)	Prec@5 97.656 (95.287)
Epoch [95] Training Results: Prec@1 72.180 Prec@5 95.280             Loss 0.99570
Epoch [95] Training Class Recall: [0.794,0.716,0.435,0.665,0.550,0.753,0.560,0.591,0.722,0.883]

Epoch: [96][0/40], lr: 0.01000	Loss 0.9661 (0.9661)	Prec@1 74.219 (74.219)	Prec@5 94.531 (94.531)
Epoch: [96][10/40], lr: 0.01000	Loss 1.0850 (0.9509)	Prec@1 68.750 (72.869)	Prec@5 95.312 (96.094)
Epoch: [96][20/40], lr: 0.01000	Loss 0.8684 (0.9394)	Prec@1 77.344 (73.400)	Prec@5 98.438 (95.982)
Epoch: [96][30/40], lr: 0.01000	Loss 1.0325 (0.9419)	Prec@1 68.750 (72.933)	Prec@5 96.094 (95.892)
Epoch [96] Training Results: Prec@1 73.680 Prec@5 95.760             Loss 0.93278
Epoch [96] Training Class Recall: [0.825,0.721,0.440,0.673,0.599,0.797,0.582,0.606,0.682,0.889]

Epoch: [97][0/40], lr: 0.01000	Loss 0.8161 (0.8161)	Prec@1 77.344 (77.344)	Prec@5 96.094 (96.094)
Epoch: [97][10/40], lr: 0.01000	Loss 1.0556 (0.9168)	Prec@1 68.750 (73.793)	Prec@5 95.312 (95.312)
Epoch: [97][20/40], lr: 0.01000	Loss 0.9934 (0.9318)	Prec@1 71.875 (73.884)	Prec@5 96.094 (95.424)
Epoch: [97][30/40], lr: 0.01000	Loss 0.8587 (0.9303)	Prec@1 76.562 (73.740)	Prec@5 95.312 (95.565)
Epoch [97] Training Results: Prec@1 73.900 Prec@5 95.640             Loss 0.92472
Epoch [97] Training Class Recall: [0.808,0.764,0.460,0.683,0.561,0.764,0.601,0.603,0.732,0.886]

Epoch: [98][0/40], lr: 0.01000	Loss 0.9604 (0.9604)	Prec@1 68.750 (68.750)	Prec@5 95.312 (95.312)
Epoch: [98][10/40], lr: 0.01000	Loss 1.0178 (0.9674)	Prec@1 73.438 (71.449)	Prec@5 95.312 (96.165)
Epoch: [98][20/40], lr: 0.01000	Loss 0.7141 (0.9127)	Prec@1 81.250 (73.958)	Prec@5 96.094 (96.131)
Epoch: [98][30/40], lr: 0.01000	Loss 0.8535 (0.9047)	Prec@1 75.781 (74.042)	Prec@5 96.094 (96.169)
Epoch [98] Training Results: Prec@1 73.960 Prec@5 96.060             Loss 0.90353
Epoch [98] Training Class Recall: [0.820,0.755,0.510,0.669,0.576,0.746,0.582,0.618,0.727,0.894]

Epoch: [99][0/40], lr: 0.01000	Loss 0.7943 (0.7943)	Prec@1 78.125 (78.125)	Prec@5 96.875 (96.875)
Epoch: [99][10/40], lr: 0.01000	Loss 1.0406 (0.9167)	Prec@1 67.188 (72.088)	Prec@5 97.656 (96.094)
Epoch: [99][20/40], lr: 0.01000	Loss 0.9787 (0.9158)	Prec@1 71.875 (72.731)	Prec@5 94.531 (96.354)
Epoch: [99][30/40], lr: 0.01000	Loss 1.0145 (0.9247)	Prec@1 71.875 (73.135)	Prec@5 93.750 (96.119)
Epoch [99] Training Results: Prec@1 73.520 Prec@5 96.060             Loss 0.92140
Epoch [99] Training Class Recall: [0.820,0.760,0.485,0.634,0.546,0.774,0.570,0.597,0.727,0.891]

Epoch: [100][0/40], lr: 0.01000	Loss 0.9256 (0.9256)	Prec@1 72.656 (72.656)	Prec@5 96.094 (96.094)
Epoch: [100][10/40], lr: 0.01000	Loss 0.8139 (0.8444)	Prec@1 78.125 (75.994)	Prec@5 96.094 (96.094)
Epoch: [100][20/40], lr: 0.01000	Loss 1.1075 (0.8519)	Prec@1 67.188 (75.558)	Prec@5 94.531 (96.540)
Epoch: [100][30/40], lr: 0.01000	Loss 0.8717 (0.8603)	Prec@1 71.875 (75.176)	Prec@5 96.875 (96.371)
Epoch [100] Training Results: Prec@1 75.460 Prec@5 96.380             Loss 0.85587
Epoch [100] Training Class Recall: [0.848,0.770,0.525,0.699,0.611,0.777,0.579,0.618,0.736,0.887]

Epoch: [101][0/40], lr: 0.01000	Loss 0.9157 (0.9157)	Prec@1 71.875 (71.875)	Prec@5 95.312 (95.312)
Epoch: [101][10/40], lr: 0.01000	Loss 0.9679 (0.9341)	Prec@1 75.781 (72.443)	Prec@5 94.531 (95.384)
Epoch: [101][20/40], lr: 0.01000	Loss 0.8864 (0.9245)	Prec@1 74.219 (73.028)	Prec@5 96.094 (95.610)
Epoch: [101][30/40], lr: 0.01000	Loss 0.8230 (0.9175)	Prec@1 81.250 (73.589)	Prec@5 95.312 (95.766)
Epoch [101] Training Results: Prec@1 74.320 Prec@5 95.940             Loss 0.90275
Epoch [101] Training Class Recall: [0.825,0.748,0.475,0.679,0.580,0.788,0.548,0.615,0.736,0.892]

Epoch: [102][0/40], lr: 0.01000	Loss 1.0170 (1.0170)	Prec@1 65.625 (65.625)	Prec@5 96.875 (96.875)
Epoch: [102][10/40], lr: 0.01000	Loss 0.9484 (1.1919)	Prec@1 68.750 (64.489)	Prec@5 97.656 (94.034)
Epoch: [102][20/40], lr: 0.01000	Loss 0.9539 (1.1478)	Prec@1 73.438 (66.890)	Prec@5 95.312 (94.382)
Epoch: [102][30/40], lr: 0.01000	Loss 0.9522 (1.1193)	Prec@1 71.875 (67.792)	Prec@5 95.312 (94.153)
Epoch [102] Training Results: Prec@1 69.540 Prec@5 94.540             Loss 1.06743
Epoch [102] Training Class Recall: [0.804,0.630,0.425,0.609,0.496,0.729,0.554,0.558,0.685,0.884]

Epoch: [103][0/40], lr: 0.01000	Loss 1.0459 (1.0459)	Prec@1 70.312 (70.312)	Prec@5 95.312 (95.312)
Epoch: [103][10/40], lr: 0.01000	Loss 0.7188 (0.9086)	Prec@1 81.250 (74.148)	Prec@5 97.656 (95.810)
Epoch: [103][20/40], lr: 0.01000	Loss 0.9051 (0.9107)	Prec@1 75.000 (74.256)	Prec@5 92.969 (95.536)
Epoch: [103][30/40], lr: 0.01000	Loss 0.9095 (0.9158)	Prec@1 78.906 (74.143)	Prec@5 96.875 (95.791)
Epoch [103] Training Results: Prec@1 74.560 Prec@5 96.040             Loss 0.90334
Epoch [103] Training Class Recall: [0.845,0.765,0.505,0.671,0.584,0.771,0.573,0.609,0.717,0.889]

Epoch: [104][0/40], lr: 0.01000	Loss 0.7055 (0.7055)	Prec@1 80.469 (80.469)	Prec@5 98.438 (98.438)
Epoch: [104][10/40], lr: 0.01000	Loss 0.7441 (0.8321)	Prec@1 80.469 (76.278)	Prec@5 98.438 (96.946)
Epoch: [104][20/40], lr: 0.01000	Loss 0.8054 (0.8525)	Prec@1 76.562 (75.707)	Prec@5 97.656 (96.726)
Epoch: [104][30/40], lr: 0.01000	Loss 0.8975 (0.8505)	Prec@1 73.438 (75.655)	Prec@5 97.656 (96.673)
Epoch [104] Training Results: Prec@1 75.260 Prec@5 96.580             Loss 0.86364
Epoch [104] Training Class Recall: [0.821,0.780,0.510,0.665,0.607,0.770,0.598,0.612,0.749,0.909]

Epoch: [105][0/40], lr: 0.01000	Loss 0.8587 (0.8587)	Prec@1 73.438 (73.438)	Prec@5 98.438 (98.438)
Epoch: [105][10/40], lr: 0.01000	Loss 1.1854 (1.1013)	Prec@1 66.406 (68.466)	Prec@5 93.750 (95.241)
Epoch: [105][20/40], lr: 0.01000	Loss 0.8801 (1.0834)	Prec@1 78.125 (69.010)	Prec@5 97.656 (94.978)
Epoch: [105][30/40], lr: 0.01000	Loss 0.9937 (1.0514)	Prec@1 69.531 (70.111)	Prec@5 93.750 (94.884)
Epoch [105] Training Results: Prec@1 71.000 Prec@5 94.980             Loss 1.02062
Epoch [105] Training Class Recall: [0.805,0.743,0.350,0.632,0.534,0.719,0.514,0.573,0.707,0.888]

Epoch: [106][0/40], lr: 0.01000	Loss 0.7756 (0.7756)	Prec@1 78.125 (78.125)	Prec@5 96.875 (96.875)
Epoch: [106][10/40], lr: 0.01000	Loss 0.8132 (0.9403)	Prec@1 82.031 (73.580)	Prec@5 95.312 (95.241)
Epoch: [106][20/40], lr: 0.01000	Loss 0.8725 (0.9259)	Prec@1 80.469 (73.996)	Prec@5 95.312 (95.424)
Epoch: [106][30/40], lr: 0.01000	Loss 0.9370 (0.9282)	Prec@1 73.438 (73.639)	Prec@5 92.969 (95.287)
Epoch [106] Training Results: Prec@1 73.560 Prec@5 95.420             Loss 0.93057
Epoch [106] Training Class Recall: [0.818,0.760,0.430,0.673,0.550,0.759,0.570,0.609,0.732,0.888]

Epoch: [107][0/40], lr: 0.01000	Loss 0.8228 (0.8228)	Prec@1 78.906 (78.906)	Prec@5 96.875 (96.875)
Epoch: [107][10/40], lr: 0.01000	Loss 1.0127 (0.8741)	Prec@1 67.969 (74.503)	Prec@5 97.656 (96.946)
Epoch: [107][20/40], lr: 0.01000	Loss 0.9333 (0.8678)	Prec@1 73.438 (75.223)	Prec@5 95.312 (96.577)
Epoch: [107][30/40], lr: 0.01000	Loss 0.8377 (0.8698)	Prec@1 73.438 (75.176)	Prec@5 97.656 (96.598)
Epoch [107] Training Results: Prec@1 75.340 Prec@5 96.620             Loss 0.86332
Epoch [107] Training Class Recall: [0.826,0.782,0.490,0.665,0.580,0.794,0.616,0.606,0.756,0.896]

Epoch: [108][0/40], lr: 0.01000	Loss 0.8527 (0.8527)	Prec@1 74.219 (74.219)	Prec@5 96.875 (96.875)
Epoch: [108][10/40], lr: 0.01000	Loss 1.0562 (0.9933)	Prec@1 72.656 (71.307)	Prec@5 92.969 (95.881)
Epoch: [108][20/40], lr: 0.01000	Loss 1.1409 (0.9850)	Prec@1 68.750 (72.061)	Prec@5 92.188 (95.461)
Epoch: [108][30/40], lr: 0.01000	Loss 0.9879 (0.9686)	Prec@1 72.656 (72.354)	Prec@5 95.312 (95.539)
Epoch [108] Training Results: Prec@1 72.960 Prec@5 95.900             Loss 0.94542
Epoch [108] Training Class Recall: [0.821,0.762,0.450,0.652,0.500,0.731,0.576,0.633,0.736,0.882]

Epoch: [109][0/40], lr: 0.01000	Loss 0.8585 (0.8585)	Prec@1 75.000 (75.000)	Prec@5 95.312 (95.312)
Epoch: [109][10/40], lr: 0.01000	Loss 1.0824 (0.9093)	Prec@1 67.969 (73.651)	Prec@5 93.750 (96.591)
Epoch: [109][20/40], lr: 0.01000	Loss 0.9517 (0.8781)	Prec@1 73.438 (75.074)	Prec@5 96.094 (96.391)
Epoch: [109][30/40], lr: 0.01000	Loss 0.6149 (0.8783)	Prec@1 82.812 (75.252)	Prec@5 97.656 (96.346)
Epoch [109] Training Results: Prec@1 75.580 Prec@5 96.560             Loss 0.86544
Epoch [109] Training Class Recall: [0.829,0.777,0.515,0.706,0.595,0.795,0.622,0.579,0.746,0.888]

Epoch: [110][0/40], lr: 0.01000	Loss 0.9235 (0.9235)	Prec@1 75.781 (75.781)	Prec@5 97.656 (97.656)
Epoch: [110][10/40], lr: 0.01000	Loss 1.2479 (1.1053)	Prec@1 59.375 (66.974)	Prec@5 93.750 (94.389)
Epoch: [110][20/40], lr: 0.01000	Loss 0.9717 (1.0790)	Prec@1 74.219 (68.676)	Prec@5 94.531 (94.234)
Epoch: [110][30/40], lr: 0.01000	Loss 0.9882 (1.0525)	Prec@1 71.875 (69.556)	Prec@5 95.312 (94.657)
Epoch [110] Training Results: Prec@1 69.980 Prec@5 94.800             Loss 1.03790
Epoch [110] Training Class Recall: [0.769,0.698,0.395,0.656,0.435,0.728,0.560,0.570,0.712,0.874]

Epoch: [111][0/40], lr: 0.01000	Loss 0.9342 (0.9342)	Prec@1 71.875 (71.875)	Prec@5 97.656 (97.656)
Epoch: [111][10/40], lr: 0.01000	Loss 0.9306 (0.8484)	Prec@1 71.875 (75.071)	Prec@5 97.656 (96.946)
Epoch: [111][20/40], lr: 0.01000	Loss 0.9912 (0.8613)	Prec@1 68.750 (74.740)	Prec@5 92.969 (96.763)
Epoch: [111][30/40], lr: 0.01000	Loss 0.9754 (0.8741)	Prec@1 71.094 (74.446)	Prec@5 96.875 (96.573)
Epoch [111] Training Results: Prec@1 74.420 Prec@5 96.780             Loss 0.86759
Epoch [111] Training Class Recall: [0.830,0.758,0.490,0.673,0.595,0.747,0.628,0.606,0.727,0.891]

Epoch: [112][0/40], lr: 0.01000	Loss 0.7109 (0.7109)	Prec@1 78.125 (78.125)	Prec@5 98.438 (98.438)
Epoch: [112][10/40], lr: 0.01000	Loss 0.9371 (0.9305)	Prec@1 73.438 (71.520)	Prec@5 94.531 (95.739)
Epoch: [112][20/40], lr: 0.01000	Loss 0.7492 (0.9240)	Prec@1 80.469 (72.396)	Prec@5 97.656 (96.019)
Epoch: [112][30/40], lr: 0.01000	Loss 0.8462 (0.9131)	Prec@1 75.781 (73.185)	Prec@5 96.094 (96.069)
Epoch [112] Training Results: Prec@1 73.640 Prec@5 96.380             Loss 0.90177
Epoch [112] Training Class Recall: [0.800,0.752,0.465,0.683,0.553,0.770,0.591,0.582,0.727,0.896]

Epoch: [113][0/40], lr: 0.01000	Loss 0.8182 (0.8182)	Prec@1 75.781 (75.781)	Prec@5 99.219 (99.219)
Epoch: [113][10/40], lr: 0.01000	Loss 1.0213 (1.0220)	Prec@1 71.875 (70.170)	Prec@5 95.312 (94.886)
Epoch: [113][20/40], lr: 0.01000	Loss 1.0393 (0.9650)	Prec@1 71.094 (71.987)	Prec@5 95.312 (95.312)
Epoch: [113][30/40], lr: 0.01000	Loss 0.9120 (0.9632)	Prec@1 75.781 (72.001)	Prec@5 96.094 (95.388)
Epoch [113] Training Results: Prec@1 72.300 Prec@5 95.580             Loss 0.95289
Epoch [113] Training Class Recall: [0.820,0.723,0.420,0.656,0.542,0.744,0.563,0.588,0.707,0.888]

Epoch: [114][0/40], lr: 0.01000	Loss 0.8731 (0.8731)	Prec@1 72.656 (72.656)	Prec@5 97.656 (97.656)
Epoch: [114][10/40], lr: 0.01000	Loss 1.0235 (0.9204)	Prec@1 69.531 (71.520)	Prec@5 93.750 (96.449)
Epoch: [114][20/40], lr: 0.01000	Loss 0.8706 (0.8978)	Prec@1 77.344 (73.326)	Prec@5 96.875 (96.615)
Epoch: [114][30/40], lr: 0.01000	Loss 0.7672 (0.8789)	Prec@1 75.781 (74.345)	Prec@5 97.656 (96.547)
Epoch [114] Training Results: Prec@1 74.260 Prec@5 96.620             Loss 0.88103
Epoch [114] Training Class Recall: [0.830,0.758,0.480,0.695,0.576,0.735,0.594,0.633,0.714,0.895]

Epoch: [115][0/40], lr: 0.01000	Loss 0.7483 (0.7483)	Prec@1 77.344 (77.344)	Prec@5 96.094 (96.094)
Epoch: [115][10/40], lr: 0.01000	Loss 0.7977 (0.8101)	Prec@1 74.219 (75.710)	Prec@5 96.875 (97.514)
Epoch: [115][20/40], lr: 0.01000	Loss 0.7728 (0.8261)	Prec@1 78.125 (75.856)	Prec@5 97.656 (97.321)
Epoch: [115][30/40], lr: 0.01000	Loss 0.7461 (0.8150)	Prec@1 80.469 (76.386)	Prec@5 98.438 (97.303)
Epoch [115] Training Results: Prec@1 76.120 Prec@5 97.160             Loss 0.82452
Epoch [115] Training Class Recall: [0.842,0.782,0.545,0.693,0.592,0.794,0.622,0.645,0.719,0.895]

Epoch: [116][0/40], lr: 0.01000	Loss 0.7163 (0.7163)	Prec@1 78.906 (78.906)	Prec@5 97.656 (97.656)
Epoch: [116][10/40], lr: 0.01000	Loss 0.9957 (0.9944)	Prec@1 71.094 (70.668)	Prec@5 94.531 (95.952)
Epoch: [116][20/40], lr: 0.01000	Loss 0.9445 (0.9754)	Prec@1 71.875 (71.540)	Prec@5 96.875 (95.833)
Epoch: [116][30/40], lr: 0.01000	Loss 0.7879 (0.9456)	Prec@1 77.344 (72.505)	Prec@5 96.094 (96.018)
Epoch [116] Training Results: Prec@1 73.240 Prec@5 96.140             Loss 0.92799
Epoch [116] Training Class Recall: [0.797,0.748,0.455,0.652,0.550,0.782,0.591,0.606,0.707,0.890]

Epoch: [117][0/40], lr: 0.01000	Loss 0.8064 (0.8064)	Prec@1 78.125 (78.125)	Prec@5 97.656 (97.656)
Epoch: [117][10/40], lr: 0.01000	Loss 0.9653 (0.8720)	Prec@1 69.531 (73.295)	Prec@5 98.438 (97.514)
Epoch: [117][20/40], lr: 0.01000	Loss 0.8815 (0.8438)	Prec@1 78.125 (75.223)	Prec@5 96.875 (97.359)
Epoch: [117][30/40], lr: 0.01000	Loss 0.7869 (0.8226)	Prec@1 77.344 (75.832)	Prec@5 96.875 (97.480)
Epoch [117] Training Results: Prec@1 75.900 Prec@5 97.220             Loss 0.82338
Epoch [117] Training Class Recall: [0.821,0.782,0.550,0.685,0.611,0.797,0.604,0.633,0.736,0.899]

Epoch: [118][0/40], lr: 0.01000	Loss 0.6271 (0.6271)	Prec@1 82.031 (82.031)	Prec@5 99.219 (99.219)
Epoch: [118][10/40], lr: 0.01000	Loss 0.8578 (0.8220)	Prec@1 74.219 (75.071)	Prec@5 99.219 (97.585)
Epoch: [118][20/40], lr: 0.01000	Loss 0.8003 (0.8469)	Prec@1 78.125 (74.405)	Prec@5 98.438 (97.284)
Epoch: [118][30/40], lr: 0.01000	Loss 0.9486 (0.8470)	Prec@1 75.000 (74.950)	Prec@5 96.875 (97.152)
Epoch [118] Training Results: Prec@1 75.620 Prec@5 97.220             Loss 0.83183
Epoch [118] Training Class Recall: [0.825,0.780,0.540,0.689,0.607,0.776,0.576,0.648,0.749,0.897]

Epoch: [119][0/40], lr: 0.01000	Loss 0.5296 (0.5296)	Prec@1 88.281 (88.281)	Prec@5 97.656 (97.656)
Epoch: [119][10/40], lr: 0.01000	Loss 0.9594 (0.7863)	Prec@1 74.219 (78.622)	Prec@5 95.312 (96.094)
Epoch: [119][20/40], lr: 0.01000	Loss 0.7409 (0.8195)	Prec@1 80.469 (77.567)	Prec@5 97.656 (96.503)
Epoch: [119][30/40], lr: 0.01000	Loss 0.8378 (0.8282)	Prec@1 73.438 (76.991)	Prec@5 96.094 (96.547)
Epoch [119] Training Results: Prec@1 77.040 Prec@5 96.580             Loss 0.83270
Epoch [119] Training Class Recall: [0.856,0.767,0.550,0.720,0.618,0.810,0.601,0.652,0.749,0.900]

Epoch: [120][0/40], lr: 0.01000	Loss 0.6423 (0.6423)	Prec@1 82.812 (82.812)	Prec@5 98.438 (98.438)
Epoch: [120][10/40], lr: 0.01000	Loss 0.8743 (0.8614)	Prec@1 76.562 (74.645)	Prec@5 93.750 (96.733)
Epoch: [120][20/40], lr: 0.01000	Loss 0.7962 (0.8726)	Prec@1 75.781 (74.665)	Prec@5 96.875 (96.838)
Epoch: [120][30/40], lr: 0.01000	Loss 0.7749 (0.8652)	Prec@1 77.344 (74.748)	Prec@5 96.094 (97.026)
Epoch [120] Training Results: Prec@1 75.260 Prec@5 96.960             Loss 0.84842
Epoch [120] Training Class Recall: [0.833,0.758,0.545,0.675,0.580,0.785,0.613,0.624,0.732,0.896]

Epoch: [121][0/40], lr: 0.01000	Loss 0.9246 (0.9246)	Prec@1 68.750 (68.750)	Prec@5 96.875 (96.875)
Epoch: [121][10/40], lr: 0.01000	Loss 0.8533 (0.7966)	Prec@1 77.344 (77.273)	Prec@5 97.656 (97.088)
Epoch: [121][20/40], lr: 0.01000	Loss 0.7766 (0.7696)	Prec@1 76.562 (77.530)	Prec@5 96.875 (97.433)
Epoch: [121][30/40], lr: 0.01000	Loss 0.6528 (0.7708)	Prec@1 83.594 (77.495)	Prec@5 96.875 (97.228)
Epoch [121] Training Results: Prec@1 77.620 Prec@5 97.340             Loss 0.77112
Epoch [121] Training Class Recall: [0.838,0.811,0.565,0.716,0.618,0.800,0.638,0.676,0.749,0.902]

Epoch: [122][0/40], lr: 0.01000	Loss 0.8185 (0.8185)	Prec@1 78.125 (78.125)	Prec@5 96.875 (96.875)
Epoch: [122][10/40], lr: 0.01000	Loss 1.0875 (0.9752)	Prec@1 67.188 (70.312)	Prec@5 96.094 (96.378)
Epoch: [122][20/40], lr: 0.01000	Loss 0.7917 (0.9755)	Prec@1 80.469 (71.801)	Prec@5 98.438 (95.945)
Epoch: [122][30/40], lr: 0.01000	Loss 1.0119 (0.9620)	Prec@1 71.875 (72.329)	Prec@5 95.312 (95.791)
Epoch [122] Training Results: Prec@1 73.120 Prec@5 96.020             Loss 0.93826
Epoch [122] Training Class Recall: [0.810,0.736,0.450,0.675,0.584,0.773,0.545,0.567,0.714,0.892]

Epoch: [123][0/40], lr: 0.01000	Loss 0.8890 (0.8890)	Prec@1 72.656 (72.656)	Prec@5 98.438 (98.438)
Epoch: [123][10/40], lr: 0.01000	Loss 0.9545 (0.8121)	Prec@1 72.656 (76.278)	Prec@5 95.312 (97.230)
Epoch: [123][20/40], lr: 0.01000	Loss 0.8960 (0.8434)	Prec@1 75.781 (75.149)	Prec@5 96.094 (97.098)
Epoch: [123][30/40], lr: 0.01000	Loss 0.9055 (0.8435)	Prec@1 75.000 (75.479)	Prec@5 94.531 (96.825)
Epoch [123] Training Results: Prec@1 75.880 Prec@5 96.700             Loss 0.83589
Epoch [123] Training Class Recall: [0.841,0.796,0.505,0.679,0.592,0.791,0.622,0.627,0.734,0.892]

Epoch: [124][0/40], lr: 0.01000	Loss 0.8039 (0.8039)	Prec@1 76.562 (76.562)	Prec@5 97.656 (97.656)
Epoch: [124][10/40], lr: 0.01000	Loss 1.0425 (1.0559)	Prec@1 70.312 (70.170)	Prec@5 92.969 (94.744)
Epoch: [124][20/40], lr: 0.01000	Loss 0.9512 (1.0420)	Prec@1 74.219 (69.940)	Prec@5 95.312 (95.536)
Epoch: [124][30/40], lr: 0.01000	Loss 0.9771 (1.0149)	Prec@1 72.656 (71.094)	Prec@5 96.094 (95.514)
Epoch [124] Training Results: Prec@1 71.540 Prec@5 95.680             Loss 0.99345
Epoch [124] Training Class Recall: [0.790,0.716,0.360,0.636,0.519,0.752,0.539,0.597,0.739,0.891]

Epoch: [125][0/40], lr: 0.01000	Loss 0.6979 (0.6979)	Prec@1 79.688 (79.688)	Prec@5 98.438 (98.438)
Epoch: [125][10/40], lr: 0.01000	Loss 0.7302 (0.8012)	Prec@1 79.688 (76.278)	Prec@5 96.875 (97.727)
Epoch: [125][20/40], lr: 0.01000	Loss 0.7484 (0.7857)	Prec@1 82.812 (77.083)	Prec@5 97.656 (97.507)
Epoch: [125][30/40], lr: 0.01000	Loss 0.8657 (0.7851)	Prec@1 75.781 (77.117)	Prec@5 95.312 (97.354)
Epoch [125] Training Results: Prec@1 76.500 Prec@5 97.280             Loss 0.80065
Epoch [125] Training Class Recall: [0.853,0.775,0.535,0.705,0.622,0.792,0.591,0.630,0.756,0.899]

Epoch: [126][0/40], lr: 0.01000	Loss 0.7354 (0.7354)	Prec@1 76.562 (76.562)	Prec@5 96.094 (96.094)
Epoch: [126][10/40], lr: 0.01000	Loss 0.7894 (0.8176)	Prec@1 78.125 (75.710)	Prec@5 96.875 (96.946)
Epoch: [126][20/40], lr: 0.01000	Loss 0.8744 (0.8291)	Prec@1 75.000 (75.595)	Prec@5 96.094 (97.098)
Epoch: [126][30/40], lr: 0.01000	Loss 0.7293 (0.8177)	Prec@1 81.250 (76.058)	Prec@5 96.875 (97.026)
Epoch [126] Training Results: Prec@1 76.520 Prec@5 97.280             Loss 0.80725
Epoch [126] Training Class Recall: [0.840,0.730,0.545,0.710,0.634,0.804,0.622,0.642,0.764,0.904]

Epoch: [127][0/40], lr: 0.01000	Loss 0.7000 (0.7000)	Prec@1 79.688 (79.688)	Prec@5 98.438 (98.438)
Epoch: [127][10/40], lr: 0.01000	Loss 0.8337 (0.7695)	Prec@1 76.562 (76.634)	Prec@5 94.531 (97.656)
Epoch: [127][20/40], lr: 0.01000	Loss 0.8494 (0.7782)	Prec@1 75.000 (76.525)	Prec@5 95.312 (97.507)
Epoch: [127][30/40], lr: 0.01000	Loss 0.6578 (0.7728)	Prec@1 80.469 (76.890)	Prec@5 98.438 (97.656)
Epoch [127] Training Results: Prec@1 77.500 Prec@5 97.680             Loss 0.75604
Epoch [127] Training Class Recall: [0.840,0.785,0.595,0.734,0.607,0.794,0.625,0.664,0.749,0.910]

Epoch: [128][0/40], lr: 0.01000	Loss 0.7613 (0.7613)	Prec@1 78.125 (78.125)	Prec@5 96.875 (96.875)
Epoch: [128][10/40], lr: 0.01000	Loss 0.8667 (0.8617)	Prec@1 74.219 (74.929)	Prec@5 93.750 (96.591)
Epoch: [128][20/40], lr: 0.01000	Loss 0.8827 (0.8554)	Prec@1 74.219 (75.074)	Prec@5 95.312 (96.875)
Epoch: [128][30/40], lr: 0.01000	Loss 0.9147 (0.8501)	Prec@1 72.656 (75.302)	Prec@5 96.875 (96.951)
Epoch [128] Training Results: Prec@1 75.460 Prec@5 96.860             Loss 0.84318
Epoch [128] Training Class Recall: [0.830,0.769,0.545,0.687,0.611,0.798,0.582,0.621,0.712,0.898]

Epoch: [129][0/40], lr: 0.01000	Loss 0.7791 (0.7791)	Prec@1 77.344 (77.344)	Prec@5 96.875 (96.875)
Epoch: [129][10/40], lr: 0.01000	Loss 0.9919 (0.9098)	Prec@1 71.094 (72.940)	Prec@5 96.094 (95.810)
Epoch: [129][20/40], lr: 0.01000	Loss 0.8410 (0.9056)	Prec@1 76.562 (73.400)	Prec@5 97.656 (96.466)
Epoch: [129][30/40], lr: 0.01000	Loss 0.7083 (0.8930)	Prec@1 79.688 (73.765)	Prec@5 98.438 (96.673)
Epoch [129] Training Results: Prec@1 74.420 Prec@5 96.840             Loss 0.87748
Epoch [129] Training Class Recall: [0.828,0.752,0.465,0.681,0.588,0.777,0.598,0.594,0.724,0.896]

Epoch: [130][0/40], lr: 0.01000	Loss 0.5608 (0.5608)	Prec@1 84.375 (84.375)	Prec@5 100.000 (100.000)
Epoch: [130][10/40], lr: 0.01000	Loss 0.9243 (0.7761)	Prec@1 68.750 (76.918)	Prec@5 96.094 (97.585)
Epoch: [130][20/40], lr: 0.01000	Loss 0.7745 (0.7913)	Prec@1 77.344 (76.749)	Prec@5 98.438 (97.731)
Epoch: [130][30/40], lr: 0.01000	Loss 0.7553 (0.7854)	Prec@1 78.125 (76.966)	Prec@5 98.438 (97.707)
Epoch [130] Training Results: Prec@1 77.080 Prec@5 97.660             Loss 0.77918
Epoch [130] Training Class Recall: [0.832,0.787,0.575,0.726,0.584,0.810,0.632,0.664,0.744,0.897]

Epoch: [131][0/40], lr: 0.01000	Loss 0.8505 (0.8505)	Prec@1 78.125 (78.125)	Prec@5 98.438 (98.438)
Epoch: [131][10/40], lr: 0.01000	Loss 1.2302 (0.9474)	Prec@1 64.062 (71.804)	Prec@5 93.750 (96.378)
Epoch: [131][20/40], lr: 0.01000	Loss 0.8201 (0.9342)	Prec@1 81.250 (72.731)	Prec@5 98.438 (96.391)
Epoch: [131][30/40], lr: 0.01000	Loss 0.8963 (0.9130)	Prec@1 71.094 (73.135)	Prec@5 95.312 (96.497)
Epoch [131] Training Results: Prec@1 73.940 Prec@5 96.740             Loss 0.88881
Epoch [131] Training Class Recall: [0.805,0.725,0.505,0.679,0.588,0.782,0.588,0.603,0.739,0.888]

Epoch: [132][0/40], lr: 0.01000	Loss 0.7720 (0.7720)	Prec@1 73.438 (73.438)	Prec@5 99.219 (99.219)
Epoch: [132][10/40], lr: 0.01000	Loss 0.8367 (0.8229)	Prec@1 78.125 (75.639)	Prec@5 96.875 (97.159)
Epoch: [132][20/40], lr: 0.01000	Loss 0.7589 (0.8275)	Prec@1 78.906 (75.818)	Prec@5 95.312 (97.098)
Epoch: [132][30/40], lr: 0.01000	Loss 0.7101 (0.8169)	Prec@1 80.469 (76.033)	Prec@5 96.094 (97.379)
Epoch [132] Training Results: Prec@1 76.020 Prec@5 97.380             Loss 0.81479
Epoch [132] Training Class Recall: [0.825,0.772,0.550,0.677,0.645,0.779,0.607,0.655,0.754,0.900]

Epoch: [133][0/40], lr: 0.01000	Loss 0.7773 (0.7773)	Prec@1 75.000 (75.000)	Prec@5 98.438 (98.438)
Epoch: [133][10/40], lr: 0.01000	Loss 0.7170 (0.7763)	Prec@1 81.250 (76.207)	Prec@5 96.875 (97.514)
Epoch: [133][20/40], lr: 0.01000	Loss 0.7608 (0.7908)	Prec@1 75.781 (76.525)	Prec@5 100.000 (97.396)
Epoch: [133][30/40], lr: 0.01000	Loss 0.6659 (0.7700)	Prec@1 80.469 (77.041)	Prec@5 98.438 (97.555)
Epoch [133] Training Results: Prec@1 76.980 Prec@5 97.620             Loss 0.77271
Epoch [133] Training Class Recall: [0.833,0.796,0.575,0.730,0.603,0.786,0.619,0.627,0.749,0.909]

Epoch: [134][0/40], lr: 0.01000	Loss 0.6879 (0.6879)	Prec@1 82.031 (82.031)	Prec@5 98.438 (98.438)
Epoch: [134][10/40], lr: 0.01000	Loss 1.0647 (1.0035)	Prec@1 71.094 (71.591)	Prec@5 92.188 (95.881)
Epoch: [134][20/40], lr: 0.01000	Loss 0.9573 (0.9721)	Prec@1 72.656 (72.805)	Prec@5 96.094 (95.759)
Epoch: [134][30/40], lr: 0.01000	Loss 0.7849 (0.9216)	Prec@1 82.031 (74.395)	Prec@5 96.875 (96.195)
Epoch [134] Training Results: Prec@1 74.580 Prec@5 96.600             Loss 0.90636
Epoch [134] Training Class Recall: [0.813,0.772,0.555,0.687,0.576,0.770,0.560,0.609,0.714,0.901]

Epoch: [135][0/40], lr: 0.01000	Loss 0.7157 (0.7157)	Prec@1 82.812 (82.812)	Prec@5 98.438 (98.438)
Epoch: [135][10/40], lr: 0.01000	Loss 0.8019 (0.8089)	Prec@1 76.562 (77.060)	Prec@5 96.094 (97.656)
Epoch: [135][20/40], lr: 0.01000	Loss 0.6239 (0.8206)	Prec@1 82.031 (75.670)	Prec@5 97.656 (97.321)
Epoch: [135][30/40], lr: 0.01000	Loss 0.8487 (0.8229)	Prec@1 76.562 (75.806)	Prec@5 98.438 (97.203)
Epoch [135] Training Results: Prec@1 76.300 Prec@5 97.280             Loss 0.81059
Epoch [135] Training Class Recall: [0.832,0.755,0.535,0.693,0.637,0.785,0.622,0.676,0.739,0.906]

Epoch: [136][0/40], lr: 0.01000	Loss 0.6992 (0.6992)	Prec@1 78.125 (78.125)	Prec@5 98.438 (98.438)
Epoch: [136][10/40], lr: 0.01000	Loss 0.8599 (0.8673)	Prec@1 73.438 (74.077)	Prec@5 97.656 (97.372)
Epoch: [136][20/40], lr: 0.01000	Loss 0.9163 (0.8661)	Prec@1 71.094 (74.293)	Prec@5 96.875 (97.061)
Epoch: [136][30/40], lr: 0.01000	Loss 0.8781 (0.8617)	Prec@1 76.562 (74.773)	Prec@5 98.438 (97.051)
Epoch [136] Training Results: Prec@1 74.960 Prec@5 97.080             Loss 0.85584
Epoch [136] Training Class Recall: [0.800,0.770,0.575,0.669,0.607,0.752,0.619,0.636,0.751,0.897]

Epoch: [137][0/40], lr: 0.01000	Loss 0.8311 (0.8311)	Prec@1 78.125 (78.125)	Prec@5 96.094 (96.094)
Epoch: [137][10/40], lr: 0.01000	Loss 0.8139 (0.9147)	Prec@1 75.000 (74.148)	Prec@5 97.656 (95.881)
Epoch: [137][20/40], lr: 0.01000	Loss 0.8524 (0.8982)	Prec@1 76.562 (73.958)	Prec@5 97.656 (96.280)
Epoch: [137][30/40], lr: 0.01000	Loss 0.7461 (0.8678)	Prec@1 81.250 (74.647)	Prec@5 96.875 (96.673)
Epoch [137] Training Results: Prec@1 75.100 Prec@5 96.800             Loss 0.85507
Epoch [137] Training Class Recall: [0.829,0.764,0.575,0.669,0.603,0.755,0.632,0.579,0.746,0.902]

Epoch: [138][0/40], lr: 0.01000	Loss 0.7284 (0.7284)	Prec@1 78.125 (78.125)	Prec@5 97.656 (97.656)
Epoch: [138][10/40], lr: 0.01000	Loss 0.6432 (0.8234)	Prec@1 80.469 (74.716)	Prec@5 97.656 (97.727)
Epoch: [138][20/40], lr: 0.01000	Loss 0.6013 (0.8156)	Prec@1 82.812 (75.595)	Prec@5 98.438 (97.247)
Epoch: [138][30/40], lr: 0.01000	Loss 0.7078 (0.7837)	Prec@1 76.562 (76.815)	Prec@5 97.656 (97.329)
Epoch [138] Training Results: Prec@1 76.780 Prec@5 97.360             Loss 0.78760
Epoch [138] Training Class Recall: [0.845,0.772,0.615,0.665,0.649,0.792,0.613,0.661,0.736,0.909]

Epoch: [139][0/40], lr: 0.01000	Loss 0.6312 (0.6312)	Prec@1 82.812 (82.812)	Prec@5 97.656 (97.656)
Epoch: [139][10/40], lr: 0.01000	Loss 1.0314 (0.8919)	Prec@1 70.312 (73.722)	Prec@5 97.656 (97.230)
Epoch: [139][20/40], lr: 0.01000	Loss 0.8086 (0.8613)	Prec@1 76.562 (75.298)	Prec@5 97.656 (96.912)
Epoch: [139][30/40], lr: 0.01000	Loss 0.8510 (0.8450)	Prec@1 73.438 (75.630)	Prec@5 96.875 (96.925)
Epoch [139] Training Results: Prec@1 76.480 Prec@5 96.980             Loss 0.82237
Epoch [139] Training Class Recall: [0.810,0.770,0.550,0.720,0.637,0.798,0.598,0.667,0.761,0.898]

Epoch: [140][0/40], lr: 0.01000	Loss 0.7505 (0.7505)	Prec@1 78.906 (78.906)	Prec@5 97.656 (97.656)
Epoch: [140][10/40], lr: 0.01000	Loss 0.6228 (0.7685)	Prec@1 82.031 (77.770)	Prec@5 99.219 (98.082)
Epoch: [140][20/40], lr: 0.01000	Loss 0.6856 (0.7735)	Prec@1 81.250 (77.790)	Prec@5 96.875 (97.396)
Epoch: [140][30/40], lr: 0.01000	Loss 0.8352 (0.7728)	Prec@1 74.219 (77.747)	Prec@5 99.219 (97.480)
Epoch [140] Training Results: Prec@1 77.760 Prec@5 97.600             Loss 0.75969
Epoch [140] Training Class Recall: [0.849,0.787,0.575,0.714,0.641,0.800,0.666,0.639,0.749,0.911]

Epoch: [141][0/40], lr: 0.01000	Loss 0.6029 (0.6029)	Prec@1 83.594 (83.594)	Prec@5 97.656 (97.656)
Epoch: [141][10/40], lr: 0.01000	Loss 0.6889 (0.7256)	Prec@1 80.469 (80.256)	Prec@5 96.875 (97.585)
Epoch: [141][20/40], lr: 0.01000	Loss 0.8839 (0.7529)	Prec@1 71.094 (78.199)	Prec@5 98.438 (97.507)
Epoch: [141][30/40], lr: 0.01000	Loss 0.6871 (0.7503)	Prec@1 78.125 (78.276)	Prec@5 99.219 (97.404)
Epoch [141] Training Results: Prec@1 78.140 Prec@5 97.280             Loss 0.75536
Epoch [141] Training Class Recall: [0.858,0.789,0.585,0.718,0.649,0.794,0.656,0.694,0.746,0.906]

Epoch: [142][0/40], lr: 0.01000	Loss 0.6276 (0.6276)	Prec@1 83.594 (83.594)	Prec@5 98.438 (98.438)
Epoch: [142][10/40], lr: 0.01000	Loss 0.8381 (0.8731)	Prec@1 73.438 (73.793)	Prec@5 97.656 (97.088)
Epoch: [142][20/40], lr: 0.01000	Loss 0.9788 (0.8775)	Prec@1 70.312 (74.033)	Prec@5 95.312 (96.875)
Epoch: [142][30/40], lr: 0.01000	Loss 0.9952 (0.8728)	Prec@1 71.094 (74.446)	Prec@5 96.875 (96.875)
Epoch [142] Training Results: Prec@1 75.080 Prec@5 97.020             Loss 0.85727
Epoch [142] Training Class Recall: [0.805,0.736,0.570,0.675,0.576,0.785,0.616,0.652,0.744,0.902]

Epoch: [143][0/40], lr: 0.01000	Loss 0.7004 (0.7004)	Prec@1 79.688 (79.688)	Prec@5 98.438 (98.438)
Epoch: [143][10/40], lr: 0.01000	Loss 0.8538 (0.8658)	Prec@1 72.656 (72.940)	Prec@5 98.438 (97.159)
Epoch: [143][20/40], lr: 0.01000	Loss 0.6870 (0.8514)	Prec@1 79.688 (73.810)	Prec@5 96.875 (97.359)
Epoch: [143][30/40], lr: 0.01000	Loss 0.6511 (0.8406)	Prec@1 80.469 (74.622)	Prec@5 99.219 (97.228)
Epoch [143] Training Results: Prec@1 75.260 Prec@5 97.180             Loss 0.82722
Epoch [143] Training Class Recall: [0.810,0.762,0.500,0.693,0.618,0.770,0.628,0.609,0.759,0.900]

Epoch: [144][0/40], lr: 0.01000	Loss 0.7608 (0.7608)	Prec@1 78.906 (78.906)	Prec@5 96.094 (96.094)
Epoch: [144][10/40], lr: 0.01000	Loss 0.8305 (0.7612)	Prec@1 75.000 (76.847)	Prec@5 96.875 (97.940)
Epoch: [144][20/40], lr: 0.01000	Loss 0.7907 (0.7642)	Prec@1 73.438 (77.083)	Prec@5 98.438 (97.879)
Epoch: [144][30/40], lr: 0.01000	Loss 0.7557 (0.7618)	Prec@1 79.688 (77.041)	Prec@5 97.656 (97.732)
Epoch [144] Training Results: Prec@1 76.920 Prec@5 97.760             Loss 0.76481
Epoch [144] Training Class Recall: [0.836,0.782,0.535,0.710,0.656,0.804,0.588,0.645,0.773,0.898]

Epoch: [145][0/40], lr: 0.01000	Loss 0.7698 (0.7698)	Prec@1 76.562 (76.562)	Prec@5 100.000 (100.000)
Epoch: [145][10/40], lr: 0.01000	Loss 0.6533 (0.7484)	Prec@1 82.031 (77.912)	Prec@5 99.219 (98.153)
Epoch: [145][20/40], lr: 0.01000	Loss 0.6411 (0.7656)	Prec@1 81.250 (77.679)	Prec@5 96.094 (97.656)
Epoch: [145][30/40], lr: 0.01000	Loss 0.8652 (0.7630)	Prec@1 74.219 (77.596)	Prec@5 96.875 (97.757)
Epoch [145] Training Results: Prec@1 77.820 Prec@5 97.700             Loss 0.76262
Epoch [145] Training Class Recall: [0.849,0.812,0.565,0.685,0.656,0.804,0.659,0.633,0.749,0.913]

Epoch: [146][0/40], lr: 0.01000	Loss 0.7252 (0.7252)	Prec@1 79.688 (79.688)	Prec@5 98.438 (98.438)
Epoch: [146][10/40], lr: 0.01000	Loss 0.8310 (0.7700)	Prec@1 76.562 (76.491)	Prec@5 96.875 (97.372)
Epoch: [146][20/40], lr: 0.01000	Loss 0.8920 (0.7611)	Prec@1 73.438 (77.307)	Prec@5 97.656 (97.693)
Epoch: [146][30/40], lr: 0.01000	Loss 0.8076 (0.7490)	Prec@1 76.562 (77.596)	Prec@5 95.312 (97.631)
Epoch [146] Training Results: Prec@1 77.940 Prec@5 97.640             Loss 0.73919
Epoch [146] Training Class Recall: [0.845,0.792,0.610,0.728,0.630,0.800,0.669,0.658,0.778,0.889]

Epoch: [147][0/40], lr: 0.01000	Loss 0.5252 (0.5252)	Prec@1 83.594 (83.594)	Prec@5 100.000 (100.000)
Epoch: [147][10/40], lr: 0.01000	Loss 0.6173 (0.7091)	Prec@1 83.594 (78.693)	Prec@5 97.656 (98.295)
Epoch: [147][20/40], lr: 0.01000	Loss 0.7525 (0.7230)	Prec@1 78.906 (78.385)	Prec@5 98.438 (97.991)
Epoch: [147][30/40], lr: 0.01000	Loss 0.6648 (0.7260)	Prec@1 84.375 (78.730)	Prec@5 96.094 (98.059)
Epoch [147] Training Results: Prec@1 78.860 Prec@5 98.120             Loss 0.72161
Epoch [147] Training Class Recall: [0.846,0.796,0.605,0.726,0.641,0.809,0.684,0.685,0.788,0.908]

Epoch: [148][0/40], lr: 0.01000	Loss 0.6809 (0.6809)	Prec@1 81.250 (81.250)	Prec@5 96.875 (96.875)
Epoch: [148][10/40], lr: 0.01000	Loss 0.8808 (0.7738)	Prec@1 75.000 (77.486)	Prec@5 98.438 (97.372)
Epoch: [148][20/40], lr: 0.01000	Loss 0.6010 (0.7395)	Prec@1 80.469 (78.013)	Prec@5 98.438 (97.805)
Epoch: [148][30/40], lr: 0.01000	Loss 0.7336 (0.7420)	Prec@1 78.125 (77.545)	Prec@5 95.312 (97.858)
Epoch [148] Training Results: Prec@1 78.360 Prec@5 97.820             Loss 0.72307
Epoch [148] Training Class Recall: [0.844,0.794,0.605,0.742,0.622,0.804,0.647,0.664,0.788,0.905]

Epoch: [149][0/40], lr: 0.01000	Loss 0.6535 (0.6535)	Prec@1 78.125 (78.125)	Prec@5 99.219 (99.219)
Epoch: [149][10/40], lr: 0.01000	Loss 0.8017 (0.8993)	Prec@1 75.000 (73.366)	Prec@5 98.438 (97.301)
Epoch: [149][20/40], lr: 0.01000	Loss 0.8718 (0.9042)	Prec@1 74.219 (73.326)	Prec@5 96.875 (97.284)
Epoch: [149][30/40], lr: 0.01000	Loss 0.9271 (0.9012)	Prec@1 71.875 (73.337)	Prec@5 97.656 (97.077)
Epoch [149] Training Results: Prec@1 73.820 Prec@5 97.040             Loss 0.88468
Epoch [149] Training Class Recall: [0.790,0.742,0.500,0.661,0.592,0.755,0.582,0.658,0.736,0.896]

Epoch: [150][0/40], lr: 0.01000	Loss 0.7186 (0.7186)	Prec@1 78.906 (78.906)	Prec@5 96.094 (96.094)
Epoch: [150][10/40], lr: 0.01000	Loss 0.7295 (0.8194)	Prec@1 78.906 (76.065)	Prec@5 97.656 (97.230)
Epoch: [150][20/40], lr: 0.01000	Loss 1.0107 (0.8188)	Prec@1 72.656 (75.595)	Prec@5 93.750 (97.210)
Epoch: [150][30/40], lr: 0.01000	Loss 0.6144 (0.8129)	Prec@1 82.031 (75.403)	Prec@5 99.219 (97.303)
Epoch [150] Training Results: Prec@1 76.020 Prec@5 97.460             Loss 0.79292
Epoch [150] Training Class Recall: [0.828,0.777,0.550,0.685,0.561,0.789,0.591,0.664,0.759,0.906]

Epoch: [151][0/40], lr: 0.01000	Loss 0.5321 (0.5321)	Prec@1 85.938 (85.938)	Prec@5 98.438 (98.438)
Epoch: [151][10/40], lr: 0.01000	Loss 0.7380 (0.7845)	Prec@1 78.906 (76.776)	Prec@5 100.000 (97.656)
Epoch: [151][20/40], lr: 0.01000	Loss 1.0498 (0.8104)	Prec@1 71.875 (76.376)	Prec@5 94.531 (97.098)
Epoch: [151][30/40], lr: 0.01000	Loss 0.6819 (0.8038)	Prec@1 80.469 (76.714)	Prec@5 98.438 (97.278)
Epoch [151] Training Results: Prec@1 76.600 Prec@5 97.280             Loss 0.80244
Epoch [151] Training Class Recall: [0.812,0.775,0.530,0.699,0.630,0.788,0.628,0.667,0.771,0.910]

Epoch: [152][0/40], lr: 0.01000	Loss 0.7132 (0.7132)	Prec@1 79.688 (79.688)	Prec@5 98.438 (98.438)
Epoch: [152][10/40], lr: 0.01000	Loss 0.8686 (0.8782)	Prec@1 75.000 (73.366)	Prec@5 96.875 (97.372)
Epoch: [152][20/40], lr: 0.01000	Loss 0.9646 (0.8910)	Prec@1 70.312 (72.954)	Prec@5 95.312 (96.987)
Epoch: [152][30/40], lr: 0.01000	Loss 0.8603 (0.8882)	Prec@1 68.750 (73.110)	Prec@5 98.438 (96.976)
Epoch [152] Training Results: Prec@1 73.900 Prec@5 96.940             Loss 0.86848
Epoch [152] Training Class Recall: [0.782,0.760,0.530,0.650,0.592,0.765,0.560,0.624,0.744,0.903]

Epoch: [153][0/40], lr: 0.01000	Loss 0.6283 (0.6283)	Prec@1 82.031 (82.031)	Prec@5 98.438 (98.438)
Epoch: [153][10/40], lr: 0.01000	Loss 0.8031 (0.7357)	Prec@1 76.562 (78.906)	Prec@5 98.438 (97.798)
Epoch: [153][20/40], lr: 0.01000	Loss 0.8051 (0.7754)	Prec@1 74.219 (77.418)	Prec@5 99.219 (97.805)
Epoch: [153][30/40], lr: 0.01000	Loss 0.8080 (0.7703)	Prec@1 75.781 (77.722)	Prec@5 96.875 (97.656)
Epoch [153] Training Results: Prec@1 77.400 Prec@5 97.680             Loss 0.77063
Epoch [153] Training Class Recall: [0.814,0.801,0.540,0.705,0.645,0.801,0.641,0.679,0.773,0.906]

Epoch: [154][0/40], lr: 0.01000	Loss 0.5809 (0.5809)	Prec@1 84.375 (84.375)	Prec@5 99.219 (99.219)
Epoch: [154][10/40], lr: 0.01000	Loss 1.1842 (1.0332)	Prec@1 67.188 (70.099)	Prec@5 96.094 (95.668)
Epoch: [154][20/40], lr: 0.01000	Loss 1.0341 (1.0148)	Prec@1 72.656 (70.461)	Prec@5 93.750 (95.610)
Epoch: [154][30/40], lr: 0.01000	Loss 0.7509 (0.9850)	Prec@1 74.219 (71.069)	Prec@5 100.000 (95.691)
Epoch [154] Training Results: Prec@1 71.680 Prec@5 95.880             Loss 0.96026
Epoch [154] Training Class Recall: [0.766,0.701,0.515,0.630,0.588,0.761,0.514,0.612,0.702,0.891]

Epoch: [155][0/40], lr: 0.01000	Loss 0.8502 (0.8502)	Prec@1 76.562 (76.562)	Prec@5 97.656 (97.656)
Epoch: [155][10/40], lr: 0.01000	Loss 0.8686 (0.8962)	Prec@1 76.562 (74.077)	Prec@5 96.875 (97.159)
Epoch: [155][20/40], lr: 0.01000	Loss 0.8892 (0.8814)	Prec@1 75.000 (74.405)	Prec@5 96.875 (97.061)
Epoch: [155][30/40], lr: 0.01000	Loss 0.6721 (0.8641)	Prec@1 79.688 (74.874)	Prec@5 99.219 (97.102)
Epoch [155] Training Results: Prec@1 75.280 Prec@5 97.300             Loss 0.84869
Epoch [155] Training Class Recall: [0.818,0.745,0.545,0.652,0.584,0.798,0.635,0.652,0.739,0.899]

Epoch: [156][0/40], lr: 0.01000	Loss 0.8242 (0.8242)	Prec@1 76.562 (76.562)	Prec@5 96.875 (96.875)
Epoch: [156][10/40], lr: 0.01000	Loss 0.9219 (0.9733)	Prec@1 74.219 (70.810)	Prec@5 96.875 (96.662)
Epoch: [156][20/40], lr: 0.01000	Loss 0.6924 (0.9455)	Prec@1 80.469 (71.987)	Prec@5 98.438 (96.391)
Epoch: [156][30/40], lr: 0.01000	Loss 0.6818 (0.9176)	Prec@1 79.688 (72.807)	Prec@5 99.219 (96.522)
Epoch [156] Training Results: Prec@1 73.480 Prec@5 96.600             Loss 0.90324
Epoch [156] Training Class Recall: [0.788,0.723,0.505,0.640,0.618,0.758,0.619,0.612,0.732,0.898]

Epoch: [157][0/40], lr: 0.01000	Loss 0.6191 (0.6191)	Prec@1 80.469 (80.469)	Prec@5 100.000 (100.000)
Epoch: [157][10/40], lr: 0.01000	Loss 0.9445 (0.8568)	Prec@1 69.531 (73.722)	Prec@5 93.750 (96.165)
Epoch: [157][20/40], lr: 0.01000	Loss 0.9628 (0.8465)	Prec@1 69.531 (73.921)	Prec@5 97.656 (96.987)
Epoch: [157][30/40], lr: 0.01000	Loss 0.7859 (0.8115)	Prec@1 77.344 (75.403)	Prec@5 99.219 (97.051)
Epoch [157] Training Results: Prec@1 75.300 Prec@5 97.060             Loss 0.81756
Epoch [157] Training Class Recall: [0.822,0.757,0.585,0.716,0.561,0.786,0.585,0.582,0.736,0.903]

Epoch: [158][0/40], lr: 0.01000	Loss 0.9882 (0.9882)	Prec@1 71.094 (71.094)	Prec@5 96.875 (96.875)
Epoch: [158][10/40], lr: 0.01000	Loss 0.9978 (0.8691)	Prec@1 69.531 (73.864)	Prec@5 98.438 (97.017)
Epoch: [158][20/40], lr: 0.01000	Loss 0.6444 (0.8283)	Prec@1 78.906 (75.037)	Prec@5 100.000 (97.507)
Epoch: [158][30/40], lr: 0.01000	Loss 0.8064 (0.7965)	Prec@1 78.906 (76.285)	Prec@5 96.094 (97.656)
Epoch [158] Training Results: Prec@1 76.060 Prec@5 97.700             Loss 0.79353
Epoch [158] Training Class Recall: [0.830,0.787,0.565,0.683,0.607,0.762,0.616,0.633,0.764,0.904]

Epoch: [159][0/40], lr: 0.01000	Loss 0.7920 (0.7920)	Prec@1 76.562 (76.562)	Prec@5 99.219 (99.219)
Epoch: [159][10/40], lr: 0.01000	Loss 1.0048 (0.8158)	Prec@1 71.094 (75.923)	Prec@5 96.094 (97.443)
Epoch: [159][20/40], lr: 0.01000	Loss 0.7396 (0.8085)	Prec@1 79.688 (75.856)	Prec@5 96.094 (97.247)
Epoch: [159][30/40], lr: 0.01000	Loss 0.8991 (0.8100)	Prec@1 74.219 (76.109)	Prec@5 97.656 (97.177)
Epoch [159] Training Results: Prec@1 76.240 Prec@5 97.320             Loss 0.79826
Epoch [159] Training Class Recall: [0.842,0.782,0.520,0.687,0.607,0.788,0.601,0.633,0.759,0.904]

Epoch: [160][0/40], lr: 0.00010	Loss 0.8793 (0.8793)	Prec@1 71.875 (71.875)	Prec@5 98.438 (98.438)
Epoch: [160][10/40], lr: 0.00010	Loss 0.6168 (0.6373)	Prec@1 82.031 (81.960)	Prec@5 98.438 (99.077)
Epoch: [160][20/40], lr: 0.00010	Loss 0.6814 (0.6510)	Prec@1 78.906 (81.101)	Prec@5 98.438 (98.586)
Epoch: [160][30/40], lr: 0.00010	Loss 0.8179 (0.6675)	Prec@1 77.344 (80.796)	Prec@5 96.094 (98.412)
Epoch [160] Training Results: Prec@1 80.820 Prec@5 98.200             Loss 0.66567
Epoch [160] Training Class Recall: [0.856,0.796,0.625,0.791,0.679,0.819,0.724,0.670,0.835,0.919]

Epoch: [161][0/40], lr: 0.00010	Loss 0.7353 (0.7353)	Prec@1 80.469 (80.469)	Prec@5 96.094 (96.094)
Epoch: [161][10/40], lr: 0.00010	Loss 0.5248 (0.6851)	Prec@1 82.812 (80.114)	Prec@5 99.219 (97.727)
Epoch: [161][20/40], lr: 0.00010	Loss 0.5719 (0.6402)	Prec@1 83.594 (81.436)	Prec@5 96.094 (98.028)
Epoch: [161][30/40], lr: 0.00010	Loss 0.7621 (0.6550)	Prec@1 75.781 (81.124)	Prec@5 95.312 (97.959)
Epoch [161] Training Results: Prec@1 80.480 Prec@5 98.000             Loss 0.66316
Epoch [161] Training Class Recall: [0.861,0.804,0.590,0.781,0.691,0.810,0.728,0.667,0.818,0.914]

Epoch: [162][0/40], lr: 0.00010	Loss 0.6519 (0.6519)	Prec@1 83.594 (83.594)	Prec@5 100.000 (100.000)
Epoch: [162][10/40], lr: 0.00010	Loss 0.5997 (0.6342)	Prec@1 82.812 (81.818)	Prec@5 98.438 (98.438)
Epoch: [162][20/40], lr: 0.00010	Loss 0.8781 (0.6400)	Prec@1 71.094 (81.362)	Prec@5 97.656 (98.363)
Epoch: [162][30/40], lr: 0.00010	Loss 0.6940 (0.6368)	Prec@1 82.812 (81.300)	Prec@5 96.875 (98.564)
Epoch [162] Training Results: Prec@1 81.280 Prec@5 98.420             Loss 0.64250
Epoch [162] Training Class Recall: [0.877,0.812,0.590,0.777,0.706,0.836,0.703,0.682,0.815,0.923]

Epoch: [163][0/40], lr: 0.00010	Loss 0.7702 (0.7702)	Prec@1 74.219 (74.219)	Prec@5 98.438 (98.438)
Epoch: [163][10/40], lr: 0.00010	Loss 0.7282 (0.6567)	Prec@1 75.781 (80.966)	Prec@5 98.438 (97.798)
Epoch: [163][20/40], lr: 0.00010	Loss 0.6725 (0.6403)	Prec@1 80.469 (81.324)	Prec@5 98.438 (97.954)
Epoch: [163][30/40], lr: 0.00010	Loss 0.6719 (0.6333)	Prec@1 78.125 (81.351)	Prec@5 99.219 (98.110)
Epoch [163] Training Results: Prec@1 81.340 Prec@5 98.220             Loss 0.62858
Epoch [163] Training Class Recall: [0.869,0.823,0.630,0.781,0.660,0.846,0.718,0.685,0.813,0.915]

Epoch: [164][0/40], lr: 0.00010	Loss 0.5972 (0.5972)	Prec@1 82.812 (82.812)	Prec@5 96.875 (96.875)
Epoch: [164][10/40], lr: 0.00010	Loss 0.5648 (0.6259)	Prec@1 85.156 (82.173)	Prec@5 99.219 (98.011)
Epoch: [164][20/40], lr: 0.00010	Loss 0.5534 (0.6100)	Prec@1 83.594 (82.329)	Prec@5 99.219 (98.251)
Epoch: [164][30/40], lr: 0.00010	Loss 0.7269 (0.6206)	Prec@1 78.906 (81.956)	Prec@5 100.000 (98.362)
Epoch [164] Training Results: Prec@1 82.040 Prec@5 98.440             Loss 0.61853
Epoch [164] Training Class Recall: [0.865,0.819,0.660,0.781,0.695,0.846,0.740,0.694,0.825,0.926]

Epoch: [165][0/40], lr: 0.00010	Loss 0.6128 (0.6128)	Prec@1 82.031 (82.031)	Prec@5 98.438 (98.438)
Epoch: [165][10/40], lr: 0.00010	Loss 0.6376 (0.6459)	Prec@1 78.906 (80.114)	Prec@5 98.438 (98.295)
Epoch: [165][20/40], lr: 0.00010	Loss 0.5720 (0.6333)	Prec@1 84.375 (80.766)	Prec@5 97.656 (98.363)
Epoch: [165][30/40], lr: 0.00010	Loss 0.7380 (0.6154)	Prec@1 75.000 (81.326)	Prec@5 97.656 (98.589)
Epoch [165] Training Results: Prec@1 81.240 Prec@5 98.540             Loss 0.62130
Epoch [165] Training Class Recall: [0.872,0.818,0.670,0.765,0.695,0.836,0.706,0.673,0.803,0.922]

Epoch: [166][0/40], lr: 0.00010	Loss 0.6064 (0.6064)	Prec@1 81.250 (81.250)	Prec@5 100.000 (100.000)
Epoch: [166][10/40], lr: 0.00010	Loss 0.6195 (0.6147)	Prec@1 82.812 (82.386)	Prec@5 97.656 (98.793)
Epoch: [166][20/40], lr: 0.00010	Loss 0.5854 (0.6178)	Prec@1 80.469 (81.696)	Prec@5 99.219 (98.661)
Epoch: [166][30/40], lr: 0.00010	Loss 0.5743 (0.6203)	Prec@1 82.031 (81.653)	Prec@5 99.219 (98.438)
Epoch [166] Training Results: Prec@1 81.860 Prec@5 98.500             Loss 0.61622
Epoch [166] Training Class Recall: [0.881,0.826,0.630,0.793,0.695,0.834,0.724,0.682,0.800,0.928]

Epoch: [167][0/40], lr: 0.00010	Loss 0.6459 (0.6459)	Prec@1 82.031 (82.031)	Prec@5 97.656 (97.656)
Epoch: [167][10/40], lr: 0.00010	Loss 0.6316 (0.6288)	Prec@1 78.906 (81.463)	Prec@5 98.438 (98.224)
Epoch: [167][20/40], lr: 0.00010	Loss 0.5925 (0.6207)	Prec@1 81.250 (81.659)	Prec@5 98.438 (98.512)
Epoch: [167][30/40], lr: 0.00010	Loss 0.7119 (0.6170)	Prec@1 78.125 (81.729)	Prec@5 96.094 (98.362)
Epoch [167] Training Results: Prec@1 81.940 Prec@5 98.300             Loss 0.61374
Epoch [167] Training Class Recall: [0.881,0.833,0.640,0.775,0.687,0.845,0.728,0.691,0.793,0.929]

Epoch: [168][0/40], lr: 0.00010	Loss 0.7960 (0.7960)	Prec@1 73.438 (73.438)	Prec@5 97.656 (97.656)
Epoch: [168][10/40], lr: 0.00010	Loss 0.5381 (0.6007)	Prec@1 82.812 (81.818)	Prec@5 98.438 (98.651)
Epoch: [168][20/40], lr: 0.00010	Loss 0.6549 (0.6067)	Prec@1 78.125 (81.659)	Prec@5 99.219 (98.549)
Epoch: [168][30/40], lr: 0.00010	Loss 0.5303 (0.6049)	Prec@1 84.375 (81.855)	Prec@5 97.656 (98.438)
Epoch [168] Training Results: Prec@1 82.000 Prec@5 98.480             Loss 0.60321
Epoch [168] Training Class Recall: [0.877,0.819,0.665,0.767,0.718,0.855,0.700,0.706,0.805,0.926]

Epoch: [169][0/40], lr: 0.00010	Loss 0.5077 (0.5077)	Prec@1 85.938 (85.938)	Prec@5 100.000 (100.000)
Epoch: [169][10/40], lr: 0.00010	Loss 0.5493 (0.5799)	Prec@1 88.281 (84.020)	Prec@5 96.875 (98.580)
Epoch: [169][20/40], lr: 0.00010	Loss 0.7128 (0.6014)	Prec@1 78.125 (82.775)	Prec@5 98.438 (98.363)
Epoch: [169][30/40], lr: 0.00010	Loss 0.6525 (0.6019)	Prec@1 79.688 (82.485)	Prec@5 96.094 (98.438)
Epoch [169] Training Results: Prec@1 82.080 Prec@5 98.520             Loss 0.60196
Epoch [169] Training Class Recall: [0.877,0.838,0.675,0.785,0.710,0.843,0.697,0.688,0.796,0.929]

Epoch: [170][0/40], lr: 0.00010	Loss 0.4852 (0.4852)	Prec@1 85.156 (85.156)	Prec@5 98.438 (98.438)
Epoch: [170][10/40], lr: 0.00010	Loss 0.7854 (0.6163)	Prec@1 76.562 (80.824)	Prec@5 97.656 (98.651)
Epoch: [170][20/40], lr: 0.00010	Loss 0.5261 (0.5929)	Prec@1 84.375 (81.734)	Prec@5 99.219 (98.661)
Epoch: [170][30/40], lr: 0.00010	Loss 0.5607 (0.5866)	Prec@1 84.375 (82.409)	Prec@5 97.656 (98.664)
Epoch [170] Training Results: Prec@1 82.280 Prec@5 98.700             Loss 0.59372
Epoch [170] Training Class Recall: [0.879,0.829,0.670,0.796,0.695,0.839,0.709,0.697,0.820,0.928]

Epoch: [171][0/40], lr: 0.00010	Loss 0.5714 (0.5714)	Prec@1 84.375 (84.375)	Prec@5 97.656 (97.656)
Epoch: [171][10/40], lr: 0.00010	Loss 0.8150 (0.6054)	Prec@1 75.781 (81.037)	Prec@5 95.312 (98.722)
Epoch: [171][20/40], lr: 0.00010	Loss 0.7047 (0.5997)	Prec@1 79.688 (81.845)	Prec@5 98.438 (98.475)
Epoch: [171][30/40], lr: 0.00010	Loss 0.5490 (0.5852)	Prec@1 85.156 (82.359)	Prec@5 97.656 (98.513)
Epoch [171] Training Results: Prec@1 82.100 Prec@5 98.400             Loss 0.58871
Epoch [171] Training Class Recall: [0.873,0.831,0.670,0.771,0.718,0.857,0.715,0.679,0.815,0.923]

Epoch: [172][0/40], lr: 0.00010	Loss 0.5453 (0.5453)	Prec@1 84.375 (84.375)	Prec@5 98.438 (98.438)
Epoch: [172][10/40], lr: 0.00010	Loss 0.5469 (0.5524)	Prec@1 82.812 (83.594)	Prec@5 99.219 (98.935)
Epoch: [172][20/40], lr: 0.00010	Loss 0.4764 (0.5856)	Prec@1 86.719 (82.403)	Prec@5 98.438 (98.921)
Epoch: [172][30/40], lr: 0.00010	Loss 0.7168 (0.5932)	Prec@1 78.906 (82.283)	Prec@5 96.875 (98.664)
Epoch [172] Training Results: Prec@1 82.280 Prec@5 98.740             Loss 0.58826
Epoch [172] Training Class Recall: [0.881,0.831,0.680,0.767,0.702,0.851,0.724,0.697,0.798,0.932]

Epoch: [173][0/40], lr: 0.00010	Loss 0.6642 (0.6642)	Prec@1 79.688 (79.688)	Prec@5 98.438 (98.438)
Epoch: [173][10/40], lr: 0.00010	Loss 0.4723 (0.5976)	Prec@1 82.812 (82.173)	Prec@5 99.219 (98.722)
Epoch: [173][20/40], lr: 0.00010	Loss 0.6191 (0.6061)	Prec@1 80.469 (82.031)	Prec@5 96.094 (98.512)
Epoch: [173][30/40], lr: 0.00010	Loss 0.6592 (0.6007)	Prec@1 80.469 (82.082)	Prec@5 99.219 (98.488)
Epoch [173] Training Results: Prec@1 82.420 Prec@5 98.560             Loss 0.58978
Epoch [173] Training Class Recall: [0.879,0.824,0.695,0.783,0.718,0.858,0.706,0.706,0.805,0.925]

Epoch: [174][0/40], lr: 0.00010	Loss 0.6913 (0.6913)	Prec@1 79.688 (79.688)	Prec@5 95.312 (95.312)
Epoch: [174][10/40], lr: 0.00010	Loss 0.4974 (0.5802)	Prec@1 83.594 (82.884)	Prec@5 100.000 (98.935)
Epoch: [174][20/40], lr: 0.00010	Loss 0.7467 (0.5669)	Prec@1 78.125 (83.296)	Prec@5 96.875 (98.921)
Epoch: [174][30/40], lr: 0.00010	Loss 0.5705 (0.5855)	Prec@1 79.688 (82.409)	Prec@5 97.656 (98.564)
Epoch [174] Training Results: Prec@1 82.160 Prec@5 98.600             Loss 0.58916
Epoch [174] Training Class Recall: [0.880,0.843,0.665,0.779,0.702,0.855,0.706,0.685,0.798,0.924]

Epoch: [175][0/40], lr: 0.00010	Loss 0.6160 (0.6160)	Prec@1 77.344 (77.344)	Prec@5 100.000 (100.000)
Epoch: [175][10/40], lr: 0.00010	Loss 0.5657 (0.5718)	Prec@1 83.594 (81.534)	Prec@5 96.875 (98.580)
Epoch: [175][20/40], lr: 0.00010	Loss 0.6627 (0.5775)	Prec@1 80.469 (82.329)	Prec@5 97.656 (98.624)
Epoch: [175][30/40], lr: 0.00010	Loss 0.6292 (0.5794)	Prec@1 81.250 (82.510)	Prec@5 98.438 (98.564)
Epoch [175] Training Results: Prec@1 82.280 Prec@5 98.580             Loss 0.58452
Epoch [175] Training Class Recall: [0.880,0.834,0.685,0.775,0.729,0.843,0.715,0.700,0.805,0.923]

Epoch: [176][0/40], lr: 0.00010	Loss 0.4199 (0.4199)	Prec@1 89.844 (89.844)	Prec@5 100.000 (100.000)
Epoch: [176][10/40], lr: 0.00010	Loss 0.4960 (0.5561)	Prec@1 85.938 (83.807)	Prec@5 98.438 (98.580)
Epoch: [176][20/40], lr: 0.00010	Loss 0.5673 (0.5626)	Prec@1 84.375 (83.445)	Prec@5 99.219 (98.847)
Epoch: [176][30/40], lr: 0.00010	Loss 0.6485 (0.5734)	Prec@1 78.906 (82.964)	Prec@5 97.656 (98.614)
Epoch [176] Training Results: Prec@1 82.660 Prec@5 98.580             Loss 0.58017
Epoch [176] Training Class Recall: [0.876,0.848,0.690,0.783,0.714,0.845,0.715,0.709,0.820,0.926]

Epoch: [177][0/40], lr: 0.00010	Loss 0.5895 (0.5895)	Prec@1 81.250 (81.250)	Prec@5 97.656 (97.656)
Epoch: [177][10/40], lr: 0.00010	Loss 0.5402 (0.5814)	Prec@1 81.250 (83.097)	Prec@5 99.219 (98.082)
Epoch: [177][20/40], lr: 0.00010	Loss 0.5875 (0.5658)	Prec@1 82.031 (83.185)	Prec@5 98.438 (98.586)
Epoch: [177][30/40], lr: 0.00010	Loss 0.5131 (0.5602)	Prec@1 82.812 (83.392)	Prec@5 100.000 (98.740)
Epoch [177] Training Results: Prec@1 82.880 Prec@5 98.780             Loss 0.57388
Epoch [177] Training Class Recall: [0.883,0.848,0.675,0.775,0.714,0.861,0.718,0.700,0.808,0.935]

Epoch: [178][0/40], lr: 0.00010	Loss 0.5589 (0.5589)	Prec@1 81.250 (81.250)	Prec@5 97.656 (97.656)
Epoch: [178][10/40], lr: 0.00010	Loss 0.5055 (0.5868)	Prec@1 86.719 (82.173)	Prec@5 99.219 (98.793)
Epoch: [178][20/40], lr: 0.00010	Loss 0.6842 (0.5857)	Prec@1 80.469 (82.664)	Prec@5 98.438 (98.772)
Epoch: [178][30/40], lr: 0.00010	Loss 0.5588 (0.5783)	Prec@1 85.938 (82.838)	Prec@5 97.656 (98.690)
Epoch [178] Training Results: Prec@1 83.160 Prec@5 98.600             Loss 0.57358
Epoch [178] Training Class Recall: [0.880,0.853,0.680,0.793,0.710,0.852,0.737,0.715,0.808,0.934]

Epoch: [179][0/40], lr: 0.00010	Loss 0.5314 (0.5314)	Prec@1 83.594 (83.594)	Prec@5 100.000 (100.000)
Epoch: [179][10/40], lr: 0.00010	Loss 0.5054 (0.5866)	Prec@1 82.031 (81.747)	Prec@5 99.219 (98.580)
Epoch: [179][20/40], lr: 0.00010	Loss 0.5605 (0.5819)	Prec@1 81.250 (82.254)	Prec@5 100.000 (98.661)
Epoch: [179][30/40], lr: 0.00010	Loss 0.4846 (0.5661)	Prec@1 86.719 (82.812)	Prec@5 99.219 (98.614)
Epoch [179] Training Results: Prec@1 82.500 Prec@5 98.580             Loss 0.57902
Epoch [179] Training Class Recall: [0.887,0.834,0.680,0.777,0.706,0.845,0.731,0.706,0.815,0.923]

Epoch: [180][0/40], lr: 0.00000	Loss 0.6538 (0.6538)	Prec@1 82.031 (82.031)	Prec@5 99.219 (99.219)
Epoch: [180][10/40], lr: 0.00000	Loss 0.5399 (0.5672)	Prec@1 80.469 (82.599)	Prec@5 99.219 (98.793)
Epoch: [180][20/40], lr: 0.00000	Loss 0.5792 (0.5657)	Prec@1 81.250 (82.961)	Prec@5 98.438 (98.698)
Epoch: [180][30/40], lr: 0.00000	Loss 0.4782 (0.5682)	Prec@1 84.375 (82.989)	Prec@5 99.219 (98.690)
Epoch [180] Training Results: Prec@1 82.620 Prec@5 98.640             Loss 0.57979
Epoch [180] Training Class Recall: [0.885,0.851,0.675,0.798,0.695,0.846,0.724,0.679,0.800,0.929]

Epoch: [181][0/40], lr: 0.00000	Loss 0.6578 (0.6578)	Prec@1 78.125 (78.125)	Prec@5 98.438 (98.438)
Epoch: [181][10/40], lr: 0.00000	Loss 0.6145 (0.6000)	Prec@1 83.594 (81.818)	Prec@5 99.219 (98.509)
Epoch: [181][20/40], lr: 0.00000	Loss 0.5223 (0.5780)	Prec@1 85.156 (82.515)	Prec@5 97.656 (98.512)
Epoch: [181][30/40], lr: 0.00000	Loss 0.4809 (0.5743)	Prec@1 85.156 (82.712)	Prec@5 100.000 (98.690)
Epoch [181] Training Results: Prec@1 82.560 Prec@5 98.720             Loss 0.57813
Epoch [181] Training Class Recall: [0.880,0.833,0.680,0.793,0.714,0.862,0.712,0.697,0.810,0.921]

Epoch: [182][0/40], lr: 0.00000	Loss 0.5262 (0.5262)	Prec@1 83.594 (83.594)	Prec@5 99.219 (99.219)
Epoch: [182][10/40], lr: 0.00000	Loss 0.4406 (0.5782)	Prec@1 88.281 (82.315)	Prec@5 99.219 (98.935)
Epoch: [182][20/40], lr: 0.00000	Loss 0.4048 (0.5852)	Prec@1 89.844 (82.143)	Prec@5 100.000 (98.698)
Epoch: [182][30/40], lr: 0.00000	Loss 0.5657 (0.5739)	Prec@1 82.031 (82.611)	Prec@5 98.438 (98.816)
Epoch [182] Training Results: Prec@1 82.440 Prec@5 98.680             Loss 0.58147
Epoch [182] Training Class Recall: [0.874,0.836,0.655,0.785,0.721,0.848,0.737,0.691,0.813,0.927]

Epoch: [183][0/40], lr: 0.00000	Loss 0.6301 (0.6301)	Prec@1 82.812 (82.812)	Prec@5 97.656 (97.656)
Epoch: [183][10/40], lr: 0.00000	Loss 0.5183 (0.5764)	Prec@1 85.156 (83.665)	Prec@5 98.438 (98.651)
Epoch: [183][20/40], lr: 0.00000	Loss 0.4314 (0.5907)	Prec@1 86.719 (82.701)	Prec@5 99.219 (98.512)
Epoch: [183][30/40], lr: 0.00000	Loss 0.5715 (0.5891)	Prec@1 84.375 (82.510)	Prec@5 98.438 (98.664)
Epoch [183] Training Results: Prec@1 82.740 Prec@5 98.780             Loss 0.57930
Epoch [183] Training Class Recall: [0.876,0.848,0.700,0.783,0.725,0.848,0.728,0.706,0.803,0.927]

Epoch: [184][0/40], lr: 0.00000	Loss 0.4599 (0.4599)	Prec@1 88.281 (88.281)	Prec@5 97.656 (97.656)
Epoch: [184][10/40], lr: 0.00000	Loss 0.5755 (0.5931)	Prec@1 82.812 (81.889)	Prec@5 99.219 (98.295)
Epoch: [184][20/40], lr: 0.00000	Loss 0.6063 (0.5874)	Prec@1 82.031 (82.180)	Prec@5 97.656 (98.475)
Epoch: [184][30/40], lr: 0.00000	Loss 0.3497 (0.5705)	Prec@1 89.844 (82.913)	Prec@5 100.000 (98.740)
Epoch [184] Training Results: Prec@1 82.560 Prec@5 98.660             Loss 0.57947
Epoch [184] Training Class Recall: [0.880,0.841,0.685,0.800,0.683,0.851,0.703,0.706,0.800,0.931]

Epoch: [185][0/40], lr: 0.00000	Loss 0.5915 (0.5915)	Prec@1 85.156 (85.156)	Prec@5 97.656 (97.656)
Epoch: [185][10/40], lr: 0.00000	Loss 0.6461 (0.5846)	Prec@1 81.250 (82.315)	Prec@5 98.438 (98.793)
Epoch: [185][20/40], lr: 0.00000	Loss 0.6553 (0.5722)	Prec@1 78.125 (82.552)	Prec@5 99.219 (98.772)
Epoch: [185][30/40], lr: 0.00000	Loss 0.6198 (0.5766)	Prec@1 80.469 (82.510)	Prec@5 97.656 (98.564)
Epoch [185] Training Results: Prec@1 82.640 Prec@5 98.660             Loss 0.57130
Epoch [185] Training Class Recall: [0.880,0.838,0.690,0.787,0.710,0.851,0.709,0.712,0.800,0.932]

Epoch: [186][0/40], lr: 0.00000	Loss 0.4681 (0.4681)	Prec@1 88.281 (88.281)	Prec@5 98.438 (98.438)
Epoch: [186][10/40], lr: 0.00000	Loss 0.5908 (0.6004)	Prec@1 81.250 (82.173)	Prec@5 97.656 (98.011)
Epoch: [186][20/40], lr: 0.00000	Loss 0.5723 (0.5568)	Prec@1 78.906 (83.445)	Prec@5 98.438 (98.177)
Epoch: [186][30/40], lr: 0.00000	Loss 0.5699 (0.5669)	Prec@1 82.812 (83.140)	Prec@5 99.219 (98.261)
Epoch [186] Training Results: Prec@1 83.100 Prec@5 98.400             Loss 0.57246
Epoch [186] Training Class Recall: [0.883,0.843,0.725,0.795,0.718,0.855,0.712,0.691,0.815,0.934]

Epoch: [187][0/40], lr: 0.00000	Loss 0.6625 (0.6625)	Prec@1 81.250 (81.250)	Prec@5 100.000 (100.000)
Epoch: [187][10/40], lr: 0.00000	Loss 0.5185 (0.5828)	Prec@1 84.375 (82.884)	Prec@5 99.219 (98.935)
Epoch: [187][20/40], lr: 0.00000	Loss 0.4870 (0.5900)	Prec@1 84.375 (82.254)	Prec@5 97.656 (98.810)
Epoch: [187][30/40], lr: 0.00000	Loss 0.4411 (0.5749)	Prec@1 86.719 (82.611)	Prec@5 99.219 (98.891)
Epoch [187] Training Results: Prec@1 82.640 Prec@5 98.780             Loss 0.57849
Epoch [187] Training Class Recall: [0.889,0.848,0.685,0.789,0.698,0.855,0.703,0.691,0.808,0.925]

Epoch: [188][0/40], lr: 0.00000	Loss 0.6238 (0.6238)	Prec@1 84.375 (84.375)	Prec@5 98.438 (98.438)
Epoch: [188][10/40], lr: 0.00000	Loss 0.4592 (0.5628)	Prec@1 86.719 (84.304)	Prec@5 98.438 (98.722)
Epoch: [188][20/40], lr: 0.00000	Loss 0.5927 (0.5727)	Prec@1 85.938 (83.408)	Prec@5 96.875 (98.586)
Epoch: [188][30/40], lr: 0.00000	Loss 0.5320 (0.5642)	Prec@1 86.719 (83.468)	Prec@5 100.000 (98.564)
Epoch [188] Training Results: Prec@1 83.240 Prec@5 98.700             Loss 0.56794
Epoch [188] Training Class Recall: [0.880,0.850,0.655,0.779,0.737,0.864,0.740,0.712,0.830,0.928]

Epoch: [189][0/40], lr: 0.00000	Loss 0.5214 (0.5214)	Prec@1 83.594 (83.594)	Prec@5 100.000 (100.000)
Epoch: [189][10/40], lr: 0.00000	Loss 0.4404 (0.5444)	Prec@1 87.500 (83.736)	Prec@5 99.219 (98.864)
Epoch: [189][20/40], lr: 0.00000	Loss 0.4957 (0.5632)	Prec@1 85.938 (83.408)	Prec@5 100.000 (98.772)
Epoch: [189][30/40], lr: 0.00000	Loss 0.7074 (0.5747)	Prec@1 75.781 (82.939)	Prec@5 98.438 (98.740)
Epoch [189] Training Results: Prec@1 82.740 Prec@5 98.640             Loss 0.57893
Epoch [189] Training Class Recall: [0.880,0.848,0.670,0.783,0.698,0.859,0.724,0.700,0.818,0.926]

Epoch: [190][0/40], lr: 0.00000	Loss 0.5521 (0.5521)	Prec@1 84.375 (84.375)	Prec@5 98.438 (98.438)
Epoch: [190][10/40], lr: 0.00000	Loss 0.5199 (0.5698)	Prec@1 84.375 (81.889)	Prec@5 100.000 (98.864)
Epoch: [190][20/40], lr: 0.00000	Loss 0.5970 (0.5755)	Prec@1 80.469 (82.180)	Prec@5 100.000 (98.661)
Epoch: [190][30/40], lr: 0.00000	Loss 0.6441 (0.5809)	Prec@1 80.469 (82.157)	Prec@5 99.219 (98.488)
Epoch [190] Training Results: Prec@1 82.280 Prec@5 98.600             Loss 0.57747
Epoch [190] Training Class Recall: [0.880,0.836,0.675,0.781,0.702,0.840,0.715,0.700,0.810,0.928]

Epoch: [191][0/40], lr: 0.00000	Loss 0.6921 (0.6921)	Prec@1 75.000 (75.000)	Prec@5 99.219 (99.219)
Epoch: [191][10/40], lr: 0.00000	Loss 0.5769 (0.5614)	Prec@1 82.812 (83.381)	Prec@5 100.000 (98.366)
Epoch: [191][20/40], lr: 0.00000	Loss 0.5946 (0.5749)	Prec@1 81.250 (83.259)	Prec@5 98.438 (98.586)
Epoch: [191][30/40], lr: 0.00000	Loss 0.6584 (0.5748)	Prec@1 76.562 (83.039)	Prec@5 97.656 (98.538)
Epoch [191] Training Results: Prec@1 82.840 Prec@5 98.620             Loss 0.57524
Epoch [191] Training Class Recall: [0.887,0.838,0.665,0.789,0.710,0.858,0.731,0.700,0.818,0.926]

Epoch: [192][0/40], lr: 0.00000	Loss 0.5939 (0.5939)	Prec@1 78.906 (78.906)	Prec@5 98.438 (98.438)
Epoch: [192][10/40], lr: 0.00000	Loss 0.6446 (0.5878)	Prec@1 83.594 (82.102)	Prec@5 96.875 (98.366)
Epoch: [192][20/40], lr: 0.00000	Loss 0.5763 (0.5672)	Prec@1 82.812 (83.259)	Prec@5 100.000 (98.735)
Epoch: [192][30/40], lr: 0.00000	Loss 0.5314 (0.5697)	Prec@1 85.156 (83.140)	Prec@5 98.438 (98.816)
Epoch [192] Training Results: Prec@1 83.000 Prec@5 98.860             Loss 0.57135
Epoch [192] Training Class Recall: [0.877,0.846,0.695,0.796,0.691,0.854,0.718,0.709,0.820,0.934]

Epoch: [193][0/40], lr: 0.00000	Loss 0.6001 (0.6001)	Prec@1 82.031 (82.031)	Prec@5 100.000 (100.000)
Epoch: [193][10/40], lr: 0.00000	Loss 0.7890 (0.5974)	Prec@1 75.781 (81.392)	Prec@5 97.656 (98.793)
Epoch: [193][20/40], lr: 0.00000	Loss 0.5051 (0.5850)	Prec@1 87.500 (82.068)	Prec@5 99.219 (98.661)
Epoch: [193][30/40], lr: 0.00000	Loss 0.5557 (0.5765)	Prec@1 83.594 (82.535)	Prec@5 98.438 (98.564)
Epoch [193] Training Results: Prec@1 82.560 Prec@5 98.700             Loss 0.57712
Epoch [193] Training Class Recall: [0.880,0.836,0.695,0.781,0.714,0.849,0.734,0.688,0.808,0.928]

Epoch: [194][0/40], lr: 0.00000	Loss 0.5605 (0.5605)	Prec@1 85.156 (85.156)	Prec@5 98.438 (98.438)
Epoch: [194][10/40], lr: 0.00000	Loss 0.6013 (0.5682)	Prec@1 81.250 (83.310)	Prec@5 100.000 (98.224)
Epoch: [194][20/40], lr: 0.00000	Loss 0.5863 (0.5820)	Prec@1 82.031 (82.478)	Prec@5 97.656 (98.214)
Epoch: [194][30/40], lr: 0.00000	Loss 0.4792 (0.5804)	Prec@1 85.938 (82.686)	Prec@5 97.656 (98.362)
Epoch [194] Training Results: Prec@1 82.740 Prec@5 98.440             Loss 0.57433
Epoch [194] Training Class Recall: [0.880,0.831,0.695,0.796,0.721,0.865,0.709,0.679,0.808,0.930]

Epoch: [195][0/40], lr: 0.00000	Loss 0.5779 (0.5779)	Prec@1 80.469 (80.469)	Prec@5 98.438 (98.438)
Epoch: [195][10/40], lr: 0.00000	Loss 0.4551 (0.5683)	Prec@1 86.719 (83.097)	Prec@5 100.000 (99.361)
Epoch: [195][20/40], lr: 0.00000	Loss 0.5742 (0.5912)	Prec@1 80.469 (82.626)	Prec@5 97.656 (98.921)
Epoch: [195][30/40], lr: 0.00000	Loss 0.5401 (0.5726)	Prec@1 82.812 (83.140)	Prec@5 99.219 (98.866)
Epoch [195] Training Results: Prec@1 83.180 Prec@5 98.740             Loss 0.57237
Epoch [195] Training Class Recall: [0.884,0.850,0.695,0.796,0.710,0.864,0.721,0.682,0.815,0.934]

Epoch: [196][0/40], lr: 0.00000	Loss 0.6843 (0.6843)	Prec@1 81.250 (81.250)	Prec@5 98.438 (98.438)
Epoch: [196][10/40], lr: 0.00000	Loss 0.5952 (0.6143)	Prec@1 80.469 (81.960)	Prec@5 99.219 (98.864)
Epoch: [196][20/40], lr: 0.00000	Loss 0.5835 (0.6000)	Prec@1 82.031 (82.180)	Prec@5 98.438 (98.624)
Epoch: [196][30/40], lr: 0.00000	Loss 0.5546 (0.5894)	Prec@1 85.156 (82.460)	Prec@5 98.438 (98.614)
Epoch [196] Training Results: Prec@1 82.820 Prec@5 98.500             Loss 0.57901
Epoch [196] Training Class Recall: [0.876,0.838,0.690,0.791,0.721,0.848,0.740,0.703,0.818,0.927]

Epoch: [197][0/40], lr: 0.00000	Loss 0.5837 (0.5837)	Prec@1 83.594 (83.594)	Prec@5 99.219 (99.219)
Epoch: [197][10/40], lr: 0.00000	Loss 0.5888 (0.5527)	Prec@1 82.031 (83.878)	Prec@5 99.219 (99.006)
Epoch: [197][20/40], lr: 0.00000	Loss 0.4984 (0.5582)	Prec@1 85.156 (83.594)	Prec@5 98.438 (98.698)
Epoch: [197][30/40], lr: 0.00000	Loss 0.6636 (0.5812)	Prec@1 80.469 (82.939)	Prec@5 97.656 (98.664)
Epoch [197] Training Results: Prec@1 83.100 Prec@5 98.700             Loss 0.57590
Epoch [197] Training Class Recall: [0.885,0.828,0.675,0.789,0.733,0.870,0.721,0.715,0.808,0.932]

Epoch: [198][0/40], lr: 0.00000	Loss 0.4862 (0.4862)	Prec@1 83.594 (83.594)	Prec@5 99.219 (99.219)
Epoch: [198][10/40], lr: 0.00000	Loss 0.5242 (0.5727)	Prec@1 83.594 (82.386)	Prec@5 100.000 (99.006)
Epoch: [198][20/40], lr: 0.00000	Loss 0.6130 (0.5738)	Prec@1 79.688 (82.217)	Prec@5 97.656 (98.735)
Epoch: [198][30/40], lr: 0.00000	Loss 0.6201 (0.5615)	Prec@1 83.594 (82.939)	Prec@5 97.656 (98.866)
Epoch [198] Training Results: Prec@1 82.580 Prec@5 98.860             Loss 0.57139
Epoch [198] Training Class Recall: [0.877,0.840,0.695,0.781,0.729,0.851,0.734,0.673,0.815,0.926]

Epoch: [199][0/40], lr: 0.00000	Loss 0.6600 (0.6600)	Prec@1 80.469 (80.469)	Prec@5 97.656 (97.656)
Epoch: [199][10/40], lr: 0.00000	Loss 0.5932 (0.5981)	Prec@1 78.906 (82.457)	Prec@5 98.438 (98.366)
Epoch: [199][20/40], lr: 0.00000	Loss 0.5726 (0.5956)	Prec@1 84.375 (82.664)	Prec@5 98.438 (98.289)
Epoch: [199][30/40], lr: 0.00000	Loss 0.5322 (0.5787)	Prec@1 83.594 (82.913)	Prec@5 100.000 (98.538)
Epoch [199] Training Results: Prec@1 82.760 Prec@5 98.600             Loss 0.57623
Epoch [199] Training Class Recall: [0.883,0.846,0.700,0.777,0.718,0.849,0.709,0.712,0.818,0.926]

