Epoch: [0][0/391], lr: 0.00200	Loss 3.0202 (3.0202)	Prec@1 6.250 (6.250)	Prec@5 39.844 (39.844)
Epoch: [0][10/391], lr: 0.00200	Loss 2.2952 (2.5387)	Prec@1 14.062 (10.938)	Prec@5 62.500 (52.841)
Epoch: [0][20/391], lr: 0.00200	Loss 2.2431 (2.4139)	Prec@1 14.844 (13.318)	Prec@5 68.750 (59.412)
Epoch: [0][30/391], lr: 0.00200	Loss 2.1666 (2.3439)	Prec@1 19.531 (15.096)	Prec@5 70.312 (62.500)
Epoch: [0][40/391], lr: 0.00200	Loss 2.0535 (2.3025)	Prec@1 27.344 (16.101)	Prec@5 72.656 (64.310)
Epoch: [0][50/391], lr: 0.00200	Loss 2.0791 (2.2713)	Prec@1 25.000 (17.708)	Prec@5 76.562 (66.146)
Epoch: [0][60/391], lr: 0.00200	Loss 2.1835 (2.2550)	Prec@1 26.562 (18.455)	Prec@5 70.312 (67.226)
Epoch: [0][70/391], lr: 0.00200	Loss 2.0843 (2.2321)	Prec@1 25.000 (19.432)	Prec@5 75.781 (68.189)
Epoch: [0][80/391], lr: 0.00200	Loss 2.0982 (2.2085)	Prec@1 28.125 (20.631)	Prec@5 71.094 (69.252)
Epoch: [0][90/391], lr: 0.00200	Loss 1.8625 (2.1849)	Prec@1 31.250 (21.746)	Prec@5 85.938 (70.141)
Epoch: [0][100/391], lr: 0.00200	Loss 2.1161 (2.1704)	Prec@1 29.688 (22.424)	Prec@5 72.656 (70.808)
Epoch: [0][110/391], lr: 0.00200	Loss 2.0358 (2.1518)	Prec@1 27.344 (23.198)	Prec@5 75.000 (71.601)
Epoch: [0][120/391], lr: 0.00200	Loss 1.9975 (2.1358)	Prec@1 32.031 (23.883)	Prec@5 78.906 (72.172)
Epoch: [0][130/391], lr: 0.00200	Loss 2.0928 (2.1256)	Prec@1 25.000 (24.356)	Prec@5 75.781 (72.680)
Epoch: [0][140/391], lr: 0.00200	Loss 1.9075 (2.1156)	Prec@1 36.719 (24.845)	Prec@5 79.688 (73.122)
Epoch: [0][150/391], lr: 0.00200	Loss 2.0922 (2.1019)	Prec@1 25.000 (25.450)	Prec@5 78.125 (73.639)
Epoch: [0][160/391], lr: 0.00200	Loss 1.8721 (2.0911)	Prec@1 41.406 (26.019)	Prec@5 79.688 (74.165)
Epoch: [0][170/391], lr: 0.00200	Loss 2.0063 (2.0831)	Prec@1 27.344 (26.366)	Prec@5 78.906 (74.552)
Epoch: [0][180/391], lr: 0.00200	Loss 1.7683 (2.0742)	Prec@1 37.500 (26.718)	Prec@5 85.156 (74.866)
Epoch: [0][190/391], lr: 0.00200	Loss 1.9149 (2.0658)	Prec@1 36.719 (27.139)	Prec@5 80.469 (75.217)
Epoch: [0][200/391], lr: 0.00200	Loss 1.9549 (2.0584)	Prec@1 32.812 (27.604)	Prec@5 82.031 (75.478)
Epoch: [0][210/391], lr: 0.00200	Loss 1.7827 (2.0495)	Prec@1 36.719 (28.014)	Prec@5 82.812 (75.811)
Epoch: [0][220/391], lr: 0.00200	Loss 2.0492 (2.0413)	Prec@1 34.375 (28.496)	Prec@5 71.875 (76.007)
Epoch: [0][230/391], lr: 0.00200	Loss 1.7626 (2.0328)	Prec@1 37.500 (28.849)	Prec@5 80.469 (76.295)
Epoch: [0][240/391], lr: 0.00200	Loss 2.0035 (2.0256)	Prec@1 34.375 (29.211)	Prec@5 78.125 (76.520)
Epoch: [0][250/391], lr: 0.00200	Loss 1.9151 (2.0176)	Prec@1 36.719 (29.597)	Prec@5 82.812 (76.783)
Epoch: [0][260/391], lr: 0.00200	Loss 1.7389 (2.0107)	Prec@1 35.938 (29.912)	Prec@5 83.594 (77.008)
Epoch: [0][270/391], lr: 0.00200	Loss 1.7178 (2.0047)	Prec@1 42.969 (30.250)	Prec@5 83.594 (77.168)
Epoch: [0][280/391], lr: 0.00200	Loss 1.9301 (2.0005)	Prec@1 32.031 (30.433)	Prec@5 80.469 (77.305)
Epoch: [0][290/391], lr: 0.00200	Loss 1.8366 (1.9931)	Prec@1 36.719 (30.777)	Prec@5 82.031 (77.564)
Epoch: [0][300/391], lr: 0.00200	Loss 1.6469 (1.9860)	Prec@1 44.531 (31.086)	Prec@5 88.281 (77.785)
Epoch: [0][310/391], lr: 0.00200	Loss 1.6567 (1.9808)	Prec@1 44.531 (31.330)	Prec@5 84.375 (77.922)
Epoch: [0][320/391], lr: 0.00200	Loss 1.6881 (1.9747)	Prec@1 39.844 (31.605)	Prec@5 87.500 (78.113)
Epoch: [0][330/391], lr: 0.00200	Loss 1.9164 (1.9707)	Prec@1 35.156 (31.781)	Prec@5 80.469 (78.248)
Epoch: [0][340/391], lr: 0.00200	Loss 1.7969 (1.9654)	Prec@1 42.969 (32.084)	Prec@5 81.250 (78.393)
Epoch: [0][350/391], lr: 0.00200	Loss 1.6783 (1.9587)	Prec@1 45.312 (32.325)	Prec@5 88.281 (78.608)
Epoch: [0][360/391], lr: 0.00200	Loss 1.7552 (1.9541)	Prec@1 42.188 (32.533)	Prec@5 84.375 (78.744)
Epoch: [0][370/391], lr: 0.00200	Loss 1.8558 (1.9498)	Prec@1 33.594 (32.688)	Prec@5 85.938 (78.875)
Epoch: [0][380/391], lr: 0.00200	Loss 1.7700 (1.9451)	Prec@1 42.969 (32.880)	Prec@5 83.594 (78.990)
Epoch: [0][390/391], lr: 0.00200	Loss 2.0056 (1.9401)	Prec@1 27.500 (33.124)	Prec@5 72.500 (79.104)
Epoch [0] Training Results: Prec@1 33.124 Prec@5 79.104             Loss 1.94011
Epoch [0] Training Class Recall: [0.344,0.434,0.125,0.198,0.243,0.300,0.326,0.396,0.488,0.456]

Epoch: [1][0/391], lr: 0.00400	Loss 1.5762 (1.5762)	Prec@1 45.312 (45.312)	Prec@5 85.938 (85.938)
Epoch: [1][10/391], lr: 0.00400	Loss 2.0606 (1.8615)	Prec@1 29.688 (37.429)	Prec@5 73.438 (81.889)
Epoch: [1][20/391], lr: 0.00400	Loss 1.7140 (1.8590)	Prec@1 50.000 (37.946)	Prec@5 88.281 (82.403)
Epoch: [1][30/391], lr: 0.00400	Loss 1.5665 (1.8359)	Prec@1 50.781 (38.861)	Prec@5 85.156 (82.611)
Epoch: [1][40/391], lr: 0.00400	Loss 1.9121 (1.8348)	Prec@1 42.188 (39.367)	Prec@5 79.688 (82.393)
Epoch: [1][50/391], lr: 0.00400	Loss 2.0140 (1.8328)	Prec@1 35.156 (39.522)	Prec@5 76.562 (82.307)
Epoch: [1][60/391], lr: 0.00400	Loss 1.7159 (1.8173)	Prec@1 43.750 (40.036)	Prec@5 85.156 (82.684)
Epoch: [1][70/391], lr: 0.00400	Loss 1.7695 (1.8185)	Prec@1 39.844 (40.064)	Prec@5 83.594 (82.427)
Epoch: [1][80/391], lr: 0.00400	Loss 1.6932 (1.8157)	Prec@1 49.219 (40.104)	Prec@5 85.156 (82.465)
Epoch: [1][90/391], lr: 0.00400	Loss 1.8291 (1.8108)	Prec@1 42.188 (40.505)	Prec@5 84.375 (82.624)
Epoch: [1][100/391], lr: 0.00400	Loss 1.9518 (1.8030)	Prec@1 39.062 (40.617)	Prec@5 82.812 (82.805)
Epoch: [1][110/391], lr: 0.00400	Loss 1.7249 (1.7994)	Prec@1 45.312 (40.794)	Prec@5 82.031 (82.869)
Epoch: [1][120/391], lr: 0.00400	Loss 1.8049 (1.7959)	Prec@1 39.844 (40.903)	Prec@5 78.906 (82.838)
Epoch: [1][130/391], lr: 0.00400	Loss 1.6885 (1.7915)	Prec@1 46.875 (41.060)	Prec@5 87.500 (82.938)
Epoch: [1][140/391], lr: 0.00400	Loss 1.8364 (1.7890)	Prec@1 39.844 (41.218)	Prec@5 83.594 (82.940)
Epoch: [1][150/391], lr: 0.00400	Loss 1.6761 (1.7860)	Prec@1 42.188 (41.463)	Prec@5 87.500 (82.999)
Epoch: [1][160/391], lr: 0.00400	Loss 1.7671 (1.7821)	Prec@1 40.625 (41.498)	Prec@5 81.250 (83.109)
Epoch: [1][170/391], lr: 0.00400	Loss 1.6663 (1.7775)	Prec@1 50.000 (41.758)	Prec@5 90.625 (83.247)
Epoch: [1][180/391], lr: 0.00400	Loss 1.7688 (1.7750)	Prec@1 42.188 (41.842)	Prec@5 82.031 (83.330)
Epoch: [1][190/391], lr: 0.00400	Loss 1.5505 (1.7697)	Prec@1 50.000 (41.999)	Prec@5 85.938 (83.393)
Epoch: [1][200/391], lr: 0.00400	Loss 1.6530 (1.7673)	Prec@1 49.219 (42.222)	Prec@5 82.031 (83.411)
Epoch: [1][210/391], lr: 0.00400	Loss 1.7416 (1.7635)	Prec@1 42.969 (42.313)	Prec@5 85.156 (83.483)
Epoch: [1][220/391], lr: 0.00400	Loss 1.8146 (1.7579)	Prec@1 42.969 (42.658)	Prec@5 81.250 (83.541)
Epoch: [1][230/391], lr: 0.00400	Loss 1.5687 (1.7538)	Prec@1 50.000 (42.877)	Prec@5 90.625 (83.563)
Epoch: [1][240/391], lr: 0.00400	Loss 1.4994 (1.7499)	Prec@1 52.344 (43.017)	Prec@5 87.500 (83.655)
Epoch: [1][250/391], lr: 0.00400	Loss 1.6759 (1.7464)	Prec@1 46.094 (43.227)	Prec@5 84.375 (83.693)
Epoch: [1][260/391], lr: 0.00400	Loss 1.6897 (1.7429)	Prec@1 39.844 (43.328)	Prec@5 85.938 (83.752)
Epoch: [1][270/391], lr: 0.00400	Loss 1.6234 (1.7415)	Prec@1 50.781 (43.395)	Prec@5 86.719 (83.801)
Epoch: [1][280/391], lr: 0.00400	Loss 1.7104 (1.7379)	Prec@1 46.094 (43.594)	Prec@5 78.906 (83.836)
Epoch: [1][290/391], lr: 0.00400	Loss 1.7818 (1.7367)	Prec@1 47.656 (43.675)	Prec@5 83.594 (83.841)
Epoch: [1][300/391], lr: 0.00400	Loss 1.6544 (1.7331)	Prec@1 47.656 (43.851)	Prec@5 84.375 (83.861)
Epoch: [1][310/391], lr: 0.00400	Loss 1.6610 (1.7284)	Prec@1 51.562 (44.019)	Prec@5 82.812 (83.938)
Epoch: [1][320/391], lr: 0.00400	Loss 1.7678 (1.7266)	Prec@1 42.969 (44.113)	Prec@5 82.812 (83.983)
Epoch: [1][330/391], lr: 0.00400	Loss 1.6646 (1.7269)	Prec@1 40.625 (44.125)	Prec@5 84.375 (83.990)
Epoch: [1][340/391], lr: 0.00400	Loss 1.7147 (1.7232)	Prec@1 47.656 (44.298)	Prec@5 82.031 (84.027)
Epoch: [1][350/391], lr: 0.00400	Loss 1.9864 (1.7213)	Prec@1 34.375 (44.367)	Prec@5 82.812 (84.046)
Epoch: [1][360/391], lr: 0.00400	Loss 1.5766 (1.7188)	Prec@1 48.438 (44.512)	Prec@5 83.594 (84.063)
Epoch: [1][370/391], lr: 0.00400	Loss 1.7502 (1.7168)	Prec@1 46.094 (44.634)	Prec@5 78.125 (84.070)
Epoch: [1][380/391], lr: 0.00400	Loss 1.6771 (1.7155)	Prec@1 48.438 (44.697)	Prec@5 86.719 (84.100)
Epoch: [1][390/391], lr: 0.00400	Loss 1.6469 (1.7131)	Prec@1 45.000 (44.796)	Prec@5 83.750 (84.130)
Epoch [1] Training Results: Prec@1 44.796 Prec@5 84.130             Loss 1.71311
Epoch [1] Training Class Recall: [0.491,0.545,0.223,0.225,0.332,0.391,0.497,0.519,0.613,0.641]

Epoch: [2][0/391], lr: 0.00600	Loss 1.6043 (1.6043)	Prec@1 48.438 (48.438)	Prec@5 86.719 (86.719)
Epoch: [2][10/391], lr: 0.00600	Loss 1.5777 (1.6006)	Prec@1 47.656 (47.940)	Prec@5 83.594 (87.145)
Epoch: [2][20/391], lr: 0.00600	Loss 1.5342 (1.6277)	Prec@1 53.906 (47.842)	Prec@5 85.938 (86.049)
Epoch: [2][30/391], lr: 0.00600	Loss 1.6697 (1.6539)	Prec@1 47.656 (46.875)	Prec@5 87.500 (85.484)
Epoch: [2][40/391], lr: 0.00600	Loss 1.6732 (1.6524)	Prec@1 46.094 (46.951)	Prec@5 82.031 (85.499)
Epoch: [2][50/391], lr: 0.00600	Loss 1.7689 (1.6579)	Prec@1 43.750 (46.737)	Prec@5 79.688 (85.371)
Epoch: [2][60/391], lr: 0.00600	Loss 1.3621 (1.6495)	Prec@1 57.031 (47.515)	Prec@5 92.188 (85.297)
Epoch: [2][70/391], lr: 0.00600	Loss 1.7047 (1.6465)	Prec@1 50.000 (47.777)	Prec@5 85.938 (85.255)
Epoch: [2][80/391], lr: 0.00600	Loss 1.6875 (1.6430)	Prec@1 46.094 (47.820)	Prec@5 85.938 (85.455)
Epoch: [2][90/391], lr: 0.00600	Loss 1.4489 (1.6363)	Prec@1 57.031 (48.223)	Prec@5 85.938 (85.551)
Epoch: [2][100/391], lr: 0.00600	Loss 1.7043 (1.6377)	Prec@1 46.875 (48.306)	Prec@5 78.906 (85.311)
Epoch: [2][110/391], lr: 0.00600	Loss 1.6459 (1.6350)	Prec@1 44.531 (48.459)	Prec@5 82.031 (85.332)
Epoch: [2][120/391], lr: 0.00600	Loss 1.6901 (1.6342)	Prec@1 45.312 (48.612)	Prec@5 85.156 (85.201)
Epoch: [2][130/391], lr: 0.00600	Loss 1.5385 (1.6364)	Prec@1 54.688 (48.634)	Prec@5 87.500 (85.174)
Epoch: [2][140/391], lr: 0.00600	Loss 1.5219 (1.6303)	Prec@1 53.906 (48.864)	Prec@5 85.156 (85.300)
Epoch: [2][150/391], lr: 0.00600	Loss 1.4604 (1.6254)	Prec@1 50.000 (49.048)	Prec@5 92.188 (85.394)
Epoch: [2][160/391], lr: 0.00600	Loss 1.7082 (1.6225)	Prec@1 49.219 (49.209)	Prec@5 82.812 (85.418)
Epoch: [2][170/391], lr: 0.00600	Loss 1.6112 (1.6207)	Prec@1 50.781 (49.287)	Prec@5 85.156 (85.398)
Epoch: [2][180/391], lr: 0.00600	Loss 1.5911 (1.6206)	Prec@1 50.000 (49.262)	Prec@5 87.500 (85.484)
Epoch: [2][190/391], lr: 0.00600	Loss 1.7504 (1.6220)	Prec@1 48.438 (49.272)	Prec@5 81.250 (85.438)
Epoch: [2][200/391], lr: 0.00600	Loss 1.5258 (1.6211)	Prec@1 52.344 (49.308)	Prec@5 85.156 (85.487)
Epoch: [2][210/391], lr: 0.00600	Loss 1.5229 (1.6172)	Prec@1 52.344 (49.415)	Prec@5 87.500 (85.571)
Epoch: [2][220/391], lr: 0.00600	Loss 1.5209 (1.6146)	Prec@1 50.000 (49.562)	Prec@5 89.062 (85.609)
Epoch: [2][230/391], lr: 0.00600	Loss 1.3749 (1.6124)	Prec@1 56.250 (49.655)	Prec@5 89.844 (85.586)
Epoch: [2][240/391], lr: 0.00600	Loss 1.4112 (1.6091)	Prec@1 53.906 (49.786)	Prec@5 92.188 (85.655)
Epoch: [2][250/391], lr: 0.00600	Loss 1.4569 (1.6070)	Prec@1 53.125 (49.941)	Prec@5 87.500 (85.664)
Epoch: [2][260/391], lr: 0.00600	Loss 1.7092 (1.6065)	Prec@1 48.438 (49.970)	Prec@5 81.250 (85.698)
Epoch: [2][270/391], lr: 0.00600	Loss 1.5642 (1.6054)	Prec@1 51.562 (50.006)	Prec@5 89.062 (85.744)
Epoch: [2][280/391], lr: 0.00600	Loss 1.7125 (1.6048)	Prec@1 46.094 (50.000)	Prec@5 78.906 (85.743)
Epoch: [2][290/391], lr: 0.00600	Loss 1.5503 (1.6034)	Prec@1 50.000 (50.048)	Prec@5 84.375 (85.760)
Epoch: [2][300/391], lr: 0.00600	Loss 1.5596 (1.6020)	Prec@1 53.125 (50.088)	Prec@5 85.938 (85.782)
Epoch: [2][310/391], lr: 0.00600	Loss 1.4392 (1.5985)	Prec@1 63.281 (50.246)	Prec@5 85.156 (85.819)
Epoch: [2][320/391], lr: 0.00600	Loss 1.5938 (1.5966)	Prec@1 49.219 (50.331)	Prec@5 87.500 (85.840)
Epoch: [2][330/391], lr: 0.00600	Loss 1.5766 (1.5926)	Prec@1 56.250 (50.484)	Prec@5 82.031 (85.881)
Epoch: [2][340/391], lr: 0.00600	Loss 1.5515 (1.5917)	Prec@1 49.219 (50.550)	Prec@5 88.281 (85.889)
Epoch: [2][350/391], lr: 0.00600	Loss 1.4690 (1.5906)	Prec@1 57.812 (50.590)	Prec@5 87.500 (85.891)
Epoch: [2][360/391], lr: 0.00600	Loss 1.6049 (1.5903)	Prec@1 52.344 (50.664)	Prec@5 85.156 (85.866)
Epoch: [2][370/391], lr: 0.00600	Loss 1.5357 (1.5876)	Prec@1 52.344 (50.783)	Prec@5 85.938 (85.912)
Epoch: [2][380/391], lr: 0.00600	Loss 1.5402 (1.5851)	Prec@1 50.781 (50.878)	Prec@5 85.156 (85.952)
Epoch: [2][390/391], lr: 0.00600	Loss 1.5908 (1.5833)	Prec@1 47.500 (50.980)	Prec@5 90.000 (85.974)
Epoch [2] Training Results: Prec@1 50.980 Prec@5 85.974             Loss 1.58327
Epoch [2] Training Class Recall: [0.540,0.595,0.309,0.263,0.409,0.425,0.573,0.606,0.673,0.702]

Epoch: [3][0/391], lr: 0.00800	Loss 1.6220 (1.6220)	Prec@1 48.438 (48.438)	Prec@5 82.031 (82.031)
Epoch: [3][10/391], lr: 0.00800	Loss 1.3859 (1.5932)	Prec@1 57.031 (50.639)	Prec@5 90.625 (85.724)
Epoch: [3][20/391], lr: 0.00800	Loss 1.6028 (1.5902)	Prec@1 50.781 (50.521)	Prec@5 86.719 (86.086)
Epoch: [3][30/391], lr: 0.00800	Loss 1.6557 (1.5761)	Prec@1 50.781 (51.159)	Prec@5 81.250 (86.013)
Epoch: [3][40/391], lr: 0.00800	Loss 1.5789 (1.5709)	Prec@1 49.219 (51.467)	Prec@5 85.938 (86.185)
Epoch: [3][50/391], lr: 0.00800	Loss 1.4519 (1.5647)	Prec@1 59.375 (51.838)	Prec@5 86.719 (86.014)
Epoch: [3][60/391], lr: 0.00800	Loss 1.6486 (1.5666)	Prec@1 44.531 (51.998)	Prec@5 85.938 (86.104)
Epoch: [3][70/391], lr: 0.00800	Loss 1.5061 (1.5547)	Prec@1 51.562 (52.432)	Prec@5 92.188 (86.323)
Epoch: [3][80/391], lr: 0.00800	Loss 1.4985 (1.5566)	Prec@1 53.125 (52.595)	Prec@5 88.281 (86.101)
Epoch: [3][90/391], lr: 0.00800	Loss 1.4703 (1.5453)	Prec@1 51.562 (52.928)	Prec@5 92.188 (86.384)
Epoch: [3][100/391], lr: 0.00800	Loss 1.6010 (1.5440)	Prec@1 50.781 (53.133)	Prec@5 87.500 (86.448)
Epoch: [3][110/391], lr: 0.00800	Loss 1.6177 (1.5426)	Prec@1 48.438 (53.245)	Prec@5 82.812 (86.395)
Epoch: [3][120/391], lr: 0.00800	Loss 1.3216 (1.5399)	Prec@1 62.500 (53.396)	Prec@5 86.719 (86.357)
Epoch: [3][130/391], lr: 0.00800	Loss 1.6812 (1.5431)	Prec@1 47.656 (53.346)	Prec@5 80.469 (86.266)
Epoch: [3][140/391], lr: 0.00800	Loss 1.7692 (1.5412)	Prec@1 42.969 (53.413)	Prec@5 83.594 (86.292)
Epoch: [3][150/391], lr: 0.00800	Loss 1.4734 (1.5333)	Prec@1 55.469 (53.648)	Prec@5 87.500 (86.357)
Epoch: [3][160/391], lr: 0.00800	Loss 1.6825 (1.5324)	Prec@1 48.438 (53.591)	Prec@5 86.719 (86.369)
Epoch: [3][170/391], lr: 0.00800	Loss 1.3661 (1.5303)	Prec@1 60.156 (53.792)	Prec@5 85.938 (86.321)
Epoch: [3][180/391], lr: 0.00800	Loss 1.4974 (1.5302)	Prec@1 50.000 (53.794)	Prec@5 89.844 (86.300)
Epoch: [3][190/391], lr: 0.00800	Loss 1.5115 (1.5285)	Prec@1 53.906 (53.792)	Prec@5 86.719 (86.351)
Epoch: [3][200/391], lr: 0.00800	Loss 1.3418 (1.5235)	Prec@1 61.719 (54.011)	Prec@5 88.281 (86.404)
Epoch: [3][210/391], lr: 0.00800	Loss 1.4653 (1.5217)	Prec@1 59.375 (54.106)	Prec@5 85.156 (86.411)
Epoch: [3][220/391], lr: 0.00800	Loss 1.5291 (1.5231)	Prec@1 52.344 (54.122)	Prec@5 89.062 (86.390)
Epoch: [3][230/391], lr: 0.00800	Loss 1.5268 (1.5219)	Prec@1 53.125 (54.180)	Prec@5 84.375 (86.397)
Epoch: [3][240/391], lr: 0.00800	Loss 1.4602 (1.5203)	Prec@1 56.250 (54.282)	Prec@5 87.500 (86.427)
Epoch: [3][250/391], lr: 0.00800	Loss 1.6322 (1.5221)	Prec@1 49.219 (54.140)	Prec@5 85.156 (86.423)
Epoch: [3][260/391], lr: 0.00800	Loss 1.1671 (1.5197)	Prec@1 63.281 (54.233)	Prec@5 93.750 (86.476)
Epoch: [3][270/391], lr: 0.00800	Loss 1.3789 (1.5170)	Prec@1 62.500 (54.330)	Prec@5 88.281 (86.523)
Epoch: [3][280/391], lr: 0.00800	Loss 1.3986 (1.5144)	Prec@1 56.250 (54.460)	Prec@5 92.188 (86.574)
Epoch: [3][290/391], lr: 0.00800	Loss 1.6665 (1.5155)	Prec@1 50.000 (54.427)	Prec@5 85.156 (86.598)
Epoch: [3][300/391], lr: 0.00800	Loss 1.3334 (1.5144)	Prec@1 63.281 (54.475)	Prec@5 89.844 (86.592)
Epoch: [3][310/391], lr: 0.00800	Loss 1.6083 (1.5141)	Prec@1 51.562 (54.502)	Prec@5 85.938 (86.598)
Epoch: [3][320/391], lr: 0.00800	Loss 1.5696 (1.5128)	Prec@1 54.688 (54.520)	Prec@5 86.719 (86.653)
Epoch: [3][330/391], lr: 0.00800	Loss 1.4423 (1.5120)	Prec@1 59.375 (54.553)	Prec@5 89.062 (86.688)
Epoch: [3][340/391], lr: 0.00800	Loss 1.4926 (1.5118)	Prec@1 57.812 (54.573)	Prec@5 87.500 (86.675)
Epoch: [3][350/391], lr: 0.00800	Loss 1.3351 (1.5113)	Prec@1 64.062 (54.601)	Prec@5 88.281 (86.696)
Epoch: [3][360/391], lr: 0.00800	Loss 1.6090 (1.5088)	Prec@1 55.469 (54.735)	Prec@5 84.375 (86.730)
Epoch: [3][370/391], lr: 0.00800	Loss 1.6050 (1.5087)	Prec@1 53.906 (54.808)	Prec@5 85.156 (86.704)
Epoch: [3][380/391], lr: 0.00800	Loss 1.6551 (1.5069)	Prec@1 47.656 (54.852)	Prec@5 80.469 (86.733)
Epoch: [3][390/391], lr: 0.00800	Loss 1.7114 (1.5058)	Prec@1 47.500 (54.914)	Prec@5 86.250 (86.748)
Epoch [3] Training Results: Prec@1 54.914 Prec@5 86.748             Loss 1.50576
Epoch [3] Training Class Recall: [0.581,0.625,0.364,0.325,0.440,0.472,0.619,0.639,0.695,0.729]

Epoch: [4][0/391], lr: 0.01000	Loss 1.6410 (1.6410)	Prec@1 54.688 (54.688)	Prec@5 85.156 (85.156)
Epoch: [4][10/391], lr: 0.01000	Loss 1.6852 (1.5707)	Prec@1 48.438 (53.409)	Prec@5 82.031 (85.369)
Epoch: [4][20/391], lr: 0.01000	Loss 1.3641 (1.5148)	Prec@1 58.594 (55.097)	Prec@5 88.281 (86.272)
Epoch: [4][30/391], lr: 0.01000	Loss 1.5162 (1.5039)	Prec@1 56.250 (55.796)	Prec@5 89.062 (86.442)
Epoch: [4][40/391], lr: 0.01000	Loss 1.5828 (1.4885)	Prec@1 50.000 (56.441)	Prec@5 84.375 (86.681)
Epoch: [4][50/391], lr: 0.01000	Loss 1.5440 (1.4890)	Prec@1 53.125 (56.250)	Prec@5 82.812 (86.642)
Epoch: [4][60/391], lr: 0.01000	Loss 1.4496 (1.4858)	Prec@1 60.156 (56.301)	Prec@5 89.062 (86.834)
Epoch: [4][70/391], lr: 0.01000	Loss 1.4284 (1.4857)	Prec@1 59.375 (56.558)	Prec@5 84.375 (86.675)
Epoch: [4][80/391], lr: 0.01000	Loss 1.4185 (1.4836)	Prec@1 57.031 (56.462)	Prec@5 89.844 (86.844)
Epoch: [4][90/391], lr: 0.01000	Loss 1.5435 (1.4863)	Prec@1 56.250 (56.387)	Prec@5 85.938 (86.796)
Epoch: [4][100/391], lr: 0.01000	Loss 1.6098 (1.4824)	Prec@1 46.094 (56.397)	Prec@5 81.250 (86.765)
Epoch: [4][110/391], lr: 0.01000	Loss 1.3882 (1.4763)	Prec@1 60.156 (56.679)	Prec@5 91.406 (86.867)
Epoch: [4][120/391], lr: 0.01000	Loss 1.5095 (1.4726)	Prec@1 50.781 (56.734)	Prec@5 93.750 (87.074)
Epoch: [4][130/391], lr: 0.01000	Loss 1.4062 (1.4677)	Prec@1 59.375 (56.900)	Prec@5 92.188 (87.244)
Epoch: [4][140/391], lr: 0.01000	Loss 1.4963 (1.4668)	Prec@1 53.906 (56.920)	Prec@5 88.281 (87.251)
Epoch: [4][150/391], lr: 0.01000	Loss 1.2165 (1.4620)	Prec@1 67.969 (57.062)	Prec@5 90.625 (87.365)
Epoch: [4][160/391], lr: 0.01000	Loss 1.3796 (1.4629)	Prec@1 61.719 (56.992)	Prec@5 90.625 (87.359)
Epoch: [4][170/391], lr: 0.01000	Loss 1.6037 (1.4617)	Prec@1 50.781 (56.981)	Prec@5 84.375 (87.395)
Epoch: [4][180/391], lr: 0.01000	Loss 1.3674 (1.4582)	Prec@1 62.500 (57.109)	Prec@5 89.844 (87.474)
Epoch: [4][190/391], lr: 0.01000	Loss 1.5548 (1.4588)	Prec@1 53.125 (57.080)	Prec@5 87.500 (87.426)
Epoch: [4][200/391], lr: 0.01000	Loss 1.5164 (1.4586)	Prec@1 51.562 (57.093)	Prec@5 88.281 (87.442)
Epoch: [4][210/391], lr: 0.01000	Loss 1.6386 (1.4575)	Prec@1 50.000 (57.135)	Prec@5 87.500 (87.441)
Epoch: [4][220/391], lr: 0.01000	Loss 1.4610 (1.4576)	Prec@1 60.156 (57.113)	Prec@5 89.062 (87.412)
Epoch: [4][230/391], lr: 0.01000	Loss 1.3094 (1.4549)	Prec@1 58.594 (57.214)	Prec@5 90.625 (87.409)
Epoch: [4][240/391], lr: 0.01000	Loss 1.4456 (1.4556)	Prec@1 55.469 (57.226)	Prec@5 85.156 (87.357)
Epoch: [4][250/391], lr: 0.01000	Loss 1.4334 (1.4553)	Prec@1 56.250 (57.196)	Prec@5 85.156 (87.388)
Epoch: [4][260/391], lr: 0.01000	Loss 1.7164 (1.4555)	Prec@1 44.531 (57.214)	Prec@5 84.375 (87.383)
Epoch: [4][270/391], lr: 0.01000	Loss 1.4902 (1.4551)	Prec@1 53.906 (57.181)	Prec@5 87.500 (87.385)
Epoch: [4][280/391], lr: 0.01000	Loss 1.4645 (1.4538)	Prec@1 52.344 (57.245)	Prec@5 88.281 (87.358)
Epoch: [4][290/391], lr: 0.01000	Loss 1.5717 (1.4539)	Prec@1 53.906 (57.265)	Prec@5 87.500 (87.344)
Epoch: [4][300/391], lr: 0.01000	Loss 1.4193 (1.4509)	Prec@1 56.250 (57.400)	Prec@5 89.844 (87.404)
Epoch: [4][310/391], lr: 0.01000	Loss 1.3038 (1.4481)	Prec@1 64.844 (57.536)	Prec@5 90.625 (87.432)
Epoch: [4][320/391], lr: 0.01000	Loss 1.3207 (1.4471)	Prec@1 62.500 (57.576)	Prec@5 88.281 (87.442)
Epoch: [4][330/391], lr: 0.01000	Loss 1.4700 (1.4458)	Prec@1 56.250 (57.617)	Prec@5 87.500 (87.481)
Epoch: [4][340/391], lr: 0.01000	Loss 1.6626 (1.4457)	Prec@1 53.125 (57.661)	Prec@5 79.688 (87.466)
Epoch: [4][350/391], lr: 0.01000	Loss 1.4446 (1.4453)	Prec@1 57.812 (57.686)	Prec@5 84.375 (87.464)
Epoch: [4][360/391], lr: 0.01000	Loss 1.6154 (1.4445)	Prec@1 52.344 (57.724)	Prec@5 85.156 (87.463)
Epoch: [4][370/391], lr: 0.01000	Loss 1.5246 (1.4431)	Prec@1 53.906 (57.800)	Prec@5 87.500 (87.489)
Epoch: [4][380/391], lr: 0.01000	Loss 1.5107 (1.4409)	Prec@1 57.812 (57.909)	Prec@5 84.375 (87.518)
Epoch: [4][390/391], lr: 0.01000	Loss 1.5741 (1.4410)	Prec@1 48.750 (57.948)	Prec@5 86.250 (87.502)
Epoch [4] Training Results: Prec@1 57.948 Prec@5 87.502             Loss 1.44095
Epoch [4] Training Class Recall: [0.601,0.656,0.388,0.398,0.475,0.499,0.636,0.676,0.720,0.743]

Epoch: [5][0/391], lr: 0.01000	Loss 1.3340 (1.3340)	Prec@1 64.844 (64.844)	Prec@5 86.719 (86.719)
Epoch: [5][10/391], lr: 0.01000	Loss 1.3806 (1.3991)	Prec@1 62.500 (59.943)	Prec@5 85.938 (87.855)
Epoch: [5][20/391], lr: 0.01000	Loss 1.1391 (1.3619)	Prec@1 68.750 (61.458)	Prec@5 89.844 (88.393)
Epoch: [5][30/391], lr: 0.01000	Loss 1.3332 (1.3791)	Prec@1 60.938 (61.013)	Prec@5 89.062 (88.054)
Epoch: [5][40/391], lr: 0.01000	Loss 1.3662 (1.3777)	Prec@1 57.031 (61.052)	Prec@5 84.375 (87.881)
Epoch: [5][50/391], lr: 0.01000	Loss 1.4433 (1.3872)	Prec@1 58.594 (60.769)	Prec@5 86.719 (87.546)
Epoch: [5][60/391], lr: 0.01000	Loss 1.3912 (1.3876)	Prec@1 60.156 (60.592)	Prec@5 87.500 (87.513)
Epoch: [5][70/391], lr: 0.01000	Loss 1.2957 (1.3926)	Prec@1 60.938 (60.354)	Prec@5 91.406 (87.588)
Epoch: [5][80/391], lr: 0.01000	Loss 1.4660 (1.3938)	Prec@1 56.250 (60.262)	Prec@5 86.719 (87.693)
Epoch: [5][90/391], lr: 0.01000	Loss 1.4039 (1.3993)	Prec@1 60.156 (60.053)	Prec@5 89.844 (87.672)
Epoch: [5][100/391], lr: 0.01000	Loss 1.2234 (1.3976)	Prec@1 67.188 (60.210)	Prec@5 89.844 (87.686)
Epoch: [5][110/391], lr: 0.01000	Loss 1.5106 (1.3946)	Prec@1 55.469 (60.318)	Prec@5 87.500 (87.732)
Epoch: [5][120/391], lr: 0.01000	Loss 1.4071 (1.3956)	Prec@1 60.938 (60.311)	Prec@5 86.719 (87.771)
Epoch: [5][130/391], lr: 0.01000	Loss 1.3028 (1.3896)	Prec@1 64.844 (60.562)	Prec@5 87.500 (87.792)
Epoch: [5][140/391], lr: 0.01000	Loss 1.4980 (1.3858)	Prec@1 56.250 (60.694)	Prec@5 86.719 (87.877)
Epoch: [5][150/391], lr: 0.01000	Loss 1.4926 (1.3862)	Prec@1 61.719 (60.772)	Prec@5 84.375 (87.924)
Epoch: [5][160/391], lr: 0.01000	Loss 1.3482 (1.3840)	Prec@1 63.281 (60.821)	Prec@5 87.500 (87.961)
Epoch: [5][170/391], lr: 0.01000	Loss 1.5622 (1.3850)	Prec@1 53.906 (60.746)	Prec@5 85.156 (87.875)
Epoch: [5][180/391], lr: 0.01000	Loss 1.5803 (1.3847)	Prec@1 53.906 (60.752)	Prec@5 85.156 (87.880)
Epoch: [5][190/391], lr: 0.01000	Loss 1.3862 (1.3840)	Prec@1 60.938 (60.782)	Prec@5 88.281 (87.897)
Epoch: [5][200/391], lr: 0.01000	Loss 1.5126 (1.3849)	Prec@1 60.938 (60.809)	Prec@5 82.812 (87.912)
Epoch: [5][210/391], lr: 0.01000	Loss 1.3099 (1.3850)	Prec@1 57.812 (60.830)	Prec@5 92.969 (87.918)
Epoch: [5][220/391], lr: 0.01000	Loss 1.4891 (1.3826)	Prec@1 56.250 (60.870)	Prec@5 90.625 (87.921)
Epoch: [5][230/391], lr: 0.01000	Loss 1.3337 (1.3822)	Prec@1 62.500 (60.910)	Prec@5 89.844 (87.930)
Epoch: [5][240/391], lr: 0.01000	Loss 1.3842 (1.3812)	Prec@1 60.938 (60.934)	Prec@5 89.844 (87.921)
Epoch: [5][250/391], lr: 0.01000	Loss 1.2161 (1.3786)	Prec@1 65.625 (61.022)	Prec@5 90.625 (87.933)
Epoch: [5][260/391], lr: 0.01000	Loss 1.4972 (1.3793)	Prec@1 58.594 (61.048)	Prec@5 85.156 (87.922)
Epoch: [5][270/391], lr: 0.01000	Loss 1.6924 (1.3786)	Prec@1 49.219 (61.073)	Prec@5 85.938 (87.935)
Epoch: [5][280/391], lr: 0.01000	Loss 1.2531 (1.3763)	Prec@1 62.500 (61.154)	Prec@5 89.844 (87.978)
Epoch: [5][290/391], lr: 0.01000	Loss 1.4280 (1.3764)	Prec@1 61.719 (61.150)	Prec@5 90.625 (87.983)
Epoch: [5][300/391], lr: 0.01000	Loss 1.5436 (1.3767)	Prec@1 54.688 (61.156)	Prec@5 87.500 (87.978)
Epoch: [5][310/391], lr: 0.01000	Loss 1.4363 (1.3771)	Prec@1 61.719 (61.179)	Prec@5 87.500 (87.950)
Epoch: [5][320/391], lr: 0.01000	Loss 1.1175 (1.3761)	Prec@1 68.750 (61.171)	Prec@5 89.062 (87.928)
Epoch: [5][330/391], lr: 0.01000	Loss 1.5798 (1.3762)	Prec@1 56.250 (61.164)	Prec@5 85.938 (87.927)
Epoch: [5][340/391], lr: 0.01000	Loss 1.3243 (1.3758)	Prec@1 64.062 (61.190)	Prec@5 87.500 (87.940)
Epoch: [5][350/391], lr: 0.01000	Loss 1.2989 (1.3725)	Prec@1 60.938 (61.291)	Prec@5 87.500 (87.992)
Epoch: [5][360/391], lr: 0.01000	Loss 1.5239 (1.3729)	Prec@1 58.594 (61.318)	Prec@5 84.375 (87.987)
Epoch: [5][370/391], lr: 0.01000	Loss 1.3861 (1.3713)	Prec@1 63.281 (61.399)	Prec@5 84.375 (88.003)
Epoch: [5][380/391], lr: 0.01000	Loss 1.1458 (1.3717)	Prec@1 71.094 (61.438)	Prec@5 91.406 (87.976)
Epoch: [5][390/391], lr: 0.01000	Loss 1.4724 (1.3724)	Prec@1 62.500 (61.404)	Prec@5 85.000 (87.952)
Epoch [5] Training Results: Prec@1 61.404 Prec@5 87.952             Loss 1.37236
Epoch [5] Training Class Recall: [0.641,0.679,0.429,0.444,0.527,0.548,0.662,0.702,0.745,0.761]

Epoch: [6][0/391], lr: 0.01000	Loss 1.3620 (1.3620)	Prec@1 61.719 (61.719)	Prec@5 89.844 (89.844)
Epoch: [6][10/391], lr: 0.01000	Loss 1.2148 (1.3574)	Prec@1 65.625 (63.778)	Prec@5 90.625 (87.287)
Epoch: [6][20/391], lr: 0.01000	Loss 1.3163 (1.3634)	Prec@1 63.281 (62.128)	Prec@5 89.062 (87.909)
Epoch: [6][30/391], lr: 0.01000	Loss 1.4021 (1.3559)	Prec@1 61.719 (62.021)	Prec@5 85.156 (87.979)
Epoch: [6][40/391], lr: 0.01000	Loss 1.3432 (1.3763)	Prec@1 60.156 (61.509)	Prec@5 88.281 (87.805)
Epoch: [6][50/391], lr: 0.01000	Loss 1.4206 (1.3821)	Prec@1 58.594 (61.290)	Prec@5 88.281 (87.669)
Epoch: [6][60/391], lr: 0.01000	Loss 1.3419 (1.3768)	Prec@1 57.812 (61.270)	Prec@5 92.188 (87.807)
Epoch: [6][70/391], lr: 0.01000	Loss 1.2773 (1.3729)	Prec@1 64.844 (61.444)	Prec@5 89.062 (87.896)
Epoch: [6][80/391], lr: 0.01000	Loss 1.3091 (1.3611)	Prec@1 64.844 (62.008)	Prec@5 87.500 (87.953)
Epoch: [6][90/391], lr: 0.01000	Loss 1.2059 (1.3641)	Prec@1 65.625 (61.839)	Prec@5 92.188 (87.964)
Epoch: [6][100/391], lr: 0.01000	Loss 1.4153 (1.3607)	Prec@1 60.156 (61.974)	Prec@5 85.156 (87.879)
Epoch: [6][110/391], lr: 0.01000	Loss 1.3183 (1.3628)	Prec@1 63.281 (61.916)	Prec@5 89.062 (87.859)
Epoch: [6][120/391], lr: 0.01000	Loss 1.4882 (1.3658)	Prec@1 52.344 (61.809)	Prec@5 87.500 (87.797)
Epoch: [6][130/391], lr: 0.01000	Loss 1.2711 (1.3620)	Prec@1 61.719 (61.814)	Prec@5 92.188 (87.900)
Epoch: [6][140/391], lr: 0.01000	Loss 1.3359 (1.3565)	Prec@1 60.938 (61.996)	Prec@5 88.281 (87.971)
Epoch: [6][150/391], lr: 0.01000	Loss 1.5301 (1.3598)	Prec@1 56.250 (61.900)	Prec@5 85.156 (87.945)
Epoch: [6][160/391], lr: 0.01000	Loss 1.4136 (1.3535)	Prec@1 59.375 (62.088)	Prec@5 89.062 (88.048)
Epoch: [6][170/391], lr: 0.01000	Loss 1.5523 (1.3550)	Prec@1 56.250 (62.025)	Prec@5 83.594 (87.971)
Epoch: [6][180/391], lr: 0.01000	Loss 1.2670 (1.3511)	Prec@1 70.312 (62.202)	Prec@5 86.719 (88.022)
Epoch: [6][190/391], lr: 0.01000	Loss 1.2834 (1.3468)	Prec@1 60.156 (62.381)	Prec@5 90.625 (88.069)
Epoch: [6][200/391], lr: 0.01000	Loss 1.2242 (1.3445)	Prec@1 64.062 (62.465)	Prec@5 89.844 (88.064)
Epoch: [6][210/391], lr: 0.01000	Loss 1.2854 (1.3447)	Prec@1 60.938 (62.496)	Prec@5 89.062 (88.011)
Epoch: [6][220/391], lr: 0.01000	Loss 1.2546 (1.3425)	Prec@1 69.531 (62.599)	Prec@5 89.062 (88.062)
Epoch: [6][230/391], lr: 0.01000	Loss 1.1968 (1.3419)	Prec@1 65.625 (62.645)	Prec@5 89.062 (88.068)
Epoch: [6][240/391], lr: 0.01000	Loss 1.1826 (1.3413)	Prec@1 67.188 (62.665)	Prec@5 92.969 (88.148)
Epoch: [6][250/391], lr: 0.01000	Loss 1.3406 (1.3415)	Prec@1 61.719 (62.665)	Prec@5 89.062 (88.135)
Epoch: [6][260/391], lr: 0.01000	Loss 1.2713 (1.3409)	Prec@1 68.750 (62.695)	Prec@5 85.938 (88.123)
Epoch: [6][270/391], lr: 0.01000	Loss 1.2414 (1.3397)	Prec@1 67.188 (62.771)	Prec@5 89.062 (88.126)
Epoch: [6][280/391], lr: 0.01000	Loss 1.4697 (1.3387)	Prec@1 63.281 (62.834)	Prec@5 87.500 (88.164)
Epoch: [6][290/391], lr: 0.01000	Loss 1.4924 (1.3398)	Prec@1 58.594 (62.830)	Prec@5 87.500 (88.166)
Epoch: [6][300/391], lr: 0.01000	Loss 1.0641 (1.3402)	Prec@1 75.781 (62.848)	Prec@5 91.406 (88.107)
Epoch: [6][310/391], lr: 0.01000	Loss 1.2169 (1.3394)	Prec@1 68.750 (62.882)	Prec@5 89.844 (88.113)
Epoch: [6][320/391], lr: 0.01000	Loss 1.2408 (1.3377)	Prec@1 65.625 (62.950)	Prec@5 92.188 (88.169)
Epoch: [6][330/391], lr: 0.01000	Loss 1.2073 (1.3352)	Prec@1 60.938 (63.003)	Prec@5 92.188 (88.196)
Epoch: [6][340/391], lr: 0.01000	Loss 1.2213 (1.3356)	Prec@1 64.844 (62.972)	Prec@5 89.062 (88.194)
Epoch: [6][350/391], lr: 0.01000	Loss 1.3197 (1.3353)	Prec@1 64.844 (62.967)	Prec@5 88.281 (88.221)
Epoch: [6][360/391], lr: 0.01000	Loss 1.2123 (1.3338)	Prec@1 68.750 (63.009)	Prec@5 87.500 (88.231)
Epoch: [6][370/391], lr: 0.01000	Loss 1.3212 (1.3342)	Prec@1 64.844 (62.991)	Prec@5 89.844 (88.243)
Epoch: [6][380/391], lr: 0.01000	Loss 1.2707 (1.3342)	Prec@1 65.625 (63.011)	Prec@5 91.406 (88.230)
Epoch: [6][390/391], lr: 0.01000	Loss 0.9489 (1.3323)	Prec@1 75.000 (63.094)	Prec@5 96.250 (88.262)
Epoch [6] Training Results: Prec@1 63.094 Prec@5 88.262             Loss 1.33226
Epoch [6] Training Class Recall: [0.649,0.691,0.462,0.476,0.544,0.575,0.680,0.716,0.748,0.767]

Epoch: [7][0/391], lr: 0.01000	Loss 1.1784 (1.1784)	Prec@1 67.969 (67.969)	Prec@5 89.844 (89.844)
Epoch: [7][10/391], lr: 0.01000	Loss 1.4861 (1.3329)	Prec@1 60.938 (63.565)	Prec@5 85.156 (89.134)
Epoch: [7][20/391], lr: 0.01000	Loss 1.1330 (1.3230)	Prec@1 69.531 (63.504)	Prec@5 94.531 (89.360)
Epoch: [7][30/391], lr: 0.01000	Loss 1.4693 (1.2995)	Prec@1 62.500 (64.768)	Prec@5 84.375 (89.340)
Epoch: [7][40/391], lr: 0.01000	Loss 1.3273 (1.2767)	Prec@1 63.281 (65.568)	Prec@5 88.281 (89.425)
Epoch: [7][50/391], lr: 0.01000	Loss 1.2625 (1.2872)	Prec@1 69.531 (65.165)	Prec@5 88.281 (89.062)
Epoch: [7][60/391], lr: 0.01000	Loss 1.2722 (1.2950)	Prec@1 63.281 (64.728)	Prec@5 85.938 (88.973)
Epoch: [7][70/391], lr: 0.01000	Loss 1.2128 (1.2921)	Prec@1 67.188 (64.800)	Prec@5 89.844 (89.107)
Epoch: [7][80/391], lr: 0.01000	Loss 1.4474 (1.2984)	Prec@1 60.938 (64.660)	Prec@5 85.156 (88.995)
Epoch: [7][90/391], lr: 0.01000	Loss 1.0531 (1.2923)	Prec@1 70.312 (64.689)	Prec@5 92.188 (88.865)
Epoch: [7][100/391], lr: 0.01000	Loss 1.0842 (1.2877)	Prec@1 70.312 (64.743)	Prec@5 94.531 (88.939)
Epoch: [7][110/391], lr: 0.01000	Loss 1.4793 (1.2826)	Prec@1 58.594 (64.963)	Prec@5 91.406 (89.062)
Epoch: [7][120/391], lr: 0.01000	Loss 1.2699 (1.2939)	Prec@1 66.406 (64.560)	Prec@5 85.938 (88.901)
Epoch: [7][130/391], lr: 0.01000	Loss 1.3148 (1.2955)	Prec@1 68.750 (64.540)	Prec@5 86.719 (88.937)
Epoch: [7][140/391], lr: 0.01000	Loss 1.2393 (1.2953)	Prec@1 67.969 (64.522)	Prec@5 91.406 (88.896)
Epoch: [7][150/391], lr: 0.01000	Loss 1.4534 (1.3010)	Prec@1 60.156 (64.394)	Prec@5 84.375 (88.773)
Epoch: [7][160/391], lr: 0.01000	Loss 1.4267 (1.3002)	Prec@1 60.938 (64.499)	Prec@5 82.812 (88.684)
Epoch: [7][170/391], lr: 0.01000	Loss 1.1526 (1.3014)	Prec@1 69.531 (64.510)	Prec@5 90.625 (88.633)
Epoch: [7][180/391], lr: 0.01000	Loss 1.1698 (1.3024)	Prec@1 71.094 (64.516)	Prec@5 89.844 (88.631)
Epoch: [7][190/391], lr: 0.01000	Loss 1.2498 (1.3003)	Prec@1 67.969 (64.570)	Prec@5 89.844 (88.629)
Epoch: [7][200/391], lr: 0.01000	Loss 1.2290 (1.3016)	Prec@1 67.969 (64.560)	Prec@5 88.281 (88.612)
Epoch: [7][210/391], lr: 0.01000	Loss 1.3010 (1.3019)	Prec@1 64.844 (64.573)	Prec@5 86.719 (88.526)
Epoch: [7][220/391], lr: 0.01000	Loss 1.2936 (1.3013)	Prec@1 63.281 (64.589)	Prec@5 87.500 (88.497)
Epoch: [7][230/391], lr: 0.01000	Loss 1.5333 (1.3013)	Prec@1 56.250 (64.587)	Prec@5 83.594 (88.491)
Epoch: [7][240/391], lr: 0.01000	Loss 1.3337 (1.3027)	Prec@1 64.844 (64.591)	Prec@5 89.062 (88.482)
Epoch: [7][250/391], lr: 0.01000	Loss 1.2601 (1.3048)	Prec@1 64.062 (64.539)	Prec@5 89.844 (88.406)
Epoch: [7][260/391], lr: 0.01000	Loss 1.2293 (1.3026)	Prec@1 67.188 (64.622)	Prec@5 86.719 (88.401)
Epoch: [7][270/391], lr: 0.01000	Loss 1.3198 (1.3012)	Prec@1 66.406 (64.648)	Prec@5 87.500 (88.425)
Epoch: [7][280/391], lr: 0.01000	Loss 1.1205 (1.2993)	Prec@1 71.094 (64.716)	Prec@5 90.625 (88.454)
Epoch: [7][290/391], lr: 0.01000	Loss 1.3310 (1.3001)	Prec@1 60.938 (64.693)	Prec@5 90.625 (88.496)
Epoch: [7][300/391], lr: 0.01000	Loss 1.3383 (1.2975)	Prec@1 64.062 (64.784)	Prec@5 87.500 (88.541)
Epoch: [7][310/391], lr: 0.01000	Loss 1.2067 (1.2971)	Prec@1 68.750 (64.796)	Prec@5 89.062 (88.540)
Epoch: [7][320/391], lr: 0.01000	Loss 1.2851 (1.2965)	Prec@1 64.062 (64.807)	Prec@5 89.062 (88.549)
Epoch: [7][330/391], lr: 0.01000	Loss 1.2476 (1.2968)	Prec@1 64.062 (64.789)	Prec@5 87.500 (88.522)
Epoch: [7][340/391], lr: 0.01000	Loss 1.2318 (1.2961)	Prec@1 63.281 (64.791)	Prec@5 91.406 (88.540)
Epoch: [7][350/391], lr: 0.01000	Loss 1.3171 (1.2953)	Prec@1 63.281 (64.824)	Prec@5 85.938 (88.508)
Epoch: [7][360/391], lr: 0.01000	Loss 1.2603 (1.2959)	Prec@1 67.188 (64.807)	Prec@5 91.406 (88.506)
Epoch: [7][370/391], lr: 0.01000	Loss 1.3404 (1.2940)	Prec@1 64.062 (64.854)	Prec@5 90.625 (88.547)
Epoch: [7][380/391], lr: 0.01000	Loss 1.2832 (1.2946)	Prec@1 67.188 (64.846)	Prec@5 87.500 (88.513)
Epoch: [7][390/391], lr: 0.01000	Loss 1.3307 (1.2936)	Prec@1 60.000 (64.866)	Prec@5 86.250 (88.534)
Epoch [7] Training Results: Prec@1 64.866 Prec@5 88.534             Loss 1.29358
Epoch [7] Training Class Recall: [0.672,0.702,0.489,0.496,0.568,0.606,0.686,0.729,0.759,0.778]

Epoch: [8][0/391], lr: 0.01000	Loss 1.3232 (1.3232)	Prec@1 65.625 (65.625)	Prec@5 84.375 (84.375)
Epoch: [8][10/391], lr: 0.01000	Loss 1.2665 (1.2896)	Prec@1 66.406 (65.696)	Prec@5 86.719 (87.713)
Epoch: [8][20/391], lr: 0.01000	Loss 1.0283 (1.2416)	Prec@1 74.219 (66.853)	Prec@5 94.531 (88.467)
Epoch: [8][30/391], lr: 0.01000	Loss 1.2544 (1.2521)	Prec@1 67.188 (66.532)	Prec@5 87.500 (88.407)
Epoch: [8][40/391], lr: 0.01000	Loss 1.3245 (1.2447)	Prec@1 64.844 (66.597)	Prec@5 87.500 (88.415)
Epoch: [8][50/391], lr: 0.01000	Loss 1.1517 (1.2505)	Prec@1 67.188 (66.253)	Prec@5 91.406 (88.419)
Epoch: [8][60/391], lr: 0.01000	Loss 1.2090 (1.2477)	Prec@1 69.531 (66.253)	Prec@5 89.062 (88.499)
Epoch: [8][70/391], lr: 0.01000	Loss 1.0961 (1.2424)	Prec@1 71.875 (66.439)	Prec@5 90.625 (88.765)
Epoch: [8][80/391], lr: 0.01000	Loss 1.2318 (1.2592)	Prec@1 64.062 (65.847)	Prec@5 92.969 (88.648)
Epoch: [8][90/391], lr: 0.01000	Loss 1.1070 (1.2594)	Prec@1 70.312 (65.857)	Prec@5 87.500 (88.565)
Epoch: [8][100/391], lr: 0.01000	Loss 1.2674 (1.2591)	Prec@1 67.188 (65.865)	Prec@5 87.500 (88.521)
Epoch: [8][110/391], lr: 0.01000	Loss 1.2063 (1.2596)	Prec@1 68.750 (65.878)	Prec@5 85.938 (88.514)
Epoch: [8][120/391], lr: 0.01000	Loss 1.3717 (1.2639)	Prec@1 58.594 (65.741)	Prec@5 88.281 (88.359)
Epoch: [8][130/391], lr: 0.01000	Loss 1.0103 (1.2636)	Prec@1 75.000 (65.756)	Prec@5 92.188 (88.383)
Epoch: [8][140/391], lr: 0.01000	Loss 1.1837 (1.2620)	Prec@1 69.531 (65.836)	Prec@5 87.500 (88.420)
Epoch: [8][150/391], lr: 0.01000	Loss 1.4501 (1.2606)	Prec@1 61.719 (65.920)	Prec@5 87.500 (88.436)
Epoch: [8][160/391], lr: 0.01000	Loss 1.4169 (1.2570)	Prec@1 61.719 (66.013)	Prec@5 84.375 (88.524)
Epoch: [8][170/391], lr: 0.01000	Loss 1.0856 (1.2611)	Prec@1 71.875 (65.863)	Prec@5 89.062 (88.423)
Epoch: [8][180/391], lr: 0.01000	Loss 1.2358 (1.2604)	Prec@1 66.406 (65.919)	Prec@5 91.406 (88.393)
Epoch: [8][190/391], lr: 0.01000	Loss 1.3086 (1.2605)	Prec@1 64.062 (65.948)	Prec@5 87.500 (88.408)
Epoch: [8][200/391], lr: 0.01000	Loss 1.3308 (1.2610)	Prec@1 60.938 (65.909)	Prec@5 88.281 (88.460)
Epoch: [8][210/391], lr: 0.01000	Loss 1.1990 (1.2610)	Prec@1 71.094 (65.895)	Prec@5 89.844 (88.477)
Epoch: [8][220/391], lr: 0.01000	Loss 1.2281 (1.2638)	Prec@1 68.750 (65.812)	Prec@5 88.281 (88.426)
Epoch: [8][230/391], lr: 0.01000	Loss 1.3103 (1.2651)	Prec@1 63.281 (65.794)	Prec@5 92.969 (88.413)
Epoch: [8][240/391], lr: 0.01000	Loss 1.1846 (1.2661)	Prec@1 67.969 (65.722)	Prec@5 87.500 (88.450)
Epoch: [8][250/391], lr: 0.01000	Loss 1.2372 (1.2658)	Prec@1 67.969 (65.746)	Prec@5 88.281 (88.449)
Epoch: [8][260/391], lr: 0.01000	Loss 1.2636 (1.2662)	Prec@1 63.281 (65.754)	Prec@5 88.281 (88.452)
Epoch: [8][270/391], lr: 0.01000	Loss 1.3031 (1.2661)	Prec@1 64.844 (65.740)	Prec@5 87.500 (88.486)
Epoch: [8][280/391], lr: 0.01000	Loss 1.2847 (1.2649)	Prec@1 66.406 (65.822)	Prec@5 86.719 (88.529)
Epoch: [8][290/391], lr: 0.01000	Loss 1.1528 (1.2649)	Prec@1 67.969 (65.797)	Prec@5 89.062 (88.542)
Epoch: [8][300/391], lr: 0.01000	Loss 1.3961 (1.2637)	Prec@1 61.719 (65.890)	Prec@5 81.250 (88.538)
Epoch: [8][310/391], lr: 0.01000	Loss 1.2456 (1.2623)	Prec@1 64.844 (65.949)	Prec@5 90.625 (88.550)
Epoch: [8][320/391], lr: 0.01000	Loss 1.2875 (1.2630)	Prec@1 66.406 (65.905)	Prec@5 89.062 (88.568)
Epoch: [8][330/391], lr: 0.01000	Loss 1.1761 (1.2623)	Prec@1 64.844 (65.934)	Prec@5 89.844 (88.581)
Epoch: [8][340/391], lr: 0.01000	Loss 1.2244 (1.2628)	Prec@1 69.531 (65.943)	Prec@5 89.844 (88.584)
Epoch: [8][350/391], lr: 0.01000	Loss 1.0310 (1.2617)	Prec@1 75.781 (66.012)	Prec@5 90.625 (88.557)
Epoch: [8][360/391], lr: 0.01000	Loss 1.2222 (1.2631)	Prec@1 65.625 (65.980)	Prec@5 89.844 (88.558)
Epoch: [8][370/391], lr: 0.01000	Loss 1.3243 (1.2635)	Prec@1 64.844 (65.991)	Prec@5 87.500 (88.504)
Epoch: [8][380/391], lr: 0.01000	Loss 1.2272 (1.2626)	Prec@1 65.625 (66.019)	Prec@5 88.281 (88.505)
Epoch: [8][390/391], lr: 0.01000	Loss 1.0964 (1.2625)	Prec@1 67.500 (66.010)	Prec@5 90.000 (88.504)
Epoch [8] Training Results: Prec@1 66.010 Prec@5 88.504             Loss 1.26255
Epoch [8] Training Class Recall: [0.678,0.715,0.501,0.513,0.594,0.619,0.701,0.737,0.764,0.777]

Epoch: [9][0/391], lr: 0.01000	Loss 1.2417 (1.2417)	Prec@1 69.531 (69.531)	Prec@5 90.625 (90.625)
Epoch: [9][10/391], lr: 0.01000	Loss 1.1570 (1.1936)	Prec@1 68.750 (68.537)	Prec@5 89.062 (89.560)
Epoch: [9][20/391], lr: 0.01000	Loss 1.1477 (1.2048)	Prec@1 67.188 (68.341)	Prec@5 93.750 (89.695)
Epoch: [9][30/391], lr: 0.01000	Loss 1.3265 (1.2193)	Prec@1 62.500 (68.145)	Prec@5 91.406 (89.567)
Epoch: [9][40/391], lr: 0.01000	Loss 1.2685 (1.2197)	Prec@1 64.062 (67.893)	Prec@5 90.625 (89.329)
Epoch: [9][50/391], lr: 0.01000	Loss 1.2136 (1.2169)	Prec@1 67.969 (68.076)	Prec@5 89.062 (89.262)
Epoch: [9][60/391], lr: 0.01000	Loss 1.1077 (1.2184)	Prec@1 73.438 (68.148)	Prec@5 89.844 (89.306)
Epoch: [9][70/391], lr: 0.01000	Loss 1.4494 (1.2175)	Prec@1 60.938 (68.090)	Prec@5 85.938 (89.316)
Epoch: [9][80/391], lr: 0.01000	Loss 1.3206 (1.2290)	Prec@1 62.500 (67.622)	Prec@5 87.500 (89.101)
Epoch: [9][90/391], lr: 0.01000	Loss 1.2114 (1.2272)	Prec@1 70.312 (67.771)	Prec@5 88.281 (89.174)
Epoch: [9][100/391], lr: 0.01000	Loss 1.2456 (1.2325)	Prec@1 67.188 (67.652)	Prec@5 86.719 (88.946)
Epoch: [9][110/391], lr: 0.01000	Loss 1.2063 (1.2373)	Prec@1 70.312 (67.610)	Prec@5 89.062 (88.908)
Epoch: [9][120/391], lr: 0.01000	Loss 1.2271 (1.2429)	Prec@1 64.062 (67.459)	Prec@5 90.625 (88.817)
Epoch: [9][130/391], lr: 0.01000	Loss 1.0807 (1.2418)	Prec@1 68.750 (67.527)	Prec@5 93.750 (88.830)
Epoch: [9][140/391], lr: 0.01000	Loss 1.1957 (1.2390)	Prec@1 67.188 (67.625)	Prec@5 89.844 (88.819)
Epoch: [9][150/391], lr: 0.01000	Loss 1.1481 (1.2415)	Prec@1 67.188 (67.420)	Prec@5 91.406 (88.757)
Epoch: [9][160/391], lr: 0.01000	Loss 1.2386 (1.2429)	Prec@1 67.969 (67.309)	Prec@5 87.500 (88.737)
Epoch: [9][170/391], lr: 0.01000	Loss 1.2022 (1.2419)	Prec@1 64.844 (67.283)	Prec@5 89.062 (88.747)
Epoch: [9][180/391], lr: 0.01000	Loss 1.1799 (1.2418)	Prec@1 67.188 (67.304)	Prec@5 91.406 (88.743)
Epoch: [9][190/391], lr: 0.01000	Loss 1.4902 (1.2413)	Prec@1 58.594 (67.322)	Prec@5 82.812 (88.756)
Epoch: [9][200/391], lr: 0.01000	Loss 1.2339 (1.2406)	Prec@1 68.750 (67.339)	Prec@5 90.625 (88.814)
Epoch: [9][210/391], lr: 0.01000	Loss 1.4115 (1.2410)	Prec@1 57.031 (67.317)	Prec@5 89.844 (88.800)
Epoch: [9][220/391], lr: 0.01000	Loss 1.1907 (1.2436)	Prec@1 68.750 (67.258)	Prec@5 86.719 (88.744)
Epoch: [9][230/391], lr: 0.01000	Loss 1.2106 (1.2419)	Prec@1 65.625 (67.252)	Prec@5 87.500 (88.731)
Epoch: [9][240/391], lr: 0.01000	Loss 1.2770 (1.2436)	Prec@1 64.844 (67.194)	Prec@5 89.844 (88.755)
Epoch: [9][250/391], lr: 0.01000	Loss 1.3230 (1.2459)	Prec@1 65.625 (67.119)	Prec@5 87.500 (88.723)
Epoch: [9][260/391], lr: 0.01000	Loss 1.1218 (1.2441)	Prec@1 70.312 (67.176)	Prec@5 90.625 (88.742)
Epoch: [9][270/391], lr: 0.01000	Loss 1.1490 (1.2447)	Prec@1 67.969 (67.167)	Prec@5 92.969 (88.757)
Epoch: [9][280/391], lr: 0.01000	Loss 1.3080 (1.2432)	Prec@1 64.062 (67.218)	Prec@5 88.281 (88.801)
Epoch: [9][290/391], lr: 0.01000	Loss 1.2425 (1.2411)	Prec@1 69.531 (67.244)	Prec@5 86.719 (88.810)
Epoch: [9][300/391], lr: 0.01000	Loss 1.2221 (1.2399)	Prec@1 68.750 (67.258)	Prec@5 89.844 (88.808)
Epoch: [9][310/391], lr: 0.01000	Loss 1.1654 (1.2395)	Prec@1 64.844 (67.255)	Prec@5 88.281 (88.816)
Epoch: [9][320/391], lr: 0.01000	Loss 1.3694 (1.2392)	Prec@1 64.844 (67.285)	Prec@5 88.281 (88.817)
Epoch: [9][330/391], lr: 0.01000	Loss 1.2767 (1.2402)	Prec@1 65.625 (67.261)	Prec@5 85.156 (88.801)
Epoch: [9][340/391], lr: 0.01000	Loss 1.4824 (1.2404)	Prec@1 57.812 (67.217)	Prec@5 83.594 (88.790)
Epoch: [9][350/391], lr: 0.01000	Loss 1.3284 (1.2408)	Prec@1 66.406 (67.212)	Prec@5 86.719 (88.795)
Epoch: [9][360/391], lr: 0.01000	Loss 1.3049 (1.2420)	Prec@1 67.188 (67.192)	Prec@5 86.719 (88.751)
Epoch: [9][370/391], lr: 0.01000	Loss 1.3607 (1.2418)	Prec@1 62.500 (67.200)	Prec@5 90.625 (88.772)
Epoch: [9][380/391], lr: 0.01000	Loss 1.2475 (1.2407)	Prec@1 68.750 (67.261)	Prec@5 85.156 (88.734)
Epoch: [9][390/391], lr: 0.01000	Loss 1.5367 (1.2403)	Prec@1 63.750 (67.248)	Prec@5 85.000 (88.756)
Epoch [9] Training Results: Prec@1 67.248 Prec@5 88.756             Loss 1.24030
Epoch [9] Training Class Recall: [0.687,0.720,0.523,0.534,0.605,0.646,0.714,0.744,0.772,0.778]

Epoch: [10][0/391], lr: 0.01000	Loss 1.1568 (1.1568)	Prec@1 69.531 (69.531)	Prec@5 91.406 (91.406)
Epoch: [10][10/391], lr: 0.01000	Loss 0.9935 (1.1909)	Prec@1 74.219 (68.679)	Prec@5 93.750 (89.560)
Epoch: [10][20/391], lr: 0.01000	Loss 1.4071 (1.2181)	Prec@1 61.719 (67.560)	Prec@5 87.500 (88.988)
Epoch: [10][30/391], lr: 0.01000	Loss 1.3101 (1.2273)	Prec@1 63.281 (67.389)	Prec@5 89.062 (89.189)
Epoch: [10][40/391], lr: 0.01000	Loss 1.1189 (1.2189)	Prec@1 68.750 (67.683)	Prec@5 89.844 (89.158)
Epoch: [10][50/391], lr: 0.01000	Loss 1.1619 (1.2177)	Prec@1 70.312 (67.754)	Prec@5 86.719 (89.292)
Epoch: [10][60/391], lr: 0.01000	Loss 1.1681 (1.2174)	Prec@1 68.750 (67.841)	Prec@5 92.188 (89.280)
Epoch: [10][70/391], lr: 0.01000	Loss 1.1306 (1.2183)	Prec@1 71.094 (67.793)	Prec@5 90.625 (89.349)
Epoch: [10][80/391], lr: 0.01000	Loss 1.2745 (1.2267)	Prec@1 67.188 (67.544)	Prec@5 86.719 (89.188)
Epoch: [10][90/391], lr: 0.01000	Loss 1.0604 (1.2292)	Prec@1 70.312 (67.514)	Prec@5 92.969 (89.071)
Epoch: [10][100/391], lr: 0.01000	Loss 0.9736 (1.2262)	Prec@1 75.781 (67.605)	Prec@5 94.531 (89.132)
Epoch: [10][110/391], lr: 0.01000	Loss 1.1853 (1.2262)	Prec@1 69.531 (67.596)	Prec@5 91.406 (89.133)
Epoch: [10][120/391], lr: 0.01000	Loss 1.2197 (1.2231)	Prec@1 64.844 (67.652)	Prec@5 83.594 (89.140)
Epoch: [10][130/391], lr: 0.01000	Loss 1.3579 (1.2258)	Prec@1 61.719 (67.581)	Prec@5 88.281 (89.074)
Epoch: [10][140/391], lr: 0.01000	Loss 1.3990 (1.2262)	Prec@1 61.719 (67.614)	Prec@5 86.719 (89.068)
Epoch: [10][150/391], lr: 0.01000	Loss 1.3022 (1.2237)	Prec@1 67.969 (67.700)	Prec@5 81.250 (89.057)
Epoch: [10][160/391], lr: 0.01000	Loss 1.0716 (1.2260)	Prec@1 73.438 (67.644)	Prec@5 91.406 (88.965)
Epoch: [10][170/391], lr: 0.01000	Loss 1.2482 (1.2270)	Prec@1 64.062 (67.576)	Prec@5 89.844 (88.967)
Epoch: [10][180/391], lr: 0.01000	Loss 1.2039 (1.2321)	Prec@1 69.531 (67.507)	Prec@5 92.969 (88.838)
Epoch: [10][190/391], lr: 0.01000	Loss 1.0009 (1.2271)	Prec@1 75.000 (67.744)	Prec@5 94.531 (88.936)
Epoch: [10][200/391], lr: 0.01000	Loss 1.5588 (1.2299)	Prec@1 57.031 (67.646)	Prec@5 85.938 (88.888)
Epoch: [10][210/391], lr: 0.01000	Loss 1.3031 (1.2303)	Prec@1 64.062 (67.654)	Prec@5 89.844 (88.900)
Epoch: [10][220/391], lr: 0.01000	Loss 1.0068 (1.2284)	Prec@1 74.219 (67.746)	Prec@5 91.406 (88.921)
Epoch: [10][230/391], lr: 0.01000	Loss 1.3396 (1.2279)	Prec@1 64.062 (67.806)	Prec@5 82.812 (88.893)
Epoch: [10][240/391], lr: 0.01000	Loss 1.2249 (1.2281)	Prec@1 67.969 (67.784)	Prec@5 89.062 (88.910)
Epoch: [10][250/391], lr: 0.01000	Loss 1.1118 (1.2284)	Prec@1 71.875 (67.804)	Prec@5 92.188 (88.888)
Epoch: [10][260/391], lr: 0.01000	Loss 1.3253 (1.2276)	Prec@1 63.281 (67.852)	Prec@5 89.062 (88.877)
Epoch: [10][270/391], lr: 0.01000	Loss 1.1572 (1.2289)	Prec@1 74.219 (67.802)	Prec@5 85.938 (88.855)
Epoch: [10][280/391], lr: 0.01000	Loss 1.3070 (1.2296)	Prec@1 66.406 (67.757)	Prec@5 85.938 (88.857)
Epoch: [10][290/391], lr: 0.01000	Loss 1.4583 (1.2312)	Prec@1 61.719 (67.708)	Prec@5 82.812 (88.853)
Epoch: [10][300/391], lr: 0.01000	Loss 1.0580 (1.2298)	Prec@1 73.438 (67.756)	Prec@5 91.406 (88.850)
Epoch: [10][310/391], lr: 0.01000	Loss 1.2889 (1.2302)	Prec@1 66.406 (67.748)	Prec@5 88.281 (88.869)
Epoch: [10][320/391], lr: 0.01000	Loss 1.1552 (1.2298)	Prec@1 72.656 (67.803)	Prec@5 90.625 (88.860)
Epoch: [10][330/391], lr: 0.01000	Loss 1.2265 (1.2278)	Prec@1 65.625 (67.884)	Prec@5 89.062 (88.900)
Epoch: [10][340/391], lr: 0.01000	Loss 1.3867 (1.2278)	Prec@1 60.938 (67.889)	Prec@5 89.062 (88.904)
Epoch: [10][350/391], lr: 0.01000	Loss 1.1936 (1.2260)	Prec@1 67.969 (67.924)	Prec@5 87.500 (88.933)
Epoch: [10][360/391], lr: 0.01000	Loss 1.3286 (1.2266)	Prec@1 67.188 (67.925)	Prec@5 84.375 (88.894)
Epoch: [10][370/391], lr: 0.01000	Loss 1.2870 (1.2264)	Prec@1 62.500 (67.952)	Prec@5 89.062 (88.875)
Epoch: [10][380/391], lr: 0.01000	Loss 1.2427 (1.2263)	Prec@1 65.625 (67.954)	Prec@5 89.062 (88.888)
Epoch: [10][390/391], lr: 0.01000	Loss 1.1827 (1.2261)	Prec@1 68.750 (67.956)	Prec@5 91.250 (88.882)
Epoch [10] Training Results: Prec@1 67.956 Prec@5 88.882             Loss 1.22610
Epoch [10] Training Class Recall: [0.698,0.729,0.536,0.542,0.616,0.653,0.718,0.750,0.769,0.784]

Epoch: [11][0/391], lr: 0.01000	Loss 1.1899 (1.1899)	Prec@1 70.312 (70.312)	Prec@5 88.281 (88.281)
Epoch: [11][10/391], lr: 0.01000	Loss 1.2188 (1.2592)	Prec@1 66.406 (66.619)	Prec@5 89.062 (87.713)
Epoch: [11][20/391], lr: 0.01000	Loss 0.9849 (1.2013)	Prec@1 77.344 (68.824)	Prec@5 92.969 (88.467)
Epoch: [11][30/391], lr: 0.01000	Loss 1.0952 (1.2154)	Prec@1 73.438 (68.725)	Prec@5 92.969 (88.130)
Epoch: [11][40/391], lr: 0.01000	Loss 1.1656 (1.2133)	Prec@1 70.312 (68.617)	Prec@5 87.500 (88.243)
Epoch: [11][50/391], lr: 0.01000	Loss 1.1680 (1.2086)	Prec@1 67.969 (68.857)	Prec@5 89.062 (88.404)
Epoch: [11][60/391], lr: 0.01000	Loss 1.2761 (1.2016)	Prec@1 66.406 (68.916)	Prec@5 87.500 (88.640)
Epoch: [11][70/391], lr: 0.01000	Loss 1.0604 (1.1861)	Prec@1 74.219 (69.432)	Prec@5 89.062 (88.798)
Epoch: [11][80/391], lr: 0.01000	Loss 1.3056 (1.1968)	Prec@1 69.531 (69.059)	Prec@5 85.938 (88.841)
Epoch: [11][90/391], lr: 0.01000	Loss 1.2504 (1.1938)	Prec@1 65.625 (69.119)	Prec@5 91.406 (88.908)
Epoch: [11][100/391], lr: 0.01000	Loss 1.0945 (1.1970)	Prec@1 71.875 (68.920)	Prec@5 92.188 (89.039)
Epoch: [11][110/391], lr: 0.01000	Loss 1.2983 (1.2039)	Prec@1 66.406 (68.736)	Prec@5 86.719 (88.908)
Epoch: [11][120/391], lr: 0.01000	Loss 1.3629 (1.2081)	Prec@1 62.500 (68.685)	Prec@5 83.594 (88.759)
Epoch: [11][130/391], lr: 0.01000	Loss 1.5486 (1.2037)	Prec@1 62.500 (68.822)	Prec@5 82.812 (88.830)
Epoch: [11][140/391], lr: 0.01000	Loss 1.1356 (1.2037)	Prec@1 73.438 (68.794)	Prec@5 91.406 (88.891)
Epoch: [11][150/391], lr: 0.01000	Loss 1.2027 (1.2015)	Prec@1 70.312 (68.874)	Prec@5 89.062 (88.881)
Epoch: [11][160/391], lr: 0.01000	Loss 1.3662 (1.2074)	Prec@1 66.406 (68.721)	Prec@5 84.375 (88.786)
Epoch: [11][170/391], lr: 0.01000	Loss 1.2183 (1.2084)	Prec@1 68.750 (68.672)	Prec@5 92.969 (88.788)
Epoch: [11][180/391], lr: 0.01000	Loss 1.2545 (1.2079)	Prec@1 67.188 (68.737)	Prec@5 85.938 (88.739)
Epoch: [11][190/391], lr: 0.01000	Loss 1.2257 (1.2060)	Prec@1 65.625 (68.799)	Prec@5 91.406 (88.776)
Epoch: [11][200/391], lr: 0.01000	Loss 1.1032 (1.2061)	Prec@1 72.656 (68.742)	Prec@5 91.406 (88.829)
Epoch: [11][210/391], lr: 0.01000	Loss 1.1134 (1.2047)	Prec@1 70.312 (68.806)	Prec@5 90.625 (88.866)
Epoch: [11][220/391], lr: 0.01000	Loss 1.3573 (1.2022)	Prec@1 62.500 (68.909)	Prec@5 91.406 (88.865)
Epoch: [11][230/391], lr: 0.01000	Loss 1.0948 (1.2021)	Prec@1 71.875 (68.892)	Prec@5 96.094 (88.914)
Epoch: [11][240/391], lr: 0.01000	Loss 1.2094 (1.2031)	Prec@1 69.531 (68.831)	Prec@5 86.719 (88.897)
Epoch: [11][250/391], lr: 0.01000	Loss 1.1900 (1.2070)	Prec@1 70.312 (68.710)	Prec@5 92.188 (88.851)
Epoch: [11][260/391], lr: 0.01000	Loss 1.1864 (1.2051)	Prec@1 69.531 (68.762)	Prec@5 89.062 (88.880)
Epoch: [11][270/391], lr: 0.01000	Loss 1.2413 (1.2049)	Prec@1 66.406 (68.738)	Prec@5 89.062 (88.901)
Epoch: [11][280/391], lr: 0.01000	Loss 1.5584 (1.2063)	Prec@1 55.469 (68.675)	Prec@5 83.594 (88.843)
Epoch: [11][290/391], lr: 0.01000	Loss 1.0190 (1.2070)	Prec@1 75.781 (68.608)	Prec@5 89.062 (88.850)
Epoch: [11][300/391], lr: 0.01000	Loss 1.2989 (1.2095)	Prec@1 70.312 (68.540)	Prec@5 85.938 (88.837)
Epoch: [11][310/391], lr: 0.01000	Loss 1.2588 (1.2091)	Prec@1 68.750 (68.559)	Prec@5 90.625 (88.874)
Epoch: [11][320/391], lr: 0.01000	Loss 1.1212 (1.2073)	Prec@1 68.750 (68.626)	Prec@5 91.406 (88.902)
Epoch: [11][330/391], lr: 0.01000	Loss 1.1723 (1.2078)	Prec@1 71.094 (68.606)	Prec@5 92.188 (88.890)
Epoch: [11][340/391], lr: 0.01000	Loss 1.1563 (1.2088)	Prec@1 68.750 (68.548)	Prec@5 89.844 (88.859)
Epoch: [11][350/391], lr: 0.01000	Loss 1.2141 (1.2083)	Prec@1 67.969 (68.527)	Prec@5 85.938 (88.862)
Epoch: [11][360/391], lr: 0.01000	Loss 1.1673 (1.2102)	Prec@1 67.969 (68.466)	Prec@5 91.406 (88.833)
Epoch: [11][370/391], lr: 0.01000	Loss 1.1708 (1.2121)	Prec@1 66.406 (68.411)	Prec@5 87.500 (88.787)
Epoch: [11][380/391], lr: 0.01000	Loss 1.1209 (1.2115)	Prec@1 72.656 (68.426)	Prec@5 92.188 (88.806)
Epoch: [11][390/391], lr: 0.01000	Loss 1.3057 (1.2118)	Prec@1 60.000 (68.400)	Prec@5 88.750 (88.812)
Epoch [11] Training Results: Prec@1 68.400 Prec@5 88.812             Loss 1.21177
Epoch [11] Training Class Recall: [0.694,0.726,0.549,0.555,0.632,0.656,0.721,0.757,0.772,0.779]

Epoch: [12][0/391], lr: 0.01000	Loss 1.1338 (1.1338)	Prec@1 71.094 (71.094)	Prec@5 89.844 (89.844)
Epoch: [12][10/391], lr: 0.01000	Loss 1.2928 (1.2317)	Prec@1 66.406 (67.969)	Prec@5 85.938 (87.713)
Epoch: [12][20/391], lr: 0.01000	Loss 1.3089 (1.2126)	Prec@1 67.188 (68.824)	Prec@5 84.375 (87.835)
Epoch: [12][30/391], lr: 0.01000	Loss 1.2092 (1.2171)	Prec@1 69.531 (68.473)	Prec@5 87.500 (87.651)
Epoch: [12][40/391], lr: 0.01000	Loss 1.1466 (1.1970)	Prec@1 72.656 (68.960)	Prec@5 87.500 (88.338)
Epoch: [12][50/391], lr: 0.01000	Loss 1.3087 (1.1833)	Prec@1 68.750 (69.562)	Prec@5 83.594 (88.526)
Epoch: [12][60/391], lr: 0.01000	Loss 1.2202 (1.1826)	Prec@1 69.531 (69.672)	Prec@5 89.844 (88.537)
Epoch: [12][70/391], lr: 0.01000	Loss 1.4849 (1.1898)	Prec@1 64.062 (69.553)	Prec@5 84.375 (88.556)
Epoch: [12][80/391], lr: 0.01000	Loss 1.4011 (1.1962)	Prec@1 65.625 (69.290)	Prec@5 84.375 (88.484)
Epoch: [12][90/391], lr: 0.01000	Loss 1.2022 (1.2021)	Prec@1 68.750 (69.128)	Prec@5 89.062 (88.487)
Epoch: [12][100/391], lr: 0.01000	Loss 1.2040 (1.2072)	Prec@1 69.531 (68.882)	Prec@5 91.406 (88.513)
Epoch: [12][110/391], lr: 0.01000	Loss 1.1152 (1.1992)	Prec@1 69.531 (69.130)	Prec@5 90.625 (88.661)
Epoch: [12][120/391], lr: 0.01000	Loss 1.1121 (1.1938)	Prec@1 70.312 (69.318)	Prec@5 89.062 (88.830)
Epoch: [12][130/391], lr: 0.01000	Loss 1.2788 (1.1953)	Prec@1 65.625 (69.191)	Prec@5 87.500 (88.812)
Epoch: [12][140/391], lr: 0.01000	Loss 1.1602 (1.1982)	Prec@1 70.312 (69.082)	Prec@5 91.406 (88.835)
Epoch: [12][150/391], lr: 0.01000	Loss 1.2498 (1.1955)	Prec@1 64.844 (69.159)	Prec@5 88.281 (88.840)
Epoch: [12][160/391], lr: 0.01000	Loss 1.4368 (1.1978)	Prec@1 63.281 (69.099)	Prec@5 87.500 (88.893)
Epoch: [12][170/391], lr: 0.01000	Loss 1.1656 (1.1980)	Prec@1 70.312 (69.052)	Prec@5 85.938 (88.839)
Epoch: [12][180/391], lr: 0.01000	Loss 1.2679 (1.2006)	Prec@1 69.531 (69.013)	Prec@5 92.188 (88.808)
Epoch: [12][190/391], lr: 0.01000	Loss 1.2169 (1.1995)	Prec@1 68.750 (69.061)	Prec@5 89.062 (88.883)
Epoch: [12][200/391], lr: 0.01000	Loss 1.2498 (1.1990)	Prec@1 69.531 (69.131)	Prec@5 88.281 (88.864)
Epoch: [12][210/391], lr: 0.01000	Loss 1.4140 (1.2001)	Prec@1 61.719 (69.080)	Prec@5 89.062 (88.881)
Epoch: [12][220/391], lr: 0.01000	Loss 1.1313 (1.1998)	Prec@1 75.000 (69.093)	Prec@5 85.938 (88.850)
Epoch: [12][230/391], lr: 0.01000	Loss 1.3882 (1.2000)	Prec@1 64.844 (69.081)	Prec@5 88.281 (88.880)
Epoch: [12][240/391], lr: 0.01000	Loss 1.3107 (1.1990)	Prec@1 64.062 (69.126)	Prec@5 86.719 (88.887)
Epoch: [12][250/391], lr: 0.01000	Loss 1.2207 (1.1985)	Prec@1 72.656 (69.161)	Prec@5 86.719 (88.926)
Epoch: [12][260/391], lr: 0.01000	Loss 1.2038 (1.1985)	Prec@1 67.188 (69.145)	Prec@5 90.625 (88.922)
Epoch: [12][270/391], lr: 0.01000	Loss 1.0925 (1.1982)	Prec@1 70.312 (69.125)	Prec@5 89.844 (88.910)
Epoch: [12][280/391], lr: 0.01000	Loss 1.0611 (1.1995)	Prec@1 74.219 (69.070)	Prec@5 91.406 (88.910)
Epoch: [12][290/391], lr: 0.01000	Loss 1.1598 (1.1992)	Prec@1 70.312 (69.096)	Prec@5 89.844 (88.926)
Epoch: [12][300/391], lr: 0.01000	Loss 1.4856 (1.1987)	Prec@1 61.719 (69.069)	Prec@5 85.938 (88.930)
Epoch: [12][310/391], lr: 0.01000	Loss 1.3859 (1.2007)	Prec@1 63.281 (69.016)	Prec@5 86.719 (88.872)
Epoch: [12][320/391], lr: 0.01000	Loss 1.1784 (1.2016)	Prec@1 71.094 (68.996)	Prec@5 88.281 (88.858)
Epoch: [12][330/391], lr: 0.01000	Loss 1.0253 (1.2000)	Prec@1 75.781 (69.045)	Prec@5 89.062 (88.867)
Epoch: [12][340/391], lr: 0.01000	Loss 1.2233 (1.2009)	Prec@1 67.969 (68.997)	Prec@5 87.500 (88.840)
Epoch: [12][350/391], lr: 0.01000	Loss 1.0864 (1.1990)	Prec@1 76.562 (69.055)	Prec@5 87.500 (88.880)
Epoch: [12][360/391], lr: 0.01000	Loss 1.0850 (1.2006)	Prec@1 72.656 (69.049)	Prec@5 92.969 (88.859)
Epoch: [12][370/391], lr: 0.01000	Loss 1.1155 (1.2009)	Prec@1 71.094 (69.053)	Prec@5 91.406 (88.820)
Epoch: [12][380/391], lr: 0.01000	Loss 0.9645 (1.2002)	Prec@1 74.219 (69.074)	Prec@5 95.312 (88.851)
Epoch: [12][390/391], lr: 0.01000	Loss 0.9985 (1.2003)	Prec@1 76.250 (69.078)	Prec@5 91.250 (88.834)
Epoch [12] Training Results: Prec@1 69.078 Prec@5 88.834             Loss 1.20026
Epoch [12] Training Class Recall: [0.702,0.730,0.552,0.563,0.647,0.675,0.723,0.755,0.774,0.786]

Epoch: [13][0/391], lr: 0.01000	Loss 1.4501 (1.4501)	Prec@1 62.500 (62.500)	Prec@5 82.031 (82.031)
Epoch: [13][10/391], lr: 0.01000	Loss 1.1662 (1.2258)	Prec@1 69.531 (68.040)	Prec@5 89.844 (88.210)
Epoch: [13][20/391], lr: 0.01000	Loss 1.2728 (1.1898)	Prec@1 66.406 (68.936)	Prec@5 86.719 (88.542)
Epoch: [13][30/391], lr: 0.01000	Loss 1.1265 (1.2150)	Prec@1 72.656 (68.372)	Prec@5 89.062 (88.382)
Epoch: [13][40/391], lr: 0.01000	Loss 0.8915 (1.1977)	Prec@1 79.688 (69.112)	Prec@5 93.750 (88.739)
Epoch: [13][50/391], lr: 0.01000	Loss 1.1778 (1.2064)	Prec@1 67.969 (68.750)	Prec@5 90.625 (88.741)
Epoch: [13][60/391], lr: 0.01000	Loss 1.3246 (1.2122)	Prec@1 64.844 (68.558)	Prec@5 85.156 (88.742)
Epoch: [13][70/391], lr: 0.01000	Loss 1.3836 (1.2121)	Prec@1 65.625 (68.662)	Prec@5 85.156 (88.798)
Epoch: [13][80/391], lr: 0.01000	Loss 1.2309 (1.2029)	Prec@1 70.312 (68.972)	Prec@5 87.500 (88.860)
Epoch: [13][90/391], lr: 0.01000	Loss 1.0179 (1.1966)	Prec@1 75.000 (69.205)	Prec@5 90.625 (88.968)
Epoch: [13][100/391], lr: 0.01000	Loss 1.1042 (1.1975)	Prec@1 71.094 (69.315)	Prec@5 90.625 (88.970)
Epoch: [13][110/391], lr: 0.01000	Loss 1.1079 (1.1899)	Prec@1 73.438 (69.475)	Prec@5 88.281 (89.041)
Epoch: [13][120/391], lr: 0.01000	Loss 1.1854 (1.1846)	Prec@1 66.406 (69.647)	Prec@5 92.188 (89.185)
Epoch: [13][130/391], lr: 0.01000	Loss 1.0873 (1.1850)	Prec@1 70.312 (69.621)	Prec@5 92.188 (89.218)
Epoch: [13][140/391], lr: 0.01000	Loss 1.3879 (1.1893)	Prec@1 61.719 (69.465)	Prec@5 82.812 (89.096)
Epoch: [13][150/391], lr: 0.01000	Loss 1.1597 (1.1890)	Prec@1 70.312 (69.516)	Prec@5 91.406 (89.088)
Epoch: [13][160/391], lr: 0.01000	Loss 1.0177 (1.1892)	Prec@1 71.094 (69.478)	Prec@5 88.281 (89.082)
Epoch: [13][170/391], lr: 0.01000	Loss 1.2306 (1.1878)	Prec@1 67.969 (69.568)	Prec@5 86.719 (89.062)
Epoch: [13][180/391], lr: 0.01000	Loss 1.1288 (1.1860)	Prec@1 67.969 (69.605)	Prec@5 92.188 (89.157)
Epoch: [13][190/391], lr: 0.01000	Loss 1.0227 (1.1831)	Prec@1 71.094 (69.654)	Prec@5 92.969 (89.296)
Epoch: [13][200/391], lr: 0.01000	Loss 1.1247 (1.1819)	Prec@1 71.875 (69.733)	Prec@5 89.844 (89.245)
Epoch: [13][210/391], lr: 0.01000	Loss 1.1867 (1.1833)	Prec@1 75.000 (69.731)	Prec@5 89.844 (89.174)
Epoch: [13][220/391], lr: 0.01000	Loss 0.9232 (1.1825)	Prec@1 78.906 (69.740)	Prec@5 93.750 (89.218)
Epoch: [13][230/391], lr: 0.01000	Loss 1.2777 (1.1837)	Prec@1 66.406 (69.721)	Prec@5 84.375 (89.140)
Epoch: [13][240/391], lr: 0.01000	Loss 1.2164 (1.1834)	Prec@1 66.406 (69.723)	Prec@5 88.281 (89.105)
Epoch: [13][250/391], lr: 0.01000	Loss 1.1261 (1.1825)	Prec@1 70.312 (69.786)	Prec@5 90.625 (89.143)
Epoch: [13][260/391], lr: 0.01000	Loss 1.0500 (1.1836)	Prec@1 74.219 (69.765)	Prec@5 88.281 (89.089)
Epoch: [13][270/391], lr: 0.01000	Loss 1.2814 (1.1859)	Prec@1 67.188 (69.687)	Prec@5 86.719 (89.077)
Epoch: [13][280/391], lr: 0.01000	Loss 1.3424 (1.1871)	Prec@1 64.844 (69.620)	Prec@5 86.719 (89.046)
Epoch: [13][290/391], lr: 0.01000	Loss 0.9883 (1.1866)	Prec@1 75.781 (69.652)	Prec@5 95.312 (89.057)
Epoch: [13][300/391], lr: 0.01000	Loss 1.2115 (1.1865)	Prec@1 67.969 (69.658)	Prec@5 87.500 (89.050)
Epoch: [13][310/391], lr: 0.01000	Loss 1.3494 (1.1881)	Prec@1 66.406 (69.642)	Prec@5 83.594 (88.980)
Epoch: [13][320/391], lr: 0.01000	Loss 0.9501 (1.1878)	Prec@1 75.000 (69.646)	Prec@5 94.531 (88.975)
Epoch: [13][330/391], lr: 0.01000	Loss 1.0489 (1.1864)	Prec@1 75.000 (69.704)	Prec@5 89.844 (88.994)
Epoch: [13][340/391], lr: 0.01000	Loss 1.2377 (1.1872)	Prec@1 67.969 (69.696)	Prec@5 89.062 (88.982)
Epoch: [13][350/391], lr: 0.01000	Loss 1.1211 (1.1869)	Prec@1 69.531 (69.707)	Prec@5 89.062 (88.980)
Epoch: [13][360/391], lr: 0.01000	Loss 1.3345 (1.1876)	Prec@1 65.625 (69.685)	Prec@5 85.938 (88.980)
Epoch: [13][370/391], lr: 0.01000	Loss 1.4547 (1.1874)	Prec@1 64.062 (69.700)	Prec@5 86.719 (88.985)
Epoch: [13][380/391], lr: 0.01000	Loss 1.2745 (1.1877)	Prec@1 67.969 (69.675)	Prec@5 87.500 (88.983)
Epoch: [13][390/391], lr: 0.01000	Loss 1.1076 (1.1873)	Prec@1 68.750 (69.698)	Prec@5 87.500 (88.992)
Epoch [13] Training Results: Prec@1 69.698 Prec@5 88.992             Loss 1.18725
Epoch [13] Training Class Recall: [0.708,0.736,0.572,0.578,0.650,0.673,0.731,0.761,0.776,0.783]

Epoch: [14][0/391], lr: 0.01000	Loss 1.1501 (1.1501)	Prec@1 70.312 (70.312)	Prec@5 91.406 (91.406)
Epoch: [14][10/391], lr: 0.01000	Loss 1.1819 (1.1174)	Prec@1 66.406 (71.307)	Prec@5 90.625 (91.406)
Epoch: [14][20/391], lr: 0.01000	Loss 1.1470 (1.1791)	Prec@1 71.875 (69.866)	Prec@5 88.281 (89.881)
Epoch: [14][30/391], lr: 0.01000	Loss 1.1287 (1.1633)	Prec@1 74.219 (70.615)	Prec@5 93.750 (89.718)
Epoch: [14][40/391], lr: 0.01000	Loss 1.0764 (1.1683)	Prec@1 74.219 (70.655)	Prec@5 91.406 (89.577)
Epoch: [14][50/391], lr: 0.01000	Loss 0.9803 (1.1651)	Prec@1 76.562 (70.956)	Prec@5 93.750 (89.507)
Epoch: [14][60/391], lr: 0.01000	Loss 1.2943 (1.1654)	Prec@1 64.844 (70.863)	Prec@5 87.500 (89.498)
Epoch: [14][70/391], lr: 0.01000	Loss 0.9974 (1.1588)	Prec@1 75.781 (70.984)	Prec@5 91.406 (89.624)
Epoch: [14][80/391], lr: 0.01000	Loss 1.2487 (1.1623)	Prec@1 62.500 (70.785)	Prec@5 89.844 (89.487)
Epoch: [14][90/391], lr: 0.01000	Loss 1.2395 (1.1707)	Prec@1 67.969 (70.390)	Prec@5 85.938 (89.294)
Epoch: [14][100/391], lr: 0.01000	Loss 1.0504 (1.1732)	Prec@1 67.969 (70.142)	Prec@5 92.969 (89.333)
Epoch: [14][110/391], lr: 0.01000	Loss 1.2424 (1.1742)	Prec@1 67.188 (70.080)	Prec@5 87.500 (89.253)
Epoch: [14][120/391], lr: 0.01000	Loss 1.1988 (1.1785)	Prec@1 71.875 (69.899)	Prec@5 89.844 (89.153)
Epoch: [14][130/391], lr: 0.01000	Loss 1.1550 (1.1756)	Prec@1 71.875 (69.973)	Prec@5 87.500 (89.241)
Epoch: [14][140/391], lr: 0.01000	Loss 1.2573 (1.1719)	Prec@1 69.531 (70.113)	Prec@5 86.719 (89.279)
Epoch: [14][150/391], lr: 0.01000	Loss 1.4425 (1.1735)	Prec@1 61.719 (70.007)	Prec@5 85.938 (89.192)
Epoch: [14][160/391], lr: 0.01000	Loss 1.1684 (1.1720)	Prec@1 72.656 (70.075)	Prec@5 87.500 (89.203)
Epoch: [14][170/391], lr: 0.01000	Loss 1.0172 (1.1764)	Prec@1 74.219 (69.974)	Prec@5 92.969 (89.168)
Epoch: [14][180/391], lr: 0.01000	Loss 1.1528 (1.1771)	Prec@1 67.969 (69.959)	Prec@5 94.531 (89.157)
Epoch: [14][190/391], lr: 0.01000	Loss 1.2062 (1.1770)	Prec@1 69.531 (69.973)	Prec@5 88.281 (89.132)
Epoch: [14][200/391], lr: 0.01000	Loss 1.0162 (1.1733)	Prec@1 73.438 (70.134)	Prec@5 92.188 (89.202)
Epoch: [14][210/391], lr: 0.01000	Loss 0.9596 (1.1738)	Prec@1 75.000 (70.124)	Prec@5 91.406 (89.200)
Epoch: [14][220/391], lr: 0.01000	Loss 1.0761 (1.1732)	Prec@1 72.656 (70.132)	Prec@5 90.625 (89.218)
Epoch: [14][230/391], lr: 0.01000	Loss 0.9105 (1.1740)	Prec@1 78.125 (70.130)	Prec@5 90.625 (89.208)
Epoch: [14][240/391], lr: 0.01000	Loss 1.4710 (1.1753)	Prec@1 61.719 (70.063)	Prec@5 85.156 (89.179)
Epoch: [14][250/391], lr: 0.01000	Loss 1.2136 (1.1774)	Prec@1 67.969 (70.004)	Prec@5 85.938 (89.125)
Epoch: [14][260/391], lr: 0.01000	Loss 1.1743 (1.1776)	Prec@1 67.969 (69.998)	Prec@5 89.844 (89.137)
Epoch: [14][270/391], lr: 0.01000	Loss 1.2912 (1.1791)	Prec@1 67.188 (69.938)	Prec@5 85.938 (89.112)
Epoch: [14][280/391], lr: 0.01000	Loss 1.1554 (1.1798)	Prec@1 71.875 (69.873)	Prec@5 85.938 (89.082)
Epoch: [14][290/391], lr: 0.01000	Loss 1.1238 (1.1802)	Prec@1 71.875 (69.832)	Prec@5 89.844 (89.108)
Epoch: [14][300/391], lr: 0.01000	Loss 1.1198 (1.1800)	Prec@1 72.656 (69.858)	Prec@5 87.500 (89.075)
Epoch: [14][310/391], lr: 0.01000	Loss 1.2299 (1.1803)	Prec@1 68.750 (69.838)	Prec@5 86.719 (89.037)
Epoch: [14][320/391], lr: 0.01000	Loss 1.3130 (1.1796)	Prec@1 67.969 (69.853)	Prec@5 86.719 (89.072)
Epoch: [14][330/391], lr: 0.01000	Loss 1.0383 (1.1809)	Prec@1 72.656 (69.803)	Prec@5 94.531 (89.065)
Epoch: [14][340/391], lr: 0.01000	Loss 1.1160 (1.1824)	Prec@1 71.875 (69.756)	Prec@5 90.625 (89.035)
Epoch: [14][350/391], lr: 0.01000	Loss 1.2699 (1.1833)	Prec@1 64.062 (69.716)	Prec@5 85.938 (89.002)
Epoch: [14][360/391], lr: 0.01000	Loss 1.3517 (1.1821)	Prec@1 63.281 (69.774)	Prec@5 83.594 (88.993)
Epoch: [14][370/391], lr: 0.01000	Loss 1.1437 (1.1820)	Prec@1 70.312 (69.742)	Prec@5 91.406 (89.031)
Epoch: [14][380/391], lr: 0.01000	Loss 0.9856 (1.1820)	Prec@1 77.344 (69.747)	Prec@5 89.062 (89.038)
Epoch: [14][390/391], lr: 0.01000	Loss 1.0810 (1.1808)	Prec@1 75.000 (69.804)	Prec@5 90.000 (89.060)
Epoch [14] Training Results: Prec@1 69.804 Prec@5 89.060             Loss 1.18077
Epoch [14] Training Class Recall: [0.708,0.734,0.574,0.589,0.644,0.674,0.738,0.754,0.779,0.785]

Epoch: [15][0/391], lr: 0.01000	Loss 1.1893 (1.1893)	Prec@1 68.750 (68.750)	Prec@5 86.719 (86.719)
Epoch: [15][10/391], lr: 0.01000	Loss 1.0755 (1.0942)	Prec@1 75.781 (72.443)	Prec@5 89.062 (90.128)
Epoch: [15][20/391], lr: 0.01000	Loss 1.1626 (1.1231)	Prec@1 71.094 (71.912)	Prec@5 92.188 (90.067)
Epoch: [15][30/391], lr: 0.01000	Loss 1.3024 (1.1455)	Prec@1 64.844 (71.346)	Prec@5 88.281 (89.995)
Epoch: [15][40/391], lr: 0.01000	Loss 1.1250 (1.1716)	Prec@1 71.094 (70.541)	Prec@5 90.625 (89.386)
Epoch: [15][50/391], lr: 0.01000	Loss 1.2299 (1.1685)	Prec@1 71.094 (70.512)	Prec@5 85.938 (89.384)
Epoch: [15][60/391], lr: 0.01000	Loss 1.1222 (1.1661)	Prec@1 71.875 (70.684)	Prec@5 89.844 (89.485)
Epoch: [15][70/391], lr: 0.01000	Loss 1.0058 (1.1606)	Prec@1 78.125 (70.819)	Prec@5 92.188 (89.514)
Epoch: [15][80/391], lr: 0.01000	Loss 1.1051 (1.1553)	Prec@1 69.531 (70.978)	Prec@5 91.406 (89.564)
Epoch: [15][90/391], lr: 0.01000	Loss 1.2191 (1.1580)	Prec@1 67.969 (70.810)	Prec@5 86.719 (89.475)
Epoch: [15][100/391], lr: 0.01000	Loss 1.1444 (1.1603)	Prec@1 71.875 (70.869)	Prec@5 85.938 (89.318)
Epoch: [15][110/391], lr: 0.01000	Loss 1.3667 (1.1613)	Prec@1 66.406 (70.798)	Prec@5 86.719 (89.288)
Epoch: [15][120/391], lr: 0.01000	Loss 0.9397 (1.1613)	Prec@1 75.781 (70.855)	Prec@5 94.531 (89.276)
Epoch: [15][130/391], lr: 0.01000	Loss 1.2902 (1.1635)	Prec@1 65.625 (70.736)	Prec@5 86.719 (89.259)
Epoch: [15][140/391], lr: 0.01000	Loss 1.2865 (1.1605)	Prec@1 67.188 (70.811)	Prec@5 89.062 (89.351)
Epoch: [15][150/391], lr: 0.01000	Loss 1.2108 (1.1620)	Prec@1 72.656 (70.773)	Prec@5 89.062 (89.326)
Epoch: [15][160/391], lr: 0.01000	Loss 1.2534 (1.1646)	Prec@1 67.969 (70.783)	Prec@5 89.062 (89.223)
Epoch: [15][170/391], lr: 0.01000	Loss 1.0593 (1.1623)	Prec@1 75.000 (70.856)	Prec@5 89.062 (89.268)
Epoch: [15][180/391], lr: 0.01000	Loss 1.2434 (1.1620)	Prec@1 67.969 (70.856)	Prec@5 91.406 (89.283)
Epoch: [15][190/391], lr: 0.01000	Loss 1.1716 (1.1677)	Prec@1 74.219 (70.701)	Prec@5 86.719 (89.202)
Epoch: [15][200/391], lr: 0.01000	Loss 1.2678 (1.1660)	Prec@1 67.969 (70.763)	Prec@5 88.281 (89.241)
Epoch: [15][210/391], lr: 0.01000	Loss 1.3214 (1.1666)	Prec@1 67.188 (70.738)	Prec@5 84.375 (89.222)
Epoch: [15][220/391], lr: 0.01000	Loss 1.0907 (1.1651)	Prec@1 71.094 (70.737)	Prec@5 92.188 (89.243)
Epoch: [15][230/391], lr: 0.01000	Loss 1.2837 (1.1658)	Prec@1 64.844 (70.715)	Prec@5 87.500 (89.228)
Epoch: [15][240/391], lr: 0.01000	Loss 1.4488 (1.1665)	Prec@1 60.938 (70.679)	Prec@5 84.375 (89.166)
Epoch: [15][250/391], lr: 0.01000	Loss 1.4463 (1.1682)	Prec@1 56.250 (70.624)	Prec@5 83.594 (89.109)
Epoch: [15][260/391], lr: 0.01000	Loss 1.0465 (1.1674)	Prec@1 69.531 (70.597)	Prec@5 94.531 (89.110)
Epoch: [15][270/391], lr: 0.01000	Loss 0.9699 (1.1672)	Prec@1 75.781 (70.555)	Prec@5 92.188 (89.149)
Epoch: [15][280/391], lr: 0.01000	Loss 1.2582 (1.1683)	Prec@1 70.312 (70.485)	Prec@5 84.375 (89.143)
Epoch: [15][290/391], lr: 0.01000	Loss 1.3853 (1.1691)	Prec@1 64.062 (70.436)	Prec@5 84.375 (89.114)
Epoch: [15][300/391], lr: 0.01000	Loss 1.1435 (1.1699)	Prec@1 71.094 (70.406)	Prec@5 93.750 (89.114)
Epoch: [15][310/391], lr: 0.01000	Loss 1.2804 (1.1700)	Prec@1 64.062 (70.393)	Prec@5 84.375 (89.083)
Epoch: [15][320/391], lr: 0.01000	Loss 1.0407 (1.1706)	Prec@1 75.000 (70.376)	Prec@5 90.625 (89.058)
Epoch: [15][330/391], lr: 0.01000	Loss 0.9526 (1.1700)	Prec@1 76.562 (70.388)	Prec@5 93.750 (89.084)
Epoch: [15][340/391], lr: 0.01000	Loss 1.1064 (1.1697)	Prec@1 71.094 (70.388)	Prec@5 90.625 (89.106)
Epoch: [15][350/391], lr: 0.01000	Loss 1.1318 (1.1696)	Prec@1 72.656 (70.439)	Prec@5 85.938 (89.118)
Epoch: [15][360/391], lr: 0.01000	Loss 1.1849 (1.1686)	Prec@1 71.094 (70.464)	Prec@5 89.062 (89.130)
Epoch: [15][370/391], lr: 0.01000	Loss 1.2360 (1.1681)	Prec@1 68.750 (70.451)	Prec@5 90.625 (89.153)
Epoch: [15][380/391], lr: 0.01000	Loss 1.3942 (1.1697)	Prec@1 64.844 (70.413)	Prec@5 84.375 (89.116)
Epoch: [15][390/391], lr: 0.01000	Loss 1.1515 (1.1697)	Prec@1 70.000 (70.420)	Prec@5 90.000 (89.122)
Epoch [15] Training Results: Prec@1 70.420 Prec@5 89.122             Loss 1.16971
Epoch [15] Training Class Recall: [0.709,0.734,0.583,0.603,0.665,0.682,0.742,0.762,0.777,0.782]

Epoch: [16][0/391], lr: 0.01000	Loss 0.8944 (0.8944)	Prec@1 79.688 (79.688)	Prec@5 91.406 (91.406)
Epoch: [16][10/391], lr: 0.01000	Loss 1.2386 (1.2022)	Prec@1 67.188 (69.531)	Prec@5 90.625 (88.991)
Epoch: [16][20/391], lr: 0.01000	Loss 1.3215 (1.1684)	Prec@1 62.500 (70.461)	Prec@5 85.156 (89.062)
Epoch: [16][30/391], lr: 0.01000	Loss 1.1598 (1.1404)	Prec@1 71.875 (71.421)	Prec@5 89.844 (89.264)
Epoch: [16][40/391], lr: 0.01000	Loss 1.2269 (1.1425)	Prec@1 68.750 (71.341)	Prec@5 86.719 (89.710)
Epoch: [16][50/391], lr: 0.01000	Loss 1.3807 (1.1515)	Prec@1 62.500 (70.941)	Prec@5 89.844 (89.476)
Epoch: [16][60/391], lr: 0.01000	Loss 1.4035 (1.1678)	Prec@1 60.156 (70.364)	Prec@5 85.938 (89.203)
Epoch: [16][70/391], lr: 0.01000	Loss 1.0561 (1.1664)	Prec@1 71.875 (70.456)	Prec@5 92.188 (89.140)
Epoch: [16][80/391], lr: 0.01000	Loss 1.0250 (1.1543)	Prec@1 71.875 (70.891)	Prec@5 90.625 (89.246)
Epoch: [16][90/391], lr: 0.01000	Loss 1.2321 (1.1565)	Prec@1 67.188 (70.733)	Prec@5 87.500 (89.329)
Epoch: [16][100/391], lr: 0.01000	Loss 1.0901 (1.1551)	Prec@1 73.438 (70.769)	Prec@5 91.406 (89.349)
Epoch: [16][110/391], lr: 0.01000	Loss 1.2851 (1.1547)	Prec@1 68.750 (70.721)	Prec@5 89.062 (89.365)
Epoch: [16][120/391], lr: 0.01000	Loss 1.0886 (1.1562)	Prec@1 74.219 (70.648)	Prec@5 89.062 (89.398)
Epoch: [16][130/391], lr: 0.01000	Loss 1.1907 (1.1586)	Prec@1 67.969 (70.539)	Prec@5 88.281 (89.301)
Epoch: [16][140/391], lr: 0.01000	Loss 0.9246 (1.1573)	Prec@1 75.000 (70.606)	Prec@5 95.312 (89.279)
Epoch: [16][150/391], lr: 0.01000	Loss 1.0647 (1.1540)	Prec@1 75.000 (70.685)	Prec@5 87.500 (89.357)
Epoch: [16][160/391], lr: 0.01000	Loss 1.4516 (1.1576)	Prec@1 63.281 (70.604)	Prec@5 78.125 (89.257)
Epoch: [16][170/391], lr: 0.01000	Loss 0.9226 (1.1588)	Prec@1 78.125 (70.632)	Prec@5 92.969 (89.200)
Epoch: [16][180/391], lr: 0.01000	Loss 1.2499 (1.1568)	Prec@1 64.844 (70.697)	Prec@5 85.156 (89.235)
Epoch: [16][190/391], lr: 0.01000	Loss 1.3254 (1.1578)	Prec@1 64.062 (70.607)	Prec@5 91.406 (89.230)
Epoch: [16][200/391], lr: 0.01000	Loss 1.1392 (1.1563)	Prec@1 73.438 (70.701)	Prec@5 85.938 (89.269)
Epoch: [16][210/391], lr: 0.01000	Loss 1.3439 (1.1577)	Prec@1 67.188 (70.727)	Prec@5 89.062 (89.218)
Epoch: [16][220/391], lr: 0.01000	Loss 1.2698 (1.1599)	Prec@1 69.531 (70.684)	Prec@5 88.281 (89.200)
Epoch: [16][230/391], lr: 0.01000	Loss 0.9582 (1.1585)	Prec@1 74.219 (70.745)	Prec@5 92.969 (89.188)
Epoch: [16][240/391], lr: 0.01000	Loss 1.1795 (1.1554)	Prec@1 71.094 (70.864)	Prec@5 88.281 (89.231)
Epoch: [16][250/391], lr: 0.01000	Loss 1.3826 (1.1549)	Prec@1 66.406 (70.851)	Prec@5 88.281 (89.262)
Epoch: [16][260/391], lr: 0.01000	Loss 1.2982 (1.1565)	Prec@1 68.750 (70.803)	Prec@5 87.500 (89.260)
Epoch: [16][270/391], lr: 0.01000	Loss 1.1155 (1.1583)	Prec@1 71.875 (70.733)	Prec@5 88.281 (89.241)
Epoch: [16][280/391], lr: 0.01000	Loss 1.2297 (1.1586)	Prec@1 66.406 (70.716)	Prec@5 90.625 (89.224)
Epoch: [16][290/391], lr: 0.01000	Loss 1.1772 (1.1592)	Prec@1 71.875 (70.734)	Prec@5 89.062 (89.221)
Epoch: [16][300/391], lr: 0.01000	Loss 1.1951 (1.1583)	Prec@1 70.312 (70.762)	Prec@5 87.500 (89.216)
Epoch: [16][310/391], lr: 0.01000	Loss 1.0244 (1.1595)	Prec@1 76.562 (70.750)	Prec@5 92.188 (89.163)
Epoch: [16][320/391], lr: 0.01000	Loss 1.1335 (1.1574)	Prec@1 69.531 (70.799)	Prec@5 88.281 (89.206)
Epoch: [16][330/391], lr: 0.01000	Loss 1.0465 (1.1579)	Prec@1 73.438 (70.803)	Prec@5 90.625 (89.185)
Epoch: [16][340/391], lr: 0.01000	Loss 1.3531 (1.1584)	Prec@1 64.844 (70.791)	Prec@5 85.938 (89.140)
Epoch: [16][350/391], lr: 0.01000	Loss 0.9150 (1.1591)	Prec@1 79.688 (70.771)	Prec@5 93.750 (89.149)
Epoch: [16][360/391], lr: 0.01000	Loss 1.1380 (1.1600)	Prec@1 70.312 (70.754)	Prec@5 87.500 (89.132)
Epoch: [16][370/391], lr: 0.01000	Loss 1.2065 (1.1596)	Prec@1 70.312 (70.767)	Prec@5 87.500 (89.143)
Epoch: [16][380/391], lr: 0.01000	Loss 1.2421 (1.1582)	Prec@1 67.188 (70.809)	Prec@5 92.188 (89.183)
Epoch: [16][390/391], lr: 0.01000	Loss 1.3611 (1.1582)	Prec@1 65.000 (70.796)	Prec@5 85.000 (89.194)
Epoch [16] Training Results: Prec@1 70.796 Prec@5 89.194             Loss 1.15816
Epoch [16] Training Class Recall: [0.714,0.741,0.595,0.599,0.660,0.692,0.743,0.765,0.782,0.786]

Epoch: [17][0/391], lr: 0.01000	Loss 1.1655 (1.1655)	Prec@1 72.656 (72.656)	Prec@5 91.406 (91.406)
Epoch: [17][10/391], lr: 0.01000	Loss 1.1930 (1.1436)	Prec@1 67.188 (71.094)	Prec@5 89.062 (89.844)
Epoch: [17][20/391], lr: 0.01000	Loss 1.0999 (1.1502)	Prec@1 71.094 (70.759)	Prec@5 89.844 (89.881)
Epoch: [17][30/391], lr: 0.01000	Loss 1.2354 (1.1303)	Prec@1 66.406 (71.522)	Prec@5 89.844 (89.819)
Epoch: [17][40/391], lr: 0.01000	Loss 1.0197 (1.1393)	Prec@1 76.562 (71.246)	Prec@5 89.844 (89.710)
Epoch: [17][50/391], lr: 0.01000	Loss 1.0670 (1.1478)	Prec@1 70.312 (70.925)	Prec@5 91.406 (89.537)
Epoch: [17][60/391], lr: 0.01000	Loss 1.1420 (1.1520)	Prec@1 73.438 (70.902)	Prec@5 89.062 (89.408)
Epoch: [17][70/391], lr: 0.01000	Loss 1.1221 (1.1567)	Prec@1 72.656 (70.874)	Prec@5 89.844 (89.261)
Epoch: [17][80/391], lr: 0.01000	Loss 1.2993 (1.1481)	Prec@1 69.531 (71.142)	Prec@5 85.156 (89.410)
Epoch: [17][90/391], lr: 0.01000	Loss 1.1657 (1.1520)	Prec@1 69.531 (71.025)	Prec@5 87.500 (89.243)
Epoch: [17][100/391], lr: 0.01000	Loss 1.2159 (1.1530)	Prec@1 67.188 (71.001)	Prec@5 90.625 (89.271)
Epoch: [17][110/391], lr: 0.01000	Loss 1.2260 (1.1522)	Prec@1 67.188 (70.981)	Prec@5 89.062 (89.358)
Epoch: [17][120/391], lr: 0.01000	Loss 1.1908 (1.1490)	Prec@1 69.531 (71.055)	Prec@5 90.625 (89.405)
Epoch: [17][130/391], lr: 0.01000	Loss 1.0927 (1.1435)	Prec@1 70.312 (71.177)	Prec@5 89.062 (89.504)
Epoch: [17][140/391], lr: 0.01000	Loss 1.1065 (1.1387)	Prec@1 70.312 (71.338)	Prec@5 89.062 (89.461)
Epoch: [17][150/391], lr: 0.01000	Loss 1.2889 (1.1412)	Prec@1 67.969 (71.285)	Prec@5 86.719 (89.445)
Epoch: [17][160/391], lr: 0.01000	Loss 0.8612 (1.1396)	Prec@1 75.781 (71.312)	Prec@5 95.312 (89.460)
Epoch: [17][170/391], lr: 0.01000	Loss 1.2299 (1.1410)	Prec@1 67.188 (71.290)	Prec@5 88.281 (89.451)
Epoch: [17][180/391], lr: 0.01000	Loss 1.3634 (1.1383)	Prec@1 64.844 (71.387)	Prec@5 84.375 (89.494)
Epoch: [17][190/391], lr: 0.01000	Loss 1.4947 (1.1457)	Prec@1 58.594 (71.147)	Prec@5 85.938 (89.398)
Epoch: [17][200/391], lr: 0.01000	Loss 1.2685 (1.1485)	Prec@1 68.750 (71.020)	Prec@5 85.156 (89.393)
Epoch: [17][210/391], lr: 0.01000	Loss 1.0421 (1.1490)	Prec@1 74.219 (71.031)	Prec@5 92.188 (89.374)
Epoch: [17][220/391], lr: 0.01000	Loss 1.1929 (1.1496)	Prec@1 67.188 (70.984)	Prec@5 92.188 (89.367)
Epoch: [17][230/391], lr: 0.01000	Loss 1.0686 (1.1486)	Prec@1 75.000 (71.029)	Prec@5 91.406 (89.394)
Epoch: [17][240/391], lr: 0.01000	Loss 1.0896 (1.1512)	Prec@1 69.531 (70.932)	Prec@5 91.406 (89.390)
Epoch: [17][250/391], lr: 0.01000	Loss 1.3085 (1.1555)	Prec@1 68.750 (70.839)	Prec@5 86.719 (89.308)
Epoch: [17][260/391], lr: 0.01000	Loss 0.8795 (1.1545)	Prec@1 79.688 (70.881)	Prec@5 90.625 (89.302)
Epoch: [17][270/391], lr: 0.01000	Loss 1.0103 (1.1521)	Prec@1 75.000 (70.958)	Prec@5 92.188 (89.319)
Epoch: [17][280/391], lr: 0.01000	Loss 1.1416 (1.1528)	Prec@1 72.656 (70.935)	Prec@5 91.406 (89.315)
Epoch: [17][290/391], lr: 0.01000	Loss 1.2346 (1.1528)	Prec@1 66.406 (70.911)	Prec@5 87.500 (89.301)
Epoch: [17][300/391], lr: 0.01000	Loss 1.2715 (1.1545)	Prec@1 67.969 (70.868)	Prec@5 88.281 (89.273)
Epoch: [17][310/391], lr: 0.01000	Loss 1.2581 (1.1545)	Prec@1 67.188 (70.870)	Prec@5 85.938 (89.299)
Epoch: [17][320/391], lr: 0.01000	Loss 1.3641 (1.1552)	Prec@1 62.500 (70.853)	Prec@5 84.375 (89.311)
Epoch: [17][330/391], lr: 0.01000	Loss 1.2563 (1.1554)	Prec@1 65.625 (70.851)	Prec@5 91.406 (89.296)
Epoch: [17][340/391], lr: 0.01000	Loss 1.1081 (1.1552)	Prec@1 74.219 (70.867)	Prec@5 89.062 (89.285)
Epoch: [17][350/391], lr: 0.01000	Loss 1.1660 (1.1553)	Prec@1 73.438 (70.871)	Prec@5 85.156 (89.274)
Epoch: [17][360/391], lr: 0.01000	Loss 1.0495 (1.1553)	Prec@1 74.219 (70.875)	Prec@5 92.969 (89.285)
Epoch: [17][370/391], lr: 0.01000	Loss 1.0318 (1.1542)	Prec@1 75.000 (70.929)	Prec@5 94.531 (89.330)
Epoch: [17][380/391], lr: 0.01000	Loss 1.1616 (1.1542)	Prec@1 71.875 (70.944)	Prec@5 82.031 (89.280)
Epoch: [17][390/391], lr: 0.01000	Loss 1.1110 (1.1542)	Prec@1 71.250 (70.942)	Prec@5 90.000 (89.252)
Epoch [17] Training Results: Prec@1 70.942 Prec@5 89.252             Loss 1.15415
Epoch [17] Training Class Recall: [0.714,0.741,0.595,0.608,0.669,0.691,0.746,0.764,0.779,0.785]

Epoch: [18][0/391], lr: 0.01000	Loss 1.3697 (1.3697)	Prec@1 67.188 (67.188)	Prec@5 79.688 (79.688)
Epoch: [18][10/391], lr: 0.01000	Loss 0.9340 (1.0980)	Prec@1 79.688 (72.159)	Prec@5 91.406 (90.057)
Epoch: [18][20/391], lr: 0.01000	Loss 1.1481 (1.1100)	Prec@1 72.656 (72.656)	Prec@5 91.406 (89.993)
Epoch: [18][30/391], lr: 0.01000	Loss 1.0772 (1.1087)	Prec@1 75.000 (72.505)	Prec@5 92.188 (90.600)
Epoch: [18][40/391], lr: 0.01000	Loss 1.0751 (1.1209)	Prec@1 73.438 (72.294)	Prec@5 93.750 (90.206)
Epoch: [18][50/391], lr: 0.01000	Loss 1.0820 (1.1184)	Prec@1 74.219 (72.304)	Prec@5 90.625 (90.165)
Epoch: [18][60/391], lr: 0.01000	Loss 1.0958 (1.1195)	Prec@1 74.219 (72.259)	Prec@5 90.625 (90.100)
Epoch: [18][70/391], lr: 0.01000	Loss 1.1877 (1.1236)	Prec@1 71.094 (72.117)	Prec@5 87.500 (89.921)
Epoch: [18][80/391], lr: 0.01000	Loss 1.0776 (1.1157)	Prec@1 72.656 (72.174)	Prec@5 93.750 (90.027)
Epoch: [18][90/391], lr: 0.01000	Loss 1.2572 (1.1242)	Prec@1 67.188 (71.884)	Prec@5 89.844 (89.852)
Epoch: [18][100/391], lr: 0.01000	Loss 1.0415 (1.1271)	Prec@1 74.219 (71.836)	Prec@5 89.844 (89.751)
Epoch: [18][110/391], lr: 0.01000	Loss 1.1869 (1.1304)	Prec@1 69.531 (71.755)	Prec@5 90.625 (89.780)
Epoch: [18][120/391], lr: 0.01000	Loss 0.9922 (1.1297)	Prec@1 74.219 (71.733)	Prec@5 95.312 (89.831)
Epoch: [18][130/391], lr: 0.01000	Loss 0.9003 (1.1347)	Prec@1 78.906 (71.517)	Prec@5 95.312 (89.796)
Epoch: [18][140/391], lr: 0.01000	Loss 1.0921 (1.1365)	Prec@1 75.781 (71.509)	Prec@5 89.844 (89.761)
Epoch: [18][150/391], lr: 0.01000	Loss 0.9223 (1.1355)	Prec@1 80.469 (71.559)	Prec@5 93.750 (89.771)
Epoch: [18][160/391], lr: 0.01000	Loss 1.1680 (1.1344)	Prec@1 74.219 (71.579)	Prec@5 87.500 (89.747)
Epoch: [18][170/391], lr: 0.01000	Loss 1.1754 (1.1348)	Prec@1 68.750 (71.587)	Prec@5 85.156 (89.666)
Epoch: [18][180/391], lr: 0.01000	Loss 1.2840 (1.1362)	Prec@1 65.625 (71.530)	Prec@5 86.719 (89.654)
Epoch: [18][190/391], lr: 0.01000	Loss 0.8372 (1.1336)	Prec@1 82.031 (71.613)	Prec@5 92.188 (89.680)
Epoch: [18][200/391], lr: 0.01000	Loss 1.1262 (1.1383)	Prec@1 71.094 (71.564)	Prec@5 92.188 (89.611)
Epoch: [18][210/391], lr: 0.01000	Loss 1.1837 (1.1376)	Prec@1 71.094 (71.586)	Prec@5 85.938 (89.636)
Epoch: [18][220/391], lr: 0.01000	Loss 1.1673 (1.1387)	Prec@1 70.312 (71.578)	Prec@5 91.406 (89.656)
Epoch: [18][230/391], lr: 0.01000	Loss 1.3021 (1.1401)	Prec@1 67.969 (71.517)	Prec@5 83.594 (89.566)
Epoch: [18][240/391], lr: 0.01000	Loss 1.2160 (1.1410)	Prec@1 71.094 (71.496)	Prec@5 87.500 (89.494)
Epoch: [18][250/391], lr: 0.01000	Loss 1.0044 (1.1434)	Prec@1 75.781 (71.445)	Prec@5 92.969 (89.427)
Epoch: [18][260/391], lr: 0.01000	Loss 1.2226 (1.1440)	Prec@1 70.312 (71.429)	Prec@5 86.719 (89.425)
Epoch: [18][270/391], lr: 0.01000	Loss 1.0231 (1.1431)	Prec@1 75.781 (71.454)	Prec@5 94.531 (89.426)
Epoch: [18][280/391], lr: 0.01000	Loss 0.9607 (1.1440)	Prec@1 74.219 (71.413)	Prec@5 96.094 (89.410)
Epoch: [18][290/391], lr: 0.01000	Loss 1.1395 (1.1447)	Prec@1 69.531 (71.424)	Prec@5 90.625 (89.406)
Epoch: [18][300/391], lr: 0.01000	Loss 1.3513 (1.1452)	Prec@1 64.844 (71.421)	Prec@5 86.719 (89.410)
Epoch: [18][310/391], lr: 0.01000	Loss 1.1907 (1.1469)	Prec@1 68.750 (71.368)	Prec@5 92.188 (89.409)
Epoch: [18][320/391], lr: 0.01000	Loss 1.2277 (1.1459)	Prec@1 69.531 (71.417)	Prec@5 89.844 (89.423)
Epoch: [18][330/391], lr: 0.01000	Loss 1.1479 (1.1472)	Prec@1 73.438 (71.389)	Prec@5 89.844 (89.398)
Epoch: [18][340/391], lr: 0.01000	Loss 1.1372 (1.1475)	Prec@1 71.094 (71.389)	Prec@5 90.625 (89.392)
Epoch: [18][350/391], lr: 0.01000	Loss 1.0095 (1.1475)	Prec@1 71.875 (71.372)	Prec@5 92.969 (89.385)
Epoch: [18][360/391], lr: 0.01000	Loss 1.2026 (1.1480)	Prec@1 67.969 (71.338)	Prec@5 91.406 (89.363)
Epoch: [18][370/391], lr: 0.01000	Loss 1.1974 (1.1483)	Prec@1 71.875 (71.323)	Prec@5 85.156 (89.349)
Epoch: [18][380/391], lr: 0.01000	Loss 1.2408 (1.1489)	Prec@1 70.312 (71.311)	Prec@5 86.719 (89.315)
Epoch: [18][390/391], lr: 0.01000	Loss 1.2971 (1.1487)	Prec@1 66.250 (71.314)	Prec@5 83.750 (89.310)
Epoch [18] Training Results: Prec@1 71.314 Prec@5 89.310             Loss 1.14874
Epoch [18] Training Class Recall: [0.719,0.739,0.602,0.627,0.669,0.699,0.745,0.766,0.780,0.783]

Epoch: [19][0/391], lr: 0.01000	Loss 1.0094 (1.0094)	Prec@1 77.344 (77.344)	Prec@5 93.750 (93.750)
Epoch: [19][10/391], lr: 0.01000	Loss 0.9021 (1.0888)	Prec@1 78.125 (72.301)	Prec@5 95.312 (90.483)
Epoch: [19][20/391], lr: 0.01000	Loss 1.2689 (1.0926)	Prec@1 69.531 (72.805)	Prec@5 90.625 (90.402)
Epoch: [19][30/391], lr: 0.01000	Loss 1.4796 (1.1302)	Prec@1 62.500 (72.001)	Prec@5 84.375 (89.768)
Epoch: [19][40/391], lr: 0.01000	Loss 0.9793 (1.1200)	Prec@1 76.562 (72.180)	Prec@5 93.750 (89.863)
Epoch: [19][50/391], lr: 0.01000	Loss 0.9050 (1.1228)	Prec@1 78.125 (72.074)	Prec@5 93.750 (89.660)
Epoch: [19][60/391], lr: 0.01000	Loss 1.1658 (1.1175)	Prec@1 72.656 (72.336)	Prec@5 85.156 (89.626)
Epoch: [19][70/391], lr: 0.01000	Loss 1.1696 (1.1225)	Prec@1 70.312 (72.161)	Prec@5 89.844 (89.613)
Epoch: [19][80/391], lr: 0.01000	Loss 1.1218 (1.1296)	Prec@1 70.312 (71.962)	Prec@5 91.406 (89.564)
Epoch: [19][90/391], lr: 0.01000	Loss 1.1582 (1.1303)	Prec@1 72.656 (71.995)	Prec@5 90.625 (89.483)
Epoch: [19][100/391], lr: 0.01000	Loss 1.2137 (1.1322)	Prec@1 68.750 (71.813)	Prec@5 85.938 (89.519)
Epoch: [19][110/391], lr: 0.01000	Loss 1.0823 (1.1355)	Prec@1 75.000 (71.650)	Prec@5 88.281 (89.534)
Epoch: [19][120/391], lr: 0.01000	Loss 1.2803 (1.1344)	Prec@1 66.406 (71.688)	Prec@5 91.406 (89.540)
Epoch: [19][130/391], lr: 0.01000	Loss 1.0095 (1.1355)	Prec@1 74.219 (71.678)	Prec@5 92.969 (89.569)
Epoch: [19][140/391], lr: 0.01000	Loss 0.9057 (1.1350)	Prec@1 80.469 (71.709)	Prec@5 91.406 (89.533)
Epoch: [19][150/391], lr: 0.01000	Loss 1.1632 (1.1364)	Prec@1 69.531 (71.684)	Prec@5 86.719 (89.445)
Epoch: [19][160/391], lr: 0.01000	Loss 1.0185 (1.1325)	Prec@1 77.344 (71.768)	Prec@5 88.281 (89.490)
Epoch: [19][170/391], lr: 0.01000	Loss 1.3539 (1.1319)	Prec@1 68.750 (71.843)	Prec@5 83.594 (89.524)
Epoch: [19][180/391], lr: 0.01000	Loss 1.1805 (1.1312)	Prec@1 68.750 (71.871)	Prec@5 89.062 (89.580)
Epoch: [19][190/391], lr: 0.01000	Loss 1.0902 (1.1282)	Prec@1 72.656 (71.895)	Prec@5 89.844 (89.639)
Epoch: [19][200/391], lr: 0.01000	Loss 1.1966 (1.1321)	Prec@1 66.406 (71.778)	Prec@5 91.406 (89.576)
Epoch: [19][210/391], lr: 0.01000	Loss 1.0549 (1.1347)	Prec@1 72.656 (71.679)	Prec@5 91.406 (89.525)
Epoch: [19][220/391], lr: 0.01000	Loss 1.2829 (1.1306)	Prec@1 65.625 (71.804)	Prec@5 88.281 (89.593)
Epoch: [19][230/391], lr: 0.01000	Loss 0.9762 (1.1320)	Prec@1 75.000 (71.807)	Prec@5 93.750 (89.502)
Epoch: [19][240/391], lr: 0.01000	Loss 1.2085 (1.1329)	Prec@1 67.188 (71.749)	Prec@5 89.062 (89.497)
Epoch: [19][250/391], lr: 0.01000	Loss 1.2676 (1.1316)	Prec@1 67.188 (71.751)	Prec@5 87.500 (89.523)
Epoch: [19][260/391], lr: 0.01000	Loss 1.1230 (1.1336)	Prec@1 71.094 (71.674)	Prec@5 92.188 (89.491)
Epoch: [19][270/391], lr: 0.01000	Loss 1.2327 (1.1340)	Prec@1 67.969 (71.665)	Prec@5 88.281 (89.475)
Epoch: [19][280/391], lr: 0.01000	Loss 1.1150 (1.1321)	Prec@1 71.875 (71.755)	Prec@5 88.281 (89.502)
Epoch: [19][290/391], lr: 0.01000	Loss 1.1486 (1.1326)	Prec@1 67.969 (71.725)	Prec@5 91.406 (89.516)
Epoch: [19][300/391], lr: 0.01000	Loss 1.3377 (1.1341)	Prec@1 66.406 (71.675)	Prec@5 83.594 (89.475)
Epoch: [19][310/391], lr: 0.01000	Loss 1.4126 (1.1359)	Prec@1 60.938 (71.584)	Prec@5 85.156 (89.427)
Epoch: [19][320/391], lr: 0.01000	Loss 1.2288 (1.1368)	Prec@1 69.531 (71.566)	Prec@5 87.500 (89.403)
Epoch: [19][330/391], lr: 0.01000	Loss 1.0410 (1.1366)	Prec@1 73.438 (71.554)	Prec@5 89.844 (89.421)
Epoch: [19][340/391], lr: 0.01000	Loss 0.8835 (1.1348)	Prec@1 79.688 (71.612)	Prec@5 93.750 (89.427)
Epoch: [19][350/391], lr: 0.01000	Loss 0.9703 (1.1376)	Prec@1 76.562 (71.510)	Prec@5 92.188 (89.390)
Epoch: [19][360/391], lr: 0.01000	Loss 1.2304 (1.1389)	Prec@1 70.312 (71.477)	Prec@5 88.281 (89.350)
Epoch: [19][370/391], lr: 0.01000	Loss 1.1169 (1.1385)	Prec@1 74.219 (71.513)	Prec@5 86.719 (89.332)
Epoch: [19][380/391], lr: 0.01000	Loss 1.1523 (1.1398)	Prec@1 69.531 (71.453)	Prec@5 89.844 (89.327)
Epoch: [19][390/391], lr: 0.01000	Loss 1.1828 (1.1404)	Prec@1 72.500 (71.442)	Prec@5 91.250 (89.312)
Epoch [19] Training Results: Prec@1 71.442 Prec@5 89.312             Loss 1.14036
Epoch [19] Training Class Recall: [0.722,0.744,0.605,0.617,0.673,0.699,0.749,0.763,0.780,0.790]

Epoch: [20][0/391], lr: 0.01000	Loss 1.3249 (1.3249)	Prec@1 67.188 (67.188)	Prec@5 86.719 (86.719)
Epoch: [20][10/391], lr: 0.01000	Loss 1.2649 (1.1480)	Prec@1 67.188 (71.662)	Prec@5 86.719 (88.920)
Epoch: [20][20/391], lr: 0.01000	Loss 1.2223 (1.1015)	Prec@1 68.750 (72.768)	Prec@5 88.281 (90.216)
Epoch: [20][30/391], lr: 0.01000	Loss 1.1543 (1.1033)	Prec@1 71.094 (72.833)	Prec@5 88.281 (89.970)
Epoch: [20][40/391], lr: 0.01000	Loss 1.1478 (1.1296)	Prec@1 70.312 (72.142)	Prec@5 89.062 (89.348)
Epoch: [20][50/391], lr: 0.01000	Loss 1.1049 (1.1288)	Prec@1 72.656 (72.227)	Prec@5 92.188 (89.522)
Epoch: [20][60/391], lr: 0.01000	Loss 1.2564 (1.1388)	Prec@1 68.750 (72.067)	Prec@5 85.938 (89.293)
Epoch: [20][70/391], lr: 0.01000	Loss 1.0988 (1.1353)	Prec@1 73.438 (72.139)	Prec@5 89.062 (89.250)
Epoch: [20][80/391], lr: 0.01000	Loss 1.3012 (1.1456)	Prec@1 68.750 (71.807)	Prec@5 87.500 (89.120)
Epoch: [20][90/391], lr: 0.01000	Loss 1.0903 (1.1472)	Prec@1 74.219 (71.729)	Prec@5 92.188 (89.200)
Epoch: [20][100/391], lr: 0.01000	Loss 1.1465 (1.1482)	Prec@1 70.312 (71.550)	Prec@5 89.062 (89.240)
Epoch: [20][110/391], lr: 0.01000	Loss 1.2047 (1.1424)	Prec@1 67.969 (71.678)	Prec@5 92.188 (89.344)
Epoch: [20][120/391], lr: 0.01000	Loss 1.1224 (1.1417)	Prec@1 71.094 (71.714)	Prec@5 93.750 (89.321)
Epoch: [20][130/391], lr: 0.01000	Loss 1.0652 (1.1389)	Prec@1 71.875 (71.732)	Prec@5 89.844 (89.349)
Epoch: [20][140/391], lr: 0.01000	Loss 0.8844 (1.1366)	Prec@1 80.469 (71.803)	Prec@5 92.969 (89.400)
Epoch: [20][150/391], lr: 0.01000	Loss 0.9890 (1.1348)	Prec@1 73.438 (71.839)	Prec@5 90.625 (89.347)
Epoch: [20][160/391], lr: 0.01000	Loss 1.1170 (1.1365)	Prec@1 75.000 (71.841)	Prec@5 89.844 (89.354)
Epoch: [20][170/391], lr: 0.01000	Loss 1.0936 (1.1324)	Prec@1 71.875 (71.962)	Prec@5 90.625 (89.442)
Epoch: [20][180/391], lr: 0.01000	Loss 1.2145 (1.1322)	Prec@1 67.188 (71.966)	Prec@5 88.281 (89.373)
Epoch: [20][190/391], lr: 0.01000	Loss 1.3112 (1.1348)	Prec@1 65.625 (71.875)	Prec@5 89.062 (89.320)
Epoch: [20][200/391], lr: 0.01000	Loss 1.1650 (1.1342)	Prec@1 71.875 (71.902)	Prec@5 89.062 (89.366)
Epoch: [20][210/391], lr: 0.01000	Loss 1.2466 (1.1335)	Prec@1 67.188 (71.916)	Prec@5 91.406 (89.407)
Epoch: [20][220/391], lr: 0.01000	Loss 1.3583 (1.1356)	Prec@1 63.281 (71.833)	Prec@5 87.500 (89.388)
Epoch: [20][230/391], lr: 0.01000	Loss 1.0570 (1.1365)	Prec@1 78.125 (71.855)	Prec@5 85.156 (89.309)
Epoch: [20][240/391], lr: 0.01000	Loss 1.1677 (1.1351)	Prec@1 71.875 (71.933)	Prec@5 89.062 (89.332)
Epoch: [20][250/391], lr: 0.01000	Loss 1.1474 (1.1378)	Prec@1 71.094 (71.859)	Prec@5 89.062 (89.312)
Epoch: [20][260/391], lr: 0.01000	Loss 1.5764 (1.1414)	Prec@1 59.375 (71.776)	Prec@5 78.125 (89.212)
Epoch: [20][270/391], lr: 0.01000	Loss 1.2600 (1.1386)	Prec@1 65.625 (71.820)	Prec@5 89.844 (89.308)
Epoch: [20][280/391], lr: 0.01000	Loss 1.0742 (1.1373)	Prec@1 71.094 (71.819)	Prec@5 89.844 (89.332)
Epoch: [20][290/391], lr: 0.01000	Loss 0.9982 (1.1380)	Prec@1 78.125 (71.803)	Prec@5 94.531 (89.352)
Epoch: [20][300/391], lr: 0.01000	Loss 1.1086 (1.1372)	Prec@1 75.000 (71.839)	Prec@5 89.844 (89.345)
Epoch: [20][310/391], lr: 0.01000	Loss 1.2966 (1.1375)	Prec@1 67.188 (71.842)	Prec@5 87.500 (89.344)
Epoch: [20][320/391], lr: 0.01000	Loss 1.1393 (1.1371)	Prec@1 71.875 (71.846)	Prec@5 88.281 (89.364)
Epoch: [20][330/391], lr: 0.01000	Loss 1.3114 (1.1377)	Prec@1 66.406 (71.811)	Prec@5 86.719 (89.346)
Epoch: [20][340/391], lr: 0.01000	Loss 1.1475 (1.1380)	Prec@1 71.094 (71.790)	Prec@5 89.844 (89.383)
Epoch: [20][350/391], lr: 0.01000	Loss 1.0698 (1.1368)	Prec@1 75.000 (71.844)	Prec@5 90.625 (89.410)
Epoch: [20][360/391], lr: 0.01000	Loss 1.1612 (1.1363)	Prec@1 71.094 (71.864)	Prec@5 88.281 (89.396)
Epoch: [20][370/391], lr: 0.01000	Loss 1.0023 (1.1358)	Prec@1 75.781 (71.879)	Prec@5 89.844 (89.427)
Epoch: [20][380/391], lr: 0.01000	Loss 1.0850 (1.1358)	Prec@1 72.656 (71.898)	Prec@5 91.406 (89.425)
Epoch: [20][390/391], lr: 0.01000	Loss 1.0902 (1.1364)	Prec@1 73.750 (71.902)	Prec@5 88.750 (89.410)
Epoch [20] Training Results: Prec@1 71.902 Prec@5 89.410             Loss 1.13643
Epoch [20] Training Class Recall: [0.723,0.743,0.611,0.633,0.680,0.712,0.751,0.767,0.783,0.786]

Epoch: [21][0/391], lr: 0.01000	Loss 0.9258 (0.9258)	Prec@1 77.344 (77.344)	Prec@5 94.531 (94.531)
Epoch: [21][10/391], lr: 0.01000	Loss 1.0355 (1.0954)	Prec@1 75.000 (73.580)	Prec@5 89.062 (89.560)
Epoch: [21][20/391], lr: 0.01000	Loss 0.9106 (1.0847)	Prec@1 75.000 (73.028)	Prec@5 94.531 (90.104)
Epoch: [21][30/391], lr: 0.01000	Loss 1.0501 (1.0962)	Prec@1 74.219 (72.833)	Prec@5 92.969 (90.096)
Epoch: [21][40/391], lr: 0.01000	Loss 1.1483 (1.1124)	Prec@1 73.438 (72.428)	Prec@5 85.938 (89.748)
Epoch: [21][50/391], lr: 0.01000	Loss 1.0452 (1.1107)	Prec@1 75.000 (72.488)	Prec@5 88.281 (89.629)
Epoch: [21][60/391], lr: 0.01000	Loss 1.0694 (1.1045)	Prec@1 72.656 (72.695)	Prec@5 93.750 (89.690)
Epoch: [21][70/391], lr: 0.01000	Loss 1.2475 (1.1044)	Prec@1 68.750 (72.656)	Prec@5 86.719 (89.811)
Epoch: [21][80/391], lr: 0.01000	Loss 1.1236 (1.1033)	Prec@1 67.969 (72.676)	Prec@5 90.625 (89.824)
Epoch: [21][90/391], lr: 0.01000	Loss 1.0593 (1.1082)	Prec@1 75.781 (72.579)	Prec@5 90.625 (89.715)
Epoch: [21][100/391], lr: 0.01000	Loss 1.0236 (1.1071)	Prec@1 73.438 (72.625)	Prec@5 93.750 (89.728)
Epoch: [21][110/391], lr: 0.01000	Loss 1.0538 (1.1109)	Prec@1 71.875 (72.438)	Prec@5 92.969 (89.809)
Epoch: [21][120/391], lr: 0.01000	Loss 1.1518 (1.1075)	Prec@1 70.312 (72.534)	Prec@5 90.625 (89.902)
Epoch: [21][130/391], lr: 0.01000	Loss 1.0548 (1.1144)	Prec@1 72.656 (72.310)	Prec@5 92.188 (89.802)
Epoch: [21][140/391], lr: 0.01000	Loss 1.0011 (1.1178)	Prec@1 76.562 (72.219)	Prec@5 89.062 (89.700)
Epoch: [21][150/391], lr: 0.01000	Loss 1.0629 (1.1231)	Prec@1 75.000 (72.061)	Prec@5 89.062 (89.580)
Epoch: [21][160/391], lr: 0.01000	Loss 1.2227 (1.1237)	Prec@1 67.969 (72.016)	Prec@5 87.500 (89.543)
Epoch: [21][170/391], lr: 0.01000	Loss 1.1282 (1.1251)	Prec@1 71.094 (71.976)	Prec@5 88.281 (89.529)
Epoch: [21][180/391], lr: 0.01000	Loss 1.1340 (1.1260)	Prec@1 70.312 (71.905)	Prec@5 87.500 (89.438)
Epoch: [21][190/391], lr: 0.01000	Loss 1.0847 (1.1276)	Prec@1 70.312 (71.801)	Prec@5 91.406 (89.504)
Epoch: [21][200/391], lr: 0.01000	Loss 0.8848 (1.1250)	Prec@1 81.250 (71.902)	Prec@5 91.406 (89.529)
Epoch: [21][210/391], lr: 0.01000	Loss 1.2711 (1.1284)	Prec@1 67.188 (71.856)	Prec@5 89.062 (89.488)
Epoch: [21][220/391], lr: 0.01000	Loss 0.8969 (1.1291)	Prec@1 78.906 (71.833)	Prec@5 93.750 (89.465)
Epoch: [21][230/391], lr: 0.01000	Loss 1.1478 (1.1286)	Prec@1 69.531 (71.861)	Prec@5 85.938 (89.438)
Epoch: [21][240/391], lr: 0.01000	Loss 1.1423 (1.1259)	Prec@1 72.656 (71.933)	Prec@5 88.281 (89.481)
Epoch: [21][250/391], lr: 0.01000	Loss 0.9492 (1.1271)	Prec@1 71.875 (71.856)	Prec@5 96.094 (89.464)
Epoch: [21][260/391], lr: 0.01000	Loss 1.1208 (1.1263)	Prec@1 71.875 (71.884)	Prec@5 90.625 (89.479)
Epoch: [21][270/391], lr: 0.01000	Loss 1.1571 (1.1253)	Prec@1 71.094 (71.927)	Prec@5 89.062 (89.504)
Epoch: [21][280/391], lr: 0.01000	Loss 0.8556 (1.1250)	Prec@1 78.906 (71.939)	Prec@5 93.750 (89.513)
Epoch: [21][290/391], lr: 0.01000	Loss 1.0385 (1.1240)	Prec@1 75.000 (71.961)	Prec@5 90.625 (89.503)
Epoch: [21][300/391], lr: 0.01000	Loss 1.0797 (1.1241)	Prec@1 76.562 (71.987)	Prec@5 91.406 (89.540)
Epoch: [21][310/391], lr: 0.01000	Loss 0.9052 (1.1231)	Prec@1 78.906 (72.016)	Prec@5 92.188 (89.537)
Epoch: [21][320/391], lr: 0.01000	Loss 1.2103 (1.1263)	Prec@1 69.531 (71.892)	Prec@5 86.719 (89.484)
Epoch: [21][330/391], lr: 0.01000	Loss 1.1223 (1.1282)	Prec@1 75.000 (71.821)	Prec@5 88.281 (89.443)
Epoch: [21][340/391], lr: 0.01000	Loss 1.1381 (1.1297)	Prec@1 71.875 (71.788)	Prec@5 89.062 (89.420)
Epoch: [21][350/391], lr: 0.01000	Loss 1.2468 (1.1302)	Prec@1 70.312 (71.790)	Prec@5 85.156 (89.381)
Epoch: [21][360/391], lr: 0.01000	Loss 0.9826 (1.1315)	Prec@1 82.031 (71.778)	Prec@5 91.406 (89.391)
Epoch: [21][370/391], lr: 0.01000	Loss 1.0067 (1.1309)	Prec@1 76.562 (71.814)	Prec@5 92.969 (89.423)
Epoch: [21][380/391], lr: 0.01000	Loss 1.2729 (1.1307)	Prec@1 65.625 (71.830)	Prec@5 85.156 (89.423)
Epoch: [21][390/391], lr: 0.01000	Loss 0.7699 (1.1309)	Prec@1 85.000 (71.822)	Prec@5 92.500 (89.410)
Epoch [21] Training Results: Prec@1 71.822 Prec@5 89.410             Loss 1.13093
Epoch [21] Training Class Recall: [0.722,0.743,0.623,0.622,0.673,0.708,0.748,0.770,0.784,0.789]

Epoch: [22][0/391], lr: 0.01000	Loss 1.3970 (1.3970)	Prec@1 65.625 (65.625)	Prec@5 85.938 (85.938)
Epoch: [22][10/391], lr: 0.01000	Loss 1.2775 (1.1868)	Prec@1 67.188 (70.455)	Prec@5 87.500 (88.565)
Epoch: [22][20/391], lr: 0.01000	Loss 0.8476 (1.1365)	Prec@1 80.469 (71.726)	Prec@5 92.969 (88.951)
Epoch: [22][30/391], lr: 0.01000	Loss 1.1897 (1.1331)	Prec@1 70.312 (72.177)	Prec@5 90.625 (88.962)
Epoch: [22][40/391], lr: 0.01000	Loss 1.1319 (1.1334)	Prec@1 69.531 (71.951)	Prec@5 90.625 (89.196)
Epoch: [22][50/391], lr: 0.01000	Loss 1.3218 (1.1354)	Prec@1 60.938 (71.661)	Prec@5 91.406 (89.200)
Epoch: [22][60/391], lr: 0.01000	Loss 1.1784 (1.1334)	Prec@1 68.750 (71.760)	Prec@5 91.406 (89.293)
Epoch: [22][70/391], lr: 0.01000	Loss 1.1274 (1.1327)	Prec@1 72.656 (71.985)	Prec@5 85.938 (89.283)
Epoch: [22][80/391], lr: 0.01000	Loss 1.0621 (1.1264)	Prec@1 75.000 (72.155)	Prec@5 84.375 (89.304)
Epoch: [22][90/391], lr: 0.01000	Loss 1.0838 (1.1256)	Prec@1 76.562 (72.115)	Prec@5 89.844 (89.423)
Epoch: [22][100/391], lr: 0.01000	Loss 1.1852 (1.1283)	Prec@1 67.969 (72.061)	Prec@5 89.062 (89.364)
Epoch: [22][110/391], lr: 0.01000	Loss 1.1134 (1.1292)	Prec@1 72.656 (72.093)	Prec@5 89.844 (89.379)
Epoch: [22][120/391], lr: 0.01000	Loss 0.9327 (1.1238)	Prec@1 78.906 (72.327)	Prec@5 92.969 (89.443)
Epoch: [22][130/391], lr: 0.01000	Loss 0.8723 (1.1259)	Prec@1 80.469 (72.239)	Prec@5 92.188 (89.492)
Epoch: [22][140/391], lr: 0.01000	Loss 1.2531 (1.1292)	Prec@1 70.312 (72.152)	Prec@5 85.156 (89.406)
Epoch: [22][150/391], lr: 0.01000	Loss 1.2716 (1.1284)	Prec@1 67.969 (72.237)	Prec@5 88.281 (89.404)
Epoch: [22][160/391], lr: 0.01000	Loss 0.8303 (1.1267)	Prec@1 78.906 (72.307)	Prec@5 89.844 (89.354)
Epoch: [22][170/391], lr: 0.01000	Loss 1.2727 (1.1274)	Prec@1 67.188 (72.282)	Prec@5 84.375 (89.350)
Epoch: [22][180/391], lr: 0.01000	Loss 1.2103 (1.1257)	Prec@1 67.188 (72.311)	Prec@5 92.969 (89.391)
Epoch: [22][190/391], lr: 0.01000	Loss 1.1331 (1.1252)	Prec@1 71.094 (72.296)	Prec@5 90.625 (89.451)
Epoch: [22][200/391], lr: 0.01000	Loss 1.1868 (1.1251)	Prec@1 71.875 (72.314)	Prec@5 85.938 (89.405)
Epoch: [22][210/391], lr: 0.01000	Loss 1.2208 (1.1235)	Prec@1 70.312 (72.412)	Prec@5 86.719 (89.429)
Epoch: [22][220/391], lr: 0.01000	Loss 1.2448 (1.1247)	Prec@1 65.625 (72.373)	Prec@5 90.625 (89.416)
Epoch: [22][230/391], lr: 0.01000	Loss 1.1689 (1.1281)	Prec@1 72.656 (72.261)	Prec@5 88.281 (89.394)
Epoch: [22][240/391], lr: 0.01000	Loss 1.1071 (1.1276)	Prec@1 73.438 (72.283)	Prec@5 90.625 (89.357)
Epoch: [22][250/391], lr: 0.01000	Loss 1.0476 (1.1287)	Prec@1 76.562 (72.211)	Prec@5 89.062 (89.327)
Epoch: [22][260/391], lr: 0.01000	Loss 1.0374 (1.1303)	Prec@1 74.219 (72.186)	Prec@5 93.750 (89.293)
Epoch: [22][270/391], lr: 0.01000	Loss 1.1422 (1.1282)	Prec@1 71.875 (72.276)	Prec@5 88.281 (89.290)
Epoch: [22][280/391], lr: 0.01000	Loss 0.8938 (1.1274)	Prec@1 78.906 (72.289)	Prec@5 90.625 (89.304)
Epoch: [22][290/391], lr: 0.01000	Loss 1.2416 (1.1276)	Prec@1 69.531 (72.280)	Prec@5 87.500 (89.304)
Epoch: [22][300/391], lr: 0.01000	Loss 1.2352 (1.1272)	Prec@1 66.406 (72.280)	Prec@5 89.062 (89.304)
Epoch: [22][310/391], lr: 0.01000	Loss 1.1315 (1.1270)	Prec@1 74.219 (72.322)	Prec@5 85.938 (89.274)
Epoch: [22][320/391], lr: 0.01000	Loss 0.9789 (1.1262)	Prec@1 78.125 (72.362)	Prec@5 88.281 (89.243)
Epoch: [22][330/391], lr: 0.01000	Loss 1.4469 (1.1267)	Prec@1 63.281 (72.342)	Prec@5 89.062 (89.214)
Epoch: [22][340/391], lr: 0.01000	Loss 1.1494 (1.1257)	Prec@1 71.094 (72.370)	Prec@5 83.594 (89.232)
Epoch: [22][350/391], lr: 0.01000	Loss 1.0239 (1.1265)	Prec@1 75.000 (72.334)	Prec@5 90.625 (89.245)
Epoch: [22][360/391], lr: 0.01000	Loss 1.3933 (1.1286)	Prec@1 67.188 (72.280)	Prec@5 84.375 (89.225)
Epoch: [22][370/391], lr: 0.01000	Loss 0.9826 (1.1269)	Prec@1 73.438 (72.338)	Prec@5 91.406 (89.246)
Epoch: [22][380/391], lr: 0.01000	Loss 1.1433 (1.1251)	Prec@1 71.875 (72.390)	Prec@5 88.281 (89.292)
Epoch: [22][390/391], lr: 0.01000	Loss 1.0201 (1.1257)	Prec@1 76.250 (72.376)	Prec@5 88.750 (89.256)
Epoch [22] Training Results: Prec@1 72.376 Prec@5 89.256             Loss 1.12574
Epoch [22] Training Class Recall: [0.725,0.747,0.619,0.648,0.684,0.714,0.754,0.771,0.784,0.791]

Epoch: [23][0/391], lr: 0.01000	Loss 1.0573 (1.0573)	Prec@1 71.875 (71.875)	Prec@5 89.844 (89.844)
Epoch: [23][10/391], lr: 0.01000	Loss 1.1587 (1.0679)	Prec@1 73.438 (74.929)	Prec@5 85.938 (89.560)
Epoch: [23][20/391], lr: 0.01000	Loss 0.9889 (1.0916)	Prec@1 75.781 (73.475)	Prec@5 93.750 (89.732)
Epoch: [23][30/391], lr: 0.01000	Loss 1.1838 (1.1060)	Prec@1 69.531 (72.959)	Prec@5 90.625 (89.693)
Epoch: [23][40/391], lr: 0.01000	Loss 1.0123 (1.1113)	Prec@1 74.219 (72.923)	Prec@5 90.625 (89.253)
Epoch: [23][50/391], lr: 0.01000	Loss 1.0962 (1.1142)	Prec@1 73.438 (72.779)	Prec@5 85.938 (89.078)
Epoch: [23][60/391], lr: 0.01000	Loss 1.0531 (1.1145)	Prec@1 74.219 (72.682)	Prec@5 89.062 (89.306)
Epoch: [23][70/391], lr: 0.01000	Loss 1.1712 (1.1178)	Prec@1 67.969 (72.502)	Prec@5 89.062 (89.382)
Epoch: [23][80/391], lr: 0.01000	Loss 1.0705 (1.1153)	Prec@1 70.312 (72.434)	Prec@5 92.969 (89.593)
Epoch: [23][90/391], lr: 0.01000	Loss 0.9154 (1.1230)	Prec@1 78.125 (72.201)	Prec@5 89.844 (89.475)
Epoch: [23][100/391], lr: 0.01000	Loss 1.1641 (1.1192)	Prec@1 71.094 (72.432)	Prec@5 89.062 (89.472)
Epoch: [23][110/391], lr: 0.01000	Loss 1.0701 (1.1224)	Prec@1 74.219 (72.276)	Prec@5 90.625 (89.407)
Epoch: [23][120/391], lr: 0.01000	Loss 1.0987 (1.1229)	Prec@1 73.438 (72.217)	Prec@5 88.281 (89.321)
Epoch: [23][130/391], lr: 0.01000	Loss 1.1637 (1.1207)	Prec@1 69.531 (72.292)	Prec@5 89.844 (89.373)
Epoch: [23][140/391], lr: 0.01000	Loss 1.1693 (1.1252)	Prec@1 70.312 (72.152)	Prec@5 88.281 (89.345)
Epoch: [23][150/391], lr: 0.01000	Loss 0.8201 (1.1265)	Prec@1 83.594 (72.123)	Prec@5 93.750 (89.326)
Epoch: [23][160/391], lr: 0.01000	Loss 1.0488 (1.1261)	Prec@1 75.000 (72.118)	Prec@5 91.406 (89.310)
Epoch: [23][170/391], lr: 0.01000	Loss 0.9056 (1.1245)	Prec@1 80.469 (72.122)	Prec@5 95.312 (89.391)
Epoch: [23][180/391], lr: 0.01000	Loss 1.2065 (1.1262)	Prec@1 69.531 (72.065)	Prec@5 87.500 (89.360)
Epoch: [23][190/391], lr: 0.01000	Loss 1.1027 (1.1237)	Prec@1 73.438 (72.157)	Prec@5 87.500 (89.324)
Epoch: [23][200/391], lr: 0.01000	Loss 1.0730 (1.1227)	Prec@1 76.562 (72.221)	Prec@5 88.281 (89.272)
Epoch: [23][210/391], lr: 0.01000	Loss 1.0292 (1.1210)	Prec@1 75.781 (72.275)	Prec@5 93.750 (89.303)
Epoch: [23][220/391], lr: 0.01000	Loss 1.2287 (1.1231)	Prec@1 68.750 (72.253)	Prec@5 84.375 (89.278)
Epoch: [23][230/391], lr: 0.01000	Loss 0.9899 (1.1228)	Prec@1 75.781 (72.233)	Prec@5 91.406 (89.282)
Epoch: [23][240/391], lr: 0.01000	Loss 0.9136 (1.1222)	Prec@1 76.562 (72.267)	Prec@5 90.625 (89.244)
Epoch: [23][250/391], lr: 0.01000	Loss 0.9304 (1.1243)	Prec@1 78.125 (72.220)	Prec@5 95.312 (89.240)
Epoch: [23][260/391], lr: 0.01000	Loss 1.0486 (1.1244)	Prec@1 75.000 (72.228)	Prec@5 90.625 (89.230)
Epoch: [23][270/391], lr: 0.01000	Loss 1.4319 (1.1247)	Prec@1 63.281 (72.207)	Prec@5 84.375 (89.253)
Epoch: [23][280/391], lr: 0.01000	Loss 1.0512 (1.1266)	Prec@1 74.219 (72.147)	Prec@5 89.844 (89.210)
Epoch: [23][290/391], lr: 0.01000	Loss 1.1518 (1.1271)	Prec@1 73.438 (72.133)	Prec@5 87.500 (89.165)
Epoch: [23][300/391], lr: 0.01000	Loss 1.1903 (1.1290)	Prec@1 72.656 (72.072)	Prec@5 90.625 (89.148)
Epoch: [23][310/391], lr: 0.01000	Loss 1.0220 (1.1273)	Prec@1 75.781 (72.129)	Prec@5 91.406 (89.211)
Epoch: [23][320/391], lr: 0.01000	Loss 1.1823 (1.1247)	Prec@1 68.750 (72.165)	Prec@5 89.062 (89.243)
Epoch: [23][330/391], lr: 0.01000	Loss 0.9471 (1.1215)	Prec@1 78.125 (72.246)	Prec@5 92.188 (89.275)
Epoch: [23][340/391], lr: 0.01000	Loss 1.1394 (1.1208)	Prec@1 73.438 (72.253)	Prec@5 85.938 (89.260)
Epoch: [23][350/391], lr: 0.01000	Loss 0.9448 (1.1199)	Prec@1 75.000 (72.271)	Prec@5 94.531 (89.287)
Epoch: [23][360/391], lr: 0.01000	Loss 1.1579 (1.1192)	Prec@1 71.094 (72.301)	Prec@5 92.188 (89.296)
Epoch: [23][370/391], lr: 0.01000	Loss 1.2657 (1.1197)	Prec@1 69.531 (72.290)	Prec@5 89.844 (89.311)
Epoch: [23][380/391], lr: 0.01000	Loss 0.9866 (1.1191)	Prec@1 75.000 (72.314)	Prec@5 91.406 (89.313)
Epoch: [23][390/391], lr: 0.01000	Loss 1.0855 (1.1177)	Prec@1 76.250 (72.384)	Prec@5 92.500 (89.340)
Epoch [23] Training Results: Prec@1 72.384 Prec@5 89.340             Loss 1.11773
Epoch [23] Training Class Recall: [0.724,0.752,0.622,0.637,0.690,0.713,0.753,0.772,0.785,0.790]

Epoch: [24][0/391], lr: 0.01000	Loss 1.2307 (1.2307)	Prec@1 71.094 (71.094)	Prec@5 89.844 (89.844)
Epoch: [24][10/391], lr: 0.01000	Loss 0.9681 (1.1180)	Prec@1 75.781 (73.082)	Prec@5 96.094 (90.554)
Epoch: [24][20/391], lr: 0.01000	Loss 0.9089 (1.1001)	Prec@1 79.688 (73.400)	Prec@5 92.969 (89.955)
Epoch: [24][30/391], lr: 0.01000	Loss 1.2248 (1.0887)	Prec@1 67.969 (73.311)	Prec@5 91.406 (89.995)
Epoch: [24][40/391], lr: 0.01000	Loss 1.2764 (1.0961)	Prec@1 70.312 (72.961)	Prec@5 86.719 (90.130)
Epoch: [24][50/391], lr: 0.01000	Loss 1.0611 (1.0871)	Prec@1 75.000 (73.330)	Prec@5 91.406 (90.150)
Epoch: [24][60/391], lr: 0.01000	Loss 1.1188 (1.0944)	Prec@1 71.094 (73.053)	Prec@5 89.844 (90.190)
Epoch: [24][70/391], lr: 0.01000	Loss 1.1393 (1.0920)	Prec@1 70.312 (73.085)	Prec@5 90.625 (90.306)
Epoch: [24][80/391], lr: 0.01000	Loss 1.3326 (1.0864)	Prec@1 65.625 (73.283)	Prec@5 85.938 (90.258)
Epoch: [24][90/391], lr: 0.01000	Loss 0.9584 (1.0867)	Prec@1 75.000 (73.283)	Prec@5 96.094 (90.367)
Epoch: [24][100/391], lr: 0.01000	Loss 1.3697 (1.0936)	Prec@1 63.281 (73.097)	Prec@5 85.156 (90.246)
Epoch: [24][110/391], lr: 0.01000	Loss 0.9904 (1.0965)	Prec@1 75.000 (72.987)	Prec@5 92.188 (90.153)
Epoch: [24][120/391], lr: 0.01000	Loss 1.1472 (1.0978)	Prec@1 71.875 (73.037)	Prec@5 90.625 (90.031)
Epoch: [24][130/391], lr: 0.01000	Loss 1.0527 (1.1022)	Prec@1 77.344 (72.972)	Prec@5 87.500 (89.915)
Epoch: [24][140/391], lr: 0.01000	Loss 1.2902 (1.1061)	Prec@1 66.406 (72.861)	Prec@5 89.062 (89.855)
Epoch: [24][150/391], lr: 0.01000	Loss 1.1477 (1.1060)	Prec@1 71.094 (72.848)	Prec@5 89.844 (89.911)
Epoch: [24][160/391], lr: 0.01000	Loss 0.9468 (1.1077)	Prec@1 75.781 (72.802)	Prec@5 90.625 (89.824)
Epoch: [24][170/391], lr: 0.01000	Loss 1.3145 (1.1108)	Prec@1 67.969 (72.734)	Prec@5 84.375 (89.725)
Epoch: [24][180/391], lr: 0.01000	Loss 1.1860 (1.1090)	Prec@1 71.094 (72.781)	Prec@5 88.281 (89.706)
Epoch: [24][190/391], lr: 0.01000	Loss 1.1731 (1.1083)	Prec@1 71.875 (72.795)	Prec@5 89.844 (89.697)
Epoch: [24][200/391], lr: 0.01000	Loss 1.2264 (1.1108)	Prec@1 69.531 (72.711)	Prec@5 88.281 (89.677)
Epoch: [24][210/391], lr: 0.01000	Loss 1.0702 (1.1110)	Prec@1 75.000 (72.771)	Prec@5 87.500 (89.640)
Epoch: [24][220/391], lr: 0.01000	Loss 1.2985 (1.1086)	Prec@1 67.969 (72.826)	Prec@5 86.719 (89.699)
Epoch: [24][230/391], lr: 0.01000	Loss 1.3358 (1.1085)	Prec@1 64.844 (72.808)	Prec@5 87.500 (89.705)
Epoch: [24][240/391], lr: 0.01000	Loss 0.9311 (1.1102)	Prec@1 78.906 (72.731)	Prec@5 92.969 (89.691)
Epoch: [24][250/391], lr: 0.01000	Loss 1.0850 (1.1100)	Prec@1 73.438 (72.762)	Prec@5 89.062 (89.697)
Epoch: [24][260/391], lr: 0.01000	Loss 1.0109 (1.1096)	Prec@1 76.562 (72.773)	Prec@5 89.062 (89.688)
Epoch: [24][270/391], lr: 0.01000	Loss 1.0409 (1.1112)	Prec@1 75.000 (72.754)	Prec@5 91.406 (89.674)
Epoch: [24][280/391], lr: 0.01000	Loss 1.0958 (1.1126)	Prec@1 74.219 (72.701)	Prec@5 89.844 (89.638)
Epoch: [24][290/391], lr: 0.01000	Loss 1.1267 (1.1121)	Prec@1 72.656 (72.683)	Prec@5 90.625 (89.664)
Epoch: [24][300/391], lr: 0.01000	Loss 1.1442 (1.1121)	Prec@1 70.312 (72.677)	Prec@5 89.844 (89.644)
Epoch: [24][310/391], lr: 0.01000	Loss 1.1744 (1.1142)	Prec@1 71.094 (72.591)	Prec@5 85.156 (89.595)
Epoch: [24][320/391], lr: 0.01000	Loss 1.4414 (1.1156)	Prec@1 62.500 (72.530)	Prec@5 85.156 (89.591)
Epoch: [24][330/391], lr: 0.01000	Loss 1.0040 (1.1156)	Prec@1 74.219 (72.526)	Prec@5 92.969 (89.575)
Epoch: [24][340/391], lr: 0.01000	Loss 1.0855 (1.1167)	Prec@1 72.656 (72.487)	Prec@5 92.188 (89.573)
Epoch: [24][350/391], lr: 0.01000	Loss 1.1771 (1.1169)	Prec@1 71.094 (72.467)	Prec@5 86.719 (89.566)
Epoch: [24][360/391], lr: 0.01000	Loss 1.1344 (1.1172)	Prec@1 69.531 (72.468)	Prec@5 89.844 (89.547)
Epoch: [24][370/391], lr: 0.01000	Loss 1.1662 (1.1179)	Prec@1 69.531 (72.435)	Prec@5 87.500 (89.534)
Epoch: [24][380/391], lr: 0.01000	Loss 1.0483 (1.1178)	Prec@1 77.344 (72.441)	Prec@5 89.844 (89.544)
Epoch: [24][390/391], lr: 0.01000	Loss 1.2268 (1.1189)	Prec@1 68.750 (72.388)	Prec@5 88.750 (89.552)
Epoch [24] Training Results: Prec@1 72.388 Prec@5 89.552             Loss 1.11888
Epoch [24] Training Class Recall: [0.728,0.748,0.627,0.635,0.690,0.712,0.754,0.774,0.780,0.789]

Epoch: [25][0/391], lr: 0.01000	Loss 1.1215 (1.1215)	Prec@1 70.312 (70.312)	Prec@5 87.500 (87.500)
Epoch: [25][10/391], lr: 0.01000	Loss 1.0654 (1.0152)	Prec@1 74.219 (74.219)	Prec@5 87.500 (91.619)
Epoch: [25][20/391], lr: 0.01000	Loss 1.1661 (1.0649)	Prec@1 72.656 (73.326)	Prec@5 88.281 (90.290)
Epoch: [25][30/391], lr: 0.01000	Loss 1.3118 (1.0805)	Prec@1 64.844 (72.984)	Prec@5 87.500 (89.869)
Epoch: [25][40/391], lr: 0.01000	Loss 0.9758 (1.0824)	Prec@1 75.781 (72.980)	Prec@5 90.625 (89.748)
Epoch: [25][50/391], lr: 0.01000	Loss 1.0254 (1.0925)	Prec@1 73.438 (72.733)	Prec@5 93.750 (89.706)
Epoch: [25][60/391], lr: 0.01000	Loss 1.1833 (1.0880)	Prec@1 69.531 (72.874)	Prec@5 89.844 (89.805)
Epoch: [25][70/391], lr: 0.01000	Loss 1.2930 (1.0927)	Prec@1 67.969 (72.887)	Prec@5 88.281 (89.723)
Epoch: [25][80/391], lr: 0.01000	Loss 1.0190 (1.0927)	Prec@1 75.781 (72.820)	Prec@5 91.406 (89.834)
Epoch: [25][90/391], lr: 0.01000	Loss 0.9667 (1.0933)	Prec@1 77.344 (72.940)	Prec@5 92.188 (89.792)
Epoch: [25][100/391], lr: 0.01000	Loss 1.1754 (1.0948)	Prec@1 73.438 (72.942)	Prec@5 89.062 (89.759)
Epoch: [25][110/391], lr: 0.01000	Loss 0.9782 (1.0963)	Prec@1 77.344 (72.917)	Prec@5 89.062 (89.682)
Epoch: [25][120/391], lr: 0.01000	Loss 1.1763 (1.1030)	Prec@1 67.969 (72.708)	Prec@5 91.406 (89.611)
Epoch: [25][130/391], lr: 0.01000	Loss 0.9896 (1.1043)	Prec@1 75.000 (72.704)	Prec@5 89.062 (89.593)
Epoch: [25][140/391], lr: 0.01000	Loss 1.0990 (1.1045)	Prec@1 70.312 (72.706)	Prec@5 89.844 (89.594)
Epoch: [25][150/391], lr: 0.01000	Loss 1.1754 (1.1065)	Prec@1 67.969 (72.605)	Prec@5 88.281 (89.657)
Epoch: [25][160/391], lr: 0.01000	Loss 1.0970 (1.1097)	Prec@1 75.000 (72.549)	Prec@5 86.719 (89.567)
Epoch: [25][170/391], lr: 0.01000	Loss 1.1646 (1.1077)	Prec@1 70.312 (72.624)	Prec@5 88.281 (89.547)
Epoch: [25][180/391], lr: 0.01000	Loss 1.2892 (1.1095)	Prec@1 67.969 (72.643)	Prec@5 91.406 (89.568)
Epoch: [25][190/391], lr: 0.01000	Loss 1.1939 (1.1101)	Prec@1 68.750 (72.607)	Prec@5 89.844 (89.557)
Epoch: [25][200/391], lr: 0.01000	Loss 1.2789 (1.1121)	Prec@1 66.406 (72.571)	Prec@5 86.719 (89.548)
Epoch: [25][210/391], lr: 0.01000	Loss 0.9347 (1.1107)	Prec@1 78.906 (72.619)	Prec@5 91.406 (89.588)
Epoch: [25][220/391], lr: 0.01000	Loss 1.0357 (1.1134)	Prec@1 74.219 (72.561)	Prec@5 91.406 (89.526)
Epoch: [25][230/391], lr: 0.01000	Loss 0.9630 (1.1110)	Prec@1 75.781 (72.633)	Prec@5 89.844 (89.543)
Epoch: [25][240/391], lr: 0.01000	Loss 1.2199 (1.1134)	Prec@1 65.625 (72.569)	Prec@5 89.844 (89.507)
Epoch: [25][250/391], lr: 0.01000	Loss 0.9288 (1.1102)	Prec@1 78.906 (72.656)	Prec@5 95.312 (89.617)
Epoch: [25][260/391], lr: 0.01000	Loss 1.1002 (1.1105)	Prec@1 73.438 (72.644)	Prec@5 92.188 (89.634)
Epoch: [25][270/391], lr: 0.01000	Loss 1.0122 (1.1075)	Prec@1 75.781 (72.717)	Prec@5 88.281 (89.642)
Epoch: [25][280/391], lr: 0.01000	Loss 1.1434 (1.1087)	Prec@1 71.875 (72.695)	Prec@5 85.938 (89.619)
Epoch: [25][290/391], lr: 0.01000	Loss 1.2256 (1.1112)	Prec@1 71.875 (72.627)	Prec@5 87.500 (89.581)
Epoch: [25][300/391], lr: 0.01000	Loss 1.1493 (1.1096)	Prec@1 70.312 (72.654)	Prec@5 89.844 (89.646)
Epoch: [25][310/391], lr: 0.01000	Loss 1.2540 (1.1127)	Prec@1 69.531 (72.551)	Prec@5 84.375 (89.580)
Epoch: [25][320/391], lr: 0.01000	Loss 1.2423 (1.1117)	Prec@1 69.531 (72.595)	Prec@5 88.281 (89.605)
Epoch: [25][330/391], lr: 0.01000	Loss 1.2219 (1.1149)	Prec@1 69.531 (72.493)	Prec@5 85.938 (89.551)
Epoch: [25][340/391], lr: 0.01000	Loss 1.0008 (1.1152)	Prec@1 77.344 (72.514)	Prec@5 91.406 (89.539)
Epoch: [25][350/391], lr: 0.01000	Loss 1.5334 (1.1166)	Prec@1 59.375 (72.463)	Prec@5 83.594 (89.548)
Epoch: [25][360/391], lr: 0.01000	Loss 1.1046 (1.1153)	Prec@1 73.438 (72.531)	Prec@5 85.938 (89.552)
Epoch: [25][370/391], lr: 0.01000	Loss 0.9028 (1.1147)	Prec@1 78.906 (72.561)	Prec@5 92.188 (89.562)
Epoch: [25][380/391], lr: 0.01000	Loss 1.1729 (1.1143)	Prec@1 72.656 (72.562)	Prec@5 89.844 (89.600)
Epoch: [25][390/391], lr: 0.01000	Loss 1.0795 (1.1139)	Prec@1 77.500 (72.564)	Prec@5 90.000 (89.608)
Epoch [25] Training Results: Prec@1 72.564 Prec@5 89.608             Loss 1.11393
Epoch [25] Training Class Recall: [0.730,0.746,0.629,0.648,0.688,0.710,0.760,0.772,0.784,0.786]

Epoch: [26][0/391], lr: 0.01000	Loss 1.1795 (1.1795)	Prec@1 68.750 (68.750)	Prec@5 85.938 (85.938)
Epoch: [26][10/391], lr: 0.01000	Loss 1.2126 (1.1516)	Prec@1 71.875 (72.017)	Prec@5 91.406 (88.565)
Epoch: [26][20/391], lr: 0.01000	Loss 0.9829 (1.1240)	Prec@1 75.781 (72.284)	Prec@5 91.406 (89.546)
Epoch: [26][30/391], lr: 0.01000	Loss 0.9876 (1.1272)	Prec@1 76.562 (72.203)	Prec@5 92.188 (89.340)
Epoch: [26][40/391], lr: 0.01000	Loss 1.0524 (1.1271)	Prec@1 72.656 (71.970)	Prec@5 89.844 (89.329)
Epoch: [26][50/391], lr: 0.01000	Loss 1.2319 (1.1136)	Prec@1 70.312 (72.350)	Prec@5 87.500 (89.752)
Epoch: [26][60/391], lr: 0.01000	Loss 1.0003 (1.1150)	Prec@1 76.562 (72.439)	Prec@5 92.969 (89.677)
Epoch: [26][70/391], lr: 0.01000	Loss 0.9570 (1.1068)	Prec@1 77.344 (72.755)	Prec@5 92.969 (89.833)
Epoch: [26][80/391], lr: 0.01000	Loss 1.2498 (1.1108)	Prec@1 69.531 (72.647)	Prec@5 92.969 (89.728)
Epoch: [26][90/391], lr: 0.01000	Loss 0.9580 (1.0955)	Prec@1 81.250 (73.137)	Prec@5 91.406 (89.870)
Epoch: [26][100/391], lr: 0.01000	Loss 1.2023 (1.0928)	Prec@1 72.656 (73.345)	Prec@5 89.844 (89.875)
Epoch: [26][110/391], lr: 0.01000	Loss 1.0826 (1.0913)	Prec@1 74.219 (73.381)	Prec@5 87.500 (89.865)
Epoch: [26][120/391], lr: 0.01000	Loss 1.0089 (1.0896)	Prec@1 78.906 (73.444)	Prec@5 92.188 (89.876)
Epoch: [26][130/391], lr: 0.01000	Loss 0.9076 (1.0911)	Prec@1 79.688 (73.396)	Prec@5 94.531 (89.814)
Epoch: [26][140/391], lr: 0.01000	Loss 1.0399 (1.0909)	Prec@1 70.312 (73.305)	Prec@5 91.406 (89.822)
Epoch: [26][150/391], lr: 0.01000	Loss 1.1492 (1.0940)	Prec@1 67.969 (73.194)	Prec@5 92.188 (89.797)
Epoch: [26][160/391], lr: 0.01000	Loss 0.9321 (1.0929)	Prec@1 77.344 (73.258)	Prec@5 92.969 (89.844)
Epoch: [26][170/391], lr: 0.01000	Loss 1.1770 (1.0939)	Prec@1 71.094 (73.236)	Prec@5 85.938 (89.780)
Epoch: [26][180/391], lr: 0.01000	Loss 1.0356 (1.0954)	Prec@1 75.000 (73.209)	Prec@5 89.844 (89.801)
Epoch: [26][190/391], lr: 0.01000	Loss 1.0545 (1.0930)	Prec@1 75.000 (73.274)	Prec@5 91.406 (89.836)
Epoch: [26][200/391], lr: 0.01000	Loss 1.2661 (1.0978)	Prec@1 67.969 (73.092)	Prec@5 86.719 (89.805)
Epoch: [26][210/391], lr: 0.01000	Loss 1.4384 (1.0998)	Prec@1 62.500 (73.030)	Prec@5 84.375 (89.770)
Epoch: [26][220/391], lr: 0.01000	Loss 1.1017 (1.0993)	Prec@1 73.438 (73.038)	Prec@5 91.406 (89.787)
Epoch: [26][230/391], lr: 0.01000	Loss 1.0746 (1.1013)	Prec@1 71.875 (73.008)	Prec@5 90.625 (89.790)
Epoch: [26][240/391], lr: 0.01000	Loss 1.0897 (1.1011)	Prec@1 71.875 (73.032)	Prec@5 91.406 (89.782)
Epoch: [26][250/391], lr: 0.01000	Loss 1.2551 (1.1031)	Prec@1 64.844 (72.996)	Prec@5 87.500 (89.704)
Epoch: [26][260/391], lr: 0.01000	Loss 1.1349 (1.1051)	Prec@1 71.094 (72.896)	Prec@5 87.500 (89.745)
Epoch: [26][270/391], lr: 0.01000	Loss 1.1146 (1.1060)	Prec@1 72.656 (72.858)	Prec@5 91.406 (89.720)
Epoch: [26][280/391], lr: 0.01000	Loss 1.1586 (1.1044)	Prec@1 73.438 (72.901)	Prec@5 89.062 (89.741)
Epoch: [26][290/391], lr: 0.01000	Loss 1.1017 (1.1049)	Prec@1 72.656 (72.906)	Prec@5 86.719 (89.685)
Epoch: [26][300/391], lr: 0.01000	Loss 0.8594 (1.1035)	Prec@1 78.906 (72.942)	Prec@5 91.406 (89.706)
Epoch: [26][310/391], lr: 0.01000	Loss 1.1788 (1.1029)	Prec@1 71.094 (72.948)	Prec@5 90.625 (89.721)
Epoch: [26][320/391], lr: 0.01000	Loss 1.0516 (1.1025)	Prec@1 75.781 (72.985)	Prec@5 90.625 (89.739)
Epoch: [26][330/391], lr: 0.01000	Loss 1.0872 (1.1023)	Prec@1 71.875 (72.968)	Prec@5 92.188 (89.733)
Epoch: [26][340/391], lr: 0.01000	Loss 1.5117 (1.1061)	Prec@1 61.719 (72.828)	Prec@5 85.938 (89.695)
Epoch: [26][350/391], lr: 0.01000	Loss 1.2566 (1.1071)	Prec@1 68.750 (72.803)	Prec@5 83.594 (89.663)
Epoch: [26][360/391], lr: 0.01000	Loss 0.9801 (1.1085)	Prec@1 78.906 (72.758)	Prec@5 92.969 (89.666)
Epoch: [26][370/391], lr: 0.01000	Loss 1.3736 (1.1090)	Prec@1 63.281 (72.747)	Prec@5 82.031 (89.658)
Epoch: [26][380/391], lr: 0.01000	Loss 1.0983 (1.1108)	Prec@1 69.531 (72.677)	Prec@5 90.625 (89.628)
Epoch: [26][390/391], lr: 0.01000	Loss 1.1308 (1.1100)	Prec@1 70.000 (72.692)	Prec@5 90.000 (89.646)
Epoch [26] Training Results: Prec@1 72.692 Prec@5 89.646             Loss 1.11004
Epoch [26] Training Class Recall: [0.730,0.750,0.625,0.649,0.694,0.720,0.756,0.770,0.784,0.790]

Epoch: [27][0/391], lr: 0.01000	Loss 1.0763 (1.0763)	Prec@1 77.344 (77.344)	Prec@5 89.062 (89.062)
Epoch: [27][10/391], lr: 0.01000	Loss 1.2265 (1.0781)	Prec@1 68.750 (73.580)	Prec@5 87.500 (89.276)
Epoch: [27][20/391], lr: 0.01000	Loss 1.4411 (1.0904)	Prec@1 64.062 (73.847)	Prec@5 87.500 (89.881)
Epoch: [27][30/391], lr: 0.01000	Loss 1.0055 (1.0867)	Prec@1 75.000 (73.690)	Prec@5 94.531 (90.297)
Epoch: [27][40/391], lr: 0.01000	Loss 1.1311 (1.0951)	Prec@1 72.656 (73.457)	Prec@5 91.406 (90.282)
Epoch: [27][50/391], lr: 0.01000	Loss 1.0410 (1.0861)	Prec@1 75.781 (73.866)	Prec@5 90.625 (90.334)
Epoch: [27][60/391], lr: 0.01000	Loss 1.1841 (1.0905)	Prec@1 70.312 (73.642)	Prec@5 89.844 (90.177)
Epoch: [27][70/391], lr: 0.01000	Loss 1.0241 (1.0948)	Prec@1 75.781 (73.526)	Prec@5 92.969 (90.251)
Epoch: [27][80/391], lr: 0.01000	Loss 1.0693 (1.0907)	Prec@1 73.438 (73.553)	Prec@5 89.844 (90.239)
Epoch: [27][90/391], lr: 0.01000	Loss 1.1509 (1.0949)	Prec@1 69.531 (73.395)	Prec@5 91.406 (90.213)
Epoch: [27][100/391], lr: 0.01000	Loss 1.0466 (1.0906)	Prec@1 70.312 (73.538)	Prec@5 88.281 (90.231)
Epoch: [27][110/391], lr: 0.01000	Loss 1.0563 (1.0918)	Prec@1 72.656 (73.459)	Prec@5 90.625 (90.146)
Epoch: [27][120/391], lr: 0.01000	Loss 1.3124 (1.1015)	Prec@1 69.531 (73.218)	Prec@5 84.375 (89.947)
Epoch: [27][130/391], lr: 0.01000	Loss 1.0492 (1.0988)	Prec@1 75.000 (73.282)	Prec@5 91.406 (89.945)
Epoch: [27][140/391], lr: 0.01000	Loss 1.0487 (1.1007)	Prec@1 72.656 (73.255)	Prec@5 89.062 (89.849)
Epoch: [27][150/391], lr: 0.01000	Loss 1.1041 (1.1000)	Prec@1 75.000 (73.262)	Prec@5 85.938 (89.833)
Epoch: [27][160/391], lr: 0.01000	Loss 1.1982 (1.0956)	Prec@1 70.312 (73.350)	Prec@5 89.844 (89.892)
Epoch: [27][170/391], lr: 0.01000	Loss 1.1694 (1.1005)	Prec@1 71.094 (73.163)	Prec@5 91.406 (89.789)
Epoch: [27][180/391], lr: 0.01000	Loss 1.0684 (1.1044)	Prec@1 75.781 (73.084)	Prec@5 90.625 (89.701)
Epoch: [27][190/391], lr: 0.01000	Loss 1.1172 (1.1064)	Prec@1 73.438 (73.061)	Prec@5 89.844 (89.652)
Epoch: [27][200/391], lr: 0.01000	Loss 1.2983 (1.1034)	Prec@1 67.969 (73.134)	Prec@5 87.500 (89.700)
Epoch: [27][210/391], lr: 0.01000	Loss 1.1680 (1.1031)	Prec@1 69.531 (73.149)	Prec@5 89.844 (89.692)
Epoch: [27][220/391], lr: 0.01000	Loss 0.9461 (1.1032)	Prec@1 75.781 (73.148)	Prec@5 92.969 (89.692)
Epoch: [27][230/391], lr: 0.01000	Loss 1.0396 (1.1028)	Prec@1 71.875 (73.170)	Prec@5 89.062 (89.658)
Epoch: [27][240/391], lr: 0.01000	Loss 0.9351 (1.1027)	Prec@1 78.125 (73.198)	Prec@5 91.406 (89.646)
Epoch: [27][250/391], lr: 0.01000	Loss 1.1678 (1.1038)	Prec@1 72.656 (73.160)	Prec@5 85.156 (89.598)
Epoch: [27][260/391], lr: 0.01000	Loss 1.1746 (1.1021)	Prec@1 71.094 (73.231)	Prec@5 87.500 (89.583)
Epoch: [27][270/391], lr: 0.01000	Loss 1.0040 (1.1038)	Prec@1 78.125 (73.158)	Prec@5 93.750 (89.616)
Epoch: [27][280/391], lr: 0.01000	Loss 0.9807 (1.1020)	Prec@1 77.344 (73.223)	Prec@5 92.188 (89.616)
Epoch: [27][290/391], lr: 0.01000	Loss 1.0867 (1.1043)	Prec@1 75.781 (73.161)	Prec@5 89.062 (89.578)
Epoch: [27][300/391], lr: 0.01000	Loss 0.9670 (1.1037)	Prec@1 78.125 (73.157)	Prec@5 91.406 (89.610)
Epoch: [27][310/391], lr: 0.01000	Loss 1.0137 (1.1054)	Prec@1 75.781 (73.086)	Prec@5 91.406 (89.638)
Epoch: [27][320/391], lr: 0.01000	Loss 0.9947 (1.1075)	Prec@1 75.781 (73.014)	Prec@5 93.750 (89.642)
Epoch: [27][330/391], lr: 0.01000	Loss 1.1313 (1.1076)	Prec@1 72.656 (73.013)	Prec@5 89.844 (89.634)
Epoch: [27][340/391], lr: 0.01000	Loss 1.0351 (1.1083)	Prec@1 77.344 (72.986)	Prec@5 88.281 (89.619)
Epoch: [27][350/391], lr: 0.01000	Loss 0.9830 (1.1093)	Prec@1 74.219 (72.950)	Prec@5 93.750 (89.606)
Epoch: [27][360/391], lr: 0.01000	Loss 1.2702 (1.1107)	Prec@1 70.312 (72.916)	Prec@5 89.844 (89.606)
Epoch: [27][370/391], lr: 0.01000	Loss 1.1292 (1.1107)	Prec@1 71.094 (72.917)	Prec@5 90.625 (89.608)
Epoch: [27][380/391], lr: 0.01000	Loss 1.0333 (1.1116)	Prec@1 75.781 (72.878)	Prec@5 92.969 (89.585)
Epoch: [27][390/391], lr: 0.01000	Loss 1.1542 (1.1117)	Prec@1 70.000 (72.880)	Prec@5 88.750 (89.570)
Epoch [27] Training Results: Prec@1 72.880 Prec@5 89.570             Loss 1.11168
Epoch [27] Training Class Recall: [0.728,0.749,0.643,0.650,0.696,0.718,0.754,0.775,0.784,0.790]

Epoch: [28][0/391], lr: 0.01000	Loss 1.0834 (1.0834)	Prec@1 73.438 (73.438)	Prec@5 89.844 (89.844)
Epoch: [28][10/391], lr: 0.01000	Loss 0.9864 (1.0951)	Prec@1 76.562 (72.869)	Prec@5 89.844 (90.128)
Epoch: [28][20/391], lr: 0.01000	Loss 0.9814 (1.0549)	Prec@1 75.781 (74.107)	Prec@5 91.406 (90.365)
Epoch: [28][30/391], lr: 0.01000	Loss 1.1949 (1.0792)	Prec@1 71.094 (73.614)	Prec@5 86.719 (89.592)
Epoch: [28][40/391], lr: 0.01000	Loss 0.9661 (1.0877)	Prec@1 76.562 (73.247)	Prec@5 91.406 (89.596)
Epoch: [28][50/391], lr: 0.01000	Loss 1.0907 (1.0928)	Prec@1 73.438 (72.855)	Prec@5 93.750 (89.859)
Epoch: [28][60/391], lr: 0.01000	Loss 1.1446 (1.0850)	Prec@1 74.219 (73.194)	Prec@5 89.062 (89.908)
Epoch: [28][70/391], lr: 0.01000	Loss 1.0749 (1.0839)	Prec@1 73.438 (73.272)	Prec@5 88.281 (89.932)
Epoch: [28][80/391], lr: 0.01000	Loss 1.1048 (1.0896)	Prec@1 71.094 (73.129)	Prec@5 89.844 (89.873)
Epoch: [28][90/391], lr: 0.01000	Loss 1.1577 (1.0926)	Prec@1 73.438 (73.103)	Prec@5 90.625 (89.844)
Epoch: [28][100/391], lr: 0.01000	Loss 1.2696 (1.0934)	Prec@1 67.969 (73.043)	Prec@5 91.406 (89.875)
Epoch: [28][110/391], lr: 0.01000	Loss 1.0163 (1.0974)	Prec@1 73.438 (72.966)	Prec@5 92.188 (89.823)
Epoch: [28][120/391], lr: 0.01000	Loss 1.1371 (1.0989)	Prec@1 73.438 (73.011)	Prec@5 89.844 (89.799)
Epoch: [28][130/391], lr: 0.01000	Loss 1.0385 (1.0968)	Prec@1 75.781 (73.115)	Prec@5 92.969 (89.903)
Epoch: [28][140/391], lr: 0.01000	Loss 1.1608 (1.0936)	Prec@1 69.531 (73.177)	Prec@5 91.406 (89.955)
Epoch: [28][150/391], lr: 0.01000	Loss 1.1474 (1.0963)	Prec@1 71.094 (73.086)	Prec@5 91.406 (89.937)
Epoch: [28][160/391], lr: 0.01000	Loss 0.9690 (1.0951)	Prec@1 75.781 (73.122)	Prec@5 94.531 (90.023)
Epoch: [28][170/391], lr: 0.01000	Loss 0.9479 (1.0974)	Prec@1 76.562 (73.067)	Prec@5 92.188 (89.949)
Epoch: [28][180/391], lr: 0.01000	Loss 1.0193 (1.0990)	Prec@1 75.000 (73.040)	Prec@5 92.188 (89.887)
Epoch: [28][190/391], lr: 0.01000	Loss 1.2239 (1.1007)	Prec@1 71.094 (72.955)	Prec@5 85.938 (89.844)
Epoch: [28][200/391], lr: 0.01000	Loss 1.1269 (1.1020)	Prec@1 71.094 (72.940)	Prec@5 91.406 (89.836)
Epoch: [28][210/391], lr: 0.01000	Loss 0.9837 (1.1030)	Prec@1 77.344 (72.919)	Prec@5 90.625 (89.799)
Epoch: [28][220/391], lr: 0.01000	Loss 0.9722 (1.1011)	Prec@1 76.562 (73.017)	Prec@5 88.281 (89.798)
Epoch: [28][230/391], lr: 0.01000	Loss 1.1772 (1.0987)	Prec@1 73.438 (73.120)	Prec@5 87.500 (89.807)
Epoch: [28][240/391], lr: 0.01000	Loss 0.9975 (1.0971)	Prec@1 78.125 (73.172)	Prec@5 89.062 (89.776)
Epoch: [28][250/391], lr: 0.01000	Loss 1.0985 (1.0969)	Prec@1 71.875 (73.179)	Prec@5 89.844 (89.757)
Epoch: [28][260/391], lr: 0.01000	Loss 1.1526 (1.0959)	Prec@1 71.875 (73.219)	Prec@5 92.188 (89.769)
Epoch: [28][270/391], lr: 0.01000	Loss 1.0807 (1.0959)	Prec@1 75.000 (73.213)	Prec@5 89.062 (89.740)
Epoch: [28][280/391], lr: 0.01000	Loss 1.0191 (1.0959)	Prec@1 75.000 (73.223)	Prec@5 92.969 (89.724)
Epoch: [28][290/391], lr: 0.01000	Loss 1.0749 (1.0974)	Prec@1 73.438 (73.182)	Prec@5 91.406 (89.731)
Epoch: [28][300/391], lr: 0.01000	Loss 1.1498 (1.0963)	Prec@1 72.656 (73.212)	Prec@5 89.844 (89.732)
Epoch: [28][310/391], lr: 0.01000	Loss 0.9480 (1.0952)	Prec@1 75.000 (73.259)	Prec@5 89.844 (89.746)
Epoch: [28][320/391], lr: 0.01000	Loss 1.1027 (1.0961)	Prec@1 73.438 (73.253)	Prec@5 90.625 (89.717)
Epoch: [28][330/391], lr: 0.01000	Loss 1.0951 (1.0961)	Prec@1 71.875 (73.263)	Prec@5 87.500 (89.695)
Epoch: [28][340/391], lr: 0.01000	Loss 1.2828 (1.0958)	Prec@1 64.844 (73.238)	Prec@5 85.938 (89.683)
Epoch: [28][350/391], lr: 0.01000	Loss 1.0247 (1.0977)	Prec@1 75.000 (73.161)	Prec@5 90.625 (89.655)
Epoch: [28][360/391], lr: 0.01000	Loss 0.9652 (1.0969)	Prec@1 78.906 (73.184)	Prec@5 90.625 (89.712)
Epoch: [28][370/391], lr: 0.01000	Loss 1.1571 (1.0996)	Prec@1 72.656 (73.122)	Prec@5 87.500 (89.692)
Epoch: [28][380/391], lr: 0.01000	Loss 1.2241 (1.1001)	Prec@1 71.094 (73.120)	Prec@5 86.719 (89.659)
Epoch: [28][390/391], lr: 0.01000	Loss 1.1165 (1.1009)	Prec@1 76.250 (73.108)	Prec@5 92.500 (89.644)
Epoch [28] Training Results: Prec@1 73.108 Prec@5 89.644             Loss 1.10089
Epoch [28] Training Class Recall: [0.734,0.753,0.639,0.652,0.699,0.725,0.759,0.775,0.782,0.792]

Epoch: [29][0/391], lr: 0.01000	Loss 1.1080 (1.1080)	Prec@1 75.781 (75.781)	Prec@5 89.844 (89.844)
Epoch: [29][10/391], lr: 0.01000	Loss 1.0368 (1.1065)	Prec@1 75.781 (73.864)	Prec@5 92.969 (90.199)
Epoch: [29][20/391], lr: 0.01000	Loss 1.0919 (1.0684)	Prec@1 74.219 (74.516)	Prec@5 89.844 (90.253)
Epoch: [29][30/391], lr: 0.01000	Loss 1.0610 (1.0876)	Prec@1 72.656 (74.042)	Prec@5 89.844 (90.045)
Epoch: [29][40/391], lr: 0.01000	Loss 1.2482 (1.1031)	Prec@1 69.531 (73.457)	Prec@5 85.156 (89.539)
Epoch: [29][50/391], lr: 0.01000	Loss 0.9716 (1.1017)	Prec@1 75.000 (73.376)	Prec@5 89.844 (89.645)
Epoch: [29][60/391], lr: 0.01000	Loss 1.1844 (1.1023)	Prec@1 72.656 (73.361)	Prec@5 86.719 (89.498)
Epoch: [29][70/391], lr: 0.01000	Loss 0.8997 (1.1034)	Prec@1 75.781 (73.305)	Prec@5 92.188 (89.547)
Epoch: [29][80/391], lr: 0.01000	Loss 1.0305 (1.1089)	Prec@1 72.656 (73.042)	Prec@5 92.188 (89.670)
Epoch: [29][90/391], lr: 0.01000	Loss 1.1382 (1.1082)	Prec@1 72.656 (73.008)	Prec@5 85.938 (89.560)
Epoch: [29][100/391], lr: 0.01000	Loss 0.9970 (1.1085)	Prec@1 77.344 (72.981)	Prec@5 92.188 (89.465)
Epoch: [29][110/391], lr: 0.01000	Loss 1.0834 (1.1059)	Prec@1 71.094 (73.050)	Prec@5 87.500 (89.471)
Epoch: [29][120/391], lr: 0.01000	Loss 1.1500 (1.1049)	Prec@1 71.875 (73.089)	Prec@5 89.844 (89.443)
Epoch: [29][130/391], lr: 0.01000	Loss 1.1881 (1.1094)	Prec@1 71.094 (72.960)	Prec@5 89.062 (89.396)
Epoch: [29][140/391], lr: 0.01000	Loss 1.0120 (1.1157)	Prec@1 75.000 (72.750)	Prec@5 92.969 (89.367)
Epoch: [29][150/391], lr: 0.01000	Loss 0.9918 (1.1089)	Prec@1 75.781 (72.894)	Prec@5 92.969 (89.528)
Epoch: [29][160/391], lr: 0.01000	Loss 1.0191 (1.1045)	Prec@1 77.344 (73.088)	Prec@5 89.062 (89.582)
Epoch: [29][170/391], lr: 0.01000	Loss 0.9792 (1.1029)	Prec@1 76.562 (73.113)	Prec@5 92.188 (89.570)
Epoch: [29][180/391], lr: 0.01000	Loss 1.1295 (1.1054)	Prec@1 71.875 (73.027)	Prec@5 89.844 (89.533)
Epoch: [29][190/391], lr: 0.01000	Loss 0.8746 (1.1053)	Prec@1 80.469 (73.033)	Prec@5 91.406 (89.631)
Epoch: [29][200/391], lr: 0.01000	Loss 1.2752 (1.1064)	Prec@1 70.312 (73.022)	Prec@5 84.375 (89.595)
Epoch: [29][210/391], lr: 0.01000	Loss 1.2163 (1.1092)	Prec@1 68.750 (72.923)	Prec@5 88.281 (89.540)
Epoch: [29][220/391], lr: 0.01000	Loss 1.1238 (1.1084)	Prec@1 67.969 (72.953)	Prec@5 88.281 (89.557)
Epoch: [29][230/391], lr: 0.01000	Loss 0.9482 (1.1039)	Prec@1 76.562 (73.079)	Prec@5 95.312 (89.631)
Epoch: [29][240/391], lr: 0.01000	Loss 1.0430 (1.1022)	Prec@1 73.438 (73.146)	Prec@5 92.969 (89.669)
Epoch: [29][250/391], lr: 0.01000	Loss 1.0335 (1.1027)	Prec@1 75.781 (73.086)	Prec@5 92.188 (89.704)
Epoch: [29][260/391], lr: 0.01000	Loss 1.2648 (1.1032)	Prec@1 70.312 (73.105)	Prec@5 87.500 (89.676)
Epoch: [29][270/391], lr: 0.01000	Loss 0.9867 (1.1046)	Prec@1 75.000 (73.066)	Prec@5 92.969 (89.662)
Epoch: [29][280/391], lr: 0.01000	Loss 1.2204 (1.1040)	Prec@1 68.750 (73.098)	Prec@5 89.062 (89.663)
Epoch: [29][290/391], lr: 0.01000	Loss 1.2023 (1.1053)	Prec@1 71.875 (73.075)	Prec@5 88.281 (89.650)
Epoch: [29][300/391], lr: 0.01000	Loss 1.2310 (1.1072)	Prec@1 69.531 (73.009)	Prec@5 86.719 (89.595)
Epoch: [29][310/391], lr: 0.01000	Loss 1.1023 (1.1052)	Prec@1 68.750 (73.058)	Prec@5 89.844 (89.603)
Epoch: [29][320/391], lr: 0.01000	Loss 1.0717 (1.1046)	Prec@1 74.219 (73.068)	Prec@5 88.281 (89.605)
Epoch: [29][330/391], lr: 0.01000	Loss 1.2104 (1.1041)	Prec@1 71.875 (73.060)	Prec@5 89.062 (89.620)
Epoch: [29][340/391], lr: 0.01000	Loss 0.8505 (1.1027)	Prec@1 81.250 (73.121)	Prec@5 93.750 (89.612)
Epoch: [29][350/391], lr: 0.01000	Loss 1.1826 (1.1023)	Prec@1 71.094 (73.113)	Prec@5 89.062 (89.648)
Epoch: [29][360/391], lr: 0.01000	Loss 1.1101 (1.1028)	Prec@1 71.875 (73.102)	Prec@5 89.062 (89.645)
Epoch: [29][370/391], lr: 0.01000	Loss 1.0254 (1.1027)	Prec@1 75.000 (73.117)	Prec@5 92.969 (89.642)
Epoch: [29][380/391], lr: 0.01000	Loss 1.1893 (1.1024)	Prec@1 69.531 (73.114)	Prec@5 88.281 (89.637)
Epoch: [29][390/391], lr: 0.01000	Loss 1.1216 (1.1034)	Prec@1 75.000 (73.092)	Prec@5 87.500 (89.612)
Epoch [29] Training Results: Prec@1 73.092 Prec@5 89.612             Loss 1.10339
Epoch [29] Training Class Recall: [0.732,0.752,0.638,0.653,0.695,0.726,0.759,0.778,0.785,0.791]

Epoch: [30][0/391], lr: 0.01000	Loss 1.1282 (1.1282)	Prec@1 72.656 (72.656)	Prec@5 89.062 (89.062)
Epoch: [30][10/391], lr: 0.01000	Loss 1.0968 (1.0824)	Prec@1 75.000 (73.864)	Prec@5 89.062 (90.199)
Epoch: [30][20/391], lr: 0.01000	Loss 0.9393 (1.0472)	Prec@1 78.125 (75.149)	Prec@5 91.406 (90.104)
Epoch: [30][30/391], lr: 0.01000	Loss 1.2577 (1.0710)	Prec@1 71.875 (74.597)	Prec@5 84.375 (89.743)
Epoch: [30][40/391], lr: 0.01000	Loss 1.1262 (1.0903)	Prec@1 69.531 (73.780)	Prec@5 89.062 (89.444)
Epoch: [30][50/391], lr: 0.01000	Loss 1.1583 (1.0972)	Prec@1 70.312 (73.407)	Prec@5 89.844 (89.338)
Epoch: [30][60/391], lr: 0.01000	Loss 1.0908 (1.1024)	Prec@1 72.656 (73.207)	Prec@5 88.281 (89.408)
Epoch: [30][70/391], lr: 0.01000	Loss 1.3820 (1.1127)	Prec@1 65.625 (72.975)	Prec@5 84.375 (89.195)
Epoch: [30][80/391], lr: 0.01000	Loss 1.1642 (1.1017)	Prec@1 73.438 (73.418)	Prec@5 88.281 (89.265)
Epoch: [30][90/391], lr: 0.01000	Loss 1.0160 (1.0992)	Prec@1 73.438 (73.480)	Prec@5 92.969 (89.329)
Epoch: [30][100/391], lr: 0.01000	Loss 1.0597 (1.1008)	Prec@1 75.000 (73.422)	Prec@5 89.844 (89.318)
Epoch: [30][110/391], lr: 0.01000	Loss 1.0801 (1.0997)	Prec@1 75.000 (73.445)	Prec@5 87.500 (89.274)
Epoch: [30][120/391], lr: 0.01000	Loss 1.1772 (1.1035)	Prec@1 72.656 (73.315)	Prec@5 88.281 (89.205)
Epoch: [30][130/391], lr: 0.01000	Loss 1.0821 (1.1016)	Prec@1 71.875 (73.318)	Prec@5 91.406 (89.241)
Epoch: [30][140/391], lr: 0.01000	Loss 1.0657 (1.1036)	Prec@1 71.094 (73.227)	Prec@5 89.844 (89.201)
Epoch: [30][150/391], lr: 0.01000	Loss 1.0931 (1.1046)	Prec@1 73.438 (73.194)	Prec@5 92.188 (89.275)
Epoch: [30][160/391], lr: 0.01000	Loss 0.7855 (1.1048)	Prec@1 81.250 (73.195)	Prec@5 96.875 (89.334)
Epoch: [30][170/391], lr: 0.01000	Loss 1.0662 (1.1060)	Prec@1 73.438 (73.113)	Prec@5 92.188 (89.369)
Epoch: [30][180/391], lr: 0.01000	Loss 1.1267 (1.1028)	Prec@1 71.875 (73.209)	Prec@5 89.062 (89.429)
Epoch: [30][190/391], lr: 0.01000	Loss 1.1347 (1.1057)	Prec@1 74.219 (73.106)	Prec@5 90.625 (89.406)
Epoch: [30][200/391], lr: 0.01000	Loss 0.9825 (1.1035)	Prec@1 78.125 (73.162)	Prec@5 91.406 (89.459)
Epoch: [30][210/391], lr: 0.01000	Loss 1.1847 (1.1035)	Prec@1 69.531 (73.152)	Prec@5 91.406 (89.473)
Epoch: [30][220/391], lr: 0.01000	Loss 1.1739 (1.1028)	Prec@1 73.438 (73.197)	Prec@5 89.062 (89.494)
Epoch: [30][230/391], lr: 0.01000	Loss 1.0402 (1.1001)	Prec@1 75.781 (73.262)	Prec@5 90.625 (89.499)
Epoch: [30][240/391], lr: 0.01000	Loss 1.0264 (1.1020)	Prec@1 75.000 (73.175)	Prec@5 91.406 (89.490)
Epoch: [30][250/391], lr: 0.01000	Loss 0.9558 (1.1028)	Prec@1 75.781 (73.157)	Prec@5 93.750 (89.473)
Epoch: [30][260/391], lr: 0.01000	Loss 1.3223 (1.1050)	Prec@1 67.188 (73.114)	Prec@5 88.281 (89.431)
Epoch: [30][270/391], lr: 0.01000	Loss 1.1289 (1.1073)	Prec@1 70.312 (73.048)	Prec@5 89.844 (89.345)
Epoch: [30][280/391], lr: 0.01000	Loss 1.4110 (1.1058)	Prec@1 65.625 (73.076)	Prec@5 83.594 (89.385)
Epoch: [30][290/391], lr: 0.01000	Loss 1.0523 (1.1040)	Prec@1 71.875 (73.091)	Prec@5 89.062 (89.422)
Epoch: [30][300/391], lr: 0.01000	Loss 1.0284 (1.1026)	Prec@1 75.781 (73.129)	Prec@5 90.625 (89.441)
Epoch: [30][310/391], lr: 0.01000	Loss 1.0273 (1.1021)	Prec@1 77.344 (73.141)	Prec@5 85.938 (89.442)
Epoch: [30][320/391], lr: 0.01000	Loss 1.1612 (1.1028)	Prec@1 71.094 (73.092)	Prec@5 89.844 (89.442)
Epoch: [30][330/391], lr: 0.01000	Loss 1.2368 (1.1037)	Prec@1 67.188 (73.074)	Prec@5 88.281 (89.433)
Epoch: [30][340/391], lr: 0.01000	Loss 0.8904 (1.1027)	Prec@1 79.688 (73.114)	Prec@5 92.969 (89.436)
Epoch: [30][350/391], lr: 0.01000	Loss 0.7131 (1.1004)	Prec@1 85.156 (73.206)	Prec@5 96.094 (89.481)
Epoch: [30][360/391], lr: 0.01000	Loss 1.0743 (1.0990)	Prec@1 75.781 (73.234)	Prec@5 89.062 (89.513)
Epoch: [30][370/391], lr: 0.01000	Loss 1.1776 (1.0972)	Prec@1 71.094 (73.269)	Prec@5 87.500 (89.547)
Epoch: [30][380/391], lr: 0.01000	Loss 1.0249 (1.0971)	Prec@1 75.000 (73.259)	Prec@5 91.406 (89.573)
Epoch: [30][390/391], lr: 0.01000	Loss 1.1410 (1.0977)	Prec@1 72.500 (73.244)	Prec@5 86.250 (89.560)
Epoch [30] Training Results: Prec@1 73.244 Prec@5 89.560             Loss 1.09769
Epoch [30] Training Class Recall: [0.736,0.752,0.642,0.653,0.702,0.726,0.759,0.775,0.787,0.792]

Epoch: [31][0/391], lr: 0.01000	Loss 1.0068 (1.0068)	Prec@1 76.562 (76.562)	Prec@5 92.969 (92.969)
Epoch: [31][10/391], lr: 0.01000	Loss 1.0921 (1.1008)	Prec@1 72.656 (72.940)	Prec@5 89.062 (89.489)
Epoch: [31][20/391], lr: 0.01000	Loss 1.0074 (1.1023)	Prec@1 78.906 (73.103)	Prec@5 86.719 (88.802)
Epoch: [31][30/391], lr: 0.01000	Loss 0.8298 (1.0856)	Prec@1 78.125 (73.639)	Prec@5 92.969 (89.365)
Epoch: [31][40/391], lr: 0.01000	Loss 0.8677 (1.0837)	Prec@1 82.031 (73.895)	Prec@5 89.844 (89.539)
Epoch: [31][50/391], lr: 0.01000	Loss 1.0219 (1.0757)	Prec@1 75.781 (74.188)	Prec@5 94.531 (89.890)
Epoch: [31][60/391], lr: 0.01000	Loss 0.9142 (1.0683)	Prec@1 80.469 (74.501)	Prec@5 92.188 (90.061)
Epoch: [31][70/391], lr: 0.01000	Loss 0.8712 (1.0628)	Prec@1 80.469 (74.593)	Prec@5 89.844 (90.020)
Epoch: [31][80/391], lr: 0.01000	Loss 1.1519 (1.0609)	Prec@1 71.094 (74.508)	Prec@5 91.406 (90.095)
Epoch: [31][90/391], lr: 0.01000	Loss 1.0848 (1.0636)	Prec@1 72.656 (74.253)	Prec@5 88.281 (90.093)
Epoch: [31][100/391], lr: 0.01000	Loss 1.2746 (1.0752)	Prec@1 63.281 (73.793)	Prec@5 89.062 (89.960)
Epoch: [31][110/391], lr: 0.01000	Loss 1.0950 (1.0755)	Prec@1 71.094 (73.733)	Prec@5 90.625 (90.034)
Epoch: [31][120/391], lr: 0.01000	Loss 0.9108 (1.0809)	Prec@1 79.688 (73.586)	Prec@5 96.875 (90.031)
Epoch: [31][130/391], lr: 0.01000	Loss 1.2219 (1.0784)	Prec@1 69.531 (73.730)	Prec@5 91.406 (90.058)
Epoch: [31][140/391], lr: 0.01000	Loss 1.2171 (1.0810)	Prec@1 67.969 (73.626)	Prec@5 87.500 (89.999)
Epoch: [31][150/391], lr: 0.01000	Loss 1.3137 (1.0868)	Prec@1 64.844 (73.443)	Prec@5 89.844 (89.885)
Epoch: [31][160/391], lr: 0.01000	Loss 1.2573 (1.0896)	Prec@1 67.969 (73.331)	Prec@5 88.281 (89.897)
Epoch: [31][170/391], lr: 0.01000	Loss 0.9697 (1.0915)	Prec@1 77.344 (73.296)	Prec@5 92.188 (89.839)
Epoch: [31][180/391], lr: 0.01000	Loss 1.0802 (1.0935)	Prec@1 75.000 (73.226)	Prec@5 91.406 (89.883)
Epoch: [31][190/391], lr: 0.01000	Loss 1.0723 (1.0955)	Prec@1 74.219 (73.172)	Prec@5 90.625 (89.848)
Epoch: [31][200/391], lr: 0.01000	Loss 1.0273 (1.0940)	Prec@1 75.000 (73.247)	Prec@5 89.844 (89.867)
Epoch: [31][210/391], lr: 0.01000	Loss 1.0631 (1.0943)	Prec@1 71.094 (73.256)	Prec@5 91.406 (89.836)
Epoch: [31][220/391], lr: 0.01000	Loss 1.3121 (1.0947)	Prec@1 66.406 (73.236)	Prec@5 88.281 (89.911)
Epoch: [31][230/391], lr: 0.01000	Loss 1.2144 (1.0973)	Prec@1 67.969 (73.120)	Prec@5 90.625 (89.878)
Epoch: [31][240/391], lr: 0.01000	Loss 0.9291 (1.0983)	Prec@1 77.344 (73.087)	Prec@5 93.750 (89.866)
Epoch: [31][250/391], lr: 0.01000	Loss 1.3099 (1.0975)	Prec@1 66.406 (73.086)	Prec@5 86.719 (89.875)
Epoch: [31][260/391], lr: 0.01000	Loss 1.0667 (1.0963)	Prec@1 75.000 (73.096)	Prec@5 90.625 (89.943)
Epoch: [31][270/391], lr: 0.01000	Loss 1.1729 (1.0977)	Prec@1 71.875 (73.086)	Prec@5 90.625 (89.861)
Epoch: [31][280/391], lr: 0.01000	Loss 1.1335 (1.0982)	Prec@1 72.656 (73.087)	Prec@5 90.625 (89.841)
Epoch: [31][290/391], lr: 0.01000	Loss 1.3578 (1.0989)	Prec@1 66.406 (73.113)	Prec@5 83.594 (89.769)
Epoch: [31][300/391], lr: 0.01000	Loss 1.0859 (1.1007)	Prec@1 74.219 (73.069)	Prec@5 89.062 (89.740)
Epoch: [31][310/391], lr: 0.01000	Loss 1.0884 (1.0998)	Prec@1 72.656 (73.083)	Prec@5 91.406 (89.756)
Epoch: [31][320/391], lr: 0.01000	Loss 1.2075 (1.0996)	Prec@1 69.531 (73.092)	Prec@5 87.500 (89.751)
Epoch: [31][330/391], lr: 0.01000	Loss 1.0390 (1.0997)	Prec@1 75.781 (73.067)	Prec@5 88.281 (89.749)
Epoch: [31][340/391], lr: 0.01000	Loss 0.9787 (1.0990)	Prec@1 78.125 (73.117)	Prec@5 89.844 (89.731)
Epoch: [31][350/391], lr: 0.01000	Loss 1.3253 (1.1010)	Prec@1 67.188 (73.052)	Prec@5 87.500 (89.701)
Epoch: [31][360/391], lr: 0.01000	Loss 1.2579 (1.1012)	Prec@1 71.094 (73.063)	Prec@5 86.719 (89.699)
Epoch: [31][370/391], lr: 0.01000	Loss 0.8166 (1.0997)	Prec@1 83.594 (73.126)	Prec@5 90.625 (89.696)
Epoch: [31][380/391], lr: 0.01000	Loss 1.0784 (1.1003)	Prec@1 72.656 (73.085)	Prec@5 92.188 (89.702)
Epoch: [31][390/391], lr: 0.01000	Loss 0.9029 (1.0989)	Prec@1 78.750 (73.122)	Prec@5 90.000 (89.736)
Epoch [31] Training Results: Prec@1 73.122 Prec@5 89.736             Loss 1.09887
Epoch [31] Training Class Recall: [0.732,0.753,0.638,0.658,0.694,0.724,0.761,0.775,0.788,0.787]

Epoch: [32][0/391], lr: 0.01000	Loss 1.1795 (1.1795)	Prec@1 70.312 (70.312)	Prec@5 85.938 (85.938)
Epoch: [32][10/391], lr: 0.01000	Loss 1.0287 (1.0506)	Prec@1 77.344 (74.077)	Prec@5 92.188 (91.122)
Epoch: [32][20/391], lr: 0.01000	Loss 1.0487 (1.0735)	Prec@1 75.781 (73.251)	Prec@5 91.406 (90.513)
Epoch: [32][30/391], lr: 0.01000	Loss 1.1256 (1.0854)	Prec@1 70.312 (73.135)	Prec@5 89.844 (90.272)
Epoch: [32][40/391], lr: 0.01000	Loss 1.0885 (1.0926)	Prec@1 73.438 (72.904)	Prec@5 90.625 (90.034)
Epoch: [32][50/391], lr: 0.01000	Loss 1.2120 (1.1001)	Prec@1 72.656 (72.932)	Prec@5 89.844 (89.721)
Epoch: [32][60/391], lr: 0.01000	Loss 1.0558 (1.0959)	Prec@1 76.562 (73.092)	Prec@5 87.500 (89.664)
Epoch: [32][70/391], lr: 0.01000	Loss 1.2511 (1.1007)	Prec@1 71.094 (72.931)	Prec@5 85.156 (89.646)
Epoch: [32][80/391], lr: 0.01000	Loss 0.9290 (1.1005)	Prec@1 79.688 (72.975)	Prec@5 89.844 (89.574)
Epoch: [32][90/391], lr: 0.01000	Loss 1.0448 (1.1019)	Prec@1 76.562 (72.974)	Prec@5 89.844 (89.500)
Epoch: [32][100/391], lr: 0.01000	Loss 0.8580 (1.0945)	Prec@1 81.250 (73.182)	Prec@5 91.406 (89.612)
Epoch: [32][110/391], lr: 0.01000	Loss 1.0918 (1.0902)	Prec@1 75.000 (73.311)	Prec@5 88.281 (89.654)
Epoch: [32][120/391], lr: 0.01000	Loss 1.1602 (1.0890)	Prec@1 74.219 (73.328)	Prec@5 86.719 (89.657)
Epoch: [32][130/391], lr: 0.01000	Loss 1.2613 (1.0943)	Prec@1 68.750 (73.121)	Prec@5 84.375 (89.605)
Epoch: [32][140/391], lr: 0.01000	Loss 1.3751 (1.0936)	Prec@1 67.188 (73.088)	Prec@5 85.156 (89.594)
Epoch: [32][150/391], lr: 0.01000	Loss 1.2117 (1.0932)	Prec@1 73.438 (73.153)	Prec@5 84.375 (89.601)
Epoch: [32][160/391], lr: 0.01000	Loss 1.2412 (1.0882)	Prec@1 71.875 (73.360)	Prec@5 85.938 (89.616)
Epoch: [32][170/391], lr: 0.01000	Loss 1.2754 (1.0861)	Prec@1 67.969 (73.479)	Prec@5 85.938 (89.670)
Epoch: [32][180/391], lr: 0.01000	Loss 1.1120 (1.0851)	Prec@1 75.000 (73.515)	Prec@5 86.719 (89.719)
Epoch: [32][190/391], lr: 0.01000	Loss 1.2552 (1.0877)	Prec@1 67.969 (73.421)	Prec@5 89.844 (89.725)
Epoch: [32][200/391], lr: 0.01000	Loss 1.2669 (1.0907)	Prec@1 64.844 (73.298)	Prec@5 87.500 (89.657)
Epoch: [32][210/391], lr: 0.01000	Loss 0.8557 (1.0893)	Prec@1 78.125 (73.360)	Prec@5 96.094 (89.662)
Epoch: [32][220/391], lr: 0.01000	Loss 1.1760 (1.0858)	Prec@1 69.531 (73.441)	Prec@5 88.281 (89.720)
Epoch: [32][230/391], lr: 0.01000	Loss 0.8979 (1.0861)	Prec@1 81.250 (73.475)	Prec@5 89.844 (89.708)
Epoch: [32][240/391], lr: 0.01000	Loss 1.0546 (1.0858)	Prec@1 78.125 (73.515)	Prec@5 90.625 (89.711)
Epoch: [32][250/391], lr: 0.01000	Loss 1.1006 (1.0844)	Prec@1 72.656 (73.587)	Prec@5 89.062 (89.750)
Epoch: [32][260/391], lr: 0.01000	Loss 0.8885 (1.0830)	Prec@1 78.906 (73.635)	Prec@5 92.969 (89.799)
Epoch: [32][270/391], lr: 0.01000	Loss 1.0332 (1.0838)	Prec@1 72.656 (73.590)	Prec@5 92.188 (89.766)
Epoch: [32][280/391], lr: 0.01000	Loss 1.0019 (1.0868)	Prec@1 73.438 (73.488)	Prec@5 89.844 (89.677)
Epoch: [32][290/391], lr: 0.01000	Loss 0.9984 (1.0859)	Prec@1 78.906 (73.510)	Prec@5 87.500 (89.659)
Epoch: [32][300/391], lr: 0.01000	Loss 0.9613 (1.0859)	Prec@1 78.125 (73.510)	Prec@5 90.625 (89.665)
Epoch: [32][310/391], lr: 0.01000	Loss 1.0719 (1.0864)	Prec@1 73.438 (73.475)	Prec@5 88.281 (89.683)
Epoch: [32][320/391], lr: 0.01000	Loss 1.2208 (1.0874)	Prec@1 66.406 (73.452)	Prec@5 89.062 (89.688)
Epoch: [32][330/391], lr: 0.01000	Loss 1.1483 (1.0908)	Prec@1 73.438 (73.348)	Prec@5 89.844 (89.624)
Epoch: [32][340/391], lr: 0.01000	Loss 1.0918 (1.0899)	Prec@1 71.094 (73.369)	Prec@5 89.844 (89.628)
Epoch: [32][350/391], lr: 0.01000	Loss 1.0211 (1.0924)	Prec@1 75.781 (73.304)	Prec@5 88.281 (89.581)
Epoch: [32][360/391], lr: 0.01000	Loss 1.0469 (1.0921)	Prec@1 74.219 (73.321)	Prec@5 89.062 (89.573)
Epoch: [32][370/391], lr: 0.01000	Loss 1.2087 (1.0953)	Prec@1 71.875 (73.225)	Prec@5 85.156 (89.519)
Epoch: [32][380/391], lr: 0.01000	Loss 1.1305 (1.0955)	Prec@1 71.094 (73.239)	Prec@5 86.719 (89.507)
Epoch: [32][390/391], lr: 0.01000	Loss 1.1977 (1.0957)	Prec@1 67.500 (73.228)	Prec@5 91.250 (89.532)
Epoch [32] Training Results: Prec@1 73.228 Prec@5 89.532             Loss 1.09569
Epoch [32] Training Class Recall: [0.732,0.749,0.640,0.663,0.697,0.728,0.755,0.776,0.789,0.791]

Epoch: [33][0/391], lr: 0.01000	Loss 1.0601 (1.0601)	Prec@1 74.219 (74.219)	Prec@5 89.062 (89.062)
Epoch: [33][10/391], lr: 0.01000	Loss 1.0588 (1.1077)	Prec@1 70.312 (72.514)	Prec@5 89.062 (88.920)
Epoch: [33][20/391], lr: 0.01000	Loss 1.0828 (1.1199)	Prec@1 75.000 (72.321)	Prec@5 90.625 (88.802)
Epoch: [33][30/391], lr: 0.01000	Loss 1.2169 (1.1088)	Prec@1 68.750 (73.009)	Prec@5 87.500 (89.012)
Epoch: [33][40/391], lr: 0.01000	Loss 1.1700 (1.1209)	Prec@1 68.750 (72.409)	Prec@5 88.281 (89.196)
Epoch: [33][50/391], lr: 0.01000	Loss 1.0454 (1.1177)	Prec@1 76.562 (72.656)	Prec@5 92.188 (89.262)
Epoch: [33][60/391], lr: 0.01000	Loss 0.9611 (1.1033)	Prec@1 78.125 (73.028)	Prec@5 92.188 (89.280)
Epoch: [33][70/391], lr: 0.01000	Loss 0.8276 (1.1057)	Prec@1 82.031 (72.964)	Prec@5 92.969 (89.250)
Epoch: [33][80/391], lr: 0.01000	Loss 1.0735 (1.1008)	Prec@1 74.219 (73.042)	Prec@5 87.500 (89.255)
Epoch: [33][90/391], lr: 0.01000	Loss 1.0178 (1.0991)	Prec@1 71.875 (73.137)	Prec@5 93.750 (89.500)
Epoch: [33][100/391], lr: 0.01000	Loss 1.1589 (1.1010)	Prec@1 72.656 (73.066)	Prec@5 89.844 (89.519)
Epoch: [33][110/391], lr: 0.01000	Loss 1.0038 (1.0960)	Prec@1 75.781 (73.184)	Prec@5 90.625 (89.626)
Epoch: [33][120/391], lr: 0.01000	Loss 0.9336 (1.0903)	Prec@1 76.562 (73.347)	Prec@5 93.750 (89.824)
Epoch: [33][130/391], lr: 0.01000	Loss 1.4454 (1.0879)	Prec@1 64.062 (73.402)	Prec@5 87.500 (89.891)
Epoch: [33][140/391], lr: 0.01000	Loss 1.1197 (1.0889)	Prec@1 70.312 (73.365)	Prec@5 88.281 (89.894)
Epoch: [33][150/391], lr: 0.01000	Loss 1.1985 (1.0904)	Prec@1 68.750 (73.287)	Prec@5 89.844 (89.901)
Epoch: [33][160/391], lr: 0.01000	Loss 0.9694 (1.0918)	Prec@1 75.781 (73.297)	Prec@5 93.750 (89.839)
Epoch: [33][170/391], lr: 0.01000	Loss 1.1399 (1.0917)	Prec@1 72.656 (73.351)	Prec@5 85.156 (89.825)
Epoch: [33][180/391], lr: 0.01000	Loss 1.0188 (1.0926)	Prec@1 75.000 (73.360)	Prec@5 92.188 (89.779)
Epoch: [33][190/391], lr: 0.01000	Loss 1.1491 (1.0916)	Prec@1 70.312 (73.384)	Prec@5 89.844 (89.778)
Epoch: [33][200/391], lr: 0.01000	Loss 1.1461 (1.0919)	Prec@1 72.656 (73.371)	Prec@5 86.719 (89.805)
Epoch: [33][210/391], lr: 0.01000	Loss 1.2678 (1.0937)	Prec@1 67.969 (73.319)	Prec@5 89.062 (89.736)
Epoch: [33][220/391], lr: 0.01000	Loss 0.9745 (1.0931)	Prec@1 75.781 (73.346)	Prec@5 92.188 (89.709)
Epoch: [33][230/391], lr: 0.01000	Loss 1.0377 (1.0927)	Prec@1 72.656 (73.319)	Prec@5 90.625 (89.725)
Epoch: [33][240/391], lr: 0.01000	Loss 1.0856 (1.0919)	Prec@1 72.656 (73.331)	Prec@5 94.531 (89.743)
Epoch: [33][250/391], lr: 0.01000	Loss 1.2759 (1.0898)	Prec@1 66.406 (73.388)	Prec@5 86.719 (89.757)
Epoch: [33][260/391], lr: 0.01000	Loss 1.0359 (1.0888)	Prec@1 74.219 (73.393)	Prec@5 93.750 (89.805)
Epoch: [33][270/391], lr: 0.01000	Loss 1.0417 (1.0876)	Prec@1 74.219 (73.440)	Prec@5 89.844 (89.826)
Epoch: [33][280/391], lr: 0.01000	Loss 1.0525 (1.0886)	Prec@1 75.781 (73.424)	Prec@5 90.625 (89.824)
Epoch: [33][290/391], lr: 0.01000	Loss 1.0558 (1.0902)	Prec@1 75.000 (73.397)	Prec@5 88.281 (89.798)
Epoch: [33][300/391], lr: 0.01000	Loss 1.1987 (1.0912)	Prec@1 69.531 (73.360)	Prec@5 88.281 (89.792)
Epoch: [33][310/391], lr: 0.01000	Loss 1.1621 (1.0893)	Prec@1 74.219 (73.422)	Prec@5 89.062 (89.824)
Epoch: [33][320/391], lr: 0.01000	Loss 1.2616 (1.0906)	Prec@1 68.750 (73.382)	Prec@5 86.719 (89.812)
Epoch: [33][330/391], lr: 0.01000	Loss 0.9968 (1.0888)	Prec@1 77.344 (73.449)	Prec@5 91.406 (89.823)
Epoch: [33][340/391], lr: 0.01000	Loss 1.1743 (1.0890)	Prec@1 69.531 (73.421)	Prec@5 85.938 (89.775)
Epoch: [33][350/391], lr: 0.01000	Loss 1.1636 (1.0904)	Prec@1 67.969 (73.389)	Prec@5 90.625 (89.750)
Epoch: [33][360/391], lr: 0.01000	Loss 0.9543 (1.0898)	Prec@1 78.125 (73.438)	Prec@5 93.750 (89.762)
Epoch: [33][370/391], lr: 0.01000	Loss 1.2985 (1.0900)	Prec@1 67.188 (73.444)	Prec@5 88.281 (89.743)
Epoch: [33][380/391], lr: 0.01000	Loss 1.1183 (1.0900)	Prec@1 72.656 (73.458)	Prec@5 90.625 (89.733)
Epoch: [33][390/391], lr: 0.01000	Loss 1.1801 (1.0915)	Prec@1 75.000 (73.404)	Prec@5 86.250 (89.706)
Epoch [33] Training Results: Prec@1 73.404 Prec@5 89.706             Loss 1.09149
Epoch [33] Training Class Recall: [0.735,0.756,0.650,0.659,0.703,0.723,0.760,0.778,0.784,0.791]

Epoch: [34][0/391], lr: 0.01000	Loss 1.1098 (1.1098)	Prec@1 71.875 (71.875)	Prec@5 92.969 (92.969)
Epoch: [34][10/391], lr: 0.01000	Loss 0.9758 (1.1049)	Prec@1 75.000 (72.301)	Prec@5 93.750 (89.844)
Epoch: [34][20/391], lr: 0.01000	Loss 1.1420 (1.0875)	Prec@1 70.312 (72.842)	Prec@5 89.062 (89.844)
Epoch: [34][30/391], lr: 0.01000	Loss 0.9154 (1.0580)	Prec@1 77.344 (73.891)	Prec@5 92.969 (90.222)
Epoch: [34][40/391], lr: 0.01000	Loss 1.1842 (1.0639)	Prec@1 67.969 (73.647)	Prec@5 91.406 (89.939)
Epoch: [34][50/391], lr: 0.01000	Loss 1.0860 (1.0569)	Prec@1 72.656 (73.836)	Prec@5 91.406 (90.211)
Epoch: [34][60/391], lr: 0.01000	Loss 0.9785 (1.0590)	Prec@1 77.344 (73.822)	Prec@5 89.062 (90.202)
Epoch: [34][70/391], lr: 0.01000	Loss 0.9818 (1.0635)	Prec@1 72.656 (73.768)	Prec@5 89.844 (90.119)
Epoch: [34][80/391], lr: 0.01000	Loss 1.0871 (1.0708)	Prec@1 74.219 (73.534)	Prec@5 89.844 (90.201)
Epoch: [34][90/391], lr: 0.01000	Loss 1.1687 (1.0744)	Prec@1 71.875 (73.489)	Prec@5 92.188 (90.264)
Epoch: [34][100/391], lr: 0.01000	Loss 1.0995 (1.0722)	Prec@1 73.438 (73.569)	Prec@5 89.844 (90.261)
Epoch: [34][110/391], lr: 0.01000	Loss 0.9404 (1.0707)	Prec@1 78.125 (73.684)	Prec@5 93.750 (90.224)
Epoch: [34][120/391], lr: 0.01000	Loss 1.1403 (1.0729)	Prec@1 69.531 (73.689)	Prec@5 91.406 (90.160)
Epoch: [34][130/391], lr: 0.01000	Loss 1.0394 (1.0725)	Prec@1 75.781 (73.766)	Prec@5 90.625 (90.231)
Epoch: [34][140/391], lr: 0.01000	Loss 1.1893 (1.0768)	Prec@1 69.531 (73.681)	Prec@5 90.625 (90.104)
Epoch: [34][150/391], lr: 0.01000	Loss 0.8590 (1.0736)	Prec@1 80.469 (73.763)	Prec@5 92.969 (90.175)
Epoch: [34][160/391], lr: 0.01000	Loss 1.1850 (1.0767)	Prec@1 71.875 (73.700)	Prec@5 89.844 (90.149)
Epoch: [34][170/391], lr: 0.01000	Loss 0.9071 (1.0765)	Prec@1 82.031 (73.744)	Prec@5 93.750 (90.159)
Epoch: [34][180/391], lr: 0.01000	Loss 1.2053 (1.0780)	Prec@1 69.531 (73.675)	Prec@5 89.062 (90.133)
Epoch: [34][190/391], lr: 0.01000	Loss 1.0086 (1.0796)	Prec@1 75.000 (73.667)	Prec@5 88.281 (90.081)
Epoch: [34][200/391], lr: 0.01000	Loss 1.1750 (1.0803)	Prec@1 74.219 (73.678)	Prec@5 88.281 (90.061)
Epoch: [34][210/391], lr: 0.01000	Loss 1.2878 (1.0830)	Prec@1 66.406 (73.563)	Prec@5 85.156 (90.014)
Epoch: [34][220/391], lr: 0.01000	Loss 1.0594 (1.0796)	Prec@1 75.000 (73.628)	Prec@5 90.625 (90.119)
Epoch: [34][230/391], lr: 0.01000	Loss 0.9469 (1.0820)	Prec@1 78.125 (73.536)	Prec@5 90.625 (90.114)
Epoch: [34][240/391], lr: 0.01000	Loss 1.1184 (1.0841)	Prec@1 72.656 (73.496)	Prec@5 94.531 (90.123)
Epoch: [34][250/391], lr: 0.01000	Loss 1.1909 (1.0852)	Prec@1 71.875 (73.466)	Prec@5 86.719 (90.087)
Epoch: [34][260/391], lr: 0.01000	Loss 1.0737 (1.0846)	Prec@1 72.656 (73.491)	Prec@5 92.969 (90.113)
Epoch: [34][270/391], lr: 0.01000	Loss 0.8728 (1.0846)	Prec@1 79.688 (73.530)	Prec@5 92.188 (90.080)
Epoch: [34][280/391], lr: 0.01000	Loss 1.0441 (1.0847)	Prec@1 76.562 (73.549)	Prec@5 85.938 (90.024)
Epoch: [34][290/391], lr: 0.01000	Loss 1.0098 (1.0849)	Prec@1 75.781 (73.591)	Prec@5 90.625 (90.010)
Epoch: [34][300/391], lr: 0.01000	Loss 1.2580 (1.0867)	Prec@1 69.531 (73.552)	Prec@5 85.156 (89.955)
Epoch: [34][310/391], lr: 0.01000	Loss 1.1079 (1.0865)	Prec@1 71.875 (73.558)	Prec@5 88.281 (89.927)
Epoch: [34][320/391], lr: 0.01000	Loss 1.0866 (1.0867)	Prec@1 73.438 (73.549)	Prec@5 90.625 (89.931)
Epoch: [34][330/391], lr: 0.01000	Loss 1.0574 (1.0876)	Prec@1 74.219 (73.525)	Prec@5 88.281 (89.867)
Epoch: [34][340/391], lr: 0.01000	Loss 1.1346 (1.0879)	Prec@1 72.656 (73.509)	Prec@5 88.281 (89.837)
Epoch: [34][350/391], lr: 0.01000	Loss 1.0325 (1.0893)	Prec@1 75.781 (73.495)	Prec@5 89.062 (89.795)
Epoch: [34][360/391], lr: 0.01000	Loss 1.1398 (1.0888)	Prec@1 74.219 (73.518)	Prec@5 88.281 (89.783)
Epoch: [34][370/391], lr: 0.01000	Loss 0.9106 (1.0887)	Prec@1 79.688 (73.494)	Prec@5 92.188 (89.810)
Epoch: [34][380/391], lr: 0.01000	Loss 1.2869 (1.0897)	Prec@1 67.188 (73.476)	Prec@5 92.188 (89.790)
Epoch: [34][390/391], lr: 0.01000	Loss 1.2084 (1.0897)	Prec@1 66.250 (73.458)	Prec@5 91.250 (89.782)
Epoch [34] Training Results: Prec@1 73.458 Prec@5 89.782             Loss 1.08968
Epoch [34] Training Class Recall: [0.734,0.754,0.654,0.658,0.703,0.728,0.762,0.774,0.789,0.789]

Epoch: [35][0/391], lr: 0.01000	Loss 0.9854 (0.9854)	Prec@1 78.906 (78.906)	Prec@5 93.750 (93.750)
Epoch: [35][10/391], lr: 0.01000	Loss 0.9623 (1.0562)	Prec@1 72.656 (74.645)	Prec@5 94.531 (90.909)
Epoch: [35][20/391], lr: 0.01000	Loss 1.1019 (1.0603)	Prec@1 72.656 (74.442)	Prec@5 90.625 (90.848)
Epoch: [35][30/391], lr: 0.01000	Loss 1.0473 (1.0574)	Prec@1 75.000 (74.446)	Prec@5 89.062 (90.600)
Epoch: [35][40/391], lr: 0.01000	Loss 0.9931 (1.0615)	Prec@1 74.219 (74.314)	Prec@5 89.844 (90.492)
Epoch: [35][50/391], lr: 0.01000	Loss 0.9526 (1.0662)	Prec@1 74.219 (74.081)	Prec@5 93.750 (90.211)
Epoch: [35][60/391], lr: 0.01000	Loss 1.2007 (1.0692)	Prec@1 71.094 (73.988)	Prec@5 89.062 (90.151)
Epoch: [35][70/391], lr: 0.01000	Loss 0.9879 (1.0698)	Prec@1 74.219 (73.845)	Prec@5 95.312 (90.229)
Epoch: [35][80/391], lr: 0.01000	Loss 1.0742 (1.0675)	Prec@1 72.656 (73.910)	Prec@5 94.531 (90.268)
Epoch: [35][90/391], lr: 0.01000	Loss 1.0985 (1.0627)	Prec@1 75.000 (74.133)	Prec@5 90.625 (90.299)
Epoch: [35][100/391], lr: 0.01000	Loss 1.0742 (1.0618)	Prec@1 73.438 (74.188)	Prec@5 88.281 (90.231)
Epoch: [35][110/391], lr: 0.01000	Loss 1.0471 (1.0682)	Prec@1 72.656 (74.029)	Prec@5 90.625 (90.097)
Epoch: [35][120/391], lr: 0.01000	Loss 1.1073 (1.0741)	Prec@1 75.000 (73.935)	Prec@5 89.844 (89.992)
Epoch: [35][130/391], lr: 0.01000	Loss 1.0381 (1.0787)	Prec@1 74.219 (73.801)	Prec@5 89.844 (89.987)
Epoch: [35][140/391], lr: 0.01000	Loss 1.1796 (1.0794)	Prec@1 71.875 (73.803)	Prec@5 87.500 (89.977)
Epoch: [35][150/391], lr: 0.01000	Loss 1.0837 (1.0810)	Prec@1 75.000 (73.769)	Prec@5 90.625 (89.937)
Epoch: [35][160/391], lr: 0.01000	Loss 0.9171 (1.0782)	Prec@1 79.688 (73.869)	Prec@5 91.406 (89.921)
Epoch: [35][170/391], lr: 0.01000	Loss 0.9588 (1.0776)	Prec@1 75.781 (73.904)	Prec@5 94.531 (89.889)
Epoch: [35][180/391], lr: 0.01000	Loss 1.0967 (1.0817)	Prec@1 70.312 (73.783)	Prec@5 90.625 (89.848)
Epoch: [35][190/391], lr: 0.01000	Loss 0.8800 (1.0804)	Prec@1 82.031 (73.834)	Prec@5 92.969 (89.836)
Epoch: [35][200/391], lr: 0.01000	Loss 1.2188 (1.0820)	Prec@1 71.875 (73.815)	Prec@5 88.281 (89.836)
Epoch: [35][210/391], lr: 0.01000	Loss 1.1460 (1.0851)	Prec@1 71.875 (73.715)	Prec@5 90.625 (89.810)
Epoch: [35][220/391], lr: 0.01000	Loss 1.1455 (1.0865)	Prec@1 73.438 (73.692)	Prec@5 86.719 (89.777)
Epoch: [35][230/391], lr: 0.01000	Loss 1.0780 (1.0840)	Prec@1 71.875 (73.705)	Prec@5 89.062 (89.820)
Epoch: [35][240/391], lr: 0.01000	Loss 1.0186 (1.0884)	Prec@1 75.000 (73.548)	Prec@5 92.188 (89.750)
Epoch: [35][250/391], lr: 0.01000	Loss 1.1436 (1.0906)	Prec@1 72.656 (73.478)	Prec@5 89.844 (89.697)
Epoch: [35][260/391], lr: 0.01000	Loss 1.3365 (1.0899)	Prec@1 67.969 (73.512)	Prec@5 82.812 (89.715)
Epoch: [35][270/391], lr: 0.01000	Loss 1.0263 (1.0901)	Prec@1 75.000 (73.570)	Prec@5 89.844 (89.674)
Epoch: [35][280/391], lr: 0.01000	Loss 0.9140 (1.0883)	Prec@1 80.469 (73.657)	Prec@5 89.062 (89.669)
Epoch: [35][290/391], lr: 0.01000	Loss 1.0393 (1.0899)	Prec@1 75.781 (73.601)	Prec@5 89.844 (89.653)
Epoch: [35][300/391], lr: 0.01000	Loss 1.0313 (1.0910)	Prec@1 75.781 (73.554)	Prec@5 93.750 (89.667)
Epoch: [35][310/391], lr: 0.01000	Loss 1.1326 (1.0917)	Prec@1 70.312 (73.520)	Prec@5 89.062 (89.658)
Epoch: [35][320/391], lr: 0.01000	Loss 1.2843 (1.0919)	Prec@1 67.969 (73.547)	Prec@5 85.938 (89.690)
Epoch: [35][330/391], lr: 0.01000	Loss 1.2823 (1.0935)	Prec@1 64.844 (73.471)	Prec@5 89.844 (89.674)
Epoch: [35][340/391], lr: 0.01000	Loss 0.8722 (1.0936)	Prec@1 80.469 (73.454)	Prec@5 93.750 (89.681)
Epoch: [35][350/391], lr: 0.01000	Loss 1.0533 (1.0921)	Prec@1 72.656 (73.509)	Prec@5 88.281 (89.686)
Epoch: [35][360/391], lr: 0.01000	Loss 1.0824 (1.0904)	Prec@1 75.781 (73.576)	Prec@5 89.062 (89.697)
Epoch: [35][370/391], lr: 0.01000	Loss 1.1157 (1.0939)	Prec@1 75.000 (73.467)	Prec@5 85.938 (89.639)
Epoch: [35][380/391], lr: 0.01000	Loss 0.8368 (1.0935)	Prec@1 79.688 (73.474)	Prec@5 91.406 (89.628)
Epoch: [35][390/391], lr: 0.01000	Loss 1.1096 (1.0933)	Prec@1 70.000 (73.498)	Prec@5 87.500 (89.616)
Epoch [35] Training Results: Prec@1 73.498 Prec@5 89.616             Loss 1.09325
Epoch [35] Training Class Recall: [0.735,0.750,0.657,0.660,0.706,0.730,0.762,0.774,0.786,0.789]

Epoch: [36][0/391], lr: 0.01000	Loss 1.0584 (1.0584)	Prec@1 74.219 (74.219)	Prec@5 88.281 (88.281)
Epoch: [36][10/391], lr: 0.01000	Loss 1.0248 (1.0319)	Prec@1 73.438 (75.071)	Prec@5 93.750 (90.696)
Epoch: [36][20/391], lr: 0.01000	Loss 1.0687 (1.0581)	Prec@1 74.219 (74.107)	Prec@5 88.281 (90.327)
Epoch: [36][30/391], lr: 0.01000	Loss 0.8989 (1.0714)	Prec@1 78.906 (74.042)	Prec@5 92.969 (90.171)
Epoch: [36][40/391], lr: 0.01000	Loss 1.0087 (1.0620)	Prec@1 75.000 (74.295)	Prec@5 90.625 (90.034)
Epoch: [36][50/391], lr: 0.01000	Loss 1.0929 (1.0608)	Prec@1 72.656 (74.265)	Prec@5 92.188 (90.211)
Epoch: [36][60/391], lr: 0.01000	Loss 0.7934 (1.0550)	Prec@1 81.250 (74.283)	Prec@5 94.531 (90.458)
Epoch: [36][70/391], lr: 0.01000	Loss 1.0898 (1.0653)	Prec@1 75.000 (74.065)	Prec@5 91.406 (90.339)
Epoch: [36][80/391], lr: 0.01000	Loss 1.2572 (1.0673)	Prec@1 67.969 (74.035)	Prec@5 86.719 (90.172)
Epoch: [36][90/391], lr: 0.01000	Loss 1.1637 (1.0765)	Prec@1 71.875 (73.824)	Prec@5 89.844 (89.930)
Epoch: [36][100/391], lr: 0.01000	Loss 0.9819 (1.0784)	Prec@1 78.125 (73.778)	Prec@5 92.188 (89.813)
Epoch: [36][110/391], lr: 0.01000	Loss 0.9929 (1.0775)	Prec@1 76.562 (73.860)	Prec@5 90.625 (89.780)
Epoch: [36][120/391], lr: 0.01000	Loss 1.0700 (1.0782)	Prec@1 75.781 (73.883)	Prec@5 88.281 (89.760)
Epoch: [36][130/391], lr: 0.01000	Loss 0.9179 (1.0748)	Prec@1 76.562 (73.992)	Prec@5 91.406 (89.784)
Epoch: [36][140/391], lr: 0.01000	Loss 1.5068 (1.0805)	Prec@1 62.500 (73.836)	Prec@5 86.719 (89.744)
Epoch: [36][150/391], lr: 0.01000	Loss 1.1222 (1.0855)	Prec@1 70.312 (73.675)	Prec@5 88.281 (89.678)
Epoch: [36][160/391], lr: 0.01000	Loss 1.2076 (1.0866)	Prec@1 71.094 (73.636)	Prec@5 84.375 (89.679)
Epoch: [36][170/391], lr: 0.01000	Loss 1.1033 (1.0891)	Prec@1 72.656 (73.529)	Prec@5 86.719 (89.592)
Epoch: [36][180/391], lr: 0.01000	Loss 1.1205 (1.0890)	Prec@1 73.438 (73.532)	Prec@5 89.844 (89.619)
Epoch: [36][190/391], lr: 0.01000	Loss 1.2034 (1.0871)	Prec@1 71.875 (73.605)	Prec@5 85.156 (89.611)
Epoch: [36][200/391], lr: 0.01000	Loss 1.2585 (1.0882)	Prec@1 68.750 (73.531)	Prec@5 88.281 (89.614)
Epoch: [36][210/391], lr: 0.01000	Loss 1.2594 (1.0895)	Prec@1 67.188 (73.482)	Prec@5 89.844 (89.622)
Epoch: [36][220/391], lr: 0.01000	Loss 1.1660 (1.0882)	Prec@1 70.312 (73.558)	Prec@5 90.625 (89.635)
Epoch: [36][230/391], lr: 0.01000	Loss 0.9173 (1.0882)	Prec@1 78.906 (73.536)	Prec@5 91.406 (89.719)
Epoch: [36][240/391], lr: 0.01000	Loss 1.0311 (1.0896)	Prec@1 74.219 (73.499)	Prec@5 90.625 (89.743)
Epoch: [36][250/391], lr: 0.01000	Loss 1.0111 (1.0932)	Prec@1 76.562 (73.344)	Prec@5 89.844 (89.697)
Epoch: [36][260/391], lr: 0.01000	Loss 1.0684 (1.0934)	Prec@1 75.781 (73.360)	Prec@5 89.062 (89.706)
Epoch: [36][270/391], lr: 0.01000	Loss 1.0818 (1.0928)	Prec@1 74.219 (73.348)	Prec@5 92.969 (89.743)
Epoch: [36][280/391], lr: 0.01000	Loss 0.9021 (1.0934)	Prec@1 78.906 (73.335)	Prec@5 93.750 (89.724)
Epoch: [36][290/391], lr: 0.01000	Loss 1.0543 (1.0928)	Prec@1 71.094 (73.360)	Prec@5 93.750 (89.723)
Epoch: [36][300/391], lr: 0.01000	Loss 1.1058 (1.0939)	Prec@1 75.000 (73.334)	Prec@5 88.281 (89.709)
Epoch: [36][310/391], lr: 0.01000	Loss 1.0550 (1.0936)	Prec@1 75.781 (73.319)	Prec@5 89.062 (89.701)
Epoch: [36][320/391], lr: 0.01000	Loss 1.0142 (1.0913)	Prec@1 76.562 (73.367)	Prec@5 91.406 (89.749)
Epoch: [36][330/391], lr: 0.01000	Loss 0.9817 (1.0913)	Prec@1 79.688 (73.369)	Prec@5 91.406 (89.721)
Epoch: [36][340/391], lr: 0.01000	Loss 0.9470 (1.0909)	Prec@1 78.125 (73.399)	Prec@5 94.531 (89.702)
Epoch: [36][350/391], lr: 0.01000	Loss 1.1113 (1.0918)	Prec@1 75.781 (73.393)	Prec@5 89.062 (89.688)
Epoch: [36][360/391], lr: 0.01000	Loss 1.0290 (1.0918)	Prec@1 76.562 (73.394)	Prec@5 86.719 (89.660)
Epoch: [36][370/391], lr: 0.01000	Loss 1.1293 (1.0903)	Prec@1 73.438 (73.452)	Prec@5 87.500 (89.684)
Epoch: [36][380/391], lr: 0.01000	Loss 0.9191 (1.0893)	Prec@1 78.125 (73.468)	Prec@5 91.406 (89.704)
Epoch: [36][390/391], lr: 0.01000	Loss 0.8751 (1.0894)	Prec@1 80.000 (73.470)	Prec@5 96.250 (89.704)
Epoch [36] Training Results: Prec@1 73.470 Prec@5 89.704             Loss 1.08936
Epoch [36] Training Class Recall: [0.741,0.752,0.644,0.667,0.708,0.725,0.759,0.775,0.787,0.789]

Epoch: [37][0/391], lr: 0.01000	Loss 1.0225 (1.0225)	Prec@1 73.438 (73.438)	Prec@5 95.312 (95.312)
Epoch: [37][10/391], lr: 0.01000	Loss 1.0492 (1.0530)	Prec@1 75.781 (74.503)	Prec@5 89.844 (90.909)
Epoch: [37][20/391], lr: 0.01000	Loss 1.0653 (1.0661)	Prec@1 75.000 (74.368)	Prec@5 89.844 (90.327)
Epoch: [37][30/391], lr: 0.01000	Loss 1.0120 (1.0719)	Prec@1 78.125 (74.219)	Prec@5 91.406 (90.272)
Epoch: [37][40/391], lr: 0.01000	Loss 1.0603 (1.0746)	Prec@1 75.781 (73.971)	Prec@5 91.406 (90.130)
Epoch: [37][50/391], lr: 0.01000	Loss 1.1314 (1.0656)	Prec@1 73.438 (74.311)	Prec@5 87.500 (90.104)
Epoch: [37][60/391], lr: 0.01000	Loss 1.1129 (1.0684)	Prec@1 73.438 (74.321)	Prec@5 91.406 (90.010)
Epoch: [37][70/391], lr: 0.01000	Loss 1.2439 (1.0726)	Prec@1 69.531 (74.164)	Prec@5 85.938 (89.767)
Epoch: [37][80/391], lr: 0.01000	Loss 1.0711 (1.0649)	Prec@1 74.219 (74.325)	Prec@5 88.281 (89.998)
Epoch: [37][90/391], lr: 0.01000	Loss 1.3449 (1.0718)	Prec@1 63.281 (74.081)	Prec@5 89.062 (89.904)
Epoch: [37][100/391], lr: 0.01000	Loss 1.1139 (1.0761)	Prec@1 73.438 (73.909)	Prec@5 93.750 (90.014)
Epoch: [37][110/391], lr: 0.01000	Loss 1.1294 (1.0776)	Prec@1 73.438 (73.825)	Prec@5 87.500 (90.090)
Epoch: [37][120/391], lr: 0.01000	Loss 1.0928 (1.0782)	Prec@1 71.875 (73.735)	Prec@5 89.844 (90.044)
Epoch: [37][130/391], lr: 0.01000	Loss 0.9124 (1.0767)	Prec@1 78.906 (73.807)	Prec@5 88.281 (89.993)
Epoch: [37][140/391], lr: 0.01000	Loss 1.1902 (1.0808)	Prec@1 65.625 (73.681)	Prec@5 89.844 (89.877)
Epoch: [37][150/391], lr: 0.01000	Loss 1.0629 (1.0818)	Prec@1 75.000 (73.681)	Prec@5 89.844 (89.833)
Epoch: [37][160/391], lr: 0.01000	Loss 0.8709 (1.0795)	Prec@1 78.906 (73.724)	Prec@5 93.750 (89.883)
Epoch: [37][170/391], lr: 0.01000	Loss 0.9655 (1.0796)	Prec@1 71.875 (73.725)	Prec@5 93.750 (89.876)
Epoch: [37][180/391], lr: 0.01000	Loss 1.3087 (1.0831)	Prec@1 66.406 (73.627)	Prec@5 85.156 (89.839)
Epoch: [37][190/391], lr: 0.01000	Loss 1.0872 (1.0854)	Prec@1 73.438 (73.577)	Prec@5 89.062 (89.778)
Epoch: [37][200/391], lr: 0.01000	Loss 1.0686 (1.0806)	Prec@1 73.438 (73.741)	Prec@5 90.625 (89.852)
Epoch: [37][210/391], lr: 0.01000	Loss 1.1438 (1.0796)	Prec@1 71.094 (73.782)	Prec@5 89.062 (89.884)
Epoch: [37][220/391], lr: 0.01000	Loss 1.2430 (1.0821)	Prec@1 68.750 (73.703)	Prec@5 89.844 (89.890)
Epoch: [37][230/391], lr: 0.01000	Loss 1.0886 (1.0824)	Prec@1 74.219 (73.684)	Prec@5 89.062 (89.857)
Epoch: [37][240/391], lr: 0.01000	Loss 0.9054 (1.0798)	Prec@1 81.250 (73.775)	Prec@5 93.750 (89.951)
Epoch: [37][250/391], lr: 0.01000	Loss 1.1835 (1.0815)	Prec@1 72.656 (73.761)	Prec@5 88.281 (89.903)
Epoch: [37][260/391], lr: 0.01000	Loss 1.0062 (1.0803)	Prec@1 77.344 (73.764)	Prec@5 91.406 (89.916)
Epoch: [37][270/391], lr: 0.01000	Loss 1.0396 (1.0808)	Prec@1 71.875 (73.749)	Prec@5 92.188 (89.890)
Epoch: [37][280/391], lr: 0.01000	Loss 0.8105 (1.0798)	Prec@1 79.688 (73.771)	Prec@5 93.750 (89.883)
Epoch: [37][290/391], lr: 0.01000	Loss 1.0045 (1.0789)	Prec@1 78.125 (73.819)	Prec@5 91.406 (89.884)
Epoch: [37][300/391], lr: 0.01000	Loss 0.9060 (1.0798)	Prec@1 79.688 (73.811)	Prec@5 93.750 (89.862)
Epoch: [37][310/391], lr: 0.01000	Loss 1.1906 (1.0794)	Prec@1 70.312 (73.849)	Prec@5 86.719 (89.859)
Epoch: [37][320/391], lr: 0.01000	Loss 1.0048 (1.0797)	Prec@1 75.781 (73.822)	Prec@5 90.625 (89.878)
Epoch: [37][330/391], lr: 0.01000	Loss 1.2048 (1.0818)	Prec@1 69.531 (73.770)	Prec@5 89.844 (89.844)
Epoch: [37][340/391], lr: 0.01000	Loss 1.0578 (1.0825)	Prec@1 75.000 (73.742)	Prec@5 88.281 (89.821)
Epoch: [37][350/391], lr: 0.01000	Loss 1.0662 (1.0808)	Prec@1 75.000 (73.814)	Prec@5 89.844 (89.868)
Epoch: [37][360/391], lr: 0.01000	Loss 1.0658 (1.0795)	Prec@1 74.219 (73.860)	Prec@5 87.500 (89.859)
Epoch: [37][370/391], lr: 0.01000	Loss 1.0300 (1.0790)	Prec@1 77.344 (73.890)	Prec@5 91.406 (89.871)
Epoch: [37][380/391], lr: 0.01000	Loss 0.9489 (1.0805)	Prec@1 78.125 (73.862)	Prec@5 89.844 (89.836)
Epoch: [37][390/391], lr: 0.01000	Loss 1.1382 (1.0825)	Prec@1 73.750 (73.802)	Prec@5 87.500 (89.814)
Epoch [37] Training Results: Prec@1 73.802 Prec@5 89.814             Loss 1.08250
Epoch [37] Training Class Recall: [0.737,0.751,0.657,0.666,0.710,0.733,0.766,0.780,0.786,0.793]

Epoch: [38][0/391], lr: 0.01000	Loss 1.1432 (1.1432)	Prec@1 74.219 (74.219)	Prec@5 88.281 (88.281)
Epoch: [38][10/391], lr: 0.01000	Loss 1.1753 (1.0733)	Prec@1 71.094 (74.148)	Prec@5 88.281 (90.128)
Epoch: [38][20/391], lr: 0.01000	Loss 1.2280 (1.0293)	Prec@1 71.094 (75.558)	Prec@5 89.844 (90.551)
Epoch: [38][30/391], lr: 0.01000	Loss 0.9455 (1.0568)	Prec@1 78.125 (74.798)	Prec@5 92.969 (90.071)
Epoch: [38][40/391], lr: 0.01000	Loss 1.0027 (1.0490)	Prec@1 75.000 (74.867)	Prec@5 92.188 (90.454)
Epoch: [38][50/391], lr: 0.01000	Loss 0.9498 (1.0430)	Prec@1 75.000 (74.831)	Prec@5 92.188 (90.548)
Epoch: [38][60/391], lr: 0.01000	Loss 1.1932 (1.0667)	Prec@1 70.312 (74.308)	Prec@5 91.406 (90.036)
Epoch: [38][70/391], lr: 0.01000	Loss 0.9465 (1.0635)	Prec@1 78.125 (74.384)	Prec@5 91.406 (90.174)
Epoch: [38][80/391], lr: 0.01000	Loss 1.2242 (1.0495)	Prec@1 69.531 (74.769)	Prec@5 89.062 (90.432)
Epoch: [38][90/391], lr: 0.01000	Loss 0.9520 (1.0516)	Prec@1 79.688 (74.777)	Prec@5 90.625 (90.402)
Epoch: [38][100/391], lr: 0.01000	Loss 0.9411 (1.0500)	Prec@1 76.562 (74.868)	Prec@5 91.406 (90.439)
Epoch: [38][110/391], lr: 0.01000	Loss 1.1894 (1.0550)	Prec@1 72.656 (74.718)	Prec@5 92.969 (90.463)
Epoch: [38][120/391], lr: 0.01000	Loss 1.1604 (1.0577)	Prec@1 71.875 (74.638)	Prec@5 89.062 (90.418)
Epoch: [38][130/391], lr: 0.01000	Loss 1.1586 (1.0634)	Prec@1 70.312 (74.475)	Prec@5 87.500 (90.321)
Epoch: [38][140/391], lr: 0.01000	Loss 1.1006 (1.0673)	Prec@1 72.656 (74.302)	Prec@5 89.844 (90.204)
Epoch: [38][150/391], lr: 0.01000	Loss 1.1206 (1.0679)	Prec@1 71.875 (74.255)	Prec@5 87.500 (90.165)
Epoch: [38][160/391], lr: 0.01000	Loss 0.8841 (1.0675)	Prec@1 79.688 (74.262)	Prec@5 92.188 (90.130)
Epoch: [38][170/391], lr: 0.01000	Loss 1.0925 (1.0691)	Prec@1 72.656 (74.210)	Prec@5 89.844 (90.145)
Epoch: [38][180/391], lr: 0.01000	Loss 1.1942 (1.0714)	Prec@1 71.094 (74.089)	Prec@5 87.500 (90.094)
Epoch: [38][190/391], lr: 0.01000	Loss 1.1671 (1.0717)	Prec@1 71.094 (74.116)	Prec@5 89.844 (90.110)
Epoch: [38][200/391], lr: 0.01000	Loss 1.0055 (1.0725)	Prec@1 71.875 (74.098)	Prec@5 92.969 (90.058)
Epoch: [38][210/391], lr: 0.01000	Loss 1.0249 (1.0738)	Prec@1 73.438 (74.037)	Prec@5 91.406 (90.059)
Epoch: [38][220/391], lr: 0.01000	Loss 1.0055 (1.0741)	Prec@1 75.781 (74.010)	Prec@5 89.062 (90.059)
Epoch: [38][230/391], lr: 0.01000	Loss 1.1465 (1.0754)	Prec@1 71.094 (73.968)	Prec@5 89.844 (89.999)
Epoch: [38][240/391], lr: 0.01000	Loss 1.2201 (1.0740)	Prec@1 68.750 (74.021)	Prec@5 88.281 (90.009)
Epoch: [38][250/391], lr: 0.01000	Loss 1.0968 (1.0728)	Prec@1 71.094 (74.038)	Prec@5 91.406 (89.996)
Epoch: [38][260/391], lr: 0.01000	Loss 1.2718 (1.0753)	Prec@1 66.406 (73.955)	Prec@5 88.281 (90.002)
Epoch: [38][270/391], lr: 0.01000	Loss 1.1089 (1.0748)	Prec@1 73.438 (73.954)	Prec@5 89.844 (90.008)
Epoch: [38][280/391], lr: 0.01000	Loss 1.3683 (1.0759)	Prec@1 67.188 (73.899)	Prec@5 85.156 (90.027)
Epoch: [38][290/391], lr: 0.01000	Loss 0.9300 (1.0771)	Prec@1 77.344 (73.862)	Prec@5 92.969 (89.997)
Epoch: [38][300/391], lr: 0.01000	Loss 1.0664 (1.0771)	Prec@1 75.000 (73.879)	Prec@5 88.281 (89.981)
Epoch: [38][310/391], lr: 0.01000	Loss 0.9091 (1.0774)	Prec@1 78.125 (73.882)	Prec@5 91.406 (89.982)
Epoch: [38][320/391], lr: 0.01000	Loss 1.0677 (1.0776)	Prec@1 74.219 (73.912)	Prec@5 87.500 (89.934)
Epoch: [38][330/391], lr: 0.01000	Loss 1.2158 (1.0787)	Prec@1 70.312 (73.879)	Prec@5 88.281 (89.905)
Epoch: [38][340/391], lr: 0.01000	Loss 1.2142 (1.0786)	Prec@1 70.312 (73.889)	Prec@5 86.719 (89.885)
Epoch: [38][350/391], lr: 0.01000	Loss 1.2953 (1.0807)	Prec@1 68.750 (73.825)	Prec@5 83.594 (89.846)
Epoch: [38][360/391], lr: 0.01000	Loss 1.1125 (1.0812)	Prec@1 74.219 (73.808)	Prec@5 85.938 (89.818)
Epoch: [38][370/391], lr: 0.01000	Loss 1.0559 (1.0813)	Prec@1 73.438 (73.789)	Prec@5 91.406 (89.814)
Epoch: [38][380/391], lr: 0.01000	Loss 0.9543 (1.0820)	Prec@1 78.906 (73.772)	Prec@5 90.625 (89.790)
Epoch: [38][390/391], lr: 0.01000	Loss 1.2705 (1.0825)	Prec@1 68.750 (73.778)	Prec@5 86.250 (89.790)
Epoch [38] Training Results: Prec@1 73.778 Prec@5 89.790             Loss 1.08254
Epoch [38] Training Class Recall: [0.741,0.751,0.653,0.674,0.705,0.733,0.765,0.778,0.788,0.789]

Epoch: [39][0/391], lr: 0.01000	Loss 1.0410 (1.0410)	Prec@1 74.219 (74.219)	Prec@5 92.969 (92.969)
Epoch: [39][10/391], lr: 0.01000	Loss 0.9170 (1.0024)	Prec@1 81.250 (76.420)	Prec@5 89.062 (90.909)
Epoch: [39][20/391], lr: 0.01000	Loss 0.9445 (1.0463)	Prec@1 78.906 (75.112)	Prec@5 90.625 (90.253)
Epoch: [39][30/391], lr: 0.01000	Loss 1.0774 (1.0667)	Prec@1 75.781 (74.370)	Prec@5 85.938 (90.020)
Epoch: [39][40/391], lr: 0.01000	Loss 0.9735 (1.0523)	Prec@1 75.000 (74.867)	Prec@5 96.094 (90.339)
Epoch: [39][50/391], lr: 0.01000	Loss 1.1281 (1.0645)	Prec@1 73.438 (74.602)	Prec@5 89.844 (90.150)
Epoch: [39][60/391], lr: 0.01000	Loss 0.9589 (1.0550)	Prec@1 79.688 (74.885)	Prec@5 89.844 (90.254)
Epoch: [39][70/391], lr: 0.01000	Loss 1.1740 (1.0591)	Prec@1 70.312 (74.692)	Prec@5 90.625 (90.075)
Epoch: [39][80/391], lr: 0.01000	Loss 1.0777 (1.0591)	Prec@1 70.312 (74.566)	Prec@5 92.969 (90.114)
Epoch: [39][90/391], lr: 0.01000	Loss 1.0329 (1.0549)	Prec@1 75.781 (74.614)	Prec@5 92.188 (90.256)
Epoch: [39][100/391], lr: 0.01000	Loss 1.1536 (1.0547)	Prec@1 70.312 (74.582)	Prec@5 90.625 (90.207)
Epoch: [39][110/391], lr: 0.01000	Loss 1.1265 (1.0509)	Prec@1 69.531 (74.662)	Prec@5 89.844 (90.217)
Epoch: [39][120/391], lr: 0.01000	Loss 1.0025 (1.0523)	Prec@1 71.094 (74.567)	Prec@5 92.969 (90.199)
Epoch: [39][130/391], lr: 0.01000	Loss 1.2258 (1.0559)	Prec@1 68.750 (74.457)	Prec@5 85.938 (90.166)
Epoch: [39][140/391], lr: 0.01000	Loss 1.1506 (1.0542)	Prec@1 74.219 (74.496)	Prec@5 87.500 (90.209)
Epoch: [39][150/391], lr: 0.01000	Loss 1.1783 (1.0607)	Prec@1 72.656 (74.374)	Prec@5 87.500 (90.159)
Epoch: [39][160/391], lr: 0.01000	Loss 0.9314 (1.0680)	Prec@1 78.125 (74.175)	Prec@5 93.750 (90.077)
Epoch: [39][170/391], lr: 0.01000	Loss 1.0898 (1.0727)	Prec@1 72.656 (74.059)	Prec@5 89.844 (89.963)
Epoch: [39][180/391], lr: 0.01000	Loss 1.0270 (1.0681)	Prec@1 75.000 (74.223)	Prec@5 92.188 (90.025)
Epoch: [39][190/391], lr: 0.01000	Loss 0.8936 (1.0709)	Prec@1 80.469 (74.133)	Prec@5 93.750 (90.007)
Epoch: [39][200/391], lr: 0.01000	Loss 0.9611 (1.0714)	Prec@1 78.906 (74.141)	Prec@5 94.531 (90.015)
Epoch: [39][210/391], lr: 0.01000	Loss 1.2203 (1.0753)	Prec@1 71.875 (74.052)	Prec@5 87.500 (89.977)
Epoch: [39][220/391], lr: 0.01000	Loss 0.8820 (1.0722)	Prec@1 79.688 (74.148)	Prec@5 93.750 (90.010)
Epoch: [39][230/391], lr: 0.01000	Loss 1.0431 (1.0735)	Prec@1 74.219 (74.097)	Prec@5 89.844 (90.040)
Epoch: [39][240/391], lr: 0.01000	Loss 1.0403 (1.0756)	Prec@1 75.781 (74.066)	Prec@5 91.406 (90.003)
Epoch: [39][250/391], lr: 0.01000	Loss 1.0770 (1.0765)	Prec@1 73.438 (74.026)	Prec@5 90.625 (90.009)
Epoch: [39][260/391], lr: 0.01000	Loss 1.1252 (1.0785)	Prec@1 74.219 (73.970)	Prec@5 88.281 (89.940)
Epoch: [39][270/391], lr: 0.01000	Loss 0.8124 (1.0790)	Prec@1 82.812 (73.942)	Prec@5 91.406 (89.942)
Epoch: [39][280/391], lr: 0.01000	Loss 1.0810 (1.0772)	Prec@1 75.781 (73.994)	Prec@5 89.062 (89.958)
Epoch: [39][290/391], lr: 0.01000	Loss 1.0332 (1.0787)	Prec@1 75.000 (73.934)	Prec@5 92.188 (89.932)
Epoch: [39][300/391], lr: 0.01000	Loss 1.1059 (1.0807)	Prec@1 75.000 (73.871)	Prec@5 90.625 (89.890)
Epoch: [39][310/391], lr: 0.01000	Loss 0.7956 (1.0789)	Prec@1 82.812 (73.945)	Prec@5 90.625 (89.886)
Epoch: [39][320/391], lr: 0.01000	Loss 0.9675 (1.0790)	Prec@1 78.906 (73.973)	Prec@5 90.625 (89.871)
Epoch: [39][330/391], lr: 0.01000	Loss 1.1868 (1.0796)	Prec@1 73.438 (73.957)	Prec@5 87.500 (89.863)
Epoch: [39][340/391], lr: 0.01000	Loss 1.1911 (1.0790)	Prec@1 71.875 (73.990)	Prec@5 89.062 (89.860)
Epoch: [39][350/391], lr: 0.01000	Loss 1.1573 (1.0803)	Prec@1 68.750 (73.929)	Prec@5 90.625 (89.855)
Epoch: [39][360/391], lr: 0.01000	Loss 1.1743 (1.0794)	Prec@1 70.312 (73.957)	Prec@5 91.406 (89.861)
Epoch: [39][370/391], lr: 0.01000	Loss 1.2753 (1.0808)	Prec@1 67.969 (73.894)	Prec@5 88.281 (89.837)
Epoch: [39][380/391], lr: 0.01000	Loss 1.0910 (1.0828)	Prec@1 71.875 (73.833)	Prec@5 92.188 (89.805)
Epoch: [39][390/391], lr: 0.01000	Loss 0.9237 (1.0829)	Prec@1 78.750 (73.844)	Prec@5 90.000 (89.758)
Epoch [39] Training Results: Prec@1 73.844 Prec@5 89.758             Loss 1.08294
Epoch [39] Training Class Recall: [0.742,0.754,0.650,0.676,0.705,0.732,0.763,0.780,0.789,0.791]

Epoch: [40][0/391], lr: 0.01000	Loss 0.9821 (0.9821)	Prec@1 77.344 (77.344)	Prec@5 93.750 (93.750)
Epoch: [40][10/391], lr: 0.01000	Loss 1.0415 (1.0692)	Prec@1 76.562 (74.148)	Prec@5 89.062 (89.631)
Epoch: [40][20/391], lr: 0.01000	Loss 1.1075 (1.0925)	Prec@1 72.656 (73.289)	Prec@5 89.062 (89.769)
Epoch: [40][30/391], lr: 0.01000	Loss 0.9361 (1.0746)	Prec@1 78.125 (73.916)	Prec@5 92.969 (89.718)
Epoch: [40][40/391], lr: 0.01000	Loss 0.9136 (1.0543)	Prec@1 76.562 (74.505)	Prec@5 92.969 (89.996)
Epoch: [40][50/391], lr: 0.01000	Loss 0.8787 (1.0548)	Prec@1 75.000 (74.449)	Prec@5 92.188 (89.997)
Epoch: [40][60/391], lr: 0.01000	Loss 0.8394 (1.0593)	Prec@1 82.812 (74.244)	Prec@5 92.188 (90.100)
Epoch: [40][70/391], lr: 0.01000	Loss 1.2214 (1.0602)	Prec@1 71.094 (74.340)	Prec@5 89.844 (89.932)
Epoch: [40][80/391], lr: 0.01000	Loss 1.1073 (1.0689)	Prec@1 71.875 (74.026)	Prec@5 92.969 (89.988)
Epoch: [40][90/391], lr: 0.01000	Loss 0.8759 (1.0688)	Prec@1 79.688 (74.107)	Prec@5 93.750 (89.955)
Epoch: [40][100/391], lr: 0.01000	Loss 1.2029 (1.0728)	Prec@1 71.875 (74.103)	Prec@5 85.938 (89.921)
Epoch: [40][110/391], lr: 0.01000	Loss 1.0450 (1.0720)	Prec@1 75.000 (74.191)	Prec@5 93.750 (89.921)
Epoch: [40][120/391], lr: 0.01000	Loss 1.1287 (1.0678)	Prec@1 72.656 (74.277)	Prec@5 89.062 (89.960)
Epoch: [40][130/391], lr: 0.01000	Loss 1.0244 (1.0685)	Prec@1 76.562 (74.260)	Prec@5 88.281 (89.909)
Epoch: [40][140/391], lr: 0.01000	Loss 0.9929 (1.0689)	Prec@1 77.344 (74.213)	Prec@5 89.844 (89.988)
Epoch: [40][150/391], lr: 0.01000	Loss 1.3067 (1.0669)	Prec@1 67.969 (74.219)	Prec@5 85.938 (90.030)
Epoch: [40][160/391], lr: 0.01000	Loss 0.9332 (1.0681)	Prec@1 78.906 (74.122)	Prec@5 95.312 (90.086)
Epoch: [40][170/391], lr: 0.01000	Loss 1.2401 (1.0692)	Prec@1 71.094 (74.137)	Prec@5 85.156 (90.068)
Epoch: [40][180/391], lr: 0.01000	Loss 0.9724 (1.0729)	Prec@1 78.906 (73.977)	Prec@5 92.188 (90.021)
Epoch: [40][190/391], lr: 0.01000	Loss 1.1322 (1.0719)	Prec@1 71.875 (74.018)	Prec@5 86.719 (90.011)
Epoch: [40][200/391], lr: 0.01000	Loss 0.9962 (1.0715)	Prec@1 76.562 (74.079)	Prec@5 90.625 (89.980)
Epoch: [40][210/391], lr: 0.01000	Loss 0.9574 (1.0723)	Prec@1 77.344 (74.085)	Prec@5 92.969 (89.977)
Epoch: [40][220/391], lr: 0.01000	Loss 1.0339 (1.0721)	Prec@1 71.875 (74.116)	Prec@5 91.406 (89.967)
Epoch: [40][230/391], lr: 0.01000	Loss 1.0804 (1.0756)	Prec@1 75.781 (74.012)	Prec@5 85.938 (89.898)
Epoch: [40][240/391], lr: 0.01000	Loss 1.1837 (1.0786)	Prec@1 72.656 (73.917)	Prec@5 83.594 (89.837)
Epoch: [40][250/391], lr: 0.01000	Loss 0.9791 (1.0799)	Prec@1 79.688 (73.889)	Prec@5 90.625 (89.813)
Epoch: [40][260/391], lr: 0.01000	Loss 0.9775 (1.0762)	Prec@1 76.562 (73.994)	Prec@5 90.625 (89.850)
Epoch: [40][270/391], lr: 0.01000	Loss 1.2959 (1.0781)	Prec@1 66.406 (73.956)	Prec@5 83.594 (89.801)
Epoch: [40][280/391], lr: 0.01000	Loss 1.2442 (1.0804)	Prec@1 70.312 (73.921)	Prec@5 87.500 (89.733)
Epoch: [40][290/391], lr: 0.01000	Loss 0.8831 (1.0789)	Prec@1 81.250 (73.977)	Prec@5 91.406 (89.726)
Epoch: [40][300/391], lr: 0.01000	Loss 0.8886 (1.0765)	Prec@1 82.031 (74.058)	Prec@5 96.094 (89.787)
Epoch: [40][310/391], lr: 0.01000	Loss 1.0116 (1.0780)	Prec@1 75.000 (74.005)	Prec@5 91.406 (89.761)
Epoch: [40][320/391], lr: 0.01000	Loss 1.2878 (1.0774)	Prec@1 69.531 (74.012)	Prec@5 85.938 (89.766)
Epoch: [40][330/391], lr: 0.01000	Loss 0.8406 (1.0776)	Prec@1 81.250 (74.002)	Prec@5 92.188 (89.785)
Epoch: [40][340/391], lr: 0.01000	Loss 0.9495 (1.0768)	Prec@1 79.688 (74.047)	Prec@5 90.625 (89.782)
Epoch: [40][350/391], lr: 0.01000	Loss 1.2188 (1.0783)	Prec@1 71.094 (74.032)	Prec@5 86.719 (89.741)
Epoch: [40][360/391], lr: 0.01000	Loss 1.0066 (1.0780)	Prec@1 76.562 (74.024)	Prec@5 89.062 (89.742)
Epoch: [40][370/391], lr: 0.01000	Loss 1.1050 (1.0786)	Prec@1 72.656 (74.000)	Prec@5 86.719 (89.722)
Epoch: [40][380/391], lr: 0.01000	Loss 1.2873 (1.0774)	Prec@1 69.531 (74.044)	Prec@5 83.594 (89.733)
Epoch: [40][390/391], lr: 0.01000	Loss 1.0961 (1.0768)	Prec@1 71.250 (74.068)	Prec@5 91.250 (89.738)
Epoch [40] Training Results: Prec@1 74.068 Prec@5 89.738             Loss 1.07683
Epoch [40] Training Class Recall: [0.742,0.754,0.660,0.670,0.712,0.737,0.770,0.779,0.790,0.791]

Epoch: [41][0/391], lr: 0.01000	Loss 1.0502 (1.0502)	Prec@1 74.219 (74.219)	Prec@5 89.844 (89.844)
Epoch: [41][10/391], lr: 0.01000	Loss 0.9141 (1.0410)	Prec@1 79.688 (74.361)	Prec@5 92.969 (90.341)
Epoch: [41][20/391], lr: 0.01000	Loss 1.0166 (1.0260)	Prec@1 74.219 (74.740)	Prec@5 93.750 (91.034)
Epoch: [41][30/391], lr: 0.01000	Loss 1.0588 (1.0494)	Prec@1 75.781 (74.269)	Prec@5 89.062 (90.776)
Epoch: [41][40/391], lr: 0.01000	Loss 0.9520 (1.0502)	Prec@1 77.344 (74.371)	Prec@5 94.531 (90.511)
Epoch: [41][50/391], lr: 0.01000	Loss 1.0019 (1.0507)	Prec@1 75.781 (74.341)	Prec@5 91.406 (90.411)
Epoch: [41][60/391], lr: 0.01000	Loss 1.2019 (1.0502)	Prec@1 73.438 (74.501)	Prec@5 86.719 (90.292)
Epoch: [41][70/391], lr: 0.01000	Loss 1.1474 (1.0496)	Prec@1 67.969 (74.516)	Prec@5 87.500 (90.218)
Epoch: [41][80/391], lr: 0.01000	Loss 1.2879 (1.0517)	Prec@1 70.312 (74.585)	Prec@5 82.812 (90.095)
Epoch: [41][90/391], lr: 0.01000	Loss 1.1472 (1.0520)	Prec@1 72.656 (74.571)	Prec@5 89.844 (90.204)
Epoch: [41][100/391], lr: 0.01000	Loss 1.1460 (1.0498)	Prec@1 70.312 (74.559)	Prec@5 88.281 (90.200)
Epoch: [41][110/391], lr: 0.01000	Loss 1.3672 (1.0528)	Prec@1 67.969 (74.458)	Prec@5 83.594 (90.168)
Epoch: [41][120/391], lr: 0.01000	Loss 1.1866 (1.0611)	Prec@1 71.094 (74.257)	Prec@5 91.406 (90.063)
Epoch: [41][130/391], lr: 0.01000	Loss 1.1892 (1.0657)	Prec@1 70.312 (74.135)	Prec@5 87.500 (89.915)
Epoch: [41][140/391], lr: 0.01000	Loss 0.9054 (1.0659)	Prec@1 81.250 (74.136)	Prec@5 89.062 (89.866)
Epoch: [41][150/391], lr: 0.01000	Loss 1.1354 (1.0723)	Prec@1 73.438 (73.929)	Prec@5 85.938 (89.813)
Epoch: [41][160/391], lr: 0.01000	Loss 1.2206 (1.0718)	Prec@1 67.188 (73.991)	Prec@5 87.500 (89.805)
Epoch: [41][170/391], lr: 0.01000	Loss 1.0451 (1.0745)	Prec@1 72.656 (73.894)	Prec@5 90.625 (89.734)
Epoch: [41][180/391], lr: 0.01000	Loss 1.0543 (1.0714)	Prec@1 72.656 (74.007)	Prec@5 88.281 (89.766)
Epoch: [41][190/391], lr: 0.01000	Loss 1.3523 (1.0732)	Prec@1 64.844 (73.986)	Prec@5 88.281 (89.717)
Epoch: [41][200/391], lr: 0.01000	Loss 1.3475 (1.0738)	Prec@1 66.406 (73.970)	Prec@5 86.719 (89.739)
Epoch: [41][210/391], lr: 0.01000	Loss 0.9210 (1.0755)	Prec@1 80.469 (73.934)	Prec@5 92.188 (89.696)
Epoch: [41][220/391], lr: 0.01000	Loss 1.0673 (1.0721)	Prec@1 75.781 (74.053)	Prec@5 92.188 (89.752)
Epoch: [41][230/391], lr: 0.01000	Loss 1.0350 (1.0726)	Prec@1 72.656 (73.989)	Prec@5 92.188 (89.759)
Epoch: [41][240/391], lr: 0.01000	Loss 1.1869 (1.0710)	Prec@1 69.531 (74.018)	Prec@5 90.625 (89.815)
Epoch: [41][250/391], lr: 0.01000	Loss 1.0974 (1.0720)	Prec@1 73.438 (73.992)	Prec@5 89.062 (89.816)
Epoch: [41][260/391], lr: 0.01000	Loss 0.9691 (1.0732)	Prec@1 72.656 (73.934)	Prec@5 95.312 (89.832)
Epoch: [41][270/391], lr: 0.01000	Loss 1.0455 (1.0752)	Prec@1 75.781 (73.884)	Prec@5 90.625 (89.795)
Epoch: [41][280/391], lr: 0.01000	Loss 1.0832 (1.0743)	Prec@1 71.094 (73.896)	Prec@5 89.062 (89.827)
Epoch: [41][290/391], lr: 0.01000	Loss 0.9362 (1.0747)	Prec@1 76.562 (73.891)	Prec@5 92.188 (89.817)
Epoch: [41][300/391], lr: 0.01000	Loss 1.1455 (1.0767)	Prec@1 71.875 (73.822)	Prec@5 90.625 (89.810)
Epoch: [41][310/391], lr: 0.01000	Loss 0.9197 (1.0751)	Prec@1 77.344 (73.849)	Prec@5 92.969 (89.836)
Epoch: [41][320/391], lr: 0.01000	Loss 0.8248 (1.0767)	Prec@1 82.031 (73.820)	Prec@5 94.531 (89.800)
Epoch: [41][330/391], lr: 0.01000	Loss 1.1581 (1.0775)	Prec@1 70.312 (73.799)	Prec@5 87.500 (89.801)
Epoch: [41][340/391], lr: 0.01000	Loss 1.2707 (1.0793)	Prec@1 70.312 (73.749)	Prec@5 83.594 (89.775)
Epoch: [41][350/391], lr: 0.01000	Loss 1.2134 (1.0786)	Prec@1 73.438 (73.789)	Prec@5 85.156 (89.757)
Epoch: [41][360/391], lr: 0.01000	Loss 1.0274 (1.0793)	Prec@1 76.562 (73.801)	Prec@5 91.406 (89.757)
Epoch: [41][370/391], lr: 0.01000	Loss 1.1061 (1.0786)	Prec@1 71.875 (73.827)	Prec@5 89.062 (89.783)
Epoch: [41][380/391], lr: 0.01000	Loss 1.0894 (1.0776)	Prec@1 74.219 (73.872)	Prec@5 87.500 (89.776)
Epoch: [41][390/391], lr: 0.01000	Loss 1.4382 (1.0796)	Prec@1 61.250 (73.804)	Prec@5 87.500 (89.756)
Epoch [41] Training Results: Prec@1 73.804 Prec@5 89.756             Loss 1.07961
Epoch [41] Training Class Recall: [0.740,0.753,0.657,0.674,0.707,0.735,0.759,0.777,0.787,0.790]

Epoch: [42][0/391], lr: 0.01000	Loss 1.1773 (1.1773)	Prec@1 71.094 (71.094)	Prec@5 90.625 (90.625)
Epoch: [42][10/391], lr: 0.01000	Loss 0.8367 (1.0354)	Prec@1 79.688 (75.000)	Prec@5 95.312 (90.909)
Epoch: [42][20/391], lr: 0.01000	Loss 1.1616 (1.0392)	Prec@1 70.312 (75.260)	Prec@5 89.844 (90.588)
Epoch: [42][30/391], lr: 0.01000	Loss 1.1633 (1.0325)	Prec@1 72.656 (75.504)	Prec@5 89.062 (90.902)
Epoch: [42][40/391], lr: 0.01000	Loss 1.2359 (1.0330)	Prec@1 70.312 (75.534)	Prec@5 88.281 (90.663)
Epoch: [42][50/391], lr: 0.01000	Loss 1.1130 (1.0327)	Prec@1 72.656 (75.352)	Prec@5 89.062 (90.717)
Epoch: [42][60/391], lr: 0.01000	Loss 1.2156 (1.0453)	Prec@1 71.094 (74.987)	Prec@5 89.062 (90.535)
Epoch: [42][70/391], lr: 0.01000	Loss 1.2445 (1.0506)	Prec@1 68.750 (74.791)	Prec@5 86.719 (90.328)
Epoch: [42][80/391], lr: 0.01000	Loss 1.1228 (1.0426)	Prec@1 74.219 (75.087)	Prec@5 88.281 (90.336)
Epoch: [42][90/391], lr: 0.01000	Loss 1.2020 (1.0415)	Prec@1 71.875 (75.094)	Prec@5 86.719 (90.359)
Epoch: [42][100/391], lr: 0.01000	Loss 1.1573 (1.0460)	Prec@1 70.312 (74.876)	Prec@5 92.188 (90.401)
Epoch: [42][110/391], lr: 0.01000	Loss 1.0188 (1.0508)	Prec@1 73.438 (74.697)	Prec@5 92.188 (90.322)
Epoch: [42][120/391], lr: 0.01000	Loss 1.0610 (1.0549)	Prec@1 76.562 (74.587)	Prec@5 92.188 (90.244)
Epoch: [42][130/391], lr: 0.01000	Loss 1.1783 (1.0574)	Prec@1 72.656 (74.493)	Prec@5 89.062 (90.255)
Epoch: [42][140/391], lr: 0.01000	Loss 1.0688 (1.0599)	Prec@1 74.219 (74.418)	Prec@5 89.062 (90.198)
Epoch: [42][150/391], lr: 0.01000	Loss 1.1176 (1.0603)	Prec@1 74.219 (74.431)	Prec@5 88.281 (90.144)
Epoch: [42][160/391], lr: 0.01000	Loss 0.9448 (1.0607)	Prec@1 78.906 (74.466)	Prec@5 92.188 (90.043)
Epoch: [42][170/391], lr: 0.01000	Loss 1.0342 (1.0651)	Prec@1 75.781 (74.347)	Prec@5 92.188 (89.940)
Epoch: [42][180/391], lr: 0.01000	Loss 1.0777 (1.0631)	Prec@1 74.219 (74.400)	Prec@5 89.062 (89.960)
Epoch: [42][190/391], lr: 0.01000	Loss 1.0599 (1.0668)	Prec@1 76.562 (74.333)	Prec@5 94.531 (89.938)
Epoch: [42][200/391], lr: 0.01000	Loss 1.0316 (1.0689)	Prec@1 77.344 (74.335)	Prec@5 91.406 (89.910)
Epoch: [42][210/391], lr: 0.01000	Loss 1.1683 (1.0680)	Prec@1 70.312 (74.345)	Prec@5 92.188 (89.944)
Epoch: [42][220/391], lr: 0.01000	Loss 0.9693 (1.0707)	Prec@1 76.562 (74.243)	Prec@5 90.625 (89.890)
Epoch: [42][230/391], lr: 0.01000	Loss 1.0119 (1.0692)	Prec@1 75.781 (74.297)	Prec@5 89.844 (89.942)
Epoch: [42][240/391], lr: 0.01000	Loss 1.1798 (1.0710)	Prec@1 71.875 (74.264)	Prec@5 85.938 (89.886)
Epoch: [42][250/391], lr: 0.01000	Loss 0.9482 (1.0716)	Prec@1 79.688 (74.275)	Prec@5 92.188 (89.872)
Epoch: [42][260/391], lr: 0.01000	Loss 0.8060 (1.0722)	Prec@1 85.938 (74.258)	Prec@5 93.750 (89.883)
Epoch: [42][270/391], lr: 0.01000	Loss 1.2000 (1.0722)	Prec@1 71.094 (74.276)	Prec@5 92.188 (89.864)
Epoch: [42][280/391], lr: 0.01000	Loss 1.0845 (1.0731)	Prec@1 72.656 (74.277)	Prec@5 91.406 (89.863)
Epoch: [42][290/391], lr: 0.01000	Loss 1.1279 (1.0738)	Prec@1 72.656 (74.256)	Prec@5 89.844 (89.857)
Epoch: [42][300/391], lr: 0.01000	Loss 1.0654 (1.0734)	Prec@1 75.000 (74.260)	Prec@5 92.969 (89.885)
Epoch: [42][310/391], lr: 0.01000	Loss 0.9393 (1.0730)	Prec@1 79.688 (74.282)	Prec@5 91.406 (89.886)
Epoch: [42][320/391], lr: 0.01000	Loss 1.0945 (1.0734)	Prec@1 71.094 (74.263)	Prec@5 89.844 (89.885)
Epoch: [42][330/391], lr: 0.01000	Loss 1.2470 (1.0735)	Prec@1 70.312 (74.292)	Prec@5 87.500 (89.846)
Epoch: [42][340/391], lr: 0.01000	Loss 1.0855 (1.0734)	Prec@1 74.219 (74.278)	Prec@5 88.281 (89.857)
Epoch: [42][350/391], lr: 0.01000	Loss 1.0182 (1.0737)	Prec@1 75.000 (74.254)	Prec@5 89.844 (89.844)
Epoch: [42][360/391], lr: 0.01000	Loss 1.3153 (1.0748)	Prec@1 66.406 (74.197)	Prec@5 87.500 (89.829)
Epoch: [42][370/391], lr: 0.01000	Loss 1.1083 (1.0764)	Prec@1 71.094 (74.128)	Prec@5 87.500 (89.812)
Epoch: [42][380/391], lr: 0.01000	Loss 1.2859 (1.0781)	Prec@1 69.531 (74.096)	Prec@5 85.938 (89.786)
Epoch: [42][390/391], lr: 0.01000	Loss 1.1717 (1.0788)	Prec@1 72.500 (74.078)	Prec@5 83.750 (89.762)
Epoch [42] Training Results: Prec@1 74.078 Prec@5 89.762             Loss 1.07876
Epoch [42] Training Class Recall: [0.744,0.756,0.664,0.676,0.713,0.731,0.764,0.780,0.787,0.790]

Epoch: [43][0/391], lr: 0.01000	Loss 1.1237 (1.1237)	Prec@1 70.312 (70.312)	Prec@5 92.188 (92.188)
Epoch: [43][10/391], lr: 0.01000	Loss 0.9142 (1.0553)	Prec@1 78.125 (73.366)	Prec@5 93.750 (91.051)
Epoch: [43][20/391], lr: 0.01000	Loss 1.2563 (1.0937)	Prec@1 70.312 (72.805)	Prec@5 86.719 (90.290)
Epoch: [43][30/391], lr: 0.01000	Loss 1.2475 (1.0799)	Prec@1 66.406 (73.337)	Prec@5 86.719 (90.373)
Epoch: [43][40/391], lr: 0.01000	Loss 1.0276 (1.0837)	Prec@1 77.344 (73.285)	Prec@5 89.062 (90.263)
Epoch: [43][50/391], lr: 0.01000	Loss 1.0037 (1.0835)	Prec@1 75.781 (73.361)	Prec@5 90.625 (90.104)
Epoch: [43][60/391], lr: 0.01000	Loss 1.2356 (1.0824)	Prec@1 71.094 (73.566)	Prec@5 88.281 (90.126)
Epoch: [43][70/391], lr: 0.01000	Loss 1.1394 (1.0809)	Prec@1 72.656 (73.592)	Prec@5 87.500 (90.064)
Epoch: [43][80/391], lr: 0.01000	Loss 1.1178 (1.0772)	Prec@1 73.438 (73.756)	Prec@5 90.625 (90.162)
Epoch: [43][90/391], lr: 0.01000	Loss 1.0579 (1.0784)	Prec@1 75.781 (73.824)	Prec@5 90.625 (90.110)
Epoch: [43][100/391], lr: 0.01000	Loss 0.9094 (1.0752)	Prec@1 78.906 (73.956)	Prec@5 91.406 (90.145)
Epoch: [43][110/391], lr: 0.01000	Loss 1.0832 (1.0744)	Prec@1 73.438 (73.930)	Prec@5 87.500 (90.097)
Epoch: [43][120/391], lr: 0.01000	Loss 0.9529 (1.0781)	Prec@1 78.125 (73.838)	Prec@5 92.188 (90.012)
Epoch: [43][130/391], lr: 0.01000	Loss 1.0838 (1.0750)	Prec@1 73.438 (73.903)	Prec@5 88.281 (90.029)
Epoch: [43][140/391], lr: 0.01000	Loss 1.1154 (1.0733)	Prec@1 71.875 (73.947)	Prec@5 87.500 (89.982)
Epoch: [43][150/391], lr: 0.01000	Loss 1.1572 (1.0766)	Prec@1 74.219 (73.862)	Prec@5 92.188 (89.937)
Epoch: [43][160/391], lr: 0.01000	Loss 0.9007 (1.0764)	Prec@1 78.125 (73.850)	Prec@5 92.188 (89.984)
Epoch: [43][170/391], lr: 0.01000	Loss 0.9608 (1.0763)	Prec@1 78.125 (73.913)	Prec@5 90.625 (90.008)
Epoch: [43][180/391], lr: 0.01000	Loss 1.0984 (1.0783)	Prec@1 72.656 (73.891)	Prec@5 85.156 (89.952)
Epoch: [43][190/391], lr: 0.01000	Loss 1.1661 (1.0745)	Prec@1 69.531 (74.002)	Prec@5 88.281 (89.987)
Epoch: [43][200/391], lr: 0.01000	Loss 0.9673 (1.0738)	Prec@1 75.781 (74.048)	Prec@5 92.188 (90.015)
Epoch: [43][210/391], lr: 0.01000	Loss 1.0191 (1.0761)	Prec@1 75.781 (73.967)	Prec@5 92.969 (89.999)
Epoch: [43][220/391], lr: 0.01000	Loss 0.9841 (1.0776)	Prec@1 77.344 (73.925)	Prec@5 91.406 (90.003)
Epoch: [43][230/391], lr: 0.01000	Loss 0.8804 (1.0802)	Prec@1 82.812 (73.874)	Prec@5 89.844 (89.905)
Epoch: [43][240/391], lr: 0.01000	Loss 1.1258 (1.0803)	Prec@1 72.656 (73.849)	Prec@5 92.188 (89.896)
Epoch: [43][250/391], lr: 0.01000	Loss 1.0561 (1.0800)	Prec@1 76.562 (73.839)	Prec@5 87.500 (89.875)
Epoch: [43][260/391], lr: 0.01000	Loss 0.9957 (1.0788)	Prec@1 77.344 (73.857)	Prec@5 92.969 (89.910)
Epoch: [43][270/391], lr: 0.01000	Loss 1.0720 (1.0796)	Prec@1 75.000 (73.821)	Prec@5 91.406 (89.893)
Epoch: [43][280/391], lr: 0.01000	Loss 0.9272 (1.0789)	Prec@1 76.562 (73.852)	Prec@5 95.312 (89.894)
Epoch: [43][290/391], lr: 0.01000	Loss 1.0175 (1.0785)	Prec@1 75.000 (73.846)	Prec@5 92.969 (89.916)
Epoch: [43][300/391], lr: 0.01000	Loss 1.1475 (1.0800)	Prec@1 71.875 (73.819)	Prec@5 88.281 (89.877)
Epoch: [43][310/391], lr: 0.01000	Loss 0.9899 (1.0797)	Prec@1 77.344 (73.839)	Prec@5 92.188 (89.899)
Epoch: [43][320/391], lr: 0.01000	Loss 0.9685 (1.0796)	Prec@1 76.562 (73.844)	Prec@5 92.188 (89.892)
Epoch: [43][330/391], lr: 0.01000	Loss 1.0870 (1.0812)	Prec@1 72.656 (73.794)	Prec@5 89.062 (89.860)
Epoch: [43][340/391], lr: 0.01000	Loss 1.1060 (1.0805)	Prec@1 72.656 (73.804)	Prec@5 90.625 (89.892)
Epoch: [43][350/391], lr: 0.01000	Loss 1.3831 (1.0802)	Prec@1 64.844 (73.820)	Prec@5 84.375 (89.897)
Epoch: [43][360/391], lr: 0.01000	Loss 1.3570 (1.0800)	Prec@1 65.625 (73.840)	Prec@5 82.812 (89.876)
Epoch: [43][370/391], lr: 0.01000	Loss 1.2157 (1.0791)	Prec@1 70.312 (73.861)	Prec@5 92.188 (89.903)
Epoch: [43][380/391], lr: 0.01000	Loss 1.1163 (1.0794)	Prec@1 72.656 (73.852)	Prec@5 90.625 (89.891)
Epoch: [43][390/391], lr: 0.01000	Loss 1.0864 (1.0781)	Prec@1 75.000 (73.880)	Prec@5 87.500 (89.904)
Epoch [43] Training Results: Prec@1 73.880 Prec@5 89.904             Loss 1.07811
Epoch [43] Training Class Recall: [0.737,0.755,0.654,0.682,0.708,0.731,0.768,0.777,0.785,0.791]

Epoch: [44][0/391], lr: 0.01000	Loss 1.2435 (1.2435)	Prec@1 70.312 (70.312)	Prec@5 87.500 (87.500)
Epoch: [44][10/391], lr: 0.01000	Loss 0.8094 (1.0377)	Prec@1 79.688 (75.142)	Prec@5 94.531 (90.057)
Epoch: [44][20/391], lr: 0.01000	Loss 0.8443 (1.0326)	Prec@1 83.594 (75.595)	Prec@5 89.844 (89.918)
Epoch: [44][30/391], lr: 0.01000	Loss 1.0036 (1.0391)	Prec@1 77.344 (75.252)	Prec@5 90.625 (90.071)
Epoch: [44][40/391], lr: 0.01000	Loss 1.0140 (1.0464)	Prec@1 75.000 (75.019)	Prec@5 89.844 (90.263)
Epoch: [44][50/391], lr: 0.01000	Loss 0.9570 (1.0607)	Prec@1 77.344 (74.556)	Prec@5 91.406 (90.196)
Epoch: [44][60/391], lr: 0.01000	Loss 1.1758 (1.0613)	Prec@1 71.875 (74.488)	Prec@5 89.844 (90.023)
Epoch: [44][70/391], lr: 0.01000	Loss 1.0607 (1.0601)	Prec@1 75.000 (74.582)	Prec@5 89.062 (89.976)
Epoch: [44][80/391], lr: 0.01000	Loss 1.1152 (1.0615)	Prec@1 71.875 (74.508)	Prec@5 92.188 (89.988)
Epoch: [44][90/391], lr: 0.01000	Loss 0.9660 (1.0633)	Prec@1 77.344 (74.519)	Prec@5 91.406 (89.990)
Epoch: [44][100/391], lr: 0.01000	Loss 0.9956 (1.0678)	Prec@1 73.438 (74.250)	Prec@5 91.406 (90.014)
Epoch: [44][110/391], lr: 0.01000	Loss 1.0584 (1.0668)	Prec@1 72.656 (74.254)	Prec@5 89.844 (89.956)
Epoch: [44][120/391], lr: 0.01000	Loss 0.9982 (1.0644)	Prec@1 76.562 (74.400)	Prec@5 92.969 (90.044)
Epoch: [44][130/391], lr: 0.01000	Loss 1.2165 (1.0664)	Prec@1 68.750 (74.374)	Prec@5 88.281 (90.011)
Epoch: [44][140/391], lr: 0.01000	Loss 1.0229 (1.0678)	Prec@1 73.438 (74.274)	Prec@5 90.625 (90.021)
Epoch: [44][150/391], lr: 0.01000	Loss 1.0568 (1.0718)	Prec@1 75.000 (74.120)	Prec@5 89.844 (89.937)
Epoch: [44][160/391], lr: 0.01000	Loss 1.0878 (1.0676)	Prec@1 72.656 (74.253)	Prec@5 89.844 (90.052)
Epoch: [44][170/391], lr: 0.01000	Loss 1.1891 (1.0672)	Prec@1 69.531 (74.237)	Prec@5 90.625 (90.058)
Epoch: [44][180/391], lr: 0.01000	Loss 0.9391 (1.0701)	Prec@1 78.125 (74.132)	Prec@5 89.844 (90.008)
Epoch: [44][190/391], lr: 0.01000	Loss 1.1620 (1.0696)	Prec@1 72.656 (74.166)	Prec@5 87.500 (89.971)
Epoch: [44][200/391], lr: 0.01000	Loss 1.1774 (1.0701)	Prec@1 71.094 (74.145)	Prec@5 89.844 (89.906)
Epoch: [44][210/391], lr: 0.01000	Loss 0.8908 (1.0711)	Prec@1 80.469 (74.141)	Prec@5 91.406 (89.836)
Epoch: [44][220/391], lr: 0.01000	Loss 1.1721 (1.0710)	Prec@1 71.875 (74.116)	Prec@5 90.625 (89.876)
Epoch: [44][230/391], lr: 0.01000	Loss 0.8546 (1.0689)	Prec@1 81.250 (74.134)	Prec@5 92.188 (89.922)
Epoch: [44][240/391], lr: 0.01000	Loss 1.2082 (1.0705)	Prec@1 70.312 (74.099)	Prec@5 85.156 (89.892)
Epoch: [44][250/391], lr: 0.01000	Loss 1.1286 (1.0707)	Prec@1 71.875 (74.100)	Prec@5 89.062 (89.897)
Epoch: [44][260/391], lr: 0.01000	Loss 1.1060 (1.0694)	Prec@1 75.000 (74.117)	Prec@5 91.406 (89.937)
Epoch: [44][270/391], lr: 0.01000	Loss 1.2533 (1.0701)	Prec@1 70.312 (74.069)	Prec@5 87.500 (89.930)
Epoch: [44][280/391], lr: 0.01000	Loss 1.0984 (1.0717)	Prec@1 74.219 (74.021)	Prec@5 90.625 (89.938)
Epoch: [44][290/391], lr: 0.01000	Loss 1.1079 (1.0721)	Prec@1 75.000 (74.020)	Prec@5 89.062 (89.924)
Epoch: [44][300/391], lr: 0.01000	Loss 0.9744 (1.0727)	Prec@1 79.688 (74.029)	Prec@5 93.750 (89.911)
Epoch: [44][310/391], lr: 0.01000	Loss 1.2153 (1.0721)	Prec@1 69.531 (74.028)	Prec@5 85.938 (89.902)
Epoch: [44][320/391], lr: 0.01000	Loss 1.1216 (1.0709)	Prec@1 70.312 (74.046)	Prec@5 91.406 (89.944)
Epoch: [44][330/391], lr: 0.01000	Loss 1.0512 (1.0702)	Prec@1 75.781 (74.075)	Prec@5 90.625 (89.936)
Epoch: [44][340/391], lr: 0.01000	Loss 1.0639 (1.0708)	Prec@1 76.562 (74.093)	Prec@5 86.719 (89.899)
Epoch: [44][350/391], lr: 0.01000	Loss 1.2285 (1.0712)	Prec@1 72.656 (74.065)	Prec@5 85.156 (89.859)
Epoch: [44][360/391], lr: 0.01000	Loss 1.0282 (1.0721)	Prec@1 74.219 (74.041)	Prec@5 91.406 (89.852)
Epoch: [44][370/391], lr: 0.01000	Loss 1.3011 (1.0734)	Prec@1 67.969 (74.010)	Prec@5 85.156 (89.821)
Epoch: [44][380/391], lr: 0.01000	Loss 1.0627 (1.0730)	Prec@1 71.875 (74.034)	Prec@5 88.281 (89.840)
Epoch: [44][390/391], lr: 0.01000	Loss 0.8888 (1.0725)	Prec@1 81.250 (74.056)	Prec@5 93.750 (89.848)
Epoch [44] Training Results: Prec@1 74.056 Prec@5 89.848             Loss 1.07248
Epoch [44] Training Class Recall: [0.742,0.753,0.661,0.674,0.714,0.740,0.761,0.779,0.786,0.793]

Epoch: [45][0/391], lr: 0.01000	Loss 0.9659 (0.9659)	Prec@1 78.125 (78.125)	Prec@5 91.406 (91.406)
Epoch: [45][10/391], lr: 0.01000	Loss 0.9196 (1.0443)	Prec@1 78.906 (75.000)	Prec@5 90.625 (90.980)
Epoch: [45][20/391], lr: 0.01000	Loss 0.9998 (1.0671)	Prec@1 77.344 (74.330)	Prec@5 90.625 (90.253)
Epoch: [45][30/391], lr: 0.01000	Loss 0.9396 (1.0780)	Prec@1 76.562 (73.967)	Prec@5 89.844 (90.121)
Epoch: [45][40/391], lr: 0.01000	Loss 1.0388 (1.0706)	Prec@1 74.219 (74.181)	Prec@5 91.406 (90.358)
Epoch: [45][50/391], lr: 0.01000	Loss 1.1786 (1.0696)	Prec@1 70.312 (74.173)	Prec@5 89.062 (90.227)
Epoch: [45][60/391], lr: 0.01000	Loss 1.1941 (1.0838)	Prec@1 67.969 (73.630)	Prec@5 90.625 (90.087)
Epoch: [45][70/391], lr: 0.01000	Loss 1.3018 (1.0811)	Prec@1 67.188 (73.713)	Prec@5 82.812 (90.097)
Epoch: [45][80/391], lr: 0.01000	Loss 0.9430 (1.0833)	Prec@1 78.906 (73.601)	Prec@5 88.281 (90.095)
Epoch: [45][90/391], lr: 0.01000	Loss 1.0320 (1.0846)	Prec@1 75.781 (73.558)	Prec@5 93.750 (90.007)
Epoch: [45][100/391], lr: 0.01000	Loss 1.1280 (1.0839)	Prec@1 73.438 (73.631)	Prec@5 86.719 (90.099)
Epoch: [45][110/391], lr: 0.01000	Loss 1.1655 (1.0860)	Prec@1 70.312 (73.571)	Prec@5 88.281 (90.013)
Epoch: [45][120/391], lr: 0.01000	Loss 0.9224 (1.0803)	Prec@1 79.688 (73.844)	Prec@5 92.188 (89.986)
Epoch: [45][130/391], lr: 0.01000	Loss 0.8748 (1.0722)	Prec@1 77.344 (74.070)	Prec@5 94.531 (90.148)
Epoch: [45][140/391], lr: 0.01000	Loss 1.0076 (1.0754)	Prec@1 77.344 (73.958)	Prec@5 87.500 (90.082)
Epoch: [45][150/391], lr: 0.01000	Loss 1.1661 (1.0769)	Prec@1 69.531 (73.924)	Prec@5 85.938 (89.978)
Epoch: [45][160/391], lr: 0.01000	Loss 0.8727 (1.0765)	Prec@1 82.031 (73.976)	Prec@5 90.625 (89.912)
Epoch: [45][170/391], lr: 0.01000	Loss 1.0094 (1.0780)	Prec@1 75.781 (73.913)	Prec@5 89.844 (89.908)
Epoch: [45][180/391], lr: 0.01000	Loss 1.1210 (1.0787)	Prec@1 70.312 (73.891)	Prec@5 89.844 (89.909)
Epoch: [45][190/391], lr: 0.01000	Loss 1.0847 (1.0801)	Prec@1 73.438 (73.851)	Prec@5 90.625 (89.889)
Epoch: [45][200/391], lr: 0.01000	Loss 1.1813 (1.0783)	Prec@1 72.656 (73.931)	Prec@5 87.500 (89.887)
Epoch: [45][210/391], lr: 0.01000	Loss 0.9878 (1.0787)	Prec@1 75.000 (73.934)	Prec@5 88.281 (89.803)
Epoch: [45][220/391], lr: 0.01000	Loss 1.0332 (1.0788)	Prec@1 75.781 (73.950)	Prec@5 89.844 (89.808)
Epoch: [45][230/391], lr: 0.01000	Loss 0.9958 (1.0772)	Prec@1 75.781 (73.968)	Prec@5 90.625 (89.800)
Epoch: [45][240/391], lr: 0.01000	Loss 1.0627 (1.0783)	Prec@1 74.219 (73.963)	Prec@5 90.625 (89.730)
Epoch: [45][250/391], lr: 0.01000	Loss 1.0769 (1.0760)	Prec@1 73.438 (74.016)	Prec@5 89.062 (89.778)
Epoch: [45][260/391], lr: 0.01000	Loss 0.9746 (1.0742)	Prec@1 78.125 (74.075)	Prec@5 89.844 (89.805)
Epoch: [45][270/391], lr: 0.01000	Loss 0.9120 (1.0724)	Prec@1 79.688 (74.112)	Prec@5 92.969 (89.812)
Epoch: [45][280/391], lr: 0.01000	Loss 0.9494 (1.0705)	Prec@1 78.125 (74.166)	Prec@5 92.188 (89.860)
Epoch: [45][290/391], lr: 0.01000	Loss 1.1359 (1.0702)	Prec@1 71.875 (74.195)	Prec@5 89.062 (89.828)
Epoch: [45][300/391], lr: 0.01000	Loss 1.2533 (1.0725)	Prec@1 68.750 (74.131)	Prec@5 85.938 (89.784)
Epoch: [45][310/391], lr: 0.01000	Loss 1.0711 (1.0722)	Prec@1 73.438 (74.116)	Prec@5 90.625 (89.781)
Epoch: [45][320/391], lr: 0.01000	Loss 1.1193 (1.0746)	Prec@1 71.875 (74.041)	Prec@5 87.500 (89.734)
Epoch: [45][330/391], lr: 0.01000	Loss 1.1161 (1.0741)	Prec@1 72.656 (74.075)	Prec@5 90.625 (89.735)
Epoch: [45][340/391], lr: 0.01000	Loss 1.0031 (1.0726)	Prec@1 75.781 (74.134)	Prec@5 93.750 (89.798)
Epoch: [45][350/391], lr: 0.01000	Loss 1.2174 (1.0728)	Prec@1 70.312 (74.143)	Prec@5 90.625 (89.815)
Epoch: [45][360/391], lr: 0.01000	Loss 0.9471 (1.0743)	Prec@1 78.125 (74.108)	Prec@5 89.844 (89.796)
Epoch: [45][370/391], lr: 0.01000	Loss 1.1812 (1.0735)	Prec@1 70.312 (74.141)	Prec@5 87.500 (89.797)
Epoch: [45][380/391], lr: 0.01000	Loss 1.2742 (1.0740)	Prec@1 69.531 (74.108)	Prec@5 88.281 (89.819)
Epoch: [45][390/391], lr: 0.01000	Loss 1.0116 (1.0744)	Prec@1 77.500 (74.104)	Prec@5 88.750 (89.840)
Epoch [45] Training Results: Prec@1 74.104 Prec@5 89.840             Loss 1.07443
Epoch [45] Training Class Recall: [0.745,0.759,0.666,0.669,0.716,0.738,0.764,0.778,0.784,0.790]

Epoch: [46][0/391], lr: 0.01000	Loss 1.0063 (1.0063)	Prec@1 74.219 (74.219)	Prec@5 92.969 (92.969)
Epoch: [46][10/391], lr: 0.01000	Loss 1.1392 (0.9699)	Prec@1 70.312 (76.562)	Prec@5 88.281 (91.690)
Epoch: [46][20/391], lr: 0.01000	Loss 1.1860 (1.0471)	Prec@1 72.656 (75.037)	Prec@5 88.281 (89.918)
Epoch: [46][30/391], lr: 0.01000	Loss 0.8507 (1.0207)	Prec@1 80.469 (75.680)	Prec@5 90.625 (90.096)
Epoch: [46][40/391], lr: 0.01000	Loss 1.0365 (1.0426)	Prec@1 75.781 (74.962)	Prec@5 89.062 (89.958)
Epoch: [46][50/391], lr: 0.01000	Loss 1.0482 (1.0419)	Prec@1 71.875 (74.724)	Prec@5 90.625 (90.119)
Epoch: [46][60/391], lr: 0.01000	Loss 1.1514 (1.0585)	Prec@1 71.094 (74.193)	Prec@5 89.844 (89.985)
Epoch: [46][70/391], lr: 0.01000	Loss 1.0506 (1.0672)	Prec@1 73.438 (73.900)	Prec@5 92.188 (90.130)
Epoch: [46][80/391], lr: 0.01000	Loss 1.2021 (1.0677)	Prec@1 69.531 (73.910)	Prec@5 89.844 (90.201)
Epoch: [46][90/391], lr: 0.01000	Loss 1.0518 (1.0744)	Prec@1 74.219 (73.747)	Prec@5 88.281 (90.067)
Epoch: [46][100/391], lr: 0.01000	Loss 1.0158 (1.0712)	Prec@1 75.000 (73.817)	Prec@5 89.062 (90.091)
Epoch: [46][110/391], lr: 0.01000	Loss 1.1169 (1.0747)	Prec@1 72.656 (73.768)	Prec@5 88.281 (90.055)
Epoch: [46][120/391], lr: 0.01000	Loss 1.1726 (1.0743)	Prec@1 71.875 (73.806)	Prec@5 86.719 (90.018)
Epoch: [46][130/391], lr: 0.01000	Loss 1.0460 (1.0769)	Prec@1 76.562 (73.819)	Prec@5 86.719 (89.844)
Epoch: [46][140/391], lr: 0.01000	Loss 0.9360 (1.0746)	Prec@1 78.125 (73.870)	Prec@5 90.625 (89.866)
Epoch: [46][150/391], lr: 0.01000	Loss 1.3571 (1.0756)	Prec@1 62.500 (73.867)	Prec@5 86.719 (89.808)
Epoch: [46][160/391], lr: 0.01000	Loss 1.0445 (1.0764)	Prec@1 75.781 (73.889)	Prec@5 87.500 (89.737)
Epoch: [46][170/391], lr: 0.01000	Loss 0.9683 (1.0745)	Prec@1 76.562 (73.967)	Prec@5 89.844 (89.716)
Epoch: [46][180/391], lr: 0.01000	Loss 0.9651 (1.0761)	Prec@1 78.125 (73.947)	Prec@5 91.406 (89.688)
Epoch: [46][190/391], lr: 0.01000	Loss 1.0679 (1.0753)	Prec@1 75.781 (73.969)	Prec@5 89.844 (89.672)
Epoch: [46][200/391], lr: 0.01000	Loss 1.1426 (1.0761)	Prec@1 70.312 (73.935)	Prec@5 85.156 (89.646)
Epoch: [46][210/391], lr: 0.01000	Loss 0.9179 (1.0763)	Prec@1 78.125 (73.911)	Prec@5 91.406 (89.655)
Epoch: [46][220/391], lr: 0.01000	Loss 1.0590 (1.0775)	Prec@1 75.781 (73.918)	Prec@5 90.625 (89.667)
Epoch: [46][230/391], lr: 0.01000	Loss 0.9859 (1.0765)	Prec@1 77.344 (73.925)	Prec@5 87.500 (89.698)
Epoch: [46][240/391], lr: 0.01000	Loss 1.1286 (1.0748)	Prec@1 73.438 (73.956)	Prec@5 92.188 (89.727)
Epoch: [46][250/391], lr: 0.01000	Loss 0.8599 (1.0752)	Prec@1 82.031 (73.929)	Prec@5 93.750 (89.778)
Epoch: [46][260/391], lr: 0.01000	Loss 1.0731 (1.0779)	Prec@1 74.219 (73.836)	Prec@5 91.406 (89.757)
Epoch: [46][270/391], lr: 0.01000	Loss 1.1757 (1.0789)	Prec@1 73.438 (73.804)	Prec@5 86.719 (89.717)
Epoch: [46][280/391], lr: 0.01000	Loss 0.9611 (1.0789)	Prec@1 79.688 (73.824)	Prec@5 92.188 (89.721)
Epoch: [46][290/391], lr: 0.01000	Loss 1.1185 (1.0818)	Prec@1 71.875 (73.711)	Prec@5 91.406 (89.701)
Epoch: [46][300/391], lr: 0.01000	Loss 0.8771 (1.0806)	Prec@1 79.688 (73.752)	Prec@5 90.625 (89.719)
Epoch: [46][310/391], lr: 0.01000	Loss 1.0074 (1.0797)	Prec@1 78.125 (73.817)	Prec@5 87.500 (89.706)
Epoch: [46][320/391], lr: 0.01000	Loss 1.0265 (1.0794)	Prec@1 75.781 (73.832)	Prec@5 89.844 (89.712)
Epoch: [46][330/391], lr: 0.01000	Loss 1.1563 (1.0787)	Prec@1 71.875 (73.855)	Prec@5 89.844 (89.730)
Epoch: [46][340/391], lr: 0.01000	Loss 1.2056 (1.0773)	Prec@1 70.312 (73.912)	Prec@5 89.062 (89.757)
Epoch: [46][350/391], lr: 0.01000	Loss 1.1508 (1.0761)	Prec@1 72.656 (73.952)	Prec@5 88.281 (89.795)
Epoch: [46][360/391], lr: 0.01000	Loss 1.0523 (1.0749)	Prec@1 75.000 (73.996)	Prec@5 90.625 (89.837)
Epoch: [46][370/391], lr: 0.01000	Loss 1.1773 (1.0755)	Prec@1 72.656 (73.981)	Prec@5 85.156 (89.837)
Epoch: [46][380/391], lr: 0.01000	Loss 1.1326 (1.0752)	Prec@1 72.656 (73.971)	Prec@5 92.188 (89.877)
Epoch: [46][390/391], lr: 0.01000	Loss 1.0804 (1.0755)	Prec@1 76.250 (73.982)	Prec@5 90.000 (89.854)
Epoch [46] Training Results: Prec@1 73.982 Prec@5 89.854             Loss 1.07551
Epoch [46] Training Class Recall: [0.738,0.752,0.664,0.673,0.714,0.734,0.766,0.778,0.786,0.793]

Epoch: [47][0/391], lr: 0.01000	Loss 0.9675 (0.9675)	Prec@1 76.562 (76.562)	Prec@5 91.406 (91.406)
Epoch: [47][10/391], lr: 0.01000	Loss 0.9940 (1.0220)	Prec@1 77.344 (75.568)	Prec@5 92.188 (90.483)
Epoch: [47][20/391], lr: 0.01000	Loss 1.0391 (1.0279)	Prec@1 75.000 (75.446)	Prec@5 92.188 (90.960)
Epoch: [47][30/391], lr: 0.01000	Loss 1.0143 (1.0434)	Prec@1 75.781 (74.748)	Prec@5 89.844 (90.827)
Epoch: [47][40/391], lr: 0.01000	Loss 1.0505 (1.0366)	Prec@1 74.219 (75.019)	Prec@5 93.750 (90.892)
Epoch: [47][50/391], lr: 0.01000	Loss 0.8693 (1.0375)	Prec@1 79.688 (75.000)	Prec@5 93.750 (90.916)
Epoch: [47][60/391], lr: 0.01000	Loss 0.7034 (1.0398)	Prec@1 85.156 (74.974)	Prec@5 95.312 (90.791)
Epoch: [47][70/391], lr: 0.01000	Loss 1.1067 (1.0396)	Prec@1 71.094 (74.989)	Prec@5 90.625 (90.823)
Epoch: [47][80/391], lr: 0.01000	Loss 1.1228 (1.0418)	Prec@1 73.438 (74.961)	Prec@5 91.406 (90.799)
Epoch: [47][90/391], lr: 0.01000	Loss 0.9362 (1.0442)	Prec@1 78.125 (74.888)	Prec@5 89.844 (90.788)
Epoch: [47][100/391], lr: 0.01000	Loss 0.7847 (1.0489)	Prec@1 82.031 (74.714)	Prec@5 96.875 (90.772)
Epoch: [47][110/391], lr: 0.01000	Loss 1.0118 (1.0537)	Prec@1 72.656 (74.585)	Prec@5 93.750 (90.618)
Epoch: [47][120/391], lr: 0.01000	Loss 1.2302 (1.0624)	Prec@1 70.312 (74.380)	Prec@5 86.719 (90.425)
Epoch: [47][130/391], lr: 0.01000	Loss 1.0364 (1.0651)	Prec@1 75.781 (74.284)	Prec@5 88.281 (90.434)
Epoch: [47][140/391], lr: 0.01000	Loss 0.9289 (1.0648)	Prec@1 78.125 (74.307)	Prec@5 90.625 (90.387)
Epoch: [47][150/391], lr: 0.01000	Loss 1.4182 (1.0645)	Prec@1 67.188 (74.307)	Prec@5 80.469 (90.340)
Epoch: [47][160/391], lr: 0.01000	Loss 1.0072 (1.0661)	Prec@1 74.219 (74.272)	Prec@5 93.750 (90.363)
Epoch: [47][170/391], lr: 0.01000	Loss 1.1014 (1.0660)	Prec@1 74.219 (74.310)	Prec@5 90.625 (90.287)
Epoch: [47][180/391], lr: 0.01000	Loss 1.1460 (1.0664)	Prec@1 69.531 (74.275)	Prec@5 89.062 (90.237)
Epoch: [47][190/391], lr: 0.01000	Loss 1.2556 (1.0690)	Prec@1 67.969 (74.190)	Prec@5 86.719 (90.142)
Epoch: [47][200/391], lr: 0.01000	Loss 0.9798 (1.0672)	Prec@1 78.125 (74.269)	Prec@5 89.844 (90.112)
Epoch: [47][210/391], lr: 0.01000	Loss 1.1613 (1.0693)	Prec@1 72.656 (74.182)	Prec@5 87.500 (90.084)
Epoch: [47][220/391], lr: 0.01000	Loss 1.2693 (1.0712)	Prec@1 67.969 (74.159)	Prec@5 86.719 (90.003)
Epoch: [47][230/391], lr: 0.01000	Loss 1.2366 (1.0709)	Prec@1 69.531 (74.148)	Prec@5 85.938 (90.030)
Epoch: [47][240/391], lr: 0.01000	Loss 1.1932 (1.0696)	Prec@1 70.312 (74.199)	Prec@5 88.281 (90.025)
Epoch: [47][250/391], lr: 0.01000	Loss 0.9514 (1.0715)	Prec@1 78.906 (74.172)	Prec@5 89.062 (90.009)
Epoch: [47][260/391], lr: 0.01000	Loss 1.0222 (1.0701)	Prec@1 74.219 (74.234)	Prec@5 92.969 (90.038)
Epoch: [47][270/391], lr: 0.01000	Loss 1.1925 (1.0713)	Prec@1 71.094 (74.230)	Prec@5 86.719 (90.002)
Epoch: [47][280/391], lr: 0.01000	Loss 1.0923 (1.0715)	Prec@1 74.219 (74.191)	Prec@5 89.062 (89.999)
Epoch: [47][290/391], lr: 0.01000	Loss 1.0242 (1.0696)	Prec@1 73.438 (74.240)	Prec@5 92.969 (90.026)
Epoch: [47][300/391], lr: 0.01000	Loss 1.1341 (1.0707)	Prec@1 71.875 (74.188)	Prec@5 91.406 (90.012)
Epoch: [47][310/391], lr: 0.01000	Loss 1.0394 (1.0718)	Prec@1 74.219 (74.166)	Prec@5 90.625 (89.974)
Epoch: [47][320/391], lr: 0.01000	Loss 0.9412 (1.0703)	Prec@1 78.125 (74.204)	Prec@5 93.750 (89.990)
Epoch: [47][330/391], lr: 0.01000	Loss 1.1647 (1.0708)	Prec@1 71.875 (74.200)	Prec@5 88.281 (89.974)
Epoch: [47][340/391], lr: 0.01000	Loss 0.9952 (1.0702)	Prec@1 77.344 (74.178)	Prec@5 91.406 (89.979)
Epoch: [47][350/391], lr: 0.01000	Loss 1.3862 (1.0713)	Prec@1 63.281 (74.152)	Prec@5 84.375 (89.942)
Epoch: [47][360/391], lr: 0.01000	Loss 1.0804 (1.0728)	Prec@1 75.000 (74.108)	Prec@5 89.062 (89.928)
Epoch: [47][370/391], lr: 0.01000	Loss 1.1380 (1.0742)	Prec@1 69.531 (74.059)	Prec@5 87.500 (89.896)
Epoch: [47][380/391], lr: 0.01000	Loss 1.2941 (1.0741)	Prec@1 61.719 (74.047)	Prec@5 86.719 (89.928)
Epoch: [47][390/391], lr: 0.01000	Loss 1.0058 (1.0736)	Prec@1 72.500 (74.050)	Prec@5 87.500 (89.910)
Epoch [47] Training Results: Prec@1 74.050 Prec@5 89.910             Loss 1.07359
Epoch [47] Training Class Recall: [0.740,0.754,0.665,0.678,0.720,0.732,0.759,0.780,0.786,0.791]

Epoch: [48][0/391], lr: 0.01000	Loss 1.0279 (1.0279)	Prec@1 74.219 (74.219)	Prec@5 89.062 (89.062)
Epoch: [48][10/391], lr: 0.01000	Loss 1.1977 (1.1278)	Prec@1 71.875 (72.940)	Prec@5 85.938 (89.276)
Epoch: [48][20/391], lr: 0.01000	Loss 1.1451 (1.1162)	Prec@1 72.656 (73.103)	Prec@5 88.281 (89.397)
Epoch: [48][30/391], lr: 0.01000	Loss 1.0174 (1.0901)	Prec@1 77.344 (73.816)	Prec@5 89.062 (89.844)
Epoch: [48][40/391], lr: 0.01000	Loss 1.1352 (1.0911)	Prec@1 72.656 (73.647)	Prec@5 89.062 (89.958)
Epoch: [48][50/391], lr: 0.01000	Loss 1.1383 (1.0795)	Prec@1 70.312 (74.066)	Prec@5 89.844 (90.028)
Epoch: [48][60/391], lr: 0.01000	Loss 1.0822 (1.0735)	Prec@1 75.000 (74.257)	Prec@5 90.625 (90.036)
Epoch: [48][70/391], lr: 0.01000	Loss 1.1458 (1.0721)	Prec@1 71.094 (74.263)	Prec@5 88.281 (90.086)
Epoch: [48][80/391], lr: 0.01000	Loss 1.1400 (1.0672)	Prec@1 74.219 (74.363)	Prec@5 89.062 (90.123)
Epoch: [48][90/391], lr: 0.01000	Loss 1.0286 (1.0734)	Prec@1 72.656 (74.107)	Prec@5 92.188 (90.058)
Epoch: [48][100/391], lr: 0.01000	Loss 0.7491 (1.0710)	Prec@1 83.594 (74.095)	Prec@5 97.656 (90.161)
Epoch: [48][110/391], lr: 0.01000	Loss 0.9295 (1.0707)	Prec@1 77.344 (74.106)	Prec@5 92.188 (90.189)
Epoch: [48][120/391], lr: 0.01000	Loss 0.8008 (1.0693)	Prec@1 82.812 (74.174)	Prec@5 92.969 (90.089)
Epoch: [48][130/391], lr: 0.01000	Loss 1.1042 (1.0716)	Prec@1 71.875 (74.070)	Prec@5 90.625 (90.052)
Epoch: [48][140/391], lr: 0.01000	Loss 1.4278 (1.0737)	Prec@1 62.500 (74.053)	Prec@5 87.500 (90.049)
Epoch: [48][150/391], lr: 0.01000	Loss 0.9244 (1.0738)	Prec@1 78.906 (73.976)	Prec@5 91.406 (90.061)
Epoch: [48][160/391], lr: 0.01000	Loss 1.1434 (1.0705)	Prec@1 71.875 (74.078)	Prec@5 89.062 (90.091)
Epoch: [48][170/391], lr: 0.01000	Loss 1.2456 (1.0663)	Prec@1 71.875 (74.228)	Prec@5 85.156 (90.113)
Epoch: [48][180/391], lr: 0.01000	Loss 1.0286 (1.0679)	Prec@1 77.344 (74.210)	Prec@5 88.281 (90.111)
Epoch: [48][190/391], lr: 0.01000	Loss 1.0394 (1.0696)	Prec@1 75.000 (74.153)	Prec@5 90.625 (90.101)
Epoch: [48][200/391], lr: 0.01000	Loss 1.0060 (1.0676)	Prec@1 76.562 (74.215)	Prec@5 90.625 (90.151)
Epoch: [48][210/391], lr: 0.01000	Loss 1.0340 (1.0674)	Prec@1 75.000 (74.259)	Prec@5 90.625 (90.147)
Epoch: [48][220/391], lr: 0.01000	Loss 1.1308 (1.0656)	Prec@1 74.219 (74.335)	Prec@5 87.500 (90.148)
Epoch: [48][230/391], lr: 0.01000	Loss 0.9837 (1.0651)	Prec@1 77.344 (74.327)	Prec@5 89.062 (90.162)
Epoch: [48][240/391], lr: 0.01000	Loss 1.2725 (1.0655)	Prec@1 69.531 (74.316)	Prec@5 85.156 (90.129)
Epoch: [48][250/391], lr: 0.01000	Loss 0.9171 (1.0669)	Prec@1 76.562 (74.290)	Prec@5 92.188 (90.071)
Epoch: [48][260/391], lr: 0.01000	Loss 1.0007 (1.0655)	Prec@1 76.562 (74.321)	Prec@5 88.281 (90.077)
Epoch: [48][270/391], lr: 0.01000	Loss 1.0175 (1.0665)	Prec@1 75.781 (74.308)	Prec@5 85.938 (90.066)
Epoch: [48][280/391], lr: 0.01000	Loss 1.1522 (1.0673)	Prec@1 72.656 (74.277)	Prec@5 88.281 (90.033)
Epoch: [48][290/391], lr: 0.01000	Loss 0.9891 (1.0689)	Prec@1 75.000 (74.211)	Prec@5 94.531 (90.008)
Epoch: [48][300/391], lr: 0.01000	Loss 1.1083 (1.0697)	Prec@1 75.000 (74.172)	Prec@5 84.375 (89.976)
Epoch: [48][310/391], lr: 0.01000	Loss 1.1261 (1.0697)	Prec@1 72.656 (74.169)	Prec@5 90.625 (89.989)
Epoch: [48][320/391], lr: 0.01000	Loss 0.9572 (1.0690)	Prec@1 77.344 (74.182)	Prec@5 92.969 (90.009)
Epoch: [48][330/391], lr: 0.01000	Loss 1.0104 (1.0682)	Prec@1 76.562 (74.221)	Prec@5 90.625 (90.021)
Epoch: [48][340/391], lr: 0.01000	Loss 1.1804 (1.0665)	Prec@1 71.094 (74.262)	Prec@5 88.281 (90.034)
Epoch: [48][350/391], lr: 0.01000	Loss 1.1325 (1.0660)	Prec@1 72.656 (74.299)	Prec@5 88.281 (90.015)
Epoch: [48][360/391], lr: 0.01000	Loss 1.2394 (1.0660)	Prec@1 67.969 (74.305)	Prec@5 90.625 (90.049)
Epoch: [48][370/391], lr: 0.01000	Loss 1.2656 (1.0677)	Prec@1 71.094 (74.269)	Prec@5 83.594 (90.019)
Epoch: [48][380/391], lr: 0.01000	Loss 1.0550 (1.0666)	Prec@1 76.562 (74.317)	Prec@5 89.062 (90.032)
Epoch: [48][390/391], lr: 0.01000	Loss 0.9463 (1.0687)	Prec@1 80.000 (74.252)	Prec@5 88.750 (89.990)
Epoch [48] Training Results: Prec@1 74.252 Prec@5 89.990             Loss 1.06874
Epoch [48] Training Class Recall: [0.744,0.756,0.666,0.681,0.712,0.741,0.762,0.783,0.789,0.789]

Epoch: [49][0/391], lr: 0.01000	Loss 1.0421 (1.0421)	Prec@1 73.438 (73.438)	Prec@5 89.844 (89.844)
Epoch: [49][10/391], lr: 0.01000	Loss 1.1381 (1.0253)	Prec@1 74.219 (75.284)	Prec@5 85.938 (89.844)
Epoch: [49][20/391], lr: 0.01000	Loss 0.8579 (1.0222)	Prec@1 78.906 (75.409)	Prec@5 93.750 (90.253)
Epoch: [49][30/391], lr: 0.01000	Loss 0.9097 (1.0405)	Prec@1 82.812 (75.176)	Prec@5 88.281 (90.045)
Epoch: [49][40/391], lr: 0.01000	Loss 1.0701 (1.0361)	Prec@1 76.562 (75.495)	Prec@5 90.625 (90.015)
Epoch: [49][50/391], lr: 0.01000	Loss 1.0040 (1.0449)	Prec@1 75.000 (75.123)	Prec@5 92.188 (90.043)
Epoch: [49][60/391], lr: 0.01000	Loss 1.1191 (1.0481)	Prec@1 71.094 (74.936)	Prec@5 95.312 (90.228)
Epoch: [49][70/391], lr: 0.01000	Loss 0.8294 (1.0483)	Prec@1 80.469 (74.802)	Prec@5 93.750 (90.240)
Epoch: [49][80/391], lr: 0.01000	Loss 1.1633 (1.0477)	Prec@1 71.875 (74.826)	Prec@5 88.281 (90.326)
Epoch: [49][90/391], lr: 0.01000	Loss 1.2424 (1.0520)	Prec@1 70.312 (74.760)	Prec@5 86.719 (90.170)
Epoch: [49][100/391], lr: 0.01000	Loss 1.2998 (1.0500)	Prec@1 67.188 (74.861)	Prec@5 85.156 (90.176)
Epoch: [49][110/391], lr: 0.01000	Loss 0.9466 (1.0521)	Prec@1 76.562 (74.711)	Prec@5 92.969 (90.182)
Epoch: [49][120/391], lr: 0.01000	Loss 1.2373 (1.0556)	Prec@1 71.094 (74.664)	Prec@5 86.719 (90.134)
Epoch: [49][130/391], lr: 0.01000	Loss 1.0054 (1.0565)	Prec@1 77.344 (74.660)	Prec@5 92.969 (90.136)
Epoch: [49][140/391], lr: 0.01000	Loss 0.8364 (1.0534)	Prec@1 79.688 (74.767)	Prec@5 93.750 (90.187)
Epoch: [49][150/391], lr: 0.01000	Loss 1.3268 (1.0545)	Prec@1 64.844 (74.731)	Prec@5 89.062 (90.221)
Epoch: [49][160/391], lr: 0.01000	Loss 1.0768 (1.0565)	Prec@1 75.000 (74.670)	Prec@5 89.062 (90.135)
Epoch: [49][170/391], lr: 0.01000	Loss 1.1402 (1.0551)	Prec@1 71.094 (74.762)	Prec@5 88.281 (90.109)
Epoch: [49][180/391], lr: 0.01000	Loss 1.1413 (1.0559)	Prec@1 71.094 (74.758)	Prec@5 90.625 (90.068)
Epoch: [49][190/391], lr: 0.01000	Loss 0.8230 (1.0570)	Prec@1 80.469 (74.742)	Prec@5 92.969 (90.011)
Epoch: [49][200/391], lr: 0.01000	Loss 1.0750 (1.0584)	Prec@1 72.656 (74.677)	Prec@5 90.625 (90.007)
Epoch: [49][210/391], lr: 0.01000	Loss 1.0703 (1.0577)	Prec@1 74.219 (74.711)	Prec@5 88.281 (90.055)
Epoch: [49][220/391], lr: 0.01000	Loss 1.4140 (1.0617)	Prec@1 62.500 (74.576)	Prec@5 86.719 (89.971)
Epoch: [49][230/391], lr: 0.01000	Loss 1.1161 (1.0624)	Prec@1 75.000 (74.564)	Prec@5 89.844 (89.979)
Epoch: [49][240/391], lr: 0.01000	Loss 1.1488 (1.0636)	Prec@1 72.656 (74.553)	Prec@5 92.188 (89.996)
Epoch: [49][250/391], lr: 0.01000	Loss 1.1695 (1.0612)	Prec@1 69.531 (74.570)	Prec@5 87.500 (90.040)
Epoch: [49][260/391], lr: 0.01000	Loss 1.1175 (1.0623)	Prec@1 75.000 (74.536)	Prec@5 89.844 (90.008)
Epoch: [49][270/391], lr: 0.01000	Loss 1.1306 (1.0630)	Prec@1 71.094 (74.501)	Prec@5 87.500 (89.999)
Epoch: [49][280/391], lr: 0.01000	Loss 1.0445 (1.0658)	Prec@1 75.781 (74.411)	Prec@5 91.406 (89.949)
Epoch: [49][290/391], lr: 0.01000	Loss 0.9857 (1.0669)	Prec@1 75.000 (74.337)	Prec@5 92.188 (89.967)
Epoch: [49][300/391], lr: 0.01000	Loss 0.8128 (1.0658)	Prec@1 82.812 (74.364)	Prec@5 94.531 (90.025)
Epoch: [49][310/391], lr: 0.01000	Loss 0.8738 (1.0657)	Prec@1 84.375 (74.397)	Prec@5 91.406 (90.017)
Epoch: [49][320/391], lr: 0.01000	Loss 1.2034 (1.0683)	Prec@1 70.312 (74.323)	Prec@5 85.938 (89.961)
Epoch: [49][330/391], lr: 0.01000	Loss 1.1025 (1.0689)	Prec@1 74.219 (74.316)	Prec@5 89.844 (89.952)
Epoch: [49][340/391], lr: 0.01000	Loss 1.0305 (1.0674)	Prec@1 74.219 (74.365)	Prec@5 90.625 (89.970)
Epoch: [49][350/391], lr: 0.01000	Loss 1.2827 (1.0695)	Prec@1 71.094 (74.314)	Prec@5 82.812 (89.911)
Epoch: [49][360/391], lr: 0.01000	Loss 0.9775 (1.0690)	Prec@1 76.562 (74.318)	Prec@5 89.844 (89.907)
Epoch: [49][370/391], lr: 0.01000	Loss 0.9113 (1.0683)	Prec@1 77.344 (74.347)	Prec@5 94.531 (89.911)
Epoch: [49][380/391], lr: 0.01000	Loss 1.2222 (1.0667)	Prec@1 71.094 (74.356)	Prec@5 89.062 (89.942)
Epoch: [49][390/391], lr: 0.01000	Loss 1.0235 (1.0673)	Prec@1 76.250 (74.328)	Prec@5 86.250 (89.952)
Epoch [49] Training Results: Prec@1 74.328 Prec@5 89.952             Loss 1.06730
Epoch [49] Training Class Recall: [0.743,0.762,0.668,0.674,0.716,0.741,0.767,0.779,0.790,0.792]

Epoch: [50][0/391], lr: 0.01000	Loss 1.1009 (1.1009)	Prec@1 72.656 (72.656)	Prec@5 90.625 (90.625)
Epoch: [50][10/391], lr: 0.01000	Loss 1.1175 (1.0187)	Prec@1 68.750 (75.213)	Prec@5 89.062 (90.483)
Epoch: [50][20/391], lr: 0.01000	Loss 1.3663 (1.0113)	Prec@1 67.188 (75.670)	Prec@5 89.844 (90.513)
Epoch: [50][30/391], lr: 0.01000	Loss 1.1404 (1.0321)	Prec@1 72.656 (75.378)	Prec@5 86.719 (90.045)
Epoch: [50][40/391], lr: 0.01000	Loss 0.9160 (1.0332)	Prec@1 79.688 (75.419)	Prec@5 92.969 (90.053)
Epoch: [50][50/391], lr: 0.01000	Loss 0.9309 (1.0506)	Prec@1 79.688 (75.015)	Prec@5 92.969 (89.859)
Epoch: [50][60/391], lr: 0.01000	Loss 0.8308 (1.0499)	Prec@1 79.688 (74.923)	Prec@5 96.094 (89.869)
Epoch: [50][70/391], lr: 0.01000	Loss 1.2215 (1.0502)	Prec@1 67.188 (74.791)	Prec@5 90.625 (90.064)
Epoch: [50][80/391], lr: 0.01000	Loss 0.9256 (1.0519)	Prec@1 78.125 (74.701)	Prec@5 92.188 (90.046)
Epoch: [50][90/391], lr: 0.01000	Loss 0.9690 (1.0471)	Prec@1 75.781 (74.794)	Prec@5 92.188 (90.290)
Epoch: [50][100/391], lr: 0.01000	Loss 0.9645 (1.0492)	Prec@1 78.125 (74.691)	Prec@5 93.750 (90.254)
Epoch: [50][110/391], lr: 0.01000	Loss 1.1892 (1.0483)	Prec@1 70.312 (74.733)	Prec@5 89.844 (90.351)
Epoch: [50][120/391], lr: 0.01000	Loss 1.0074 (1.0466)	Prec@1 77.344 (74.774)	Prec@5 90.625 (90.399)
Epoch: [50][130/391], lr: 0.01000	Loss 0.9698 (1.0506)	Prec@1 78.125 (74.690)	Prec@5 89.844 (90.303)
Epoch: [50][140/391], lr: 0.01000	Loss 0.9619 (1.0526)	Prec@1 79.688 (74.645)	Prec@5 92.188 (90.248)
Epoch: [50][150/391], lr: 0.01000	Loss 1.3530 (1.0575)	Prec@1 67.969 (74.457)	Prec@5 82.812 (90.227)
Epoch: [50][160/391], lr: 0.01000	Loss 1.0675 (1.0550)	Prec@1 71.875 (74.524)	Prec@5 89.062 (90.276)
Epoch: [50][170/391], lr: 0.01000	Loss 1.1083 (1.0577)	Prec@1 71.875 (74.470)	Prec@5 89.062 (90.260)
Epoch: [50][180/391], lr: 0.01000	Loss 1.1812 (1.0593)	Prec@1 66.406 (74.413)	Prec@5 90.625 (90.245)
Epoch: [50][190/391], lr: 0.01000	Loss 1.1187 (1.0593)	Prec@1 71.875 (74.423)	Prec@5 89.844 (90.241)
Epoch: [50][200/391], lr: 0.01000	Loss 1.4148 (1.0614)	Prec@1 65.625 (74.386)	Prec@5 81.250 (90.213)
Epoch: [50][210/391], lr: 0.01000	Loss 0.8230 (1.0606)	Prec@1 83.594 (74.411)	Prec@5 96.875 (90.233)
Epoch: [50][220/391], lr: 0.01000	Loss 1.2530 (1.0631)	Prec@1 67.188 (74.342)	Prec@5 83.594 (90.176)
Epoch: [50][230/391], lr: 0.01000	Loss 0.9946 (1.0631)	Prec@1 78.125 (74.371)	Prec@5 89.062 (90.148)
Epoch: [50][240/391], lr: 0.01000	Loss 1.0841 (1.0626)	Prec@1 75.000 (74.404)	Prec@5 88.281 (90.123)
Epoch: [50][250/391], lr: 0.01000	Loss 1.2898 (1.0651)	Prec@1 67.188 (74.303)	Prec@5 85.156 (90.080)
Epoch: [50][260/391], lr: 0.01000	Loss 1.0014 (1.0640)	Prec@1 74.219 (74.356)	Prec@5 89.844 (90.062)
Epoch: [50][270/391], lr: 0.01000	Loss 0.9855 (1.0688)	Prec@1 76.562 (74.199)	Prec@5 92.188 (89.985)
Epoch: [50][280/391], lr: 0.01000	Loss 1.1264 (1.0686)	Prec@1 70.312 (74.152)	Prec@5 91.406 (89.988)
Epoch: [50][290/391], lr: 0.01000	Loss 1.1489 (1.0699)	Prec@1 74.219 (74.125)	Prec@5 88.281 (89.970)
Epoch: [50][300/391], lr: 0.01000	Loss 1.1271 (1.0681)	Prec@1 71.094 (74.172)	Prec@5 91.406 (89.999)
Epoch: [50][310/391], lr: 0.01000	Loss 1.0998 (1.0682)	Prec@1 73.438 (74.179)	Prec@5 91.406 (90.005)
Epoch: [50][320/391], lr: 0.01000	Loss 1.1598 (1.0705)	Prec@1 71.094 (74.131)	Prec@5 86.719 (89.980)
Epoch: [50][330/391], lr: 0.01000	Loss 1.0249 (1.0699)	Prec@1 76.562 (74.153)	Prec@5 91.406 (89.957)
Epoch: [50][340/391], lr: 0.01000	Loss 1.1185 (1.0690)	Prec@1 72.656 (74.161)	Prec@5 89.062 (90.013)
Epoch: [50][350/391], lr: 0.01000	Loss 1.1000 (1.0707)	Prec@1 73.438 (74.127)	Prec@5 90.625 (90.002)
Epoch: [50][360/391], lr: 0.01000	Loss 1.1878 (1.0713)	Prec@1 72.656 (74.130)	Prec@5 85.938 (90.002)
Epoch: [50][370/391], lr: 0.01000	Loss 1.0295 (1.0704)	Prec@1 75.000 (74.153)	Prec@5 91.406 (90.025)
Epoch: [50][380/391], lr: 0.01000	Loss 1.3525 (1.0712)	Prec@1 67.969 (74.124)	Prec@5 82.812 (90.022)
Epoch: [50][390/391], lr: 0.01000	Loss 1.4048 (1.0711)	Prec@1 63.750 (74.142)	Prec@5 87.500 (90.002)
Epoch [50] Training Results: Prec@1 74.142 Prec@5 90.002             Loss 1.07110
Epoch [50] Training Class Recall: [0.741,0.756,0.668,0.677,0.712,0.738,0.767,0.777,0.785,0.792]

Epoch: [51][0/391], lr: 0.01000	Loss 1.1424 (1.1424)	Prec@1 71.875 (71.875)	Prec@5 88.281 (88.281)
Epoch: [51][10/391], lr: 0.01000	Loss 0.9309 (1.0577)	Prec@1 79.688 (74.361)	Prec@5 92.969 (90.696)
Epoch: [51][20/391], lr: 0.01000	Loss 0.9466 (1.0318)	Prec@1 78.125 (75.372)	Prec@5 91.406 (90.811)
Epoch: [51][30/391], lr: 0.01000	Loss 1.0504 (1.0305)	Prec@1 73.438 (75.680)	Prec@5 89.844 (90.524)
Epoch: [51][40/391], lr: 0.01000	Loss 0.8807 (1.0311)	Prec@1 81.250 (75.514)	Prec@5 91.406 (90.473)
Epoch: [51][50/391], lr: 0.01000	Loss 1.0245 (1.0304)	Prec@1 75.781 (75.429)	Prec@5 91.406 (90.656)
Epoch: [51][60/391], lr: 0.01000	Loss 0.9429 (1.0350)	Prec@1 80.469 (75.384)	Prec@5 92.188 (90.382)
Epoch: [51][70/391], lr: 0.01000	Loss 0.9104 (1.0380)	Prec@1 80.469 (75.341)	Prec@5 90.625 (90.284)
Epoch: [51][80/391], lr: 0.01000	Loss 0.9841 (1.0333)	Prec@1 75.781 (75.424)	Prec@5 89.062 (90.355)
Epoch: [51][90/391], lr: 0.01000	Loss 1.1861 (1.0333)	Prec@1 68.750 (75.386)	Prec@5 86.719 (90.385)
Epoch: [51][100/391], lr: 0.01000	Loss 1.1667 (1.0363)	Prec@1 71.875 (75.364)	Prec@5 86.719 (90.215)
Epoch: [51][110/391], lr: 0.01000	Loss 1.1971 (1.0426)	Prec@1 70.312 (75.190)	Prec@5 89.844 (90.111)
Epoch: [51][120/391], lr: 0.01000	Loss 0.9555 (1.0425)	Prec@1 78.906 (75.194)	Prec@5 92.188 (90.147)
Epoch: [51][130/391], lr: 0.01000	Loss 1.2129 (1.0432)	Prec@1 69.531 (75.173)	Prec@5 85.938 (90.112)
Epoch: [51][140/391], lr: 0.01000	Loss 1.1323 (1.0461)	Prec@1 71.875 (75.017)	Prec@5 92.969 (90.137)
Epoch: [51][150/391], lr: 0.01000	Loss 1.0011 (1.0472)	Prec@1 76.562 (74.979)	Prec@5 89.062 (90.113)
Epoch: [51][160/391], lr: 0.01000	Loss 0.9981 (1.0487)	Prec@1 77.344 (74.932)	Prec@5 88.281 (90.086)
Epoch: [51][170/391], lr: 0.01000	Loss 1.2083 (1.0521)	Prec@1 69.531 (74.858)	Prec@5 88.281 (90.017)
Epoch: [51][180/391], lr: 0.01000	Loss 1.0851 (1.0552)	Prec@1 70.312 (74.724)	Prec@5 92.188 (89.969)
Epoch: [51][190/391], lr: 0.01000	Loss 1.0278 (1.0554)	Prec@1 76.562 (74.718)	Prec@5 88.281 (89.926)
Epoch: [51][200/391], lr: 0.01000	Loss 1.0932 (1.0540)	Prec@1 73.438 (74.763)	Prec@5 90.625 (89.968)
Epoch: [51][210/391], lr: 0.01000	Loss 1.1534 (1.0533)	Prec@1 72.656 (74.796)	Prec@5 86.719 (90.014)
Epoch: [51][220/391], lr: 0.01000	Loss 1.1089 (1.0512)	Prec@1 75.000 (74.823)	Prec@5 89.844 (90.074)
Epoch: [51][230/391], lr: 0.01000	Loss 1.0846 (1.0511)	Prec@1 73.438 (74.821)	Prec@5 90.625 (90.070)
Epoch: [51][240/391], lr: 0.01000	Loss 1.0562 (1.0523)	Prec@1 75.000 (74.770)	Prec@5 90.625 (90.041)
Epoch: [51][250/391], lr: 0.01000	Loss 1.1320 (1.0533)	Prec@1 75.000 (74.739)	Prec@5 92.188 (90.049)
Epoch: [51][260/391], lr: 0.01000	Loss 1.1903 (1.0536)	Prec@1 71.875 (74.719)	Prec@5 89.062 (90.050)
Epoch: [51][270/391], lr: 0.01000	Loss 0.9723 (1.0552)	Prec@1 78.906 (74.666)	Prec@5 92.188 (90.025)
Epoch: [51][280/391], lr: 0.01000	Loss 1.1358 (1.0549)	Prec@1 71.094 (74.644)	Prec@5 93.750 (90.088)
Epoch: [51][290/391], lr: 0.01000	Loss 1.1732 (1.0577)	Prec@1 71.094 (74.565)	Prec@5 89.062 (90.045)
Epoch: [51][300/391], lr: 0.01000	Loss 1.2027 (1.0605)	Prec@1 69.531 (74.483)	Prec@5 88.281 (90.025)
Epoch: [51][310/391], lr: 0.01000	Loss 1.1668 (1.0619)	Prec@1 71.875 (74.432)	Prec@5 90.625 (90.020)
Epoch: [51][320/391], lr: 0.01000	Loss 0.8286 (1.0621)	Prec@1 83.594 (74.423)	Prec@5 90.625 (90.021)
Epoch: [51][330/391], lr: 0.01000	Loss 1.2840 (1.0625)	Prec@1 69.531 (74.419)	Prec@5 87.500 (90.042)
Epoch: [51][340/391], lr: 0.01000	Loss 1.0371 (1.0632)	Prec@1 75.000 (74.391)	Prec@5 92.969 (90.032)
Epoch: [51][350/391], lr: 0.01000	Loss 1.1736 (1.0635)	Prec@1 74.219 (74.395)	Prec@5 89.844 (90.020)
Epoch: [51][360/391], lr: 0.01000	Loss 1.0891 (1.0658)	Prec@1 72.656 (74.336)	Prec@5 89.844 (89.991)
Epoch: [51][370/391], lr: 0.01000	Loss 1.0687 (1.0656)	Prec@1 75.781 (74.341)	Prec@5 91.406 (89.989)
Epoch: [51][380/391], lr: 0.01000	Loss 1.1552 (1.0659)	Prec@1 75.781 (74.350)	Prec@5 88.281 (89.975)
Epoch: [51][390/391], lr: 0.01000	Loss 1.1985 (1.0653)	Prec@1 70.000 (74.382)	Prec@5 92.500 (90.006)
Epoch [51] Training Results: Prec@1 74.382 Prec@5 90.006             Loss 1.06526
Epoch [51] Training Class Recall: [0.746,0.757,0.673,0.682,0.715,0.740,0.768,0.779,0.787,0.792]

Epoch: [52][0/391], lr: 0.01000	Loss 1.0998 (1.0998)	Prec@1 73.438 (73.438)	Prec@5 90.625 (90.625)
Epoch: [52][10/391], lr: 0.01000	Loss 1.1725 (1.0445)	Prec@1 69.531 (75.000)	Prec@5 92.969 (90.909)
Epoch: [52][20/391], lr: 0.01000	Loss 1.0970 (1.0505)	Prec@1 72.656 (74.777)	Prec@5 89.844 (90.551)
Epoch: [52][30/391], lr: 0.01000	Loss 1.1231 (1.0752)	Prec@1 72.656 (74.143)	Prec@5 87.500 (89.743)
Epoch: [52][40/391], lr: 0.01000	Loss 1.0083 (1.0629)	Prec@1 75.000 (74.428)	Prec@5 91.406 (89.863)
Epoch: [52][50/391], lr: 0.01000	Loss 1.0411 (1.0581)	Prec@1 72.656 (74.525)	Prec@5 89.062 (90.012)
Epoch: [52][60/391], lr: 0.01000	Loss 0.9353 (1.0418)	Prec@1 76.562 (74.923)	Prec@5 92.969 (90.330)
Epoch: [52][70/391], lr: 0.01000	Loss 1.1947 (1.0440)	Prec@1 72.656 (74.736)	Prec@5 86.719 (90.306)
Epoch: [52][80/391], lr: 0.01000	Loss 0.9608 (1.0422)	Prec@1 77.344 (74.807)	Prec@5 92.188 (90.336)
Epoch: [52][90/391], lr: 0.01000	Loss 0.9978 (1.0421)	Prec@1 76.562 (74.914)	Prec@5 90.625 (90.307)
Epoch: [52][100/391], lr: 0.01000	Loss 1.0038 (1.0447)	Prec@1 75.000 (74.892)	Prec@5 92.969 (90.323)
Epoch: [52][110/391], lr: 0.01000	Loss 1.0743 (1.0437)	Prec@1 73.438 (74.958)	Prec@5 88.281 (90.273)
Epoch: [52][120/391], lr: 0.01000	Loss 1.0114 (1.0448)	Prec@1 78.906 (74.955)	Prec@5 90.625 (90.251)
Epoch: [52][130/391], lr: 0.01000	Loss 1.1095 (1.0456)	Prec@1 74.219 (74.988)	Prec@5 85.938 (90.148)
Epoch: [52][140/391], lr: 0.01000	Loss 1.0570 (1.0504)	Prec@1 76.562 (74.834)	Prec@5 91.406 (90.104)
Epoch: [52][150/391], lr: 0.01000	Loss 1.0578 (1.0499)	Prec@1 74.219 (74.860)	Prec@5 87.500 (90.170)
Epoch: [52][160/391], lr: 0.01000	Loss 1.0511 (1.0498)	Prec@1 76.562 (74.835)	Prec@5 89.062 (90.091)
Epoch: [52][170/391], lr: 0.01000	Loss 1.0288 (1.0512)	Prec@1 76.562 (74.799)	Prec@5 88.281 (90.063)
Epoch: [52][180/391], lr: 0.01000	Loss 0.9593 (1.0555)	Prec@1 77.344 (74.668)	Prec@5 92.969 (90.055)
Epoch: [52][190/391], lr: 0.01000	Loss 1.2281 (1.0578)	Prec@1 69.531 (74.595)	Prec@5 92.188 (90.052)
Epoch: [52][200/391], lr: 0.01000	Loss 1.1482 (1.0623)	Prec@1 71.875 (74.452)	Prec@5 89.062 (90.019)
Epoch: [52][210/391], lr: 0.01000	Loss 1.0742 (1.0647)	Prec@1 75.781 (74.404)	Prec@5 88.281 (89.970)
Epoch: [52][220/391], lr: 0.01000	Loss 1.0181 (1.0620)	Prec@1 77.344 (74.494)	Prec@5 90.625 (89.985)
Epoch: [52][230/391], lr: 0.01000	Loss 0.9994 (1.0617)	Prec@1 75.000 (74.513)	Prec@5 87.500 (89.969)
Epoch: [52][240/391], lr: 0.01000	Loss 1.1828 (1.0622)	Prec@1 71.094 (74.465)	Prec@5 85.156 (89.967)
Epoch: [52][250/391], lr: 0.01000	Loss 1.0334 (1.0634)	Prec@1 76.562 (74.399)	Prec@5 92.188 (89.993)
Epoch: [52][260/391], lr: 0.01000	Loss 1.0569 (1.0608)	Prec@1 75.000 (74.455)	Prec@5 88.281 (90.041)
Epoch: [52][270/391], lr: 0.01000	Loss 1.1738 (1.0609)	Prec@1 72.656 (74.481)	Prec@5 89.062 (90.051)
Epoch: [52][280/391], lr: 0.01000	Loss 1.0410 (1.0597)	Prec@1 72.656 (74.530)	Prec@5 91.406 (90.052)
Epoch: [52][290/391], lr: 0.01000	Loss 0.9716 (1.0596)	Prec@1 77.344 (74.530)	Prec@5 89.062 (90.059)
Epoch: [52][300/391], lr: 0.01000	Loss 1.3013 (1.0622)	Prec@1 64.844 (74.426)	Prec@5 88.281 (90.033)
Epoch: [52][310/391], lr: 0.01000	Loss 0.7445 (1.0613)	Prec@1 85.156 (74.460)	Prec@5 93.750 (90.060)
Epoch: [52][320/391], lr: 0.01000	Loss 1.1514 (1.0641)	Prec@1 71.094 (74.389)	Prec@5 90.625 (90.048)
Epoch: [52][330/391], lr: 0.01000	Loss 1.2060 (1.0644)	Prec@1 70.312 (74.358)	Prec@5 92.188 (90.068)
Epoch: [52][340/391], lr: 0.01000	Loss 0.9517 (1.0647)	Prec@1 76.562 (74.365)	Prec@5 90.625 (90.068)
Epoch: [52][350/391], lr: 0.01000	Loss 1.0089 (1.0643)	Prec@1 77.344 (74.388)	Prec@5 92.188 (90.082)
Epoch: [52][360/391], lr: 0.01000	Loss 0.7968 (1.0652)	Prec@1 82.812 (74.372)	Prec@5 92.969 (90.019)
Epoch: [52][370/391], lr: 0.01000	Loss 1.0804 (1.0651)	Prec@1 74.219 (74.368)	Prec@5 88.281 (89.991)
Epoch: [52][380/391], lr: 0.01000	Loss 1.1715 (1.0672)	Prec@1 70.312 (74.288)	Prec@5 89.062 (89.985)
Epoch: [52][390/391], lr: 0.01000	Loss 0.8393 (1.0668)	Prec@1 77.500 (74.290)	Prec@5 95.000 (89.994)
Epoch [52] Training Results: Prec@1 74.290 Prec@5 89.994             Loss 1.06685
Epoch [52] Training Class Recall: [0.746,0.762,0.668,0.681,0.714,0.733,0.764,0.782,0.786,0.792]

Epoch: [53][0/391], lr: 0.01000	Loss 0.8958 (0.8958)	Prec@1 79.688 (79.688)	Prec@5 89.844 (89.844)
Epoch: [53][10/391], lr: 0.01000	Loss 0.9787 (1.0669)	Prec@1 76.562 (74.290)	Prec@5 92.969 (89.915)
Epoch: [53][20/391], lr: 0.01000	Loss 1.3104 (1.0928)	Prec@1 64.062 (73.512)	Prec@5 85.938 (89.844)
Epoch: [53][30/391], lr: 0.01000	Loss 0.7356 (1.0615)	Prec@1 83.594 (74.370)	Prec@5 96.094 (90.701)
Epoch: [53][40/391], lr: 0.01000	Loss 1.1189 (1.0675)	Prec@1 73.438 (74.162)	Prec@5 90.625 (90.415)
Epoch: [53][50/391], lr: 0.01000	Loss 1.1050 (1.0718)	Prec@1 74.219 (74.203)	Prec@5 90.625 (89.997)
Epoch: [53][60/391], lr: 0.01000	Loss 1.3285 (1.0789)	Prec@1 65.625 (73.950)	Prec@5 89.062 (89.985)
Epoch: [53][70/391], lr: 0.01000	Loss 1.0534 (1.0779)	Prec@1 75.000 (74.076)	Prec@5 90.625 (89.899)
Epoch: [53][80/391], lr: 0.01000	Loss 1.0206 (1.0815)	Prec@1 78.125 (74.007)	Prec@5 88.281 (89.873)
Epoch: [53][90/391], lr: 0.01000	Loss 0.8905 (1.0801)	Prec@1 77.344 (73.996)	Prec@5 93.750 (89.809)
Epoch: [53][100/391], lr: 0.01000	Loss 1.0281 (1.0753)	Prec@1 74.219 (74.118)	Prec@5 92.969 (89.882)
Epoch: [53][110/391], lr: 0.01000	Loss 0.9409 (1.0703)	Prec@1 76.562 (74.212)	Prec@5 91.406 (89.985)
