Log file: cifar100_sava0.1_erm_exp1.0_seed42_20260615_233720.log
Run started: 2026-06-15 23:37:20.803689
Dataset: cifar100
Imbalance type: exp, factor: 1.0
Selection method: sava, ratio: 0.1
Strategy: ERM, epochs: 200
Seed: 42, rand_number: 0
Augmentation: weak
Noise ratio: 0.25
mamix_ratio: 1.0
============================================================

=> No CSV or TensorBoard logging – only console and debug log.
-----------------------------------------------
Class ID   | Original   | Selected   | Keep %  
-----------------------------------------------
0          | 500        | 1          |    0.2%
1          | 500        | 8          |    1.6%
2          | 500        | 5          |    1.0%
3          | 500        | 38         |    7.6%
4          | 500        | 123        |   24.6%
5          | 500        | 30         |    6.0%
6          | 500        | 0          |    0.0%
7          | 500        | 25         |    5.0%
8          | 500        | 94         |   18.8%
9          | 500        | 23         |    4.6%
10         | 500        | 43         |    8.6%
11         | 500        | 15         |    3.0%
12         | 500        | 19         |    3.8%
13         | 500        | 8          |    1.6%
14         | 500        | 44         |    8.8%
15         | 500        | 21         |    4.2%
16         | 500        | 13         |    2.6%
17         | 500        | 11         |    2.2%
18         | 500        | 112        |   22.4%
19         | 500        | 12         |    2.4%
20         | 500        | 26         |    5.2%
21         | 500        | 138        |   27.6%
22         | 500        | 120        |   24.0%
23         | 500        | 246        |   49.2%
24         | 500        | 88         |   17.6%
25         | 500        | 145        |   29.0%
26         | 500        | 187        |   37.4%
27         | 500        | 323        |   64.6%
28         | 500        | 175        |   35.0%
29         | 500        | 117        |   23.4%
30         | 500        | 2          |    0.4%
31         | 500        | 8          |    1.6%
32         | 500        | 26         |    5.2%
33         | 500        | 55         |   11.0%
34         | 500        | 60         |   12.0%
35         | 500        | 13         |    2.6%
36         | 500        | 22         |    4.4%
37         | 500        | 11         |    2.2%
38         | 500        | 67         |   13.4%
39         | 500        | 66         |   13.2%
40         | 500        | 14         |    2.8%
41         | 500        | 21         |    4.2%
42         | 500        | 33         |    6.6%
43         | 500        | 56         |   11.2%
44         | 500        | 182        |   36.4%
45         | 500        | 19         |    3.8%
46         | 500        | 0          |    0.0%
47         | 500        | 24         |    4.8%
48         | 500        | 14         |    2.8%
49         | 500        | 22         |    4.4%
50         | 500        | 24         |    4.8%
51         | 500        | 14         |    2.8%
52         | 500        | 5          |    1.0%
53         | 500        | 1          |    0.2%
54         | 500        | 28         |    5.6%
55         | 500        | 88         |   17.6%
56         | 500        | 8          |    1.6%
57         | 500        | 65         |   13.0%
58         | 500        | 24         |    4.8%
59         | 500        | 21         |    4.2%
60         | 500        | 13         |    2.6%
61         | 500        | 36         |    7.2%
62         | 500        | 4          |    0.8%
63         | 500        | 65         |   13.0%
64         | 500        | 39         |    7.8%
65         | 500        | 29         |    5.8%
66         | 500        | 14         |    2.8%
67         | 500        | 76         |   15.2%
68         | 500        | 85         |   17.0%
69         | 500        | 73         |   14.6%
70         | 500        | 24         |    4.8%
71         | 500        | 11         |    2.2%
72         | 500        | 48         |    9.6%
73         | 500        | 9          |    1.8%
74         | 500        | 103        |   20.6%
75         | 500        | 11         |    2.2%
76         | 500        | 10         |    2.0%
77         | 500        | 75         |   15.0%
78         | 500        | 94         |   18.8%
79         | 500        | 114        |   22.8%
80         | 500        | 37         |    7.4%
81         | 500        | 21         |    4.2%
82         | 500        | 9          |    1.8%
83         | 500        | 13         |    2.6%
84         | 500        | 101        |   20.2%
85         | 500        | 35         |    7.0%
86         | 500        | 22         |    4.4%
87         | 500        | 51         |   10.2%
88         | 500        | 155        |   31.0%
89         | 500        | 18         |    3.6%
90         | 500        | 1          |    0.2%
91         | 500        | 21         |    4.2%
92         | 500        | 3          |    0.6%
93         | 500        | 50         |   10.0%
94         | 500        | 111        |   22.2%
95         | 500        | 32         |    6.4%
96         | 500        | 19         |    3.8%
97         | 500        | 23         |    4.6%
98         | 500        | 16         |    3.2%
99         | 500        | 126        |   25.2%
-----------------------------------------------
TOTAL      | 50000      | 5000       |   10.0%
-----------------------------------------------
Training Group Acc: [0.095,0.006,0.000]
Epoch [0] Training Results: Prec@1 7.100 Prec@5 24.300 Loss 4.17473
Epoch [0] Training Class Recall: [0.000,0.000,0.000,0.000,0.033,0.000,0.000,0.000,0.000,0.000,0.000,0.000,
 0.000,0.000,0.000,0.000,0.000,0.009,0.000,0.000,0.138,0.000,0.325,0.000,
 0.048,0.096,0.415,0.120,0.009,0.000,0.000,0.000,0.000,0.000,0.000,0.000,
 0.000,0.000,0.212,0.000,0.000,0.000,0.000,0.027,0.000,0.000,0.000,0.000,
 0.000,0.000,0.000,0.000,0.000,0.000,0.000,0.031,0.000,0.000,0.000,0.000,
 0.000,0.000,0.000,0.000,0.000,0.000,0.000,0.014,0.000,0.000,0.000,0.000,
 0.049,0.000,0.000,0.000,0.011,0.000,0.000,0.000,0.000,0.000,0.020,0.000,
 0.000,0.000,0.039,0.000,0.000,0.000,0.000,0.000,0.153,0.000,0.000,0.000,
 0.000,0.135]
Testing Group Acc: [0.079,0.012,0.000]
Epoch [0] Testing Results: Prec@1 1.930 Prec@5 7.120 Loss 5.24375
Epoch [0] Testing Class Recall: [0.000,0.000,0.000,0.000,0.000,0.000,0.000,0.000,0.000,0.000,0.000,0.000,
 0.000,0.000,0.000,0.000,0.000,0.000,0.000,0.000,0.000,0.000,0.000,0.450,
 0.000,0.000,0.310,0.520,0.010,0.000,0.000,0.000,0.000,0.000,0.000,0.000,
 0.000,0.000,0.000,0.110,0.000,0.000,0.000,0.000,0.030,0.000,0.000,0.000,
 0.000,0.000,0.000,0.000,0.000,0.000,0.000,0.000,0.000,0.470,0.000,0.000,
 0.000,0.000,0.000,0.000,0.000,0.000,0.000,0.000,0.000,0.000,0.000,0.000,
 0.000,0.000,0.000,0.000,0.000,0.000,0.000,0.010,0.000,0.000,0.000,0.000,
 0.000,0.000,0.000,0.000,0.000,0.000,0.000,0.000,0.000,0.000,0.020,0.000,
 0.000,0.000,0.000,0.000]
Training Group Acc: [0.144,0.022,0.000]
Epoch [1] Training Results: Prec@1 11.040 Prec@5 32.360 Loss 3.86495
Epoch [1] Training Class Recall: [0.000,0.000,0.000,0.000,0.049,0.000,0.000,0.053,0.000,0.047,0.000,0.000,
 0.000,0.000,0.000,0.000,0.000,0.000,0.000,0.000,0.254,0.042,0.496,0.057,
 0.041,0.198,0.467,0.080,0.034,0.000,0.000,0.038,0.000,0.000,0.000,0.000,
 0.000,0.015,0.258,0.000,0.000,0.000,0.000,0.115,0.000,0.000,0.000,0.000,
 0.000,0.000,0.000,0.000,0.000,0.000,0.000,0.277,0.000,0.000,0.000,0.028,
 0.000,0.000,0.000,0.000,0.000,0.000,0.129,0.068,0.000,0.000,0.000,0.000,
 0.010,0.000,0.000,0.013,0.043,0.184,0.000,0.000,0.000,0.000,0.000,0.000,
 0.000,0.000,0.045,0.000,0.000,0.000,0.000,0.000,0.198,0.000,0.000,0.000,
 0.000,0.230]
Testing Group Acc: [0.119,0.015,0.000]
Epoch [1] Testing Results: Prec@1 2.740 Prec@5 9.560 Loss 5.76758
Epoch [1] Testing Class Recall: [0.000,0.000,0.000,0.000,0.400,0.000,0.000,0.000,0.010,0.000,0.000,0.000,
 0.000,0.000,0.000,0.000,0.000,0.000,0.010,0.000,0.000,0.490,0.000,0.700,
 0.000,0.050,0.080,0.000,0.000,0.000,0.000,0.000,0.000,0.000,0.000,0.000,
 0.000,0.000,0.120,0.050,0.000,0.000,0.000,0.000,0.020,0.000,0.000,0.000,
 0.000,0.000,0.000,0.000,0.000,0.000,0.000,0.000,0.000,0.180,0.000,0.000,
 0.000,0.000,0.000,0.000,0.000,0.000,0.000,0.000,0.350,0.000,0.000,0.000,
 0.000,0.000,0.000,0.000,0.000,0.000,0.000,0.030,0.000,0.000,0.000,0.000,
 0.010,0.000,0.000,0.000,0.140,0.000,0.000,0.000,0.000,0.000,0.100,0.000,
 0.000,0.000,0.000,0.000]
Training Group Acc: [0.171,0.038,0.000]
Epoch [2] Training Results: Prec@1 13.280 Prec@5 36.680 Loss 3.71399
Epoch [2] Training Class Recall: [0.000,0.000,0.000,0.000,0.089,0.000,0.000,0.011,0.000,0.000,0.000,0.000,
 0.000,0.000,0.000,0.000,0.000,0.027,0.000,0.000,0.254,0.067,0.642,0.011,
 0.097,0.096,0.372,0.131,0.094,0.000,0.000,0.000,0.000,0.000,0.000,0.000,
 0.000,0.015,0.394,0.000,0.000,0.000,0.036,0.110,0.000,0.000,0.000,0.000,
 0.000,0.000,0.000,0.000,0.000,0.045,0.000,0.231,0.000,0.000,0.000,0.028,
 0.000,0.015,0.026,0.000,0.000,0.053,0.506,0.192,0.000,0.000,0.000,0.000,
 0.049,0.000,0.000,0.013,0.128,0.184,0.000,0.000,0.000,0.000,0.000,0.029,
 0.000,0.000,0.123,0.000,0.000,0.000,0.000,0.000,0.225,0.031,0.000,0.000,
 0.000,0.349]
Testing Group Acc: [0.115,0.024,0.000]
Epoch [2] Testing Results: Prec@1 3.070 Prec@5 9.570 Loss 6.28822
Epoch [2] Testing Class Recall: [0.000,0.000,0.000,0.000,0.010,0.000,0.000,0.000,0.000,0.000,0.000,0.000,
 0.000,0.000,0.000,0.000,0.000,0.000,0.110,0.000,0.000,0.000,0.010,0.300,
 0.000,0.160,0.000,0.560,0.160,0.000,0.000,0.000,0.000,0.000,0.020,0.000,
 0.000,0.000,0.040,0.000,0.000,0.000,0.000,0.000,0.000,0.000,0.000,0.000,
 0.000,0.000,0.000,0.000,0.000,0.000,0.000,0.000,0.000,0.000,0.000,0.000,
 0.000,0.000,0.000,0.000,0.010,0.000,0.000,0.020,0.800,0.110,0.110,0.000,
 0.000,0.000,0.000,0.000,0.000,0.000,0.010,0.070,0.000,0.000,0.000,0.000,
 0.000,0.000,0.000,0.000,0.190,0.000,0.000,0.000,0.000,0.000,0.380,0.000,
 0.000,0.000,0.000,0.000]
Training Group Acc: [0.193,0.046,0.000]
Epoch [3] Training Results: Prec@1 15.360 Prec@5 41.080 Loss 3.55377
Epoch [3] Training Class Recall: [0.000,0.000,0.000,0.000,0.024,0.000,0.000,0.138,0.000,0.000,0.000,0.000,
 0.000,0.000,0.000,0.000,0.000,0.098,0.000,0.077,0.348,0.017,0.728,0.023,
 0.221,0.219,0.446,0.091,0.034,0.000,0.000,0.000,0.000,0.017,0.000,0.000,
 0.000,0.060,0.258,0.000,0.000,0.000,0.036,0.071,0.000,0.000,0.000,0.000,
 0.000,0.000,0.000,0.000,0.036,0.000,0.000,0.354,0.000,0.000,0.000,0.056,
 0.000,0.015,0.000,0.000,0.000,0.013,0.494,0.164,0.083,0.000,0.021,0.000,
 0.068,0.000,0.000,0.000,0.277,0.219,0.000,0.000,0.000,0.000,0.000,0.000,
 0.000,0.000,0.168,0.000,0.000,0.000,0.000,0.000,0.261,0.062,0.000,0.000,
 0.000,0.270]
Testing Group Acc: [0.094,0.018,0.000]
Epoch [3] Testing Results: Prec@1 2.430 Prec@5 8.040 Loss 7.45832
Epoch [3] Testing Class Recall: [0.000,0.000,0.000,0.000,0.000,0.000,0.000,0.000,0.460,0.000,0.000,0.000,
 0.000,0.000,0.000,0.000,0.000,0.000,0.010,0.000,0.000,0.000,0.000,0.180,
 0.000,0.060,0.010,0.000,0.010,0.030,0.000,0.000,0.000,0.000,0.000,0.000,
 0.000,0.000,0.020,0.000,0.000,0.000,0.000,0.000,0.020,0.000,0.000,0.000,
 0.000,0.000,0.000,0.000,0.000,0.000,0.000,0.000,0.000,0.000,0.000,0.000,
 0.000,0.000,0.000,0.000,0.000,0.000,0.000,0.010,0.330,0.000,0.000,0.000,
 0.000,0.000,0.110,0.000,0.000,0.000,0.000,0.000,0.000,0.000,0.000,0.000,
 0.060,0.000,0.000,0.000,0.840,0.000,0.000,0.000,0.000,0.000,0.260,0.020,
 0.000,0.000,0.000,0.000]
Training Group Acc: [0.229,0.048,0.000]
Epoch [4] Training Results: Prec@1 17.140 Prec@5 44.100 Loss 3.40514
Epoch [4] Training Class Recall: [0.000,0.000,0.000,0.000,0.057,0.000,0.000,0.181,0.000,0.023,0.000,0.000,
 0.000,0.000,0.000,0.000,0.000,0.170,0.000,0.000,0.268,0.108,0.687,0.068,
 0.159,0.278,0.461,0.137,0.051,0.000,0.000,0.000,0.036,0.000,0.000,0.000,
 0.000,0.030,0.485,0.000,0.000,0.000,0.054,0.137,0.000,0.000,0.000,0.045,
 0.000,0.000,0.000,0.000,0.000,0.000,0.000,0.262,0.000,0.000,0.000,0.028,
 0.000,0.046,0.000,0.000,0.000,0.039,0.588,0.041,0.083,0.000,0.021,0.000,
 0.039,0.000,0.000,0.013,0.160,0.298,0.000,0.000,0.000,0.000,0.000,0.000,
 0.000,0.020,0.265,0.000,0.000,0.000,0.000,0.000,0.450,0.031,0.000,0.000,
 0.000,0.333]
Testing Group Acc: [0.122,0.037,0.001]
Epoch [4] Testing Results: Prec@1 3.860 Prec@5 11.120 Loss 6.07390
Epoch [4] Testing Class Recall: [0.000,0.000,0.000,0.000,0.280,0.000,0.000,0.000,0.310,0.000,0.000,0.000,
 0.000,0.000,0.000,0.000,0.000,0.000,0.090,0.000,0.000,0.030,0.000,0.200,
 0.000,0.220,0.020,0.330,0.070,0.000,0.000,0.000,0.000,0.070,0.000,0.000,
 0.000,0.000,0.080,0.000,0.000,0.000,0.000,0.010,0.000,0.000,0.000,0.000,
 0.000,0.000,0.000,0.000,0.000,0.000,0.000,0.010,0.000,0.100,0.000,0.000,
 0.000,0.000,0.000,0.060,0.000,0.000,0.000,0.000,0.800,0.000,0.010,0.000,
 0.030,0.000,0.030,0.000,0.000,0.000,0.270,0.080,0.000,0.000,0.000,0.000,
 0.000,0.000,0.000,0.000,0.120,0.000,0.000,0.000,0.000,0.000,0.350,0.000,
 0.030,0.000,0.000,0.260]
Training Group Acc: [0.242,0.069,0.000]
Epoch [5] Training Results: Prec@1 19.420 Prec@5 46.780 Loss 3.31196
Epoch [5] Training Class Recall: [0.000,0.000,0.000,0.000,0.016,0.033,0.000,0.181,0.000,0.000,0.000,0.000,
 0.000,0.000,0.000,0.000,0.000,0.107,0.000,0.000,0.428,0.117,0.679,0.068,
 0.262,0.294,0.533,0.194,0.068,0.000,0.000,0.000,0.164,0.000,0.000,0.000,
 0.000,0.015,0.530,0.000,0.000,0.000,0.107,0.176,0.000,0.000,0.000,0.000,
 0.000,0.000,0.000,0.000,0.000,0.045,0.000,0.369,0.000,0.000,0.000,0.000,
 0.000,0.185,0.000,0.000,0.000,0.013,0.647,0.041,0.208,0.000,0.188,0.000,
 0.146,0.000,0.000,0.067,0.362,0.158,0.000,0.000,0.000,0.000,0.000,0.000,
 0.000,0.000,0.194,0.000,0.000,0.000,0.000,0.000,0.423,0.031,0.000,0.000,
 0.000,0.317]
Testing Group Acc: [0.141,0.025,0.002]
Epoch [5] Testing Results: Prec@1 3.650 Prec@5 12.830 Loss 5.26242
Epoch [5] Testing Class Recall: [0.000,0.000,0.000,0.000,0.000,0.010,0.000,0.000,0.340,0.000,0.000,0.000,
 0.000,0.000,0.000,0.000,0.000,0.000,0.170,0.000,0.000,0.030,0.020,0.460,
 0.050,0.060,0.020,0.420,0.090,0.070,0.000,0.000,0.000,0.080,0.030,0.000,
 0.000,0.000,0.000,0.030,0.000,0.000,0.000,0.000,0.020,0.000,0.000,0.000,
 0.000,0.000,0.000,0.000,0.000,0.000,0.000,0.030,0.000,0.040,0.000,0.000,
 0.000,0.000,0.000,0.000,0.000,0.000,0.000,0.020,0.300,0.100,0.000,0.000,
 0.020,0.000,0.020,0.000,0.000,0.000,0.110,0.030,0.000,0.000,0.000,0.000,
 0.020,0.000,0.000,0.030,0.000,0.000,0.000,0.000,0.000,0.000,0.650,0.000,
 0.060,0.000,0.000,0.320]
Training Group Acc: [0.253,0.078,0.005]
Epoch [6] Training Results: Prec@1 20.620 Prec@5 50.780 Loss 3.19057
Epoch [6] Training Class Recall: [0.000,0.000,0.000,0.000,0.049,0.000,0.000,0.255,0.000,0.000,0.000,0.000,
 0.000,0.000,0.000,0.000,0.000,0.143,0.000,0.000,0.362,0.125,0.720,0.284,
 0.290,0.289,0.529,0.200,0.060,0.000,0.000,0.115,0.218,0.000,0.000,0.000,
 0.000,0.045,0.545,0.000,0.000,0.000,0.125,0.137,0.000,0.000,0.000,0.045,
 0.000,0.000,0.000,0.000,0.000,0.080,0.000,0.385,0.000,0.000,0.000,0.056,
 0.000,0.138,0.000,0.000,0.000,0.039,0.541,0.082,0.167,0.000,0.062,0.000,
 0.058,0.000,0.000,0.093,0.351,0.193,0.000,0.000,0.000,0.000,0.010,0.000,
 0.000,0.000,0.239,0.000,0.000,0.000,0.000,0.040,0.532,0.000,0.158,0.000,
 0.000,0.373]
Testing Group Acc: [0.136,0.033,0.003]
Epoch [6] Testing Results: Prec@1 3.940 Prec@5 12.010 Loss 6.27109
Epoch [6] Testing Class Recall: [0.000,0.000,0.000,0.000,0.000,0.000,0.000,0.000,0.120,0.000,0.000,0.000,
 0.000,0.000,0.000,0.000,0.000,0.000,0.320,0.000,0.000,0.450,0.010,0.410,
 0.000,0.080,0.060,0.120,0.150,0.000,0.000,0.000,0.000,0.010,0.000,0.000,
 0.000,0.000,0.070,0.050,0.000,0.000,0.000,0.000,0.020,0.000,0.000,0.000,
 0.000,0.000,0.000,0.000,0.000,0.000,0.000,0.000,0.000,0.120,0.000,0.000,
 0.010,0.000,0.000,0.230,0.000,0.000,0.000,0.020,0.690,0.040,0.040,0.010,
 0.000,0.000,0.060,0.000,0.030,0.000,0.070,0.250,0.000,0.000,0.000,0.000,
 0.000,0.000,0.000,0.000,0.220,0.000,0.000,0.000,0.000,0.000,0.160,0.080,
 0.040,0.000,0.000,0.000]
Training Group Acc: [0.264,0.074,0.003]
Epoch [7] Training Results: Prec@1 20.840 Prec@5 50.060 Loss 3.17137
Epoch [7] Training Class Recall: [0.000,0.000,0.000,0.000,0.163,0.000,0.000,0.340,0.000,0.000,0.000,0.000,
 0.000,0.000,0.000,0.000,0.000,0.098,0.000,0.000,0.464,0.125,0.728,0.261,
 0.131,0.332,0.502,0.229,0.026,0.000,0.000,0.000,0.109,0.000,0.000,0.000,
 0.000,0.030,0.545,0.000,0.000,0.000,0.107,0.121,0.000,0.000,0.000,0.000,
 0.000,0.000,0.000,0.000,0.000,0.023,0.000,0.338,0.042,0.000,0.000,0.056,
 0.000,0.215,0.000,0.000,0.000,0.026,0.565,0.041,0.250,0.000,0.042,0.000,
 0.087,0.000,0.000,0.147,0.330,0.333,0.000,0.000,0.000,0.000,0.010,0.000,
 0.000,0.000,0.239,0.000,0.000,0.000,0.000,0.000,0.441,0.031,0.105,0.000,
 0.000,0.468]
Testing Group Acc: [0.179,0.027,0.002]
Epoch [7] Testing Results: Prec@1 4.400 Prec@5 12.390 Loss 6.12995
Epoch [7] Testing Class Recall: [0.000,0.000,0.000,0.000,0.020,0.000,0.000,0.000,0.070,0.000,0.010,0.000,
 0.000,0.000,0.000,0.000,0.000,0.000,0.090,0.000,0.000,0.590,0.060,0.600,
 0.180,0.310,0.250,0.450,0.080,0.040,0.000,0.000,0.000,0.000,0.000,0.000,
 0.000,0.000,0.000,0.040,0.000,0.000,0.000,0.060,0.210,0.000,0.000,0.000,
 0.000,0.000,0.000,0.000,0.000,0.000,0.000,0.000,0.000,0.340,0.000,0.000,
 0.010,0.000,0.000,0.040,0.000,0.000,0.000,0.020,0.230,0.050,0.060,0.000,
 0.000,0.000,0.000,0.000,0.000,0.000,0.130,0.060,0.000,0.000,0.000,0.000,
 0.000,0.000,0.000,0.010,0.000,0.000,0.000,0.000,0.000,0.030,0.230,0.000,
 0.070,0.000,0.000,0.060]
Training Group Acc: [0.303,0.093,0.010]
Epoch [8] Training Results: Prec@1 23.900 Prec@5 53.760 Loss 3.03059
Epoch [8] Training Class Recall: [0.000,0.000,0.000,0.000,0.081,0.033,0.000,0.340,0.000,0.000,0.000,0.000,
 0.000,0.000,0.000,0.000,0.000,0.223,0.000,0.000,0.594,0.150,0.752,0.295,
 0.283,0.390,0.585,0.183,0.051,0.000,0.000,0.000,0.291,0.017,0.000,0.000,
 0.000,0.000,0.500,0.000,0.000,0.000,0.214,0.198,0.000,0.000,0.000,0.045,
 0.000,0.000,0.000,0.000,0.000,0.034,0.000,0.354,0.000,0.000,0.077,0.056,
 0.000,0.308,0.000,0.034,0.000,0.039,0.706,0.178,0.375,0.091,0.104,0.000,
 0.146,0.000,0.000,0.067,0.223,0.289,0.000,0.000,0.000,0.000,0.010,0.000,
 0.000,0.039,0.168,0.000,0.000,0.000,0.000,0.040,0.595,0.094,0.158,0.000,
 0.000,0.460]
Testing Group Acc: [0.179,0.038,0.004]
Epoch [8] Testing Results: Prec@1 4.950 Prec@5 14.350 Loss 6.20907
Epoch [8] Testing Class Recall: [0.000,0.000,0.000,0.000,0.020,0.010,0.000,0.000,0.070,0.000,0.000,0.000,
 0.000,0.000,0.000,0.000,0.000,0.000,0.140,0.000,0.000,0.430,0.080,0.740,
 0.070,0.170,0.230,0.180,0.090,0.000,0.000,0.000,0.000,0.030,0.000,0.000,
 0.000,0.000,0.000,0.040,0.000,0.000,0.000,0.050,0.040,0.000,0.000,0.020,
 0.000,0.000,0.000,0.000,0.000,0.000,0.000,0.010,0.000,0.250,0.000,0.000,
 0.010,0.000,0.000,0.030,0.000,0.000,0.000,0.080,0.340,0.050,0.140,0.000,
 0.000,0.000,0.180,0.000,0.000,0.120,0.390,0.080,0.000,0.000,0.000,0.000,
 0.000,0.000,0.000,0.010,0.340,0.000,0.000,0.000,0.000,0.000,0.240,0.060,
 0.130,0.000,0.000,0.080]
Training Group Acc: [0.335,0.108,0.019]
Epoch [9] Training Results: Prec@1 26.600 Prec@5 56.360 Loss 2.93681
Epoch [9] Training Class Recall: [0.000,0.000,0.000,0.000,0.163,0.067,0.000,0.340,0.000,0.023,0.000,0.053,
 0.000,0.000,0.000,0.000,0.000,0.205,0.000,0.000,0.580,0.283,0.801,0.375,
 0.324,0.422,0.567,0.280,0.051,0.000,0.000,0.038,0.345,0.000,0.077,0.000,
 0.000,0.045,0.561,0.000,0.000,0.000,0.125,0.198,0.000,0.000,0.000,0.000,
 0.000,0.000,0.000,0.000,0.000,0.102,0.000,0.338,0.000,0.000,0.000,0.139,
 0.000,0.415,0.026,0.000,0.000,0.039,0.741,0.178,0.208,0.364,0.167,0.000,
 0.126,0.000,0.000,0.253,0.298,0.298,0.000,0.000,0.000,0.000,0.000,0.029,
 0.000,0.020,0.219,0.000,0.000,0.048,0.000,0.020,0.631,0.156,0.158,0.000,
 0.000,0.548]
Testing Group Acc: [0.126,0.029,0.002]
Epoch [9] Testing Results: Prec@1 3.590 Prec@5 12.480 Loss 7.09970
Epoch [9] Testing Class Recall: [0.000,0.000,0.000,0.000,0.010,0.000,0.000,0.000,0.050,0.000,0.000,0.000,
 0.000,0.000,0.000,0.000,0.000,0.000,0.210,0.000,0.000,0.000,0.010,0.430,
 0.000,0.000,0.130,0.080,0.010,0.000,0.000,0.000,0.000,0.110,0.000,0.000,
 0.000,0.000,0.000,0.060,0.000,0.000,0.000,0.000,0.520,0.000,0.000,0.010,
 0.000,0.000,0.000,0.000,0.000,0.000,0.010,0.000,0.000,0.160,0.000,0.000,
 0.050,0.010,0.000,0.090,0.000,0.000,0.000,0.060,0.410,0.040,0.150,0.000,
 0.000,0.000,0.080,0.000,0.020,0.020,0.120,0.220,0.000,0.000,0.000,0.000,
 0.010,0.000,0.000,0.000,0.050,0.000,0.000,0.000,0.000,0.060,0.310,0.010,
 0.010,0.000,0.000,0.070]
Training Group Acc: [0.329,0.119,0.010]
Epoch [10] Training Results: Prec@1 26.580 Prec@5 55.200 Loss 2.96813
Epoch [10] Training Class Recall: [0.000,0.000,0.000,0.000,0.106,0.000,0.000,0.404,0.000,0.093,0.000,0.000,
 0.000,0.000,0.000,0.000,0.000,0.223,0.000,0.000,0.478,0.233,0.785,0.443,
 0.297,0.332,0.570,0.314,0.137,0.000,0.000,0.038,0.364,0.083,0.000,0.182,
 0.000,0.015,0.545,0.000,0.000,0.000,0.125,0.192,0.000,0.000,0.000,0.000,
 0.000,0.000,0.000,0.000,0.036,0.091,0.000,0.446,0.083,0.000,0.154,0.083,
 0.000,0.385,0.000,0.000,0.000,0.079,0.800,0.110,0.292,0.091,0.062,0.000,
 0.214,0.000,0.000,0.080,0.426,0.386,0.000,0.000,0.000,0.000,0.010,0.000,
 0.000,0.020,0.258,0.000,0.000,0.048,0.000,0.060,0.568,0.188,0.105,0.000,
 0.000,0.492]
Testing Group Acc: [0.214,0.036,0.004]
Epoch [10] Testing Results: Prec@1 5.500 Prec@5 15.740 Loss 6.20273
Epoch [10] Testing Class Recall: [0.000,0.000,0.000,0.000,0.060,0.020,0.000,0.000,0.260,0.000,0.020,0.000,
 0.010,0.000,0.000,0.000,0.000,0.000,0.090,0.000,0.000,0.380,0.100,0.600,
 0.020,0.020,0.250,0.650,0.220,0.020,0.000,0.000,0.000,0.060,0.000,0.000,
 0.000,0.000,0.000,0.050,0.000,0.000,0.000,0.020,0.070,0.000,0.000,0.000,
 0.000,0.010,0.000,0.000,0.000,0.000,0.000,0.020,0.000,0.210,0.000,0.000,
 0.030,0.000,0.000,0.090,0.000,0.000,0.000,0.030,0.330,0.120,0.060,0.040,
 0.000,0.000,0.020,0.000,0.010,0.030,0.270,0.060,0.000,0.000,0.000,0.000,
 0.040,0.010,0.000,0.020,0.360,0.000,0.000,0.000,0.000,0.000,0.440,0.060,
 0.060,0.000,0.000,0.260]
Training Group Acc: [0.346,0.135,0.024]
Epoch [11] Training Results: Prec@1 28.700 Prec@5 60.040 Loss 2.80392
Epoch [11] Training Class Recall: [0.000,0.000,0.000,0.000,0.195,0.067,0.000,0.447,0.000,0.070,0.000,0.000,
 0.000,0.000,0.000,0.000,0.000,0.179,0.000,0.000,0.558,0.267,0.760,0.455,
 0.234,0.364,0.616,0.400,0.128,0.000,0.000,0.038,0.418,0.033,0.077,0.000,
 0.000,0.030,0.621,0.000,0.000,0.000,0.161,0.302,0.000,0.000,0.000,0.136,
 0.000,0.000,0.000,0.000,0.036,0.068,0.000,0.477,0.042,0.000,0.231,0.222,
 0.000,0.415,0.026,0.034,0.000,0.092,0.765,0.342,0.333,0.182,0.083,0.000,
 0.155,0.000,0.100,0.107,0.415,0.325,0.000,0.000,0.000,0.000,0.020,0.086,
 0.000,0.059,0.258,0.000,0.000,0.000,0.000,0.140,0.667,0.125,0.211,0.000,
 0.000,0.452]
Testing Group Acc: [0.175,0.036,0.002]
Epoch [11] Testing Results: Prec@1 4.750 Prec@5 14.710 Loss 6.70327
Epoch [11] Testing Class Recall: [0.000,0.000,0.000,0.000,0.250,0.000,0.000,0.000,0.250,0.000,0.010,0.000,
 0.010,0.000,0.000,0.000,0.000,0.000,0.010,0.000,0.000,0.330,0.170,0.390,
 0.020,0.020,0.250,0.260,0.220,0.000,0.000,0.000,0.000,0.020,0.030,0.000,
 0.000,0.000,0.000,0.040,0.000,0.000,0.000,0.000,0.000,0.000,0.000,0.000,
 0.000,0.030,0.000,0.000,0.000,0.000,0.020,0.020,0.000,0.060,0.000,0.000,
 0.000,0.020,0.000,0.060,0.000,0.000,0.000,0.040,0.410,0.150,0.080,0.010,
 0.000,0.000,0.030,0.000,0.010,0.010,0.400,0.050,0.000,0.000,0.000,0.000,
 0.010,0.000,0.000,0.010,0.650,0.000,0.000,0.010,0.000,0.000,0.270,0.010,
 0.050,0.000,0.000,0.060]
Training Group Acc: [0.379,0.131,0.022]
Epoch [12] Training Results: Prec@1 30.000 Prec@5 61.420 Loss 2.73857
Epoch [12] Training Class Recall: [0.000,0.000,0.000,0.000,0.228,0.033,0.000,0.394,0.000,0.047,0.000,0.000,
 0.000,0.000,0.000,0.000,0.000,0.143,0.000,0.000,0.616,0.233,0.772,0.455,
 0.386,0.465,0.591,0.377,0.145,0.000,0.000,0.038,0.327,0.017,0.077,0.000,
 0.000,0.075,0.697,0.000,0.000,0.000,0.161,0.275,0.000,0.000,0.000,0.091,
 0.000,0.000,0.000,0.000,0.071,0.091,0.000,0.462,0.042,0.000,0.077,0.111,
 0.000,0.446,0.000,0.000,0.000,0.118,0.824,0.274,0.417,0.182,0.188,0.000,
 0.252,0.000,0.100,0.187,0.309,0.342,0.000,0.000,0.000,0.000,0.030,0.000,
 0.000,0.059,0.348,0.000,0.000,0.000,0.000,0.080,0.730,0.125,0.316,0.000,
 0.000,0.508]
Testing Group Acc: [0.258,0.035,0.005]
Epoch [12] Testing Results: Prec@1 6.190 Prec@5 15.120 Loss 7.01288
Epoch [12] Testing Class Recall: [0.000,0.000,0.000,0.000,0.020,0.000,0.000,0.000,0.160,0.000,0.000,0.000,
 0.000,0.000,0.000,0.000,0.000,0.000,0.130,0.000,0.000,0.920,0.170,0.590,
 0.090,0.160,0.180,0.530,0.220,0.090,0.000,0.000,0.000,0.130,0.000,0.010,
 0.000,0.000,0.010,0.020,0.000,0.000,0.000,0.060,0.030,0.000,0.000,0.000,
 0.000,0.000,0.000,0.000,0.000,0.000,0.000,0.000,0.000,0.190,0.000,0.010,
 0.040,0.000,0.000,0.110,0.000,0.000,0.000,0.030,0.120,0.130,0.120,0.030,
 0.000,0.000,0.070,0.000,0.010,0.030,0.340,0.100,0.000,0.000,0.000,0.000,
 0.080,0.000,0.000,0.020,0.320,0.000,0.000,0.000,0.000,0.000,0.520,0.060,
 0.080,0.000,0.000,0.260]
Training Group Acc: [0.387,0.139,0.024]
Epoch [13] Training Results: Prec@1 30.880 Prec@5 62.940 Loss 2.68269
Epoch [13] Training Class Recall: [0.000,0.000,0.000,0.026,0.260,0.133,0.000,0.436,0.000,0.047,0.000,0.000,
 0.000,0.000,0.000,0.000,0.000,0.179,0.000,0.000,0.645,0.350,0.760,0.443,
 0.359,0.385,0.598,0.417,0.103,0.000,0.000,0.038,0.418,0.017,0.000,0.000,
 0.000,0.090,0.576,0.000,0.000,0.000,0.179,0.264,0.000,0.042,0.000,0.045,
 0.000,0.000,0.000,0.000,0.036,0.239,0.000,0.492,0.042,0.000,0.231,0.056,
 0.000,0.492,0.000,0.069,0.000,0.145,0.800,0.301,0.292,0.000,0.062,0.000,
 0.330,0.000,0.200,0.160,0.511,0.360,0.000,0.000,0.000,0.000,0.059,0.029,
 0.000,0.059,0.297,0.000,0.000,0.000,0.000,0.060,0.748,0.219,0.368,0.000,
 0.000,0.460]
Testing Group Acc: [0.216,0.038,0.004]
Epoch [13] Testing Results: Prec@1 5.570 Prec@5 16.200 Loss 6.66298
Epoch [13] Testing Class Recall: [0.000,0.000,0.000,0.000,0.030,0.000,0.000,0.000,0.190,0.000,0.020,0.000,
 0.060,0.000,0.000,0.000,0.000,0.000,0.060,0.000,0.000,0.680,0.140,0.360,
 0.120,0.160,0.280,0.760,0.090,0.000,0.000,0.000,0.000,0.140,0.000,0.000,
 0.000,0.000,0.000,0.070,0.010,0.000,0.000,0.000,0.210,0.000,0.000,0.000,
 0.000,0.000,0.000,0.000,0.000,0.000,0.010,0.000,0.000,0.100,0.020,0.000,
 0.000,0.000,0.000,0.060,0.000,0.000,0.000,0.050,0.530,0.030,0.060,0.000,
 0.000,0.000,0.040,0.000,0.040,0.000,0.100,0.070,0.000,0.000,0.000,0.000,
 0.040,0.000,0.000,0.020,0.020,0.000,0.000,0.000,0.000,0.000,0.320,0.240,
 0.020,0.010,0.000,0.410]
Training Group Acc: [0.399,0.146,0.037]
Epoch [14] Training Results: Prec@1 31.640 Prec@5 63.000 Loss 2.65492
Epoch [14] Training Class Recall: [0.000,0.000,0.000,0.000,0.220,0.133,0.000,0.468,0.000,0.116,0.000,0.053,
 0.125,0.000,0.000,0.000,0.000,0.179,0.000,0.000,0.688,0.292,0.785,0.500,
 0.338,0.422,0.573,0.417,0.137,0.000,0.000,0.000,0.418,0.050,0.077,0.045,
 0.000,0.030,0.545,0.071,0.000,0.000,0.143,0.247,0.000,0.000,0.000,0.000,
 0.000,0.000,0.000,0.000,0.107,0.193,0.000,0.400,0.042,0.000,0.231,0.083,
 0.000,0.477,0.000,0.000,0.143,0.132,0.835,0.342,0.417,0.000,0.125,0.000,
 0.388,0.000,0.300,0.200,0.447,0.342,0.000,0.000,0.000,0.000,0.109,0.029,
 0.000,0.098,0.323,0.000,0.000,0.048,0.000,0.120,0.739,0.312,0.263,0.000,
 0.000,0.579]
Testing Group Acc: [0.178,0.039,0.008]
Epoch [14] Testing Results: Prec@1 5.140 Prec@5 15.990 Loss 7.05688
Epoch [14] Testing Class Recall: [0.000,0.000,0.000,0.000,0.090,0.000,0.000,0.000,0.120,0.000,0.020,0.000,
 0.000,0.000,0.000,0.000,0.000,0.000,0.050,0.000,0.000,0.060,0.010,0.470,
 0.310,0.110,0.220,0.390,0.460,0.120,0.000,0.000,0.000,0.010,0.010,0.010,
 0.000,0.000,0.020,0.040,0.000,0.000,0.000,0.060,0.110,0.000,0.000,0.000,
 0.000,0.000,0.000,0.000,0.000,0.000,0.000,0.020,0.000,0.170,0.000,0.010,
 0.120,0.030,0.000,0.030,0.000,0.000,0.000,0.070,0.210,0.120,0.120,0.050,
 0.000,0.000,0.060,0.000,0.050,0.040,0.260,0.130,0.000,0.000,0.000,0.000,
 0.020,0.000,0.000,0.110,0.040,0.000,0.000,0.000,0.000,0.020,0.500,0.030,
 0.050,0.000,0.010,0.180]
Training Group Acc: [0.420,0.169,0.051]
Epoch [15] Training Results: Prec@1 33.780 Prec@5 64.780 Loss 2.56346
Epoch [15] Training Class Recall: [0.000,0.000,0.000,0.026,0.276,0.167,0.000,0.479,0.000,0.093,0.000,0.105,
 0.000,0.000,0.000,0.000,0.000,0.161,0.000,0.000,0.638,0.400,0.813,0.500,
 0.434,0.476,0.582,0.383,0.222,0.000,0.000,0.000,0.400,0.017,0.308,0.182,
 0.000,0.149,0.652,0.071,0.000,0.030,0.214,0.275,0.000,0.042,0.000,0.000,
 0.042,0.000,0.000,0.000,0.143,0.136,0.000,0.538,0.000,0.095,0.462,0.194,
 0.000,0.508,0.000,0.138,0.000,0.184,0.729,0.479,0.458,0.273,0.042,0.000,
 0.301,0.000,0.000,0.240,0.426,0.360,0.000,0.000,0.000,0.000,0.119,0.029,
 0.045,0.078,0.361,0.000,0.000,0.095,0.000,0.040,0.757,0.344,0.526,0.000,
 0.000,0.587]
Testing Group Acc: [0.174,0.034,0.002]
Epoch [15] Testing Results: Prec@1 4.630 Prec@5 14.200 Loss 8.34305
Epoch [15] Testing Class Recall: [0.000,0.000,0.000,0.000,0.040,0.000,0.000,0.000,0.270,0.000,0.000,0.000,
 0.030,0.000,0.000,0.000,0.000,0.000,0.030,0.000,0.000,0.630,0.160,0.370,
 0.070,0.070,0.500,0.350,0.210,0.010,0.000,0.000,0.000,0.040,0.000,0.000,
 0.000,0.000,0.010,0.050,0.000,0.000,0.000,0.050,0.040,0.000,0.000,0.010,
 0.000,0.010,0.000,0.000,0.000,0.000,0.010,0.060,0.000,0.040,0.010,0.030,
 0.000,0.000,0.000,0.060,0.000,0.000,0.000,0.050,0.150,0.150,0.190,0.010,
 0.000,0.000,0.020,0.000,0.000,0.000,0.270,0.250,0.000,0.000,0.000,0.000,
 0.000,0.000,0.000,0.020,0.020,0.000,0.000,0.000,0.000,0.000,0.150,0.060,
 0.030,0.000,0.000,0.100]
Training Group Acc: [0.421,0.169,0.063]
Epoch [16] Training Results: Prec@1 34.260 Prec@5 67.340 Loss 2.49028
Epoch [16] Training Class Recall: [0.000,0.000,0.000,0.053,0.171,0.133,0.000,0.521,0.000,0.186,0.000,0.158,
 0.000,0.000,0.000,0.000,0.000,0.250,0.000,0.000,0.703,0.417,0.801,0.477,
 0.441,0.364,0.659,0.497,0.188,0.000,0.000,0.000,0.436,0.017,0.000,0.091,
 0.000,0.119,0.667,0.000,0.000,0.061,0.179,0.308,0.000,0.125,0.000,0.136,
 0.000,0.000,0.000,0.000,0.036,0.170,0.250,0.492,0.083,0.048,0.308,0.250,
 0.000,0.585,0.000,0.069,0.143,0.145,0.741,0.342,0.375,0.455,0.146,0.000,
 0.272,0.000,0.300,0.227,0.457,0.368,0.000,0.000,0.000,0.000,0.149,0.057,
 0.000,0.176,0.323,0.000,0.000,0.095,0.000,0.080,0.730,0.156,0.526,0.000,
 0.000,0.524]
Testing Group Acc: [0.279,0.058,0.006]
Epoch [16] Testing Results: Prec@1 7.690 Prec@5 19.670 Loss 6.28628
Epoch [16] Testing Class Recall: [0.000,0.000,0.000,0.000,0.070,0.020,0.000,0.000,0.380,0.000,0.010,0.000,
 0.100,0.000,0.000,0.000,0.000,0.000,0.190,0.000,0.000,0.560,0.250,0.620,
 0.040,0.290,0.330,0.520,0.160,0.070,0.000,0.000,0.000,0.260,0.000,0.000,
 0.000,0.000,0.000,0.100,0.000,0.000,0.000,0.090,0.050,0.000,0.000,0.060,
 0.010,0.010,0.000,0.000,0.000,0.000,0.000,0.000,0.000,0.170,0.000,0.020,
 0.010,0.000,0.000,0.020,0.000,0.000,0.010,0.090,0.650,0.240,0.110,0.000,
 0.000,0.000,0.190,0.000,0.040,0.000,0.120,0.100,0.000,0.000,0.000,0.000,
 0.070,0.000,0.000,0.080,0.420,0.000,0.000,0.000,0.000,0.040,0.410,0.210,
 0.060,0.000,0.000,0.440]
Training Group Acc: [0.451,0.182,0.056]
Epoch [17] Training Results: Prec@1 36.260 Prec@5 67.820 Loss 2.43900
Epoch [17] Training Class Recall: [0.000,0.000,0.000,0.026,0.187,0.133,0.000,0.617,0.000,0.093,0.000,0.263,
 0.000,0.000,0.000,0.000,0.000,0.214,0.000,0.000,0.659,0.400,0.764,0.534,
 0.483,0.449,0.656,0.566,0.248,0.000,0.000,0.000,0.491,0.067,0.077,0.136,
 0.000,0.104,0.712,0.000,0.000,0.030,0.250,0.291,0.000,0.042,0.000,0.136,
 0.000,0.000,0.000,0.000,0.143,0.227,0.000,0.415,0.083,0.048,0.385,0.306,
 0.000,0.385,0.000,0.103,0.143,0.263,0.824,0.411,0.542,0.273,0.062,0.000,
 0.369,0.000,0.400,0.240,0.468,0.421,0.000,0.000,0.000,0.000,0.168,0.000,
 0.000,0.137,0.394,0.000,0.000,0.048,0.000,0.100,0.766,0.375,0.368,0.000,
 0.000,0.627]
Testing Group Acc: [0.276,0.066,0.016]
Epoch [17] Testing Results: Prec@1 8.380 Prec@5 22.020 Loss 5.48784
Epoch [17] Testing Class Recall: [0.000,0.000,0.000,0.010,0.060,0.000,0.000,0.000,0.270,0.020,0.030,0.000,
 0.060,0.000,0.000,0.000,0.000,0.000,0.180,0.000,0.000,0.410,0.180,0.640,
 0.030,0.320,0.140,0.630,0.220,0.020,0.000,0.000,0.040,0.250,0.000,0.020,
 0.020,0.000,0.100,0.040,0.000,0.000,0.050,0.070,0.090,0.000,0.000,0.000,
 0.000,0.000,0.000,0.000,0.000,0.000,0.000,0.050,0.000,0.400,0.000,0.140,
 0.040,0.020,0.000,0.060,0.000,0.010,0.010,0.080,0.400,0.280,0.110,0.050,
 0.000,0.000,0.100,0.000,0.150,0.020,0.220,0.160,0.000,0.000,0.000,0.000,
 0.080,0.010,0.000,0.090,0.550,0.000,0.000,0.000,0.000,0.020,0.670,0.230,
 0.260,0.020,0.000,0.250]
Training Group Acc: [0.462,0.193,0.049]
Epoch [18] Training Results: Prec@1 37.480 Prec@5 69.280 Loss 2.40244
Epoch [18] Training Class Recall: [0.000,0.000,0.000,0.079,0.187,0.067,0.000,0.521,0.043,0.140,0.000,0.211,
 0.000,0.023,0.000,0.000,0.000,0.259,0.000,0.000,0.696,0.383,0.825,0.511,
 0.497,0.471,0.653,0.549,0.197,0.000,0.000,0.000,0.509,0.217,0.077,0.136,
 0.000,0.149,0.712,0.071,0.000,0.061,0.214,0.335,0.000,0.000,0.000,0.045,
 0.000,0.000,0.000,0.000,0.071,0.261,0.000,0.569,0.125,0.048,0.385,0.250,
 0.000,0.508,0.026,0.069,0.071,0.276,0.800,0.397,0.500,0.182,0.208,0.000,
 0.291,0.000,0.300,0.227,0.479,0.482,0.000,0.048,0.000,0.000,0.267,0.057,
 0.045,0.196,0.426,0.056,0.000,0.048,0.000,0.100,0.775,0.344,0.316,0.000,
 0.000,0.563]
Testing Group Acc: [0.281,0.066,0.008]
Epoch [18] Testing Results: Prec@1 8.130 Prec@5 20.910 Loss 6.12064
Epoch [18] Testing Class Recall: [0.000,0.000,0.000,0.010,0.340,0.000,0.000,0.000,0.600,0.000,0.010,0.000,
 0.030,0.000,0.000,0.000,0.000,0.010,0.230,0.000,0.000,0.500,0.100,0.880,
 0.040,0.230,0.170,0.580,0.190,0.070,0.000,0.000,0.000,0.320,0.000,0.020,
 0.000,0.000,0.010,0.100,0.000,0.000,0.030,0.010,0.230,0.000,0.000,0.020,
 0.000,0.010,0.010,0.000,0.000,0.000,0.020,0.000,0.000,0.160,0.000,0.020,
 0.020,0.010,0.000,0.070,0.000,0.000,0.010,0.080,0.550,0.150,0.000,0.020,
 0.030,0.000,0.030,0.000,0.150,0.010,0.120,0.040,0.000,0.000,0.000,0.000,
 0.140,0.040,0.000,0.350,0.310,0.000,0.000,0.000,0.000,0.020,0.480,0.230,
 0.020,0.050,0.000,0.250]
Training Group Acc: [0.487,0.198,0.075]
Epoch [19] Training Results: Prec@1 38.720 Prec@5 70.140 Loss 2.33619
Epoch [19] Training Class Recall: [0.000,0.000,0.000,0.026,0.260,0.167,0.000,0.564,0.087,0.163,0.000,0.211,
 0.000,0.000,0.000,0.000,0.000,0.250,0.000,0.038,0.645,0.508,0.841,0.523,
 0.469,0.444,0.622,0.560,0.342,0.000,0.000,0.154,0.436,0.167,0.154,0.136,
 0.091,0.134,0.697,0.071,0.000,0.152,0.232,0.352,0.000,0.000,0.071,0.136,
 0.083,0.000,0.000,0.000,0.143,0.307,0.125,0.554,0.000,0.190,0.308,0.167,
 0.000,0.538,0.000,0.000,0.214,0.263,0.824,0.507,0.375,0.455,0.125,0.000,
 0.388,0.000,0.200,0.293,0.447,0.491,0.027,0.000,0.000,0.154,0.248,0.086,
 0.000,0.176,0.400,0.000,0.000,0.000,0.000,0.020,0.784,0.188,0.368,0.174,
 0.125,0.667]
Testing Group Acc: [0.239,0.052,0.009]
Epoch [19] Testing Results: Prec@1 6.830 Prec@5 18.460 Loss 7.75731
Epoch [19] Testing Class Recall: [0.000,0.000,0.000,0.000,0.010,0.010,0.000,0.000,0.390,0.000,0.000,0.000,
 0.020,0.000,0.000,0.000,0.000,0.000,0.130,0.000,0.000,0.590,0.310,0.590,
 0.070,0.130,0.280,0.510,0.200,0.000,0.000,0.000,0.000,0.180,0.000,0.010,
 0.000,0.000,0.010,0.080,0.000,0.000,0.000,0.000,0.140,0.000,0.000,0.000,
 0.000,0.000,0.000,0.000,0.000,0.000,0.000,0.000,0.010,0.130,0.000,0.070,
 0.030,0.030,0.000,0.050,0.030,0.000,0.010,0.110,0.460,0.110,0.010,0.010,
 0.000,0.000,0.130,0.000,0.210,0.020,0.520,0.050,0.000,0.000,0.000,0.000,
 0.070,0.000,0.000,0.080,0.200,0.000,0.000,0.000,0.000,0.000,0.530,0.080,
 0.030,0.000,0.000,0.190]
Training Group Acc: [0.480,0.197,0.074]
Epoch [20] Training Results: Prec@1 38.520 Prec@5 71.420 Loss 2.29640
Epoch [20] Training Class Recall: [0.000,0.000,0.000,0.079,0.244,0.067,0.000,0.628,0.000,0.116,0.000,0.105,
 0.000,0.000,0.000,0.000,0.000,0.214,0.000,0.000,0.681,0.400,0.829,0.477,
 0.510,0.455,0.641,0.583,0.248,0.000,0.000,0.000,0.436,0.233,0.154,0.136,
 0.091,0.149,0.727,0.071,0.000,0.182,0.286,0.352,0.000,0.083,0.071,0.318,
 0.042,0.000,0.000,0.000,0.107,0.227,0.000,0.462,0.125,0.190,0.308,0.111,
 0.250,0.477,0.000,0.172,0.143,0.263,0.824,0.589,0.292,0.364,0.125,0.000,
 0.427,0.000,0.500,0.253,0.468,0.500,0.054,0.000,0.000,0.000,0.218,0.057,
 0.000,0.255,0.439,0.000,0.000,0.048,0.000,0.040,0.820,0.156,0.474,0.000,
 0.000,0.595]
Testing Group Acc: [0.298,0.058,0.007]
Epoch [20] Testing Results: Prec@1 8.040 Prec@5 20.320 Loss 6.83708
Epoch [20] Testing Class Recall: [0.000,0.000,0.000,0.000,0.160,0.010,0.000,0.000,0.200,0.000,0.030,0.000,
 0.030,0.000,0.000,0.000,0.000,0.020,0.160,0.000,0.000,0.710,0.320,0.620,
 0.090,0.230,0.230,0.490,0.310,0.020,0.000,0.000,0.000,0.120,0.000,0.020,
 0.000,0.000,0.060,0.120,0.010,0.000,0.030,0.210,0.080,0.000,0.000,0.010,
 0.000,0.010,0.000,0.000,0.000,0.000,0.010,0.010,0.010,0.270,0.000,0.020,
 0.020,0.000,0.000,0.120,0.000,0.000,0.030,0.010,0.290,0.270,0.190,0.010,
 0.000,0.000,0.080,0.000,0.050,0.030,0.210,0.090,0.000,0.000,0.000,0.000,
 0.030,0.000,0.000,0.110,0.510,0.000,0.000,0.000,0.000,0.000,0.720,0.250,
 0.040,0.040,0.010,0.310]
Training Group Acc: [0.503,0.229,0.089]
Epoch [21] Training Results: Prec@1 40.500 Prec@5 72.100 Loss 2.24493
Epoch [21] Training Class Recall: [0.000,0.000,0.000,0.105,0.309,0.233,0.000,0.596,0.130,0.209,0.000,0.211,
 0.000,0.068,0.048,0.077,0.273,0.277,0.000,0.038,0.674,0.525,0.825,0.534,
 0.545,0.492,0.616,0.583,0.308,0.000,0.000,0.038,0.582,0.217,0.077,0.273,
 0.000,0.179,0.682,0.143,0.000,0.121,0.411,0.286,0.000,0.042,0.143,0.182,
 0.000,0.000,0.000,0.000,0.179,0.193,0.000,0.492,0.125,0.143,0.385,0.333,
 0.250,0.385,0.000,0.103,0.071,0.250,0.824,0.493,0.500,0.455,0.146,0.000,
 0.369,0.000,0.300,0.293,0.447,0.553,0.027,0.048,0.000,0.077,0.238,0.057,
 0.000,0.314,0.497,0.056,0.000,0.048,0.000,0.160,0.802,0.375,0.526,0.130,
 0.000,0.651]
Testing Group Acc: [0.256,0.076,0.014]
Epoch [21] Testing Results: Prec@1 8.440 Prec@5 21.840 Loss 6.30311
Epoch [21] Testing Class Recall: [0.000,0.000,0.000,0.000,0.200,0.070,0.000,0.010,0.360,0.000,0.020,0.000,
 0.140,0.000,0.000,0.000,0.000,0.030,0.120,0.000,0.000,0.530,0.050,0.600,
 0.000,0.060,0.200,0.470,0.250,0.110,0.000,0.000,0.000,0.320,0.080,0.020,
 0.010,0.010,0.070,0.050,0.000,0.000,0.030,0.010,0.080,0.000,0.000,0.030,
 0.040,0.050,0.010,0.000,0.000,0.000,0.010,0.050,0.000,0.210,0.010,0.150,
 0.010,0.030,0.010,0.210,0.000,0.000,0.000,0.040,0.680,0.210,0.050,0.000,
 0.000,0.000,0.240,0.000,0.150,0.020,0.380,0.170,0.010,0.000,0.000,0.000,
 0.410,0.000,0.010,0.280,0.010,0.020,0.000,0.020,0.000,0.020,0.570,0.060,
 0.070,0.010,0.000,0.290]
Training Group Acc: [0.523,0.238,0.083]
Epoch [22] Training Results: Prec@1 41.900 Prec@5 73.840 Loss 2.16172
Epoch [22] Training Class Recall: [0.000,0.000,0.000,0.211,0.341,0.167,0.000,0.649,0.087,0.233,0.000,0.263,
 0.000,0.023,0.095,0.000,0.091,0.295,0.000,0.077,0.783,0.467,0.878,0.489,
 0.490,0.460,0.622,0.651,0.342,0.000,0.000,0.038,0.545,0.283,0.077,0.318,
 0.000,0.194,0.712,0.214,0.000,0.152,0.196,0.346,0.000,0.042,0.071,0.273,
 0.083,0.000,0.000,0.000,0.107,0.352,0.125,0.569,0.167,0.095,0.308,0.111,
 0.250,0.385,0.026,0.103,0.143,0.237,0.812,0.589,0.625,0.273,0.062,0.000,
 0.437,0.000,0.300,0.293,0.468,0.544,0.027,0.000,0.000,0.077,0.347,0.086,
 0.091,0.392,0.387,0.056,0.000,0.190,0.000,0.180,0.820,0.250,0.526,0.087,
 0.062,0.690]
Testing Group Acc: [0.258,0.064,0.017]
Epoch [22] Testing Results: Prec@1 8.010 Prec@5 20.730 Loss 6.38887
Epoch [22] Testing Class Recall: [0.000,0.000,0.000,0.050,0.050,0.010,0.000,0.000,0.230,0.060,0.020,0.000,
 0.090,0.000,0.000,0.000,0.000,0.000,0.240,0.000,0.000,0.560,0.090,0.460,
 0.060,0.110,0.380,0.230,0.330,0.110,0.000,0.000,0.000,0.140,0.340,0.010,
 0.000,0.030,0.120,0.080,0.000,0.000,0.000,0.260,0.160,0.000,0.000,0.060,
 0.020,0.070,0.000,0.000,0.000,0.000,0.020,0.010,0.010,0.280,0.000,0.010,
 0.070,0.030,0.010,0.070,0.000,0.000,0.000,0.030,0.240,0.190,0.140,0.130,
 0.000,0.000,0.120,0.000,0.150,0.000,0.270,0.170,0.000,0.000,0.000,0.010,
 0.100,0.030,0.000,0.050,0.360,0.000,0.000,0.000,0.000,0.130,0.580,0.010,
 0.080,0.000,0.000,0.340]
Training Group Acc: [0.523,0.251,0.075]
Epoch [23] Training Results: Prec@1 42.440 Prec@5 74.240 Loss 2.15638
Epoch [23] Training Class Recall: [0.000,0.000,0.000,0.105,0.260,0.200,0.000,0.702,0.174,0.093,0.000,0.158,
 0.000,0.000,0.000,0.000,0.182,0.277,0.000,0.115,0.739,0.517,0.825,0.511,
 0.455,0.487,0.650,0.634,0.350,0.000,0.000,0.115,0.509,0.150,0.077,0.227,
 0.091,0.239,0.833,0.071,0.000,0.121,0.375,0.363,0.000,0.042,0.214,0.273,
 0.042,0.000,0.000,0.000,0.143,0.273,0.125,0.585,0.250,0.286,0.385,0.278,
 0.000,0.554,0.026,0.241,0.071,0.224,0.871,0.548,0.542,0.273,0.167,0.000,
 0.388,0.000,0.200,0.227,0.500,0.553,0.000,0.095,0.111,0.154,0.366,0.143,
 0.091,0.314,0.523,0.000,0.000,0.095,0.000,0.160,0.856,0.344,0.421,0.000,
 0.000,0.651]
Testing Group Acc: [0.237,0.070,0.013]
Epoch [23] Testing Results: Prec@1 7.790 Prec@5 21.250 Loss 7.11833
Epoch [23] Testing Class Recall: [0.000,0.000,0.000,0.000,0.100,0.020,0.000,0.000,0.400,0.020,0.000,0.000,
 0.020,0.000,0.000,0.000,0.000,0.000,0.060,0.000,0.000,0.590,0.070,0.500,
 0.070,0.190,0.350,0.460,0.250,0.050,0.000,0.000,0.010,0.250,0.010,0.010,
 0.020,0.020,0.130,0.150,0.010,0.000,0.050,0.020,0.090,0.000,0.000,0.040,
 0.000,0.010,0.030,0.000,0.000,0.000,0.050,0.070,0.000,0.270,0.000,0.030,
 0.060,0.030,0.000,0.100,0.000,0.000,0.000,0.040,0.420,0.180,0.080,0.110,
 0.080,0.000,0.230,0.000,0.180,0.070,0.150,0.220,0.000,0.000,0.000,0.000,
 0.030,0.030,0.000,0.140,0.230,0.020,0.000,0.040,0.000,0.070,0.310,0.220,
 0.020,0.010,0.000,0.300]
Training Group Acc: [0.514,0.238,0.090]
Epoch [24] Training Results: Prec@1 41.600 Prec@5 74.260 Loss 2.17044
Epoch [24] Training Class Recall: [0.000,0.000,0.000,0.158,0.220,0.067,0.000,0.628,0.174,0.140,0.000,0.368,
 0.000,0.068,0.048,0.000,0.000,0.259,0.000,0.115,0.739,0.475,0.756,0.500,
 0.538,0.519,0.632,0.703,0.350,0.000,0.000,0.038,0.364,0.183,0.231,0.273,
 0.000,0.224,0.667,0.000,0.000,0.273,0.286,0.379,0.000,0.083,0.214,0.091,
 0.125,0.000,0.000,0.000,0.321,0.250,0.125,0.646,0.208,0.190,0.385,0.333,
 0.250,0.523,0.000,0.241,0.071,0.342,0.824,0.630,0.333,0.455,0.104,0.000,
 0.388,0.000,0.400,0.320,0.426,0.561,0.000,0.048,0.000,0.077,0.347,0.143,
 0.091,0.333,0.471,0.000,0.000,0.000,0.000,0.120,0.739,0.250,0.368,0.000,
 0.125,0.659]
Testing Group Acc: [0.271,0.060,0.013]
Epoch [24] Testing Results: Prec@1 7.910 Prec@5 21.240 Loss 6.80471
Epoch [24] Testing Class Recall: [0.000,0.000,0.000,0.010,0.110,0.010,0.000,0.000,0.170,0.010,0.030,0.000,
 0.060,0.000,0.000,0.000,0.010,0.000,0.050,0.000,0.000,0.330,0.250,0.660,
 0.120,0.360,0.310,0.560,0.180,0.050,0.000,0.000,0.010,0.290,0.140,0.020,
 0.000,0.020,0.030,0.160,0.010,0.000,0.000,0.080,0.030,0.000,0.000,0.050,
 0.000,0.000,0.000,0.000,0.000,0.000,0.060,0.010,0.020,0.350,0.000,0.030,
 0.040,0.000,0.020,0.030,0.000,0.000,0.000,0.010,0.310,0.120,0.090,0.000,
 0.000,0.000,0.160,0.010,0.150,0.000,0.290,0.200,0.000,0.000,0.010,0.020,
 0.150,0.010,0.020,0.210,0.400,0.000,0.000,0.000,0.000,0.010,0.560,0.180,
 0.080,0.000,0.000,0.240]
Training Group Acc: [0.542,0.254,0.102]
Epoch [25] Training Results: Prec@1 43.980 Prec@5 75.580 Loss 2.05591
Epoch [25] Training Class Recall: [0.000,0.250,0.000,0.158,0.252,0.367,0.000,0.670,0.043,0.186,0.000,0.158,
 0.000,0.000,0.048,0.077,0.091,0.295,0.000,0.038,0.732,0.592,0.874,0.500,
 0.538,0.460,0.690,0.686,0.385,0.000,0.000,0.192,0.491,0.200,0.154,0.273,
 0.273,0.269,0.727,0.143,0.000,0.061,0.411,0.346,0.000,0.000,0.214,0.227,
 0.167,0.000,0.000,0.000,0.214,0.307,0.125,0.523,0.292,0.286,0.615,0.306,
 0.000,0.554,0.000,0.069,0.214,0.303,0.859,0.603,0.500,0.273,0.104,0.000,
 0.408,0.000,0.200,0.307,0.521,0.632,0.027,0.095,0.111,0.154,0.337,0.086,
 0.000,0.373,0.490,0.000,0.000,0.143,0.000,0.140,0.820,0.312,0.421,0.000,
 0.000,0.675]
Testing Group Acc: [0.296,0.070,0.013]
Epoch [25] Testing Results: Prec@1 8.780 Prec@5 22.180 Loss 6.44288
Epoch [25] Testing Class Recall: [0.000,0.000,0.000,0.010,0.110,0.000,0.000,0.000,0.170,0.040,0.110,0.000,
 0.100,0.000,0.000,0.000,0.000,0.020,0.180,0.000,0.040,0.650,0.120,0.800,
 0.090,0.250,0.170,0.580,0.400,0.060,0.000,0.000,0.030,0.080,0.060,0.010,
 0.020,0.010,0.010,0.110,0.000,0.000,0.070,0.110,0.400,0.000,0.000,0.180,
 0.000,0.000,0.000,0.000,0.000,0.000,0.030,0.010,0.010,0.190,0.010,0.170,
 0.050,0.020,0.010,0.020,0.000,0.000,0.050,0.110,0.570,0.160,0.010,0.040,
 0.000,0.000,0.250,0.010,0.070,0.020,0.170,0.120,0.000,0.000,0.000,0.020,
 0.090,0.010,0.000,0.420,0.220,0.000,0.000,0.000,0.000,0.000,0.430,0.230,
 0.020,0.010,0.030,0.210]
Training Group Acc: [0.546,0.253,0.108]
Epoch [26] Training Results: Prec@1 43.920 Prec@5 75.580 Loss 2.05373
Epoch [26] Training Class Recall: [0.000,0.000,0.000,0.158,0.366,0.200,0.000,0.649,0.217,0.163,0.000,0.316,
 0.000,0.023,0.000,0.000,0.091,0.259,0.000,0.115,0.746,0.542,0.870,0.557,
 0.566,0.444,0.669,0.691,0.333,0.000,0.000,0.077,0.473,0.183,0.308,0.318,
 0.091,0.224,0.803,0.143,0.000,0.121,0.411,0.341,0.000,0.167,0.000,0.091,
 0.042,0.000,0.000,0.000,0.250,0.295,0.375,0.508,0.208,0.381,0.538,0.111,
 0.000,0.446,0.026,0.069,0.071,0.355,0.824,0.548,0.417,0.455,0.188,0.000,
 0.495,0.091,0.400,0.240,0.500,0.561,0.054,0.048,0.000,0.077,0.465,0.171,
 0.000,0.529,0.426,0.111,0.000,0.095,0.000,0.140,0.865,0.438,0.474,0.043,
 0.125,0.651]
Testing Group Acc: [0.306,0.062,0.020]
Epoch [26] Testing Results: Prec@1 8.850 Prec@5 22.170 Loss 7.32249
Epoch [26] Testing Class Recall: [0.000,0.000,0.000,0.000,0.250,0.030,0.000,0.010,0.190,0.050,0.000,0.000,
 0.090,0.000,0.040,0.020,0.000,0.030,0.100,0.000,0.000,0.430,0.170,0.680,
 0.120,0.310,0.290,0.770,0.260,0.130,0.000,0.000,0.030,0.090,0.070,0.020,
 0.000,0.010,0.010,0.070,0.000,0.000,0.010,0.070,0.090,0.000,0.000,0.040,
 0.010,0.000,0.000,0.000,0.000,0.000,0.070,0.030,0.000,0.230,0.000,0.030,
 0.060,0.070,0.000,0.100,0.000,0.000,0.010,0.050,0.490,0.270,0.140,0.110,
 0.040,0.000,0.190,0.030,0.220,0.000,0.070,0.190,0.000,0.000,0.000,0.010,
 0.380,0.000,0.020,0.350,0.130,0.010,0.000,0.000,0.000,0.030,0.470,0.070,
 0.110,0.010,0.010,0.360]
Training Group Acc: [0.569,0.284,0.136]
Epoch [27] Training Results: Prec@1 46.600 Prec@5 78.400 Loss 1.96815
Epoch [27] Training Class Recall: [0.000,0.000,0.000,0.184,0.301,0.200,0.000,0.723,0.217,0.256,0.000,0.474,
 0.000,0.091,0.000,0.077,0.000,0.339,0.000,0.231,0.775,0.567,0.882,0.580,
 0.559,0.519,0.644,0.731,0.376,0.000,0.000,0.231,0.491,0.317,0.231,0.091,
 0.182,0.299,0.682,0.214,0.000,0.182,0.429,0.363,0.000,0.167,0.143,0.273,
 0.083,0.000,0.000,0.000,0.214,0.330,0.125,0.523,0.292,0.286,0.692,0.278,
 0.500,0.508,0.000,0.138,0.214,0.329,0.871,0.603,0.583,0.364,0.229,0.000,
 0.515,0.000,0.500,0.320,0.585,0.605,0.081,0.095,0.111,0.308,0.465,0.114,
 0.136,0.529,0.561,0.000,0.000,0.000,0.000,0.080,0.820,0.438,0.421,0.043,
 0.062,0.643]
Testing Group Acc: [0.282,0.079,0.025]
Epoch [27] Testing Results: Prec@1 9.410 Prec@5 23.710 Loss 5.88076
Epoch [27] Testing Class Recall: [0.000,0.000,0.000,0.020,0.260,0.060,0.000,0.000,0.400,0.030,0.000,0.000,
 0.080,0.000,0.010,0.020,0.000,0.120,0.080,0.000,0.070,0.460,0.190,0.560,
 0.100,0.270,0.240,0.280,0.360,0.050,0.000,0.000,0.010,0.340,0.000,0.000,
 0.030,0.000,0.020,0.070,0.000,0.000,0.040,0.230,0.270,0.000,0.000,0.020,
 0.000,0.000,0.000,0.000,0.000,0.000,0.130,0.050,0.010,0.300,0.070,0.020,
 0.170,0.030,0.010,0.170,0.010,0.000,0.030,0.060,0.320,0.330,0.110,0.130,
 0.030,0.000,0.050,0.010,0.100,0.060,0.310,0.170,0.000,0.000,0.000,0.000,
 0.190,0.000,0.000,0.200,0.280,0.020,0.000,0.000,0.000,0.000,0.750,0.020,
 0.100,0.010,0.130,0.340]
Training Group Acc: [0.565,0.282,0.104]
Epoch [28] Training Results: Prec@1 45.780 Prec@5 78.040 Loss 1.96123
Epoch [28] Training Class Recall: [0.000,0.000,0.000,0.237,0.260,0.233,0.000,0.585,0.261,0.140,0.000,0.105,
 0.000,0.045,0.048,0.077,0.091,0.304,0.000,0.231,0.768,0.567,0.858,0.545,
 0.572,0.588,0.656,0.726,0.359,0.000,0.000,0.154,0.545,0.250,0.077,0.273,
 0.091,0.313,0.667,0.071,0.048,0.242,0.357,0.374,0.000,0.083,0.143,0.318,
 0.125,0.000,0.000,0.000,0.214,0.364,0.250,0.538,0.250,0.333,0.385,0.333,
 0.250,0.508,0.051,0.172,0.071,0.382,0.812,0.616,0.458,0.545,0.125,0.000,
 0.466,0.091,0.600,0.373,0.479,0.658,0.054,0.095,0.000,0.231,0.396,0.143,
 0.045,0.373,0.535,0.000,0.000,0.143,0.000,0.160,0.874,0.438,0.474,0.087,
 0.000,0.651]
Testing Group Acc: [0.288,0.074,0.014]
Epoch [28] Testing Results: Prec@1 8.850 Prec@5 21.430 Loss 6.78812
Epoch [28] Testing Class Recall: [0.000,0.000,0.000,0.010,0.240,0.000,0.000,0.000,0.160,0.050,0.010,0.000,
 0.050,0.000,0.110,0.000,0.000,0.020,0.050,0.000,0.050,0.710,0.230,0.620,
 0.170,0.270,0.210,0.200,0.270,0.130,0.000,0.000,0.020,0.220,0.090,0.010,
 0.000,0.000,0.090,0.050,0.010,0.000,0.000,0.360,0.050,0.000,0.000,0.040,
 0.000,0.010,0.000,0.000,0.000,0.000,0.020,0.030,0.010,0.260,0.050,0.010,
 0.050,0.040,0.040,0.080,0.000,0.000,0.010,0.070,0.450,0.150,0.030,0.020,
 0.000,0.000,0.190,0.000,0.110,0.030,0.190,0.030,0.010,0.000,0.000,0.010,
 0.320,0.000,0.000,0.520,0.600,0.010,0.000,0.020,0.000,0.000,0.530,0.020,
 0.040,0.040,0.110,0.240]
Training Group Acc: [0.557,0.297,0.154]
Epoch [29] Training Results: Prec@1 46.880 Prec@5 78.320 Loss 1.95766
Epoch [29] Training Class Recall: [0.000,0.000,0.000,0.211,0.301,0.233,0.000,0.660,0.348,0.140,0.000,0.368,
 0.000,0.114,0.095,0.077,0.182,0.330,0.000,0.154,0.739,0.567,0.890,0.670,
 0.593,0.487,0.622,0.674,0.385,0.000,0.000,0.154,0.509,0.283,0.231,0.273,
 0.182,0.403,0.712,0.357,0.048,0.152,0.411,0.379,0.000,0.083,0.143,0.318,
 0.042,0.000,0.000,0.000,0.250,0.330,0.500,0.600,0.292,0.143,0.769,0.278,
 0.000,0.585,0.051,0.103,0.214,0.368,0.871,0.712,0.542,0.455,0.229,0.000,
 0.495,0.000,0.500,0.413,0.521,0.526,0.027,0.190,0.000,0.462,0.416,0.171,
 0.091,0.431,0.542,0.000,0.000,0.095,0.000,0.160,0.838,0.406,0.684,0.087,
 0.125,0.683]
Testing Group Acc: [0.264,0.063,0.023]
Epoch [29] Testing Results: Prec@1 8.230 Prec@5 21.870 Loss 6.86359
Epoch [29] Testing Class Recall: [0.000,0.000,0.000,0.020,0.060,0.000,0.000,0.000,0.270,0.080,0.000,0.000,
 0.140,0.000,0.220,0.040,0.000,0.050,0.080,0.000,0.020,0.140,0.160,0.700,
 0.060,0.090,0.450,0.260,0.280,0.030,0.000,0.000,0.000,0.420,0.300,0.030,
 0.030,0.000,0.000,0.020,0.040,0.000,0.060,0.000,0.150,0.000,0.000,0.060,
 0.010,0.000,0.000,0.000,0.000,0.000,0.070,0.000,0.010,0.270,0.040,0.010,
 0.160,0.030,0.000,0.040,0.000,0.010,0.000,0.040,0.240,0.220,0.130,0.110,
 0.010,0.000,0.010,0.000,0.130,0.000,0.040,0.150,0.000,0.000,0.000,0.060,
 0.580,0.000,0.000,0.150,0.250,0.000,0.000,0.000,0.000,0.000,0.730,0.040,
 0.060,0.000,0.010,0.360]
Training Group Acc: [0.562,0.287,0.137]
Epoch [30] Training Results: Prec@1 46.380 Prec@5 78.040 Loss 1.98193
Epoch [30] Training Class Recall: [0.000,0.000,0.000,0.184,0.325,0.267,0.000,0.649,0.261,0.140,0.000,0.316,
 0.000,0.023,0.095,0.154,0.455,0.321,0.000,0.192,0.746,0.575,0.862,0.534,
 0.510,0.561,0.663,0.634,0.333,0.000,0.000,0.154,0.491,0.317,0.308,0.227,
 0.273,0.224,0.667,0.143,0.000,0.273,0.393,0.407,0.000,0.125,0.214,0.318,
 0.083,0.000,0.000,0.000,0.357,0.386,0.250,0.631,0.208,0.048,0.385,0.389,
 0.000,0.492,0.000,0.034,0.214,0.447,0.835,0.630,0.583,0.455,0.188,0.000,
 0.476,0.091,0.300,0.440,0.511,0.693,0.054,0.190,0.111,0.308,0.465,0.229,
 0.000,0.392,0.497,0.167,0.000,0.095,0.000,0.060,0.856,0.625,0.526,0.043,
 0.000,0.635]
Testing Group Acc: [0.247,0.058,0.005]
Epoch [30] Testing Results: Prec@1 7.120 Prec@5 18.690 Loss 8.04141
Epoch [30] Testing Class Recall: [0.000,0.000,0.000,0.000,0.150,0.020,0.000,0.010,0.190,0.010,0.030,0.000,
 0.060,0.000,0.030,0.000,0.000,0.000,0.140,0.000,0.020,0.580,0.160,0.700,
 0.030,0.200,0.160,0.740,0.320,0.060,0.000,0.000,0.060,0.100,0.030,0.000,
 0.000,0.000,0.010,0.070,0.000,0.000,0.010,0.040,0.120,0.000,0.000,0.120,
 0.000,0.040,0.040,0.000,0.000,0.000,0.000,0.040,0.000,0.150,0.000,0.020,
 0.010,0.050,0.000,0.130,0.000,0.000,0.000,0.060,0.400,0.210,0.030,0.020,
 0.000,0.000,0.090,0.000,0.050,0.010,0.470,0.050,0.010,0.000,0.000,0.010,
 0.090,0.010,0.000,0.110,0.090,0.000,0.000,0.000,0.000,0.060,0.340,0.070,
 0.040,0.040,0.000,0.210]
Training Group Acc: [0.579,0.313,0.136]
Epoch [31] Training Results: Prec@1 47.880 Prec@5 79.400 Loss 1.90403
Epoch [31] Training Class Recall: [0.000,0.000,0.000,0.211,0.374,0.233,0.120,0.702,0.261,0.256,0.000,0.316,
 0.000,0.045,0.048,0.154,0.273,0.268,0.000,0.269,0.797,0.642,0.854,0.511,
 0.579,0.503,0.693,0.709,0.436,0.000,0.000,0.154,0.473,0.283,0.308,0.227,
 0.182,0.388,0.682,0.357,0.048,0.273,0.375,0.401,0.000,0.167,0.071,0.273,
 0.208,0.000,0.000,0.000,0.393,0.330,0.125,0.554,0.375,0.429,0.385,0.333,
 0.250,0.538,0.051,0.138,0.143,0.395,0.812,0.616,0.417,0.545,0.250,0.000,
 0.476,0.000,0.400,0.373,0.564,0.596,0.081,0.190,0.000,0.385,0.505,0.114,
 0.182,0.471,0.510,0.111,0.000,0.143,0.000,0.120,0.775,0.531,0.421,0.087,
 0.188,0.730]
Testing Group Acc: [0.274,0.055,0.009]
Epoch [31] Testing Results: Prec@1 7.600 Prec@5 20.130 Loss 7.62883
Epoch [31] Testing Class Recall: [0.000,0.000,0.000,0.000,0.010,0.030,0.000,0.000,0.390,0.030,0.030,0.000,
 0.110,0.000,0.080,0.010,0.010,0.000,0.300,0.000,0.040,0.270,0.370,0.420,
 0.120,0.170,0.440,0.670,0.460,0.060,0.000,0.000,0.080,0.060,0.030,0.020,
 0.000,0.020,0.010,0.080,0.010,0.000,0.020,0.050,0.160,0.000,0.000,0.030,
 0.000,0.020,0.020,0.000,0.000,0.000,0.100,0.020,0.000,0.260,0.040,0.000,
 0.020,0.000,0.000,0.030,0.000,0.000,0.010,0.030,0.430,0.100,0.030,0.050,
 0.040,0.000,0.090,0.000,0.020,0.030,0.140,0.110,0.000,0.000,0.000,0.020,
 0.200,0.020,0.010,0.160,0.140,0.000,0.000,0.000,0.000,0.010,0.360,0.010,
 0.030,0.010,0.020,0.430]
Training Group Acc: [0.592,0.313,0.138]
Epoch [32] Training Results: Prec@1 48.720 Prec@5 79.900 Loss 1.85504
Epoch [32] Training Class Recall: [0.000,0.000,0.000,0.237,0.439,0.267,0.000,0.670,0.391,0.233,0.000,0.316,
 0.000,0.205,0.238,0.077,0.273,0.357,0.000,0.000,0.746,0.667,0.882,0.591,
 0.538,0.567,0.684,0.697,0.385,0.000,0.000,0.231,0.509,0.350,0.385,0.364,
 0.091,0.284,0.758,0.143,0.000,0.242,0.411,0.385,0.000,0.125,0.143,0.364,
 0.292,0.000,0.000,0.000,0.321,0.307,0.125,0.677,0.125,0.286,0.000,0.472,
 0.500,0.569,0.000,0.172,0.500,0.303,0.871,0.699,0.583,0.273,0.229,0.000,
 0.515,0.091,0.600,0.240,0.574,0.684,0.108,0.048,0.000,0.308,0.455,0.171,
 0.091,0.549,0.510,0.056,0.000,0.048,0.000,0.200,0.856,0.281,0.579,0.043,
 0.250,0.698]
Testing Group Acc: [0.333,0.070,0.012]
Epoch [32] Testing Results: Prec@1 9.370 Prec@5 22.680 Loss 6.95286
Epoch [32] Testing Class Recall: [0.000,0.000,0.000,0.010,0.060,0.000,0.000,0.040,0.240,0.000,0.020,0.000,
 0.100,0.000,0.070,0.000,0.000,0.030,0.170,0.000,0.020,0.670,0.250,0.820,
 0.180,0.230,0.320,0.380,0.380,0.070,0.000,0.000,0.000,0.160,0.080,0.010,
 0.000,0.000,0.020,0.050,0.000,0.000,0.030,0.110,0.410,0.000,0.000,0.050,
 0.010,0.030,0.000,0.000,0.000,0.000,0.020,0.070,0.020,0.110,0.000,0.040,
 0.010,0.000,0.000,0.160,0.010,0.000,0.020,0.150,0.300,0.370,0.070,0.110,
 0.030,0.000,0.140,0.020,0.010,0.010,0.360,0.250,0.000,0.000,0.000,0.050,
 0.280,0.000,0.000,0.270,0.350,0.000,0.000,0.000,0.000,0.030,0.590,0.160,
 0.020,0.010,0.020,0.290]
Training Group Acc: [0.602,0.331,0.177]
Epoch [33] Training Results: Prec@1 49.920 Prec@5 80.020 Loss 1.82037
Epoch [33] Training Class Recall: [0.000,0.000,0.000,0.211,0.439,0.200,0.120,0.713,0.348,0.163,0.067,0.368,
 0.000,0.182,0.143,0.000,0.364,0.312,0.000,0.231,0.783,0.642,0.911,0.545,
 0.579,0.497,0.675,0.737,0.376,0.000,0.000,0.038,0.509,0.317,0.385,0.227,
 0.182,0.313,0.682,0.143,0.048,0.333,0.411,0.440,0.000,0.167,0.143,0.364,
 0.250,0.000,0.000,0.000,0.286,0.398,0.625,0.569,0.292,0.381,0.615,0.417,
 0.500,0.538,0.000,0.138,0.214,0.342,0.812,0.726,0.542,0.455,0.292,0.000,
 0.476,0.182,0.600,0.347,0.574,0.684,0.108,0.238,0.000,0.308,0.515,0.200,
 0.182,0.490,0.555,0.111,0.000,0.190,0.000,0.100,0.892,0.656,0.684,0.217,
 0.062,0.730]
Testing Group Acc: [0.319,0.090,0.018]
Epoch [33] Testing Results: Prec@1 10.280 Prec@5 26.140 Loss 6.73967
Epoch [33] Testing Class Recall: [0.000,0.010,0.000,0.010,0.190,0.100,0.000,0.010,0.300,0.240,0.020,0.000,
 0.060,0.000,0.000,0.040,0.000,0.080,0.110,0.000,0.000,0.240,0.120,0.780,
 0.070,0.490,0.160,0.540,0.310,0.240,0.000,0.000,0.030,0.370,0.200,0.000,
 0.000,0.060,0.010,0.080,0.020,0.000,0.090,0.150,0.190,0.000,0.000,0.140,
 0.010,0.000,0.040,0.000,0.000,0.000,0.020,0.010,0.010,0.260,0.020,0.020,
 0.050,0.030,0.040,0.120,0.010,0.000,0.000,0.120,0.650,0.170,0.050,0.050,
 0.010,0.000,0.160,0.000,0.070,0.020,0.080,0.130,0.030,0.010,0.000,0.010,
 0.280,0.180,0.000,0.220,0.620,0.020,0.000,0.020,0.000,0.080,0.620,0.170,
 0.090,0.030,0.050,0.240]
Training Group Acc: [0.610,0.334,0.175]
Epoch [34] Training Results: Prec@1 50.780 Prec@5 81.720 Loss 1.76606
Epoch [34] Training Class Recall: [0.000,0.000,0.000,0.211,0.358,0.367,0.000,0.723,0.217,0.302,0.000,0.421,
 0.000,0.136,0.095,0.308,0.364,0.330,0.083,0.308,0.732,0.633,0.886,0.602,
 0.579,0.519,0.737,0.737,0.436,0.000,0.000,0.077,0.564,0.300,0.231,0.455,
 0.182,0.299,0.788,0.214,0.048,0.273,0.429,0.456,0.000,0.208,0.214,0.227,
 0.083,0.000,0.000,0.000,0.357,0.352,0.625,0.631,0.375,0.190,0.462,0.444,
 0.500,0.523,0.077,0.138,0.214,0.434,0.847,0.685,0.542,0.545,0.250,0.000,
 0.495,0.182,0.400,0.373,0.532,0.684,0.108,0.190,0.000,0.308,0.554,0.171,
 0.091,0.510,0.581,0.000,0.000,0.333,0.000,0.100,0.865,0.500,0.579,0.217,
 0.125,0.786]
Testing Group Acc: [0.294,0.071,0.020]
Epoch [34] Testing Results: Prec@1 9.070 Prec@5 22.340 Loss 7.55096
Epoch [34] Testing Class Recall: [0.000,0.010,0.000,0.000,0.010,0.010,0.000,0.010,0.230,0.020,0.020,0.000,
 0.110,0.000,0.000,0.000,0.000,0.040,0.130,0.000,0.020,0.780,0.260,0.690,
 0.050,0.300,0.220,0.700,0.370,0.040,0.000,0.000,0.040,0.190,0.010,0.000,
 0.000,0.010,0.020,0.150,0.000,0.000,0.000,0.040,0.050,0.000,0.000,0.020,
 0.000,0.020,0.020,0.000,0.000,0.000,0.020,0.010,0.000,0.360,0.190,0.000,
 0.040,0.040,0.000,0.020,0.030,0.000,0.050,0.050,0.560,0.260,0.050,0.100,
 0.000,0.000,0.060,0.050,0.190,0.030,0.370,0.150,0.000,0.000,0.000,0.010,
 0.140,0.000,0.000,0.360,0.170,0.030,0.000,0.000,0.000,0.000,0.570,0.120,
 0.030,0.020,0.040,0.360]
Training Group Acc: [0.614,0.359,0.203]
Epoch [35] Training Results: Prec@1 51.960 Prec@5 82.400 Loss 1.71627
Epoch [35] Training Class Recall: [0.000,0.125,0.000,0.263,0.374,0.367,0.080,0.670,0.391,0.279,0.067,0.368,
 0.000,0.114,0.143,0.154,0.273,0.250,0.083,0.308,0.841,0.675,0.882,0.625,
 0.662,0.487,0.669,0.777,0.444,0.000,0.000,0.192,0.600,0.433,0.385,0.182,
 0.273,0.358,0.773,0.429,0.000,0.273,0.339,0.451,0.053,0.083,0.143,0.409,
 0.333,0.000,0.000,0.000,0.286,0.375,0.250,0.585,0.458,0.333,0.538,0.583,
 0.750,0.508,0.154,0.172,0.286,0.408,0.941,0.685,0.542,0.636,0.271,0.000,
 0.592,0.273,0.300,0.507,0.606,0.754,0.054,0.190,0.222,0.462,0.465,0.286,
 0.182,0.490,0.561,0.000,0.000,0.286,0.000,0.120,0.838,0.500,0.526,0.130,
 0.312,0.722]
Testing Group Acc: [0.308,0.071,0.032]
Epoch [35] Testing Results: Prec@1 9.730 Prec@5 24.800 Loss 6.72402
Epoch [35] Testing Class Recall: [0.000,0.010,0.000,0.010,0.050,0.000,0.000,0.000,0.180,0.100,0.120,0.000,
 0.120,0.000,0.010,0.030,0.030,0.030,0.150,0.000,0.010,0.500,0.410,0.760,
 0.080,0.360,0.380,0.460,0.280,0.040,0.000,0.000,0.100,0.010,0.050,0.010,
 0.080,0.010,0.010,0.220,0.040,0.000,0.030,0.050,0.140,0.000,0.000,0.030,
 0.000,0.070,0.040,0.000,0.000,0.000,0.020,0.000,0.000,0.320,0.040,0.000,
 0.190,0.040,0.000,0.150,0.020,0.000,0.020,0.100,0.600,0.220,0.080,0.170,
 0.010,0.000,0.160,0.040,0.230,0.000,0.250,0.100,0.000,0.000,0.000,0.040,
 0.310,0.000,0.000,0.160,0.080,0.020,0.000,0.020,0.000,0.000,0.680,0.050,
 0.110,0.030,0.090,0.370]
Training Group Acc: [0.595,0.343,0.169]
Epoch [36] Training Results: Prec@1 50.500 Prec@5 81.400 Loss 1.79282
Epoch [36] Training Class Recall: [0.000,0.000,0.000,0.316,0.382,0.367,0.000,0.713,0.348,0.302,0.000,0.368,
 0.000,0.091,0.190,0.231,0.182,0.357,0.000,0.231,0.790,0.633,0.878,0.568,
 0.621,0.545,0.669,0.743,0.350,0.000,0.000,0.269,0.582,0.367,0.231,0.409,
 0.273,0.313,0.788,0.143,0.000,0.182,0.375,0.473,0.000,0.125,0.071,0.409,
 0.125,0.000,0.000,0.000,0.286,0.375,0.250,0.677,0.292,0.238,0.462,0.222,
 0.250,0.554,0.051,0.103,0.286,0.368,0.859,0.699,0.542,0.636,0.250,0.000,
 0.505,0.091,0.500,0.400,0.638,0.596,0.189,0.286,0.111,0.615,0.465,0.314,
 0.091,0.510,0.600,0.111,0.000,0.238,0.000,0.180,0.847,0.625,0.737,0.043,
 0.188,0.659]
Testing Group Acc: [0.318,0.089,0.021]
Epoch [36] Testing Results: Prec@1 10.360 Prec@5 25.390 Loss 7.03749
Epoch [36] Testing Class Recall: [0.000,0.000,0.000,0.150,0.010,0.000,0.000,0.020,0.450,0.070,0.020,0.000,
 0.080,0.000,0.000,0.010,0.000,0.160,0.080,0.020,0.010,0.880,0.380,0.890,
 0.040,0.260,0.190,0.360,0.410,0.140,0.000,0.000,0.030,0.480,0.140,0.010,
 0.000,0.000,0.040,0.100,0.000,0.000,0.020,0.240,0.070,0.000,0.000,0.050,
 0.040,0.040,0.000,0.000,0.000,0.000,0.120,0.040,0.010,0.260,0.020,0.010,
 0.050,0.040,0.030,0.100,0.010,0.000,0.040,0.040,0.470,0.400,0.060,0.030,
 0.010,0.000,0.050,0.000,0.100,0.000,0.050,0.160,0.050,0.000,0.000,0.100,
 0.320,0.000,0.000,0.430,0.250,0.000,0.000,0.020,0.000,0.020,0.720,0.100,
 0.030,0.030,0.070,0.230]
Training Group Acc: [0.623,0.374,0.222]
Epoch [37] Training Results: Prec@1 53.440 Prec@5 83.440 Loss 1.65659
Epoch [37] Training Class Recall: [0.000,0.000,0.000,0.263,0.374,0.233,0.040,0.755,0.304,0.256,0.133,0.526,
 0.000,0.159,0.190,0.154,0.545,0.366,0.167,0.346,0.841,0.733,0.870,0.614,
 0.648,0.535,0.721,0.737,0.436,0.000,0.000,0.308,0.600,0.350,0.385,0.364,
 0.273,0.388,0.742,0.214,0.095,0.273,0.554,0.467,0.053,0.333,0.214,0.364,
 0.208,0.000,0.000,0.000,0.250,0.398,0.500,0.723,0.333,0.333,0.615,0.389,
 0.500,0.446,0.103,0.310,0.429,0.553,0.847,0.658,0.500,0.455,0.333,0.000,
 0.534,0.273,0.400,0.613,0.574,0.675,0.162,0.190,0.111,0.692,0.525,0.286,
 0.182,0.529,0.555,0.111,0.000,0.238,0.000,0.100,0.829,0.594,0.684,0.174,
 0.125,0.738]
Testing Group Acc: [0.349,0.089,0.018]
Epoch [37] Testing Results: Prec@1 10.770 Prec@5 26.010 Loss 6.91746
Epoch [37] Testing Class Recall: [0.000,0.010,0.000,0.020,0.170,0.060,0.000,0.010,0.420,0.050,0.040,0.000,
 0.130,0.000,0.030,0.020,0.000,0.000,0.170,0.000,0.010,0.700,0.270,0.720,
 0.140,0.310,0.390,0.650,0.350,0.130,0.000,0.000,0.110,0.330,0.080,0.000,
 0.060,0.010,0.020,0.130,0.000,0.000,0.020,0.090,0.090,0.000,0.000,0.020,
 0.020,0.130,0.030,0.000,0.000,0.000,0.010,0.060,0.000,0.250,0.020,0.060,
 0.010,0.040,0.020,0.090,0.000,0.000,0.030,0.090,0.400,0.210,0.020,0.100,
 0.020,0.000,0.200,0.010,0.140,0.020,0.120,0.140,0.000,0.000,0.000,0.050,
 0.310,0.100,0.040,0.440,0.280,0.000,0.000,0.020,0.010,0.050,0.660,0.270,
 0.020,0.030,0.100,0.390]
Training Group Acc: [0.659,0.405,0.198]
Epoch [38] Training Results: Prec@1 55.780 Prec@5 85.140 Loss 1.56827
Epoch [38] Training Class Recall: [0.000,0.000,0.000,0.342,0.455,0.467,0.120,0.702,0.261,0.209,0.333,0.474,
 0.125,0.159,0.238,0.077,0.273,0.402,0.083,0.385,0.841,0.650,0.866,0.682,
 0.641,0.583,0.703,0.806,0.504,0.000,0.000,0.269,0.600,0.483,0.231,0.455,
 0.273,0.448,0.818,0.429,0.095,0.212,0.536,0.462,0.000,0.208,0.286,0.409,
 0.500,0.071,0.000,0.000,0.250,0.375,0.625,0.631,0.500,0.429,0.462,0.417,
 0.250,0.569,0.154,0.241,0.214,0.539,0.835,0.685,0.417,0.455,0.354,0.000,
 0.592,0.364,0.500,0.560,0.681,0.789,0.216,0.190,0.111,0.538,0.624,0.171,
 0.227,0.588,0.613,0.000,0.000,0.429,0.000,0.220,0.910,0.562,0.316,0.174,
 0.250,0.762]
Testing Group Acc: [0.310,0.089,0.022]
Epoch [38] Testing Results: Prec@1 10.220 Prec@5 26.110 Loss 7.24131
Epoch [38] Testing Class Recall: [0.000,0.000,0.000,0.000,0.070,0.040,0.000,0.000,0.550,0.240,0.020,0.000,
 0.080,0.000,0.190,0.010,0.000,0.020,0.180,0.000,0.050,0.450,0.390,0.700,
 0.100,0.360,0.170,0.450,0.320,0.200,0.000,0.000,0.080,0.420,0.040,0.080,
 0.020,0.000,0.030,0.040,0.010,0.010,0.020,0.110,0.070,0.000,0.000,0.040,
 0.010,0.010,0.010,0.000,0.000,0.000,0.000,0.020,0.010,0.440,0.010,0.010,
 0.080,0.010,0.030,0.130,0.020,0.010,0.020,0.020,0.670,0.360,0.010,0.010,
 0.000,0.000,0.070,0.000,0.110,0.000,0.170,0.120,0.000,0.010,0.010,0.050,
 0.350,0.010,0.000,0.110,0.360,0.010,0.000,0.000,0.010,0.050,0.770,0.050,
 0.070,0.020,0.180,0.240]
Training Group Acc: [0.631,0.377,0.185]
Epoch [39] Training Results: Prec@1 53.280 Prec@5 82.980 Loss 1.67411
Epoch [39] Training Class Recall: [0.000,0.000,0.000,0.316,0.431,0.567,0.120,0.660,0.435,0.302,0.067,0.421,
 0.000,0.227,0.095,0.077,0.273,0.348,0.083,0.385,0.761,0.600,0.866,0.636,
 0.648,0.567,0.743,0.754,0.530,0.000,0.000,0.192,0.564,0.250,0.385,0.409,
 0.091,0.284,0.758,0.286,0.048,0.303,0.429,0.473,0.000,0.417,0.214,0.318,
 0.208,0.000,0.000,0.000,0.500,0.352,0.375,0.708,0.417,0.381,0.538,0.389,
 0.750,0.538,0.103,0.138,0.286,0.355,0.894,0.781,0.542,0.545,0.312,0.000,
 0.553,0.091,0.500,0.507,0.596,0.728,0.135,0.143,0.111,0.385,0.515,0.314,
 0.136,0.549,0.613,0.111,0.000,0.095,0.000,0.180,0.892,0.500,0.579,0.217,
 0.125,0.698]
Testing Group Acc: [0.334,0.082,0.022]
Epoch [39] Testing Results: Prec@1 10.330 Prec@5 26.170 Loss 7.61526
Epoch [39] Testing Class Recall: [0.000,0.000,0.000,0.020,0.020,0.030,0.000,0.020,0.500,0.020,0.020,0.000,
 0.060,0.000,0.000,0.030,0.000,0.130,0.140,0.000,0.030,0.770,0.300,0.630,
 0.090,0.330,0.310,0.480,0.290,0.380,0.000,0.000,0.080,0.260,0.060,0.020,
 0.010,0.060,0.050,0.080,0.000,0.000,0.060,0.140,0.060,0.000,0.000,0.040,
 0.070,0.050,0.050,0.000,0.000,0.000,0.010,0.050,0.010,0.310,0.030,0.040,
 0.040,0.010,0.000,0.070,0.090,0.000,0.050,0.060,0.650,0.210,0.040,0.070,
 0.020,0.000,0.230,0.010,0.090,0.030,0.100,0.170,0.020,0.010,0.000,0.070,
 0.390,0.020,0.010,0.310,0.390,0.000,0.000,0.010,0.000,0.020,0.520,0.100,
 0.030,0.000,0.080,0.270]
Training Group Acc: [0.648,0.375,0.184]
Epoch [40] Training Results: Prec@1 54.140 Prec@5 84.560 Loss 1.61772
Epoch [40] Training Class Recall: [0.000,0.000,0.000,0.263,0.398,0.200,0.040,0.723,0.391,0.279,0.067,0.421,
 0.000,0.182,0.048,0.077,0.364,0.402,0.000,0.538,0.768,0.700,0.911,0.636,
 0.662,0.588,0.684,0.794,0.487,0.000,0.000,0.308,0.509,0.400,0.385,0.182,
 0.273,0.284,0.773,0.286,0.095,0.303,0.411,0.407,0.053,0.458,0.429,0.364,
 0.375,0.071,0.000,0.000,0.321,0.489,0.500,0.708,0.375,0.333,0.538,0.417,
 0.500,0.477,0.077,0.276,0.286,0.434,0.847,0.712,0.458,0.455,0.396,0.000,
 0.612,0.091,0.300,0.453,0.638,0.711,0.162,0.095,0.000,0.308,0.604,0.286,
 0.182,0.569,0.658,0.056,0.000,0.095,0.000,0.220,0.865,0.656,0.684,0.174,
 0.125,0.762]
Testing Group Acc: [0.319,0.095,0.021]
Epoch [40] Testing Results: Prec@1 10.650 Prec@5 27.820 Loss 6.97665
Epoch [40] Testing Class Recall: [0.000,0.040,0.000,0.000,0.090,0.040,0.000,0.000,0.380,0.080,0.030,0.010,
 0.050,0.000,0.290,0.030,0.000,0.020,0.120,0.010,0.020,0.400,0.220,0.530,
 0.110,0.380,0.350,0.500,0.330,0.200,0.000,0.000,0.040,0.430,0.230,0.020,
 0.050,0.020,0.020,0.100,0.010,0.000,0.050,0.140,0.280,0.000,0.000,0.050,
 0.030,0.040,0.050,0.000,0.000,0.000,0.040,0.030,0.010,0.260,0.140,0.070,
 0.060,0.030,0.030,0.110,0.010,0.000,0.010,0.090,0.490,0.240,0.020,0.070,
 0.020,0.000,0.040,0.000,0.110,0.040,0.100,0.110,0.040,0.100,0.000,0.040,
 0.570,0.080,0.000,0.230,0.270,0.040,0.000,0.000,0.000,0.060,0.720,0.080,
 0.070,0.010,0.100,0.320]
Training Group Acc: [0.650,0.420,0.210]
Epoch [41] Training Results: Prec@1 56.260 Prec@5 85.900 Loss 1.52825
Epoch [41] Training Class Recall: [0.000,0.375,0.000,0.263,0.423,0.400,0.080,0.766,0.565,0.186,0.067,0.105,
 0.125,0.159,0.190,0.231,0.182,0.339,0.083,0.423,0.797,0.675,0.902,0.670,
 0.634,0.567,0.731,0.771,0.419,0.000,0.000,0.308,0.600,0.400,0.308,0.409,
 0.364,0.403,0.803,0.286,0.095,0.242,0.446,0.500,0.000,0.208,0.214,0.455,
 0.542,0.071,0.000,0.000,0.536,0.398,0.625,0.769,0.333,0.238,0.615,0.528,
 0.250,0.600,0.077,0.310,0.214,0.474,0.906,0.753,0.667,0.636,0.250,0.000,
 0.602,0.182,0.600,0.600,0.681,0.772,0.243,0.238,0.222,0.615,0.624,0.200,
 0.273,0.627,0.645,0.000,0.000,0.238,0.000,0.260,0.883,0.750,0.632,0.174,
 0.125,0.770]
Testing Group Acc: [0.342,0.116,0.026]
Epoch [41] Testing Results: Prec@1 12.190 Prec@5 28.380 Loss 6.05839
Epoch [41] Testing Class Recall: [0.000,0.020,0.000,0.020,0.230,0.010,0.000,0.010,0.560,0.150,0.010,0.000,
 0.100,0.010,0.100,0.050,0.000,0.080,0.260,0.020,0.050,0.480,0.370,0.710,
 0.090,0.300,0.250,0.550,0.380,0.120,0.000,0.000,0.060,0.220,0.130,0.010,
 0.040,0.010,0.210,0.140,0.010,0.000,0.100,0.280,0.120,0.000,0.000,0.170,
 0.010,0.030,0.030,0.030,0.030,0.000,0.000,0.130,0.010,0.360,0.110,0.030,
 0.070,0.120,0.010,0.250,0.040,0.000,0.040,0.120,0.430,0.270,0.080,0.030,
 0.020,0.000,0.120,0.000,0.170,0.040,0.110,0.130,0.000,0.030,0.000,0.030,
 0.190,0.330,0.000,0.310,0.460,0.020,0.000,0.020,0.000,0.030,0.800,0.030,
 0.150,0.120,0.080,0.340]
Training Group Acc: [0.669,0.418,0.211]
Epoch [42] Training Results: Prec@1 56.940 Prec@5 87.260 Loss 1.48564
Epoch [42] Training Class Recall: [0.000,0.000,0.000,0.184,0.431,0.567,0.160,0.798,0.609,0.302,0.267,0.316,
 0.000,0.159,0.143,0.077,0.273,0.482,0.000,0.423,0.841,0.733,0.878,0.693,
 0.690,0.561,0.728,0.777,0.496,0.000,0.000,0.346,0.491,0.383,0.385,0.364,
 0.273,0.507,0.758,0.214,0.000,0.455,0.393,0.495,0.053,0.208,0.429,0.500,
 0.417,0.214,0.000,0.000,0.393,0.511,0.375,0.631,0.333,0.429,0.615,0.444,
 1.000,0.600,0.256,0.138,0.286,0.487,0.906,0.795,0.542,0.636,0.375,0.000,
 0.612,0.182,0.500,0.547,0.574,0.737,0.162,0.333,0.222,0.231,0.574,0.371,
 0.136,0.490,0.690,0.056,0.000,0.190,0.000,0.260,0.901,0.656,0.526,0.217,
 0.062,0.754]
Testing Group Acc: [0.278,0.100,0.033]
Epoch [42] Testing Results: Prec@1 10.570 Prec@5 27.800 Loss 7.10056
Epoch [42] Testing Class Recall: [0.000,0.010,0.000,0.000,0.040,0.010,0.000,0.000,0.140,0.030,0.030,0.000,
 0.100,0.000,0.060,0.020,0.010,0.150,0.320,0.000,0.030,0.560,0.130,0.760,
 0.100,0.180,0.440,0.370,0.350,0.010,0.000,0.000,0.140,0.260,0.090,0.010,
 0.060,0.000,0.010,0.150,0.040,0.010,0.020,0.210,0.040,0.000,0.000,0.290,
 0.000,0.050,0.020,0.000,0.000,0.000,0.000,0.000,0.000,0.330,0.010,0.000,
 0.150,0.050,0.000,0.150,0.000,0.000,0.030,0.190,0.620,0.330,0.290,0.060,
 0.010,0.000,0.110,0.000,0.060,0.010,0.540,0.140,0.000,0.000,0.000,0.120,
 0.100,0.020,0.000,0.160,0.170,0.040,0.000,0.010,0.000,0.000,0.730,0.190,
 0.230,0.040,0.160,0.270]
Training Group Acc: [0.660,0.416,0.249]
Epoch [43] Training Results: Prec@1 56.240 Prec@5 86.740 Loss 1.51078
Epoch [43] Training Class Recall: [0.000,0.125,0.000,0.447,0.472,0.433,0.000,0.766,0.435,0.349,0.267,0.579,
 0.000,0.250,0.333,0.231,0.455,0.375,0.000,0.423,0.804,0.667,0.890,0.534,
 0.641,0.578,0.678,0.811,0.513,0.000,0.000,0.308,0.636,0.383,0.308,0.409,
 0.182,0.448,0.803,0.429,0.143,0.303,0.446,0.484,0.105,0.208,0.286,0.409,
 0.458,0.000,0.400,0.000,0.214,0.432,0.500,0.708,0.500,0.476,0.385,0.528,
 1.000,0.554,0.077,0.379,0.286,0.553,0.929,0.685,0.542,0.636,0.354,0.000,
 0.650,0.273,0.400,0.533,0.511,0.754,0.162,0.381,0.222,0.462,0.653,0.257,
 0.045,0.588,0.626,0.111,0.000,0.286,0.000,0.140,0.874,0.625,0.579,0.174,
 0.250,0.746]
Testing Group Acc: [0.332,0.127,0.027]
Epoch [43] Testing Results: Prec@1 12.590 Prec@5 29.830 Loss 6.56346
Epoch [43] Testing Class Recall: [0.000,0.000,0.000,0.130,0.190,0.080,0.000,0.050,0.630,0.110,0.030,0.000,
 0.050,0.010,0.020,0.020,0.010,0.190,0.250,0.000,0.030,0.560,0.110,0.740,
 0.050,0.280,0.220,0.610,0.410,0.090,0.000,0.000,0.020,0.430,0.210,0.020,
 0.040,0.020,0.000,0.120,0.000,0.020,0.050,0.040,0.050,0.000,0.000,0.460,
 0.090,0.010,0.040,0.000,0.020,0.000,0.090,0.110,0.010,0.370,0.100,0.080,
 0.050,0.030,0.020,0.250,0.020,0.010,0.050,0.190,0.590,0.290,0.180,0.070,
 0.020,0.000,0.070,0.050,0.190,0.020,0.190,0.190,0.000,0.000,0.010,0.040,
 0.270,0.050,0.010,0.390,0.520,0.020,0.000,0.000,0.010,0.030,0.770,0.300,
 0.030,0.060,0.020,0.310]
Training Group Acc: [0.662,0.424,0.234]
Epoch [44] Training Results: Prec@1 57.020 Prec@5 86.420 Loss 1.50314
Epoch [44] Training Class Recall: [0.000,0.250,0.000,0.368,0.390,0.533,0.120,0.809,0.435,0.372,0.267,0.368,
 0.250,0.136,0.143,0.231,0.273,0.411,0.167,0.385,0.862,0.625,0.878,0.625,
 0.697,0.572,0.777,0.789,0.504,0.000,0.000,0.192,0.691,0.383,0.154,0.455,
 0.273,0.254,0.803,0.214,0.000,0.364,0.464,0.495,0.000,0.500,0.286,0.364,
 0.375,0.143,0.000,0.000,0.464,0.523,0.750,0.677,0.458,0.524,0.615,0.472,
 0.750,0.523,0.103,0.207,0.214,0.513,0.882,0.699,0.625,0.636,0.271,0.000,
 0.650,0.364,0.100,0.520,0.638,0.746,0.189,0.381,0.333,0.462,0.574,0.429,
 0.182,0.471,0.626,0.056,0.000,0.286,0.000,0.400,0.910,0.500,0.474,0.217,
 0.312,0.754]
Testing Group Acc: [0.345,0.104,0.030]
Epoch [44] Testing Results: Prec@1 11.840 Prec@5 28.910 Loss 6.63650
Epoch [44] Testing Class Recall: [0.000,0.040,0.000,0.120,0.140,0.040,0.000,0.000,0.370,0.040,0.030,0.030,
 0.120,0.000,0.030,0.050,0.000,0.180,0.160,0.010,0.030,0.650,0.340,0.650,
 0.090,0.200,0.330,0.460,0.310,0.150,0.000,0.000,0.040,0.380,0.030,0.010,
 0.060,0.030,0.040,0.140,0.000,0.010,0.170,0.370,0.200,0.000,0.000,0.060,
 0.080,0.180,0.020,0.020,0.000,0.000,0.020,0.060,0.030,0.270,0.010,0.070,
 0.090,0.020,0.040,0.030,0.050,0.000,0.030,0.080,0.490,0.220,0.000,0.070,
 0.060,0.000,0.170,0.000,0.120,0.040,0.260,0.100,0.010,0.000,0.010,0.030,
 0.310,0.020,0.040,0.320,0.680,0.050,0.000,0.000,0.000,0.050,0.690,0.380,
 0.050,0.090,0.050,0.320]
Training Group Acc: [0.683,0.484,0.282]
Epoch [45] Training Results: Prec@1 60.780 Prec@5 89.400 Loss 1.34669
Epoch [45] Training Class Recall: [0.000,0.125,0.000,0.447,0.463,0.467,0.080,0.787,0.478,0.395,0.200,0.421,
 0.125,0.273,0.286,0.154,0.182,0.366,0.333,0.462,0.826,0.758,0.890,0.659,
 0.655,0.626,0.771,0.806,0.496,0.000,0.125,0.346,0.600,0.383,0.462,0.682,
 0.273,0.463,0.758,0.357,0.190,0.485,0.500,0.533,0.053,0.417,0.357,0.318,
 0.583,0.143,0.200,0.000,0.464,0.500,0.500,0.692,0.625,0.524,0.615,0.611,
 1.000,0.631,0.179,0.276,0.286,0.605,0.929,0.822,0.500,0.727,0.417,0.000,
 0.621,0.455,0.600,0.693,0.702,0.816,0.243,0.476,0.444,0.385,0.624,0.343,
 0.227,0.647,0.671,0.167,0.000,0.286,0.000,0.380,0.910,0.688,0.579,0.217,
 0.312,0.778]
Testing Group Acc: [0.289,0.112,0.036]
Epoch [45] Testing Results: Prec@1 11.510 Prec@5 27.700 Loss 7.35785
Epoch [45] Testing Class Recall: [0.000,0.000,0.000,0.020,0.090,0.040,0.000,0.050,0.550,0.090,0.040,0.000,
 0.110,0.000,0.110,0.000,0.000,0.030,0.130,0.010,0.110,0.380,0.250,0.670,
 0.040,0.360,0.120,0.330,0.420,0.060,0.000,0.000,0.020,0.320,0.060,0.000,
 0.030,0.020,0.140,0.190,0.000,0.000,0.030,0.100,0.070,0.000,0.000,0.040,
 0.030,0.000,0.040,0.000,0.020,0.000,0.010,0.050,0.000,0.360,0.070,0.040,
 0.080,0.040,0.030,0.200,0.060,0.040,0.050,0.090,0.590,0.550,0.040,0.110,
 0.060,0.000,0.120,0.100,0.280,0.060,0.140,0.250,0.010,0.010,0.000,0.060,
 0.260,0.080,0.000,0.460,0.400,0.010,0.000,0.010,0.010,0.030,0.700,0.180,
 0.200,0.080,0.160,0.310]
Training Group Acc: [0.665,0.459,0.268]
Epoch [46] Training Results: Prec@1 58.340 Prec@5 87.140 Loss 1.46388
Epoch [46] Training Class Recall: [0.000,0.250,0.000,0.342,0.463,0.600,0.160,0.798,0.565,0.442,0.267,0.579,
 0.000,0.273,0.190,0.308,0.455,0.464,0.083,0.423,0.790,0.692,0.870,0.659,
 0.731,0.583,0.687,0.800,0.530,0.000,0.000,0.308,0.655,0.417,0.308,0.500,
 0.182,0.448,0.682,0.143,0.000,0.364,0.375,0.500,0.105,0.292,0.286,0.455,
 0.458,0.143,0.200,0.000,0.393,0.534,0.750,0.692,0.500,0.619,0.846,0.500,
 0.750,0.662,0.179,0.310,0.214,0.474,0.906,0.781,0.583,0.545,0.333,0.000,
 0.592,0.455,0.500,0.627,0.638,0.816,0.162,0.429,0.111,0.462,0.564,0.400,
 0.136,0.627,0.594,0.056,0.000,0.429,0.333,0.300,0.883,0.750,0.579,0.217,
 0.188,0.738]
Testing Group Acc: [0.281,0.080,0.023]
Epoch [46] Testing Results: Prec@1 9.390 Prec@5 22.060 Loss 8.71889
Epoch [46] Testing Class Recall: [0.000,0.020,0.000,0.020,0.030,0.020,0.000,0.000,0.260,0.050,0.080,0.000,
 0.120,0.000,0.050,0.010,0.000,0.000,0.240,0.000,0.040,0.500,0.310,0.560,
 0.180,0.170,0.380,0.420,0.330,0.040,0.000,0.000,0.080,0.200,0.070,0.000,
 0.000,0.010,0.010,0.200,0.000,0.000,0.000,0.010,0.310,0.000,0.000,0.080,
 0.210,0.130,0.000,0.000,0.000,0.000,0.020,0.010,0.010,0.250,0.010,0.010,
 0.130,0.030,0.000,0.050,0.000,0.000,0.020,0.060,0.550,0.380,0.160,0.110,
 0.050,0.000,0.050,0.110,0.020,0.010,0.070,0.320,0.000,0.000,0.000,0.010,
 0.270,0.050,0.020,0.410,0.060,0.000,0.000,0.000,0.000,0.120,0.500,0.030,
 0.050,0.000,0.010,0.290]
Training Group Acc: [0.700,0.472,0.275]
Epoch [47] Training Results: Prec@1 61.080 Prec@5 89.800 Loss 1.32774
Epoch [47] Training Class Recall: [0.000,0.375,0.000,0.447,0.512,0.433,0.040,0.862,0.609,0.395,0.333,0.526,
 0.125,0.318,0.333,0.077,0.273,0.411,0.167,0.500,0.833,0.708,0.898,0.670,
 0.731,0.610,0.712,0.823,0.556,0.000,0.000,0.231,0.636,0.483,0.231,0.364,
 0.455,0.433,0.773,0.357,0.238,0.242,0.589,0.604,0.000,0.500,0.286,0.455,
 0.417,0.071,0.000,0.000,0.464,0.432,0.500,0.800,0.417,0.429,0.692,0.639,
 0.500,0.569,0.205,0.310,0.357,0.592,0.941,0.781,0.708,0.818,0.417,0.000,
 0.650,0.545,0.600,0.680,0.617,0.798,0.216,0.381,0.444,0.538,0.683,0.314,
 0.227,0.627,0.665,0.111,0.000,0.238,0.000,0.260,0.910,0.625,0.579,0.348,
 0.375,0.802]
Testing Group Acc: [0.301,0.073,0.026]
Epoch [47] Testing Results: Prec@1 9.460 Prec@5 22.490 Loss 9.41475
Epoch [47] Testing Class Recall: [0.000,0.000,0.000,0.040,0.190,0.020,0.000,0.030,0.610,0.020,0.010,0.000,
 0.030,0.000,0.070,0.010,0.020,0.040,0.200,0.000,0.000,0.690,0.260,0.650,
 0.060,0.170,0.100,0.540,0.310,0.100,0.000,0.000,0.000,0.260,0.000,0.010,
 0.030,0.000,0.010,0.210,0.000,0.000,0.020,0.060,0.100,0.000,0.000,0.040,
 0.260,0.000,0.000,0.000,0.010,0.000,0.030,0.000,0.010,0.120,0.010,0.030,
 0.020,0.020,0.000,0.020,0.090,0.000,0.100,0.030,0.400,0.220,0.280,0.010,
 0.010,0.000,0.030,0.070,0.290,0.010,0.080,0.240,0.000,0.000,0.000,0.010,
 0.160,0.030,0.010,0.330,0.770,0.000,0.000,0.000,0.000,0.010,0.550,0.130,
 0.030,0.060,0.010,0.060]
Training Group Acc: [0.640,0.408,0.240]
Epoch [48] Training Results: Prec@1 55.180 Prec@5 84.820 Loss 1.59172
Epoch [48] Training Class Recall: [0.000,0.125,0.000,0.316,0.463,0.600,0.040,0.777,0.522,0.326,0.267,0.368,
 0.125,0.273,0.190,0.000,0.364,0.384,0.167,0.346,0.783,0.625,0.915,0.591,
 0.628,0.561,0.712,0.783,0.521,0.000,0.125,0.308,0.600,0.500,0.538,0.500,
 0.273,0.149,0.803,0.286,0.190,0.182,0.464,0.445,0.000,0.333,0.357,0.318,
 0.250,0.000,0.000,0.000,0.536,0.409,0.500,0.708,0.292,0.190,0.692,0.639,
 0.750,0.569,0.077,0.103,0.286,0.487,0.871,0.712,0.667,0.727,0.333,0.000,
 0.515,0.182,0.700,0.587,0.457,0.693,0.135,0.238,0.222,0.385,0.614,0.286,
 0.182,0.627,0.639,0.111,0.000,0.143,0.000,0.280,0.892,0.719,0.421,0.348,
 0.188,0.706]
Testing Group Acc: [0.280,0.104,0.024]
Epoch [48] Testing Results: Prec@1 10.510 Prec@5 27.230 Loss 6.35207
Epoch [48] Testing Class Recall: [0.000,0.000,0.000,0.010,0.160,0.060,0.000,0.000,0.530,0.030,0.120,0.000,
 0.090,0.000,0.030,0.040,0.020,0.030,0.130,0.000,0.000,0.290,0.240,0.370,
 0.070,0.310,0.370,0.340,0.360,0.060,0.000,0.000,0.100,0.370,0.240,0.000,
 0.110,0.030,0.080,0.040,0.000,0.040,0.130,0.040,0.410,0.010,0.000,0.160,
 0.080,0.090,0.070,0.020,0.000,0.000,0.050,0.070,0.000,0.310,0.130,0.000,
 0.170,0.020,0.000,0.040,0.010,0.000,0.030,0.030,0.580,0.300,0.100,0.080,
 0.010,0.000,0.160,0.070,0.040,0.100,0.330,0.130,0.000,0.000,0.000,0.000,
 0.290,0.060,0.000,0.230,0.180,0.090,0.000,0.050,0.000,0.000,0.650,0.050,
 0.030,0.040,0.090,0.310]
Training Group Acc: [0.691,0.445,0.287]
Epoch [49] Training Results: Prec@1 59.320 Prec@5 87.780 Loss 1.42515
Epoch [49] Training Class Recall: [0.000,0.250,0.000,0.447,0.472,0.567,0.040,0.830,0.609,0.349,0.333,0.632,
 0.375,0.250,0.429,0.154,0.364,0.455,0.333,0.500,0.870,0.742,0.866,0.648,
 0.717,0.620,0.759,0.823,0.607,0.000,0.000,0.115,0.527,0.450,0.308,0.500,
 0.364,0.358,0.818,0.429,0.143,0.303,0.518,0.560,0.053,0.458,0.429,0.545,
 0.333,0.286,0.200,0.000,0.429,0.557,0.500,0.692,0.458,0.381,0.462,0.556,
 0.750,0.631,0.154,0.310,0.429,0.500,0.906,0.726,0.708,0.818,0.083,0.000,
 0.583,0.364,0.500,0.427,0.532,0.763,0.135,0.476,0.111,0.615,0.634,0.600,
 0.182,0.686,0.652,0.167,0.000,0.143,0.000,0.120,0.910,0.500,0.421,0.304,
 0.125,0.722]
Testing Group Acc: [0.341,0.117,0.035]
Epoch [49] Testing Results: Prec@1 12.540 Prec@5 31.010 Loss 6.58257
Epoch [49] Testing Class Recall: [0.000,0.010,0.000,0.010,0.140,0.050,0.000,0.000,0.530,0.090,0.050,0.000,
 0.170,0.000,0.040,0.070,0.040,0.120,0.070,0.000,0.040,0.290,0.310,0.780,
 0.190,0.340,0.410,0.640,0.440,0.110,0.000,0.000,0.080,0.380,0.090,0.010,
 0.170,0.020,0.040,0.120,0.000,0.030,0.200,0.120,0.160,0.000,0.000,0.030,
 0.070,0.070,0.080,0.000,0.100,0.000,0.030,0.060,0.000,0.210,0.170,0.200,
 0.090,0.040,0.000,0.070,0.130,0.010,0.010,0.150,0.620,0.260,0.080,0.070,
 0.060,0.000,0.120,0.060,0.220,0.020,0.350,0.140,0.010,0.000,0.000,0.010,
 0.410,0.060,0.030,0.200,0.530,0.080,0.000,0.000,0.010,0.060,0.700,0.090,
 0.100,0.090,0.080,0.200]
Training Group Acc: [0.689,0.482,0.297]
Epoch [50] Training Results: Prec@1 60.500 Prec@5 89.160 Loss 1.33299
Epoch [50] Training Class Recall: [0.000,0.500,0.000,0.447,0.439,0.633,0.160,0.798,0.565,0.349,0.267,0.579,
 0.250,0.250,0.381,0.308,0.455,0.375,0.083,0.538,0.812,0.725,0.927,0.568,
 0.724,0.642,0.731,0.817,0.504,0.000,0.000,0.385,0.509,0.500,0.538,0.636,
 0.545,0.373,0.818,0.143,0.286,0.455,0.536,0.522,0.000,0.333,0.357,0.591,
 0.292,0.143,0.200,0.000,0.571,0.466,0.500,0.677,0.500,0.571,0.692,0.556,
 0.750,0.477,0.359,0.172,0.214,0.566,0.929,0.740,0.667,0.818,0.438,0.000,
 0.660,0.545,0.600,0.587,0.702,0.807,0.108,0.381,0.333,0.231,0.703,0.457,
 0.182,0.627,0.703,0.278,0.000,0.381,0.000,0.240,0.910,0.688,0.526,0.217,
 0.250,0.706]
Testing Group Acc: [0.328,0.085,0.029]
Epoch [50] Testing Results: Prec@1 10.630 Prec@5 27.970 Loss 7.03070
Epoch [50] Testing Class Recall: [0.000,0.020,0.000,0.060,0.100,0.030,0.000,0.000,0.100,0.080,0.100,0.000,
 0.160,0.000,0.100,0.080,0.000,0.040,0.140,0.060,0.060,0.320,0.260,0.840,
 0.160,0.320,0.140,0.330,0.400,0.120,0.000,0.000,0.040,0.410,0.210,0.030,
 0.010,0.010,0.030,0.120,0.040,0.000,0.040,0.130,0.090,0.000,0.000,0.060,
 0.010,0.020,0.040,0.050,0.010,0.000,0.010,0.120,0.020,0.260,0.030,0.010,
 0.200,0.030,0.000,0.040,0.070,0.000,0.010,0.020,0.460,0.190,0.080,0.120,
 0.010,0.000,0.210,0.040,0.100,0.040,0.260,0.130,0.010,0.020,0.000,0.050,
 0.550,0.010,0.000,0.350,0.500,0.000,0.000,0.010,0.010,0.010,0.870,0.060,
 0.000,0.030,0.070,0.250]
Training Group Acc: [0.716,0.502,0.298]
Epoch [51] Training Results: Prec@1 63.040 Prec@5 89.380 Loss 1.28384
Epoch [51] Training Class Recall: [0.000,0.125,0.000,0.395,0.520,0.467,0.120,0.830,0.609,0.419,0.067,0.526,
 0.375,0.341,0.381,0.385,0.273,0.509,0.417,0.500,0.819,0.808,0.935,0.716,
 0.703,0.636,0.771,0.874,0.564,0.000,0.125,0.385,0.691,0.417,0.308,0.182,
 0.364,0.537,0.894,0.429,0.238,0.364,0.571,0.522,0.158,0.458,0.214,0.545,
 0.417,0.143,0.000,0.000,0.679,0.500,0.625,0.677,0.583,0.571,0.846,0.583,
 0.750,0.554,0.256,0.414,0.143,0.526,0.918,0.808,0.792,0.545,0.333,0.111,
 0.689,0.545,0.700,0.573,0.723,0.851,0.162,0.476,0.333,0.462,0.594,0.457,
 0.318,0.667,0.735,0.222,0.000,0.238,0.000,0.280,0.937,0.625,0.632,0.391,
 0.312,0.698]
Testing Group Acc: [0.326,0.098,0.025]
Epoch [51] Testing Results: Prec@1 11.040 Prec@5 27.790 Loss 7.70757
Epoch [51] Testing Class Recall: [0.000,0.090,0.000,0.020,0.040,0.010,0.000,0.020,0.310,0.130,0.040,0.010,
 0.050,0.000,0.270,0.040,0.000,0.040,0.270,0.000,0.070,0.650,0.280,0.730,
 0.260,0.120,0.130,0.530,0.490,0.230,0.000,0.000,0.050,0.490,0.280,0.030,
 0.030,0.010,0.030,0.080,0.000,0.010,0.020,0.090,0.140,0.000,0.000,0.080,
 0.030,0.010,0.020,0.010,0.000,0.000,0.060,0.070,0.020,0.310,0.030,0.020,
 0.060,0.000,0.010,0.150,0.010,0.000,0.030,0.120,0.430,0.230,0.070,0.130,
 0.010,0.000,0.170,0.010,0.150,0.040,0.140,0.190,0.000,0.010,0.000,0.060,
 0.320,0.000,0.030,0.400,0.330,0.020,0.000,0.010,0.010,0.030,0.550,0.060,
 0.080,0.010,0.040,0.380]
Training Group Acc: [0.689,0.489,0.269]
Epoch [52] Training Results: Prec@1 61.100 Prec@5 89.300 Loss 1.34469
Epoch [52] Training Class Recall: [0.000,0.375,0.000,0.474,0.512,0.667,0.040,0.798,0.565,0.442,0.333,0.421,
 0.000,0.295,0.286,0.077,0.545,0.339,0.083,0.615,0.826,0.733,0.886,0.705,
 0.738,0.540,0.749,0.817,0.573,0.000,0.125,0.346,0.764,0.433,0.615,0.500,
 0.545,0.403,0.788,0.286,0.238,0.455,0.482,0.516,0.105,0.375,0.429,0.455,
 0.375,0.143,0.200,0.000,0.607,0.523,0.625,0.754,0.542,0.429,0.462,0.667,
 0.750,0.615,0.359,0.310,0.286,0.605,0.953,0.740,0.583,0.545,0.333,0.000,
 0.621,0.273,0.500,0.640,0.638,0.781,0.162,0.238,0.111,0.462,0.653,0.457,
 0.273,0.667,0.703,0.111,0.000,0.143,0.000,0.400,0.901,0.562,0.474,0.304,
 0.250,0.825]
Testing Group Acc: [0.354,0.104,0.023]
Epoch [52] Testing Results: Prec@1 11.710 Prec@5 29.340 Loss 7.39371
Epoch [52] Testing Class Recall: [0.000,0.030,0.000,0.030,0.210,0.000,0.000,0.000,0.180,0.060,0.110,0.000,
 0.190,0.000,0.100,0.030,0.010,0.020,0.490,0.020,0.040,0.360,0.200,0.700,
 0.070,0.480,0.300,0.330,0.310,0.160,0.000,0.000,0.150,0.370,0.040,0.000,
 0.090,0.010,0.020,0.190,0.000,0.020,0.020,0.060,0.350,0.010,0.000,0.130,
 0.000,0.080,0.100,0.000,0.060,0.000,0.000,0.060,0.000,0.290,0.280,0.100,
 0.050,0.020,0.000,0.100,0.010,0.000,0.020,0.060,0.730,0.240,0.000,0.120,
 0.040,0.000,0.230,0.080,0.070,0.030,0.230,0.080,0.030,0.060,0.000,0.000,
 0.470,0.220,0.010,0.310,0.270,0.030,0.000,0.020,0.000,0.040,0.710,0.060,
 0.110,0.040,0.000,0.360]
Training Group Acc: [0.713,0.479,0.287]
Epoch [53] Training Results: Prec@1 61.460 Prec@5 89.540 Loss 1.33664
Epoch [53] Training Class Recall: [0.000,0.125,0.000,0.447,0.528,0.700,0.120,0.702,0.565,0.512,0.267,0.421,
 0.250,0.273,0.429,0.385,0.455,0.464,0.250,0.500,0.862,0.767,0.902,0.705,
 0.745,0.701,0.709,0.834,0.564,0.000,0.000,0.385,0.673,0.517,0.385,0.545,
 0.455,0.433,0.788,0.357,0.286,0.273,0.339,0.577,0.105,0.458,0.286,0.500,
 0.333,0.143,0.200,0.000,0.500,0.489,0.500,0.738,0.500,0.476,0.538,0.639,
 1.000,0.538,0.103,0.276,0.143,0.461,0.906,0.712,0.542,0.727,0.500,0.000,
 0.612,0.364,0.600,0.613,0.638,0.763,0.270,0.524,0.222,0.538,0.703,0.429,
 0.182,0.647,0.742,0.167,0.000,0.190,0.000,0.240,0.892,0.562,0.632,0.348,
 0.250,0.762]
Testing Group Acc: [0.316,0.127,0.040]
Epoch [53] Testing Results: Prec@1 12.810 Prec@5 29.790 Loss 7.40766
Epoch [53] Testing Class Recall: [0.000,0.020,0.000,0.010,0.250,0.090,0.000,0.000,0.450,0.280,0.030,0.010,
 0.090,0.000,0.170,0.020,0.010,0.020,0.300,0.010,0.070,0.650,0.180,0.550,
 0.070,0.280,0.100,0.440,0.390,0.170,0.000,0.000,0.040,0.360,0.270,0.030,
 0.040,0.040,0.130,0.180,0.000,0.040,0.010,0.160,0.110,0.000,0.000,0.120,
 0.080,0.040,0.020,0.010,0.080,0.000,0.060,0.060,0.000,0.330,0.350,0.060,
 0.210,0.030,0.000,0.130,0.030,0.000,0.090,0.070,0.680,0.430,0.100,0.170,
 0.030,0.000,0.140,0.130,0.220,0.020,0.190,0.120,0.000,0.010,0.000,0.070,
 0.210,0.050,0.040,0.320,0.380,0.020,0.000,0.000,0.000,0.050,0.810,0.290,
 0.090,0.060,0.050,0.290]
Training Group Acc: [0.672,0.426,0.256]
Epoch [54] Training Results: Prec@1 57.440 Prec@5 86.900 Loss 1.49599
Epoch [54] Training Class Recall: [0.000,0.250,0.000,0.421,0.472,0.433,0.240,0.798,0.565,0.349,0.200,0.474,
 0.125,0.318,0.381,0.231,0.273,0.402,0.250,0.346,0.833,0.758,0.911,0.625,
 0.703,0.578,0.693,0.829,0.556,0.000,0.125,0.308,0.564,0.417,0.462,0.227,
 0.364,0.448,0.788,0.286,0.190,0.394,0.411,0.495,0.053,0.167,0.357,0.409,
 0.375,0.071,0.400,0.000,0.357,0.466,0.500,0.692,0.500,0.286,0.462,0.500,
 0.750,0.508,0.179,0.241,0.214,0.500,0.871,0.712,0.542,0.273,0.396,0.000,
 0.621,0.273,0.600,0.533,0.479,0.789,0.297,0.238,0.333,0.538,0.475,0.371,
 0.136,0.608,0.665,0.167,0.000,0.286,0.000,0.300,0.865,0.500,0.474,0.348,
 0.188,0.778]
Testing Group Acc: [0.358,0.091,0.029]
Epoch [54] Testing Results: Prec@1 11.410 Prec@5 27.360 Loss 6.92405
Epoch [54] Testing Class Recall: [0.000,0.020,0.000,0.030,0.070,0.020,0.000,0.000,0.220,0.040,0.010,0.010,
 0.050,0.000,0.050,0.030,0.000,0.160,0.210,0.000,0.050,0.740,0.290,0.800,
 0.190,0.390,0.340,0.600,0.370,0.150,0.000,0.000,0.050,0.300,0.100,0.020,
 0.060,0.040,0.020,0.140,0.000,0.010,0.040,0.310,0.200,0.000,0.000,0.090,
 0.020,0.030,0.010,0.000,0.010,0.000,0.020,0.130,0.010,0.340,0.020,0.040,
 0.050,0.040,0.000,0.100,0.020,0.000,0.020,0.160,0.470,0.380,0.050,0.090,
 0.030,0.000,0.170,0.030,0.220,0.050,0.280,0.130,0.010,0.010,0.000,0.060,
 0.360,0.030,0.010,0.140,0.260,0.030,0.000,0.040,0.010,0.000,0.790,0.090,
 0.100,0.010,0.100,0.220]
Training Group Acc: [0.750,0.540,0.318]
Epoch [55] Training Results: Prec@1 66.220 Prec@5 92.000 Loss 1.15033
Epoch [55] Training Class Recall: [0.000,0.125,0.000,0.553,0.650,0.733,0.120,0.819,0.565,0.488,0.400,0.526,
 0.125,0.409,0.524,0.154,0.273,0.536,0.333,0.615,0.877,0.817,0.919,0.739,
 0.786,0.647,0.743,0.874,0.564,0.000,0.250,0.385,0.782,0.533,0.385,0.545,
 0.545,0.507,0.864,0.143,0.333,0.424,0.625,0.593,0.000,0.458,0.357,0.364,
 0.458,0.357,0.000,0.000,0.500,0.511,0.625,0.769,0.500,0.476,0.769,0.500,
 0.750,0.569,0.256,0.379,0.500,0.658,0.929,0.863,0.583,0.818,0.417,0.000,
 0.699,0.636,0.700,0.693,0.713,0.851,0.216,0.667,0.333,0.462,0.733,0.514,
 0.227,0.824,0.755,0.278,0.000,0.429,0.000,0.220,0.910,0.688,0.526,0.435,
 0.438,0.794]
Testing Group Acc: [0.311,0.081,0.015]
Epoch [55] Testing Results: Prec@1 9.660 Prec@5 24.650 Loss 8.66439
Epoch [55] Testing Class Recall: [0.000,0.020,0.000,0.000,0.030,0.020,0.000,0.010,0.650,0.080,0.050,0.000,
 0.110,0.000,0.020,0.000,0.000,0.000,0.250,0.000,0.050,0.450,0.250,0.530,
 0.020,0.220,0.490,0.490,0.310,0.080,0.000,0.000,0.110,0.240,0.070,0.010,
 0.030,0.000,0.010,0.230,0.000,0.010,0.030,0.020,0.380,0.000,0.000,0.060,
 0.130,0.030,0.010,0.000,0.000,0.000,0.070,0.020,0.000,0.200,0.050,0.070,
 0.010,0.030,0.000,0.080,0.010,0.000,0.030,0.090,0.510,0.370,0.060,0.020,
 0.030,0.000,0.080,0.080,0.010,0.010,0.230,0.220,0.000,0.010,0.000,0.040,
 0.370,0.010,0.000,0.120,0.150,0.000,0.000,0.000,0.000,0.020,0.710,0.080,
 0.060,0.010,0.020,0.280]
Training Group Acc: [0.704,0.528,0.329]
Epoch [56] Training Results: Prec@1 63.660 Prec@5 90.740 Loss 1.25177
Epoch [56] Training Class Recall: [0.000,0.125,0.000,0.526,0.545,0.633,0.040,0.851,0.826,0.488,0.467,0.579,
 0.375,0.341,0.238,0.385,0.545,0.455,0.250,0.654,0.783,0.775,0.927,0.682,
 0.676,0.620,0.783,0.817,0.590,0.000,0.125,0.500,0.691,0.583,0.385,0.455,
 0.364,0.433,0.818,0.500,0.286,0.455,0.500,0.538,0.211,0.500,0.643,0.591,
 0.417,0.143,0.400,0.000,0.607,0.489,0.500,0.692,0.500,0.429,0.462,0.611,
 0.500,0.585,0.205,0.276,0.214,0.671,0.882,0.822,0.625,0.818,0.354,0.000,
 0.689,0.727,0.500,0.667,0.691,0.763,0.297,0.429,0.333,0.692,0.683,0.514,
 0.318,0.686,0.703,0.167,0.000,0.333,0.000,0.420,0.901,0.656,0.474,0.565,
 0.312,0.714]
Testing Group Acc: [0.287,0.093,0.025]
Epoch [56] Testing Results: Prec@1 10.150 Prec@5 26.110 Loss 8.04055
Epoch [56] Testing Class Recall: [0.000,0.030,0.000,0.000,0.060,0.020,0.000,0.010,0.200,0.050,0.110,0.000,
 0.070,0.000,0.030,0.020,0.000,0.030,0.070,0.000,0.010,0.390,0.110,0.530,
 0.040,0.340,0.370,0.440,0.380,0.130,0.000,0.000,0.020,0.100,0.040,0.000,
 0.040,0.040,0.020,0.200,0.000,0.040,0.010,0.130,0.160,0.010,0.000,0.040,
 0.040,0.000,0.060,0.000,0.000,0.000,0.110,0.090,0.040,0.240,0.140,0.050,
 0.020,0.040,0.000,0.080,0.010,0.000,0.030,0.090,0.600,0.380,0.200,0.110,
 0.050,0.000,0.150,0.210,0.090,0.060,0.560,0.220,0.000,0.000,0.010,0.030,
 0.310,0.050,0.000,0.210,0.340,0.030,0.000,0.010,0.000,0.030,0.570,0.150,
 0.070,0.020,0.050,0.310]
Training Group Acc: [0.720,0.516,0.367]
Epoch [57] Training Results: Prec@1 63.860 Prec@5 90.640 Loss 1.21492
Epoch [57] Training Class Recall: [0.000,0.375,0.000,0.421,0.528,0.633,0.160,0.766,0.696,0.512,0.400,0.632,
 0.375,0.227,0.381,0.385,0.455,0.420,0.333,0.538,0.833,0.783,0.915,0.659,
 0.766,0.695,0.789,0.840,0.547,0.000,0.125,0.538,0.600,0.467,0.308,0.500,
 0.364,0.493,0.894,0.357,0.381,0.424,0.536,0.538,0.158,0.583,0.429,0.409,
 0.375,0.286,0.200,0.000,0.393,0.455,0.625,0.738,0.625,0.476,0.769,0.722,
 0.500,0.631,0.179,0.310,0.214,0.579,0.941,0.822,0.667,0.818,0.417,0.000,
 0.631,0.545,0.600,0.600,0.596,0.798,0.216,0.524,0.333,0.462,0.703,0.486,
 0.318,0.569,0.774,0.222,1.000,0.381,0.333,0.420,0.874,0.625,0.579,0.391,
 0.312,0.802]
Testing Group Acc: [0.346,0.087,0.021]
Epoch [57] Testing Results: Prec@1 10.710 Prec@5 27.970 Loss 8.28021
Epoch [57] Testing Class Recall: [0.000,0.010,0.000,0.030,0.030,0.030,0.000,0.010,0.290,0.300,0.010,0.000,
 0.100,0.000,0.080,0.010,0.010,0.020,0.170,0.000,0.050,0.600,0.290,0.680,
 0.130,0.340,0.290,0.490,0.380,0.440,0.000,0.000,0.030,0.240,0.200,0.010,
 0.000,0.000,0.020,0.080,0.000,0.020,0.010,0.150,0.240,0.000,0.000,0.060,
 0.060,0.040,0.050,0.000,0.000,0.000,0.040,0.070,0.000,0.260,0.120,0.020,
 0.030,0.020,0.040,0.090,0.000,0.000,0.010,0.030,0.570,0.200,0.030,0.090,
 0.030,0.000,0.080,0.080,0.080,0.010,0.320,0.080,0.030,0.030,0.000,0.040,
 0.570,0.030,0.010,0.220,0.320,0.030,0.000,0.010,0.010,0.020,0.590,0.050,
 0.030,0.020,0.110,0.290]
Training Group Acc: [0.743,0.565,0.384]
Epoch [58] Training Results: Prec@1 67.340 Prec@5 92.680 Loss 1.09594
Epoch [58] Training Class Recall: [0.000,0.250,0.000,0.421,0.577,0.633,0.360,0.862,0.522,0.581,0.400,0.632,
 0.375,0.318,0.286,0.231,0.455,0.536,0.250,0.731,0.884,0.750,0.927,0.727,
 0.786,0.663,0.780,0.834,0.632,0.000,0.125,0.538,0.745,0.583,0.615,0.636,
 0.364,0.612,0.894,0.643,0.238,0.455,0.696,0.549,0.263,0.625,0.714,0.591,
 0.667,0.286,0.000,0.000,0.571,0.545,0.750,0.754,0.708,0.810,0.769,0.667,
 1.000,0.600,0.256,0.310,0.357,0.605,0.929,0.781,0.542,0.636,0.479,0.111,
 0.641,0.727,0.500,0.693,0.755,0.816,0.351,0.333,0.444,0.692,0.733,0.457,
 0.364,0.627,0.794,0.167,0.000,0.286,0.333,0.260,0.910,0.750,0.526,0.391,
 0.438,0.825]
Testing Group Acc: [0.331,0.096,0.019]
Epoch [58] Testing Results: Prec@1 10.840 Prec@5 26.080 Loss 8.60049
Epoch [58] Testing Class Recall: [0.000,0.020,0.000,0.000,0.230,0.000,0.000,0.070,0.440,0.190,0.040,0.000,
 0.020,0.000,0.100,0.010,0.000,0.040,0.310,0.000,0.080,0.760,0.220,0.890,
 0.100,0.160,0.290,0.700,0.330,0.110,0.000,0.000,0.010,0.130,0.100,0.000,
 0.010,0.000,0.000,0.100,0.000,0.040,0.040,0.140,0.170,0.000,0.000,0.110,
 0.050,0.010,0.010,0.020,0.000,0.000,0.020,0.050,0.060,0.340,0.000,0.030,
 0.030,0.070,0.020,0.130,0.020,0.000,0.030,0.250,0.510,0.420,0.050,0.070,
 0.010,0.000,0.120,0.110,0.020,0.070,0.110,0.160,0.000,0.000,0.020,0.020,
 0.160,0.030,0.020,0.250,0.210,0.010,0.000,0.000,0.000,0.090,0.440,0.220,
 0.030,0.110,0.110,0.370]
Training Group Acc: [0.708,0.521,0.321]
Epoch [59] Training Results: Prec@1 63.340 Prec@5 91.300 Loss 1.21699
Epoch [59] Training Class Recall: [0.000,0.125,0.000,0.474,0.480,0.533,0.240,0.851,0.652,0.535,0.333,0.368,
 0.250,0.409,0.524,0.231,0.364,0.509,0.417,0.615,0.841,0.808,0.886,0.636,
 0.683,0.695,0.771,0.869,0.538,0.000,0.125,0.346,0.727,0.450,0.462,0.455,
 0.273,0.448,0.758,0.429,0.333,0.394,0.607,0.516,0.053,0.583,0.429,0.409,
 0.458,0.286,0.400,0.000,0.536,0.545,0.750,0.738,0.583,0.476,0.692,0.694,
 0.750,0.646,0.231,0.379,0.357,0.592,0.882,0.671,0.625,0.545,0.396,0.000,
 0.650,0.818,0.500,0.733,0.681,0.763,0.162,0.286,0.222,0.385,0.673,0.486,
 0.273,0.667,0.684,0.056,0.000,0.238,0.333,0.400,0.919,0.656,0.579,0.478,
 0.375,0.754]
Testing Group Acc: [0.354,0.108,0.024]
Epoch [59] Testing Results: Prec@1 11.950 Prec@5 29.000 Loss 7.83136
Epoch [59] Testing Class Recall: [0.000,0.020,0.000,0.010,0.130,0.040,0.000,0.010,0.400,0.150,0.050,0.010,
 0.210,0.000,0.140,0.000,0.000,0.050,0.310,0.000,0.210,0.360,0.410,0.710,
 0.110,0.520,0.360,0.560,0.430,0.100,0.000,0.000,0.090,0.440,0.190,0.020,
 0.010,0.000,0.010,0.140,0.010,0.040,0.100,0.020,0.080,0.000,0.000,0.150,
 0.070,0.030,0.010,0.040,0.000,0.000,0.010,0.020,0.000,0.280,0.110,0.030,
 0.020,0.020,0.000,0.100,0.020,0.000,0.020,0.110,0.570,0.320,0.170,0.040,
 0.030,0.000,0.090,0.020,0.110,0.000,0.240,0.110,0.010,0.050,0.010,0.070,
 0.340,0.030,0.020,0.410,0.590,0.050,0.000,0.010,0.000,0.010,0.590,0.110,
 0.040,0.050,0.050,0.320]
Training Group Acc: [0.764,0.587,0.424]
Epoch [60] Training Results: Prec@1 69.320 Prec@5 93.560 Loss 1.02304
Epoch [60] Training Class Recall: [0.000,0.375,0.200,0.526,0.585,0.633,0.200,0.777,0.696,0.512,0.333,0.421,
 0.500,0.432,0.571,0.231,0.455,0.500,0.333,0.615,0.877,0.800,0.919,0.739,
 0.786,0.749,0.808,0.874,0.650,0.000,0.250,0.308,0.564,0.483,0.538,0.773,
 0.455,0.582,0.848,0.786,0.238,0.455,0.643,0.670,0.316,0.667,0.571,0.591,
 0.583,0.286,0.200,0.000,0.536,0.557,0.875,0.754,0.792,0.714,0.846,0.611,
 0.500,0.615,0.385,0.276,0.643,0.618,0.953,0.795,0.708,1.000,0.562,0.111,
 0.738,0.636,1.000,0.720,0.787,0.842,0.324,0.571,0.444,0.538,0.762,0.600,
 0.273,0.725,0.761,0.389,0.000,0.619,0.000,0.380,0.901,0.781,0.737,0.478,
 0.438,0.762]
Testing Group Acc: [0.302,0.114,0.029]
Epoch [60] Testing Results: Prec@1 11.560 Prec@5 28.200 Loss 8.29139
Epoch [60] Testing Class Recall: [0.000,0.010,0.000,0.030,0.230,0.090,0.000,0.010,0.450,0.090,0.080,0.020,
 0.140,0.000,0.150,0.010,0.000,0.060,0.090,0.000,0.030,0.400,0.140,0.730,
 0.070,0.320,0.340,0.530,0.240,0.130,0.000,0.000,0.090,0.340,0.170,0.000,
 0.090,0.040,0.020,0.150,0.000,0.040,0.070,0.240,0.180,0.040,0.000,0.060,
 0.060,0.020,0.070,0.020,0.030,0.010,0.010,0.090,0.010,0.280,0.070,0.020,
 0.050,0.020,0.070,0.120,0.050,0.010,0.040,0.120,0.610,0.300,0.010,0.060,
 0.050,0.000,0.180,0.050,0.080,0.080,0.430,0.080,0.060,0.020,0.020,0.020,
 0.250,0.040,0.070,0.340,0.450,0.060,0.000,0.010,0.000,0.070,0.500,0.100,
 0.080,0.020,0.090,0.340]
Training Group Acc: [0.780,0.639,0.467]
Epoch [61] Training Results: Prec@1 72.780 Prec@5 94.880 Loss 0.89841
Epoch [61] Training Class Recall: [0.000,0.375,0.200,0.658,0.618,0.667,0.320,0.904,0.870,0.558,0.467,0.632,
 0.125,0.568,0.476,0.385,0.636,0.589,0.250,0.654,0.870,0.875,0.931,0.739,
 0.821,0.717,0.851,0.903,0.667,0.500,0.375,0.538,0.745,0.533,0.615,0.636,
 0.818,0.627,0.909,0.571,0.476,0.606,0.714,0.687,0.263,0.708,0.429,0.409,
 0.625,0.429,0.400,0.000,0.714,0.580,1.000,0.800,0.542,0.714,0.769,0.750,
 0.750,0.692,0.333,0.414,0.357,0.711,0.941,0.822,0.667,0.818,0.583,0.556,
 0.728,0.727,0.800,0.840,0.809,0.842,0.432,0.619,0.556,0.615,0.653,0.600,
 0.455,0.804,0.768,0.278,0.000,0.476,0.000,0.540,0.910,0.719,0.632,0.522,
 0.562,0.825]
Testing Group Acc: [0.335,0.090,0.030]
Epoch [61] Testing Results: Prec@1 11.010 Prec@5 27.640 Loss 8.81304
Epoch [61] Testing Class Recall: [0.000,0.020,0.000,0.030,0.060,0.030,0.000,0.040,0.480,0.140,0.140,0.040,
 0.110,0.000,0.160,0.000,0.030,0.000,0.280,0.000,0.070,0.360,0.270,0.650,
 0.210,0.380,0.460,0.570,0.570,0.040,0.000,0.000,0.030,0.240,0.020,0.000,
 0.000,0.000,0.000,0.110,0.010,0.100,0.080,0.040,0.210,0.020,0.000,0.260,
 0.260,0.110,0.000,0.020,0.000,0.010,0.070,0.070,0.020,0.300,0.050,0.030,
 0.040,0.060,0.050,0.060,0.000,0.010,0.000,0.070,0.320,0.360,0.060,0.090,
 0.020,0.000,0.050,0.060,0.050,0.020,0.080,0.230,0.000,0.010,0.010,0.050,
 0.310,0.000,0.040,0.180,0.400,0.030,0.000,0.000,0.010,0.040,0.450,0.090,
 0.060,0.000,0.090,0.410]
Training Group Acc: [0.720,0.529,0.355]
Epoch [62] Training Results: Prec@1 64.480 Prec@5 91.140 Loss 1.20783
Epoch [62] Training Class Recall: [0.000,0.250,0.200,0.579,0.545,0.533,0.240,0.872,0.391,0.395,0.400,0.526,
 0.250,0.205,0.333,0.231,0.727,0.455,0.167,0.731,0.710,0.808,0.898,0.693,
 0.724,0.701,0.755,0.846,0.624,0.000,0.125,0.423,0.655,0.400,0.538,0.455,
 0.273,0.478,0.803,0.214,0.381,0.394,0.625,0.582,0.263,0.333,0.500,0.455,
 0.500,0.143,0.200,0.000,0.571,0.409,0.625,0.692,0.708,0.524,0.615,0.583,
 0.750,0.600,0.282,0.310,0.500,0.605,0.894,0.685,0.792,0.818,0.500,0.000,
 0.689,0.636,0.400,0.827,0.723,0.789,0.216,0.619,0.556,0.769,0.733,0.457,
 0.182,0.804,0.716,0.222,0.000,0.333,0.000,0.360,0.856,0.812,0.737,0.478,
 0.438,0.810]
Testing Group Acc: [0.351,0.119,0.022]
Epoch [62] Testing Results: Prec@1 12.320 Prec@5 30.640 Loss 7.24036
Epoch [62] Testing Class Recall: [0.000,0.000,0.000,0.040,0.370,0.010,0.000,0.060,0.530,0.050,0.010,0.000,
 0.100,0.000,0.100,0.000,0.010,0.070,0.290,0.000,0.050,0.570,0.240,0.810,
 0.290,0.270,0.350,0.460,0.240,0.080,0.000,0.000,0.020,0.460,0.210,0.010,
 0.020,0.010,0.020,0.160,0.000,0.010,0.160,0.470,0.230,0.000,0.000,0.120,
 0.050,0.180,0.000,0.060,0.010,0.000,0.050,0.030,0.020,0.300,0.010,0.060,
 0.020,0.040,0.010,0.120,0.050,0.010,0.030,0.090,0.490,0.150,0.190,0.050,
 0.030,0.000,0.170,0.000,0.140,0.030,0.210,0.180,0.050,0.020,0.000,0.050,
 0.180,0.040,0.120,0.290,0.590,0.030,0.000,0.020,0.000,0.030,0.660,0.140,
 0.020,0.030,0.100,0.270]
Training Group Acc: [0.713,0.528,0.339]
Epoch [63] Training Results: Prec@1 64.100 Prec@5 91.900 Loss 1.20746
Epoch [63] Training Class Recall: [0.000,0.375,0.600,0.526,0.545,0.567,0.160,0.819,0.696,0.209,0.200,0.579,
 0.125,0.409,0.429,0.154,0.364,0.473,0.250,0.423,0.841,0.717,0.919,0.670,
 0.772,0.604,0.737,0.823,0.590,0.000,0.000,0.385,0.636,0.550,0.308,0.455,
 0.182,0.537,0.848,0.357,0.333,0.303,0.643,0.654,0.105,0.667,0.500,0.409,
 0.417,0.357,0.200,0.000,0.607,0.557,1.000,0.738,0.792,0.667,0.538,0.472,
 0.500,0.677,0.205,0.379,0.429,0.750,0.765,0.795,0.667,0.909,0.521,0.000,
 0.612,0.545,0.600,0.720,0.681,0.789,0.270,0.286,0.667,0.615,0.683,0.600,
 0.273,0.549,0.735,0.278,0.000,0.429,0.000,0.400,0.883,0.625,0.474,0.304,
 0.312,0.738]
Testing Group Acc: [0.337,0.117,0.024]
Epoch [63] Testing Results: Prec@1 12.100 Prec@5 29.540 Loss 7.53017
Epoch [63] Testing Class Recall: [0.000,0.010,0.000,0.050,0.160,0.070,0.000,0.000,0.520,0.110,0.010,0.070,
 0.020,0.000,0.030,0.070,0.000,0.100,0.220,0.000,0.040,0.640,0.350,0.810,
 0.290,0.250,0.370,0.270,0.350,0.000,0.000,0.000,0.040,0.490,0.130,0.070,
 0.090,0.020,0.160,0.120,0.000,0.050,0.060,0.330,0.250,0.000,0.000,0.110,
 0.060,0.110,0.010,0.010,0.000,0.000,0.020,0.100,0.010,0.430,0.020,0.070,
 0.100,0.040,0.000,0.030,0.020,0.000,0.030,0.090,0.640,0.280,0.070,0.010,
 0.030,0.000,0.110,0.040,0.110,0.030,0.190,0.200,0.000,0.000,0.010,0.000,
 0.190,0.010,0.020,0.290,0.420,0.020,0.000,0.010,0.000,0.120,0.840,0.070,
 0.130,0.020,0.060,0.300]
Training Group Acc: [0.728,0.588,0.393]
Epoch [64] Training Results: Prec@1 67.580 Prec@5 93.120 Loss 1.08041
Epoch [64] Training Class Recall: [0.000,0.375,0.000,0.553,0.561,0.700,0.160,0.787,0.609,0.488,0.533,0.526,
 0.375,0.409,0.571,0.077,0.364,0.500,0.417,0.692,0.884,0.767,0.898,0.705,
 0.766,0.674,0.780,0.863,0.530,0.000,0.250,0.500,0.691,0.567,0.462,0.727,
 0.727,0.567,0.803,0.500,0.524,0.424,0.607,0.615,0.105,0.500,0.429,0.409,
 0.583,0.571,0.400,0.000,0.643,0.591,0.750,0.785,0.750,0.571,0.615,0.667,
 0.500,0.662,0.436,0.345,0.571,0.618,0.894,0.822,0.583,0.545,0.542,0.222,
 0.631,0.818,0.600,0.840,0.787,0.763,0.270,0.524,0.444,0.615,0.723,0.629,
 0.591,0.686,0.735,0.222,0.000,0.381,0.000,0.420,0.892,0.562,0.789,0.478,
 0.562,0.794]
Testing Group Acc: [0.345,0.110,0.031]
Epoch [64] Testing Results: Prec@1 12.160 Prec@5 29.190 Loss 7.98809
Epoch [64] Testing Class Recall: [0.000,0.040,0.000,0.040,0.050,0.000,0.000,0.030,0.430,0.130,0.040,0.010,
 0.050,0.000,0.070,0.010,0.030,0.050,0.290,0.000,0.010,0.550,0.160,0.640,
 0.030,0.350,0.380,0.470,0.410,0.090,0.000,0.000,0.040,0.350,0.140,0.020,
 0.000,0.020,0.130,0.210,0.000,0.030,0.080,0.170,0.070,0.000,0.000,0.230,
 0.130,0.050,0.020,0.010,0.080,0.000,0.040,0.060,0.010,0.360,0.070,0.050,
 0.000,0.040,0.020,0.070,0.000,0.000,0.030,0.250,0.790,0.380,0.050,0.080,
 0.030,0.000,0.210,0.130,0.110,0.040,0.150,0.230,0.000,0.010,0.000,0.010,
 0.210,0.010,0.000,0.320,0.780,0.120,0.000,0.030,0.000,0.030,0.740,0.150,
 0.060,0.020,0.090,0.240]
Training Group Acc: [0.759,0.596,0.424]
Epoch [65] Training Results: Prec@1 69.780 Prec@5 93.860 Loss 1.00064
Epoch [65] Training Class Recall: [0.000,0.375,0.200,0.526,0.553,0.733,0.160,0.883,0.783,0.512,0.333,0.368,
 0.375,0.386,0.238,0.385,0.545,0.616,0.500,0.692,0.870,0.700,0.931,0.773,
 0.738,0.663,0.814,0.914,0.650,0.000,0.000,0.462,0.764,0.567,0.692,0.636,
 0.545,0.493,0.848,0.571,0.476,0.485,0.643,0.588,0.368,0.667,0.571,0.500,
 0.542,0.357,0.400,0.000,0.786,0.545,0.875,0.769,0.625,0.476,0.692,0.778,
 0.750,0.646,0.333,0.345,0.429,0.711,0.953,0.863,0.667,0.545,0.458,0.333,
 0.718,0.636,0.700,0.693,0.787,0.807,0.297,0.571,0.556,0.462,0.752,0.657,
 0.455,0.824,0.794,0.500,0.000,0.524,0.000,0.480,0.946,0.719,0.789,0.304,
 0.562,0.841]
Testing Group Acc: [0.321,0.141,0.039]
Epoch [65] Testing Results: Prec@1 13.490 Prec@5 32.270 Loss 7.44745
Epoch [65] Testing Class Recall: [0.000,0.000,0.000,0.040,0.160,0.030,0.000,0.040,0.500,0.110,0.090,0.020,
 0.080,0.010,0.100,0.020,0.020,0.150,0.110,0.000,0.040,0.300,0.230,0.790,
 0.060,0.430,0.310,0.190,0.390,0.100,0.000,0.000,0.020,0.320,0.180,0.010,
 0.070,0.080,0.160,0.310,0.010,0.040,0.080,0.290,0.210,0.020,0.000,0.070,
 0.030,0.190,0.050,0.000,0.030,0.000,0.060,0.140,0.010,0.460,0.360,0.050,
 0.190,0.020,0.060,0.210,0.030,0.000,0.020,0.130,0.600,0.420,0.100,0.090,
 0.030,0.000,0.140,0.150,0.200,0.130,0.320,0.160,0.000,0.010,0.000,0.050,
 0.260,0.080,0.000,0.280,0.590,0.010,0.000,0.020,0.000,0.030,0.730,0.240,
 0.050,0.090,0.130,0.350]
Training Group Acc: [0.796,0.667,0.556]
Epoch [66] Training Results: Prec@1 74.260 Prec@5 95.740 Loss 0.84632
Epoch [66] Training Class Recall: [1.000,0.375,0.400,0.711,0.634,0.767,0.240,0.840,0.870,0.558,0.467,0.632,
 0.375,0.568,0.571,0.385,0.455,0.625,0.417,0.692,0.862,0.842,0.923,0.795,
 0.793,0.733,0.783,0.886,0.735,0.500,0.250,0.346,0.782,0.600,0.615,0.727,
 0.636,0.642,0.909,0.571,0.524,0.455,0.696,0.720,0.263,0.625,0.500,0.682,
 0.625,0.357,0.600,1.000,0.714,0.693,0.750,0.846,0.708,0.714,0.769,0.722,
 1.000,0.708,0.513,0.310,0.643,0.776,0.965,0.849,0.833,0.727,0.583,0.333,
 0.699,0.818,0.700,0.880,0.830,0.868,0.351,0.619,0.444,0.692,0.792,0.743,
 0.455,0.804,0.800,0.278,1.000,0.524,0.000,0.600,0.964,0.750,0.526,0.609,
 0.438,0.873]
Testing Group Acc: [0.329,0.103,0.033]
Epoch [66] Testing Results: Prec@1 11.650 Prec@5 28.750 Loss 8.73160
Epoch [66] Testing Class Recall: [0.000,0.020,0.010,0.020,0.190,0.100,0.000,0.020,0.350,0.110,0.070,0.000,
 0.060,0.000,0.030,0.040,0.000,0.070,0.210,0.000,0.020,0.390,0.170,0.750,
 0.140,0.300,0.290,0.690,0.370,0.190,0.000,0.000,0.080,0.270,0.130,0.010,
 0.030,0.010,0.000,0.150,0.000,0.010,0.040,0.120,0.240,0.020,0.000,0.140,
 0.250,0.030,0.050,0.010,0.000,0.000,0.040,0.060,0.020,0.340,0.210,0.030,
 0.090,0.010,0.000,0.110,0.010,0.000,0.100,0.080,0.620,0.300,0.060,0.120,
 0.070,0.000,0.140,0.060,0.140,0.030,0.180,0.150,0.010,0.000,0.010,0.010,
 0.260,0.050,0.050,0.330,0.380,0.040,0.000,0.000,0.000,0.110,0.650,0.170,
 0.040,0.040,0.110,0.220]
Training Group Acc: [0.824,0.692,0.543]
Epoch [67] Training Results: Prec@1 76.960 Prec@5 96.760 Loss 0.76065
Epoch [67] Training Class Recall: [0.000,0.500,0.000,0.658,0.659,0.733,0.200,0.883,0.783,0.744,0.667,0.579,
 0.625,0.500,0.714,0.538,0.636,0.723,0.417,0.731,0.891,0.875,0.947,0.795,
 0.841,0.743,0.839,0.920,0.701,0.500,0.250,0.577,0.800,0.700,0.615,0.682,
 0.545,0.612,0.894,0.714,0.429,0.545,0.679,0.725,0.316,0.750,0.714,0.727,
 0.708,0.429,0.200,1.000,0.750,0.682,0.875,0.846,0.833,0.762,0.923,0.806,
 0.750,0.723,0.410,0.414,0.571,0.776,0.965,0.863,0.708,1.000,0.604,0.111,
 0.777,0.909,0.900,0.840,0.809,0.886,0.405,0.667,0.889,0.769,0.842,0.714,
 0.545,0.843,0.845,0.333,0.000,0.619,0.000,0.620,0.919,0.844,0.684,0.609,
 0.500,0.881]
Testing Group Acc: [0.367,0.067,0.014]
Epoch [67] Testing Results: Prec@1 9.900 Prec@5 25.370 Loss 11.56895
Epoch [67] Testing Class Recall: [0.000,0.030,0.010,0.000,0.090,0.010,0.000,0.030,0.450,0.060,0.060,0.000,
 0.060,0.000,0.060,0.010,0.050,0.020,0.480,0.010,0.040,0.700,0.500,0.770,
 0.130,0.140,0.160,0.830,0.450,0.110,0.000,0.000,0.060,0.210,0.010,0.010,
 0.000,0.010,0.000,0.100,0.000,0.000,0.020,0.040,0.180,0.000,0.000,0.090,
 0.000,0.020,0.000,0.010,0.010,0.020,0.010,0.090,0.020,0.180,0.010,0.020,
 0.000,0.020,0.000,0.100,0.010,0.000,0.010,0.020,0.420,0.240,0.010,0.040,
 0.030,0.000,0.070,0.000,0.050,0.010,0.150,0.110,0.010,0.030,0.010,0.060,
 0.410,0.000,0.070,0.140,0.380,0.020,0.000,0.010,0.000,0.000,0.580,0.150,
 0.030,0.040,0.010,0.280]
Training Group Acc: [0.753,0.589,0.414]
Epoch [68] Training Results: Prec@1 68.240 Prec@5 93.380 Loss 1.03979
Epoch [68] Training Class Recall: [1.000,0.500,0.000,0.684,0.634,0.733,0.320,0.787,0.609,0.442,0.400,0.526,
 0.375,0.477,0.381,0.462,0.727,0.509,0.333,0.654,0.884,0.783,0.882,0.750,
 0.834,0.722,0.721,0.891,0.573,0.000,0.250,0.423,0.709,0.533,0.462,0.727,
 0.545,0.627,0.848,0.643,0.333,0.576,0.554,0.643,0.158,0.667,0.357,0.636,
 0.625,0.357,0.400,0.000,0.643,0.636,0.625,0.738,0.583,0.524,0.692,0.722,
 0.500,0.554,0.410,0.276,0.714,0.658,0.918,0.808,0.708,0.182,0.542,0.333,
 0.660,0.545,0.500,0.680,0.681,0.737,0.324,0.571,0.556,0.692,0.792,0.629,
 0.364,0.529,0.813,0.167,0.000,0.524,0.000,0.420,0.955,0.656,0.684,0.478,
 0.375,0.770]
Testing Group Acc: [0.361,0.111,0.033]
Epoch [68] Testing Results: Prec@1 12.540 Prec@5 30.660 Loss 7.85895
Epoch [68] Testing Class Recall: [0.000,0.140,0.010,0.050,0.210,0.060,0.000,0.070,0.410,0.170,0.040,0.000,
 0.120,0.010,0.060,0.070,0.010,0.040,0.240,0.010,0.030,0.790,0.340,0.710,
 0.140,0.290,0.370,0.270,0.590,0.130,0.000,0.000,0.090,0.260,0.250,0.060,
 0.000,0.000,0.000,0.070,0.000,0.020,0.040,0.100,0.150,0.010,0.000,0.230,
 0.090,0.100,0.020,0.050,0.030,0.010,0.030,0.040,0.040,0.270,0.030,0.030,
 0.040,0.080,0.030,0.050,0.040,0.010,0.020,0.090,0.490,0.370,0.030,0.070,
 0.070,0.000,0.130,0.040,0.060,0.070,0.150,0.220,0.050,0.020,0.010,0.050,
 0.280,0.210,0.060,0.550,0.190,0.090,0.000,0.040,0.010,0.020,0.820,0.120,
 0.050,0.010,0.100,0.400]
Training Group Acc: [0.758,0.609,0.489]
Epoch [69] Training Results: Prec@1 69.840 Prec@5 93.780 Loss 1.03392
Epoch [69] Training Class Recall: [0.000,0.125,0.400,0.684,0.602,0.500,0.200,0.798,0.783,0.558,0.467,0.632,
 0.125,0.500,0.667,0.462,0.545,0.518,0.417,0.808,0.855,0.842,0.898,0.818,
 0.800,0.706,0.752,0.891,0.573,1.000,0.125,0.385,0.709,0.650,0.538,0.591,
 0.364,0.537,0.803,0.429,0.381,0.485,0.750,0.599,0.158,0.500,0.571,0.591,
 0.667,0.500,0.200,0.000,0.607,0.659,0.875,0.846,0.708,0.714,0.769,0.667,
 1.000,0.523,0.333,0.276,0.571,0.763,0.941,0.863,0.792,0.818,0.646,0.333,
 0.699,1.000,0.600,0.760,0.649,0.833,0.189,0.619,0.444,0.538,0.822,0.514,
 0.227,0.686,0.755,0.389,1.000,0.571,0.000,0.400,0.937,0.719,0.737,0.609,
 0.500,0.810]
Testing Group Acc: [0.302,0.083,0.021]
Epoch [69] Testing Results: Prec@1 9.760 Prec@5 26.270 Loss 9.29789
Epoch [69] Testing Class Recall: [0.000,0.080,0.000,0.010,0.070,0.030,0.000,0.000,0.430,0.000,0.020,0.000,
 0.090,0.000,0.270,0.020,0.000,0.040,0.290,0.000,0.020,0.550,0.160,0.650,
 0.030,0.140,0.500,0.630,0.300,0.120,0.000,0.000,0.050,0.250,0.080,0.020,
 0.000,0.010,0.030,0.110,0.000,0.000,0.040,0.060,0.130,0.010,0.000,0.300,
 0.070,0.070,0.000,0.010,0.000,0.080,0.060,0.010,0.010,0.120,0.010,0.040,
 0.010,0.010,0.000,0.170,0.030,0.010,0.020,0.100,0.290,0.210,0.010,0.050,
 0.010,0.000,0.130,0.000,0.110,0.030,0.350,0.210,0.000,0.020,0.010,0.030,
 0.290,0.060,0.010,0.250,0.180,0.020,0.000,0.030,0.000,0.060,0.580,0.170,
 0.050,0.010,0.020,0.200]
Training Group Acc: [0.806,0.692,0.506]
Epoch [70] Training Results: Prec@1 75.620 Prec@5 96.540 Loss 0.80042
Epoch [70] Training Class Recall: [0.000,0.500,0.400,0.605,0.732,0.833,0.320,0.904,0.826,0.581,0.400,0.579,
 0.375,0.659,0.619,0.385,0.636,0.634,0.250,0.577,0.891,0.883,0.947,0.761,
 0.814,0.786,0.827,0.874,0.675,0.000,0.375,0.615,0.836,0.650,0.615,0.727,
 0.727,0.627,0.939,0.286,0.476,0.545,0.607,0.659,0.421,0.833,0.571,0.545,
 0.833,0.571,0.600,0.000,0.607,0.670,0.750,0.785,0.917,0.857,0.846,0.667,
 1.000,0.800,0.590,0.552,0.429,0.737,0.929,0.890,0.792,0.727,0.583,0.222,
 0.796,0.727,0.900,0.800,0.755,0.860,0.459,0.571,0.778,0.769,0.782,0.629,
 0.500,0.843,0.832,0.500,0.000,0.714,0.667,0.520,0.919,0.812,0.684,0.609,
 0.500,0.794]
Testing Group Acc: [0.372,0.087,0.022]
Epoch [70] Testing Results: Prec@1 11.220 Prec@5 27.800 Loss 8.82316
Epoch [70] Testing Class Recall: [0.000,0.010,0.000,0.000,0.070,0.030,0.000,0.000,0.390,0.080,0.070,0.000,
 0.060,0.000,0.110,0.020,0.010,0.020,0.310,0.000,0.050,0.400,0.460,0.910,
 0.140,0.370,0.460,0.340,0.490,0.150,0.000,0.000,0.120,0.280,0.050,0.010,
 0.010,0.000,0.070,0.130,0.010,0.010,0.070,0.150,0.160,0.020,0.000,0.080,
 0.080,0.070,0.050,0.010,0.020,0.000,0.060,0.030,0.020,0.160,0.000,0.030,
 0.030,0.030,0.000,0.090,0.020,0.000,0.000,0.140,0.480,0.220,0.130,0.030,
 0.010,0.000,0.060,0.090,0.040,0.050,0.280,0.130,0.050,0.000,0.010,0.060,
 0.270,0.060,0.040,0.130,0.620,0.050,0.000,0.010,0.000,0.030,0.810,0.060,
 0.160,0.000,0.060,0.320]
Training Group Acc: [0.791,0.605,0.493]
Epoch [71] Training Results: Prec@1 71.380 Prec@5 94.340 Loss 0.97456
Epoch [71] Training Class Recall: [0.000,0.000,0.200,0.526,0.545,0.800,0.200,0.851,0.696,0.558,0.600,0.526,
 0.625,0.500,0.381,0.385,0.727,0.625,0.667,0.769,0.862,0.875,0.923,0.670,
 0.848,0.765,0.715,0.897,0.718,1.000,0.000,0.500,0.709,0.550,0.769,0.591,
 0.455,0.522,0.879,0.500,0.333,0.636,0.696,0.692,0.368,0.500,0.643,0.727,
 0.542,0.429,0.400,0.000,0.607,0.534,0.625,0.800,0.625,0.667,0.846,0.750,
 0.750,0.662,0.333,0.345,0.286,0.658,0.906,0.822,0.583,0.909,0.646,0.333,
 0.718,0.818,0.900,0.733,0.745,0.851,0.405,0.476,0.556,0.692,0.832,0.571,
 0.409,0.765,0.832,0.278,0.000,0.429,0.000,0.400,0.946,0.719,0.789,0.696,
 0.688,0.810]
Testing Group Acc: [0.304,0.103,0.034]
Epoch [71] Testing Results: Prec@1 11.250 Prec@5 29.010 Loss 9.01846
Epoch [71] Testing Class Recall: [0.000,0.080,0.000,0.040,0.040,0.020,0.000,0.020,0.220,0.130,0.030,0.030,
 0.140,0.000,0.080,0.050,0.000,0.200,0.190,0.000,0.030,0.710,0.310,0.700,
 0.290,0.260,0.280,0.680,0.390,0.160,0.000,0.000,0.050,0.120,0.140,0.040,
 0.000,0.000,0.020,0.090,0.000,0.050,0.070,0.250,0.240,0.000,0.000,0.210,
 0.020,0.210,0.000,0.020,0.010,0.000,0.120,0.160,0.050,0.110,0.020,0.140,
 0.010,0.010,0.040,0.080,0.050,0.000,0.090,0.100,0.610,0.140,0.060,0.030,
 0.040,0.000,0.090,0.050,0.150,0.000,0.140,0.150,0.010,0.060,0.000,0.120,
 0.140,0.120,0.090,0.370,0.260,0.030,0.000,0.010,0.000,0.140,0.370,0.090,
 0.020,0.050,0.110,0.200]
Training Group Acc: [0.771,0.623,0.448]
Epoch [72] Training Results: Prec@1 71.140 Prec@5 94.400 Loss 0.96859
Epoch [72] Training Class Recall: [1.000,0.625,0.200,0.711,0.683,0.600,0.280,0.851,0.696,0.512,0.533,0.474,
 0.125,0.500,0.571,0.308,0.455,0.562,0.500,0.500,0.870,0.825,0.943,0.750,
 0.821,0.722,0.824,0.886,0.667,0.500,0.000,0.577,0.673,0.550,0.385,0.682,
 0.455,0.627,0.879,0.500,0.429,0.545,0.679,0.687,0.211,0.708,0.571,0.682,
 0.708,0.357,0.200,0.000,0.607,0.568,0.750,0.769,0.625,0.619,0.692,0.750,
 1.000,0.754,0.359,0.448,0.714,0.632,0.894,0.767,0.583,0.727,0.542,0.222,
 0.689,0.727,0.400,0.813,0.787,0.868,0.324,0.571,0.444,0.692,0.743,0.629,
 0.455,0.706,0.761,0.278,0.000,0.571,0.000,0.540,0.739,0.688,0.632,0.565,
 0.562,0.825]
Testing Group Acc: [0.361,0.089,0.025]
Epoch [72] Testing Results: Prec@1 11.230 Prec@5 27.040 Loss 9.79287
Epoch [72] Testing Class Recall: [0.000,0.030,0.010,0.040,0.120,0.020,0.000,0.030,0.250,0.100,0.010,0.000,
 0.100,0.000,0.240,0.020,0.020,0.140,0.230,0.000,0.030,0.830,0.340,0.800,
 0.170,0.530,0.420,0.490,0.470,0.240,0.000,0.000,0.000,0.330,0.160,0.010,
 0.010,0.030,0.040,0.110,0.000,0.050,0.010,0.040,0.090,0.000,0.000,0.060,
 0.040,0.000,0.030,0.030,0.010,0.000,0.010,0.070,0.040,0.130,0.030,0.030,
 0.020,0.040,0.000,0.110,0.020,0.020,0.060,0.140,0.640,0.260,0.070,0.080,
 0.040,0.000,0.110,0.050,0.080,0.010,0.030,0.100,0.070,0.070,0.000,0.060,
 0.170,0.000,0.000,0.470,0.100,0.010,0.000,0.010,0.010,0.030,0.750,0.110,
 0.070,0.020,0.010,0.350]
Training Group Acc: [0.802,0.666,0.496]
Epoch [73] Training Results: Prec@1 74.120 Prec@5 95.780 Loss 0.85656
Epoch [73] Training Class Recall: [0.000,0.500,0.200,0.632,0.642,0.733,0.360,0.872,0.522,0.628,0.533,0.684,
 0.625,0.568,0.667,0.462,0.455,0.643,0.417,0.808,0.913,0.833,0.931,0.818,
 0.814,0.775,0.805,0.880,0.718,0.000,0.250,0.346,0.745,0.583,0.308,0.818,
 0.636,0.582,0.848,0.500,0.619,0.455,0.750,0.692,0.158,0.667,0.500,0.727,
 0.667,0.429,0.200,1.000,0.643,0.636,1.000,0.831,0.750,0.619,0.923,0.750,
 0.750,0.677,0.513,0.517,0.571,0.763,0.953,0.808,0.833,0.727,0.604,0.222,
 0.786,0.727,0.600,0.813,0.670,0.877,0.243,0.667,0.889,0.462,0.782,0.571,
 0.455,0.784,0.826,0.444,0.000,0.667,0.667,0.640,0.946,0.844,0.579,0.652,
 0.438,0.770]
Testing Group Acc: [0.346,0.122,0.024]
Epoch [73] Testing Results: Prec@1 12.510 Prec@5 29.620 Loss 8.97272
Epoch [73] Testing Class Recall: [0.000,0.030,0.000,0.000,0.180,0.060,0.000,0.060,0.500,0.150,0.090,0.010,
 0.070,0.000,0.390,0.000,0.010,0.020,0.190,0.000,0.100,0.610,0.270,0.710,
 0.080,0.400,0.250,0.630,0.340,0.170,0.000,0.000,0.110,0.390,0.130,0.050,
 0.000,0.010,0.000,0.150,0.010,0.000,0.140,0.030,0.210,0.030,0.000,0.160,
 0.060,0.080,0.050,0.040,0.000,0.020,0.100,0.020,0.010,0.330,0.290,0.020,
 0.030,0.020,0.020,0.060,0.020,0.010,0.060,0.090,0.550,0.400,0.040,0.070,
 0.020,0.000,0.050,0.120,0.080,0.040,0.190,0.160,0.010,0.000,0.010,0.030,
 0.240,0.040,0.020,0.340,0.330,0.050,0.000,0.000,0.000,0.050,0.750,0.400,
 0.020,0.020,0.020,0.390]
Training Group Acc: [0.819,0.685,0.614]
Epoch [74] Training Results: Prec@1 76.620 Prec@5 95.980 Loss 0.79105
Epoch [74] Training Class Recall: [0.000,0.500,0.400,0.632,0.699,0.667,0.360,0.926,0.826,0.605,0.467,0.632,
 0.500,0.636,0.714,0.615,0.727,0.607,0.583,0.538,0.935,0.825,0.935,0.852,
 0.786,0.797,0.827,0.863,0.735,1.000,0.125,0.615,0.673,0.650,0.846,0.773,
 0.727,0.657,0.955,0.714,0.667,0.606,0.696,0.747,0.316,0.833,0.714,0.591,
 0.625,0.714,0.600,1.000,0.643,0.705,1.000,0.800,0.917,0.619,0.846,0.778,
 0.750,0.708,0.436,0.517,0.643,0.711,0.965,0.890,0.708,0.455,0.625,0.222,
 0.748,0.727,0.800,0.800,0.809,0.895,0.324,0.714,0.667,0.615,0.851,0.771,
 0.636,0.706,0.819,0.500,1.000,0.571,0.000,0.520,0.955,0.688,0.789,0.522,
 0.688,0.897]
Testing Group Acc: [0.314,0.118,0.027]
Epoch [74] Testing Results: Prec@1 11.870 Prec@5 28.090 Loss 8.65633
Epoch [74] Testing Class Recall: [0.000,0.030,0.000,0.000,0.070,0.010,0.000,0.000,0.270,0.060,0.160,0.000,
 0.040,0.000,0.150,0.000,0.000,0.010,0.230,0.000,0.090,0.420,0.260,0.750,
 0.070,0.280,0.290,0.460,0.550,0.120,0.000,0.000,0.230,0.240,0.270,0.000,
 0.000,0.030,0.050,0.180,0.000,0.010,0.050,0.030,0.180,0.010,0.000,0.110,
 0.030,0.080,0.050,0.020,0.010,0.010,0.030,0.030,0.000,0.290,0.150,0.050,
 0.040,0.120,0.030,0.090,0.040,0.000,0.040,0.220,0.630,0.440,0.120,0.120,
 0.050,0.000,0.110,0.220,0.080,0.070,0.260,0.130,0.070,0.000,0.010,0.030,
 0.350,0.100,0.000,0.390,0.210,0.020,0.000,0.020,0.010,0.030,0.500,0.240,
 0.140,0.010,0.050,0.420]
Training Group Acc: [0.778,0.646,0.494]
Epoch [75] Training Results: Prec@1 72.620 Prec@5 95.220 Loss 0.89676
Epoch [75] Training Class Recall: [0.000,0.750,0.400,0.526,0.472,0.700,0.120,0.830,0.739,0.535,0.533,0.368,
 0.125,0.614,0.571,0.385,0.636,0.634,0.167,0.538,0.913,0.850,0.943,0.750,
 0.759,0.770,0.824,0.851,0.701,0.000,0.375,0.577,0.782,0.633,0.385,0.773,
 0.364,0.687,0.879,0.500,0.381,0.667,0.661,0.659,0.263,0.667,0.643,0.636,
 0.708,0.429,0.200,1.000,0.750,0.670,0.625,0.769,0.583,0.619,0.692,0.861,
 1.000,0.785,0.462,0.517,0.643,0.724,0.976,0.836,0.708,0.818,0.646,0.111,
 0.757,0.727,0.800,0.813,0.798,0.816,0.324,0.524,0.333,0.462,0.723,0.600,
 0.455,0.706,0.774,0.278,1.000,0.476,0.667,0.440,0.928,0.844,0.737,0.522,
 0.375,0.849]
Testing Group Acc: [0.313,0.060,0.012]
Epoch [75] Testing Results: Prec@1 8.580 Prec@5 22.320 Loss 12.40372
Epoch [75] Testing Class Recall: [0.000,0.060,0.000,0.050,0.370,0.040,0.000,0.020,0.440,0.010,0.020,0.010,
 0.010,0.000,0.070,0.000,0.000,0.000,0.050,0.000,0.050,0.620,0.140,0.810,
 0.030,0.210,0.220,0.670,0.420,0.190,0.000,0.000,0.010,0.130,0.030,0.000,
 0.010,0.000,0.000,0.100,0.000,0.020,0.040,0.160,0.120,0.000,0.000,0.020,
 0.090,0.050,0.000,0.010,0.010,0.010,0.000,0.040,0.010,0.260,0.010,0.010,
 0.020,0.050,0.020,0.130,0.010,0.020,0.000,0.020,0.310,0.170,0.010,0.050,
 0.040,0.000,0.210,0.010,0.040,0.090,0.070,0.120,0.000,0.010,0.000,0.010,
 0.070,0.010,0.000,0.190,0.340,0.000,0.000,0.010,0.000,0.030,0.430,0.020,
 0.000,0.020,0.070,0.330]
Training Group Acc: [0.783,0.606,0.502]
Epoch [76] Training Results: Prec@1 71.060 Prec@5 94.340 Loss 0.98352
Epoch [76] Training Class Recall: [0.000,0.375,0.600,0.632,0.642,0.733,0.360,0.830,0.739,0.512,0.600,0.737,
 0.625,0.523,0.524,0.462,0.545,0.589,0.417,0.692,0.899,0.808,0.890,0.682,
 0.814,0.743,0.811,0.886,0.778,0.000,0.375,0.500,0.673,0.633,0.615,0.455,
 0.364,0.507,0.894,0.571,0.476,0.606,0.643,0.648,0.211,0.625,0.714,0.682,
 0.458,0.571,0.400,1.000,0.571,0.614,0.625,0.692,0.667,0.667,0.692,0.611,
 1.000,0.692,0.410,0.517,0.429,0.632,0.929,0.863,0.708,0.818,0.583,0.333,
 0.650,0.636,0.600,0.773,0.628,0.825,0.270,0.667,0.556,0.538,0.733,0.571,
 0.409,0.784,0.774,0.333,0.000,0.476,0.333,0.480,0.955,0.594,0.684,0.304,
 0.312,0.865]
Testing Group Acc: [0.354,0.126,0.034]
Epoch [76] Testing Results: Prec@1 13.140 Prec@5 31.700 Loss 8.08395
Epoch [76] Testing Class Recall: [0.000,0.030,0.000,0.050,0.150,0.050,0.000,0.010,0.280,0.140,0.030,0.050,
 0.090,0.000,0.120,0.050,0.050,0.070,0.180,0.000,0.080,0.520,0.270,0.860,
 0.150,0.320,0.330,0.360,0.480,0.230,0.000,0.000,0.040,0.430,0.200,0.010,
 0.070,0.050,0.080,0.110,0.010,0.090,0.030,0.370,0.100,0.020,0.000,0.120,
 0.040,0.030,0.040,0.030,0.000,0.010,0.220,0.130,0.010,0.320,0.020,0.020,
 0.150,0.030,0.030,0.140,0.070,0.030,0.010,0.100,0.620,0.330,0.100,0.080,
 0.060,0.000,0.110,0.020,0.120,0.040,0.460,0.140,0.000,0.030,0.000,0.040,
 0.320,0.140,0.020,0.190,0.530,0.070,0.000,0.020,0.000,0.050,0.740,0.090,
 0.030,0.100,0.200,0.380]
Training Group Acc: [0.813,0.663,0.490]
Epoch [77] Training Results: Prec@1 75.000 Prec@5 95.680 Loss 0.83184
Epoch [77] Training Class Recall: [0.000,0.250,0.400,0.711,0.634,0.733,0.440,0.915,0.739,0.628,0.533,0.789,
 0.250,0.523,0.524,0.462,0.545,0.714,0.583,0.885,0.877,0.808,0.955,0.761,
 0.821,0.770,0.827,0.914,0.769,0.500,0.125,0.500,0.709,0.583,0.538,0.727,
 0.455,0.716,0.758,0.429,0.524,0.606,0.732,0.736,0.316,0.625,0.429,0.727,
 0.583,0.571,0.400,0.000,0.750,0.705,0.750,0.800,0.792,0.714,0.923,0.694,
 0.000,0.662,0.487,0.517,0.571,0.632,0.976,0.822,0.792,0.909,0.583,0.111,
 0.738,0.636,0.900,0.720,0.809,0.877,0.405,0.571,0.556,0.846,0.743,0.600,
 0.500,0.745,0.845,0.389,1.000,0.524,0.000,0.480,0.910,0.656,0.737,0.565,
 0.750,0.889]
Testing Group Acc: [0.358,0.142,0.058]
Epoch [77] Testing Results: Prec@1 14.830 Prec@5 34.190 Loss 7.17611
Epoch [77] Testing Class Recall: [0.000,0.020,0.000,0.010,0.220,0.100,0.000,0.020,0.480,0.040,0.060,0.080,
 0.160,0.040,0.090,0.070,0.020,0.160,0.330,0.000,0.090,0.630,0.330,0.750,
 0.150,0.180,0.380,0.290,0.290,0.110,0.000,0.010,0.110,0.400,0.150,0.090,
 0.080,0.030,0.140,0.120,0.000,0.110,0.120,0.230,0.360,0.000,0.000,0.270,
 0.150,0.060,0.020,0.140,0.030,0.020,0.100,0.040,0.040,0.390,0.240,0.110,
 0.130,0.080,0.070,0.150,0.100,0.020,0.060,0.130,0.730,0.290,0.070,0.040,
 0.000,0.000,0.120,0.090,0.260,0.050,0.290,0.280,0.030,0.020,0.010,0.070,
 0.290,0.180,0.000,0.460,0.440,0.040,0.000,0.010,0.010,0.100,0.830,0.140,
 0.090,0.030,0.210,0.250]
Training Group Acc: [0.821,0.674,0.508]
Epoch [78] Training Results: Prec@1 75.600 Prec@5 96.060 Loss 0.82259
Epoch [78] Training Class Recall: [0.000,0.375,0.000,0.684,0.715,0.767,0.400,0.872,0.870,0.628,0.667,0.632,
 0.750,0.682,0.667,0.231,0.364,0.714,0.500,0.654,0.870,0.817,0.951,0.807,
 0.766,0.770,0.817,0.931,0.744,0.500,0.375,0.500,0.782,0.667,0.615,0.864,
 0.545,0.582,0.848,0.500,0.524,0.667,0.661,0.808,0.316,0.667,0.500,0.500,
 0.625,0.357,0.400,1.000,0.750,0.625,0.750,0.800,0.875,0.667,0.769,0.778,
 1.000,0.754,0.462,0.621,0.786,0.632,0.953,0.863,0.708,0.818,0.312,0.222,
 0.738,0.545,0.600,0.787,0.830,0.886,0.270,0.714,0.667,0.692,0.782,0.686,
 0.500,0.706,0.839,0.333,0.000,0.381,0.000,0.540,0.946,0.844,0.789,0.696,
 0.688,0.865]
Testing Group Acc: [0.374,0.109,0.034]
Epoch [78] Testing Results: Prec@1 12.730 Prec@5 30.400 Loss 8.08412
Epoch [78] Testing Class Recall: [0.000,0.040,0.030,0.010,0.200,0.050,0.000,0.030,0.480,0.120,0.050,0.050,
 0.110,0.010,0.170,0.040,0.030,0.100,0.260,0.030,0.060,0.680,0.340,0.650,
 0.090,0.290,0.260,0.680,0.410,0.200,0.000,0.010,0.000,0.440,0.130,0.040,
 0.010,0.050,0.010,0.090,0.010,0.020,0.090,0.240,0.220,0.030,0.000,0.080,
 0.050,0.050,0.000,0.100,0.010,0.010,0.010,0.050,0.050,0.250,0.160,0.040,
 0.000,0.040,0.030,0.110,0.040,0.030,0.010,0.130,0.770,0.300,0.030,0.020,
 0.050,0.000,0.160,0.010,0.130,0.030,0.110,0.120,0.010,0.060,0.000,0.130,
 0.360,0.080,0.110,0.250,0.370,0.060,0.000,0.010,0.000,0.080,0.820,0.050,
 0.010,0.080,0.070,0.340]
Training Group Acc: [0.834,0.674,0.555]
Epoch [79] Training Results: Prec@1 76.520 Prec@5 96.460 Loss 0.77009
Epoch [79] Training Class Recall: [0.000,0.625,0.400,0.658,0.691,0.900,0.240,0.862,0.739,0.698,0.467,0.579,
 0.625,0.591,0.619,0.615,0.909,0.714,0.250,0.731,0.906,0.892,0.943,0.784,
 0.821,0.786,0.864,0.937,0.778,0.500,0.250,0.500,0.873,0.533,0.615,0.818,
 0.727,0.597,0.894,0.643,0.476,0.636,0.768,0.753,0.158,0.750,0.643,0.727,
 0.583,0.500,0.400,0.000,0.679,0.705,0.875,0.831,0.792,0.714,0.846,0.778,
 1.000,0.754,0.462,0.517,0.571,0.750,0.953,0.836,0.750,0.818,0.583,0.111,
 0.728,0.727,0.800,0.733,0.670,0.860,0.405,0.714,0.444,0.692,0.812,0.629,
 0.591,0.706,0.852,0.389,1.000,0.476,0.333,0.420,0.964,0.656,0.737,0.609,
 0.625,0.873]
Testing Group Acc: [0.363,0.093,0.024]
Epoch [79] Testing Results: Prec@1 11.440 Prec@5 28.180 Loss 9.43529
Epoch [79] Testing Class Recall: [0.000,0.010,0.000,0.050,0.230,0.030,0.000,0.020,0.180,0.080,0.110,0.010,
 0.060,0.000,0.210,0.020,0.010,0.060,0.240,0.020,0.110,0.650,0.290,0.830,
 0.190,0.430,0.340,0.290,0.480,0.260,0.000,0.000,0.020,0.240,0.130,0.040,
 0.020,0.050,0.030,0.110,0.000,0.030,0.030,0.110,0.180,0.000,0.000,0.060,
 0.060,0.000,0.000,0.010,0.020,0.010,0.020,0.050,0.020,0.320,0.040,0.030,
 0.020,0.040,0.000,0.140,0.020,0.000,0.010,0.040,0.440,0.370,0.130,0.100,
 0.080,0.000,0.180,0.220,0.080,0.050,0.150,0.200,0.010,0.010,0.000,0.010,
 0.290,0.000,0.030,0.490,0.340,0.010,0.000,0.010,0.000,0.020,0.690,0.090,
 0.020,0.030,0.030,0.250]
Training Group Acc: [0.833,0.729,0.611]
Epoch [80] Training Results: Prec@1 79.520 Prec@5 97.660 Loss 0.63895
Epoch [80] Training Class Recall: [0.000,0.375,0.400,0.684,0.626,0.833,0.520,0.926,0.783,0.814,0.467,0.842,
 0.750,0.682,0.714,0.692,0.636,0.652,0.667,0.808,0.884,0.842,0.955,0.875,
 0.890,0.765,0.861,0.931,0.821,0.500,0.375,0.615,0.855,0.650,0.846,0.773,
 0.818,0.642,0.939,0.714,0.524,0.667,0.696,0.758,0.211,0.708,0.643,0.636,
 0.708,0.500,0.800,1.000,0.714,0.739,0.875,0.877,0.792,0.571,1.000,0.778,
 1.000,0.708,0.359,0.414,0.571,0.842,0.965,0.904,0.792,0.909,0.750,0.444,
 0.796,0.636,0.800,0.893,0.819,0.947,0.514,0.667,0.556,0.769,0.812,0.743,
 0.591,0.902,0.806,0.611,0.000,0.714,0.000,0.560,0.946,0.844,0.789,0.783,
 0.562,0.873]
Testing Group Acc: [0.297,0.112,0.016]
Epoch [80] Testing Results: Prec@1 10.890 Prec@5 27.440 Loss 10.13711
Epoch [80] Testing Class Recall: [0.000,0.010,0.000,0.100,0.460,0.000,0.000,0.050,0.310,0.040,0.030,0.000,
 0.010,0.000,0.430,0.050,0.000,0.100,0.200,0.040,0.170,0.620,0.210,0.310,
 0.160,0.380,0.280,0.420,0.300,0.280,0.000,0.000,0.030,0.250,0.330,0.000,
 0.030,0.030,0.020,0.090,0.000,0.040,0.070,0.270,0.050,0.000,0.000,0.170,
 0.050,0.070,0.000,0.010,0.010,0.010,0.010,0.140,0.040,0.430,0.140,0.010,
 0.020,0.020,0.050,0.020,0.110,0.020,0.020,0.040,0.450,0.160,0.150,0.030,
 0.040,0.000,0.160,0.040,0.020,0.050,0.060,0.140,0.080,0.070,0.000,0.040,
 0.100,0.000,0.000,0.390,0.490,0.010,0.000,0.030,0.010,0.100,0.540,0.020,
 0.030,0.000,0.010,0.110]
Training Group Acc: [0.722,0.558,0.410]
Epoch [81] Training Results: Prec@1 65.960 Prec@5 91.860 Loss 1.18188
Epoch [81] Training Class Recall: [0.000,0.625,0.200,0.526,0.472,0.300,0.240,0.862,0.609,0.581,0.467,0.579,
 0.750,0.545,0.524,0.231,0.364,0.411,0.250,0.538,0.891,0.775,0.841,0.716,
 0.669,0.733,0.768,0.851,0.709,0.000,0.000,0.385,0.673,0.617,0.538,0.636,
 0.545,0.403,0.803,0.429,0.524,0.485,0.571,0.648,0.211,0.417,0.786,0.455,
 0.583,0.429,0.000,1.000,0.357,0.420,0.500,0.769,0.667,0.571,0.692,0.583,
 0.250,0.492,0.256,0.414,0.786,0.671,0.894,0.795,0.625,0.545,0.583,0.000,
 0.689,0.636,0.600,0.667,0.702,0.781,0.324,0.476,0.556,0.308,0.772,0.486,
 0.364,0.804,0.755,0.389,0.000,0.429,0.000,0.580,0.856,0.500,0.789,0.783,
 0.500,0.659]
Testing Group Acc: [0.344,0.117,0.035]
Epoch [81] Testing Results: Prec@1 12.580 Prec@5 30.320 Loss 8.10823
Epoch [81] Testing Class Recall: [0.000,0.010,0.000,0.130,0.080,0.160,0.000,0.050,0.430,0.130,0.050,0.000,
 0.040,0.000,0.060,0.050,0.010,0.030,0.190,0.010,0.120,0.510,0.190,0.720,
 0.100,0.310,0.360,0.470,0.500,0.150,0.000,0.000,0.040,0.200,0.380,0.040,
 0.050,0.050,0.040,0.150,0.020,0.170,0.080,0.270,0.090,0.010,0.000,0.100,
 0.220,0.030,0.050,0.040,0.020,0.020,0.110,0.050,0.020,0.270,0.240,0.040,
 0.170,0.090,0.020,0.130,0.030,0.000,0.010,0.130,0.480,0.350,0.100,0.120,
 0.070,0.000,0.120,0.240,0.010,0.040,0.020,0.180,0.020,0.020,0.010,0.020,
 0.250,0.030,0.000,0.220,0.650,0.000,0.000,0.030,0.010,0.020,0.800,0.060,
 0.050,0.090,0.060,0.270]
Training Group Acc: [0.830,0.699,0.560]
Epoch [82] Training Results: Prec@1 77.500 Prec@5 96.600 Loss 0.75288
Epoch [82] Training Class Recall: [0.000,0.125,0.600,0.789,0.732,0.767,0.280,0.883,0.783,0.605,0.600,0.789,
 0.125,0.591,0.619,0.615,0.636,0.607,0.583,0.885,0.906,0.842,0.915,0.773,
 0.855,0.791,0.876,0.903,0.692,0.500,0.500,0.538,0.836,0.600,0.615,0.773,
 0.636,0.701,0.833,0.643,0.524,0.636,0.696,0.769,0.316,0.708,0.500,0.682,
 0.708,0.357,0.400,1.000,0.821,0.614,0.750,0.846,0.792,0.762,0.692,0.833,
 1.000,0.815,0.538,0.517,0.643,0.829,0.965,0.904,0.750,0.818,0.562,0.333,
 0.825,0.727,0.500,0.827,0.830,0.895,0.405,0.571,0.556,0.692,0.842,0.657,
 0.364,0.765,0.826,0.556,0.000,0.571,1.000,0.480,0.937,0.812,0.474,0.826,
 0.750,0.905]
Testing Group Acc: [0.364,0.109,0.043]
Epoch [82] Testing Results: Prec@1 12.860 Prec@5 30.420 Loss 8.95109
Epoch [82] Testing Class Recall: [0.000,0.090,0.000,0.000,0.040,0.010,0.000,0.060,0.420,0.190,0.050,0.020,
 0.160,0.000,0.110,0.010,0.060,0.020,0.380,0.000,0.030,0.740,0.440,0.630,
 0.120,0.210,0.440,0.420,0.290,0.080,0.000,0.000,0.150,0.240,0.190,0.020,
 0.030,0.010,0.010,0.080,0.010,0.000,0.120,0.100,0.260,0.020,0.000,0.200,
 0.040,0.040,0.020,0.090,0.000,0.010,0.070,0.140,0.020,0.280,0.030,0.050,
 0.030,0.030,0.040,0.130,0.030,0.000,0.030,0.060,0.600,0.380,0.070,0.040,
 0.050,0.000,0.080,0.080,0.230,0.020,0.290,0.150,0.000,0.010,0.000,0.100,
 0.470,0.010,0.020,0.360,0.460,0.150,0.000,0.010,0.000,0.010,0.810,0.250,
 0.090,0.040,0.200,0.280]
Training Group Acc: [0.862,0.740,0.610]
Epoch [83] Training Results: Prec@1 81.300 Prec@5 97.760 Loss 0.61809
Epoch [83] Training Class Recall: [0.000,0.625,0.200,0.737,0.748,0.733,0.520,0.915,0.870,0.651,0.733,0.789,
 0.750,0.773,0.714,0.462,0.636,0.750,0.583,0.769,0.928,0.933,0.955,0.841,
 0.876,0.840,0.879,0.949,0.778,0.500,0.500,0.615,0.800,0.750,0.692,0.727,
 0.727,0.687,0.848,0.643,0.619,0.727,0.821,0.791,0.421,0.750,0.500,0.727,
 0.708,0.643,0.600,1.000,0.786,0.773,0.750,0.846,0.875,0.810,0.923,0.778,
 0.750,0.815,0.641,0.552,0.643,0.776,0.965,0.849,0.833,0.818,0.729,0.556,
 0.835,0.818,0.600,0.880,0.809,0.904,0.459,0.571,0.667,0.769,0.871,0.886,
 0.364,0.804,0.877,0.500,0.000,0.571,0.333,0.660,0.937,0.812,0.842,0.652,
 0.750,0.802]
Testing Group Acc: [0.336,0.123,0.050]
Epoch [83] Testing Results: Prec@1 13.290 Prec@5 32.230 Loss 8.42191
Epoch [83] Testing Class Recall: [0.000,0.020,0.020,0.020,0.210,0.030,0.000,0.020,0.330,0.210,0.060,0.000,
 0.110,0.010,0.110,0.030,0.070,0.330,0.140,0.000,0.020,0.540,0.360,0.600,
 0.140,0.210,0.410,0.530,0.180,0.160,0.000,0.000,0.160,0.530,0.130,0.050,
 0.040,0.050,0.070,0.210,0.000,0.020,0.180,0.100,0.170,0.010,0.000,0.230,
 0.050,0.020,0.050,0.040,0.050,0.010,0.050,0.090,0.060,0.390,0.120,0.150,
 0.040,0.050,0.020,0.150,0.020,0.020,0.050,0.130,0.560,0.230,0.080,0.090,
 0.120,0.000,0.160,0.060,0.230,0.010,0.400,0.200,0.000,0.030,0.010,0.100,
 0.390,0.070,0.070,0.130,0.410,0.160,0.000,0.010,0.000,0.050,0.720,0.100,
 0.100,0.030,0.070,0.320]
Training Group Acc: [0.804,0.663,0.556]
Epoch [84] Training Results: Prec@1 74.380 Prec@5 95.600 Loss 0.85491
Epoch [84] Training Class Recall: [1.000,0.375,0.000,0.474,0.707,0.833,0.320,0.574,0.870,0.535,0.333,0.579,
 0.875,0.682,0.571,0.769,0.545,0.652,0.583,0.577,0.884,0.833,0.931,0.818,
 0.855,0.781,0.848,0.909,0.718,0.000,0.375,0.577,0.709,0.667,0.462,0.818,
 0.636,0.687,0.848,0.500,0.429,0.667,0.679,0.698,0.316,0.708,0.357,0.409,
 0.583,0.643,0.400,0.000,0.679,0.670,1.000,0.831,0.792,0.857,0.846,0.778,
 1.000,0.754,0.641,0.552,0.571,0.684,0.953,0.836,0.750,0.636,0.583,0.556,
 0.816,0.727,0.700,0.800,0.702,0.833,0.459,0.667,0.333,0.692,0.693,0.686,
 0.500,0.765,0.787,0.278,1.000,0.571,0.667,0.500,0.928,0.688,0.632,0.435,
 0.500,0.794]
Testing Group Acc: [0.351,0.116,0.050]
Epoch [84] Testing Results: Prec@1 13.200 Prec@5 32.840 Loss 8.44860
Epoch [84] Testing Class Recall: [0.000,0.070,0.010,0.040,0.080,0.040,0.000,0.010,0.460,0.100,0.070,0.110,
 0.220,0.020,0.140,0.100,0.050,0.200,0.240,0.000,0.150,0.790,0.360,0.800,
 0.140,0.410,0.220,0.240,0.400,0.330,0.000,0.000,0.070,0.380,0.160,0.040,
 0.020,0.030,0.080,0.140,0.020,0.100,0.060,0.100,0.120,0.020,0.000,0.080,
 0.160,0.170,0.040,0.080,0.010,0.010,0.080,0.080,0.000,0.460,0.050,0.020,
 0.030,0.040,0.000,0.030,0.010,0.010,0.020,0.100,0.520,0.250,0.080,0.110,
 0.020,0.000,0.070,0.010,0.080,0.010,0.220,0.090,0.000,0.250,0.020,0.140,
 0.310,0.090,0.040,0.270,0.610,0.010,0.000,0.010,0.000,0.030,0.660,0.110,
 0.160,0.010,0.160,0.240]
Training Group Acc: [0.815,0.705,0.594]
Epoch [85] Training Results: Prec@1 76.920 Prec@5 96.860 Loss 0.76156
Epoch [85] Training Class Recall: [1.000,0.625,0.600,0.763,0.691,0.800,0.280,0.840,0.783,0.674,0.667,0.684,
 0.500,0.659,0.714,0.462,0.545,0.688,0.667,0.692,0.891,0.833,0.943,0.784,
 0.848,0.781,0.854,0.874,0.778,0.000,0.250,0.577,0.764,0.617,0.769,0.636,
 0.455,0.612,0.818,0.643,0.571,0.485,0.821,0.747,0.421,0.750,0.643,0.773,
 0.750,0.786,0.400,0.000,0.714,0.614,0.500,0.846,0.833,0.857,0.923,0.806,
 0.500,0.692,0.615,0.448,0.500,0.763,0.965,0.836,0.833,0.909,0.729,0.000,
 0.757,0.636,0.700,0.787,0.755,0.833,0.486,0.714,0.556,0.692,0.802,0.600,
 0.591,0.843,0.845,0.556,1.000,0.667,1.000,0.620,0.928,0.719,0.789,0.652,
 0.812,0.754]
Testing Group Acc: [0.359,0.096,0.016]
Epoch [85] Testing Results: Prec@1 11.180 Prec@5 28.090 Loss 9.04975
Epoch [85] Testing Class Recall: [0.000,0.010,0.000,0.010,0.170,0.010,0.000,0.040,0.260,0.080,0.020,0.000,
 0.060,0.000,0.090,0.010,0.010,0.010,0.200,0.000,0.030,0.560,0.450,0.740,
 0.240,0.220,0.410,0.650,0.410,0.170,0.000,0.000,0.080,0.220,0.050,0.010,
 0.010,0.040,0.010,0.150,0.000,0.000,0.110,0.080,0.230,0.040,0.000,0.250,
 0.080,0.120,0.010,0.050,0.000,0.010,0.060,0.050,0.020,0.190,0.070,0.080,
 0.020,0.040,0.010,0.040,0.010,0.010,0.010,0.050,0.430,0.190,0.170,0.030,
 0.040,0.000,0.060,0.070,0.040,0.060,0.240,0.180,0.030,0.000,0.000,0.030,
 0.270,0.050,0.040,0.220,0.340,0.000,0.000,0.020,0.000,0.130,0.570,0.380,
 0.020,0.010,0.010,0.480]
Training Group Acc: [0.803,0.685,0.508]
Epoch [86] Training Results: Prec@1 74.920 Prec@5 96.160 Loss 0.80207
Epoch [86] Training Class Recall: [0.000,0.375,0.200,0.605,0.699,0.800,0.240,0.830,0.870,0.581,0.600,0.632,
 0.750,0.705,0.619,0.462,0.455,0.679,0.250,0.538,0.877,0.867,0.902,0.818,
 0.862,0.722,0.811,0.880,0.684,0.000,0.250,0.500,0.782,0.617,0.615,0.682,
 0.727,0.433,0.939,0.571,0.476,0.667,0.607,0.758,0.158,0.833,0.429,0.727,
 0.667,0.429,0.800,1.000,0.714,0.682,0.875,0.754,0.708,0.905,0.692,0.722,
 0.500,0.723,0.513,0.448,0.571,0.697,0.953,0.822,0.792,0.545,0.708,0.556,
 0.748,1.000,0.800,0.813,0.777,0.851,0.432,0.762,0.333,0.615,0.713,0.543,
 0.545,0.824,0.871,0.333,0.000,0.762,0.333,0.660,0.865,0.719,0.842,0.696,
 0.562,0.857]
Testing Group Acc: [0.352,0.141,0.052]
Epoch [86] Testing Results: Prec@1 14.500 Prec@5 34.180 Loss 8.07227
Epoch [86] Testing Class Recall: [0.000,0.080,0.000,0.020,0.220,0.040,0.000,0.020,0.490,0.030,0.080,0.020,
 0.130,0.000,0.090,0.060,0.070,0.130,0.210,0.000,0.030,0.670,0.340,0.690,
 0.080,0.120,0.160,0.570,0.340,0.230,0.000,0.010,0.050,0.180,0.110,0.020,
 0.060,0.030,0.060,0.160,0.010,0.080,0.170,0.460,0.080,0.000,0.000,0.230,
 0.080,0.250,0.090,0.020,0.050,0.050,0.100,0.060,0.000,0.290,0.210,0.200,
 0.050,0.040,0.010,0.180,0.130,0.020,0.050,0.150,0.720,0.350,0.040,0.190,
 0.050,0.020,0.110,0.030,0.320,0.060,0.310,0.190,0.010,0.050,0.020,0.080,
 0.400,0.070,0.080,0.400,0.570,0.010,0.000,0.020,0.000,0.020,0.660,0.200,
 0.160,0.040,0.240,0.420]
Training Group Acc: [0.820,0.703,0.533]
Epoch [87] Training Results: Prec@1 76.940 Prec@5 97.060 Loss 0.74154
Epoch [87] Training Class Recall: [0.000,0.500,0.200,0.658,0.724,0.600,0.320,0.713,0.826,0.721,0.667,0.737,
 0.500,0.727,0.476,0.462,0.455,0.688,0.417,0.808,0.884,0.842,0.943,0.807,
 0.862,0.743,0.845,0.931,0.744,1.000,0.125,0.615,0.873,0.700,0.462,0.773,
 0.727,0.582,0.818,0.643,0.571,0.697,0.696,0.725,0.368,0.667,0.929,0.636,
 0.625,0.571,0.600,0.000,0.643,0.716,0.875,0.846,0.708,0.762,0.846,0.750,
 0.250,0.692,0.667,0.586,0.786,0.763,0.988,0.822,0.875,0.727,0.708,0.111,
 0.825,0.727,0.900,0.867,0.840,0.842,0.486,0.714,0.556,0.615,0.782,0.686,
 0.500,0.765,0.819,0.222,0.000,0.714,1.000,0.560,0.928,0.719,0.579,0.739,
 0.562,0.817]
Testing Group Acc: [0.331,0.123,0.039]
Epoch [87] Testing Results: Prec@1 12.800 Prec@5 31.780 Loss 8.53928
Epoch [87] Testing Class Recall: [0.000,0.020,0.010,0.000,0.110,0.040,0.000,0.040,0.500,0.030,0.010,0.000,
 0.080,0.000,0.190,0.090,0.050,0.010,0.280,0.050,0.020,0.330,0.160,0.480,
 0.030,0.130,0.290,0.530,0.430,0.110,0.000,0.000,0.080,0.330,0.140,0.040,
 0.010,0.070,0.170,0.160,0.000,0.020,0.140,0.250,0.250,0.010,0.000,0.110,
 0.220,0.030,0.030,0.010,0.060,0.020,0.090,0.050,0.020,0.140,0.090,0.120,
 0.100,0.030,0.040,0.060,0.050,0.040,0.040,0.090,0.780,0.390,0.110,0.130,
 0.040,0.000,0.310,0.060,0.170,0.040,0.280,0.150,0.000,0.000,0.010,0.010,
 0.510,0.120,0.020,0.340,0.640,0.040,0.000,0.000,0.000,0.030,0.610,0.200,
 0.120,0.240,0.010,0.310]
Training Group Acc: [0.852,0.745,0.610]
Epoch [88] Training Results: Prec@1 80.380 Prec@5 97.620 Loss 0.64358
Epoch [88] Training Class Recall: [0.000,0.625,0.000,0.737,0.764,0.867,0.280,0.883,0.913,0.721,0.800,0.632,
 0.750,0.773,0.667,0.846,0.545,0.688,0.583,0.769,0.884,0.883,0.959,0.807,
 0.869,0.818,0.842,0.886,0.803,0.500,0.375,0.769,0.836,0.683,0.846,0.818,
 0.636,0.716,0.879,0.571,0.667,0.636,0.732,0.791,0.421,0.792,0.643,0.727,
 0.792,0.571,0.400,1.000,0.714,0.716,0.750,0.908,0.833,0.857,0.846,0.917,
 1.000,0.477,0.667,0.655,0.571,0.855,0.988,0.877,0.750,0.818,0.688,0.556,
 0.806,0.818,0.800,0.813,0.830,0.912,0.541,0.762,0.556,0.692,0.881,0.714,
 0.409,0.843,0.884,0.444,0.000,0.714,0.667,0.560,0.937,0.781,0.789,0.696,
 0.688,0.881]
Testing Group Acc: [0.331,0.118,0.025]
Epoch [88] Testing Results: Prec@1 12.070 Prec@5 30.590 Loss 8.66940
Epoch [88] Testing Class Recall: [0.000,0.020,0.000,0.060,0.180,0.030,0.000,0.030,0.280,0.040,0.110,0.000,
 0.010,0.000,0.040,0.020,0.000,0.030,0.280,0.000,0.010,0.620,0.210,0.780,
 0.160,0.200,0.090,0.460,0.540,0.210,0.000,0.000,0.090,0.460,0.260,0.030,
 0.070,0.020,0.070,0.160,0.000,0.000,0.100,0.330,0.120,0.010,0.000,0.200,
 0.050,0.150,0.050,0.060,0.010,0.020,0.030,0.080,0.010,0.290,0.000,0.030,
 0.080,0.060,0.020,0.290,0.030,0.000,0.030,0.130,0.740,0.250,0.090,0.100,
 0.050,0.000,0.180,0.020,0.070,0.020,0.250,0.130,0.000,0.000,0.000,0.030,
 0.160,0.080,0.070,0.150,0.650,0.050,0.000,0.010,0.000,0.000,0.500,0.100,
 0.110,0.070,0.120,0.320]
Training Group Acc: [0.805,0.659,0.556]
Epoch [89] Training Results: Prec@1 74.600 Prec@5 96.460 Loss 0.83979
Epoch [89] Training Class Recall: [0.000,0.375,0.400,0.737,0.634,0.733,0.400,0.862,0.783,0.651,0.667,0.632,
 0.375,0.386,0.571,0.462,0.273,0.625,0.583,0.692,0.899,0.850,0.935,0.773,
 0.807,0.722,0.824,0.914,0.752,0.000,0.250,0.500,0.636,0.617,0.692,0.818,
 0.727,0.627,0.894,0.500,0.333,0.667,0.661,0.692,0.263,0.583,0.714,0.773,
 0.500,0.643,0.200,1.000,0.643,0.693,0.750,0.815,0.667,0.667,0.923,0.833,
 0.750,0.692,0.410,0.517,0.429,0.658,0.941,0.877,0.625,0.909,0.604,0.111,
 0.786,0.727,0.900,0.827,0.830,0.886,0.432,0.524,0.333,0.769,0.812,0.800,
 0.409,0.745,0.723,0.389,1.000,0.667,0.667,0.480,0.937,0.719,0.737,0.696,
 0.750,0.889]
Testing Group Acc: [0.322,0.092,0.027]
Epoch [89] Testing Results: Prec@1 10.790 Prec@5 26.470 Loss 9.85450
Epoch [89] Testing Class Recall: [0.000,0.160,0.000,0.030,0.100,0.010,0.000,0.030,0.410,0.020,0.030,0.000,
 0.110,0.000,0.040,0.030,0.010,0.040,0.180,0.000,0.010,0.600,0.230,0.770,
 0.060,0.260,0.270,0.460,0.390,0.140,0.000,0.000,0.020,0.200,0.020,0.000,
 0.010,0.000,0.010,0.190,0.010,0.010,0.090,0.050,0.220,0.020,0.000,0.250,
 0.170,0.100,0.010,0.100,0.000,0.010,0.050,0.040,0.030,0.150,0.030,0.030,
 0.030,0.050,0.020,0.120,0.020,0.000,0.020,0.190,0.410,0.200,0.110,0.040,
 0.040,0.000,0.190,0.050,0.030,0.030,0.380,0.160,0.010,0.000,0.030,0.010,
 0.150,0.080,0.000,0.450,0.660,0.030,0.000,0.020,0.000,0.000,0.460,0.270,
 0.020,0.030,0.030,0.240]
Training Group Acc: [0.854,0.741,0.687]
Epoch [90] Training Results: Prec@1 80.600 Prec@5 97.860 Loss 0.61975
Epoch [90] Training Class Recall: [0.000,0.875,0.200,0.711,0.732,0.800,0.360,0.926,0.870,0.767,0.867,0.895,
 1.000,0.773,0.714,0.538,0.727,0.679,0.667,0.885,0.913,0.900,0.935,0.818,
 0.862,0.829,0.870,0.920,0.863,1.000,0.375,0.538,0.764,0.700,0.538,0.818,
 0.727,0.806,0.909,0.786,0.667,0.727,0.661,0.791,0.368,0.792,0.643,0.591,
 0.667,0.500,0.400,1.000,0.750,0.739,1.000,0.831,0.792,0.714,0.692,0.861,
 1.000,0.754,0.564,0.552,0.714,0.671,0.976,0.849,0.875,0.818,0.583,0.222,
 0.845,0.818,0.700,0.800,0.872,0.921,0.459,0.714,0.778,0.769,0.802,0.829,
 0.636,0.804,0.839,0.444,1.000,0.810,1.000,0.560,0.937,0.812,0.789,0.739,
 0.500,0.873]
Testing Group Acc: [0.360,0.095,0.035]
Epoch [90] Testing Results: Prec@1 11.820 Prec@5 28.350 Loss 9.51175
Epoch [90] Testing Class Recall: [0.000,0.030,0.000,0.010,0.090,0.010,0.000,0.020,0.350,0.040,0.070,0.020,
 0.040,0.010,0.040,0.040,0.000,0.020,0.120,0.000,0.030,0.660,0.260,0.730,
 0.140,0.580,0.390,0.530,0.540,0.180,0.000,0.000,0.160,0.270,0.260,0.020,
 0.150,0.030,0.010,0.140,0.040,0.040,0.020,0.050,0.050,0.010,0.000,0.170,
 0.060,0.020,0.020,0.030,0.010,0.000,0.020,0.060,0.020,0.440,0.000,0.010,
 0.130,0.040,0.000,0.220,0.020,0.030,0.020,0.040,0.720,0.210,0.050,0.110,
 0.000,0.000,0.130,0.020,0.090,0.050,0.110,0.180,0.020,0.020,0.010,0.220,
 0.270,0.030,0.050,0.130,0.230,0.050,0.000,0.000,0.010,0.050,0.820,0.060,
 0.140,0.010,0.110,0.360]
Training Group Acc: [0.841,0.715,0.599]
Epoch [91] Training Results: Prec@1 79.140 Prec@5 97.500 Loss 0.67431
Epoch [91] Training Class Recall: [0.000,0.500,0.400,0.684,0.789,0.700,0.400,0.926,0.826,0.767,0.867,0.737,
 0.875,0.727,0.571,0.692,0.727,0.562,0.583,0.769,0.928,0.917,0.955,0.830,
 0.876,0.834,0.892,0.926,0.761,0.500,0.625,0.692,0.855,0.650,0.692,0.682,
 0.545,0.642,0.894,0.714,0.714,0.667,0.625,0.720,0.474,0.708,0.571,0.682,
 0.750,0.429,0.400,0.000,0.643,0.682,0.875,0.800,0.792,0.667,0.923,0.806,
 1.000,0.708,0.692,0.517,0.571,0.763,0.965,0.836,0.750,0.727,0.646,0.222,
 0.806,0.818,0.800,0.800,0.755,0.895,0.514,0.667,0.444,0.692,0.822,0.743,
 0.545,0.784,0.897,0.667,1.000,0.667,0.000,0.640,0.937,0.719,0.684,0.739,
 0.625,0.786]
Testing Group Acc: [0.337,0.155,0.049]
Epoch [91] Testing Results: Prec@1 14.780 Prec@5 33.440 Loss 8.04114
Epoch [91] Testing Class Recall: [0.000,0.070,0.020,0.020,0.240,0.110,0.000,0.000,0.590,0.200,0.100,0.020,
 0.070,0.000,0.250,0.080,0.060,0.070,0.410,0.010,0.050,0.440,0.330,0.650,
 0.050,0.250,0.240,0.270,0.430,0.100,0.000,0.010,0.020,0.300,0.220,0.080,
 0.080,0.030,0.290,0.200,0.000,0.090,0.130,0.280,0.110,0.020,0.000,0.210,
 0.000,0.090,0.030,0.040,0.110,0.010,0.040,0.160,0.020,0.340,0.150,0.160,
 0.120,0.040,0.030,0.100,0.050,0.010,0.100,0.150,0.540,0.410,0.060,0.090,
 0.090,0.010,0.120,0.130,0.220,0.040,0.320,0.160,0.000,0.090,0.020,0.030,
 0.340,0.110,0.050,0.510,0.550,0.120,0.000,0.030,0.010,0.000,0.790,0.380,
 0.130,0.070,0.110,0.300]
Training Group Acc: [0.880,0.782,0.641]
Epoch [92] Training Results: Prec@1 83.700 Prec@5 98.260 Loss 0.53759
Epoch [92] Training Class Recall: [0.000,0.625,0.600,0.763,0.772,0.867,0.560,0.936,0.957,0.744,0.800,0.737,
 0.875,0.750,0.905,0.692,0.545,0.732,0.667,0.808,0.971,0.917,0.972,0.795,
 0.903,0.813,0.910,0.937,0.829,1.000,0.500,0.577,0.836,0.817,0.615,0.727,
 0.727,0.791,0.864,0.714,0.571,0.788,0.911,0.857,0.526,0.792,0.500,0.773,
 0.750,0.857,0.200,0.000,0.750,0.773,0.875,0.892,0.958,0.857,0.923,0.722,
 0.500,0.692,0.615,0.621,0.857,0.829,0.976,0.890,0.583,0.909,0.854,0.333,
 0.835,0.818,0.700,0.867,0.883,0.895,0.486,0.714,0.556,0.923,0.891,0.857,
 0.682,0.902,0.865,0.500,1.000,0.810,0.667,0.560,0.982,0.938,0.789,0.739,
 0.250,0.873]
Testing Group Acc: [0.346,0.119,0.039]
Epoch [92] Testing Results: Prec@1 12.870 Prec@5 31.290 Loss 8.81051
Epoch [92] Testing Class Recall: [0.000,0.090,0.010,0.010,0.280,0.090,0.000,0.020,0.460,0.090,0.060,0.000,
 0.190,0.020,0.000,0.090,0.010,0.220,0.260,0.000,0.020,0.610,0.430,0.600,
 0.190,0.350,0.400,0.600,0.390,0.170,0.000,0.010,0.250,0.440,0.040,0.000,
 0.010,0.000,0.060,0.120,0.020,0.030,0.150,0.160,0.120,0.030,0.000,0.130,
 0.100,0.220,0.030,0.010,0.000,0.000,0.020,0.090,0.020,0.180,0.100,0.040,
 0.020,0.050,0.000,0.150,0.020,0.010,0.040,0.110,0.550,0.300,0.100,0.060,
 0.010,0.000,0.120,0.050,0.100,0.090,0.340,0.230,0.020,0.010,0.000,0.020,
 0.310,0.110,0.040,0.380,0.120,0.090,0.000,0.020,0.000,0.090,0.590,0.060,
 0.150,0.030,0.130,0.310]
Training Group Acc: [0.856,0.739,0.663]
Epoch [93] Training Results: Prec@1 80.780 Prec@5 97.720 Loss 0.61968
Epoch [93] Training Class Recall: [0.000,0.500,0.600,0.763,0.821,0.700,0.400,0.936,0.826,0.721,1.000,0.737,
 0.375,0.795,0.714,0.462,0.636,0.768,0.583,0.654,0.935,0.892,0.866,0.852,
 0.890,0.845,0.867,0.943,0.846,0.500,0.500,0.538,0.800,0.750,0.692,0.818,
 0.636,0.776,0.924,0.786,0.714,0.788,0.821,0.742,0.474,0.792,0.714,0.636,
 0.750,0.714,0.800,1.000,0.786,0.818,0.750,0.754,0.833,0.857,0.846,0.528,
 0.750,0.815,0.641,0.414,0.571,0.724,0.929,0.849,0.625,0.818,0.771,0.556,
 0.883,0.818,0.800,0.760,0.809,0.851,0.676,0.810,0.778,0.846,0.802,0.771,
 0.636,0.863,0.845,0.556,1.000,0.619,0.333,0.560,0.919,0.719,0.737,0.696,
 0.688,0.841]
Testing Group Acc: [0.385,0.119,0.037]
Epoch [93] Testing Results: Prec@1 13.480 Prec@5 32.060 Loss 9.12584
Epoch [93] Testing Class Recall: [0.000,0.100,0.010,0.070,0.220,0.110,0.000,0.030,0.400,0.130,0.050,0.000,
 0.060,0.010,0.070,0.110,0.040,0.240,0.150,0.010,0.040,0.400,0.500,0.770,
 0.090,0.280,0.380,0.630,0.400,0.200,0.000,0.010,0.070,0.250,0.060,0.010,
 0.020,0.010,0.050,0.250,0.000,0.000,0.090,0.140,0.210,0.030,0.000,0.160,
 0.090,0.240,0.040,0.010,0.050,0.000,0.030,0.030,0.020,0.290,0.090,0.060,
 0.060,0.060,0.000,0.080,0.130,0.000,0.040,0.150,0.560,0.210,0.050,0.080,
 0.040,0.000,0.170,0.040,0.050,0.080,0.360,0.180,0.020,0.000,0.010,0.050,
 0.310,0.130,0.020,0.390,0.730,0.120,0.000,0.040,0.010,0.040,0.680,0.190,
 0.130,0.090,0.040,0.330]
Training Group Acc: [0.803,0.717,0.574]
Epoch [94] Training Results: Prec@1 76.560 Prec@5 97.140 Loss 0.74279
Epoch [94] Training Class Recall: [0.000,0.625,0.200,0.684,0.699,0.867,0.440,0.947,0.870,0.721,0.600,0.684,
 0.375,0.682,0.571,0.385,0.545,0.679,0.417,0.769,0.855,0.817,0.907,0.795,
 0.841,0.738,0.824,0.783,0.744,0.500,0.375,0.692,0.855,0.667,0.769,0.727,
 0.727,0.627,0.848,0.571,0.524,0.727,0.732,0.764,0.368,0.792,0.571,0.636,
 0.792,0.429,0.400,1.000,0.571,0.705,0.875,0.862,0.708,0.762,0.769,0.778,
 0.250,0.692,0.487,0.552,0.643,0.816,0.918,0.877,0.750,0.727,0.688,0.222,
 0.757,0.636,0.900,0.827,0.787,0.912,0.459,0.714,0.556,0.615,0.752,0.686,
 0.500,0.765,0.800,0.500,1.000,0.619,1.000,0.620,0.946,0.812,0.789,0.783,
 0.500,0.841]
Testing Group Acc: [0.334,0.125,0.041]
Epoch [94] Testing Results: Prec@1 13.030 Prec@5 31.020 Loss 9.24609
Epoch [94] Testing Class Recall: [0.000,0.070,0.000,0.040,0.290,0.140,0.000,0.100,0.440,0.130,0.010,0.010,
 0.130,0.020,0.010,0.130,0.000,0.250,0.270,0.000,0.020,0.550,0.120,0.760,
 0.040,0.190,0.270,0.520,0.400,0.290,0.000,0.000,0.070,0.150,0.160,0.000,
 0.030,0.060,0.110,0.080,0.000,0.030,0.110,0.180,0.260,0.060,0.000,0.220,
 0.190,0.070,0.000,0.080,0.040,0.000,0.320,0.050,0.010,0.350,0.400,0.050,
 0.010,0.070,0.010,0.110,0.060,0.020,0.040,0.090,0.490,0.460,0.090,0.090,
 0.020,0.000,0.080,0.010,0.140,0.040,0.200,0.160,0.000,0.050,0.000,0.020,
 0.180,0.090,0.020,0.320,0.660,0.050,0.000,0.020,0.000,0.100,0.460,0.130,
 0.080,0.050,0.120,0.210]
Training Group Acc: [0.854,0.756,0.634]
Epoch [95] Training Results: Prec@1 80.760 Prec@5 97.980 Loss 0.61826
Epoch [95] Training Class Recall: [1.000,0.625,0.600,0.763,0.780,0.767,0.240,0.915,0.826,0.767,0.533,0.579,
 0.750,0.636,0.810,0.538,0.909,0.714,0.583,0.808,0.957,0.908,0.951,0.875,
 0.807,0.850,0.845,0.880,0.795,0.000,0.250,0.615,0.527,0.683,0.769,0.818,
 0.727,0.687,0.879,0.571,0.619,0.727,0.804,0.714,0.368,0.708,0.786,0.773,
 0.875,0.500,0.400,1.000,0.786,0.784,0.625,0.831,0.875,0.857,0.846,0.861,
 0.750,0.692,0.667,0.828,0.786,0.868,0.941,0.918,0.750,0.636,0.750,0.222,
 0.806,0.727,0.800,0.813,0.862,0.877,0.514,0.762,0.333,0.769,0.921,0.829,
 0.409,0.843,0.871,0.500,1.000,0.667,0.667,0.760,0.964,0.875,0.789,0.652,
 0.625,0.873]
Testing Group Acc: [0.368,0.111,0.042]
Epoch [95] Testing Results: Prec@1 12.980 Prec@5 31.550 Loss 8.84339
Epoch [95] Testing Class Recall: [0.000,0.030,0.000,0.040,0.100,0.050,0.000,0.030,0.420,0.080,0.090,0.030,
 0.170,0.000,0.050,0.090,0.020,0.040,0.260,0.060,0.090,0.480,0.370,0.620,
 0.050,0.400,0.260,0.460,0.450,0.220,0.000,0.010,0.040,0.270,0.310,0.050,
 0.040,0.070,0.080,0.060,0.040,0.040,0.060,0.260,0.320,0.030,0.000,0.170,
 0.060,0.070,0.040,0.060,0.010,0.010,0.040,0.110,0.050,0.160,0.120,0.050,
 0.110,0.040,0.030,0.140,0.070,0.010,0.020,0.100,0.670,0.260,0.020,0.150,
 0.050,0.010,0.060,0.080,0.130,0.040,0.130,0.150,0.020,0.020,0.010,0.020,
 0.570,0.010,0.070,0.370,0.410,0.040,0.000,0.030,0.010,0.060,0.750,0.160,
 0.040,0.040,0.120,0.370]
Training Group Acc: [0.880,0.821,0.762]
Epoch [96] Training Results: Prec@1 85.500 Prec@5 98.760 Loss 0.47855
Epoch [96] Training Class Recall: [1.000,0.625,0.800,0.789,0.829,0.967,0.480,0.957,0.783,0.791,0.733,0.789,
 0.875,0.864,0.714,0.538,0.909,0.750,0.583,0.731,0.942,0.908,0.943,0.886,
 0.883,0.797,0.876,0.943,0.855,0.500,0.250,0.731,0.909,0.800,0.769,0.909,
 1.000,0.821,0.924,0.571,0.810,0.788,0.911,0.775,0.526,0.833,0.714,0.636,
 0.708,0.714,0.600,1.000,0.750,0.818,1.000,0.938,0.792,0.857,0.923,0.861,
 1.000,0.800,0.769,0.690,0.786,0.882,0.976,0.904,0.958,0.909,0.854,0.333,
 0.874,0.727,1.000,0.867,0.798,0.939,0.622,0.857,0.667,0.769,0.861,0.857,
 0.682,0.922,0.923,0.833,1.000,0.762,1.000,0.800,0.973,0.938,0.789,0.870,
 0.688,0.897]
Testing Group Acc: [0.391,0.138,0.038]
Epoch [96] Testing Results: Prec@1 14.510 Prec@5 33.610 Loss 8.75809
Epoch [96] Testing Class Recall: [0.000,0.050,0.000,0.060,0.530,0.090,0.000,0.050,0.420,0.100,0.070,0.030,
 0.050,0.020,0.120,0.130,0.030,0.120,0.240,0.080,0.010,0.620,0.150,0.830,
 0.110,0.270,0.340,0.490,0.300,0.300,0.000,0.000,0.170,0.350,0.330,0.030,
 0.080,0.030,0.130,0.130,0.020,0.020,0.090,0.310,0.100,0.000,0.000,0.060,
 0.070,0.110,0.040,0.080,0.060,0.010,0.070,0.150,0.000,0.360,0.200,0.050,
 0.100,0.070,0.030,0.090,0.050,0.010,0.050,0.130,0.660,0.250,0.150,0.070,
 0.060,0.000,0.150,0.020,0.140,0.090,0.320,0.170,0.040,0.020,0.000,0.060,
 0.330,0.040,0.070,0.350,0.650,0.040,0.000,0.030,0.000,0.070,0.740,0.150,
 0.040,0.020,0.150,0.440]
Training Group Acc: [0.843,0.757,0.697]
Epoch [97] Training Results: Prec@1 80.700 Prec@5 97.620 Loss 0.64181
Epoch [97] Training Class Recall: [1.000,0.500,0.600,0.421,0.764,0.833,0.600,0.904,0.739,0.744,0.667,0.789,
 0.750,0.750,0.857,0.538,0.636,0.812,0.750,0.731,0.877,0.892,0.943,0.818,
 0.834,0.861,0.836,0.903,0.752,0.500,0.250,0.615,0.782,0.800,0.769,0.636,
 0.909,0.672,0.924,0.714,0.714,0.818,0.696,0.725,0.421,0.750,0.643,0.773,
 0.750,0.714,0.400,1.000,0.857,0.693,0.750,0.846,0.875,0.714,0.846,0.861,
 1.000,0.738,0.615,0.655,0.929,0.868,0.988,0.918,0.875,0.727,0.771,0.444,
 0.825,0.909,0.900,0.827,0.787,0.860,0.595,0.810,0.778,0.538,0.792,0.657,
 0.682,0.804,0.884,0.500,1.000,0.714,0.333,0.760,0.955,0.781,0.737,0.565,
 0.750,0.810]
Testing Group Acc: [0.303,0.114,0.030]
Epoch [97] Testing Results: Prec@1 11.560 Prec@5 29.130 Loss 10.38320
Epoch [97] Testing Class Recall: [0.000,0.070,0.000,0.020,0.070,0.000,0.000,0.010,0.490,0.010,0.090,0.000,
 0.100,0.010,0.150,0.040,0.020,0.120,0.090,0.000,0.040,0.270,0.590,0.540,
 0.070,0.310,0.290,0.490,0.470,0.180,0.000,0.000,0.060,0.270,0.140,0.000,
 0.040,0.010,0.140,0.150,0.000,0.000,0.070,0.180,0.240,0.040,0.000,0.060,
 0.060,0.250,0.040,0.020,0.040,0.000,0.000,0.030,0.000,0.340,0.030,0.110,
 0.090,0.040,0.000,0.160,0.120,0.010,0.050,0.150,0.570,0.150,0.050,0.070,
 0.020,0.000,0.090,0.010,0.160,0.020,0.370,0.190,0.010,0.050,0.000,0.010,
 0.210,0.220,0.050,0.330,0.320,0.040,0.000,0.000,0.000,0.140,0.400,0.020,
 0.050,0.030,0.100,0.400]
Training Group Acc: [0.784,0.681,0.586]
Epoch [98] Training Results: Prec@1 74.320 Prec@5 96.220 Loss 0.85363
Epoch [98] Training Class Recall: [0.000,0.750,0.600,0.658,0.699,0.800,0.360,0.872,0.696,0.674,0.333,0.579,
 0.625,0.523,0.667,0.462,0.455,0.723,0.583,0.692,0.848,0.625,0.923,0.784,
 0.772,0.727,0.799,0.840,0.821,1.000,0.500,0.423,0.782,0.700,0.615,0.682,
 0.727,0.701,0.894,0.143,0.571,0.636,0.768,0.670,0.316,0.625,0.786,0.682,
 0.750,0.429,0.600,0.000,0.643,0.602,0.875,0.785,0.750,0.810,0.846,0.778,
 0.500,0.769,0.513,0.517,0.643,0.776,0.882,0.877,0.750,0.818,0.729,0.556,
 0.738,0.818,0.500,0.560,0.830,0.868,0.378,0.667,0.778,0.615,0.723,0.629,
 0.318,0.765,0.832,0.556,1.000,0.571,0.667,0.660,0.910,0.781,0.632,0.739,
 0.625,0.810]
Testing Group Acc: [0.370,0.115,0.036]
Epoch [98] Testing Results: Prec@1 12.990 Prec@5 30.690 Loss 8.80873
Epoch [98] Testing Class Recall: [0.000,0.040,0.000,0.010,0.110,0.090,0.000,0.040,0.500,0.130,0.180,0.010,
 0.120,0.000,0.080,0.180,0.010,0.300,0.330,0.000,0.130,0.610,0.390,0.840,
 0.130,0.440,0.390,0.410,0.380,0.250,0.000,0.000,0.180,0.180,0.110,0.050,
 0.030,0.060,0.060,0.170,0.020,0.000,0.050,0.150,0.060,0.020,0.000,0.150,
 0.040,0.030,0.030,0.050,0.020,0.010,0.080,0.050,0.000,0.310,0.220,0.000,
 0.030,0.040,0.030,0.080,0.050,0.000,0.030,0.080,0.620,0.320,0.090,0.050,
 0.050,0.000,0.110,0.080,0.020,0.000,0.220,0.220,0.010,0.030,0.000,0.100,
 0.220,0.040,0.030,0.370,0.290,0.000,0.000,0.000,0.010,0.040,0.870,0.060,
 0.060,0.020,0.120,0.370]
Training Group Acc: [0.847,0.739,0.588]
Epoch [99] Training Results: Prec@1 79.480 Prec@5 97.740 Loss 0.65258
Epoch [99] Training Class Recall: [0.000,0.625,0.400,0.711,0.748,0.800,0.560,0.862,0.870,0.581,0.600,0.632,
 0.750,0.727,0.667,0.692,0.909,0.768,0.500,0.692,0.920,0.850,0.931,0.841,
 0.814,0.786,0.845,0.931,0.821,0.000,0.500,0.577,0.818,0.650,0.769,0.591,
 0.545,0.657,0.879,0.571,0.619,0.636,0.714,0.780,0.316,0.792,0.643,0.864,
 0.750,0.857,0.400,0.000,0.679,0.659,1.000,0.846,0.917,0.714,0.846,0.806,
 0.750,0.785,0.692,0.448,0.786,0.724,0.918,0.849,0.792,0.909,0.750,0.556,
 0.806,0.909,0.600,0.827,0.787,0.912,0.486,0.857,0.556,0.846,0.822,0.743,
 0.682,0.863,0.858,0.444,1.000,0.714,0.333,0.660,0.937,0.875,0.263,0.826,
 0.500,0.865]
Testing Group Acc: [0.331,0.100,0.032]
Epoch [99] Testing Results: Prec@1 11.460 Prec@5 28.170 Loss 11.13737
Epoch [99] Testing Class Recall: [0.000,0.020,0.010,0.000,0.050,0.030,0.000,0.000,0.330,0.120,0.040,0.000,
 0.120,0.000,0.600,0.020,0.000,0.070,0.200,0.000,0.120,0.280,0.480,0.720,
 0.190,0.270,0.330,0.460,0.360,0.210,0.000,0.000,0.090,0.170,0.120,0.020,
 0.020,0.020,0.030,0.050,0.000,0.010,0.070,0.060,0.400,0.010,0.000,0.150,
 0.170,0.100,0.000,0.000,0.030,0.020,0.030,0.030,0.020,0.260,0.130,0.100,
 0.190,0.050,0.010,0.090,0.010,0.020,0.020,0.100,0.460,0.190,0.060,0.030,
 0.000,0.000,0.130,0.020,0.080,0.020,0.080,0.120,0.000,0.050,0.000,0.010,
 0.300,0.070,0.090,0.300,0.480,0.060,0.000,0.010,0.000,0.150,0.570,0.040,
 0.140,0.020,0.090,0.260]
Training Group Acc: [0.837,0.750,0.661]
Epoch [100] Training Results: Prec@1 80.060 Prec@5 97.520 Loss 0.66346
Epoch [100] Training Class Recall: [0.000,0.500,0.800,0.711,0.764,0.800,0.600,0.947,0.783,0.744,0.867,0.789,
 0.625,0.500,0.667,0.615,0.818,0.705,0.667,0.808,0.877,0.908,0.935,0.727,
 0.869,0.781,0.870,0.937,0.786,1.000,0.250,0.577,0.800,0.733,0.692,0.773,
 0.727,0.731,0.909,0.500,0.667,0.848,0.821,0.764,0.421,0.625,0.571,0.682,
 0.667,0.571,0.600,1.000,0.821,0.727,0.875,0.862,0.875,0.762,0.846,0.833,
 0.750,0.815,0.513,0.690,0.786,0.829,0.953,0.863,0.792,0.636,0.708,0.444,
 0.806,0.909,0.700,0.813,0.777,0.754,0.459,0.857,0.333,0.692,0.842,0.657,
 0.591,0.863,0.858,0.556,1.000,0.714,0.667,0.720,0.955,0.719,0.579,0.913,
 0.688,0.825]
Testing Group Acc: [0.340,0.115,0.034]
Epoch [100] Testing Results: Prec@1 12.410 Prec@5 30.060 Loss 9.65065
Epoch [100] Testing Class Recall: [0.000,0.070,0.000,0.000,0.120,0.240,0.000,0.020,0.310,0.060,0.010,0.000,
 0.070,0.000,0.020,0.070,0.000,0.090,0.140,0.010,0.040,0.170,0.310,0.720,
 0.060,0.360,0.360,0.370,0.460,0.290,0.000,0.000,0.020,0.250,0.150,0.010,
 0.020,0.070,0.030,0.060,0.020,0.000,0.110,0.130,0.130,0.020,0.000,0.290,
 0.120,0.020,0.050,0.000,0.020,0.040,0.080,0.090,0.010,0.180,0.150,0.010,
 0.060,0.060,0.030,0.120,0.060,0.010,0.000,0.160,0.560,0.390,0.090,0.130,
 0.060,0.010,0.090,0.110,0.110,0.060,0.510,0.260,0.050,0.020,0.010,0.020,
 0.470,0.000,0.010,0.560,0.490,0.070,0.000,0.020,0.000,0.000,0.740,0.170,
 0.070,0.020,0.060,0.300]
Training Group Acc: [0.851,0.731,0.672]
Epoch [101] Training Results: Prec@1 80.380 Prec@5 97.660 Loss 0.64457
Epoch [101] Training Class Recall: [1.000,0.625,0.600,0.895,0.756,0.767,0.360,0.915,0.739,0.744,0.867,0.842,
 0.750,0.636,0.667,0.462,0.545,0.741,0.583,0.885,0.891,0.867,0.943,0.807,
 0.897,0.834,0.836,0.943,0.795,1.000,0.375,0.654,0.855,0.717,0.846,0.773,
 0.545,0.627,0.848,0.857,0.619,0.636,0.786,0.758,0.368,0.542,0.714,0.727,
 0.792,0.714,0.400,1.000,0.857,0.727,0.875,0.877,0.625,0.762,0.846,0.778,
 1.000,0.769,0.410,0.586,0.786,0.803,0.953,0.918,0.875,0.909,0.750,0.222,
 0.816,0.727,0.800,0.840,0.851,0.904,0.676,0.667,0.556,0.923,0.851,0.686,
 0.682,0.902,0.800,0.500,0.000,0.619,0.000,0.400,0.937,0.750,0.842,0.609,
 0.750,0.897]
Testing Group Acc: [0.366,0.123,0.037]
Epoch [101] Testing Results: Prec@1 13.360 Prec@5 31.800 Loss 8.61033
Epoch [101] Testing Class Recall: [0.000,0.100,0.000,0.010,0.360,0.010,0.000,0.070,0.370,0.070,0.030,0.000,
 0.060,0.000,0.100,0.000,0.020,0.220,0.220,0.000,0.010,0.660,0.250,0.830,
 0.200,0.290,0.300,0.360,0.350,0.220,0.000,0.000,0.080,0.340,0.170,0.000,
 0.070,0.050,0.100,0.210,0.000,0.030,0.090,0.260,0.330,0.000,0.000,0.210,
 0.150,0.080,0.020,0.040,0.050,0.010,0.110,0.110,0.010,0.230,0.250,0.040,
 0.090,0.060,0.020,0.180,0.030,0.040,0.020,0.050,0.580,0.220,0.070,0.050,
 0.150,0.000,0.150,0.070,0.070,0.190,0.160,0.150,0.000,0.020,0.010,0.000,
 0.270,0.160,0.010,0.260,0.580,0.180,0.000,0.020,0.000,0.010,0.600,0.170,
 0.050,0.140,0.070,0.310]
Training Group Acc: [0.829,0.739,0.615]
Epoch [102] Training Results: Prec@1 79.240 Prec@5 97.880 Loss 0.66851
Epoch [102] Training Class Recall: [1.000,0.250,0.400,0.684,0.707,0.900,0.520,0.904,0.739,0.698,0.667,0.684,
 0.000,0.750,0.667,0.615,0.636,0.634,0.500,0.846,0.877,0.833,0.935,0.773,
 0.862,0.802,0.796,0.903,0.795,0.500,0.250,0.538,0.818,0.817,0.615,0.727,
 0.273,0.761,0.879,0.571,0.524,0.727,0.839,0.747,0.316,0.792,0.857,0.682,
 0.583,0.786,0.600,0.000,0.857,0.739,0.875,0.800,0.750,0.667,0.769,0.861,
 1.000,0.723,0.590,0.552,0.571,0.763,0.965,0.890,0.625,0.727,0.812,0.444,
 0.767,0.818,1.000,0.867,0.862,0.886,0.568,0.714,0.889,0.692,0.861,0.657,
 0.545,0.843,0.890,0.500,1.000,0.619,0.667,0.660,0.946,0.875,0.632,0.783,
 0.812,0.857]
Testing Group Acc: [0.327,0.133,0.049]
Epoch [102] Testing Results: Prec@1 13.610 Prec@5 31.320 Loss 8.60605
Epoch [102] Testing Class Recall: [0.000,0.010,0.000,0.030,0.010,0.010,0.000,0.010,0.290,0.260,0.080,0.000,
 0.110,0.000,0.080,0.030,0.050,0.130,0.290,0.010,0.020,0.390,0.360,0.730,
 0.050,0.180,0.320,0.240,0.360,0.070,0.000,0.010,0.100,0.140,0.250,0.060,
 0.010,0.080,0.170,0.140,0.000,0.020,0.100,0.340,0.100,0.010,0.000,0.320,
 0.050,0.050,0.050,0.010,0.070,0.010,0.140,0.160,0.040,0.340,0.080,0.140,
 0.200,0.080,0.010,0.140,0.040,0.020,0.010,0.080,0.510,0.430,0.260,0.120,
 0.090,0.000,0.070,0.290,0.110,0.050,0.270,0.420,0.000,0.020,0.020,0.140,
 0.250,0.000,0.010,0.530,0.670,0.050,0.000,0.020,0.000,0.000,0.770,0.290,
 0.140,0.020,0.040,0.330]
Training Group Acc: [0.803,0.687,0.618]
Epoch [103] Training Results: Prec@1 75.840 Prec@5 96.360 Loss 0.79252
Epoch [103] Training Class Recall: [1.000,0.125,0.600,0.632,0.732,0.667,0.360,0.894,0.826,0.605,0.533,0.684,
 0.625,0.636,0.429,0.538,0.636,0.634,0.083,0.615,0.899,0.825,0.931,0.807,
 0.759,0.770,0.783,0.891,0.675,0.500,0.500,0.500,0.764,0.633,0.846,0.773,
 0.364,0.776,0.924,0.500,0.619,0.424,0.696,0.731,0.316,0.583,0.786,0.727,
 0.750,0.286,0.400,1.000,0.607,0.693,0.875,0.785,0.750,0.714,0.769,0.833,
 1.000,0.800,0.692,0.690,0.786,0.763,0.941,0.849,0.708,0.727,0.708,0.556,
 0.796,0.727,0.800,0.853,0.798,0.877,0.432,0.857,0.556,0.615,0.743,0.514,
 0.545,0.765,0.806,0.722,1.000,0.524,0.333,0.560,0.928,0.781,0.789,0.478,
 0.438,0.865]
Testing Group Acc: [0.354,0.103,0.025]
Epoch [103] Testing Results: Prec@1 11.740 Prec@5 29.730 Loss 8.92272
Epoch [103] Testing Class Recall: [0.000,0.000,0.000,0.000,0.110,0.070,0.000,0.040,0.550,0.030,0.040,0.020,
 0.100,0.000,0.100,0.010,0.010,0.100,0.450,0.010,0.080,0.580,0.160,0.820,
 0.110,0.460,0.330,0.640,0.350,0.120,0.000,0.000,0.020,0.240,0.040,0.000,
 0.010,0.000,0.060,0.020,0.000,0.040,0.070,0.070,0.160,0.000,0.000,0.270,
 0.080,0.150,0.000,0.040,0.070,0.020,0.060,0.120,0.000,0.190,0.150,0.050,
 0.000,0.060,0.010,0.260,0.020,0.000,0.040,0.100,0.630,0.250,0.090,0.070,
 0.060,0.000,0.100,0.010,0.070,0.100,0.150,0.160,0.040,0.050,0.010,0.070,
 0.330,0.070,0.010,0.200,0.370,0.080,0.000,0.030,0.000,0.030,0.610,0.060,
 0.010,0.040,0.070,0.260]
Training Group Acc: [0.835,0.705,0.630]
Epoch [104] Training Results: Prec@1 77.980 Prec@5 96.600 Loss 0.74210
Epoch [104] Training Class Recall: [1.000,0.625,0.600,0.737,0.740,0.667,0.360,0.936,0.696,0.767,0.800,0.579,
 0.375,0.705,0.524,0.538,0.545,0.714,0.417,0.692,0.891,0.900,0.939,0.818,
 0.814,0.802,0.793,0.891,0.795,0.500,0.375,0.538,0.764,0.633,0.692,0.773,
 0.545,0.552,0.803,0.571,0.524,0.727,0.696,0.742,0.368,0.500,0.714,0.545,
 0.667,0.786,0.400,1.000,0.821,0.705,0.625,0.862,0.833,0.619,0.923,0.889,
 1.000,0.692,0.692,0.621,0.643,0.776,0.941,0.890,0.792,0.909,0.750,0.333,
 0.835,0.636,0.900,0.840,0.777,0.895,0.459,0.714,0.333,0.846,0.802,0.629,
 0.500,0.863,0.845,0.611,1.000,0.714,0.000,0.620,0.928,0.719,0.526,0.783,
 0.688,0.873]
Testing Group Acc: [0.341,0.140,0.046]
Epoch [104] Testing Results: Prec@1 14.040 Prec@5 31.800 Loss 8.73471
Epoch [104] Testing Class Recall: [0.000,0.070,0.010,0.070,0.140,0.260,0.000,0.040,0.540,0.260,0.020,0.000,
 0.050,0.000,0.060,0.060,0.050,0.260,0.270,0.030,0.040,0.480,0.240,0.840,
 0.020,0.230,0.370,0.250,0.470,0.140,0.000,0.000,0.080,0.110,0.140,0.030,
 0.010,0.010,0.030,0.120,0.010,0.050,0.080,0.200,0.340,0.020,0.000,0.230,
 0.340,0.160,0.060,0.010,0.050,0.010,0.110,0.020,0.010,0.340,0.400,0.080,
 0.010,0.030,0.000,0.090,0.050,0.000,0.060,0.090,0.690,0.480,0.110,0.060,
 0.080,0.000,0.110,0.240,0.120,0.010,0.210,0.250,0.030,0.000,0.010,0.030,
 0.390,0.100,0.020,0.480,0.420,0.030,0.000,0.030,0.000,0.120,0.610,0.340,
 0.030,0.030,0.110,0.250]
Training Group Acc: [0.885,0.788,0.717]
Epoch [105] Training Results: Prec@1 84.900 Prec@5 98.280 Loss 0.51197
Epoch [105] Training Class Recall: [0.000,0.750,0.600,0.816,0.740,0.933,0.680,0.936,0.826,0.744,0.800,0.737,
 0.750,0.841,0.762,0.538,0.727,0.786,0.667,0.808,0.942,0.900,0.951,0.864,
 0.931,0.861,0.901,0.954,0.872,0.500,0.500,0.577,0.927,0.850,0.692,0.818,
 0.818,0.776,0.909,0.714,0.714,0.848,0.821,0.830,0.632,0.792,0.786,0.591,
 0.667,0.643,0.600,1.000,0.893,0.795,0.875,0.815,0.958,0.857,0.769,0.167,
 0.750,0.877,0.846,0.621,0.786,0.763,1.000,0.890,0.708,1.000,0.812,0.444,
 0.845,0.909,0.700,0.853,0.894,0.930,0.784,0.810,0.778,0.692,0.842,0.800,
 0.545,0.824,0.897,0.833,1.000,0.667,0.667,0.760,0.955,0.875,0.895,0.739,
 0.812,0.913]
Testing Group Acc: [0.339,0.112,0.038]
Epoch [105] Testing Results: Prec@1 12.410 Prec@5 29.880 Loss 9.15666
Epoch [105] Testing Class Recall: [0.000,0.060,0.000,0.060,0.240,0.060,0.000,0.000,0.330,0.090,0.120,0.080,
 0.060,0.000,0.050,0.070,0.010,0.090,0.120,0.030,0.110,0.520,0.360,0.720,
 0.090,0.470,0.390,0.620,0.390,0.160,0.000,0.000,0.050,0.160,0.270,0.000,
 0.120,0.010,0.050,0.200,0.020,0.060,0.010,0.150,0.030,0.010,0.000,0.210,
 0.050,0.270,0.050,0.110,0.010,0.010,0.060,0.110,0.020,0.430,0.030,0.030,
 0.150,0.080,0.010,0.100,0.010,0.020,0.030,0.130,0.370,0.180,0.100,0.050,
 0.000,0.000,0.090,0.060,0.150,0.060,0.210,0.100,0.000,0.090,0.000,0.100,
 0.230,0.050,0.030,0.440,0.350,0.020,0.000,0.010,0.010,0.020,0.700,0.120,
 0.040,0.010,0.180,0.280]
Training Group Acc: [0.878,0.785,0.727]
Epoch [106] Training Results: Prec@1 84.100 Prec@5 98.540 Loss 0.50492
Epoch [106] Training Class Recall: [0.000,0.750,0.600,0.684,0.797,0.867,0.560,0.936,0.826,0.860,0.733,0.684,
 0.625,0.818,0.762,0.462,0.818,0.839,0.833,0.846,0.754,0.917,0.939,0.807,
 0.897,0.872,0.892,0.914,0.838,0.500,0.500,0.615,0.836,0.800,0.769,0.773,
 0.909,0.791,0.924,0.786,0.667,0.727,0.732,0.780,0.579,0.750,0.857,0.818,
 0.625,0.786,0.400,1.000,0.893,0.830,1.000,0.862,0.875,0.762,0.846,0.722,
 1.000,0.754,0.744,0.655,0.929,0.868,0.965,0.918,0.833,0.727,0.729,0.778,
 0.854,0.818,0.800,0.867,0.819,0.939,0.622,0.857,0.889,0.769,0.921,0.829,
 0.500,0.843,0.897,0.722,1.000,0.762,0.333,0.700,0.991,0.938,0.842,0.739,
 0.688,0.889]
Testing Group Acc: [0.374,0.140,0.050]
Epoch [106] Testing Results: Prec@1 14.730 Prec@5 33.490 Loss 9.08814
Epoch [106] Testing Class Recall: [0.000,0.100,0.020,0.040,0.130,0.080,0.000,0.080,0.610,0.110,0.090,0.030,
 0.110,0.000,0.180,0.080,0.040,0.420,0.210,0.020,0.080,0.820,0.290,0.820,
 0.110,0.260,0.270,0.650,0.260,0.360,0.000,0.010,0.030,0.380,0.130,0.000,
 0.070,0.050,0.030,0.130,0.040,0.040,0.150,0.350,0.150,0.030,0.000,0.110,
 0.260,0.130,0.030,0.010,0.000,0.020,0.060,0.020,0.030,0.370,0.330,0.070,
 0.060,0.070,0.000,0.090,0.060,0.010,0.050,0.140,0.540,0.220,0.090,0.060,
 0.030,0.000,0.100,0.040,0.090,0.050,0.330,0.210,0.040,0.090,0.000,0.050,
 0.250,0.170,0.120,0.330,0.580,0.100,0.000,0.010,0.000,0.050,0.630,0.120,
 0.020,0.130,0.140,0.360]
Training Group Acc: [0.884,0.809,0.725]
Epoch [107] Training Results: Prec@1 85.120 Prec@5 98.900 Loss 0.46890
Epoch [107] Training Class Recall: [0.000,0.750,0.400,0.684,0.772,0.867,0.520,0.883,0.913,0.721,0.733,0.737,
 0.750,0.795,0.952,0.538,0.818,0.821,0.833,0.885,0.928,0.908,0.972,0.875,
 0.945,0.840,0.895,0.943,0.829,1.000,0.750,0.615,0.873,0.850,0.769,0.909,
 0.636,0.866,0.894,0.714,0.857,0.879,0.821,0.819,0.579,0.750,0.643,0.818,
 0.792,0.786,0.400,1.000,0.643,0.761,0.625,0.862,0.917,0.810,0.769,0.889,
 0.750,0.785,0.564,0.655,0.643,0.816,0.965,0.959,0.792,1.000,0.812,0.333,
 0.786,0.909,0.900,0.907,0.904,0.886,0.622,0.857,0.889,0.923,0.901,0.800,
 0.636,0.863,0.929,0.556,1.000,0.810,1.000,0.640,0.964,0.812,0.842,0.913,
 0.688,0.897]
Testing Group Acc: [0.396,0.112,0.041]
Epoch [107] Testing Results: Prec@1 13.450 Prec@5 31.120 Loss 9.53938
Epoch [107] Testing Class Recall: [0.000,0.060,0.020,0.050,0.450,0.010,0.000,0.120,0.500,0.150,0.130,0.030,
 0.060,0.000,0.270,0.020,0.010,0.230,0.290,0.000,0.070,0.720,0.440,0.780,
 0.110,0.420,0.440,0.340,0.420,0.180,0.000,0.000,0.030,0.410,0.030,0.000,
 0.030,0.030,0.050,0.130,0.000,0.030,0.040,0.180,0.280,0.050,0.000,0.280,
 0.260,0.040,0.030,0.020,0.010,0.010,0.020,0.080,0.030,0.370,0.030,0.010,
 0.020,0.030,0.030,0.170,0.020,0.020,0.060,0.110,0.550,0.350,0.070,0.090,
 0.040,0.000,0.110,0.050,0.180,0.020,0.170,0.200,0.010,0.010,0.000,0.020,
 0.240,0.040,0.030,0.220,0.460,0.010,0.000,0.010,0.010,0.040,0.620,0.080,
 0.060,0.040,0.120,0.340]
Training Group Acc: [0.886,0.804,0.754]
Epoch [108] Training Results: Prec@1 85.220 Prec@5 98.640 Loss 0.47981
Epoch [108] Training Class Recall: [1.000,0.625,0.800,0.684,0.715,0.900,0.640,0.957,0.957,0.767,0.667,0.789,
 0.750,0.795,0.857,0.692,0.727,0.830,0.750,0.923,0.942,0.917,0.939,0.864,
 0.917,0.856,0.895,0.983,0.761,0.500,0.625,0.731,0.891,0.783,0.692,0.727,
 0.909,0.776,0.955,0.643,0.714,0.848,0.857,0.830,0.579,0.875,0.786,0.727,
 0.542,0.429,0.400,1.000,0.750,0.727,0.875,0.877,0.875,0.905,0.769,0.889,
 1.000,0.892,0.718,0.828,0.857,0.908,0.976,0.877,0.875,0.909,0.771,0.667,
 0.874,0.636,0.900,0.853,0.904,0.921,0.649,0.619,0.889,0.846,0.931,0.657,
 0.773,0.882,0.910,0.611,1.000,0.667,0.667,0.600,0.955,0.719,0.842,0.826,
 0.812,0.881]
Testing Group Acc: [0.333,0.118,0.035]
Epoch [108] Testing Results: Prec@1 12.450 Prec@5 31.270 Loss 9.66174
Epoch [108] Testing Class Recall: [0.000,0.050,0.010,0.040,0.140,0.050,0.000,0.010,0.520,0.090,0.040,0.030,
 0.220,0.020,0.160,0.080,0.020,0.150,0.190,0.000,0.090,0.480,0.390,0.600,
 0.270,0.420,0.470,0.240,0.450,0.050,0.000,0.010,0.130,0.390,0.260,0.080,
 0.020,0.000,0.080,0.120,0.010,0.050,0.070,0.250,0.350,0.020,0.000,0.140,
 0.070,0.070,0.010,0.060,0.020,0.010,0.180,0.050,0.030,0.210,0.120,0.050,
 0.000,0.070,0.000,0.100,0.070,0.010,0.020,0.060,0.500,0.230,0.090,0.030,
 0.020,0.000,0.060,0.060,0.050,0.050,0.160,0.240,0.000,0.050,0.030,0.080,
 0.250,0.130,0.110,0.120,0.470,0.040,0.000,0.010,0.000,0.050,0.470,0.140,
 0.130,0.020,0.000,0.390]
Training Group Acc: [0.775,0.693,0.527]
Epoch [109] Training Results: Prec@1 74.640 Prec@5 96.480 Loss 0.84727
Epoch [109] Training Class Recall: [0.000,0.500,0.800,0.789,0.675,0.733,0.520,0.883,0.739,0.558,0.800,0.737,
 0.500,0.659,0.429,0.308,0.545,0.723,0.500,0.615,0.761,0.875,0.935,0.761,
 0.766,0.781,0.839,0.886,0.632,0.000,0.500,0.538,0.709,0.633,0.692,0.682,
 0.636,0.627,0.803,0.786,0.714,0.667,0.786,0.648,0.263,0.542,0.500,0.727,
 0.583,0.714,0.400,0.000,0.714,0.739,0.750,0.846,0.708,0.857,0.692,0.806,
 1.000,0.754,0.615,0.621,0.714,0.697,0.918,0.890,0.708,0.455,0.479,0.556,
 0.660,0.727,0.500,0.773,0.745,0.842,0.486,0.714,0.778,0.769,0.802,0.743,
 0.455,0.804,0.826,0.556,0.000,0.667,0.000,0.580,0.793,0.719,0.737,0.826,
 0.500,0.738]
Testing Group Acc: [0.292,0.080,0.016]
Epoch [109] Testing Results: Prec@1 9.290 Prec@5 25.430 Loss 11.67916
Epoch [109] Testing Class Recall: [0.000,0.010,0.000,0.010,0.130,0.090,0.000,0.040,0.340,0.020,0.040,0.010,
 0.030,0.000,0.040,0.050,0.010,0.010,0.110,0.000,0.100,0.310,0.200,0.760,
 0.260,0.300,0.330,0.710,0.210,0.080,0.000,0.000,0.010,0.140,0.030,0.010,
 0.020,0.010,0.080,0.100,0.000,0.000,0.050,0.120,0.210,0.030,0.000,0.080,
 0.170,0.000,0.020,0.000,0.020,0.020,0.040,0.050,0.030,0.110,0.080,0.010,
 0.010,0.010,0.000,0.100,0.010,0.000,0.010,0.110,0.430,0.210,0.040,0.040,
 0.010,0.000,0.140,0.040,0.020,0.050,0.330,0.170,0.010,0.000,0.000,0.010,
 0.050,0.020,0.040,0.190,0.430,0.010,0.000,0.000,0.000,0.170,0.510,0.070,
 0.050,0.030,0.020,0.310]
Training Group Acc: [0.885,0.817,0.696]
Epoch [110] Training Results: Prec@1 85.780 Prec@5 98.920 Loss 0.45760
Epoch [110] Training Class Recall: [0.000,0.750,0.400,0.842,0.789,0.800,0.600,0.904,0.913,0.791,0.867,0.842,
 0.875,0.750,0.810,0.692,0.818,0.768,0.583,0.769,0.913,0.867,0.959,0.909,
 0.897,0.861,0.907,0.937,0.855,0.500,0.250,0.808,0.855,0.750,0.923,0.818,
 0.909,0.851,0.955,0.643,0.762,0.818,0.839,0.857,0.421,0.958,0.714,0.818,
 0.708,0.929,0.600,1.000,0.821,0.852,1.000,0.938,0.875,0.810,0.769,0.889,
 1.000,0.815,0.744,0.724,0.643,0.882,0.976,0.890,0.750,1.000,0.688,0.778,
 0.864,0.909,1.000,0.840,0.851,0.930,0.595,0.857,1.000,1.000,0.842,0.829,
 0.636,0.941,0.935,0.556,0.000,0.762,0.000,0.640,0.946,0.875,0.737,0.913,
 0.562,0.913]
Testing Group Acc: [0.356,0.130,0.041]
Epoch [110] Testing Results: Prec@1 13.680 Prec@5 32.630 Loss 8.63923
Epoch [110] Testing Class Recall: [0.000,0.070,0.000,0.020,0.100,0.210,0.000,0.000,0.390,0.070,0.060,0.010,
 0.050,0.000,0.080,0.150,0.000,0.160,0.210,0.020,0.110,0.540,0.240,0.830,
 0.160,0.490,0.390,0.430,0.410,0.120,0.000,0.000,0.030,0.220,0.200,0.000,
 0.060,0.050,0.050,0.180,0.070,0.040,0.120,0.210,0.160,0.020,0.000,0.070,
 0.130,0.030,0.010,0.010,0.070,0.030,0.080,0.040,0.000,0.480,0.350,0.070,
 0.070,0.160,0.010,0.110,0.030,0.050,0.010,0.080,0.510,0.370,0.150,0.090,
 0.080,0.000,0.330,0.090,0.070,0.100,0.060,0.290,0.010,0.040,0.020,0.080,
 0.170,0.210,0.070,0.280,0.240,0.030,0.000,0.020,0.000,0.100,0.790,0.150,
 0.190,0.060,0.140,0.320]
Training Group Acc: [0.817,0.712,0.646]
Epoch [111] Training Results: Prec@1 77.480 Prec@5 96.620 Loss 0.77047
Epoch [111] Training Class Recall: [0.000,0.625,1.000,0.421,0.683,0.833,0.320,0.872,0.783,0.698,0.667,0.632,
 0.750,0.682,0.667,0.538,0.727,0.670,0.583,0.731,0.870,0.875,0.943,0.761,
 0.848,0.818,0.842,0.897,0.786,1.000,0.375,0.538,0.855,0.717,0.538,0.591,
 0.727,0.642,0.924,0.643,0.667,0.758,0.804,0.687,0.368,0.708,0.500,0.591,
 0.708,0.714,0.600,1.000,0.821,0.716,1.000,0.800,0.917,0.714,0.923,0.778,
 1.000,0.738,0.692,0.517,0.714,0.763,0.953,0.849,0.625,0.909,0.625,0.333,
 0.777,0.727,0.700,0.840,0.585,0.746,0.595,0.714,0.778,0.769,0.832,0.714,
 0.682,0.725,0.845,0.611,0.000,0.667,0.333,0.560,0.964,0.812,0.737,0.783,
 0.438,0.810]
Testing Group Acc: [0.362,0.116,0.036]
Epoch [111] Testing Results: Prec@1 12.900 Prec@5 31.110 Loss 8.71852
Epoch [111] Testing Class Recall: [0.000,0.090,0.000,0.100,0.140,0.040,0.000,0.070,0.350,0.120,0.100,0.000,
 0.120,0.000,0.000,0.020,0.010,0.100,0.320,0.010,0.030,0.740,0.270,0.690,
 0.040,0.280,0.280,0.600,0.400,0.130,0.000,0.000,0.150,0.360,0.140,0.010,
 0.000,0.000,0.060,0.120,0.010,0.050,0.020,0.100,0.310,0.040,0.000,0.110,
 0.100,0.130,0.040,0.050,0.050,0.020,0.050,0.070,0.020,0.320,0.040,0.160,
 0.000,0.050,0.000,0.020,0.080,0.020,0.020,0.150,0.620,0.460,0.090,0.060,
 0.040,0.000,0.080,0.020,0.250,0.050,0.180,0.130,0.080,0.040,0.000,0.100,
 0.340,0.270,0.040,0.250,0.300,0.030,0.000,0.010,0.000,0.040,0.700,0.160,
 0.050,0.000,0.150,0.440]
Training Group Acc: [0.859,0.786,0.736]
Epoch [112] Training Results: Prec@1 82.880 Prec@5 98.300 Loss 0.55982
Epoch [112] Training Class Recall: [0.000,0.625,0.800,0.763,0.772,0.867,0.520,0.904,0.957,0.791,0.800,0.789,
 0.750,0.545,0.762,0.615,0.818,0.759,0.750,0.885,0.913,0.900,0.947,0.875,
 0.869,0.786,0.858,0.943,0.821,1.000,0.500,0.769,0.800,0.783,0.692,0.864,
 0.545,0.761,0.939,0.643,0.667,0.727,0.768,0.758,0.526,0.875,0.786,0.636,
 0.792,0.786,0.600,1.000,0.786,0.807,0.875,0.815,0.917,0.762,0.846,0.806,
 0.750,0.785,0.590,0.690,0.643,0.868,0.941,0.918,0.792,1.000,0.583,0.333,
 0.786,0.909,0.900,0.933,0.819,0.895,0.486,0.810,0.889,0.923,0.851,0.800,
 0.773,0.824,0.865,0.667,1.000,0.810,0.667,0.720,0.991,0.875,0.895,0.783,
 0.688,0.897]
Testing Group Acc: [0.383,0.103,0.024]
Epoch [112] Testing Results: Prec@1 12.210 Prec@5 28.440 Loss 9.76798
Epoch [112] Testing Class Recall: [0.000,0.060,0.000,0.010,0.090,0.030,0.000,0.080,0.390,0.040,0.040,0.020,
 0.020,0.010,0.240,0.050,0.000,0.080,0.350,0.000,0.050,0.650,0.280,0.800,
 0.160,0.520,0.380,0.570,0.560,0.150,0.000,0.000,0.040,0.100,0.180,0.000,
 0.010,0.020,0.020,0.160,0.010,0.010,0.030,0.070,0.070,0.000,0.000,0.090,
 0.090,0.040,0.000,0.030,0.040,0.010,0.020,0.060,0.050,0.360,0.120,0.020,
 0.010,0.130,0.040,0.100,0.060,0.000,0.050,0.160,0.640,0.250,0.080,0.070,
 0.020,0.000,0.230,0.060,0.020,0.020,0.140,0.170,0.060,0.020,0.010,0.100,
 0.200,0.060,0.050,0.450,0.430,0.020,0.000,0.050,0.010,0.050,0.740,0.060,
 0.000,0.020,0.030,0.320]
Training Group Acc: [0.832,0.692,0.668]
Epoch [113] Training Results: Prec@1 77.880 Prec@5 96.980 Loss 0.74449
Epoch [113] Training Class Recall: [1.000,0.625,0.200,0.263,0.667,0.733,0.200,0.926,0.652,0.767,0.600,0.632,
 0.875,0.568,0.667,0.538,0.636,0.670,0.583,0.808,0.862,0.883,0.862,0.750,
 0.876,0.775,0.870,0.937,0.846,0.500,0.250,0.577,0.782,0.767,0.923,0.727,
 0.636,0.687,0.879,0.643,0.571,0.727,0.768,0.758,0.579,0.625,0.786,0.682,
 0.667,0.500,0.400,1.000,0.714,0.761,0.750,0.908,0.792,0.810,0.615,0.806,
 1.000,0.708,0.538,0.517,0.714,0.829,0.965,0.877,0.708,0.818,0.562,0.333,
 0.777,0.818,0.800,0.787,0.798,0.877,0.432,0.714,0.556,0.538,0.822,0.686,
 0.545,0.863,0.852,0.722,1.000,0.571,1.000,0.580,0.946,0.562,0.579,0.696,
 0.562,0.857]
Testing Group Acc: [0.350,0.115,0.033]
Epoch [113] Testing Results: Prec@1 12.540 Prec@5 30.850 Loss 9.43656
Epoch [113] Testing Class Recall: [0.000,0.030,0.000,0.020,0.200,0.000,0.000,0.050,0.460,0.020,0.100,0.020,
 0.130,0.000,0.080,0.070,0.000,0.220,0.240,0.000,0.120,0.640,0.300,0.710,
 0.170,0.340,0.390,0.400,0.500,0.200,0.000,0.010,0.040,0.340,0.150,0.000,
 0.020,0.000,0.040,0.070,0.010,0.020,0.080,0.130,0.340,0.010,0.000,0.150,
 0.140,0.120,0.020,0.040,0.080,0.000,0.030,0.050,0.030,0.370,0.100,0.000,
 0.020,0.050,0.010,0.180,0.100,0.040,0.010,0.110,0.550,0.220,0.060,0.060,
 0.050,0.010,0.120,0.030,0.090,0.070,0.250,0.250,0.030,0.020,0.000,0.030,
 0.190,0.150,0.080,0.350,0.370,0.050,0.000,0.050,0.000,0.050,0.380,0.130,
 0.160,0.030,0.010,0.380]
Training Group Acc: [0.850,0.757,0.613]
Epoch [114] Training Results: Prec@1 80.780 Prec@5 97.760 Loss 0.62026
Epoch [114] Training Class Recall: [0.000,0.500,0.200,0.711,0.724,0.433,0.560,0.915,0.826,0.744,0.600,0.684,
 0.625,0.636,0.714,0.538,0.818,0.741,0.667,0.885,0.913,0.883,0.878,0.830,
 0.869,0.797,0.879,0.937,0.846,0.000,0.625,0.654,0.836,0.717,0.615,0.682,
 0.455,0.716,0.924,0.714,0.714,0.667,0.786,0.802,0.579,0.875,0.714,0.727,
 0.625,0.643,0.200,1.000,0.821,0.761,1.000,0.815,0.750,0.810,1.000,0.806,
 0.750,0.785,0.513,0.690,0.714,0.711,0.929,0.849,0.833,0.818,0.750,0.444,
 0.816,0.909,0.700,0.880,0.819,0.877,0.595,0.810,0.444,0.615,0.812,0.829,
 0.818,0.824,0.884,0.556,1.000,0.619,0.333,0.700,0.919,0.812,0.895,0.870,
 0.500,0.873]
Testing Group Acc: [0.415,0.127,0.042]
Epoch [114] Testing Results: Prec@1 14.540 Prec@5 32.410 Loss 8.97214
Epoch [114] Testing Class Recall: [0.000,0.040,0.000,0.040,0.310,0.040,0.000,0.020,0.500,0.200,0.010,0.060,
 0.170,0.020,0.150,0.120,0.010,0.100,0.290,0.010,0.030,0.610,0.330,0.780,
 0.210,0.260,0.290,0.570,0.570,0.240,0.000,0.000,0.030,0.330,0.080,0.020,
 0.010,0.030,0.100,0.150,0.040,0.090,0.110,0.350,0.150,0.010,0.000,0.140,
 0.260,0.010,0.020,0.020,0.020,0.020,0.120,0.110,0.020,0.380,0.060,0.030,
 0.020,0.060,0.020,0.120,0.030,0.020,0.040,0.050,0.620,0.280,0.070,0.100,
 0.040,0.000,0.160,0.020,0.130,0.050,0.260,0.190,0.050,0.020,0.020,0.020,
 0.410,0.060,0.010,0.430,0.700,0.110,0.000,0.000,0.000,0.030,0.780,0.240,
 0.080,0.100,0.100,0.410]
Training Group Acc: [0.884,0.827,0.777]
Epoch [115] Training Results: Prec@1 86.160 Prec@5 98.880 Loss 0.45162
Epoch [115] Training Class Recall: [1.000,0.750,0.600,0.868,0.821,0.733,0.480,0.936,0.913,0.860,0.867,0.789,
 0.875,0.773,0.857,0.846,0.818,0.768,0.917,0.808,0.942,0.908,0.951,0.989,
 0.883,0.866,0.873,0.937,0.838,1.000,0.500,0.885,0.891,0.783,0.462,0.818,
 0.818,0.806,0.955,0.929,0.571,0.848,0.804,0.830,0.737,0.875,0.714,0.864,
 0.917,0.786,0.600,1.000,0.786,0.830,1.000,0.862,0.667,0.857,0.846,0.806,
 0.500,0.892,0.718,0.690,0.714,0.855,0.976,0.836,0.875,0.909,0.875,0.778,
 0.893,0.455,0.900,0.933,0.862,0.895,0.730,0.857,0.667,0.846,0.901,0.800,
 0.727,0.882,0.890,0.611,1.000,0.762,0.667,0.780,0.919,0.938,0.895,0.826,
 0.625,0.905]
Testing Group Acc: [0.362,0.144,0.049]
Epoch [115] Testing Results: Prec@1 14.720 Prec@5 34.280 Loss 8.37032
Epoch [115] Testing Class Recall: [0.000,0.060,0.000,0.050,0.190,0.040,0.000,0.000,0.260,0.140,0.080,0.040,
 0.110,0.030,0.050,0.070,0.000,0.420,0.090,0.000,0.100,0.620,0.300,0.830,
 0.150,0.400,0.310,0.320,0.370,0.180,0.000,0.000,0.040,0.270,0.320,0.030,
 0.080,0.090,0.090,0.160,0.000,0.040,0.040,0.400,0.230,0.010,0.000,0.220,
 0.060,0.010,0.020,0.040,0.020,0.010,0.140,0.130,0.030,0.470,0.430,0.090,
 0.090,0.050,0.020,0.150,0.030,0.060,0.060,0.160,0.680,0.200,0.090,0.020,
 0.060,0.000,0.260,0.120,0.180,0.040,0.340,0.230,0.010,0.130,0.000,0.070,
 0.240,0.080,0.040,0.440,0.630,0.070,0.000,0.050,0.010,0.090,0.630,0.160,
 0.140,0.030,0.050,0.330]
Training Group Acc: [0.879,0.806,0.740]
Epoch [116] Training Results: Prec@1 84.840 Prec@5 98.780 Loss 0.49145
Epoch [116] Training Class Recall: [1.000,0.625,0.600,0.763,0.650,0.700,0.480,0.851,0.870,0.651,0.933,0.789,
 0.750,0.795,0.857,0.769,0.545,0.866,0.667,0.769,0.920,0.942,0.943,0.886,
 0.897,0.882,0.882,0.977,0.897,0.500,0.375,0.577,0.836,0.817,0.769,0.909,
 0.727,0.821,0.879,0.857,0.905,0.758,0.893,0.758,0.474,0.792,0.786,0.818,
 0.792,0.643,0.800,1.000,0.821,0.852,0.875,0.923,0.792,0.857,0.923,0.972,
 1.000,0.846,0.590,0.690,0.429,0.842,0.929,0.849,0.917,0.818,0.812,0.667,
 0.777,1.000,1.000,0.907,0.851,0.912,0.622,0.857,0.667,0.923,0.881,0.886,
 0.455,0.941,0.865,0.778,0.000,0.714,1.000,0.720,1.000,0.969,0.842,0.826,
 0.625,0.889]
Testing Group Acc: [0.342,0.122,0.034]
Epoch [116] Testing Results: Prec@1 12.770 Prec@5 30.440 Loss 10.03248
Epoch [116] Testing Class Recall: [0.000,0.020,0.000,0.000,0.110,0.030,0.000,0.010,0.510,0.090,0.060,0.000,
 0.070,0.010,0.060,0.080,0.000,0.070,0.180,0.000,0.020,0.400,0.220,0.770,
 0.070,0.530,0.420,0.470,0.360,0.160,0.000,0.000,0.040,0.250,0.120,0.020,
 0.200,0.030,0.050,0.230,0.010,0.010,0.030,0.130,0.230,0.030,0.000,0.110,
 0.190,0.050,0.020,0.030,0.040,0.020,0.040,0.070,0.020,0.340,0.400,0.080,
 0.060,0.040,0.010,0.170,0.030,0.040,0.050,0.060,0.720,0.340,0.080,0.050,
 0.120,0.000,0.170,0.170,0.100,0.080,0.380,0.220,0.040,0.000,0.000,0.010,
 0.400,0.030,0.040,0.130,0.320,0.040,0.000,0.030,0.010,0.000,0.620,0.230,
 0.080,0.060,0.100,0.230]
Training Group Acc: [0.891,0.831,0.788]
Epoch [117] Training Results: Prec@1 86.820 Prec@5 99.400 Loss 0.41034
Epoch [117] Training Class Recall: [1.000,0.875,0.800,0.868,0.821,0.867,0.720,0.915,0.826,0.860,0.867,0.842,
 0.875,0.773,0.714,0.615,0.545,0.768,0.917,0.923,0.935,0.917,0.943,0.886,
 0.897,0.898,0.923,0.949,0.821,1.000,0.500,0.692,0.891,0.800,0.846,0.818,
 0.818,0.746,0.894,0.786,0.762,0.788,0.857,0.857,0.684,0.792,0.571,0.955,
 0.875,0.857,0.600,1.000,0.929,0.920,0.875,0.846,0.792,0.810,1.000,0.889,
 1.000,0.862,0.692,0.759,0.857,0.882,0.965,0.904,0.875,1.000,0.875,0.778,
 0.835,0.636,0.900,0.893,0.830,0.904,0.649,0.905,0.778,0.769,0.851,0.829,
 0.773,0.784,0.929,0.611,0.000,0.714,1.000,0.740,0.964,0.938,0.947,0.783,
 0.625,0.929]
Testing Group Acc: [0.358,0.125,0.041]
Epoch [117] Testing Results: Prec@1 13.470 Prec@5 31.710 Loss 9.65024
Epoch [117] Testing Class Recall: [0.000,0.030,0.000,0.060,0.250,0.080,0.000,0.030,0.390,0.150,0.040,0.020,
 0.130,0.000,0.000,0.040,0.020,0.190,0.130,0.010,0.020,0.550,0.330,0.800,
 0.200,0.200,0.340,0.460,0.490,0.090,0.000,0.010,0.020,0.210,0.090,0.030,
 0.150,0.000,0.090,0.160,0.000,0.050,0.060,0.240,0.170,0.010,0.000,0.090,
 0.100,0.030,0.000,0.060,0.050,0.000,0.120,0.030,0.080,0.300,0.180,0.070,
 0.080,0.050,0.010,0.160,0.130,0.000,0.030,0.110,0.510,0.280,0.090,0.040,
 0.030,0.010,0.160,0.080,0.180,0.050,0.320,0.220,0.000,0.000,0.020,0.060,
 0.340,0.240,0.010,0.660,0.610,0.040,0.000,0.010,0.010,0.070,0.640,0.160,
 0.020,0.110,0.170,0.310]
Training Group Acc: [0.858,0.752,0.679]
Epoch [118] Training Results: Prec@1 81.200 Prec@5 97.620 Loss 0.63093
Epoch [118] Training Class Recall: [1.000,0.375,0.400,0.737,0.740,0.867,0.480,0.894,0.826,0.698,0.533,0.737,
 0.625,0.364,0.714,0.462,0.727,0.723,0.583,0.731,0.906,0.858,0.939,0.818,
 0.862,0.759,0.854,0.931,0.718,0.500,0.625,0.731,0.855,0.767,0.923,1.000,
 0.727,0.776,0.848,0.643,0.476,0.667,0.857,0.802,0.526,0.792,0.786,0.682,
 0.792,0.714,0.800,1.000,0.893,0.750,0.875,0.846,0.625,0.810,0.769,0.889,
 0.750,0.862,0.769,0.621,0.714,0.829,0.929,0.904,0.917,0.727,0.771,0.444,
 0.883,0.727,0.800,0.907,0.819,0.956,0.595,0.619,0.667,0.692,0.871,0.429,
 0.500,0.745,0.903,0.444,1.000,0.857,0.333,0.600,0.973,0.719,0.842,0.783,
 0.625,0.897]
Testing Group Acc: [0.307,0.106,0.041]
Epoch [118] Testing Results: Prec@1 11.650 Prec@5 28.670 Loss 9.97445
Epoch [118] Testing Class Recall: [0.000,0.070,0.000,0.010,0.040,0.050,0.000,0.020,0.510,0.150,0.090,0.020,
 0.160,0.000,0.030,0.030,0.060,0.060,0.230,0.010,0.120,0.370,0.350,0.620,
 0.150,0.220,0.500,0.430,0.440,0.080,0.000,0.000,0.040,0.250,0.130,0.030,
 0.010,0.000,0.020,0.220,0.020,0.040,0.000,0.010,0.110,0.020,0.000,0.140,
 0.040,0.070,0.050,0.040,0.010,0.000,0.170,0.050,0.040,0.290,0.120,0.030,
 0.060,0.060,0.000,0.090,0.020,0.010,0.060,0.130,0.440,0.290,0.180,0.070,
 0.090,0.000,0.030,0.120,0.200,0.010,0.320,0.170,0.000,0.020,0.000,0.120,
 0.260,0.050,0.020,0.260,0.180,0.030,0.000,0.000,0.000,0.010,0.740,0.160,
 0.080,0.010,0.140,0.450]
Training Group Acc: [0.840,0.752,0.664]
Epoch [119] Training Results: Prec@1 80.620 Prec@5 97.780 Loss 0.63288
Epoch [119] Training Class Recall: [1.000,0.375,0.600,0.842,0.732,0.833,0.600,0.926,0.739,0.791,0.800,0.579,
 0.500,0.705,0.810,0.538,0.909,0.777,0.667,0.731,0.891,0.875,0.927,0.864,
 0.807,0.850,0.830,0.926,0.786,0.500,0.500,0.692,0.818,0.717,0.769,0.818,
 0.636,0.761,0.939,0.714,0.619,0.788,0.661,0.780,0.474,0.833,0.714,0.682,
 0.708,0.857,0.400,0.000,0.857,0.830,0.750,0.877,0.833,0.524,0.923,0.861,
 0.500,0.862,0.564,0.621,0.714,0.855,0.965,0.740,0.875,0.636,0.771,0.556,
 0.806,0.727,0.900,0.827,0.787,0.886,0.514,0.571,0.778,0.846,0.842,0.686,
 0.682,0.686,0.839,0.778,1.000,0.762,0.333,0.560,0.928,0.562,0.737,0.783,
 0.875,0.802]
Testing Group Acc: [0.361,0.118,0.038]
Epoch [119] Testing Results: Prec@1 13.030 Prec@5 31.490 Loss 9.52318
Epoch [119] Testing Class Recall: [0.000,0.080,0.020,0.030,0.190,0.030,0.000,0.040,0.430,0.080,0.020,0.010,
 0.090,0.040,0.250,0.110,0.010,0.100,0.210,0.070,0.080,0.560,0.160,0.810,
 0.080,0.450,0.260,0.190,0.440,0.260,0.000,0.000,0.020,0.330,0.300,0.010,
 0.000,0.010,0.040,0.050,0.020,0.120,0.060,0.200,0.230,0.040,0.000,0.050,
 0.260,0.060,0.040,0.040,0.020,0.020,0.030,0.080,0.040,0.290,0.220,0.060,
 0.020,0.020,0.030,0.060,0.020,0.000,0.020,0.060,0.500,0.220,0.050,0.070,
 0.020,0.000,0.100,0.120,0.080,0.090,0.230,0.160,0.020,0.170,0.000,0.040,
 0.490,0.050,0.060,0.680,0.470,0.020,0.000,0.010,0.000,0.010,0.700,0.130,
 0.010,0.040,0.070,0.450]
Training Group Acc: [0.891,0.815,0.780]
Epoch [120] Training Results: Prec@1 86.100 Prec@5 99.120 Loss 0.45951
Epoch [120] Training Class Recall: [1.000,0.875,0.800,0.816,0.797,0.833,0.560,0.957,0.913,0.860,0.867,0.842,
 1.000,0.773,0.905,0.615,0.636,0.795,0.750,0.846,0.949,0.942,0.935,0.920,
 0.903,0.888,0.879,0.971,0.855,0.500,0.375,0.615,0.927,0.783,0.923,0.864,
 0.818,0.746,0.939,0.786,0.762,0.788,0.893,0.830,0.895,0.958,0.714,0.773,
 0.708,0.929,0.600,1.000,0.857,0.773,0.875,0.908,0.875,0.857,0.769,0.861,
 1.000,0.785,0.692,0.655,0.786,0.829,0.941,0.904,0.917,0.727,0.792,0.556,
 0.796,0.818,0.700,0.893,0.904,0.930,0.676,0.857,1.000,0.923,0.901,0.829,
 0.682,0.941,0.903,0.611,1.000,0.667,0.333,0.700,0.964,0.656,0.684,0.696,
 0.812,0.905]
Testing Group Acc: [0.384,0.118,0.040]
Epoch [120] Testing Results: Prec@1 13.510 Prec@5 33.450 Loss 9.96641
Epoch [120] Testing Class Recall: [0.000,0.060,0.000,0.010,0.150,0.050,0.000,0.040,0.590,0.120,0.100,0.020,
 0.210,0.000,0.040,0.000,0.110,0.110,0.210,0.000,0.080,0.590,0.420,0.780,
 0.160,0.330,0.330,0.790,0.320,0.140,0.000,0.020,0.140,0.400,0.110,0.040,
 0.010,0.020,0.060,0.200,0.020,0.080,0.020,0.060,0.140,0.020,0.000,0.140,
 0.190,0.040,0.030,0.030,0.020,0.010,0.090,0.040,0.000,0.260,0.130,0.030,
 0.040,0.080,0.000,0.120,0.020,0.010,0.030,0.100,0.590,0.280,0.130,0.060,
 0.010,0.000,0.050,0.040,0.180,0.050,0.250,0.180,0.000,0.120,0.000,0.040,
 0.360,0.090,0.040,0.390,0.560,0.040,0.000,0.000,0.000,0.010,0.780,0.230,
 0.110,0.000,0.020,0.390]
Training Group Acc: [0.839,0.763,0.737]
Epoch [121] Training Results: Prec@1 81.140 Prec@5 97.980 Loss 0.61292
Epoch [121] Training Class Recall: [1.000,0.625,0.600,0.632,0.732,0.833,0.400,0.926,0.826,0.814,0.667,0.789,
 0.750,0.750,0.619,0.769,0.818,0.768,0.583,0.923,0.899,0.900,0.902,0.841,
 0.869,0.840,0.768,0.937,0.786,0.000,0.875,0.731,0.873,0.783,0.692,0.864,
 0.636,0.836,0.894,0.714,0.571,0.515,0.804,0.808,0.421,0.625,0.786,0.909,
 0.708,0.714,0.800,1.000,0.893,0.818,0.625,0.815,0.750,0.762,0.923,0.889,
 1.000,0.738,0.641,0.552,0.643,0.789,0.976,0.863,0.833,1.000,0.688,0.556,
 0.553,0.727,0.900,0.880,0.809,0.886,0.595,0.810,0.667,0.923,0.901,0.771,
 0.591,0.863,0.884,0.667,1.000,0.667,0.667,0.540,0.964,0.875,0.842,0.783,
 0.688,0.873]
Testing Group Acc: [0.352,0.081,0.018]
Epoch [121] Testing Results: Prec@1 10.440 Prec@5 26.300 Loss 11.36054
Epoch [121] Testing Class Recall: [0.000,0.060,0.000,0.090,0.190,0.000,0.000,0.050,0.230,0.130,0.090,0.000,
 0.090,0.000,0.050,0.040,0.000,0.030,0.280,0.000,0.040,0.560,0.170,0.860,
 0.100,0.200,0.280,0.380,0.520,0.230,0.000,0.000,0.020,0.230,0.000,0.010,
 0.000,0.000,0.010,0.120,0.020,0.010,0.040,0.040,0.180,0.040,0.000,0.090,
 0.090,0.000,0.020,0.000,0.020,0.010,0.070,0.130,0.030,0.200,0.040,0.050,
 0.010,0.060,0.010,0.110,0.080,0.020,0.020,0.040,0.380,0.310,0.090,0.060,
 0.080,0.000,0.100,0.080,0.040,0.080,0.140,0.180,0.000,0.010,0.000,0.000,
 0.220,0.020,0.010,0.330,0.920,0.020,0.000,0.000,0.000,0.060,0.440,0.080,
 0.020,0.000,0.000,0.280]
Training Group Acc: [0.850,0.761,0.691]
Epoch [122] Training Results: Prec@1 81.220 Prec@5 97.800 Loss 0.63284
Epoch [122] Training Class Recall: [0.000,0.875,0.400,0.763,0.756,0.567,0.720,0.926,0.870,0.884,0.667,0.684,
 0.625,0.591,0.762,0.538,0.636,0.750,0.583,0.615,0.891,0.858,0.967,0.795,
 0.897,0.866,0.867,0.943,0.812,1.000,0.250,0.577,0.800,0.733,0.846,0.955,
 0.909,0.463,0.939,0.786,0.714,0.848,0.661,0.758,0.526,0.833,0.643,0.773,
 0.792,0.571,0.600,1.000,0.750,0.727,1.000,0.862,0.958,0.857,0.692,0.778,
 0.750,0.815,0.667,0.621,0.714,0.895,0.941,0.918,0.667,0.545,0.708,0.667,
 0.874,0.909,0.900,0.880,0.819,0.842,0.568,0.762,0.889,0.769,0.871,0.743,
 0.636,0.686,0.755,0.722,1.000,0.714,0.333,0.660,0.892,0.750,0.789,0.783,
 0.688,0.857]
Testing Group Acc: [0.308,0.097,0.028]
Epoch [122] Testing Results: Prec@1 10.790 Prec@5 27.170 Loss 10.75994
Epoch [122] Testing Class Recall: [0.000,0.100,0.000,0.080,0.060,0.040,0.000,0.040,0.150,0.030,0.020,0.030,
 0.070,0.000,0.020,0.010,0.010,0.250,0.480,0.010,0.000,0.780,0.220,0.810,
 0.120,0.180,0.320,0.610,0.300,0.150,0.000,0.000,0.020,0.200,0.080,0.000,
 0.000,0.000,0.050,0.270,0.000,0.030,0.080,0.290,0.100,0.000,0.000,0.080,
 0.030,0.090,0.030,0.020,0.040,0.000,0.090,0.140,0.000,0.300,0.020,0.010,
 0.000,0.040,0.020,0.050,0.030,0.000,0.010,0.080,0.490,0.180,0.050,0.010,
 0.200,0.000,0.110,0.020,0.080,0.020,0.460,0.140,0.030,0.000,0.000,0.020,
 0.200,0.030,0.030,0.250,0.210,0.100,0.000,0.010,0.000,0.000,0.440,0.210,
 0.040,0.100,0.140,0.130]
Training Group Acc: [0.839,0.731,0.698]
Epoch [123] Training Results: Prec@1 79.780 Prec@5 97.420 Loss 0.67256
Epoch [123] Training Class Recall: [1.000,0.500,0.600,0.711,0.756,0.733,0.360,0.894,0.696,0.558,0.800,0.526,
 0.750,0.750,0.810,0.692,0.636,0.661,0.417,0.769,0.913,0.867,0.931,0.818,
 0.890,0.791,0.827,0.943,0.829,0.000,0.750,0.808,0.818,0.783,0.615,0.727,
 0.909,0.776,0.848,0.643,0.571,0.727,0.714,0.797,0.737,0.708,0.714,0.591,
 0.833,0.571,0.800,1.000,0.679,0.693,0.750,0.846,0.833,0.714,0.769,0.722,
 0.750,0.800,0.590,0.621,0.857,0.789,0.953,0.849,0.792,0.818,0.479,0.667,
 0.777,0.818,0.500,0.867,0.851,0.877,0.622,0.762,0.667,0.538,0.851,0.714,
 0.591,0.902,0.890,0.722,1.000,0.714,1.000,0.600,0.910,0.781,0.579,0.609,
 0.625,0.762]
Testing Group Acc: [0.375,0.129,0.031]
Epoch [123] Testing Results: Prec@1 13.560 Prec@5 30.980 Loss 9.75706
Epoch [123] Testing Class Recall: [0.000,0.030,0.000,0.040,0.120,0.230,0.000,0.040,0.500,0.190,0.040,0.000,
 0.080,0.000,0.140,0.030,0.000,0.030,0.200,0.030,0.080,0.750,0.290,0.820,
 0.230,0.310,0.440,0.610,0.290,0.240,0.000,0.000,0.060,0.380,0.150,0.020,
 0.010,0.010,0.030,0.130,0.000,0.090,0.080,0.040,0.180,0.030,0.000,0.140,
 0.250,0.150,0.020,0.020,0.000,0.020,0.080,0.050,0.080,0.350,0.400,0.030,
 0.010,0.080,0.020,0.080,0.040,0.010,0.020,0.150,0.590,0.360,0.040,0.030,
 0.030,0.000,0.120,0.130,0.060,0.060,0.080,0.260,0.020,0.030,0.000,0.040,
 0.360,0.020,0.050,0.400,0.410,0.030,0.000,0.000,0.000,0.150,0.560,0.140,
 0.060,0.040,0.100,0.420]
Training Group Acc: [0.906,0.840,0.782]
Epoch [124] Training Results: Prec@1 87.820 Prec@5 99.300 Loss 0.39561
Epoch [124] Training Class Recall: [0.000,0.875,0.800,0.737,0.821,0.867,0.600,0.957,0.739,0.791,0.733,0.947,
 0.875,0.773,0.905,0.769,0.727,0.866,0.833,0.808,0.949,0.933,0.967,0.920,
 0.903,0.914,0.910,0.937,0.863,1.000,0.500,0.731,0.836,0.833,0.846,0.909,
 0.909,0.791,0.939,0.571,0.905,0.848,0.786,0.868,0.632,0.917,1.000,0.773,
 0.792,0.714,0.400,1.000,0.786,0.864,0.750,0.908,0.792,1.000,0.769,0.944,
 1.000,0.831,0.872,0.897,0.857,0.855,0.976,0.932,0.917,0.909,0.771,0.556,
 0.903,1.000,0.900,0.840,0.904,0.965,0.730,0.857,0.667,1.000,0.871,0.829,
 0.818,0.843,0.903,0.722,1.000,0.714,0.667,0.720,0.919,0.938,0.895,0.783,
 0.750,0.905]
Testing Group Acc: [0.316,0.113,0.038]
Epoch [124] Testing Results: Prec@1 12.020 Prec@5 30.990 Loss 9.95748
Epoch [124] Testing Class Recall: [0.000,0.030,0.000,0.040,0.100,0.160,0.000,0.030,0.410,0.090,0.060,0.000,
 0.250,0.000,0.040,0.030,0.090,0.080,0.210,0.000,0.030,0.470,0.330,0.640,
 0.060,0.310,0.170,0.750,0.310,0.090,0.000,0.000,0.140,0.250,0.010,0.020,
 0.000,0.000,0.040,0.250,0.010,0.020,0.070,0.050,0.120,0.040,0.000,0.200,
 0.040,0.060,0.090,0.000,0.050,0.010,0.050,0.120,0.000,0.320,0.220,0.070,
 0.030,0.040,0.020,0.210,0.030,0.010,0.020,0.090,0.510,0.250,0.040,0.090,
 0.090,0.010,0.100,0.080,0.270,0.020,0.530,0.200,0.000,0.060,0.000,0.010,
 0.330,0.080,0.030,0.260,0.280,0.130,0.000,0.000,0.000,0.000,0.590,0.110,
 0.030,0.020,0.040,0.380]
Training Group Acc: [0.833,0.768,0.696]
Epoch [125] Training Results: Prec@1 80.220 Prec@5 97.360 Loss 0.68058
Epoch [125] Training Class Recall: [0.000,0.625,0.800,0.684,0.740,0.767,0.600,0.915,0.957,0.814,0.800,0.789,
 0.500,0.705,0.714,0.462,0.727,0.795,0.833,0.769,0.920,0.892,0.927,0.795,
 0.814,0.599,0.777,0.891,0.803,0.500,0.875,0.692,0.782,0.700,0.846,0.773,
 0.636,0.776,0.924,0.643,0.714,0.606,0.750,0.747,0.632,0.833,0.786,0.682,
 0.708,0.500,0.600,1.000,0.750,0.636,0.875,0.815,0.833,0.810,0.846,0.750,
 0.500,0.892,0.692,0.793,0.714,0.855,0.965,0.890,0.792,0.636,0.771,0.778,
 0.816,0.909,0.900,0.867,0.840,0.930,0.514,0.762,0.667,0.692,0.782,0.714,
 0.727,0.863,0.865,0.500,1.000,0.667,0.667,0.640,0.964,0.875,0.789,0.739,
 0.625,0.905]
Testing Group Acc: [0.386,0.136,0.039]
Epoch [125] Testing Results: Prec@1 14.330 Prec@5 34.440 Loss 8.61784
Epoch [125] Testing Class Recall: [0.000,0.060,0.020,0.030,0.130,0.100,0.000,0.020,0.560,0.160,0.070,0.040,
 0.130,0.010,0.170,0.100,0.040,0.090,0.250,0.030,0.030,0.460,0.320,0.880,
 0.120,0.360,0.290,0.400,0.400,0.220,0.000,0.010,0.110,0.500,0.150,0.030,
 0.010,0.050,0.110,0.150,0.010,0.050,0.120,0.130,0.250,0.030,0.000,0.170,
 0.070,0.030,0.010,0.020,0.010,0.000,0.080,0.100,0.060,0.310,0.270,0.130,
 0.020,0.040,0.010,0.130,0.070,0.020,0.040,0.180,0.620,0.320,0.020,0.080,
 0.090,0.000,0.170,0.040,0.110,0.040,0.260,0.170,0.050,0.050,0.000,0.100,
 0.340,0.100,0.020,0.390,0.840,0.170,0.000,0.010,0.000,0.020,0.740,0.110,
 0.060,0.050,0.050,0.340]
Training Group Acc: [0.881,0.824,0.763]
Epoch [126] Training Results: Prec@1 85.820 Prec@5 98.760 Loss 0.47127
Epoch [126] Training Class Recall: [1.000,0.625,1.000,0.895,0.780,0.833,0.720,0.872,0.957,0.837,0.933,0.684,
 0.750,0.841,0.857,0.538,0.818,0.804,0.667,0.769,0.942,0.867,0.947,0.864,
 0.917,0.829,0.907,0.931,0.897,1.000,0.250,0.654,0.891,0.850,0.923,0.818,
 0.636,0.851,0.894,0.643,0.762,0.788,0.875,0.830,0.526,0.875,0.571,0.636,
 0.833,0.643,0.600,1.000,0.857,0.852,1.000,0.908,0.917,0.905,0.769,0.806,
 0.750,0.862,0.718,0.690,0.786,0.934,0.953,0.918,0.792,0.909,0.750,0.667,
 0.835,0.727,0.800,0.907,0.862,0.772,0.649,0.714,1.000,0.615,0.901,0.857,
 0.682,0.922,0.910,0.778,1.000,0.810,0.667,0.700,0.964,0.875,0.842,0.739,
 0.812,0.944]
Testing Group Acc: [0.384,0.140,0.050]
Epoch [126] Testing Results: Prec@1 14.940 Prec@5 34.220 Loss 8.90897
Epoch [126] Testing Class Recall: [0.000,0.120,0.010,0.030,0.120,0.120,0.000,0.030,0.530,0.130,0.090,0.010,
 0.170,0.010,0.090,0.030,0.000,0.120,0.300,0.000,0.060,0.710,0.260,0.840,
 0.150,0.400,0.300,0.600,0.320,0.320,0.000,0.020,0.090,0.480,0.100,0.040,
 0.080,0.030,0.080,0.190,0.010,0.050,0.070,0.170,0.150,0.020,0.000,0.200,
 0.130,0.060,0.040,0.060,0.060,0.020,0.090,0.080,0.030,0.350,0.120,0.050,
 0.080,0.070,0.040,0.170,0.050,0.020,0.040,0.150,0.750,0.390,0.070,0.110,
 0.060,0.000,0.130,0.040,0.140,0.090,0.220,0.200,0.030,0.070,0.000,0.110,
 0.290,0.060,0.040,0.480,0.670,0.090,0.000,0.010,0.010,0.050,0.670,0.190,
 0.140,0.070,0.150,0.250]
Training Group Acc: [0.896,0.842,0.779]
Epoch [127] Training Results: Prec@1 87.540 Prec@5 99.040 Loss 0.41819
Epoch [127] Training Class Recall: [0.000,0.625,0.600,0.842,0.846,0.900,0.640,0.883,0.913,0.884,0.800,0.895,
 1.000,0.818,1.000,0.462,0.818,0.759,0.667,0.808,0.935,0.950,0.963,0.920,
 0.890,0.893,0.898,0.971,0.906,1.000,0.750,0.692,0.873,0.767,1.000,0.773,
 0.818,0.866,0.939,0.786,0.714,0.909,0.911,0.852,0.526,0.917,0.857,0.727,
 0.792,0.929,0.600,1.000,0.857,0.841,0.875,0.923,0.875,0.762,0.923,0.944,
 0.750,0.769,0.795,0.828,0.857,0.855,0.965,0.849,0.917,1.000,0.896,0.667,
 0.825,0.818,0.900,0.987,0.830,0.956,0.811,0.810,0.778,0.769,0.891,0.771,
 0.773,0.902,0.877,0.667,1.000,0.524,0.667,0.860,0.955,0.875,0.737,0.870,
 0.938,0.873]
Testing Group Acc: [0.380,0.139,0.046]
Epoch [127] Testing Results: Prec@1 14.640 Prec@5 34.630 Loss 8.43271
Epoch [127] Testing Class Recall: [0.000,0.130,0.030,0.080,0.310,0.110,0.000,0.030,0.500,0.180,0.130,0.010,
 0.150,0.010,0.110,0.090,0.000,0.230,0.140,0.010,0.010,0.570,0.200,0.840,
 0.090,0.420,0.210,0.430,0.390,0.160,0.000,0.010,0.040,0.390,0.190,0.010,
 0.120,0.130,0.090,0.130,0.040,0.030,0.080,0.220,0.100,0.010,0.000,0.140,
 0.070,0.180,0.040,0.110,0.030,0.030,0.070,0.070,0.010,0.490,0.160,0.030,
 0.080,0.130,0.010,0.130,0.100,0.020,0.020,0.180,0.430,0.360,0.140,0.120,
 0.040,0.000,0.150,0.010,0.110,0.110,0.160,0.180,0.050,0.010,0.000,0.050,
 0.330,0.160,0.070,0.390,0.820,0.040,0.000,0.050,0.000,0.010,0.810,0.160,
 0.110,0.040,0.070,0.400]
Training Group Acc: [0.903,0.831,0.784]
Epoch [128] Training Results: Prec@1 87.400 Prec@5 99.140 Loss 0.40910
Epoch [128] Training Class Recall: [0.000,0.875,0.600,0.895,0.862,0.733,0.720,0.926,0.783,0.884,0.800,0.789,
 0.875,0.909,0.905,0.692,0.909,0.830,0.833,0.885,0.949,0.958,0.951,0.864,
 0.917,0.909,0.895,0.960,0.906,1.000,0.750,0.846,0.891,0.717,0.846,0.818,
 1.000,0.821,0.909,0.929,0.857,0.788,0.839,0.857,0.737,0.833,0.857,0.773,
 0.792,1.000,1.000,0.000,0.893,0.864,1.000,0.908,0.833,0.762,0.615,0.833,
 0.750,0.815,0.769,0.793,0.857,0.882,0.776,0.890,0.750,1.000,0.750,0.889,
 0.903,0.909,1.000,0.907,0.883,0.912,0.703,0.857,0.778,0.923,0.851,0.714,
 0.818,0.902,0.813,0.778,0.000,0.857,1.000,0.800,0.937,0.875,0.737,0.826,
 0.938,0.937]
Testing Group Acc: [0.370,0.130,0.035]
Epoch [128] Testing Results: Prec@1 13.650 Prec@5 33.020 Loss 9.47563
Epoch [128] Testing Class Recall: [0.000,0.060,0.030,0.030,0.130,0.110,0.000,0.010,0.440,0.230,0.100,0.010,
 0.130,0.000,0.040,0.060,0.110,0.100,0.160,0.010,0.020,0.350,0.280,0.800,
 0.080,0.280,0.260,0.640,0.560,0.250,0.000,0.000,0.060,0.320,0.070,0.020,
 0.030,0.000,0.100,0.120,0.030,0.020,0.070,0.230,0.230,0.000,0.000,0.130,
 0.160,0.180,0.020,0.050,0.010,0.030,0.100,0.030,0.020,0.350,0.300,0.110,
 0.020,0.080,0.010,0.110,0.070,0.010,0.010,0.100,0.630,0.280,0.070,0.050,
 0.140,0.000,0.050,0.030,0.060,0.060,0.240,0.230,0.030,0.010,0.000,0.020,
 0.490,0.220,0.040,0.260,0.500,0.030,0.000,0.030,0.000,0.100,0.720,0.080,
 0.100,0.180,0.160,0.360]
Training Group Acc: [0.911,0.858,0.806]
Epoch [129] Training Results: Prec@1 88.900 Prec@5 99.220 Loss 0.36607
Epoch [129] Training Class Recall: [1.000,0.750,0.800,0.684,0.854,0.867,0.480,0.957,1.000,0.884,0.867,0.947,
 0.875,0.909,0.905,0.692,0.636,0.866,0.917,0.808,0.891,0.908,0.972,0.898,
 0.931,0.914,0.929,0.977,0.923,0.500,0.625,0.769,0.891,0.867,0.846,0.727,
 0.909,0.851,0.939,1.000,0.857,0.848,0.839,0.830,0.632,0.875,0.714,0.955,
 0.917,0.714,0.400,1.000,0.857,0.864,0.875,0.938,0.917,0.905,0.769,0.944,
 1.000,0.892,0.744,0.724,0.786,0.908,0.965,0.877,0.958,0.909,0.854,0.444,
 0.903,0.818,0.900,0.933,0.872,0.912,0.757,0.952,0.778,0.769,0.911,0.886,
 0.682,0.882,0.877,0.889,1.000,0.714,1.000,0.840,0.964,0.906,0.842,0.826,
 0.812,0.921]
Testing Group Acc: [0.397,0.128,0.045]
Epoch [129] Testing Results: Prec@1 14.370 Prec@5 33.250 Loss 9.12332
Epoch [129] Testing Class Recall: [0.000,0.080,0.020,0.010,0.300,0.000,0.000,0.030,0.310,0.120,0.080,0.040,
 0.140,0.020,0.210,0.040,0.010,0.190,0.330,0.020,0.020,0.720,0.290,0.820,
 0.250,0.510,0.300,0.550,0.560,0.120,0.000,0.030,0.050,0.300,0.270,0.020,
 0.070,0.000,0.100,0.150,0.030,0.030,0.110,0.310,0.200,0.020,0.000,0.190,
 0.110,0.040,0.020,0.070,0.110,0.020,0.070,0.120,0.030,0.340,0.080,0.070,
 0.240,0.070,0.050,0.210,0.020,0.010,0.010,0.120,0.660,0.360,0.100,0.080,
 0.090,0.000,0.160,0.040,0.050,0.030,0.110,0.190,0.050,0.080,0.010,0.020,
 0.290,0.040,0.050,0.410,0.570,0.040,0.000,0.020,0.000,0.020,0.530,0.120,
 0.070,0.050,0.040,0.310]
Training Group Acc: [0.909,0.833,0.820]
Epoch [130] Training Results: Prec@1 87.500 Prec@5 99.040 Loss 0.42109
Epoch [130] Training Class Recall: [1.000,0.750,1.000,0.921,0.829,0.900,0.680,0.915,0.826,0.884,0.933,0.789,
 1.000,0.750,0.857,0.769,0.818,0.866,0.917,0.808,0.971,0.942,0.955,0.670,
 0.917,0.829,0.932,0.989,0.863,1.000,0.750,0.692,0.855,0.867,1.000,0.955,
 0.818,0.836,0.955,0.857,0.571,0.879,0.893,0.863,0.316,0.958,0.714,0.727,
 0.792,0.786,0.400,1.000,0.929,0.852,1.000,0.892,0.792,0.857,1.000,0.917,
 0.750,0.815,0.744,0.793,0.714,0.882,0.965,0.890,0.750,0.818,0.917,1.000,
 0.864,0.909,0.900,0.733,0.862,0.895,0.703,0.857,0.444,0.769,0.931,0.886,
 0.636,0.824,0.935,0.778,1.000,0.857,0.667,0.740,0.937,0.938,0.895,0.913,
 0.625,0.937]
Testing Group Acc: [0.334,0.136,0.065]
Epoch [130] Testing Results: Prec@1 14.400 Prec@5 33.090 Loss 8.90585
Epoch [130] Testing Class Recall: [0.000,0.020,0.010,0.000,0.150,0.060,0.000,0.020,0.410,0.090,0.060,0.020,
 0.190,0.000,0.080,0.190,0.010,0.140,0.400,0.010,0.050,0.350,0.110,0.660,
 0.030,0.290,0.200,0.250,0.380,0.160,0.000,0.030,0.060,0.260,0.190,0.080,
 0.030,0.100,0.040,0.060,0.000,0.140,0.060,0.220,0.420,0.020,0.000,0.200,
 0.250,0.010,0.040,0.050,0.070,0.040,0.030,0.170,0.080,0.410,0.560,0.120,
 0.110,0.110,0.020,0.030,0.040,0.020,0.050,0.110,0.430,0.430,0.190,0.110,
 0.120,0.010,0.240,0.150,0.310,0.080,0.200,0.290,0.050,0.030,0.040,0.020,
 0.340,0.080,0.100,0.630,0.580,0.060,0.000,0.010,0.010,0.010,0.540,0.090,
 0.120,0.030,0.220,0.310]
Training Group Acc: [0.897,0.820,0.825]
Epoch [131] Training Results: Prec@1 86.740 Prec@5 98.980 Loss 0.43136
Epoch [131] Training Class Recall: [1.000,0.875,0.600,0.816,0.829,0.867,0.600,0.947,0.913,0.814,0.800,0.789,
 0.875,0.795,0.810,0.692,0.909,0.848,0.833,0.846,0.942,0.925,0.967,0.841,
 0.924,0.872,0.882,0.954,0.897,1.000,0.750,0.731,0.945,0.733,0.615,0.727,
 0.727,0.836,0.924,0.786,0.714,0.848,0.804,0.786,0.474,0.792,0.929,0.909,
 0.792,0.857,0.800,1.000,0.786,0.830,0.750,0.923,0.958,0.905,0.846,0.833,
 1.000,0.785,0.436,0.724,0.786,0.921,0.988,0.945,0.625,0.909,0.854,0.889,
 0.913,1.000,1.000,0.880,0.809,0.895,0.676,0.857,0.889,0.846,0.871,0.886,
 0.864,0.941,0.935,0.722,1.000,0.667,0.333,0.760,0.937,0.969,0.947,0.739,
 0.812,0.873]
Testing Group Acc: [0.323,0.124,0.038]
Epoch [131] Testing Results: Prec@1 12.680 Prec@5 30.500 Loss 9.78597
Epoch [131] Testing Class Recall: [0.000,0.070,0.000,0.010,0.180,0.060,0.000,0.030,0.430,0.080,0.090,0.030,
 0.180,0.000,0.110,0.070,0.010,0.020,0.260,0.000,0.060,0.520,0.270,0.750,
 0.120,0.240,0.320,0.580,0.450,0.140,0.000,0.000,0.100,0.260,0.030,0.010,
 0.010,0.030,0.170,0.170,0.000,0.050,0.080,0.200,0.270,0.010,0.000,0.130,
 0.090,0.130,0.030,0.080,0.040,0.030,0.140,0.040,0.020,0.380,0.240,0.020,
 0.010,0.050,0.000,0.130,0.020,0.010,0.000,0.080,0.550,0.260,0.160,0.050,
 0.070,0.000,0.080,0.090,0.140,0.050,0.470,0.160,0.010,0.000,0.000,0.030,
 0.150,0.100,0.040,0.230,0.230,0.100,0.000,0.020,0.000,0.060,0.520,0.230,
 0.090,0.060,0.220,0.370]
Training Group Acc: [0.910,0.816,0.774]
Epoch [132] Training Results: Prec@1 86.800 Prec@5 98.980 Loss 0.42199
Epoch [132] Training Class Recall: [1.000,0.750,0.800,0.789,0.886,0.800,0.640,0.936,0.783,0.837,0.933,0.579,
 1.000,0.864,0.810,0.615,0.636,0.812,0.833,0.885,0.957,0.908,0.947,0.920,
 0.931,0.893,0.904,0.983,0.880,0.500,0.875,0.731,0.945,0.833,0.923,0.818,
 0.364,0.851,0.833,0.929,0.762,0.818,0.857,0.852,0.737,0.750,0.714,0.909,
 0.917,1.000,0.800,1.000,0.857,0.716,0.875,0.892,0.875,0.810,0.769,0.889,
 0.500,0.892,0.769,0.759,0.643,0.724,0.953,0.904,0.875,0.545,0.708,0.556,
 0.864,0.909,0.600,0.773,0.862,0.965,0.838,0.762,0.778,0.769,0.891,0.771,
 0.591,0.843,0.903,0.667,1.000,0.667,1.000,0.840,0.955,0.688,0.842,0.826,
 0.875,0.944]
Testing Group Acc: [0.414,0.108,0.029]
Epoch [132] Testing Results: Prec@1 13.190 Prec@5 32.200 Loss 11.30161
Epoch [132] Testing Class Recall: [0.000,0.030,0.010,0.030,0.260,0.040,0.000,0.020,0.440,0.050,0.090,0.010,
 0.110,0.000,0.030,0.030,0.030,0.030,0.270,0.010,0.200,0.670,0.330,0.770,
 0.100,0.460,0.240,0.590,0.380,0.500,0.000,0.010,0.050,0.240,0.020,0.010,
 0.050,0.030,0.010,0.150,0.000,0.020,0.110,0.190,0.250,0.000,0.000,0.150,
 0.200,0.140,0.020,0.020,0.030,0.050,0.010,0.050,0.020,0.220,0.020,0.090,
 0.060,0.030,0.000,0.140,0.030,0.000,0.010,0.080,0.650,0.340,0.100,0.110,
 0.060,0.000,0.160,0.030,0.070,0.080,0.340,0.170,0.020,0.090,0.010,0.040,
 0.370,0.050,0.050,0.250,0.560,0.090,0.000,0.030,0.010,0.040,0.660,0.120,
 0.010,0.020,0.020,0.400]
Training Group Acc: [0.912,0.852,0.828]
Epoch [133] Training Results: Prec@1 88.860 Prec@5 99.360 Loss 0.36752
Epoch [133] Training Class Recall: [1.000,0.625,0.800,0.895,0.862,0.833,0.640,0.936,0.957,0.837,0.867,1.000,
 0.875,0.818,0.857,0.846,0.818,0.866,0.917,0.885,0.920,0.883,0.935,0.920,
 0.917,0.888,0.929,0.937,0.923,0.500,0.750,0.692,0.964,0.733,0.846,0.955,
 1.000,0.896,0.939,1.000,1.000,0.879,0.857,0.868,0.579,0.792,0.714,0.636,
 0.833,0.643,0.600,1.000,0.786,0.886,1.000,0.923,0.833,0.857,0.923,0.889,
 1.000,0.908,0.744,0.724,0.929,0.921,0.929,0.863,0.917,0.909,0.896,0.778,
 0.903,1.000,0.900,0.920,0.926,0.982,0.703,0.857,0.667,0.769,0.921,0.886,
 0.773,0.725,0.916,0.778,1.000,0.952,0.333,0.820,0.946,0.812,0.895,0.826,
 0.875,0.905]
Testing Group Acc: [0.379,0.121,0.046]
Epoch [133] Testing Results: Prec@1 13.790 Prec@5 32.270 Loss 9.46845
Epoch [133] Testing Class Recall: [0.000,0.070,0.000,0.060,0.490,0.080,0.000,0.010,0.270,0.070,0.070,0.030,
 0.080,0.020,0.170,0.090,0.010,0.250,0.180,0.030,0.200,0.470,0.390,0.610,
 0.170,0.410,0.360,0.480,0.340,0.180,0.000,0.010,0.040,0.350,0.190,0.040,
 0.030,0.050,0.040,0.130,0.020,0.030,0.050,0.230,0.180,0.050,0.000,0.140,
 0.090,0.090,0.040,0.020,0.010,0.040,0.130,0.050,0.030,0.400,0.230,0.020,
 0.140,0.070,0.030,0.090,0.030,0.020,0.010,0.080,0.500,0.450,0.060,0.070,
 0.070,0.000,0.100,0.070,0.060,0.060,0.170,0.210,0.000,0.060,0.010,0.110,
 0.400,0.050,0.100,0.320,0.560,0.090,0.000,0.010,0.010,0.030,0.710,0.070,
 0.050,0.050,0.170,0.380]
Training Group Acc: [0.902,0.852,0.852]
Epoch [134] Training Results: Prec@1 88.540 Prec@5 98.980 Loss 0.38541
Epoch [134] Training Class Recall: [1.000,0.750,0.600,0.868,0.691,0.867,0.520,0.904,0.957,0.837,0.800,0.895,
 0.875,0.705,0.762,0.846,1.000,0.821,0.833,0.846,0.928,0.950,0.963,0.841,
 0.910,0.904,0.920,0.960,0.906,1.000,1.000,0.846,0.818,0.867,0.923,0.909,
 0.818,0.851,0.924,0.857,0.714,0.879,0.857,0.868,0.895,0.875,0.786,0.955,
 0.917,0.786,0.600,1.000,0.929,0.864,0.875,0.923,0.917,0.810,1.000,0.861,
 1.000,0.908,0.718,0.724,0.857,0.947,0.953,0.945,0.917,0.909,0.917,0.667,
 0.922,0.818,1.000,0.920,0.894,0.921,0.784,0.810,0.667,1.000,0.891,0.771,
 0.727,0.922,0.897,0.722,1.000,0.952,0.667,0.740,0.964,0.938,0.789,0.739,
 0.750,0.921]
Testing Group Acc: [0.340,0.121,0.037]
Epoch [134] Testing Results: Prec@1 12.800 Prec@5 31.300 Loss 10.58981
Epoch [134] Testing Class Recall: [0.000,0.040,0.010,0.000,0.190,0.030,0.000,0.060,0.640,0.160,0.070,0.030,
 0.320,0.000,0.120,0.030,0.020,0.030,0.300,0.000,0.030,0.190,0.430,0.590,
 0.190,0.320,0.330,0.380,0.460,0.160,0.000,0.010,0.070,0.400,0.160,0.020,
 0.010,0.010,0.000,0.180,0.010,0.040,0.360,0.050,0.270,0.070,0.000,0.280,
 0.090,0.060,0.020,0.070,0.000,0.020,0.060,0.080,0.030,0.220,0.060,0.070,
 0.040,0.040,0.010,0.130,0.030,0.000,0.020,0.140,0.650,0.220,0.030,0.040,
 0.020,0.000,0.090,0.030,0.130,0.020,0.300,0.120,0.010,0.060,0.020,0.040,
 0.360,0.020,0.120,0.260,0.670,0.110,0.000,0.010,0.010,0.020,0.590,0.120,
 0.100,0.030,0.010,0.330]
Training Group Acc: [0.852,0.785,0.674]
Epoch [135] Training Results: Prec@1 82.300 Prec@5 97.800 Loss 0.61130
Epoch [135] Training Class Recall: [0.000,0.500,0.800,0.763,0.691,0.633,0.520,0.904,0.783,0.837,0.733,0.737,
 0.875,0.682,0.762,0.846,0.909,0.804,0.500,0.923,0.775,0.875,0.943,0.852,
 0.924,0.807,0.814,0.943,0.803,1.000,0.750,0.808,0.818,0.783,0.846,0.682,
 0.727,0.731,0.939,0.571,0.619,0.545,0.786,0.780,0.684,0.792,0.929,0.727,
 0.750,0.786,0.600,0.000,0.821,0.761,0.625,0.908,0.833,0.762,0.692,0.889,
 0.500,0.815,0.667,0.586,0.857,0.921,0.988,0.877,0.833,1.000,0.792,0.444,
 0.835,0.727,0.900,0.827,0.840,0.895,0.649,0.810,0.667,0.538,0.861,0.829,
 0.773,0.863,0.871,0.667,1.000,0.857,0.667,0.680,0.964,0.844,0.789,0.826,
 0.062,0.897]
Testing Group Acc: [0.346,0.088,0.030]
Epoch [135] Testing Results: Prec@1 11.100 Prec@5 28.510 Loss 10.38239
Epoch [135] Testing Class Recall: [0.000,0.030,0.020,0.010,0.230,0.030,0.000,0.010,0.240,0.070,0.030,0.020,
 0.120,0.000,0.010,0.090,0.000,0.130,0.200,0.020,0.030,0.520,0.180,0.660,
 0.080,0.740,0.130,0.590,0.480,0.190,0.000,0.010,0.030,0.290,0.050,0.010,
 0.050,0.020,0.080,0.080,0.030,0.020,0.040,0.170,0.090,0.030,0.000,0.180,
 0.010,0.010,0.040,0.010,0.020,0.020,0.000,0.160,0.030,0.280,0.030,0.060,
 0.200,0.020,0.010,0.130,0.030,0.010,0.010,0.050,0.660,0.290,0.020,0.060,
 0.090,0.000,0.160,0.000,0.120,0.060,0.210,0.110,0.000,0.010,0.000,0.070,
 0.170,0.030,0.010,0.220,0.350,0.030,0.000,0.000,0.000,0.040,0.810,0.030,
 0.050,0.040,0.010,0.280]
Training Group Acc: [0.828,0.734,0.619]
Epoch [136] Training Results: Prec@1 79.340 Prec@5 97.440 Loss 0.70007
Epoch [136] Training Class Recall: [1.000,0.500,0.400,0.684,0.732,0.800,0.400,0.883,0.826,0.767,0.533,0.789,
 0.625,0.659,0.571,0.308,0.727,0.714,0.667,0.769,0.928,0.850,0.947,0.784,
 0.807,0.781,0.848,0.926,0.855,0.500,0.375,0.577,0.855,0.750,0.769,0.591,
 0.636,0.806,0.894,0.786,0.619,0.788,0.911,0.742,0.526,0.750,0.643,0.773,
 0.875,0.643,0.600,0.000,0.679,0.625,0.875,0.831,0.792,0.714,0.923,0.861,
 1.000,0.754,0.538,0.517,0.643,0.842,0.965,0.863,0.750,0.727,0.562,0.778,
 0.825,0.636,0.900,0.827,0.798,0.912,0.622,0.667,0.778,0.846,0.644,0.714,
 0.682,0.863,0.774,0.556,0.000,0.571,0.000,0.720,0.937,0.781,0.737,0.609,
 0.625,0.857]
Testing Group Acc: [0.364,0.112,0.033]
Epoch [136] Testing Results: Prec@1 12.650 Prec@5 30.140 Loss 9.63194
Epoch [136] Testing Class Recall: [0.000,0.040,0.010,0.060,0.150,0.090,0.000,0.040,0.390,0.100,0.030,0.040,
 0.080,0.030,0.050,0.080,0.090,0.130,0.190,0.000,0.050,0.560,0.360,0.850,
 0.170,0.290,0.540,0.600,0.440,0.110,0.000,0.000,0.070,0.230,0.190,0.010,
 0.090,0.020,0.010,0.080,0.010,0.020,0.040,0.210,0.180,0.020,0.000,0.160,
 0.020,0.060,0.020,0.030,0.020,0.020,0.040,0.070,0.030,0.270,0.180,0.040,
 0.090,0.050,0.010,0.180,0.040,0.010,0.040,0.120,0.400,0.210,0.090,0.080,
 0.020,0.000,0.090,0.090,0.010,0.040,0.330,0.150,0.050,0.050,0.010,0.010,
 0.370,0.160,0.010,0.380,0.430,0.130,0.000,0.000,0.010,0.100,0.670,0.170,
 0.060,0.030,0.040,0.210]
Training Group Acc: [0.873,0.813,0.676]
Epoch [137] Training Results: Prec@1 84.440 Prec@5 98.740 Loss 0.51085
Epoch [137] Training Class Recall: [0.000,0.500,0.800,0.684,0.789,0.867,0.600,0.947,0.913,0.674,0.733,0.895,
 0.375,0.750,0.762,0.769,0.909,0.786,0.500,0.846,0.928,0.892,0.943,0.784,
 0.876,0.850,0.892,0.903,0.915,1.000,0.625,0.769,0.836,0.700,0.769,0.818,
 0.727,0.776,0.924,0.857,0.905,0.818,0.857,0.802,0.526,0.750,0.714,0.864,
 0.667,0.857,0.400,0.000,0.893,0.841,0.875,0.892,0.917,0.905,0.846,0.889,
 0.750,0.815,0.769,0.690,0.786,0.908,0.965,0.863,0.833,0.818,0.750,0.667,
 0.825,0.727,0.600,0.893,0.809,0.939,0.784,0.857,0.778,0.615,0.832,0.714,
 0.727,0.843,0.890,0.722,1.000,0.714,0.333,0.760,0.928,0.812,0.684,0.870,
 0.812,0.849]
Testing Group Acc: [0.371,0.119,0.051]
Epoch [137] Testing Results: Prec@1 13.740 Prec@5 32.520 Loss 8.95925
Epoch [137] Testing Class Recall: [0.000,0.060,0.010,0.070,0.050,0.080,0.000,0.040,0.420,0.130,0.020,0.000,
 0.200,0.000,0.010,0.130,0.010,0.270,0.180,0.040,0.080,0.600,0.370,0.720,
 0.100,0.200,0.520,0.450,0.460,0.190,0.000,0.000,0.100,0.310,0.150,0.030,
 0.050,0.070,0.050,0.100,0.010,0.010,0.060,0.260,0.270,0.020,0.000,0.110,
 0.220,0.050,0.040,0.040,0.000,0.020,0.060,0.110,0.020,0.250,0.320,0.020,
 0.040,0.080,0.000,0.070,0.030,0.030,0.030,0.060,0.540,0.340,0.140,0.060,
 0.050,0.000,0.130,0.140,0.090,0.030,0.280,0.250,0.010,0.050,0.000,0.040,
 0.430,0.040,0.060,0.320,0.350,0.060,0.000,0.010,0.010,0.180,0.800,0.130,
 0.240,0.030,0.090,0.340]
Training Group Acc: [0.946,0.896,0.856]
Epoch [138] Training Results: Prec@1 92.240 Prec@5 99.700 Loss 0.27003
Epoch [138] Training Class Recall: [1.000,0.875,1.000,0.816,0.862,0.967,0.920,0.947,1.000,0.884,0.800,0.895,
 0.750,0.886,0.810,0.769,0.727,0.964,0.667,0.923,0.942,0.967,0.976,0.955,
 0.966,0.925,0.947,0.977,0.897,1.000,0.625,0.846,0.945,0.900,0.846,0.727,
 0.818,0.881,0.939,0.786,0.905,0.848,0.839,0.918,0.895,0.792,0.786,0.909,
 1.000,0.929,0.400,1.000,0.750,0.932,0.750,0.908,0.958,1.000,0.846,0.889,
 1.000,0.892,0.872,0.862,1.000,0.908,0.976,0.904,0.875,0.909,0.854,0.778,
 0.961,1.000,0.900,0.947,0.915,0.956,0.811,0.905,0.889,0.769,0.960,1.000,
 0.727,0.941,0.923,0.833,1.000,0.762,1.000,0.900,0.982,1.000,1.000,1.000,
 0.875,0.952]
Testing Group Acc: [0.375,0.111,0.030]
Epoch [138] Testing Results: Prec@1 12.680 Prec@5 30.660 Loss 9.63946
Epoch [138] Testing Class Recall: [0.000,0.060,0.010,0.020,0.110,0.060,0.000,0.010,0.320,0.060,0.050,0.010,
 0.050,0.000,0.020,0.040,0.010,0.110,0.330,0.010,0.070,0.600,0.380,0.800,
 0.030,0.220,0.350,0.440,0.360,0.210,0.000,0.000,0.080,0.270,0.100,0.010,
 0.100,0.030,0.000,0.070,0.000,0.020,0.070,0.210,0.370,0.040,0.000,0.150,
 0.110,0.000,0.020,0.050,0.020,0.050,0.130,0.020,0.010,0.320,0.200,0.020,
 0.030,0.060,0.000,0.170,0.130,0.030,0.000,0.070,0.680,0.280,0.110,0.130,
 0.050,0.000,0.120,0.010,0.080,0.050,0.470,0.150,0.040,0.010,0.010,0.020,
 0.410,0.010,0.060,0.180,0.490,0.070,0.000,0.010,0.010,0.150,0.720,0.090,
 0.060,0.110,0.090,0.310]
Training Group Acc: [0.831,0.754,0.662]
Epoch [139] Training Results: Prec@1 79.440 Prec@5 97.140 Loss 0.67767
Epoch [139] Training Class Recall: [1.000,0.750,1.000,0.711,0.618,0.767,0.520,0.936,0.870,0.791,0.467,0.737,
 0.875,0.682,0.714,0.538,0.545,0.741,0.583,0.846,0.899,0.883,0.931,0.591,
 0.834,0.759,0.830,0.931,0.769,0.500,0.500,0.615,0.818,0.700,0.923,0.773,
 0.727,0.716,0.879,0.571,0.667,0.818,0.750,0.698,0.368,0.667,0.643,0.591,
 0.792,0.714,0.400,1.000,0.857,0.682,0.875,0.831,0.833,0.714,0.769,0.861,
 0.750,0.754,0.385,0.552,0.786,0.789,0.929,0.932,0.875,0.818,0.708,0.556,
 0.806,0.636,0.900,0.867,0.840,0.886,0.730,0.810,0.556,0.769,0.871,0.714,
 0.773,0.804,0.871,0.722,0.000,0.762,0.333,0.660,0.919,0.781,0.684,0.783,
 0.500,0.881]
Testing Group Acc: [0.378,0.117,0.033]
Epoch [139] Testing Results: Prec@1 13.150 Prec@5 30.790 Loss 9.96667
Epoch [139] Testing Class Recall: [0.000,0.100,0.010,0.030,0.090,0.060,0.000,0.000,0.420,0.120,0.040,0.000,
 0.160,0.000,0.110,0.040,0.050,0.100,0.340,0.000,0.060,0.740,0.320,0.580,
 0.100,0.360,0.250,0.370,0.380,0.330,0.000,0.000,0.020,0.380,0.120,0.010,
 0.020,0.020,0.010,0.190,0.020,0.000,0.070,0.000,0.180,0.000,0.000,0.130,
 0.100,0.110,0.020,0.030,0.000,0.010,0.090,0.060,0.030,0.310,0.110,0.090,
 0.040,0.030,0.030,0.140,0.100,0.020,0.040,0.050,0.610,0.540,0.040,0.080,
 0.140,0.000,0.160,0.090,0.090,0.050,0.450,0.190,0.000,0.000,0.000,0.040,
 0.290,0.080,0.030,0.270,0.690,0.010,0.000,0.010,0.000,0.020,0.800,0.190,
 0.050,0.040,0.090,0.360]
Training Group Acc: [0.907,0.832,0.819]
Epoch [140] Training Results: Prec@1 87.560 Prec@5 99.260 Loss 0.39752
Epoch [140] Training Class Recall: [1.000,0.750,0.600,0.816,0.837,0.833,0.720,0.936,0.957,0.814,0.733,0.895,
 0.875,0.773,0.810,0.846,0.909,0.830,0.750,0.846,0.957,0.950,0.972,0.875,
 0.910,0.829,0.910,0.954,0.940,1.000,0.625,0.731,0.873,0.817,0.923,1.000,
 0.727,0.866,0.970,0.786,0.810,0.727,0.911,0.852,0.737,0.875,0.714,0.727,
 0.667,0.857,0.800,1.000,0.893,0.830,0.875,0.908,0.875,0.714,0.692,0.861,
 1.000,0.785,0.795,0.759,0.929,0.763,0.918,0.877,0.792,0.727,0.750,0.556,
 0.854,1.000,0.800,0.893,0.894,0.912,0.676,0.905,0.667,0.923,0.931,0.886,
 0.727,0.941,0.877,0.833,1.000,0.714,0.667,0.820,0.973,0.844,0.789,0.957,
 0.875,0.937]
Testing Group Acc: [0.366,0.141,0.047]
Epoch [140] Testing Results: Prec@1 14.530 Prec@5 33.610 Loss 8.85475
Epoch [140] Testing Class Recall: [0.000,0.070,0.020,0.150,0.070,0.120,0.000,0.010,0.340,0.150,0.080,0.020,
 0.150,0.020,0.030,0.100,0.120,0.270,0.200,0.000,0.020,0.760,0.280,0.820,
 0.200,0.350,0.230,0.280,0.570,0.070,0.000,0.050,0.110,0.390,0.300,0.040,
 0.100,0.070,0.050,0.170,0.010,0.030,0.010,0.210,0.080,0.010,0.000,0.250,
 0.100,0.000,0.090,0.060,0.030,0.020,0.270,0.100,0.010,0.270,0.080,0.050,
 0.200,0.090,0.010,0.170,0.030,0.020,0.020,0.040,0.620,0.390,0.120,0.090,
 0.090,0.000,0.080,0.050,0.060,0.060,0.140,0.180,0.070,0.100,0.010,0.020,
 0.360,0.120,0.040,0.570,0.790,0.020,0.000,0.020,0.000,0.020,0.740,0.180,
 0.120,0.050,0.020,0.360]
Training Group Acc: [0.860,0.826,0.805]
Epoch [141] Training Results: Prec@1 84.740 Prec@5 98.500 Loss 0.51759
Epoch [141] Training Class Recall: [1.000,0.875,0.600,0.816,0.805,0.967,0.760,0.915,0.913,0.791,0.867,0.842,
 1.000,0.705,0.810,0.769,0.818,0.795,0.667,0.769,0.928,0.908,0.963,0.875,
 0.862,0.781,0.848,0.880,0.701,1.000,0.500,0.615,0.873,0.800,0.846,0.864,
 0.818,0.791,0.970,0.786,0.714,0.697,0.804,0.769,0.684,0.750,0.786,0.864,
 0.750,0.786,0.600,1.000,0.857,0.852,1.000,0.831,0.917,0.810,0.769,0.944,
 0.750,0.862,0.795,0.724,0.857,0.868,0.976,0.945,0.792,0.909,0.792,0.444,
 0.922,0.909,0.900,0.907,0.904,0.947,0.595,0.905,0.667,0.769,0.861,0.943,
 0.818,0.922,0.794,0.611,1.000,0.714,1.000,0.700,0.937,0.844,0.789,0.783,
 0.750,0.913]
Testing Group Acc: [0.410,0.129,0.037]
Epoch [141] Testing Results: Prec@1 14.350 Prec@5 32.290 Loss 9.18996
Epoch [141] Testing Class Recall: [0.000,0.010,0.020,0.020,0.120,0.040,0.000,0.020,0.510,0.120,0.040,0.010,
 0.090,0.010,0.160,0.040,0.010,0.100,0.450,0.000,0.110,0.770,0.390,0.770,
 0.190,0.480,0.260,0.440,0.350,0.240,0.000,0.000,0.040,0.370,0.080,0.040,
 0.050,0.030,0.020,0.170,0.020,0.100,0.040,0.130,0.070,0.020,0.000,0.180,
 0.190,0.010,0.030,0.040,0.010,0.010,0.030,0.050,0.040,0.420,0.370,0.030,
 0.030,0.030,0.020,0.130,0.040,0.020,0.040,0.090,0.750,0.360,0.040,0.090,
 0.050,0.010,0.130,0.020,0.190,0.050,0.210,0.130,0.020,0.190,0.010,0.070,
 0.490,0.040,0.010,0.420,0.630,0.080,0.000,0.010,0.010,0.020,0.870,0.160,
 0.040,0.030,0.080,0.380]
Training Group Acc: [0.874,0.772,0.700]
Epoch [142] Training Results: Prec@1 82.940 Prec@5 98.040 Loss 0.55403
Epoch [142] Training Class Recall: [1.000,0.500,0.600,0.711,0.797,0.733,0.160,0.904,0.826,0.884,0.800,0.684,
 0.875,0.659,0.667,0.692,0.455,0.786,0.750,0.885,0.920,0.858,0.943,0.818,
 0.855,0.850,0.851,0.949,0.880,0.500,0.500,0.654,0.836,0.517,0.769,0.864,
 0.818,0.731,0.909,0.786,0.667,0.758,0.714,0.775,0.316,0.792,0.714,0.864,
 0.750,0.571,0.400,1.000,0.786,0.830,0.875,0.908,0.917,0.857,0.846,0.806,
 0.750,0.800,0.692,0.759,0.786,0.829,0.965,0.932,0.625,0.818,0.792,0.778,
 0.835,0.727,1.000,0.880,0.745,0.965,0.703,0.714,0.778,0.846,0.871,0.886,
 0.682,0.824,0.890,0.722,0.000,0.762,0.667,0.800,0.955,0.812,0.789,0.696,
 0.688,0.873]
Testing Group Acc: [0.397,0.114,0.049]
Epoch [142] Testing Results: Prec@1 13.900 Prec@5 32.100 Loss 9.68237
Epoch [142] Testing Class Recall: [0.000,0.040,0.030,0.020,0.300,0.010,0.000,0.030,0.500,0.140,0.020,0.030,
 0.080,0.000,0.060,0.010,0.080,0.460,0.340,0.000,0.030,0.820,0.340,0.870,
 0.200,0.530,0.320,0.600,0.380,0.300,0.000,0.000,0.080,0.300,0.040,0.010,
 0.000,0.020,0.010,0.130,0.020,0.080,0.030,0.310,0.220,0.030,0.000,0.110,
 0.130,0.120,0.020,0.070,0.010,0.020,0.060,0.030,0.020,0.300,0.190,0.090,
 0.010,0.030,0.020,0.170,0.040,0.010,0.030,0.080,0.770,0.200,0.020,0.100,
 0.080,0.000,0.070,0.050,0.130,0.030,0.280,0.120,0.010,0.050,0.010,0.080,
 0.360,0.100,0.010,0.380,0.330,0.120,0.000,0.010,0.000,0.020,0.490,0.140,
 0.040,0.020,0.140,0.360]
Training Group Acc: [0.882,0.839,0.824]
Epoch [143] Training Results: Prec@1 86.480 Prec@5 98.980 Loss 0.43441
Epoch [143] Training Class Recall: [1.000,0.875,1.000,0.947,0.886,0.867,0.640,0.926,0.913,0.837,0.733,0.947,
 0.750,0.841,0.762,0.692,0.909,0.768,0.833,0.769,0.920,0.950,0.967,0.898,
 0.869,0.866,0.842,0.920,0.846,0.500,0.625,0.654,0.818,0.717,0.846,0.773,
 0.818,0.776,0.909,0.857,0.667,0.788,0.857,0.802,0.789,0.875,0.786,0.909,
 0.958,0.857,0.200,1.000,0.821,0.784,1.000,0.938,0.833,0.905,0.923,0.917,
 1.000,0.846,0.744,0.862,0.786,0.908,0.953,0.877,0.958,0.909,0.875,0.667,
 0.864,0.818,1.000,0.893,0.872,0.886,0.676,0.952,0.778,0.923,0.861,0.771,
 0.682,0.863,0.877,0.889,1.000,0.810,0.667,0.740,0.955,0.938,0.842,0.913,
 0.812,0.913]
Testing Group Acc: [0.359,0.128,0.036]
Epoch [143] Testing Results: Prec@1 13.410 Prec@5 32.330 Loss 8.98302
Epoch [143] Testing Class Recall: [0.000,0.060,0.000,0.020,0.200,0.050,0.000,0.040,0.460,0.100,0.060,0.060,
 0.120,0.000,0.130,0.090,0.010,0.130,0.220,0.000,0.060,0.810,0.380,0.760,
 0.210,0.220,0.450,0.500,0.500,0.110,0.000,0.000,0.060,0.380,0.230,0.020,
 0.000,0.010,0.040,0.140,0.010,0.060,0.020,0.160,0.320,0.010,0.000,0.140,
 0.060,0.140,0.040,0.080,0.010,0.020,0.150,0.120,0.050,0.340,0.150,0.020,
 0.100,0.020,0.010,0.140,0.040,0.010,0.020,0.140,0.550,0.200,0.060,0.070,
 0.090,0.000,0.140,0.040,0.080,0.040,0.200,0.230,0.020,0.020,0.030,0.040,
 0.190,0.270,0.190,0.340,0.160,0.040,0.000,0.030,0.000,0.060,0.560,0.170,
 0.070,0.010,0.150,0.350]
Training Group Acc: [0.914,0.837,0.788]
Epoch [144] Training Results: Prec@1 88.500 Prec@5 98.980 Loss 0.39779
Epoch [144] Training Class Recall: [1.000,0.500,0.600,0.868,0.886,0.867,0.800,0.947,0.870,0.721,0.867,0.842,
 0.625,0.750,0.810,0.692,0.818,0.839,0.833,0.846,0.964,0.942,0.963,0.966,
 0.890,0.920,0.923,0.960,0.932,0.500,0.750,0.769,0.891,0.867,1.000,0.864,
 0.818,0.881,0.879,0.857,0.810,0.879,0.875,0.868,0.684,0.958,0.857,0.818,
 0.708,0.714,0.800,1.000,0.893,0.932,1.000,0.892,0.875,0.810,1.000,0.750,
 1.000,0.954,0.744,0.897,0.786,0.895,0.976,0.849,0.833,0.727,0.688,0.667,
 0.913,0.909,0.600,0.880,0.830,0.956,0.784,0.810,0.778,0.923,0.921,0.857,
 0.318,0.922,0.916,0.944,0.000,0.810,1.000,0.740,0.964,0.875,1.000,0.870,
 0.688,0.786]
Testing Group Acc: [0.402,0.144,0.040]
Epoch [144] Testing Results: Prec@1 15.040 Prec@5 34.210 Loss 8.84754
Epoch [144] Testing Class Recall: [0.000,0.120,0.010,0.030,0.300,0.070,0.000,0.100,0.680,0.070,0.120,0.040,
 0.200,0.000,0.080,0.040,0.020,0.150,0.240,0.020,0.050,0.680,0.370,0.790,
 0.180,0.320,0.380,0.600,0.420,0.170,0.000,0.000,0.060,0.430,0.160,0.010,
 0.010,0.000,0.010,0.250,0.000,0.000,0.110,0.370,0.270,0.060,0.000,0.270,
 0.260,0.150,0.020,0.080,0.010,0.020,0.140,0.140,0.020,0.280,0.180,0.070,
 0.010,0.030,0.000,0.120,0.040,0.000,0.020,0.100,0.670,0.200,0.110,0.050,
 0.040,0.000,0.060,0.060,0.040,0.060,0.250,0.160,0.080,0.070,0.000,0.020,
 0.380,0.180,0.090,0.340,0.550,0.090,0.000,0.010,0.000,0.110,0.660,0.140,
 0.070,0.060,0.050,0.490]
Training Group Acc: [0.951,0.901,0.897]
Epoch [145] Training Results: Prec@1 93.300 Prec@5 99.760 Loss 0.23980
Epoch [145] Training Class Recall: [1.000,1.000,0.800,0.947,0.902,1.000,0.720,0.968,0.957,0.884,1.000,0.947,
 1.000,0.909,0.857,0.846,1.000,0.902,0.917,0.923,0.986,0.983,0.992,0.943,
 0.966,0.952,0.981,0.977,0.949,0.500,0.875,0.654,0.982,0.867,0.923,0.818,
 0.909,0.851,0.909,0.929,0.905,0.939,0.964,0.929,0.895,0.958,0.786,0.955,
 0.792,0.929,1.000,1.000,0.893,0.920,1.000,0.954,1.000,0.952,0.923,0.944,
 1.000,0.923,0.872,0.759,0.929,0.974,1.000,0.945,1.000,1.000,0.833,0.778,
 0.874,0.818,1.000,0.907,0.915,0.930,0.811,1.000,0.778,0.846,0.960,0.857,
 0.773,0.922,0.974,0.833,1.000,0.857,1.000,0.860,0.991,0.969,0.842,0.783,
 0.500,0.913]
Testing Group Acc: [0.369,0.145,0.054]
Epoch [145] Testing Results: Prec@1 15.030 Prec@5 33.480 Loss 9.01209
Epoch [145] Testing Class Recall: [0.000,0.060,0.010,0.030,0.090,0.120,0.000,0.060,0.660,0.160,0.070,0.020,
 0.170,0.000,0.150,0.080,0.220,0.130,0.180,0.010,0.040,0.640,0.330,0.850,
 0.130,0.480,0.410,0.270,0.430,0.220,0.000,0.010,0.060,0.460,0.160,0.020,
 0.040,0.070,0.120,0.250,0.020,0.070,0.050,0.200,0.130,0.040,0.000,0.210,
 0.160,0.050,0.040,0.000,0.000,0.010,0.200,0.060,0.050,0.360,0.280,0.100,
 0.050,0.090,0.000,0.100,0.070,0.050,0.040,0.090,0.550,0.330,0.060,0.070,
 0.100,0.000,0.160,0.060,0.220,0.060,0.280,0.190,0.070,0.050,0.000,0.060,
 0.300,0.070,0.040,0.450,0.520,0.140,0.000,0.010,0.000,0.010,0.690,0.080,
 0.120,0.030,0.200,0.380]
Training Group Acc: [0.918,0.857,0.787]
Epoch [146] Training Results: Prec@1 88.760 Prec@5 99.220 Loss 0.34965
Epoch [146] Training Class Recall: [1.000,0.875,1.000,0.763,0.780,0.900,0.800,0.936,0.826,0.860,0.733,0.789,
 0.875,0.864,0.810,0.692,0.818,0.839,0.500,0.962,0.949,0.958,0.980,0.784,
 0.945,0.914,0.935,0.966,0.923,1.000,0.375,0.808,0.855,0.750,0.769,0.955,
 0.727,0.866,0.970,0.643,0.905,0.818,0.839,0.885,0.842,0.958,0.857,0.727,
 0.875,0.857,0.800,1.000,0.893,0.807,0.875,0.908,0.833,0.905,0.846,0.944,
 0.750,0.892,0.846,0.862,0.643,0.882,0.965,0.959,0.833,1.000,0.833,0.778,
 0.942,0.818,0.900,0.880,0.894,0.912,0.649,0.810,0.667,1.000,0.931,0.771,
 0.682,0.882,0.955,0.278,1.000,0.810,0.333,0.780,0.874,0.969,0.842,0.957,
 0.875,0.921]
Testing Group Acc: [0.354,0.138,0.041]
Epoch [146] Testing Results: Prec@1 13.960 Prec@5 32.470 Loss 9.36683
Epoch [146] Testing Class Recall: [0.000,0.060,0.000,0.100,0.160,0.040,0.000,0.100,0.490,0.110,0.130,0.060,
 0.190,0.000,0.020,0.040,0.010,0.070,0.240,0.030,0.020,0.630,0.430,0.780,
 0.260,0.310,0.350,0.480,0.540,0.080,0.010,0.010,0.030,0.360,0.150,0.040,
 0.040,0.010,0.090,0.120,0.000,0.020,0.110,0.410,0.120,0.000,0.000,0.180,
 0.030,0.110,0.030,0.130,0.010,0.020,0.180,0.110,0.030,0.330,0.180,0.080,
 0.030,0.050,0.010,0.140,0.030,0.020,0.040,0.060,0.630,0.340,0.030,0.100,
 0.020,0.000,0.200,0.090,0.180,0.040,0.220,0.160,0.090,0.040,0.010,0.000,
 0.240,0.090,0.030,0.490,0.380,0.060,0.000,0.010,0.010,0.060,0.570,0.200,
 0.040,0.050,0.180,0.350]
Training Group Acc: [0.873,0.826,0.729]
Epoch [147] Training Results: Prec@1 85.580 Prec@5 98.880 Loss 0.46865
Epoch [147] Training Class Recall: [0.000,0.750,0.800,0.737,0.764,0.900,0.680,0.862,0.913,0.837,0.933,0.737,
 0.625,0.864,0.857,0.538,0.727,0.839,0.750,0.769,0.855,0.900,0.967,0.932,
 0.917,0.877,0.879,0.937,0.812,0.500,0.625,0.577,0.836,0.800,0.923,0.909,
 0.909,0.821,0.924,0.857,0.667,0.485,0.857,0.714,0.789,0.708,0.786,0.818,
 0.833,0.786,0.000,1.000,0.893,0.852,0.625,0.877,0.833,0.762,1.000,0.861,
 1.000,0.877,0.769,0.828,0.857,0.882,0.976,0.932,0.875,0.818,0.812,0.444,
 0.913,0.909,0.900,0.933,0.894,0.930,0.649,0.905,0.778,0.769,0.832,0.629,
 0.818,0.902,0.903,0.667,1.000,0.762,0.333,0.820,0.937,0.875,0.789,1.000,
 0.875,0.857]
Testing Group Acc: [0.389,0.141,0.038]
Epoch [147] Testing Results: Prec@1 14.620 Prec@5 33.270 Loss 8.96174
Epoch [147] Testing Class Recall: [0.000,0.060,0.000,0.090,0.250,0.010,0.000,0.070,0.630,0.090,0.050,0.000,
 0.270,0.000,0.290,0.070,0.030,0.040,0.330,0.000,0.020,0.650,0.370,0.840,
 0.140,0.410,0.380,0.280,0.300,0.240,0.000,0.010,0.030,0.350,0.210,0.030,
 0.030,0.030,0.090,0.150,0.010,0.110,0.130,0.120,0.240,0.000,0.000,0.230,
 0.310,0.050,0.010,0.000,0.000,0.020,0.060,0.050,0.040,0.430,0.230,0.130,
 0.070,0.040,0.000,0.130,0.020,0.020,0.010,0.170,0.550,0.430,0.190,0.040,
 0.090,0.000,0.120,0.080,0.070,0.080,0.360,0.230,0.080,0.060,0.040,0.020,
 0.390,0.010,0.020,0.260,0.500,0.020,0.000,0.010,0.000,0.070,0.760,0.140,
 0.110,0.020,0.070,0.330]
Training Group Acc: [0.894,0.840,0.760]
Epoch [148] Training Results: Prec@1 87.760 Prec@5 99.260 Loss 0.39397
Epoch [148] Training Class Recall: [1.000,0.750,0.800,0.868,0.854,0.833,0.480,0.968,0.870,0.837,0.933,0.947,
 0.250,0.795,0.857,0.692,0.909,0.830,0.917,0.769,0.949,0.883,0.963,0.932,
 0.883,0.866,0.901,0.960,0.906,0.000,1.000,0.885,0.909,0.867,0.769,0.955,
 0.818,0.881,0.955,0.786,0.762,0.818,0.821,0.868,0.842,0.792,0.857,0.818,
 0.917,0.857,1.000,1.000,0.714,0.898,0.750,0.954,0.750,0.857,0.923,0.806,
 1.000,0.754,0.821,0.759,0.714,0.882,0.976,0.890,0.833,0.818,0.812,0.667,
 0.854,0.818,0.800,0.947,0.926,0.912,0.757,0.667,0.778,0.769,0.822,0.800,
 0.773,0.922,0.903,0.611,0.000,0.905,0.333,0.800,0.946,0.844,0.789,0.826,
 0.938,0.897]
Testing Group Acc: [0.389,0.144,0.043]
Epoch [148] Testing Results: Prec@1 14.940 Prec@5 34.200 Loss 8.86419
Epoch [148] Testing Class Recall: [0.000,0.040,0.000,0.060,0.310,0.110,0.000,0.060,0.600,0.120,0.030,0.030,
 0.090,0.000,0.070,0.050,0.010,0.130,0.340,0.000,0.050,0.590,0.260,0.790,
 0.130,0.140,0.370,0.530,0.320,0.190,0.000,0.010,0.040,0.270,0.230,0.020,
 0.020,0.040,0.030,0.150,0.010,0.150,0.100,0.460,0.290,0.010,0.000,0.170,
 0.240,0.200,0.020,0.000,0.000,0.020,0.090,0.040,0.060,0.290,0.340,0.020,
 0.130,0.060,0.050,0.100,0.030,0.010,0.020,0.100,0.640,0.230,0.060,0.080,
 0.070,0.000,0.200,0.030,0.140,0.110,0.230,0.200,0.000,0.090,0.050,0.090,
 0.440,0.330,0.100,0.420,0.500,0.060,0.000,0.010,0.000,0.160,0.660,0.100,
 0.060,0.030,0.120,0.490]
Training Group Acc: [0.940,0.911,0.839]
Epoch [149] Training Results: Prec@1 92.620 Prec@5 99.660 Loss 0.24638
Epoch [149] Training Class Recall: [0.000,1.000,0.600,0.921,0.927,0.900,0.760,0.968,1.000,0.930,0.800,0.895,
 0.750,0.886,0.857,0.923,0.909,0.884,0.167,0.885,0.964,0.992,0.988,0.920,
 0.897,0.930,0.926,0.966,0.966,1.000,0.625,0.846,0.945,0.933,0.923,0.955,
 0.909,0.925,0.894,0.929,0.905,0.848,0.946,0.918,0.842,0.917,0.929,0.864,
 0.958,0.857,0.800,1.000,0.929,0.932,0.875,0.908,1.000,0.857,0.923,0.944,
 1.000,0.908,0.923,0.897,1.000,0.961,1.000,0.945,0.875,1.000,0.854,0.889,
 0.893,0.909,0.900,0.920,0.915,0.965,0.865,0.952,0.889,1.000,0.911,0.886,
 0.909,0.961,0.935,0.833,1.000,0.905,0.667,0.860,0.982,0.875,0.895,0.870,
 0.875,0.937]
Testing Group Acc: [0.406,0.125,0.031]
Epoch [149] Testing Results: Prec@1 13.890 Prec@5 31.860 Loss 9.59978
Epoch [149] Testing Class Recall: [0.000,0.120,0.000,0.060,0.300,0.030,0.000,0.030,0.440,0.090,0.080,0.010,
 0.070,0.010,0.120,0.050,0.000,0.090,0.270,0.000,0.030,0.660,0.280,0.590,
 0.230,0.470,0.420,0.530,0.560,0.250,0.000,0.010,0.030,0.280,0.120,0.010,
 0.070,0.010,0.040,0.190,0.000,0.010,0.110,0.240,0.210,0.020,0.000,0.070,
 0.170,0.180,0.030,0.020,0.030,0.010,0.150,0.120,0.030,0.370,0.180,0.050,
 0.030,0.080,0.000,0.090,0.020,0.000,0.030,0.110,0.540,0.300,0.050,0.060,
 0.070,0.000,0.110,0.020,0.060,0.080,0.190,0.190,0.050,0.050,0.010,0.040,
 0.320,0.110,0.030,0.460,0.580,0.090,0.000,0.010,0.000,0.060,0.740,0.110,
 0.110,0.050,0.070,0.420]
Training Group Acc: [0.949,0.899,0.881]
Epoch [150] Training Results: Prec@1 93.120 Prec@5 99.500 Loss 0.26442
Epoch [150] Training Class Recall: [1.000,0.875,1.000,0.842,0.959,0.833,0.840,0.936,0.913,0.930,0.933,0.895,
 1.000,0.977,1.000,0.769,1.000,0.902,0.667,0.615,0.957,0.942,0.886,0.943,
 0.966,0.930,0.957,0.971,0.949,1.000,0.625,0.846,1.000,0.917,0.846,1.000,
 0.909,0.925,0.970,1.000,0.810,0.879,0.964,0.923,0.895,0.917,1.000,0.545,
 0.833,0.929,0.600,0.000,1.000,0.955,0.875,0.938,0.833,0.810,0.923,0.889,
 1.000,0.923,0.897,1.000,1.000,0.974,0.976,0.932,0.958,0.909,0.896,0.778,
 0.951,0.909,1.000,0.973,0.936,1.000,0.703,0.905,0.889,0.923,0.960,0.886,
 0.909,0.941,0.955,0.944,1.000,0.857,1.000,0.920,0.964,0.844,1.000,0.957,
 0.875,0.960]
Testing Group Acc: [0.407,0.143,0.038]
Epoch [150] Testing Results: Prec@1 15.010 Prec@5 34.580 Loss 8.83149
Epoch [150] Testing Class Recall: [0.000,0.050,0.020,0.110,0.080,0.050,0.000,0.030,0.670,0.170,0.120,0.000,
 0.120,0.000,0.080,0.050,0.000,0.100,0.330,0.000,0.160,0.600,0.300,0.890,
 0.110,0.420,0.370,0.450,0.520,0.160,0.000,0.000,0.100,0.290,0.130,0.010,
 0.070,0.040,0.080,0.190,0.020,0.100,0.130,0.160,0.150,0.020,0.000,0.120,
 0.170,0.150,0.040,0.040,0.020,0.040,0.210,0.080,0.050,0.360,0.330,0.030,
 0.020,0.040,0.000,0.110,0.060,0.030,0.020,0.070,0.610,0.310,0.080,0.100,
 0.080,0.000,0.180,0.110,0.100,0.050,0.260,0.180,0.060,0.040,0.030,0.030,
 0.420,0.130,0.050,0.320,0.710,0.080,0.000,0.000,0.000,0.040,0.780,0.200,
 0.030,0.070,0.140,0.380]
Training Group Acc: [0.963,0.922,0.893]
Epoch [151] Training Results: Prec@1 94.440 Prec@5 99.800 Loss 0.19605
Epoch [151] Training Class Recall: [1.000,1.000,0.600,0.763,0.894,0.900,0.840,0.968,1.000,0.953,0.933,1.000,
 1.000,0.932,0.905,0.846,1.000,0.964,0.750,0.885,0.964,0.992,0.967,0.955,
 0.952,0.973,0.960,0.989,0.915,0.500,0.625,0.885,0.964,0.867,0.923,0.955,
 0.818,0.881,1.000,0.929,0.857,0.939,0.911,0.978,0.947,0.875,0.786,0.864,
 0.875,0.929,0.600,1.000,0.964,0.909,1.000,0.969,1.000,1.000,0.923,1.000,
 1.000,0.908,0.846,0.931,1.000,0.947,0.976,0.959,0.958,1.000,0.917,1.000,
 0.932,0.909,1.000,0.987,0.862,0.991,0.946,0.905,0.667,0.923,0.960,0.886,
 0.909,0.922,0.974,0.889,1.000,0.952,1.000,0.880,1.000,0.969,1.000,0.870,
 0.875,0.960]
Testing Group Acc: [0.358,0.154,0.040]
Epoch [151] Testing Results: Prec@1 14.770 Prec@5 34.570 Loss 9.56161
Epoch [151] Testing Class Recall: [0.000,0.090,0.010,0.050,0.260,0.030,0.000,0.060,0.490,0.110,0.060,0.020,
 0.070,0.000,0.090,0.070,0.010,0.240,0.390,0.020,0.170,0.300,0.300,0.680,
 0.080,0.300,0.380,0.410,0.290,0.170,0.000,0.010,0.040,0.360,0.230,0.010,
 0.040,0.070,0.200,0.180,0.010,0.040,0.130,0.250,0.340,0.030,0.000,0.360,
 0.110,0.050,0.010,0.010,0.010,0.020,0.100,0.160,0.030,0.280,0.110,0.110,
 0.040,0.060,0.010,0.160,0.160,0.020,0.050,0.220,0.630,0.400,0.080,0.040,
 0.090,0.010,0.160,0.080,0.110,0.030,0.350,0.220,0.010,0.030,0.020,0.020,
 0.340,0.230,0.060,0.230,0.580,0.110,0.000,0.010,0.000,0.090,0.630,0.230,
 0.060,0.300,0.120,0.330]
Training Group Acc: [0.935,0.902,0.886]
Epoch [152] Training Results: Prec@1 92.200 Prec@5 99.620 Loss 0.27424
Epoch [152] Training Class Recall: [1.000,1.000,1.000,0.842,0.870,0.900,0.800,0.968,0.913,0.907,0.867,0.947,
 0.750,0.864,0.905,0.846,1.000,0.893,0.750,0.923,0.819,0.950,0.959,0.943,
 0.952,0.957,0.941,0.966,0.957,1.000,0.750,0.808,0.927,0.933,0.923,0.909,
 0.636,0.940,0.864,0.714,0.857,0.879,0.946,0.912,0.895,0.958,0.857,0.864,
 0.875,0.857,0.400,1.000,0.929,0.898,1.000,0.985,0.917,1.000,0.923,0.917,
 1.000,0.846,0.821,0.897,0.786,0.947,0.941,0.973,0.875,0.909,0.875,0.667,
 0.942,1.000,1.000,0.947,0.915,0.982,0.838,0.952,1.000,0.923,0.931,0.943,
 0.818,0.882,0.961,0.778,1.000,0.905,1.000,0.940,0.964,0.906,1.000,0.826,
 0.938,0.937]
Testing Group Acc: [0.362,0.144,0.034]
Epoch [152] Testing Results: Prec@1 14.140 Prec@5 33.200 Loss 9.36864
Epoch [152] Testing Class Recall: [0.000,0.020,0.020,0.040,0.120,0.050,0.000,0.120,0.670,0.080,0.110,0.000,
 0.110,0.000,0.030,0.040,0.020,0.110,0.310,0.000,0.110,0.510,0.290,0.780,
 0.120,0.530,0.320,0.530,0.360,0.310,0.000,0.000,0.080,0.260,0.270,0.030,
 0.140,0.040,0.090,0.230,0.020,0.030,0.050,0.340,0.080,0.020,0.000,0.160,
 0.080,0.120,0.030,0.000,0.000,0.020,0.040,0.050,0.030,0.340,0.330,0.040,
 0.030,0.050,0.000,0.190,0.120,0.010,0.070,0.190,0.750,0.240,0.090,0.110,
 0.130,0.000,0.150,0.070,0.150,0.090,0.240,0.230,0.020,0.010,0.010,0.030,
 0.160,0.100,0.040,0.170,0.450,0.060,0.000,0.010,0.000,0.040,0.620,0.270,
 0.080,0.040,0.090,0.400]
Training Group Acc: [0.902,0.826,0.774]
Epoch [153] Training Results: Prec@1 86.740 Prec@5 99.060 Loss 0.42887
Epoch [153] Training Class Recall: [1.000,0.750,0.600,0.789,0.870,0.967,0.600,0.851,0.826,0.953,0.733,0.895,
 0.750,0.705,0.762,0.692,0.818,0.848,0.833,0.962,0.877,0.933,0.967,0.909,
 0.917,0.898,0.923,0.943,0.880,0.000,1.000,0.846,0.873,0.783,0.769,0.864,
 0.909,0.821,0.894,0.714,0.762,0.818,0.839,0.863,0.737,0.833,0.857,0.864,
 0.708,0.714,0.400,1.000,0.750,0.818,1.000,0.938,0.875,0.952,0.692,0.917,
 1.000,0.862,0.769,0.690,0.857,0.895,0.906,0.712,0.875,0.909,0.812,0.556,
 0.893,0.818,0.700,0.853,0.798,0.860,0.757,0.667,0.667,0.692,0.921,0.829,
 0.591,0.882,0.910,0.833,1.000,0.857,1.000,0.760,0.955,0.906,0.684,0.913,
 0.750,0.881]
Testing Group Acc: [0.365,0.125,0.044]
Epoch [153] Testing Results: Prec@1 13.650 Prec@5 31.320 Loss 9.45376
Epoch [153] Testing Class Recall: [0.030,0.010,0.000,0.050,0.180,0.070,0.000,0.070,0.490,0.160,0.060,0.020,
 0.110,0.020,0.150,0.070,0.010,0.080,0.100,0.000,0.120,0.660,0.360,0.830,
 0.110,0.540,0.400,0.460,0.450,0.270,0.000,0.000,0.070,0.320,0.160,0.040,
 0.090,0.020,0.070,0.080,0.080,0.010,0.050,0.230,0.090,0.020,0.000,0.120,
 0.080,0.030,0.010,0.010,0.020,0.030,0.160,0.080,0.040,0.370,0.050,0.090,
 0.050,0.050,0.070,0.150,0.070,0.010,0.010,0.060,0.700,0.490,0.050,0.080,
 0.040,0.000,0.080,0.060,0.140,0.140,0.090,0.250,0.000,0.040,0.020,0.180,
 0.080,0.000,0.050,0.380,0.370,0.020,0.000,0.000,0.000,0.010,0.710,0.130,
 0.150,0.060,0.190,0.370]
Training Group Acc: [0.856,0.779,0.730]
Epoch [154] Training Results: Prec@1 82.500 Prec@5 98.280 Loss 0.57502
Epoch [154] Training Class Recall: [0.000,0.750,0.800,0.711,0.780,0.767,0.760,0.926,0.957,0.744,0.733,0.789,
 0.625,0.659,0.810,0.538,0.636,0.786,0.750,0.769,0.949,0.892,0.947,0.830,
 0.855,0.813,0.889,0.931,0.889,1.000,0.500,0.846,0.909,0.683,0.923,0.818,
 0.636,0.806,0.879,0.786,0.571,0.636,0.857,0.797,0.737,0.875,0.643,0.864,
 0.792,0.643,0.600,1.000,0.786,0.727,0.875,0.877,0.750,0.667,0.923,0.833,
 0.750,0.785,0.692,0.862,0.571,0.776,0.953,0.904,0.750,0.818,0.812,0.444,
 0.835,0.818,0.800,0.813,0.606,0.877,0.649,0.524,0.889,0.846,0.594,0.743,
 0.727,0.804,0.877,0.722,1.000,0.762,0.667,0.700,0.964,0.938,0.842,0.696,
 0.750,0.881]
Testing Group Acc: [0.313,0.119,0.035]
Epoch [154] Testing Results: Prec@1 12.160 Prec@5 30.100 Loss 10.21296
Epoch [154] Testing Class Recall: [0.000,0.030,0.010,0.020,0.040,0.000,0.000,0.010,0.180,0.100,0.140,0.020,
 0.110,0.000,0.020,0.040,0.010,0.160,0.050,0.010,0.060,0.510,0.480,0.750,
 0.080,0.280,0.400,0.230,0.480,0.050,0.000,0.000,0.050,0.260,0.050,0.010,
 0.050,0.040,0.080,0.230,0.000,0.060,0.040,0.240,0.120,0.010,0.000,0.100,
 0.000,0.040,0.020,0.000,0.000,0.010,0.130,0.110,0.030,0.290,0.100,0.140,
 0.000,0.100,0.020,0.140,0.160,0.050,0.070,0.230,0.600,0.330,0.120,0.010,
 0.200,0.010,0.060,0.170,0.160,0.090,0.290,0.260,0.020,0.020,0.020,0.070,
 0.240,0.020,0.000,0.330,0.390,0.080,0.000,0.010,0.000,0.050,0.640,0.160,
 0.150,0.020,0.050,0.340]
Training Group Acc: [0.810,0.746,0.658]
Epoch [155] Training Results: Prec@1 78.680 Prec@5 97.560 Loss 0.69289
Epoch [155] Training Class Recall: [1.000,0.500,0.200,0.737,0.756,0.900,0.320,0.894,0.652,0.791,0.600,0.632,
 1.000,0.591,0.476,0.538,0.727,0.661,0.667,0.769,0.884,0.775,0.898,0.625,
 0.821,0.786,0.768,0.920,0.744,0.500,0.500,0.731,0.836,0.683,0.846,0.818,
 0.909,0.776,0.894,0.714,0.667,0.667,0.875,0.764,0.474,0.792,0.714,0.636,
 0.875,0.786,0.200,0.000,0.750,0.727,0.250,0.877,0.792,0.714,0.846,0.806,
 1.000,0.846,0.667,0.690,0.643,0.882,1.000,0.822,0.750,0.818,0.812,0.667,
 0.718,0.636,0.700,0.853,0.798,0.807,0.622,0.714,0.667,0.692,0.851,0.657,
 0.636,0.824,0.839,0.611,1.000,0.667,0.667,0.680,0.955,0.781,0.842,0.696,
 0.812,0.817]
Testing Group Acc: [0.359,0.121,0.033]
Epoch [155] Testing Results: Prec@1 12.970 Prec@5 31.470 Loss 9.08947
Epoch [155] Testing Class Recall: [0.000,0.060,0.010,0.110,0.070,0.020,0.000,0.010,0.380,0.160,0.140,0.010,
 0.080,0.000,0.100,0.030,0.040,0.110,0.270,0.000,0.180,0.470,0.310,0.950,
 0.080,0.410,0.380,0.520,0.510,0.160,0.000,0.000,0.070,0.360,0.190,0.010,
 0.040,0.000,0.090,0.230,0.020,0.030,0.080,0.030,0.130,0.050,0.000,0.070,
 0.110,0.030,0.010,0.000,0.050,0.010,0.180,0.160,0.010,0.310,0.220,0.040,
 0.010,0.080,0.020,0.140,0.100,0.010,0.030,0.160,0.390,0.270,0.110,0.040,
 0.060,0.000,0.090,0.140,0.050,0.080,0.180,0.160,0.020,0.010,0.010,0.090,
 0.210,0.020,0.020,0.480,0.420,0.050,0.000,0.010,0.000,0.030,0.770,0.100,
 0.050,0.060,0.120,0.280]
Training Group Acc: [0.908,0.836,0.822]
Epoch [156] Training Results: Prec@1 88.140 Prec@5 99.260 Loss 0.38419
Epoch [156] Training Class Recall: [1.000,0.875,0.800,0.868,0.846,0.767,0.480,0.904,0.957,0.814,0.800,0.947,
 0.875,0.909,0.952,0.923,0.727,0.875,0.667,0.923,0.942,0.942,0.967,0.920,
 0.910,0.872,0.904,0.960,0.846,0.500,0.500,0.692,0.855,0.850,0.846,0.909,
 0.636,0.925,0.924,0.786,0.714,0.909,0.875,0.874,0.737,0.792,0.714,0.727,
 0.708,0.786,0.800,1.000,0.857,0.875,0.875,0.969,0.792,0.905,1.000,0.917,
 1.000,0.831,0.769,0.690,0.929,0.895,0.976,0.959,0.833,0.909,0.875,0.667,
 0.883,1.000,0.800,0.880,0.809,0.895,0.784,0.905,1.000,0.769,0.901,0.657,
 0.818,0.882,0.897,0.722,1.000,0.762,0.667,0.620,0.964,0.938,0.947,0.739,
 0.750,0.960]
Testing Group Acc: [0.385,0.132,0.032]
Epoch [156] Testing Results: Prec@1 13.900 Prec@5 31.620 Loss 9.17422
Epoch [156] Testing Class Recall: [0.000,0.060,0.010,0.020,0.160,0.060,0.000,0.000,0.480,0.110,0.070,0.050,
 0.180,0.000,0.070,0.070,0.010,0.080,0.310,0.000,0.020,0.400,0.280,0.760,
 0.070,0.240,0.360,0.700,0.500,0.130,0.000,0.010,0.020,0.300,0.150,0.030,
 0.040,0.000,0.000,0.150,0.050,0.030,0.110,0.360,0.260,0.020,0.000,0.090,
 0.050,0.080,0.050,0.030,0.010,0.040,0.140,0.040,0.020,0.280,0.300,0.050,
 0.000,0.050,0.000,0.030,0.030,0.010,0.000,0.070,0.710,0.360,0.060,0.070,
 0.180,0.000,0.250,0.040,0.070,0.040,0.420,0.160,0.010,0.040,0.000,0.030,
 0.470,0.130,0.030,0.310,0.500,0.090,0.000,0.010,0.000,0.000,0.710,0.310,
 0.030,0.230,0.180,0.360]
Training Group Acc: [0.947,0.898,0.850]
Epoch [157] Training Results: Prec@1 92.660 Prec@5 99.620 Loss 0.26207
Epoch [157] Training Class Recall: [1.000,0.875,0.600,0.816,0.935,0.933,0.760,0.979,0.826,0.884,0.933,0.947,
 1.000,0.864,1.000,0.846,0.636,0.920,0.917,0.962,0.964,0.983,0.984,0.932,
 0.952,0.947,0.954,0.966,0.923,0.500,0.875,0.885,0.982,0.967,1.000,0.818,
 0.909,0.925,0.955,1.000,0.810,0.939,0.804,0.951,0.842,0.917,0.929,0.955,
 0.708,0.929,0.800,1.000,0.893,0.852,0.750,0.969,0.958,0.857,0.923,1.000,
 0.750,0.800,0.897,0.828,0.857,0.855,0.976,0.932,0.958,0.909,0.938,0.667,
 0.835,0.818,0.900,0.973,0.883,0.974,0.838,1.000,0.889,0.846,0.931,0.914,
 0.955,0.902,0.910,0.889,1.000,0.714,0.333,0.860,0.991,0.969,0.947,0.870,
 0.875,0.984]
Testing Group Acc: [0.388,0.160,0.046]
Epoch [157] Testing Results: Prec@1 15.760 Prec@5 34.930 Loss 8.33244
Epoch [157] Testing Class Recall: [0.000,0.100,0.000,0.080,0.320,0.020,0.000,0.040,0.460,0.130,0.140,0.040,
 0.110,0.000,0.130,0.090,0.060,0.350,0.290,0.030,0.010,0.610,0.240,0.850,
 0.080,0.300,0.310,0.440,0.440,0.230,0.000,0.000,0.070,0.260,0.160,0.010,
 0.060,0.040,0.070,0.240,0.000,0.060,0.120,0.270,0.250,0.020,0.000,0.260,
 0.110,0.170,0.070,0.010,0.130,0.020,0.120,0.120,0.020,0.350,0.260,0.070,
 0.040,0.120,0.010,0.190,0.060,0.090,0.010,0.170,0.710,0.300,0.130,0.060,
 0.140,0.000,0.070,0.110,0.090,0.070,0.330,0.160,0.080,0.070,0.000,0.070,
 0.340,0.220,0.020,0.430,0.670,0.020,0.000,0.020,0.010,0.040,0.750,0.190,
 0.070,0.230,0.100,0.330]
Training Group Acc: [0.906,0.836,0.746]
Epoch [158] Training Results: Prec@1 87.520 Prec@5 99.000 Loss 0.39728
Epoch [158] Training Class Recall: [0.000,1.000,0.200,0.842,0.846,0.733,0.800,0.894,0.870,0.860,0.867,0.842,
 0.500,0.750,0.857,0.923,0.727,0.911,0.917,0.846,0.971,0.933,0.963,0.920,
 0.917,0.829,0.916,0.960,0.863,0.500,0.625,0.808,0.764,0.867,0.692,0.636,
 0.636,0.896,0.924,0.643,0.619,0.818,0.893,0.879,0.684,0.875,0.786,0.864,
 0.792,1.000,0.800,1.000,0.821,0.852,1.000,0.908,0.917,0.857,0.846,0.806,
 0.750,0.831,0.744,0.621,0.857,0.855,0.965,0.904,0.917,0.818,0.812,0.667,
 0.796,1.000,0.700,0.867,0.915,0.956,0.838,0.810,0.667,1.000,0.911,0.800,
 0.773,0.863,0.903,0.667,1.000,0.857,1.000,0.840,0.964,0.875,0.474,0.913,
 0.562,0.881]
Testing Group Acc: [0.308,0.116,0.033]
Epoch [158] Testing Results: Prec@1 11.890 Prec@5 29.480 Loss 10.11480
Epoch [158] Testing Class Recall: [0.000,0.020,0.000,0.010,0.180,0.050,0.000,0.030,0.280,0.060,0.030,0.010,
 0.070,0.000,0.040,0.020,0.000,0.020,0.210,0.000,0.220,0.580,0.170,0.680,
 0.050,0.250,0.460,0.620,0.250,0.320,0.000,0.000,0.080,0.160,0.040,0.030,
 0.170,0.040,0.180,0.130,0.020,0.010,0.110,0.400,0.160,0.010,0.000,0.110,
 0.050,0.050,0.020,0.050,0.000,0.000,0.120,0.060,0.020,0.290,0.070,0.080,
 0.130,0.060,0.020,0.190,0.030,0.020,0.020,0.110,0.480,0.410,0.070,0.090,
 0.000,0.000,0.220,0.010,0.240,0.080,0.420,0.120,0.010,0.000,0.000,0.020,
 0.200,0.120,0.000,0.150,0.250,0.050,0.000,0.000,0.000,0.050,0.470,0.160,
 0.050,0.230,0.230,0.090]
Training Group Acc: [0.850,0.794,0.720]
Epoch [159] Training Results: Prec@1 82.940 Prec@5 97.980 Loss 0.57613
Epoch [159] Training Class Recall: [0.000,0.625,0.400,0.816,0.797,0.700,0.760,0.872,0.913,0.767,0.800,0.632,
 0.500,0.795,0.857,0.846,0.727,0.821,0.833,0.808,0.913,0.917,0.931,0.875,
 0.862,0.850,0.876,0.914,0.838,0.500,0.625,0.654,0.927,0.767,0.692,0.864,
 0.909,0.821,0.818,0.857,0.762,0.788,0.839,0.813,0.526,0.750,0.643,0.727,
 0.750,0.643,0.400,1.000,0.786,0.784,0.875,0.846,0.917,0.524,0.846,0.833,
 1.000,0.877,0.769,0.586,0.857,0.750,0.988,0.890,0.792,0.727,0.688,0.556,
 0.777,0.818,0.900,0.853,0.755,0.886,0.703,0.857,0.667,0.769,0.822,0.714,
 0.727,0.882,0.916,0.778,1.000,0.857,1.000,0.780,0.928,0.875,0.842,0.652,
 0.688,0.595]
Testing Group Acc: [0.356,0.135,0.046]
Epoch [159] Testing Results: Prec@1 14.030 Prec@5 33.810 Loss 8.13378
Epoch [159] Testing Class Recall: [0.000,0.060,0.000,0.040,0.040,0.100,0.000,0.070,0.500,0.310,0.200,0.040,
 0.190,0.030,0.120,0.070,0.030,0.060,0.190,0.000,0.110,0.190,0.150,0.680,
 0.100,0.510,0.360,0.310,0.550,0.260,0.000,0.010,0.060,0.110,0.250,0.020,
 0.020,0.030,0.140,0.200,0.020,0.020,0.070,0.090,0.210,0.030,0.000,0.170,
 0.120,0.060,0.050,0.080,0.120,0.020,0.190,0.080,0.010,0.330,0.410,0.030,
 0.030,0.100,0.030,0.020,0.080,0.030,0.010,0.060,0.660,0.350,0.120,0.080,
 0.060,0.000,0.240,0.040,0.100,0.150,0.240,0.270,0.010,0.060,0.010,0.120,
 0.370,0.090,0.070,0.170,0.600,0.080,0.000,0.010,0.010,0.010,0.690,0.130,
 0.140,0.020,0.120,0.430]
Training Group Acc: [0.924,0.889,0.859]
Epoch [160] Training Results: Prec@1 90.820 Prec@5 99.740 Loss 0.29844
Epoch [160] Training Class Recall: [1.000,0.875,0.800,0.868,0.626,0.933,0.760,0.936,1.000,0.907,0.867,0.895,
 0.875,0.864,0.905,0.769,0.909,0.884,0.917,0.923,0.964,0.875,0.988,0.943,
 0.979,0.888,0.907,0.994,0.957,1.000,0.875,0.769,0.873,0.967,1.000,0.864,
 0.545,0.940,0.985,0.929,0.714,0.848,0.750,0.945,0.895,0.917,0.929,0.909,
 0.917,1.000,0.800,1.000,0.964,0.920,1.000,0.908,0.917,0.952,0.692,0.972,
 1.000,0.831,0.821,0.931,0.714,0.816,0.988,0.890,0.917,0.727,0.812,0.778,
 0.932,0.727,0.900,1.000,0.840,0.974,0.811,0.952,0.667,1.000,0.921,0.829,
 0.909,0.824,0.955,0.833,1.000,0.952,0.333,0.800,0.982,0.812,0.947,0.913,
 1.000,0.937]
Testing Group Acc: [0.408,0.145,0.051]
Epoch [160] Testing Results: Prec@1 15.610 Prec@5 35.210 Loss 8.37211
Epoch [160] Testing Class Recall: [0.000,0.110,0.000,0.050,0.070,0.060,0.000,0.050,0.480,0.210,0.170,0.060,
 0.120,0.040,0.120,0.030,0.020,0.080,0.230,0.000,0.110,0.640,0.300,0.840,
 0.150,0.460,0.410,0.510,0.540,0.280,0.000,0.010,0.090,0.230,0.220,0.030,
 0.050,0.010,0.070,0.190,0.020,0.030,0.130,0.170,0.220,0.030,0.000,0.250,
 0.130,0.080,0.030,0.100,0.150,0.020,0.200,0.110,0.020,0.330,0.320,0.050,
 0.070,0.090,0.010,0.110,0.090,0.030,0.010,0.080,0.720,0.350,0.140,0.060,
 0.110,0.000,0.170,0.050,0.170,0.120,0.250,0.230,0.040,0.050,0.000,0.090,
 0.320,0.120,0.040,0.210,0.670,0.120,0.000,0.010,0.000,0.050,0.690,0.140,
 0.170,0.100,0.150,0.350]
Training Group Acc: [0.937,0.913,0.910]
Epoch [161] Training Results: Prec@1 92.920 Prec@5 99.740 Loss 0.25997
Epoch [161] Training Class Recall: [1.000,1.000,0.600,0.895,0.715,0.933,0.800,0.979,1.000,0.930,1.000,0.947,
 0.750,0.886,0.905,0.923,0.818,0.893,0.917,0.808,0.964,0.958,0.984,0.989,
 0.966,0.952,0.938,0.977,0.949,1.000,1.000,0.846,0.836,0.917,0.923,0.955,
 0.818,0.955,0.985,0.857,0.905,0.909,0.821,0.918,0.947,0.917,0.929,0.773,
 1.000,1.000,1.000,1.000,0.964,0.886,1.000,0.938,0.958,0.905,0.846,0.944,
 1.000,0.862,0.872,0.931,0.929,0.908,0.988,0.904,0.958,0.909,0.896,0.889,
 0.951,0.818,0.900,1.000,0.883,0.974,0.865,0.952,0.778,1.000,0.921,0.914,
 0.773,0.922,0.948,1.000,1.000,0.952,0.667,0.880,0.982,0.938,0.947,0.957,
 0.812,0.944]
Testing Group Acc: [0.408,0.145,0.051]
Epoch [161] Testing Results: Prec@1 15.590 Prec@5 35.200 Loss 8.33628
Epoch [161] Testing Class Recall: [0.000,0.080,0.000,0.040,0.090,0.050,0.000,0.060,0.480,0.190,0.160,0.050,
 0.110,0.040,0.160,0.030,0.010,0.060,0.230,0.000,0.110,0.670,0.290,0.830,
 0.160,0.470,0.400,0.520,0.530,0.280,0.000,0.010,0.090,0.220,0.240,0.040,
 0.060,0.010,0.070,0.200,0.020,0.050,0.100,0.190,0.230,0.030,0.000,0.240,
 0.140,0.070,0.020,0.080,0.160,0.020,0.210,0.120,0.030,0.310,0.280,0.050,
 0.080,0.070,0.010,0.110,0.100,0.050,0.020,0.090,0.710,0.370,0.140,0.060,
 0.100,0.000,0.160,0.080,0.190,0.090,0.260,0.230,0.040,0.050,0.000,0.080,
 0.340,0.110,0.030,0.240,0.660,0.100,0.000,0.010,0.000,0.050,0.670,0.160,
 0.150,0.090,0.160,0.340]
Training Group Acc: [0.946,0.925,0.894]
Epoch [162] Training Results: Prec@1 93.960 Prec@5 99.860 Loss 0.22440
Epoch [162] Training Class Recall: [1.000,1.000,0.400,0.921,0.764,0.933,0.880,0.989,1.000,1.000,1.000,0.947,
 1.000,0.932,0.810,0.923,0.909,0.920,0.917,0.885,0.957,0.917,0.988,0.977,
 0.986,0.941,0.957,0.977,0.974,1.000,1.000,0.923,0.909,0.950,0.846,0.909,
 0.818,0.940,0.970,0.786,0.762,0.970,0.804,0.967,0.789,0.917,0.929,0.909,
 0.875,1.000,0.800,1.000,0.929,0.955,1.000,0.969,0.958,0.905,0.923,0.917,
 1.000,0.954,0.974,0.862,0.929,0.961,0.976,0.904,0.958,0.727,0.958,0.889,
 0.942,0.636,0.800,1.000,0.851,0.982,0.811,0.952,0.778,1.000,0.921,0.971,
 0.909,0.961,0.948,1.000,1.000,0.952,0.667,0.920,0.991,0.875,1.000,0.913,
 1.000,0.944]
Testing Group Acc: [0.415,0.151,0.051]
Epoch [162] Testing Results: Prec@1 15.960 Prec@5 35.660 Loss 8.34128
Epoch [162] Testing Class Recall: [0.000,0.080,0.000,0.050,0.120,0.070,0.000,0.070,0.480,0.200,0.170,0.030,
 0.120,0.040,0.160,0.050,0.020,0.080,0.270,0.000,0.120,0.670,0.330,0.810,
 0.190,0.490,0.410,0.540,0.510,0.260,0.000,0.010,0.110,0.330,0.220,0.040,
 0.070,0.010,0.070,0.200,0.020,0.030,0.090,0.220,0.240,0.040,0.000,0.250,
 0.140,0.090,0.030,0.050,0.150,0.020,0.160,0.120,0.030,0.330,0.290,0.060,
 0.060,0.080,0.020,0.110,0.090,0.040,0.020,0.090,0.710,0.340,0.130,0.070,
 0.100,0.000,0.150,0.050,0.170,0.080,0.260,0.220,0.040,0.080,0.000,0.110,
 0.350,0.090,0.050,0.250,0.650,0.120,0.000,0.010,0.000,0.050,0.690,0.190,
 0.170,0.060,0.150,0.350]
Training Group Acc: [0.957,0.923,0.884]
Epoch [163] Training Results: Prec@1 94.340 Prec@5 99.940 Loss 0.20514
Epoch [163] Training Class Recall: [1.000,0.750,0.800,0.974,0.854,0.867,0.880,0.947,0.957,0.977,1.000,0.947,
 1.000,0.977,0.857,0.923,0.909,0.920,0.917,0.962,0.978,0.942,0.992,0.966,
 0.986,0.947,0.972,0.989,0.940,1.000,1.000,0.846,0.927,0.967,0.846,1.000,
 0.727,0.955,0.939,1.000,0.714,0.848,0.804,0.951,0.947,0.917,1.000,0.909,
 1.000,1.000,0.800,1.000,0.929,0.932,1.000,0.923,0.958,0.905,0.769,1.000,
 1.000,0.877,0.923,0.897,0.786,0.934,0.988,0.918,0.958,0.909,0.875,0.778,
 0.971,0.909,0.900,0.973,0.851,0.974,0.865,1.000,0.778,1.000,0.960,0.943,
 0.909,0.922,0.961,1.000,0.000,0.952,0.667,0.960,0.991,0.906,1.000,0.913,
 1.000,0.944]
Testing Group Acc: [0.414,0.151,0.054]
Epoch [163] Testing Results: Prec@1 16.060 Prec@5 35.970 Loss 8.21013
Epoch [163] Testing Class Recall: [0.000,0.110,0.000,0.040,0.130,0.080,0.000,0.060,0.500,0.200,0.170,0.050,
 0.110,0.040,0.150,0.050,0.020,0.100,0.300,0.000,0.140,0.710,0.290,0.810,
 0.150,0.420,0.400,0.540,0.520,0.280,0.000,0.010,0.080,0.310,0.240,0.040,
 0.070,0.010,0.050,0.200,0.020,0.040,0.090,0.190,0.240,0.030,0.000,0.300,
 0.150,0.090,0.020,0.080,0.150,0.020,0.220,0.120,0.040,0.350,0.320,0.060,
 0.070,0.070,0.010,0.110,0.090,0.040,0.020,0.080,0.680,0.370,0.140,0.080,
 0.100,0.000,0.140,0.050,0.190,0.080,0.270,0.230,0.040,0.070,0.010,0.100,
 0.330,0.130,0.050,0.200,0.620,0.100,0.000,0.010,0.000,0.040,0.740,0.160,
 0.170,0.060,0.160,0.340]
Training Group Acc: [0.961,0.940,0.928]
Epoch [164] Training Results: Prec@1 95.220 Prec@5 99.800 Loss 0.19568
Epoch [164] Training Class Recall: [1.000,0.875,1.000,1.000,0.870,1.000,0.880,0.979,0.870,0.953,1.000,0.947,
 1.000,1.000,0.810,0.846,1.000,0.964,0.833,0.962,0.993,0.975,0.992,0.966,
 0.993,0.936,0.944,0.989,0.991,1.000,1.000,0.923,0.909,0.950,1.000,0.909,
 0.727,0.985,1.000,0.929,0.905,0.879,0.821,0.940,0.895,0.875,1.000,0.955,
 0.917,0.929,0.800,1.000,0.964,0.943,1.000,0.969,1.000,0.952,0.923,0.972,
 1.000,0.923,0.974,0.862,0.714,0.947,0.988,0.932,1.000,0.909,0.938,1.000,
 0.961,0.818,0.900,0.973,0.894,0.965,0.892,0.952,0.889,1.000,0.941,0.943,
 0.909,0.980,0.981,0.944,1.000,0.952,0.667,0.940,0.982,0.969,1.000,0.957,
 1.000,0.929]
Testing Group Acc: [0.410,0.149,0.050]
Epoch [164] Testing Results: Prec@1 15.770 Prec@5 35.470 Loss 8.48900
Epoch [164] Testing Class Recall: [0.000,0.080,0.000,0.040,0.140,0.060,0.000,0.060,0.490,0.210,0.170,0.040,
 0.130,0.040,0.150,0.040,0.020,0.090,0.200,0.000,0.160,0.640,0.330,0.820,
 0.190,0.490,0.410,0.560,0.510,0.270,0.000,0.010,0.090,0.340,0.220,0.020,
 0.090,0.010,0.060,0.200,0.020,0.050,0.100,0.210,0.220,0.030,0.000,0.240,
 0.140,0.080,0.020,0.070,0.130,0.020,0.190,0.110,0.030,0.310,0.320,0.050,
 0.060,0.070,0.010,0.110,0.080,0.020,0.020,0.080,0.680,0.340,0.140,0.080,
 0.090,0.000,0.130,0.050,0.160,0.070,0.270,0.220,0.030,0.070,0.010,0.110,
 0.330,0.110,0.050,0.250,0.630,0.090,0.000,0.010,0.000,0.070,0.720,0.160,
 0.160,0.050,0.170,0.350]
Training Group Acc: [0.963,0.944,0.937]
Epoch [165] Training Results: Prec@1 95.480 Prec@5 99.800 Loss 0.18011
Epoch [165] Training Class Recall: [1.000,1.000,0.800,0.947,0.870,1.000,0.800,0.947,0.957,0.977,0.933,0.947,
 1.000,0.955,1.000,0.769,0.909,0.938,1.000,0.962,0.993,0.983,0.988,0.966,
 1.000,0.957,0.966,0.989,0.957,1.000,1.000,0.885,0.927,0.933,1.000,0.955,
 0.727,0.940,1.000,1.000,0.857,0.848,0.893,0.940,0.947,0.917,1.000,1.000,
 0.958,0.929,0.800,1.000,0.893,0.943,1.000,0.954,1.000,1.000,1.000,0.972,
 1.000,0.954,0.974,0.931,0.786,0.974,0.988,0.932,1.000,1.000,0.958,1.000,
 0.971,0.636,0.800,1.000,0.862,0.991,0.892,0.952,0.889,1.000,0.921,0.971,
 0.864,0.961,0.968,1.000,1.000,0.905,1.000,0.980,0.991,0.906,1.000,0.957,
 1.000,0.944]
Testing Group Acc: [0.418,0.153,0.051]
Epoch [165] Testing Results: Prec@1 16.120 Prec@5 35.830 Loss 8.32316
Epoch [165] Testing Class Recall: [0.000,0.070,0.000,0.040,0.180,0.070,0.000,0.050,0.500,0.180,0.170,0.030,
 0.150,0.040,0.150,0.050,0.020,0.070,0.260,0.000,0.130,0.710,0.330,0.820,
 0.150,0.440,0.400,0.540,0.490,0.270,0.000,0.010,0.080,0.360,0.220,0.040,
 0.060,0.010,0.070,0.200,0.030,0.060,0.090,0.220,0.210,0.030,0.000,0.250,
 0.120,0.090,0.020,0.040,0.150,0.020,0.240,0.110,0.030,0.330,0.300,0.070,
 0.060,0.070,0.010,0.110,0.080,0.040,0.020,0.090,0.710,0.370,0.160,0.080,
 0.120,0.000,0.130,0.070,0.200,0.070,0.280,0.220,0.030,0.070,0.010,0.100,
 0.350,0.100,0.060,0.250,0.660,0.100,0.000,0.010,0.000,0.050,0.750,0.210,
 0.160,0.050,0.160,0.340]
Training Group Acc: [0.965,0.939,0.905]
Epoch [166] Training Results: Prec@1 95.560 Prec@5 99.820 Loss 0.17691
Epoch [166] Training Class Recall: [0.000,1.000,0.800,0.921,0.935,0.967,0.840,0.968,0.957,0.930,0.933,0.947,
 1.000,0.909,0.952,0.923,0.909,0.929,0.917,0.923,0.971,0.958,1.000,1.000,
 0.979,0.941,0.963,0.983,0.974,1.000,1.000,0.846,0.909,0.917,0.923,0.909,
 0.909,0.985,0.970,1.000,0.857,0.970,0.893,0.951,0.895,0.958,1.000,0.955,
 0.917,0.929,1.000,1.000,0.929,0.955,1.000,0.969,1.000,0.905,0.923,0.972,
 0.750,0.938,0.974,0.897,0.857,0.974,0.988,0.932,1.000,0.909,0.979,1.000,
 0.971,1.000,0.900,1.000,0.936,0.982,0.865,1.000,0.778,1.000,0.960,0.857,
 0.909,0.961,0.987,0.889,1.000,0.952,0.667,0.900,0.991,0.938,1.000,0.957,
 1.000,0.929]
Testing Group Acc: [0.424,0.149,0.051]
Epoch [166] Testing Results: Prec@1 16.050 Prec@5 36.010 Loss 8.41409
Epoch [166] Testing Class Recall: [0.000,0.090,0.000,0.040,0.160,0.070,0.000,0.060,0.470,0.210,0.160,0.050,
 0.130,0.040,0.160,0.040,0.010,0.070,0.250,0.000,0.190,0.700,0.360,0.820,
 0.210,0.460,0.420,0.530,0.530,0.280,0.000,0.000,0.080,0.350,0.250,0.050,
 0.100,0.010,0.080,0.200,0.030,0.020,0.090,0.230,0.230,0.030,0.000,0.250,
 0.120,0.080,0.020,0.070,0.130,0.020,0.180,0.110,0.030,0.350,0.250,0.050,
 0.080,0.070,0.010,0.110,0.080,0.040,0.020,0.090,0.680,0.330,0.140,0.090,
 0.080,0.000,0.140,0.050,0.210,0.080,0.240,0.220,0.030,0.080,0.010,0.110,
 0.340,0.070,0.040,0.280,0.650,0.060,0.000,0.010,0.000,0.040,0.750,0.180,
 0.170,0.040,0.150,0.360]
Training Group Acc: [0.970,0.953,0.926]
Epoch [167] Training Results: Prec@1 96.280 Prec@5 99.960 Loss 0.16709
Epoch [167] Training Class Recall: [1.000,1.000,1.000,1.000,0.919,1.000,0.840,0.968,1.000,1.000,1.000,1.000,
 1.000,0.955,0.905,0.769,0.909,0.964,1.000,0.923,0.978,0.975,0.988,0.977,
 0.993,0.963,0.988,0.994,0.966,0.500,0.875,0.885,0.945,0.933,1.000,0.909,
 0.909,0.955,0.970,1.000,0.905,0.939,0.946,0.956,0.895,0.958,1.000,0.955,
 0.958,1.000,0.800,1.000,0.964,0.977,1.000,0.969,1.000,1.000,1.000,1.000,
 1.000,0.938,0.897,1.000,0.714,0.974,1.000,0.932,0.958,0.909,0.917,0.889,
 0.961,0.818,0.900,0.973,0.904,0.965,0.865,0.952,0.778,1.000,0.950,1.000,
 0.955,1.000,0.968,0.889,1.000,0.952,1.000,0.940,0.991,0.906,1.000,1.000,
 0.938,0.976]
Testing Group Acc: [0.413,0.158,0.056]
Epoch [167] Testing Results: Prec@1 16.440 Prec@5 36.310 Loss 8.25452
Epoch [167] Testing Class Recall: [0.000,0.080,0.000,0.040,0.190,0.090,0.000,0.060,0.500,0.210,0.150,0.050,
 0.120,0.040,0.140,0.050,0.030,0.100,0.250,0.000,0.140,0.700,0.330,0.820,
 0.140,0.430,0.410,0.520,0.480,0.270,0.000,0.010,0.100,0.300,0.220,0.040,
 0.080,0.020,0.100,0.210,0.030,0.040,0.090,0.200,0.240,0.030,0.000,0.230,
 0.160,0.100,0.030,0.040,0.130,0.020,0.300,0.110,0.030,0.350,0.330,0.070,
 0.100,0.070,0.030,0.110,0.090,0.040,0.020,0.100,0.700,0.350,0.150,0.090,
 0.120,0.000,0.130,0.060,0.230,0.060,0.300,0.250,0.030,0.070,0.010,0.100,
 0.330,0.120,0.060,0.300,0.580,0.080,0.000,0.010,0.000,0.080,0.740,0.220,
 0.170,0.050,0.190,0.350]
Training Group Acc: [0.969,0.949,0.956]
Epoch [168] Training Results: Prec@1 96.300 Prec@5 99.900 Loss 0.16059
Epoch [168] Training Class Recall: [1.000,1.000,0.800,0.921,0.919,0.967,0.880,0.989,1.000,1.000,1.000,1.000,
 1.000,0.955,0.952,0.846,1.000,0.955,1.000,0.923,0.993,0.975,0.988,0.966,
 0.986,0.968,0.988,0.983,0.957,1.000,1.000,0.923,0.964,0.967,1.000,1.000,
 1.000,1.000,0.955,1.000,0.857,0.939,0.857,0.934,1.000,0.875,0.929,0.909,
 0.958,1.000,0.800,1.000,0.929,0.966,1.000,0.969,1.000,1.000,0.846,1.000,
 1.000,0.923,0.974,0.931,0.714,0.961,1.000,0.959,0.958,1.000,0.958,0.778,
 0.971,1.000,1.000,0.987,0.947,1.000,0.946,1.000,0.889,1.000,0.960,0.886,
 0.864,0.902,0.968,0.944,1.000,1.000,1.000,0.920,0.973,0.969,0.947,0.913,
 1.000,0.960]
Testing Group Acc: [0.414,0.155,0.051]
Epoch [168] Testing Results: Prec@1 16.120 Prec@5 36.190 Loss 8.36909
Epoch [168] Testing Class Recall: [0.000,0.080,0.000,0.040,0.150,0.060,0.000,0.060,0.500,0.160,0.150,0.030,
 0.130,0.040,0.150,0.060,0.030,0.090,0.260,0.000,0.160,0.700,0.330,0.820,
 0.160,0.450,0.420,0.550,0.480,0.280,0.000,0.010,0.090,0.350,0.210,0.040,
 0.060,0.010,0.080,0.200,0.030,0.060,0.090,0.210,0.220,0.030,0.000,0.230,
 0.150,0.090,0.030,0.030,0.110,0.020,0.230,0.120,0.030,0.340,0.290,0.080,
 0.070,0.070,0.020,0.110,0.070,0.050,0.020,0.100,0.700,0.370,0.160,0.090,
 0.120,0.000,0.130,0.080,0.220,0.080,0.310,0.210,0.030,0.070,0.000,0.100,
 0.350,0.080,0.040,0.310,0.580,0.070,0.000,0.010,0.000,0.060,0.750,0.220,
 0.130,0.050,0.160,0.350]
Training Group Acc: [0.975,0.957,0.950]
Epoch [169] Training Results: Prec@1 96.700 Prec@5 99.880 Loss 0.15730
Epoch [169] Training Class Recall: [1.000,1.000,1.000,1.000,0.959,1.000,0.960,0.968,0.957,0.977,0.933,1.000,
 1.000,0.932,0.952,0.923,1.000,0.973,0.917,0.962,0.986,0.992,1.000,0.977,
 0.972,0.963,0.966,0.989,0.940,0.500,0.750,0.923,0.982,0.950,1.000,1.000,
 0.909,0.970,0.970,0.929,0.810,1.000,0.911,0.973,0.947,0.958,1.000,0.909,
 1.000,1.000,1.000,1.000,0.929,0.966,1.000,0.969,0.958,1.000,1.000,0.944,
 1.000,0.985,0.897,0.966,0.857,0.947,0.976,0.945,1.000,1.000,0.979,1.000,
 0.961,1.000,0.900,1.000,0.915,0.965,0.892,0.952,0.889,1.000,0.980,0.971,
 0.955,1.000,0.974,0.944,1.000,0.952,1.000,0.920,1.000,0.969,0.895,0.913,
 1.000,0.976]
Testing Group Acc: [0.408,0.155,0.051]
Epoch [169] Testing Results: Prec@1 16.050 Prec@5 36.150 Loss 8.36031
Epoch [169] Testing Class Recall: [0.000,0.070,0.000,0.040,0.200,0.080,0.000,0.070,0.490,0.190,0.140,0.030,
 0.130,0.040,0.130,0.050,0.010,0.060,0.240,0.000,0.170,0.690,0.340,0.830,
 0.170,0.410,0.410,0.540,0.480,0.270,0.000,0.000,0.090,0.340,0.210,0.030,
 0.080,0.020,0.080,0.200,0.030,0.060,0.090,0.260,0.210,0.030,0.000,0.250,
 0.150,0.080,0.020,0.040,0.130,0.020,0.210,0.120,0.030,0.340,0.330,0.060,
 0.060,0.070,0.030,0.110,0.070,0.040,0.020,0.090,0.710,0.360,0.130,0.090,
 0.090,0.000,0.130,0.060,0.230,0.090,0.300,0.210,0.030,0.090,0.000,0.110,
 0.320,0.080,0.050,0.290,0.580,0.080,0.000,0.010,0.000,0.070,0.730,0.200,
 0.170,0.050,0.170,0.340]
Training Group Acc: [0.981,0.957,0.913]
Epoch [170] Training Results: Prec@1 96.840 Prec@5 99.920 Loss 0.14464
Epoch [170] Training Class Recall: [0.000,1.000,0.800,1.000,0.976,1.000,0.960,0.968,1.000,0.907,1.000,1.000,
 1.000,0.932,1.000,0.846,0.909,0.955,1.000,1.000,0.971,0.975,0.988,0.977,
 0.993,0.979,0.988,0.983,0.966,1.000,1.000,0.846,0.909,0.933,1.000,1.000,
 1.000,0.955,1.000,0.929,0.857,0.939,0.946,0.984,0.842,0.958,1.000,1.000,
 0.917,1.000,0.800,1.000,0.964,0.966,1.000,0.954,1.000,1.000,1.000,1.000,
 1.000,0.954,0.949,0.931,0.929,0.987,0.988,0.959,0.917,0.909,0.958,0.778,
 0.981,0.727,0.800,0.987,0.872,0.991,0.892,1.000,0.889,0.923,1.000,0.914,
 0.955,0.980,0.981,1.000,1.000,0.905,1.000,1.000,1.000,0.969,0.947,0.957,
 1.000,0.968]
Testing Group Acc: [0.414,0.149,0.051]
Epoch [170] Testing Results: Prec@1 15.850 Prec@5 35.950 Loss 8.46831
Epoch [170] Testing Class Recall: [0.000,0.100,0.000,0.040,0.190,0.080,0.000,0.070,0.480,0.190,0.120,0.030,
 0.140,0.040,0.140,0.030,0.010,0.100,0.220,0.000,0.130,0.710,0.370,0.830,
 0.180,0.430,0.400,0.580,0.520,0.240,0.000,0.010,0.090,0.350,0.220,0.050,
 0.080,0.010,0.030,0.200,0.030,0.050,0.090,0.260,0.210,0.030,0.000,0.240,
 0.110,0.090,0.020,0.040,0.130,0.020,0.180,0.120,0.040,0.320,0.280,0.070,
 0.050,0.070,0.020,0.120,0.070,0.020,0.020,0.090,0.720,0.340,0.140,0.080,
 0.080,0.000,0.120,0.060,0.200,0.060,0.280,0.200,0.030,0.070,0.010,0.120,
 0.330,0.070,0.050,0.300,0.610,0.080,0.000,0.010,0.000,0.060,0.740,0.200,
 0.130,0.060,0.160,0.340]
Training Group Acc: [0.977,0.965,0.961]
Epoch [171] Training Results: Prec@1 97.180 Prec@5 99.920 Loss 0.13979
Epoch [171] Training Class Recall: [1.000,1.000,0.800,0.947,0.967,1.000,0.920,0.979,0.957,0.907,1.000,0.947,
 1.000,0.955,0.952,0.923,0.909,0.955,1.000,0.923,0.986,0.992,0.996,1.000,
 0.986,0.984,0.978,0.989,0.957,1.000,1.000,0.962,0.964,0.967,1.000,1.000,
 1.000,0.955,0.985,0.929,0.905,1.000,0.946,0.967,0.947,1.000,1.000,0.955,
 1.000,1.000,1.000,1.000,0.964,0.966,1.000,0.985,1.000,1.000,0.923,1.000,
 0.750,0.985,0.923,0.897,0.929,0.947,0.988,0.973,1.000,1.000,1.000,1.000,
 0.971,0.818,0.900,0.960,0.926,0.974,0.919,1.000,1.000,1.000,0.990,0.971,
 0.955,1.000,0.974,0.944,1.000,0.952,1.000,0.940,0.991,0.969,0.947,0.957,
 1.000,0.952]
Testing Group Acc: [0.416,0.158,0.054]
Epoch [171] Testing Results: Prec@1 16.450 Prec@5 36.570 Loss 8.16577
Epoch [171] Testing Class Recall: [0.000,0.070,0.000,0.040,0.190,0.070,0.000,0.080,0.500,0.170,0.140,0.030,
 0.150,0.040,0.160,0.060,0.020,0.120,0.240,0.000,0.130,0.700,0.300,0.820,
 0.140,0.450,0.410,0.530,0.490,0.270,0.000,0.010,0.090,0.350,0.240,0.050,
 0.110,0.020,0.080,0.200,0.030,0.060,0.090,0.270,0.230,0.030,0.000,0.280,
 0.140,0.090,0.020,0.040,0.150,0.020,0.230,0.120,0.040,0.360,0.300,0.060,
 0.070,0.070,0.020,0.110,0.070,0.040,0.020,0.090,0.690,0.350,0.160,0.090,
 0.100,0.000,0.140,0.070,0.230,0.060,0.320,0.210,0.030,0.080,0.010,0.100,
 0.330,0.100,0.040,0.310,0.670,0.080,0.000,0.010,0.000,0.070,0.760,0.220,
 0.140,0.060,0.160,0.340]
Training Group Acc: [0.972,0.955,0.909]
Epoch [172] Training Results: Prec@1 96.580 Prec@5 99.940 Loss 0.14765
Epoch [172] Training Class Recall: [0.000,0.875,0.800,0.947,0.984,1.000,0.920,0.957,0.957,0.977,0.933,1.000,
 1.000,1.000,0.952,0.923,0.909,0.938,0.917,0.885,1.000,0.983,1.000,0.977,
 0.993,0.941,0.985,0.983,0.983,1.000,0.875,0.846,0.964,0.933,1.000,0.955,
 0.909,0.970,0.985,0.929,0.810,0.970,0.946,0.967,1.000,0.917,0.929,0.955,
 0.875,1.000,0.800,1.000,0.964,0.955,0.875,0.969,1.000,1.000,0.923,1.000,
 1.000,0.969,0.949,0.966,0.929,0.974,0.988,0.959,0.958,0.909,0.979,1.000,
 0.951,0.909,0.900,0.973,0.936,0.965,0.946,1.000,0.889,0.923,0.931,0.943,
 0.909,0.961,0.974,0.889,1.000,1.000,1.000,0.980,1.000,1.000,0.947,0.913,
 1.000,0.952]
Testing Group Acc: [0.422,0.156,0.051]
Epoch [172] Testing Results: Prec@1 16.350 Prec@5 36.180 Loss 8.33613
Epoch [172] Testing Class Recall: [0.000,0.070,0.000,0.050,0.200,0.080,0.000,0.080,0.480,0.220,0.090,0.040,
 0.150,0.040,0.160,0.040,0.020,0.110,0.240,0.000,0.150,0.750,0.370,0.820,
 0.190,0.440,0.400,0.590,0.510,0.270,0.000,0.010,0.080,0.360,0.250,0.060,
 0.090,0.010,0.070,0.190,0.030,0.110,0.100,0.300,0.210,0.030,0.000,0.250,
 0.150,0.080,0.020,0.020,0.130,0.020,0.200,0.130,0.040,0.330,0.250,0.070,
 0.060,0.070,0.020,0.110,0.070,0.020,0.020,0.090,0.700,0.360,0.130,0.080,
 0.080,0.000,0.120,0.060,0.180,0.070,0.290,0.200,0.030,0.110,0.000,0.080,
 0.330,0.070,0.040,0.320,0.680,0.100,0.000,0.010,0.000,0.060,0.710,0.220,
 0.140,0.060,0.170,0.340]
Training Group Acc: [0.981,0.963,0.954]
Epoch [173] Training Results: Prec@1 97.320 Prec@5 99.960 Loss 0.12994
Epoch [173] Training Class Recall: [1.000,1.000,0.800,0.974,0.951,1.000,0.800,1.000,1.000,0.977,1.000,0.947,
 1.000,0.955,0.952,0.923,0.909,0.955,0.917,1.000,1.000,0.983,1.000,1.000,
 1.000,0.963,0.981,0.983,0.974,1.000,1.000,0.962,0.982,0.983,1.000,0.955,
 1.000,1.000,0.985,1.000,0.857,0.970,0.946,0.973,0.947,0.958,0.929,0.909,
 1.000,1.000,0.800,1.000,0.964,0.989,1.000,0.954,1.000,1.000,0.923,0.972,
 1.000,1.000,0.974,0.966,1.000,0.974,1.000,0.959,0.917,1.000,0.958,0.889,
 0.961,0.909,0.900,1.000,0.883,0.991,0.919,1.000,0.889,1.000,1.000,0.943,
 1.000,0.941,0.987,0.944,1.000,0.952,1.000,0.920,0.982,0.938,0.947,0.957,
 0.875,0.984]
Testing Group Acc: [0.409,0.155,0.049]
Epoch [173] Testing Results: Prec@1 16.020 Prec@5 35.840 Loss 8.38404
Epoch [173] Testing Class Recall: [0.000,0.070,0.000,0.040,0.170,0.060,0.000,0.080,0.490,0.160,0.150,0.040,
 0.130,0.030,0.170,0.050,0.030,0.080,0.200,0.000,0.170,0.710,0.320,0.820,
 0.140,0.450,0.430,0.570,0.490,0.230,0.000,0.000,0.100,0.350,0.200,0.050,
 0.100,0.010,0.070,0.210,0.030,0.050,0.090,0.260,0.200,0.030,0.000,0.270,
 0.130,0.100,0.030,0.030,0.130,0.020,0.250,0.100,0.030,0.350,0.230,0.070,
 0.030,0.070,0.020,0.120,0.090,0.030,0.020,0.090,0.710,0.340,0.150,0.090,
 0.110,0.000,0.130,0.060,0.240,0.060,0.340,0.200,0.030,0.070,0.010,0.100,
 0.340,0.070,0.040,0.330,0.600,0.070,0.000,0.010,0.000,0.050,0.720,0.200,
 0.140,0.050,0.150,0.370]
Training Group Acc: [0.975,0.954,0.949]
Epoch [174] Training Results: Prec@1 96.860 Prec@5 99.980 Loss 0.14031
Epoch [174] Training Class Recall: [1.000,1.000,0.800,0.868,0.967,1.000,0.880,0.979,1.000,0.977,1.000,1.000,
 1.000,0.932,1.000,0.846,0.909,0.929,1.000,0.962,1.000,0.975,0.996,0.977,
 0.986,0.941,0.988,1.000,0.957,0.500,1.000,0.962,0.982,0.967,1.000,0.864,
 1.000,0.955,0.955,0.929,0.905,0.970,0.911,0.973,0.842,0.958,1.000,0.909,
 0.958,1.000,0.800,1.000,0.893,0.977,1.000,0.985,0.958,1.000,1.000,0.944,
 1.000,0.938,0.949,0.931,1.000,0.961,0.988,0.973,0.917,0.909,1.000,1.000,
 0.990,0.818,0.900,0.960,0.926,0.982,0.946,1.000,1.000,1.000,0.941,0.971,
 0.909,1.000,1.000,1.000,1.000,0.905,1.000,0.980,0.982,1.000,1.000,0.957,
 1.000,0.976]
Testing Group Acc: [0.413,0.164,0.052]
Epoch [174] Testing Results: Prec@1 16.580 Prec@5 36.770 Loss 8.12877
Epoch [174] Testing Class Recall: [0.000,0.070,0.000,0.060,0.240,0.090,0.000,0.080,0.520,0.170,0.160,0.030,
 0.140,0.030,0.150,0.080,0.030,0.120,0.230,0.000,0.130,0.680,0.310,0.820,
 0.130,0.410,0.420,0.520,0.460,0.250,0.000,0.010,0.100,0.340,0.240,0.060,
 0.110,0.020,0.090,0.210,0.030,0.090,0.090,0.260,0.200,0.030,0.000,0.260,
 0.140,0.100,0.030,0.030,0.090,0.020,0.310,0.110,0.040,0.350,0.270,0.090,
 0.070,0.070,0.010,0.140,0.070,0.040,0.020,0.090,0.630,0.390,0.160,0.090,
 0.110,0.000,0.130,0.070,0.220,0.060,0.340,0.230,0.030,0.080,0.010,0.070,
 0.350,0.120,0.040,0.340,0.650,0.100,0.000,0.010,0.000,0.080,0.770,0.210,
 0.130,0.070,0.180,0.350]
Training Group Acc: [0.977,0.968,0.976]
Epoch [175] Training Results: Prec@1 97.560 Prec@5 99.960 Loss 0.12899
Epoch [175] Training Class Recall: [1.000,1.000,0.800,1.000,0.967,1.000,0.880,0.989,1.000,0.930,1.000,1.000,
 1.000,0.955,1.000,1.000,0.909,0.973,1.000,0.962,0.986,0.983,0.992,0.989,
 0.979,0.995,0.978,0.994,0.966,1.000,1.000,0.885,0.982,0.967,1.000,0.909,
 1.000,1.000,0.985,1.000,0.952,0.939,0.982,0.967,0.842,0.958,1.000,0.955,
 0.917,1.000,1.000,1.000,0.964,0.955,1.000,1.000,1.000,1.000,1.000,1.000,
 1.000,0.969,1.000,0.931,0.929,0.987,0.988,0.959,0.958,1.000,0.979,1.000,
 0.971,0.909,0.900,1.000,0.957,0.991,0.919,1.000,1.000,1.000,0.931,1.000,
 0.864,0.980,0.994,0.944,1.000,0.952,1.000,0.980,0.982,1.000,1.000,1.000,
 0.938,0.952]
Testing Group Acc: [0.418,0.156,0.048]
Epoch [175] Testing Results: Prec@1 16.160 Prec@5 36.130 Loss 8.40208
Epoch [175] Testing Class Recall: [0.000,0.070,0.000,0.050,0.190,0.060,0.000,0.070,0.490,0.180,0.140,0.030,
 0.120,0.040,0.170,0.070,0.020,0.110,0.230,0.000,0.150,0.710,0.340,0.830,
 0.170,0.450,0.420,0.550,0.520,0.280,0.000,0.010,0.090,0.350,0.240,0.040,
 0.100,0.010,0.080,0.200,0.030,0.060,0.100,0.270,0.210,0.030,0.000,0.250,
 0.150,0.100,0.020,0.030,0.090,0.020,0.240,0.120,0.040,0.350,0.240,0.060,
 0.060,0.070,0.020,0.110,0.070,0.030,0.020,0.090,0.700,0.360,0.140,0.080,
 0.080,0.000,0.130,0.050,0.190,0.060,0.300,0.200,0.030,0.090,0.010,0.110,
 0.350,0.090,0.040,0.330,0.630,0.070,0.000,0.010,0.000,0.050,0.710,0.210,
 0.110,0.060,0.160,0.350]
Training Group Acc: [0.983,0.966,0.971]
Epoch [176] Training Results: Prec@1 97.580 Prec@5 99.960 Loss 0.12857
Epoch [176] Training Class Recall: [1.000,1.000,1.000,1.000,0.959,1.000,1.000,0.936,0.913,0.977,0.933,0.947,
 1.000,0.977,0.905,0.846,0.909,0.982,0.917,0.962,0.986,0.983,0.996,1.000,
 0.993,0.973,0.994,0.994,0.957,1.000,1.000,1.000,0.982,0.967,1.000,1.000,
 1.000,0.970,0.985,1.000,1.000,1.000,0.946,0.967,0.895,0.917,1.000,0.955,
 0.958,1.000,0.800,1.000,0.964,0.966,1.000,0.985,0.958,1.000,1.000,0.972,
 1.000,0.969,0.974,0.931,0.929,0.961,1.000,0.932,0.917,1.000,0.958,0.889,
 0.990,1.000,1.000,1.000,0.936,0.982,0.946,1.000,1.000,1.000,1.000,0.971,
 0.909,0.980,0.987,1.000,1.000,0.952,1.000,0.940,1.000,0.969,1.000,0.957,
 0.938,0.968]
Testing Group Acc: [0.420,0.155,0.047]
Epoch [176] Testing Results: Prec@1 16.140 Prec@5 36.310 Loss 8.40859
Epoch [176] Testing Class Recall: [0.000,0.080,0.000,0.050,0.190,0.100,0.000,0.080,0.510,0.180,0.110,0.030,
 0.130,0.040,0.160,0.050,0.010,0.110,0.240,0.000,0.170,0.680,0.370,0.820,
 0.180,0.420,0.430,0.590,0.510,0.270,0.000,0.010,0.080,0.350,0.240,0.060,
 0.100,0.020,0.070,0.200,0.030,0.090,0.100,0.270,0.220,0.030,0.000,0.240,
 0.140,0.060,0.020,0.020,0.070,0.020,0.230,0.120,0.040,0.330,0.250,0.060,
 0.040,0.070,0.010,0.140,0.080,0.020,0.020,0.090,0.690,0.370,0.100,0.080,
 0.080,0.000,0.140,0.050,0.190,0.070,0.290,0.200,0.030,0.080,0.010,0.080,
 0.360,0.100,0.050,0.290,0.640,0.080,0.000,0.010,0.000,0.060,0.720,0.210,
 0.130,0.070,0.170,0.340]
Training Group Acc: [0.973,0.976,0.952]
Epoch [177] Training Results: Prec@1 97.440 Prec@5 99.940 Loss 0.12622
Epoch [177] Training Class Recall: [1.000,1.000,0.800,1.000,0.992,1.000,0.920,0.979,1.000,1.000,1.000,1.000,
 1.000,0.909,0.952,0.846,0.909,0.938,1.000,0.962,0.971,0.983,1.000,1.000,
 0.986,0.963,0.978,0.989,0.932,1.000,0.875,0.962,0.964,0.967,1.000,1.000,
 0.909,0.955,0.985,0.929,0.952,0.909,0.982,0.956,1.000,1.000,1.000,0.955,
 1.000,1.000,0.800,1.000,0.964,0.989,1.000,0.985,1.000,0.952,0.923,1.000,
 1.000,0.969,1.000,0.966,0.929,0.961,0.988,1.000,1.000,1.000,1.000,1.000,
 0.981,1.000,0.900,0.987,0.936,0.982,0.946,1.000,0.889,1.000,0.970,1.000,
 1.000,1.000,0.974,1.000,1.000,1.000,0.667,0.980,0.982,0.938,1.000,0.957,
 1.000,0.960]
Testing Group Acc: [0.414,0.160,0.051]
Epoch [177] Testing Results: Prec@1 16.390 Prec@5 36.600 Loss 8.34197
Epoch [177] Testing Class Recall: [0.000,0.070,0.000,0.050,0.260,0.080,0.000,0.070,0.500,0.180,0.150,0.030,
 0.140,0.030,0.160,0.060,0.020,0.110,0.220,0.000,0.170,0.680,0.310,0.820,
 0.150,0.410,0.430,0.540,0.490,0.240,0.000,0.010,0.090,0.340,0.220,0.050,
 0.100,0.020,0.030,0.210,0.030,0.060,0.090,0.260,0.200,0.030,0.000,0.280,
 0.150,0.110,0.020,0.020,0.080,0.020,0.290,0.120,0.050,0.370,0.260,0.070,
 0.050,0.070,0.020,0.140,0.060,0.040,0.020,0.090,0.690,0.350,0.160,0.090,
 0.100,0.000,0.130,0.080,0.230,0.070,0.340,0.220,0.030,0.080,0.010,0.090,
 0.350,0.080,0.060,0.330,0.650,0.090,0.000,0.010,0.000,0.070,0.750,0.220,
 0.130,0.050,0.150,0.340]
Training Group Acc: [0.978,0.971,0.973]
Epoch [178] Training Results: Prec@1 97.800 Prec@5 99.920 Loss 0.12265
Epoch [178] Training Class Recall: [1.000,1.000,0.800,1.000,0.992,1.000,0.920,0.979,1.000,1.000,1.000,1.000,
 1.000,0.977,0.952,0.846,1.000,0.929,1.000,1.000,0.986,1.000,0.996,1.000,
 1.000,0.979,1.000,0.994,0.974,1.000,1.000,0.923,0.964,0.967,1.000,1.000,
 1.000,1.000,1.000,1.000,0.952,0.970,0.929,0.951,1.000,0.958,1.000,0.955,
 0.875,1.000,0.800,1.000,0.964,1.000,1.000,0.969,1.000,1.000,0.923,0.972,
 1.000,0.969,0.923,0.966,1.000,0.947,1.000,0.959,1.000,1.000,0.979,0.889,
 0.942,1.000,1.000,0.987,0.957,0.982,0.946,1.000,0.889,1.000,0.960,0.943,
 1.000,1.000,0.987,1.000,1.000,0.952,1.000,1.000,1.000,0.969,0.947,0.913,
 1.000,0.960]
Testing Group Acc: [0.415,0.158,0.046]
Epoch [178] Testing Results: Prec@1 16.130 Prec@5 36.130 Loss 8.43397
Epoch [178] Testing Class Recall: [0.000,0.070,0.000,0.050,0.210,0.070,0.000,0.060,0.480,0.150,0.150,0.030,
 0.120,0.030,0.150,0.070,0.020,0.100,0.240,0.000,0.180,0.710,0.330,0.820,
 0.140,0.420,0.430,0.540,0.490,0.280,0.000,0.000,0.080,0.310,0.230,0.050,
 0.100,0.010,0.080,0.210,0.030,0.060,0.100,0.270,0.210,0.030,0.000,0.220,
 0.150,0.090,0.020,0.020,0.070,0.020,0.260,0.120,0.050,0.360,0.250,0.070,
 0.040,0.070,0.010,0.140,0.100,0.040,0.030,0.100,0.700,0.350,0.160,0.090,
 0.100,0.000,0.160,0.070,0.230,0.060,0.340,0.230,0.030,0.070,0.010,0.070,
 0.350,0.080,0.040,0.350,0.600,0.060,0.000,0.010,0.000,0.060,0.680,0.210,
 0.100,0.080,0.150,0.350]
Training Group Acc: [0.979,0.965,0.949]
Epoch [179] Training Results: Prec@1 97.380 Prec@5 100.000 Loss 0.12727
Epoch [179] Training Class Recall: [1.000,1.000,1.000,0.974,0.959,1.000,0.920,0.979,0.957,0.977,1.000,1.000,
 1.000,0.932,1.000,0.923,1.000,0.955,0.917,0.885,0.993,0.992,0.996,0.977,
 0.986,0.952,0.981,0.989,0.983,1.000,0.875,0.923,0.964,0.933,1.000,0.955,
 1.000,0.985,0.970,1.000,0.905,0.970,0.946,0.984,0.789,1.000,0.929,1.000,
 1.000,1.000,1.000,1.000,0.929,1.000,1.000,1.000,1.000,0.952,0.923,1.000,
 1.000,0.985,0.872,0.966,1.000,0.974,1.000,0.945,0.958,1.000,0.938,1.000,
 0.971,1.000,1.000,0.987,0.947,1.000,0.892,1.000,1.000,1.000,0.970,0.971,
 0.955,1.000,0.974,1.000,0.000,1.000,1.000,0.980,0.991,0.969,0.895,1.000,
 1.000,0.968]
Testing Group Acc: [0.410,0.154,0.044]
Epoch [179] Testing Results: Prec@1 15.780 Prec@5 35.590 Loss 8.61145
Epoch [179] Testing Class Recall: [0.000,0.060,0.000,0.050,0.240,0.070,0.000,0.050,0.500,0.140,0.090,0.030,
 0.120,0.030,0.150,0.060,0.010,0.100,0.230,0.000,0.210,0.680,0.340,0.820,
 0.150,0.430,0.430,0.540,0.460,0.280,0.000,0.010,0.080,0.340,0.210,0.040,
 0.080,0.010,0.050,0.200,0.020,0.050,0.100,0.260,0.200,0.030,0.000,0.220,
 0.150,0.100,0.020,0.020,0.050,0.020,0.260,0.110,0.030,0.350,0.250,0.050,
 0.030,0.070,0.020,0.140,0.060,0.030,0.030,0.100,0.670,0.380,0.150,0.090,
 0.080,0.000,0.130,0.080,0.180,0.080,0.360,0.200,0.030,0.080,0.010,0.070,
 0.340,0.070,0.050,0.330,0.640,0.070,0.000,0.020,0.000,0.050,0.670,0.210,
 0.110,0.060,0.170,0.340]
Training Group Acc: [0.981,0.973,0.937]
Epoch [180] Training Results: Prec@1 97.600 Prec@5 99.980 Loss 0.11944
Epoch [180] Training Class Recall: [0.000,1.000,1.000,1.000,0.976,1.000,0.880,0.979,1.000,1.000,1.000,0.947,
 1.000,1.000,1.000,0.846,1.000,0.955,0.917,0.923,0.993,0.983,0.988,1.000,
 0.979,0.979,0.975,0.989,0.983,1.000,1.000,0.962,0.964,0.933,0.846,0.955,
 0.909,0.970,1.000,1.000,1.000,1.000,0.982,0.962,0.895,1.000,1.000,0.955,
 1.000,1.000,0.800,1.000,0.929,0.966,1.000,0.954,1.000,1.000,1.000,1.000,
 1.000,0.969,0.974,0.931,0.857,0.974,0.976,0.973,0.917,1.000,0.958,1.000,
 0.981,1.000,0.900,1.000,0.936,1.000,0.892,1.000,1.000,1.000,0.990,0.943,
 1.000,1.000,0.974,1.000,1.000,0.952,1.000,1.000,0.991,1.000,1.000,1.000,
 0.938,0.984]
Testing Group Acc: [0.411,0.156,0.046]
Epoch [180] Testing Results: Prec@1 16.000 Prec@5 36.110 Loss 8.44436
Epoch [180] Testing Class Recall: [0.000,0.060,0.000,0.050,0.260,0.070,0.000,0.070,0.510,0.150,0.120,0.030,
 0.120,0.030,0.170,0.050,0.010,0.100,0.230,0.000,0.190,0.640,0.300,0.830,
 0.160,0.450,0.430,0.520,0.470,0.260,0.000,0.000,0.080,0.320,0.230,0.040,
 0.100,0.020,0.060,0.210,0.030,0.070,0.100,0.250,0.200,0.030,0.000,0.200,
 0.150,0.090,0.020,0.010,0.070,0.020,0.240,0.120,0.040,0.360,0.260,0.050,
 0.070,0.070,0.020,0.140,0.060,0.040,0.030,0.090,0.700,0.370,0.160,0.090,
 0.090,0.000,0.140,0.070,0.210,0.080,0.350,0.220,0.030,0.080,0.010,0.070,
 0.330,0.070,0.050,0.320,0.640,0.070,0.000,0.010,0.000,0.050,0.720,0.210,
 0.120,0.070,0.150,0.350]
Training Group Acc: [0.981,0.971,0.951]
Epoch [181] Training Results: Prec@1 97.640 Prec@5 99.960 Loss 0.12364
Epoch [181] Training Class Recall: [1.000,1.000,0.800,0.974,0.992,0.967,0.880,0.989,0.957,0.977,1.000,1.000,
 1.000,1.000,1.000,0.846,0.818,0.964,0.917,1.000,0.971,0.992,1.000,0.989,
 0.986,0.973,0.988,0.989,0.983,1.000,0.875,0.923,0.982,0.983,0.923,0.955,
 1.000,0.940,0.985,1.000,0.952,0.939,0.982,0.984,0.947,1.000,1.000,0.955,
 0.958,1.000,1.000,1.000,1.000,1.000,1.000,0.969,1.000,1.000,1.000,0.972,
 1.000,0.954,0.949,0.897,0.929,0.987,1.000,0.945,1.000,1.000,0.958,1.000,
 0.961,1.000,0.800,0.973,0.936,0.991,0.973,1.000,0.889,1.000,0.960,0.971,
 0.955,0.941,0.981,1.000,1.000,1.000,0.667,0.960,1.000,1.000,1.000,1.000,
 0.938,0.968]
Testing Group Acc: [0.416,0.161,0.047]
Epoch [181] Testing Results: Prec@1 16.350 Prec@5 36.590 Loss 8.26195
Epoch [181] Testing Class Recall: [0.000,0.050,0.000,0.050,0.210,0.050,0.000,0.060,0.520,0.190,0.140,0.030,
 0.140,0.030,0.170,0.060,0.020,0.100,0.250,0.000,0.170,0.710,0.320,0.820,
 0.140,0.440,0.430,0.540,0.480,0.240,0.000,0.000,0.090,0.340,0.240,0.060,
 0.090,0.020,0.100,0.210,0.030,0.050,0.090,0.270,0.200,0.030,0.000,0.230,
 0.130,0.070,0.020,0.020,0.070,0.020,0.290,0.100,0.040,0.370,0.280,0.080,
 0.030,0.070,0.020,0.130,0.070,0.040,0.020,0.100,0.710,0.360,0.160,0.090,
 0.100,0.000,0.130,0.060,0.210,0.060,0.360,0.230,0.030,0.080,0.010,0.080,
 0.340,0.110,0.050,0.340,0.620,0.060,0.000,0.010,0.000,0.070,0.760,0.210,
 0.150,0.060,0.170,0.350]
Training Group Acc: [0.982,0.966,0.952]
Epoch [182] Training Results: Prec@1 97.560 Prec@5 99.960 Loss 0.12477
Epoch [182] Training Class Recall: [1.000,1.000,0.600,0.947,0.984,0.967,0.840,0.989,0.913,0.977,1.000,1.000,
 1.000,0.932,1.000,0.923,1.000,0.982,0.917,1.000,1.000,1.000,0.988,0.989,
 0.986,0.952,0.991,0.989,0.983,1.000,0.750,0.962,0.964,0.967,1.000,0.955,
 0.909,0.925,0.985,1.000,1.000,0.909,1.000,0.973,0.947,0.958,1.000,0.955,
 1.000,1.000,1.000,1.000,0.964,0.977,1.000,1.000,1.000,1.000,1.000,1.000,
 1.000,0.985,0.949,0.897,0.929,1.000,1.000,0.973,1.000,1.000,0.979,1.000,
 0.951,0.909,0.900,1.000,0.957,1.000,0.838,1.000,0.778,0.923,0.980,0.971,
 0.955,1.000,0.981,0.889,1.000,0.952,1.000,0.980,0.991,1.000,1.000,0.913,
 1.000,0.960]
Testing Group Acc: [0.410,0.162,0.049]
Epoch [182] Testing Results: Prec@1 16.350 Prec@5 36.540 Loss 8.27095
Epoch [182] Testing Class Recall: [0.000,0.060,0.000,0.050,0.260,0.060,0.000,0.060,0.510,0.170,0.140,0.030,
 0.160,0.030,0.150,0.070,0.030,0.110,0.210,0.000,0.170,0.700,0.310,0.820,
 0.130,0.430,0.420,0.530,0.460,0.260,0.000,0.010,0.100,0.320,0.220,0.060,
 0.110,0.010,0.080,0.210,0.030,0.090,0.100,0.270,0.200,0.030,0.000,0.240,
 0.150,0.100,0.030,0.010,0.070,0.020,0.300,0.110,0.020,0.370,0.270,0.070,
 0.030,0.070,0.020,0.140,0.060,0.040,0.020,0.100,0.680,0.360,0.160,0.090,
 0.100,0.000,0.120,0.050,0.230,0.060,0.350,0.210,0.030,0.090,0.010,0.100,
 0.360,0.120,0.050,0.320,0.610,0.070,0.000,0.010,0.000,0.080,0.720,0.200,
 0.120,0.090,0.200,0.350]
Training Group Acc: [0.978,0.970,0.946]
Epoch [183] Training Results: Prec@1 97.260 Prec@5 99.960 Loss 0.12754
Epoch [183] Training Class Recall: [1.000,1.000,0.800,0.974,0.984,0.967,0.960,0.979,1.000,1.000,0.867,0.895,
 1.000,0.977,1.000,0.769,1.000,0.964,0.917,0.962,0.993,0.992,0.992,0.989,
 0.993,0.973,0.966,0.994,0.983,1.000,1.000,0.846,0.964,0.950,0.846,0.955,
 1.000,0.970,0.985,0.929,0.952,1.000,0.982,0.962,0.947,1.000,1.000,0.955,
 1.000,1.000,0.800,1.000,0.964,0.977,1.000,1.000,1.000,1.000,1.000,1.000,
 1.000,0.969,0.949,0.897,1.000,0.987,0.988,1.000,0.958,1.000,0.979,0.778,
 0.961,1.000,0.900,1.000,0.915,0.974,0.919,0.952,0.889,1.000,0.960,0.943,
 1.000,0.961,0.981,0.889,1.000,0.952,1.000,0.920,0.991,1.000,1.000,1.000,
 0.938,0.960]
Testing Group Acc: [0.407,0.156,0.047]
Epoch [183] Testing Results: Prec@1 15.970 Prec@5 36.130 Loss 8.49087
Epoch [183] Testing Class Recall: [0.000,0.070,0.000,0.040,0.240,0.060,0.000,0.070,0.510,0.140,0.120,0.030,
 0.120,0.030,0.170,0.060,0.010,0.110,0.230,0.000,0.210,0.680,0.320,0.820,
 0.140,0.420,0.440,0.550,0.450,0.290,0.000,0.000,0.090,0.330,0.230,0.040,
 0.090,0.010,0.070,0.210,0.030,0.050,0.100,0.250,0.210,0.030,0.000,0.260,
 0.160,0.100,0.020,0.010,0.080,0.020,0.230,0.110,0.040,0.340,0.240,0.090,
 0.020,0.070,0.010,0.150,0.070,0.040,0.050,0.110,0.700,0.360,0.160,0.090,
 0.080,0.000,0.130,0.070,0.210,0.070,0.350,0.190,0.030,0.070,0.010,0.090,
 0.340,0.060,0.050,0.320,0.590,0.070,0.000,0.010,0.000,0.060,0.680,0.200,
 0.130,0.060,0.160,0.340]
Training Group Acc: [0.977,0.962,0.958]
Epoch [184] Training Results: Prec@1 97.140 Prec@5 99.980 Loss 0.12626
Epoch [184] Training Class Recall: [1.000,1.000,0.800,0.947,0.984,1.000,0.800,0.968,1.000,0.953,1.000,1.000,
 1.000,0.955,1.000,0.769,1.000,0.973,0.917,0.923,0.993,0.983,0.992,0.943,
 0.966,0.979,0.985,1.000,0.949,1.000,1.000,0.923,0.964,0.967,1.000,1.000,
 0.909,0.955,0.970,1.000,0.952,0.970,0.946,0.989,0.947,0.875,1.000,0.909,
 1.000,0.929,0.800,1.000,0.964,0.966,1.000,0.969,1.000,1.000,1.000,0.972,
 1.000,0.954,0.949,0.966,0.929,0.974,1.000,0.973,0.958,0.909,0.979,0.889,
 0.922,1.000,0.900,1.000,0.926,0.956,0.892,1.000,0.889,1.000,0.980,0.943,
 0.955,1.000,0.987,1.000,1.000,1.000,1.000,0.980,0.991,0.969,1.000,1.000,
 1.000,0.984]
Testing Group Acc: [0.423,0.159,0.047]
Epoch [184] Testing Results: Prec@1 16.340 Prec@5 36.280 Loss 8.41811
Epoch [184] Testing Class Recall: [0.000,0.060,0.000,0.050,0.220,0.080,0.000,0.080,0.500,0.190,0.120,0.030,
 0.130,0.030,0.160,0.060,0.030,0.090,0.220,0.000,0.190,0.700,0.360,0.830,
 0.170,0.450,0.440,0.550,0.500,0.290,0.000,0.000,0.080,0.360,0.230,0.040,
 0.080,0.020,0.070,0.200,0.030,0.080,0.100,0.280,0.240,0.030,0.000,0.240,
 0.160,0.070,0.020,0.020,0.090,0.020,0.250,0.110,0.040,0.330,0.280,0.060,
 0.040,0.070,0.020,0.130,0.070,0.040,0.020,0.100,0.730,0.370,0.140,0.100,
 0.070,0.000,0.130,0.060,0.200,0.070,0.300,0.220,0.030,0.080,0.010,0.080,
 0.330,0.080,0.040,0.340,0.640,0.070,0.000,0.010,0.000,0.060,0.710,0.240,
 0.120,0.050,0.150,0.360]
Training Group Acc: [0.974,0.973,0.960]
Epoch [185] Training Results: Prec@1 97.280 Prec@5 99.980 Loss 0.12245
Epoch [185] Training Class Recall: [1.000,1.000,1.000,0.974,0.959,1.000,0.880,0.989,1.000,0.977,1.000,1.000,
 1.000,0.932,0.952,0.923,0.909,0.955,0.917,1.000,0.978,1.000,0.992,1.000,
 0.986,0.968,0.975,0.977,0.966,1.000,0.875,0.923,0.964,0.967,1.000,0.955,
 0.818,0.970,1.000,1.000,1.000,0.970,0.964,0.962,0.947,1.000,1.000,1.000,
 1.000,0.929,1.000,1.000,1.000,0.966,1.000,0.985,1.000,1.000,1.000,1.000,
 1.000,0.985,0.949,0.931,0.929,0.987,0.976,0.959,0.958,1.000,1.000,1.000,
 0.942,1.000,0.800,0.987,0.936,0.982,1.000,1.000,0.889,0.923,0.970,0.886,
 0.955,1.000,0.981,0.833,1.000,0.952,1.000,0.980,1.000,1.000,0.947,0.913,
 1.000,0.960]
Testing Group Acc: [0.416,0.161,0.048]
Epoch [185] Testing Results: Prec@1 16.340 Prec@5 36.640 Loss 8.31851
Epoch [185] Testing Class Recall: [0.000,0.060,0.000,0.050,0.270,0.060,0.000,0.070,0.480,0.130,0.120,0.030,
 0.130,0.040,0.180,0.070,0.020,0.120,0.240,0.000,0.170,0.700,0.310,0.820,
 0.150,0.460,0.410,0.520,0.470,0.270,0.000,0.010,0.080,0.350,0.250,0.050,
 0.110,0.010,0.090,0.200,0.030,0.070,0.090,0.290,0.240,0.030,0.000,0.210,
 0.140,0.080,0.020,0.020,0.090,0.010,0.260,0.120,0.030,0.360,0.270,0.070,
 0.050,0.070,0.030,0.140,0.080,0.040,0.020,0.120,0.710,0.370,0.160,0.100,
 0.080,0.000,0.130,0.070,0.210,0.070,0.330,0.200,0.030,0.080,0.000,0.080,
 0.340,0.080,0.050,0.350,0.620,0.070,0.000,0.010,0.000,0.060,0.730,0.230,
 0.120,0.090,0.150,0.340]
Training Group Acc: [0.979,0.969,0.962]
Epoch [186] Training Results: Prec@1 97.460 Prec@5 100.000 Loss 0.12227
Epoch [186] Training Class Recall: [1.000,1.000,0.800,1.000,0.984,0.967,0.880,0.979,0.957,0.953,0.933,1.000,
 1.000,0.932,1.000,0.846,0.909,0.964,1.000,0.962,1.000,0.967,1.000,0.989,
 0.993,0.968,0.991,0.989,0.966,1.000,1.000,0.923,0.964,0.950,1.000,1.000,
 0.909,0.955,0.970,1.000,1.000,1.000,1.000,0.951,0.842,1.000,1.000,1.000,
 1.000,1.000,0.800,1.000,0.964,0.989,1.000,0.969,1.000,1.000,1.000,1.000,
 1.000,0.985,0.949,0.966,0.929,0.987,0.976,0.973,0.958,0.909,0.979,1.000,
 0.942,1.000,0.900,1.000,0.926,0.982,0.865,0.952,1.000,1.000,1.000,0.971,
 0.909,0.980,0.974,1.000,1.000,1.000,1.000,0.960,0.991,0.969,0.947,0.957,
 1.000,0.976]
Testing Group Acc: [0.406,0.155,0.046]
Epoch [186] Testing Results: Prec@1 15.850 Prec@5 35.900 Loss 8.46187
Epoch [186] Testing Class Recall: [0.000,0.070,0.000,0.050,0.220,0.050,0.000,0.070,0.490,0.170,0.130,0.030,
 0.140,0.030,0.170,0.040,0.010,0.070,0.230,0.000,0.160,0.680,0.330,0.830,
 0.160,0.400,0.410,0.550,0.480,0.290,0.000,0.000,0.080,0.320,0.210,0.040,
 0.080,0.010,0.050,0.210,0.030,0.060,0.090,0.260,0.200,0.030,0.000,0.260,
 0.140,0.110,0.020,0.020,0.070,0.020,0.260,0.090,0.040,0.350,0.250,0.060,
 0.020,0.070,0.030,0.130,0.060,0.030,0.020,0.110,0.690,0.350,0.160,0.100,
 0.100,0.000,0.130,0.070,0.220,0.070,0.360,0.190,0.030,0.070,0.010,0.090,
 0.320,0.080,0.050,0.320,0.560,0.070,0.000,0.010,0.000,0.070,0.740,0.230,
 0.120,0.060,0.150,0.340]
Training Group Acc: [0.984,0.971,0.974]
Epoch [187] Training Results: Prec@1 98.000 Prec@5 99.960 Loss 0.11967
Epoch [187] Training Class Recall: [1.000,1.000,0.800,1.000,0.976,0.967,0.840,0.979,0.957,0.953,1.000,1.000,
 1.000,0.955,1.000,0.923,0.909,0.982,0.917,1.000,0.986,1.000,1.000,0.989,
 0.979,0.984,0.991,0.994,0.991,1.000,0.875,0.962,0.982,1.000,0.923,0.955,
 1.000,0.955,0.970,1.000,0.905,1.000,0.982,0.945,1.000,0.958,1.000,0.955,
 1.000,1.000,1.000,1.000,1.000,0.989,1.000,1.000,1.000,1.000,0.923,1.000,
 1.000,0.985,1.000,0.931,1.000,0.987,1.000,0.973,1.000,1.000,1.000,1.000,
 0.971,0.909,1.000,0.987,0.936,0.982,1.000,1.000,1.000,1.000,0.970,0.914,
 0.955,1.000,0.987,1.000,1.000,0.952,1.000,0.960,1.000,0.875,1.000,0.957,
 0.938,0.992]
Testing Group Acc: [0.412,0.159,0.049]
Epoch [187] Testing Results: Prec@1 16.220 Prec@5 36.400 Loss 8.27382
Epoch [187] Testing Class Recall: [0.000,0.060,0.000,0.040,0.230,0.070,0.000,0.050,0.520,0.150,0.120,0.030,
 0.140,0.040,0.160,0.050,0.020,0.100,0.260,0.000,0.160,0.700,0.300,0.830,
 0.140,0.410,0.420,0.560,0.440,0.280,0.000,0.010,0.100,0.360,0.220,0.050,
 0.100,0.020,0.060,0.210,0.030,0.070,0.100,0.260,0.200,0.030,0.000,0.280,
 0.150,0.090,0.020,0.010,0.090,0.020,0.260,0.100,0.050,0.360,0.270,0.070,
 0.030,0.070,0.020,0.130,0.050,0.040,0.040,0.110,0.730,0.350,0.160,0.090,
 0.080,0.000,0.130,0.080,0.200,0.060,0.360,0.200,0.030,0.080,0.010,0.090,
 0.340,0.070,0.050,0.320,0.640,0.070,0.000,0.020,0.000,0.060,0.720,0.220,
 0.130,0.070,0.160,0.340]
Training Group Acc: [0.981,0.968,0.953]
Epoch [188] Training Results: Prec@1 97.500 Prec@5 99.980 Loss 0.12278
Epoch [188] Training Class Recall: [1.000,1.000,0.800,1.000,1.000,0.967,0.920,0.989,1.000,0.953,1.000,0.947,
 0.875,0.932,1.000,0.769,1.000,0.973,1.000,0.923,0.986,1.000,1.000,0.989,
 0.986,0.973,0.985,0.983,0.949,1.000,1.000,0.923,0.964,0.967,1.000,0.955,
 0.909,0.985,0.985,0.929,1.000,0.970,1.000,0.984,0.842,0.917,1.000,0.955,
 0.958,1.000,1.000,1.000,0.964,0.977,1.000,0.985,1.000,0.952,0.923,0.972,
 1.000,0.985,0.974,0.931,0.929,0.987,0.988,0.959,0.958,1.000,0.938,1.000,
 0.961,0.909,0.900,0.973,0.979,1.000,0.919,0.952,0.889,1.000,0.960,1.000,
 0.955,0.961,0.981,0.833,1.000,1.000,1.000,0.980,0.982,0.938,0.947,1.000,
 1.000,0.968]
Testing Group Acc: [0.414,0.161,0.050]
Epoch [188] Testing Results: Prec@1 16.400 Prec@5 36.570 Loss 8.40035
Epoch [188] Testing Class Recall: [0.000,0.070,0.000,0.050,0.220,0.070,0.000,0.080,0.510,0.170,0.140,0.030,
 0.160,0.030,0.160,0.060,0.020,0.090,0.230,0.000,0.180,0.690,0.310,0.830,
 0.140,0.400,0.420,0.530,0.480,0.300,0.000,0.000,0.080,0.320,0.240,0.050,
 0.100,0.020,0.060,0.210,0.030,0.060,0.100,0.250,0.230,0.030,0.000,0.270,
 0.160,0.110,0.020,0.010,0.080,0.020,0.270,0.100,0.050,0.360,0.280,0.070,
 0.040,0.070,0.010,0.130,0.070,0.040,0.030,0.100,0.710,0.360,0.160,0.100,
 0.100,0.000,0.130,0.080,0.220,0.060,0.350,0.210,0.030,0.070,0.010,0.090,
 0.340,0.090,0.050,0.310,0.640,0.070,0.000,0.010,0.000,0.090,0.740,0.230,
 0.120,0.080,0.170,0.340]
Training Group Acc: [0.983,0.978,0.980]
Epoch [189] Training Results: Prec@1 98.040 Prec@5 100.000 Loss 0.11771
Epoch [189] Training Class Recall: [1.000,1.000,1.000,1.000,0.992,1.000,1.000,0.968,1.000,0.953,1.000,1.000,
 1.000,1.000,0.952,0.923,1.000,0.964,1.000,1.000,0.993,0.992,1.000,1.000,
 0.986,0.973,0.981,0.989,0.983,1.000,1.000,0.923,0.982,0.983,1.000,1.000,
 1.000,0.970,0.955,1.000,1.000,1.000,0.982,0.973,0.947,1.000,1.000,1.000,
 0.917,1.000,1.000,1.000,1.000,0.977,1.000,0.969,1.000,0.952,1.000,1.000,
 1.000,0.969,0.923,0.897,1.000,1.000,0.988,0.973,1.000,1.000,1.000,1.000,
 1.000,0.818,0.800,0.987,0.926,0.982,0.973,1.000,0.889,1.000,0.970,0.971,
 0.955,0.980,0.987,0.944,1.000,0.952,1.000,0.980,0.991,1.000,1.000,1.000,
 1.000,0.960]
Testing Group Acc: [0.406,0.161,0.050]
Epoch [189] Testing Results: Prec@1 16.310 Prec@5 36.300 Loss 8.37997
Epoch [189] Testing Class Recall: [0.000,0.060,0.000,0.050,0.190,0.080,0.000,0.080,0.530,0.180,0.110,0.030,
 0.150,0.030,0.180,0.070,0.020,0.100,0.230,0.000,0.190,0.640,0.330,0.820,
 0.140,0.400,0.440,0.550,0.460,0.280,0.000,0.000,0.090,0.340,0.240,0.040,
 0.080,0.020,0.080,0.210,0.030,0.060,0.100,0.260,0.200,0.030,0.000,0.260,
 0.170,0.090,0.020,0.010,0.090,0.020,0.250,0.110,0.040,0.330,0.300,0.060,
 0.060,0.070,0.010,0.130,0.070,0.040,0.050,0.100,0.700,0.380,0.160,0.090,
 0.100,0.000,0.130,0.080,0.210,0.070,0.330,0.230,0.030,0.080,0.010,0.080,
 0.340,0.090,0.050,0.330,0.620,0.070,0.000,0.010,0.000,0.080,0.710,0.220,
 0.150,0.060,0.160,0.340]
Training Group Acc: [0.983,0.972,0.973]
Epoch [190] Training Results: Prec@1 97.780 Prec@5 100.000 Loss 0.11820
Epoch [190] Training Class Recall: [1.000,1.000,1.000,0.974,0.992,1.000,0.880,0.968,1.000,0.953,1.000,0.947,
 1.000,0.955,1.000,0.846,1.000,0.982,1.000,0.923,0.978,1.000,0.988,1.000,
 0.993,0.973,0.981,1.000,0.957,1.000,0.875,0.962,0.964,0.967,1.000,1.000,
 0.909,0.970,1.000,1.000,0.952,0.970,0.946,0.967,0.895,1.000,1.000,0.955,
 0.958,1.000,0.800,1.000,0.964,0.989,0.875,1.000,1.000,0.952,1.000,1.000,
 1.000,0.985,0.923,0.966,1.000,0.974,0.988,0.973,1.000,1.000,0.979,1.000,
 1.000,1.000,1.000,1.000,0.915,1.000,0.973,1.000,1.000,1.000,0.980,0.971,
 1.000,0.961,0.968,1.000,1.000,1.000,1.000,0.960,0.982,0.969,0.947,0.957,
 1.000,0.976]
Testing Group Acc: [0.411,0.156,0.047]
Epoch [190] Testing Results: Prec@1 15.990 Prec@5 35.640 Loss 8.51825
Epoch [190] Testing Class Recall: [0.000,0.050,0.000,0.050,0.240,0.070,0.000,0.080,0.500,0.190,0.110,0.030,
 0.140,0.030,0.180,0.030,0.010,0.080,0.210,0.000,0.160,0.680,0.330,0.830,
 0.150,0.440,0.410,0.570,0.490,0.270,0.000,0.000,0.070,0.340,0.220,0.040,
 0.090,0.020,0.050,0.200,0.030,0.080,0.100,0.250,0.210,0.030,0.000,0.210,
 0.160,0.080,0.020,0.010,0.060,0.020,0.260,0.110,0.050,0.350,0.280,0.060,
 0.040,0.070,0.020,0.130,0.080,0.030,0.050,0.110,0.690,0.350,0.160,0.090,
 0.090,0.000,0.130,0.080,0.210,0.070,0.320,0.220,0.030,0.070,0.010,0.070,
 0.330,0.070,0.050,0.330,0.590,0.070,0.000,0.010,0.000,0.090,0.700,0.220,
 0.130,0.060,0.150,0.340]
Training Group Acc: [0.979,0.976,0.965]
Epoch [191] Training Results: Prec@1 97.720 Prec@5 99.980 Loss 0.11656
Epoch [191] Training Class Recall: [1.000,1.000,0.800,0.974,0.959,1.000,0.960,1.000,1.000,0.977,1.000,1.000,
 0.875,1.000,1.000,1.000,0.909,0.973,0.833,1.000,0.993,0.992,0.996,0.966,
 1.000,0.979,0.978,0.994,0.949,1.000,1.000,0.923,0.964,0.967,1.000,0.955,
 1.000,1.000,0.970,1.000,1.000,0.970,0.911,0.967,1.000,0.958,1.000,1.000,
 1.000,1.000,1.000,1.000,1.000,0.955,1.000,0.985,0.958,1.000,1.000,1.000,
 1.000,0.969,0.974,0.931,0.929,0.987,1.000,0.973,1.000,1.000,0.938,0.889,
 0.961,1.000,0.900,1.000,0.947,0.974,0.919,1.000,0.778,1.000,0.970,0.971,
 0.955,0.980,0.994,1.000,1.000,0.952,1.000,0.980,1.000,1.000,0.947,1.000,
 0.938,0.968]
Testing Group Acc: [0.406,0.161,0.048]
Epoch [191] Testing Results: Prec@1 16.200 Prec@5 36.390 Loss 8.40852
Epoch [191] Testing Class Recall: [0.000,0.050,0.000,0.050,0.230,0.090,0.000,0.060,0.510,0.150,0.110,0.030,
 0.130,0.030,0.160,0.050,0.020,0.100,0.240,0.000,0.190,0.620,0.300,0.830,
 0.140,0.390,0.420,0.550,0.460,0.300,0.000,0.000,0.070,0.340,0.240,0.040,
 0.090,0.020,0.050,0.210,0.030,0.080,0.100,0.260,0.200,0.030,0.000,0.280,
 0.170,0.080,0.020,0.010,0.090,0.020,0.270,0.100,0.040,0.340,0.280,0.070,
 0.070,0.070,0.010,0.130,0.070,0.040,0.030,0.100,0.720,0.400,0.160,0.100,
 0.090,0.000,0.130,0.080,0.210,0.070,0.370,0.220,0.030,0.080,0.010,0.080,
 0.320,0.080,0.050,0.320,0.630,0.070,0.000,0.010,0.000,0.100,0.730,0.220,
 0.120,0.060,0.140,0.340]
Training Group Acc: [0.981,0.961,0.961]
Epoch [192] Training Results: Prec@1 97.320 Prec@5 99.940 Loss 0.12527
Epoch [192] Training Class Recall: [1.000,1.000,1.000,0.974,0.967,0.967,0.840,0.968,1.000,0.907,1.000,1.000,
 1.000,0.932,1.000,1.000,1.000,0.982,1.000,0.923,0.964,1.000,0.996,0.966,
 0.979,0.973,0.975,0.994,0.974,0.500,1.000,0.962,0.945,0.950,1.000,1.000,
 1.000,0.970,0.985,1.000,0.857,0.939,0.946,0.984,0.947,0.917,1.000,0.955,
 0.875,1.000,0.800,1.000,0.929,0.989,1.000,0.969,1.000,1.000,1.000,1.000,
 1.000,0.969,0.923,1.000,1.000,0.987,0.988,0.959,1.000,1.000,0.979,0.889,
 0.971,0.727,1.000,0.987,0.947,0.982,0.973,1.000,1.000,1.000,0.960,0.943,
 0.955,1.000,1.000,1.000,1.000,1.000,1.000,0.920,1.000,0.969,0.947,1.000,
 0.875,0.968]
Testing Group Acc: [0.418,0.151,0.046]
Epoch [192] Testing Results: Prec@1 15.860 Prec@5 35.840 Loss 8.56753
Epoch [192] Testing Class Recall: [0.000,0.070,0.000,0.040,0.220,0.060,0.000,0.060,0.470,0.130,0.120,0.030,
 0.120,0.030,0.180,0.060,0.010,0.110,0.240,0.000,0.170,0.710,0.350,0.810,
 0.170,0.440,0.440,0.560,0.520,0.260,0.000,0.010,0.090,0.360,0.230,0.040,
 0.110,0.010,0.050,0.210,0.030,0.060,0.100,0.280,0.220,0.030,0.000,0.240,
 0.150,0.090,0.020,0.020,0.080,0.020,0.230,0.110,0.040,0.340,0.200,0.050,
 0.050,0.070,0.020,0.140,0.050,0.030,0.020,0.130,0.680,0.350,0.120,0.090,
 0.080,0.000,0.130,0.070,0.200,0.070,0.310,0.200,0.030,0.080,0.010,0.090,
 0.340,0.070,0.040,0.320,0.620,0.060,0.000,0.010,0.000,0.050,0.700,0.190,
 0.100,0.050,0.150,0.340]
Training Group Acc: [0.981,0.968,0.962]
Epoch [193] Training Results: Prec@1 97.540 Prec@5 99.940 Loss 0.12481
Epoch [193] Training Class Recall: [1.000,1.000,0.800,1.000,0.959,1.000,0.960,0.989,1.000,0.977,0.933,0.947,
 0.875,0.977,1.000,0.923,0.909,0.991,0.917,0.923,0.993,0.992,0.992,0.989,
 1.000,0.952,0.985,0.994,0.957,1.000,1.000,0.885,0.945,0.983,1.000,1.000,
 0.818,0.955,0.985,1.000,0.857,0.939,0.964,0.967,1.000,1.000,1.000,1.000,
 0.958,1.000,0.800,1.000,1.000,0.955,1.000,1.000,1.000,1.000,0.923,0.944,
 1.000,0.954,0.949,0.931,1.000,0.987,0.988,0.973,1.000,1.000,0.958,1.000,
 0.990,0.909,1.000,1.000,0.947,0.991,0.946,0.952,1.000,1.000,0.960,1.000,
 0.955,1.000,0.974,0.944,1.000,0.952,1.000,0.940,0.991,0.969,1.000,0.913,
 1.000,0.984]
Testing Group Acc: [0.412,0.159,0.048]
Epoch [193] Testing Results: Prec@1 16.210 Prec@5 36.170 Loss 8.43397
Epoch [193] Testing Class Recall: [0.000,0.070,0.000,0.050,0.230,0.110,0.000,0.070,0.510,0.190,0.100,0.030,
 0.130,0.030,0.140,0.050,0.020,0.110,0.200,0.000,0.170,0.660,0.330,0.820,
 0.160,0.460,0.440,0.550,0.490,0.250,0.000,0.010,0.090,0.350,0.230,0.040,
 0.110,0.020,0.040,0.200,0.030,0.080,0.100,0.280,0.200,0.030,0.000,0.220,
 0.160,0.090,0.020,0.010,0.080,0.020,0.260,0.110,0.040,0.320,0.280,0.070,
 0.020,0.070,0.010,0.140,0.070,0.040,0.030,0.100,0.700,0.360,0.150,0.090,
 0.090,0.000,0.130,0.080,0.220,0.070,0.340,0.230,0.030,0.070,0.010,0.080,
 0.340,0.070,0.050,0.360,0.630,0.070,0.000,0.010,0.000,0.080,0.700,0.220,
 0.140,0.060,0.150,0.340]
Training Group Acc: [0.979,0.978,0.964]
Epoch [194] Training Results: Prec@1 97.880 Prec@5 100.000 Loss 0.11686
Epoch [194] Training Class Recall: [1.000,1.000,0.800,1.000,0.992,0.967,0.920,1.000,1.000,1.000,1.000,1.000,
 1.000,1.000,1.000,0.846,1.000,0.973,1.000,0.962,0.986,0.992,0.992,0.966,
 0.993,0.968,0.988,0.989,0.966,1.000,1.000,0.962,0.964,0.967,0.923,0.955,
 1.000,1.000,1.000,0.929,1.000,0.970,0.946,0.956,1.000,1.000,1.000,0.955,
 1.000,1.000,0.800,1.000,1.000,1.000,1.000,0.985,1.000,1.000,1.000,0.972,
 1.000,0.954,0.949,0.966,1.000,1.000,1.000,0.959,1.000,1.000,1.000,1.000,
 0.961,0.818,0.900,1.000,0.936,1.000,0.946,1.000,0.889,0.923,0.960,1.000,
 0.909,1.000,0.981,1.000,1.000,0.905,1.000,0.980,0.973,0.969,0.947,1.000,
 1.000,0.976]
Testing Group Acc: [0.412,0.160,0.048]
Epoch [194] Testing Results: Prec@1 16.230 Prec@5 36.280 Loss 8.42877
Epoch [194] Testing Class Recall: [0.000,0.060,0.000,0.050,0.220,0.060,0.000,0.070,0.470,0.160,0.130,0.030,
 0.130,0.030,0.160,0.060,0.010,0.090,0.230,0.000,0.190,0.690,0.330,0.830,
 0.140,0.430,0.420,0.520,0.480,0.270,0.000,0.000,0.080,0.340,0.240,0.040,
 0.110,0.020,0.050,0.210,0.030,0.070,0.100,0.270,0.220,0.030,0.000,0.240,
 0.150,0.080,0.020,0.010,0.080,0.020,0.250,0.110,0.040,0.350,0.300,0.070,
 0.060,0.070,0.020,0.140,0.070,0.040,0.020,0.120,0.710,0.360,0.160,0.100,
 0.090,0.000,0.140,0.090,0.230,0.070,0.330,0.200,0.030,0.080,0.010,0.090,
 0.340,0.070,0.050,0.360,0.630,0.070,0.000,0.010,0.000,0.070,0.720,0.220,
 0.110,0.070,0.150,0.340]
Training Group Acc: [0.980,0.968,0.967]
Epoch [195] Training Results: Prec@1 97.560 Prec@5 100.000 Loss 0.12233
Epoch [195] Training Class Recall: [1.000,1.000,0.800,0.947,0.951,0.967,0.920,0.979,0.957,0.953,1.000,1.000,
 1.000,0.977,1.000,1.000,1.000,0.955,1.000,0.923,0.993,0.975,0.996,0.989,
 0.986,0.968,0.991,0.977,0.983,1.000,0.875,0.962,0.982,0.967,1.000,1.000,
 1.000,0.940,1.000,1.000,0.952,1.000,0.946,0.973,0.947,0.958,1.000,0.955,
 0.958,1.000,0.600,1.000,0.964,0.966,1.000,0.985,1.000,1.000,1.000,1.000,
 1.000,1.000,0.974,0.897,0.929,0.961,1.000,0.945,1.000,1.000,0.917,0.889,
 0.961,1.000,0.900,1.000,0.926,1.000,0.892,0.952,1.000,1.000,0.970,0.971,
 1.000,0.961,1.000,0.944,1.000,1.000,1.000,1.000,1.000,0.969,1.000,1.000,
 1.000,0.976]
Testing Group Acc: [0.412,0.156,0.048]
Epoch [195] Testing Results: Prec@1 16.050 Prec@5 35.900 Loss 8.42832
Epoch [195] Testing Class Recall: [0.000,0.070,0.000,0.040,0.180,0.060,0.000,0.060,0.520,0.150,0.150,0.030,
 0.140,0.030,0.160,0.050,0.020,0.080,0.250,0.000,0.190,0.710,0.320,0.820,
 0.140,0.450,0.450,0.540,0.470,0.250,0.000,0.010,0.100,0.330,0.220,0.040,
 0.120,0.020,0.040,0.210,0.030,0.050,0.100,0.270,0.200,0.030,0.000,0.260,
 0.150,0.070,0.020,0.040,0.070,0.020,0.250,0.110,0.040,0.340,0.220,0.070,
 0.040,0.070,0.010,0.130,0.070,0.040,0.040,0.100,0.690,0.350,0.160,0.090,
 0.100,0.000,0.130,0.080,0.210,0.060,0.350,0.200,0.030,0.070,0.010,0.080,
 0.340,0.070,0.050,0.330,0.630,0.060,0.000,0.010,0.000,0.070,0.730,0.210,
 0.110,0.060,0.170,0.340]
Training Group Acc: [0.981,0.964,0.958]
Epoch [196] Training Results: Prec@1 97.400 Prec@5 99.900 Loss 0.12541
Epoch [196] Training Class Recall: [1.000,1.000,1.000,0.947,1.000,1.000,0.960,0.957,0.957,0.977,1.000,0.947,
 1.000,1.000,0.952,0.846,1.000,0.955,0.917,1.000,0.986,0.992,0.996,0.989,
 0.979,1.000,0.985,0.994,0.966,1.000,1.000,0.885,0.945,0.950,1.000,0.955,
 1.000,0.910,0.985,1.000,0.905,0.970,0.982,0.962,0.947,0.958,1.000,1.000,
 0.958,1.000,0.800,1.000,0.964,0.966,1.000,0.985,0.958,1.000,0.923,0.972,
 1.000,0.985,0.949,0.897,0.929,0.987,1.000,0.959,1.000,1.000,0.979,0.889,
 0.951,0.818,0.900,1.000,0.936,1.000,0.919,1.000,0.889,1.000,0.970,0.943,
 0.864,0.980,1.000,0.944,1.000,0.952,1.000,0.980,0.991,1.000,0.895,1.000,
 0.938,0.952]
Testing Group Acc: [0.411,0.152,0.044]
Epoch [196] Testing Results: Prec@1 15.720 Prec@5 35.540 Loss 8.65608
Epoch [196] Testing Class Recall: [0.000,0.050,0.000,0.040,0.220,0.060,0.000,0.050,0.500,0.150,0.130,0.030,
 0.130,0.030,0.180,0.030,0.010,0.080,0.270,0.000,0.180,0.700,0.330,0.820,
 0.140,0.430,0.410,0.560,0.500,0.270,0.000,0.000,0.080,0.320,0.230,0.050,
 0.090,0.010,0.040,0.210,0.030,0.050,0.090,0.250,0.200,0.030,0.000,0.230,
 0.150,0.080,0.020,0.050,0.050,0.020,0.270,0.100,0.040,0.360,0.250,0.050,
 0.020,0.070,0.020,0.130,0.080,0.030,0.020,0.090,0.690,0.360,0.160,0.090,
 0.080,0.000,0.130,0.060,0.190,0.070,0.340,0.190,0.030,0.070,0.010,0.090,
 0.330,0.070,0.050,0.330,0.610,0.070,0.000,0.010,0.000,0.050,0.680,0.200,
 0.100,0.060,0.150,0.340]
Training Group Acc: [0.984,0.962,0.976]
Epoch [197] Training Results: Prec@1 97.460 Prec@5 99.920 Loss 0.12522
Epoch [197] Training Class Recall: [1.000,1.000,1.000,0.974,0.992,1.000,0.880,0.979,1.000,1.000,1.000,1.000,
 1.000,0.955,0.952,0.923,1.000,0.955,0.917,1.000,1.000,1.000,0.988,0.989,
 0.986,0.973,0.969,0.989,0.966,1.000,1.000,0.962,0.945,0.983,0.923,1.000,
 0.909,0.940,0.985,0.929,0.857,0.939,0.946,0.984,0.947,0.958,1.000,0.955,
 0.917,1.000,1.000,1.000,0.929,0.966,1.000,0.969,1.000,1.000,1.000,1.000,
 1.000,0.985,0.974,0.897,1.000,0.974,1.000,0.945,0.917,0.909,1.000,1.000,
 0.971,1.000,0.800,0.973,0.926,0.991,0.946,1.000,1.000,1.000,0.980,0.943,
 0.864,1.000,1.000,1.000,1.000,1.000,1.000,0.900,1.000,1.000,1.000,1.000,
 0.938,0.976]
Testing Group Acc: [0.415,0.156,0.050]
Epoch [197] Testing Results: Prec@1 16.160 Prec@5 35.890 Loss 8.46220
Epoch [197] Testing Class Recall: [0.000,0.060,0.000,0.050,0.250,0.060,0.000,0.060,0.490,0.180,0.110,0.040,
 0.150,0.030,0.130,0.050,0.020,0.090,0.200,0.000,0.170,0.710,0.340,0.850,
 0.140,0.430,0.420,0.560,0.490,0.250,0.000,0.000,0.080,0.340,0.200,0.050,
 0.090,0.010,0.030,0.210,0.030,0.070,0.100,0.260,0.220,0.030,0.000,0.210,
 0.150,0.110,0.020,0.020,0.090,0.020,0.280,0.090,0.040,0.360,0.280,0.060,
 0.040,0.070,0.020,0.140,0.070,0.030,0.050,0.100,0.700,0.350,0.160,0.100,
 0.110,0.000,0.130,0.060,0.230,0.070,0.350,0.220,0.030,0.070,0.010,0.100,
 0.340,0.080,0.050,0.350,0.600,0.070,0.000,0.010,0.000,0.060,0.700,0.230,
 0.120,0.060,0.160,0.340]
Training Group Acc: [0.978,0.969,0.958]
Epoch [198] Training Results: Prec@1 97.400 Prec@5 99.960 Loss 0.12725
Epoch [198] Training Class Recall: [1.000,1.000,1.000,1.000,1.000,0.967,0.960,0.968,1.000,0.977,1.000,1.000,
 1.000,0.977,1.000,0.846,0.909,0.964,0.917,0.885,0.993,1.000,0.992,0.989,
 0.993,0.957,0.988,0.977,0.966,1.000,0.875,0.923,0.982,0.967,0.923,0.955,
 0.909,0.985,0.985,0.929,0.905,1.000,0.964,0.940,1.000,1.000,1.000,0.955,
 1.000,1.000,1.000,1.000,1.000,0.966,1.000,1.000,0.958,0.952,1.000,0.972,
 1.000,0.985,1.000,0.931,0.857,1.000,0.988,0.959,1.000,1.000,0.979,1.000,
 0.971,0.818,0.800,0.973,0.957,0.974,0.919,1.000,0.778,1.000,0.990,0.943,
 0.909,0.980,0.981,1.000,1.000,1.000,1.000,0.980,0.991,0.938,1.000,0.913,
 1.000,0.944]
Testing Group Acc: [0.408,0.158,0.052]
Epoch [198] Testing Results: Prec@1 16.230 Prec@5 36.130 Loss 8.38489
Epoch [198] Testing Class Recall: [0.000,0.050,0.000,0.040,0.230,0.050,0.000,0.070,0.520,0.190,0.130,0.030,
 0.160,0.030,0.180,0.050,0.030,0.090,0.240,0.000,0.180,0.690,0.330,0.830,
 0.140,0.440,0.400,0.550,0.450,0.260,0.000,0.010,0.090,0.340,0.210,0.050,
 0.090,0.020,0.050,0.200,0.030,0.060,0.090,0.240,0.200,0.030,0.000,0.240,
 0.150,0.080,0.020,0.010,0.100,0.020,0.270,0.100,0.060,0.360,0.270,0.070,
 0.050,0.070,0.020,0.120,0.060,0.050,0.040,0.100,0.730,0.360,0.160,0.090,
 0.120,0.000,0.130,0.090,0.250,0.060,0.340,0.220,0.030,0.110,0.010,0.080,
 0.320,0.070,0.050,0.320,0.560,0.080,0.000,0.010,0.000,0.070,0.750,0.200,
 0.150,0.060,0.140,0.340]
Training Group Acc: [0.984,0.964,0.966]
Epoch [199] Training Results: Prec@1 97.600 Prec@5 99.980 Loss 0.12324
Epoch [199] Training Class Recall: [1.000,1.000,1.000,1.000,0.976,0.967,0.960,0.968,0.957,0.953,0.933,1.000,
 1.000,0.977,0.952,0.846,1.000,0.982,1.000,0.923,1.000,0.992,0.992,0.966,
 1.000,0.968,0.985,1.000,0.974,1.000,1.000,0.923,0.964,0.933,0.923,0.955,
 0.909,0.970,0.970,1.000,0.905,1.000,1.000,0.962,1.000,0.958,1.000,1.000,
 0.875,1.000,0.800,1.000,0.964,0.955,1.000,0.985,1.000,0.952,0.923,1.000,
 1.000,0.969,0.923,0.897,0.929,1.000,1.000,0.973,0.958,0.818,1.000,1.000,
 0.990,1.000,1.000,1.000,0.957,0.974,0.919,0.952,0.889,1.000,0.980,0.943,
 0.955,1.000,0.987,1.000,1.000,1.000,1.000,0.960,0.991,1.000,0.947,0.957,
 0.938,0.976]
Testing Group Acc: [0.411,0.157,0.046]
Epoch [199] Testing Results: Prec@1 16.010 Prec@5 36.040 Loss 8.60126
Epoch [199] Testing Class Recall: [0.000,0.060,0.000,0.040,0.210,0.080,0.000,0.060,0.500,0.150,0.110,0.030,
 0.110,0.030,0.160,0.050,0.020,0.100,0.240,0.000,0.180,0.660,0.320,0.830,
 0.140,0.390,0.430,0.560,0.480,0.280,0.000,0.000,0.090,0.340,0.220,0.030,
 0.090,0.010,0.040,0.210,0.030,0.050,0.090,0.250,0.200,0.030,0.000,0.260,
 0.150,0.090,0.020,0.020,0.080,0.020,0.260,0.100,0.030,0.370,0.260,0.070,
 0.060,0.070,0.020,0.140,0.070,0.040,0.030,0.100,0.700,0.360,0.160,0.090,
 0.080,0.000,0.140,0.060,0.200,0.070,0.350,0.230,0.030,0.070,0.010,0.080,
 0.350,0.100,0.050,0.340,0.610,0.060,0.000,0.020,0.000,0.060,0.710,0.230,
 0.120,0.060,0.160,0.350]
