Epoch: [0][0/40], lr: 0.00200	Loss 2.9151 (2.9151)	Prec@1 6.250 (6.250)	Prec@5 46.094 (46.094)
Epoch: [0][10/40], lr: 0.00200	Loss 2.1666 (2.4201)	Prec@1 32.031 (17.259)	Prec@5 67.969 (63.210)
Epoch: [0][20/40], lr: 0.00200	Loss 1.7860 (2.2205)	Prec@1 40.625 (24.591)	Prec@5 82.031 (69.754)
Epoch: [0][30/40], lr: 0.00200	Loss 1.8298 (2.1029)	Prec@1 33.594 (29.083)	Prec@5 84.375 (73.740)
Epoch [0] Training Results: Prec@1 31.740 Prec@5 75.780             Loss 2.02785
Epoch [0] Training Class Recall: [0.664,0.000,0.009,0.032,0.076,0.418,0.489,0.138,0.189,0.376]

Epoch: [1][0/40], lr: 0.00400	Loss 1.5646 (1.5646)	Prec@1 43.750 (43.750)	Prec@5 90.625 (90.625)
Epoch: [1][10/40], lr: 0.00400	Loss 1.8254 (1.8311)	Prec@1 45.312 (41.832)	Prec@5 87.500 (83.594)
Epoch: [1][20/40], lr: 0.00400	Loss 1.6248 (1.7235)	Prec@1 55.469 (45.164)	Prec@5 83.594 (84.970)
Epoch: [1][30/40], lr: 0.00400	Loss 1.6439 (1.6618)	Prec@1 53.125 (48.085)	Prec@5 86.719 (85.559)
Epoch [1] Training Results: Prec@1 49.740 Prec@5 85.660             Loss 1.62699
Epoch [1] Training Class Recall: [0.814,0.056,0.000,0.106,0.061,0.552,0.616,0.393,0.661,0.669]

Epoch: [2][0/40], lr: 0.00600	Loss 1.6261 (1.6261)	Prec@1 54.688 (54.688)	Prec@5 87.500 (87.500)
Epoch: [2][10/40], lr: 0.00600	Loss 1.4200 (1.6075)	Prec@1 59.375 (52.060)	Prec@5 85.156 (86.151)
Epoch: [2][20/40], lr: 0.00600	Loss 1.5772 (1.5709)	Prec@1 50.000 (52.939)	Prec@5 84.375 (86.198)
Epoch: [2][30/40], lr: 0.00600	Loss 1.4353 (1.5339)	Prec@1 60.938 (54.309)	Prec@5 87.500 (86.593)
Epoch [2] Training Results: Prec@1 55.220 Prec@5 86.600             Loss 1.51919
Epoch [2] Training Class Recall: [0.823,0.132,0.017,0.118,0.099,0.639,0.647,0.477,0.728,0.778]

Epoch: [3][0/40], lr: 0.00800	Loss 1.7578 (1.7578)	Prec@1 46.094 (46.094)	Prec@5 85.938 (85.938)
Epoch: [3][10/40], lr: 0.00800	Loss 1.7164 (1.7633)	Prec@1 57.031 (50.568)	Prec@5 85.938 (85.085)
Epoch: [3][20/40], lr: 0.00800	Loss 1.2544 (1.6939)	Prec@1 66.406 (52.158)	Prec@5 89.844 (85.045)
Epoch: [3][30/40], lr: 0.00800	Loss 1.1630 (1.6000)	Prec@1 64.844 (55.192)	Prec@5 96.094 (86.038)
Epoch [3] Training Results: Prec@1 56.720 Prec@5 86.900             Loss 1.53926
Epoch [3] Training Class Recall: [0.778,0.180,0.021,0.126,0.105,0.676,0.589,0.647,0.765,0.772]

Epoch: [4][0/40], lr: 0.01000	Loss 1.7357 (1.7357)	Prec@1 52.344 (52.344)	Prec@5 85.938 (85.938)
Epoch: [4][10/40], lr: 0.01000	Loss 1.5727 (1.5742)	Prec@1 43.750 (52.912)	Prec@5 90.625 (85.511)
Epoch: [4][20/40], lr: 0.01000	Loss 1.1828 (1.5094)	Prec@1 70.312 (56.510)	Prec@5 88.281 (86.644)
Epoch: [4][30/40], lr: 0.01000	Loss 1.2961 (1.4453)	Prec@1 64.844 (59.173)	Prec@5 92.188 (87.626)
Epoch [4] Training Results: Prec@1 60.300 Prec@5 87.900             Loss 1.40856
Epoch [4] Training Class Recall: [0.846,0.218,0.021,0.153,0.131,0.637,0.678,0.702,0.799,0.803]

Epoch: [5][0/40], lr: 0.01000	Loss 1.3105 (1.3105)	Prec@1 61.719 (61.719)	Prec@5 89.844 (89.844)
Epoch: [5][10/40], lr: 0.01000	Loss 1.0530 (1.3744)	Prec@1 70.312 (61.577)	Prec@5 90.625 (89.986)
Epoch: [5][20/40], lr: 0.01000	Loss 1.1915 (1.3469)	Prec@1 70.312 (62.277)	Prec@5 88.281 (89.360)
Epoch: [5][30/40], lr: 0.01000	Loss 1.3548 (1.3365)	Prec@1 60.938 (63.004)	Prec@5 91.406 (89.340)
Epoch [5] Training Results: Prec@1 64.460 Prec@5 90.080             Loss 1.28339
Epoch [5] Training Class Recall: [0.859,0.316,0.013,0.229,0.172,0.682,0.756,0.736,0.834,0.838]

Epoch: [6][0/40], lr: 0.01000	Loss 1.0680 (1.0680)	Prec@1 67.969 (67.969)	Prec@5 91.406 (91.406)
Epoch: [6][10/40], lr: 0.01000	Loss 1.2110 (1.1337)	Prec@1 64.062 (68.892)	Prec@5 90.625 (91.335)
Epoch: [6][20/40], lr: 0.01000	Loss 1.0396 (1.1422)	Prec@1 74.219 (69.271)	Prec@5 89.844 (91.555)
Epoch: [6][30/40], lr: 0.01000	Loss 0.9534 (1.1447)	Prec@1 77.344 (69.733)	Prec@5 96.094 (91.305)
Epoch [6] Training Results: Prec@1 69.560 Prec@5 91.060             Loss 1.15009
Epoch [6] Training Class Recall: [0.878,0.481,0.026,0.202,0.325,0.784,0.791,0.800,0.834,0.891]

Epoch: [7][0/40], lr: 0.01000	Loss 1.0882 (1.0882)	Prec@1 71.875 (71.875)	Prec@5 91.406 (91.406)
Epoch: [7][10/40], lr: 0.01000	Loss 1.1736 (1.1736)	Prec@1 73.438 (69.105)	Prec@5 88.281 (91.122)
Epoch: [7][20/40], lr: 0.01000	Loss 1.1460 (1.1502)	Prec@1 73.438 (70.164)	Prec@5 89.844 (91.369)
Epoch: [7][30/40], lr: 0.01000	Loss 0.9470 (1.1318)	Prec@1 75.781 (70.464)	Prec@5 91.406 (91.431)
Epoch [7] Training Results: Prec@1 70.660 Prec@5 91.360             Loss 1.12685
Epoch [7] Training Class Recall: [0.883,0.432,0.073,0.296,0.369,0.789,0.805,0.793,0.824,0.890]

Epoch: [8][0/40], lr: 0.01000	Loss 0.9511 (0.9511)	Prec@1 74.219 (74.219)	Prec@5 95.312 (95.312)
Epoch: [8][10/40], lr: 0.01000	Loss 1.1978 (1.1574)	Prec@1 71.094 (68.750)	Prec@5 91.406 (91.974)
Epoch: [8][20/40], lr: 0.01000	Loss 1.1984 (1.1203)	Prec@1 67.969 (70.126)	Prec@5 89.062 (92.001)
Epoch: [8][30/40], lr: 0.01000	Loss 0.9483 (1.0993)	Prec@1 73.438 (71.018)	Prec@5 92.188 (91.835)
Epoch [8] Training Results: Prec@1 71.720 Prec@5 91.720             Loss 1.09650
Epoch [8] Training Class Recall: [0.882,0.436,0.030,0.392,0.376,0.799,0.793,0.818,0.840,0.890]

Epoch: [9][0/40], lr: 0.01000	Loss 1.0170 (1.0170)	Prec@1 75.781 (75.781)	Prec@5 90.625 (90.625)
Epoch: [9][10/40], lr: 0.01000	Loss 1.2891 (1.0943)	Prec@1 67.969 (72.159)	Prec@5 88.281 (92.259)
Epoch: [9][20/40], lr: 0.01000	Loss 1.2425 (1.1059)	Prec@1 69.531 (71.838)	Prec@5 89.844 (91.815)
Epoch: [9][30/40], lr: 0.01000	Loss 1.1328 (1.0723)	Prec@1 71.875 (73.034)	Prec@5 89.844 (92.162)
Epoch [9] Training Results: Prec@1 73.100 Prec@5 92.180             Loss 1.06831
Epoch [9] Training Class Recall: [0.883,0.466,0.051,0.424,0.497,0.792,0.807,0.826,0.834,0.891]

Epoch: [10][0/40], lr: 0.01000	Loss 1.1067 (1.1067)	Prec@1 68.750 (68.750)	Prec@5 92.188 (92.188)
Epoch: [10][10/40], lr: 0.01000	Loss 1.1308 (1.1815)	Prec@1 67.969 (67.685)	Prec@5 92.969 (91.264)
Epoch: [10][20/40], lr: 0.01000	Loss 1.3436 (1.1184)	Prec@1 65.625 (70.536)	Prec@5 90.625 (92.150)
Epoch: [10][30/40], lr: 0.01000	Loss 0.8791 (1.0928)	Prec@1 81.250 (71.724)	Prec@5 94.531 (92.188)
Epoch [10] Training Results: Prec@1 71.820 Prec@5 91.700             Loss 1.10723
Epoch [10] Training Class Recall: [0.880,0.462,0.137,0.367,0.420,0.782,0.807,0.826,0.785,0.888]

Epoch: [11][0/40], lr: 0.01000	Loss 1.0332 (1.0332)	Prec@1 71.094 (71.094)	Prec@5 94.531 (94.531)
Epoch: [11][10/40], lr: 0.01000	Loss 1.0325 (1.1043)	Prec@1 71.875 (72.514)	Prec@5 93.750 (90.909)
Epoch: [11][20/40], lr: 0.01000	Loss 1.0708 (1.0567)	Prec@1 74.219 (74.405)	Prec@5 91.406 (91.629)
Epoch: [11][30/40], lr: 0.01000	Loss 0.8419 (1.0128)	Prec@1 77.344 (75.655)	Prec@5 91.406 (92.112)
Epoch [11] Training Results: Prec@1 75.480 Prec@5 92.080             Loss 1.01424
Epoch [11] Training Class Recall: [0.895,0.571,0.145,0.426,0.576,0.812,0.840,0.835,0.832,0.888]

Epoch: [12][0/40], lr: 0.01000	Loss 0.8249 (0.8249)	Prec@1 78.125 (78.125)	Prec@5 96.094 (96.094)
Epoch: [12][10/40], lr: 0.01000	Loss 1.2304 (1.0613)	Prec@1 68.750 (73.366)	Prec@5 92.969 (91.903)
Epoch: [12][20/40], lr: 0.01000	Loss 0.8590 (0.9997)	Prec@1 78.906 (75.446)	Prec@5 95.312 (92.522)
Epoch: [12][30/40], lr: 0.01000	Loss 0.9440 (0.9891)	Prec@1 78.125 (75.958)	Prec@5 93.750 (92.540)
Epoch [12] Training Results: Prec@1 75.900 Prec@5 92.340             Loss 1.00080
Epoch [12] Training Class Recall: [0.895,0.560,0.103,0.475,0.618,0.812,0.834,0.839,0.832,0.891]

Epoch: [13][0/40], lr: 0.01000	Loss 0.8374 (0.8374)	Prec@1 78.906 (78.906)	Prec@5 93.750 (93.750)
Epoch: [13][10/40], lr: 0.01000	Loss 1.1430 (1.0676)	Prec@1 69.531 (72.514)	Prec@5 91.406 (91.761)
Epoch: [13][20/40], lr: 0.01000	Loss 0.8901 (1.0513)	Prec@1 76.562 (72.768)	Prec@5 96.875 (92.374)
Epoch: [13][30/40], lr: 0.01000	Loss 0.8978 (1.0408)	Prec@1 75.781 (73.790)	Prec@5 93.750 (92.440)
Epoch [13] Training Results: Prec@1 74.300 Prec@5 92.620             Loss 1.02909
Epoch [13] Training Class Recall: [0.901,0.511,0.132,0.443,0.385,0.824,0.836,0.833,0.840,0.887]

Epoch: [14][0/40], lr: 0.01000	Loss 1.1291 (1.1291)	Prec@1 71.094 (71.094)	Prec@5 91.406 (91.406)
Epoch: [14][10/40], lr: 0.01000	Loss 1.2088 (1.0630)	Prec@1 71.094 (72.869)	Prec@5 87.500 (91.974)
Epoch: [14][20/40], lr: 0.01000	Loss 0.9740 (1.0531)	Prec@1 78.125 (73.847)	Prec@5 94.531 (91.927)
Epoch: [14][30/40], lr: 0.01000	Loss 1.0796 (1.0293)	Prec@1 74.219 (74.370)	Prec@5 93.750 (91.885)
Epoch [14] Training Results: Prec@1 75.360 Prec@5 92.440             Loss 0.99491
Epoch [14] Training Class Recall: [0.894,0.496,0.111,0.515,0.513,0.829,0.828,0.828,0.836,0.894]

Epoch: [15][0/40], lr: 0.01000	Loss 0.9972 (0.9972)	Prec@1 77.344 (77.344)	Prec@5 92.188 (92.188)
Epoch: [15][10/40], lr: 0.01000	Loss 1.0065 (1.0067)	Prec@1 78.125 (75.355)	Prec@5 93.750 (93.111)
Epoch: [15][20/40], lr: 0.01000	Loss 1.0684 (0.9908)	Prec@1 76.562 (76.079)	Prec@5 91.406 (92.820)
Epoch: [15][30/40], lr: 0.01000	Loss 0.8929 (0.9549)	Prec@1 77.344 (77.193)	Prec@5 92.969 (93.019)
Epoch [15] Training Results: Prec@1 77.760 Prec@5 93.100             Loss 0.93429
Epoch [15] Training Class Recall: [0.905,0.609,0.184,0.547,0.650,0.815,0.852,0.835,0.830,0.898]

Epoch: [16][0/40], lr: 0.01000	Loss 0.8549 (0.8549)	Prec@1 78.906 (78.906)	Prec@5 95.312 (95.312)
Epoch: [16][10/40], lr: 0.01000	Loss 0.7835 (0.8708)	Prec@1 80.469 (78.480)	Prec@5 94.531 (93.679)
Epoch: [16][20/40], lr: 0.01000	Loss 0.9840 (0.9154)	Prec@1 77.344 (78.125)	Prec@5 92.188 (93.118)
Epoch: [16][30/40], lr: 0.01000	Loss 0.8993 (0.9223)	Prec@1 78.906 (78.125)	Prec@5 95.312 (93.095)
Epoch [16] Training Results: Prec@1 78.640 Prec@5 93.220             Loss 0.90746
Epoch [16] Training Class Recall: [0.875,0.594,0.244,0.589,0.697,0.833,0.862,0.837,0.850,0.900]

Epoch: [17][0/40], lr: 0.01000	Loss 0.6553 (0.6553)	Prec@1 85.156 (85.156)	Prec@5 96.094 (96.094)
Epoch: [17][10/40], lr: 0.01000	Loss 1.1117 (1.0366)	Prec@1 73.438 (73.864)	Prec@5 92.188 (92.543)
Epoch: [17][20/40], lr: 0.01000	Loss 1.1132 (1.0003)	Prec@1 71.875 (75.484)	Prec@5 90.625 (92.448)
Epoch: [17][30/40], lr: 0.01000	Loss 0.7857 (0.9722)	Prec@1 85.156 (76.689)	Prec@5 92.188 (92.742)
Epoch [17] Training Results: Prec@1 76.800 Prec@5 92.820             Loss 0.96489
Epoch [17] Training Class Recall: [0.891,0.538,0.175,0.515,0.656,0.835,0.813,0.826,0.844,0.901]

Epoch: [18][0/40], lr: 0.01000	Loss 0.8771 (0.8771)	Prec@1 78.125 (78.125)	Prec@5 95.312 (95.312)
Epoch: [18][10/40], lr: 0.01000	Loss 0.8387 (0.9275)	Prec@1 80.469 (78.906)	Prec@5 95.312 (93.892)
Epoch: [18][20/40], lr: 0.01000	Loss 0.8260 (0.8890)	Prec@1 79.688 (79.911)	Prec@5 95.312 (93.787)
Epoch: [18][30/40], lr: 0.01000	Loss 0.8900 (0.8889)	Prec@1 78.125 (79.688)	Prec@5 91.406 (93.498)
Epoch [18] Training Results: Prec@1 79.760 Prec@5 93.600             Loss 0.87946
Epoch [18] Training Class Recall: [0.895,0.613,0.308,0.589,0.736,0.838,0.862,0.843,0.850,0.900]

Epoch: [19][0/40], lr: 0.01000	Loss 0.7563 (0.7563)	Prec@1 84.375 (84.375)	Prec@5 94.531 (94.531)
Epoch: [19][10/40], lr: 0.01000	Loss 0.9104 (0.8369)	Prec@1 82.031 (80.753)	Prec@5 96.094 (94.247)
Epoch: [19][20/40], lr: 0.01000	Loss 0.9923 (0.8703)	Prec@1 75.000 (79.762)	Prec@5 95.312 (94.196)
Epoch: [19][30/40], lr: 0.01000	Loss 1.1396 (0.8896)	Prec@1 75.000 (79.158)	Prec@5 92.969 (93.851)
Epoch [19] Training Results: Prec@1 79.080 Prec@5 93.620             Loss 0.89466
Epoch [19] Training Class Recall: [0.895,0.598,0.312,0.635,0.666,0.827,0.838,0.835,0.844,0.897]

Epoch: [20][0/40], lr: 0.01000	Loss 0.7805 (0.7805)	Prec@1 82.812 (82.812)	Prec@5 93.750 (93.750)
Epoch: [20][10/40], lr: 0.01000	Loss 0.7021 (0.8485)	Prec@1 85.156 (80.682)	Prec@5 95.312 (93.324)
Epoch: [20][20/40], lr: 0.01000	Loss 0.7486 (0.8455)	Prec@1 81.250 (80.915)	Prec@5 96.875 (93.378)
Epoch: [20][30/40], lr: 0.01000	Loss 0.7561 (0.8413)	Prec@1 84.375 (80.973)	Prec@5 93.750 (93.725)
Epoch [20] Training Results: Prec@1 80.320 Prec@5 93.400             Loss 0.86180
Epoch [20] Training Class Recall: [0.899,0.594,0.397,0.640,0.707,0.844,0.858,0.843,0.838,0.901]

Epoch: [21][0/40], lr: 0.01000	Loss 0.7700 (0.7700)	Prec@1 82.812 (82.812)	Prec@5 95.312 (95.312)
Epoch: [21][10/40], lr: 0.01000	Loss 0.8055 (0.8753)	Prec@1 79.688 (79.545)	Prec@5 92.969 (94.460)
Epoch: [21][20/40], lr: 0.01000	Loss 0.9423 (0.8734)	Prec@1 76.562 (79.688)	Prec@5 90.625 (94.122)
Epoch: [21][30/40], lr: 0.01000	Loss 0.8899 (0.8840)	Prec@1 78.906 (79.536)	Prec@5 95.312 (93.901)
Epoch [21] Training Results: Prec@1 79.920 Prec@5 93.880             Loss 0.87787
Epoch [21] Training Class Recall: [0.895,0.530,0.368,0.628,0.736,0.835,0.865,0.843,0.848,0.901]

Epoch: [22][0/40], lr: 0.01000	Loss 0.8556 (0.8556)	Prec@1 81.250 (81.250)	Prec@5 92.188 (92.188)
Epoch: [22][10/40], lr: 0.01000	Loss 0.7437 (0.8573)	Prec@1 83.594 (79.261)	Prec@5 96.094 (94.673)
Epoch: [22][20/40], lr: 0.01000	Loss 0.7691 (0.8497)	Prec@1 82.031 (79.948)	Prec@5 98.438 (94.754)
Epoch: [22][30/40], lr: 0.01000	Loss 0.6475 (0.8422)	Prec@1 84.375 (80.192)	Prec@5 95.312 (94.632)
Epoch [22] Training Results: Prec@1 80.640 Prec@5 94.540             Loss 0.82944
Epoch [22] Training Class Recall: [0.908,0.620,0.432,0.623,0.682,0.846,0.860,0.843,0.850,0.901]

Epoch: [23][0/40], lr: 0.01000	Loss 0.9806 (0.9806)	Prec@1 76.562 (76.562)	Prec@5 92.188 (92.188)
Epoch: [23][10/40], lr: 0.01000	Loss 0.9266 (0.8951)	Prec@1 75.000 (79.901)	Prec@5 92.969 (93.821)
Epoch: [23][20/40], lr: 0.01000	Loss 0.9986 (0.8949)	Prec@1 77.344 (79.501)	Prec@5 93.750 (94.345)
Epoch: [23][30/40], lr: 0.01000	Loss 0.7921 (0.8577)	Prec@1 81.250 (80.141)	Prec@5 96.094 (94.607)
Epoch [23] Training Results: Prec@1 80.680 Prec@5 94.500             Loss 0.84347
Epoch [23] Training Class Recall: [0.918,0.632,0.376,0.606,0.739,0.849,0.840,0.845,0.848,0.901]

Epoch: [24][0/40], lr: 0.01000	Loss 0.7762 (0.7762)	Prec@1 81.250 (81.250)	Prec@5 95.312 (95.312)
Epoch: [24][10/40], lr: 0.01000	Loss 0.9739 (0.8578)	Prec@1 75.781 (78.977)	Prec@5 95.312 (94.886)
Epoch: [24][20/40], lr: 0.01000	Loss 0.9610 (0.8099)	Prec@1 77.344 (80.804)	Prec@5 93.750 (95.052)
Epoch: [24][30/40], lr: 0.01000	Loss 0.7891 (0.8187)	Prec@1 83.594 (80.948)	Prec@5 93.750 (94.380)
Epoch [24] Training Results: Prec@1 81.020 Prec@5 94.340             Loss 0.82253
Epoch [24] Training Class Recall: [0.907,0.647,0.436,0.670,0.713,0.840,0.852,0.826,0.848,0.902]

Epoch: [25][0/40], lr: 0.01000	Loss 0.8729 (0.8729)	Prec@1 78.906 (78.906)	Prec@5 95.312 (95.312)
Epoch: [25][10/40], lr: 0.01000	Loss 0.7680 (0.8263)	Prec@1 81.250 (81.250)	Prec@5 96.875 (94.957)
Epoch: [25][20/40], lr: 0.01000	Loss 0.7875 (0.7989)	Prec@1 81.250 (82.143)	Prec@5 96.094 (94.866)
Epoch: [25][30/40], lr: 0.01000	Loss 1.0366 (0.7812)	Prec@1 79.688 (82.787)	Prec@5 93.750 (94.834)
Epoch [25] Training Results: Prec@1 82.260 Prec@5 94.740             Loss 0.79577
Epoch [25] Training Class Recall: [0.913,0.628,0.534,0.687,0.758,0.843,0.869,0.847,0.842,0.900]

Epoch: [26][0/40], lr: 0.01000	Loss 0.6414 (0.6414)	Prec@1 82.812 (82.812)	Prec@5 95.312 (95.312)
Epoch: [26][10/40], lr: 0.01000	Loss 0.7068 (0.7664)	Prec@1 82.031 (82.457)	Prec@5 97.656 (95.455)
Epoch: [26][20/40], lr: 0.01000	Loss 0.7729 (0.7605)	Prec@1 81.250 (82.552)	Prec@5 93.750 (95.424)
Epoch: [26][30/40], lr: 0.01000	Loss 0.7341 (0.7731)	Prec@1 83.594 (82.661)	Prec@5 93.750 (95.111)
Epoch [26] Training Results: Prec@1 82.700 Prec@5 95.040             Loss 0.77857
Epoch [26] Training Class Recall: [0.908,0.647,0.564,0.680,0.764,0.863,0.871,0.847,0.846,0.900]

Epoch: [27][0/40], lr: 0.01000	Loss 0.7796 (0.7796)	Prec@1 81.250 (81.250)	Prec@5 96.094 (96.094)
Epoch: [27][10/40], lr: 0.01000	Loss 0.8124 (0.7690)	Prec@1 82.812 (82.812)	Prec@5 92.969 (94.815)
Epoch: [27][20/40], lr: 0.01000	Loss 0.6226 (0.7542)	Prec@1 85.156 (83.371)	Prec@5 96.875 (95.052)
Epoch: [27][30/40], lr: 0.01000	Loss 0.9068 (0.7822)	Prec@1 82.812 (82.636)	Prec@5 91.406 (94.657)
Epoch [27] Training Results: Prec@1 82.480 Prec@5 94.740             Loss 0.78941
Epoch [27] Training Class Recall: [0.917,0.620,0.560,0.695,0.761,0.843,0.867,0.841,0.848,0.901]

Epoch: [28][0/40], lr: 0.01000	Loss 0.5820 (0.5820)	Prec@1 86.719 (86.719)	Prec@5 98.438 (98.438)
Epoch: [28][10/40], lr: 0.01000	Loss 0.8192 (0.7489)	Prec@1 80.469 (83.736)	Prec@5 96.094 (95.881)
Epoch: [28][20/40], lr: 0.01000	Loss 0.8787 (0.7629)	Prec@1 80.469 (82.961)	Prec@5 90.625 (95.201)
Epoch: [28][30/40], lr: 0.01000	Loss 0.6889 (0.7675)	Prec@1 85.938 (83.014)	Prec@5 96.094 (95.186)
Epoch [28] Training Results: Prec@1 82.820 Prec@5 95.100             Loss 0.77704
Epoch [28] Training Class Recall: [0.915,0.669,0.560,0.702,0.758,0.858,0.858,0.839,0.848,0.900]

Epoch: [29][0/40], lr: 0.01000	Loss 0.7875 (0.7875)	Prec@1 82.031 (82.031)	Prec@5 96.094 (96.094)
Epoch: [29][10/40], lr: 0.01000	Loss 0.7889 (0.8351)	Prec@1 82.812 (80.327)	Prec@5 96.094 (95.384)
Epoch: [29][20/40], lr: 0.01000	Loss 0.6936 (0.8290)	Prec@1 87.500 (80.729)	Prec@5 95.312 (94.792)
Epoch: [29][30/40], lr: 0.01000	Loss 0.9181 (0.8168)	Prec@1 79.688 (81.326)	Prec@5 96.094 (95.010)
Epoch [29] Training Results: Prec@1 82.120 Prec@5 95.080             Loss 0.79404
Epoch [29] Training Class Recall: [0.914,0.635,0.504,0.677,0.729,0.853,0.867,0.845,0.850,0.901]

Epoch: [30][0/40], lr: 0.01000	Loss 1.0262 (1.0262)	Prec@1 75.000 (75.000)	Prec@5 90.625 (90.625)
Epoch: [30][10/40], lr: 0.01000	Loss 0.5313 (0.7884)	Prec@1 89.062 (81.250)	Prec@5 99.219 (95.597)
Epoch: [30][20/40], lr: 0.01000	Loss 0.6848 (0.7518)	Prec@1 84.375 (82.329)	Prec@5 96.875 (95.796)
Epoch: [30][30/40], lr: 0.01000	Loss 0.7755 (0.7370)	Prec@1 82.812 (83.115)	Prec@5 93.750 (95.665)
Epoch [30] Training Results: Prec@1 82.360 Prec@5 95.380             Loss 0.76455
Epoch [30] Training Class Recall: [0.918,0.639,0.547,0.695,0.752,0.858,0.871,0.806,0.848,0.901]

Epoch: [31][0/40], lr: 0.01000	Loss 0.6068 (0.6068)	Prec@1 87.500 (87.500)	Prec@5 94.531 (94.531)
Epoch: [31][10/40], lr: 0.01000	Loss 0.7087 (0.7404)	Prec@1 84.375 (82.741)	Prec@5 99.219 (96.236)
Epoch: [31][20/40], lr: 0.01000	Loss 0.8176 (0.7709)	Prec@1 82.812 (82.738)	Prec@5 95.312 (95.610)
Epoch: [31][30/40], lr: 0.01000	Loss 0.8776 (0.8038)	Prec@1 80.469 (82.107)	Prec@5 92.969 (94.884)
Epoch [31] Training Results: Prec@1 82.500 Prec@5 95.080             Loss 0.78627
Epoch [31] Training Class Recall: [0.913,0.620,0.611,0.697,0.764,0.830,0.864,0.839,0.850,0.901]

Epoch: [32][0/40], lr: 0.01000	Loss 0.8096 (0.8096)	Prec@1 83.594 (83.594)	Prec@5 89.844 (89.844)
Epoch: [32][10/40], lr: 0.01000	Loss 0.5388 (0.7468)	Prec@1 88.281 (83.523)	Prec@5 96.875 (95.526)
Epoch: [32][20/40], lr: 0.01000	Loss 1.0578 (0.7752)	Prec@1 76.562 (82.664)	Prec@5 92.969 (95.015)
Epoch: [32][30/40], lr: 0.01000	Loss 0.5953 (0.7742)	Prec@1 88.281 (82.535)	Prec@5 95.312 (94.960)
Epoch [32] Training Results: Prec@1 83.020 Prec@5 95.200             Loss 0.75709
Epoch [32] Training Class Recall: [0.915,0.658,0.615,0.707,0.758,0.852,0.864,0.837,0.846,0.901]

Epoch: [33][0/40], lr: 0.01000	Loss 0.7606 (0.7606)	Prec@1 81.250 (81.250)	Prec@5 96.094 (96.094)
Epoch: [33][10/40], lr: 0.01000	Loss 0.8152 (0.7936)	Prec@1 79.688 (81.534)	Prec@5 92.188 (95.312)
Epoch: [33][20/40], lr: 0.01000	Loss 0.8825 (0.7882)	Prec@1 79.688 (81.845)	Prec@5 92.969 (95.312)
Epoch: [33][30/40], lr: 0.01000	Loss 0.7231 (0.7783)	Prec@1 84.375 (82.182)	Prec@5 94.531 (95.237)
Epoch [33] Training Results: Prec@1 82.940 Prec@5 95.420             Loss 0.75345
Epoch [33] Training Class Recall: [0.907,0.684,0.603,0.702,0.761,0.843,0.865,0.843,0.852,0.901]

Epoch: [34][0/40], lr: 0.01000	Loss 0.6927 (0.6927)	Prec@1 82.812 (82.812)	Prec@5 96.094 (96.094)
Epoch: [34][10/40], lr: 0.01000	Loss 0.7616 (0.8628)	Prec@1 82.812 (79.545)	Prec@5 95.312 (94.815)
Epoch: [34][20/40], lr: 0.01000	Loss 0.7173 (0.8047)	Prec@1 84.375 (81.324)	Prec@5 95.312 (95.052)
Epoch: [34][30/40], lr: 0.01000	Loss 0.6626 (0.7786)	Prec@1 85.156 (81.930)	Prec@5 97.656 (95.388)
Epoch [34] Training Results: Prec@1 82.380 Prec@5 95.500             Loss 0.76506
Epoch [34] Training Class Recall: [0.914,0.654,0.581,0.655,0.771,0.841,0.862,0.843,0.848,0.900]

Epoch: [35][0/40], lr: 0.01000	Loss 0.6923 (0.6923)	Prec@1 85.156 (85.156)	Prec@5 96.875 (96.875)
Epoch: [35][10/40], lr: 0.01000	Loss 0.7674 (0.6994)	Prec@1 82.031 (83.665)	Prec@5 97.656 (96.449)
Epoch: [35][20/40], lr: 0.01000	Loss 0.6858 (0.7043)	Prec@1 85.156 (83.854)	Prec@5 92.969 (96.094)
Epoch: [35][30/40], lr: 0.01000	Loss 0.6832 (0.6995)	Prec@1 83.594 (84.148)	Prec@5 95.312 (96.119)
Epoch [35] Training Results: Prec@1 83.640 Prec@5 95.860             Loss 0.72047
Epoch [35] Training Class Recall: [0.921,0.658,0.620,0.714,0.780,0.858,0.869,0.845,0.854,0.901]

Epoch: [36][0/40], lr: 0.01000	Loss 0.6520 (0.6520)	Prec@1 86.719 (86.719)	Prec@5 97.656 (97.656)
Epoch: [36][10/40], lr: 0.01000	Loss 0.9929 (0.8077)	Prec@1 78.125 (81.818)	Prec@5 92.969 (95.526)
Epoch: [36][20/40], lr: 0.01000	Loss 0.7789 (0.7771)	Prec@1 84.375 (82.329)	Prec@5 93.750 (95.871)
Epoch: [36][30/40], lr: 0.01000	Loss 0.9371 (0.7722)	Prec@1 80.469 (82.434)	Prec@5 92.188 (95.413)
Epoch [36] Training Results: Prec@1 82.920 Prec@5 95.280             Loss 0.76479
Epoch [36] Training Class Recall: [0.922,0.665,0.573,0.695,0.761,0.855,0.865,0.839,0.846,0.897]

Epoch: [37][0/40], lr: 0.01000	Loss 0.7470 (0.7470)	Prec@1 83.594 (83.594)	Prec@5 97.656 (97.656)
Epoch: [37][10/40], lr: 0.01000	Loss 0.5981 (0.6889)	Prec@1 85.938 (84.446)	Prec@5 97.656 (96.520)
Epoch: [37][20/40], lr: 0.01000	Loss 0.8143 (0.7064)	Prec@1 83.594 (83.966)	Prec@5 94.531 (96.019)
Epoch: [37][30/40], lr: 0.01000	Loss 0.7813 (0.7098)	Prec@1 78.906 (83.896)	Prec@5 95.312 (95.867)
Epoch [37] Training Results: Prec@1 84.100 Prec@5 96.100             Loss 0.70010
Epoch [37] Training Class Recall: [0.928,0.680,0.632,0.734,0.774,0.863,0.869,0.849,0.848,0.901]

Epoch: [38][0/40], lr: 0.01000	Loss 0.5350 (0.5350)	Prec@1 88.281 (88.281)	Prec@5 97.656 (97.656)
Epoch: [38][10/40], lr: 0.01000	Loss 0.5065 (0.8384)	Prec@1 90.625 (79.190)	Prec@5 97.656 (95.526)
Epoch: [38][20/40], lr: 0.01000	Loss 0.8103 (0.8476)	Prec@1 78.906 (78.981)	Prec@5 96.875 (95.164)
Epoch: [38][30/40], lr: 0.01000	Loss 0.7640 (0.8289)	Prec@1 79.688 (79.990)	Prec@5 95.312 (95.111)
Epoch [38] Training Results: Prec@1 80.500 Prec@5 95.020             Loss 0.81266
Epoch [38] Training Class Recall: [0.895,0.586,0.457,0.653,0.742,0.835,0.848,0.835,0.834,0.902]

Epoch: [39][0/40], lr: 0.01000	Loss 0.6704 (0.6704)	Prec@1 83.594 (83.594)	Prec@5 94.531 (94.531)
Epoch: [39][10/40], lr: 0.01000	Loss 1.0326 (0.7845)	Prec@1 75.781 (81.960)	Prec@5 92.188 (94.886)
Epoch: [39][20/40], lr: 0.01000	Loss 0.6029 (0.7634)	Prec@1 86.719 (82.664)	Prec@5 95.312 (95.387)
Epoch: [39][30/40], lr: 0.01000	Loss 0.6705 (0.7574)	Prec@1 84.375 (83.039)	Prec@5 99.219 (95.691)
Epoch [39] Training Results: Prec@1 83.280 Prec@5 95.700             Loss 0.74920
Epoch [39] Training Class Recall: [0.913,0.624,0.637,0.717,0.771,0.866,0.871,0.841,0.844,0.897]

Epoch: [40][0/40], lr: 0.01000	Loss 0.5698 (0.5698)	Prec@1 88.281 (88.281)	Prec@5 96.875 (96.875)
Epoch: [40][10/40], lr: 0.01000	Loss 0.6293 (0.7375)	Prec@1 85.938 (83.381)	Prec@5 98.438 (95.952)
Epoch: [40][20/40], lr: 0.01000	Loss 0.6183 (0.7265)	Prec@1 85.938 (83.557)	Prec@5 97.656 (95.908)
Epoch: [40][30/40], lr: 0.01000	Loss 1.0241 (0.7494)	Prec@1 75.000 (82.636)	Prec@5 93.750 (95.565)
Epoch [40] Training Results: Prec@1 83.240 Prec@5 95.620             Loss 0.73228
Epoch [40] Training Class Recall: [0.918,0.673,0.607,0.712,0.729,0.863,0.867,0.837,0.852,0.904]

Epoch: [41][0/40], lr: 0.01000	Loss 0.4755 (0.4755)	Prec@1 89.844 (89.844)	Prec@5 99.219 (99.219)
Epoch: [41][10/40], lr: 0.01000	Loss 0.8767 (0.7164)	Prec@1 78.906 (83.310)	Prec@5 93.750 (95.597)
Epoch: [41][20/40], lr: 0.01000	Loss 0.7638 (0.7250)	Prec@1 83.594 (83.147)	Prec@5 94.531 (95.982)
Epoch: [41][30/40], lr: 0.01000	Loss 0.6634 (0.7158)	Prec@1 85.938 (83.443)	Prec@5 96.875 (96.069)
Epoch [41] Training Results: Prec@1 83.520 Prec@5 95.880             Loss 0.72143
Epoch [41] Training Class Recall: [0.929,0.684,0.650,0.695,0.790,0.849,0.867,0.822,0.848,0.901]

Epoch: [42][0/40], lr: 0.01000	Loss 0.7476 (0.7476)	Prec@1 83.594 (83.594)	Prec@5 96.094 (96.094)
Epoch: [42][10/40], lr: 0.01000	Loss 0.6171 (0.7392)	Prec@1 85.156 (82.031)	Prec@5 94.531 (95.455)
Epoch: [42][20/40], lr: 0.01000	Loss 0.7969 (0.7493)	Prec@1 79.688 (81.957)	Prec@5 97.656 (95.499)
Epoch: [42][30/40], lr: 0.01000	Loss 0.6756 (0.7268)	Prec@1 85.938 (83.065)	Prec@5 94.531 (95.691)
Epoch [42] Training Results: Prec@1 82.800 Prec@5 95.480             Loss 0.74573
Epoch [42] Training Class Recall: [0.920,0.632,0.607,0.695,0.729,0.846,0.871,0.853,0.848,0.900]

Epoch: [43][0/40], lr: 0.01000	Loss 0.7432 (0.7432)	Prec@1 82.812 (82.812)	Prec@5 96.094 (96.094)
Epoch: [43][10/40], lr: 0.01000	Loss 0.7146 (0.6802)	Prec@1 83.594 (83.949)	Prec@5 96.094 (96.591)
Epoch: [43][20/40], lr: 0.01000	Loss 0.6035 (0.6957)	Prec@1 85.938 (83.668)	Prec@5 97.656 (96.429)
Epoch: [43][30/40], lr: 0.01000	Loss 0.5846 (0.7078)	Prec@1 88.281 (83.644)	Prec@5 97.656 (96.169)
Epoch [43] Training Results: Prec@1 83.820 Prec@5 96.100             Loss 0.70305
Epoch [43] Training Class Recall: [0.918,0.662,0.637,0.732,0.755,0.866,0.871,0.847,0.854,0.902]

Epoch: [44][0/40], lr: 0.01000	Loss 0.7769 (0.7769)	Prec@1 78.906 (78.906)	Prec@5 96.094 (96.094)
Epoch: [44][10/40], lr: 0.01000	Loss 0.7044 (0.6941)	Prec@1 82.812 (83.665)	Prec@5 96.875 (96.094)
Epoch: [44][20/40], lr: 0.01000	Loss 0.7281 (0.7082)	Prec@1 82.812 (83.259)	Prec@5 96.094 (96.280)
Epoch: [44][30/40], lr: 0.01000	Loss 0.5296 (0.6927)	Prec@1 89.844 (84.073)	Prec@5 98.438 (96.321)
Epoch [44] Training Results: Prec@1 83.800 Prec@5 96.220             Loss 0.70502
Epoch [44] Training Class Recall: [0.925,0.665,0.641,0.714,0.755,0.860,0.873,0.849,0.854,0.901]

Epoch: [45][0/40], lr: 0.01000	Loss 0.5673 (0.5673)	Prec@1 89.062 (89.062)	Prec@5 98.438 (98.438)
Epoch: [45][10/40], lr: 0.01000	Loss 0.8620 (0.7695)	Prec@1 80.469 (82.599)	Prec@5 97.656 (96.378)
Epoch: [45][20/40], lr: 0.01000	Loss 0.9035 (0.8037)	Prec@1 79.688 (81.510)	Prec@5 96.875 (95.982)
Epoch: [45][30/40], lr: 0.01000	Loss 0.6565 (0.7698)	Prec@1 85.938 (82.233)	Prec@5 95.312 (96.169)
Epoch [45] Training Results: Prec@1 82.920 Prec@5 96.340             Loss 0.74297
Epoch [45] Training Class Recall: [0.927,0.643,0.620,0.690,0.771,0.844,0.864,0.829,0.848,0.900]

Epoch: [46][0/40], lr: 0.01000	Loss 0.6084 (0.6084)	Prec@1 87.500 (87.500)	Prec@5 98.438 (98.438)
Epoch: [46][10/40], lr: 0.01000	Loss 0.6872 (0.7342)	Prec@1 85.938 (82.884)	Prec@5 97.656 (96.662)
Epoch: [46][20/40], lr: 0.01000	Loss 0.7344 (0.7254)	Prec@1 83.594 (83.333)	Prec@5 94.531 (96.243)
Epoch: [46][30/40], lr: 0.01000	Loss 1.0503 (0.7204)	Prec@1 76.562 (83.468)	Prec@5 90.625 (96.295)
Epoch [46] Training Results: Prec@1 83.360 Prec@5 96.280             Loss 0.72107
Epoch [46] Training Class Recall: [0.927,0.598,0.615,0.712,0.771,0.863,0.862,0.851,0.852,0.902]

Epoch: [47][0/40], lr: 0.01000	Loss 0.5111 (0.5111)	Prec@1 86.719 (86.719)	Prec@5 97.656 (97.656)
Epoch: [47][10/40], lr: 0.01000	Loss 0.5517 (0.7054)	Prec@1 85.156 (82.884)	Prec@5 96.875 (95.810)
Epoch: [47][20/40], lr: 0.01000	Loss 0.8691 (0.7436)	Prec@1 80.469 (82.403)	Prec@5 93.750 (95.610)
Epoch: [47][30/40], lr: 0.01000	Loss 0.7301 (0.7390)	Prec@1 82.031 (82.535)	Prec@5 96.094 (95.741)
Epoch [47] Training Results: Prec@1 83.000 Prec@5 95.980             Loss 0.72622
Epoch [47] Training Class Recall: [0.924,0.673,0.603,0.653,0.761,0.856,0.867,0.841,0.854,0.901]

Epoch: [48][0/40], lr: 0.01000	Loss 0.6637 (0.6637)	Prec@1 85.156 (85.156)	Prec@5 97.656 (97.656)
Epoch: [48][10/40], lr: 0.01000	Loss 0.9039 (0.6714)	Prec@1 75.781 (84.091)	Prec@5 95.312 (96.875)
Epoch: [48][20/40], lr: 0.01000	Loss 0.8356 (0.6927)	Prec@1 78.906 (83.743)	Prec@5 97.656 (96.838)
Epoch: [48][30/40], lr: 0.01000	Loss 0.7547 (0.6792)	Prec@1 82.812 (84.199)	Prec@5 96.875 (96.875)
Epoch [48] Training Results: Prec@1 84.480 Prec@5 96.840             Loss 0.67301
Epoch [48] Training Class Recall: [0.920,0.680,0.684,0.744,0.783,0.875,0.865,0.847,0.852,0.901]

Epoch: [49][0/40], lr: 0.01000	Loss 0.8663 (0.8663)	Prec@1 78.125 (78.125)	Prec@5 97.656 (97.656)
Epoch: [49][10/40], lr: 0.01000	Loss 0.5401 (0.7592)	Prec@1 87.500 (82.315)	Prec@5 98.438 (96.591)
Epoch: [49][20/40], lr: 0.01000	Loss 0.5727 (0.7455)	Prec@1 88.281 (82.961)	Prec@5 97.656 (96.205)
Epoch: [49][30/40], lr: 0.01000	Loss 0.6359 (0.7294)	Prec@1 87.500 (83.518)	Prec@5 97.656 (96.371)
Epoch [49] Training Results: Prec@1 83.900 Prec@5 96.400             Loss 0.71482
Epoch [49] Training Class Recall: [0.923,0.662,0.662,0.719,0.771,0.863,0.869,0.851,0.844,0.901]

Epoch: [50][0/40], lr: 0.01000	Loss 0.7396 (0.7396)	Prec@1 82.031 (82.031)	Prec@5 96.094 (96.094)
Epoch: [50][10/40], lr: 0.01000	Loss 0.6262 (0.6947)	Prec@1 87.500 (84.020)	Prec@5 97.656 (97.017)
Epoch: [50][20/40], lr: 0.01000	Loss 0.7194 (0.6803)	Prec@1 81.250 (84.524)	Prec@5 96.875 (96.838)
Epoch: [50][30/40], lr: 0.01000	Loss 0.6111 (0.6905)	Prec@1 85.938 (84.199)	Prec@5 98.438 (96.749)
Epoch [50] Training Results: Prec@1 83.920 Prec@5 96.580             Loss 0.70318
Epoch [50] Training Class Recall: [0.918,0.658,0.675,0.717,0.771,0.864,0.871,0.851,0.854,0.898]

Epoch: [51][0/40], lr: 0.01000	Loss 0.8117 (0.8117)	Prec@1 82.031 (82.031)	Prec@5 94.531 (94.531)
Epoch: [51][10/40], lr: 0.01000	Loss 0.7330 (0.6803)	Prec@1 83.594 (84.730)	Prec@5 93.750 (95.952)
Epoch: [51][20/40], lr: 0.01000	Loss 0.7543 (0.6958)	Prec@1 81.250 (84.226)	Prec@5 96.094 (96.168)
Epoch: [51][30/40], lr: 0.01000	Loss 0.5969 (0.6844)	Prec@1 86.719 (84.703)	Prec@5 97.656 (96.396)
Epoch [51] Training Results: Prec@1 84.740 Prec@5 96.540             Loss 0.68111
Epoch [51] Training Class Recall: [0.930,0.692,0.697,0.739,0.764,0.875,0.865,0.853,0.856,0.902]

Epoch: [52][0/40], lr: 0.01000	Loss 0.6756 (0.6756)	Prec@1 85.938 (85.938)	Prec@5 98.438 (98.438)
Epoch: [52][10/40], lr: 0.01000	Loss 0.7133 (0.7173)	Prec@1 85.938 (83.239)	Prec@5 96.094 (96.591)
Epoch: [52][20/40], lr: 0.01000	Loss 0.7731 (0.7104)	Prec@1 80.469 (83.371)	Prec@5 96.875 (97.098)
Epoch: [52][30/40], lr: 0.01000	Loss 0.5887 (0.6938)	Prec@1 87.500 (83.770)	Prec@5 96.875 (97.102)
Epoch [52] Training Results: Prec@1 84.200 Prec@5 97.120             Loss 0.68166
Epoch [52] Training Class Recall: [0.924,0.665,0.705,0.697,0.768,0.864,0.871,0.855,0.858,0.904]

Epoch: [53][0/40], lr: 0.01000	Loss 0.6533 (0.6533)	Prec@1 85.156 (85.156)	Prec@5 96.094 (96.094)
Epoch: [53][10/40], lr: 0.01000	Loss 0.7654 (0.6313)	Prec@1 83.594 (85.582)	Prec@5 94.531 (97.017)
Epoch: [53][20/40], lr: 0.01000	Loss 0.6088 (0.6395)	Prec@1 86.719 (85.342)	Prec@5 99.219 (97.061)
Epoch: [53][30/40], lr: 0.01000	Loss 0.6087 (0.6437)	Prec@1 86.719 (84.904)	Prec@5 96.094 (97.051)
Epoch [53] Training Results: Prec@1 84.680 Prec@5 96.860             Loss 0.64846
Epoch [53] Training Class Recall: [0.932,0.684,0.671,0.734,0.796,0.869,0.867,0.849,0.856,0.902]

Epoch: [54][0/40], lr: 0.01000	Loss 0.5138 (0.5138)	Prec@1 87.500 (87.500)	Prec@5 97.656 (97.656)
Epoch: [54][10/40], lr: 0.01000	Loss 0.5218 (0.7173)	Prec@1 88.281 (83.097)	Prec@5 98.438 (96.875)
Epoch: [54][20/40], lr: 0.01000	Loss 0.7077 (0.7172)	Prec@1 83.594 (83.110)	Prec@5 96.094 (96.466)
Epoch: [54][30/40], lr: 0.01000	Loss 0.4830 (0.6858)	Prec@1 89.844 (84.073)	Prec@5 97.656 (96.573)
Epoch [54] Training Results: Prec@1 83.500 Prec@5 96.260             Loss 0.71030
Epoch [54] Training Class Recall: [0.908,0.669,0.620,0.736,0.771,0.861,0.869,0.841,0.850,0.898]

Epoch: [55][0/40], lr: 0.01000	Loss 0.7035 (0.7035)	Prec@1 83.594 (83.594)	Prec@5 95.312 (95.312)
Epoch: [55][10/40], lr: 0.01000	Loss 0.8647 (0.7183)	Prec@1 81.250 (83.168)	Prec@5 95.312 (96.662)
Epoch: [55][20/40], lr: 0.01000	Loss 0.7364 (0.7211)	Prec@1 84.375 (83.668)	Prec@5 96.875 (96.577)
Epoch: [55][30/40], lr: 0.01000	Loss 0.6687 (0.7207)	Prec@1 84.375 (83.569)	Prec@5 98.438 (96.396)
Epoch [55] Training Results: Prec@1 83.940 Prec@5 96.500             Loss 0.70852
Epoch [55] Training Class Recall: [0.924,0.643,0.667,0.700,0.783,0.866,0.873,0.847,0.854,0.904]

Epoch: [56][0/40], lr: 0.01000	Loss 0.6468 (0.6468)	Prec@1 85.156 (85.156)	Prec@5 98.438 (98.438)
Epoch: [56][10/40], lr: 0.01000	Loss 0.8352 (0.7627)	Prec@1 82.031 (81.179)	Prec@5 96.875 (97.230)
Epoch: [56][20/40], lr: 0.01000	Loss 0.8103 (0.7645)	Prec@1 80.469 (81.027)	Prec@5 97.656 (96.577)
Epoch: [56][30/40], lr: 0.01000	Loss 0.7295 (0.7438)	Prec@1 84.375 (82.056)	Prec@5 96.094 (96.346)
Epoch [56] Training Results: Prec@1 82.480 Prec@5 96.260             Loss 0.73628
Epoch [56] Training Class Recall: [0.924,0.643,0.487,0.687,0.755,0.861,0.856,0.847,0.850,0.900]

Epoch: [57][0/40], lr: 0.01000	Loss 0.7478 (0.7478)	Prec@1 84.375 (84.375)	Prec@5 93.750 (93.750)
Epoch: [57][10/40], lr: 0.01000	Loss 0.4523 (0.7472)	Prec@1 89.062 (82.599)	Prec@5 98.438 (95.952)
Epoch: [57][20/40], lr: 0.01000	Loss 0.6522 (0.7278)	Prec@1 82.812 (82.961)	Prec@5 97.656 (96.280)
Epoch: [57][30/40], lr: 0.01000	Loss 0.6177 (0.7248)	Prec@1 85.938 (82.888)	Prec@5 95.312 (96.220)
Epoch [57] Training Results: Prec@1 83.160 Prec@5 96.200             Loss 0.72632
Epoch [57] Training Class Recall: [0.907,0.650,0.637,0.700,0.752,0.849,0.869,0.857,0.858,0.901]

Epoch: [58][0/40], lr: 0.01000	Loss 0.5135 (0.5135)	Prec@1 87.500 (87.500)	Prec@5 98.438 (98.438)
Epoch: [58][10/40], lr: 0.01000	Loss 0.6824 (0.6355)	Prec@1 84.375 (85.014)	Prec@5 97.656 (97.159)
Epoch: [58][20/40], lr: 0.01000	Loss 0.7032 (0.6588)	Prec@1 82.812 (84.263)	Prec@5 96.875 (97.135)
Epoch: [58][30/40], lr: 0.01000	Loss 0.7233 (0.6656)	Prec@1 82.031 (84.274)	Prec@5 97.656 (97.077)
Epoch [58] Training Results: Prec@1 84.380 Prec@5 97.040             Loss 0.66835
Epoch [58] Training Class Recall: [0.918,0.680,0.701,0.739,0.761,0.866,0.873,0.849,0.858,0.901]

Epoch: [59][0/40], lr: 0.01000	Loss 0.5172 (0.5172)	Prec@1 89.844 (89.844)	Prec@5 97.656 (97.656)
Epoch: [59][10/40], lr: 0.01000	Loss 0.6765 (0.6470)	Prec@1 82.812 (84.588)	Prec@5 96.875 (97.514)
Epoch: [59][20/40], lr: 0.01000	Loss 0.7369 (0.6937)	Prec@1 82.812 (83.817)	Prec@5 96.094 (96.429)
Epoch: [59][30/40], lr: 0.01000	Loss 0.6690 (0.6926)	Prec@1 85.156 (83.871)	Prec@5 99.219 (96.396)
Epoch [59] Training Results: Prec@1 84.320 Prec@5 96.480             Loss 0.67827
Epoch [59] Training Class Recall: [0.931,0.695,0.598,0.746,0.764,0.870,0.875,0.847,0.850,0.904]

Epoch: [60][0/40], lr: 0.01000	Loss 0.5241 (0.5241)	Prec@1 87.500 (87.500)	Prec@5 98.438 (98.438)
Epoch: [60][10/40], lr: 0.01000	Loss 0.9664 (0.7702)	Prec@1 77.344 (81.676)	Prec@5 96.875 (97.230)
Epoch: [60][20/40], lr: 0.01000	Loss 0.5370 (0.7310)	Prec@1 86.719 (82.664)	Prec@5 99.219 (96.949)
Epoch: [60][30/40], lr: 0.01000	Loss 0.9144 (0.7236)	Prec@1 78.125 (83.014)	Prec@5 92.969 (96.724)
Epoch [60] Training Results: Prec@1 83.240 Prec@5 96.640             Loss 0.72212
Epoch [60] Training Class Recall: [0.913,0.650,0.620,0.682,0.777,0.863,0.869,0.841,0.854,0.904]

Epoch: [61][0/40], lr: 0.01000	Loss 0.6349 (0.6349)	Prec@1 84.375 (84.375)	Prec@5 96.094 (96.094)
Epoch: [61][10/40], lr: 0.01000	Loss 0.7968 (0.7152)	Prec@1 78.906 (82.812)	Prec@5 97.656 (96.023)
Epoch: [61][20/40], lr: 0.01000	Loss 0.6540 (0.7005)	Prec@1 85.156 (83.408)	Prec@5 97.656 (96.168)
Epoch: [61][30/40], lr: 0.01000	Loss 0.8307 (0.7127)	Prec@1 82.812 (83.342)	Prec@5 96.875 (96.295)
Epoch [61] Training Results: Prec@1 83.340 Prec@5 96.320             Loss 0.71404
Epoch [61] Training Class Recall: [0.920,0.654,0.705,0.697,0.768,0.858,0.875,0.798,0.848,0.904]

Epoch: [62][0/40], lr: 0.01000	Loss 0.4996 (0.4996)	Prec@1 89.062 (89.062)	Prec@5 97.656 (97.656)
Epoch: [62][10/40], lr: 0.01000	Loss 0.5921 (0.6952)	Prec@1 85.938 (83.594)	Prec@5 97.656 (97.017)
Epoch: [62][20/40], lr: 0.01000	Loss 0.5913 (0.6593)	Prec@1 85.938 (84.598)	Prec@5 99.219 (97.061)
Epoch: [62][30/40], lr: 0.01000	Loss 0.5816 (0.6676)	Prec@1 85.156 (84.425)	Prec@5 97.656 (97.001)
Epoch [62] Training Results: Prec@1 84.360 Prec@5 97.020             Loss 0.66800
Epoch [62] Training Class Recall: [0.927,0.662,0.688,0.736,0.783,0.864,0.875,0.837,0.850,0.905]

Epoch: [63][0/40], lr: 0.01000	Loss 0.6274 (0.6274)	Prec@1 84.375 (84.375)	Prec@5 97.656 (97.656)
Epoch: [63][10/40], lr: 0.01000	Loss 0.8485 (0.8073)	Prec@1 81.250 (81.037)	Prec@5 92.969 (96.094)
Epoch: [63][20/40], lr: 0.01000	Loss 0.5766 (0.7946)	Prec@1 85.156 (81.324)	Prec@5 97.656 (95.833)
Epoch: [63][30/40], lr: 0.01000	Loss 0.5643 (0.7744)	Prec@1 85.938 (81.804)	Prec@5 97.656 (95.917)
Epoch [63] Training Results: Prec@1 81.760 Prec@5 95.780             Loss 0.78235
Epoch [63] Training Class Recall: [0.890,0.594,0.547,0.682,0.745,0.856,0.865,0.845,0.846,0.900]

Epoch: [64][0/40], lr: 0.01000	Loss 0.6091 (0.6091)	Prec@1 87.500 (87.500)	Prec@5 96.094 (96.094)
Epoch: [64][10/40], lr: 0.01000	Loss 0.7930 (0.7867)	Prec@1 78.906 (79.972)	Prec@5 95.312 (95.312)
Epoch: [64][20/40], lr: 0.01000	Loss 0.7255 (0.7410)	Prec@1 84.375 (81.585)	Prec@5 94.531 (96.131)
Epoch: [64][30/40], lr: 0.01000	Loss 0.8632 (0.7183)	Prec@1 76.562 (82.535)	Prec@5 95.312 (96.321)
Epoch [64] Training Results: Prec@1 83.000 Prec@5 96.460             Loss 0.70735
Epoch [64] Training Class Recall: [0.909,0.654,0.581,0.697,0.774,0.866,0.867,0.833,0.854,0.901]

Epoch: [65][0/40], lr: 0.01000	Loss 0.5030 (0.5030)	Prec@1 87.500 (87.500)	Prec@5 99.219 (99.219)
Epoch: [65][10/40], lr: 0.01000	Loss 0.7556 (0.7246)	Prec@1 81.250 (82.315)	Prec@5 95.312 (96.591)
Epoch: [65][20/40], lr: 0.01000	Loss 0.7118 (0.7263)	Prec@1 82.031 (82.775)	Prec@5 96.875 (96.503)
Epoch: [65][30/40], lr: 0.01000	Loss 0.7102 (0.6939)	Prec@1 84.375 (83.543)	Prec@5 94.531 (96.623)
Epoch [65] Training Results: Prec@1 84.100 Prec@5 96.600             Loss 0.68250
Epoch [65] Training Class Recall: [0.922,0.605,0.684,0.724,0.793,0.872,0.867,0.857,0.856,0.898]

Epoch: [66][0/40], lr: 0.01000	Loss 0.6333 (0.6333)	Prec@1 85.938 (85.938)	Prec@5 99.219 (99.219)
Epoch: [66][10/40], lr: 0.01000	Loss 0.5936 (0.6591)	Prec@1 86.719 (83.807)	Prec@5 98.438 (97.798)
Epoch: [66][20/40], lr: 0.01000	Loss 0.9752 (0.6757)	Prec@1 78.906 (83.817)	Prec@5 93.750 (97.507)
Epoch: [66][30/40], lr: 0.01000	Loss 0.8900 (0.6727)	Prec@1 78.125 (84.148)	Prec@5 96.094 (97.429)
Epoch [66] Training Results: Prec@1 84.160 Prec@5 97.280             Loss 0.66679
Epoch [66] Training Class Recall: [0.930,0.673,0.688,0.704,0.777,0.858,0.865,0.849,0.860,0.901]

Epoch: [67][0/40], lr: 0.01000	Loss 0.7323 (0.7323)	Prec@1 82.031 (82.031)	Prec@5 96.094 (96.094)
Epoch: [67][10/40], lr: 0.01000	Loss 0.6327 (0.6624)	Prec@1 85.156 (83.594)	Prec@5 96.875 (96.449)
Epoch: [67][20/40], lr: 0.01000	Loss 0.8218 (0.6482)	Prec@1 81.250 (84.226)	Prec@5 95.312 (96.838)
Epoch: [67][30/40], lr: 0.01000	Loss 0.5804 (0.6504)	Prec@1 85.938 (84.425)	Prec@5 97.656 (97.001)
Epoch [67] Training Results: Prec@1 84.680 Prec@5 97.200             Loss 0.63977
Epoch [67] Training Class Recall: [0.928,0.711,0.679,0.754,0.780,0.855,0.875,0.853,0.854,0.897]

Epoch: [68][0/40], lr: 0.01000	Loss 0.6420 (0.6420)	Prec@1 85.156 (85.156)	Prec@5 99.219 (99.219)
Epoch: [68][10/40], lr: 0.01000	Loss 0.6484 (0.6870)	Prec@1 85.938 (83.239)	Prec@5 98.438 (97.727)
Epoch: [68][20/40], lr: 0.01000	Loss 0.7761 (0.6875)	Prec@1 82.812 (83.482)	Prec@5 92.969 (97.321)
Epoch: [68][30/40], lr: 0.01000	Loss 0.6332 (0.6786)	Prec@1 86.719 (83.947)	Prec@5 97.656 (97.329)
Epoch [68] Training Results: Prec@1 84.080 Prec@5 97.120             Loss 0.67719
Epoch [68] Training Class Recall: [0.927,0.673,0.679,0.717,0.796,0.863,0.848,0.853,0.854,0.897]

Epoch: [69][0/40], lr: 0.01000	Loss 0.5134 (0.5134)	Prec@1 87.500 (87.500)	Prec@5 100.000 (100.000)
Epoch: [69][10/40], lr: 0.01000	Loss 0.5213 (0.6833)	Prec@1 87.500 (83.452)	Prec@5 98.438 (97.088)
Epoch: [69][20/40], lr: 0.01000	Loss 0.6037 (0.6957)	Prec@1 88.281 (83.222)	Prec@5 96.875 (96.875)
Epoch: [69][30/40], lr: 0.01000	Loss 0.6440 (0.6894)	Prec@1 85.938 (83.644)	Prec@5 97.656 (96.699)
Epoch [69] Training Results: Prec@1 83.820 Prec@5 96.880             Loss 0.68693
Epoch [69] Training Class Recall: [0.919,0.677,0.645,0.739,0.745,0.861,0.869,0.843,0.848,0.905]

Epoch: [70][0/40], lr: 0.01000	Loss 0.6676 (0.6676)	Prec@1 83.594 (83.594)	Prec@5 97.656 (97.656)
Epoch: [70][10/40], lr: 0.01000	Loss 0.7528 (0.6933)	Prec@1 81.250 (83.239)	Prec@5 96.094 (96.733)
Epoch: [70][20/40], lr: 0.01000	Loss 0.5252 (0.6651)	Prec@1 89.844 (84.077)	Prec@5 96.875 (97.135)
Epoch: [70][30/40], lr: 0.01000	Loss 0.6168 (0.6884)	Prec@1 85.938 (83.644)	Prec@5 96.875 (96.951)
Epoch [70] Training Results: Prec@1 83.920 Prec@5 97.000             Loss 0.68338
Epoch [70] Training Class Recall: [0.921,0.695,0.667,0.722,0.748,0.861,0.869,0.837,0.858,0.901]

Epoch: [71][0/40], lr: 0.01000	Loss 0.7071 (0.7071)	Prec@1 82.812 (82.812)	Prec@5 97.656 (97.656)
Epoch: [71][10/40], lr: 0.01000	Loss 0.5632 (0.6905)	Prec@1 87.500 (83.949)	Prec@5 95.312 (96.662)
Epoch: [71][20/40], lr: 0.01000	Loss 0.6871 (0.6776)	Prec@1 84.375 (83.854)	Prec@5 96.875 (96.875)
Epoch: [71][30/40], lr: 0.01000	Loss 0.7007 (0.6685)	Prec@1 85.938 (84.123)	Prec@5 96.875 (97.051)
Epoch [71] Training Results: Prec@1 84.520 Prec@5 97.180             Loss 0.65712
Epoch [71] Training Class Recall: [0.929,0.673,0.705,0.700,0.793,0.867,0.875,0.847,0.854,0.908]

Epoch: [72][0/40], lr: 0.01000	Loss 0.6317 (0.6317)	Prec@1 84.375 (84.375)	Prec@5 96.094 (96.094)
Epoch: [72][10/40], lr: 0.01000	Loss 0.7608 (0.6375)	Prec@1 81.250 (85.298)	Prec@5 96.875 (97.088)
Epoch: [72][20/40], lr: 0.01000	Loss 0.8612 (0.6535)	Prec@1 78.906 (84.375)	Prec@5 96.875 (97.210)
Epoch: [72][30/40], lr: 0.01000	Loss 0.6315 (0.6587)	Prec@1 86.719 (84.249)	Prec@5 98.438 (97.051)
Epoch [72] Training Results: Prec@1 84.400 Prec@5 97.120             Loss 0.65168
Epoch [72] Training Class Recall: [0.923,0.684,0.701,0.727,0.774,0.875,0.864,0.849,0.850,0.900]

Epoch: [73][0/40], lr: 0.01000	Loss 0.5683 (0.5683)	Prec@1 85.938 (85.938)	Prec@5 97.656 (97.656)
Epoch: [73][10/40], lr: 0.01000	Loss 0.6726 (0.6813)	Prec@1 82.812 (83.239)	Prec@5 98.438 (97.230)
Epoch: [73][20/40], lr: 0.01000	Loss 0.7310 (0.6801)	Prec@1 85.156 (83.482)	Prec@5 96.875 (96.987)
Epoch: [73][30/40], lr: 0.01000	Loss 0.8374 (0.6902)	Prec@1 82.812 (83.417)	Prec@5 94.531 (96.724)
Epoch [73] Training Results: Prec@1 83.420 Prec@5 96.640             Loss 0.69646
Epoch [73] Training Class Recall: [0.909,0.680,0.645,0.722,0.783,0.863,0.873,0.839,0.817,0.902]

Epoch: [74][0/40], lr: 0.01000	Loss 0.5218 (0.5218)	Prec@1 88.281 (88.281)	Prec@5 98.438 (98.438)
Epoch: [74][10/40], lr: 0.01000	Loss 0.7211 (0.7692)	Prec@1 81.250 (80.043)	Prec@5 97.656 (96.449)
Epoch: [74][20/40], lr: 0.01000	Loss 0.6927 (0.7787)	Prec@1 82.031 (80.134)	Prec@5 97.656 (96.429)
Epoch: [74][30/40], lr: 0.01000	Loss 0.8182 (0.7433)	Prec@1 78.906 (81.754)	Prec@5 97.656 (96.598)
Epoch [74] Training Results: Prec@1 82.540 Prec@5 96.820             Loss 0.71931
Epoch [74] Training Class Recall: [0.911,0.643,0.637,0.633,0.717,0.860,0.875,0.847,0.854,0.904]

Epoch: [75][0/40], lr: 0.01000	Loss 0.4520 (0.4520)	Prec@1 89.844 (89.844)	Prec@5 99.219 (99.219)
Epoch: [75][10/40], lr: 0.01000	Loss 0.9139 (0.7372)	Prec@1 78.906 (81.747)	Prec@5 92.969 (96.733)
Epoch: [75][20/40], lr: 0.01000	Loss 0.5567 (0.7232)	Prec@1 89.844 (82.552)	Prec@5 97.656 (96.577)
Epoch: [75][30/40], lr: 0.01000	Loss 0.6533 (0.7133)	Prec@1 86.719 (82.964)	Prec@5 96.875 (96.623)
Epoch [75] Training Results: Prec@1 83.300 Prec@5 96.740             Loss 0.70204
Epoch [75] Training Class Recall: [0.927,0.654,0.607,0.702,0.764,0.863,0.846,0.845,0.854,0.902]

Epoch: [76][0/40], lr: 0.01000	Loss 0.5239 (0.5239)	Prec@1 89.062 (89.062)	Prec@5 96.875 (96.875)
Epoch: [76][10/40], lr: 0.01000	Loss 0.7015 (0.7088)	Prec@1 81.250 (82.315)	Prec@5 99.219 (97.088)
Epoch: [76][20/40], lr: 0.01000	Loss 0.6312 (0.7082)	Prec@1 85.156 (82.403)	Prec@5 98.438 (97.024)
Epoch: [76][30/40], lr: 0.01000	Loss 0.7074 (0.7085)	Prec@1 83.594 (82.737)	Prec@5 98.438 (96.774)
Epoch [76] Training Results: Prec@1 83.100 Prec@5 96.940             Loss 0.70090
Epoch [76] Training Class Recall: [0.918,0.669,0.650,0.702,0.745,0.829,0.860,0.855,0.852,0.904]

Epoch: [77][0/40], lr: 0.01000	Loss 0.5550 (0.5550)	Prec@1 85.938 (85.938)	Prec@5 99.219 (99.219)
Epoch: [77][10/40], lr: 0.01000	Loss 0.7502 (0.7220)	Prec@1 82.812 (82.244)	Prec@5 96.094 (96.662)
Epoch: [77][20/40], lr: 0.01000	Loss 0.8301 (0.7474)	Prec@1 80.469 (81.473)	Prec@5 96.875 (96.317)
Epoch: [77][30/40], lr: 0.01000	Loss 0.5927 (0.7197)	Prec@1 87.500 (82.661)	Prec@5 96.875 (96.522)
Epoch [77] Training Results: Prec@1 83.180 Prec@5 96.720             Loss 0.70319
Epoch [77] Training Class Recall: [0.924,0.654,0.645,0.707,0.761,0.853,0.873,0.800,0.852,0.905]

Epoch: [78][0/40], lr: 0.01000	Loss 0.7853 (0.7853)	Prec@1 82.031 (82.031)	Prec@5 95.312 (95.312)
Epoch: [78][10/40], lr: 0.01000	Loss 0.6915 (0.6785)	Prec@1 82.812 (83.807)	Prec@5 99.219 (97.372)
Epoch: [78][20/40], lr: 0.01000	Loss 0.6332 (0.6746)	Prec@1 83.594 (83.780)	Prec@5 97.656 (97.210)
Epoch: [78][30/40], lr: 0.01000	Loss 0.7610 (0.6684)	Prec@1 82.031 (84.299)	Prec@5 97.656 (97.354)
Epoch [78] Training Results: Prec@1 84.700 Prec@5 97.460             Loss 0.65268
Epoch [78] Training Class Recall: [0.921,0.692,0.705,0.736,0.777,0.869,0.877,0.847,0.858,0.904]

Epoch: [79][0/40], lr: 0.01000	Loss 0.6303 (0.6303)	Prec@1 83.594 (83.594)	Prec@5 98.438 (98.438)
Epoch: [79][10/40], lr: 0.01000	Loss 0.6738 (0.6001)	Prec@1 85.938 (85.369)	Prec@5 96.094 (98.082)
Epoch: [79][20/40], lr: 0.01000	Loss 0.5689 (0.5912)	Prec@1 87.500 (85.826)	Prec@5 96.875 (97.805)
Epoch: [79][30/40], lr: 0.01000	Loss 0.7850 (0.6158)	Prec@1 81.250 (85.484)	Prec@5 97.656 (97.782)
Epoch [79] Training Results: Prec@1 85.420 Prec@5 97.600             Loss 0.62224
Epoch [79] Training Class Recall: [0.930,0.703,0.722,0.756,0.787,0.875,0.875,0.859,0.862,0.902]

Epoch: [80][0/40], lr: 0.01000	Loss 0.5008 (0.5008)	Prec@1 90.625 (90.625)	Prec@5 97.656 (97.656)
Epoch: [80][10/40], lr: 0.01000	Loss 0.4534 (0.6210)	Prec@1 89.062 (85.156)	Prec@5 100.000 (97.585)
Epoch: [80][20/40], lr: 0.01000	Loss 0.7191 (0.6241)	Prec@1 83.594 (85.045)	Prec@5 96.094 (97.247)
Epoch: [80][30/40], lr: 0.01000	Loss 0.6452 (0.6272)	Prec@1 85.938 (84.980)	Prec@5 97.656 (97.404)
Epoch [80] Training Results: Prec@1 84.880 Prec@5 97.580             Loss 0.63259
Epoch [80] Training Class Recall: [0.928,0.699,0.624,0.754,0.787,0.872,0.873,0.860,0.860,0.907]

Epoch: [81][0/40], lr: 0.01000	Loss 0.4991 (0.4991)	Prec@1 88.281 (88.281)	Prec@5 99.219 (99.219)
Epoch: [81][10/40], lr: 0.01000	Loss 0.8890 (0.6934)	Prec@1 75.781 (83.168)	Prec@5 95.312 (96.236)
Epoch: [81][20/40], lr: 0.01000	Loss 0.5498 (0.6821)	Prec@1 86.719 (83.594)	Prec@5 99.219 (96.726)
Epoch: [81][30/40], lr: 0.01000	Loss 0.7789 (0.6704)	Prec@1 78.906 (83.871)	Prec@5 98.438 (96.875)
Epoch [81] Training Results: Prec@1 84.000 Prec@5 97.000             Loss 0.66908
Epoch [81] Training Class Recall: [0.921,0.658,0.658,0.722,0.758,0.872,0.865,0.849,0.856,0.905]

Epoch: [82][0/40], lr: 0.01000	Loss 0.5300 (0.5300)	Prec@1 88.281 (88.281)	Prec@5 96.875 (96.875)
Epoch: [82][10/40], lr: 0.01000	Loss 0.6036 (0.6344)	Prec@1 85.156 (85.014)	Prec@5 99.219 (97.301)
Epoch: [82][20/40], lr: 0.01000	Loss 0.6659 (0.6520)	Prec@1 84.375 (84.412)	Prec@5 94.531 (97.321)
Epoch: [82][30/40], lr: 0.01000	Loss 0.6958 (0.6572)	Prec@1 85.938 (84.249)	Prec@5 97.656 (97.253)
Epoch [82] Training Results: Prec@1 84.480 Prec@5 97.360             Loss 0.64824
Epoch [82] Training Class Recall: [0.921,0.677,0.692,0.732,0.780,0.875,0.862,0.851,0.860,0.901]

Epoch: [83][0/40], lr: 0.01000	Loss 0.7048 (0.7048)	Prec@1 83.594 (83.594)	Prec@5 96.094 (96.094)
Epoch: [83][10/40], lr: 0.01000	Loss 0.5753 (0.6239)	Prec@1 85.938 (85.369)	Prec@5 98.438 (97.585)
Epoch: [83][20/40], lr: 0.01000	Loss 0.4832 (0.6201)	Prec@1 88.281 (85.119)	Prec@5 99.219 (97.879)
Epoch: [83][30/40], lr: 0.01000	Loss 0.6501 (0.6235)	Prec@1 85.156 (84.904)	Prec@5 96.094 (97.883)
Epoch [83] Training Results: Prec@1 85.300 Prec@5 98.040             Loss 0.61175
Epoch [83] Training Class Recall: [0.927,0.658,0.718,0.776,0.793,0.878,0.871,0.847,0.866,0.908]

Epoch: [84][0/40], lr: 0.01000	Loss 0.6619 (0.6619)	Prec@1 83.594 (83.594)	Prec@5 96.094 (96.094)
Epoch: [84][10/40], lr: 0.01000	Loss 0.5565 (0.5855)	Prec@1 89.062 (85.724)	Prec@5 98.438 (97.940)
Epoch: [84][20/40], lr: 0.01000	Loss 0.5144 (0.6002)	Prec@1 87.500 (85.491)	Prec@5 98.438 (97.619)
Epoch: [84][30/40], lr: 0.01000	Loss 0.5370 (0.6062)	Prec@1 89.062 (85.459)	Prec@5 97.656 (97.707)
Epoch [84] Training Results: Prec@1 85.120 Prec@5 97.660             Loss 0.61809
Epoch [84] Training Class Recall: [0.920,0.699,0.722,0.756,0.771,0.884,0.877,0.847,0.856,0.905]

Epoch: [85][0/40], lr: 0.01000	Loss 0.6226 (0.6226)	Prec@1 84.375 (84.375)	Prec@5 100.000 (100.000)
Epoch: [85][10/40], lr: 0.01000	Loss 0.7604 (0.6317)	Prec@1 81.250 (84.091)	Prec@5 98.438 (98.509)
Epoch: [85][20/40], lr: 0.01000	Loss 0.6103 (0.6098)	Prec@1 88.281 (85.491)	Prec@5 99.219 (98.214)
Epoch: [85][30/40], lr: 0.01000	Loss 0.7151 (0.6205)	Prec@1 85.156 (85.207)	Prec@5 97.656 (98.059)
Epoch [85] Training Results: Prec@1 85.100 Prec@5 98.080             Loss 0.62053
Epoch [85] Training Class Recall: [0.915,0.692,0.739,0.736,0.780,0.884,0.860,0.870,0.862,0.905]

Epoch: [86][0/40], lr: 0.01000	Loss 0.5702 (0.5702)	Prec@1 86.719 (86.719)	Prec@5 96.094 (96.094)
Epoch: [86][10/40], lr: 0.01000	Loss 0.4749 (0.5623)	Prec@1 85.938 (86.151)	Prec@5 99.219 (97.798)
Epoch: [86][20/40], lr: 0.01000	Loss 0.4795 (0.5862)	Prec@1 86.719 (85.231)	Prec@5 97.656 (97.731)
Epoch: [86][30/40], lr: 0.01000	Loss 0.5397 (0.5926)	Prec@1 88.281 (85.585)	Prec@5 98.438 (97.858)
Epoch [86] Training Results: Prec@1 85.440 Prec@5 97.880             Loss 0.59404
Epoch [86] Training Class Recall: [0.921,0.680,0.744,0.773,0.799,0.878,0.877,0.855,0.856,0.904]

Epoch: [87][0/40], lr: 0.01000	Loss 0.6734 (0.6734)	Prec@1 82.812 (82.812)	Prec@5 98.438 (98.438)
Epoch: [87][10/40], lr: 0.01000	Loss 0.7128 (0.6855)	Prec@1 82.031 (82.955)	Prec@5 95.312 (97.159)
Epoch: [87][20/40], lr: 0.01000	Loss 0.4675 (0.6306)	Prec@1 87.500 (84.115)	Prec@5 99.219 (97.470)
Epoch: [87][30/40], lr: 0.01000	Loss 0.6777 (0.6442)	Prec@1 83.594 (83.770)	Prec@5 96.875 (97.228)
Epoch [87] Training Results: Prec@1 83.640 Prec@5 97.300             Loss 0.65074
Epoch [87] Training Class Recall: [0.920,0.665,0.598,0.704,0.783,0.858,0.856,0.855,0.864,0.907]

Epoch: [88][0/40], lr: 0.01000	Loss 0.5363 (0.5363)	Prec@1 86.719 (86.719)	Prec@5 98.438 (98.438)
Epoch: [88][10/40], lr: 0.01000	Loss 0.5998 (0.6664)	Prec@1 84.375 (83.239)	Prec@5 99.219 (97.585)
Epoch: [88][20/40], lr: 0.01000	Loss 0.6144 (0.6635)	Prec@1 86.719 (84.077)	Prec@5 97.656 (97.433)
Epoch: [88][30/40], lr: 0.01000	Loss 0.8489 (0.6474)	Prec@1 82.031 (84.602)	Prec@5 97.656 (97.732)
Epoch [88] Training Results: Prec@1 84.840 Prec@5 97.680             Loss 0.63855
Epoch [88] Training Class Recall: [0.933,0.714,0.714,0.729,0.748,0.870,0.871,0.849,0.860,0.904]

Epoch: [89][0/40], lr: 0.01000	Loss 0.5595 (0.5595)	Prec@1 84.375 (84.375)	Prec@5 98.438 (98.438)
Epoch: [89][10/40], lr: 0.01000	Loss 0.7128 (0.6530)	Prec@1 80.469 (83.452)	Prec@5 97.656 (97.798)
Epoch: [89][20/40], lr: 0.01000	Loss 0.6519 (0.6550)	Prec@1 84.375 (83.371)	Prec@5 99.219 (97.879)
Epoch: [89][30/40], lr: 0.01000	Loss 0.5313 (0.6461)	Prec@1 85.938 (83.745)	Prec@5 97.656 (97.807)
Epoch [89] Training Results: Prec@1 84.200 Prec@5 97.640             Loss 0.63809
Epoch [89] Training Class Recall: [0.919,0.669,0.684,0.704,0.771,0.872,0.871,0.857,0.858,0.902]

Epoch: [90][0/40], lr: 0.01000	Loss 0.6276 (0.6276)	Prec@1 82.812 (82.812)	Prec@5 97.656 (97.656)
Epoch: [90][10/40], lr: 0.01000	Loss 0.8154 (0.6968)	Prec@1 79.688 (81.676)	Prec@5 96.094 (97.585)
Epoch: [90][20/40], lr: 0.01000	Loss 0.6839 (0.6910)	Prec@1 84.375 (82.180)	Prec@5 97.656 (97.619)
Epoch: [90][30/40], lr: 0.01000	Loss 0.6529 (0.6782)	Prec@1 85.938 (83.115)	Prec@5 96.094 (97.555)
Epoch [90] Training Results: Prec@1 83.240 Prec@5 97.400             Loss 0.68277
Epoch [90] Training Class Recall: [0.918,0.635,0.624,0.712,0.752,0.864,0.848,0.855,0.852,0.902]

Epoch: [91][0/40], lr: 0.01000	Loss 0.5997 (0.5997)	Prec@1 84.375 (84.375)	Prec@5 98.438 (98.438)
Epoch: [91][10/40], lr: 0.01000	Loss 0.5693 (0.6294)	Prec@1 84.375 (84.517)	Prec@5 98.438 (98.011)
Epoch: [91][20/40], lr: 0.01000	Loss 0.6593 (0.6456)	Prec@1 85.156 (84.449)	Prec@5 95.312 (97.693)
Epoch: [91][30/40], lr: 0.01000	Loss 0.7114 (0.6227)	Prec@1 82.812 (85.207)	Prec@5 95.312 (97.379)
Epoch [91] Training Results: Prec@1 85.180 Prec@5 97.360             Loss 0.62640
Epoch [91] Training Class Recall: [0.935,0.699,0.705,0.768,0.771,0.877,0.862,0.851,0.856,0.904]

Epoch: [92][0/40], lr: 0.01000	Loss 0.5725 (0.5725)	Prec@1 83.594 (83.594)	Prec@5 100.000 (100.000)
Epoch: [92][10/40], lr: 0.01000	Loss 0.5471 (0.5899)	Prec@1 86.719 (85.369)	Prec@5 97.656 (98.580)
Epoch: [92][20/40], lr: 0.01000	Loss 0.5958 (0.5883)	Prec@1 85.938 (85.528)	Prec@5 96.875 (98.214)
Epoch: [92][30/40], lr: 0.01000	Loss 0.7084 (0.5889)	Prec@1 84.375 (85.761)	Prec@5 96.875 (98.009)
Epoch [92] Training Results: Prec@1 85.460 Prec@5 97.940             Loss 0.59928
Epoch [92] Training Class Recall: [0.921,0.714,0.722,0.766,0.787,0.883,0.875,0.849,0.862,0.907]

Epoch: [93][0/40], lr: 0.01000	Loss 0.5818 (0.5818)	Prec@1 85.156 (85.156)	Prec@5 99.219 (99.219)
Epoch: [93][10/40], lr: 0.01000	Loss 0.4927 (0.6019)	Prec@1 87.500 (84.801)	Prec@5 97.656 (98.366)
Epoch: [93][20/40], lr: 0.01000	Loss 0.4666 (0.5933)	Prec@1 89.844 (85.082)	Prec@5 97.656 (98.103)
Epoch: [93][30/40], lr: 0.01000	Loss 0.7019 (0.5973)	Prec@1 81.250 (85.005)	Prec@5 96.094 (98.009)
Epoch [93] Training Results: Prec@1 85.300 Prec@5 97.940             Loss 0.59263
Epoch [93] Training Class Recall: [0.930,0.692,0.722,0.744,0.799,0.875,0.873,0.860,0.856,0.904]

Epoch: [94][0/40], lr: 0.01000	Loss 0.5602 (0.5602)	Prec@1 84.375 (84.375)	Prec@5 98.438 (98.438)
Epoch: [94][10/40], lr: 0.01000	Loss 0.3732 (0.6136)	Prec@1 92.188 (84.588)	Prec@5 99.219 (97.656)
Epoch: [94][20/40], lr: 0.01000	Loss 0.6239 (0.6335)	Prec@1 84.375 (84.003)	Prec@5 99.219 (97.731)
Epoch: [94][30/40], lr: 0.01000	Loss 0.5013 (0.6319)	Prec@1 87.500 (84.350)	Prec@5 100.000 (97.581)
Epoch [94] Training Results: Prec@1 84.820 Prec@5 97.660             Loss 0.62065
Epoch [94] Training Class Recall: [0.919,0.688,0.701,0.756,0.768,0.869,0.865,0.859,0.866,0.905]

Epoch: [95][0/40], lr: 0.01000	Loss 0.6032 (0.6032)	Prec@1 86.719 (86.719)	Prec@5 96.875 (96.875)
Epoch: [95][10/40], lr: 0.01000	Loss 0.7171 (0.6300)	Prec@1 81.250 (83.452)	Prec@5 95.312 (97.585)
Epoch: [95][20/40], lr: 0.01000	Loss 0.4651 (0.6205)	Prec@1 89.844 (84.375)	Prec@5 98.438 (97.693)
Epoch: [95][30/40], lr: 0.01000	Loss 0.6433 (0.6208)	Prec@1 85.938 (84.577)	Prec@5 96.875 (97.656)
Epoch [95] Training Results: Prec@1 84.840 Prec@5 97.820             Loss 0.61289
Epoch [95] Training Class Recall: [0.924,0.695,0.722,0.732,0.780,0.878,0.867,0.855,0.862,0.894]

Epoch: [96][0/40], lr: 0.01000	Loss 0.5287 (0.5287)	Prec@1 85.938 (85.938)	Prec@5 98.438 (98.438)
Epoch: [96][10/40], lr: 0.01000	Loss 0.7623 (0.6182)	Prec@1 80.469 (84.233)	Prec@5 97.656 (98.153)
Epoch: [96][20/40], lr: 0.01000	Loss 0.6377 (0.6092)	Prec@1 85.938 (84.598)	Prec@5 96.875 (98.065)
Epoch: [96][30/40], lr: 0.01000	Loss 0.6854 (0.6032)	Prec@1 82.031 (85.081)	Prec@5 97.656 (97.833)
Epoch [96] Training Results: Prec@1 85.260 Prec@5 97.900             Loss 0.60117
Epoch [96] Training Class Recall: [0.923,0.711,0.718,0.744,0.783,0.875,0.879,0.859,0.858,0.907]

Epoch: [97][0/40], lr: 0.01000	Loss 0.6431 (0.6431)	Prec@1 82.812 (82.812)	Prec@5 96.094 (96.094)
Epoch: [97][10/40], lr: 0.01000	Loss 0.5971 (0.6087)	Prec@1 85.156 (84.233)	Prec@5 98.438 (98.082)
Epoch: [97][20/40], lr: 0.01000	Loss 0.6836 (0.6026)	Prec@1 83.594 (84.449)	Prec@5 97.656 (98.214)
Epoch: [97][30/40], lr: 0.01000	Loss 0.6423 (0.5985)	Prec@1 84.375 (84.829)	Prec@5 97.656 (98.185)
Epoch [97] Training Results: Prec@1 85.040 Prec@5 98.180             Loss 0.59583
Epoch [97] Training Class Recall: [0.924,0.711,0.679,0.754,0.774,0.884,0.871,0.859,0.850,0.904]

Epoch: [98][0/40], lr: 0.01000	Loss 0.4864 (0.4864)	Prec@1 85.938 (85.938)	Prec@5 100.000 (100.000)
Epoch: [98][10/40], lr: 0.01000	Loss 0.7099 (0.6185)	Prec@1 80.469 (84.162)	Prec@5 99.219 (98.224)
Epoch: [98][20/40], lr: 0.01000	Loss 0.5212 (0.5893)	Prec@1 88.281 (85.454)	Prec@5 100.000 (98.214)
Epoch: [98][30/40], lr: 0.01000	Loss 0.6624 (0.5893)	Prec@1 85.156 (85.585)	Prec@5 96.875 (98.337)
Epoch [98] Training Results: Prec@1 85.460 Prec@5 98.200             Loss 0.59266
Epoch [98] Training Class Recall: [0.919,0.684,0.744,0.766,0.783,0.878,0.879,0.860,0.864,0.907]

Epoch: [99][0/40], lr: 0.01000	Loss 0.6024 (0.6024)	Prec@1 83.594 (83.594)	Prec@5 99.219 (99.219)
Epoch: [99][10/40], lr: 0.01000	Loss 0.5275 (0.5236)	Prec@1 86.719 (86.080)	Prec@5 98.438 (98.793)
Epoch: [99][20/40], lr: 0.01000	Loss 0.6717 (0.5563)	Prec@1 82.812 (85.640)	Prec@5 96.094 (98.438)
Epoch: [99][30/40], lr: 0.01000	Loss 0.6378 (0.5641)	Prec@1 84.375 (85.988)	Prec@5 99.219 (98.387)
Epoch [99] Training Results: Prec@1 85.700 Prec@5 98.340             Loss 0.57533
Epoch [99] Training Class Recall: [0.925,0.695,0.739,0.759,0.799,0.880,0.877,0.866,0.862,0.907]

Epoch: [100][0/40], lr: 0.01000	Loss 0.5192 (0.5192)	Prec@1 85.156 (85.156)	Prec@5 100.000 (100.000)
Epoch: [100][10/40], lr: 0.01000	Loss 0.5774 (0.6000)	Prec@1 85.156 (85.085)	Prec@5 97.656 (97.727)
Epoch: [100][20/40], lr: 0.01000	Loss 0.5769 (0.6033)	Prec@1 85.938 (84.859)	Prec@5 98.438 (97.917)
Epoch: [100][30/40], lr: 0.01000	Loss 0.4646 (0.6004)	Prec@1 89.062 (85.055)	Prec@5 99.219 (98.009)
Epoch [100] Training Results: Prec@1 85.400 Prec@5 98.080             Loss 0.59193
Epoch [100] Training Class Recall: [0.923,0.699,0.731,0.766,0.790,0.877,0.875,0.857,0.860,0.902]

Epoch: [101][0/40], lr: 0.01000	Loss 0.5642 (0.5642)	Prec@1 87.500 (87.500)	Prec@5 96.094 (96.094)
Epoch: [101][10/40], lr: 0.01000	Loss 0.7031 (0.6367)	Prec@1 81.250 (84.304)	Prec@5 96.875 (97.798)
Epoch: [101][20/40], lr: 0.01000	Loss 0.5017 (0.5997)	Prec@1 88.281 (85.193)	Prec@5 99.219 (98.065)
Epoch: [101][30/40], lr: 0.01000	Loss 0.7409 (0.5889)	Prec@1 81.250 (85.383)	Prec@5 98.438 (98.185)
Epoch [101] Training Results: Prec@1 85.420 Prec@5 98.160             Loss 0.59337
Epoch [101] Training Class Recall: [0.925,0.707,0.722,0.751,0.787,0.870,0.871,0.866,0.870,0.905]

Epoch: [102][0/40], lr: 0.01000	Loss 0.5577 (0.5577)	Prec@1 86.719 (86.719)	Prec@5 97.656 (97.656)
Epoch: [102][10/40], lr: 0.01000	Loss 0.5388 (0.6567)	Prec@1 85.156 (83.523)	Prec@5 99.219 (97.727)
Epoch: [102][20/40], lr: 0.01000	Loss 0.7211 (0.6520)	Prec@1 84.375 (83.780)	Prec@5 98.438 (97.693)
Epoch: [102][30/40], lr: 0.01000	Loss 0.5702 (0.6393)	Prec@1 87.500 (84.274)	Prec@5 97.656 (97.681)
Epoch [102] Training Results: Prec@1 84.500 Prec@5 97.740             Loss 0.63146
Epoch [102] Training Class Recall: [0.917,0.658,0.701,0.741,0.790,0.875,0.881,0.831,0.850,0.910]

Epoch: [103][0/40], lr: 0.01000	Loss 0.4278 (0.4278)	Prec@1 91.406 (91.406)	Prec@5 99.219 (99.219)
Epoch: [103][10/40], lr: 0.01000	Loss 0.9167 (0.7075)	Prec@1 77.344 (82.528)	Prec@5 97.656 (97.159)
Epoch: [103][20/40], lr: 0.01000	Loss 0.7919 (0.7333)	Prec@1 79.688 (82.143)	Prec@5 96.094 (96.689)
Epoch: [103][30/40], lr: 0.01000	Loss 0.5896 (0.7244)	Prec@1 86.719 (82.636)	Prec@5 97.656 (96.421)
Epoch [103] Training Results: Prec@1 83.080 Prec@5 96.760             Loss 0.70555
Epoch [103] Training Class Recall: [0.910,0.639,0.650,0.736,0.723,0.853,0.852,0.849,0.852,0.901]

Epoch: [104][0/40], lr: 0.01000	Loss 0.5395 (0.5395)	Prec@1 89.062 (89.062)	Prec@5 97.656 (97.656)
Epoch: [104][10/40], lr: 0.01000	Loss 0.5483 (0.6172)	Prec@1 85.938 (83.949)	Prec@5 98.438 (98.366)
Epoch: [104][20/40], lr: 0.01000	Loss 0.6517 (0.6359)	Prec@1 82.812 (84.263)	Prec@5 97.656 (97.693)
Epoch: [104][30/40], lr: 0.01000	Loss 0.6156 (0.6372)	Prec@1 84.375 (84.123)	Prec@5 99.219 (97.782)
Epoch [104] Training Results: Prec@1 84.560 Prec@5 97.720             Loss 0.62928
Epoch [104] Training Class Recall: [0.930,0.684,0.697,0.719,0.777,0.872,0.862,0.853,0.858,0.902]

Epoch: [105][0/40], lr: 0.01000	Loss 0.6616 (0.6616)	Prec@1 81.250 (81.250)	Prec@5 96.875 (96.875)
Epoch: [105][10/40], lr: 0.01000	Loss 0.4606 (0.6414)	Prec@1 89.844 (83.594)	Prec@5 98.438 (97.940)
Epoch: [105][20/40], lr: 0.01000	Loss 0.6645 (0.6275)	Prec@1 85.156 (84.263)	Prec@5 98.438 (97.805)
Epoch: [105][30/40], lr: 0.01000	Loss 0.8639 (0.6252)	Prec@1 76.562 (84.249)	Prec@5 96.875 (97.933)
Epoch [105] Training Results: Prec@1 84.540 Prec@5 97.780             Loss 0.62497
Epoch [105] Training Class Recall: [0.923,0.692,0.675,0.749,0.783,0.872,0.873,0.862,0.826,0.901]

Epoch: [106][0/40], lr: 0.01000	Loss 0.5031 (0.5031)	Prec@1 86.719 (86.719)	Prec@5 100.000 (100.000)
Epoch: [106][10/40], lr: 0.01000	Loss 0.5339 (0.6674)	Prec@1 86.719 (82.955)	Prec@5 98.438 (97.940)
Epoch: [106][20/40], lr: 0.01000	Loss 0.4696 (0.6675)	Prec@1 90.625 (83.705)	Prec@5 99.219 (97.545)
Epoch: [106][30/40], lr: 0.01000	Loss 0.6142 (0.6562)	Prec@1 82.812 (84.173)	Prec@5 97.656 (97.530)
Epoch [106] Training Results: Prec@1 84.240 Prec@5 97.660             Loss 0.64636
Epoch [106] Training Class Recall: [0.922,0.654,0.679,0.746,0.764,0.867,0.873,0.864,0.850,0.890]

Epoch: [107][0/40], lr: 0.01000	Loss 0.4840 (0.4840)	Prec@1 87.500 (87.500)	Prec@5 99.219 (99.219)
Epoch: [107][10/40], lr: 0.01000	Loss 0.7589 (0.8414)	Prec@1 80.469 (78.409)	Prec@5 96.094 (95.099)
Epoch: [107][20/40], lr: 0.01000	Loss 0.5754 (0.7711)	Prec@1 88.281 (80.580)	Prec@5 96.875 (95.722)
Epoch: [107][30/40], lr: 0.01000	Loss 0.3925 (0.7285)	Prec@1 91.406 (82.056)	Prec@5 100.000 (96.371)
Epoch [107] Training Results: Prec@1 82.420 Prec@5 96.660             Loss 0.70944
Epoch [107] Training Class Recall: [0.909,0.647,0.603,0.707,0.653,0.861,0.846,0.855,0.858,0.905]

Epoch: [108][0/40], lr: 0.01000	Loss 0.4918 (0.4918)	Prec@1 92.188 (92.188)	Prec@5 98.438 (98.438)
Epoch: [108][10/40], lr: 0.01000	Loss 0.5502 (0.6786)	Prec@1 87.500 (82.812)	Prec@5 96.094 (97.727)
Epoch: [108][20/40], lr: 0.01000	Loss 0.6453 (0.7013)	Prec@1 85.938 (83.036)	Prec@5 98.438 (97.321)
Epoch: [108][30/40], lr: 0.01000	Loss 0.6032 (0.6888)	Prec@1 85.938 (83.367)	Prec@5 97.656 (97.455)
Epoch [108] Training Results: Prec@1 84.260 Prec@5 97.600             Loss 0.65701
Epoch [108] Training Class Recall: [0.925,0.647,0.692,0.732,0.768,0.873,0.881,0.831,0.864,0.895]

Epoch: [109][0/40], lr: 0.01000	Loss 0.5610 (0.5610)	Prec@1 86.719 (86.719)	Prec@5 97.656 (97.656)
Epoch: [109][10/40], lr: 0.01000	Loss 0.5720 (0.6129)	Prec@1 85.938 (85.085)	Prec@5 99.219 (97.443)
Epoch: [109][20/40], lr: 0.01000	Loss 0.5554 (0.6258)	Prec@1 87.500 (84.524)	Prec@5 99.219 (97.321)
Epoch: [109][30/40], lr: 0.01000	Loss 0.3726 (0.6092)	Prec@1 91.406 (84.879)	Prec@5 98.438 (97.606)
Epoch [109] Training Results: Prec@1 85.200 Prec@5 97.800             Loss 0.60203
Epoch [109] Training Class Recall: [0.915,0.726,0.744,0.754,0.787,0.867,0.879,0.862,0.844,0.905]

Epoch: [110][0/40], lr: 0.01000	Loss 0.4934 (0.4934)	Prec@1 89.844 (89.844)	Prec@5 97.656 (97.656)
Epoch: [110][10/40], lr: 0.01000	Loss 0.6442 (0.5239)	Prec@1 82.812 (87.287)	Prec@5 100.000 (98.438)
Epoch: [110][20/40], lr: 0.01000	Loss 0.6033 (0.5711)	Prec@1 85.938 (86.161)	Prec@5 96.094 (98.177)
Epoch: [110][30/40], lr: 0.01000	Loss 0.6919 (0.5745)	Prec@1 83.594 (85.610)	Prec@5 97.656 (98.261)
Epoch [110] Training Results: Prec@1 85.340 Prec@5 98.100             Loss 0.58475
Epoch [110] Training Class Recall: [0.921,0.688,0.744,0.749,0.799,0.867,0.883,0.862,0.856,0.908]

Epoch: [111][0/40], lr: 0.01000	Loss 0.4704 (0.4704)	Prec@1 88.281 (88.281)	Prec@5 98.438 (98.438)
Epoch: [111][10/40], lr: 0.01000	Loss 0.5905 (0.5602)	Prec@1 86.719 (85.582)	Prec@5 98.438 (97.940)
Epoch: [111][20/40], lr: 0.01000	Loss 0.5844 (0.5618)	Prec@1 85.156 (85.751)	Prec@5 97.656 (98.065)
Epoch: [111][30/40], lr: 0.01000	Loss 0.6974 (0.5713)	Prec@1 83.594 (85.660)	Prec@5 96.875 (98.009)
Epoch [111] Training Results: Prec@1 85.180 Prec@5 97.940             Loss 0.58951
Epoch [111] Training Class Recall: [0.910,0.692,0.739,0.756,0.787,0.873,0.885,0.862,0.862,0.901]

Epoch: [112][0/40], lr: 0.01000	Loss 0.4861 (0.4861)	Prec@1 88.281 (88.281)	Prec@5 98.438 (98.438)
Epoch: [112][10/40], lr: 0.01000	Loss 0.5191 (0.6127)	Prec@1 88.281 (84.517)	Prec@5 97.656 (98.153)
Epoch: [112][20/40], lr: 0.01000	Loss 0.4726 (0.6412)	Prec@1 88.281 (83.780)	Prec@5 98.438 (97.991)
Epoch: [112][30/40], lr: 0.01000	Loss 0.5345 (0.6383)	Prec@1 89.844 (84.022)	Prec@5 96.875 (97.782)
Epoch [112] Training Results: Prec@1 84.380 Prec@5 97.740             Loss 0.62939
Epoch [112] Training Class Recall: [0.918,0.665,0.688,0.736,0.777,0.880,0.860,0.855,0.852,0.902]

Epoch: [113][0/40], lr: 0.01000	Loss 0.7770 (0.7770)	Prec@1 82.031 (82.031)	Prec@5 96.094 (96.094)
Epoch: [113][10/40], lr: 0.01000	Loss 0.6902 (0.6240)	Prec@1 81.250 (84.517)	Prec@5 96.875 (97.656)
Epoch: [113][20/40], lr: 0.01000	Loss 0.6769 (0.6101)	Prec@1 82.031 (84.933)	Prec@5 96.875 (97.507)
Epoch: [113][30/40], lr: 0.01000	Loss 0.5490 (0.5999)	Prec@1 88.281 (85.358)	Prec@5 99.219 (97.656)
Epoch [113] Training Results: Prec@1 85.380 Prec@5 97.760             Loss 0.59549
Epoch [113] Training Class Recall: [0.917,0.673,0.748,0.756,0.787,0.886,0.877,0.860,0.862,0.907]

Epoch: [114][0/40], lr: 0.01000	Loss 0.7233 (0.7233)	Prec@1 79.688 (79.688)	Prec@5 98.438 (98.438)
Epoch: [114][10/40], lr: 0.01000	Loss 0.5652 (0.6451)	Prec@1 86.719 (83.168)	Prec@5 98.438 (97.940)
Epoch: [114][20/40], lr: 0.01000	Loss 0.6460 (0.6562)	Prec@1 86.719 (83.333)	Prec@5 96.094 (97.433)
Epoch: [114][30/40], lr: 0.01000	Loss 0.5892 (0.6516)	Prec@1 85.156 (83.795)	Prec@5 99.219 (97.404)
Epoch [114] Training Results: Prec@1 83.940 Prec@5 97.380             Loss 0.65043
Epoch [114] Training Class Recall: [0.915,0.684,0.705,0.670,0.783,0.869,0.860,0.845,0.856,0.911]

Epoch: [115][0/40], lr: 0.01000	Loss 0.4955 (0.4955)	Prec@1 89.062 (89.062)	Prec@5 96.875 (96.875)
Epoch: [115][10/40], lr: 0.01000	Loss 0.4902 (0.5397)	Prec@1 89.062 (86.719)	Prec@5 98.438 (98.509)
Epoch: [115][20/40], lr: 0.01000	Loss 0.6188 (0.5530)	Prec@1 84.375 (86.310)	Prec@5 98.438 (98.400)
Epoch: [115][30/40], lr: 0.01000	Loss 0.6836 (0.5725)	Prec@1 81.250 (85.711)	Prec@5 97.656 (98.387)
Epoch [115] Training Results: Prec@1 85.400 Prec@5 98.240             Loss 0.57822
Epoch [115] Training Class Recall: [0.923,0.680,0.722,0.764,0.793,0.878,0.871,0.864,0.860,0.908]

Epoch: [116][0/40], lr: 0.01000	Loss 0.5886 (0.5886)	Prec@1 84.375 (84.375)	Prec@5 98.438 (98.438)
Epoch: [116][10/40], lr: 0.01000	Loss 0.4662 (0.5891)	Prec@1 89.062 (85.369)	Prec@5 97.656 (97.869)
Epoch: [116][20/40], lr: 0.01000	Loss 0.4684 (0.6019)	Prec@1 90.625 (85.193)	Prec@5 98.438 (97.805)
Epoch: [116][30/40], lr: 0.01000	Loss 0.6489 (0.6133)	Prec@1 82.812 (84.854)	Prec@5 99.219 (97.959)
Epoch [116] Training Results: Prec@1 85.200 Prec@5 98.120             Loss 0.60144
Epoch [116] Training Class Recall: [0.905,0.718,0.744,0.756,0.783,0.878,0.867,0.862,0.868,0.902]

Epoch: [117][0/40], lr: 0.01000	Loss 0.4231 (0.4231)	Prec@1 89.844 (89.844)	Prec@5 100.000 (100.000)
Epoch: [117][10/40], lr: 0.01000	Loss 0.5885 (0.5643)	Prec@1 83.594 (86.293)	Prec@5 99.219 (98.295)
Epoch: [117][20/40], lr: 0.01000	Loss 0.4451 (0.5514)	Prec@1 89.062 (86.310)	Prec@5 98.438 (98.624)
Epoch: [117][30/40], lr: 0.01000	Loss 0.5775 (0.5673)	Prec@1 85.938 (85.963)	Prec@5 99.219 (98.538)
Epoch [117] Training Results: Prec@1 86.080 Prec@5 98.460             Loss 0.56617
Epoch [117] Training Class Recall: [0.927,0.711,0.752,0.759,0.806,0.897,0.883,0.866,0.860,0.901]

Epoch: [118][0/40], lr: 0.01000	Loss 0.5077 (0.5077)	Prec@1 85.938 (85.938)	Prec@5 98.438 (98.438)
Epoch: [118][10/40], lr: 0.01000	Loss 0.4110 (0.5381)	Prec@1 90.625 (86.222)	Prec@5 100.000 (98.153)
Epoch: [118][20/40], lr: 0.01000	Loss 0.4262 (0.5445)	Prec@1 91.406 (86.235)	Prec@5 98.438 (98.475)
Epoch: [118][30/40], lr: 0.01000	Loss 0.6286 (0.5623)	Prec@1 82.812 (85.559)	Prec@5 98.438 (98.538)
Epoch [118] Training Results: Prec@1 85.700 Prec@5 98.620             Loss 0.55774
Epoch [118] Training Class Recall: [0.921,0.714,0.735,0.766,0.803,0.883,0.881,0.851,0.860,0.908]

Epoch: [119][0/40], lr: 0.01000	Loss 0.5730 (0.5730)	Prec@1 85.938 (85.938)	Prec@5 99.219 (99.219)
Epoch: [119][10/40], lr: 0.01000	Loss 0.4791 (0.5879)	Prec@1 89.062 (84.517)	Prec@5 98.438 (98.295)
Epoch: [119][20/40], lr: 0.01000	Loss 0.6525 (0.6088)	Prec@1 85.156 (84.301)	Prec@5 97.656 (98.065)
Epoch: [119][30/40], lr: 0.01000	Loss 0.3874 (0.5880)	Prec@1 89.844 (85.156)	Prec@5 99.219 (98.261)
Epoch [119] Training Results: Prec@1 85.240 Prec@5 98.220             Loss 0.58467
Epoch [119] Training Class Recall: [0.914,0.688,0.718,0.754,0.796,0.877,0.881,0.864,0.862,0.904]

Epoch: [120][0/40], lr: 0.01000	Loss 0.4863 (0.4863)	Prec@1 85.938 (85.938)	Prec@5 99.219 (99.219)
Epoch: [120][10/40], lr: 0.01000	Loss 0.7273 (0.5968)	Prec@1 79.688 (84.517)	Prec@5 97.656 (98.366)
Epoch: [120][20/40], lr: 0.01000	Loss 0.6527 (0.5792)	Prec@1 83.594 (85.565)	Prec@5 97.656 (98.251)
Epoch: [120][30/40], lr: 0.01000	Loss 0.5643 (0.5907)	Prec@1 86.719 (85.459)	Prec@5 99.219 (98.311)
Epoch [120] Training Results: Prec@1 85.560 Prec@5 98.240             Loss 0.58366
Epoch [120] Training Class Recall: [0.923,0.699,0.748,0.744,0.783,0.886,0.879,0.864,0.858,0.908]

Epoch: [121][0/40], lr: 0.01000	Loss 0.4437 (0.4437)	Prec@1 89.062 (89.062)	Prec@5 100.000 (100.000)
Epoch: [121][10/40], lr: 0.01000	Loss 0.5581 (0.5245)	Prec@1 85.938 (86.790)	Prec@5 96.875 (98.722)
Epoch: [121][20/40], lr: 0.01000	Loss 0.5970 (0.5447)	Prec@1 83.594 (86.161)	Prec@5 99.219 (98.512)
Epoch: [121][30/40], lr: 0.01000	Loss 0.5475 (0.5507)	Prec@1 87.500 (86.240)	Prec@5 98.438 (98.412)
Epoch [121] Training Results: Prec@1 85.700 Prec@5 98.320             Loss 0.56887
Epoch [121] Training Class Recall: [0.921,0.692,0.752,0.771,0.806,0.884,0.879,0.859,0.856,0.904]

Epoch: [122][0/40], lr: 0.01000	Loss 0.3788 (0.3788)	Prec@1 92.188 (92.188)	Prec@5 99.219 (99.219)
Epoch: [122][10/40], lr: 0.01000	Loss 0.6234 (0.6868)	Prec@1 85.156 (82.173)	Prec@5 99.219 (97.798)
Epoch: [122][20/40], lr: 0.01000	Loss 0.5102 (0.6404)	Prec@1 89.062 (83.557)	Prec@5 98.438 (97.805)
Epoch: [122][30/40], lr: 0.01000	Loss 0.7507 (0.6264)	Prec@1 82.031 (84.173)	Prec@5 96.094 (97.908)
Epoch [122] Training Results: Prec@1 84.520 Prec@5 97.960             Loss 0.61599
Epoch [122] Training Class Recall: [0.904,0.669,0.718,0.732,0.777,0.880,0.881,0.857,0.854,0.902]

Epoch: [123][0/40], lr: 0.01000	Loss 0.5707 (0.5707)	Prec@1 82.812 (82.812)	Prec@5 97.656 (97.656)
Epoch: [123][10/40], lr: 0.01000	Loss 0.5589 (0.5772)	Prec@1 85.156 (84.091)	Prec@5 99.219 (98.864)
Epoch: [123][20/40], lr: 0.01000	Loss 0.5161 (0.5740)	Prec@1 85.938 (85.045)	Prec@5 97.656 (98.512)
Epoch: [123][30/40], lr: 0.01000	Loss 0.6009 (0.5965)	Prec@1 85.156 (84.577)	Prec@5 99.219 (98.337)
Epoch [123] Training Results: Prec@1 84.820 Prec@5 98.140             Loss 0.59712
Epoch [123] Training Class Recall: [0.911,0.684,0.679,0.732,0.806,0.878,0.881,0.864,0.858,0.902]

Epoch: [124][0/40], lr: 0.01000	Loss 0.5006 (0.5006)	Prec@1 86.719 (86.719)	Prec@5 99.219 (99.219)
Epoch: [124][10/40], lr: 0.01000	Loss 0.6676 (0.7893)	Prec@1 84.375 (78.977)	Prec@5 97.656 (96.946)
Epoch: [124][20/40], lr: 0.01000	Loss 0.5871 (0.7409)	Prec@1 87.500 (80.804)	Prec@5 98.438 (96.912)
Epoch: [124][30/40], lr: 0.01000	Loss 0.6619 (0.7037)	Prec@1 80.469 (81.905)	Prec@5 96.094 (97.203)
Epoch [124] Training Results: Prec@1 82.340 Prec@5 97.160             Loss 0.69815
Epoch [124] Training Class Recall: [0.874,0.639,0.667,0.685,0.723,0.863,0.860,0.853,0.854,0.900]

Epoch: [125][0/40], lr: 0.01000	Loss 0.7140 (0.7140)	Prec@1 83.594 (83.594)	Prec@5 98.438 (98.438)
Epoch: [125][10/40], lr: 0.01000	Loss 0.3853 (0.5849)	Prec@1 91.406 (84.801)	Prec@5 100.000 (98.722)
Epoch: [125][20/40], lr: 0.01000	Loss 0.6562 (0.5945)	Prec@1 84.375 (85.082)	Prec@5 97.656 (98.289)
Epoch: [125][30/40], lr: 0.01000	Loss 0.6854 (0.6042)	Prec@1 85.156 (85.055)	Prec@5 95.312 (98.110)
Epoch [125] Training Results: Prec@1 85.100 Prec@5 98.220             Loss 0.59982
Epoch [125] Training Class Recall: [0.925,0.680,0.731,0.729,0.783,0.880,0.873,0.862,0.858,0.905]

Epoch: [126][0/40], lr: 0.01000	Loss 0.5468 (0.5468)	Prec@1 82.812 (82.812)	Prec@5 99.219 (99.219)
Epoch: [126][10/40], lr: 0.01000	Loss 0.6690 (0.6287)	Prec@1 83.594 (83.452)	Prec@5 99.219 (98.793)
Epoch: [126][20/40], lr: 0.01000	Loss 0.5173 (0.6084)	Prec@1 85.938 (84.115)	Prec@5 99.219 (98.624)
Epoch: [126][30/40], lr: 0.01000	Loss 0.5507 (0.6031)	Prec@1 87.500 (84.325)	Prec@5 97.656 (98.438)
Epoch [126] Training Results: Prec@1 84.800 Prec@5 98.280             Loss 0.59177
Epoch [126] Training Class Recall: [0.912,0.677,0.688,0.746,0.783,0.875,0.885,0.859,0.854,0.908]

Epoch: [127][0/40], lr: 0.01000	Loss 0.4768 (0.4768)	Prec@1 88.281 (88.281)	Prec@5 100.000 (100.000)
Epoch: [127][10/40], lr: 0.01000	Loss 0.6193 (0.5682)	Prec@1 82.031 (85.369)	Prec@5 100.000 (98.722)
Epoch: [127][20/40], lr: 0.01000	Loss 0.5403 (0.5443)	Prec@1 88.281 (86.124)	Prec@5 98.438 (98.735)
Epoch: [127][30/40], lr: 0.01000	Loss 0.5959 (0.5464)	Prec@1 82.812 (86.164)	Prec@5 96.094 (98.664)
Epoch [127] Training Results: Prec@1 85.960 Prec@5 98.560             Loss 0.55620
Epoch [127] Training Class Recall: [0.924,0.711,0.739,0.773,0.803,0.887,0.881,0.855,0.862,0.910]

Epoch: [128][0/40], lr: 0.01000	Loss 0.4012 (0.4012)	Prec@1 91.406 (91.406)	Prec@5 99.219 (99.219)
Epoch: [128][10/40], lr: 0.01000	Loss 0.9370 (0.6784)	Prec@1 75.000 (80.966)	Prec@5 99.219 (97.869)
Epoch: [128][20/40], lr: 0.01000	Loss 0.6804 (0.6367)	Prec@1 85.156 (83.482)	Prec@5 96.875 (97.470)
Epoch: [128][30/40], lr: 0.01000	Loss 0.6491 (0.6296)	Prec@1 83.594 (83.972)	Prec@5 99.219 (97.555)
Epoch [128] Training Results: Prec@1 84.080 Prec@5 97.680             Loss 0.63256
Epoch [128] Training Class Recall: [0.901,0.699,0.722,0.736,0.710,0.872,0.879,0.868,0.826,0.910]

Epoch: [129][0/40], lr: 0.01000	Loss 0.5339 (0.5339)	Prec@1 86.719 (86.719)	Prec@5 97.656 (97.656)
Epoch: [129][10/40], lr: 0.01000	Loss 0.7655 (0.7076)	Prec@1 80.469 (82.884)	Prec@5 98.438 (97.230)
Epoch: [129][20/40], lr: 0.01000	Loss 0.6456 (0.6868)	Prec@1 84.375 (83.259)	Prec@5 97.656 (97.247)
Epoch: [129][30/40], lr: 0.01000	Loss 0.5469 (0.6737)	Prec@1 88.281 (83.518)	Prec@5 99.219 (97.329)
Epoch [129] Training Results: Prec@1 83.640 Prec@5 97.440             Loss 0.67117
Epoch [129] Training Class Recall: [0.904,0.628,0.679,0.734,0.783,0.856,0.862,0.855,0.850,0.904]

Epoch: [130][0/40], lr: 0.01000	Loss 0.3486 (0.3486)	Prec@1 92.188 (92.188)	Prec@5 99.219 (99.219)
Epoch: [130][10/40], lr: 0.01000	Loss 0.6664 (0.6533)	Prec@1 84.375 (83.026)	Prec@5 98.438 (97.372)
Epoch: [130][20/40], lr: 0.01000	Loss 0.6444 (0.6453)	Prec@1 82.031 (83.445)	Prec@5 97.656 (97.321)
Epoch: [130][30/40], lr: 0.01000	Loss 0.5858 (0.6238)	Prec@1 85.938 (84.299)	Prec@5 99.219 (97.606)
Epoch [130] Training Results: Prec@1 84.420 Prec@5 97.660             Loss 0.62093
Epoch [130] Training Class Recall: [0.920,0.673,0.684,0.741,0.736,0.877,0.873,0.851,0.862,0.905]

Epoch: [131][0/40], lr: 0.01000	Loss 0.5979 (0.5979)	Prec@1 87.500 (87.500)	Prec@5 97.656 (97.656)
Epoch: [131][10/40], lr: 0.01000	Loss 0.6202 (0.6770)	Prec@1 84.375 (83.381)	Prec@5 99.219 (98.082)
Epoch: [131][20/40], lr: 0.01000	Loss 0.8602 (0.6595)	Prec@1 78.125 (83.705)	Prec@5 95.312 (98.177)
Epoch: [131][30/40], lr: 0.01000	Loss 0.9543 (0.6484)	Prec@1 75.000 (83.921)	Prec@5 96.094 (98.185)
Epoch [131] Training Results: Prec@1 84.800 Prec@5 98.160             Loss 0.61939
Epoch [131] Training Class Recall: [0.918,0.643,0.697,0.736,0.799,0.881,0.873,0.860,0.858,0.908]

Epoch: [132][0/40], lr: 0.01000	Loss 0.6877 (0.6877)	Prec@1 83.594 (83.594)	Prec@5 98.438 (98.438)
Epoch: [132][10/40], lr: 0.01000	Loss 0.5266 (0.6938)	Prec@1 86.719 (82.741)	Prec@5 99.219 (97.940)
Epoch: [132][20/40], lr: 0.01000	Loss 0.5991 (0.6623)	Prec@1 84.375 (83.445)	Prec@5 97.656 (98.103)
Epoch: [132][30/40], lr: 0.01000	Loss 0.6990 (0.6576)	Prec@1 83.594 (83.543)	Prec@5 100.000 (98.160)
Epoch [132] Training Results: Prec@1 84.040 Prec@5 98.120             Loss 0.64550
Epoch [132] Training Class Recall: [0.923,0.594,0.692,0.700,0.783,0.886,0.869,0.843,0.860,0.905]

Epoch: [133][0/40], lr: 0.01000	Loss 0.5649 (0.5649)	Prec@1 83.594 (83.594)	Prec@5 99.219 (99.219)
Epoch: [133][10/40], lr: 0.01000	Loss 0.8141 (0.6478)	Prec@1 76.562 (83.239)	Prec@5 95.312 (97.940)
Epoch: [133][20/40], lr: 0.01000	Loss 0.7199 (0.6662)	Prec@1 83.594 (82.924)	Prec@5 97.656 (97.545)
Epoch: [133][30/40], lr: 0.01000	Loss 0.9243 (0.6586)	Prec@1 80.469 (83.417)	Prec@5 94.531 (97.606)
Epoch [133] Training Results: Prec@1 83.980 Prec@5 97.740             Loss 0.64475
Epoch [133] Training Class Recall: [0.921,0.650,0.739,0.717,0.777,0.821,0.875,0.851,0.862,0.908]

Epoch: [134][0/40], lr: 0.01000	Loss 0.6105 (0.6105)	Prec@1 86.719 (86.719)	Prec@5 96.094 (96.094)
Epoch: [134][10/40], lr: 0.01000	Loss 0.5565 (0.6111)	Prec@1 86.719 (84.801)	Prec@5 98.438 (97.656)
Epoch: [134][20/40], lr: 0.01000	Loss 0.4865 (0.6005)	Prec@1 89.062 (85.082)	Prec@5 99.219 (97.879)
Epoch: [134][30/40], lr: 0.01000	Loss 0.6711 (0.5921)	Prec@1 81.250 (84.803)	Prec@5 97.656 (98.085)
Epoch [134] Training Results: Prec@1 84.640 Prec@5 97.960             Loss 0.60254
Epoch [134] Training Class Recall: [0.928,0.699,0.688,0.712,0.761,0.864,0.875,0.860,0.858,0.911]

Epoch: [135][0/40], lr: 0.01000	Loss 0.3902 (0.3902)	Prec@1 90.625 (90.625)	Prec@5 99.219 (99.219)
Epoch: [135][10/40], lr: 0.01000	Loss 0.7272 (0.6992)	Prec@1 81.250 (80.966)	Prec@5 98.438 (98.295)
Epoch: [135][20/40], lr: 0.01000	Loss 0.6210 (0.6890)	Prec@1 85.938 (82.217)	Prec@5 95.312 (97.917)
Epoch: [135][30/40], lr: 0.01000	Loss 0.5789 (0.6764)	Prec@1 82.812 (82.863)	Prec@5 99.219 (97.732)
Epoch [135] Training Results: Prec@1 83.240 Prec@5 97.620             Loss 0.66980
Epoch [135] Training Class Recall: [0.900,0.620,0.692,0.729,0.774,0.870,0.873,0.862,0.799,0.897]

Epoch: [136][0/40], lr: 0.01000	Loss 0.4686 (0.4686)	Prec@1 89.062 (89.062)	Prec@5 99.219 (99.219)
Epoch: [136][10/40], lr: 0.01000	Loss 0.5564 (0.5782)	Prec@1 83.594 (85.653)	Prec@5 98.438 (98.580)
Epoch: [136][20/40], lr: 0.01000	Loss 0.6148 (0.5911)	Prec@1 85.156 (85.491)	Prec@5 94.531 (98.103)
Epoch: [136][30/40], lr: 0.01000	Loss 0.4721 (0.5769)	Prec@1 85.938 (85.786)	Prec@5 100.000 (98.211)
Epoch [136] Training Results: Prec@1 85.460 Prec@5 98.120             Loss 0.59234
Epoch [136] Training Class Recall: [0.931,0.718,0.701,0.768,0.780,0.875,0.875,0.855,0.858,0.907]

Epoch: [137][0/40], lr: 0.01000	Loss 0.4981 (0.4981)	Prec@1 87.500 (87.500)	Prec@5 99.219 (99.219)
Epoch: [137][10/40], lr: 0.01000	Loss 0.5631 (0.5456)	Prec@1 85.938 (85.582)	Prec@5 100.000 (99.148)
Epoch: [137][20/40], lr: 0.01000	Loss 0.7214 (0.5902)	Prec@1 82.812 (85.045)	Prec@5 96.094 (98.475)
Epoch: [137][30/40], lr: 0.01000	Loss 0.7756 (0.6107)	Prec@1 81.250 (84.854)	Prec@5 97.656 (98.236)
Epoch [137] Training Results: Prec@1 85.520 Prec@5 98.360             Loss 0.58730
Epoch [137] Training Class Recall: [0.919,0.718,0.735,0.764,0.790,0.875,0.883,0.857,0.860,0.905]

Epoch: [138][0/40], lr: 0.01000	Loss 0.7670 (0.7670)	Prec@1 81.250 (81.250)	Prec@5 97.656 (97.656)
Epoch: [138][10/40], lr: 0.01000	Loss 0.5657 (0.6432)	Prec@1 86.719 (84.162)	Prec@5 100.000 (98.224)
Epoch: [138][20/40], lr: 0.01000	Loss 0.4826 (0.6557)	Prec@1 89.062 (83.705)	Prec@5 98.438 (98.028)
Epoch: [138][30/40], lr: 0.01000	Loss 0.4969 (0.6235)	Prec@1 87.500 (84.677)	Prec@5 99.219 (98.110)
Epoch [138] Training Results: Prec@1 84.820 Prec@5 98.100             Loss 0.61922
Epoch [138] Training Class Recall: [0.910,0.695,0.722,0.729,0.758,0.884,0.869,0.864,0.858,0.911]

Epoch: [139][0/40], lr: 0.01000	Loss 0.6176 (0.6176)	Prec@1 84.375 (84.375)	Prec@5 98.438 (98.438)
Epoch: [139][10/40], lr: 0.01000	Loss 0.4977 (0.5860)	Prec@1 88.281 (85.724)	Prec@5 99.219 (98.509)
Epoch: [139][20/40], lr: 0.01000	Loss 0.4490 (0.6053)	Prec@1 88.281 (84.710)	Prec@5 99.219 (98.289)
Epoch: [139][30/40], lr: 0.01000	Loss 0.5929 (0.6043)	Prec@1 84.375 (85.030)	Prec@5 97.656 (98.211)
Epoch [139] Training Results: Prec@1 85.240 Prec@5 98.280             Loss 0.59469
Epoch [139] Training Class Recall: [0.911,0.684,0.744,0.746,0.790,0.895,0.881,0.853,0.860,0.901]

Epoch: [140][0/40], lr: 0.01000	Loss 0.6099 (0.6099)	Prec@1 79.688 (79.688)	Prec@5 99.219 (99.219)
Epoch: [140][10/40], lr: 0.01000	Loss 0.6940 (0.7659)	Prec@1 82.812 (80.043)	Prec@5 98.438 (96.591)
Epoch: [140][20/40], lr: 0.01000	Loss 0.7297 (0.7039)	Prec@1 82.031 (82.440)	Prec@5 96.875 (96.838)
Epoch: [140][30/40], lr: 0.01000	Loss 0.6045 (0.6992)	Prec@1 87.500 (82.913)	Prec@5 98.438 (96.825)
Epoch [140] Training Results: Prec@1 83.460 Prec@5 96.900             Loss 0.68954
Epoch [140] Training Class Recall: [0.903,0.654,0.641,0.719,0.771,0.858,0.873,0.837,0.856,0.908]

Epoch: [141][0/40], lr: 0.01000	Loss 0.5590 (0.5590)	Prec@1 85.938 (85.938)	Prec@5 97.656 (97.656)
Epoch: [141][10/40], lr: 0.01000	Loss 0.4810 (0.5692)	Prec@1 88.281 (85.653)	Prec@5 99.219 (98.438)
Epoch: [141][20/40], lr: 0.01000	Loss 0.5394 (0.6044)	Prec@1 86.719 (84.859)	Prec@5 98.438 (98.214)
Epoch: [141][30/40], lr: 0.01000	Loss 0.5330 (0.5959)	Prec@1 87.500 (85.156)	Prec@5 98.438 (98.211)
Epoch [141] Training Results: Prec@1 84.860 Prec@5 98.180             Loss 0.60523
Epoch [141] Training Class Recall: [0.922,0.695,0.684,0.754,0.790,0.869,0.871,0.853,0.858,0.904]

Epoch: [142][0/40], lr: 0.01000	Loss 0.6665 (0.6665)	Prec@1 80.469 (80.469)	Prec@5 100.000 (100.000)
Epoch: [142][10/40], lr: 0.01000	Loss 0.7213 (0.6507)	Prec@1 81.250 (82.955)	Prec@5 93.750 (98.509)
Epoch: [142][20/40], lr: 0.01000	Loss 0.5689 (0.6353)	Prec@1 84.375 (83.705)	Prec@5 96.875 (98.065)
Epoch: [142][30/40], lr: 0.01000	Loss 0.6463 (0.6347)	Prec@1 85.156 (83.846)	Prec@5 96.875 (97.908)
Epoch [142] Training Results: Prec@1 84.140 Prec@5 97.900             Loss 0.63103
Epoch [142] Training Class Recall: [0.907,0.684,0.684,0.722,0.790,0.864,0.871,0.849,0.854,0.905]

Epoch: [143][0/40], lr: 0.01000	Loss 0.4960 (0.4960)	Prec@1 88.281 (88.281)	Prec@5 99.219 (99.219)
Epoch: [143][10/40], lr: 0.01000	Loss 0.6176 (0.5267)	Prec@1 85.938 (86.648)	Prec@5 96.094 (98.224)
Epoch: [143][20/40], lr: 0.01000	Loss 0.5709 (0.5502)	Prec@1 86.719 (86.198)	Prec@5 96.875 (98.214)
Epoch: [143][30/40], lr: 0.01000	Loss 0.6717 (0.5771)	Prec@1 82.031 (85.408)	Prec@5 98.438 (98.236)
Epoch [143] Training Results: Prec@1 85.240 Prec@5 98.260             Loss 0.58320
Epoch [143] Training Class Recall: [0.915,0.680,0.726,0.764,0.777,0.877,0.875,0.862,0.866,0.908]

Epoch: [144][0/40], lr: 0.01000	Loss 0.5753 (0.5753)	Prec@1 85.156 (85.156)	Prec@5 98.438 (98.438)
Epoch: [144][10/40], lr: 0.01000	Loss 0.5848 (0.5985)	Prec@1 86.719 (84.872)	Prec@5 97.656 (97.585)
Epoch: [144][20/40], lr: 0.01000	Loss 0.5436 (0.6057)	Prec@1 86.719 (84.635)	Prec@5 96.875 (97.879)
Epoch: [144][30/40], lr: 0.01000	Loss 0.8130 (0.5925)	Prec@1 79.688 (85.030)	Prec@5 97.656 (98.110)
Epoch [144] Training Results: Prec@1 85.080 Prec@5 98.100             Loss 0.59312
Epoch [144] Training Class Recall: [0.924,0.673,0.726,0.741,0.793,0.875,0.869,0.859,0.862,0.905]

Epoch: [145][0/40], lr: 0.01000	Loss 0.4820 (0.4820)	Prec@1 86.719 (86.719)	Prec@5 99.219 (99.219)
Epoch: [145][10/40], lr: 0.01000	Loss 0.6051 (0.5611)	Prec@1 85.938 (85.653)	Prec@5 98.438 (98.580)
Epoch: [145][20/40], lr: 0.01000	Loss 0.3144 (0.5487)	Prec@1 92.969 (85.826)	Prec@5 100.000 (98.735)
Epoch: [145][30/40], lr: 0.01000	Loss 0.4981 (0.5383)	Prec@1 86.719 (86.064)	Prec@5 99.219 (98.816)
Epoch [145] Training Results: Prec@1 85.960 Prec@5 98.800             Loss 0.54203
Epoch [145] Training Class Recall: [0.929,0.699,0.735,0.754,0.803,0.892,0.883,0.866,0.864,0.905]

Epoch: [146][0/40], lr: 0.01000	Loss 0.4945 (0.4945)	Prec@1 88.281 (88.281)	Prec@5 99.219 (99.219)
Epoch: [146][10/40], lr: 0.01000	Loss 0.4535 (0.5061)	Prec@1 88.281 (87.074)	Prec@5 99.219 (98.935)
Epoch: [146][20/40], lr: 0.01000	Loss 0.8767 (0.5522)	Prec@1 78.906 (85.677)	Prec@5 96.875 (98.475)
Epoch: [146][30/40], lr: 0.01000	Loss 0.7127 (0.5546)	Prec@1 80.469 (85.660)	Prec@5 99.219 (98.589)
Epoch [146] Training Results: Prec@1 85.480 Prec@5 98.420             Loss 0.56278
Epoch [146] Training Class Recall: [0.923,0.707,0.718,0.754,0.796,0.872,0.879,0.866,0.862,0.907]

Epoch: [147][0/40], lr: 0.01000	Loss 0.4491 (0.4491)	Prec@1 89.062 (89.062)	Prec@5 99.219 (99.219)
Epoch: [147][10/40], lr: 0.01000	Loss 0.7668 (0.6770)	Prec@1 77.344 (81.747)	Prec@5 95.312 (97.443)
Epoch: [147][20/40], lr: 0.01000	Loss 0.6231 (0.6890)	Prec@1 82.812 (81.324)	Prec@5 97.656 (97.359)
Epoch: [147][30/40], lr: 0.01000	Loss 0.7371 (0.6928)	Prec@1 83.594 (81.830)	Prec@5 98.438 (97.354)
Epoch [147] Training Results: Prec@1 82.560 Prec@5 97.380             Loss 0.67884
Epoch [147] Training Class Recall: [0.910,0.654,0.620,0.667,0.758,0.830,0.860,0.849,0.856,0.905]

Epoch: [148][0/40], lr: 0.01000	Loss 0.6415 (0.6415)	Prec@1 84.375 (84.375)	Prec@5 97.656 (97.656)
Epoch: [148][10/40], lr: 0.01000	Loss 0.5187 (0.6098)	Prec@1 85.156 (83.807)	Prec@5 97.656 (98.438)
Epoch: [148][20/40], lr: 0.01000	Loss 0.6437 (0.5766)	Prec@1 85.938 (85.082)	Prec@5 97.656 (98.512)
Epoch: [148][30/40], lr: 0.01000	Loss 0.5022 (0.5783)	Prec@1 89.062 (85.433)	Prec@5 97.656 (98.438)
Epoch [148] Training Results: Prec@1 85.620 Prec@5 98.500             Loss 0.56891
Epoch [148] Training Class Recall: [0.924,0.684,0.722,0.766,0.790,0.883,0.885,0.862,0.862,0.907]

Epoch: [149][0/40], lr: 0.01000	Loss 0.5715 (0.5715)	Prec@1 83.594 (83.594)	Prec@5 96.094 (96.094)
Epoch: [149][10/40], lr: 0.01000	Loss 0.9076 (0.5773)	Prec@1 75.781 (84.943)	Prec@5 96.875 (98.295)
Epoch: [149][20/40], lr: 0.01000	Loss 0.5355 (0.5958)	Prec@1 86.719 (84.598)	Prec@5 98.438 (98.289)
Epoch: [149][30/40], lr: 0.01000	Loss 0.7788 (0.5885)	Prec@1 80.469 (84.955)	Prec@5 96.875 (98.311)
Epoch [149] Training Results: Prec@1 85.420 Prec@5 98.320             Loss 0.57805
Epoch [149] Training Class Recall: [0.913,0.711,0.735,0.761,0.806,0.867,0.881,0.860,0.860,0.908]

Epoch: [150][0/40], lr: 0.01000	Loss 0.5056 (0.5056)	Prec@1 87.500 (87.500)	Prec@5 98.438 (98.438)
Epoch: [150][10/40], lr: 0.01000	Loss 0.7036 (0.5744)	Prec@1 82.031 (85.298)	Prec@5 97.656 (98.864)
Epoch: [150][20/40], lr: 0.01000	Loss 0.6672 (0.5566)	Prec@1 82.812 (85.789)	Prec@5 96.094 (98.475)
Epoch: [150][30/40], lr: 0.01000	Loss 0.5876 (0.5486)	Prec@1 84.375 (85.963)	Prec@5 98.438 (98.614)
Epoch [150] Training Results: Prec@1 85.840 Prec@5 98.520             Loss 0.55000
Epoch [150] Training Class Recall: [0.920,0.680,0.735,0.776,0.799,0.884,0.885,0.862,0.868,0.910]

Epoch: [151][0/40], lr: 0.01000	Loss 0.5129 (0.5129)	Prec@1 85.938 (85.938)	Prec@5 98.438 (98.438)
Epoch: [151][10/40], lr: 0.01000	Loss 0.4680 (0.5540)	Prec@1 89.062 (85.866)	Prec@5 97.656 (98.722)
Epoch: [151][20/40], lr: 0.01000	Loss 0.5664 (0.5377)	Prec@1 87.500 (86.161)	Prec@5 97.656 (98.698)
Epoch: [151][30/40], lr: 0.01000	Loss 0.5843 (0.5385)	Prec@1 83.594 (86.089)	Prec@5 99.219 (98.765)
Epoch [151] Training Results: Prec@1 86.200 Prec@5 98.640             Loss 0.53744
Epoch [151] Training Class Recall: [0.915,0.714,0.782,0.776,0.799,0.886,0.881,0.868,0.868,0.910]

Epoch: [152][0/40], lr: 0.01000	Loss 0.4027 (0.4027)	Prec@1 89.062 (89.062)	Prec@5 99.219 (99.219)
Epoch: [152][10/40], lr: 0.01000	Loss 0.8688 (0.6732)	Prec@1 80.469 (82.884)	Prec@5 94.531 (97.585)
Epoch: [152][20/40], lr: 0.01000	Loss 0.5882 (0.6675)	Prec@1 87.500 (83.073)	Prec@5 99.219 (97.656)
Epoch: [152][30/40], lr: 0.01000	Loss 0.5781 (0.6244)	Prec@1 87.500 (84.224)	Prec@5 97.656 (97.933)
Epoch [152] Training Results: Prec@1 84.480 Prec@5 98.020             Loss 0.61638
Epoch [152] Training Class Recall: [0.893,0.692,0.709,0.719,0.787,0.883,0.885,0.851,0.866,0.901]

Epoch: [153][0/40], lr: 0.01000	Loss 0.3957 (0.3957)	Prec@1 90.625 (90.625)	Prec@5 99.219 (99.219)
Epoch: [153][10/40], lr: 0.01000	Loss 0.5094 (0.5659)	Prec@1 85.938 (85.440)	Prec@5 100.000 (98.651)
Epoch: [153][20/40], lr: 0.01000	Loss 0.4485 (0.5500)	Prec@1 89.844 (86.310)	Prec@5 98.438 (98.549)
Epoch: [153][30/40], lr: 0.01000	Loss 0.5772 (0.5650)	Prec@1 85.938 (85.912)	Prec@5 99.219 (98.538)
Epoch [153] Training Results: Prec@1 85.880 Prec@5 98.500             Loss 0.56836
Epoch [153] Training Class Recall: [0.923,0.714,0.752,0.766,0.812,0.881,0.883,0.872,0.838,0.908]

Epoch: [154][0/40], lr: 0.01000	Loss 0.5484 (0.5484)	Prec@1 84.375 (84.375)	Prec@5 99.219 (99.219)
Epoch: [154][10/40], lr: 0.01000	Loss 0.6316 (0.5601)	Prec@1 83.594 (84.872)	Prec@5 99.219 (98.722)
Epoch: [154][20/40], lr: 0.01000	Loss 0.4426 (0.5286)	Prec@1 89.844 (86.272)	Prec@5 100.000 (98.735)
Epoch: [154][30/40], lr: 0.01000	Loss 0.5069 (0.5405)	Prec@1 89.062 (86.215)	Prec@5 100.000 (98.664)
Epoch [154] Training Results: Prec@1 85.700 Prec@5 98.620             Loss 0.56110
Epoch [154] Training Class Recall: [0.918,0.688,0.744,0.776,0.809,0.887,0.865,0.868,0.858,0.907]

Epoch: [155][0/40], lr: 0.01000	Loss 0.5547 (0.5547)	Prec@1 82.812 (82.812)	Prec@5 100.000 (100.000)
Epoch: [155][10/40], lr: 0.01000	Loss 0.4087 (0.4837)	Prec@1 89.062 (87.500)	Prec@5 100.000 (99.503)
Epoch: [155][20/40], lr: 0.01000	Loss 0.5501 (0.5214)	Prec@1 86.719 (86.607)	Prec@5 100.000 (98.996)
Epoch: [155][30/40], lr: 0.01000	Loss 0.5799 (0.5403)	Prec@1 85.938 (86.114)	Prec@5 98.438 (98.765)
Epoch [155] Training Results: Prec@1 86.000 Prec@5 98.620             Loss 0.54425
Epoch [155] Training Class Recall: [0.918,0.699,0.756,0.781,0.790,0.894,0.881,0.866,0.858,0.910]

Epoch: [156][0/40], lr: 0.01000	Loss 0.5332 (0.5332)	Prec@1 82.812 (82.812)	Prec@5 100.000 (100.000)
Epoch: [156][10/40], lr: 0.01000	Loss 0.5652 (0.5896)	Prec@1 83.594 (83.949)	Prec@5 100.000 (98.793)
Epoch: [156][20/40], lr: 0.01000	Loss 0.4181 (0.5870)	Prec@1 89.062 (84.226)	Prec@5 99.219 (98.661)
Epoch: [156][30/40], lr: 0.01000	Loss 0.7143 (0.5780)	Prec@1 81.250 (84.854)	Prec@5 97.656 (98.564)
Epoch [156] Training Results: Prec@1 84.900 Prec@5 98.640             Loss 0.57832
Epoch [156] Training Class Recall: [0.904,0.665,0.739,0.761,0.790,0.867,0.877,0.866,0.854,0.908]

Epoch: [157][0/40], lr: 0.01000	Loss 0.5321 (0.5321)	Prec@1 85.156 (85.156)	Prec@5 99.219 (99.219)
Epoch: [157][10/40], lr: 0.01000	Loss 0.7377 (0.6603)	Prec@1 82.031 (82.741)	Prec@5 95.312 (97.869)
Epoch: [157][20/40], lr: 0.01000	Loss 0.5561 (0.6306)	Prec@1 85.156 (83.482)	Prec@5 98.438 (98.065)
Epoch: [157][30/40], lr: 0.01000	Loss 0.6853 (0.6161)	Prec@1 86.719 (84.073)	Prec@5 96.094 (98.085)
Epoch [157] Training Results: Prec@1 84.760 Prec@5 98.100             Loss 0.60133
Epoch [157] Training Class Recall: [0.928,0.695,0.709,0.712,0.764,0.861,0.881,0.859,0.862,0.910]

Epoch: [158][0/40], lr: 0.01000	Loss 0.5591 (0.5591)	Prec@1 85.938 (85.938)	Prec@5 98.438 (98.438)
Epoch: [158][10/40], lr: 0.01000	Loss 0.4757 (0.5979)	Prec@1 88.281 (84.446)	Prec@5 100.000 (98.224)
Epoch: [158][20/40], lr: 0.01000	Loss 0.7495 (0.6347)	Prec@1 80.469 (83.929)	Prec@5 97.656 (98.028)
Epoch: [158][30/40], lr: 0.01000	Loss 0.7137 (0.6380)	Prec@1 85.938 (83.896)	Prec@5 96.875 (98.009)
Epoch [158] Training Results: Prec@1 84.380 Prec@5 98.140             Loss 0.62381
Epoch [158] Training Class Recall: [0.891,0.703,0.709,0.734,0.787,0.873,0.871,0.857,0.860,0.902]

Epoch: [159][0/40], lr: 0.01000	Loss 0.8041 (0.8041)	Prec@1 82.031 (82.031)	Prec@5 97.656 (97.656)
Epoch: [159][10/40], lr: 0.01000	Loss 0.6646 (0.6599)	Prec@1 80.469 (82.955)	Prec@5 98.438 (97.585)
Epoch: [159][20/40], lr: 0.01000	Loss 0.6007 (0.6303)	Prec@1 84.375 (84.115)	Prec@5 98.438 (97.879)
Epoch: [159][30/40], lr: 0.01000	Loss 0.5569 (0.6042)	Prec@1 84.375 (84.829)	Prec@5 98.438 (98.135)
Epoch [159] Training Results: Prec@1 85.200 Prec@5 98.120             Loss 0.59392
Epoch [159] Training Class Recall: [0.907,0.684,0.735,0.781,0.783,0.867,0.877,0.864,0.866,0.905]

Epoch: [160][0/40], lr: 0.00010	Loss 0.5095 (0.5095)	Prec@1 85.156 (85.156)	Prec@5 99.219 (99.219)
Epoch: [160][10/40], lr: 0.00010	Loss 0.3617 (0.5229)	Prec@1 90.625 (86.151)	Prec@5 99.219 (98.295)
Epoch: [160][20/40], lr: 0.00010	Loss 0.5225 (0.5201)	Prec@1 83.594 (85.900)	Prec@5 98.438 (98.549)
Epoch: [160][30/40], lr: 0.00010	Loss 0.4032 (0.5149)	Prec@1 87.500 (86.341)	Prec@5 99.219 (98.614)
Epoch [160] Training Results: Prec@1 86.380 Prec@5 98.620             Loss 0.51473
Epoch [160] Training Class Recall: [0.930,0.692,0.782,0.771,0.803,0.886,0.889,0.864,0.868,0.911]

Epoch: [161][0/40], lr: 0.00010	Loss 0.4977 (0.4977)	Prec@1 87.500 (87.500)	Prec@5 96.875 (96.875)
Epoch: [161][10/40], lr: 0.00010	Loss 0.6133 (0.5587)	Prec@1 85.938 (85.156)	Prec@5 97.656 (98.580)
Epoch: [161][20/40], lr: 0.00010	Loss 0.4973 (0.5213)	Prec@1 88.281 (86.384)	Prec@5 98.438 (98.884)
Epoch: [161][30/40], lr: 0.00010	Loss 0.5983 (0.5116)	Prec@1 82.031 (86.517)	Prec@5 99.219 (98.841)
Epoch [161] Training Results: Prec@1 86.660 Prec@5 98.740             Loss 0.50884
Epoch [161] Training Class Recall: [0.935,0.714,0.799,0.771,0.809,0.884,0.887,0.860,0.874,0.908]

Epoch: [162][0/40], lr: 0.00010	Loss 0.5197 (0.5197)	Prec@1 84.375 (84.375)	Prec@5 98.438 (98.438)
Epoch: [162][10/40], lr: 0.00010	Loss 0.5334 (0.5195)	Prec@1 86.719 (86.648)	Prec@5 98.438 (99.006)
Epoch: [162][20/40], lr: 0.00010	Loss 0.4326 (0.4926)	Prec@1 86.719 (87.165)	Prec@5 100.000 (99.070)
Epoch: [162][30/40], lr: 0.00010	Loss 0.4973 (0.4963)	Prec@1 86.719 (87.021)	Prec@5 99.219 (98.866)
Epoch [162] Training Results: Prec@1 86.760 Prec@5 98.780             Loss 0.50598
Epoch [162] Training Class Recall: [0.935,0.722,0.795,0.778,0.799,0.895,0.889,0.860,0.870,0.905]

Epoch: [163][0/40], lr: 0.00010	Loss 0.5239 (0.5239)	Prec@1 84.375 (84.375)	Prec@5 99.219 (99.219)
Epoch: [163][10/40], lr: 0.00010	Loss 0.4860 (0.5315)	Prec@1 86.719 (86.080)	Prec@5 98.438 (98.722)
Epoch: [163][20/40], lr: 0.00010	Loss 0.3836 (0.4973)	Prec@1 88.281 (87.091)	Prec@5 99.219 (98.735)
Epoch: [163][30/40], lr: 0.00010	Loss 0.5657 (0.5001)	Prec@1 85.938 (86.946)	Prec@5 98.438 (98.841)
Epoch [163] Training Results: Prec@1 86.640 Prec@5 98.880             Loss 0.50733
Epoch [163] Training Class Recall: [0.934,0.699,0.769,0.776,0.812,0.892,0.891,0.866,0.868,0.910]

Epoch: [164][0/40], lr: 0.00010	Loss 0.5517 (0.5517)	Prec@1 85.938 (85.938)	Prec@5 96.094 (96.094)
Epoch: [164][10/40], lr: 0.00010	Loss 0.5979 (0.4999)	Prec@1 85.156 (86.790)	Prec@5 98.438 (99.077)
Epoch: [164][20/40], lr: 0.00010	Loss 0.6869 (0.4903)	Prec@1 80.469 (86.868)	Prec@5 97.656 (99.219)
Epoch: [164][30/40], lr: 0.00010	Loss 0.4928 (0.4821)	Prec@1 86.719 (87.122)	Prec@5 98.438 (99.143)
Epoch [164] Training Results: Prec@1 86.720 Prec@5 99.020             Loss 0.49618
Epoch [164] Training Class Recall: [0.932,0.699,0.791,0.788,0.815,0.892,0.891,0.857,0.872,0.907]

Epoch: [165][0/40], lr: 0.00010	Loss 0.6109 (0.6109)	Prec@1 81.250 (81.250)	Prec@5 97.656 (97.656)
Epoch: [165][10/40], lr: 0.00010	Loss 0.4977 (0.5180)	Prec@1 85.938 (85.938)	Prec@5 99.219 (98.864)
Epoch: [165][20/40], lr: 0.00010	Loss 0.5078 (0.4984)	Prec@1 85.938 (86.793)	Prec@5 97.656 (98.847)
Epoch: [165][30/40], lr: 0.00010	Loss 0.3655 (0.5037)	Prec@1 91.406 (86.593)	Prec@5 99.219 (98.841)
Epoch [165] Training Results: Prec@1 86.660 Prec@5 98.920             Loss 0.49884
Epoch [165] Training Class Recall: [0.929,0.711,0.799,0.776,0.799,0.892,0.889,0.862,0.872,0.911]

Epoch: [166][0/40], lr: 0.00010	Loss 0.3528 (0.3528)	Prec@1 92.188 (92.188)	Prec@5 99.219 (99.219)
Epoch: [166][10/40], lr: 0.00010	Loss 0.3701 (0.4776)	Prec@1 89.844 (87.145)	Prec@5 100.000 (98.722)
Epoch: [166][20/40], lr: 0.00010	Loss 0.5574 (0.4986)	Prec@1 85.156 (86.682)	Prec@5 99.219 (98.698)
Epoch: [166][30/40], lr: 0.00010	Loss 0.4479 (0.4955)	Prec@1 85.156 (86.643)	Prec@5 100.000 (98.891)
Epoch [166] Training Results: Prec@1 86.700 Prec@5 98.880             Loss 0.49668
Epoch [166] Training Class Recall: [0.930,0.714,0.791,0.773,0.803,0.897,0.887,0.862,0.872,0.911]

Epoch: [167][0/40], lr: 0.00010	Loss 0.4241 (0.4241)	Prec@1 89.062 (89.062)	Prec@5 100.000 (100.000)
Epoch: [167][10/40], lr: 0.00010	Loss 0.3539 (0.4801)	Prec@1 90.625 (87.429)	Prec@5 99.219 (99.290)
Epoch: [167][20/40], lr: 0.00010	Loss 0.4880 (0.5073)	Prec@1 86.719 (86.644)	Prec@5 100.000 (99.368)
Epoch: [167][30/40], lr: 0.00010	Loss 0.4162 (0.4999)	Prec@1 91.406 (86.593)	Prec@5 98.438 (99.244)
Epoch [167] Training Results: Prec@1 86.760 Prec@5 99.180             Loss 0.49492
Epoch [167] Training Class Recall: [0.932,0.707,0.803,0.783,0.806,0.897,0.885,0.862,0.870,0.907]

Epoch: [168][0/40], lr: 0.00010	Loss 0.5599 (0.5599)	Prec@1 84.375 (84.375)	Prec@5 96.875 (96.875)
Epoch: [168][10/40], lr: 0.00010	Loss 0.4412 (0.5157)	Prec@1 86.719 (86.719)	Prec@5 99.219 (98.438)
Epoch: [168][20/40], lr: 0.00010	Loss 0.3294 (0.5026)	Prec@1 93.750 (86.942)	Prec@5 98.438 (98.549)
Epoch: [168][30/40], lr: 0.00010	Loss 0.4790 (0.4914)	Prec@1 88.281 (86.946)	Prec@5 98.438 (98.866)
Epoch [168] Training Results: Prec@1 86.720 Prec@5 98.960             Loss 0.49699
Epoch [168] Training Class Recall: [0.927,0.711,0.803,0.783,0.806,0.889,0.887,0.866,0.872,0.911]

Epoch: [169][0/40], lr: 0.00010	Loss 0.4420 (0.4420)	Prec@1 88.281 (88.281)	Prec@5 100.000 (100.000)
Epoch: [169][10/40], lr: 0.00010	Loss 0.4594 (0.4687)	Prec@1 89.062 (87.713)	Prec@5 99.219 (99.148)
Epoch: [169][20/40], lr: 0.00010	Loss 0.4556 (0.4818)	Prec@1 87.500 (86.905)	Prec@5 99.219 (99.144)
Epoch: [169][30/40], lr: 0.00010	Loss 0.4619 (0.4865)	Prec@1 89.062 (86.845)	Prec@5 100.000 (99.118)
Epoch [169] Training Results: Prec@1 86.860 Prec@5 99.120             Loss 0.49099
Epoch [169] Training Class Recall: [0.934,0.726,0.765,0.781,0.809,0.898,0.889,0.864,0.868,0.912]

Epoch: [170][0/40], lr: 0.00010	Loss 0.5417 (0.5417)	Prec@1 85.156 (85.156)	Prec@5 99.219 (99.219)
Epoch: [170][10/40], lr: 0.00010	Loss 0.5504 (0.4721)	Prec@1 86.719 (87.287)	Prec@5 98.438 (99.006)
Epoch: [170][20/40], lr: 0.00010	Loss 0.4371 (0.4897)	Prec@1 89.844 (86.830)	Prec@5 99.219 (98.884)
Epoch: [170][30/40], lr: 0.00010	Loss 0.5392 (0.4813)	Prec@1 85.938 (87.097)	Prec@5 98.438 (98.891)
Epoch [170] Training Results: Prec@1 86.800 Prec@5 98.980             Loss 0.48869
Epoch [170] Training Class Recall: [0.930,0.711,0.795,0.773,0.809,0.900,0.893,0.860,0.874,0.908]

Epoch: [171][0/40], lr: 0.00010	Loss 0.4554 (0.4554)	Prec@1 87.500 (87.500)	Prec@5 100.000 (100.000)
Epoch: [171][10/40], lr: 0.00010	Loss 0.5355 (0.4654)	Prec@1 86.719 (87.642)	Prec@5 99.219 (99.432)
Epoch: [171][20/40], lr: 0.00010	Loss 0.6531 (0.4662)	Prec@1 82.031 (87.686)	Prec@5 98.438 (99.293)
Epoch: [171][30/40], lr: 0.00010	Loss 0.4871 (0.4795)	Prec@1 86.719 (87.147)	Prec@5 98.438 (99.219)
Epoch [171] Training Results: Prec@1 86.760 Prec@5 99.160             Loss 0.48844
Epoch [171] Training Class Recall: [0.927,0.741,0.803,0.781,0.809,0.890,0.887,0.859,0.868,0.910]

Epoch: [172][0/40], lr: 0.00010	Loss 0.5268 (0.5268)	Prec@1 86.719 (86.719)	Prec@5 99.219 (99.219)
Epoch: [172][10/40], lr: 0.00010	Loss 0.6301 (0.5096)	Prec@1 80.469 (86.222)	Prec@5 99.219 (99.077)
Epoch: [172][20/40], lr: 0.00010	Loss 0.5664 (0.4921)	Prec@1 86.719 (86.793)	Prec@5 100.000 (98.958)
Epoch: [172][30/40], lr: 0.00010	Loss 0.3716 (0.4885)	Prec@1 91.406 (86.971)	Prec@5 100.000 (99.093)
Epoch [172] Training Results: Prec@1 87.040 Prec@5 98.960             Loss 0.48590
Epoch [172] Training Class Recall: [0.930,0.733,0.799,0.793,0.806,0.900,0.891,0.862,0.870,0.908]

Epoch: [173][0/40], lr: 0.00010	Loss 0.5232 (0.5232)	Prec@1 84.375 (84.375)	Prec@5 100.000 (100.000)
Epoch: [173][10/40], lr: 0.00010	Loss 0.4723 (0.4626)	Prec@1 86.719 (87.287)	Prec@5 100.000 (99.219)
Epoch: [173][20/40], lr: 0.00010	Loss 0.5408 (0.4750)	Prec@1 84.375 (86.942)	Prec@5 99.219 (99.070)
Epoch: [173][30/40], lr: 0.00010	Loss 0.5060 (0.4715)	Prec@1 87.500 (87.273)	Prec@5 100.000 (99.093)
Epoch [173] Training Results: Prec@1 87.060 Prec@5 98.940             Loss 0.48047
Epoch [173] Training Class Recall: [0.935,0.722,0.808,0.778,0.806,0.895,0.897,0.866,0.866,0.912]

Epoch: [174][0/40], lr: 0.00010	Loss 0.4834 (0.4834)	Prec@1 85.156 (85.156)	Prec@5 98.438 (98.438)
Epoch: [174][10/40], lr: 0.00010	Loss 0.3332 (0.4674)	Prec@1 92.188 (87.784)	Prec@5 99.219 (99.006)
Epoch: [174][20/40], lr: 0.00010	Loss 0.4833 (0.4651)	Prec@1 86.719 (87.872)	Prec@5 99.219 (98.958)
Epoch: [174][30/40], lr: 0.00010	Loss 0.4965 (0.4680)	Prec@1 85.938 (87.676)	Prec@5 100.000 (99.068)
Epoch [174] Training Results: Prec@1 87.140 Prec@5 99.080             Loss 0.47775
Epoch [174] Training Class Recall: [0.931,0.726,0.812,0.798,0.803,0.897,0.891,0.859,0.878,0.911]

Epoch: [175][0/40], lr: 0.00010	Loss 0.3996 (0.3996)	Prec@1 88.281 (88.281)	Prec@5 99.219 (99.219)
Epoch: [175][10/40], lr: 0.00010	Loss 0.3430 (0.4584)	Prec@1 92.969 (87.571)	Prec@5 99.219 (99.219)
Epoch: [175][20/40], lr: 0.00010	Loss 0.4694 (0.4857)	Prec@1 86.719 (86.830)	Prec@5 100.000 (99.033)
Epoch: [175][30/40], lr: 0.00010	Loss 0.5198 (0.4801)	Prec@1 82.812 (86.870)	Prec@5 100.000 (99.068)
Epoch [175] Training Results: Prec@1 86.860 Prec@5 98.980             Loss 0.48187
Epoch [175] Training Class Recall: [0.927,0.722,0.795,0.786,0.809,0.897,0.885,0.868,0.864,0.915]

Epoch: [176][0/40], lr: 0.00010	Loss 0.6474 (0.6474)	Prec@1 82.812 (82.812)	Prec@5 100.000 (100.000)
Epoch: [176][10/40], lr: 0.00010	Loss 0.5597 (0.4859)	Prec@1 82.031 (87.145)	Prec@5 99.219 (99.503)
Epoch: [176][20/40], lr: 0.00010	Loss 0.4195 (0.4839)	Prec@1 89.062 (87.128)	Prec@5 100.000 (99.256)
Epoch: [176][30/40], lr: 0.00010	Loss 0.5051 (0.4837)	Prec@1 85.938 (86.946)	Prec@5 98.438 (99.143)
Epoch [176] Training Results: Prec@1 87.020 Prec@5 99.160             Loss 0.47841
Epoch [176] Training Class Recall: [0.931,0.726,0.799,0.793,0.799,0.895,0.889,0.874,0.872,0.907]

Epoch: [177][0/40], lr: 0.00010	Loss 0.4013 (0.4013)	Prec@1 88.281 (88.281)	Prec@5 99.219 (99.219)
Epoch: [177][10/40], lr: 0.00010	Loss 0.3876 (0.4735)	Prec@1 89.062 (87.429)	Prec@5 100.000 (98.864)
Epoch: [177][20/40], lr: 0.00010	Loss 0.5236 (0.4969)	Prec@1 86.719 (86.570)	Prec@5 97.656 (98.884)
Epoch: [177][30/40], lr: 0.00010	Loss 0.5281 (0.4922)	Prec@1 86.719 (86.870)	Prec@5 99.219 (98.891)
Epoch [177] Training Results: Prec@1 86.940 Prec@5 98.940             Loss 0.48699
Epoch [177] Training Class Recall: [0.931,0.711,0.795,0.800,0.812,0.894,0.891,0.859,0.868,0.912]

Epoch: [178][0/40], lr: 0.00010	Loss 0.4301 (0.4301)	Prec@1 89.844 (89.844)	Prec@5 98.438 (98.438)
Epoch: [178][10/40], lr: 0.00010	Loss 0.4900 (0.4777)	Prec@1 89.062 (86.861)	Prec@5 97.656 (98.722)
Epoch: [178][20/40], lr: 0.00010	Loss 0.4431 (0.4840)	Prec@1 88.281 (86.607)	Prec@5 98.438 (98.847)
Epoch: [178][30/40], lr: 0.00010	Loss 0.4987 (0.4796)	Prec@1 89.062 (86.870)	Prec@5 98.438 (98.967)
Epoch [178] Training Results: Prec@1 86.900 Prec@5 98.900             Loss 0.47864
Epoch [178] Training Class Recall: [0.931,0.703,0.816,0.793,0.806,0.892,0.891,0.866,0.868,0.908]

Epoch: [179][0/40], lr: 0.00010	Loss 0.3512 (0.3512)	Prec@1 91.406 (91.406)	Prec@5 99.219 (99.219)
Epoch: [179][10/40], lr: 0.00010	Loss 0.4044 (0.4184)	Prec@1 89.844 (89.205)	Prec@5 98.438 (98.864)
Epoch: [179][20/40], lr: 0.00010	Loss 0.3786 (0.4603)	Prec@1 90.625 (87.909)	Prec@5 100.000 (98.921)
Epoch: [179][30/40], lr: 0.00010	Loss 0.5277 (0.4830)	Prec@1 82.812 (86.946)	Prec@5 100.000 (98.841)
Epoch [179] Training Results: Prec@1 87.020 Prec@5 99.020             Loss 0.48170
Epoch [179] Training Class Recall: [0.931,0.729,0.803,0.783,0.812,0.898,0.893,0.864,0.868,0.908]

Epoch: [180][0/40], lr: 0.00000	Loss 0.7554 (0.7554)	Prec@1 81.250 (81.250)	Prec@5 98.438 (98.438)
Epoch: [180][10/40], lr: 0.00000	Loss 0.5967 (0.5094)	Prec@1 85.938 (86.719)	Prec@5 96.875 (98.864)
Epoch: [180][20/40], lr: 0.00000	Loss 0.3428 (0.4997)	Prec@1 90.625 (86.868)	Prec@5 100.000 (98.810)
Epoch: [180][30/40], lr: 0.00000	Loss 0.4349 (0.4929)	Prec@1 89.062 (86.820)	Prec@5 98.438 (98.916)
Epoch [180] Training Results: Prec@1 87.100 Prec@5 98.920             Loss 0.48404
Epoch [180] Training Class Recall: [0.933,0.726,0.791,0.786,0.806,0.898,0.887,0.870,0.872,0.915]

Epoch: [181][0/40], lr: 0.00000	Loss 0.3043 (0.3043)	Prec@1 92.969 (92.969)	Prec@5 100.000 (100.000)
Epoch: [181][10/40], lr: 0.00000	Loss 0.4244 (0.4621)	Prec@1 89.062 (87.074)	Prec@5 100.000 (99.219)
Epoch: [181][20/40], lr: 0.00000	Loss 0.3368 (0.4617)	Prec@1 89.844 (87.016)	Prec@5 98.438 (99.219)
Epoch: [181][30/40], lr: 0.00000	Loss 0.5067 (0.4670)	Prec@1 85.938 (87.198)	Prec@5 100.000 (99.068)
Epoch [181] Training Results: Prec@1 86.840 Prec@5 99.080             Loss 0.47230
Epoch [181] Training Class Recall: [0.929,0.718,0.778,0.793,0.812,0.894,0.887,0.862,0.872,0.912]

Epoch: [182][0/40], lr: 0.00000	Loss 0.4643 (0.4643)	Prec@1 87.500 (87.500)	Prec@5 100.000 (100.000)
Epoch: [182][10/40], lr: 0.00000	Loss 0.3888 (0.4450)	Prec@1 91.406 (87.784)	Prec@5 98.438 (99.361)
Epoch: [182][20/40], lr: 0.00000	Loss 0.5393 (0.4649)	Prec@1 85.156 (87.537)	Prec@5 98.438 (99.182)
Epoch: [182][30/40], lr: 0.00000	Loss 0.4565 (0.4644)	Prec@1 86.719 (87.298)	Prec@5 99.219 (99.219)
Epoch [182] Training Results: Prec@1 86.920 Prec@5 99.020             Loss 0.47836
Epoch [182] Training Class Recall: [0.930,0.733,0.769,0.796,0.809,0.894,0.889,0.860,0.878,0.910]

Epoch: [183][0/40], lr: 0.00000	Loss 0.5449 (0.5449)	Prec@1 85.156 (85.156)	Prec@5 97.656 (97.656)
Epoch: [183][10/40], lr: 0.00000	Loss 0.5042 (0.4964)	Prec@1 85.938 (86.222)	Prec@5 100.000 (99.006)
Epoch: [183][20/40], lr: 0.00000	Loss 0.5274 (0.4956)	Prec@1 86.719 (86.533)	Prec@5 97.656 (98.772)
Epoch: [183][30/40], lr: 0.00000	Loss 0.4017 (0.4871)	Prec@1 89.844 (86.870)	Prec@5 100.000 (98.891)
Epoch [183] Training Results: Prec@1 86.960 Prec@5 98.940             Loss 0.48387
Epoch [183] Training Class Recall: [0.927,0.714,0.803,0.788,0.809,0.903,0.889,0.866,0.868,0.911]

Epoch: [184][0/40], lr: 0.00000	Loss 0.5721 (0.5721)	Prec@1 86.719 (86.719)	Prec@5 97.656 (97.656)
Epoch: [184][10/40], lr: 0.00000	Loss 0.4480 (0.4890)	Prec@1 89.062 (87.855)	Prec@5 96.875 (98.651)
Epoch: [184][20/40], lr: 0.00000	Loss 0.3736 (0.4849)	Prec@1 91.406 (87.351)	Prec@5 99.219 (99.107)
Epoch: [184][30/40], lr: 0.00000	Loss 0.4256 (0.4747)	Prec@1 89.062 (87.198)	Prec@5 99.219 (99.168)
Epoch [184] Training Results: Prec@1 86.940 Prec@5 99.060             Loss 0.48081
Epoch [184] Training Class Recall: [0.930,0.718,0.803,0.793,0.806,0.895,0.887,0.864,0.868,0.912]

Epoch: [185][0/40], lr: 0.00000	Loss 0.5514 (0.5514)	Prec@1 83.594 (83.594)	Prec@5 100.000 (100.000)
Epoch: [185][10/40], lr: 0.00000	Loss 0.4369 (0.4895)	Prec@1 88.281 (86.719)	Prec@5 99.219 (98.793)
Epoch: [185][20/40], lr: 0.00000	Loss 0.5948 (0.4802)	Prec@1 83.594 (87.240)	Prec@5 98.438 (98.810)
Epoch: [185][30/40], lr: 0.00000	Loss 0.5358 (0.4775)	Prec@1 82.031 (87.273)	Prec@5 100.000 (99.017)
Epoch [185] Training Results: Prec@1 87.060 Prec@5 99.040             Loss 0.48134
Epoch [185] Training Class Recall: [0.933,0.726,0.791,0.796,0.806,0.900,0.889,0.864,0.862,0.915]

Epoch: [186][0/40], lr: 0.00000	Loss 0.4814 (0.4814)	Prec@1 86.719 (86.719)	Prec@5 99.219 (99.219)
Epoch: [186][10/40], lr: 0.00000	Loss 0.4710 (0.4898)	Prec@1 87.500 (86.861)	Prec@5 99.219 (99.219)
Epoch: [186][20/40], lr: 0.00000	Loss 0.5304 (0.4975)	Prec@1 86.719 (86.756)	Prec@5 99.219 (98.884)
Epoch: [186][30/40], lr: 0.00000	Loss 0.4741 (0.4763)	Prec@1 85.938 (87.198)	Prec@5 99.219 (99.017)
Epoch [186] Training Results: Prec@1 87.020 Prec@5 98.980             Loss 0.48543
Epoch [186] Training Class Recall: [0.927,0.718,0.799,0.800,0.812,0.900,0.889,0.862,0.874,0.908]

Epoch: [187][0/40], lr: 0.00000	Loss 0.5363 (0.5363)	Prec@1 88.281 (88.281)	Prec@5 98.438 (98.438)
Epoch: [187][10/40], lr: 0.00000	Loss 0.3661 (0.4994)	Prec@1 89.062 (86.719)	Prec@5 99.219 (98.793)
Epoch: [187][20/40], lr: 0.00000	Loss 0.4684 (0.4874)	Prec@1 88.281 (86.868)	Prec@5 100.000 (98.921)
Epoch: [187][30/40], lr: 0.00000	Loss 0.5398 (0.4771)	Prec@1 84.375 (87.021)	Prec@5 100.000 (99.068)
Epoch [187] Training Results: Prec@1 87.240 Prec@5 99.020             Loss 0.47334
Epoch [187] Training Class Recall: [0.930,0.737,0.782,0.800,0.815,0.903,0.891,0.868,0.870,0.911]

Epoch: [188][0/40], lr: 0.00000	Loss 0.5113 (0.5113)	Prec@1 84.375 (84.375)	Prec@5 98.438 (98.438)
Epoch: [188][10/40], lr: 0.00000	Loss 0.4171 (0.5057)	Prec@1 89.844 (86.080)	Prec@5 98.438 (98.580)
Epoch: [188][20/40], lr: 0.00000	Loss 0.5242 (0.5037)	Prec@1 85.938 (86.496)	Prec@5 97.656 (98.624)
Epoch: [188][30/40], lr: 0.00000	Loss 0.3253 (0.4763)	Prec@1 91.406 (87.248)	Prec@5 100.000 (98.992)
Epoch [188] Training Results: Prec@1 87.120 Prec@5 99.080             Loss 0.47617
Epoch [188] Training Class Recall: [0.934,0.714,0.803,0.791,0.812,0.894,0.889,0.868,0.872,0.914]

Epoch: [189][0/40], lr: 0.00000	Loss 0.3741 (0.3741)	Prec@1 89.062 (89.062)	Prec@5 100.000 (100.000)
Epoch: [189][10/40], lr: 0.00000	Loss 0.6105 (0.4523)	Prec@1 82.812 (87.145)	Prec@5 99.219 (99.148)
Epoch: [189][20/40], lr: 0.00000	Loss 0.5038 (0.4468)	Prec@1 87.500 (87.946)	Prec@5 98.438 (99.070)
Epoch: [189][30/40], lr: 0.00000	Loss 0.4457 (0.4763)	Prec@1 85.938 (87.046)	Prec@5 99.219 (99.093)
Epoch [189] Training Results: Prec@1 87.020 Prec@5 99.080             Loss 0.48023
Epoch [189] Training Class Recall: [0.930,0.726,0.795,0.788,0.815,0.892,0.893,0.866,0.870,0.912]

Epoch: [190][0/40], lr: 0.00000	Loss 0.5337 (0.5337)	Prec@1 85.938 (85.938)	Prec@5 100.000 (100.000)
Epoch: [190][10/40], lr: 0.00000	Loss 0.5044 (0.5123)	Prec@1 83.594 (85.938)	Prec@5 100.000 (99.432)
Epoch: [190][20/40], lr: 0.00000	Loss 0.3285 (0.4772)	Prec@1 92.188 (87.388)	Prec@5 99.219 (99.107)
Epoch: [190][30/40], lr: 0.00000	Loss 0.4707 (0.4723)	Prec@1 87.500 (87.676)	Prec@5 98.438 (98.992)
Epoch [190] Training Results: Prec@1 87.140 Prec@5 99.000             Loss 0.48140
Epoch [190] Training Class Recall: [0.938,0.726,0.803,0.783,0.809,0.898,0.889,0.868,0.870,0.910]

Epoch: [191][0/40], lr: 0.00000	Loss 0.3552 (0.3552)	Prec@1 87.500 (87.500)	Prec@5 100.000 (100.000)
Epoch: [191][10/40], lr: 0.00000	Loss 0.3699 (0.4667)	Prec@1 92.188 (87.429)	Prec@5 98.438 (98.580)
Epoch: [191][20/40], lr: 0.00000	Loss 0.3766 (0.4720)	Prec@1 89.062 (87.202)	Prec@5 100.000 (98.810)
Epoch: [191][30/40], lr: 0.00000	Loss 0.5213 (0.4756)	Prec@1 86.719 (87.072)	Prec@5 99.219 (98.916)
Epoch [191] Training Results: Prec@1 86.800 Prec@5 98.880             Loss 0.48500
Epoch [191] Training Class Recall: [0.933,0.692,0.786,0.788,0.812,0.901,0.887,0.866,0.866,0.908]

Epoch: [192][0/40], lr: 0.00000	Loss 0.5700 (0.5700)	Prec@1 83.594 (83.594)	Prec@5 100.000 (100.000)
Epoch: [192][10/40], lr: 0.00000	Loss 0.5717 (0.5262)	Prec@1 82.031 (84.872)	Prec@5 100.000 (98.935)
Epoch: [192][20/40], lr: 0.00000	Loss 0.3889 (0.4905)	Prec@1 90.625 (86.682)	Prec@5 98.438 (99.033)
Epoch: [192][30/40], lr: 0.00000	Loss 0.4617 (0.4797)	Prec@1 88.281 (87.097)	Prec@5 100.000 (98.992)
Epoch [192] Training Results: Prec@1 87.100 Prec@5 99.060             Loss 0.47739
Epoch [192] Training Class Recall: [0.930,0.726,0.799,0.800,0.812,0.900,0.885,0.860,0.870,0.914]

Epoch: [193][0/40], lr: 0.00000	Loss 0.5816 (0.5816)	Prec@1 81.250 (81.250)	Prec@5 98.438 (98.438)
Epoch: [193][10/40], lr: 0.00000	Loss 0.4586 (0.4949)	Prec@1 87.500 (86.790)	Prec@5 99.219 (98.935)
Epoch: [193][20/40], lr: 0.00000	Loss 0.4423 (0.4912)	Prec@1 89.062 (86.979)	Prec@5 97.656 (98.921)
Epoch: [193][30/40], lr: 0.00000	Loss 0.5015 (0.4831)	Prec@1 83.594 (86.920)	Prec@5 99.219 (98.992)
Epoch [193] Training Results: Prec@1 87.060 Prec@5 98.980             Loss 0.47875
Epoch [193] Training Class Recall: [0.934,0.726,0.778,0.798,0.806,0.897,0.887,0.870,0.870,0.911]

Epoch: [194][0/40], lr: 0.00000	Loss 0.5085 (0.5085)	Prec@1 85.156 (85.156)	Prec@5 98.438 (98.438)
Epoch: [194][10/40], lr: 0.00000	Loss 0.4575 (0.4975)	Prec@1 86.719 (86.364)	Prec@5 98.438 (98.793)
Epoch: [194][20/40], lr: 0.00000	Loss 0.5317 (0.4927)	Prec@1 83.594 (86.235)	Prec@5 100.000 (99.070)
Epoch: [194][30/40], lr: 0.00000	Loss 0.4033 (0.4827)	Prec@1 89.844 (86.845)	Prec@5 99.219 (99.042)
Epoch [194] Training Results: Prec@1 87.160 Prec@5 99.020             Loss 0.47351
Epoch [194] Training Class Recall: [0.932,0.729,0.786,0.798,0.809,0.906,0.891,0.860,0.868,0.912]

Epoch: [195][0/40], lr: 0.00000	Loss 0.3391 (0.3391)	Prec@1 91.406 (91.406)	Prec@5 100.000 (100.000)
Epoch: [195][10/40], lr: 0.00000	Loss 0.5240 (0.4819)	Prec@1 86.719 (87.074)	Prec@5 99.219 (99.006)
Epoch: [195][20/40], lr: 0.00000	Loss 0.4175 (0.4859)	Prec@1 86.719 (86.868)	Prec@5 99.219 (98.884)
Epoch: [195][30/40], lr: 0.00000	Loss 0.5225 (0.4788)	Prec@1 85.156 (86.895)	Prec@5 99.219 (99.068)
Epoch [195] Training Results: Prec@1 86.700 Prec@5 99.040             Loss 0.48421
Epoch [195] Training Class Recall: [0.931,0.733,0.782,0.783,0.806,0.889,0.889,0.864,0.866,0.907]

Epoch: [196][0/40], lr: 0.00000	Loss 0.6624 (0.6624)	Prec@1 83.594 (83.594)	Prec@5 98.438 (98.438)
Epoch: [196][10/40], lr: 0.00000	Loss 0.4341 (0.4862)	Prec@1 88.281 (87.216)	Prec@5 98.438 (98.864)
Epoch: [196][20/40], lr: 0.00000	Loss 0.5121 (0.4807)	Prec@1 85.156 (86.756)	Prec@5 98.438 (99.033)
Epoch: [196][30/40], lr: 0.00000	Loss 0.4256 (0.4809)	Prec@1 89.062 (86.643)	Prec@5 99.219 (99.068)
Epoch [196] Training Results: Prec@1 86.840 Prec@5 99.100             Loss 0.48058
Epoch [196] Training Class Recall: [0.927,0.726,0.778,0.788,0.803,0.895,0.893,0.868,0.868,0.912]

Epoch: [197][0/40], lr: 0.00000	Loss 0.4797 (0.4797)	Prec@1 87.500 (87.500)	Prec@5 100.000 (100.000)
Epoch: [197][10/40], lr: 0.00000	Loss 0.5967 (0.4837)	Prec@1 82.812 (87.500)	Prec@5 96.875 (99.219)
Epoch: [197][20/40], lr: 0.00000	Loss 0.4433 (0.4844)	Prec@1 89.844 (87.165)	Prec@5 100.000 (99.144)
Epoch: [197][30/40], lr: 0.00000	Loss 0.4502 (0.4842)	Prec@1 88.281 (86.971)	Prec@5 97.656 (99.143)
Epoch [197] Training Results: Prec@1 86.880 Prec@5 99.200             Loss 0.48229
Epoch [197] Training Class Recall: [0.925,0.722,0.808,0.791,0.809,0.898,0.887,0.868,0.864,0.908]

Epoch: [198][0/40], lr: 0.00000	Loss 0.5517 (0.5517)	Prec@1 81.250 (81.250)	Prec@5 99.219 (99.219)
Epoch: [198][10/40], lr: 0.00000	Loss 0.4548 (0.5095)	Prec@1 87.500 (86.506)	Prec@5 97.656 (98.580)
Epoch: [198][20/40], lr: 0.00000	Loss 0.5732 (0.4867)	Prec@1 82.812 (87.165)	Prec@5 97.656 (98.735)
Epoch: [198][30/40], lr: 0.00000	Loss 0.5643 (0.4825)	Prec@1 84.375 (87.046)	Prec@5 100.000 (98.942)
Epoch [198] Training Results: Prec@1 86.960 Prec@5 99.040             Loss 0.48086
Epoch [198] Training Class Recall: [0.930,0.718,0.795,0.796,0.806,0.897,0.889,0.860,0.870,0.914]

Epoch: [199][0/40], lr: 0.00000	Loss 0.5225 (0.5225)	Prec@1 86.719 (86.719)	Prec@5 100.000 (100.000)
Epoch: [199][10/40], lr: 0.00000	Loss 0.5803 (0.4806)	Prec@1 84.375 (87.003)	Prec@5 99.219 (99.574)
Epoch: [199][20/40], lr: 0.00000	Loss 0.5667 (0.4810)	Prec@1 84.375 (87.016)	Prec@5 100.000 (99.368)
Epoch: [199][30/40], lr: 0.00000	Loss 0.3784 (0.4796)	Prec@1 89.844 (87.021)	Prec@5 99.219 (99.294)
Epoch [199] Training Results: Prec@1 86.980 Prec@5 99.240             Loss 0.48181
Epoch [199] Training Class Recall: [0.931,0.733,0.786,0.788,0.809,0.894,0.885,0.868,0.872,0.912]

