Log file: cifar100_sava0.7_deepsmote_sava_exp0.01_seed42_20260614_035956.log
Run started: 2026-06-14 03:59:56.006623
Dataset: cifar100
Imbalance type: exp, factor: 0.01
Selection method: sava, ratio: 0.7
Strategy: DeepSMOTE_Sava, epochs: 200
Seed: 42, rand_number: 0
Augmentation: weak
Noise ratio: 0.2
mamix_ratio: 1.0
============================================================

=> No CSV or TensorBoard logging – only console and debug log.
-----------------------------------------------
Class ID   | Original   | Selected   | Keep %  
-----------------------------------------------
0          | 520        | 273        |   52.5%
1          | 498        | 276        |   55.4%
2          | 498        | 360        |   72.3%
3          | 509        | 431        |   84.7%
4          | 516        | 469        |   90.9%
5          | 507        | 399        |   78.7%
6          | 499        | 357        |   71.5%
7          | 493        | 410        |   83.2%
8          | 498        | 416        |   83.5%
9          | 490        | 310        |   63.3%
10         | 517        | 390        |   75.4%
11         | 533        | 320        |   60.0%
12         | 514        | 449        |   87.4%
13         | 494        | 329        |   66.6%
14         | 501        | 391        |   78.0%
15         | 488        | 394        |   80.7%
16         | 507        | 353        |   69.6%
17         | 503        | 462        |   91.8%
18         | 498        | 469        |   94.2%
19         | 494        | 435        |   88.1%
20         | 509        | 65         |   12.8%
21         | 515        | 452        |   87.8%
22         | 478        | 291        |   60.9%
23         | 507        | 438        |   86.4%
24         | 501        | 88         |   17.6%
25         | 483        | 410        |   84.9%
26         | 514        | 449        |   87.4%
27         | 498        | 458        |   92.0%
28         | 481        | 278        |   57.8%
29         | 506        | 333        |   65.8%
30         | 494        | 209        |   42.3%
31         | 495        | 98         |   19.8%
32         | 478        | 394        |   82.4%
33         | 476        | 384        |   80.7%
34         | 509        | 382        |   75.0%
35         | 513        | 390        |   76.0%
36         | 502        | 408        |   81.3%
37         | 493        | 401        |   81.3%
38         | 510        | 465        |   91.2%
39         | 507        | 378        |   74.6%
40         | 499        | 319        |   63.9%
41         | 485        | 299        |   61.6%
42         | 491        | 414        |   84.3%
43         | 517        | 451        |   87.2%
44         | 490        | 439        |   89.6%
45         | 513        | 328        |   63.9%
46         | 506        | 296        |   58.5%
47         | 521        | 455        |   87.3%
48         | 496        | 255        |   51.4%
49         | 504        | 381        |   75.6%
50         | 501        | 451        |   90.0%
51         | 511        | 445        |   87.1%
52         | 501        | 460        |   91.8%
53         | 498        | 124        |   24.9%
54         | 500        | 362        |   72.4%
55         | 489        | 405        |   82.8%
56         | 520        | 451        |   86.7%
57         | 497        | 190        |   38.2%
58         | 497        | 202        |   40.6%
59         | 499        | 201        |   40.3%
60         | 489        | 459        |   93.9%
61         | 490        | 278        |   56.7%
62         | 489        | 341        |   69.7%
63         | 503        | 392        |   77.9%
64         | 504        | 331        |   65.7%
65         | 492        | 441        |   89.6%
66         | 487        | 451        |   92.6%
67         | 473        | 136        |   28.8%
68         | 495        | 360        |   72.7%
69         | 483        | 294        |   60.9%
70         | 501        | 346        |   69.1%
71         | 527        | 422        |   80.1%
72         | 510        | 352        |   69.0%
73         | 488        | 105        |   21.5%
74         | 508        | 348        |   68.5%
75         | 524        | 319        |   60.9%
76         | 523        | 443        |   84.7%
77         | 490        | 370        |   75.5%
78         | 509        | 403        |   79.2%
79         | 487        | 418        |   85.8%
80         | 483        | 440        |   91.1%
81         | 487        | 78         |   16.0%
82         | 497        | 148        |   29.8%
83         | 479        | 215        |   44.9%
84         | 496        | 410        |   82.7%
85         | 504        | 459        |   91.1%
86         | 498        | 395        |   79.3%
87         | 514        | 204        |   39.7%
88         | 518        | 431        |   83.2%
89         | 499        | 388        |   77.8%
90         | 491        | 287        |   58.5%
91         | 478        | 399        |   83.5%
92         | 521        | 99         |   19.0%
93         | 501        | 405        |   80.8%
94         | 497        | 391        |   78.7%
95         | 528        | 479        |   90.7%
96         | 499        | 458        |   91.8%
97         | 501        | 302        |   60.3%
98         | 487        | 233        |   47.8%
99         | 469        | 378        |   80.6%
-----------------------------------------------
TOTAL      | 50000      | 35000      |   70.0%
-----------------------------------------------
Training Group Acc: [0.066,0.000,0.000]
Epoch [0] Training Results: Prec@1 7.357 Prec@5 22.043 Loss 4.22784
Epoch [0] Training Class Recall: [0.114,0.033,0.014,0.070,0.049,0.018,0.048,0.007,0.014,0.003,0.013,0.003,
 0.089,0.040,0.061,0.023,0.003,0.143,0.085,0.000,0.000,0.277,0.007,0.174,
 0.000,0.041,0.007,0.035,0.022,0.000,0.014,0.000,0.000,0.062,0.021,0.013,
 0.140,0.042,0.101,0.013,0.006,0.007,0.005,0.153,0.025,0.000,0.030,0.110,
 0.000,0.102,0.011,0.029,0.226,0.008,0.041,0.015,0.024,0.000,0.000,0.000,
 0.220,0.162,0.323,0.054,0.003,0.034,0.115,0.000,0.283,0.092,0.058,0.299,
 0.023,0.000,0.029,0.031,0.138,0.011,0.007,0.010,0.089,0.000,0.000,0.014,
 0.237,0.100,0.005,0.029,0.125,0.018,0.080,0.055,0.000,0.047,0.304,0.334,
 0.376,0.000,0.000,0.013]
Testing Group Acc: [0.065,0.000,0.000]
Epoch [0] Testing Results: Prec@1 6.170 Prec@5 20.580 Loss 4.39703
Epoch [0] Testing Class Recall: [0.000,0.000,0.000,0.000,0.370,0.030,0.000,0.160,0.130,0.000,0.000,0.030,
 0.250,0.010,0.030,0.030,0.000,0.050,0.380,0.010,0.000,0.610,0.000,0.050,
 0.000,0.000,0.000,0.000,0.000,0.000,0.000,0.000,0.000,0.010,0.000,0.000,
 0.030,0.000,0.000,0.000,0.000,0.000,0.000,0.350,0.000,0.000,0.070,0.020,
 0.000,0.050,0.000,0.000,0.180,0.000,0.010,0.000,0.020,0.000,0.000,0.000,
 0.580,0.150,0.730,0.000,0.000,0.000,0.020,0.000,0.040,0.010,0.190,0.120,
 0.000,0.000,0.060,0.000,0.200,0.000,0.000,0.000,0.010,0.000,0.000,0.060,
 0.020,0.000,0.000,0.000,0.000,0.000,0.010,0.010,0.000,0.030,0.190,0.750,
 0.090,0.000,0.000,0.020]
Training Group Acc: [0.139,0.000,0.000]
Epoch [1] Training Results: Prec@1 15.086 Prec@5 35.886 Loss 3.84037
Epoch [1] Training Class Recall: [0.154,0.025,0.072,0.070,0.085,0.028,0.048,0.046,0.041,0.023,0.010,0.019,
 0.147,0.106,0.051,0.038,0.023,0.190,0.162,0.071,0.000,0.338,0.000,0.301,
 0.000,0.024,0.009,0.046,0.032,0.048,0.019,0.000,0.015,0.133,0.018,0.072,
 0.287,0.042,0.112,0.063,0.003,0.027,0.036,0.160,0.032,0.021,0.169,0.275,
 0.012,0.213,0.040,0.124,0.404,0.000,0.171,0.025,0.104,0.005,0.030,0.010,
 0.466,0.227,0.390,0.166,0.018,0.020,0.191,0.007,0.494,0.099,0.101,0.464,
 0.060,0.000,0.083,0.191,0.375,0.105,0.057,0.172,0.120,0.000,0.068,0.065,
 0.424,0.261,0.099,0.113,0.381,0.098,0.355,0.318,0.000,0.301,0.552,0.653,
 0.572,0.030,0.013,0.228]
Testing Group Acc: [0.095,0.000,0.000]
Epoch [1] Testing Results: Prec@1 9.020 Prec@5 25.850 Loss 4.30232
Epoch [1] Testing Class Recall: [0.150,0.080,0.170,0.010,0.020,0.000,0.080,0.070,0.160,0.040,0.000,0.000,
 0.280,0.370,0.280,0.080,0.000,0.080,0.140,0.400,0.000,0.530,0.000,0.510,
 0.000,0.010,0.000,0.000,0.040,0.220,0.020,0.000,0.000,0.000,0.000,0.010,
 0.130,0.000,0.130,0.000,0.000,0.100,0.000,0.050,0.020,0.000,0.210,0.220,
 0.000,0.020,0.000,0.020,0.720,0.000,0.280,0.000,0.010,0.000,0.000,0.000,
 0.430,0.180,0.580,0.000,0.010,0.010,0.070,0.000,0.040,0.040,0.460,0.100,
 0.000,0.010,0.020,0.030,0.220,0.030,0.000,0.020,0.010,0.000,0.000,0.000,
 0.000,0.130,0.040,0.000,0.010,0.000,0.000,0.080,0.000,0.100,0.150,0.460,
 0.120,0.000,0.000,0.010]
Training Group Acc: [0.218,0.000,0.000]
Epoch [2] Training Results: Prec@1 22.997 Prec@5 45.820 Loss 3.53342
Epoch [2] Training Class Recall: [0.249,0.036,0.053,0.042,0.045,0.048,0.092,0.107,0.077,0.077,0.015,0.019,
 0.194,0.176,0.038,0.099,0.025,0.273,0.168,0.124,0.000,0.394,0.007,0.349,
 0.000,0.076,0.004,0.061,0.043,0.063,0.096,0.000,0.005,0.151,0.052,0.131,
 0.299,0.140,0.178,0.077,0.006,0.117,0.075,0.239,0.030,0.052,0.260,0.330,
 0.067,0.307,0.073,0.184,0.517,0.008,0.207,0.047,0.233,0.000,0.104,0.060,
 0.564,0.317,0.434,0.253,0.036,0.063,0.326,0.074,0.608,0.241,0.147,0.514,
 0.185,0.048,0.273,0.335,0.600,0.311,0.166,0.366,0.282,0.000,0.122,0.116,
 0.517,0.486,0.304,0.230,0.527,0.206,0.498,0.694,0.000,0.533,0.706,0.766,
 0.710,0.334,0.270,0.516]
Testing Group Acc: [0.118,0.000,0.000]
Epoch [2] Testing Results: Prec@1 11.190 Prec@5 30.050 Loss 4.23788
Epoch [2] Testing Class Recall: [0.370,0.100,0.040,0.270,0.000,0.330,0.280,0.180,0.110,0.050,0.000,0.000,
 0.300,0.220,0.300,0.000,0.090,0.590,0.370,0.250,0.000,0.550,0.000,0.470,
 0.000,0.000,0.050,0.020,0.000,0.140,0.130,0.000,0.000,0.030,0.000,0.070,
 0.190,0.070,0.250,0.010,0.000,0.110,0.000,0.020,0.000,0.000,0.170,0.100,
 0.000,0.370,0.000,0.110,0.550,0.000,0.340,0.050,0.020,0.000,0.000,0.010,
 0.350,0.090,0.320,0.030,0.010,0.030,0.030,0.000,0.160,0.040,0.000,0.230,
 0.000,0.000,0.120,0.020,0.380,0.020,0.020,0.130,0.010,0.000,0.030,0.000,
 0.040,0.220,0.010,0.000,0.050,0.070,0.050,0.000,0.000,0.040,0.120,0.240,
 0.390,0.160,0.070,0.030]
Training Group Acc: [0.282,0.000,0.000]
Epoch [3] Training Results: Prec@1 29.240 Prec@5 52.094 Loss 3.29811
Epoch [3] Training Class Recall: [0.315,0.105,0.089,0.039,0.060,0.075,0.087,0.144,0.166,0.097,0.008,0.022,
 0.254,0.179,0.100,0.076,0.085,0.277,0.190,0.182,0.000,0.431,0.021,0.377,
 0.000,0.112,0.020,0.103,0.097,0.075,0.153,0.000,0.010,0.182,0.128,0.205,
 0.324,0.212,0.217,0.082,0.016,0.214,0.101,0.313,0.073,0.079,0.220,0.334,
 0.110,0.407,0.149,0.274,0.548,0.008,0.287,0.116,0.299,0.011,0.248,0.129,
 0.584,0.317,0.487,0.406,0.118,0.079,0.446,0.140,0.653,0.293,0.153,0.590,
 0.284,0.029,0.471,0.492,0.650,0.516,0.298,0.471,0.450,0.000,0.311,0.158,
 0.612,0.632,0.489,0.358,0.608,0.500,0.617,0.762,0.000,0.667,0.742,0.764,
 0.793,0.523,0.442,0.622]
Testing Group Acc: [0.115,0.000,0.000]
Epoch [3] Testing Results: Prec@1 10.970 Prec@5 29.300 Loss 4.38013
Epoch [3] Testing Class Recall: [0.560,0.050,0.430,0.020,0.010,0.270,0.280,0.330,0.190,0.210,0.010,0.010,
 0.070,0.510,0.170,0.010,0.090,0.230,0.290,0.350,0.000,0.490,0.000,0.340,
 0.000,0.120,0.010,0.060,0.010,0.110,0.390,0.000,0.000,0.100,0.020,0.120,
 0.050,0.000,0.000,0.100,0.060,0.050,0.000,0.000,0.000,0.000,0.030,0.280,
 0.000,0.190,0.020,0.060,0.680,0.000,0.030,0.070,0.190,0.000,0.050,0.000,
 0.310,0.110,0.560,0.010,0.000,0.000,0.220,0.000,0.010,0.030,0.430,0.100,
 0.000,0.000,0.170,0.200,0.120,0.130,0.000,0.010,0.010,0.000,0.000,0.000,
 0.040,0.010,0.010,0.000,0.020,0.040,0.000,0.070,0.000,0.010,0.070,0.360,
 0.160,0.040,0.000,0.000]
Training Group Acc: [0.327,0.002,0.000]
Epoch [4] Training Results: Prec@1 33.634 Prec@5 56.326 Loss 3.12638
Epoch [4] Training Class Recall: [0.315,0.116,0.083,0.079,0.070,0.098,0.132,0.159,0.178,0.171,0.023,0.037,
 0.267,0.161,0.102,0.086,0.127,0.333,0.205,0.218,0.000,0.431,0.031,0.411,
 0.000,0.132,0.033,0.172,0.072,0.108,0.211,0.000,0.036,0.268,0.173,0.190,
 0.395,0.165,0.260,0.140,0.025,0.291,0.184,0.368,0.055,0.082,0.264,0.431,
 0.176,0.415,0.206,0.344,0.528,0.000,0.293,0.207,0.370,0.053,0.317,0.154,
 0.601,0.381,0.531,0.497,0.248,0.147,0.548,0.257,0.642,0.364,0.225,0.637,
 0.429,0.010,0.589,0.549,0.648,0.589,0.471,0.522,0.559,0.000,0.365,0.191,
 0.661,0.693,0.600,0.520,0.673,0.624,0.672,0.759,0.010,0.738,0.765,0.777,
 0.823,0.616,0.485,0.661]
Testing Group Acc: [0.143,0.000,0.000]
Epoch [4] Testing Results: Prec@1 13.580 Prec@5 34.460 Loss 4.13379
Epoch [4] Testing Class Recall: [0.550,0.170,0.150,0.190,0.070,0.170,0.090,0.450,0.240,0.250,0.010,0.170,
 0.380,0.110,0.240,0.010,0.180,0.620,0.160,0.240,0.000,0.600,0.000,0.290,
 0.000,0.070,0.000,0.020,0.000,0.190,0.310,0.000,0.020,0.040,0.060,0.020,
 0.200,0.090,0.210,0.040,0.010,0.080,0.100,0.330,0.020,0.030,0.140,0.110,
 0.080,0.300,0.050,0.060,0.830,0.000,0.260,0.050,0.000,0.000,0.010,0.000,
 0.500,0.160,0.630,0.150,0.040,0.010,0.010,0.010,0.210,0.070,0.270,0.320,
 0.040,0.030,0.160,0.380,0.330,0.040,0.000,0.040,0.070,0.000,0.090,0.050,
 0.000,0.140,0.020,0.000,0.060,0.000,0.010,0.010,0.000,0.030,0.020,0.460,
 0.060,0.020,0.020,0.050]
Training Group Acc: [0.377,0.024,0.000]
Epoch [5] Training Results: Prec@1 38.609 Prec@5 60.374 Loss 2.95441
Epoch [5] Training Class Recall: [0.344,0.134,0.147,0.095,0.094,0.150,0.134,0.232,0.238,0.197,0.031,0.028,
 0.316,0.231,0.146,0.112,0.085,0.387,0.194,0.260,0.000,0.493,0.007,0.427,
 0.000,0.193,0.040,0.210,0.094,0.102,0.268,0.000,0.076,0.310,0.238,0.267,
 0.387,0.269,0.329,0.175,0.075,0.361,0.256,0.412,0.128,0.122,0.338,0.477,
 0.239,0.496,0.288,0.420,0.596,0.048,0.345,0.328,0.481,0.132,0.386,0.274,
 0.662,0.482,0.566,0.546,0.329,0.256,0.548,0.287,0.700,0.439,0.246,0.704,
 0.554,0.057,0.624,0.599,0.693,0.668,0.548,0.644,0.625,0.000,0.392,0.260,
 0.705,0.730,0.661,0.647,0.677,0.714,0.669,0.820,0.121,0.765,0.775,0.806,
 0.845,0.699,0.541,0.696]
Testing Group Acc: [0.142,0.000,0.000]
Epoch [5] Testing Results: Prec@1 13.450 Prec@5 34.060 Loss 4.23012
Epoch [5] Testing Class Recall: [0.270,0.130,0.210,0.180,0.010,0.150,0.360,0.070,0.150,0.120,0.010,0.010,
 0.410,0.330,0.070,0.120,0.100,0.650,0.080,0.290,0.000,0.310,0.000,0.310,
 0.000,0.110,0.000,0.040,0.040,0.320,0.280,0.000,0.010,0.040,0.060,0.200,
 0.330,0.060,0.060,0.070,0.000,0.080,0.030,0.460,0.000,0.040,0.220,0.300,
 0.010,0.280,0.020,0.170,0.430,0.000,0.330,0.030,0.450,0.000,0.040,0.030,
 0.730,0.090,0.480,0.100,0.000,0.000,0.030,0.010,0.020,0.410,0.540,0.350,
 0.050,0.000,0.040,0.320,0.410,0.020,0.010,0.020,0.040,0.000,0.010,0.050,
 0.040,0.050,0.000,0.000,0.080,0.020,0.020,0.050,0.000,0.020,0.080,0.360,
 0.030,0.010,0.060,0.020]
Training Group Acc: [0.416,0.024,0.000]
Epoch [6] Training Results: Prec@1 42.549 Prec@5 63.329 Loss 2.80847
Epoch [6] Training Class Recall: [0.377,0.188,0.183,0.088,0.117,0.133,0.182,0.295,0.310,0.239,0.067,0.059,
 0.343,0.243,0.146,0.150,0.122,0.433,0.279,0.241,0.000,0.515,0.034,0.445,
 0.000,0.220,0.033,0.264,0.140,0.192,0.287,0.000,0.119,0.370,0.267,0.315,
 0.473,0.299,0.363,0.267,0.088,0.405,0.316,0.486,0.166,0.201,0.345,0.523,
 0.298,0.530,0.319,0.467,0.622,0.048,0.398,0.410,0.559,0.174,0.426,0.299,
 0.704,0.576,0.589,0.599,0.441,0.374,0.665,0.324,0.683,0.490,0.364,0.756,
 0.591,0.038,0.658,0.624,0.700,0.714,0.608,0.718,0.698,0.000,0.385,0.247,
 0.744,0.745,0.694,0.652,0.691,0.735,0.749,0.812,0.121,0.785,0.795,0.816,
 0.836,0.702,0.579,0.725]
Testing Group Acc: [0.140,0.000,0.000]
Epoch [6] Testing Results: Prec@1 13.280 Prec@5 32.700 Loss 4.40812
Epoch [6] Testing Class Recall: [0.520,0.600,0.530,0.020,0.000,0.270,0.340,0.580,0.370,0.220,0.000,0.040,
 0.580,0.430,0.270,0.050,0.170,0.170,0.210,0.180,0.000,0.330,0.100,0.600,
 0.000,0.130,0.060,0.180,0.000,0.100,0.400,0.000,0.050,0.320,0.040,0.030,
 0.130,0.060,0.050,0.120,0.100,0.020,0.110,0.240,0.060,0.020,0.010,0.220,
 0.010,0.100,0.080,0.130,0.420,0.010,0.230,0.140,0.130,0.060,0.010,0.020,
 0.420,0.080,0.410,0.090,0.010,0.010,0.060,0.000,0.070,0.170,0.040,0.170,
 0.000,0.000,0.050,0.020,0.450,0.050,0.000,0.080,0.150,0.000,0.000,0.030,
 0.020,0.060,0.010,0.020,0.020,0.020,0.030,0.030,0.000,0.000,0.100,0.220,
 0.010,0.010,0.000,0.000]
Training Group Acc: [0.442,0.048,0.000]
Epoch [7] Training Results: Prec@1 45.074 Prec@5 64.923 Loss 2.71726
Epoch [7] Training Class Recall: [0.396,0.185,0.192,0.116,0.115,0.150,0.162,0.329,0.308,0.274,0.036,0.041,
 0.350,0.286,0.159,0.173,0.164,0.446,0.260,0.320,0.000,0.515,0.041,0.450,
 0.000,0.246,0.049,0.306,0.180,0.201,0.344,0.000,0.183,0.406,0.317,0.364,
 0.468,0.367,0.381,0.230,0.223,0.438,0.413,0.488,0.212,0.213,0.361,0.543,
 0.306,0.580,0.370,0.548,0.637,0.073,0.459,0.449,0.576,0.221,0.495,0.343,
 0.702,0.604,0.613,0.625,0.462,0.467,0.627,0.324,0.711,0.544,0.384,0.730,
 0.634,0.029,0.713,0.671,0.727,0.735,0.623,0.746,0.748,0.026,0.493,0.302,
 0.766,0.765,0.744,0.657,0.703,0.768,0.756,0.820,0.212,0.785,0.813,0.823,
 0.852,0.689,0.609,0.759]
Testing Group Acc: [0.150,0.000,0.000]
Epoch [7] Testing Results: Prec@1 14.250 Prec@5 35.210 Loss 4.47232
Epoch [7] Testing Class Recall: [0.410,0.540,0.210,0.070,0.010,0.100,0.240,0.520,0.580,0.350,0.050,0.040,
 0.460,0.190,0.180,0.040,0.210,0.330,0.180,0.090,0.000,0.460,0.000,0.490,
 0.000,0.430,0.020,0.080,0.030,0.080,0.390,0.000,0.050,0.170,0.030,0.270,
 0.150,0.190,0.070,0.020,0.000,0.090,0.340,0.290,0.000,0.040,0.040,0.530,
 0.020,0.330,0.030,0.090,0.330,0.010,0.230,0.000,0.290,0.000,0.010,0.010,
 0.750,0.050,0.290,0.100,0.020,0.030,0.000,0.000,0.290,0.340,0.230,0.220,
 0.020,0.010,0.030,0.030,0.380,0.040,0.020,0.030,0.020,0.000,0.020,0.070,
 0.010,0.150,0.000,0.000,0.070,0.110,0.000,0.040,0.000,0.040,0.090,0.170,
 0.160,0.000,0.000,0.010]
Training Group Acc: [0.462,0.048,0.000]
Epoch [8] Training Results: Prec@1 47.054 Prec@5 66.626 Loss 2.63742
Epoch [8] Training Class Recall: [0.407,0.217,0.181,0.116,0.134,0.185,0.171,0.351,0.320,0.281,0.067,0.041,
 0.356,0.258,0.169,0.208,0.167,0.487,0.299,0.317,0.000,0.542,0.055,0.493,
 0.000,0.256,0.076,0.325,0.198,0.228,0.373,0.000,0.203,0.430,0.369,0.385,
 0.505,0.419,0.378,0.267,0.241,0.438,0.360,0.568,0.228,0.280,0.365,0.611,
 0.325,0.570,0.408,0.535,0.643,0.081,0.486,0.541,0.599,0.279,0.515,0.438,
 0.702,0.608,0.651,0.645,0.523,0.574,0.665,0.316,0.725,0.575,0.477,0.732,
 0.682,0.076,0.767,0.671,0.758,0.749,0.638,0.761,0.720,0.038,0.480,0.293,
 0.768,0.791,0.757,0.672,0.715,0.758,0.770,0.815,0.202,0.778,0.813,0.816,
 0.854,0.705,0.571,0.751]
Testing Group Acc: [0.165,0.000,0.000]
Epoch [8] Testing Results: Prec@1 15.630 Prec@5 36.850 Loss 4.15721
Epoch [8] Testing Class Recall: [0.340,0.360,0.040,0.210,0.180,0.300,0.400,0.380,0.260,0.410,0.110,0.060,
 0.640,0.400,0.290,0.100,0.260,0.550,0.090,0.230,0.000,0.390,0.030,0.520,
 0.000,0.080,0.190,0.050,0.020,0.340,0.450,0.000,0.070,0.240,0.100,0.200,
 0.120,0.020,0.060,0.200,0.010,0.010,0.040,0.340,0.010,0.040,0.110,0.270,
 0.030,0.150,0.100,0.300,0.670,0.120,0.310,0.130,0.230,0.020,0.020,0.060,
 0.520,0.150,0.440,0.140,0.000,0.010,0.090,0.000,0.120,0.230,0.180,0.290,
 0.000,0.080,0.200,0.190,0.170,0.030,0.020,0.070,0.040,0.000,0.090,0.020,
 0.040,0.080,0.010,0.000,0.040,0.070,0.010,0.040,0.000,0.000,0.180,0.270,
 0.090,0.010,0.030,0.020]
Training Group Acc: [0.477,0.064,0.000]
Epoch [9] Training Results: Prec@1 48.517 Prec@5 67.954 Loss 2.57465
Epoch [9] Training Class Recall: [0.429,0.232,0.169,0.139,0.132,0.185,0.179,0.371,0.361,0.297,0.079,0.075,
 0.367,0.264,0.176,0.244,0.198,0.474,0.328,0.317,0.000,0.546,0.069,0.507,
 0.011,0.285,0.073,0.345,0.227,0.288,0.378,0.020,0.218,0.445,0.401,0.372,
 0.510,0.416,0.387,0.310,0.270,0.452,0.425,0.568,0.287,0.296,0.368,0.571,
 0.412,0.625,0.412,0.578,0.667,0.089,0.533,0.543,0.619,0.321,0.525,0.443,
 0.723,0.647,0.654,0.676,0.544,0.522,0.687,0.353,0.731,0.602,0.488,0.761,
 0.659,0.086,0.744,0.693,0.749,0.757,0.663,0.778,0.741,0.077,0.507,0.358,
 0.790,0.780,0.767,0.652,0.724,0.755,0.756,0.812,0.212,0.775,0.824,0.827,
 0.873,0.719,0.584,0.775]
Testing Group Acc: [0.158,0.000,0.000]
Epoch [9] Testing Results: Prec@1 15.040 Prec@5 34.980 Loss 4.44312
Epoch [9] Testing Class Recall: [0.460,0.400,0.580,0.160,0.110,0.280,0.230,0.440,0.560,0.390,0.000,0.030,
 0.230,0.530,0.160,0.260,0.230,0.780,0.480,0.280,0.000,0.590,0.010,0.460,
 0.000,0.120,0.040,0.030,0.100,0.130,0.370,0.000,0.140,0.400,0.040,0.300,
 0.350,0.030,0.100,0.100,0.000,0.070,0.050,0.340,0.000,0.070,0.040,0.320,
 0.000,0.130,0.080,0.090,0.670,0.000,0.270,0.010,0.250,0.010,0.000,0.020,
 0.530,0.120,0.480,0.030,0.030,0.000,0.130,0.000,0.010,0.130,0.210,0.160,
 0.030,0.010,0.020,0.040,0.270,0.010,0.000,0.030,0.080,0.000,0.000,0.010,
 0.010,0.040,0.010,0.000,0.070,0.020,0.010,0.050,0.000,0.020,0.020,0.120,
 0.010,0.000,0.000,0.010]
Training Group Acc: [0.492,0.067,0.000]
Epoch [10] Training Results: Prec@1 49.954 Prec@5 68.626 Loss 2.51814
Epoch [10] Training Class Recall: [0.443,0.254,0.167,0.169,0.147,0.203,0.160,0.359,0.351,0.290,0.097,0.050,
 0.401,0.274,0.215,0.239,0.244,0.498,0.352,0.317,0.000,0.533,0.100,0.523,
 0.000,0.283,0.140,0.391,0.255,0.270,0.383,0.041,0.274,0.495,0.382,0.418,
 0.542,0.429,0.422,0.323,0.304,0.492,0.442,0.590,0.294,0.329,0.416,0.600,
 0.424,0.640,0.468,0.555,0.678,0.097,0.517,0.551,0.656,0.363,0.540,0.478,
 0.721,0.655,0.663,0.702,0.547,0.592,0.661,0.412,0.736,0.599,0.494,0.744,
 0.682,0.114,0.736,0.683,0.779,0.770,0.687,0.811,0.759,0.090,0.453,0.377,
 0.788,0.782,0.780,0.711,0.722,0.768,0.805,0.810,0.202,0.793,0.818,0.835,
 0.847,0.705,0.597,0.775]
Testing Group Acc: [0.142,0.000,0.000]
Epoch [10] Testing Results: Prec@1 13.520 Prec@5 32.220 Loss 4.63902
Epoch [10] Testing Class Recall: [0.500,0.300,0.490,0.000,0.120,0.180,0.480,0.770,0.500,0.200,0.040,0.070,
 0.400,0.520,0.280,0.220,0.090,0.330,0.320,0.070,0.000,0.520,0.010,0.520,
 0.000,0.140,0.010,0.330,0.100,0.070,0.410,0.000,0.120,0.200,0.040,0.130,
 0.100,0.000,0.070,0.140,0.060,0.140,0.040,0.050,0.090,0.060,0.060,0.330,
 0.030,0.160,0.030,0.070,0.500,0.020,0.230,0.010,0.340,0.000,0.000,0.010,
 0.530,0.080,0.290,0.040,0.010,0.000,0.010,0.000,0.080,0.160,0.030,0.060,
 0.010,0.010,0.030,0.010,0.270,0.010,0.000,0.010,0.070,0.000,0.010,0.000,
 0.010,0.060,0.010,0.000,0.040,0.000,0.030,0.050,0.000,0.070,0.110,0.190,
 0.180,0.000,0.010,0.020]
Training Group Acc: [0.507,0.078,0.000]
Epoch [11] Training Results: Prec@1 51.434 Prec@5 69.497 Loss 2.46632
Epoch [11] Training Class Recall: [0.432,0.236,0.256,0.200,0.179,0.213,0.216,0.393,0.341,0.303,0.095,0.062,
 0.419,0.331,0.217,0.261,0.224,0.483,0.324,0.361,0.000,0.580,0.082,0.527,
 0.023,0.310,0.120,0.391,0.234,0.288,0.378,0.000,0.307,0.536,0.421,0.418,
 0.532,0.459,0.426,0.349,0.408,0.465,0.502,0.596,0.371,0.399,0.422,0.618,
 0.388,0.654,0.486,0.587,0.672,0.105,0.555,0.573,0.625,0.353,0.545,0.527,
 0.741,0.687,0.683,0.694,0.589,0.596,0.701,0.404,0.733,0.633,0.566,0.777,
 0.705,0.133,0.761,0.712,0.779,0.773,0.700,0.789,0.768,0.154,0.493,0.428,
 0.778,0.784,0.757,0.676,0.733,0.778,0.819,0.825,0.212,0.780,0.816,0.831,
 0.867,0.728,0.609,0.762]
Testing Group Acc: [0.168,0.000,0.000]
Epoch [11] Testing Results: Prec@1 15.990 Prec@5 37.200 Loss 4.29517
Epoch [11] Testing Class Recall: [0.470,0.160,0.090,0.220,0.430,0.060,0.430,0.570,0.220,0.260,0.180,0.210,
 0.560,0.460,0.170,0.180,0.300,0.590,0.340,0.200,0.000,0.430,0.020,0.440,
 0.000,0.210,0.100,0.210,0.210,0.140,0.320,0.000,0.160,0.320,0.080,0.090,
 0.350,0.200,0.120,0.260,0.020,0.100,0.120,0.340,0.000,0.070,0.150,0.280,
 0.060,0.080,0.120,0.240,0.610,0.000,0.050,0.040,0.340,0.000,0.000,0.210,
 0.410,0.070,0.360,0.210,0.000,0.010,0.100,0.010,0.160,0.140,0.280,0.170,
 0.050,0.050,0.050,0.130,0.490,0.010,0.020,0.020,0.000,0.000,0.060,0.010,
 0.010,0.040,0.070,0.010,0.020,0.020,0.000,0.030,0.000,0.050,0.080,0.210,
 0.030,0.000,0.010,0.010]
Training Group Acc: [0.516,0.070,0.000]
Epoch [12] Training Results: Prec@1 52.314 Prec@5 70.349 Loss 2.42347
Epoch [12] Training Class Recall: [0.418,0.225,0.214,0.181,0.173,0.226,0.207,0.402,0.365,0.303,0.118,0.081,
 0.437,0.307,0.248,0.256,0.263,0.470,0.377,0.333,0.000,0.573,0.120,0.541,
 0.000,0.298,0.111,0.419,0.284,0.291,0.421,0.010,0.350,0.529,0.448,0.464,
 0.559,0.464,0.439,0.378,0.455,0.498,0.510,0.616,0.344,0.384,0.466,0.646,
 0.392,0.659,0.506,0.625,0.698,0.113,0.588,0.605,0.659,0.374,0.545,0.498,
 0.739,0.683,0.642,0.709,0.616,0.596,0.723,0.412,0.756,0.650,0.558,0.777,
 0.699,0.105,0.776,0.727,0.770,0.770,0.697,0.806,0.770,0.128,0.534,0.409,
 0.790,0.793,0.785,0.716,0.708,0.776,0.777,0.822,0.212,0.780,0.824,0.823,
 0.867,0.732,0.614,0.786]
Testing Group Acc: [0.165,0.000,0.000]
Epoch [12] Testing Results: Prec@1 15.670 Prec@5 34.690 Loss 4.56678
Epoch [12] Testing Class Recall: [0.610,0.310,0.340,0.470,0.210,0.390,0.270,0.400,0.150,0.180,0.240,0.000,
 0.720,0.500,0.410,0.100,0.560,0.600,0.230,0.230,0.000,0.170,0.010,0.420,
 0.000,0.160,0.050,0.160,0.140,0.310,0.280,0.000,0.120,0.220,0.110,0.250,
 0.170,0.080,0.070,0.180,0.070,0.060,0.030,0.260,0.010,0.080,0.070,0.250,
 0.010,0.090,0.010,0.210,0.830,0.000,0.180,0.090,0.270,0.020,0.010,0.050,
 0.680,0.070,0.250,0.120,0.000,0.130,0.020,0.000,0.170,0.270,0.140,0.160,
 0.000,0.020,0.070,0.090,0.210,0.020,0.000,0.070,0.030,0.000,0.030,0.010,
 0.040,0.090,0.000,0.040,0.030,0.020,0.000,0.000,0.000,0.060,0.130,0.180,
 0.050,0.020,0.000,0.030]
Training Group Acc: [0.526,0.092,0.000]
Epoch [13] Training Results: Prec@1 53.391 Prec@5 71.003 Loss 2.38355
Epoch [13] Training Class Recall: [0.440,0.286,0.236,0.206,0.203,0.253,0.213,0.420,0.363,0.297,0.108,0.097,
 0.434,0.331,0.248,0.297,0.286,0.528,0.394,0.333,0.000,0.586,0.168,0.550,
 0.000,0.354,0.169,0.448,0.335,0.375,0.416,0.010,0.355,0.518,0.463,0.433,
 0.559,0.476,0.447,0.397,0.426,0.505,0.488,0.623,0.360,0.402,0.443,0.646,
 0.404,0.633,0.523,0.643,0.715,0.113,0.588,0.615,0.656,0.411,0.574,0.537,
 0.756,0.691,0.698,0.735,0.601,0.642,0.729,0.412,0.747,0.636,0.592,0.761,
 0.702,0.143,0.807,0.699,0.767,0.789,0.705,0.797,0.764,0.269,0.520,0.456,
 0.785,0.791,0.772,0.667,0.733,0.760,0.808,0.825,0.182,0.785,0.816,0.837,
 0.869,0.722,0.588,0.767]
Testing Group Acc: [0.171,0.000,0.000]
Epoch [13] Testing Results: Prec@1 16.290 Prec@5 35.900 Loss 4.50370
Epoch [13] Testing Class Recall: [0.390,0.620,0.060,0.280,0.130,0.290,0.370,0.460,0.490,0.300,0.050,0.130,
 0.470,0.530,0.250,0.330,0.200,0.480,0.370,0.120,0.000,0.520,0.160,0.570,
 0.000,0.100,0.110,0.080,0.110,0.330,0.340,0.000,0.150,0.100,0.080,0.240,
 0.300,0.070,0.130,0.260,0.070,0.050,0.170,0.350,0.160,0.030,0.180,0.130,
 0.010,0.340,0.010,0.140,0.890,0.100,0.210,0.020,0.290,0.020,0.000,0.050,
 0.380,0.160,0.280,0.100,0.010,0.020,0.020,0.010,0.120,0.150,0.360,0.220,
 0.040,0.130,0.020,0.050,0.270,0.030,0.000,0.020,0.020,0.000,0.050,0.020,
 0.010,0.040,0.020,0.000,0.110,0.010,0.000,0.020,0.000,0.030,0.120,0.190,
 0.030,0.000,0.020,0.020]
Training Group Acc: [0.537,0.100,0.000]
Epoch [14] Training Results: Prec@1 54.303 Prec@5 71.520 Loss 2.35888
Epoch [14] Training Class Recall: [0.454,0.272,0.247,0.213,0.200,0.243,0.224,0.415,0.389,0.332,0.138,0.091,
 0.457,0.383,0.215,0.289,0.295,0.483,0.373,0.366,0.000,0.560,0.151,0.548,
 0.000,0.341,0.220,0.415,0.342,0.387,0.411,0.000,0.398,0.576,0.479,0.433,
 0.574,0.491,0.505,0.394,0.429,0.535,0.531,0.590,0.383,0.445,0.453,0.644,
 0.416,0.656,0.548,0.645,0.707,0.145,0.610,0.659,0.659,0.447,0.594,0.587,
 0.760,0.701,0.689,0.742,0.610,0.664,0.738,0.434,0.750,0.650,0.578,0.796,
 0.722,0.219,0.793,0.724,0.763,0.797,0.677,0.828,0.743,0.256,0.527,0.493,
 0.812,0.802,0.757,0.730,0.740,0.771,0.812,0.820,0.242,0.807,0.813,0.833,
 0.858,0.719,0.597,0.783]
Testing Group Acc: [0.162,0.004,0.000]
Epoch [14] Testing Results: Prec@1 15.450 Prec@5 35.790 Loss 4.42492
Epoch [14] Testing Class Recall: [0.580,0.580,0.170,0.280,0.140,0.080,0.240,0.520,0.280,0.370,0.250,0.030,
 0.490,0.240,0.160,0.220,0.270,0.870,0.280,0.280,0.000,0.570,0.190,0.300,
 0.010,0.130,0.130,0.090,0.070,0.290,0.170,0.000,0.140,0.260,0.000,0.440,
 0.100,0.190,0.090,0.130,0.100,0.010,0.320,0.070,0.130,0.030,0.060,0.330,
 0.030,0.210,0.070,0.310,0.810,0.000,0.140,0.000,0.210,0.020,0.000,0.010,
 0.440,0.130,0.350,0.110,0.010,0.050,0.070,0.000,0.310,0.070,0.210,0.190,
 0.010,0.010,0.030,0.080,0.220,0.080,0.000,0.000,0.000,0.000,0.030,0.010,
 0.010,0.010,0.000,0.000,0.020,0.010,0.010,0.050,0.010,0.050,0.060,0.220,
 0.030,0.030,0.020,0.020]
Training Group Acc: [0.548,0.112,0.000]
Epoch [15] Training Results: Prec@1 55.420 Prec@5 72.026 Loss 2.31040
Epoch [15] Training Class Recall: [0.473,0.304,0.231,0.223,0.203,0.238,0.238,0.444,0.406,0.329,0.141,0.100,
 0.474,0.353,0.281,0.327,0.269,0.543,0.399,0.354,0.000,0.608,0.165,0.582,
 0.011,0.341,0.261,0.448,0.320,0.369,0.488,0.020,0.391,0.562,0.476,0.474,
 0.625,0.504,0.488,0.431,0.483,0.518,0.558,0.625,0.440,0.439,0.466,0.675,
 0.455,0.659,0.559,0.661,0.715,0.153,0.610,0.640,0.676,0.447,0.599,0.577,
 0.763,0.727,0.695,0.699,0.619,0.655,0.734,0.463,0.778,0.690,0.621,0.787,
 0.699,0.190,0.805,0.734,0.779,0.784,0.722,0.825,0.782,0.244,0.520,0.493,
 0.800,0.797,0.754,0.711,0.745,0.781,0.829,0.812,0.283,0.783,0.821,0.829,
 0.882,0.725,0.609,0.775]
Testing Group Acc: [0.163,0.000,0.000]
Epoch [15] Testing Results: Prec@1 15.450 Prec@5 33.730 Loss 4.53210
Epoch [15] Testing Class Recall: [0.530,0.600,0.210,0.130,0.190,0.220,0.390,0.490,0.540,0.200,0.210,0.200,
 0.500,0.540,0.130,0.290,0.300,0.800,0.460,0.420,0.000,0.340,0.030,0.660,
 0.000,0.120,0.190,0.160,0.030,0.080,0.400,0.000,0.150,0.160,0.030,0.150,
 0.050,0.110,0.130,0.220,0.000,0.230,0.120,0.110,0.050,0.000,0.060,0.290,
 0.010,0.110,0.010,0.090,0.600,0.000,0.300,0.040,0.300,0.010,0.000,0.000,
 0.620,0.100,0.290,0.090,0.010,0.020,0.090,0.000,0.020,0.230,0.010,0.090,
 0.010,0.050,0.020,0.030,0.550,0.020,0.000,0.000,0.010,0.000,0.000,0.010,
 0.010,0.010,0.010,0.000,0.030,0.030,0.020,0.000,0.000,0.060,0.070,0.220,
 0.030,0.000,0.000,0.000]
Training Group Acc: [0.550,0.116,0.000]
Epoch [16] Training Results: Prec@1 55.697 Prec@5 72.457 Loss 2.29238
Epoch [16] Training Class Recall: [0.465,0.304,0.233,0.258,0.207,0.258,0.261,0.417,0.377,0.361,0.156,0.075,
 0.470,0.343,0.281,0.310,0.306,0.539,0.405,0.386,0.000,0.584,0.155,0.584,
 0.000,0.363,0.243,0.461,0.349,0.384,0.474,0.031,0.406,0.583,0.474,0.487,
 0.600,0.531,0.495,0.431,0.492,0.548,0.587,0.643,0.458,0.476,0.541,0.655,
 0.443,0.672,0.590,0.667,0.715,0.185,0.627,0.637,0.683,0.442,0.584,0.527,
 0.773,0.701,0.686,0.714,0.601,0.646,0.749,0.419,0.764,0.656,0.584,0.777,
 0.682,0.143,0.816,0.727,0.783,0.786,0.700,0.816,0.782,0.295,0.520,0.540,
 0.788,0.778,0.780,0.716,0.738,0.778,0.822,0.810,0.253,0.785,0.831,0.837,
 0.867,0.735,0.622,0.791]
Testing Group Acc: [0.177,0.002,0.000]
Epoch [16] Testing Results: Prec@1 16.830 Prec@5 36.580 Loss 4.45731
Epoch [16] Testing Class Recall: [0.460,0.240,0.120,0.490,0.170,0.410,0.320,0.620,0.250,0.340,0.250,0.000,
 0.400,0.420,0.020,0.310,0.380,0.610,0.440,0.280,0.000,0.590,0.090,0.690,
 0.010,0.070,0.200,0.160,0.160,0.110,0.260,0.000,0.100,0.200,0.030,0.270,
 0.320,0.330,0.130,0.140,0.120,0.010,0.340,0.370,0.020,0.140,0.080,0.320,
 0.010,0.150,0.040,0.140,0.710,0.100,0.310,0.030,0.450,0.020,0.000,0.050,
 0.580,0.140,0.400,0.100,0.000,0.040,0.090,0.010,0.270,0.060,0.130,0.140,
 0.010,0.170,0.010,0.080,0.370,0.010,0.000,0.000,0.030,0.000,0.020,0.010,
 0.020,0.010,0.000,0.020,0.040,0.000,0.000,0.010,0.000,0.090,0.070,0.080,
 0.000,0.000,0.010,0.010]
Training Group Acc: [0.556,0.134,0.000]
Epoch [17] Training Results: Prec@1 56.246 Prec@5 72.786 Loss 2.26482
Epoch [17] Training Class Recall: [0.451,0.308,0.233,0.220,0.239,0.276,0.232,0.405,0.380,0.377,0.190,0.119,
 0.448,0.359,0.261,0.310,0.278,0.550,0.424,0.407,0.015,0.593,0.172,0.546,
 0.034,0.376,0.225,0.463,0.360,0.390,0.450,0.020,0.421,0.568,0.521,0.454,
 0.578,0.566,0.505,0.421,0.508,0.565,0.529,0.652,0.465,0.427,0.530,0.688,
 0.443,0.696,0.576,0.656,0.733,0.210,0.646,0.679,0.685,0.437,0.629,0.612,
 0.780,0.716,0.683,0.740,0.598,0.703,0.747,0.478,0.767,0.663,0.633,0.801,
 0.722,0.171,0.819,0.705,0.772,0.805,0.720,0.821,0.802,0.346,0.534,0.521,
 0.810,0.802,0.780,0.701,0.742,0.791,0.819,0.817,0.253,0.785,0.816,0.835,
 0.869,0.728,0.605,0.775]
Testing Group Acc: [0.170,0.000,0.000]
Epoch [17] Testing Results: Prec@1 16.110 Prec@5 35.230 Loss 4.62830
Epoch [17] Testing Class Recall: [0.380,0.540,0.170,0.350,0.240,0.240,0.330,0.470,0.640,0.290,0.160,0.020,
 0.630,0.390,0.420,0.220,0.440,0.620,0.400,0.240,0.000,0.270,0.060,0.530,
 0.000,0.240,0.100,0.170,0.200,0.220,0.180,0.000,0.130,0.190,0.070,0.290,
 0.210,0.020,0.090,0.140,0.110,0.020,0.250,0.190,0.200,0.000,0.060,0.480,
 0.000,0.180,0.070,0.080,0.630,0.010,0.190,0.010,0.210,0.030,0.000,0.020,
 0.520,0.110,0.260,0.060,0.000,0.060,0.010,0.000,0.180,0.160,0.190,0.230,
 0.020,0.210,0.000,0.050,0.460,0.010,0.000,0.020,0.000,0.000,0.020,0.020,
 0.010,0.080,0.000,0.000,0.040,0.020,0.000,0.000,0.000,0.030,0.030,0.180,
 0.080,0.000,0.000,0.010]
Training Group Acc: [0.562,0.138,0.000]
Epoch [18] Training Results: Prec@1 56.854 Prec@5 73.254 Loss 2.23615
Epoch [18] Training Class Recall: [0.484,0.301,0.269,0.260,0.211,0.288,0.261,0.429,0.409,0.358,0.185,0.100,
 0.499,0.389,0.271,0.338,0.289,0.548,0.420,0.416,0.000,0.600,0.189,0.614,
 0.000,0.380,0.278,0.511,0.392,0.438,0.478,0.041,0.381,0.542,0.518,0.487,
 0.591,0.551,0.510,0.444,0.502,0.525,0.572,0.630,0.469,0.509,0.520,0.662,
 0.467,0.711,0.561,0.656,0.717,0.242,0.633,0.672,0.681,0.432,0.644,0.562,
 0.797,0.723,0.701,0.727,0.616,0.678,0.741,0.478,0.772,0.701,0.607,0.791,
 0.733,0.190,0.822,0.734,0.772,0.797,0.702,0.837,0.780,0.385,0.520,0.516,
 0.798,0.813,0.782,0.701,0.749,0.784,0.815,0.825,0.263,0.785,0.816,0.831,
 0.871,0.728,0.609,0.775]
Testing Group Acc: [0.180,0.000,0.000]
Epoch [18] Testing Results: Prec@1 17.060 Prec@5 35.930 Loss 4.42677
Epoch [18] Testing Class Recall: [0.530,0.240,0.290,0.490,0.260,0.210,0.380,0.480,0.140,0.410,0.280,0.230,
 0.560,0.570,0.200,0.210,0.550,0.410,0.370,0.350,0.000,0.570,0.000,0.390,
 0.000,0.220,0.110,0.170,0.240,0.160,0.430,0.000,0.140,0.270,0.090,0.180,
 0.280,0.040,0.190,0.160,0.050,0.170,0.190,0.260,0.170,0.030,0.100,0.530,
 0.000,0.090,0.170,0.260,0.490,0.020,0.330,0.020,0.140,0.000,0.000,0.040,
 0.680,0.120,0.350,0.080,0.030,0.050,0.040,0.020,0.200,0.130,0.080,0.200,
 0.060,0.080,0.030,0.180,0.390,0.000,0.000,0.020,0.020,0.000,0.020,0.050,
 0.010,0.040,0.000,0.000,0.150,0.010,0.010,0.000,0.000,0.000,0.030,0.090,
 0.000,0.000,0.000,0.030]
Training Group Acc: [0.570,0.135,0.000]
Epoch [19] Training Results: Prec@1 57.583 Prec@5 73.549 Loss 2.21948
Epoch [19] Training Class Recall: [0.484,0.341,0.278,0.218,0.235,0.301,0.277,0.420,0.411,0.377,0.208,0.128,
 0.519,0.426,0.297,0.363,0.343,0.541,0.452,0.407,0.000,0.597,0.192,0.607,
 0.000,0.420,0.278,0.487,0.388,0.411,0.464,0.020,0.431,0.602,0.508,0.508,
 0.610,0.544,0.512,0.450,0.505,0.535,0.585,0.645,0.490,0.521,0.537,0.668,
 0.475,0.688,0.585,0.665,0.730,0.194,0.635,0.677,0.678,0.468,0.644,0.567,
 0.784,0.727,0.666,0.755,0.622,0.710,0.743,0.471,0.781,0.704,0.607,0.782,
 0.739,0.229,0.816,0.724,0.795,0.803,0.715,0.825,0.798,0.410,0.514,0.563,
 0.802,0.795,0.792,0.735,0.754,0.768,0.815,0.820,0.242,0.788,0.818,0.837,
 0.876,0.728,0.601,0.794]
Testing Group Acc: [0.152,0.000,0.000]
Epoch [19] Testing Results: Prec@1 14.420 Prec@5 34.110 Loss 4.64590
Epoch [19] Testing Class Recall: [0.430,0.370,0.150,0.120,0.020,0.160,0.440,0.570,0.580,0.530,0.040,0.090,
 0.630,0.480,0.150,0.110,0.110,0.510,0.520,0.230,0.000,0.030,0.040,0.240,
 0.000,0.190,0.380,0.380,0.050,0.070,0.350,0.000,0.150,0.070,0.170,0.340,
 0.120,0.230,0.090,0.130,0.120,0.040,0.100,0.080,0.040,0.050,0.030,0.270,
 0.000,0.410,0.000,0.090,0.720,0.000,0.310,0.020,0.140,0.000,0.000,0.140,
 0.290,0.090,0.420,0.070,0.000,0.010,0.010,0.010,0.160,0.060,0.320,0.070,
 0.010,0.030,0.020,0.070,0.250,0.060,0.000,0.050,0.010,0.000,0.000,0.040,
 0.010,0.040,0.000,0.000,0.040,0.000,0.000,0.040,0.000,0.070,0.060,0.180,
 0.070,0.000,0.000,0.030]
Training Group Acc: [0.575,0.130,0.000]
Epoch [20] Training Results: Prec@1 58.126 Prec@5 74.160 Loss 2.19557
Epoch [20] Training Class Recall: [0.487,0.319,0.303,0.253,0.222,0.308,0.266,0.444,0.406,0.426,0.197,0.109,
 0.488,0.422,0.320,0.332,0.317,0.548,0.439,0.428,0.015,0.597,0.199,0.619,
 0.011,0.380,0.296,0.493,0.399,0.444,0.474,0.051,0.437,0.599,0.508,0.523,
 0.647,0.554,0.535,0.521,0.502,0.572,0.621,0.654,0.492,0.534,0.524,0.690,
 0.443,0.696,0.603,0.688,0.735,0.234,0.638,0.699,0.696,0.474,0.634,0.592,
 0.791,0.737,0.704,0.742,0.637,0.698,0.738,0.485,0.786,0.701,0.653,0.789,
 0.744,0.190,0.802,0.740,0.783,0.792,0.727,0.828,0.786,0.321,0.527,0.553,
 0.800,0.793,0.767,0.735,0.763,0.786,0.812,0.825,0.253,0.790,0.818,0.837,
 0.873,0.732,0.609,0.783]
Testing Group Acc: [0.166,0.000,0.000]
Epoch [20] Testing Results: Prec@1 15.750 Prec@5 35.060 Loss 4.35859
Epoch [20] Testing Class Recall: [0.490,0.590,0.100,0.040,0.510,0.220,0.610,0.490,0.380,0.160,0.260,0.040,
 0.660,0.270,0.240,0.050,0.370,0.750,0.440,0.390,0.000,0.450,0.010,0.420,
 0.000,0.170,0.040,0.220,0.110,0.170,0.240,0.000,0.020,0.170,0.250,0.100,
 0.220,0.180,0.200,0.160,0.040,0.040,0.320,0.210,0.100,0.010,0.080,0.450,
 0.000,0.170,0.070,0.160,0.430,0.000,0.170,0.000,0.310,0.050,0.000,0.230,
 0.570,0.080,0.180,0.050,0.030,0.010,0.060,0.000,0.150,0.070,0.140,0.210,
 0.030,0.310,0.030,0.030,0.260,0.040,0.010,0.000,0.020,0.000,0.010,0.020,
 0.010,0.020,0.000,0.000,0.080,0.020,0.010,0.000,0.000,0.020,0.070,0.110,
 0.040,0.010,0.000,0.020]
Training Group Acc: [0.577,0.171,0.000]
Epoch [21] Training Results: Prec@1 58.403 Prec@5 74.489 Loss 2.17325
Epoch [21] Training Class Recall: [0.520,0.351,0.269,0.267,0.262,0.306,0.294,0.456,0.418,0.397,0.221,0.116,
 0.488,0.404,0.327,0.378,0.323,0.574,0.482,0.421,0.000,0.617,0.182,0.610,
 0.057,0.456,0.276,0.498,0.421,0.483,0.493,0.041,0.492,0.602,0.495,0.492,
 0.608,0.549,0.523,0.463,0.536,0.548,0.589,0.636,0.522,0.500,0.544,0.688,
 0.467,0.680,0.630,0.676,0.730,0.250,0.644,0.714,0.692,0.447,0.629,0.582,
 0.780,0.719,0.695,0.763,0.613,0.701,0.745,0.441,0.778,0.677,0.621,0.789,
 0.707,0.210,0.830,0.737,0.788,0.789,0.717,0.816,0.793,0.474,0.514,0.544,
 0.810,0.797,0.777,0.740,0.759,0.781,0.833,0.832,0.283,0.795,0.816,0.837,
 0.873,0.735,0.618,0.802]
Testing Group Acc: [0.173,0.000,0.000]
Epoch [21] Testing Results: Prec@1 16.390 Prec@5 35.840 Loss 4.57449
Epoch [21] Testing Class Recall: [0.450,0.450,0.550,0.060,0.280,0.360,0.390,0.470,0.440,0.350,0.180,0.030,
 0.480,0.630,0.420,0.480,0.400,0.670,0.130,0.260,0.000,0.740,0.040,0.520,
 0.000,0.130,0.080,0.290,0.190,0.100,0.300,0.000,0.080,0.200,0.080,0.060,
 0.180,0.210,0.110,0.100,0.100,0.170,0.150,0.240,0.050,0.070,0.210,0.430,
 0.050,0.200,0.010,0.040,0.590,0.060,0.410,0.010,0.360,0.000,0.000,0.050,
 0.560,0.130,0.240,0.140,0.020,0.000,0.020,0.010,0.070,0.150,0.260,0.000,
 0.070,0.030,0.010,0.040,0.120,0.000,0.040,0.000,0.080,0.000,0.010,0.020,
 0.010,0.000,0.000,0.010,0.080,0.000,0.000,0.000,0.000,0.010,0.050,0.060,
 0.050,0.000,0.000,0.010]
Training Group Acc: [0.583,0.151,0.000]
Epoch [22] Training Results: Prec@1 58.983 Prec@5 74.751 Loss 2.15440
Epoch [22] Training Class Recall: [0.476,0.362,0.294,0.260,0.260,0.348,0.325,0.473,0.450,0.377,0.236,0.153,
 0.481,0.419,0.348,0.355,0.314,0.576,0.441,0.414,0.000,0.635,0.230,0.626,
 0.011,0.429,0.316,0.485,0.414,0.441,0.483,0.071,0.482,0.607,0.500,0.544,
 0.647,0.561,0.555,0.474,0.527,0.585,0.606,0.674,0.517,0.509,0.547,0.719,
 0.486,0.711,0.601,0.654,0.739,0.274,0.635,0.701,0.670,0.453,0.594,0.612,
 0.780,0.741,0.718,0.758,0.647,0.696,0.761,0.485,0.781,0.687,0.618,0.791,
 0.730,0.200,0.825,0.740,0.763,0.811,0.732,0.844,0.802,0.410,0.541,0.572,
 0.812,0.806,0.805,0.716,0.775,0.781,0.822,0.815,0.263,0.788,0.821,0.839,
 0.876,0.735,0.609,0.788]
Testing Group Acc: [0.164,0.000,0.000]
Epoch [22] Testing Results: Prec@1 15.620 Prec@5 33.310 Loss 4.61887
Epoch [22] Testing Class Recall: [0.440,0.380,0.560,0.500,0.120,0.300,0.350,0.550,0.650,0.560,0.090,0.220,
 0.400,0.270,0.390,0.140,0.330,0.650,0.410,0.410,0.000,0.400,0.140,0.360,
 0.000,0.060,0.000,0.050,0.150,0.060,0.290,0.000,0.070,0.210,0.200,0.140,
 0.170,0.140,0.280,0.110,0.090,0.110,0.140,0.400,0.040,0.010,0.060,0.240,
 0.010,0.270,0.050,0.070,0.640,0.010,0.230,0.010,0.250,0.010,0.010,0.040,
 0.330,0.110,0.290,0.140,0.000,0.000,0.010,0.000,0.180,0.140,0.200,0.230,
 0.000,0.000,0.100,0.070,0.200,0.000,0.000,0.030,0.030,0.000,0.000,0.000,
 0.010,0.010,0.010,0.010,0.020,0.040,0.000,0.000,0.000,0.010,0.070,0.070,
 0.000,0.010,0.000,0.060]
Training Group Acc: [0.587,0.161,0.000]
Epoch [23] Training Results: Prec@1 59.269 Prec@5 74.711 Loss 2.13373
Epoch [23] Training Class Recall: [0.473,0.380,0.367,0.265,0.281,0.348,0.286,0.461,0.459,0.410,0.226,0.144,
 0.492,0.453,0.325,0.353,0.348,0.565,0.461,0.428,0.000,0.642,0.254,0.612,
 0.023,0.427,0.296,0.476,0.435,0.468,0.488,0.031,0.497,0.576,0.524,0.544,
 0.662,0.576,0.551,0.479,0.574,0.572,0.582,0.681,0.508,0.530,0.557,0.712,
 0.463,0.682,0.612,0.676,0.724,0.274,0.649,0.711,0.698,0.489,0.653,0.622,
 0.797,0.741,0.716,0.740,0.622,0.723,0.736,0.478,0.772,0.711,0.647,0.801,
 0.722,0.200,0.819,0.740,0.792,0.816,0.720,0.823,0.791,0.487,0.520,0.563,
 0.790,0.795,0.785,0.716,0.766,0.786,0.826,0.825,0.263,0.800,0.813,0.839,
 0.869,0.725,0.609,0.799]
Testing Group Acc: [0.175,0.002,0.000]
Epoch [23] Testing Results: Prec@1 16.670 Prec@5 35.850 Loss 4.44726
Epoch [23] Testing Class Recall: [0.500,0.380,0.410,0.350,0.290,0.430,0.400,0.250,0.390,0.320,0.260,0.010,
 0.430,0.500,0.200,0.320,0.220,0.450,0.530,0.330,0.000,0.600,0.070,0.620,
 0.000,0.170,0.120,0.120,0.150,0.190,0.310,0.000,0.110,0.420,0.000,0.270,
 0.250,0.050,0.020,0.290,0.150,0.020,0.290,0.290,0.070,0.000,0.100,0.350,
 0.000,0.240,0.100,0.120,0.740,0.000,0.260,0.050,0.180,0.000,0.000,0.020,
 0.540,0.070,0.390,0.160,0.000,0.010,0.010,0.000,0.080,0.120,0.260,0.230,
 0.080,0.090,0.050,0.010,0.250,0.000,0.000,0.000,0.060,0.010,0.050,0.000,
 0.000,0.070,0.000,0.000,0.010,0.000,0.000,0.000,0.000,0.000,0.010,0.280,
 0.110,0.000,0.000,0.010]
Training Group Acc: [0.589,0.172,0.000]
Epoch [24] Training Results: Prec@1 59.437 Prec@5 74.826 Loss 2.13244
Epoch [24] Training Class Recall: [0.491,0.344,0.283,0.274,0.267,0.371,0.291,0.490,0.430,0.400,0.249,0.159,
 0.506,0.422,0.325,0.378,0.320,0.589,0.478,0.430,0.015,0.626,0.241,0.628,
 0.057,0.449,0.332,0.524,0.450,0.465,0.502,0.061,0.477,0.586,0.516,0.523,
 0.620,0.569,0.559,0.476,0.558,0.585,0.599,0.667,0.515,0.540,0.554,0.684,
 0.522,0.688,0.650,0.694,0.733,0.298,0.646,0.701,0.694,0.484,0.639,0.597,
 0.784,0.737,0.704,0.742,0.631,0.703,0.756,0.478,0.781,0.711,0.662,0.789,
 0.730,0.238,0.825,0.721,0.772,0.800,0.737,0.813,0.791,0.462,0.541,0.586,
 0.812,0.800,0.800,0.735,0.752,0.786,0.840,0.820,0.263,0.795,0.824,0.837,
 0.862,0.738,0.622,0.786]
Testing Group Acc: [0.172,0.000,0.000]
Epoch [24] Testing Results: Prec@1 16.320 Prec@5 36.030 Loss 4.38243
Epoch [24] Testing Class Recall: [0.590,0.610,0.570,0.090,0.240,0.250,0.470,0.320,0.540,0.390,0.120,0.020,
 0.610,0.420,0.250,0.270,0.400,0.690,0.330,0.290,0.000,0.400,0.040,0.520,
 0.000,0.120,0.070,0.250,0.220,0.090,0.350,0.000,0.340,0.110,0.050,0.180,
 0.220,0.050,0.300,0.190,0.230,0.070,0.200,0.210,0.210,0.060,0.090,0.400,
 0.030,0.170,0.160,0.080,0.470,0.000,0.280,0.050,0.270,0.000,0.000,0.120,
 0.490,0.110,0.320,0.060,0.000,0.050,0.060,0.000,0.090,0.060,0.080,0.210,
 0.010,0.070,0.020,0.140,0.170,0.000,0.000,0.010,0.010,0.000,0.000,0.010,
 0.010,0.030,0.000,0.000,0.060,0.000,0.030,0.020,0.000,0.000,0.010,0.090,
 0.010,0.000,0.000,0.020]
Training Group Acc: [0.592,0.174,0.000]
Epoch [25] Training Results: Prec@1 59.834 Prec@5 75.094 Loss 2.10205
Epoch [25] Training Class Recall: [0.509,0.399,0.283,0.283,0.260,0.341,0.297,0.476,0.428,0.397,0.221,0.156,
 0.490,0.447,0.358,0.396,0.360,0.606,0.493,0.434,0.000,0.615,0.237,0.628,
 0.045,0.437,0.339,0.528,0.468,0.492,0.478,0.041,0.503,0.599,0.542,0.518,
 0.645,0.564,0.551,0.484,0.592,0.555,0.633,0.667,0.519,0.530,0.537,0.708,
 0.502,0.703,0.676,0.701,0.746,0.290,0.660,0.726,0.705,0.447,0.634,0.632,
 0.773,0.759,0.710,0.753,0.628,0.698,0.741,0.500,0.786,0.687,0.650,0.799,
 0.724,0.190,0.807,0.734,0.792,0.814,0.725,0.833,0.782,0.500,0.527,0.558,
 0.827,0.789,0.785,0.745,0.754,0.791,0.843,0.840,0.283,0.785,0.826,0.835,
 0.880,0.732,0.614,0.788]
Testing Group Acc: [0.170,0.002,0.000]
Epoch [25] Testing Results: Prec@1 16.200 Prec@5 33.870 Loss 4.78814
Epoch [25] Testing Class Recall: [0.510,0.390,0.190,0.080,0.520,0.530,0.650,0.450,0.590,0.170,0.120,0.010,
 0.650,0.250,0.260,0.150,0.180,0.830,0.430,0.280,0.000,0.560,0.180,0.700,
 0.000,0.100,0.120,0.080,0.150,0.080,0.340,0.000,0.290,0.250,0.210,0.220,
 0.140,0.080,0.070,0.290,0.030,0.140,0.120,0.130,0.050,0.000,0.020,0.320,
 0.020,0.230,0.020,0.060,0.610,0.000,0.120,0.000,0.250,0.010,0.040,0.140,
 0.620,0.010,0.220,0.120,0.010,0.000,0.040,0.000,0.080,0.130,0.340,0.180,
 0.010,0.020,0.010,0.030,0.460,0.030,0.000,0.000,0.000,0.000,0.000,0.000,
 0.010,0.020,0.000,0.000,0.060,0.000,0.000,0.000,0.010,0.020,0.050,0.280,
 0.010,0.010,0.000,0.010]
Training Group Acc: [0.595,0.173,0.000]
Epoch [26] Training Results: Prec@1 60.177 Prec@5 75.606 Loss 2.08941
Epoch [26] Training Class Recall: [0.509,0.348,0.294,0.251,0.299,0.371,0.280,0.449,0.459,0.429,0.262,0.159,
 0.514,0.422,0.343,0.391,0.323,0.602,0.467,0.446,0.031,0.631,0.237,0.623,
 0.023,0.476,0.370,0.522,0.450,0.505,0.512,0.051,0.520,0.599,0.550,0.551,
 0.659,0.576,0.578,0.497,0.530,0.575,0.635,0.687,0.576,0.518,0.584,0.712,
 0.459,0.696,0.641,0.663,0.737,0.290,0.635,0.714,0.714,0.489,0.629,0.612,
 0.791,0.719,0.683,0.750,0.634,0.730,0.747,0.441,0.778,0.728,0.665,0.818,
 0.736,0.229,0.813,0.752,0.790,0.805,0.747,0.835,0.791,0.487,0.527,0.614,
 0.817,0.797,0.785,0.730,0.766,0.789,0.833,0.825,0.273,0.795,0.829,0.839,
 0.873,0.735,0.618,0.783]
Testing Group Acc: [0.182,0.000,0.000]
Epoch [26] Testing Results: Prec@1 17.270 Prec@5 36.400 Loss 4.50281
Epoch [26] Testing Class Recall: [0.570,0.510,0.180,0.560,0.240,0.470,0.410,0.570,0.340,0.300,0.270,0.060,
 0.640,0.320,0.210,0.250,0.430,0.640,0.390,0.290,0.000,0.490,0.060,0.620,
 0.000,0.150,0.060,0.290,0.240,0.120,0.380,0.000,0.150,0.500,0.090,0.140,
 0.090,0.080,0.130,0.260,0.000,0.070,0.120,0.410,0.040,0.010,0.020,0.360,
 0.040,0.220,0.000,0.430,0.600,0.000,0.230,0.000,0.220,0.040,0.020,0.090,
 0.590,0.110,0.220,0.060,0.000,0.020,0.050,0.010,0.090,0.190,0.130,0.270,
 0.060,0.110,0.030,0.040,0.330,0.050,0.010,0.000,0.000,0.000,0.020,0.010,
 0.010,0.050,0.000,0.010,0.040,0.000,0.000,0.000,0.000,0.000,0.040,0.220,
 0.060,0.000,0.000,0.020]
Training Group Acc: [0.599,0.160,0.000]
Epoch [27] Training Results: Prec@1 60.483 Prec@5 75.906 Loss 2.07294
Epoch [27] Training Class Recall: [0.498,0.330,0.358,0.267,0.286,0.356,0.305,0.517,0.450,0.423,0.279,0.200,
 0.506,0.444,0.348,0.381,0.340,0.593,0.480,0.460,0.000,0.615,0.251,0.630,
 0.034,0.461,0.334,0.557,0.453,0.538,0.522,0.061,0.530,0.612,0.573,0.541,
 0.637,0.589,0.589,0.524,0.564,0.589,0.650,0.676,0.554,0.543,0.574,0.695,
 0.506,0.682,0.634,0.701,0.720,0.306,0.646,0.711,0.696,0.511,0.634,0.577,
 0.789,0.748,0.710,0.760,0.640,0.710,0.741,0.471,0.775,0.711,0.671,0.810,
 0.741,0.257,0.822,0.743,0.772,0.805,0.742,0.821,0.791,0.474,0.534,0.623,
 0.815,0.784,0.790,0.740,0.768,0.760,0.857,0.815,0.232,0.800,0.831,0.833,
 0.873,0.735,0.609,0.796]
Testing Group Acc: [0.171,0.010,0.000]
Epoch [27] Testing Results: Prec@1 16.250 Prec@5 35.050 Loss 4.93966
Epoch [27] Testing Class Recall: [0.620,0.540,0.290,0.200,0.190,0.310,0.290,0.430,0.600,0.530,0.280,0.000,
 0.350,0.640,0.130,0.050,0.520,0.230,0.680,0.220,0.000,0.690,0.040,0.460,
 0.010,0.110,0.230,0.210,0.410,0.050,0.270,0.040,0.220,0.240,0.210,0.160,
 0.180,0.020,0.110,0.180,0.050,0.060,0.190,0.150,0.140,0.040,0.130,0.530,
 0.040,0.230,0.020,0.060,0.450,0.000,0.090,0.000,0.240,0.050,0.000,0.180,
 0.410,0.110,0.450,0.080,0.010,0.020,0.060,0.000,0.270,0.080,0.260,0.240,
 0.020,0.180,0.020,0.010,0.210,0.000,0.010,0.010,0.000,0.000,0.000,0.020,
 0.010,0.000,0.000,0.000,0.060,0.000,0.000,0.000,0.000,0.000,0.060,0.030,
 0.000,0.000,0.000,0.030]
Training Group Acc: [0.599,0.212,0.000]
Epoch [28] Training Results: Prec@1 60.577 Prec@5 75.823 Loss 2.07217
Epoch [28] Training Class Recall: [0.491,0.348,0.339,0.288,0.273,0.386,0.314,0.478,0.452,0.406,0.244,0.153,
 0.510,0.453,0.376,0.411,0.371,0.587,0.482,0.444,0.000,0.633,0.241,0.626,
 0.080,0.461,0.363,0.544,0.511,0.511,0.526,0.071,0.487,0.628,0.571,0.551,
 0.676,0.591,0.570,0.519,0.545,0.538,0.657,0.672,0.556,0.515,0.554,0.712,
 0.522,0.717,0.652,0.674,0.743,0.298,0.649,0.733,0.705,0.516,0.604,0.627,
 0.797,0.748,0.704,0.735,0.647,0.707,0.754,0.478,0.792,0.721,0.621,0.789,
 0.719,0.210,0.807,0.727,0.792,0.830,0.747,0.818,0.800,0.615,0.527,0.563,
 0.817,0.797,0.795,0.745,0.775,0.776,0.857,0.827,0.293,0.793,0.821,0.839,
 0.871,0.725,0.622,0.786]
Testing Group Acc: [0.166,0.006,0.000]
Epoch [28] Testing Results: Prec@1 15.790 Prec@5 34.770 Loss 4.81931
Epoch [28] Testing Class Recall: [0.470,0.400,0.540,0.020,0.240,0.180,0.520,0.500,0.590,0.390,0.120,0.110,
 0.490,0.240,0.270,0.380,0.310,0.700,0.390,0.040,0.000,0.610,0.100,0.240,
 0.000,0.080,0.150,0.110,0.070,0.150,0.340,0.020,0.080,0.300,0.050,0.200,
 0.150,0.040,0.260,0.280,0.040,0.260,0.120,0.060,0.250,0.030,0.060,0.290,
 0.000,0.030,0.310,0.100,0.750,0.000,0.340,0.010,0.340,0.010,0.000,0.100,
 0.290,0.110,0.200,0.040,0.000,0.010,0.080,0.000,0.300,0.040,0.350,0.290,
 0.000,0.010,0.020,0.080,0.270,0.010,0.000,0.010,0.010,0.010,0.000,0.020,
 0.010,0.030,0.000,0.000,0.120,0.000,0.000,0.010,0.000,0.010,0.100,0.070,
 0.010,0.000,0.000,0.050]
Training Group Acc: [0.605,0.190,0.000]
Epoch [29] Training Results: Prec@1 61.111 Prec@5 75.946 Loss 2.05424
Epoch [29] Training Class Recall: [0.487,0.380,0.325,0.276,0.301,0.378,0.336,0.476,0.495,0.423,0.264,0.178,
 0.530,0.468,0.373,0.426,0.363,0.576,0.490,0.462,0.015,0.637,0.251,0.621,
 0.011,0.473,0.376,0.566,0.536,0.523,0.502,0.071,0.518,0.633,0.550,0.554,
 0.662,0.586,0.598,0.569,0.599,0.579,0.647,0.685,0.549,0.534,0.551,0.719,
 0.522,0.711,0.659,0.681,0.750,0.339,0.638,0.714,0.690,0.511,0.663,0.627,
 0.810,0.734,0.707,0.760,0.625,0.723,0.787,0.515,0.783,0.704,0.656,0.796,
 0.739,0.219,0.810,0.727,0.797,0.816,0.732,0.837,0.784,0.551,0.547,0.572,
 0.800,0.808,0.785,0.716,0.756,0.786,0.833,0.815,0.303,0.790,0.821,0.825,
 0.876,0.738,0.618,0.794]
Testing Group Acc: [0.177,0.002,0.000]
Epoch [29] Testing Results: Prec@1 16.840 Prec@5 36.330 Loss 4.60852
Epoch [29] Testing Class Recall: [0.700,0.470,0.580,0.470,0.250,0.260,0.440,0.520,0.480,0.560,0.140,0.090,
 0.370,0.410,0.130,0.230,0.160,0.460,0.310,0.360,0.000,0.360,0.210,0.490,
 0.000,0.410,0.340,0.220,0.110,0.200,0.280,0.010,0.190,0.200,0.090,0.110,
 0.210,0.230,0.130,0.320,0.000,0.050,0.120,0.240,0.060,0.080,0.110,0.290,
 0.050,0.120,0.040,0.220,0.510,0.010,0.230,0.010,0.380,0.020,0.000,0.010,
 0.640,0.170,0.310,0.060,0.000,0.010,0.070,0.000,0.090,0.110,0.200,0.210,
 0.030,0.050,0.020,0.080,0.280,0.000,0.000,0.000,0.010,0.000,0.040,0.000,
 0.010,0.000,0.000,0.000,0.060,0.020,0.000,0.000,0.000,0.020,0.120,0.100,
 0.020,0.040,0.000,0.020]
Training Group Acc: [0.604,0.205,0.000]
Epoch [30] Training Results: Prec@1 61.094 Prec@5 76.289 Loss 2.04538
Epoch [30] Training Class Recall: [0.535,0.380,0.325,0.297,0.273,0.376,0.314,0.490,0.454,0.429,0.313,0.163,
 0.521,0.453,0.386,0.421,0.348,0.580,0.510,0.457,0.015,0.626,0.237,0.639,
 0.102,0.456,0.403,0.539,0.504,0.511,0.526,0.071,0.538,0.612,0.560,0.572,
 0.652,0.579,0.574,0.521,0.592,0.609,0.635,0.665,0.554,0.512,0.547,0.716,
 0.490,0.743,0.634,0.697,0.737,0.306,0.663,0.733,0.725,0.526,0.678,0.622,
 0.804,0.752,0.716,0.776,0.671,0.719,0.767,0.463,0.775,0.701,0.642,0.794,
 0.750,0.200,0.816,0.712,0.792,0.795,0.737,0.840,0.795,0.551,0.520,0.567,
 0.834,0.804,0.792,0.730,0.752,0.786,0.871,0.825,0.283,0.780,0.816,0.835,
 0.878,0.719,0.605,0.794]
Testing Group Acc: [0.166,0.004,0.000]
Epoch [30] Testing Results: Prec@1 15.770 Prec@5 34.470 Loss 4.86304
Epoch [30] Testing Class Recall: [0.630,0.560,0.270,0.320,0.360,0.390,0.290,0.650,0.460,0.180,0.290,0.060,
 0.510,0.460,0.160,0.380,0.320,0.800,0.520,0.240,0.000,0.600,0.200,0.450,
 0.020,0.120,0.280,0.410,0.220,0.200,0.380,0.000,0.130,0.200,0.120,0.090,
 0.200,0.020,0.160,0.120,0.070,0.030,0.260,0.090,0.060,0.010,0.000,0.270,
 0.000,0.130,0.040,0.030,0.630,0.000,0.050,0.030,0.070,0.030,0.000,0.010,
 0.370,0.020,0.310,0.080,0.000,0.000,0.020,0.000,0.060,0.140,0.260,0.060,
 0.020,0.020,0.020,0.120,0.230,0.070,0.010,0.010,0.020,0.000,0.010,0.000,
 0.000,0.080,0.000,0.000,0.020,0.000,0.000,0.000,0.000,0.010,0.050,0.130,
 0.030,0.000,0.000,0.020]
Training Group Acc: [0.607,0.175,0.000]
Epoch [31] Training Results: Prec@1 61.314 Prec@5 76.143 Loss 2.04312
Epoch [31] Training Class Recall: [0.498,0.380,0.314,0.306,0.294,0.371,0.317,0.505,0.469,0.452,0.254,0.178,
 0.532,0.456,0.384,0.414,0.329,0.602,0.484,0.462,0.015,0.635,0.299,0.646,
 0.023,0.507,0.421,0.559,0.504,0.529,0.488,0.082,0.551,0.617,0.589,0.515,
 0.672,0.599,0.581,0.511,0.592,0.599,0.611,0.661,0.581,0.549,0.571,0.716,
 0.553,0.727,0.674,0.699,0.750,0.315,0.669,0.728,0.714,0.532,0.658,0.597,
 0.804,0.752,0.701,0.753,0.640,0.726,0.761,0.507,0.778,0.673,0.621,0.806,
 0.759,0.200,0.816,0.743,0.797,0.784,0.759,0.823,0.789,0.462,0.527,0.623,
 0.805,0.800,0.790,0.701,0.761,0.776,0.847,0.825,0.293,0.793,0.818,0.839,
 0.876,0.748,0.614,0.786]
Testing Group Acc: [0.170,0.006,0.000]
Epoch [31] Testing Results: Prec@1 16.220 Prec@5 36.060 Loss 4.36640
Epoch [31] Testing Class Recall: [0.500,0.660,0.110,0.230,0.100,0.140,0.220,0.370,0.330,0.350,0.230,0.060,
 0.730,0.260,0.070,0.090,0.350,0.640,0.400,0.150,0.000,0.740,0.030,0.720,
 0.030,0.120,0.060,0.270,0.140,0.180,0.340,0.000,0.150,0.160,0.100,0.340,
 0.290,0.020,0.270,0.470,0.010,0.120,0.330,0.130,0.110,0.060,0.010,0.160,
 0.030,0.350,0.080,0.020,0.640,0.030,0.250,0.010,0.180,0.040,0.000,0.030,
 0.690,0.230,0.390,0.170,0.010,0.000,0.020,0.000,0.180,0.320,0.060,0.290,
 0.000,0.060,0.030,0.020,0.210,0.000,0.010,0.020,0.030,0.000,0.010,0.020,
 0.000,0.010,0.000,0.010,0.030,0.000,0.000,0.000,0.000,0.000,0.070,0.090,
 0.190,0.000,0.000,0.040]
Training Group Acc: [0.609,0.183,0.000]
Epoch [32] Training Results: Prec@1 61.569 Prec@5 76.694 Loss 2.02277
Epoch [32] Training Class Recall: [0.491,0.362,0.317,0.302,0.305,0.373,0.305,0.468,0.474,0.442,0.282,0.191,
 0.523,0.459,0.399,0.444,0.351,0.613,0.514,0.487,0.015,0.664,0.237,0.614,
 0.057,0.485,0.419,0.559,0.525,0.514,0.507,0.061,0.563,0.625,0.545,0.538,
 0.654,0.599,0.576,0.513,0.536,0.559,0.679,0.696,0.567,0.552,0.595,0.730,
 0.525,0.730,0.683,0.715,0.767,0.355,0.652,0.704,0.696,0.511,0.673,0.597,
 0.797,0.748,0.724,0.770,0.662,0.723,0.763,0.493,0.803,0.731,0.656,0.794,
 0.733,0.229,0.810,0.746,0.779,0.822,0.737,0.825,0.782,0.500,0.527,0.623,
 0.807,0.810,0.790,0.735,0.768,0.786,0.840,0.825,0.283,0.805,0.818,0.827,
 0.878,0.732,0.627,0.796]
Testing Group Acc: [0.187,0.006,0.000]
Epoch [32] Testing Results: Prec@1 17.840 Prec@5 37.220 Loss 4.60306
Epoch [32] Testing Class Recall: [0.520,0.440,0.420,0.280,0.370,0.300,0.440,0.470,0.360,0.340,0.160,0.240,
 0.490,0.600,0.190,0.410,0.490,0.630,0.300,0.190,0.000,0.650,0.230,0.570,
 0.020,0.240,0.210,0.140,0.170,0.030,0.290,0.010,0.230,0.230,0.080,0.100,
 0.120,0.240,0.240,0.300,0.200,0.130,0.260,0.200,0.040,0.000,0.100,0.190,
 0.100,0.130,0.000,0.200,0.550,0.050,0.330,0.000,0.160,0.020,0.020,0.010,
 0.670,0.120,0.490,0.120,0.020,0.030,0.030,0.000,0.260,0.270,0.280,0.190,
 0.020,0.070,0.000,0.120,0.330,0.020,0.000,0.010,0.000,0.000,0.020,0.010,
 0.000,0.080,0.000,0.000,0.000,0.010,0.030,0.000,0.000,0.000,0.050,0.120,
 0.030,0.000,0.000,0.010]
Training Group Acc: [0.616,0.188,0.000]
Epoch [33] Training Results: Prec@1 62.163 Prec@5 76.554 Loss 2.01552
Epoch [33] Training Class Recall: [0.505,0.362,0.353,0.313,0.316,0.421,0.319,0.502,0.466,0.445,0.300,0.203,
 0.530,0.477,0.381,0.464,0.348,0.602,0.507,0.467,0.046,0.644,0.299,0.630,
 0.011,0.485,0.405,0.559,0.468,0.520,0.526,0.082,0.505,0.638,0.592,0.569,
 0.676,0.606,0.606,0.550,0.605,0.622,0.643,0.710,0.583,0.558,0.595,0.727,
 0.553,0.738,0.654,0.715,0.754,0.323,0.674,0.723,0.707,0.500,0.663,0.662,
 0.810,0.719,0.736,0.768,0.671,0.714,0.772,0.493,0.786,0.724,0.656,0.794,
 0.744,0.267,0.822,0.734,0.774,0.803,0.720,0.856,0.800,0.487,0.554,0.637,
 0.820,0.802,0.803,0.755,0.759,0.789,0.850,0.822,0.313,0.795,0.829,0.835,
 0.876,0.738,0.631,0.796]
Testing Group Acc: [0.169,0.000,0.000]
Epoch [33] Testing Results: Prec@1 16.100 Prec@5 36.120 Loss 4.49458
Epoch [33] Testing Class Recall: [0.440,0.410,0.340,0.300,0.270,0.320,0.520,0.790,0.390,0.260,0.240,0.070,
 0.620,0.250,0.190,0.460,0.280,0.370,0.460,0.230,0.000,0.530,0.030,0.480,
 0.000,0.040,0.140,0.080,0.110,0.130,0.410,0.000,0.150,0.240,0.040,0.240,
 0.260,0.080,0.080,0.410,0.110,0.040,0.140,0.090,0.050,0.010,0.030,0.240,
 0.000,0.400,0.030,0.120,0.540,0.040,0.190,0.050,0.400,0.010,0.000,0.030,
 0.630,0.170,0.180,0.090,0.000,0.010,0.100,0.000,0.020,0.240,0.100,0.130,
 0.020,0.090,0.020,0.050,0.490,0.080,0.000,0.060,0.010,0.000,0.010,0.000,
 0.010,0.080,0.000,0.010,0.000,0.000,0.010,0.000,0.000,0.000,0.010,0.190,
 0.050,0.020,0.010,0.030]
Training Group Acc: [0.612,0.191,0.000]
Epoch [34] Training Results: Prec@1 61.914 Prec@5 76.786 Loss 2.00642
Epoch [34] Training Class Recall: [0.505,0.395,0.361,0.288,0.326,0.371,0.311,0.476,0.476,0.439,0.303,0.188,
 0.532,0.486,0.386,0.464,0.399,0.597,0.525,0.462,0.000,0.639,0.261,0.678,
 0.068,0.478,0.423,0.555,0.486,0.514,0.469,0.082,0.561,0.646,0.579,0.556,
 0.647,0.621,0.591,0.537,0.555,0.612,0.628,0.694,0.622,0.564,0.605,0.730,
 0.541,0.711,0.654,0.699,0.759,0.331,0.646,0.731,0.725,0.458,0.658,0.617,
 0.806,0.748,0.718,0.750,0.662,0.714,0.734,0.493,0.792,0.721,0.633,0.794,
 0.727,0.229,0.819,0.752,0.788,0.811,0.727,0.833,0.800,0.513,0.547,0.633,
 0.815,0.802,0.795,0.750,0.766,0.786,0.850,0.827,0.293,0.793,0.831,0.841,
 0.873,0.728,0.627,0.796]
Testing Group Acc: [0.184,0.008,0.000]
Epoch [34] Testing Results: Prec@1 17.530 Prec@5 37.200 Loss 4.46107
Epoch [34] Testing Class Recall: [0.530,0.430,0.370,0.210,0.340,0.320,0.530,0.500,0.620,0.410,0.300,0.060,
 0.470,0.390,0.180,0.180,0.340,0.530,0.480,0.250,0.000,0.780,0.060,0.540,
 0.000,0.250,0.280,0.140,0.220,0.130,0.370,0.030,0.160,0.260,0.040,0.250,
 0.220,0.150,0.000,0.390,0.160,0.060,0.120,0.190,0.030,0.010,0.060,0.160,
 0.010,0.330,0.020,0.230,0.780,0.020,0.370,0.030,0.300,0.040,0.000,0.140,
 0.560,0.110,0.400,0.050,0.000,0.070,0.140,0.000,0.080,0.180,0.260,0.100,
 0.030,0.110,0.010,0.030,0.310,0.050,0.000,0.020,0.000,0.010,0.000,0.000,
 0.020,0.010,0.010,0.010,0.050,0.000,0.000,0.000,0.000,0.000,0.010,0.080,
 0.010,0.010,0.020,0.010]
Training Group Acc: [0.615,0.204,0.000]
Epoch [35] Training Results: Prec@1 62.157 Prec@5 76.906 Loss 1.98909
Epoch [35] Training Class Recall: [0.509,0.417,0.306,0.327,0.330,0.388,0.342,0.468,0.476,0.435,0.274,0.212,
 0.552,0.486,0.386,0.434,0.391,0.606,0.503,0.483,0.000,0.639,0.244,0.648,
 0.080,0.471,0.443,0.587,0.522,0.535,0.526,0.102,0.533,0.633,0.534,0.559,
 0.645,0.611,0.598,0.537,0.574,0.615,0.655,0.701,0.549,0.570,0.554,0.723,
 0.561,0.732,0.647,0.712,0.761,0.315,0.657,0.731,0.716,0.526,0.683,0.622,
 0.789,0.741,0.730,0.765,0.659,0.726,0.769,0.500,0.792,0.711,0.650,0.796,
 0.733,0.248,0.836,0.749,0.779,0.819,0.752,0.842,0.802,0.526,0.547,0.609,
 0.815,0.813,0.775,0.755,0.780,0.796,0.854,0.832,0.313,0.805,0.829,0.833,
 0.880,0.738,0.627,0.796]
Testing Group Acc: [0.185,0.004,0.000]
Epoch [35] Testing Results: Prec@1 17.570 Prec@5 36.720 Loss 4.45744
Epoch [35] Testing Class Recall: [0.540,0.320,0.470,0.200,0.520,0.390,0.340,0.670,0.520,0.250,0.160,0.150,
 0.530,0.480,0.240,0.180,0.390,0.840,0.380,0.140,0.000,0.560,0.030,0.820,
 0.010,0.200,0.080,0.110,0.110,0.230,0.530,0.000,0.090,0.210,0.190,0.130,
 0.480,0.260,0.300,0.390,0.070,0.090,0.180,0.280,0.050,0.020,0.110,0.250,
 0.010,0.100,0.030,0.020,0.360,0.000,0.110,0.020,0.120,0.010,0.000,0.170,
 0.620,0.130,0.560,0.090,0.000,0.020,0.050,0.000,0.080,0.200,0.200,0.130,
 0.000,0.090,0.010,0.040,0.380,0.020,0.010,0.010,0.010,0.000,0.000,0.000,
 0.010,0.010,0.000,0.000,0.170,0.000,0.000,0.020,0.010,0.000,0.080,0.130,
 0.020,0.000,0.000,0.030]
Training Group Acc: [0.619,0.209,0.000]
Epoch [36] Training Results: Prec@1 62.577 Prec@5 76.920 Loss 1.97924
Epoch [36] Training Class Recall: [0.524,0.359,0.328,0.341,0.322,0.434,0.345,0.473,0.486,0.474,0.300,0.206,
 0.543,0.508,0.361,0.434,0.380,0.626,0.516,0.508,0.015,0.639,0.265,0.662,
 0.091,0.476,0.428,0.559,0.507,0.604,0.545,0.092,0.536,0.633,0.613,0.585,
 0.669,0.608,0.611,0.553,0.605,0.592,0.659,0.694,0.597,0.570,0.571,0.716,
 0.514,0.722,0.672,0.703,0.750,0.339,0.663,0.743,0.694,0.511,0.658,0.617,
 0.784,0.763,0.733,0.781,0.644,0.739,0.776,0.507,0.786,0.714,0.665,0.806,
 0.739,0.248,0.825,0.743,0.788,0.814,0.739,0.844,0.802,0.564,0.547,0.605,
 0.810,0.810,0.808,0.745,0.768,0.789,0.857,0.827,0.283,0.800,0.826,0.839,
 0.871,0.728,0.627,0.791]
Testing Group Acc: [0.162,0.000,0.000]
Epoch [36] Testing Results: Prec@1 15.380 Prec@5 34.500 Loss 4.81946
Epoch [36] Testing Class Recall: [0.410,0.360,0.630,0.200,0.210,0.370,0.490,0.660,0.470,0.320,0.320,0.040,
 0.620,0.130,0.460,0.160,0.300,0.520,0.450,0.100,0.000,0.250,0.080,0.410,
 0.000,0.160,0.080,0.110,0.260,0.030,0.230,0.000,0.180,0.370,0.020,0.050,
 0.180,0.070,0.010,0.170,0.070,0.070,0.360,0.290,0.130,0.000,0.030,0.360,
 0.010,0.240,0.050,0.070,0.790,0.030,0.190,0.000,0.210,0.010,0.000,0.080,
 0.620,0.080,0.180,0.000,0.000,0.010,0.050,0.000,0.090,0.130,0.000,0.460,
 0.000,0.080,0.010,0.030,0.200,0.010,0.010,0.000,0.010,0.000,0.000,0.000,
 0.010,0.050,0.010,0.000,0.090,0.010,0.000,0.000,0.000,0.010,0.020,0.250,
 0.010,0.060,0.000,0.020]
Training Group Acc: [0.617,0.202,0.000]
Epoch [37] Training Results: Prec@1 62.420 Prec@5 76.894 Loss 1.97589
Epoch [37] Training Class Recall: [0.502,0.373,0.347,0.309,0.333,0.398,0.350,0.498,0.512,0.458,0.310,0.194,
 0.523,0.486,0.409,0.431,0.380,0.587,0.542,0.478,0.000,0.648,0.271,0.637,
 0.057,0.527,0.421,0.583,0.496,0.535,0.507,0.082,0.563,0.641,0.592,0.592,
 0.647,0.621,0.581,0.569,0.624,0.595,0.618,0.690,0.597,0.555,0.571,0.705,
 0.549,0.711,0.698,0.717,0.754,0.282,0.663,0.743,0.734,0.500,0.688,0.597,
 0.782,0.777,0.721,0.765,0.653,0.748,0.772,0.500,0.789,0.697,0.676,0.803,
 0.727,0.229,0.845,0.752,0.781,0.803,0.742,0.840,0.798,0.577,0.527,0.609,
 0.800,0.813,0.800,0.730,0.756,0.789,0.822,0.827,0.293,0.805,0.816,0.833,
 0.871,0.748,0.627,0.788]
Testing Group Acc: [0.177,0.002,0.000]
Epoch [37] Testing Results: Prec@1 16.870 Prec@5 35.180 Loss 4.70202
Epoch [37] Testing Class Recall: [0.460,0.260,0.470,0.460,0.290,0.550,0.310,0.500,0.580,0.380,0.210,0.260,
 0.550,0.360,0.170,0.320,0.500,0.750,0.230,0.400,0.000,0.600,0.040,0.360,
 0.010,0.040,0.180,0.130,0.330,0.020,0.200,0.000,0.050,0.410,0.020,0.010,
 0.190,0.230,0.170,0.120,0.160,0.070,0.200,0.350,0.070,0.100,0.210,0.360,
 0.000,0.130,0.020,0.070,0.530,0.010,0.330,0.020,0.170,0.020,0.000,0.010,
 0.590,0.120,0.410,0.080,0.000,0.010,0.070,0.010,0.260,0.040,0.240,0.050,
 0.040,0.020,0.020,0.060,0.280,0.030,0.000,0.010,0.050,0.000,0.170,0.010,
 0.010,0.010,0.000,0.010,0.080,0.010,0.000,0.010,0.000,0.010,0.070,0.030,
 0.050,0.020,0.030,0.010]
Training Group Acc: [0.617,0.199,0.000]
Epoch [38] Training Results: Prec@1 62.317 Prec@5 77.037 Loss 1.97913
Epoch [38] Training Class Recall: [0.502,0.355,0.353,0.346,0.322,0.406,0.350,0.495,0.464,0.465,0.315,0.212,
 0.548,0.489,0.381,0.447,0.402,0.589,0.490,0.497,0.015,0.642,0.289,0.660,
 0.045,0.512,0.450,0.576,0.529,0.574,0.507,0.092,0.530,0.620,0.555,0.562,
 0.640,0.581,0.602,0.566,0.580,0.592,0.640,0.685,0.624,0.567,0.591,0.716,
 0.486,0.703,0.672,0.697,0.752,0.371,0.666,0.753,0.721,0.521,0.653,0.582,
 0.797,0.759,0.721,0.768,0.644,0.723,0.743,0.544,0.792,0.755,0.656,0.808,
 0.741,0.238,0.805,0.752,0.786,0.808,0.757,0.816,0.795,0.538,0.541,0.572,
 0.824,0.815,0.800,0.745,0.759,0.802,0.847,0.832,0.303,0.793,0.821,0.843,
 0.865,0.728,0.622,0.791]
Testing Group Acc: [0.170,0.024,0.000]
Epoch [38] Testing Results: Prec@1 16.310 Prec@5 34.940 Loss 4.76388
Epoch [38] Testing Class Recall: [0.450,0.350,0.380,0.310,0.290,0.730,0.140,0.390,0.570,0.520,0.290,0.090,
 0.590,0.240,0.410,0.380,0.380,0.720,0.370,0.270,0.000,0.450,0.210,0.510,
 0.100,0.150,0.040,0.020,0.310,0.160,0.420,0.000,0.130,0.220,0.010,0.150,
 0.080,0.380,0.260,0.240,0.140,0.110,0.090,0.110,0.020,0.030,0.020,0.380,
 0.000,0.220,0.060,0.080,0.480,0.010,0.170,0.010,0.160,0.000,0.010,0.050,
 0.530,0.090,0.330,0.140,0.000,0.010,0.020,0.000,0.150,0.060,0.020,0.110,
 0.000,0.070,0.040,0.080,0.290,0.010,0.010,0.060,0.040,0.020,0.000,0.000,
 0.010,0.020,0.000,0.000,0.000,0.000,0.000,0.000,0.000,0.000,0.210,0.050,
 0.040,0.010,0.000,0.030]
Training Group Acc: [0.619,0.203,0.000]
Epoch [39] Training Results: Prec@1 62.597 Prec@5 77.477 Loss 1.96089
Epoch [39] Training Class Recall: [0.516,0.391,0.364,0.316,0.345,0.381,0.342,0.478,0.514,0.465,0.303,0.203,
 0.541,0.486,0.419,0.454,0.354,0.606,0.520,0.503,0.031,0.670,0.278,0.648,
 0.068,0.498,0.454,0.550,0.558,0.586,0.531,0.082,0.548,0.635,0.576,0.587,
 0.664,0.576,0.602,0.545,0.602,0.622,0.669,0.683,0.583,0.591,0.561,0.725,
 0.525,0.738,0.683,0.672,0.774,0.282,0.649,0.753,0.707,0.511,0.693,0.617,
 0.789,0.745,0.692,0.760,0.659,0.732,0.776,0.537,0.803,0.697,0.671,0.799,
 0.747,0.238,0.828,0.740,0.788,0.808,0.749,0.842,0.807,0.551,0.534,0.619,
 0.800,0.797,0.808,0.745,0.763,0.781,0.861,0.827,0.283,0.793,0.821,0.837,
 0.878,0.728,0.609,0.791]
Testing Group Acc: [0.182,0.004,0.000]
Epoch [39] Testing Results: Prec@1 17.270 Prec@5 36.410 Loss 4.45972
Epoch [39] Testing Class Recall: [0.450,0.350,0.210,0.180,0.070,0.540,0.510,0.580,0.360,0.360,0.230,0.220,
 0.550,0.280,0.060,0.350,0.380,0.710,0.560,0.160,0.000,0.020,0.300,0.640,
 0.010,0.090,0.230,0.240,0.320,0.040,0.450,0.010,0.050,0.180,0.090,0.040,
 0.170,0.080,0.140,0.340,0.180,0.050,0.180,0.060,0.240,0.110,0.010,0.390,
 0.030,0.340,0.020,0.210,0.670,0.060,0.120,0.020,0.370,0.020,0.020,0.200,
 0.600,0.120,0.440,0.130,0.000,0.000,0.070,0.000,0.160,0.340,0.200,0.260,
 0.020,0.050,0.020,0.040,0.310,0.000,0.000,0.000,0.010,0.000,0.120,0.040,
 0.020,0.160,0.000,0.000,0.020,0.000,0.000,0.020,0.000,0.000,0.050,0.130,
 0.030,0.000,0.010,0.050]
Training Group Acc: [0.623,0.200,0.000]
Epoch [40] Training Results: Prec@1 62.960 Prec@5 77.609 Loss 1.94909
Epoch [40] Training Class Recall: [0.487,0.366,0.375,0.348,0.316,0.426,0.361,0.507,0.495,0.429,0.313,0.206,
 0.546,0.526,0.409,0.477,0.397,0.610,0.514,0.487,0.031,0.633,0.313,0.658,
 0.068,0.485,0.463,0.576,0.543,0.577,0.560,0.122,0.612,0.651,0.568,0.574,
 0.679,0.636,0.634,0.574,0.599,0.579,0.671,0.694,0.585,0.561,0.611,0.734,
 0.522,0.714,0.703,0.710,0.754,0.355,0.660,0.733,0.701,0.568,0.653,0.612,
 0.786,0.755,0.689,0.758,0.650,0.723,0.761,0.493,0.797,0.731,0.662,0.808,
 0.750,0.219,0.816,0.730,0.790,0.805,0.757,0.840,0.795,0.487,0.554,0.609,
 0.820,0.808,0.808,0.735,0.773,0.786,0.850,0.827,0.293,0.795,0.811,0.839,
 0.878,0.732,0.614,0.780]
Testing Group Acc: [0.171,0.002,0.000]
Epoch [40] Testing Results: Prec@1 16.240 Prec@5 35.770 Loss 4.64847
Epoch [40] Testing Class Recall: [0.550,0.430,0.110,0.600,0.130,0.130,0.500,0.140,0.410,0.510,0.480,0.130,
 0.530,0.350,0.260,0.240,0.060,0.440,0.390,0.300,0.000,0.550,0.160,0.580,
 0.000,0.220,0.120,0.060,0.230,0.070,0.430,0.000,0.210,0.430,0.340,0.070,
 0.280,0.170,0.140,0.480,0.050,0.100,0.160,0.130,0.190,0.260,0.050,0.350,
 0.070,0.170,0.090,0.060,0.520,0.000,0.200,0.010,0.160,0.030,0.070,0.000,
 0.420,0.090,0.390,0.130,0.000,0.020,0.080,0.000,0.170,0.230,0.050,0.130,
 0.010,0.010,0.050,0.040,0.100,0.010,0.010,0.020,0.010,0.000,0.000,0.040,
 0.010,0.020,0.000,0.000,0.030,0.010,0.000,0.070,0.010,0.000,0.040,0.020,
 0.010,0.020,0.000,0.090]
Training Group Acc: [0.625,0.214,0.000]
Epoch [41] Training Results: Prec@1 63.211 Prec@5 77.623 Loss 1.93598
Epoch [41] Training Class Recall: [0.513,0.359,0.319,0.327,0.335,0.426,0.353,0.480,0.505,0.445,0.310,0.203,
 0.555,0.508,0.425,0.467,0.343,0.610,0.539,0.517,0.015,0.668,0.282,0.692,
 0.080,0.483,0.445,0.600,0.547,0.529,0.541,0.112,0.596,0.656,0.599,0.582,
 0.676,0.633,0.619,0.577,0.618,0.609,0.669,0.714,0.606,0.591,0.598,0.732,
 0.553,0.698,0.663,0.697,0.754,0.315,0.663,0.746,0.714,0.526,0.678,0.662,
 0.800,0.741,0.718,0.781,0.647,0.755,0.785,0.500,0.797,0.697,0.636,0.801,
 0.741,0.248,0.822,0.755,0.801,0.832,0.739,0.847,0.786,0.551,0.547,0.628,
 0.827,0.797,0.787,0.770,0.768,0.791,0.850,0.822,0.313,0.802,0.824,0.839,
 0.880,0.748,0.631,0.791]
Testing Group Acc: [0.176,0.000,0.000]
Epoch [41] Testing Results: Prec@1 16.710 Prec@5 36.650 Loss 4.63633
Epoch [41] Testing Class Recall: [0.530,0.410,0.050,0.330,0.200,0.150,0.130,0.860,0.330,0.220,0.160,0.140,
 0.570,0.300,0.080,0.320,0.310,0.540,0.580,0.490,0.000,0.490,0.060,0.470,
 0.000,0.190,0.310,0.080,0.280,0.120,0.420,0.000,0.140,0.320,0.160,0.240,
 0.350,0.130,0.200,0.300,0.000,0.050,0.070,0.330,0.100,0.030,0.140,0.280,
 0.130,0.100,0.070,0.310,0.670,0.010,0.220,0.060,0.160,0.010,0.000,0.200,
 0.640,0.090,0.440,0.080,0.000,0.060,0.040,0.000,0.060,0.100,0.150,0.130,
 0.030,0.020,0.020,0.130,0.220,0.030,0.000,0.020,0.000,0.000,0.010,0.020,
 0.010,0.130,0.000,0.000,0.070,0.020,0.000,0.020,0.000,0.030,0.050,0.160,
 0.000,0.010,0.010,0.010]
Training Group Acc: [0.623,0.227,0.000]
Epoch [42] Training Results: Prec@1 63.034 Prec@5 77.737 Loss 1.94219
Epoch [42] Training Class Recall: [0.491,0.380,0.342,0.334,0.311,0.419,0.359,0.480,0.505,0.465,0.346,0.244,
 0.568,0.468,0.404,0.447,0.399,0.602,0.497,0.506,0.015,0.648,0.299,0.658,
 0.091,0.522,0.459,0.605,0.547,0.580,0.531,0.133,0.574,0.641,0.610,0.551,
 0.684,0.636,0.611,0.566,0.599,0.599,0.669,0.696,0.595,0.613,0.598,0.723,
 0.537,0.727,0.694,0.712,0.759,0.323,0.663,0.751,0.712,0.526,0.653,0.647,
 0.800,0.745,0.721,0.750,0.662,0.726,0.752,0.493,0.783,0.697,0.671,0.796,
 0.736,0.248,0.813,0.727,0.795,0.811,0.742,0.842,0.795,0.551,0.527,0.586,
 0.820,0.813,0.800,0.735,0.775,0.789,0.840,0.830,0.343,0.805,0.821,0.837,
 0.880,0.738,0.609,0.796]
Testing Group Acc: [0.179,0.000,0.000]
Epoch [42] Testing Results: Prec@1 17.040 Prec@5 37.270 Loss 4.57006
Epoch [42] Testing Class Recall: [0.540,0.570,0.420,0.180,0.230,0.460,0.170,0.430,0.480,0.420,0.210,0.080,
 0.640,0.530,0.410,0.420,0.380,0.770,0.180,0.230,0.000,0.430,0.090,0.290,
 0.000,0.070,0.330,0.280,0.090,0.080,0.500,0.000,0.100,0.280,0.120,0.260,
 0.130,0.280,0.030,0.240,0.050,0.130,0.060,0.080,0.090,0.040,0.080,0.420,
 0.120,0.250,0.020,0.040,0.630,0.080,0.190,0.050,0.170,0.040,0.020,0.240,
 0.430,0.150,0.410,0.110,0.020,0.010,0.060,0.000,0.270,0.280,0.300,0.110,
 0.010,0.030,0.020,0.050,0.120,0.020,0.010,0.030,0.010,0.000,0.010,0.000,
 0.010,0.000,0.000,0.020,0.040,0.000,0.030,0.010,0.000,0.000,0.150,0.110,
 0.010,0.020,0.020,0.010]
Training Group Acc: [0.628,0.215,0.000]
Epoch [43] Training Results: Prec@1 63.397 Prec@5 77.574 Loss 1.92776
Epoch [43] Training Class Recall: [0.513,0.409,0.369,0.341,0.330,0.449,0.359,0.502,0.459,0.477,0.333,0.237,
 0.557,0.505,0.432,0.477,0.388,0.617,0.550,0.485,0.031,0.653,0.268,0.637,
 0.091,0.500,0.443,0.598,0.554,0.586,0.555,0.122,0.584,0.648,0.605,0.587,
 0.647,0.606,0.639,0.571,0.614,0.609,0.669,0.705,0.633,0.588,0.581,0.723,
 0.565,0.740,0.665,0.688,0.754,0.371,0.652,0.746,0.729,0.532,0.683,0.622,
 0.797,0.752,0.698,0.801,0.686,0.755,0.780,0.500,0.781,0.718,0.647,0.791,
 0.761,0.257,0.830,0.746,0.790,0.811,0.737,0.833,0.800,0.526,0.554,0.628,
 0.822,0.789,0.797,0.740,0.749,0.784,0.843,0.830,0.303,0.798,0.821,0.839,
 0.882,0.752,0.618,0.799]
Testing Group Acc: [0.172,0.004,0.000]
Epoch [43] Testing Results: Prec@1 16.370 Prec@5 34.850 Loss 4.86278
Epoch [43] Testing Class Recall: [0.350,0.390,0.290,0.160,0.340,0.500,0.640,0.740,0.300,0.470,0.160,0.050,
 0.480,0.670,0.240,0.090,0.230,0.500,0.560,0.320,0.010,0.820,0.030,0.700,
 0.000,0.090,0.210,0.220,0.260,0.070,0.290,0.010,0.050,0.350,0.040,0.080,
 0.370,0.150,0.050,0.220,0.060,0.040,0.180,0.130,0.020,0.030,0.120,0.260,
 0.000,0.230,0.070,0.020,0.720,0.080,0.210,0.020,0.220,0.050,0.000,0.140,
 0.430,0.190,0.430,0.090,0.020,0.010,0.060,0.000,0.110,0.050,0.110,0.180,
 0.000,0.090,0.000,0.090,0.300,0.010,0.000,0.000,0.000,0.000,0.000,0.010,
 0.000,0.010,0.000,0.000,0.020,0.000,0.010,0.000,0.000,0.000,0.010,0.030,
 0.000,0.000,0.000,0.010]
Training Group Acc: [0.629,0.222,0.000]
Epoch [44] Training Results: Prec@1 63.526 Prec@5 77.757 Loss 1.92659
Epoch [44] Training Class Recall: [0.538,0.373,0.358,0.334,0.305,0.419,0.339,0.495,0.524,0.455,0.346,0.209,
 0.579,0.508,0.402,0.459,0.399,0.630,0.510,0.487,0.092,0.659,0.296,0.648,
 0.102,0.512,0.465,0.566,0.597,0.589,0.541,0.061,0.589,0.651,0.589,0.556,
 0.676,0.628,0.622,0.563,0.627,0.635,0.691,0.707,0.617,0.579,0.584,0.754,
 0.549,0.730,0.683,0.715,0.748,0.339,0.696,0.756,0.710,0.532,0.683,0.622,
 0.808,0.748,0.727,0.778,0.671,0.732,0.767,0.507,0.806,0.731,0.665,0.808,
 0.739,0.238,0.828,0.755,0.795,0.822,0.727,0.847,0.805,0.551,0.554,0.609,
 0.815,0.800,0.800,0.760,0.775,0.784,0.857,0.827,0.303,0.785,0.834,0.839,
 0.882,0.738,0.609,0.799]
Testing Group Acc: [0.172,0.002,0.000]
Epoch [44] Testing Results: Prec@1 16.350 Prec@5 35.350 Loss 4.83652
Epoch [44] Testing Class Recall: [0.570,0.540,0.470,0.140,0.210,0.480,0.390,0.530,0.540,0.390,0.210,0.130,
 0.600,0.200,0.510,0.250,0.290,0.710,0.250,0.280,0.000,0.470,0.130,0.690,
 0.010,0.340,0.320,0.250,0.260,0.040,0.480,0.000,0.190,0.260,0.160,0.050,
 0.160,0.210,0.200,0.120,0.130,0.120,0.040,0.140,0.120,0.010,0.080,0.180,
 0.020,0.140,0.010,0.120,0.520,0.020,0.260,0.010,0.210,0.020,0.000,0.080,
 0.460,0.060,0.410,0.010,0.010,0.010,0.040,0.000,0.100,0.100,0.110,0.090,
 0.000,0.010,0.020,0.040,0.240,0.000,0.000,0.040,0.000,0.000,0.000,0.020,
 0.010,0.100,0.000,0.000,0.020,0.000,0.000,0.000,0.000,0.030,0.110,0.000,
 0.020,0.000,0.010,0.020]
Training Group Acc: [0.631,0.247,0.000]
Epoch [45] Training Results: Prec@1 63.740 Prec@5 77.780 Loss 1.92260
Epoch [45] Training Class Recall: [0.527,0.402,0.353,0.371,0.358,0.446,0.347,0.485,0.498,0.490,0.364,0.209,
 0.537,0.520,0.442,0.482,0.394,0.610,0.531,0.513,0.062,0.664,0.340,0.658,
 0.114,0.507,0.497,0.624,0.529,0.583,0.531,0.204,0.584,0.667,0.565,0.590,
 0.669,0.613,0.609,0.582,0.636,0.599,0.667,0.694,0.622,0.591,0.581,0.734,
 0.573,0.727,0.690,0.706,0.765,0.331,0.663,0.733,0.723,0.542,0.683,0.617,
 0.815,0.759,0.724,0.778,0.671,0.741,0.785,0.515,0.792,0.714,0.671,0.803,
 0.736,0.276,0.816,0.740,0.790,0.805,0.744,0.828,0.800,0.564,0.520,0.651,
 0.820,0.797,0.797,0.750,0.763,0.786,0.836,0.817,0.293,0.798,0.826,0.837,
 0.880,0.722,0.644,0.786]
Testing Group Acc: [0.180,0.004,0.000]
Epoch [45] Testing Results: Prec@1 17.130 Prec@5 35.750 Loss 4.62690
Epoch [45] Testing Class Recall: [0.580,0.570,0.400,0.350,0.240,0.350,0.280,0.670,0.350,0.470,0.230,0.010,
 0.560,0.140,0.300,0.460,0.670,0.450,0.410,0.240,0.000,0.230,0.200,0.210,
 0.020,0.110,0.170,0.140,0.120,0.080,0.250,0.000,0.050,0.520,0.120,0.100,
 0.400,0.170,0.140,0.170,0.030,0.090,0.270,0.240,0.060,0.000,0.080,0.170,
 0.010,0.170,0.080,0.130,0.560,0.030,0.170,0.050,0.570,0.000,0.000,0.080,
 0.640,0.090,0.320,0.110,0.010,0.040,0.100,0.010,0.190,0.180,0.220,0.390,
 0.090,0.040,0.000,0.100,0.550,0.070,0.010,0.010,0.020,0.000,0.010,0.000,
 0.020,0.000,0.000,0.000,0.090,0.000,0.000,0.000,0.000,0.000,0.000,0.080,
 0.010,0.000,0.000,0.010]
Training Group Acc: [0.630,0.248,0.000]
Epoch [46] Training Results: Prec@1 63.766 Prec@5 77.963 Loss 1.91125
Epoch [46] Training Class Recall: [0.524,0.420,0.378,0.378,0.337,0.416,0.401,0.549,0.529,0.494,0.346,0.191,
 0.552,0.526,0.455,0.464,0.374,0.617,0.529,0.513,0.015,0.657,0.316,0.669,
 0.125,0.515,0.479,0.618,0.518,0.574,0.545,0.163,0.591,0.659,0.594,0.574,
 0.674,0.636,0.622,0.577,0.586,0.615,0.669,0.692,0.645,0.582,0.598,0.730,
 0.541,0.738,0.696,0.715,0.750,0.371,0.677,0.746,0.716,0.526,0.658,0.617,
 0.808,0.755,0.724,0.768,0.656,0.728,0.758,0.515,0.786,0.721,0.653,0.803,
 0.747,0.257,0.819,0.743,0.788,0.816,0.749,0.847,0.789,0.603,0.541,0.595,
 0.815,0.795,0.780,0.755,0.763,0.778,0.843,0.822,0.333,0.817,0.824,0.837,
 0.878,0.719,0.614,0.804]
Testing Group Acc: [0.163,0.012,0.000]
Epoch [46] Testing Results: Prec@1 15.530 Prec@5 34.840 Loss 4.91103
Epoch [46] Testing Class Recall: [0.590,0.500,0.220,0.260,0.530,0.220,0.520,0.190,0.610,0.120,0.280,0.160,
 0.320,0.520,0.250,0.310,0.190,0.780,0.230,0.320,0.000,0.160,0.050,0.500,
 0.020,0.380,0.170,0.200,0.110,0.070,0.420,0.040,0.250,0.280,0.070,0.060,
 0.160,0.070,0.370,0.170,0.110,0.050,0.210,0.140,0.060,0.050,0.080,0.290,
 0.020,0.100,0.020,0.100,0.470,0.020,0.170,0.010,0.170,0.020,0.000,0.080,
 0.650,0.110,0.240,0.120,0.010,0.010,0.010,0.000,0.160,0.020,0.380,0.200,
 0.000,0.080,0.020,0.060,0.190,0.000,0.000,0.040,0.030,0.000,0.010,0.000,
 0.010,0.020,0.000,0.000,0.080,0.000,0.010,0.000,0.000,0.020,0.040,0.110,
 0.030,0.010,0.010,0.010]
Training Group Acc: [0.629,0.249,0.000]
Epoch [47] Training Results: Prec@1 63.614 Prec@5 77.937 Loss 1.91417
Epoch [47] Training Class Recall: [0.524,0.409,0.344,0.367,0.316,0.404,0.353,0.502,0.531,0.458,0.351,0.234,
 0.561,0.489,0.417,0.452,0.411,0.619,0.559,0.515,0.108,0.664,0.337,0.644,
 0.102,0.510,0.479,0.624,0.565,0.565,0.531,0.133,0.558,0.633,0.571,0.585,
 0.681,0.621,0.628,0.545,0.639,0.632,0.669,0.725,0.595,0.576,0.601,0.736,
 0.537,0.732,0.667,0.708,0.746,0.355,0.685,0.716,0.714,0.516,0.703,0.627,
 0.800,0.763,0.733,0.776,0.631,0.753,0.769,0.500,0.775,0.738,0.665,0.806,
 0.756,0.229,0.836,0.749,0.799,0.830,0.757,0.852,0.795,0.590,0.520,0.633,
 0.817,0.810,0.792,0.745,0.749,0.786,0.861,0.820,0.313,0.805,0.826,0.839,
 0.869,0.725,0.631,0.794]
Testing Group Acc: [0.164,0.010,0.000]
Epoch [47] Testing Results: Prec@1 15.610 Prec@5 33.270 Loss 4.91810
Epoch [47] Testing Class Recall: [0.570,0.570,0.400,0.140,0.370,0.420,0.550,0.600,0.320,0.200,0.560,0.170,
 0.530,0.470,0.170,0.280,0.350,0.660,0.520,0.240,0.000,0.410,0.030,0.470,
 0.040,0.120,0.250,0.230,0.180,0.120,0.260,0.010,0.140,0.110,0.020,0.080,
 0.140,0.100,0.010,0.320,0.110,0.080,0.090,0.250,0.110,0.020,0.070,0.200,
 0.010,0.030,0.090,0.060,0.680,0.000,0.190,0.040,0.290,0.010,0.010,0.020,
 0.700,0.010,0.340,0.040,0.010,0.000,0.010,0.000,0.020,0.060,0.080,0.150,
 0.000,0.060,0.000,0.030,0.300,0.020,0.000,0.000,0.000,0.000,0.000,0.000,
 0.010,0.010,0.000,0.000,0.020,0.010,0.020,0.020,0.000,0.060,0.090,0.020,
 0.010,0.000,0.000,0.020]
Training Group Acc: [0.634,0.259,0.000]
Epoch [48] Training Results: Prec@1 64.000 Prec@5 78.303 Loss 1.89991
Epoch [48] Training Class Recall: [0.535,0.380,0.397,0.350,0.367,0.459,0.389,0.517,0.500,0.500,0.351,0.234,
 0.577,0.514,0.435,0.477,0.399,0.595,0.552,0.485,0.077,0.646,0.309,0.660,
 0.170,0.512,0.490,0.609,0.576,0.598,0.593,0.163,0.589,0.667,0.571,0.590,
 0.686,0.633,0.639,0.574,0.630,0.619,0.696,0.694,0.626,0.582,0.584,0.745,
 0.561,0.735,0.654,0.697,0.754,0.387,0.663,0.746,0.725,0.537,0.713,0.637,
 0.797,0.745,0.716,0.763,0.656,0.739,0.778,0.522,0.792,0.735,0.662,0.803,
 0.741,0.219,0.816,0.755,0.781,0.814,0.754,0.811,0.798,0.538,0.547,0.642,
 0.817,0.808,0.787,0.740,0.770,0.786,0.850,0.835,0.343,0.798,0.818,0.833,
 0.876,0.728,0.635,0.794]
Testing Group Acc: [0.191,0.006,0.000]
Epoch [48] Testing Results: Prec@1 18.180 Prec@5 37.970 Loss 4.34905
Epoch [48] Testing Class Recall: [0.530,0.310,0.410,0.030,0.130,0.440,0.370,0.660,0.520,0.380,0.210,0.030,
 0.590,0.470,0.240,0.430,0.310,0.740,0.310,0.090,0.000,0.550,0.140,0.570,
 0.000,0.150,0.320,0.230,0.150,0.150,0.310,0.010,0.160,0.240,0.000,0.030,
 0.340,0.250,0.100,0.330,0.140,0.040,0.430,0.060,0.070,0.020,0.130,0.280,
 0.000,0.300,0.150,0.180,0.570,0.130,0.320,0.000,0.140,0.050,0.000,0.170,
 0.740,0.150,0.400,0.080,0.050,0.010,0.080,0.000,0.250,0.240,0.300,0.120,
 0.090,0.090,0.030,0.170,0.550,0.040,0.000,0.000,0.000,0.020,0.000,0.010,
 0.020,0.070,0.010,0.000,0.020,0.000,0.010,0.010,0.000,0.000,0.040,0.050,
 0.100,0.000,0.000,0.020]
Training Group Acc: [0.636,0.242,0.000]
Epoch [49] Training Results: Prec@1 64.331 Prec@5 78.303 Loss 1.89237
Epoch [49] Training Class Recall: [0.520,0.417,0.364,0.334,0.358,0.454,0.353,0.532,0.526,0.490,0.372,0.244,
 0.581,0.514,0.419,0.505,0.394,0.610,0.539,0.513,0.092,0.657,0.313,0.696,
 0.114,0.520,0.528,0.605,0.565,0.607,0.560,0.122,0.604,0.648,0.605,0.549,
 0.664,0.663,0.658,0.582,0.633,0.599,0.674,0.710,0.620,0.610,0.628,0.743,
 0.561,0.745,0.690,0.701,0.770,0.379,0.669,0.741,0.732,0.505,0.634,0.632,
 0.813,0.759,0.733,0.773,0.656,0.739,0.778,0.515,0.794,0.714,0.645,0.815,
 0.750,0.229,0.825,0.727,0.790,0.805,0.757,0.844,0.802,0.590,0.541,0.623,
 0.827,0.813,0.797,0.745,0.770,0.796,0.861,0.842,0.293,0.798,0.821,0.841,
 0.882,0.732,0.627,0.788]
Testing Group Acc: [0.165,0.000,0.000]
Epoch [49] Testing Results: Prec@1 15.640 Prec@5 33.830 Loss 5.06960
Epoch [49] Testing Class Recall: [0.520,0.360,0.420,0.250,0.320,0.390,0.530,0.600,0.600,0.260,0.470,0.000,
 0.710,0.570,0.130,0.450,0.720,0.610,0.460,0.250,0.000,0.120,0.030,0.360,
 0.000,0.050,0.050,0.170,0.140,0.090,0.420,0.000,0.040,0.210,0.140,0.070,
 0.220,0.010,0.070,0.150,0.040,0.030,0.230,0.020,0.010,0.010,0.000,0.360,
 0.040,0.260,0.050,0.030,0.640,0.040,0.090,0.010,0.130,0.020,0.020,0.130,
 0.580,0.040,0.250,0.020,0.000,0.010,0.010,0.000,0.090,0.130,0.270,0.260,
 0.030,0.100,0.010,0.080,0.100,0.000,0.000,0.020,0.000,0.000,0.060,0.000,
 0.000,0.060,0.000,0.000,0.100,0.000,0.000,0.010,0.000,0.030,0.070,0.120,
 0.030,0.000,0.000,0.040]
Training Group Acc: [0.636,0.234,0.000]
Epoch [50] Training Results: Prec@1 64.209 Prec@5 78.306 Loss 1.89360
Epoch [50] Training Class Recall: [0.524,0.402,0.378,0.346,0.335,0.489,0.342,0.532,0.505,0.471,0.362,0.237,
 0.555,0.541,0.432,0.503,0.402,0.630,0.552,0.515,0.077,0.679,0.333,0.658,
 0.125,0.520,0.477,0.596,0.572,0.631,0.536,0.153,0.619,0.643,0.576,0.577,
 0.691,0.636,0.634,0.561,0.599,0.609,0.669,0.703,0.615,0.640,0.628,0.747,
 0.588,0.740,0.696,0.699,0.757,0.403,0.688,0.746,0.716,0.532,0.668,0.617,
 0.795,0.759,0.718,0.763,0.665,0.739,0.763,0.537,0.792,0.701,0.691,0.810,
 0.753,0.229,0.833,0.734,0.801,0.805,0.754,0.842,0.798,0.500,0.547,0.605,
 0.829,0.810,0.808,0.745,0.766,0.768,0.857,0.825,0.313,0.800,0.818,0.833,
 0.880,0.742,0.618,0.804]
Testing Group Acc: [0.174,0.008,0.000]
Epoch [50] Testing Results: Prec@1 16.560 Prec@5 35.180 Loss 4.78607
Epoch [50] Testing Class Recall: [0.570,0.340,0.540,0.340,0.580,0.380,0.340,0.620,0.520,0.630,0.380,0.040,
 0.650,0.460,0.310,0.330,0.270,0.440,0.470,0.090,0.000,0.160,0.040,0.540,
 0.040,0.190,0.250,0.200,0.250,0.080,0.420,0.000,0.190,0.120,0.200,0.070,
 0.310,0.050,0.110,0.300,0.090,0.080,0.070,0.150,0.040,0.020,0.050,0.170,
 0.010,0.160,0.020,0.160,0.700,0.030,0.160,0.040,0.130,0.010,0.010,0.100,
 0.370,0.070,0.310,0.030,0.000,0.010,0.030,0.000,0.170,0.180,0.470,0.320,
 0.020,0.020,0.020,0.060,0.130,0.030,0.000,0.020,0.000,0.000,0.060,0.000,
 0.000,0.110,0.000,0.010,0.040,0.000,0.000,0.000,0.000,0.000,0.000,0.020,
 0.020,0.000,0.000,0.020]
Training Group Acc: [0.633,0.228,0.000]
Epoch [51] Training Results: Prec@1 63.991 Prec@5 78.254 Loss 1.89146
Epoch [51] Training Class Recall: [0.531,0.409,0.381,0.346,0.326,0.434,0.392,0.520,0.534,0.487,0.333,0.247,
 0.543,0.541,0.425,0.462,0.402,0.619,0.539,0.515,0.062,0.657,0.299,0.669,
 0.125,0.490,0.499,0.616,0.572,0.604,0.550,0.122,0.574,0.669,0.610,0.579,
 0.684,0.636,0.619,0.582,0.674,0.602,0.657,0.701,0.636,0.631,0.611,0.758,
 0.576,0.711,0.714,0.697,0.754,0.387,0.669,0.765,0.723,0.532,0.634,0.607,
 0.800,0.752,0.727,0.781,0.650,0.737,0.774,0.522,0.789,0.704,0.656,0.796,
 0.764,0.267,0.825,0.746,0.788,0.816,0.734,0.837,0.795,0.526,0.500,0.609,
 0.820,0.806,0.795,0.735,0.754,0.789,0.850,0.822,0.303,0.802,0.816,0.837,
 0.876,0.742,0.622,0.796]
Testing Group Acc: [0.176,0.000,0.000]
Epoch [51] Testing Results: Prec@1 16.760 Prec@5 34.460 Loss 5.05616
Epoch [51] Testing Class Recall: [0.500,0.490,0.450,0.420,0.130,0.380,0.200,0.790,0.720,0.470,0.050,0.340,
 0.680,0.550,0.320,0.360,0.450,0.500,0.140,0.260,0.000,0.690,0.190,0.520,
 0.000,0.090,0.120,0.080,0.260,0.090,0.340,0.000,0.080,0.170,0.170,0.030,
 0.160,0.020,0.100,0.100,0.100,0.170,0.170,0.400,0.190,0.020,0.110,0.370,
 0.140,0.210,0.010,0.050,0.520,0.060,0.220,0.050,0.330,0.040,0.010,0.110,
 0.370,0.080,0.100,0.070,0.000,0.000,0.000,0.030,0.040,0.190,0.060,0.500,
 0.000,0.050,0.000,0.130,0.210,0.020,0.000,0.030,0.000,0.000,0.000,0.010,
 0.010,0.060,0.010,0.000,0.020,0.000,0.000,0.010,0.000,0.000,0.030,0.040,
 0.000,0.000,0.000,0.000]
Training Group Acc: [0.637,0.225,0.000]
Epoch [52] Training Results: Prec@1 64.306 Prec@5 78.503 Loss 1.87693
Epoch [52] Training Class Recall: [0.509,0.424,0.381,0.385,0.367,0.441,0.367,0.500,0.502,0.487,0.328,0.209,
 0.581,0.526,0.445,0.482,0.397,0.623,0.544,0.478,0.046,0.664,0.330,0.687,
 0.057,0.507,0.488,0.620,0.594,0.607,0.579,0.143,0.584,0.656,0.613,0.587,
 0.699,0.636,0.667,0.574,0.643,0.599,0.679,0.696,0.620,0.613,0.625,0.736,
 0.588,0.732,0.703,0.728,0.752,0.371,0.685,0.763,0.714,0.547,0.673,0.622,
 0.800,0.770,0.727,0.765,0.680,0.705,0.774,0.522,0.800,0.714,0.665,0.801,
 0.741,0.229,0.813,0.724,0.795,0.811,0.739,0.837,0.800,0.564,0.554,0.637,
 0.822,0.808,0.792,0.735,0.777,0.804,0.833,0.837,0.313,0.793,0.821,0.843,
 0.889,0.752,0.627,0.791]
Testing Group Acc: [0.178,0.016,0.000]
Epoch [52] Testing Results: Prec@1 16.980 Prec@5 36.030 Loss 4.81346
Epoch [52] Testing Class Recall: [0.570,0.350,0.270,0.380,0.220,0.090,0.480,0.440,0.470,0.470,0.290,0.390,
 0.630,0.190,0.170,0.320,0.400,0.480,0.460,0.190,0.000,0.270,0.200,0.560,
 0.080,0.240,0.210,0.010,0.360,0.290,0.350,0.000,0.120,0.340,0.390,0.120,
 0.270,0.160,0.020,0.240,0.050,0.040,0.380,0.220,0.120,0.010,0.050,0.300,
 0.040,0.200,0.090,0.120,0.590,0.030,0.170,0.040,0.270,0.020,0.000,0.050,
 0.240,0.130,0.350,0.090,0.010,0.000,0.040,0.000,0.070,0.090,0.420,0.280,
 0.010,0.030,0.010,0.110,0.300,0.000,0.000,0.090,0.010,0.000,0.020,0.030,
 0.000,0.040,0.000,0.000,0.030,0.000,0.000,0.000,0.000,0.040,0.160,0.020,
 0.010,0.000,0.000,0.070]
Training Group Acc: [0.636,0.232,0.000]
Epoch [53] Training Results: Prec@1 64.194 Prec@5 78.611 Loss 1.87959
Epoch [53] Training Class Recall: [0.498,0.391,0.386,0.367,0.350,0.434,0.356,0.520,0.517,0.468,0.331,0.244,
 0.548,0.526,0.453,0.467,0.425,0.628,0.567,0.529,0.077,0.668,0.337,0.658,
 0.125,0.546,0.463,0.638,0.536,0.595,0.593,0.112,0.607,0.656,0.631,0.590,
 0.654,0.633,0.637,0.569,0.592,0.609,0.667,0.710,0.636,0.588,0.639,0.736,
 0.576,0.748,0.683,0.710,0.761,0.379,0.657,0.770,0.723,0.542,0.663,0.642,
 0.791,0.763,0.724,0.765,0.689,0.732,0.774,0.515,0.786,0.707,0.682,0.796,
 0.750,0.267,0.816,0.734,0.777,0.816,0.742,0.854,0.802,0.603,0.554,0.633,
 0.817,0.813,0.790,0.755,0.777,0.784,0.857,0.825,0.242,0.798,0.818,0.833,
 0.878,0.728,0.614,0.796]
Testing Group Acc: [0.179,0.000,0.000]
Epoch [53] Testing Results: Prec@1 17.040 Prec@5 37.170 Loss 4.58626
Epoch [53] Testing Class Recall: [0.520,0.340,0.220,0.300,0.100,0.620,0.290,0.500,0.470,0.300,0.050,0.190,
 0.510,0.360,0.140,0.260,0.170,0.600,0.250,0.330,0.000,0.440,0.070,0.390,
 0.000,0.160,0.300,0.130,0.460,0.230,0.300,0.000,0.080,0.150,0.160,0.520,
 0.130,0.240,0.070,0.200,0.100,0.070,0.090,0.100,0.050,0.060,0.170,0.390,
 0.060,0.140,0.030,0.220,0.710,0.060,0.210,0.080,0.130,0.030,0.040,0.030,
 0.610,0.100,0.360,0.060,0.000,0.030,0.050,0.000,0.050,0.230,0.510,0.320,
 0.020,0.030,0.020,0.280,0.420,0.030,0.000,0.010,0.030,0.000,0.020,0.010,
 0.010,0.050,0.000,0.000,0.000,0.010,0.010,0.010,0.000,0.030,0.210,0.070,
 0.110,0.000,0.000,0.020]
Training Group Acc: [0.635,0.231,0.000]
Epoch [54] Training Results: Prec@1 64.249 Prec@5 78.383 Loss 1.88016
Epoch [54] Training Class Recall: [0.535,0.395,0.381,0.390,0.292,0.466,0.395,0.541,0.524,0.477,0.387,0.256,
 0.579,0.544,0.437,0.457,0.431,0.621,0.529,0.517,0.077,0.628,0.306,0.696,
 0.114,0.515,0.468,0.633,0.558,0.583,0.512,0.133,0.624,0.654,0.613,0.605,
 0.684,0.638,0.637,0.582,0.639,0.642,0.681,0.725,0.642,0.610,0.605,0.741,
 0.549,0.740,0.694,0.701,0.761,0.339,0.674,0.748,0.707,0.532,0.639,0.622,
 0.802,0.737,0.713,0.778,0.650,0.735,0.774,0.529,0.769,0.738,0.671,0.799,
 0.753,0.238,0.819,0.743,0.797,0.789,0.747,0.830,0.800,0.551,0.541,0.647,
 0.832,0.797,0.792,0.745,0.766,0.789,0.861,0.827,0.283,0.788,0.824,0.841,
 0.880,0.715,0.627,0.796]
Testing Group Acc: [0.169,0.022,0.000]
Epoch [54] Testing Results: Prec@1 16.120 Prec@5 35.310 Loss 4.82282
Epoch [54] Testing Class Recall: [0.440,0.370,0.450,0.110,0.520,0.580,0.380,0.600,0.170,0.360,0.050,0.230,
 0.490,0.380,0.330,0.340,0.410,0.600,0.440,0.330,0.000,0.780,0.090,0.520,
 0.100,0.160,0.140,0.160,0.220,0.040,0.310,0.010,0.150,0.240,0.110,0.120,
 0.280,0.090,0.170,0.190,0.240,0.080,0.130,0.170,0.100,0.040,0.080,0.210,
 0.050,0.100,0.170,0.040,0.700,0.010,0.250,0.030,0.150,0.010,0.010,0.030,
 0.200,0.100,0.200,0.110,0.000,0.030,0.050,0.000,0.070,0.170,0.160,0.090,
 0.030,0.010,0.020,0.130,0.120,0.030,0.030,0.020,0.000,0.000,0.010,0.000,
 0.010,0.020,0.000,0.000,0.070,0.000,0.000,0.000,0.000,0.000,0.130,0.090,
 0.030,0.010,0.050,0.070]
Training Group Acc: [0.636,0.251,0.000]
Epoch [55] Training Results: Prec@1 64.229 Prec@5 78.740 Loss 1.86815
Epoch [55] Training Class Recall: [0.535,0.402,0.342,0.381,0.350,0.456,0.389,0.546,0.512,0.471,0.364,0.253,
 0.561,0.529,0.440,0.500,0.442,0.617,0.542,0.533,0.123,0.675,0.351,0.655,
 0.102,0.529,0.508,0.614,0.565,0.601,0.541,0.143,0.607,0.654,0.594,0.603,
 0.669,0.616,0.615,0.566,0.618,0.595,0.664,0.723,0.624,0.613,0.615,0.723,
 0.569,0.732,0.683,0.710,0.763,0.371,0.666,0.748,0.714,0.532,0.698,0.612,
 0.800,0.734,0.713,0.768,0.668,0.757,0.772,0.500,0.781,0.731,0.668,0.801,
 0.747,0.248,0.819,0.737,0.758,0.805,0.725,0.844,0.791,0.564,0.554,0.614,
 0.832,0.810,0.803,0.750,0.763,0.799,0.854,0.822,0.323,0.800,0.829,0.833,
 0.878,0.752,0.635,0.783]
Testing Group Acc: [0.171,0.000,0.000]
Epoch [55] Testing Results: Prec@1 16.220 Prec@5 34.880 Loss 4.76550
Epoch [55] Testing Class Recall: [0.570,0.200,0.270,0.440,0.100,0.280,0.500,0.620,0.520,0.330,0.330,0.100,
 0.660,0.250,0.180,0.160,0.300,0.470,0.440,0.260,0.000,0.360,0.100,0.740,
 0.000,0.140,0.290,0.120,0.380,0.190,0.380,0.000,0.080,0.300,0.090,0.050,
 0.210,0.040,0.240,0.240,0.120,0.130,0.190,0.100,0.040,0.020,0.040,0.220,
 0.020,0.080,0.100,0.400,0.500,0.000,0.290,0.000,0.090,0.010,0.010,0.090,
 0.340,0.360,0.200,0.050,0.000,0.000,0.180,0.000,0.070,0.090,0.050,0.250,
 0.020,0.000,0.000,0.190,0.410,0.000,0.000,0.060,0.020,0.000,0.010,0.010,
 0.000,0.040,0.000,0.010,0.020,0.000,0.000,0.000,0.000,0.050,0.190,0.200,
 0.010,0.000,0.000,0.010]
Training Group Acc: [0.637,0.223,0.000]
Epoch [56] Training Results: Prec@1 64.317 Prec@5 78.803 Loss 1.85840
Epoch [56] Training Class Recall: [0.531,0.435,0.392,0.367,0.358,0.454,0.417,0.529,0.507,0.494,0.344,0.237,
 0.563,0.517,0.460,0.500,0.397,0.621,0.539,0.543,0.046,0.666,0.347,0.667,
 0.091,0.502,0.508,0.609,0.565,0.574,0.531,0.122,0.609,0.661,0.613,0.590,
 0.676,0.641,0.619,0.566,0.621,0.602,0.667,0.710,0.606,0.625,0.574,0.745,
 0.596,0.743,0.707,0.699,0.761,0.363,0.677,0.773,0.710,0.505,0.693,0.632,
 0.791,0.763,0.707,0.758,0.656,0.753,0.780,0.507,0.806,0.748,0.642,0.794,
 0.764,0.267,0.828,0.762,0.770,0.811,0.752,0.837,0.793,0.551,0.534,0.647,
 0.815,0.791,0.795,0.750,0.773,0.791,0.857,0.825,0.303,0.798,0.824,0.837,
 0.880,0.735,0.609,0.796]
Testing Group Acc: [0.183,0.014,0.000]
Epoch [56] Testing Results: Prec@1 17.460 Prec@5 36.720 Loss 4.59182
Epoch [56] Testing Class Recall: [0.570,0.340,0.490,0.390,0.370,0.470,0.230,0.610,0.270,0.460,0.260,0.240,
 0.700,0.340,0.260,0.250,0.660,0.670,0.410,0.280,0.000,0.390,0.020,0.530,
 0.020,0.090,0.320,0.160,0.060,0.050,0.490,0.050,0.120,0.340,0.170,0.080,
 0.170,0.100,0.100,0.190,0.080,0.310,0.140,0.240,0.130,0.010,0.010,0.230,
 0.120,0.120,0.110,0.150,0.760,0.000,0.270,0.010,0.050,0.060,0.010,0.040,
 0.430,0.040,0.470,0.100,0.000,0.000,0.020,0.030,0.050,0.260,0.060,0.350,
 0.020,0.040,0.000,0.040,0.310,0.040,0.000,0.020,0.030,0.000,0.100,0.030,
 0.000,0.030,0.000,0.000,0.110,0.000,0.000,0.010,0.000,0.010,0.200,0.040,
 0.030,0.010,0.000,0.010]
Training Group Acc: [0.639,0.265,0.000]
Epoch [57] Training Results: Prec@1 64.626 Prec@5 78.677 Loss 1.86340
Epoch [57] Training Class Recall: [0.516,0.413,0.394,0.425,0.388,0.441,0.387,0.517,0.500,0.494,0.395,0.244,
 0.568,0.550,0.448,0.500,0.445,0.613,0.535,0.513,0.062,0.681,0.320,0.662,
 0.159,0.517,0.508,0.635,0.590,0.583,0.560,0.194,0.604,0.672,0.602,0.582,
 0.686,0.641,0.645,0.603,0.624,0.592,0.667,0.676,0.640,0.604,0.639,0.721,
 0.584,0.753,0.710,0.690,0.765,0.371,0.674,0.731,0.729,0.558,0.658,0.602,
 0.797,0.752,0.739,0.765,0.665,0.721,0.769,0.515,0.797,0.741,0.653,0.815,
 0.741,0.238,0.830,0.740,0.790,0.811,0.759,0.852,0.777,0.615,0.547,0.591,
 0.832,0.808,0.800,0.740,0.761,0.781,0.843,0.827,0.293,0.812,0.831,0.839,
 0.869,0.752,0.635,0.802]
Testing Group Acc: [0.177,0.002,0.000]
Epoch [57] Testing Results: Prec@1 16.820 Prec@5 36.540 Loss 4.71123
Epoch [57] Testing Class Recall: [0.540,0.540,0.590,0.100,0.220,0.360,0.270,0.370,0.530,0.590,0.190,0.070,
 0.760,0.330,0.050,0.380,0.440,0.450,0.320,0.340,0.000,0.390,0.060,0.560,
 0.000,0.260,0.440,0.220,0.420,0.170,0.300,0.010,0.030,0.170,0.290,0.040,
 0.080,0.050,0.100,0.260,0.190,0.060,0.140,0.450,0.030,0.090,0.130,0.360,
 0.000,0.300,0.070,0.100,0.650,0.030,0.240,0.030,0.090,0.000,0.010,0.120,
 0.560,0.050,0.450,0.050,0.020,0.020,0.030,0.010,0.010,0.210,0.250,0.100,
 0.050,0.040,0.000,0.020,0.210,0.000,0.000,0.010,0.000,0.000,0.010,0.020,
 0.010,0.020,0.000,0.000,0.070,0.000,0.000,0.020,0.000,0.050,0.030,0.090,
 0.000,0.000,0.000,0.030]
Training Group Acc: [0.639,0.238,0.000]
Epoch [58] Training Results: Prec@1 64.611 Prec@5 78.729 Loss 1.86262
Epoch [58] Training Class Recall: [0.538,0.406,0.331,0.383,0.360,0.474,0.361,0.515,0.534,0.494,0.379,0.253,
 0.566,0.520,0.455,0.492,0.433,0.654,0.574,0.529,0.138,0.653,0.357,0.653,
 0.125,0.534,0.486,0.616,0.601,0.580,0.545,0.153,0.627,0.659,0.610,0.582,
 0.664,0.653,0.645,0.577,0.618,0.645,0.681,0.729,0.633,0.579,0.608,0.736,
 0.541,0.751,0.705,0.728,0.767,0.323,0.677,0.741,0.707,0.526,0.688,0.637,
 0.808,0.770,0.704,0.791,0.695,0.760,0.747,0.529,0.797,0.738,0.673,0.789,
 0.750,0.257,0.839,0.734,0.795,0.819,0.732,0.842,0.791,0.449,0.527,0.656,
 0.812,0.802,0.780,0.730,0.777,0.773,0.854,0.830,0.323,0.800,0.824,0.843,
 0.880,0.742,0.618,0.788]
Testing Group Acc: [0.186,0.000,0.000]
Epoch [58] Testing Results: Prec@1 17.630 Prec@5 36.110 Loss 4.75251
Epoch [58] Testing Class Recall: [0.520,0.680,0.410,0.460,0.510,0.300,0.590,0.460,0.590,0.300,0.100,0.130,
 0.550,0.400,0.190,0.300,0.230,0.480,0.400,0.420,0.000,0.510,0.250,0.690,
 0.000,0.070,0.190,0.220,0.330,0.190,0.210,0.000,0.270,0.240,0.030,0.130,
 0.320,0.210,0.060,0.320,0.010,0.030,0.070,0.200,0.020,0.020,0.100,0.350,
 0.060,0.130,0.050,0.090,0.730,0.030,0.060,0.020,0.290,0.000,0.000,0.140,
 0.640,0.040,0.350,0.080,0.000,0.000,0.010,0.000,0.170,0.170,0.310,0.320,
 0.020,0.070,0.000,0.020,0.380,0.000,0.000,0.000,0.000,0.000,0.080,0.030,
 0.000,0.010,0.000,0.000,0.010,0.000,0.000,0.000,0.000,0.040,0.060,0.120,
 0.030,0.000,0.000,0.010]
Training Group Acc: [0.639,0.235,0.000]
Epoch [59] Training Results: Prec@1 64.557 Prec@5 78.977 Loss 1.85233
Epoch [59] Training Class Recall: [0.527,0.435,0.378,0.376,0.352,0.486,0.389,0.549,0.546,0.513,0.397,0.206,
 0.566,0.505,0.458,0.510,0.428,0.613,0.531,0.517,0.046,0.657,0.344,0.660,
 0.091,0.510,0.501,0.598,0.601,0.598,0.545,0.133,0.594,0.612,0.602,0.600,
 0.672,0.626,0.643,0.585,0.646,0.615,0.691,0.732,0.629,0.622,0.608,0.738,
 0.529,0.724,0.716,0.697,0.765,0.411,0.680,0.763,0.710,0.547,0.658,0.647,
 0.806,0.784,0.721,0.773,0.671,0.753,0.769,0.507,0.794,0.738,0.694,0.806,
 0.724,0.238,0.825,0.746,0.788,0.811,0.742,0.840,0.805,0.603,0.541,0.614,
 0.824,0.795,0.787,0.735,0.770,0.791,0.857,0.840,0.303,0.805,0.818,0.833,
 0.882,0.728,0.618,0.778]
Testing Group Acc: [0.193,0.002,0.000]
Epoch [59] Testing Results: Prec@1 18.360 Prec@5 37.390 Loss 4.48777
Epoch [59] Testing Class Recall: [0.490,0.610,0.380,0.160,0.120,0.410,0.470,0.590,0.510,0.390,0.140,0.120,
 0.550,0.620,0.290,0.140,0.590,0.680,0.410,0.250,0.000,0.690,0.130,0.540,
 0.000,0.100,0.150,0.150,0.210,0.130,0.450,0.010,0.270,0.300,0.280,0.140,
 0.250,0.190,0.100,0.390,0.160,0.080,0.260,0.230,0.090,0.000,0.020,0.310,
 0.050,0.520,0.080,0.060,0.670,0.030,0.080,0.000,0.120,0.020,0.000,0.170,
 0.660,0.140,0.230,0.100,0.000,0.020,0.100,0.000,0.160,0.090,0.110,0.150,
 0.000,0.050,0.030,0.170,0.370,0.050,0.030,0.010,0.000,0.000,0.010,0.010,
 0.020,0.020,0.030,0.050,0.100,0.000,0.000,0.000,0.000,0.030,0.060,0.200,
 0.000,0.000,0.000,0.010]
Training Group Acc: [0.644,0.269,0.000]
Epoch [60] Training Results: Prec@1 65.180 Prec@5 79.134 Loss 1.84159
Epoch [60] Training Class Recall: [0.535,0.406,0.375,0.383,0.356,0.474,0.395,0.539,0.529,0.519,0.395,0.281,
 0.577,0.541,0.453,0.510,0.431,0.641,0.548,0.545,0.092,0.675,0.340,0.687,
 0.170,0.539,0.528,0.598,0.583,0.604,0.593,0.163,0.622,0.656,0.615,0.600,
 0.686,0.638,0.647,0.563,0.630,0.622,0.691,0.721,0.670,0.634,0.628,0.749,
 0.569,0.748,0.698,0.726,0.761,0.347,0.669,0.731,0.725,0.542,0.649,0.632,
 0.800,0.770,0.727,0.768,0.640,0.766,0.778,0.493,0.797,0.724,0.702,0.796,
 0.753,0.257,0.848,0.771,0.790,0.808,0.749,0.842,0.795,0.615,0.541,0.633,
 0.817,0.800,0.790,0.755,0.773,0.791,0.854,0.830,0.303,0.790,0.829,0.837,
 0.878,0.738,0.644,0.802]
Testing Group Acc: [0.174,0.000,0.000]
Epoch [60] Testing Results: Prec@1 16.550 Prec@5 35.620 Loss 4.80613
Epoch [60] Testing Class Recall: [0.460,0.410,0.480,0.400,0.480,0.610,0.290,0.470,0.340,0.460,0.200,0.110,
 0.620,0.390,0.210,0.170,0.400,0.710,0.350,0.320,0.000,0.520,0.270,0.340,
 0.000,0.280,0.150,0.240,0.260,0.110,0.400,0.000,0.220,0.100,0.150,0.030,
 0.180,0.080,0.190,0.150,0.020,0.150,0.160,0.120,0.110,0.020,0.070,0.640,
 0.030,0.180,0.080,0.080,0.310,0.070,0.340,0.010,0.230,0.010,0.010,0.070,
 0.500,0.090,0.200,0.090,0.000,0.010,0.050,0.000,0.120,0.080,0.120,0.270,
 0.040,0.030,0.000,0.020,0.140,0.000,0.020,0.010,0.000,0.000,0.030,0.020,
 0.010,0.120,0.000,0.000,0.050,0.000,0.000,0.010,0.000,0.030,0.050,0.040,
 0.100,0.010,0.010,0.020]
Training Group Acc: [0.640,0.234,0.000]
Epoch [61] Training Results: Prec@1 64.671 Prec@5 78.966 Loss 1.84614
Epoch [61] Training Class Recall: [0.516,0.380,0.392,0.348,0.380,0.479,0.384,0.529,0.507,0.506,0.377,0.247,
 0.581,0.550,0.425,0.480,0.456,0.619,0.559,0.536,0.092,0.642,0.289,0.655,
 0.091,0.541,0.510,0.627,0.586,0.607,0.569,0.102,0.594,0.680,0.607,0.590,
 0.681,0.653,0.654,0.558,0.671,0.605,0.662,0.707,0.622,0.598,0.625,0.721,
 0.569,0.740,0.701,0.697,0.752,0.395,0.696,0.778,0.734,0.547,0.693,0.617,
 0.804,0.745,0.730,0.768,0.653,0.773,0.792,0.515,0.806,0.728,0.676,0.806,
 0.739,0.238,0.825,0.740,0.790,0.811,0.759,0.842,0.791,0.551,0.541,0.605,
 0.815,0.802,0.800,0.730,0.780,0.791,0.854,0.825,0.333,0.798,0.826,0.843,
 0.873,0.742,0.609,0.796]
Testing Group Acc: [0.192,0.004,0.000]
Epoch [61] Testing Results: Prec@1 18.230 Prec@5 36.900 Loss 4.65002
Epoch [61] Testing Class Recall: [0.610,0.600,0.420,0.310,0.170,0.530,0.480,0.690,0.560,0.480,0.170,0.130,
 0.710,0.360,0.250,0.080,0.490,0.650,0.310,0.400,0.000,0.580,0.260,0.520,
 0.020,0.140,0.090,0.100,0.320,0.050,0.410,0.000,0.020,0.150,0.240,0.370,
 0.300,0.090,0.050,0.230,0.030,0.030,0.190,0.050,0.170,0.010,0.040,0.400,
 0.020,0.260,0.040,0.030,0.730,0.020,0.290,0.020,0.450,0.010,0.000,0.130,
 0.530,0.200,0.290,0.050,0.020,0.010,0.090,0.000,0.050,0.180,0.060,0.280,
 0.020,0.090,0.010,0.320,0.190,0.020,0.010,0.010,0.030,0.000,0.010,0.000,
 0.000,0.040,0.000,0.020,0.000,0.010,0.010,0.000,0.000,0.070,0.140,0.100,
 0.060,0.010,0.000,0.040]
Training Group Acc: [0.640,0.260,0.000]
Epoch [62] Training Results: Prec@1 64.700 Prec@5 78.966 Loss 1.84694
Epoch [62] Training Class Recall: [0.513,0.424,0.403,0.369,0.380,0.496,0.412,0.505,0.510,0.487,0.403,0.247,
 0.584,0.529,0.440,0.520,0.422,0.610,0.552,0.520,0.108,0.659,0.357,0.680,
 0.114,0.524,0.497,0.646,0.572,0.592,0.522,0.173,0.617,0.646,0.610,0.600,
 0.664,0.616,0.643,0.579,0.618,0.629,0.693,0.721,0.629,0.601,0.601,0.732,
 0.549,0.756,0.698,0.701,0.765,0.403,0.696,0.753,0.718,0.537,0.649,0.622,
 0.802,0.770,0.742,0.770,0.653,0.744,0.778,0.522,0.800,0.738,0.688,0.815,
 0.727,0.267,0.822,0.737,0.790,0.811,0.754,0.837,0.793,0.603,0.554,0.591,
 0.820,0.804,0.782,0.740,0.766,0.781,0.854,0.817,0.303,0.810,0.813,0.839,
 0.880,0.738,0.618,0.796]
Testing Group Acc: [0.190,0.006,0.000]
Epoch [62] Testing Results: Prec@1 18.100 Prec@5 36.870 Loss 4.68566
Epoch [62] Testing Class Recall: [0.710,0.450,0.440,0.400,0.450,0.340,0.370,0.410,0.620,0.510,0.090,0.180,
 0.530,0.540,0.160,0.370,0.570,0.600,0.320,0.400,0.000,0.400,0.150,0.600,
 0.020,0.140,0.190,0.170,0.340,0.100,0.390,0.010,0.160,0.460,0.190,0.190,
 0.120,0.030,0.060,0.240,0.080,0.100,0.090,0.410,0.080,0.000,0.170,0.270,
 0.100,0.030,0.040,0.050,0.520,0.000,0.240,0.010,0.410,0.020,0.000,0.030,
 0.480,0.090,0.450,0.040,0.000,0.010,0.030,0.000,0.130,0.170,0.330,0.410,
 0.000,0.000,0.020,0.040,0.320,0.030,0.010,0.000,0.000,0.000,0.100,0.000,
 0.000,0.010,0.000,0.010,0.040,0.020,0.000,0.020,0.000,0.030,0.080,0.050,
 0.070,0.000,0.000,0.040]
Training Group Acc: [0.643,0.267,0.000]
Epoch [63] Training Results: Prec@1 64.934 Prec@5 79.026 Loss 1.83654
Epoch [63] Training Class Recall: [0.509,0.420,0.386,0.385,0.397,0.476,0.426,0.520,0.522,0.510,0.408,0.269,
 0.566,0.544,0.488,0.495,0.467,0.628,0.548,0.520,0.108,0.657,0.375,0.662,
 0.159,0.527,0.530,0.633,0.594,0.601,0.584,0.194,0.617,0.664,0.620,0.603,
 0.659,0.641,0.628,0.601,0.649,0.639,0.674,0.710,0.642,0.622,0.605,0.734,
 0.565,0.745,0.683,0.712,0.759,0.371,0.663,0.748,0.718,0.521,0.688,0.632,
 0.806,0.748,0.730,0.776,0.671,0.753,0.769,0.529,0.783,0.731,0.656,0.801,
 0.744,0.238,0.830,0.749,0.792,0.808,0.732,0.847,0.795,0.551,0.547,0.642,
 0.805,0.793,0.787,0.730,0.745,0.796,0.826,0.825,0.323,0.793,0.821,0.835,
 0.878,0.745,0.631,0.796]
Testing Group Acc: [0.176,0.000,0.000]
Epoch [63] Testing Results: Prec@1 16.710 Prec@5 36.490 Loss 4.89150
Epoch [63] Testing Class Recall: [0.520,0.550,0.400,0.330,0.270,0.400,0.380,0.370,0.510,0.490,0.180,0.230,
 0.440,0.190,0.390,0.450,0.420,0.560,0.200,0.390,0.000,0.620,0.030,0.390,
 0.000,0.140,0.200,0.140,0.220,0.120,0.240,0.000,0.190,0.230,0.260,0.120,
 0.270,0.100,0.340,0.180,0.040,0.270,0.160,0.220,0.180,0.040,0.080,0.330,
 0.110,0.210,0.090,0.050,0.330,0.150,0.110,0.010,0.320,0.030,0.000,0.000,
 0.610,0.220,0.330,0.050,0.000,0.010,0.010,0.000,0.060,0.120,0.190,0.220,
 0.020,0.060,0.010,0.090,0.120,0.000,0.010,0.010,0.000,0.000,0.030,0.010,
 0.000,0.040,0.010,0.000,0.070,0.010,0.010,0.000,0.000,0.000,0.020,0.010,
 0.160,0.000,0.000,0.010]
Training Group Acc: [0.642,0.263,0.000]
Epoch [64] Training Results: Prec@1 64.934 Prec@5 79.040 Loss 1.83513
Epoch [64] Training Class Recall: [0.535,0.417,0.394,0.378,0.380,0.476,0.437,0.527,0.524,0.526,0.403,0.291,
 0.579,0.502,0.450,0.520,0.445,0.628,0.546,0.522,0.138,0.662,0.385,0.669,
 0.159,0.551,0.494,0.620,0.576,0.571,0.565,0.122,0.614,0.656,0.639,0.605,
 0.701,0.656,0.662,0.571,0.633,0.622,0.693,0.698,0.631,0.619,0.611,0.752,
 0.549,0.753,0.687,0.717,0.757,0.395,0.680,0.751,0.707,0.553,0.658,0.642,
 0.795,0.777,0.716,0.763,0.653,0.762,0.758,0.500,0.792,0.714,0.671,0.794,
 0.739,0.238,0.839,0.752,0.788,0.797,0.734,0.847,0.800,0.564,0.541,0.605,
 0.839,0.806,0.795,0.755,0.768,0.781,0.843,0.822,0.333,0.790,0.816,0.833,
 0.873,0.738,0.614,0.788]
Testing Group Acc: [0.173,0.000,0.000]
Epoch [64] Testing Results: Prec@1 16.460 Prec@5 35.350 Loss 4.77631
Epoch [64] Testing Class Recall: [0.490,0.550,0.380,0.620,0.280,0.620,0.450,0.510,0.390,0.500,0.350,0.040,
 0.430,0.370,0.120,0.100,0.360,0.460,0.160,0.460,0.000,0.380,0.240,0.580,
 0.000,0.060,0.320,0.170,0.100,0.090,0.430,0.000,0.160,0.230,0.140,0.240,
 0.200,0.100,0.150,0.180,0.050,0.070,0.020,0.030,0.110,0.000,0.040,0.360,
 0.060,0.220,0.030,0.090,0.660,0.070,0.220,0.090,0.340,0.020,0.010,0.150,
 0.500,0.060,0.140,0.080,0.010,0.060,0.060,0.020,0.180,0.180,0.090,0.250,
 0.040,0.040,0.020,0.210,0.140,0.000,0.020,0.010,0.040,0.000,0.060,0.010,
 0.000,0.030,0.000,0.000,0.030,0.010,0.000,0.000,0.000,0.000,0.010,0.070,
 0.020,0.000,0.010,0.010]
Training Group Acc: [0.646,0.258,0.000]
Epoch [65] Training Results: Prec@1 65.331 Prec@5 79.143 Loss 1.82495
Epoch [65] Training Class Recall: [0.535,0.420,0.403,0.404,0.375,0.474,0.412,0.512,0.502,0.510,0.390,0.253,
 0.563,0.544,0.486,0.510,0.448,0.619,0.561,0.577,0.108,0.679,0.351,0.683,
 0.148,0.537,0.532,0.642,0.601,0.616,0.569,0.133,0.624,0.672,0.602,0.590,
 0.689,0.633,0.634,0.582,0.636,0.669,0.703,0.741,0.622,0.649,0.608,0.741,
 0.565,0.719,0.716,0.721,0.761,0.363,0.682,0.741,0.743,0.526,0.673,0.622,
 0.797,0.777,0.748,0.770,0.704,0.753,0.765,0.537,0.794,0.724,0.659,0.810,
 0.747,0.219,0.839,0.740,0.788,0.800,0.757,0.825,0.793,0.590,0.561,0.670,
 0.810,0.800,0.795,0.745,0.761,0.796,0.850,0.837,0.313,0.795,0.824,0.839,
 0.882,0.738,0.622,0.796]
Testing Group Acc: [0.189,0.012,0.000]
Epoch [65] Testing Results: Prec@1 18.000 Prec@5 37.470 Loss 4.56376
Epoch [65] Testing Class Recall: [0.500,0.770,0.320,0.180,0.200,0.450,0.430,0.790,0.370,0.300,0.200,0.160,
 0.700,0.590,0.300,0.180,0.310,0.580,0.250,0.340,0.000,0.450,0.030,0.640,
 0.030,0.250,0.270,0.340,0.130,0.170,0.510,0.030,0.250,0.440,0.210,0.110,
 0.190,0.110,0.220,0.280,0.130,0.080,0.150,0.110,0.030,0.110,0.030,0.250,
 0.000,0.300,0.060,0.200,0.550,0.000,0.290,0.000,0.230,0.000,0.030,0.290,
 0.460,0.050,0.330,0.090,0.000,0.010,0.050,0.020,0.050,0.140,0.140,0.160,
 0.000,0.020,0.020,0.050,0.440,0.030,0.000,0.030,0.090,0.000,0.010,0.020,
 0.010,0.040,0.000,0.000,0.010,0.000,0.000,0.010,0.000,0.010,0.100,0.140,
 0.010,0.000,0.010,0.030]
Training Group Acc: [0.643,0.265,0.000]
Epoch [66] Training Results: Prec@1 65.046 Prec@5 79.251 Loss 1.82469
Epoch [66] Training Class Recall: [0.516,0.420,0.403,0.353,0.365,0.489,0.412,0.524,0.510,0.481,0.372,0.287,
 0.586,0.547,0.476,0.518,0.442,0.615,0.552,0.547,0.108,0.644,0.309,0.671,
 0.136,0.527,0.532,0.653,0.522,0.613,0.565,0.214,0.624,0.664,0.649,0.562,
 0.694,0.663,0.634,0.590,0.630,0.612,0.662,0.738,0.683,0.607,0.639,0.749,
 0.584,0.745,0.690,0.712,0.772,0.395,0.693,0.753,0.714,0.526,0.639,0.617,
 0.804,0.763,0.727,0.755,0.689,0.735,0.789,0.551,0.800,0.718,0.676,0.796,
 0.750,0.267,0.828,0.740,0.788,0.805,0.739,0.847,0.784,0.564,0.520,0.623,
 0.820,0.819,0.792,0.735,0.775,0.796,0.850,0.837,0.303,0.798,0.813,0.831,
 0.882,0.742,0.605,0.802]
Testing Group Acc: [0.185,0.006,0.000]
Epoch [66] Testing Results: Prec@1 17.600 Prec@5 35.720 Loss 4.80706
Epoch [66] Testing Class Recall: [0.640,0.230,0.480,0.510,0.230,0.570,0.540,0.600,0.720,0.450,0.230,0.100,
 0.510,0.510,0.100,0.310,0.500,0.590,0.260,0.100,0.000,0.420,0.230,0.470,
 0.020,0.250,0.420,0.030,0.350,0.060,0.540,0.010,0.170,0.350,0.160,0.100,
 0.260,0.110,0.240,0.430,0.090,0.030,0.340,0.060,0.070,0.020,0.290,0.240,
 0.060,0.130,0.140,0.050,0.610,0.020,0.210,0.010,0.030,0.000,0.000,0.020,
 0.470,0.150,0.350,0.060,0.000,0.010,0.110,0.000,0.110,0.040,0.130,0.000,
 0.010,0.000,0.010,0.220,0.430,0.030,0.000,0.000,0.000,0.000,0.000,0.000,
 0.030,0.010,0.000,0.000,0.010,0.000,0.010,0.010,0.000,0.000,0.040,0.040,
 0.090,0.000,0.000,0.010]
Training Group Acc: [0.646,0.261,0.000]
Epoch [67] Training Results: Prec@1 65.351 Prec@5 79.054 Loss 1.82530
Epoch [67] Training Class Recall: [0.553,0.420,0.383,0.367,0.358,0.471,0.406,0.537,0.546,0.506,0.421,0.306,
 0.577,0.559,0.448,0.503,0.436,0.665,0.554,0.549,0.138,0.673,0.340,0.667,
 0.159,0.522,0.566,0.640,0.586,0.628,0.589,0.102,0.624,0.656,0.610,0.621,
 0.672,0.648,0.658,0.579,0.646,0.625,0.686,0.723,0.645,0.610,0.595,0.745,
 0.576,0.753,0.710,0.739,0.767,0.379,0.704,0.753,0.732,0.537,0.653,0.637,
 0.804,0.755,0.730,0.763,0.674,0.762,0.772,0.515,0.792,0.728,0.662,0.801,
 0.753,0.238,0.799,0.730,0.799,0.792,0.752,0.840,0.784,0.603,0.527,0.647,
 0.834,0.808,0.785,0.730,0.763,0.786,0.864,0.830,0.303,0.812,0.824,0.835,
 0.871,0.742,0.622,0.794]
Testing Group Acc: [0.192,0.010,0.000]
Epoch [67] Testing Results: Prec@1 18.290 Prec@5 37.160 Loss 4.55349
Epoch [67] Testing Class Recall: [0.580,0.670,0.210,0.220,0.240,0.300,0.580,0.560,0.430,0.410,0.280,0.100,
 0.650,0.460,0.290,0.250,0.590,0.630,0.290,0.360,0.020,0.490,0.240,0.470,
 0.020,0.230,0.180,0.040,0.190,0.090,0.460,0.010,0.060,0.390,0.010,0.060,
 0.240,0.070,0.040,0.310,0.130,0.030,0.300,0.200,0.140,0.020,0.070,0.230,
 0.080,0.350,0.110,0.160,0.560,0.050,0.190,0.020,0.190,0.080,0.010,0.080,
 0.580,0.110,0.190,0.130,0.000,0.060,0.140,0.010,0.380,0.180,0.380,0.540,
 0.010,0.090,0.050,0.130,0.270,0.010,0.000,0.000,0.000,0.000,0.010,0.000,
 0.000,0.080,0.000,0.000,0.020,0.000,0.000,0.000,0.000,0.000,0.030,0.090,
 0.040,0.020,0.000,0.020]
Training Group Acc: [0.643,0.265,0.000]
Epoch [68] Training Results: Prec@1 64.929 Prec@5 79.314 Loss 1.82873
Epoch [68] Training Class Recall: [0.502,0.464,0.406,0.397,0.356,0.471,0.417,0.507,0.536,0.516,0.428,0.250,
 0.570,0.529,0.453,0.525,0.450,0.623,0.565,0.543,0.062,0.648,0.347,0.696,
 0.159,0.551,0.483,0.614,0.583,0.604,0.589,0.163,0.629,0.661,0.605,0.579,
 0.699,0.633,0.628,0.563,0.646,0.629,0.679,0.721,0.647,0.619,0.605,0.747,
 0.600,0.719,0.681,0.703,0.759,0.387,0.680,0.763,0.716,0.532,0.668,0.647,
 0.821,0.766,0.721,0.760,0.665,0.723,0.785,0.529,0.800,0.721,0.668,0.803,
 0.741,0.229,0.836,0.740,0.795,0.808,0.744,0.830,0.800,0.615,0.541,0.637,
 0.817,0.780,0.787,0.735,0.759,0.784,0.847,0.817,0.323,0.785,0.824,0.843,
 0.878,0.742,0.627,0.796]
Testing Group Acc: [0.175,0.000,0.000]
Epoch [68] Testing Results: Prec@1 16.610 Prec@5 34.760 Loss 5.01288
Epoch [68] Testing Class Recall: [0.600,0.590,0.430,0.550,0.520,0.350,0.500,0.670,0.610,0.450,0.260,0.090,
 0.680,0.260,0.070,0.420,0.440,0.540,0.490,0.410,0.000,0.290,0.100,0.630,
 0.000,0.070,0.200,0.290,0.210,0.080,0.510,0.000,0.120,0.200,0.060,0.050,
 0.190,0.070,0.090,0.180,0.010,0.110,0.090,0.080,0.030,0.000,0.090,0.280,
 0.000,0.370,0.010,0.050,0.500,0.020,0.160,0.000,0.080,0.060,0.000,0.020,
 0.580,0.030,0.390,0.090,0.000,0.000,0.020,0.010,0.040,0.200,0.110,0.170,
 0.010,0.000,0.000,0.040,0.300,0.000,0.000,0.010,0.000,0.000,0.030,0.030,
 0.000,0.010,0.000,0.000,0.000,0.000,0.000,0.000,0.000,0.040,0.060,0.120,
 0.070,0.000,0.000,0.020]
Training Group Acc: [0.647,0.258,0.000]
Epoch [69] Training Results: Prec@1 65.303 Prec@5 79.314 Loss 1.81725
Epoch [69] Training Class Recall: [0.531,0.460,0.400,0.378,0.388,0.469,0.395,0.537,0.529,0.506,0.408,0.256,
 0.563,0.529,0.476,0.503,0.439,0.643,0.565,0.517,0.154,0.666,0.354,0.671,
 0.148,0.515,0.548,0.596,0.583,0.616,0.579,0.133,0.614,0.688,0.605,0.626,
 0.728,0.631,0.680,0.590,0.661,0.635,0.681,0.723,0.645,0.616,0.625,0.754,
 0.522,0.743,0.690,0.710,0.772,0.427,0.702,0.778,0.703,0.542,0.683,0.622,
 0.800,0.781,0.718,0.778,0.677,0.744,0.776,0.544,0.789,0.745,0.676,0.806,
 0.764,0.248,0.822,0.749,0.779,0.808,0.739,0.840,0.795,0.551,0.554,0.623,
 0.812,0.810,0.795,0.740,0.770,0.773,0.836,0.827,0.303,0.802,0.826,0.835,
 0.880,0.742,0.627,0.786]
Testing Group Acc: [0.176,0.006,0.000]
Epoch [69] Testing Results: Prec@1 16.790 Prec@5 35.690 Loss 4.75383
Epoch [69] Testing Class Recall: [0.600,0.530,0.270,0.480,0.300,0.520,0.430,0.400,0.470,0.600,0.220,0.250,
 0.520,0.270,0.140,0.430,0.270,0.700,0.520,0.120,0.000,0.390,0.150,0.660,
 0.030,0.170,0.360,0.100,0.240,0.020,0.290,0.000,0.200,0.180,0.030,0.110,
 0.370,0.080,0.150,0.210,0.040,0.110,0.070,0.340,0.010,0.020,0.070,0.320,
 0.000,0.160,0.020,0.030,0.520,0.050,0.300,0.010,0.120,0.060,0.020,0.010,
 0.280,0.080,0.510,0.150,0.000,0.010,0.080,0.010,0.050,0.130,0.110,0.160,
 0.070,0.040,0.000,0.020,0.410,0.030,0.010,0.000,0.000,0.000,0.010,0.020,
 0.010,0.120,0.000,0.030,0.030,0.000,0.020,0.000,0.000,0.030,0.040,0.180,
 0.050,0.010,0.000,0.030]
Training Group Acc: [0.647,0.262,0.000]
Epoch [70] Training Results: Prec@1 65.374 Prec@5 79.431 Loss 1.81256
Epoch [70] Training Class Recall: [0.553,0.457,0.383,0.387,0.382,0.491,0.434,0.556,0.502,0.510,0.364,0.272,
 0.577,0.547,0.468,0.533,0.473,0.606,0.554,0.566,0.108,0.684,0.375,0.680,
 0.182,0.559,0.548,0.611,0.619,0.583,0.555,0.143,0.622,0.646,0.602,0.595,
 0.676,0.668,0.637,0.585,0.658,0.639,0.705,0.701,0.631,0.588,0.622,0.752,
 0.588,0.732,0.703,0.697,0.776,0.403,0.669,0.785,0.718,0.516,0.629,0.622,
 0.806,0.770,0.716,0.776,0.677,0.760,0.763,0.551,0.794,0.711,0.659,0.815,
 0.750,0.248,0.830,0.759,0.788,0.811,0.747,0.835,0.780,0.564,0.527,0.642,
 0.824,0.808,0.797,0.740,0.777,0.794,0.857,0.830,0.313,0.800,0.829,0.837,
 0.878,0.755,0.635,0.791]
Testing Group Acc: [0.172,0.002,0.000]
Epoch [70] Testing Results: Prec@1 16.380 Prec@5 34.860 Loss 5.07055
Epoch [70] Testing Class Recall: [0.560,0.410,0.430,0.350,0.350,0.590,0.140,0.580,0.370,0.630,0.350,0.080,
 0.610,0.350,0.420,0.170,0.580,0.540,0.400,0.190,0.000,0.300,0.110,0.550,
 0.010,0.170,0.090,0.210,0.200,0.120,0.320,0.000,0.070,0.300,0.120,0.240,
 0.280,0.070,0.150,0.090,0.170,0.070,0.180,0.360,0.070,0.040,0.020,0.220,
 0.030,0.050,0.060,0.030,0.670,0.030,0.110,0.010,0.260,0.020,0.020,0.100,
 0.350,0.110,0.410,0.110,0.010,0.010,0.050,0.000,0.030,0.060,0.050,0.260,
 0.010,0.030,0.000,0.030,0.390,0.040,0.000,0.010,0.020,0.000,0.010,0.000,
 0.000,0.070,0.010,0.000,0.060,0.010,0.000,0.010,0.000,0.040,0.040,0.100,
 0.010,0.000,0.000,0.020]
Training Group Acc: [0.651,0.274,0.000]
Epoch [71] Training Results: Prec@1 65.803 Prec@5 79.520 Loss 1.80346
Epoch [71] Training Class Recall: [0.553,0.467,0.417,0.415,0.409,0.474,0.431,0.510,0.536,0.510,0.408,0.275,
 0.559,0.565,0.496,0.533,0.450,0.658,0.554,0.552,0.138,0.655,0.357,0.669,
 0.159,0.551,0.530,0.629,0.619,0.604,0.560,0.153,0.624,0.664,0.631,0.618,
 0.703,0.668,0.662,0.561,0.652,0.625,0.681,0.727,0.638,0.613,0.625,0.752,
 0.549,0.753,0.729,0.717,0.767,0.387,0.680,0.770,0.725,0.558,0.663,0.657,
 0.817,0.752,0.736,0.773,0.662,0.762,0.747,0.537,0.783,0.728,0.691,0.808,
 0.750,0.238,0.842,0.740,0.790,0.805,0.744,0.849,0.811,0.577,0.554,0.637,
 0.832,0.806,0.803,0.755,0.775,0.786,0.843,0.827,0.343,0.810,0.824,0.841,
 0.878,0.748,0.614,0.786]
Testing Group Acc: [0.200,0.006,0.000]
Epoch [71] Testing Results: Prec@1 19.010 Prec@5 38.840 Loss 4.38076
Epoch [71] Testing Class Recall: [0.600,0.690,0.420,0.200,0.310,0.430,0.310,0.480,0.410,0.440,0.160,0.170,
 0.490,0.430,0.210,0.260,0.380,0.650,0.430,0.400,0.000,0.590,0.030,0.390,
 0.020,0.230,0.200,0.330,0.130,0.190,0.600,0.000,0.140,0.180,0.000,0.200,
 0.500,0.150,0.050,0.320,0.160,0.070,0.200,0.180,0.100,0.050,0.080,0.370,
 0.020,0.270,0.070,0.190,0.650,0.080,0.290,0.030,0.260,0.160,0.080,0.090,
 0.690,0.100,0.350,0.220,0.020,0.030,0.110,0.040,0.100,0.270,0.230,0.290,
 0.040,0.000,0.100,0.080,0.280,0.050,0.000,0.010,0.020,0.010,0.010,0.010,
 0.030,0.010,0.000,0.010,0.070,0.000,0.020,0.020,0.000,0.010,0.040,0.130,
 0.050,0.000,0.000,0.040]
Training Group Acc: [0.650,0.231,0.000]
Epoch [72] Training Results: Prec@1 65.711 Prec@5 79.654 Loss 1.80441
Epoch [72] Training Class Recall: [0.498,0.460,0.417,0.392,0.386,0.481,0.409,0.556,0.522,0.523,0.421,0.259,
 0.566,0.544,0.478,0.508,0.453,0.621,0.576,0.545,0.123,0.692,0.361,0.689,
 0.159,0.576,0.539,0.629,0.576,0.607,0.555,0.082,0.604,0.680,0.599,0.567,
 0.691,0.678,0.673,0.632,0.636,0.632,0.708,0.723,0.670,0.649,0.635,0.754,
 0.584,0.738,0.687,0.710,0.767,0.347,0.660,0.751,0.743,0.532,0.708,0.632,
 0.808,0.766,0.727,0.786,0.677,0.751,0.785,0.566,0.794,0.724,0.668,0.813,
 0.756,0.248,0.848,0.749,0.786,0.808,0.752,0.844,0.802,0.500,0.561,0.633,
 0.839,0.810,0.795,0.745,0.759,0.791,0.857,0.825,0.293,0.798,0.831,0.837,
 0.869,0.725,0.631,0.791]
Testing Group Acc: [0.190,0.004,0.000]
Epoch [72] Testing Results: Prec@1 18.080 Prec@5 37.210 Loss 4.60345
Epoch [72] Testing Class Recall: [0.710,0.440,0.150,0.550,0.260,0.600,0.340,0.560,0.540,0.330,0.220,0.090,
 0.480,0.390,0.140,0.130,0.610,0.610,0.340,0.400,0.010,0.470,0.190,0.550,
 0.000,0.030,0.030,0.200,0.260,0.090,0.290,0.000,0.220,0.270,0.190,0.050,
 0.360,0.140,0.260,0.210,0.070,0.030,0.310,0.310,0.060,0.000,0.080,0.360,
 0.010,0.140,0.040,0.060,0.500,0.050,0.240,0.020,0.320,0.000,0.010,0.070,
 0.540,0.010,0.460,0.100,0.000,0.020,0.220,0.000,0.110,0.170,0.150,0.410,
 0.000,0.170,0.000,0.230,0.420,0.020,0.000,0.020,0.090,0.010,0.030,0.000,
 0.010,0.080,0.000,0.000,0.070,0.000,0.020,0.000,0.000,0.000,0.180,0.060,
 0.040,0.000,0.010,0.040]
Training Group Acc: [0.649,0.254,0.000]
Epoch [73] Training Results: Prec@1 65.591 Prec@5 79.580 Loss 1.80577
Epoch [73] Training Class Recall: [0.553,0.417,0.414,0.397,0.403,0.494,0.431,0.561,0.538,0.539,0.405,0.247,
 0.581,0.593,0.458,0.530,0.453,0.623,0.603,0.561,0.062,0.664,0.378,0.658,
 0.148,0.527,0.499,0.648,0.619,0.613,0.579,0.143,0.619,0.656,0.649,0.587,
 0.703,0.658,0.647,0.582,0.677,0.629,0.679,0.714,0.638,0.628,0.625,0.745,
 0.588,0.748,0.703,0.690,0.767,0.387,0.677,0.760,0.710,0.547,0.683,0.612,
 0.815,0.755,0.716,0.783,0.659,0.776,0.765,0.537,0.792,0.721,0.671,0.818,
 0.739,0.248,0.845,0.734,0.777,0.808,0.757,0.842,0.805,0.603,0.534,0.656,
 0.817,0.806,0.790,0.755,0.766,0.768,0.843,0.805,0.313,0.805,0.821,0.835,
 0.876,0.738,0.622,0.794]
Testing Group Acc: [0.185,0.002,0.000]
Epoch [73] Testing Results: Prec@1 17.570 Prec@5 37.590 Loss 4.61728
Epoch [73] Testing Class Recall: [0.510,0.680,0.120,0.280,0.120,0.320,0.190,0.520,0.400,0.370,0.270,0.240,
 0.540,0.420,0.450,0.240,0.370,0.650,0.270,0.150,0.010,0.560,0.080,0.570,
 0.000,0.220,0.170,0.260,0.180,0.260,0.310,0.000,0.080,0.360,0.030,0.080,
 0.330,0.270,0.090,0.320,0.090,0.230,0.120,0.080,0.050,0.080,0.130,0.300,
 0.010,0.170,0.010,0.220,0.690,0.020,0.310,0.100,0.290,0.020,0.020,0.100,
 0.430,0.100,0.150,0.160,0.010,0.010,0.260,0.010,0.190,0.160,0.420,0.280,
 0.040,0.040,0.030,0.150,0.200,0.020,0.000,0.040,0.050,0.000,0.010,0.020,
 0.000,0.080,0.010,0.010,0.020,0.010,0.010,0.010,0.000,0.020,0.010,0.140,
 0.060,0.000,0.010,0.070]
Training Group Acc: [0.650,0.251,0.000]
Epoch [74] Training Results: Prec@1 65.634 Prec@5 79.506 Loss 1.80753
Epoch [74] Training Class Recall: [0.538,0.438,0.389,0.364,0.386,0.489,0.426,0.549,0.526,0.535,0.446,0.259,
 0.581,0.538,0.483,0.536,0.490,0.647,0.565,0.552,0.154,0.650,0.357,0.674,
 0.091,0.544,0.541,0.638,0.633,0.619,0.555,0.133,0.599,0.661,0.597,0.618,
 0.721,0.618,0.658,0.627,0.639,0.639,0.700,0.705,0.638,0.616,0.625,0.738,
 0.545,0.751,0.681,0.721,0.765,0.419,0.669,0.746,0.752,0.579,0.658,0.662,
 0.824,0.755,0.716,0.758,0.683,0.737,0.787,0.544,0.800,0.707,0.659,0.801,
 0.767,0.229,0.828,0.746,0.788,0.824,0.767,0.837,0.798,0.564,0.514,0.637,
 0.820,0.806,0.797,0.721,0.756,0.799,0.868,0.832,0.313,0.800,0.818,0.843,
 0.878,0.742,0.622,0.804]
Testing Group Acc: [0.192,0.020,0.000]
Epoch [74] Testing Results: Prec@1 18.330 Prec@5 37.570 Loss 4.38172
Epoch [74] Testing Class Recall: [0.530,0.490,0.160,0.430,0.330,0.460,0.330,0.260,0.360,0.460,0.140,0.180,
 0.720,0.280,0.150,0.220,0.430,0.620,0.450,0.210,0.040,0.310,0.130,0.660,
 0.040,0.280,0.240,0.190,0.320,0.250,0.510,0.020,0.230,0.270,0.130,0.290,
 0.190,0.020,0.140,0.280,0.170,0.110,0.210,0.400,0.130,0.000,0.100,0.410,
 0.000,0.100,0.130,0.200,0.570,0.280,0.100,0.020,0.210,0.000,0.000,0.190,
 0.300,0.140,0.470,0.090,0.040,0.010,0.060,0.000,0.020,0.200,0.310,0.310,
 0.030,0.010,0.000,0.170,0.300,0.000,0.020,0.050,0.030,0.000,0.140,0.040,
 0.000,0.040,0.000,0.000,0.280,0.010,0.010,0.000,0.000,0.000,0.070,0.070,
 0.010,0.000,0.000,0.020]
Training Group Acc: [0.649,0.273,0.000]
Epoch [75] Training Results: Prec@1 65.526 Prec@5 79.637 Loss 1.80496
Epoch [75] Training Class Recall: [0.527,0.449,0.436,0.381,0.365,0.514,0.387,0.544,0.526,0.510,0.418,0.275,
 0.588,0.529,0.491,0.538,0.431,0.636,0.552,0.543,0.123,0.668,0.337,0.678,
 0.068,0.546,0.508,0.638,0.572,0.619,0.555,0.194,0.662,0.664,0.623,0.608,
 0.696,0.646,0.622,0.590,0.652,0.605,0.681,0.723,0.651,0.649,0.659,0.734,
 0.565,0.740,0.705,0.703,0.763,0.411,0.691,0.763,0.734,0.579,0.688,0.632,
 0.800,0.766,0.730,0.770,0.680,0.737,0.772,0.537,0.803,0.741,0.673,0.818,
 0.744,0.257,0.828,0.737,0.792,0.822,0.754,0.842,0.798,0.667,0.534,0.619,
 0.834,0.802,0.790,0.745,0.770,0.796,0.850,0.827,0.313,0.793,0.821,0.827,
 0.867,0.738,0.622,0.788]
Testing Group Acc: [0.192,0.000,0.000]
Epoch [75] Testing Results: Prec@1 18.240 Prec@5 36.890 Loss 4.49158
Epoch [75] Testing Class Recall: [0.670,0.590,0.180,0.430,0.300,0.480,0.640,0.520,0.510,0.510,0.330,0.150,
 0.410,0.510,0.220,0.380,0.350,0.630,0.250,0.290,0.000,0.450,0.140,0.610,
 0.000,0.150,0.250,0.150,0.140,0.150,0.460,0.000,0.020,0.430,0.000,0.330,
 0.210,0.070,0.080,0.220,0.050,0.100,0.400,0.170,0.080,0.020,0.040,0.270,
 0.030,0.130,0.090,0.040,0.730,0.080,0.260,0.000,0.250,0.020,0.000,0.050,
 0.620,0.100,0.410,0.220,0.010,0.000,0.200,0.010,0.150,0.040,0.270,0.080,
 0.010,0.010,0.000,0.110,0.350,0.020,0.050,0.030,0.010,0.000,0.020,0.010,
 0.000,0.110,0.010,0.000,0.040,0.000,0.000,0.000,0.000,0.000,0.090,0.150,
 0.060,0.010,0.000,0.020]
Training Group Acc: [0.652,0.256,0.000]
Epoch [76] Training Results: Prec@1 65.897 Prec@5 79.757 Loss 1.79102
Epoch [76] Training Class Recall: [0.535,0.417,0.422,0.385,0.384,0.519,0.429,0.568,0.526,0.516,0.395,0.253,
 0.584,0.562,0.483,0.523,0.501,0.641,0.576,0.556,0.138,0.670,0.388,0.683,
 0.136,0.532,0.566,0.646,0.637,0.628,0.541,0.163,0.614,0.674,0.639,0.592,
 0.696,0.658,0.662,0.619,0.646,0.642,0.705,0.727,0.633,0.601,0.584,0.736,
 0.537,0.740,0.696,0.712,0.767,0.403,0.699,0.763,0.738,0.558,0.663,0.657,
 0.802,0.770,0.745,0.758,0.686,0.762,0.785,0.537,0.794,0.745,0.694,0.815,
 0.753,0.248,0.842,0.752,0.792,0.803,0.739,0.842,0.802,0.551,0.554,0.623,
 0.827,0.791,0.810,0.725,0.766,0.789,0.850,0.820,0.293,0.802,0.826,0.837,
 0.873,0.719,0.618,0.802]
Testing Group Acc: [0.186,0.014,0.000]
Epoch [76] Testing Results: Prec@1 17.760 Prec@5 37.090 Loss 4.69639
Epoch [76] Testing Class Recall: [0.710,0.570,0.450,0.280,0.530,0.280,0.460,0.390,0.370,0.440,0.490,0.080,
 0.400,0.340,0.270,0.530,0.230,0.590,0.200,0.170,0.000,0.310,0.180,0.630,
 0.050,0.100,0.250,0.190,0.330,0.080,0.350,0.020,0.110,0.200,0.100,0.080,
 0.280,0.150,0.110,0.240,0.190,0.220,0.300,0.060,0.060,0.020,0.070,0.200,
 0.080,0.290,0.110,0.090,0.720,0.000,0.100,0.020,0.250,0.030,0.000,0.030,
 0.550,0.180,0.450,0.140,0.000,0.030,0.140,0.000,0.180,0.180,0.350,0.210,
 0.000,0.060,0.020,0.110,0.300,0.080,0.000,0.000,0.000,0.000,0.000,0.010,
 0.000,0.040,0.000,0.000,0.020,0.000,0.000,0.030,0.000,0.020,0.150,0.080,
 0.020,0.000,0.000,0.030]
Training Group Acc: [0.652,0.253,0.000]
Epoch [77] Training Results: Prec@1 65.786 Prec@5 79.497 Loss 1.80053
Epoch [77] Training Class Recall: [0.568,0.435,0.442,0.383,0.390,0.516,0.431,0.559,0.534,0.552,0.459,0.244,
 0.581,0.541,0.465,0.530,0.456,0.658,0.539,0.515,0.108,0.650,0.357,0.687,
 0.148,0.534,0.550,0.675,0.629,0.619,0.550,0.143,0.637,0.674,0.623,0.605,
 0.679,0.653,0.637,0.577,0.643,0.645,0.698,0.707,0.654,0.637,0.608,0.752,
 0.588,0.759,0.667,0.724,0.776,0.435,0.685,0.756,0.714,0.553,0.698,0.667,
 0.800,0.748,0.721,0.791,0.659,0.741,0.792,0.515,0.792,0.738,0.679,0.803,
 0.753,0.229,0.833,0.740,0.783,0.816,0.739,0.849,0.782,0.551,0.541,0.656,
 0.817,0.815,0.792,0.755,0.759,0.789,0.826,0.830,0.313,0.805,0.818,0.846,
 0.882,0.738,0.635,0.794]
Testing Group Acc: [0.196,0.020,0.000]
Epoch [77] Testing Results: Prec@1 18.690 Prec@5 38.540 Loss 4.38285
Epoch [77] Testing Class Recall: [0.600,0.520,0.150,0.240,0.420,0.310,0.540,0.420,0.450,0.400,0.230,0.130,
 0.660,0.210,0.210,0.210,0.350,0.670,0.310,0.390,0.010,0.370,0.120,0.500,
 0.060,0.080,0.150,0.040,0.180,0.360,0.280,0.030,0.170,0.300,0.200,0.410,
 0.360,0.050,0.040,0.380,0.060,0.140,0.320,0.270,0.080,0.070,0.070,0.340,
 0.060,0.270,0.080,0.220,0.650,0.130,0.210,0.060,0.240,0.060,0.000,0.070,
 0.660,0.070,0.440,0.130,0.000,0.010,0.020,0.010,0.210,0.220,0.070,0.240,
 0.020,0.090,0.000,0.190,0.400,0.040,0.120,0.080,0.020,0.000,0.030,0.010,
 0.010,0.190,0.000,0.030,0.080,0.000,0.000,0.000,0.000,0.020,0.050,0.270,
 0.030,0.000,0.000,0.020]
Training Group Acc: [0.650,0.263,0.000]
Epoch [78] Training Results: Prec@1 65.617 Prec@5 79.666 Loss 1.79178
Epoch [78] Training Class Recall: [0.549,0.449,0.386,0.387,0.397,0.496,0.434,0.544,0.534,0.513,0.459,0.306,
 0.579,0.553,0.453,0.513,0.459,0.617,0.544,0.538,0.108,0.639,0.368,0.705,
 0.114,0.578,0.535,0.633,0.583,0.622,0.584,0.184,0.629,0.667,0.623,0.603,
 0.708,0.663,0.660,0.574,0.630,0.656,0.691,0.734,0.661,0.619,0.605,0.756,
 0.588,0.719,0.692,0.703,0.763,0.419,0.671,0.753,0.714,0.542,0.673,0.642,
 0.802,0.777,0.736,0.783,0.668,0.726,0.776,0.551,0.789,0.731,0.685,0.808,
 0.724,0.238,0.833,0.759,0.797,0.819,0.757,0.828,0.798,0.577,0.554,0.614,
 0.822,0.804,0.777,0.760,0.766,0.789,0.857,0.827,0.333,0.790,0.818,0.831,
 0.876,0.732,0.622,0.802]
Testing Group Acc: [0.175,0.006,0.000]
Epoch [78] Testing Results: Prec@1 16.630 Prec@5 35.820 Loss 4.92653
Epoch [78] Testing Class Recall: [0.440,0.530,0.410,0.150,0.100,0.640,0.310,0.750,0.540,0.410,0.100,0.130,
 0.610,0.610,0.310,0.130,0.260,0.500,0.350,0.170,0.000,0.720,0.110,0.510,
 0.030,0.110,0.130,0.210,0.380,0.180,0.360,0.000,0.160,0.100,0.170,0.290,
 0.170,0.030,0.080,0.390,0.100,0.040,0.190,0.120,0.110,0.020,0.030,0.310,
 0.110,0.270,0.020,0.060,0.530,0.000,0.070,0.040,0.090,0.000,0.000,0.020,
 0.520,0.030,0.240,0.060,0.020,0.000,0.100,0.000,0.050,0.130,0.350,0.240,
 0.020,0.050,0.000,0.090,0.440,0.000,0.020,0.000,0.000,0.000,0.010,0.020,
 0.000,0.050,0.000,0.010,0.000,0.000,0.000,0.010,0.000,0.070,0.040,0.250,
 0.060,0.000,0.000,0.040]
Training Group Acc: [0.652,0.261,0.000]
Epoch [79] Training Results: Prec@1 65.857 Prec@5 79.603 Loss 1.78855
Epoch [79] Training Class Recall: [0.546,0.446,0.406,0.392,0.360,0.479,0.403,0.566,0.553,0.484,0.423,0.303,
 0.579,0.520,0.483,0.513,0.473,0.617,0.565,0.570,0.092,0.681,0.361,0.694,
 0.170,0.593,0.541,0.640,0.640,0.613,0.579,0.143,0.614,0.685,0.602,0.626,
 0.679,0.651,0.658,0.598,0.649,0.622,0.717,0.725,0.654,0.649,0.632,0.732,
 0.573,0.766,0.727,0.717,0.772,0.403,0.696,0.793,0.712,0.553,0.703,0.657,
 0.795,0.759,0.730,0.753,0.683,0.735,0.785,0.559,0.803,0.728,0.697,0.803,
 0.744,0.229,0.822,0.730,0.786,0.800,0.752,0.849,0.805,0.577,0.534,0.619,
 0.812,0.806,0.800,0.716,0.766,0.794,0.836,0.827,0.323,0.790,0.821,0.841,
 0.882,0.722,0.627,0.786]
Testing Group Acc: [0.185,0.018,0.000]
Epoch [79] Testing Results: Prec@1 17.670 Prec@5 37.540 Loss 4.87118
Epoch [79] Testing Class Recall: [0.620,0.660,0.120,0.050,0.350,0.290,0.660,0.560,0.380,0.420,0.340,0.240,
 0.660,0.510,0.080,0.360,0.510,0.750,0.610,0.170,0.010,0.370,0.160,0.510,
 0.080,0.070,0.150,0.150,0.190,0.010,0.380,0.000,0.200,0.200,0.100,0.390,
 0.330,0.200,0.070,0.320,0.000,0.060,0.230,0.080,0.180,0.000,0.080,0.340,
 0.090,0.170,0.090,0.040,0.510,0.000,0.200,0.000,0.380,0.000,0.000,0.120,
 0.840,0.030,0.280,0.080,0.020,0.010,0.010,0.020,0.140,0.210,0.220,0.240,
 0.010,0.050,0.000,0.040,0.350,0.000,0.010,0.000,0.010,0.000,0.000,0.010,
 0.000,0.000,0.000,0.000,0.090,0.000,0.010,0.010,0.000,0.040,0.010,0.080,
 0.030,0.000,0.000,0.020]
Training Group Acc: [0.653,0.267,0.000]
Epoch [80] Training Results: Prec@1 65.897 Prec@5 79.900 Loss 1.78760
Epoch [80] Training Class Recall: [0.564,0.435,0.417,0.406,0.356,0.484,0.409,0.546,0.553,0.523,0.426,0.266,
 0.584,0.568,0.491,0.528,0.425,0.610,0.593,0.575,0.077,0.650,0.354,0.696,
 0.125,0.559,0.539,0.664,0.633,0.628,0.574,0.184,0.622,0.685,0.634,0.605,
 0.711,0.646,0.649,0.598,0.661,0.645,0.715,0.718,0.658,0.616,0.645,0.758,
 0.573,0.735,0.705,0.706,0.746,0.435,0.688,0.760,0.716,0.563,0.668,0.657,
 0.793,0.766,0.736,0.763,0.698,0.746,0.792,0.529,0.797,0.707,0.647,0.799,
 0.741,0.276,0.810,0.749,0.781,0.827,0.744,0.842,0.807,0.628,0.547,0.637,
 0.822,0.810,0.797,0.735,0.770,0.796,0.847,0.837,0.323,0.802,0.816,0.833,
 0.882,0.742,0.605,0.791]
Testing Group Acc: [0.158,0.002,0.000]
Epoch [80] Testing Results: Prec@1 15.060 Prec@5 33.490 Loss 5.46516
Epoch [80] Testing Class Recall: [0.560,0.520,0.380,0.400,0.290,0.370,0.490,0.720,0.390,0.460,0.340,0.030,
 0.740,0.170,0.250,0.220,0.220,0.590,0.410,0.280,0.000,0.220,0.140,0.330,
 0.010,0.030,0.350,0.100,0.300,0.010,0.520,0.000,0.250,0.240,0.020,0.020,
 0.130,0.010,0.170,0.250,0.090,0.040,0.090,0.040,0.120,0.010,0.040,0.320,
 0.010,0.180,0.030,0.050,0.460,0.030,0.120,0.000,0.260,0.060,0.010,0.010,
 0.470,0.060,0.270,0.100,0.010,0.000,0.040,0.050,0.020,0.090,0.210,0.060,
 0.010,0.010,0.000,0.030,0.380,0.010,0.000,0.030,0.090,0.000,0.000,0.000,
 0.000,0.050,0.000,0.000,0.010,0.000,0.000,0.000,0.000,0.000,0.050,0.040,
 0.050,0.000,0.000,0.020]
Training Group Acc: [0.649,0.257,0.000]
Epoch [81] Training Results: Prec@1 65.580 Prec@5 79.689 Loss 1.79318
Epoch [81] Training Class Recall: [0.524,0.478,0.400,0.376,0.369,0.474,0.451,0.551,0.529,0.558,0.413,0.269,
 0.601,0.571,0.488,0.525,0.470,0.628,0.580,0.563,0.169,0.657,0.344,0.669,
 0.114,0.551,0.519,0.622,0.644,0.568,0.560,0.153,0.599,0.664,0.631,0.597,
 0.706,0.628,0.624,0.619,0.649,0.649,0.686,0.701,0.663,0.677,0.611,0.727,
 0.573,0.751,0.676,0.733,0.754,0.363,0.682,0.746,0.729,0.568,0.649,0.652,
 0.802,0.759,0.730,0.773,0.692,0.755,0.783,0.537,0.797,0.735,0.673,0.808,
 0.739,0.257,0.833,0.746,0.792,0.811,0.744,0.844,0.800,0.564,0.554,0.628,
 0.827,0.795,0.790,0.725,0.766,0.799,0.847,0.817,0.283,0.798,0.816,0.839,
 0.882,0.738,0.614,0.788]
Testing Group Acc: [0.165,0.006,0.000]
Epoch [81] Testing Results: Prec@1 15.700 Prec@5 34.180 Loss 4.80355
Epoch [81] Testing Class Recall: [0.600,0.400,0.240,0.260,0.360,0.330,0.570,0.390,0.340,0.240,0.220,0.050,
 0.670,0.400,0.240,0.050,0.450,0.780,0.250,0.190,0.000,0.650,0.300,0.530,
 0.000,0.380,0.180,0.150,0.070,0.120,0.320,0.030,0.120,0.280,0.150,0.070,
 0.170,0.200,0.190,0.300,0.020,0.120,0.280,0.180,0.020,0.000,0.050,0.060,
 0.000,0.050,0.200,0.170,0.350,0.020,0.060,0.070,0.070,0.030,0.010,0.020,
 0.650,0.010,0.480,0.080,0.000,0.040,0.030,0.000,0.040,0.020,0.110,0.170,
 0.000,0.020,0.050,0.180,0.310,0.020,0.000,0.010,0.000,0.000,0.000,0.000,
 0.000,0.070,0.000,0.000,0.020,0.000,0.010,0.000,0.000,0.000,0.110,0.180,
 0.060,0.000,0.000,0.010]
Training Group Acc: [0.651,0.266,0.000]
Epoch [82] Training Results: Prec@1 65.774 Prec@5 79.886 Loss 1.78549
Epoch [82] Training Class Recall: [0.546,0.442,0.414,0.397,0.380,0.456,0.426,0.537,0.522,0.535,0.413,0.294,
 0.570,0.541,0.488,0.515,0.476,0.628,0.576,0.545,0.108,0.659,0.388,0.678,
 0.125,0.527,0.563,0.627,0.590,0.610,0.560,0.204,0.624,0.648,0.623,0.603,
 0.686,0.631,0.658,0.561,0.658,0.645,0.693,0.734,0.647,0.643,0.632,0.727,
 0.580,0.745,0.727,0.719,0.763,0.419,0.696,0.778,0.725,0.542,0.693,0.637,
 0.808,0.755,0.730,0.791,0.695,0.755,0.772,0.559,0.797,0.731,0.688,0.810,
 0.750,0.229,0.839,0.762,0.795,0.814,0.752,0.837,0.784,0.603,0.574,0.600,
 0.800,0.810,0.808,0.750,0.775,0.802,0.829,0.817,0.293,0.800,0.821,0.839,
 0.884,0.735,0.631,0.807]
Testing Group Acc: [0.185,0.006,0.000]
Epoch [82] Testing Results: Prec@1 17.640 Prec@5 36.100 Loss 4.61272
Epoch [82] Testing Class Recall: [0.660,0.550,0.480,0.250,0.170,0.290,0.440,0.280,0.700,0.620,0.080,0.060,
 0.480,0.380,0.130,0.410,0.420,0.810,0.370,0.410,0.000,0.320,0.210,0.450,
 0.020,0.150,0.320,0.170,0.210,0.140,0.510,0.010,0.140,0.370,0.110,0.170,
 0.050,0.110,0.170,0.320,0.100,0.170,0.030,0.100,0.030,0.070,0.100,0.300,
 0.020,0.050,0.020,0.040,0.620,0.050,0.290,0.030,0.400,0.060,0.030,0.030,
 0.490,0.160,0.200,0.040,0.000,0.050,0.240,0.000,0.060,0.250,0.580,0.350,
 0.030,0.050,0.040,0.010,0.270,0.000,0.000,0.010,0.030,0.000,0.060,0.000,
 0.030,0.020,0.000,0.000,0.020,0.000,0.010,0.030,0.000,0.000,0.040,0.010,
 0.060,0.000,0.000,0.020]
Training Group Acc: [0.655,0.281,0.000]
Epoch [83] Training Results: Prec@1 66.117 Prec@5 79.880 Loss 1.77849
Epoch [83] Training Class Recall: [0.542,0.442,0.431,0.401,0.362,0.481,0.415,0.541,0.572,0.539,0.438,0.297,
 0.570,0.544,0.458,0.533,0.487,0.619,0.576,0.582,0.138,0.675,0.402,0.674,
 0.148,0.537,0.526,0.642,0.601,0.619,0.536,0.194,0.637,0.701,0.607,0.590,
 0.686,0.658,0.669,0.598,0.655,0.656,0.708,0.714,0.663,0.646,0.601,0.763,
 0.588,0.738,0.710,0.703,0.765,0.435,0.702,0.783,0.736,0.532,0.683,0.662,
 0.815,0.791,0.736,0.747,0.662,0.762,0.772,0.544,0.803,0.752,0.659,0.818,
 0.761,0.248,0.830,0.765,0.788,0.819,0.759,0.833,0.795,0.603,0.561,0.660,
 0.827,0.786,0.800,0.735,0.763,0.784,0.854,0.820,0.323,0.807,0.834,0.839,
 0.886,0.742,0.618,0.796]
Testing Group Acc: [0.179,0.002,0.000]
Epoch [83] Testing Results: Prec@1 17.020 Prec@5 35.340 Loss 4.75343
Epoch [83] Testing Class Recall: [0.640,0.410,0.730,0.440,0.220,0.140,0.600,0.400,0.650,0.390,0.240,0.100,
 0.650,0.490,0.150,0.160,0.520,0.720,0.410,0.210,0.000,0.550,0.020,0.520,
 0.010,0.080,0.070,0.070,0.150,0.120,0.340,0.000,0.180,0.190,0.060,0.190,
 0.290,0.210,0.100,0.160,0.080,0.060,0.180,0.230,0.020,0.030,0.060,0.390,
 0.000,0.070,0.030,0.050,0.750,0.080,0.130,0.030,0.100,0.040,0.000,0.040,
 0.520,0.080,0.510,0.120,0.020,0.000,0.200,0.000,0.270,0.190,0.110,0.300,
 0.030,0.010,0.020,0.070,0.230,0.000,0.000,0.000,0.000,0.000,0.010,0.040,
 0.000,0.020,0.000,0.000,0.030,0.000,0.010,0.010,0.000,0.000,0.100,0.080,
 0.040,0.000,0.000,0.050]
Training Group Acc: [0.653,0.278,0.000]
Epoch [84] Training Results: Prec@1 65.943 Prec@5 79.923 Loss 1.78163
Epoch [84] Training Class Recall: [0.549,0.457,0.428,0.422,0.352,0.509,0.440,0.556,0.529,0.539,0.431,0.278,
 0.588,0.532,0.499,0.541,0.448,0.652,0.565,0.559,0.108,0.675,0.351,0.676,
 0.216,0.563,0.552,0.653,0.608,0.628,0.569,0.204,0.629,0.664,0.615,0.597,
 0.679,0.661,0.658,0.595,0.683,0.642,0.686,0.703,0.654,0.643,0.628,0.721,
 0.580,0.743,0.696,0.726,0.752,0.371,0.699,0.798,0.721,0.563,0.668,0.627,
 0.778,0.788,0.730,0.763,0.656,0.744,0.772,0.522,0.806,0.724,0.685,0.796,
 0.776,0.257,0.825,0.743,0.790,0.819,0.739,0.852,0.777,0.551,0.561,0.642,
 0.815,0.808,0.800,0.740,0.782,0.776,0.829,0.837,0.313,0.790,0.821,0.841,
 0.882,0.745,0.627,0.804]
Testing Group Acc: [0.189,0.020,0.000]
Epoch [84] Testing Results: Prec@1 18.080 Prec@5 38.220 Loss 4.53947
Epoch [84] Testing Class Recall: [0.530,0.480,0.180,0.260,0.350,0.580,0.450,0.620,0.310,0.470,0.220,0.280,
 0.490,0.610,0.170,0.310,0.410,0.560,0.410,0.440,0.000,0.320,0.130,0.630,
 0.070,0.070,0.500,0.180,0.300,0.140,0.410,0.000,0.240,0.220,0.270,0.110,
 0.200,0.150,0.100,0.200,0.050,0.090,0.290,0.120,0.080,0.000,0.030,0.370,
 0.160,0.120,0.030,0.160,0.580,0.120,0.210,0.070,0.180,0.000,0.010,0.060,
 0.520,0.050,0.300,0.180,0.000,0.010,0.050,0.000,0.060,0.170,0.220,0.250,
 0.000,0.130,0.020,0.080,0.380,0.020,0.020,0.030,0.000,0.030,0.020,0.010,
 0.030,0.020,0.000,0.000,0.100,0.000,0.000,0.010,0.000,0.030,0.040,0.060,
 0.120,0.000,0.000,0.020]
Training Group Acc: [0.652,0.248,0.000]
Epoch [85] Training Results: Prec@1 65.860 Prec@5 79.926 Loss 1.78361
Epoch [85] Training Class Recall: [0.516,0.446,0.406,0.443,0.409,0.511,0.454,0.517,0.541,0.561,0.433,0.272,
 0.581,0.584,0.488,0.525,0.453,0.634,0.601,0.529,0.123,0.681,0.388,0.655,
 0.091,0.532,0.559,0.627,0.626,0.613,0.565,0.153,0.629,0.664,0.631,0.605,
 0.676,0.626,0.656,0.593,0.643,0.645,0.679,0.714,0.642,0.631,0.622,0.732,
 0.569,0.761,0.698,0.703,0.767,0.395,0.691,0.770,0.716,0.558,0.668,0.642,
 0.817,0.745,0.745,0.770,0.680,0.776,0.780,0.515,0.806,0.738,0.662,0.813,
 0.753,0.248,0.842,0.768,0.792,0.822,0.710,0.833,0.789,0.551,0.554,0.619,
 0.807,0.802,0.803,0.750,0.770,0.794,0.833,0.830,0.323,0.800,0.818,0.835,
 0.884,0.732,0.609,0.802]
Testing Group Acc: [0.175,0.030,0.000]
Epoch [85] Testing Results: Prec@1 16.820 Prec@5 35.520 Loss 5.00045
Epoch [85] Testing Class Recall: [0.600,0.370,0.410,0.110,0.380,0.600,0.500,0.650,0.710,0.360,0.330,0.130,
 0.550,0.200,0.230,0.220,0.420,0.490,0.570,0.190,0.010,0.490,0.230,0.280,
 0.130,0.050,0.150,0.260,0.320,0.090,0.460,0.010,0.040,0.300,0.180,0.090,
 0.160,0.040,0.080,0.210,0.010,0.110,0.090,0.220,0.100,0.010,0.080,0.580,
 0.010,0.120,0.060,0.090,0.370,0.080,0.230,0.040,0.400,0.070,0.010,0.120,
 0.540,0.010,0.330,0.090,0.000,0.000,0.150,0.000,0.040,0.030,0.110,0.220,
 0.040,0.030,0.010,0.150,0.200,0.010,0.000,0.020,0.030,0.000,0.000,0.010,
 0.000,0.050,0.000,0.000,0.010,0.000,0.000,0.020,0.000,0.000,0.170,0.040,
 0.010,0.000,0.000,0.100]
Training Group Acc: [0.654,0.269,0.000]
Epoch [86] Training Results: Prec@1 66.011 Prec@5 79.860 Loss 1.77621
Epoch [86] Training Class Recall: [0.538,0.442,0.403,0.390,0.356,0.519,0.406,0.539,0.543,0.523,0.451,0.284,
 0.597,0.538,0.496,0.508,0.459,0.621,0.582,0.572,0.154,0.668,0.375,0.692,
 0.170,0.573,0.539,0.664,0.655,0.631,0.593,0.153,0.629,0.669,0.628,0.621,
 0.684,0.643,0.665,0.590,0.630,0.656,0.698,0.716,0.670,0.634,0.649,0.734,
 0.584,0.735,0.687,0.710,0.757,0.395,0.704,0.775,0.705,0.558,0.668,0.657,
 0.800,0.759,0.736,0.770,0.668,0.766,0.780,0.544,0.794,0.731,0.671,0.810,
 0.747,0.267,0.845,0.749,0.783,0.824,0.752,0.844,0.784,0.577,0.527,0.619,
 0.820,0.815,0.790,0.730,0.770,0.789,0.861,0.825,0.293,0.790,0.829,0.837,
 0.882,0.745,0.618,0.807]
Testing Group Acc: [0.194,0.010,0.000]
Epoch [86] Testing Results: Prec@1 18.500 Prec@5 37.790 Loss 4.56141
Epoch [86] Testing Class Recall: [0.460,0.520,0.170,0.280,0.270,0.250,0.380,0.600,0.620,0.560,0.260,0.080,
 0.600,0.360,0.330,0.280,0.410,0.490,0.400,0.460,0.000,0.420,0.190,0.660,
 0.030,0.170,0.310,0.190,0.340,0.240,0.340,0.020,0.240,0.190,0.120,0.100,
 0.290,0.140,0.170,0.210,0.050,0.020,0.160,0.200,0.060,0.000,0.050,0.480,
 0.000,0.220,0.120,0.070,0.700,0.120,0.180,0.020,0.140,0.120,0.010,0.050,
 0.430,0.150,0.380,0.100,0.000,0.010,0.140,0.030,0.120,0.110,0.400,0.390,
 0.040,0.010,0.000,0.150,0.320,0.030,0.010,0.010,0.000,0.000,0.130,0.010,
 0.000,0.150,0.000,0.000,0.030,0.000,0.000,0.060,0.000,0.040,0.070,0.250,
 0.000,0.000,0.000,0.010]
Training Group Acc: [0.655,0.280,0.000]
Epoch [87] Training Results: Prec@1 66.183 Prec@5 80.117 Loss 1.76773
Epoch [87] Training Class Recall: [0.531,0.471,0.422,0.387,0.382,0.546,0.420,0.539,0.577,0.542,0.436,0.284,
 0.599,0.587,0.483,0.523,0.442,0.645,0.588,0.547,0.154,0.664,0.371,0.669,
 0.182,0.573,0.523,0.633,0.608,0.616,0.589,0.184,0.652,0.680,0.634,0.587,
 0.681,0.648,0.667,0.585,0.649,0.629,0.698,0.725,0.667,0.649,0.645,0.749,
 0.569,0.753,0.681,0.739,0.763,0.387,0.702,0.790,0.743,0.579,0.668,0.627,
 0.793,0.748,0.739,0.778,0.677,0.739,0.765,0.551,0.811,0.718,0.656,0.803,
 0.744,0.248,0.830,0.743,0.799,0.816,0.767,0.844,0.805,0.577,0.541,0.642,
 0.837,0.802,0.790,0.730,0.761,0.796,0.857,0.827,0.303,0.805,0.824,0.841,
 0.878,0.742,0.627,0.786]
Testing Group Acc: [0.186,0.006,0.000]
Epoch [87] Testing Results: Prec@1 17.730 Prec@5 36.420 Loss 4.70843
Epoch [87] Testing Class Recall: [0.410,0.610,0.310,0.460,0.250,0.340,0.500,0.690,0.490,0.350,0.110,0.040,
 0.580,0.390,0.100,0.310,0.330,0.570,0.380,0.200,0.020,0.390,0.020,0.620,
 0.000,0.240,0.260,0.300,0.300,0.180,0.340,0.000,0.130,0.310,0.160,0.170,
 0.250,0.180,0.050,0.240,0.050,0.050,0.170,0.400,0.070,0.050,0.070,0.290,
 0.080,0.120,0.060,0.090,0.690,0.000,0.270,0.040,0.420,0.010,0.010,0.070,
 0.620,0.080,0.350,0.230,0.020,0.010,0.070,0.010,0.090,0.130,0.330,0.170,
 0.010,0.020,0.000,0.140,0.290,0.030,0.000,0.010,0.020,0.010,0.010,0.050,
 0.000,0.010,0.000,0.000,0.060,0.020,0.000,0.000,0.000,0.020,0.070,0.180,
 0.030,0.010,0.030,0.010]
Training Group Acc: [0.655,0.276,0.000]
Epoch [88] Training Results: Prec@1 66.174 Prec@5 80.097 Loss 1.77226
Epoch [88] Training Class Recall: [0.553,0.482,0.428,0.399,0.362,0.481,0.415,0.561,0.538,0.545,0.433,0.303,
 0.601,0.590,0.463,0.515,0.456,0.615,0.576,0.549,0.138,0.668,0.364,0.660,
 0.205,0.559,0.539,0.635,0.622,0.601,0.560,0.143,0.685,0.661,0.639,0.613,
 0.694,0.663,0.677,0.603,0.680,0.632,0.688,0.725,0.695,0.640,0.628,0.745,
 0.557,0.730,0.698,0.697,0.770,0.403,0.713,0.778,0.718,0.558,0.708,0.647,
 0.806,0.763,0.742,0.773,0.689,0.776,0.778,0.537,0.794,0.711,0.662,0.818,
 0.764,0.257,0.828,0.752,0.779,0.805,0.747,0.830,0.809,0.551,0.554,0.656,
 0.824,0.815,0.795,0.725,0.780,0.796,0.854,0.822,0.343,0.790,0.826,0.835,
 0.878,0.735,0.627,0.796]
Testing Group Acc: [0.185,0.042,0.000]
Epoch [88] Testing Results: Prec@1 17.800 Prec@5 36.310 Loss 4.76567
Epoch [88] Testing Class Recall: [0.560,0.640,0.080,0.440,0.150,0.510,0.460,0.540,0.540,0.420,0.130,0.130,
 0.600,0.290,0.220,0.300,0.460,0.770,0.390,0.490,0.000,0.670,0.210,0.560,
 0.150,0.110,0.110,0.300,0.330,0.240,0.380,0.060,0.120,0.250,0.030,0.250,
 0.200,0.180,0.060,0.210,0.050,0.150,0.160,0.100,0.190,0.030,0.010,0.440,
 0.020,0.070,0.050,0.360,0.470,0.050,0.190,0.080,0.200,0.010,0.010,0.050,
 0.410,0.030,0.320,0.150,0.020,0.050,0.050,0.010,0.060,0.110,0.010,0.310,
 0.010,0.040,0.000,0.100,0.310,0.020,0.000,0.010,0.000,0.000,0.020,0.030,
 0.010,0.090,0.020,0.020,0.040,0.000,0.010,0.010,0.000,0.010,0.050,0.130,
 0.010,0.050,0.000,0.050]
Training Group Acc: [0.653,0.269,0.000]
Epoch [89] Training Results: Prec@1 65.977 Prec@5 80.120 Loss 1.76725
Epoch [89] Training Class Recall: [0.538,0.471,0.425,0.413,0.380,0.526,0.454,0.556,0.541,0.545,0.444,0.247,
 0.597,0.581,0.458,0.528,0.476,0.632,0.565,0.540,0.169,0.657,0.392,0.667,
 0.159,0.551,0.523,0.662,0.626,0.589,0.589,0.133,0.640,0.690,0.620,0.613,
 0.699,0.661,0.665,0.601,0.633,0.619,0.698,0.725,0.688,0.628,0.622,0.763,
 0.588,0.727,0.694,0.715,0.776,0.387,0.688,0.748,0.714,0.563,0.693,0.627,
 0.795,0.773,0.716,0.753,0.686,0.737,0.767,0.529,0.794,0.718,0.665,0.799,
 0.727,0.229,0.839,0.762,0.781,0.822,0.759,0.859,0.800,0.590,0.568,0.633,
 0.829,0.802,0.782,0.770,0.780,0.789,0.857,0.810,0.293,0.785,0.824,0.839,
 0.882,0.742,0.605,0.791]
Testing Group Acc: [0.173,0.006,0.000]
Epoch [89] Testing Results: Prec@1 16.430 Prec@5 35.850 Loss 5.01513
Epoch [89] Testing Class Recall: [0.620,0.520,0.300,0.280,0.180,0.540,0.590,0.760,0.670,0.560,0.230,0.330,
 0.540,0.250,0.250,0.320,0.190,0.710,0.280,0.230,0.000,0.370,0.150,0.430,
 0.020,0.210,0.160,0.110,0.160,0.090,0.500,0.010,0.380,0.320,0.280,0.060,
 0.210,0.050,0.120,0.180,0.030,0.060,0.170,0.130,0.050,0.000,0.060,0.300,
 0.010,0.220,0.030,0.230,0.150,0.010,0.190,0.030,0.330,0.030,0.000,0.020,
 0.410,0.010,0.240,0.090,0.000,0.000,0.050,0.010,0.080,0.140,0.260,0.280,
 0.030,0.010,0.020,0.070,0.110,0.000,0.000,0.040,0.000,0.000,0.000,0.010,
 0.000,0.070,0.000,0.000,0.030,0.000,0.000,0.010,0.000,0.060,0.050,0.010,
 0.120,0.000,0.000,0.010]
Training Group Acc: [0.654,0.290,0.000]
Epoch [90] Training Results: Prec@1 66.097 Prec@5 80.154 Loss 1.76615
Epoch [90] Training Class Recall: [0.520,0.446,0.433,0.390,0.373,0.516,0.443,0.559,0.587,0.542,0.462,0.266,
 0.581,0.511,0.481,0.490,0.456,0.649,0.546,0.543,0.138,0.666,0.357,0.671,
 0.170,0.529,0.539,0.646,0.629,0.601,0.574,0.214,0.652,0.690,0.639,0.592,
 0.684,0.673,0.649,0.587,0.652,0.662,0.713,0.698,0.654,0.674,0.652,0.730,
 0.576,0.738,0.725,0.739,0.770,0.347,0.710,0.795,0.743,0.526,0.683,0.657,
 0.806,0.759,0.730,0.763,0.686,0.771,0.761,0.559,0.789,0.724,0.691,0.789,
 0.744,0.267,0.825,0.755,0.799,0.816,0.762,0.833,0.798,0.603,0.554,0.623,
 0.822,0.800,0.782,0.755,0.775,0.786,0.826,0.832,0.323,0.812,0.826,0.841,
 0.878,0.738,0.622,0.794]
Testing Group Acc: [0.167,0.016,0.000]
Epoch [90] Testing Results: Prec@1 15.980 Prec@5 34.130 Loss 5.00468
Epoch [90] Testing Class Recall: [0.640,0.240,0.350,0.350,0.300,0.570,0.280,0.490,0.270,0.380,0.200,0.170,
 0.490,0.200,0.050,0.590,0.540,0.240,0.340,0.450,0.000,0.200,0.240,0.290,
 0.060,0.180,0.340,0.140,0.410,0.160,0.380,0.010,0.180,0.190,0.350,0.120,
 0.190,0.010,0.250,0.330,0.040,0.060,0.290,0.290,0.090,0.100,0.050,0.160,
 0.000,0.140,0.050,0.100,0.710,0.020,0.140,0.020,0.330,0.010,0.050,0.010,
 0.420,0.100,0.450,0.160,0.010,0.020,0.020,0.020,0.050,0.040,0.120,0.150,
 0.040,0.010,0.010,0.120,0.210,0.000,0.000,0.000,0.000,0.010,0.020,0.000,
 0.000,0.000,0.000,0.010,0.030,0.010,0.000,0.010,0.000,0.010,0.030,0.040,
 0.020,0.000,0.000,0.010]
Training Group Acc: [0.654,0.278,0.000]
Epoch [91] Training Results: Prec@1 66.071 Prec@5 80.060 Loss 1.76502
Epoch [91] Training Class Recall: [0.568,0.453,0.414,0.392,0.420,0.476,0.423,0.539,0.517,0.545,0.459,0.303,
 0.584,0.538,0.453,0.536,0.450,0.636,0.582,0.559,0.138,0.662,0.371,0.687,
 0.148,0.566,0.552,0.648,0.629,0.625,0.603,0.184,0.645,0.680,0.636,0.613,
 0.696,0.643,0.658,0.590,0.690,0.666,0.696,0.712,0.663,0.634,0.618,0.725,
 0.576,0.732,0.712,0.721,0.772,0.403,0.710,0.760,0.732,0.568,0.668,0.622,
 0.793,0.752,0.724,0.781,0.680,0.771,0.756,0.537,0.794,0.724,0.671,0.801,
 0.747,0.257,0.802,0.755,0.801,0.816,0.752,0.840,0.800,0.577,0.568,0.633,
 0.815,0.791,0.795,0.750,0.773,0.784,0.840,0.832,0.343,0.798,0.821,0.839,
 0.876,0.738,0.609,0.799]
Testing Group Acc: [0.190,0.002,0.000]
Epoch [91] Testing Results: Prec@1 18.060 Prec@5 37.830 Loss 4.51936
Epoch [91] Testing Class Recall: [0.470,0.390,0.180,0.390,0.260,0.300,0.390,0.460,0.510,0.540,0.210,0.110,
 0.430,0.160,0.130,0.330,0.530,0.610,0.540,0.300,0.000,0.220,0.120,0.400,
 0.000,0.340,0.290,0.100,0.480,0.300,0.430,0.000,0.090,0.180,0.170,0.300,
 0.200,0.120,0.120,0.350,0.100,0.120,0.260,0.360,0.080,0.000,0.170,0.300,
 0.040,0.310,0.040,0.180,0.450,0.090,0.420,0.030,0.290,0.020,0.000,0.150,
 0.500,0.160,0.480,0.170,0.030,0.040,0.080,0.040,0.150,0.110,0.080,0.200,
 0.080,0.000,0.000,0.080,0.460,0.000,0.000,0.000,0.020,0.010,0.060,0.040,
 0.010,0.100,0.000,0.000,0.050,0.000,0.000,0.000,0.000,0.020,0.070,0.070,
 0.060,0.010,0.000,0.020]
Training Group Acc: [0.652,0.255,0.000]
Epoch [92] Training Results: Prec@1 65.911 Prec@5 80.077 Loss 1.77102
Epoch [92] Training Class Recall: [0.546,0.449,0.389,0.404,0.390,0.451,0.423,0.554,0.538,0.506,0.462,0.322,
 0.610,0.535,0.481,0.548,0.462,0.669,0.571,0.552,0.123,0.681,0.419,0.658,
 0.136,0.585,0.523,0.664,0.590,0.610,0.541,0.184,0.619,0.664,0.620,0.641,
 0.684,0.676,0.673,0.595,0.693,0.632,0.671,0.725,0.620,0.643,0.639,0.747,
 0.541,0.743,0.714,0.717,0.761,0.395,0.691,0.758,0.729,0.532,0.649,0.677,
 0.797,0.770,0.739,0.768,0.674,0.739,0.796,0.529,0.789,0.714,0.699,0.810,
 0.736,0.229,0.822,0.737,0.790,0.800,0.744,0.849,0.793,0.538,0.534,0.637,
 0.832,0.795,0.790,0.730,0.773,0.789,0.843,0.815,0.293,0.798,0.816,0.833,
 0.882,0.742,0.609,0.783]
Testing Group Acc: [0.176,0.010,0.000]
Epoch [92] Testing Results: Prec@1 16.810 Prec@5 34.960 Loss 4.85115
Epoch [92] Testing Class Recall: [0.610,0.680,0.360,0.370,0.250,0.540,0.530,0.540,0.440,0.400,0.250,0.270,
 0.580,0.200,0.380,0.220,0.370,0.540,0.420,0.200,0.000,0.760,0.110,0.700,
 0.000,0.200,0.130,0.100,0.110,0.220,0.230,0.020,0.130,0.320,0.100,0.120,
 0.340,0.150,0.060,0.310,0.030,0.060,0.080,0.240,0.060,0.000,0.050,0.240,
 0.000,0.180,0.000,0.180,0.460,0.060,0.160,0.030,0.090,0.060,0.000,0.050,
 0.650,0.060,0.360,0.100,0.010,0.000,0.020,0.000,0.210,0.120,0.210,0.140,
 0.000,0.050,0.010,0.060,0.230,0.010,0.000,0.020,0.010,0.030,0.000,0.010,
 0.000,0.000,0.000,0.000,0.040,0.000,0.000,0.000,0.000,0.020,0.060,0.030,
 0.010,0.030,0.000,0.020]
Training Group Acc: [0.657,0.268,0.000]
Epoch [93] Training Results: Prec@1 66.386 Prec@5 80.083 Loss 1.76044
Epoch [93] Training Class Recall: [0.527,0.457,0.403,0.434,0.362,0.531,0.437,0.576,0.562,0.545,0.454,0.281,
 0.619,0.547,0.512,0.518,0.484,0.639,0.578,0.547,0.123,0.670,0.416,0.689,
 0.205,0.583,0.530,0.629,0.619,0.592,0.541,0.133,0.642,0.680,0.615,0.628,
 0.711,0.638,0.669,0.608,0.671,0.659,0.705,0.745,0.670,0.628,0.632,0.738,
 0.569,0.756,0.703,0.721,0.780,0.387,0.696,0.765,0.721,0.542,0.698,0.662,
 0.795,0.784,0.742,0.760,0.686,0.762,0.774,0.522,0.803,0.728,0.673,0.806,
 0.759,0.267,0.825,0.746,0.790,0.792,0.744,0.861,0.802,0.577,0.547,0.637,
 0.837,0.804,0.790,0.750,0.770,0.786,0.836,0.830,0.303,0.807,0.813,0.841,
 0.882,0.715,0.605,0.791]
Testing Group Acc: [0.186,0.024,0.000]
Epoch [93] Testing Results: Prec@1 17.770 Prec@5 37.130 Loss 4.39191
Epoch [93] Testing Class Recall: [0.630,0.580,0.330,0.270,0.390,0.160,0.490,0.590,0.480,0.400,0.070,0.030,
 0.590,0.470,0.120,0.260,0.290,0.570,0.180,0.240,0.020,0.380,0.060,0.460,
 0.090,0.260,0.120,0.280,0.110,0.290,0.390,0.010,0.240,0.180,0.180,0.420,
 0.230,0.110,0.050,0.480,0.390,0.120,0.090,0.070,0.030,0.030,0.080,0.180,
 0.040,0.260,0.150,0.110,0.620,0.030,0.340,0.040,0.300,0.010,0.000,0.050,
 0.420,0.070,0.460,0.160,0.000,0.020,0.030,0.010,0.060,0.100,0.120,0.300,
 0.020,0.030,0.080,0.130,0.550,0.040,0.000,0.030,0.060,0.000,0.000,0.000,
 0.010,0.050,0.000,0.050,0.060,0.000,0.010,0.020,0.000,0.020,0.140,0.040,
 0.180,0.000,0.030,0.030]
Training Group Acc: [0.656,0.284,0.000]
Epoch [94] Training Results: Prec@1 66.297 Prec@5 80.143 Loss 1.76222
Epoch [94] Training Class Recall: [0.520,0.453,0.383,0.392,0.403,0.534,0.434,0.576,0.534,0.532,0.462,0.309,
 0.584,0.590,0.494,0.538,0.431,0.649,0.571,0.533,0.138,0.679,0.364,0.692,
 0.193,0.556,0.548,0.633,0.637,0.628,0.589,0.173,0.640,0.680,0.599,0.603,
 0.679,0.671,0.680,0.603,0.665,0.652,0.703,0.707,0.663,0.655,0.601,0.734,
 0.561,0.724,0.692,0.721,0.767,0.411,0.688,0.778,0.734,0.579,0.673,0.642,
 0.806,0.777,0.733,0.765,0.686,0.764,0.787,0.574,0.789,0.718,0.647,0.815,
 0.753,0.257,0.836,0.752,0.788,0.811,0.769,0.830,0.814,0.590,0.554,0.665,
 0.824,0.815,0.805,0.740,0.756,0.812,0.868,0.830,0.323,0.790,0.824,0.833,
 0.882,0.722,0.627,0.796]
Testing Group Acc: [0.177,0.000,0.000]
Epoch [94] Testing Results: Prec@1 16.850 Prec@5 35.550 Loss 5.00485
Epoch [94] Testing Class Recall: [0.500,0.550,0.360,0.180,0.420,0.380,0.400,0.400,0.480,0.360,0.130,0.060,
 0.770,0.430,0.220,0.540,0.420,0.500,0.160,0.360,0.000,0.380,0.200,0.610,
 0.000,0.110,0.370,0.120,0.180,0.260,0.370,0.000,0.080,0.500,0.120,0.360,
 0.210,0.030,0.020,0.160,0.060,0.080,0.150,0.020,0.090,0.000,0.040,0.400,
 0.000,0.120,0.140,0.170,0.580,0.170,0.160,0.000,0.060,0.080,0.000,0.110,
 0.590,0.100,0.390,0.090,0.000,0.000,0.000,0.010,0.120,0.180,0.130,0.130,
 0.010,0.040,0.000,0.040,0.360,0.000,0.000,0.020,0.010,0.000,0.010,0.010,
 0.000,0.020,0.010,0.000,0.020,0.000,0.010,0.030,0.000,0.010,0.230,0.060,
 0.090,0.000,0.000,0.000]
Training Group Acc: [0.654,0.265,0.000]
Epoch [95] Training Results: Prec@1 66.057 Prec@5 80.049 Loss 1.76783
Epoch [95] Training Class Recall: [0.542,0.460,0.394,0.427,0.380,0.516,0.457,0.561,0.529,0.535,0.462,0.284,
 0.597,0.544,0.491,0.538,0.450,0.628,0.561,0.559,0.138,0.662,0.378,0.685,
 0.125,0.595,0.555,0.662,0.626,0.586,0.555,0.163,0.645,0.654,0.623,0.587,
 0.681,0.648,0.660,0.614,0.649,0.619,0.669,0.703,0.651,0.628,0.611,0.736,
 0.553,0.751,0.727,0.728,0.759,0.395,0.713,0.793,0.703,0.537,0.658,0.612,
 0.795,0.752,0.736,0.791,0.677,0.766,0.749,0.559,0.803,0.731,0.688,0.818,
 0.773,0.257,0.810,0.740,0.790,0.824,0.752,0.840,0.791,0.577,0.568,0.628,
 0.832,0.808,0.800,0.755,0.777,0.791,0.843,0.825,0.323,0.795,0.826,0.841,
 0.880,0.735,0.627,0.786]
Testing Group Acc: [0.174,0.012,0.000]
Epoch [95] Testing Results: Prec@1 16.560 Prec@5 35.240 Loss 4.90391
Epoch [95] Testing Class Recall: [0.480,0.410,0.460,0.380,0.250,0.380,0.600,0.750,0.430,0.420,0.200,0.070,
 0.370,0.550,0.290,0.250,0.110,0.620,0.330,0.160,0.000,0.590,0.260,0.430,
 0.060,0.250,0.100,0.040,0.260,0.090,0.290,0.000,0.280,0.200,0.100,0.090,
 0.200,0.150,0.030,0.200,0.060,0.060,0.220,0.030,0.030,0.100,0.070,0.100,
 0.000,0.240,0.040,0.140,0.640,0.010,0.300,0.020,0.470,0.020,0.000,0.040,
 0.450,0.100,0.350,0.060,0.030,0.000,0.010,0.010,0.230,0.190,0.220,0.410,
 0.060,0.050,0.000,0.030,0.130,0.030,0.010,0.000,0.010,0.000,0.000,0.000,
 0.010,0.050,0.000,0.020,0.000,0.000,0.010,0.000,0.000,0.020,0.000,0.070,
 0.200,0.010,0.000,0.070]
Training Group Acc: [0.657,0.270,0.000]
Epoch [96] Training Results: Prec@1 66.383 Prec@5 80.229 Loss 1.75482
Epoch [96] Training Class Recall: [0.535,0.467,0.450,0.408,0.407,0.521,0.431,0.571,0.550,0.532,0.464,0.328,
 0.579,0.535,0.471,0.528,0.482,0.645,0.576,0.566,0.169,0.686,0.399,0.674,
 0.159,0.578,0.523,0.672,0.615,0.601,0.531,0.173,0.624,0.698,0.662,0.638,
 0.691,0.673,0.632,0.593,0.649,0.666,0.691,0.734,0.629,0.631,0.652,0.749,
 0.557,0.769,0.705,0.724,0.776,0.379,0.702,0.800,0.714,0.568,0.703,0.627,
 0.804,0.777,0.742,0.781,0.662,0.739,0.783,0.544,0.808,0.738,0.676,0.815,
 0.736,0.276,0.833,0.743,0.799,0.814,0.749,0.825,0.791,0.526,0.547,0.633,
 0.805,0.810,0.795,0.730,0.763,0.796,0.843,0.825,0.323,0.802,0.808,0.841,
 0.871,0.728,0.627,0.783]
Testing Group Acc: [0.183,0.006,0.000]
Epoch [96] Testing Results: Prec@1 17.450 Prec@5 35.820 Loss 4.71335
Epoch [96] Testing Class Recall: [0.590,0.720,0.340,0.280,0.250,0.520,0.620,0.630,0.470,0.420,0.290,0.050,
 0.630,0.560,0.170,0.400,0.520,0.630,0.370,0.240,0.000,0.410,0.220,0.650,
 0.030,0.150,0.340,0.060,0.120,0.040,0.210,0.000,0.120,0.200,0.090,0.240,
 0.160,0.100,0.060,0.310,0.020,0.080,0.250,0.170,0.080,0.030,0.070,0.290,
 0.000,0.150,0.050,0.040,0.360,0.050,0.190,0.030,0.300,0.020,0.040,0.060,
 0.580,0.070,0.430,0.070,0.000,0.010,0.030,0.000,0.130,0.170,0.080,0.090,
 0.030,0.070,0.010,0.180,0.390,0.080,0.000,0.010,0.020,0.000,0.020,0.050,
 0.000,0.060,0.000,0.000,0.050,0.000,0.000,0.000,0.000,0.000,0.050,0.170,
 0.080,0.010,0.000,0.020]
Training Group Acc: [0.657,0.280,0.000]
Epoch [97] Training Results: Prec@1 66.380 Prec@5 80.191 Loss 1.76174
Epoch [97] Training Class Recall: [0.557,0.457,0.461,0.413,0.416,0.516,0.409,0.566,0.536,0.558,0.441,0.319,
 0.621,0.593,0.491,0.538,0.507,0.658,0.563,0.547,0.108,0.668,0.337,0.687,
 0.216,0.541,0.546,0.662,0.572,0.619,0.536,0.184,0.622,0.680,0.634,0.621,
 0.696,0.668,0.654,0.611,0.661,0.662,0.693,0.723,0.663,0.637,0.639,0.749,
 0.580,0.714,0.681,0.724,0.770,0.411,0.691,0.765,0.721,0.558,0.683,0.612,
 0.800,0.759,0.742,0.760,0.686,0.757,0.796,0.566,0.814,0.728,0.673,0.806,
 0.753,0.219,0.848,0.749,0.795,0.824,0.762,0.840,0.789,0.590,0.568,0.656,
 0.829,0.791,0.777,0.755,0.768,0.794,0.833,0.825,0.303,0.783,0.821,0.835,
 0.880,0.738,0.618,0.799]
Testing Group Acc: [0.187,0.002,0.000]
Epoch [97] Testing Results: Prec@1 17.740 Prec@5 36.490 Loss 4.55344
Epoch [97] Testing Class Recall: [0.680,0.550,0.340,0.310,0.210,0.320,0.420,0.770,0.440,0.500,0.250,0.270,
 0.540,0.170,0.210,0.190,0.390,0.840,0.290,0.470,0.000,0.360,0.140,0.410,
 0.000,0.120,0.180,0.080,0.110,0.130,0.390,0.010,0.240,0.250,0.260,0.180,
 0.370,0.070,0.070,0.250,0.050,0.090,0.190,0.230,0.100,0.000,0.070,0.380,
 0.020,0.330,0.030,0.270,0.730,0.060,0.270,0.060,0.170,0.050,0.000,0.030,
 0.480,0.130,0.380,0.090,0.010,0.020,0.050,0.010,0.260,0.070,0.280,0.060,
 0.040,0.040,0.000,0.080,0.260,0.010,0.000,0.010,0.000,0.000,0.040,0.020,
 0.020,0.050,0.000,0.090,0.060,0.010,0.000,0.010,0.000,0.000,0.050,0.110,
 0.010,0.000,0.000,0.080]
Training Group Acc: [0.657,0.276,0.000]
Epoch [98] Training Results: Prec@1 66.366 Prec@5 80.166 Loss 1.74925
Epoch [98] Training Class Recall: [0.524,0.438,0.442,0.378,0.371,0.496,0.420,0.568,0.536,0.542,0.474,0.353,
 0.577,0.544,0.460,0.546,0.501,0.641,0.550,0.579,0.154,0.690,0.354,0.680,
 0.148,0.578,0.546,0.640,0.608,0.643,0.522,0.153,0.637,0.677,0.626,0.623,
 0.708,0.658,0.690,0.601,0.655,0.645,0.703,0.716,0.640,0.649,0.625,0.745,
 0.580,0.766,0.712,0.739,0.765,0.387,0.713,0.780,0.727,0.579,0.673,0.642,
 0.808,0.745,0.742,0.786,0.686,0.755,0.778,0.522,0.806,0.745,0.665,0.808,
 0.750,0.257,0.836,0.752,0.792,0.805,0.757,0.849,0.775,0.590,0.568,0.660,
 0.815,0.806,0.787,0.740,0.782,0.789,0.843,0.825,0.333,0.788,0.816,0.841,
 0.882,0.728,0.614,0.802]
Testing Group Acc: [0.193,0.010,0.000]
Epoch [98] Testing Results: Prec@1 18.370 Prec@5 37.990 Loss 4.55975
Epoch [98] Testing Class Recall: [0.620,0.580,0.040,0.400,0.240,0.250,0.190,0.630,0.450,0.560,0.250,0.170,
 0.520,0.660,0.160,0.450,0.490,0.640,0.350,0.170,0.010,0.500,0.100,0.530,
 0.020,0.370,0.080,0.310,0.400,0.130,0.380,0.020,0.190,0.210,0.150,0.080,
 0.140,0.160,0.240,0.190,0.270,0.200,0.160,0.100,0.140,0.140,0.120,0.260,
 0.220,0.080,0.030,0.100,0.490,0.130,0.100,0.050,0.180,0.020,0.000,0.130,
 0.630,0.130,0.410,0.050,0.000,0.050,0.050,0.020,0.130,0.060,0.390,0.330,
 0.010,0.060,0.000,0.100,0.380,0.000,0.000,0.010,0.010,0.000,0.020,0.020,
 0.000,0.020,0.000,0.010,0.090,0.010,0.010,0.000,0.000,0.030,0.110,0.110,
 0.070,0.010,0.010,0.080]
Training Group Acc: [0.659,0.287,0.000]
Epoch [99] Training Results: Prec@1 66.540 Prec@5 80.166 Loss 1.75400
Epoch [99] Training Class Recall: [0.542,0.424,0.442,0.429,0.409,0.489,0.406,0.554,0.505,0.577,0.456,0.272,
 0.592,0.584,0.486,0.513,0.450,0.647,0.576,0.584,0.185,0.688,0.381,0.662,
 0.159,0.578,0.541,0.653,0.608,0.661,0.579,0.224,0.629,0.677,0.641,0.649,
 0.706,0.656,0.695,0.614,0.624,0.639,0.703,0.725,0.656,0.640,0.679,0.752,
 0.573,0.738,0.698,0.703,0.770,0.427,0.710,0.775,0.754,0.563,0.713,0.672,
 0.817,0.737,0.730,0.768,0.698,0.748,0.783,0.544,0.794,0.748,0.636,0.813,
 0.756,0.248,0.830,0.752,0.792,0.816,0.747,0.849,0.789,0.564,0.520,0.670,
 0.824,0.808,0.797,0.755,0.770,0.796,0.861,0.830,0.303,0.785,0.818,0.837,
 0.878,0.745,0.618,0.794]
Testing Group Acc: [0.181,0.014,0.000]
Epoch [99] Testing Results: Prec@1 17.310 Prec@5 36.680 Loss 4.72139
Epoch [99] Testing Class Recall: [0.600,0.500,0.540,0.300,0.420,0.200,0.360,0.540,0.550,0.560,0.260,0.070,
 0.340,0.210,0.150,0.340,0.350,0.310,0.350,0.330,0.000,0.320,0.030,0.700,
 0.060,0.150,0.330,0.080,0.380,0.260,0.480,0.000,0.220,0.220,0.390,0.150,
 0.150,0.170,0.210,0.240,0.030,0.070,0.030,0.220,0.070,0.040,0.090,0.230,
 0.140,0.290,0.040,0.120,0.590,0.030,0.260,0.030,0.160,0.040,0.010,0.040,
 0.490,0.040,0.480,0.090,0.000,0.000,0.110,0.010,0.180,0.070,0.190,0.270,
 0.080,0.050,0.000,0.090,0.310,0.030,0.010,0.010,0.010,0.010,0.000,0.000,
 0.000,0.010,0.000,0.010,0.040,0.000,0.000,0.010,0.000,0.010,0.080,0.110,
 0.130,0.000,0.020,0.010]
Training Group Acc: [0.658,0.291,0.000]
Epoch [100] Training Results: Prec@1 66.520 Prec@5 80.274 Loss 1.75246
Epoch [100] Training Class Recall: [0.553,0.431,0.425,0.429,0.422,0.481,0.440,0.559,0.558,0.532,0.451,0.322,
 0.601,0.547,0.468,0.566,0.487,0.645,0.569,0.572,0.200,0.684,0.378,0.683,
 0.159,0.568,0.557,0.648,0.601,0.622,0.584,0.184,0.675,0.677,0.626,0.626,
 0.681,0.678,0.665,0.577,0.661,0.625,0.669,0.732,0.672,0.662,0.628,0.745,
 0.588,0.764,0.710,0.712,0.776,0.371,0.693,0.756,0.723,0.568,0.698,0.622,
 0.804,0.791,0.757,0.758,0.656,0.737,0.787,0.566,0.806,0.735,0.694,0.818,
 0.764,0.248,0.825,0.743,0.792,0.816,0.747,0.852,0.775,0.590,0.527,0.665,
 0.824,0.806,0.775,0.721,0.780,0.786,0.857,0.832,0.323,0.798,0.824,0.841,
 0.884,0.738,0.605,0.794]
Testing Group Acc: [0.168,0.008,0.000]
Epoch [100] Testing Results: Prec@1 16.040 Prec@5 35.280 Loss 5.02732
Epoch [100] Testing Class Recall: [0.430,0.440,0.360,0.140,0.370,0.530,0.250,0.590,0.560,0.550,0.060,0.130,
 0.670,0.550,0.210,0.360,0.220,0.480,0.470,0.330,0.000,0.160,0.180,0.250,
 0.030,0.110,0.370,0.160,0.260,0.130,0.390,0.000,0.050,0.360,0.030,0.260,
 0.180,0.030,0.090,0.280,0.020,0.160,0.240,0.370,0.060,0.010,0.060,0.390,
 0.010,0.020,0.020,0.080,0.450,0.120,0.310,0.000,0.190,0.020,0.010,0.060,
 0.280,0.120,0.550,0.020,0.000,0.010,0.000,0.010,0.030,0.210,0.150,0.320,
 0.010,0.030,0.030,0.030,0.220,0.040,0.000,0.020,0.000,0.010,0.020,0.000,
 0.000,0.060,0.000,0.000,0.020,0.000,0.000,0.000,0.000,0.010,0.200,0.020,
 0.000,0.000,0.000,0.000]
Training Group Acc: [0.660,0.260,0.000]
Epoch [101] Training Results: Prec@1 66.600 Prec@5 80.477 Loss 1.74651
Epoch [101] Training Class Recall: [0.564,0.449,0.403,0.397,0.399,0.519,0.434,0.573,0.567,0.539,0.451,0.300,
 0.590,0.596,0.494,0.536,0.476,0.649,0.578,0.582,0.062,0.692,0.409,0.692,
 0.193,0.563,0.539,0.642,0.619,0.631,0.593,0.173,0.647,0.674,0.628,0.600,
 0.721,0.676,0.671,0.587,0.636,0.632,0.708,0.727,0.690,0.652,0.625,0.743,
 0.576,0.743,0.701,0.737,0.761,0.411,0.691,0.783,0.725,0.595,0.693,0.642,
 0.813,0.752,0.718,0.786,0.683,0.751,0.776,0.559,0.797,0.728,0.676,0.820,
 0.750,0.257,0.822,0.749,0.790,0.822,0.749,0.837,0.784,0.577,0.554,0.642,
 0.827,0.800,0.785,0.755,0.775,0.802,0.843,0.815,0.293,0.802,0.829,0.841,
 0.873,0.728,0.631,0.799]
Testing Group Acc: [0.172,0.010,0.000]
Epoch [101] Testing Results: Prec@1 16.410 Prec@5 35.050 Loss 5.01796
Epoch [101] Testing Class Recall: [0.490,0.530,0.730,0.030,0.520,0.120,0.390,0.670,0.650,0.350,0.130,0.070,
 0.500,0.320,0.110,0.500,0.300,0.720,0.120,0.440,0.000,0.250,0.170,0.580,
 0.040,0.200,0.280,0.240,0.210,0.100,0.540,0.000,0.310,0.310,0.030,0.100,
 0.190,0.070,0.090,0.300,0.050,0.050,0.230,0.180,0.120,0.000,0.050,0.230,
 0.000,0.290,0.030,0.030,0.500,0.000,0.130,0.000,0.190,0.000,0.000,0.000,
 0.580,0.090,0.380,0.080,0.000,0.030,0.050,0.000,0.190,0.240,0.160,0.120,
 0.010,0.050,0.000,0.030,0.260,0.000,0.000,0.010,0.000,0.010,0.010,0.000,
 0.000,0.010,0.000,0.000,0.050,0.000,0.000,0.010,0.000,0.010,0.110,0.030,
 0.080,0.010,0.000,0.020]
Training Group Acc: [0.660,0.280,0.000]
Epoch [102] Training Results: Prec@1 66.663 Prec@5 80.389 Loss 1.74553
Epoch [102] Training Class Recall: [0.549,0.453,0.431,0.394,0.373,0.524,0.490,0.559,0.546,0.526,0.449,0.322,
 0.608,0.574,0.453,0.561,0.496,0.647,0.561,0.589,0.185,0.662,0.395,0.689,
 0.182,0.576,0.537,0.624,0.622,0.601,0.565,0.153,0.640,0.682,0.639,0.603,
 0.706,0.653,0.699,0.590,0.636,0.666,0.705,0.741,0.665,0.674,0.628,0.756,
 0.580,0.748,0.725,0.715,0.767,0.403,0.696,0.773,0.718,0.579,0.663,0.647,
 0.817,0.759,0.724,0.773,0.665,0.741,0.809,0.581,0.792,0.728,0.668,0.808,
 0.753,0.267,0.842,0.749,0.804,0.822,0.754,0.849,0.795,0.538,0.547,0.660,
 0.817,0.808,0.775,0.760,0.789,0.796,0.847,0.835,0.343,0.805,0.821,0.841,
 0.884,0.732,0.622,0.794]
Testing Group Acc: [0.181,0.000,0.000]
Epoch [102] Testing Results: Prec@1 17.240 Prec@5 36.240 Loss 4.80935
Epoch [102] Testing Class Recall: [0.560,0.530,0.560,0.280,0.310,0.250,0.600,0.660,0.440,0.200,0.200,0.320,
 0.580,0.610,0.280,0.220,0.160,0.570,0.300,0.300,0.000,0.660,0.060,0.720,
 0.000,0.250,0.290,0.040,0.180,0.120,0.480,0.000,0.260,0.170,0.170,0.190,
 0.240,0.070,0.040,0.160,0.020,0.100,0.050,0.110,0.050,0.020,0.120,0.260,
 0.030,0.220,0.010,0.060,0.580,0.110,0.180,0.000,0.210,0.040,0.000,0.110,
 0.440,0.010,0.400,0.110,0.000,0.010,0.080,0.000,0.110,0.220,0.250,0.220,
 0.120,0.030,0.010,0.050,0.260,0.030,0.000,0.070,0.030,0.000,0.030,0.010,
 0.000,0.070,0.000,0.010,0.020,0.000,0.000,0.000,0.000,0.030,0.100,0.120,
 0.020,0.010,0.000,0.060]
Training Group Acc: [0.661,0.305,0.000]
Epoch [103] Training Results: Prec@1 66.780 Prec@5 80.411 Loss 1.74594
Epoch [103] Training Class Recall: [0.527,0.478,0.425,0.376,0.414,0.489,0.445,0.563,0.536,0.539,0.487,0.328,
 0.637,0.568,0.481,0.551,0.490,0.671,0.576,0.579,0.169,0.670,0.399,0.687,
 0.205,0.576,0.563,0.651,0.612,0.625,0.560,0.224,0.622,0.690,0.636,0.618,
 0.711,0.653,0.677,0.611,0.683,0.629,0.722,0.716,0.656,0.668,0.652,0.745,
 0.616,0.727,0.712,0.719,0.748,0.411,0.702,0.773,0.721,0.579,0.678,0.637,
 0.815,0.755,0.733,0.765,0.692,0.766,0.780,0.551,0.808,0.728,0.688,0.810,
 0.747,0.248,0.813,0.746,0.786,0.819,0.764,0.849,0.789,0.603,0.547,0.660,
 0.827,0.802,0.795,0.770,0.754,0.791,0.840,0.837,0.323,0.800,0.826,0.837,
 0.878,0.732,0.622,0.791]
Testing Group Acc: [0.170,0.004,0.000]
Epoch [103] Testing Results: Prec@1 16.190 Prec@5 33.840 Loss 5.36574
Epoch [103] Testing Class Recall: [0.460,0.550,0.310,0.570,0.420,0.680,0.370,0.740,0.570,0.540,0.270,0.040,
 0.590,0.510,0.050,0.110,0.380,0.460,0.260,0.240,0.000,0.370,0.120,0.450,
 0.010,0.080,0.100,0.160,0.170,0.140,0.400,0.000,0.130,0.270,0.160,0.010,
 0.100,0.110,0.050,0.350,0.050,0.020,0.030,0.120,0.030,0.010,0.110,0.510,
 0.050,0.250,0.030,0.130,0.610,0.020,0.110,0.020,0.250,0.010,0.000,0.080,
 0.430,0.000,0.260,0.080,0.000,0.000,0.060,0.000,0.070,0.300,0.190,0.380,
 0.000,0.000,0.000,0.050,0.230,0.000,0.000,0.030,0.030,0.000,0.020,0.010,
 0.010,0.030,0.000,0.010,0.020,0.020,0.000,0.000,0.010,0.020,0.050,0.120,
 0.010,0.000,0.000,0.010]
Training Group Acc: [0.658,0.298,0.000]
Epoch [104] Training Results: Prec@1 66.529 Prec@5 80.271 Loss 1.74578
Epoch [104] Training Class Recall: [0.560,0.489,0.422,0.383,0.409,0.544,0.445,0.568,0.546,0.532,0.436,0.294,
 0.575,0.617,0.473,0.523,0.507,0.647,0.542,0.536,0.200,0.690,0.364,0.680,
 0.182,0.568,0.566,0.640,0.622,0.658,0.598,0.184,0.629,0.685,0.649,0.603,
 0.708,0.666,0.677,0.595,0.665,0.666,0.698,0.718,0.665,0.631,0.611,0.745,
 0.600,0.735,0.727,0.724,0.789,0.427,0.682,0.780,0.732,0.553,0.678,0.657,
 0.784,0.752,0.716,0.781,0.686,0.764,0.772,0.537,0.808,0.714,0.656,0.810,
 0.747,0.200,0.825,0.743,0.790,0.800,0.744,0.825,0.807,0.590,0.554,0.651,
 0.824,0.813,0.792,0.775,0.780,0.796,0.843,0.840,0.333,0.785,0.831,0.839,
 0.873,0.735,0.627,0.796]
Testing Group Acc: [0.191,0.004,0.000]
Epoch [104] Testing Results: Prec@1 18.130 Prec@5 36.820 Loss 4.72405
Epoch [104] Testing Class Recall: [0.620,0.490,0.300,0.510,0.290,0.370,0.370,0.310,0.710,0.660,0.210,0.070,
 0.560,0.290,0.060,0.340,0.440,0.640,0.450,0.550,0.000,0.340,0.020,0.620,
 0.010,0.180,0.170,0.230,0.170,0.190,0.430,0.000,0.070,0.320,0.280,0.080,
 0.280,0.190,0.170,0.410,0.060,0.080,0.210,0.290,0.100,0.190,0.170,0.190,
 0.010,0.290,0.050,0.060,0.580,0.040,0.190,0.000,0.300,0.020,0.000,0.090,
 0.510,0.080,0.330,0.150,0.000,0.000,0.090,0.000,0.090,0.070,0.410,0.340,
 0.010,0.100,0.040,0.080,0.240,0.000,0.010,0.020,0.010,0.010,0.000,0.000,
 0.000,0.000,0.000,0.000,0.090,0.000,0.000,0.000,0.000,0.030,0.040,0.020,
 0.030,0.000,0.000,0.010]
Training Group Acc: [0.660,0.297,0.000]
Epoch [105] Training Results: Prec@1 66.769 Prec@5 80.580 Loss 1.73866
Epoch [105] Training Class Recall: [0.568,0.467,0.414,0.383,0.412,0.539,0.440,0.580,0.543,0.565,0.456,0.284,
 0.597,0.605,0.476,0.543,0.473,0.623,0.593,0.568,0.200,0.699,0.378,0.689,
 0.159,0.566,0.572,0.657,0.619,0.616,0.598,0.214,0.637,0.690,0.647,0.595,
 0.689,0.643,0.677,0.619,0.668,0.629,0.710,0.734,0.674,0.662,0.628,0.741,
 0.592,0.732,0.694,0.721,0.772,0.395,0.710,0.790,0.736,0.537,0.668,0.672,
 0.813,0.788,0.733,0.781,0.704,0.764,0.772,0.559,0.803,0.731,0.676,0.806,
 0.761,0.248,0.842,0.730,0.788,0.819,0.759,0.856,0.802,0.590,0.534,0.656,
 0.812,0.804,0.787,0.721,0.770,0.804,0.847,0.820,0.323,0.795,0.824,0.837,
 0.878,0.719,0.618,0.794]
Testing Group Acc: [0.171,0.010,0.000]
Epoch [105] Testing Results: Prec@1 16.340 Prec@5 34.920 Loss 5.14991
Epoch [105] Testing Class Recall: [0.470,0.730,0.030,0.260,0.350,0.390,0.190,0.520,0.380,0.440,0.270,0.360,
 0.630,0.520,0.240,0.760,0.540,0.620,0.390,0.330,0.000,0.530,0.030,0.390,
 0.030,0.080,0.120,0.030,0.400,0.080,0.430,0.010,0.110,0.100,0.110,0.090,
 0.270,0.110,0.100,0.220,0.020,0.070,0.080,0.380,0.180,0.170,0.220,0.250,
 0.040,0.130,0.030,0.080,0.230,0.000,0.210,0.030,0.120,0.030,0.010,0.030,
 0.360,0.000,0.320,0.070,0.010,0.000,0.000,0.000,0.010,0.230,0.190,0.310,
 0.000,0.030,0.000,0.110,0.260,0.000,0.000,0.000,0.000,0.010,0.030,0.040,
 0.000,0.070,0.000,0.000,0.020,0.000,0.000,0.030,0.000,0.020,0.050,0.080,
 0.100,0.000,0.000,0.020]
Training Group Acc: [0.660,0.259,0.000]
Epoch [106] Training Results: Prec@1 66.731 Prec@5 80.480 Loss 1.73338
Epoch [106] Training Class Recall: [0.560,0.442,0.400,0.432,0.388,0.519,0.431,0.573,0.562,0.545,0.459,0.294,
 0.590,0.596,0.486,0.563,0.476,0.639,0.574,0.559,0.138,0.668,0.371,0.662,
 0.148,0.551,0.586,0.679,0.637,0.637,0.574,0.143,0.640,0.706,0.639,0.623,
 0.706,0.663,0.658,0.587,0.643,0.645,0.727,0.734,0.688,0.662,0.635,0.763,
 0.561,0.719,0.729,0.735,0.759,0.363,0.704,0.773,0.705,0.542,0.713,0.647,
 0.815,0.777,0.730,0.776,0.683,0.751,0.792,0.537,0.792,0.752,0.647,0.822,
 0.750,0.248,0.819,0.749,0.797,0.830,0.757,0.833,0.798,0.551,0.541,0.679,
 0.822,0.802,0.810,0.765,0.770,0.802,0.850,0.837,0.313,0.805,0.818,0.837,
 0.878,0.722,0.609,0.799]
Testing Group Acc: [0.184,0.008,0.000]
Epoch [106] Testing Results: Prec@1 17.490 Prec@5 36.590 Loss 4.58234
Epoch [106] Testing Class Recall: [0.480,0.710,0.400,0.190,0.190,0.250,0.260,0.360,0.470,0.360,0.230,0.170,
 0.590,0.460,0.140,0.400,0.500,0.540,0.460,0.190,0.010,0.810,0.070,0.460,
 0.020,0.340,0.120,0.080,0.220,0.140,0.470,0.000,0.310,0.090,0.180,0.000,
 0.290,0.140,0.150,0.150,0.100,0.110,0.160,0.090,0.070,0.100,0.140,0.500,
 0.010,0.300,0.090,0.060,0.510,0.010,0.410,0.040,0.130,0.190,0.010,0.100,
 0.590,0.130,0.380,0.120,0.000,0.000,0.020,0.020,0.170,0.260,0.390,0.120,
 0.040,0.010,0.020,0.010,0.280,0.000,0.000,0.020,0.000,0.010,0.020,0.000,
 0.000,0.040,0.000,0.000,0.030,0.020,0.000,0.040,0.000,0.020,0.070,0.080,
 0.010,0.000,0.000,0.040]
Training Group Acc: [0.659,0.288,0.000]
Epoch [107] Training Results: Prec@1 66.611 Prec@5 80.549 Loss 1.74374
Epoch [107] Training Class Recall: [0.527,0.453,0.439,0.420,0.390,0.514,0.459,0.546,0.570,0.523,0.446,0.269,
 0.588,0.584,0.491,0.563,0.465,0.630,0.586,0.552,0.138,0.697,0.395,0.683,
 0.159,0.568,0.563,0.657,0.612,0.625,0.579,0.224,0.624,0.674,0.668,0.603,
 0.696,0.663,0.692,0.598,0.668,0.659,0.676,0.727,0.674,0.634,0.682,0.716,
 0.600,0.756,0.694,0.724,0.783,0.419,0.691,0.768,0.723,0.568,0.678,0.647,
 0.806,0.763,0.736,0.788,0.704,0.782,0.794,0.551,0.797,0.728,0.682,0.806,
 0.747,0.257,0.825,0.746,0.781,0.822,0.759,0.840,0.793,0.603,0.520,0.651,
 0.822,0.795,0.782,0.750,0.756,0.794,0.833,0.815,0.313,0.798,0.829,0.837,
 0.862,0.752,0.627,0.804]
Testing Group Acc: [0.177,0.018,0.000]
Epoch [107] Testing Results: Prec@1 16.920 Prec@5 35.720 Loss 5.08045
Epoch [107] Testing Class Recall: [0.590,0.530,0.500,0.200,0.380,0.330,0.480,0.630,0.570,0.550,0.180,0.110,
 0.690,0.480,0.170,0.220,0.410,0.550,0.150,0.230,0.000,0.380,0.040,0.560,
 0.030,0.300,0.030,0.100,0.230,0.090,0.300,0.060,0.200,0.230,0.000,0.290,
 0.230,0.070,0.090,0.120,0.060,0.030,0.440,0.040,0.060,0.000,0.110,0.690,
 0.040,0.350,0.050,0.110,0.410,0.000,0.380,0.050,0.070,0.020,0.000,0.090,
 0.210,0.050,0.260,0.040,0.030,0.000,0.020,0.010,0.140,0.090,0.400,0.320,
 0.040,0.020,0.000,0.070,0.490,0.000,0.020,0.010,0.010,0.000,0.030,0.000,
 0.010,0.100,0.010,0.010,0.000,0.000,0.000,0.020,0.000,0.000,0.110,0.010,
 0.070,0.000,0.000,0.020]
Training Group Acc: [0.660,0.263,0.000]
Epoch [108] Training Results: Prec@1 66.711 Prec@5 80.326 Loss 1.73019
Epoch [108] Training Class Recall: [0.542,0.500,0.475,0.401,0.412,0.529,0.437,0.568,0.538,0.548,0.467,0.306,
 0.590,0.581,0.491,0.538,0.470,0.647,0.578,0.561,0.138,0.704,0.405,0.689,
 0.159,0.588,0.566,0.657,0.644,0.598,0.612,0.173,0.607,0.682,0.602,0.592,
 0.713,0.646,0.682,0.574,0.693,0.659,0.722,0.723,0.702,0.649,0.611,0.745,
 0.596,0.756,0.703,0.717,0.767,0.355,0.671,0.778,0.721,0.579,0.713,0.667,
 0.815,0.752,0.733,0.783,0.692,0.746,0.783,0.529,0.794,0.707,0.679,0.801,
 0.753,0.238,0.833,0.746,0.795,0.819,0.749,0.833,0.782,0.538,0.547,0.637,
 0.844,0.797,0.805,0.745,0.773,0.794,0.840,0.820,0.303,0.805,0.818,0.837,
 0.882,0.738,0.622,0.796]
Testing Group Acc: [0.172,0.022,0.000]
Epoch [108] Testing Results: Prec@1 16.460 Prec@5 35.340 Loss 4.84313
Epoch [108] Testing Class Recall: [0.560,0.500,0.490,0.410,0.420,0.450,0.240,0.620,0.320,0.460,0.340,0.450,
 0.620,0.120,0.250,0.230,0.200,0.370,0.610,0.180,0.010,0.380,0.030,0.560,
 0.070,0.090,0.280,0.090,0.190,0.080,0.420,0.010,0.080,0.340,0.080,0.080,
 0.290,0.110,0.090,0.220,0.030,0.050,0.020,0.290,0.050,0.020,0.260,0.150,
 0.010,0.300,0.060,0.180,0.540,0.040,0.100,0.020,0.080,0.080,0.000,0.060,
 0.470,0.120,0.460,0.010,0.000,0.000,0.050,0.000,0.060,0.150,0.260,0.320,
 0.010,0.020,0.010,0.100,0.340,0.010,0.000,0.020,0.030,0.010,0.020,0.020,
 0.000,0.070,0.000,0.010,0.030,0.000,0.000,0.020,0.010,0.020,0.020,0.060,
 0.000,0.010,0.020,0.020]
Training Group Acc: [0.660,0.311,0.000]
Epoch [109] Training Results: Prec@1 66.714 Prec@5 80.460 Loss 1.73506
Epoch [109] Training Class Recall: [0.568,0.449,0.425,0.441,0.397,0.524,0.448,0.573,0.526,0.526,0.469,0.309,
 0.619,0.593,0.527,0.551,0.448,0.643,0.567,0.577,0.200,0.684,0.405,0.676,
 0.205,0.576,0.546,0.662,0.633,0.625,0.569,0.194,0.647,0.669,0.644,0.592,
 0.699,0.676,0.677,0.593,0.690,0.642,0.720,0.741,0.654,0.631,0.642,0.741,
 0.549,0.756,0.690,0.708,0.774,0.379,0.688,0.783,0.710,0.563,0.698,0.667,
 0.802,0.752,0.751,0.747,0.683,0.744,0.763,0.551,0.797,0.759,0.697,0.810,
 0.750,0.267,0.830,0.746,0.797,0.811,0.772,0.837,0.798,0.641,0.561,0.614,
 0.822,0.802,0.792,0.750,0.780,0.799,0.857,0.822,0.313,0.793,0.816,0.835,
 0.871,0.755,0.605,0.796]
Testing Group Acc: [0.185,0.000,0.000]
Epoch [109] Testing Results: Prec@1 17.590 Prec@5 35.140 Loss 4.99271
Epoch [109] Testing Class Recall: [0.560,0.430,0.300,0.430,0.290,0.550,0.350,0.360,0.490,0.470,0.170,0.070,
 0.650,0.280,0.220,0.290,0.610,0.700,0.320,0.310,0.000,0.480,0.220,0.510,
 0.000,0.230,0.210,0.100,0.430,0.080,0.580,0.000,0.150,0.270,0.140,0.300,
 0.330,0.090,0.220,0.300,0.050,0.150,0.260,0.090,0.080,0.000,0.170,0.330,
 0.010,0.060,0.070,0.380,0.600,0.030,0.200,0.020,0.280,0.020,0.010,0.080,
 0.390,0.120,0.440,0.150,0.020,0.020,0.030,0.010,0.090,0.050,0.130,0.050,
 0.000,0.000,0.000,0.020,0.220,0.030,0.000,0.040,0.010,0.000,0.010,0.000,
 0.000,0.100,0.000,0.060,0.050,0.000,0.000,0.000,0.000,0.000,0.110,0.020,
 0.030,0.000,0.000,0.010]
Training Group Acc: [0.660,0.260,0.000]
Epoch [110] Training Results: Prec@1 66.697 Prec@5 80.391 Loss 1.73791
Epoch [110] Training Class Recall: [0.524,0.467,0.436,0.420,0.384,0.511,0.457,0.588,0.548,0.574,0.462,0.275,
 0.597,0.562,0.509,0.553,0.479,0.658,0.569,0.561,0.154,0.688,0.385,0.680,
 0.148,0.598,0.566,0.655,0.644,0.628,0.565,0.102,0.640,0.667,0.594,0.638,
 0.691,0.683,0.692,0.585,0.652,0.642,0.696,0.741,0.658,0.671,0.642,0.774,
 0.588,0.738,0.705,0.715,0.780,0.395,0.713,0.770,0.736,0.568,0.713,0.657,
 0.804,0.763,0.736,0.778,0.689,0.739,0.763,0.566,0.797,0.724,0.699,0.789,
 0.719,0.238,0.822,0.740,0.792,0.827,0.759,0.833,0.795,0.603,0.527,0.660,
 0.820,0.808,0.797,0.755,0.759,0.799,0.854,0.817,0.293,0.798,0.829,0.839,
 0.878,0.732,0.618,0.788]
Testing Group Acc: [0.171,0.004,0.000]
Epoch [110] Testing Results: Prec@1 16.310 Prec@5 34.900 Loss 5.04693
Epoch [110] Testing Class Recall: [0.710,0.670,0.530,0.380,0.030,0.410,0.530,0.290,0.500,0.500,0.400,0.100,
 0.590,0.580,0.070,0.200,0.470,0.670,0.640,0.160,0.000,0.240,0.100,0.440,
 0.020,0.040,0.110,0.150,0.110,0.050,0.220,0.000,0.320,0.270,0.170,0.250,
 0.210,0.180,0.130,0.350,0.050,0.080,0.130,0.040,0.120,0.010,0.030,0.410,
 0.000,0.200,0.010,0.140,0.160,0.070,0.180,0.000,0.290,0.020,0.000,0.030,
 0.410,0.110,0.270,0.090,0.000,0.000,0.120,0.000,0.190,0.120,0.150,0.290,
 0.020,0.090,0.020,0.020,0.340,0.020,0.000,0.010,0.000,0.000,0.000,0.020,
 0.000,0.000,0.000,0.000,0.090,0.000,0.000,0.010,0.000,0.040,0.050,0.030,
 0.010,0.020,0.000,0.010]
Training Group Acc: [0.659,0.297,0.000]
Epoch [111] Training Results: Prec@1 66.577 Prec@5 80.520 Loss 1.73621
Epoch [111] Training Class Recall: [0.531,0.496,0.400,0.448,0.394,0.511,0.437,0.551,0.582,0.561,0.438,0.291,
 0.604,0.559,0.488,0.548,0.470,0.652,0.567,0.552,0.123,0.690,0.392,0.678,
 0.227,0.561,0.548,0.653,0.658,0.640,0.569,0.194,0.617,0.688,0.665,0.600,
 0.703,0.666,0.671,0.598,0.668,0.666,0.722,0.741,0.681,0.610,0.645,0.749,
 0.561,0.740,0.692,0.726,0.774,0.379,0.688,0.770,0.727,0.563,0.698,0.637,
 0.808,0.773,0.716,0.773,0.662,0.739,0.774,0.551,0.783,0.728,0.682,0.810,
 0.739,0.276,0.836,0.743,0.779,0.816,0.739,0.828,0.791,0.615,0.568,0.647,
 0.824,0.813,0.790,0.740,0.775,0.802,0.868,0.827,0.323,0.800,0.829,0.846,
 0.873,0.719,0.618,0.791]
Testing Group Acc: [0.181,0.008,0.000]
Epoch [111] Testing Results: Prec@1 17.210 Prec@5 36.330 Loss 4.56755
Epoch [111] Testing Class Recall: [0.570,0.240,0.200,0.200,0.220,0.280,0.820,0.360,0.540,0.530,0.150,0.130,
 0.570,0.470,0.190,0.370,0.190,0.800,0.420,0.200,0.000,0.240,0.210,0.670,
 0.040,0.110,0.220,0.100,0.190,0.130,0.510,0.000,0.150,0.270,0.180,0.190,
 0.250,0.080,0.010,0.300,0.060,0.060,0.340,0.220,0.070,0.020,0.140,0.400,
 0.020,0.180,0.080,0.150,0.610,0.040,0.130,0.020,0.290,0.030,0.000,0.130,
 0.500,0.140,0.390,0.080,0.000,0.020,0.010,0.020,0.110,0.280,0.120,0.070,
 0.020,0.020,0.000,0.070,0.450,0.000,0.020,0.030,0.020,0.000,0.050,0.040,
 0.060,0.020,0.010,0.000,0.130,0.010,0.000,0.000,0.000,0.010,0.100,0.040,
 0.020,0.010,0.010,0.040]
Training Group Acc: [0.662,0.263,0.000]
Epoch [112] Training Results: Prec@1 66.854 Prec@5 80.660 Loss 1.72662
Epoch [112] Training Class Recall: [0.542,0.500,0.433,0.413,0.382,0.526,0.454,0.563,0.582,0.558,0.451,0.353,
 0.572,0.553,0.491,0.533,0.496,0.639,0.554,0.572,0.185,0.681,0.395,0.683,
 0.125,0.620,0.581,0.677,0.608,0.625,0.579,0.153,0.637,0.693,0.602,0.626,
 0.728,0.648,0.667,0.614,0.652,0.639,0.717,0.741,0.681,0.628,0.655,0.738,
 0.580,0.756,0.741,0.735,0.767,0.411,0.674,0.760,0.723,0.584,0.678,0.662,
 0.804,0.770,0.742,0.778,0.686,0.769,0.778,0.551,0.800,0.752,0.679,0.810,
 0.753,0.267,0.822,0.762,0.783,0.819,0.757,0.847,0.791,0.538,0.527,0.670,
 0.817,0.804,0.797,0.750,0.773,0.784,0.833,0.827,0.313,0.783,0.821,0.839,
 0.876,0.728,0.618,0.791]
Testing Group Acc: [0.183,0.018,0.000]
Epoch [112] Testing Results: Prec@1 17.440 Prec@5 36.750 Loss 5.09551
Epoch [112] Testing Class Recall: [0.570,0.500,0.580,0.330,0.180,0.350,0.310,0.550,0.420,0.550,0.360,0.060,
 0.610,0.630,0.370,0.250,0.210,0.700,0.280,0.410,0.000,0.600,0.150,0.590,
 0.090,0.040,0.510,0.120,0.170,0.160,0.350,0.000,0.070,0.280,0.010,0.040,
 0.270,0.090,0.040,0.230,0.060,0.080,0.230,0.220,0.000,0.000,0.160,0.200,
 0.000,0.140,0.110,0.130,0.810,0.040,0.190,0.020,0.130,0.010,0.010,0.090,
 0.500,0.180,0.450,0.100,0.000,0.000,0.080,0.010,0.130,0.220,0.130,0.270,
 0.000,0.020,0.030,0.050,0.230,0.050,0.000,0.000,0.000,0.000,0.020,0.000,
 0.000,0.050,0.000,0.010,0.040,0.000,0.000,0.020,0.000,0.000,0.050,0.090,
 0.020,0.010,0.010,0.010]
Training Group Acc: [0.661,0.317,0.000]
Epoch [113] Training Results: Prec@1 66.931 Prec@5 80.629 Loss 1.73108
Epoch [113] Training Class Recall: [0.535,0.478,0.450,0.441,0.390,0.541,0.487,0.566,0.546,0.513,0.472,0.300,
 0.617,0.547,0.496,0.561,0.473,0.652,0.629,0.582,0.231,0.673,0.381,0.685,
 0.193,0.602,0.570,0.635,0.637,0.610,0.565,0.214,0.657,0.672,0.649,0.621,
 0.713,0.671,0.665,0.630,0.655,0.642,0.703,0.703,0.663,0.640,0.625,0.741,
 0.529,0.727,0.710,0.739,0.767,0.419,0.688,0.770,0.732,0.568,0.683,0.657,
 0.815,0.777,0.716,0.758,0.677,0.762,0.780,0.537,0.811,0.752,0.665,0.813,
 0.756,0.229,0.842,0.743,0.792,0.819,0.757,0.852,0.800,0.603,0.541,0.637,
 0.832,0.802,0.808,0.735,0.782,0.794,0.861,0.817,0.343,0.795,0.824,0.835,
 0.882,0.728,0.614,0.799]
Testing Group Acc: [0.173,0.010,0.000]
Epoch [113] Testing Results: Prec@1 16.440 Prec@5 34.790 Loss 5.23365
Epoch [113] Testing Class Recall: [0.560,0.660,0.210,0.370,0.130,0.480,0.630,0.550,0.770,0.330,0.130,0.040,
 0.460,0.300,0.430,0.110,0.510,0.680,0.370,0.190,0.000,0.650,0.180,0.360,
 0.040,0.030,0.270,0.160,0.140,0.020,0.540,0.010,0.090,0.350,0.140,0.090,
 0.140,0.070,0.100,0.450,0.010,0.030,0.220,0.040,0.070,0.000,0.090,0.300,
 0.010,0.210,0.040,0.070,0.350,0.030,0.120,0.010,0.180,0.090,0.010,0.140,
 0.370,0.010,0.340,0.090,0.000,0.010,0.240,0.000,0.080,0.160,0.270,0.390,
 0.010,0.060,0.050,0.080,0.260,0.000,0.010,0.000,0.000,0.000,0.000,0.000,
 0.010,0.100,0.000,0.000,0.000,0.000,0.000,0.000,0.000,0.020,0.050,0.030,
 0.020,0.010,0.000,0.010]
Training Group Acc: [0.660,0.292,0.000]
Epoch [114] Training Results: Prec@1 66.826 Prec@5 80.583 Loss 1.72645
Epoch [114] Training Class Recall: [0.560,0.467,0.450,0.420,0.424,0.519,0.426,0.551,0.555,0.539,0.444,0.287,
 0.599,0.605,0.522,0.536,0.507,0.645,0.612,0.570,0.185,0.697,0.364,0.680,
 0.205,0.580,0.586,0.659,0.626,0.622,0.555,0.194,0.629,0.703,0.649,0.646,
 0.713,0.651,0.665,0.590,0.658,0.629,0.698,0.743,0.665,0.655,0.628,0.756,
 0.592,0.764,0.707,0.721,0.765,0.379,0.677,0.768,0.721,0.579,0.653,0.622,
 0.795,0.755,0.748,0.758,0.665,0.746,0.787,0.559,0.797,0.721,0.694,0.818,
 0.756,0.248,0.839,0.734,0.806,0.805,0.762,0.852,0.793,0.564,0.547,0.628,
 0.829,0.810,0.780,0.740,0.763,0.802,0.854,0.827,0.313,0.800,0.813,0.841,
 0.876,0.738,0.614,0.791]
Testing Group Acc: [0.183,0.004,0.000]
Epoch [114] Testing Results: Prec@1 17.450 Prec@5 36.280 Loss 4.91370
Epoch [114] Testing Class Recall: [0.450,0.460,0.260,0.460,0.080,0.580,0.720,0.620,0.590,0.590,0.250,0.170,
 0.540,0.080,0.220,0.220,0.200,0.740,0.250,0.350,0.000,0.510,0.180,0.480,
 0.000,0.080,0.220,0.290,0.290,0.120,0.490,0.010,0.090,0.120,0.160,0.050,
 0.230,0.350,0.250,0.120,0.050,0.130,0.190,0.100,0.100,0.090,0.060,0.550,
 0.010,0.240,0.040,0.240,0.480,0.140,0.280,0.010,0.250,0.030,0.010,0.050,
 0.500,0.080,0.320,0.140,0.000,0.010,0.110,0.030,0.160,0.120,0.010,0.220,
 0.000,0.020,0.010,0.030,0.430,0.030,0.000,0.020,0.010,0.010,0.060,0.010,
 0.000,0.010,0.000,0.040,0.020,0.000,0.010,0.000,0.000,0.020,0.030,0.020,
 0.000,0.010,0.000,0.040]
Training Group Acc: [0.660,0.265,0.000]
Epoch [115] Training Results: Prec@1 66.714 Prec@5 80.691 Loss 1.72584
Epoch [115] Training Class Recall: [0.546,0.475,0.464,0.401,0.390,0.534,0.448,0.559,0.546,0.532,0.523,0.291,
 0.599,0.544,0.463,0.528,0.487,0.647,0.580,0.568,0.169,0.684,0.399,0.692,
 0.125,0.590,0.579,0.648,0.637,0.583,0.555,0.143,0.614,0.669,0.644,0.615,
 0.706,0.671,0.675,0.611,0.680,0.662,0.725,0.723,0.661,0.637,0.632,0.745,
 0.565,0.756,0.696,0.728,0.765,0.395,0.707,0.746,0.712,0.574,0.678,0.667,
 0.806,0.766,0.733,0.778,0.692,0.766,0.776,0.544,0.794,0.738,0.682,0.813,
 0.724,0.257,0.839,0.749,0.797,0.824,0.747,0.854,0.798,0.564,0.561,0.642,
 0.824,0.815,0.795,0.725,0.761,0.791,0.857,0.837,0.323,0.805,0.826,0.837,
 0.880,0.742,0.609,0.794]
Testing Group Acc: [0.175,0.012,0.000]
Epoch [115] Testing Results: Prec@1 16.690 Prec@5 36.520 Loss 4.68516
Epoch [115] Testing Class Recall: [0.370,0.460,0.360,0.310,0.360,0.310,0.550,0.480,0.380,0.540,0.270,0.180,
 0.560,0.620,0.200,0.590,0.130,0.790,0.380,0.230,0.000,0.130,0.100,0.410,
 0.030,0.280,0.180,0.230,0.150,0.290,0.590,0.030,0.140,0.210,0.050,0.060,
 0.100,0.190,0.120,0.410,0.150,0.080,0.070,0.240,0.170,0.010,0.020,0.260,
 0.030,0.090,0.090,0.090,0.570,0.280,0.250,0.050,0.170,0.050,0.010,0.100,
 0.410,0.030,0.260,0.050,0.010,0.020,0.000,0.000,0.080,0.300,0.010,0.050,
 0.010,0.060,0.000,0.040,0.320,0.020,0.000,0.050,0.010,0.000,0.010,0.060,
 0.000,0.040,0.000,0.010,0.050,0.000,0.000,0.010,0.000,0.000,0.050,0.150,
 0.010,0.000,0.010,0.010]
Training Group Acc: [0.662,0.309,0.000]
Epoch [116] Training Results: Prec@1 66.871 Prec@5 80.357 Loss 1.73729
Epoch [116] Training Class Recall: [0.553,0.460,0.414,0.418,0.384,0.531,0.429,0.563,0.560,0.539,0.487,0.347,
 0.588,0.556,0.527,0.586,0.448,0.665,0.588,0.568,0.154,0.688,0.378,0.689,
 0.216,0.580,0.557,0.675,0.651,0.661,0.574,0.214,0.624,0.719,0.628,0.618,
 0.706,0.666,0.649,0.590,0.661,0.639,0.696,0.712,0.645,0.631,0.642,0.743,
 0.600,0.745,0.712,0.710,0.770,0.452,0.682,0.807,0.734,0.574,0.693,0.677,
 0.806,0.763,0.721,0.776,0.704,0.748,0.758,0.529,0.797,0.755,0.694,0.806,
 0.736,0.257,0.822,0.755,0.786,0.792,0.767,0.828,0.782,0.628,0.514,0.665,
 0.829,0.800,0.780,0.735,0.775,0.802,0.857,0.840,0.333,0.807,0.831,0.835,
 0.884,0.748,0.622,0.796]
Testing Group Acc: [0.178,0.010,0.000]
Epoch [116] Testing Results: Prec@1 16.990 Prec@5 35.360 Loss 4.94264
Epoch [116] Testing Class Recall: [0.640,0.240,0.560,0.250,0.180,0.480,0.620,0.640,0.390,0.550,0.260,0.160,
 0.740,0.300,0.240,0.070,0.450,0.440,0.170,0.420,0.010,0.430,0.130,0.560,
 0.040,0.310,0.110,0.270,0.390,0.050,0.460,0.000,0.200,0.150,0.110,0.050,
 0.160,0.050,0.060,0.230,0.090,0.090,0.110,0.180,0.200,0.010,0.020,0.340,
 0.030,0.250,0.020,0.150,0.490,0.050,0.030,0.000,0.280,0.030,0.020,0.090,
 0.410,0.040,0.330,0.030,0.000,0.000,0.060,0.040,0.190,0.180,0.340,0.280,
 0.090,0.000,0.010,0.090,0.330,0.020,0.010,0.010,0.010,0.000,0.000,0.000,
 0.000,0.040,0.000,0.010,0.130,0.010,0.000,0.000,0.000,0.030,0.070,0.110,
 0.060,0.000,0.000,0.010]
Training Group Acc: [0.662,0.314,0.000]
Epoch [117] Training Results: Prec@1 66.903 Prec@5 80.606 Loss 1.72929
Epoch [117] Training Class Recall: [0.549,0.511,0.444,0.390,0.418,0.531,0.443,0.556,0.538,0.561,0.467,0.256,
 0.579,0.574,0.509,0.574,0.448,0.636,0.591,0.589,0.215,0.684,0.364,0.687,
 0.205,0.566,0.588,0.675,0.662,0.607,0.579,0.214,0.624,0.688,0.628,0.631,
 0.721,0.661,0.677,0.582,0.671,0.625,0.717,0.729,0.647,0.683,0.666,0.756,
 0.573,0.740,0.723,0.726,0.750,0.403,0.699,0.770,0.725,0.542,0.688,0.672,
 0.813,0.763,0.748,0.770,0.665,0.760,0.789,0.544,0.778,0.741,0.673,0.794,
 0.756,0.295,0.830,0.762,0.788,0.811,0.757,0.852,0.807,0.603,0.554,0.619,
 0.817,0.810,0.795,0.750,0.782,0.789,0.857,0.817,0.333,0.802,0.826,0.835,
 0.876,0.742,0.631,0.802]
Testing Group Acc: [0.178,0.030,0.000]
Epoch [117] Testing Results: Prec@1 17.040 Prec@5 35.260 Loss 4.86739
Epoch [117] Testing Class Recall: [0.510,0.320,0.510,0.500,0.560,0.360,0.460,0.670,0.710,0.370,0.340,0.090,
 0.680,0.250,0.350,0.350,0.580,0.720,0.180,0.340,0.010,0.510,0.100,0.570,
 0.140,0.070,0.120,0.070,0.360,0.230,0.480,0.000,0.170,0.330,0.070,0.150,
 0.230,0.210,0.030,0.090,0.050,0.100,0.010,0.030,0.030,0.000,0.010,0.240,
 0.000,0.150,0.010,0.120,0.770,0.030,0.150,0.030,0.220,0.040,0.000,0.090,
 0.410,0.100,0.220,0.070,0.000,0.000,0.060,0.010,0.160,0.070,0.050,0.300,
 0.020,0.020,0.030,0.020,0.220,0.010,0.000,0.010,0.030,0.000,0.000,0.010,
 0.000,0.040,0.000,0.020,0.010,0.000,0.000,0.000,0.000,0.020,0.100,0.040,
 0.100,0.010,0.000,0.010]
Training Group Acc: [0.658,0.280,0.000]
Epoch [118] Training Results: Prec@1 66.477 Prec@5 80.586 Loss 1.73607
Epoch [118] Training Class Recall: [0.538,0.457,0.439,0.429,0.386,0.491,0.465,0.573,0.558,0.532,0.492,0.316,
 0.615,0.562,0.506,0.523,0.465,0.630,0.557,0.547,0.200,0.662,0.409,0.715,
 0.125,0.559,0.546,0.640,0.651,0.613,0.579,0.194,0.680,0.672,0.649,0.636,
 0.686,0.661,0.662,0.593,0.639,0.642,0.691,0.729,0.688,0.643,0.622,0.734,
 0.596,0.732,0.718,0.715,0.759,0.363,0.704,0.773,0.714,0.558,0.683,0.637,
 0.802,0.759,0.724,0.763,0.680,0.748,0.776,0.544,0.806,0.728,0.676,0.794,
 0.750,0.276,0.813,0.752,0.777,0.803,0.754,0.840,0.800,0.526,0.541,0.656,
 0.834,0.806,0.790,0.750,0.773,0.799,0.864,0.817,0.354,0.793,0.829,0.841,
 0.878,0.738,0.605,0.796]
Testing Group Acc: [0.180,0.018,0.000]
Epoch [118] Testing Results: Prec@1 17.190 Prec@5 36.470 Loss 4.69482
Epoch [118] Testing Class Recall: [0.500,0.390,0.310,0.350,0.100,0.420,0.520,0.540,0.720,0.550,0.250,0.330,
 0.580,0.490,0.330,0.370,0.180,0.470,0.410,0.090,0.020,0.490,0.110,0.440,
 0.070,0.210,0.280,0.050,0.330,0.080,0.550,0.000,0.130,0.170,0.160,0.060,
 0.160,0.100,0.060,0.350,0.110,0.120,0.060,0.080,0.100,0.030,0.140,0.310,
 0.040,0.070,0.280,0.080,0.430,0.280,0.330,0.030,0.240,0.010,0.010,0.030,
 0.400,0.130,0.240,0.030,0.000,0.010,0.170,0.000,0.080,0.150,0.150,0.310,
 0.050,0.010,0.040,0.130,0.250,0.000,0.000,0.000,0.000,0.000,0.020,0.000,
 0.020,0.060,0.000,0.020,0.030,0.020,0.000,0.000,0.000,0.000,0.240,0.090,
 0.020,0.000,0.000,0.020]
Training Group Acc: [0.661,0.285,0.000]
Epoch [119] Training Results: Prec@1 66.763 Prec@5 80.894 Loss 1.71539
Epoch [119] Training Class Recall: [0.524,0.475,0.442,0.422,0.401,0.529,0.420,0.551,0.558,0.552,0.487,0.325,
 0.575,0.599,0.488,0.569,0.476,0.656,0.584,0.579,0.138,0.677,0.426,0.710,
 0.182,0.607,0.581,0.644,0.597,0.637,0.565,0.224,0.645,0.680,0.647,0.664,
 0.696,0.673,0.652,0.595,0.680,0.679,0.688,0.721,0.670,0.671,0.635,0.738,
 0.584,0.745,0.705,0.733,0.748,0.427,0.685,0.751,0.714,0.532,0.688,0.622,
 0.810,0.773,0.730,0.760,0.665,0.773,0.778,0.588,0.797,0.718,0.650,0.808,
 0.744,0.257,0.836,0.724,0.792,0.803,0.744,0.852,0.784,0.590,0.561,0.619,
 0.810,0.802,0.785,0.745,0.775,0.809,0.850,0.825,0.293,0.798,0.826,0.833,
 0.882,0.725,0.622,0.802]
Testing Group Acc: [0.172,0.014,0.000]
Epoch [119] Testing Results: Prec@1 16.420 Prec@5 34.400 Loss 5.32454
Epoch [119] Testing Class Recall: [0.560,0.480,0.410,0.470,0.590,0.240,0.510,0.480,0.730,0.140,0.350,0.360,
 0.520,0.510,0.080,0.200,0.360,0.690,0.350,0.320,0.010,0.640,0.090,0.510,
 0.060,0.350,0.160,0.090,0.290,0.100,0.420,0.000,0.140,0.310,0.060,0.100,
 0.190,0.240,0.020,0.140,0.040,0.030,0.090,0.080,0.060,0.020,0.170,0.220,
 0.030,0.150,0.000,0.100,0.810,0.000,0.210,0.010,0.110,0.110,0.010,0.020,
 0.310,0.060,0.160,0.090,0.000,0.000,0.020,0.000,0.070,0.140,0.280,0.170,
 0.000,0.050,0.020,0.020,0.150,0.010,0.000,0.000,0.020,0.000,0.090,0.020,
 0.010,0.010,0.000,0.000,0.020,0.010,0.000,0.010,0.000,0.000,0.040,0.040,
 0.010,0.010,0.000,0.040]
Training Group Acc: [0.662,0.273,0.000]
Epoch [120] Training Results: Prec@1 66.871 Prec@5 80.731 Loss 1.71827
Epoch [120] Training Class Recall: [0.549,0.511,0.392,0.432,0.397,0.541,0.459,0.578,0.577,0.552,0.451,0.328,
 0.588,0.587,0.514,0.586,0.482,0.643,0.593,0.563,0.154,0.675,0.385,0.703,
 0.182,0.563,0.557,0.653,0.622,0.622,0.593,0.133,0.662,0.721,0.628,0.600,
 0.701,0.668,0.682,0.593,0.683,0.635,0.720,0.743,0.654,0.665,0.639,0.727,
 0.592,0.748,0.692,0.724,0.770,0.403,0.691,0.728,0.732,0.553,0.698,0.627,
 0.810,0.766,0.718,0.763,0.686,0.771,0.776,0.610,0.800,0.704,0.691,0.810,
 0.733,0.248,0.836,0.734,0.797,0.811,0.749,0.842,0.800,0.551,0.568,0.619,
 0.815,0.791,0.797,0.730,0.784,0.799,0.850,0.830,0.343,0.795,0.829,0.841,
 0.880,0.742,0.618,0.794]
Testing Group Acc: [0.180,0.010,0.000]
Epoch [120] Testing Results: Prec@1 17.110 Prec@5 35.970 Loss 5.06097
Epoch [120] Testing Class Recall: [0.530,0.560,0.070,0.060,0.050,0.310,0.350,0.330,0.390,0.500,0.300,0.330,
 0.740,0.640,0.370,0.030,0.550,0.630,0.460,0.400,0.000,0.610,0.050,0.510,
 0.020,0.240,0.100,0.180,0.290,0.160,0.320,0.030,0.110,0.370,0.320,0.100,
 0.150,0.100,0.090,0.200,0.170,0.030,0.360,0.050,0.060,0.080,0.080,0.460,
 0.130,0.290,0.020,0.370,0.510,0.020,0.110,0.010,0.150,0.040,0.000,0.110,
 0.320,0.070,0.390,0.050,0.000,0.000,0.080,0.000,0.170,0.110,0.430,0.270,
 0.040,0.000,0.000,0.050,0.130,0.000,0.000,0.000,0.020,0.000,0.010,0.000,
 0.010,0.000,0.000,0.000,0.050,0.000,0.000,0.000,0.000,0.010,0.090,0.130,
 0.020,0.000,0.000,0.060]
Training Group Acc: [0.665,0.280,0.000]
Epoch [121] Training Results: Prec@1 67.140 Prec@5 81.006 Loss 1.71374
Epoch [121] Training Class Recall: [0.502,0.482,0.444,0.429,0.403,0.504,0.459,0.576,0.543,0.561,0.485,0.303,
 0.592,0.565,0.527,0.574,0.476,0.634,0.597,0.591,0.169,0.692,0.392,0.721,
 0.159,0.559,0.572,0.653,0.651,0.664,0.555,0.163,0.655,0.685,0.626,0.638,
 0.674,0.651,0.682,0.601,0.687,0.669,0.710,0.729,0.672,0.622,0.662,0.765,
 0.584,0.743,0.738,0.717,0.767,0.411,0.696,0.780,0.741,0.558,0.703,0.667,
 0.804,0.752,0.733,0.776,0.695,0.744,0.774,0.574,0.800,0.745,0.705,0.803,
 0.741,0.276,0.819,0.755,0.786,0.819,0.754,0.859,0.811,0.577,0.541,0.637,
 0.824,0.808,0.787,0.740,0.768,0.796,0.857,0.815,0.333,0.802,0.818,0.839,
 0.876,0.745,0.618,0.807]
Testing Group Acc: [0.186,0.042,0.000]
Epoch [121] Testing Results: Prec@1 17.860 Prec@5 36.330 Loss 4.72436
Epoch [121] Testing Class Recall: [0.520,0.670,0.250,0.400,0.320,0.380,0.250,0.310,0.550,0.540,0.280,0.080,
 0.510,0.280,0.220,0.330,0.450,0.730,0.400,0.100,0.010,0.450,0.370,0.530,
 0.180,0.240,0.210,0.110,0.200,0.050,0.460,0.010,0.060,0.460,0.140,0.140,
 0.130,0.070,0.130,0.510,0.030,0.060,0.270,0.140,0.160,0.010,0.110,0.570,
 0.040,0.300,0.170,0.020,0.330,0.030,0.200,0.000,0.260,0.080,0.000,0.060,
 0.460,0.120,0.620,0.110,0.000,0.020,0.080,0.000,0.040,0.110,0.140,0.480,
 0.010,0.000,0.030,0.090,0.260,0.000,0.000,0.060,0.010,0.010,0.000,0.020,
 0.030,0.050,0.000,0.000,0.030,0.000,0.010,0.010,0.000,0.030,0.040,0.000,
 0.080,0.030,0.000,0.010]
Training Group Acc: [0.663,0.306,0.000]
Epoch [122] Training Results: Prec@1 66.940 Prec@5 80.814 Loss 1.72466
Epoch [122] Training Class Recall: [0.564,0.438,0.419,0.406,0.407,0.544,0.485,0.561,0.541,0.539,0.454,0.312,
 0.597,0.553,0.527,0.551,0.479,0.639,0.586,0.582,0.200,0.692,0.395,0.676,
 0.170,0.595,0.557,0.657,0.615,0.640,0.598,0.245,0.662,0.690,0.644,0.613,
 0.684,0.641,0.688,0.574,0.655,0.642,0.713,0.734,0.683,0.659,0.618,0.754,
 0.620,0.753,0.725,0.721,0.748,0.427,0.702,0.775,0.738,0.579,0.693,0.657,
 0.817,0.759,0.751,0.755,0.677,0.757,0.787,0.537,0.794,0.748,0.694,0.796,
 0.736,0.267,0.825,0.730,0.795,0.819,0.754,0.854,0.793,0.590,0.588,0.623,
 0.837,0.784,0.780,0.755,0.766,0.784,0.868,0.832,0.323,0.798,0.831,0.835,
 0.880,0.735,0.622,0.799]
Testing Group Acc: [0.183,0.020,0.000]
Epoch [122] Testing Results: Prec@1 17.520 Prec@5 37.220 Loss 4.84023
Epoch [122] Testing Class Recall: [0.730,0.400,0.030,0.340,0.220,0.450,0.300,0.530,0.610,0.380,0.030,0.230,
 0.690,0.320,0.350,0.170,0.410,0.560,0.500,0.280,0.000,0.660,0.220,0.620,
 0.090,0.150,0.160,0.110,0.360,0.140,0.230,0.010,0.120,0.490,0.310,0.080,
 0.170,0.020,0.080,0.140,0.240,0.100,0.420,0.200,0.070,0.010,0.150,0.430,
 0.060,0.170,0.080,0.320,0.420,0.010,0.240,0.020,0.090,0.050,0.040,0.090,
 0.470,0.220,0.370,0.180,0.010,0.030,0.010,0.000,0.100,0.070,0.030,0.120,
 0.020,0.090,0.000,0.140,0.300,0.000,0.010,0.030,0.010,0.000,0.040,0.010,
 0.000,0.060,0.010,0.010,0.020,0.010,0.000,0.000,0.000,0.010,0.130,0.010,
 0.070,0.020,0.000,0.010]
Training Group Acc: [0.661,0.290,0.000]
Epoch [123] Training Results: Prec@1 66.906 Prec@5 80.806 Loss 1.72533
Epoch [123] Training Class Recall: [0.509,0.460,0.433,0.420,0.435,0.521,0.443,0.537,0.591,0.568,0.503,0.328,
 0.586,0.571,0.506,0.558,0.513,0.662,0.591,0.572,0.154,0.675,0.430,0.683,
 0.148,0.583,0.566,0.675,0.615,0.631,0.550,0.163,0.675,0.695,0.628,0.605,
 0.676,0.656,0.675,0.579,0.649,0.639,0.679,0.718,0.667,0.628,0.649,0.752,
 0.604,0.735,0.736,0.715,0.757,0.371,0.693,0.765,0.734,0.537,0.683,0.682,
 0.802,0.752,0.721,0.788,0.674,0.757,0.794,0.529,0.797,0.759,0.685,0.820,
 0.747,0.248,0.805,0.765,0.795,0.803,0.744,0.854,0.795,0.654,0.534,0.651,
 0.815,0.806,0.808,0.730,0.770,0.794,0.861,0.825,0.333,0.795,0.811,0.835,
 0.873,0.758,0.618,0.807]
Testing Group Acc: [0.203,0.038,0.000]
Epoch [123] Testing Results: Prec@1 19.430 Prec@5 38.320 Loss 4.69619
Epoch [123] Testing Class Recall: [0.530,0.490,0.420,0.110,0.380,0.470,0.500,0.570,0.410,0.450,0.050,0.120,
 0.620,0.380,0.200,0.570,0.380,0.450,0.280,0.330,0.020,0.500,0.180,0.470,
 0.090,0.080,0.330,0.510,0.370,0.280,0.460,0.080,0.250,0.190,0.040,0.210,
 0.310,0.250,0.140,0.280,0.180,0.110,0.180,0.020,0.150,0.000,0.100,0.220,
 0.040,0.280,0.040,0.350,0.710,0.050,0.300,0.060,0.260,0.020,0.000,0.110,
 0.650,0.100,0.400,0.060,0.000,0.030,0.130,0.000,0.180,0.100,0.120,0.230,
 0.030,0.130,0.010,0.220,0.480,0.010,0.000,0.010,0.000,0.000,0.010,0.010,
 0.010,0.140,0.000,0.020,0.010,0.000,0.010,0.030,0.000,0.020,0.130,0.110,
 0.080,0.000,0.000,0.030]
Training Group Acc: [0.662,0.285,0.000]
Epoch [124] Training Results: Prec@1 66.880 Prec@5 80.757 Loss 1.72280
Epoch [124] Training Class Recall: [0.535,0.475,0.444,0.441,0.422,0.526,0.457,0.561,0.541,0.548,0.446,0.338,
 0.595,0.559,0.499,0.558,0.493,0.643,0.565,0.582,0.154,0.659,0.409,0.701,
 0.148,0.590,0.566,0.646,0.640,0.634,0.598,0.204,0.637,0.672,0.654,0.621,
 0.718,0.676,0.643,0.571,0.646,0.625,0.717,0.716,0.670,0.649,0.635,0.758,
 0.569,0.753,0.712,0.730,0.763,0.427,0.693,0.793,0.721,0.600,0.693,0.607,
 0.813,0.763,0.745,0.770,0.695,0.751,0.789,0.551,0.794,0.738,0.688,0.813,
 0.770,0.286,0.830,0.752,0.777,0.808,0.739,0.852,0.811,0.577,0.568,0.642,
 0.820,0.800,0.790,0.740,0.766,0.794,0.840,0.822,0.343,0.800,0.821,0.841,
 0.871,0.719,0.627,0.799]
Testing Group Acc: [0.161,0.014,0.000]
Epoch [124] Testing Results: Prec@1 15.410 Prec@5 33.860 Loss 5.76080
Epoch [124] Testing Class Recall: [0.530,0.480,0.480,0.560,0.190,0.480,0.300,0.530,0.640,0.740,0.140,0.060,
 0.400,0.740,0.190,0.330,0.400,0.420,0.430,0.340,0.000,0.590,0.180,0.590,
 0.050,0.070,0.190,0.210,0.110,0.050,0.370,0.020,0.100,0.320,0.120,0.030,
 0.170,0.030,0.060,0.210,0.020,0.020,0.090,0.290,0.050,0.000,0.010,0.430,
 0.040,0.220,0.000,0.080,0.510,0.010,0.130,0.010,0.090,0.010,0.000,0.030,
 0.440,0.040,0.190,0.030,0.000,0.000,0.030,0.020,0.000,0.050,0.010,0.150,
 0.010,0.000,0.010,0.010,0.090,0.010,0.010,0.080,0.030,0.000,0.010,0.000,
 0.000,0.070,0.000,0.000,0.040,0.000,0.000,0.000,0.000,0.010,0.070,0.030,
 0.070,0.000,0.000,0.010]
Training Group Acc: [0.661,0.284,0.000]
Epoch [125] Training Results: Prec@1 66.889 Prec@5 80.720 Loss 1.71644
Epoch [125] Training Class Recall: [0.557,0.449,0.425,0.425,0.397,0.536,0.459,0.556,0.562,0.539,0.464,0.287,
 0.606,0.568,0.517,0.558,0.473,0.639,0.595,0.584,0.154,0.710,0.433,0.694,
 0.125,0.571,0.579,0.670,0.629,0.625,0.574,0.173,0.609,0.688,0.657,0.626,
 0.716,0.661,0.699,0.608,0.633,0.679,0.700,0.734,0.683,0.646,0.645,0.758,
 0.584,0.743,0.694,0.719,0.767,0.387,0.707,0.780,0.710,0.553,0.688,0.642,
 0.804,0.766,0.736,0.773,0.665,0.751,0.754,0.544,0.803,0.721,0.668,0.808,
 0.778,0.238,0.810,0.749,0.779,0.805,0.757,0.837,0.807,0.654,0.547,0.647,
 0.812,0.806,0.790,0.740,0.777,0.799,0.864,0.822,0.313,0.802,0.816,0.846,
 0.871,0.732,0.627,0.786]
Testing Group Acc: [0.183,0.006,0.000]
Epoch [125] Testing Results: Prec@1 17.380 Prec@5 36.740 Loss 4.66918
Epoch [125] Testing Class Recall: [0.560,0.240,0.190,0.260,0.190,0.250,0.600,0.440,0.600,0.490,0.160,0.310,
 0.490,0.380,0.230,0.160,0.230,0.410,0.320,0.260,0.010,0.810,0.180,0.500,
 0.000,0.190,0.220,0.230,0.160,0.020,0.320,0.020,0.210,0.380,0.080,0.120,
 0.130,0.380,0.030,0.430,0.060,0.060,0.280,0.210,0.070,0.120,0.280,0.470,
 0.010,0.330,0.030,0.090,0.270,0.030,0.330,0.030,0.260,0.050,0.020,0.140,
 0.310,0.070,0.340,0.080,0.000,0.000,0.310,0.020,0.080,0.080,0.130,0.540,
 0.020,0.050,0.030,0.110,0.260,0.000,0.020,0.010,0.010,0.000,0.050,0.040,
 0.020,0.030,0.000,0.020,0.080,0.000,0.000,0.010,0.000,0.000,0.070,0.110,
 0.020,0.000,0.010,0.120]
Training Group Acc: [0.663,0.298,0.000]
Epoch [126] Training Results: Prec@1 67.037 Prec@5 80.900 Loss 1.71763
Epoch [126] Training Class Recall: [0.564,0.482,0.433,0.427,0.426,0.534,0.485,0.563,0.543,0.542,0.474,0.306,
 0.608,0.553,0.527,0.579,0.504,0.647,0.591,0.582,0.169,0.679,0.416,0.683,
 0.193,0.571,0.599,0.683,0.658,0.655,0.565,0.204,0.617,0.656,0.631,0.633,
 0.699,0.693,0.669,0.624,0.639,0.639,0.732,0.725,0.661,0.655,0.622,0.747,
 0.576,0.717,0.705,0.717,0.746,0.403,0.696,0.775,0.747,0.584,0.703,0.652,
 0.808,0.752,0.736,0.765,0.677,0.755,0.761,0.588,0.800,0.741,0.685,0.818,
 0.753,0.257,0.839,0.759,0.795,0.805,0.742,0.840,0.798,0.603,0.527,0.647,
 0.817,0.800,0.782,0.740,0.761,0.786,0.836,0.827,0.323,0.795,0.829,0.835,
 0.871,0.738,0.609,0.807]
Testing Group Acc: [0.183,0.026,0.000]
Epoch [126] Testing Results: Prec@1 17.480 Prec@5 36.520 Loss 4.70219
Epoch [126] Testing Class Recall: [0.600,0.530,0.180,0.370,0.330,0.280,0.310,0.620,0.510,0.470,0.050,0.420,
 0.580,0.320,0.180,0.200,0.350,0.660,0.460,0.230,0.010,0.570,0.230,0.490,
 0.050,0.270,0.270,0.150,0.350,0.170,0.450,0.060,0.130,0.120,0.140,0.290,
 0.250,0.100,0.050,0.270,0.090,0.080,0.230,0.120,0.230,0.090,0.240,0.170,
 0.010,0.220,0.000,0.130,0.570,0.050,0.350,0.010,0.260,0.020,0.050,0.020,
 0.310,0.090,0.320,0.000,0.000,0.010,0.060,0.000,0.070,0.130,0.290,0.300,
 0.000,0.000,0.000,0.150,0.070,0.010,0.000,0.030,0.000,0.000,0.020,0.010,
 0.000,0.180,0.000,0.040,0.060,0.000,0.000,0.000,0.010,0.010,0.070,0.050,
 0.140,0.020,0.000,0.020]
Training Group Acc: [0.667,0.296,0.000]
Epoch [127] Training Results: Prec@1 67.457 Prec@5 81.014 Loss 1.70567
Epoch [127] Training Class Recall: [0.546,0.504,0.447,0.432,0.435,0.546,0.459,0.573,0.531,0.568,0.505,0.328,
 0.597,0.593,0.522,0.556,0.516,0.656,0.603,0.568,0.138,0.679,0.388,0.683,
 0.216,0.580,0.570,0.664,0.662,0.613,0.555,0.194,0.683,0.693,0.681,0.656,
 0.684,0.671,0.682,0.585,0.687,0.669,0.708,0.741,0.661,0.671,0.679,0.736,
 0.576,0.745,0.725,0.746,0.787,0.395,0.718,0.765,0.723,0.579,0.673,0.662,
 0.808,0.777,0.716,0.760,0.704,0.751,0.800,0.551,0.811,0.714,0.671,0.806,
 0.767,0.267,0.828,0.749,0.790,0.816,0.757,0.840,0.791,0.577,0.561,0.637,
 0.824,0.806,0.797,0.725,0.775,0.789,0.850,0.837,0.354,0.798,0.816,0.833,
 0.884,0.742,0.597,0.791]
Testing Group Acc: [0.179,0.006,0.000]
Epoch [127] Testing Results: Prec@1 17.030 Prec@5 35.550 Loss 4.90971
Epoch [127] Testing Class Recall: [0.540,0.440,0.640,0.280,0.070,0.340,0.390,0.590,0.600,0.680,0.250,0.060,
 0.480,0.250,0.100,0.090,0.460,0.730,0.530,0.410,0.000,0.240,0.110,0.450,
 0.010,0.260,0.170,0.130,0.290,0.220,0.380,0.020,0.120,0.430,0.200,0.090,
 0.170,0.340,0.020,0.290,0.020,0.040,0.100,0.180,0.020,0.040,0.130,0.340,
 0.000,0.200,0.090,0.270,0.530,0.040,0.210,0.010,0.230,0.000,0.000,0.050,
 0.480,0.070,0.410,0.110,0.000,0.010,0.190,0.010,0.010,0.240,0.290,0.130,
 0.000,0.020,0.020,0.060,0.140,0.000,0.000,0.000,0.000,0.000,0.010,0.010,
 0.030,0.040,0.000,0.000,0.110,0.010,0.020,0.010,0.000,0.000,0.040,0.130,
 0.050,0.000,0.000,0.010]
Training Group Acc: [0.665,0.274,0.000]
Epoch [128] Training Results: Prec@1 67.171 Prec@5 80.729 Loss 1.71115
Epoch [128] Training Class Recall: [0.542,0.478,0.447,0.429,0.407,0.536,0.451,0.583,0.567,0.552,0.462,0.338,
 0.606,0.553,0.496,0.546,0.501,0.647,0.576,0.566,0.138,0.688,0.395,0.683,
 0.159,0.556,0.579,0.662,0.619,0.646,0.545,0.204,0.685,0.698,0.639,0.633,
 0.711,0.656,0.667,0.616,0.665,0.672,0.732,0.756,0.702,0.668,0.659,0.754,
 0.573,0.759,0.703,0.721,0.770,0.403,0.688,0.758,0.732,0.584,0.708,0.637,
 0.802,0.759,0.736,0.770,0.707,0.746,0.783,0.529,0.797,0.735,0.673,0.818,
 0.761,0.248,0.842,0.737,0.781,0.814,0.744,0.833,0.814,0.564,0.534,0.656,
 0.834,0.793,0.787,0.745,0.784,0.802,0.850,0.822,0.303,0.802,0.826,0.835,
 0.882,0.725,0.627,0.794]
Testing Group Acc: [0.154,0.034,0.000]
Epoch [128] Testing Results: Prec@1 14.840 Prec@5 34.000 Loss 5.30101
Epoch [128] Testing Class Recall: [0.550,0.560,0.610,0.130,0.810,0.410,0.300,0.490,0.540,0.230,0.050,0.100,
 0.560,0.280,0.220,0.390,0.110,0.410,0.340,0.180,0.000,0.170,0.150,0.410,
 0.150,0.180,0.170,0.070,0.270,0.090,0.370,0.010,0.210,0.140,0.030,0.000,
 0.020,0.170,0.040,0.350,0.080,0.050,0.090,0.080,0.030,0.080,0.100,0.210,
 0.010,0.180,0.010,0.030,0.670,0.020,0.330,0.010,0.080,0.030,0.030,0.010,
 0.580,0.090,0.360,0.080,0.000,0.000,0.060,0.000,0.050,0.090,0.180,0.110,
 0.010,0.020,0.040,0.030,0.320,0.000,0.000,0.000,0.000,0.000,0.010,0.010,
 0.010,0.020,0.000,0.000,0.030,0.000,0.010,0.010,0.010,0.000,0.190,0.040,
 0.050,0.010,0.010,0.010]
Training Group Acc: [0.662,0.290,0.000]
Epoch [129] Training Results: Prec@1 66.909 Prec@5 80.823 Loss 1.71999
Epoch [129] Training Class Recall: [0.527,0.438,0.442,0.459,0.420,0.534,0.426,0.563,0.570,0.581,0.479,0.300,
 0.579,0.565,0.494,0.538,0.501,0.639,0.563,0.589,0.154,0.673,0.402,0.689,
 0.182,0.588,0.610,0.668,0.640,0.637,0.593,0.235,0.642,0.716,0.668,0.610,
 0.672,0.653,0.669,0.585,0.671,0.625,0.710,0.725,0.654,0.659,0.595,0.754,
 0.580,0.738,0.701,0.701,0.767,0.363,0.693,0.798,0.732,0.589,0.668,0.652,
 0.821,0.766,0.733,0.783,0.692,0.757,0.783,0.566,0.789,0.769,0.688,0.806,
 0.764,0.286,0.810,0.749,0.786,0.789,0.752,0.854,0.786,0.577,0.568,0.605,
 0.820,0.804,0.797,0.735,0.775,0.796,0.840,0.832,0.303,0.793,0.821,0.837,
 0.882,0.745,0.622,0.786]
Testing Group Acc: [0.183,0.034,0.000]
Epoch [129] Testing Results: Prec@1 17.580 Prec@5 35.820 Loss 4.86302
Epoch [129] Testing Class Recall: [0.520,0.450,0.630,0.320,0.360,0.460,0.470,0.600,0.460,0.370,0.100,0.220,
 0.570,0.400,0.300,0.270,0.340,0.650,0.380,0.490,0.010,0.530,0.230,0.570,
 0.140,0.050,0.030,0.480,0.150,0.030,0.380,0.020,0.200,0.370,0.120,0.060,
 0.220,0.310,0.210,0.200,0.060,0.060,0.170,0.330,0.110,0.010,0.000,0.150,
 0.010,0.150,0.080,0.100,0.410,0.030,0.290,0.000,0.200,0.000,0.000,0.060,
 0.420,0.060,0.340,0.130,0.010,0.000,0.030,0.000,0.100,0.080,0.250,0.210,
 0.010,0.090,0.000,0.050,0.360,0.000,0.010,0.020,0.070,0.000,0.000,0.010,
 0.000,0.100,0.020,0.020,0.100,0.000,0.000,0.000,0.000,0.010,0.130,0.020,
 0.000,0.000,0.000,0.040]
Training Group Acc: [0.666,0.280,0.000]
Epoch [130] Training Results: Prec@1 67.266 Prec@5 80.954 Loss 1.70823
Epoch [130] Training Class Recall: [0.553,0.453,0.433,0.418,0.399,0.529,0.482,0.573,0.575,0.542,0.462,0.334,
 0.624,0.584,0.519,0.553,0.493,0.656,0.584,0.600,0.185,0.701,0.405,0.708,
 0.182,0.559,0.575,0.668,0.615,0.616,0.569,0.194,0.675,0.682,0.654,0.636,
 0.696,0.683,0.671,0.611,0.646,0.645,0.715,0.743,0.670,0.668,0.659,0.736,
 0.561,0.732,0.723,0.728,0.772,0.411,0.710,0.780,0.723,0.568,0.693,0.682,
 0.813,0.763,0.730,0.786,0.698,0.762,0.783,0.551,0.808,0.735,0.676,0.810,
 0.756,0.276,0.825,0.749,0.779,0.822,0.762,0.844,0.789,0.526,0.547,0.642,
 0.822,0.810,0.770,0.765,0.780,0.786,0.857,0.815,0.313,0.793,0.831,0.841,
 0.873,0.735,0.614,0.799]
Testing Group Acc: [0.199,0.040,0.000]
Epoch [130] Testing Results: Prec@1 19.110 Prec@5 38.800 Loss 4.42841
Epoch [130] Testing Class Recall: [0.370,0.420,0.440,0.140,0.190,0.180,0.370,0.550,0.370,0.260,0.230,0.200,
 0.600,0.450,0.170,0.340,0.510,0.730,0.420,0.550,0.030,0.540,0.040,0.430,
 0.150,0.140,0.270,0.210,0.440,0.250,0.520,0.020,0.230,0.190,0.070,0.170,
 0.070,0.370,0.020,0.280,0.150,0.110,0.140,0.290,0.030,0.030,0.140,0.340,
 0.060,0.190,0.090,0.320,0.560,0.080,0.310,0.020,0.120,0.010,0.000,0.080,
 0.540,0.160,0.370,0.240,0.000,0.020,0.170,0.000,0.060,0.170,0.290,0.390,
 0.010,0.020,0.020,0.130,0.610,0.000,0.000,0.030,0.030,0.000,0.000,0.030,
 0.030,0.090,0.010,0.020,0.020,0.010,0.020,0.040,0.000,0.060,0.260,0.140,
 0.060,0.000,0.020,0.040]
Training Group Acc: [0.664,0.281,0.000]
Epoch [131] Training Results: Prec@1 67.111 Prec@5 81.011 Loss 1.71278
Epoch [131] Training Class Recall: [0.553,0.478,0.458,0.443,0.390,0.559,0.471,0.602,0.567,0.555,0.436,0.312,
 0.615,0.568,0.514,0.558,0.518,0.649,0.606,0.602,0.154,0.684,0.399,0.699,
 0.193,0.605,0.555,0.666,0.615,0.649,0.593,0.173,0.635,0.669,0.647,0.626,
 0.694,0.678,0.669,0.616,0.671,0.635,0.703,0.725,0.663,0.634,0.672,0.741,
 0.584,0.745,0.745,0.728,0.759,0.395,0.704,0.773,0.727,0.553,0.649,0.627,
 0.800,0.773,0.718,0.758,0.683,0.764,0.767,0.529,0.808,0.752,0.659,0.796,
 0.761,0.257,0.822,0.721,0.781,0.835,0.762,0.847,0.793,0.590,0.561,0.647,
 0.820,0.806,0.795,0.745,0.761,0.776,0.854,0.812,0.293,0.802,0.824,0.841,
 0.884,0.735,0.614,0.802]
Testing Group Acc: [0.182,0.014,0.000]
Epoch [131] Testing Results: Prec@1 17.360 Prec@5 36.370 Loss 4.86320
Epoch [131] Testing Class Recall: [0.490,0.540,0.280,0.250,0.270,0.480,0.550,0.490,0.580,0.340,0.340,0.200,
 0.600,0.290,0.080,0.430,0.310,0.560,0.640,0.320,0.010,0.240,0.050,0.660,
 0.060,0.220,0.330,0.290,0.360,0.190,0.540,0.000,0.270,0.390,0.200,0.080,
 0.180,0.010,0.190,0.270,0.040,0.050,0.060,0.290,0.040,0.070,0.080,0.500,
 0.000,0.120,0.000,0.100,0.500,0.050,0.130,0.060,0.280,0.030,0.090,0.070,
 0.400,0.110,0.270,0.120,0.000,0.010,0.030,0.010,0.070,0.160,0.120,0.100,
 0.000,0.000,0.010,0.000,0.270,0.020,0.000,0.040,0.020,0.000,0.050,0.020,
 0.020,0.020,0.000,0.010,0.120,0.020,0.000,0.010,0.000,0.030,0.090,0.060,
 0.010,0.000,0.000,0.000]
Training Group Acc: [0.667,0.272,0.000]
Epoch [132] Training Results: Prec@1 67.354 Prec@5 80.994 Loss 1.70374
Epoch [132] Training Class Recall: [0.549,0.486,0.447,0.422,0.424,0.579,0.437,0.568,0.570,0.565,0.500,0.306,
 0.599,0.578,0.486,0.571,0.465,0.647,0.580,0.591,0.108,0.675,0.409,0.701,
 0.170,0.605,0.597,0.651,0.644,0.634,0.622,0.184,0.680,0.701,0.649,0.618,
 0.718,0.661,0.682,0.611,0.674,0.632,0.703,0.732,0.670,0.655,0.618,0.743,
 0.580,0.738,0.712,0.719,0.774,0.395,0.707,0.802,0.729,0.574,0.678,0.632,
 0.793,0.759,0.730,0.781,0.713,0.753,0.778,0.574,0.797,0.718,0.671,0.820,
 0.756,0.238,0.853,0.749,0.795,0.816,0.759,0.835,0.798,0.577,0.561,0.660,
 0.827,0.793,0.800,0.745,0.763,0.802,0.861,0.825,0.323,0.815,0.821,0.848,
 0.880,0.738,0.627,0.791]
Testing Group Acc: [0.199,0.030,0.000]
Epoch [132] Testing Results: Prec@1 19.080 Prec@5 38.520 Loss 4.49868
Epoch [132] Testing Class Recall: [0.510,0.630,0.610,0.240,0.370,0.470,0.430,0.530,0.500,0.500,0.360,0.100,
 0.610,0.570,0.330,0.140,0.420,0.630,0.280,0.300,0.020,0.580,0.060,0.470,
 0.040,0.160,0.120,0.130,0.240,0.180,0.370,0.070,0.310,0.380,0.140,0.290,
 0.120,0.110,0.050,0.280,0.040,0.040,0.090,0.110,0.190,0.000,0.080,0.540,
 0.060,0.270,0.050,0.140,0.430,0.170,0.220,0.000,0.250,0.010,0.020,0.030,
 0.360,0.110,0.350,0.130,0.000,0.000,0.140,0.010,0.310,0.120,0.270,0.250,
 0.010,0.160,0.000,0.180,0.500,0.030,0.020,0.070,0.030,0.010,0.060,0.000,
 0.000,0.040,0.000,0.020,0.120,0.000,0.010,0.000,0.010,0.040,0.130,0.150,
 0.030,0.010,0.000,0.010]
Training Group Acc: [0.666,0.299,0.000]
Epoch [133] Training Results: Prec@1 67.309 Prec@5 80.974 Loss 1.70378
Epoch [133] Training Class Recall: [0.535,0.475,0.450,0.401,0.422,0.539,0.457,0.549,0.562,0.581,0.495,0.312,
 0.588,0.556,0.506,0.569,0.527,0.641,0.574,0.570,0.169,0.690,0.440,0.719,
 0.182,0.554,0.601,0.657,0.622,0.607,0.555,0.204,0.647,0.714,0.681,0.649,
 0.721,0.686,0.667,0.611,0.683,0.649,0.705,0.743,0.672,0.665,0.652,0.745,
 0.576,0.740,0.710,0.748,0.774,0.427,0.691,0.770,0.729,0.584,0.693,0.647,
 0.806,0.770,0.733,0.783,0.710,0.739,0.778,0.574,0.800,0.748,0.697,0.796,
 0.730,0.295,0.819,0.749,0.774,0.816,0.732,0.842,0.816,0.628,0.574,0.614,
 0.827,0.810,0.808,0.725,0.770,0.799,0.847,0.830,0.313,0.802,0.824,0.831,
 0.876,0.728,0.618,0.794]
Testing Group Acc: [0.194,0.018,0.000]
Epoch [133] Testing Results: Prec@1 18.480 Prec@5 37.630 Loss 4.52606
Epoch [133] Testing Class Recall: [0.610,0.430,0.120,0.300,0.300,0.450,0.300,0.270,0.540,0.450,0.490,0.040,
 0.500,0.550,0.160,0.120,0.220,0.630,0.510,0.270,0.010,0.310,0.040,0.610,
 0.000,0.290,0.330,0.160,0.420,0.390,0.390,0.070,0.060,0.380,0.230,0.080,
 0.310,0.180,0.050,0.130,0.120,0.060,0.240,0.440,0.110,0.090,0.050,0.320,
 0.190,0.130,0.060,0.130,0.640,0.060,0.400,0.020,0.300,0.040,0.010,0.020,
 0.500,0.090,0.540,0.110,0.060,0.000,0.140,0.020,0.020,0.130,0.160,0.340,
 0.000,0.020,0.030,0.090,0.370,0.000,0.020,0.030,0.010,0.000,0.100,0.040,
 0.000,0.070,0.000,0.050,0.070,0.010,0.010,0.000,0.010,0.040,0.150,0.090,
 0.010,0.000,0.000,0.020]
Training Group Acc: [0.663,0.279,0.000]
Epoch [134] Training Results: Prec@1 66.946 Prec@5 80.980 Loss 1.71067
Epoch [134] Training Class Recall: [0.549,0.507,0.436,0.425,0.418,0.524,0.448,0.559,0.550,0.548,0.472,0.325,
 0.644,0.556,0.496,0.569,0.496,0.636,0.565,0.556,0.169,0.670,0.399,0.683,
 0.170,0.600,0.548,0.683,0.644,0.676,0.584,0.163,0.640,0.664,0.636,0.621,
 0.684,0.681,0.665,0.598,0.658,0.635,0.703,0.725,0.674,0.619,0.632,0.736,
 0.588,0.714,0.703,0.737,0.785,0.395,0.685,0.773,0.747,0.563,0.653,0.637,
 0.806,0.777,0.762,0.778,0.680,0.769,0.772,0.551,0.783,0.728,0.679,0.815,
 0.739,0.286,0.825,0.755,0.795,0.805,0.744,0.842,0.805,0.590,0.547,0.647,
 0.827,0.815,0.782,0.745,0.775,0.789,0.868,0.827,0.303,0.810,0.826,0.837,
 0.878,0.742,0.631,0.799]
Testing Group Acc: [0.184,0.024,0.000]
Epoch [134] Testing Results: Prec@1 17.610 Prec@5 36.600 Loss 4.79352
Epoch [134] Testing Class Recall: [0.390,0.570,0.340,0.250,0.430,0.410,0.350,0.530,0.670,0.410,0.130,0.330,
 0.650,0.390,0.220,0.400,0.390,0.610,0.400,0.240,0.010,0.470,0.150,0.330,
 0.050,0.150,0.210,0.280,0.430,0.120,0.250,0.040,0.240,0.370,0.140,0.080,
 0.250,0.040,0.130,0.260,0.170,0.090,0.060,0.070,0.050,0.020,0.080,0.250,
 0.170,0.220,0.010,0.120,0.410,0.100,0.190,0.020,0.270,0.020,0.000,0.020,
 0.510,0.080,0.450,0.070,0.000,0.010,0.010,0.010,0.110,0.200,0.300,0.180,
 0.010,0.040,0.020,0.190,0.330,0.000,0.000,0.080,0.020,0.010,0.000,0.010,
 0.000,0.220,0.000,0.020,0.030,0.020,0.000,0.000,0.010,0.020,0.130,0.010,
 0.050,0.010,0.000,0.000]
Training Group Acc: [0.664,0.300,0.000]
Epoch [135] Training Results: Prec@1 67.094 Prec@5 81.026 Loss 1.70603
Epoch [135] Training Class Recall: [0.560,0.453,0.439,0.401,0.392,0.531,0.471,0.578,0.565,0.558,0.500,0.341,
 0.610,0.584,0.535,0.551,0.504,0.645,0.614,0.579,0.185,0.692,0.419,0.683,
 0.170,0.578,0.584,0.659,0.622,0.601,0.545,0.214,0.662,0.685,0.636,0.623,
 0.696,0.663,0.665,0.598,0.674,0.629,0.696,0.718,0.670,0.625,0.639,0.756,
 0.596,0.727,0.692,0.703,0.765,0.403,0.696,0.760,0.716,0.558,0.693,0.637,
 0.808,0.766,0.736,0.770,0.692,0.730,0.796,0.559,0.803,0.721,0.682,0.810,
 0.750,0.314,0.816,0.749,0.792,0.824,0.772,0.859,0.805,0.628,0.554,0.660,
 0.820,0.815,0.797,0.730,0.775,0.804,0.854,0.835,0.303,0.802,0.826,0.843,
 0.884,0.732,0.631,0.794]
Testing Group Acc: [0.177,0.022,0.000]
Epoch [135] Testing Results: Prec@1 16.920 Prec@5 35.950 Loss 5.11730
Epoch [135] Testing Class Recall: [0.510,0.450,0.210,0.220,0.510,0.320,0.520,0.520,0.440,0.250,0.380,0.150,
 0.610,0.590,0.170,0.220,0.320,0.530,0.390,0.100,0.000,0.560,0.190,0.410,
 0.100,0.310,0.290,0.080,0.300,0.060,0.370,0.000,0.280,0.270,0.370,0.140,
 0.260,0.140,0.010,0.220,0.070,0.050,0.290,0.150,0.050,0.050,0.110,0.200,
 0.110,0.220,0.090,0.220,0.660,0.020,0.160,0.000,0.080,0.030,0.020,0.010,
 0.500,0.030,0.440,0.070,0.000,0.020,0.040,0.010,0.010,0.060,0.250,0.160,
 0.000,0.000,0.000,0.070,0.320,0.020,0.000,0.030,0.020,0.010,0.010,0.020,
 0.030,0.050,0.000,0.000,0.030,0.010,0.000,0.000,0.000,0.060,0.040,0.130,
 0.050,0.000,0.000,0.070]
Training Group Acc: [0.666,0.263,0.000]
Epoch [136] Training Results: Prec@1 67.269 Prec@5 80.863 Loss 1.71000
Epoch [136] Training Class Recall: [0.535,0.486,0.433,0.427,0.401,0.551,0.476,0.534,0.567,0.545,0.487,0.316,
 0.608,0.584,0.506,0.579,0.496,0.656,0.603,0.600,0.123,0.701,0.436,0.699,
 0.182,0.593,0.568,0.640,0.665,0.625,0.569,0.153,0.647,0.672,0.634,0.656,
 0.721,0.681,0.667,0.608,0.649,0.645,0.703,0.743,0.681,0.659,0.645,0.749,
 0.561,0.738,0.721,0.694,0.759,0.411,0.688,0.758,0.723,0.563,0.649,0.652,
 0.810,0.763,0.721,0.778,0.686,0.753,0.780,0.574,0.808,0.741,0.699,0.815,
 0.761,0.267,0.848,0.759,0.788,0.814,0.759,0.849,0.811,0.564,0.561,0.633,
 0.822,0.813,0.792,0.730,0.777,0.794,0.850,0.832,0.293,0.805,0.821,0.839,
 0.891,0.735,0.614,0.796]
Testing Group Acc: [0.179,0.006,0.000]
Epoch [136] Testing Results: Prec@1 17.030 Prec@5 35.430 Loss 4.81950
Epoch [136] Testing Class Recall: [0.590,0.400,0.280,0.130,0.510,0.320,0.300,0.530,0.630,0.430,0.260,0.290,
 0.570,0.570,0.120,0.180,0.310,0.540,0.270,0.110,0.000,0.550,0.230,0.470,
 0.020,0.240,0.150,0.130,0.270,0.320,0.560,0.010,0.200,0.130,0.210,0.320,
 0.120,0.110,0.360,0.260,0.070,0.110,0.090,0.090,0.170,0.050,0.080,0.320,
 0.100,0.170,0.090,0.200,0.590,0.050,0.240,0.020,0.250,0.040,0.010,0.020,
 0.270,0.040,0.440,0.050,0.000,0.020,0.130,0.000,0.020,0.230,0.180,0.100,
 0.000,0.010,0.010,0.130,0.210,0.030,0.010,0.090,0.000,0.000,0.010,0.020,
 0.000,0.050,0.000,0.010,0.060,0.000,0.010,0.010,0.000,0.000,0.030,0.070,
 0.020,0.000,0.000,0.010]
Training Group Acc: [0.665,0.274,0.000]
Epoch [137] Training Results: Prec@1 67.200 Prec@5 81.103 Loss 1.70547
Epoch [137] Training Class Recall: [0.546,0.438,0.472,0.401,0.448,0.561,0.479,0.566,0.577,0.523,0.497,0.322,
 0.599,0.590,0.491,0.536,0.507,0.649,0.576,0.593,0.108,0.675,0.419,0.678,
 0.159,0.615,0.563,0.657,0.665,0.664,0.555,0.173,0.629,0.688,0.649,0.605,
 0.689,0.676,0.649,0.603,0.674,0.696,0.684,0.725,0.688,0.659,0.662,0.738,
 0.600,0.743,0.725,0.719,0.778,0.371,0.704,0.775,0.716,0.542,0.693,0.652,
 0.815,0.737,0.718,0.770,0.692,0.746,0.792,0.581,0.811,0.752,0.668,0.796,
 0.759,0.248,0.822,0.746,0.797,0.805,0.759,0.854,0.805,0.577,0.554,0.647,
 0.817,0.813,0.785,0.721,0.782,0.796,0.847,0.820,0.354,0.805,0.831,0.837,
 0.882,0.745,0.609,0.804]
Testing Group Acc: [0.177,0.024,0.000]
Epoch [137] Testing Results: Prec@1 16.890 Prec@5 35.090 Loss 5.17893
Epoch [137] Testing Class Recall: [0.460,0.230,0.560,0.570,0.280,0.330,0.190,0.480,0.520,0.630,0.260,0.030,
 0.440,0.210,0.130,0.290,0.100,0.590,0.540,0.350,0.000,0.590,0.230,0.530,
 0.110,0.220,0.250,0.210,0.230,0.130,0.560,0.010,0.270,0.370,0.150,0.030,
 0.100,0.210,0.280,0.290,0.060,0.060,0.200,0.040,0.060,0.000,0.160,0.310,
 0.030,0.150,0.050,0.030,0.540,0.010,0.340,0.010,0.320,0.040,0.000,0.030,
 0.570,0.140,0.060,0.090,0.000,0.000,0.180,0.000,0.090,0.040,0.150,0.320,
 0.020,0.090,0.010,0.150,0.150,0.000,0.020,0.030,0.000,0.000,0.030,0.000,
 0.000,0.040,0.000,0.010,0.060,0.000,0.010,0.000,0.000,0.000,0.080,0.140,
 0.000,0.000,0.000,0.010]
Training Group Acc: [0.666,0.286,0.000]
Epoch [138] Training Results: Prec@1 67.311 Prec@5 81.074 Loss 1.70511
Epoch [138] Training Class Recall: [0.538,0.457,0.436,0.404,0.418,0.549,0.476,0.580,0.570,0.558,0.469,0.325,
 0.608,0.602,0.501,0.551,0.504,0.652,0.571,0.577,0.108,0.708,0.416,0.689,
 0.170,0.571,0.572,0.670,0.622,0.676,0.584,0.184,0.678,0.690,0.657,0.615,
 0.691,0.668,0.697,0.606,0.633,0.635,0.713,0.736,0.654,0.665,0.655,0.752,
 0.620,0.745,0.741,0.715,0.767,0.411,0.682,0.795,0.729,0.579,0.673,0.642,
 0.802,0.741,0.727,0.776,0.695,0.762,0.787,0.559,0.792,0.718,0.682,0.808,
 0.744,0.305,0.833,0.743,0.788,0.824,0.772,0.842,0.795,0.654,0.561,0.642,
 0.829,0.813,0.792,0.750,0.775,0.794,0.847,0.827,0.313,0.805,0.811,0.839,
 0.884,0.725,0.618,0.796]
Testing Group Acc: [0.183,0.060,0.000]
Epoch [138] Testing Results: Prec@1 17.730 Prec@5 36.850 Loss 4.77763
Epoch [138] Testing Class Recall: [0.360,0.480,0.400,0.180,0.290,0.330,0.520,0.370,0.590,0.590,0.360,0.090,
 0.670,0.430,0.490,0.240,0.480,0.720,0.270,0.550,0.000,0.350,0.180,0.300,
 0.260,0.270,0.200,0.210,0.150,0.180,0.350,0.040,0.090,0.420,0.030,0.180,
 0.120,0.070,0.050,0.220,0.110,0.080,0.320,0.160,0.000,0.020,0.040,0.240,
 0.010,0.160,0.080,0.100,0.700,0.120,0.360,0.010,0.270,0.000,0.010,0.080,
 0.430,0.160,0.330,0.170,0.000,0.010,0.020,0.010,0.190,0.130,0.160,0.340,
 0.010,0.020,0.010,0.010,0.230,0.010,0.020,0.000,0.000,0.000,0.000,0.010,
 0.020,0.030,0.010,0.080,0.020,0.040,0.000,0.000,0.000,0.020,0.250,0.020,
 0.000,0.010,0.000,0.010]
Training Group Acc: [0.666,0.279,0.000]
Epoch [139] Training Results: Prec@1 67.300 Prec@5 81.040 Loss 1.69728
Epoch [139] Training Class Recall: [0.527,0.500,0.444,0.418,0.382,0.519,0.468,0.588,0.579,0.590,0.485,0.356,
 0.628,0.602,0.506,0.561,0.513,0.645,0.569,0.593,0.138,0.673,0.399,0.710,
 0.193,0.595,0.568,0.675,0.644,0.643,0.579,0.194,0.609,0.688,0.639,0.610,
 0.691,0.648,0.699,0.622,0.677,0.659,0.715,0.721,0.658,0.646,0.666,0.745,
 0.604,0.701,0.712,0.735,0.785,0.395,0.715,0.778,0.725,0.542,0.703,0.622,
 0.819,0.766,0.724,0.791,0.671,0.757,0.765,0.544,0.797,0.738,0.665,0.810,
 0.733,0.267,0.825,0.740,0.792,0.816,0.774,0.856,0.802,0.538,0.541,0.651,
 0.827,0.793,0.805,0.745,0.775,0.809,0.857,0.827,0.333,0.810,0.834,0.841,
 0.880,0.728,0.627,0.799]
Testing Group Acc: [0.194,0.012,0.000]
Epoch [139] Testing Results: Prec@1 18.490 Prec@5 37.760 Loss 4.57481
Epoch [139] Testing Class Recall: [0.550,0.370,0.180,0.500,0.130,0.370,0.660,0.590,0.520,0.390,0.190,0.110,
 0.690,0.580,0.130,0.260,0.370,0.560,0.340,0.400,0.010,0.550,0.110,0.680,
 0.040,0.130,0.100,0.190,0.300,0.190,0.300,0.010,0.160,0.200,0.220,0.210,
 0.230,0.110,0.100,0.410,0.090,0.120,0.090,0.140,0.180,0.020,0.060,0.330,
 0.150,0.190,0.170,0.190,0.460,0.130,0.130,0.040,0.270,0.040,0.010,0.180,
 0.680,0.130,0.470,0.110,0.000,0.000,0.030,0.000,0.040,0.220,0.220,0.240,
 0.050,0.020,0.010,0.260,0.190,0.000,0.000,0.000,0.000,0.000,0.020,0.020,
 0.010,0.040,0.000,0.000,0.080,0.000,0.020,0.000,0.000,0.000,0.310,0.170,
 0.010,0.000,0.000,0.010]
Training Group Acc: [0.667,0.272,0.000]
Epoch [140] Training Results: Prec@1 67.403 Prec@5 81.109 Loss 1.69192
Epoch [140] Training Class Recall: [0.542,0.496,0.436,0.471,0.392,0.539,0.451,0.576,0.582,0.555,0.500,0.347,
 0.617,0.596,0.560,0.604,0.462,0.647,0.625,0.591,0.169,0.684,0.395,0.671,
 0.159,0.595,0.557,0.651,0.647,0.637,0.526,0.173,0.640,0.680,0.639,0.610,
 0.701,0.678,0.692,0.614,0.683,0.659,0.671,0.736,0.672,0.680,0.618,0.747,
 0.592,0.730,0.725,0.706,0.774,0.355,0.693,0.778,0.714,0.584,0.718,0.647,
 0.797,0.788,0.736,0.773,0.680,0.764,0.767,0.596,0.797,0.762,0.691,0.799,
 0.767,0.276,0.825,0.746,0.792,0.816,0.769,0.852,0.800,0.564,0.568,0.642,
 0.834,0.815,0.803,0.721,0.768,0.786,0.864,0.822,0.293,0.800,0.831,0.837,
 0.886,0.732,0.614,0.794]
Testing Group Acc: [0.190,0.032,0.000]
Epoch [140] Testing Results: Prec@1 18.170 Prec@5 37.410 Loss 4.63219
Epoch [140] Testing Class Recall: [0.540,0.540,0.460,0.330,0.270,0.240,0.460,0.630,0.470,0.380,0.330,0.140,
 0.520,0.460,0.230,0.170,0.320,0.600,0.480,0.470,0.010,0.760,0.020,0.540,
 0.080,0.060,0.160,0.300,0.130,0.190,0.430,0.070,0.180,0.180,0.250,0.110,
 0.390,0.080,0.170,0.250,0.020,0.070,0.040,0.320,0.030,0.000,0.070,0.270,
 0.140,0.290,0.150,0.030,0.650,0.110,0.240,0.040,0.430,0.030,0.010,0.080,
 0.520,0.150,0.370,0.050,0.000,0.020,0.120,0.010,0.070,0.140,0.170,0.160,
 0.010,0.020,0.010,0.210,0.120,0.020,0.010,0.010,0.030,0.000,0.000,0.020,
 0.010,0.050,0.000,0.010,0.130,0.000,0.000,0.000,0.000,0.000,0.090,0.130,
 0.070,0.000,0.000,0.020]
Training Group Acc: [0.664,0.282,0.000]
Epoch [141] Training Results: Prec@1 67.149 Prec@5 81.143 Loss 1.70816
Epoch [141] Training Class Recall: [0.568,0.478,0.461,0.473,0.409,0.551,0.485,0.559,0.529,0.552,0.487,0.353,
 0.626,0.547,0.488,0.556,0.501,0.632,0.593,0.563,0.169,0.690,0.375,0.701,
 0.182,0.561,0.597,0.662,0.665,0.619,0.589,0.204,0.647,0.706,0.652,0.641,
 0.711,0.641,0.701,0.598,0.658,0.652,0.684,0.752,0.683,0.668,0.662,0.732,
 0.592,0.753,0.703,0.717,0.757,0.339,0.691,0.768,0.707,0.553,0.683,0.627,
 0.815,0.755,0.727,0.765,0.713,0.771,0.772,0.515,0.797,0.735,0.697,0.820,
 0.744,0.257,0.825,0.737,0.779,0.811,0.752,0.833,0.805,0.590,0.547,0.633,
 0.827,0.808,0.808,0.745,0.780,0.789,0.840,0.832,0.263,0.795,0.813,0.839,
 0.876,0.742,0.618,0.791]
Testing Group Acc: [0.174,0.012,0.000]
Epoch [141] Testing Results: Prec@1 16.580 Prec@5 36.050 Loss 5.05535
Epoch [141] Testing Class Recall: [0.460,0.560,0.260,0.160,0.310,0.310,0.400,0.830,0.450,0.500,0.390,0.090,
 0.460,0.520,0.240,0.210,0.400,0.590,0.580,0.110,0.010,0.660,0.130,0.640,
 0.030,0.100,0.230,0.170,0.300,0.080,0.400,0.020,0.140,0.210,0.060,0.070,
 0.220,0.030,0.150,0.240,0.030,0.050,0.020,0.020,0.070,0.080,0.120,0.420,
 0.060,0.250,0.050,0.100,0.470,0.070,0.230,0.020,0.280,0.080,0.010,0.040,
 0.510,0.050,0.430,0.080,0.010,0.000,0.050,0.010,0.050,0.110,0.130,0.200,
 0.030,0.070,0.000,0.050,0.170,0.000,0.010,0.020,0.000,0.000,0.010,0.000,
 0.000,0.120,0.000,0.000,0.010,0.000,0.010,0.000,0.000,0.030,0.050,0.130,
 0.020,0.010,0.000,0.020]
Training Group Acc: [0.667,0.275,0.000]
Epoch [142] Training Results: Prec@1 67.309 Prec@5 81.023 Loss 1.69344
Epoch [142] Training Class Recall: [0.542,0.482,0.467,0.425,0.399,0.541,0.468,0.605,0.555,0.558,0.482,0.316,
 0.581,0.562,0.514,0.581,0.476,0.632,0.582,0.570,0.108,0.684,0.433,0.692,
 0.170,0.551,0.584,0.648,0.644,0.595,0.589,0.153,0.673,0.727,0.644,0.633,
 0.723,0.666,0.680,0.587,0.655,0.676,0.715,0.754,0.695,0.631,0.662,0.745,
 0.584,0.745,0.732,0.733,0.774,0.411,0.710,0.812,0.723,0.558,0.733,0.602,
 0.810,0.770,0.718,0.768,0.650,0.757,0.774,0.559,0.817,0.745,0.688,0.808,
 0.759,0.295,0.816,0.743,0.797,0.832,0.742,0.847,0.791,0.641,0.561,0.660,
 0.827,0.795,0.787,0.711,0.770,0.786,0.868,0.825,0.303,0.802,0.824,0.839,
 0.882,0.738,0.631,0.799]
Testing Group Acc: [0.181,0.020,0.000]
Epoch [142] Testing Results: Prec@1 17.290 Prec@5 36.140 Loss 4.90855
Epoch [142] Testing Class Recall: [0.640,0.620,0.320,0.270,0.300,0.250,0.410,0.270,0.790,0.620,0.110,0.300,
 0.550,0.390,0.120,0.230,0.390,0.780,0.360,0.330,0.010,0.410,0.030,0.610,
 0.050,0.100,0.050,0.270,0.130,0.060,0.430,0.040,0.150,0.410,0.230,0.150,
 0.060,0.020,0.130,0.230,0.090,0.170,0.070,0.190,0.030,0.050,0.200,0.350,
 0.030,0.040,0.030,0.100,0.560,0.130,0.200,0.050,0.400,0.060,0.040,0.120,
 0.620,0.070,0.430,0.080,0.020,0.000,0.030,0.050,0.130,0.150,0.350,0.140,
 0.000,0.020,0.020,0.010,0.230,0.010,0.000,0.030,0.040,0.000,0.000,0.010,
 0.010,0.020,0.000,0.010,0.080,0.020,0.000,0.020,0.000,0.000,0.110,0.030,
 0.010,0.000,0.000,0.010]
Training Group Acc: [0.663,0.290,0.000]
Epoch [143] Training Results: Prec@1 67.071 Prec@5 81.063 Loss 1.69735
Epoch [143] Training Class Recall: [0.546,0.460,0.464,0.448,0.416,0.526,0.496,0.561,0.579,0.568,0.477,0.347,
 0.604,0.593,0.471,0.518,0.473,0.667,0.567,0.568,0.154,0.686,0.388,0.678,
 0.227,0.554,0.606,0.651,0.637,0.613,0.579,0.163,0.665,0.703,0.649,0.646,
 0.713,0.673,0.692,0.595,0.690,0.632,0.696,0.710,0.692,0.668,0.639,0.752,
 0.596,0.748,0.729,0.690,0.774,0.379,0.688,0.785,0.732,0.563,0.653,0.637,
 0.800,0.748,0.727,0.758,0.698,0.748,0.767,0.559,0.808,0.728,0.676,0.810,
 0.756,0.248,0.836,0.746,0.790,0.814,0.757,0.852,0.791,0.603,0.520,0.651,
 0.824,0.791,0.787,0.745,0.773,0.799,0.854,0.825,0.303,0.800,0.831,0.837,
 0.876,0.735,0.609,0.794]
Testing Group Acc: [0.187,0.074,0.000]
Epoch [143] Testing Results: Prec@1 18.090 Prec@5 37.940 Loss 4.62950
Epoch [143] Testing Class Recall: [0.610,0.470,0.380,0.160,0.340,0.180,0.360,0.520,0.130,0.390,0.270,0.050,
 0.700,0.230,0.170,0.390,0.180,0.470,0.290,0.370,0.000,0.490,0.120,0.550,
 0.210,0.120,0.210,0.280,0.160,0.160,0.290,0.150,0.190,0.440,0.110,0.380,
 0.290,0.100,0.170,0.310,0.100,0.050,0.140,0.010,0.130,0.010,0.070,0.120,
 0.050,0.470,0.090,0.170,0.800,0.150,0.270,0.040,0.180,0.030,0.010,0.020,
 0.500,0.180,0.450,0.090,0.040,0.000,0.320,0.010,0.030,0.180,0.360,0.290,
 0.060,0.000,0.050,0.130,0.400,0.010,0.000,0.020,0.000,0.010,0.030,0.010,
 0.010,0.130,0.020,0.020,0.000,0.000,0.010,0.010,0.000,0.070,0.120,0.120,
 0.000,0.020,0.000,0.090]
Training Group Acc: [0.668,0.304,0.000]
Epoch [144] Training Results: Prec@1 67.517 Prec@5 81.311 Loss 1.69283
Epoch [144] Training Class Recall: [0.546,0.522,0.469,0.445,0.412,0.541,0.471,0.559,0.582,0.552,0.487,0.300,
 0.624,0.565,0.504,0.556,0.465,0.656,0.616,0.611,0.169,0.706,0.388,0.687,
 0.216,0.588,0.561,0.640,0.601,0.664,0.593,0.163,0.683,0.680,0.654,0.654,
 0.723,0.648,0.675,0.598,0.693,0.619,0.715,0.725,0.677,0.659,0.635,0.760,
 0.624,0.753,0.723,0.742,0.754,0.419,0.691,0.773,0.710,0.553,0.668,0.682,
 0.817,0.766,0.751,0.776,0.698,0.766,0.778,0.566,0.822,0.728,0.665,0.808,
 0.761,0.257,0.816,0.759,0.799,0.803,0.764,0.849,0.793,0.628,0.541,0.647,
 0.829,0.813,0.797,0.745,0.775,0.804,0.843,0.835,0.343,0.798,0.818,0.831,
 0.882,0.722,0.618,0.804]
Testing Group Acc: [0.181,0.034,0.000]
Epoch [144] Testing Results: Prec@1 17.400 Prec@5 35.840 Loss 4.86176
Epoch [144] Testing Class Recall: [0.590,0.630,0.440,0.470,0.410,0.330,0.490,0.530,0.420,0.570,0.390,0.160,
 0.590,0.730,0.260,0.180,0.520,0.460,0.440,0.160,0.000,0.400,0.120,0.740,
 0.160,0.080,0.180,0.110,0.250,0.120,0.470,0.000,0.090,0.270,0.080,0.210,
 0.140,0.050,0.000,0.370,0.050,0.060,0.180,0.340,0.020,0.020,0.110,0.250,
 0.050,0.060,0.030,0.140,0.450,0.040,0.230,0.020,0.140,0.060,0.000,0.060,
 0.490,0.120,0.320,0.110,0.000,0.000,0.050,0.000,0.000,0.160,0.050,0.220,
 0.010,0.020,0.020,0.190,0.200,0.000,0.000,0.060,0.000,0.010,0.000,0.010,
 0.010,0.060,0.000,0.030,0.030,0.000,0.000,0.070,0.000,0.010,0.080,0.090,
 0.040,0.000,0.000,0.020]
Training Group Acc: [0.664,0.277,0.000]
Epoch [145] Training Results: Prec@1 67.189 Prec@5 81.249 Loss 1.69745
Epoch [145] Training Class Recall: [0.553,0.467,0.447,0.457,0.420,0.526,0.459,0.580,0.570,0.565,0.490,0.328,
 0.612,0.611,0.545,0.556,0.513,0.639,0.588,0.568,0.154,0.681,0.388,0.703,
 0.182,0.573,0.606,0.670,0.651,0.625,0.555,0.163,0.635,0.701,0.620,0.621,
 0.711,0.658,0.682,0.595,0.639,0.642,0.686,0.752,0.692,0.640,0.676,0.743,
 0.569,0.761,0.707,0.733,0.783,0.355,0.685,0.788,0.701,0.553,0.698,0.647,
 0.808,0.766,0.727,0.747,0.695,0.751,0.787,0.537,0.794,0.752,0.671,0.803,
 0.736,0.248,0.830,0.755,0.788,0.814,0.762,0.844,0.784,0.564,0.547,0.633,
 0.810,0.810,0.797,0.740,0.777,0.807,0.850,0.812,0.323,0.800,0.829,0.837,
 0.862,0.748,0.618,0.796]
Testing Group Acc: [0.192,0.028,0.000]
Epoch [145] Testing Results: Prec@1 18.340 Prec@5 37.310 Loss 4.70353
Epoch [145] Testing Class Recall: [0.520,0.490,0.150,0.170,0.140,0.270,0.530,0.450,0.700,0.300,0.170,0.160,
 0.530,0.540,0.240,0.580,0.550,0.680,0.420,0.310,0.000,0.710,0.140,0.570,
 0.130,0.250,0.360,0.180,0.420,0.080,0.250,0.010,0.230,0.130,0.200,0.170,
 0.130,0.120,0.160,0.270,0.040,0.160,0.070,0.170,0.060,0.020,0.100,0.280,
 0.080,0.180,0.070,0.050,0.650,0.090,0.270,0.020,0.170,0.020,0.000,0.060,
 0.450,0.070,0.300,0.150,0.050,0.000,0.110,0.000,0.070,0.290,0.250,0.240,
 0.020,0.080,0.020,0.110,0.350,0.000,0.000,0.000,0.020,0.000,0.010,0.030,
 0.010,0.150,0.010,0.000,0.010,0.000,0.010,0.000,0.000,0.000,0.220,0.210,
 0.100,0.000,0.010,0.020]
Training Group Acc: [0.666,0.292,0.000]
Epoch [146] Training Results: Prec@1 67.274 Prec@5 81.111 Loss 1.69617
Epoch [146] Training Class Recall: [0.546,0.475,0.433,0.429,0.407,0.536,0.482,0.561,0.567,0.584,0.441,0.334,
 0.601,0.590,0.496,0.556,0.521,0.645,0.578,0.575,0.123,0.681,0.385,0.699,
 0.239,0.607,0.543,0.655,0.655,0.655,0.565,0.184,0.635,0.682,0.649,0.608,
 0.716,0.676,0.665,0.601,0.712,0.625,0.717,0.723,0.667,0.683,0.652,0.747,
 0.580,0.735,0.732,0.721,0.765,0.419,0.710,0.748,0.732,0.558,0.673,0.652,
 0.804,0.773,0.757,0.786,0.686,0.748,0.798,0.610,0.797,0.738,0.702,0.815,
 0.761,0.286,0.842,0.743,0.788,0.822,0.757,0.840,0.811,0.603,0.541,0.619,
 0.824,0.804,0.787,0.750,0.780,0.776,0.864,0.825,0.313,0.807,0.834,0.837,
 0.882,0.742,0.609,0.778]
Testing Group Acc: [0.169,0.004,0.000]
Epoch [146] Testing Results: Prec@1 16.080 Prec@5 34.120 Loss 4.92513
Epoch [146] Testing Class Recall: [0.500,0.250,0.560,0.300,0.410,0.510,0.230,0.700,0.350,0.430,0.260,0.020,
 0.630,0.340,0.250,0.580,0.180,0.740,0.420,0.170,0.010,0.230,0.250,0.610,
 0.010,0.090,0.400,0.220,0.150,0.130,0.480,0.000,0.130,0.350,0.040,0.050,
 0.230,0.040,0.100,0.420,0.120,0.050,0.020,0.030,0.030,0.000,0.050,0.230,
 0.010,0.120,0.190,0.080,0.620,0.000,0.120,0.040,0.330,0.030,0.030,0.040,
 0.380,0.100,0.320,0.110,0.000,0.020,0.050,0.000,0.020,0.090,0.190,0.060,
 0.020,0.000,0.020,0.030,0.240,0.020,0.000,0.070,0.000,0.000,0.000,0.010,
 0.010,0.060,0.000,0.010,0.130,0.000,0.010,0.050,0.000,0.010,0.040,0.020,
 0.080,0.000,0.000,0.000]
Training Group Acc: [0.667,0.289,0.000]
Epoch [147] Training Results: Prec@1 67.374 Prec@5 81.026 Loss 1.69458
Epoch [147] Training Class Recall: [0.560,0.507,0.453,0.422,0.407,0.576,0.479,0.595,0.567,0.587,0.472,0.303,
 0.641,0.568,0.491,0.556,0.476,0.639,0.591,0.584,0.138,0.670,0.423,0.676,
 0.193,0.580,0.561,0.659,0.651,0.625,0.584,0.194,0.675,0.716,0.657,0.628,
 0.708,0.688,0.647,0.611,0.665,0.659,0.684,0.707,0.663,0.649,0.639,0.754,
 0.596,0.732,0.707,0.733,0.774,0.419,0.693,0.783,0.714,0.574,0.693,0.642,
 0.817,0.773,0.721,0.768,0.698,0.764,0.803,0.566,0.803,0.748,0.685,0.810,
 0.756,0.238,0.833,0.752,0.797,0.773,0.769,0.835,0.793,0.615,0.547,0.674,
 0.824,0.800,0.813,0.755,0.775,0.791,0.864,0.817,0.303,0.800,0.826,0.843,
 0.873,0.742,0.635,0.802]
Testing Group Acc: [0.191,0.002,0.000]
Epoch [147] Testing Results: Prec@1 18.180 Prec@5 37.400 Loss 4.49286
Epoch [147] Testing Class Recall: [0.510,0.590,0.130,0.170,0.120,0.310,0.580,0.240,0.340,0.300,0.250,0.270,
 0.620,0.250,0.190,0.400,0.450,0.640,0.160,0.190,0.000,0.400,0.040,0.710,
 0.010,0.310,0.050,0.220,0.330,0.290,0.360,0.000,0.310,0.440,0.120,0.380,
 0.170,0.380,0.120,0.200,0.060,0.130,0.180,0.190,0.080,0.060,0.060,0.390,
 0.050,0.080,0.100,0.350,0.640,0.010,0.360,0.010,0.260,0.120,0.010,0.040,
 0.730,0.110,0.520,0.150,0.020,0.070,0.060,0.000,0.110,0.140,0.040,0.200,
 0.020,0.010,0.020,0.280,0.450,0.000,0.010,0.020,0.010,0.000,0.000,0.000,
 0.000,0.070,0.000,0.020,0.100,0.000,0.030,0.000,0.000,0.070,0.130,0.000,
 0.030,0.010,0.010,0.010]
Training Group Acc: [0.667,0.275,0.000]
Epoch [148] Training Results: Prec@1 67.351 Prec@5 81.109 Loss 1.69880
Epoch [148] Training Class Recall: [0.538,0.449,0.453,0.408,0.416,0.549,0.471,0.566,0.572,0.590,0.464,0.322,
 0.612,0.568,0.532,0.596,0.504,0.682,0.574,0.609,0.138,0.681,0.430,0.687,
 0.170,0.610,0.601,0.651,0.640,0.616,0.574,0.173,0.657,0.703,0.613,0.636,
 0.689,0.661,0.703,0.598,0.693,0.639,0.713,0.723,0.683,0.662,0.666,0.763,
 0.612,0.727,0.707,0.721,0.754,0.427,0.707,0.760,0.727,0.568,0.649,0.667,
 0.786,0.770,0.742,0.778,0.689,0.741,0.789,0.574,0.797,0.752,0.662,0.815,
 0.736,0.257,0.825,0.752,0.790,0.819,0.759,0.844,0.798,0.590,0.527,0.637,
 0.841,0.791,0.792,0.735,0.784,0.794,0.840,0.827,0.303,0.800,0.831,0.837,
 0.880,0.719,0.609,0.804]
Testing Group Acc: [0.187,0.042,0.000]
Epoch [148] Testing Results: Prec@1 17.970 Prec@5 36.960 Loss 4.61760
Epoch [148] Testing Class Recall: [0.580,0.640,0.410,0.340,0.260,0.360,0.310,0.620,0.350,0.560,0.150,0.140,
 0.700,0.250,0.270,0.200,0.380,0.520,0.220,0.150,0.000,0.720,0.170,0.590,
 0.050,0.190,0.150,0.070,0.360,0.110,0.410,0.160,0.150,0.630,0.240,0.030,
 0.210,0.040,0.070,0.320,0.060,0.090,0.180,0.330,0.040,0.000,0.180,0.300,
 0.060,0.140,0.050,0.310,0.420,0.130,0.070,0.010,0.180,0.000,0.000,0.040,
 0.440,0.070,0.500,0.090,0.000,0.020,0.180,0.000,0.200,0.130,0.090,0.380,
 0.060,0.000,0.020,0.200,0.430,0.000,0.010,0.010,0.020,0.000,0.030,0.000,
 0.000,0.040,0.000,0.030,0.030,0.000,0.000,0.000,0.000,0.050,0.180,0.010,
 0.010,0.000,0.000,0.070]
Training Group Acc: [0.665,0.295,0.000]
Epoch [149] Training Results: Prec@1 67.194 Prec@5 81.271 Loss 1.69614
Epoch [149] Training Class Recall: [0.549,0.467,0.411,0.443,0.418,0.531,0.468,0.573,0.570,0.555,0.477,0.331,
 0.608,0.559,0.504,0.551,0.493,0.647,0.616,0.589,0.169,0.681,0.405,0.701,
 0.216,0.620,0.590,0.653,0.633,0.646,0.584,0.194,0.650,0.685,0.670,0.610,
 0.725,0.663,0.708,0.585,0.680,0.632,0.693,0.723,0.633,0.637,0.649,0.727,
 0.565,0.745,0.694,0.726,0.776,0.395,0.699,0.775,0.718,0.611,0.624,0.627,
 0.817,0.773,0.721,0.793,0.695,0.764,0.796,0.596,0.806,0.738,0.676,0.808,
 0.744,0.229,0.822,0.734,0.797,0.827,0.744,0.854,0.791,0.564,0.568,0.647,
 0.807,0.793,0.808,0.750,0.780,0.799,0.840,0.812,0.333,0.798,0.821,0.837,
 0.882,0.732,0.635,0.799]
Testing Group Acc: [0.178,0.026,0.000]
Epoch [149] Testing Results: Prec@1 17.040 Prec@5 35.280 Loss 4.98078
Epoch [149] Testing Class Recall: [0.520,0.620,0.260,0.750,0.520,0.430,0.400,0.550,0.610,0.500,0.150,0.140,
 0.320,0.410,0.270,0.350,0.420,0.480,0.130,0.250,0.000,0.460,0.120,0.460,
 0.130,0.210,0.220,0.110,0.280,0.070,0.440,0.000,0.040,0.160,0.130,0.270,
 0.170,0.050,0.030,0.330,0.050,0.040,0.170,0.110,0.190,0.020,0.040,0.220,
 0.300,0.250,0.030,0.030,0.720,0.170,0.220,0.020,0.090,0.020,0.000,0.030,
 0.710,0.010,0.300,0.120,0.000,0.000,0.030,0.000,0.120,0.160,0.110,0.210,
 0.000,0.010,0.000,0.150,0.260,0.020,0.010,0.010,0.000,0.000,0.030,0.010,
 0.020,0.010,0.000,0.000,0.040,0.010,0.000,0.000,0.000,0.000,0.140,0.000,
 0.030,0.000,0.020,0.020]
Training Group Acc: [0.664,0.302,0.000]
Epoch [150] Training Results: Prec@1 67.057 Prec@5 81.123 Loss 1.70110
Epoch [150] Training Class Recall: [0.542,0.471,0.453,0.432,0.405,0.509,0.476,0.588,0.575,0.552,0.474,0.331,
 0.626,0.584,0.478,0.536,0.521,0.667,0.578,0.561,0.154,0.690,0.447,0.683,
 0.182,0.612,0.557,0.657,0.658,0.655,0.531,0.204,0.665,0.688,0.636,0.621,
 0.699,0.703,0.692,0.619,0.661,0.635,0.679,0.716,0.679,0.652,0.628,0.749,
 0.588,0.759,0.694,0.719,0.765,0.403,0.682,0.760,0.721,0.563,0.693,0.657,
 0.810,0.745,0.724,0.783,0.671,0.751,0.787,0.559,0.800,0.714,0.668,0.815,
 0.747,0.295,0.813,0.749,0.779,0.792,0.759,0.828,0.791,0.628,0.541,0.633,
 0.827,0.806,0.782,0.760,0.768,0.791,0.847,0.827,0.343,0.805,0.831,0.833,
 0.873,0.738,0.627,0.799]
Testing Group Acc: [0.171,0.008,0.000]
Epoch [150] Testing Results: Prec@1 16.240 Prec@5 34.560 Loss 5.03460
Epoch [150] Testing Class Recall: [0.610,0.330,0.510,0.610,0.160,0.420,0.560,0.400,0.400,0.440,0.250,0.110,
 0.730,0.170,0.100,0.260,0.220,0.710,0.420,0.260,0.000,0.260,0.070,0.740,
 0.020,0.070,0.100,0.090,0.240,0.170,0.540,0.000,0.210,0.330,0.070,0.060,
 0.260,0.080,0.090,0.270,0.090,0.040,0.380,0.070,0.050,0.040,0.050,0.230,
 0.000,0.080,0.100,0.120,0.770,0.110,0.210,0.040,0.190,0.000,0.000,0.090,
 0.460,0.010,0.520,0.110,0.000,0.000,0.110,0.000,0.000,0.060,0.030,0.120,
 0.000,0.010,0.020,0.050,0.390,0.060,0.000,0.010,0.000,0.020,0.000,0.020,
 0.020,0.020,0.000,0.000,0.000,0.000,0.000,0.000,0.000,0.010,0.050,0.080,
 0.040,0.010,0.000,0.010]
Training Group Acc: [0.667,0.293,0.000]
Epoch [151] Training Results: Prec@1 67.414 Prec@5 81.194 Loss 1.69170
Epoch [151] Training Class Recall: [0.549,0.464,0.467,0.432,0.409,0.504,0.451,0.566,0.579,0.581,0.469,0.362,
 0.606,0.562,0.527,0.543,0.473,0.669,0.627,0.577,0.138,0.686,0.423,0.689,
 0.261,0.600,0.590,0.653,0.651,0.601,0.574,0.184,0.655,0.698,0.665,0.628,
 0.689,0.668,0.669,0.598,0.665,0.635,0.742,0.743,0.661,0.628,0.655,0.745,
 0.604,0.732,0.723,0.710,0.774,0.411,0.704,0.768,0.705,0.558,0.673,0.662,
 0.808,0.763,0.745,0.791,0.692,0.757,0.796,0.537,0.806,0.759,0.691,0.815,
 0.736,0.267,0.822,0.765,0.790,0.824,0.772,0.852,0.800,0.590,0.534,0.637,
 0.824,0.813,0.803,0.730,0.773,0.799,0.857,0.830,0.293,0.798,0.824,0.839,
 0.884,0.742,0.622,0.794]
Testing Group Acc: [0.177,0.046,0.000]
Epoch [151] Testing Results: Prec@1 17.000 Prec@5 36.530 Loss 4.71859
Epoch [151] Testing Class Recall: [0.540,0.390,0.130,0.560,0.210,0.300,0.540,0.350,0.310,0.430,0.300,0.130,
 0.630,0.060,0.410,0.240,0.260,0.790,0.560,0.180,0.000,0.370,0.070,0.360,
 0.220,0.020,0.330,0.360,0.420,0.130,0.430,0.010,0.130,0.320,0.070,0.000,
 0.340,0.290,0.050,0.290,0.080,0.100,0.170,0.240,0.030,0.010,0.080,0.270,
 0.000,0.270,0.050,0.210,0.320,0.030,0.100,0.030,0.370,0.020,0.000,0.070,
 0.400,0.080,0.360,0.090,0.010,0.010,0.090,0.030,0.220,0.280,0.140,0.310,
 0.040,0.080,0.000,0.050,0.350,0.010,0.040,0.020,0.000,0.000,0.060,0.050,
 0.000,0.020,0.000,0.010,0.040,0.010,0.000,0.020,0.000,0.010,0.040,0.100,
 0.040,0.000,0.000,0.010]
Training Group Acc: [0.666,0.304,0.000]
Epoch [152] Training Results: Prec@1 67.329 Prec@5 81.077 Loss 1.69009
Epoch [152] Training Class Recall: [0.564,0.471,0.414,0.415,0.437,0.546,0.457,0.566,0.534,0.545,0.485,0.381,
 0.628,0.614,0.506,0.576,0.487,0.656,0.593,0.579,0.138,0.692,0.443,0.689,
 0.239,0.620,0.604,0.651,0.662,0.637,0.584,0.204,0.657,0.680,0.683,0.618,
 0.711,0.673,0.682,0.603,0.674,0.652,0.674,0.718,0.667,0.652,0.618,0.763,
 0.604,0.748,0.710,0.728,0.748,0.395,0.696,0.765,0.710,0.579,0.723,0.637,
 0.795,0.770,0.730,0.781,0.686,0.764,0.798,0.559,0.803,0.724,0.647,0.789,
 0.750,0.238,0.848,0.755,0.781,0.830,0.757,0.833,0.793,0.615,0.547,0.628,
 0.820,0.784,0.795,0.745,0.770,0.802,0.843,0.832,0.323,0.798,0.826,0.833,
 0.882,0.738,0.618,0.796]
Testing Group Acc: [0.185,0.008,0.000]
Epoch [152] Testing Results: Prec@1 17.660 Prec@5 37.290 Loss 4.68384
Epoch [152] Testing Class Recall: [0.550,0.370,0.380,0.260,0.210,0.250,0.380,0.470,0.710,0.390,0.180,0.070,
 0.570,0.200,0.130,0.350,0.410,0.810,0.380,0.370,0.000,0.440,0.040,0.750,
 0.010,0.100,0.220,0.330,0.170,0.210,0.340,0.020,0.170,0.280,0.120,0.270,
 0.340,0.200,0.080,0.230,0.120,0.060,0.120,0.280,0.070,0.070,0.040,0.340,
 0.060,0.360,0.020,0.140,0.640,0.140,0.450,0.020,0.130,0.070,0.000,0.050,
 0.260,0.080,0.530,0.140,0.010,0.020,0.020,0.000,0.090,0.310,0.210,0.260,
 0.030,0.050,0.000,0.050,0.350,0.010,0.000,0.000,0.000,0.000,0.010,0.010,
 0.020,0.040,0.000,0.000,0.040,0.000,0.000,0.000,0.010,0.040,0.060,0.030,
 0.000,0.010,0.010,0.020]
Training Group Acc: [0.665,0.298,0.000]
Epoch [153] Training Results: Prec@1 67.309 Prec@5 81.126 Loss 1.69600
Epoch [153] Training Class Recall: [0.538,0.489,0.456,0.425,0.426,0.534,0.496,0.583,0.572,0.539,0.510,0.341,
 0.615,0.571,0.527,0.558,0.533,0.647,0.593,0.586,0.185,0.704,0.409,0.710,
 0.182,0.585,0.566,0.677,0.633,0.646,0.541,0.235,0.680,0.695,0.654,0.641,
 0.721,0.651,0.680,0.611,0.668,0.656,0.674,0.736,0.626,0.655,0.655,0.721,
 0.561,0.743,0.716,0.737,0.783,0.395,0.696,0.763,0.725,0.563,0.698,0.617,
 0.802,0.741,0.730,0.763,0.701,0.764,0.785,0.551,0.800,0.721,0.676,0.796,
 0.733,0.267,0.799,0.755,0.797,0.805,0.764,0.825,0.791,0.577,0.527,0.660,
 0.834,0.808,0.775,0.745,0.768,0.802,0.864,0.832,0.313,0.807,0.808,0.833,
 0.880,0.742,0.627,0.804]
Testing Group Acc: [0.197,0.004,0.000]
Epoch [153] Testing Results: Prec@1 18.700 Prec@5 37.670 Loss 4.59338
Epoch [153] Testing Class Recall: [0.680,0.520,0.410,0.490,0.330,0.360,0.620,0.340,0.600,0.430,0.160,0.130,
 0.530,0.520,0.170,0.310,0.310,0.610,0.190,0.350,0.000,0.700,0.190,0.690,
 0.020,0.090,0.270,0.360,0.440,0.100,0.290,0.000,0.220,0.380,0.200,0.080,
 0.110,0.100,0.360,0.180,0.130,0.120,0.080,0.050,0.110,0.100,0.200,0.260,
 0.000,0.130,0.060,0.160,0.630,0.230,0.320,0.040,0.250,0.020,0.000,0.090,
 0.410,0.160,0.320,0.070,0.000,0.020,0.150,0.010,0.150,0.110,0.220,0.200,
 0.000,0.020,0.040,0.060,0.290,0.020,0.020,0.120,0.010,0.000,0.020,0.030,
 0.010,0.060,0.010,0.020,0.030,0.000,0.000,0.010,0.000,0.010,0.110,0.090,
 0.010,0.010,0.010,0.050]
Training Group Acc: [0.669,0.291,0.000]
Epoch [154] Training Results: Prec@1 67.606 Prec@5 81.226 Loss 1.68794
Epoch [154] Training Class Recall: [0.553,0.514,0.444,0.476,0.420,0.569,0.465,0.549,0.577,0.577,0.503,0.356,
 0.597,0.578,0.517,0.569,0.504,0.688,0.584,0.584,0.154,0.697,0.436,0.715,
 0.250,0.593,0.592,0.664,0.655,0.631,0.608,0.163,0.655,0.716,0.649,0.613,
 0.740,0.643,0.695,0.587,0.652,0.672,0.732,0.729,0.663,0.665,0.659,0.743,
 0.600,0.735,0.694,0.706,0.770,0.444,0.696,0.768,0.718,0.574,0.668,0.632,
 0.808,0.770,0.742,0.783,0.671,0.778,0.765,0.551,0.792,0.755,0.671,0.803,
 0.750,0.267,0.802,0.743,0.804,0.819,0.762,0.837,0.795,0.564,0.554,0.665,
 0.822,0.797,0.803,0.735,0.773,0.804,0.854,0.835,0.323,0.798,0.826,0.837,
 0.876,0.712,0.618,0.791]
Testing Group Acc: [0.187,0.056,0.000]
Epoch [154] Testing Results: Prec@1 18.060 Prec@5 36.510 Loss 5.02145
Epoch [154] Testing Class Recall: [0.580,0.510,0.040,0.310,0.110,0.390,0.580,0.470,0.560,0.340,0.050,0.310,
 0.650,0.530,0.220,0.360,0.460,0.830,0.270,0.290,0.000,0.740,0.130,0.710,
 0.250,0.180,0.300,0.080,0.330,0.180,0.310,0.020,0.160,0.380,0.140,0.280,
 0.150,0.110,0.220,0.150,0.050,0.110,0.110,0.170,0.070,0.010,0.050,0.370,
 0.130,0.320,0.030,0.150,0.600,0.050,0.240,0.010,0.160,0.080,0.000,0.020,
 0.280,0.100,0.470,0.110,0.020,0.000,0.030,0.000,0.090,0.250,0.120,0.350,
 0.040,0.070,0.010,0.050,0.340,0.000,0.000,0.000,0.000,0.000,0.020,0.030,
 0.010,0.040,0.000,0.000,0.020,0.000,0.020,0.000,0.010,0.000,0.100,0.050,
 0.010,0.000,0.000,0.010]
Training Group Acc: [0.672,0.302,0.000]
Epoch [155] Training Results: Prec@1 67.883 Prec@5 81.446 Loss 1.67745
Epoch [155] Training Class Recall: [0.582,0.500,0.450,0.443,0.443,0.551,0.476,0.566,0.565,0.597,0.451,0.325,
 0.624,0.593,0.504,0.556,0.504,0.660,0.548,0.549,0.169,0.695,0.395,0.703,
 0.205,0.605,0.588,0.651,0.673,0.625,0.545,0.204,0.670,0.719,0.675,0.631,
 0.713,0.678,0.695,0.627,0.696,0.672,0.727,0.754,0.692,0.665,0.652,0.743,
 0.624,0.759,0.725,0.742,0.780,0.411,0.707,0.780,0.732,0.589,0.683,0.632,
 0.806,0.781,0.724,0.763,0.716,0.778,0.761,0.537,0.817,0.752,0.697,0.810,
 0.747,0.267,0.833,0.737,0.783,0.824,0.747,0.842,0.805,0.641,0.561,0.637,
 0.822,0.804,0.790,0.745,0.787,0.796,0.850,0.830,0.293,0.805,0.831,0.843,
 0.882,0.742,0.627,0.802]
Testing Group Acc: [0.175,0.012,0.000]
Epoch [155] Testing Results: Prec@1 16.720 Prec@5 34.660 Loss 4.90025
Epoch [155] Testing Class Recall: [0.580,0.590,0.140,0.200,0.430,0.410,0.400,0.550,0.730,0.330,0.110,0.120,
 0.670,0.220,0.150,0.370,0.550,0.650,0.460,0.170,0.020,0.360,0.370,0.600,
 0.010,0.140,0.150,0.250,0.270,0.290,0.350,0.010,0.050,0.400,0.360,0.040,
 0.140,0.180,0.220,0.230,0.020,0.020,0.110,0.130,0.020,0.010,0.000,0.310,
 0.010,0.070,0.090,0.030,0.740,0.040,0.110,0.020,0.120,0.000,0.000,0.020,
 0.540,0.110,0.340,0.040,0.000,0.010,0.170,0.000,0.110,0.100,0.080,0.270,
 0.000,0.040,0.020,0.030,0.370,0.000,0.030,0.000,0.010,0.010,0.010,0.010,
 0.000,0.000,0.000,0.000,0.020,0.000,0.000,0.000,0.010,0.000,0.090,0.020,
 0.130,0.000,0.000,0.010]
Training Group Acc: [0.668,0.292,0.000]
Epoch [156] Training Results: Prec@1 67.417 Prec@5 81.260 Loss 1.68840
Epoch [156] Training Class Recall: [0.557,0.467,0.478,0.436,0.394,0.504,0.465,0.568,0.596,0.587,0.513,0.375,
 0.604,0.535,0.517,0.558,0.521,0.634,0.582,0.602,0.169,0.701,0.419,0.699,
 0.193,0.602,0.572,0.640,0.687,0.628,0.608,0.204,0.668,0.667,0.652,0.626,
 0.711,0.696,0.667,0.601,0.649,0.662,0.734,0.736,0.674,0.643,0.682,0.721,
 0.569,0.751,0.710,0.699,0.770,0.427,0.693,0.795,0.723,0.547,0.713,0.632,
 0.819,0.770,0.733,0.758,0.665,0.766,0.776,0.544,0.786,0.735,0.702,0.815,
 0.750,0.267,0.822,0.734,0.799,0.811,0.764,0.854,0.789,0.590,0.574,0.665,
 0.824,0.795,0.775,0.750,0.784,0.789,0.857,0.817,0.303,0.800,0.826,0.831,
 0.880,0.722,0.627,0.810]
Testing Group Acc: [0.178,0.022,0.000]
Epoch [156] Testing Results: Prec@1 17.020 Prec@5 36.970 Loss 4.72092
Epoch [156] Testing Class Recall: [0.460,0.580,0.150,0.390,0.140,0.540,0.570,0.210,0.380,0.440,0.080,0.090,
 0.500,0.530,0.510,0.250,0.310,0.600,0.520,0.380,0.010,0.430,0.080,0.520,
 0.020,0.110,0.010,0.130,0.280,0.120,0.210,0.080,0.020,0.530,0.150,0.220,
 0.270,0.090,0.180,0.290,0.080,0.080,0.280,0.150,0.090,0.020,0.100,0.220,
 0.030,0.220,0.030,0.110,0.670,0.040,0.280,0.030,0.240,0.020,0.000,0.000,
 0.430,0.020,0.290,0.080,0.000,0.010,0.050,0.020,0.110,0.170,0.220,0.320,
 0.000,0.040,0.020,0.050,0.390,0.000,0.020,0.060,0.090,0.000,0.010,0.010,
 0.010,0.090,0.010,0.010,0.070,0.000,0.010,0.000,0.000,0.090,0.090,0.090,
 0.060,0.000,0.000,0.010]
Training Group Acc: [0.668,0.278,0.000]
Epoch [157] Training Results: Prec@1 67.443 Prec@5 81.343 Loss 1.68576
Epoch [157] Training Class Recall: [0.549,0.467,0.456,0.422,0.422,0.536,0.482,0.554,0.594,0.568,0.472,0.350,
 0.619,0.556,0.517,0.563,0.487,0.645,0.586,0.559,0.138,0.679,0.460,0.687,
 0.216,0.602,0.575,0.642,0.640,0.631,0.584,0.163,0.660,0.706,0.652,0.613,
 0.686,0.631,0.684,0.614,0.696,0.692,0.688,0.738,0.672,0.646,0.662,0.738,
 0.569,0.735,0.721,0.728,0.774,0.427,0.715,0.768,0.710,0.553,0.673,0.632,
 0.810,0.781,0.742,0.788,0.704,0.762,0.780,0.596,0.808,0.755,0.691,0.813,
 0.741,0.286,0.845,0.762,0.792,0.814,0.757,0.844,0.807,0.538,0.547,0.647,
 0.837,0.810,0.785,0.730,0.780,0.786,0.861,0.827,0.333,0.810,0.831,0.833,
 0.878,0.728,0.631,0.804]
Testing Group Acc: [0.194,0.012,0.000]
Epoch [157] Testing Results: Prec@1 18.480 Prec@5 38.470 Loss 4.40590
Epoch [157] Testing Class Recall: [0.590,0.430,0.430,0.250,0.120,0.340,0.520,0.280,0.390,0.410,0.420,0.100,
 0.360,0.210,0.050,0.350,0.280,0.450,0.140,0.340,0.010,0.350,0.230,0.620,
 0.040,0.110,0.340,0.350,0.290,0.190,0.130,0.000,0.050,0.280,0.150,0.270,
 0.260,0.140,0.320,0.360,0.050,0.130,0.230,0.430,0.290,0.030,0.050,0.330,
 0.060,0.230,0.040,0.130,0.520,0.070,0.120,0.040,0.360,0.000,0.020,0.080,
 0.680,0.120,0.430,0.130,0.000,0.010,0.070,0.010,0.130,0.260,0.170,0.530,
 0.090,0.010,0.040,0.330,0.460,0.010,0.020,0.030,0.000,0.010,0.040,0.020,
 0.010,0.180,0.000,0.050,0.090,0.000,0.020,0.030,0.000,0.010,0.140,0.100,
 0.040,0.000,0.000,0.050]
Training Group Acc: [0.664,0.318,0.000]
Epoch [158] Training Results: Prec@1 67.206 Prec@5 81.209 Loss 1.68559
Epoch [158] Training Class Recall: [0.535,0.496,0.450,0.434,0.390,0.541,0.448,0.590,0.555,0.558,0.492,0.331,
 0.601,0.574,0.522,0.571,0.510,0.665,0.595,0.577,0.154,0.697,0.419,0.694,
 0.284,0.580,0.604,0.646,0.626,0.649,0.560,0.194,0.652,0.706,0.649,0.626,
 0.703,0.671,0.673,0.577,0.668,0.666,0.676,0.743,0.665,0.649,0.622,0.736,
 0.608,0.759,0.729,0.703,0.754,0.419,0.680,0.778,0.729,0.547,0.678,0.642,
 0.800,0.755,0.736,0.778,0.692,0.762,0.800,0.537,0.792,0.731,0.673,0.813,
 0.747,0.267,0.796,0.746,0.792,0.822,0.749,0.837,0.789,0.654,0.541,0.665,
 0.822,0.802,0.803,0.711,0.780,0.796,0.861,0.812,0.303,0.800,0.826,0.839,
 0.880,0.735,0.618,0.791]
Testing Group Acc: [0.175,0.016,0.000]
Epoch [158] Testing Results: Prec@1 16.720 Prec@5 35.760 Loss 4.88938
Epoch [158] Testing Class Recall: [0.680,0.320,0.400,0.240,0.190,0.340,0.410,0.340,0.490,0.360,0.240,0.120,
 0.630,0.550,0.150,0.270,0.240,0.710,0.200,0.340,0.020,0.430,0.100,0.510,
 0.050,0.360,0.050,0.080,0.440,0.090,0.370,0.000,0.090,0.190,0.510,0.030,
 0.120,0.100,0.070,0.260,0.270,0.070,0.170,0.220,0.020,0.020,0.120,0.200,
 0.040,0.120,0.130,0.090,0.770,0.060,0.180,0.060,0.290,0.030,0.020,0.020,
 0.510,0.150,0.420,0.020,0.000,0.020,0.180,0.000,0.060,0.060,0.130,0.110,
 0.020,0.020,0.060,0.290,0.140,0.010,0.000,0.000,0.000,0.000,0.060,0.020,
 0.000,0.050,0.000,0.000,0.000,0.030,0.010,0.000,0.010,0.010,0.150,0.050,
 0.060,0.000,0.050,0.030]
Training Group Acc: [0.667,0.300,0.000]
Epoch [159] Training Results: Prec@1 67.414 Prec@5 81.180 Loss 1.69505
Epoch [159] Training Class Recall: [0.557,0.493,0.494,0.427,0.448,0.526,0.476,0.561,0.582,0.577,0.505,0.347,
 0.590,0.608,0.527,0.533,0.499,0.654,0.578,0.561,0.123,0.679,0.412,0.721,
 0.250,0.610,0.584,0.651,0.629,0.628,0.565,0.235,0.657,0.701,0.652,0.603,
 0.691,0.661,0.705,0.595,0.677,0.652,0.717,0.712,0.663,0.646,0.642,0.741,
 0.588,0.745,0.743,0.717,0.767,0.395,0.715,0.770,0.714,0.574,0.658,0.637,
 0.815,0.748,0.733,0.776,0.707,0.735,0.787,0.551,0.814,0.752,0.679,0.810,
 0.739,0.257,0.839,0.734,0.783,0.827,0.749,0.859,0.791,0.590,0.554,0.656,
 0.820,0.793,0.795,0.735,0.773,0.784,0.836,0.830,0.303,0.800,0.831,0.846,
 0.873,0.745,0.635,0.799]
Testing Group Acc: [0.171,0.018,0.000]
Epoch [159] Testing Results: Prec@1 16.360 Prec@5 35.100 Loss 5.20118
Epoch [159] Testing Class Recall: [0.520,0.450,0.620,0.470,0.300,0.610,0.250,0.430,0.610,0.590,0.200,0.060,
 0.680,0.510,0.140,0.160,0.290,0.610,0.440,0.380,0.000,0.430,0.180,0.460,
 0.090,0.110,0.160,0.260,0.110,0.070,0.390,0.000,0.030,0.380,0.170,0.170,
 0.140,0.040,0.060,0.250,0.100,0.070,0.100,0.190,0.020,0.000,0.050,0.210,
 0.020,0.170,0.040,0.180,0.700,0.030,0.300,0.040,0.210,0.050,0.000,0.030,
 0.210,0.080,0.510,0.080,0.010,0.000,0.040,0.010,0.040,0.150,0.150,0.160,
 0.030,0.040,0.010,0.040,0.120,0.000,0.040,0.010,0.010,0.000,0.000,0.000,
 0.000,0.000,0.000,0.020,0.060,0.000,0.010,0.010,0.000,0.000,0.090,0.050,
 0.030,0.000,0.000,0.020]
Training Group Acc: [0.708,0.345,0.000]
Epoch [160] Training Results: Prec@1 71.606 Prec@5 83.840 Loss 1.47763
Epoch [160] Training Class Recall: [0.582,0.591,0.572,0.589,0.488,0.672,0.457,0.615,0.608,0.648,0.605,0.341,
 0.690,0.711,0.596,0.576,0.555,0.725,0.682,0.685,0.185,0.739,0.526,0.756,
 0.364,0.615,0.682,0.782,0.701,0.700,0.622,0.184,0.546,0.755,0.754,0.705,
 0.755,0.626,0.733,0.651,0.743,0.689,0.754,0.761,0.724,0.692,0.693,0.782,
 0.627,0.785,0.758,0.789,0.809,0.419,0.715,0.768,0.765,0.637,0.698,0.662,
 0.821,0.809,0.768,0.809,0.767,0.819,0.807,0.603,0.794,0.793,0.720,0.813,
 0.801,0.276,0.810,0.774,0.790,0.819,0.799,0.861,0.807,0.641,0.547,0.698,
 0.810,0.824,0.810,0.775,0.791,0.809,0.878,0.847,0.354,0.802,0.816,0.846,
 0.886,0.752,0.627,0.788]
Testing Group Acc: [0.211,0.040,0.000]
Epoch [160] Testing Results: Prec@1 20.220 Prec@5 39.630 Loss 4.58420
Epoch [160] Testing Class Recall: [0.600,0.580,0.490,0.450,0.410,0.530,0.540,0.540,0.620,0.530,0.270,0.170,
 0.610,0.540,0.280,0.350,0.420,0.680,0.480,0.400,0.000,0.510,0.180,0.630,
 0.180,0.190,0.270,0.260,0.230,0.160,0.430,0.020,0.100,0.280,0.210,0.210,
 0.230,0.100,0.140,0.320,0.060,0.100,0.190,0.260,0.060,0.040,0.100,0.300,
 0.060,0.210,0.050,0.140,0.730,0.050,0.330,0.040,0.300,0.050,0.010,0.050,
 0.410,0.130,0.390,0.110,0.020,0.010,0.090,0.030,0.130,0.200,0.230,0.230,
 0.040,0.050,0.020,0.080,0.330,0.000,0.010,0.010,0.000,0.000,0.020,0.010,
 0.000,0.040,0.000,0.020,0.080,0.000,0.010,0.020,0.000,0.010,0.110,0.080,
 0.020,0.000,0.000,0.010]
Training Group Acc: [0.729,0.353,0.000]
Epoch [161] Training Results: Prec@1 73.691 Prec@5 84.857 Loss 1.38611
Epoch [161] Training Class Recall: [0.604,0.591,0.569,0.559,0.518,0.674,0.549,0.666,0.656,0.639,0.597,0.400,
 0.697,0.699,0.619,0.670,0.584,0.729,0.727,0.710,0.185,0.732,0.529,0.767,
 0.341,0.685,0.715,0.758,0.741,0.721,0.684,0.204,0.688,0.755,0.767,0.718,
 0.767,0.748,0.772,0.698,0.774,0.726,0.773,0.780,0.772,0.777,0.730,0.802,
 0.659,0.787,0.772,0.787,0.802,0.444,0.757,0.840,0.774,0.626,0.733,0.701,
 0.824,0.802,0.768,0.809,0.761,0.819,0.829,0.596,0.828,0.789,0.751,0.829,
 0.793,0.305,0.862,0.771,0.810,0.841,0.806,0.885,0.823,0.679,0.581,0.707,
 0.844,0.828,0.818,0.789,0.794,0.809,0.878,0.847,0.354,0.815,0.831,0.843,
 0.889,0.752,0.635,0.807]
Testing Group Acc: [0.213,0.032,0.000]
Epoch [161] Testing Results: Prec@1 20.380 Prec@5 39.630 Loss 4.61677
Epoch [161] Testing Class Recall: [0.590,0.610,0.450,0.470,0.410,0.480,0.610,0.590,0.670,0.530,0.280,0.240,
 0.600,0.520,0.310,0.340,0.460,0.680,0.470,0.400,0.000,0.560,0.180,0.610,
 0.140,0.190,0.240,0.220,0.220,0.170,0.460,0.020,0.130,0.270,0.180,0.180,
 0.220,0.120,0.140,0.350,0.070,0.110,0.220,0.270,0.090,0.040,0.090,0.290,
 0.060,0.200,0.060,0.140,0.680,0.060,0.320,0.040,0.290,0.050,0.020,0.060,
 0.460,0.120,0.380,0.100,0.010,0.010,0.090,0.020,0.100,0.200,0.240,0.230,
 0.040,0.070,0.020,0.080,0.290,0.000,0.010,0.010,0.000,0.000,0.030,0.010,
 0.010,0.030,0.000,0.020,0.070,0.000,0.010,0.020,0.000,0.020,0.090,0.080,
 0.020,0.000,0.000,0.020]
Training Group Acc: [0.737,0.364,0.000]
Epoch [162] Training Results: Prec@1 74.443 Prec@5 85.446 Loss 1.33639
Epoch [162] Training Class Recall: [0.608,0.623,0.561,0.592,0.561,0.677,0.555,0.683,0.673,0.648,0.628,0.438,
 0.710,0.708,0.642,0.668,0.586,0.749,0.731,0.717,0.231,0.750,0.570,0.769,
 0.352,0.695,0.724,0.769,0.752,0.742,0.675,0.214,0.739,0.771,0.733,0.708,
 0.770,0.748,0.785,0.706,0.765,0.719,0.797,0.794,0.784,0.768,0.733,0.809,
 0.675,0.785,0.783,0.791,0.815,0.484,0.749,0.844,0.772,0.637,0.767,0.716,
 0.841,0.827,0.771,0.819,0.752,0.832,0.836,0.588,0.831,0.799,0.746,0.827,
 0.790,0.276,0.868,0.781,0.804,0.843,0.811,0.878,0.830,0.679,0.568,0.712,
 0.851,0.821,0.828,0.784,0.791,0.812,0.871,0.847,0.343,0.817,0.834,0.846,
 0.886,0.765,0.631,0.810]
Testing Group Acc: [0.215,0.038,0.000]
Epoch [162] Testing Results: Prec@1 20.650 Prec@5 39.680 Loss 4.60871
Epoch [162] Testing Class Recall: [0.610,0.570,0.470,0.490,0.450,0.510,0.610,0.580,0.670,0.570,0.270,0.230,
 0.610,0.510,0.310,0.370,0.470,0.660,0.450,0.410,0.000,0.530,0.170,0.610,
 0.160,0.220,0.250,0.240,0.250,0.190,0.460,0.030,0.150,0.290,0.200,0.190,
 0.240,0.120,0.140,0.370,0.070,0.110,0.230,0.280,0.100,0.050,0.110,0.300,
 0.070,0.190,0.050,0.130,0.690,0.100,0.310,0.040,0.270,0.050,0.020,0.060,
 0.450,0.120,0.380,0.110,0.000,0.010,0.090,0.020,0.100,0.150,0.230,0.220,
 0.040,0.060,0.020,0.090,0.280,0.000,0.010,0.010,0.000,0.000,0.030,0.010,
 0.010,0.030,0.000,0.020,0.070,0.000,0.010,0.020,0.000,0.010,0.100,0.060,
 0.010,0.000,0.000,0.020]
Training Group Acc: [0.743,0.385,0.000]
Epoch [163] Training Results: Prec@1 75.069 Prec@5 85.637 Loss 1.31312
Epoch [163] Training Class Recall: [0.593,0.620,0.583,0.589,0.576,0.677,0.563,0.688,0.714,0.648,0.631,0.487,
 0.719,0.720,0.660,0.675,0.612,0.742,0.721,0.708,0.231,0.757,0.588,0.772,
 0.364,0.705,0.742,0.779,0.770,0.760,0.722,0.286,0.759,0.781,0.767,0.718,
 0.779,0.758,0.785,0.706,0.777,0.719,0.819,0.785,0.795,0.771,0.757,0.802,
 0.675,0.803,0.794,0.793,0.811,0.460,0.762,0.847,0.774,0.647,0.792,0.701,
 0.837,0.817,0.765,0.824,0.749,0.844,0.840,0.596,0.833,0.803,0.751,0.832,
 0.798,0.295,0.871,0.787,0.817,0.849,0.799,0.883,0.832,0.692,0.581,0.707,
 0.854,0.826,0.820,0.784,0.794,0.814,0.871,0.845,0.354,0.817,0.834,0.846,
 0.889,0.758,0.635,0.810]
Testing Group Acc: [0.215,0.040,0.000]
Epoch [163] Testing Results: Prec@1 20.630 Prec@5 39.560 Loss 4.65091
Epoch [163] Testing Class Recall: [0.610,0.580,0.450,0.500,0.440,0.490,0.620,0.610,0.690,0.570,0.280,0.270,
 0.600,0.520,0.330,0.380,0.480,0.670,0.450,0.400,0.000,0.530,0.180,0.600,
 0.170,0.220,0.240,0.240,0.250,0.180,0.450,0.030,0.140,0.300,0.190,0.170,
 0.260,0.120,0.140,0.360,0.070,0.080,0.220,0.260,0.090,0.050,0.110,0.280,
 0.060,0.210,0.070,0.130,0.700,0.100,0.270,0.030,0.290,0.050,0.020,0.070,
 0.460,0.120,0.360,0.100,0.000,0.010,0.090,0.020,0.100,0.160,0.250,0.220,
 0.020,0.060,0.020,0.080,0.270,0.000,0.010,0.000,0.000,0.000,0.030,0.010,
 0.010,0.040,0.000,0.020,0.060,0.000,0.010,0.020,0.000,0.010,0.110,0.060,
 0.010,0.000,0.000,0.020]
Training Group Acc: [0.745,0.369,0.000]
Epoch [164] Training Results: Prec@1 75.354 Prec@5 85.940 Loss 1.29526
Epoch [164] Training Class Recall: [0.597,0.616,0.589,0.594,0.591,0.699,0.555,0.717,0.685,0.661,0.621,0.484,
 0.726,0.729,0.647,0.703,0.612,0.736,0.738,0.715,0.200,0.763,0.567,0.783,
 0.330,0.717,0.744,0.782,0.791,0.760,0.694,0.265,0.777,0.784,0.777,0.715,
 0.797,0.776,0.785,0.722,0.777,0.712,0.821,0.818,0.793,0.780,0.740,0.804,
 0.694,0.790,0.809,0.796,0.811,0.468,0.762,0.864,0.787,0.653,0.762,0.711,
 0.830,0.820,0.771,0.829,0.758,0.832,0.847,0.588,0.833,0.796,0.751,0.832,
 0.804,0.295,0.862,0.787,0.806,0.841,0.809,0.890,0.823,0.705,0.588,0.702,
 0.851,0.826,0.828,0.775,0.794,0.809,0.878,0.847,0.343,0.825,0.839,0.843,
 0.886,0.762,0.639,0.810]
Testing Group Acc: [0.214,0.040,0.000]
Epoch [164] Testing Results: Prec@1 20.540 Prec@5 39.530 Loss 4.67118
Epoch [164] Testing Class Recall: [0.610,0.610,0.500,0.530,0.430,0.530,0.620,0.650,0.710,0.540,0.280,0.260,
 0.600,0.490,0.350,0.390,0.490,0.670,0.460,0.400,0.000,0.530,0.160,0.600,
 0.170,0.150,0.240,0.240,0.260,0.180,0.460,0.030,0.150,0.290,0.180,0.160,
 0.270,0.130,0.150,0.350,0.060,0.120,0.230,0.220,0.090,0.040,0.110,0.290,
 0.070,0.150,0.060,0.130,0.710,0.100,0.260,0.030,0.270,0.050,0.010,0.070,
 0.450,0.120,0.360,0.100,0.000,0.010,0.090,0.020,0.100,0.110,0.230,0.200,
 0.030,0.050,0.020,0.070,0.270,0.000,0.010,0.000,0.000,0.000,0.030,0.010,
 0.010,0.050,0.000,0.010,0.050,0.000,0.010,0.020,0.000,0.010,0.120,0.060,
 0.010,0.000,0.000,0.020]
Training Group Acc: [0.748,0.386,0.000]
Epoch [165] Training Results: Prec@1 75.520 Prec@5 86.129 Loss 1.27795
Epoch [165] Training Class Recall: [0.619,0.645,0.589,0.599,0.582,0.677,0.594,0.734,0.700,0.687,0.615,0.503,
 0.751,0.726,0.670,0.718,0.632,0.742,0.740,0.706,0.277,0.754,0.574,0.781,
 0.364,0.722,0.731,0.773,0.791,0.745,0.675,0.245,0.794,0.792,0.777,0.721,
 0.799,0.771,0.811,0.717,0.771,0.732,0.821,0.794,0.790,0.768,0.757,0.802,
 0.678,0.803,0.800,0.775,0.820,0.492,0.771,0.852,0.776,0.663,0.787,0.697,
 0.839,0.813,0.777,0.819,0.764,0.816,0.840,0.632,0.842,0.796,0.743,0.829,
 0.795,0.295,0.868,0.784,0.810,0.843,0.799,0.885,0.827,0.692,0.588,0.716,
 0.849,0.828,0.828,0.779,0.791,0.814,0.882,0.842,0.354,0.820,0.834,0.846,
 0.891,0.758,0.627,0.810]
Testing Group Acc: [0.212,0.038,0.000]
Epoch [165] Testing Results: Prec@1 20.330 Prec@5 39.390 Loss 4.68676
Epoch [165] Testing Class Recall: [0.600,0.570,0.490,0.500,0.410,0.510,0.600,0.640,0.690,0.570,0.280,0.260,
 0.630,0.500,0.310,0.380,0.500,0.660,0.450,0.400,0.010,0.560,0.160,0.550,
 0.150,0.180,0.260,0.230,0.250,0.160,0.440,0.030,0.150,0.290,0.170,0.180,
 0.250,0.150,0.180,0.360,0.060,0.090,0.220,0.220,0.090,0.030,0.120,0.280,
 0.050,0.160,0.050,0.130,0.700,0.090,0.260,0.020,0.280,0.040,0.010,0.080,
 0.460,0.120,0.330,0.100,0.000,0.010,0.080,0.020,0.100,0.120,0.260,0.220,
 0.040,0.040,0.020,0.080,0.290,0.000,0.010,0.000,0.000,0.000,0.020,0.000,
 0.010,0.050,0.000,0.010,0.070,0.000,0.010,0.010,0.000,0.010,0.110,0.060,
 0.010,0.000,0.000,0.020]
Training Group Acc: [0.749,0.401,0.000]
Epoch [166] Training Results: Prec@1 75.771 Prec@5 86.320 Loss 1.26496
Epoch [166] Training Class Recall: [0.612,0.641,0.567,0.610,0.610,0.679,0.605,0.710,0.709,0.684,0.644,0.459,
 0.735,0.717,0.685,0.711,0.646,0.764,0.736,0.724,0.246,0.770,0.543,0.783,
 0.386,0.720,0.739,0.797,0.773,0.754,0.694,0.286,0.797,0.802,0.759,0.723,
 0.784,0.773,0.811,0.717,0.768,0.732,0.814,0.814,0.809,0.787,0.764,0.807,
 0.686,0.808,0.798,0.780,0.811,0.476,0.771,0.864,0.798,0.647,0.787,0.706,
 0.826,0.820,0.768,0.827,0.764,0.834,0.840,0.625,0.831,0.793,0.749,0.834,
 0.798,0.295,0.868,0.787,0.808,0.851,0.811,0.883,0.834,0.731,0.588,0.721,
 0.849,0.828,0.830,0.779,0.791,0.817,0.878,0.845,0.354,0.815,0.836,0.846,
 0.889,0.758,0.644,0.815]
Testing Group Acc: [0.215,0.036,0.000]
Epoch [166] Testing Results: Prec@1 20.610 Prec@5 39.610 Loss 4.67546
Epoch [166] Testing Class Recall: [0.620,0.610,0.500,0.550,0.420,0.540,0.630,0.620,0.680,0.570,0.280,0.260,
 0.620,0.530,0.320,0.390,0.490,0.660,0.470,0.390,0.010,0.540,0.130,0.610,
 0.140,0.180,0.250,0.220,0.240,0.170,0.440,0.030,0.180,0.290,0.160,0.180,
 0.270,0.160,0.170,0.370,0.060,0.090,0.220,0.220,0.090,0.030,0.110,0.310,
 0.050,0.160,0.050,0.130,0.700,0.100,0.250,0.020,0.310,0.040,0.020,0.080,
 0.480,0.120,0.340,0.100,0.000,0.010,0.080,0.020,0.100,0.120,0.270,0.240,
 0.030,0.040,0.020,0.070,0.260,0.000,0.010,0.000,0.010,0.000,0.030,0.000,
 0.010,0.030,0.000,0.010,0.050,0.000,0.010,0.010,0.000,0.010,0.110,0.060,
 0.010,0.000,0.000,0.020]
Training Group Acc: [0.751,0.407,0.000]
Epoch [167] Training Results: Prec@1 75.914 Prec@5 86.603 Loss 1.25569
Epoch [167] Training Class Recall: [0.619,0.634,0.586,0.613,0.603,0.697,0.622,0.732,0.716,0.697,0.641,0.503,
 0.746,0.723,0.670,0.711,0.626,0.764,0.736,0.729,0.262,0.759,0.605,0.783,
 0.398,0.712,0.739,0.801,0.791,0.775,0.699,0.306,0.794,0.792,0.777,0.736,
 0.779,0.768,0.802,0.706,0.793,0.732,0.824,0.816,0.793,0.765,0.753,0.804,
 0.698,0.808,0.800,0.789,0.815,0.460,0.757,0.857,0.780,0.642,0.792,0.697,
 0.839,0.824,0.777,0.832,0.758,0.823,0.845,0.647,0.831,0.793,0.749,0.832,
 0.807,0.276,0.868,0.781,0.808,0.854,0.809,0.878,0.827,0.718,0.574,0.707,
 0.851,0.830,0.825,0.784,0.798,0.814,0.875,0.842,0.354,0.820,0.836,0.846,
 0.891,0.758,0.639,0.810]
Testing Group Acc: [0.215,0.038,0.000]
Epoch [167] Testing Results: Prec@1 20.610 Prec@5 39.610 Loss 4.68188
Epoch [167] Testing Class Recall: [0.620,0.610,0.530,0.510,0.460,0.530,0.600,0.640,0.720,0.550,0.290,0.260,
 0.630,0.490,0.310,0.400,0.490,0.640,0.470,0.390,0.010,0.570,0.160,0.570,
 0.140,0.180,0.270,0.220,0.250,0.160,0.440,0.040,0.180,0.290,0.180,0.160,
 0.290,0.140,0.180,0.360,0.060,0.110,0.230,0.230,0.090,0.030,0.120,0.290,
 0.060,0.150,0.040,0.110,0.690,0.110,0.260,0.030,0.270,0.040,0.020,0.080,
 0.480,0.110,0.340,0.100,0.000,0.010,0.080,0.020,0.090,0.120,0.260,0.210,
 0.020,0.040,0.020,0.070,0.280,0.000,0.010,0.000,0.010,0.000,0.030,0.000,
 0.010,0.040,0.000,0.010,0.060,0.000,0.010,0.010,0.000,0.010,0.110,0.060,
 0.010,0.000,0.000,0.030]
Training Group Acc: [0.751,0.379,0.000]
Epoch [168] Training Results: Prec@1 75.906 Prec@5 86.774 Loss 1.24326
Epoch [168] Training Class Recall: [0.648,0.609,0.617,0.633,0.580,0.699,0.608,0.712,0.702,0.668,0.656,0.469,
 0.744,0.726,0.675,0.726,0.652,0.745,0.757,0.724,0.246,0.750,0.581,0.767,
 0.318,0.722,0.746,0.803,0.777,0.772,0.689,0.286,0.779,0.797,0.777,0.728,
 0.801,0.753,0.796,0.717,0.787,0.722,0.829,0.809,0.790,0.790,0.767,0.815,
 0.698,0.814,0.803,0.789,0.822,0.492,0.773,0.862,0.785,0.642,0.777,0.716,
 0.837,0.820,0.777,0.821,0.773,0.832,0.845,0.618,0.831,0.796,0.743,0.836,
 0.795,0.305,0.871,0.790,0.808,0.854,0.814,0.883,0.832,0.692,0.581,0.684,
 0.849,0.826,0.830,0.789,0.796,0.809,0.878,0.845,0.354,0.820,0.836,0.846,
 0.895,0.752,0.639,0.810]
Testing Group Acc: [0.214,0.036,0.000]
Epoch [168] Testing Results: Prec@1 20.540 Prec@5 39.490 Loss 4.71298
Epoch [168] Testing Class Recall: [0.630,0.610,0.520,0.520,0.430,0.540,0.610,0.650,0.690,0.540,0.300,0.250,
 0.630,0.520,0.290,0.390,0.500,0.650,0.470,0.390,0.010,0.550,0.130,0.560,
 0.140,0.190,0.260,0.220,0.290,0.160,0.430,0.030,0.180,0.290,0.180,0.170,
 0.280,0.150,0.160,0.350,0.060,0.100,0.230,0.210,0.080,0.030,0.120,0.290,
 0.070,0.150,0.050,0.120,0.690,0.110,0.250,0.010,0.320,0.040,0.010,0.080,
 0.480,0.120,0.330,0.100,0.000,0.010,0.080,0.020,0.090,0.110,0.270,0.200,
 0.030,0.050,0.020,0.070,0.270,0.000,0.010,0.000,0.000,0.000,0.030,0.000,
 0.010,0.030,0.000,0.010,0.060,0.000,0.010,0.010,0.000,0.020,0.120,0.060,
 0.010,0.000,0.000,0.030]
Training Group Acc: [0.754,0.404,0.000]
Epoch [169] Training Results: Prec@1 76.269 Prec@5 86.774 Loss 1.23743
Epoch [169] Training Class Recall: [0.630,0.638,0.603,0.643,0.606,0.692,0.597,0.720,0.695,0.690,0.672,0.531,
 0.753,0.739,0.675,0.713,0.669,0.755,0.755,0.710,0.262,0.770,0.581,0.788,
 0.386,0.729,0.748,0.793,0.802,0.778,0.694,0.286,0.807,0.784,0.785,0.728,
 0.794,0.768,0.813,0.712,0.803,0.732,0.829,0.823,0.813,0.774,0.753,0.807,
 0.690,0.814,0.812,0.789,0.817,0.500,0.771,0.874,0.792,0.663,0.772,0.721,
 0.830,0.817,0.777,0.837,0.761,0.823,0.834,0.618,0.831,0.799,0.754,0.836,
 0.804,0.276,0.876,0.781,0.804,0.862,0.801,0.888,0.830,0.731,0.581,0.712,
 0.854,0.830,0.828,0.789,0.794,0.814,0.878,0.847,0.354,0.822,0.834,0.846,
 0.889,0.765,0.635,0.812]
Testing Group Acc: [0.215,0.042,0.000]
Epoch [169] Testing Results: Prec@1 20.680 Prec@5 39.740 Loss 4.66127
Epoch [169] Testing Class Recall: [0.630,0.600,0.510,0.510,0.430,0.540,0.590,0.630,0.700,0.550,0.310,0.260,
 0.630,0.510,0.320,0.370,0.470,0.650,0.460,0.380,0.010,0.580,0.160,0.580,
 0.150,0.180,0.270,0.240,0.270,0.170,0.440,0.050,0.180,0.290,0.190,0.160,
 0.280,0.160,0.170,0.350,0.060,0.100,0.230,0.230,0.080,0.030,0.120,0.300,
 0.060,0.150,0.050,0.120,0.690,0.110,0.250,0.030,0.280,0.040,0.010,0.080,
 0.480,0.110,0.330,0.100,0.000,0.010,0.090,0.020,0.090,0.110,0.280,0.220,
 0.010,0.040,0.020,0.070,0.290,0.000,0.010,0.000,0.010,0.000,0.030,0.000,
 0.010,0.050,0.000,0.020,0.070,0.000,0.010,0.010,0.000,0.010,0.130,0.060,
 0.010,0.000,0.000,0.030]
Training Group Acc: [0.756,0.395,0.000]
Epoch [170] Training Results: Prec@1 76.411 Prec@5 86.806 Loss 1.22796
Epoch [170] Training Class Recall: [0.604,0.638,0.619,0.629,0.633,0.687,0.611,0.729,0.724,0.700,0.664,0.500,
 0.753,0.714,0.688,0.728,0.637,0.773,0.744,0.738,0.246,0.772,0.591,0.785,
 0.352,0.732,0.768,0.803,0.809,0.769,0.694,0.306,0.794,0.807,0.775,0.738,
 0.804,0.776,0.809,0.722,0.784,0.722,0.833,0.809,0.800,0.793,0.767,0.809,
 0.702,0.806,0.823,0.782,0.811,0.492,0.765,0.859,0.787,0.663,0.792,0.716,
 0.834,0.817,0.765,0.829,0.764,0.844,0.849,0.618,0.831,0.803,0.749,0.834,
 0.801,0.286,0.879,0.784,0.806,0.859,0.797,0.892,0.834,0.718,0.588,0.716,
 0.854,0.830,0.830,0.779,0.798,0.817,0.882,0.850,0.354,0.820,0.834,0.846,
 0.889,0.758,0.644,0.810]
Testing Group Acc: [0.212,0.042,0.000]
Epoch [170] Testing Results: Prec@1 20.360 Prec@5 39.370 Loss 4.74725
Epoch [170] Testing Class Recall: [0.630,0.640,0.530,0.520,0.450,0.520,0.620,0.650,0.700,0.530,0.300,0.270,
 0.630,0.510,0.310,0.380,0.480,0.650,0.440,0.380,0.010,0.550,0.150,0.580,
 0.150,0.180,0.260,0.220,0.260,0.160,0.440,0.050,0.170,0.290,0.190,0.170,
 0.260,0.140,0.150,0.340,0.060,0.100,0.220,0.210,0.080,0.030,0.110,0.300,
 0.050,0.150,0.040,0.100,0.690,0.100,0.220,0.020,0.290,0.050,0.000,0.080,
 0.460,0.110,0.330,0.100,0.000,0.010,0.080,0.020,0.100,0.110,0.260,0.220,
 0.010,0.060,0.020,0.060,0.290,0.000,0.000,0.000,0.010,0.000,0.020,0.000,
 0.010,0.030,0.000,0.010,0.050,0.000,0.010,0.000,0.000,0.010,0.110,0.060,
 0.010,0.000,0.000,0.030]
Training Group Acc: [0.757,0.407,0.000]
Epoch [171] Training Results: Prec@1 76.554 Prec@5 87.109 Loss 1.21951
Epoch [171] Training Class Recall: [0.623,0.649,0.617,0.645,0.586,0.729,0.616,0.717,0.714,0.690,0.667,0.516,
 0.744,0.729,0.685,0.746,0.643,0.758,0.751,0.731,0.231,0.777,0.612,0.799,
 0.364,0.729,0.771,0.808,0.784,0.790,0.703,0.357,0.797,0.792,0.793,0.738,
 0.792,0.768,0.796,0.720,0.787,0.736,0.831,0.820,0.815,0.799,0.760,0.818,
 0.675,0.811,0.820,0.784,0.817,0.508,0.782,0.872,0.787,0.658,0.787,0.721,
 0.841,0.824,0.777,0.827,0.776,0.837,0.847,0.632,0.825,0.793,0.751,0.834,
 0.807,0.305,0.871,0.781,0.808,0.857,0.806,0.888,0.836,0.731,0.588,0.702,
 0.849,0.832,0.830,0.789,0.798,0.809,0.875,0.845,0.354,0.822,0.834,0.846,
 0.893,0.762,0.635,0.810]
Testing Group Acc: [0.213,0.042,0.000]
Epoch [171] Testing Results: Prec@1 20.420 Prec@5 39.230 Loss 4.75034
Epoch [171] Testing Class Recall: [0.630,0.630,0.550,0.520,0.410,0.520,0.590,0.620,0.700,0.550,0.300,0.250,
 0.630,0.510,0.310,0.380,0.470,0.660,0.450,0.390,0.010,0.570,0.160,0.570,
 0.150,0.180,0.260,0.220,0.240,0.170,0.430,0.050,0.180,0.290,0.190,0.170,
 0.270,0.150,0.160,0.320,0.040,0.100,0.220,0.210,0.080,0.030,0.100,0.290,
 0.050,0.160,0.050,0.110,0.690,0.120,0.240,0.030,0.310,0.050,0.000,0.080,
 0.470,0.110,0.330,0.100,0.000,0.010,0.080,0.020,0.110,0.120,0.260,0.210,
 0.020,0.060,0.020,0.070,0.270,0.000,0.000,0.000,0.010,0.000,0.030,0.000,
 0.010,0.040,0.000,0.010,0.060,0.000,0.010,0.010,0.000,0.010,0.100,0.060,
 0.010,0.000,0.000,0.030]
Training Group Acc: [0.758,0.406,0.000]
Epoch [172] Training Results: Prec@1 76.549 Prec@5 87.051 Loss 1.21990
Epoch [172] Training Class Recall: [0.623,0.645,0.617,0.640,0.608,0.712,0.627,0.739,0.714,0.716,0.662,0.509,
 0.755,0.708,0.683,0.711,0.669,0.766,0.746,0.752,0.262,0.781,0.598,0.795,
 0.375,0.741,0.764,0.803,0.802,0.775,0.689,0.327,0.792,0.792,0.793,0.721,
 0.801,0.791,0.817,0.717,0.809,0.742,0.821,0.825,0.806,0.784,0.753,0.802,
 0.682,0.803,0.809,0.784,0.815,0.500,0.768,0.867,0.785,0.684,0.797,0.721,
 0.837,0.813,0.786,0.816,0.776,0.839,0.847,0.625,0.836,0.793,0.760,0.829,
 0.801,0.324,0.871,0.790,0.810,0.851,0.804,0.883,0.827,0.705,0.574,0.707,
 0.859,0.830,0.823,0.789,0.794,0.809,0.882,0.847,0.364,0.820,0.834,0.848,
 0.884,0.762,0.644,0.812]
Testing Group Acc: [0.214,0.038,0.000]
Epoch [172] Testing Results: Prec@1 20.530 Prec@5 39.450 Loss 4.73197
Epoch [172] Testing Class Recall: [0.630,0.610,0.540,0.490,0.450,0.530,0.630,0.640,0.700,0.550,0.320,0.260,
 0.630,0.510,0.300,0.370,0.490,0.660,0.440,0.380,0.010,0.580,0.150,0.590,
 0.140,0.160,0.260,0.230,0.260,0.170,0.440,0.040,0.170,0.290,0.190,0.180,
 0.270,0.140,0.160,0.330,0.030,0.090,0.210,0.220,0.080,0.030,0.100,0.310,
 0.060,0.150,0.050,0.120,0.680,0.120,0.230,0.020,0.280,0.050,0.010,0.080,
 0.490,0.130,0.330,0.100,0.000,0.010,0.080,0.020,0.090,0.120,0.270,0.220,
 0.020,0.050,0.020,0.070,0.270,0.000,0.000,0.010,0.010,0.000,0.030,0.000,
 0.010,0.040,0.000,0.010,0.070,0.000,0.010,0.010,0.000,0.010,0.120,0.060,
 0.010,0.000,0.000,0.030]
Training Group Acc: [0.759,0.404,0.000]
Epoch [173] Training Results: Prec@1 76.771 Prec@5 87.191 Loss 1.20526
Epoch [173] Training Class Recall: [0.619,0.641,0.633,0.647,0.599,0.714,0.622,0.717,0.716,0.716,0.674,0.516,
 0.766,0.739,0.696,0.703,0.654,0.777,0.748,0.761,0.246,0.770,0.612,0.788,
 0.364,0.732,0.777,0.819,0.827,0.796,0.684,0.337,0.799,0.799,0.777,0.733,
 0.794,0.786,0.817,0.728,0.790,0.729,0.831,0.831,0.800,0.780,0.777,0.813,
 0.702,0.819,0.805,0.802,0.817,0.508,0.782,0.872,0.792,0.658,0.787,0.726,
 0.837,0.824,0.783,0.821,0.782,0.830,0.849,0.625,0.828,0.799,0.746,0.834,
 0.807,0.286,0.876,0.790,0.808,0.857,0.804,0.888,0.832,0.718,0.601,0.698,
 0.851,0.828,0.828,0.775,0.796,0.812,0.882,0.842,0.354,0.822,0.834,0.848,
 0.889,0.772,0.635,0.815]
Testing Group Acc: [0.211,0.044,0.000]
Epoch [173] Testing Results: Prec@1 20.310 Prec@5 39.050 Loss 4.79369
Epoch [173] Testing Class Recall: [0.620,0.610,0.550,0.510,0.430,0.520,0.630,0.660,0.690,0.530,0.290,0.280,
 0.610,0.520,0.340,0.380,0.490,0.680,0.470,0.380,0.010,0.570,0.140,0.580,
 0.160,0.160,0.240,0.220,0.230,0.160,0.430,0.050,0.190,0.280,0.190,0.170,
 0.260,0.130,0.170,0.310,0.040,0.090,0.200,0.200,0.080,0.030,0.100,0.290,
 0.060,0.150,0.050,0.110,0.690,0.110,0.220,0.040,0.290,0.050,0.010,0.060,
 0.460,0.120,0.330,0.090,0.000,0.010,0.070,0.020,0.110,0.100,0.270,0.220,
 0.020,0.060,0.020,0.060,0.270,0.000,0.000,0.000,0.010,0.000,0.030,0.000,
 0.010,0.040,0.000,0.010,0.050,0.000,0.010,0.000,0.000,0.010,0.100,0.060,
 0.010,0.000,0.000,0.030]
Training Group Acc: [0.759,0.411,0.000]
Epoch [174] Training Results: Prec@1 76.766 Prec@5 87.357 Loss 1.20080
Epoch [174] Training Class Recall: [0.626,0.656,0.611,0.636,0.623,0.727,0.625,0.727,0.704,0.700,0.682,0.528,
 0.759,0.742,0.706,0.741,0.654,0.755,0.751,0.736,0.277,0.779,0.625,0.806,
 0.386,0.734,0.762,0.801,0.791,0.790,0.679,0.306,0.802,0.802,0.777,0.741,
 0.789,0.776,0.819,0.722,0.787,0.753,0.829,0.823,0.809,0.799,0.757,0.809,
 0.722,0.814,0.823,0.798,0.811,0.500,0.779,0.864,0.794,0.668,0.772,0.721,
 0.839,0.809,0.780,0.824,0.767,0.846,0.845,0.625,0.833,0.793,0.757,0.832,
 0.812,0.295,0.871,0.777,0.813,0.857,0.811,0.876,0.832,0.744,0.595,0.707,
 0.851,0.832,0.825,0.799,0.794,0.812,0.878,0.845,0.343,0.822,0.834,0.846,
 0.889,0.758,0.639,0.812]
Testing Group Acc: [0.213,0.044,0.000]
Epoch [174] Testing Results: Prec@1 20.480 Prec@5 39.370 Loss 4.75985
Epoch [174] Testing Class Recall: [0.630,0.600,0.560,0.520,0.420,0.550,0.630,0.640,0.710,0.550,0.310,0.270,
 0.620,0.500,0.310,0.380,0.500,0.670,0.440,0.380,0.010,0.570,0.130,0.570,
 0.160,0.150,0.250,0.230,0.250,0.170,0.420,0.050,0.190,0.300,0.180,0.170,
 0.270,0.150,0.160,0.310,0.050,0.090,0.230,0.200,0.080,0.030,0.100,0.300,
 0.040,0.150,0.050,0.120,0.700,0.110,0.230,0.030,0.310,0.050,0.010,0.050,
 0.480,0.130,0.330,0.090,0.010,0.010,0.070,0.020,0.110,0.100,0.270,0.220,
 0.010,0.060,0.020,0.070,0.290,0.000,0.000,0.000,0.010,0.000,0.030,0.000,
 0.010,0.040,0.000,0.010,0.030,0.000,0.010,0.010,0.000,0.010,0.120,0.060,
 0.010,0.000,0.000,0.030]
Training Group Acc: [0.760,0.410,0.000]
Epoch [175] Training Results: Prec@1 76.829 Prec@5 87.383 Loss 1.19868
Epoch [175] Training Class Recall: [0.619,0.645,0.642,0.626,0.608,0.717,0.633,0.712,0.728,0.713,0.690,0.544,
 0.753,0.748,0.706,0.734,0.646,0.747,0.761,0.743,0.308,0.768,0.601,0.790,
 0.352,0.717,0.775,0.814,0.809,0.799,0.684,0.306,0.807,0.807,0.775,0.738,
 0.816,0.776,0.809,0.733,0.781,0.746,0.831,0.812,0.811,0.796,0.770,0.815,
 0.706,0.814,0.818,0.796,0.813,0.484,0.771,0.867,0.787,0.642,0.777,0.731,
 0.837,0.817,0.777,0.829,0.773,0.844,0.849,0.640,0.836,0.789,0.751,0.839,
 0.801,0.305,0.876,0.790,0.815,0.865,0.806,0.888,0.836,0.731,0.581,0.712,
 0.851,0.834,0.830,0.789,0.794,0.812,0.882,0.847,0.354,0.820,0.836,0.848,
 0.891,0.758,0.644,0.812]
Testing Group Acc: [0.213,0.042,0.000]
Epoch [175] Testing Results: Prec@1 20.450 Prec@5 39.100 Loss 4.82483
Epoch [175] Testing Class Recall: [0.630,0.610,0.550,0.510,0.420,0.540,0.630,0.630,0.700,0.530,0.320,0.260,
 0.660,0.500,0.280,0.380,0.520,0.670,0.470,0.380,0.010,0.560,0.180,0.580,
 0.150,0.170,0.240,0.240,0.280,0.160,0.430,0.050,0.170,0.300,0.190,0.170,
 0.280,0.140,0.160,0.310,0.040,0.090,0.220,0.190,0.080,0.030,0.100,0.310,
 0.070,0.150,0.050,0.120,0.660,0.110,0.210,0.020,0.300,0.050,0.010,0.070,
 0.480,0.120,0.330,0.100,0.000,0.010,0.060,0.010,0.100,0.100,0.280,0.210,
 0.010,0.050,0.020,0.070,0.280,0.000,0.000,0.000,0.010,0.000,0.030,0.000,
 0.010,0.040,0.000,0.010,0.050,0.000,0.010,0.000,0.000,0.010,0.110,0.060,
 0.010,0.000,0.000,0.030]
Training Group Acc: [0.760,0.414,0.000]
Epoch [176] Training Results: Prec@1 76.846 Prec@5 87.269 Loss 1.19047
Epoch [176] Training Class Recall: [0.615,0.649,0.622,0.643,0.629,0.707,0.644,0.739,0.738,0.694,0.677,0.512,
 0.755,0.729,0.683,0.751,0.666,0.768,0.765,0.745,0.246,0.777,0.619,0.790,
 0.364,0.744,0.751,0.808,0.806,0.793,0.722,0.378,0.812,0.802,0.793,0.738,
 0.801,0.788,0.806,0.725,0.790,0.749,0.831,0.816,0.804,0.780,0.757,0.809,
 0.710,0.803,0.814,0.791,0.822,0.500,0.768,0.867,0.787,0.658,0.782,0.736,
 0.847,0.827,0.777,0.834,0.785,0.844,0.843,0.625,0.836,0.803,0.743,0.834,
 0.795,0.305,0.868,0.784,0.808,0.851,0.801,0.888,0.830,0.731,0.568,0.707,
 0.854,0.828,0.825,0.789,0.794,0.807,0.885,0.842,0.354,0.825,0.834,0.846,
 0.889,0.765,0.639,0.812]
Testing Group Acc: [0.212,0.044,0.000]
Epoch [176] Testing Results: Prec@1 20.360 Prec@5 39.020 Loss 4.79178
Epoch [176] Testing Class Recall: [0.620,0.600,0.550,0.520,0.410,0.510,0.640,0.650,0.710,0.560,0.310,0.250,
 0.620,0.500,0.340,0.370,0.530,0.680,0.470,0.370,0.010,0.570,0.150,0.580,
 0.150,0.180,0.260,0.230,0.230,0.170,0.430,0.060,0.170,0.300,0.180,0.160,
 0.270,0.140,0.140,0.310,0.050,0.090,0.210,0.190,0.060,0.030,0.100,0.290,
 0.040,0.150,0.050,0.100,0.700,0.110,0.210,0.020,0.330,0.050,0.010,0.080,
 0.450,0.120,0.330,0.100,0.000,0.010,0.060,0.020,0.100,0.100,0.270,0.210,
 0.010,0.060,0.020,0.070,0.270,0.000,0.000,0.000,0.010,0.000,0.030,0.000,
 0.010,0.030,0.000,0.010,0.040,0.000,0.010,0.000,0.000,0.010,0.140,0.060,
 0.010,0.000,0.000,0.030]
Training Group Acc: [0.762,0.417,0.000]
Epoch [177] Training Results: Prec@1 77.006 Prec@5 87.523 Loss 1.18987
Epoch [177] Training Class Recall: [0.630,0.634,0.644,0.661,0.625,0.707,0.627,0.712,0.733,0.697,0.687,0.531,
 0.762,0.769,0.701,0.744,0.669,0.760,0.759,0.749,0.246,0.763,0.625,0.795,
 0.364,0.722,0.771,0.812,0.802,0.796,0.689,0.378,0.807,0.820,0.801,0.721,
 0.814,0.781,0.811,0.720,0.784,0.753,0.838,0.834,0.802,0.799,0.753,0.807,
 0.698,0.814,0.807,0.800,0.815,0.516,0.782,0.884,0.794,0.653,0.802,0.726,
 0.841,0.838,0.774,0.827,0.770,0.834,0.856,0.625,0.833,0.779,0.746,0.834,
 0.801,0.295,0.871,0.784,0.810,0.859,0.816,0.880,0.836,0.744,0.601,0.688,
 0.856,0.834,0.830,0.794,0.798,0.814,0.882,0.845,0.354,0.820,0.834,0.846,
 0.891,0.758,0.639,0.810]
Testing Group Acc: [0.213,0.042,0.000]
Epoch [177] Testing Results: Prec@1 20.430 Prec@5 39.070 Loss 4.78204
Epoch [177] Testing Class Recall: [0.620,0.610,0.530,0.530,0.430,0.550,0.640,0.610,0.670,0.540,0.310,0.270,
 0.600,0.510,0.300,0.380,0.520,0.680,0.430,0.370,0.010,0.570,0.170,0.580,
 0.150,0.180,0.280,0.240,0.280,0.180,0.420,0.050,0.190,0.290,0.180,0.160,
 0.260,0.150,0.140,0.310,0.040,0.090,0.210,0.190,0.080,0.020,0.100,0.290,
 0.050,0.150,0.050,0.120,0.650,0.120,0.210,0.030,0.310,0.040,0.010,0.090,
 0.480,0.130,0.330,0.100,0.000,0.010,0.060,0.020,0.110,0.110,0.280,0.210,
 0.020,0.060,0.030,0.060,0.270,0.000,0.000,0.000,0.010,0.000,0.020,0.000,
 0.010,0.050,0.000,0.010,0.040,0.000,0.010,0.000,0.000,0.010,0.150,0.060,
 0.010,0.000,0.000,0.030]
Training Group Acc: [0.761,0.410,0.000]
Epoch [178] Training Results: Prec@1 76.934 Prec@5 87.529 Loss 1.18482
Epoch [178] Training Class Recall: [0.630,0.659,0.633,0.622,0.614,0.722,0.619,0.727,0.726,0.690,0.690,0.559,
 0.764,0.751,0.688,0.741,0.683,0.775,0.755,0.763,0.277,0.790,0.612,0.799,
 0.375,0.737,0.757,0.810,0.788,0.784,0.684,0.327,0.807,0.807,0.780,0.728,
 0.809,0.783,0.809,0.725,0.790,0.729,0.831,0.814,0.813,0.796,0.760,0.813,
 0.694,0.822,0.820,0.787,0.813,0.508,0.782,0.881,0.783,0.668,0.777,0.731,
 0.845,0.831,0.786,0.832,0.770,0.844,0.843,0.647,0.833,0.789,0.757,0.825,
 0.807,0.295,0.874,0.790,0.815,0.849,0.799,0.885,0.836,0.718,0.595,0.702,
 0.859,0.826,0.825,0.789,0.794,0.814,0.885,0.842,0.354,0.817,0.834,0.846,
 0.891,0.768,0.639,0.810]
Testing Group Acc: [0.212,0.044,0.000]
Epoch [178] Testing Results: Prec@1 20.390 Prec@5 39.020 Loss 4.79986
Epoch [178] Testing Class Recall: [0.630,0.620,0.550,0.500,0.450,0.500,0.660,0.610,0.700,0.550,0.300,0.280,
 0.620,0.500,0.320,0.360,0.510,0.680,0.440,0.370,0.010,0.600,0.150,0.580,
 0.160,0.190,0.240,0.230,0.260,0.180,0.420,0.050,0.180,0.280,0.180,0.160,
 0.260,0.130,0.150,0.310,0.040,0.090,0.190,0.200,0.080,0.020,0.100,0.270,
 0.060,0.160,0.050,0.100,0.660,0.120,0.220,0.020,0.270,0.040,0.010,0.070,
 0.460,0.130,0.330,0.110,0.000,0.010,0.070,0.020,0.110,0.100,0.280,0.210,
 0.020,0.060,0.020,0.060,0.320,0.000,0.000,0.000,0.020,0.000,0.020,0.000,
 0.010,0.050,0.000,0.010,0.060,0.000,0.010,0.000,0.000,0.010,0.130,0.060,
 0.030,0.000,0.000,0.030]
Training Group Acc: [0.761,0.421,0.000]
Epoch [179] Training Results: Prec@1 76.926 Prec@5 87.657 Loss 1.17575
Epoch [179] Training Class Recall: [0.623,0.663,0.642,0.650,0.614,0.697,0.641,0.724,0.731,0.700,0.672,0.537,
 0.757,0.739,0.688,0.728,0.669,0.766,0.755,0.740,0.277,0.772,0.601,0.785,
 0.364,0.729,0.755,0.817,0.824,0.793,0.694,0.367,0.802,0.797,0.788,0.751,
 0.789,0.776,0.817,0.725,0.774,0.746,0.843,0.827,0.811,0.799,0.757,0.813,
 0.722,0.808,0.820,0.787,0.817,0.500,0.768,0.872,0.787,0.674,0.792,0.726,
 0.845,0.820,0.780,0.837,0.776,0.850,0.843,0.625,0.833,0.789,0.743,0.832,
 0.815,0.305,0.868,0.790,0.804,0.859,0.811,0.890,0.832,0.744,0.581,0.712,
 0.854,0.837,0.828,0.789,0.800,0.820,0.885,0.847,0.354,0.817,0.836,0.846,
 0.893,0.765,0.639,0.812]
Testing Group Acc: [0.215,0.040,0.000]
Epoch [179] Testing Results: Prec@1 20.580 Prec@5 39.310 Loss 4.77272
Epoch [179] Testing Class Recall: [0.630,0.620,0.540,0.520,0.430,0.520,0.640,0.610,0.670,0.550,0.330,0.260,
 0.630,0.500,0.310,0.360,0.490,0.680,0.430,0.380,0.010,0.600,0.160,0.580,
 0.150,0.200,0.250,0.250,0.270,0.180,0.430,0.040,0.170,0.290,0.180,0.170,
 0.270,0.130,0.150,0.320,0.060,0.100,0.210,0.200,0.080,0.020,0.100,0.290,
 0.070,0.170,0.050,0.120,0.640,0.130,0.220,0.030,0.270,0.040,0.010,0.070,
 0.490,0.120,0.330,0.110,0.000,0.010,0.070,0.020,0.130,0.110,0.290,0.220,
 0.020,0.050,0.020,0.070,0.270,0.000,0.000,0.000,0.010,0.000,0.040,0.000,
 0.010,0.040,0.000,0.010,0.070,0.000,0.010,0.000,0.000,0.010,0.150,0.060,
 0.020,0.010,0.000,0.030]
Training Group Acc: [0.765,0.415,0.000]
Epoch [180] Training Results: Prec@1 77.286 Prec@5 87.794 Loss 1.16779
Epoch [180] Training Class Recall: [0.615,0.688,0.633,0.661,0.618,0.722,0.605,0.763,0.728,0.697,0.682,0.566,
 0.768,0.739,0.696,0.728,0.649,0.768,0.774,0.754,0.246,0.788,0.619,0.788,
 0.364,0.739,0.759,0.808,0.827,0.799,0.722,0.357,0.815,0.815,0.806,0.744,
 0.806,0.800,0.817,0.730,0.803,0.736,0.838,0.825,0.813,0.802,0.767,0.802,
 0.706,0.824,0.812,0.791,0.815,0.516,0.776,0.867,0.794,0.689,0.792,0.721,
 0.843,0.827,0.774,0.832,0.776,0.841,0.847,0.647,0.836,0.803,0.751,0.834,
 0.812,0.295,0.865,0.787,0.813,0.859,0.801,0.900,0.836,0.744,0.588,0.707,
 0.856,0.832,0.830,0.799,0.796,0.820,0.882,0.845,0.364,0.827,0.836,0.846,
 0.891,0.765,0.635,0.812]
Testing Group Acc: [0.214,0.044,0.000]
Epoch [180] Testing Results: Prec@1 20.560 Prec@5 39.110 Loss 4.78706
Epoch [180] Testing Class Recall: [0.630,0.610,0.540,0.520,0.450,0.530,0.650,0.630,0.700,0.540,0.310,0.250,
 0.640,0.510,0.310,0.370,0.540,0.680,0.460,0.360,0.010,0.580,0.170,0.580,
 0.150,0.190,0.230,0.230,0.240,0.180,0.430,0.060,0.170,0.300,0.180,0.150,
 0.270,0.150,0.140,0.310,0.040,0.090,0.220,0.210,0.060,0.020,0.110,0.270,
 0.060,0.160,0.050,0.100,0.680,0.130,0.210,0.020,0.340,0.040,0.010,0.070,
 0.490,0.100,0.320,0.100,0.000,0.010,0.080,0.020,0.130,0.110,0.290,0.220,
 0.020,0.060,0.020,0.070,0.250,0.000,0.000,0.000,0.030,0.000,0.040,0.000,
 0.010,0.050,0.000,0.010,0.030,0.000,0.010,0.000,0.000,0.020,0.130,0.060,
 0.010,0.000,0.000,0.030]
Training Group Acc: [0.762,0.432,0.000]
Epoch [181] Training Results: Prec@1 77.049 Prec@5 87.746 Loss 1.16860
Epoch [181] Training Class Recall: [0.637,0.667,0.639,0.643,0.588,0.722,0.641,0.741,0.719,0.697,0.690,0.544,
 0.768,0.739,0.714,0.746,0.652,0.777,0.759,0.749,0.277,0.788,0.622,0.808,
 0.364,0.722,0.757,0.790,0.820,0.799,0.699,0.398,0.797,0.802,0.809,0.733,
 0.804,0.778,0.824,0.733,0.787,0.742,0.824,0.809,0.806,0.774,0.747,0.811,
 0.694,0.822,0.825,0.800,0.822,0.500,0.785,0.877,0.787,0.668,0.777,0.706,
 0.845,0.831,0.774,0.832,0.770,0.844,0.849,0.632,0.836,0.799,0.751,0.827,
 0.798,0.314,0.871,0.787,0.813,0.862,0.806,0.890,0.834,0.756,0.574,0.707,
 0.849,0.834,0.825,0.799,0.803,0.814,0.882,0.847,0.364,0.822,0.834,0.843,
 0.895,0.765,0.635,0.812]
Testing Group Acc: [0.213,0.042,0.000]
Epoch [181] Testing Results: Prec@1 20.480 Prec@5 39.300 Loss 4.80225
Epoch [181] Testing Class Recall: [0.610,0.620,0.550,0.500,0.470,0.530,0.630,0.610,0.700,0.540,0.300,0.270,
 0.630,0.500,0.310,0.370,0.540,0.690,0.460,0.360,0.010,0.590,0.160,0.580,
 0.140,0.180,0.230,0.240,0.270,0.180,0.420,0.060,0.170,0.320,0.180,0.160,
 0.270,0.140,0.170,0.310,0.030,0.090,0.210,0.210,0.080,0.020,0.100,0.290,
 0.050,0.150,0.050,0.110,0.630,0.150,0.210,0.020,0.310,0.040,0.010,0.070,
 0.480,0.110,0.330,0.100,0.000,0.010,0.060,0.020,0.100,0.110,0.280,0.210,
 0.020,0.060,0.020,0.070,0.280,0.000,0.000,0.000,0.020,0.000,0.040,0.000,
 0.010,0.050,0.000,0.010,0.060,0.000,0.010,0.000,0.000,0.010,0.110,0.060,
 0.010,0.000,0.000,0.030]
Training Group Acc: [0.762,0.410,0.000]
Epoch [182] Training Results: Prec@1 76.989 Prec@5 87.851 Loss 1.16763
Epoch [182] Training Class Recall: [0.623,0.667,0.617,0.647,0.599,0.722,0.616,0.751,0.724,0.681,0.672,0.528,
 0.766,0.745,0.696,0.744,0.680,0.766,0.746,0.736,0.262,0.777,0.636,0.797,
 0.364,0.749,0.751,0.793,0.831,0.784,0.722,0.327,0.805,0.818,0.783,0.746,
 0.811,0.798,0.806,0.728,0.799,0.742,0.831,0.807,0.800,0.787,0.753,0.820,
 0.702,0.806,0.818,0.798,0.824,0.516,0.779,0.867,0.798,0.653,0.792,0.726,
 0.841,0.824,0.783,0.834,0.773,0.844,0.840,0.610,0.836,0.796,0.760,0.834,
 0.810,0.314,0.876,0.790,0.813,0.857,0.811,0.888,0.834,0.744,0.601,0.712,
 0.851,0.834,0.825,0.784,0.805,0.809,0.878,0.845,0.354,0.820,0.836,0.846,
 0.893,0.765,0.639,0.812]
Testing Group Acc: [0.214,0.046,0.000]
Epoch [182] Testing Results: Prec@1 20.560 Prec@5 39.110 Loss 4.78964
Epoch [182] Testing Class Recall: [0.630,0.590,0.540,0.530,0.440,0.530,0.630,0.650,0.680,0.560,0.290,0.280,
 0.610,0.490,0.310,0.370,0.550,0.640,0.450,0.360,0.010,0.580,0.160,0.580,
 0.160,0.210,0.240,0.230,0.260,0.170,0.440,0.060,0.170,0.290,0.180,0.160,
 0.270,0.160,0.160,0.320,0.040,0.090,0.220,0.200,0.070,0.030,0.100,0.280,
 0.070,0.150,0.050,0.100,0.660,0.120,0.230,0.020,0.320,0.040,0.010,0.070,
 0.480,0.120,0.320,0.110,0.000,0.010,0.060,0.020,0.120,0.120,0.280,0.230,
 0.010,0.060,0.020,0.070,0.270,0.000,0.000,0.000,0.020,0.000,0.020,0.000,
 0.010,0.040,0.000,0.010,0.060,0.000,0.010,0.010,0.000,0.020,0.150,0.060,
 0.010,0.000,0.000,0.030]
Training Group Acc: [0.765,0.421,0.000]
Epoch [183] Training Results: Prec@1 77.297 Prec@5 87.694 Loss 1.17062
Epoch [183] Training Class Recall: [0.626,0.649,0.631,0.673,0.616,0.739,0.653,0.741,0.743,0.716,0.685,0.556,
 0.773,0.763,0.706,0.744,0.674,0.781,0.776,0.752,0.231,0.788,0.612,0.788,
 0.375,0.741,0.775,0.806,0.809,0.769,0.708,0.388,0.815,0.799,0.791,0.741,
 0.804,0.786,0.800,0.725,0.790,0.736,0.838,0.825,0.809,0.790,0.777,0.813,
 0.725,0.811,0.827,0.784,0.822,0.516,0.776,0.867,0.805,0.658,0.797,0.726,
 0.845,0.827,0.774,0.824,0.785,0.844,0.843,0.632,0.836,0.796,0.757,0.834,
 0.798,0.324,0.874,0.777,0.815,0.859,0.811,0.880,0.834,0.756,0.581,0.698,
 0.846,0.832,0.828,0.804,0.798,0.814,0.882,0.850,0.354,0.825,0.836,0.843,
 0.891,0.762,0.639,0.810]
Testing Group Acc: [0.215,0.040,0.000]
Epoch [183] Testing Results: Prec@1 20.630 Prec@5 39.120 Loss 4.82363
Epoch [183] Testing Class Recall: [0.630,0.610,0.550,0.510,0.440,0.540,0.640,0.630,0.710,0.550,0.310,0.260,
 0.660,0.500,0.330,0.360,0.540,0.700,0.460,0.360,0.010,0.570,0.160,0.580,
 0.130,0.180,0.240,0.220,0.270,0.170,0.430,0.060,0.170,0.330,0.180,0.160,
 0.270,0.150,0.140,0.310,0.050,0.090,0.220,0.210,0.070,0.030,0.100,0.290,
 0.050,0.160,0.050,0.100,0.650,0.130,0.210,0.020,0.330,0.050,0.010,0.070,
 0.490,0.130,0.320,0.100,0.000,0.010,0.070,0.020,0.120,0.100,0.280,0.220,
 0.010,0.060,0.020,0.060,0.290,0.000,0.000,0.000,0.010,0.000,0.040,0.000,
 0.010,0.040,0.000,0.010,0.060,0.000,0.010,0.000,0.000,0.010,0.130,0.060,
 0.010,0.000,0.000,0.030]
Training Group Acc: [0.763,0.411,0.000]
Epoch [184] Training Results: Prec@1 77.097 Prec@5 87.754 Loss 1.17182
Epoch [184] Training Class Recall: [0.623,0.678,0.633,0.636,0.612,0.749,0.633,0.739,0.724,0.713,0.695,0.534,
 0.753,0.742,0.696,0.744,0.686,0.762,0.763,0.766,0.246,0.777,0.601,0.795,
 0.352,0.741,0.768,0.810,0.820,0.814,0.699,0.357,0.805,0.805,0.783,0.749,
 0.806,0.786,0.802,0.735,0.771,0.732,0.836,0.818,0.818,0.780,0.753,0.822,
 0.706,0.806,0.823,0.796,0.811,0.492,0.779,0.867,0.794,0.653,0.787,0.736,
 0.845,0.806,0.786,0.832,0.798,0.825,0.840,0.625,0.831,0.803,0.746,0.834,
 0.807,0.314,0.876,0.796,0.808,0.862,0.806,0.883,0.834,0.744,0.595,0.698,
 0.859,0.834,0.830,0.784,0.794,0.820,0.885,0.847,0.354,0.820,0.834,0.846,
 0.893,0.762,0.639,0.812]
Testing Group Acc: [0.213,0.040,0.000]
Epoch [184] Testing Results: Prec@1 20.430 Prec@5 38.740 Loss 4.83140
Epoch [184] Testing Class Recall: [0.630,0.600,0.550,0.520,0.440,0.530,0.620,0.620,0.690,0.550,0.310,0.260,
 0.630,0.500,0.330,0.380,0.550,0.700,0.450,0.370,0.010,0.580,0.170,0.580,
 0.130,0.180,0.240,0.190,0.260,0.160,0.420,0.060,0.170,0.290,0.180,0.160,
 0.280,0.150,0.160,0.310,0.030,0.090,0.230,0.210,0.080,0.030,0.100,0.280,
 0.050,0.160,0.050,0.100,0.680,0.120,0.200,0.020,0.300,0.040,0.010,0.060,
 0.480,0.130,0.320,0.100,0.000,0.010,0.060,0.020,0.110,0.110,0.280,0.210,
 0.010,0.060,0.020,0.070,0.290,0.000,0.000,0.000,0.000,0.000,0.030,0.000,
 0.010,0.050,0.000,0.010,0.040,0.000,0.010,0.000,0.000,0.010,0.140,0.060,
 0.010,0.000,0.000,0.030]
Training Group Acc: [0.764,0.425,0.000]
Epoch [185] Training Results: Prec@1 77.254 Prec@5 87.823 Loss 1.16420
Epoch [185] Training Class Recall: [0.641,0.652,0.625,0.645,0.631,0.722,0.639,0.741,0.716,0.703,0.677,0.562,
 0.766,0.757,0.703,0.739,0.654,0.760,0.753,0.752,0.262,0.799,0.615,0.811,
 0.398,0.734,0.784,0.803,0.824,0.796,0.722,0.378,0.799,0.826,0.783,0.756,
 0.804,0.810,0.813,0.738,0.796,0.742,0.836,0.827,0.820,0.790,0.777,0.807,
 0.706,0.824,0.816,0.798,0.820,0.508,0.782,0.869,0.787,0.674,0.772,0.716,
 0.841,0.827,0.774,0.821,0.779,0.841,0.849,0.632,0.836,0.793,0.743,0.834,
 0.812,0.305,0.871,0.784,0.813,0.851,0.814,0.890,0.834,0.744,0.588,0.702,
 0.859,0.832,0.823,0.784,0.794,0.814,0.885,0.847,0.343,0.815,0.834,0.843,
 0.893,0.765,0.639,0.815]
Testing Group Acc: [0.211,0.044,0.000]
Epoch [185] Testing Results: Prec@1 20.270 Prec@5 38.720 Loss 4.87346
Epoch [185] Testing Class Recall: [0.640,0.610,0.560,0.540,0.430,0.540,0.630,0.660,0.700,0.540,0.300,0.260,
 0.630,0.510,0.320,0.360,0.520,0.650,0.460,0.360,0.010,0.580,0.160,0.580,
 0.160,0.190,0.230,0.250,0.250,0.170,0.420,0.050,0.170,0.290,0.180,0.150,
 0.270,0.130,0.140,0.300,0.040,0.090,0.210,0.190,0.060,0.030,0.100,0.260,
 0.060,0.160,0.040,0.100,0.650,0.120,0.200,0.020,0.290,0.040,0.010,0.070,
 0.480,0.090,0.330,0.100,0.000,0.010,0.070,0.020,0.130,0.100,0.280,0.220,
 0.010,0.060,0.020,0.060,0.280,0.000,0.000,0.000,0.010,0.000,0.020,0.000,
 0.010,0.040,0.000,0.010,0.050,0.000,0.010,0.000,0.000,0.010,0.110,0.060,
 0.010,0.000,0.000,0.030]
Training Group Acc: [0.763,0.394,0.000]
Epoch [186] Training Results: Prec@1 77.029 Prec@5 87.631 Loss 1.16977
Epoch [186] Training Class Recall: [0.623,0.652,0.628,0.664,0.633,0.732,0.625,0.739,0.707,0.687,0.685,0.559,
 0.762,0.733,0.711,0.736,0.635,0.764,0.753,0.749,0.231,0.781,0.588,0.790,
 0.375,0.749,0.762,0.812,0.820,0.796,0.708,0.316,0.799,0.805,0.796,0.749,
 0.799,0.796,0.826,0.733,0.787,0.746,0.843,0.814,0.820,0.784,0.757,0.820,
 0.714,0.803,0.823,0.791,0.815,0.508,0.773,0.879,0.787,0.674,0.797,0.726,
 0.832,0.817,0.783,0.824,0.785,0.844,0.851,0.632,0.833,0.799,0.763,0.832,
 0.801,0.324,0.871,0.784,0.808,0.849,0.811,0.883,0.827,0.692,0.595,0.698,
 0.854,0.834,0.828,0.799,0.794,0.814,0.882,0.845,0.354,0.820,0.836,0.846,
 0.891,0.758,0.639,0.812]
Testing Group Acc: [0.213,0.046,0.000]
Epoch [186] Testing Results: Prec@1 20.510 Prec@5 38.950 Loss 4.81649
Epoch [186] Testing Class Recall: [0.630,0.600,0.550,0.510,0.450,0.560,0.650,0.640,0.700,0.540,0.310,0.270,
 0.640,0.500,0.300,0.370,0.520,0.680,0.450,0.360,0.010,0.570,0.170,0.580,
 0.160,0.180,0.240,0.230,0.250,0.180,0.450,0.060,0.170,0.290,0.180,0.160,
 0.270,0.150,0.160,0.310,0.040,0.090,0.210,0.200,0.060,0.020,0.100,0.270,
 0.060,0.160,0.040,0.100,0.660,0.140,0.200,0.020,0.320,0.040,0.010,0.070,
 0.490,0.100,0.330,0.100,0.000,0.010,0.060,0.020,0.130,0.100,0.280,0.220,
 0.010,0.060,0.020,0.070,0.280,0.000,0.000,0.000,0.010,0.000,0.030,0.000,
 0.010,0.040,0.000,0.010,0.060,0.000,0.010,0.000,0.000,0.010,0.140,0.060,
 0.010,0.000,0.000,0.030]
Training Group Acc: [0.764,0.415,0.000]
Epoch [187] Training Results: Prec@1 77.177 Prec@5 87.771 Loss 1.16997
Epoch [187] Training Class Recall: [0.645,0.656,0.636,0.664,0.620,0.724,0.647,0.724,0.736,0.681,0.677,0.588,
 0.757,0.760,0.708,0.744,0.663,0.771,0.763,0.756,0.262,0.770,0.598,0.795,
 0.375,0.737,0.764,0.806,0.824,0.799,0.703,0.378,0.805,0.810,0.780,0.723,
 0.801,0.786,0.813,0.733,0.793,0.736,0.838,0.825,0.806,0.802,0.791,0.809,
 0.725,0.811,0.827,0.796,0.820,0.516,0.779,0.872,0.792,0.658,0.787,0.721,
 0.843,0.820,0.786,0.821,0.773,0.837,0.851,0.640,0.836,0.796,0.743,0.839,
 0.804,0.305,0.879,0.787,0.815,0.857,0.809,0.888,0.834,0.705,0.595,0.698,
 0.854,0.839,0.828,0.794,0.791,0.809,0.882,0.850,0.354,0.817,0.831,0.846,
 0.889,0.762,0.644,0.810]
Testing Group Acc: [0.212,0.038,0.000]
Epoch [187] Testing Results: Prec@1 20.330 Prec@5 39.070 Loss 4.80828
Epoch [187] Testing Class Recall: [0.630,0.630,0.570,0.530,0.440,0.520,0.640,0.610,0.670,0.530,0.310,0.260,
 0.620,0.500,0.290,0.380,0.500,0.700,0.440,0.360,0.010,0.590,0.160,0.580,
 0.130,0.200,0.230,0.260,0.260,0.180,0.430,0.050,0.170,0.290,0.180,0.160,
 0.260,0.140,0.140,0.310,0.040,0.090,0.220,0.200,0.080,0.030,0.100,0.280,
 0.060,0.160,0.050,0.110,0.640,0.120,0.220,0.020,0.290,0.040,0.010,0.080,
 0.480,0.090,0.320,0.100,0.000,0.010,0.070,0.020,0.120,0.080,0.260,0.210,
 0.020,0.060,0.020,0.070,0.290,0.000,0.000,0.000,0.010,0.000,0.020,0.000,
 0.010,0.040,0.000,0.020,0.050,0.000,0.010,0.000,0.000,0.010,0.140,0.060,
 0.010,0.000,0.000,0.030]
Training Group Acc: [0.763,0.407,0.000]
Epoch [188] Training Results: Prec@1 77.120 Prec@5 87.680 Loss 1.17090
Epoch [188] Training Class Recall: [0.623,0.667,0.628,0.661,0.631,0.722,0.641,0.754,0.731,0.697,0.677,0.553,
 0.771,0.736,0.680,0.759,0.666,0.768,0.744,0.747,0.246,0.779,0.608,0.795,
 0.364,0.732,0.773,0.814,0.817,0.805,0.689,0.367,0.794,0.797,0.783,0.751,
 0.797,0.776,0.826,0.725,0.796,0.742,0.833,0.829,0.804,0.796,0.787,0.818,
 0.702,0.814,0.829,0.793,0.822,0.508,0.768,0.879,0.789,0.663,0.787,0.736,
 0.839,0.817,0.777,0.821,0.779,0.828,0.845,0.632,0.828,0.799,0.754,0.832,
 0.815,0.305,0.871,0.787,0.810,0.859,0.809,0.890,0.839,0.705,0.595,0.702,
 0.854,0.834,0.828,0.784,0.796,0.814,0.878,0.847,0.354,0.825,0.831,0.846,
 0.891,0.765,0.644,0.810]
Testing Group Acc: [0.212,0.040,0.000]
Epoch [188] Testing Results: Prec@1 20.360 Prec@5 38.770 Loss 4.83010
Epoch [188] Testing Class Recall: [0.630,0.620,0.540,0.500,0.440,0.520,0.640,0.620,0.700,0.530,0.310,0.270,
 0.620,0.520,0.340,0.380,0.540,0.680,0.450,0.370,0.010,0.590,0.170,0.580,
 0.130,0.180,0.270,0.230,0.250,0.170,0.430,0.060,0.170,0.280,0.180,0.160,
 0.270,0.140,0.170,0.310,0.050,0.090,0.220,0.190,0.070,0.020,0.100,0.270,
 0.050,0.150,0.050,0.100,0.670,0.120,0.210,0.020,0.290,0.040,0.010,0.050,
 0.480,0.110,0.320,0.100,0.000,0.010,0.060,0.020,0.110,0.100,0.290,0.200,
 0.020,0.060,0.020,0.070,0.270,0.000,0.000,0.000,0.010,0.000,0.030,0.000,
 0.010,0.050,0.000,0.010,0.040,0.000,0.010,0.000,0.000,0.010,0.110,0.060,
 0.010,0.000,0.000,0.030]
Training Group Acc: [0.763,0.429,0.000]
Epoch [189] Training Results: Prec@1 77.063 Prec@5 87.794 Loss 1.16882
Epoch [189] Training Class Recall: [0.604,0.649,0.603,0.657,0.606,0.727,0.633,0.727,0.736,0.726,0.672,0.537,
 0.764,0.769,0.691,0.756,0.663,0.768,0.768,0.749,0.262,0.781,0.608,0.795,
 0.386,0.751,0.768,0.793,0.806,0.811,0.703,0.388,0.810,0.812,0.791,0.744,
 0.792,0.786,0.804,0.728,0.787,0.749,0.829,0.818,0.809,0.799,0.777,0.800,
 0.682,0.819,0.827,0.791,0.815,0.508,0.768,0.879,0.783,0.679,0.782,0.716,
 0.837,0.831,0.774,0.821,0.773,0.839,0.836,0.654,0.839,0.796,0.763,0.836,
 0.810,0.333,0.865,0.793,0.810,0.859,0.806,0.883,0.836,0.756,0.588,0.707,
 0.854,0.834,0.820,0.794,0.791,0.814,0.885,0.845,0.354,0.825,0.841,0.850,
 0.893,0.768,0.644,0.812]
Testing Group Acc: [0.214,0.042,0.000]
Epoch [189] Testing Results: Prec@1 20.510 Prec@5 39.040 Loss 4.80683
Epoch [189] Testing Class Recall: [0.620,0.620,0.540,0.530,0.450,0.520,0.640,0.630,0.710,0.550,0.320,0.260,
 0.630,0.500,0.270,0.360,0.540,0.670,0.440,0.360,0.010,0.600,0.170,0.580,
 0.150,0.180,0.240,0.220,0.250,0.180,0.430,0.050,0.180,0.290,0.180,0.160,
 0.270,0.140,0.150,0.310,0.060,0.090,0.230,0.210,0.060,0.020,0.110,0.280,
 0.060,0.160,0.050,0.100,0.710,0.120,0.200,0.020,0.310,0.040,0.010,0.070,
 0.480,0.130,0.320,0.100,0.000,0.010,0.070,0.020,0.130,0.100,0.280,0.220,
 0.000,0.060,0.020,0.070,0.300,0.000,0.000,0.000,0.020,0.000,0.030,0.000,
 0.010,0.050,0.000,0.010,0.030,0.000,0.010,0.000,0.000,0.020,0.110,0.060,
 0.010,0.000,0.000,0.030]
Training Group Acc: [0.763,0.423,0.000]
Epoch [190] Training Results: Prec@1 77.100 Prec@5 87.657 Loss 1.17002
Epoch [190] Training Class Recall: [0.619,0.678,0.631,0.652,0.623,0.747,0.630,0.737,0.731,0.723,0.662,0.550,
 0.764,0.720,0.711,0.736,0.666,0.771,0.761,0.733,0.262,0.770,0.608,0.804,
 0.398,0.766,0.777,0.786,0.795,0.793,0.703,0.357,0.820,0.818,0.785,0.741,
 0.801,0.791,0.794,0.725,0.790,0.736,0.843,0.816,0.811,0.796,0.777,0.809,
 0.710,0.811,0.820,0.791,0.813,0.484,0.768,0.872,0.785,0.668,0.782,0.736,
 0.843,0.820,0.780,0.821,0.779,0.850,0.847,0.654,0.839,0.796,0.763,0.841,
 0.804,0.295,0.874,0.784,0.810,0.851,0.801,0.885,0.832,0.744,0.588,0.716,
 0.846,0.832,0.828,0.799,0.796,0.817,0.882,0.847,0.354,0.822,0.834,0.843,
 0.895,0.762,0.644,0.812]
Testing Group Acc: [0.213,0.042,0.000]
Epoch [190] Testing Results: Prec@1 20.420 Prec@5 38.840 Loss 4.83513
Epoch [190] Testing Class Recall: [0.630,0.620,0.560,0.520,0.430,0.540,0.610,0.630,0.690,0.540,0.310,0.260,
 0.650,0.510,0.330,0.360,0.540,0.690,0.450,0.360,0.010,0.590,0.170,0.570,
 0.150,0.170,0.240,0.220,0.240,0.170,0.430,0.050,0.170,0.310,0.180,0.160,
 0.260,0.140,0.160,0.310,0.040,0.090,0.220,0.220,0.080,0.020,0.100,0.290,
 0.050,0.160,0.050,0.110,0.670,0.120,0.210,0.020,0.280,0.040,0.010,0.070,
 0.480,0.110,0.320,0.100,0.000,0.010,0.070,0.020,0.110,0.080,0.280,0.220,
 0.020,0.060,0.020,0.070,0.300,0.000,0.000,0.000,0.010,0.000,0.020,0.000,
 0.010,0.050,0.000,0.010,0.040,0.000,0.010,0.000,0.000,0.010,0.110,0.060,
 0.010,0.000,0.000,0.030]
Training Group Acc: [0.763,0.430,0.000]
Epoch [191] Training Results: Prec@1 77.131 Prec@5 87.849 Loss 1.16629
Epoch [191] Training Class Recall: [0.637,0.674,0.647,0.664,0.616,0.732,0.627,0.727,0.712,0.710,0.662,0.537,
 0.757,0.729,0.701,0.736,0.660,0.760,0.765,0.754,0.277,0.783,0.629,0.804,
 0.409,0.754,0.768,0.803,0.809,0.808,0.689,0.367,0.807,0.812,0.775,0.744,
 0.806,0.786,0.822,0.735,0.799,0.746,0.836,0.823,0.804,0.808,0.764,0.802,
 0.678,0.814,0.814,0.798,0.824,0.516,0.779,0.877,0.796,0.642,0.797,0.736,
 0.845,0.820,0.777,0.824,0.773,0.846,0.847,0.647,0.833,0.796,0.751,0.827,
 0.812,0.305,0.868,0.784,0.813,0.857,0.809,0.890,0.834,0.744,0.588,0.693,
 0.849,0.834,0.823,0.784,0.796,0.812,0.882,0.845,0.354,0.827,0.839,0.846,
 0.897,0.758,0.639,0.812]
Testing Group Acc: [0.214,0.042,0.000]
Epoch [191] Testing Results: Prec@1 20.540 Prec@5 39.060 Loss 4.81287
Epoch [191] Testing Class Recall: [0.620,0.630,0.550,0.520,0.470,0.520,0.630,0.650,0.690,0.550,0.310,0.270,
 0.620,0.490,0.290,0.360,0.520,0.670,0.460,0.350,0.010,0.600,0.140,0.580,
 0.150,0.200,0.240,0.240,0.280,0.180,0.430,0.050,0.170,0.290,0.180,0.160,
 0.270,0.150,0.150,0.320,0.060,0.090,0.210,0.180,0.080,0.030,0.100,0.260,
 0.070,0.160,0.050,0.100,0.670,0.130,0.210,0.020,0.290,0.050,0.010,0.070,
 0.480,0.130,0.330,0.100,0.000,0.010,0.060,0.020,0.130,0.120,0.280,0.210,
 0.010,0.060,0.020,0.060,0.310,0.000,0.000,0.000,0.020,0.000,0.030,0.000,
 0.010,0.040,0.000,0.010,0.050,0.000,0.010,0.000,0.000,0.020,0.120,0.060,
 0.010,0.000,0.000,0.030]
Training Group Acc: [0.763,0.420,0.000]
Epoch [192] Training Results: Prec@1 77.151 Prec@5 87.757 Loss 1.16910
Epoch [192] Training Class Recall: [0.634,0.667,0.633,0.654,0.612,0.722,0.625,0.734,0.726,0.697,0.677,0.569,
 0.751,0.751,0.693,0.741,0.657,0.771,0.768,0.768,0.246,0.774,0.608,0.804,
 0.386,0.727,0.777,0.819,0.809,0.808,0.718,0.357,0.810,0.823,0.788,0.738,
 0.801,0.781,0.815,0.741,0.787,0.753,0.831,0.823,0.806,0.793,0.774,0.813,
 0.722,0.811,0.823,0.793,0.820,0.500,0.776,0.879,0.787,0.663,0.782,0.731,
 0.841,0.820,0.771,0.832,0.767,0.832,0.854,0.618,0.839,0.789,0.760,0.834,
 0.804,0.305,0.871,0.787,0.810,0.862,0.806,0.888,0.832,0.756,0.588,0.712,
 0.851,0.832,0.830,0.794,0.794,0.812,0.878,0.845,0.354,0.820,0.836,0.841,
 0.891,0.758,0.644,0.812]
Testing Group Acc: [0.215,0.044,0.000]
Epoch [192] Testing Results: Prec@1 20.680 Prec@5 39.220 Loss 4.77569
Epoch [192] Testing Class Recall: [0.630,0.610,0.540,0.510,0.450,0.560,0.640,0.620,0.700,0.540,0.330,0.260,
 0.640,0.510,0.320,0.360,0.540,0.690,0.470,0.360,0.010,0.560,0.160,0.580,
 0.160,0.190,0.230,0.240,0.260,0.180,0.430,0.050,0.180,0.300,0.170,0.160,
 0.270,0.150,0.170,0.320,0.040,0.090,0.210,0.210,0.070,0.030,0.100,0.310,
 0.050,0.160,0.050,0.110,0.660,0.130,0.210,0.020,0.320,0.050,0.010,0.080,
 0.500,0.130,0.320,0.100,0.000,0.010,0.070,0.020,0.110,0.110,0.290,0.210,
 0.020,0.060,0.020,0.070,0.270,0.000,0.000,0.000,0.020,0.000,0.040,0.000,
 0.010,0.040,0.000,0.010,0.040,0.000,0.010,0.000,0.000,0.010,0.130,0.060,
 0.010,0.000,0.000,0.030]
Training Group Acc: [0.763,0.417,0.000]
Epoch [193] Training Results: Prec@1 77.126 Prec@5 87.711 Loss 1.16700
Epoch [193] Training Class Recall: [0.626,0.649,0.611,0.661,0.646,0.707,0.639,0.720,0.719,0.710,0.679,0.562,
 0.766,0.729,0.703,0.741,0.669,0.760,0.755,0.738,0.277,0.781,0.619,0.795,
 0.386,0.744,0.762,0.817,0.827,0.799,0.699,0.337,0.827,0.797,0.796,0.762,
 0.792,0.786,0.826,0.730,0.787,0.736,0.841,0.829,0.809,0.784,0.770,0.818,
 0.706,0.814,0.818,0.787,0.817,0.500,0.773,0.862,0.789,0.679,0.777,0.736,
 0.841,0.824,0.780,0.824,0.773,0.834,0.847,0.640,0.833,0.796,0.760,0.834,
 0.795,0.305,0.874,0.787,0.815,0.859,0.811,0.888,0.836,0.744,0.595,0.707,
 0.854,0.828,0.830,0.784,0.798,0.822,0.885,0.845,0.343,0.817,0.836,0.843,
 0.893,0.765,0.644,0.817]
Testing Group Acc: [0.214,0.042,0.000]
Epoch [193] Testing Results: Prec@1 20.520 Prec@5 39.360 Loss 4.78729
Epoch [193] Testing Class Recall: [0.630,0.610,0.530,0.520,0.430,0.530,0.640,0.620,0.710,0.550,0.300,0.260,
 0.640,0.500,0.260,0.350,0.510,0.700,0.450,0.370,0.010,0.590,0.150,0.580,
 0.160,0.190,0.240,0.230,0.260,0.180,0.430,0.040,0.180,0.340,0.180,0.170,
 0.260,0.140,0.150,0.310,0.040,0.090,0.220,0.200,0.080,0.030,0.100,0.300,
 0.060,0.160,0.050,0.130,0.650,0.130,0.210,0.020,0.320,0.040,0.010,0.070,
 0.490,0.100,0.330,0.100,0.000,0.010,0.070,0.020,0.130,0.110,0.270,0.230,
 0.020,0.050,0.020,0.070,0.270,0.000,0.000,0.000,0.020,0.000,0.020,0.000,
 0.010,0.050,0.000,0.010,0.050,0.000,0.010,0.000,0.000,0.010,0.140,0.060,
 0.010,0.000,0.000,0.030]
Training Group Acc: [0.763,0.418,0.000]
Epoch [194] Training Results: Prec@1 77.180 Prec@5 87.680 Loss 1.16928
Epoch [194] Training Class Recall: [0.630,0.670,0.631,0.636,0.623,0.712,0.625,0.749,0.719,0.703,0.669,0.544,
 0.746,0.748,0.719,0.736,0.649,0.777,0.778,0.756,0.262,0.770,0.612,0.785,
 0.375,0.754,0.771,0.799,0.827,0.781,0.699,0.367,0.815,0.810,0.788,0.744,
 0.814,0.786,0.822,0.728,0.796,0.749,0.831,0.838,0.800,0.787,0.780,0.818,
 0.710,0.811,0.831,0.804,0.815,0.508,0.785,0.879,0.785,0.674,0.797,0.711,
 0.843,0.820,0.786,0.819,0.782,0.841,0.843,0.625,0.836,0.796,0.746,0.834,
 0.801,0.286,0.876,0.787,0.815,0.859,0.809,0.897,0.830,0.731,0.588,0.712,
 0.859,0.837,0.830,0.794,0.800,0.814,0.875,0.847,0.354,0.820,0.836,0.843,
 0.893,0.768,0.639,0.810]
Testing Group Acc: [0.215,0.044,0.000]
Epoch [194] Testing Results: Prec@1 20.600 Prec@5 39.100 Loss 4.75499
Epoch [194] Testing Class Recall: [0.630,0.610,0.540,0.500,0.440,0.530,0.640,0.640,0.710,0.550,0.300,0.270,
 0.640,0.510,0.330,0.360,0.520,0.670,0.450,0.370,0.010,0.600,0.180,0.580,
 0.160,0.160,0.250,0.220,0.250,0.180,0.430,0.050,0.170,0.290,0.180,0.150,
 0.270,0.140,0.160,0.320,0.050,0.090,0.200,0.210,0.080,0.020,0.100,0.270,
 0.060,0.160,0.050,0.110,0.710,0.120,0.210,0.030,0.320,0.040,0.020,0.070,
 0.470,0.130,0.330,0.110,0.000,0.010,0.070,0.020,0.120,0.110,0.280,0.210,
 0.020,0.050,0.020,0.060,0.290,0.000,0.000,0.000,0.020,0.000,0.040,0.000,
 0.010,0.050,0.000,0.010,0.070,0.000,0.010,0.000,0.000,0.010,0.100,0.060,
 0.010,0.000,0.000,0.030]
Training Group Acc: [0.763,0.402,0.000]
Epoch [195] Training Results: Prec@1 77.094 Prec@5 87.857 Loss 1.16832
Epoch [195] Training Class Recall: [0.634,0.652,0.653,0.643,0.606,0.702,0.661,0.746,0.726,0.700,0.674,0.578,
 0.762,0.760,0.719,0.744,0.654,0.768,0.759,0.729,0.246,0.788,0.605,0.797,
 0.352,0.741,0.771,0.808,0.791,0.808,0.718,0.316,0.792,0.810,0.785,0.764,
 0.801,0.778,0.811,0.738,0.796,0.732,0.833,0.809,0.820,0.793,0.780,0.820,
 0.702,0.822,0.805,0.802,0.813,0.500,0.776,0.881,0.783,0.674,0.782,0.731,
 0.839,0.820,0.786,0.829,0.773,0.825,0.845,0.640,0.836,0.799,0.751,0.832,
 0.804,0.314,0.874,0.784,0.813,0.857,0.799,0.888,0.834,0.744,0.595,0.716,
 0.856,0.828,0.823,0.789,0.800,0.814,0.878,0.845,0.354,0.817,0.836,0.843,
 0.891,0.762,0.639,0.815]
Testing Group Acc: [0.214,0.044,0.000]
Epoch [195] Testing Results: Prec@1 20.560 Prec@5 39.100 Loss 4.78875
Epoch [195] Testing Class Recall: [0.630,0.600,0.540,0.510,0.430,0.520,0.630,0.650,0.710,0.550,0.300,0.260,
 0.640,0.510,0.350,0.370,0.550,0.690,0.450,0.360,0.010,0.570,0.160,0.580,
 0.160,0.190,0.230,0.240,0.260,0.180,0.430,0.050,0.170,0.310,0.180,0.160,
 0.270,0.150,0.160,0.300,0.040,0.090,0.200,0.210,0.080,0.030,0.100,0.290,
 0.060,0.160,0.050,0.100,0.670,0.120,0.200,0.030,0.320,0.040,0.010,0.070,
 0.490,0.120,0.330,0.100,0.000,0.010,0.060,0.020,0.110,0.110,0.280,0.210,
 0.010,0.060,0.020,0.070,0.290,0.000,0.000,0.000,0.010,0.000,0.030,0.000,
 0.010,0.050,0.000,0.010,0.050,0.000,0.010,0.000,0.000,0.010,0.110,0.060,
 0.010,0.000,0.000,0.030]
Training Group Acc: [0.764,0.412,0.000]
Epoch [196] Training Results: Prec@1 77.169 Prec@5 87.874 Loss 1.16808
Epoch [196] Training Class Recall: [0.623,0.656,0.644,0.652,0.663,0.724,0.641,0.744,0.726,0.700,0.669,0.528,
 0.762,0.760,0.716,0.751,0.663,0.771,0.746,0.752,0.262,0.763,0.622,0.804,
 0.352,0.746,0.766,0.808,0.806,0.793,0.708,0.337,0.815,0.802,0.798,0.733,
 0.811,0.786,0.815,0.725,0.799,0.742,0.819,0.818,0.800,0.799,0.774,0.818,
 0.718,0.814,0.820,0.793,0.813,0.500,0.771,0.859,0.796,0.674,0.792,0.731,
 0.843,0.824,0.786,0.821,0.773,0.837,0.838,0.632,0.833,0.796,0.751,0.836,
 0.804,0.295,0.871,0.790,0.815,0.857,0.809,0.897,0.832,0.756,0.581,0.702,
 0.851,0.834,0.830,0.794,0.798,0.812,0.882,0.845,0.354,0.825,0.836,0.848,
 0.893,0.762,0.644,0.812]
Testing Group Acc: [0.213,0.040,0.000]
Epoch [196] Testing Results: Prec@1 20.450 Prec@5 39.090 Loss 4.82765
Epoch [196] Testing Class Recall: [0.620,0.620,0.570,0.520,0.450,0.530,0.650,0.650,0.670,0.550,0.310,0.270,
 0.620,0.490,0.300,0.380,0.510,0.650,0.440,0.380,0.010,0.570,0.150,0.580,
 0.140,0.190,0.250,0.250,0.270,0.180,0.450,0.050,0.170,0.290,0.180,0.160,
 0.270,0.140,0.140,0.320,0.030,0.090,0.210,0.180,0.080,0.030,0.100,0.280,
 0.060,0.150,0.050,0.100,0.650,0.130,0.210,0.020,0.290,0.040,0.010,0.070,
 0.490,0.120,0.330,0.100,0.000,0.010,0.060,0.020,0.120,0.120,0.280,0.210,
 0.010,0.060,0.020,0.070,0.280,0.000,0.000,0.000,0.020,0.000,0.030,0.000,
 0.010,0.040,0.000,0.010,0.060,0.000,0.010,0.010,0.000,0.020,0.110,0.060,
 0.020,0.000,0.000,0.030]
Training Group Acc: [0.763,0.408,0.000]
Epoch [197] Training Results: Prec@1 77.080 Prec@5 87.649 Loss 1.17303
Epoch [197] Training Class Recall: [0.623,0.656,0.639,0.643,0.642,0.714,0.639,0.720,0.707,0.716,0.659,0.572,
 0.764,0.739,0.706,0.723,0.666,0.771,0.755,0.738,0.262,0.781,0.615,0.806,
 0.352,0.749,0.759,0.803,0.824,0.781,0.699,0.357,0.810,0.810,0.788,0.746,
 0.809,0.771,0.815,0.730,0.787,0.739,0.836,0.820,0.811,0.780,0.757,0.815,
 0.718,0.824,0.823,0.802,0.817,0.492,0.782,0.869,0.787,0.668,0.792,0.746,
 0.843,0.817,0.780,0.837,0.770,0.837,0.849,0.625,0.839,0.803,0.754,0.829,
 0.807,0.305,0.874,0.796,0.810,0.857,0.801,0.895,0.834,0.718,0.588,0.693,
 0.854,0.832,0.830,0.789,0.798,0.814,0.882,0.845,0.354,0.825,0.839,0.843,
 0.893,0.765,0.644,0.810]
Testing Group Acc: [0.213,0.044,0.000]
Epoch [197] Testing Results: Prec@1 20.450 Prec@5 38.950 Loss 4.81408
Epoch [197] Testing Class Recall: [0.640,0.620,0.540,0.510,0.440,0.530,0.630,0.610,0.700,0.540,0.330,0.260,
 0.640,0.510,0.310,0.360,0.520,0.690,0.440,0.360,0.010,0.580,0.150,0.580,
 0.160,0.180,0.250,0.220,0.260,0.180,0.430,0.050,0.160,0.300,0.180,0.150,
 0.260,0.150,0.150,0.310,0.060,0.090,0.230,0.190,0.070,0.030,0.110,0.290,
 0.060,0.160,0.050,0.100,0.670,0.120,0.210,0.020,0.300,0.040,0.010,0.060,
 0.490,0.120,0.330,0.100,0.000,0.010,0.070,0.020,0.110,0.100,0.280,0.210,
 0.020,0.060,0.020,0.060,0.300,0.000,0.000,0.000,0.010,0.000,0.040,0.000,
 0.010,0.040,0.000,0.010,0.040,0.000,0.010,0.000,0.000,0.010,0.110,0.060,
 0.020,0.000,0.000,0.030]
Training Group Acc: [0.765,0.410,0.000]
Epoch [198] Training Results: Prec@1 77.354 Prec@5 87.811 Loss 1.16546
Epoch [198] Training Class Recall: [0.626,0.649,0.639,0.673,0.625,0.702,0.650,0.737,0.743,0.684,0.705,0.547,
 0.762,0.739,0.701,0.754,0.663,0.773,0.768,0.749,0.277,0.779,0.625,0.801,
 0.352,0.744,0.771,0.821,0.824,0.814,0.699,0.357,0.810,0.815,0.798,0.741,
 0.821,0.791,0.817,0.743,0.799,0.736,0.836,0.823,0.806,0.802,0.780,0.820,
 0.702,0.811,0.831,0.796,0.820,0.500,0.771,0.862,0.798,0.663,0.802,0.711,
 0.843,0.824,0.786,0.816,0.776,0.844,0.851,0.647,0.836,0.799,0.754,0.829,
 0.807,0.314,0.876,0.793,0.813,0.859,0.801,0.888,0.832,0.718,0.588,0.693,
 0.854,0.832,0.828,0.809,0.800,0.809,0.882,0.845,0.343,0.820,0.836,0.846,
 0.893,0.765,0.639,0.812]
Testing Group Acc: [0.212,0.040,0.000]
Epoch [198] Testing Results: Prec@1 20.330 Prec@5 38.820 Loss 4.82883
Epoch [198] Testing Class Recall: [0.630,0.620,0.550,0.500,0.460,0.540,0.620,0.640,0.700,0.530,0.320,0.260,
 0.620,0.510,0.330,0.370,0.540,0.670,0.450,0.350,0.010,0.600,0.150,0.580,
 0.140,0.190,0.230,0.240,0.240,0.180,0.430,0.050,0.170,0.300,0.180,0.150,
 0.270,0.130,0.150,0.310,0.040,0.090,0.220,0.210,0.080,0.020,0.110,0.280,
 0.050,0.160,0.050,0.100,0.670,0.120,0.200,0.020,0.290,0.040,0.010,0.070,
 0.480,0.120,0.330,0.100,0.000,0.010,0.070,0.020,0.110,0.080,0.270,0.210,
 0.000,0.060,0.020,0.060,0.270,0.000,0.000,0.000,0.020,0.000,0.020,0.000,
 0.010,0.050,0.000,0.010,0.030,0.000,0.010,0.000,0.000,0.020,0.110,0.060,
 0.010,0.000,0.000,0.030]
Training Group Acc: [0.763,0.420,0.000]
Epoch [199] Training Results: Prec@1 77.140 Prec@5 87.654 Loss 1.16671
Epoch [199] Training Class Recall: [0.615,0.652,0.633,0.673,0.618,0.712,0.641,0.724,0.745,0.706,0.685,0.547,
 0.780,0.754,0.708,0.759,0.643,0.768,0.759,0.761,0.277,0.772,0.619,0.788,
 0.398,0.749,0.771,0.812,0.820,0.805,0.694,0.327,0.805,0.802,0.785,0.736,
 0.794,0.771,0.809,0.735,0.787,0.746,0.838,0.818,0.815,0.790,0.770,0.818,
 0.714,0.803,0.823,0.791,0.815,0.500,0.771,0.862,0.792,0.674,0.787,0.716,
 0.841,0.824,0.768,0.844,0.782,0.834,0.847,0.632,0.836,0.793,0.760,0.832,
 0.801,0.276,0.876,0.793,0.810,0.865,0.816,0.888,0.836,0.744,0.595,0.698,
 0.854,0.834,0.823,0.779,0.796,0.817,0.885,0.845,0.354,0.822,0.836,0.846,
 0.891,0.758,0.639,0.812]
Testing Group Acc: [0.213,0.046,0.000]
Epoch [199] Testing Results: Prec@1 20.480 Prec@5 39.050 Loss 4.80822
Epoch [199] Testing Class Recall: [0.640,0.620,0.540,0.530,0.420,0.530,0.640,0.630,0.690,0.540,0.330,0.260,
 0.630,0.500,0.310,0.360,0.530,0.670,0.470,0.360,0.010,0.580,0.150,0.580,
 0.170,0.190,0.230,0.240,0.250,0.180,0.420,0.050,0.170,0.300,0.180,0.150,
 0.270,0.140,0.160,0.310,0.040,0.090,0.210,0.190,0.080,0.030,0.100,0.280,
 0.050,0.160,0.040,0.120,0.660,0.150,0.200,0.020,0.320,0.040,0.010,0.070,
 0.490,0.100,0.330,0.100,0.000,0.010,0.070,0.020,0.120,0.110,0.280,0.220,
 0.010,0.060,0.020,0.070,0.270,0.000,0.000,0.000,0.020,0.000,0.030,0.000,
 0.010,0.040,0.000,0.010,0.070,0.000,0.010,0.000,0.000,0.010,0.110,0.060,
 0.010,0.000,0.000,0.030]
