Epoch: [0][0/40], lr: 0.00200	Loss 3.0497 (3.0497)	Prec@1 4.688 (4.688)	Prec@5 39.844 (39.844)
Epoch: [0][10/40], lr: 0.00200	Loss 2.2805 (2.5513)	Prec@1 23.438 (17.756)	Prec@5 68.750 (60.866)
Epoch: [0][20/40], lr: 0.00200	Loss 2.1156 (2.3582)	Prec@1 30.469 (22.619)	Prec@5 75.781 (65.774)
Epoch: [0][30/40], lr: 0.00200	Loss 1.8771 (2.2040)	Prec@1 35.938 (27.470)	Prec@5 82.812 (70.338)
Epoch [0] Training Results: Prec@1 29.560 Prec@5 72.780             Loss 2.13164
Epoch [0] Training Class Recall: [0.674,0.004,0.000,0.016,0.079,0.396,0.469,0.134,0.203,0.276]

Epoch: [1][0/40], lr: 0.00400	Loss 1.9012 (1.9012)	Prec@1 32.812 (32.812)	Prec@5 77.344 (77.344)
Epoch: [1][10/40], lr: 0.00400	Loss 1.9490 (2.0883)	Prec@1 47.656 (33.665)	Prec@5 69.531 (75.284)
Epoch: [1][20/40], lr: 0.00400	Loss 1.7031 (1.9649)	Prec@1 46.094 (37.723)	Prec@5 83.594 (78.943)
Epoch: [1][30/40], lr: 0.00400	Loss 1.7766 (1.8907)	Prec@1 42.969 (40.776)	Prec@5 80.469 (80.066)
Epoch [1] Training Results: Prec@1 42.880 Prec@5 80.780             Loss 1.84379
Epoch [1] Training Class Recall: [0.731,0.049,0.016,0.098,0.066,0.485,0.590,0.307,0.594,0.524]

Epoch: [2][0/40], lr: 0.00600	Loss 1.9366 (1.9366)	Prec@1 28.125 (28.125)	Prec@5 82.031 (82.031)
Epoch: [2][10/40], lr: 0.00600	Loss 1.8941 (1.9068)	Prec@1 40.625 (40.767)	Prec@5 78.125 (81.463)
Epoch: [2][20/40], lr: 0.00600	Loss 1.6291 (1.8229)	Prec@1 54.688 (44.531)	Prec@5 83.594 (81.622)
Epoch: [2][30/40], lr: 0.00600	Loss 1.5355 (1.7452)	Prec@1 57.031 (47.354)	Prec@5 83.594 (82.334)
Epoch [2] Training Results: Prec@1 48.500 Prec@5 82.800             Loss 1.71352
Epoch [2] Training Class Recall: [0.755,0.091,0.000,0.132,0.042,0.578,0.592,0.455,0.607,0.684]

Epoch: [3][0/40], lr: 0.00800	Loss 1.6927 (1.6927)	Prec@1 47.656 (47.656)	Prec@5 83.594 (83.594)
Epoch: [3][10/40], lr: 0.00800	Loss 1.6024 (1.6819)	Prec@1 53.125 (49.290)	Prec@5 83.594 (83.523)
Epoch: [3][20/40], lr: 0.00800	Loss 1.4614 (1.6860)	Prec@1 57.812 (48.363)	Prec@5 87.500 (84.189)
Epoch: [3][30/40], lr: 0.00800	Loss 1.4260 (1.6415)	Prec@1 59.375 (50.907)	Prec@5 85.938 (84.778)
Epoch [3] Training Results: Prec@1 52.000 Prec@5 84.780             Loss 1.62202
Epoch [3] Training Class Recall: [0.787,0.102,0.016,0.123,0.073,0.622,0.655,0.549,0.686,0.661]

Epoch: [4][0/40], lr: 0.01000	Loss 1.6831 (1.6831)	Prec@1 50.781 (50.781)	Prec@5 82.031 (82.031)
Epoch: [4][10/40], lr: 0.01000	Loss 1.4620 (1.6737)	Prec@1 57.031 (52.486)	Prec@5 82.812 (82.955)
Epoch: [4][20/40], lr: 0.01000	Loss 1.4378 (1.5647)	Prec@1 60.938 (55.171)	Prec@5 85.156 (84.933)
Epoch: [4][30/40], lr: 0.01000	Loss 1.4325 (1.5359)	Prec@1 60.938 (55.998)	Prec@5 84.375 (85.811)
Epoch [4] Training Results: Prec@1 56.540 Prec@5 85.900             Loss 1.52660
Epoch [4] Training Class Recall: [0.757,0.163,0.031,0.141,0.088,0.693,0.691,0.617,0.750,0.796]

Epoch: [5][0/40], lr: 0.01000	Loss 1.5531 (1.5531)	Prec@1 53.906 (53.906)	Prec@5 86.719 (86.719)
Epoch: [5][10/40], lr: 0.01000	Loss 1.4643 (1.5855)	Prec@1 58.594 (53.835)	Prec@5 84.375 (84.304)
Epoch: [5][20/40], lr: 0.01000	Loss 1.3104 (1.5329)	Prec@1 64.062 (56.510)	Prec@5 86.719 (85.045)
Epoch: [5][30/40], lr: 0.01000	Loss 1.2935 (1.4896)	Prec@1 66.406 (58.014)	Prec@5 90.625 (86.139)
Epoch [5] Training Results: Prec@1 58.620 Prec@5 86.700             Loss 1.46771
Epoch [5] Training Class Recall: [0.831,0.216,0.020,0.177,0.082,0.630,0.727,0.695,0.730,0.808]

Epoch: [6][0/40], lr: 0.01000	Loss 1.3647 (1.3647)	Prec@1 64.844 (64.844)	Prec@5 88.281 (88.281)
Epoch: [6][10/40], lr: 0.01000	Loss 1.1025 (1.3734)	Prec@1 67.969 (63.068)	Prec@5 92.969 (88.565)
Epoch: [6][20/40], lr: 0.01000	Loss 1.0822 (1.3314)	Prec@1 75.000 (64.100)	Prec@5 92.969 (88.690)
Epoch: [6][30/40], lr: 0.01000	Loss 1.2394 (1.3297)	Prec@1 68.750 (64.264)	Prec@5 87.500 (88.533)
Epoch [6] Training Results: Prec@1 64.440 Prec@5 88.440             Loss 1.32794
Epoch [6] Training Class Recall: [0.870,0.390,0.016,0.248,0.172,0.728,0.746,0.754,0.793,0.833]

Epoch: [7][0/40], lr: 0.01000	Loss 1.5309 (1.5309)	Prec@1 57.031 (57.031)	Prec@5 89.062 (89.062)
Epoch: [7][10/40], lr: 0.01000	Loss 1.2767 (1.5161)	Prec@1 62.500 (52.628)	Prec@5 89.062 (87.713)
Epoch: [7][20/40], lr: 0.01000	Loss 1.3953 (1.4464)	Prec@1 58.594 (57.143)	Prec@5 84.375 (87.537)
Epoch: [7][30/40], lr: 0.01000	Loss 1.3509 (1.4111)	Prec@1 64.062 (59.224)	Prec@5 85.938 (87.853)
Epoch [7] Training Results: Prec@1 61.000 Prec@5 88.160             Loss 1.37996
Epoch [7] Training Class Recall: [0.831,0.314,0.094,0.177,0.145,0.688,0.752,0.717,0.732,0.793]

Epoch: [8][0/40], lr: 0.01000	Loss 1.2158 (1.2158)	Prec@1 66.406 (66.406)	Prec@5 88.281 (88.281)
Epoch: [8][10/40], lr: 0.01000	Loss 1.1904 (1.2966)	Prec@1 71.094 (64.062)	Prec@5 91.406 (89.134)
Epoch: [8][20/40], lr: 0.01000	Loss 1.1661 (1.2629)	Prec@1 69.531 (65.327)	Prec@5 89.062 (89.397)
Epoch: [8][30/40], lr: 0.01000	Loss 1.2502 (1.2816)	Prec@1 68.750 (65.499)	Prec@5 89.844 (88.785)
Epoch [8] Training Results: Prec@1 65.860 Prec@5 89.020             Loss 1.27928
Epoch [8] Training Class Recall: [0.850,0.424,0.024,0.277,0.260,0.750,0.775,0.772,0.787,0.833]

Epoch: [9][0/40], lr: 0.01000	Loss 1.2481 (1.2481)	Prec@1 68.750 (68.750)	Prec@5 88.281 (88.281)
Epoch: [9][10/40], lr: 0.01000	Loss 1.3853 (1.2195)	Prec@1 59.375 (67.969)	Prec@5 87.500 (89.276)
Epoch: [9][20/40], lr: 0.01000	Loss 1.2794 (1.2163)	Prec@1 67.969 (68.304)	Prec@5 89.062 (89.174)
Epoch: [9][30/40], lr: 0.01000	Loss 1.3059 (1.2324)	Prec@1 66.406 (67.918)	Prec@5 86.719 (88.886)
Epoch [9] Training Results: Prec@1 68.080 Prec@5 89.140             Loss 1.22531
Epoch [9] Training Class Recall: [0.862,0.443,0.031,0.339,0.360,0.777,0.752,0.804,0.787,0.851]

Epoch: [10][0/40], lr: 0.01000	Loss 1.3160 (1.3160)	Prec@1 63.281 (63.281)	Prec@5 89.062 (89.062)
Epoch: [10][10/40], lr: 0.01000	Loss 1.2305 (1.2510)	Prec@1 67.969 (66.619)	Prec@5 89.062 (88.849)
Epoch: [10][20/40], lr: 0.01000	Loss 1.0944 (1.1650)	Prec@1 70.312 (69.494)	Prec@5 92.188 (90.327)
Epoch: [10][30/40], lr: 0.01000	Loss 1.1208 (1.1798)	Prec@1 70.312 (69.456)	Prec@5 92.188 (90.272)
Epoch [10] Training Results: Prec@1 69.260 Prec@5 90.260             Loss 1.18591
Epoch [10] Training Class Recall: [0.873,0.462,0.035,0.359,0.369,0.774,0.809,0.812,0.797,0.842]

Epoch: [11][0/40], lr: 0.01000	Loss 1.2000 (1.2000)	Prec@1 67.969 (67.969)	Prec@5 89.844 (89.844)
Epoch: [11][10/40], lr: 0.01000	Loss 1.3736 (1.2533)	Prec@1 61.719 (67.330)	Prec@5 85.938 (90.057)
Epoch: [11][20/40], lr: 0.01000	Loss 1.0914 (1.2350)	Prec@1 71.094 (67.671)	Prec@5 92.969 (89.881)
Epoch: [11][30/40], lr: 0.01000	Loss 1.1159 (1.1953)	Prec@1 74.219 (69.128)	Prec@5 88.281 (89.995)
Epoch [11] Training Results: Prec@1 69.520 Prec@5 89.880             Loss 1.19768
Epoch [11] Training Class Recall: [0.864,0.451,0.067,0.389,0.417,0.782,0.790,0.796,0.799,0.840]

Epoch: [12][0/40], lr: 0.01000	Loss 1.1241 (1.1241)	Prec@1 74.219 (74.219)	Prec@5 93.750 (93.750)
Epoch: [12][10/40], lr: 0.01000	Loss 1.2678 (1.1994)	Prec@1 67.188 (68.821)	Prec@5 88.281 (89.986)
Epoch: [12][20/40], lr: 0.01000	Loss 1.2179 (1.1768)	Prec@1 68.750 (69.829)	Prec@5 86.719 (90.290)
Epoch: [12][30/40], lr: 0.01000	Loss 1.0738 (1.1843)	Prec@1 76.562 (70.186)	Prec@5 92.188 (90.020)
Epoch [12] Training Results: Prec@1 70.060 Prec@5 89.980             Loss 1.18596
Epoch [12] Training Class Recall: [0.863,0.530,0.075,0.420,0.441,0.777,0.769,0.796,0.785,0.846]

Epoch: [13][0/40], lr: 0.01000	Loss 0.9393 (0.9393)	Prec@1 78.125 (78.125)	Prec@5 89.062 (89.062)
Epoch: [13][10/40], lr: 0.01000	Loss 1.0937 (1.1730)	Prec@1 73.438 (68.963)	Prec@5 93.750 (89.489)
Epoch: [13][20/40], lr: 0.01000	Loss 1.1128 (1.1424)	Prec@1 67.188 (70.424)	Prec@5 93.750 (90.551)
Epoch: [13][30/40], lr: 0.01000	Loss 1.0540 (1.1524)	Prec@1 75.781 (70.691)	Prec@5 92.969 (90.423)
Epoch [13] Training Results: Prec@1 70.780 Prec@5 90.200             Loss 1.15429
Epoch [13] Training Class Recall: [0.872,0.470,0.024,0.434,0.462,0.791,0.800,0.814,0.801,0.849]

Epoch: [14][0/40], lr: 0.01000	Loss 1.2034 (1.2034)	Prec@1 68.750 (68.750)	Prec@5 89.844 (89.844)
Epoch: [14][10/40], lr: 0.01000	Loss 1.1349 (1.1976)	Prec@1 68.750 (68.679)	Prec@5 90.625 (90.057)
Epoch: [14][20/40], lr: 0.01000	Loss 1.0705 (1.1643)	Prec@1 71.875 (70.796)	Prec@5 92.969 (90.216)
Epoch: [14][30/40], lr: 0.01000	Loss 1.0430 (1.1553)	Prec@1 71.875 (71.295)	Prec@5 92.188 (90.348)
Epoch [14] Training Results: Prec@1 71.620 Prec@5 90.200             Loss 1.14663
Epoch [14] Training Class Recall: [0.868,0.470,0.031,0.523,0.508,0.774,0.798,0.812,0.797,0.856]

Epoch: [15][0/40], lr: 0.01000	Loss 1.1036 (1.1036)	Prec@1 73.438 (73.438)	Prec@5 93.750 (93.750)
Epoch: [15][10/40], lr: 0.01000	Loss 1.1430 (1.2411)	Prec@1 70.312 (68.963)	Prec@5 92.188 (88.849)
Epoch: [15][20/40], lr: 0.01000	Loss 1.0648 (1.1710)	Prec@1 71.094 (70.759)	Prec@5 89.844 (90.067)
Epoch: [15][30/40], lr: 0.01000	Loss 1.2059 (1.1394)	Prec@1 68.750 (71.573)	Prec@5 89.062 (90.348)
Epoch [15] Training Results: Prec@1 72.240 Prec@5 90.520             Loss 1.12288
Epoch [15] Training Class Recall: [0.873,0.511,0.059,0.525,0.508,0.794,0.811,0.808,0.799,0.839]

Epoch: [16][0/40], lr: 0.01000	Loss 0.8662 (0.8662)	Prec@1 80.469 (80.469)	Prec@5 95.312 (95.312)
Epoch: [16][10/40], lr: 0.01000	Loss 1.1412 (1.1179)	Prec@1 73.438 (72.443)	Prec@5 89.062 (90.909)
Epoch: [16][20/40], lr: 0.01000	Loss 0.9874 (1.1279)	Prec@1 78.906 (71.317)	Prec@5 94.531 (90.253)
Epoch: [16][30/40], lr: 0.01000	Loss 1.0650 (1.1259)	Prec@1 75.781 (71.774)	Prec@5 92.188 (90.499)
Epoch [16] Training Results: Prec@1 72.560 Prec@5 90.800             Loss 1.10041
Epoch [16] Training Class Recall: [0.878,0.504,0.043,0.516,0.529,0.805,0.819,0.802,0.789,0.857]

Epoch: [17][0/40], lr: 0.01000	Loss 0.9060 (0.9060)	Prec@1 75.000 (75.000)	Prec@5 95.312 (95.312)
Epoch: [17][10/40], lr: 0.01000	Loss 1.2520 (1.1370)	Prec@1 69.531 (72.372)	Prec@5 87.500 (90.341)
Epoch: [17][20/40], lr: 0.01000	Loss 1.1086 (1.1410)	Prec@1 71.875 (72.024)	Prec@5 90.625 (90.030)
Epoch: [17][30/40], lr: 0.01000	Loss 1.1181 (1.1074)	Prec@1 71.875 (73.110)	Prec@5 91.406 (90.852)
Epoch [17] Training Results: Prec@1 73.340 Prec@5 90.680             Loss 1.10701
Epoch [17] Training Class Recall: [0.879,0.527,0.110,0.541,0.538,0.805,0.815,0.802,0.799,0.854]

Epoch: [18][0/40], lr: 0.01000	Loss 0.9900 (0.9900)	Prec@1 74.219 (74.219)	Prec@5 89.062 (89.062)
Epoch: [18][10/40], lr: 0.01000	Loss 1.0227 (1.0917)	Prec@1 73.438 (73.366)	Prec@5 91.406 (90.696)
Epoch: [18][20/40], lr: 0.01000	Loss 0.8975 (1.0929)	Prec@1 80.469 (73.214)	Prec@5 92.188 (90.699)
Epoch: [18][30/40], lr: 0.01000	Loss 1.1311 (1.1033)	Prec@1 71.875 (73.286)	Prec@5 88.281 (90.474)
Epoch [18] Training Results: Prec@1 73.740 Prec@5 90.480             Loss 1.09029
Epoch [18] Training Class Recall: [0.878,0.557,0.071,0.570,0.556,0.808,0.826,0.796,0.801,0.851]

Epoch: [19][0/40], lr: 0.01000	Loss 0.8903 (0.8903)	Prec@1 76.562 (76.562)	Prec@5 92.969 (92.969)
Epoch: [19][10/40], lr: 0.01000	Loss 1.0934 (1.1251)	Prec@1 71.094 (71.165)	Prec@5 93.750 (91.619)
Epoch: [19][20/40], lr: 0.01000	Loss 0.9221 (1.0773)	Prec@1 77.344 (73.326)	Prec@5 92.969 (91.109)
Epoch: [19][30/40], lr: 0.01000	Loss 1.1117 (1.0712)	Prec@1 72.656 (73.690)	Prec@5 89.062 (91.305)
Epoch [19] Training Results: Prec@1 73.580 Prec@5 91.060             Loss 1.07841
Epoch [19] Training Class Recall: [0.873,0.500,0.134,0.552,0.565,0.813,0.815,0.804,0.795,0.854]

Epoch: [20][0/40], lr: 0.01000	Loss 0.9835 (0.9835)	Prec@1 78.906 (78.906)	Prec@5 91.406 (91.406)
Epoch: [20][10/40], lr: 0.01000	Loss 1.0832 (1.0355)	Prec@1 73.438 (74.929)	Prec@5 89.062 (92.045)
Epoch: [20][20/40], lr: 0.01000	Loss 1.0424 (1.0536)	Prec@1 73.438 (74.330)	Prec@5 89.062 (91.704)
Epoch: [20][30/40], lr: 0.01000	Loss 1.0734 (1.0642)	Prec@1 76.562 (74.471)	Prec@5 89.844 (90.953)
Epoch [20] Training Results: Prec@1 74.420 Prec@5 91.000             Loss 1.05896
Epoch [20] Training Class Recall: [0.875,0.542,0.181,0.625,0.532,0.802,0.813,0.804,0.801,0.856]

Epoch: [21][0/40], lr: 0.01000	Loss 0.8697 (0.8697)	Prec@1 78.906 (78.906)	Prec@5 93.750 (93.750)
Epoch: [21][10/40], lr: 0.01000	Loss 1.1415 (1.0323)	Prec@1 73.438 (75.355)	Prec@5 87.500 (91.761)
Epoch: [21][20/40], lr: 0.01000	Loss 1.0745 (1.0316)	Prec@1 76.562 (75.409)	Prec@5 89.062 (91.518)
Epoch: [21][30/40], lr: 0.01000	Loss 1.0433 (1.0269)	Prec@1 75.781 (75.378)	Prec@5 92.188 (91.709)
Epoch [21] Training Results: Prec@1 75.220 Prec@5 91.900             Loss 1.02613
Epoch [21] Training Class Recall: [0.879,0.553,0.220,0.577,0.610,0.819,0.813,0.822,0.797,0.857]

Epoch: [22][0/40], lr: 0.01000	Loss 0.9493 (0.9493)	Prec@1 75.781 (75.781)	Prec@5 92.969 (92.969)
Epoch: [22][10/40], lr: 0.01000	Loss 1.0095 (1.0374)	Prec@1 78.906 (74.716)	Prec@5 92.969 (92.045)
Epoch: [22][20/40], lr: 0.01000	Loss 1.1439 (1.0211)	Prec@1 72.656 (75.186)	Prec@5 91.406 (92.001)
Epoch: [22][30/40], lr: 0.01000	Loss 1.0946 (1.0178)	Prec@1 78.125 (75.706)	Prec@5 89.062 (91.633)
Epoch [22] Training Results: Prec@1 75.700 Prec@5 91.520             Loss 1.01335
Epoch [22] Training Class Recall: [0.883,0.557,0.256,0.614,0.607,0.819,0.817,0.806,0.799,0.857]

Epoch: [23][0/40], lr: 0.01000	Loss 0.9826 (0.9826)	Prec@1 77.344 (77.344)	Prec@5 95.312 (95.312)
Epoch: [23][10/40], lr: 0.01000	Loss 0.9232 (1.0449)	Prec@1 77.344 (74.929)	Prec@5 92.969 (92.116)
Epoch: [23][20/40], lr: 0.01000	Loss 1.0345 (1.0103)	Prec@1 75.781 (75.930)	Prec@5 92.188 (92.299)
Epoch: [23][30/40], lr: 0.01000	Loss 1.0527 (0.9950)	Prec@1 75.000 (76.663)	Prec@5 92.188 (92.263)
Epoch [23] Training Results: Prec@1 76.720 Prec@5 91.960             Loss 0.99768
Epoch [23] Training Class Recall: [0.880,0.568,0.378,0.611,0.637,0.825,0.821,0.820,0.799,0.854]

Epoch: [24][0/40], lr: 0.01000	Loss 0.9900 (0.9900)	Prec@1 77.344 (77.344)	Prec@5 91.406 (91.406)
Epoch: [24][10/40], lr: 0.01000	Loss 1.1147 (1.0440)	Prec@1 71.094 (74.432)	Prec@5 92.969 (91.548)
Epoch: [24][20/40], lr: 0.01000	Loss 0.9782 (1.0190)	Prec@1 78.906 (75.595)	Prec@5 90.625 (92.001)
Epoch: [24][30/40], lr: 0.01000	Loss 0.9172 (1.0154)	Prec@1 77.344 (75.706)	Prec@5 95.312 (91.961)
Epoch [24] Training Results: Prec@1 76.100 Prec@5 92.060             Loss 1.00684
Epoch [24] Training Class Recall: [0.890,0.568,0.283,0.609,0.637,0.819,0.811,0.818,0.795,0.849]

Epoch: [25][0/40], lr: 0.01000	Loss 1.0147 (1.0147)	Prec@1 75.000 (75.000)	Prec@5 95.312 (95.312)
Epoch: [25][10/40], lr: 0.01000	Loss 1.1737 (1.0387)	Prec@1 72.656 (73.438)	Prec@5 89.062 (92.472)
Epoch: [25][20/40], lr: 0.01000	Loss 1.0505 (1.0482)	Prec@1 74.219 (74.330)	Prec@5 92.969 (91.704)
Epoch: [25][30/40], lr: 0.01000	Loss 1.1309 (1.0174)	Prec@1 75.000 (75.580)	Prec@5 92.188 (91.935)
Epoch [25] Training Results: Prec@1 76.000 Prec@5 92.100             Loss 1.00841
Epoch [25] Training Class Recall: [0.890,0.564,0.307,0.636,0.610,0.799,0.794,0.818,0.805,0.856]

Epoch: [26][0/40], lr: 0.01000	Loss 1.0012 (1.0012)	Prec@1 75.000 (75.000)	Prec@5 93.750 (93.750)
Epoch: [26][10/40], lr: 0.01000	Loss 0.9624 (0.9414)	Prec@1 76.562 (77.841)	Prec@5 92.969 (93.608)
Epoch: [26][20/40], lr: 0.01000	Loss 1.0134 (0.9632)	Prec@1 77.344 (77.865)	Prec@5 90.625 (93.229)
Epoch: [26][30/40], lr: 0.01000	Loss 0.9148 (0.9778)	Prec@1 78.906 (77.142)	Prec@5 94.531 (93.070)
Epoch [26] Training Results: Prec@1 77.140 Prec@5 92.680             Loss 0.98163
Epoch [26] Training Class Recall: [0.883,0.564,0.398,0.634,0.647,0.823,0.819,0.818,0.803,0.857]

Epoch: [27][0/40], lr: 0.01000	Loss 1.1403 (1.1403)	Prec@1 70.312 (70.312)	Prec@5 93.750 (93.750)
Epoch: [27][10/40], lr: 0.01000	Loss 1.1009 (1.0926)	Prec@1 72.656 (73.082)	Prec@5 90.625 (91.477)
Epoch: [27][20/40], lr: 0.01000	Loss 1.0424 (1.0716)	Prec@1 75.000 (74.182)	Prec@5 89.844 (90.885)
Epoch: [27][30/40], lr: 0.01000	Loss 1.0021 (1.0506)	Prec@1 75.781 (74.798)	Prec@5 93.750 (91.129)
Epoch [27] Training Results: Prec@1 75.600 Prec@5 91.420             Loss 1.02539
Epoch [27] Training Class Recall: [0.889,0.489,0.358,0.602,0.625,0.810,0.826,0.822,0.801,0.816]

Epoch: [28][0/40], lr: 0.01000	Loss 0.7615 (0.7615)	Prec@1 82.812 (82.812)	Prec@5 96.875 (96.875)
Epoch: [28][10/40], lr: 0.01000	Loss 0.8895 (1.0150)	Prec@1 78.125 (75.781)	Prec@5 92.188 (93.111)
Epoch: [28][20/40], lr: 0.01000	Loss 1.0655 (0.9896)	Prec@1 76.562 (76.414)	Prec@5 87.500 (92.671)
Epoch: [28][30/40], lr: 0.01000	Loss 1.0323 (0.9960)	Prec@1 75.000 (76.436)	Prec@5 92.188 (92.414)
Epoch [28] Training Results: Prec@1 76.660 Prec@5 92.120             Loss 0.99705
Epoch [28] Training Class Recall: [0.890,0.553,0.374,0.634,0.625,0.823,0.800,0.818,0.799,0.854]

Epoch: [29][0/40], lr: 0.01000	Loss 0.8544 (0.8544)	Prec@1 82.031 (82.031)	Prec@5 92.969 (92.969)
Epoch: [29][10/40], lr: 0.01000	Loss 0.8529 (1.0166)	Prec@1 77.344 (75.071)	Prec@5 94.531 (92.259)
Epoch: [29][20/40], lr: 0.01000	Loss 0.8082 (0.9955)	Prec@1 81.250 (76.079)	Prec@5 93.750 (92.039)
Epoch: [29][30/40], lr: 0.01000	Loss 0.9265 (0.9798)	Prec@1 76.562 (76.739)	Prec@5 92.969 (92.490)
Epoch [29] Training Results: Prec@1 76.760 Prec@5 92.280             Loss 0.98318
Epoch [29] Training Class Recall: [0.884,0.549,0.390,0.634,0.625,0.813,0.832,0.818,0.803,0.846]

Epoch: [30][0/40], lr: 0.01000	Loss 0.8413 (0.8413)	Prec@1 79.688 (79.688)	Prec@5 95.312 (95.312)
Epoch: [30][10/40], lr: 0.01000	Loss 0.9901 (0.9798)	Prec@1 77.344 (76.420)	Prec@5 92.188 (92.969)
Epoch: [30][20/40], lr: 0.01000	Loss 0.9215 (0.9733)	Prec@1 77.344 (76.376)	Prec@5 94.531 (93.080)
Epoch: [30][30/40], lr: 0.01000	Loss 1.0154 (0.9884)	Prec@1 73.438 (76.285)	Prec@5 92.188 (92.540)
Epoch [30] Training Results: Prec@1 76.840 Prec@5 92.340             Loss 0.98178
Epoch [30] Training Class Recall: [0.887,0.568,0.429,0.655,0.625,0.800,0.819,0.822,0.773,0.856]

Epoch: [31][0/40], lr: 0.01000	Loss 1.0839 (1.0839)	Prec@1 72.656 (72.656)	Prec@5 89.062 (89.062)
Epoch: [31][10/40], lr: 0.01000	Loss 0.9664 (1.0159)	Prec@1 77.344 (75.000)	Prec@5 93.750 (91.974)
Epoch: [31][20/40], lr: 0.01000	Loss 1.0573 (0.9846)	Prec@1 74.219 (76.153)	Prec@5 89.062 (92.188)
Epoch: [31][30/40], lr: 0.01000	Loss 0.9289 (0.9736)	Prec@1 78.125 (76.638)	Prec@5 93.750 (92.414)
Epoch [31] Training Results: Prec@1 76.960 Prec@5 92.460             Loss 0.96716
Epoch [31] Training Class Recall: [0.878,0.568,0.425,0.630,0.628,0.811,0.836,0.816,0.803,0.851]

Epoch: [32][0/40], lr: 0.01000	Loss 0.9224 (0.9224)	Prec@1 77.344 (77.344)	Prec@5 92.969 (92.969)
Epoch: [32][10/40], lr: 0.01000	Loss 1.0663 (1.0275)	Prec@1 75.781 (75.142)	Prec@5 91.406 (91.619)
Epoch: [32][20/40], lr: 0.01000	Loss 0.8680 (1.0033)	Prec@1 78.906 (76.079)	Prec@5 93.750 (91.964)
Epoch: [32][30/40], lr: 0.01000	Loss 0.8809 (0.9880)	Prec@1 79.688 (76.537)	Prec@5 92.188 (92.011)
Epoch [32] Training Results: Prec@1 77.000 Prec@5 92.400             Loss 0.97002
Epoch [32] Training Class Recall: [0.881,0.557,0.425,0.620,0.653,0.811,0.830,0.820,0.795,0.856]

Epoch: [33][0/40], lr: 0.01000	Loss 0.9130 (0.9130)	Prec@1 81.250 (81.250)	Prec@5 92.188 (92.188)
Epoch: [33][10/40], lr: 0.01000	Loss 1.1281 (1.0077)	Prec@1 74.219 (76.136)	Prec@5 91.406 (93.324)
Epoch: [33][20/40], lr: 0.01000	Loss 0.8864 (0.9573)	Prec@1 78.125 (77.604)	Prec@5 94.531 (93.527)
Epoch: [33][30/40], lr: 0.01000	Loss 1.2194 (0.9620)	Prec@1 71.094 (77.419)	Prec@5 88.281 (93.397)
Epoch [33] Training Results: Prec@1 77.880 Prec@5 93.360             Loss 0.94591
Epoch [33] Training Class Recall: [0.884,0.576,0.465,0.675,0.647,0.820,0.826,0.818,0.797,0.856]

Epoch: [34][0/40], lr: 0.01000	Loss 0.9298 (0.9298)	Prec@1 77.344 (77.344)	Prec@5 92.969 (92.969)
Epoch: [34][10/40], lr: 0.01000	Loss 1.1998 (0.9305)	Prec@1 73.438 (78.125)	Prec@5 94.531 (93.821)
Epoch: [34][20/40], lr: 0.01000	Loss 0.9852 (0.9352)	Prec@1 75.000 (77.530)	Prec@5 93.750 (93.043)
Epoch: [34][30/40], lr: 0.01000	Loss 0.9510 (0.9490)	Prec@1 77.344 (77.621)	Prec@5 95.312 (92.717)
Epoch [34] Training Results: Prec@1 77.780 Prec@5 92.760             Loss 0.94572
Epoch [34] Training Class Recall: [0.896,0.542,0.472,0.666,0.644,0.822,0.819,0.820,0.801,0.851]

Epoch: [35][0/40], lr: 0.01000	Loss 0.6800 (0.6800)	Prec@1 85.938 (85.938)	Prec@5 96.875 (96.875)
Epoch: [35][10/40], lr: 0.01000	Loss 0.9909 (0.9196)	Prec@1 77.344 (78.125)	Prec@5 92.188 (93.253)
Epoch: [35][20/40], lr: 0.01000	Loss 0.8965 (0.9308)	Prec@1 77.344 (78.162)	Prec@5 94.531 (93.155)
Epoch: [35][30/40], lr: 0.01000	Loss 0.7180 (0.9339)	Prec@1 83.594 (77.999)	Prec@5 96.875 (92.918)
Epoch [35] Training Results: Prec@1 77.980 Prec@5 92.980             Loss 0.93563
Epoch [35] Training Class Recall: [0.896,0.568,0.433,0.661,0.640,0.823,0.832,0.822,0.809,0.856]

Epoch: [36][0/40], lr: 0.01000	Loss 0.9250 (0.9250)	Prec@1 78.125 (78.125)	Prec@5 91.406 (91.406)
Epoch: [36][10/40], lr: 0.01000	Loss 0.9363 (0.9707)	Prec@1 76.562 (76.847)	Prec@5 95.312 (92.969)
Epoch: [36][20/40], lr: 0.01000	Loss 0.9764 (0.9930)	Prec@1 78.906 (76.339)	Prec@5 92.188 (92.969)
Epoch: [36][30/40], lr: 0.01000	Loss 0.9087 (0.9613)	Prec@1 80.469 (77.117)	Prec@5 90.625 (92.893)
Epoch [36] Training Results: Prec@1 78.040 Prec@5 93.000             Loss 0.93510
Epoch [36] Training Class Recall: [0.888,0.580,0.531,0.668,0.659,0.816,0.826,0.790,0.803,0.856]

Epoch: [37][0/40], lr: 0.01000	Loss 0.8448 (0.8448)	Prec@1 79.688 (79.688)	Prec@5 97.656 (97.656)
Epoch: [37][10/40], lr: 0.01000	Loss 0.9630 (0.9172)	Prec@1 75.781 (77.912)	Prec@5 95.312 (93.679)
Epoch: [37][20/40], lr: 0.01000	Loss 0.8775 (0.8990)	Prec@1 79.688 (79.129)	Prec@5 93.750 (93.936)
Epoch: [37][30/40], lr: 0.01000	Loss 0.9180 (0.9188)	Prec@1 79.688 (78.604)	Prec@5 93.750 (93.674)
Epoch [37] Training Results: Prec@1 78.640 Prec@5 93.640             Loss 0.91515
Epoch [37] Training Class Recall: [0.898,0.598,0.469,0.684,0.674,0.823,0.826,0.826,0.797,0.856]

Epoch: [38][0/40], lr: 0.01000	Loss 0.9649 (0.9649)	Prec@1 75.000 (75.000)	Prec@5 94.531 (94.531)
Epoch: [38][10/40], lr: 0.01000	Loss 1.1078 (0.9151)	Prec@1 74.219 (78.054)	Prec@5 92.188 (94.034)
Epoch: [38][20/40], lr: 0.01000	Loss 0.8744 (0.9362)	Prec@1 79.688 (77.418)	Prec@5 95.312 (93.899)
Epoch: [38][30/40], lr: 0.01000	Loss 0.8998 (0.9351)	Prec@1 78.125 (77.520)	Prec@5 92.969 (93.498)
Epoch [38] Training Results: Prec@1 77.900 Prec@5 93.560             Loss 0.92452
Epoch [38] Training Class Recall: [0.905,0.591,0.441,0.668,0.634,0.822,0.824,0.806,0.803,0.848]

Epoch: [39][0/40], lr: 0.01000	Loss 0.7465 (0.7465)	Prec@1 83.594 (83.594)	Prec@5 92.969 (92.969)
Epoch: [39][10/40], lr: 0.01000	Loss 1.0586 (0.9830)	Prec@1 72.656 (75.852)	Prec@5 89.062 (93.253)
Epoch: [39][20/40], lr: 0.01000	Loss 0.8761 (0.9497)	Prec@1 80.469 (77.269)	Prec@5 92.969 (93.080)
Epoch: [39][30/40], lr: 0.01000	Loss 1.0274 (0.9469)	Prec@1 77.344 (77.394)	Prec@5 90.625 (93.271)
Epoch [39] Training Results: Prec@1 77.540 Prec@5 93.480             Loss 0.94543
Epoch [39] Training Class Recall: [0.894,0.527,0.472,0.632,0.650,0.819,0.826,0.824,0.801,0.856]

Epoch: [40][0/40], lr: 0.01000	Loss 0.7593 (0.7593)	Prec@1 82.812 (82.812)	Prec@5 94.531 (94.531)
Epoch: [40][10/40], lr: 0.01000	Loss 0.8113 (0.9133)	Prec@1 80.469 (77.912)	Prec@5 94.531 (93.963)
Epoch: [40][20/40], lr: 0.01000	Loss 0.8959 (0.9188)	Prec@1 78.906 (77.976)	Prec@5 91.406 (93.564)
Epoch: [40][30/40], lr: 0.01000	Loss 0.9303 (0.9132)	Prec@1 78.906 (78.049)	Prec@5 92.969 (93.800)
Epoch [40] Training Results: Prec@1 77.960 Prec@5 93.560             Loss 0.92124
Epoch [40] Training Class Recall: [0.888,0.572,0.512,0.661,0.650,0.819,0.815,0.814,0.807,0.854]

Epoch: [41][0/40], lr: 0.01000	Loss 0.8574 (0.8574)	Prec@1 77.344 (77.344)	Prec@5 95.312 (95.312)
Epoch: [41][10/40], lr: 0.01000	Loss 0.9054 (0.9702)	Prec@1 80.469 (76.918)	Prec@5 94.531 (93.679)
Epoch: [41][20/40], lr: 0.01000	Loss 0.8893 (0.8925)	Prec@1 81.250 (79.315)	Prec@5 92.188 (93.899)
Epoch: [41][30/40], lr: 0.01000	Loss 0.7390 (0.8922)	Prec@1 83.594 (79.158)	Prec@5 94.531 (94.002)
Epoch [41] Training Results: Prec@1 78.600 Prec@5 93.680             Loss 0.91347
Epoch [41] Training Class Recall: [0.900,0.606,0.512,0.670,0.680,0.823,0.832,0.792,0.799,0.856]

Epoch: [42][0/40], lr: 0.01000	Loss 1.0147 (1.0147)	Prec@1 75.781 (75.781)	Prec@5 94.531 (94.531)
Epoch: [42][10/40], lr: 0.01000	Loss 0.9184 (1.0097)	Prec@1 78.906 (75.142)	Prec@5 92.969 (93.466)
Epoch: [42][20/40], lr: 0.01000	Loss 1.0108 (1.0015)	Prec@1 76.562 (75.335)	Prec@5 92.188 (93.415)
Epoch: [42][30/40], lr: 0.01000	Loss 0.9359 (1.0056)	Prec@1 78.125 (75.630)	Prec@5 92.969 (92.969)
Epoch [42] Training Results: Prec@1 76.220 Prec@5 93.040             Loss 0.99255
Epoch [42] Training Class Recall: [0.876,0.530,0.425,0.614,0.604,0.810,0.823,0.820,0.789,0.854]

Epoch: [43][0/40], lr: 0.01000	Loss 1.0120 (1.0120)	Prec@1 75.781 (75.781)	Prec@5 94.531 (94.531)
Epoch: [43][10/40], lr: 0.01000	Loss 0.8439 (0.9520)	Prec@1 78.906 (75.852)	Prec@5 93.750 (93.608)
Epoch: [43][20/40], lr: 0.01000	Loss 1.1770 (0.9641)	Prec@1 70.312 (76.265)	Prec@5 92.188 (93.192)
Epoch: [43][30/40], lr: 0.01000	Loss 0.8529 (0.9322)	Prec@1 81.250 (77.470)	Prec@5 93.750 (93.599)
Epoch [43] Training Results: Prec@1 77.920 Prec@5 93.580             Loss 0.92574
Epoch [43] Training Class Recall: [0.902,0.591,0.445,0.689,0.650,0.819,0.813,0.820,0.797,0.837]

Epoch: [44][0/40], lr: 0.01000	Loss 0.8770 (0.8770)	Prec@1 77.344 (77.344)	Prec@5 96.875 (96.875)
Epoch: [44][10/40], lr: 0.01000	Loss 0.7953 (0.9129)	Prec@1 80.469 (77.841)	Prec@5 96.094 (94.034)
Epoch: [44][20/40], lr: 0.01000	Loss 0.8541 (0.9103)	Prec@1 78.906 (78.423)	Prec@5 92.188 (93.824)
Epoch: [44][30/40], lr: 0.01000	Loss 1.1423 (0.9121)	Prec@1 75.781 (79.007)	Prec@5 90.625 (93.523)
Epoch [44] Training Results: Prec@1 78.980 Prec@5 93.800             Loss 0.90253
Epoch [44] Training Class Recall: [0.898,0.583,0.551,0.666,0.683,0.828,0.840,0.814,0.801,0.854]

Epoch: [45][0/40], lr: 0.01000	Loss 0.8120 (0.8120)	Prec@1 81.250 (81.250)	Prec@5 94.531 (94.531)
Epoch: [45][10/40], lr: 0.01000	Loss 1.0214 (0.9281)	Prec@1 77.344 (77.841)	Prec@5 92.969 (93.821)
Epoch: [45][20/40], lr: 0.01000	Loss 0.8232 (0.8860)	Prec@1 82.031 (78.906)	Prec@5 94.531 (94.420)
Epoch: [45][30/40], lr: 0.01000	Loss 0.9930 (0.8958)	Prec@1 75.000 (78.755)	Prec@5 95.312 (94.304)
Epoch [45] Training Results: Prec@1 78.740 Prec@5 94.020             Loss 0.90240
Epoch [45] Training Class Recall: [0.902,0.561,0.512,0.684,0.656,0.831,0.824,0.826,0.801,0.857]

Epoch: [46][0/40], lr: 0.01000	Loss 0.8279 (0.8279)	Prec@1 79.688 (79.688)	Prec@5 96.875 (96.875)
Epoch: [46][10/40], lr: 0.01000	Loss 0.8830 (0.8781)	Prec@1 75.781 (78.906)	Prec@5 95.312 (93.821)
Epoch: [46][20/40], lr: 0.01000	Loss 0.7602 (0.8811)	Prec@1 82.031 (78.906)	Prec@5 96.094 (94.010)
Epoch: [46][30/40], lr: 0.01000	Loss 0.9465 (0.8891)	Prec@1 75.781 (78.906)	Prec@5 93.750 (94.002)
Epoch [46] Training Results: Prec@1 79.340 Prec@5 94.120             Loss 0.88009
Epoch [46] Training Class Recall: [0.905,0.621,0.539,0.682,0.683,0.814,0.832,0.826,0.805,0.859]

Epoch: [47][0/40], lr: 0.01000	Loss 0.6980 (0.6980)	Prec@1 82.812 (82.812)	Prec@5 98.438 (98.438)
Epoch: [47][10/40], lr: 0.01000	Loss 0.7558 (0.8492)	Prec@1 84.375 (79.901)	Prec@5 92.969 (94.886)
Epoch: [47][20/40], lr: 0.01000	Loss 0.8678 (0.8449)	Prec@1 79.688 (79.799)	Prec@5 92.969 (95.164)
Epoch: [47][30/40], lr: 0.01000	Loss 0.9548 (0.8879)	Prec@1 78.906 (78.957)	Prec@5 88.281 (94.304)
Epoch [47] Training Results: Prec@1 79.260 Prec@5 94.260             Loss 0.88195
Epoch [47] Training Class Recall: [0.904,0.606,0.528,0.675,0.665,0.826,0.838,0.830,0.807,0.857]

Epoch: [48][0/40], lr: 0.01000	Loss 0.8792 (0.8792)	Prec@1 78.125 (78.125)	Prec@5 92.969 (92.969)
Epoch: [48][10/40], lr: 0.01000	Loss 0.9381 (0.8568)	Prec@1 77.344 (79.048)	Prec@5 94.531 (94.176)
Epoch: [48][20/40], lr: 0.01000	Loss 1.0192 (0.8944)	Prec@1 78.125 (78.906)	Prec@5 91.406 (94.048)
Epoch: [48][30/40], lr: 0.01000	Loss 0.8349 (0.8952)	Prec@1 80.469 (78.805)	Prec@5 95.312 (94.153)
Epoch [48] Training Results: Prec@1 79.220 Prec@5 94.180             Loss 0.88020
Epoch [48] Training Class Recall: [0.897,0.598,0.539,0.682,0.683,0.833,0.824,0.828,0.805,0.856]

Epoch: [49][0/40], lr: 0.01000	Loss 0.7919 (0.7919)	Prec@1 79.688 (79.688)	Prec@5 96.094 (96.094)
Epoch: [49][10/40], lr: 0.01000	Loss 0.8600 (0.9839)	Prec@1 79.688 (74.503)	Prec@5 93.750 (94.247)
Epoch: [49][20/40], lr: 0.01000	Loss 0.9559 (0.9644)	Prec@1 76.562 (75.967)	Prec@5 95.312 (94.122)
Epoch: [49][30/40], lr: 0.01000	Loss 0.9050 (0.9506)	Prec@1 76.562 (76.638)	Prec@5 94.531 (94.204)
Epoch [49] Training Results: Prec@1 77.320 Prec@5 94.200             Loss 0.93415
Epoch [49] Training Class Recall: [0.891,0.576,0.461,0.661,0.662,0.790,0.836,0.820,0.801,0.825]

Epoch: [50][0/40], lr: 0.01000	Loss 0.8251 (0.8251)	Prec@1 78.906 (78.906)	Prec@5 96.875 (96.875)
Epoch: [50][10/40], lr: 0.01000	Loss 1.0339 (0.9079)	Prec@1 75.000 (77.983)	Prec@5 90.625 (93.466)
Epoch: [50][20/40], lr: 0.01000	Loss 0.8758 (0.8872)	Prec@1 79.688 (78.720)	Prec@5 91.406 (93.899)
Epoch: [50][30/40], lr: 0.01000	Loss 0.7354 (0.8909)	Prec@1 85.156 (78.553)	Prec@5 94.531 (93.977)
Epoch [50] Training Results: Prec@1 78.040 Prec@5 93.880             Loss 0.90950
Epoch [50] Training Class Recall: [0.889,0.580,0.437,0.686,0.665,0.819,0.826,0.818,0.801,0.853]

Epoch: [51][0/40], lr: 0.01000	Loss 0.9713 (0.9713)	Prec@1 75.000 (75.000)	Prec@5 96.875 (96.875)
Epoch: [51][10/40], lr: 0.01000	Loss 0.9414 (0.9114)	Prec@1 77.344 (78.267)	Prec@5 90.625 (94.034)
Epoch: [51][20/40], lr: 0.01000	Loss 0.9389 (0.8908)	Prec@1 75.781 (79.055)	Prec@5 93.750 (94.085)
Epoch: [51][30/40], lr: 0.01000	Loss 1.0436 (0.8773)	Prec@1 73.438 (79.461)	Prec@5 92.188 (94.027)
Epoch [51] Training Results: Prec@1 79.400 Prec@5 94.120             Loss 0.87560
Epoch [51] Training Class Recall: [0.902,0.583,0.559,0.693,0.698,0.823,0.836,0.822,0.797,0.857]

Epoch: [52][0/40], lr: 0.01000	Loss 0.8796 (0.8796)	Prec@1 77.344 (77.344)	Prec@5 96.094 (96.094)
Epoch: [52][10/40], lr: 0.01000	Loss 1.0792 (0.9427)	Prec@1 75.000 (76.491)	Prec@5 91.406 (94.176)
Epoch: [52][20/40], lr: 0.01000	Loss 0.9853 (0.9352)	Prec@1 74.219 (77.083)	Prec@5 92.188 (93.824)
Epoch: [52][30/40], lr: 0.01000	Loss 0.9272 (0.9176)	Prec@1 79.688 (77.848)	Prec@5 92.188 (93.876)
Epoch [52] Training Results: Prec@1 78.400 Prec@5 93.920             Loss 0.90641
Epoch [52] Training Class Recall: [0.896,0.591,0.492,0.657,0.674,0.816,0.834,0.822,0.799,0.856]

Epoch: [53][0/40], lr: 0.01000	Loss 0.8405 (0.8405)	Prec@1 78.906 (78.906)	Prec@5 95.312 (95.312)
Epoch: [53][10/40], lr: 0.01000	Loss 0.9544 (0.8817)	Prec@1 77.344 (78.906)	Prec@5 96.094 (94.957)
Epoch: [53][20/40], lr: 0.01000	Loss 0.8404 (0.9031)	Prec@1 78.906 (78.348)	Prec@5 96.875 (94.568)
Epoch: [53][30/40], lr: 0.01000	Loss 0.7373 (0.9059)	Prec@1 84.375 (78.478)	Prec@5 93.750 (93.876)
Epoch [53] Training Results: Prec@1 79.000 Prec@5 93.960             Loss 0.89077
Epoch [53] Training Class Recall: [0.903,0.587,0.563,0.668,0.665,0.822,0.826,0.822,0.807,0.857]

Epoch: [54][0/40], lr: 0.01000	Loss 0.8443 (0.8443)	Prec@1 81.250 (81.250)	Prec@5 93.750 (93.750)
Epoch: [54][10/40], lr: 0.01000	Loss 1.1001 (0.9138)	Prec@1 71.875 (77.983)	Prec@5 89.844 (93.324)
Epoch: [54][20/40], lr: 0.01000	Loss 0.9198 (0.8993)	Prec@1 76.562 (78.311)	Prec@5 91.406 (93.527)
Epoch: [54][30/40], lr: 0.01000	Loss 0.8081 (0.8888)	Prec@1 82.812 (78.805)	Prec@5 92.188 (93.750)
Epoch [54] Training Results: Prec@1 78.940 Prec@5 93.860             Loss 0.89050
Epoch [54] Training Class Recall: [0.904,0.595,0.535,0.686,0.656,0.814,0.823,0.828,0.811,0.854]

Epoch: [55][0/40], lr: 0.01000	Loss 0.8736 (0.8736)	Prec@1 79.688 (79.688)	Prec@5 94.531 (94.531)
Epoch: [55][10/40], lr: 0.01000	Loss 0.8383 (0.8590)	Prec@1 83.594 (79.972)	Prec@5 94.531 (94.460)
Epoch: [55][20/40], lr: 0.01000	Loss 0.6908 (0.8795)	Prec@1 85.156 (78.943)	Prec@5 93.750 (94.196)
Epoch: [55][30/40], lr: 0.01000	Loss 0.8702 (0.8817)	Prec@1 78.906 (79.007)	Prec@5 96.094 (94.078)
Epoch [55] Training Results: Prec@1 79.240 Prec@5 94.500             Loss 0.87205
Epoch [55] Training Class Recall: [0.899,0.633,0.551,0.670,0.671,0.826,0.828,0.828,0.803,0.854]

Epoch: [56][0/40], lr: 0.01000	Loss 0.6944 (0.6944)	Prec@1 81.250 (81.250)	Prec@5 96.094 (96.094)
Epoch: [56][10/40], lr: 0.01000	Loss 0.6169 (0.8720)	Prec@1 85.156 (78.906)	Prec@5 97.656 (94.318)
Epoch: [56][20/40], lr: 0.01000	Loss 0.8295 (0.8511)	Prec@1 81.250 (79.799)	Prec@5 98.438 (94.754)
Epoch: [56][30/40], lr: 0.01000	Loss 0.9607 (0.8424)	Prec@1 78.125 (80.166)	Prec@5 92.188 (94.607)
Epoch [56] Training Results: Prec@1 79.580 Prec@5 94.540             Loss 0.86276
Epoch [56] Training Class Recall: [0.899,0.606,0.579,0.689,0.683,0.822,0.834,0.824,0.814,0.856]

Epoch: [57][0/40], lr: 0.01000	Loss 0.9266 (0.9266)	Prec@1 76.562 (76.562)	Prec@5 95.312 (95.312)
Epoch: [57][10/40], lr: 0.01000	Loss 0.8626 (0.9704)	Prec@1 81.250 (74.716)	Prec@5 93.750 (93.608)
Epoch: [57][20/40], lr: 0.01000	Loss 1.0224 (0.9825)	Prec@1 75.781 (75.446)	Prec@5 92.188 (93.229)
Epoch: [57][30/40], lr: 0.01000	Loss 0.8802 (0.9805)	Prec@1 78.125 (75.706)	Prec@5 95.312 (93.170)
Epoch [57] Training Results: Prec@1 75.900 Prec@5 93.100             Loss 0.97816
Epoch [57] Training Class Recall: [0.889,0.568,0.433,0.536,0.625,0.802,0.815,0.802,0.811,0.846]

Epoch: [58][0/40], lr: 0.01000	Loss 0.8016 (0.8016)	Prec@1 80.469 (80.469)	Prec@5 97.656 (97.656)
Epoch: [58][10/40], lr: 0.01000	Loss 1.0825 (0.9929)	Prec@1 71.094 (74.290)	Prec@5 94.531 (93.466)
Epoch: [58][20/40], lr: 0.01000	Loss 0.9336 (0.9548)	Prec@1 76.562 (76.042)	Prec@5 92.188 (93.713)
Epoch: [58][30/40], lr: 0.01000	Loss 0.9686 (0.9484)	Prec@1 75.000 (76.739)	Prec@5 91.406 (93.523)
Epoch [58] Training Results: Prec@1 77.240 Prec@5 93.700             Loss 0.93579
Epoch [58] Training Class Recall: [0.883,0.587,0.528,0.561,0.668,0.811,0.821,0.818,0.805,0.853]

Epoch: [59][0/40], lr: 0.01000	Loss 0.7043 (0.7043)	Prec@1 82.812 (82.812)	Prec@5 95.312 (95.312)
Epoch: [59][10/40], lr: 0.01000	Loss 0.7966 (0.9225)	Prec@1 80.469 (76.989)	Prec@5 96.875 (94.247)
Epoch: [59][20/40], lr: 0.01000	Loss 0.7996 (0.9299)	Prec@1 82.031 (77.046)	Prec@5 96.875 (94.159)
Epoch: [59][30/40], lr: 0.01000	Loss 0.9353 (0.8996)	Prec@1 76.562 (78.049)	Prec@5 96.094 (94.783)
Epoch [59] Training Results: Prec@1 78.620 Prec@5 94.840             Loss 0.88136
Epoch [59] Training Class Recall: [0.894,0.610,0.539,0.668,0.656,0.816,0.817,0.818,0.812,0.857]

Epoch: [60][0/40], lr: 0.01000	Loss 0.8188 (0.8188)	Prec@1 81.250 (81.250)	Prec@5 94.531 (94.531)
Epoch: [60][10/40], lr: 0.01000	Loss 0.9429 (0.9126)	Prec@1 76.562 (77.983)	Prec@5 94.531 (94.176)
Epoch: [60][20/40], lr: 0.01000	Loss 0.8647 (0.8654)	Prec@1 79.688 (79.390)	Prec@5 94.531 (94.978)
Epoch: [60][30/40], lr: 0.01000	Loss 0.8942 (0.8469)	Prec@1 78.906 (79.940)	Prec@5 95.312 (95.060)
Epoch [60] Training Results: Prec@1 79.660 Prec@5 94.740             Loss 0.86463
Epoch [60] Training Class Recall: [0.902,0.617,0.602,0.677,0.671,0.833,0.828,0.832,0.803,0.856]

Epoch: [61][0/40], lr: 0.01000	Loss 0.8408 (0.8408)	Prec@1 78.906 (78.906)	Prec@5 94.531 (94.531)
Epoch: [61][10/40], lr: 0.01000	Loss 0.8340 (0.8520)	Prec@1 80.469 (78.622)	Prec@5 95.312 (95.384)
Epoch: [61][20/40], lr: 0.01000	Loss 0.9801 (0.8608)	Prec@1 78.125 (78.720)	Prec@5 93.750 (95.461)
Epoch: [61][30/40], lr: 0.01000	Loss 0.7358 (0.8496)	Prec@1 82.031 (79.183)	Prec@5 96.094 (95.086)
Epoch [61] Training Results: Prec@1 79.760 Prec@5 95.100             Loss 0.83998
Epoch [61] Training Class Recall: [0.899,0.610,0.559,0.686,0.704,0.829,0.836,0.826,0.807,0.862]

Epoch: [62][0/40], lr: 0.01000	Loss 0.8460 (0.8460)	Prec@1 78.125 (78.125)	Prec@5 93.750 (93.750)
Epoch: [62][10/40], lr: 0.01000	Loss 0.9562 (0.8867)	Prec@1 77.344 (78.267)	Prec@5 95.312 (94.389)
Epoch: [62][20/40], lr: 0.01000	Loss 0.9094 (0.8587)	Prec@1 75.781 (79.464)	Prec@5 92.969 (94.308)
Epoch: [62][30/40], lr: 0.01000	Loss 0.9383 (0.8600)	Prec@1 79.688 (79.561)	Prec@5 92.969 (94.607)
Epoch [62] Training Results: Prec@1 80.040 Prec@5 94.760             Loss 0.85154
Epoch [62] Training Class Recall: [0.905,0.629,0.591,0.686,0.695,0.836,0.830,0.828,0.809,0.856]

Epoch: [63][0/40], lr: 0.01000	Loss 0.6897 (0.6897)	Prec@1 82.812 (82.812)	Prec@5 96.875 (96.875)
Epoch: [63][10/40], lr: 0.01000	Loss 0.8459 (0.8346)	Prec@1 77.344 (79.332)	Prec@5 96.875 (95.881)
Epoch: [63][20/40], lr: 0.01000	Loss 0.6122 (0.8138)	Prec@1 86.719 (80.060)	Prec@5 96.875 (95.945)
Epoch: [63][30/40], lr: 0.01000	Loss 1.0038 (0.8320)	Prec@1 75.781 (79.864)	Prec@5 91.406 (95.312)
Epoch [63] Training Results: Prec@1 80.060 Prec@5 95.420             Loss 0.83177
Epoch [63] Training Class Recall: [0.897,0.621,0.587,0.725,0.695,0.831,0.828,0.824,0.809,0.856]

Epoch: [64][0/40], lr: 0.01000	Loss 0.7335 (0.7335)	Prec@1 83.594 (83.594)	Prec@5 98.438 (98.438)
Epoch: [64][10/40], lr: 0.01000	Loss 0.7599 (0.8409)	Prec@1 84.375 (78.906)	Prec@5 94.531 (95.739)
Epoch: [64][20/40], lr: 0.01000	Loss 0.7640 (0.8476)	Prec@1 81.250 (79.129)	Prec@5 97.656 (95.275)
Epoch: [64][30/40], lr: 0.01000	Loss 0.8215 (0.8627)	Prec@1 79.688 (78.805)	Prec@5 96.875 (94.985)
Epoch [64] Training Results: Prec@1 79.120 Prec@5 95.080             Loss 0.85556
Epoch [64] Training Class Recall: [0.896,0.583,0.559,0.670,0.695,0.823,0.828,0.824,0.809,0.856]

Epoch: [65][0/40], lr: 0.01000	Loss 0.8795 (0.8795)	Prec@1 75.781 (75.781)	Prec@5 96.875 (96.875)
Epoch: [65][10/40], lr: 0.01000	Loss 0.7400 (0.8583)	Prec@1 80.469 (78.764)	Prec@5 96.875 (94.886)
Epoch: [65][20/40], lr: 0.01000	Loss 0.9956 (0.8486)	Prec@1 74.219 (79.241)	Prec@5 95.312 (94.680)
Epoch: [65][30/40], lr: 0.01000	Loss 0.8566 (0.8456)	Prec@1 81.250 (79.511)	Prec@5 92.969 (94.808)
Epoch [65] Training Results: Prec@1 79.800 Prec@5 94.980             Loss 0.84172
Epoch [65] Training Class Recall: [0.902,0.629,0.583,0.698,0.686,0.829,0.824,0.824,0.807,0.857]

Epoch: [66][0/40], lr: 0.01000	Loss 0.8925 (0.8925)	Prec@1 76.562 (76.562)	Prec@5 95.312 (95.312)
Epoch: [66][10/40], lr: 0.01000	Loss 0.6622 (0.8411)	Prec@1 84.375 (78.622)	Prec@5 96.875 (95.881)
Epoch: [66][20/40], lr: 0.01000	Loss 0.8729 (0.8250)	Prec@1 79.688 (79.576)	Prec@5 92.969 (95.610)
Epoch: [66][30/40], lr: 0.01000	Loss 0.8596 (0.8246)	Prec@1 80.469 (79.940)	Prec@5 96.094 (95.590)
Epoch [66] Training Results: Prec@1 79.940 Prec@5 95.560             Loss 0.82206
Epoch [66] Training Class Recall: [0.899,0.617,0.579,0.691,0.704,0.825,0.836,0.826,0.820,0.856]

Epoch: [67][0/40], lr: 0.01000	Loss 0.7541 (0.7541)	Prec@1 80.469 (80.469)	Prec@5 96.875 (96.875)
Epoch: [67][10/40], lr: 0.01000	Loss 0.8720 (0.7946)	Prec@1 78.906 (80.611)	Prec@5 95.312 (95.810)
Epoch: [67][20/40], lr: 0.01000	Loss 0.8989 (0.8140)	Prec@1 77.344 (80.022)	Prec@5 94.531 (95.833)
Epoch: [67][30/40], lr: 0.01000	Loss 0.8980 (0.8134)	Prec@1 78.125 (80.066)	Prec@5 92.969 (95.514)
Epoch [67] Training Results: Prec@1 80.180 Prec@5 95.500             Loss 0.81385
Epoch [67] Training Class Recall: [0.907,0.629,0.579,0.695,0.707,0.834,0.834,0.824,0.809,0.857]

Epoch: [68][0/40], lr: 0.01000	Loss 0.7880 (0.7880)	Prec@1 80.469 (80.469)	Prec@5 95.312 (95.312)
Epoch: [68][10/40], lr: 0.01000	Loss 0.7688 (0.8384)	Prec@1 80.469 (79.688)	Prec@5 94.531 (95.241)
Epoch: [68][20/40], lr: 0.01000	Loss 0.6502 (0.8284)	Prec@1 85.156 (80.246)	Prec@5 95.312 (95.424)
Epoch: [68][30/40], lr: 0.01000	Loss 0.7652 (0.8205)	Prec@1 82.031 (80.116)	Prec@5 96.875 (95.791)
Epoch [68] Training Results: Prec@1 80.060 Prec@5 95.760             Loss 0.81901
Epoch [68] Training Class Recall: [0.905,0.606,0.622,0.707,0.674,0.833,0.834,0.826,0.807,0.854]

Epoch: [69][0/40], lr: 0.01000	Loss 0.9273 (0.9273)	Prec@1 74.219 (74.219)	Prec@5 96.094 (96.094)
Epoch: [69][10/40], lr: 0.01000	Loss 0.9487 (0.8294)	Prec@1 74.219 (78.267)	Prec@5 93.750 (96.520)
Epoch: [69][20/40], lr: 0.01000	Loss 0.6981 (0.8419)	Prec@1 83.594 (78.906)	Prec@5 96.875 (95.647)
Epoch: [69][30/40], lr: 0.01000	Loss 0.7663 (0.8136)	Prec@1 82.031 (80.015)	Prec@5 96.094 (95.514)
Epoch [69] Training Results: Prec@1 79.660 Prec@5 95.320             Loss 0.82984
Epoch [69] Training Class Recall: [0.900,0.598,0.598,0.670,0.674,0.829,0.840,0.820,0.818,0.860]

Epoch: [70][0/40], lr: 0.01000	Loss 0.8714 (0.8714)	Prec@1 78.906 (78.906)	Prec@5 93.750 (93.750)
Epoch: [70][10/40], lr: 0.01000	Loss 0.6520 (0.8553)	Prec@1 84.375 (78.125)	Prec@5 96.094 (95.384)
Epoch: [70][20/40], lr: 0.01000	Loss 0.7417 (0.8528)	Prec@1 82.812 (78.571)	Prec@5 96.875 (95.201)
Epoch: [70][30/40], lr: 0.01000	Loss 0.6498 (0.8637)	Prec@1 84.375 (78.629)	Prec@5 96.094 (95.010)
Epoch [70] Training Results: Prec@1 78.680 Prec@5 95.140             Loss 0.85931
Epoch [70] Training Class Recall: [0.891,0.625,0.579,0.618,0.665,0.828,0.824,0.820,0.807,0.857]

Epoch: [71][0/40], lr: 0.01000	Loss 0.8709 (0.8709)	Prec@1 76.562 (76.562)	Prec@5 98.438 (98.438)
Epoch: [71][10/40], lr: 0.01000	Loss 0.8167 (0.8519)	Prec@1 81.250 (78.693)	Prec@5 96.094 (95.810)
Epoch: [71][20/40], lr: 0.01000	Loss 0.8552 (0.8235)	Prec@1 80.469 (79.576)	Prec@5 91.406 (95.573)
Epoch: [71][30/40], lr: 0.01000	Loss 0.6730 (0.8336)	Prec@1 83.594 (79.435)	Prec@5 96.094 (95.363)
Epoch [71] Training Results: Prec@1 79.640 Prec@5 95.380             Loss 0.82835
Epoch [71] Training Class Recall: [0.899,0.610,0.579,0.695,0.680,0.834,0.807,0.834,0.812,0.859]

Epoch: [72][0/40], lr: 0.01000	Loss 0.6596 (0.6596)	Prec@1 82.812 (82.812)	Prec@5 98.438 (98.438)
Epoch: [72][10/40], lr: 0.01000	Loss 0.8299 (0.7911)	Prec@1 79.688 (80.540)	Prec@5 96.094 (95.952)
Epoch: [72][20/40], lr: 0.01000	Loss 0.7693 (0.7720)	Prec@1 78.125 (81.101)	Prec@5 96.094 (95.796)
Epoch: [72][30/40], lr: 0.01000	Loss 0.8276 (0.7880)	Prec@1 82.031 (80.796)	Prec@5 94.531 (95.968)
Epoch [72] Training Results: Prec@1 80.120 Prec@5 95.780             Loss 0.80830
Epoch [72] Training Class Recall: [0.900,0.610,0.606,0.718,0.701,0.825,0.832,0.826,0.809,0.856]

Epoch: [73][0/40], lr: 0.01000	Loss 0.6198 (0.6198)	Prec@1 83.594 (83.594)	Prec@5 97.656 (97.656)
Epoch: [73][10/40], lr: 0.01000	Loss 0.8458 (0.7958)	Prec@1 78.125 (79.830)	Prec@5 95.312 (96.023)
Epoch: [73][20/40], lr: 0.01000	Loss 0.9979 (0.8145)	Prec@1 74.219 (79.501)	Prec@5 97.656 (96.094)
Epoch: [73][30/40], lr: 0.01000	Loss 0.9301 (0.8031)	Prec@1 77.344 (79.864)	Prec@5 92.969 (96.043)
Epoch [73] Training Results: Prec@1 80.440 Prec@5 96.240             Loss 0.79038
Epoch [73] Training Class Recall: [0.900,0.633,0.598,0.709,0.707,0.839,0.828,0.828,0.818,0.857]

Epoch: [74][0/40], lr: 0.01000	Loss 0.6626 (0.6626)	Prec@1 83.594 (83.594)	Prec@5 96.875 (96.875)
Epoch: [74][10/40], lr: 0.01000	Loss 1.0283 (0.8334)	Prec@1 75.781 (79.616)	Prec@5 92.188 (95.312)
Epoch: [74][20/40], lr: 0.01000	Loss 0.7181 (0.8438)	Prec@1 82.031 (79.129)	Prec@5 98.438 (95.461)
Epoch: [74][30/40], lr: 0.01000	Loss 0.9951 (0.8563)	Prec@1 76.562 (78.931)	Prec@5 92.188 (95.161)
Epoch [74] Training Results: Prec@1 79.100 Prec@5 95.080             Loss 0.85256
Epoch [74] Training Class Recall: [0.889,0.636,0.563,0.652,0.683,0.829,0.824,0.822,0.809,0.857]

Epoch: [75][0/40], lr: 0.01000	Loss 0.6882 (0.6882)	Prec@1 82.812 (82.812)	Prec@5 97.656 (97.656)
Epoch: [75][10/40], lr: 0.01000	Loss 0.7459 (0.9966)	Prec@1 80.469 (73.722)	Prec@5 97.656 (93.963)
Epoch: [75][20/40], lr: 0.01000	Loss 0.8599 (0.9595)	Prec@1 80.469 (75.335)	Prec@5 94.531 (94.308)
Epoch: [75][30/40], lr: 0.01000	Loss 0.7715 (0.9257)	Prec@1 82.031 (76.815)	Prec@5 96.094 (94.430)
Epoch [75] Training Results: Prec@1 77.600 Prec@5 94.560             Loss 0.89616
Epoch [75] Training Class Recall: [0.896,0.572,0.500,0.623,0.634,0.803,0.830,0.822,0.805,0.853]

Epoch: [76][0/40], lr: 0.01000	Loss 0.8183 (0.8183)	Prec@1 77.344 (77.344)	Prec@5 94.531 (94.531)
Epoch: [76][10/40], lr: 0.01000	Loss 0.9009 (0.8410)	Prec@1 77.344 (79.901)	Prec@5 92.969 (95.241)
Epoch: [76][20/40], lr: 0.01000	Loss 0.8009 (0.8373)	Prec@1 79.688 (79.501)	Prec@5 96.875 (95.647)
Epoch: [76][30/40], lr: 0.01000	Loss 0.6425 (0.8304)	Prec@1 89.062 (79.864)	Prec@5 97.656 (95.741)
Epoch [76] Training Results: Prec@1 80.160 Prec@5 95.860             Loss 0.82464
Epoch [76] Training Class Recall: [0.902,0.625,0.555,0.709,0.710,0.840,0.828,0.826,0.812,0.857]

Epoch: [77][0/40], lr: 0.01000	Loss 0.9704 (0.9704)	Prec@1 75.781 (75.781)	Prec@5 94.531 (94.531)
Epoch: [77][10/40], lr: 0.01000	Loss 1.0084 (0.8578)	Prec@1 72.656 (78.480)	Prec@5 92.188 (95.881)
Epoch: [77][20/40], lr: 0.01000	Loss 0.7004 (0.8068)	Prec@1 81.250 (80.022)	Prec@5 96.875 (95.871)
Epoch: [77][30/40], lr: 0.01000	Loss 0.7429 (0.8043)	Prec@1 81.250 (80.192)	Prec@5 96.875 (95.968)
Epoch [77] Training Results: Prec@1 80.220 Prec@5 96.000             Loss 0.80120
Epoch [77] Training Class Recall: [0.900,0.640,0.602,0.720,0.692,0.836,0.830,0.824,0.797,0.857]

Epoch: [78][0/40], lr: 0.01000	Loss 0.8265 (0.8265)	Prec@1 80.469 (80.469)	Prec@5 95.312 (95.312)
Epoch: [78][10/40], lr: 0.01000	Loss 0.7600 (0.8101)	Prec@1 78.906 (78.480)	Prec@5 96.094 (96.378)
Epoch: [78][20/40], lr: 0.01000	Loss 0.7066 (0.7955)	Prec@1 78.906 (79.985)	Prec@5 99.219 (96.280)
Epoch: [78][30/40], lr: 0.01000	Loss 0.9012 (0.8046)	Prec@1 77.344 (80.116)	Prec@5 94.531 (96.144)
Epoch [78] Training Results: Prec@1 79.720 Prec@5 96.000             Loss 0.81293
Epoch [78] Training Class Recall: [0.910,0.648,0.598,0.680,0.647,0.822,0.832,0.824,0.811,0.857]

Epoch: [79][0/40], lr: 0.01000	Loss 0.8225 (0.8225)	Prec@1 79.688 (79.688)	Prec@5 93.750 (93.750)
Epoch: [79][10/40], lr: 0.01000	Loss 0.8879 (0.8132)	Prec@1 75.000 (79.048)	Prec@5 92.188 (95.739)
Epoch: [79][20/40], lr: 0.01000	Loss 0.7590 (0.8244)	Prec@1 82.031 (79.018)	Prec@5 96.875 (95.536)
Epoch: [79][30/40], lr: 0.01000	Loss 0.6638 (0.8345)	Prec@1 85.156 (78.982)	Prec@5 96.094 (95.186)
Epoch [79] Training Results: Prec@1 79.440 Prec@5 95.440             Loss 0.82161
Epoch [79] Training Class Recall: [0.895,0.610,0.543,0.673,0.701,0.834,0.836,0.820,0.812,0.856]

Epoch: [80][0/40], lr: 0.01000	Loss 0.8705 (0.8705)	Prec@1 78.125 (78.125)	Prec@5 95.312 (95.312)
Epoch: [80][10/40], lr: 0.01000	Loss 0.8731 (0.8316)	Prec@1 79.688 (78.267)	Prec@5 94.531 (95.455)
Epoch: [80][20/40], lr: 0.01000	Loss 0.6358 (0.8232)	Prec@1 84.375 (78.943)	Prec@5 96.875 (95.945)
Epoch: [80][30/40], lr: 0.01000	Loss 0.8696 (0.8366)	Prec@1 78.906 (78.805)	Prec@5 95.312 (96.069)
Epoch [80] Training Results: Prec@1 79.260 Prec@5 95.900             Loss 0.82802
Epoch [80] Training Class Recall: [0.898,0.629,0.559,0.695,0.695,0.837,0.824,0.824,0.760,0.856]

Epoch: [81][0/40], lr: 0.01000	Loss 0.8098 (0.8098)	Prec@1 79.688 (79.688)	Prec@5 96.094 (96.094)
Epoch: [81][10/40], lr: 0.01000	Loss 0.7295 (0.8235)	Prec@1 81.250 (78.764)	Prec@5 94.531 (96.094)
Epoch: [81][20/40], lr: 0.01000	Loss 0.8620 (0.8082)	Prec@1 78.125 (79.055)	Prec@5 99.219 (96.466)
Epoch: [81][30/40], lr: 0.01000	Loss 0.7433 (0.8125)	Prec@1 82.031 (79.385)	Prec@5 96.094 (96.018)
Epoch [81] Training Results: Prec@1 79.800 Prec@5 96.160             Loss 0.79987
Epoch [81] Training Class Recall: [0.902,0.621,0.587,0.680,0.689,0.826,0.836,0.830,0.811,0.856]

Epoch: [82][0/40], lr: 0.01000	Loss 0.7091 (0.7091)	Prec@1 82.031 (82.031)	Prec@5 93.750 (93.750)
Epoch: [82][10/40], lr: 0.01000	Loss 0.7475 (0.8199)	Prec@1 82.031 (79.048)	Prec@5 96.094 (96.236)
Epoch: [82][20/40], lr: 0.01000	Loss 0.6367 (0.7769)	Prec@1 83.594 (80.246)	Prec@5 98.438 (96.466)
Epoch: [82][30/40], lr: 0.01000	Loss 0.8291 (0.7767)	Prec@1 79.688 (80.544)	Prec@5 95.312 (96.169)
Epoch [82] Training Results: Prec@1 80.600 Prec@5 96.080             Loss 0.77629
Epoch [82] Training Class Recall: [0.896,0.636,0.614,0.711,0.722,0.833,0.836,0.832,0.824,0.851]

Epoch: [83][0/40], lr: 0.01000	Loss 0.8143 (0.8143)	Prec@1 82.031 (82.031)	Prec@5 97.656 (97.656)
Epoch: [83][10/40], lr: 0.01000	Loss 0.8929 (0.8367)	Prec@1 75.781 (78.906)	Prec@5 95.312 (96.023)
Epoch: [83][20/40], lr: 0.01000	Loss 0.7268 (0.8177)	Prec@1 82.031 (79.985)	Prec@5 96.094 (95.945)
Epoch: [83][30/40], lr: 0.01000	Loss 1.0493 (0.8281)	Prec@1 73.438 (79.612)	Prec@5 94.531 (95.791)
Epoch [83] Training Results: Prec@1 80.200 Prec@5 96.040             Loss 0.81144
Epoch [83] Training Class Recall: [0.896,0.633,0.618,0.695,0.698,0.833,0.830,0.830,0.807,0.863]

Epoch: [84][0/40], lr: 0.01000	Loss 0.7148 (0.7148)	Prec@1 82.812 (82.812)	Prec@5 93.750 (93.750)
Epoch: [84][10/40], lr: 0.01000	Loss 0.8419 (0.7961)	Prec@1 77.344 (79.190)	Prec@5 96.875 (96.307)
Epoch: [84][20/40], lr: 0.01000	Loss 0.6800 (0.7785)	Prec@1 84.375 (80.171)	Prec@5 96.875 (95.945)
Epoch: [84][30/40], lr: 0.01000	Loss 0.6537 (0.7659)	Prec@1 85.156 (80.620)	Prec@5 98.438 (96.573)
Epoch [84] Training Results: Prec@1 80.420 Prec@5 96.280             Loss 0.77964
Epoch [84] Training Class Recall: [0.902,0.633,0.610,0.707,0.683,0.831,0.840,0.838,0.814,0.857]

Epoch: [85][0/40], lr: 0.01000	Loss 0.7041 (0.7041)	Prec@1 82.812 (82.812)	Prec@5 98.438 (98.438)
Epoch: [85][10/40], lr: 0.01000	Loss 0.7227 (0.7865)	Prec@1 82.031 (81.250)	Prec@5 95.312 (95.312)
Epoch: [85][20/40], lr: 0.01000	Loss 0.7675 (0.8329)	Prec@1 82.812 (80.171)	Prec@5 94.531 (94.717)
Epoch: [85][30/40], lr: 0.01000	Loss 0.7809 (0.8526)	Prec@1 80.469 (79.158)	Prec@5 98.438 (94.859)
Epoch [85] Training Results: Prec@1 79.240 Prec@5 94.780             Loss 0.85027
Epoch [85] Training Class Recall: [0.904,0.583,0.559,0.666,0.680,0.833,0.826,0.824,0.811,0.856]

Epoch: [86][0/40], lr: 0.01000	Loss 0.9134 (0.9134)	Prec@1 74.219 (74.219)	Prec@5 97.656 (97.656)
Epoch: [86][10/40], lr: 0.01000	Loss 0.8787 (0.8498)	Prec@1 77.344 (79.048)	Prec@5 96.094 (95.384)
Epoch: [86][20/40], lr: 0.01000	Loss 0.7249 (0.8597)	Prec@1 82.031 (78.981)	Prec@5 97.656 (95.499)
Epoch: [86][30/40], lr: 0.01000	Loss 1.0996 (0.8531)	Prec@1 74.219 (79.385)	Prec@5 94.531 (95.439)
Epoch [86] Training Results: Prec@1 79.080 Prec@5 95.480             Loss 0.85782
Epoch [86] Training Class Recall: [0.896,0.583,0.547,0.689,0.668,0.826,0.832,0.818,0.812,0.854]

Epoch: [87][0/40], lr: 0.01000	Loss 0.6259 (0.6259)	Prec@1 85.156 (85.156)	Prec@5 98.438 (98.438)
Epoch: [87][10/40], lr: 0.01000	Loss 0.9812 (0.8159)	Prec@1 73.438 (79.190)	Prec@5 95.312 (96.094)
Epoch: [87][20/40], lr: 0.01000	Loss 0.6491 (0.8011)	Prec@1 83.594 (80.134)	Prec@5 99.219 (96.317)
Epoch: [87][30/40], lr: 0.01000	Loss 0.8520 (0.8173)	Prec@1 78.125 (79.587)	Prec@5 96.094 (96.069)
Epoch [87] Training Results: Prec@1 79.860 Prec@5 95.900             Loss 0.81128
Epoch [87] Training Class Recall: [0.894,0.621,0.587,0.684,0.692,0.839,0.832,0.830,0.811,0.857]

Epoch: [88][0/40], lr: 0.01000	Loss 0.8741 (0.8741)	Prec@1 78.125 (78.125)	Prec@5 93.750 (93.750)
Epoch: [88][10/40], lr: 0.01000	Loss 0.8774 (0.8406)	Prec@1 76.562 (78.267)	Prec@5 96.094 (95.241)
Epoch: [88][20/40], lr: 0.01000	Loss 0.7638 (0.7924)	Prec@1 82.812 (80.022)	Prec@5 96.094 (96.280)
Epoch: [88][30/40], lr: 0.01000	Loss 0.5948 (0.7828)	Prec@1 87.500 (80.645)	Prec@5 96.875 (96.270)
Epoch [88] Training Results: Prec@1 80.400 Prec@5 96.200             Loss 0.79330
Epoch [88] Training Class Recall: [0.907,0.636,0.606,0.702,0.686,0.834,0.838,0.828,0.814,0.856]

Epoch: [89][0/40], lr: 0.01000	Loss 0.7696 (0.7696)	Prec@1 76.562 (76.562)	Prec@5 98.438 (98.438)
Epoch: [89][10/40], lr: 0.01000	Loss 0.9447 (0.7875)	Prec@1 77.344 (80.043)	Prec@5 95.312 (96.520)
Epoch: [89][20/40], lr: 0.01000	Loss 0.8333 (0.7950)	Prec@1 81.250 (79.985)	Prec@5 96.094 (96.205)
Epoch: [89][30/40], lr: 0.01000	Loss 0.7821 (0.7989)	Prec@1 81.250 (80.292)	Prec@5 95.312 (96.069)
Epoch [89] Training Results: Prec@1 80.260 Prec@5 96.160             Loss 0.79774
Epoch [89] Training Class Recall: [0.889,0.636,0.591,0.727,0.671,0.840,0.832,0.828,0.822,0.859]

Epoch: [90][0/40], lr: 0.01000	Loss 0.8714 (0.8714)	Prec@1 78.906 (78.906)	Prec@5 93.750 (93.750)
Epoch: [90][10/40], lr: 0.01000	Loss 0.6658 (0.7476)	Prec@1 85.156 (81.108)	Prec@5 98.438 (96.733)
Epoch: [90][20/40], lr: 0.01000	Loss 1.0360 (0.7653)	Prec@1 73.438 (80.580)	Prec@5 92.969 (96.354)
Epoch: [90][30/40], lr: 0.01000	Loss 0.6915 (0.7711)	Prec@1 82.031 (80.494)	Prec@5 96.875 (96.169)
Epoch [90] Training Results: Prec@1 80.240 Prec@5 96.100             Loss 0.77556
Epoch [90] Training Class Recall: [0.898,0.629,0.571,0.720,0.701,0.836,0.823,0.830,0.820,0.857]

Epoch: [91][0/40], lr: 0.01000	Loss 0.7480 (0.7480)	Prec@1 81.250 (81.250)	Prec@5 100.000 (100.000)
Epoch: [91][10/40], lr: 0.01000	Loss 0.7353 (0.7782)	Prec@1 79.688 (79.403)	Prec@5 98.438 (96.449)
Epoch: [91][20/40], lr: 0.01000	Loss 0.9058 (0.8092)	Prec@1 76.562 (79.427)	Prec@5 95.312 (95.908)
Epoch: [91][30/40], lr: 0.01000	Loss 0.8972 (0.8135)	Prec@1 78.125 (79.309)	Prec@5 96.875 (95.867)
Epoch [91] Training Results: Prec@1 79.660 Prec@5 95.900             Loss 0.80722
Epoch [91] Training Class Recall: [0.887,0.644,0.583,0.680,0.662,0.837,0.838,0.828,0.807,0.863]

Epoch: [92][0/40], lr: 0.01000	Loss 0.7754 (0.7754)	Prec@1 82.031 (82.031)	Prec@5 96.875 (96.875)
Epoch: [92][10/40], lr: 0.01000	Loss 0.9087 (0.7896)	Prec@1 75.781 (79.830)	Prec@5 96.094 (96.662)
Epoch: [92][20/40], lr: 0.01000	Loss 0.7691 (0.7963)	Prec@1 82.031 (79.948)	Prec@5 94.531 (96.540)
Epoch: [92][30/40], lr: 0.01000	Loss 0.9342 (0.7746)	Prec@1 74.219 (80.620)	Prec@5 97.656 (96.648)
Epoch [92] Training Results: Prec@1 80.420 Prec@5 96.420             Loss 0.78160
Epoch [92] Training Class Recall: [0.904,0.602,0.594,0.714,0.707,0.837,0.834,0.836,0.809,0.860]

Epoch: [93][0/40], lr: 0.01000	Loss 0.7810 (0.7810)	Prec@1 78.906 (78.906)	Prec@5 95.312 (95.312)
Epoch: [93][10/40], lr: 0.01000	Loss 0.8280 (0.7227)	Prec@1 78.906 (80.824)	Prec@5 95.312 (97.088)
Epoch: [93][20/40], lr: 0.01000	Loss 0.7633 (0.7418)	Prec@1 81.250 (80.804)	Prec@5 96.094 (96.466)
Epoch: [93][30/40], lr: 0.01000	Loss 0.6793 (0.7705)	Prec@1 84.375 (80.318)	Prec@5 96.094 (96.295)
Epoch [93] Training Results: Prec@1 80.960 Prec@5 96.480             Loss 0.75752
Epoch [93] Training Class Recall: [0.890,0.648,0.614,0.739,0.695,0.849,0.842,0.832,0.818,0.860]

Epoch: [94][0/40], lr: 0.01000	Loss 0.6929 (0.6929)	Prec@1 83.594 (83.594)	Prec@5 96.875 (96.875)
Epoch: [94][10/40], lr: 0.01000	Loss 0.6590 (0.9078)	Prec@1 84.375 (77.060)	Prec@5 96.094 (95.241)
Epoch: [94][20/40], lr: 0.01000	Loss 0.9524 (0.9000)	Prec@1 75.000 (77.381)	Prec@5 93.750 (95.312)
Epoch: [94][30/40], lr: 0.01000	Loss 0.8056 (0.8925)	Prec@1 82.031 (77.571)	Prec@5 93.750 (95.338)
Epoch [94] Training Results: Prec@1 78.280 Prec@5 95.260             Loss 0.87727
Epoch [94] Training Class Recall: [0.880,0.610,0.539,0.659,0.659,0.822,0.821,0.820,0.795,0.857]

Epoch: [95][0/40], lr: 0.01000	Loss 0.7493 (0.7493)	Prec@1 80.469 (80.469)	Prec@5 99.219 (99.219)
Epoch: [95][10/40], lr: 0.01000	Loss 0.7964 (0.8443)	Prec@1 78.125 (78.267)	Prec@5 96.875 (96.804)
Epoch: [95][20/40], lr: 0.01000	Loss 0.9654 (0.8462)	Prec@1 75.781 (78.460)	Prec@5 94.531 (96.280)
Epoch: [95][30/40], lr: 0.01000	Loss 0.5629 (0.8216)	Prec@1 87.500 (79.385)	Prec@5 98.438 (96.169)
Epoch [95] Training Results: Prec@1 79.840 Prec@5 95.940             Loss 0.81530
Epoch [95] Training Class Recall: [0.899,0.640,0.591,0.668,0.701,0.831,0.823,0.824,0.814,0.862]

Epoch: [96][0/40], lr: 0.01000	Loss 0.6949 (0.6949)	Prec@1 82.812 (82.812)	Prec@5 97.656 (97.656)
Epoch: [96][10/40], lr: 0.01000	Loss 0.9904 (0.8707)	Prec@1 75.000 (78.125)	Prec@5 95.312 (96.023)
Epoch: [96][20/40], lr: 0.01000	Loss 0.5628 (0.8354)	Prec@1 88.281 (79.464)	Prec@5 97.656 (96.205)
Epoch: [96][30/40], lr: 0.01000	Loss 0.8203 (0.8334)	Prec@1 81.250 (79.561)	Prec@5 97.656 (96.018)
Epoch [96] Training Results: Prec@1 79.860 Prec@5 95.860             Loss 0.82090
Epoch [96] Training Class Recall: [0.904,0.621,0.551,0.702,0.689,0.836,0.824,0.824,0.814,0.857]

Epoch: [97][0/40], lr: 0.01000	Loss 0.8138 (0.8138)	Prec@1 78.125 (78.125)	Prec@5 96.094 (96.094)
Epoch: [97][10/40], lr: 0.01000	Loss 0.9083 (0.8743)	Prec@1 76.562 (76.918)	Prec@5 95.312 (95.526)
Epoch: [97][20/40], lr: 0.01000	Loss 0.8218 (0.8434)	Prec@1 79.688 (78.497)	Prec@5 96.875 (95.573)
Epoch: [97][30/40], lr: 0.01000	Loss 0.7154 (0.8448)	Prec@1 82.031 (78.780)	Prec@5 98.438 (95.439)
Epoch [97] Training Results: Prec@1 79.040 Prec@5 95.700             Loss 0.83011
Epoch [97] Training Class Recall: [0.886,0.602,0.535,0.670,0.704,0.822,0.828,0.832,0.803,0.860]

Epoch: [98][0/40], lr: 0.01000	Loss 0.6032 (0.6032)	Prec@1 85.938 (85.938)	Prec@5 96.875 (96.875)
Epoch: [98][10/40], lr: 0.01000	Loss 1.0392 (0.8591)	Prec@1 77.344 (77.628)	Prec@5 92.969 (95.952)
Epoch: [98][20/40], lr: 0.01000	Loss 0.6947 (0.8450)	Prec@1 83.594 (78.609)	Prec@5 95.312 (95.610)
Epoch: [98][30/40], lr: 0.01000	Loss 0.6254 (0.8393)	Prec@1 85.938 (79.183)	Prec@5 98.438 (95.590)
Epoch [98] Training Results: Prec@1 79.620 Prec@5 95.860             Loss 0.81935
Epoch [98] Training Class Recall: [0.890,0.633,0.583,0.711,0.674,0.831,0.819,0.826,0.807,0.856]

Epoch: [99][0/40], lr: 0.01000	Loss 0.6805 (0.6805)	Prec@1 83.594 (83.594)	Prec@5 95.312 (95.312)
Epoch: [99][10/40], lr: 0.01000	Loss 0.6452 (0.7438)	Prec@1 84.375 (81.179)	Prec@5 96.094 (96.236)
Epoch: [99][20/40], lr: 0.01000	Loss 0.7894 (0.7866)	Prec@1 79.688 (80.171)	Prec@5 95.312 (95.722)
Epoch: [99][30/40], lr: 0.01000	Loss 0.7615 (0.7750)	Prec@1 82.031 (80.469)	Prec@5 94.531 (96.043)
Epoch [99] Training Results: Prec@1 80.400 Prec@5 95.940             Loss 0.78170
Epoch [99] Training Class Recall: [0.899,0.617,0.618,0.705,0.710,0.836,0.817,0.824,0.826,0.865]

Epoch: [100][0/40], lr: 0.01000	Loss 0.5392 (0.5392)	Prec@1 86.719 (86.719)	Prec@5 98.438 (98.438)
Epoch: [100][10/40], lr: 0.01000	Loss 0.9317 (0.8253)	Prec@1 74.219 (78.551)	Prec@5 96.094 (96.520)
Epoch: [100][20/40], lr: 0.01000	Loss 0.7054 (0.8153)	Prec@1 82.812 (79.204)	Prec@5 98.438 (96.354)
Epoch: [100][30/40], lr: 0.01000	Loss 0.7608 (0.8255)	Prec@1 81.250 (79.133)	Prec@5 96.094 (96.144)
Epoch [100] Training Results: Prec@1 79.540 Prec@5 96.200             Loss 0.81355
Epoch [100] Training Class Recall: [0.888,0.633,0.583,0.689,0.674,0.839,0.819,0.818,0.812,0.862]

Epoch: [101][0/40], lr: 0.01000	Loss 0.7912 (0.7912)	Prec@1 83.594 (83.594)	Prec@5 95.312 (95.312)
Epoch: [101][10/40], lr: 0.01000	Loss 0.8253 (0.7819)	Prec@1 77.344 (80.540)	Prec@5 96.094 (96.591)
Epoch: [101][20/40], lr: 0.01000	Loss 0.7279 (0.7979)	Prec@1 84.375 (79.911)	Prec@5 96.875 (96.763)
Epoch: [101][30/40], lr: 0.01000	Loss 0.7375 (0.7913)	Prec@1 84.375 (80.091)	Prec@5 93.750 (96.472)
Epoch [101] Training Results: Prec@1 80.440 Prec@5 96.380             Loss 0.77896
Epoch [101] Training Class Recall: [0.897,0.644,0.591,0.711,0.674,0.842,0.844,0.826,0.818,0.862]

Epoch: [102][0/40], lr: 0.01000	Loss 0.5513 (0.5513)	Prec@1 85.938 (85.938)	Prec@5 98.438 (98.438)
Epoch: [102][10/40], lr: 0.01000	Loss 0.7698 (0.8181)	Prec@1 78.906 (79.403)	Prec@5 96.875 (96.094)
Epoch: [102][20/40], lr: 0.01000	Loss 0.6041 (0.7839)	Prec@1 84.375 (80.283)	Prec@5 98.438 (96.243)
Epoch: [102][30/40], lr: 0.01000	Loss 0.9319 (0.8079)	Prec@1 76.562 (79.713)	Prec@5 96.094 (96.069)
Epoch [102] Training Results: Prec@1 79.900 Prec@5 96.200             Loss 0.80366
Epoch [102] Training Class Recall: [0.899,0.580,0.618,0.718,0.698,0.822,0.830,0.828,0.805,0.856]

Epoch: [103][0/40], lr: 0.01000	Loss 0.7817 (0.7817)	Prec@1 79.688 (79.688)	Prec@5 96.875 (96.875)
Epoch: [103][10/40], lr: 0.01000	Loss 0.7742 (0.8290)	Prec@1 77.344 (78.125)	Prec@5 95.312 (96.236)
Epoch: [103][20/40], lr: 0.01000	Loss 0.8607 (0.8304)	Prec@1 79.688 (78.720)	Prec@5 96.094 (96.094)
Epoch: [103][30/40], lr: 0.01000	Loss 0.7266 (0.8118)	Prec@1 83.594 (79.435)	Prec@5 96.094 (96.245)
Epoch [103] Training Results: Prec@1 79.840 Prec@5 96.220             Loss 0.80661
Epoch [103] Training Class Recall: [0.894,0.629,0.567,0.718,0.662,0.833,0.830,0.818,0.816,0.865]

Epoch: [104][0/40], lr: 0.01000	Loss 0.6768 (0.6768)	Prec@1 82.031 (82.031)	Prec@5 98.438 (98.438)
Epoch: [104][10/40], lr: 0.01000	Loss 0.6771 (0.8204)	Prec@1 82.031 (79.190)	Prec@5 96.875 (96.094)
Epoch: [104][20/40], lr: 0.01000	Loss 0.8676 (0.7973)	Prec@1 78.125 (79.911)	Prec@5 93.750 (96.019)
Epoch: [104][30/40], lr: 0.01000	Loss 0.7339 (0.7944)	Prec@1 81.250 (79.814)	Prec@5 99.219 (96.270)
Epoch [104] Training Results: Prec@1 79.520 Prec@5 96.240             Loss 0.80697
Epoch [104] Training Class Recall: [0.876,0.625,0.575,0.716,0.665,0.843,0.830,0.816,0.809,0.859]

Epoch: [105][0/40], lr: 0.01000	Loss 0.8816 (0.8816)	Prec@1 76.562 (76.562)	Prec@5 98.438 (98.438)
Epoch: [105][10/40], lr: 0.01000	Loss 0.8402 (0.8305)	Prec@1 81.250 (79.261)	Prec@5 95.312 (95.881)
Epoch: [105][20/40], lr: 0.01000	Loss 0.7501 (0.8067)	Prec@1 82.812 (79.613)	Prec@5 96.094 (96.057)
Epoch: [105][30/40], lr: 0.01000	Loss 0.6620 (0.7943)	Prec@1 84.375 (79.990)	Prec@5 98.438 (96.371)
Epoch [105] Training Results: Prec@1 80.060 Prec@5 96.480             Loss 0.78814
Epoch [105] Training Class Recall: [0.899,0.636,0.583,0.673,0.707,0.831,0.826,0.834,0.826,0.857]

Epoch: [106][0/40], lr: 0.01000	Loss 0.7628 (0.7628)	Prec@1 80.469 (80.469)	Prec@5 96.875 (96.875)
Epoch: [106][10/40], lr: 0.01000	Loss 1.0200 (0.8368)	Prec@1 72.656 (78.125)	Prec@5 92.188 (95.952)
Epoch: [106][20/40], lr: 0.01000	Loss 0.8517 (0.8114)	Prec@1 79.688 (79.315)	Prec@5 96.875 (96.168)
Epoch: [106][30/40], lr: 0.01000	Loss 0.9620 (0.8049)	Prec@1 76.562 (79.713)	Prec@5 92.188 (96.144)
Epoch [106] Training Results: Prec@1 79.900 Prec@5 96.220             Loss 0.79787
Epoch [106] Training Class Recall: [0.890,0.602,0.598,0.723,0.680,0.829,0.838,0.822,0.811,0.859]

Epoch: [107][0/40], lr: 0.01000	Loss 0.5421 (0.5421)	Prec@1 85.156 (85.156)	Prec@5 99.219 (99.219)
Epoch: [107][10/40], lr: 0.01000	Loss 0.9673 (0.7501)	Prec@1 71.875 (81.037)	Prec@5 98.438 (97.017)
Epoch: [107][20/40], lr: 0.01000	Loss 0.9459 (0.7597)	Prec@1 77.344 (81.064)	Prec@5 94.531 (96.615)
Epoch: [107][30/40], lr: 0.01000	Loss 0.8733 (0.7652)	Prec@1 78.906 (80.998)	Prec@5 95.312 (96.598)
Epoch [107] Training Results: Prec@1 80.620 Prec@5 96.540             Loss 0.77018
Epoch [107] Training Class Recall: [0.910,0.625,0.594,0.727,0.710,0.834,0.824,0.830,0.822,0.853]

Epoch: [108][0/40], lr: 0.01000	Loss 0.6560 (0.6560)	Prec@1 82.031 (82.031)	Prec@5 96.875 (96.875)
Epoch: [108][10/40], lr: 0.01000	Loss 1.0536 (0.9532)	Prec@1 72.656 (74.432)	Prec@5 94.531 (95.028)
Epoch: [108][20/40], lr: 0.01000	Loss 1.0427 (0.9578)	Prec@1 71.875 (74.479)	Prec@5 92.969 (94.866)
Epoch: [108][30/40], lr: 0.01000	Loss 0.7099 (0.9257)	Prec@1 82.812 (75.882)	Prec@5 97.656 (95.111)
Epoch [108] Training Results: Prec@1 76.420 Prec@5 94.920             Loss 0.91385
Epoch [108] Training Class Recall: [0.868,0.572,0.535,0.609,0.598,0.791,0.798,0.802,0.814,0.859]

Epoch: [109][0/40], lr: 0.01000	Loss 0.7370 (0.7370)	Prec@1 82.812 (82.812)	Prec@5 96.094 (96.094)
Epoch: [109][10/40], lr: 0.01000	Loss 0.9728 (0.8774)	Prec@1 74.219 (77.699)	Prec@5 96.875 (95.312)
Epoch: [109][20/40], lr: 0.01000	Loss 0.6045 (0.8427)	Prec@1 85.938 (78.609)	Prec@5 96.094 (95.796)
Epoch: [109][30/40], lr: 0.01000	Loss 0.7788 (0.8180)	Prec@1 82.812 (79.461)	Prec@5 98.438 (96.144)
Epoch [109] Training Results: Prec@1 79.580 Prec@5 96.160             Loss 0.81192
Epoch [109] Training Class Recall: [0.904,0.625,0.579,0.675,0.710,0.817,0.834,0.826,0.807,0.846]

Epoch: [110][0/40], lr: 0.01000	Loss 0.4818 (0.4818)	Prec@1 89.062 (89.062)	Prec@5 97.656 (97.656)
Epoch: [110][10/40], lr: 0.01000	Loss 0.7545 (0.7960)	Prec@1 81.250 (79.545)	Prec@5 98.438 (96.165)
Epoch: [110][20/40], lr: 0.01000	Loss 0.9046 (0.8237)	Prec@1 73.438 (79.055)	Prec@5 95.312 (95.945)
Epoch: [110][30/40], lr: 0.01000	Loss 0.7587 (0.8110)	Prec@1 81.250 (79.360)	Prec@5 96.875 (96.094)
Epoch [110] Training Results: Prec@1 79.360 Prec@5 96.000             Loss 0.81320
Epoch [110] Training Class Recall: [0.898,0.617,0.567,0.686,0.695,0.803,0.832,0.830,0.809,0.856]

Epoch: [111][0/40], lr: 0.01000	Loss 0.6564 (0.6564)	Prec@1 87.500 (87.500)	Prec@5 96.094 (96.094)
Epoch: [111][10/40], lr: 0.01000	Loss 0.6892 (0.7576)	Prec@1 81.250 (80.753)	Prec@5 98.438 (97.443)
Epoch: [111][20/40], lr: 0.01000	Loss 0.6848 (0.7761)	Prec@1 84.375 (80.432)	Prec@5 98.438 (97.135)
Epoch: [111][30/40], lr: 0.01000	Loss 0.7142 (0.7850)	Prec@1 81.250 (80.066)	Prec@5 98.438 (96.825)
Epoch [111] Training Results: Prec@1 80.220 Prec@5 96.860             Loss 0.77682
Epoch [111] Training Class Recall: [0.892,0.598,0.591,0.716,0.698,0.836,0.836,0.832,0.822,0.859]

Epoch: [112][0/40], lr: 0.01000	Loss 0.4893 (0.4893)	Prec@1 89.844 (89.844)	Prec@5 100.000 (100.000)
Epoch: [112][10/40], lr: 0.01000	Loss 0.9643 (0.7825)	Prec@1 75.781 (80.824)	Prec@5 95.312 (96.449)
Epoch: [112][20/40], lr: 0.01000	Loss 0.6975 (0.7735)	Prec@1 85.156 (81.101)	Prec@5 96.875 (96.763)
Epoch: [112][30/40], lr: 0.01000	Loss 0.7510 (0.7860)	Prec@1 81.250 (80.771)	Prec@5 96.094 (96.447)
Epoch [112] Training Results: Prec@1 80.600 Prec@5 96.480             Loss 0.79013
Epoch [112] Training Class Recall: [0.897,0.636,0.543,0.727,0.710,0.848,0.838,0.836,0.816,0.859]

Epoch: [113][0/40], lr: 0.01000	Loss 0.5276 (0.5276)	Prec@1 86.719 (86.719)	Prec@5 97.656 (97.656)
Epoch: [113][10/40], lr: 0.01000	Loss 0.8329 (0.7911)	Prec@1 80.469 (79.901)	Prec@5 97.656 (96.733)
Epoch: [113][20/40], lr: 0.01000	Loss 0.5873 (0.7771)	Prec@1 85.156 (80.097)	Prec@5 99.219 (96.689)
Epoch: [113][30/40], lr: 0.01000	Loss 0.9031 (0.7891)	Prec@1 78.906 (79.814)	Prec@5 90.625 (96.421)
Epoch [113] Training Results: Prec@1 79.960 Prec@5 96.380             Loss 0.78738
Epoch [113] Training Class Recall: [0.898,0.598,0.559,0.702,0.701,0.837,0.838,0.834,0.807,0.859]

Epoch: [114][0/40], lr: 0.01000	Loss 0.7479 (0.7479)	Prec@1 79.688 (79.688)	Prec@5 94.531 (94.531)
Epoch: [114][10/40], lr: 0.01000	Loss 0.7356 (0.7473)	Prec@1 82.031 (80.185)	Prec@5 98.438 (97.088)
Epoch: [114][20/40], lr: 0.01000	Loss 0.7320 (0.7492)	Prec@1 81.250 (80.655)	Prec@5 97.656 (96.689)
Epoch: [114][30/40], lr: 0.01000	Loss 1.0690 (0.7648)	Prec@1 71.875 (80.368)	Prec@5 91.406 (96.497)
Epoch [114] Training Results: Prec@1 80.200 Prec@5 96.340             Loss 0.77231
Epoch [114] Training Class Recall: [0.911,0.625,0.587,0.709,0.707,0.814,0.834,0.830,0.811,0.857]

Epoch: [115][0/40], lr: 0.01000	Loss 0.5449 (0.5449)	Prec@1 86.719 (86.719)	Prec@5 98.438 (98.438)
Epoch: [115][10/40], lr: 0.01000	Loss 0.7989 (0.7310)	Prec@1 78.906 (81.250)	Prec@5 98.438 (97.017)
Epoch: [115][20/40], lr: 0.01000	Loss 0.6814 (0.7401)	Prec@1 82.812 (80.878)	Prec@5 97.656 (97.098)
Epoch: [115][30/40], lr: 0.01000	Loss 0.7828 (0.7389)	Prec@1 80.469 (81.250)	Prec@5 97.656 (97.077)
Epoch [115] Training Results: Prec@1 81.420 Prec@5 97.140             Loss 0.73095
Epoch [115] Training Class Recall: [0.902,0.636,0.654,0.741,0.698,0.848,0.840,0.838,0.812,0.869]

Epoch: [116][0/40], lr: 0.01000	Loss 0.7182 (0.7182)	Prec@1 84.375 (84.375)	Prec@5 97.656 (97.656)
Epoch: [116][10/40], lr: 0.01000	Loss 0.8375 (0.7332)	Prec@1 76.562 (80.469)	Prec@5 96.875 (97.372)
Epoch: [116][20/40], lr: 0.01000	Loss 0.7927 (0.7179)	Prec@1 80.469 (81.436)	Prec@5 94.531 (97.470)
Epoch: [116][30/40], lr: 0.01000	Loss 0.7224 (0.7448)	Prec@1 80.469 (80.746)	Prec@5 96.875 (97.026)
Epoch [116] Training Results: Prec@1 80.700 Prec@5 96.900             Loss 0.74667
Epoch [116] Training Class Recall: [0.902,0.636,0.606,0.739,0.707,0.839,0.836,0.832,0.795,0.860]

Epoch: [117][0/40], lr: 0.01000	Loss 0.6946 (0.6946)	Prec@1 81.250 (81.250)	Prec@5 96.875 (96.875)
Epoch: [117][10/40], lr: 0.01000	Loss 1.0257 (0.9420)	Prec@1 73.438 (75.071)	Prec@5 93.750 (95.597)
Epoch: [117][20/40], lr: 0.01000	Loss 0.8539 (0.9089)	Prec@1 78.906 (76.004)	Prec@5 95.312 (95.387)
Epoch: [117][30/40], lr: 0.01000	Loss 0.9919 (0.9023)	Prec@1 78.906 (76.714)	Prec@5 92.188 (95.060)
Epoch [117] Training Results: Prec@1 76.880 Prec@5 95.220             Loss 0.90019
Epoch [117] Training Class Recall: [0.884,0.545,0.555,0.577,0.619,0.793,0.834,0.798,0.812,0.860]

Epoch: [118][0/40], lr: 0.01000	Loss 0.7013 (0.7013)	Prec@1 82.031 (82.031)	Prec@5 100.000 (100.000)
Epoch: [118][10/40], lr: 0.01000	Loss 0.9355 (0.8429)	Prec@1 71.875 (77.983)	Prec@5 98.438 (96.378)
Epoch: [118][20/40], lr: 0.01000	Loss 0.6635 (0.8471)	Prec@1 85.156 (78.571)	Prec@5 96.094 (95.833)
Epoch: [118][30/40], lr: 0.01000	Loss 0.7576 (0.8147)	Prec@1 82.031 (79.461)	Prec@5 96.094 (96.094)
Epoch [118] Training Results: Prec@1 79.520 Prec@5 96.100             Loss 0.81598
Epoch [118] Training Class Recall: [0.904,0.572,0.587,0.691,0.692,0.819,0.832,0.822,0.812,0.857]

Epoch: [119][0/40], lr: 0.01000	Loss 1.0224 (1.0224)	Prec@1 71.094 (71.094)	Prec@5 95.312 (95.312)
Epoch: [119][10/40], lr: 0.01000	Loss 0.8211 (0.8756)	Prec@1 82.031 (77.841)	Prec@5 94.531 (95.739)
Epoch: [119][20/40], lr: 0.01000	Loss 0.7422 (0.8051)	Prec@1 82.812 (79.650)	Prec@5 97.656 (96.466)
Epoch: [119][30/40], lr: 0.01000	Loss 1.0437 (0.7900)	Prec@1 75.000 (80.192)	Prec@5 92.188 (96.396)
Epoch [119] Training Results: Prec@1 80.260 Prec@5 96.440             Loss 0.78319
Epoch [119] Training Class Recall: [0.905,0.621,0.626,0.714,0.689,0.814,0.838,0.828,0.814,0.857]

Epoch: [120][0/40], lr: 0.01000	Loss 0.5701 (0.5701)	Prec@1 86.719 (86.719)	Prec@5 98.438 (98.438)
Epoch: [120][10/40], lr: 0.01000	Loss 0.9896 (0.8370)	Prec@1 73.438 (77.699)	Prec@5 94.531 (96.449)
Epoch: [120][20/40], lr: 0.01000	Loss 1.2133 (0.8528)	Prec@1 69.531 (77.344)	Prec@5 93.750 (96.503)
Epoch: [120][30/40], lr: 0.01000	Loss 0.7581 (0.8173)	Prec@1 82.031 (79.108)	Prec@5 96.875 (96.673)
Epoch [120] Training Results: Prec@1 79.780 Prec@5 96.560             Loss 0.79830
Epoch [120] Training Class Recall: [0.902,0.617,0.594,0.695,0.662,0.829,0.832,0.824,0.811,0.860]

Epoch: [121][0/40], lr: 0.01000	Loss 0.7366 (0.7366)	Prec@1 81.250 (81.250)	Prec@5 98.438 (98.438)
Epoch: [121][10/40], lr: 0.01000	Loss 0.7739 (0.7497)	Prec@1 80.469 (81.818)	Prec@5 96.875 (97.230)
Epoch: [121][20/40], lr: 0.01000	Loss 1.0190 (0.7917)	Prec@1 74.219 (80.394)	Prec@5 93.750 (96.354)
Epoch: [121][30/40], lr: 0.01000	Loss 0.5644 (0.7755)	Prec@1 85.156 (80.771)	Prec@5 100.000 (96.573)
Epoch [121] Training Results: Prec@1 80.940 Prec@5 96.700             Loss 0.77004
Epoch [121] Training Class Recall: [0.899,0.640,0.634,0.732,0.707,0.833,0.840,0.828,0.820,0.860]

Epoch: [122][0/40], lr: 0.01000	Loss 0.9297 (0.9297)	Prec@1 75.781 (75.781)	Prec@5 95.312 (95.312)
Epoch: [122][10/40], lr: 0.01000	Loss 1.0613 (0.8845)	Prec@1 70.312 (75.781)	Prec@5 92.188 (95.170)
Epoch: [122][20/40], lr: 0.01000	Loss 0.6781 (0.8231)	Prec@1 85.156 (78.571)	Prec@5 96.875 (95.908)
Epoch: [122][30/40], lr: 0.01000	Loss 0.7183 (0.8051)	Prec@1 81.250 (79.335)	Prec@5 97.656 (96.371)
Epoch [122] Training Results: Prec@1 79.700 Prec@5 96.440             Loss 0.79336
Epoch [122] Training Class Recall: [0.898,0.636,0.614,0.652,0.695,0.828,0.832,0.820,0.818,0.854]

Epoch: [123][0/40], lr: 0.01000	Loss 0.6495 (0.6495)	Prec@1 82.812 (82.812)	Prec@5 99.219 (99.219)
Epoch: [123][10/40], lr: 0.01000	Loss 0.7097 (0.8053)	Prec@1 82.031 (80.114)	Prec@5 96.094 (96.378)
Epoch: [123][20/40], lr: 0.01000	Loss 0.7068 (0.7858)	Prec@1 82.812 (80.357)	Prec@5 96.094 (96.466)
Epoch: [123][30/40], lr: 0.01000	Loss 0.7243 (0.8010)	Prec@1 85.156 (79.940)	Prec@5 96.094 (96.270)
Epoch [123] Training Results: Prec@1 80.180 Prec@5 96.300             Loss 0.79122
Epoch [123] Training Class Recall: [0.889,0.617,0.598,0.720,0.701,0.840,0.834,0.812,0.820,0.859]

Epoch: [124][0/40], lr: 0.01000	Loss 0.8050 (0.8050)	Prec@1 77.344 (77.344)	Prec@5 96.094 (96.094)
Epoch: [124][10/40], lr: 0.01000	Loss 0.7398 (0.8373)	Prec@1 82.031 (78.622)	Prec@5 96.875 (96.662)
Epoch: [124][20/40], lr: 0.01000	Loss 0.7022 (0.8426)	Prec@1 83.594 (78.757)	Prec@5 96.875 (96.205)
Epoch: [124][30/40], lr: 0.01000	Loss 0.6187 (0.7964)	Prec@1 83.594 (80.166)	Prec@5 97.656 (96.522)
Epoch [124] Training Results: Prec@1 80.200 Prec@5 96.580             Loss 0.78828
Epoch [124] Training Class Recall: [0.889,0.614,0.610,0.691,0.707,0.839,0.830,0.836,0.818,0.862]

Epoch: [125][0/40], lr: 0.01000	Loss 0.7658 (0.7658)	Prec@1 78.906 (78.906)	Prec@5 94.531 (94.531)
Epoch: [125][10/40], lr: 0.01000	Loss 0.6885 (0.7823)	Prec@1 81.250 (79.972)	Prec@5 98.438 (95.881)
Epoch: [125][20/40], lr: 0.01000	Loss 0.8328 (0.7947)	Prec@1 78.906 (79.241)	Prec@5 95.312 (96.168)
Epoch: [125][30/40], lr: 0.01000	Loss 0.7859 (0.7718)	Prec@1 79.688 (79.965)	Prec@5 98.438 (96.699)
Epoch [125] Training Results: Prec@1 79.880 Prec@5 96.600             Loss 0.77995
Epoch [125] Training Class Recall: [0.888,0.621,0.618,0.689,0.674,0.833,0.840,0.830,0.812,0.859]

Epoch: [126][0/40], lr: 0.01000	Loss 0.8392 (0.8392)	Prec@1 73.438 (73.438)	Prec@5 98.438 (98.438)
Epoch: [126][10/40], lr: 0.01000	Loss 0.7838 (0.8451)	Prec@1 81.250 (78.267)	Prec@5 96.094 (96.307)
Epoch: [126][20/40], lr: 0.01000	Loss 0.6329 (0.8296)	Prec@1 85.938 (78.943)	Prec@5 97.656 (96.429)
Epoch: [126][30/40], lr: 0.01000	Loss 0.6190 (0.7928)	Prec@1 85.156 (79.990)	Prec@5 96.875 (96.522)
Epoch [126] Training Results: Prec@1 80.120 Prec@5 96.460             Loss 0.78886
Epoch [126] Training Class Recall: [0.897,0.617,0.598,0.707,0.701,0.843,0.813,0.828,0.816,0.857]

Epoch: [127][0/40], lr: 0.01000	Loss 0.7605 (0.7605)	Prec@1 81.250 (81.250)	Prec@5 95.312 (95.312)
Epoch: [127][10/40], lr: 0.01000	Loss 0.8382 (0.8536)	Prec@1 75.781 (77.699)	Prec@5 100.000 (96.236)
Epoch: [127][20/40], lr: 0.01000	Loss 0.5355 (0.7994)	Prec@1 88.281 (79.278)	Prec@5 98.438 (96.689)
Epoch: [127][30/40], lr: 0.01000	Loss 0.8282 (0.7827)	Prec@1 80.469 (79.864)	Prec@5 97.656 (96.724)
Epoch [127] Training Results: Prec@1 80.080 Prec@5 96.760             Loss 0.77816
Epoch [127] Training Class Recall: [0.903,0.617,0.575,0.691,0.680,0.840,0.819,0.834,0.830,0.860]

Epoch: [128][0/40], lr: 0.01000	Loss 0.7366 (0.7366)	Prec@1 80.469 (80.469)	Prec@5 96.875 (96.875)
Epoch: [128][10/40], lr: 0.01000	Loss 0.7004 (0.7426)	Prec@1 80.469 (80.185)	Prec@5 96.875 (96.449)
Epoch: [128][20/40], lr: 0.01000	Loss 0.7416 (0.7414)	Prec@1 80.469 (80.878)	Prec@5 98.438 (96.354)
Epoch: [128][30/40], lr: 0.01000	Loss 0.9344 (0.7452)	Prec@1 72.656 (80.620)	Prec@5 99.219 (96.472)
Epoch [128] Training Results: Prec@1 80.460 Prec@5 96.420             Loss 0.75187
Epoch [128] Training Class Recall: [0.889,0.636,0.594,0.736,0.701,0.833,0.840,0.830,0.803,0.866]

Epoch: [129][0/40], lr: 0.01000	Loss 0.7044 (0.7044)	Prec@1 80.469 (80.469)	Prec@5 99.219 (99.219)
Epoch: [129][10/40], lr: 0.01000	Loss 0.8946 (0.7706)	Prec@1 78.125 (78.764)	Prec@5 97.656 (97.585)
Epoch: [129][20/40], lr: 0.01000	Loss 0.7458 (0.7743)	Prec@1 82.812 (79.613)	Prec@5 96.094 (97.024)
Epoch: [129][30/40], lr: 0.01000	Loss 0.9259 (0.7690)	Prec@1 75.000 (80.066)	Prec@5 95.312 (96.900)
Epoch [129] Training Results: Prec@1 80.420 Prec@5 96.940             Loss 0.76152
Epoch [129] Training Class Recall: [0.897,0.633,0.567,0.730,0.683,0.837,0.834,0.834,0.818,0.863]

Epoch: [130][0/40], lr: 0.01000	Loss 0.5462 (0.5462)	Prec@1 85.938 (85.938)	Prec@5 98.438 (98.438)
Epoch: [130][10/40], lr: 0.01000	Loss 0.6384 (0.7258)	Prec@1 82.031 (80.611)	Prec@5 96.875 (96.804)
Epoch: [130][20/40], lr: 0.01000	Loss 0.7259 (0.7476)	Prec@1 80.469 (80.469)	Prec@5 97.656 (96.466)
Epoch: [130][30/40], lr: 0.01000	Loss 0.5796 (0.7504)	Prec@1 85.938 (80.318)	Prec@5 99.219 (96.699)
Epoch [130] Training Results: Prec@1 80.620 Prec@5 96.800             Loss 0.74321
Epoch [130] Training Class Recall: [0.894,0.644,0.622,0.702,0.695,0.853,0.844,0.830,0.807,0.859]

Epoch: [131][0/40], lr: 0.01000	Loss 0.6347 (0.6347)	Prec@1 83.594 (83.594)	Prec@5 98.438 (98.438)
Epoch: [131][10/40], lr: 0.01000	Loss 0.7477 (0.8061)	Prec@1 82.031 (78.764)	Prec@5 97.656 (96.875)
Epoch: [131][20/40], lr: 0.01000	Loss 0.8122 (0.7925)	Prec@1 78.125 (79.688)	Prec@5 95.312 (96.615)
Epoch: [131][30/40], lr: 0.01000	Loss 0.7572 (0.7841)	Prec@1 81.250 (79.814)	Prec@5 96.875 (96.724)
Epoch [131] Training Results: Prec@1 79.960 Prec@5 96.880             Loss 0.77510
Epoch [131] Training Class Recall: [0.890,0.591,0.594,0.739,0.677,0.822,0.840,0.830,0.814,0.857]

Epoch: [132][0/40], lr: 0.01000	Loss 0.9369 (0.9369)	Prec@1 75.781 (75.781)	Prec@5 95.312 (95.312)
Epoch: [132][10/40], lr: 0.01000	Loss 0.8040 (0.7497)	Prec@1 78.906 (80.682)	Prec@5 98.438 (97.301)
Epoch: [132][20/40], lr: 0.01000	Loss 0.7770 (0.7425)	Prec@1 80.469 (80.915)	Prec@5 92.188 (96.801)
Epoch: [132][30/40], lr: 0.01000	Loss 0.6061 (0.7350)	Prec@1 85.938 (80.796)	Prec@5 99.219 (96.951)
Epoch [132] Training Results: Prec@1 80.780 Prec@5 96.960             Loss 0.74541
Epoch [132] Training Class Recall: [0.907,0.625,0.618,0.714,0.710,0.848,0.830,0.828,0.812,0.859]

Epoch: [133][0/40], lr: 0.01000	Loss 0.6853 (0.6853)	Prec@1 79.688 (79.688)	Prec@5 98.438 (98.438)
Epoch: [133][10/40], lr: 0.01000	Loss 0.7595 (0.7313)	Prec@1 80.469 (80.043)	Prec@5 95.312 (97.301)
Epoch: [133][20/40], lr: 0.01000	Loss 0.7508 (0.7190)	Prec@1 82.031 (80.841)	Prec@5 96.875 (97.247)
Epoch: [133][30/40], lr: 0.01000	Loss 0.7870 (0.7189)	Prec@1 80.469 (80.822)	Prec@5 94.531 (97.077)
Epoch [133] Training Results: Prec@1 80.460 Prec@5 96.900             Loss 0.73370
Epoch [133] Training Class Recall: [0.891,0.621,0.622,0.707,0.704,0.846,0.824,0.834,0.812,0.865]

Epoch: [134][0/40], lr: 0.01000	Loss 0.7885 (0.7885)	Prec@1 76.562 (76.562)	Prec@5 97.656 (97.656)
Epoch: [134][10/40], lr: 0.01000	Loss 0.7284 (0.6688)	Prec@1 82.031 (81.747)	Prec@5 96.875 (98.295)
Epoch: [134][20/40], lr: 0.01000	Loss 0.7447 (0.7097)	Prec@1 78.906 (80.990)	Prec@5 96.094 (97.396)
Epoch: [134][30/40], lr: 0.01000	Loss 0.5651 (0.7200)	Prec@1 85.938 (80.872)	Prec@5 99.219 (97.480)
Epoch [134] Training Results: Prec@1 80.880 Prec@5 97.420             Loss 0.72491
Epoch [134] Training Class Recall: [0.898,0.621,0.626,0.736,0.686,0.839,0.845,0.832,0.818,0.863]

Epoch: [135][0/40], lr: 0.01000	Loss 0.8811 (0.8811)	Prec@1 79.688 (79.688)	Prec@5 95.312 (95.312)
Epoch: [135][10/40], lr: 0.01000	Loss 0.8551 (0.7411)	Prec@1 78.125 (80.256)	Prec@5 95.312 (96.662)
Epoch: [135][20/40], lr: 0.01000	Loss 0.7554 (0.7416)	Prec@1 80.469 (80.394)	Prec@5 96.875 (96.726)
Epoch: [135][30/40], lr: 0.01000	Loss 0.6134 (0.7269)	Prec@1 82.031 (80.746)	Prec@5 97.656 (97.051)
Epoch [135] Training Results: Prec@1 80.600 Prec@5 97.260             Loss 0.73103
Epoch [135] Training Class Recall: [0.889,0.617,0.622,0.702,0.713,0.834,0.847,0.836,0.816,0.868]

Epoch: [136][0/40], lr: 0.01000	Loss 0.6111 (0.6111)	Prec@1 83.594 (83.594)	Prec@5 98.438 (98.438)
Epoch: [136][10/40], lr: 0.01000	Loss 0.8762 (0.7593)	Prec@1 77.344 (81.037)	Prec@5 95.312 (96.378)
Epoch: [136][20/40], lr: 0.01000	Loss 0.6044 (0.7385)	Prec@1 85.938 (81.771)	Prec@5 99.219 (96.838)
Epoch: [136][30/40], lr: 0.01000	Loss 0.8813 (0.7405)	Prec@1 76.562 (81.225)	Prec@5 95.312 (97.102)
Epoch [136] Training Results: Prec@1 80.900 Prec@5 97.120             Loss 0.74746
Epoch [136] Training Class Recall: [0.899,0.640,0.606,0.725,0.710,0.843,0.838,0.832,0.822,0.857]

Epoch: [137][0/40], lr: 0.01000	Loss 0.7007 (0.7007)	Prec@1 79.688 (79.688)	Prec@5 97.656 (97.656)
Epoch: [137][10/40], lr: 0.01000	Loss 0.7273 (0.7711)	Prec@1 78.125 (78.622)	Prec@5 96.875 (97.159)
Epoch: [137][20/40], lr: 0.01000	Loss 0.6994 (0.7526)	Prec@1 80.469 (79.576)	Prec@5 97.656 (96.689)
Epoch: [137][30/40], lr: 0.01000	Loss 0.6828 (0.7562)	Prec@1 83.594 (79.839)	Prec@5 97.656 (96.799)
Epoch [137] Training Results: Prec@1 80.080 Prec@5 96.860             Loss 0.74830
Epoch [137] Training Class Recall: [0.884,0.670,0.575,0.720,0.698,0.823,0.844,0.818,0.811,0.859]

Epoch: [138][0/40], lr: 0.01000	Loss 0.6266 (0.6266)	Prec@1 82.031 (82.031)	Prec@5 96.875 (96.875)
Epoch: [138][10/40], lr: 0.01000	Loss 0.7318 (0.7956)	Prec@1 80.469 (78.480)	Prec@5 96.875 (96.591)
Epoch: [138][20/40], lr: 0.01000	Loss 0.7184 (0.7816)	Prec@1 83.594 (79.501)	Prec@5 97.656 (96.726)
Epoch: [138][30/40], lr: 0.01000	Loss 0.5987 (0.7736)	Prec@1 85.938 (80.192)	Prec@5 97.656 (96.749)
Epoch [138] Training Results: Prec@1 80.540 Prec@5 96.840             Loss 0.76185
Epoch [138] Training Class Recall: [0.889,0.621,0.602,0.730,0.701,0.837,0.821,0.840,0.832,0.860]

Epoch: [139][0/40], lr: 0.01000	Loss 0.4876 (0.4876)	Prec@1 86.719 (86.719)	Prec@5 99.219 (99.219)
Epoch: [139][10/40], lr: 0.01000	Loss 0.5875 (0.6918)	Prec@1 85.156 (82.173)	Prec@5 98.438 (97.869)
Epoch: [139][20/40], lr: 0.01000	Loss 0.5364 (0.7092)	Prec@1 85.156 (81.510)	Prec@5 98.438 (97.545)
Epoch: [139][30/40], lr: 0.01000	Loss 0.8475 (0.7234)	Prec@1 72.656 (81.099)	Prec@5 98.438 (97.455)
Epoch [139] Training Results: Prec@1 80.680 Prec@5 97.300             Loss 0.73646
Epoch [139] Training Class Recall: [0.890,0.617,0.650,0.698,0.710,0.848,0.834,0.840,0.812,0.863]

Epoch: [140][0/40], lr: 0.01000	Loss 0.7058 (0.7058)	Prec@1 81.250 (81.250)	Prec@5 98.438 (98.438)
Epoch: [140][10/40], lr: 0.01000	Loss 0.9163 (0.8922)	Prec@1 80.469 (76.634)	Prec@5 94.531 (96.236)
Epoch: [140][20/40], lr: 0.01000	Loss 0.9746 (0.8676)	Prec@1 77.344 (77.827)	Prec@5 96.094 (96.131)
Epoch: [140][30/40], lr: 0.01000	Loss 0.8254 (0.8552)	Prec@1 81.250 (78.150)	Prec@5 96.094 (96.195)
Epoch [140] Training Results: Prec@1 78.500 Prec@5 96.340             Loss 0.84446
Epoch [140] Training Class Recall: [0.884,0.583,0.547,0.670,0.689,0.826,0.823,0.812,0.789,0.857]

Epoch: [141][0/40], lr: 0.01000	Loss 0.7445 (0.7445)	Prec@1 78.906 (78.906)	Prec@5 96.094 (96.094)
Epoch: [141][10/40], lr: 0.01000	Loss 0.7229 (0.7956)	Prec@1 82.812 (79.474)	Prec@5 94.531 (96.307)
Epoch: [141][20/40], lr: 0.01000	Loss 0.7781 (0.7619)	Prec@1 81.250 (80.283)	Prec@5 96.094 (96.875)
Epoch: [141][30/40], lr: 0.01000	Loss 0.6919 (0.7485)	Prec@1 79.688 (80.771)	Prec@5 97.656 (96.976)
Epoch [141] Training Results: Prec@1 80.760 Prec@5 97.000             Loss 0.75329
Epoch [141] Training Class Recall: [0.898,0.621,0.618,0.734,0.716,0.836,0.842,0.830,0.818,0.851]

Epoch: [142][0/40], lr: 0.01000	Loss 0.6147 (0.6147)	Prec@1 84.375 (84.375)	Prec@5 98.438 (98.438)
Epoch: [142][10/40], lr: 0.01000	Loss 0.6805 (0.7227)	Prec@1 85.156 (80.895)	Prec@5 96.094 (97.656)
Epoch: [142][20/40], lr: 0.01000	Loss 0.7654 (0.7525)	Prec@1 81.250 (80.022)	Prec@5 98.438 (97.768)
Epoch: [142][30/40], lr: 0.01000	Loss 0.6780 (0.7493)	Prec@1 81.250 (80.267)	Prec@5 97.656 (97.429)
Epoch [142] Training Results: Prec@1 80.660 Prec@5 97.260             Loss 0.74183
Epoch [142] Training Class Recall: [0.895,0.644,0.614,0.718,0.665,0.845,0.842,0.838,0.814,0.865]

Epoch: [143][0/40], lr: 0.01000	Loss 0.7048 (0.7048)	Prec@1 78.125 (78.125)	Prec@5 99.219 (99.219)
Epoch: [143][10/40], lr: 0.01000	Loss 0.5303 (0.7255)	Prec@1 86.719 (80.753)	Prec@5 100.000 (97.230)
Epoch: [143][20/40], lr: 0.01000	Loss 0.8290 (0.7384)	Prec@1 75.781 (80.432)	Prec@5 96.875 (97.173)
Epoch: [143][30/40], lr: 0.01000	Loss 0.6840 (0.7483)	Prec@1 84.375 (80.368)	Prec@5 94.531 (96.976)
Epoch [143] Training Results: Prec@1 80.200 Prec@5 96.860             Loss 0.75327
Epoch [143] Training Class Recall: [0.879,0.633,0.579,0.709,0.716,0.829,0.845,0.832,0.820,0.862]

Epoch: [144][0/40], lr: 0.01000	Loss 0.6848 (0.6848)	Prec@1 83.594 (83.594)	Prec@5 97.656 (97.656)
Epoch: [144][10/40], lr: 0.01000	Loss 0.9096 (0.7472)	Prec@1 76.562 (80.327)	Prec@5 93.750 (97.159)
Epoch: [144][20/40], lr: 0.01000	Loss 0.8502 (0.7280)	Prec@1 77.344 (81.064)	Prec@5 96.094 (97.173)
Epoch: [144][30/40], lr: 0.01000	Loss 0.6832 (0.7341)	Prec@1 81.250 (80.771)	Prec@5 96.875 (97.228)
Epoch [144] Training Results: Prec@1 80.820 Prec@5 97.180             Loss 0.73602
Epoch [144] Training Class Recall: [0.890,0.636,0.638,0.702,0.704,0.840,0.847,0.840,0.820,0.862]

Epoch: [145][0/40], lr: 0.01000	Loss 0.6741 (0.6741)	Prec@1 83.594 (83.594)	Prec@5 97.656 (97.656)
Epoch: [145][10/40], lr: 0.01000	Loss 0.7827 (0.6859)	Prec@1 78.125 (81.960)	Prec@5 96.094 (97.656)
Epoch: [145][20/40], lr: 0.01000	Loss 0.6753 (0.6961)	Prec@1 83.594 (81.771)	Prec@5 96.875 (97.470)
Epoch: [145][30/40], lr: 0.01000	Loss 0.6731 (0.7074)	Prec@1 84.375 (81.502)	Prec@5 96.094 (97.429)
Epoch [145] Training Results: Prec@1 81.240 Prec@5 97.480             Loss 0.71517
Epoch [145] Training Class Recall: [0.897,0.636,0.626,0.732,0.710,0.849,0.838,0.832,0.834,0.860]

Epoch: [146][0/40], lr: 0.01000	Loss 0.6477 (0.6477)	Prec@1 81.250 (81.250)	Prec@5 96.875 (96.875)
Epoch: [146][10/40], lr: 0.01000	Loss 0.7198 (0.7017)	Prec@1 80.469 (80.895)	Prec@5 95.312 (97.230)
Epoch: [146][20/40], lr: 0.01000	Loss 0.6306 (0.7120)	Prec@1 82.812 (80.952)	Prec@5 98.438 (96.875)
Epoch: [146][30/40], lr: 0.01000	Loss 0.6229 (0.7087)	Prec@1 85.938 (81.074)	Prec@5 97.656 (97.051)
Epoch [146] Training Results: Prec@1 81.160 Prec@5 97.180             Loss 0.70889
Epoch [146] Training Class Recall: [0.886,0.617,0.634,0.745,0.704,0.853,0.845,0.838,0.818,0.866]

Epoch: [147][0/40], lr: 0.01000	Loss 0.7859 (0.7859)	Prec@1 78.125 (78.125)	Prec@5 96.875 (96.875)
Epoch: [147][10/40], lr: 0.01000	Loss 0.9128 (0.8356)	Prec@1 77.344 (78.196)	Prec@5 96.875 (97.017)
Epoch: [147][20/40], lr: 0.01000	Loss 0.9955 (0.8061)	Prec@1 73.438 (79.055)	Prec@5 97.656 (96.912)
Epoch: [147][30/40], lr: 0.01000	Loss 0.8396 (0.7984)	Prec@1 78.906 (79.688)	Prec@5 96.875 (96.749)
Epoch [147] Training Results: Prec@1 80.220 Prec@5 96.680             Loss 0.78293
Epoch [147] Training Class Recall: [0.866,0.636,0.587,0.732,0.707,0.840,0.838,0.832,0.814,0.865]

Epoch: [148][0/40], lr: 0.01000	Loss 0.6863 (0.6863)	Prec@1 82.812 (82.812)	Prec@5 96.875 (96.875)
Epoch: [148][10/40], lr: 0.01000	Loss 0.6169 (0.6560)	Prec@1 83.594 (81.960)	Prec@5 99.219 (97.940)
Epoch: [148][20/40], lr: 0.01000	Loss 0.5721 (0.6911)	Prec@1 85.156 (81.436)	Prec@5 98.438 (97.507)
Epoch: [148][30/40], lr: 0.01000	Loss 0.8448 (0.7184)	Prec@1 75.781 (80.796)	Prec@5 96.875 (97.429)
Epoch [148] Training Results: Prec@1 80.860 Prec@5 97.360             Loss 0.71754
Epoch [148] Training Class Recall: [0.892,0.625,0.598,0.714,0.710,0.854,0.844,0.836,0.820,0.863]

Epoch: [149][0/40], lr: 0.01000	Loss 0.6340 (0.6340)	Prec@1 82.812 (82.812)	Prec@5 97.656 (97.656)
Epoch: [149][10/40], lr: 0.01000	Loss 0.6203 (0.6713)	Prec@1 84.375 (82.173)	Prec@5 100.000 (98.011)
Epoch: [149][20/40], lr: 0.01000	Loss 0.7585 (0.6798)	Prec@1 78.906 (82.068)	Prec@5 97.656 (97.991)
Epoch: [149][30/40], lr: 0.01000	Loss 0.7880 (0.7041)	Prec@1 77.344 (81.502)	Prec@5 95.312 (97.631)
Epoch [149] Training Results: Prec@1 81.220 Prec@5 97.540             Loss 0.71471
Epoch [149] Training Class Recall: [0.889,0.659,0.646,0.725,0.704,0.840,0.845,0.832,0.828,0.868]

Epoch: [150][0/40], lr: 0.01000	Loss 0.5703 (0.5703)	Prec@1 84.375 (84.375)	Prec@5 99.219 (99.219)
Epoch: [150][10/40], lr: 0.01000	Loss 0.7862 (0.7310)	Prec@1 82.031 (80.540)	Prec@5 96.094 (97.088)
Epoch: [150][20/40], lr: 0.01000	Loss 0.6574 (0.7227)	Prec@1 82.812 (81.324)	Prec@5 96.875 (97.098)
Epoch: [150][30/40], lr: 0.01000	Loss 0.6316 (0.7280)	Prec@1 85.156 (81.200)	Prec@5 99.219 (97.253)
Epoch [150] Training Results: Prec@1 80.980 Prec@5 97.280             Loss 0.73869
Epoch [150] Training Class Recall: [0.888,0.606,0.642,0.716,0.671,0.866,0.847,0.838,0.822,0.869]

Epoch: [151][0/40], lr: 0.01000	Loss 0.7512 (0.7512)	Prec@1 78.906 (78.906)	Prec@5 95.312 (95.312)
Epoch: [151][10/40], lr: 0.01000	Loss 0.6016 (0.7356)	Prec@1 85.156 (80.256)	Prec@5 99.219 (97.727)
Epoch: [151][20/40], lr: 0.01000	Loss 0.7724 (0.7140)	Prec@1 82.031 (81.176)	Prec@5 96.094 (97.582)
Epoch: [151][30/40], lr: 0.01000	Loss 0.5889 (0.7127)	Prec@1 85.156 (81.426)	Prec@5 98.438 (97.379)
Epoch [151] Training Results: Prec@1 81.780 Prec@5 97.480             Loss 0.70301
Epoch [151] Training Class Recall: [0.900,0.674,0.642,0.743,0.704,0.845,0.849,0.842,0.824,0.866]

Epoch: [152][0/40], lr: 0.01000	Loss 0.6432 (0.6432)	Prec@1 82.812 (82.812)	Prec@5 98.438 (98.438)
Epoch: [152][10/40], lr: 0.01000	Loss 0.5044 (0.7021)	Prec@1 87.500 (80.824)	Prec@5 98.438 (97.727)
Epoch: [152][20/40], lr: 0.01000	Loss 0.5304 (0.6753)	Prec@1 87.500 (81.882)	Prec@5 96.875 (97.619)
Epoch: [152][30/40], lr: 0.01000	Loss 0.6974 (0.6742)	Prec@1 79.688 (81.905)	Prec@5 98.438 (97.656)
Epoch [152] Training Results: Prec@1 81.340 Prec@5 97.600             Loss 0.68986
Epoch [152] Training Class Recall: [0.881,0.640,0.634,0.736,0.713,0.851,0.845,0.846,0.830,0.865]

Epoch: [153][0/40], lr: 0.01000	Loss 0.5661 (0.5661)	Prec@1 86.719 (86.719)	Prec@5 97.656 (97.656)
Epoch: [153][10/40], lr: 0.01000	Loss 0.4752 (0.6635)	Prec@1 86.719 (81.960)	Prec@5 99.219 (97.585)
Epoch: [153][20/40], lr: 0.01000	Loss 0.7273 (0.6786)	Prec@1 81.250 (82.031)	Prec@5 97.656 (97.507)
Epoch: [153][30/40], lr: 0.01000	Loss 0.7981 (0.7038)	Prec@1 78.125 (81.099)	Prec@5 98.438 (97.555)
Epoch [153] Training Results: Prec@1 81.300 Prec@5 97.580             Loss 0.70639
Epoch [153] Training Class Recall: [0.892,0.640,0.630,0.727,0.728,0.849,0.840,0.824,0.834,0.866]

Epoch: [154][0/40], lr: 0.01000	Loss 0.6194 (0.6194)	Prec@1 82.031 (82.031)	Prec@5 100.000 (100.000)
Epoch: [154][10/40], lr: 0.01000	Loss 0.7363 (0.7233)	Prec@1 82.812 (79.972)	Prec@5 97.656 (97.017)
Epoch: [154][20/40], lr: 0.01000	Loss 0.5801 (0.7323)	Prec@1 86.719 (79.985)	Prec@5 99.219 (96.875)
Epoch: [154][30/40], lr: 0.01000	Loss 0.7146 (0.7314)	Prec@1 80.469 (80.242)	Prec@5 100.000 (97.152)
Epoch [154] Training Results: Prec@1 80.320 Prec@5 97.060             Loss 0.73516
Epoch [154] Training Class Recall: [0.878,0.640,0.610,0.700,0.686,0.849,0.838,0.834,0.816,0.866]

Epoch: [155][0/40], lr: 0.01000	Loss 0.6988 (0.6988)	Prec@1 82.812 (82.812)	Prec@5 95.312 (95.312)
Epoch: [155][10/40], lr: 0.01000	Loss 0.6148 (0.6709)	Prec@1 83.594 (82.741)	Prec@5 97.656 (97.230)
Epoch: [155][20/40], lr: 0.01000	Loss 0.6123 (0.6781)	Prec@1 84.375 (82.180)	Prec@5 96.875 (97.693)
Epoch: [155][30/40], lr: 0.01000	Loss 0.5469 (0.6850)	Prec@1 87.500 (81.830)	Prec@5 99.219 (97.581)
Epoch [155] Training Results: Prec@1 81.560 Prec@5 97.400             Loss 0.69387
Epoch [155] Training Class Recall: [0.890,0.640,0.626,0.752,0.728,0.859,0.836,0.838,0.820,0.868]

Epoch: [156][0/40], lr: 0.01000	Loss 0.7292 (0.7292)	Prec@1 81.250 (81.250)	Prec@5 96.875 (96.875)
Epoch: [156][10/40], lr: 0.01000	Loss 0.9546 (0.8411)	Prec@1 75.781 (77.486)	Prec@5 95.312 (96.094)
Epoch: [156][20/40], lr: 0.01000	Loss 0.8232 (0.8221)	Prec@1 75.000 (78.609)	Prec@5 95.312 (95.722)
Epoch: [156][30/40], lr: 0.01000	Loss 0.5180 (0.8117)	Prec@1 88.281 (79.209)	Prec@5 98.438 (95.943)
Epoch [156] Training Results: Prec@1 79.440 Prec@5 95.940             Loss 0.80287
Epoch [156] Training Class Recall: [0.864,0.602,0.622,0.686,0.701,0.842,0.836,0.838,0.783,0.862]

Epoch: [157][0/40], lr: 0.01000	Loss 0.8548 (0.8548)	Prec@1 74.219 (74.219)	Prec@5 94.531 (94.531)
Epoch: [157][10/40], lr: 0.01000	Loss 0.7837 (0.7184)	Prec@1 78.906 (81.463)	Prec@5 98.438 (97.372)
Epoch: [157][20/40], lr: 0.01000	Loss 0.8392 (0.7317)	Prec@1 78.906 (80.804)	Prec@5 96.094 (97.173)
Epoch: [157][30/40], lr: 0.01000	Loss 0.7070 (0.7390)	Prec@1 81.250 (80.595)	Prec@5 97.656 (97.177)
Epoch [157] Training Results: Prec@1 80.260 Prec@5 97.080             Loss 0.74204
Epoch [157] Training Class Recall: [0.881,0.610,0.630,0.684,0.686,0.840,0.853,0.840,0.822,0.860]

Epoch: [158][0/40], lr: 0.01000	Loss 0.6506 (0.6506)	Prec@1 80.469 (80.469)	Prec@5 98.438 (98.438)
Epoch: [158][10/40], lr: 0.01000	Loss 0.8275 (0.8175)	Prec@1 80.469 (78.480)	Prec@5 96.094 (96.875)
Epoch: [158][20/40], lr: 0.01000	Loss 0.8235 (0.8269)	Prec@1 75.781 (78.385)	Prec@5 93.750 (96.391)
Epoch: [158][30/40], lr: 0.01000	Loss 0.9095 (0.8166)	Prec@1 78.125 (78.881)	Prec@5 96.094 (96.547)
Epoch [158] Training Results: Prec@1 79.360 Prec@5 96.560             Loss 0.79906
Epoch [158] Training Class Recall: [0.888,0.602,0.571,0.700,0.656,0.834,0.819,0.836,0.803,0.865]

Epoch: [159][0/40], lr: 0.01000	Loss 0.8194 (0.8194)	Prec@1 76.562 (76.562)	Prec@5 97.656 (97.656)
Epoch: [159][10/40], lr: 0.01000	Loss 0.8383 (0.8169)	Prec@1 80.469 (77.557)	Prec@5 98.438 (96.662)
Epoch: [159][20/40], lr: 0.01000	Loss 0.8957 (0.8292)	Prec@1 76.562 (78.051)	Prec@5 92.969 (96.280)
Epoch: [159][30/40], lr: 0.01000	Loss 0.9096 (0.8110)	Prec@1 79.688 (78.780)	Prec@5 94.531 (96.573)
Epoch [159] Training Results: Prec@1 79.160 Prec@5 96.680             Loss 0.80090
Epoch [159] Training Class Recall: [0.875,0.610,0.575,0.680,0.683,0.814,0.838,0.830,0.814,0.862]

Epoch: [160][0/40], lr: 0.00010	Loss 0.6372 (0.6372)	Prec@1 82.812 (82.812)	Prec@5 99.219 (99.219)
Epoch: [160][10/40], lr: 0.00010	Loss 0.5730 (0.7093)	Prec@1 85.156 (80.682)	Prec@5 97.656 (97.656)
Epoch: [160][20/40], lr: 0.00010	Loss 0.7013 (0.7259)	Prec@1 83.594 (80.469)	Prec@5 96.875 (97.768)
Epoch: [160][30/40], lr: 0.00010	Loss 0.7123 (0.7026)	Prec@1 81.250 (81.250)	Prec@5 97.656 (97.807)
Epoch [160] Training Results: Prec@1 81.240 Prec@5 97.760             Loss 0.70419
Epoch [160] Training Class Recall: [0.891,0.648,0.531,0.761,0.734,0.845,0.849,0.846,0.822,0.862]

Epoch: [161][0/40], lr: 0.00010	Loss 0.5596 (0.5596)	Prec@1 88.281 (88.281)	Prec@5 96.875 (96.875)
Epoch: [161][10/40], lr: 0.00010	Loss 0.8843 (0.7029)	Prec@1 75.781 (81.605)	Prec@5 96.875 (97.514)
Epoch: [161][20/40], lr: 0.00010	Loss 0.6837 (0.6880)	Prec@1 80.469 (81.622)	Prec@5 100.000 (97.954)
Epoch: [161][30/40], lr: 0.00010	Loss 0.7308 (0.6955)	Prec@1 81.250 (81.477)	Prec@5 98.438 (97.833)
Epoch [161] Training Results: Prec@1 81.600 Prec@5 97.880             Loss 0.68697
Epoch [161] Training Class Recall: [0.899,0.652,0.547,0.757,0.740,0.846,0.849,0.852,0.820,0.866]

Epoch: [162][0/40], lr: 0.00010	Loss 0.8008 (0.8008)	Prec@1 78.125 (78.125)	Prec@5 97.656 (97.656)
Epoch: [162][10/40], lr: 0.00010	Loss 0.7653 (0.6948)	Prec@1 77.344 (81.250)	Prec@5 98.438 (97.798)
Epoch: [162][20/40], lr: 0.00010	Loss 0.7990 (0.6981)	Prec@1 77.344 (81.027)	Prec@5 96.875 (97.954)
Epoch: [162][30/40], lr: 0.00010	Loss 0.5746 (0.6877)	Prec@1 82.812 (81.250)	Prec@5 99.219 (97.833)
Epoch [162] Training Results: Prec@1 81.380 Prec@5 97.780             Loss 0.68389
Epoch [162] Training Class Recall: [0.899,0.648,0.563,0.750,0.734,0.845,0.849,0.846,0.814,0.863]

Epoch: [163][0/40], lr: 0.00010	Loss 0.7491 (0.7491)	Prec@1 78.906 (78.906)	Prec@5 97.656 (97.656)
Epoch: [163][10/40], lr: 0.00010	Loss 0.6833 (0.6712)	Prec@1 82.031 (82.315)	Prec@5 98.438 (97.727)
Epoch: [163][20/40], lr: 0.00010	Loss 0.8524 (0.6664)	Prec@1 75.781 (82.254)	Prec@5 99.219 (97.768)
Epoch: [163][30/40], lr: 0.00010	Loss 0.6291 (0.6646)	Prec@1 86.719 (82.460)	Prec@5 96.094 (97.959)
Epoch [163] Training Results: Prec@1 82.020 Prec@5 97.860             Loss 0.67356
Epoch [163] Training Class Recall: [0.905,0.659,0.587,0.775,0.734,0.848,0.847,0.848,0.820,0.866]

Epoch: [164][0/40], lr: 0.00010	Loss 0.7832 (0.7832)	Prec@1 77.344 (77.344)	Prec@5 97.656 (97.656)
Epoch: [164][10/40], lr: 0.00010	Loss 0.6649 (0.6845)	Prec@1 80.469 (81.108)	Prec@5 100.000 (97.869)
Epoch: [164][20/40], lr: 0.00010	Loss 0.5980 (0.6792)	Prec@1 85.938 (81.324)	Prec@5 98.438 (97.917)
Epoch: [164][30/40], lr: 0.00010	Loss 0.7382 (0.6754)	Prec@1 78.125 (81.653)	Prec@5 97.656 (97.782)
Epoch [164] Training Results: Prec@1 81.780 Prec@5 97.940             Loss 0.66837
Epoch [164] Training Class Recall: [0.898,0.667,0.598,0.743,0.740,0.849,0.845,0.846,0.826,0.865]

Epoch: [165][0/40], lr: 0.00010	Loss 0.7508 (0.7508)	Prec@1 78.906 (78.906)	Prec@5 98.438 (98.438)
Epoch: [165][10/40], lr: 0.00010	Loss 0.6652 (0.6637)	Prec@1 82.031 (81.889)	Prec@5 96.875 (98.509)
Epoch: [165][20/40], lr: 0.00010	Loss 0.4635 (0.6451)	Prec@1 87.500 (82.812)	Prec@5 100.000 (98.289)
Epoch: [165][30/40], lr: 0.00010	Loss 0.6991 (0.6499)	Prec@1 79.688 (82.485)	Prec@5 99.219 (98.211)
Epoch [165] Training Results: Prec@1 82.140 Prec@5 97.980             Loss 0.66345
Epoch [165] Training Class Recall: [0.913,0.674,0.614,0.761,0.740,0.839,0.847,0.850,0.816,0.865]

Epoch: [166][0/40], lr: 0.00010	Loss 0.8008 (0.8008)	Prec@1 78.125 (78.125)	Prec@5 99.219 (99.219)
Epoch: [166][10/40], lr: 0.00010	Loss 0.6880 (0.7021)	Prec@1 80.469 (80.540)	Prec@5 97.656 (97.798)
Epoch: [166][20/40], lr: 0.00010	Loss 0.6020 (0.6806)	Prec@1 83.594 (81.213)	Prec@5 99.219 (98.028)
Epoch: [166][30/40], lr: 0.00010	Loss 0.6965 (0.6779)	Prec@1 78.906 (81.452)	Prec@5 98.438 (97.984)
Epoch [166] Training Results: Prec@1 81.960 Prec@5 98.020             Loss 0.66698
Epoch [166] Training Class Recall: [0.904,0.667,0.622,0.755,0.734,0.848,0.847,0.848,0.812,0.866]

Epoch: [167][0/40], lr: 0.00010	Loss 0.7598 (0.7598)	Prec@1 75.781 (75.781)	Prec@5 95.312 (95.312)
Epoch: [167][10/40], lr: 0.00010	Loss 0.8504 (0.7183)	Prec@1 75.781 (79.972)	Prec@5 94.531 (97.088)
Epoch: [167][20/40], lr: 0.00010	Loss 0.6037 (0.6675)	Prec@1 84.375 (81.808)	Prec@5 99.219 (97.582)
Epoch: [167][30/40], lr: 0.00010	Loss 0.7518 (0.6648)	Prec@1 82.031 (82.082)	Prec@5 95.312 (97.681)
Epoch [167] Training Results: Prec@1 81.940 Prec@5 97.820             Loss 0.66411
Epoch [167] Training Class Recall: [0.906,0.670,0.630,0.757,0.731,0.845,0.847,0.836,0.816,0.866]

Epoch: [168][0/40], lr: 0.00010	Loss 0.6567 (0.6567)	Prec@1 83.594 (83.594)	Prec@5 97.656 (97.656)
Epoch: [168][10/40], lr: 0.00010	Loss 0.7180 (0.6257)	Prec@1 78.125 (83.310)	Prec@5 98.438 (98.295)
Epoch: [168][20/40], lr: 0.00010	Loss 0.7894 (0.6274)	Prec@1 78.906 (83.036)	Prec@5 95.312 (98.289)
Epoch: [168][30/40], lr: 0.00010	Loss 0.6215 (0.6517)	Prec@1 82.031 (82.208)	Prec@5 96.875 (98.185)
Epoch [168] Training Results: Prec@1 82.060 Prec@5 97.960             Loss 0.65823
Epoch [168] Training Class Recall: [0.908,0.670,0.622,0.755,0.734,0.848,0.851,0.838,0.820,0.865]

Epoch: [169][0/40], lr: 0.00010	Loss 0.4806 (0.4806)	Prec@1 88.281 (88.281)	Prec@5 98.438 (98.438)
Epoch: [169][10/40], lr: 0.00010	Loss 0.6903 (0.6320)	Prec@1 80.469 (82.741)	Prec@5 97.656 (98.082)
Epoch: [169][20/40], lr: 0.00010	Loss 0.6608 (0.6599)	Prec@1 83.594 (82.366)	Prec@5 99.219 (97.768)
Epoch: [169][30/40], lr: 0.00010	Loss 0.6871 (0.6523)	Prec@1 81.250 (82.560)	Prec@5 96.875 (97.908)
Epoch [169] Training Results: Prec@1 82.180 Prec@5 97.860             Loss 0.66048
Epoch [169] Training Class Recall: [0.903,0.663,0.618,0.773,0.740,0.851,0.849,0.842,0.818,0.868]

Epoch: [170][0/40], lr: 0.00010	Loss 0.8506 (0.8506)	Prec@1 75.781 (75.781)	Prec@5 95.312 (95.312)
Epoch: [170][10/40], lr: 0.00010	Loss 0.5253 (0.6910)	Prec@1 87.500 (81.037)	Prec@5 97.656 (97.585)
Epoch: [170][20/40], lr: 0.00010	Loss 0.6821 (0.6844)	Prec@1 82.812 (81.436)	Prec@5 96.875 (97.582)
Epoch: [170][30/40], lr: 0.00010	Loss 0.7998 (0.6570)	Prec@1 75.781 (82.031)	Prec@5 97.656 (97.833)
Epoch [170] Training Results: Prec@1 82.100 Prec@5 97.760             Loss 0.65744
Epoch [170] Training Class Recall: [0.905,0.667,0.642,0.757,0.728,0.846,0.853,0.846,0.816,0.865]

Epoch: [171][0/40], lr: 0.00010	Loss 0.6655 (0.6655)	Prec@1 82.031 (82.031)	Prec@5 97.656 (97.656)
Epoch: [171][10/40], lr: 0.00010	Loss 0.6870 (0.6771)	Prec@1 81.250 (81.392)	Prec@5 96.875 (97.727)
Epoch: [171][20/40], lr: 0.00010	Loss 0.4147 (0.6569)	Prec@1 89.844 (81.882)	Prec@5 100.000 (97.954)
Epoch: [171][30/40], lr: 0.00010	Loss 0.6608 (0.6655)	Prec@1 81.250 (81.653)	Prec@5 96.094 (97.757)
Epoch [171] Training Results: Prec@1 82.080 Prec@5 97.860             Loss 0.65323
Epoch [171] Training Class Recall: [0.905,0.678,0.650,0.750,0.734,0.846,0.847,0.846,0.814,0.863]

Epoch: [172][0/40], lr: 0.00010	Loss 0.5394 (0.5394)	Prec@1 84.375 (84.375)	Prec@5 99.219 (99.219)
Epoch: [172][10/40], lr: 0.00010	Loss 0.6063 (0.6396)	Prec@1 85.156 (82.173)	Prec@5 97.656 (98.011)
Epoch: [172][20/40], lr: 0.00010	Loss 0.5292 (0.6459)	Prec@1 85.938 (82.106)	Prec@5 97.656 (98.140)
Epoch: [172][30/40], lr: 0.00010	Loss 0.5627 (0.6506)	Prec@1 85.156 (82.132)	Prec@5 96.875 (97.908)
Epoch [172] Training Results: Prec@1 82.000 Prec@5 97.920             Loss 0.65464
Epoch [172] Training Class Recall: [0.911,0.667,0.626,0.748,0.728,0.842,0.853,0.844,0.818,0.866]

Epoch: [173][0/40], lr: 0.00010	Loss 0.7271 (0.7271)	Prec@1 80.469 (80.469)	Prec@5 96.094 (96.094)
Epoch: [173][10/40], lr: 0.00010	Loss 0.6808 (0.6216)	Prec@1 80.469 (83.026)	Prec@5 99.219 (98.366)
Epoch: [173][20/40], lr: 0.00010	Loss 0.8276 (0.6601)	Prec@1 77.344 (82.329)	Prec@5 97.656 (97.917)
Epoch: [173][30/40], lr: 0.00010	Loss 0.6539 (0.6529)	Prec@1 82.031 (82.334)	Prec@5 99.219 (98.059)
Epoch [173] Training Results: Prec@1 82.400 Prec@5 98.080             Loss 0.64989
Epoch [173] Training Class Recall: [0.910,0.667,0.657,0.764,0.731,0.851,0.849,0.842,0.822,0.866]

Epoch: [174][0/40], lr: 0.00010	Loss 0.6408 (0.6408)	Prec@1 84.375 (84.375)	Prec@5 97.656 (97.656)
Epoch: [174][10/40], lr: 0.00010	Loss 0.6260 (0.7099)	Prec@1 84.375 (80.469)	Prec@5 98.438 (97.443)
Epoch: [174][20/40], lr: 0.00010	Loss 0.6210 (0.6752)	Prec@1 82.031 (81.510)	Prec@5 97.656 (97.879)
Epoch: [174][30/40], lr: 0.00010	Loss 0.7266 (0.6563)	Prec@1 80.469 (82.132)	Prec@5 95.312 (98.009)
Epoch [174] Training Results: Prec@1 82.340 Prec@5 98.160             Loss 0.64945
Epoch [174] Training Class Recall: [0.906,0.667,0.657,0.759,0.728,0.854,0.849,0.842,0.822,0.868]

Epoch: [175][0/40], lr: 0.00010	Loss 0.7599 (0.7599)	Prec@1 80.469 (80.469)	Prec@5 96.875 (96.875)
Epoch: [175][10/40], lr: 0.00010	Loss 0.6001 (0.6526)	Prec@1 84.375 (81.889)	Prec@5 96.875 (97.940)
Epoch: [175][20/40], lr: 0.00010	Loss 0.5159 (0.6461)	Prec@1 85.156 (82.217)	Prec@5 99.219 (98.028)
Epoch: [175][30/40], lr: 0.00010	Loss 0.6794 (0.6407)	Prec@1 82.812 (82.308)	Prec@5 95.312 (97.959)
Epoch [175] Training Results: Prec@1 82.200 Prec@5 98.060             Loss 0.64818
Epoch [175] Training Class Recall: [0.905,0.663,0.654,0.752,0.740,0.851,0.847,0.840,0.824,0.865]

Epoch: [176][0/40], lr: 0.00010	Loss 0.7164 (0.7164)	Prec@1 79.688 (79.688)	Prec@5 94.531 (94.531)
Epoch: [176][10/40], lr: 0.00010	Loss 0.7155 (0.6320)	Prec@1 78.125 (82.315)	Prec@5 99.219 (98.295)
Epoch: [176][20/40], lr: 0.00010	Loss 0.4450 (0.6411)	Prec@1 90.625 (82.701)	Prec@5 99.219 (98.103)
Epoch: [176][30/40], lr: 0.00010	Loss 0.6909 (0.6596)	Prec@1 82.031 (82.283)	Prec@5 97.656 (98.034)
Epoch [176] Training Results: Prec@1 82.500 Prec@5 97.940             Loss 0.65144
Epoch [176] Training Class Recall: [0.910,0.670,0.646,0.766,0.728,0.856,0.853,0.842,0.826,0.866]

Epoch: [177][0/40], lr: 0.00010	Loss 0.4371 (0.4371)	Prec@1 89.062 (89.062)	Prec@5 97.656 (97.656)
Epoch: [177][10/40], lr: 0.00010	Loss 0.8478 (0.5958)	Prec@1 74.219 (84.020)	Prec@5 94.531 (97.940)
Epoch: [177][20/40], lr: 0.00010	Loss 0.6772 (0.6427)	Prec@1 78.906 (82.440)	Prec@5 96.875 (97.582)
Epoch: [177][30/40], lr: 0.00010	Loss 0.6668 (0.6512)	Prec@1 84.375 (82.334)	Prec@5 96.875 (97.883)
Epoch [177] Training Results: Prec@1 82.460 Prec@5 97.960             Loss 0.64742
Epoch [177] Training Class Recall: [0.912,0.652,0.669,0.761,0.728,0.849,0.849,0.846,0.824,0.869]

Epoch: [178][0/40], lr: 0.00010	Loss 0.7939 (0.7939)	Prec@1 77.344 (77.344)	Prec@5 99.219 (99.219)
Epoch: [178][10/40], lr: 0.00010	Loss 0.7227 (0.6703)	Prec@1 78.906 (81.605)	Prec@5 98.438 (97.727)
Epoch: [178][20/40], lr: 0.00010	Loss 0.5607 (0.6538)	Prec@1 86.719 (82.403)	Prec@5 100.000 (97.805)
Epoch: [178][30/40], lr: 0.00010	Loss 0.5937 (0.6427)	Prec@1 82.812 (82.308)	Prec@5 97.656 (97.984)
Epoch [178] Training Results: Prec@1 82.480 Prec@5 98.080             Loss 0.64039
Epoch [178] Training Class Recall: [0.911,0.667,0.650,0.757,0.734,0.853,0.855,0.844,0.826,0.866]

Epoch: [179][0/40], lr: 0.00010	Loss 0.6069 (0.6069)	Prec@1 85.938 (85.938)	Prec@5 97.656 (97.656)
Epoch: [179][10/40], lr: 0.00010	Loss 0.6460 (0.6414)	Prec@1 82.812 (83.097)	Prec@5 99.219 (98.082)
Epoch: [179][20/40], lr: 0.00010	Loss 0.6600 (0.6517)	Prec@1 82.031 (82.292)	Prec@5 98.438 (97.954)
Epoch: [179][30/40], lr: 0.00010	Loss 0.7247 (0.6484)	Prec@1 81.250 (82.359)	Prec@5 97.656 (97.933)
Epoch [179] Training Results: Prec@1 82.540 Prec@5 97.800             Loss 0.64359
Epoch [179] Training Class Recall: [0.906,0.693,0.673,0.761,0.728,0.848,0.849,0.838,0.828,0.869]

Epoch: [180][0/40], lr: 0.00000	Loss 0.4722 (0.4722)	Prec@1 87.500 (87.500)	Prec@5 100.000 (100.000)
Epoch: [180][10/40], lr: 0.00000	Loss 0.5035 (0.6098)	Prec@1 84.375 (83.381)	Prec@5 98.438 (98.580)
Epoch: [180][20/40], lr: 0.00000	Loss 0.7060 (0.6377)	Prec@1 75.781 (82.515)	Prec@5 100.000 (98.289)
Epoch: [180][30/40], lr: 0.00000	Loss 0.9163 (0.6547)	Prec@1 75.000 (82.082)	Prec@5 96.094 (98.059)
Epoch [180] Training Results: Prec@1 82.340 Prec@5 98.080             Loss 0.64466
Epoch [180] Training Class Recall: [0.906,0.670,0.661,0.766,0.728,0.848,0.855,0.838,0.818,0.868]

Epoch: [181][0/40], lr: 0.00000	Loss 0.4948 (0.4948)	Prec@1 87.500 (87.500)	Prec@5 98.438 (98.438)
Epoch: [181][10/40], lr: 0.00000	Loss 0.6544 (0.6492)	Prec@1 84.375 (82.102)	Prec@5 95.312 (98.082)
Epoch: [181][20/40], lr: 0.00000	Loss 0.6892 (0.6592)	Prec@1 80.469 (81.920)	Prec@5 97.656 (98.177)
Epoch: [181][30/40], lr: 0.00000	Loss 0.5068 (0.6442)	Prec@1 86.719 (82.409)	Prec@5 100.000 (98.236)
Epoch [181] Training Results: Prec@1 82.620 Prec@5 98.100             Loss 0.63557
Epoch [181] Training Class Recall: [0.911,0.670,0.661,0.766,0.719,0.849,0.851,0.856,0.826,0.869]

Epoch: [182][0/40], lr: 0.00000	Loss 0.5429 (0.5429)	Prec@1 86.719 (86.719)	Prec@5 97.656 (97.656)
Epoch: [182][10/40], lr: 0.00000	Loss 0.6540 (0.6398)	Prec@1 81.250 (82.599)	Prec@5 98.438 (97.940)
Epoch: [182][20/40], lr: 0.00000	Loss 0.7539 (0.6356)	Prec@1 80.469 (82.775)	Prec@5 97.656 (98.214)
Epoch: [182][30/40], lr: 0.00000	Loss 0.7799 (0.6450)	Prec@1 78.125 (82.334)	Prec@5 96.875 (98.110)
Epoch [182] Training Results: Prec@1 82.120 Prec@5 98.120             Loss 0.64513
Epoch [182] Training Class Recall: [0.905,0.674,0.650,0.752,0.725,0.846,0.853,0.838,0.822,0.866]

Epoch: [183][0/40], lr: 0.00000	Loss 0.6595 (0.6595)	Prec@1 82.031 (82.031)	Prec@5 96.875 (96.875)
Epoch: [183][10/40], lr: 0.00000	Loss 0.6632 (0.6669)	Prec@1 81.250 (81.818)	Prec@5 96.875 (97.514)
Epoch: [183][20/40], lr: 0.00000	Loss 0.5943 (0.6228)	Prec@1 82.812 (83.259)	Prec@5 100.000 (97.805)
Epoch: [183][30/40], lr: 0.00000	Loss 0.7608 (0.6364)	Prec@1 78.125 (82.661)	Prec@5 97.656 (97.933)
Epoch [183] Training Results: Prec@1 82.360 Prec@5 98.040             Loss 0.64369
Epoch [183] Training Class Recall: [0.911,0.682,0.646,0.764,0.725,0.849,0.851,0.842,0.816,0.868]

Epoch: [184][0/40], lr: 0.00000	Loss 0.7558 (0.7558)	Prec@1 82.031 (82.031)	Prec@5 96.875 (96.875)
Epoch: [184][10/40], lr: 0.00000	Loss 0.7141 (0.6752)	Prec@1 82.031 (82.173)	Prec@5 96.875 (97.443)
Epoch: [184][20/40], lr: 0.00000	Loss 0.7375 (0.6566)	Prec@1 78.125 (82.478)	Prec@5 96.875 (97.619)
Epoch: [184][30/40], lr: 0.00000	Loss 0.6768 (0.6300)	Prec@1 79.688 (83.266)	Prec@5 97.656 (97.858)
Epoch [184] Training Results: Prec@1 82.760 Prec@5 97.820             Loss 0.64251
Epoch [184] Training Class Recall: [0.912,0.686,0.669,0.775,0.731,0.846,0.855,0.844,0.820,0.871]

Epoch: [185][0/40], lr: 0.00000	Loss 0.4160 (0.4160)	Prec@1 90.625 (90.625)	Prec@5 100.000 (100.000)
Epoch: [185][10/40], lr: 0.00000	Loss 0.5684 (0.6115)	Prec@1 80.469 (83.168)	Prec@5 99.219 (98.580)
Epoch: [185][20/40], lr: 0.00000	Loss 0.8008 (0.6334)	Prec@1 77.344 (82.701)	Prec@5 96.094 (98.438)
Epoch: [185][30/40], lr: 0.00000	Loss 0.7013 (0.6281)	Prec@1 79.688 (82.913)	Prec@5 96.094 (98.362)
Epoch [185] Training Results: Prec@1 82.660 Prec@5 98.240             Loss 0.63709
Epoch [185] Training Class Recall: [0.911,0.670,0.677,0.766,0.737,0.854,0.851,0.844,0.816,0.869]

Epoch: [186][0/40], lr: 0.00000	Loss 0.6099 (0.6099)	Prec@1 84.375 (84.375)	Prec@5 98.438 (98.438)
Epoch: [186][10/40], lr: 0.00000	Loss 0.5960 (0.6127)	Prec@1 82.031 (83.807)	Prec@5 97.656 (97.869)
Epoch: [186][20/40], lr: 0.00000	Loss 0.7209 (0.6255)	Prec@1 82.031 (83.482)	Prec@5 97.656 (98.214)
Epoch: [186][30/40], lr: 0.00000	Loss 0.7014 (0.6397)	Prec@1 78.906 (82.686)	Prec@5 97.656 (97.984)
Epoch [186] Training Results: Prec@1 82.680 Prec@5 98.060             Loss 0.63936
Epoch [186] Training Class Recall: [0.914,0.697,0.665,0.764,0.737,0.846,0.845,0.848,0.820,0.868]

Epoch: [187][0/40], lr: 0.00000	Loss 0.8062 (0.8062)	Prec@1 75.000 (75.000)	Prec@5 97.656 (97.656)
Epoch: [187][10/40], lr: 0.00000	Loss 0.7878 (0.6715)	Prec@1 78.125 (81.605)	Prec@5 93.750 (97.301)
Epoch: [187][20/40], lr: 0.00000	Loss 0.6103 (0.6452)	Prec@1 83.594 (82.329)	Prec@5 96.875 (97.507)
Epoch: [187][30/40], lr: 0.00000	Loss 0.7708 (0.6440)	Prec@1 77.344 (82.308)	Prec@5 100.000 (97.959)
Epoch [187] Training Results: Prec@1 82.180 Prec@5 97.840             Loss 0.65061
Epoch [187] Training Class Recall: [0.908,0.663,0.657,0.750,0.737,0.843,0.849,0.836,0.824,0.869]

Epoch: [188][0/40], lr: 0.00000	Loss 0.5795 (0.5795)	Prec@1 85.938 (85.938)	Prec@5 97.656 (97.656)
Epoch: [188][10/40], lr: 0.00000	Loss 0.5905 (0.6383)	Prec@1 84.375 (82.244)	Prec@5 98.438 (98.366)
Epoch: [188][20/40], lr: 0.00000	Loss 0.6694 (0.6398)	Prec@1 84.375 (82.664)	Prec@5 97.656 (98.065)
Epoch: [188][30/40], lr: 0.00000	Loss 0.6430 (0.6438)	Prec@1 82.031 (82.384)	Prec@5 97.656 (98.059)
Epoch [188] Training Results: Prec@1 82.440 Prec@5 98.300             Loss 0.64262
Epoch [188] Training Class Recall: [0.914,0.670,0.669,0.764,0.716,0.849,0.851,0.842,0.818,0.868]

Epoch: [189][0/40], lr: 0.00000	Loss 0.6458 (0.6458)	Prec@1 80.469 (80.469)	Prec@5 97.656 (97.656)
Epoch: [189][10/40], lr: 0.00000	Loss 0.5169 (0.6197)	Prec@1 85.938 (83.168)	Prec@5 98.438 (98.082)
Epoch: [189][20/40], lr: 0.00000	Loss 0.6324 (0.6266)	Prec@1 82.031 (82.961)	Prec@5 99.219 (98.214)
Epoch: [189][30/40], lr: 0.00000	Loss 0.7950 (0.6477)	Prec@1 78.906 (82.283)	Prec@5 96.094 (97.908)
Epoch [189] Training Results: Prec@1 82.340 Prec@5 98.040             Loss 0.64467
Epoch [189] Training Class Recall: [0.902,0.674,0.650,0.775,0.725,0.848,0.857,0.836,0.822,0.869]

Epoch: [190][0/40], lr: 0.00000	Loss 0.6313 (0.6313)	Prec@1 82.031 (82.031)	Prec@5 97.656 (97.656)
Epoch: [190][10/40], lr: 0.00000	Loss 0.5167 (0.6191)	Prec@1 88.281 (83.523)	Prec@5 96.094 (97.869)
Epoch: [190][20/40], lr: 0.00000	Loss 0.6464 (0.6080)	Prec@1 82.812 (83.780)	Prec@5 98.438 (97.991)
Epoch: [190][30/40], lr: 0.00000	Loss 0.7886 (0.6280)	Prec@1 77.344 (83.065)	Prec@5 99.219 (98.185)
Epoch [190] Training Results: Prec@1 82.660 Prec@5 98.140             Loss 0.63788
Epoch [190] Training Class Recall: [0.916,0.682,0.689,0.752,0.734,0.848,0.855,0.842,0.818,0.866]

Epoch: [191][0/40], lr: 0.00000	Loss 0.6214 (0.6214)	Prec@1 81.250 (81.250)	Prec@5 96.875 (96.875)
Epoch: [191][10/40], lr: 0.00000	Loss 0.7263 (0.6565)	Prec@1 78.125 (81.534)	Prec@5 99.219 (98.082)
Epoch: [191][20/40], lr: 0.00000	Loss 0.6329 (0.6350)	Prec@1 82.812 (82.292)	Prec@5 98.438 (98.214)
Epoch: [191][30/40], lr: 0.00000	Loss 0.6040 (0.6372)	Prec@1 82.812 (82.485)	Prec@5 98.438 (98.185)
Epoch [191] Training Results: Prec@1 82.280 Prec@5 98.120             Loss 0.64278
Epoch [191] Training Class Recall: [0.910,0.667,0.669,0.745,0.731,0.851,0.847,0.842,0.818,0.869]

Epoch: [192][0/40], lr: 0.00000	Loss 0.8064 (0.8064)	Prec@1 76.562 (76.562)	Prec@5 96.094 (96.094)
Epoch: [192][10/40], lr: 0.00000	Loss 0.6180 (0.6434)	Prec@1 82.031 (81.889)	Prec@5 98.438 (98.366)
Epoch: [192][20/40], lr: 0.00000	Loss 0.5654 (0.6399)	Prec@1 86.719 (82.589)	Prec@5 96.875 (97.991)
Epoch: [192][30/40], lr: 0.00000	Loss 0.6873 (0.6348)	Prec@1 82.031 (82.787)	Prec@5 96.875 (98.110)
Epoch [192] Training Results: Prec@1 82.380 Prec@5 98.120             Loss 0.64385
Epoch [192] Training Class Recall: [0.914,0.655,0.650,0.773,0.737,0.849,0.847,0.846,0.814,0.863]

Epoch: [193][0/40], lr: 0.00000	Loss 0.8182 (0.8182)	Prec@1 74.219 (74.219)	Prec@5 97.656 (97.656)
Epoch: [193][10/40], lr: 0.00000	Loss 0.5871 (0.6680)	Prec@1 84.375 (81.321)	Prec@5 98.438 (97.727)
Epoch: [193][20/40], lr: 0.00000	Loss 0.6866 (0.6601)	Prec@1 82.031 (81.696)	Prec@5 98.438 (97.917)
Epoch: [193][30/40], lr: 0.00000	Loss 0.5124 (0.6383)	Prec@1 89.062 (82.560)	Prec@5 96.875 (98.034)
Epoch [193] Training Results: Prec@1 82.400 Prec@5 97.920             Loss 0.64050
Epoch [193] Training Class Recall: [0.915,0.674,0.685,0.755,0.719,0.848,0.851,0.842,0.816,0.863]

Epoch: [194][0/40], lr: 0.00000	Loss 0.7259 (0.7259)	Prec@1 76.562 (76.562)	Prec@5 99.219 (99.219)
Epoch: [194][10/40], lr: 0.00000	Loss 0.6512 (0.6557)	Prec@1 80.469 (81.605)	Prec@5 99.219 (98.722)
Epoch: [194][20/40], lr: 0.00000	Loss 0.6580 (0.6388)	Prec@1 82.812 (82.254)	Prec@5 94.531 (98.065)
Epoch: [194][30/40], lr: 0.00000	Loss 0.6829 (0.6442)	Prec@1 81.250 (82.107)	Prec@5 97.656 (98.135)
Epoch [194] Training Results: Prec@1 82.380 Prec@5 98.060             Loss 0.64128
Epoch [194] Training Class Recall: [0.908,0.674,0.669,0.750,0.731,0.848,0.849,0.848,0.824,0.865]

Epoch: [195][0/40], lr: 0.00000	Loss 0.6711 (0.6711)	Prec@1 83.594 (83.594)	Prec@5 96.875 (96.875)
Epoch: [195][10/40], lr: 0.00000	Loss 0.4410 (0.6434)	Prec@1 90.625 (82.102)	Prec@5 99.219 (98.295)
Epoch: [195][20/40], lr: 0.00000	Loss 0.5789 (0.6307)	Prec@1 84.375 (82.515)	Prec@5 98.438 (98.251)
Epoch: [195][30/40], lr: 0.00000	Loss 0.7187 (0.6332)	Prec@1 82.812 (82.737)	Prec@5 97.656 (98.135)
Epoch [195] Training Results: Prec@1 82.400 Prec@5 98.140             Loss 0.64331
Epoch [195] Training Class Recall: [0.908,0.663,0.669,0.768,0.722,0.851,0.853,0.838,0.822,0.866]

Epoch: [196][0/40], lr: 0.00000	Loss 0.5732 (0.5732)	Prec@1 85.938 (85.938)	Prec@5 96.875 (96.875)
Epoch: [196][10/40], lr: 0.00000	Loss 0.7714 (0.6297)	Prec@1 75.781 (82.812)	Prec@5 97.656 (98.011)
Epoch: [196][20/40], lr: 0.00000	Loss 0.4787 (0.6275)	Prec@1 86.719 (82.738)	Prec@5 98.438 (98.177)
Epoch: [196][30/40], lr: 0.00000	Loss 0.5509 (0.6313)	Prec@1 85.156 (82.712)	Prec@5 97.656 (98.160)
Epoch [196] Training Results: Prec@1 82.240 Prec@5 98.100             Loss 0.64164
Epoch [196] Training Class Recall: [0.913,0.667,0.646,0.750,0.734,0.848,0.853,0.842,0.816,0.866]

Epoch: [197][0/40], lr: 0.00000	Loss 0.6584 (0.6584)	Prec@1 82.812 (82.812)	Prec@5 98.438 (98.438)
Epoch: [197][10/40], lr: 0.00000	Loss 0.6465 (0.6658)	Prec@1 82.812 (81.676)	Prec@5 98.438 (98.082)
Epoch: [197][20/40], lr: 0.00000	Loss 0.6304 (0.6565)	Prec@1 83.594 (81.734)	Prec@5 95.312 (98.103)
Epoch: [197][30/40], lr: 0.00000	Loss 0.7129 (0.6385)	Prec@1 79.688 (82.308)	Prec@5 99.219 (98.236)
Epoch [197] Training Results: Prec@1 82.200 Prec@5 98.100             Loss 0.64242
Epoch [197] Training Class Recall: [0.906,0.667,0.650,0.750,0.731,0.846,0.853,0.844,0.824,0.866]

Epoch: [198][0/40], lr: 0.00000	Loss 0.7171 (0.7171)	Prec@1 80.469 (80.469)	Prec@5 96.094 (96.094)
Epoch: [198][10/40], lr: 0.00000	Loss 0.6095 (0.6227)	Prec@1 84.375 (83.523)	Prec@5 97.656 (98.082)
Epoch: [198][20/40], lr: 0.00000	Loss 0.6104 (0.6278)	Prec@1 80.469 (83.073)	Prec@5 99.219 (98.140)
Epoch: [198][30/40], lr: 0.00000	Loss 0.7319 (0.6377)	Prec@1 78.906 (82.308)	Prec@5 99.219 (98.211)
Epoch [198] Training Results: Prec@1 82.220 Prec@5 98.080             Loss 0.64299
Epoch [198] Training Class Recall: [0.910,0.663,0.650,0.759,0.737,0.848,0.851,0.836,0.822,0.863]

Epoch: [199][0/40], lr: 0.00000	Loss 0.5364 (0.5364)	Prec@1 87.500 (87.500)	Prec@5 99.219 (99.219)
Epoch: [199][10/40], lr: 0.00000	Loss 0.6281 (0.6700)	Prec@1 82.031 (81.108)	Prec@5 95.312 (97.017)
Epoch: [199][20/40], lr: 0.00000	Loss 0.5066 (0.6662)	Prec@1 88.281 (81.585)	Prec@5 98.438 (97.656)
Epoch: [199][30/40], lr: 0.00000	Loss 0.6471 (0.6412)	Prec@1 82.812 (82.258)	Prec@5 98.438 (97.908)
Epoch [199] Training Results: Prec@1 82.380 Prec@5 97.940             Loss 0.63692
Epoch [199] Training Class Recall: [0.912,0.667,0.654,0.761,0.725,0.849,0.851,0.840,0.824,0.868]

