Epoch: [0][0/391], lr: 0.00200	Loss 2.7285 (2.7285)	Prec@1 9.375 (9.375)	Prec@5 57.812 (57.812)
Epoch: [0][10/391], lr: 0.00200	Loss 2.3812 (2.4923)	Prec@1 7.031 (9.801)	Prec@5 49.219 (50.142)
Epoch: [0][20/391], lr: 0.00200	Loss 2.2087 (2.4249)	Prec@1 22.656 (11.347)	Prec@5 64.844 (52.939)
Epoch: [0][30/391], lr: 0.00200	Loss 2.3409 (2.4083)	Prec@1 17.188 (11.769)	Prec@5 57.031 (54.133)
Epoch: [0][40/391], lr: 0.00200	Loss 2.2178 (2.3852)	Prec@1 22.656 (12.424)	Prec@5 62.500 (55.526)
Epoch: [0][50/391], lr: 0.00200	Loss 2.2796 (2.3702)	Prec@1 10.938 (12.760)	Prec@5 65.625 (56.281)
Epoch: [0][60/391], lr: 0.00200	Loss 2.3118 (2.3491)	Prec@1 14.844 (13.537)	Prec@5 62.500 (57.646)
Epoch: [0][70/391], lr: 0.00200	Loss 2.2448 (2.3414)	Prec@1 16.406 (13.875)	Prec@5 71.875 (58.704)
Epoch: [0][80/391], lr: 0.00200	Loss 2.3122 (2.3386)	Prec@1 14.062 (14.323)	Prec@5 61.719 (58.970)
Epoch: [0][90/391], lr: 0.00200	Loss 2.2361 (2.3306)	Prec@1 16.406 (14.621)	Prec@5 61.719 (59.392)
Epoch: [0][100/391], lr: 0.00200	Loss 2.2404 (2.3246)	Prec@1 13.281 (14.735)	Prec@5 68.750 (59.916)
Epoch: [0][110/391], lr: 0.00200	Loss 2.2296 (2.3142)	Prec@1 21.094 (14.992)	Prec@5 65.625 (60.572)
Epoch: [0][120/391], lr: 0.00200	Loss 2.2117 (2.3029)	Prec@1 17.969 (15.489)	Prec@5 70.312 (61.157)
Epoch: [0][130/391], lr: 0.00200	Loss 2.1859 (2.2967)	Prec@1 19.531 (15.828)	Prec@5 69.531 (61.516)
Epoch: [0][140/391], lr: 0.00200	Loss 2.1235 (2.2902)	Prec@1 23.438 (16.162)	Prec@5 72.656 (62.035)
Epoch: [0][150/391], lr: 0.00200	Loss 2.1677 (2.2839)	Prec@1 16.406 (16.230)	Prec@5 71.094 (62.495)
Epoch: [0][160/391], lr: 0.00200	Loss 2.1953 (2.2797)	Prec@1 19.531 (16.421)	Prec@5 73.438 (62.869)
Epoch: [0][170/391], lr: 0.00200	Loss 2.1599 (2.2738)	Prec@1 26.562 (16.726)	Prec@5 71.094 (63.277)
Epoch: [0][180/391], lr: 0.00200	Loss 2.1369 (2.2705)	Prec@1 21.875 (16.834)	Prec@5 72.656 (63.475)
Epoch: [0][190/391], lr: 0.00200	Loss 2.0582 (2.2639)	Prec@1 25.781 (17.159)	Prec@5 76.562 (63.829)
Epoch: [0][200/391], lr: 0.00200	Loss 2.0338 (2.2572)	Prec@1 28.125 (17.448)	Prec@5 78.125 (64.214)
Epoch: [0][210/391], lr: 0.00200	Loss 2.2875 (2.2548)	Prec@1 14.844 (17.517)	Prec@5 67.969 (64.388)
Epoch: [0][220/391], lr: 0.00200	Loss 2.1657 (2.2514)	Prec@1 21.875 (17.622)	Prec@5 69.531 (64.632)
Epoch: [0][230/391], lr: 0.00200	Loss 2.1117 (2.2478)	Prec@1 21.875 (17.773)	Prec@5 66.406 (64.871)
Epoch: [0][240/391], lr: 0.00200	Loss 2.2222 (2.2427)	Prec@1 20.312 (18.047)	Prec@5 64.062 (65.139)
Epoch: [0][250/391], lr: 0.00200	Loss 2.1411 (2.2387)	Prec@1 17.969 (18.190)	Prec@5 73.438 (65.401)
Epoch: [0][260/391], lr: 0.00200	Loss 2.0562 (2.2338)	Prec@1 22.656 (18.400)	Prec@5 76.562 (65.733)
Epoch: [0][270/391], lr: 0.00200	Loss 2.1315 (2.2293)	Prec@1 27.344 (18.580)	Prec@5 75.781 (66.000)
Epoch: [0][280/391], lr: 0.00200	Loss 2.1011 (2.2255)	Prec@1 22.656 (18.728)	Prec@5 71.875 (66.237)
Epoch: [0][290/391], lr: 0.00200	Loss 2.1467 (2.2226)	Prec@1 16.406 (18.839)	Prec@5 69.531 (66.358)
Epoch: [0][300/391], lr: 0.00200	Loss 2.0659 (2.2187)	Prec@1 21.094 (19.033)	Prec@5 77.344 (66.505)
Epoch: [0][310/391], lr: 0.00200	Loss 2.1453 (2.2161)	Prec@1 17.188 (19.164)	Prec@5 74.219 (66.685)
Epoch: [0][320/391], lr: 0.00200	Loss 2.1585 (2.2132)	Prec@1 25.781 (19.310)	Prec@5 70.312 (66.842)
Epoch: [0][330/391], lr: 0.00200	Loss 2.0548 (2.2105)	Prec@1 24.219 (19.430)	Prec@5 75.000 (66.999)
Epoch: [0][340/391], lr: 0.00200	Loss 2.1413 (2.2068)	Prec@1 25.000 (19.589)	Prec@5 71.094 (67.171)
Epoch: [0][350/391], lr: 0.00200	Loss 1.9766 (2.2030)	Prec@1 32.031 (19.769)	Prec@5 79.688 (67.415)
Epoch: [0][360/391], lr: 0.00200	Loss 2.0763 (2.2002)	Prec@1 24.219 (19.856)	Prec@5 76.562 (67.601)
Epoch: [0][370/391], lr: 0.00200	Loss 2.0529 (2.1977)	Prec@1 22.656 (19.963)	Prec@5 75.781 (67.762)
Epoch: [0][380/391], lr: 0.00200	Loss 2.0454 (2.1939)	Prec@1 25.781 (20.128)	Prec@5 80.469 (67.987)
Epoch: [0][390/391], lr: 0.00200	Loss 1.9713 (2.1911)	Prec@1 32.500 (20.274)	Prec@5 77.500 (68.142)
Epoch [0] Training Results: Prec@1 20.274 Prec@5 68.142             Loss 2.19110
Epoch [0] Training Class Recall: [0.407,0.502,0.181,0.256,0.188,0.123,0.112,0.077,0.103,0.077]

Epoch: [1][0/391], lr: 0.00400	Loss 2.1218 (2.1218)	Prec@1 27.344 (27.344)	Prec@5 75.000 (75.000)
Epoch: [1][10/391], lr: 0.00400	Loss 2.1314 (2.1241)	Prec@1 20.312 (23.722)	Prec@5 73.438 (71.875)
Epoch: [1][20/391], lr: 0.00400	Loss 1.9891 (2.1389)	Prec@1 28.125 (23.103)	Prec@5 76.562 (72.545)
Epoch: [1][30/391], lr: 0.00400	Loss 2.1295 (2.1522)	Prec@1 25.000 (22.757)	Prec@5 67.188 (71.169)
Epoch: [1][40/391], lr: 0.00400	Loss 2.0984 (2.1580)	Prec@1 26.562 (22.828)	Prec@5 76.562 (70.789)
Epoch: [1][50/391], lr: 0.00400	Loss 2.1858 (2.1574)	Prec@1 29.688 (22.825)	Prec@5 64.062 (70.604)
Epoch: [1][60/391], lr: 0.00400	Loss 2.1584 (2.1575)	Prec@1 20.312 (22.631)	Prec@5 69.531 (70.710)
Epoch: [1][70/391], lr: 0.00400	Loss 2.0850 (2.1541)	Prec@1 28.906 (22.590)	Prec@5 76.562 (70.940)
Epoch: [1][80/391], lr: 0.00400	Loss 2.0410 (2.1500)	Prec@1 26.562 (22.859)	Prec@5 76.562 (71.055)
Epoch: [1][90/391], lr: 0.00400	Loss 2.1817 (2.1438)	Prec@1 28.125 (23.180)	Prec@5 64.844 (71.205)
Epoch: [1][100/391], lr: 0.00400	Loss 2.0986 (2.1402)	Prec@1 27.344 (23.461)	Prec@5 70.312 (71.218)
Epoch: [1][110/391], lr: 0.00400	Loss 2.1104 (2.1349)	Prec@1 21.094 (23.747)	Prec@5 71.094 (71.368)
Epoch: [1][120/391], lr: 0.00400	Loss 2.0245 (2.1311)	Prec@1 32.031 (23.844)	Prec@5 72.656 (71.526)
Epoch: [1][130/391], lr: 0.00400	Loss 2.1466 (2.1276)	Prec@1 28.125 (24.046)	Prec@5 67.969 (71.535)
Epoch: [1][140/391], lr: 0.00400	Loss 2.2390 (2.1310)	Prec@1 28.125 (23.897)	Prec@5 67.188 (71.404)
Epoch: [1][150/391], lr: 0.00400	Loss 2.0774 (2.1283)	Prec@1 24.219 (23.945)	Prec@5 74.219 (71.477)
Epoch: [1][160/391], lr: 0.00400	Loss 2.1941 (2.1272)	Prec@1 20.312 (23.952)	Prec@5 69.531 (71.438)
Epoch: [1][170/391], lr: 0.00400	Loss 2.0137 (2.1208)	Prec@1 27.344 (24.310)	Prec@5 75.781 (71.761)
Epoch: [1][180/391], lr: 0.00400	Loss 2.0909 (2.1189)	Prec@1 20.312 (24.232)	Prec@5 71.875 (71.957)
Epoch: [1][190/391], lr: 0.00400	Loss 2.0422 (2.1182)	Prec@1 29.688 (24.301)	Prec@5 72.656 (72.039)
Epoch: [1][200/391], lr: 0.00400	Loss 2.0026 (2.1152)	Prec@1 28.906 (24.483)	Prec@5 78.906 (72.170)
Epoch: [1][210/391], lr: 0.00400	Loss 2.0685 (2.1157)	Prec@1 27.344 (24.489)	Prec@5 70.312 (72.101)
Epoch: [1][220/391], lr: 0.00400	Loss 1.9865 (2.1117)	Prec@1 28.125 (24.678)	Prec@5 76.562 (72.274)
Epoch: [1][230/391], lr: 0.00400	Loss 1.9837 (2.1099)	Prec@1 34.375 (24.838)	Prec@5 73.438 (72.332)
Epoch: [1][240/391], lr: 0.00400	Loss 1.9673 (2.1071)	Prec@1 30.469 (24.958)	Prec@5 77.344 (72.455)
Epoch: [1][250/391], lr: 0.00400	Loss 2.0540 (2.1056)	Prec@1 28.125 (25.078)	Prec@5 75.000 (72.469)
Epoch: [1][260/391], lr: 0.00400	Loss 2.1051 (2.1024)	Prec@1 27.344 (25.204)	Prec@5 76.562 (72.635)
Epoch: [1][270/391], lr: 0.00400	Loss 1.9793 (2.0995)	Prec@1 31.250 (25.317)	Prec@5 82.812 (72.800)
Epoch: [1][280/391], lr: 0.00400	Loss 1.9525 (2.0964)	Prec@1 28.906 (25.425)	Prec@5 78.906 (72.959)
Epoch: [1][290/391], lr: 0.00400	Loss 2.0145 (2.0939)	Prec@1 28.906 (25.601)	Prec@5 81.250 (73.037)
Epoch: [1][300/391], lr: 0.00400	Loss 1.9753 (2.0932)	Prec@1 27.344 (25.605)	Prec@5 78.125 (73.105)
Epoch: [1][310/391], lr: 0.00400	Loss 1.9765 (2.0913)	Prec@1 27.344 (25.676)	Prec@5 82.031 (73.234)
Epoch: [1][320/391], lr: 0.00400	Loss 1.9664 (2.0899)	Prec@1 29.688 (25.781)	Prec@5 78.906 (73.350)
Epoch: [1][330/391], lr: 0.00400	Loss 2.0746 (2.0879)	Prec@1 26.562 (25.895)	Prec@5 74.219 (73.433)
Epoch: [1][340/391], lr: 0.00400	Loss 2.0515 (2.0868)	Prec@1 31.250 (25.969)	Prec@5 76.562 (73.497)
Epoch: [1][350/391], lr: 0.00400	Loss 1.9536 (2.0849)	Prec@1 28.125 (26.028)	Prec@5 75.000 (73.589)
Epoch: [1][360/391], lr: 0.00400	Loss 2.0260 (2.0826)	Prec@1 32.031 (26.082)	Prec@5 77.344 (73.723)
Epoch: [1][370/391], lr: 0.00400	Loss 2.1870 (2.0814)	Prec@1 23.438 (26.156)	Prec@5 66.406 (73.711)
Epoch: [1][380/391], lr: 0.00400	Loss 2.0800 (2.0798)	Prec@1 22.656 (26.247)	Prec@5 70.312 (73.776)
Epoch: [1][390/391], lr: 0.00400	Loss 1.9495 (2.0788)	Prec@1 36.250 (26.308)	Prec@5 71.250 (73.768)
Epoch [1] Training Results: Prec@1 26.308 Prec@5 73.768             Loss 2.07880
Epoch [1] Training Class Recall: [0.503,0.641,0.283,0.308,0.188,0.204,0.209,0.117,0.091,0.087]

Epoch: [2][0/391], lr: 0.00600	Loss 2.0729 (2.0729)	Prec@1 26.562 (26.562)	Prec@5 71.094 (71.094)
Epoch: [2][10/391], lr: 0.00600	Loss 2.0002 (2.0073)	Prec@1 28.906 (30.469)	Prec@5 85.156 (76.705)
Epoch: [2][20/391], lr: 0.00600	Loss 2.0075 (2.0333)	Prec@1 27.344 (29.018)	Prec@5 79.688 (77.009)
Epoch: [2][30/391], lr: 0.00600	Loss 2.1191 (2.0315)	Prec@1 23.438 (29.234)	Prec@5 74.219 (77.041)
Epoch: [2][40/391], lr: 0.00600	Loss 2.0421 (2.0197)	Prec@1 29.688 (29.592)	Prec@5 73.438 (77.611)
Epoch: [2][50/391], lr: 0.00600	Loss 2.0790 (2.0197)	Prec@1 23.438 (29.672)	Prec@5 72.656 (77.252)
Epoch: [2][60/391], lr: 0.00600	Loss 2.0376 (2.0169)	Prec@1 33.594 (30.059)	Prec@5 78.906 (77.216)
Epoch: [2][70/391], lr: 0.00600	Loss 2.0394 (2.0202)	Prec@1 28.125 (29.555)	Prec@5 78.125 (77.410)
Epoch: [2][80/391], lr: 0.00600	Loss 2.0624 (2.0272)	Prec@1 29.688 (29.176)	Prec@5 72.656 (76.881)
Epoch: [2][90/391], lr: 0.00600	Loss 2.0556 (2.0291)	Prec@1 24.219 (29.061)	Prec@5 75.000 (76.880)
Epoch: [2][100/391], lr: 0.00600	Loss 2.1280 (2.0267)	Prec@1 25.000 (29.208)	Prec@5 73.438 (77.003)
Epoch: [2][110/391], lr: 0.00600	Loss 1.9458 (2.0252)	Prec@1 28.906 (29.237)	Prec@5 82.031 (76.999)
Epoch: [2][120/391], lr: 0.00600	Loss 1.9519 (2.0257)	Prec@1 33.594 (29.307)	Prec@5 78.906 (76.924)
Epoch: [2][130/391], lr: 0.00600	Loss 1.8628 (2.0226)	Prec@1 33.594 (29.413)	Prec@5 79.688 (76.944)
Epoch: [2][140/391], lr: 0.00600	Loss 1.9411 (2.0196)	Prec@1 28.125 (29.449)	Prec@5 80.469 (77.083)
Epoch: [2][150/391], lr: 0.00600	Loss 1.9545 (2.0165)	Prec@1 31.250 (29.517)	Prec@5 81.250 (77.235)
Epoch: [2][160/391], lr: 0.00600	Loss 1.9490 (2.0119)	Prec@1 35.938 (29.683)	Prec@5 78.125 (77.475)
Epoch: [2][170/391], lr: 0.00600	Loss 2.0251 (2.0114)	Prec@1 28.906 (29.806)	Prec@5 78.906 (77.522)
Epoch: [2][180/391], lr: 0.00600	Loss 1.9255 (2.0083)	Prec@1 37.500 (29.886)	Prec@5 75.781 (77.577)
Epoch: [2][190/391], lr: 0.00600	Loss 1.9115 (2.0055)	Prec@1 32.031 (29.966)	Prec@5 86.719 (77.704)
Epoch: [2][200/391], lr: 0.00600	Loss 1.8871 (2.0036)	Prec@1 36.719 (30.088)	Prec@5 80.469 (77.779)
Epoch: [2][210/391], lr: 0.00600	Loss 2.0190 (2.0022)	Prec@1 24.219 (30.158)	Prec@5 78.125 (77.792)
Epoch: [2][220/391], lr: 0.00600	Loss 1.9294 (2.0016)	Prec@1 33.594 (30.172)	Prec@5 80.469 (77.810)
Epoch: [2][230/391], lr: 0.00600	Loss 1.9285 (2.0002)	Prec@1 32.812 (30.239)	Prec@5 75.000 (77.797)
Epoch: [2][240/391], lr: 0.00600	Loss 2.0305 (1.9988)	Prec@1 25.000 (30.219)	Prec@5 77.344 (77.888)
Epoch: [2][250/391], lr: 0.00600	Loss 1.9078 (1.9977)	Prec@1 34.375 (30.220)	Prec@5 79.688 (77.916)
Epoch: [2][260/391], lr: 0.00600	Loss 1.8248 (1.9952)	Prec@1 39.844 (30.400)	Prec@5 79.688 (77.939)
Epoch: [2][270/391], lr: 0.00600	Loss 1.8685 (1.9925)	Prec@1 31.250 (30.573)	Prec@5 85.156 (78.044)
Epoch: [2][280/391], lr: 0.00600	Loss 2.0307 (1.9916)	Prec@1 28.125 (30.680)	Prec@5 80.469 (78.055)
Epoch: [2][290/391], lr: 0.00600	Loss 2.0103 (1.9897)	Prec@1 29.688 (30.724)	Prec@5 74.219 (78.120)
Epoch: [2][300/391], lr: 0.00600	Loss 1.9503 (1.9888)	Prec@1 33.594 (30.757)	Prec@5 82.812 (78.195)
Epoch: [2][310/391], lr: 0.00600	Loss 1.9739 (1.9866)	Prec@1 28.125 (30.873)	Prec@5 76.562 (78.238)
Epoch: [2][320/391], lr: 0.00600	Loss 2.0016 (1.9839)	Prec@1 25.781 (30.990)	Prec@5 82.031 (78.320)
Epoch: [2][330/391], lr: 0.00600	Loss 1.8995 (1.9815)	Prec@1 33.594 (31.099)	Prec@5 81.250 (78.370)
Epoch: [2][340/391], lr: 0.00600	Loss 1.9092 (1.9815)	Prec@1 32.031 (31.117)	Prec@5 76.562 (78.368)
Epoch: [2][350/391], lr: 0.00600	Loss 1.8303 (1.9803)	Prec@1 33.594 (31.161)	Prec@5 84.375 (78.412)
Epoch: [2][360/391], lr: 0.00600	Loss 2.0366 (1.9794)	Prec@1 26.562 (31.239)	Prec@5 82.031 (78.452)
Epoch: [2][370/391], lr: 0.00600	Loss 1.8947 (1.9779)	Prec@1 38.281 (31.334)	Prec@5 76.562 (78.477)
Epoch: [2][380/391], lr: 0.00600	Loss 1.9805 (1.9772)	Prec@1 28.125 (31.369)	Prec@5 79.688 (78.472)
Epoch: [2][390/391], lr: 0.00600	Loss 1.9931 (1.9768)	Prec@1 27.500 (31.386)	Prec@5 77.500 (78.498)
Epoch [2] Training Results: Prec@1 31.386 Prec@5 78.498             Loss 1.97676
Epoch [2] Training Class Recall: [0.563,0.697,0.363,0.345,0.279,0.264,0.250,0.156,0.115,0.107]

Epoch: [3][0/391], lr: 0.00800	Loss 2.0121 (2.0121)	Prec@1 28.906 (28.906)	Prec@5 79.688 (79.688)
Epoch: [3][10/391], lr: 0.00800	Loss 1.9744 (1.9062)	Prec@1 34.375 (33.381)	Prec@5 75.781 (81.605)
Epoch: [3][20/391], lr: 0.00800	Loss 1.9993 (1.9475)	Prec@1 31.250 (32.515)	Prec@5 74.219 (78.683)
Epoch: [3][30/391], lr: 0.00800	Loss 1.9600 (1.9430)	Prec@1 28.125 (32.560)	Prec@5 78.906 (78.881)
Epoch: [3][40/391], lr: 0.00800	Loss 2.0046 (1.9517)	Prec@1 30.469 (32.565)	Prec@5 75.781 (78.639)
Epoch: [3][50/391], lr: 0.00800	Loss 1.9152 (1.9552)	Prec@1 34.375 (32.460)	Prec@5 78.125 (78.738)
Epoch: [3][60/391], lr: 0.00800	Loss 1.7962 (1.9539)	Prec@1 39.844 (32.403)	Prec@5 85.156 (78.906)
Epoch: [3][70/391], lr: 0.00800	Loss 1.9627 (1.9478)	Prec@1 29.688 (32.680)	Prec@5 84.375 (79.005)
Epoch: [3][80/391], lr: 0.00800	Loss 1.9472 (1.9428)	Prec@1 31.250 (32.861)	Prec@5 77.344 (79.234)
Epoch: [3][90/391], lr: 0.00800	Loss 1.8977 (1.9427)	Prec@1 32.812 (32.881)	Prec@5 82.031 (79.421)
Epoch: [3][100/391], lr: 0.00800	Loss 1.9837 (1.9422)	Prec@1 25.781 (32.836)	Prec@5 82.812 (79.525)
Epoch: [3][110/391], lr: 0.00800	Loss 1.8712 (1.9360)	Prec@1 39.062 (33.010)	Prec@5 78.906 (79.758)
Epoch: [3][120/391], lr: 0.00800	Loss 1.9898 (1.9348)	Prec@1 34.375 (33.013)	Prec@5 78.125 (79.875)
Epoch: [3][130/391], lr: 0.00800	Loss 1.8428 (1.9336)	Prec@1 37.500 (33.057)	Prec@5 80.469 (79.884)
Epoch: [3][140/391], lr: 0.00800	Loss 1.9179 (1.9327)	Prec@1 29.688 (33.167)	Prec@5 84.375 (79.909)
Epoch: [3][150/391], lr: 0.00800	Loss 1.9234 (1.9332)	Prec@1 39.062 (33.190)	Prec@5 80.469 (79.827)
Epoch: [3][160/391], lr: 0.00800	Loss 1.8424 (1.9306)	Prec@1 34.375 (33.322)	Prec@5 83.594 (79.940)
Epoch: [3][170/391], lr: 0.00800	Loss 1.8243 (1.9287)	Prec@1 35.156 (33.370)	Prec@5 82.031 (79.984)
Epoch: [3][180/391], lr: 0.00800	Loss 1.8277 (1.9269)	Prec@1 39.062 (33.313)	Prec@5 85.156 (80.123)
Epoch: [3][190/391], lr: 0.00800	Loss 1.8564 (1.9245)	Prec@1 37.500 (33.451)	Prec@5 81.250 (80.158)
Epoch: [3][200/391], lr: 0.00800	Loss 1.8716 (1.9227)	Prec@1 39.844 (33.640)	Prec@5 78.906 (80.150)
Epoch: [3][210/391], lr: 0.00800	Loss 1.9746 (1.9215)	Prec@1 31.250 (33.720)	Prec@5 78.906 (80.210)
Epoch: [3][220/391], lr: 0.00800	Loss 1.8853 (1.9212)	Prec@1 35.156 (33.771)	Prec@5 82.031 (80.200)
Epoch: [3][230/391], lr: 0.00800	Loss 1.7836 (1.9195)	Prec@1 44.531 (33.841)	Prec@5 82.031 (80.191)
Epoch: [3][240/391], lr: 0.00800	Loss 1.8684 (1.9178)	Prec@1 32.812 (33.934)	Prec@5 83.594 (80.203)
Epoch: [3][250/391], lr: 0.00800	Loss 1.8839 (1.9156)	Prec@1 38.281 (34.089)	Prec@5 81.250 (80.285)
Epoch: [3][260/391], lr: 0.00800	Loss 1.8018 (1.9130)	Prec@1 36.719 (34.171)	Prec@5 82.031 (80.355)
Epoch: [3][270/391], lr: 0.00800	Loss 1.9320 (1.9119)	Prec@1 29.688 (34.225)	Prec@5 79.688 (80.397)
Epoch: [3][280/391], lr: 0.00800	Loss 1.8425 (1.9108)	Prec@1 35.938 (34.255)	Prec@5 79.688 (80.441)
Epoch: [3][290/391], lr: 0.00800	Loss 1.8847 (1.9095)	Prec@1 37.500 (34.383)	Prec@5 77.344 (80.471)
Epoch: [3][300/391], lr: 0.00800	Loss 1.8749 (1.9080)	Prec@1 34.375 (34.453)	Prec@5 81.250 (80.518)
Epoch: [3][310/391], lr: 0.00800	Loss 1.7088 (1.9046)	Prec@1 40.625 (34.573)	Prec@5 83.594 (80.665)
Epoch: [3][320/391], lr: 0.00800	Loss 1.7801 (1.9027)	Prec@1 35.938 (34.643)	Prec@5 84.375 (80.729)
Epoch: [3][330/391], lr: 0.00800	Loss 1.9537 (1.9015)	Prec@1 30.469 (34.679)	Prec@5 83.594 (80.804)
Epoch: [3][340/391], lr: 0.00800	Loss 1.9118 (1.8996)	Prec@1 29.688 (34.693)	Prec@5 82.812 (80.904)
Epoch: [3][350/391], lr: 0.00800	Loss 1.8069 (1.8982)	Prec@1 38.281 (34.724)	Prec@5 79.688 (80.963)
Epoch: [3][360/391], lr: 0.00800	Loss 1.9338 (1.8967)	Prec@1 36.719 (34.756)	Prec@5 82.812 (81.029)
Epoch: [3][370/391], lr: 0.00800	Loss 1.7073 (1.8957)	Prec@1 46.094 (34.788)	Prec@5 81.250 (81.023)
Epoch: [3][380/391], lr: 0.00800	Loss 1.7692 (1.8948)	Prec@1 38.281 (34.867)	Prec@5 81.250 (81.057)
Epoch: [3][390/391], lr: 0.00800	Loss 1.6590 (1.8932)	Prec@1 52.500 (34.930)	Prec@5 83.750 (81.098)
Epoch [3] Training Results: Prec@1 34.930 Prec@5 81.098             Loss 1.89316
Epoch [3] Training Class Recall: [0.538,0.715,0.425,0.369,0.349,0.286,0.298,0.175,0.169,0.170]

Epoch: [4][0/391], lr: 0.01000	Loss 1.7318 (1.7318)	Prec@1 41.406 (41.406)	Prec@5 87.500 (87.500)
Epoch: [4][10/391], lr: 0.01000	Loss 1.8843 (1.8117)	Prec@1 34.375 (38.139)	Prec@5 83.594 (83.452)
Epoch: [4][20/391], lr: 0.01000	Loss 1.8732 (1.8214)	Prec@1 37.500 (38.839)	Prec@5 84.375 (82.589)
Epoch: [4][30/391], lr: 0.01000	Loss 1.7371 (1.8479)	Prec@1 39.062 (36.618)	Prec@5 83.594 (82.107)
Epoch: [4][40/391], lr: 0.01000	Loss 1.7090 (1.8298)	Prec@1 43.750 (37.614)	Prec@5 83.594 (82.412)
Epoch: [4][50/391], lr: 0.01000	Loss 1.8134 (1.8158)	Prec@1 38.281 (37.944)	Prec@5 80.469 (82.644)
Epoch: [4][60/391], lr: 0.01000	Loss 1.9099 (1.8229)	Prec@1 34.375 (38.102)	Prec@5 81.250 (82.531)
Epoch: [4][70/391], lr: 0.01000	Loss 1.7617 (1.8270)	Prec@1 37.500 (37.874)	Prec@5 87.500 (82.581)
Epoch: [4][80/391], lr: 0.01000	Loss 1.8314 (1.8285)	Prec@1 38.281 (37.867)	Prec@5 79.688 (82.475)
Epoch: [4][90/391], lr: 0.01000	Loss 1.7301 (1.8293)	Prec@1 46.094 (37.895)	Prec@5 78.906 (82.546)
Epoch: [4][100/391], lr: 0.01000	Loss 1.8546 (1.8246)	Prec@1 39.844 (37.949)	Prec@5 79.688 (82.735)
Epoch: [4][110/391], lr: 0.01000	Loss 1.8736 (1.8226)	Prec@1 37.500 (37.950)	Prec@5 80.469 (82.883)
Epoch: [4][120/391], lr: 0.01000	Loss 1.9363 (1.8235)	Prec@1 35.938 (38.010)	Prec@5 82.812 (82.812)
Epoch: [4][130/391], lr: 0.01000	Loss 1.8066 (1.8220)	Prec@1 39.062 (38.084)	Prec@5 84.375 (82.920)
Epoch: [4][140/391], lr: 0.01000	Loss 1.7794 (1.8220)	Prec@1 42.969 (38.060)	Prec@5 85.938 (83.006)
Epoch: [4][150/391], lr: 0.01000	Loss 1.7970 (1.8204)	Prec@1 42.969 (38.157)	Prec@5 84.375 (83.040)
Epoch: [4][160/391], lr: 0.01000	Loss 1.9701 (1.8171)	Prec@1 35.156 (38.310)	Prec@5 80.469 (83.196)
Epoch: [4][170/391], lr: 0.01000	Loss 1.7113 (1.8160)	Prec@1 39.062 (38.345)	Prec@5 88.281 (83.228)
Epoch: [4][180/391], lr: 0.01000	Loss 1.7550 (1.8173)	Prec@1 41.406 (38.402)	Prec@5 88.281 (83.158)
Epoch: [4][190/391], lr: 0.01000	Loss 1.8510 (1.8159)	Prec@1 35.938 (38.363)	Prec@5 85.938 (83.209)
Epoch: [4][200/391], lr: 0.01000	Loss 1.8430 (1.8181)	Prec@1 38.281 (38.273)	Prec@5 82.031 (83.182)
Epoch: [4][210/391], lr: 0.01000	Loss 1.7841 (1.8162)	Prec@1 38.281 (38.318)	Prec@5 82.812 (83.261)
Epoch: [4][220/391], lr: 0.01000	Loss 1.8292 (1.8144)	Prec@1 35.156 (38.373)	Prec@5 84.375 (83.251)
Epoch: [4][230/391], lr: 0.01000	Loss 2.0087 (1.8134)	Prec@1 35.156 (38.383)	Prec@5 78.125 (83.354)
Epoch: [4][240/391], lr: 0.01000	Loss 1.6121 (1.8103)	Prec@1 47.656 (38.524)	Prec@5 89.844 (83.451)
Epoch: [4][250/391], lr: 0.01000	Loss 1.9290 (1.8111)	Prec@1 32.812 (38.462)	Prec@5 81.250 (83.423)
Epoch: [4][260/391], lr: 0.01000	Loss 1.8333 (1.8091)	Prec@1 33.594 (38.521)	Prec@5 82.812 (83.546)
Epoch: [4][270/391], lr: 0.01000	Loss 1.6634 (1.8088)	Prec@1 46.094 (38.532)	Prec@5 82.812 (83.556)
Epoch: [4][280/391], lr: 0.01000	Loss 1.6981 (1.8099)	Prec@1 40.625 (38.426)	Prec@5 86.719 (83.519)
Epoch: [4][290/391], lr: 0.01000	Loss 1.7465 (1.8096)	Prec@1 43.750 (38.397)	Prec@5 83.594 (83.521)
Epoch: [4][300/391], lr: 0.01000	Loss 1.8378 (1.8096)	Prec@1 35.938 (38.362)	Prec@5 81.250 (83.521)
Epoch: [4][310/391], lr: 0.01000	Loss 1.7200 (1.8086)	Prec@1 36.719 (38.387)	Prec@5 89.062 (83.554)
Epoch: [4][320/391], lr: 0.01000	Loss 1.6478 (1.8085)	Prec@1 46.875 (38.405)	Prec@5 90.625 (83.603)
Epoch: [4][330/391], lr: 0.01000	Loss 1.7602 (1.8068)	Prec@1 37.500 (38.416)	Prec@5 81.250 (83.657)
Epoch: [4][340/391], lr: 0.01000	Loss 1.7595 (1.8045)	Prec@1 39.062 (38.460)	Prec@5 85.156 (83.747)
Epoch: [4][350/391], lr: 0.01000	Loss 1.7401 (1.8036)	Prec@1 42.188 (38.470)	Prec@5 85.938 (83.730)
Epoch: [4][360/391], lr: 0.01000	Loss 1.6814 (1.8038)	Prec@1 42.969 (38.454)	Prec@5 85.156 (83.741)
Epoch: [4][370/391], lr: 0.01000	Loss 1.7678 (1.8026)	Prec@1 39.844 (38.507)	Prec@5 82.812 (83.756)
Epoch: [4][380/391], lr: 0.01000	Loss 1.8178 (1.8009)	Prec@1 41.406 (38.583)	Prec@5 83.594 (83.770)
Epoch: [4][390/391], lr: 0.01000	Loss 1.5826 (1.7986)	Prec@1 51.250 (38.658)	Prec@5 86.250 (83.822)
Epoch [4] Training Results: Prec@1 38.658 Prec@5 83.822             Loss 1.79865
Epoch [4] Training Class Recall: [0.562,0.696,0.451,0.405,0.395,0.343,0.327,0.214,0.214,0.258]

Epoch: [5][0/391], lr: 0.01000	Loss 1.5059 (1.5059)	Prec@1 50.000 (50.000)	Prec@5 90.625 (90.625)
Epoch: [5][10/391], lr: 0.01000	Loss 1.7695 (1.6692)	Prec@1 42.969 (43.750)	Prec@5 79.688 (87.287)
Epoch: [5][20/391], lr: 0.01000	Loss 1.7906 (1.6987)	Prec@1 39.844 (42.634)	Prec@5 85.938 (86.049)
Epoch: [5][30/391], lr: 0.01000	Loss 1.7348 (1.6986)	Prec@1 42.969 (42.490)	Prec@5 89.062 (86.643)
Epoch: [5][40/391], lr: 0.01000	Loss 1.7922 (1.7101)	Prec@1 35.156 (41.864)	Prec@5 87.500 (86.223)
Epoch: [5][50/391], lr: 0.01000	Loss 1.8154 (1.7280)	Prec@1 41.406 (41.468)	Prec@5 82.031 (85.570)
Epoch: [5][60/391], lr: 0.01000	Loss 1.5133 (1.7252)	Prec@1 48.438 (41.765)	Prec@5 89.844 (85.553)
Epoch: [5][70/391], lr: 0.01000	Loss 1.7703 (1.7219)	Prec@1 38.281 (41.791)	Prec@5 85.156 (85.761)
Epoch: [5][80/391], lr: 0.01000	Loss 1.7318 (1.7240)	Prec@1 42.188 (41.744)	Prec@5 82.812 (85.793)
Epoch: [5][90/391], lr: 0.01000	Loss 1.7042 (1.7224)	Prec@1 47.656 (41.784)	Prec@5 84.375 (85.886)
Epoch: [5][100/391], lr: 0.01000	Loss 1.5583 (1.7195)	Prec@1 50.781 (41.901)	Prec@5 87.500 (85.992)
Epoch: [5][110/391], lr: 0.01000	Loss 1.9166 (1.7191)	Prec@1 33.594 (41.941)	Prec@5 78.125 (86.036)
Epoch: [5][120/391], lr: 0.01000	Loss 1.6803 (1.7167)	Prec@1 42.969 (42.007)	Prec@5 84.375 (86.047)
Epoch: [5][130/391], lr: 0.01000	Loss 1.7174 (1.7078)	Prec@1 41.406 (42.295)	Prec@5 84.375 (86.152)
Epoch: [5][140/391], lr: 0.01000	Loss 1.6925 (1.7066)	Prec@1 45.312 (42.470)	Prec@5 82.812 (86.087)
Epoch: [5][150/391], lr: 0.01000	Loss 1.7139 (1.7070)	Prec@1 41.406 (42.451)	Prec@5 88.281 (86.072)
Epoch: [5][160/391], lr: 0.01000	Loss 1.8687 (1.7056)	Prec@1 32.812 (42.474)	Prec@5 80.469 (86.025)
Epoch: [5][170/391], lr: 0.01000	Loss 1.6802 (1.7057)	Prec@1 39.844 (42.389)	Prec@5 87.500 (86.001)
Epoch: [5][180/391], lr: 0.01000	Loss 1.5478 (1.7032)	Prec@1 49.219 (42.425)	Prec@5 90.625 (86.037)
Epoch: [5][190/391], lr: 0.01000	Loss 1.6004 (1.7019)	Prec@1 48.438 (42.523)	Prec@5 91.406 (86.072)
Epoch: [5][200/391], lr: 0.01000	Loss 1.6259 (1.7000)	Prec@1 42.969 (42.483)	Prec@5 84.375 (86.144)
Epoch: [5][210/391], lr: 0.01000	Loss 1.6029 (1.6990)	Prec@1 39.844 (42.473)	Prec@5 87.500 (86.189)
Epoch: [5][220/391], lr: 0.01000	Loss 1.5662 (1.6980)	Prec@1 49.219 (42.453)	Prec@5 87.500 (86.256)
Epoch: [5][230/391], lr: 0.01000	Loss 1.6355 (1.6985)	Prec@1 38.281 (42.438)	Prec@5 86.719 (86.205)
Epoch: [5][240/391], lr: 0.01000	Loss 1.7129 (1.6976)	Prec@1 37.500 (42.401)	Prec@5 85.156 (86.242)
Epoch: [5][250/391], lr: 0.01000	Loss 1.6593 (1.6959)	Prec@1 44.531 (42.405)	Prec@5 82.812 (86.314)
Epoch: [5][260/391], lr: 0.01000	Loss 1.5541 (1.6923)	Prec@1 45.312 (42.553)	Prec@5 91.406 (86.386)
Epoch: [5][270/391], lr: 0.01000	Loss 1.7435 (1.6889)	Prec@1 40.625 (42.672)	Prec@5 85.156 (86.448)
Epoch: [5][280/391], lr: 0.01000	Loss 1.8219 (1.6896)	Prec@1 36.719 (42.641)	Prec@5 86.719 (86.410)
Epoch: [5][290/391], lr: 0.01000	Loss 1.6498 (1.6871)	Prec@1 42.969 (42.738)	Prec@5 89.062 (86.472)
Epoch: [5][300/391], lr: 0.01000	Loss 1.5094 (1.6859)	Prec@1 49.219 (42.823)	Prec@5 93.750 (86.519)
Epoch: [5][310/391], lr: 0.01000	Loss 1.6511 (1.6835)	Prec@1 49.219 (42.959)	Prec@5 86.719 (86.566)
Epoch: [5][320/391], lr: 0.01000	Loss 1.7085 (1.6815)	Prec@1 42.188 (43.020)	Prec@5 89.062 (86.609)
Epoch: [5][330/391], lr: 0.01000	Loss 1.6411 (1.6802)	Prec@1 42.188 (43.044)	Prec@5 87.500 (86.641)
Epoch: [5][340/391], lr: 0.01000	Loss 1.6219 (1.6789)	Prec@1 42.969 (43.150)	Prec@5 89.844 (86.652)
Epoch: [5][350/391], lr: 0.01000	Loss 1.6560 (1.6777)	Prec@1 42.969 (43.156)	Prec@5 86.719 (86.694)
Epoch: [5][360/391], lr: 0.01000	Loss 1.6042 (1.6764)	Prec@1 48.438 (43.233)	Prec@5 89.062 (86.719)
Epoch: [5][370/391], lr: 0.01000	Loss 1.5395 (1.6758)	Prec@1 45.312 (43.249)	Prec@5 90.625 (86.727)
Epoch: [5][380/391], lr: 0.01000	Loss 1.5694 (1.6735)	Prec@1 45.312 (43.301)	Prec@5 86.719 (86.768)
Epoch: [5][390/391], lr: 0.01000	Loss 1.6485 (1.6719)	Prec@1 41.250 (43.358)	Prec@5 86.250 (86.796)
Epoch [5] Training Results: Prec@1 43.358 Prec@5 86.796             Loss 1.67189
Epoch [5] Training Class Recall: [0.548,0.688,0.478,0.411,0.434,0.377,0.369,0.284,0.344,0.404]

Epoch: [6][0/391], lr: 0.01000	Loss 1.7309 (1.7309)	Prec@1 39.062 (39.062)	Prec@5 83.594 (83.594)
Epoch: [6][10/391], lr: 0.01000	Loss 1.5259 (1.5674)	Prec@1 46.875 (45.952)	Prec@5 89.844 (88.210)
Epoch: [6][20/391], lr: 0.01000	Loss 1.3810 (1.5608)	Prec@1 50.781 (46.354)	Prec@5 92.188 (89.435)
Epoch: [6][30/391], lr: 0.01000	Loss 1.5425 (1.5817)	Prec@1 52.344 (45.741)	Prec@5 89.062 (89.289)
Epoch: [6][40/391], lr: 0.01000	Loss 1.4592 (1.5761)	Prec@1 57.031 (46.132)	Prec@5 88.281 (89.082)
Epoch: [6][50/391], lr: 0.01000	Loss 1.4965 (1.5795)	Prec@1 50.781 (46.308)	Prec@5 92.188 (89.017)
Epoch: [6][60/391], lr: 0.01000	Loss 1.6187 (1.5797)	Prec@1 39.062 (46.145)	Prec@5 92.188 (89.024)
Epoch: [6][70/391], lr: 0.01000	Loss 1.5393 (1.5800)	Prec@1 46.875 (46.171)	Prec@5 87.500 (89.029)
Epoch: [6][80/391], lr: 0.01000	Loss 1.4483 (1.5776)	Prec@1 51.562 (46.354)	Prec@5 91.406 (89.043)
Epoch: [6][90/391], lr: 0.01000	Loss 1.4740 (1.5717)	Prec@1 52.344 (46.712)	Prec@5 89.062 (88.994)
Epoch: [6][100/391], lr: 0.01000	Loss 1.8177 (1.5741)	Prec@1 39.062 (46.635)	Prec@5 80.469 (88.854)
Epoch: [6][110/391], lr: 0.01000	Loss 1.5869 (1.5703)	Prec@1 46.875 (46.776)	Prec@5 90.625 (89.055)
Epoch: [6][120/391], lr: 0.01000	Loss 1.6152 (1.5697)	Prec@1 41.406 (46.752)	Prec@5 86.719 (89.030)
Epoch: [6][130/391], lr: 0.01000	Loss 1.5914 (1.5691)	Prec@1 48.438 (46.839)	Prec@5 89.844 (89.009)
Epoch: [6][140/391], lr: 0.01000	Loss 1.6571 (1.5718)	Prec@1 32.031 (46.714)	Prec@5 93.750 (88.935)
Epoch: [6][150/391], lr: 0.01000	Loss 1.5859 (1.5703)	Prec@1 48.438 (46.756)	Prec@5 87.500 (88.938)
Epoch: [6][160/391], lr: 0.01000	Loss 1.4744 (1.5681)	Prec@1 49.219 (46.875)	Prec@5 93.750 (89.038)
Epoch: [6][170/391], lr: 0.01000	Loss 1.4720 (1.5659)	Prec@1 50.781 (46.907)	Prec@5 90.625 (89.072)
Epoch: [6][180/391], lr: 0.01000	Loss 1.4344 (1.5634)	Prec@1 50.781 (47.009)	Prec@5 93.750 (89.157)
Epoch: [6][190/391], lr: 0.01000	Loss 1.4577 (1.5622)	Prec@1 53.906 (47.067)	Prec@5 89.062 (89.152)
Epoch: [6][200/391], lr: 0.01000	Loss 1.5928 (1.5598)	Prec@1 47.656 (47.170)	Prec@5 89.844 (89.191)
Epoch: [6][210/391], lr: 0.01000	Loss 1.4279 (1.5585)	Prec@1 50.781 (47.190)	Prec@5 92.969 (89.233)
Epoch: [6][220/391], lr: 0.01000	Loss 1.3632 (1.5534)	Prec@1 53.906 (47.327)	Prec@5 87.500 (89.268)
Epoch: [6][230/391], lr: 0.01000	Loss 1.5014 (1.5520)	Prec@1 46.875 (47.348)	Prec@5 89.844 (89.289)
Epoch: [6][240/391], lr: 0.01000	Loss 1.6364 (1.5520)	Prec@1 47.656 (47.352)	Prec@5 85.156 (89.306)
Epoch: [6][250/391], lr: 0.01000	Loss 1.6711 (1.5513)	Prec@1 50.781 (47.389)	Prec@5 82.812 (89.318)
Epoch: [6][260/391], lr: 0.01000	Loss 1.4421 (1.5491)	Prec@1 53.125 (47.495)	Prec@5 90.625 (89.368)
Epoch: [6][270/391], lr: 0.01000	Loss 1.5265 (1.5469)	Prec@1 50.000 (47.532)	Prec@5 88.281 (89.371)
Epoch: [6][280/391], lr: 0.01000	Loss 1.5129 (1.5452)	Prec@1 48.438 (47.506)	Prec@5 92.188 (89.410)
Epoch: [6][290/391], lr: 0.01000	Loss 1.2636 (1.5433)	Prec@1 60.156 (47.533)	Prec@5 88.281 (89.414)
Epoch: [6][300/391], lr: 0.01000	Loss 1.4911 (1.5413)	Prec@1 42.188 (47.594)	Prec@5 90.625 (89.413)
Epoch: [6][310/391], lr: 0.01000	Loss 1.6798 (1.5399)	Prec@1 43.750 (47.641)	Prec@5 90.625 (89.427)
Epoch: [6][320/391], lr: 0.01000	Loss 1.4456 (1.5377)	Prec@1 48.438 (47.717)	Prec@5 90.625 (89.420)
Epoch: [6][330/391], lr: 0.01000	Loss 1.6169 (1.5352)	Prec@1 45.312 (47.826)	Prec@5 87.500 (89.450)
Epoch: [6][340/391], lr: 0.01000	Loss 1.4771 (1.5323)	Prec@1 47.656 (47.908)	Prec@5 89.844 (89.516)
Epoch: [6][350/391], lr: 0.01000	Loss 1.4702 (1.5305)	Prec@1 54.688 (47.997)	Prec@5 89.062 (89.559)
Epoch: [6][360/391], lr: 0.01000	Loss 1.6129 (1.5282)	Prec@1 49.219 (48.113)	Prec@5 89.844 (89.595)
Epoch: [6][370/391], lr: 0.01000	Loss 1.4648 (1.5253)	Prec@1 46.094 (48.181)	Prec@5 89.062 (89.635)
Epoch: [6][380/391], lr: 0.01000	Loss 1.3892 (1.5239)	Prec@1 51.562 (48.212)	Prec@5 91.406 (89.643)
Epoch: [6][390/391], lr: 0.01000	Loss 1.6644 (1.5241)	Prec@1 45.000 (48.226)	Prec@5 88.750 (89.654)
Epoch [6] Training Results: Prec@1 48.226 Prec@5 89.654             Loss 1.52406
Epoch [6] Training Class Recall: [0.535,0.682,0.482,0.451,0.465,0.406,0.423,0.378,0.458,0.542]

Epoch: [7][0/391], lr: 0.01000	Loss 1.6227 (1.6227)	Prec@1 43.750 (43.750)	Prec@5 88.281 (88.281)
Epoch: [7][10/391], lr: 0.01000	Loss 1.6515 (1.4902)	Prec@1 42.188 (49.361)	Prec@5 88.281 (91.548)
Epoch: [7][20/391], lr: 0.01000	Loss 1.3707 (1.4793)	Prec@1 51.562 (49.442)	Prec@5 92.969 (90.997)
Epoch: [7][30/391], lr: 0.01000	Loss 1.5423 (1.4800)	Prec@1 51.562 (49.370)	Prec@5 89.062 (90.852)
Epoch: [7][40/391], lr: 0.01000	Loss 1.4759 (1.4772)	Prec@1 50.781 (49.752)	Prec@5 91.406 (90.835)
Epoch: [7][50/391], lr: 0.01000	Loss 1.4877 (1.4765)	Prec@1 51.562 (50.046)	Prec@5 91.406 (90.748)
Epoch: [7][60/391], lr: 0.01000	Loss 1.3790 (1.4685)	Prec@1 47.656 (50.218)	Prec@5 92.188 (90.510)
Epoch: [7][70/391], lr: 0.01000	Loss 1.2774 (1.4562)	Prec@1 59.375 (50.737)	Prec@5 96.094 (90.823)
Epoch: [7][80/391], lr: 0.01000	Loss 1.5628 (1.4464)	Prec@1 46.094 (50.974)	Prec@5 92.188 (90.914)
Epoch: [7][90/391], lr: 0.01000	Loss 1.3472 (1.4391)	Prec@1 52.344 (51.288)	Prec@5 92.188 (91.106)
Epoch: [7][100/391], lr: 0.01000	Loss 1.4181 (1.4407)	Prec@1 50.000 (51.276)	Prec@5 88.281 (90.903)
Epoch: [7][110/391], lr: 0.01000	Loss 1.4361 (1.4387)	Prec@1 52.344 (51.274)	Prec@5 90.625 (90.907)
Epoch: [7][120/391], lr: 0.01000	Loss 1.2185 (1.4352)	Prec@1 57.812 (51.414)	Prec@5 94.531 (91.025)
Epoch: [7][130/391], lr: 0.01000	Loss 1.5748 (1.4305)	Prec@1 45.312 (51.664)	Prec@5 89.844 (91.096)
Epoch: [7][140/391], lr: 0.01000	Loss 1.3338 (1.4266)	Prec@1 53.125 (51.795)	Prec@5 93.750 (91.135)
Epoch: [7][150/391], lr: 0.01000	Loss 1.4199 (1.4281)	Prec@1 50.781 (51.775)	Prec@5 91.406 (91.080)
Epoch: [7][160/391], lr: 0.01000	Loss 1.1714 (1.4270)	Prec@1 64.844 (51.732)	Prec@5 95.312 (91.067)
Epoch: [7][170/391], lr: 0.01000	Loss 1.2561 (1.4241)	Prec@1 55.469 (51.827)	Prec@5 96.094 (91.160)
Epoch: [7][180/391], lr: 0.01000	Loss 1.4412 (1.4215)	Prec@1 51.562 (51.925)	Prec@5 88.281 (91.203)
Epoch: [7][190/391], lr: 0.01000	Loss 1.6815 (1.4205)	Prec@1 45.312 (51.947)	Prec@5 87.500 (91.255)
Epoch: [7][200/391], lr: 0.01000	Loss 1.4168 (1.4203)	Prec@1 53.906 (51.998)	Prec@5 94.531 (91.259)
Epoch: [7][210/391], lr: 0.01000	Loss 1.4183 (1.4194)	Prec@1 50.781 (52.096)	Prec@5 92.188 (91.243)
Epoch: [7][220/391], lr: 0.01000	Loss 1.2338 (1.4189)	Prec@1 57.031 (52.054)	Prec@5 93.750 (91.268)
Epoch: [7][230/391], lr: 0.01000	Loss 1.4400 (1.4160)	Prec@1 53.125 (52.100)	Prec@5 94.531 (91.318)
Epoch: [7][240/391], lr: 0.01000	Loss 1.5917 (1.4173)	Prec@1 39.844 (52.020)	Prec@5 82.031 (91.277)
Epoch: [7][250/391], lr: 0.01000	Loss 1.3078 (1.4171)	Prec@1 55.469 (52.020)	Prec@5 89.844 (91.260)
Epoch: [7][260/391], lr: 0.01000	Loss 1.2528 (1.4141)	Prec@1 60.156 (52.155)	Prec@5 91.406 (91.301)
Epoch: [7][270/391], lr: 0.01000	Loss 1.2052 (1.4110)	Prec@1 59.375 (52.234)	Prec@5 92.969 (91.354)
Epoch: [7][280/391], lr: 0.01000	Loss 1.3216 (1.4096)	Prec@1 56.250 (52.233)	Prec@5 92.969 (91.417)
Epoch: [7][290/391], lr: 0.01000	Loss 1.5194 (1.4084)	Prec@1 47.656 (52.204)	Prec@5 90.625 (91.441)
Epoch: [7][300/391], lr: 0.01000	Loss 1.4182 (1.4067)	Prec@1 50.781 (52.271)	Prec@5 90.625 (91.458)
Epoch: [7][310/391], lr: 0.01000	Loss 1.3083 (1.4063)	Prec@1 53.125 (52.351)	Prec@5 92.188 (91.406)
Epoch: [7][320/391], lr: 0.01000	Loss 1.4373 (1.4054)	Prec@1 50.000 (52.385)	Prec@5 91.406 (91.443)
Epoch: [7][330/391], lr: 0.01000	Loss 1.3482 (1.4053)	Prec@1 50.781 (52.356)	Prec@5 95.312 (91.461)
Epoch: [7][340/391], lr: 0.01000	Loss 1.4272 (1.4041)	Prec@1 53.906 (52.401)	Prec@5 86.719 (91.468)
Epoch: [7][350/391], lr: 0.01000	Loss 1.2344 (1.4022)	Prec@1 63.281 (52.442)	Prec@5 92.969 (91.484)
Epoch: [7][360/391], lr: 0.01000	Loss 1.6268 (1.4004)	Prec@1 46.094 (52.502)	Prec@5 90.625 (91.514)
Epoch: [7][370/391], lr: 0.01000	Loss 1.4048 (1.4010)	Prec@1 50.000 (52.506)	Prec@5 93.750 (91.512)
Epoch: [7][380/391], lr: 0.01000	Loss 1.3891 (1.3995)	Prec@1 55.469 (52.590)	Prec@5 91.406 (91.517)
Epoch: [7][390/391], lr: 0.01000	Loss 1.1548 (1.3971)	Prec@1 56.250 (52.640)	Prec@5 95.000 (91.580)
Epoch [7] Training Results: Prec@1 52.640 Prec@5 91.580             Loss 1.39712
Epoch [7] Training Class Recall: [0.537,0.671,0.498,0.464,0.494,0.448,0.475,0.456,0.585,0.636]

Epoch: [8][0/391], lr: 0.01000	Loss 1.3225 (1.3225)	Prec@1 61.719 (61.719)	Prec@5 91.406 (91.406)
Epoch: [8][10/391], lr: 0.01000	Loss 1.3370 (1.2935)	Prec@1 50.781 (56.250)	Prec@5 90.625 (93.182)
Epoch: [8][20/391], lr: 0.01000	Loss 1.1190 (1.2889)	Prec@1 60.938 (56.027)	Prec@5 94.531 (93.080)
Epoch: [8][30/391], lr: 0.01000	Loss 1.3661 (1.2983)	Prec@1 50.781 (55.771)	Prec@5 95.312 (92.969)
Epoch: [8][40/391], lr: 0.01000	Loss 1.2594 (1.2956)	Prec@1 58.594 (55.926)	Prec@5 93.750 (93.026)
Epoch: [8][50/391], lr: 0.01000	Loss 1.2066 (1.2959)	Prec@1 55.469 (55.790)	Prec@5 93.750 (93.153)
Epoch: [8][60/391], lr: 0.01000	Loss 1.3843 (1.3003)	Prec@1 55.469 (55.891)	Prec@5 91.406 (93.058)
Epoch: [8][70/391], lr: 0.01000	Loss 1.2508 (1.3088)	Prec@1 58.594 (55.755)	Prec@5 89.062 (92.628)
Epoch: [8][80/391], lr: 0.01000	Loss 1.2606 (1.3005)	Prec@1 53.906 (55.932)	Prec@5 93.750 (92.747)
Epoch: [8][90/391], lr: 0.01000	Loss 1.2636 (1.2931)	Prec@1 62.500 (56.095)	Prec@5 91.406 (92.934)
Epoch: [8][100/391], lr: 0.01000	Loss 1.3723 (1.2893)	Prec@1 57.031 (56.149)	Prec@5 90.625 (93.000)
Epoch: [8][110/391], lr: 0.01000	Loss 1.2448 (1.2856)	Prec@1 64.062 (56.384)	Prec@5 92.188 (93.032)
Epoch: [8][120/391], lr: 0.01000	Loss 1.2257 (1.2836)	Prec@1 60.156 (56.457)	Prec@5 94.531 (93.072)
Epoch: [8][130/391], lr: 0.01000	Loss 1.1250 (1.2804)	Prec@1 66.406 (56.656)	Prec@5 92.969 (93.172)
Epoch: [8][140/391], lr: 0.01000	Loss 1.3954 (1.2844)	Prec@1 50.781 (56.499)	Prec@5 89.844 (93.141)
Epoch: [8][150/391], lr: 0.01000	Loss 1.2103 (1.2844)	Prec@1 64.062 (56.576)	Prec@5 92.188 (93.103)
Epoch: [8][160/391], lr: 0.01000	Loss 1.3675 (1.2829)	Prec@1 52.344 (56.614)	Prec@5 89.062 (93.100)
Epoch: [8][170/391], lr: 0.01000	Loss 1.2616 (1.2803)	Prec@1 57.031 (56.798)	Prec@5 93.750 (93.106)
Epoch: [8][180/391], lr: 0.01000	Loss 1.1906 (1.2818)	Prec@1 59.375 (56.798)	Prec@5 93.750 (93.021)
Epoch: [8][190/391], lr: 0.01000	Loss 1.4172 (1.2833)	Prec@1 61.719 (56.761)	Prec@5 89.062 (93.022)
Epoch: [8][200/391], lr: 0.01000	Loss 1.1805 (1.2834)	Prec@1 61.719 (56.802)	Prec@5 92.969 (93.058)
Epoch: [8][210/391], lr: 0.01000	Loss 1.2838 (1.2820)	Prec@1 52.344 (56.779)	Prec@5 91.406 (93.065)
Epoch: [8][220/391], lr: 0.01000	Loss 1.2524 (1.2786)	Prec@1 56.250 (56.837)	Prec@5 96.094 (93.149)
Epoch: [8][230/391], lr: 0.01000	Loss 1.3685 (1.2772)	Prec@1 53.125 (56.876)	Prec@5 90.625 (93.185)
Epoch: [8][240/391], lr: 0.01000	Loss 1.2855 (1.2783)	Prec@1 54.688 (56.778)	Prec@5 92.188 (93.134)
Epoch: [8][250/391], lr: 0.01000	Loss 1.2549 (1.2784)	Prec@1 59.375 (56.785)	Prec@5 92.969 (93.124)
Epoch: [8][260/391], lr: 0.01000	Loss 1.4052 (1.2784)	Prec@1 54.688 (56.840)	Prec@5 91.406 (93.133)
Epoch: [8][270/391], lr: 0.01000	Loss 1.2809 (1.2775)	Prec@1 59.375 (56.853)	Prec@5 90.625 (93.156)
Epoch: [8][280/391], lr: 0.01000	Loss 1.3311 (1.2768)	Prec@1 55.469 (56.839)	Prec@5 90.625 (93.174)
Epoch: [8][290/391], lr: 0.01000	Loss 1.0363 (1.2779)	Prec@1 68.750 (56.816)	Prec@5 96.094 (93.146)
Epoch: [8][300/391], lr: 0.01000	Loss 1.2225 (1.2757)	Prec@1 57.031 (56.876)	Prec@5 89.844 (93.174)
Epoch: [8][310/391], lr: 0.01000	Loss 1.3539 (1.2757)	Prec@1 54.688 (56.863)	Prec@5 91.406 (93.155)
Epoch: [8][320/391], lr: 0.01000	Loss 1.1669 (1.2745)	Prec@1 57.812 (56.851)	Prec@5 96.094 (93.180)
Epoch: [8][330/391], lr: 0.01000	Loss 1.4490 (1.2743)	Prec@1 50.000 (56.857)	Prec@5 92.188 (93.165)
Epoch: [8][340/391], lr: 0.01000	Loss 1.2195 (1.2731)	Prec@1 58.594 (56.919)	Prec@5 93.750 (93.168)
Epoch: [8][350/391], lr: 0.01000	Loss 1.0975 (1.2716)	Prec@1 67.188 (56.982)	Prec@5 95.312 (93.185)
Epoch: [8][360/391], lr: 0.01000	Loss 1.1578 (1.2703)	Prec@1 60.156 (57.020)	Prec@5 96.875 (93.215)
Epoch: [8][370/391], lr: 0.01000	Loss 1.3198 (1.2676)	Prec@1 56.250 (57.149)	Prec@5 89.062 (93.245)
Epoch: [8][380/391], lr: 0.01000	Loss 1.3301 (1.2655)	Prec@1 50.781 (57.203)	Prec@5 95.312 (93.266)
Epoch: [8][390/391], lr: 0.01000	Loss 1.3724 (1.2641)	Prec@1 50.000 (57.220)	Prec@5 90.000 (93.270)
Epoch [8] Training Results: Prec@1 57.220 Prec@5 93.270             Loss 1.26411
Epoch [8] Training Class Recall: [0.537,0.681,0.500,0.492,0.531,0.498,0.556,0.544,0.660,0.723]

Epoch: [9][0/391], lr: 0.01000	Loss 1.3508 (1.3508)	Prec@1 56.250 (56.250)	Prec@5 90.625 (90.625)
Epoch: [9][10/391], lr: 0.01000	Loss 1.1956 (1.2763)	Prec@1 61.719 (57.457)	Prec@5 96.875 (92.259)
Epoch: [9][20/391], lr: 0.01000	Loss 1.1882 (1.2462)	Prec@1 57.031 (58.147)	Prec@5 94.531 (93.155)
Epoch: [9][30/391], lr: 0.01000	Loss 1.3709 (1.2338)	Prec@1 54.688 (59.274)	Prec@5 89.844 (93.196)
Epoch: [9][40/391], lr: 0.01000	Loss 1.0987 (1.2190)	Prec@1 65.625 (59.489)	Prec@5 95.312 (93.521)
Epoch: [9][50/391], lr: 0.01000	Loss 1.1191 (1.2109)	Prec@1 59.375 (59.620)	Prec@5 92.969 (93.750)
Epoch: [9][60/391], lr: 0.01000	Loss 1.1495 (1.2015)	Prec@1 58.594 (59.862)	Prec@5 96.875 (93.724)
Epoch: [9][70/391], lr: 0.01000	Loss 1.0371 (1.1950)	Prec@1 65.625 (59.914)	Prec@5 96.094 (93.827)
Epoch: [9][80/391], lr: 0.01000	Loss 1.3340 (1.1926)	Prec@1 53.906 (59.819)	Prec@5 93.750 (93.962)
Epoch: [9][90/391], lr: 0.01000	Loss 0.9982 (1.1869)	Prec@1 68.750 (60.079)	Prec@5 96.094 (94.102)
Epoch: [9][100/391], lr: 0.01000	Loss 0.9872 (1.1822)	Prec@1 66.406 (60.110)	Prec@5 95.312 (94.199)
Epoch: [9][110/391], lr: 0.01000	Loss 1.1643 (1.1795)	Prec@1 64.062 (60.248)	Prec@5 92.969 (94.165)
Epoch: [9][120/391], lr: 0.01000	Loss 1.1897 (1.1760)	Prec@1 62.500 (60.447)	Prec@5 95.312 (94.196)
Epoch: [9][130/391], lr: 0.01000	Loss 1.1704 (1.1708)	Prec@1 60.938 (60.604)	Prec@5 96.875 (94.269)
Epoch: [9][140/391], lr: 0.01000	Loss 1.2664 (1.1754)	Prec@1 53.906 (60.372)	Prec@5 93.750 (94.215)
Epoch: [9][150/391], lr: 0.01000	Loss 1.2819 (1.1743)	Prec@1 61.719 (60.337)	Prec@5 93.750 (94.314)
Epoch: [9][160/391], lr: 0.01000	Loss 1.1376 (1.1729)	Prec@1 60.156 (60.336)	Prec@5 94.531 (94.284)
Epoch: [9][170/391], lr: 0.01000	Loss 1.0852 (1.1731)	Prec@1 64.844 (60.376)	Prec@5 96.094 (94.211)
Epoch: [9][180/391], lr: 0.01000	Loss 1.2894 (1.1765)	Prec@1 59.375 (60.273)	Prec@5 93.750 (94.195)
Epoch: [9][190/391], lr: 0.01000	Loss 1.1835 (1.1773)	Prec@1 60.156 (60.242)	Prec@5 93.750 (94.220)
Epoch: [9][200/391], lr: 0.01000	Loss 1.1008 (1.1751)	Prec@1 60.938 (60.261)	Prec@5 96.094 (94.251)
Epoch: [9][210/391], lr: 0.01000	Loss 1.1267 (1.1718)	Prec@1 64.844 (60.397)	Prec@5 93.750 (94.272)
Epoch: [9][220/391], lr: 0.01000	Loss 1.1893 (1.1709)	Prec@1 61.719 (60.436)	Prec@5 91.406 (94.312)
Epoch: [9][230/391], lr: 0.01000	Loss 1.1945 (1.1701)	Prec@1 56.250 (60.434)	Prec@5 96.094 (94.342)
Epoch: [9][240/391], lr: 0.01000	Loss 1.0859 (1.1695)	Prec@1 61.719 (60.445)	Prec@5 96.094 (94.363)
Epoch: [9][250/391], lr: 0.01000	Loss 1.4434 (1.1717)	Prec@1 50.781 (60.393)	Prec@5 88.281 (94.348)
Epoch: [9][260/391], lr: 0.01000	Loss 1.2832 (1.1726)	Prec@1 56.250 (60.312)	Prec@5 89.844 (94.340)
Epoch: [9][270/391], lr: 0.01000	Loss 1.4011 (1.1743)	Prec@1 53.906 (60.197)	Prec@5 89.062 (94.324)
Epoch: [9][280/391], lr: 0.01000	Loss 1.2098 (1.1732)	Prec@1 58.594 (60.223)	Prec@5 95.312 (94.351)
Epoch: [9][290/391], lr: 0.01000	Loss 1.2699 (1.1705)	Prec@1 58.594 (60.328)	Prec@5 94.531 (94.381)
Epoch: [9][300/391], lr: 0.01000	Loss 1.2268 (1.1690)	Prec@1 61.719 (60.405)	Prec@5 93.750 (94.412)
Epoch: [9][310/391], lr: 0.01000	Loss 1.2489 (1.1682)	Prec@1 61.719 (60.463)	Prec@5 94.531 (94.418)
Epoch: [9][320/391], lr: 0.01000	Loss 1.0692 (1.1670)	Prec@1 66.406 (60.497)	Prec@5 96.875 (94.449)
Epoch: [9][330/391], lr: 0.01000	Loss 1.1253 (1.1682)	Prec@1 61.719 (60.461)	Prec@5 92.969 (94.460)
Epoch: [9][340/391], lr: 0.01000	Loss 1.1126 (1.1659)	Prec@1 61.719 (60.546)	Prec@5 96.875 (94.483)
Epoch: [9][350/391], lr: 0.01000	Loss 1.1953 (1.1636)	Prec@1 60.938 (60.646)	Prec@5 90.625 (94.507)
Epoch: [9][360/391], lr: 0.01000	Loss 1.2146 (1.1621)	Prec@1 57.031 (60.637)	Prec@5 94.531 (94.540)
Epoch: [9][370/391], lr: 0.01000	Loss 1.2536 (1.1610)	Prec@1 57.812 (60.714)	Prec@5 89.844 (94.548)
Epoch: [9][380/391], lr: 0.01000	Loss 0.9141 (1.1572)	Prec@1 70.312 (60.872)	Prec@5 93.750 (94.572)
Epoch: [9][390/391], lr: 0.01000	Loss 1.0273 (1.1565)	Prec@1 57.500 (60.894)	Prec@5 96.250 (94.582)
Epoch [9] Training Results: Prec@1 60.894 Prec@5 94.582             Loss 1.15652
Epoch [9] Training Class Recall: [0.530,0.677,0.533,0.524,0.559,0.546,0.607,0.600,0.734,0.781]

Epoch: [10][0/391], lr: 0.01000	Loss 1.2079 (1.2079)	Prec@1 61.719 (61.719)	Prec@5 94.531 (94.531)
Epoch: [10][10/391], lr: 0.01000	Loss 1.2111 (1.1155)	Prec@1 56.250 (61.790)	Prec@5 95.312 (94.957)
Epoch: [10][20/391], lr: 0.01000	Loss 1.1936 (1.1025)	Prec@1 59.375 (63.207)	Prec@5 96.094 (95.015)
Epoch: [10][30/391], lr: 0.01000	Loss 1.0878 (1.0899)	Prec@1 68.750 (63.911)	Prec@5 97.656 (95.338)
Epoch: [10][40/391], lr: 0.01000	Loss 1.2217 (1.0778)	Prec@1 55.469 (63.872)	Prec@5 92.188 (95.370)
Epoch: [10][50/391], lr: 0.01000	Loss 1.0944 (1.0763)	Prec@1 55.469 (63.817)	Prec@5 97.656 (95.527)
Epoch: [10][60/391], lr: 0.01000	Loss 1.1932 (1.0789)	Prec@1 63.281 (63.845)	Prec@5 91.406 (95.530)
Epoch: [10][70/391], lr: 0.01000	Loss 1.0889 (1.0789)	Prec@1 64.062 (63.699)	Prec@5 94.531 (95.456)
Epoch: [10][80/391], lr: 0.01000	Loss 1.1914 (1.0800)	Prec@1 63.281 (63.783)	Prec@5 87.500 (95.341)
Epoch: [10][90/391], lr: 0.01000	Loss 1.0961 (1.0845)	Prec@1 62.500 (63.590)	Prec@5 95.312 (95.373)
Epoch: [10][100/391], lr: 0.01000	Loss 1.0526 (1.0879)	Prec@1 63.281 (63.583)	Prec@5 94.531 (95.343)
Epoch: [10][110/391], lr: 0.01000	Loss 1.3801 (1.0895)	Prec@1 51.562 (63.422)	Prec@5 92.188 (95.334)
Epoch: [10][120/391], lr: 0.01000	Loss 1.1715 (1.0942)	Prec@1 60.938 (63.029)	Prec@5 95.312 (95.312)
Epoch: [10][130/391], lr: 0.01000	Loss 0.9925 (1.0938)	Prec@1 68.750 (63.174)	Prec@5 94.531 (95.205)
Epoch: [10][140/391], lr: 0.01000	Loss 1.0459 (1.0891)	Prec@1 63.281 (63.276)	Prec@5 96.094 (95.235)
Epoch: [10][150/391], lr: 0.01000	Loss 1.1881 (1.0854)	Prec@1 60.938 (63.380)	Prec@5 92.969 (95.287)
Epoch: [10][160/391], lr: 0.01000	Loss 1.2153 (1.0822)	Prec@1 63.281 (63.572)	Prec@5 94.531 (95.303)
Epoch: [10][170/391], lr: 0.01000	Loss 1.1758 (1.0819)	Prec@1 59.375 (63.487)	Prec@5 94.531 (95.344)
Epoch: [10][180/391], lr: 0.01000	Loss 1.1101 (1.0776)	Prec@1 67.188 (63.769)	Prec@5 92.969 (95.364)
Epoch: [10][190/391], lr: 0.01000	Loss 1.0492 (1.0789)	Prec@1 66.406 (63.715)	Prec@5 96.094 (95.341)
Epoch: [10][200/391], lr: 0.01000	Loss 1.1576 (1.0790)	Prec@1 60.938 (63.717)	Prec@5 94.531 (95.297)
Epoch: [10][210/391], lr: 0.01000	Loss 1.0386 (1.0784)	Prec@1 63.281 (63.718)	Prec@5 97.656 (95.346)
Epoch: [10][220/391], lr: 0.01000	Loss 0.9085 (1.0769)	Prec@1 65.625 (63.723)	Prec@5 97.656 (95.373)
Epoch: [10][230/391], lr: 0.01000	Loss 1.1015 (1.0753)	Prec@1 64.062 (63.839)	Prec@5 96.875 (95.384)
Epoch: [10][240/391], lr: 0.01000	Loss 0.9080 (1.0725)	Prec@1 69.531 (63.923)	Prec@5 97.656 (95.394)
Epoch: [10][250/391], lr: 0.01000	Loss 1.0566 (1.0703)	Prec@1 66.406 (63.922)	Prec@5 95.312 (95.446)
Epoch: [10][260/391], lr: 0.01000	Loss 0.9129 (1.0684)	Prec@1 71.875 (63.994)	Prec@5 95.312 (95.468)
Epoch: [10][270/391], lr: 0.01000	Loss 1.0986 (1.0687)	Prec@1 58.594 (63.976)	Prec@5 96.094 (95.488)
Epoch: [10][280/391], lr: 0.01000	Loss 0.9751 (1.0689)	Prec@1 66.406 (63.951)	Prec@5 95.312 (95.496)
Epoch: [10][290/391], lr: 0.01000	Loss 1.0230 (1.0683)	Prec@1 68.750 (64.011)	Prec@5 96.875 (95.495)
Epoch: [10][300/391], lr: 0.01000	Loss 0.8565 (1.0672)	Prec@1 76.562 (64.052)	Prec@5 96.094 (95.520)
Epoch: [10][310/391], lr: 0.01000	Loss 1.0053 (1.0649)	Prec@1 64.062 (64.165)	Prec@5 98.438 (95.536)
Epoch: [10][320/391], lr: 0.01000	Loss 1.0838 (1.0639)	Prec@1 57.812 (64.138)	Prec@5 96.875 (95.556)
Epoch: [10][330/391], lr: 0.01000	Loss 1.1068 (1.0638)	Prec@1 57.812 (64.079)	Prec@5 94.531 (95.560)
Epoch: [10][340/391], lr: 0.01000	Loss 0.9972 (1.0627)	Prec@1 67.188 (64.170)	Prec@5 95.312 (95.585)
Epoch: [10][350/391], lr: 0.01000	Loss 0.9648 (1.0619)	Prec@1 65.625 (64.225)	Prec@5 96.094 (95.604)
Epoch: [10][360/391], lr: 0.01000	Loss 1.1146 (1.0611)	Prec@1 63.281 (64.259)	Prec@5 96.094 (95.615)
Epoch: [10][370/391], lr: 0.01000	Loss 1.0886 (1.0598)	Prec@1 61.719 (64.303)	Prec@5 94.531 (95.630)
Epoch: [10][380/391], lr: 0.01000	Loss 1.0485 (1.0589)	Prec@1 65.625 (64.337)	Prec@5 94.531 (95.653)
Epoch: [10][390/391], lr: 0.01000	Loss 1.0582 (1.0571)	Prec@1 70.000 (64.398)	Prec@5 93.750 (95.648)
Epoch [10] Training Results: Prec@1 64.398 Prec@5 95.648             Loss 1.05709
Epoch [10] Training Class Recall: [0.554,0.696,0.541,0.546,0.585,0.581,0.657,0.675,0.786,0.818]

Epoch: [11][0/391], lr: 0.01000	Loss 0.8176 (0.8176)	Prec@1 74.219 (74.219)	Prec@5 95.312 (95.312)
Epoch: [11][10/391], lr: 0.01000	Loss 1.0492 (1.0097)	Prec@1 65.625 (66.974)	Prec@5 96.094 (96.236)
Epoch: [11][20/391], lr: 0.01000	Loss 1.0297 (1.0232)	Prec@1 67.188 (66.220)	Prec@5 96.094 (96.243)
Epoch: [11][30/391], lr: 0.01000	Loss 0.9528 (1.0227)	Prec@1 75.000 (66.381)	Prec@5 93.750 (96.018)
Epoch: [11][40/391], lr: 0.01000	Loss 1.1112 (1.0253)	Prec@1 65.625 (66.349)	Prec@5 93.750 (95.808)
Epoch: [11][50/391], lr: 0.01000	Loss 1.1489 (1.0288)	Prec@1 60.156 (65.839)	Prec@5 94.531 (95.818)
Epoch: [11][60/391], lr: 0.01000	Loss 1.0696 (1.0300)	Prec@1 64.844 (65.612)	Prec@5 96.094 (95.863)
Epoch: [11][70/391], lr: 0.01000	Loss 1.0468 (1.0231)	Prec@1 61.719 (65.966)	Prec@5 97.656 (95.896)
Epoch: [11][80/391], lr: 0.01000	Loss 1.0573 (1.0190)	Prec@1 54.688 (66.204)	Prec@5 99.219 (95.891)
Epoch: [11][90/391], lr: 0.01000	Loss 1.0775 (1.0182)	Prec@1 61.719 (66.114)	Prec@5 95.312 (95.922)
Epoch: [11][100/391], lr: 0.01000	Loss 1.0518 (1.0144)	Prec@1 62.500 (66.290)	Prec@5 93.750 (95.916)
Epoch: [11][110/391], lr: 0.01000	Loss 1.0852 (1.0088)	Prec@1 62.500 (66.392)	Prec@5 96.875 (95.960)
Epoch: [11][120/391], lr: 0.01000	Loss 0.9292 (0.9988)	Prec@1 66.406 (66.652)	Prec@5 96.875 (96.107)
Epoch: [11][130/391], lr: 0.01000	Loss 1.0075 (1.0006)	Prec@1 64.844 (66.508)	Prec@5 96.094 (96.130)
Epoch: [11][140/391], lr: 0.01000	Loss 0.9812 (1.0028)	Prec@1 67.969 (66.462)	Prec@5 97.656 (96.083)
Epoch: [11][150/391], lr: 0.01000	Loss 0.9812 (1.0002)	Prec@1 60.938 (66.598)	Prec@5 96.094 (96.156)
Epoch: [11][160/391], lr: 0.01000	Loss 0.9187 (0.9975)	Prec@1 69.531 (66.605)	Prec@5 96.875 (96.162)
Epoch: [11][170/391], lr: 0.01000	Loss 1.0193 (0.9968)	Prec@1 64.844 (66.594)	Prec@5 96.875 (96.208)
Epoch: [11][180/391], lr: 0.01000	Loss 0.9068 (0.9952)	Prec@1 70.312 (66.700)	Prec@5 97.656 (96.206)
Epoch: [11][190/391], lr: 0.01000	Loss 1.0853 (0.9955)	Prec@1 60.938 (66.713)	Prec@5 95.312 (96.208)
Epoch: [11][200/391], lr: 0.01000	Loss 0.9685 (0.9958)	Prec@1 71.094 (66.787)	Prec@5 95.312 (96.179)
Epoch: [11][210/391], lr: 0.01000	Loss 0.9671 (0.9962)	Prec@1 69.531 (66.765)	Prec@5 95.312 (96.183)
Epoch: [11][220/391], lr: 0.01000	Loss 1.1195 (0.9977)	Prec@1 60.156 (66.675)	Prec@5 94.531 (96.175)
Epoch: [11][230/391], lr: 0.01000	Loss 1.0135 (0.9972)	Prec@1 68.750 (66.717)	Prec@5 95.312 (96.178)
Epoch: [11][240/391], lr: 0.01000	Loss 0.9620 (0.9953)	Prec@1 66.406 (66.799)	Prec@5 96.094 (96.175)
Epoch: [11][250/391], lr: 0.01000	Loss 0.8580 (0.9942)	Prec@1 73.438 (66.920)	Prec@5 96.875 (96.178)
Epoch: [11][260/391], lr: 0.01000	Loss 0.8282 (0.9921)	Prec@1 75.000 (67.011)	Prec@5 96.875 (96.210)
Epoch: [11][270/391], lr: 0.01000	Loss 1.0513 (0.9939)	Prec@1 67.188 (66.934)	Prec@5 96.094 (96.209)
Epoch: [11][280/391], lr: 0.01000	Loss 0.9593 (0.9939)	Prec@1 70.312 (66.912)	Prec@5 98.438 (96.230)
Epoch: [11][290/391], lr: 0.01000	Loss 1.0682 (0.9967)	Prec@1 60.156 (66.817)	Prec@5 94.531 (96.201)
Epoch: [11][300/391], lr: 0.01000	Loss 0.9389 (0.9983)	Prec@1 64.844 (66.746)	Prec@5 97.656 (96.166)
Epoch: [11][310/391], lr: 0.01000	Loss 1.2136 (0.9997)	Prec@1 58.594 (66.695)	Prec@5 96.094 (96.172)
Epoch: [11][320/391], lr: 0.01000	Loss 1.0013 (0.9997)	Prec@1 69.531 (66.650)	Prec@5 93.750 (96.196)
Epoch: [11][330/391], lr: 0.01000	Loss 0.9449 (0.9987)	Prec@1 67.188 (66.678)	Prec@5 95.312 (96.202)
Epoch: [11][340/391], lr: 0.01000	Loss 0.9132 (0.9975)	Prec@1 68.750 (66.736)	Prec@5 99.219 (96.238)
Epoch: [11][350/391], lr: 0.01000	Loss 0.9445 (0.9953)	Prec@1 71.094 (66.798)	Prec@5 94.531 (96.247)
Epoch: [11][360/391], lr: 0.01000	Loss 0.8803 (0.9925)	Prec@1 75.000 (66.913)	Prec@5 96.094 (96.250)
Epoch: [11][370/391], lr: 0.01000	Loss 0.8716 (0.9900)	Prec@1 71.094 (67.025)	Prec@5 96.094 (96.254)
Epoch: [11][380/391], lr: 0.01000	Loss 1.0666 (0.9877)	Prec@1 63.281 (67.062)	Prec@5 95.312 (96.284)
Epoch: [11][390/391], lr: 0.01000	Loss 0.9339 (0.9856)	Prec@1 65.000 (67.076)	Prec@5 98.750 (96.312)
Epoch [11] Training Results: Prec@1 67.076 Prec@5 96.312             Loss 0.98565
Epoch [11] Training Class Recall: [0.562,0.701,0.565,0.581,0.613,0.630,0.696,0.712,0.806,0.841]

Epoch: [12][0/391], lr: 0.01000	Loss 0.8258 (0.8258)	Prec@1 67.969 (67.969)	Prec@5 97.656 (97.656)
Epoch: [12][10/391], lr: 0.01000	Loss 0.7290 (0.9343)	Prec@1 76.562 (67.614)	Prec@5 97.656 (96.378)
Epoch: [12][20/391], lr: 0.01000	Loss 0.7868 (0.9106)	Prec@1 75.000 (69.345)	Prec@5 98.438 (96.949)
Epoch: [12][30/391], lr: 0.01000	Loss 1.0783 (0.9288)	Prec@1 66.406 (68.750)	Prec@5 94.531 (96.648)
Epoch: [12][40/391], lr: 0.01000	Loss 0.9625 (0.9271)	Prec@1 67.188 (68.693)	Prec@5 95.312 (96.475)
Epoch: [12][50/391], lr: 0.01000	Loss 0.8706 (0.9127)	Prec@1 74.219 (69.164)	Prec@5 96.094 (96.630)
Epoch: [12][60/391], lr: 0.01000	Loss 0.8082 (0.9091)	Prec@1 75.000 (69.249)	Prec@5 96.875 (96.798)
Epoch: [12][70/391], lr: 0.01000	Loss 1.0652 (0.9042)	Prec@1 62.500 (69.190)	Prec@5 97.656 (96.908)
Epoch: [12][80/391], lr: 0.01000	Loss 0.8022 (0.9006)	Prec@1 71.094 (69.512)	Prec@5 96.094 (96.962)
Epoch: [12][90/391], lr: 0.01000	Loss 1.0528 (0.9006)	Prec@1 64.844 (69.600)	Prec@5 92.969 (96.901)
Epoch: [12][100/391], lr: 0.01000	Loss 0.9625 (0.9034)	Prec@1 65.625 (69.616)	Prec@5 95.312 (96.813)
Epoch: [12][110/391], lr: 0.01000	Loss 0.9750 (0.9085)	Prec@1 65.625 (69.376)	Prec@5 95.312 (96.791)
Epoch: [12][120/391], lr: 0.01000	Loss 1.0389 (0.9124)	Prec@1 65.625 (69.273)	Prec@5 94.531 (96.765)
Epoch: [12][130/391], lr: 0.01000	Loss 0.8272 (0.9162)	Prec@1 71.875 (69.167)	Prec@5 95.312 (96.738)
Epoch: [12][140/391], lr: 0.01000	Loss 1.1454 (0.9164)	Prec@1 65.625 (69.143)	Prec@5 94.531 (96.781)
Epoch: [12][150/391], lr: 0.01000	Loss 0.8874 (0.9187)	Prec@1 67.969 (69.060)	Prec@5 100.000 (96.772)
Epoch: [12][160/391], lr: 0.01000	Loss 1.0208 (0.9190)	Prec@1 64.062 (69.109)	Prec@5 94.531 (96.749)
Epoch: [12][170/391], lr: 0.01000	Loss 0.8863 (0.9176)	Prec@1 72.656 (69.189)	Prec@5 96.875 (96.788)
Epoch: [12][180/391], lr: 0.01000	Loss 0.9995 (0.9198)	Prec@1 64.062 (69.026)	Prec@5 96.094 (96.823)
Epoch: [12][190/391], lr: 0.01000	Loss 0.8713 (0.9178)	Prec@1 68.750 (69.069)	Prec@5 97.656 (96.859)
Epoch: [12][200/391], lr: 0.01000	Loss 0.8116 (0.9187)	Prec@1 73.438 (69.053)	Prec@5 99.219 (96.891)
Epoch: [12][210/391], lr: 0.01000	Loss 1.0318 (0.9188)	Prec@1 66.406 (69.139)	Prec@5 94.531 (96.849)
Epoch: [12][220/391], lr: 0.01000	Loss 1.0105 (0.9187)	Prec@1 64.844 (69.167)	Prec@5 94.531 (96.886)
Epoch: [12][230/391], lr: 0.01000	Loss 0.8473 (0.9160)	Prec@1 76.562 (69.251)	Prec@5 96.875 (96.895)
Epoch: [12][240/391], lr: 0.01000	Loss 0.8834 (0.9144)	Prec@1 69.531 (69.317)	Prec@5 97.656 (96.940)
Epoch: [12][250/391], lr: 0.01000	Loss 0.8481 (0.9138)	Prec@1 71.875 (69.369)	Prec@5 97.656 (96.940)
Epoch: [12][260/391], lr: 0.01000	Loss 1.0132 (0.9172)	Prec@1 64.844 (69.298)	Prec@5 96.094 (96.935)
Epoch: [12][270/391], lr: 0.01000	Loss 0.9283 (0.9179)	Prec@1 68.750 (69.252)	Prec@5 97.656 (96.944)
Epoch: [12][280/391], lr: 0.01000	Loss 0.8851 (0.9160)	Prec@1 71.875 (69.328)	Prec@5 95.312 (96.939)
Epoch: [12][290/391], lr: 0.01000	Loss 0.8078 (0.9169)	Prec@1 73.438 (69.300)	Prec@5 98.438 (96.931)
Epoch: [12][300/391], lr: 0.01000	Loss 0.9439 (0.9150)	Prec@1 73.438 (69.331)	Prec@5 95.312 (96.950)
Epoch: [12][310/391], lr: 0.01000	Loss 0.8529 (0.9143)	Prec@1 74.219 (69.391)	Prec@5 96.094 (96.960)
Epoch: [12][320/391], lr: 0.01000	Loss 0.9590 (0.9142)	Prec@1 63.281 (69.395)	Prec@5 97.656 (96.958)
Epoch: [12][330/391], lr: 0.01000	Loss 0.9171 (0.9142)	Prec@1 65.625 (69.375)	Prec@5 95.312 (96.965)
Epoch: [12][340/391], lr: 0.01000	Loss 0.9790 (0.9138)	Prec@1 64.844 (69.320)	Prec@5 97.656 (96.980)
Epoch: [12][350/391], lr: 0.01000	Loss 0.9037 (0.9134)	Prec@1 71.094 (69.358)	Prec@5 96.875 (96.989)
Epoch: [12][360/391], lr: 0.01000	Loss 0.8547 (0.9158)	Prec@1 73.438 (69.291)	Prec@5 96.875 (96.962)
Epoch: [12][370/391], lr: 0.01000	Loss 0.9323 (0.9169)	Prec@1 67.969 (69.247)	Prec@5 95.312 (96.955)
Epoch: [12][380/391], lr: 0.01000	Loss 0.8759 (0.9162)	Prec@1 71.875 (69.302)	Prec@5 96.875 (96.969)
Epoch: [12][390/391], lr: 0.01000	Loss 0.7014 (0.9150)	Prec@1 72.500 (69.330)	Prec@5 98.750 (96.968)
Epoch [12] Training Results: Prec@1 69.330 Prec@5 96.968             Loss 0.91503
Epoch [12] Training Class Recall: [0.577,0.710,0.575,0.589,0.639,0.657,0.734,0.763,0.833,0.857]

Epoch: [13][0/391], lr: 0.01000	Loss 0.9305 (0.9305)	Prec@1 68.750 (68.750)	Prec@5 99.219 (99.219)
Epoch: [13][10/391], lr: 0.01000	Loss 0.7239 (0.8729)	Prec@1 75.000 (70.881)	Prec@5 99.219 (96.946)
Epoch: [13][20/391], lr: 0.01000	Loss 0.7601 (0.8685)	Prec@1 75.781 (70.685)	Prec@5 98.438 (97.135)
Epoch: [13][30/391], lr: 0.01000	Loss 0.9008 (0.8609)	Prec@1 64.062 (70.842)	Prec@5 98.438 (97.278)
Epoch: [13][40/391], lr: 0.01000	Loss 0.8245 (0.8568)	Prec@1 75.781 (71.132)	Prec@5 96.875 (97.161)
Epoch: [13][50/391], lr: 0.01000	Loss 0.8200 (0.8545)	Prec@1 73.438 (71.216)	Prec@5 98.438 (97.381)
Epoch: [13][60/391], lr: 0.01000	Loss 0.8406 (0.8553)	Prec@1 72.656 (71.119)	Prec@5 98.438 (97.503)
Epoch: [13][70/391], lr: 0.01000	Loss 1.0497 (0.8617)	Prec@1 60.156 (70.841)	Prec@5 95.312 (97.491)
Epoch: [13][80/391], lr: 0.01000	Loss 0.8363 (0.8685)	Prec@1 71.875 (70.534)	Prec@5 96.875 (97.502)
Epoch: [13][90/391], lr: 0.01000	Loss 0.9472 (0.8765)	Prec@1 66.406 (70.321)	Prec@5 95.312 (97.373)
Epoch: [13][100/391], lr: 0.01000	Loss 0.6749 (0.8696)	Prec@1 77.344 (70.506)	Prec@5 98.438 (97.447)
Epoch: [13][110/391], lr: 0.01000	Loss 0.7953 (0.8714)	Prec@1 74.219 (70.531)	Prec@5 96.875 (97.382)
Epoch: [13][120/391], lr: 0.01000	Loss 0.8544 (0.8729)	Prec@1 75.000 (70.629)	Prec@5 97.656 (97.301)
Epoch: [13][130/391], lr: 0.01000	Loss 0.6516 (0.8693)	Prec@1 78.125 (70.754)	Prec@5 98.438 (97.328)
Epoch: [13][140/391], lr: 0.01000	Loss 0.9786 (0.8712)	Prec@1 64.844 (70.734)	Prec@5 98.438 (97.318)
Epoch: [13][150/391], lr: 0.01000	Loss 0.7302 (0.8689)	Prec@1 73.438 (70.778)	Prec@5 98.438 (97.315)
Epoch: [13][160/391], lr: 0.01000	Loss 0.8897 (0.8640)	Prec@1 75.781 (70.968)	Prec@5 95.312 (97.336)
Epoch: [13][170/391], lr: 0.01000	Loss 1.0218 (0.8675)	Prec@1 65.625 (70.884)	Prec@5 97.656 (97.323)
Epoch: [13][180/391], lr: 0.01000	Loss 0.7583 (0.8690)	Prec@1 73.438 (70.874)	Prec@5 98.438 (97.298)
Epoch: [13][190/391], lr: 0.01000	Loss 0.8284 (0.8660)	Prec@1 75.000 (70.975)	Prec@5 99.219 (97.288)
Epoch: [13][200/391], lr: 0.01000	Loss 0.8125 (0.8634)	Prec@1 73.438 (71.074)	Prec@5 96.875 (97.295)
Epoch: [13][210/391], lr: 0.01000	Loss 0.7474 (0.8616)	Prec@1 73.438 (71.179)	Prec@5 97.656 (97.290)
Epoch: [13][220/391], lr: 0.01000	Loss 0.7629 (0.8609)	Prec@1 72.656 (71.161)	Prec@5 98.438 (97.306)
Epoch: [13][230/391], lr: 0.01000	Loss 0.8105 (0.8618)	Prec@1 72.656 (71.165)	Prec@5 97.656 (97.318)
Epoch: [13][240/391], lr: 0.01000	Loss 0.9466 (0.8620)	Prec@1 66.406 (71.142)	Prec@5 96.875 (97.332)
Epoch: [13][250/391], lr: 0.01000	Loss 1.0165 (0.8643)	Prec@1 66.406 (71.016)	Prec@5 92.188 (97.295)
Epoch: [13][260/391], lr: 0.01000	Loss 0.7341 (0.8635)	Prec@1 72.656 (71.037)	Prec@5 96.875 (97.315)
Epoch: [13][270/391], lr: 0.01000	Loss 0.8862 (0.8636)	Prec@1 69.531 (71.030)	Prec@5 98.438 (97.339)
Epoch: [13][280/391], lr: 0.01000	Loss 0.8971 (0.8642)	Prec@1 70.312 (70.985)	Prec@5 97.656 (97.323)
Epoch: [13][290/391], lr: 0.01000	Loss 0.7509 (0.8635)	Prec@1 79.688 (71.051)	Prec@5 96.094 (97.326)
Epoch: [13][300/391], lr: 0.01000	Loss 0.8183 (0.8609)	Prec@1 71.875 (71.104)	Prec@5 98.438 (97.345)
Epoch: [13][310/391], lr: 0.01000	Loss 0.9416 (0.8606)	Prec@1 71.875 (71.096)	Prec@5 96.875 (97.340)
Epoch: [13][320/391], lr: 0.01000	Loss 0.8601 (0.8599)	Prec@1 70.312 (71.128)	Prec@5 98.438 (97.357)
Epoch: [13][330/391], lr: 0.01000	Loss 0.9770 (0.8602)	Prec@1 66.406 (71.127)	Prec@5 96.094 (97.333)
Epoch: [13][340/391], lr: 0.01000	Loss 0.9035 (0.8589)	Prec@1 70.312 (71.176)	Prec@5 96.094 (97.331)
Epoch: [13][350/391], lr: 0.01000	Loss 0.7662 (0.8569)	Prec@1 75.000 (71.247)	Prec@5 96.094 (97.329)
Epoch: [13][360/391], lr: 0.01000	Loss 0.6364 (0.8538)	Prec@1 77.344 (71.360)	Prec@5 98.438 (97.347)
Epoch: [13][370/391], lr: 0.01000	Loss 0.7044 (0.8515)	Prec@1 79.688 (71.412)	Prec@5 97.656 (97.357)
Epoch: [13][380/391], lr: 0.01000	Loss 0.8076 (0.8511)	Prec@1 77.344 (71.426)	Prec@5 96.875 (97.367)
Epoch: [13][390/391], lr: 0.01000	Loss 1.0616 (0.8512)	Prec@1 66.250 (71.406)	Prec@5 100.000 (97.372)
Epoch [13] Training Results: Prec@1 71.406 Prec@5 97.372             Loss 0.85123
Epoch [13] Training Class Recall: [0.586,0.709,0.598,0.620,0.666,0.691,0.769,0.774,0.851,0.876]

Epoch: [14][0/391], lr: 0.01000	Loss 0.8747 (0.8747)	Prec@1 71.094 (71.094)	Prec@5 97.656 (97.656)
Epoch: [14][10/391], lr: 0.01000	Loss 1.1317 (0.8956)	Prec@1 63.281 (70.312)	Prec@5 95.312 (97.017)
Epoch: [14][20/391], lr: 0.01000	Loss 0.8349 (0.8876)	Prec@1 72.656 (70.499)	Prec@5 99.219 (97.098)
Epoch: [14][30/391], lr: 0.01000	Loss 0.8021 (0.8822)	Prec@1 72.656 (70.716)	Prec@5 98.438 (97.228)
Epoch: [14][40/391], lr: 0.01000	Loss 0.8267 (0.8792)	Prec@1 71.875 (70.789)	Prec@5 96.875 (97.161)
Epoch: [14][50/391], lr: 0.01000	Loss 0.8328 (0.8738)	Prec@1 75.781 (71.293)	Prec@5 97.656 (97.227)
Epoch: [14][60/391], lr: 0.01000	Loss 0.6883 (0.8667)	Prec@1 78.906 (71.683)	Prec@5 97.656 (97.349)
Epoch: [14][70/391], lr: 0.01000	Loss 0.7491 (0.8603)	Prec@1 71.875 (71.600)	Prec@5 98.438 (97.502)
Epoch: [14][80/391], lr: 0.01000	Loss 0.6730 (0.8503)	Prec@1 75.781 (71.846)	Prec@5 100.000 (97.531)
Epoch: [14][90/391], lr: 0.01000	Loss 0.7408 (0.8384)	Prec@1 76.562 (72.236)	Prec@5 100.000 (97.588)
Epoch: [14][100/391], lr: 0.01000	Loss 0.8716 (0.8319)	Prec@1 73.438 (72.401)	Prec@5 97.656 (97.703)
Epoch: [14][110/391], lr: 0.01000	Loss 0.7060 (0.8263)	Prec@1 75.781 (72.621)	Prec@5 98.438 (97.713)
Epoch: [14][120/391], lr: 0.01000	Loss 0.6825 (0.8213)	Prec@1 77.344 (72.779)	Prec@5 100.000 (97.727)
Epoch: [14][130/391], lr: 0.01000	Loss 0.8547 (0.8237)	Prec@1 73.438 (72.632)	Prec@5 99.219 (97.770)
Epoch: [14][140/391], lr: 0.01000	Loss 0.7986 (0.8240)	Prec@1 73.438 (72.529)	Prec@5 98.438 (97.756)
Epoch: [14][150/391], lr: 0.01000	Loss 0.6802 (0.8182)	Prec@1 75.781 (72.786)	Prec@5 97.656 (97.749)
Epoch: [14][160/391], lr: 0.01000	Loss 0.6378 (0.8162)	Prec@1 78.906 (72.850)	Prec@5 99.219 (97.739)
Epoch: [14][170/391], lr: 0.01000	Loss 0.9216 (0.8140)	Prec@1 72.656 (72.981)	Prec@5 92.969 (97.697)
Epoch: [14][180/391], lr: 0.01000	Loss 0.6678 (0.8160)	Prec@1 79.688 (72.907)	Prec@5 98.438 (97.661)
Epoch: [14][190/391], lr: 0.01000	Loss 0.9132 (0.8182)	Prec@1 67.969 (72.779)	Prec@5 97.656 (97.673)
Epoch: [14][200/391], lr: 0.01000	Loss 0.6512 (0.8154)	Prec@1 78.906 (72.800)	Prec@5 97.656 (97.691)
Epoch: [14][210/391], lr: 0.01000	Loss 0.8781 (0.8146)	Prec@1 70.312 (72.830)	Prec@5 94.531 (97.690)
Epoch: [14][220/391], lr: 0.01000	Loss 0.6234 (0.8134)	Prec@1 79.688 (72.907)	Prec@5 98.438 (97.692)
Epoch: [14][230/391], lr: 0.01000	Loss 0.7723 (0.8109)	Prec@1 75.000 (72.937)	Prec@5 97.656 (97.727)
Epoch: [14][240/391], lr: 0.01000	Loss 0.7289 (0.8102)	Prec@1 75.781 (72.896)	Prec@5 98.438 (97.734)
Epoch: [14][250/391], lr: 0.01000	Loss 0.8053 (0.8076)	Prec@1 74.219 (72.980)	Prec@5 96.875 (97.750)
Epoch: [14][260/391], lr: 0.01000	Loss 0.9419 (0.8074)	Prec@1 67.188 (72.989)	Prec@5 96.094 (97.728)
Epoch: [14][270/391], lr: 0.01000	Loss 0.8741 (0.8075)	Prec@1 71.875 (72.953)	Prec@5 96.875 (97.746)
Epoch: [14][280/391], lr: 0.01000	Loss 0.8438 (0.8084)	Prec@1 72.656 (72.929)	Prec@5 99.219 (97.751)
Epoch: [14][290/391], lr: 0.01000	Loss 0.8447 (0.8079)	Prec@1 73.438 (72.925)	Prec@5 95.312 (97.774)
Epoch: [14][300/391], lr: 0.01000	Loss 0.8689 (0.8072)	Prec@1 74.219 (72.963)	Prec@5 96.875 (97.765)
Epoch: [14][310/391], lr: 0.01000	Loss 0.8099 (0.8079)	Prec@1 65.625 (72.902)	Prec@5 96.094 (97.762)
Epoch: [14][320/391], lr: 0.01000	Loss 0.7810 (0.8081)	Prec@1 70.312 (72.900)	Prec@5 100.000 (97.754)
Epoch: [14][330/391], lr: 0.01000	Loss 0.7235 (0.8077)	Prec@1 75.000 (72.906)	Prec@5 96.875 (97.748)
Epoch: [14][340/391], lr: 0.01000	Loss 0.7731 (0.8091)	Prec@1 74.219 (72.862)	Prec@5 97.656 (97.746)
Epoch: [14][350/391], lr: 0.01000	Loss 0.7257 (0.8079)	Prec@1 75.781 (72.932)	Prec@5 98.438 (97.754)
Epoch: [14][360/391], lr: 0.01000	Loss 0.7936 (0.8077)	Prec@1 71.094 (72.925)	Prec@5 99.219 (97.754)
Epoch: [14][370/391], lr: 0.01000	Loss 0.5371 (0.8056)	Prec@1 84.375 (72.991)	Prec@5 99.219 (97.762)
Epoch: [14][380/391], lr: 0.01000	Loss 0.6801 (0.8047)	Prec@1 75.781 (73.048)	Prec@5 96.875 (97.759)
Epoch: [14][390/391], lr: 0.01000	Loss 0.5030 (0.8024)	Prec@1 82.500 (73.146)	Prec@5 98.750 (97.772)
Epoch [14] Training Results: Prec@1 73.146 Prec@5 97.772             Loss 0.80243
Epoch [14] Training Class Recall: [0.596,0.729,0.619,0.632,0.686,0.730,0.790,0.795,0.863,0.876]

Epoch: [15][0/391], lr: 0.01000	Loss 0.6890 (0.6890)	Prec@1 77.344 (77.344)	Prec@5 99.219 (99.219)
Epoch: [15][10/391], lr: 0.01000	Loss 0.5800 (0.7104)	Prec@1 82.812 (75.852)	Prec@5 99.219 (98.580)
Epoch: [15][20/391], lr: 0.01000	Loss 0.6709 (0.7058)	Prec@1 76.562 (76.042)	Prec@5 99.219 (98.549)
Epoch: [15][30/391], lr: 0.01000	Loss 0.7108 (0.7046)	Prec@1 78.906 (76.285)	Prec@5 98.438 (98.412)
Epoch: [15][40/391], lr: 0.01000	Loss 0.6978 (0.7019)	Prec@1 78.125 (76.582)	Prec@5 96.875 (98.304)
Epoch: [15][50/391], lr: 0.01000	Loss 0.6918 (0.7197)	Prec@1 75.000 (75.812)	Prec@5 96.094 (98.116)
Epoch: [15][60/391], lr: 0.01000	Loss 0.8773 (0.7289)	Prec@1 71.875 (75.576)	Prec@5 96.094 (98.015)
Epoch: [15][70/391], lr: 0.01000	Loss 0.6155 (0.7252)	Prec@1 75.000 (75.748)	Prec@5 99.219 (98.129)
Epoch: [15][80/391], lr: 0.01000	Loss 0.6876 (0.7215)	Prec@1 78.125 (75.974)	Prec@5 99.219 (98.129)
Epoch: [15][90/391], lr: 0.01000	Loss 0.8773 (0.7263)	Prec@1 71.094 (75.807)	Prec@5 97.656 (98.128)
Epoch: [15][100/391], lr: 0.01000	Loss 0.9014 (0.7341)	Prec@1 65.625 (75.580)	Prec@5 96.875 (98.074)
Epoch: [15][110/391], lr: 0.01000	Loss 0.8326 (0.7424)	Prec@1 69.531 (75.218)	Prec@5 98.438 (98.029)
Epoch: [15][120/391], lr: 0.01000	Loss 0.8796 (0.7502)	Prec@1 71.094 (74.923)	Prec@5 99.219 (98.005)
Epoch: [15][130/391], lr: 0.01000	Loss 0.7352 (0.7518)	Prec@1 76.562 (74.964)	Prec@5 96.875 (98.008)
Epoch: [15][140/391], lr: 0.01000	Loss 0.8563 (0.7508)	Prec@1 74.219 (75.055)	Prec@5 96.875 (98.011)
Epoch: [15][150/391], lr: 0.01000	Loss 0.6544 (0.7526)	Prec@1 76.562 (75.000)	Prec@5 99.219 (97.987)
Epoch: [15][160/391], lr: 0.01000	Loss 0.7944 (0.7522)	Prec@1 72.656 (75.034)	Prec@5 96.094 (97.991)
Epoch: [15][170/391], lr: 0.01000	Loss 0.6326 (0.7513)	Prec@1 83.594 (75.059)	Prec@5 98.438 (97.981)
Epoch: [15][180/391], lr: 0.01000	Loss 0.9210 (0.7520)	Prec@1 73.438 (75.026)	Prec@5 96.875 (98.019)
Epoch: [15][190/391], lr: 0.01000	Loss 0.6953 (0.7484)	Prec@1 75.000 (75.127)	Prec@5 98.438 (98.037)
Epoch: [15][200/391], lr: 0.01000	Loss 0.8515 (0.7478)	Prec@1 74.219 (75.175)	Prec@5 96.875 (98.041)
Epoch: [15][210/391], lr: 0.01000	Loss 0.8808 (0.7484)	Prec@1 71.094 (75.159)	Prec@5 97.656 (98.030)
Epoch: [15][220/391], lr: 0.01000	Loss 0.8441 (0.7485)	Prec@1 71.875 (75.039)	Prec@5 99.219 (98.052)
Epoch: [15][230/391], lr: 0.01000	Loss 0.6993 (0.7498)	Prec@1 77.344 (75.027)	Prec@5 98.438 (98.052)
Epoch: [15][240/391], lr: 0.01000	Loss 0.6808 (0.7499)	Prec@1 77.344 (75.019)	Prec@5 96.094 (98.029)
Epoch: [15][250/391], lr: 0.01000	Loss 0.8989 (0.7519)	Prec@1 70.312 (74.910)	Prec@5 99.219 (98.033)
Epoch: [15][260/391], lr: 0.01000	Loss 0.7037 (0.7521)	Prec@1 71.875 (74.883)	Prec@5 100.000 (98.033)
Epoch: [15][270/391], lr: 0.01000	Loss 0.6401 (0.7519)	Prec@1 81.250 (74.908)	Prec@5 99.219 (98.040)
Epoch: [15][280/391], lr: 0.01000	Loss 0.7728 (0.7513)	Prec@1 75.781 (74.914)	Prec@5 97.656 (98.020)
Epoch: [15][290/391], lr: 0.01000	Loss 0.6460 (0.7509)	Prec@1 75.781 (74.954)	Prec@5 100.000 (98.035)
Epoch: [15][300/391], lr: 0.01000	Loss 0.9494 (0.7512)	Prec@1 69.531 (74.951)	Prec@5 96.094 (98.027)
Epoch: [15][310/391], lr: 0.01000	Loss 0.7353 (0.7509)	Prec@1 75.781 (74.947)	Prec@5 99.219 (98.036)
Epoch: [15][320/391], lr: 0.01000	Loss 0.8430 (0.7505)	Prec@1 69.531 (74.929)	Prec@5 96.875 (98.041)
Epoch: [15][330/391], lr: 0.01000	Loss 0.6976 (0.7503)	Prec@1 75.781 (74.962)	Prec@5 99.219 (98.053)
Epoch: [15][340/391], lr: 0.01000	Loss 0.6454 (0.7485)	Prec@1 81.250 (75.025)	Prec@5 97.656 (98.048)
Epoch: [15][350/391], lr: 0.01000	Loss 0.7577 (0.7492)	Prec@1 75.000 (74.987)	Prec@5 96.875 (98.048)
Epoch: [15][360/391], lr: 0.01000	Loss 0.7860 (0.7499)	Prec@1 75.000 (74.978)	Prec@5 98.438 (98.041)
Epoch: [15][370/391], lr: 0.01000	Loss 0.7631 (0.7511)	Prec@1 74.219 (74.977)	Prec@5 99.219 (98.029)
Epoch: [15][380/391], lr: 0.01000	Loss 0.9593 (0.7509)	Prec@1 70.312 (74.973)	Prec@5 97.656 (98.046)
Epoch: [15][390/391], lr: 0.01000	Loss 0.9214 (0.7482)	Prec@1 67.500 (75.076)	Prec@5 93.750 (98.064)
Epoch [15] Training Results: Prec@1 75.076 Prec@5 98.064             Loss 0.74821
Epoch [15] Training Class Recall: [0.610,0.738,0.625,0.656,0.713,0.751,0.806,0.824,0.881,0.902]

Epoch: [16][0/391], lr: 0.01000	Loss 0.7299 (0.7299)	Prec@1 73.438 (73.438)	Prec@5 100.000 (100.000)
Epoch: [16][10/391], lr: 0.01000	Loss 0.7037 (0.7086)	Prec@1 78.906 (75.568)	Prec@5 98.438 (98.935)
Epoch: [16][20/391], lr: 0.01000	Loss 0.6864 (0.6898)	Prec@1 77.344 (76.190)	Prec@5 97.656 (98.810)
Epoch: [16][30/391], lr: 0.01000	Loss 0.7668 (0.6712)	Prec@1 73.438 (76.865)	Prec@5 99.219 (98.891)
Epoch: [16][40/391], lr: 0.01000	Loss 0.7276 (0.6845)	Prec@1 75.781 (76.620)	Prec@5 97.656 (98.609)
Epoch: [16][50/391], lr: 0.01000	Loss 0.7686 (0.6813)	Prec@1 71.094 (76.532)	Prec@5 97.656 (98.621)
Epoch: [16][60/391], lr: 0.01000	Loss 0.7702 (0.6914)	Prec@1 73.438 (76.204)	Prec@5 97.656 (98.514)
Epoch: [16][70/391], lr: 0.01000	Loss 0.7699 (0.6986)	Prec@1 72.656 (75.858)	Prec@5 99.219 (98.581)
Epoch: [16][80/391], lr: 0.01000	Loss 0.8072 (0.7023)	Prec@1 72.656 (75.887)	Prec@5 99.219 (98.553)
Epoch: [16][90/391], lr: 0.01000	Loss 0.7904 (0.7103)	Prec@1 72.656 (75.713)	Prec@5 97.656 (98.455)
Epoch: [16][100/391], lr: 0.01000	Loss 0.7707 (0.7198)	Prec@1 77.344 (75.472)	Prec@5 99.219 (98.484)
Epoch: [16][110/391], lr: 0.01000	Loss 0.6878 (0.7212)	Prec@1 78.906 (75.401)	Prec@5 100.000 (98.494)
Epoch: [16][120/391], lr: 0.01000	Loss 0.6255 (0.7180)	Prec@1 77.344 (75.600)	Prec@5 99.219 (98.489)
Epoch: [16][130/391], lr: 0.01000	Loss 0.7316 (0.7182)	Prec@1 76.562 (75.674)	Prec@5 98.438 (98.432)
Epoch: [16][140/391], lr: 0.01000	Loss 0.7254 (0.7156)	Prec@1 78.906 (75.820)	Prec@5 98.438 (98.426)
Epoch: [16][150/391], lr: 0.01000	Loss 0.4886 (0.7133)	Prec@1 84.375 (75.916)	Prec@5 100.000 (98.448)
Epoch: [16][160/391], lr: 0.01000	Loss 0.8161 (0.7139)	Prec@1 71.875 (75.873)	Prec@5 99.219 (98.486)
Epoch: [16][170/391], lr: 0.01000	Loss 0.7201 (0.7143)	Prec@1 75.781 (75.891)	Prec@5 98.438 (98.442)
Epoch: [16][180/391], lr: 0.01000	Loss 0.7254 (0.7163)	Prec@1 71.094 (75.868)	Prec@5 99.219 (98.429)
Epoch: [16][190/391], lr: 0.01000	Loss 0.8573 (0.7129)	Prec@1 72.656 (75.973)	Prec@5 95.312 (98.425)
Epoch: [16][200/391], lr: 0.01000	Loss 0.6341 (0.7129)	Prec@1 78.125 (75.968)	Prec@5 98.438 (98.422)
Epoch: [16][210/391], lr: 0.01000	Loss 0.7811 (0.7115)	Prec@1 77.344 (76.100)	Prec@5 96.094 (98.408)
Epoch: [16][220/391], lr: 0.01000	Loss 0.6449 (0.7087)	Prec@1 76.562 (76.174)	Prec@5 100.000 (98.413)
Epoch: [16][230/391], lr: 0.01000	Loss 0.6136 (0.7092)	Prec@1 79.688 (76.167)	Prec@5 99.219 (98.390)
Epoch: [16][240/391], lr: 0.01000	Loss 0.7431 (0.7103)	Prec@1 71.094 (76.128)	Prec@5 98.438 (98.395)
Epoch: [16][250/391], lr: 0.01000	Loss 0.7390 (0.7092)	Prec@1 71.875 (76.170)	Prec@5 98.438 (98.394)
Epoch: [16][260/391], lr: 0.01000	Loss 0.5819 (0.7093)	Prec@1 81.250 (76.185)	Prec@5 100.000 (98.396)
Epoch: [16][270/391], lr: 0.01000	Loss 0.8311 (0.7110)	Prec@1 67.969 (76.182)	Prec@5 98.438 (98.374)
Epoch: [16][280/391], lr: 0.01000	Loss 0.8264 (0.7134)	Prec@1 72.656 (76.107)	Prec@5 98.438 (98.360)
Epoch: [16][290/391], lr: 0.01000	Loss 0.7981 (0.7135)	Prec@1 76.562 (76.093)	Prec@5 98.438 (98.376)
Epoch: [16][300/391], lr: 0.01000	Loss 0.8783 (0.7148)	Prec@1 68.750 (76.033)	Prec@5 96.875 (98.360)
Epoch: [16][310/391], lr: 0.01000	Loss 0.6450 (0.7156)	Prec@1 78.125 (75.975)	Prec@5 98.438 (98.355)
Epoch: [16][320/391], lr: 0.01000	Loss 0.6002 (0.7150)	Prec@1 79.688 (75.974)	Prec@5 99.219 (98.357)
Epoch: [16][330/391], lr: 0.01000	Loss 0.6845 (0.7154)	Prec@1 78.125 (75.972)	Prec@5 97.656 (98.360)
Epoch: [16][340/391], lr: 0.01000	Loss 0.7222 (0.7150)	Prec@1 77.344 (75.958)	Prec@5 99.219 (98.373)
Epoch: [16][350/391], lr: 0.01000	Loss 0.7727 (0.7135)	Prec@1 75.000 (76.033)	Prec@5 99.219 (98.373)
Epoch: [16][360/391], lr: 0.01000	Loss 0.5864 (0.7132)	Prec@1 82.812 (76.071)	Prec@5 97.656 (98.362)
Epoch: [16][370/391], lr: 0.01000	Loss 0.6643 (0.7127)	Prec@1 75.000 (76.106)	Prec@5 99.219 (98.353)
Epoch: [16][380/391], lr: 0.01000	Loss 0.4317 (0.7112)	Prec@1 85.938 (76.142)	Prec@5 100.000 (98.362)
Epoch: [16][390/391], lr: 0.01000	Loss 0.6615 (0.7104)	Prec@1 73.750 (76.168)	Prec@5 100.000 (98.366)
Epoch [16] Training Results: Prec@1 76.168 Prec@5 98.366             Loss 0.71035
Epoch [16] Training Class Recall: [0.614,0.737,0.642,0.673,0.727,0.768,0.824,0.845,0.886,0.900]

Epoch: [17][0/391], lr: 0.01000	Loss 0.5928 (0.5928)	Prec@1 75.781 (75.781)	Prec@5 100.000 (100.000)
Epoch: [17][10/391], lr: 0.01000	Loss 0.7311 (0.6345)	Prec@1 75.781 (77.983)	Prec@5 97.656 (98.722)
Epoch: [17][20/391], lr: 0.01000	Loss 0.5592 (0.6585)	Prec@1 82.812 (77.493)	Prec@5 99.219 (98.400)
Epoch: [17][30/391], lr: 0.01000	Loss 0.6389 (0.6777)	Prec@1 75.000 (76.815)	Prec@5 99.219 (98.438)
Epoch: [17][40/391], lr: 0.01000	Loss 0.5046 (0.6639)	Prec@1 81.250 (77.248)	Prec@5 100.000 (98.685)
Epoch: [17][50/391], lr: 0.01000	Loss 0.7203 (0.6687)	Prec@1 72.656 (77.206)	Prec@5 99.219 (98.683)
Epoch: [17][60/391], lr: 0.01000	Loss 0.6845 (0.6654)	Prec@1 75.781 (77.305)	Prec@5 99.219 (98.668)
Epoch: [17][70/391], lr: 0.01000	Loss 0.5118 (0.6625)	Prec@1 84.375 (77.443)	Prec@5 100.000 (98.724)
Epoch: [17][80/391], lr: 0.01000	Loss 0.5008 (0.6633)	Prec@1 83.594 (77.324)	Prec@5 99.219 (98.708)
Epoch: [17][90/391], lr: 0.01000	Loss 0.6730 (0.6689)	Prec@1 75.000 (77.189)	Prec@5 99.219 (98.644)
Epoch: [17][100/391], lr: 0.01000	Loss 0.7437 (0.6759)	Prec@1 70.312 (76.988)	Prec@5 98.438 (98.631)
Epoch: [17][110/391], lr: 0.01000	Loss 0.6689 (0.6824)	Prec@1 77.344 (76.844)	Prec@5 98.438 (98.585)
Epoch: [17][120/391], lr: 0.01000	Loss 0.6715 (0.6822)	Prec@1 76.562 (76.872)	Prec@5 100.000 (98.599)
Epoch: [17][130/391], lr: 0.01000	Loss 0.5773 (0.6815)	Prec@1 81.250 (76.891)	Prec@5 99.219 (98.604)
Epoch: [17][140/391], lr: 0.01000	Loss 0.7154 (0.6798)	Prec@1 76.562 (77.000)	Prec@5 97.656 (98.587)
Epoch: [17][150/391], lr: 0.01000	Loss 0.7122 (0.6802)	Prec@1 78.125 (76.982)	Prec@5 97.656 (98.577)
Epoch: [17][160/391], lr: 0.01000	Loss 0.6325 (0.6800)	Prec@1 75.781 (77.033)	Prec@5 98.438 (98.569)
Epoch: [17][170/391], lr: 0.01000	Loss 0.4616 (0.6815)	Prec@1 85.938 (76.987)	Prec@5 98.438 (98.529)
Epoch: [17][180/391], lr: 0.01000	Loss 0.6120 (0.6802)	Prec@1 78.906 (77.093)	Prec@5 98.438 (98.528)
Epoch: [17][190/391], lr: 0.01000	Loss 0.6076 (0.6801)	Prec@1 80.469 (77.094)	Prec@5 99.219 (98.499)
Epoch: [17][200/391], lr: 0.01000	Loss 0.6742 (0.6788)	Prec@1 77.344 (77.138)	Prec@5 99.219 (98.507)
Epoch: [17][210/391], lr: 0.01000	Loss 0.7207 (0.6763)	Prec@1 73.438 (77.214)	Prec@5 98.438 (98.508)
Epoch: [17][220/391], lr: 0.01000	Loss 0.8244 (0.6766)	Prec@1 72.656 (77.192)	Prec@5 96.875 (98.487)
Epoch: [17][230/391], lr: 0.01000	Loss 0.8058 (0.6784)	Prec@1 74.219 (77.171)	Prec@5 96.875 (98.465)
Epoch: [17][240/391], lr: 0.01000	Loss 0.5845 (0.6784)	Prec@1 78.906 (77.195)	Prec@5 98.438 (98.457)
Epoch: [17][250/391], lr: 0.01000	Loss 0.7211 (0.6803)	Prec@1 74.219 (77.126)	Prec@5 99.219 (98.462)
Epoch: [17][260/391], lr: 0.01000	Loss 0.6913 (0.6811)	Prec@1 78.125 (77.107)	Prec@5 98.438 (98.458)
Epoch: [17][270/391], lr: 0.01000	Loss 0.6204 (0.6801)	Prec@1 75.000 (77.102)	Prec@5 99.219 (98.481)
Epoch: [17][280/391], lr: 0.01000	Loss 0.5818 (0.6790)	Prec@1 82.031 (77.155)	Prec@5 97.656 (98.485)
Epoch: [17][290/391], lr: 0.01000	Loss 0.6245 (0.6777)	Prec@1 81.250 (77.207)	Prec@5 97.656 (98.499)
Epoch: [17][300/391], lr: 0.01000	Loss 0.5681 (0.6771)	Prec@1 79.688 (77.237)	Prec@5 99.219 (98.505)
Epoch: [17][310/391], lr: 0.01000	Loss 0.7428 (0.6785)	Prec@1 71.875 (77.158)	Prec@5 99.219 (98.505)
Epoch: [17][320/391], lr: 0.01000	Loss 0.7545 (0.6800)	Prec@1 76.562 (77.142)	Prec@5 99.219 (98.501)
Epoch: [17][330/391], lr: 0.01000	Loss 0.7475 (0.6819)	Prec@1 72.656 (77.075)	Prec@5 98.438 (98.489)
Epoch: [17][340/391], lr: 0.01000	Loss 0.5829 (0.6822)	Prec@1 80.469 (77.055)	Prec@5 96.875 (98.476)
Epoch: [17][350/391], lr: 0.01000	Loss 0.7737 (0.6816)	Prec@1 73.438 (77.061)	Prec@5 97.656 (98.489)
Epoch: [17][360/391], lr: 0.01000	Loss 0.6096 (0.6812)	Prec@1 74.219 (77.056)	Prec@5 100.000 (98.496)
Epoch: [17][370/391], lr: 0.01000	Loss 0.7162 (0.6815)	Prec@1 76.562 (77.070)	Prec@5 97.656 (98.490)
Epoch: [17][380/391], lr: 0.01000	Loss 0.4767 (0.6804)	Prec@1 84.375 (77.094)	Prec@5 99.219 (98.501)
Epoch: [17][390/391], lr: 0.01000	Loss 0.6791 (0.6792)	Prec@1 80.000 (77.138)	Prec@5 97.500 (98.510)
Epoch [17] Training Results: Prec@1 77.138 Prec@5 98.510             Loss 0.67925
Epoch [17] Training Class Recall: [0.635,0.743,0.651,0.691,0.744,0.784,0.825,0.849,0.892,0.899]

Epoch: [18][0/391], lr: 0.01000	Loss 0.6218 (0.6218)	Prec@1 78.906 (78.906)	Prec@5 100.000 (100.000)
Epoch: [18][10/391], lr: 0.01000	Loss 0.7189 (0.6753)	Prec@1 75.000 (77.273)	Prec@5 97.656 (98.438)
Epoch: [18][20/391], lr: 0.01000	Loss 0.6769 (0.6580)	Prec@1 78.125 (77.976)	Prec@5 99.219 (98.586)
Epoch: [18][30/391], lr: 0.01000	Loss 0.5430 (0.6365)	Prec@1 78.906 (78.503)	Prec@5 100.000 (98.765)
Epoch: [18][40/391], lr: 0.01000	Loss 0.7849 (0.6360)	Prec@1 77.344 (78.639)	Prec@5 99.219 (98.609)
Epoch: [18][50/391], lr: 0.01000	Loss 0.5206 (0.6414)	Prec@1 83.594 (78.569)	Prec@5 98.438 (98.575)
Epoch: [18][60/391], lr: 0.01000	Loss 0.6510 (0.6430)	Prec@1 75.000 (78.279)	Prec@5 99.219 (98.655)
Epoch: [18][70/391], lr: 0.01000	Loss 0.6530 (0.6474)	Prec@1 78.125 (77.839)	Prec@5 98.438 (98.647)
Epoch: [18][80/391], lr: 0.01000	Loss 0.5916 (0.6483)	Prec@1 78.906 (78.077)	Prec@5 100.000 (98.630)
Epoch: [18][90/391], lr: 0.01000	Loss 0.6168 (0.6524)	Prec@1 79.688 (77.996)	Prec@5 99.219 (98.558)
Epoch: [18][100/391], lr: 0.01000	Loss 0.8853 (0.6534)	Prec@1 72.656 (78.017)	Prec@5 96.875 (98.561)
Epoch: [18][110/391], lr: 0.01000	Loss 0.6460 (0.6527)	Prec@1 75.000 (78.076)	Prec@5 100.000 (98.578)
Epoch: [18][120/391], lr: 0.01000	Loss 0.6473 (0.6501)	Prec@1 79.688 (78.164)	Prec@5 99.219 (98.592)
Epoch: [18][130/391], lr: 0.01000	Loss 0.6247 (0.6510)	Prec@1 78.906 (78.119)	Prec@5 99.219 (98.628)
Epoch: [18][140/391], lr: 0.01000	Loss 0.8298 (0.6542)	Prec@1 71.875 (78.086)	Prec@5 96.875 (98.582)
Epoch: [18][150/391], lr: 0.01000	Loss 0.5549 (0.6509)	Prec@1 82.031 (78.187)	Prec@5 98.438 (98.619)
Epoch: [18][160/391], lr: 0.01000	Loss 0.4711 (0.6471)	Prec@1 82.031 (78.261)	Prec@5 100.000 (98.646)
Epoch: [18][170/391], lr: 0.01000	Loss 0.6188 (0.6460)	Prec@1 79.688 (78.321)	Prec@5 99.219 (98.643)
Epoch: [18][180/391], lr: 0.01000	Loss 0.5639 (0.6455)	Prec@1 81.250 (78.337)	Prec@5 100.000 (98.675)
Epoch: [18][190/391], lr: 0.01000	Loss 0.7274 (0.6465)	Prec@1 76.562 (78.305)	Prec@5 99.219 (98.658)
Epoch: [18][200/391], lr: 0.01000	Loss 0.6661 (0.6448)	Prec@1 74.219 (78.327)	Prec@5 100.000 (98.690)
Epoch: [18][210/391], lr: 0.01000	Loss 0.6968 (0.6454)	Prec@1 78.125 (78.332)	Prec@5 98.438 (98.689)
Epoch: [18][220/391], lr: 0.01000	Loss 0.7238 (0.6467)	Prec@1 76.562 (78.284)	Prec@5 98.438 (98.681)
Epoch: [18][230/391], lr: 0.01000	Loss 0.7488 (0.6476)	Prec@1 77.344 (78.216)	Prec@5 97.656 (98.664)
Epoch: [18][240/391], lr: 0.01000	Loss 0.6269 (0.6462)	Prec@1 75.781 (78.290)	Prec@5 97.656 (98.671)
Epoch: [18][250/391], lr: 0.01000	Loss 0.7373 (0.6486)	Prec@1 74.219 (78.169)	Prec@5 96.094 (98.665)
Epoch: [18][260/391], lr: 0.01000	Loss 0.8569 (0.6498)	Prec@1 70.312 (78.116)	Prec@5 97.656 (98.665)
Epoch: [18][270/391], lr: 0.01000	Loss 0.5809 (0.6498)	Prec@1 78.906 (78.082)	Prec@5 98.438 (98.674)
Epoch: [18][280/391], lr: 0.01000	Loss 0.6514 (0.6500)	Prec@1 79.688 (78.114)	Prec@5 98.438 (98.660)
Epoch: [18][290/391], lr: 0.01000	Loss 0.7662 (0.6505)	Prec@1 73.438 (78.082)	Prec@5 96.875 (98.650)
Epoch: [18][300/391], lr: 0.01000	Loss 0.7070 (0.6491)	Prec@1 76.562 (78.120)	Prec@5 97.656 (98.658)
Epoch: [18][310/391], lr: 0.01000	Loss 0.6645 (0.6512)	Prec@1 82.031 (78.052)	Prec@5 97.656 (98.671)
Epoch: [18][320/391], lr: 0.01000	Loss 0.7307 (0.6518)	Prec@1 77.344 (78.037)	Prec@5 96.875 (98.671)
Epoch: [18][330/391], lr: 0.01000	Loss 0.6772 (0.6508)	Prec@1 78.125 (78.083)	Prec@5 100.000 (98.674)
Epoch: [18][340/391], lr: 0.01000	Loss 0.4270 (0.6500)	Prec@1 85.938 (78.130)	Prec@5 100.000 (98.680)
Epoch: [18][350/391], lr: 0.01000	Loss 0.7678 (0.6528)	Prec@1 71.875 (78.038)	Prec@5 98.438 (98.658)
Epoch: [18][360/391], lr: 0.01000	Loss 0.6498 (0.6533)	Prec@1 78.125 (78.073)	Prec@5 100.000 (98.647)
Epoch: [18][370/391], lr: 0.01000	Loss 0.6371 (0.6528)	Prec@1 82.031 (78.085)	Prec@5 98.438 (98.654)
Epoch: [18][380/391], lr: 0.01000	Loss 0.4793 (0.6533)	Prec@1 83.594 (78.057)	Prec@5 98.438 (98.659)
Epoch: [18][390/391], lr: 0.01000	Loss 0.7356 (0.6543)	Prec@1 78.750 (78.038)	Prec@5 98.750 (98.646)
Epoch [18] Training Results: Prec@1 78.038 Prec@5 98.646             Loss 0.65431
Epoch [18] Training Class Recall: [0.648,0.747,0.668,0.698,0.757,0.795,0.837,0.855,0.893,0.906]

Epoch: [19][0/391], lr: 0.01000	Loss 0.5842 (0.5842)	Prec@1 80.469 (80.469)	Prec@5 99.219 (99.219)
Epoch: [19][10/391], lr: 0.01000	Loss 0.4905 (0.6309)	Prec@1 82.031 (78.267)	Prec@5 98.438 (98.722)
Epoch: [19][20/391], lr: 0.01000	Loss 0.6534 (0.6109)	Prec@1 75.000 (78.795)	Prec@5 100.000 (98.810)
Epoch: [19][30/391], lr: 0.01000	Loss 0.6237 (0.6132)	Prec@1 72.656 (78.579)	Prec@5 98.438 (98.816)
Epoch: [19][40/391], lr: 0.01000	Loss 0.6050 (0.6092)	Prec@1 83.594 (79.021)	Prec@5 98.438 (98.819)
Epoch: [19][50/391], lr: 0.01000	Loss 0.7165 (0.6163)	Prec@1 75.000 (79.105)	Prec@5 99.219 (98.805)
Epoch: [19][60/391], lr: 0.01000	Loss 0.5477 (0.6229)	Prec@1 78.906 (78.791)	Prec@5 99.219 (98.796)
Epoch: [19][70/391], lr: 0.01000	Loss 0.6463 (0.6274)	Prec@1 75.781 (78.620)	Prec@5 99.219 (98.779)
Epoch: [19][80/391], lr: 0.01000	Loss 0.7172 (0.6239)	Prec@1 75.781 (78.646)	Prec@5 98.438 (98.804)
Epoch: [19][90/391], lr: 0.01000	Loss 0.4672 (0.6202)	Prec@1 82.812 (78.846)	Prec@5 100.000 (98.832)
Epoch: [19][100/391], lr: 0.01000	Loss 0.5425 (0.6221)	Prec@1 83.594 (78.860)	Prec@5 99.219 (98.801)
Epoch: [19][110/391], lr: 0.01000	Loss 0.6994 (0.6305)	Prec@1 77.344 (78.604)	Prec@5 99.219 (98.839)
Epoch: [19][120/391], lr: 0.01000	Loss 0.7762 (0.6385)	Prec@1 75.000 (78.364)	Prec@5 100.000 (98.831)
Epoch: [19][130/391], lr: 0.01000	Loss 0.6016 (0.6429)	Prec@1 78.125 (78.185)	Prec@5 99.219 (98.766)
Epoch: [19][140/391], lr: 0.01000	Loss 0.6367 (0.6435)	Prec@1 78.906 (78.125)	Prec@5 99.219 (98.764)
Epoch: [19][150/391], lr: 0.01000	Loss 0.5921 (0.6477)	Prec@1 80.469 (78.006)	Prec@5 100.000 (98.758)
Epoch: [19][160/391], lr: 0.01000	Loss 0.8576 (0.6499)	Prec@1 71.875 (77.975)	Prec@5 96.875 (98.738)
Epoch: [19][170/391], lr: 0.01000	Loss 0.5216 (0.6475)	Prec@1 80.469 (78.075)	Prec@5 100.000 (98.748)
Epoch: [19][180/391], lr: 0.01000	Loss 0.7123 (0.6457)	Prec@1 78.125 (78.078)	Prec@5 99.219 (98.761)
Epoch: [19][190/391], lr: 0.01000	Loss 0.4800 (0.6452)	Prec@1 83.594 (78.092)	Prec@5 100.000 (98.777)
Epoch: [19][200/391], lr: 0.01000	Loss 0.6105 (0.6443)	Prec@1 80.469 (78.113)	Prec@5 99.219 (98.795)
Epoch: [19][210/391], lr: 0.01000	Loss 0.6274 (0.6411)	Prec@1 78.906 (78.232)	Prec@5 97.656 (98.808)
Epoch: [19][220/391], lr: 0.01000	Loss 0.7378 (0.6381)	Prec@1 75.781 (78.341)	Prec@5 97.656 (98.816)
Epoch: [19][230/391], lr: 0.01000	Loss 0.6469 (0.6362)	Prec@1 76.562 (78.433)	Prec@5 98.438 (98.813)
Epoch: [19][240/391], lr: 0.01000	Loss 0.5495 (0.6368)	Prec@1 82.031 (78.459)	Prec@5 99.219 (98.804)
Epoch: [19][250/391], lr: 0.01000	Loss 0.6863 (0.6360)	Prec@1 78.906 (78.452)	Prec@5 99.219 (98.820)
Epoch: [19][260/391], lr: 0.01000	Loss 0.6738 (0.6361)	Prec@1 78.906 (78.460)	Prec@5 99.219 (98.812)
Epoch: [19][270/391], lr: 0.01000	Loss 0.6486 (0.6356)	Prec@1 78.906 (78.485)	Prec@5 97.656 (98.824)
Epoch: [19][280/391], lr: 0.01000	Loss 0.5078 (0.6369)	Prec@1 82.031 (78.448)	Prec@5 99.219 (98.807)
Epoch: [19][290/391], lr: 0.01000	Loss 0.7404 (0.6373)	Prec@1 76.562 (78.447)	Prec@5 97.656 (98.787)
Epoch: [19][300/391], lr: 0.01000	Loss 0.6439 (0.6369)	Prec@1 79.688 (78.488)	Prec@5 98.438 (98.796)
Epoch: [19][310/391], lr: 0.01000	Loss 0.6665 (0.6367)	Prec@1 75.000 (78.477)	Prec@5 100.000 (98.802)
Epoch: [19][320/391], lr: 0.01000	Loss 0.7593 (0.6377)	Prec@1 74.219 (78.434)	Prec@5 98.438 (98.793)
Epoch: [19][330/391], lr: 0.01000	Loss 0.7660 (0.6385)	Prec@1 73.438 (78.404)	Prec@5 96.875 (98.789)
Epoch: [19][340/391], lr: 0.01000	Loss 0.4972 (0.6369)	Prec@1 87.500 (78.492)	Prec@5 97.656 (98.774)
Epoch: [19][350/391], lr: 0.01000	Loss 0.4887 (0.6358)	Prec@1 84.375 (78.510)	Prec@5 99.219 (98.780)
Epoch: [19][360/391], lr: 0.01000	Loss 0.4714 (0.6347)	Prec@1 84.375 (78.560)	Prec@5 99.219 (98.782)
Epoch: [19][370/391], lr: 0.01000	Loss 0.9986 (0.6340)	Prec@1 67.188 (78.588)	Prec@5 96.875 (98.781)
Epoch: [19][380/391], lr: 0.01000	Loss 0.6218 (0.6342)	Prec@1 82.812 (78.593)	Prec@5 97.656 (98.792)
Epoch: [19][390/391], lr: 0.01000	Loss 0.6721 (0.6335)	Prec@1 77.500 (78.616)	Prec@5 96.250 (98.792)
Epoch [19] Training Results: Prec@1 78.616 Prec@5 98.792             Loss 0.63353
Epoch [19] Training Class Recall: [0.653,0.752,0.665,0.704,0.769,0.803,0.858,0.860,0.893,0.904]

Epoch: [20][0/391], lr: 0.01000	Loss 0.6418 (0.6418)	Prec@1 77.344 (77.344)	Prec@5 98.438 (98.438)
Epoch: [20][10/391], lr: 0.01000	Loss 0.6688 (0.6400)	Prec@1 75.000 (78.977)	Prec@5 100.000 (98.864)
Epoch: [20][20/391], lr: 0.01000	Loss 0.7868 (0.6325)	Prec@1 73.438 (78.869)	Prec@5 97.656 (98.810)
Epoch: [20][30/391], lr: 0.01000	Loss 0.4928 (0.6009)	Prec@1 86.719 (80.116)	Prec@5 99.219 (99.042)
Epoch: [20][40/391], lr: 0.01000	Loss 0.6274 (0.5944)	Prec@1 79.688 (80.393)	Prec@5 98.438 (99.028)
Epoch: [20][50/391], lr: 0.01000	Loss 0.6185 (0.5912)	Prec@1 78.125 (80.377)	Prec@5 100.000 (99.050)
Epoch: [20][60/391], lr: 0.01000	Loss 0.7649 (0.5947)	Prec@1 76.562 (80.264)	Prec@5 97.656 (99.014)
Epoch: [20][70/391], lr: 0.01000	Loss 0.5449 (0.6015)	Prec@1 78.906 (79.820)	Prec@5 99.219 (98.944)
Epoch: [20][80/391], lr: 0.01000	Loss 0.6192 (0.6061)	Prec@1 76.562 (79.726)	Prec@5 98.438 (98.872)
Epoch: [20][90/391], lr: 0.01000	Loss 0.7340 (0.6138)	Prec@1 78.125 (79.464)	Prec@5 99.219 (98.824)
Epoch: [20][100/391], lr: 0.01000	Loss 0.5787 (0.6162)	Prec@1 81.250 (79.455)	Prec@5 99.219 (98.801)
Epoch: [20][110/391], lr: 0.01000	Loss 0.6823 (0.6164)	Prec@1 75.781 (79.526)	Prec@5 96.094 (98.796)
Epoch: [20][120/391], lr: 0.01000	Loss 0.6634 (0.6162)	Prec@1 79.688 (79.481)	Prec@5 97.656 (98.806)
Epoch: [20][130/391], lr: 0.01000	Loss 0.6649 (0.6210)	Prec@1 77.344 (79.359)	Prec@5 98.438 (98.795)
Epoch: [20][140/391], lr: 0.01000	Loss 0.6200 (0.6207)	Prec@1 77.344 (79.327)	Prec@5 100.000 (98.820)
Epoch: [20][150/391], lr: 0.01000	Loss 0.6023 (0.6182)	Prec@1 78.125 (79.403)	Prec@5 99.219 (98.815)
Epoch: [20][160/391], lr: 0.01000	Loss 0.6349 (0.6198)	Prec@1 79.688 (79.348)	Prec@5 98.438 (98.787)
Epoch: [20][170/391], lr: 0.01000	Loss 0.5389 (0.6177)	Prec@1 79.688 (79.400)	Prec@5 99.219 (98.780)
Epoch: [20][180/391], lr: 0.01000	Loss 0.4552 (0.6171)	Prec@1 85.938 (79.416)	Prec@5 98.438 (98.770)
Epoch: [20][190/391], lr: 0.01000	Loss 0.4972 (0.6156)	Prec@1 82.812 (79.499)	Prec@5 99.219 (98.769)
Epoch: [20][200/391], lr: 0.01000	Loss 0.6766 (0.6142)	Prec@1 74.219 (79.520)	Prec@5 98.438 (98.768)
Epoch: [20][210/391], lr: 0.01000	Loss 0.7130 (0.6135)	Prec@1 76.562 (79.528)	Prec@5 96.875 (98.774)
Epoch: [20][220/391], lr: 0.01000	Loss 0.5194 (0.6115)	Prec@1 80.469 (79.606)	Prec@5 100.000 (98.773)
Epoch: [20][230/391], lr: 0.01000	Loss 0.5664 (0.6121)	Prec@1 82.812 (79.589)	Prec@5 98.438 (98.776)
Epoch: [20][240/391], lr: 0.01000	Loss 0.5996 (0.6123)	Prec@1 79.688 (79.525)	Prec@5 99.219 (98.778)
Epoch: [20][250/391], lr: 0.01000	Loss 0.8150 (0.6136)	Prec@1 74.219 (79.491)	Prec@5 97.656 (98.767)
Epoch: [20][260/391], lr: 0.01000	Loss 0.4255 (0.6164)	Prec@1 87.500 (79.448)	Prec@5 99.219 (98.737)
Epoch: [20][270/391], lr: 0.01000	Loss 0.5869 (0.6173)	Prec@1 80.469 (79.396)	Prec@5 99.219 (98.740)
Epoch: [20][280/391], lr: 0.01000	Loss 0.6581 (0.6157)	Prec@1 77.344 (79.457)	Prec@5 99.219 (98.754)
Epoch: [20][290/391], lr: 0.01000	Loss 0.5048 (0.6165)	Prec@1 83.594 (79.419)	Prec@5 99.219 (98.757)
Epoch: [20][300/391], lr: 0.01000	Loss 0.4929 (0.6149)	Prec@1 83.594 (79.482)	Prec@5 100.000 (98.762)
Epoch: [20][310/391], lr: 0.01000	Loss 0.6170 (0.6133)	Prec@1 78.906 (79.537)	Prec@5 99.219 (98.774)
Epoch: [20][320/391], lr: 0.01000	Loss 0.6030 (0.6107)	Prec@1 77.344 (79.590)	Prec@5 99.219 (98.790)
Epoch: [20][330/391], lr: 0.01000	Loss 0.6047 (0.6089)	Prec@1 78.125 (79.621)	Prec@5 97.656 (98.796)
Epoch: [20][340/391], lr: 0.01000	Loss 0.7582 (0.6082)	Prec@1 76.562 (79.658)	Prec@5 97.656 (98.799)
Epoch: [20][350/391], lr: 0.01000	Loss 0.5697 (0.6081)	Prec@1 79.688 (79.654)	Prec@5 99.219 (98.791)
Epoch: [20][360/391], lr: 0.01000	Loss 0.4700 (0.6077)	Prec@1 82.031 (79.668)	Prec@5 99.219 (98.801)
Epoch: [20][370/391], lr: 0.01000	Loss 0.6659 (0.6093)	Prec@1 80.469 (79.643)	Prec@5 99.219 (98.785)
Epoch: [20][380/391], lr: 0.01000	Loss 0.6984 (0.6121)	Prec@1 76.562 (79.517)	Prec@5 97.656 (98.778)
Epoch: [20][390/391], lr: 0.01000	Loss 0.5842 (0.6137)	Prec@1 76.250 (79.432)	Prec@5 97.500 (98.790)
Epoch [20] Training Results: Prec@1 79.432 Prec@5 98.790             Loss 0.61369
Epoch [20] Training Class Recall: [0.652,0.762,0.675,0.717,0.774,0.817,0.859,0.867,0.906,0.915]

Epoch: [21][0/391], lr: 0.01000	Loss 0.5636 (0.5636)	Prec@1 81.250 (81.250)	Prec@5 97.656 (97.656)
Epoch: [21][10/391], lr: 0.01000	Loss 0.7328 (0.6396)	Prec@1 74.219 (78.267)	Prec@5 99.219 (98.651)
Epoch: [21][20/391], lr: 0.01000	Loss 0.6495 (0.6091)	Prec@1 81.250 (79.874)	Prec@5 98.438 (98.884)
Epoch: [21][30/391], lr: 0.01000	Loss 0.4600 (0.6063)	Prec@1 85.156 (79.940)	Prec@5 98.438 (98.942)
Epoch: [21][40/391], lr: 0.01000	Loss 0.5553 (0.5867)	Prec@1 84.375 (80.697)	Prec@5 98.438 (99.066)
Epoch: [21][50/391], lr: 0.01000	Loss 0.5638 (0.5864)	Prec@1 85.938 (80.790)	Prec@5 98.438 (99.096)
Epoch: [21][60/391], lr: 0.01000	Loss 0.3859 (0.5842)	Prec@1 87.500 (80.917)	Prec@5 99.219 (99.116)
Epoch: [21][70/391], lr: 0.01000	Loss 0.4802 (0.5830)	Prec@1 85.938 (80.920)	Prec@5 99.219 (99.142)
Epoch: [21][80/391], lr: 0.01000	Loss 0.5172 (0.5813)	Prec@1 81.250 (80.980)	Prec@5 98.438 (99.113)
Epoch: [21][90/391], lr: 0.01000	Loss 0.5646 (0.5810)	Prec@1 80.469 (80.967)	Prec@5 99.219 (99.150)
Epoch: [21][100/391], lr: 0.01000	Loss 0.5335 (0.5772)	Prec@1 82.031 (81.026)	Prec@5 97.656 (99.149)
Epoch: [21][110/391], lr: 0.01000	Loss 0.5300 (0.5769)	Prec@1 85.938 (81.018)	Prec@5 99.219 (99.162)
Epoch: [21][120/391], lr: 0.01000	Loss 0.6241 (0.5762)	Prec@1 82.031 (81.030)	Prec@5 99.219 (99.135)
Epoch: [21][130/391], lr: 0.01000	Loss 0.6204 (0.5718)	Prec@1 81.250 (81.155)	Prec@5 98.438 (99.141)
Epoch: [21][140/391], lr: 0.01000	Loss 0.5837 (0.5766)	Prec@1 80.469 (80.951)	Prec@5 99.219 (99.113)
Epoch: [21][150/391], lr: 0.01000	Loss 0.6930 (0.5793)	Prec@1 75.000 (80.846)	Prec@5 99.219 (99.079)
Epoch: [21][160/391], lr: 0.01000	Loss 0.6215 (0.5835)	Prec@1 81.250 (80.707)	Prec@5 99.219 (99.073)
Epoch: [21][170/391], lr: 0.01000	Loss 0.5102 (0.5847)	Prec@1 78.906 (80.601)	Prec@5 100.000 (99.082)
Epoch: [21][180/391], lr: 0.01000	Loss 0.5417 (0.5859)	Prec@1 82.812 (80.534)	Prec@5 99.219 (99.068)
Epoch: [21][190/391], lr: 0.01000	Loss 0.5131 (0.5855)	Prec@1 82.812 (80.530)	Prec@5 99.219 (99.063)
Epoch: [21][200/391], lr: 0.01000	Loss 0.5099 (0.5836)	Prec@1 85.156 (80.593)	Prec@5 99.219 (99.052)
Epoch: [21][210/391], lr: 0.01000	Loss 0.6464 (0.5849)	Prec@1 77.344 (80.598)	Prec@5 100.000 (99.052)
Epoch: [21][220/391], lr: 0.01000	Loss 0.5966 (0.5865)	Prec@1 77.344 (80.575)	Prec@5 100.000 (99.031)
Epoch: [21][230/391], lr: 0.01000	Loss 0.5574 (0.5878)	Prec@1 81.250 (80.550)	Prec@5 98.438 (99.009)
Epoch: [21][240/391], lr: 0.01000	Loss 0.6025 (0.5888)	Prec@1 82.812 (80.524)	Prec@5 99.219 (99.021)
Epoch: [21][250/391], lr: 0.01000	Loss 0.5561 (0.5893)	Prec@1 80.469 (80.487)	Prec@5 98.438 (99.016)
Epoch: [21][260/391], lr: 0.01000	Loss 0.6692 (0.5920)	Prec@1 81.250 (80.382)	Prec@5 97.656 (98.991)
Epoch: [21][270/391], lr: 0.01000	Loss 0.5098 (0.5915)	Prec@1 87.500 (80.414)	Prec@5 98.438 (98.994)
Epoch: [21][280/391], lr: 0.01000	Loss 0.7590 (0.5914)	Prec@1 78.906 (80.427)	Prec@5 97.656 (98.994)
Epoch: [21][290/391], lr: 0.01000	Loss 0.4709 (0.5899)	Prec@1 83.594 (80.426)	Prec@5 99.219 (99.009)
Epoch: [21][300/391], lr: 0.01000	Loss 0.5877 (0.5898)	Prec@1 78.906 (80.373)	Prec@5 100.000 (98.990)
Epoch: [21][310/391], lr: 0.01000	Loss 0.3981 (0.5885)	Prec@1 89.844 (80.456)	Prec@5 100.000 (99.003)
Epoch: [21][320/391], lr: 0.01000	Loss 0.8207 (0.5912)	Prec@1 75.781 (80.398)	Prec@5 98.438 (98.992)
Epoch: [21][330/391], lr: 0.01000	Loss 0.5388 (0.5905)	Prec@1 83.594 (80.443)	Prec@5 99.219 (99.006)
Epoch: [21][340/391], lr: 0.01000	Loss 0.5127 (0.5897)	Prec@1 80.469 (80.462)	Prec@5 100.000 (99.006)
Epoch: [21][350/391], lr: 0.01000	Loss 0.5509 (0.5888)	Prec@1 80.469 (80.518)	Prec@5 98.438 (99.007)
Epoch: [21][360/391], lr: 0.01000	Loss 0.6058 (0.5874)	Prec@1 81.250 (80.579)	Prec@5 98.438 (99.009)
Epoch: [21][370/391], lr: 0.01000	Loss 0.5980 (0.5889)	Prec@1 82.031 (80.570)	Prec@5 99.219 (99.000)
Epoch: [21][380/391], lr: 0.01000	Loss 0.6328 (0.5898)	Prec@1 80.469 (80.551)	Prec@5 98.438 (98.995)
Epoch: [21][390/391], lr: 0.01000	Loss 0.5864 (0.5898)	Prec@1 80.000 (80.548)	Prec@5 98.750 (98.990)
Epoch [21] Training Results: Prec@1 80.548 Prec@5 98.990             Loss 0.58978
Epoch [21] Training Class Recall: [0.662,0.774,0.696,0.737,0.789,0.831,0.873,0.867,0.907,0.920]

Epoch: [22][0/391], lr: 0.01000	Loss 0.5064 (0.5064)	Prec@1 83.594 (83.594)	Prec@5 98.438 (98.438)
Epoch: [22][10/391], lr: 0.01000	Loss 0.7235 (0.5331)	Prec@1 77.344 (82.528)	Prec@5 98.438 (99.148)
Epoch: [22][20/391], lr: 0.01000	Loss 0.5436 (0.5700)	Prec@1 83.594 (81.362)	Prec@5 98.438 (99.033)
Epoch: [22][30/391], lr: 0.01000	Loss 0.4376 (0.5653)	Prec@1 88.281 (81.426)	Prec@5 100.000 (98.916)
Epoch: [22][40/391], lr: 0.01000	Loss 0.7162 (0.5754)	Prec@1 75.000 (80.755)	Prec@5 99.219 (98.952)
Epoch: [22][50/391], lr: 0.01000	Loss 0.5452 (0.5754)	Prec@1 84.375 (80.744)	Prec@5 100.000 (99.020)
Epoch: [22][60/391], lr: 0.01000	Loss 0.5539 (0.5765)	Prec@1 85.938 (80.751)	Prec@5 97.656 (98.988)
Epoch: [22][70/391], lr: 0.01000	Loss 0.6146 (0.5783)	Prec@1 77.344 (80.645)	Prec@5 99.219 (98.988)
Epoch: [22][80/391], lr: 0.01000	Loss 0.4173 (0.5757)	Prec@1 85.156 (80.845)	Prec@5 100.000 (98.968)
Epoch: [22][90/391], lr: 0.01000	Loss 0.6276 (0.5803)	Prec@1 79.688 (80.726)	Prec@5 99.219 (98.987)
Epoch: [22][100/391], lr: 0.01000	Loss 0.5288 (0.5773)	Prec@1 82.812 (80.739)	Prec@5 100.000 (98.987)
Epoch: [22][110/391], lr: 0.01000	Loss 0.5902 (0.5799)	Prec@1 80.469 (80.694)	Prec@5 99.219 (98.994)
Epoch: [22][120/391], lr: 0.01000	Loss 0.4547 (0.5804)	Prec@1 85.938 (80.714)	Prec@5 100.000 (98.973)
Epoch: [22][130/391], lr: 0.01000	Loss 0.4160 (0.5796)	Prec@1 88.281 (80.672)	Prec@5 99.219 (99.004)
Epoch: [22][140/391], lr: 0.01000	Loss 0.6853 (0.5788)	Prec@1 75.000 (80.735)	Prec@5 99.219 (98.997)
Epoch: [22][150/391], lr: 0.01000	Loss 0.3999 (0.5746)	Prec@1 85.156 (80.826)	Prec@5 100.000 (99.017)
Epoch: [22][160/391], lr: 0.01000	Loss 0.6149 (0.5716)	Prec@1 80.469 (80.920)	Prec@5 100.000 (99.034)
Epoch: [22][170/391], lr: 0.01000	Loss 0.5242 (0.5717)	Prec@1 79.688 (80.921)	Prec@5 100.000 (99.050)
Epoch: [22][180/391], lr: 0.01000	Loss 0.4596 (0.5675)	Prec@1 82.031 (81.017)	Prec@5 99.219 (99.072)
Epoch: [22][190/391], lr: 0.01000	Loss 0.4666 (0.5660)	Prec@1 85.156 (81.054)	Prec@5 99.219 (99.072)
Epoch: [22][200/391], lr: 0.01000	Loss 0.6351 (0.5651)	Prec@1 78.125 (81.075)	Prec@5 98.438 (99.063)
Epoch: [22][210/391], lr: 0.01000	Loss 0.7089 (0.5669)	Prec@1 72.656 (80.965)	Prec@5 99.219 (99.082)
Epoch: [22][220/391], lr: 0.01000	Loss 0.5633 (0.5679)	Prec@1 78.906 (80.896)	Prec@5 98.438 (99.095)
Epoch: [22][230/391], lr: 0.01000	Loss 0.3296 (0.5671)	Prec@1 89.844 (80.942)	Prec@5 100.000 (99.104)
Epoch: [22][240/391], lr: 0.01000	Loss 0.8406 (0.5674)	Prec@1 77.344 (80.939)	Prec@5 98.438 (99.092)
Epoch: [22][250/391], lr: 0.01000	Loss 0.4982 (0.5684)	Prec@1 82.812 (80.886)	Prec@5 100.000 (99.110)
Epoch: [22][260/391], lr: 0.01000	Loss 0.6774 (0.5700)	Prec@1 78.125 (80.810)	Prec@5 100.000 (99.114)
Epoch: [22][270/391], lr: 0.01000	Loss 0.6987 (0.5706)	Prec@1 79.688 (80.780)	Prec@5 99.219 (99.132)
Epoch: [22][280/391], lr: 0.01000	Loss 0.5397 (0.5708)	Prec@1 82.812 (80.805)	Prec@5 100.000 (99.138)
Epoch: [22][290/391], lr: 0.01000	Loss 0.6767 (0.5705)	Prec@1 75.000 (80.799)	Prec@5 98.438 (99.144)
Epoch: [22][300/391], lr: 0.01000	Loss 0.7478 (0.5726)	Prec@1 78.125 (80.754)	Prec@5 96.875 (99.118)
Epoch: [22][310/391], lr: 0.01000	Loss 0.4716 (0.5715)	Prec@1 82.812 (80.823)	Prec@5 100.000 (99.111)
Epoch: [22][320/391], lr: 0.01000	Loss 0.5810 (0.5709)	Prec@1 79.688 (80.831)	Prec@5 100.000 (99.119)
Epoch: [22][330/391], lr: 0.01000	Loss 0.5538 (0.5707)	Prec@1 78.125 (80.806)	Prec@5 100.000 (99.117)
Epoch: [22][340/391], lr: 0.01000	Loss 0.5593 (0.5695)	Prec@1 81.250 (80.851)	Prec@5 99.219 (99.120)
Epoch: [22][350/391], lr: 0.01000	Loss 0.6107 (0.5686)	Prec@1 77.344 (80.874)	Prec@5 99.219 (99.119)
Epoch: [22][360/391], lr: 0.01000	Loss 0.4498 (0.5682)	Prec@1 85.938 (80.904)	Prec@5 97.656 (99.126)
Epoch: [22][370/391], lr: 0.01000	Loss 0.6229 (0.5669)	Prec@1 80.469 (80.934)	Prec@5 99.219 (99.122)
Epoch: [22][380/391], lr: 0.01000	Loss 0.6339 (0.5671)	Prec@1 77.344 (80.928)	Prec@5 100.000 (99.122)
Epoch: [22][390/391], lr: 0.01000	Loss 0.4723 (0.5676)	Prec@1 83.750 (80.898)	Prec@5 98.750 (99.122)
Epoch [22] Training Results: Prec@1 80.898 Prec@5 99.122             Loss 0.56755
Epoch [22] Training Class Recall: [0.671,0.775,0.697,0.741,0.802,0.824,0.872,0.883,0.914,0.910]

Epoch: [23][0/391], lr: 0.01000	Loss 0.5355 (0.5355)	Prec@1 81.250 (81.250)	Prec@5 100.000 (100.000)
Epoch: [23][10/391], lr: 0.01000	Loss 0.5213 (0.5251)	Prec@1 86.719 (82.173)	Prec@5 99.219 (99.006)
Epoch: [23][20/391], lr: 0.01000	Loss 0.5141 (0.5195)	Prec@1 82.812 (82.403)	Prec@5 99.219 (99.182)
Epoch: [23][30/391], lr: 0.01000	Loss 0.5762 (0.5238)	Prec@1 80.469 (82.208)	Prec@5 99.219 (99.244)
Epoch: [23][40/391], lr: 0.01000	Loss 0.3996 (0.5209)	Prec@1 85.938 (82.146)	Prec@5 99.219 (99.333)
Epoch: [23][50/391], lr: 0.01000	Loss 0.6616 (0.5203)	Prec@1 78.125 (82.093)	Prec@5 99.219 (99.387)
Epoch: [23][60/391], lr: 0.01000	Loss 0.5073 (0.5210)	Prec@1 82.812 (82.275)	Prec@5 99.219 (99.372)
Epoch: [23][70/391], lr: 0.01000	Loss 0.5749 (0.5260)	Prec@1 80.469 (82.196)	Prec@5 99.219 (99.340)
Epoch: [23][80/391], lr: 0.01000	Loss 0.5310 (0.5313)	Prec@1 83.594 (82.022)	Prec@5 100.000 (99.306)
Epoch: [23][90/391], lr: 0.01000	Loss 0.6139 (0.5369)	Prec@1 76.562 (81.860)	Prec@5 99.219 (99.322)
Epoch: [23][100/391], lr: 0.01000	Loss 0.5786 (0.5390)	Prec@1 82.812 (81.791)	Prec@5 99.219 (99.304)
Epoch: [23][110/391], lr: 0.01000	Loss 0.4861 (0.5383)	Prec@1 82.031 (81.841)	Prec@5 100.000 (99.317)
Epoch: [23][120/391], lr: 0.01000	Loss 0.5816 (0.5448)	Prec@1 80.469 (81.696)	Prec@5 100.000 (99.296)
Epoch: [23][130/391], lr: 0.01000	Loss 0.5875 (0.5515)	Prec@1 83.594 (81.524)	Prec@5 98.438 (99.284)
Epoch: [23][140/391], lr: 0.01000	Loss 0.7649 (0.5570)	Prec@1 78.125 (81.366)	Prec@5 97.656 (99.263)
Epoch: [23][150/391], lr: 0.01000	Loss 0.7461 (0.5624)	Prec@1 75.000 (81.203)	Prec@5 97.656 (99.208)
Epoch: [23][160/391], lr: 0.01000	Loss 0.5244 (0.5626)	Prec@1 81.250 (81.163)	Prec@5 100.000 (99.233)
Epoch: [23][170/391], lr: 0.01000	Loss 0.6007 (0.5626)	Prec@1 83.594 (81.181)	Prec@5 99.219 (99.205)
Epoch: [23][180/391], lr: 0.01000	Loss 0.6426 (0.5625)	Prec@1 78.125 (81.181)	Prec@5 100.000 (99.223)
Epoch: [23][190/391], lr: 0.01000	Loss 0.7623 (0.5667)	Prec@1 77.344 (81.062)	Prec@5 96.875 (99.198)
Epoch: [23][200/391], lr: 0.01000	Loss 0.4732 (0.5653)	Prec@1 84.375 (81.040)	Prec@5 99.219 (99.199)
Epoch: [23][210/391], lr: 0.01000	Loss 0.6658 (0.5648)	Prec@1 76.562 (80.969)	Prec@5 99.219 (99.215)
Epoch: [23][220/391], lr: 0.01000	Loss 0.8896 (0.5683)	Prec@1 69.531 (80.851)	Prec@5 98.438 (99.205)
Epoch: [23][230/391], lr: 0.01000	Loss 0.5561 (0.5674)	Prec@1 81.250 (80.902)	Prec@5 100.000 (99.212)
Epoch: [23][240/391], lr: 0.01000	Loss 0.5633 (0.5671)	Prec@1 80.469 (80.897)	Prec@5 100.000 (99.212)
Epoch: [23][250/391], lr: 0.01000	Loss 0.5395 (0.5657)	Prec@1 79.688 (80.914)	Prec@5 99.219 (99.209)
Epoch: [23][260/391], lr: 0.01000	Loss 0.4346 (0.5645)	Prec@1 86.719 (80.918)	Prec@5 98.438 (99.189)
Epoch: [23][270/391], lr: 0.01000	Loss 0.4418 (0.5650)	Prec@1 80.469 (80.875)	Prec@5 100.000 (99.178)
Epoch: [23][280/391], lr: 0.01000	Loss 0.5954 (0.5645)	Prec@1 79.688 (80.911)	Prec@5 99.219 (99.191)
Epoch: [23][290/391], lr: 0.01000	Loss 0.6096 (0.5640)	Prec@1 80.469 (80.973)	Prec@5 99.219 (99.192)
Epoch: [23][300/391], lr: 0.01000	Loss 0.6233 (0.5644)	Prec@1 78.906 (80.962)	Prec@5 98.438 (99.172)
Epoch: [23][310/391], lr: 0.01000	Loss 0.5069 (0.5630)	Prec@1 82.031 (80.994)	Prec@5 99.219 (99.166)
Epoch: [23][320/391], lr: 0.01000	Loss 0.5785 (0.5651)	Prec@1 81.250 (80.914)	Prec@5 99.219 (99.151)
Epoch: [23][330/391], lr: 0.01000	Loss 0.5846 (0.5642)	Prec@1 78.906 (80.936)	Prec@5 98.438 (99.148)
Epoch: [23][340/391], lr: 0.01000	Loss 0.4533 (0.5654)	Prec@1 85.156 (80.911)	Prec@5 99.219 (99.123)
Epoch: [23][350/391], lr: 0.01000	Loss 0.5988 (0.5650)	Prec@1 81.250 (80.945)	Prec@5 98.438 (99.121)
Epoch: [23][360/391], lr: 0.01000	Loss 0.5752 (0.5654)	Prec@1 84.375 (80.958)	Prec@5 100.000 (99.121)
Epoch: [23][370/391], lr: 0.01000	Loss 0.5463 (0.5642)	Prec@1 80.469 (80.978)	Prec@5 99.219 (99.126)
Epoch: [23][380/391], lr: 0.01000	Loss 0.5359 (0.5636)	Prec@1 82.812 (80.990)	Prec@5 100.000 (99.129)
Epoch: [23][390/391], lr: 0.01000	Loss 0.6374 (0.5643)	Prec@1 80.000 (80.996)	Prec@5 100.000 (99.134)
Epoch [23] Training Results: Prec@1 80.996 Prec@5 99.134             Loss 0.56425
Epoch [23] Training Class Recall: [0.674,0.766,0.695,0.738,0.805,0.840,0.877,0.874,0.908,0.921]

Epoch: [24][0/391], lr: 0.01000	Loss 0.5539 (0.5539)	Prec@1 80.469 (80.469)	Prec@5 98.438 (98.438)
Epoch: [24][10/391], lr: 0.01000	Loss 0.5537 (0.5104)	Prec@1 83.594 (82.102)	Prec@5 99.219 (99.574)
Epoch: [24][20/391], lr: 0.01000	Loss 0.4468 (0.5034)	Prec@1 84.375 (82.589)	Prec@5 100.000 (99.442)
Epoch: [24][30/391], lr: 0.01000	Loss 0.5329 (0.5068)	Prec@1 77.344 (82.359)	Prec@5 98.438 (99.370)
Epoch: [24][40/391], lr: 0.01000	Loss 0.6959 (0.5099)	Prec@1 74.219 (82.241)	Prec@5 99.219 (99.390)
Epoch: [24][50/391], lr: 0.01000	Loss 0.5362 (0.5111)	Prec@1 82.812 (82.200)	Prec@5 99.219 (99.372)
Epoch: [24][60/391], lr: 0.01000	Loss 0.4371 (0.5140)	Prec@1 85.938 (82.236)	Prec@5 99.219 (99.347)
Epoch: [24][70/391], lr: 0.01000	Loss 0.4120 (0.5219)	Prec@1 83.594 (81.998)	Prec@5 99.219 (99.307)
Epoch: [24][80/391], lr: 0.01000	Loss 0.4391 (0.5222)	Prec@1 87.500 (82.108)	Prec@5 99.219 (99.315)
Epoch: [24][90/391], lr: 0.01000	Loss 0.5274 (0.5236)	Prec@1 82.031 (82.186)	Prec@5 100.000 (99.322)
Epoch: [24][100/391], lr: 0.01000	Loss 0.6376 (0.5252)	Prec@1 80.469 (82.217)	Prec@5 99.219 (99.335)
Epoch: [24][110/391], lr: 0.01000	Loss 0.4914 (0.5268)	Prec@1 84.375 (82.221)	Prec@5 97.656 (99.303)
Epoch: [24][120/391], lr: 0.01000	Loss 0.5845 (0.5296)	Prec@1 79.688 (82.096)	Prec@5 100.000 (99.283)
Epoch: [24][130/391], lr: 0.01000	Loss 0.4997 (0.5285)	Prec@1 84.375 (82.127)	Prec@5 99.219 (99.249)
Epoch: [24][140/391], lr: 0.01000	Loss 0.5163 (0.5302)	Prec@1 83.594 (82.092)	Prec@5 98.438 (99.219)
Epoch: [24][150/391], lr: 0.01000	Loss 0.5843 (0.5334)	Prec@1 79.688 (81.980)	Prec@5 100.000 (99.219)
Epoch: [24][160/391], lr: 0.01000	Loss 0.5051 (0.5346)	Prec@1 86.719 (82.007)	Prec@5 98.438 (99.228)
Epoch: [24][170/391], lr: 0.01000	Loss 0.4090 (0.5343)	Prec@1 87.500 (82.059)	Prec@5 98.438 (99.210)
Epoch: [24][180/391], lr: 0.01000	Loss 0.5858 (0.5358)	Prec@1 76.562 (82.010)	Prec@5 100.000 (99.197)
Epoch: [24][190/391], lr: 0.01000	Loss 0.5229 (0.5381)	Prec@1 82.812 (81.913)	Prec@5 100.000 (99.211)
Epoch: [24][200/391], lr: 0.01000	Loss 0.5816 (0.5407)	Prec@1 81.250 (81.845)	Prec@5 99.219 (99.207)
Epoch: [24][210/391], lr: 0.01000	Loss 0.5837 (0.5421)	Prec@1 82.812 (81.857)	Prec@5 100.000 (99.211)
Epoch: [24][220/391], lr: 0.01000	Loss 0.6181 (0.5420)	Prec@1 82.031 (81.840)	Prec@5 99.219 (99.215)
Epoch: [24][230/391], lr: 0.01000	Loss 0.4491 (0.5411)	Prec@1 85.938 (81.849)	Prec@5 99.219 (99.229)
Epoch: [24][240/391], lr: 0.01000	Loss 0.6111 (0.5431)	Prec@1 80.469 (81.808)	Prec@5 99.219 (99.212)
Epoch: [24][250/391], lr: 0.01000	Loss 0.5163 (0.5436)	Prec@1 82.031 (81.767)	Prec@5 99.219 (99.213)
Epoch: [24][260/391], lr: 0.01000	Loss 0.5801 (0.5458)	Prec@1 80.469 (81.681)	Prec@5 100.000 (99.216)
Epoch: [24][270/391], lr: 0.01000	Loss 0.4576 (0.5453)	Prec@1 85.156 (81.674)	Prec@5 100.000 (99.207)
Epoch: [24][280/391], lr: 0.01000	Loss 0.4526 (0.5454)	Prec@1 82.812 (81.664)	Prec@5 100.000 (99.216)
Epoch: [24][290/391], lr: 0.01000	Loss 0.5319 (0.5462)	Prec@1 83.594 (81.642)	Prec@5 99.219 (99.208)
Epoch: [24][300/391], lr: 0.01000	Loss 0.5552 (0.5462)	Prec@1 80.469 (81.668)	Prec@5 100.000 (99.208)
Epoch: [24][310/391], lr: 0.01000	Loss 0.5643 (0.5451)	Prec@1 81.250 (81.720)	Prec@5 99.219 (99.214)
Epoch: [24][320/391], lr: 0.01000	Loss 0.5618 (0.5438)	Prec@1 84.375 (81.795)	Prec@5 99.219 (99.221)
Epoch: [24][330/391], lr: 0.01000	Loss 0.5529 (0.5444)	Prec@1 80.469 (81.781)	Prec@5 100.000 (99.226)
Epoch: [24][340/391], lr: 0.01000	Loss 0.4790 (0.5452)	Prec@1 85.156 (81.749)	Prec@5 99.219 (99.228)
Epoch: [24][350/391], lr: 0.01000	Loss 0.5615 (0.5464)	Prec@1 82.031 (81.737)	Prec@5 98.438 (99.221)
Epoch: [24][360/391], lr: 0.01000	Loss 0.5126 (0.5470)	Prec@1 80.469 (81.698)	Prec@5 100.000 (99.214)
Epoch: [24][370/391], lr: 0.01000	Loss 0.4984 (0.5469)	Prec@1 81.250 (81.705)	Prec@5 100.000 (99.217)
Epoch: [24][380/391], lr: 0.01000	Loss 0.5875 (0.5474)	Prec@1 81.250 (81.679)	Prec@5 100.000 (99.225)
Epoch: [24][390/391], lr: 0.01000	Loss 0.6382 (0.5484)	Prec@1 80.000 (81.662)	Prec@5 100.000 (99.212)
Epoch [24] Training Results: Prec@1 81.662 Prec@5 99.212             Loss 0.54845
Epoch [24] Training Class Recall: [0.678,0.770,0.707,0.757,0.815,0.842,0.878,0.889,0.912,0.918]

Epoch: [25][0/391], lr: 0.01000	Loss 0.4518 (0.4518)	Prec@1 85.156 (85.156)	Prec@5 99.219 (99.219)
Epoch: [25][10/391], lr: 0.01000	Loss 0.2854 (0.5061)	Prec@1 92.969 (83.310)	Prec@5 99.219 (98.935)
Epoch: [25][20/391], lr: 0.01000	Loss 0.6068 (0.4947)	Prec@1 78.125 (83.557)	Prec@5 100.000 (99.256)
Epoch: [25][30/391], lr: 0.01000	Loss 0.4820 (0.4735)	Prec@1 84.375 (84.274)	Prec@5 98.438 (99.244)
Epoch: [25][40/391], lr: 0.01000	Loss 0.4655 (0.4730)	Prec@1 80.469 (84.223)	Prec@5 100.000 (99.276)
Epoch: [25][50/391], lr: 0.01000	Loss 0.4998 (0.4750)	Prec@1 83.594 (84.084)	Prec@5 100.000 (99.311)
Epoch: [25][60/391], lr: 0.01000	Loss 0.4665 (0.4801)	Prec@1 85.938 (83.978)	Prec@5 100.000 (99.308)
Epoch: [25][70/391], lr: 0.01000	Loss 0.4373 (0.4873)	Prec@1 85.156 (83.693)	Prec@5 99.219 (99.241)
Epoch: [25][80/391], lr: 0.01000	Loss 0.5557 (0.4973)	Prec@1 84.375 (83.391)	Prec@5 100.000 (99.257)
Epoch: [25][90/391], lr: 0.01000	Loss 0.4685 (0.5004)	Prec@1 81.250 (83.353)	Prec@5 100.000 (99.227)
Epoch: [25][100/391], lr: 0.01000	Loss 0.4936 (0.5006)	Prec@1 85.938 (83.346)	Prec@5 98.438 (99.257)
Epoch: [25][110/391], lr: 0.01000	Loss 0.4859 (0.5049)	Prec@1 84.375 (83.178)	Prec@5 99.219 (99.233)
Epoch: [25][120/391], lr: 0.01000	Loss 0.5737 (0.5088)	Prec@1 81.250 (83.026)	Prec@5 100.000 (99.212)
Epoch: [25][130/391], lr: 0.01000	Loss 0.5063 (0.5065)	Prec@1 82.812 (83.039)	Prec@5 98.438 (99.225)
Epoch: [25][140/391], lr: 0.01000	Loss 0.5628 (0.5037)	Prec@1 81.250 (83.178)	Prec@5 99.219 (99.235)
Epoch: [25][150/391], lr: 0.01000	Loss 0.4619 (0.5031)	Prec@1 83.594 (83.123)	Prec@5 100.000 (99.250)
Epoch: [25][160/391], lr: 0.01000	Loss 0.5521 (0.5028)	Prec@1 78.906 (83.142)	Prec@5 100.000 (99.258)
Epoch: [25][170/391], lr: 0.01000	Loss 0.5973 (0.5036)	Prec@1 77.344 (83.178)	Prec@5 99.219 (99.255)
Epoch: [25][180/391], lr: 0.01000	Loss 0.5563 (0.5085)	Prec@1 78.906 (83.033)	Prec@5 99.219 (99.240)
Epoch: [25][190/391], lr: 0.01000	Loss 0.7011 (0.5069)	Prec@1 71.875 (83.074)	Prec@5 99.219 (99.247)
Epoch: [25][200/391], lr: 0.01000	Loss 0.5281 (0.5067)	Prec@1 86.719 (83.127)	Prec@5 98.438 (99.250)
Epoch: [25][210/391], lr: 0.01000	Loss 0.5979 (0.5087)	Prec@1 78.906 (83.046)	Prec@5 98.438 (99.252)
Epoch: [25][220/391], lr: 0.01000	Loss 0.4083 (0.5092)	Prec@1 85.938 (83.056)	Prec@5 100.000 (99.254)
Epoch: [25][230/391], lr: 0.01000	Loss 0.4219 (0.5090)	Prec@1 84.375 (83.063)	Prec@5 100.000 (99.253)
Epoch: [25][240/391], lr: 0.01000	Loss 0.4218 (0.5092)	Prec@1 83.594 (83.049)	Prec@5 99.219 (99.251)
Epoch: [25][250/391], lr: 0.01000	Loss 0.6221 (0.5101)	Prec@1 82.812 (83.058)	Prec@5 99.219 (99.247)
Epoch: [25][260/391], lr: 0.01000	Loss 0.5061 (0.5103)	Prec@1 81.250 (83.055)	Prec@5 99.219 (99.240)
Epoch: [25][270/391], lr: 0.01000	Loss 0.5056 (0.5120)	Prec@1 82.031 (83.006)	Prec@5 98.438 (99.233)
Epoch: [25][280/391], lr: 0.01000	Loss 0.3765 (0.5114)	Prec@1 88.281 (83.007)	Prec@5 100.000 (99.249)
Epoch: [25][290/391], lr: 0.01000	Loss 0.6920 (0.5135)	Prec@1 82.031 (82.944)	Prec@5 97.656 (99.246)
Epoch: [25][300/391], lr: 0.01000	Loss 0.4706 (0.5160)	Prec@1 82.812 (82.831)	Prec@5 100.000 (99.245)
Epoch: [25][310/391], lr: 0.01000	Loss 0.7062 (0.5186)	Prec@1 78.906 (82.737)	Prec@5 96.875 (99.221)
Epoch: [25][320/391], lr: 0.01000	Loss 0.4438 (0.5200)	Prec@1 85.156 (82.681)	Prec@5 100.000 (99.224)
Epoch: [25][330/391], lr: 0.01000	Loss 0.5019 (0.5185)	Prec@1 83.594 (82.728)	Prec@5 100.000 (99.228)
Epoch: [25][340/391], lr: 0.01000	Loss 0.7994 (0.5199)	Prec@1 70.312 (82.682)	Prec@5 99.219 (99.226)
Epoch: [25][350/391], lr: 0.01000	Loss 0.4819 (0.5201)	Prec@1 86.719 (82.710)	Prec@5 98.438 (99.219)
Epoch: [25][360/391], lr: 0.01000	Loss 0.5720 (0.5197)	Prec@1 82.812 (82.748)	Prec@5 98.438 (99.227)
Epoch: [25][370/391], lr: 0.01000	Loss 0.5337 (0.5201)	Prec@1 81.250 (82.711)	Prec@5 99.219 (99.225)
Epoch: [25][380/391], lr: 0.01000	Loss 0.3934 (0.5198)	Prec@1 85.938 (82.708)	Prec@5 99.219 (99.223)
Epoch: [25][390/391], lr: 0.01000	Loss 0.5260 (0.5201)	Prec@1 81.250 (82.682)	Prec@5 98.750 (99.222)
Epoch [25] Training Results: Prec@1 82.682 Prec@5 99.222             Loss 0.52010
Epoch [25] Training Class Recall: [0.680,0.777,0.724,0.774,0.822,0.852,0.888,0.900,0.917,0.933]

Epoch: [26][0/391], lr: 0.01000	Loss 0.4743 (0.4743)	Prec@1 81.250 (81.250)	Prec@5 99.219 (99.219)
Epoch: [26][10/391], lr: 0.01000	Loss 0.5202 (0.5489)	Prec@1 82.031 (81.463)	Prec@5 100.000 (99.219)
Epoch: [26][20/391], lr: 0.01000	Loss 0.5174 (0.5304)	Prec@1 85.156 (82.552)	Prec@5 99.219 (99.293)
Epoch: [26][30/391], lr: 0.01000	Loss 0.4484 (0.5187)	Prec@1 85.156 (82.939)	Prec@5 100.000 (99.294)
Epoch: [26][40/391], lr: 0.01000	Loss 0.4467 (0.5159)	Prec@1 84.375 (82.927)	Prec@5 100.000 (99.276)
Epoch: [26][50/391], lr: 0.01000	Loss 0.5239 (0.5072)	Prec@1 85.156 (83.287)	Prec@5 99.219 (99.249)
Epoch: [26][60/391], lr: 0.01000	Loss 0.5594 (0.5016)	Prec@1 82.812 (83.466)	Prec@5 98.438 (99.308)
Epoch: [26][70/391], lr: 0.01000	Loss 0.5708 (0.5083)	Prec@1 83.594 (83.473)	Prec@5 98.438 (99.329)
Epoch: [26][80/391], lr: 0.01000	Loss 0.5608 (0.5108)	Prec@1 81.250 (83.295)	Prec@5 99.219 (99.325)
Epoch: [26][90/391], lr: 0.01000	Loss 0.3942 (0.5132)	Prec@1 86.719 (83.207)	Prec@5 99.219 (99.313)
Epoch: [26][100/391], lr: 0.01000	Loss 0.7222 (0.5147)	Prec@1 78.906 (83.161)	Prec@5 98.438 (99.304)
Epoch: [26][110/391], lr: 0.01000	Loss 0.5011 (0.5146)	Prec@1 82.031 (83.024)	Prec@5 98.438 (99.317)
Epoch: [26][120/391], lr: 0.01000	Loss 0.5816 (0.5174)	Prec@1 75.781 (82.871)	Prec@5 99.219 (99.329)
Epoch: [26][130/391], lr: 0.01000	Loss 0.6019 (0.5178)	Prec@1 76.562 (82.860)	Prec@5 99.219 (99.320)
Epoch: [26][140/391], lr: 0.01000	Loss 0.4927 (0.5214)	Prec@1 81.250 (82.768)	Prec@5 100.000 (99.324)
Epoch: [26][150/391], lr: 0.01000	Loss 0.5430 (0.5247)	Prec@1 81.250 (82.580)	Prec@5 97.656 (99.296)
Epoch: [26][160/391], lr: 0.01000	Loss 0.4934 (0.5250)	Prec@1 82.812 (82.599)	Prec@5 100.000 (99.292)
Epoch: [26][170/391], lr: 0.01000	Loss 0.6537 (0.5244)	Prec@1 82.031 (82.584)	Prec@5 96.875 (99.278)
Epoch: [26][180/391], lr: 0.01000	Loss 0.4716 (0.5233)	Prec@1 86.719 (82.614)	Prec@5 100.000 (99.288)
Epoch: [26][190/391], lr: 0.01000	Loss 0.5230 (0.5231)	Prec@1 81.250 (82.596)	Prec@5 99.219 (99.280)
Epoch: [26][200/391], lr: 0.01000	Loss 0.6307 (0.5229)	Prec@1 78.125 (82.618)	Prec@5 99.219 (99.269)
Epoch: [26][210/391], lr: 0.01000	Loss 0.6758 (0.5222)	Prec@1 74.219 (82.638)	Prec@5 100.000 (99.274)
Epoch: [26][220/391], lr: 0.01000	Loss 0.6945 (0.5208)	Prec@1 78.125 (82.703)	Prec@5 98.438 (99.279)
Epoch: [26][230/391], lr: 0.01000	Loss 0.5409 (0.5175)	Prec@1 81.250 (82.792)	Prec@5 99.219 (99.280)
Epoch: [26][240/391], lr: 0.01000	Loss 0.5804 (0.5173)	Prec@1 78.125 (82.822)	Prec@5 99.219 (99.274)
Epoch: [26][250/391], lr: 0.01000	Loss 0.6504 (0.5188)	Prec@1 74.219 (82.750)	Prec@5 100.000 (99.256)
Epoch: [26][260/391], lr: 0.01000	Loss 0.5393 (0.5200)	Prec@1 82.812 (82.687)	Prec@5 97.656 (99.246)
Epoch: [26][270/391], lr: 0.01000	Loss 0.5749 (0.5231)	Prec@1 79.688 (82.619)	Prec@5 97.656 (99.225)
Epoch: [26][280/391], lr: 0.01000	Loss 0.5292 (0.5235)	Prec@1 81.250 (82.615)	Prec@5 99.219 (99.235)
Epoch: [26][290/391], lr: 0.01000	Loss 0.6291 (0.5252)	Prec@1 85.938 (82.582)	Prec@5 97.656 (99.229)
Epoch: [26][300/391], lr: 0.01000	Loss 0.6460 (0.5256)	Prec@1 75.781 (82.550)	Prec@5 99.219 (99.242)
Epoch: [26][310/391], lr: 0.01000	Loss 0.5934 (0.5272)	Prec@1 80.469 (82.471)	Prec@5 99.219 (99.246)
Epoch: [26][320/391], lr: 0.01000	Loss 0.4882 (0.5264)	Prec@1 82.812 (82.503)	Prec@5 99.219 (99.255)
Epoch: [26][330/391], lr: 0.01000	Loss 0.4722 (0.5267)	Prec@1 80.469 (82.468)	Prec@5 100.000 (99.257)
Epoch: [26][340/391], lr: 0.01000	Loss 0.6657 (0.5274)	Prec@1 80.469 (82.439)	Prec@5 97.656 (99.246)
Epoch: [26][350/391], lr: 0.01000	Loss 0.3214 (0.5266)	Prec@1 89.062 (82.472)	Prec@5 100.000 (99.250)
Epoch: [26][360/391], lr: 0.01000	Loss 0.5894 (0.5272)	Prec@1 82.812 (82.438)	Prec@5 99.219 (99.253)
Epoch: [26][370/391], lr: 0.01000	Loss 0.5803 (0.5278)	Prec@1 80.469 (82.417)	Prec@5 99.219 (99.259)
Epoch: [26][380/391], lr: 0.01000	Loss 0.3968 (0.5268)	Prec@1 88.281 (82.472)	Prec@5 100.000 (99.268)
Epoch: [26][390/391], lr: 0.01000	Loss 0.3737 (0.5258)	Prec@1 87.500 (82.494)	Prec@5 100.000 (99.276)
Epoch [26] Training Results: Prec@1 82.494 Prec@5 99.276             Loss 0.52576
Epoch [26] Training Class Recall: [0.683,0.781,0.716,0.772,0.831,0.851,0.887,0.886,0.917,0.926]

Epoch: [27][0/391], lr: 0.01000	Loss 0.4844 (0.4844)	Prec@1 82.812 (82.812)	Prec@5 98.438 (98.438)
Epoch: [27][10/391], lr: 0.01000	Loss 0.3491 (0.4822)	Prec@1 86.719 (84.730)	Prec@5 100.000 (99.219)
Epoch: [27][20/391], lr: 0.01000	Loss 0.4832 (0.4724)	Prec@1 81.250 (84.375)	Prec@5 99.219 (99.479)
Epoch: [27][30/391], lr: 0.01000	Loss 0.4926 (0.4869)	Prec@1 85.938 (84.199)	Prec@5 100.000 (99.345)
Epoch: [27][40/391], lr: 0.01000	Loss 0.5806 (0.4875)	Prec@1 78.906 (84.204)	Prec@5 100.000 (99.276)
Epoch: [27][50/391], lr: 0.01000	Loss 0.4658 (0.4890)	Prec@1 84.375 (83.869)	Prec@5 100.000 (99.341)
Epoch: [27][60/391], lr: 0.01000	Loss 0.5635 (0.4992)	Prec@1 82.812 (83.248)	Prec@5 98.438 (99.296)
Epoch: [27][70/391], lr: 0.01000	Loss 0.5258 (0.5050)	Prec@1 82.031 (83.088)	Prec@5 99.219 (99.285)
Epoch: [27][80/391], lr: 0.01000	Loss 0.4930 (0.5066)	Prec@1 81.250 (83.083)	Prec@5 100.000 (99.325)
Epoch: [27][90/391], lr: 0.01000	Loss 0.5250 (0.5132)	Prec@1 79.688 (82.744)	Prec@5 100.000 (99.339)
Epoch: [27][100/391], lr: 0.01000	Loss 0.5560 (0.5147)	Prec@1 84.375 (82.789)	Prec@5 100.000 (99.350)
Epoch: [27][110/391], lr: 0.01000	Loss 0.5428 (0.5155)	Prec@1 82.031 (82.770)	Prec@5 100.000 (99.331)
Epoch: [27][120/391], lr: 0.01000	Loss 0.5703 (0.5122)	Prec@1 84.375 (82.903)	Prec@5 98.438 (99.316)
Epoch: [27][130/391], lr: 0.01000	Loss 0.4491 (0.5114)	Prec@1 88.281 (82.962)	Prec@5 99.219 (99.320)
Epoch: [27][140/391], lr: 0.01000	Loss 0.4930 (0.5097)	Prec@1 85.156 (83.029)	Prec@5 100.000 (99.324)
Epoch: [27][150/391], lr: 0.01000	Loss 0.4388 (0.5090)	Prec@1 85.156 (83.076)	Prec@5 100.000 (99.312)
Epoch: [27][160/391], lr: 0.01000	Loss 0.5059 (0.5100)	Prec@1 80.469 (83.050)	Prec@5 99.219 (99.311)
Epoch: [27][170/391], lr: 0.01000	Loss 0.4065 (0.5088)	Prec@1 83.594 (83.041)	Prec@5 99.219 (99.315)
Epoch: [27][180/391], lr: 0.01000	Loss 0.4742 (0.5062)	Prec@1 82.812 (83.102)	Prec@5 100.000 (99.327)
Epoch: [27][190/391], lr: 0.01000	Loss 0.5540 (0.5051)	Prec@1 84.375 (83.087)	Prec@5 99.219 (99.321)
Epoch: [27][200/391], lr: 0.01000	Loss 0.6957 (0.5074)	Prec@1 75.781 (82.995)	Prec@5 99.219 (99.324)
Epoch: [27][210/391], lr: 0.01000	Loss 0.4785 (0.5066)	Prec@1 86.719 (83.035)	Prec@5 100.000 (99.341)
Epoch: [27][220/391], lr: 0.01000	Loss 0.4695 (0.5072)	Prec@1 88.281 (83.007)	Prec@5 100.000 (99.342)
Epoch: [27][230/391], lr: 0.01000	Loss 0.4111 (0.5056)	Prec@1 83.594 (83.046)	Prec@5 99.219 (99.354)
Epoch: [27][240/391], lr: 0.01000	Loss 0.4493 (0.5042)	Prec@1 86.719 (83.078)	Prec@5 100.000 (99.345)
Epoch: [27][250/391], lr: 0.01000	Loss 0.5461 (0.5068)	Prec@1 83.594 (82.999)	Prec@5 99.219 (99.340)
Epoch: [27][260/391], lr: 0.01000	Loss 0.4613 (0.5076)	Prec@1 84.375 (82.971)	Prec@5 100.000 (99.335)
Epoch: [27][270/391], lr: 0.01000	Loss 0.5050 (0.5079)	Prec@1 82.031 (82.942)	Prec@5 99.219 (99.340)
Epoch: [27][280/391], lr: 0.01000	Loss 0.4909 (0.5085)	Prec@1 85.156 (82.890)	Prec@5 100.000 (99.327)
Epoch: [27][290/391], lr: 0.01000	Loss 0.6571 (0.5087)	Prec@1 79.688 (82.880)	Prec@5 98.438 (99.334)
Epoch: [27][300/391], lr: 0.01000	Loss 0.4400 (0.5083)	Prec@1 84.375 (82.914)	Prec@5 99.219 (99.328)
Epoch: [27][310/391], lr: 0.01000	Loss 0.5044 (0.5105)	Prec@1 84.375 (82.873)	Prec@5 99.219 (99.314)
Epoch: [27][320/391], lr: 0.01000	Loss 0.5103 (0.5105)	Prec@1 80.469 (82.851)	Prec@5 100.000 (99.319)
Epoch: [27][330/391], lr: 0.01000	Loss 0.4801 (0.5121)	Prec@1 84.375 (82.812)	Prec@5 98.438 (99.308)
Epoch: [27][340/391], lr: 0.01000	Loss 0.5269 (0.5135)	Prec@1 85.938 (82.778)	Prec@5 99.219 (99.310)
Epoch: [27][350/391], lr: 0.01000	Loss 0.4677 (0.5139)	Prec@1 82.031 (82.761)	Prec@5 99.219 (99.319)
Epoch: [27][360/391], lr: 0.01000	Loss 0.6295 (0.5142)	Prec@1 81.250 (82.767)	Prec@5 99.219 (99.314)
Epoch: [27][370/391], lr: 0.01000	Loss 0.6182 (0.5161)	Prec@1 78.125 (82.716)	Prec@5 97.656 (99.309)
Epoch: [27][380/391], lr: 0.01000	Loss 0.5165 (0.5180)	Prec@1 82.031 (82.634)	Prec@5 98.438 (99.288)
Epoch: [27][390/391], lr: 0.01000	Loss 0.6261 (0.5187)	Prec@1 76.250 (82.614)	Prec@5 100.000 (99.296)
Epoch [27] Training Results: Prec@1 82.614 Prec@5 99.296             Loss 0.51866
Epoch [27] Training Class Recall: [0.691,0.778,0.719,0.766,0.831,0.856,0.889,0.894,0.915,0.923]

Epoch: [28][0/391], lr: 0.01000	Loss 0.4154 (0.4154)	Prec@1 82.812 (82.812)	Prec@5 100.000 (100.000)
Epoch: [28][10/391], lr: 0.01000	Loss 0.4510 (0.4821)	Prec@1 85.156 (84.020)	Prec@5 100.000 (99.645)
Epoch: [28][20/391], lr: 0.01000	Loss 0.5961 (0.4804)	Prec@1 82.031 (84.077)	Prec@5 100.000 (99.516)
Epoch: [28][30/391], lr: 0.01000	Loss 0.5137 (0.4827)	Prec@1 82.812 (84.047)	Prec@5 99.219 (99.420)
Epoch: [28][40/391], lr: 0.01000	Loss 0.5264 (0.4696)	Prec@1 84.375 (84.470)	Prec@5 100.000 (99.505)
Epoch: [28][50/391], lr: 0.01000	Loss 0.2820 (0.4709)	Prec@1 91.406 (84.314)	Prec@5 98.438 (99.479)
Epoch: [28][60/391], lr: 0.01000	Loss 0.5065 (0.4766)	Prec@1 82.031 (84.144)	Prec@5 100.000 (99.411)
Epoch: [28][70/391], lr: 0.01000	Loss 0.3908 (0.4751)	Prec@1 85.938 (84.122)	Prec@5 100.000 (99.417)
Epoch: [28][80/391], lr: 0.01000	Loss 0.4972 (0.4804)	Prec@1 86.719 (83.854)	Prec@5 100.000 (99.421)
Epoch: [28][90/391], lr: 0.01000	Loss 0.5010 (0.4783)	Prec@1 81.250 (83.886)	Prec@5 100.000 (99.416)
Epoch: [28][100/391], lr: 0.01000	Loss 0.4704 (0.4766)	Prec@1 85.938 (84.011)	Prec@5 99.219 (99.335)
Epoch: [28][110/391], lr: 0.01000	Loss 0.5804 (0.4811)	Prec@1 80.469 (83.903)	Prec@5 100.000 (99.331)
Epoch: [28][120/391], lr: 0.01000	Loss 0.6522 (0.4830)	Prec@1 78.906 (83.858)	Prec@5 100.000 (99.316)
Epoch: [28][130/391], lr: 0.01000	Loss 0.4207 (0.4862)	Prec@1 88.281 (83.695)	Prec@5 99.219 (99.320)
Epoch: [28][140/391], lr: 0.01000	Loss 0.6852 (0.4928)	Prec@1 79.688 (83.544)	Prec@5 99.219 (99.302)
Epoch: [28][150/391], lr: 0.01000	Loss 0.6811 (0.4967)	Prec@1 72.656 (83.392)	Prec@5 99.219 (99.281)
Epoch: [28][160/391], lr: 0.01000	Loss 0.4671 (0.4986)	Prec@1 83.594 (83.341)	Prec@5 99.219 (99.267)
Epoch: [28][170/391], lr: 0.01000	Loss 0.4660 (0.4971)	Prec@1 83.594 (83.402)	Prec@5 98.438 (99.274)
Epoch: [28][180/391], lr: 0.01000	Loss 0.4850 (0.4956)	Prec@1 86.719 (83.473)	Prec@5 99.219 (99.292)
Epoch: [28][190/391], lr: 0.01000	Loss 0.4761 (0.4951)	Prec@1 82.812 (83.541)	Prec@5 99.219 (99.280)
Epoch: [28][200/391], lr: 0.01000	Loss 0.5620 (0.4946)	Prec@1 78.906 (83.500)	Prec@5 100.000 (99.296)
Epoch: [28][210/391], lr: 0.01000	Loss 0.5114 (0.4937)	Prec@1 80.469 (83.509)	Prec@5 100.000 (99.304)
Epoch: [28][220/391], lr: 0.01000	Loss 0.6925 (0.4950)	Prec@1 73.438 (83.431)	Prec@5 99.219 (99.307)
Epoch: [28][230/391], lr: 0.01000	Loss 0.4823 (0.4935)	Prec@1 82.031 (83.442)	Prec@5 98.438 (99.327)
Epoch: [28][240/391], lr: 0.01000	Loss 0.6271 (0.4931)	Prec@1 81.250 (83.428)	Prec@5 97.656 (99.329)
Epoch: [28][250/391], lr: 0.01000	Loss 0.5295 (0.4930)	Prec@1 82.031 (83.479)	Prec@5 99.219 (99.325)
Epoch: [28][260/391], lr: 0.01000	Loss 0.5294 (0.4927)	Prec@1 81.250 (83.474)	Prec@5 99.219 (99.329)
Epoch: [28][270/391], lr: 0.01000	Loss 0.5491 (0.4949)	Prec@1 83.594 (83.427)	Prec@5 99.219 (99.323)
Epoch: [28][280/391], lr: 0.01000	Loss 0.4382 (0.4964)	Prec@1 86.719 (83.407)	Prec@5 100.000 (99.322)
Epoch: [28][290/391], lr: 0.01000	Loss 0.4741 (0.4967)	Prec@1 85.156 (83.468)	Prec@5 99.219 (99.329)
Epoch: [28][300/391], lr: 0.01000	Loss 0.5523 (0.4975)	Prec@1 83.594 (83.448)	Prec@5 97.656 (99.320)
Epoch: [28][310/391], lr: 0.01000	Loss 0.6102 (0.4987)	Prec@1 82.812 (83.438)	Prec@5 98.438 (99.319)
Epoch: [28][320/391], lr: 0.01000	Loss 0.4670 (0.4985)	Prec@1 83.594 (83.433)	Prec@5 100.000 (99.331)
Epoch: [28][330/391], lr: 0.01000	Loss 0.5339 (0.4977)	Prec@1 79.688 (83.440)	Prec@5 100.000 (99.337)
Epoch: [28][340/391], lr: 0.01000	Loss 0.5142 (0.4971)	Prec@1 85.156 (83.461)	Prec@5 100.000 (99.345)
Epoch: [28][350/391], lr: 0.01000	Loss 0.5632 (0.4968)	Prec@1 82.812 (83.469)	Prec@5 98.438 (99.348)
Epoch: [28][360/391], lr: 0.01000	Loss 0.6081 (0.4969)	Prec@1 78.125 (83.457)	Prec@5 99.219 (99.346)
Epoch: [28][370/391], lr: 0.01000	Loss 0.3866 (0.4984)	Prec@1 86.719 (83.429)	Prec@5 100.000 (99.351)
Epoch: [28][380/391], lr: 0.01000	Loss 0.3465 (0.4986)	Prec@1 85.938 (83.401)	Prec@5 100.000 (99.344)
Epoch: [28][390/391], lr: 0.01000	Loss 0.6849 (0.4987)	Prec@1 78.750 (83.396)	Prec@5 97.500 (99.336)
Epoch [28] Training Results: Prec@1 83.396 Prec@5 99.336             Loss 0.49868
Epoch [28] Training Class Recall: [0.703,0.788,0.731,0.780,0.836,0.867,0.890,0.896,0.920,0.929]

Epoch: [29][0/391], lr: 0.01000	Loss 0.4081 (0.4081)	Prec@1 89.062 (89.062)	Prec@5 100.000 (100.000)
Epoch: [29][10/391], lr: 0.01000	Loss 0.3655 (0.4582)	Prec@1 92.188 (84.517)	Prec@5 99.219 (99.290)
Epoch: [29][20/391], lr: 0.01000	Loss 0.5524 (0.4574)	Prec@1 79.688 (84.561)	Prec@5 98.438 (99.442)
Epoch: [29][30/391], lr: 0.01000	Loss 0.3119 (0.4456)	Prec@1 89.062 (85.383)	Prec@5 99.219 (99.395)
Epoch: [29][40/391], lr: 0.01000	Loss 0.3160 (0.4443)	Prec@1 88.281 (85.080)	Prec@5 100.000 (99.390)
Epoch: [29][50/391], lr: 0.01000	Loss 0.5312 (0.4425)	Prec@1 85.156 (85.218)	Prec@5 97.656 (99.387)
Epoch: [29][60/391], lr: 0.01000	Loss 0.4501 (0.4444)	Prec@1 85.156 (85.156)	Prec@5 98.438 (99.411)
Epoch: [29][70/391], lr: 0.01000	Loss 0.5252 (0.4497)	Prec@1 82.812 (84.980)	Prec@5 100.000 (99.417)
Epoch: [29][80/391], lr: 0.01000	Loss 0.5517 (0.4564)	Prec@1 78.906 (84.684)	Prec@5 99.219 (99.373)
Epoch: [29][90/391], lr: 0.01000	Loss 0.5256 (0.4623)	Prec@1 82.812 (84.547)	Prec@5 99.219 (99.330)
Epoch: [29][100/391], lr: 0.01000	Loss 0.6470 (0.4687)	Prec@1 78.906 (84.329)	Prec@5 100.000 (99.304)
Epoch: [29][110/391], lr: 0.01000	Loss 0.4600 (0.4742)	Prec@1 84.375 (84.108)	Prec@5 100.000 (99.324)
Epoch: [29][120/391], lr: 0.01000	Loss 0.4693 (0.4753)	Prec@1 82.812 (83.955)	Prec@5 98.438 (99.329)
Epoch: [29][130/391], lr: 0.01000	Loss 0.5533 (0.4755)	Prec@1 81.250 (84.017)	Prec@5 99.219 (99.344)
Epoch: [29][140/391], lr: 0.01000	Loss 0.4920 (0.4730)	Prec@1 79.688 (84.109)	Prec@5 100.000 (99.346)
Epoch: [29][150/391], lr: 0.01000	Loss 0.4682 (0.4710)	Prec@1 85.938 (84.230)	Prec@5 98.438 (99.338)
Epoch: [29][160/391], lr: 0.01000	Loss 0.4277 (0.4704)	Prec@1 85.938 (84.288)	Prec@5 100.000 (99.335)
Epoch: [29][170/391], lr: 0.01000	Loss 0.6446 (0.4710)	Prec@1 78.125 (84.247)	Prec@5 99.219 (99.342)
Epoch: [29][180/391], lr: 0.01000	Loss 0.6843 (0.4708)	Prec@1 79.688 (84.271)	Prec@5 97.656 (99.344)
Epoch: [29][190/391], lr: 0.01000	Loss 0.3907 (0.4725)	Prec@1 88.281 (84.224)	Prec@5 98.438 (99.350)
Epoch: [29][200/391], lr: 0.01000	Loss 0.4604 (0.4758)	Prec@1 85.938 (84.196)	Prec@5 100.000 (99.351)
Epoch: [29][210/391], lr: 0.01000	Loss 0.4841 (0.4777)	Prec@1 82.031 (84.120)	Prec@5 100.000 (99.359)
Epoch: [29][220/391], lr: 0.01000	Loss 0.5307 (0.4811)	Prec@1 81.250 (83.976)	Prec@5 99.219 (99.357)
Epoch: [29][230/391], lr: 0.01000	Loss 0.5687 (0.4830)	Prec@1 85.938 (83.898)	Prec@5 100.000 (99.357)
Epoch: [29][240/391], lr: 0.01000	Loss 0.7115 (0.4874)	Prec@1 71.875 (83.733)	Prec@5 98.438 (99.329)
Epoch: [29][250/391], lr: 0.01000	Loss 0.6360 (0.4896)	Prec@1 78.906 (83.637)	Prec@5 99.219 (99.328)
Epoch: [29][260/391], lr: 0.01000	Loss 0.4936 (0.4899)	Prec@1 82.812 (83.621)	Prec@5 99.219 (99.327)
Epoch: [29][270/391], lr: 0.01000	Loss 0.5962 (0.4907)	Prec@1 81.250 (83.608)	Prec@5 97.656 (99.314)
Epoch: [29][280/391], lr: 0.01000	Loss 0.5488 (0.4906)	Prec@1 83.594 (83.638)	Prec@5 97.656 (99.302)
Epoch: [29][290/391], lr: 0.01000	Loss 0.3975 (0.4904)	Prec@1 85.156 (83.647)	Prec@5 100.000 (99.297)
Epoch: [29][300/391], lr: 0.01000	Loss 0.4791 (0.4931)	Prec@1 85.156 (83.555)	Prec@5 100.000 (99.294)
Epoch: [29][310/391], lr: 0.01000	Loss 0.6510 (0.4928)	Prec@1 80.469 (83.591)	Prec@5 99.219 (99.304)
Epoch: [29][320/391], lr: 0.01000	Loss 0.3879 (0.4919)	Prec@1 87.500 (83.633)	Prec@5 100.000 (99.306)
Epoch: [29][330/391], lr: 0.01000	Loss 0.4009 (0.4917)	Prec@1 88.281 (83.662)	Prec@5 98.438 (99.301)
Epoch: [29][340/391], lr: 0.01000	Loss 0.5212 (0.4893)	Prec@1 79.688 (83.706)	Prec@5 98.438 (99.313)
Epoch: [29][350/391], lr: 0.01000	Loss 0.4501 (0.4883)	Prec@1 84.375 (83.743)	Prec@5 98.438 (99.308)
Epoch: [29][360/391], lr: 0.01000	Loss 0.6417 (0.4888)	Prec@1 79.688 (83.750)	Prec@5 99.219 (99.303)
Epoch: [29][370/391], lr: 0.01000	Loss 0.5065 (0.4895)	Prec@1 79.688 (83.699)	Prec@5 100.000 (99.307)
Epoch: [29][380/391], lr: 0.01000	Loss 0.5383 (0.4894)	Prec@1 79.688 (83.676)	Prec@5 100.000 (99.315)
Epoch: [29][390/391], lr: 0.01000	Loss 0.7062 (0.4893)	Prec@1 76.250 (83.664)	Prec@5 98.750 (99.326)
Epoch [29] Training Results: Prec@1 83.664 Prec@5 99.326             Loss 0.48934
Epoch [29] Training Class Recall: [0.704,0.785,0.738,0.786,0.834,0.862,0.901,0.903,0.924,0.929]

Epoch: [30][0/391], lr: 0.01000	Loss 0.3700 (0.3700)	Prec@1 85.156 (85.156)	Prec@5 100.000 (100.000)
Epoch: [30][10/391], lr: 0.01000	Loss 0.6297 (0.4701)	Prec@1 76.562 (84.020)	Prec@5 100.000 (99.787)
Epoch: [30][20/391], lr: 0.01000	Loss 0.3823 (0.4736)	Prec@1 85.938 (84.040)	Prec@5 100.000 (99.591)
Epoch: [30][30/391], lr: 0.01000	Loss 0.6606 (0.4792)	Prec@1 78.906 (83.770)	Prec@5 99.219 (99.521)
Epoch: [30][40/391], lr: 0.01000	Loss 0.5027 (0.4746)	Prec@1 84.375 (83.899)	Prec@5 99.219 (99.486)
Epoch: [30][50/391], lr: 0.01000	Loss 0.6171 (0.4820)	Prec@1 76.562 (83.640)	Prec@5 99.219 (99.510)
Epoch: [30][60/391], lr: 0.01000	Loss 0.3456 (0.4718)	Prec@1 89.062 (83.978)	Prec@5 100.000 (99.539)
Epoch: [30][70/391], lr: 0.01000	Loss 0.5835 (0.4700)	Prec@1 81.250 (83.979)	Prec@5 99.219 (99.538)
Epoch: [30][80/391], lr: 0.01000	Loss 0.4938 (0.4699)	Prec@1 78.125 (83.845)	Prec@5 98.438 (99.498)
Epoch: [30][90/391], lr: 0.01000	Loss 0.6165 (0.4738)	Prec@1 75.781 (83.791)	Prec@5 100.000 (99.511)
Epoch: [30][100/391], lr: 0.01000	Loss 0.4617 (0.4847)	Prec@1 84.375 (83.478)	Prec@5 99.219 (99.451)
Epoch: [30][110/391], lr: 0.01000	Loss 0.4282 (0.4867)	Prec@1 86.719 (83.390)	Prec@5 99.219 (99.430)
Epoch: [30][120/391], lr: 0.01000	Loss 0.5598 (0.4891)	Prec@1 82.812 (83.432)	Prec@5 99.219 (99.419)
Epoch: [30][130/391], lr: 0.01000	Loss 0.4549 (0.4897)	Prec@1 85.156 (83.451)	Prec@5 100.000 (99.422)
Epoch: [30][140/391], lr: 0.01000	Loss 0.3911 (0.4902)	Prec@1 85.156 (83.444)	Prec@5 100.000 (99.418)
Epoch: [30][150/391], lr: 0.01000	Loss 0.7273 (0.4927)	Prec@1 77.344 (83.392)	Prec@5 100.000 (99.431)
Epoch: [30][160/391], lr: 0.01000	Loss 0.4933 (0.4927)	Prec@1 85.156 (83.390)	Prec@5 99.219 (99.418)
Epoch: [30][170/391], lr: 0.01000	Loss 0.5627 (0.4910)	Prec@1 80.469 (83.425)	Prec@5 100.000 (99.420)
Epoch: [30][180/391], lr: 0.01000	Loss 0.3402 (0.4905)	Prec@1 85.938 (83.490)	Prec@5 99.219 (99.426)
Epoch: [30][190/391], lr: 0.01000	Loss 0.4632 (0.4924)	Prec@1 82.812 (83.438)	Prec@5 100.000 (99.427)
Epoch: [30][200/391], lr: 0.01000	Loss 0.5513 (0.4932)	Prec@1 81.250 (83.454)	Prec@5 100.000 (99.425)
Epoch: [30][210/391], lr: 0.01000	Loss 0.4769 (0.4927)	Prec@1 83.594 (83.460)	Prec@5 100.000 (99.419)
Epoch: [30][220/391], lr: 0.01000	Loss 0.4544 (0.4931)	Prec@1 85.156 (83.442)	Prec@5 97.656 (99.417)
Epoch: [30][230/391], lr: 0.01000	Loss 0.4693 (0.4924)	Prec@1 83.594 (83.465)	Prec@5 99.219 (99.422)
Epoch: [30][240/391], lr: 0.01000	Loss 0.3777 (0.4924)	Prec@1 89.062 (83.445)	Prec@5 100.000 (99.420)
Epoch: [30][250/391], lr: 0.01000	Loss 0.3814 (0.4915)	Prec@1 85.938 (83.497)	Prec@5 100.000 (99.424)
Epoch: [30][260/391], lr: 0.01000	Loss 0.3339 (0.4896)	Prec@1 91.406 (83.597)	Prec@5 100.000 (99.419)
Epoch: [30][270/391], lr: 0.01000	Loss 0.6528 (0.4909)	Prec@1 79.688 (83.539)	Prec@5 99.219 (99.423)
Epoch: [30][280/391], lr: 0.01000	Loss 0.4840 (0.4920)	Prec@1 85.156 (83.485)	Prec@5 100.000 (99.436)
Epoch: [30][290/391], lr: 0.01000	Loss 0.3242 (0.4921)	Prec@1 89.062 (83.527)	Prec@5 100.000 (99.434)
Epoch: [30][300/391], lr: 0.01000	Loss 0.4902 (0.4924)	Prec@1 84.375 (83.542)	Prec@5 100.000 (99.429)
Epoch: [30][310/391], lr: 0.01000	Loss 0.6373 (0.4933)	Prec@1 78.125 (83.511)	Prec@5 99.219 (99.422)
Epoch: [30][320/391], lr: 0.01000	Loss 0.5152 (0.4934)	Prec@1 85.156 (83.518)	Prec@5 98.438 (99.418)
Epoch: [30][330/391], lr: 0.01000	Loss 0.5882 (0.4941)	Prec@1 82.812 (83.478)	Prec@5 100.000 (99.415)
Epoch: [30][340/391], lr: 0.01000	Loss 0.5680 (0.4956)	Prec@1 79.688 (83.443)	Prec@5 100.000 (99.416)
Epoch: [30][350/391], lr: 0.01000	Loss 0.5468 (0.4948)	Prec@1 82.031 (83.462)	Prec@5 100.000 (99.424)
Epoch: [30][360/391], lr: 0.01000	Loss 0.5656 (0.4956)	Prec@1 78.906 (83.401)	Prec@5 99.219 (99.422)
Epoch: [30][370/391], lr: 0.01000	Loss 0.5173 (0.4956)	Prec@1 83.594 (83.398)	Prec@5 99.219 (99.427)
Epoch: [30][380/391], lr: 0.01000	Loss 0.7131 (0.4952)	Prec@1 79.688 (83.434)	Prec@5 99.219 (99.426)
Epoch: [30][390/391], lr: 0.01000	Loss 0.4754 (0.4947)	Prec@1 83.750 (83.458)	Prec@5 98.750 (99.426)
Epoch [30] Training Results: Prec@1 83.458 Prec@5 99.426             Loss 0.49466
Epoch [30] Training Class Recall: [0.703,0.787,0.730,0.788,0.846,0.860,0.892,0.900,0.920,0.921]

Epoch: [31][0/391], lr: 0.01000	Loss 0.4507 (0.4507)	Prec@1 85.938 (85.938)	Prec@5 100.000 (100.000)
Epoch: [31][10/391], lr: 0.01000	Loss 0.3826 (0.4884)	Prec@1 87.500 (82.955)	Prec@5 100.000 (99.574)
Epoch: [31][20/391], lr: 0.01000	Loss 0.4504 (0.4916)	Prec@1 82.031 (83.147)	Prec@5 99.219 (99.405)
Epoch: [31][30/391], lr: 0.01000	Loss 0.5011 (0.4843)	Prec@1 81.250 (83.291)	Prec@5 99.219 (99.420)
Epoch: [31][40/391], lr: 0.01000	Loss 0.4936 (0.4823)	Prec@1 83.594 (83.308)	Prec@5 100.000 (99.486)
Epoch: [31][50/391], lr: 0.01000	Loss 0.4643 (0.4881)	Prec@1 85.156 (83.364)	Prec@5 99.219 (99.387)
Epoch: [31][60/391], lr: 0.01000	Loss 0.3952 (0.4837)	Prec@1 86.719 (83.568)	Prec@5 100.000 (99.411)
Epoch: [31][70/391], lr: 0.01000	Loss 0.5680 (0.4797)	Prec@1 83.594 (83.748)	Prec@5 99.219 (99.406)
Epoch: [31][80/391], lr: 0.01000	Loss 0.3601 (0.4825)	Prec@1 84.375 (83.574)	Prec@5 100.000 (99.392)
Epoch: [31][90/391], lr: 0.01000	Loss 0.4495 (0.4781)	Prec@1 84.375 (83.645)	Prec@5 100.000 (99.416)
Epoch: [31][100/391], lr: 0.01000	Loss 0.4138 (0.4754)	Prec@1 87.500 (83.834)	Prec@5 100.000 (99.435)
Epoch: [31][110/391], lr: 0.01000	Loss 0.4467 (0.4752)	Prec@1 87.500 (83.932)	Prec@5 100.000 (99.423)
Epoch: [31][120/391], lr: 0.01000	Loss 0.5234 (0.4809)	Prec@1 81.250 (83.742)	Prec@5 99.219 (99.425)
Epoch: [31][130/391], lr: 0.01000	Loss 0.5077 (0.4846)	Prec@1 85.156 (83.665)	Prec@5 99.219 (99.404)
Epoch: [31][140/391], lr: 0.01000	Loss 0.4800 (0.4826)	Prec@1 81.250 (83.699)	Prec@5 100.000 (99.418)
Epoch: [31][150/391], lr: 0.01000	Loss 0.3473 (0.4833)	Prec@1 89.062 (83.666)	Prec@5 100.000 (99.446)
Epoch: [31][160/391], lr: 0.01000	Loss 0.5301 (0.4871)	Prec@1 81.250 (83.545)	Prec@5 100.000 (99.447)
Epoch: [31][170/391], lr: 0.01000	Loss 0.4305 (0.4873)	Prec@1 84.375 (83.566)	Prec@5 99.219 (99.429)
Epoch: [31][180/391], lr: 0.01000	Loss 0.5159 (0.4899)	Prec@1 84.375 (83.529)	Prec@5 100.000 (99.422)
Epoch: [31][190/391], lr: 0.01000	Loss 0.3740 (0.4907)	Prec@1 87.500 (83.508)	Prec@5 100.000 (99.411)
Epoch: [31][200/391], lr: 0.01000	Loss 0.4752 (0.4932)	Prec@1 84.375 (83.345)	Prec@5 99.219 (99.413)
Epoch: [31][210/391], lr: 0.01000	Loss 0.3030 (0.4950)	Prec@1 90.625 (83.286)	Prec@5 99.219 (99.408)
Epoch: [31][220/391], lr: 0.01000	Loss 0.5598 (0.4940)	Prec@1 82.031 (83.318)	Prec@5 99.219 (99.399)
Epoch: [31][230/391], lr: 0.01000	Loss 0.4216 (0.4946)	Prec@1 87.500 (83.333)	Prec@5 99.219 (99.391)
Epoch: [31][240/391], lr: 0.01000	Loss 0.4413 (0.4946)	Prec@1 83.594 (83.305)	Prec@5 100.000 (99.404)
Epoch: [31][250/391], lr: 0.01000	Loss 0.6715 (0.4953)	Prec@1 76.562 (83.276)	Prec@5 98.438 (99.399)
Epoch: [31][260/391], lr: 0.01000	Loss 0.4405 (0.4919)	Prec@1 82.812 (83.417)	Prec@5 100.000 (99.410)
Epoch: [31][270/391], lr: 0.01000	Loss 0.5031 (0.4923)	Prec@1 84.375 (83.427)	Prec@5 100.000 (99.412)
Epoch: [31][280/391], lr: 0.01000	Loss 0.3454 (0.4915)	Prec@1 89.062 (83.458)	Prec@5 100.000 (99.413)
Epoch: [31][290/391], lr: 0.01000	Loss 0.3891 (0.4912)	Prec@1 83.594 (83.500)	Prec@5 100.000 (99.412)
Epoch: [31][300/391], lr: 0.01000	Loss 0.4851 (0.4914)	Prec@1 83.594 (83.508)	Prec@5 100.000 (99.416)
Epoch: [31][310/391], lr: 0.01000	Loss 0.5308 (0.4905)	Prec@1 83.594 (83.576)	Prec@5 100.000 (99.430)
Epoch: [31][320/391], lr: 0.01000	Loss 0.3236 (0.4894)	Prec@1 90.625 (83.603)	Prec@5 99.219 (99.423)
Epoch: [31][330/391], lr: 0.01000	Loss 0.4939 (0.4894)	Prec@1 85.156 (83.615)	Prec@5 100.000 (99.429)
Epoch: [31][340/391], lr: 0.01000	Loss 0.6331 (0.4897)	Prec@1 80.469 (83.587)	Prec@5 99.219 (99.434)
Epoch: [31][350/391], lr: 0.01000	Loss 0.4097 (0.4886)	Prec@1 86.719 (83.629)	Prec@5 98.438 (99.435)
Epoch: [31][360/391], lr: 0.01000	Loss 0.3778 (0.4878)	Prec@1 89.062 (83.650)	Prec@5 100.000 (99.437)
Epoch: [31][370/391], lr: 0.01000	Loss 0.4386 (0.4870)	Prec@1 85.938 (83.691)	Prec@5 100.000 (99.444)
Epoch: [31][380/391], lr: 0.01000	Loss 0.4890 (0.4864)	Prec@1 84.375 (83.704)	Prec@5 99.219 (99.450)
Epoch: [31][390/391], lr: 0.01000	Loss 0.4899 (0.4874)	Prec@1 80.000 (83.662)	Prec@5 100.000 (99.448)
Epoch [31] Training Results: Prec@1 83.662 Prec@5 99.448             Loss 0.48738
Epoch [31] Training Class Recall: [0.701,0.789,0.743,0.789,0.838,0.864,0.896,0.899,0.918,0.928]

Epoch: [32][0/391], lr: 0.01000	Loss 0.4562 (0.4562)	Prec@1 83.594 (83.594)	Prec@5 100.000 (100.000)
Epoch: [32][10/391], lr: 0.01000	Loss 0.3135 (0.4523)	Prec@1 89.062 (83.594)	Prec@5 99.219 (99.503)
Epoch: [32][20/391], lr: 0.01000	Loss 0.4273 (0.4418)	Prec@1 85.156 (84.561)	Prec@5 100.000 (99.479)
Epoch: [32][30/391], lr: 0.01000	Loss 0.2738 (0.4355)	Prec@1 93.750 (84.980)	Prec@5 100.000 (99.521)
Epoch: [32][40/391], lr: 0.01000	Loss 0.3603 (0.4271)	Prec@1 87.500 (85.461)	Prec@5 99.219 (99.581)
Epoch: [32][50/391], lr: 0.01000	Loss 0.4403 (0.4268)	Prec@1 85.938 (85.708)	Prec@5 99.219 (99.556)
Epoch: [32][60/391], lr: 0.01000	Loss 0.5033 (0.4253)	Prec@1 83.594 (85.733)	Prec@5 99.219 (99.526)
Epoch: [32][70/391], lr: 0.01000	Loss 0.3544 (0.4281)	Prec@1 87.500 (85.629)	Prec@5 100.000 (99.483)
Epoch: [32][80/391], lr: 0.01000	Loss 0.3970 (0.4369)	Prec@1 89.844 (85.446)	Prec@5 100.000 (99.498)
Epoch: [32][90/391], lr: 0.01000	Loss 0.4280 (0.4381)	Prec@1 84.375 (85.285)	Prec@5 100.000 (99.528)
Epoch: [32][100/391], lr: 0.01000	Loss 0.5054 (0.4366)	Prec@1 83.594 (85.350)	Prec@5 98.438 (99.528)
Epoch: [32][110/391], lr: 0.01000	Loss 0.7326 (0.4384)	Prec@1 80.469 (85.417)	Prec@5 99.219 (99.535)
Epoch: [32][120/391], lr: 0.01000	Loss 0.4587 (0.4380)	Prec@1 79.688 (85.427)	Prec@5 99.219 (99.490)
Epoch: [32][130/391], lr: 0.01000	Loss 0.4299 (0.4375)	Prec@1 84.375 (85.448)	Prec@5 100.000 (99.487)
Epoch: [32][140/391], lr: 0.01000	Loss 0.4712 (0.4378)	Prec@1 83.594 (85.400)	Prec@5 100.000 (99.463)
Epoch: [32][150/391], lr: 0.01000	Loss 0.4327 (0.4362)	Prec@1 87.500 (85.493)	Prec@5 100.000 (99.472)
Epoch: [32][160/391], lr: 0.01000	Loss 0.6395 (0.4406)	Prec@1 78.906 (85.365)	Prec@5 99.219 (99.490)
Epoch: [32][170/391], lr: 0.01000	Loss 0.5153 (0.4427)	Prec@1 83.594 (85.298)	Prec@5 100.000 (99.493)
Epoch: [32][180/391], lr: 0.01000	Loss 0.4679 (0.4462)	Prec@1 86.719 (85.230)	Prec@5 99.219 (99.499)
Epoch: [32][190/391], lr: 0.01000	Loss 0.4294 (0.4455)	Prec@1 85.156 (85.238)	Prec@5 99.219 (99.493)
Epoch: [32][200/391], lr: 0.01000	Loss 0.5856 (0.4478)	Prec@1 76.562 (85.156)	Prec@5 100.000 (99.491)
Epoch: [32][210/391], lr: 0.01000	Loss 0.5816 (0.4487)	Prec@1 82.812 (85.127)	Prec@5 98.438 (99.489)
Epoch: [32][220/391], lr: 0.01000	Loss 0.4961 (0.4493)	Prec@1 82.031 (85.096)	Prec@5 100.000 (99.494)
Epoch: [32][230/391], lr: 0.01000	Loss 0.5905 (0.4504)	Prec@1 82.031 (85.051)	Prec@5 100.000 (99.489)
Epoch: [32][240/391], lr: 0.01000	Loss 0.4673 (0.4499)	Prec@1 82.812 (85.053)	Prec@5 100.000 (99.485)
Epoch: [32][250/391], lr: 0.01000	Loss 0.3939 (0.4494)	Prec@1 85.156 (85.054)	Prec@5 99.219 (99.490)
Epoch: [32][260/391], lr: 0.01000	Loss 0.3357 (0.4482)	Prec@1 86.719 (85.054)	Prec@5 100.000 (99.500)
Epoch: [32][270/391], lr: 0.01000	Loss 0.3889 (0.4463)	Prec@1 87.500 (85.145)	Prec@5 99.219 (99.498)
Epoch: [32][280/391], lr: 0.01000	Loss 0.4236 (0.4472)	Prec@1 86.719 (85.123)	Prec@5 99.219 (99.497)
Epoch: [32][290/391], lr: 0.01000	Loss 0.6659 (0.4500)	Prec@1 81.250 (85.057)	Prec@5 99.219 (99.493)
Epoch: [32][300/391], lr: 0.01000	Loss 0.4486 (0.4516)	Prec@1 83.594 (84.998)	Prec@5 100.000 (99.489)
Epoch: [32][310/391], lr: 0.01000	Loss 0.6023 (0.4551)	Prec@1 77.344 (84.870)	Prec@5 97.656 (99.483)
Epoch: [32][320/391], lr: 0.01000	Loss 0.5544 (0.4570)	Prec@1 81.250 (84.796)	Prec@5 100.000 (99.479)
Epoch: [32][330/391], lr: 0.01000	Loss 0.5034 (0.4609)	Prec@1 85.938 (84.644)	Prec@5 99.219 (99.467)
Epoch: [32][340/391], lr: 0.01000	Loss 0.7150 (0.4633)	Prec@1 78.906 (84.588)	Prec@5 100.000 (99.468)
Epoch: [32][350/391], lr: 0.01000	Loss 0.4239 (0.4649)	Prec@1 85.156 (84.489)	Prec@5 100.000 (99.470)
Epoch: [32][360/391], lr: 0.01000	Loss 0.4693 (0.4667)	Prec@1 81.250 (84.412)	Prec@5 100.000 (99.461)
Epoch: [32][370/391], lr: 0.01000	Loss 0.5060 (0.4669)	Prec@1 82.812 (84.394)	Prec@5 100.000 (99.459)
Epoch: [32][380/391], lr: 0.01000	Loss 0.4069 (0.4661)	Prec@1 87.500 (84.410)	Prec@5 100.000 (99.469)
Epoch: [32][390/391], lr: 0.01000	Loss 0.6143 (0.4664)	Prec@1 75.000 (84.408)	Prec@5 100.000 (99.476)
Epoch [32] Training Results: Prec@1 84.408 Prec@5 99.476             Loss 0.46637
Epoch [32] Training Class Recall: [0.709,0.799,0.757,0.800,0.849,0.874,0.903,0.903,0.914,0.933]

Epoch: [33][0/391], lr: 0.01000	Loss 0.5930 (0.5930)	Prec@1 80.469 (80.469)	Prec@5 98.438 (98.438)
Epoch: [33][10/391], lr: 0.01000	Loss 0.6218 (0.4778)	Prec@1 82.812 (84.659)	Prec@5 98.438 (98.935)
Epoch: [33][20/391], lr: 0.01000	Loss 0.3596 (0.4510)	Prec@1 86.719 (84.933)	Prec@5 99.219 (99.144)
Epoch: [33][30/391], lr: 0.01000	Loss 0.3424 (0.4413)	Prec@1 85.156 (85.257)	Prec@5 100.000 (99.294)
Epoch: [33][40/391], lr: 0.01000	Loss 0.3728 (0.4466)	Prec@1 88.281 (85.099)	Prec@5 100.000 (99.390)
Epoch: [33][50/391], lr: 0.01000	Loss 0.3653 (0.4484)	Prec@1 89.844 (85.126)	Prec@5 99.219 (99.403)
Epoch: [33][60/391], lr: 0.01000	Loss 0.4252 (0.4571)	Prec@1 86.719 (84.939)	Prec@5 99.219 (99.424)
Epoch: [33][70/391], lr: 0.01000	Loss 0.4885 (0.4545)	Prec@1 81.250 (84.760)	Prec@5 100.000 (99.450)
Epoch: [33][80/391], lr: 0.01000	Loss 0.4456 (0.4558)	Prec@1 86.719 (84.732)	Prec@5 100.000 (99.460)
Epoch: [33][90/391], lr: 0.01000	Loss 0.5444 (0.4565)	Prec@1 84.375 (84.727)	Prec@5 98.438 (99.442)
Epoch: [33][100/391], lr: 0.01000	Loss 0.6495 (0.4683)	Prec@1 76.562 (84.329)	Prec@5 100.000 (99.420)
Epoch: [33][110/391], lr: 0.01000	Loss 0.6068 (0.4702)	Prec@1 82.031 (84.220)	Prec@5 99.219 (99.423)
Epoch: [33][120/391], lr: 0.01000	Loss 0.3970 (0.4755)	Prec@1 87.500 (83.962)	Prec@5 98.438 (99.367)
Epoch: [33][130/391], lr: 0.01000	Loss 0.4435 (0.4756)	Prec@1 83.594 (83.928)	Prec@5 100.000 (99.392)
Epoch: [33][140/391], lr: 0.01000	Loss 0.4128 (0.4750)	Prec@1 88.281 (83.887)	Prec@5 98.438 (99.402)
Epoch: [33][150/391], lr: 0.01000	Loss 0.5815 (0.4744)	Prec@1 84.375 (84.002)	Prec@5 98.438 (99.395)
Epoch: [33][160/391], lr: 0.01000	Loss 0.4814 (0.4759)	Prec@1 82.812 (83.953)	Prec@5 100.000 (99.389)
Epoch: [33][170/391], lr: 0.01000	Loss 0.2830 (0.4731)	Prec@1 88.281 (84.115)	Prec@5 100.000 (99.401)
Epoch: [33][180/391], lr: 0.01000	Loss 0.3957 (0.4729)	Prec@1 88.281 (84.129)	Prec@5 99.219 (99.378)
Epoch: [33][190/391], lr: 0.01000	Loss 0.3437 (0.4681)	Prec@1 87.500 (84.297)	Prec@5 99.219 (99.386)
Epoch: [33][200/391], lr: 0.01000	Loss 0.4645 (0.4652)	Prec@1 85.938 (84.402)	Prec@5 97.656 (99.398)
Epoch: [33][210/391], lr: 0.01000	Loss 0.4350 (0.4628)	Prec@1 85.938 (84.501)	Prec@5 97.656 (99.389)
Epoch: [33][220/391], lr: 0.01000	Loss 0.3105 (0.4606)	Prec@1 88.281 (84.605)	Prec@5 100.000 (99.392)
Epoch: [33][230/391], lr: 0.01000	Loss 0.4981 (0.4584)	Prec@1 83.594 (84.683)	Prec@5 99.219 (99.401)
Epoch: [33][240/391], lr: 0.01000	Loss 0.4363 (0.4591)	Prec@1 87.500 (84.670)	Prec@5 99.219 (99.397)
Epoch: [33][250/391], lr: 0.01000	Loss 0.5090 (0.4570)	Prec@1 82.812 (84.733)	Prec@5 99.219 (99.409)
Epoch: [33][260/391], lr: 0.01000	Loss 0.4955 (0.4562)	Prec@1 85.938 (84.776)	Prec@5 98.438 (99.401)
Epoch: [33][270/391], lr: 0.01000	Loss 0.3789 (0.4567)	Prec@1 85.938 (84.773)	Prec@5 99.219 (99.412)
Epoch: [33][280/391], lr: 0.01000	Loss 0.5316 (0.4560)	Prec@1 82.031 (84.795)	Prec@5 100.000 (99.422)
Epoch: [33][290/391], lr: 0.01000	Loss 0.4252 (0.4551)	Prec@1 85.938 (84.858)	Prec@5 100.000 (99.423)
Epoch: [33][300/391], lr: 0.01000	Loss 0.5763 (0.4564)	Prec@1 84.375 (84.806)	Prec@5 99.219 (99.432)
Epoch: [33][310/391], lr: 0.01000	Loss 0.3539 (0.4561)	Prec@1 87.500 (84.832)	Prec@5 100.000 (99.435)
Epoch: [33][320/391], lr: 0.01000	Loss 0.6180 (0.4582)	Prec@1 75.781 (84.779)	Prec@5 99.219 (99.435)
Epoch: [33][330/391], lr: 0.01000	Loss 0.4043 (0.4583)	Prec@1 85.156 (84.781)	Prec@5 100.000 (99.431)
Epoch: [33][340/391], lr: 0.01000	Loss 0.4711 (0.4587)	Prec@1 82.812 (84.760)	Prec@5 99.219 (99.436)
Epoch: [33][350/391], lr: 0.01000	Loss 0.4510 (0.4585)	Prec@1 84.375 (84.740)	Prec@5 98.438 (99.435)
Epoch: [33][360/391], lr: 0.01000	Loss 0.5394 (0.4589)	Prec@1 82.812 (84.728)	Prec@5 100.000 (99.439)
Epoch: [33][370/391], lr: 0.01000	Loss 0.5625 (0.4605)	Prec@1 78.906 (84.655)	Prec@5 100.000 (99.438)
Epoch: [33][380/391], lr: 0.01000	Loss 0.4646 (0.4617)	Prec@1 87.500 (84.594)	Prec@5 100.000 (99.444)
Epoch: [33][390/391], lr: 0.01000	Loss 0.4709 (0.4631)	Prec@1 86.250 (84.546)	Prec@5 100.000 (99.450)
Epoch [33] Training Results: Prec@1 84.546 Prec@5 99.450             Loss 0.46310
Epoch [33] Training Class Recall: [0.711,0.798,0.750,0.800,0.848,0.879,0.902,0.905,0.927,0.934]

Epoch: [34][0/391], lr: 0.01000	Loss 0.4421 (0.4421)	Prec@1 83.594 (83.594)	Prec@5 100.000 (100.000)
Epoch: [34][10/391], lr: 0.01000	Loss 0.4565 (0.4575)	Prec@1 84.375 (85.582)	Prec@5 99.219 (99.219)
Epoch: [34][20/391], lr: 0.01000	Loss 0.5241 (0.4712)	Prec@1 84.375 (84.003)	Prec@5 99.219 (99.442)
Epoch: [34][30/391], lr: 0.01000	Loss 0.4905 (0.4601)	Prec@1 82.031 (84.350)	Prec@5 100.000 (99.521)
Epoch: [34][40/391], lr: 0.01000	Loss 0.3794 (0.4411)	Prec@1 88.281 (84.870)	Prec@5 99.219 (99.581)
Epoch: [34][50/391], lr: 0.01000	Loss 0.3915 (0.4297)	Prec@1 86.719 (85.340)	Prec@5 100.000 (99.602)
Epoch: [34][60/391], lr: 0.01000	Loss 0.4969 (0.4348)	Prec@1 83.594 (85.297)	Prec@5 100.000 (99.577)
Epoch: [34][70/391], lr: 0.01000	Loss 0.5352 (0.4420)	Prec@1 83.594 (85.134)	Prec@5 98.438 (99.505)
Epoch: [34][80/391], lr: 0.01000	Loss 0.4701 (0.4435)	Prec@1 84.375 (85.166)	Prec@5 100.000 (99.479)
Epoch: [34][90/391], lr: 0.01000	Loss 0.4547 (0.4422)	Prec@1 83.594 (85.225)	Prec@5 100.000 (99.511)
Epoch: [34][100/391], lr: 0.01000	Loss 0.4096 (0.4391)	Prec@1 84.375 (85.210)	Prec@5 100.000 (99.520)
Epoch: [34][110/391], lr: 0.01000	Loss 0.3986 (0.4399)	Prec@1 85.938 (85.163)	Prec@5 99.219 (99.514)
Epoch: [34][120/391], lr: 0.01000	Loss 0.4013 (0.4419)	Prec@1 88.281 (85.130)	Prec@5 100.000 (99.483)
Epoch: [34][130/391], lr: 0.01000	Loss 0.4091 (0.4427)	Prec@1 84.375 (85.079)	Prec@5 100.000 (99.511)
Epoch: [34][140/391], lr: 0.01000	Loss 0.2770 (0.4425)	Prec@1 91.406 (85.134)	Prec@5 100.000 (99.507)
Epoch: [34][150/391], lr: 0.01000	Loss 0.6778 (0.4465)	Prec@1 80.469 (85.058)	Prec@5 99.219 (99.498)
Epoch: [34][160/391], lr: 0.01000	Loss 0.5134 (0.4513)	Prec@1 83.594 (84.880)	Prec@5 100.000 (99.510)
Epoch: [34][170/391], lr: 0.01000	Loss 0.4539 (0.4493)	Prec@1 87.500 (84.951)	Prec@5 98.438 (99.520)
Epoch: [34][180/391], lr: 0.01000	Loss 0.4842 (0.4537)	Prec@1 82.031 (84.794)	Prec@5 99.219 (99.508)
Epoch: [34][190/391], lr: 0.01000	Loss 0.5954 (0.4555)	Prec@1 78.906 (84.706)	Prec@5 97.656 (99.509)
Epoch: [34][200/391], lr: 0.01000	Loss 0.5557 (0.4574)	Prec@1 80.469 (84.620)	Prec@5 100.000 (99.495)
Epoch: [34][210/391], lr: 0.01000	Loss 0.5170 (0.4610)	Prec@1 82.031 (84.431)	Prec@5 99.219 (99.504)
Epoch: [34][220/391], lr: 0.01000	Loss 0.5326 (0.4623)	Prec@1 85.156 (84.424)	Prec@5 99.219 (99.491)
Epoch: [34][230/391], lr: 0.01000	Loss 0.3700 (0.4637)	Prec@1 87.500 (84.405)	Prec@5 100.000 (99.479)
Epoch: [34][240/391], lr: 0.01000	Loss 0.4613 (0.4637)	Prec@1 85.938 (84.427)	Prec@5 98.438 (99.465)
Epoch: [34][250/391], lr: 0.01000	Loss 0.5256 (0.4620)	Prec@1 81.250 (84.490)	Prec@5 100.000 (99.477)
Epoch: [34][260/391], lr: 0.01000	Loss 0.4083 (0.4608)	Prec@1 89.062 (84.567)	Prec@5 100.000 (99.482)
Epoch: [34][270/391], lr: 0.01000	Loss 0.4145 (0.4588)	Prec@1 83.594 (84.646)	Prec@5 100.000 (99.490)
Epoch: [34][280/391], lr: 0.01000	Loss 0.4868 (0.4581)	Prec@1 84.375 (84.653)	Prec@5 99.219 (99.500)
Epoch: [34][290/391], lr: 0.01000	Loss 0.4934 (0.4575)	Prec@1 82.031 (84.684)	Prec@5 98.438 (99.490)
Epoch: [34][300/391], lr: 0.01000	Loss 0.5365 (0.4585)	Prec@1 82.031 (84.627)	Prec@5 99.219 (99.494)
Epoch: [34][310/391], lr: 0.01000	Loss 0.4185 (0.4590)	Prec@1 84.375 (84.616)	Prec@5 99.219 (99.493)
Epoch: [34][320/391], lr: 0.01000	Loss 0.4930 (0.4596)	Prec@1 83.594 (84.611)	Prec@5 100.000 (99.496)
Epoch: [34][330/391], lr: 0.01000	Loss 0.4044 (0.4598)	Prec@1 87.500 (84.635)	Prec@5 100.000 (99.493)
Epoch: [34][340/391], lr: 0.01000	Loss 0.7158 (0.4608)	Prec@1 82.031 (84.638)	Prec@5 98.438 (99.489)
Epoch: [34][350/391], lr: 0.01000	Loss 0.4092 (0.4597)	Prec@1 87.500 (84.704)	Prec@5 100.000 (99.495)
Epoch: [34][360/391], lr: 0.01000	Loss 0.3829 (0.4599)	Prec@1 86.719 (84.702)	Prec@5 99.219 (99.489)
Epoch: [34][370/391], lr: 0.01000	Loss 0.4427 (0.4593)	Prec@1 85.938 (84.718)	Prec@5 99.219 (99.493)
Epoch: [34][380/391], lr: 0.01000	Loss 0.4675 (0.4611)	Prec@1 83.594 (84.697)	Prec@5 99.219 (99.494)
Epoch: [34][390/391], lr: 0.01000	Loss 0.4752 (0.4613)	Prec@1 78.750 (84.686)	Prec@5 100.000 (99.484)
Epoch [34] Training Results: Prec@1 84.686 Prec@5 99.484             Loss 0.46131
Epoch [34] Training Class Recall: [0.719,0.797,0.759,0.802,0.847,0.874,0.906,0.910,0.927,0.929]

Epoch: [35][0/391], lr: 0.01000	Loss 0.3784 (0.3784)	Prec@1 86.719 (86.719)	Prec@5 100.000 (100.000)
Epoch: [35][10/391], lr: 0.01000	Loss 0.4377 (0.4204)	Prec@1 78.906 (85.795)	Prec@5 100.000 (99.574)
Epoch: [35][20/391], lr: 0.01000	Loss 0.3691 (0.4178)	Prec@1 89.844 (85.379)	Prec@5 100.000 (99.702)
Epoch: [35][30/391], lr: 0.01000	Loss 0.5322 (0.4284)	Prec@1 82.812 (85.207)	Prec@5 99.219 (99.698)
Epoch: [35][40/391], lr: 0.01000	Loss 0.4452 (0.4313)	Prec@1 82.812 (85.232)	Prec@5 99.219 (99.619)
Epoch: [35][50/391], lr: 0.01000	Loss 0.4089 (0.4362)	Prec@1 85.156 (85.218)	Prec@5 100.000 (99.556)
Epoch: [35][60/391], lr: 0.01000	Loss 0.3862 (0.4427)	Prec@1 85.156 (85.015)	Prec@5 100.000 (99.577)
Epoch: [35][70/391], lr: 0.01000	Loss 0.5021 (0.4495)	Prec@1 82.031 (84.815)	Prec@5 100.000 (99.571)
Epoch: [35][80/391], lr: 0.01000	Loss 0.3729 (0.4568)	Prec@1 88.281 (84.742)	Prec@5 99.219 (99.576)
Epoch: [35][90/391], lr: 0.01000	Loss 0.4919 (0.4567)	Prec@1 82.031 (84.718)	Prec@5 100.000 (99.562)
Epoch: [35][100/391], lr: 0.01000	Loss 0.5314 (0.4592)	Prec@1 86.719 (84.746)	Prec@5 99.219 (99.544)
Epoch: [35][110/391], lr: 0.01000	Loss 0.3904 (0.4592)	Prec@1 91.406 (84.783)	Prec@5 100.000 (99.550)
Epoch: [35][120/391], lr: 0.01000	Loss 0.5670 (0.4616)	Prec@1 82.812 (84.730)	Prec@5 100.000 (99.561)
Epoch: [35][130/391], lr: 0.01000	Loss 0.4965 (0.4603)	Prec@1 80.469 (84.763)	Prec@5 99.219 (99.553)
Epoch: [35][140/391], lr: 0.01000	Loss 0.4371 (0.4585)	Prec@1 88.281 (84.879)	Prec@5 98.438 (99.529)
Epoch: [35][150/391], lr: 0.01000	Loss 0.5831 (0.4599)	Prec@1 82.812 (84.846)	Prec@5 99.219 (99.514)
Epoch: [35][160/391], lr: 0.01000	Loss 0.4773 (0.4610)	Prec@1 85.156 (84.758)	Prec@5 100.000 (99.515)
Epoch: [35][170/391], lr: 0.01000	Loss 0.5847 (0.4617)	Prec@1 80.469 (84.677)	Prec@5 100.000 (99.520)
Epoch: [35][180/391], lr: 0.01000	Loss 0.6501 (0.4629)	Prec@1 77.344 (84.656)	Prec@5 99.219 (99.504)
Epoch: [35][190/391], lr: 0.01000	Loss 0.5508 (0.4641)	Prec@1 79.688 (84.600)	Prec@5 99.219 (99.489)
Epoch: [35][200/391], lr: 0.01000	Loss 0.3767 (0.4648)	Prec@1 89.844 (84.569)	Prec@5 99.219 (99.483)
Epoch: [35][210/391], lr: 0.01000	Loss 0.3596 (0.4672)	Prec@1 89.062 (84.449)	Prec@5 100.000 (99.482)
Epoch: [35][220/391], lr: 0.01000	Loss 0.4026 (0.4677)	Prec@1 85.156 (84.407)	Prec@5 99.219 (99.491)
Epoch: [35][230/391], lr: 0.01000	Loss 0.3722 (0.4667)	Prec@1 85.938 (84.429)	Prec@5 99.219 (99.489)
Epoch: [35][240/391], lr: 0.01000	Loss 0.4604 (0.4641)	Prec@1 84.375 (84.498)	Prec@5 100.000 (99.498)
Epoch: [35][250/391], lr: 0.01000	Loss 0.4354 (0.4636)	Prec@1 85.938 (84.506)	Prec@5 99.219 (99.493)
Epoch: [35][260/391], lr: 0.01000	Loss 0.4245 (0.4630)	Prec@1 86.719 (84.513)	Prec@5 100.000 (99.494)
Epoch: [35][270/391], lr: 0.01000	Loss 0.4588 (0.4612)	Prec@1 85.156 (84.571)	Prec@5 99.219 (99.490)
Epoch: [35][280/391], lr: 0.01000	Loss 0.4585 (0.4592)	Prec@1 84.375 (84.614)	Prec@5 99.219 (99.491)
Epoch: [35][290/391], lr: 0.01000	Loss 0.3476 (0.4582)	Prec@1 85.938 (84.619)	Prec@5 100.000 (99.482)
Epoch: [35][300/391], lr: 0.01000	Loss 0.4883 (0.4610)	Prec@1 83.594 (84.526)	Prec@5 100.000 (99.476)
Epoch: [35][310/391], lr: 0.01000	Loss 0.5179 (0.4622)	Prec@1 78.906 (84.468)	Prec@5 99.219 (99.470)
Epoch: [35][320/391], lr: 0.01000	Loss 0.4967 (0.4626)	Prec@1 85.938 (84.480)	Prec@5 100.000 (99.472)
Epoch: [35][330/391], lr: 0.01000	Loss 0.3752 (0.4616)	Prec@1 86.719 (84.524)	Prec@5 100.000 (99.467)
Epoch: [35][340/391], lr: 0.01000	Loss 0.4539 (0.4628)	Prec@1 84.375 (84.503)	Prec@5 99.219 (99.475)
Epoch: [35][350/391], lr: 0.01000	Loss 0.5669 (0.4631)	Prec@1 78.125 (84.473)	Prec@5 99.219 (99.477)
Epoch: [35][360/391], lr: 0.01000	Loss 0.4902 (0.4634)	Prec@1 83.594 (84.425)	Prec@5 99.219 (99.481)
Epoch: [35][370/391], lr: 0.01000	Loss 0.4751 (0.4628)	Prec@1 83.594 (84.449)	Prec@5 99.219 (99.482)
Epoch: [35][380/391], lr: 0.01000	Loss 0.3853 (0.4632)	Prec@1 88.281 (84.475)	Prec@5 97.656 (99.459)
Epoch: [35][390/391], lr: 0.01000	Loss 0.3986 (0.4632)	Prec@1 83.750 (84.462)	Prec@5 98.750 (99.460)
Epoch [35] Training Results: Prec@1 84.462 Prec@5 99.460             Loss 0.46325
Epoch [35] Training Class Recall: [0.714,0.794,0.756,0.810,0.854,0.873,0.897,0.900,0.925,0.923]

Epoch: [36][0/391], lr: 0.01000	Loss 0.7319 (0.7319)	Prec@1 78.906 (78.906)	Prec@5 99.219 (99.219)
Epoch: [36][10/391], lr: 0.01000	Loss 0.3749 (0.4850)	Prec@1 92.969 (84.943)	Prec@5 99.219 (99.219)
Epoch: [36][20/391], lr: 0.01000	Loss 0.5374 (0.4721)	Prec@1 82.812 (85.119)	Prec@5 99.219 (99.442)
Epoch: [36][30/391], lr: 0.01000	Loss 0.4833 (0.4568)	Prec@1 86.719 (85.156)	Prec@5 99.219 (99.521)
Epoch: [36][40/391], lr: 0.01000	Loss 0.2865 (0.4528)	Prec@1 92.188 (85.156)	Prec@5 100.000 (99.581)
Epoch: [36][50/391], lr: 0.01000	Loss 0.3924 (0.4431)	Prec@1 86.719 (85.493)	Prec@5 100.000 (99.571)
Epoch: [36][60/391], lr: 0.01000	Loss 0.4234 (0.4473)	Prec@1 84.375 (85.195)	Prec@5 100.000 (99.565)
Epoch: [36][70/391], lr: 0.01000	Loss 0.4040 (0.4492)	Prec@1 87.500 (85.123)	Prec@5 100.000 (99.538)
Epoch: [36][80/391], lr: 0.01000	Loss 0.5134 (0.4470)	Prec@1 80.469 (85.195)	Prec@5 99.219 (99.518)
Epoch: [36][90/391], lr: 0.01000	Loss 0.3272 (0.4469)	Prec@1 89.844 (85.165)	Prec@5 100.000 (99.528)
Epoch: [36][100/391], lr: 0.01000	Loss 0.4929 (0.4511)	Prec@1 86.719 (85.056)	Prec@5 100.000 (99.551)
Epoch: [36][110/391], lr: 0.01000	Loss 0.4698 (0.4558)	Prec@1 84.375 (84.882)	Prec@5 98.438 (99.535)
Epoch: [36][120/391], lr: 0.01000	Loss 0.4775 (0.4577)	Prec@1 83.594 (84.769)	Prec@5 99.219 (99.535)
Epoch: [36][130/391], lr: 0.01000	Loss 0.4927 (0.4595)	Prec@1 81.250 (84.631)	Prec@5 98.438 (99.529)
Epoch: [36][140/391], lr: 0.01000	Loss 0.4555 (0.4616)	Prec@1 85.938 (84.502)	Prec@5 99.219 (99.523)
Epoch: [36][150/391], lr: 0.01000	Loss 0.4626 (0.4600)	Prec@1 86.719 (84.499)	Prec@5 100.000 (99.524)
Epoch: [36][160/391], lr: 0.01000	Loss 0.4346 (0.4578)	Prec@1 85.938 (84.530)	Prec@5 98.438 (99.534)
Epoch: [36][170/391], lr: 0.01000	Loss 0.4797 (0.4586)	Prec@1 86.719 (84.553)	Prec@5 100.000 (99.525)
Epoch: [36][180/391], lr: 0.01000	Loss 0.5257 (0.4574)	Prec@1 84.375 (84.651)	Prec@5 99.219 (99.517)
Epoch: [36][190/391], lr: 0.01000	Loss 0.3835 (0.4556)	Prec@1 90.625 (84.739)	Prec@5 100.000 (99.517)
Epoch: [36][200/391], lr: 0.01000	Loss 0.6693 (0.4554)	Prec@1 79.688 (84.729)	Prec@5 96.094 (99.514)
Epoch: [36][210/391], lr: 0.01000	Loss 0.3118 (0.4535)	Prec@1 88.281 (84.782)	Prec@5 100.000 (99.526)
Epoch: [36][220/391], lr: 0.01000	Loss 0.6862 (0.4526)	Prec@1 83.594 (84.877)	Prec@5 98.438 (99.523)
Epoch: [36][230/391], lr: 0.01000	Loss 0.4987 (0.4538)	Prec@1 84.375 (84.821)	Prec@5 100.000 (99.523)
Epoch: [36][240/391], lr: 0.01000	Loss 0.4381 (0.4535)	Prec@1 85.938 (84.855)	Prec@5 99.219 (99.511)
Epoch: [36][250/391], lr: 0.01000	Loss 0.5380 (0.4539)	Prec@1 79.688 (84.789)	Prec@5 100.000 (99.518)
Epoch: [36][260/391], lr: 0.01000	Loss 0.5338 (0.4535)	Prec@1 78.906 (84.818)	Prec@5 100.000 (99.512)
Epoch: [36][270/391], lr: 0.01000	Loss 0.3985 (0.4519)	Prec@1 85.938 (84.865)	Prec@5 100.000 (99.521)
Epoch: [36][280/391], lr: 0.01000	Loss 0.4821 (0.4502)	Prec@1 83.594 (84.928)	Prec@5 99.219 (99.519)
Epoch: [36][290/391], lr: 0.01000	Loss 0.3794 (0.4499)	Prec@1 88.281 (84.941)	Prec@5 100.000 (99.525)
Epoch: [36][300/391], lr: 0.01000	Loss 0.4221 (0.4486)	Prec@1 85.938 (84.959)	Prec@5 98.438 (99.525)
Epoch: [36][310/391], lr: 0.01000	Loss 0.5236 (0.4484)	Prec@1 82.812 (84.980)	Prec@5 98.438 (99.525)
Epoch: [36][320/391], lr: 0.01000	Loss 0.5238 (0.4493)	Prec@1 81.250 (84.974)	Prec@5 99.219 (99.521)
Epoch: [36][330/391], lr: 0.01000	Loss 0.3444 (0.4493)	Prec@1 87.500 (84.972)	Prec@5 100.000 (99.519)
Epoch: [36][340/391], lr: 0.01000	Loss 0.5845 (0.4509)	Prec@1 78.906 (84.911)	Prec@5 98.438 (99.507)
Epoch: [36][350/391], lr: 0.01000	Loss 0.4619 (0.4521)	Prec@1 84.375 (84.858)	Prec@5 98.438 (99.506)
Epoch: [36][360/391], lr: 0.01000	Loss 0.4017 (0.4527)	Prec@1 87.500 (84.838)	Prec@5 99.219 (99.498)
Epoch: [36][370/391], lr: 0.01000	Loss 0.4167 (0.4521)	Prec@1 89.062 (84.857)	Prec@5 99.219 (99.499)
Epoch: [36][380/391], lr: 0.01000	Loss 0.5813 (0.4520)	Prec@1 79.688 (84.875)	Prec@5 98.438 (99.496)
Epoch: [36][390/391], lr: 0.01000	Loss 0.5266 (0.4525)	Prec@1 82.500 (84.876)	Prec@5 100.000 (99.498)
Epoch [36] Training Results: Prec@1 84.876 Prec@5 99.498             Loss 0.45251
Epoch [36] Training Class Recall: [0.723,0.788,0.761,0.810,0.853,0.888,0.901,0.904,0.925,0.936]

Epoch: [37][0/391], lr: 0.01000	Loss 0.4991 (0.4991)	Prec@1 82.812 (82.812)	Prec@5 100.000 (100.000)
Epoch: [37][10/391], lr: 0.01000	Loss 0.5167 (0.4355)	Prec@1 84.375 (84.375)	Prec@5 99.219 (99.645)
Epoch: [37][20/391], lr: 0.01000	Loss 0.5019 (0.4552)	Prec@1 86.719 (84.375)	Prec@5 100.000 (99.591)
Epoch: [37][30/391], lr: 0.01000	Loss 0.4373 (0.4486)	Prec@1 86.719 (85.030)	Prec@5 100.000 (99.622)
Epoch: [37][40/391], lr: 0.01000	Loss 0.3530 (0.4490)	Prec@1 90.625 (85.118)	Prec@5 100.000 (99.638)
Epoch: [37][50/391], lr: 0.01000	Loss 0.5353 (0.4467)	Prec@1 78.125 (84.911)	Prec@5 100.000 (99.648)
Epoch: [37][60/391], lr: 0.01000	Loss 0.3802 (0.4433)	Prec@1 88.281 (85.092)	Prec@5 100.000 (99.616)
Epoch: [37][70/391], lr: 0.01000	Loss 0.3307 (0.4306)	Prec@1 87.500 (85.508)	Prec@5 100.000 (99.659)
Epoch: [37][80/391], lr: 0.01000	Loss 0.4142 (0.4276)	Prec@1 88.281 (85.658)	Prec@5 98.438 (99.662)
Epoch: [37][90/391], lr: 0.01000	Loss 0.3907 (0.4262)	Prec@1 84.375 (85.714)	Prec@5 100.000 (99.622)
Epoch: [37][100/391], lr: 0.01000	Loss 0.5833 (0.4303)	Prec@1 79.688 (85.651)	Prec@5 100.000 (99.629)
Epoch: [37][110/391], lr: 0.01000	Loss 0.3878 (0.4305)	Prec@1 88.281 (85.642)	Prec@5 99.219 (99.606)
Epoch: [37][120/391], lr: 0.01000	Loss 0.4361 (0.4271)	Prec@1 84.375 (85.705)	Prec@5 100.000 (99.626)
Epoch: [37][130/391], lr: 0.01000	Loss 0.4358 (0.4293)	Prec@1 87.500 (85.639)	Prec@5 100.000 (99.600)
Epoch: [37][140/391], lr: 0.01000	Loss 0.4370 (0.4315)	Prec@1 89.062 (85.511)	Prec@5 98.438 (99.562)
Epoch: [37][150/391], lr: 0.01000	Loss 0.4809 (0.4335)	Prec@1 82.812 (85.477)	Prec@5 98.438 (99.560)
Epoch: [37][160/391], lr: 0.01000	Loss 0.4215 (0.4336)	Prec@1 87.500 (85.564)	Prec@5 100.000 (99.573)
Epoch: [37][170/391], lr: 0.01000	Loss 0.3373 (0.4352)	Prec@1 88.281 (85.558)	Prec@5 100.000 (99.561)
Epoch: [37][180/391], lr: 0.01000	Loss 0.2881 (0.4355)	Prec@1 91.406 (85.571)	Prec@5 100.000 (99.551)
Epoch: [37][190/391], lr: 0.01000	Loss 0.5265 (0.4381)	Prec@1 79.688 (85.406)	Prec@5 100.000 (99.546)
Epoch: [37][200/391], lr: 0.01000	Loss 0.4912 (0.4397)	Prec@1 85.156 (85.319)	Prec@5 98.438 (99.541)
Epoch: [37][210/391], lr: 0.01000	Loss 0.4255 (0.4402)	Prec@1 84.375 (85.278)	Prec@5 100.000 (99.545)
Epoch: [37][220/391], lr: 0.01000	Loss 0.3969 (0.4413)	Prec@1 88.281 (85.269)	Prec@5 100.000 (99.526)
Epoch: [37][230/391], lr: 0.01000	Loss 0.4230 (0.4407)	Prec@1 86.719 (85.305)	Prec@5 98.438 (99.527)
Epoch: [37][240/391], lr: 0.01000	Loss 0.4820 (0.4415)	Prec@1 85.156 (85.302)	Prec@5 99.219 (99.520)
Epoch: [37][250/391], lr: 0.01000	Loss 0.4676 (0.4399)	Prec@1 84.375 (85.355)	Prec@5 100.000 (99.527)
Epoch: [37][260/391], lr: 0.01000	Loss 0.3281 (0.4390)	Prec@1 88.281 (85.369)	Prec@5 100.000 (99.539)
Epoch: [37][270/391], lr: 0.01000	Loss 0.3768 (0.4392)	Prec@1 86.719 (85.378)	Prec@5 100.000 (99.542)
Epoch: [37][280/391], lr: 0.01000	Loss 0.4007 (0.4397)	Prec@1 85.938 (85.384)	Prec@5 100.000 (99.541)
Epoch: [37][290/391], lr: 0.01000	Loss 0.4011 (0.4395)	Prec@1 85.938 (85.347)	Prec@5 100.000 (99.546)
Epoch: [37][300/391], lr: 0.01000	Loss 0.4320 (0.4408)	Prec@1 86.719 (85.309)	Prec@5 100.000 (99.535)
Epoch: [37][310/391], lr: 0.01000	Loss 0.4592 (0.4414)	Prec@1 82.812 (85.267)	Prec@5 100.000 (99.535)
Epoch: [37][320/391], lr: 0.01000	Loss 0.3328 (0.4416)	Prec@1 89.844 (85.268)	Prec@5 99.219 (99.528)
Epoch: [37][330/391], lr: 0.01000	Loss 0.4336 (0.4416)	Prec@1 86.719 (85.288)	Prec@5 100.000 (99.528)
Epoch: [37][340/391], lr: 0.01000	Loss 0.5662 (0.4419)	Prec@1 78.125 (85.278)	Prec@5 98.438 (99.521)
Epoch: [37][350/391], lr: 0.01000	Loss 0.5107 (0.4408)	Prec@1 85.156 (85.330)	Prec@5 99.219 (99.519)
Epoch: [37][360/391], lr: 0.01000	Loss 0.4009 (0.4404)	Prec@1 85.938 (85.340)	Prec@5 99.219 (99.522)
Epoch: [37][370/391], lr: 0.01000	Loss 0.3884 (0.4403)	Prec@1 84.375 (85.339)	Prec@5 99.219 (99.516)
Epoch: [37][380/391], lr: 0.01000	Loss 0.3624 (0.4395)	Prec@1 87.500 (85.376)	Prec@5 100.000 (99.522)
Epoch: [37][390/391], lr: 0.01000	Loss 0.4655 (0.4390)	Prec@1 87.500 (85.376)	Prec@5 100.000 (99.522)
Epoch [37] Training Results: Prec@1 85.376 Prec@5 99.522             Loss 0.43895
Epoch [37] Training Class Recall: [0.722,0.803,0.763,0.819,0.860,0.889,0.906,0.910,0.929,0.936]

Epoch: [38][0/391], lr: 0.01000	Loss 0.3519 (0.3519)	Prec@1 87.500 (87.500)	Prec@5 100.000 (100.000)
Epoch: [38][10/391], lr: 0.01000	Loss 0.3520 (0.3841)	Prec@1 87.500 (86.293)	Prec@5 100.000 (99.858)
Epoch: [38][20/391], lr: 0.01000	Loss 0.4188 (0.3948)	Prec@1 87.500 (86.272)	Prec@5 97.656 (99.740)
Epoch: [38][30/391], lr: 0.01000	Loss 0.3849 (0.4016)	Prec@1 88.281 (86.139)	Prec@5 100.000 (99.647)
Epoch: [38][40/391], lr: 0.01000	Loss 0.4409 (0.4195)	Prec@1 84.375 (85.671)	Prec@5 100.000 (99.695)
Epoch: [38][50/391], lr: 0.01000	Loss 0.3109 (0.4264)	Prec@1 86.719 (85.463)	Prec@5 100.000 (99.694)
Epoch: [38][60/391], lr: 0.01000	Loss 0.4925 (0.4340)	Prec@1 85.938 (85.438)	Prec@5 99.219 (99.654)
Epoch: [38][70/391], lr: 0.01000	Loss 0.5211 (0.4308)	Prec@1 82.031 (85.475)	Prec@5 99.219 (99.648)
Epoch: [38][80/391], lr: 0.01000	Loss 0.5363 (0.4309)	Prec@1 81.250 (85.532)	Prec@5 99.219 (99.624)
Epoch: [38][90/391], lr: 0.01000	Loss 0.4586 (0.4316)	Prec@1 84.375 (85.517)	Prec@5 99.219 (99.614)
Epoch: [38][100/391], lr: 0.01000	Loss 0.3301 (0.4337)	Prec@1 89.062 (85.481)	Prec@5 100.000 (99.590)
Epoch: [38][110/391], lr: 0.01000	Loss 0.4261 (0.4302)	Prec@1 87.500 (85.557)	Prec@5 100.000 (99.606)
Epoch: [38][120/391], lr: 0.01000	Loss 0.4978 (0.4311)	Prec@1 82.031 (85.608)	Prec@5 99.219 (99.600)
Epoch: [38][130/391], lr: 0.01000	Loss 0.5539 (0.4335)	Prec@1 82.031 (85.556)	Prec@5 97.656 (99.571)
Epoch: [38][140/391], lr: 0.01000	Loss 0.5714 (0.4355)	Prec@1 81.250 (85.489)	Prec@5 99.219 (99.573)
Epoch: [38][150/391], lr: 0.01000	Loss 0.3616 (0.4348)	Prec@1 87.500 (85.544)	Prec@5 100.000 (99.571)
Epoch: [38][160/391], lr: 0.01000	Loss 0.4618 (0.4350)	Prec@1 82.812 (85.520)	Prec@5 96.875 (99.539)
Epoch: [38][170/391], lr: 0.01000	Loss 0.5019 (0.4343)	Prec@1 82.812 (85.549)	Prec@5 100.000 (99.529)
Epoch: [38][180/391], lr: 0.01000	Loss 0.3421 (0.4311)	Prec@1 87.500 (85.653)	Prec@5 98.438 (99.525)
Epoch: [38][190/391], lr: 0.01000	Loss 0.3894 (0.4299)	Prec@1 84.375 (85.696)	Prec@5 100.000 (99.521)
Epoch: [38][200/391], lr: 0.01000	Loss 0.3295 (0.4293)	Prec@1 89.844 (85.697)	Prec@5 100.000 (99.514)
Epoch: [38][210/391], lr: 0.01000	Loss 0.3664 (0.4294)	Prec@1 88.281 (85.686)	Prec@5 98.438 (99.496)
Epoch: [38][220/391], lr: 0.01000	Loss 0.5092 (0.4291)	Prec@1 84.375 (85.648)	Prec@5 100.000 (99.502)
Epoch: [38][230/391], lr: 0.01000	Loss 0.5551 (0.4295)	Prec@1 81.250 (85.653)	Prec@5 98.438 (99.506)
Epoch: [38][240/391], lr: 0.01000	Loss 0.5148 (0.4315)	Prec@1 81.250 (85.597)	Prec@5 99.219 (99.501)
Epoch: [38][250/391], lr: 0.01000	Loss 0.4847 (0.4330)	Prec@1 83.594 (85.520)	Prec@5 98.438 (99.486)
Epoch: [38][260/391], lr: 0.01000	Loss 0.4037 (0.4328)	Prec@1 86.719 (85.557)	Prec@5 100.000 (99.491)
Epoch: [38][270/391], lr: 0.01000	Loss 0.4387 (0.4349)	Prec@1 85.938 (85.473)	Prec@5 100.000 (99.493)
Epoch: [38][280/391], lr: 0.01000	Loss 0.5168 (0.4359)	Prec@1 78.906 (85.412)	Prec@5 99.219 (99.494)
Epoch: [38][290/391], lr: 0.01000	Loss 0.5741 (0.4371)	Prec@1 79.688 (85.358)	Prec@5 99.219 (99.490)
Epoch: [38][300/391], lr: 0.01000	Loss 0.4900 (0.4399)	Prec@1 82.812 (85.302)	Prec@5 99.219 (99.478)
Epoch: [38][310/391], lr: 0.01000	Loss 0.5457 (0.4413)	Prec@1 83.594 (85.264)	Prec@5 99.219 (99.483)
Epoch: [38][320/391], lr: 0.01000	Loss 0.5106 (0.4417)	Prec@1 85.156 (85.266)	Prec@5 100.000 (99.477)
Epoch: [38][330/391], lr: 0.01000	Loss 0.5645 (0.4423)	Prec@1 81.250 (85.253)	Prec@5 99.219 (99.474)
Epoch: [38][340/391], lr: 0.01000	Loss 0.4464 (0.4421)	Prec@1 84.375 (85.250)	Prec@5 100.000 (99.468)
Epoch: [38][350/391], lr: 0.01000	Loss 0.4403 (0.4419)	Prec@1 85.156 (85.243)	Prec@5 98.438 (99.468)
Epoch: [38][360/391], lr: 0.01000	Loss 0.4350 (0.4417)	Prec@1 85.156 (85.232)	Prec@5 100.000 (99.472)
Epoch: [38][370/391], lr: 0.01000	Loss 0.4150 (0.4404)	Prec@1 87.500 (85.274)	Prec@5 98.438 (99.478)
Epoch: [38][380/391], lr: 0.01000	Loss 0.4374 (0.4401)	Prec@1 82.031 (85.281)	Prec@5 99.219 (99.481)
Epoch: [38][390/391], lr: 0.01000	Loss 0.5062 (0.4400)	Prec@1 80.000 (85.276)	Prec@5 98.750 (99.488)
Epoch [38] Training Results: Prec@1 85.276 Prec@5 99.488             Loss 0.43997
Epoch [38] Training Class Recall: [0.734,0.809,0.758,0.812,0.857,0.878,0.909,0.907,0.930,0.932]

Epoch: [39][0/391], lr: 0.01000	Loss 0.3342 (0.3342)	Prec@1 88.281 (88.281)	Prec@5 100.000 (100.000)
Epoch: [39][10/391], lr: 0.01000	Loss 0.4811 (0.4361)	Prec@1 82.812 (84.375)	Prec@5 99.219 (99.645)
Epoch: [39][20/391], lr: 0.01000	Loss 0.2614 (0.4209)	Prec@1 90.625 (84.896)	Prec@5 99.219 (99.628)
Epoch: [39][30/391], lr: 0.01000	Loss 0.4307 (0.4155)	Prec@1 87.500 (85.333)	Prec@5 100.000 (99.622)
Epoch: [39][40/391], lr: 0.01000	Loss 0.3051 (0.4174)	Prec@1 92.188 (85.823)	Prec@5 100.000 (99.562)
Epoch: [39][50/391], lr: 0.01000	Loss 0.4662 (0.4203)	Prec@1 87.500 (85.769)	Prec@5 99.219 (99.525)
Epoch: [39][60/391], lr: 0.01000	Loss 0.4120 (0.4172)	Prec@1 85.156 (85.963)	Prec@5 100.000 (99.539)
Epoch: [39][70/391], lr: 0.01000	Loss 0.4062 (0.4261)	Prec@1 84.375 (85.728)	Prec@5 99.219 (99.516)
Epoch: [39][80/391], lr: 0.01000	Loss 0.5173 (0.4310)	Prec@1 82.812 (85.639)	Prec@5 100.000 (99.508)
Epoch: [39][90/391], lr: 0.01000	Loss 0.3638 (0.4327)	Prec@1 86.719 (85.577)	Prec@5 99.219 (99.519)
Epoch: [39][100/391], lr: 0.01000	Loss 0.4450 (0.4377)	Prec@1 88.281 (85.412)	Prec@5 100.000 (99.505)
Epoch: [39][110/391], lr: 0.01000	Loss 0.5667 (0.4410)	Prec@1 85.156 (85.283)	Prec@5 99.219 (99.521)
Epoch: [39][120/391], lr: 0.01000	Loss 0.4125 (0.4410)	Prec@1 85.156 (85.260)	Prec@5 100.000 (99.529)
Epoch: [39][130/391], lr: 0.01000	Loss 0.2710 (0.4381)	Prec@1 92.969 (85.443)	Prec@5 99.219 (99.541)
Epoch: [39][140/391], lr: 0.01000	Loss 0.4850 (0.4336)	Prec@1 84.375 (85.616)	Prec@5 98.438 (99.535)
Epoch: [39][150/391], lr: 0.01000	Loss 0.4177 (0.4318)	Prec@1 85.938 (85.643)	Prec@5 100.000 (99.555)
Epoch: [39][160/391], lr: 0.01000	Loss 0.3334 (0.4285)	Prec@1 89.844 (85.724)	Prec@5 99.219 (99.563)
Epoch: [39][170/391], lr: 0.01000	Loss 0.4356 (0.4303)	Prec@1 85.156 (85.677)	Prec@5 99.219 (99.548)
Epoch: [39][180/391], lr: 0.01000	Loss 0.3658 (0.4270)	Prec@1 87.500 (85.817)	Prec@5 100.000 (99.551)
Epoch: [39][190/391], lr: 0.01000	Loss 0.5384 (0.4272)	Prec@1 80.469 (85.823)	Prec@5 98.438 (99.558)
Epoch: [39][200/391], lr: 0.01000	Loss 0.4510 (0.4264)	Prec@1 86.719 (85.864)	Prec@5 98.438 (99.561)
Epoch: [39][210/391], lr: 0.01000	Loss 0.3724 (0.4285)	Prec@1 87.500 (85.775)	Prec@5 100.000 (99.559)
Epoch: [39][220/391], lr: 0.01000	Loss 0.4585 (0.4298)	Prec@1 85.938 (85.743)	Prec@5 100.000 (99.572)
Epoch: [39][230/391], lr: 0.01000	Loss 0.4669 (0.4332)	Prec@1 82.031 (85.613)	Prec@5 100.000 (99.567)
Epoch: [39][240/391], lr: 0.01000	Loss 0.5396 (0.4351)	Prec@1 80.469 (85.519)	Prec@5 98.438 (99.575)
Epoch: [39][250/391], lr: 0.01000	Loss 0.4838 (0.4388)	Prec@1 85.938 (85.390)	Prec@5 98.438 (99.552)
Epoch: [39][260/391], lr: 0.01000	Loss 0.5276 (0.4421)	Prec@1 82.031 (85.252)	Prec@5 99.219 (99.545)
Epoch: [39][270/391], lr: 0.01000	Loss 0.3974 (0.4437)	Prec@1 89.844 (85.214)	Prec@5 100.000 (99.536)
Epoch: [39][280/391], lr: 0.01000	Loss 0.4588 (0.4444)	Prec@1 85.156 (85.145)	Prec@5 100.000 (99.544)
Epoch: [39][290/391], lr: 0.01000	Loss 0.4391 (0.4453)	Prec@1 83.594 (85.121)	Prec@5 100.000 (99.541)
Epoch: [39][300/391], lr: 0.01000	Loss 0.4496 (0.4469)	Prec@1 85.938 (85.078)	Prec@5 100.000 (99.541)
Epoch: [39][310/391], lr: 0.01000	Loss 0.7004 (0.4495)	Prec@1 72.656 (85.006)	Prec@5 98.438 (99.530)
Epoch: [39][320/391], lr: 0.01000	Loss 0.4169 (0.4504)	Prec@1 83.594 (84.991)	Prec@5 99.219 (99.525)
Epoch: [39][330/391], lr: 0.01000	Loss 0.4939 (0.4532)	Prec@1 86.719 (84.892)	Prec@5 99.219 (99.514)
Epoch: [39][340/391], lr: 0.01000	Loss 0.3828 (0.4525)	Prec@1 85.156 (84.920)	Prec@5 100.000 (99.519)
Epoch: [39][350/391], lr: 0.01000	Loss 0.3291 (0.4525)	Prec@1 89.844 (84.916)	Prec@5 100.000 (99.521)
Epoch: [39][360/391], lr: 0.01000	Loss 0.3995 (0.4528)	Prec@1 86.719 (84.901)	Prec@5 100.000 (99.526)
Epoch: [39][370/391], lr: 0.01000	Loss 0.4429 (0.4521)	Prec@1 82.812 (84.889)	Prec@5 100.000 (99.528)
Epoch: [39][380/391], lr: 0.01000	Loss 0.3714 (0.4517)	Prec@1 89.844 (84.918)	Prec@5 99.219 (99.524)
Epoch: [39][390/391], lr: 0.01000	Loss 0.4931 (0.4500)	Prec@1 85.000 (84.976)	Prec@5 97.500 (99.522)
Epoch [39] Training Results: Prec@1 84.976 Prec@5 99.522             Loss 0.44997
Epoch [39] Training Class Recall: [0.723,0.801,0.768,0.816,0.854,0.880,0.904,0.902,0.923,0.928]

Epoch: [40][0/391], lr: 0.01000	Loss 0.5403 (0.5403)	Prec@1 79.688 (79.688)	Prec@5 99.219 (99.219)
Epoch: [40][10/391], lr: 0.01000	Loss 0.3126 (0.4093)	Prec@1 89.062 (85.866)	Prec@5 100.000 (99.787)
Epoch: [40][20/391], lr: 0.01000	Loss 0.3418 (0.3940)	Prec@1 85.938 (86.496)	Prec@5 100.000 (99.740)
Epoch: [40][30/391], lr: 0.01000	Loss 0.4450 (0.3841)	Prec@1 82.031 (86.820)	Prec@5 98.438 (99.672)
Epoch: [40][40/391], lr: 0.01000	Loss 0.3918 (0.3812)	Prec@1 85.938 (87.100)	Prec@5 100.000 (99.638)
Epoch: [40][50/391], lr: 0.01000	Loss 0.3337 (0.3870)	Prec@1 86.719 (86.949)	Prec@5 100.000 (99.632)
Epoch: [40][60/391], lr: 0.01000	Loss 0.3918 (0.3940)	Prec@1 88.281 (86.744)	Prec@5 100.000 (99.629)
Epoch: [40][70/391], lr: 0.01000	Loss 0.3337 (0.3923)	Prec@1 87.500 (86.873)	Prec@5 100.000 (99.648)
Epoch: [40][80/391], lr: 0.01000	Loss 0.6178 (0.3966)	Prec@1 79.688 (86.767)	Prec@5 98.438 (99.614)
Epoch: [40][90/391], lr: 0.01000	Loss 0.3605 (0.4000)	Prec@1 87.500 (86.641)	Prec@5 100.000 (99.588)
Epoch: [40][100/391], lr: 0.01000	Loss 0.5870 (0.4091)	Prec@1 80.469 (86.324)	Prec@5 100.000 (99.567)
Epoch: [40][110/391], lr: 0.01000	Loss 0.5671 (0.4119)	Prec@1 80.469 (86.247)	Prec@5 99.219 (99.535)
Epoch: [40][120/391], lr: 0.01000	Loss 0.3464 (0.4103)	Prec@1 89.062 (86.273)	Prec@5 100.000 (99.561)
Epoch: [40][130/391], lr: 0.01000	Loss 0.5916 (0.4120)	Prec@1 78.906 (86.206)	Prec@5 100.000 (99.583)
Epoch: [40][140/391], lr: 0.01000	Loss 0.4826 (0.4155)	Prec@1 83.594 (86.109)	Prec@5 100.000 (99.546)
Epoch: [40][150/391], lr: 0.01000	Loss 0.3104 (0.4175)	Prec@1 90.625 (86.082)	Prec@5 100.000 (99.540)
Epoch: [40][160/391], lr: 0.01000	Loss 0.3815 (0.4189)	Prec@1 87.500 (86.001)	Prec@5 100.000 (99.549)
Epoch: [40][170/391], lr: 0.01000	Loss 0.5155 (0.4178)	Prec@1 80.469 (86.006)	Prec@5 98.438 (99.557)
Epoch: [40][180/391], lr: 0.01000	Loss 0.5360 (0.4167)	Prec@1 82.031 (86.050)	Prec@5 100.000 (99.568)
Epoch: [40][190/391], lr: 0.01000	Loss 0.4602 (0.4172)	Prec@1 85.938 (86.027)	Prec@5 99.219 (99.562)
Epoch: [40][200/391], lr: 0.01000	Loss 0.3952 (0.4174)	Prec@1 84.375 (85.988)	Prec@5 100.000 (99.565)
Epoch: [40][210/391], lr: 0.01000	Loss 0.3580 (0.4179)	Prec@1 89.844 (85.989)	Prec@5 98.438 (99.571)
Epoch: [40][220/391], lr: 0.01000	Loss 0.4725 (0.4176)	Prec@1 82.812 (85.969)	Prec@5 100.000 (99.572)
Epoch: [40][230/391], lr: 0.01000	Loss 0.4281 (0.4179)	Prec@1 85.938 (85.975)	Prec@5 100.000 (99.574)
Epoch: [40][240/391], lr: 0.01000	Loss 0.6598 (0.4192)	Prec@1 75.781 (85.941)	Prec@5 99.219 (99.569)
Epoch: [40][250/391], lr: 0.01000	Loss 0.4029 (0.4207)	Prec@1 85.156 (85.897)	Prec@5 100.000 (99.567)
Epoch: [40][260/391], lr: 0.01000	Loss 0.4244 (0.4196)	Prec@1 84.375 (85.955)	Prec@5 99.219 (99.566)
Epoch: [40][270/391], lr: 0.01000	Loss 0.4164 (0.4188)	Prec@1 86.719 (85.978)	Prec@5 100.000 (99.573)
Epoch: [40][280/391], lr: 0.01000	Loss 0.4393 (0.4195)	Prec@1 85.156 (85.949)	Prec@5 99.219 (99.566)
Epoch: [40][290/391], lr: 0.01000	Loss 0.4387 (0.4198)	Prec@1 83.594 (85.962)	Prec@5 100.000 (99.565)
Epoch: [40][300/391], lr: 0.01000	Loss 0.3497 (0.4217)	Prec@1 86.719 (85.883)	Prec@5 100.000 (99.569)
Epoch: [40][310/391], lr: 0.01000	Loss 0.4663 (0.4209)	Prec@1 87.500 (85.927)	Prec@5 100.000 (99.580)
Epoch: [40][320/391], lr: 0.01000	Loss 0.5396 (0.4227)	Prec@1 79.688 (85.857)	Prec@5 98.438 (99.567)
Epoch: [40][330/391], lr: 0.01000	Loss 0.2978 (0.4246)	Prec@1 89.062 (85.815)	Prec@5 100.000 (99.561)
Epoch: [40][340/391], lr: 0.01000	Loss 0.4442 (0.4261)	Prec@1 85.156 (85.805)	Prec@5 100.000 (99.553)
Epoch: [40][350/391], lr: 0.01000	Loss 0.3740 (0.4271)	Prec@1 87.500 (85.764)	Prec@5 99.219 (99.553)
Epoch: [40][360/391], lr: 0.01000	Loss 0.4089 (0.4274)	Prec@1 87.500 (85.758)	Prec@5 99.219 (99.546)
Epoch: [40][370/391], lr: 0.01000	Loss 0.3753 (0.4266)	Prec@1 87.500 (85.777)	Prec@5 99.219 (99.554)
Epoch: [40][380/391], lr: 0.01000	Loss 0.4150 (0.4274)	Prec@1 87.500 (85.745)	Prec@5 99.219 (99.553)
Epoch: [40][390/391], lr: 0.01000	Loss 0.3946 (0.4269)	Prec@1 90.000 (85.772)	Prec@5 100.000 (99.550)
Epoch [40] Training Results: Prec@1 85.772 Prec@5 99.550             Loss 0.42691
Epoch [40] Training Class Recall: [0.740,0.804,0.785,0.815,0.866,0.886,0.903,0.908,0.932,0.938]

Epoch: [41][0/391], lr: 0.01000	Loss 0.4574 (0.4574)	Prec@1 88.281 (88.281)	Prec@5 98.438 (98.438)
Epoch: [41][10/391], lr: 0.01000	Loss 0.4101 (0.4425)	Prec@1 85.156 (85.156)	Prec@5 100.000 (99.574)
Epoch: [41][20/391], lr: 0.01000	Loss 0.3815 (0.4355)	Prec@1 89.844 (85.677)	Prec@5 99.219 (99.665)
Epoch: [41][30/391], lr: 0.01000	Loss 0.4338 (0.4340)	Prec@1 85.156 (85.811)	Prec@5 100.000 (99.698)
Epoch: [41][40/391], lr: 0.01000	Loss 0.4514 (0.4220)	Prec@1 85.938 (86.071)	Prec@5 100.000 (99.714)
Epoch: [41][50/391], lr: 0.01000	Loss 0.3965 (0.4159)	Prec@1 85.938 (86.152)	Prec@5 100.000 (99.678)
Epoch: [41][60/391], lr: 0.01000	Loss 0.4422 (0.4127)	Prec@1 84.375 (86.322)	Prec@5 99.219 (99.667)
Epoch: [41][70/391], lr: 0.01000	Loss 0.5080 (0.4130)	Prec@1 85.156 (86.224)	Prec@5 100.000 (99.670)
Epoch: [41][80/391], lr: 0.01000	Loss 0.4935 (0.4132)	Prec@1 86.719 (86.265)	Prec@5 100.000 (99.662)
Epoch: [41][90/391], lr: 0.01000	Loss 0.6082 (0.4164)	Prec@1 77.344 (86.023)	Prec@5 99.219 (99.665)
Epoch: [41][100/391], lr: 0.01000	Loss 0.5305 (0.4181)	Prec@1 81.250 (85.930)	Prec@5 97.656 (99.652)
Epoch: [41][110/391], lr: 0.01000	Loss 0.4789 (0.4215)	Prec@1 85.938 (85.874)	Prec@5 100.000 (99.648)
Epoch: [41][120/391], lr: 0.01000	Loss 0.3188 (0.4201)	Prec@1 88.281 (85.938)	Prec@5 99.219 (99.638)
Epoch: [41][130/391], lr: 0.01000	Loss 0.4810 (0.4230)	Prec@1 82.812 (85.818)	Prec@5 100.000 (99.612)
Epoch: [41][140/391], lr: 0.01000	Loss 0.3428 (0.4249)	Prec@1 87.500 (85.732)	Prec@5 99.219 (99.623)
Epoch: [41][150/391], lr: 0.01000	Loss 0.4631 (0.4235)	Prec@1 85.938 (85.751)	Prec@5 99.219 (99.627)
Epoch: [41][160/391], lr: 0.01000	Loss 0.5699 (0.4268)	Prec@1 81.250 (85.666)	Prec@5 98.438 (99.631)
Epoch: [41][170/391], lr: 0.01000	Loss 0.5884 (0.4292)	Prec@1 78.906 (85.618)	Prec@5 99.219 (99.607)
Epoch: [41][180/391], lr: 0.01000	Loss 0.5362 (0.4311)	Prec@1 82.031 (85.558)	Prec@5 99.219 (99.594)
Epoch: [41][190/391], lr: 0.01000	Loss 0.5088 (0.4349)	Prec@1 85.156 (85.447)	Prec@5 99.219 (99.575)
Epoch: [41][200/391], lr: 0.01000	Loss 0.4498 (0.4357)	Prec@1 85.938 (85.421)	Prec@5 98.438 (99.572)
Epoch: [41][210/391], lr: 0.01000	Loss 0.3197 (0.4353)	Prec@1 89.062 (85.427)	Prec@5 100.000 (99.571)
Epoch: [41][220/391], lr: 0.01000	Loss 0.3647 (0.4339)	Prec@1 88.281 (85.506)	Prec@5 100.000 (99.565)
Epoch: [41][230/391], lr: 0.01000	Loss 0.5084 (0.4353)	Prec@1 85.156 (85.474)	Prec@5 99.219 (99.554)
Epoch: [41][240/391], lr: 0.01000	Loss 0.4222 (0.4363)	Prec@1 87.500 (85.406)	Prec@5 100.000 (99.559)
Epoch: [41][250/391], lr: 0.01000	Loss 0.3736 (0.4357)	Prec@1 82.031 (85.443)	Prec@5 100.000 (99.558)
Epoch: [41][260/391], lr: 0.01000	Loss 0.3451 (0.4355)	Prec@1 90.625 (85.462)	Prec@5 100.000 (99.563)
Epoch: [41][270/391], lr: 0.01000	Loss 0.3958 (0.4364)	Prec@1 86.719 (85.445)	Prec@5 100.000 (99.556)
Epoch: [41][280/391], lr: 0.01000	Loss 0.4378 (0.4369)	Prec@1 85.156 (85.440)	Prec@5 99.219 (99.547)
Epoch: [41][290/391], lr: 0.01000	Loss 0.3975 (0.4369)	Prec@1 85.938 (85.446)	Prec@5 99.219 (99.546)
Epoch: [41][300/391], lr: 0.01000	Loss 0.5392 (0.4348)	Prec@1 82.031 (85.530)	Prec@5 100.000 (99.559)
Epoch: [41][310/391], lr: 0.01000	Loss 0.3815 (0.4341)	Prec@1 88.281 (85.546)	Prec@5 100.000 (99.555)
Epoch: [41][320/391], lr: 0.01000	Loss 0.4912 (0.4344)	Prec@1 84.375 (85.546)	Prec@5 99.219 (99.555)
Epoch: [41][330/391], lr: 0.01000	Loss 0.3000 (0.4344)	Prec@1 92.188 (85.536)	Prec@5 99.219 (99.559)
Epoch: [41][340/391], lr: 0.01000	Loss 0.4068 (0.4349)	Prec@1 83.594 (85.504)	Prec@5 100.000 (99.562)
Epoch: [41][350/391], lr: 0.01000	Loss 0.3526 (0.4343)	Prec@1 88.281 (85.539)	Prec@5 99.219 (99.566)
Epoch: [41][360/391], lr: 0.01000	Loss 0.3224 (0.4335)	Prec@1 89.062 (85.585)	Prec@5 100.000 (99.572)
Epoch: [41][370/391], lr: 0.01000	Loss 0.5360 (0.4333)	Prec@1 83.594 (85.611)	Prec@5 99.219 (99.570)
Epoch: [41][380/391], lr: 0.01000	Loss 0.4387 (0.4331)	Prec@1 85.938 (85.597)	Prec@5 99.219 (99.571)
Epoch: [41][390/391], lr: 0.01000	Loss 0.4539 (0.4326)	Prec@1 82.500 (85.594)	Prec@5 100.000 (99.578)
Epoch [41] Training Results: Prec@1 85.594 Prec@5 99.578             Loss 0.43260
Epoch [41] Training Class Recall: [0.725,0.811,0.771,0.826,0.861,0.884,0.907,0.910,0.930,0.935]

Epoch: [42][0/391], lr: 0.01000	Loss 0.5848 (0.5848)	Prec@1 82.031 (82.031)	Prec@5 99.219 (99.219)
Epoch: [42][10/391], lr: 0.01000	Loss 0.4373 (0.4537)	Prec@1 86.719 (85.156)	Prec@5 100.000 (99.574)
Epoch: [42][20/391], lr: 0.01000	Loss 0.3786 (0.4331)	Prec@1 89.062 (85.826)	Prec@5 98.438 (99.516)
Epoch: [42][30/391], lr: 0.01000	Loss 0.3508 (0.4237)	Prec@1 87.500 (85.912)	Prec@5 99.219 (99.546)
Epoch: [42][40/391], lr: 0.01000	Loss 0.3205 (0.4165)	Prec@1 92.969 (86.338)	Prec@5 100.000 (99.600)
Epoch: [42][50/391], lr: 0.01000	Loss 0.3947 (0.4158)	Prec@1 88.281 (86.275)	Prec@5 100.000 (99.617)
Epoch: [42][60/391], lr: 0.01000	Loss 0.3651 (0.4088)	Prec@1 87.500 (86.514)	Prec@5 100.000 (99.590)
Epoch: [42][70/391], lr: 0.01000	Loss 0.3031 (0.4086)	Prec@1 89.062 (86.521)	Prec@5 100.000 (99.604)
Epoch: [42][80/391], lr: 0.01000	Loss 0.3892 (0.4046)	Prec@1 85.938 (86.478)	Prec@5 100.000 (99.633)
Epoch: [42][90/391], lr: 0.01000	Loss 0.3917 (0.3996)	Prec@1 86.719 (86.676)	Prec@5 100.000 (99.657)
Epoch: [42][100/391], lr: 0.01000	Loss 0.3856 (0.3978)	Prec@1 88.281 (86.742)	Prec@5 100.000 (99.644)
Epoch: [42][110/391], lr: 0.01000	Loss 0.3966 (0.4026)	Prec@1 91.406 (86.564)	Prec@5 100.000 (99.599)
Epoch: [42][120/391], lr: 0.01000	Loss 0.5922 (0.4071)	Prec@1 77.344 (86.402)	Prec@5 100.000 (99.587)
Epoch: [42][130/391], lr: 0.01000	Loss 0.5880 (0.4068)	Prec@1 78.125 (86.391)	Prec@5 100.000 (99.594)
Epoch: [42][140/391], lr: 0.01000	Loss 0.3512 (0.4102)	Prec@1 88.281 (86.298)	Prec@5 100.000 (99.573)
Epoch: [42][150/391], lr: 0.01000	Loss 0.3264 (0.4148)	Prec@1 89.062 (86.196)	Prec@5 100.000 (99.565)
Epoch: [42][160/391], lr: 0.01000	Loss 0.2854 (0.4150)	Prec@1 93.750 (86.253)	Prec@5 100.000 (99.558)
Epoch: [42][170/391], lr: 0.01000	Loss 0.3767 (0.4135)	Prec@1 89.062 (86.330)	Prec@5 100.000 (99.557)
Epoch: [42][180/391], lr: 0.01000	Loss 0.5983 (0.4160)	Prec@1 82.031 (86.248)	Prec@5 98.438 (99.551)
Epoch: [42][190/391], lr: 0.01000	Loss 0.6053 (0.4175)	Prec@1 82.031 (86.216)	Prec@5 98.438 (99.554)
Epoch: [42][200/391], lr: 0.01000	Loss 0.5967 (0.4186)	Prec@1 82.812 (86.144)	Prec@5 99.219 (99.565)
Epoch: [42][210/391], lr: 0.01000	Loss 0.5128 (0.4205)	Prec@1 84.375 (86.056)	Prec@5 98.438 (99.556)
Epoch: [42][220/391], lr: 0.01000	Loss 0.5351 (0.4205)	Prec@1 86.719 (86.075)	Prec@5 100.000 (99.562)
Epoch: [42][230/391], lr: 0.01000	Loss 0.5639 (0.4204)	Prec@1 82.812 (86.049)	Prec@5 99.219 (99.564)
Epoch: [42][240/391], lr: 0.01000	Loss 0.5275 (0.4218)	Prec@1 82.031 (85.986)	Prec@5 99.219 (99.556)
Epoch: [42][250/391], lr: 0.01000	Loss 0.4858 (0.4238)	Prec@1 83.594 (85.909)	Prec@5 100.000 (99.555)
Epoch: [42][260/391], lr: 0.01000	Loss 0.4782 (0.4236)	Prec@1 83.594 (85.926)	Prec@5 100.000 (99.554)
Epoch: [42][270/391], lr: 0.01000	Loss 0.4169 (0.4223)	Prec@1 86.719 (85.969)	Prec@5 100.000 (99.562)
Epoch: [42][280/391], lr: 0.01000	Loss 0.3862 (0.4229)	Prec@1 88.281 (85.924)	Prec@5 100.000 (99.555)
Epoch: [42][290/391], lr: 0.01000	Loss 0.3528 (0.4208)	Prec@1 86.719 (86.010)	Prec@5 100.000 (99.562)
Epoch: [42][300/391], lr: 0.01000	Loss 0.3246 (0.4201)	Prec@1 88.281 (86.039)	Prec@5 99.219 (99.554)
Epoch: [42][310/391], lr: 0.01000	Loss 0.3408 (0.4188)	Prec@1 86.719 (86.096)	Prec@5 100.000 (99.555)
Epoch: [42][320/391], lr: 0.01000	Loss 0.3525 (0.4198)	Prec@1 91.406 (86.105)	Prec@5 100.000 (99.542)
Epoch: [42][330/391], lr: 0.01000	Loss 0.3635 (0.4192)	Prec@1 90.625 (86.107)	Prec@5 99.219 (99.552)
Epoch: [42][340/391], lr: 0.01000	Loss 0.5560 (0.4200)	Prec@1 84.375 (86.077)	Prec@5 100.000 (99.560)
Epoch: [42][350/391], lr: 0.01000	Loss 0.4646 (0.4201)	Prec@1 82.031 (86.058)	Prec@5 99.219 (99.562)
Epoch: [42][360/391], lr: 0.01000	Loss 0.3854 (0.4198)	Prec@1 90.625 (86.076)	Prec@5 100.000 (99.567)
Epoch: [42][370/391], lr: 0.01000	Loss 0.3018 (0.4186)	Prec@1 89.062 (86.087)	Prec@5 100.000 (99.573)
Epoch: [42][380/391], lr: 0.01000	Loss 0.3491 (0.4185)	Prec@1 86.719 (86.083)	Prec@5 99.219 (99.573)
Epoch: [42][390/391], lr: 0.01000	Loss 0.3673 (0.4193)	Prec@1 87.500 (86.086)	Prec@5 100.000 (99.570)
Epoch [42] Training Results: Prec@1 86.086 Prec@5 99.570             Loss 0.41933
Epoch [42] Training Class Recall: [0.741,0.811,0.780,0.824,0.874,0.882,0.910,0.916,0.931,0.941]

Epoch: [43][0/391], lr: 0.01000	Loss 0.5220 (0.5220)	Prec@1 82.031 (82.031)	Prec@5 97.656 (97.656)
Epoch: [43][10/391], lr: 0.01000	Loss 0.3964 (0.3917)	Prec@1 85.156 (86.506)	Prec@5 100.000 (99.645)
Epoch: [43][20/391], lr: 0.01000	Loss 0.3464 (0.3801)	Prec@1 88.281 (87.128)	Prec@5 99.219 (99.628)
Epoch: [43][30/391], lr: 0.01000	Loss 0.3554 (0.3802)	Prec@1 85.938 (86.870)	Prec@5 99.219 (99.698)
Epoch: [43][40/391], lr: 0.01000	Loss 0.4340 (0.3841)	Prec@1 84.375 (86.795)	Prec@5 98.438 (99.619)
Epoch: [43][50/391], lr: 0.01000	Loss 0.4818 (0.3897)	Prec@1 86.719 (86.642)	Prec@5 99.219 (99.648)
Epoch: [43][60/391], lr: 0.01000	Loss 0.5380 (0.3940)	Prec@1 79.688 (86.488)	Prec@5 98.438 (99.590)
Epoch: [43][70/391], lr: 0.01000	Loss 0.4227 (0.3971)	Prec@1 86.719 (86.521)	Prec@5 100.000 (99.582)
Epoch: [43][80/391], lr: 0.01000	Loss 0.3828 (0.3945)	Prec@1 89.062 (86.651)	Prec@5 100.000 (99.614)
Epoch: [43][90/391], lr: 0.01000	Loss 0.4697 (0.3997)	Prec@1 84.375 (86.367)	Prec@5 99.219 (99.622)
Epoch: [43][100/391], lr: 0.01000	Loss 0.4582 (0.4033)	Prec@1 85.156 (86.301)	Prec@5 100.000 (99.613)
Epoch: [43][110/391], lr: 0.01000	Loss 0.2893 (0.4048)	Prec@1 90.625 (86.149)	Prec@5 100.000 (99.641)
Epoch: [43][120/391], lr: 0.01000	Loss 0.3509 (0.4034)	Prec@1 86.719 (86.247)	Prec@5 99.219 (99.632)
Epoch: [43][130/391], lr: 0.01000	Loss 0.4038 (0.4041)	Prec@1 86.719 (86.224)	Prec@5 100.000 (99.654)
Epoch: [43][140/391], lr: 0.01000	Loss 0.5106 (0.4100)	Prec@1 82.031 (85.998)	Prec@5 100.000 (99.629)
Epoch: [43][150/391], lr: 0.01000	Loss 0.6180 (0.4134)	Prec@1 78.125 (85.938)	Prec@5 99.219 (99.602)
Epoch: [43][160/391], lr: 0.01000	Loss 0.3742 (0.4148)	Prec@1 85.156 (85.928)	Prec@5 99.219 (99.612)
Epoch: [43][170/391], lr: 0.01000	Loss 0.4784 (0.4159)	Prec@1 81.250 (85.883)	Prec@5 100.000 (99.603)
Epoch: [43][180/391], lr: 0.01000	Loss 0.4169 (0.4195)	Prec@1 86.719 (85.786)	Prec@5 100.000 (99.603)
Epoch: [43][190/391], lr: 0.01000	Loss 0.3903 (0.4184)	Prec@1 89.062 (85.888)	Prec@5 99.219 (99.599)
Epoch: [43][200/391], lr: 0.01000	Loss 0.4705 (0.4180)	Prec@1 86.719 (85.864)	Prec@5 100.000 (99.611)
Epoch: [43][210/391], lr: 0.01000	Loss 0.3461 (0.4164)	Prec@1 88.281 (85.904)	Prec@5 100.000 (99.615)
Epoch: [43][220/391], lr: 0.01000	Loss 0.3113 (0.4145)	Prec@1 89.844 (85.966)	Prec@5 100.000 (99.611)
Epoch: [43][230/391], lr: 0.01000	Loss 0.3847 (0.4110)	Prec@1 87.500 (86.113)	Prec@5 100.000 (99.611)
Epoch: [43][240/391], lr: 0.01000	Loss 0.3798 (0.4105)	Prec@1 85.156 (86.080)	Prec@5 100.000 (99.614)
Epoch: [43][250/391], lr: 0.01000	Loss 0.3917 (0.4096)	Prec@1 86.719 (86.127)	Prec@5 99.219 (99.617)
Epoch: [43][260/391], lr: 0.01000	Loss 0.2911 (0.4098)	Prec@1 90.625 (86.120)	Prec@5 100.000 (99.620)
Epoch: [43][270/391], lr: 0.01000	Loss 0.2869 (0.4104)	Prec@1 89.844 (86.093)	Prec@5 100.000 (99.608)
Epoch: [43][280/391], lr: 0.01000	Loss 0.4510 (0.4113)	Prec@1 88.281 (86.088)	Prec@5 100.000 (99.614)
Epoch: [43][290/391], lr: 0.01000	Loss 0.3768 (0.4133)	Prec@1 88.281 (86.023)	Prec@5 100.000 (99.619)
Epoch: [43][300/391], lr: 0.01000	Loss 0.3818 (0.4154)	Prec@1 85.938 (85.963)	Prec@5 100.000 (99.605)
Epoch: [43][310/391], lr: 0.01000	Loss 0.3431 (0.4161)	Prec@1 86.719 (85.935)	Prec@5 100.000 (99.603)
Epoch: [43][320/391], lr: 0.01000	Loss 0.4395 (0.4177)	Prec@1 86.719 (85.886)	Prec@5 100.000 (99.601)
Epoch: [43][330/391], lr: 0.01000	Loss 0.4411 (0.4174)	Prec@1 85.938 (85.916)	Prec@5 100.000 (99.606)
Epoch: [43][340/391], lr: 0.01000	Loss 0.3983 (0.4188)	Prec@1 85.938 (85.871)	Prec@5 100.000 (99.601)
Epoch: [43][350/391], lr: 0.01000	Loss 0.3736 (0.4183)	Prec@1 87.500 (85.913)	Prec@5 99.219 (99.597)
Epoch: [43][360/391], lr: 0.01000	Loss 0.4687 (0.4176)	Prec@1 84.375 (85.940)	Prec@5 100.000 (99.606)
Epoch: [43][370/391], lr: 0.01000	Loss 0.4535 (0.4193)	Prec@1 80.469 (85.866)	Prec@5 100.000 (99.606)
Epoch: [43][380/391], lr: 0.01000	Loss 0.4745 (0.4217)	Prec@1 82.031 (85.808)	Prec@5 100.000 (99.602)
Epoch: [43][390/391], lr: 0.01000	Loss 0.4569 (0.4232)	Prec@1 80.000 (85.784)	Prec@5 100.000 (99.582)
Epoch [43] Training Results: Prec@1 85.784 Prec@5 99.582             Loss 0.42319
Epoch [43] Training Class Recall: [0.728,0.803,0.779,0.828,0.866,0.891,0.905,0.911,0.928,0.939]

Epoch: [44][0/391], lr: 0.01000	Loss 0.3449 (0.3449)	Prec@1 89.062 (89.062)	Prec@5 100.000 (100.000)
Epoch: [44][10/391], lr: 0.01000	Loss 0.4033 (0.4181)	Prec@1 89.062 (85.511)	Prec@5 100.000 (99.787)
Epoch: [44][20/391], lr: 0.01000	Loss 0.4758 (0.4207)	Prec@1 85.938 (86.086)	Prec@5 100.000 (99.702)
Epoch: [44][30/391], lr: 0.01000	Loss 0.4168 (0.4369)	Prec@1 86.719 (85.711)	Prec@5 99.219 (99.672)
Epoch: [44][40/391], lr: 0.01000	Loss 0.5466 (0.4339)	Prec@1 82.031 (85.766)	Prec@5 100.000 (99.657)
Epoch: [44][50/391], lr: 0.01000	Loss 0.3702 (0.4302)	Prec@1 86.719 (85.677)	Prec@5 100.000 (99.663)
Epoch: [44][60/391], lr: 0.01000	Loss 0.5692 (0.4325)	Prec@1 80.469 (85.476)	Prec@5 100.000 (99.641)
Epoch: [44][70/391], lr: 0.01000	Loss 0.4589 (0.4261)	Prec@1 82.031 (85.552)	Prec@5 98.438 (99.648)
Epoch: [44][80/391], lr: 0.01000	Loss 0.2868 (0.4212)	Prec@1 91.406 (85.677)	Prec@5 100.000 (99.662)
Epoch: [44][90/391], lr: 0.01000	Loss 0.3280 (0.4158)	Prec@1 89.062 (85.869)	Prec@5 100.000 (99.682)
Epoch: [44][100/391], lr: 0.01000	Loss 0.4821 (0.4174)	Prec@1 85.156 (85.736)	Prec@5 99.219 (99.660)
Epoch: [44][110/391], lr: 0.01000	Loss 0.6285 (0.4205)	Prec@1 80.469 (85.698)	Prec@5 98.438 (99.655)
Epoch: [44][120/391], lr: 0.01000	Loss 0.4006 (0.4201)	Prec@1 89.062 (85.699)	Prec@5 100.000 (99.645)
Epoch: [44][130/391], lr: 0.01000	Loss 0.3296 (0.4171)	Prec@1 89.062 (85.866)	Prec@5 100.000 (99.642)
Epoch: [44][140/391], lr: 0.01000	Loss 0.4008 (0.4144)	Prec@1 84.375 (85.965)	Prec@5 99.219 (99.623)
Epoch: [44][150/391], lr: 0.01000	Loss 0.3568 (0.4137)	Prec@1 89.062 (85.953)	Prec@5 100.000 (99.627)
Epoch: [44][160/391], lr: 0.01000	Loss 0.4949 (0.4159)	Prec@1 84.375 (85.913)	Prec@5 100.000 (99.636)
Epoch: [44][170/391], lr: 0.01000	Loss 0.5172 (0.4164)	Prec@1 84.375 (85.901)	Prec@5 100.000 (99.630)
Epoch: [44][180/391], lr: 0.01000	Loss 0.4628 (0.4171)	Prec@1 83.594 (85.843)	Prec@5 99.219 (99.624)
Epoch: [44][190/391], lr: 0.01000	Loss 0.4950 (0.4214)	Prec@1 79.688 (85.733)	Prec@5 100.000 (99.603)
Epoch: [44][200/391], lr: 0.01000	Loss 0.5127 (0.4219)	Prec@1 82.031 (85.739)	Prec@5 100.000 (99.611)
Epoch: [44][210/391], lr: 0.01000	Loss 0.3627 (0.4222)	Prec@1 88.281 (85.745)	Prec@5 100.000 (99.615)
Epoch: [44][220/391], lr: 0.01000	Loss 0.4495 (0.4220)	Prec@1 83.594 (85.732)	Prec@5 99.219 (99.618)
Epoch: [44][230/391], lr: 0.01000	Loss 0.4680 (0.4222)	Prec@1 84.375 (85.731)	Prec@5 99.219 (99.628)
Epoch: [44][240/391], lr: 0.01000	Loss 0.5070 (0.4231)	Prec@1 84.375 (85.756)	Prec@5 100.000 (99.621)
Epoch: [44][250/391], lr: 0.01000	Loss 0.4066 (0.4227)	Prec@1 87.500 (85.785)	Prec@5 99.219 (99.617)
Epoch: [44][260/391], lr: 0.01000	Loss 0.4507 (0.4247)	Prec@1 86.719 (85.758)	Prec@5 99.219 (99.605)
Epoch: [44][270/391], lr: 0.01000	Loss 0.4879 (0.4257)	Prec@1 84.375 (85.741)	Prec@5 99.219 (99.605)
Epoch: [44][280/391], lr: 0.01000	Loss 0.4579 (0.4248)	Prec@1 84.375 (85.760)	Prec@5 99.219 (99.600)
Epoch: [44][290/391], lr: 0.01000	Loss 0.4611 (0.4260)	Prec@1 85.156 (85.731)	Prec@5 97.656 (99.597)
Epoch: [44][300/391], lr: 0.01000	Loss 0.4081 (0.4262)	Prec@1 85.938 (85.719)	Prec@5 99.219 (99.592)
Epoch: [44][310/391], lr: 0.01000	Loss 0.4127 (0.4257)	Prec@1 85.938 (85.721)	Prec@5 99.219 (99.588)
Epoch: [44][320/391], lr: 0.01000	Loss 0.2518 (0.4240)	Prec@1 91.406 (85.784)	Prec@5 100.000 (99.586)
Epoch: [44][330/391], lr: 0.01000	Loss 0.3604 (0.4219)	Prec@1 87.500 (85.829)	Prec@5 99.219 (99.589)
Epoch: [44][340/391], lr: 0.01000	Loss 0.4174 (0.4206)	Prec@1 86.719 (85.903)	Prec@5 100.000 (99.594)
Epoch: [44][350/391], lr: 0.01000	Loss 0.2979 (0.4188)	Prec@1 89.062 (85.962)	Prec@5 98.438 (99.597)
Epoch: [44][360/391], lr: 0.01000	Loss 0.3140 (0.4187)	Prec@1 88.281 (85.976)	Prec@5 100.000 (99.602)
Epoch: [44][370/391], lr: 0.01000	Loss 0.3851 (0.4184)	Prec@1 85.156 (86.020)	Prec@5 99.219 (99.600)
Epoch: [44][380/391], lr: 0.01000	Loss 0.4722 (0.4182)	Prec@1 85.938 (86.020)	Prec@5 99.219 (99.600)
Epoch: [44][390/391], lr: 0.01000	Loss 0.4842 (0.4187)	Prec@1 78.750 (85.988)	Prec@5 100.000 (99.602)
Epoch [44] Training Results: Prec@1 85.988 Prec@5 99.602             Loss 0.41874
Epoch [44] Training Class Recall: [0.738,0.815,0.777,0.827,0.863,0.887,0.908,0.911,0.935,0.937]

Epoch: [45][0/391], lr: 0.01000	Loss 0.2980 (0.2980)	Prec@1 88.281 (88.281)	Prec@5 100.000 (100.000)
Epoch: [45][10/391], lr: 0.01000	Loss 0.3847 (0.3961)	Prec@1 87.500 (86.506)	Prec@5 100.000 (99.574)
Epoch: [45][20/391], lr: 0.01000	Loss 0.4800 (0.3972)	Prec@1 85.938 (86.793)	Prec@5 99.219 (99.591)
Epoch: [45][30/391], lr: 0.01000	Loss 0.4017 (0.3985)	Prec@1 85.938 (86.744)	Prec@5 99.219 (99.496)
Epoch: [45][40/391], lr: 0.01000	Loss 0.3714 (0.3913)	Prec@1 86.719 (86.795)	Prec@5 99.219 (99.581)
Epoch: [45][50/391], lr: 0.01000	Loss 0.3435 (0.3932)	Prec@1 89.844 (87.056)	Prec@5 100.000 (99.571)
Epoch: [45][60/391], lr: 0.01000	Loss 0.4836 (0.3959)	Prec@1 85.156 (86.796)	Prec@5 100.000 (99.590)
Epoch: [45][70/391], lr: 0.01000	Loss 0.5039 (0.3960)	Prec@1 79.688 (86.818)	Prec@5 100.000 (99.593)
Epoch: [45][80/391], lr: 0.01000	Loss 0.5248 (0.4016)	Prec@1 83.594 (86.709)	Prec@5 99.219 (99.614)
Epoch: [45][90/391], lr: 0.01000	Loss 0.4741 (0.4036)	Prec@1 84.375 (86.650)	Prec@5 100.000 (99.605)
Epoch: [45][100/391], lr: 0.01000	Loss 0.4926 (0.4073)	Prec@1 83.594 (86.471)	Prec@5 100.000 (99.598)
Epoch: [45][110/391], lr: 0.01000	Loss 0.4015 (0.4085)	Prec@1 85.938 (86.332)	Prec@5 100.000 (99.613)
Epoch: [45][120/391], lr: 0.01000	Loss 0.3833 (0.4098)	Prec@1 89.062 (86.280)	Prec@5 100.000 (99.619)
Epoch: [45][130/391], lr: 0.01000	Loss 0.3235 (0.4076)	Prec@1 92.188 (86.415)	Prec@5 100.000 (99.624)
Epoch: [45][140/391], lr: 0.01000	Loss 0.3986 (0.4106)	Prec@1 84.375 (86.309)	Prec@5 99.219 (99.607)
Epoch: [45][150/391], lr: 0.01000	Loss 0.3884 (0.4117)	Prec@1 85.938 (86.289)	Prec@5 99.219 (99.591)
Epoch: [45][160/391], lr: 0.01000	Loss 0.3476 (0.4129)	Prec@1 89.844 (86.258)	Prec@5 100.000 (99.568)
Epoch: [45][170/391], lr: 0.01000	Loss 0.3146 (0.4130)	Prec@1 91.406 (86.225)	Prec@5 99.219 (99.561)
Epoch: [45][180/391], lr: 0.01000	Loss 0.3242 (0.4109)	Prec@1 86.719 (86.274)	Prec@5 100.000 (99.573)
Epoch: [45][190/391], lr: 0.01000	Loss 0.3932 (0.4097)	Prec@1 87.500 (86.342)	Prec@5 100.000 (99.587)
Epoch: [45][200/391], lr: 0.01000	Loss 0.5696 (0.4103)	Prec@1 83.594 (86.377)	Prec@5 99.219 (99.592)
Epoch: [45][210/391], lr: 0.01000	Loss 0.3636 (0.4115)	Prec@1 89.062 (86.348)	Prec@5 100.000 (99.582)
Epoch: [45][220/391], lr: 0.01000	Loss 0.4370 (0.4112)	Prec@1 83.594 (86.319)	Prec@5 100.000 (99.590)
Epoch: [45][230/391], lr: 0.01000	Loss 0.4056 (0.4124)	Prec@1 83.594 (86.306)	Prec@5 100.000 (99.584)
Epoch: [45][240/391], lr: 0.01000	Loss 0.3071 (0.4101)	Prec@1 85.938 (86.385)	Prec@5 100.000 (99.595)
Epoch: [45][250/391], lr: 0.01000	Loss 0.3092 (0.4076)	Prec@1 88.281 (86.454)	Prec@5 100.000 (99.595)
Epoch: [45][260/391], lr: 0.01000	Loss 0.3056 (0.4065)	Prec@1 91.406 (86.488)	Prec@5 100.000 (99.602)
Epoch: [45][270/391], lr: 0.01000	Loss 0.4110 (0.4054)	Prec@1 85.938 (86.575)	Prec@5 100.000 (99.605)
Epoch: [45][280/391], lr: 0.01000	Loss 0.4046 (0.4050)	Prec@1 89.062 (86.605)	Prec@5 99.219 (99.600)
Epoch: [45][290/391], lr: 0.01000	Loss 0.5263 (0.4072)	Prec@1 83.594 (86.523)	Prec@5 100.000 (99.603)
Epoch: [45][300/391], lr: 0.01000	Loss 0.2782 (0.4061)	Prec@1 87.500 (86.547)	Prec@5 100.000 (99.611)
Epoch: [45][310/391], lr: 0.01000	Loss 0.4190 (0.4064)	Prec@1 82.031 (86.528)	Prec@5 100.000 (99.616)
Epoch: [45][320/391], lr: 0.01000	Loss 0.4654 (0.4088)	Prec@1 82.031 (86.422)	Prec@5 100.000 (99.608)
Epoch: [45][330/391], lr: 0.01000	Loss 0.4655 (0.4103)	Prec@1 87.500 (86.377)	Prec@5 99.219 (99.613)
Epoch: [45][340/391], lr: 0.01000	Loss 0.4632 (0.4121)	Prec@1 81.250 (86.286)	Prec@5 100.000 (99.613)
Epoch: [45][350/391], lr: 0.01000	Loss 0.5067 (0.4158)	Prec@1 82.031 (86.169)	Prec@5 99.219 (99.597)
Epoch: [45][360/391], lr: 0.01000	Loss 0.4553 (0.4182)	Prec@1 82.031 (86.124)	Prec@5 99.219 (99.584)
Epoch: [45][370/391], lr: 0.01000	Loss 0.4242 (0.4185)	Prec@1 85.938 (86.114)	Prec@5 99.219 (99.577)
Epoch: [45][380/391], lr: 0.01000	Loss 0.4036 (0.4183)	Prec@1 85.938 (86.112)	Prec@5 100.000 (99.582)
Epoch: [45][390/391], lr: 0.01000	Loss 0.3638 (0.4176)	Prec@1 83.750 (86.124)	Prec@5 100.000 (99.574)
Epoch [45] Training Results: Prec@1 86.124 Prec@5 99.574             Loss 0.41761
Epoch [45] Training Class Recall: [0.745,0.811,0.782,0.827,0.869,0.892,0.911,0.909,0.927,0.938]

Epoch: [46][0/391], lr: 0.01000	Loss 0.2543 (0.2543)	Prec@1 89.844 (89.844)	Prec@5 100.000 (100.000)
Epoch: [46][10/391], lr: 0.01000	Loss 0.3720 (0.3801)	Prec@1 85.156 (87.003)	Prec@5 100.000 (99.432)
Epoch: [46][20/391], lr: 0.01000	Loss 0.4090 (0.3792)	Prec@1 84.375 (87.091)	Prec@5 100.000 (99.516)
Epoch: [46][30/391], lr: 0.01000	Loss 0.4162 (0.3716)	Prec@1 85.938 (87.626)	Prec@5 99.219 (99.546)
Epoch: [46][40/391], lr: 0.01000	Loss 0.4758 (0.3741)	Prec@1 85.156 (87.557)	Prec@5 100.000 (99.657)
Epoch: [46][50/391], lr: 0.01000	Loss 0.4010 (0.3786)	Prec@1 86.719 (87.469)	Prec@5 100.000 (99.632)
Epoch: [46][60/391], lr: 0.01000	Loss 0.4256 (0.3773)	Prec@1 85.156 (87.462)	Prec@5 100.000 (99.693)
Epoch: [46][70/391], lr: 0.01000	Loss 0.4192 (0.3744)	Prec@1 85.938 (87.654)	Prec@5 100.000 (99.681)
Epoch: [46][80/391], lr: 0.01000	Loss 0.2958 (0.3776)	Prec@1 92.188 (87.558)	Prec@5 100.000 (99.701)
Epoch: [46][90/391], lr: 0.01000	Loss 0.4864 (0.3842)	Prec@1 80.469 (87.225)	Prec@5 100.000 (99.717)
Epoch: [46][100/391], lr: 0.01000	Loss 0.4047 (0.3876)	Prec@1 85.156 (87.075)	Prec@5 100.000 (99.691)
Epoch: [46][110/391], lr: 0.01000	Loss 0.4680 (0.3917)	Prec@1 83.594 (86.930)	Prec@5 99.219 (99.676)
Epoch: [46][120/391], lr: 0.01000	Loss 0.3755 (0.3949)	Prec@1 89.062 (86.867)	Prec@5 100.000 (99.690)
Epoch: [46][130/391], lr: 0.01000	Loss 0.3284 (0.3966)	Prec@1 89.062 (86.868)	Prec@5 100.000 (99.702)
Epoch: [46][140/391], lr: 0.01000	Loss 0.3649 (0.3984)	Prec@1 87.500 (86.741)	Prec@5 100.000 (99.701)
Epoch: [46][150/391], lr: 0.01000	Loss 0.3441 (0.3999)	Prec@1 89.062 (86.724)	Prec@5 100.000 (99.695)
Epoch: [46][160/391], lr: 0.01000	Loss 0.5034 (0.4024)	Prec@1 83.594 (86.617)	Prec@5 99.219 (99.685)
Epoch: [46][170/391], lr: 0.01000	Loss 0.3875 (0.4038)	Prec@1 86.719 (86.518)	Prec@5 99.219 (99.671)
Epoch: [46][180/391], lr: 0.01000	Loss 0.3766 (0.4051)	Prec@1 90.625 (86.473)	Prec@5 98.438 (99.655)
Epoch: [46][190/391], lr: 0.01000	Loss 0.4578 (0.4044)	Prec@1 84.375 (86.498)	Prec@5 99.219 (99.656)
Epoch: [46][200/391], lr: 0.01000	Loss 0.4487 (0.4050)	Prec@1 83.594 (86.423)	Prec@5 99.219 (99.654)
Epoch: [46][210/391], lr: 0.01000	Loss 0.3837 (0.4060)	Prec@1 89.062 (86.360)	Prec@5 99.219 (99.652)
Epoch: [46][220/391], lr: 0.01000	Loss 0.3906 (0.4056)	Prec@1 86.719 (86.351)	Prec@5 100.000 (99.661)
Epoch: [46][230/391], lr: 0.01000	Loss 0.6451 (0.4063)	Prec@1 79.688 (86.323)	Prec@5 99.219 (99.672)
Epoch: [46][240/391], lr: 0.01000	Loss 0.3646 (0.4074)	Prec@1 85.156 (86.291)	Prec@5 100.000 (99.660)
Epoch: [46][250/391], lr: 0.01000	Loss 0.4538 (0.4101)	Prec@1 84.375 (86.221)	Prec@5 98.438 (99.633)
Epoch: [46][260/391], lr: 0.01000	Loss 0.5363 (0.4098)	Prec@1 81.250 (86.210)	Prec@5 100.000 (99.641)
Epoch: [46][270/391], lr: 0.01000	Loss 0.4271 (0.4125)	Prec@1 83.594 (86.125)	Prec@5 100.000 (99.631)
Epoch: [46][280/391], lr: 0.01000	Loss 0.4617 (0.4135)	Prec@1 87.500 (86.124)	Prec@5 99.219 (99.622)
Epoch: [46][290/391], lr: 0.01000	Loss 0.4392 (0.4136)	Prec@1 83.594 (86.091)	Prec@5 100.000 (99.624)
Epoch: [46][300/391], lr: 0.01000	Loss 0.4242 (0.4143)	Prec@1 83.594 (86.036)	Prec@5 100.000 (99.618)
Epoch: [46][310/391], lr: 0.01000	Loss 0.3899 (0.4133)	Prec@1 85.156 (86.056)	Prec@5 98.438 (99.616)
Epoch: [46][320/391], lr: 0.01000	Loss 0.4116 (0.4122)	Prec@1 85.938 (86.069)	Prec@5 100.000 (99.615)
Epoch: [46][330/391], lr: 0.01000	Loss 0.2832 (0.4117)	Prec@1 89.062 (86.110)	Prec@5 100.000 (99.611)
Epoch: [46][340/391], lr: 0.01000	Loss 0.4406 (0.4110)	Prec@1 83.594 (86.125)	Prec@5 99.219 (99.611)
Epoch: [46][350/391], lr: 0.01000	Loss 0.4391 (0.4119)	Prec@1 83.594 (86.091)	Prec@5 100.000 (99.610)
Epoch: [46][360/391], lr: 0.01000	Loss 0.4297 (0.4126)	Prec@1 85.156 (86.093)	Prec@5 100.000 (99.613)
Epoch: [46][370/391], lr: 0.01000	Loss 0.3830 (0.4123)	Prec@1 85.156 (86.085)	Prec@5 100.000 (99.617)
Epoch: [46][380/391], lr: 0.01000	Loss 0.3696 (0.4135)	Prec@1 87.500 (86.026)	Prec@5 100.000 (99.610)
Epoch: [46][390/391], lr: 0.01000	Loss 0.4344 (0.4131)	Prec@1 83.750 (86.044)	Prec@5 98.750 (99.614)
Epoch [46] Training Results: Prec@1 86.044 Prec@5 99.614             Loss 0.41311
Epoch [46] Training Class Recall: [0.745,0.807,0.784,0.829,0.868,0.884,0.908,0.914,0.930,0.936]

Epoch: [47][0/391], lr: 0.01000	Loss 0.4760 (0.4760)	Prec@1 82.031 (82.031)	Prec@5 100.000 (100.000)
Epoch: [47][10/391], lr: 0.01000	Loss 0.4054 (0.4444)	Prec@1 86.719 (84.730)	Prec@5 100.000 (99.432)
Epoch: [47][20/391], lr: 0.01000	Loss 0.4526 (0.4247)	Prec@1 85.156 (85.454)	Prec@5 100.000 (99.628)
Epoch: [47][30/391], lr: 0.01000	Loss 0.3799 (0.4333)	Prec@1 86.719 (85.282)	Prec@5 100.000 (99.597)
Epoch: [47][40/391], lr: 0.01000	Loss 0.3859 (0.4167)	Prec@1 85.938 (85.957)	Prec@5 100.000 (99.581)
Epoch: [47][50/391], lr: 0.01000	Loss 0.3728 (0.4111)	Prec@1 87.500 (86.183)	Prec@5 100.000 (99.586)
Epoch: [47][60/391], lr: 0.01000	Loss 0.3205 (0.4051)	Prec@1 89.062 (86.335)	Prec@5 99.219 (99.641)
Epoch: [47][70/391], lr: 0.01000	Loss 0.4454 (0.3992)	Prec@1 85.156 (86.521)	Prec@5 99.219 (99.648)
Epoch: [47][80/391], lr: 0.01000	Loss 0.3963 (0.3962)	Prec@1 86.719 (86.584)	Prec@5 100.000 (99.633)
Epoch: [47][90/391], lr: 0.01000	Loss 0.4832 (0.3919)	Prec@1 81.250 (86.745)	Prec@5 100.000 (99.657)
Epoch: [47][100/391], lr: 0.01000	Loss 0.5091 (0.3919)	Prec@1 83.594 (86.757)	Prec@5 100.000 (99.667)
Epoch: [47][110/391], lr: 0.01000	Loss 0.2952 (0.3901)	Prec@1 89.062 (86.775)	Prec@5 100.000 (99.669)
Epoch: [47][120/391], lr: 0.01000	Loss 0.3431 (0.3900)	Prec@1 90.625 (86.770)	Prec@5 100.000 (99.684)
Epoch: [47][130/391], lr: 0.01000	Loss 0.3823 (0.3958)	Prec@1 89.844 (86.617)	Prec@5 99.219 (99.654)
Epoch: [47][140/391], lr: 0.01000	Loss 0.3863 (0.4015)	Prec@1 85.156 (86.475)	Prec@5 100.000 (99.651)
Epoch: [47][150/391], lr: 0.01000	Loss 0.5259 (0.4027)	Prec@1 85.938 (86.470)	Prec@5 98.438 (99.622)
Epoch: [47][160/391], lr: 0.01000	Loss 0.4755 (0.4052)	Prec@1 85.938 (86.398)	Prec@5 100.000 (99.631)
Epoch: [47][170/391], lr: 0.01000	Loss 0.4530 (0.4082)	Prec@1 86.719 (86.298)	Prec@5 100.000 (99.635)
Epoch: [47][180/391], lr: 0.01000	Loss 0.5285 (0.4110)	Prec@1 85.938 (86.274)	Prec@5 99.219 (99.624)
Epoch: [47][190/391], lr: 0.01000	Loss 0.4485 (0.4155)	Prec@1 88.281 (86.187)	Prec@5 99.219 (99.595)
Epoch: [47][200/391], lr: 0.01000	Loss 0.4882 (0.4184)	Prec@1 84.375 (86.093)	Prec@5 100.000 (99.600)
Epoch: [47][210/391], lr: 0.01000	Loss 0.4285 (0.4213)	Prec@1 87.500 (86.037)	Prec@5 99.219 (99.593)
Epoch: [47][220/391], lr: 0.01000	Loss 0.3348 (0.4219)	Prec@1 87.500 (86.019)	Prec@5 99.219 (99.593)
Epoch: [47][230/391], lr: 0.01000	Loss 0.3904 (0.4214)	Prec@1 89.844 (86.056)	Prec@5 100.000 (99.591)
Epoch: [47][240/391], lr: 0.01000	Loss 0.3750 (0.4224)	Prec@1 85.938 (86.041)	Prec@5 100.000 (99.585)
Epoch: [47][250/391], lr: 0.01000	Loss 0.5116 (0.4226)	Prec@1 84.375 (86.037)	Prec@5 99.219 (99.583)
Epoch: [47][260/391], lr: 0.01000	Loss 0.4644 (0.4229)	Prec@1 83.594 (85.988)	Prec@5 99.219 (99.578)
Epoch: [47][270/391], lr: 0.01000	Loss 0.3602 (0.4204)	Prec@1 85.938 (86.024)	Prec@5 100.000 (99.585)
Epoch: [47][280/391], lr: 0.01000	Loss 0.5517 (0.4214)	Prec@1 86.719 (86.001)	Prec@5 99.219 (99.580)
Epoch: [47][290/391], lr: 0.01000	Loss 0.3369 (0.4203)	Prec@1 90.625 (86.026)	Prec@5 100.000 (99.589)
Epoch: [47][300/391], lr: 0.01000	Loss 0.4167 (0.4191)	Prec@1 87.500 (86.067)	Prec@5 99.219 (99.592)
Epoch: [47][310/391], lr: 0.01000	Loss 0.4817 (0.4177)	Prec@1 82.812 (86.106)	Prec@5 99.219 (99.596)
Epoch: [47][320/391], lr: 0.01000	Loss 0.5589 (0.4162)	Prec@1 80.469 (86.149)	Prec@5 100.000 (99.606)
Epoch: [47][330/391], lr: 0.01000	Loss 0.4154 (0.4159)	Prec@1 85.938 (86.188)	Prec@5 100.000 (99.603)
Epoch: [47][340/391], lr: 0.01000	Loss 0.4186 (0.4157)	Prec@1 81.250 (86.185)	Prec@5 100.000 (99.604)
Epoch: [47][350/391], lr: 0.01000	Loss 0.3693 (0.4151)	Prec@1 88.281 (86.211)	Prec@5 100.000 (99.604)
Epoch: [47][360/391], lr: 0.01000	Loss 0.4352 (0.4157)	Prec@1 85.156 (86.163)	Prec@5 100.000 (99.608)
Epoch: [47][370/391], lr: 0.01000	Loss 0.3630 (0.4162)	Prec@1 85.938 (86.121)	Prec@5 100.000 (99.606)
Epoch: [47][380/391], lr: 0.01000	Loss 0.3133 (0.4154)	Prec@1 89.844 (86.122)	Prec@5 100.000 (99.608)
Epoch: [47][390/391], lr: 0.01000	Loss 0.4621 (0.4151)	Prec@1 88.750 (86.136)	Prec@5 100.000 (99.614)
Epoch [47] Training Results: Prec@1 86.136 Prec@5 99.614             Loss 0.41506
Epoch [47] Training Class Recall: [0.738,0.812,0.778,0.831,0.873,0.888,0.910,0.917,0.935,0.931]

Epoch: [48][0/391], lr: 0.01000	Loss 0.3538 (0.3538)	Prec@1 86.719 (86.719)	Prec@5 99.219 (99.219)
Epoch: [48][10/391], lr: 0.01000	Loss 0.3815 (0.3979)	Prec@1 89.844 (86.790)	Prec@5 99.219 (99.574)
Epoch: [48][20/391], lr: 0.01000	Loss 0.4361 (0.4169)	Prec@1 86.719 (85.491)	Prec@5 100.000 (99.740)
Epoch: [48][30/391], lr: 0.01000	Loss 0.2722 (0.4086)	Prec@1 90.625 (86.038)	Prec@5 99.219 (99.773)
Epoch: [48][40/391], lr: 0.01000	Loss 0.3467 (0.4065)	Prec@1 88.281 (86.357)	Prec@5 100.000 (99.752)
Epoch: [48][50/391], lr: 0.01000	Loss 0.4830 (0.3990)	Prec@1 89.062 (86.719)	Prec@5 98.438 (99.694)
Epoch: [48][60/391], lr: 0.01000	Loss 0.5319 (0.4054)	Prec@1 83.594 (86.552)	Prec@5 100.000 (99.705)
Epoch: [48][70/391], lr: 0.01000	Loss 0.3055 (0.3985)	Prec@1 89.844 (86.697)	Prec@5 100.000 (99.714)
Epoch: [48][80/391], lr: 0.01000	Loss 0.3588 (0.3993)	Prec@1 89.844 (86.632)	Prec@5 99.219 (99.682)
Epoch: [48][90/391], lr: 0.01000	Loss 0.2949 (0.3951)	Prec@1 87.500 (86.710)	Prec@5 100.000 (99.682)
Epoch: [48][100/391], lr: 0.01000	Loss 0.3088 (0.3984)	Prec@1 88.281 (86.672)	Prec@5 99.219 (99.667)
Epoch: [48][110/391], lr: 0.01000	Loss 0.2584 (0.3973)	Prec@1 93.750 (86.677)	Prec@5 100.000 (99.669)
Epoch: [48][120/391], lr: 0.01000	Loss 0.2554 (0.3924)	Prec@1 91.406 (86.880)	Prec@5 100.000 (99.697)
Epoch: [48][130/391], lr: 0.01000	Loss 0.4552 (0.3904)	Prec@1 82.812 (86.898)	Prec@5 100.000 (99.702)
Epoch: [48][140/391], lr: 0.01000	Loss 0.2876 (0.3893)	Prec@1 92.188 (86.979)	Prec@5 100.000 (99.690)
Epoch: [48][150/391], lr: 0.01000	Loss 0.3480 (0.3878)	Prec@1 84.375 (86.977)	Prec@5 100.000 (99.700)
Epoch: [48][160/391], lr: 0.01000	Loss 0.3310 (0.3862)	Prec@1 90.625 (87.044)	Prec@5 100.000 (99.719)
Epoch: [48][170/391], lr: 0.01000	Loss 0.3064 (0.3843)	Prec@1 92.188 (87.121)	Prec@5 100.000 (99.721)
Epoch: [48][180/391], lr: 0.01000	Loss 0.4345 (0.3850)	Prec@1 87.500 (87.137)	Prec@5 100.000 (99.702)
Epoch: [48][190/391], lr: 0.01000	Loss 0.4351 (0.3854)	Prec@1 83.594 (87.132)	Prec@5 99.219 (99.701)
Epoch: [48][200/391], lr: 0.01000	Loss 0.3526 (0.3852)	Prec@1 89.844 (87.131)	Prec@5 100.000 (99.705)
Epoch: [48][210/391], lr: 0.01000	Loss 0.5238 (0.3886)	Prec@1 82.812 (87.045)	Prec@5 99.219 (99.693)
Epoch: [48][220/391], lr: 0.01000	Loss 0.3483 (0.3902)	Prec@1 89.844 (87.002)	Prec@5 100.000 (99.689)
Epoch: [48][230/391], lr: 0.01000	Loss 0.3859 (0.3897)	Prec@1 83.594 (86.989)	Prec@5 100.000 (99.689)
Epoch: [48][240/391], lr: 0.01000	Loss 0.4825 (0.3914)	Prec@1 82.031 (86.929)	Prec@5 99.219 (99.669)
Epoch: [48][250/391], lr: 0.01000	Loss 0.3879 (0.3913)	Prec@1 87.500 (86.962)	Prec@5 100.000 (99.670)
Epoch: [48][260/391], lr: 0.01000	Loss 0.5241 (0.3936)	Prec@1 85.156 (86.886)	Prec@5 100.000 (99.671)
Epoch: [48][270/391], lr: 0.01000	Loss 0.4033 (0.3937)	Prec@1 85.938 (86.895)	Prec@5 99.219 (99.671)
Epoch: [48][280/391], lr: 0.01000	Loss 0.3411 (0.3938)	Prec@1 88.281 (86.902)	Prec@5 100.000 (99.677)
Epoch: [48][290/391], lr: 0.01000	Loss 0.4726 (0.3939)	Prec@1 82.812 (86.864)	Prec@5 100.000 (99.681)
Epoch: [48][300/391], lr: 0.01000	Loss 0.4790 (0.3953)	Prec@1 82.812 (86.799)	Prec@5 100.000 (99.670)
Epoch: [48][310/391], lr: 0.01000	Loss 0.3955 (0.3962)	Prec@1 90.625 (86.777)	Prec@5 99.219 (99.663)
Epoch: [48][320/391], lr: 0.01000	Loss 0.5689 (0.3977)	Prec@1 80.469 (86.714)	Prec@5 100.000 (99.650)
Epoch: [48][330/391], lr: 0.01000	Loss 0.5997 (0.3993)	Prec@1 78.906 (86.648)	Prec@5 98.438 (99.639)
Epoch: [48][340/391], lr: 0.01000	Loss 0.2573 (0.3997)	Prec@1 92.969 (86.648)	Prec@5 100.000 (99.640)
Epoch: [48][350/391], lr: 0.01000	Loss 0.3950 (0.4013)	Prec@1 85.156 (86.603)	Prec@5 100.000 (99.639)
Epoch: [48][360/391], lr: 0.01000	Loss 0.4241 (0.4009)	Prec@1 82.812 (86.626)	Prec@5 99.219 (99.636)
Epoch: [48][370/391], lr: 0.01000	Loss 0.4032 (0.4010)	Prec@1 86.719 (86.628)	Prec@5 100.000 (99.636)
Epoch: [48][380/391], lr: 0.01000	Loss 0.3338 (0.4008)	Prec@1 88.281 (86.622)	Prec@5 100.000 (99.641)
Epoch: [48][390/391], lr: 0.01000	Loss 0.4217 (0.4018)	Prec@1 87.500 (86.584)	Prec@5 100.000 (99.640)
Epoch [48] Training Results: Prec@1 86.584 Prec@5 99.640             Loss 0.40176
Epoch [48] Training Class Recall: [0.749,0.817,0.783,0.842,0.872,0.894,0.914,0.914,0.933,0.939]

Epoch: [49][0/391], lr: 0.01000	Loss 0.4091 (0.4091)	Prec@1 87.500 (87.500)	Prec@5 100.000 (100.000)
Epoch: [49][10/391], lr: 0.01000	Loss 0.3040 (0.3714)	Prec@1 89.062 (87.287)	Prec@5 100.000 (99.645)
Epoch: [49][20/391], lr: 0.01000	Loss 0.4482 (0.4139)	Prec@1 89.062 (86.124)	Prec@5 99.219 (99.665)
Epoch: [49][30/391], lr: 0.01000	Loss 0.4117 (0.4097)	Prec@1 86.719 (86.215)	Prec@5 99.219 (99.597)
Epoch: [49][40/391], lr: 0.01000	Loss 0.5642 (0.4217)	Prec@1 85.156 (86.071)	Prec@5 99.219 (99.600)
Epoch: [49][50/391], lr: 0.01000	Loss 0.5068 (0.4240)	Prec@1 83.594 (85.922)	Prec@5 99.219 (99.602)
Epoch: [49][60/391], lr: 0.01000	Loss 0.6113 (0.4278)	Prec@1 78.906 (85.707)	Prec@5 99.219 (99.590)
Epoch: [49][70/391], lr: 0.01000	Loss 0.3827 (0.4301)	Prec@1 90.625 (85.772)	Prec@5 99.219 (99.593)
Epoch: [49][80/391], lr: 0.01000	Loss 0.3758 (0.4332)	Prec@1 85.156 (85.716)	Prec@5 99.219 (99.585)
Epoch: [49][90/391], lr: 0.01000	Loss 0.4171 (0.4310)	Prec@1 85.938 (85.740)	Prec@5 100.000 (99.596)
Epoch: [49][100/391], lr: 0.01000	Loss 0.4039 (0.4321)	Prec@1 84.375 (85.729)	Prec@5 100.000 (99.590)
Epoch: [49][110/391], lr: 0.01000	Loss 0.3967 (0.4326)	Prec@1 85.156 (85.677)	Prec@5 100.000 (99.606)
Epoch: [49][120/391], lr: 0.01000	Loss 0.3293 (0.4348)	Prec@1 86.719 (85.537)	Prec@5 100.000 (99.580)
Epoch: [49][130/391], lr: 0.01000	Loss 0.4698 (0.4343)	Prec@1 86.719 (85.526)	Prec@5 100.000 (99.594)
Epoch: [49][140/391], lr: 0.01000	Loss 0.4689 (0.4362)	Prec@1 82.031 (85.395)	Prec@5 99.219 (99.590)
Epoch: [49][150/391], lr: 0.01000	Loss 0.3456 (0.4341)	Prec@1 88.281 (85.430)	Prec@5 100.000 (99.612)
Epoch: [49][160/391], lr: 0.01000	Loss 0.3781 (0.4324)	Prec@1 89.062 (85.428)	Prec@5 100.000 (99.617)
Epoch: [49][170/391], lr: 0.01000	Loss 0.4153 (0.4293)	Prec@1 89.062 (85.545)	Prec@5 99.219 (99.616)
Epoch: [49][180/391], lr: 0.01000	Loss 0.5275 (0.4271)	Prec@1 84.375 (85.609)	Prec@5 99.219 (99.616)
Epoch: [49][190/391], lr: 0.01000	Loss 0.4304 (0.4249)	Prec@1 85.938 (85.672)	Prec@5 97.656 (99.599)
Epoch: [49][200/391], lr: 0.01000	Loss 0.3512 (0.4219)	Prec@1 85.938 (85.778)	Prec@5 100.000 (99.611)
Epoch: [49][210/391], lr: 0.01000	Loss 0.4372 (0.4207)	Prec@1 85.156 (85.849)	Prec@5 100.000 (99.611)
Epoch: [49][220/391], lr: 0.01000	Loss 0.4195 (0.4195)	Prec@1 90.625 (85.899)	Prec@5 98.438 (99.611)
Epoch: [49][230/391], lr: 0.01000	Loss 0.4405 (0.4185)	Prec@1 82.812 (85.931)	Prec@5 99.219 (99.611)
Epoch: [49][240/391], lr: 0.01000	Loss 0.3822 (0.4175)	Prec@1 85.938 (85.986)	Prec@5 100.000 (99.621)
Epoch: [49][250/391], lr: 0.01000	Loss 0.3495 (0.4155)	Prec@1 88.281 (86.034)	Prec@5 100.000 (99.626)
Epoch: [49][260/391], lr: 0.01000	Loss 0.2987 (0.4151)	Prec@1 91.406 (86.051)	Prec@5 100.000 (99.626)
Epoch: [49][270/391], lr: 0.01000	Loss 0.3833 (0.4148)	Prec@1 87.500 (86.050)	Prec@5 100.000 (99.631)
Epoch: [49][280/391], lr: 0.01000	Loss 0.3144 (0.4129)	Prec@1 89.062 (86.104)	Prec@5 100.000 (99.633)
Epoch: [49][290/391], lr: 0.01000	Loss 0.4166 (0.4137)	Prec@1 85.938 (86.112)	Prec@5 100.000 (99.640)
Epoch: [49][300/391], lr: 0.01000	Loss 0.4415 (0.4142)	Prec@1 83.594 (86.083)	Prec@5 100.000 (99.631)
Epoch: [49][310/391], lr: 0.01000	Loss 0.5911 (0.4163)	Prec@1 80.469 (86.005)	Prec@5 100.000 (99.631)
Epoch: [49][320/391], lr: 0.01000	Loss 0.3113 (0.4167)	Prec@1 91.406 (85.996)	Prec@5 99.219 (99.625)
Epoch: [49][330/391], lr: 0.01000	Loss 0.4532 (0.4156)	Prec@1 85.156 (86.044)	Prec@5 100.000 (99.622)
Epoch: [49][340/391], lr: 0.01000	Loss 0.3921 (0.4161)	Prec@1 85.156 (86.025)	Prec@5 100.000 (99.617)
Epoch: [49][350/391], lr: 0.01000	Loss 0.4283 (0.4155)	Prec@1 86.719 (86.062)	Prec@5 99.219 (99.617)
Epoch: [49][360/391], lr: 0.01000	Loss 0.3793 (0.4143)	Prec@1 85.938 (86.115)	Prec@5 100.000 (99.617)
Epoch: [49][370/391], lr: 0.01000	Loss 0.4784 (0.4132)	Prec@1 85.938 (86.178)	Prec@5 97.656 (99.613)
Epoch: [49][380/391], lr: 0.01000	Loss 0.2808 (0.4129)	Prec@1 89.062 (86.192)	Prec@5 100.000 (99.612)
Epoch: [49][390/391], lr: 0.01000	Loss 0.4764 (0.4129)	Prec@1 86.250 (86.176)	Prec@5 100.000 (99.608)
Epoch [49] Training Results: Prec@1 86.176 Prec@5 99.608             Loss 0.41293
Epoch [49] Training Class Recall: [0.738,0.816,0.795,0.827,0.870,0.884,0.911,0.912,0.931,0.933]

Epoch: [50][0/391], lr: 0.01000	Loss 0.2948 (0.2948)	Prec@1 90.625 (90.625)	Prec@5 100.000 (100.000)
Epoch: [50][10/391], lr: 0.01000	Loss 0.3779 (0.3941)	Prec@1 84.375 (86.435)	Prec@5 100.000 (99.645)
Epoch: [50][20/391], lr: 0.01000	Loss 0.4328 (0.3840)	Prec@1 88.281 (87.128)	Prec@5 97.656 (99.554)
Epoch: [50][30/391], lr: 0.01000	Loss 0.3493 (0.3772)	Prec@1 87.500 (87.122)	Prec@5 99.219 (99.597)
Epoch: [50][40/391], lr: 0.01000	Loss 0.3405 (0.3728)	Prec@1 89.062 (87.367)	Prec@5 100.000 (99.619)
Epoch: [50][50/391], lr: 0.01000	Loss 0.4003 (0.3818)	Prec@1 85.938 (86.872)	Prec@5 99.219 (99.632)
Epoch: [50][60/391], lr: 0.01000	Loss 0.5021 (0.3857)	Prec@1 85.156 (86.872)	Prec@5 100.000 (99.667)
Epoch: [50][70/391], lr: 0.01000	Loss 0.4372 (0.3918)	Prec@1 87.500 (86.807)	Prec@5 100.000 (99.670)
Epoch: [50][80/391], lr: 0.01000	Loss 0.4557 (0.3960)	Prec@1 85.938 (86.603)	Prec@5 99.219 (99.624)
Epoch: [50][90/391], lr: 0.01000	Loss 0.4757 (0.4015)	Prec@1 83.594 (86.375)	Prec@5 100.000 (99.614)
Epoch: [50][100/391], lr: 0.01000	Loss 0.4389 (0.3981)	Prec@1 85.938 (86.549)	Prec@5 100.000 (99.636)
Epoch: [50][110/391], lr: 0.01000	Loss 0.4081 (0.3963)	Prec@1 85.938 (86.599)	Prec@5 100.000 (99.655)
Epoch: [50][120/391], lr: 0.01000	Loss 0.2946 (0.3991)	Prec@1 92.188 (86.538)	Prec@5 100.000 (99.651)
Epoch: [50][130/391], lr: 0.01000	Loss 0.3812 (0.4029)	Prec@1 87.500 (86.391)	Prec@5 99.219 (99.636)
Epoch: [50][140/391], lr: 0.01000	Loss 0.4566 (0.4056)	Prec@1 85.156 (86.320)	Prec@5 100.000 (99.623)
Epoch: [50][150/391], lr: 0.01000	Loss 0.4217 (0.4046)	Prec@1 88.281 (86.388)	Prec@5 100.000 (99.622)
Epoch: [50][160/391], lr: 0.01000	Loss 0.3644 (0.4048)	Prec@1 85.938 (86.369)	Prec@5 100.000 (99.631)
Epoch: [50][170/391], lr: 0.01000	Loss 0.3642 (0.4065)	Prec@1 90.625 (86.340)	Prec@5 100.000 (99.630)
Epoch: [50][180/391], lr: 0.01000	Loss 0.4607 (0.4052)	Prec@1 86.719 (86.395)	Prec@5 100.000 (99.633)
Epoch: [50][190/391], lr: 0.01000	Loss 0.3463 (0.4037)	Prec@1 86.719 (86.432)	Prec@5 100.000 (99.632)
Epoch: [50][200/391], lr: 0.01000	Loss 0.4611 (0.4053)	Prec@1 85.156 (86.400)	Prec@5 100.000 (99.631)
Epoch: [50][210/391], lr: 0.01000	Loss 0.4429 (0.4077)	Prec@1 85.938 (86.304)	Prec@5 100.000 (99.633)
Epoch: [50][220/391], lr: 0.01000	Loss 0.2712 (0.4065)	Prec@1 89.062 (86.333)	Prec@5 100.000 (99.646)
Epoch: [50][230/391], lr: 0.01000	Loss 0.3853 (0.4058)	Prec@1 86.719 (86.350)	Prec@5 100.000 (99.645)
Epoch: [50][240/391], lr: 0.01000	Loss 0.3399 (0.4059)	Prec@1 89.062 (86.372)	Prec@5 99.219 (99.647)
Epoch: [50][250/391], lr: 0.01000	Loss 0.3297 (0.4046)	Prec@1 87.500 (86.460)	Prec@5 100.000 (99.636)
Epoch: [50][260/391], lr: 0.01000	Loss 0.5433 (0.4050)	Prec@1 83.594 (86.437)	Prec@5 100.000 (99.638)
Epoch: [50][270/391], lr: 0.01000	Loss 0.2525 (0.4051)	Prec@1 91.406 (86.451)	Prec@5 100.000 (99.634)
Epoch: [50][280/391], lr: 0.01000	Loss 0.4459 (0.4052)	Prec@1 83.594 (86.432)	Prec@5 100.000 (99.633)
Epoch: [50][290/391], lr: 0.01000	Loss 0.2632 (0.4054)	Prec@1 89.844 (86.415)	Prec@5 100.000 (99.640)
Epoch: [50][300/391], lr: 0.01000	Loss 0.4906 (0.4049)	Prec@1 84.375 (86.428)	Prec@5 97.656 (99.637)
Epoch: [50][310/391], lr: 0.01000	Loss 0.3417 (0.4041)	Prec@1 87.500 (86.463)	Prec@5 100.000 (99.636)
Epoch: [50][320/391], lr: 0.01000	Loss 0.3398 (0.4052)	Prec@1 87.500 (86.444)	Prec@5 100.000 (99.637)
Epoch: [50][330/391], lr: 0.01000	Loss 0.4366 (0.4058)	Prec@1 85.938 (86.438)	Prec@5 98.438 (99.639)
Epoch: [50][340/391], lr: 0.01000	Loss 0.3874 (0.4067)	Prec@1 83.594 (86.400)	Prec@5 100.000 (99.636)
Epoch: [50][350/391], lr: 0.01000	Loss 0.6069 (0.4077)	Prec@1 79.688 (86.329)	Prec@5 100.000 (99.642)
Epoch: [50][360/391], lr: 0.01000	Loss 0.5348 (0.4089)	Prec@1 80.469 (86.290)	Prec@5 99.219 (99.636)
Epoch: [50][370/391], lr: 0.01000	Loss 0.5646 (0.4102)	Prec@1 83.594 (86.251)	Prec@5 98.438 (99.623)
Epoch: [50][380/391], lr: 0.01000	Loss 0.3068 (0.4104)	Prec@1 88.281 (86.231)	Prec@5 100.000 (99.627)
Epoch: [50][390/391], lr: 0.01000	Loss 0.3794 (0.4114)	Prec@1 85.000 (86.186)	Prec@5 98.750 (99.634)
Epoch [50] Training Results: Prec@1 86.186 Prec@5 99.634             Loss 0.41139
Epoch [50] Training Class Recall: [0.742,0.813,0.790,0.834,0.872,0.886,0.911,0.908,0.932,0.932]

Epoch: [51][0/391], lr: 0.01000	Loss 0.3789 (0.3789)	Prec@1 89.062 (89.062)	Prec@5 99.219 (99.219)
Epoch: [51][10/391], lr: 0.01000	Loss 0.4108 (0.4433)	Prec@1 85.938 (85.938)	Prec@5 100.000 (99.645)
Epoch: [51][20/391], lr: 0.01000	Loss 0.3049 (0.4162)	Prec@1 89.062 (86.756)	Prec@5 100.000 (99.702)
Epoch: [51][30/391], lr: 0.01000	Loss 0.3963 (0.4050)	Prec@1 88.281 (87.198)	Prec@5 99.219 (99.698)
Epoch: [51][40/391], lr: 0.01000	Loss 0.4156 (0.4068)	Prec@1 86.719 (86.757)	Prec@5 99.219 (99.733)
Epoch: [51][50/391], lr: 0.01000	Loss 0.3001 (0.3941)	Prec@1 90.625 (87.163)	Prec@5 100.000 (99.755)
Epoch: [51][60/391], lr: 0.01000	Loss 0.2993 (0.3944)	Prec@1 90.625 (87.077)	Prec@5 99.219 (99.718)
Epoch: [51][70/391], lr: 0.01000	Loss 0.4208 (0.3947)	Prec@1 85.156 (86.895)	Prec@5 98.438 (99.736)
Epoch: [51][80/391], lr: 0.01000	Loss 0.4779 (0.3986)	Prec@1 85.938 (86.690)	Prec@5 100.000 (99.730)
Epoch: [51][90/391], lr: 0.01000	Loss 0.4253 (0.4068)	Prec@1 85.156 (86.461)	Prec@5 100.000 (99.674)
Epoch: [51][100/391], lr: 0.01000	Loss 0.4495 (0.4103)	Prec@1 85.156 (86.378)	Prec@5 99.219 (99.660)
Epoch: [51][110/391], lr: 0.01000	Loss 0.4371 (0.4126)	Prec@1 89.062 (86.261)	Prec@5 100.000 (99.662)
Epoch: [51][120/391], lr: 0.01000	Loss 0.3939 (0.4164)	Prec@1 85.938 (86.183)	Prec@5 100.000 (99.645)
Epoch: [51][130/391], lr: 0.01000	Loss 0.5256 (0.4175)	Prec@1 79.688 (86.087)	Prec@5 99.219 (99.624)
Epoch: [51][140/391], lr: 0.01000	Loss 0.2532 (0.4186)	Prec@1 91.406 (86.010)	Prec@5 99.219 (99.607)
Epoch: [51][150/391], lr: 0.01000	Loss 0.4714 (0.4202)	Prec@1 78.906 (85.938)	Prec@5 100.000 (99.602)
Epoch: [51][160/391], lr: 0.01000	Loss 0.3490 (0.4187)	Prec@1 87.500 (85.996)	Prec@5 100.000 (99.617)
Epoch: [51][170/391], lr: 0.01000	Loss 0.3321 (0.4158)	Prec@1 87.500 (86.047)	Prec@5 100.000 (99.635)
Epoch: [51][180/391], lr: 0.01000	Loss 0.4069 (0.4130)	Prec@1 85.156 (86.102)	Prec@5 99.219 (99.637)
Epoch: [51][190/391], lr: 0.01000	Loss 0.2453 (0.4099)	Prec@1 91.406 (86.232)	Prec@5 100.000 (99.648)
Epoch: [51][200/391], lr: 0.01000	Loss 0.3447 (0.4093)	Prec@1 88.281 (86.233)	Prec@5 99.219 (99.635)
Epoch: [51][210/391], lr: 0.01000	Loss 0.2729 (0.4070)	Prec@1 91.406 (86.297)	Prec@5 100.000 (99.633)
Epoch: [51][220/391], lr: 0.01000	Loss 0.3108 (0.4062)	Prec@1 89.062 (86.326)	Prec@5 100.000 (99.639)
Epoch: [51][230/391], lr: 0.01000	Loss 0.3614 (0.4049)	Prec@1 86.719 (86.374)	Prec@5 100.000 (99.645)
Epoch: [51][240/391], lr: 0.01000	Loss 0.3378 (0.4042)	Prec@1 89.844 (86.408)	Prec@5 100.000 (99.650)
Epoch: [51][250/391], lr: 0.01000	Loss 0.3390 (0.4036)	Prec@1 89.844 (86.414)	Prec@5 100.000 (99.658)
Epoch: [51][260/391], lr: 0.01000	Loss 0.3645 (0.4032)	Prec@1 89.844 (86.437)	Prec@5 100.000 (99.647)
Epoch: [51][270/391], lr: 0.01000	Loss 0.3867 (0.4008)	Prec@1 85.938 (86.543)	Prec@5 100.000 (99.654)
Epoch: [51][280/391], lr: 0.01000	Loss 0.2853 (0.4002)	Prec@1 92.188 (86.566)	Prec@5 100.000 (99.652)
Epoch: [51][290/391], lr: 0.01000	Loss 0.4508 (0.4009)	Prec@1 84.375 (86.552)	Prec@5 100.000 (99.654)
Epoch: [51][300/391], lr: 0.01000	Loss 0.4364 (0.4021)	Prec@1 83.594 (86.498)	Prec@5 99.219 (99.650)
Epoch: [51][310/391], lr: 0.01000	Loss 0.4398 (0.4029)	Prec@1 88.281 (86.500)	Prec@5 99.219 (99.646)
Epoch: [51][320/391], lr: 0.01000	Loss 0.4081 (0.4034)	Prec@1 86.719 (86.468)	Prec@5 100.000 (99.654)
Epoch: [51][330/391], lr: 0.01000	Loss 0.5020 (0.4048)	Prec@1 82.812 (86.428)	Prec@5 99.219 (99.660)
Epoch: [51][340/391], lr: 0.01000	Loss 0.3652 (0.4051)	Prec@1 87.500 (86.442)	Prec@5 100.000 (99.663)
Epoch: [51][350/391], lr: 0.01000	Loss 0.5079 (0.4065)	Prec@1 77.344 (86.400)	Prec@5 100.000 (99.648)
Epoch: [51][360/391], lr: 0.01000	Loss 0.4133 (0.4063)	Prec@1 89.844 (86.411)	Prec@5 100.000 (99.654)
Epoch: [51][370/391], lr: 0.01000	Loss 0.3573 (0.4060)	Prec@1 86.719 (86.405)	Prec@5 98.438 (99.653)
Epoch: [51][380/391], lr: 0.01000	Loss 0.4428 (0.4067)	Prec@1 87.500 (86.387)	Prec@5 100.000 (99.647)
Epoch: [51][390/391], lr: 0.01000	Loss 0.4455 (0.4060)	Prec@1 83.750 (86.412)	Prec@5 100.000 (99.650)
Epoch [51] Training Results: Prec@1 86.412 Prec@5 99.650             Loss 0.40601
Epoch [51] Training Class Recall: [0.740,0.819,0.781,0.835,0.877,0.889,0.907,0.921,0.937,0.935]

Epoch: [52][0/391], lr: 0.01000	Loss 0.2447 (0.2447)	Prec@1 92.188 (92.188)	Prec@5 100.000 (100.000)
Epoch: [52][10/391], lr: 0.01000	Loss 0.3516 (0.3464)	Prec@1 88.281 (88.210)	Prec@5 100.000 (99.929)
Epoch: [52][20/391], lr: 0.01000	Loss 0.3421 (0.3548)	Prec@1 90.625 (88.281)	Prec@5 100.000 (99.926)
Epoch: [52][30/391], lr: 0.01000	Loss 0.4638 (0.3584)	Prec@1 83.594 (88.508)	Prec@5 98.438 (99.672)
Epoch: [52][40/391], lr: 0.01000	Loss 0.3112 (0.3511)	Prec@1 89.062 (88.700)	Prec@5 100.000 (99.676)
Epoch: [52][50/391], lr: 0.01000	Loss 0.3697 (0.3575)	Prec@1 89.844 (88.419)	Prec@5 98.438 (99.617)
Epoch: [52][60/391], lr: 0.01000	Loss 0.3216 (0.3485)	Prec@1 92.188 (88.653)	Prec@5 100.000 (99.667)
Epoch: [52][70/391], lr: 0.01000	Loss 0.4327 (0.3521)	Prec@1 88.281 (88.501)	Prec@5 100.000 (99.703)
Epoch: [52][80/391], lr: 0.01000	Loss 0.3368 (0.3573)	Prec@1 88.281 (88.252)	Prec@5 100.000 (99.711)
Epoch: [52][90/391], lr: 0.01000	Loss 0.2667 (0.3596)	Prec@1 95.312 (88.255)	Prec@5 100.000 (99.708)
Epoch: [52][100/391], lr: 0.01000	Loss 0.3591 (0.3601)	Prec@1 87.500 (88.188)	Prec@5 99.219 (99.706)
Epoch: [52][110/391], lr: 0.01000	Loss 0.4969 (0.3621)	Prec@1 81.250 (88.105)	Prec@5 99.219 (99.683)
Epoch: [52][120/391], lr: 0.01000	Loss 0.4297 (0.3625)	Prec@1 87.500 (88.100)	Prec@5 100.000 (99.677)
Epoch: [52][130/391], lr: 0.01000	Loss 0.2974 (0.3602)	Prec@1 90.625 (88.180)	Prec@5 100.000 (99.678)
Epoch: [52][140/391], lr: 0.01000	Loss 0.3254 (0.3596)	Prec@1 87.500 (88.242)	Prec@5 100.000 (99.673)
Epoch: [52][150/391], lr: 0.01000	Loss 0.5087 (0.3611)	Prec@1 84.375 (88.240)	Prec@5 99.219 (99.669)
Epoch: [52][160/391], lr: 0.01000	Loss 0.3348 (0.3631)	Prec@1 89.062 (88.126)	Prec@5 99.219 (99.670)
Epoch: [52][170/391], lr: 0.01000	Loss 0.2619 (0.3644)	Prec@1 89.062 (88.053)	Prec@5 100.000 (99.666)
Epoch: [52][180/391], lr: 0.01000	Loss 0.3372 (0.3658)	Prec@1 87.500 (87.970)	Prec@5 98.438 (99.659)
Epoch: [52][190/391], lr: 0.01000	Loss 0.3389 (0.3686)	Prec@1 86.719 (87.897)	Prec@5 100.000 (99.652)
Epoch: [52][200/391], lr: 0.01000	Loss 0.3597 (0.3691)	Prec@1 88.281 (87.834)	Prec@5 99.219 (99.650)
Epoch: [52][210/391], lr: 0.01000	Loss 0.5549 (0.3736)	Prec@1 80.469 (87.659)	Prec@5 100.000 (99.648)
Epoch: [52][220/391], lr: 0.01000	Loss 0.5779 (0.3774)	Prec@1 79.688 (87.511)	Prec@5 98.438 (99.643)
Epoch: [52][230/391], lr: 0.01000	Loss 0.4951 (0.3832)	Prec@1 83.594 (87.321)	Prec@5 99.219 (99.638)
Epoch: [52][240/391], lr: 0.01000	Loss 0.5050 (0.3873)	Prec@1 82.812 (87.169)	Prec@5 99.219 (99.627)
Epoch: [52][250/391], lr: 0.01000	Loss 0.3402 (0.3888)	Prec@1 89.844 (87.151)	Prec@5 100.000 (99.636)
Epoch: [52][260/391], lr: 0.01000	Loss 0.3171 (0.3908)	Prec@1 91.406 (87.081)	Prec@5 99.219 (99.635)
Epoch: [52][270/391], lr: 0.01000	Loss 0.4865 (0.3900)	Prec@1 84.375 (87.099)	Prec@5 100.000 (99.640)
Epoch: [52][280/391], lr: 0.01000	Loss 0.4411 (0.3900)	Prec@1 82.031 (87.061)	Prec@5 99.219 (99.630)
Epoch: [52][290/391], lr: 0.01000	Loss 0.4558 (0.3918)	Prec@1 84.375 (86.993)	Prec@5 100.000 (99.632)
Epoch: [52][300/391], lr: 0.01000	Loss 0.3636 (0.3940)	Prec@1 87.500 (86.926)	Prec@5 100.000 (99.631)
Epoch: [52][310/391], lr: 0.01000	Loss 0.4014 (0.3951)	Prec@1 88.281 (86.910)	Prec@5 98.438 (99.626)
Epoch: [52][320/391], lr: 0.01000	Loss 0.4701 (0.3969)	Prec@1 82.812 (86.845)	Prec@5 100.000 (99.625)
Epoch: [52][330/391], lr: 0.01000	Loss 0.4253 (0.3982)	Prec@1 85.156 (86.816)	Prec@5 99.219 (99.618)
Epoch: [52][340/391], lr: 0.01000	Loss 0.2294 (0.3980)	Prec@1 95.312 (86.836)	Prec@5 100.000 (99.624)
Epoch: [52][350/391], lr: 0.01000	Loss 0.3559 (0.3969)	Prec@1 88.281 (86.870)	Prec@5 99.219 (99.626)
Epoch: [52][360/391], lr: 0.01000	Loss 0.2563 (0.3970)	Prec@1 90.625 (86.875)	Prec@5 99.219 (99.619)
Epoch: [52][370/391], lr: 0.01000	Loss 0.3528 (0.3967)	Prec@1 84.375 (86.872)	Prec@5 100.000 (99.623)
Epoch: [52][380/391], lr: 0.01000	Loss 0.2801 (0.3959)	Prec@1 89.844 (86.895)	Prec@5 100.000 (99.631)
Epoch: [52][390/391], lr: 0.01000	Loss 0.2931 (0.3954)	Prec@1 92.500 (86.900)	Prec@5 100.000 (99.634)
Epoch [52] Training Results: Prec@1 86.900 Prec@5 99.634             Loss 0.39541
Epoch [52] Training Class Recall: [0.751,0.819,0.793,0.840,0.877,0.893,0.916,0.921,0.936,0.944]

Epoch: [53][0/391], lr: 0.01000	Loss 0.3415 (0.3415)	Prec@1 89.844 (89.844)	Prec@5 98.438 (98.438)
Epoch: [53][10/391], lr: 0.01000	Loss 0.4201 (0.3570)	Prec@1 86.719 (88.281)	Prec@5 100.000 (99.645)
Epoch: [53][20/391], lr: 0.01000	Loss 0.3366 (0.3491)	Prec@1 91.406 (88.579)	Prec@5 98.438 (99.740)
Epoch: [53][30/391], lr: 0.01000	Loss 0.4325 (0.3418)	Prec@1 83.594 (88.785)	Prec@5 99.219 (99.723)
Epoch: [53][40/391], lr: 0.01000	Loss 0.3276 (0.3312)	Prec@1 91.406 (89.139)	Prec@5 100.000 (99.771)
Epoch: [53][50/391], lr: 0.01000	Loss 0.4033 (0.3303)	Prec@1 86.719 (89.170)	Prec@5 100.000 (99.755)
Epoch: [53][60/391], lr: 0.01000	Loss 0.3320 (0.3311)	Prec@1 87.500 (89.062)	Prec@5 100.000 (99.769)
Epoch: [53][70/391], lr: 0.01000	Loss 0.3585 (0.3321)	Prec@1 87.500 (88.908)	Prec@5 99.219 (99.747)
Epoch: [53][80/391], lr: 0.01000	Loss 0.4850 (0.3393)	Prec@1 87.500 (88.657)	Prec@5 98.438 (99.740)
Epoch: [53][90/391], lr: 0.01000	Loss 0.4258 (0.3422)	Prec@1 86.719 (88.590)	Prec@5 100.000 (99.760)
Epoch: [53][100/391], lr: 0.01000	Loss 0.4552 (0.3515)	Prec@1 81.250 (88.297)	Prec@5 100.000 (99.768)
Epoch: [53][110/391], lr: 0.01000	Loss 0.4657 (0.3608)	Prec@1 84.375 (87.965)	Prec@5 100.000 (99.754)
Epoch: [53][120/391], lr: 0.01000	Loss 0.4371 (0.3666)	Prec@1 87.500 (87.803)	Prec@5 99.219 (99.748)
Epoch: [53][130/391], lr: 0.01000	Loss 0.5494 (0.3778)	Prec@1 86.719 (87.524)	Prec@5 99.219 (99.726)
Epoch: [53][140/391], lr: 0.01000	Loss 0.3040 (0.3804)	Prec@1 87.500 (87.400)	Prec@5 100.000 (99.712)
Epoch: [53][150/391], lr: 0.01000	Loss 0.2631 (0.3818)	Prec@1 90.625 (87.246)	Prec@5 100.000 (99.726)
Epoch: [53][160/391], lr: 0.01000	Loss 0.4237 (0.3835)	Prec@1 83.594 (87.199)	Prec@5 99.219 (99.714)
Epoch: [53][170/391], lr: 0.01000	Loss 0.4633 (0.3852)	Prec@1 81.250 (87.075)	Prec@5 100.000 (99.712)
Epoch: [53][180/391], lr: 0.01000	Loss 0.3497 (0.3832)	Prec@1 89.062 (87.142)	Prec@5 100.000 (99.719)
Epoch: [53][190/391], lr: 0.01000	Loss 0.3402 (0.3836)	Prec@1 90.625 (87.132)	Prec@5 98.438 (99.710)
Epoch: [53][200/391], lr: 0.01000	Loss 0.3621 (0.3834)	Prec@1 88.281 (87.185)	Prec@5 100.000 (99.705)
Epoch: [53][210/391], lr: 0.01000	Loss 0.3749 (0.3815)	Prec@1 87.500 (87.263)	Prec@5 100.000 (99.704)
Epoch: [53][220/391], lr: 0.01000	Loss 0.4092 (0.3823)	Prec@1 84.375 (87.214)	Prec@5 100.000 (99.707)
Epoch: [53][230/391], lr: 0.01000	Loss 0.3704 (0.3826)	Prec@1 86.719 (87.196)	Prec@5 100.000 (99.699)
Epoch: [53][240/391], lr: 0.01000	Loss 0.4960 (0.3837)	Prec@1 81.250 (87.153)	Prec@5 100.000 (99.702)
Epoch: [53][250/391], lr: 0.01000	Loss 0.4794 (0.3853)	Prec@1 86.719 (87.117)	Prec@5 100.000 (99.701)
Epoch: [53][260/391], lr: 0.01000	Loss 0.3714 (0.3866)	Prec@1 82.812 (87.069)	Prec@5 100.000 (99.710)
Epoch: [53][270/391], lr: 0.01000	Loss 0.3697 (0.3871)	Prec@1 85.156 (87.047)	Prec@5 100.000 (99.706)
Epoch: [53][280/391], lr: 0.01000	Loss 0.3718 (0.3887)	Prec@1 85.938 (86.975)	Prec@5 99.219 (99.697)
Epoch: [53][290/391], lr: 0.01000	Loss 0.4092 (0.3891)	Prec@1 84.375 (86.950)	Prec@5 100.000 (99.697)
Epoch: [53][300/391], lr: 0.01000	Loss 0.4995 (0.3902)	Prec@1 80.469 (86.903)	Prec@5 100.000 (99.694)
Epoch: [53][310/391], lr: 0.01000	Loss 0.5217 (0.3912)	Prec@1 80.469 (86.869)	Prec@5 100.000 (99.699)
Epoch: [53][320/391], lr: 0.01000	Loss 0.3258 (0.3914)	Prec@1 87.500 (86.870)	Prec@5 100.000 (99.688)
Epoch: [53][330/391], lr: 0.01000	Loss 0.3522 (0.3919)	Prec@1 87.500 (86.837)	Prec@5 99.219 (99.684)
Epoch: [53][340/391], lr: 0.01000	Loss 0.3699 (0.3930)	Prec@1 85.156 (86.790)	Prec@5 100.000 (99.686)
Epoch: [53][350/391], lr: 0.01000	Loss 0.3901 (0.3935)	Prec@1 86.719 (86.808)	Prec@5 100.000 (99.684)
Epoch: [53][360/391], lr: 0.01000	Loss 0.3756 (0.3938)	Prec@1 89.062 (86.797)	Prec@5 100.000 (99.693)
Epoch: [53][370/391], lr: 0.01000	Loss 0.4452 (0.3934)	Prec@1 80.469 (86.788)	Prec@5 100.000 (99.693)
Epoch: [53][380/391], lr: 0.01000	Loss 0.3546 (0.3939)	Prec@1 86.719 (86.791)	Prec@5 100.000 (99.688)
Epoch: [53][390/391], lr: 0.01000	Loss 0.4633 (0.3947)	Prec@1 83.750 (86.746)	Prec@5 100.000 (99.684)
Epoch [53] Training Results: Prec@1 86.746 Prec@5 99.684             Loss 0.39474
Epoch [53] Training Class Recall: [0.748,0.818,0.798,0.840,0.876,0.901,0.914,0.915,0.933,0.932]

Epoch: [54][0/391], lr: 0.01000	Loss 0.4017 (0.4017)	Prec@1 86.719 (86.719)	Prec@5 100.000 (100.000)
Epoch: [54][10/391], lr: 0.01000	Loss 0.3977 (0.3622)	Prec@1 87.500 (87.713)	Prec@5 100.000 (99.858)
Epoch: [54][20/391], lr: 0.01000	Loss 0.3427 (0.3734)	Prec@1 85.938 (87.277)	Prec@5 100.000 (99.777)
Epoch: [54][30/391], lr: 0.01000	Loss 0.3261 (0.3718)	Prec@1 88.281 (87.349)	Prec@5 100.000 (99.647)
Epoch: [54][40/391], lr: 0.01000	Loss 0.4533 (0.3701)	Prec@1 83.594 (87.405)	Prec@5 100.000 (99.676)
Epoch: [54][50/391], lr: 0.01000	Loss 0.2431 (0.3675)	Prec@1 90.625 (87.454)	Prec@5 100.000 (99.663)
Epoch: [54][60/391], lr: 0.01000	Loss 0.3950 (0.3616)	Prec@1 86.719 (87.666)	Prec@5 100.000 (99.705)
Epoch: [54][70/391], lr: 0.01000	Loss 0.5246 (0.3603)	Prec@1 83.594 (87.676)	Prec@5 99.219 (99.736)
Epoch: [54][80/391], lr: 0.01000	Loss 0.4439 (0.3612)	Prec@1 82.031 (87.625)	Prec@5 99.219 (99.749)
Epoch: [54][90/391], lr: 0.01000	Loss 0.3756 (0.3644)	Prec@1 87.500 (87.612)	Prec@5 99.219 (99.734)
Epoch: [54][100/391], lr: 0.01000	Loss 0.6195 (0.3689)	Prec@1 82.812 (87.539)	Prec@5 100.000 (99.714)
Epoch: [54][110/391], lr: 0.01000	Loss 0.2655 (0.3721)	Prec@1 90.625 (87.423)	Prec@5 100.000 (99.726)
Epoch: [54][120/391], lr: 0.01000	Loss 0.4727 (0.3729)	Prec@1 85.156 (87.339)	Prec@5 100.000 (99.703)
Epoch: [54][130/391], lr: 0.01000	Loss 0.6602 (0.3789)	Prec@1 75.781 (87.094)	Prec@5 100.000 (99.702)
Epoch: [54][140/391], lr: 0.01000	Loss 0.4371 (0.3829)	Prec@1 83.594 (86.896)	Prec@5 100.000 (99.701)
Epoch: [54][150/391], lr: 0.01000	Loss 0.4292 (0.3883)	Prec@1 85.156 (86.760)	Prec@5 100.000 (99.705)
Epoch: [54][160/391], lr: 0.01000	Loss 0.3807 (0.3920)	Prec@1 86.719 (86.656)	Prec@5 100.000 (99.685)
Epoch: [54][170/391], lr: 0.01000	Loss 0.2844 (0.3961)	Prec@1 92.188 (86.573)	Prec@5 100.000 (99.671)
Epoch: [54][180/391], lr: 0.01000	Loss 0.5606 (0.3985)	Prec@1 83.594 (86.568)	Prec@5 98.438 (99.646)
Epoch: [54][190/391], lr: 0.01000	Loss 0.3565 (0.3971)	Prec@1 89.062 (86.666)	Prec@5 100.000 (99.652)
Epoch: [54][200/391], lr: 0.01000	Loss 0.3093 (0.3960)	Prec@1 90.625 (86.723)	Prec@5 100.000 (99.666)
Epoch: [54][210/391], lr: 0.01000	Loss 0.4457 (0.3962)	Prec@1 82.031 (86.711)	Prec@5 100.000 (99.656)
Epoch: [54][220/391], lr: 0.01000	Loss 0.4223 (0.3963)	Prec@1 84.375 (86.683)	Prec@5 100.000 (99.657)
Epoch: [54][230/391], lr: 0.01000	Loss 0.3708 (0.3979)	Prec@1 89.062 (86.634)	Prec@5 100.000 (99.665)
Epoch: [54][240/391], lr: 0.01000	Loss 0.4079 (0.4008)	Prec@1 85.938 (86.524)	Prec@5 100.000 (99.647)
Epoch: [54][250/391], lr: 0.01000	Loss 0.4248 (0.4019)	Prec@1 89.062 (86.504)	Prec@5 100.000 (99.642)
Epoch: [54][260/391], lr: 0.01000	Loss 0.2888 (0.4017)	Prec@1 92.188 (86.548)	Prec@5 100.000 (99.632)
Epoch: [54][270/391], lr: 0.01000	Loss 0.4399 (0.4020)	Prec@1 84.375 (86.534)	Prec@5 99.219 (99.634)
Epoch: [54][280/391], lr: 0.01000	Loss 0.6087 (0.4024)	Prec@1 78.906 (86.527)	Prec@5 100.000 (99.633)
Epoch: [54][290/391], lr: 0.01000	Loss 0.4632 (0.4040)	Prec@1 85.156 (86.501)	Prec@5 100.000 (99.635)
Epoch: [54][300/391], lr: 0.01000	Loss 0.4708 (0.4049)	Prec@1 85.156 (86.446)	Prec@5 99.219 (99.631)
Epoch: [54][310/391], lr: 0.01000	Loss 0.4218 (0.4060)	Prec@1 87.500 (86.397)	Prec@5 98.438 (99.631)
Epoch: [54][320/391], lr: 0.01000	Loss 0.2744 (0.4065)	Prec@1 90.625 (86.385)	Prec@5 100.000 (99.628)
Epoch: [54][330/391], lr: 0.01000	Loss 0.3200 (0.4059)	Prec@1 89.844 (86.379)	Prec@5 100.000 (99.634)
Epoch: [54][340/391], lr: 0.01000	Loss 0.3812 (0.4074)	Prec@1 85.156 (86.327)	Prec@5 100.000 (99.620)
Epoch: [54][350/391], lr: 0.01000	Loss 0.2757 (0.4066)	Prec@1 89.844 (86.360)	Prec@5 100.000 (99.617)
Epoch: [54][360/391], lr: 0.01000	Loss 0.3498 (0.4048)	Prec@1 85.938 (86.416)	Prec@5 99.219 (99.621)
Epoch: [54][370/391], lr: 0.01000	Loss 0.2676 (0.4037)	Prec@1 90.625 (86.437)	Prec@5 100.000 (99.625)
Epoch: [54][380/391], lr: 0.01000	Loss 0.3562 (0.4023)	Prec@1 85.938 (86.458)	Prec@5 99.219 (99.631)
Epoch: [54][390/391], lr: 0.01000	Loss 0.2402 (0.4002)	Prec@1 92.500 (86.526)	Prec@5 100.000 (99.640)
Epoch [54] Training Results: Prec@1 86.526 Prec@5 99.640             Loss 0.40020
Epoch [54] Training Class Recall: [0.747,0.816,0.791,0.835,0.875,0.892,0.907,0.919,0.932,0.938]

Epoch: [55][0/391], lr: 0.01000	Loss 0.3638 (0.3638)	Prec@1 88.281 (88.281)	Prec@5 100.000 (100.000)
Epoch: [55][10/391], lr: 0.01000	Loss 0.2229 (0.3089)	Prec@1 91.406 (89.205)	Prec@5 100.000 (99.574)
Epoch: [55][20/391], lr: 0.01000	Loss 0.3137 (0.3226)	Prec@1 89.062 (88.914)	Prec@5 100.000 (99.702)
Epoch: [55][30/391], lr: 0.01000	Loss 0.3190 (0.3276)	Prec@1 86.719 (88.987)	Prec@5 100.000 (99.723)
Epoch: [55][40/391], lr: 0.01000	Loss 0.3297 (0.3326)	Prec@1 89.062 (88.872)	Prec@5 100.000 (99.752)
Epoch: [55][50/391], lr: 0.01000	Loss 0.3199 (0.3349)	Prec@1 89.844 (88.909)	Prec@5 100.000 (99.770)
Epoch: [55][60/391], lr: 0.01000	Loss 0.4058 (0.3361)	Prec@1 86.719 (88.934)	Prec@5 100.000 (99.769)
Epoch: [55][70/391], lr: 0.01000	Loss 0.3917 (0.3375)	Prec@1 89.062 (88.831)	Prec@5 97.656 (99.736)
Epoch: [55][80/391], lr: 0.01000	Loss 0.2929 (0.3427)	Prec@1 90.625 (88.571)	Prec@5 100.000 (99.730)
Epoch: [55][90/391], lr: 0.01000	Loss 0.3464 (0.3473)	Prec@1 88.281 (88.410)	Prec@5 100.000 (99.734)
Epoch: [55][100/391], lr: 0.01000	Loss 0.3986 (0.3509)	Prec@1 84.375 (88.258)	Prec@5 99.219 (99.729)
Epoch: [55][110/391], lr: 0.01000	Loss 0.3690 (0.3529)	Prec@1 89.844 (88.126)	Prec@5 99.219 (99.711)
Epoch: [55][120/391], lr: 0.01000	Loss 0.3729 (0.3533)	Prec@1 88.281 (88.107)	Prec@5 99.219 (99.709)
Epoch: [55][130/391], lr: 0.01000	Loss 0.3271 (0.3558)	Prec@1 91.406 (87.995)	Prec@5 99.219 (99.708)
Epoch: [55][140/391], lr: 0.01000	Loss 0.3258 (0.3559)	Prec@1 89.844 (88.015)	Prec@5 100.000 (99.701)
Epoch: [55][150/391], lr: 0.01000	Loss 0.4327 (0.3595)	Prec@1 88.281 (87.914)	Prec@5 98.438 (99.695)
Epoch: [55][160/391], lr: 0.01000	Loss 0.3758 (0.3596)	Prec@1 87.500 (87.835)	Prec@5 99.219 (99.685)
Epoch: [55][170/391], lr: 0.01000	Loss 0.3605 (0.3619)	Prec@1 86.719 (87.792)	Prec@5 100.000 (99.689)
Epoch: [55][180/391], lr: 0.01000	Loss 0.4947 (0.3676)	Prec@1 85.938 (87.612)	Prec@5 100.000 (99.676)
Epoch: [55][190/391], lr: 0.01000	Loss 0.6212 (0.3730)	Prec@1 83.594 (87.439)	Prec@5 99.219 (99.673)
Epoch: [55][200/391], lr: 0.01000	Loss 0.5009 (0.3780)	Prec@1 78.906 (87.255)	Prec@5 100.000 (99.674)
Epoch: [55][210/391], lr: 0.01000	Loss 0.4052 (0.3812)	Prec@1 87.500 (87.122)	Prec@5 100.000 (99.678)
Epoch: [55][220/391], lr: 0.01000	Loss 0.4108 (0.3836)	Prec@1 84.375 (87.033)	Prec@5 100.000 (99.682)
Epoch: [55][230/391], lr: 0.01000	Loss 0.3160 (0.3851)	Prec@1 90.625 (86.979)	Prec@5 100.000 (99.679)
Epoch: [55][240/391], lr: 0.01000	Loss 0.3840 (0.3860)	Prec@1 87.500 (86.952)	Prec@5 100.000 (99.682)
Epoch: [55][250/391], lr: 0.01000	Loss 0.3604 (0.3849)	Prec@1 88.281 (87.036)	Prec@5 100.000 (99.686)
Epoch: [55][260/391], lr: 0.01000	Loss 0.4808 (0.3859)	Prec@1 87.500 (87.003)	Prec@5 98.438 (99.683)
Epoch: [55][270/391], lr: 0.01000	Loss 0.3133 (0.3843)	Prec@1 89.844 (87.102)	Prec@5 100.000 (99.671)
Epoch: [55][280/391], lr: 0.01000	Loss 0.3001 (0.3829)	Prec@1 92.188 (87.144)	Prec@5 97.656 (99.672)
Epoch: [55][290/391], lr: 0.01000	Loss 0.2723 (0.3829)	Prec@1 88.281 (87.100)	Prec@5 100.000 (99.672)
Epoch: [55][300/391], lr: 0.01000	Loss 0.3617 (0.3841)	Prec@1 89.844 (87.092)	Prec@5 100.000 (99.678)
Epoch: [55][310/391], lr: 0.01000	Loss 0.3966 (0.3848)	Prec@1 85.938 (87.040)	Prec@5 100.000 (99.683)
Epoch: [55][320/391], lr: 0.01000	Loss 0.5831 (0.3850)	Prec@1 78.125 (87.052)	Prec@5 98.438 (99.674)
Epoch: [55][330/391], lr: 0.01000	Loss 0.2991 (0.3851)	Prec@1 89.844 (87.042)	Prec@5 100.000 (99.670)
Epoch: [55][340/391], lr: 0.01000	Loss 0.3895 (0.3858)	Prec@1 85.156 (87.007)	Prec@5 100.000 (99.666)
Epoch: [55][350/391], lr: 0.01000	Loss 0.3412 (0.3855)	Prec@1 88.281 (87.026)	Prec@5 100.000 (99.671)
Epoch: [55][360/391], lr: 0.01000	Loss 0.4066 (0.3856)	Prec@1 85.156 (86.994)	Prec@5 100.000 (99.675)
Epoch: [55][370/391], lr: 0.01000	Loss 0.2019 (0.3853)	Prec@1 95.312 (87.014)	Prec@5 100.000 (99.682)
Epoch: [55][380/391], lr: 0.01000	Loss 0.4496 (0.3854)	Prec@1 86.719 (87.024)	Prec@5 99.219 (99.682)
Epoch: [55][390/391], lr: 0.01000	Loss 0.3136 (0.3873)	Prec@1 90.000 (86.936)	Prec@5 100.000 (99.686)
Epoch [55] Training Results: Prec@1 86.936 Prec@5 99.686             Loss 0.38734
Epoch [55] Training Class Recall: [0.752,0.822,0.797,0.835,0.876,0.901,0.919,0.912,0.937,0.943]

Epoch: [56][0/391], lr: 0.01000	Loss 0.3965 (0.3965)	Prec@1 85.938 (85.938)	Prec@5 100.000 (100.000)
Epoch: [56][10/391], lr: 0.01000	Loss 0.4175 (0.4084)	Prec@1 88.281 (85.866)	Prec@5 99.219 (99.574)
Epoch: [56][20/391], lr: 0.01000	Loss 0.5126 (0.4099)	Prec@1 82.812 (86.124)	Prec@5 100.000 (99.628)
Epoch: [56][30/391], lr: 0.01000	Loss 0.3764 (0.4200)	Prec@1 85.938 (85.811)	Prec@5 100.000 (99.672)
Epoch: [56][40/391], lr: 0.01000	Loss 0.3343 (0.4218)	Prec@1 89.062 (85.976)	Prec@5 99.219 (99.619)
Epoch: [56][50/391], lr: 0.01000	Loss 0.2990 (0.4188)	Prec@1 89.062 (85.815)	Prec@5 100.000 (99.602)
Epoch: [56][60/391], lr: 0.01000	Loss 0.5020 (0.4133)	Prec@1 84.375 (86.168)	Prec@5 99.219 (99.641)
Epoch: [56][70/391], lr: 0.01000	Loss 0.4285 (0.4110)	Prec@1 85.156 (86.268)	Prec@5 99.219 (99.604)
Epoch: [56][80/391], lr: 0.01000	Loss 0.3791 (0.4088)	Prec@1 89.062 (86.372)	Prec@5 100.000 (99.595)
Epoch: [56][90/391], lr: 0.01000	Loss 0.4220 (0.4070)	Prec@1 85.938 (86.435)	Prec@5 99.219 (99.596)
Epoch: [56][100/391], lr: 0.01000	Loss 0.3768 (0.4051)	Prec@1 86.719 (86.587)	Prec@5 100.000 (99.613)
Epoch: [56][110/391], lr: 0.01000	Loss 0.4685 (0.4030)	Prec@1 84.375 (86.698)	Prec@5 100.000 (99.641)
Epoch: [56][120/391], lr: 0.01000	Loss 0.4355 (0.4002)	Prec@1 86.719 (86.867)	Prec@5 100.000 (99.651)
Epoch: [56][130/391], lr: 0.01000	Loss 0.3265 (0.3980)	Prec@1 84.375 (86.844)	Prec@5 100.000 (99.660)
Epoch: [56][140/391], lr: 0.01000	Loss 0.2817 (0.3926)	Prec@1 90.625 (86.985)	Prec@5 100.000 (99.679)
Epoch: [56][150/391], lr: 0.01000	Loss 0.5305 (0.3905)	Prec@1 81.250 (87.003)	Prec@5 99.219 (99.690)
Epoch: [56][160/391], lr: 0.01000	Loss 0.3221 (0.3917)	Prec@1 90.625 (87.005)	Prec@5 100.000 (99.699)
Epoch: [56][170/391], lr: 0.01000	Loss 0.3577 (0.3931)	Prec@1 89.062 (86.975)	Prec@5 98.438 (99.680)
Epoch: [56][180/391], lr: 0.01000	Loss 0.3680 (0.3928)	Prec@1 89.844 (86.986)	Prec@5 100.000 (99.681)
Epoch: [56][190/391], lr: 0.01000	Loss 0.4690 (0.3941)	Prec@1 87.500 (86.968)	Prec@5 97.656 (99.661)
Epoch: [56][200/391], lr: 0.01000	Loss 0.2628 (0.3927)	Prec@1 92.188 (87.034)	Prec@5 100.000 (99.670)
Epoch: [56][210/391], lr: 0.01000	Loss 0.3613 (0.3933)	Prec@1 86.719 (86.974)	Prec@5 100.000 (99.674)
Epoch: [56][220/391], lr: 0.01000	Loss 0.3074 (0.3931)	Prec@1 85.938 (86.927)	Prec@5 100.000 (99.671)
Epoch: [56][230/391], lr: 0.01000	Loss 0.3215 (0.3904)	Prec@1 90.625 (87.037)	Prec@5 99.219 (99.672)
Epoch: [56][240/391], lr: 0.01000	Loss 0.2883 (0.3897)	Prec@1 89.844 (87.053)	Prec@5 100.000 (99.656)
Epoch: [56][250/391], lr: 0.01000	Loss 0.3060 (0.3875)	Prec@1 90.625 (87.133)	Prec@5 100.000 (99.667)
Epoch: [56][260/391], lr: 0.01000	Loss 0.5053 (0.3886)	Prec@1 85.156 (87.120)	Prec@5 99.219 (99.668)
Epoch: [56][270/391], lr: 0.01000	Loss 0.4253 (0.3906)	Prec@1 88.281 (87.070)	Prec@5 100.000 (99.666)
Epoch: [56][280/391], lr: 0.01000	Loss 0.4109 (0.3912)	Prec@1 85.156 (87.041)	Prec@5 100.000 (99.666)
Epoch: [56][290/391], lr: 0.01000	Loss 0.3691 (0.3918)	Prec@1 89.844 (87.025)	Prec@5 99.219 (99.662)
Epoch: [56][300/391], lr: 0.01000	Loss 0.4057 (0.3934)	Prec@1 88.281 (86.968)	Prec@5 100.000 (99.660)
Epoch: [56][310/391], lr: 0.01000	Loss 0.3883 (0.3932)	Prec@1 83.594 (86.970)	Prec@5 100.000 (99.658)
Epoch: [56][320/391], lr: 0.01000	Loss 0.3648 (0.3951)	Prec@1 85.156 (86.913)	Prec@5 99.219 (99.659)
Epoch: [56][330/391], lr: 0.01000	Loss 0.4399 (0.3947)	Prec@1 82.812 (86.924)	Prec@5 98.438 (99.662)
Epoch: [56][340/391], lr: 0.01000	Loss 0.3793 (0.3941)	Prec@1 85.156 (86.932)	Prec@5 100.000 (99.670)
Epoch: [56][350/391], lr: 0.01000	Loss 0.2939 (0.3931)	Prec@1 88.281 (86.928)	Prec@5 99.219 (99.673)
Epoch: [56][360/391], lr: 0.01000	Loss 0.2395 (0.3912)	Prec@1 91.406 (86.996)	Prec@5 100.000 (99.675)
Epoch: [56][370/391], lr: 0.01000	Loss 0.3410 (0.3910)	Prec@1 90.625 (86.999)	Prec@5 100.000 (99.680)
Epoch: [56][380/391], lr: 0.01000	Loss 0.3093 (0.3904)	Prec@1 88.281 (87.014)	Prec@5 100.000 (99.682)
Epoch: [56][390/391], lr: 0.01000	Loss 0.4026 (0.3900)	Prec@1 87.500 (87.012)	Prec@5 100.000 (99.690)
Epoch [56] Training Results: Prec@1 87.012 Prec@5 99.690             Loss 0.39002
Epoch [56] Training Class Recall: [0.752,0.814,0.796,0.847,0.881,0.897,0.917,0.916,0.939,0.941]

Epoch: [57][0/391], lr: 0.01000	Loss 0.3190 (0.3190)	Prec@1 89.844 (89.844)	Prec@5 100.000 (100.000)
Epoch: [57][10/391], lr: 0.01000	Loss 0.2918 (0.4034)	Prec@1 89.844 (86.648)	Prec@5 100.000 (99.787)
Epoch: [57][20/391], lr: 0.01000	Loss 0.4405 (0.4016)	Prec@1 82.031 (86.756)	Prec@5 100.000 (99.702)
Epoch: [57][30/391], lr: 0.01000	Loss 0.3685 (0.3960)	Prec@1 88.281 (86.946)	Prec@5 100.000 (99.698)
Epoch: [57][40/391], lr: 0.01000	Loss 0.2456 (0.3830)	Prec@1 92.188 (87.138)	Prec@5 100.000 (99.676)
Epoch: [57][50/391], lr: 0.01000	Loss 0.3680 (0.3785)	Prec@1 89.844 (87.316)	Prec@5 99.219 (99.678)
Epoch: [57][60/391], lr: 0.01000	Loss 0.4720 (0.3759)	Prec@1 82.812 (87.269)	Prec@5 98.438 (99.680)
Epoch: [57][70/391], lr: 0.01000	Loss 0.2388 (0.3715)	Prec@1 91.406 (87.379)	Prec@5 100.000 (99.681)
Epoch: [57][80/391], lr: 0.01000	Loss 0.3262 (0.3705)	Prec@1 91.406 (87.519)	Prec@5 100.000 (99.653)
Epoch: [57][90/391], lr: 0.01000	Loss 0.3752 (0.3712)	Prec@1 88.281 (87.500)	Prec@5 100.000 (99.665)
Epoch: [57][100/391], lr: 0.01000	Loss 0.3741 (0.3718)	Prec@1 85.156 (87.492)	Prec@5 99.219 (99.660)
Epoch: [57][110/391], lr: 0.01000	Loss 0.3944 (0.3749)	Prec@1 89.844 (87.430)	Prec@5 100.000 (99.662)
Epoch: [57][120/391], lr: 0.01000	Loss 0.4641 (0.3811)	Prec@1 84.375 (87.268)	Prec@5 98.438 (99.638)
Epoch: [57][130/391], lr: 0.01000	Loss 0.2943 (0.3833)	Prec@1 90.625 (87.226)	Prec@5 100.000 (99.624)
Epoch: [57][140/391], lr: 0.01000	Loss 0.5431 (0.3867)	Prec@1 83.594 (87.079)	Prec@5 100.000 (99.623)
Epoch: [57][150/391], lr: 0.01000	Loss 0.4066 (0.3874)	Prec@1 88.281 (87.014)	Prec@5 100.000 (99.633)
Epoch: [57][160/391], lr: 0.01000	Loss 0.3120 (0.3897)	Prec@1 88.281 (86.923)	Prec@5 100.000 (99.626)
Epoch: [57][170/391], lr: 0.01000	Loss 0.3906 (0.3906)	Prec@1 86.719 (86.879)	Prec@5 100.000 (99.635)
Epoch: [57][180/391], lr: 0.01000	Loss 0.4972 (0.3916)	Prec@1 82.031 (86.827)	Prec@5 100.000 (99.633)
Epoch: [57][190/391], lr: 0.01000	Loss 0.3031 (0.3904)	Prec@1 91.406 (86.899)	Prec@5 98.438 (99.636)
Epoch: [57][200/391], lr: 0.01000	Loss 0.3968 (0.3888)	Prec@1 87.500 (86.940)	Prec@5 98.438 (99.623)
Epoch: [57][210/391], lr: 0.01000	Loss 0.5342 (0.3884)	Prec@1 84.375 (86.959)	Prec@5 99.219 (99.630)
Epoch: [57][220/391], lr: 0.01000	Loss 0.6359 (0.3910)	Prec@1 82.812 (86.910)	Prec@5 99.219 (99.625)
Epoch: [57][230/391], lr: 0.01000	Loss 0.4835 (0.3934)	Prec@1 83.594 (86.827)	Prec@5 99.219 (99.614)
Epoch: [57][240/391], lr: 0.01000	Loss 0.5085 (0.3953)	Prec@1 80.469 (86.790)	Prec@5 99.219 (99.611)
Epoch: [57][250/391], lr: 0.01000	Loss 0.4331 (0.3976)	Prec@1 83.594 (86.706)	Prec@5 100.000 (99.611)
Epoch: [57][260/391], lr: 0.01000	Loss 0.6720 (0.4003)	Prec@1 78.906 (86.596)	Prec@5 100.000 (99.614)
Epoch: [57][270/391], lr: 0.01000	Loss 0.3707 (0.4006)	Prec@1 87.500 (86.606)	Prec@5 99.219 (99.617)
Epoch: [57][280/391], lr: 0.01000	Loss 0.3760 (0.4001)	Prec@1 88.281 (86.596)	Prec@5 100.000 (99.627)
Epoch: [57][290/391], lr: 0.01000	Loss 0.4748 (0.4006)	Prec@1 84.375 (86.579)	Prec@5 99.219 (99.630)
Epoch: [57][300/391], lr: 0.01000	Loss 0.3586 (0.3996)	Prec@1 90.625 (86.615)	Prec@5 100.000 (99.634)
Epoch: [57][310/391], lr: 0.01000	Loss 0.4412 (0.3997)	Prec@1 85.938 (86.628)	Prec@5 100.000 (99.636)
Epoch: [57][320/391], lr: 0.01000	Loss 0.2994 (0.3991)	Prec@1 89.062 (86.658)	Prec@5 100.000 (99.632)
Epoch: [57][330/391], lr: 0.01000	Loss 0.3888 (0.3995)	Prec@1 86.719 (86.631)	Prec@5 100.000 (99.625)
Epoch: [57][340/391], lr: 0.01000	Loss 0.5101 (0.3997)	Prec@1 82.031 (86.632)	Prec@5 99.219 (99.622)
Epoch: [57][350/391], lr: 0.01000	Loss 0.6150 (0.4010)	Prec@1 79.688 (86.565)	Prec@5 99.219 (99.615)
Epoch: [57][360/391], lr: 0.01000	Loss 0.3744 (0.4007)	Prec@1 88.281 (86.593)	Prec@5 100.000 (99.615)
Epoch: [57][370/391], lr: 0.01000	Loss 0.3266 (0.4005)	Prec@1 83.594 (86.584)	Prec@5 100.000 (99.623)
Epoch: [57][380/391], lr: 0.01000	Loss 0.4153 (0.4003)	Prec@1 86.719 (86.579)	Prec@5 99.219 (99.617)
Epoch: [57][390/391], lr: 0.01000	Loss 0.2942 (0.4013)	Prec@1 91.250 (86.586)	Prec@5 100.000 (99.608)
Epoch [57] Training Results: Prec@1 86.586 Prec@5 99.608             Loss 0.40127
Epoch [57] Training Class Recall: [0.753,0.814,0.794,0.837,0.872,0.892,0.910,0.913,0.936,0.938]

Epoch: [58][0/391], lr: 0.01000	Loss 0.3092 (0.3092)	Prec@1 90.625 (90.625)	Prec@5 100.000 (100.000)
Epoch: [58][10/391], lr: 0.01000	Loss 0.3958 (0.3658)	Prec@1 86.719 (87.358)	Prec@5 99.219 (99.787)
Epoch: [58][20/391], lr: 0.01000	Loss 0.3486 (0.4118)	Prec@1 89.062 (85.826)	Prec@5 100.000 (99.702)
Epoch: [58][30/391], lr: 0.01000	Loss 0.2621 (0.4207)	Prec@1 91.406 (85.685)	Prec@5 100.000 (99.622)
Epoch: [58][40/391], lr: 0.01000	Loss 0.3877 (0.4130)	Prec@1 88.281 (86.033)	Prec@5 98.438 (99.657)
Epoch: [58][50/391], lr: 0.01000	Loss 0.4654 (0.4126)	Prec@1 82.812 (86.045)	Prec@5 100.000 (99.632)
Epoch: [58][60/391], lr: 0.01000	Loss 0.3986 (0.4078)	Prec@1 84.375 (86.322)	Prec@5 100.000 (99.603)
Epoch: [58][70/391], lr: 0.01000	Loss 0.4345 (0.4062)	Prec@1 85.938 (86.488)	Prec@5 98.438 (99.582)
Epoch: [58][80/391], lr: 0.01000	Loss 0.3333 (0.3995)	Prec@1 89.844 (86.709)	Prec@5 100.000 (99.595)
Epoch: [58][90/391], lr: 0.01000	Loss 0.2611 (0.3914)	Prec@1 92.969 (86.925)	Prec@5 100.000 (99.605)
Epoch: [58][100/391], lr: 0.01000	Loss 0.3122 (0.3875)	Prec@1 89.062 (87.051)	Prec@5 100.000 (99.613)
Epoch: [58][110/391], lr: 0.01000	Loss 0.4707 (0.3856)	Prec@1 84.375 (87.148)	Prec@5 98.438 (99.627)
Epoch: [58][120/391], lr: 0.01000	Loss 0.3927 (0.3797)	Prec@1 86.719 (87.326)	Prec@5 100.000 (99.645)
Epoch: [58][130/391], lr: 0.01000	Loss 0.2823 (0.3776)	Prec@1 88.281 (87.399)	Prec@5 99.219 (99.648)
Epoch: [58][140/391], lr: 0.01000	Loss 0.3147 (0.3769)	Prec@1 90.625 (87.428)	Prec@5 100.000 (99.634)
Epoch: [58][150/391], lr: 0.01000	Loss 0.5481 (0.3780)	Prec@1 80.469 (87.381)	Prec@5 99.219 (99.638)
Epoch: [58][160/391], lr: 0.01000	Loss 0.4639 (0.3784)	Prec@1 88.281 (87.311)	Prec@5 99.219 (99.636)
Epoch: [58][170/391], lr: 0.01000	Loss 0.4969 (0.3807)	Prec@1 83.594 (87.235)	Prec@5 100.000 (99.653)
Epoch: [58][180/391], lr: 0.01000	Loss 0.5241 (0.3808)	Prec@1 80.469 (87.250)	Prec@5 100.000 (99.655)
Epoch: [58][190/391], lr: 0.01000	Loss 0.3039 (0.3823)	Prec@1 89.062 (87.246)	Prec@5 100.000 (99.656)
Epoch: [58][200/391], lr: 0.01000	Loss 0.3978 (0.3829)	Prec@1 88.281 (87.224)	Prec@5 100.000 (99.662)
Epoch: [58][210/391], lr: 0.01000	Loss 0.5390 (0.3840)	Prec@1 81.250 (87.174)	Prec@5 99.219 (99.652)
Epoch: [58][220/391], lr: 0.01000	Loss 0.3568 (0.3848)	Prec@1 84.375 (87.164)	Prec@5 100.000 (99.650)
Epoch: [58][230/391], lr: 0.01000	Loss 0.4836 (0.3874)	Prec@1 85.938 (87.101)	Prec@5 98.438 (99.635)
Epoch: [58][240/391], lr: 0.01000	Loss 0.3264 (0.3883)	Prec@1 89.062 (87.095)	Prec@5 100.000 (99.634)
Epoch: [58][250/391], lr: 0.01000	Loss 0.3789 (0.3878)	Prec@1 91.406 (87.092)	Prec@5 100.000 (99.636)
Epoch: [58][260/391], lr: 0.01000	Loss 0.3851 (0.3879)	Prec@1 89.062 (87.093)	Prec@5 99.219 (99.626)
Epoch: [58][270/391], lr: 0.01000	Loss 0.3339 (0.3872)	Prec@1 92.969 (87.145)	Prec@5 99.219 (99.622)
Epoch: [58][280/391], lr: 0.01000	Loss 0.2498 (0.3860)	Prec@1 91.406 (87.152)	Prec@5 100.000 (99.622)
Epoch: [58][290/391], lr: 0.01000	Loss 0.2680 (0.3852)	Prec@1 92.188 (87.154)	Prec@5 100.000 (99.613)
Epoch: [58][300/391], lr: 0.01000	Loss 0.4833 (0.3865)	Prec@1 84.375 (87.124)	Prec@5 99.219 (99.618)
Epoch: [58][310/391], lr: 0.01000	Loss 0.4868 (0.3871)	Prec@1 82.812 (87.103)	Prec@5 99.219 (99.616)
Epoch: [58][320/391], lr: 0.01000	Loss 0.3412 (0.3866)	Prec@1 88.281 (87.147)	Prec@5 99.219 (99.606)
Epoch: [58][330/391], lr: 0.01000	Loss 0.3227 (0.3866)	Prec@1 86.719 (87.158)	Prec@5 100.000 (99.608)
Epoch: [58][340/391], lr: 0.01000	Loss 0.5287 (0.3864)	Prec@1 84.375 (87.161)	Prec@5 100.000 (99.613)
Epoch: [58][350/391], lr: 0.01000	Loss 0.3639 (0.3855)	Prec@1 89.844 (87.217)	Prec@5 99.219 (99.606)
Epoch: [58][360/391], lr: 0.01000	Loss 0.3908 (0.3856)	Prec@1 82.031 (87.201)	Prec@5 100.000 (99.617)
Epoch: [58][370/391], lr: 0.01000	Loss 0.3389 (0.3849)	Prec@1 91.406 (87.218)	Prec@5 100.000 (99.621)
Epoch: [58][380/391], lr: 0.01000	Loss 0.3760 (0.3851)	Prec@1 89.844 (87.225)	Prec@5 100.000 (99.623)
Epoch: [58][390/391], lr: 0.01000	Loss 0.5686 (0.3860)	Prec@1 80.000 (87.164)	Prec@5 98.750 (99.618)
Epoch [58] Training Results: Prec@1 87.164 Prec@5 99.618             Loss 0.38599
Epoch [58] Training Class Recall: [0.751,0.826,0.799,0.844,0.881,0.896,0.917,0.922,0.936,0.944]

Epoch: [59][0/391], lr: 0.01000	Loss 0.2762 (0.2762)	Prec@1 89.062 (89.062)	Prec@5 100.000 (100.000)
Epoch: [59][10/391], lr: 0.01000	Loss 0.4095 (0.3329)	Prec@1 88.281 (89.418)	Prec@5 98.438 (99.645)
Epoch: [59][20/391], lr: 0.01000	Loss 0.4130 (0.3614)	Prec@1 86.719 (88.579)	Prec@5 99.219 (99.554)
Epoch: [59][30/391], lr: 0.01000	Loss 0.3640 (0.3607)	Prec@1 86.719 (88.306)	Prec@5 99.219 (99.622)
Epoch: [59][40/391], lr: 0.01000	Loss 0.3181 (0.3527)	Prec@1 88.281 (88.586)	Prec@5 99.219 (99.676)
Epoch: [59][50/391], lr: 0.01000	Loss 0.4825 (0.3546)	Prec@1 84.375 (88.358)	Prec@5 100.000 (99.724)
Epoch: [59][60/391], lr: 0.01000	Loss 0.3795 (0.3649)	Prec@1 86.719 (88.038)	Prec@5 99.219 (99.705)
Epoch: [59][70/391], lr: 0.01000	Loss 0.2930 (0.3624)	Prec@1 90.625 (88.039)	Prec@5 100.000 (99.659)
Epoch: [59][80/391], lr: 0.01000	Loss 0.3577 (0.3598)	Prec@1 87.500 (88.117)	Prec@5 100.000 (99.653)
Epoch: [59][90/391], lr: 0.01000	Loss 0.3942 (0.3563)	Prec@1 86.719 (88.255)	Prec@5 98.438 (99.674)
Epoch: [59][100/391], lr: 0.01000	Loss 0.4600 (0.3584)	Prec@1 85.938 (88.258)	Prec@5 99.219 (99.667)
Epoch: [59][110/391], lr: 0.01000	Loss 0.2923 (0.3544)	Prec@1 89.062 (88.359)	Prec@5 100.000 (99.683)
Epoch: [59][120/391], lr: 0.01000	Loss 0.3562 (0.3539)	Prec@1 83.594 (88.339)	Prec@5 100.000 (99.690)
Epoch: [59][130/391], lr: 0.01000	Loss 0.2706 (0.3520)	Prec@1 90.625 (88.448)	Prec@5 100.000 (99.696)
Epoch: [59][140/391], lr: 0.01000	Loss 0.3078 (0.3534)	Prec@1 89.844 (88.370)	Prec@5 100.000 (99.701)
Epoch: [59][150/391], lr: 0.01000	Loss 0.3565 (0.3550)	Prec@1 89.062 (88.328)	Prec@5 99.219 (99.705)
Epoch: [59][160/391], lr: 0.01000	Loss 0.4725 (0.3599)	Prec@1 82.031 (88.087)	Prec@5 100.000 (99.685)
Epoch: [59][170/391], lr: 0.01000	Loss 0.4273 (0.3650)	Prec@1 85.938 (87.838)	Prec@5 100.000 (99.680)
Epoch: [59][180/391], lr: 0.01000	Loss 0.4675 (0.3661)	Prec@1 82.812 (87.759)	Prec@5 99.219 (99.681)
Epoch: [59][190/391], lr: 0.01000	Loss 0.4510 (0.3699)	Prec@1 83.594 (87.664)	Prec@5 99.219 (99.665)
Epoch: [59][200/391], lr: 0.01000	Loss 0.3683 (0.3689)	Prec@1 88.281 (87.694)	Prec@5 100.000 (99.662)
Epoch: [59][210/391], lr: 0.01000	Loss 0.3098 (0.3688)	Prec@1 90.625 (87.696)	Prec@5 100.000 (99.663)
Epoch: [59][220/391], lr: 0.01000	Loss 0.2971 (0.3672)	Prec@1 89.062 (87.755)	Prec@5 100.000 (99.671)
Epoch: [59][230/391], lr: 0.01000	Loss 0.3608 (0.3683)	Prec@1 89.844 (87.750)	Prec@5 99.219 (99.658)
Epoch: [59][240/391], lr: 0.01000	Loss 0.5124 (0.3672)	Prec@1 82.812 (87.750)	Prec@5 99.219 (99.663)
Epoch: [59][250/391], lr: 0.01000	Loss 0.4103 (0.3674)	Prec@1 85.156 (87.721)	Prec@5 99.219 (99.655)
Epoch: [59][260/391], lr: 0.01000	Loss 0.4059 (0.3698)	Prec@1 88.281 (87.647)	Prec@5 100.000 (99.650)
Epoch: [59][270/391], lr: 0.01000	Loss 0.3567 (0.3692)	Prec@1 85.156 (87.656)	Prec@5 100.000 (99.651)
Epoch: [59][280/391], lr: 0.01000	Loss 0.4442 (0.3721)	Prec@1 86.719 (87.603)	Prec@5 100.000 (99.641)
Epoch: [59][290/391], lr: 0.01000	Loss 0.2641 (0.3737)	Prec@1 90.625 (87.564)	Prec@5 100.000 (99.643)
Epoch: [59][300/391], lr: 0.01000	Loss 0.3759 (0.3745)	Prec@1 89.062 (87.578)	Prec@5 100.000 (99.647)
Epoch: [59][310/391], lr: 0.01000	Loss 0.3639 (0.3739)	Prec@1 89.062 (87.585)	Prec@5 100.000 (99.651)
Epoch: [59][320/391], lr: 0.01000	Loss 0.4336 (0.3749)	Prec@1 84.375 (87.549)	Prec@5 99.219 (99.650)
Epoch: [59][330/391], lr: 0.01000	Loss 0.3457 (0.3756)	Prec@1 89.062 (87.531)	Prec@5 100.000 (99.658)
Epoch: [59][340/391], lr: 0.01000	Loss 0.4636 (0.3755)	Prec@1 82.812 (87.516)	Prec@5 100.000 (99.659)
Epoch: [59][350/391], lr: 0.01000	Loss 0.3995 (0.3761)	Prec@1 85.938 (87.500)	Prec@5 100.000 (99.659)
Epoch: [59][360/391], lr: 0.01000	Loss 0.4728 (0.3756)	Prec@1 84.375 (87.524)	Prec@5 100.000 (99.662)
Epoch: [59][370/391], lr: 0.01000	Loss 0.4165 (0.3767)	Prec@1 84.375 (87.498)	Prec@5 100.000 (99.659)
Epoch: [59][380/391], lr: 0.01000	Loss 0.3798 (0.3774)	Prec@1 85.938 (87.461)	Prec@5 99.219 (99.660)
Epoch: [59][390/391], lr: 0.01000	Loss 0.2929 (0.3776)	Prec@1 88.750 (87.456)	Prec@5 100.000 (99.658)
Epoch [59] Training Results: Prec@1 87.456 Prec@5 99.658             Loss 0.37762
Epoch [59] Training Class Recall: [0.767,0.819,0.806,0.850,0.886,0.900,0.918,0.924,0.937,0.938]

Epoch: [60][0/391], lr: 0.01000	Loss 0.2939 (0.2939)	Prec@1 88.281 (88.281)	Prec@5 99.219 (99.219)
Epoch: [60][10/391], lr: 0.01000	Loss 0.3986 (0.3680)	Prec@1 87.500 (87.997)	Prec@5 99.219 (99.645)
Epoch: [60][20/391], lr: 0.01000	Loss 0.3900 (0.3631)	Prec@1 89.062 (88.058)	Prec@5 99.219 (99.665)
Epoch: [60][30/391], lr: 0.01000	Loss 0.3888 (0.3583)	Prec@1 86.719 (88.080)	Prec@5 100.000 (99.748)
Epoch: [60][40/391], lr: 0.01000	Loss 0.3445 (0.3483)	Prec@1 86.719 (88.434)	Prec@5 100.000 (99.752)
Epoch: [60][50/391], lr: 0.01000	Loss 0.3823 (0.3555)	Prec@1 88.281 (88.235)	Prec@5 100.000 (99.724)
Epoch: [60][60/391], lr: 0.01000	Loss 0.3506 (0.3625)	Prec@1 91.406 (88.204)	Prec@5 100.000 (99.680)
Epoch: [60][70/391], lr: 0.01000	Loss 0.2999 (0.3606)	Prec@1 89.844 (88.248)	Prec@5 100.000 (99.681)
Epoch: [60][80/391], lr: 0.01000	Loss 0.4821 (0.3650)	Prec@1 85.156 (88.156)	Prec@5 100.000 (99.672)
Epoch: [60][90/391], lr: 0.01000	Loss 0.3350 (0.3679)	Prec@1 88.281 (87.998)	Prec@5 100.000 (99.674)
Epoch: [60][100/391], lr: 0.01000	Loss 0.3758 (0.3740)	Prec@1 86.719 (87.678)	Prec@5 99.219 (99.660)
Epoch: [60][110/391], lr: 0.01000	Loss 0.5173 (0.3769)	Prec@1 84.375 (87.542)	Prec@5 98.438 (99.627)
Epoch: [60][120/391], lr: 0.01000	Loss 0.3875 (0.3805)	Prec@1 84.375 (87.377)	Prec@5 100.000 (99.645)
Epoch: [60][130/391], lr: 0.01000	Loss 0.4641 (0.3864)	Prec@1 87.500 (87.250)	Prec@5 98.438 (99.642)
Epoch: [60][140/391], lr: 0.01000	Loss 0.4170 (0.3870)	Prec@1 88.281 (87.201)	Prec@5 98.438 (99.640)
Epoch: [60][150/391], lr: 0.01000	Loss 0.5221 (0.3906)	Prec@1 80.469 (87.086)	Prec@5 100.000 (99.643)
Epoch: [60][160/391], lr: 0.01000	Loss 0.3521 (0.3889)	Prec@1 89.062 (87.155)	Prec@5 100.000 (99.646)
Epoch: [60][170/391], lr: 0.01000	Loss 0.3320 (0.3883)	Prec@1 87.500 (87.171)	Prec@5 100.000 (99.639)
Epoch: [60][180/391], lr: 0.01000	Loss 0.4416 (0.3884)	Prec@1 88.281 (87.150)	Prec@5 98.438 (99.637)
Epoch: [60][190/391], lr: 0.01000	Loss 0.4922 (0.3898)	Prec@1 85.938 (87.054)	Prec@5 99.219 (99.624)
Epoch: [60][200/391], lr: 0.01000	Loss 0.3670 (0.3875)	Prec@1 85.938 (87.139)	Prec@5 100.000 (99.635)
Epoch: [60][210/391], lr: 0.01000	Loss 0.3618 (0.3871)	Prec@1 87.500 (87.145)	Prec@5 100.000 (99.645)
Epoch: [60][220/391], lr: 0.01000	Loss 0.2410 (0.3875)	Prec@1 89.844 (87.090)	Prec@5 100.000 (99.654)
Epoch: [60][230/391], lr: 0.01000	Loss 0.4604 (0.3903)	Prec@1 87.500 (87.010)	Prec@5 99.219 (99.648)
Epoch: [60][240/391], lr: 0.01000	Loss 0.4112 (0.3915)	Prec@1 86.719 (86.962)	Prec@5 99.219 (99.647)
Epoch: [60][250/391], lr: 0.01000	Loss 0.4739 (0.3908)	Prec@1 83.594 (86.971)	Prec@5 99.219 (99.648)
Epoch: [60][260/391], lr: 0.01000	Loss 0.4870 (0.3922)	Prec@1 81.250 (86.940)	Prec@5 100.000 (99.650)
Epoch: [60][270/391], lr: 0.01000	Loss 0.3789 (0.3922)	Prec@1 88.281 (86.941)	Prec@5 100.000 (99.648)
Epoch: [60][280/391], lr: 0.01000	Loss 0.3288 (0.3926)	Prec@1 86.719 (86.924)	Prec@5 100.000 (99.636)
Epoch: [60][290/391], lr: 0.01000	Loss 0.4422 (0.3935)	Prec@1 85.156 (86.872)	Prec@5 99.219 (99.635)
Epoch: [60][300/391], lr: 0.01000	Loss 0.3259 (0.3954)	Prec@1 89.844 (86.810)	Prec@5 100.000 (99.626)
Epoch: [60][310/391], lr: 0.01000	Loss 0.4820 (0.3947)	Prec@1 82.812 (86.849)	Prec@5 99.219 (99.628)
Epoch: [60][320/391], lr: 0.01000	Loss 0.3193 (0.3949)	Prec@1 86.719 (86.823)	Prec@5 100.000 (99.628)
Epoch: [60][330/391], lr: 0.01000	Loss 0.4890 (0.3943)	Prec@1 85.156 (86.841)	Prec@5 99.219 (99.632)
Epoch: [60][340/391], lr: 0.01000	Loss 0.3932 (0.3944)	Prec@1 87.500 (86.840)	Prec@5 100.000 (99.636)
Epoch: [60][350/391], lr: 0.01000	Loss 0.4108 (0.3933)	Prec@1 86.719 (86.879)	Prec@5 99.219 (99.637)
Epoch: [60][360/391], lr: 0.01000	Loss 0.3729 (0.3927)	Prec@1 85.156 (86.888)	Prec@5 100.000 (99.634)
Epoch: [60][370/391], lr: 0.01000	Loss 0.4076 (0.3910)	Prec@1 83.594 (86.942)	Prec@5 100.000 (99.642)
Epoch: [60][380/391], lr: 0.01000	Loss 0.3005 (0.3917)	Prec@1 89.844 (86.914)	Prec@5 100.000 (99.639)
Epoch: [60][390/391], lr: 0.01000	Loss 0.3064 (0.3918)	Prec@1 87.500 (86.904)	Prec@5 100.000 (99.642)
Epoch [60] Training Results: Prec@1 86.904 Prec@5 99.642             Loss 0.39183
Epoch [60] Training Class Recall: [0.757,0.821,0.794,0.842,0.881,0.890,0.918,0.917,0.932,0.940]

Epoch: [61][0/391], lr: 0.01000	Loss 0.3986 (0.3986)	Prec@1 85.156 (85.156)	Prec@5 99.219 (99.219)
Epoch: [61][10/391], lr: 0.01000	Loss 0.5339 (0.4426)	Prec@1 84.375 (85.014)	Prec@5 99.219 (99.574)
Epoch: [61][20/391], lr: 0.01000	Loss 0.3758 (0.4236)	Prec@1 85.938 (85.417)	Prec@5 99.219 (99.628)
Epoch: [61][30/391], lr: 0.01000	Loss 0.3336 (0.4222)	Prec@1 86.719 (85.585)	Prec@5 100.000 (99.622)
Epoch: [61][40/391], lr: 0.01000	Loss 0.2829 (0.4140)	Prec@1 92.188 (85.842)	Prec@5 100.000 (99.657)
Epoch: [61][50/391], lr: 0.01000	Loss 0.3293 (0.4196)	Prec@1 87.500 (85.907)	Prec@5 100.000 (99.602)
Epoch: [61][60/391], lr: 0.01000	Loss 0.3779 (0.4164)	Prec@1 85.938 (85.925)	Prec@5 100.000 (99.641)
Epoch: [61][70/391], lr: 0.01000	Loss 0.3671 (0.4063)	Prec@1 88.281 (86.323)	Prec@5 100.000 (99.637)
Epoch: [61][80/391], lr: 0.01000	Loss 0.3119 (0.3998)	Prec@1 89.062 (86.507)	Prec@5 100.000 (99.662)
Epoch: [61][90/391], lr: 0.01000	Loss 0.3024 (0.3919)	Prec@1 91.406 (86.745)	Prec@5 100.000 (99.657)
Epoch: [61][100/391], lr: 0.01000	Loss 0.3279 (0.3871)	Prec@1 89.844 (86.959)	Prec@5 100.000 (99.675)
Epoch: [61][110/391], lr: 0.01000	Loss 0.3276 (0.3862)	Prec@1 89.844 (87.021)	Prec@5 100.000 (99.676)
Epoch: [61][120/391], lr: 0.01000	Loss 0.2863 (0.3842)	Prec@1 90.625 (87.035)	Prec@5 100.000 (99.690)
Epoch: [61][130/391], lr: 0.01000	Loss 0.3838 (0.3840)	Prec@1 89.844 (87.100)	Prec@5 99.219 (99.690)
Epoch: [61][140/391], lr: 0.01000	Loss 0.4598 (0.3848)	Prec@1 83.594 (87.090)	Prec@5 99.219 (99.673)
Epoch: [61][150/391], lr: 0.01000	Loss 0.3219 (0.3813)	Prec@1 89.844 (87.236)	Prec@5 99.219 (99.690)
Epoch: [61][160/391], lr: 0.01000	Loss 0.2984 (0.3806)	Prec@1 88.281 (87.223)	Prec@5 100.000 (99.694)
Epoch: [61][170/391], lr: 0.01000	Loss 0.2144 (0.3797)	Prec@1 92.188 (87.262)	Prec@5 100.000 (99.689)
Epoch: [61][180/391], lr: 0.01000	Loss 0.4412 (0.3786)	Prec@1 88.281 (87.306)	Prec@5 100.000 (99.694)
Epoch: [61][190/391], lr: 0.01000	Loss 0.2722 (0.3777)	Prec@1 89.844 (87.336)	Prec@5 100.000 (99.701)
Epoch: [61][200/391], lr: 0.01000	Loss 0.3138 (0.3785)	Prec@1 90.625 (87.364)	Prec@5 100.000 (99.697)
Epoch: [61][210/391], lr: 0.01000	Loss 0.5452 (0.3806)	Prec@1 79.688 (87.296)	Prec@5 100.000 (99.704)
Epoch: [61][220/391], lr: 0.01000	Loss 0.5100 (0.3813)	Prec@1 80.469 (87.274)	Prec@5 100.000 (99.707)
Epoch: [61][230/391], lr: 0.01000	Loss 0.4135 (0.3828)	Prec@1 87.500 (87.243)	Prec@5 99.219 (99.709)
Epoch: [61][240/391], lr: 0.01000	Loss 0.4656 (0.3853)	Prec@1 86.719 (87.156)	Prec@5 100.000 (99.708)
Epoch: [61][250/391], lr: 0.01000	Loss 0.4579 (0.3870)	Prec@1 85.938 (87.064)	Prec@5 100.000 (99.711)
Epoch: [61][260/391], lr: 0.01000	Loss 0.3617 (0.3865)	Prec@1 89.844 (87.075)	Prec@5 99.219 (99.710)
Epoch: [61][270/391], lr: 0.01000	Loss 0.4101 (0.3866)	Prec@1 85.938 (87.050)	Prec@5 100.000 (99.709)
Epoch: [61][280/391], lr: 0.01000	Loss 0.3574 (0.3881)	Prec@1 87.500 (86.986)	Prec@5 100.000 (99.703)
Epoch: [61][290/391], lr: 0.01000	Loss 0.3104 (0.3878)	Prec@1 92.969 (87.006)	Prec@5 99.219 (99.699)
Epoch: [61][300/391], lr: 0.01000	Loss 0.4231 (0.3858)	Prec@1 84.375 (87.035)	Prec@5 98.438 (99.702)
Epoch: [61][310/391], lr: 0.01000	Loss 0.3496 (0.3841)	Prec@1 86.719 (87.093)	Prec@5 100.000 (99.704)
Epoch: [61][320/391], lr: 0.01000	Loss 0.4655 (0.3829)	Prec@1 85.938 (87.120)	Prec@5 100.000 (99.706)
Epoch: [61][330/391], lr: 0.01000	Loss 0.3700 (0.3832)	Prec@1 86.719 (87.132)	Prec@5 99.219 (99.705)
Epoch: [61][340/391], lr: 0.01000	Loss 0.3027 (0.3821)	Prec@1 89.844 (87.152)	Prec@5 100.000 (99.714)
Epoch: [61][350/391], lr: 0.01000	Loss 0.2933 (0.3808)	Prec@1 89.844 (87.177)	Prec@5 100.000 (99.713)
Epoch: [61][360/391], lr: 0.01000	Loss 0.2368 (0.3817)	Prec@1 92.188 (87.123)	Prec@5 100.000 (99.710)
Epoch: [61][370/391], lr: 0.01000	Loss 0.5330 (0.3831)	Prec@1 85.156 (87.106)	Prec@5 100.000 (99.709)
Epoch: [61][380/391], lr: 0.01000	Loss 0.5542 (0.3838)	Prec@1 82.812 (87.090)	Prec@5 100.000 (99.713)
Epoch: [61][390/391], lr: 0.01000	Loss 0.3079 (0.3839)	Prec@1 88.750 (87.078)	Prec@5 100.000 (99.714)
Epoch [61] Training Results: Prec@1 87.078 Prec@5 99.714             Loss 0.38392
Epoch [61] Training Class Recall: [0.756,0.823,0.800,0.846,0.880,0.891,0.916,0.917,0.939,0.939]

Epoch: [62][0/391], lr: 0.01000	Loss 0.3804 (0.3804)	Prec@1 88.281 (88.281)	Prec@5 99.219 (99.219)
Epoch: [62][10/391], lr: 0.01000	Loss 0.3292 (0.3444)	Prec@1 87.500 (88.494)	Prec@5 100.000 (99.787)
Epoch: [62][20/391], lr: 0.01000	Loss 0.3535 (0.3412)	Prec@1 89.062 (88.802)	Prec@5 99.219 (99.814)
Epoch: [62][30/391], lr: 0.01000	Loss 0.3227 (0.3409)	Prec@1 89.844 (88.785)	Prec@5 100.000 (99.849)
Epoch: [62][40/391], lr: 0.01000	Loss 0.3220 (0.3334)	Prec@1 89.062 (89.062)	Prec@5 100.000 (99.828)
Epoch: [62][50/391], lr: 0.01000	Loss 0.2603 (0.3311)	Prec@1 92.188 (89.001)	Prec@5 100.000 (99.831)
Epoch: [62][60/391], lr: 0.01000	Loss 0.3596 (0.3292)	Prec@1 88.281 (89.101)	Prec@5 100.000 (99.846)
Epoch: [62][70/391], lr: 0.01000	Loss 0.4319 (0.3350)	Prec@1 82.812 (88.831)	Prec@5 99.219 (99.802)
Epoch: [62][80/391], lr: 0.01000	Loss 0.3230 (0.3395)	Prec@1 91.406 (88.667)	Prec@5 99.219 (99.759)
Epoch: [62][90/391], lr: 0.01000	Loss 0.3493 (0.3463)	Prec@1 89.844 (88.419)	Prec@5 100.000 (99.742)
Epoch: [62][100/391], lr: 0.01000	Loss 0.3501 (0.3482)	Prec@1 87.500 (88.351)	Prec@5 100.000 (99.760)
Epoch: [62][110/391], lr: 0.01000	Loss 0.3786 (0.3525)	Prec@1 83.594 (88.140)	Prec@5 100.000 (99.733)
Epoch: [62][120/391], lr: 0.01000	Loss 0.5176 (0.3583)	Prec@1 82.812 (87.913)	Prec@5 100.000 (99.755)
Epoch: [62][130/391], lr: 0.01000	Loss 0.3612 (0.3610)	Prec@1 83.594 (87.762)	Prec@5 100.000 (99.761)
Epoch: [62][140/391], lr: 0.01000	Loss 0.3287 (0.3657)	Prec@1 91.406 (87.589)	Prec@5 100.000 (99.740)
Epoch: [62][150/391], lr: 0.01000	Loss 0.4124 (0.3701)	Prec@1 86.719 (87.459)	Prec@5 98.438 (99.726)
Epoch: [62][160/391], lr: 0.01000	Loss 0.3687 (0.3731)	Prec@1 89.062 (87.403)	Prec@5 100.000 (99.709)
Epoch: [62][170/391], lr: 0.01000	Loss 0.3824 (0.3759)	Prec@1 85.938 (87.317)	Prec@5 100.000 (99.703)
Epoch: [62][180/391], lr: 0.01000	Loss 0.5114 (0.3808)	Prec@1 78.906 (87.155)	Prec@5 98.438 (99.706)
Epoch: [62][190/391], lr: 0.01000	Loss 0.3080 (0.3822)	Prec@1 89.844 (87.144)	Prec@5 99.219 (99.697)
Epoch: [62][200/391], lr: 0.01000	Loss 0.4224 (0.3830)	Prec@1 83.594 (87.139)	Prec@5 100.000 (99.677)
Epoch: [62][210/391], lr: 0.01000	Loss 0.3879 (0.3839)	Prec@1 86.719 (87.056)	Prec@5 99.219 (99.682)
Epoch: [62][220/391], lr: 0.01000	Loss 0.3495 (0.3843)	Prec@1 87.500 (87.033)	Prec@5 99.219 (99.675)
Epoch: [62][230/391], lr: 0.01000	Loss 0.5642 (0.3840)	Prec@1 83.594 (87.067)	Prec@5 100.000 (99.685)
Epoch: [62][240/391], lr: 0.01000	Loss 0.2853 (0.3841)	Prec@1 92.188 (87.098)	Prec@5 100.000 (99.682)
Epoch: [62][250/391], lr: 0.01000	Loss 0.4530 (0.3838)	Prec@1 82.812 (87.111)	Prec@5 100.000 (99.683)
Epoch: [62][260/391], lr: 0.01000	Loss 0.2598 (0.3840)	Prec@1 92.188 (87.120)	Prec@5 100.000 (99.686)
Epoch: [62][270/391], lr: 0.01000	Loss 0.3807 (0.3843)	Prec@1 88.281 (87.117)	Prec@5 100.000 (99.677)
Epoch: [62][280/391], lr: 0.01000	Loss 0.2909 (0.3845)	Prec@1 89.062 (87.100)	Prec@5 100.000 (99.677)
Epoch: [62][290/391], lr: 0.01000	Loss 0.5539 (0.3873)	Prec@1 82.031 (86.998)	Prec@5 99.219 (99.664)
Epoch: [62][300/391], lr: 0.01000	Loss 0.3831 (0.3878)	Prec@1 84.375 (86.978)	Prec@5 100.000 (99.663)
Epoch: [62][310/391], lr: 0.01000	Loss 0.3916 (0.3870)	Prec@1 86.719 (87.020)	Prec@5 99.219 (99.661)
Epoch: [62][320/391], lr: 0.01000	Loss 0.3136 (0.3867)	Prec@1 86.719 (86.972)	Prec@5 100.000 (99.667)
Epoch: [62][330/391], lr: 0.01000	Loss 0.2815 (0.3856)	Prec@1 92.188 (87.019)	Prec@5 100.000 (99.670)
Epoch: [62][340/391], lr: 0.01000	Loss 0.4137 (0.3859)	Prec@1 86.719 (87.042)	Prec@5 100.000 (99.677)
Epoch: [62][350/391], lr: 0.01000	Loss 0.4269 (0.3848)	Prec@1 88.281 (87.095)	Prec@5 100.000 (99.682)
Epoch: [62][360/391], lr: 0.01000	Loss 0.3687 (0.3842)	Prec@1 85.938 (87.106)	Prec@5 100.000 (99.682)
Epoch: [62][370/391], lr: 0.01000	Loss 0.3924 (0.3842)	Prec@1 85.938 (87.125)	Prec@5 99.219 (99.674)
Epoch: [62][380/391], lr: 0.01000	Loss 0.4586 (0.3838)	Prec@1 84.375 (87.129)	Prec@5 100.000 (99.674)
Epoch: [62][390/391], lr: 0.01000	Loss 0.3427 (0.3845)	Prec@1 90.000 (87.136)	Prec@5 100.000 (99.668)
Epoch [62] Training Results: Prec@1 87.136 Prec@5 99.668             Loss 0.38448
Epoch [62] Training Class Recall: [0.759,0.817,0.801,0.846,0.886,0.900,0.914,0.919,0.934,0.937]

Epoch: [63][0/391], lr: 0.01000	Loss 0.5037 (0.5037)	Prec@1 82.031 (82.031)	Prec@5 98.438 (98.438)
Epoch: [63][10/391], lr: 0.01000	Loss 0.2607 (0.3956)	Prec@1 92.188 (86.932)	Prec@5 99.219 (99.574)
Epoch: [63][20/391], lr: 0.01000	Loss 0.3295 (0.3903)	Prec@1 88.281 (86.979)	Prec@5 100.000 (99.628)
Epoch: [63][30/391], lr: 0.01000	Loss 0.3256 (0.3656)	Prec@1 91.406 (87.903)	Prec@5 100.000 (99.698)
Epoch: [63][40/391], lr: 0.01000	Loss 0.2810 (0.3650)	Prec@1 90.625 (87.900)	Prec@5 99.219 (99.695)
Epoch: [63][50/391], lr: 0.01000	Loss 0.3190 (0.3581)	Prec@1 86.719 (88.174)	Prec@5 100.000 (99.755)
Epoch: [63][60/391], lr: 0.01000	Loss 0.5434 (0.3664)	Prec@1 80.469 (87.859)	Prec@5 100.000 (99.757)
Epoch: [63][70/391], lr: 0.01000	Loss 0.2252 (0.3673)	Prec@1 92.188 (87.830)	Prec@5 100.000 (99.758)
Epoch: [63][80/391], lr: 0.01000	Loss 0.3078 (0.3724)	Prec@1 89.062 (87.693)	Prec@5 100.000 (99.701)
Epoch: [63][90/391], lr: 0.01000	Loss 0.5124 (0.3751)	Prec@1 85.938 (87.569)	Prec@5 100.000 (99.682)
Epoch: [63][100/391], lr: 0.01000	Loss 0.3536 (0.3736)	Prec@1 89.062 (87.539)	Prec@5 100.000 (99.675)
Epoch: [63][110/391], lr: 0.01000	Loss 0.4202 (0.3755)	Prec@1 85.156 (87.521)	Prec@5 100.000 (99.648)
Epoch: [63][120/391], lr: 0.01000	Loss 0.2717 (0.3759)	Prec@1 92.188 (87.500)	Prec@5 100.000 (99.651)
Epoch: [63][130/391], lr: 0.01000	Loss 0.4377 (0.3751)	Prec@1 81.250 (87.512)	Prec@5 99.219 (99.660)
Epoch: [63][140/391], lr: 0.01000	Loss 0.3600 (0.3753)	Prec@1 92.188 (87.583)	Prec@5 99.219 (99.651)
Epoch: [63][150/391], lr: 0.01000	Loss 0.3078 (0.3733)	Prec@1 90.625 (87.655)	Prec@5 100.000 (99.627)
Epoch: [63][160/391], lr: 0.01000	Loss 0.3695 (0.3746)	Prec@1 86.719 (87.582)	Prec@5 100.000 (99.626)
Epoch: [63][170/391], lr: 0.01000	Loss 0.3711 (0.3743)	Prec@1 85.938 (87.628)	Prec@5 100.000 (99.630)
Epoch: [63][180/391], lr: 0.01000	Loss 0.3228 (0.3730)	Prec@1 89.062 (87.638)	Prec@5 100.000 (99.633)
Epoch: [63][190/391], lr: 0.01000	Loss 0.3553 (0.3733)	Prec@1 85.938 (87.627)	Prec@5 100.000 (99.628)
Epoch: [63][200/391], lr: 0.01000	Loss 0.3410 (0.3725)	Prec@1 89.062 (87.648)	Prec@5 100.000 (99.639)
Epoch: [63][210/391], lr: 0.01000	Loss 0.2631 (0.3726)	Prec@1 89.062 (87.611)	Prec@5 99.219 (99.641)
Epoch: [63][220/391], lr: 0.01000	Loss 0.3182 (0.3741)	Prec@1 87.500 (87.567)	Prec@5 100.000 (99.636)
Epoch: [63][230/391], lr: 0.01000	Loss 0.5625 (0.3772)	Prec@1 78.906 (87.436)	Prec@5 99.219 (99.631)
Epoch: [63][240/391], lr: 0.01000	Loss 0.5789 (0.3810)	Prec@1 80.469 (87.312)	Prec@5 98.438 (99.617)
Epoch: [63][250/391], lr: 0.01000	Loss 0.4954 (0.3839)	Prec@1 84.375 (87.186)	Prec@5 99.219 (99.614)
Epoch: [63][260/391], lr: 0.01000	Loss 0.3646 (0.3874)	Prec@1 85.938 (87.045)	Prec@5 100.000 (99.605)
Epoch: [63][270/391], lr: 0.01000	Loss 0.4492 (0.3902)	Prec@1 85.938 (86.972)	Prec@5 99.219 (99.602)
Epoch: [63][280/391], lr: 0.01000	Loss 0.4169 (0.3917)	Prec@1 82.031 (86.905)	Prec@5 99.219 (99.594)
Epoch: [63][290/391], lr: 0.01000	Loss 0.4113 (0.3928)	Prec@1 89.062 (86.885)	Prec@5 100.000 (99.597)
Epoch: [63][300/391], lr: 0.01000	Loss 0.4336 (0.3932)	Prec@1 84.375 (86.854)	Prec@5 98.438 (99.595)
Epoch: [63][310/391], lr: 0.01000	Loss 0.4015 (0.3948)	Prec@1 83.594 (86.814)	Prec@5 100.000 (99.593)
Epoch: [63][320/391], lr: 0.01000	Loss 0.3851 (0.3943)	Prec@1 86.719 (86.823)	Prec@5 100.000 (99.594)
Epoch: [63][330/391], lr: 0.01000	Loss 0.4536 (0.3956)	Prec@1 86.719 (86.778)	Prec@5 99.219 (99.573)
Epoch: [63][340/391], lr: 0.01000	Loss 0.3624 (0.3961)	Prec@1 86.719 (86.746)	Prec@5 100.000 (99.569)
Epoch: [63][350/391], lr: 0.01000	Loss 0.4895 (0.3963)	Prec@1 81.250 (86.743)	Prec@5 99.219 (99.564)
Epoch: [63][360/391], lr: 0.01000	Loss 0.4923 (0.3967)	Prec@1 86.719 (86.743)	Prec@5 100.000 (99.556)
Epoch: [63][370/391], lr: 0.01000	Loss 0.3147 (0.3951)	Prec@1 90.625 (86.805)	Prec@5 100.000 (99.564)
Epoch: [63][380/391], lr: 0.01000	Loss 0.3760 (0.3940)	Prec@1 88.281 (86.842)	Prec@5 99.219 (99.567)
Epoch: [63][390/391], lr: 0.01000	Loss 0.3886 (0.3924)	Prec@1 88.750 (86.898)	Prec@5 100.000 (99.576)
Epoch [63] Training Results: Prec@1 86.898 Prec@5 99.576             Loss 0.39242
Epoch [63] Training Class Recall: [0.758,0.821,0.801,0.839,0.883,0.891,0.912,0.916,0.933,0.937]

Epoch: [64][0/391], lr: 0.01000	Loss 0.4292 (0.4292)	Prec@1 87.500 (87.500)	Prec@5 99.219 (99.219)
Epoch: [64][10/391], lr: 0.01000	Loss 0.4116 (0.3766)	Prec@1 89.062 (88.352)	Prec@5 99.219 (99.645)
Epoch: [64][20/391], lr: 0.01000	Loss 0.3033 (0.3543)	Prec@1 89.844 (88.244)	Prec@5 100.000 (99.740)
Epoch: [64][30/391], lr: 0.01000	Loss 0.4307 (0.3671)	Prec@1 89.062 (88.080)	Prec@5 99.219 (99.698)
Epoch: [64][40/391], lr: 0.01000	Loss 0.2620 (0.3540)	Prec@1 89.844 (88.396)	Prec@5 100.000 (99.733)
Epoch: [64][50/391], lr: 0.01000	Loss 0.3178 (0.3454)	Prec@1 89.844 (88.557)	Prec@5 100.000 (99.724)
Epoch: [64][60/391], lr: 0.01000	Loss 0.2280 (0.3385)	Prec@1 94.531 (88.870)	Prec@5 100.000 (99.757)
Epoch: [64][70/391], lr: 0.01000	Loss 0.3813 (0.3420)	Prec@1 88.281 (88.908)	Prec@5 100.000 (99.758)
Epoch: [64][80/391], lr: 0.01000	Loss 0.3283 (0.3448)	Prec@1 87.500 (88.725)	Prec@5 99.219 (99.769)
Epoch: [64][90/391], lr: 0.01000	Loss 0.4367 (0.3459)	Prec@1 87.500 (88.796)	Prec@5 100.000 (99.760)
Epoch: [64][100/391], lr: 0.01000	Loss 0.4720 (0.3471)	Prec@1 82.812 (88.738)	Prec@5 100.000 (99.760)
Epoch: [64][110/391], lr: 0.01000	Loss 0.4051 (0.3525)	Prec@1 88.281 (88.549)	Prec@5 100.000 (99.740)
Epoch: [64][120/391], lr: 0.01000	Loss 0.3013 (0.3545)	Prec@1 85.938 (88.320)	Prec@5 100.000 (99.755)
Epoch: [64][130/391], lr: 0.01000	Loss 0.3579 (0.3556)	Prec@1 89.062 (88.210)	Prec@5 100.000 (99.750)
Epoch: [64][140/391], lr: 0.01000	Loss 0.6461 (0.3575)	Prec@1 78.906 (88.082)	Prec@5 99.219 (99.740)
Epoch: [64][150/391], lr: 0.01000	Loss 0.3688 (0.3588)	Prec@1 85.938 (88.059)	Prec@5 100.000 (99.741)
Epoch: [64][160/391], lr: 0.01000	Loss 0.3143 (0.3563)	Prec@1 89.062 (88.145)	Prec@5 100.000 (99.753)
Epoch: [64][170/391], lr: 0.01000	Loss 0.3264 (0.3561)	Prec@1 88.281 (88.126)	Prec@5 100.000 (99.758)
Epoch: [64][180/391], lr: 0.01000	Loss 0.2988 (0.3564)	Prec@1 90.625 (88.100)	Prec@5 100.000 (99.763)
Epoch: [64][190/391], lr: 0.01000	Loss 0.3612 (0.3581)	Prec@1 86.719 (88.032)	Prec@5 99.219 (99.763)
Epoch: [64][200/391], lr: 0.01000	Loss 0.2828 (0.3588)	Prec@1 88.281 (87.998)	Prec@5 100.000 (99.751)
Epoch: [64][210/391], lr: 0.01000	Loss 0.4335 (0.3612)	Prec@1 85.156 (87.892)	Prec@5 100.000 (99.745)
Epoch: [64][220/391], lr: 0.01000	Loss 0.3134 (0.3619)	Prec@1 92.188 (87.882)	Prec@5 100.000 (99.753)
Epoch: [64][230/391], lr: 0.01000	Loss 0.2831 (0.3639)	Prec@1 89.844 (87.821)	Prec@5 98.438 (99.740)
Epoch: [64][240/391], lr: 0.01000	Loss 0.3593 (0.3637)	Prec@1 86.719 (87.814)	Prec@5 100.000 (99.737)
Epoch: [64][250/391], lr: 0.01000	Loss 0.2736 (0.3625)	Prec@1 90.625 (87.845)	Prec@5 99.219 (99.732)
Epoch: [64][260/391], lr: 0.01000	Loss 0.3803 (0.3615)	Prec@1 88.281 (87.895)	Prec@5 100.000 (99.728)
Epoch: [64][270/391], lr: 0.01000	Loss 0.3401 (0.3615)	Prec@1 89.844 (87.932)	Prec@5 99.219 (99.726)
Epoch: [64][280/391], lr: 0.01000	Loss 0.4390 (0.3628)	Prec@1 87.500 (87.892)	Prec@5 100.000 (99.722)
Epoch: [64][290/391], lr: 0.01000	Loss 0.4098 (0.3632)	Prec@1 90.625 (87.873)	Prec@5 97.656 (99.718)
Epoch: [64][300/391], lr: 0.01000	Loss 0.3858 (0.3632)	Prec@1 89.062 (87.863)	Prec@5 100.000 (99.725)
Epoch: [64][310/391], lr: 0.01000	Loss 0.6293 (0.3660)	Prec@1 82.031 (87.796)	Prec@5 97.656 (99.709)
Epoch: [64][320/391], lr: 0.01000	Loss 0.3995 (0.3656)	Prec@1 85.156 (87.824)	Prec@5 100.000 (99.710)
Epoch: [64][330/391], lr: 0.01000	Loss 0.3560 (0.3654)	Prec@1 87.500 (87.866)	Prec@5 100.000 (99.712)
Epoch: [64][340/391], lr: 0.01000	Loss 0.4430 (0.3648)	Prec@1 80.469 (87.869)	Prec@5 100.000 (99.716)
Epoch: [64][350/391], lr: 0.01000	Loss 0.2882 (0.3642)	Prec@1 89.062 (87.867)	Prec@5 99.219 (99.711)
Epoch: [64][360/391], lr: 0.01000	Loss 0.3392 (0.3652)	Prec@1 88.281 (87.838)	Prec@5 100.000 (99.701)
Epoch: [64][370/391], lr: 0.01000	Loss 0.3005 (0.3644)	Prec@1 91.406 (87.860)	Prec@5 99.219 (99.701)
Epoch: [64][380/391], lr: 0.01000	Loss 0.3206 (0.3640)	Prec@1 84.375 (87.851)	Prec@5 100.000 (99.705)
Epoch: [64][390/391], lr: 0.01000	Loss 0.4265 (0.3643)	Prec@1 83.750 (87.820)	Prec@5 100.000 (99.702)
Epoch [64] Training Results: Prec@1 87.820 Prec@5 99.702             Loss 0.36431
Epoch [64] Training Class Recall: [0.763,0.835,0.811,0.849,0.883,0.898,0.920,0.932,0.941,0.950]

Epoch: [65][0/391], lr: 0.01000	Loss 0.2684 (0.2684)	Prec@1 92.188 (92.188)	Prec@5 99.219 (99.219)
Epoch: [65][10/391], lr: 0.01000	Loss 0.2939 (0.3806)	Prec@1 89.062 (86.648)	Prec@5 100.000 (99.716)
Epoch: [65][20/391], lr: 0.01000	Loss 0.2746 (0.3626)	Prec@1 87.500 (87.574)	Prec@5 100.000 (99.777)
Epoch: [65][30/391], lr: 0.01000	Loss 0.3963 (0.3581)	Prec@1 89.062 (88.155)	Prec@5 100.000 (99.773)
Epoch: [65][40/391], lr: 0.01000	Loss 0.3077 (0.3509)	Prec@1 89.844 (88.396)	Prec@5 100.000 (99.752)
Epoch: [65][50/391], lr: 0.01000	Loss 0.3644 (0.3479)	Prec@1 86.719 (88.695)	Prec@5 99.219 (99.755)
Epoch: [65][60/391], lr: 0.01000	Loss 0.2932 (0.3503)	Prec@1 87.500 (88.409)	Prec@5 100.000 (99.744)
Epoch: [65][70/391], lr: 0.01000	Loss 0.3504 (0.3532)	Prec@1 89.844 (88.402)	Prec@5 100.000 (99.747)
Epoch: [65][80/391], lr: 0.01000	Loss 0.4518 (0.3547)	Prec@1 89.062 (88.407)	Prec@5 100.000 (99.720)
Epoch: [65][90/391], lr: 0.01000	Loss 0.4440 (0.3583)	Prec@1 85.156 (88.187)	Prec@5 99.219 (99.725)
Epoch: [65][100/391], lr: 0.01000	Loss 0.3660 (0.3619)	Prec@1 87.500 (87.964)	Prec@5 99.219 (99.714)
Epoch: [65][110/391], lr: 0.01000	Loss 0.3056 (0.3658)	Prec@1 89.844 (87.831)	Prec@5 100.000 (99.711)
Epoch: [65][120/391], lr: 0.01000	Loss 0.3673 (0.3728)	Prec@1 89.844 (87.558)	Prec@5 99.219 (99.703)
Epoch: [65][130/391], lr: 0.01000	Loss 0.3940 (0.3782)	Prec@1 82.812 (87.303)	Prec@5 99.219 (99.690)
Epoch: [65][140/391], lr: 0.01000	Loss 0.3320 (0.3793)	Prec@1 88.281 (87.356)	Prec@5 99.219 (99.656)
Epoch: [65][150/391], lr: 0.01000	Loss 0.3316 (0.3800)	Prec@1 90.625 (87.345)	Prec@5 98.438 (99.648)
Epoch: [65][160/391], lr: 0.01000	Loss 0.3401 (0.3779)	Prec@1 86.719 (87.422)	Prec@5 100.000 (99.670)
Epoch: [65][170/391], lr: 0.01000	Loss 0.5044 (0.3764)	Prec@1 83.594 (87.477)	Prec@5 98.438 (99.657)
Epoch: [65][180/391], lr: 0.01000	Loss 0.3388 (0.3763)	Prec@1 88.281 (87.483)	Prec@5 99.219 (99.659)
Epoch: [65][190/391], lr: 0.01000	Loss 0.2037 (0.3757)	Prec@1 92.969 (87.529)	Prec@5 100.000 (99.661)
Epoch: [65][200/391], lr: 0.01000	Loss 0.4474 (0.3748)	Prec@1 85.156 (87.531)	Prec@5 100.000 (99.674)
Epoch: [65][210/391], lr: 0.01000	Loss 0.3952 (0.3739)	Prec@1 86.719 (87.544)	Prec@5 100.000 (99.670)
Epoch: [65][220/391], lr: 0.01000	Loss 0.3944 (0.3746)	Prec@1 86.719 (87.482)	Prec@5 100.000 (99.685)
Epoch: [65][230/391], lr: 0.01000	Loss 0.4259 (0.3754)	Prec@1 83.594 (87.463)	Prec@5 99.219 (99.679)
Epoch: [65][240/391], lr: 0.01000	Loss 0.5864 (0.3768)	Prec@1 75.781 (87.419)	Prec@5 100.000 (99.679)
Epoch: [65][250/391], lr: 0.01000	Loss 0.4168 (0.3766)	Prec@1 85.156 (87.382)	Prec@5 99.219 (99.673)
Epoch: [65][260/391], lr: 0.01000	Loss 0.4317 (0.3750)	Prec@1 83.594 (87.410)	Prec@5 99.219 (99.677)
Epoch: [65][270/391], lr: 0.01000	Loss 0.3899 (0.3749)	Prec@1 87.500 (87.373)	Prec@5 98.438 (99.683)
Epoch: [65][280/391], lr: 0.01000	Loss 0.2652 (0.3744)	Prec@1 88.281 (87.367)	Prec@5 100.000 (99.677)
Epoch: [65][290/391], lr: 0.01000	Loss 0.4064 (0.3758)	Prec@1 82.812 (87.331)	Prec@5 100.000 (99.675)
Epoch: [65][300/391], lr: 0.01000	Loss 0.3556 (0.3758)	Prec@1 88.281 (87.336)	Prec@5 99.219 (99.668)
Epoch: [65][310/391], lr: 0.01000	Loss 0.4364 (0.3754)	Prec@1 84.375 (87.324)	Prec@5 99.219 (99.666)
Epoch: [65][320/391], lr: 0.01000	Loss 0.3880 (0.3732)	Prec@1 87.500 (87.408)	Prec@5 100.000 (99.671)
Epoch: [65][330/391], lr: 0.01000	Loss 0.4775 (0.3719)	Prec@1 84.375 (87.443)	Prec@5 99.219 (99.677)
Epoch: [65][340/391], lr: 0.01000	Loss 0.3933 (0.3726)	Prec@1 85.938 (87.415)	Prec@5 100.000 (99.668)
Epoch: [65][350/391], lr: 0.01000	Loss 0.3576 (0.3729)	Prec@1 87.500 (87.395)	Prec@5 100.000 (99.666)
Epoch: [65][360/391], lr: 0.01000	Loss 0.4727 (0.3736)	Prec@1 85.156 (87.372)	Prec@5 98.438 (99.665)
Epoch: [65][370/391], lr: 0.01000	Loss 0.4957 (0.3759)	Prec@1 82.812 (87.317)	Prec@5 100.000 (99.665)
Epoch: [65][380/391], lr: 0.01000	Loss 0.4171 (0.3764)	Prec@1 86.719 (87.299)	Prec@5 100.000 (99.662)
Epoch: [65][390/391], lr: 0.01000	Loss 0.3580 (0.3772)	Prec@1 92.500 (87.300)	Prec@5 100.000 (99.652)
Epoch [65] Training Results: Prec@1 87.300 Prec@5 99.652             Loss 0.37724
Epoch [65] Training Class Recall: [0.754,0.825,0.807,0.843,0.889,0.894,0.920,0.923,0.934,0.941]

Epoch: [66][0/391], lr: 0.01000	Loss 0.4406 (0.4406)	Prec@1 83.594 (83.594)	Prec@5 100.000 (100.000)
Epoch: [66][10/391], lr: 0.01000	Loss 0.4153 (0.3745)	Prec@1 85.156 (87.571)	Prec@5 99.219 (99.858)
Epoch: [66][20/391], lr: 0.01000	Loss 0.2953 (0.3761)	Prec@1 89.062 (87.165)	Prec@5 100.000 (99.740)
Epoch: [66][30/391], lr: 0.01000	Loss 0.4286 (0.3685)	Prec@1 85.156 (87.525)	Prec@5 99.219 (99.748)
Epoch: [66][40/391], lr: 0.01000	Loss 0.4123 (0.3726)	Prec@1 89.062 (87.710)	Prec@5 99.219 (99.695)
Epoch: [66][50/391], lr: 0.01000	Loss 0.4011 (0.3731)	Prec@1 87.500 (87.776)	Prec@5 99.219 (99.694)
Epoch: [66][60/391], lr: 0.01000	Loss 0.3866 (0.3653)	Prec@1 87.500 (87.999)	Prec@5 98.438 (99.654)
Epoch: [66][70/391], lr: 0.01000	Loss 0.3672 (0.3651)	Prec@1 86.719 (87.973)	Prec@5 100.000 (99.692)
Epoch: [66][80/391], lr: 0.01000	Loss 0.5762 (0.3650)	Prec@1 81.250 (88.011)	Prec@5 100.000 (99.691)
Epoch: [66][90/391], lr: 0.01000	Loss 0.2890 (0.3638)	Prec@1 92.188 (88.049)	Prec@5 100.000 (99.691)
Epoch: [66][100/391], lr: 0.01000	Loss 0.5175 (0.3658)	Prec@1 85.156 (87.925)	Prec@5 98.438 (99.691)
Epoch: [66][110/391], lr: 0.01000	Loss 0.3410 (0.3674)	Prec@1 90.625 (87.922)	Prec@5 99.219 (99.697)
Epoch: [66][120/391], lr: 0.01000	Loss 0.2729 (0.3649)	Prec@1 92.188 (87.900)	Prec@5 99.219 (99.703)
Epoch: [66][130/391], lr: 0.01000	Loss 0.5125 (0.3676)	Prec@1 85.156 (87.888)	Prec@5 98.438 (99.696)
Epoch: [66][140/391], lr: 0.01000	Loss 0.3193 (0.3686)	Prec@1 87.500 (87.827)	Prec@5 100.000 (99.701)
Epoch: [66][150/391], lr: 0.01000	Loss 0.2704 (0.3657)	Prec@1 90.625 (87.940)	Prec@5 100.000 (99.700)
Epoch: [66][160/391], lr: 0.01000	Loss 0.4283 (0.3665)	Prec@1 83.594 (87.942)	Prec@5 100.000 (99.699)
Epoch: [66][170/391], lr: 0.01000	Loss 0.4724 (0.3692)	Prec@1 87.500 (87.811)	Prec@5 98.438 (99.694)
Epoch: [66][180/391], lr: 0.01000	Loss 0.4090 (0.3690)	Prec@1 89.844 (87.781)	Prec@5 99.219 (99.694)
Epoch: [66][190/391], lr: 0.01000	Loss 0.3615 (0.3699)	Prec@1 87.500 (87.778)	Prec@5 100.000 (99.689)
Epoch: [66][200/391], lr: 0.01000	Loss 0.3566 (0.3713)	Prec@1 88.281 (87.679)	Prec@5 100.000 (99.681)
Epoch: [66][210/391], lr: 0.01000	Loss 0.4554 (0.3725)	Prec@1 82.812 (87.559)	Prec@5 100.000 (99.685)
Epoch: [66][220/391], lr: 0.01000	Loss 0.3317 (0.3729)	Prec@1 92.188 (87.571)	Prec@5 100.000 (99.692)
Epoch: [66][230/391], lr: 0.01000	Loss 0.2507 (0.3724)	Prec@1 91.406 (87.635)	Prec@5 100.000 (99.682)
Epoch: [66][240/391], lr: 0.01000	Loss 0.2786 (0.3720)	Prec@1 90.625 (87.662)	Prec@5 100.000 (99.676)
Epoch: [66][250/391], lr: 0.01000	Loss 0.4081 (0.3736)	Prec@1 85.156 (87.600)	Prec@5 98.438 (99.664)
Epoch: [66][260/391], lr: 0.01000	Loss 0.2907 (0.3730)	Prec@1 90.625 (87.614)	Prec@5 100.000 (99.665)
Epoch: [66][270/391], lr: 0.01000	Loss 0.4588 (0.3728)	Prec@1 82.031 (87.650)	Prec@5 100.000 (99.666)
Epoch: [66][280/391], lr: 0.01000	Loss 0.3841 (0.3736)	Prec@1 86.719 (87.628)	Prec@5 100.000 (99.669)
Epoch: [66][290/391], lr: 0.01000	Loss 0.3547 (0.3763)	Prec@1 87.500 (87.519)	Prec@5 100.000 (99.672)
Epoch: [66][300/391], lr: 0.01000	Loss 0.2440 (0.3766)	Prec@1 91.406 (87.479)	Prec@5 100.000 (99.673)
Epoch: [66][310/391], lr: 0.01000	Loss 0.3591 (0.3772)	Prec@1 84.375 (87.432)	Prec@5 100.000 (99.676)
Epoch: [66][320/391], lr: 0.01000	Loss 0.3118 (0.3763)	Prec@1 88.281 (87.454)	Prec@5 100.000 (99.679)
Epoch: [66][330/391], lr: 0.01000	Loss 0.3953 (0.3744)	Prec@1 89.062 (87.528)	Prec@5 99.219 (99.684)
Epoch: [66][340/391], lr: 0.01000	Loss 0.3969 (0.3731)	Prec@1 90.625 (87.578)	Prec@5 99.219 (99.682)
Epoch: [66][350/391], lr: 0.01000	Loss 0.3742 (0.3731)	Prec@1 90.625 (87.593)	Prec@5 100.000 (99.682)
Epoch: [66][360/391], lr: 0.01000	Loss 0.3541 (0.3734)	Prec@1 87.500 (87.574)	Prec@5 99.219 (99.678)
Epoch: [66][370/391], lr: 0.01000	Loss 0.4225 (0.3740)	Prec@1 85.156 (87.534)	Prec@5 98.438 (99.676)
Epoch: [66][380/391], lr: 0.01000	Loss 0.2594 (0.3733)	Prec@1 89.062 (87.533)	Prec@5 100.000 (99.682)
Epoch: [66][390/391], lr: 0.01000	Loss 0.2904 (0.3730)	Prec@1 90.000 (87.552)	Prec@5 98.750 (99.676)
Epoch [66] Training Results: Prec@1 87.552 Prec@5 99.676             Loss 0.37299
Epoch [66] Training Class Recall: [0.765,0.826,0.810,0.850,0.886,0.901,0.918,0.921,0.934,0.943]

Epoch: [67][0/391], lr: 0.01000	Loss 0.4075 (0.4075)	Prec@1 87.500 (87.500)	Prec@5 99.219 (99.219)
Epoch: [67][10/391], lr: 0.01000	Loss 0.3565 (0.3294)	Prec@1 86.719 (88.636)	Prec@5 100.000 (99.787)
Epoch: [67][20/391], lr: 0.01000	Loss 0.2144 (0.3314)	Prec@1 93.750 (88.728)	Prec@5 100.000 (99.777)
Epoch: [67][30/391], lr: 0.01000	Loss 0.4206 (0.3284)	Prec@1 85.938 (88.735)	Prec@5 99.219 (99.723)
Epoch: [67][40/391], lr: 0.01000	Loss 0.1735 (0.3255)	Prec@1 95.312 (88.910)	Prec@5 99.219 (99.733)
Epoch: [67][50/391], lr: 0.01000	Loss 0.5075 (0.3290)	Prec@1 86.719 (89.017)	Prec@5 99.219 (99.755)
Epoch: [67][60/391], lr: 0.01000	Loss 0.3464 (0.3306)	Prec@1 86.719 (88.998)	Prec@5 100.000 (99.769)
Epoch: [67][70/391], lr: 0.01000	Loss 0.2892 (0.3326)	Prec@1 89.062 (88.809)	Prec@5 99.219 (99.780)
Epoch: [67][80/391], lr: 0.01000	Loss 0.3456 (0.3331)	Prec@1 88.281 (88.696)	Prec@5 100.000 (99.788)
Epoch: [67][90/391], lr: 0.01000	Loss 0.4997 (0.3302)	Prec@1 84.375 (88.822)	Prec@5 100.000 (99.785)
Epoch: [67][100/391], lr: 0.01000	Loss 0.2777 (0.3290)	Prec@1 89.844 (88.838)	Prec@5 99.219 (99.776)
Epoch: [67][110/391], lr: 0.01000	Loss 0.2887 (0.3262)	Prec@1 89.844 (88.971)	Prec@5 100.000 (99.775)
Epoch: [67][120/391], lr: 0.01000	Loss 0.3261 (0.3278)	Prec@1 89.062 (88.953)	Prec@5 100.000 (99.787)
Epoch: [67][130/391], lr: 0.01000	Loss 0.4430 (0.3312)	Prec@1 87.500 (88.836)	Prec@5 98.438 (99.755)
Epoch: [67][140/391], lr: 0.01000	Loss 0.2599 (0.3347)	Prec@1 89.062 (88.774)	Prec@5 100.000 (99.740)
Epoch: [67][150/391], lr: 0.01000	Loss 0.3433 (0.3363)	Prec@1 89.844 (88.804)	Prec@5 100.000 (99.746)
Epoch: [67][160/391], lr: 0.01000	Loss 0.5423 (0.3412)	Prec@1 81.250 (88.626)	Prec@5 99.219 (99.738)
Epoch: [67][170/391], lr: 0.01000	Loss 0.4064 (0.3431)	Prec@1 85.938 (88.469)	Prec@5 100.000 (99.749)
Epoch: [67][180/391], lr: 0.01000	Loss 0.4749 (0.3482)	Prec@1 83.594 (88.290)	Prec@5 99.219 (99.741)
Epoch: [67][190/391], lr: 0.01000	Loss 0.4441 (0.3528)	Prec@1 86.719 (88.183)	Prec@5 99.219 (99.722)
Epoch: [67][200/391], lr: 0.01000	Loss 0.3379 (0.3555)	Prec@1 89.062 (88.095)	Prec@5 100.000 (99.724)
Epoch: [67][210/391], lr: 0.01000	Loss 0.5646 (0.3609)	Prec@1 81.250 (87.915)	Prec@5 99.219 (99.704)
Epoch: [67][220/391], lr: 0.01000	Loss 0.5253 (0.3643)	Prec@1 82.031 (87.793)	Prec@5 99.219 (99.685)
Epoch: [67][230/391], lr: 0.01000	Loss 0.3193 (0.3683)	Prec@1 88.281 (87.676)	Prec@5 100.000 (99.689)
Epoch: [67][240/391], lr: 0.01000	Loss 0.3269 (0.3686)	Prec@1 89.844 (87.659)	Prec@5 100.000 (99.692)
Epoch: [67][250/391], lr: 0.01000	Loss 0.5035 (0.3700)	Prec@1 82.031 (87.631)	Prec@5 99.219 (99.683)
Epoch: [67][260/391], lr: 0.01000	Loss 0.2699 (0.3688)	Prec@1 89.844 (87.689)	Prec@5 100.000 (99.686)
Epoch: [67][270/391], lr: 0.01000	Loss 0.2979 (0.3676)	Prec@1 89.844 (87.757)	Prec@5 100.000 (99.694)
Epoch: [67][280/391], lr: 0.01000	Loss 0.2992 (0.3649)	Prec@1 87.500 (87.831)	Prec@5 100.000 (99.689)
Epoch: [67][290/391], lr: 0.01000	Loss 0.2922 (0.3632)	Prec@1 92.188 (87.924)	Prec@5 100.000 (99.697)
Epoch: [67][300/391], lr: 0.01000	Loss 0.4654 (0.3629)	Prec@1 86.719 (87.939)	Prec@5 100.000 (99.696)
Epoch: [67][310/391], lr: 0.01000	Loss 0.5158 (0.3641)	Prec@1 82.812 (87.884)	Prec@5 100.000 (99.694)
Epoch: [67][320/391], lr: 0.01000	Loss 0.5647 (0.3664)	Prec@1 81.250 (87.780)	Prec@5 98.438 (99.684)
Epoch: [67][330/391], lr: 0.01000	Loss 0.4158 (0.3663)	Prec@1 85.938 (87.793)	Prec@5 100.000 (99.688)
Epoch: [67][340/391], lr: 0.01000	Loss 0.4420 (0.3681)	Prec@1 87.500 (87.761)	Prec@5 98.438 (99.675)
Epoch: [67][350/391], lr: 0.01000	Loss 0.3294 (0.3677)	Prec@1 92.188 (87.805)	Prec@5 100.000 (99.677)
Epoch: [67][360/391], lr: 0.01000	Loss 0.3123 (0.3661)	Prec@1 84.375 (87.851)	Prec@5 100.000 (99.678)
Epoch: [67][370/391], lr: 0.01000	Loss 0.4152 (0.3662)	Prec@1 85.938 (87.826)	Prec@5 100.000 (99.678)
Epoch: [67][380/391], lr: 0.01000	Loss 0.4202 (0.3670)	Prec@1 84.375 (87.799)	Prec@5 99.219 (99.676)
Epoch: [67][390/391], lr: 0.01000	Loss 0.2366 (0.3664)	Prec@1 90.000 (87.822)	Prec@5 100.000 (99.676)
Epoch [67] Training Results: Prec@1 87.822 Prec@5 99.676             Loss 0.36645
Epoch [67] Training Class Recall: [0.768,0.831,0.811,0.851,0.890,0.903,0.924,0.920,0.941,0.943]

Epoch: [68][0/391], lr: 0.01000	Loss 0.2652 (0.2652)	Prec@1 92.969 (92.969)	Prec@5 100.000 (100.000)
Epoch: [68][10/391], lr: 0.01000	Loss 0.2801 (0.3557)	Prec@1 91.406 (88.991)	Prec@5 100.000 (99.645)
Epoch: [68][20/391], lr: 0.01000	Loss 0.2776 (0.3502)	Prec@1 90.625 (88.430)	Prec@5 100.000 (99.740)
Epoch: [68][30/391], lr: 0.01000	Loss 0.4783 (0.3536)	Prec@1 85.156 (88.483)	Prec@5 97.656 (99.698)
Epoch: [68][40/391], lr: 0.01000	Loss 0.4314 (0.3623)	Prec@1 85.938 (87.995)	Prec@5 100.000 (99.695)
Epoch: [68][50/391], lr: 0.01000	Loss 0.3819 (0.3615)	Prec@1 89.062 (87.944)	Prec@5 98.438 (99.678)
Epoch: [68][60/391], lr: 0.01000	Loss 0.2529 (0.3677)	Prec@1 89.062 (87.641)	Prec@5 100.000 (99.667)
Epoch: [68][70/391], lr: 0.01000	Loss 0.3652 (0.3682)	Prec@1 88.281 (87.621)	Prec@5 99.219 (99.681)
Epoch: [68][80/391], lr: 0.01000	Loss 0.2260 (0.3613)	Prec@1 92.969 (87.780)	Prec@5 100.000 (99.691)
Epoch: [68][90/391], lr: 0.01000	Loss 0.2923 (0.3592)	Prec@1 89.844 (87.895)	Prec@5 100.000 (99.682)
Epoch: [68][100/391], lr: 0.01000	Loss 0.3377 (0.3567)	Prec@1 85.938 (87.933)	Prec@5 100.000 (99.698)
Epoch: [68][110/391], lr: 0.01000	Loss 0.3083 (0.3539)	Prec@1 89.062 (88.000)	Prec@5 100.000 (99.690)
Epoch: [68][120/391], lr: 0.01000	Loss 0.2288 (0.3506)	Prec@1 92.188 (88.029)	Prec@5 100.000 (99.703)
Epoch: [68][130/391], lr: 0.01000	Loss 0.4656 (0.3535)	Prec@1 82.812 (87.965)	Prec@5 100.000 (99.672)
Epoch: [68][140/391], lr: 0.01000	Loss 0.3584 (0.3560)	Prec@1 88.281 (87.932)	Prec@5 100.000 (99.651)
Epoch: [68][150/391], lr: 0.01000	Loss 0.3534 (0.3592)	Prec@1 87.500 (87.862)	Prec@5 100.000 (99.674)
Epoch: [68][160/391], lr: 0.01000	Loss 0.4343 (0.3636)	Prec@1 85.938 (87.733)	Prec@5 99.219 (99.646)
Epoch: [68][170/391], lr: 0.01000	Loss 0.3029 (0.3657)	Prec@1 90.625 (87.651)	Prec@5 100.000 (99.639)
Epoch: [68][180/391], lr: 0.01000	Loss 0.3017 (0.3682)	Prec@1 89.844 (87.586)	Prec@5 100.000 (99.642)
Epoch: [68][190/391], lr: 0.01000	Loss 0.3923 (0.3691)	Prec@1 85.938 (87.553)	Prec@5 99.219 (99.636)
Epoch: [68][200/391], lr: 0.01000	Loss 0.4464 (0.3690)	Prec@1 85.156 (87.566)	Prec@5 99.219 (99.635)
Epoch: [68][210/391], lr: 0.01000	Loss 0.3508 (0.3686)	Prec@1 91.406 (87.589)	Prec@5 100.000 (99.645)
Epoch: [68][220/391], lr: 0.01000	Loss 0.4269 (0.3695)	Prec@1 82.812 (87.560)	Prec@5 99.219 (99.654)
Epoch: [68][230/391], lr: 0.01000	Loss 0.3808 (0.3682)	Prec@1 85.938 (87.632)	Prec@5 99.219 (99.648)
Epoch: [68][240/391], lr: 0.01000	Loss 0.3085 (0.3671)	Prec@1 89.062 (87.669)	Prec@5 100.000 (99.656)
Epoch: [68][250/391], lr: 0.01000	Loss 0.4052 (0.3688)	Prec@1 85.156 (87.634)	Prec@5 99.219 (99.651)
Epoch: [68][260/391], lr: 0.01000	Loss 0.4651 (0.3693)	Prec@1 81.250 (87.635)	Prec@5 99.219 (99.641)
Epoch: [68][270/391], lr: 0.01000	Loss 0.3338 (0.3703)	Prec@1 85.938 (87.561)	Prec@5 100.000 (99.645)
Epoch: [68][280/391], lr: 0.01000	Loss 0.4538 (0.3702)	Prec@1 81.250 (87.558)	Prec@5 100.000 (99.655)
Epoch: [68][290/391], lr: 0.01000	Loss 0.3863 (0.3707)	Prec@1 84.375 (87.500)	Prec@5 99.219 (99.651)
Epoch: [68][300/391], lr: 0.01000	Loss 0.3461 (0.3708)	Prec@1 89.062 (87.456)	Prec@5 100.000 (99.652)
Epoch: [68][310/391], lr: 0.01000	Loss 0.3594 (0.3718)	Prec@1 89.062 (87.397)	Prec@5 99.219 (99.653)
Epoch: [68][320/391], lr: 0.01000	Loss 0.3913 (0.3708)	Prec@1 86.719 (87.415)	Prec@5 100.000 (99.654)
Epoch: [68][330/391], lr: 0.01000	Loss 0.4065 (0.3710)	Prec@1 84.375 (87.417)	Prec@5 100.000 (99.651)
Epoch: [68][340/391], lr: 0.01000	Loss 0.3702 (0.3709)	Prec@1 88.281 (87.399)	Prec@5 99.219 (99.652)
Epoch: [68][350/391], lr: 0.01000	Loss 0.2665 (0.3714)	Prec@1 93.750 (87.389)	Prec@5 100.000 (99.653)
Epoch: [68][360/391], lr: 0.01000	Loss 0.4274 (0.3717)	Prec@1 85.156 (87.374)	Prec@5 99.219 (99.652)
Epoch: [68][370/391], lr: 0.01000	Loss 0.4820 (0.3725)	Prec@1 82.031 (87.367)	Prec@5 99.219 (99.653)
Epoch: [68][380/391], lr: 0.01000	Loss 0.2580 (0.3733)	Prec@1 90.625 (87.365)	Prec@5 100.000 (99.647)
Epoch: [68][390/391], lr: 0.01000	Loss 0.2565 (0.3734)	Prec@1 91.250 (87.346)	Prec@5 100.000 (99.652)
Epoch [68] Training Results: Prec@1 87.346 Prec@5 99.652             Loss 0.37340
Epoch [68] Training Class Recall: [0.758,0.829,0.807,0.846,0.893,0.895,0.913,0.916,0.938,0.940]

Epoch: [69][0/391], lr: 0.01000	Loss 0.2578 (0.2578)	Prec@1 91.406 (91.406)	Prec@5 100.000 (100.000)
Epoch: [69][10/391], lr: 0.01000	Loss 0.3428 (0.3752)	Prec@1 89.062 (88.068)	Prec@5 100.000 (99.716)
Epoch: [69][20/391], lr: 0.01000	Loss 0.3381 (0.3625)	Prec@1 89.844 (88.058)	Prec@5 100.000 (99.777)
Epoch: [69][30/391], lr: 0.01000	Loss 0.3509 (0.3610)	Prec@1 84.375 (88.029)	Prec@5 100.000 (99.824)
Epoch: [69][40/391], lr: 0.01000	Loss 0.3865 (0.3549)	Prec@1 85.938 (88.186)	Prec@5 100.000 (99.828)
Epoch: [69][50/391], lr: 0.01000	Loss 0.4551 (0.3627)	Prec@1 84.375 (87.990)	Prec@5 99.219 (99.740)
Epoch: [69][60/391], lr: 0.01000	Loss 0.3593 (0.3656)	Prec@1 87.500 (87.923)	Prec@5 99.219 (99.693)
Epoch: [69][70/391], lr: 0.01000	Loss 0.2816 (0.3661)	Prec@1 88.281 (87.962)	Prec@5 100.000 (99.692)
Epoch: [69][80/391], lr: 0.01000	Loss 0.3179 (0.3642)	Prec@1 88.281 (88.011)	Prec@5 100.000 (99.672)
Epoch: [69][90/391], lr: 0.01000	Loss 0.2459 (0.3667)	Prec@1 92.969 (87.852)	Prec@5 100.000 (99.700)
Epoch: [69][100/391], lr: 0.01000	Loss 0.3924 (0.3687)	Prec@1 87.500 (87.717)	Prec@5 98.438 (99.691)
Epoch: [69][110/391], lr: 0.01000	Loss 0.3776 (0.3707)	Prec@1 86.719 (87.732)	Prec@5 98.438 (99.634)
Epoch: [69][120/391], lr: 0.01000	Loss 0.2696 (0.3746)	Prec@1 92.969 (87.687)	Prec@5 100.000 (99.638)
Epoch: [69][130/391], lr: 0.01000	Loss 0.3411 (0.3754)	Prec@1 86.719 (87.625)	Prec@5 100.000 (99.630)
Epoch: [69][140/391], lr: 0.01000	Loss 0.3903 (0.3775)	Prec@1 87.500 (87.589)	Prec@5 99.219 (99.607)
Epoch: [69][150/391], lr: 0.01000	Loss 0.2840 (0.3771)	Prec@1 89.844 (87.505)	Prec@5 99.219 (99.612)
Epoch: [69][160/391], lr: 0.01000	Loss 0.3120 (0.3751)	Prec@1 88.281 (87.602)	Prec@5 100.000 (99.622)
Epoch: [69][170/391], lr: 0.01000	Loss 0.2841 (0.3734)	Prec@1 89.062 (87.587)	Prec@5 100.000 (99.635)
Epoch: [69][180/391], lr: 0.01000	Loss 0.5372 (0.3727)	Prec@1 79.688 (87.578)	Prec@5 98.438 (99.616)
Epoch: [69][190/391], lr: 0.01000	Loss 0.3021 (0.3696)	Prec@1 90.625 (87.705)	Prec@5 100.000 (99.611)
Epoch: [69][200/391], lr: 0.01000	Loss 0.3314 (0.3677)	Prec@1 89.062 (87.753)	Prec@5 100.000 (99.619)
Epoch: [69][210/391], lr: 0.01000	Loss 0.2359 (0.3661)	Prec@1 89.844 (87.789)	Prec@5 100.000 (99.622)
Epoch: [69][220/391], lr: 0.01000	Loss 0.1687 (0.3640)	Prec@1 92.969 (87.868)	Prec@5 100.000 (99.636)
Epoch: [69][230/391], lr: 0.01000	Loss 0.4930 (0.3644)	Prec@1 85.156 (87.875)	Prec@5 100.000 (99.645)
Epoch: [69][240/391], lr: 0.01000	Loss 0.3824 (0.3643)	Prec@1 85.156 (87.831)	Prec@5 100.000 (99.640)
Epoch: [69][250/391], lr: 0.01000	Loss 0.3177 (0.3632)	Prec@1 89.062 (87.839)	Prec@5 100.000 (99.651)
Epoch: [69][260/391], lr: 0.01000	Loss 0.3431 (0.3627)	Prec@1 87.500 (87.868)	Prec@5 100.000 (99.659)
Epoch: [69][270/391], lr: 0.01000	Loss 0.3462 (0.3631)	Prec@1 85.938 (87.866)	Prec@5 100.000 (99.660)
Epoch: [69][280/391], lr: 0.01000	Loss 0.2996 (0.3634)	Prec@1 90.625 (87.867)	Prec@5 100.000 (99.655)
Epoch: [69][290/391], lr: 0.01000	Loss 0.4565 (0.3650)	Prec@1 84.375 (87.844)	Prec@5 100.000 (99.659)
Epoch: [69][300/391], lr: 0.01000	Loss 0.4718 (0.3663)	Prec@1 82.812 (87.806)	Prec@5 100.000 (99.660)
Epoch: [69][310/391], lr: 0.01000	Loss 0.6125 (0.3677)	Prec@1 80.469 (87.811)	Prec@5 98.438 (99.651)
Epoch: [69][320/391], lr: 0.01000	Loss 0.4772 (0.3691)	Prec@1 84.375 (87.741)	Prec@5 98.438 (99.650)
Epoch: [69][330/391], lr: 0.01000	Loss 0.3133 (0.3691)	Prec@1 87.500 (87.727)	Prec@5 100.000 (99.641)
Epoch: [69][340/391], lr: 0.01000	Loss 0.4137 (0.3704)	Prec@1 85.156 (87.699)	Prec@5 100.000 (99.640)
Epoch: [69][350/391], lr: 0.01000	Loss 0.3763 (0.3696)	Prec@1 88.281 (87.731)	Prec@5 100.000 (99.642)
Epoch: [69][360/391], lr: 0.01000	Loss 0.2944 (0.3698)	Prec@1 88.281 (87.745)	Prec@5 100.000 (99.641)
Epoch: [69][370/391], lr: 0.01000	Loss 0.4208 (0.3680)	Prec@1 84.375 (87.818)	Prec@5 100.000 (99.648)
Epoch: [69][380/391], lr: 0.01000	Loss 0.4023 (0.3676)	Prec@1 85.938 (87.828)	Prec@5 99.219 (99.651)
Epoch: [69][390/391], lr: 0.01000	Loss 0.5986 (0.3671)	Prec@1 82.500 (87.860)	Prec@5 100.000 (99.652)
Epoch [69] Training Results: Prec@1 87.860 Prec@5 99.652             Loss 0.36710
Epoch [69] Training Class Recall: [0.763,0.830,0.806,0.853,0.892,0.914,0.921,0.925,0.941,0.941]

Epoch: [70][0/391], lr: 0.01000	Loss 0.2559 (0.2559)	Prec@1 91.406 (91.406)	Prec@5 100.000 (100.000)
Epoch: [70][10/391], lr: 0.01000	Loss 0.4262 (0.3341)	Prec@1 85.156 (89.062)	Prec@5 99.219 (99.858)
Epoch: [70][20/391], lr: 0.01000	Loss 0.3148 (0.3273)	Prec@1 90.625 (88.765)	Prec@5 100.000 (99.777)
Epoch: [70][30/391], lr: 0.01000	Loss 0.4352 (0.3399)	Prec@1 85.938 (88.911)	Prec@5 99.219 (99.773)
Epoch: [70][40/391], lr: 0.01000	Loss 0.3063 (0.3497)	Prec@1 87.500 (88.586)	Prec@5 100.000 (99.695)
Epoch: [70][50/391], lr: 0.01000	Loss 0.2972 (0.3487)	Prec@1 92.188 (88.664)	Prec@5 100.000 (99.648)
Epoch: [70][60/391], lr: 0.01000	Loss 0.4437 (0.3546)	Prec@1 85.938 (88.486)	Prec@5 99.219 (99.641)
Epoch: [70][70/391], lr: 0.01000	Loss 0.2612 (0.3531)	Prec@1 89.062 (88.523)	Prec@5 100.000 (99.681)
Epoch: [70][80/391], lr: 0.01000	Loss 0.3938 (0.3597)	Prec@1 86.719 (88.301)	Prec@5 100.000 (99.682)
Epoch: [70][90/391], lr: 0.01000	Loss 0.4787 (0.3635)	Prec@1 84.375 (88.178)	Prec@5 99.219 (99.665)
Epoch: [70][100/391], lr: 0.01000	Loss 0.5158 (0.3661)	Prec@1 81.250 (88.049)	Prec@5 99.219 (99.667)
Epoch: [70][110/391], lr: 0.01000	Loss 0.4147 (0.3677)	Prec@1 82.812 (87.993)	Prec@5 99.219 (99.669)
Epoch: [70][120/391], lr: 0.01000	Loss 0.2803 (0.3690)	Prec@1 89.062 (87.913)	Prec@5 100.000 (99.664)
Epoch: [70][130/391], lr: 0.01000	Loss 0.3404 (0.3687)	Prec@1 89.062 (87.906)	Prec@5 99.219 (99.654)
Epoch: [70][140/391], lr: 0.01000	Loss 0.1911 (0.3656)	Prec@1 94.531 (88.026)	Prec@5 100.000 (99.656)
Epoch: [70][150/391], lr: 0.01000	Loss 0.4677 (0.3636)	Prec@1 84.375 (88.064)	Prec@5 99.219 (99.664)
Epoch: [70][160/391], lr: 0.01000	Loss 0.3278 (0.3680)	Prec@1 89.062 (87.922)	Prec@5 100.000 (99.641)
Epoch: [70][170/391], lr: 0.01000	Loss 0.4595 (0.3671)	Prec@1 85.938 (87.993)	Prec@5 99.219 (99.639)
Epoch: [70][180/391], lr: 0.01000	Loss 0.4132 (0.3635)	Prec@1 85.156 (88.087)	Prec@5 98.438 (99.646)
Epoch: [70][190/391], lr: 0.01000	Loss 0.3603 (0.3628)	Prec@1 85.938 (88.077)	Prec@5 100.000 (99.648)
Epoch: [70][200/391], lr: 0.01000	Loss 0.2260 (0.3633)	Prec@1 91.406 (88.040)	Prec@5 100.000 (99.650)
Epoch: [70][210/391], lr: 0.01000	Loss 0.4174 (0.3645)	Prec@1 88.281 (88.037)	Prec@5 100.000 (99.648)
Epoch: [70][220/391], lr: 0.01000	Loss 0.5944 (0.3665)	Prec@1 84.375 (87.974)	Prec@5 98.438 (99.646)
Epoch: [70][230/391], lr: 0.01000	Loss 0.3121 (0.3685)	Prec@1 88.281 (87.889)	Prec@5 100.000 (99.642)
Epoch: [70][240/391], lr: 0.01000	Loss 0.3719 (0.3698)	Prec@1 85.156 (87.844)	Prec@5 100.000 (99.643)
Epoch: [70][250/391], lr: 0.01000	Loss 0.4727 (0.3696)	Prec@1 85.156 (87.858)	Prec@5 99.219 (99.642)
Epoch: [70][260/391], lr: 0.01000	Loss 0.3605 (0.3706)	Prec@1 87.500 (87.823)	Prec@5 99.219 (99.635)
Epoch: [70][270/391], lr: 0.01000	Loss 0.3702 (0.3711)	Prec@1 89.062 (87.771)	Prec@5 100.000 (99.648)
Epoch: [70][280/391], lr: 0.01000	Loss 0.3968 (0.3728)	Prec@1 85.938 (87.675)	Prec@5 100.000 (99.658)
Epoch: [70][290/391], lr: 0.01000	Loss 0.4247 (0.3730)	Prec@1 85.938 (87.664)	Prec@5 100.000 (99.656)
Epoch: [70][300/391], lr: 0.01000	Loss 0.3873 (0.3751)	Prec@1 85.938 (87.583)	Prec@5 99.219 (99.652)
Epoch: [70][310/391], lr: 0.01000	Loss 0.3453 (0.3748)	Prec@1 88.281 (87.606)	Prec@5 99.219 (99.653)
Epoch: [70][320/391], lr: 0.01000	Loss 0.2831 (0.3754)	Prec@1 89.844 (87.573)	Prec@5 100.000 (99.654)
Epoch: [70][330/391], lr: 0.01000	Loss 0.3619 (0.3755)	Prec@1 85.938 (87.571)	Prec@5 99.219 (99.648)
Epoch: [70][340/391], lr: 0.01000	Loss 0.4362 (0.3758)	Prec@1 86.719 (87.566)	Prec@5 100.000 (99.656)
Epoch: [70][350/391], lr: 0.01000	Loss 0.2326 (0.3743)	Prec@1 90.625 (87.611)	Prec@5 100.000 (99.664)
Epoch: [70][360/391], lr: 0.01000	Loss 0.3428 (0.3742)	Prec@1 86.719 (87.595)	Prec@5 100.000 (99.671)
Epoch: [70][370/391], lr: 0.01000	Loss 0.4426 (0.3749)	Prec@1 85.156 (87.563)	Prec@5 99.219 (99.669)
Epoch: [70][380/391], lr: 0.01000	Loss 0.3741 (0.3750)	Prec@1 86.719 (87.549)	Prec@5 98.438 (99.672)
Epoch: [70][390/391], lr: 0.01000	Loss 0.4714 (0.3753)	Prec@1 87.500 (87.540)	Prec@5 100.000 (99.676)
Epoch [70] Training Results: Prec@1 87.540 Prec@5 99.676             Loss 0.37535
Epoch [70] Training Class Recall: [0.767,0.831,0.813,0.848,0.882,0.895,0.922,0.920,0.931,0.946]

Epoch: [71][0/391], lr: 0.01000	Loss 0.2434 (0.2434)	Prec@1 93.750 (93.750)	Prec@5 100.000 (100.000)
Epoch: [71][10/391], lr: 0.01000	Loss 0.5057 (0.4257)	Prec@1 85.156 (86.577)	Prec@5 99.219 (99.645)
Epoch: [71][20/391], lr: 0.01000	Loss 0.4722 (0.4346)	Prec@1 82.031 (85.454)	Prec@5 98.438 (99.591)
Epoch: [71][30/391], lr: 0.01000	Loss 0.2592 (0.4168)	Prec@1 89.844 (85.938)	Prec@5 100.000 (99.572)
Epoch: [71][40/391], lr: 0.01000	Loss 0.3205 (0.4049)	Prec@1 89.844 (86.452)	Prec@5 100.000 (99.619)
Epoch: [71][50/391], lr: 0.01000	Loss 0.2867 (0.3962)	Prec@1 89.844 (86.719)	Prec@5 99.219 (99.648)
Epoch: [71][60/391], lr: 0.01000	Loss 0.2980 (0.3815)	Prec@1 91.406 (87.205)	Prec@5 100.000 (99.680)
Epoch: [71][70/391], lr: 0.01000	Loss 0.2963 (0.3757)	Prec@1 89.062 (87.412)	Prec@5 100.000 (99.714)
Epoch: [71][80/391], lr: 0.01000	Loss 0.3332 (0.3684)	Prec@1 88.281 (87.722)	Prec@5 100.000 (99.720)
Epoch: [71][90/391], lr: 0.01000	Loss 0.1836 (0.3633)	Prec@1 91.406 (87.818)	Prec@5 100.000 (99.717)
Epoch: [71][100/391], lr: 0.01000	Loss 0.2990 (0.3598)	Prec@1 90.625 (88.072)	Prec@5 100.000 (99.729)
Epoch: [71][110/391], lr: 0.01000	Loss 0.3448 (0.3556)	Prec@1 89.062 (88.281)	Prec@5 100.000 (99.726)
Epoch: [71][120/391], lr: 0.01000	Loss 0.3695 (0.3534)	Prec@1 88.281 (88.339)	Prec@5 100.000 (99.697)
Epoch: [71][130/391], lr: 0.01000	Loss 0.3320 (0.3540)	Prec@1 89.062 (88.353)	Prec@5 99.219 (99.684)
Epoch: [71][140/391], lr: 0.01000	Loss 0.3895 (0.3536)	Prec@1 87.500 (88.370)	Prec@5 99.219 (99.673)
Epoch: [71][150/391], lr: 0.01000	Loss 0.3217 (0.3547)	Prec@1 89.844 (88.245)	Prec@5 100.000 (99.679)
Epoch: [71][160/391], lr: 0.01000	Loss 0.2498 (0.3547)	Prec@1 90.625 (88.296)	Prec@5 100.000 (99.685)
Epoch: [71][170/391], lr: 0.01000	Loss 0.3550 (0.3583)	Prec@1 89.062 (88.236)	Prec@5 99.219 (99.666)
Epoch: [71][180/391], lr: 0.01000	Loss 0.4263 (0.3576)	Prec@1 85.938 (88.268)	Prec@5 100.000 (99.672)
Epoch: [71][190/391], lr: 0.01000	Loss 0.4596 (0.3588)	Prec@1 83.594 (88.220)	Prec@5 99.219 (99.669)
Epoch: [71][200/391], lr: 0.01000	Loss 0.3776 (0.3625)	Prec@1 89.062 (88.036)	Prec@5 100.000 (99.670)
Epoch: [71][210/391], lr: 0.01000	Loss 0.3761 (0.3659)	Prec@1 85.156 (87.930)	Prec@5 100.000 (99.667)
Epoch: [71][220/391], lr: 0.01000	Loss 0.2104 (0.3671)	Prec@1 94.531 (87.885)	Prec@5 100.000 (99.664)
Epoch: [71][230/391], lr: 0.01000	Loss 0.5677 (0.3671)	Prec@1 78.125 (87.862)	Prec@5 100.000 (99.658)
Epoch: [71][240/391], lr: 0.01000	Loss 0.4044 (0.3665)	Prec@1 87.500 (87.870)	Prec@5 100.000 (99.663)
Epoch: [71][250/391], lr: 0.01000	Loss 0.4335 (0.3656)	Prec@1 85.156 (87.898)	Prec@5 100.000 (99.667)
Epoch: [71][260/391], lr: 0.01000	Loss 0.3719 (0.3656)	Prec@1 86.719 (87.916)	Prec@5 99.219 (99.665)
Epoch: [71][270/391], lr: 0.01000	Loss 0.3597 (0.3647)	Prec@1 90.625 (87.967)	Prec@5 100.000 (99.671)
Epoch: [71][280/391], lr: 0.01000	Loss 0.2662 (0.3639)	Prec@1 92.188 (88.006)	Prec@5 99.219 (99.669)
Epoch: [71][290/391], lr: 0.01000	Loss 0.4342 (0.3629)	Prec@1 84.375 (88.026)	Prec@5 99.219 (99.670)
Epoch: [71][300/391], lr: 0.01000	Loss 0.3991 (0.3631)	Prec@1 85.938 (87.991)	Prec@5 100.000 (99.665)
Epoch: [71][310/391], lr: 0.01000	Loss 0.3456 (0.3628)	Prec@1 89.844 (88.002)	Prec@5 100.000 (99.666)
Epoch: [71][320/391], lr: 0.01000	Loss 0.4706 (0.3632)	Prec@1 85.938 (87.979)	Prec@5 98.438 (99.667)
Epoch: [71][330/391], lr: 0.01000	Loss 0.4131 (0.3628)	Prec@1 78.906 (87.974)	Prec@5 100.000 (99.672)
Epoch: [71][340/391], lr: 0.01000	Loss 0.4497 (0.3655)	Prec@1 87.500 (87.883)	Prec@5 99.219 (99.659)
Epoch: [71][350/391], lr: 0.01000	Loss 0.6160 (0.3660)	Prec@1 81.250 (87.883)	Prec@5 99.219 (99.655)
Epoch: [71][360/391], lr: 0.01000	Loss 0.4308 (0.3687)	Prec@1 89.062 (87.818)	Prec@5 99.219 (99.636)
Epoch: [71][370/391], lr: 0.01000	Loss 0.5908 (0.3710)	Prec@1 81.250 (87.746)	Prec@5 99.219 (99.629)
Epoch: [71][380/391], lr: 0.01000	Loss 0.5123 (0.3718)	Prec@1 83.594 (87.732)	Prec@5 97.656 (99.612)
Epoch: [71][390/391], lr: 0.01000	Loss 0.2391 (0.3725)	Prec@1 92.500 (87.690)	Prec@5 100.000 (99.616)
Epoch [71] Training Results: Prec@1 87.690 Prec@5 99.616             Loss 0.37246
Epoch [71] Training Class Recall: [0.773,0.827,0.810,0.849,0.886,0.900,0.920,0.919,0.941,0.945]

Epoch: [72][0/391], lr: 0.01000	Loss 0.3212 (0.3212)	Prec@1 87.500 (87.500)	Prec@5 100.000 (100.000)
Epoch: [72][10/391], lr: 0.01000	Loss 0.4564 (0.4163)	Prec@1 85.938 (86.506)	Prec@5 100.000 (99.574)
Epoch: [72][20/391], lr: 0.01000	Loss 0.4283 (0.4118)	Prec@1 87.500 (86.533)	Prec@5 99.219 (99.516)
Epoch: [72][30/391], lr: 0.01000	Loss 0.4193 (0.4133)	Prec@1 87.500 (86.542)	Prec@5 100.000 (99.496)
Epoch: [72][40/391], lr: 0.01000	Loss 0.3509 (0.4108)	Prec@1 85.938 (86.414)	Prec@5 100.000 (99.543)
Epoch: [72][50/391], lr: 0.01000	Loss 0.2749 (0.4003)	Prec@1 89.844 (86.872)	Prec@5 100.000 (99.540)
Epoch: [72][60/391], lr: 0.01000	Loss 0.2048 (0.3857)	Prec@1 92.188 (87.346)	Prec@5 100.000 (99.616)
Epoch: [72][70/391], lr: 0.01000	Loss 0.3314 (0.3754)	Prec@1 89.062 (87.599)	Prec@5 100.000 (99.648)
Epoch: [72][80/391], lr: 0.01000	Loss 0.3231 (0.3748)	Prec@1 86.719 (87.625)	Prec@5 100.000 (99.653)
Epoch: [72][90/391], lr: 0.01000	Loss 0.4094 (0.3747)	Prec@1 85.156 (87.586)	Prec@5 100.000 (99.674)
Epoch: [72][100/391], lr: 0.01000	Loss 0.2625 (0.3691)	Prec@1 90.625 (87.748)	Prec@5 100.000 (99.698)
Epoch: [72][110/391], lr: 0.01000	Loss 0.2831 (0.3655)	Prec@1 92.969 (87.908)	Prec@5 100.000 (99.704)
Epoch: [72][120/391], lr: 0.01000	Loss 0.3774 (0.3670)	Prec@1 85.938 (87.836)	Prec@5 100.000 (99.709)
Epoch: [72][130/391], lr: 0.01000	Loss 0.3500 (0.3700)	Prec@1 85.938 (87.762)	Prec@5 100.000 (99.696)
Epoch: [72][140/391], lr: 0.01000	Loss 0.3131 (0.3709)	Prec@1 90.625 (87.733)	Prec@5 100.000 (99.701)
Epoch: [72][150/391], lr: 0.01000	Loss 0.4572 (0.3723)	Prec@1 85.938 (87.660)	Prec@5 100.000 (99.705)
Epoch: [72][160/391], lr: 0.01000	Loss 0.5112 (0.3727)	Prec@1 84.375 (87.616)	Prec@5 100.000 (99.714)
Epoch: [72][170/391], lr: 0.01000	Loss 0.5320 (0.3749)	Prec@1 83.594 (87.555)	Prec@5 98.438 (99.717)
Epoch: [72][180/391], lr: 0.01000	Loss 0.4983 (0.3758)	Prec@1 85.156 (87.513)	Prec@5 99.219 (99.719)
Epoch: [72][190/391], lr: 0.01000	Loss 0.3740 (0.3758)	Prec@1 88.281 (87.549)	Prec@5 100.000 (99.714)
Epoch: [72][200/391], lr: 0.01000	Loss 0.3889 (0.3771)	Prec@1 84.375 (87.481)	Prec@5 100.000 (99.720)
Epoch: [72][210/391], lr: 0.01000	Loss 0.4995 (0.3797)	Prec@1 85.156 (87.393)	Prec@5 99.219 (99.722)
Epoch: [72][220/391], lr: 0.01000	Loss 0.2365 (0.3789)	Prec@1 92.188 (87.461)	Prec@5 99.219 (99.717)
Epoch: [72][230/391], lr: 0.01000	Loss 0.3762 (0.3817)	Prec@1 89.062 (87.388)	Prec@5 100.000 (99.702)
Epoch: [72][240/391], lr: 0.01000	Loss 0.3970 (0.3798)	Prec@1 89.062 (87.461)	Prec@5 100.000 (99.699)
Epoch: [72][250/391], lr: 0.01000	Loss 0.3191 (0.3793)	Prec@1 91.406 (87.460)	Prec@5 99.219 (99.695)
Epoch: [72][260/391], lr: 0.01000	Loss 0.3114 (0.3778)	Prec@1 89.844 (87.533)	Prec@5 100.000 (99.701)
Epoch: [72][270/391], lr: 0.01000	Loss 0.3505 (0.3777)	Prec@1 88.281 (87.561)	Prec@5 100.000 (99.706)
Epoch: [72][280/391], lr: 0.01000	Loss 0.3438 (0.3774)	Prec@1 89.844 (87.558)	Prec@5 99.219 (99.705)
Epoch: [72][290/391], lr: 0.01000	Loss 0.3529 (0.3759)	Prec@1 89.062 (87.642)	Prec@5 100.000 (99.713)
Epoch: [72][300/391], lr: 0.01000	Loss 0.3277 (0.3744)	Prec@1 86.719 (87.682)	Prec@5 100.000 (99.722)
Epoch: [72][310/391], lr: 0.01000	Loss 0.3921 (0.3729)	Prec@1 85.156 (87.729)	Prec@5 100.000 (99.719)
Epoch: [72][320/391], lr: 0.01000	Loss 0.2835 (0.3723)	Prec@1 89.844 (87.731)	Prec@5 100.000 (99.723)
Epoch: [72][330/391], lr: 0.01000	Loss 0.3070 (0.3713)	Prec@1 88.281 (87.753)	Prec@5 100.000 (99.721)
Epoch: [72][340/391], lr: 0.01000	Loss 0.4889 (0.3712)	Prec@1 87.500 (87.784)	Prec@5 99.219 (99.718)
Epoch: [72][350/391], lr: 0.01000	Loss 0.2680 (0.3703)	Prec@1 92.188 (87.807)	Prec@5 100.000 (99.720)
Epoch: [72][360/391], lr: 0.01000	Loss 0.4067 (0.3695)	Prec@1 86.719 (87.848)	Prec@5 100.000 (99.719)
Epoch: [72][370/391], lr: 0.01000	Loss 0.3805 (0.3686)	Prec@1 87.500 (87.856)	Prec@5 100.000 (99.716)
Epoch: [72][380/391], lr: 0.01000	Loss 0.4145 (0.3681)	Prec@1 86.719 (87.871)	Prec@5 100.000 (99.715)
Epoch: [72][390/391], lr: 0.01000	Loss 0.4223 (0.3678)	Prec@1 83.750 (87.878)	Prec@5 98.750 (99.714)
Epoch [72] Training Results: Prec@1 87.878 Prec@5 99.714             Loss 0.36776
Epoch [72] Training Class Recall: [0.769,0.828,0.816,0.859,0.891,0.899,0.922,0.921,0.939,0.944]

Epoch: [73][0/391], lr: 0.01000	Loss 0.2243 (0.2243)	Prec@1 93.750 (93.750)	Prec@5 100.000 (100.000)
Epoch: [73][10/391], lr: 0.01000	Loss 0.4450 (0.3097)	Prec@1 90.625 (89.702)	Prec@5 99.219 (99.858)
Epoch: [73][20/391], lr: 0.01000	Loss 0.4540 (0.3188)	Prec@1 85.156 (89.025)	Prec@5 99.219 (99.814)
Epoch: [73][30/391], lr: 0.01000	Loss 0.4460 (0.3512)	Prec@1 84.375 (88.105)	Prec@5 98.438 (99.597)
Epoch: [73][40/391], lr: 0.01000	Loss 0.3411 (0.3554)	Prec@1 85.156 (87.843)	Prec@5 100.000 (99.657)
Epoch: [73][50/391], lr: 0.01000	Loss 0.2501 (0.3410)	Prec@1 90.625 (88.404)	Prec@5 100.000 (99.694)
Epoch: [73][60/391], lr: 0.01000	Loss 0.4154 (0.3415)	Prec@1 86.719 (88.563)	Prec@5 100.000 (99.705)
Epoch: [73][70/391], lr: 0.01000	Loss 0.4588 (0.3395)	Prec@1 85.938 (88.633)	Prec@5 98.438 (99.692)
Epoch: [73][80/391], lr: 0.01000	Loss 0.2856 (0.3389)	Prec@1 89.844 (88.590)	Prec@5 100.000 (99.701)
Epoch: [73][90/391], lr: 0.01000	Loss 0.2922 (0.3423)	Prec@1 90.625 (88.462)	Prec@5 100.000 (99.725)
Epoch: [73][100/391], lr: 0.01000	Loss 0.4104 (0.3436)	Prec@1 88.281 (88.397)	Prec@5 100.000 (99.714)
Epoch: [73][110/391], lr: 0.01000	Loss 0.3348 (0.3439)	Prec@1 88.281 (88.338)	Prec@5 100.000 (99.718)
Epoch: [73][120/391], lr: 0.01000	Loss 0.3405 (0.3422)	Prec@1 87.500 (88.423)	Prec@5 99.219 (99.729)
Epoch: [73][130/391], lr: 0.01000	Loss 0.3121 (0.3426)	Prec@1 89.844 (88.496)	Prec@5 100.000 (99.732)
Epoch: [73][140/391], lr: 0.01000	Loss 0.3997 (0.3452)	Prec@1 89.062 (88.409)	Prec@5 100.000 (99.740)
Epoch: [73][150/391], lr: 0.01000	Loss 0.5047 (0.3462)	Prec@1 82.031 (88.364)	Prec@5 100.000 (99.746)
Epoch: [73][160/391], lr: 0.01000	Loss 0.3831 (0.3516)	Prec@1 89.062 (88.242)	Prec@5 99.219 (99.723)
Epoch: [73][170/391], lr: 0.01000	Loss 0.3161 (0.3522)	Prec@1 90.625 (88.236)	Prec@5 100.000 (99.717)
Epoch: [73][180/391], lr: 0.01000	Loss 0.3630 (0.3556)	Prec@1 85.156 (88.117)	Prec@5 100.000 (99.724)
Epoch: [73][190/391], lr: 0.01000	Loss 0.3117 (0.3573)	Prec@1 91.406 (88.044)	Prec@5 99.219 (99.718)
Epoch: [73][200/391], lr: 0.01000	Loss 0.3413 (0.3596)	Prec@1 88.281 (87.912)	Prec@5 99.219 (99.712)
Epoch: [73][210/391], lr: 0.01000	Loss 0.3414 (0.3598)	Prec@1 88.281 (87.933)	Prec@5 100.000 (99.715)
Epoch: [73][220/391], lr: 0.01000	Loss 0.3834 (0.3640)	Prec@1 83.594 (87.786)	Prec@5 100.000 (99.710)
Epoch: [73][230/391], lr: 0.01000	Loss 0.3204 (0.3638)	Prec@1 89.844 (87.774)	Prec@5 99.219 (99.716)
Epoch: [73][240/391], lr: 0.01000	Loss 0.3238 (0.3634)	Prec@1 89.062 (87.801)	Prec@5 100.000 (99.715)
Epoch: [73][250/391], lr: 0.01000	Loss 0.3505 (0.3632)	Prec@1 87.500 (87.824)	Prec@5 100.000 (99.720)
Epoch: [73][260/391], lr: 0.01000	Loss 0.3045 (0.3637)	Prec@1 89.844 (87.778)	Prec@5 100.000 (99.722)
Epoch: [73][270/391], lr: 0.01000	Loss 0.3363 (0.3648)	Prec@1 87.500 (87.731)	Prec@5 100.000 (99.712)
Epoch: [73][280/391], lr: 0.01000	Loss 0.4925 (0.3659)	Prec@1 79.688 (87.686)	Prec@5 100.000 (99.708)
Epoch: [73][290/391], lr: 0.01000	Loss 0.3682 (0.3667)	Prec@1 87.500 (87.640)	Prec@5 99.219 (99.707)
Epoch: [73][300/391], lr: 0.01000	Loss 0.3452 (0.3663)	Prec@1 86.719 (87.640)	Prec@5 100.000 (99.714)
Epoch: [73][310/391], lr: 0.01000	Loss 0.4226 (0.3666)	Prec@1 86.719 (87.666)	Prec@5 99.219 (99.714)
Epoch: [73][320/391], lr: 0.01000	Loss 0.3486 (0.3661)	Prec@1 89.844 (87.692)	Prec@5 100.000 (99.715)
Epoch: [73][330/391], lr: 0.01000	Loss 0.3701 (0.3658)	Prec@1 86.719 (87.705)	Prec@5 100.000 (99.717)
Epoch: [73][340/391], lr: 0.01000	Loss 0.3290 (0.3656)	Prec@1 89.844 (87.734)	Prec@5 99.219 (99.716)
Epoch: [73][350/391], lr: 0.01000	Loss 0.2581 (0.3654)	Prec@1 92.188 (87.767)	Prec@5 100.000 (99.717)
Epoch: [73][360/391], lr: 0.01000	Loss 0.2837 (0.3645)	Prec@1 90.625 (87.801)	Prec@5 100.000 (99.719)
Epoch: [73][370/391], lr: 0.01000	Loss 0.3271 (0.3648)	Prec@1 88.281 (87.772)	Prec@5 99.219 (99.718)
Epoch: [73][380/391], lr: 0.01000	Loss 0.4388 (0.3659)	Prec@1 87.500 (87.752)	Prec@5 100.000 (99.711)
Epoch: [73][390/391], lr: 0.01000	Loss 0.3503 (0.3665)	Prec@1 82.500 (87.736)	Prec@5 100.000 (99.712)
Epoch [73] Training Results: Prec@1 87.736 Prec@5 99.712             Loss 0.36647
Epoch [73] Training Class Recall: [0.772,0.826,0.803,0.856,0.888,0.896,0.928,0.924,0.936,0.946]

Epoch: [74][0/391], lr: 0.01000	Loss 0.3116 (0.3116)	Prec@1 89.062 (89.062)	Prec@5 100.000 (100.000)
Epoch: [74][10/391], lr: 0.01000	Loss 0.3530 (0.3661)	Prec@1 88.281 (88.494)	Prec@5 100.000 (99.503)
Epoch: [74][20/391], lr: 0.01000	Loss 0.4617 (0.3587)	Prec@1 85.156 (88.504)	Prec@5 100.000 (99.554)
Epoch: [74][30/391], lr: 0.01000	Loss 0.4342 (0.3458)	Prec@1 83.594 (88.710)	Prec@5 100.000 (99.672)
Epoch: [74][40/391], lr: 0.01000	Loss 0.3422 (0.3433)	Prec@1 88.281 (88.643)	Prec@5 100.000 (99.714)
Epoch: [74][50/391], lr: 0.01000	Loss 0.3912 (0.3451)	Prec@1 86.719 (88.388)	Prec@5 99.219 (99.709)
Epoch: [74][60/391], lr: 0.01000	Loss 0.3377 (0.3469)	Prec@1 87.500 (88.499)	Prec@5 100.000 (99.718)
Epoch: [74][70/391], lr: 0.01000	Loss 0.3087 (0.3483)	Prec@1 89.844 (88.402)	Prec@5 100.000 (99.692)
Epoch: [74][80/391], lr: 0.01000	Loss 0.3686 (0.3520)	Prec@1 85.938 (88.204)	Prec@5 99.219 (99.672)
Epoch: [74][90/391], lr: 0.01000	Loss 0.3262 (0.3522)	Prec@1 89.062 (88.204)	Prec@5 100.000 (99.691)
Epoch: [74][100/391], lr: 0.01000	Loss 0.3395 (0.3500)	Prec@1 89.062 (88.297)	Prec@5 99.219 (99.698)
Epoch: [74][110/391], lr: 0.01000	Loss 0.4532 (0.3565)	Prec@1 84.375 (88.148)	Prec@5 99.219 (99.690)
Epoch: [74][120/391], lr: 0.01000	Loss 0.3232 (0.3573)	Prec@1 88.281 (88.113)	Prec@5 100.000 (99.716)
Epoch: [74][130/391], lr: 0.01000	Loss 0.3206 (0.3577)	Prec@1 92.188 (88.108)	Prec@5 100.000 (99.720)
Epoch: [74][140/391], lr: 0.01000	Loss 0.4641 (0.3603)	Prec@1 82.031 (87.993)	Prec@5 100.000 (99.723)
Epoch: [74][150/391], lr: 0.01000	Loss 0.3250 (0.3593)	Prec@1 92.188 (88.079)	Prec@5 100.000 (99.710)
Epoch: [74][160/391], lr: 0.01000	Loss 0.2810 (0.3569)	Prec@1 91.406 (88.184)	Prec@5 100.000 (99.709)
Epoch: [74][170/391], lr: 0.01000	Loss 0.2848 (0.3560)	Prec@1 90.625 (88.190)	Prec@5 100.000 (99.717)
Epoch: [74][180/391], lr: 0.01000	Loss 0.3276 (0.3547)	Prec@1 89.844 (88.229)	Prec@5 100.000 (99.724)
Epoch: [74][190/391], lr: 0.01000	Loss 0.3679 (0.3553)	Prec@1 85.938 (88.208)	Prec@5 100.000 (99.722)
Epoch: [74][200/391], lr: 0.01000	Loss 0.3923 (0.3551)	Prec@1 85.156 (88.196)	Prec@5 100.000 (99.712)
Epoch: [74][210/391], lr: 0.01000	Loss 0.2956 (0.3546)	Prec@1 90.625 (88.178)	Prec@5 99.219 (99.719)
Epoch: [74][220/391], lr: 0.01000	Loss 0.3152 (0.3559)	Prec@1 91.406 (88.196)	Prec@5 100.000 (99.710)
Epoch: [74][230/391], lr: 0.01000	Loss 0.3771 (0.3565)	Prec@1 85.938 (88.170)	Prec@5 99.219 (99.702)
Epoch: [74][240/391], lr: 0.01000	Loss 0.2902 (0.3557)	Prec@1 89.062 (88.161)	Prec@5 100.000 (99.705)
Epoch: [74][250/391], lr: 0.01000	Loss 0.3540 (0.3572)	Prec@1 86.719 (88.076)	Prec@5 99.219 (99.698)
Epoch: [74][260/391], lr: 0.01000	Loss 0.3889 (0.3566)	Prec@1 84.375 (88.084)	Prec@5 100.000 (99.704)
Epoch: [74][270/391], lr: 0.01000	Loss 0.4835 (0.3578)	Prec@1 80.469 (88.016)	Prec@5 100.000 (99.709)
Epoch: [74][280/391], lr: 0.01000	Loss 0.3956 (0.3576)	Prec@1 89.062 (88.028)	Prec@5 100.000 (99.708)
Epoch: [74][290/391], lr: 0.01000	Loss 0.2735 (0.3574)	Prec@1 89.062 (88.013)	Prec@5 99.219 (99.713)
Epoch: [74][300/391], lr: 0.01000	Loss 0.3481 (0.3570)	Prec@1 89.062 (88.029)	Prec@5 99.219 (99.714)
Epoch: [74][310/391], lr: 0.01000	Loss 0.3516 (0.3567)	Prec@1 85.938 (88.033)	Prec@5 100.000 (99.724)
Epoch: [74][320/391], lr: 0.01000	Loss 0.3037 (0.3558)	Prec@1 89.844 (88.062)	Prec@5 100.000 (99.732)
Epoch: [74][330/391], lr: 0.01000	Loss 0.2800 (0.3567)	Prec@1 90.625 (88.033)	Prec@5 99.219 (99.731)
Epoch: [74][340/391], lr: 0.01000	Loss 0.5706 (0.3567)	Prec@1 82.031 (88.034)	Prec@5 96.875 (99.720)
Epoch: [74][350/391], lr: 0.01000	Loss 0.4343 (0.3576)	Prec@1 85.156 (88.023)	Prec@5 99.219 (99.717)
Epoch: [74][360/391], lr: 0.01000	Loss 0.3844 (0.3580)	Prec@1 89.062 (87.996)	Prec@5 100.000 (99.719)
Epoch: [74][370/391], lr: 0.01000	Loss 0.2564 (0.3582)	Prec@1 91.406 (87.991)	Prec@5 100.000 (99.722)
Epoch: [74][380/391], lr: 0.01000	Loss 0.3597 (0.3597)	Prec@1 84.375 (87.931)	Prec@5 100.000 (99.717)
Epoch: [74][390/391], lr: 0.01000	Loss 0.3067 (0.3601)	Prec@1 91.250 (87.922)	Prec@5 100.000 (99.720)
Epoch [74] Training Results: Prec@1 87.922 Prec@5 99.720             Loss 0.36006
Epoch [74] Training Class Recall: [0.774,0.831,0.817,0.856,0.887,0.900,0.921,0.924,0.941,0.942]

Epoch: [75][0/391], lr: 0.01000	Loss 0.2944 (0.2944)	Prec@1 88.281 (88.281)	Prec@5 100.000 (100.000)
Epoch: [75][10/391], lr: 0.01000	Loss 0.2639 (0.3385)	Prec@1 92.188 (89.062)	Prec@5 100.000 (100.000)
Epoch: [75][20/391], lr: 0.01000	Loss 0.3863 (0.3499)	Prec@1 85.156 (88.542)	Prec@5 99.219 (99.851)
Epoch: [75][30/391], lr: 0.01000	Loss 0.2967 (0.3398)	Prec@1 89.844 (88.861)	Prec@5 99.219 (99.798)
Epoch: [75][40/391], lr: 0.01000	Loss 0.3231 (0.3351)	Prec@1 87.500 (89.005)	Prec@5 100.000 (99.790)
Epoch: [75][50/391], lr: 0.01000	Loss 0.3269 (0.3328)	Prec@1 87.500 (89.078)	Prec@5 100.000 (99.740)
Epoch: [75][60/391], lr: 0.01000	Loss 0.3099 (0.3343)	Prec@1 86.719 (88.960)	Prec@5 99.219 (99.744)
Epoch: [75][70/391], lr: 0.01000	Loss 0.3627 (0.3392)	Prec@1 89.062 (88.875)	Prec@5 100.000 (99.736)
Epoch: [75][80/391], lr: 0.01000	Loss 0.2478 (0.3374)	Prec@1 93.750 (88.927)	Prec@5 100.000 (99.740)
Epoch: [75][90/391], lr: 0.01000	Loss 0.2847 (0.3366)	Prec@1 92.188 (88.951)	Prec@5 99.219 (99.717)
Epoch: [75][100/391], lr: 0.01000	Loss 0.3348 (0.3291)	Prec@1 91.406 (89.240)	Prec@5 99.219 (99.729)
Epoch: [75][110/391], lr: 0.01000	Loss 0.2250 (0.3278)	Prec@1 91.406 (89.253)	Prec@5 100.000 (99.747)
Epoch: [75][120/391], lr: 0.01000	Loss 0.3656 (0.3252)	Prec@1 89.844 (89.237)	Prec@5 99.219 (99.742)
Epoch: [75][130/391], lr: 0.01000	Loss 0.4261 (0.3252)	Prec@1 88.281 (89.295)	Prec@5 100.000 (99.744)
Epoch: [75][140/391], lr: 0.01000	Loss 0.3192 (0.3264)	Prec@1 90.625 (89.301)	Prec@5 100.000 (99.740)
Epoch: [75][150/391], lr: 0.01000	Loss 0.2833 (0.3304)	Prec@1 88.281 (89.233)	Prec@5 100.000 (99.736)
Epoch: [75][160/391], lr: 0.01000	Loss 0.2730 (0.3307)	Prec@1 92.969 (89.227)	Prec@5 100.000 (99.753)
Epoch: [75][170/391], lr: 0.01000	Loss 0.3941 (0.3340)	Prec@1 85.156 (89.090)	Prec@5 99.219 (99.749)
Epoch: [75][180/391], lr: 0.01000	Loss 0.3806 (0.3367)	Prec@1 86.719 (88.950)	Prec@5 100.000 (99.754)
Epoch: [75][190/391], lr: 0.01000	Loss 0.3640 (0.3385)	Prec@1 88.281 (88.899)	Prec@5 99.219 (99.742)
Epoch: [75][200/391], lr: 0.01000	Loss 0.4178 (0.3388)	Prec@1 87.500 (88.903)	Prec@5 99.219 (99.743)
Epoch: [75][210/391], lr: 0.01000	Loss 0.2809 (0.3394)	Prec@1 88.281 (88.877)	Prec@5 99.219 (99.737)
Epoch: [75][220/391], lr: 0.01000	Loss 0.3064 (0.3393)	Prec@1 88.281 (88.872)	Prec@5 100.000 (99.742)
Epoch: [75][230/391], lr: 0.01000	Loss 0.4029 (0.3424)	Prec@1 84.375 (88.758)	Prec@5 100.000 (99.723)
Epoch: [75][240/391], lr: 0.01000	Loss 0.4806 (0.3440)	Prec@1 84.375 (88.706)	Prec@5 100.000 (99.715)
Epoch: [75][250/391], lr: 0.01000	Loss 0.4306 (0.3443)	Prec@1 82.812 (88.670)	Prec@5 100.000 (99.717)
Epoch: [75][260/391], lr: 0.01000	Loss 0.4729 (0.3460)	Prec@1 84.375 (88.625)	Prec@5 100.000 (99.713)
Epoch: [75][270/391], lr: 0.01000	Loss 0.4187 (0.3455)	Prec@1 87.500 (88.647)	Prec@5 99.219 (99.712)
Epoch: [75][280/391], lr: 0.01000	Loss 0.1846 (0.3456)	Prec@1 93.750 (88.632)	Prec@5 100.000 (99.716)
Epoch: [75][290/391], lr: 0.01000	Loss 0.3676 (0.3464)	Prec@1 87.500 (88.611)	Prec@5 100.000 (99.718)
Epoch: [75][300/391], lr: 0.01000	Loss 0.2727 (0.3474)	Prec@1 89.062 (88.572)	Prec@5 100.000 (99.714)
Epoch: [75][310/391], lr: 0.01000	Loss 0.3622 (0.3490)	Prec@1 85.156 (88.495)	Prec@5 100.000 (99.716)
Epoch: [75][320/391], lr: 0.01000	Loss 0.2737 (0.3492)	Prec@1 92.188 (88.488)	Prec@5 100.000 (99.718)
Epoch: [75][330/391], lr: 0.01000	Loss 0.4141 (0.3500)	Prec@1 86.719 (88.432)	Prec@5 99.219 (99.712)
Epoch: [75][340/391], lr: 0.01000	Loss 0.3502 (0.3508)	Prec@1 88.281 (88.410)	Prec@5 100.000 (99.704)
Epoch: [75][350/391], lr: 0.01000	Loss 0.3584 (0.3518)	Prec@1 86.719 (88.375)	Prec@5 100.000 (99.697)
Epoch: [75][360/391], lr: 0.01000	Loss 0.3699 (0.3514)	Prec@1 87.500 (88.394)	Prec@5 99.219 (99.695)
Epoch: [75][370/391], lr: 0.01000	Loss 0.2472 (0.3505)	Prec@1 94.531 (88.399)	Prec@5 100.000 (99.699)
Epoch: [75][380/391], lr: 0.01000	Loss 0.5193 (0.3496)	Prec@1 82.031 (88.419)	Prec@5 100.000 (99.703)
Epoch: [75][390/391], lr: 0.01000	Loss 0.1971 (0.3498)	Prec@1 91.250 (88.394)	Prec@5 100.000 (99.702)
Epoch [75] Training Results: Prec@1 88.394 Prec@5 99.702             Loss 0.34984
Epoch [75] Training Class Recall: [0.776,0.843,0.817,0.855,0.896,0.903,0.931,0.923,0.945,0.950]

Epoch: [76][0/391], lr: 0.01000	Loss 0.3078 (0.3078)	Prec@1 91.406 (91.406)	Prec@5 99.219 (99.219)
Epoch: [76][10/391], lr: 0.01000	Loss 0.3865 (0.3765)	Prec@1 85.156 (87.074)	Prec@5 100.000 (99.574)
Epoch: [76][20/391], lr: 0.01000	Loss 0.3348 (0.3680)	Prec@1 87.500 (87.723)	Prec@5 99.219 (99.554)
Epoch: [76][30/391], lr: 0.01000	Loss 0.3715 (0.3677)	Prec@1 87.500 (87.777)	Prec@5 100.000 (99.672)
Epoch: [76][40/391], lr: 0.01000	Loss 0.2532 (0.3658)	Prec@1 91.406 (87.938)	Prec@5 100.000 (99.752)
Epoch: [76][50/391], lr: 0.01000	Loss 0.2286 (0.3595)	Prec@1 92.188 (88.128)	Prec@5 100.000 (99.770)
Epoch: [76][60/391], lr: 0.01000	Loss 0.3599 (0.3595)	Prec@1 89.062 (87.987)	Prec@5 99.219 (99.757)
Epoch: [76][70/391], lr: 0.01000	Loss 0.3529 (0.3606)	Prec@1 89.844 (87.874)	Prec@5 100.000 (99.758)
Epoch: [76][80/391], lr: 0.01000	Loss 0.3486 (0.3606)	Prec@1 89.844 (87.924)	Prec@5 98.438 (99.740)
Epoch: [76][90/391], lr: 0.01000	Loss 0.3952 (0.3637)	Prec@1 85.938 (87.783)	Prec@5 100.000 (99.742)
Epoch: [76][100/391], lr: 0.01000	Loss 0.3159 (0.3629)	Prec@1 91.406 (87.902)	Prec@5 100.000 (99.737)
Epoch: [76][110/391], lr: 0.01000	Loss 0.5267 (0.3617)	Prec@1 85.156 (88.000)	Prec@5 99.219 (99.747)
Epoch: [76][120/391], lr: 0.01000	Loss 0.4240 (0.3644)	Prec@1 85.156 (87.862)	Prec@5 100.000 (99.742)
Epoch: [76][130/391], lr: 0.01000	Loss 0.4539 (0.3702)	Prec@1 84.375 (87.715)	Prec@5 99.219 (99.702)
Epoch: [76][140/391], lr: 0.01000	Loss 0.3152 (0.3721)	Prec@1 87.500 (87.633)	Prec@5 100.000 (99.701)
Epoch: [76][150/391], lr: 0.01000	Loss 0.3502 (0.3698)	Prec@1 85.938 (87.728)	Prec@5 100.000 (99.715)
Epoch: [76][160/391], lr: 0.01000	Loss 0.4417 (0.3684)	Prec@1 85.156 (87.733)	Prec@5 100.000 (99.719)
Epoch: [76][170/391], lr: 0.01000	Loss 0.4946 (0.3697)	Prec@1 83.594 (87.710)	Prec@5 98.438 (99.712)
Epoch: [76][180/391], lr: 0.01000	Loss 0.2962 (0.3691)	Prec@1 88.281 (87.763)	Prec@5 100.000 (99.702)
Epoch: [76][190/391], lr: 0.01000	Loss 0.4039 (0.3708)	Prec@1 85.938 (87.725)	Prec@5 100.000 (99.701)
Epoch: [76][200/391], lr: 0.01000	Loss 0.4832 (0.3729)	Prec@1 82.031 (87.648)	Prec@5 100.000 (99.701)
Epoch: [76][210/391], lr: 0.01000	Loss 0.4334 (0.3728)	Prec@1 85.938 (87.648)	Prec@5 100.000 (99.693)
Epoch: [76][220/391], lr: 0.01000	Loss 0.3279 (0.3715)	Prec@1 88.281 (87.691)	Prec@5 99.219 (99.689)
Epoch: [76][230/391], lr: 0.01000	Loss 0.2861 (0.3705)	Prec@1 92.969 (87.744)	Prec@5 100.000 (99.689)
Epoch: [76][240/391], lr: 0.01000	Loss 0.4257 (0.3698)	Prec@1 85.938 (87.779)	Prec@5 99.219 (99.682)
Epoch: [76][250/391], lr: 0.01000	Loss 0.4742 (0.3718)	Prec@1 83.594 (87.684)	Prec@5 99.219 (99.667)
Epoch: [76][260/391], lr: 0.01000	Loss 0.3415 (0.3728)	Prec@1 86.719 (87.647)	Prec@5 100.000 (99.662)
Epoch: [76][270/391], lr: 0.01000	Loss 0.4509 (0.3730)	Prec@1 84.375 (87.644)	Prec@5 99.219 (99.654)
Epoch: [76][280/391], lr: 0.01000	Loss 0.3356 (0.3732)	Prec@1 89.062 (87.658)	Prec@5 100.000 (99.658)
Epoch: [76][290/391], lr: 0.01000	Loss 0.5016 (0.3747)	Prec@1 82.812 (87.589)	Prec@5 98.438 (99.648)
Epoch: [76][300/391], lr: 0.01000	Loss 0.2799 (0.3748)	Prec@1 88.281 (87.549)	Prec@5 100.000 (99.652)
Epoch: [76][310/391], lr: 0.01000	Loss 0.3153 (0.3764)	Prec@1 89.062 (87.487)	Prec@5 99.219 (99.648)
Epoch: [76][320/391], lr: 0.01000	Loss 0.3952 (0.3764)	Prec@1 85.156 (87.481)	Prec@5 99.219 (99.647)
Epoch: [76][330/391], lr: 0.01000	Loss 0.3057 (0.3766)	Prec@1 88.281 (87.458)	Prec@5 100.000 (99.646)
Epoch: [76][340/391], lr: 0.01000	Loss 0.3431 (0.3773)	Prec@1 89.844 (87.440)	Prec@5 100.000 (99.645)
Epoch: [76][350/391], lr: 0.01000	Loss 0.4973 (0.3793)	Prec@1 85.938 (87.382)	Prec@5 99.219 (99.646)
Epoch: [76][360/391], lr: 0.01000	Loss 0.2986 (0.3805)	Prec@1 89.844 (87.379)	Prec@5 100.000 (99.641)
Epoch: [76][370/391], lr: 0.01000	Loss 0.3294 (0.3806)	Prec@1 89.062 (87.393)	Prec@5 100.000 (99.642)
Epoch: [76][380/391], lr: 0.01000	Loss 0.2770 (0.3797)	Prec@1 92.188 (87.426)	Prec@5 99.219 (99.643)
Epoch: [76][390/391], lr: 0.01000	Loss 0.3443 (0.3795)	Prec@1 90.000 (87.446)	Prec@5 100.000 (99.638)
Epoch [76] Training Results: Prec@1 87.446 Prec@5 99.638             Loss 0.37950
Epoch [76] Training Class Recall: [0.771,0.823,0.808,0.853,0.878,0.901,0.917,0.917,0.940,0.936]

Epoch: [77][0/391], lr: 0.01000	Loss 0.4249 (0.4249)	Prec@1 88.281 (88.281)	Prec@5 99.219 (99.219)
Epoch: [77][10/391], lr: 0.01000	Loss 0.2512 (0.3084)	Prec@1 90.625 (89.844)	Prec@5 100.000 (99.787)
Epoch: [77][20/391], lr: 0.01000	Loss 0.2748 (0.3063)	Prec@1 91.406 (90.216)	Prec@5 99.219 (99.628)
Epoch: [77][30/391], lr: 0.01000	Loss 0.3148 (0.3167)	Prec@1 89.062 (89.743)	Prec@5 100.000 (99.647)
Epoch: [77][40/391], lr: 0.01000	Loss 0.3232 (0.3259)	Prec@1 87.500 (89.310)	Prec@5 100.000 (99.619)
Epoch: [77][50/391], lr: 0.01000	Loss 0.3874 (0.3261)	Prec@1 88.281 (89.292)	Prec@5 100.000 (99.632)
Epoch: [77][60/391], lr: 0.01000	Loss 0.3070 (0.3221)	Prec@1 87.500 (89.460)	Prec@5 100.000 (99.667)
Epoch: [77][70/391], lr: 0.01000	Loss 0.3193 (0.3256)	Prec@1 89.844 (89.448)	Prec@5 100.000 (99.659)
Epoch: [77][80/391], lr: 0.01000	Loss 0.3656 (0.3261)	Prec@1 89.844 (89.352)	Prec@5 100.000 (99.662)
Epoch: [77][90/391], lr: 0.01000	Loss 0.3362 (0.3250)	Prec@1 88.281 (89.311)	Prec@5 100.000 (99.691)
Epoch: [77][100/391], lr: 0.01000	Loss 0.5025 (0.3263)	Prec@1 84.375 (89.271)	Prec@5 99.219 (99.691)
Epoch: [77][110/391], lr: 0.01000	Loss 0.4271 (0.3324)	Prec@1 85.938 (89.112)	Prec@5 98.438 (99.669)
Epoch: [77][120/391], lr: 0.01000	Loss 0.4079 (0.3340)	Prec@1 86.719 (88.946)	Prec@5 99.219 (99.677)
Epoch: [77][130/391], lr: 0.01000	Loss 0.4692 (0.3369)	Prec@1 85.156 (88.830)	Prec@5 99.219 (99.666)
Epoch: [77][140/391], lr: 0.01000	Loss 0.3661 (0.3410)	Prec@1 87.500 (88.725)	Prec@5 100.000 (99.662)
Epoch: [77][150/391], lr: 0.01000	Loss 0.2858 (0.3427)	Prec@1 91.406 (88.628)	Prec@5 100.000 (99.674)
Epoch: [77][160/391], lr: 0.01000	Loss 0.5429 (0.3474)	Prec@1 81.250 (88.480)	Prec@5 99.219 (99.651)
Epoch: [77][170/391], lr: 0.01000	Loss 0.3615 (0.3470)	Prec@1 89.844 (88.510)	Prec@5 98.438 (99.662)
Epoch: [77][180/391], lr: 0.01000	Loss 0.3318 (0.3474)	Prec@1 90.625 (88.506)	Prec@5 100.000 (99.672)
Epoch: [77][190/391], lr: 0.01000	Loss 0.3598 (0.3462)	Prec@1 89.062 (88.518)	Prec@5 99.219 (99.673)
Epoch: [77][200/391], lr: 0.01000	Loss 0.3442 (0.3456)	Prec@1 89.844 (88.542)	Prec@5 100.000 (99.677)
Epoch: [77][210/391], lr: 0.01000	Loss 0.4399 (0.3448)	Prec@1 85.156 (88.552)	Prec@5 100.000 (99.685)
Epoch: [77][220/391], lr: 0.01000	Loss 0.4161 (0.3430)	Prec@1 85.156 (88.621)	Prec@5 100.000 (99.692)
Epoch: [77][230/391], lr: 0.01000	Loss 0.3485 (0.3409)	Prec@1 89.844 (88.687)	Prec@5 100.000 (99.699)
Epoch: [77][240/391], lr: 0.01000	Loss 0.4138 (0.3413)	Prec@1 87.500 (88.670)	Prec@5 100.000 (99.702)
Epoch: [77][250/391], lr: 0.01000	Loss 0.3360 (0.3391)	Prec@1 89.062 (88.729)	Prec@5 99.219 (99.704)
Epoch: [77][260/391], lr: 0.01000	Loss 0.3064 (0.3393)	Prec@1 86.719 (88.727)	Prec@5 100.000 (99.710)
Epoch: [77][270/391], lr: 0.01000	Loss 0.3278 (0.3380)	Prec@1 87.500 (88.789)	Prec@5 100.000 (99.712)
Epoch: [77][280/391], lr: 0.01000	Loss 0.3559 (0.3375)	Prec@1 87.500 (88.804)	Prec@5 99.219 (99.711)
Epoch: [77][290/391], lr: 0.01000	Loss 0.3657 (0.3375)	Prec@1 86.719 (88.802)	Prec@5 99.219 (99.713)
Epoch: [77][300/391], lr: 0.01000	Loss 0.4439 (0.3398)	Prec@1 82.812 (88.722)	Prec@5 100.000 (99.709)
Epoch: [77][310/391], lr: 0.01000	Loss 0.4173 (0.3408)	Prec@1 87.500 (88.666)	Prec@5 99.219 (99.714)
Epoch: [77][320/391], lr: 0.01000	Loss 0.4624 (0.3426)	Prec@1 86.719 (88.566)	Prec@5 100.000 (99.715)
Epoch: [77][330/391], lr: 0.01000	Loss 0.3076 (0.3443)	Prec@1 88.281 (88.503)	Prec@5 100.000 (99.710)
Epoch: [77][340/391], lr: 0.01000	Loss 0.2697 (0.3469)	Prec@1 87.500 (88.421)	Prec@5 100.000 (99.700)
Epoch: [77][350/391], lr: 0.01000	Loss 0.5024 (0.3478)	Prec@1 80.469 (88.386)	Prec@5 100.000 (99.697)
Epoch: [77][360/391], lr: 0.01000	Loss 0.3871 (0.3487)	Prec@1 86.719 (88.355)	Prec@5 100.000 (99.691)
Epoch: [77][370/391], lr: 0.01000	Loss 0.3576 (0.3498)	Prec@1 87.500 (88.298)	Prec@5 100.000 (99.697)
Epoch: [77][380/391], lr: 0.01000	Loss 0.3377 (0.3504)	Prec@1 89.844 (88.287)	Prec@5 100.000 (99.694)
Epoch: [77][390/391], lr: 0.01000	Loss 0.3011 (0.3507)	Prec@1 91.250 (88.284)	Prec@5 100.000 (99.692)
Epoch [77] Training Results: Prec@1 88.284 Prec@5 99.692             Loss 0.35069
Epoch [77] Training Class Recall: [0.776,0.837,0.818,0.857,0.897,0.905,0.928,0.921,0.945,0.943]

Epoch: [78][0/391], lr: 0.01000	Loss 0.3362 (0.3362)	Prec@1 87.500 (87.500)	Prec@5 100.000 (100.000)
Epoch: [78][10/391], lr: 0.01000	Loss 0.3619 (0.3910)	Prec@1 88.281 (87.784)	Prec@5 99.219 (99.574)
Epoch: [78][20/391], lr: 0.01000	Loss 0.3107 (0.3662)	Prec@1 89.062 (87.686)	Prec@5 100.000 (99.665)
Epoch: [78][30/391], lr: 0.01000	Loss 0.2795 (0.3579)	Prec@1 89.844 (88.130)	Prec@5 100.000 (99.773)
Epoch: [78][40/391], lr: 0.01000	Loss 0.5240 (0.3564)	Prec@1 82.812 (88.186)	Prec@5 100.000 (99.752)
Epoch: [78][50/391], lr: 0.01000	Loss 0.2073 (0.3504)	Prec@1 93.750 (88.404)	Prec@5 100.000 (99.770)
Epoch: [78][60/391], lr: 0.01000	Loss 0.2711 (0.3463)	Prec@1 89.844 (88.473)	Prec@5 100.000 (99.769)
Epoch: [78][70/391], lr: 0.01000	Loss 0.2636 (0.3499)	Prec@1 92.188 (88.270)	Prec@5 99.219 (99.758)
Epoch: [78][80/391], lr: 0.01000	Loss 0.2798 (0.3492)	Prec@1 90.625 (88.426)	Prec@5 100.000 (99.759)
Epoch: [78][90/391], lr: 0.01000	Loss 0.2499 (0.3459)	Prec@1 93.750 (88.573)	Prec@5 100.000 (99.777)
Epoch: [78][100/391], lr: 0.01000	Loss 0.3928 (0.3491)	Prec@1 89.844 (88.490)	Prec@5 97.656 (99.768)
Epoch: [78][110/391], lr: 0.01000	Loss 0.3223 (0.3507)	Prec@1 87.500 (88.450)	Prec@5 100.000 (99.782)
Epoch: [78][120/391], lr: 0.01000	Loss 0.3459 (0.3496)	Prec@1 86.719 (88.481)	Prec@5 99.219 (99.774)
Epoch: [78][130/391], lr: 0.01000	Loss 0.4609 (0.3526)	Prec@1 84.375 (88.323)	Prec@5 99.219 (99.755)
Epoch: [78][140/391], lr: 0.01000	Loss 0.2883 (0.3542)	Prec@1 89.844 (88.209)	Prec@5 100.000 (99.751)
Epoch: [78][150/391], lr: 0.01000	Loss 0.3678 (0.3553)	Prec@1 91.406 (88.173)	Prec@5 99.219 (99.741)
Epoch: [78][160/391], lr: 0.01000	Loss 0.3366 (0.3565)	Prec@1 85.156 (88.116)	Prec@5 100.000 (99.728)
Epoch: [78][170/391], lr: 0.01000	Loss 0.3837 (0.3576)	Prec@1 88.281 (88.076)	Prec@5 100.000 (99.721)
Epoch: [78][180/391], lr: 0.01000	Loss 0.3965 (0.3571)	Prec@1 87.500 (88.035)	Prec@5 99.219 (99.732)
Epoch: [78][190/391], lr: 0.01000	Loss 0.4106 (0.3585)	Prec@1 85.156 (87.958)	Prec@5 99.219 (99.730)
Epoch: [78][200/391], lr: 0.01000	Loss 0.3623 (0.3578)	Prec@1 87.500 (87.990)	Prec@5 99.219 (99.728)
Epoch: [78][210/391], lr: 0.01000	Loss 0.2505 (0.3585)	Prec@1 90.625 (88.022)	Prec@5 100.000 (99.733)
Epoch: [78][220/391], lr: 0.01000	Loss 0.2771 (0.3579)	Prec@1 90.625 (88.020)	Prec@5 100.000 (99.742)
Epoch: [78][230/391], lr: 0.01000	Loss 0.3559 (0.3579)	Prec@1 91.406 (88.028)	Prec@5 100.000 (99.736)
Epoch: [78][240/391], lr: 0.01000	Loss 0.4695 (0.3581)	Prec@1 84.375 (88.032)	Prec@5 99.219 (99.734)
Epoch: [78][250/391], lr: 0.01000	Loss 0.3815 (0.3573)	Prec@1 87.500 (88.045)	Prec@5 100.000 (99.735)
Epoch: [78][260/391], lr: 0.01000	Loss 0.3195 (0.3577)	Prec@1 85.938 (88.012)	Prec@5 100.000 (99.734)
Epoch: [78][270/391], lr: 0.01000	Loss 0.4632 (0.3591)	Prec@1 86.719 (87.964)	Prec@5 100.000 (99.735)
Epoch: [78][280/391], lr: 0.01000	Loss 0.3213 (0.3592)	Prec@1 90.625 (87.956)	Prec@5 100.000 (99.744)
Epoch: [78][290/391], lr: 0.01000	Loss 0.3202 (0.3596)	Prec@1 88.281 (87.948)	Prec@5 100.000 (99.753)
Epoch: [78][300/391], lr: 0.01000	Loss 0.4990 (0.3615)	Prec@1 81.250 (87.915)	Prec@5 99.219 (99.746)
Epoch: [78][310/391], lr: 0.01000	Loss 0.3990 (0.3629)	Prec@1 84.375 (87.867)	Prec@5 100.000 (99.731)
Epoch: [78][320/391], lr: 0.01000	Loss 0.6212 (0.3651)	Prec@1 83.594 (87.804)	Prec@5 96.094 (99.713)
Epoch: [78][330/391], lr: 0.01000	Loss 0.3793 (0.3662)	Prec@1 87.500 (87.760)	Prec@5 100.000 (99.717)
Epoch: [78][340/391], lr: 0.01000	Loss 0.3113 (0.3657)	Prec@1 89.844 (87.786)	Prec@5 100.000 (99.711)
Epoch: [78][350/391], lr: 0.01000	Loss 0.3471 (0.3661)	Prec@1 89.844 (87.783)	Prec@5 100.000 (99.715)
Epoch: [78][360/391], lr: 0.01000	Loss 0.4437 (0.3665)	Prec@1 87.500 (87.753)	Prec@5 98.438 (99.708)
Epoch: [78][370/391], lr: 0.01000	Loss 0.3257 (0.3669)	Prec@1 89.844 (87.744)	Prec@5 100.000 (99.709)
Epoch: [78][380/391], lr: 0.01000	Loss 0.3738 (0.3680)	Prec@1 84.375 (87.711)	Prec@5 100.000 (99.699)
Epoch: [78][390/391], lr: 0.01000	Loss 0.4050 (0.3687)	Prec@1 90.000 (87.680)	Prec@5 100.000 (99.696)
Epoch [78] Training Results: Prec@1 87.680 Prec@5 99.696             Loss 0.36873
Epoch [78] Training Class Recall: [0.772,0.825,0.813,0.856,0.885,0.901,0.920,0.922,0.935,0.940]

Epoch: [79][0/391], lr: 0.01000	Loss 0.2464 (0.2464)	Prec@1 95.312 (95.312)	Prec@5 100.000 (100.000)
Epoch: [79][10/391], lr: 0.01000	Loss 0.3192 (0.3397)	Prec@1 88.281 (88.920)	Prec@5 100.000 (99.716)
Epoch: [79][20/391], lr: 0.01000	Loss 0.4675 (0.3381)	Prec@1 84.375 (88.876)	Prec@5 100.000 (99.814)
Epoch: [79][30/391], lr: 0.01000	Loss 0.5073 (0.3498)	Prec@1 82.812 (88.054)	Prec@5 100.000 (99.874)
Epoch: [79][40/391], lr: 0.01000	Loss 0.3539 (0.3519)	Prec@1 88.281 (87.919)	Prec@5 100.000 (99.848)
Epoch: [79][50/391], lr: 0.01000	Loss 0.4255 (0.3578)	Prec@1 85.156 (87.883)	Prec@5 99.219 (99.801)
Epoch: [79][60/391], lr: 0.01000	Loss 0.3466 (0.3575)	Prec@1 89.062 (87.961)	Prec@5 100.000 (99.769)
Epoch: [79][70/391], lr: 0.01000	Loss 0.3952 (0.3548)	Prec@1 84.375 (88.039)	Prec@5 100.000 (99.780)
Epoch: [79][80/391], lr: 0.01000	Loss 0.3914 (0.3600)	Prec@1 85.938 (87.838)	Prec@5 100.000 (99.740)
Epoch: [79][90/391], lr: 0.01000	Loss 0.4295 (0.3607)	Prec@1 84.375 (87.783)	Prec@5 99.219 (99.717)
Epoch: [79][100/391], lr: 0.01000	Loss 0.1869 (0.3563)	Prec@1 94.531 (87.925)	Prec@5 100.000 (99.722)
Epoch: [79][110/391], lr: 0.01000	Loss 0.2793 (0.3575)	Prec@1 91.406 (87.852)	Prec@5 100.000 (99.697)
Epoch: [79][120/391], lr: 0.01000	Loss 0.4318 (0.3638)	Prec@1 88.281 (87.765)	Prec@5 99.219 (99.684)
Epoch: [79][130/391], lr: 0.01000	Loss 0.3229 (0.3651)	Prec@1 89.062 (87.709)	Prec@5 100.000 (99.684)
Epoch: [79][140/391], lr: 0.01000	Loss 0.3115 (0.3646)	Prec@1 86.719 (87.744)	Prec@5 100.000 (99.684)
Epoch: [79][150/391], lr: 0.01000	Loss 0.4027 (0.3659)	Prec@1 88.281 (87.676)	Prec@5 99.219 (99.700)
Epoch: [79][160/391], lr: 0.01000	Loss 0.5055 (0.3677)	Prec@1 83.594 (87.616)	Prec@5 99.219 (99.680)
Epoch: [79][170/391], lr: 0.01000	Loss 0.3976 (0.3672)	Prec@1 84.375 (87.596)	Prec@5 100.000 (99.694)
Epoch: [79][180/391], lr: 0.01000	Loss 0.3435 (0.3667)	Prec@1 85.156 (87.599)	Prec@5 99.219 (99.698)
Epoch: [79][190/391], lr: 0.01000	Loss 0.2623 (0.3655)	Prec@1 90.625 (87.655)	Prec@5 100.000 (99.697)
Epoch: [79][200/391], lr: 0.01000	Loss 0.3290 (0.3646)	Prec@1 89.062 (87.652)	Prec@5 100.000 (99.708)
Epoch: [79][210/391], lr: 0.01000	Loss 0.3137 (0.3632)	Prec@1 92.188 (87.737)	Prec@5 100.000 (99.711)
Epoch: [79][220/391], lr: 0.01000	Loss 0.3492 (0.3627)	Prec@1 90.625 (87.751)	Prec@5 98.438 (99.703)
Epoch: [79][230/391], lr: 0.01000	Loss 0.2634 (0.3619)	Prec@1 89.844 (87.784)	Prec@5 100.000 (99.716)
Epoch: [79][240/391], lr: 0.01000	Loss 0.2834 (0.3604)	Prec@1 90.625 (87.821)	Prec@5 100.000 (99.721)
Epoch: [79][250/391], lr: 0.01000	Loss 0.3896 (0.3595)	Prec@1 87.500 (87.839)	Prec@5 100.000 (99.732)
Epoch: [79][260/391], lr: 0.01000	Loss 0.4420 (0.3613)	Prec@1 82.812 (87.802)	Prec@5 100.000 (99.734)
Epoch: [79][270/391], lr: 0.01000	Loss 0.4310 (0.3639)	Prec@1 85.938 (87.745)	Prec@5 100.000 (99.732)
Epoch: [79][280/391], lr: 0.01000	Loss 0.4388 (0.3667)	Prec@1 83.594 (87.670)	Prec@5 98.438 (99.722)
Epoch: [79][290/391], lr: 0.01000	Loss 0.4867 (0.3682)	Prec@1 83.594 (87.626)	Prec@5 99.219 (99.705)
Epoch: [79][300/391], lr: 0.01000	Loss 0.4519 (0.3680)	Prec@1 84.375 (87.638)	Prec@5 97.656 (99.696)
Epoch: [79][310/391], lr: 0.01000	Loss 0.3175 (0.3674)	Prec@1 91.406 (87.656)	Prec@5 100.000 (99.704)
Epoch: [79][320/391], lr: 0.01000	Loss 0.3280 (0.3664)	Prec@1 87.500 (87.673)	Prec@5 100.000 (99.706)
Epoch: [79][330/391], lr: 0.01000	Loss 0.3930 (0.3670)	Prec@1 87.500 (87.682)	Prec@5 100.000 (99.714)
Epoch: [79][340/391], lr: 0.01000	Loss 0.4629 (0.3664)	Prec@1 85.156 (87.713)	Prec@5 98.438 (99.716)
Epoch: [79][350/391], lr: 0.01000	Loss 0.3983 (0.3660)	Prec@1 88.281 (87.743)	Prec@5 100.000 (99.717)
Epoch: [79][360/391], lr: 0.01000	Loss 0.3446 (0.3645)	Prec@1 85.156 (87.775)	Prec@5 100.000 (99.721)
Epoch: [79][370/391], lr: 0.01000	Loss 0.3552 (0.3636)	Prec@1 89.844 (87.820)	Prec@5 99.219 (99.716)
Epoch: [79][380/391], lr: 0.01000	Loss 0.2598 (0.3624)	Prec@1 92.188 (87.881)	Prec@5 100.000 (99.721)
Epoch: [79][390/391], lr: 0.01000	Loss 0.4313 (0.3624)	Prec@1 86.250 (87.898)	Prec@5 100.000 (99.716)
Epoch [79] Training Results: Prec@1 87.898 Prec@5 99.716             Loss 0.36238
Epoch [79] Training Class Recall: [0.779,0.827,0.814,0.856,0.891,0.895,0.923,0.923,0.938,0.943]

Epoch: [80][0/391], lr: 0.01000	Loss 0.2352 (0.2352)	Prec@1 90.625 (90.625)	Prec@5 100.000 (100.000)
Epoch: [80][10/391], lr: 0.01000	Loss 0.2504 (0.2896)	Prec@1 89.062 (90.483)	Prec@5 100.000 (99.858)
Epoch: [80][20/391], lr: 0.01000	Loss 0.2918 (0.2990)	Prec@1 91.406 (90.513)	Prec@5 100.000 (99.926)
Epoch: [80][30/391], lr: 0.01000	Loss 0.3418 (0.3062)	Prec@1 89.844 (90.197)	Prec@5 100.000 (99.849)
Epoch: [80][40/391], lr: 0.01000	Loss 0.3546 (0.3152)	Prec@1 88.281 (89.844)	Prec@5 100.000 (99.848)
Epoch: [80][50/391], lr: 0.01000	Loss 0.5178 (0.3245)	Prec@1 82.031 (89.430)	Prec@5 99.219 (99.816)
Epoch: [80][60/391], lr: 0.01000	Loss 0.5771 (0.3313)	Prec@1 85.938 (89.203)	Prec@5 100.000 (99.833)
Epoch: [80][70/391], lr: 0.01000	Loss 0.4338 (0.3407)	Prec@1 87.500 (89.040)	Prec@5 100.000 (99.813)
Epoch: [80][80/391], lr: 0.01000	Loss 0.3003 (0.3472)	Prec@1 88.281 (88.667)	Prec@5 100.000 (99.807)
Epoch: [80][90/391], lr: 0.01000	Loss 0.3900 (0.3510)	Prec@1 89.062 (88.504)	Prec@5 100.000 (99.777)
Epoch: [80][100/391], lr: 0.01000	Loss 0.2912 (0.3527)	Prec@1 87.500 (88.382)	Prec@5 100.000 (99.776)
Epoch: [80][110/391], lr: 0.01000	Loss 0.3324 (0.3494)	Prec@1 89.062 (88.450)	Prec@5 100.000 (99.782)
Epoch: [80][120/391], lr: 0.01000	Loss 0.4136 (0.3499)	Prec@1 86.719 (88.443)	Prec@5 100.000 (99.780)
Epoch: [80][130/391], lr: 0.01000	Loss 0.3431 (0.3479)	Prec@1 89.062 (88.460)	Prec@5 99.219 (99.785)
Epoch: [80][140/391], lr: 0.01000	Loss 0.4003 (0.3497)	Prec@1 85.938 (88.398)	Prec@5 100.000 (99.778)
Epoch: [80][150/391], lr: 0.01000	Loss 0.4003 (0.3483)	Prec@1 82.812 (88.483)	Prec@5 99.219 (99.767)
Epoch: [80][160/391], lr: 0.01000	Loss 0.4271 (0.3493)	Prec@1 87.500 (88.466)	Prec@5 98.438 (99.757)
Epoch: [80][170/391], lr: 0.01000	Loss 0.3011 (0.3496)	Prec@1 87.500 (88.450)	Prec@5 99.219 (99.744)
Epoch: [80][180/391], lr: 0.01000	Loss 0.3390 (0.3523)	Prec@1 91.406 (88.402)	Prec@5 100.000 (99.750)
Epoch: [80][190/391], lr: 0.01000	Loss 0.3566 (0.3538)	Prec@1 88.281 (88.330)	Prec@5 100.000 (99.750)
Epoch: [80][200/391], lr: 0.01000	Loss 0.3665 (0.3535)	Prec@1 86.719 (88.328)	Prec@5 99.219 (99.747)
Epoch: [80][210/391], lr: 0.01000	Loss 0.3514 (0.3546)	Prec@1 87.500 (88.207)	Prec@5 100.000 (99.733)
Epoch: [80][220/391], lr: 0.01000	Loss 0.3776 (0.3538)	Prec@1 90.625 (88.239)	Prec@5 99.219 (99.735)
Epoch: [80][230/391], lr: 0.01000	Loss 0.2924 (0.3527)	Prec@1 89.062 (88.298)	Prec@5 99.219 (99.733)
Epoch: [80][240/391], lr: 0.01000	Loss 0.3684 (0.3525)	Prec@1 89.844 (88.301)	Prec@5 100.000 (99.721)
Epoch: [80][250/391], lr: 0.01000	Loss 0.3429 (0.3536)	Prec@1 86.719 (88.241)	Prec@5 100.000 (99.720)
Epoch: [80][260/391], lr: 0.01000	Loss 0.3548 (0.3528)	Prec@1 87.500 (88.284)	Prec@5 99.219 (99.719)
Epoch: [80][270/391], lr: 0.01000	Loss 0.4329 (0.3532)	Prec@1 86.719 (88.287)	Prec@5 100.000 (99.717)
Epoch: [80][280/391], lr: 0.01000	Loss 0.4019 (0.3539)	Prec@1 85.938 (88.265)	Prec@5 99.219 (99.719)
Epoch: [80][290/391], lr: 0.01000	Loss 0.2918 (0.3552)	Prec@1 91.406 (88.228)	Prec@5 100.000 (99.715)
Epoch: [80][300/391], lr: 0.01000	Loss 0.5823 (0.3565)	Prec@1 82.812 (88.198)	Prec@5 97.656 (99.702)
Epoch: [80][310/391], lr: 0.01000	Loss 0.4177 (0.3572)	Prec@1 87.500 (88.178)	Prec@5 100.000 (99.701)
Epoch: [80][320/391], lr: 0.01000	Loss 0.4463 (0.3584)	Prec@1 87.500 (88.123)	Prec@5 100.000 (99.708)
Epoch: [80][330/391], lr: 0.01000	Loss 0.5347 (0.3597)	Prec@1 78.906 (88.064)	Prec@5 99.219 (99.703)
Epoch: [80][340/391], lr: 0.01000	Loss 0.5164 (0.3603)	Prec@1 84.375 (88.052)	Prec@5 100.000 (99.700)
Epoch: [80][350/391], lr: 0.01000	Loss 0.4049 (0.3606)	Prec@1 86.719 (88.050)	Prec@5 100.000 (99.708)
Epoch: [80][360/391], lr: 0.01000	Loss 0.3913 (0.3608)	Prec@1 84.375 (88.032)	Prec@5 100.000 (99.706)
Epoch: [80][370/391], lr: 0.01000	Loss 0.3956 (0.3612)	Prec@1 83.594 (87.999)	Prec@5 100.000 (99.703)
Epoch: [80][380/391], lr: 0.01000	Loss 0.5718 (0.3626)	Prec@1 84.375 (87.949)	Prec@5 97.656 (99.703)
Epoch: [80][390/391], lr: 0.01000	Loss 0.5099 (0.3633)	Prec@1 85.000 (87.936)	Prec@5 100.000 (99.698)
Epoch [80] Training Results: Prec@1 87.936 Prec@5 99.698             Loss 0.36332
Epoch [80] Training Class Recall: [0.772,0.840,0.814,0.856,0.890,0.902,0.919,0.919,0.935,0.947]

Epoch: [81][0/391], lr: 0.01000	Loss 0.2816 (0.2816)	Prec@1 89.844 (89.844)	Prec@5 100.000 (100.000)
Epoch: [81][10/391], lr: 0.01000	Loss 0.4009 (0.3510)	Prec@1 85.938 (87.997)	Prec@5 100.000 (99.858)
Epoch: [81][20/391], lr: 0.01000	Loss 0.4244 (0.3630)	Prec@1 82.031 (86.979)	Prec@5 100.000 (99.814)
Epoch: [81][30/391], lr: 0.01000	Loss 0.3063 (0.3906)	Prec@1 90.625 (86.341)	Prec@5 100.000 (99.723)
Epoch: [81][40/391], lr: 0.01000	Loss 0.3382 (0.3989)	Prec@1 89.844 (86.300)	Prec@5 100.000 (99.676)
Epoch: [81][50/391], lr: 0.01000	Loss 0.3283 (0.3908)	Prec@1 86.719 (86.351)	Prec@5 99.219 (99.632)
Epoch: [81][60/391], lr: 0.01000	Loss 0.3295 (0.3933)	Prec@1 89.844 (86.399)	Prec@5 100.000 (99.641)
Epoch: [81][70/391], lr: 0.01000	Loss 0.2945 (0.3838)	Prec@1 90.625 (86.829)	Prec@5 100.000 (99.648)
Epoch: [81][80/391], lr: 0.01000	Loss 0.3366 (0.3758)	Prec@1 89.844 (87.182)	Prec@5 100.000 (99.653)
Epoch: [81][90/391], lr: 0.01000	Loss 0.3365 (0.3712)	Prec@1 88.281 (87.354)	Prec@5 100.000 (99.639)
Epoch: [81][100/391], lr: 0.01000	Loss 0.2484 (0.3681)	Prec@1 90.625 (87.515)	Prec@5 100.000 (99.652)
Epoch: [81][110/391], lr: 0.01000	Loss 0.3221 (0.3667)	Prec@1 89.844 (87.535)	Prec@5 100.000 (99.669)
Epoch: [81][120/391], lr: 0.01000	Loss 0.3689 (0.3638)	Prec@1 86.719 (87.655)	Prec@5 100.000 (99.684)
Epoch: [81][130/391], lr: 0.01000	Loss 0.4085 (0.3632)	Prec@1 87.500 (87.762)	Prec@5 100.000 (99.696)
Epoch: [81][140/391], lr: 0.01000	Loss 0.2928 (0.3576)	Prec@1 89.844 (87.882)	Prec@5 100.000 (99.712)
Epoch: [81][150/391], lr: 0.01000	Loss 0.3172 (0.3559)	Prec@1 90.625 (87.945)	Prec@5 100.000 (99.726)
Epoch: [81][160/391], lr: 0.01000	Loss 0.4004 (0.3571)	Prec@1 87.500 (87.864)	Prec@5 100.000 (99.738)
Epoch: [81][170/391], lr: 0.01000	Loss 0.3359 (0.3580)	Prec@1 90.625 (87.897)	Prec@5 99.219 (99.721)
Epoch: [81][180/391], lr: 0.01000	Loss 0.4220 (0.3588)	Prec@1 85.938 (87.854)	Prec@5 98.438 (99.715)
Epoch: [81][190/391], lr: 0.01000	Loss 0.4170 (0.3589)	Prec@1 85.938 (87.909)	Prec@5 100.000 (99.714)
Epoch: [81][200/391], lr: 0.01000	Loss 0.3829 (0.3584)	Prec@1 87.500 (87.955)	Prec@5 100.000 (99.701)
Epoch: [81][210/391], lr: 0.01000	Loss 0.3619 (0.3582)	Prec@1 86.719 (87.970)	Prec@5 100.000 (99.693)
Epoch: [81][220/391], lr: 0.01000	Loss 0.3745 (0.3591)	Prec@1 85.938 (87.945)	Prec@5 100.000 (99.678)
Epoch: [81][230/391], lr: 0.01000	Loss 0.5574 (0.3613)	Prec@1 79.688 (87.899)	Prec@5 99.219 (99.662)
Epoch: [81][240/391], lr: 0.01000	Loss 0.3951 (0.3620)	Prec@1 84.375 (87.866)	Prec@5 100.000 (99.669)
Epoch: [81][250/391], lr: 0.01000	Loss 0.3501 (0.3621)	Prec@1 89.844 (87.883)	Prec@5 99.219 (99.676)
Epoch: [81][260/391], lr: 0.01000	Loss 0.4011 (0.3629)	Prec@1 86.719 (87.829)	Prec@5 100.000 (99.677)
Epoch: [81][270/391], lr: 0.01000	Loss 0.3977 (0.3637)	Prec@1 85.156 (87.803)	Prec@5 100.000 (99.671)
Epoch: [81][280/391], lr: 0.01000	Loss 0.3124 (0.3645)	Prec@1 89.844 (87.750)	Prec@5 100.000 (99.675)
Epoch: [81][290/391], lr: 0.01000	Loss 0.3336 (0.3661)	Prec@1 89.062 (87.688)	Prec@5 99.219 (99.659)
Epoch: [81][300/391], lr: 0.01000	Loss 0.5085 (0.3652)	Prec@1 83.594 (87.734)	Prec@5 99.219 (99.665)
Epoch: [81][310/391], lr: 0.01000	Loss 0.3675 (0.3653)	Prec@1 89.844 (87.741)	Prec@5 100.000 (99.661)
Epoch: [81][320/391], lr: 0.01000	Loss 0.3491 (0.3646)	Prec@1 89.062 (87.763)	Prec@5 100.000 (99.662)
Epoch: [81][330/391], lr: 0.01000	Loss 0.3525 (0.3648)	Prec@1 85.156 (87.762)	Prec@5 100.000 (99.655)
Epoch: [81][340/391], lr: 0.01000	Loss 0.5132 (0.3646)	Prec@1 85.156 (87.798)	Prec@5 99.219 (99.656)
Epoch: [81][350/391], lr: 0.01000	Loss 0.3394 (0.3634)	Prec@1 90.625 (87.836)	Prec@5 100.000 (99.659)
Epoch: [81][360/391], lr: 0.01000	Loss 0.3640 (0.3633)	Prec@1 87.500 (87.868)	Prec@5 100.000 (99.660)
Epoch: [81][370/391], lr: 0.01000	Loss 0.3416 (0.3617)	Prec@1 91.406 (87.934)	Prec@5 100.000 (99.663)
Epoch: [81][380/391], lr: 0.01000	Loss 0.4062 (0.3620)	Prec@1 83.594 (87.912)	Prec@5 99.219 (99.664)
Epoch: [81][390/391], lr: 0.01000	Loss 0.4031 (0.3620)	Prec@1 87.500 (87.922)	Prec@5 100.000 (99.666)
Epoch [81] Training Results: Prec@1 87.922 Prec@5 99.666             Loss 0.36196
Epoch [81] Training Class Recall: [0.766,0.832,0.820,0.856,0.891,0.905,0.919,0.924,0.936,0.943]

Epoch: [82][0/391], lr: 0.01000	Loss 0.3693 (0.3693)	Prec@1 89.062 (89.062)	Prec@5 100.000 (100.000)
Epoch: [82][10/391], lr: 0.01000	Loss 0.3055 (0.3564)	Prec@1 90.625 (88.920)	Prec@5 100.000 (99.716)
Epoch: [82][20/391], lr: 0.01000	Loss 0.5415 (0.3878)	Prec@1 87.500 (87.537)	Prec@5 100.000 (99.665)
Epoch: [82][30/391], lr: 0.01000	Loss 0.3437 (0.3687)	Prec@1 88.281 (87.878)	Prec@5 100.000 (99.647)
Epoch: [82][40/391], lr: 0.01000	Loss 0.3961 (0.3653)	Prec@1 86.719 (87.938)	Prec@5 100.000 (99.638)
Epoch: [82][50/391], lr: 0.01000	Loss 0.3678 (0.3656)	Prec@1 89.062 (87.975)	Prec@5 99.219 (99.648)
Epoch: [82][60/391], lr: 0.01000	Loss 0.4057 (0.3613)	Prec@1 85.156 (88.076)	Prec@5 99.219 (99.654)
Epoch: [82][70/391], lr: 0.01000	Loss 0.3158 (0.3601)	Prec@1 90.625 (88.017)	Prec@5 98.438 (99.670)
Epoch: [82][80/391], lr: 0.01000	Loss 0.3395 (0.3509)	Prec@1 85.938 (88.272)	Prec@5 99.219 (99.682)
Epoch: [82][90/391], lr: 0.01000	Loss 0.3888 (0.3506)	Prec@1 85.938 (88.341)	Prec@5 100.000 (99.682)
Epoch: [82][100/391], lr: 0.01000	Loss 0.3169 (0.3567)	Prec@1 88.281 (88.127)	Prec@5 100.000 (99.683)
Epoch: [82][110/391], lr: 0.01000	Loss 0.5210 (0.3611)	Prec@1 85.938 (87.957)	Prec@5 100.000 (99.683)
Epoch: [82][120/391], lr: 0.01000	Loss 0.2623 (0.3620)	Prec@1 93.750 (87.971)	Prec@5 100.000 (99.671)
Epoch: [82][130/391], lr: 0.01000	Loss 0.3255 (0.3656)	Prec@1 88.281 (87.858)	Prec@5 100.000 (99.678)
Epoch: [82][140/391], lr: 0.01000	Loss 0.3690 (0.3650)	Prec@1 89.062 (87.866)	Prec@5 99.219 (99.679)
Epoch: [82][150/391], lr: 0.01000	Loss 0.3180 (0.3639)	Prec@1 86.719 (87.929)	Prec@5 100.000 (99.684)
Epoch: [82][160/391], lr: 0.01000	Loss 0.2965 (0.3621)	Prec@1 89.844 (87.942)	Prec@5 100.000 (99.699)
Epoch: [82][170/391], lr: 0.01000	Loss 0.3907 (0.3639)	Prec@1 85.938 (87.852)	Prec@5 99.219 (99.703)
Epoch: [82][180/391], lr: 0.01000	Loss 0.4052 (0.3640)	Prec@1 85.938 (87.876)	Prec@5 100.000 (99.698)
Epoch: [82][190/391], lr: 0.01000	Loss 0.3535 (0.3646)	Prec@1 83.594 (87.831)	Prec@5 100.000 (99.705)
Epoch: [82][200/391], lr: 0.01000	Loss 0.2927 (0.3660)	Prec@1 89.844 (87.760)	Prec@5 100.000 (99.708)
Epoch: [82][210/391], lr: 0.01000	Loss 0.2291 (0.3664)	Prec@1 92.969 (87.767)	Prec@5 100.000 (99.719)
Epoch: [82][220/391], lr: 0.01000	Loss 0.3381 (0.3654)	Prec@1 89.062 (87.846)	Prec@5 100.000 (99.714)
Epoch: [82][230/391], lr: 0.01000	Loss 0.3063 (0.3654)	Prec@1 91.406 (87.845)	Prec@5 99.219 (99.716)
Epoch: [82][240/391], lr: 0.01000	Loss 0.2512 (0.3692)	Prec@1 92.969 (87.707)	Prec@5 100.000 (99.699)
Epoch: [82][250/391], lr: 0.01000	Loss 0.3670 (0.3691)	Prec@1 88.281 (87.749)	Prec@5 99.219 (99.698)
Epoch: [82][260/391], lr: 0.01000	Loss 0.3450 (0.3690)	Prec@1 89.844 (87.719)	Prec@5 99.219 (99.698)
Epoch: [82][270/391], lr: 0.01000	Loss 0.3847 (0.3706)	Prec@1 89.062 (87.635)	Prec@5 100.000 (99.706)
Epoch: [82][280/391], lr: 0.01000	Loss 0.3644 (0.3715)	Prec@1 84.375 (87.578)	Prec@5 100.000 (99.703)
Epoch: [82][290/391], lr: 0.01000	Loss 0.4279 (0.3722)	Prec@1 88.281 (87.556)	Prec@5 100.000 (99.702)
Epoch: [82][300/391], lr: 0.01000	Loss 0.2840 (0.3704)	Prec@1 89.844 (87.604)	Prec@5 100.000 (99.712)
Epoch: [82][310/391], lr: 0.01000	Loss 0.4037 (0.3689)	Prec@1 86.719 (87.658)	Prec@5 100.000 (99.721)
Epoch: [82][320/391], lr: 0.01000	Loss 0.3155 (0.3665)	Prec@1 87.500 (87.741)	Prec@5 99.219 (99.718)
Epoch: [82][330/391], lr: 0.01000	Loss 0.3665 (0.3661)	Prec@1 85.938 (87.771)	Prec@5 100.000 (99.714)
Epoch: [82][340/391], lr: 0.01000	Loss 0.2327 (0.3652)	Prec@1 91.406 (87.798)	Prec@5 100.000 (99.711)
Epoch: [82][350/391], lr: 0.01000	Loss 0.3463 (0.3646)	Prec@1 89.844 (87.825)	Prec@5 99.219 (99.706)
Epoch: [82][360/391], lr: 0.01000	Loss 0.3339 (0.3630)	Prec@1 86.719 (87.870)	Prec@5 99.219 (99.708)
Epoch: [82][370/391], lr: 0.01000	Loss 0.3887 (0.3614)	Prec@1 87.500 (87.917)	Prec@5 100.000 (99.707)
Epoch: [82][380/391], lr: 0.01000	Loss 0.4550 (0.3616)	Prec@1 86.719 (87.890)	Prec@5 100.000 (99.709)
Epoch: [82][390/391], lr: 0.01000	Loss 0.2519 (0.3602)	Prec@1 91.250 (87.936)	Prec@5 100.000 (99.714)
Epoch [82] Training Results: Prec@1 87.936 Prec@5 99.714             Loss 0.36019
Epoch [82] Training Class Recall: [0.774,0.831,0.815,0.861,0.888,0.905,0.919,0.919,0.939,0.943]

Epoch: [83][0/391], lr: 0.01000	Loss 0.2817 (0.2817)	Prec@1 92.188 (92.188)	Prec@5 100.000 (100.000)
Epoch: [83][10/391], lr: 0.01000	Loss 0.5191 (0.3710)	Prec@1 86.719 (88.068)	Prec@5 100.000 (99.787)
Epoch: [83][20/391], lr: 0.01000	Loss 0.4088 (0.3700)	Prec@1 84.375 (87.574)	Prec@5 100.000 (99.814)
Epoch: [83][30/391], lr: 0.01000	Loss 0.3543 (0.3702)	Prec@1 88.281 (87.500)	Prec@5 100.000 (99.798)
Epoch: [83][40/391], lr: 0.01000	Loss 0.3891 (0.3658)	Prec@1 87.500 (87.710)	Prec@5 100.000 (99.848)
Epoch: [83][50/391], lr: 0.01000	Loss 0.3890 (0.3637)	Prec@1 87.500 (87.837)	Prec@5 98.438 (99.816)
Epoch: [83][60/391], lr: 0.01000	Loss 0.2949 (0.3636)	Prec@1 91.406 (87.756)	Prec@5 99.219 (99.821)
Epoch: [83][70/391], lr: 0.01000	Loss 0.3602 (0.3639)	Prec@1 89.062 (87.753)	Prec@5 99.219 (99.813)
Epoch: [83][80/391], lr: 0.01000	Loss 0.4290 (0.3687)	Prec@1 85.938 (87.548)	Prec@5 100.000 (99.759)
Epoch: [83][90/391], lr: 0.01000	Loss 0.5029 (0.3713)	Prec@1 83.594 (87.594)	Prec@5 100.000 (99.751)
Epoch: [83][100/391], lr: 0.01000	Loss 0.3965 (0.3719)	Prec@1 88.281 (87.693)	Prec@5 100.000 (99.752)
Epoch: [83][110/391], lr: 0.01000	Loss 0.2762 (0.3672)	Prec@1 90.625 (87.803)	Prec@5 99.219 (99.747)
Epoch: [83][120/391], lr: 0.01000	Loss 0.2190 (0.3649)	Prec@1 89.062 (87.920)	Prec@5 100.000 (99.755)
Epoch: [83][130/391], lr: 0.01000	Loss 0.3493 (0.3665)	Prec@1 91.406 (87.941)	Prec@5 100.000 (99.732)
Epoch: [83][140/391], lr: 0.01000	Loss 0.4503 (0.3664)	Prec@1 85.156 (87.916)	Prec@5 99.219 (99.734)
Epoch: [83][150/391], lr: 0.01000	Loss 0.1819 (0.3666)	Prec@1 94.531 (87.940)	Prec@5 100.000 (99.726)
Epoch: [83][160/391], lr: 0.01000	Loss 0.2569 (0.3653)	Prec@1 91.406 (87.956)	Prec@5 99.219 (99.728)
Epoch: [83][170/391], lr: 0.01000	Loss 0.2387 (0.3629)	Prec@1 91.406 (87.989)	Prec@5 99.219 (99.735)
Epoch: [83][180/391], lr: 0.01000	Loss 0.2761 (0.3612)	Prec@1 91.406 (88.040)	Prec@5 100.000 (99.750)
Epoch: [83][190/391], lr: 0.01000	Loss 0.2830 (0.3602)	Prec@1 90.625 (88.064)	Prec@5 100.000 (99.746)
Epoch: [83][200/391], lr: 0.01000	Loss 0.5518 (0.3624)	Prec@1 85.938 (88.032)	Prec@5 98.438 (99.736)
Epoch: [83][210/391], lr: 0.01000	Loss 0.2973 (0.3616)	Prec@1 91.406 (88.033)	Prec@5 100.000 (99.722)
Epoch: [83][220/391], lr: 0.01000	Loss 0.2473 (0.3609)	Prec@1 94.531 (88.094)	Prec@5 100.000 (99.717)
Epoch: [83][230/391], lr: 0.01000	Loss 0.4541 (0.3601)	Prec@1 85.156 (88.102)	Prec@5 98.438 (99.716)
Epoch: [83][240/391], lr: 0.01000	Loss 0.3774 (0.3604)	Prec@1 86.719 (88.054)	Prec@5 99.219 (99.721)
Epoch: [83][250/391], lr: 0.01000	Loss 0.3481 (0.3599)	Prec@1 86.719 (88.051)	Prec@5 100.000 (99.720)
Epoch: [83][260/391], lr: 0.01000	Loss 0.2421 (0.3604)	Prec@1 91.406 (88.024)	Prec@5 100.000 (99.716)
Epoch: [83][270/391], lr: 0.01000	Loss 0.3922 (0.3610)	Prec@1 85.938 (88.010)	Prec@5 100.000 (99.706)
Epoch: [83][280/391], lr: 0.01000	Loss 0.3162 (0.3588)	Prec@1 88.281 (88.089)	Prec@5 99.219 (99.705)
Epoch: [83][290/391], lr: 0.01000	Loss 0.2790 (0.3584)	Prec@1 91.406 (88.104)	Prec@5 100.000 (99.710)
Epoch: [83][300/391], lr: 0.01000	Loss 0.3510 (0.3590)	Prec@1 85.938 (88.094)	Prec@5 100.000 (99.709)
Epoch: [83][310/391], lr: 0.01000	Loss 0.4287 (0.3605)	Prec@1 85.156 (88.058)	Prec@5 100.000 (99.711)
Epoch: [83][320/391], lr: 0.01000	Loss 0.4255 (0.3614)	Prec@1 85.938 (88.048)	Prec@5 99.219 (99.710)
Epoch: [83][330/391], lr: 0.01000	Loss 0.3094 (0.3610)	Prec@1 88.281 (88.057)	Prec@5 100.000 (99.717)
Epoch: [83][340/391], lr: 0.01000	Loss 0.4266 (0.3636)	Prec@1 87.500 (87.988)	Prec@5 100.000 (99.709)
Epoch: [83][350/391], lr: 0.01000	Loss 0.3408 (0.3630)	Prec@1 87.500 (87.983)	Prec@5 100.000 (99.708)
Epoch: [83][360/391], lr: 0.01000	Loss 0.3496 (0.3632)	Prec@1 86.719 (87.974)	Prec@5 99.219 (99.708)
Epoch: [83][370/391], lr: 0.01000	Loss 0.5080 (0.3643)	Prec@1 81.250 (87.915)	Prec@5 100.000 (99.707)
Epoch: [83][380/391], lr: 0.01000	Loss 0.2964 (0.3645)	Prec@1 89.062 (87.918)	Prec@5 100.000 (99.709)
Epoch: [83][390/391], lr: 0.01000	Loss 0.4634 (0.3644)	Prec@1 83.750 (87.924)	Prec@5 98.750 (99.708)
Epoch [83] Training Results: Prec@1 87.924 Prec@5 99.708             Loss 0.36443
Epoch [83] Training Class Recall: [0.770,0.838,0.807,0.857,0.894,0.908,0.922,0.925,0.932,0.940]

Epoch: [84][0/391], lr: 0.01000	Loss 0.4202 (0.4202)	Prec@1 85.938 (85.938)	Prec@5 100.000 (100.000)
Epoch: [84][10/391], lr: 0.01000	Loss 0.4243 (0.3820)	Prec@1 87.500 (87.145)	Prec@5 100.000 (99.645)
Epoch: [84][20/391], lr: 0.01000	Loss 0.3571 (0.3749)	Prec@1 87.500 (87.798)	Prec@5 100.000 (99.702)
Epoch: [84][30/391], lr: 0.01000	Loss 0.3367 (0.3602)	Prec@1 88.281 (88.306)	Prec@5 98.438 (99.672)
Epoch: [84][40/391], lr: 0.01000	Loss 0.3010 (0.3424)	Prec@1 89.062 (88.891)	Prec@5 100.000 (99.695)
Epoch: [84][50/391], lr: 0.01000	Loss 0.3247 (0.3474)	Prec@1 89.062 (88.511)	Prec@5 99.219 (99.678)
Epoch: [84][60/391], lr: 0.01000	Loss 0.3408 (0.3445)	Prec@1 85.938 (88.473)	Prec@5 100.000 (99.718)
Epoch: [84][70/391], lr: 0.01000	Loss 0.2815 (0.3502)	Prec@1 92.969 (88.314)	Prec@5 100.000 (99.692)
Epoch: [84][80/391], lr: 0.01000	Loss 0.3022 (0.3472)	Prec@1 91.406 (88.445)	Prec@5 100.000 (99.711)
Epoch: [84][90/391], lr: 0.01000	Loss 0.5928 (0.3499)	Prec@1 79.688 (88.324)	Prec@5 99.219 (99.725)
Epoch: [84][100/391], lr: 0.01000	Loss 0.2558 (0.3447)	Prec@1 90.625 (88.521)	Prec@5 100.000 (99.752)
Epoch: [84][110/391], lr: 0.01000	Loss 0.2922 (0.3440)	Prec@1 89.062 (88.563)	Prec@5 100.000 (99.761)
Epoch: [84][120/391], lr: 0.01000	Loss 0.3530 (0.3406)	Prec@1 89.062 (88.746)	Prec@5 99.219 (99.755)
Epoch: [84][130/391], lr: 0.01000	Loss 0.2768 (0.3403)	Prec@1 91.406 (88.782)	Prec@5 100.000 (99.761)
Epoch: [84][140/391], lr: 0.01000	Loss 0.2496 (0.3394)	Prec@1 89.844 (88.802)	Prec@5 100.000 (99.762)
Epoch: [84][150/391], lr: 0.01000	Loss 0.5129 (0.3436)	Prec@1 82.812 (88.669)	Prec@5 100.000 (99.736)
Epoch: [84][160/391], lr: 0.01000	Loss 0.2246 (0.3445)	Prec@1 94.531 (88.631)	Prec@5 100.000 (99.738)
Epoch: [84][170/391], lr: 0.01000	Loss 0.1845 (0.3436)	Prec@1 96.094 (88.628)	Prec@5 100.000 (99.753)
Epoch: [84][180/391], lr: 0.01000	Loss 0.2641 (0.3458)	Prec@1 90.625 (88.583)	Prec@5 100.000 (99.732)
Epoch: [84][190/391], lr: 0.01000	Loss 0.3888 (0.3486)	Prec@1 85.938 (88.445)	Prec@5 99.219 (99.718)
Epoch: [84][200/391], lr: 0.01000	Loss 0.2245 (0.3499)	Prec@1 94.531 (88.371)	Prec@5 100.000 (99.712)
Epoch: [84][210/391], lr: 0.01000	Loss 0.4717 (0.3514)	Prec@1 80.469 (88.322)	Prec@5 99.219 (99.711)
Epoch: [84][220/391], lr: 0.01000	Loss 0.3785 (0.3539)	Prec@1 88.281 (88.288)	Prec@5 100.000 (99.703)
Epoch: [84][230/391], lr: 0.01000	Loss 0.4316 (0.3559)	Prec@1 85.938 (88.193)	Prec@5 100.000 (99.706)
Epoch: [84][240/391], lr: 0.01000	Loss 0.5426 (0.3570)	Prec@1 83.594 (88.129)	Prec@5 98.438 (99.702)
Epoch: [84][250/391], lr: 0.01000	Loss 0.3011 (0.3553)	Prec@1 90.625 (88.175)	Prec@5 100.000 (99.707)
Epoch: [84][260/391], lr: 0.01000	Loss 0.3437 (0.3563)	Prec@1 90.625 (88.185)	Prec@5 100.000 (99.713)
Epoch: [84][270/391], lr: 0.01000	Loss 0.5375 (0.3574)	Prec@1 79.688 (88.123)	Prec@5 100.000 (99.715)
Epoch: [84][280/391], lr: 0.01000	Loss 0.4469 (0.3589)	Prec@1 85.938 (88.076)	Prec@5 98.438 (99.705)
Epoch: [84][290/391], lr: 0.01000	Loss 0.3210 (0.3579)	Prec@1 89.844 (88.064)	Prec@5 100.000 (99.707)
Epoch: [84][300/391], lr: 0.01000	Loss 0.3947 (0.3582)	Prec@1 85.938 (88.037)	Prec@5 100.000 (99.707)
Epoch: [84][310/391], lr: 0.01000	Loss 0.1925 (0.3581)	Prec@1 95.312 (88.038)	Prec@5 100.000 (99.709)
Epoch: [84][320/391], lr: 0.01000	Loss 0.2662 (0.3572)	Prec@1 92.969 (88.096)	Prec@5 100.000 (99.706)
Epoch: [84][330/391], lr: 0.01000	Loss 0.2847 (0.3559)	Prec@1 92.188 (88.140)	Prec@5 100.000 (99.707)
Epoch: [84][340/391], lr: 0.01000	Loss 0.4599 (0.3555)	Prec@1 86.719 (88.167)	Prec@5 98.438 (99.698)
Epoch: [84][350/391], lr: 0.01000	Loss 0.4293 (0.3548)	Prec@1 85.938 (88.194)	Prec@5 100.000 (99.700)
Epoch: [84][360/391], lr: 0.01000	Loss 0.4038 (0.3540)	Prec@1 83.594 (88.234)	Prec@5 100.000 (99.708)
Epoch: [84][370/391], lr: 0.01000	Loss 0.3827 (0.3541)	Prec@1 85.938 (88.235)	Prec@5 100.000 (99.712)
Epoch: [84][380/391], lr: 0.01000	Loss 0.3954 (0.3544)	Prec@1 88.281 (88.230)	Prec@5 100.000 (99.715)
Epoch: [84][390/391], lr: 0.01000	Loss 0.2429 (0.3534)	Prec@1 90.000 (88.270)	Prec@5 100.000 (99.722)
Epoch [84] Training Results: Prec@1 88.270 Prec@5 99.722             Loss 0.35343
Epoch [84] Training Class Recall: [0.780,0.832,0.823,0.862,0.891,0.902,0.920,0.925,0.945,0.945]

Epoch: [85][0/391], lr: 0.01000	Loss 0.3305 (0.3305)	Prec@1 88.281 (88.281)	Prec@5 100.000 (100.000)
Epoch: [85][10/391], lr: 0.01000	Loss 0.3038 (0.3295)	Prec@1 91.406 (89.276)	Prec@5 100.000 (99.929)
Epoch: [85][20/391], lr: 0.01000	Loss 0.3547 (0.3465)	Prec@1 85.938 (88.802)	Prec@5 99.219 (99.814)
Epoch: [85][30/391], lr: 0.01000	Loss 0.3525 (0.3408)	Prec@1 89.062 (88.886)	Prec@5 99.219 (99.798)
Epoch: [85][40/391], lr: 0.01000	Loss 0.3809 (0.3533)	Prec@1 87.500 (88.377)	Prec@5 99.219 (99.771)
Epoch: [85][50/391], lr: 0.01000	Loss 0.3411 (0.3450)	Prec@1 91.406 (88.649)	Prec@5 100.000 (99.816)
Epoch: [85][60/391], lr: 0.01000	Loss 0.3916 (0.3423)	Prec@1 85.938 (88.653)	Prec@5 100.000 (99.833)
Epoch: [85][70/391], lr: 0.01000	Loss 0.3336 (0.3368)	Prec@1 92.969 (88.941)	Prec@5 99.219 (99.802)
Epoch: [85][80/391], lr: 0.01000	Loss 0.3043 (0.3357)	Prec@1 89.844 (88.927)	Prec@5 100.000 (99.826)
Epoch: [85][90/391], lr: 0.01000	Loss 0.3098 (0.3319)	Prec@1 89.844 (89.037)	Prec@5 99.219 (99.828)
Epoch: [85][100/391], lr: 0.01000	Loss 0.4306 (0.3327)	Prec@1 89.062 (89.086)	Prec@5 99.219 (99.814)
Epoch: [85][110/391], lr: 0.01000	Loss 0.3783 (0.3338)	Prec@1 86.719 (89.034)	Prec@5 100.000 (99.817)
Epoch: [85][120/391], lr: 0.01000	Loss 0.3524 (0.3346)	Prec@1 87.500 (89.011)	Prec@5 100.000 (99.819)
Epoch: [85][130/391], lr: 0.01000	Loss 0.2987 (0.3365)	Prec@1 86.719 (88.884)	Prec@5 100.000 (99.827)
Epoch: [85][140/391], lr: 0.01000	Loss 0.4500 (0.3376)	Prec@1 84.375 (88.846)	Prec@5 98.438 (99.801)
Epoch: [85][150/391], lr: 0.01000	Loss 0.5184 (0.3414)	Prec@1 83.594 (88.742)	Prec@5 99.219 (99.788)
Epoch: [85][160/391], lr: 0.01000	Loss 0.4715 (0.3443)	Prec@1 84.375 (88.713)	Prec@5 99.219 (99.767)
Epoch: [85][170/391], lr: 0.01000	Loss 0.3005 (0.3454)	Prec@1 89.062 (88.624)	Prec@5 100.000 (99.767)
Epoch: [85][180/391], lr: 0.01000	Loss 0.4375 (0.3480)	Prec@1 87.500 (88.527)	Prec@5 99.219 (99.750)
Epoch: [85][190/391], lr: 0.01000	Loss 0.4922 (0.3490)	Prec@1 83.594 (88.523)	Prec@5 99.219 (99.750)
Epoch: [85][200/391], lr: 0.01000	Loss 0.3248 (0.3504)	Prec@1 89.844 (88.441)	Prec@5 99.219 (99.743)
Epoch: [85][210/391], lr: 0.01000	Loss 0.5241 (0.3522)	Prec@1 80.469 (88.370)	Prec@5 100.000 (99.745)
Epoch: [85][220/391], lr: 0.01000	Loss 0.4698 (0.3535)	Prec@1 83.594 (88.334)	Prec@5 100.000 (99.738)
Epoch: [85][230/391], lr: 0.01000	Loss 0.3009 (0.3548)	Prec@1 91.406 (88.268)	Prec@5 100.000 (99.736)
Epoch: [85][240/391], lr: 0.01000	Loss 0.4155 (0.3553)	Prec@1 86.719 (88.246)	Prec@5 99.219 (99.724)
Epoch: [85][250/391], lr: 0.01000	Loss 0.3214 (0.3561)	Prec@1 89.844 (88.256)	Prec@5 100.000 (99.717)
Epoch: [85][260/391], lr: 0.01000	Loss 0.4267 (0.3565)	Prec@1 86.719 (88.218)	Prec@5 99.219 (99.716)
Epoch: [85][270/391], lr: 0.01000	Loss 0.3503 (0.3580)	Prec@1 88.281 (88.180)	Prec@5 100.000 (99.712)
Epoch: [85][280/391], lr: 0.01000	Loss 0.4887 (0.3598)	Prec@1 82.031 (88.120)	Prec@5 99.219 (99.708)
Epoch: [85][290/391], lr: 0.01000	Loss 0.4061 (0.3606)	Prec@1 85.938 (88.096)	Prec@5 100.000 (99.710)
Epoch: [85][300/391], lr: 0.01000	Loss 0.3613 (0.3613)	Prec@1 88.281 (88.055)	Prec@5 99.219 (99.712)
Epoch: [85][310/391], lr: 0.01000	Loss 0.5201 (0.3619)	Prec@1 80.469 (88.038)	Prec@5 100.000 (99.719)
Epoch: [85][320/391], lr: 0.01000	Loss 0.2827 (0.3619)	Prec@1 88.281 (88.006)	Prec@5 100.000 (99.723)
Epoch: [85][330/391], lr: 0.01000	Loss 0.3016 (0.3620)	Prec@1 89.062 (87.953)	Prec@5 100.000 (99.712)
Epoch: [85][340/391], lr: 0.01000	Loss 0.3629 (0.3620)	Prec@1 86.719 (87.935)	Prec@5 99.219 (99.704)
Epoch: [85][350/391], lr: 0.01000	Loss 0.2840 (0.3620)	Prec@1 88.281 (87.923)	Prec@5 100.000 (99.704)
Epoch: [85][360/391], lr: 0.01000	Loss 0.3535 (0.3619)	Prec@1 89.844 (87.918)	Prec@5 100.000 (99.710)
Epoch: [85][370/391], lr: 0.01000	Loss 0.4174 (0.3608)	Prec@1 85.156 (87.936)	Prec@5 100.000 (99.712)
Epoch: [85][380/391], lr: 0.01000	Loss 0.2235 (0.3606)	Prec@1 96.094 (87.961)	Prec@5 99.219 (99.709)
Epoch: [85][390/391], lr: 0.01000	Loss 0.3294 (0.3594)	Prec@1 90.000 (87.992)	Prec@5 100.000 (99.712)
Epoch [85] Training Results: Prec@1 87.992 Prec@5 99.712             Loss 0.35938
Epoch [85] Training Class Recall: [0.771,0.835,0.817,0.855,0.894,0.901,0.925,0.919,0.938,0.944]

Epoch: [86][0/391], lr: 0.01000	Loss 0.3469 (0.3469)	Prec@1 89.062 (89.062)	Prec@5 100.000 (100.000)
Epoch: [86][10/391], lr: 0.01000	Loss 0.2469 (0.3670)	Prec@1 88.281 (88.068)	Prec@5 100.000 (99.716)
Epoch: [86][20/391], lr: 0.01000	Loss 0.3739 (0.3594)	Prec@1 85.938 (87.946)	Prec@5 100.000 (99.851)
Epoch: [86][30/391], lr: 0.01000	Loss 0.3293 (0.3456)	Prec@1 87.500 (88.306)	Prec@5 100.000 (99.824)
Epoch: [86][40/391], lr: 0.01000	Loss 0.2202 (0.3473)	Prec@1 92.188 (88.396)	Prec@5 100.000 (99.828)
Epoch: [86][50/391], lr: 0.01000	Loss 0.4878 (0.3452)	Prec@1 82.812 (88.327)	Prec@5 100.000 (99.801)
Epoch: [86][60/391], lr: 0.01000	Loss 0.3012 (0.3440)	Prec@1 90.625 (88.512)	Prec@5 99.219 (99.757)
Epoch: [86][70/391], lr: 0.01000	Loss 0.3263 (0.3470)	Prec@1 89.062 (88.193)	Prec@5 99.219 (99.725)
Epoch: [86][80/391], lr: 0.01000	Loss 0.3116 (0.3419)	Prec@1 89.062 (88.301)	Prec@5 100.000 (99.749)
Epoch: [86][90/391], lr: 0.01000	Loss 0.2497 (0.3439)	Prec@1 89.062 (88.281)	Prec@5 100.000 (99.734)
Epoch: [86][100/391], lr: 0.01000	Loss 0.4547 (0.3470)	Prec@1 84.375 (88.235)	Prec@5 99.219 (99.683)
Epoch: [86][110/391], lr: 0.01000	Loss 0.3538 (0.3473)	Prec@1 88.281 (88.260)	Prec@5 99.219 (99.690)
Epoch: [86][120/391], lr: 0.01000	Loss 0.4142 (0.3501)	Prec@1 85.156 (88.146)	Prec@5 100.000 (99.697)
Epoch: [86][130/391], lr: 0.01000	Loss 0.4806 (0.3480)	Prec@1 85.938 (88.257)	Prec@5 100.000 (99.702)
Epoch: [86][140/391], lr: 0.01000	Loss 0.3426 (0.3472)	Prec@1 89.062 (88.303)	Prec@5 99.219 (99.690)
Epoch: [86][150/391], lr: 0.01000	Loss 0.2802 (0.3493)	Prec@1 90.625 (88.250)	Prec@5 100.000 (99.690)
Epoch: [86][160/391], lr: 0.01000	Loss 0.4097 (0.3499)	Prec@1 83.594 (88.238)	Prec@5 100.000 (99.699)
Epoch: [86][170/391], lr: 0.01000	Loss 0.2726 (0.3496)	Prec@1 92.969 (88.254)	Prec@5 100.000 (99.689)
Epoch: [86][180/391], lr: 0.01000	Loss 0.4046 (0.3512)	Prec@1 85.938 (88.217)	Prec@5 100.000 (99.681)
Epoch: [86][190/391], lr: 0.01000	Loss 0.3387 (0.3510)	Prec@1 91.406 (88.261)	Prec@5 100.000 (99.693)
Epoch: [86][200/391], lr: 0.01000	Loss 0.4016 (0.3501)	Prec@1 85.156 (88.277)	Prec@5 100.000 (99.708)
Epoch: [86][210/391], lr: 0.01000	Loss 0.2704 (0.3482)	Prec@1 92.188 (88.348)	Prec@5 100.000 (99.711)
Epoch: [86][220/391], lr: 0.01000	Loss 0.3118 (0.3471)	Prec@1 88.281 (88.419)	Prec@5 99.219 (99.707)
Epoch: [86][230/391], lr: 0.01000	Loss 0.2639 (0.3445)	Prec@1 92.969 (88.477)	Prec@5 100.000 (99.709)
Epoch: [86][240/391], lr: 0.01000	Loss 0.3454 (0.3426)	Prec@1 88.281 (88.521)	Prec@5 100.000 (99.718)
Epoch: [86][250/391], lr: 0.01000	Loss 0.2152 (0.3419)	Prec@1 93.750 (88.580)	Prec@5 100.000 (99.723)
Epoch: [86][260/391], lr: 0.01000	Loss 0.3471 (0.3421)	Prec@1 89.844 (88.563)	Prec@5 100.000 (99.728)
Epoch: [86][270/391], lr: 0.01000	Loss 0.2986 (0.3413)	Prec@1 88.281 (88.595)	Prec@5 100.000 (99.729)
Epoch: [86][280/391], lr: 0.01000	Loss 0.4630 (0.3428)	Prec@1 83.594 (88.554)	Prec@5 100.000 (99.730)
Epoch: [86][290/391], lr: 0.01000	Loss 0.3598 (0.3436)	Prec@1 89.062 (88.550)	Prec@5 100.000 (99.734)
Epoch: [86][300/391], lr: 0.01000	Loss 0.3599 (0.3433)	Prec@1 88.281 (88.564)	Prec@5 100.000 (99.735)
Epoch: [86][310/391], lr: 0.01000	Loss 0.5028 (0.3432)	Prec@1 88.281 (88.595)	Prec@5 99.219 (99.729)
Epoch: [86][320/391], lr: 0.01000	Loss 0.3845 (0.3445)	Prec@1 85.938 (88.571)	Prec@5 99.219 (99.727)
Epoch: [86][330/391], lr: 0.01000	Loss 0.4328 (0.3451)	Prec@1 84.375 (88.553)	Prec@5 98.438 (99.726)
Epoch: [86][340/391], lr: 0.01000	Loss 0.4208 (0.3458)	Prec@1 85.156 (88.497)	Prec@5 100.000 (99.732)
Epoch: [86][350/391], lr: 0.01000	Loss 0.4326 (0.3469)	Prec@1 82.812 (88.459)	Prec@5 99.219 (99.726)
Epoch: [86][360/391], lr: 0.01000	Loss 0.3348 (0.3482)	Prec@1 86.719 (88.413)	Prec@5 100.000 (99.725)
Epoch: [86][370/391], lr: 0.01000	Loss 0.3960 (0.3495)	Prec@1 86.719 (88.370)	Prec@5 100.000 (99.724)
Epoch: [86][380/391], lr: 0.01000	Loss 0.2413 (0.3502)	Prec@1 89.062 (88.337)	Prec@5 100.000 (99.725)
Epoch: [86][390/391], lr: 0.01000	Loss 0.4581 (0.3505)	Prec@1 78.750 (88.324)	Prec@5 98.750 (99.722)
Epoch [86] Training Results: Prec@1 88.324 Prec@5 99.722             Loss 0.35052
Epoch [86] Training Class Recall: [0.778,0.842,0.820,0.864,0.892,0.909,0.920,0.920,0.941,0.947]

Epoch: [87][0/391], lr: 0.01000	Loss 0.3395 (0.3395)	Prec@1 86.719 (86.719)	Prec@5 100.000 (100.000)
Epoch: [87][10/391], lr: 0.01000	Loss 0.3325 (0.3486)	Prec@1 89.062 (87.997)	Prec@5 100.000 (99.787)
Epoch: [87][20/391], lr: 0.01000	Loss 0.3295 (0.3456)	Prec@1 87.500 (88.690)	Prec@5 100.000 (99.702)
Epoch: [87][30/391], lr: 0.01000	Loss 0.2604 (0.3504)	Prec@1 92.188 (88.483)	Prec@5 100.000 (99.647)
Epoch: [87][40/391], lr: 0.01000	Loss 0.3902 (0.3553)	Prec@1 85.938 (88.186)	Prec@5 100.000 (99.638)
Epoch: [87][50/391], lr: 0.01000	Loss 0.4234 (0.3448)	Prec@1 87.500 (88.419)	Prec@5 99.219 (99.663)
Epoch: [87][60/391], lr: 0.01000	Loss 0.2611 (0.3416)	Prec@1 92.188 (88.589)	Prec@5 100.000 (99.654)
Epoch: [87][70/391], lr: 0.01000	Loss 0.2607 (0.3352)	Prec@1 89.844 (88.688)	Prec@5 100.000 (99.692)
Epoch: [87][80/391], lr: 0.01000	Loss 0.2885 (0.3316)	Prec@1 92.188 (88.802)	Prec@5 100.000 (99.711)
Epoch: [87][90/391], lr: 0.01000	Loss 0.2726 (0.3320)	Prec@1 90.625 (88.874)	Prec@5 100.000 (99.708)
Epoch: [87][100/391], lr: 0.01000	Loss 0.4599 (0.3334)	Prec@1 83.594 (88.807)	Prec@5 100.000 (99.714)
Epoch: [87][110/391], lr: 0.01000	Loss 0.3967 (0.3342)	Prec@1 88.281 (88.781)	Prec@5 100.000 (99.711)
Epoch: [87][120/391], lr: 0.01000	Loss 0.4448 (0.3373)	Prec@1 84.375 (88.649)	Prec@5 99.219 (99.716)
Epoch: [87][130/391], lr: 0.01000	Loss 0.4742 (0.3388)	Prec@1 82.812 (88.651)	Prec@5 98.438 (99.720)
Epoch: [87][140/391], lr: 0.01000	Loss 0.2411 (0.3368)	Prec@1 92.969 (88.769)	Prec@5 100.000 (99.717)
Epoch: [87][150/391], lr: 0.01000	Loss 0.4370 (0.3427)	Prec@1 85.938 (88.581)	Prec@5 99.219 (99.705)
Epoch: [87][160/391], lr: 0.01000	Loss 0.3863 (0.3456)	Prec@1 86.719 (88.437)	Prec@5 100.000 (99.704)
Epoch: [87][170/391], lr: 0.01000	Loss 0.5045 (0.3509)	Prec@1 85.156 (88.309)	Prec@5 99.219 (99.712)
Epoch: [87][180/391], lr: 0.01000	Loss 0.3986 (0.3522)	Prec@1 86.719 (88.264)	Prec@5 99.219 (99.702)
Epoch: [87][190/391], lr: 0.01000	Loss 0.3845 (0.3543)	Prec@1 87.500 (88.204)	Prec@5 100.000 (99.701)
Epoch: [87][200/391], lr: 0.01000	Loss 0.3164 (0.3585)	Prec@1 88.281 (88.013)	Prec@5 99.219 (99.697)
Epoch: [87][210/391], lr: 0.01000	Loss 0.3345 (0.3596)	Prec@1 89.844 (87.989)	Prec@5 100.000 (99.707)
Epoch: [87][220/391], lr: 0.01000	Loss 0.5550 (0.3631)	Prec@1 83.594 (87.843)	Prec@5 97.656 (99.696)
Epoch: [87][230/391], lr: 0.01000	Loss 0.4283 (0.3642)	Prec@1 82.812 (87.808)	Prec@5 100.000 (99.692)
Epoch: [87][240/391], lr: 0.01000	Loss 0.2571 (0.3637)	Prec@1 90.625 (87.844)	Prec@5 100.000 (99.692)
Epoch: [87][250/391], lr: 0.01000	Loss 0.3811 (0.3647)	Prec@1 86.719 (87.802)	Prec@5 100.000 (99.679)
Epoch: [87][260/391], lr: 0.01000	Loss 0.4560 (0.3655)	Prec@1 85.156 (87.781)	Prec@5 98.438 (99.665)
Epoch: [87][270/391], lr: 0.01000	Loss 0.5237 (0.3662)	Prec@1 84.375 (87.734)	Prec@5 100.000 (99.671)
Epoch: [87][280/391], lr: 0.01000	Loss 0.2073 (0.3640)	Prec@1 95.312 (87.809)	Prec@5 100.000 (99.672)
Epoch: [87][290/391], lr: 0.01000	Loss 0.3299 (0.3627)	Prec@1 86.719 (87.825)	Prec@5 99.219 (99.670)
Epoch: [87][300/391], lr: 0.01000	Loss 0.3606 (0.3614)	Prec@1 85.938 (87.876)	Prec@5 100.000 (99.681)
Epoch: [87][310/391], lr: 0.01000	Loss 0.3587 (0.3598)	Prec@1 88.281 (87.930)	Prec@5 100.000 (99.683)
Epoch: [87][320/391], lr: 0.01000	Loss 0.3209 (0.3583)	Prec@1 89.062 (87.984)	Prec@5 100.000 (99.688)
Epoch: [87][330/391], lr: 0.01000	Loss 0.3486 (0.3578)	Prec@1 88.281 (88.000)	Prec@5 100.000 (99.693)
Epoch: [87][340/391], lr: 0.01000	Loss 0.1864 (0.3566)	Prec@1 95.312 (88.038)	Prec@5 100.000 (99.702)
Epoch: [87][350/391], lr: 0.01000	Loss 0.3230 (0.3561)	Prec@1 86.719 (88.036)	Prec@5 100.000 (99.706)
Epoch: [87][360/391], lr: 0.01000	Loss 0.2742 (0.3551)	Prec@1 87.500 (88.061)	Prec@5 100.000 (99.708)
Epoch: [87][370/391], lr: 0.01000	Loss 0.4439 (0.3566)	Prec@1 85.938 (88.024)	Prec@5 99.219 (99.701)
Epoch: [87][380/391], lr: 0.01000	Loss 0.2615 (0.3562)	Prec@1 92.969 (88.062)	Prec@5 99.219 (99.699)
Epoch: [87][390/391], lr: 0.01000	Loss 0.3098 (0.3565)	Prec@1 90.000 (88.076)	Prec@5 98.750 (99.700)
Epoch [87] Training Results: Prec@1 88.076 Prec@5 99.700             Loss 0.35647
Epoch [87] Training Class Recall: [0.767,0.831,0.822,0.867,0.888,0.901,0.924,0.929,0.938,0.941]

Epoch: [88][0/391], lr: 0.01000	Loss 0.4288 (0.4288)	Prec@1 82.812 (82.812)	Prec@5 99.219 (99.219)
Epoch: [88][10/391], lr: 0.01000	Loss 0.2996 (0.3783)	Prec@1 89.062 (87.642)	Prec@5 100.000 (99.645)
Epoch: [88][20/391], lr: 0.01000	Loss 0.3342 (0.3675)	Prec@1 86.719 (87.686)	Prec@5 100.000 (99.665)
Epoch: [88][30/391], lr: 0.01000	Loss 0.4615 (0.3560)	Prec@1 83.594 (87.853)	Prec@5 99.219 (99.723)
Epoch: [88][40/391], lr: 0.01000	Loss 0.5497 (0.3629)	Prec@1 80.469 (87.614)	Prec@5 98.438 (99.714)
Epoch: [88][50/391], lr: 0.01000	Loss 0.3091 (0.3674)	Prec@1 92.188 (87.669)	Prec@5 100.000 (99.724)
Epoch: [88][60/391], lr: 0.01000	Loss 0.2464 (0.3623)	Prec@1 90.625 (87.833)	Prec@5 100.000 (99.718)
Epoch: [88][70/391], lr: 0.01000	Loss 0.3672 (0.3652)	Prec@1 88.281 (87.720)	Prec@5 100.000 (99.736)
Epoch: [88][80/391], lr: 0.01000	Loss 0.4371 (0.3675)	Prec@1 86.719 (87.654)	Prec@5 99.219 (99.740)
Epoch: [88][90/391], lr: 0.01000	Loss 0.2539 (0.3674)	Prec@1 93.750 (87.766)	Prec@5 100.000 (99.691)
Epoch: [88][100/391], lr: 0.01000	Loss 0.3330 (0.3617)	Prec@1 90.625 (87.995)	Prec@5 99.219 (99.698)
Epoch: [88][110/391], lr: 0.01000	Loss 0.3388 (0.3601)	Prec@1 89.062 (88.063)	Prec@5 100.000 (99.704)
Epoch: [88][120/391], lr: 0.01000	Loss 0.3364 (0.3568)	Prec@1 86.719 (88.159)	Prec@5 100.000 (99.716)
Epoch: [88][130/391], lr: 0.01000	Loss 0.3715 (0.3556)	Prec@1 90.625 (88.222)	Prec@5 100.000 (99.702)
Epoch: [88][140/391], lr: 0.01000	Loss 0.3169 (0.3538)	Prec@1 89.062 (88.281)	Prec@5 100.000 (99.712)
Epoch: [88][150/391], lr: 0.01000	Loss 0.3191 (0.3536)	Prec@1 90.625 (88.343)	Prec@5 100.000 (99.715)
Epoch: [88][160/391], lr: 0.01000	Loss 0.2607 (0.3512)	Prec@1 90.625 (88.364)	Prec@5 99.219 (99.719)
Epoch: [88][170/391], lr: 0.01000	Loss 0.4094 (0.3500)	Prec@1 87.500 (88.354)	Prec@5 100.000 (99.735)
Epoch: [88][180/391], lr: 0.01000	Loss 0.5596 (0.3524)	Prec@1 82.812 (88.329)	Prec@5 97.656 (99.715)
Epoch: [88][190/391], lr: 0.01000	Loss 0.3619 (0.3524)	Prec@1 89.844 (88.347)	Prec@5 100.000 (99.718)
Epoch: [88][200/391], lr: 0.01000	Loss 0.3193 (0.3518)	Prec@1 89.062 (88.308)	Prec@5 100.000 (99.728)
Epoch: [88][210/391], lr: 0.01000	Loss 0.2329 (0.3505)	Prec@1 92.969 (88.370)	Prec@5 100.000 (99.733)
Epoch: [88][220/391], lr: 0.01000	Loss 0.4244 (0.3500)	Prec@1 90.625 (88.398)	Prec@5 100.000 (99.738)
Epoch: [88][230/391], lr: 0.01000	Loss 0.3731 (0.3511)	Prec@1 89.844 (88.356)	Prec@5 100.000 (99.736)
Epoch: [88][240/391], lr: 0.01000	Loss 0.4320 (0.3510)	Prec@1 82.031 (88.327)	Prec@5 100.000 (99.731)
Epoch: [88][250/391], lr: 0.01000	Loss 0.2984 (0.3523)	Prec@1 89.844 (88.303)	Prec@5 100.000 (99.729)
Epoch: [88][260/391], lr: 0.01000	Loss 0.5067 (0.3534)	Prec@1 82.031 (88.242)	Prec@5 99.219 (99.734)
Epoch: [88][270/391], lr: 0.01000	Loss 0.4051 (0.3541)	Prec@1 80.469 (88.206)	Prec@5 99.219 (99.732)
Epoch: [88][280/391], lr: 0.01000	Loss 0.3865 (0.3551)	Prec@1 85.156 (88.162)	Prec@5 100.000 (99.730)
Epoch: [88][290/391], lr: 0.01000	Loss 0.4270 (0.3547)	Prec@1 82.812 (88.171)	Prec@5 100.000 (99.715)
Epoch: [88][300/391], lr: 0.01000	Loss 0.2083 (0.3544)	Prec@1 91.406 (88.198)	Prec@5 100.000 (99.717)
Epoch: [88][310/391], lr: 0.01000	Loss 0.3255 (0.3543)	Prec@1 88.281 (88.231)	Prec@5 100.000 (99.711)
Epoch: [88][320/391], lr: 0.01000	Loss 0.3415 (0.3530)	Prec@1 84.375 (88.262)	Prec@5 99.219 (99.710)
Epoch: [88][330/391], lr: 0.01000	Loss 0.3039 (0.3529)	Prec@1 92.188 (88.248)	Prec@5 99.219 (99.705)
Epoch: [88][340/391], lr: 0.01000	Loss 0.2262 (0.3531)	Prec@1 93.750 (88.240)	Prec@5 100.000 (99.707)
Epoch: [88][350/391], lr: 0.01000	Loss 0.2760 (0.3531)	Prec@1 92.969 (88.263)	Prec@5 100.000 (99.708)
Epoch: [88][360/391], lr: 0.01000	Loss 0.2915 (0.3530)	Prec@1 89.844 (88.257)	Prec@5 100.000 (99.712)
Epoch: [88][370/391], lr: 0.01000	Loss 0.2342 (0.3536)	Prec@1 92.188 (88.271)	Prec@5 100.000 (99.712)
Epoch: [88][380/391], lr: 0.01000	Loss 0.2694 (0.3542)	Prec@1 92.969 (88.271)	Prec@5 100.000 (99.707)
Epoch: [88][390/391], lr: 0.01000	Loss 0.4926 (0.3546)	Prec@1 83.750 (88.246)	Prec@5 98.750 (99.708)
Epoch [88] Training Results: Prec@1 88.246 Prec@5 99.708             Loss 0.35465
Epoch [88] Training Class Recall: [0.772,0.838,0.819,0.863,0.891,0.903,0.930,0.923,0.939,0.947]

Epoch: [89][0/391], lr: 0.01000	Loss 0.3728 (0.3728)	Prec@1 89.062 (89.062)	Prec@5 100.000 (100.000)
Epoch: [89][10/391], lr: 0.01000	Loss 0.3770 (0.3689)	Prec@1 90.625 (87.997)	Prec@5 100.000 (99.787)
Epoch: [89][20/391], lr: 0.01000	Loss 0.3542 (0.3726)	Prec@1 85.938 (87.798)	Prec@5 100.000 (99.702)
Epoch: [89][30/391], lr: 0.01000	Loss 0.3328 (0.3693)	Prec@1 89.844 (87.676)	Prec@5 99.219 (99.521)
Epoch: [89][40/391], lr: 0.01000	Loss 0.2675 (0.3708)	Prec@1 89.844 (87.805)	Prec@5 100.000 (99.581)
Epoch: [89][50/391], lr: 0.01000	Loss 0.3756 (0.3679)	Prec@1 88.281 (87.714)	Prec@5 100.000 (99.648)
Epoch: [89][60/391], lr: 0.01000	Loss 0.4443 (0.3673)	Prec@1 84.375 (87.666)	Prec@5 100.000 (99.667)
Epoch: [89][70/391], lr: 0.01000	Loss 0.3139 (0.3643)	Prec@1 92.188 (87.731)	Prec@5 99.219 (99.670)
Epoch: [89][80/391], lr: 0.01000	Loss 0.2724 (0.3612)	Prec@1 91.406 (87.905)	Prec@5 99.219 (99.633)
Epoch: [89][90/391], lr: 0.01000	Loss 0.3911 (0.3606)	Prec@1 87.500 (87.912)	Prec@5 100.000 (99.639)
Epoch: [89][100/391], lr: 0.01000	Loss 0.3876 (0.3584)	Prec@1 89.062 (87.933)	Prec@5 99.219 (99.652)
Epoch: [89][110/391], lr: 0.01000	Loss 0.2896 (0.3534)	Prec@1 90.625 (88.084)	Prec@5 100.000 (99.669)
Epoch: [89][120/391], lr: 0.01000	Loss 0.4000 (0.3487)	Prec@1 88.281 (88.249)	Prec@5 99.219 (99.690)
Epoch: [89][130/391], lr: 0.01000	Loss 0.2865 (0.3451)	Prec@1 92.188 (88.430)	Prec@5 100.000 (99.696)
Epoch: [89][140/391], lr: 0.01000	Loss 0.3002 (0.3436)	Prec@1 89.844 (88.514)	Prec@5 100.000 (99.706)
Epoch: [89][150/391], lr: 0.01000	Loss 0.2451 (0.3396)	Prec@1 89.062 (88.628)	Prec@5 100.000 (99.726)
Epoch: [89][160/391], lr: 0.01000	Loss 0.2507 (0.3378)	Prec@1 90.625 (88.665)	Prec@5 100.000 (99.743)
Epoch: [89][170/391], lr: 0.01000	Loss 0.2433 (0.3399)	Prec@1 90.625 (88.583)	Prec@5 100.000 (99.749)
Epoch: [89][180/391], lr: 0.01000	Loss 0.4245 (0.3418)	Prec@1 87.500 (88.566)	Prec@5 99.219 (99.745)
Epoch: [89][190/391], lr: 0.01000	Loss 0.2962 (0.3448)	Prec@1 90.625 (88.457)	Prec@5 100.000 (99.738)
Epoch: [89][200/391], lr: 0.01000	Loss 0.4073 (0.3445)	Prec@1 85.938 (88.441)	Prec@5 100.000 (99.751)
Epoch: [89][210/391], lr: 0.01000	Loss 0.2884 (0.3449)	Prec@1 90.625 (88.389)	Prec@5 100.000 (99.756)
Epoch: [89][220/391], lr: 0.01000	Loss 0.4158 (0.3440)	Prec@1 88.281 (88.412)	Prec@5 100.000 (99.760)
Epoch: [89][230/391], lr: 0.01000	Loss 0.3950 (0.3448)	Prec@1 85.156 (88.393)	Prec@5 99.219 (99.753)
Epoch: [89][240/391], lr: 0.01000	Loss 0.3103 (0.3449)	Prec@1 87.500 (88.366)	Prec@5 100.000 (99.763)
Epoch: [89][250/391], lr: 0.01000	Loss 0.3284 (0.3475)	Prec@1 88.281 (88.294)	Prec@5 100.000 (99.763)
Epoch: [89][260/391], lr: 0.01000	Loss 0.4265 (0.3500)	Prec@1 85.938 (88.188)	Prec@5 100.000 (99.755)
Epoch: [89][270/391], lr: 0.01000	Loss 0.3540 (0.3516)	Prec@1 87.500 (88.143)	Prec@5 99.219 (99.743)
Epoch: [89][280/391], lr: 0.01000	Loss 0.2646 (0.3531)	Prec@1 91.406 (88.089)	Prec@5 100.000 (99.728)
Epoch: [89][290/391], lr: 0.01000	Loss 0.2354 (0.3531)	Prec@1 93.750 (88.091)	Prec@5 100.000 (99.721)
Epoch: [89][300/391], lr: 0.01000	Loss 0.3246 (0.3536)	Prec@1 90.625 (88.079)	Prec@5 100.000 (99.725)
Epoch: [89][310/391], lr: 0.01000	Loss 0.2559 (0.3546)	Prec@1 91.406 (88.035)	Prec@5 100.000 (99.721)
Epoch: [89][320/391], lr: 0.01000	Loss 0.3788 (0.3560)	Prec@1 89.062 (88.021)	Prec@5 99.219 (99.715)
Epoch: [89][330/391], lr: 0.01000	Loss 0.4593 (0.3570)	Prec@1 86.719 (88.022)	Prec@5 99.219 (99.707)
Epoch: [89][340/391], lr: 0.01000	Loss 0.3181 (0.3573)	Prec@1 88.281 (87.999)	Prec@5 99.219 (99.707)
Epoch: [89][350/391], lr: 0.01000	Loss 0.4547 (0.3571)	Prec@1 85.938 (88.016)	Prec@5 99.219 (99.704)
Epoch: [89][360/391], lr: 0.01000	Loss 0.3902 (0.3572)	Prec@1 86.719 (88.009)	Prec@5 99.219 (99.706)
Epoch: [89][370/391], lr: 0.01000	Loss 0.2830 (0.3569)	Prec@1 92.188 (88.020)	Prec@5 99.219 (99.703)
Epoch: [89][380/391], lr: 0.01000	Loss 0.3045 (0.3559)	Prec@1 85.156 (88.037)	Prec@5 100.000 (99.705)
Epoch: [89][390/391], lr: 0.01000	Loss 0.2530 (0.3552)	Prec@1 92.500 (88.076)	Prec@5 100.000 (99.710)
Epoch [89] Training Results: Prec@1 88.076 Prec@5 99.710             Loss 0.35522
Epoch [89] Training Class Recall: [0.769,0.833,0.823,0.859,0.893,0.908,0.924,0.915,0.938,0.945]

Epoch: [90][0/391], lr: 0.01000	Loss 0.3431 (0.3431)	Prec@1 87.500 (87.500)	Prec@5 100.000 (100.000)
Epoch: [90][10/391], lr: 0.01000	Loss 0.1806 (0.3289)	Prec@1 95.312 (88.423)	Prec@5 100.000 (99.929)
Epoch: [90][20/391], lr: 0.01000	Loss 0.3370 (0.3376)	Prec@1 89.844 (88.876)	Prec@5 99.219 (99.814)
Epoch: [90][30/391], lr: 0.01000	Loss 0.4731 (0.3511)	Prec@1 85.156 (88.130)	Prec@5 100.000 (99.874)
Epoch: [90][40/391], lr: 0.01000	Loss 0.2149 (0.3509)	Prec@1 93.750 (88.167)	Prec@5 100.000 (99.828)
Epoch: [90][50/391], lr: 0.01000	Loss 0.2071 (0.3444)	Prec@1 93.750 (88.312)	Prec@5 100.000 (99.816)
Epoch: [90][60/391], lr: 0.01000	Loss 0.2342 (0.3363)	Prec@1 92.188 (88.589)	Prec@5 99.219 (99.821)
Epoch: [90][70/391], lr: 0.01000	Loss 0.4633 (0.3390)	Prec@1 84.375 (88.490)	Prec@5 100.000 (99.813)
Epoch: [90][80/391], lr: 0.01000	Loss 0.3907 (0.3394)	Prec@1 87.500 (88.580)	Prec@5 100.000 (99.788)
Epoch: [90][90/391], lr: 0.01000	Loss 0.3593 (0.3434)	Prec@1 87.500 (88.401)	Prec@5 100.000 (99.777)
Epoch: [90][100/391], lr: 0.01000	Loss 0.3043 (0.3441)	Prec@1 90.625 (88.405)	Prec@5 99.219 (99.760)
Epoch: [90][110/391], lr: 0.01000	Loss 0.4500 (0.3446)	Prec@1 85.156 (88.331)	Prec@5 100.000 (99.761)
Epoch: [90][120/391], lr: 0.01000	Loss 0.3991 (0.3460)	Prec@1 90.625 (88.307)	Prec@5 99.219 (99.748)
Epoch: [90][130/391], lr: 0.01000	Loss 0.3528 (0.3459)	Prec@1 88.281 (88.377)	Prec@5 99.219 (99.750)
Epoch: [90][140/391], lr: 0.01000	Loss 0.2562 (0.3473)	Prec@1 90.625 (88.298)	Prec@5 100.000 (99.745)
Epoch: [90][150/391], lr: 0.01000	Loss 0.4048 (0.3468)	Prec@1 85.938 (88.292)	Prec@5 100.000 (99.746)
Epoch: [90][160/391], lr: 0.01000	Loss 0.3162 (0.3460)	Prec@1 89.062 (88.344)	Prec@5 100.000 (99.728)
Epoch: [90][170/391], lr: 0.01000	Loss 0.3531 (0.3471)	Prec@1 88.281 (88.286)	Prec@5 100.000 (99.740)
Epoch: [90][180/391], lr: 0.01000	Loss 0.3808 (0.3493)	Prec@1 86.719 (88.251)	Prec@5 100.000 (99.737)
Epoch: [90][190/391], lr: 0.01000	Loss 0.3958 (0.3493)	Prec@1 85.156 (88.240)	Prec@5 100.000 (99.742)
Epoch: [90][200/391], lr: 0.01000	Loss 0.2917 (0.3477)	Prec@1 89.844 (88.305)	Prec@5 100.000 (99.743)
Epoch: [90][210/391], lr: 0.01000	Loss 0.3519 (0.3488)	Prec@1 86.719 (88.274)	Prec@5 100.000 (99.745)
Epoch: [90][220/391], lr: 0.01000	Loss 0.3552 (0.3470)	Prec@1 88.281 (88.359)	Prec@5 100.000 (99.749)
Epoch: [90][230/391], lr: 0.01000	Loss 0.4174 (0.3486)	Prec@1 85.938 (88.305)	Prec@5 100.000 (99.753)
Epoch: [90][240/391], lr: 0.01000	Loss 0.3712 (0.3492)	Prec@1 89.844 (88.255)	Prec@5 100.000 (99.750)
Epoch: [90][250/391], lr: 0.01000	Loss 0.3364 (0.3488)	Prec@1 89.062 (88.247)	Prec@5 100.000 (99.751)
Epoch: [90][260/391], lr: 0.01000	Loss 0.4211 (0.3512)	Prec@1 82.812 (88.173)	Prec@5 100.000 (99.758)
Epoch: [90][270/391], lr: 0.01000	Loss 0.5467 (0.3536)	Prec@1 85.938 (88.100)	Prec@5 100.000 (99.755)
Epoch: [90][280/391], lr: 0.01000	Loss 0.3423 (0.3540)	Prec@1 89.062 (88.081)	Prec@5 100.000 (99.753)
Epoch: [90][290/391], lr: 0.01000	Loss 0.3301 (0.3555)	Prec@1 91.406 (88.053)	Prec@5 99.219 (99.745)
Epoch: [90][300/391], lr: 0.01000	Loss 0.3338 (0.3548)	Prec@1 88.281 (88.081)	Prec@5 100.000 (99.748)
Epoch: [90][310/391], lr: 0.01000	Loss 0.2686 (0.3540)	Prec@1 92.188 (88.083)	Prec@5 100.000 (99.746)
Epoch: [90][320/391], lr: 0.01000	Loss 0.2929 (0.3530)	Prec@1 89.844 (88.101)	Prec@5 100.000 (99.747)
Epoch: [90][330/391], lr: 0.01000	Loss 0.2914 (0.3531)	Prec@1 89.062 (88.097)	Prec@5 99.219 (99.740)
Epoch: [90][340/391], lr: 0.01000	Loss 0.3689 (0.3528)	Prec@1 87.500 (88.121)	Prec@5 100.000 (99.739)
Epoch: [90][350/391], lr: 0.01000	Loss 0.2152 (0.3526)	Prec@1 92.188 (88.137)	Prec@5 100.000 (99.742)
Epoch: [90][360/391], lr: 0.01000	Loss 0.2837 (0.3524)	Prec@1 89.062 (88.134)	Prec@5 100.000 (99.740)
Epoch: [90][370/391], lr: 0.01000	Loss 0.3828 (0.3524)	Prec@1 89.062 (88.144)	Prec@5 99.219 (99.735)
Epoch: [90][380/391], lr: 0.01000	Loss 0.3044 (0.3538)	Prec@1 90.625 (88.113)	Prec@5 100.000 (99.723)
Epoch: [90][390/391], lr: 0.01000	Loss 0.2332 (0.3536)	Prec@1 92.500 (88.140)	Prec@5 100.000 (99.728)
Epoch [90] Training Results: Prec@1 88.140 Prec@5 99.728             Loss 0.35363
Epoch [90] Training Class Recall: [0.778,0.835,0.816,0.856,0.895,0.899,0.920,0.926,0.940,0.949]

Epoch: [91][0/391], lr: 0.01000	Loss 0.3125 (0.3125)	Prec@1 91.406 (91.406)	Prec@5 100.000 (100.000)
Epoch: [91][10/391], lr: 0.01000	Loss 0.2425 (0.3042)	Prec@1 91.406 (90.767)	Prec@5 100.000 (99.929)
Epoch: [91][20/391], lr: 0.01000	Loss 0.2496 (0.3043)	Prec@1 88.281 (90.365)	Prec@5 100.000 (99.888)
Epoch: [91][30/391], lr: 0.01000	Loss 0.3196 (0.2933)	Prec@1 89.062 (90.499)	Prec@5 100.000 (99.899)
Epoch: [91][40/391], lr: 0.01000	Loss 0.2761 (0.2925)	Prec@1 88.281 (90.206)	Prec@5 100.000 (99.905)
Epoch: [91][50/391], lr: 0.01000	Loss 0.4006 (0.2930)	Prec@1 85.938 (90.104)	Prec@5 99.219 (99.893)
Epoch: [91][60/391], lr: 0.01000	Loss 0.2905 (0.2927)	Prec@1 89.844 (90.254)	Prec@5 100.000 (99.872)
Epoch: [91][70/391], lr: 0.01000	Loss 0.2828 (0.2951)	Prec@1 87.500 (90.152)	Prec@5 100.000 (99.868)
Epoch: [91][80/391], lr: 0.01000	Loss 0.3048 (0.2959)	Prec@1 90.625 (90.114)	Prec@5 100.000 (99.865)
Epoch: [91][90/391], lr: 0.01000	Loss 0.3770 (0.2972)	Prec@1 89.062 (90.136)	Prec@5 100.000 (99.863)
Epoch: [91][100/391], lr: 0.01000	Loss 0.3856 (0.3014)	Prec@1 87.500 (90.006)	Prec@5 100.000 (99.861)
Epoch: [91][110/391], lr: 0.01000	Loss 0.3045 (0.3027)	Prec@1 85.938 (89.879)	Prec@5 100.000 (99.873)
Epoch: [91][120/391], lr: 0.01000	Loss 0.3294 (0.3095)	Prec@1 88.281 (89.631)	Prec@5 100.000 (99.871)
Epoch: [91][130/391], lr: 0.01000	Loss 0.2740 (0.3159)	Prec@1 91.406 (89.450)	Prec@5 100.000 (99.851)
Epoch: [91][140/391], lr: 0.01000	Loss 0.2669 (0.3186)	Prec@1 89.062 (89.362)	Prec@5 99.219 (99.845)
Epoch: [91][150/391], lr: 0.01000	Loss 0.3758 (0.3209)	Prec@1 85.938 (89.244)	Prec@5 98.438 (99.809)
Epoch: [91][160/391], lr: 0.01000	Loss 0.4715 (0.3217)	Prec@1 85.938 (89.194)	Prec@5 99.219 (99.811)
Epoch: [91][170/391], lr: 0.01000	Loss 0.2668 (0.3210)	Prec@1 92.188 (89.268)	Prec@5 99.219 (99.799)
Epoch: [91][180/391], lr: 0.01000	Loss 0.2752 (0.3199)	Prec@1 89.844 (89.296)	Prec@5 100.000 (99.784)
Epoch: [91][190/391], lr: 0.01000	Loss 0.2669 (0.3227)	Prec@1 89.844 (89.181)	Prec@5 100.000 (99.771)
Epoch: [91][200/391], lr: 0.01000	Loss 0.2990 (0.3239)	Prec@1 92.969 (89.167)	Prec@5 100.000 (99.763)
Epoch: [91][210/391], lr: 0.01000	Loss 0.3332 (0.3250)	Prec@1 90.625 (89.155)	Prec@5 100.000 (99.767)
Epoch: [91][220/391], lr: 0.01000	Loss 0.3459 (0.3269)	Prec@1 91.406 (89.094)	Prec@5 100.000 (99.756)
Epoch: [91][230/391], lr: 0.01000	Loss 0.3790 (0.3286)	Prec@1 87.500 (89.012)	Prec@5 100.000 (99.756)
Epoch: [91][240/391], lr: 0.01000	Loss 0.3382 (0.3325)	Prec@1 89.062 (88.842)	Prec@5 100.000 (99.754)
Epoch: [91][250/391], lr: 0.01000	Loss 0.3593 (0.3350)	Prec@1 89.844 (88.782)	Prec@5 100.000 (99.742)
Epoch: [91][260/391], lr: 0.01000	Loss 0.4135 (0.3385)	Prec@1 85.156 (88.688)	Prec@5 100.000 (99.734)
Epoch: [91][270/391], lr: 0.01000	Loss 0.3020 (0.3391)	Prec@1 91.406 (88.679)	Prec@5 100.000 (99.735)
Epoch: [91][280/391], lr: 0.01000	Loss 0.3398 (0.3392)	Prec@1 87.500 (88.684)	Prec@5 99.219 (99.736)
Epoch: [91][290/391], lr: 0.01000	Loss 0.3575 (0.3402)	Prec@1 88.281 (88.652)	Prec@5 99.219 (99.742)
Epoch: [91][300/391], lr: 0.01000	Loss 0.3896 (0.3418)	Prec@1 87.500 (88.613)	Prec@5 100.000 (99.735)
Epoch: [91][310/391], lr: 0.01000	Loss 0.3654 (0.3424)	Prec@1 89.844 (88.618)	Prec@5 99.219 (99.726)
Epoch: [91][320/391], lr: 0.01000	Loss 0.2667 (0.3433)	Prec@1 92.188 (88.556)	Prec@5 100.000 (99.732)
Epoch: [91][330/391], lr: 0.01000	Loss 0.2727 (0.3426)	Prec@1 87.500 (88.550)	Prec@5 100.000 (99.738)
Epoch: [91][340/391], lr: 0.01000	Loss 0.4451 (0.3422)	Prec@1 86.719 (88.547)	Prec@5 98.438 (99.737)
Epoch: [91][350/391], lr: 0.01000	Loss 0.2998 (0.3416)	Prec@1 89.844 (88.542)	Prec@5 100.000 (99.742)
Epoch: [91][360/391], lr: 0.01000	Loss 0.2141 (0.3407)	Prec@1 91.406 (88.591)	Prec@5 100.000 (99.742)
Epoch: [91][370/391], lr: 0.01000	Loss 0.3095 (0.3403)	Prec@1 91.406 (88.620)	Prec@5 100.000 (99.743)
Epoch: [91][380/391], lr: 0.01000	Loss 0.1965 (0.3388)	Prec@1 94.531 (88.671)	Prec@5 100.000 (99.742)
Epoch: [91][390/391], lr: 0.01000	Loss 0.3976 (0.3383)	Prec@1 88.750 (88.686)	Prec@5 100.000 (99.742)
Epoch [91] Training Results: Prec@1 88.686 Prec@5 99.742             Loss 0.33834
Epoch [91] Training Class Recall: [0.787,0.843,0.827,0.865,0.894,0.909,0.929,0.921,0.948,0.946]

Epoch: [92][0/391], lr: 0.01000	Loss 0.3629 (0.3629)	Prec@1 89.844 (89.844)	Prec@5 100.000 (100.000)
Epoch: [92][10/391], lr: 0.01000	Loss 0.4221 (0.3614)	Prec@1 85.156 (88.281)	Prec@5 100.000 (99.929)
Epoch: [92][20/391], lr: 0.01000	Loss 0.2535 (0.3398)	Prec@1 94.531 (88.951)	Prec@5 100.000 (99.926)
Epoch: [92][30/391], lr: 0.01000	Loss 0.3401 (0.3348)	Prec@1 89.062 (88.987)	Prec@5 100.000 (99.899)
Epoch: [92][40/391], lr: 0.01000	Loss 0.3044 (0.3312)	Prec@1 89.062 (89.120)	Prec@5 100.000 (99.867)
Epoch: [92][50/391], lr: 0.01000	Loss 0.3444 (0.3292)	Prec@1 91.406 (89.354)	Prec@5 100.000 (99.831)
Epoch: [92][60/391], lr: 0.01000	Loss 0.3032 (0.3255)	Prec@1 89.062 (89.267)	Prec@5 100.000 (99.821)
Epoch: [92][70/391], lr: 0.01000	Loss 0.3497 (0.3215)	Prec@1 89.062 (89.327)	Prec@5 100.000 (99.824)
Epoch: [92][80/391], lr: 0.01000	Loss 0.3996 (0.3258)	Prec@1 87.500 (88.976)	Prec@5 99.219 (99.778)
Epoch: [92][90/391], lr: 0.01000	Loss 0.3070 (0.3271)	Prec@1 89.062 (88.899)	Prec@5 99.219 (99.760)
Epoch: [92][100/391], lr: 0.01000	Loss 0.4015 (0.3275)	Prec@1 85.156 (88.877)	Prec@5 99.219 (99.776)
Epoch: [92][110/391], lr: 0.01000	Loss 0.2870 (0.3270)	Prec@1 92.969 (88.922)	Prec@5 100.000 (99.782)
Epoch: [92][120/391], lr: 0.01000	Loss 0.2068 (0.3249)	Prec@1 92.969 (89.017)	Prec@5 100.000 (99.793)
Epoch: [92][130/391], lr: 0.01000	Loss 0.3696 (0.3281)	Prec@1 86.719 (88.955)	Prec@5 100.000 (99.785)
Epoch: [92][140/391], lr: 0.01000	Loss 0.3147 (0.3277)	Prec@1 87.500 (88.935)	Prec@5 100.000 (99.778)
Epoch: [92][150/391], lr: 0.01000	Loss 0.2251 (0.3281)	Prec@1 92.969 (88.897)	Prec@5 100.000 (99.783)
Epoch: [92][160/391], lr: 0.01000	Loss 0.3171 (0.3317)	Prec@1 89.844 (88.805)	Prec@5 100.000 (99.777)
Epoch: [92][170/391], lr: 0.01000	Loss 0.4919 (0.3349)	Prec@1 85.156 (88.711)	Prec@5 99.219 (99.767)
Epoch: [92][180/391], lr: 0.01000	Loss 0.3796 (0.3380)	Prec@1 90.625 (88.588)	Prec@5 100.000 (99.758)
Epoch: [92][190/391], lr: 0.01000	Loss 0.4771 (0.3423)	Prec@1 84.375 (88.518)	Prec@5 100.000 (99.730)
Epoch: [92][200/391], lr: 0.01000	Loss 0.5082 (0.3486)	Prec@1 79.688 (88.312)	Prec@5 100.000 (99.728)
Epoch: [92][210/391], lr: 0.01000	Loss 0.6701 (0.3512)	Prec@1 80.469 (88.237)	Prec@5 97.656 (99.711)
Epoch: [92][220/391], lr: 0.01000	Loss 0.4483 (0.3517)	Prec@1 83.594 (88.225)	Prec@5 100.000 (99.710)
Epoch: [92][230/391], lr: 0.01000	Loss 0.5865 (0.3536)	Prec@1 80.469 (88.099)	Prec@5 100.000 (99.709)
Epoch: [92][240/391], lr: 0.01000	Loss 0.3055 (0.3535)	Prec@1 90.625 (88.103)	Prec@5 100.000 (99.711)
Epoch: [92][250/391], lr: 0.01000	Loss 0.3871 (0.3516)	Prec@1 85.156 (88.135)	Prec@5 99.219 (99.717)
Epoch: [92][260/391], lr: 0.01000	Loss 0.5573 (0.3521)	Prec@1 83.594 (88.141)	Prec@5 99.219 (99.707)
Epoch: [92][270/391], lr: 0.01000	Loss 0.3996 (0.3515)	Prec@1 87.500 (88.169)	Prec@5 99.219 (99.706)
Epoch: [92][280/391], lr: 0.01000	Loss 0.2571 (0.3517)	Prec@1 92.188 (88.142)	Prec@5 99.219 (99.711)
Epoch: [92][290/391], lr: 0.01000	Loss 0.1929 (0.3520)	Prec@1 92.188 (88.142)	Prec@5 100.000 (99.707)
Epoch: [92][300/391], lr: 0.01000	Loss 0.2647 (0.3511)	Prec@1 92.188 (88.164)	Prec@5 100.000 (99.712)
Epoch: [92][310/391], lr: 0.01000	Loss 0.2665 (0.3493)	Prec@1 92.188 (88.231)	Prec@5 100.000 (99.714)
Epoch: [92][320/391], lr: 0.01000	Loss 0.3700 (0.3489)	Prec@1 86.719 (88.216)	Prec@5 98.438 (99.715)
Epoch: [92][330/391], lr: 0.01000	Loss 0.3838 (0.3480)	Prec@1 87.500 (88.248)	Prec@5 100.000 (99.719)
Epoch: [92][340/391], lr: 0.01000	Loss 0.3614 (0.3476)	Prec@1 88.281 (88.226)	Prec@5 99.219 (99.716)
Epoch: [92][350/391], lr: 0.01000	Loss 0.3236 (0.3477)	Prec@1 88.281 (88.210)	Prec@5 99.219 (99.713)
Epoch: [92][360/391], lr: 0.01000	Loss 0.3063 (0.3471)	Prec@1 90.625 (88.242)	Prec@5 100.000 (99.714)
Epoch: [92][370/391], lr: 0.01000	Loss 0.4240 (0.3475)	Prec@1 83.594 (88.235)	Prec@5 99.219 (99.712)
Epoch: [92][380/391], lr: 0.01000	Loss 0.2796 (0.3472)	Prec@1 89.062 (88.248)	Prec@5 100.000 (99.713)
Epoch: [92][390/391], lr: 0.01000	Loss 0.3603 (0.3476)	Prec@1 86.250 (88.238)	Prec@5 100.000 (99.714)
Epoch [92] Training Results: Prec@1 88.238 Prec@5 99.714             Loss 0.34758
Epoch [92] Training Class Recall: [0.779,0.841,0.811,0.864,0.892,0.908,0.918,0.922,0.945,0.944]

Epoch: [93][0/391], lr: 0.01000	Loss 0.3330 (0.3330)	Prec@1 86.719 (86.719)	Prec@5 100.000 (100.000)
Epoch: [93][10/391], lr: 0.01000	Loss 0.1674 (0.3055)	Prec@1 95.312 (89.986)	Prec@5 100.000 (99.787)
Epoch: [93][20/391], lr: 0.01000	Loss 0.2242 (0.3222)	Prec@1 92.188 (89.211)	Prec@5 100.000 (99.777)
Epoch: [93][30/391], lr: 0.01000	Loss 0.3074 (0.3228)	Prec@1 91.406 (89.163)	Prec@5 100.000 (99.824)
Epoch: [93][40/391], lr: 0.01000	Loss 0.3889 (0.3291)	Prec@1 85.156 (88.948)	Prec@5 99.219 (99.752)
Epoch: [93][50/391], lr: 0.01000	Loss 0.2939 (0.3291)	Prec@1 90.625 (88.971)	Prec@5 100.000 (99.755)
Epoch: [93][60/391], lr: 0.01000	Loss 0.2289 (0.3328)	Prec@1 93.750 (88.909)	Prec@5 100.000 (99.757)
Epoch: [93][70/391], lr: 0.01000	Loss 0.3434 (0.3323)	Prec@1 88.281 (88.908)	Prec@5 100.000 (99.780)
Epoch: [93][80/391], lr: 0.01000	Loss 0.3279 (0.3339)	Prec@1 87.500 (88.802)	Prec@5 100.000 (99.778)
Epoch: [93][90/391], lr: 0.01000	Loss 0.4109 (0.3382)	Prec@1 85.156 (88.668)	Prec@5 100.000 (99.777)
Epoch: [93][100/391], lr: 0.01000	Loss 0.4846 (0.3437)	Prec@1 81.250 (88.374)	Prec@5 100.000 (99.783)
Epoch: [93][110/391], lr: 0.01000	Loss 0.4380 (0.3508)	Prec@1 88.281 (88.225)	Prec@5 100.000 (99.761)
Epoch: [93][120/391], lr: 0.01000	Loss 0.5342 (0.3534)	Prec@1 80.469 (88.126)	Prec@5 100.000 (99.748)
Epoch: [93][130/391], lr: 0.01000	Loss 0.2940 (0.3515)	Prec@1 87.500 (88.162)	Prec@5 100.000 (99.732)
Epoch: [93][140/391], lr: 0.01000	Loss 0.2301 (0.3513)	Prec@1 90.625 (88.121)	Prec@5 100.000 (99.751)
Epoch: [93][150/391], lr: 0.01000	Loss 0.3176 (0.3512)	Prec@1 89.062 (88.157)	Prec@5 99.219 (99.752)
Epoch: [93][160/391], lr: 0.01000	Loss 0.3094 (0.3508)	Prec@1 89.062 (88.165)	Prec@5 100.000 (99.757)
Epoch: [93][170/391], lr: 0.01000	Loss 0.3653 (0.3490)	Prec@1 87.500 (88.208)	Prec@5 100.000 (99.758)
Epoch: [93][180/391], lr: 0.01000	Loss 0.3905 (0.3484)	Prec@1 85.938 (88.281)	Prec@5 100.000 (99.758)
Epoch: [93][190/391], lr: 0.01000	Loss 0.2971 (0.3458)	Prec@1 88.281 (88.404)	Prec@5 100.000 (99.771)
Epoch: [93][200/391], lr: 0.01000	Loss 0.3296 (0.3454)	Prec@1 89.062 (88.448)	Prec@5 100.000 (99.771)
Epoch: [93][210/391], lr: 0.01000	Loss 0.2219 (0.3427)	Prec@1 91.406 (88.533)	Prec@5 100.000 (99.774)
Epoch: [93][220/391], lr: 0.01000	Loss 0.3137 (0.3397)	Prec@1 89.844 (88.606)	Prec@5 99.219 (99.774)
Epoch: [93][230/391], lr: 0.01000	Loss 0.3810 (0.3392)	Prec@1 86.719 (88.630)	Prec@5 100.000 (99.773)
Epoch: [93][240/391], lr: 0.01000	Loss 0.3139 (0.3369)	Prec@1 90.625 (88.706)	Prec@5 100.000 (99.776)
Epoch: [93][250/391], lr: 0.01000	Loss 0.3561 (0.3367)	Prec@1 89.062 (88.736)	Prec@5 100.000 (99.773)
Epoch: [93][260/391], lr: 0.01000	Loss 0.4659 (0.3375)	Prec@1 82.812 (88.721)	Prec@5 99.219 (99.767)
Epoch: [93][270/391], lr: 0.01000	Loss 0.2596 (0.3372)	Prec@1 91.406 (88.745)	Prec@5 100.000 (99.766)
Epoch: [93][280/391], lr: 0.01000	Loss 0.4145 (0.3386)	Prec@1 89.062 (88.696)	Prec@5 99.219 (99.747)
Epoch: [93][290/391], lr: 0.01000	Loss 0.4411 (0.3415)	Prec@1 84.375 (88.601)	Prec@5 99.219 (99.745)
Epoch: [93][300/391], lr: 0.01000	Loss 0.4526 (0.3451)	Prec@1 84.375 (88.499)	Prec@5 100.000 (99.748)
Epoch: [93][310/391], lr: 0.01000	Loss 0.6410 (0.3498)	Prec@1 78.906 (88.349)	Prec@5 99.219 (99.741)
Epoch: [93][320/391], lr: 0.01000	Loss 0.3510 (0.3511)	Prec@1 88.281 (88.293)	Prec@5 100.000 (99.742)
Epoch: [93][330/391], lr: 0.01000	Loss 0.5748 (0.3533)	Prec@1 77.344 (88.194)	Prec@5 100.000 (99.736)
Epoch: [93][340/391], lr: 0.01000	Loss 0.3503 (0.3534)	Prec@1 87.500 (88.162)	Prec@5 100.000 (99.739)
Epoch: [93][350/391], lr: 0.01000	Loss 0.4177 (0.3538)	Prec@1 89.844 (88.157)	Prec@5 97.656 (99.731)
Epoch: [93][360/391], lr: 0.01000	Loss 0.2929 (0.3534)	Prec@1 90.625 (88.175)	Prec@5 100.000 (99.725)
Epoch: [93][370/391], lr: 0.01000	Loss 0.3173 (0.3529)	Prec@1 88.281 (88.174)	Prec@5 100.000 (99.733)
Epoch: [93][380/391], lr: 0.01000	Loss 0.3096 (0.3525)	Prec@1 91.406 (88.191)	Prec@5 100.000 (99.727)
Epoch: [93][390/391], lr: 0.01000	Loss 0.3683 (0.3522)	Prec@1 88.750 (88.214)	Prec@5 100.000 (99.728)
Epoch [93] Training Results: Prec@1 88.214 Prec@5 99.728             Loss 0.35216
Epoch [93] Training Class Recall: [0.770,0.836,0.817,0.865,0.893,0.905,0.930,0.922,0.937,0.946]

Epoch: [94][0/391], lr: 0.01000	Loss 0.3376 (0.3376)	Prec@1 89.062 (89.062)	Prec@5 99.219 (99.219)
Epoch: [94][10/391], lr: 0.01000	Loss 0.2193 (0.2953)	Prec@1 94.531 (90.057)	Prec@5 100.000 (99.929)
Epoch: [94][20/391], lr: 0.01000	Loss 0.3515 (0.3166)	Prec@1 87.500 (89.062)	Prec@5 100.000 (99.851)
Epoch: [94][30/391], lr: 0.01000	Loss 0.4495 (0.3281)	Prec@1 88.281 (89.088)	Prec@5 100.000 (99.773)
Epoch: [94][40/391], lr: 0.01000	Loss 0.4425 (0.3354)	Prec@1 87.500 (88.834)	Prec@5 100.000 (99.752)
Epoch: [94][50/391], lr: 0.01000	Loss 0.3743 (0.3399)	Prec@1 85.156 (88.480)	Prec@5 100.000 (99.755)
Epoch: [94][60/391], lr: 0.01000	Loss 0.3830 (0.3441)	Prec@1 88.281 (88.371)	Prec@5 99.219 (99.718)
Epoch: [94][70/391], lr: 0.01000	Loss 0.2711 (0.3418)	Prec@1 88.281 (88.369)	Prec@5 100.000 (99.747)
Epoch: [94][80/391], lr: 0.01000	Loss 0.3069 (0.3401)	Prec@1 90.625 (88.445)	Prec@5 100.000 (99.730)
Epoch: [94][90/391], lr: 0.01000	Loss 0.3205 (0.3357)	Prec@1 91.406 (88.590)	Prec@5 100.000 (99.717)
Epoch: [94][100/391], lr: 0.01000	Loss 0.3680 (0.3352)	Prec@1 89.062 (88.753)	Prec@5 99.219 (99.722)
Epoch: [94][110/391], lr: 0.01000	Loss 0.2668 (0.3355)	Prec@1 90.625 (88.732)	Prec@5 100.000 (99.711)
Epoch: [94][120/391], lr: 0.01000	Loss 0.2719 (0.3329)	Prec@1 91.406 (88.895)	Prec@5 100.000 (99.709)
Epoch: [94][130/391], lr: 0.01000	Loss 0.2471 (0.3315)	Prec@1 92.969 (88.937)	Prec@5 100.000 (99.714)
Epoch: [94][140/391], lr: 0.01000	Loss 0.2289 (0.3317)	Prec@1 92.188 (88.979)	Prec@5 100.000 (99.717)
Epoch: [94][150/391], lr: 0.01000	Loss 0.4847 (0.3332)	Prec@1 84.375 (88.949)	Prec@5 99.219 (99.726)
Epoch: [94][160/391], lr: 0.01000	Loss 0.3579 (0.3328)	Prec@1 88.281 (88.961)	Prec@5 100.000 (99.728)
Epoch: [94][170/391], lr: 0.01000	Loss 0.4196 (0.3332)	Prec@1 87.500 (88.939)	Prec@5 100.000 (99.735)
Epoch: [94][180/391], lr: 0.01000	Loss 0.4602 (0.3351)	Prec@1 84.375 (88.881)	Prec@5 98.438 (99.732)
Epoch: [94][190/391], lr: 0.01000	Loss 0.4747 (0.3373)	Prec@1 85.938 (88.780)	Prec@5 100.000 (99.738)
Epoch: [94][200/391], lr: 0.01000	Loss 0.4132 (0.3393)	Prec@1 86.719 (88.709)	Prec@5 100.000 (99.743)
Epoch: [94][210/391], lr: 0.01000	Loss 0.3861 (0.3417)	Prec@1 87.500 (88.622)	Prec@5 99.219 (99.745)
Epoch: [94][220/391], lr: 0.01000	Loss 0.5013 (0.3430)	Prec@1 82.031 (88.585)	Prec@5 99.219 (99.745)
Epoch: [94][230/391], lr: 0.01000	Loss 0.3419 (0.3448)	Prec@1 91.406 (88.528)	Prec@5 100.000 (99.756)
Epoch: [94][240/391], lr: 0.01000	Loss 0.3717 (0.3459)	Prec@1 85.156 (88.460)	Prec@5 99.219 (99.757)
Epoch: [94][250/391], lr: 0.01000	Loss 0.3892 (0.3486)	Prec@1 86.719 (88.418)	Prec@5 100.000 (99.751)
Epoch: [94][260/391], lr: 0.01000	Loss 0.3276 (0.3487)	Prec@1 88.281 (88.437)	Prec@5 100.000 (99.749)
Epoch: [94][270/391], lr: 0.01000	Loss 0.3330 (0.3495)	Prec@1 88.281 (88.423)	Prec@5 100.000 (99.741)
Epoch: [94][280/391], lr: 0.01000	Loss 0.3762 (0.3520)	Prec@1 85.938 (88.281)	Prec@5 100.000 (99.725)
Epoch: [94][290/391], lr: 0.01000	Loss 0.2561 (0.3522)	Prec@1 91.406 (88.271)	Prec@5 100.000 (99.718)
Epoch: [94][300/391], lr: 0.01000	Loss 0.3943 (0.3530)	Prec@1 85.938 (88.206)	Prec@5 98.438 (99.712)
Epoch: [94][310/391], lr: 0.01000	Loss 0.2373 (0.3530)	Prec@1 93.750 (88.218)	Prec@5 100.000 (99.711)
Epoch: [94][320/391], lr: 0.01000	Loss 0.3522 (0.3538)	Prec@1 88.281 (88.179)	Prec@5 100.000 (99.715)
Epoch: [94][330/391], lr: 0.01000	Loss 0.4343 (0.3555)	Prec@1 83.594 (88.128)	Prec@5 99.219 (99.700)
Epoch: [94][340/391], lr: 0.01000	Loss 0.3273 (0.3564)	Prec@1 85.938 (88.087)	Prec@5 100.000 (99.700)
Epoch: [94][350/391], lr: 0.01000	Loss 0.4892 (0.3562)	Prec@1 85.156 (88.125)	Prec@5 100.000 (99.702)
Epoch: [94][360/391], lr: 0.01000	Loss 0.2275 (0.3566)	Prec@1 94.531 (88.115)	Prec@5 100.000 (99.701)
Epoch: [94][370/391], lr: 0.01000	Loss 0.3061 (0.3557)	Prec@1 89.062 (88.125)	Prec@5 100.000 (99.707)
Epoch: [94][380/391], lr: 0.01000	Loss 0.4928 (0.3563)	Prec@1 81.250 (88.113)	Prec@5 99.219 (99.711)
Epoch: [94][390/391], lr: 0.01000	Loss 0.2419 (0.3567)	Prec@1 90.000 (88.104)	Prec@5 100.000 (99.710)
Epoch [94] Training Results: Prec@1 88.104 Prec@5 99.710             Loss 0.35672
Epoch [94] Training Class Recall: [0.776,0.838,0.820,0.848,0.889,0.907,0.922,0.926,0.942,0.943]

Epoch: [95][0/391], lr: 0.01000	Loss 0.3402 (0.3402)	Prec@1 88.281 (88.281)	Prec@5 100.000 (100.000)
Epoch: [95][10/391], lr: 0.01000	Loss 0.2651 (0.3142)	Prec@1 89.844 (88.991)	Prec@5 100.000 (99.716)
Epoch: [95][20/391], lr: 0.01000	Loss 0.2943 (0.3143)	Prec@1 89.062 (89.472)	Prec@5 100.000 (99.814)
Epoch: [95][30/391], lr: 0.01000	Loss 0.3018 (0.3026)	Prec@1 90.625 (89.567)	Prec@5 100.000 (99.874)
Epoch: [95][40/391], lr: 0.01000	Loss 0.4314 (0.3015)	Prec@1 86.719 (89.615)	Prec@5 99.219 (99.867)
Epoch: [95][50/391], lr: 0.01000	Loss 0.3241 (0.3043)	Prec@1 89.844 (89.614)	Prec@5 99.219 (99.816)
Epoch: [95][60/391], lr: 0.01000	Loss 0.2761 (0.3066)	Prec@1 88.281 (89.498)	Prec@5 100.000 (99.769)
Epoch: [95][70/391], lr: 0.01000	Loss 0.3481 (0.3112)	Prec@1 89.062 (89.250)	Prec@5 100.000 (99.769)
Epoch: [95][80/391], lr: 0.01000	Loss 0.4208 (0.3097)	Prec@1 86.719 (89.497)	Prec@5 100.000 (99.769)
Epoch: [95][90/391], lr: 0.01000	Loss 0.3021 (0.3144)	Prec@1 90.625 (89.406)	Prec@5 99.219 (99.751)
Epoch: [95][100/391], lr: 0.01000	Loss 0.3876 (0.3249)	Prec@1 89.062 (89.155)	Prec@5 99.219 (99.737)
Epoch: [95][110/391], lr: 0.01000	Loss 0.4266 (0.3316)	Prec@1 85.938 (88.915)	Prec@5 100.000 (99.740)
Epoch: [95][120/391], lr: 0.01000	Loss 0.5886 (0.3395)	Prec@1 82.031 (88.636)	Prec@5 99.219 (99.729)
Epoch: [95][130/391], lr: 0.01000	Loss 0.2763 (0.3401)	Prec@1 89.844 (88.550)	Prec@5 100.000 (99.744)
Epoch: [95][140/391], lr: 0.01000	Loss 0.3096 (0.3414)	Prec@1 87.500 (88.547)	Prec@5 100.000 (99.745)
Epoch: [95][150/391], lr: 0.01000	Loss 0.4455 (0.3415)	Prec@1 85.938 (88.576)	Prec@5 100.000 (99.746)
Epoch: [95][160/391], lr: 0.01000	Loss 0.3268 (0.3398)	Prec@1 91.406 (88.708)	Prec@5 99.219 (99.753)
Epoch: [95][170/391], lr: 0.01000	Loss 0.4134 (0.3400)	Prec@1 88.281 (88.743)	Prec@5 100.000 (99.753)
Epoch: [95][180/391], lr: 0.01000	Loss 0.4245 (0.3386)	Prec@1 87.500 (88.782)	Prec@5 100.000 (99.767)
Epoch: [95][190/391], lr: 0.01000	Loss 0.3439 (0.3365)	Prec@1 84.375 (88.817)	Prec@5 99.219 (99.771)
Epoch: [95][200/391], lr: 0.01000	Loss 0.2330 (0.3371)	Prec@1 92.188 (88.783)	Prec@5 100.000 (99.771)
Epoch: [95][210/391], lr: 0.01000	Loss 0.2499 (0.3353)	Prec@1 91.406 (88.851)	Prec@5 100.000 (99.774)
Epoch: [95][220/391], lr: 0.01000	Loss 0.3791 (0.3352)	Prec@1 88.281 (88.896)	Prec@5 100.000 (99.770)
Epoch: [95][230/391], lr: 0.01000	Loss 0.3377 (0.3358)	Prec@1 89.062 (88.876)	Prec@5 100.000 (99.780)
Epoch: [95][240/391], lr: 0.01000	Loss 0.4324 (0.3359)	Prec@1 82.812 (88.832)	Prec@5 100.000 (99.786)
Epoch: [95][250/391], lr: 0.01000	Loss 0.4737 (0.3381)	Prec@1 83.594 (88.761)	Prec@5 97.656 (99.776)
Epoch: [95][260/391], lr: 0.01000	Loss 0.4177 (0.3397)	Prec@1 89.062 (88.721)	Prec@5 99.219 (99.781)
Epoch: [95][270/391], lr: 0.01000	Loss 0.3594 (0.3417)	Prec@1 87.500 (88.668)	Prec@5 100.000 (99.772)
Epoch: [95][280/391], lr: 0.01000	Loss 0.2713 (0.3427)	Prec@1 90.625 (88.629)	Prec@5 100.000 (99.755)
Epoch: [95][290/391], lr: 0.01000	Loss 0.4086 (0.3443)	Prec@1 85.156 (88.552)	Prec@5 99.219 (99.758)
Epoch: [95][300/391], lr: 0.01000	Loss 0.3881 (0.3444)	Prec@1 87.500 (88.556)	Prec@5 98.438 (99.751)
Epoch: [95][310/391], lr: 0.01000	Loss 0.3849 (0.3455)	Prec@1 85.938 (88.520)	Prec@5 100.000 (99.746)
Epoch: [95][320/391], lr: 0.01000	Loss 0.2636 (0.3442)	Prec@1 92.188 (88.576)	Prec@5 100.000 (99.752)
Epoch: [95][330/391], lr: 0.01000	Loss 0.2498 (0.3449)	Prec@1 92.188 (88.562)	Prec@5 100.000 (99.740)
Epoch: [95][340/391], lr: 0.01000	Loss 0.5591 (0.3459)	Prec@1 82.812 (88.517)	Prec@5 99.219 (99.734)
Epoch: [95][350/391], lr: 0.01000	Loss 0.2904 (0.3471)	Prec@1 90.625 (88.473)	Prec@5 99.219 (99.735)
Epoch: [95][360/391], lr: 0.01000	Loss 0.3598 (0.3479)	Prec@1 89.062 (88.435)	Prec@5 99.219 (99.734)
Epoch: [95][370/391], lr: 0.01000	Loss 0.3887 (0.3486)	Prec@1 83.594 (88.393)	Prec@5 100.000 (99.735)
Epoch: [95][380/391], lr: 0.01000	Loss 0.3495 (0.3488)	Prec@1 88.281 (88.404)	Prec@5 99.219 (99.733)
Epoch: [95][390/391], lr: 0.01000	Loss 0.3674 (0.3486)	Prec@1 86.250 (88.386)	Prec@5 98.750 (99.728)
Epoch [95] Training Results: Prec@1 88.386 Prec@5 99.728             Loss 0.34860
Epoch [95] Training Class Recall: [0.785,0.837,0.816,0.864,0.898,0.907,0.926,0.922,0.940,0.944]

Epoch: [96][0/391], lr: 0.01000	Loss 0.3624 (0.3624)	Prec@1 86.719 (86.719)	Prec@5 100.000 (100.000)
Epoch: [96][10/391], lr: 0.01000	Loss 0.2615 (0.3548)	Prec@1 92.969 (88.352)	Prec@5 100.000 (99.787)
Epoch: [96][20/391], lr: 0.01000	Loss 0.3858 (0.3440)	Prec@1 85.938 (88.467)	Prec@5 100.000 (99.777)
Epoch: [96][30/391], lr: 0.01000	Loss 0.4531 (0.3406)	Prec@1 90.625 (88.936)	Prec@5 99.219 (99.723)
Epoch: [96][40/391], lr: 0.01000	Loss 0.4192 (0.3410)	Prec@1 85.156 (88.872)	Prec@5 99.219 (99.695)
Epoch: [96][50/391], lr: 0.01000	Loss 0.4897 (0.3434)	Prec@1 85.938 (88.664)	Prec@5 98.438 (99.694)
Epoch: [96][60/391], lr: 0.01000	Loss 0.3436 (0.3416)	Prec@1 85.938 (88.704)	Prec@5 100.000 (99.731)
Epoch: [96][70/391], lr: 0.01000	Loss 0.3101 (0.3373)	Prec@1 88.281 (88.853)	Prec@5 100.000 (99.769)
Epoch: [96][80/391], lr: 0.01000	Loss 0.3189 (0.3364)	Prec@1 87.500 (88.908)	Prec@5 100.000 (99.788)
Epoch: [96][90/391], lr: 0.01000	Loss 0.3267 (0.3320)	Prec@1 87.500 (89.002)	Prec@5 100.000 (99.794)
Epoch: [96][100/391], lr: 0.01000	Loss 0.2639 (0.3279)	Prec@1 89.844 (89.163)	Prec@5 100.000 (99.799)
Epoch: [96][110/391], lr: 0.01000	Loss 0.2808 (0.3243)	Prec@1 92.188 (89.365)	Prec@5 100.000 (99.803)
Epoch: [96][120/391], lr: 0.01000	Loss 0.2933 (0.3236)	Prec@1 88.281 (89.340)	Prec@5 100.000 (99.800)
Epoch: [96][130/391], lr: 0.01000	Loss 0.3285 (0.3238)	Prec@1 89.062 (89.343)	Prec@5 100.000 (99.791)
Epoch: [96][140/391], lr: 0.01000	Loss 0.4681 (0.3224)	Prec@1 82.031 (89.328)	Prec@5 100.000 (99.806)
Epoch: [96][150/391], lr: 0.01000	Loss 0.3773 (0.3246)	Prec@1 88.281 (89.233)	Prec@5 100.000 (99.819)
Epoch: [96][160/391], lr: 0.01000	Loss 0.2129 (0.3263)	Prec@1 92.969 (89.213)	Prec@5 100.000 (99.816)
Epoch: [96][170/391], lr: 0.01000	Loss 0.3672 (0.3265)	Prec@1 88.281 (89.168)	Prec@5 100.000 (99.822)
Epoch: [96][180/391], lr: 0.01000	Loss 0.2038 (0.3260)	Prec@1 92.969 (89.140)	Prec@5 100.000 (99.832)
Epoch: [96][190/391], lr: 0.01000	Loss 0.4468 (0.3264)	Prec@1 85.938 (89.120)	Prec@5 100.000 (99.836)
Epoch: [96][200/391], lr: 0.01000	Loss 0.2969 (0.3245)	Prec@1 89.844 (89.183)	Prec@5 100.000 (99.833)
Epoch: [96][210/391], lr: 0.01000	Loss 0.2858 (0.3252)	Prec@1 91.406 (89.144)	Prec@5 100.000 (99.819)
Epoch: [96][220/391], lr: 0.01000	Loss 0.4901 (0.3267)	Prec@1 80.469 (89.063)	Prec@5 99.219 (99.809)
Epoch: [96][230/391], lr: 0.01000	Loss 0.3521 (0.3280)	Prec@1 90.625 (89.008)	Prec@5 99.219 (99.807)
Epoch: [96][240/391], lr: 0.01000	Loss 0.3990 (0.3292)	Prec@1 88.281 (88.917)	Prec@5 99.219 (99.799)
Epoch: [96][250/391], lr: 0.01000	Loss 0.3199 (0.3296)	Prec@1 89.844 (88.913)	Prec@5 99.219 (99.804)
Epoch: [96][260/391], lr: 0.01000	Loss 0.3436 (0.3314)	Prec@1 89.062 (88.892)	Prec@5 100.000 (99.799)
Epoch: [96][270/391], lr: 0.01000	Loss 0.3165 (0.3325)	Prec@1 88.281 (88.872)	Prec@5 100.000 (99.790)
Epoch: [96][280/391], lr: 0.01000	Loss 0.2581 (0.3336)	Prec@1 92.188 (88.837)	Prec@5 100.000 (99.783)
Epoch: [96][290/391], lr: 0.01000	Loss 0.2422 (0.3330)	Prec@1 92.969 (88.869)	Prec@5 100.000 (99.777)
Epoch: [96][300/391], lr: 0.01000	Loss 0.3702 (0.3333)	Prec@1 88.281 (88.878)	Prec@5 100.000 (99.779)
Epoch: [96][310/391], lr: 0.01000	Loss 0.4265 (0.3354)	Prec@1 87.500 (88.816)	Prec@5 99.219 (99.771)
Epoch: [96][320/391], lr: 0.01000	Loss 0.3196 (0.3359)	Prec@1 89.062 (88.787)	Prec@5 100.000 (99.771)
Epoch: [96][330/391], lr: 0.01000	Loss 0.4382 (0.3382)	Prec@1 88.281 (88.751)	Prec@5 100.000 (99.757)
Epoch: [96][340/391], lr: 0.01000	Loss 0.3393 (0.3384)	Prec@1 86.719 (88.719)	Prec@5 100.000 (99.764)
Epoch: [96][350/391], lr: 0.01000	Loss 0.2816 (0.3395)	Prec@1 89.062 (88.680)	Prec@5 100.000 (99.764)
Epoch: [96][360/391], lr: 0.01000	Loss 0.4695 (0.3403)	Prec@1 84.375 (88.645)	Prec@5 99.219 (99.768)
Epoch: [96][370/391], lr: 0.01000	Loss 0.3064 (0.3412)	Prec@1 89.062 (88.595)	Prec@5 100.000 (99.775)
Epoch: [96][380/391], lr: 0.01000	Loss 0.2929 (0.3414)	Prec@1 87.500 (88.564)	Prec@5 100.000 (99.781)
Epoch: [96][390/391], lr: 0.01000	Loss 0.3439 (0.3411)	Prec@1 88.750 (88.574)	Prec@5 100.000 (99.782)
Epoch [96] Training Results: Prec@1 88.574 Prec@5 99.782             Loss 0.34109
Epoch [96] Training Class Recall: [0.779,0.844,0.824,0.864,0.902,0.907,0.927,0.924,0.938,0.948]

Epoch: [97][0/391], lr: 0.01000	Loss 0.3162 (0.3162)	Prec@1 88.281 (88.281)	Prec@5 99.219 (99.219)
Epoch: [97][10/391], lr: 0.01000	Loss 0.4114 (0.3429)	Prec@1 86.719 (88.423)	Prec@5 98.438 (99.645)
Epoch: [97][20/391], lr: 0.01000	Loss 0.4034 (0.3585)	Prec@1 90.625 (87.798)	Prec@5 100.000 (99.702)
Epoch: [97][30/391], lr: 0.01000	Loss 0.2958 (0.3530)	Prec@1 90.625 (88.357)	Prec@5 100.000 (99.698)
Epoch: [97][40/391], lr: 0.01000	Loss 0.5020 (0.3512)	Prec@1 80.469 (88.224)	Prec@5 98.438 (99.676)
Epoch: [97][50/391], lr: 0.01000	Loss 0.3457 (0.3403)	Prec@1 85.938 (88.496)	Prec@5 100.000 (99.694)
Epoch: [97][60/391], lr: 0.01000	Loss 0.2415 (0.3339)	Prec@1 90.625 (88.806)	Prec@5 100.000 (99.705)
Epoch: [97][70/391], lr: 0.01000	Loss 0.3732 (0.3325)	Prec@1 87.500 (88.732)	Prec@5 100.000 (99.736)
Epoch: [97][80/391], lr: 0.01000	Loss 0.4774 (0.3302)	Prec@1 89.062 (88.927)	Prec@5 99.219 (99.749)
Epoch: [97][90/391], lr: 0.01000	Loss 0.3655 (0.3287)	Prec@1 89.062 (88.951)	Prec@5 99.219 (99.760)
Epoch: [97][100/391], lr: 0.01000	Loss 0.3257 (0.3270)	Prec@1 86.719 (88.970)	Prec@5 100.000 (99.768)
Epoch: [97][110/391], lr: 0.01000	Loss 0.2802 (0.3262)	Prec@1 88.281 (88.985)	Prec@5 100.000 (99.768)
Epoch: [97][120/391], lr: 0.01000	Loss 0.3322 (0.3247)	Prec@1 86.719 (89.017)	Prec@5 100.000 (99.774)
Epoch: [97][130/391], lr: 0.01000	Loss 0.3442 (0.3263)	Prec@1 90.625 (88.967)	Prec@5 100.000 (99.791)
Epoch: [97][140/391], lr: 0.01000	Loss 0.3675 (0.3274)	Prec@1 85.938 (88.930)	Prec@5 100.000 (99.795)
Epoch: [97][150/391], lr: 0.01000	Loss 0.2906 (0.3248)	Prec@1 89.062 (89.011)	Prec@5 100.000 (99.788)
Epoch: [97][160/391], lr: 0.01000	Loss 0.4607 (0.3265)	Prec@1 84.375 (88.970)	Prec@5 100.000 (99.782)
Epoch: [97][170/391], lr: 0.01000	Loss 0.3557 (0.3281)	Prec@1 88.281 (88.925)	Prec@5 100.000 (99.776)
Epoch: [97][180/391], lr: 0.01000	Loss 0.3783 (0.3298)	Prec@1 88.281 (88.907)	Prec@5 100.000 (99.771)
Epoch: [97][190/391], lr: 0.01000	Loss 0.4069 (0.3311)	Prec@1 85.938 (88.833)	Prec@5 100.000 (99.779)
Epoch: [97][200/391], lr: 0.01000	Loss 0.2898 (0.3314)	Prec@1 90.625 (88.853)	Prec@5 100.000 (99.767)
Epoch: [97][210/391], lr: 0.01000	Loss 0.3263 (0.3347)	Prec@1 88.281 (88.744)	Prec@5 100.000 (99.741)
Epoch: [97][220/391], lr: 0.01000	Loss 0.3285 (0.3376)	Prec@1 88.281 (88.674)	Prec@5 100.000 (99.738)
Epoch: [97][230/391], lr: 0.01000	Loss 0.3028 (0.3383)	Prec@1 89.062 (88.653)	Prec@5 100.000 (99.729)
Epoch: [97][240/391], lr: 0.01000	Loss 0.3644 (0.3389)	Prec@1 88.281 (88.612)	Prec@5 100.000 (99.731)
Epoch: [97][250/391], lr: 0.01000	Loss 0.3181 (0.3392)	Prec@1 87.500 (88.577)	Prec@5 99.219 (99.729)
Epoch: [97][260/391], lr: 0.01000	Loss 0.4518 (0.3384)	Prec@1 87.500 (88.643)	Prec@5 100.000 (99.734)
Epoch: [97][270/391], lr: 0.01000	Loss 0.2586 (0.3371)	Prec@1 92.188 (88.711)	Prec@5 100.000 (99.735)
Epoch: [97][280/391], lr: 0.01000	Loss 0.3253 (0.3386)	Prec@1 89.844 (88.673)	Prec@5 100.000 (99.728)
Epoch: [97][290/391], lr: 0.01000	Loss 0.3897 (0.3381)	Prec@1 87.500 (88.671)	Prec@5 99.219 (99.723)
Epoch: [97][300/391], lr: 0.01000	Loss 0.3515 (0.3375)	Prec@1 89.844 (88.684)	Prec@5 100.000 (99.730)
Epoch: [97][310/391], lr: 0.01000	Loss 0.3203 (0.3375)	Prec@1 90.625 (88.691)	Prec@5 100.000 (99.731)
Epoch: [97][320/391], lr: 0.01000	Loss 0.4244 (0.3369)	Prec@1 82.812 (88.693)	Prec@5 99.219 (99.732)
Epoch: [97][330/391], lr: 0.01000	Loss 0.3865 (0.3368)	Prec@1 86.719 (88.704)	Prec@5 100.000 (99.731)
Epoch: [97][340/391], lr: 0.01000	Loss 0.3414 (0.3366)	Prec@1 88.281 (88.728)	Prec@5 100.000 (99.723)
Epoch: [97][350/391], lr: 0.01000	Loss 0.3351 (0.3364)	Prec@1 89.062 (88.764)	Prec@5 100.000 (99.722)
Epoch: [97][360/391], lr: 0.01000	Loss 0.1850 (0.3356)	Prec@1 92.188 (88.777)	Prec@5 100.000 (99.723)
Epoch: [97][370/391], lr: 0.01000	Loss 0.2808 (0.3360)	Prec@1 92.188 (88.770)	Prec@5 100.000 (99.726)
Epoch: [97][380/391], lr: 0.01000	Loss 0.3763 (0.3359)	Prec@1 88.281 (88.771)	Prec@5 100.000 (99.729)
Epoch: [97][390/391], lr: 0.01000	Loss 0.3985 (0.3360)	Prec@1 86.250 (88.758)	Prec@5 100.000 (99.728)
Epoch [97] Training Results: Prec@1 88.758 Prec@5 99.728             Loss 0.33600
Epoch [97] Training Class Recall: [0.780,0.846,0.833,0.859,0.894,0.909,0.926,0.937,0.939,0.953]

Epoch: [98][0/391], lr: 0.01000	Loss 0.3333 (0.3333)	Prec@1 89.844 (89.844)	Prec@5 100.000 (100.000)
Epoch: [98][10/391], lr: 0.01000	Loss 0.3230 (0.3424)	Prec@1 89.844 (88.991)	Prec@5 99.219 (99.787)
Epoch: [98][20/391], lr: 0.01000	Loss 0.3569 (0.3443)	Prec@1 86.719 (88.504)	Prec@5 100.000 (99.888)
Epoch: [98][30/391], lr: 0.01000	Loss 0.4018 (0.3420)	Prec@1 86.719 (88.508)	Prec@5 99.219 (99.824)
Epoch: [98][40/391], lr: 0.01000	Loss 0.4032 (0.3442)	Prec@1 85.156 (88.491)	Prec@5 100.000 (99.752)
Epoch: [98][50/391], lr: 0.01000	Loss 0.2903 (0.3420)	Prec@1 89.062 (88.343)	Prec@5 100.000 (99.786)
Epoch: [98][60/391], lr: 0.01000	Loss 0.4586 (0.3392)	Prec@1 86.719 (88.461)	Prec@5 100.000 (99.821)
Epoch: [98][70/391], lr: 0.01000	Loss 0.3925 (0.3362)	Prec@1 87.500 (88.655)	Prec@5 100.000 (99.813)
Epoch: [98][80/391], lr: 0.01000	Loss 0.3136 (0.3357)	Prec@1 88.281 (88.657)	Prec@5 98.438 (99.797)
Epoch: [98][90/391], lr: 0.01000	Loss 0.2529 (0.3361)	Prec@1 90.625 (88.633)	Prec@5 100.000 (99.794)
Epoch: [98][100/391], lr: 0.01000	Loss 0.3742 (0.3349)	Prec@1 89.062 (88.792)	Prec@5 100.000 (99.799)
Epoch: [98][110/391], lr: 0.01000	Loss 0.3686 (0.3390)	Prec@1 89.062 (88.633)	Prec@5 100.000 (99.796)
Epoch: [98][120/391], lr: 0.01000	Loss 0.4497 (0.3414)	Prec@1 85.938 (88.611)	Prec@5 99.219 (99.787)
Epoch: [98][130/391], lr: 0.01000	Loss 0.3979 (0.3419)	Prec@1 87.500 (88.615)	Prec@5 99.219 (99.779)
Epoch: [98][140/391], lr: 0.01000	Loss 0.6434 (0.3454)	Prec@1 79.688 (88.525)	Prec@5 98.438 (99.773)
Epoch: [98][150/391], lr: 0.01000	Loss 0.4600 (0.3494)	Prec@1 84.375 (88.380)	Prec@5 99.219 (99.762)
Epoch: [98][160/391], lr: 0.01000	Loss 0.3759 (0.3517)	Prec@1 85.938 (88.242)	Prec@5 100.000 (99.762)
Epoch: [98][170/391], lr: 0.01000	Loss 0.4081 (0.3516)	Prec@1 89.062 (88.258)	Prec@5 100.000 (99.762)
Epoch: [98][180/391], lr: 0.01000	Loss 0.2778 (0.3501)	Prec@1 89.844 (88.316)	Prec@5 100.000 (99.767)
Epoch: [98][190/391], lr: 0.01000	Loss 0.2739 (0.3504)	Prec@1 92.969 (88.289)	Prec@5 100.000 (99.750)
Epoch: [98][200/391], lr: 0.01000	Loss 0.3200 (0.3504)	Prec@1 88.281 (88.266)	Prec@5 99.219 (99.747)
Epoch: [98][210/391], lr: 0.01000	Loss 0.2495 (0.3500)	Prec@1 91.406 (88.307)	Prec@5 100.000 (99.752)
Epoch: [98][220/391], lr: 0.01000	Loss 0.3428 (0.3493)	Prec@1 87.500 (88.320)	Prec@5 100.000 (99.756)
Epoch: [98][230/391], lr: 0.01000	Loss 0.2626 (0.3469)	Prec@1 92.969 (88.400)	Prec@5 100.000 (99.760)
Epoch: [98][240/391], lr: 0.01000	Loss 0.2692 (0.3441)	Prec@1 89.844 (88.495)	Prec@5 100.000 (99.763)
Epoch: [98][250/391], lr: 0.01000	Loss 0.3459 (0.3425)	Prec@1 87.500 (88.527)	Prec@5 100.000 (99.770)
Epoch: [98][260/391], lr: 0.01000	Loss 0.4600 (0.3420)	Prec@1 83.594 (88.566)	Prec@5 100.000 (99.773)
Epoch: [98][270/391], lr: 0.01000	Loss 0.2798 (0.3409)	Prec@1 89.062 (88.610)	Prec@5 100.000 (99.764)
Epoch: [98][280/391], lr: 0.01000	Loss 0.3444 (0.3399)	Prec@1 89.844 (88.632)	Prec@5 99.219 (99.755)
Epoch: [98][290/391], lr: 0.01000	Loss 0.2998 (0.3400)	Prec@1 90.625 (88.603)	Prec@5 100.000 (99.761)
Epoch: [98][300/391], lr: 0.01000	Loss 0.2556 (0.3401)	Prec@1 86.719 (88.629)	Prec@5 100.000 (99.759)
Epoch: [98][310/391], lr: 0.01000	Loss 0.2786 (0.3413)	Prec@1 92.188 (88.625)	Prec@5 100.000 (99.756)
Epoch: [98][320/391], lr: 0.01000	Loss 0.3199 (0.3424)	Prec@1 87.500 (88.588)	Prec@5 100.000 (99.759)
Epoch: [98][330/391], lr: 0.01000	Loss 0.4532 (0.3430)	Prec@1 89.844 (88.576)	Prec@5 100.000 (99.759)
Epoch: [98][340/391], lr: 0.01000	Loss 0.4014 (0.3432)	Prec@1 88.281 (88.538)	Prec@5 100.000 (99.762)
Epoch: [98][350/391], lr: 0.01000	Loss 0.3131 (0.3440)	Prec@1 89.062 (88.495)	Prec@5 100.000 (99.760)
Epoch: [98][360/391], lr: 0.01000	Loss 0.4378 (0.3449)	Prec@1 87.500 (88.463)	Prec@5 100.000 (99.762)
Epoch: [98][370/391], lr: 0.01000	Loss 0.3805 (0.3460)	Prec@1 87.500 (88.450)	Prec@5 100.000 (99.762)
Epoch: [98][380/391], lr: 0.01000	Loss 0.4195 (0.3473)	Prec@1 87.500 (88.427)	Prec@5 99.219 (99.754)
Epoch: [98][390/391], lr: 0.01000	Loss 0.6380 (0.3484)	Prec@1 83.750 (88.388)	Prec@5 98.750 (99.750)
Epoch [98] Training Results: Prec@1 88.388 Prec@5 99.750             Loss 0.34842
Epoch [98] Training Class Recall: [0.782,0.832,0.825,0.866,0.894,0.900,0.928,0.922,0.945,0.945]

Epoch: [99][0/391], lr: 0.01000	Loss 0.4733 (0.4733)	Prec@1 85.938 (85.938)	Prec@5 100.000 (100.000)
Epoch: [99][10/391], lr: 0.01000	Loss 0.4155 (0.3807)	Prec@1 85.938 (87.429)	Prec@5 100.000 (99.787)
Epoch: [99][20/391], lr: 0.01000	Loss 0.2859 (0.3647)	Prec@1 90.625 (87.946)	Prec@5 100.000 (99.702)
Epoch: [99][30/391], lr: 0.01000	Loss 0.3369 (0.3513)	Prec@1 90.625 (88.382)	Prec@5 100.000 (99.723)
Epoch: [99][40/391], lr: 0.01000	Loss 0.2827 (0.3413)	Prec@1 91.406 (88.624)	Prec@5 100.000 (99.752)
Epoch: [99][50/391], lr: 0.01000	Loss 0.2817 (0.3388)	Prec@1 92.969 (88.802)	Prec@5 100.000 (99.724)
Epoch: [99][60/391], lr: 0.01000	Loss 0.2182 (0.3375)	Prec@1 93.750 (88.832)	Prec@5 100.000 (99.744)
Epoch: [99][70/391], lr: 0.01000	Loss 0.2303 (0.3327)	Prec@1 92.188 (88.985)	Prec@5 100.000 (99.747)
Epoch: [99][80/391], lr: 0.01000	Loss 0.2589 (0.3302)	Prec@1 89.844 (88.956)	Prec@5 100.000 (99.759)
Epoch: [99][90/391], lr: 0.01000	Loss 0.3968 (0.3320)	Prec@1 88.281 (88.951)	Prec@5 99.219 (99.768)
Epoch: [99][100/391], lr: 0.01000	Loss 0.3609 (0.3327)	Prec@1 85.156 (88.792)	Prec@5 100.000 (99.776)
Epoch: [99][110/391], lr: 0.01000	Loss 0.3548 (0.3311)	Prec@1 89.844 (88.844)	Prec@5 100.000 (99.782)
Epoch: [99][120/391], lr: 0.01000	Loss 0.3177 (0.3276)	Prec@1 90.625 (88.991)	Prec@5 100.000 (99.768)
Epoch: [99][130/391], lr: 0.01000	Loss 0.2975 (0.3247)	Prec@1 89.844 (89.098)	Prec@5 99.219 (99.767)
Epoch: [99][140/391], lr: 0.01000	Loss 0.3851 (0.3246)	Prec@1 87.500 (89.140)	Prec@5 99.219 (99.778)
Epoch: [99][150/391], lr: 0.01000	Loss 0.2359 (0.3244)	Prec@1 92.969 (89.166)	Prec@5 100.000 (99.778)
Epoch: [99][160/391], lr: 0.01000	Loss 0.3654 (0.3241)	Prec@1 89.844 (89.130)	Prec@5 100.000 (99.777)
Epoch: [99][170/391], lr: 0.01000	Loss 0.2931 (0.3242)	Prec@1 90.625 (89.117)	Prec@5 100.000 (99.776)
Epoch: [99][180/391], lr: 0.01000	Loss 0.4559 (0.3246)	Prec@1 85.938 (89.132)	Prec@5 100.000 (99.784)
Epoch: [99][190/391], lr: 0.01000	Loss 0.1472 (0.3272)	Prec@1 96.094 (89.083)	Prec@5 100.000 (99.767)
Epoch: [99][200/391], lr: 0.01000	Loss 0.2781 (0.3257)	Prec@1 89.844 (89.171)	Prec@5 100.000 (99.767)
Epoch: [99][210/391], lr: 0.01000	Loss 0.3457 (0.3269)	Prec@1 88.281 (89.137)	Prec@5 100.000 (99.763)
Epoch: [99][220/391], lr: 0.01000	Loss 0.3231 (0.3280)	Prec@1 89.844 (89.130)	Prec@5 100.000 (99.767)
Epoch: [99][230/391], lr: 0.01000	Loss 0.3989 (0.3282)	Prec@1 88.281 (89.147)	Prec@5 99.219 (99.753)
Epoch: [99][240/391], lr: 0.01000	Loss 0.3299 (0.3293)	Prec@1 89.062 (89.111)	Prec@5 98.438 (99.750)
Epoch: [99][250/391], lr: 0.01000	Loss 0.5064 (0.3291)	Prec@1 83.594 (89.115)	Prec@5 100.000 (99.757)
Epoch: [99][260/391], lr: 0.01000	Loss 0.3658 (0.3313)	Prec@1 85.156 (89.027)	Prec@5 100.000 (99.740)
Epoch: [99][270/391], lr: 0.01000	Loss 0.2742 (0.3341)	Prec@1 91.406 (88.910)	Prec@5 99.219 (99.735)
Epoch: [99][280/391], lr: 0.01000	Loss 0.4183 (0.3347)	Prec@1 83.594 (88.873)	Prec@5 100.000 (99.736)
Epoch: [99][290/391], lr: 0.01000	Loss 0.4191 (0.3363)	Prec@1 86.719 (88.813)	Prec@5 99.219 (99.723)
Epoch: [99][300/391], lr: 0.01000	Loss 0.2737 (0.3357)	Prec@1 92.188 (88.803)	Prec@5 100.000 (99.720)
Epoch: [99][310/391], lr: 0.01000	Loss 0.2940 (0.3354)	Prec@1 89.844 (88.806)	Prec@5 100.000 (99.719)
Epoch: [99][320/391], lr: 0.01000	Loss 0.3770 (0.3357)	Prec@1 90.625 (88.797)	Prec@5 100.000 (99.720)
Epoch: [99][330/391], lr: 0.01000	Loss 0.3662 (0.3359)	Prec@1 86.719 (88.789)	Prec@5 100.000 (99.717)
Epoch: [99][340/391], lr: 0.01000	Loss 0.4575 (0.3369)	Prec@1 82.031 (88.760)	Prec@5 99.219 (99.716)
Epoch: [99][350/391], lr: 0.01000	Loss 0.3516 (0.3382)	Prec@1 84.375 (88.695)	Prec@5 100.000 (99.713)
Epoch: [99][360/391], lr: 0.01000	Loss 0.3326 (0.3375)	Prec@1 88.281 (88.714)	Prec@5 100.000 (99.721)
Epoch: [99][370/391], lr: 0.01000	Loss 0.3036 (0.3375)	Prec@1 91.406 (88.728)	Prec@5 100.000 (99.726)
Epoch: [99][380/391], lr: 0.01000	Loss 0.2570 (0.3372)	Prec@1 92.969 (88.765)	Prec@5 99.219 (99.725)
Epoch: [99][390/391], lr: 0.01000	Loss 0.2225 (0.3381)	Prec@1 93.750 (88.754)	Prec@5 100.000 (99.714)
Epoch [99] Training Results: Prec@1 88.754 Prec@5 99.714             Loss 0.33806
Epoch [99] Training Class Recall: [0.789,0.835,0.827,0.863,0.901,0.914,0.930,0.929,0.938,0.949]

Epoch: [100][0/391], lr: 0.01000	Loss 0.4498 (0.4498)	Prec@1 88.281 (88.281)	Prec@5 98.438 (98.438)
Epoch: [100][10/391], lr: 0.01000	Loss 0.3642 (0.3892)	Prec@1 85.938 (87.003)	Prec@5 99.219 (99.503)
Epoch: [100][20/391], lr: 0.01000	Loss 0.4191 (0.3896)	Prec@1 81.250 (86.533)	Prec@5 100.000 (99.591)
Epoch: [100][30/391], lr: 0.01000	Loss 0.3369 (0.3851)	Prec@1 86.719 (86.366)	Prec@5 99.219 (99.622)
Epoch: [100][40/391], lr: 0.01000	Loss 0.3500 (0.3833)	Prec@1 89.844 (86.643)	Prec@5 100.000 (99.638)
Epoch: [100][50/391], lr: 0.01000	Loss 0.3092 (0.3734)	Prec@1 89.844 (86.964)	Prec@5 100.000 (99.694)
Epoch: [100][60/391], lr: 0.01000	Loss 0.2035 (0.3700)	Prec@1 92.188 (87.116)	Prec@5 100.000 (99.731)
Epoch: [100][70/391], lr: 0.01000	Loss 0.2667 (0.3699)	Prec@1 92.188 (87.291)	Prec@5 100.000 (99.725)
Epoch: [100][80/391], lr: 0.01000	Loss 0.5230 (0.3685)	Prec@1 86.719 (87.471)	Prec@5 98.438 (99.730)
Epoch: [100][90/391], lr: 0.01000	Loss 0.2643 (0.3661)	Prec@1 90.625 (87.577)	Prec@5 100.000 (99.742)
Epoch: [100][100/391], lr: 0.01000	Loss 0.2945 (0.3628)	Prec@1 88.281 (87.740)	Prec@5 100.000 (99.729)
Epoch: [100][110/391], lr: 0.01000	Loss 0.3200 (0.3580)	Prec@1 88.281 (87.880)	Prec@5 99.219 (99.740)
Epoch: [100][120/391], lr: 0.01000	Loss 0.2432 (0.3540)	Prec@1 91.406 (88.036)	Prec@5 100.000 (99.748)
Epoch: [100][130/391], lr: 0.01000	Loss 0.3518 (0.3542)	Prec@1 89.062 (88.043)	Prec@5 100.000 (99.738)
Epoch: [100][140/391], lr: 0.01000	Loss 0.3201 (0.3511)	Prec@1 87.500 (88.137)	Prec@5 100.000 (99.745)
Epoch: [100][150/391], lr: 0.01000	Loss 0.3176 (0.3488)	Prec@1 83.594 (88.162)	Prec@5 100.000 (99.746)
Epoch: [100][160/391], lr: 0.01000	Loss 0.4028 (0.3472)	Prec@1 85.938 (88.233)	Prec@5 100.000 (99.748)
Epoch: [100][170/391], lr: 0.01000	Loss 0.3092 (0.3467)	Prec@1 89.844 (88.277)	Prec@5 100.000 (99.753)
Epoch: [100][180/391], lr: 0.01000	Loss 0.3845 (0.3453)	Prec@1 85.938 (88.363)	Prec@5 100.000 (99.754)
Epoch: [100][190/391], lr: 0.01000	Loss 0.4359 (0.3442)	Prec@1 84.375 (88.392)	Prec@5 100.000 (99.759)
Epoch: [100][200/391], lr: 0.01000	Loss 0.3384 (0.3423)	Prec@1 87.500 (88.433)	Prec@5 100.000 (99.763)
Epoch: [100][210/391], lr: 0.01000	Loss 0.3973 (0.3436)	Prec@1 86.719 (88.396)	Prec@5 100.000 (99.763)
Epoch: [100][220/391], lr: 0.01000	Loss 0.2083 (0.3443)	Prec@1 95.312 (88.401)	Prec@5 100.000 (99.767)
Epoch: [100][230/391], lr: 0.01000	Loss 0.5474 (0.3444)	Prec@1 82.031 (88.427)	Prec@5 99.219 (99.763)
Epoch: [100][240/391], lr: 0.01000	Loss 0.2804 (0.3449)	Prec@1 91.406 (88.443)	Prec@5 100.000 (99.763)
Epoch: [100][250/391], lr: 0.01000	Loss 0.2541 (0.3463)	Prec@1 91.406 (88.418)	Prec@5 100.000 (99.763)
Epoch: [100][260/391], lr: 0.01000	Loss 0.4065 (0.3482)	Prec@1 85.156 (88.335)	Prec@5 100.000 (99.764)
Epoch: [100][270/391], lr: 0.01000	Loss 0.3349 (0.3496)	Prec@1 91.406 (88.278)	Prec@5 100.000 (99.749)
Epoch: [100][280/391], lr: 0.01000	Loss 0.3450 (0.3501)	Prec@1 92.188 (88.256)	Prec@5 100.000 (99.755)
Epoch: [100][290/391], lr: 0.01000	Loss 0.2876 (0.3501)	Prec@1 89.062 (88.271)	Prec@5 100.000 (99.756)
Epoch: [100][300/391], lr: 0.01000	Loss 0.4083 (0.3496)	Prec@1 89.844 (88.255)	Prec@5 99.219 (99.761)
Epoch: [100][310/391], lr: 0.01000	Loss 0.3202 (0.3504)	Prec@1 86.719 (88.239)	Prec@5 100.000 (99.761)
Epoch: [100][320/391], lr: 0.01000	Loss 0.4845 (0.3511)	Prec@1 78.906 (88.211)	Prec@5 100.000 (99.761)
Epoch: [100][330/391], lr: 0.01000	Loss 0.3761 (0.3531)	Prec@1 89.062 (88.154)	Prec@5 100.000 (99.764)
Epoch: [100][340/391], lr: 0.01000	Loss 0.2339 (0.3528)	Prec@1 92.188 (88.141)	Prec@5 100.000 (99.762)
Epoch: [100][350/391], lr: 0.01000	Loss 0.3399 (0.3525)	Prec@1 88.281 (88.172)	Prec@5 100.000 (99.755)
Epoch: [100][360/391], lr: 0.01000	Loss 0.3077 (0.3534)	Prec@1 91.406 (88.136)	Prec@5 100.000 (99.755)
Epoch: [100][370/391], lr: 0.01000	Loss 0.3672 (0.3531)	Prec@1 90.625 (88.172)	Prec@5 99.219 (99.754)
Epoch: [100][380/391], lr: 0.01000	Loss 0.3349 (0.3532)	Prec@1 90.625 (88.160)	Prec@5 100.000 (99.760)
Epoch: [100][390/391], lr: 0.01000	Loss 0.3645 (0.3532)	Prec@1 90.000 (88.146)	Prec@5 100.000 (99.756)
Epoch [100] Training Results: Prec@1 88.146 Prec@5 99.756             Loss 0.35320
Epoch [100] Training Class Recall: [0.769,0.835,0.817,0.861,0.898,0.907,0.923,0.924,0.938,0.941]

Epoch: [101][0/391], lr: 0.01000	Loss 0.3873 (0.3873)	Prec@1 82.812 (82.812)	Prec@5 100.000 (100.000)
Epoch: [101][10/391], lr: 0.01000	Loss 0.4759 (0.3530)	Prec@1 84.375 (88.210)	Prec@5 100.000 (100.000)
Epoch: [101][20/391], lr: 0.01000	Loss 0.2645 (0.3336)	Prec@1 89.844 (88.690)	Prec@5 100.000 (99.888)
Epoch: [101][30/391], lr: 0.01000	Loss 0.3476 (0.3360)	Prec@1 89.844 (88.558)	Prec@5 100.000 (99.899)
Epoch: [101][40/391], lr: 0.01000	Loss 0.3759 (0.3368)	Prec@1 89.062 (88.739)	Prec@5 100.000 (99.905)
Epoch: [101][50/391], lr: 0.01000	Loss 0.4023 (0.3329)	Prec@1 84.375 (88.802)	Prec@5 99.219 (99.877)
Epoch: [101][60/391], lr: 0.01000	Loss 0.3116 (0.3350)	Prec@1 92.188 (88.909)	Prec@5 100.000 (99.885)
Epoch: [101][70/391], lr: 0.01000	Loss 0.3814 (0.3332)	Prec@1 88.281 (88.886)	Prec@5 99.219 (99.857)
Epoch: [101][80/391], lr: 0.01000	Loss 0.2049 (0.3260)	Prec@1 91.406 (89.140)	Prec@5 100.000 (99.855)
Epoch: [101][90/391], lr: 0.01000	Loss 0.3186 (0.3245)	Prec@1 88.281 (89.200)	Prec@5 100.000 (99.854)
Epoch: [101][100/391], lr: 0.01000	Loss 0.2471 (0.3201)	Prec@1 90.625 (89.356)	Prec@5 100.000 (99.853)
Epoch: [101][110/391], lr: 0.01000	Loss 0.2783 (0.3177)	Prec@1 91.406 (89.443)	Prec@5 100.000 (99.866)
Epoch: [101][120/391], lr: 0.01000	Loss 0.3349 (0.3209)	Prec@1 89.062 (89.372)	Prec@5 98.438 (99.832)
Epoch: [101][130/391], lr: 0.01000	Loss 0.3089 (0.3197)	Prec@1 92.188 (89.420)	Prec@5 100.000 (99.809)
Epoch: [101][140/391], lr: 0.01000	Loss 0.4330 (0.3204)	Prec@1 87.500 (89.384)	Prec@5 98.438 (99.801)
Epoch: [101][150/391], lr: 0.01000	Loss 0.3059 (0.3212)	Prec@1 89.844 (89.373)	Prec@5 100.000 (99.798)
Epoch: [101][160/391], lr: 0.01000	Loss 0.3989 (0.3240)	Prec@1 85.938 (89.305)	Prec@5 100.000 (99.801)
Epoch: [101][170/391], lr: 0.01000	Loss 0.3225 (0.3257)	Prec@1 92.188 (89.286)	Prec@5 100.000 (99.804)
Epoch: [101][180/391], lr: 0.01000	Loss 0.2171 (0.3269)	Prec@1 92.969 (89.227)	Prec@5 100.000 (99.801)
Epoch: [101][190/391], lr: 0.01000	Loss 0.3793 (0.3275)	Prec@1 88.281 (89.185)	Prec@5 100.000 (99.808)
Epoch: [101][200/391], lr: 0.01000	Loss 0.4346 (0.3291)	Prec@1 85.938 (89.121)	Prec@5 100.000 (99.806)
Epoch: [101][210/391], lr: 0.01000	Loss 0.3487 (0.3298)	Prec@1 88.281 (89.103)	Prec@5 100.000 (99.804)
Epoch: [101][220/391], lr: 0.01000	Loss 0.3009 (0.3304)	Prec@1 87.500 (89.066)	Prec@5 100.000 (99.791)
Epoch: [101][230/391], lr: 0.01000	Loss 0.4221 (0.3343)	Prec@1 85.938 (88.941)	Prec@5 100.000 (99.790)
Epoch: [101][240/391], lr: 0.01000	Loss 0.4018 (0.3366)	Prec@1 83.594 (88.819)	Prec@5 100.000 (99.786)
Epoch: [101][250/391], lr: 0.01000	Loss 0.6853 (0.3398)	Prec@1 81.250 (88.695)	Prec@5 99.219 (99.776)
Epoch: [101][260/391], lr: 0.01000	Loss 0.1912 (0.3388)	Prec@1 92.969 (88.721)	Prec@5 100.000 (99.773)
Epoch: [101][270/391], lr: 0.01000	Loss 0.2382 (0.3388)	Prec@1 92.188 (88.725)	Prec@5 100.000 (99.769)
Epoch: [101][280/391], lr: 0.01000	Loss 0.3603 (0.3392)	Prec@1 89.062 (88.696)	Prec@5 100.000 (99.769)
Epoch: [101][290/391], lr: 0.01000	Loss 0.4558 (0.3401)	Prec@1 85.156 (88.668)	Prec@5 99.219 (99.761)
Epoch: [101][300/391], lr: 0.01000	Loss 0.3372 (0.3415)	Prec@1 91.406 (88.600)	Prec@5 100.000 (99.761)
Epoch: [101][310/391], lr: 0.01000	Loss 0.3952 (0.3433)	Prec@1 85.938 (88.543)	Prec@5 99.219 (99.759)
Epoch: [101][320/391], lr: 0.01000	Loss 0.3360 (0.3436)	Prec@1 88.281 (88.542)	Prec@5 100.000 (99.766)
Epoch: [101][330/391], lr: 0.01000	Loss 0.3113 (0.3447)	Prec@1 86.719 (88.513)	Prec@5 100.000 (99.762)
Epoch: [101][340/391], lr: 0.01000	Loss 0.2913 (0.3444)	Prec@1 90.625 (88.520)	Prec@5 100.000 (99.764)
Epoch: [101][350/391], lr: 0.01000	Loss 0.3431 (0.3449)	Prec@1 89.062 (88.504)	Prec@5 100.000 (99.769)
Epoch: [101][360/391], lr: 0.01000	Loss 0.4547 (0.3448)	Prec@1 84.375 (88.480)	Prec@5 100.000 (99.764)
Epoch: [101][370/391], lr: 0.01000	Loss 0.3722 (0.3439)	Prec@1 84.375 (88.504)	Prec@5 100.000 (99.770)
Epoch: [101][380/391], lr: 0.01000	Loss 0.4506 (0.3451)	Prec@1 83.594 (88.484)	Prec@5 99.219 (99.766)
Epoch: [101][390/391], lr: 0.01000	Loss 0.2869 (0.3453)	Prec@1 91.250 (88.504)	Prec@5 98.750 (99.756)
Epoch [101] Training Results: Prec@1 88.504 Prec@5 99.756             Loss 0.34528
Epoch [101] Training Class Recall: [0.791,0.837,0.819,0.866,0.890,0.908,0.920,0.925,0.943,0.951]

Epoch: [102][0/391], lr: 0.01000	Loss 0.2979 (0.2979)	Prec@1 90.625 (90.625)	Prec@5 100.000 (100.000)
Epoch: [102][10/391], lr: 0.01000	Loss 0.3938 (0.3453)	Prec@1 84.375 (89.418)	Prec@5 100.000 (99.574)
Epoch: [102][20/391], lr: 0.01000	Loss 0.3008 (0.3183)	Prec@1 89.844 (89.732)	Prec@5 100.000 (99.777)
Epoch: [102][30/391], lr: 0.01000	Loss 0.1514 (0.3078)	Prec@1 95.312 (90.020)	Prec@5 100.000 (99.773)
Epoch: [102][40/391], lr: 0.01000	Loss 0.2550 (0.2957)	Prec@1 92.188 (90.377)	Prec@5 99.219 (99.790)
Epoch: [102][50/391], lr: 0.01000	Loss 0.2522 (0.2866)	Prec@1 91.406 (90.702)	Prec@5 100.000 (99.816)
Epoch: [102][60/391], lr: 0.01000	Loss 0.2111 (0.2915)	Prec@1 90.625 (90.394)	Prec@5 100.000 (99.808)
Epoch: [102][70/391], lr: 0.01000	Loss 0.2489 (0.2868)	Prec@1 91.406 (90.493)	Prec@5 100.000 (99.824)
Epoch: [102][80/391], lr: 0.01000	Loss 0.3518 (0.2855)	Prec@1 88.281 (90.519)	Prec@5 100.000 (99.836)
Epoch: [102][90/391], lr: 0.01000	Loss 0.1943 (0.2817)	Prec@1 94.531 (90.659)	Prec@5 100.000 (99.854)
Epoch: [102][100/391], lr: 0.01000	Loss 0.3361 (0.2821)	Prec@1 89.062 (90.610)	Prec@5 100.000 (99.845)
Epoch: [102][110/391], lr: 0.01000	Loss 0.1812 (0.2821)	Prec@1 94.531 (90.526)	Prec@5 100.000 (99.852)
Epoch: [102][120/391], lr: 0.01000	Loss 0.4143 (0.2845)	Prec@1 85.156 (90.444)	Prec@5 100.000 (99.851)
Epoch: [102][130/391], lr: 0.01000	Loss 0.2778 (0.2878)	Prec@1 92.188 (90.422)	Prec@5 100.000 (99.851)
Epoch: [102][140/391], lr: 0.01000	Loss 0.4123 (0.2904)	Prec@1 86.719 (90.370)	Prec@5 99.219 (99.834)
Epoch: [102][150/391], lr: 0.01000	Loss 0.4158 (0.2938)	Prec@1 84.375 (90.227)	Prec@5 100.000 (99.824)
Epoch: [102][160/391], lr: 0.01000	Loss 0.3173 (0.2978)	Prec@1 89.844 (90.062)	Prec@5 100.000 (99.806)
Epoch: [102][170/391], lr: 0.01000	Loss 0.6678 (0.3033)	Prec@1 81.250 (89.935)	Prec@5 99.219 (99.799)
Epoch: [102][180/391], lr: 0.01000	Loss 0.3661 (0.3070)	Prec@1 85.938 (89.822)	Prec@5 99.219 (99.801)
Epoch: [102][190/391], lr: 0.01000	Loss 0.4663 (0.3143)	Prec@1 85.938 (89.627)	Prec@5 100.000 (99.775)
Epoch: [102][200/391], lr: 0.01000	Loss 0.3745 (0.3189)	Prec@1 87.500 (89.498)	Prec@5 100.000 (99.763)
Epoch: [102][210/391], lr: 0.01000	Loss 0.6066 (0.3275)	Prec@1 80.469 (89.181)	Prec@5 100.000 (99.759)
Epoch: [102][220/391], lr: 0.01000	Loss 0.3463 (0.3298)	Prec@1 86.719 (89.077)	Prec@5 100.000 (99.760)
Epoch: [102][230/391], lr: 0.01000	Loss 0.3024 (0.3316)	Prec@1 91.406 (89.035)	Prec@5 99.219 (99.756)
Epoch: [102][240/391], lr: 0.01000	Loss 0.3156 (0.3339)	Prec@1 85.156 (88.962)	Prec@5 99.219 (99.741)
Epoch: [102][250/391], lr: 0.01000	Loss 0.4152 (0.3358)	Prec@1 85.938 (88.888)	Prec@5 99.219 (99.739)
Epoch: [102][260/391], lr: 0.01000	Loss 0.4466 (0.3360)	Prec@1 83.594 (88.823)	Prec@5 100.000 (99.746)
Epoch: [102][270/391], lr: 0.01000	Loss 0.3144 (0.3361)	Prec@1 92.188 (88.826)	Prec@5 100.000 (99.741)
Epoch: [102][280/391], lr: 0.01000	Loss 0.3121 (0.3355)	Prec@1 87.500 (88.804)	Prec@5 100.000 (99.741)
Epoch: [102][290/391], lr: 0.01000	Loss 0.3140 (0.3354)	Prec@1 91.406 (88.805)	Prec@5 99.219 (99.740)
Epoch: [102][300/391], lr: 0.01000	Loss 0.4019 (0.3342)	Prec@1 89.062 (88.839)	Prec@5 99.219 (99.743)
Epoch: [102][310/391], lr: 0.01000	Loss 0.2717 (0.3331)	Prec@1 92.969 (88.854)	Prec@5 100.000 (99.746)
Epoch: [102][320/391], lr: 0.01000	Loss 0.3600 (0.3326)	Prec@1 85.156 (88.853)	Prec@5 100.000 (99.749)
Epoch: [102][330/391], lr: 0.01000	Loss 0.3165 (0.3331)	Prec@1 90.625 (88.860)	Prec@5 100.000 (99.750)
Epoch: [102][340/391], lr: 0.01000	Loss 0.4508 (0.3328)	Prec@1 85.156 (88.852)	Prec@5 99.219 (99.748)
Epoch: [102][350/391], lr: 0.01000	Loss 0.2621 (0.3329)	Prec@1 89.062 (88.829)	Prec@5 100.000 (99.746)
Epoch: [102][360/391], lr: 0.01000	Loss 0.4062 (0.3339)	Prec@1 85.156 (88.792)	Prec@5 100.000 (99.747)
Epoch: [102][370/391], lr: 0.01000	Loss 0.5083 (0.3355)	Prec@1 81.250 (88.734)	Prec@5 97.656 (99.728)
Epoch: [102][380/391], lr: 0.01000	Loss 0.5029 (0.3369)	Prec@1 86.719 (88.695)	Prec@5 100.000 (99.733)
Epoch: [102][390/391], lr: 0.01000	Loss 0.4250 (0.3385)	Prec@1 87.500 (88.638)	Prec@5 100.000 (99.730)
Epoch [102] Training Results: Prec@1 88.638 Prec@5 99.730             Loss 0.33852
Epoch [102] Training Class Recall: [0.782,0.840,0.821,0.864,0.904,0.908,0.924,0.931,0.943,0.946]

Epoch: [103][0/391], lr: 0.01000	Loss 0.3885 (0.3885)	Prec@1 86.719 (86.719)	Prec@5 100.000 (100.000)
Epoch: [103][10/391], lr: 0.01000	Loss 0.3958 (0.3976)	Prec@1 83.594 (86.222)	Prec@5 100.000 (99.858)
Epoch: [103][20/391], lr: 0.01000	Loss 0.3869 (0.3826)	Prec@1 85.156 (86.905)	Prec@5 99.219 (99.777)
Epoch: [103][30/391], lr: 0.01000	Loss 0.4719 (0.3936)	Prec@1 83.594 (86.769)	Prec@5 99.219 (99.698)
Epoch: [103][40/391], lr: 0.01000	Loss 0.4487 (0.3854)	Prec@1 84.375 (86.890)	Prec@5 97.656 (99.714)
Epoch: [103][50/391], lr: 0.01000	Loss 0.4204 (0.3842)	Prec@1 88.281 (86.949)	Prec@5 100.000 (99.709)
Epoch: [103][60/391], lr: 0.01000	Loss 0.3293 (0.3805)	Prec@1 86.719 (87.077)	Prec@5 100.000 (99.641)
Epoch: [103][70/391], lr: 0.01000	Loss 0.3310 (0.3747)	Prec@1 86.719 (87.181)	Prec@5 100.000 (99.670)
Epoch: [103][80/391], lr: 0.01000	Loss 0.2791 (0.3693)	Prec@1 89.062 (87.288)	Prec@5 100.000 (99.662)
Epoch: [103][90/391], lr: 0.01000	Loss 0.2416 (0.3652)	Prec@1 91.406 (87.491)	Prec@5 100.000 (99.665)
Epoch: [103][100/391], lr: 0.01000	Loss 0.3290 (0.3582)	Prec@1 89.844 (87.856)	Prec@5 100.000 (99.683)
Epoch: [103][110/391], lr: 0.01000	Loss 0.4068 (0.3570)	Prec@1 85.938 (87.965)	Prec@5 98.438 (99.655)
Epoch: [103][120/391], lr: 0.01000	Loss 0.2714 (0.3547)	Prec@1 89.844 (88.107)	Prec@5 100.000 (99.664)
Epoch: [103][130/391], lr: 0.01000	Loss 0.3938 (0.3510)	Prec@1 88.281 (88.180)	Prec@5 100.000 (99.678)
Epoch: [103][140/391], lr: 0.01000	Loss 0.4072 (0.3474)	Prec@1 85.156 (88.287)	Prec@5 99.219 (99.684)
Epoch: [103][150/391], lr: 0.01000	Loss 0.4884 (0.3471)	Prec@1 84.375 (88.323)	Prec@5 98.438 (99.690)
Epoch: [103][160/391], lr: 0.01000	Loss 0.2338 (0.3441)	Prec@1 89.844 (88.403)	Prec@5 100.000 (99.694)
Epoch: [103][170/391], lr: 0.01000	Loss 0.2638 (0.3434)	Prec@1 90.625 (88.432)	Prec@5 100.000 (99.694)
Epoch: [103][180/391], lr: 0.01000	Loss 0.4018 (0.3447)	Prec@1 86.719 (88.406)	Prec@5 99.219 (99.694)
Epoch: [103][190/391], lr: 0.01000	Loss 0.4036 (0.3439)	Prec@1 89.062 (88.408)	Prec@5 100.000 (99.701)
Epoch: [103][200/391], lr: 0.01000	Loss 0.2991 (0.3425)	Prec@1 89.844 (88.452)	Prec@5 100.000 (99.708)
Epoch: [103][210/391], lr: 0.01000	Loss 0.3374 (0.3422)	Prec@1 89.062 (88.515)	Prec@5 100.000 (99.719)
Epoch: [103][220/391], lr: 0.01000	Loss 0.2495 (0.3399)	Prec@1 92.969 (88.617)	Prec@5 100.000 (99.728)
Epoch: [103][230/391], lr: 0.01000	Loss 0.4332 (0.3381)	Prec@1 83.594 (88.684)	Prec@5 100.000 (99.729)
Epoch: [103][240/391], lr: 0.01000	Loss 0.3664 (0.3370)	Prec@1 89.062 (88.696)	Prec@5 98.438 (99.728)
Epoch: [103][250/391], lr: 0.01000	Loss 0.2138 (0.3365)	Prec@1 91.406 (88.717)	Prec@5 100.000 (99.723)
Epoch: [103][260/391], lr: 0.01000	Loss 0.2316 (0.3346)	Prec@1 92.188 (88.790)	Prec@5 100.000 (99.731)
Epoch: [103][270/391], lr: 0.01000	Loss 0.3780 (0.3352)	Prec@1 87.500 (88.777)	Prec@5 100.000 (99.735)
Epoch: [103][280/391], lr: 0.01000	Loss 0.4182 (0.3374)	Prec@1 86.719 (88.701)	Prec@5 99.219 (99.736)
Epoch: [103][290/391], lr: 0.01000	Loss 0.4268 (0.3378)	Prec@1 86.719 (88.657)	Prec@5 100.000 (99.740)
Epoch: [103][300/391], lr: 0.01000	Loss 0.2629 (0.3382)	Prec@1 90.625 (88.689)	Prec@5 100.000 (99.740)
Epoch: [103][310/391], lr: 0.01000	Loss 0.2835 (0.3385)	Prec@1 89.844 (88.678)	Prec@5 100.000 (99.746)
Epoch: [103][320/391], lr: 0.01000	Loss 0.3985 (0.3384)	Prec@1 85.156 (88.690)	Prec@5 99.219 (99.744)
Epoch: [103][330/391], lr: 0.01000	Loss 0.2598 (0.3386)	Prec@1 89.844 (88.694)	Prec@5 98.438 (99.733)
Epoch: [103][340/391], lr: 0.01000	Loss 0.3948 (0.3382)	Prec@1 86.719 (88.714)	Prec@5 100.000 (99.739)
Epoch: [103][350/391], lr: 0.01000	Loss 0.5330 (0.3383)	Prec@1 85.938 (88.718)	Prec@5 99.219 (99.733)
Epoch: [103][360/391], lr: 0.01000	Loss 0.2985 (0.3369)	Prec@1 89.844 (88.798)	Prec@5 100.000 (99.736)
Epoch: [103][370/391], lr: 0.01000	Loss 0.3047 (0.3364)	Prec@1 91.406 (88.822)	Prec@5 100.000 (99.735)
Epoch: [103][380/391], lr: 0.01000	Loss 0.4944 (0.3372)	Prec@1 82.812 (88.814)	Prec@5 98.438 (99.729)
Epoch: [103][390/391], lr: 0.01000	Loss 0.2593 (0.3366)	Prec@1 92.500 (88.820)	Prec@5 100.000 (99.736)
Epoch [103] Training Results: Prec@1 88.820 Prec@5 99.736             Loss 0.33661
Epoch [103] Training Class Recall: [0.781,0.844,0.832,0.871,0.901,0.909,0.933,0.927,0.936,0.947]

Epoch: [104][0/391], lr: 0.01000	Loss 0.2519 (0.2519)	Prec@1 90.625 (90.625)	Prec@5 100.000 (100.000)
Epoch: [104][10/391], lr: 0.01000	Loss 0.4507 (0.3399)	Prec@1 83.594 (88.565)	Prec@5 99.219 (99.787)
Epoch: [104][20/391], lr: 0.01000	Loss 0.3227 (0.3355)	Prec@1 91.406 (88.914)	Prec@5 100.000 (99.814)
Epoch: [104][30/391], lr: 0.01000	Loss 0.3534 (0.3349)	Prec@1 88.281 (88.861)	Prec@5 100.000 (99.874)
Epoch: [104][40/391], lr: 0.01000	Loss 0.3042 (0.3245)	Prec@1 87.500 (89.215)	Prec@5 100.000 (99.848)
Epoch: [104][50/391], lr: 0.01000	Loss 0.3361 (0.3221)	Prec@1 87.500 (89.001)	Prec@5 100.000 (99.862)
Epoch: [104][60/391], lr: 0.01000	Loss 0.2723 (0.3197)	Prec@1 92.188 (89.075)	Prec@5 100.000 (99.859)
Epoch: [104][70/391], lr: 0.01000	Loss 0.1748 (0.3171)	Prec@1 96.094 (89.195)	Prec@5 99.219 (99.835)
Epoch: [104][80/391], lr: 0.01000	Loss 0.2528 (0.3172)	Prec@1 92.188 (89.255)	Prec@5 100.000 (99.826)
Epoch: [104][90/391], lr: 0.01000	Loss 0.2970 (0.3201)	Prec@1 90.625 (89.166)	Prec@5 100.000 (99.820)
Epoch: [104][100/391], lr: 0.01000	Loss 0.4826 (0.3205)	Prec@1 78.125 (89.078)	Prec@5 100.000 (99.838)
Epoch: [104][110/391], lr: 0.01000	Loss 0.3178 (0.3257)	Prec@1 86.719 (88.964)	Prec@5 99.219 (99.817)
Epoch: [104][120/391], lr: 0.01000	Loss 0.4669 (0.3302)	Prec@1 82.812 (88.804)	Prec@5 100.000 (99.819)
Epoch: [104][130/391], lr: 0.01000	Loss 0.3854 (0.3323)	Prec@1 85.156 (88.705)	Prec@5 100.000 (99.815)
Epoch: [104][140/391], lr: 0.01000	Loss 0.6211 (0.3359)	Prec@1 80.469 (88.625)	Prec@5 97.656 (99.789)
Epoch: [104][150/391], lr: 0.01000	Loss 0.4910 (0.3377)	Prec@1 85.938 (88.654)	Prec@5 100.000 (99.783)
Epoch: [104][160/391], lr: 0.01000	Loss 0.3492 (0.3385)	Prec@1 86.719 (88.621)	Prec@5 100.000 (99.791)
Epoch: [104][170/391], lr: 0.01000	Loss 0.4218 (0.3388)	Prec@1 85.938 (88.619)	Prec@5 100.000 (99.790)
Epoch: [104][180/391], lr: 0.01000	Loss 0.2462 (0.3384)	Prec@1 92.188 (88.670)	Prec@5 99.219 (99.763)
Epoch: [104][190/391], lr: 0.01000	Loss 0.2857 (0.3387)	Prec@1 91.406 (88.674)	Prec@5 100.000 (99.746)
Epoch: [104][200/391], lr: 0.01000	Loss 0.4513 (0.3396)	Prec@1 84.375 (88.635)	Prec@5 98.438 (99.751)
Epoch: [104][210/391], lr: 0.01000	Loss 0.2846 (0.3425)	Prec@1 88.281 (88.489)	Prec@5 100.000 (99.756)
Epoch: [104][220/391], lr: 0.01000	Loss 0.3151 (0.3422)	Prec@1 90.625 (88.479)	Prec@5 100.000 (99.753)
Epoch: [104][230/391], lr: 0.01000	Loss 0.3952 (0.3423)	Prec@1 90.625 (88.501)	Prec@5 99.219 (99.750)
Epoch: [104][240/391], lr: 0.01000	Loss 0.2720 (0.3414)	Prec@1 88.281 (88.476)	Prec@5 100.000 (99.754)
Epoch: [104][250/391], lr: 0.01000	Loss 0.3110 (0.3406)	Prec@1 90.625 (88.490)	Prec@5 100.000 (99.757)
Epoch: [104][260/391], lr: 0.01000	Loss 0.5169 (0.3396)	Prec@1 88.281 (88.545)	Prec@5 100.000 (99.764)
Epoch: [104][270/391], lr: 0.01000	Loss 0.3374 (0.3383)	Prec@1 87.500 (88.593)	Prec@5 100.000 (99.772)
Epoch: [104][280/391], lr: 0.01000	Loss 0.4640 (0.3404)	Prec@1 82.812 (88.512)	Prec@5 98.438 (99.766)
Epoch: [104][290/391], lr: 0.01000	Loss 0.3560 (0.3405)	Prec@1 89.062 (88.518)	Prec@5 100.000 (99.772)
Epoch: [104][300/391], lr: 0.01000	Loss 0.5168 (0.3445)	Prec@1 82.031 (88.369)	Prec@5 100.000 (99.769)
Epoch: [104][310/391], lr: 0.01000	Loss 0.3970 (0.3453)	Prec@1 85.938 (88.344)	Prec@5 100.000 (99.761)
Epoch: [104][320/391], lr: 0.01000	Loss 0.4465 (0.3460)	Prec@1 87.500 (88.362)	Prec@5 100.000 (99.757)
Epoch: [104][330/391], lr: 0.01000	Loss 0.4615 (0.3464)	Prec@1 86.719 (88.343)	Prec@5 100.000 (99.745)
Epoch: [104][340/391], lr: 0.01000	Loss 0.4503 (0.3466)	Prec@1 85.938 (88.341)	Prec@5 100.000 (99.748)
Epoch: [104][350/391], lr: 0.01000	Loss 0.3178 (0.3461)	Prec@1 87.500 (88.355)	Prec@5 100.000 (99.751)
Epoch: [104][360/391], lr: 0.01000	Loss 0.3051 (0.3454)	Prec@1 89.062 (88.355)	Prec@5 100.000 (99.753)
Epoch: [104][370/391], lr: 0.01000	Loss 0.2586 (0.3445)	Prec@1 91.406 (88.399)	Prec@5 99.219 (99.752)
Epoch: [104][380/391], lr: 0.01000	Loss 0.3138 (0.3445)	Prec@1 90.625 (88.394)	Prec@5 99.219 (99.750)
Epoch: [104][390/391], lr: 0.01000	Loss 0.2164 (0.3435)	Prec@1 92.500 (88.422)	Prec@5 100.000 (99.756)
Epoch [104] Training Results: Prec@1 88.422 Prec@5 99.756             Loss 0.34348
Epoch [104] Training Class Recall: [0.779,0.842,0.827,0.858,0.892,0.907,0.926,0.923,0.945,0.942]

Epoch: [105][0/391], lr: 0.01000	Loss 0.2614 (0.2614)	Prec@1 90.625 (90.625)	Prec@5 100.000 (100.000)
Epoch: [105][10/391], lr: 0.01000	Loss 0.2887 (0.3093)	Prec@1 91.406 (90.270)	Prec@5 99.219 (99.787)
Epoch: [105][20/391], lr: 0.01000	Loss 0.2661 (0.2976)	Prec@1 92.188 (90.141)	Prec@5 100.000 (99.777)
Epoch: [105][30/391], lr: 0.01000	Loss 0.3178 (0.3125)	Prec@1 88.281 (89.541)	Prec@5 100.000 (99.773)
Epoch: [105][40/391], lr: 0.01000	Loss 0.2797 (0.3167)	Prec@1 90.625 (89.215)	Prec@5 100.000 (99.752)
Epoch: [105][50/391], lr: 0.01000	Loss 0.5207 (0.3195)	Prec@1 83.594 (89.200)	Prec@5 99.219 (99.755)
Epoch: [105][60/391], lr: 0.01000	Loss 0.3088 (0.3196)	Prec@1 87.500 (89.101)	Prec@5 100.000 (99.769)
Epoch: [105][70/391], lr: 0.01000	Loss 0.2637 (0.3194)	Prec@1 90.625 (89.173)	Prec@5 100.000 (99.747)
Epoch: [105][80/391], lr: 0.01000	Loss 0.3974 (0.3155)	Prec@1 86.719 (89.255)	Prec@5 99.219 (99.749)
Epoch: [105][90/391], lr: 0.01000	Loss 0.3804 (0.3161)	Prec@1 85.938 (89.294)	Prec@5 100.000 (99.742)
Epoch: [105][100/391], lr: 0.01000	Loss 0.3695 (0.3145)	Prec@1 87.500 (89.364)	Prec@5 100.000 (99.752)
Epoch: [105][110/391], lr: 0.01000	Loss 0.3434 (0.3162)	Prec@1 85.938 (89.309)	Prec@5 100.000 (99.761)
Epoch: [105][120/391], lr: 0.01000	Loss 0.2613 (0.3178)	Prec@1 91.406 (89.308)	Prec@5 99.219 (99.755)
Epoch: [105][130/391], lr: 0.01000	Loss 0.3709 (0.3208)	Prec@1 89.844 (89.247)	Prec@5 98.438 (99.750)
Epoch: [105][140/391], lr: 0.01000	Loss 0.4418 (0.3230)	Prec@1 80.469 (89.129)	Prec@5 100.000 (99.745)
Epoch: [105][150/391], lr: 0.01000	Loss 0.4761 (0.3240)	Prec@1 90.625 (89.130)	Prec@5 98.438 (99.731)
Epoch: [105][160/391], lr: 0.01000	Loss 0.2983 (0.3267)	Prec@1 92.188 (89.092)	Prec@5 100.000 (99.714)
Epoch: [105][170/391], lr: 0.01000	Loss 0.2754 (0.3283)	Prec@1 89.844 (89.076)	Prec@5 100.000 (99.689)
Epoch: [105][180/391], lr: 0.01000	Loss 0.3045 (0.3299)	Prec@1 89.844 (89.002)	Prec@5 99.219 (99.676)
Epoch: [105][190/391], lr: 0.01000	Loss 0.3473 (0.3330)	Prec@1 89.844 (88.928)	Prec@5 100.000 (99.669)
Epoch: [105][200/391], lr: 0.01000	Loss 0.3694 (0.3324)	Prec@1 89.844 (88.958)	Prec@5 99.219 (99.681)
Epoch: [105][210/391], lr: 0.01000	Loss 0.2135 (0.3330)	Prec@1 93.750 (88.922)	Prec@5 100.000 (99.678)
Epoch: [105][220/391], lr: 0.01000	Loss 0.3163 (0.3333)	Prec@1 91.406 (88.953)	Prec@5 98.438 (99.668)
Epoch: [105][230/391], lr: 0.01000	Loss 0.3174 (0.3349)	Prec@1 89.844 (88.920)	Prec@5 99.219 (99.648)
Epoch: [105][240/391], lr: 0.01000	Loss 0.3219 (0.3341)	Prec@1 88.281 (88.959)	Prec@5 100.000 (99.656)
Epoch: [105][250/391], lr: 0.01000	Loss 0.3879 (0.3358)	Prec@1 88.281 (88.885)	Prec@5 100.000 (99.664)
Epoch: [105][260/391], lr: 0.01000	Loss 0.2989 (0.3375)	Prec@1 91.406 (88.820)	Prec@5 100.000 (99.662)
Epoch: [105][270/391], lr: 0.01000	Loss 0.2971 (0.3371)	Prec@1 90.625 (88.800)	Prec@5 99.219 (99.657)
Epoch: [105][280/391], lr: 0.01000	Loss 0.3045 (0.3362)	Prec@1 89.844 (88.829)	Prec@5 100.000 (99.658)
Epoch: [105][290/391], lr: 0.01000	Loss 0.2087 (0.3363)	Prec@1 95.312 (88.891)	Prec@5 100.000 (99.654)
Epoch: [105][300/391], lr: 0.01000	Loss 0.4361 (0.3352)	Prec@1 86.719 (88.941)	Prec@5 100.000 (99.652)
Epoch: [105][310/391], lr: 0.01000	Loss 0.3807 (0.3341)	Prec@1 86.719 (88.982)	Prec@5 100.000 (99.658)
Epoch: [105][320/391], lr: 0.01000	Loss 0.3436 (0.3333)	Prec@1 89.844 (88.985)	Prec@5 99.219 (99.664)
Epoch: [105][330/391], lr: 0.01000	Loss 0.3671 (0.3326)	Prec@1 89.062 (89.008)	Prec@5 99.219 (99.670)
Epoch: [105][340/391], lr: 0.01000	Loss 0.2496 (0.3310)	Prec@1 91.406 (89.060)	Prec@5 100.000 (99.677)
Epoch: [105][350/391], lr: 0.01000	Loss 0.3370 (0.3298)	Prec@1 86.719 (89.085)	Prec@5 100.000 (99.677)
Epoch: [105][360/391], lr: 0.01000	Loss 0.2355 (0.3292)	Prec@1 90.625 (89.106)	Prec@5 100.000 (99.684)
Epoch: [105][370/391], lr: 0.01000	Loss 0.4034 (0.3297)	Prec@1 84.375 (89.088)	Prec@5 100.000 (99.684)
Epoch: [105][380/391], lr: 0.01000	Loss 0.5429 (0.3303)	Prec@1 82.812 (89.060)	Prec@5 99.219 (99.682)
Epoch: [105][390/391], lr: 0.01000	Loss 0.4068 (0.3299)	Prec@1 86.250 (89.070)	Prec@5 100.000 (99.686)
Epoch [105] Training Results: Prec@1 89.070 Prec@5 99.686             Loss 0.32989
Epoch [105] Training Class Recall: [0.788,0.854,0.828,0.868,0.902,0.916,0.925,0.929,0.946,0.950]

Epoch: [106][0/391], lr: 0.01000	Loss 0.2537 (0.2537)	Prec@1 88.281 (88.281)	Prec@5 99.219 (99.219)
Epoch: [106][10/391], lr: 0.01000	Loss 0.3808 (0.3167)	Prec@1 86.719 (89.489)	Prec@5 99.219 (99.645)
Epoch: [106][20/391], lr: 0.01000	Loss 0.2329 (0.2911)	Prec@1 93.750 (90.588)	Prec@5 100.000 (99.740)
Epoch: [106][30/391], lr: 0.01000	Loss 0.2881 (0.2995)	Prec@1 91.406 (90.449)	Prec@5 100.000 (99.748)
Epoch: [106][40/391], lr: 0.01000	Loss 0.2493 (0.2934)	Prec@1 94.531 (90.549)	Prec@5 100.000 (99.790)
Epoch: [106][50/391], lr: 0.01000	Loss 0.2310 (0.2964)	Prec@1 95.312 (90.472)	Prec@5 100.000 (99.770)
Epoch: [106][60/391], lr: 0.01000	Loss 0.2934 (0.2924)	Prec@1 88.281 (90.510)	Prec@5 100.000 (99.795)
Epoch: [106][70/391], lr: 0.01000	Loss 0.4522 (0.2970)	Prec@1 83.594 (90.394)	Prec@5 99.219 (99.769)
Epoch: [106][80/391], lr: 0.01000	Loss 0.2916 (0.2988)	Prec@1 87.500 (90.326)	Prec@5 100.000 (99.759)
Epoch: [106][90/391], lr: 0.01000	Loss 0.4802 (0.3077)	Prec@1 85.938 (90.118)	Prec@5 100.000 (99.760)
Epoch: [106][100/391], lr: 0.01000	Loss 0.1728 (0.3106)	Prec@1 93.750 (89.998)	Prec@5 100.000 (99.768)
Epoch: [106][110/391], lr: 0.01000	Loss 0.2104 (0.3145)	Prec@1 93.750 (89.816)	Prec@5 100.000 (99.768)
Epoch: [106][120/391], lr: 0.01000	Loss 0.3780 (0.3178)	Prec@1 85.156 (89.669)	Prec@5 100.000 (99.774)
Epoch: [106][130/391], lr: 0.01000	Loss 0.3182 (0.3233)	Prec@1 91.406 (89.540)	Prec@5 99.219 (99.755)
Epoch: [106][140/391], lr: 0.01000	Loss 0.2280 (0.3257)	Prec@1 94.531 (89.484)	Prec@5 100.000 (99.756)
Epoch: [106][150/391], lr: 0.01000	Loss 0.3447 (0.3273)	Prec@1 88.281 (89.373)	Prec@5 100.000 (99.762)
Epoch: [106][160/391], lr: 0.01000	Loss 0.3191 (0.3276)	Prec@1 89.062 (89.373)	Prec@5 99.219 (99.757)
Epoch: [106][170/391], lr: 0.01000	Loss 0.3898 (0.3295)	Prec@1 87.500 (89.268)	Prec@5 99.219 (99.749)
Epoch: [106][180/391], lr: 0.01000	Loss 0.3634 (0.3306)	Prec@1 86.719 (89.201)	Prec@5 100.000 (99.750)
Epoch: [106][190/391], lr: 0.01000	Loss 0.3055 (0.3307)	Prec@1 89.062 (89.169)	Prec@5 100.000 (99.746)
Epoch: [106][200/391], lr: 0.01000	Loss 0.4721 (0.3333)	Prec@1 85.156 (89.082)	Prec@5 99.219 (99.724)
Epoch: [106][210/391], lr: 0.01000	Loss 0.3298 (0.3334)	Prec@1 91.406 (89.018)	Prec@5 100.000 (99.733)
Epoch: [106][220/391], lr: 0.01000	Loss 0.3550 (0.3319)	Prec@1 88.281 (89.055)	Prec@5 99.219 (99.738)
Epoch: [106][230/391], lr: 0.01000	Loss 0.3530 (0.3319)	Prec@1 89.062 (89.076)	Prec@5 100.000 (99.740)
Epoch: [106][240/391], lr: 0.01000	Loss 0.2617 (0.3306)	Prec@1 91.406 (89.114)	Prec@5 99.219 (99.734)
Epoch: [106][250/391], lr: 0.01000	Loss 0.2705 (0.3304)	Prec@1 90.625 (89.115)	Prec@5 100.000 (99.735)
Epoch: [106][260/391], lr: 0.01000	Loss 0.3282 (0.3301)	Prec@1 88.281 (89.107)	Prec@5 100.000 (99.743)
Epoch: [106][270/391], lr: 0.01000	Loss 0.2370 (0.3300)	Prec@1 91.406 (89.109)	Prec@5 99.219 (99.746)
Epoch: [106][280/391], lr: 0.01000	Loss 0.3412 (0.3301)	Prec@1 85.938 (89.071)	Prec@5 100.000 (99.750)
Epoch: [106][290/391], lr: 0.01000	Loss 0.2777 (0.3285)	Prec@1 89.062 (89.132)	Prec@5 99.219 (99.748)
Epoch: [106][300/391], lr: 0.01000	Loss 0.2262 (0.3276)	Prec@1 92.969 (89.184)	Prec@5 100.000 (99.748)
Epoch: [106][310/391], lr: 0.01000	Loss 0.2877 (0.3274)	Prec@1 90.625 (89.183)	Prec@5 100.000 (99.749)
Epoch: [106][320/391], lr: 0.01000	Loss 0.3094 (0.3281)	Prec@1 92.969 (89.191)	Prec@5 97.656 (99.740)
Epoch: [106][330/391], lr: 0.01000	Loss 0.4417 (0.3287)	Prec@1 86.719 (89.166)	Prec@5 99.219 (99.733)
Epoch: [106][340/391], lr: 0.01000	Loss 0.3806 (0.3300)	Prec@1 85.938 (89.115)	Prec@5 100.000 (99.734)
Epoch: [106][350/391], lr: 0.01000	Loss 0.3952 (0.3318)	Prec@1 88.281 (89.042)	Prec@5 100.000 (99.733)
Epoch: [106][360/391], lr: 0.01000	Loss 0.5131 (0.3338)	Prec@1 82.812 (88.961)	Prec@5 100.000 (99.732)
Epoch: [106][370/391], lr: 0.01000	Loss 0.4446 (0.3366)	Prec@1 84.375 (88.892)	Prec@5 100.000 (99.726)
Epoch: [106][380/391], lr: 0.01000	Loss 0.4965 (0.3373)	Prec@1 85.156 (88.872)	Prec@5 99.219 (99.729)
Epoch: [106][390/391], lr: 0.01000	Loss 0.3088 (0.3377)	Prec@1 90.000 (88.834)	Prec@5 98.750 (99.726)
Epoch [106] Training Results: Prec@1 88.834 Prec@5 99.726             Loss 0.33767
Epoch [106] Training Class Recall: [0.782,0.844,0.836,0.867,0.897,0.906,0.929,0.931,0.942,0.949]

Epoch: [107][0/391], lr: 0.01000	Loss 0.3761 (0.3761)	Prec@1 89.062 (89.062)	Prec@5 99.219 (99.219)
Epoch: [107][10/391], lr: 0.01000	Loss 0.3422 (0.3981)	Prec@1 87.500 (87.216)	Prec@5 100.000 (99.787)
Epoch: [107][20/391], lr: 0.01000	Loss 0.1721 (0.3698)	Prec@1 95.312 (87.798)	Prec@5 100.000 (99.777)
Epoch: [107][30/391], lr: 0.01000	Loss 0.2128 (0.3572)	Prec@1 92.188 (88.130)	Prec@5 100.000 (99.824)
Epoch: [107][40/391], lr: 0.01000	Loss 0.4787 (0.3549)	Prec@1 85.156 (88.243)	Prec@5 97.656 (99.771)
Epoch: [107][50/391], lr: 0.01000	Loss 0.3410 (0.3612)	Prec@1 89.062 (87.883)	Prec@5 100.000 (99.770)
Epoch: [107][60/391], lr: 0.01000	Loss 0.3282 (0.3586)	Prec@1 90.625 (87.948)	Prec@5 99.219 (99.782)
Epoch: [107][70/391], lr: 0.01000	Loss 0.3070 (0.3590)	Prec@1 92.188 (87.995)	Prec@5 99.219 (99.780)
Epoch: [107][80/391], lr: 0.01000	Loss 0.2613 (0.3588)	Prec@1 90.625 (88.011)	Prec@5 100.000 (99.778)
Epoch: [107][90/391], lr: 0.01000	Loss 0.2800 (0.3560)	Prec@1 89.844 (88.110)	Prec@5 100.000 (99.760)
Epoch: [107][100/391], lr: 0.01000	Loss 0.2558 (0.3543)	Prec@1 89.062 (88.134)	Prec@5 100.000 (99.768)
Epoch: [107][110/391], lr: 0.01000	Loss 0.4058 (0.3515)	Prec@1 89.062 (88.260)	Prec@5 100.000 (99.761)
Epoch: [107][120/391], lr: 0.01000	Loss 0.2725 (0.3475)	Prec@1 92.188 (88.449)	Prec@5 100.000 (99.768)
Epoch: [107][130/391], lr: 0.01000	Loss 0.2313 (0.3444)	Prec@1 91.406 (88.621)	Prec@5 100.000 (99.779)
Epoch: [107][140/391], lr: 0.01000	Loss 0.3932 (0.3453)	Prec@1 87.500 (88.553)	Prec@5 100.000 (99.789)
Epoch: [107][150/391], lr: 0.01000	Loss 0.3431 (0.3425)	Prec@1 85.938 (88.638)	Prec@5 100.000 (99.798)
Epoch: [107][160/391], lr: 0.01000	Loss 0.2725 (0.3410)	Prec@1 92.969 (88.660)	Prec@5 100.000 (99.791)
Epoch: [107][170/391], lr: 0.01000	Loss 0.3482 (0.3406)	Prec@1 89.844 (88.711)	Prec@5 99.219 (99.781)
Epoch: [107][180/391], lr: 0.01000	Loss 0.4643 (0.3390)	Prec@1 85.938 (88.808)	Prec@5 100.000 (99.793)
Epoch: [107][190/391], lr: 0.01000	Loss 0.3049 (0.3371)	Prec@1 91.406 (88.854)	Prec@5 100.000 (99.795)
Epoch: [107][200/391], lr: 0.01000	Loss 0.3531 (0.3373)	Prec@1 87.500 (88.825)	Prec@5 100.000 (99.790)
Epoch: [107][210/391], lr: 0.01000	Loss 0.3486 (0.3389)	Prec@1 86.719 (88.766)	Prec@5 99.219 (99.785)
Epoch: [107][220/391], lr: 0.01000	Loss 0.3299 (0.3393)	Prec@1 88.281 (88.737)	Prec@5 100.000 (99.781)
Epoch: [107][230/391], lr: 0.01000	Loss 0.4128 (0.3396)	Prec@1 91.406 (88.714)	Prec@5 100.000 (99.787)
Epoch: [107][240/391], lr: 0.01000	Loss 0.3934 (0.3398)	Prec@1 85.938 (88.690)	Prec@5 99.219 (99.786)
Epoch: [107][250/391], lr: 0.01000	Loss 0.2119 (0.3388)	Prec@1 91.406 (88.667)	Prec@5 100.000 (99.785)
Epoch: [107][260/391], lr: 0.01000	Loss 0.3203 (0.3386)	Prec@1 91.406 (88.703)	Prec@5 100.000 (99.784)
Epoch: [107][270/391], lr: 0.01000	Loss 0.2556 (0.3382)	Prec@1 92.188 (88.702)	Prec@5 100.000 (99.787)
Epoch: [107][280/391], lr: 0.01000	Loss 0.2346 (0.3374)	Prec@1 91.406 (88.715)	Prec@5 100.000 (99.791)
Epoch: [107][290/391], lr: 0.01000	Loss 0.3712 (0.3377)	Prec@1 87.500 (88.732)	Prec@5 99.219 (99.793)
Epoch: [107][300/391], lr: 0.01000	Loss 0.5023 (0.3388)	Prec@1 85.156 (88.697)	Prec@5 100.000 (99.800)
Epoch: [107][310/391], lr: 0.01000	Loss 0.4495 (0.3403)	Prec@1 87.500 (88.686)	Prec@5 99.219 (99.791)
Epoch: [107][320/391], lr: 0.01000	Loss 0.3632 (0.3426)	Prec@1 85.938 (88.615)	Prec@5 99.219 (99.786)
Epoch: [107][330/391], lr: 0.01000	Loss 0.2861 (0.3426)	Prec@1 91.406 (88.583)	Prec@5 99.219 (99.790)
Epoch: [107][340/391], lr: 0.01000	Loss 0.2874 (0.3434)	Prec@1 88.281 (88.522)	Prec@5 100.000 (99.787)
Epoch: [107][350/391], lr: 0.01000	Loss 0.3727 (0.3435)	Prec@1 89.062 (88.519)	Prec@5 100.000 (99.786)
Epoch: [107][360/391], lr: 0.01000	Loss 0.3795 (0.3441)	Prec@1 89.844 (88.508)	Prec@5 99.219 (99.788)
Epoch: [107][370/391], lr: 0.01000	Loss 0.3958 (0.3446)	Prec@1 89.062 (88.519)	Prec@5 100.000 (99.789)
Epoch: [107][380/391], lr: 0.01000	Loss 0.5965 (0.3455)	Prec@1 80.469 (88.509)	Prec@5 100.000 (99.791)
Epoch: [107][390/391], lr: 0.01000	Loss 0.3966 (0.3448)	Prec@1 86.250 (88.502)	Prec@5 100.000 (99.792)
Epoch [107] Training Results: Prec@1 88.502 Prec@5 99.792             Loss 0.34481
Epoch [107] Training Class Recall: [0.792,0.843,0.822,0.866,0.893,0.903,0.918,0.924,0.944,0.944]

Epoch: [108][0/391], lr: 0.01000	Loss 0.4762 (0.4762)	Prec@1 81.250 (81.250)	Prec@5 99.219 (99.219)
Epoch: [108][10/391], lr: 0.01000	Loss 0.4787 (0.3396)	Prec@1 79.688 (87.997)	Prec@5 100.000 (99.645)
Epoch: [108][20/391], lr: 0.01000	Loss 0.2747 (0.3234)	Prec@1 90.625 (88.839)	Prec@5 99.219 (99.702)
Epoch: [108][30/391], lr: 0.01000	Loss 0.1829 (0.3107)	Prec@1 95.312 (89.693)	Prec@5 100.000 (99.698)
Epoch: [108][40/391], lr: 0.01000	Loss 0.2709 (0.3097)	Prec@1 90.625 (89.672)	Prec@5 100.000 (99.733)
Epoch: [108][50/391], lr: 0.01000	Loss 0.2191 (0.3072)	Prec@1 92.969 (89.752)	Prec@5 100.000 (99.786)
Epoch: [108][60/391], lr: 0.01000	Loss 0.2893 (0.3077)	Prec@1 89.062 (89.767)	Prec@5 100.000 (99.782)
Epoch: [108][70/391], lr: 0.01000	Loss 0.2136 (0.3081)	Prec@1 94.531 (89.811)	Prec@5 100.000 (99.791)
Epoch: [108][80/391], lr: 0.01000	Loss 0.4203 (0.3109)	Prec@1 86.719 (89.767)	Prec@5 100.000 (99.797)
Epoch: [108][90/391], lr: 0.01000	Loss 0.2630 (0.3078)	Prec@1 92.969 (89.861)	Prec@5 100.000 (99.794)
Epoch: [108][100/391], lr: 0.01000	Loss 0.2105 (0.3061)	Prec@1 92.188 (89.944)	Prec@5 100.000 (99.807)
Epoch: [108][110/391], lr: 0.01000	Loss 0.2819 (0.3064)	Prec@1 90.625 (89.844)	Prec@5 100.000 (99.824)
Epoch: [108][120/391], lr: 0.01000	Loss 0.3779 (0.3070)	Prec@1 89.062 (89.799)	Prec@5 99.219 (99.826)
Epoch: [108][130/391], lr: 0.01000	Loss 0.3721 (0.3091)	Prec@1 89.844 (89.802)	Prec@5 99.219 (99.815)
Epoch: [108][140/391], lr: 0.01000	Loss 0.3878 (0.3093)	Prec@1 85.938 (89.783)	Prec@5 100.000 (99.817)
Epoch: [108][150/391], lr: 0.01000	Loss 0.4703 (0.3094)	Prec@1 86.719 (89.797)	Prec@5 100.000 (99.809)
Epoch: [108][160/391], lr: 0.01000	Loss 0.5581 (0.3119)	Prec@1 83.594 (89.727)	Prec@5 99.219 (99.811)
Epoch: [108][170/391], lr: 0.01000	Loss 0.3399 (0.3118)	Prec@1 89.062 (89.793)	Prec@5 99.219 (99.808)
Epoch: [108][180/391], lr: 0.01000	Loss 0.3665 (0.3122)	Prec@1 86.719 (89.766)	Prec@5 100.000 (99.819)
Epoch: [108][190/391], lr: 0.01000	Loss 0.2457 (0.3108)	Prec@1 92.969 (89.848)	Prec@5 100.000 (99.812)
Epoch: [108][200/391], lr: 0.01000	Loss 0.2331 (0.3119)	Prec@1 92.188 (89.805)	Prec@5 100.000 (99.806)
Epoch: [108][210/391], lr: 0.01000	Loss 0.3745 (0.3132)	Prec@1 85.938 (89.729)	Prec@5 99.219 (99.804)
Epoch: [108][220/391], lr: 0.01000	Loss 0.3750 (0.3130)	Prec@1 85.938 (89.724)	Prec@5 100.000 (99.802)
Epoch: [108][230/391], lr: 0.01000	Loss 0.3400 (0.3122)	Prec@1 89.062 (89.746)	Prec@5 100.000 (99.804)
Epoch: [108][240/391], lr: 0.01000	Loss 0.2609 (0.3135)	Prec@1 91.406 (89.730)	Prec@5 99.219 (99.796)
Epoch: [108][250/391], lr: 0.01000	Loss 0.4714 (0.3148)	Prec@1 89.062 (89.710)	Prec@5 99.219 (99.785)
Epoch: [108][260/391], lr: 0.01000	Loss 0.3593 (0.3154)	Prec@1 89.844 (89.703)	Prec@5 99.219 (99.784)
Epoch: [108][270/391], lr: 0.01000	Loss 0.4196 (0.3168)	Prec@1 86.719 (89.639)	Prec@5 98.438 (99.769)
Epoch: [108][280/391], lr: 0.01000	Loss 0.3512 (0.3186)	Prec@1 89.844 (89.588)	Prec@5 100.000 (99.764)
Epoch: [108][290/391], lr: 0.01000	Loss 0.4928 (0.3202)	Prec@1 82.031 (89.532)	Prec@5 99.219 (99.769)
Epoch: [108][300/391], lr: 0.01000	Loss 0.2885 (0.3209)	Prec@1 90.625 (89.506)	Prec@5 100.000 (99.766)
Epoch: [108][310/391], lr: 0.01000	Loss 0.4578 (0.3223)	Prec@1 85.938 (89.477)	Prec@5 98.438 (99.756)
Epoch: [108][320/391], lr: 0.01000	Loss 0.2372 (0.3231)	Prec@1 93.750 (89.452)	Prec@5 100.000 (99.754)
Epoch: [108][330/391], lr: 0.01000	Loss 0.3043 (0.3230)	Prec@1 89.062 (89.414)	Prec@5 100.000 (99.757)
Epoch: [108][340/391], lr: 0.01000	Loss 0.2174 (0.3245)	Prec@1 92.969 (89.372)	Prec@5 99.219 (99.753)
Epoch: [108][350/391], lr: 0.01000	Loss 0.2153 (0.3259)	Prec@1 92.969 (89.336)	Prec@5 100.000 (99.755)
Epoch: [108][360/391], lr: 0.01000	Loss 0.3971 (0.3270)	Prec@1 86.719 (89.294)	Prec@5 100.000 (99.758)
Epoch: [108][370/391], lr: 0.01000	Loss 0.3995 (0.3260)	Prec@1 85.938 (89.311)	Prec@5 99.219 (99.762)
Epoch: [108][380/391], lr: 0.01000	Loss 0.3891 (0.3259)	Prec@1 91.406 (89.343)	Prec@5 99.219 (99.766)
Epoch: [108][390/391], lr: 0.01000	Loss 0.3836 (0.3272)	Prec@1 88.750 (89.292)	Prec@5 100.000 (99.766)
Epoch [108] Training Results: Prec@1 89.292 Prec@5 99.766             Loss 0.32724
Epoch [108] Training Class Recall: [0.796,0.847,0.832,0.878,0.903,0.917,0.932,0.927,0.944,0.953]

Epoch: [109][0/391], lr: 0.01000	Loss 0.3564 (0.3564)	Prec@1 87.500 (87.500)	Prec@5 100.000 (100.000)
Epoch: [109][10/391], lr: 0.01000	Loss 0.3994 (0.2978)	Prec@1 89.062 (90.483)	Prec@5 100.000 (99.858)
Epoch: [109][20/391], lr: 0.01000	Loss 0.2396 (0.3247)	Prec@1 93.750 (89.100)	Prec@5 100.000 (99.740)
Epoch: [109][30/391], lr: 0.01000	Loss 0.2397 (0.3312)	Prec@1 91.406 (88.785)	Prec@5 100.000 (99.748)
Epoch: [109][40/391], lr: 0.01000	Loss 0.2975 (0.3342)	Prec@1 89.844 (88.605)	Prec@5 100.000 (99.771)
Epoch: [109][50/391], lr: 0.01000	Loss 0.3065 (0.3336)	Prec@1 86.719 (88.480)	Prec@5 100.000 (99.786)
Epoch: [109][60/391], lr: 0.01000	Loss 0.2754 (0.3398)	Prec@1 89.844 (88.371)	Prec@5 100.000 (99.757)
Epoch: [109][70/391], lr: 0.01000	Loss 0.3330 (0.3371)	Prec@1 88.281 (88.567)	Prec@5 100.000 (99.791)
Epoch: [109][80/391], lr: 0.01000	Loss 0.3070 (0.3340)	Prec@1 86.719 (88.648)	Prec@5 99.219 (99.788)
Epoch: [109][90/391], lr: 0.01000	Loss 0.3980 (0.3301)	Prec@1 85.938 (88.831)	Prec@5 100.000 (99.794)
Epoch: [109][100/391], lr: 0.01000	Loss 0.5116 (0.3340)	Prec@1 84.375 (88.792)	Prec@5 98.438 (99.760)
Epoch: [109][110/391], lr: 0.01000	Loss 0.3142 (0.3312)	Prec@1 91.406 (88.830)	Prec@5 100.000 (99.775)
Epoch: [109][120/391], lr: 0.01000	Loss 0.3730 (0.3339)	Prec@1 88.281 (88.772)	Prec@5 100.000 (99.755)
Epoch: [109][130/391], lr: 0.01000	Loss 0.4162 (0.3358)	Prec@1 85.156 (88.699)	Prec@5 100.000 (99.755)
Epoch: [109][140/391], lr: 0.01000	Loss 0.3290 (0.3391)	Prec@1 89.062 (88.592)	Prec@5 99.219 (99.751)
Epoch: [109][150/391], lr: 0.01000	Loss 0.2599 (0.3374)	Prec@1 92.188 (88.638)	Prec@5 100.000 (99.762)
Epoch: [109][160/391], lr: 0.01000	Loss 0.2670 (0.3360)	Prec@1 92.969 (88.679)	Prec@5 100.000 (99.767)
Epoch: [109][170/391], lr: 0.01000	Loss 0.3639 (0.3346)	Prec@1 90.625 (88.761)	Prec@5 100.000 (99.767)
Epoch: [109][180/391], lr: 0.01000	Loss 0.2926 (0.3320)	Prec@1 91.406 (88.886)	Prec@5 100.000 (99.767)
Epoch: [109][190/391], lr: 0.01000	Loss 0.4901 (0.3305)	Prec@1 85.156 (88.948)	Prec@5 98.438 (99.763)
Epoch: [109][200/391], lr: 0.01000	Loss 0.2730 (0.3305)	Prec@1 90.625 (88.950)	Prec@5 100.000 (99.771)
Epoch: [109][210/391], lr: 0.01000	Loss 0.2973 (0.3300)	Prec@1 91.406 (88.977)	Prec@5 100.000 (99.767)
Epoch: [109][220/391], lr: 0.01000	Loss 0.2644 (0.3289)	Prec@1 89.844 (88.999)	Prec@5 100.000 (99.777)
Epoch: [109][230/391], lr: 0.01000	Loss 0.2325 (0.3287)	Prec@1 87.500 (88.975)	Prec@5 100.000 (99.784)
Epoch: [109][240/391], lr: 0.01000	Loss 0.4926 (0.3288)	Prec@1 84.375 (88.965)	Prec@5 99.219 (99.783)
Epoch: [109][250/391], lr: 0.01000	Loss 0.2073 (0.3299)	Prec@1 95.312 (88.938)	Prec@5 100.000 (99.776)
Epoch: [109][260/391], lr: 0.01000	Loss 0.4217 (0.3308)	Prec@1 86.719 (88.925)	Prec@5 99.219 (99.775)
Epoch: [109][270/391], lr: 0.01000	Loss 0.2066 (0.3321)	Prec@1 93.750 (88.904)	Prec@5 100.000 (99.775)
Epoch: [109][280/391], lr: 0.01000	Loss 0.3580 (0.3321)	Prec@1 86.719 (88.926)	Prec@5 100.000 (99.775)
Epoch: [109][290/391], lr: 0.01000	Loss 0.3404 (0.3321)	Prec@1 88.281 (88.901)	Prec@5 99.219 (99.769)
Epoch: [109][300/391], lr: 0.01000	Loss 0.3058 (0.3315)	Prec@1 89.844 (88.946)	Prec@5 100.000 (99.772)
Epoch: [109][310/391], lr: 0.01000	Loss 0.2645 (0.3313)	Prec@1 91.406 (88.967)	Prec@5 98.438 (99.759)
Epoch: [109][320/391], lr: 0.01000	Loss 0.1825 (0.3298)	Prec@1 92.969 (89.021)	Prec@5 99.219 (99.761)
Epoch: [109][330/391], lr: 0.01000	Loss 0.2837 (0.3290)	Prec@1 88.281 (89.041)	Prec@5 100.000 (99.766)
Epoch: [109][340/391], lr: 0.01000	Loss 0.2695 (0.3287)	Prec@1 90.625 (89.065)	Prec@5 100.000 (99.764)
Epoch: [109][350/391], lr: 0.01000	Loss 0.3468 (0.3285)	Prec@1 87.500 (89.085)	Prec@5 100.000 (99.764)
Epoch: [109][360/391], lr: 0.01000	Loss 0.1976 (0.3283)	Prec@1 94.531 (89.112)	Prec@5 100.000 (99.762)
Epoch: [109][370/391], lr: 0.01000	Loss 0.3431 (0.3287)	Prec@1 89.062 (89.109)	Prec@5 100.000 (99.764)
Epoch: [109][380/391], lr: 0.01000	Loss 0.3503 (0.3297)	Prec@1 87.500 (89.073)	Prec@5 100.000 (99.762)
Epoch: [109][390/391], lr: 0.01000	Loss 0.4163 (0.3304)	Prec@1 86.250 (89.042)	Prec@5 100.000 (99.762)
Epoch [109] Training Results: Prec@1 89.042 Prec@5 99.762             Loss 0.33038
Epoch [109] Training Class Recall: [0.796,0.839,0.835,0.870,0.901,0.907,0.932,0.930,0.945,0.949]

Epoch: [110][0/391], lr: 0.01000	Loss 0.3011 (0.3011)	Prec@1 89.844 (89.844)	Prec@5 100.000 (100.000)
Epoch: [110][10/391], lr: 0.01000	Loss 0.3004 (0.3140)	Prec@1 92.188 (89.915)	Prec@5 100.000 (99.858)
Epoch: [110][20/391], lr: 0.01000	Loss 0.3847 (0.3268)	Prec@1 89.844 (89.583)	Prec@5 100.000 (99.888)
Epoch: [110][30/391], lr: 0.01000	Loss 0.3348 (0.3326)	Prec@1 92.188 (89.214)	Prec@5 99.219 (99.824)
Epoch: [110][40/391], lr: 0.01000	Loss 0.4790 (0.3394)	Prec@1 78.906 (88.796)	Prec@5 100.000 (99.828)
Epoch: [110][50/391], lr: 0.01000	Loss 0.2624 (0.3402)	Prec@1 90.625 (88.802)	Prec@5 100.000 (99.786)
Epoch: [110][60/391], lr: 0.01000	Loss 0.2657 (0.3370)	Prec@1 91.406 (88.883)	Prec@5 100.000 (99.808)
Epoch: [110][70/391], lr: 0.01000	Loss 0.3510 (0.3337)	Prec@1 88.281 (89.040)	Prec@5 100.000 (99.813)
Epoch: [110][80/391], lr: 0.01000	Loss 0.2430 (0.3294)	Prec@1 89.844 (89.101)	Prec@5 100.000 (99.788)
Epoch: [110][90/391], lr: 0.01000	Loss 0.3486 (0.3313)	Prec@1 89.844 (88.917)	Prec@5 99.219 (99.768)
Epoch: [110][100/391], lr: 0.01000	Loss 0.2347 (0.3258)	Prec@1 92.969 (89.194)	Prec@5 100.000 (99.791)
Epoch: [110][110/391], lr: 0.01000	Loss 0.1832 (0.3242)	Prec@1 94.531 (89.217)	Prec@5 100.000 (99.796)
Epoch: [110][120/391], lr: 0.01000	Loss 0.2193 (0.3224)	Prec@1 92.188 (89.276)	Prec@5 99.219 (99.793)
Epoch: [110][130/391], lr: 0.01000	Loss 0.3769 (0.3240)	Prec@1 88.281 (89.259)	Prec@5 100.000 (99.767)
Epoch: [110][140/391], lr: 0.01000	Loss 0.3148 (0.3231)	Prec@1 87.500 (89.229)	Prec@5 99.219 (99.767)
Epoch: [110][150/391], lr: 0.01000	Loss 0.3300 (0.3252)	Prec@1 88.281 (89.171)	Prec@5 99.219 (99.762)
Epoch: [110][160/391], lr: 0.01000	Loss 0.3231 (0.3256)	Prec@1 87.500 (89.111)	Prec@5 99.219 (99.762)
Epoch: [110][170/391], lr: 0.01000	Loss 0.3247 (0.3249)	Prec@1 87.500 (89.117)	Prec@5 100.000 (99.762)
Epoch: [110][180/391], lr: 0.01000	Loss 0.3594 (0.3254)	Prec@1 89.062 (89.110)	Prec@5 100.000 (99.767)
Epoch: [110][190/391], lr: 0.01000	Loss 0.2949 (0.3253)	Prec@1 88.281 (89.095)	Prec@5 100.000 (99.763)
Epoch: [110][200/391], lr: 0.01000	Loss 0.4703 (0.3274)	Prec@1 84.375 (89.031)	Prec@5 100.000 (99.767)
Epoch: [110][210/391], lr: 0.01000	Loss 0.3128 (0.3290)	Prec@1 87.500 (89.018)	Prec@5 100.000 (99.756)
Epoch: [110][220/391], lr: 0.01000	Loss 0.3929 (0.3306)	Prec@1 88.281 (88.967)	Prec@5 100.000 (99.756)
Epoch: [110][230/391], lr: 0.01000	Loss 0.4024 (0.3325)	Prec@1 85.938 (88.890)	Prec@5 100.000 (99.753)
Epoch: [110][240/391], lr: 0.01000	Loss 0.3997 (0.3329)	Prec@1 86.719 (88.897)	Prec@5 99.219 (99.754)
Epoch: [110][250/391], lr: 0.01000	Loss 0.3327 (0.3339)	Prec@1 89.062 (88.916)	Prec@5 99.219 (99.748)
Epoch: [110][260/391], lr: 0.01000	Loss 0.5077 (0.3357)	Prec@1 83.594 (88.877)	Prec@5 99.219 (99.746)
Epoch: [110][270/391], lr: 0.01000	Loss 0.4437 (0.3370)	Prec@1 80.469 (88.792)	Prec@5 100.000 (99.738)
Epoch: [110][280/391], lr: 0.01000	Loss 0.3358 (0.3366)	Prec@1 85.938 (88.776)	Prec@5 100.000 (99.736)
Epoch: [110][290/391], lr: 0.01000	Loss 0.2146 (0.3360)	Prec@1 93.750 (88.802)	Prec@5 100.000 (99.745)
Epoch: [110][300/391], lr: 0.01000	Loss 0.4980 (0.3367)	Prec@1 80.469 (88.780)	Prec@5 100.000 (99.751)
Epoch: [110][310/391], lr: 0.01000	Loss 0.2265 (0.3366)	Prec@1 90.625 (88.751)	Prec@5 100.000 (99.754)
Epoch: [110][320/391], lr: 0.01000	Loss 0.4139 (0.3367)	Prec@1 86.719 (88.724)	Prec@5 99.219 (99.754)
Epoch: [110][330/391], lr: 0.01000	Loss 0.3644 (0.3374)	Prec@1 86.719 (88.716)	Prec@5 100.000 (99.759)
Epoch: [110][340/391], lr: 0.01000	Loss 0.3763 (0.3384)	Prec@1 85.938 (88.664)	Prec@5 100.000 (99.757)
Epoch: [110][350/391], lr: 0.01000	Loss 0.2633 (0.3393)	Prec@1 91.406 (88.640)	Prec@5 100.000 (99.751)
Epoch: [110][360/391], lr: 0.01000	Loss 0.2560 (0.3393)	Prec@1 93.750 (88.645)	Prec@5 99.219 (99.749)
Epoch: [110][370/391], lr: 0.01000	Loss 0.3672 (0.3403)	Prec@1 85.938 (88.616)	Prec@5 99.219 (99.749)
Epoch: [110][380/391], lr: 0.01000	Loss 0.4164 (0.3409)	Prec@1 86.719 (88.605)	Prec@5 100.000 (99.744)
Epoch: [110][390/391], lr: 0.01000	Loss 0.5388 (0.3419)	Prec@1 86.250 (88.602)	Prec@5 100.000 (99.742)
Epoch [110] Training Results: Prec@1 88.602 Prec@5 99.742             Loss 0.34188
Epoch [110] Training Class Recall: [0.788,0.836,0.827,0.871,0.890,0.914,0.928,0.918,0.938,0.951]

Epoch: [111][0/391], lr: 0.01000	Loss 0.3408 (0.3408)	Prec@1 89.062 (89.062)	Prec@5 99.219 (99.219)
Epoch: [111][10/391], lr: 0.01000	Loss 0.4510 (0.3322)	Prec@1 85.938 (88.778)	Prec@5 99.219 (99.716)
Epoch: [111][20/391], lr: 0.01000	Loss 0.3600 (0.3419)	Prec@1 88.281 (88.802)	Prec@5 100.000 (99.665)
Epoch: [111][30/391], lr: 0.01000	Loss 0.2998 (0.3499)	Prec@1 89.844 (88.458)	Prec@5 99.219 (99.698)
Epoch: [111][40/391], lr: 0.01000	Loss 0.3509 (0.3552)	Prec@1 86.719 (88.167)	Prec@5 100.000 (99.714)
Epoch: [111][50/391], lr: 0.01000	Loss 0.2803 (0.3552)	Prec@1 89.062 (88.128)	Prec@5 100.000 (99.709)
Epoch: [111][60/391], lr: 0.01000	Loss 0.3278 (0.3498)	Prec@1 89.062 (88.217)	Prec@5 100.000 (99.731)
Epoch: [111][70/391], lr: 0.01000	Loss 0.5288 (0.3492)	Prec@1 82.031 (88.292)	Prec@5 99.219 (99.758)
Epoch: [111][80/391], lr: 0.01000	Loss 0.3217 (0.3435)	Prec@1 89.062 (88.513)	Prec@5 100.000 (99.788)
Epoch: [111][90/391], lr: 0.01000	Loss 0.2954 (0.3387)	Prec@1 89.062 (88.633)	Prec@5 100.000 (99.811)
Epoch: [111][100/391], lr: 0.01000	Loss 0.1712 (0.3352)	Prec@1 96.094 (88.838)	Prec@5 99.219 (99.807)
Epoch: [111][110/391], lr: 0.01000	Loss 0.3234 (0.3319)	Prec@1 87.500 (88.936)	Prec@5 100.000 (99.803)
Epoch: [111][120/391], lr: 0.01000	Loss 0.5200 (0.3319)	Prec@1 85.156 (88.959)	Prec@5 100.000 (99.813)
Epoch: [111][130/391], lr: 0.01000	Loss 0.3234 (0.3290)	Prec@1 92.969 (89.021)	Prec@5 100.000 (99.821)
Epoch: [111][140/391], lr: 0.01000	Loss 0.2683 (0.3290)	Prec@1 91.406 (89.090)	Prec@5 100.000 (99.834)
Epoch: [111][150/391], lr: 0.01000	Loss 0.3225 (0.3283)	Prec@1 89.062 (89.068)	Prec@5 100.000 (99.829)
Epoch: [111][160/391], lr: 0.01000	Loss 0.2919 (0.3282)	Prec@1 88.281 (89.077)	Prec@5 100.000 (99.816)
Epoch: [111][170/391], lr: 0.01000	Loss 0.4920 (0.3292)	Prec@1 85.156 (89.053)	Prec@5 100.000 (99.799)
Epoch: [111][180/391], lr: 0.01000	Loss 0.4212 (0.3286)	Prec@1 87.500 (89.110)	Prec@5 99.219 (99.797)
Epoch: [111][190/391], lr: 0.01000	Loss 0.2856 (0.3287)	Prec@1 89.844 (89.103)	Prec@5 100.000 (99.804)
Epoch: [111][200/391], lr: 0.01000	Loss 0.2982 (0.3287)	Prec@1 90.625 (89.097)	Prec@5 100.000 (99.810)
Epoch: [111][210/391], lr: 0.01000	Loss 0.3149 (0.3286)	Prec@1 89.062 (89.062)	Prec@5 99.219 (99.804)
Epoch: [111][220/391], lr: 0.01000	Loss 0.4255 (0.3312)	Prec@1 86.719 (88.942)	Prec@5 100.000 (99.791)
Epoch: [111][230/391], lr: 0.01000	Loss 0.3671 (0.3325)	Prec@1 90.625 (88.856)	Prec@5 100.000 (99.787)
Epoch: [111][240/391], lr: 0.01000	Loss 0.4458 (0.3336)	Prec@1 85.156 (88.823)	Prec@5 99.219 (99.776)
Epoch: [111][250/391], lr: 0.01000	Loss 0.3541 (0.3348)	Prec@1 89.844 (88.776)	Prec@5 100.000 (99.779)
Epoch: [111][260/391], lr: 0.01000	Loss 0.3276 (0.3370)	Prec@1 89.062 (88.715)	Prec@5 100.000 (99.775)
Epoch: [111][270/391], lr: 0.01000	Loss 0.2403 (0.3381)	Prec@1 92.188 (88.656)	Prec@5 100.000 (99.781)
Epoch: [111][280/391], lr: 0.01000	Loss 0.4181 (0.3398)	Prec@1 87.500 (88.612)	Prec@5 100.000 (99.769)
Epoch: [111][290/391], lr: 0.01000	Loss 0.3910 (0.3412)	Prec@1 88.281 (88.539)	Prec@5 100.000 (99.774)
Epoch: [111][300/391], lr: 0.01000	Loss 0.2912 (0.3413)	Prec@1 89.844 (88.528)	Prec@5 100.000 (99.772)
Epoch: [111][310/391], lr: 0.01000	Loss 0.4340 (0.3404)	Prec@1 85.938 (88.563)	Prec@5 100.000 (99.771)
Epoch: [111][320/391], lr: 0.01000	Loss 0.3342 (0.3400)	Prec@1 86.719 (88.556)	Prec@5 100.000 (99.771)
Epoch: [111][330/391], lr: 0.01000	Loss 0.3123 (0.3409)	Prec@1 88.281 (88.527)	Prec@5 100.000 (99.769)
Epoch: [111][340/391], lr: 0.01000	Loss 0.3177 (0.3416)	Prec@1 89.844 (88.490)	Prec@5 100.000 (99.759)
Epoch: [111][350/391], lr: 0.01000	Loss 0.3587 (0.3416)	Prec@1 87.500 (88.475)	Prec@5 100.000 (99.764)
Epoch: [111][360/391], lr: 0.01000	Loss 0.2987 (0.3417)	Prec@1 88.281 (88.472)	Prec@5 100.000 (99.768)
Epoch: [111][370/391], lr: 0.01000	Loss 0.3159 (0.3419)	Prec@1 91.406 (88.469)	Prec@5 100.000 (99.764)
Epoch: [111][380/391], lr: 0.01000	Loss 0.3661 (0.3416)	Prec@1 88.281 (88.470)	Prec@5 100.000 (99.762)
Epoch: [111][390/391], lr: 0.01000	Loss 0.4274 (0.3409)	Prec@1 82.500 (88.494)	Prec@5 100.000 (99.766)
Epoch [111] Training Results: Prec@1 88.494 Prec@5 99.766             Loss 0.34094
Epoch [111] Training Class Recall: [0.785,0.837,0.828,0.862,0.890,0.902,0.927,0.930,0.944,0.943]

Epoch: [112][0/391], lr: 0.01000	Loss 0.3282 (0.3282)	Prec@1 89.062 (89.062)	Prec@5 99.219 (99.219)
Epoch: [112][10/391], lr: 0.01000	Loss 0.3784 (0.3353)	Prec@1 87.500 (88.139)	Prec@5 100.000 (99.645)
Epoch: [112][20/391], lr: 0.01000	Loss 0.4292 (0.3324)	Prec@1 86.719 (88.467)	Prec@5 99.219 (99.777)
Epoch: [112][30/391], lr: 0.01000	Loss 0.3055 (0.3313)	Prec@1 89.062 (88.861)	Prec@5 100.000 (99.824)
Epoch: [112][40/391], lr: 0.01000	Loss 0.1831 (0.3258)	Prec@1 93.750 (88.967)	Prec@5 100.000 (99.790)
Epoch: [112][50/391], lr: 0.01000	Loss 0.2262 (0.3180)	Prec@1 92.969 (89.553)	Prec@5 100.000 (99.770)
Epoch: [112][60/391], lr: 0.01000	Loss 0.2337 (0.3146)	Prec@1 92.188 (89.741)	Prec@5 99.219 (99.757)
Epoch: [112][70/391], lr: 0.01000	Loss 0.3375 (0.3147)	Prec@1 89.062 (89.668)	Prec@5 99.219 (99.758)
Epoch: [112][80/391], lr: 0.01000	Loss 0.2006 (0.3168)	Prec@1 92.969 (89.583)	Prec@5 100.000 (99.759)
Epoch: [112][90/391], lr: 0.01000	Loss 0.4190 (0.3196)	Prec@1 89.062 (89.414)	Prec@5 100.000 (99.760)
Epoch: [112][100/391], lr: 0.01000	Loss 0.3831 (0.3228)	Prec@1 87.500 (89.302)	Prec@5 100.000 (99.768)
Epoch: [112][110/391], lr: 0.01000	Loss 0.4950 (0.3327)	Prec@1 83.594 (89.034)	Prec@5 100.000 (99.775)
Epoch: [112][120/391], lr: 0.01000	Loss 0.3392 (0.3344)	Prec@1 85.156 (88.946)	Prec@5 100.000 (99.755)
Epoch: [112][130/391], lr: 0.01000	Loss 0.3546 (0.3370)	Prec@1 92.188 (88.842)	Prec@5 100.000 (99.755)
Epoch: [112][140/391], lr: 0.01000	Loss 0.2229 (0.3347)	Prec@1 92.969 (88.946)	Prec@5 100.000 (99.767)
Epoch: [112][150/391], lr: 0.01000	Loss 0.2987 (0.3320)	Prec@1 89.844 (89.037)	Prec@5 99.219 (99.778)
Epoch: [112][160/391], lr: 0.01000	Loss 0.2321 (0.3311)	Prec@1 96.875 (89.048)	Prec@5 99.219 (99.777)
Epoch: [112][170/391], lr: 0.01000	Loss 0.2128 (0.3295)	Prec@1 93.750 (89.053)	Prec@5 100.000 (99.785)
Epoch: [112][180/391], lr: 0.01000	Loss 0.3904 (0.3306)	Prec@1 87.500 (89.037)	Prec@5 100.000 (99.780)
Epoch: [112][190/391], lr: 0.01000	Loss 0.2930 (0.3300)	Prec@1 89.062 (89.030)	Prec@5 100.000 (99.787)
Epoch: [112][200/391], lr: 0.01000	Loss 0.5022 (0.3284)	Prec@1 82.812 (89.094)	Prec@5 99.219 (99.782)
Epoch: [112][210/391], lr: 0.01000	Loss 0.4369 (0.3260)	Prec@1 87.500 (89.200)	Prec@5 100.000 (99.785)
Epoch: [112][220/391], lr: 0.01000	Loss 0.2822 (0.3240)	Prec@1 90.625 (89.250)	Prec@5 100.000 (99.791)
Epoch: [112][230/391], lr: 0.01000	Loss 0.4202 (0.3235)	Prec@1 85.938 (89.262)	Prec@5 100.000 (99.787)
Epoch: [112][240/391], lr: 0.01000	Loss 0.2201 (0.3215)	Prec@1 93.750 (89.325)	Prec@5 100.000 (99.783)
Epoch: [112][250/391], lr: 0.01000	Loss 0.2424 (0.3205)	Prec@1 92.969 (89.330)	Prec@5 100.000 (99.785)
Epoch: [112][260/391], lr: 0.01000	Loss 0.2594 (0.3190)	Prec@1 92.969 (89.383)	Prec@5 100.000 (99.781)
Epoch: [112][270/391], lr: 0.01000	Loss 0.3505 (0.3189)	Prec@1 88.281 (89.397)	Prec@5 99.219 (99.784)
Epoch: [112][280/391], lr: 0.01000	Loss 0.2986 (0.3184)	Prec@1 89.062 (89.371)	Prec@5 100.000 (99.778)
Epoch: [112][290/391], lr: 0.01000	Loss 0.3204 (0.3183)	Prec@1 86.719 (89.363)	Prec@5 100.000 (99.780)
Epoch: [112][300/391], lr: 0.01000	Loss 0.3717 (0.3192)	Prec@1 84.375 (89.319)	Prec@5 100.000 (99.785)
Epoch: [112][310/391], lr: 0.01000	Loss 0.3369 (0.3220)	Prec@1 89.062 (89.253)	Prec@5 100.000 (99.774)
Epoch: [112][320/391], lr: 0.01000	Loss 0.4710 (0.3233)	Prec@1 85.938 (89.204)	Prec@5 98.438 (99.761)
Epoch: [112][330/391], lr: 0.01000	Loss 0.3453 (0.3252)	Prec@1 86.719 (89.166)	Prec@5 100.000 (99.759)
Epoch: [112][340/391], lr: 0.01000	Loss 0.3730 (0.3254)	Prec@1 88.281 (89.152)	Prec@5 99.219 (99.762)
Epoch: [112][350/391], lr: 0.01000	Loss 0.3773 (0.3286)	Prec@1 87.500 (89.045)	Prec@5 99.219 (99.757)
Epoch: [112][360/391], lr: 0.01000	Loss 0.4491 (0.3315)	Prec@1 82.812 (88.935)	Prec@5 100.000 (99.753)
Epoch: [112][370/391], lr: 0.01000	Loss 0.6521 (0.3353)	Prec@1 78.906 (88.835)	Prec@5 99.219 (99.745)
Epoch: [112][380/391], lr: 0.01000	Loss 0.4530 (0.3374)	Prec@1 84.375 (88.777)	Prec@5 100.000 (99.738)
Epoch: [112][390/391], lr: 0.01000	Loss 0.4732 (0.3391)	Prec@1 82.500 (88.712)	Prec@5 100.000 (99.736)
Epoch [112] Training Results: Prec@1 88.712 Prec@5 99.736             Loss 0.33909
Epoch [112] Training Class Recall: [0.779,0.842,0.829,0.870,0.900,0.906,0.928,0.923,0.945,0.950]

Epoch: [113][0/391], lr: 0.01000	Loss 0.5319 (0.5319)	Prec@1 82.812 (82.812)	Prec@5 99.219 (99.219)
Epoch: [113][10/391], lr: 0.01000	Loss 0.3889 (0.3864)	Prec@1 86.719 (87.429)	Prec@5 99.219 (99.716)
Epoch: [113][20/391], lr: 0.01000	Loss 0.4341 (0.4076)	Prec@1 84.375 (86.905)	Prec@5 100.000 (99.591)
Epoch: [113][30/391], lr: 0.01000	Loss 0.4238 (0.3883)	Prec@1 86.719 (87.198)	Prec@5 100.000 (99.647)
Epoch: [113][40/391], lr: 0.01000	Loss 0.3891 (0.3725)	Prec@1 87.500 (87.767)	Prec@5 100.000 (99.714)
Epoch: [113][50/391], lr: 0.01000	Loss 0.2521 (0.3527)	Prec@1 89.062 (88.404)	Prec@5 100.000 (99.740)
Epoch: [113][60/391], lr: 0.01000	Loss 0.2670 (0.3425)	Prec@1 92.188 (88.781)	Prec@5 100.000 (99.705)
Epoch: [113][70/391], lr: 0.01000	Loss 0.2708 (0.3298)	Prec@1 92.969 (89.305)	Prec@5 100.000 (99.736)
Epoch: [113][80/391], lr: 0.01000	Loss 0.3286 (0.3257)	Prec@1 88.281 (89.342)	Prec@5 100.000 (99.759)
Epoch: [113][90/391], lr: 0.01000	Loss 0.2300 (0.3204)	Prec@1 92.969 (89.535)	Prec@5 100.000 (99.760)
Epoch: [113][100/391], lr: 0.01000	Loss 0.2542 (0.3181)	Prec@1 91.406 (89.635)	Prec@5 100.000 (99.729)
Epoch: [113][110/391], lr: 0.01000	Loss 0.2875 (0.3117)	Prec@1 89.844 (89.851)	Prec@5 100.000 (99.754)
Epoch: [113][120/391], lr: 0.01000	Loss 0.2749 (0.3098)	Prec@1 88.281 (89.831)	Prec@5 100.000 (99.761)
Epoch: [113][130/391], lr: 0.01000	Loss 0.3508 (0.3098)	Prec@1 89.844 (89.832)	Prec@5 100.000 (99.767)
Epoch: [113][140/391], lr: 0.01000	Loss 0.3235 (0.3083)	Prec@1 89.062 (89.888)	Prec@5 100.000 (99.767)
Epoch: [113][150/391], lr: 0.01000	Loss 0.3405 (0.3105)	Prec@1 86.719 (89.761)	Prec@5 100.000 (99.778)
Epoch: [113][160/391], lr: 0.01000	Loss 0.3283 (0.3126)	Prec@1 89.062 (89.703)	Prec@5 99.219 (99.753)
Epoch: [113][170/391], lr: 0.01000	Loss 0.2687 (0.3147)	Prec@1 89.062 (89.611)	Prec@5 100.000 (99.758)
Epoch: [113][180/391], lr: 0.01000	Loss 0.3326 (0.3179)	Prec@1 89.062 (89.520)	Prec@5 100.000 (99.754)
Epoch: [113][190/391], lr: 0.01000	Loss 0.3449 (0.3183)	Prec@1 87.500 (89.496)	Prec@5 99.219 (99.750)
Epoch: [113][200/391], lr: 0.01000	Loss 0.3088 (0.3205)	Prec@1 89.844 (89.424)	Prec@5 100.000 (99.763)
Epoch: [113][210/391], lr: 0.01000	Loss 0.4862 (0.3224)	Prec@1 82.031 (89.362)	Prec@5 100.000 (99.763)
Epoch: [113][220/391], lr: 0.01000	Loss 0.3731 (0.3227)	Prec@1 87.500 (89.359)	Prec@5 100.000 (99.767)
Epoch: [113][230/391], lr: 0.01000	Loss 0.3285 (0.3243)	Prec@1 89.062 (89.350)	Prec@5 100.000 (99.767)
Epoch: [113][240/391], lr: 0.01000	Loss 0.3884 (0.3249)	Prec@1 85.938 (89.332)	Prec@5 100.000 (99.767)
Epoch: [113][250/391], lr: 0.01000	Loss 0.3791 (0.3253)	Prec@1 89.062 (89.333)	Prec@5 100.000 (99.763)
Epoch: [113][260/391], lr: 0.01000	Loss 0.2345 (0.3248)	Prec@1 91.406 (89.356)	Prec@5 100.000 (99.770)
Epoch: [113][270/391], lr: 0.01000	Loss 0.4387 (0.3255)	Prec@1 85.938 (89.325)	Prec@5 100.000 (99.772)
Epoch: [113][280/391], lr: 0.01000	Loss 0.4918 (0.3265)	Prec@1 86.719 (89.315)	Prec@5 98.438 (99.764)
Epoch: [113][290/391], lr: 0.01000	Loss 0.4043 (0.3259)	Prec@1 85.938 (89.296)	Prec@5 99.219 (99.769)
Epoch: [113][300/391], lr: 0.01000	Loss 0.3355 (0.3252)	Prec@1 89.062 (89.317)	Prec@5 100.000 (99.769)
Epoch: [113][310/391], lr: 0.01000	Loss 0.2315 (0.3241)	Prec@1 92.188 (89.344)	Prec@5 100.000 (99.769)
Epoch: [113][320/391], lr: 0.01000	Loss 0.2564 (0.3231)	Prec@1 90.625 (89.372)	Prec@5 100.000 (99.771)
Epoch: [113][330/391], lr: 0.01000	Loss 0.3376 (0.3234)	Prec@1 87.500 (89.355)	Prec@5 100.000 (99.776)
Epoch: [113][340/391], lr: 0.01000	Loss 0.3547 (0.3233)	Prec@1 89.062 (89.363)	Prec@5 100.000 (99.775)
Epoch: [113][350/391], lr: 0.01000	Loss 0.3106 (0.3225)	Prec@1 89.844 (89.376)	Prec@5 99.219 (99.775)
Epoch: [113][360/391], lr: 0.01000	Loss 0.3091 (0.3234)	Prec@1 86.719 (89.320)	Prec@5 100.000 (99.773)
Epoch: [113][370/391], lr: 0.01000	Loss 0.4348 (0.3246)	Prec@1 83.594 (89.269)	Prec@5 100.000 (99.777)
Epoch: [113][380/391], lr: 0.01000	Loss 0.3400 (0.3248)	Prec@1 87.500 (89.255)	Prec@5 99.219 (99.768)
Epoch: [113][390/391], lr: 0.01000	Loss 0.2627 (0.3251)	Prec@1 90.000 (89.234)	Prec@5 100.000 (99.768)
Epoch [113] Training Results: Prec@1 89.234 Prec@5 99.768             Loss 0.32505
Epoch [113] Training Class Recall: [0.789,0.848,0.831,0.874,0.906,0.914,0.932,0.935,0.945,0.951]

Epoch: [114][0/391], lr: 0.01000	Loss 0.3182 (0.3182)	Prec@1 87.500 (87.500)	Prec@5 100.000 (100.000)
Epoch: [114][10/391], lr: 0.01000	Loss 0.2965 (0.3381)	Prec@1 88.281 (89.134)	Prec@5 100.000 (99.858)
Epoch: [114][20/391], lr: 0.01000	Loss 0.5282 (0.3195)	Prec@1 82.031 (89.621)	Prec@5 100.000 (99.851)
Epoch: [114][30/391], lr: 0.01000	Loss 0.2867 (0.3146)	Prec@1 91.406 (89.970)	Prec@5 100.000 (99.874)
Epoch: [114][40/391], lr: 0.01000	Loss 0.2866 (0.3062)	Prec@1 89.844 (90.015)	Prec@5 100.000 (99.867)
Epoch: [114][50/391], lr: 0.01000	Loss 0.3162 (0.3047)	Prec@1 89.844 (90.012)	Prec@5 100.000 (99.893)
Epoch: [114][60/391], lr: 0.01000	Loss 0.3330 (0.3092)	Prec@1 91.406 (89.985)	Prec@5 100.000 (99.885)
Epoch: [114][70/391], lr: 0.01000	Loss 0.4101 (0.3123)	Prec@1 85.938 (89.767)	Prec@5 100.000 (99.879)
Epoch: [114][80/391], lr: 0.01000	Loss 0.2622 (0.3131)	Prec@1 90.625 (89.670)	Prec@5 99.219 (99.855)
Epoch: [114][90/391], lr: 0.01000	Loss 0.3385 (0.3173)	Prec@1 88.281 (89.423)	Prec@5 99.219 (99.845)
Epoch: [114][100/391], lr: 0.01000	Loss 0.3735 (0.3214)	Prec@1 84.375 (89.341)	Prec@5 99.219 (99.830)
Epoch: [114][110/391], lr: 0.01000	Loss 0.4407 (0.3235)	Prec@1 84.375 (89.267)	Prec@5 99.219 (99.803)
Epoch: [114][120/391], lr: 0.01000	Loss 0.3211 (0.3240)	Prec@1 86.719 (89.211)	Prec@5 100.000 (99.787)
Epoch: [114][130/391], lr: 0.01000	Loss 0.3221 (0.3270)	Prec@1 88.281 (89.134)	Prec@5 99.219 (99.773)
Epoch: [114][140/391], lr: 0.01000	Loss 0.2178 (0.3237)	Prec@1 90.625 (89.240)	Prec@5 100.000 (99.784)
Epoch: [114][150/391], lr: 0.01000	Loss 0.3389 (0.3251)	Prec@1 87.500 (89.140)	Prec@5 100.000 (99.778)
Epoch: [114][160/391], lr: 0.01000	Loss 0.3043 (0.3268)	Prec@1 90.625 (89.096)	Prec@5 100.000 (99.791)
Epoch: [114][170/391], lr: 0.01000	Loss 0.2718 (0.3289)	Prec@1 91.406 (89.031)	Prec@5 100.000 (99.781)
Epoch: [114][180/391], lr: 0.01000	Loss 0.3712 (0.3320)	Prec@1 88.281 (88.924)	Prec@5 98.438 (99.771)
Epoch: [114][190/391], lr: 0.01000	Loss 0.3284 (0.3335)	Prec@1 89.844 (88.915)	Prec@5 100.000 (99.763)
Epoch: [114][200/391], lr: 0.01000	Loss 0.3875 (0.3343)	Prec@1 87.500 (88.888)	Prec@5 100.000 (99.763)
Epoch: [114][210/391], lr: 0.01000	Loss 0.4757 (0.3342)	Prec@1 86.719 (88.877)	Prec@5 99.219 (99.756)
Epoch: [114][220/391], lr: 0.01000	Loss 0.4291 (0.3360)	Prec@1 85.938 (88.836)	Prec@5 100.000 (99.749)
Epoch: [114][230/391], lr: 0.01000	Loss 0.3670 (0.3358)	Prec@1 85.938 (88.819)	Prec@5 100.000 (99.753)
Epoch: [114][240/391], lr: 0.01000	Loss 0.3365 (0.3350)	Prec@1 89.062 (88.865)	Prec@5 100.000 (99.750)
Epoch: [114][250/391], lr: 0.01000	Loss 0.3523 (0.3362)	Prec@1 85.938 (88.817)	Prec@5 100.000 (99.757)
Epoch: [114][260/391], lr: 0.01000	Loss 0.4036 (0.3352)	Prec@1 88.281 (88.847)	Prec@5 100.000 (99.767)
Epoch: [114][270/391], lr: 0.01000	Loss 0.3712 (0.3347)	Prec@1 88.281 (88.881)	Prec@5 99.219 (99.761)
Epoch: [114][280/391], lr: 0.01000	Loss 0.3825 (0.3327)	Prec@1 85.938 (88.926)	Prec@5 99.219 (99.766)
Epoch: [114][290/391], lr: 0.01000	Loss 0.2469 (0.3327)	Prec@1 93.750 (88.934)	Prec@5 100.000 (99.772)
Epoch: [114][300/391], lr: 0.01000	Loss 0.2842 (0.3324)	Prec@1 90.625 (88.959)	Prec@5 100.000 (99.774)
Epoch: [114][310/391], lr: 0.01000	Loss 0.3284 (0.3321)	Prec@1 85.938 (88.949)	Prec@5 100.000 (99.776)
Epoch: [114][320/391], lr: 0.01000	Loss 0.4908 (0.3343)	Prec@1 83.594 (88.875)	Prec@5 100.000 (99.769)
Epoch: [114][330/391], lr: 0.01000	Loss 0.3260 (0.3354)	Prec@1 88.281 (88.834)	Prec@5 100.000 (99.752)
Epoch: [114][340/391], lr: 0.01000	Loss 0.2698 (0.3362)	Prec@1 88.281 (88.790)	Prec@5 100.000 (99.755)
Epoch: [114][350/391], lr: 0.01000	Loss 0.3371 (0.3367)	Prec@1 89.844 (88.775)	Prec@5 99.219 (99.748)
Epoch: [114][360/391], lr: 0.01000	Loss 0.3440 (0.3356)	Prec@1 89.844 (88.783)	Prec@5 100.000 (99.753)
Epoch: [114][370/391], lr: 0.01000	Loss 0.2239 (0.3361)	Prec@1 90.625 (88.770)	Prec@5 100.000 (99.754)
Epoch: [114][380/391], lr: 0.01000	Loss 0.2296 (0.3354)	Prec@1 92.188 (88.806)	Prec@5 100.000 (99.756)
Epoch: [114][390/391], lr: 0.01000	Loss 0.4610 (0.3357)	Prec@1 85.000 (88.802)	Prec@5 100.000 (99.750)
Epoch [114] Training Results: Prec@1 88.802 Prec@5 99.750             Loss 0.33572
Epoch [114] Training Class Recall: [0.791,0.840,0.831,0.867,0.900,0.907,0.930,0.926,0.944,0.945]

Epoch: [115][0/391], lr: 0.01000	Loss 0.3881 (0.3881)	Prec@1 89.062 (89.062)	Prec@5 100.000 (100.000)
Epoch: [115][10/391], lr: 0.01000	Loss 0.3275 (0.3784)	Prec@1 91.406 (87.855)	Prec@5 99.219 (99.716)
Epoch: [115][20/391], lr: 0.01000	Loss 0.2147 (0.3485)	Prec@1 93.750 (88.504)	Prec@5 100.000 (99.777)
Epoch: [115][30/391], lr: 0.01000	Loss 0.3596 (0.3475)	Prec@1 88.281 (88.760)	Prec@5 100.000 (99.773)
Epoch: [115][40/391], lr: 0.01000	Loss 0.2734 (0.3365)	Prec@1 91.406 (88.948)	Prec@5 100.000 (99.828)
Epoch: [115][50/391], lr: 0.01000	Loss 0.3208 (0.3281)	Prec@1 87.500 (89.032)	Prec@5 100.000 (99.831)
Epoch: [115][60/391], lr: 0.01000	Loss 0.2539 (0.3238)	Prec@1 91.406 (89.203)	Prec@5 100.000 (99.821)
Epoch: [115][70/391], lr: 0.01000	Loss 0.3043 (0.3243)	Prec@1 88.281 (89.195)	Prec@5 99.219 (99.802)
Epoch: [115][80/391], lr: 0.01000	Loss 0.2679 (0.3218)	Prec@1 90.625 (89.275)	Prec@5 100.000 (99.807)
Epoch: [115][90/391], lr: 0.01000	Loss 0.2617 (0.3202)	Prec@1 91.406 (89.311)	Prec@5 100.000 (99.828)
Epoch: [115][100/391], lr: 0.01000	Loss 0.2678 (0.3188)	Prec@1 91.406 (89.310)	Prec@5 100.000 (99.830)
Epoch: [115][110/391], lr: 0.01000	Loss 0.2972 (0.3193)	Prec@1 90.625 (89.323)	Prec@5 99.219 (99.831)
Epoch: [115][120/391], lr: 0.01000	Loss 0.3274 (0.3211)	Prec@1 91.406 (89.327)	Prec@5 99.219 (99.800)
Epoch: [115][130/391], lr: 0.01000	Loss 0.4003 (0.3265)	Prec@1 87.500 (89.134)	Prec@5 99.219 (99.791)
Epoch: [115][140/391], lr: 0.01000	Loss 0.2673 (0.3292)	Prec@1 89.062 (89.018)	Prec@5 100.000 (99.789)
Epoch: [115][150/391], lr: 0.01000	Loss 0.3765 (0.3328)	Prec@1 86.719 (88.881)	Prec@5 100.000 (99.778)
Epoch: [115][160/391], lr: 0.01000	Loss 0.3337 (0.3339)	Prec@1 89.062 (88.854)	Prec@5 100.000 (99.757)
Epoch: [115][170/391], lr: 0.01000	Loss 0.4524 (0.3362)	Prec@1 82.812 (88.811)	Prec@5 99.219 (99.749)
Epoch: [115][180/391], lr: 0.01000	Loss 0.2677 (0.3362)	Prec@1 91.406 (88.786)	Prec@5 99.219 (99.754)
Epoch: [115][190/391], lr: 0.01000	Loss 0.2671 (0.3368)	Prec@1 90.625 (88.743)	Prec@5 100.000 (99.759)
Epoch: [115][200/391], lr: 0.01000	Loss 0.3284 (0.3387)	Prec@1 88.281 (88.717)	Prec@5 100.000 (99.755)
Epoch: [115][210/391], lr: 0.01000	Loss 0.3424 (0.3376)	Prec@1 89.062 (88.759)	Prec@5 99.219 (99.752)
Epoch: [115][220/391], lr: 0.01000	Loss 0.4132 (0.3368)	Prec@1 83.594 (88.776)	Prec@5 100.000 (99.756)
Epoch: [115][230/391], lr: 0.01000	Loss 0.4555 (0.3362)	Prec@1 87.500 (88.789)	Prec@5 99.219 (99.760)
Epoch: [115][240/391], lr: 0.01000	Loss 0.2581 (0.3352)	Prec@1 91.406 (88.826)	Prec@5 100.000 (99.754)
Epoch: [115][250/391], lr: 0.01000	Loss 0.3275 (0.3363)	Prec@1 89.844 (88.807)	Prec@5 100.000 (99.742)
Epoch: [115][260/391], lr: 0.01000	Loss 0.2725 (0.3362)	Prec@1 91.406 (88.775)	Prec@5 100.000 (99.743)
Epoch: [115][270/391], lr: 0.01000	Loss 0.2528 (0.3358)	Prec@1 91.406 (88.786)	Prec@5 100.000 (99.743)
Epoch: [115][280/391], lr: 0.01000	Loss 0.4216 (0.3375)	Prec@1 87.500 (88.709)	Prec@5 100.000 (99.741)
Epoch: [115][290/391], lr: 0.01000	Loss 0.3504 (0.3370)	Prec@1 90.625 (88.719)	Prec@5 100.000 (99.748)
Epoch: [115][300/391], lr: 0.01000	Loss 0.3889 (0.3354)	Prec@1 85.156 (88.764)	Prec@5 100.000 (99.748)
Epoch: [115][310/391], lr: 0.01000	Loss 0.5659 (0.3357)	Prec@1 80.469 (88.736)	Prec@5 100.000 (99.751)
Epoch: [115][320/391], lr: 0.01000	Loss 0.3422 (0.3365)	Prec@1 89.062 (88.734)	Prec@5 100.000 (99.749)
Epoch: [115][330/391], lr: 0.01000	Loss 0.3189 (0.3360)	Prec@1 87.500 (88.763)	Prec@5 100.000 (99.740)
Epoch: [115][340/391], lr: 0.01000	Loss 0.3592 (0.3368)	Prec@1 85.938 (88.742)	Prec@5 100.000 (99.739)
Epoch: [115][350/391], lr: 0.01000	Loss 0.2871 (0.3362)	Prec@1 91.406 (88.751)	Prec@5 100.000 (99.742)
Epoch: [115][360/391], lr: 0.01000	Loss 0.2954 (0.3359)	Prec@1 89.062 (88.749)	Prec@5 100.000 (99.740)
Epoch: [115][370/391], lr: 0.01000	Loss 0.3307 (0.3354)	Prec@1 89.062 (88.757)	Prec@5 99.219 (99.745)
Epoch: [115][380/391], lr: 0.01000	Loss 0.4388 (0.3350)	Prec@1 87.500 (88.794)	Prec@5 100.000 (99.748)
Epoch: [115][390/391], lr: 0.01000	Loss 0.3909 (0.3339)	Prec@1 87.500 (88.814)	Prec@5 97.500 (99.746)
Epoch [115] Training Results: Prec@1 88.814 Prec@5 99.746             Loss 0.33393
Epoch [115] Training Class Recall: [0.792,0.844,0.833,0.865,0.903,0.906,0.926,0.927,0.940,0.945]

Epoch: [116][0/391], lr: 0.01000	Loss 0.3088 (0.3088)	Prec@1 88.281 (88.281)	Prec@5 100.000 (100.000)
Epoch: [116][10/391], lr: 0.01000	Loss 0.4015 (0.3200)	Prec@1 87.500 (89.560)	Prec@5 99.219 (99.787)
Epoch: [116][20/391], lr: 0.01000	Loss 0.4583 (0.3057)	Prec@1 86.719 (90.141)	Prec@5 99.219 (99.777)
Epoch: [116][30/391], lr: 0.01000	Loss 0.2148 (0.3018)	Prec@1 95.312 (90.171)	Prec@5 100.000 (99.824)
Epoch: [116][40/391], lr: 0.01000	Loss 0.3126 (0.2968)	Prec@1 90.625 (89.996)	Prec@5 99.219 (99.771)
Epoch: [116][50/391], lr: 0.01000	Loss 0.3147 (0.3038)	Prec@1 88.281 (89.828)	Prec@5 100.000 (99.786)
Epoch: [116][60/391], lr: 0.01000	Loss 0.3990 (0.3004)	Prec@1 85.938 (89.793)	Prec@5 99.219 (99.782)
Epoch: [116][70/391], lr: 0.01000	Loss 0.2617 (0.3065)	Prec@1 90.625 (89.613)	Prec@5 100.000 (99.802)
Epoch: [116][80/391], lr: 0.01000	Loss 0.3442 (0.3073)	Prec@1 89.844 (89.641)	Prec@5 99.219 (99.807)
Epoch: [116][90/391], lr: 0.01000	Loss 0.3475 (0.3119)	Prec@1 89.062 (89.569)	Prec@5 100.000 (99.785)
Epoch: [116][100/391], lr: 0.01000	Loss 0.3757 (0.3163)	Prec@1 89.062 (89.527)	Prec@5 100.000 (99.791)
Epoch: [116][110/391], lr: 0.01000	Loss 0.3122 (0.3157)	Prec@1 91.406 (89.576)	Prec@5 99.219 (99.768)
Epoch: [116][120/391], lr: 0.01000	Loss 0.3689 (0.3168)	Prec@1 88.281 (89.463)	Prec@5 100.000 (99.774)
Epoch: [116][130/391], lr: 0.01000	Loss 0.4575 (0.3197)	Prec@1 90.625 (89.361)	Prec@5 99.219 (99.779)
Epoch: [116][140/391], lr: 0.01000	Loss 0.2846 (0.3184)	Prec@1 91.406 (89.367)	Prec@5 99.219 (99.778)
Epoch: [116][150/391], lr: 0.01000	Loss 0.2538 (0.3193)	Prec@1 90.625 (89.306)	Prec@5 100.000 (99.783)
Epoch: [116][160/391], lr: 0.01000	Loss 0.3259 (0.3230)	Prec@1 89.844 (89.179)	Prec@5 100.000 (99.791)
Epoch: [116][170/391], lr: 0.01000	Loss 0.3319 (0.3251)	Prec@1 89.062 (89.108)	Prec@5 99.219 (99.776)
Epoch: [116][180/391], lr: 0.01000	Loss 0.4548 (0.3258)	Prec@1 85.938 (89.114)	Prec@5 98.438 (99.771)
Epoch: [116][190/391], lr: 0.01000	Loss 0.3534 (0.3266)	Prec@1 89.062 (89.120)	Prec@5 99.219 (99.763)
Epoch: [116][200/391], lr: 0.01000	Loss 0.3878 (0.3261)	Prec@1 88.281 (89.117)	Prec@5 100.000 (99.771)
Epoch: [116][210/391], lr: 0.01000	Loss 0.2756 (0.3264)	Prec@1 88.281 (89.066)	Prec@5 100.000 (99.774)
Epoch: [116][220/391], lr: 0.01000	Loss 0.3972 (0.3275)	Prec@1 84.375 (88.999)	Prec@5 99.219 (99.770)
Epoch: [116][230/391], lr: 0.01000	Loss 0.4571 (0.3267)	Prec@1 82.031 (89.002)	Prec@5 99.219 (99.770)
Epoch: [116][240/391], lr: 0.01000	Loss 0.2991 (0.3269)	Prec@1 89.062 (88.985)	Prec@5 100.000 (99.770)
Epoch: [116][250/391], lr: 0.01000	Loss 0.2399 (0.3288)	Prec@1 92.969 (88.926)	Prec@5 100.000 (99.773)
Epoch: [116][260/391], lr: 0.01000	Loss 0.3813 (0.3278)	Prec@1 88.281 (88.985)	Prec@5 99.219 (99.770)
Epoch: [116][270/391], lr: 0.01000	Loss 0.5439 (0.3299)	Prec@1 80.469 (88.930)	Prec@5 99.219 (99.761)
Epoch: [116][280/391], lr: 0.01000	Loss 0.2812 (0.3297)	Prec@1 89.062 (88.921)	Prec@5 100.000 (99.766)
Epoch: [116][290/391], lr: 0.01000	Loss 0.3237 (0.3293)	Prec@1 90.625 (88.931)	Prec@5 100.000 (99.764)
Epoch: [116][300/391], lr: 0.01000	Loss 0.3891 (0.3285)	Prec@1 83.594 (88.948)	Prec@5 100.000 (99.766)
Epoch: [116][310/391], lr: 0.01000	Loss 0.3517 (0.3287)	Prec@1 90.625 (88.962)	Prec@5 100.000 (99.764)
Epoch: [116][320/391], lr: 0.01000	Loss 0.4216 (0.3278)	Prec@1 86.719 (89.021)	Prec@5 100.000 (99.761)
Epoch: [116][330/391], lr: 0.01000	Loss 0.3718 (0.3279)	Prec@1 89.062 (89.032)	Prec@5 99.219 (99.762)
Epoch: [116][340/391], lr: 0.01000	Loss 0.2316 (0.3274)	Prec@1 92.969 (89.053)	Prec@5 100.000 (99.762)
Epoch: [116][350/391], lr: 0.01000	Loss 0.4284 (0.3274)	Prec@1 85.938 (89.054)	Prec@5 99.219 (99.755)
Epoch: [116][360/391], lr: 0.01000	Loss 0.3315 (0.3276)	Prec@1 86.719 (89.039)	Prec@5 100.000 (99.753)
Epoch: [116][370/391], lr: 0.01000	Loss 0.3056 (0.3282)	Prec@1 90.625 (89.037)	Prec@5 99.219 (99.754)
Epoch: [116][380/391], lr: 0.01000	Loss 0.3283 (0.3276)	Prec@1 90.625 (89.050)	Prec@5 99.219 (99.758)
Epoch: [116][390/391], lr: 0.01000	Loss 0.3157 (0.3278)	Prec@1 87.500 (89.032)	Prec@5 100.000 (99.760)
Epoch [116] Training Results: Prec@1 89.032 Prec@5 99.760             Loss 0.32778
Epoch [116] Training Class Recall: [0.792,0.841,0.836,0.871,0.901,0.908,0.931,0.931,0.945,0.949]

Epoch: [117][0/391], lr: 0.01000	Loss 0.3923 (0.3923)	Prec@1 85.938 (85.938)	Prec@5 100.000 (100.000)
Epoch: [117][10/391], lr: 0.01000	Loss 0.3949 (0.3158)	Prec@1 86.719 (89.844)	Prec@5 99.219 (99.929)
Epoch: [117][20/391], lr: 0.01000	Loss 0.3243 (0.3065)	Prec@1 89.062 (89.844)	Prec@5 100.000 (99.888)
Epoch: [117][30/391], lr: 0.01000	Loss 0.3093 (0.3048)	Prec@1 89.844 (89.919)	Prec@5 99.219 (99.899)
Epoch: [117][40/391], lr: 0.01000	Loss 0.3054 (0.3092)	Prec@1 89.844 (89.729)	Prec@5 100.000 (99.886)
Epoch: [117][50/391], lr: 0.01000	Loss 0.3342 (0.3126)	Prec@1 89.844 (89.752)	Prec@5 100.000 (99.893)
Epoch: [117][60/391], lr: 0.01000	Loss 0.2849 (0.3172)	Prec@1 92.188 (89.626)	Prec@5 100.000 (99.833)
Epoch: [117][70/391], lr: 0.01000	Loss 0.3516 (0.3235)	Prec@1 91.406 (89.437)	Prec@5 98.438 (99.769)
Epoch: [117][80/391], lr: 0.01000	Loss 0.2390 (0.3275)	Prec@1 93.750 (89.381)	Prec@5 100.000 (99.740)
Epoch: [117][90/391], lr: 0.01000	Loss 0.2990 (0.3324)	Prec@1 91.406 (89.329)	Prec@5 100.000 (99.751)
Epoch: [117][100/391], lr: 0.01000	Loss 0.5732 (0.3305)	Prec@1 82.031 (89.380)	Prec@5 100.000 (99.760)
Epoch: [117][110/391], lr: 0.01000	Loss 0.4116 (0.3341)	Prec@1 87.500 (89.267)	Prec@5 100.000 (99.761)
Epoch: [117][120/391], lr: 0.01000	Loss 0.2872 (0.3378)	Prec@1 90.625 (89.114)	Prec@5 100.000 (99.774)
Epoch: [117][130/391], lr: 0.01000	Loss 0.2277 (0.3370)	Prec@1 94.531 (89.176)	Prec@5 100.000 (99.761)
Epoch: [117][140/391], lr: 0.01000	Loss 0.4146 (0.3398)	Prec@1 86.719 (89.184)	Prec@5 98.438 (99.740)
Epoch: [117][150/391], lr: 0.01000	Loss 0.4475 (0.3404)	Prec@1 85.938 (89.104)	Prec@5 100.000 (99.752)
Epoch: [117][160/391], lr: 0.01000	Loss 0.2476 (0.3385)	Prec@1 90.625 (89.174)	Prec@5 100.000 (99.757)
Epoch: [117][170/391], lr: 0.01000	Loss 0.2886 (0.3380)	Prec@1 90.625 (89.163)	Prec@5 100.000 (99.758)
Epoch: [117][180/391], lr: 0.01000	Loss 0.2808 (0.3360)	Prec@1 89.844 (89.209)	Prec@5 100.000 (99.767)
Epoch: [117][190/391], lr: 0.01000	Loss 0.3311 (0.3351)	Prec@1 89.844 (89.202)	Prec@5 99.219 (99.763)
Epoch: [117][200/391], lr: 0.01000	Loss 0.3959 (0.3352)	Prec@1 88.281 (89.125)	Prec@5 100.000 (99.763)
Epoch: [117][210/391], lr: 0.01000	Loss 0.4010 (0.3338)	Prec@1 88.281 (89.177)	Prec@5 100.000 (99.763)
Epoch: [117][220/391], lr: 0.01000	Loss 0.3701 (0.3321)	Prec@1 86.719 (89.253)	Prec@5 100.000 (99.774)
Epoch: [117][230/391], lr: 0.01000	Loss 0.2831 (0.3315)	Prec@1 89.844 (89.259)	Prec@5 100.000 (99.777)
Epoch: [117][240/391], lr: 0.01000	Loss 0.5323 (0.3324)	Prec@1 82.031 (89.221)	Prec@5 100.000 (99.783)
Epoch: [117][250/391], lr: 0.01000	Loss 0.2957 (0.3315)	Prec@1 89.062 (89.221)	Prec@5 100.000 (99.779)
Epoch: [117][260/391], lr: 0.01000	Loss 0.3778 (0.3323)	Prec@1 84.375 (89.197)	Prec@5 100.000 (99.781)
Epoch: [117][270/391], lr: 0.01000	Loss 0.4036 (0.3338)	Prec@1 87.500 (89.135)	Prec@5 99.219 (99.778)
Epoch: [117][280/391], lr: 0.01000	Loss 0.3557 (0.3356)	Prec@1 87.500 (89.085)	Prec@5 100.000 (99.783)
Epoch: [117][290/391], lr: 0.01000	Loss 0.3688 (0.3361)	Prec@1 91.406 (89.049)	Prec@5 99.219 (99.785)
Epoch: [117][300/391], lr: 0.01000	Loss 0.2958 (0.3374)	Prec@1 89.062 (88.992)	Prec@5 100.000 (99.787)
Epoch: [117][310/391], lr: 0.01000	Loss 0.3785 (0.3379)	Prec@1 88.281 (88.972)	Prec@5 100.000 (99.791)
Epoch: [117][320/391], lr: 0.01000	Loss 0.2340 (0.3369)	Prec@1 91.406 (88.960)	Prec@5 100.000 (99.796)
Epoch: [117][330/391], lr: 0.01000	Loss 0.3488 (0.3379)	Prec@1 87.500 (88.911)	Prec@5 100.000 (99.792)
Epoch: [117][340/391], lr: 0.01000	Loss 0.3996 (0.3391)	Prec@1 85.938 (88.861)	Prec@5 100.000 (99.787)
Epoch: [117][350/391], lr: 0.01000	Loss 0.3439 (0.3392)	Prec@1 87.500 (88.842)	Prec@5 100.000 (99.789)
Epoch: [117][360/391], lr: 0.01000	Loss 0.3955 (0.3392)	Prec@1 83.594 (88.816)	Prec@5 100.000 (99.788)
Epoch: [117][370/391], lr: 0.01000	Loss 0.2423 (0.3398)	Prec@1 92.188 (88.782)	Prec@5 100.000 (99.792)
Epoch: [117][380/391], lr: 0.01000	Loss 0.2889 (0.3400)	Prec@1 89.844 (88.749)	Prec@5 100.000 (99.795)
Epoch: [117][390/391], lr: 0.01000	Loss 0.3689 (0.3406)	Prec@1 87.500 (88.720)	Prec@5 98.750 (99.788)
Epoch [117] Training Results: Prec@1 88.720 Prec@5 99.788             Loss 0.34062
Epoch [117] Training Class Recall: [0.787,0.847,0.822,0.865,0.899,0.906,0.931,0.927,0.942,0.947]

Epoch: [118][0/391], lr: 0.01000	Loss 0.1714 (0.1714)	Prec@1 94.531 (94.531)	Prec@5 100.000 (100.000)
Epoch: [118][10/391], lr: 0.01000	Loss 0.2692 (0.3212)	Prec@1 91.406 (89.489)	Prec@5 100.000 (99.929)
Epoch: [118][20/391], lr: 0.01000	Loss 0.2282 (0.3259)	Prec@1 94.531 (89.323)	Prec@5 100.000 (99.888)
Epoch: [118][30/391], lr: 0.01000	Loss 0.4283 (0.3388)	Prec@1 86.719 (88.684)	Prec@5 99.219 (99.874)
Epoch: [118][40/391], lr: 0.01000	Loss 0.3449 (0.3319)	Prec@1 87.500 (88.929)	Prec@5 100.000 (99.848)
Epoch: [118][50/391], lr: 0.01000	Loss 0.2921 (0.3283)	Prec@1 90.625 (89.108)	Prec@5 100.000 (99.816)
Epoch: [118][60/391], lr: 0.01000	Loss 0.3636 (0.3316)	Prec@1 86.719 (88.973)	Prec@5 100.000 (99.821)
Epoch: [118][70/391], lr: 0.01000	Loss 0.4600 (0.3342)	Prec@1 84.375 (88.908)	Prec@5 98.438 (99.802)
Epoch: [118][80/391], lr: 0.01000	Loss 0.1920 (0.3321)	Prec@1 95.312 (88.976)	Prec@5 100.000 (99.807)
Epoch: [118][90/391], lr: 0.01000	Loss 0.2685 (0.3319)	Prec@1 89.844 (88.985)	Prec@5 100.000 (99.794)
Epoch: [118][100/391], lr: 0.01000	Loss 0.3595 (0.3323)	Prec@1 86.719 (88.869)	Prec@5 100.000 (99.814)
Epoch: [118][110/391], lr: 0.01000	Loss 0.3474 (0.3328)	Prec@1 85.938 (88.943)	Prec@5 100.000 (99.824)
Epoch: [118][120/391], lr: 0.01000	Loss 0.1903 (0.3287)	Prec@1 92.969 (89.017)	Prec@5 100.000 (99.832)
Epoch: [118][130/391], lr: 0.01000	Loss 0.3746 (0.3282)	Prec@1 86.719 (89.039)	Prec@5 100.000 (99.833)
Epoch: [118][140/391], lr: 0.01000	Loss 0.3896 (0.3255)	Prec@1 85.156 (89.162)	Prec@5 100.000 (99.834)
Epoch: [118][150/391], lr: 0.01000	Loss 0.2992 (0.3254)	Prec@1 91.406 (89.197)	Prec@5 99.219 (99.829)
Epoch: [118][160/391], lr: 0.01000	Loss 0.2655 (0.3252)	Prec@1 91.406 (89.242)	Prec@5 100.000 (99.825)
Epoch: [118][170/391], lr: 0.01000	Loss 0.3718 (0.3251)	Prec@1 86.719 (89.222)	Prec@5 100.000 (99.826)
Epoch: [118][180/391], lr: 0.01000	Loss 0.2274 (0.3228)	Prec@1 90.625 (89.291)	Prec@5 100.000 (99.836)
Epoch: [118][190/391], lr: 0.01000	Loss 0.3792 (0.3232)	Prec@1 86.719 (89.283)	Prec@5 99.219 (99.828)
Epoch: [118][200/391], lr: 0.01000	Loss 0.3580 (0.3237)	Prec@1 85.156 (89.253)	Prec@5 100.000 (99.833)
Epoch: [118][210/391], lr: 0.01000	Loss 0.3413 (0.3236)	Prec@1 86.719 (89.211)	Prec@5 100.000 (99.819)
Epoch: [118][220/391], lr: 0.01000	Loss 0.2525 (0.3237)	Prec@1 93.750 (89.218)	Prec@5 100.000 (99.820)
Epoch: [118][230/391], lr: 0.01000	Loss 0.3450 (0.3237)	Prec@1 90.625 (89.191)	Prec@5 100.000 (99.817)
Epoch: [118][240/391], lr: 0.01000	Loss 0.1815 (0.3232)	Prec@1 96.094 (89.208)	Prec@5 100.000 (99.822)
Epoch: [118][250/391], lr: 0.01000	Loss 0.2430 (0.3214)	Prec@1 92.188 (89.237)	Prec@5 99.219 (99.819)
Epoch: [118][260/391], lr: 0.01000	Loss 0.3557 (0.3214)	Prec@1 86.719 (89.233)	Prec@5 99.219 (99.805)
Epoch: [118][270/391], lr: 0.01000	Loss 0.3544 (0.3195)	Prec@1 89.844 (89.308)	Prec@5 99.219 (99.807)
Epoch: [118][280/391], lr: 0.01000	Loss 0.2772 (0.3194)	Prec@1 91.406 (89.313)	Prec@5 100.000 (99.794)
Epoch: [118][290/391], lr: 0.01000	Loss 0.2651 (0.3172)	Prec@1 88.281 (89.371)	Prec@5 100.000 (99.796)
Epoch: [118][300/391], lr: 0.01000	Loss 0.2698 (0.3161)	Prec@1 91.406 (89.418)	Prec@5 100.000 (99.798)
Epoch: [118][310/391], lr: 0.01000	Loss 0.2805 (0.3161)	Prec@1 89.844 (89.442)	Prec@5 100.000 (99.802)
Epoch: [118][320/391], lr: 0.01000	Loss 0.3364 (0.3153)	Prec@1 88.281 (89.476)	Prec@5 100.000 (99.800)
Epoch: [118][330/391], lr: 0.01000	Loss 0.2457 (0.3151)	Prec@1 93.750 (89.504)	Prec@5 100.000 (99.799)
Epoch: [118][340/391], lr: 0.01000	Loss 0.2533 (0.3159)	Prec@1 90.625 (89.468)	Prec@5 100.000 (99.803)
Epoch: [118][350/391], lr: 0.01000	Loss 0.3021 (0.3172)	Prec@1 90.625 (89.403)	Prec@5 100.000 (99.802)
Epoch: [118][360/391], lr: 0.01000	Loss 0.3261 (0.3170)	Prec@1 88.281 (89.415)	Prec@5 99.219 (99.803)
Epoch: [118][370/391], lr: 0.01000	Loss 0.3480 (0.3192)	Prec@1 87.500 (89.349)	Prec@5 100.000 (99.800)
Epoch: [118][380/391], lr: 0.01000	Loss 0.2859 (0.3211)	Prec@1 87.500 (89.263)	Prec@5 100.000 (99.791)
Epoch: [118][390/391], lr: 0.01000	Loss 0.4386 (0.3225)	Prec@1 88.750 (89.234)	Prec@5 100.000 (99.792)
Epoch [118] Training Results: Prec@1 89.234 Prec@5 99.792             Loss 0.32248
Epoch [118] Training Class Recall: [0.793,0.856,0.835,0.871,0.904,0.914,0.928,0.925,0.947,0.951]

Epoch: [119][0/391], lr: 0.01000	Loss 0.2344 (0.2344)	Prec@1 89.844 (89.844)	Prec@5 100.000 (100.000)
Epoch: [119][10/391], lr: 0.01000	Loss 0.3647 (0.3363)	Prec@1 87.500 (89.418)	Prec@5 100.000 (99.361)
Epoch: [119][20/391], lr: 0.01000	Loss 0.4400 (0.3487)	Prec@1 89.844 (88.876)	Prec@5 99.219 (99.479)
Epoch: [119][30/391], lr: 0.01000	Loss 0.4570 (0.3509)	Prec@1 88.281 (88.659)	Prec@5 98.438 (99.572)
Epoch: [119][40/391], lr: 0.01000	Loss 0.3561 (0.3526)	Prec@1 89.062 (88.815)	Prec@5 100.000 (99.638)
Epoch: [119][50/391], lr: 0.01000	Loss 0.3323 (0.3429)	Prec@1 89.062 (88.925)	Prec@5 100.000 (99.694)
Epoch: [119][60/391], lr: 0.01000	Loss 0.2557 (0.3317)	Prec@1 91.406 (89.152)	Prec@5 99.219 (99.731)
Epoch: [119][70/391], lr: 0.01000	Loss 0.3575 (0.3287)	Prec@1 85.156 (89.107)	Prec@5 100.000 (99.758)
Epoch: [119][80/391], lr: 0.01000	Loss 0.2895 (0.3258)	Prec@1 89.844 (89.236)	Prec@5 100.000 (99.769)
Epoch: [119][90/391], lr: 0.01000	Loss 0.2429 (0.3233)	Prec@1 91.406 (89.320)	Prec@5 100.000 (99.785)
Epoch: [119][100/391], lr: 0.01000	Loss 0.3758 (0.3214)	Prec@1 88.281 (89.333)	Prec@5 99.219 (99.752)
Epoch: [119][110/391], lr: 0.01000	Loss 0.3588 (0.3206)	Prec@1 84.375 (89.323)	Prec@5 100.000 (99.761)
Epoch: [119][120/391], lr: 0.01000	Loss 0.3421 (0.3206)	Prec@1 88.281 (89.366)	Prec@5 100.000 (99.735)
Epoch: [119][130/391], lr: 0.01000	Loss 0.4878 (0.3210)	Prec@1 83.594 (89.337)	Prec@5 100.000 (99.744)
Epoch: [119][140/391], lr: 0.01000	Loss 0.2940 (0.3220)	Prec@1 89.844 (89.240)	Prec@5 99.219 (99.723)
Epoch: [119][150/391], lr: 0.01000	Loss 0.5190 (0.3242)	Prec@1 79.688 (89.145)	Prec@5 98.438 (99.726)
Epoch: [119][160/391], lr: 0.01000	Loss 0.3024 (0.3235)	Prec@1 89.062 (89.145)	Prec@5 100.000 (99.723)
Epoch: [119][170/391], lr: 0.01000	Loss 0.4352 (0.3241)	Prec@1 83.594 (89.062)	Prec@5 100.000 (99.730)
Epoch: [119][180/391], lr: 0.01000	Loss 0.3273 (0.3240)	Prec@1 90.625 (89.062)	Prec@5 100.000 (99.732)
Epoch: [119][190/391], lr: 0.01000	Loss 0.3042 (0.3251)	Prec@1 89.062 (89.062)	Prec@5 100.000 (99.734)
Epoch: [119][200/391], lr: 0.01000	Loss 0.2628 (0.3229)	Prec@1 92.188 (89.183)	Prec@5 100.000 (99.747)
Epoch: [119][210/391], lr: 0.01000	Loss 0.4510 (0.3236)	Prec@1 84.375 (89.177)	Prec@5 100.000 (99.752)
Epoch: [119][220/391], lr: 0.01000	Loss 0.2407 (0.3237)	Prec@1 93.750 (89.190)	Prec@5 99.219 (99.749)
Epoch: [119][230/391], lr: 0.01000	Loss 0.4432 (0.3262)	Prec@1 85.156 (89.140)	Prec@5 99.219 (99.743)
Epoch: [119][240/391], lr: 0.01000	Loss 0.4343 (0.3265)	Prec@1 86.719 (89.114)	Prec@5 99.219 (99.737)
Epoch: [119][250/391], lr: 0.01000	Loss 0.3258 (0.3256)	Prec@1 89.062 (89.147)	Prec@5 100.000 (99.745)
Epoch: [119][260/391], lr: 0.01000	Loss 0.4435 (0.3254)	Prec@1 85.156 (89.149)	Prec@5 100.000 (99.755)
Epoch: [119][270/391], lr: 0.01000	Loss 0.4627 (0.3259)	Prec@1 81.250 (89.086)	Prec@5 100.000 (99.752)
Epoch: [119][280/391], lr: 0.01000	Loss 0.2657 (0.3256)	Prec@1 88.281 (89.101)	Prec@5 100.000 (99.753)
Epoch: [119][290/391], lr: 0.01000	Loss 0.3214 (0.3271)	Prec@1 92.188 (89.084)	Prec@5 100.000 (99.745)
Epoch: [119][300/391], lr: 0.01000	Loss 0.3932 (0.3268)	Prec@1 88.281 (89.065)	Prec@5 100.000 (99.740)
Epoch: [119][310/391], lr: 0.01000	Loss 0.1408 (0.3257)	Prec@1 95.312 (89.095)	Prec@5 100.000 (99.741)
Epoch: [119][320/391], lr: 0.01000	Loss 0.2346 (0.3255)	Prec@1 89.062 (89.092)	Prec@5 100.000 (99.747)
Epoch: [119][330/391], lr: 0.01000	Loss 0.1928 (0.3252)	Prec@1 93.750 (89.112)	Prec@5 99.219 (99.740)
Epoch: [119][340/391], lr: 0.01000	Loss 0.3069 (0.3261)	Prec@1 89.062 (89.092)	Prec@5 100.000 (99.743)
Epoch: [119][350/391], lr: 0.01000	Loss 0.2521 (0.3261)	Prec@1 91.406 (89.087)	Prec@5 100.000 (99.740)
Epoch: [119][360/391], lr: 0.01000	Loss 0.2597 (0.3272)	Prec@1 89.844 (89.045)	Prec@5 100.000 (99.742)
Epoch: [119][370/391], lr: 0.01000	Loss 0.4011 (0.3288)	Prec@1 85.938 (89.008)	Prec@5 100.000 (99.737)
Epoch: [119][380/391], lr: 0.01000	Loss 0.3826 (0.3292)	Prec@1 88.281 (88.989)	Prec@5 100.000 (99.742)
Epoch: [119][390/391], lr: 0.01000	Loss 0.3339 (0.3304)	Prec@1 87.500 (88.922)	Prec@5 100.000 (99.742)
Epoch [119] Training Results: Prec@1 88.922 Prec@5 99.742             Loss 0.33040
Epoch [119] Training Class Recall: [0.790,0.836,0.829,0.876,0.898,0.912,0.929,0.933,0.941,0.949]

Epoch: [120][0/391], lr: 0.01000	Loss 0.2269 (0.2269)	Prec@1 92.969 (92.969)	Prec@5 100.000 (100.000)
Epoch: [120][10/391], lr: 0.01000	Loss 0.5066 (0.3326)	Prec@1 80.469 (89.134)	Prec@5 100.000 (99.858)
Epoch: [120][20/391], lr: 0.01000	Loss 0.3760 (0.3284)	Prec@1 85.938 (88.988)	Prec@5 100.000 (99.777)
Epoch: [120][30/391], lr: 0.01000	Loss 0.3659 (0.3459)	Prec@1 86.719 (88.180)	Prec@5 100.000 (99.748)
Epoch: [120][40/391], lr: 0.01000	Loss 0.4096 (0.3520)	Prec@1 86.719 (88.110)	Prec@5 100.000 (99.771)
Epoch: [120][50/391], lr: 0.01000	Loss 0.3626 (0.3509)	Prec@1 85.938 (88.128)	Prec@5 99.219 (99.755)
Epoch: [120][60/391], lr: 0.01000	Loss 0.4156 (0.3492)	Prec@1 85.938 (88.243)	Prec@5 99.219 (99.769)
Epoch: [120][70/391], lr: 0.01000	Loss 0.4849 (0.3531)	Prec@1 83.594 (88.083)	Prec@5 99.219 (99.758)
Epoch: [120][80/391], lr: 0.01000	Loss 0.3613 (0.3552)	Prec@1 92.188 (88.069)	Prec@5 99.219 (99.711)
Epoch: [120][90/391], lr: 0.01000	Loss 0.2932 (0.3536)	Prec@1 89.844 (88.101)	Prec@5 100.000 (99.717)
Epoch: [120][100/391], lr: 0.01000	Loss 0.2476 (0.3492)	Prec@1 89.062 (88.281)	Prec@5 100.000 (99.706)
Epoch: [120][110/391], lr: 0.01000	Loss 0.2974 (0.3446)	Prec@1 92.188 (88.485)	Prec@5 100.000 (99.718)
Epoch: [120][120/391], lr: 0.01000	Loss 0.1541 (0.3395)	Prec@1 97.656 (88.714)	Prec@5 100.000 (99.729)
Epoch: [120][130/391], lr: 0.01000	Loss 0.2261 (0.3350)	Prec@1 92.188 (88.794)	Prec@5 100.000 (99.744)
Epoch: [120][140/391], lr: 0.01000	Loss 0.3684 (0.3302)	Prec@1 89.062 (88.930)	Prec@5 100.000 (99.762)
Epoch: [120][150/391], lr: 0.01000	Loss 0.2523 (0.3275)	Prec@1 89.844 (88.902)	Prec@5 100.000 (99.772)
Epoch: [120][160/391], lr: 0.01000	Loss 0.2594 (0.3242)	Prec@1 89.844 (88.999)	Prec@5 99.219 (99.777)
Epoch: [120][170/391], lr: 0.01000	Loss 0.3215 (0.3228)	Prec@1 90.625 (89.076)	Prec@5 100.000 (99.781)
Epoch: [120][180/391], lr: 0.01000	Loss 0.3315 (0.3209)	Prec@1 86.719 (89.110)	Prec@5 100.000 (99.780)
Epoch: [120][190/391], lr: 0.01000	Loss 0.2672 (0.3217)	Prec@1 89.062 (89.079)	Prec@5 100.000 (99.767)
Epoch: [120][200/391], lr: 0.01000	Loss 0.3284 (0.3242)	Prec@1 88.281 (89.004)	Prec@5 100.000 (99.771)
Epoch: [120][210/391], lr: 0.01000	Loss 0.3531 (0.3257)	Prec@1 88.281 (89.000)	Prec@5 99.219 (99.756)
Epoch: [120][220/391], lr: 0.01000	Loss 0.4540 (0.3273)	Prec@1 85.156 (88.925)	Prec@5 100.000 (99.760)
Epoch: [120][230/391], lr: 0.01000	Loss 0.3018 (0.3310)	Prec@1 91.406 (88.826)	Prec@5 100.000 (99.756)
Epoch: [120][240/391], lr: 0.01000	Loss 0.3717 (0.3339)	Prec@1 88.281 (88.748)	Prec@5 100.000 (99.763)
Epoch: [120][250/391], lr: 0.01000	Loss 0.2598 (0.3367)	Prec@1 90.625 (88.677)	Prec@5 100.000 (99.757)
Epoch: [120][260/391], lr: 0.01000	Loss 0.3904 (0.3392)	Prec@1 87.500 (88.602)	Prec@5 100.000 (99.758)
Epoch: [120][270/391], lr: 0.01000	Loss 0.4395 (0.3395)	Prec@1 85.156 (88.598)	Prec@5 100.000 (99.755)
Epoch: [120][280/391], lr: 0.01000	Loss 0.2969 (0.3397)	Prec@1 89.844 (88.615)	Prec@5 100.000 (99.753)
Epoch: [120][290/391], lr: 0.01000	Loss 0.4245 (0.3401)	Prec@1 82.812 (88.590)	Prec@5 99.219 (99.750)
Epoch: [120][300/391], lr: 0.01000	Loss 0.3595 (0.3406)	Prec@1 89.844 (88.562)	Prec@5 100.000 (99.756)
Epoch: [120][310/391], lr: 0.01000	Loss 0.2968 (0.3406)	Prec@1 91.406 (88.583)	Prec@5 100.000 (99.754)
Epoch: [120][320/391], lr: 0.01000	Loss 0.4347 (0.3415)	Prec@1 85.938 (88.581)	Prec@5 100.000 (99.752)
Epoch: [120][330/391], lr: 0.01000	Loss 0.3418 (0.3415)	Prec@1 92.188 (88.605)	Prec@5 98.438 (99.750)
Epoch: [120][340/391], lr: 0.01000	Loss 0.3598 (0.3419)	Prec@1 87.500 (88.588)	Prec@5 99.219 (99.750)
Epoch: [120][350/391], lr: 0.01000	Loss 0.2460 (0.3414)	Prec@1 92.188 (88.600)	Prec@5 100.000 (99.746)
Epoch: [120][360/391], lr: 0.01000	Loss 0.3667 (0.3408)	Prec@1 91.406 (88.621)	Prec@5 99.219 (99.745)
Epoch: [120][370/391], lr: 0.01000	Loss 0.3183 (0.3408)	Prec@1 89.844 (88.631)	Prec@5 100.000 (99.749)
Epoch: [120][380/391], lr: 0.01000	Loss 0.3192 (0.3403)	Prec@1 89.844 (88.675)	Prec@5 100.000 (99.746)
Epoch: [120][390/391], lr: 0.01000	Loss 0.4212 (0.3405)	Prec@1 83.750 (88.666)	Prec@5 100.000 (99.748)
Epoch [120] Training Results: Prec@1 88.666 Prec@5 99.748             Loss 0.34054
Epoch [120] Training Class Recall: [0.789,0.846,0.826,0.869,0.896,0.904,0.928,0.925,0.940,0.943]

Epoch: [121][0/391], lr: 0.01000	Loss 0.2989 (0.2989)	Prec@1 91.406 (91.406)	Prec@5 100.000 (100.000)
Epoch: [121][10/391], lr: 0.01000	Loss 0.2603 (0.2902)	Prec@1 90.625 (89.844)	Prec@5 100.000 (99.929)
Epoch: [121][20/391], lr: 0.01000	Loss 0.2693 (0.3012)	Prec@1 89.844 (89.583)	Prec@5 100.000 (99.963)
Epoch: [121][30/391], lr: 0.01000	Loss 0.3384 (0.2986)	Prec@1 88.281 (89.970)	Prec@5 99.219 (99.849)
Epoch: [121][40/391], lr: 0.01000	Loss 0.3578 (0.2884)	Prec@1 86.719 (90.339)	Prec@5 100.000 (99.867)
Epoch: [121][50/391], lr: 0.01000	Loss 0.3669 (0.2886)	Prec@1 88.281 (90.365)	Prec@5 99.219 (99.877)
Epoch: [121][60/391], lr: 0.01000	Loss 0.2823 (0.2829)	Prec@1 92.969 (90.651)	Prec@5 100.000 (99.898)
Epoch: [121][70/391], lr: 0.01000	Loss 0.3132 (0.2881)	Prec@1 89.062 (90.504)	Prec@5 100.000 (99.901)
Epoch: [121][80/391], lr: 0.01000	Loss 0.3955 (0.2901)	Prec@1 87.500 (90.384)	Prec@5 99.219 (99.894)
Epoch: [121][90/391], lr: 0.01000	Loss 0.3610 (0.2946)	Prec@1 89.844 (90.161)	Prec@5 100.000 (99.897)
Epoch: [121][100/391], lr: 0.01000	Loss 0.3484 (0.2964)	Prec@1 89.844 (90.053)	Prec@5 100.000 (99.861)
Epoch: [121][110/391], lr: 0.01000	Loss 0.2626 (0.3014)	Prec@1 89.844 (89.914)	Prec@5 100.000 (99.859)
Epoch: [121][120/391], lr: 0.01000	Loss 0.3771 (0.3030)	Prec@1 87.500 (89.902)	Prec@5 99.219 (99.858)
Epoch: [121][130/391], lr: 0.01000	Loss 0.2959 (0.3054)	Prec@1 89.062 (89.766)	Prec@5 99.219 (99.845)
Epoch: [121][140/391], lr: 0.01000	Loss 0.3169 (0.3065)	Prec@1 89.062 (89.678)	Prec@5 100.000 (99.850)
Epoch: [121][150/391], lr: 0.01000	Loss 0.4206 (0.3086)	Prec@1 89.062 (89.637)	Prec@5 100.000 (99.840)
Epoch: [121][160/391], lr: 0.01000	Loss 0.3349 (0.3096)	Prec@1 85.938 (89.669)	Prec@5 100.000 (99.835)
Epoch: [121][170/391], lr: 0.01000	Loss 0.1712 (0.3106)	Prec@1 93.750 (89.679)	Prec@5 100.000 (99.826)
Epoch: [121][180/391], lr: 0.01000	Loss 0.3746 (0.3119)	Prec@1 89.844 (89.632)	Prec@5 100.000 (99.832)
Epoch: [121][190/391], lr: 0.01000	Loss 0.2820 (0.3140)	Prec@1 92.969 (89.570)	Prec@5 100.000 (99.824)
Epoch: [121][200/391], lr: 0.01000	Loss 0.3236 (0.3170)	Prec@1 86.719 (89.443)	Prec@5 99.219 (99.817)
Epoch: [121][210/391], lr: 0.01000	Loss 0.2485 (0.3187)	Prec@1 91.406 (89.355)	Prec@5 100.000 (99.815)
Epoch: [121][220/391], lr: 0.01000	Loss 0.4419 (0.3187)	Prec@1 85.156 (89.363)	Prec@5 99.219 (99.813)
Epoch: [121][230/391], lr: 0.01000	Loss 0.3359 (0.3215)	Prec@1 86.719 (89.232)	Prec@5 100.000 (99.817)
Epoch: [121][240/391], lr: 0.01000	Loss 0.2787 (0.3245)	Prec@1 91.406 (89.144)	Prec@5 100.000 (99.815)
Epoch: [121][250/391], lr: 0.01000	Loss 0.5035 (0.3284)	Prec@1 84.375 (89.044)	Prec@5 98.438 (99.804)
Epoch: [121][260/391], lr: 0.01000	Loss 0.3805 (0.3293)	Prec@1 86.719 (89.018)	Prec@5 100.000 (99.808)
Epoch: [121][270/391], lr: 0.01000	Loss 0.4150 (0.3307)	Prec@1 82.031 (88.979)	Prec@5 100.000 (99.790)
Epoch: [121][280/391], lr: 0.01000	Loss 0.3207 (0.3318)	Prec@1 89.844 (88.968)	Prec@5 100.000 (99.794)
Epoch: [121][290/391], lr: 0.01000	Loss 0.3070 (0.3321)	Prec@1 90.625 (88.955)	Prec@5 100.000 (99.791)
Epoch: [121][300/391], lr: 0.01000	Loss 0.4223 (0.3323)	Prec@1 89.062 (88.946)	Prec@5 98.438 (99.792)
Epoch: [121][310/391], lr: 0.01000	Loss 0.3573 (0.3332)	Prec@1 87.500 (88.909)	Prec@5 100.000 (99.794)
Epoch: [121][320/391], lr: 0.01000	Loss 0.3384 (0.3335)	Prec@1 89.062 (88.914)	Prec@5 99.219 (99.798)
Epoch: [121][330/391], lr: 0.01000	Loss 0.3232 (0.3330)	Prec@1 87.500 (88.919)	Prec@5 100.000 (99.799)
Epoch: [121][340/391], lr: 0.01000	Loss 0.3326 (0.3330)	Prec@1 89.844 (88.916)	Prec@5 99.219 (99.796)
Epoch: [121][350/391], lr: 0.01000	Loss 0.3735 (0.3332)	Prec@1 86.719 (88.918)	Prec@5 100.000 (99.795)
Epoch: [121][360/391], lr: 0.01000	Loss 0.3287 (0.3334)	Prec@1 88.281 (88.915)	Prec@5 100.000 (99.794)
Epoch: [121][370/391], lr: 0.01000	Loss 0.3691 (0.3339)	Prec@1 89.062 (88.886)	Prec@5 99.219 (99.789)
Epoch: [121][380/391], lr: 0.01000	Loss 0.2096 (0.3337)	Prec@1 94.531 (88.886)	Prec@5 100.000 (99.789)
Epoch: [121][390/391], lr: 0.01000	Loss 0.4435 (0.3344)	Prec@1 88.750 (88.828)	Prec@5 97.500 (99.786)
Epoch [121] Training Results: Prec@1 88.828 Prec@5 99.786             Loss 0.33441
Epoch [121] Training Class Recall: [0.787,0.848,0.834,0.868,0.898,0.904,0.933,0.928,0.938,0.945]

Epoch: [122][0/391], lr: 0.01000	Loss 0.3004 (0.3004)	Prec@1 89.062 (89.062)	Prec@5 100.000 (100.000)
Epoch: [122][10/391], lr: 0.01000	Loss 0.4086 (0.3596)	Prec@1 85.156 (87.500)	Prec@5 100.000 (99.574)
Epoch: [122][20/391], lr: 0.01000	Loss 0.3227 (0.3420)	Prec@1 89.062 (88.318)	Prec@5 100.000 (99.702)
Epoch: [122][30/391], lr: 0.01000	Loss 0.4177 (0.3453)	Prec@1 86.719 (88.306)	Prec@5 99.219 (99.698)
Epoch: [122][40/391], lr: 0.01000	Loss 0.2880 (0.3466)	Prec@1 87.500 (88.243)	Prec@5 100.000 (99.676)
Epoch: [122][50/391], lr: 0.01000	Loss 0.3811 (0.3464)	Prec@1 87.500 (88.343)	Prec@5 99.219 (99.663)
Epoch: [122][60/391], lr: 0.01000	Loss 0.2143 (0.3423)	Prec@1 92.969 (88.576)	Prec@5 99.219 (99.667)
Epoch: [122][70/391], lr: 0.01000	Loss 0.2941 (0.3446)	Prec@1 88.281 (88.545)	Prec@5 100.000 (99.681)
Epoch: [122][80/391], lr: 0.01000	Loss 0.1152 (0.3367)	Prec@1 95.312 (88.706)	Prec@5 100.000 (99.691)
Epoch: [122][90/391], lr: 0.01000	Loss 0.2920 (0.3353)	Prec@1 90.625 (88.693)	Prec@5 100.000 (99.725)
Epoch: [122][100/391], lr: 0.01000	Loss 0.2317 (0.3293)	Prec@1 89.062 (88.784)	Prec@5 100.000 (99.752)
Epoch: [122][110/391], lr: 0.01000	Loss 0.4025 (0.3314)	Prec@1 87.500 (88.732)	Prec@5 100.000 (99.733)
Epoch: [122][120/391], lr: 0.01000	Loss 0.3560 (0.3294)	Prec@1 87.500 (88.798)	Prec@5 99.219 (99.735)
Epoch: [122][130/391], lr: 0.01000	Loss 0.3536 (0.3297)	Prec@1 89.062 (88.794)	Prec@5 100.000 (99.744)
Epoch: [122][140/391], lr: 0.01000	Loss 0.4287 (0.3289)	Prec@1 89.062 (88.891)	Prec@5 100.000 (99.740)
Epoch: [122][150/391], lr: 0.01000	Loss 0.2630 (0.3279)	Prec@1 91.406 (88.881)	Prec@5 100.000 (99.752)
Epoch: [122][160/391], lr: 0.01000	Loss 0.4155 (0.3288)	Prec@1 85.156 (88.839)	Prec@5 99.219 (99.757)
Epoch: [122][170/391], lr: 0.01000	Loss 0.4138 (0.3299)	Prec@1 86.719 (88.784)	Prec@5 100.000 (99.753)
Epoch: [122][180/391], lr: 0.01000	Loss 0.3863 (0.3333)	Prec@1 87.500 (88.652)	Prec@5 100.000 (99.745)
Epoch: [122][190/391], lr: 0.01000	Loss 0.3009 (0.3341)	Prec@1 92.969 (88.637)	Prec@5 100.000 (99.750)
Epoch: [122][200/391], lr: 0.01000	Loss 0.3444 (0.3365)	Prec@1 89.062 (88.623)	Prec@5 100.000 (99.747)
Epoch: [122][210/391], lr: 0.01000	Loss 0.3127 (0.3377)	Prec@1 87.500 (88.603)	Prec@5 100.000 (99.752)
Epoch: [122][220/391], lr: 0.01000	Loss 0.2976 (0.3361)	Prec@1 88.281 (88.663)	Prec@5 100.000 (99.756)
Epoch: [122][230/391], lr: 0.01000	Loss 0.3052 (0.3374)	Prec@1 90.625 (88.582)	Prec@5 99.219 (99.750)
Epoch: [122][240/391], lr: 0.01000	Loss 0.3624 (0.3371)	Prec@1 88.281 (88.596)	Prec@5 99.219 (99.750)
Epoch: [122][250/391], lr: 0.01000	Loss 0.3001 (0.3360)	Prec@1 90.625 (88.627)	Prec@5 100.000 (99.748)
Epoch: [122][260/391], lr: 0.01000	Loss 0.3587 (0.3357)	Prec@1 84.375 (88.619)	Prec@5 100.000 (99.752)
Epoch: [122][270/391], lr: 0.01000	Loss 0.2533 (0.3350)	Prec@1 90.625 (88.653)	Prec@5 100.000 (99.755)
Epoch: [122][280/391], lr: 0.01000	Loss 0.2886 (0.3350)	Prec@1 89.844 (88.651)	Prec@5 100.000 (99.755)
Epoch: [122][290/391], lr: 0.01000	Loss 0.2633 (0.3349)	Prec@1 89.844 (88.668)	Prec@5 99.219 (99.748)
Epoch: [122][300/391], lr: 0.01000	Loss 0.4990 (0.3358)	Prec@1 84.375 (88.647)	Prec@5 100.000 (99.751)
Epoch: [122][310/391], lr: 0.01000	Loss 0.3500 (0.3363)	Prec@1 89.062 (88.615)	Prec@5 100.000 (99.744)
Epoch: [122][320/391], lr: 0.01000	Loss 0.4679 (0.3375)	Prec@1 83.594 (88.554)	Prec@5 100.000 (99.742)
Epoch: [122][330/391], lr: 0.01000	Loss 0.3811 (0.3397)	Prec@1 89.844 (88.477)	Prec@5 99.219 (99.745)
Epoch: [122][340/391], lr: 0.01000	Loss 0.4130 (0.3408)	Prec@1 88.281 (88.448)	Prec@5 100.000 (99.737)
Epoch: [122][350/391], lr: 0.01000	Loss 0.3274 (0.3409)	Prec@1 90.625 (88.457)	Prec@5 100.000 (99.735)
Epoch: [122][360/391], lr: 0.01000	Loss 0.3231 (0.3408)	Prec@1 89.844 (88.467)	Prec@5 99.219 (99.732)
Epoch: [122][370/391], lr: 0.01000	Loss 0.3164 (0.3402)	Prec@1 87.500 (88.502)	Prec@5 100.000 (99.737)
Epoch: [122][380/391], lr: 0.01000	Loss 0.3841 (0.3402)	Prec@1 87.500 (88.519)	Prec@5 99.219 (99.738)
Epoch: [122][390/391], lr: 0.01000	Loss 0.3101 (0.3407)	Prec@1 90.000 (88.486)	Prec@5 97.500 (99.730)
Epoch [122] Training Results: Prec@1 88.486 Prec@5 99.730             Loss 0.34073
Epoch [122] Training Class Recall: [0.783,0.841,0.830,0.858,0.899,0.903,0.927,0.923,0.943,0.941]

Epoch: [123][0/391], lr: 0.01000	Loss 0.3941 (0.3941)	Prec@1 89.844 (89.844)	Prec@5 100.000 (100.000)
Epoch: [123][10/391], lr: 0.01000	Loss 0.4221 (0.3504)	Prec@1 84.375 (88.494)	Prec@5 100.000 (99.929)
Epoch: [123][20/391], lr: 0.01000	Loss 0.2688 (0.3248)	Prec@1 91.406 (89.137)	Prec@5 100.000 (99.814)
Epoch: [123][30/391], lr: 0.01000	Loss 0.2407 (0.3187)	Prec@1 94.531 (89.642)	Prec@5 100.000 (99.874)
Epoch: [123][40/391], lr: 0.01000	Loss 0.3053 (0.3030)	Prec@1 93.750 (90.301)	Prec@5 98.438 (99.848)
Epoch: [123][50/391], lr: 0.01000	Loss 0.2281 (0.3016)	Prec@1 89.844 (90.288)	Prec@5 100.000 (99.877)
Epoch: [123][60/391], lr: 0.01000	Loss 0.1922 (0.2974)	Prec@1 95.312 (90.394)	Prec@5 99.219 (99.872)
Epoch: [123][70/391], lr: 0.01000	Loss 0.3290 (0.2975)	Prec@1 92.969 (90.339)	Prec@5 99.219 (99.868)
Epoch: [123][80/391], lr: 0.01000	Loss 0.3817 (0.2975)	Prec@1 87.500 (90.432)	Prec@5 100.000 (99.817)
Epoch: [123][90/391], lr: 0.01000	Loss 0.3517 (0.2979)	Prec@1 89.062 (90.436)	Prec@5 100.000 (99.828)
Epoch: [123][100/391], lr: 0.01000	Loss 0.2471 (0.3002)	Prec@1 88.281 (90.300)	Prec@5 100.000 (99.830)
Epoch: [123][110/391], lr: 0.01000	Loss 0.4228 (0.3053)	Prec@1 86.719 (90.104)	Prec@5 100.000 (99.803)
Epoch: [123][120/391], lr: 0.01000	Loss 0.3439 (0.3102)	Prec@1 92.188 (90.037)	Prec@5 99.219 (99.780)
Epoch: [123][130/391], lr: 0.01000	Loss 0.3671 (0.3176)	Prec@1 89.844 (89.808)	Prec@5 99.219 (99.761)
Epoch: [123][140/391], lr: 0.01000	Loss 0.4366 (0.3192)	Prec@1 88.281 (89.727)	Prec@5 99.219 (99.756)
Epoch: [123][150/391], lr: 0.01000	Loss 0.2786 (0.3188)	Prec@1 92.188 (89.709)	Prec@5 98.438 (99.757)
Epoch: [123][160/391], lr: 0.01000	Loss 0.3559 (0.3202)	Prec@1 88.281 (89.625)	Prec@5 100.000 (99.767)
Epoch: [123][170/391], lr: 0.01000	Loss 0.2178 (0.3189)	Prec@1 92.969 (89.588)	Prec@5 99.219 (99.767)
Epoch: [123][180/391], lr: 0.01000	Loss 0.4854 (0.3192)	Prec@1 83.594 (89.542)	Prec@5 99.219 (99.771)
Epoch: [123][190/391], lr: 0.01000	Loss 0.3105 (0.3207)	Prec@1 89.062 (89.517)	Prec@5 99.219 (99.771)
Epoch: [123][200/391], lr: 0.01000	Loss 0.4131 (0.3231)	Prec@1 89.062 (89.475)	Prec@5 99.219 (99.767)
Epoch: [123][210/391], lr: 0.01000	Loss 0.3618 (0.3239)	Prec@1 89.844 (89.422)	Prec@5 100.000 (99.770)
Epoch: [123][220/391], lr: 0.01000	Loss 0.2938 (0.3225)	Prec@1 88.281 (89.462)	Prec@5 100.000 (99.774)
Epoch: [123][230/391], lr: 0.01000	Loss 0.1809 (0.3198)	Prec@1 96.094 (89.566)	Prec@5 99.219 (99.773)
Epoch: [123][240/391], lr: 0.01000	Loss 0.3422 (0.3168)	Prec@1 85.938 (89.656)	Prec@5 99.219 (99.780)
Epoch: [123][250/391], lr: 0.01000	Loss 0.3067 (0.3160)	Prec@1 89.844 (89.666)	Prec@5 99.219 (99.770)
Epoch: [123][260/391], lr: 0.01000	Loss 0.3746 (0.3161)	Prec@1 87.500 (89.637)	Prec@5 100.000 (99.773)
Epoch: [123][270/391], lr: 0.01000	Loss 0.2911 (0.3158)	Prec@1 89.844 (89.645)	Prec@5 99.219 (99.769)
Epoch: [123][280/391], lr: 0.01000	Loss 0.2559 (0.3155)	Prec@1 94.531 (89.652)	Prec@5 99.219 (99.761)
Epoch: [123][290/391], lr: 0.01000	Loss 0.2351 (0.3152)	Prec@1 92.969 (89.645)	Prec@5 99.219 (99.764)
Epoch: [123][300/391], lr: 0.01000	Loss 0.3124 (0.3151)	Prec@1 88.281 (89.657)	Prec@5 99.219 (99.759)
Epoch: [123][310/391], lr: 0.01000	Loss 0.2575 (0.3138)	Prec@1 89.844 (89.718)	Prec@5 100.000 (99.761)
Epoch: [123][320/391], lr: 0.01000	Loss 0.3792 (0.3141)	Prec@1 88.281 (89.710)	Prec@5 100.000 (99.761)
Epoch: [123][330/391], lr: 0.01000	Loss 0.2644 (0.3145)	Prec@1 91.406 (89.655)	Prec@5 99.219 (99.764)
Epoch: [123][340/391], lr: 0.01000	Loss 0.2960 (0.3148)	Prec@1 89.062 (89.651)	Prec@5 100.000 (99.771)
Epoch: [123][350/391], lr: 0.01000	Loss 0.5831 (0.3160)	Prec@1 80.469 (89.621)	Prec@5 99.219 (99.773)
Epoch: [123][360/391], lr: 0.01000	Loss 0.2818 (0.3164)	Prec@1 89.844 (89.606)	Prec@5 100.000 (99.764)
Epoch: [123][370/391], lr: 0.01000	Loss 0.2441 (0.3153)	Prec@1 89.844 (89.637)	Prec@5 99.219 (99.760)
Epoch: [123][380/391], lr: 0.01000	Loss 0.2589 (0.3153)	Prec@1 91.406 (89.645)	Prec@5 99.219 (99.760)
Epoch: [123][390/391], lr: 0.01000	Loss 0.2106 (0.3146)	Prec@1 90.000 (89.658)	Prec@5 100.000 (99.762)
Epoch [123] Training Results: Prec@1 89.658 Prec@5 99.762             Loss 0.31457
Epoch [123] Training Class Recall: [0.797,0.856,0.844,0.877,0.909,0.914,0.932,0.934,0.947,0.955]

Epoch: [124][0/391], lr: 0.01000	Loss 0.1987 (0.1987)	Prec@1 94.531 (94.531)	Prec@5 100.000 (100.000)
Epoch: [124][10/391], lr: 0.01000	Loss 0.3200 (0.2929)	Prec@1 89.844 (91.122)	Prec@5 99.219 (99.929)
Epoch: [124][20/391], lr: 0.01000	Loss 0.2926 (0.2983)	Prec@1 92.188 (91.071)	Prec@5 100.000 (99.851)
Epoch: [124][30/391], lr: 0.01000	Loss 0.3043 (0.2753)	Prec@1 89.844 (91.608)	Prec@5 100.000 (99.874)
Epoch: [124][40/391], lr: 0.01000	Loss 0.3606 (0.2878)	Prec@1 88.281 (91.044)	Prec@5 100.000 (99.828)
Epoch: [124][50/391], lr: 0.01000	Loss 0.2374 (0.2904)	Prec@1 92.188 (90.855)	Prec@5 100.000 (99.847)
Epoch: [124][60/391], lr: 0.01000	Loss 0.2769 (0.2990)	Prec@1 92.188 (90.587)	Prec@5 100.000 (99.846)
Epoch: [124][70/391], lr: 0.01000	Loss 0.2597 (0.3064)	Prec@1 93.750 (90.306)	Prec@5 100.000 (99.857)
Epoch: [124][80/391], lr: 0.01000	Loss 0.5091 (0.3178)	Prec@1 85.938 (89.921)	Prec@5 99.219 (99.846)
Epoch: [124][90/391], lr: 0.01000	Loss 0.4317 (0.3259)	Prec@1 86.719 (89.526)	Prec@5 98.438 (99.837)
Epoch: [124][100/391], lr: 0.01000	Loss 0.3364 (0.3318)	Prec@1 89.062 (89.372)	Prec@5 100.000 (99.814)
Epoch: [124][110/391], lr: 0.01000	Loss 0.3852 (0.3397)	Prec@1 89.062 (89.126)	Prec@5 100.000 (99.789)
Epoch: [124][120/391], lr: 0.01000	Loss 0.4455 (0.3426)	Prec@1 86.719 (88.991)	Prec@5 98.438 (99.755)
Epoch: [124][130/391], lr: 0.01000	Loss 0.3728 (0.3443)	Prec@1 86.719 (88.890)	Prec@5 100.000 (99.755)
Epoch: [124][140/391], lr: 0.01000	Loss 0.3054 (0.3455)	Prec@1 89.844 (88.857)	Prec@5 100.000 (99.745)
Epoch: [124][150/391], lr: 0.01000	Loss 0.3148 (0.3432)	Prec@1 84.375 (88.856)	Prec@5 100.000 (99.752)
Epoch: [124][160/391], lr: 0.01000	Loss 0.4439 (0.3432)	Prec@1 85.156 (88.820)	Prec@5 100.000 (99.767)
Epoch: [124][170/391], lr: 0.01000	Loss 0.3567 (0.3438)	Prec@1 88.281 (88.766)	Prec@5 99.219 (99.767)
Epoch: [124][180/391], lr: 0.01000	Loss 0.2781 (0.3412)	Prec@1 89.844 (88.773)	Prec@5 100.000 (99.776)
Epoch: [124][190/391], lr: 0.01000	Loss 0.3822 (0.3399)	Prec@1 85.156 (88.809)	Prec@5 99.219 (99.779)
Epoch: [124][200/391], lr: 0.01000	Loss 0.3261 (0.3384)	Prec@1 90.625 (88.888)	Prec@5 100.000 (99.771)
Epoch: [124][210/391], lr: 0.01000	Loss 0.3071 (0.3383)	Prec@1 89.062 (88.844)	Prec@5 100.000 (99.770)
Epoch: [124][220/391], lr: 0.01000	Loss 0.3789 (0.3375)	Prec@1 88.281 (88.854)	Prec@5 100.000 (99.774)
Epoch: [124][230/391], lr: 0.01000	Loss 0.3689 (0.3368)	Prec@1 85.938 (88.904)	Prec@5 100.000 (99.773)
Epoch: [124][240/391], lr: 0.01000	Loss 0.2117 (0.3369)	Prec@1 92.188 (88.910)	Prec@5 100.000 (99.770)
Epoch: [124][250/391], lr: 0.01000	Loss 0.3943 (0.3358)	Prec@1 89.844 (88.963)	Prec@5 99.219 (99.767)
Epoch: [124][260/391], lr: 0.01000	Loss 0.3267 (0.3346)	Prec@1 88.281 (89.003)	Prec@5 100.000 (99.775)
Epoch: [124][270/391], lr: 0.01000	Loss 0.2963 (0.3335)	Prec@1 89.062 (89.028)	Prec@5 99.219 (99.775)
Epoch: [124][280/391], lr: 0.01000	Loss 0.3462 (0.3333)	Prec@1 88.281 (89.040)	Prec@5 99.219 (99.766)
Epoch: [124][290/391], lr: 0.01000	Loss 0.3855 (0.3340)	Prec@1 87.500 (88.977)	Prec@5 99.219 (99.764)
Epoch: [124][300/391], lr: 0.01000	Loss 0.3735 (0.3334)	Prec@1 86.719 (89.003)	Prec@5 98.438 (99.759)
Epoch: [124][310/391], lr: 0.01000	Loss 0.3506 (0.3327)	Prec@1 89.844 (89.002)	Prec@5 100.000 (99.766)
Epoch: [124][320/391], lr: 0.01000	Loss 0.3244 (0.3322)	Prec@1 89.844 (89.014)	Prec@5 100.000 (99.771)
Epoch: [124][330/391], lr: 0.01000	Loss 0.2942 (0.3314)	Prec@1 89.062 (89.020)	Prec@5 100.000 (99.773)
Epoch: [124][340/391], lr: 0.01000	Loss 0.3339 (0.3310)	Prec@1 89.062 (89.019)	Prec@5 99.219 (99.778)
Epoch: [124][350/391], lr: 0.01000	Loss 0.3482 (0.3305)	Prec@1 91.406 (89.047)	Prec@5 99.219 (99.777)
Epoch: [124][360/391], lr: 0.01000	Loss 0.4885 (0.3310)	Prec@1 80.469 (89.041)	Prec@5 99.219 (99.777)
Epoch: [124][370/391], lr: 0.01000	Loss 0.3241 (0.3327)	Prec@1 88.281 (88.976)	Prec@5 99.219 (99.775)
Epoch: [124][380/391], lr: 0.01000	Loss 0.3518 (0.3333)	Prec@1 89.062 (88.970)	Prec@5 100.000 (99.770)
Epoch: [124][390/391], lr: 0.01000	Loss 0.5378 (0.3345)	Prec@1 75.000 (88.924)	Prec@5 100.000 (99.764)
Epoch [124] Training Results: Prec@1 88.924 Prec@5 99.764             Loss 0.33452
Epoch [124] Training Class Recall: [0.789,0.840,0.834,0.875,0.905,0.915,0.920,0.922,0.944,0.949]

Epoch: [125][0/391], lr: 0.01000	Loss 0.4404 (0.4404)	Prec@1 87.500 (87.500)	Prec@5 99.219 (99.219)
Epoch: [125][10/391], lr: 0.01000	Loss 0.4122 (0.3848)	Prec@1 83.594 (87.145)	Prec@5 100.000 (99.716)
Epoch: [125][20/391], lr: 0.01000	Loss 0.3310 (0.3949)	Prec@1 86.719 (87.016)	Prec@5 100.000 (99.665)
Epoch: [125][30/391], lr: 0.01000	Loss 0.2985 (0.3881)	Prec@1 92.188 (86.946)	Prec@5 99.219 (99.723)
Epoch: [125][40/391], lr: 0.01000	Loss 0.3679 (0.3789)	Prec@1 86.719 (87.329)	Prec@5 100.000 (99.771)
Epoch: [125][50/391], lr: 0.01000	Loss 0.3030 (0.3780)	Prec@1 86.719 (87.439)	Prec@5 100.000 (99.755)
Epoch: [125][60/391], lr: 0.01000	Loss 0.4478 (0.3764)	Prec@1 82.031 (87.385)	Prec@5 100.000 (99.731)
Epoch: [125][70/391], lr: 0.01000	Loss 0.3137 (0.3661)	Prec@1 88.281 (87.599)	Prec@5 100.000 (99.725)
Epoch: [125][80/391], lr: 0.01000	Loss 0.2619 (0.3619)	Prec@1 92.188 (87.799)	Prec@5 99.219 (99.730)
Epoch: [125][90/391], lr: 0.01000	Loss 0.3298 (0.3590)	Prec@1 86.719 (87.912)	Prec@5 100.000 (99.751)
Epoch: [125][100/391], lr: 0.01000	Loss 0.3214 (0.3535)	Prec@1 87.500 (88.119)	Prec@5 100.000 (99.776)
Epoch: [125][110/391], lr: 0.01000	Loss 0.2845 (0.3485)	Prec@1 93.750 (88.239)	Prec@5 100.000 (99.782)
Epoch: [125][120/391], lr: 0.01000	Loss 0.3057 (0.3457)	Prec@1 89.844 (88.372)	Prec@5 100.000 (99.793)
Epoch: [125][130/391], lr: 0.01000	Loss 0.2682 (0.3440)	Prec@1 89.844 (88.424)	Prec@5 100.000 (99.779)
Epoch: [125][140/391], lr: 0.01000	Loss 0.3392 (0.3434)	Prec@1 89.062 (88.475)	Prec@5 100.000 (99.773)
Epoch: [125][150/391], lr: 0.01000	Loss 0.4103 (0.3446)	Prec@1 85.938 (88.426)	Prec@5 98.438 (99.772)
Epoch: [125][160/391], lr: 0.01000	Loss 0.2147 (0.3434)	Prec@1 92.188 (88.524)	Prec@5 100.000 (99.762)
Epoch: [125][170/391], lr: 0.01000	Loss 0.4138 (0.3436)	Prec@1 85.156 (88.523)	Prec@5 99.219 (99.758)
Epoch: [125][180/391], lr: 0.01000	Loss 0.4819 (0.3428)	Prec@1 82.812 (88.488)	Prec@5 98.438 (99.754)
Epoch: [125][190/391], lr: 0.01000	Loss 0.3940 (0.3432)	Prec@1 84.375 (88.506)	Prec@5 100.000 (99.755)
Epoch: [125][200/391], lr: 0.01000	Loss 0.3320 (0.3414)	Prec@1 88.281 (88.573)	Prec@5 99.219 (99.763)
Epoch: [125][210/391], lr: 0.01000	Loss 0.3548 (0.3415)	Prec@1 92.188 (88.592)	Prec@5 100.000 (99.767)
Epoch: [125][220/391], lr: 0.01000	Loss 0.3328 (0.3422)	Prec@1 89.062 (88.582)	Prec@5 100.000 (99.763)
Epoch: [125][230/391], lr: 0.01000	Loss 0.3503 (0.3427)	Prec@1 89.062 (88.596)	Prec@5 100.000 (99.763)
Epoch: [125][240/391], lr: 0.01000	Loss 0.4486 (0.3427)	Prec@1 85.938 (88.644)	Prec@5 99.219 (99.760)
Epoch: [125][250/391], lr: 0.01000	Loss 0.2736 (0.3425)	Prec@1 90.625 (88.642)	Prec@5 100.000 (99.767)
Epoch: [125][260/391], lr: 0.01000	Loss 0.4056 (0.3413)	Prec@1 89.062 (88.694)	Prec@5 100.000 (99.773)
Epoch: [125][270/391], lr: 0.01000	Loss 0.3449 (0.3414)	Prec@1 87.500 (88.679)	Prec@5 100.000 (99.775)
Epoch: [125][280/391], lr: 0.01000	Loss 0.2749 (0.3405)	Prec@1 88.281 (88.687)	Prec@5 100.000 (99.778)
Epoch: [125][290/391], lr: 0.01000	Loss 0.3553 (0.3410)	Prec@1 89.844 (88.676)	Prec@5 99.219 (99.772)
Epoch: [125][300/391], lr: 0.01000	Loss 0.4138 (0.3411)	Prec@1 85.938 (88.699)	Prec@5 99.219 (99.766)
Epoch: [125][310/391], lr: 0.01000	Loss 0.3035 (0.3420)	Prec@1 87.500 (88.653)	Prec@5 100.000 (99.764)
Epoch: [125][320/391], lr: 0.01000	Loss 0.4175 (0.3425)	Prec@1 83.594 (88.629)	Prec@5 100.000 (99.757)
Epoch: [125][330/391], lr: 0.01000	Loss 0.2369 (0.3419)	Prec@1 90.625 (88.666)	Prec@5 100.000 (99.752)
Epoch: [125][340/391], lr: 0.01000	Loss 0.2766 (0.3405)	Prec@1 90.625 (88.687)	Prec@5 100.000 (99.755)
Epoch: [125][350/391], lr: 0.01000	Loss 0.2262 (0.3390)	Prec@1 93.750 (88.722)	Prec@5 100.000 (99.762)
Epoch: [125][360/391], lr: 0.01000	Loss 0.2812 (0.3392)	Prec@1 90.625 (88.718)	Prec@5 100.000 (99.762)
Epoch: [125][370/391], lr: 0.01000	Loss 0.3309 (0.3380)	Prec@1 91.406 (88.772)	Prec@5 100.000 (99.764)
Epoch: [125][380/391], lr: 0.01000	Loss 0.3579 (0.3375)	Prec@1 88.281 (88.796)	Prec@5 99.219 (99.766)
Epoch: [125][390/391], lr: 0.01000	Loss 0.3322 (0.3366)	Prec@1 91.250 (88.840)	Prec@5 100.000 (99.766)
Epoch [125] Training Results: Prec@1 88.840 Prec@5 99.766             Loss 0.33658
Epoch [125] Training Class Recall: [0.792,0.846,0.829,0.867,0.897,0.911,0.925,0.928,0.944,0.945]

Epoch: [126][0/391], lr: 0.01000	Loss 0.3328 (0.3328)	Prec@1 86.719 (86.719)	Prec@5 100.000 (100.000)
Epoch: [126][10/391], lr: 0.01000	Loss 0.3024 (0.3258)	Prec@1 89.844 (88.636)	Prec@5 100.000 (99.787)
Epoch: [126][20/391], lr: 0.01000	Loss 0.3521 (0.3269)	Prec@1 88.281 (89.137)	Prec@5 100.000 (99.814)
Epoch: [126][30/391], lr: 0.01000	Loss 0.3005 (0.3294)	Prec@1 89.844 (89.062)	Prec@5 99.219 (99.698)
Epoch: [126][40/391], lr: 0.01000	Loss 0.4127 (0.3221)	Prec@1 84.375 (89.177)	Prec@5 100.000 (99.733)
Epoch: [126][50/391], lr: 0.01000	Loss 0.2905 (0.3294)	Prec@1 90.625 (89.200)	Prec@5 100.000 (99.663)
Epoch: [126][60/391], lr: 0.01000	Loss 0.3270 (0.3291)	Prec@1 89.844 (89.178)	Prec@5 100.000 (99.693)
Epoch: [126][70/391], lr: 0.01000	Loss 0.3029 (0.3240)	Prec@1 86.719 (89.294)	Prec@5 100.000 (99.736)
Epoch: [126][80/391], lr: 0.01000	Loss 0.2640 (0.3217)	Prec@1 94.531 (89.390)	Prec@5 99.219 (99.740)
Epoch: [126][90/391], lr: 0.01000	Loss 0.2508 (0.3208)	Prec@1 89.844 (89.406)	Prec@5 100.000 (99.734)
Epoch: [126][100/391], lr: 0.01000	Loss 0.2497 (0.3162)	Prec@1 92.969 (89.527)	Prec@5 100.000 (99.752)
Epoch: [126][110/391], lr: 0.01000	Loss 0.3429 (0.3163)	Prec@1 86.719 (89.583)	Prec@5 100.000 (99.761)
Epoch: [126][120/391], lr: 0.01000	Loss 0.4278 (0.3146)	Prec@1 89.062 (89.618)	Prec@5 100.000 (99.755)
Epoch: [126][130/391], lr: 0.01000	Loss 0.2912 (0.3124)	Prec@1 92.969 (89.701)	Prec@5 100.000 (99.773)
Epoch: [126][140/391], lr: 0.01000	Loss 0.3390 (0.3135)	Prec@1 86.719 (89.578)	Prec@5 99.219 (99.773)
Epoch: [126][150/391], lr: 0.01000	Loss 0.2806 (0.3145)	Prec@1 92.188 (89.570)	Prec@5 98.438 (99.757)
Epoch: [126][160/391], lr: 0.01000	Loss 0.3300 (0.3143)	Prec@1 91.406 (89.553)	Prec@5 100.000 (99.753)
Epoch: [126][170/391], lr: 0.01000	Loss 0.3819 (0.3173)	Prec@1 85.156 (89.492)	Prec@5 100.000 (99.749)
Epoch: [126][180/391], lr: 0.01000	Loss 0.3622 (0.3171)	Prec@1 88.281 (89.473)	Prec@5 100.000 (99.754)
Epoch: [126][190/391], lr: 0.01000	Loss 0.2849 (0.3177)	Prec@1 87.500 (89.459)	Prec@5 100.000 (99.746)
Epoch: [126][200/391], lr: 0.01000	Loss 0.3316 (0.3193)	Prec@1 87.500 (89.424)	Prec@5 100.000 (99.755)
Epoch: [126][210/391], lr: 0.01000	Loss 0.3585 (0.3192)	Prec@1 86.719 (89.418)	Prec@5 99.219 (99.752)
Epoch: [126][220/391], lr: 0.01000	Loss 0.2696 (0.3193)	Prec@1 89.844 (89.405)	Prec@5 99.219 (99.756)
Epoch: [126][230/391], lr: 0.01000	Loss 0.3305 (0.3194)	Prec@1 88.281 (89.367)	Prec@5 100.000 (99.760)
Epoch: [126][240/391], lr: 0.01000	Loss 0.3746 (0.3202)	Prec@1 86.719 (89.315)	Prec@5 100.000 (99.770)
Epoch: [126][250/391], lr: 0.01000	Loss 0.4355 (0.3208)	Prec@1 87.500 (89.340)	Prec@5 98.438 (99.767)
Epoch: [126][260/391], lr: 0.01000	Loss 0.1757 (0.3224)	Prec@1 93.750 (89.281)	Prec@5 100.000 (99.761)
Epoch: [126][270/391], lr: 0.01000	Loss 0.3468 (0.3230)	Prec@1 90.625 (89.247)	Prec@5 100.000 (99.769)
Epoch: [126][280/391], lr: 0.01000	Loss 0.2794 (0.3234)	Prec@1 92.188 (89.229)	Prec@5 100.000 (99.775)
Epoch: [126][290/391], lr: 0.01000	Loss 0.2672 (0.3233)	Prec@1 92.969 (89.234)	Prec@5 100.000 (99.774)
Epoch: [126][300/391], lr: 0.01000	Loss 0.4246 (0.3230)	Prec@1 85.156 (89.268)	Prec@5 100.000 (99.779)
Epoch: [126][310/391], lr: 0.01000	Loss 0.2867 (0.3224)	Prec@1 90.625 (89.279)	Prec@5 100.000 (99.784)
Epoch: [126][320/391], lr: 0.01000	Loss 0.3374 (0.3223)	Prec@1 89.844 (89.303)	Prec@5 99.219 (99.781)
Epoch: [126][330/391], lr: 0.01000	Loss 0.4176 (0.3220)	Prec@1 85.156 (89.301)	Prec@5 100.000 (99.783)
Epoch: [126][340/391], lr: 0.01000	Loss 0.2648 (0.3223)	Prec@1 89.062 (89.294)	Prec@5 100.000 (99.787)
Epoch: [126][350/391], lr: 0.01000	Loss 0.3521 (0.3218)	Prec@1 86.719 (89.303)	Prec@5 100.000 (99.786)
Epoch: [126][360/391], lr: 0.01000	Loss 0.4146 (0.3222)	Prec@1 85.938 (89.266)	Prec@5 99.219 (99.786)
Epoch: [126][370/391], lr: 0.01000	Loss 0.3297 (0.3227)	Prec@1 90.625 (89.239)	Prec@5 100.000 (99.785)
Epoch: [126][380/391], lr: 0.01000	Loss 0.4097 (0.3241)	Prec@1 87.500 (89.206)	Prec@5 98.438 (99.776)
Epoch: [126][390/391], lr: 0.01000	Loss 0.5896 (0.3260)	Prec@1 76.250 (89.148)	Prec@5 100.000 (99.772)
Epoch [126] Training Results: Prec@1 89.148 Prec@5 99.772             Loss 0.32603
Epoch [126] Training Class Recall: [0.791,0.845,0.841,0.871,0.908,0.911,0.931,0.930,0.943,0.944]

Epoch: [127][0/391], lr: 0.01000	Loss 0.4336 (0.4336)	Prec@1 85.938 (85.938)	Prec@5 100.000 (100.000)
Epoch: [127][10/391], lr: 0.01000	Loss 0.2710 (0.3455)	Prec@1 94.531 (88.494)	Prec@5 99.219 (99.716)
Epoch: [127][20/391], lr: 0.01000	Loss 0.2835 (0.3394)	Prec@1 88.281 (88.802)	Prec@5 100.000 (99.665)
Epoch: [127][30/391], lr: 0.01000	Loss 0.3703 (0.3359)	Prec@1 85.938 (88.936)	Prec@5 100.000 (99.748)
Epoch: [127][40/391], lr: 0.01000	Loss 0.4091 (0.3465)	Prec@1 88.281 (88.586)	Prec@5 100.000 (99.695)
Epoch: [127][50/391], lr: 0.01000	Loss 0.2430 (0.3454)	Prec@1 91.406 (88.618)	Prec@5 99.219 (99.694)
Epoch: [127][60/391], lr: 0.01000	Loss 0.3140 (0.3313)	Prec@1 90.625 (88.986)	Prec@5 100.000 (99.744)
Epoch: [127][70/391], lr: 0.01000	Loss 0.3361 (0.3296)	Prec@1 90.625 (89.283)	Prec@5 100.000 (99.747)
Epoch: [127][80/391], lr: 0.01000	Loss 0.2599 (0.3281)	Prec@1 89.844 (89.313)	Prec@5 100.000 (99.759)
Epoch: [127][90/391], lr: 0.01000	Loss 0.2494 (0.3256)	Prec@1 92.969 (89.406)	Prec@5 100.000 (99.742)
Epoch: [127][100/391], lr: 0.01000	Loss 0.3137 (0.3245)	Prec@1 89.062 (89.403)	Prec@5 100.000 (99.760)
Epoch: [127][110/391], lr: 0.01000	Loss 0.2403 (0.3258)	Prec@1 92.188 (89.281)	Prec@5 100.000 (99.761)
Epoch: [127][120/391], lr: 0.01000	Loss 0.2736 (0.3255)	Prec@1 89.062 (89.263)	Prec@5 100.000 (99.768)
Epoch: [127][130/391], lr: 0.01000	Loss 0.3315 (0.3256)	Prec@1 88.281 (89.229)	Prec@5 100.000 (99.750)
Epoch: [127][140/391], lr: 0.01000	Loss 0.3212 (0.3260)	Prec@1 90.625 (89.279)	Prec@5 100.000 (99.756)
Epoch: [127][150/391], lr: 0.01000	Loss 0.2870 (0.3241)	Prec@1 90.625 (89.311)	Prec@5 100.000 (99.757)
Epoch: [127][160/391], lr: 0.01000	Loss 0.3988 (0.3243)	Prec@1 85.938 (89.329)	Prec@5 100.000 (99.762)
Epoch: [127][170/391], lr: 0.01000	Loss 0.3879 (0.3248)	Prec@1 89.062 (89.291)	Prec@5 99.219 (99.758)
Epoch: [127][180/391], lr: 0.01000	Loss 0.3698 (0.3266)	Prec@1 88.281 (89.274)	Prec@5 100.000 (99.763)
Epoch: [127][190/391], lr: 0.01000	Loss 0.2885 (0.3252)	Prec@1 94.531 (89.349)	Prec@5 98.438 (99.759)
Epoch: [127][200/391], lr: 0.01000	Loss 0.2092 (0.3250)	Prec@1 94.531 (89.335)	Prec@5 100.000 (99.767)
Epoch: [127][210/391], lr: 0.01000	Loss 0.3113 (0.3246)	Prec@1 89.844 (89.314)	Prec@5 99.219 (99.759)
Epoch: [127][220/391], lr: 0.01000	Loss 0.3839 (0.3261)	Prec@1 86.719 (89.292)	Prec@5 99.219 (99.763)
Epoch: [127][230/391], lr: 0.01000	Loss 0.3142 (0.3265)	Prec@1 89.062 (89.235)	Prec@5 99.219 (99.763)
Epoch: [127][240/391], lr: 0.01000	Loss 0.3695 (0.3284)	Prec@1 85.156 (89.169)	Prec@5 100.000 (99.770)
Epoch: [127][250/391], lr: 0.01000	Loss 0.2438 (0.3284)	Prec@1 91.406 (89.140)	Prec@5 100.000 (99.770)
Epoch: [127][260/391], lr: 0.01000	Loss 0.3784 (0.3283)	Prec@1 89.062 (89.152)	Prec@5 99.219 (99.767)
Epoch: [127][270/391], lr: 0.01000	Loss 0.4868 (0.3279)	Prec@1 85.938 (89.178)	Prec@5 100.000 (99.769)
Epoch: [127][280/391], lr: 0.01000	Loss 0.5570 (0.3274)	Prec@1 85.938 (89.202)	Prec@5 99.219 (99.769)
Epoch: [127][290/391], lr: 0.01000	Loss 0.2731 (0.3271)	Prec@1 89.844 (89.194)	Prec@5 100.000 (99.772)
Epoch: [127][300/391], lr: 0.01000	Loss 0.3308 (0.3276)	Prec@1 89.062 (89.203)	Prec@5 100.000 (99.774)
Epoch: [127][310/391], lr: 0.01000	Loss 0.2371 (0.3258)	Prec@1 90.625 (89.281)	Prec@5 100.000 (99.774)
Epoch: [127][320/391], lr: 0.01000	Loss 0.2181 (0.3248)	Prec@1 92.969 (89.308)	Prec@5 100.000 (99.771)
Epoch: [127][330/391], lr: 0.01000	Loss 0.4412 (0.3239)	Prec@1 89.062 (89.343)	Prec@5 100.000 (99.778)
Epoch: [127][340/391], lr: 0.01000	Loss 0.3269 (0.3240)	Prec@1 87.500 (89.340)	Prec@5 99.219 (99.773)
Epoch: [127][350/391], lr: 0.01000	Loss 0.2546 (0.3227)	Prec@1 89.844 (89.354)	Prec@5 100.000 (99.775)
Epoch: [127][360/391], lr: 0.01000	Loss 0.3351 (0.3229)	Prec@1 90.625 (89.357)	Prec@5 100.000 (99.775)
Epoch: [127][370/391], lr: 0.01000	Loss 0.4752 (0.3236)	Prec@1 82.031 (89.334)	Prec@5 100.000 (99.779)
Epoch: [127][380/391], lr: 0.01000	Loss 0.3536 (0.3229)	Prec@1 84.375 (89.358)	Prec@5 100.000 (99.781)
Epoch: [127][390/391], lr: 0.01000	Loss 0.3888 (0.3236)	Prec@1 86.250 (89.316)	Prec@5 98.750 (99.774)
Epoch [127] Training Results: Prec@1 89.316 Prec@5 99.774             Loss 0.32362
Epoch [127] Training Class Recall: [0.787,0.855,0.839,0.870,0.900,0.918,0.930,0.936,0.942,0.954]

Epoch: [128][0/391], lr: 0.01000	Loss 0.3241 (0.3241)	Prec@1 87.500 (87.500)	Prec@5 100.000 (100.000)
Epoch: [128][10/391], lr: 0.01000	Loss 0.2354 (0.2759)	Prec@1 92.969 (90.696)	Prec@5 100.000 (100.000)
Epoch: [128][20/391], lr: 0.01000	Loss 0.2590 (0.2832)	Prec@1 90.625 (90.327)	Prec@5 100.000 (99.926)
Epoch: [128][30/391], lr: 0.01000	Loss 0.2129 (0.2770)	Prec@1 93.750 (90.625)	Prec@5 100.000 (99.874)
Epoch: [128][40/391], lr: 0.01000	Loss 0.2418 (0.2794)	Prec@1 89.844 (90.568)	Prec@5 100.000 (99.848)
Epoch: [128][50/391], lr: 0.01000	Loss 0.3009 (0.2824)	Prec@1 89.844 (90.518)	Prec@5 100.000 (99.816)
Epoch: [128][60/391], lr: 0.01000	Loss 0.2560 (0.2829)	Prec@1 91.406 (90.458)	Prec@5 100.000 (99.821)
Epoch: [128][70/391], lr: 0.01000	Loss 0.2279 (0.2833)	Prec@1 94.531 (90.526)	Prec@5 100.000 (99.824)
Epoch: [128][80/391], lr: 0.01000	Loss 0.4020 (0.2910)	Prec@1 85.938 (90.287)	Prec@5 99.219 (99.797)
Epoch: [128][90/391], lr: 0.01000	Loss 0.3622 (0.2923)	Prec@1 89.062 (90.204)	Prec@5 99.219 (99.794)
Epoch: [128][100/391], lr: 0.01000	Loss 0.4331 (0.2993)	Prec@1 84.375 (89.968)	Prec@5 99.219 (99.791)
Epoch: [128][110/391], lr: 0.01000	Loss 0.2452 (0.3032)	Prec@1 92.188 (89.872)	Prec@5 100.000 (99.789)
Epoch: [128][120/391], lr: 0.01000	Loss 0.2548 (0.3045)	Prec@1 90.625 (89.857)	Prec@5 100.000 (99.793)
Epoch: [128][130/391], lr: 0.01000	Loss 0.3674 (0.3095)	Prec@1 87.500 (89.593)	Prec@5 100.000 (99.797)
Epoch: [128][140/391], lr: 0.01000	Loss 0.3260 (0.3115)	Prec@1 88.281 (89.578)	Prec@5 100.000 (99.795)
Epoch: [128][150/391], lr: 0.01000	Loss 0.3585 (0.3158)	Prec@1 89.062 (89.492)	Prec@5 100.000 (99.788)
Epoch: [128][160/391], lr: 0.01000	Loss 0.4678 (0.3199)	Prec@1 85.938 (89.397)	Prec@5 100.000 (99.796)
Epoch: [128][170/391], lr: 0.01000	Loss 0.2877 (0.3213)	Prec@1 91.406 (89.350)	Prec@5 100.000 (99.794)
Epoch: [128][180/391], lr: 0.01000	Loss 0.2340 (0.3238)	Prec@1 92.969 (89.227)	Prec@5 99.219 (99.780)
Epoch: [128][190/391], lr: 0.01000	Loss 0.3323 (0.3231)	Prec@1 88.281 (89.214)	Prec@5 99.219 (99.779)
Epoch: [128][200/391], lr: 0.01000	Loss 0.5626 (0.3260)	Prec@1 80.469 (89.105)	Prec@5 98.438 (99.771)
Epoch: [128][210/391], lr: 0.01000	Loss 0.4399 (0.3272)	Prec@1 85.156 (89.029)	Prec@5 100.000 (99.770)
Epoch: [128][220/391], lr: 0.01000	Loss 0.2818 (0.3282)	Prec@1 92.188 (88.978)	Prec@5 100.000 (99.781)
Epoch: [128][230/391], lr: 0.01000	Loss 0.2826 (0.3280)	Prec@1 91.406 (89.025)	Prec@5 100.000 (99.784)
Epoch: [128][240/391], lr: 0.01000	Loss 0.3446 (0.3285)	Prec@1 85.938 (88.981)	Prec@5 100.000 (99.780)
Epoch: [128][250/391], lr: 0.01000	Loss 0.2374 (0.3289)	Prec@1 91.406 (88.972)	Prec@5 100.000 (99.779)
Epoch: [128][260/391], lr: 0.01000	Loss 0.2503 (0.3275)	Prec@1 88.281 (88.997)	Prec@5 100.000 (99.781)
Epoch: [128][270/391], lr: 0.01000	Loss 0.2414 (0.3260)	Prec@1 89.844 (89.039)	Prec@5 100.000 (99.781)
Epoch: [128][280/391], lr: 0.01000	Loss 0.3074 (0.3241)	Prec@1 87.500 (89.096)	Prec@5 100.000 (99.783)
Epoch: [128][290/391], lr: 0.01000	Loss 0.3877 (0.3246)	Prec@1 87.500 (89.073)	Prec@5 100.000 (99.783)
Epoch: [128][300/391], lr: 0.01000	Loss 0.3203 (0.3240)	Prec@1 89.062 (89.091)	Prec@5 100.000 (99.782)
Epoch: [128][310/391], lr: 0.01000	Loss 0.3911 (0.3228)	Prec@1 89.062 (89.140)	Prec@5 100.000 (99.776)
Epoch: [128][320/391], lr: 0.01000	Loss 0.3384 (0.3223)	Prec@1 89.062 (89.157)	Prec@5 100.000 (99.776)
Epoch: [128][330/391], lr: 0.01000	Loss 0.2717 (0.3220)	Prec@1 89.844 (89.181)	Prec@5 100.000 (99.773)
Epoch: [128][340/391], lr: 0.01000	Loss 0.4159 (0.3217)	Prec@1 85.938 (89.175)	Prec@5 100.000 (99.780)
Epoch: [128][350/391], lr: 0.01000	Loss 0.3705 (0.3218)	Prec@1 87.500 (89.163)	Prec@5 99.219 (99.780)
Epoch: [128][360/391], lr: 0.01000	Loss 0.3224 (0.3221)	Prec@1 87.500 (89.151)	Prec@5 100.000 (99.775)
Epoch: [128][370/391], lr: 0.01000	Loss 0.2676 (0.3210)	Prec@1 90.625 (89.168)	Prec@5 100.000 (99.779)
Epoch: [128][380/391], lr: 0.01000	Loss 0.2751 (0.3207)	Prec@1 90.625 (89.171)	Prec@5 100.000 (99.781)
Epoch: [128][390/391], lr: 0.01000	Loss 0.3636 (0.3209)	Prec@1 87.500 (89.172)	Prec@5 100.000 (99.784)
Epoch [128] Training Results: Prec@1 89.172 Prec@5 99.784             Loss 0.32089
Epoch [128] Training Class Recall: [0.801,0.849,0.838,0.867,0.904,0.910,0.929,0.929,0.946,0.944]

Epoch: [129][0/391], lr: 0.01000	Loss 0.2337 (0.2337)	Prec@1 89.844 (89.844)	Prec@5 100.000 (100.000)
Epoch: [129][10/391], lr: 0.01000	Loss 0.4349 (0.3024)	Prec@1 82.812 (90.341)	Prec@5 100.000 (99.716)
Epoch: [129][20/391], lr: 0.01000	Loss 0.2062 (0.2967)	Prec@1 94.531 (89.955)	Prec@5 100.000 (99.814)
Epoch: [129][30/391], lr: 0.01000	Loss 0.2392 (0.2946)	Prec@1 89.844 (90.272)	Prec@5 100.000 (99.874)
Epoch: [129][40/391], lr: 0.01000	Loss 0.2753 (0.3014)	Prec@1 92.188 (90.225)	Prec@5 100.000 (99.848)
Epoch: [129][50/391], lr: 0.01000	Loss 0.3210 (0.3000)	Prec@1 89.844 (90.257)	Prec@5 100.000 (99.877)
Epoch: [129][60/391], lr: 0.01000	Loss 0.5127 (0.3027)	Prec@1 83.594 (90.215)	Prec@5 98.438 (99.846)
Epoch: [129][70/391], lr: 0.01000	Loss 0.2171 (0.3100)	Prec@1 92.188 (89.866)	Prec@5 100.000 (99.846)
Epoch: [129][80/391], lr: 0.01000	Loss 0.3851 (0.3146)	Prec@1 88.281 (89.583)	Prec@5 99.219 (99.855)
Epoch: [129][90/391], lr: 0.01000	Loss 0.2603 (0.3195)	Prec@1 92.188 (89.440)	Prec@5 100.000 (99.828)
Epoch: [129][100/391], lr: 0.01000	Loss 0.3652 (0.3205)	Prec@1 90.625 (89.395)	Prec@5 98.438 (99.807)
Epoch: [129][110/391], lr: 0.01000	Loss 0.3635 (0.3180)	Prec@1 87.500 (89.400)	Prec@5 99.219 (99.810)
Epoch: [129][120/391], lr: 0.01000	Loss 0.3812 (0.3169)	Prec@1 90.625 (89.424)	Prec@5 100.000 (99.800)
Epoch: [129][130/391], lr: 0.01000	Loss 0.2227 (0.3172)	Prec@1 92.188 (89.426)	Prec@5 100.000 (99.803)
Epoch: [129][140/391], lr: 0.01000	Loss 0.3991 (0.3172)	Prec@1 86.719 (89.445)	Prec@5 100.000 (99.812)
Epoch: [129][150/391], lr: 0.01000	Loss 0.3514 (0.3180)	Prec@1 90.625 (89.440)	Prec@5 99.219 (99.798)
Epoch: [129][160/391], lr: 0.01000	Loss 0.2236 (0.3197)	Prec@1 93.750 (89.378)	Prec@5 100.000 (99.777)
Epoch: [129][170/391], lr: 0.01000	Loss 0.3696 (0.3223)	Prec@1 89.062 (89.327)	Prec@5 100.000 (99.776)
Epoch: [129][180/391], lr: 0.01000	Loss 0.3263 (0.3235)	Prec@1 91.406 (89.270)	Prec@5 98.438 (99.776)
Epoch: [129][190/391], lr: 0.01000	Loss 0.3406 (0.3261)	Prec@1 89.844 (89.144)	Prec@5 100.000 (99.779)
Epoch: [129][200/391], lr: 0.01000	Loss 0.2324 (0.3265)	Prec@1 92.188 (89.132)	Prec@5 100.000 (99.775)
Epoch: [129][210/391], lr: 0.01000	Loss 0.2999 (0.3269)	Prec@1 91.406 (89.103)	Prec@5 100.000 (99.774)
Epoch: [129][220/391], lr: 0.01000	Loss 0.3384 (0.3280)	Prec@1 87.500 (89.066)	Prec@5 100.000 (99.774)
Epoch: [129][230/391], lr: 0.01000	Loss 0.4292 (0.3287)	Prec@1 83.594 (88.998)	Prec@5 99.219 (99.763)
Epoch: [129][240/391], lr: 0.01000	Loss 0.4210 (0.3297)	Prec@1 87.500 (88.959)	Prec@5 100.000 (99.760)
Epoch: [129][250/391], lr: 0.01000	Loss 0.2883 (0.3308)	Prec@1 89.062 (88.901)	Prec@5 100.000 (99.754)
Epoch: [129][260/391], lr: 0.01000	Loss 0.3912 (0.3311)	Prec@1 89.844 (88.886)	Prec@5 98.438 (99.746)
Epoch: [129][270/391], lr: 0.01000	Loss 0.3468 (0.3320)	Prec@1 87.500 (88.864)	Prec@5 100.000 (99.749)
Epoch: [129][280/391], lr: 0.01000	Loss 0.3257 (0.3316)	Prec@1 89.844 (88.873)	Prec@5 100.000 (99.758)
Epoch: [129][290/391], lr: 0.01000	Loss 0.3475 (0.3318)	Prec@1 88.281 (88.856)	Prec@5 100.000 (99.756)
Epoch: [129][300/391], lr: 0.01000	Loss 0.2875 (0.3317)	Prec@1 88.281 (88.863)	Prec@5 100.000 (99.746)
Epoch: [129][310/391], lr: 0.01000	Loss 0.2971 (0.3312)	Prec@1 89.062 (88.907)	Prec@5 99.219 (99.744)
Epoch: [129][320/391], lr: 0.01000	Loss 0.3312 (0.3316)	Prec@1 85.156 (88.887)	Prec@5 100.000 (99.742)
Epoch: [129][330/391], lr: 0.01000	Loss 0.3495 (0.3324)	Prec@1 89.844 (88.876)	Prec@5 98.438 (99.740)
Epoch: [129][340/391], lr: 0.01000	Loss 0.3685 (0.3330)	Prec@1 90.625 (88.854)	Prec@5 99.219 (99.746)
Epoch: [129][350/391], lr: 0.01000	Loss 0.2269 (0.3332)	Prec@1 92.188 (88.838)	Prec@5 100.000 (99.740)
Epoch: [129][360/391], lr: 0.01000	Loss 0.2474 (0.3336)	Prec@1 92.969 (88.820)	Prec@5 100.000 (99.740)
Epoch: [129][370/391], lr: 0.01000	Loss 0.3288 (0.3330)	Prec@1 88.281 (88.850)	Prec@5 100.000 (99.743)
Epoch: [129][380/391], lr: 0.01000	Loss 0.4465 (0.3344)	Prec@1 83.594 (88.810)	Prec@5 100.000 (99.744)
Epoch: [129][390/391], lr: 0.01000	Loss 0.2599 (0.3332)	Prec@1 91.250 (88.848)	Prec@5 100.000 (99.742)
Epoch [129] Training Results: Prec@1 88.848 Prec@5 99.742             Loss 0.33325
Epoch [129] Training Class Recall: [0.784,0.845,0.838,0.869,0.898,0.908,0.932,0.926,0.941,0.943]

Epoch: [130][0/391], lr: 0.01000	Loss 0.3383 (0.3383)	Prec@1 89.844 (89.844)	Prec@5 100.000 (100.000)
Epoch: [130][10/391], lr: 0.01000	Loss 0.2356 (0.3000)	Prec@1 92.969 (90.341)	Prec@5 100.000 (99.929)
Epoch: [130][20/391], lr: 0.01000	Loss 0.3143 (0.3099)	Prec@1 89.062 (90.141)	Prec@5 100.000 (99.963)
Epoch: [130][30/391], lr: 0.01000	Loss 0.2653 (0.3083)	Prec@1 92.188 (90.171)	Prec@5 100.000 (99.899)
Epoch: [130][40/391], lr: 0.01000	Loss 0.3447 (0.3056)	Prec@1 88.281 (90.130)	Prec@5 100.000 (99.924)
Epoch: [130][50/391], lr: 0.01000	Loss 0.2121 (0.2988)	Prec@1 92.188 (90.288)	Prec@5 100.000 (99.908)
Epoch: [130][60/391], lr: 0.01000	Loss 0.3548 (0.2975)	Prec@1 89.062 (90.471)	Prec@5 100.000 (99.885)
Epoch: [130][70/391], lr: 0.01000	Loss 0.2584 (0.2971)	Prec@1 92.188 (90.460)	Prec@5 100.000 (99.890)
Epoch: [130][80/391], lr: 0.01000	Loss 0.2764 (0.2965)	Prec@1 89.844 (90.451)	Prec@5 100.000 (99.865)
Epoch: [130][90/391], lr: 0.01000	Loss 0.3469 (0.2911)	Prec@1 88.281 (90.565)	Prec@5 99.219 (99.863)
Epoch: [130][100/391], lr: 0.01000	Loss 0.4513 (0.2926)	Prec@1 86.719 (90.493)	Prec@5 99.219 (99.845)
Epoch: [130][110/391], lr: 0.01000	Loss 0.3341 (0.2956)	Prec@1 92.188 (90.407)	Prec@5 100.000 (99.845)
Epoch: [130][120/391], lr: 0.01000	Loss 0.3606 (0.2982)	Prec@1 89.844 (90.257)	Prec@5 100.000 (99.845)
Epoch: [130][130/391], lr: 0.01000	Loss 0.1733 (0.3007)	Prec@1 94.531 (90.208)	Prec@5 100.000 (99.839)
Epoch: [130][140/391], lr: 0.01000	Loss 0.3836 (0.3033)	Prec@1 88.281 (90.160)	Prec@5 99.219 (99.834)
Epoch: [130][150/391], lr: 0.01000	Loss 0.3857 (0.3044)	Prec@1 90.625 (90.133)	Prec@5 99.219 (99.824)
Epoch: [130][160/391], lr: 0.01000	Loss 0.3187 (0.3040)	Prec@1 89.062 (90.111)	Prec@5 100.000 (99.830)
Epoch: [130][170/391], lr: 0.01000	Loss 0.3217 (0.3045)	Prec@1 87.500 (90.077)	Prec@5 100.000 (99.826)
Epoch: [130][180/391], lr: 0.01000	Loss 0.3537 (0.3020)	Prec@1 87.500 (90.167)	Prec@5 100.000 (99.836)
Epoch: [130][190/391], lr: 0.01000	Loss 0.3553 (0.3024)	Prec@1 89.062 (90.191)	Prec@5 99.219 (99.828)
Epoch: [130][200/391], lr: 0.01000	Loss 0.2949 (0.3044)	Prec@1 90.625 (90.077)	Prec@5 100.000 (99.821)
Epoch: [130][210/391], lr: 0.01000	Loss 0.3645 (0.3055)	Prec@1 89.844 (90.062)	Prec@5 100.000 (99.819)
Epoch: [130][220/391], lr: 0.01000	Loss 0.5161 (0.3094)	Prec@1 80.469 (89.911)	Prec@5 99.219 (99.809)
Epoch: [130][230/391], lr: 0.01000	Loss 0.3810 (0.3106)	Prec@1 86.719 (89.871)	Prec@5 99.219 (99.797)
Epoch: [130][240/391], lr: 0.01000	Loss 0.2480 (0.3098)	Prec@1 90.625 (89.889)	Prec@5 99.219 (99.783)
Epoch: [130][250/391], lr: 0.01000	Loss 0.3437 (0.3111)	Prec@1 89.844 (89.844)	Prec@5 100.000 (99.782)
Epoch: [130][260/391], lr: 0.01000	Loss 0.3596 (0.3112)	Prec@1 88.281 (89.832)	Prec@5 99.219 (99.787)
Epoch: [130][270/391], lr: 0.01000	Loss 0.5017 (0.3124)	Prec@1 85.938 (89.798)	Prec@5 100.000 (99.787)
Epoch: [130][280/391], lr: 0.01000	Loss 0.2975 (0.3129)	Prec@1 91.406 (89.788)	Prec@5 100.000 (99.783)
Epoch: [130][290/391], lr: 0.01000	Loss 0.3830 (0.3136)	Prec@1 88.281 (89.750)	Prec@5 100.000 (99.785)
Epoch: [130][300/391], lr: 0.01000	Loss 0.2946 (0.3134)	Prec@1 89.062 (89.743)	Prec@5 100.000 (99.790)
Epoch: [130][310/391], lr: 0.01000	Loss 0.4913 (0.3158)	Prec@1 81.250 (89.640)	Prec@5 100.000 (99.791)
Epoch: [130][320/391], lr: 0.01000	Loss 0.3915 (0.3177)	Prec@1 84.375 (89.608)	Prec@5 100.000 (99.779)
Epoch: [130][330/391], lr: 0.01000	Loss 0.3202 (0.3173)	Prec@1 88.281 (89.603)	Prec@5 99.219 (99.776)
Epoch: [130][340/391], lr: 0.01000	Loss 0.3997 (0.3180)	Prec@1 89.062 (89.583)	Prec@5 100.000 (99.780)
Epoch: [130][350/391], lr: 0.01000	Loss 0.2460 (0.3177)	Prec@1 90.625 (89.599)	Prec@5 99.219 (99.782)
Epoch: [130][360/391], lr: 0.01000	Loss 0.4117 (0.3177)	Prec@1 86.719 (89.586)	Prec@5 100.000 (99.788)
Epoch: [130][370/391], lr: 0.01000	Loss 0.2987 (0.3161)	Prec@1 90.625 (89.621)	Prec@5 99.219 (99.792)
Epoch: [130][380/391], lr: 0.01000	Loss 0.4350 (0.3161)	Prec@1 87.500 (89.639)	Prec@5 100.000 (99.791)
Epoch: [130][390/391], lr: 0.01000	Loss 0.4455 (0.3159)	Prec@1 82.500 (89.656)	Prec@5 100.000 (99.788)
Epoch [130] Training Results: Prec@1 89.656 Prec@5 99.788             Loss 0.31592
Epoch [130] Training Class Recall: [0.793,0.849,0.848,0.877,0.904,0.916,0.934,0.941,0.951,0.952]

Epoch: [131][0/391], lr: 0.01000	Loss 0.2871 (0.2871)	Prec@1 91.406 (91.406)	Prec@5 100.000 (100.000)
Epoch: [131][10/391], lr: 0.01000	Loss 0.3727 (0.2673)	Prec@1 86.719 (90.980)	Prec@5 100.000 (99.929)
Epoch: [131][20/391], lr: 0.01000	Loss 0.5324 (0.2953)	Prec@1 87.500 (89.918)	Prec@5 99.219 (99.888)
Epoch: [131][30/391], lr: 0.01000	Loss 0.2662 (0.3059)	Prec@1 91.406 (89.592)	Prec@5 100.000 (99.874)
Epoch: [131][40/391], lr: 0.01000	Loss 0.3002 (0.3164)	Prec@1 89.844 (89.043)	Prec@5 100.000 (99.867)
Epoch: [131][50/391], lr: 0.01000	Loss 0.3196 (0.3321)	Prec@1 90.625 (88.833)	Prec@5 100.000 (99.816)
Epoch: [131][60/391], lr: 0.01000	Loss 0.4512 (0.3363)	Prec@1 87.500 (88.819)	Prec@5 99.219 (99.782)
Epoch: [131][70/391], lr: 0.01000	Loss 0.2878 (0.3425)	Prec@1 91.406 (88.633)	Prec@5 100.000 (99.747)
Epoch: [131][80/391], lr: 0.01000	Loss 0.3751 (0.3473)	Prec@1 89.844 (88.484)	Prec@5 100.000 (99.740)
Epoch: [131][90/391], lr: 0.01000	Loss 0.5016 (0.3487)	Prec@1 84.375 (88.376)	Prec@5 99.219 (99.751)
Epoch: [131][100/391], lr: 0.01000	Loss 0.4268 (0.3472)	Prec@1 85.938 (88.436)	Prec@5 100.000 (99.760)
Epoch: [131][110/391], lr: 0.01000	Loss 0.1928 (0.3439)	Prec@1 93.750 (88.549)	Prec@5 100.000 (99.775)
Epoch: [131][120/391], lr: 0.01000	Loss 0.2892 (0.3441)	Prec@1 88.281 (88.617)	Prec@5 100.000 (99.780)
Epoch: [131][130/391], lr: 0.01000	Loss 0.3588 (0.3459)	Prec@1 87.500 (88.532)	Prec@5 100.000 (99.791)
Epoch: [131][140/391], lr: 0.01000	Loss 0.3069 (0.3415)	Prec@1 89.062 (88.619)	Prec@5 100.000 (99.806)
Epoch: [131][150/391], lr: 0.01000	Loss 0.2811 (0.3395)	Prec@1 90.625 (88.695)	Prec@5 100.000 (99.803)
Epoch: [131][160/391], lr: 0.01000	Loss 0.2005 (0.3394)	Prec@1 95.312 (88.655)	Prec@5 100.000 (99.811)
Epoch: [131][170/391], lr: 0.01000	Loss 0.2671 (0.3391)	Prec@1 90.625 (88.619)	Prec@5 100.000 (99.813)
Epoch: [131][180/391], lr: 0.01000	Loss 0.3196 (0.3395)	Prec@1 88.281 (88.592)	Prec@5 100.000 (99.814)
Epoch: [131][190/391], lr: 0.01000	Loss 0.2549 (0.3395)	Prec@1 92.188 (88.637)	Prec@5 100.000 (99.824)
Epoch: [131][200/391], lr: 0.01000	Loss 0.3331 (0.3410)	Prec@1 89.844 (88.581)	Prec@5 100.000 (99.825)
Epoch: [131][210/391], lr: 0.01000	Loss 0.2840 (0.3403)	Prec@1 90.625 (88.592)	Prec@5 99.219 (99.822)
Epoch: [131][220/391], lr: 0.01000	Loss 0.2330 (0.3387)	Prec@1 92.969 (88.674)	Prec@5 99.219 (99.813)
Epoch: [131][230/391], lr: 0.01000	Loss 0.3457 (0.3383)	Prec@1 88.281 (88.687)	Prec@5 99.219 (99.804)
Epoch: [131][240/391], lr: 0.01000	Loss 0.3787 (0.3401)	Prec@1 88.281 (88.605)	Prec@5 100.000 (99.789)
Epoch: [131][250/391], lr: 0.01000	Loss 0.3909 (0.3420)	Prec@1 91.406 (88.558)	Prec@5 100.000 (99.782)
Epoch: [131][260/391], lr: 0.01000	Loss 0.3735 (0.3416)	Prec@1 88.281 (88.593)	Prec@5 100.000 (99.787)
Epoch: [131][270/391], lr: 0.01000	Loss 0.2760 (0.3421)	Prec@1 91.406 (88.558)	Prec@5 100.000 (99.781)
Epoch: [131][280/391], lr: 0.01000	Loss 0.3147 (0.3431)	Prec@1 91.406 (88.518)	Prec@5 100.000 (99.775)
Epoch: [131][290/391], lr: 0.01000	Loss 0.3301 (0.3415)	Prec@1 88.281 (88.558)	Prec@5 100.000 (99.777)
Epoch: [131][300/391], lr: 0.01000	Loss 0.3012 (0.3406)	Prec@1 93.750 (88.624)	Prec@5 100.000 (99.782)
Epoch: [131][310/391], lr: 0.01000	Loss 0.2487 (0.3388)	Prec@1 95.312 (88.696)	Prec@5 100.000 (99.786)
Epoch: [131][320/391], lr: 0.01000	Loss 0.3843 (0.3385)	Prec@1 87.500 (88.714)	Prec@5 99.219 (99.776)
Epoch: [131][330/391], lr: 0.01000	Loss 0.2855 (0.3359)	Prec@1 87.500 (88.812)	Prec@5 100.000 (99.778)
Epoch: [131][340/391], lr: 0.01000	Loss 0.3419 (0.3364)	Prec@1 85.938 (88.801)	Prec@5 100.000 (99.771)
Epoch: [131][350/391], lr: 0.01000	Loss 0.2837 (0.3368)	Prec@1 92.969 (88.795)	Prec@5 99.219 (99.773)
Epoch: [131][360/391], lr: 0.01000	Loss 0.4104 (0.3361)	Prec@1 85.938 (88.837)	Prec@5 100.000 (99.775)
Epoch: [131][370/391], lr: 0.01000	Loss 0.3336 (0.3357)	Prec@1 85.938 (88.848)	Prec@5 99.219 (99.775)
Epoch: [131][380/391], lr: 0.01000	Loss 0.3037 (0.3345)	Prec@1 89.844 (88.896)	Prec@5 100.000 (99.776)
Epoch: [131][390/391], lr: 0.01000	Loss 0.5018 (0.3337)	Prec@1 83.750 (88.916)	Prec@5 100.000 (99.778)
Epoch [131] Training Results: Prec@1 88.916 Prec@5 99.778             Loss 0.33372
Epoch [131] Training Class Recall: [0.794,0.848,0.837,0.862,0.895,0.908,0.925,0.928,0.945,0.950]

Epoch: [132][0/391], lr: 0.01000	Loss 0.1420 (0.1420)	Prec@1 96.094 (96.094)	Prec@5 100.000 (100.000)
Epoch: [132][10/391], lr: 0.01000	Loss 0.2765 (0.2992)	Prec@1 91.406 (90.412)	Prec@5 100.000 (99.645)
Epoch: [132][20/391], lr: 0.01000	Loss 0.2705 (0.2949)	Prec@1 93.750 (90.476)	Prec@5 99.219 (99.777)
Epoch: [132][30/391], lr: 0.01000	Loss 0.1734 (0.2827)	Prec@1 95.312 (90.978)	Prec@5 100.000 (99.849)
Epoch: [132][40/391], lr: 0.01000	Loss 0.3570 (0.2854)	Prec@1 89.844 (90.987)	Prec@5 99.219 (99.867)
Epoch: [132][50/391], lr: 0.01000	Loss 0.1667 (0.2806)	Prec@1 92.969 (90.947)	Prec@5 100.000 (99.877)
Epoch: [132][60/391], lr: 0.01000	Loss 0.1947 (0.2761)	Prec@1 92.969 (91.060)	Prec@5 100.000 (99.885)
Epoch: [132][70/391], lr: 0.01000	Loss 0.2868 (0.2734)	Prec@1 91.406 (91.054)	Prec@5 100.000 (99.890)
Epoch: [132][80/391], lr: 0.01000	Loss 0.3791 (0.2793)	Prec@1 88.281 (90.856)	Prec@5 100.000 (99.865)
Epoch: [132][90/391], lr: 0.01000	Loss 0.2080 (0.2835)	Prec@1 92.188 (90.719)	Prec@5 100.000 (99.871)
Epoch: [132][100/391], lr: 0.01000	Loss 0.4468 (0.2910)	Prec@1 82.812 (90.524)	Prec@5 100.000 (99.845)
Epoch: [132][110/391], lr: 0.01000	Loss 0.3071 (0.2932)	Prec@1 89.062 (90.407)	Prec@5 100.000 (99.831)
Epoch: [132][120/391], lr: 0.01000	Loss 0.2555 (0.2941)	Prec@1 92.969 (90.347)	Prec@5 100.000 (99.819)
Epoch: [132][130/391], lr: 0.01000	Loss 0.3376 (0.2958)	Prec@1 87.500 (90.249)	Prec@5 100.000 (99.815)
Epoch: [132][140/391], lr: 0.01000	Loss 0.2152 (0.2976)	Prec@1 90.625 (90.193)	Prec@5 100.000 (99.817)
Epoch: [132][150/391], lr: 0.01000	Loss 0.2610 (0.3019)	Prec@1 89.844 (90.082)	Prec@5 98.438 (99.809)
Epoch: [132][160/391], lr: 0.01000	Loss 0.3441 (0.3050)	Prec@1 86.719 (90.018)	Prec@5 100.000 (99.801)
Epoch: [132][170/391], lr: 0.01000	Loss 0.4153 (0.3065)	Prec@1 86.719 (89.963)	Prec@5 100.000 (99.808)
Epoch: [132][180/391], lr: 0.01000	Loss 0.2690 (0.3082)	Prec@1 89.062 (89.939)	Prec@5 100.000 (99.810)
Epoch: [132][190/391], lr: 0.01000	Loss 0.3484 (0.3078)	Prec@1 89.844 (89.950)	Prec@5 100.000 (99.808)
Epoch: [132][200/391], lr: 0.01000	Loss 0.2680 (0.3079)	Prec@1 92.188 (89.988)	Prec@5 100.000 (99.802)
Epoch: [132][210/391], lr: 0.01000	Loss 0.3238 (0.3092)	Prec@1 88.281 (89.903)	Prec@5 100.000 (99.800)
Epoch: [132][220/391], lr: 0.01000	Loss 0.3068 (0.3111)	Prec@1 92.188 (89.833)	Prec@5 99.219 (99.791)
Epoch: [132][230/391], lr: 0.01000	Loss 0.1866 (0.3125)	Prec@1 95.312 (89.773)	Prec@5 100.000 (99.784)
Epoch: [132][240/391], lr: 0.01000	Loss 0.3075 (0.3157)	Prec@1 89.062 (89.620)	Prec@5 100.000 (99.789)
Epoch: [132][250/391], lr: 0.01000	Loss 0.3583 (0.3175)	Prec@1 88.281 (89.561)	Prec@5 99.219 (99.779)
Epoch: [132][260/391], lr: 0.01000	Loss 0.4103 (0.3208)	Prec@1 85.156 (89.437)	Prec@5 100.000 (99.767)
Epoch: [132][270/391], lr: 0.01000	Loss 0.3706 (0.3231)	Prec@1 88.281 (89.354)	Prec@5 100.000 (99.766)
Epoch: [132][280/391], lr: 0.01000	Loss 0.1654 (0.3243)	Prec@1 96.094 (89.285)	Prec@5 100.000 (99.769)
Epoch: [132][290/391], lr: 0.01000	Loss 0.2021 (0.3260)	Prec@1 92.969 (89.216)	Prec@5 100.000 (99.772)
Epoch: [132][300/391], lr: 0.01000	Loss 0.3677 (0.3272)	Prec@1 88.281 (89.156)	Prec@5 100.000 (99.774)
Epoch: [132][310/391], lr: 0.01000	Loss 0.3769 (0.3271)	Prec@1 87.500 (89.140)	Prec@5 100.000 (99.776)
Epoch: [132][320/391], lr: 0.01000	Loss 0.5133 (0.3278)	Prec@1 80.469 (89.104)	Prec@5 100.000 (99.783)
Epoch: [132][330/391], lr: 0.01000	Loss 0.3865 (0.3286)	Prec@1 88.281 (89.081)	Prec@5 100.000 (99.783)
Epoch: [132][340/391], lr: 0.01000	Loss 0.3731 (0.3298)	Prec@1 91.406 (89.014)	Prec@5 99.219 (99.785)
Epoch: [132][350/391], lr: 0.01000	Loss 0.3954 (0.3302)	Prec@1 85.156 (89.002)	Prec@5 100.000 (99.784)
Epoch: [132][360/391], lr: 0.01000	Loss 0.4030 (0.3318)	Prec@1 88.281 (88.959)	Prec@5 100.000 (99.773)
Epoch: [132][370/391], lr: 0.01000	Loss 0.3060 (0.3331)	Prec@1 88.281 (88.890)	Prec@5 100.000 (99.762)
Epoch: [132][380/391], lr: 0.01000	Loss 0.3694 (0.3336)	Prec@1 85.938 (88.870)	Prec@5 98.438 (99.758)
Epoch: [132][390/391], lr: 0.01000	Loss 0.3871 (0.3331)	Prec@1 91.250 (88.892)	Prec@5 100.000 (99.760)
Epoch [132] Training Results: Prec@1 88.892 Prec@5 99.760             Loss 0.33310
Epoch [132] Training Class Recall: [0.794,0.845,0.834,0.870,0.896,0.912,0.930,0.925,0.938,0.945]

Epoch: [133][0/391], lr: 0.01000	Loss 0.2617 (0.2617)	Prec@1 90.625 (90.625)	Prec@5 100.000 (100.000)
Epoch: [133][10/391], lr: 0.01000	Loss 0.1593 (0.2976)	Prec@1 93.750 (90.341)	Prec@5 100.000 (100.000)
Epoch: [133][20/391], lr: 0.01000	Loss 0.4296 (0.3191)	Prec@1 85.938 (89.249)	Prec@5 99.219 (99.777)
Epoch: [133][30/391], lr: 0.01000	Loss 0.2384 (0.3107)	Prec@1 91.406 (89.491)	Prec@5 100.000 (99.849)
Epoch: [133][40/391], lr: 0.01000	Loss 0.3931 (0.3121)	Prec@1 89.062 (89.501)	Prec@5 100.000 (99.867)
Epoch: [133][50/391], lr: 0.01000	Loss 0.3847 (0.3153)	Prec@1 86.719 (89.384)	Prec@5 100.000 (99.862)
Epoch: [133][60/391], lr: 0.01000	Loss 0.1913 (0.3149)	Prec@1 94.531 (89.408)	Prec@5 100.000 (99.821)
Epoch: [133][70/391], lr: 0.01000	Loss 0.3098 (0.3170)	Prec@1 88.281 (89.426)	Prec@5 100.000 (99.824)
Epoch: [133][80/391], lr: 0.01000	Loss 0.2142 (0.3164)	Prec@1 93.750 (89.400)	Prec@5 100.000 (99.836)
Epoch: [133][90/391], lr: 0.01000	Loss 0.3312 (0.3161)	Prec@1 89.844 (89.457)	Prec@5 100.000 (99.845)
Epoch: [133][100/391], lr: 0.01000	Loss 0.2040 (0.3143)	Prec@1 94.531 (89.527)	Prec@5 100.000 (99.830)
Epoch: [133][110/391], lr: 0.01000	Loss 0.3834 (0.3144)	Prec@1 89.844 (89.569)	Prec@5 100.000 (99.831)
Epoch: [133][120/391], lr: 0.01000	Loss 0.2212 (0.3133)	Prec@1 92.969 (89.650)	Prec@5 100.000 (99.832)
Epoch: [133][130/391], lr: 0.01000	Loss 0.1903 (0.3093)	Prec@1 92.969 (89.778)	Prec@5 100.000 (99.827)
Epoch: [133][140/391], lr: 0.01000	Loss 0.1333 (0.3065)	Prec@1 94.531 (89.805)	Prec@5 100.000 (99.839)
Epoch: [133][150/391], lr: 0.01000	Loss 0.3136 (0.3054)	Prec@1 88.281 (89.854)	Prec@5 100.000 (99.850)
Epoch: [133][160/391], lr: 0.01000	Loss 0.3195 (0.3067)	Prec@1 86.719 (89.766)	Prec@5 100.000 (99.845)
Epoch: [133][170/391], lr: 0.01000	Loss 0.3213 (0.3108)	Prec@1 88.281 (89.615)	Prec@5 99.219 (99.817)
Epoch: [133][180/391], lr: 0.01000	Loss 0.3464 (0.3113)	Prec@1 89.844 (89.632)	Prec@5 99.219 (99.801)
Epoch: [133][190/391], lr: 0.01000	Loss 0.3665 (0.3117)	Prec@1 87.500 (89.647)	Prec@5 100.000 (99.791)
Epoch: [133][200/391], lr: 0.01000	Loss 0.4425 (0.3120)	Prec@1 83.594 (89.618)	Prec@5 100.000 (99.782)
Epoch: [133][210/391], lr: 0.01000	Loss 0.3739 (0.3143)	Prec@1 87.500 (89.533)	Prec@5 100.000 (99.778)
Epoch: [133][220/391], lr: 0.01000	Loss 0.4245 (0.3183)	Prec@1 85.156 (89.377)	Prec@5 100.000 (99.770)
Epoch: [133][230/391], lr: 0.01000	Loss 0.3845 (0.3211)	Prec@1 85.938 (89.276)	Prec@5 100.000 (99.773)
Epoch: [133][240/391], lr: 0.01000	Loss 0.3273 (0.3216)	Prec@1 85.156 (89.247)	Prec@5 100.000 (99.780)
Epoch: [133][250/391], lr: 0.01000	Loss 0.2422 (0.3206)	Prec@1 92.969 (89.283)	Prec@5 99.219 (99.779)
Epoch: [133][260/391], lr: 0.01000	Loss 0.3974 (0.3203)	Prec@1 86.719 (89.269)	Prec@5 100.000 (99.773)
Epoch: [133][270/391], lr: 0.01000	Loss 0.2274 (0.3175)	Prec@1 94.531 (89.374)	Prec@5 100.000 (99.772)
Epoch: [133][280/391], lr: 0.01000	Loss 0.2520 (0.3164)	Prec@1 90.625 (89.382)	Prec@5 100.000 (99.778)
Epoch: [133][290/391], lr: 0.01000	Loss 0.4307 (0.3163)	Prec@1 89.062 (89.412)	Prec@5 100.000 (99.780)
Epoch: [133][300/391], lr: 0.01000	Loss 0.2363 (0.3165)	Prec@1 91.406 (89.400)	Prec@5 100.000 (99.772)
Epoch: [133][310/391], lr: 0.01000	Loss 0.1465 (0.3159)	Prec@1 96.094 (89.402)	Prec@5 100.000 (99.776)
Epoch: [133][320/391], lr: 0.01000	Loss 0.3351 (0.3163)	Prec@1 89.844 (89.398)	Prec@5 99.219 (99.776)
Epoch: [133][330/391], lr: 0.01000	Loss 0.4006 (0.3162)	Prec@1 85.156 (89.421)	Prec@5 100.000 (99.783)
Epoch: [133][340/391], lr: 0.01000	Loss 0.3430 (0.3178)	Prec@1 87.500 (89.406)	Prec@5 100.000 (99.780)
Epoch: [133][350/391], lr: 0.01000	Loss 0.3147 (0.3185)	Prec@1 88.281 (89.383)	Prec@5 100.000 (99.777)
Epoch: [133][360/391], lr: 0.01000	Loss 0.3212 (0.3199)	Prec@1 92.969 (89.320)	Prec@5 99.219 (99.775)
Epoch: [133][370/391], lr: 0.01000	Loss 0.2775 (0.3200)	Prec@1 89.844 (89.315)	Prec@5 100.000 (99.781)
Epoch: [133][380/391], lr: 0.01000	Loss 0.3740 (0.3212)	Prec@1 85.938 (89.278)	Prec@5 100.000 (99.776)
Epoch: [133][390/391], lr: 0.01000	Loss 0.3067 (0.3216)	Prec@1 87.500 (89.260)	Prec@5 100.000 (99.774)
Epoch [133] Training Results: Prec@1 89.260 Prec@5 99.774             Loss 0.32162
Epoch [133] Training Class Recall: [0.784,0.855,0.836,0.878,0.907,0.914,0.930,0.932,0.949,0.943]

Epoch: [134][0/391], lr: 0.01000	Loss 0.3052 (0.3052)	Prec@1 90.625 (90.625)	Prec@5 99.219 (99.219)
Epoch: [134][10/391], lr: 0.01000	Loss 0.5460 (0.3671)	Prec@1 80.469 (87.571)	Prec@5 100.000 (99.645)
Epoch: [134][20/391], lr: 0.01000	Loss 0.2871 (0.3658)	Prec@1 89.844 (88.244)	Prec@5 100.000 (99.554)
Epoch: [134][30/391], lr: 0.01000	Loss 0.3049 (0.3504)	Prec@1 88.281 (88.735)	Prec@5 100.000 (99.622)
Epoch: [134][40/391], lr: 0.01000	Loss 0.3975 (0.3422)	Prec@1 87.500 (89.062)	Prec@5 100.000 (99.676)
Epoch: [134][50/391], lr: 0.01000	Loss 0.2943 (0.3338)	Prec@1 87.500 (89.154)	Prec@5 100.000 (99.678)
Epoch: [134][60/391], lr: 0.01000	Loss 0.2388 (0.3239)	Prec@1 89.844 (89.383)	Prec@5 100.000 (99.718)
Epoch: [134][70/391], lr: 0.01000	Loss 0.1537 (0.3159)	Prec@1 93.750 (89.558)	Prec@5 100.000 (99.725)
Epoch: [134][80/391], lr: 0.01000	Loss 0.2933 (0.3134)	Prec@1 89.844 (89.603)	Prec@5 100.000 (99.759)
Epoch: [134][90/391], lr: 0.01000	Loss 0.3642 (0.3156)	Prec@1 87.500 (89.518)	Prec@5 100.000 (99.760)
Epoch: [134][100/391], lr: 0.01000	Loss 0.3504 (0.3195)	Prec@1 85.938 (89.318)	Prec@5 100.000 (99.745)
Epoch: [134][110/391], lr: 0.01000	Loss 0.3206 (0.3198)	Prec@1 89.844 (89.288)	Prec@5 100.000 (99.740)
Epoch: [134][120/391], lr: 0.01000	Loss 0.3155 (0.3196)	Prec@1 89.062 (89.288)	Prec@5 99.219 (99.742)
Epoch: [134][130/391], lr: 0.01000	Loss 0.3022 (0.3223)	Prec@1 94.531 (89.301)	Prec@5 99.219 (99.732)
Epoch: [134][140/391], lr: 0.01000	Loss 0.3025 (0.3195)	Prec@1 92.188 (89.378)	Prec@5 99.219 (99.734)
Epoch: [134][150/391], lr: 0.01000	Loss 0.2849 (0.3197)	Prec@1 88.281 (89.368)	Prec@5 100.000 (99.746)
Epoch: [134][160/391], lr: 0.01000	Loss 0.5121 (0.3246)	Prec@1 79.688 (89.184)	Prec@5 98.438 (99.728)
Epoch: [134][170/391], lr: 0.01000	Loss 0.4436 (0.3260)	Prec@1 84.375 (89.154)	Prec@5 99.219 (99.721)
Epoch: [134][180/391], lr: 0.01000	Loss 0.3618 (0.3302)	Prec@1 88.281 (89.032)	Prec@5 100.000 (99.719)
Epoch: [134][190/391], lr: 0.01000	Loss 0.3737 (0.3348)	Prec@1 86.719 (88.838)	Prec@5 100.000 (99.730)
Epoch: [134][200/391], lr: 0.01000	Loss 0.3528 (0.3365)	Prec@1 90.625 (88.833)	Prec@5 100.000 (99.712)
Epoch: [134][210/391], lr: 0.01000	Loss 0.3324 (0.3382)	Prec@1 89.062 (88.766)	Prec@5 99.219 (99.700)
Epoch: [134][220/391], lr: 0.01000	Loss 0.2997 (0.3385)	Prec@1 92.188 (88.758)	Prec@5 98.438 (99.707)
Epoch: [134][230/391], lr: 0.01000	Loss 0.5033 (0.3393)	Prec@1 84.375 (88.721)	Prec@5 98.438 (99.709)
Epoch: [134][240/391], lr: 0.01000	Loss 0.2526 (0.3392)	Prec@1 92.969 (88.732)	Prec@5 99.219 (99.708)
Epoch: [134][250/391], lr: 0.01000	Loss 0.2582 (0.3393)	Prec@1 91.406 (88.742)	Prec@5 100.000 (99.711)
Epoch: [134][260/391], lr: 0.01000	Loss 0.2192 (0.3378)	Prec@1 91.406 (88.802)	Prec@5 100.000 (99.719)
Epoch: [134][270/391], lr: 0.01000	Loss 0.3250 (0.3379)	Prec@1 89.062 (88.783)	Prec@5 100.000 (99.720)
Epoch: [134][280/391], lr: 0.01000	Loss 0.4048 (0.3360)	Prec@1 86.719 (88.876)	Prec@5 99.219 (99.722)
Epoch: [134][290/391], lr: 0.01000	Loss 0.2717 (0.3359)	Prec@1 90.625 (88.893)	Prec@5 100.000 (99.715)
Epoch: [134][300/391], lr: 0.01000	Loss 0.3154 (0.3367)	Prec@1 90.625 (88.878)	Prec@5 100.000 (99.712)
Epoch: [134][310/391], lr: 0.01000	Loss 0.4176 (0.3370)	Prec@1 86.719 (88.879)	Prec@5 99.219 (99.706)
Epoch: [134][320/391], lr: 0.01000	Loss 0.4033 (0.3366)	Prec@1 85.156 (88.873)	Prec@5 100.000 (99.708)
Epoch: [134][330/391], lr: 0.01000	Loss 0.4285 (0.3381)	Prec@1 87.500 (88.829)	Prec@5 99.219 (99.707)
Epoch: [134][340/391], lr: 0.01000	Loss 0.2515 (0.3380)	Prec@1 92.188 (88.829)	Prec@5 100.000 (99.707)
Epoch: [134][350/391], lr: 0.01000	Loss 0.3473 (0.3383)	Prec@1 89.844 (88.809)	Prec@5 99.219 (99.704)
Epoch: [134][360/391], lr: 0.01000	Loss 0.3944 (0.3380)	Prec@1 89.844 (88.844)	Prec@5 100.000 (99.706)
Epoch: [134][370/391], lr: 0.01000	Loss 0.3626 (0.3381)	Prec@1 88.281 (88.843)	Prec@5 100.000 (99.703)
Epoch: [134][380/391], lr: 0.01000	Loss 0.3936 (0.3370)	Prec@1 89.062 (88.878)	Prec@5 100.000 (99.707)
Epoch: [134][390/391], lr: 0.01000	Loss 0.1621 (0.3360)	Prec@1 96.250 (88.914)	Prec@5 100.000 (99.706)
Epoch [134] Training Results: Prec@1 88.914 Prec@5 99.706             Loss 0.33601
Epoch [134] Training Class Recall: [0.792,0.852,0.838,0.869,0.903,0.903,0.924,0.928,0.942,0.942]

Epoch: [135][0/391], lr: 0.01000	Loss 0.3521 (0.3521)	Prec@1 91.406 (91.406)	Prec@5 98.438 (98.438)
Epoch: [135][10/391], lr: 0.01000	Loss 0.2857 (0.3085)	Prec@1 89.844 (89.560)	Prec@5 99.219 (99.645)
Epoch: [135][20/391], lr: 0.01000	Loss 0.2790 (0.2905)	Prec@1 89.062 (90.365)	Prec@5 100.000 (99.702)
Epoch: [135][30/391], lr: 0.01000	Loss 0.3043 (0.2823)	Prec@1 91.406 (90.650)	Prec@5 100.000 (99.748)
Epoch: [135][40/391], lr: 0.01000	Loss 0.3448 (0.2858)	Prec@1 87.500 (90.377)	Prec@5 99.219 (99.752)
Epoch: [135][50/391], lr: 0.01000	Loss 0.2319 (0.2789)	Prec@1 91.406 (90.502)	Prec@5 100.000 (99.755)
Epoch: [135][60/391], lr: 0.01000	Loss 0.3668 (0.2811)	Prec@1 89.844 (90.369)	Prec@5 100.000 (99.795)
Epoch: [135][70/391], lr: 0.01000	Loss 0.3512 (0.2866)	Prec@1 88.281 (90.284)	Prec@5 100.000 (99.791)
Epoch: [135][80/391], lr: 0.01000	Loss 0.3304 (0.2936)	Prec@1 88.281 (90.123)	Prec@5 100.000 (99.797)
Epoch: [135][90/391], lr: 0.01000	Loss 0.3551 (0.2985)	Prec@1 88.281 (90.136)	Prec@5 99.219 (99.777)
Epoch: [135][100/391], lr: 0.01000	Loss 0.4214 (0.3015)	Prec@1 89.062 (90.138)	Prec@5 100.000 (99.752)
Epoch: [135][110/391], lr: 0.01000	Loss 0.5266 (0.3043)	Prec@1 86.719 (90.118)	Prec@5 99.219 (99.754)
Epoch: [135][120/391], lr: 0.01000	Loss 0.2671 (0.3063)	Prec@1 89.844 (89.947)	Prec@5 100.000 (99.755)
Epoch: [135][130/391], lr: 0.01000	Loss 0.3126 (0.3058)	Prec@1 92.188 (89.969)	Prec@5 100.000 (99.761)
Epoch: [135][140/391], lr: 0.01000	Loss 0.2996 (0.3049)	Prec@1 88.281 (89.988)	Prec@5 100.000 (99.767)
Epoch: [135][150/391], lr: 0.01000	Loss 0.2604 (0.3055)	Prec@1 96.875 (90.014)	Prec@5 100.000 (99.778)
Epoch: [135][160/391], lr: 0.01000	Loss 0.3626 (0.3046)	Prec@1 87.500 (90.014)	Prec@5 99.219 (99.762)
Epoch: [135][170/391], lr: 0.01000	Loss 0.4817 (0.3057)	Prec@1 84.375 (89.990)	Prec@5 100.000 (99.767)
Epoch: [135][180/391], lr: 0.01000	Loss 0.3088 (0.3060)	Prec@1 85.938 (89.943)	Prec@5 100.000 (99.767)
Epoch: [135][190/391], lr: 0.01000	Loss 0.3395 (0.3076)	Prec@1 86.719 (89.889)	Prec@5 100.000 (99.767)
Epoch: [135][200/391], lr: 0.01000	Loss 0.4381 (0.3077)	Prec@1 82.031 (89.855)	Prec@5 100.000 (99.771)
Epoch: [135][210/391], lr: 0.01000	Loss 0.3608 (0.3090)	Prec@1 86.719 (89.814)	Prec@5 100.000 (99.774)
Epoch: [135][220/391], lr: 0.01000	Loss 0.3637 (0.3098)	Prec@1 85.938 (89.773)	Prec@5 100.000 (99.770)
Epoch: [135][230/391], lr: 0.01000	Loss 0.2541 (0.3081)	Prec@1 91.406 (89.827)	Prec@5 100.000 (99.777)
Epoch: [135][240/391], lr: 0.01000	Loss 0.2115 (0.3095)	Prec@1 94.531 (89.805)	Prec@5 100.000 (99.780)
Epoch: [135][250/391], lr: 0.01000	Loss 0.2794 (0.3086)	Prec@1 91.406 (89.853)	Prec@5 100.000 (99.785)
Epoch: [135][260/391], lr: 0.01000	Loss 0.3299 (0.3083)	Prec@1 87.500 (89.850)	Prec@5 100.000 (99.790)
Epoch: [135][270/391], lr: 0.01000	Loss 0.2272 (0.3084)	Prec@1 89.844 (89.875)	Prec@5 100.000 (99.792)
Epoch: [135][280/391], lr: 0.01000	Loss 0.2009 (0.3071)	Prec@1 92.969 (89.930)	Prec@5 100.000 (99.797)
Epoch: [135][290/391], lr: 0.01000	Loss 0.2744 (0.3063)	Prec@1 91.406 (89.959)	Prec@5 100.000 (99.793)
Epoch: [135][300/391], lr: 0.01000	Loss 0.2392 (0.3074)	Prec@1 93.750 (89.927)	Prec@5 100.000 (99.790)
Epoch: [135][310/391], lr: 0.01000	Loss 0.2536 (0.3080)	Prec@1 96.094 (89.954)	Prec@5 99.219 (99.789)
Epoch: [135][320/391], lr: 0.01000	Loss 0.3291 (0.3086)	Prec@1 87.500 (89.926)	Prec@5 99.219 (99.774)
Epoch: [135][330/391], lr: 0.01000	Loss 0.2402 (0.3096)	Prec@1 91.406 (89.891)	Prec@5 100.000 (99.771)
Epoch: [135][340/391], lr: 0.01000	Loss 0.3267 (0.3093)	Prec@1 88.281 (89.903)	Prec@5 100.000 (99.773)
Epoch: [135][350/391], lr: 0.01000	Loss 0.2712 (0.3088)	Prec@1 90.625 (89.895)	Prec@5 100.000 (99.775)
Epoch: [135][360/391], lr: 0.01000	Loss 0.3955 (0.3101)	Prec@1 86.719 (89.861)	Prec@5 99.219 (99.766)
Epoch: [135][370/391], lr: 0.01000	Loss 0.5016 (0.3106)	Prec@1 80.469 (89.823)	Prec@5 99.219 (99.764)
Epoch: [135][380/391], lr: 0.01000	Loss 0.2919 (0.3108)	Prec@1 91.406 (89.821)	Prec@5 100.000 (99.768)
Epoch: [135][390/391], lr: 0.01000	Loss 0.1678 (0.3111)	Prec@1 96.250 (89.802)	Prec@5 100.000 (99.768)
Epoch [135] Training Results: Prec@1 89.802 Prec@5 99.768             Loss 0.31108
Epoch [135] Training Class Recall: [0.803,0.857,0.842,0.882,0.908,0.916,0.934,0.939,0.947,0.953]

Epoch: [136][0/391], lr: 0.01000	Loss 0.2485 (0.2485)	Prec@1 92.188 (92.188)	Prec@5 100.000 (100.000)
Epoch: [136][10/391], lr: 0.01000	Loss 0.2860 (0.2973)	Prec@1 92.188 (90.483)	Prec@5 99.219 (99.858)
Epoch: [136][20/391], lr: 0.01000	Loss 0.2425 (0.2918)	Prec@1 92.969 (90.699)	Prec@5 100.000 (99.814)
Epoch: [136][30/391], lr: 0.01000	Loss 0.3404 (0.3008)	Prec@1 87.500 (90.146)	Prec@5 100.000 (99.798)
Epoch: [136][40/391], lr: 0.01000	Loss 0.2398 (0.3012)	Prec@1 92.188 (89.939)	Prec@5 100.000 (99.809)
Epoch: [136][50/391], lr: 0.01000	Loss 0.4127 (0.3054)	Prec@1 87.500 (89.782)	Prec@5 100.000 (99.816)
Epoch: [136][60/391], lr: 0.01000	Loss 0.2337 (0.3012)	Prec@1 89.062 (89.857)	Prec@5 100.000 (99.846)
Epoch: [136][70/391], lr: 0.01000	Loss 0.2371 (0.3066)	Prec@1 92.188 (89.635)	Prec@5 100.000 (99.835)
Epoch: [136][80/391], lr: 0.01000	Loss 0.2906 (0.3081)	Prec@1 89.062 (89.574)	Prec@5 100.000 (99.826)
Epoch: [136][90/391], lr: 0.01000	Loss 0.2776 (0.3065)	Prec@1 89.844 (89.638)	Prec@5 99.219 (99.837)
Epoch: [136][100/391], lr: 0.01000	Loss 0.3073 (0.3068)	Prec@1 91.406 (89.542)	Prec@5 100.000 (99.830)
Epoch: [136][110/391], lr: 0.01000	Loss 0.2185 (0.3051)	Prec@1 92.969 (89.583)	Prec@5 100.000 (99.824)
Epoch: [136][120/391], lr: 0.01000	Loss 0.2894 (0.3054)	Prec@1 87.500 (89.540)	Prec@5 100.000 (99.832)
Epoch: [136][130/391], lr: 0.01000	Loss 0.2903 (0.3031)	Prec@1 92.969 (89.659)	Prec@5 99.219 (99.839)
Epoch: [136][140/391], lr: 0.01000	Loss 0.2808 (0.3020)	Prec@1 91.406 (89.772)	Prec@5 99.219 (99.845)
Epoch: [136][150/391], lr: 0.01000	Loss 0.2922 (0.3033)	Prec@1 90.625 (89.745)	Prec@5 100.000 (99.845)
Epoch: [136][160/391], lr: 0.01000	Loss 0.3409 (0.3048)	Prec@1 88.281 (89.727)	Prec@5 99.219 (99.845)
Epoch: [136][170/391], lr: 0.01000	Loss 0.3041 (0.3082)	Prec@1 88.281 (89.634)	Prec@5 100.000 (99.831)
Epoch: [136][180/391], lr: 0.01000	Loss 0.3607 (0.3097)	Prec@1 86.719 (89.598)	Prec@5 100.000 (99.832)
Epoch: [136][190/391], lr: 0.01000	Loss 0.3938 (0.3128)	Prec@1 87.500 (89.541)	Prec@5 99.219 (99.820)
Epoch: [136][200/391], lr: 0.01000	Loss 0.1949 (0.3115)	Prec@1 94.531 (89.591)	Prec@5 100.000 (99.825)
Epoch: [136][210/391], lr: 0.01000	Loss 0.3364 (0.3116)	Prec@1 88.281 (89.562)	Prec@5 100.000 (99.822)
Epoch: [136][220/391], lr: 0.01000	Loss 0.3008 (0.3108)	Prec@1 90.625 (89.625)	Prec@5 100.000 (99.816)
Epoch: [136][230/391], lr: 0.01000	Loss 0.2925 (0.3111)	Prec@1 91.406 (89.573)	Prec@5 99.219 (99.811)
Epoch: [136][240/391], lr: 0.01000	Loss 0.5356 (0.3141)	Prec@1 82.031 (89.487)	Prec@5 99.219 (99.812)
Epoch: [136][250/391], lr: 0.01000	Loss 0.2602 (0.3138)	Prec@1 91.406 (89.489)	Prec@5 100.000 (99.816)
Epoch: [136][260/391], lr: 0.01000	Loss 0.3420 (0.3164)	Prec@1 90.625 (89.428)	Prec@5 100.000 (99.802)
Epoch: [136][270/391], lr: 0.01000	Loss 0.3478 (0.3172)	Prec@1 88.281 (89.408)	Prec@5 100.000 (99.795)
Epoch: [136][280/391], lr: 0.01000	Loss 0.4701 (0.3179)	Prec@1 86.719 (89.418)	Prec@5 98.438 (99.797)
Epoch: [136][290/391], lr: 0.01000	Loss 0.2998 (0.3182)	Prec@1 89.062 (89.387)	Prec@5 100.000 (99.799)
Epoch: [136][300/391], lr: 0.01000	Loss 0.3017 (0.3187)	Prec@1 92.969 (89.374)	Prec@5 100.000 (99.803)
Epoch: [136][310/391], lr: 0.01000	Loss 0.3599 (0.3200)	Prec@1 90.625 (89.341)	Prec@5 100.000 (99.797)
Epoch: [136][320/391], lr: 0.01000	Loss 0.2967 (0.3193)	Prec@1 89.062 (89.350)	Prec@5 100.000 (99.800)
Epoch: [136][330/391], lr: 0.01000	Loss 0.5404 (0.3196)	Prec@1 84.375 (89.339)	Prec@5 100.000 (99.799)
Epoch: [136][340/391], lr: 0.01000	Loss 0.4220 (0.3213)	Prec@1 87.500 (89.294)	Prec@5 99.219 (99.803)
Epoch: [136][350/391], lr: 0.01000	Loss 0.5655 (0.3227)	Prec@1 82.031 (89.249)	Prec@5 100.000 (99.802)
Epoch: [136][360/391], lr: 0.01000	Loss 0.4755 (0.3226)	Prec@1 85.938 (89.281)	Prec@5 99.219 (99.801)
Epoch: [136][370/391], lr: 0.01000	Loss 0.3561 (0.3220)	Prec@1 90.625 (89.284)	Prec@5 100.000 (99.798)
Epoch: [136][380/391], lr: 0.01000	Loss 0.2755 (0.3225)	Prec@1 91.406 (89.276)	Prec@5 100.000 (99.797)
Epoch: [136][390/391], lr: 0.01000	Loss 0.5253 (0.3236)	Prec@1 81.250 (89.210)	Prec@5 97.500 (99.792)
Epoch [136] Training Results: Prec@1 89.210 Prec@5 99.792             Loss 0.32364
Epoch [136] Training Class Recall: [0.794,0.843,0.844,0.868,0.907,0.909,0.933,0.928,0.948,0.947]

Epoch: [137][0/391], lr: 0.01000	Loss 0.3875 (0.3875)	Prec@1 85.938 (85.938)	Prec@5 98.438 (98.438)
Epoch: [137][10/391], lr: 0.01000	Loss 0.3160 (0.3857)	Prec@1 87.500 (86.861)	Prec@5 100.000 (99.574)
Epoch: [137][20/391], lr: 0.01000	Loss 0.3444 (0.3594)	Prec@1 86.719 (87.537)	Prec@5 100.000 (99.777)
Epoch: [137][30/391], lr: 0.01000	Loss 0.3906 (0.3489)	Prec@1 85.938 (88.180)	Prec@5 100.000 (99.748)
Epoch: [137][40/391], lr: 0.01000	Loss 0.3384 (0.3429)	Prec@1 89.062 (88.567)	Prec@5 99.219 (99.676)
Epoch: [137][50/391], lr: 0.01000	Loss 0.2787 (0.3362)	Prec@1 91.406 (88.894)	Prec@5 100.000 (99.709)
Epoch: [137][60/391], lr: 0.01000	Loss 0.1965 (0.3302)	Prec@1 94.531 (89.216)	Prec@5 100.000 (99.731)
Epoch: [137][70/391], lr: 0.01000	Loss 0.2364 (0.3237)	Prec@1 93.750 (89.481)	Prec@5 100.000 (99.758)
Epoch: [137][80/391], lr: 0.01000	Loss 0.1794 (0.3180)	Prec@1 95.312 (89.651)	Prec@5 100.000 (99.778)
Epoch: [137][90/391], lr: 0.01000	Loss 0.4421 (0.3172)	Prec@1 82.812 (89.612)	Prec@5 98.438 (99.768)
Epoch: [137][100/391], lr: 0.01000	Loss 0.2147 (0.3172)	Prec@1 93.750 (89.627)	Prec@5 100.000 (99.760)
Epoch: [137][110/391], lr: 0.01000	Loss 0.3696 (0.3190)	Prec@1 91.406 (89.647)	Prec@5 99.219 (99.775)
Epoch: [137][120/391], lr: 0.01000	Loss 0.3122 (0.3120)	Prec@1 88.281 (89.818)	Prec@5 100.000 (99.774)
Epoch: [137][130/391], lr: 0.01000	Loss 0.2303 (0.3084)	Prec@1 92.188 (89.909)	Prec@5 100.000 (99.773)
Epoch: [137][140/391], lr: 0.01000	Loss 0.4432 (0.3083)	Prec@1 88.281 (89.899)	Prec@5 99.219 (99.773)
Epoch: [137][150/391], lr: 0.01000	Loss 0.2918 (0.3096)	Prec@1 87.500 (89.823)	Prec@5 100.000 (99.783)
Epoch: [137][160/391], lr: 0.01000	Loss 0.3594 (0.3102)	Prec@1 87.500 (89.786)	Prec@5 100.000 (99.791)
Epoch: [137][170/391], lr: 0.01000	Loss 0.2589 (0.3102)	Prec@1 92.188 (89.752)	Prec@5 99.219 (99.776)
Epoch: [137][180/391], lr: 0.01000	Loss 0.3060 (0.3131)	Prec@1 86.719 (89.684)	Prec@5 100.000 (99.780)
Epoch: [137][190/391], lr: 0.01000	Loss 0.3861 (0.3161)	Prec@1 88.281 (89.570)	Prec@5 99.219 (99.775)
Epoch: [137][200/391], lr: 0.01000	Loss 0.2973 (0.3184)	Prec@1 89.062 (89.475)	Prec@5 100.000 (99.775)
Epoch: [137][210/391], lr: 0.01000	Loss 0.3571 (0.3173)	Prec@1 85.938 (89.536)	Prec@5 100.000 (99.774)
Epoch: [137][220/391], lr: 0.01000	Loss 0.3962 (0.3185)	Prec@1 85.938 (89.483)	Prec@5 100.000 (99.774)
Epoch: [137][230/391], lr: 0.01000	Loss 0.2862 (0.3185)	Prec@1 91.406 (89.472)	Prec@5 100.000 (99.780)
Epoch: [137][240/391], lr: 0.01000	Loss 0.3911 (0.3192)	Prec@1 89.062 (89.445)	Prec@5 99.219 (99.776)
Epoch: [137][250/391], lr: 0.01000	Loss 0.3261 (0.3205)	Prec@1 88.281 (89.414)	Prec@5 99.219 (99.782)
Epoch: [137][260/391], lr: 0.01000	Loss 0.3584 (0.3233)	Prec@1 89.062 (89.344)	Prec@5 99.219 (99.775)
Epoch: [137][270/391], lr: 0.01000	Loss 0.4052 (0.3259)	Prec@1 85.156 (89.238)	Prec@5 99.219 (99.758)
Epoch: [137][280/391], lr: 0.01000	Loss 0.3149 (0.3281)	Prec@1 89.844 (89.202)	Prec@5 100.000 (99.747)
Epoch: [137][290/391], lr: 0.01000	Loss 0.2866 (0.3312)	Prec@1 88.281 (89.089)	Prec@5 100.000 (99.748)
Epoch: [137][300/391], lr: 0.01000	Loss 0.4332 (0.3333)	Prec@1 83.594 (89.003)	Prec@5 100.000 (99.746)
Epoch: [137][310/391], lr: 0.01000	Loss 0.2943 (0.3326)	Prec@1 92.188 (89.007)	Prec@5 99.219 (99.744)
Epoch: [137][320/391], lr: 0.01000	Loss 0.2266 (0.3313)	Prec@1 93.750 (89.021)	Prec@5 100.000 (99.749)
Epoch: [137][330/391], lr: 0.01000	Loss 0.3257 (0.3305)	Prec@1 89.062 (89.055)	Prec@5 100.000 (99.747)
Epoch: [137][340/391], lr: 0.01000	Loss 0.3695 (0.3292)	Prec@1 87.500 (89.083)	Prec@5 100.000 (99.753)
Epoch: [137][350/391], lr: 0.01000	Loss 0.4293 (0.3296)	Prec@1 86.719 (89.080)	Prec@5 100.000 (99.755)
Epoch: [137][360/391], lr: 0.01000	Loss 0.3637 (0.3288)	Prec@1 84.375 (89.073)	Prec@5 100.000 (99.762)
Epoch: [137][370/391], lr: 0.01000	Loss 0.3841 (0.3282)	Prec@1 85.938 (89.098)	Prec@5 100.000 (99.768)
Epoch: [137][380/391], lr: 0.01000	Loss 0.3430 (0.3274)	Prec@1 88.281 (89.120)	Prec@5 100.000 (99.770)
Epoch: [137][390/391], lr: 0.01000	Loss 0.2170 (0.3268)	Prec@1 91.250 (89.166)	Prec@5 100.000 (99.770)
Epoch [137] Training Results: Prec@1 89.166 Prec@5 99.770             Loss 0.32677
Epoch [137] Training Class Recall: [0.793,0.858,0.832,0.873,0.905,0.910,0.927,0.927,0.947,0.944]

Epoch: [138][0/391], lr: 0.01000	Loss 0.2615 (0.2615)	Prec@1 89.062 (89.062)	Prec@5 100.000 (100.000)
Epoch: [138][10/391], lr: 0.01000	Loss 0.2491 (0.3135)	Prec@1 89.844 (89.062)	Prec@5 100.000 (99.787)
Epoch: [138][20/391], lr: 0.01000	Loss 0.2111 (0.2892)	Prec@1 90.625 (90.030)	Prec@5 100.000 (99.851)
Epoch: [138][30/391], lr: 0.01000	Loss 0.1899 (0.2823)	Prec@1 93.750 (90.373)	Prec@5 100.000 (99.874)
Epoch: [138][40/391], lr: 0.01000	Loss 0.2968 (0.2877)	Prec@1 90.625 (90.263)	Prec@5 99.219 (99.848)
Epoch: [138][50/391], lr: 0.01000	Loss 0.2553 (0.2920)	Prec@1 89.844 (90.150)	Prec@5 100.000 (99.847)
Epoch: [138][60/391], lr: 0.01000	Loss 0.3144 (0.2942)	Prec@1 87.500 (90.126)	Prec@5 100.000 (99.859)
Epoch: [138][70/391], lr: 0.01000	Loss 0.2883 (0.3015)	Prec@1 89.844 (89.965)	Prec@5 100.000 (99.824)
Epoch: [138][80/391], lr: 0.01000	Loss 0.5981 (0.3140)	Prec@1 82.812 (89.564)	Prec@5 99.219 (99.807)
Epoch: [138][90/391], lr: 0.01000	Loss 0.3407 (0.3210)	Prec@1 85.156 (89.311)	Prec@5 100.000 (99.803)
Epoch: [138][100/391], lr: 0.01000	Loss 0.3836 (0.3247)	Prec@1 85.156 (89.194)	Prec@5 99.219 (99.791)
Epoch: [138][110/391], lr: 0.01000	Loss 0.3810 (0.3281)	Prec@1 86.719 (89.147)	Prec@5 100.000 (99.782)
Epoch: [138][120/391], lr: 0.01000	Loss 0.3437 (0.3285)	Prec@1 87.500 (89.075)	Prec@5 100.000 (99.793)
Epoch: [138][130/391], lr: 0.01000	Loss 0.2795 (0.3261)	Prec@1 90.625 (89.146)	Prec@5 99.219 (99.785)
Epoch: [138][140/391], lr: 0.01000	Loss 0.2430 (0.3248)	Prec@1 92.969 (89.207)	Prec@5 100.000 (99.789)
Epoch: [138][150/391], lr: 0.01000	Loss 0.3981 (0.3231)	Prec@1 85.156 (89.269)	Prec@5 100.000 (99.793)
Epoch: [138][160/391], lr: 0.01000	Loss 0.3074 (0.3232)	Prec@1 86.719 (89.237)	Prec@5 100.000 (99.791)
Epoch: [138][170/391], lr: 0.01000	Loss 0.2357 (0.3247)	Prec@1 92.188 (89.181)	Prec@5 100.000 (99.790)
Epoch: [138][180/391], lr: 0.01000	Loss 0.2795 (0.3231)	Prec@1 89.844 (89.235)	Prec@5 100.000 (99.797)
Epoch: [138][190/391], lr: 0.01000	Loss 0.2556 (0.3217)	Prec@1 89.844 (89.271)	Prec@5 100.000 (99.795)
Epoch: [138][200/391], lr: 0.01000	Loss 0.4070 (0.3215)	Prec@1 89.844 (89.269)	Prec@5 98.438 (99.790)
Epoch: [138][210/391], lr: 0.01000	Loss 0.3134 (0.3207)	Prec@1 89.062 (89.322)	Prec@5 99.219 (99.782)
Epoch: [138][220/391], lr: 0.01000	Loss 0.2208 (0.3184)	Prec@1 93.750 (89.423)	Prec@5 100.000 (99.781)
Epoch: [138][230/391], lr: 0.01000	Loss 0.2976 (0.3166)	Prec@1 89.062 (89.492)	Prec@5 100.000 (99.777)
Epoch: [138][240/391], lr: 0.01000	Loss 0.2741 (0.3161)	Prec@1 89.844 (89.533)	Prec@5 100.000 (99.776)
Epoch: [138][250/391], lr: 0.01000	Loss 0.2596 (0.3145)	Prec@1 89.844 (89.567)	Prec@5 100.000 (99.767)
Epoch: [138][260/391], lr: 0.01000	Loss 0.2949 (0.3141)	Prec@1 88.281 (89.604)	Prec@5 100.000 (99.773)
Epoch: [138][270/391], lr: 0.01000	Loss 0.3347 (0.3130)	Prec@1 88.281 (89.602)	Prec@5 100.000 (99.775)
Epoch: [138][280/391], lr: 0.01000	Loss 0.4025 (0.3135)	Prec@1 85.938 (89.610)	Prec@5 100.000 (99.766)
Epoch: [138][290/391], lr: 0.01000	Loss 0.2850 (0.3147)	Prec@1 91.406 (89.613)	Prec@5 100.000 (99.758)
Epoch: [138][300/391], lr: 0.01000	Loss 0.5009 (0.3165)	Prec@1 82.812 (89.558)	Prec@5 100.000 (99.759)
Epoch: [138][310/391], lr: 0.01000	Loss 0.3542 (0.3187)	Prec@1 89.062 (89.472)	Prec@5 100.000 (99.754)
Epoch: [138][320/391], lr: 0.01000	Loss 0.3646 (0.3199)	Prec@1 89.062 (89.430)	Prec@5 100.000 (99.757)
Epoch: [138][330/391], lr: 0.01000	Loss 0.3157 (0.3192)	Prec@1 90.625 (89.459)	Prec@5 100.000 (99.759)
Epoch: [138][340/391], lr: 0.01000	Loss 0.4380 (0.3202)	Prec@1 84.375 (89.427)	Prec@5 100.000 (99.755)
Epoch: [138][350/391], lr: 0.01000	Loss 0.3148 (0.3196)	Prec@1 89.844 (89.452)	Prec@5 100.000 (99.755)
Epoch: [138][360/391], lr: 0.01000	Loss 0.3862 (0.3201)	Prec@1 87.500 (89.417)	Prec@5 100.000 (99.751)
Epoch: [138][370/391], lr: 0.01000	Loss 0.3952 (0.3209)	Prec@1 85.938 (89.374)	Prec@5 100.000 (99.752)
Epoch: [138][380/391], lr: 0.01000	Loss 0.4117 (0.3220)	Prec@1 85.938 (89.343)	Prec@5 99.219 (99.752)
Epoch: [138][390/391], lr: 0.01000	Loss 0.4079 (0.3217)	Prec@1 85.000 (89.344)	Prec@5 100.000 (99.756)
Epoch [138] Training Results: Prec@1 89.344 Prec@5 99.756             Loss 0.32170
Epoch [138] Training Class Recall: [0.793,0.855,0.840,0.874,0.901,0.913,0.931,0.935,0.941,0.950]

Epoch: [139][0/391], lr: 0.01000	Loss 0.3496 (0.3496)	Prec@1 89.062 (89.062)	Prec@5 100.000 (100.000)
Epoch: [139][10/391], lr: 0.01000	Loss 0.3197 (0.3030)	Prec@1 88.281 (90.767)	Prec@5 100.000 (99.787)
Epoch: [139][20/391], lr: 0.01000	Loss 0.4481 (0.3040)	Prec@1 84.375 (90.699)	Prec@5 99.219 (99.777)
Epoch: [139][30/391], lr: 0.01000	Loss 0.3610 (0.3032)	Prec@1 87.500 (90.600)	Prec@5 100.000 (99.748)
Epoch: [139][40/391], lr: 0.01000	Loss 0.3268 (0.3039)	Prec@1 89.062 (90.244)	Prec@5 100.000 (99.752)
Epoch: [139][50/391], lr: 0.01000	Loss 0.2070 (0.3059)	Prec@1 91.406 (90.196)	Prec@5 100.000 (99.770)
Epoch: [139][60/391], lr: 0.01000	Loss 0.2526 (0.2994)	Prec@1 92.969 (90.305)	Prec@5 100.000 (99.782)
Epoch: [139][70/391], lr: 0.01000	Loss 0.2337 (0.3012)	Prec@1 90.625 (90.229)	Prec@5 100.000 (99.780)
Epoch: [139][80/391], lr: 0.01000	Loss 0.2214 (0.3021)	Prec@1 89.844 (90.075)	Prec@5 100.000 (99.759)
Epoch: [139][90/391], lr: 0.01000	Loss 0.3990 (0.3053)	Prec@1 86.719 (90.024)	Prec@5 100.000 (99.742)
Epoch: [139][100/391], lr: 0.01000	Loss 0.3064 (0.3058)	Prec@1 92.188 (89.937)	Prec@5 99.219 (99.722)
Epoch: [139][110/391], lr: 0.01000	Loss 0.2931 (0.3051)	Prec@1 89.062 (89.928)	Prec@5 100.000 (99.733)
Epoch: [139][120/391], lr: 0.01000	Loss 0.4210 (0.3087)	Prec@1 89.062 (89.876)	Prec@5 99.219 (99.729)
Epoch: [139][130/391], lr: 0.01000	Loss 0.2457 (0.3071)	Prec@1 90.625 (89.915)	Prec@5 99.219 (99.726)
Epoch: [139][140/391], lr: 0.01000	Loss 0.4190 (0.3094)	Prec@1 85.156 (89.827)	Prec@5 100.000 (99.734)
Epoch: [139][150/391], lr: 0.01000	Loss 0.1768 (0.3083)	Prec@1 92.969 (89.864)	Prec@5 100.000 (99.736)
Epoch: [139][160/391], lr: 0.01000	Loss 0.3570 (0.3116)	Prec@1 89.844 (89.810)	Prec@5 100.000 (99.719)
Epoch: [139][170/391], lr: 0.01000	Loss 0.3390 (0.3128)	Prec@1 87.500 (89.798)	Prec@5 100.000 (99.717)
Epoch: [139][180/391], lr: 0.01000	Loss 0.2642 (0.3143)	Prec@1 92.188 (89.779)	Prec@5 100.000 (99.715)
Epoch: [139][190/391], lr: 0.01000	Loss 0.3891 (0.3136)	Prec@1 83.594 (89.741)	Prec@5 100.000 (99.726)
Epoch: [139][200/391], lr: 0.01000	Loss 0.3483 (0.3143)	Prec@1 86.719 (89.739)	Prec@5 100.000 (99.740)
Epoch: [139][210/391], lr: 0.01000	Loss 0.4659 (0.3192)	Prec@1 82.812 (89.562)	Prec@5 100.000 (99.733)
Epoch: [139][220/391], lr: 0.01000	Loss 0.4049 (0.3230)	Prec@1 82.812 (89.395)	Prec@5 100.000 (99.721)
Epoch: [139][230/391], lr: 0.01000	Loss 0.3515 (0.3245)	Prec@1 89.844 (89.323)	Prec@5 100.000 (99.719)
Epoch: [139][240/391], lr: 0.01000	Loss 0.2973 (0.3259)	Prec@1 89.062 (89.283)	Prec@5 100.000 (99.721)
Epoch: [139][250/391], lr: 0.01000	Loss 0.4245 (0.3275)	Prec@1 88.281 (89.221)	Prec@5 99.219 (99.707)
Epoch: [139][260/391], lr: 0.01000	Loss 0.4478 (0.3271)	Prec@1 84.375 (89.233)	Prec@5 100.000 (99.710)
Epoch: [139][270/391], lr: 0.01000	Loss 0.4199 (0.3273)	Prec@1 84.375 (89.221)	Prec@5 100.000 (99.715)
Epoch: [139][280/391], lr: 0.01000	Loss 0.3693 (0.3289)	Prec@1 89.062 (89.202)	Prec@5 100.000 (99.708)
Epoch: [139][290/391], lr: 0.01000	Loss 0.3496 (0.3294)	Prec@1 86.719 (89.156)	Prec@5 100.000 (99.713)
Epoch: [139][300/391], lr: 0.01000	Loss 0.2694 (0.3281)	Prec@1 89.844 (89.166)	Prec@5 100.000 (99.714)
Epoch: [139][310/391], lr: 0.01000	Loss 0.2854 (0.3280)	Prec@1 88.281 (89.148)	Prec@5 100.000 (99.721)
Epoch: [139][320/391], lr: 0.01000	Loss 0.3382 (0.3269)	Prec@1 91.406 (89.194)	Prec@5 99.219 (99.725)
Epoch: [139][330/391], lr: 0.01000	Loss 0.3471 (0.3253)	Prec@1 89.844 (89.232)	Prec@5 100.000 (99.733)
Epoch: [139][340/391], lr: 0.01000	Loss 0.2872 (0.3255)	Prec@1 90.625 (89.216)	Prec@5 100.000 (99.732)
Epoch: [139][350/391], lr: 0.01000	Loss 0.2889 (0.3259)	Prec@1 88.281 (89.194)	Prec@5 100.000 (99.735)
Epoch: [139][360/391], lr: 0.01000	Loss 0.4980 (0.3266)	Prec@1 83.594 (89.179)	Prec@5 99.219 (99.736)
Epoch: [139][370/391], lr: 0.01000	Loss 0.1924 (0.3260)	Prec@1 94.531 (89.201)	Prec@5 100.000 (99.739)
Epoch: [139][380/391], lr: 0.01000	Loss 0.2769 (0.3264)	Prec@1 91.406 (89.190)	Prec@5 100.000 (99.746)
Epoch: [139][390/391], lr: 0.01000	Loss 0.3021 (0.3269)	Prec@1 91.250 (89.172)	Prec@5 100.000 (99.736)
Epoch [139] Training Results: Prec@1 89.172 Prec@5 99.736             Loss 0.32691
Epoch [139] Training Class Recall: [0.793,0.855,0.832,0.877,0.903,0.908,0.930,0.927,0.947,0.946]

Epoch: [140][0/391], lr: 0.01000	Loss 0.2544 (0.2544)	Prec@1 92.188 (92.188)	Prec@5 99.219 (99.219)
Epoch: [140][10/391], lr: 0.01000	Loss 0.1950 (0.2824)	Prec@1 94.531 (89.986)	Prec@5 100.000 (99.787)
Epoch: [140][20/391], lr: 0.01000	Loss 0.5137 (0.3137)	Prec@1 80.469 (89.025)	Prec@5 100.000 (99.702)
Epoch: [140][30/391], lr: 0.01000	Loss 0.2789 (0.3065)	Prec@1 91.406 (89.516)	Prec@5 100.000 (99.723)
Epoch: [140][40/391], lr: 0.01000	Loss 0.3307 (0.3067)	Prec@1 90.625 (89.444)	Prec@5 100.000 (99.771)
Epoch: [140][50/391], lr: 0.01000	Loss 0.2503 (0.3056)	Prec@1 92.188 (89.507)	Prec@5 100.000 (99.786)
Epoch: [140][60/391], lr: 0.01000	Loss 0.1245 (0.3030)	Prec@1 98.438 (89.664)	Prec@5 100.000 (99.795)
Epoch: [140][70/391], lr: 0.01000	Loss 0.2731 (0.3067)	Prec@1 89.062 (89.580)	Prec@5 100.000 (99.791)
Epoch: [140][80/391], lr: 0.01000	Loss 0.2789 (0.3120)	Prec@1 92.969 (89.458)	Prec@5 100.000 (99.749)
Epoch: [140][90/391], lr: 0.01000	Loss 0.4314 (0.3126)	Prec@1 85.156 (89.389)	Prec@5 100.000 (99.742)
Epoch: [140][100/391], lr: 0.01000	Loss 0.5552 (0.3170)	Prec@1 81.250 (89.248)	Prec@5 99.219 (99.752)
Epoch: [140][110/391], lr: 0.01000	Loss 0.4284 (0.3219)	Prec@1 85.938 (89.161)	Prec@5 99.219 (99.747)
Epoch: [140][120/391], lr: 0.01000	Loss 0.3524 (0.3260)	Prec@1 89.844 (89.017)	Prec@5 100.000 (99.742)
Epoch: [140][130/391], lr: 0.01000	Loss 0.3458 (0.3289)	Prec@1 88.281 (88.973)	Prec@5 98.438 (99.720)
Epoch: [140][140/391], lr: 0.01000	Loss 0.2292 (0.3304)	Prec@1 93.750 (88.874)	Prec@5 100.000 (99.729)
Epoch: [140][150/391], lr: 0.01000	Loss 0.2822 (0.3302)	Prec@1 91.406 (88.897)	Prec@5 99.219 (99.705)
Epoch: [140][160/391], lr: 0.01000	Loss 0.4201 (0.3300)	Prec@1 85.156 (88.912)	Prec@5 100.000 (99.714)
Epoch: [140][170/391], lr: 0.01000	Loss 0.2973 (0.3297)	Prec@1 89.062 (88.953)	Prec@5 100.000 (99.712)
Epoch: [140][180/391], lr: 0.01000	Loss 0.3135 (0.3305)	Prec@1 89.062 (88.963)	Prec@5 100.000 (99.711)
Epoch: [140][190/391], lr: 0.01000	Loss 0.3229 (0.3283)	Prec@1 89.062 (89.018)	Prec@5 99.219 (99.718)
Epoch: [140][200/391], lr: 0.01000	Loss 0.3336 (0.3269)	Prec@1 90.625 (89.097)	Prec@5 100.000 (99.716)
Epoch: [140][210/391], lr: 0.01000	Loss 0.2773 (0.3269)	Prec@1 90.625 (89.062)	Prec@5 100.000 (99.711)
Epoch: [140][220/391], lr: 0.01000	Loss 0.4728 (0.3264)	Prec@1 83.594 (89.098)	Prec@5 99.219 (99.700)
Epoch: [140][230/391], lr: 0.01000	Loss 0.3503 (0.3251)	Prec@1 89.844 (89.123)	Prec@5 99.219 (99.706)
Epoch: [140][240/391], lr: 0.01000	Loss 0.2751 (0.3258)	Prec@1 92.188 (89.118)	Prec@5 100.000 (99.711)
Epoch: [140][250/391], lr: 0.01000	Loss 0.2309 (0.3275)	Prec@1 93.750 (89.056)	Prec@5 100.000 (99.714)
Epoch: [140][260/391], lr: 0.01000	Loss 0.3000 (0.3282)	Prec@1 88.281 (89.033)	Prec@5 100.000 (99.716)
Epoch: [140][270/391], lr: 0.01000	Loss 0.3368 (0.3291)	Prec@1 92.969 (89.037)	Prec@5 98.438 (99.709)
Epoch: [140][280/391], lr: 0.01000	Loss 0.4192 (0.3300)	Prec@1 88.281 (89.051)	Prec@5 100.000 (99.703)
Epoch: [140][290/391], lr: 0.01000	Loss 0.5705 (0.3296)	Prec@1 84.375 (89.068)	Prec@5 96.875 (99.697)
Epoch: [140][300/391], lr: 0.01000	Loss 0.3187 (0.3303)	Prec@1 89.844 (89.060)	Prec@5 100.000 (99.699)
Epoch: [140][310/391], lr: 0.01000	Loss 0.3157 (0.3309)	Prec@1 89.062 (89.050)	Prec@5 100.000 (99.706)
Epoch: [140][320/391], lr: 0.01000	Loss 0.1794 (0.3299)	Prec@1 93.750 (89.067)	Prec@5 100.000 (99.715)
Epoch: [140][330/391], lr: 0.01000	Loss 0.2877 (0.3290)	Prec@1 92.969 (89.096)	Prec@5 100.000 (99.721)
Epoch: [140][340/391], lr: 0.01000	Loss 0.3159 (0.3281)	Prec@1 91.406 (89.115)	Prec@5 100.000 (99.727)
Epoch: [140][350/391], lr: 0.01000	Loss 0.3615 (0.3277)	Prec@1 89.062 (89.132)	Prec@5 99.219 (99.722)
Epoch: [140][360/391], lr: 0.01000	Loss 0.2826 (0.3262)	Prec@1 90.625 (89.214)	Prec@5 99.219 (99.721)
Epoch: [140][370/391], lr: 0.01000	Loss 0.3506 (0.3258)	Prec@1 89.062 (89.235)	Prec@5 100.000 (99.718)
Epoch: [140][380/391], lr: 0.01000	Loss 0.2410 (0.3252)	Prec@1 92.969 (89.222)	Prec@5 100.000 (99.717)
Epoch: [140][390/391], lr: 0.01000	Loss 0.2257 (0.3248)	Prec@1 87.500 (89.220)	Prec@5 100.000 (99.720)
Epoch [140] Training Results: Prec@1 89.220 Prec@5 99.720             Loss 0.32480
Epoch [140] Training Class Recall: [0.796,0.847,0.834,0.870,0.905,0.922,0.929,0.930,0.943,0.946]

Epoch: [141][0/391], lr: 0.01000	Loss 0.2393 (0.2393)	Prec@1 92.188 (92.188)	Prec@5 100.000 (100.000)
Epoch: [141][10/391], lr: 0.01000	Loss 0.4626 (0.3307)	Prec@1 85.156 (89.276)	Prec@5 100.000 (99.929)
Epoch: [141][20/391], lr: 0.01000	Loss 0.2541 (0.3494)	Prec@1 92.969 (88.765)	Prec@5 100.000 (99.851)
Epoch: [141][30/391], lr: 0.01000	Loss 0.3009 (0.3303)	Prec@1 88.281 (88.911)	Prec@5 100.000 (99.849)
Epoch: [141][40/391], lr: 0.01000	Loss 0.3271 (0.3228)	Prec@1 86.719 (89.082)	Prec@5 99.219 (99.809)
Epoch: [141][50/391], lr: 0.01000	Loss 0.3834 (0.3214)	Prec@1 85.156 (89.062)	Prec@5 99.219 (99.786)
Epoch: [141][60/391], lr: 0.01000	Loss 0.3000 (0.3244)	Prec@1 90.625 (88.973)	Prec@5 99.219 (99.757)
Epoch: [141][70/391], lr: 0.01000	Loss 0.3199 (0.3206)	Prec@1 89.062 (89.118)	Prec@5 100.000 (99.769)
Epoch: [141][80/391], lr: 0.01000	Loss 0.3636 (0.3202)	Prec@1 89.844 (89.140)	Prec@5 99.219 (99.778)
Epoch: [141][90/391], lr: 0.01000	Loss 0.3063 (0.3197)	Prec@1 90.625 (89.174)	Prec@5 99.219 (99.768)
Epoch: [141][100/391], lr: 0.01000	Loss 0.3055 (0.3181)	Prec@1 87.500 (89.179)	Prec@5 100.000 (99.776)
Epoch: [141][110/391], lr: 0.01000	Loss 0.3488 (0.3148)	Prec@1 86.719 (89.309)	Prec@5 98.438 (99.775)
Epoch: [141][120/391], lr: 0.01000	Loss 0.2827 (0.3153)	Prec@1 91.406 (89.359)	Prec@5 99.219 (99.774)
Epoch: [141][130/391], lr: 0.01000	Loss 0.4626 (0.3180)	Prec@1 84.375 (89.259)	Prec@5 100.000 (99.779)
Epoch: [141][140/391], lr: 0.01000	Loss 0.3078 (0.3166)	Prec@1 90.625 (89.301)	Prec@5 100.000 (99.778)
Epoch: [141][150/391], lr: 0.01000	Loss 0.2867 (0.3119)	Prec@1 86.719 (89.409)	Prec@5 100.000 (99.788)
Epoch: [141][160/391], lr: 0.01000	Loss 0.3531 (0.3101)	Prec@1 87.500 (89.494)	Prec@5 100.000 (99.782)
Epoch: [141][170/391], lr: 0.01000	Loss 0.3578 (0.3103)	Prec@1 89.844 (89.478)	Prec@5 100.000 (99.772)
Epoch: [141][180/391], lr: 0.01000	Loss 0.3552 (0.3091)	Prec@1 87.500 (89.524)	Prec@5 100.000 (99.780)
Epoch: [141][190/391], lr: 0.01000	Loss 0.1728 (0.3094)	Prec@1 94.531 (89.496)	Prec@5 100.000 (99.783)
Epoch: [141][200/391], lr: 0.01000	Loss 0.3124 (0.3092)	Prec@1 87.500 (89.443)	Prec@5 100.000 (99.778)
Epoch: [141][210/391], lr: 0.01000	Loss 0.4693 (0.3112)	Prec@1 85.156 (89.418)	Prec@5 100.000 (99.774)
Epoch: [141][220/391], lr: 0.01000	Loss 0.3749 (0.3107)	Prec@1 87.500 (89.444)	Prec@5 100.000 (99.781)
Epoch: [141][230/391], lr: 0.01000	Loss 0.3439 (0.3095)	Prec@1 89.062 (89.512)	Prec@5 100.000 (99.787)
Epoch: [141][240/391], lr: 0.01000	Loss 0.3366 (0.3096)	Prec@1 88.281 (89.523)	Prec@5 100.000 (99.786)
Epoch: [141][250/391], lr: 0.01000	Loss 0.2741 (0.3093)	Prec@1 91.406 (89.511)	Prec@5 100.000 (99.779)
Epoch: [141][260/391], lr: 0.01000	Loss 0.3457 (0.3109)	Prec@1 85.156 (89.485)	Prec@5 100.000 (99.770)
Epoch: [141][270/391], lr: 0.01000	Loss 0.4107 (0.3108)	Prec@1 83.594 (89.478)	Prec@5 100.000 (99.772)
Epoch: [141][280/391], lr: 0.01000	Loss 0.2597 (0.3131)	Prec@1 91.406 (89.404)	Prec@5 100.000 (99.769)
Epoch: [141][290/391], lr: 0.01000	Loss 0.3752 (0.3147)	Prec@1 89.844 (89.350)	Prec@5 99.219 (99.764)
Epoch: [141][300/391], lr: 0.01000	Loss 0.2786 (0.3153)	Prec@1 92.188 (89.332)	Prec@5 100.000 (99.766)
Epoch: [141][310/391], lr: 0.01000	Loss 0.3593 (0.3171)	Prec@1 87.500 (89.279)	Prec@5 99.219 (99.766)
Epoch: [141][320/391], lr: 0.01000	Loss 0.5138 (0.3186)	Prec@1 80.469 (89.230)	Prec@5 98.438 (99.764)
Epoch: [141][330/391], lr: 0.01000	Loss 0.3088 (0.3190)	Prec@1 89.844 (89.223)	Prec@5 99.219 (99.755)
Epoch: [141][340/391], lr: 0.01000	Loss 0.1602 (0.3190)	Prec@1 94.531 (89.207)	Prec@5 100.000 (99.755)
Epoch: [141][350/391], lr: 0.01000	Loss 0.3730 (0.3195)	Prec@1 89.062 (89.205)	Prec@5 99.219 (99.753)
Epoch: [141][360/391], lr: 0.01000	Loss 0.2965 (0.3192)	Prec@1 89.062 (89.231)	Prec@5 100.000 (99.755)
Epoch: [141][370/391], lr: 0.01000	Loss 0.2675 (0.3186)	Prec@1 90.625 (89.271)	Prec@5 100.000 (99.760)
Epoch: [141][380/391], lr: 0.01000	Loss 0.2777 (0.3190)	Prec@1 90.625 (89.274)	Prec@5 100.000 (99.760)
Epoch: [141][390/391], lr: 0.01000	Loss 0.2825 (0.3195)	Prec@1 91.250 (89.258)	Prec@5 100.000 (99.764)
Epoch [141] Training Results: Prec@1 89.258 Prec@5 99.764             Loss 0.31948
Epoch [141] Training Class Recall: [0.794,0.853,0.829,0.876,0.901,0.914,0.931,0.932,0.948,0.948]

Epoch: [142][0/391], lr: 0.01000	Loss 0.2619 (0.2619)	Prec@1 90.625 (90.625)	Prec@5 100.000 (100.000)
Epoch: [142][10/391], lr: 0.01000	Loss 0.3795 (0.3057)	Prec@1 87.500 (90.270)	Prec@5 99.219 (99.858)
Epoch: [142][20/391], lr: 0.01000	Loss 0.2899 (0.3166)	Prec@1 89.844 (89.658)	Prec@5 100.000 (99.814)
Epoch: [142][30/391], lr: 0.01000	Loss 0.3146 (0.3158)	Prec@1 89.844 (89.667)	Prec@5 100.000 (99.874)
Epoch: [142][40/391], lr: 0.01000	Loss 0.3126 (0.3195)	Prec@1 87.500 (89.463)	Prec@5 100.000 (99.809)
Epoch: [142][50/391], lr: 0.01000	Loss 0.3730 (0.3162)	Prec@1 89.062 (89.308)	Prec@5 99.219 (99.816)
Epoch: [142][60/391], lr: 0.01000	Loss 0.4834 (0.3163)	Prec@1 85.938 (89.395)	Prec@5 100.000 (99.833)
Epoch: [142][70/391], lr: 0.01000	Loss 0.3236 (0.3185)	Prec@1 87.500 (89.437)	Prec@5 100.000 (99.846)
Epoch: [142][80/391], lr: 0.01000	Loss 0.3394 (0.3193)	Prec@1 92.188 (89.342)	Prec@5 100.000 (99.855)
Epoch: [142][90/391], lr: 0.01000	Loss 0.2955 (0.3218)	Prec@1 90.625 (89.243)	Prec@5 100.000 (99.837)
Epoch: [142][100/391], lr: 0.01000	Loss 0.3680 (0.3239)	Prec@1 89.062 (89.233)	Prec@5 99.219 (99.814)
Epoch: [142][110/391], lr: 0.01000	Loss 0.3763 (0.3263)	Prec@1 88.281 (89.105)	Prec@5 99.219 (99.789)
Epoch: [142][120/391], lr: 0.01000	Loss 0.4454 (0.3299)	Prec@1 87.500 (88.979)	Prec@5 100.000 (99.800)
Epoch: [142][130/391], lr: 0.01000	Loss 0.2963 (0.3289)	Prec@1 92.188 (89.074)	Prec@5 100.000 (99.803)
Epoch: [142][140/391], lr: 0.01000	Loss 0.3470 (0.3332)	Prec@1 86.719 (88.907)	Prec@5 100.000 (99.784)
Epoch: [142][150/391], lr: 0.01000	Loss 0.3243 (0.3320)	Prec@1 92.969 (88.969)	Prec@5 100.000 (99.783)
Epoch: [142][160/391], lr: 0.01000	Loss 0.3870 (0.3337)	Prec@1 85.938 (88.888)	Prec@5 99.219 (99.777)
Epoch: [142][170/391], lr: 0.01000	Loss 0.4957 (0.3328)	Prec@1 85.938 (88.953)	Prec@5 99.219 (99.781)
Epoch: [142][180/391], lr: 0.01000	Loss 0.3141 (0.3319)	Prec@1 89.844 (88.993)	Prec@5 100.000 (99.784)
Epoch: [142][190/391], lr: 0.01000	Loss 0.2440 (0.3277)	Prec@1 92.188 (89.079)	Prec@5 99.219 (99.787)
Epoch: [142][200/391], lr: 0.01000	Loss 0.3921 (0.3253)	Prec@1 84.375 (89.140)	Prec@5 100.000 (99.794)
Epoch: [142][210/391], lr: 0.01000	Loss 0.3708 (0.3242)	Prec@1 85.938 (89.192)	Prec@5 100.000 (99.796)
Epoch: [142][220/391], lr: 0.01000	Loss 0.2399 (0.3250)	Prec@1 94.531 (89.211)	Prec@5 99.219 (99.791)
Epoch: [142][230/391], lr: 0.01000	Loss 0.2562 (0.3245)	Prec@1 92.969 (89.262)	Prec@5 100.000 (99.794)
Epoch: [142][240/391], lr: 0.01000	Loss 0.2938 (0.3247)	Prec@1 91.406 (89.247)	Prec@5 100.000 (99.783)
Epoch: [142][250/391], lr: 0.01000	Loss 0.2965 (0.3238)	Prec@1 90.625 (89.240)	Prec@5 100.000 (99.785)
Epoch: [142][260/391], lr: 0.01000	Loss 0.3842 (0.3232)	Prec@1 87.500 (89.236)	Prec@5 100.000 (99.784)
Epoch: [142][270/391], lr: 0.01000	Loss 0.2748 (0.3237)	Prec@1 89.062 (89.204)	Prec@5 100.000 (99.787)
Epoch: [142][280/391], lr: 0.01000	Loss 0.2857 (0.3241)	Prec@1 91.406 (89.176)	Prec@5 100.000 (99.789)
Epoch: [142][290/391], lr: 0.01000	Loss 0.3179 (0.3254)	Prec@1 90.625 (89.097)	Prec@5 100.000 (99.785)
Epoch: [142][300/391], lr: 0.01000	Loss 0.4069 (0.3250)	Prec@1 87.500 (89.127)	Prec@5 100.000 (99.790)
Epoch: [142][310/391], lr: 0.01000	Loss 0.3669 (0.3252)	Prec@1 86.719 (89.103)	Prec@5 100.000 (99.791)
Epoch: [142][320/391], lr: 0.01000	Loss 0.3203 (0.3257)	Prec@1 90.625 (89.089)	Prec@5 99.219 (99.786)
Epoch: [142][330/391], lr: 0.01000	Loss 0.4004 (0.3253)	Prec@1 84.375 (89.067)	Prec@5 100.000 (99.785)
Epoch: [142][340/391], lr: 0.01000	Loss 0.3554 (0.3264)	Prec@1 86.719 (89.049)	Prec@5 100.000 (99.780)
Epoch: [142][350/391], lr: 0.01000	Loss 0.2898 (0.3256)	Prec@1 88.281 (89.096)	Prec@5 100.000 (99.777)
Epoch: [142][360/391], lr: 0.01000	Loss 0.3956 (0.3254)	Prec@1 87.500 (89.106)	Prec@5 100.000 (99.781)
Epoch: [142][370/391], lr: 0.01000	Loss 0.2395 (0.3266)	Prec@1 91.406 (89.069)	Prec@5 100.000 (99.777)
Epoch: [142][380/391], lr: 0.01000	Loss 0.3820 (0.3265)	Prec@1 89.062 (89.073)	Prec@5 100.000 (99.779)
Epoch: [142][390/391], lr: 0.01000	Loss 0.4796 (0.3280)	Prec@1 83.750 (89.034)	Prec@5 100.000 (99.778)
Epoch [142] Training Results: Prec@1 89.034 Prec@5 99.778             Loss 0.32800
Epoch [142] Training Class Recall: [0.792,0.845,0.831,0.877,0.900,0.914,0.928,0.927,0.941,0.947]

Epoch: [143][0/391], lr: 0.01000	Loss 0.3519 (0.3519)	Prec@1 91.406 (91.406)	Prec@5 99.219 (99.219)
Epoch: [143][10/391], lr: 0.01000	Loss 0.3373 (0.3398)	Prec@1 89.062 (88.210)	Prec@5 100.000 (99.645)
Epoch: [143][20/391], lr: 0.01000	Loss 0.4042 (0.3501)	Prec@1 84.375 (87.946)	Prec@5 99.219 (99.702)
Epoch: [143][30/391], lr: 0.01000	Loss 0.3299 (0.3464)	Prec@1 90.625 (88.180)	Prec@5 99.219 (99.748)
Epoch: [143][40/391], lr: 0.01000	Loss 0.3435 (0.3407)	Prec@1 90.625 (88.396)	Prec@5 100.000 (99.790)
Epoch: [143][50/391], lr: 0.01000	Loss 0.3267 (0.3467)	Prec@1 89.062 (88.327)	Prec@5 100.000 (99.816)
Epoch: [143][60/391], lr: 0.01000	Loss 0.4899 (0.3462)	Prec@1 83.594 (88.268)	Prec@5 98.438 (99.782)
Epoch: [143][70/391], lr: 0.01000	Loss 0.3371 (0.3462)	Prec@1 87.500 (88.358)	Prec@5 100.000 (99.758)
Epoch: [143][80/391], lr: 0.01000	Loss 0.3690 (0.3474)	Prec@1 89.844 (88.358)	Prec@5 100.000 (99.759)
Epoch: [143][90/391], lr: 0.01000	Loss 0.2818 (0.3451)	Prec@1 88.281 (88.470)	Prec@5 100.000 (99.760)
Epoch: [143][100/391], lr: 0.01000	Loss 0.2139 (0.3410)	Prec@1 92.188 (88.645)	Prec@5 100.000 (99.760)
Epoch: [143][110/391], lr: 0.01000	Loss 0.2732 (0.3398)	Prec@1 90.625 (88.689)	Prec@5 100.000 (99.740)
Epoch: [143][120/391], lr: 0.01000	Loss 0.3751 (0.3392)	Prec@1 85.156 (88.778)	Prec@5 99.219 (99.735)
Epoch: [143][130/391], lr: 0.01000	Loss 0.5003 (0.3390)	Prec@1 86.719 (88.764)	Prec@5 98.438 (99.732)
Epoch: [143][140/391], lr: 0.01000	Loss 0.1976 (0.3358)	Prec@1 93.750 (88.846)	Prec@5 100.000 (99.740)
Epoch: [143][150/391], lr: 0.01000	Loss 0.2746 (0.3324)	Prec@1 92.969 (89.000)	Prec@5 100.000 (99.731)
Epoch: [143][160/391], lr: 0.01000	Loss 0.2561 (0.3290)	Prec@1 90.625 (89.058)	Prec@5 100.000 (99.738)
Epoch: [143][170/391], lr: 0.01000	Loss 0.2780 (0.3286)	Prec@1 88.281 (89.058)	Prec@5 100.000 (99.735)
Epoch: [143][180/391], lr: 0.01000	Loss 0.2505 (0.3272)	Prec@1 90.625 (89.071)	Prec@5 100.000 (99.741)
Epoch: [143][190/391], lr: 0.01000	Loss 0.2401 (0.3251)	Prec@1 92.188 (89.136)	Prec@5 100.000 (99.746)
Epoch: [143][200/391], lr: 0.01000	Loss 0.3773 (0.3233)	Prec@1 88.281 (89.218)	Prec@5 100.000 (99.751)
Epoch: [143][210/391], lr: 0.01000	Loss 0.2867 (0.3212)	Prec@1 90.625 (89.314)	Prec@5 100.000 (99.759)
Epoch: [143][220/391], lr: 0.01000	Loss 0.3913 (0.3205)	Prec@1 87.500 (89.359)	Prec@5 100.000 (99.767)
Epoch: [143][230/391], lr: 0.01000	Loss 0.3691 (0.3193)	Prec@1 87.500 (89.391)	Prec@5 99.219 (99.760)
Epoch: [143][240/391], lr: 0.01000	Loss 0.1959 (0.3179)	Prec@1 92.969 (89.442)	Prec@5 100.000 (99.763)
Epoch: [143][250/391], lr: 0.01000	Loss 0.2083 (0.3171)	Prec@1 92.969 (89.461)	Prec@5 100.000 (99.770)
Epoch: [143][260/391], lr: 0.01000	Loss 0.2987 (0.3164)	Prec@1 89.062 (89.494)	Prec@5 100.000 (99.767)
Epoch: [143][270/391], lr: 0.01000	Loss 0.3845 (0.3145)	Prec@1 86.719 (89.547)	Prec@5 99.219 (99.769)
Epoch: [143][280/391], lr: 0.01000	Loss 0.3375 (0.3156)	Prec@1 89.062 (89.549)	Prec@5 100.000 (99.769)
Epoch: [143][290/391], lr: 0.01000	Loss 0.1922 (0.3155)	Prec@1 93.750 (89.532)	Prec@5 100.000 (99.777)
Epoch: [143][300/391], lr: 0.01000	Loss 0.2973 (0.3161)	Prec@1 92.188 (89.483)	Prec@5 100.000 (99.782)
Epoch: [143][310/391], lr: 0.01000	Loss 0.3329 (0.3171)	Prec@1 87.500 (89.437)	Prec@5 99.219 (99.776)
Epoch: [143][320/391], lr: 0.01000	Loss 0.3323 (0.3194)	Prec@1 89.062 (89.362)	Prec@5 100.000 (99.779)
Epoch: [143][330/391], lr: 0.01000	Loss 0.3850 (0.3202)	Prec@1 87.500 (89.339)	Prec@5 98.438 (99.773)
Epoch: [143][340/391], lr: 0.01000	Loss 0.3116 (0.3220)	Prec@1 91.406 (89.312)	Prec@5 100.000 (99.769)
Epoch: [143][350/391], lr: 0.01000	Loss 0.2984 (0.3229)	Prec@1 88.281 (89.310)	Prec@5 100.000 (99.762)
Epoch: [143][360/391], lr: 0.01000	Loss 0.5229 (0.3252)	Prec@1 84.375 (89.220)	Prec@5 100.000 (99.755)
Epoch: [143][370/391], lr: 0.01000	Loss 0.3153 (0.3263)	Prec@1 86.719 (89.172)	Prec@5 100.000 (99.756)
Epoch: [143][380/391], lr: 0.01000	Loss 0.2316 (0.3258)	Prec@1 94.531 (89.206)	Prec@5 100.000 (99.760)
Epoch: [143][390/391], lr: 0.01000	Loss 0.3541 (0.3256)	Prec@1 88.750 (89.220)	Prec@5 100.000 (99.758)
Epoch [143] Training Results: Prec@1 89.220 Prec@5 99.758             Loss 0.32555
Epoch [143] Training Class Recall: [0.791,0.853,0.841,0.871,0.902,0.914,0.929,0.933,0.944,0.944]

Epoch: [144][0/391], lr: 0.01000	Loss 0.2159 (0.2159)	Prec@1 91.406 (91.406)	Prec@5 100.000 (100.000)
Epoch: [144][10/391], lr: 0.01000	Loss 0.2747 (0.2663)	Prec@1 92.188 (90.909)	Prec@5 99.219 (99.858)
Epoch: [144][20/391], lr: 0.01000	Loss 0.3824 (0.2782)	Prec@1 89.062 (90.848)	Prec@5 100.000 (99.777)
Epoch: [144][30/391], lr: 0.01000	Loss 0.2561 (0.2854)	Prec@1 89.062 (90.474)	Prec@5 100.000 (99.773)
Epoch: [144][40/391], lr: 0.01000	Loss 0.2593 (0.2878)	Prec@1 89.844 (90.206)	Prec@5 100.000 (99.752)
Epoch: [144][50/391], lr: 0.01000	Loss 0.3914 (0.2879)	Prec@1 86.719 (90.196)	Prec@5 99.219 (99.724)
Epoch: [144][60/391], lr: 0.01000	Loss 0.2528 (0.2914)	Prec@1 92.188 (90.254)	Prec@5 100.000 (99.744)
Epoch: [144][70/391], lr: 0.01000	Loss 0.3566 (0.2971)	Prec@1 90.625 (90.196)	Prec@5 100.000 (99.747)
Epoch: [144][80/391], lr: 0.01000	Loss 0.3314 (0.2982)	Prec@1 88.281 (90.268)	Prec@5 100.000 (99.759)
Epoch: [144][90/391], lr: 0.01000	Loss 0.4666 (0.2989)	Prec@1 84.375 (90.110)	Prec@5 100.000 (99.777)
Epoch: [144][100/391], lr: 0.01000	Loss 0.4261 (0.2969)	Prec@1 89.062 (90.246)	Prec@5 99.219 (99.791)
Epoch: [144][110/391], lr: 0.01000	Loss 0.2719 (0.2932)	Prec@1 89.062 (90.372)	Prec@5 100.000 (99.796)
Epoch: [144][120/391], lr: 0.01000	Loss 0.2415 (0.2929)	Prec@1 92.969 (90.438)	Prec@5 100.000 (99.780)
Epoch: [144][130/391], lr: 0.01000	Loss 0.2810 (0.2964)	Prec@1 89.844 (90.303)	Prec@5 100.000 (99.767)
Epoch: [144][140/391], lr: 0.01000	Loss 0.2951 (0.2988)	Prec@1 91.406 (90.232)	Prec@5 100.000 (99.756)
Epoch: [144][150/391], lr: 0.01000	Loss 0.3378 (0.2994)	Prec@1 85.938 (90.154)	Prec@5 99.219 (99.746)
Epoch: [144][160/391], lr: 0.01000	Loss 0.3106 (0.2988)	Prec@1 87.500 (90.188)	Prec@5 100.000 (99.738)
Epoch: [144][170/391], lr: 0.01000	Loss 0.3720 (0.2983)	Prec@1 85.156 (90.177)	Prec@5 100.000 (99.744)
Epoch: [144][180/391], lr: 0.01000	Loss 0.2624 (0.3004)	Prec@1 91.406 (90.150)	Prec@5 100.000 (99.737)
Epoch: [144][190/391], lr: 0.01000	Loss 0.2606 (0.3012)	Prec@1 91.406 (90.093)	Prec@5 100.000 (99.742)
Epoch: [144][200/391], lr: 0.01000	Loss 0.2306 (0.3020)	Prec@1 93.750 (90.073)	Prec@5 100.000 (99.743)
Epoch: [144][210/391], lr: 0.01000	Loss 0.4186 (0.3024)	Prec@1 85.938 (90.051)	Prec@5 99.219 (99.748)
Epoch: [144][220/391], lr: 0.01000	Loss 0.2905 (0.3027)	Prec@1 91.406 (89.996)	Prec@5 98.438 (99.735)
Epoch: [144][230/391], lr: 0.01000	Loss 0.3451 (0.3037)	Prec@1 86.719 (89.915)	Prec@5 100.000 (99.736)
Epoch: [144][240/391], lr: 0.01000	Loss 0.4119 (0.3043)	Prec@1 85.938 (89.889)	Prec@5 99.219 (99.721)
Epoch: [144][250/391], lr: 0.01000	Loss 0.3933 (0.3054)	Prec@1 88.281 (89.816)	Prec@5 97.656 (99.711)
Epoch: [144][260/391], lr: 0.01000	Loss 0.3997 (0.3067)	Prec@1 86.719 (89.775)	Prec@5 98.438 (99.716)
Epoch: [144][270/391], lr: 0.01000	Loss 0.2594 (0.3086)	Prec@1 89.062 (89.702)	Prec@5 100.000 (99.712)
Epoch: [144][280/391], lr: 0.01000	Loss 0.3262 (0.3098)	Prec@1 90.625 (89.669)	Prec@5 100.000 (99.711)
Epoch: [144][290/391], lr: 0.01000	Loss 0.3307 (0.3106)	Prec@1 89.062 (89.629)	Prec@5 99.219 (99.713)
Epoch: [144][300/391], lr: 0.01000	Loss 0.2444 (0.3100)	Prec@1 91.406 (89.649)	Prec@5 99.219 (99.714)
Epoch: [144][310/391], lr: 0.01000	Loss 0.2727 (0.3098)	Prec@1 90.625 (89.688)	Prec@5 100.000 (99.721)
Epoch: [144][320/391], lr: 0.01000	Loss 0.2564 (0.3106)	Prec@1 92.969 (89.647)	Prec@5 99.219 (99.723)
Epoch: [144][330/391], lr: 0.01000	Loss 0.4143 (0.3109)	Prec@1 89.844 (89.627)	Prec@5 99.219 (99.724)
Epoch: [144][340/391], lr: 0.01000	Loss 0.3141 (0.3111)	Prec@1 88.281 (89.617)	Prec@5 100.000 (99.730)
Epoch: [144][350/391], lr: 0.01000	Loss 0.4755 (0.3116)	Prec@1 83.594 (89.594)	Prec@5 99.219 (99.731)
Epoch: [144][360/391], lr: 0.01000	Loss 0.3235 (0.3120)	Prec@1 90.625 (89.556)	Prec@5 100.000 (99.732)
Epoch: [144][370/391], lr: 0.01000	Loss 0.3362 (0.3136)	Prec@1 88.281 (89.517)	Prec@5 99.219 (99.726)
Epoch: [144][380/391], lr: 0.01000	Loss 0.3163 (0.3133)	Prec@1 90.625 (89.520)	Prec@5 99.219 (99.729)
Epoch: [144][390/391], lr: 0.01000	Loss 0.3474 (0.3137)	Prec@1 87.500 (89.522)	Prec@5 98.750 (99.730)
Epoch [144] Training Results: Prec@1 89.522 Prec@5 99.730             Loss 0.31373
Epoch [144] Training Class Recall: [0.793,0.855,0.843,0.878,0.905,0.918,0.931,0.934,0.944,0.951]

Epoch: [145][0/391], lr: 0.01000	Loss 0.2973 (0.2973)	Prec@1 92.188 (92.188)	Prec@5 98.438 (98.438)
Epoch: [145][10/391], lr: 0.01000	Loss 0.2583 (0.3112)	Prec@1 92.188 (89.702)	Prec@5 100.000 (99.645)
Epoch: [145][20/391], lr: 0.01000	Loss 0.4375 (0.3168)	Prec@1 88.281 (89.844)	Prec@5 100.000 (99.740)
Epoch: [145][30/391], lr: 0.01000	Loss 0.3308 (0.3142)	Prec@1 89.062 (89.894)	Prec@5 100.000 (99.824)
Epoch: [145][40/391], lr: 0.01000	Loss 0.3443 (0.3081)	Prec@1 89.062 (90.053)	Prec@5 100.000 (99.867)
Epoch: [145][50/391], lr: 0.01000	Loss 0.3681 (0.3158)	Prec@1 86.719 (89.599)	Prec@5 100.000 (99.862)
Epoch: [145][60/391], lr: 0.01000	Loss 0.4950 (0.3120)	Prec@1 83.594 (89.703)	Prec@5 100.000 (99.846)
Epoch: [145][70/391], lr: 0.01000	Loss 0.3222 (0.3145)	Prec@1 86.719 (89.580)	Prec@5 100.000 (99.835)
Epoch: [145][80/391], lr: 0.01000	Loss 0.2853 (0.3141)	Prec@1 90.625 (89.612)	Prec@5 99.219 (99.826)
Epoch: [145][90/391], lr: 0.01000	Loss 0.2443 (0.3174)	Prec@1 92.969 (89.569)	Prec@5 100.000 (99.820)
Epoch: [145][100/391], lr: 0.01000	Loss 0.2650 (0.3193)	Prec@1 91.406 (89.496)	Prec@5 100.000 (99.822)
Epoch: [145][110/391], lr: 0.01000	Loss 0.2340 (0.3207)	Prec@1 90.625 (89.464)	Prec@5 100.000 (99.824)
Epoch: [145][120/391], lr: 0.01000	Loss 0.2551 (0.3228)	Prec@1 89.062 (89.366)	Prec@5 100.000 (99.826)
Epoch: [145][130/391], lr: 0.01000	Loss 0.2669 (0.3200)	Prec@1 90.625 (89.540)	Prec@5 100.000 (99.821)
Epoch: [145][140/391], lr: 0.01000	Loss 0.3668 (0.3181)	Prec@1 90.625 (89.600)	Prec@5 100.000 (99.812)
Epoch: [145][150/391], lr: 0.01000	Loss 0.2541 (0.3160)	Prec@1 89.062 (89.647)	Prec@5 100.000 (99.814)
Epoch: [145][160/391], lr: 0.01000	Loss 0.3475 (0.3172)	Prec@1 88.281 (89.557)	Prec@5 99.219 (99.816)
Epoch: [145][170/391], lr: 0.01000	Loss 0.3871 (0.3153)	Prec@1 88.281 (89.652)	Prec@5 100.000 (99.817)
Epoch: [145][180/391], lr: 0.01000	Loss 0.3595 (0.3160)	Prec@1 86.719 (89.624)	Prec@5 100.000 (99.814)
Epoch: [145][190/391], lr: 0.01000	Loss 0.4245 (0.3166)	Prec@1 85.938 (89.615)	Prec@5 100.000 (99.812)
Epoch: [145][200/391], lr: 0.01000	Loss 0.3102 (0.3159)	Prec@1 89.844 (89.611)	Prec@5 100.000 (99.821)
Epoch: [145][210/391], lr: 0.01000	Loss 0.2174 (0.3149)	Prec@1 93.750 (89.588)	Prec@5 100.000 (99.830)
Epoch: [145][220/391], lr: 0.01000	Loss 0.2444 (0.3139)	Prec@1 95.312 (89.660)	Prec@5 100.000 (99.823)
Epoch: [145][230/391], lr: 0.01000	Loss 0.3724 (0.3172)	Prec@1 89.062 (89.573)	Prec@5 99.219 (99.800)
Epoch: [145][240/391], lr: 0.01000	Loss 0.3766 (0.3199)	Prec@1 85.938 (89.513)	Prec@5 99.219 (99.796)
Epoch: [145][250/391], lr: 0.01000	Loss 0.3391 (0.3204)	Prec@1 90.625 (89.533)	Prec@5 99.219 (99.798)
Epoch: [145][260/391], lr: 0.01000	Loss 0.3518 (0.3225)	Prec@1 85.938 (89.455)	Prec@5 100.000 (99.793)
Epoch: [145][270/391], lr: 0.01000	Loss 0.3496 (0.3234)	Prec@1 85.938 (89.371)	Prec@5 99.219 (99.798)
Epoch: [145][280/391], lr: 0.01000	Loss 0.4098 (0.3233)	Prec@1 85.938 (89.399)	Prec@5 99.219 (99.797)
Epoch: [145][290/391], lr: 0.01000	Loss 0.4187 (0.3252)	Prec@1 83.594 (89.334)	Prec@5 99.219 (99.796)
Epoch: [145][300/391], lr: 0.01000	Loss 0.3949 (0.3256)	Prec@1 88.281 (89.348)	Prec@5 99.219 (99.792)
Epoch: [145][310/391], lr: 0.01000	Loss 0.3000 (0.3258)	Prec@1 89.844 (89.331)	Prec@5 100.000 (99.791)
Epoch: [145][320/391], lr: 0.01000	Loss 0.2831 (0.3248)	Prec@1 89.844 (89.359)	Prec@5 100.000 (99.793)
Epoch: [145][330/391], lr: 0.01000	Loss 0.3263 (0.3249)	Prec@1 89.062 (89.365)	Prec@5 100.000 (99.797)
Epoch: [145][340/391], lr: 0.01000	Loss 0.3597 (0.3241)	Prec@1 89.844 (89.395)	Prec@5 100.000 (99.798)
Epoch: [145][350/391], lr: 0.01000	Loss 0.2192 (0.3223)	Prec@1 92.188 (89.456)	Prec@5 100.000 (99.797)
Epoch: [145][360/391], lr: 0.01000	Loss 0.2626 (0.3211)	Prec@1 91.406 (89.517)	Prec@5 100.000 (99.797)
Epoch: [145][370/391], lr: 0.01000	Loss 0.2595 (0.3188)	Prec@1 90.625 (89.585)	Prec@5 100.000 (99.800)
Epoch: [145][380/391], lr: 0.01000	Loss 0.3783 (0.3173)	Prec@1 85.938 (89.606)	Prec@5 100.000 (99.799)
Epoch: [145][390/391], lr: 0.01000	Loss 0.3500 (0.3168)	Prec@1 91.250 (89.612)	Prec@5 100.000 (99.794)
Epoch [145] Training Results: Prec@1 89.612 Prec@5 99.794             Loss 0.31684
Epoch [145] Training Class Recall: [0.803,0.852,0.846,0.879,0.905,0.919,0.934,0.929,0.944,0.950]

Epoch: [146][0/391], lr: 0.01000	Loss 0.2284 (0.2284)	Prec@1 92.969 (92.969)	Prec@5 100.000 (100.000)
Epoch: [146][10/391], lr: 0.01000	Loss 0.3650 (0.2982)	Prec@1 86.719 (89.986)	Prec@5 99.219 (99.716)
Epoch: [146][20/391], lr: 0.01000	Loss 0.3088 (0.3071)	Prec@1 92.969 (89.621)	Prec@5 100.000 (99.814)
Epoch: [146][30/391], lr: 0.01000	Loss 0.3603 (0.3143)	Prec@1 88.281 (89.390)	Prec@5 100.000 (99.723)
Epoch: [146][40/391], lr: 0.01000	Loss 0.2887 (0.3231)	Prec@1 92.188 (89.386)	Prec@5 100.000 (99.790)
Epoch: [146][50/391], lr: 0.01000	Loss 0.3341 (0.3173)	Prec@1 89.844 (89.537)	Prec@5 99.219 (99.801)
Epoch: [146][60/391], lr: 0.01000	Loss 0.3141 (0.3188)	Prec@1 88.281 (89.460)	Prec@5 100.000 (99.808)
Epoch: [146][70/391], lr: 0.01000	Loss 0.3639 (0.3299)	Prec@1 87.500 (89.272)	Prec@5 100.000 (99.758)
Epoch: [146][80/391], lr: 0.01000	Loss 0.3037 (0.3286)	Prec@1 90.625 (89.371)	Prec@5 99.219 (99.769)
Epoch: [146][90/391], lr: 0.01000	Loss 0.4383 (0.3307)	Prec@1 87.500 (89.277)	Prec@5 99.219 (99.777)
Epoch: [146][100/391], lr: 0.01000	Loss 0.2715 (0.3272)	Prec@1 92.188 (89.356)	Prec@5 100.000 (99.791)
Epoch: [146][110/391], lr: 0.01000	Loss 0.3445 (0.3300)	Prec@1 88.281 (89.217)	Prec@5 99.219 (99.789)
Epoch: [146][120/391], lr: 0.01000	Loss 0.2431 (0.3310)	Prec@1 91.406 (89.192)	Prec@5 100.000 (99.787)
Epoch: [146][130/391], lr: 0.01000	Loss 0.3397 (0.3331)	Prec@1 89.844 (89.033)	Prec@5 99.219 (99.791)
Epoch: [146][140/391], lr: 0.01000	Loss 0.3573 (0.3321)	Prec@1 89.062 (89.057)	Prec@5 100.000 (99.784)
Epoch: [146][150/391], lr: 0.01000	Loss 0.4097 (0.3312)	Prec@1 86.719 (89.088)	Prec@5 100.000 (99.778)
Epoch: [146][160/391], lr: 0.01000	Loss 0.3400 (0.3293)	Prec@1 89.062 (89.096)	Prec@5 100.000 (99.782)
Epoch: [146][170/391], lr: 0.01000	Loss 0.2787 (0.3271)	Prec@1 91.406 (89.181)	Prec@5 100.000 (99.776)
Epoch: [146][180/391], lr: 0.01000	Loss 0.2836 (0.3264)	Prec@1 89.844 (89.183)	Prec@5 100.000 (99.784)
Epoch: [146][190/391], lr: 0.01000	Loss 0.4066 (0.3264)	Prec@1 87.500 (89.177)	Prec@5 100.000 (99.795)
Epoch: [146][200/391], lr: 0.01000	Loss 0.3340 (0.3284)	Prec@1 91.406 (89.144)	Prec@5 100.000 (99.790)
Epoch: [146][210/391], lr: 0.01000	Loss 0.3392 (0.3291)	Prec@1 89.062 (89.133)	Prec@5 98.438 (99.782)
Epoch: [146][220/391], lr: 0.01000	Loss 0.3107 (0.3287)	Prec@1 91.406 (89.176)	Prec@5 100.000 (99.788)
Epoch: [146][230/391], lr: 0.01000	Loss 0.3842 (0.3293)	Prec@1 89.062 (89.147)	Prec@5 100.000 (99.794)
Epoch: [146][240/391], lr: 0.01000	Loss 0.3343 (0.3292)	Prec@1 92.188 (89.140)	Prec@5 97.656 (99.783)
Epoch: [146][250/391], lr: 0.01000	Loss 0.2342 (0.3275)	Prec@1 90.625 (89.199)	Prec@5 100.000 (99.776)
Epoch: [146][260/391], lr: 0.01000	Loss 0.3564 (0.3273)	Prec@1 91.406 (89.233)	Prec@5 100.000 (99.773)
Epoch: [146][270/391], lr: 0.01000	Loss 0.3590 (0.3289)	Prec@1 89.844 (89.181)	Prec@5 99.219 (99.758)
Epoch: [146][280/391], lr: 0.01000	Loss 0.2190 (0.3295)	Prec@1 92.188 (89.146)	Prec@5 100.000 (99.758)
Epoch: [146][290/391], lr: 0.01000	Loss 0.3453 (0.3298)	Prec@1 85.938 (89.132)	Prec@5 100.000 (99.758)
Epoch: [146][300/391], lr: 0.01000	Loss 0.3659 (0.3296)	Prec@1 89.844 (89.156)	Prec@5 100.000 (99.764)
Epoch: [146][310/391], lr: 0.01000	Loss 0.3350 (0.3295)	Prec@1 89.844 (89.171)	Prec@5 100.000 (99.761)
Epoch: [146][320/391], lr: 0.01000	Loss 0.3080 (0.3296)	Prec@1 89.844 (89.145)	Prec@5 99.219 (99.757)
Epoch: [146][330/391], lr: 0.01000	Loss 0.3161 (0.3289)	Prec@1 86.719 (89.171)	Prec@5 100.000 (99.755)
Epoch: [146][340/391], lr: 0.01000	Loss 0.3567 (0.3282)	Prec@1 86.719 (89.182)	Prec@5 100.000 (99.757)
Epoch: [146][350/391], lr: 0.01000	Loss 0.1509 (0.3268)	Prec@1 96.094 (89.232)	Prec@5 100.000 (99.762)
Epoch: [146][360/391], lr: 0.01000	Loss 0.1864 (0.3247)	Prec@1 94.531 (89.305)	Prec@5 100.000 (99.762)
Epoch: [146][370/391], lr: 0.01000	Loss 0.3028 (0.3237)	Prec@1 89.062 (89.311)	Prec@5 100.000 (99.764)
Epoch: [146][380/391], lr: 0.01000	Loss 0.3217 (0.3230)	Prec@1 89.844 (89.331)	Prec@5 100.000 (99.764)
Epoch: [146][390/391], lr: 0.01000	Loss 0.4504 (0.3224)	Prec@1 83.750 (89.354)	Prec@5 98.750 (99.766)
Epoch [146] Training Results: Prec@1 89.354 Prec@5 99.766             Loss 0.32244
Epoch [146] Training Class Recall: [0.803,0.854,0.838,0.873,0.902,0.915,0.931,0.928,0.947,0.945]

Epoch: [147][0/391], lr: 0.01000	Loss 0.3051 (0.3051)	Prec@1 89.844 (89.844)	Prec@5 100.000 (100.000)
Epoch: [147][10/391], lr: 0.01000	Loss 0.2840 (0.2937)	Prec@1 90.625 (89.986)	Prec@5 100.000 (99.787)
Epoch: [147][20/391], lr: 0.01000	Loss 0.3093 (0.2858)	Prec@1 89.062 (90.476)	Prec@5 100.000 (99.777)
Epoch: [147][30/391], lr: 0.01000	Loss 0.3537 (0.3002)	Prec@1 87.500 (89.894)	Prec@5 98.438 (99.723)
Epoch: [147][40/391], lr: 0.01000	Loss 0.1077 (0.3037)	Prec@1 97.656 (89.977)	Prec@5 100.000 (99.752)
Epoch: [147][50/391], lr: 0.01000	Loss 0.3826 (0.3043)	Prec@1 90.625 (89.982)	Prec@5 98.438 (99.724)
Epoch: [147][60/391], lr: 0.01000	Loss 0.2768 (0.3045)	Prec@1 90.625 (89.985)	Prec@5 100.000 (99.744)
Epoch: [147][70/391], lr: 0.01000	Loss 0.2889 (0.3033)	Prec@1 91.406 (89.910)	Prec@5 100.000 (99.780)
Epoch: [147][80/391], lr: 0.01000	Loss 0.3249 (0.3005)	Prec@1 90.625 (89.998)	Prec@5 100.000 (99.797)
Epoch: [147][90/391], lr: 0.01000	Loss 0.2633 (0.3018)	Prec@1 90.625 (89.861)	Prec@5 99.219 (99.785)
Epoch: [147][100/391], lr: 0.01000	Loss 0.2259 (0.3010)	Prec@1 92.188 (89.913)	Prec@5 100.000 (99.807)
Epoch: [147][110/391], lr: 0.01000	Loss 0.4079 (0.3025)	Prec@1 86.719 (89.907)	Prec@5 99.219 (99.817)
Epoch: [147][120/391], lr: 0.01000	Loss 0.3023 (0.3062)	Prec@1 89.062 (89.773)	Prec@5 100.000 (99.826)
Epoch: [147][130/391], lr: 0.01000	Loss 0.2704 (0.3025)	Prec@1 89.062 (89.915)	Prec@5 100.000 (99.827)
Epoch: [147][140/391], lr: 0.01000	Loss 0.3037 (0.3007)	Prec@1 89.844 (89.938)	Prec@5 99.219 (99.834)
Epoch: [147][150/391], lr: 0.01000	Loss 0.3944 (0.3003)	Prec@1 88.281 (89.952)	Prec@5 99.219 (99.819)
Epoch: [147][160/391], lr: 0.01000	Loss 0.3965 (0.3000)	Prec@1 85.938 (89.989)	Prec@5 97.656 (99.806)
Epoch: [147][170/391], lr: 0.01000	Loss 0.1991 (0.2994)	Prec@1 93.750 (90.040)	Prec@5 100.000 (99.813)
Epoch: [147][180/391], lr: 0.01000	Loss 0.3436 (0.2982)	Prec@1 86.719 (90.094)	Prec@5 100.000 (99.814)
Epoch: [147][190/391], lr: 0.01000	Loss 0.2819 (0.2989)	Prec@1 93.750 (90.065)	Prec@5 99.219 (99.795)
Epoch: [147][200/391], lr: 0.01000	Loss 0.3840 (0.2998)	Prec@1 87.500 (90.003)	Prec@5 100.000 (99.802)
Epoch: [147][210/391], lr: 0.01000	Loss 0.3366 (0.2990)	Prec@1 85.938 (90.036)	Prec@5 100.000 (99.800)
Epoch: [147][220/391], lr: 0.01000	Loss 0.2286 (0.2984)	Prec@1 90.625 (90.095)	Prec@5 100.000 (99.795)
Epoch: [147][230/391], lr: 0.01000	Loss 0.2658 (0.2994)	Prec@1 92.188 (90.074)	Prec@5 100.000 (99.797)
Epoch: [147][240/391], lr: 0.01000	Loss 0.2494 (0.3002)	Prec@1 91.406 (90.041)	Prec@5 99.219 (99.789)
Epoch: [147][250/391], lr: 0.01000	Loss 0.2915 (0.3007)	Prec@1 92.969 (90.049)	Prec@5 100.000 (99.791)
Epoch: [147][260/391], lr: 0.01000	Loss 0.2877 (0.3018)	Prec@1 92.188 (90.017)	Prec@5 100.000 (99.793)
Epoch: [147][270/391], lr: 0.01000	Loss 0.3229 (0.3028)	Prec@1 90.625 (89.973)	Prec@5 99.219 (99.795)
Epoch: [147][280/391], lr: 0.01000	Loss 0.2979 (0.3015)	Prec@1 90.625 (90.011)	Prec@5 100.000 (99.800)
Epoch: [147][290/391], lr: 0.01000	Loss 0.3399 (0.3012)	Prec@1 87.500 (90.016)	Prec@5 100.000 (99.796)
Epoch: [147][300/391], lr: 0.01000	Loss 0.2492 (0.3018)	Prec@1 90.625 (89.981)	Prec@5 100.000 (99.787)
Epoch: [147][310/391], lr: 0.01000	Loss 0.3669 (0.3022)	Prec@1 88.281 (89.959)	Prec@5 99.219 (99.779)
Epoch: [147][320/391], lr: 0.01000	Loss 0.2554 (0.3018)	Prec@1 90.625 (89.965)	Prec@5 100.000 (99.781)
Epoch: [147][330/391], lr: 0.01000	Loss 0.3035 (0.3021)	Prec@1 89.062 (89.936)	Prec@5 100.000 (99.785)
Epoch: [147][340/391], lr: 0.01000	Loss 0.2370 (0.3023)	Prec@1 90.625 (89.940)	Prec@5 100.000 (99.782)
Epoch: [147][350/391], lr: 0.01000	Loss 0.3639 (0.3024)	Prec@1 86.719 (89.939)	Prec@5 100.000 (99.784)
Epoch: [147][360/391], lr: 0.01000	Loss 0.3102 (0.3028)	Prec@1 90.625 (89.939)	Prec@5 100.000 (99.784)
Epoch: [147][370/391], lr: 0.01000	Loss 0.2849 (0.3038)	Prec@1 90.625 (89.922)	Prec@5 100.000 (99.781)
Epoch: [147][380/391], lr: 0.01000	Loss 0.3979 (0.3062)	Prec@1 83.594 (89.829)	Prec@5 99.219 (99.772)
Epoch: [147][390/391], lr: 0.01000	Loss 0.2614 (0.3077)	Prec@1 92.500 (89.796)	Prec@5 100.000 (99.772)
Epoch [147] Training Results: Prec@1 89.796 Prec@5 99.772             Loss 0.30773
Epoch [147] Training Class Recall: [0.805,0.850,0.848,0.885,0.910,0.916,0.938,0.937,0.944,0.949]

Epoch: [148][0/391], lr: 0.01000	Loss 0.3116 (0.3116)	Prec@1 89.062 (89.062)	Prec@5 100.000 (100.000)
Epoch: [148][10/391], lr: 0.01000	Loss 0.2117 (0.3177)	Prec@1 93.750 (89.347)	Prec@5 100.000 (99.929)
Epoch: [148][20/391], lr: 0.01000	Loss 0.2968 (0.3143)	Prec@1 89.062 (89.397)	Prec@5 100.000 (99.888)
Epoch: [148][30/391], lr: 0.01000	Loss 0.2064 (0.3128)	Prec@1 92.188 (89.415)	Prec@5 100.000 (99.849)
Epoch: [148][40/391], lr: 0.01000	Loss 0.2755 (0.3159)	Prec@1 91.406 (89.482)	Prec@5 100.000 (99.790)
Epoch: [148][50/391], lr: 0.01000	Loss 0.3745 (0.3174)	Prec@1 87.500 (89.522)	Prec@5 100.000 (99.770)
Epoch: [148][60/391], lr: 0.01000	Loss 0.3587 (0.3165)	Prec@1 87.500 (89.511)	Prec@5 100.000 (99.795)
Epoch: [148][70/391], lr: 0.01000	Loss 0.3455 (0.3159)	Prec@1 86.719 (89.547)	Prec@5 99.219 (99.791)
Epoch: [148][80/391], lr: 0.01000	Loss 0.2549 (0.3132)	Prec@1 89.844 (89.680)	Prec@5 100.000 (99.778)
Epoch: [148][90/391], lr: 0.01000	Loss 0.2577 (0.3124)	Prec@1 90.625 (89.672)	Prec@5 100.000 (99.751)
Epoch: [148][100/391], lr: 0.01000	Loss 0.3897 (0.3109)	Prec@1 88.281 (89.735)	Prec@5 100.000 (99.752)
Epoch: [148][110/391], lr: 0.01000	Loss 0.1438 (0.3100)	Prec@1 95.312 (89.724)	Prec@5 100.000 (99.768)
Epoch: [148][120/391], lr: 0.01000	Loss 0.2443 (0.3119)	Prec@1 92.969 (89.618)	Prec@5 100.000 (99.774)
Epoch: [148][130/391], lr: 0.01000	Loss 0.3220 (0.3118)	Prec@1 91.406 (89.575)	Prec@5 100.000 (99.773)
Epoch: [148][140/391], lr: 0.01000	Loss 0.3378 (0.3095)	Prec@1 90.625 (89.689)	Prec@5 100.000 (99.778)
Epoch: [148][150/391], lr: 0.01000	Loss 0.4111 (0.3101)	Prec@1 85.938 (89.668)	Prec@5 98.438 (99.772)
Epoch: [148][160/391], lr: 0.01000	Loss 0.1555 (0.3102)	Prec@1 96.094 (89.659)	Prec@5 100.000 (99.772)
Epoch: [148][170/391], lr: 0.01000	Loss 0.5132 (0.3129)	Prec@1 82.031 (89.547)	Prec@5 100.000 (99.785)
Epoch: [148][180/391], lr: 0.01000	Loss 0.2900 (0.3143)	Prec@1 92.188 (89.568)	Prec@5 99.219 (99.780)
Epoch: [148][190/391], lr: 0.01000	Loss 0.3580 (0.3144)	Prec@1 89.062 (89.553)	Prec@5 99.219 (99.783)
Epoch: [148][200/391], lr: 0.01000	Loss 0.2773 (0.3142)	Prec@1 90.625 (89.552)	Prec@5 100.000 (99.778)
Epoch: [148][210/391], lr: 0.01000	Loss 0.3964 (0.3142)	Prec@1 89.844 (89.562)	Prec@5 100.000 (99.778)
Epoch: [148][220/391], lr: 0.01000	Loss 0.2566 (0.3141)	Prec@1 92.188 (89.579)	Prec@5 100.000 (99.781)
Epoch: [148][230/391], lr: 0.01000	Loss 0.3224 (0.3123)	Prec@1 91.406 (89.648)	Prec@5 100.000 (99.790)
Epoch: [148][240/391], lr: 0.01000	Loss 0.3110 (0.3132)	Prec@1 90.625 (89.640)	Prec@5 100.000 (99.796)
Epoch: [148][250/391], lr: 0.01000	Loss 0.4463 (0.3139)	Prec@1 82.812 (89.601)	Prec@5 98.438 (99.791)
Epoch: [148][260/391], lr: 0.01000	Loss 0.2012 (0.3125)	Prec@1 92.969 (89.643)	Prec@5 100.000 (99.793)
Epoch: [148][270/391], lr: 0.01000	Loss 0.3057 (0.3117)	Prec@1 89.844 (89.668)	Prec@5 100.000 (99.798)
Epoch: [148][280/391], lr: 0.01000	Loss 0.2865 (0.3110)	Prec@1 92.188 (89.682)	Prec@5 100.000 (99.794)
Epoch: [148][290/391], lr: 0.01000	Loss 0.2853 (0.3095)	Prec@1 88.281 (89.715)	Prec@5 100.000 (99.791)
Epoch: [148][300/391], lr: 0.01000	Loss 0.2697 (0.3103)	Prec@1 91.406 (89.714)	Prec@5 100.000 (99.798)
Epoch: [148][310/391], lr: 0.01000	Loss 0.4598 (0.3103)	Prec@1 85.156 (89.726)	Prec@5 100.000 (99.802)
Epoch: [148][320/391], lr: 0.01000	Loss 0.4047 (0.3102)	Prec@1 84.375 (89.746)	Prec@5 99.219 (99.800)
Epoch: [148][330/391], lr: 0.01000	Loss 0.2993 (0.3099)	Prec@1 90.625 (89.764)	Prec@5 100.000 (99.797)
Epoch: [148][340/391], lr: 0.01000	Loss 0.3674 (0.3115)	Prec@1 87.500 (89.741)	Prec@5 99.219 (99.796)
Epoch: [148][350/391], lr: 0.01000	Loss 0.2367 (0.3105)	Prec@1 92.969 (89.766)	Prec@5 99.219 (99.795)
Epoch: [148][360/391], lr: 0.01000	Loss 0.2211 (0.3112)	Prec@1 92.969 (89.744)	Prec@5 100.000 (99.797)
Epoch: [148][370/391], lr: 0.01000	Loss 0.3909 (0.3108)	Prec@1 86.719 (89.755)	Prec@5 100.000 (99.798)
Epoch: [148][380/391], lr: 0.01000	Loss 0.2780 (0.3107)	Prec@1 91.406 (89.764)	Prec@5 100.000 (99.803)
Epoch: [148][390/391], lr: 0.01000	Loss 0.3322 (0.3110)	Prec@1 87.500 (89.752)	Prec@5 100.000 (99.802)
Epoch [148] Training Results: Prec@1 89.752 Prec@5 99.802             Loss 0.31101
Epoch [148] Training Class Recall: [0.803,0.863,0.843,0.868,0.904,0.917,0.938,0.937,0.950,0.952]

Epoch: [149][0/391], lr: 0.01000	Loss 0.2891 (0.2891)	Prec@1 92.188 (92.188)	Prec@5 100.000 (100.000)
Epoch: [149][10/391], lr: 0.01000	Loss 0.2954 (0.3016)	Prec@1 91.406 (90.554)	Prec@5 100.000 (99.858)
Epoch: [149][20/391], lr: 0.01000	Loss 0.2179 (0.3020)	Prec@1 90.625 (90.030)	Prec@5 100.000 (99.926)
Epoch: [149][30/391], lr: 0.01000	Loss 0.2892 (0.3016)	Prec@1 89.062 (89.995)	Prec@5 100.000 (99.924)
Epoch: [149][40/391], lr: 0.01000	Loss 0.2295 (0.2974)	Prec@1 91.406 (90.130)	Prec@5 100.000 (99.943)
Epoch: [149][50/391], lr: 0.01000	Loss 0.3240 (0.3023)	Prec@1 89.062 (90.043)	Prec@5 99.219 (99.877)
Epoch: [149][60/391], lr: 0.01000	Loss 0.3041 (0.3031)	Prec@1 90.625 (90.074)	Prec@5 99.219 (99.846)
Epoch: [149][70/391], lr: 0.01000	Loss 0.3789 (0.3106)	Prec@1 87.500 (89.987)	Prec@5 100.000 (99.824)
Epoch: [149][80/391], lr: 0.01000	Loss 0.3834 (0.3108)	Prec@1 85.938 (89.882)	Prec@5 100.000 (99.817)
Epoch: [149][90/391], lr: 0.01000	Loss 0.2825 (0.3130)	Prec@1 89.062 (89.792)	Prec@5 100.000 (99.811)
Epoch: [149][100/391], lr: 0.01000	Loss 0.2970 (0.3134)	Prec@1 91.406 (89.759)	Prec@5 99.219 (99.807)
Epoch: [149][110/391], lr: 0.01000	Loss 0.3897 (0.3134)	Prec@1 84.375 (89.710)	Prec@5 100.000 (99.817)
Epoch: [149][120/391], lr: 0.01000	Loss 0.2350 (0.3127)	Prec@1 92.969 (89.760)	Prec@5 100.000 (99.819)
Epoch: [149][130/391], lr: 0.01000	Loss 0.2619 (0.3109)	Prec@1 91.406 (89.820)	Prec@5 100.000 (99.815)
Epoch: [149][140/391], lr: 0.01000	Loss 0.4110 (0.3081)	Prec@1 87.500 (89.910)	Prec@5 100.000 (99.817)
Epoch: [149][150/391], lr: 0.01000	Loss 0.3264 (0.3069)	Prec@1 88.281 (89.932)	Prec@5 100.000 (99.819)
Epoch: [149][160/391], lr: 0.01000	Loss 0.3068 (0.3055)	Prec@1 87.500 (89.965)	Prec@5 100.000 (99.825)
Epoch: [149][170/391], lr: 0.01000	Loss 0.3550 (0.3041)	Prec@1 88.281 (90.031)	Prec@5 100.000 (99.831)
Epoch: [149][180/391], lr: 0.01000	Loss 0.2535 (0.3023)	Prec@1 89.844 (90.073)	Prec@5 100.000 (99.840)
Epoch: [149][190/391], lr: 0.01000	Loss 0.5181 (0.3039)	Prec@1 80.469 (89.995)	Prec@5 98.438 (99.828)
Epoch: [149][200/391], lr: 0.01000	Loss 0.2554 (0.3051)	Prec@1 91.406 (89.984)	Prec@5 99.219 (99.825)
Epoch: [149][210/391], lr: 0.01000	Loss 0.3311 (0.3053)	Prec@1 88.281 (89.947)	Prec@5 99.219 (99.807)
Epoch: [149][220/391], lr: 0.01000	Loss 0.3341 (0.3074)	Prec@1 91.406 (89.886)	Prec@5 98.438 (99.788)
Epoch: [149][230/391], lr: 0.01000	Loss 0.3520 (0.3121)	Prec@1 85.938 (89.742)	Prec@5 100.000 (99.780)
Epoch: [149][240/391], lr: 0.01000	Loss 0.4587 (0.3160)	Prec@1 86.719 (89.607)	Prec@5 98.438 (99.773)
Epoch: [149][250/391], lr: 0.01000	Loss 0.3372 (0.3188)	Prec@1 89.062 (89.514)	Prec@5 100.000 (99.779)
Epoch: [149][260/391], lr: 0.01000	Loss 0.2818 (0.3198)	Prec@1 89.844 (89.455)	Prec@5 100.000 (99.781)
Epoch: [149][270/391], lr: 0.01000	Loss 0.3382 (0.3196)	Prec@1 87.500 (89.481)	Prec@5 100.000 (99.778)
Epoch: [149][280/391], lr: 0.01000	Loss 0.2611 (0.3199)	Prec@1 92.969 (89.485)	Prec@5 100.000 (99.778)
Epoch: [149][290/391], lr: 0.01000	Loss 0.3010 (0.3187)	Prec@1 90.625 (89.497)	Prec@5 97.656 (99.774)
Epoch: [149][300/391], lr: 0.01000	Loss 0.2395 (0.3173)	Prec@1 90.625 (89.537)	Prec@5 100.000 (99.779)
Epoch: [149][310/391], lr: 0.01000	Loss 0.3701 (0.3158)	Prec@1 90.625 (89.613)	Prec@5 100.000 (99.786)
Epoch: [149][320/391], lr: 0.01000	Loss 0.3583 (0.3145)	Prec@1 84.375 (89.644)	Prec@5 100.000 (99.793)
Epoch: [149][330/391], lr: 0.01000	Loss 0.2474 (0.3135)	Prec@1 91.406 (89.676)	Prec@5 100.000 (99.795)
Epoch: [149][340/391], lr: 0.01000	Loss 0.3109 (0.3123)	Prec@1 89.062 (89.704)	Prec@5 100.000 (99.796)
Epoch: [149][350/391], lr: 0.01000	Loss 0.2053 (0.3129)	Prec@1 95.312 (89.717)	Prec@5 100.000 (99.795)
Epoch: [149][360/391], lr: 0.01000	Loss 0.2747 (0.3137)	Prec@1 91.406 (89.710)	Prec@5 100.000 (99.792)
Epoch: [149][370/391], lr: 0.01000	Loss 0.3469 (0.3136)	Prec@1 87.500 (89.709)	Prec@5 100.000 (99.794)
Epoch: [149][380/391], lr: 0.01000	Loss 0.2801 (0.3128)	Prec@1 87.500 (89.725)	Prec@5 100.000 (99.795)
Epoch: [149][390/391], lr: 0.01000	Loss 0.3526 (0.3132)	Prec@1 90.000 (89.714)	Prec@5 100.000 (99.792)
Epoch [149] Training Results: Prec@1 89.714 Prec@5 99.792             Loss 0.31316
Epoch [149] Training Class Recall: [0.806,0.864,0.849,0.873,0.900,0.917,0.936,0.935,0.947,0.945]

Epoch: [150][0/391], lr: 0.01000	Loss 0.2202 (0.2202)	Prec@1 92.188 (92.188)	Prec@5 99.219 (99.219)
Epoch: [150][10/391], lr: 0.01000	Loss 0.3390 (0.3087)	Prec@1 89.844 (89.276)	Prec@5 99.219 (99.787)
Epoch: [150][20/391], lr: 0.01000	Loss 0.2857 (0.2886)	Prec@1 89.062 (89.807)	Prec@5 100.000 (99.888)
Epoch: [150][30/391], lr: 0.01000	Loss 0.2318 (0.2787)	Prec@1 92.969 (90.323)	Prec@5 99.219 (99.899)
Epoch: [150][40/391], lr: 0.01000	Loss 0.3296 (0.2736)	Prec@1 89.062 (90.549)	Prec@5 100.000 (99.886)
Epoch: [150][50/391], lr: 0.01000	Loss 0.2879 (0.2770)	Prec@1 90.625 (90.579)	Prec@5 100.000 (99.893)
Epoch: [150][60/391], lr: 0.01000	Loss 0.2977 (0.2777)	Prec@1 91.406 (90.625)	Prec@5 100.000 (99.885)
Epoch: [150][70/391], lr: 0.01000	Loss 0.3928 (0.2871)	Prec@1 85.156 (90.317)	Prec@5 99.219 (99.868)
Epoch: [150][80/391], lr: 0.01000	Loss 0.2770 (0.2878)	Prec@1 91.406 (90.336)	Prec@5 100.000 (99.855)
Epoch: [150][90/391], lr: 0.01000	Loss 0.2238 (0.2923)	Prec@1 89.062 (90.153)	Prec@5 100.000 (99.837)
Epoch: [150][100/391], lr: 0.01000	Loss 0.3906 (0.2980)	Prec@1 89.062 (89.983)	Prec@5 100.000 (99.814)
Epoch: [150][110/391], lr: 0.01000	Loss 0.3139 (0.3014)	Prec@1 91.406 (89.942)	Prec@5 99.219 (99.810)
Epoch: [150][120/391], lr: 0.01000	Loss 0.1895 (0.3057)	Prec@1 95.312 (89.779)	Prec@5 100.000 (99.819)
Epoch: [150][130/391], lr: 0.01000	Loss 0.3353 (0.3110)	Prec@1 86.719 (89.599)	Prec@5 100.000 (99.821)
Epoch: [150][140/391], lr: 0.01000	Loss 0.2752 (0.3145)	Prec@1 89.844 (89.478)	Prec@5 100.000 (99.795)
Epoch: [150][150/391], lr: 0.01000	Loss 0.3170 (0.3149)	Prec@1 89.062 (89.404)	Prec@5 100.000 (99.793)
Epoch: [150][160/391], lr: 0.01000	Loss 0.3733 (0.3158)	Prec@1 85.156 (89.378)	Prec@5 100.000 (99.796)
Epoch: [150][170/391], lr: 0.01000	Loss 0.3593 (0.3155)	Prec@1 87.500 (89.410)	Prec@5 99.219 (99.794)
Epoch: [150][180/391], lr: 0.01000	Loss 0.4956 (0.3162)	Prec@1 82.812 (89.434)	Prec@5 100.000 (99.806)
Epoch: [150][190/391], lr: 0.01000	Loss 0.3288 (0.3164)	Prec@1 92.969 (89.463)	Prec@5 98.438 (99.795)
Epoch: [150][200/391], lr: 0.01000	Loss 0.2847 (0.3167)	Prec@1 91.406 (89.506)	Prec@5 100.000 (99.786)
Epoch: [150][210/391], lr: 0.01000	Loss 0.2764 (0.3168)	Prec@1 91.406 (89.503)	Prec@5 100.000 (99.793)
Epoch: [150][220/391], lr: 0.01000	Loss 0.2855 (0.3179)	Prec@1 89.844 (89.455)	Prec@5 100.000 (99.795)
Epoch: [150][230/391], lr: 0.01000	Loss 0.2805 (0.3180)	Prec@1 89.844 (89.455)	Prec@5 100.000 (99.797)
Epoch: [150][240/391], lr: 0.01000	Loss 0.2555 (0.3176)	Prec@1 91.406 (89.494)	Prec@5 100.000 (99.799)
Epoch: [150][250/391], lr: 0.01000	Loss 0.6105 (0.3181)	Prec@1 80.469 (89.461)	Prec@5 98.438 (99.791)
Epoch: [150][260/391], lr: 0.01000	Loss 0.4268 (0.3199)	Prec@1 85.938 (89.425)	Prec@5 99.219 (99.778)
Epoch: [150][270/391], lr: 0.01000	Loss 0.2933 (0.3197)	Prec@1 91.406 (89.411)	Prec@5 100.000 (99.784)
Epoch: [150][280/391], lr: 0.01000	Loss 0.3384 (0.3198)	Prec@1 85.156 (89.424)	Prec@5 100.000 (99.786)
Epoch: [150][290/391], lr: 0.01000	Loss 0.2600 (0.3210)	Prec@1 89.844 (89.366)	Prec@5 100.000 (99.785)
Epoch: [150][300/391], lr: 0.01000	Loss 0.4323 (0.3221)	Prec@1 85.938 (89.319)	Prec@5 100.000 (99.782)
Epoch: [150][310/391], lr: 0.01000	Loss 0.2599 (0.3224)	Prec@1 91.406 (89.319)	Prec@5 100.000 (99.779)
Epoch: [150][320/391], lr: 0.01000	Loss 0.3623 (0.3227)	Prec@1 89.062 (89.318)	Prec@5 100.000 (99.776)
Epoch: [150][330/391], lr: 0.01000	Loss 0.3729 (0.3239)	Prec@1 85.156 (89.270)	Prec@5 100.000 (99.771)
Epoch: [150][340/391], lr: 0.01000	Loss 0.2946 (0.3258)	Prec@1 92.188 (89.198)	Prec@5 99.219 (99.764)
Epoch: [150][350/391], lr: 0.01000	Loss 0.2915 (0.3257)	Prec@1 90.625 (89.187)	Prec@5 100.000 (99.769)
Epoch: [150][360/391], lr: 0.01000	Loss 0.4568 (0.3267)	Prec@1 85.938 (89.153)	Prec@5 99.219 (99.764)
Epoch: [150][370/391], lr: 0.01000	Loss 0.4837 (0.3284)	Prec@1 84.375 (89.126)	Prec@5 99.219 (99.762)
Epoch: [150][380/391], lr: 0.01000	Loss 0.3185 (0.3298)	Prec@1 89.844 (89.083)	Prec@5 99.219 (99.754)
Epoch: [150][390/391], lr: 0.01000	Loss 0.4822 (0.3302)	Prec@1 82.500 (89.064)	Prec@5 100.000 (99.752)
Epoch [150] Training Results: Prec@1 89.064 Prec@5 99.752             Loss 0.33024
Epoch [150] Training Class Recall: [0.797,0.849,0.831,0.873,0.898,0.906,0.925,0.935,0.944,0.947]

Epoch: [151][0/391], lr: 0.01000	Loss 0.2954 (0.2954)	Prec@1 92.188 (92.188)	Prec@5 100.000 (100.000)
Epoch: [151][10/391], lr: 0.01000	Loss 0.2980 (0.2749)	Prec@1 88.281 (91.051)	Prec@5 100.000 (100.000)
Epoch: [151][20/391], lr: 0.01000	Loss 0.3644 (0.2722)	Prec@1 88.281 (90.699)	Prec@5 99.219 (99.888)
Epoch: [151][30/391], lr: 0.01000	Loss 0.2791 (0.2778)	Prec@1 91.406 (90.675)	Prec@5 100.000 (99.874)
Epoch: [151][40/391], lr: 0.01000	Loss 0.3301 (0.2809)	Prec@1 86.719 (90.568)	Prec@5 100.000 (99.905)
Epoch: [151][50/391], lr: 0.01000	Loss 0.1964 (0.2771)	Prec@1 93.750 (90.778)	Prec@5 100.000 (99.923)
Epoch: [151][60/391], lr: 0.01000	Loss 0.3141 (0.2773)	Prec@1 89.844 (90.856)	Prec@5 100.000 (99.885)
Epoch: [151][70/391], lr: 0.01000	Loss 0.3383 (0.2814)	Prec@1 88.281 (90.746)	Prec@5 100.000 (99.879)
Epoch: [151][80/391], lr: 0.01000	Loss 0.3295 (0.2790)	Prec@1 89.062 (90.866)	Prec@5 100.000 (99.894)
Epoch: [151][90/391], lr: 0.01000	Loss 0.2239 (0.2787)	Prec@1 92.969 (90.891)	Prec@5 100.000 (99.871)
Epoch: [151][100/391], lr: 0.01000	Loss 0.4010 (0.2795)	Prec@1 88.281 (90.888)	Prec@5 100.000 (99.884)
Epoch: [151][110/391], lr: 0.01000	Loss 0.3452 (0.2816)	Prec@1 89.844 (90.857)	Prec@5 100.000 (99.873)
Epoch: [151][120/391], lr: 0.01000	Loss 0.3634 (0.2816)	Prec@1 85.938 (90.819)	Prec@5 100.000 (99.864)
Epoch: [151][130/391], lr: 0.01000	Loss 0.3010 (0.2835)	Prec@1 87.500 (90.655)	Prec@5 100.000 (99.869)
Epoch: [151][140/391], lr: 0.01000	Loss 0.4026 (0.2882)	Prec@1 85.938 (90.547)	Prec@5 99.219 (99.850)
Epoch: [151][150/391], lr: 0.01000	Loss 0.3244 (0.2952)	Prec@1 92.188 (90.346)	Prec@5 100.000 (99.834)
Epoch: [151][160/391], lr: 0.01000	Loss 0.3914 (0.2984)	Prec@1 89.062 (90.169)	Prec@5 100.000 (99.830)
Epoch: [151][170/391], lr: 0.01000	Loss 0.3189 (0.2993)	Prec@1 89.062 (90.136)	Prec@5 100.000 (99.831)
Epoch: [151][180/391], lr: 0.01000	Loss 0.3808 (0.2995)	Prec@1 88.281 (90.094)	Prec@5 100.000 (99.836)
Epoch: [151][190/391], lr: 0.01000	Loss 0.2926 (0.2988)	Prec@1 92.188 (90.101)	Prec@5 100.000 (99.840)
Epoch: [151][200/391], lr: 0.01000	Loss 0.2640 (0.2984)	Prec@1 91.406 (90.139)	Prec@5 100.000 (99.848)
Epoch: [151][210/391], lr: 0.01000	Loss 0.2774 (0.2997)	Prec@1 90.625 (90.140)	Prec@5 99.219 (99.837)
Epoch: [151][220/391], lr: 0.01000	Loss 0.2107 (0.2994)	Prec@1 93.750 (90.151)	Prec@5 100.000 (99.837)
Epoch: [151][230/391], lr: 0.01000	Loss 0.3300 (0.3025)	Prec@1 87.500 (90.053)	Prec@5 100.000 (99.824)
Epoch: [151][240/391], lr: 0.01000	Loss 0.1590 (0.3011)	Prec@1 93.750 (90.045)	Prec@5 100.000 (99.828)
Epoch: [151][250/391], lr: 0.01000	Loss 0.2379 (0.3012)	Prec@1 91.406 (90.062)	Prec@5 100.000 (99.829)
Epoch: [151][260/391], lr: 0.01000	Loss 0.4953 (0.3033)	Prec@1 84.375 (89.984)	Prec@5 100.000 (99.832)
Epoch: [151][270/391], lr: 0.01000	Loss 0.3326 (0.3042)	Prec@1 89.844 (89.945)	Prec@5 100.000 (99.833)
Epoch: [151][280/391], lr: 0.01000	Loss 0.3878 (0.3051)	Prec@1 90.625 (89.924)	Prec@5 97.656 (99.822)
Epoch: [151][290/391], lr: 0.01000	Loss 0.2715 (0.3051)	Prec@1 90.625 (89.930)	Prec@5 100.000 (99.825)
Epoch: [151][300/391], lr: 0.01000	Loss 0.3232 (0.3057)	Prec@1 87.500 (89.896)	Prec@5 100.000 (99.824)
Epoch: [151][310/391], lr: 0.01000	Loss 0.2278 (0.3062)	Prec@1 91.406 (89.907)	Prec@5 100.000 (99.822)
Epoch: [151][320/391], lr: 0.01000	Loss 0.1975 (0.3065)	Prec@1 93.750 (89.892)	Prec@5 100.000 (99.815)
Epoch: [151][330/391], lr: 0.01000	Loss 0.2681 (0.3073)	Prec@1 89.062 (89.851)	Prec@5 100.000 (99.811)
Epoch: [151][340/391], lr: 0.01000	Loss 0.4600 (0.3077)	Prec@1 84.375 (89.825)	Prec@5 100.000 (99.803)
Epoch: [151][350/391], lr: 0.01000	Loss 0.4163 (0.3092)	Prec@1 87.500 (89.761)	Prec@5 100.000 (99.802)
Epoch: [151][360/391], lr: 0.01000	Loss 0.2995 (0.3097)	Prec@1 91.406 (89.749)	Prec@5 100.000 (99.803)
Epoch: [151][370/391], lr: 0.01000	Loss 0.2793 (0.3108)	Prec@1 90.625 (89.713)	Prec@5 100.000 (99.798)
Epoch: [151][380/391], lr: 0.01000	Loss 0.2725 (0.3097)	Prec@1 89.844 (89.747)	Prec@5 100.000 (99.799)
Epoch: [151][390/391], lr: 0.01000	Loss 0.3366 (0.3098)	Prec@1 87.500 (89.724)	Prec@5 100.000 (99.796)
Epoch [151] Training Results: Prec@1 89.724 Prec@5 99.796             Loss 0.30979
Epoch [151] Training Class Recall: [0.804,0.851,0.850,0.879,0.900,0.918,0.936,0.936,0.950,0.948]

Epoch: [152][0/391], lr: 0.01000	Loss 0.3813 (0.3813)	Prec@1 89.062 (89.062)	Prec@5 99.219 (99.219)
Epoch: [152][10/391], lr: 0.01000	Loss 0.2927 (0.2734)	Prec@1 89.844 (90.483)	Prec@5 99.219 (99.858)
Epoch: [152][20/391], lr: 0.01000	Loss 0.3199 (0.2823)	Prec@1 87.500 (90.253)	Prec@5 100.000 (99.888)
Epoch: [152][30/391], lr: 0.01000	Loss 0.3464 (0.2905)	Prec@1 92.188 (89.970)	Prec@5 100.000 (99.849)
Epoch: [152][40/391], lr: 0.01000	Loss 0.2211 (0.3029)	Prec@1 93.750 (89.463)	Prec@5 100.000 (99.771)
Epoch: [152][50/391], lr: 0.01000	Loss 0.4763 (0.3083)	Prec@1 85.938 (89.384)	Prec@5 100.000 (99.786)
Epoch: [152][60/391], lr: 0.01000	Loss 0.3264 (0.3053)	Prec@1 89.844 (89.460)	Prec@5 99.219 (99.808)
Epoch: [152][70/391], lr: 0.01000	Loss 0.4393 (0.3155)	Prec@1 90.625 (89.228)	Prec@5 99.219 (99.791)
Epoch: [152][80/391], lr: 0.01000	Loss 0.4688 (0.3219)	Prec@1 82.031 (89.005)	Prec@5 98.438 (99.749)
Epoch: [152][90/391], lr: 0.01000	Loss 0.3953 (0.3234)	Prec@1 88.281 (89.037)	Prec@5 100.000 (99.717)
Epoch: [152][100/391], lr: 0.01000	Loss 0.3549 (0.3220)	Prec@1 89.844 (89.039)	Prec@5 100.000 (99.729)
Epoch: [152][110/391], lr: 0.01000	Loss 0.4195 (0.3276)	Prec@1 83.594 (88.922)	Prec@5 99.219 (99.697)
Epoch: [152][120/391], lr: 0.01000	Loss 0.4636 (0.3302)	Prec@1 83.594 (88.830)	Prec@5 100.000 (99.690)
Epoch: [152][130/391], lr: 0.01000	Loss 0.3162 (0.3316)	Prec@1 90.625 (88.800)	Prec@5 100.000 (99.690)
Epoch: [152][140/391], lr: 0.01000	Loss 0.4032 (0.3339)	Prec@1 86.719 (88.763)	Prec@5 100.000 (99.690)
Epoch: [152][150/391], lr: 0.01000	Loss 0.3052 (0.3325)	Prec@1 89.062 (88.835)	Prec@5 100.000 (99.695)
Epoch: [152][160/391], lr: 0.01000	Loss 0.3775 (0.3318)	Prec@1 85.156 (88.873)	Prec@5 100.000 (99.709)
Epoch: [152][170/391], lr: 0.01000	Loss 0.2474 (0.3310)	Prec@1 93.750 (88.880)	Prec@5 100.000 (99.721)
Epoch: [152][180/391], lr: 0.01000	Loss 0.3221 (0.3330)	Prec@1 90.625 (88.873)	Prec@5 100.000 (99.724)
Epoch: [152][190/391], lr: 0.01000	Loss 0.3605 (0.3327)	Prec@1 86.719 (88.874)	Prec@5 100.000 (99.738)
Epoch: [152][200/391], lr: 0.01000	Loss 0.5041 (0.3345)	Prec@1 83.594 (88.825)	Prec@5 99.219 (99.732)
Epoch: [152][210/391], lr: 0.01000	Loss 0.3935 (0.3337)	Prec@1 89.844 (88.851)	Prec@5 100.000 (99.733)
Epoch: [152][220/391], lr: 0.01000	Loss 0.3056 (0.3345)	Prec@1 85.938 (88.790)	Prec@5 100.000 (99.735)
Epoch: [152][230/391], lr: 0.01000	Loss 0.3478 (0.3344)	Prec@1 89.844 (88.826)	Prec@5 99.219 (99.729)
Epoch: [152][240/391], lr: 0.01000	Loss 0.4383 (0.3353)	Prec@1 83.594 (88.806)	Prec@5 99.219 (99.731)
Epoch: [152][250/391], lr: 0.01000	Loss 0.4620 (0.3368)	Prec@1 82.031 (88.748)	Prec@5 100.000 (99.735)
Epoch: [152][260/391], lr: 0.01000	Loss 0.3731 (0.3374)	Prec@1 89.062 (88.730)	Prec@5 99.219 (99.737)
Epoch: [152][270/391], lr: 0.01000	Loss 0.3688 (0.3364)	Prec@1 89.062 (88.754)	Prec@5 100.000 (99.741)
Epoch: [152][280/391], lr: 0.01000	Loss 0.2969 (0.3349)	Prec@1 89.844 (88.807)	Prec@5 100.000 (99.747)
Epoch: [152][290/391], lr: 0.01000	Loss 0.2735 (0.3331)	Prec@1 90.625 (88.856)	Prec@5 100.000 (99.750)
Epoch: [152][300/391], lr: 0.01000	Loss 0.2413 (0.3315)	Prec@1 93.750 (88.930)	Prec@5 100.000 (99.756)
Epoch: [152][310/391], lr: 0.01000	Loss 0.2747 (0.3308)	Prec@1 92.188 (88.957)	Prec@5 100.000 (99.761)
Epoch: [152][320/391], lr: 0.01000	Loss 0.3180 (0.3304)	Prec@1 89.844 (88.963)	Prec@5 98.438 (99.759)
Epoch: [152][330/391], lr: 0.01000	Loss 0.1787 (0.3286)	Prec@1 94.531 (89.032)	Prec@5 100.000 (99.764)
Epoch: [152][340/391], lr: 0.01000	Loss 0.3452 (0.3275)	Prec@1 88.281 (89.074)	Prec@5 100.000 (99.766)
Epoch: [152][350/391], lr: 0.01000	Loss 0.3039 (0.3273)	Prec@1 91.406 (89.100)	Prec@5 98.438 (99.764)
Epoch: [152][360/391], lr: 0.01000	Loss 0.3538 (0.3267)	Prec@1 86.719 (89.112)	Prec@5 100.000 (99.764)
Epoch: [152][370/391], lr: 0.01000	Loss 0.4384 (0.3264)	Prec@1 84.375 (89.124)	Prec@5 100.000 (99.762)
Epoch: [152][380/391], lr: 0.01000	Loss 0.3990 (0.3268)	Prec@1 89.844 (89.112)	Prec@5 99.219 (99.766)
Epoch: [152][390/391], lr: 0.01000	Loss 0.4479 (0.3277)	Prec@1 86.250 (89.070)	Prec@5 100.000 (99.766)
Epoch [152] Training Results: Prec@1 89.070 Prec@5 99.766             Loss 0.32772
Epoch [152] Training Class Recall: [0.794,0.848,0.833,0.871,0.900,0.912,0.929,0.925,0.946,0.949]

Epoch: [153][0/391], lr: 0.01000	Loss 0.4111 (0.4111)	Prec@1 89.062 (89.062)	Prec@5 99.219 (99.219)
Epoch: [153][10/391], lr: 0.01000	Loss 0.3947 (0.3375)	Prec@1 85.156 (88.494)	Prec@5 99.219 (99.858)
Epoch: [153][20/391], lr: 0.01000	Loss 0.2533 (0.3415)	Prec@1 91.406 (88.281)	Prec@5 100.000 (99.814)
Epoch: [153][30/391], lr: 0.01000	Loss 0.2120 (0.3360)	Prec@1 93.750 (88.407)	Prec@5 100.000 (99.773)
Epoch: [153][40/391], lr: 0.01000	Loss 0.3055 (0.3323)	Prec@1 89.844 (88.681)	Prec@5 99.219 (99.695)
Epoch: [153][50/391], lr: 0.01000	Loss 0.2371 (0.3318)	Prec@1 92.969 (88.848)	Prec@5 100.000 (99.755)
Epoch: [153][60/391], lr: 0.01000	Loss 0.2597 (0.3234)	Prec@1 89.062 (89.139)	Prec@5 100.000 (99.782)
Epoch: [153][70/391], lr: 0.01000	Loss 0.3369 (0.3196)	Prec@1 90.625 (89.305)	Prec@5 100.000 (99.769)
Epoch: [153][80/391], lr: 0.01000	Loss 0.2695 (0.3163)	Prec@1 89.844 (89.448)	Prec@5 99.219 (99.749)
Epoch: [153][90/391], lr: 0.01000	Loss 0.2980 (0.3155)	Prec@1 90.625 (89.509)	Prec@5 100.000 (99.760)
Epoch: [153][100/391], lr: 0.01000	Loss 0.4370 (0.3141)	Prec@1 85.938 (89.542)	Prec@5 99.219 (99.745)
Epoch: [153][110/391], lr: 0.01000	Loss 0.3320 (0.3124)	Prec@1 90.625 (89.555)	Prec@5 100.000 (99.761)
Epoch: [153][120/391], lr: 0.01000	Loss 0.4458 (0.3149)	Prec@1 86.719 (89.469)	Prec@5 100.000 (99.761)
Epoch: [153][130/391], lr: 0.01000	Loss 0.4490 (0.3166)	Prec@1 85.938 (89.438)	Prec@5 100.000 (99.761)
Epoch: [153][140/391], lr: 0.01000	Loss 0.4601 (0.3170)	Prec@1 85.156 (89.340)	Prec@5 100.000 (99.778)
Epoch: [153][150/391], lr: 0.01000	Loss 0.2920 (0.3177)	Prec@1 90.625 (89.306)	Prec@5 99.219 (99.757)
Epoch: [153][160/391], lr: 0.01000	Loss 0.4493 (0.3186)	Prec@1 82.812 (89.257)	Prec@5 100.000 (99.767)
Epoch: [153][170/391], lr: 0.01000	Loss 0.3458 (0.3194)	Prec@1 86.719 (89.291)	Prec@5 100.000 (99.772)
Epoch: [153][180/391], lr: 0.01000	Loss 0.5068 (0.3202)	Prec@1 83.594 (89.283)	Prec@5 99.219 (99.763)
Epoch: [153][190/391], lr: 0.01000	Loss 0.3492 (0.3192)	Prec@1 88.281 (89.316)	Prec@5 100.000 (99.759)
Epoch: [153][200/391], lr: 0.01000	Loss 0.3792 (0.3207)	Prec@1 89.062 (89.265)	Prec@5 99.219 (99.755)
Epoch: [153][210/391], lr: 0.01000	Loss 0.2406 (0.3207)	Prec@1 90.625 (89.270)	Prec@5 100.000 (99.763)
Epoch: [153][220/391], lr: 0.01000	Loss 0.3589 (0.3201)	Prec@1 89.844 (89.257)	Prec@5 100.000 (99.774)
Epoch: [153][230/391], lr: 0.01000	Loss 0.3046 (0.3185)	Prec@1 89.844 (89.326)	Prec@5 100.000 (99.773)
Epoch: [153][240/391], lr: 0.01000	Loss 0.2896 (0.3154)	Prec@1 89.062 (89.422)	Prec@5 100.000 (99.780)
Epoch: [153][250/391], lr: 0.01000	Loss 0.3334 (0.3153)	Prec@1 89.844 (89.452)	Prec@5 100.000 (99.785)
Epoch: [153][260/391], lr: 0.01000	Loss 0.3638 (0.3141)	Prec@1 87.500 (89.464)	Prec@5 100.000 (99.790)
Epoch: [153][270/391], lr: 0.01000	Loss 0.4093 (0.3144)	Prec@1 89.844 (89.475)	Prec@5 100.000 (99.790)
Epoch: [153][280/391], lr: 0.01000	Loss 0.1893 (0.3140)	Prec@1 95.312 (89.455)	Prec@5 100.000 (99.797)
Epoch: [153][290/391], lr: 0.01000	Loss 0.3926 (0.3137)	Prec@1 88.281 (89.436)	Prec@5 100.000 (99.801)
Epoch: [153][300/391], lr: 0.01000	Loss 0.4249 (0.3151)	Prec@1 82.812 (89.332)	Prec@5 100.000 (99.800)
Epoch: [153][310/391], lr: 0.01000	Loss 0.4078 (0.3155)	Prec@1 83.594 (89.329)	Prec@5 100.000 (99.802)
Epoch: [153][320/391], lr: 0.01000	Loss 0.3010 (0.3151)	Prec@1 86.719 (89.330)	Prec@5 100.000 (99.800)
Epoch: [153][330/391], lr: 0.01000	Loss 0.3905 (0.3163)	Prec@1 89.062 (89.301)	Prec@5 98.438 (99.797)
Epoch: [153][340/391], lr: 0.01000	Loss 0.2556 (0.3160)	Prec@1 95.312 (89.326)	Prec@5 100.000 (99.789)
Epoch: [153][350/391], lr: 0.01000	Loss 0.4452 (0.3175)	Prec@1 82.812 (89.263)	Prec@5 100.000 (99.784)
Epoch: [153][360/391], lr: 0.01000	Loss 0.4196 (0.3173)	Prec@1 86.719 (89.268)	Prec@5 100.000 (99.784)
Epoch: [153][370/391], lr: 0.01000	Loss 0.3475 (0.3178)	Prec@1 88.281 (89.256)	Prec@5 100.000 (99.785)
Epoch: [153][380/391], lr: 0.01000	Loss 0.3782 (0.3182)	Prec@1 86.719 (89.247)	Prec@5 100.000 (99.785)
Epoch: [153][390/391], lr: 0.01000	Loss 0.1968 (0.3188)	Prec@1 92.500 (89.226)	Prec@5 100.000 (99.784)
Epoch [153] Training Results: Prec@1 89.226 Prec@5 99.784             Loss 0.31879
Epoch [153] Training Class Recall: [0.792,0.848,0.839,0.874,0.906,0.916,0.929,0.927,0.939,0.951]

Epoch: [154][0/391], lr: 0.01000	Loss 0.3706 (0.3706)	Prec@1 83.594 (83.594)	Prec@5 100.000 (100.000)
Epoch: [154][10/391], lr: 0.01000	Loss 0.3349 (0.3051)	Prec@1 89.062 (89.205)	Prec@5 100.000 (99.858)
Epoch: [154][20/391], lr: 0.01000	Loss 0.3041 (0.3014)	Prec@1 89.062 (89.732)	Prec@5 100.000 (99.851)
Epoch: [154][30/391], lr: 0.01000	Loss 0.2975 (0.3127)	Prec@1 90.625 (89.239)	Prec@5 100.000 (99.824)
Epoch: [154][40/391], lr: 0.01000	Loss 0.4243 (0.3098)	Prec@1 86.719 (89.539)	Prec@5 99.219 (99.848)
Epoch: [154][50/391], lr: 0.01000	Loss 0.1798 (0.2992)	Prec@1 93.750 (89.966)	Prec@5 100.000 (99.847)
Epoch: [154][60/391], lr: 0.01000	Loss 0.2321 (0.2964)	Prec@1 89.844 (89.997)	Prec@5 100.000 (99.859)
Epoch: [154][70/391], lr: 0.01000	Loss 0.2804 (0.2917)	Prec@1 92.188 (90.119)	Prec@5 100.000 (99.868)
Epoch: [154][80/391], lr: 0.01000	Loss 0.2732 (0.2940)	Prec@1 91.406 (90.008)	Prec@5 100.000 (99.855)
Epoch: [154][90/391], lr: 0.01000	Loss 0.2079 (0.2905)	Prec@1 92.969 (90.213)	Prec@5 99.219 (99.854)
Epoch: [154][100/391], lr: 0.01000	Loss 0.2475 (0.2918)	Prec@1 87.500 (90.114)	Prec@5 100.000 (99.838)
Epoch: [154][110/391], lr: 0.01000	Loss 0.1778 (0.2936)	Prec@1 94.531 (90.055)	Prec@5 100.000 (99.845)
Epoch: [154][120/391], lr: 0.01000	Loss 0.2403 (0.2939)	Prec@1 93.750 (90.115)	Prec@5 99.219 (99.851)
Epoch: [154][130/391], lr: 0.01000	Loss 0.3082 (0.2968)	Prec@1 86.719 (89.945)	Prec@5 100.000 (99.845)
Epoch: [154][140/391], lr: 0.01000	Loss 0.2441 (0.2984)	Prec@1 92.188 (89.916)	Prec@5 100.000 (99.850)
Epoch: [154][150/391], lr: 0.01000	Loss 0.2552 (0.3008)	Prec@1 89.062 (89.797)	Prec@5 100.000 (99.850)
Epoch: [154][160/391], lr: 0.01000	Loss 0.2819 (0.3026)	Prec@1 92.188 (89.776)	Prec@5 99.219 (99.840)
Epoch: [154][170/391], lr: 0.01000	Loss 0.3763 (0.3039)	Prec@1 85.156 (89.725)	Prec@5 100.000 (99.840)
Epoch: [154][180/391], lr: 0.01000	Loss 0.2681 (0.3051)	Prec@1 92.969 (89.714)	Prec@5 99.219 (99.827)
Epoch: [154][190/391], lr: 0.01000	Loss 0.3517 (0.3061)	Prec@1 87.500 (89.668)	Prec@5 99.219 (99.820)
Epoch: [154][200/391], lr: 0.01000	Loss 0.2949 (0.3075)	Prec@1 90.625 (89.673)	Prec@5 100.000 (99.810)
Epoch: [154][210/391], lr: 0.01000	Loss 0.3239 (0.3077)	Prec@1 89.844 (89.692)	Prec@5 100.000 (99.800)
Epoch: [154][220/391], lr: 0.01000	Loss 0.2466 (0.3083)	Prec@1 91.406 (89.699)	Prec@5 100.000 (99.795)
Epoch: [154][230/391], lr: 0.01000	Loss 0.3200 (0.3095)	Prec@1 88.281 (89.654)	Prec@5 100.000 (99.787)
Epoch: [154][240/391], lr: 0.01000	Loss 0.3508 (0.3092)	Prec@1 86.719 (89.623)	Prec@5 100.000 (99.786)
Epoch: [154][250/391], lr: 0.01000	Loss 0.2618 (0.3097)	Prec@1 92.188 (89.592)	Prec@5 100.000 (99.785)
Epoch: [154][260/391], lr: 0.01000	Loss 0.2949 (0.3113)	Prec@1 89.062 (89.532)	Prec@5 99.219 (99.781)
Epoch: [154][270/391], lr: 0.01000	Loss 0.2096 (0.3108)	Prec@1 90.625 (89.558)	Prec@5 100.000 (99.778)
Epoch: [154][280/391], lr: 0.01000	Loss 0.3684 (0.3118)	Prec@1 86.719 (89.521)	Prec@5 100.000 (99.769)
Epoch: [154][290/391], lr: 0.01000	Loss 0.4354 (0.3118)	Prec@1 86.719 (89.532)	Prec@5 100.000 (99.772)
Epoch: [154][300/391], lr: 0.01000	Loss 0.3220 (0.3127)	Prec@1 91.406 (89.527)	Prec@5 100.000 (99.774)
Epoch: [154][310/391], lr: 0.01000	Loss 0.3062 (0.3124)	Prec@1 88.281 (89.512)	Prec@5 100.000 (99.774)
Epoch: [154][320/391], lr: 0.01000	Loss 0.2507 (0.3107)	Prec@1 91.406 (89.561)	Prec@5 100.000 (99.771)
Epoch: [154][330/391], lr: 0.01000	Loss 0.2584 (0.3100)	Prec@1 92.188 (89.603)	Prec@5 100.000 (99.771)
Epoch: [154][340/391], lr: 0.01000	Loss 0.3570 (0.3112)	Prec@1 87.500 (89.557)	Prec@5 100.000 (99.771)
Epoch: [154][350/391], lr: 0.01000	Loss 0.3929 (0.3119)	Prec@1 86.719 (89.552)	Prec@5 100.000 (99.773)
Epoch: [154][360/391], lr: 0.01000	Loss 0.3282 (0.3126)	Prec@1 89.844 (89.541)	Prec@5 99.219 (99.771)
Epoch: [154][370/391], lr: 0.01000	Loss 0.3723 (0.3131)	Prec@1 86.719 (89.545)	Prec@5 100.000 (99.775)
Epoch: [154][380/391], lr: 0.01000	Loss 0.3057 (0.3131)	Prec@1 90.625 (89.563)	Prec@5 100.000 (99.781)
Epoch: [154][390/391], lr: 0.01000	Loss 0.6125 (0.3139)	Prec@1 85.000 (89.564)	Prec@5 100.000 (99.778)
Epoch [154] Training Results: Prec@1 89.564 Prec@5 99.778             Loss 0.31392
Epoch [154] Training Class Recall: [0.802,0.855,0.845,0.884,0.899,0.909,0.932,0.931,0.950,0.949]

Epoch: [155][0/391], lr: 0.01000	Loss 0.5375 (0.5375)	Prec@1 83.594 (83.594)	Prec@5 98.438 (98.438)
Epoch: [155][10/391], lr: 0.01000	Loss 0.4671 (0.3293)	Prec@1 81.250 (89.276)	Prec@5 99.219 (99.787)
Epoch: [155][20/391], lr: 0.01000	Loss 0.3493 (0.3244)	Prec@1 89.062 (89.583)	Prec@5 99.219 (99.814)
Epoch: [155][30/391], lr: 0.01000	Loss 0.3626 (0.3188)	Prec@1 89.062 (89.919)	Prec@5 100.000 (99.798)
Epoch: [155][40/391], lr: 0.01000	Loss 0.3193 (0.3149)	Prec@1 90.625 (90.053)	Prec@5 100.000 (99.790)
Epoch: [155][50/391], lr: 0.01000	Loss 0.3317 (0.3151)	Prec@1 89.844 (89.890)	Prec@5 99.219 (99.786)
Epoch: [155][60/391], lr: 0.01000	Loss 0.4158 (0.3126)	Prec@1 83.594 (89.741)	Prec@5 99.219 (99.795)
Epoch: [155][70/391], lr: 0.01000	Loss 0.4270 (0.3090)	Prec@1 85.156 (89.855)	Prec@5 100.000 (99.802)
Epoch: [155][80/391], lr: 0.01000	Loss 0.3939 (0.3020)	Prec@1 86.719 (90.104)	Prec@5 99.219 (99.807)
Epoch: [155][90/391], lr: 0.01000	Loss 0.2146 (0.2992)	Prec@1 92.188 (90.204)	Prec@5 100.000 (99.803)
Epoch: [155][100/391], lr: 0.01000	Loss 0.2795 (0.2955)	Prec@1 88.281 (90.223)	Prec@5 100.000 (99.807)
Epoch: [155][110/391], lr: 0.01000	Loss 0.3160 (0.2931)	Prec@1 89.062 (90.301)	Prec@5 100.000 (99.810)
Epoch: [155][120/391], lr: 0.01000	Loss 0.3092 (0.2946)	Prec@1 88.281 (90.283)	Prec@5 100.000 (99.806)
Epoch: [155][130/391], lr: 0.01000	Loss 0.2621 (0.2946)	Prec@1 95.312 (90.297)	Prec@5 99.219 (99.803)
Epoch: [155][140/391], lr: 0.01000	Loss 0.3082 (0.2949)	Prec@1 88.281 (90.276)	Prec@5 100.000 (99.795)
Epoch: [155][150/391], lr: 0.01000	Loss 0.3495 (0.2981)	Prec@1 88.281 (90.118)	Prec@5 100.000 (99.798)
Epoch: [155][160/391], lr: 0.01000	Loss 0.4553 (0.3030)	Prec@1 85.938 (90.038)	Prec@5 99.219 (99.796)
Epoch: [155][170/391], lr: 0.01000	Loss 0.2479 (0.3061)	Prec@1 92.188 (89.976)	Prec@5 98.438 (99.785)
Epoch: [155][180/391], lr: 0.01000	Loss 0.3188 (0.3093)	Prec@1 87.500 (89.878)	Prec@5 100.000 (99.776)
Epoch: [155][190/391], lr: 0.01000	Loss 0.3304 (0.3112)	Prec@1 85.938 (89.827)	Prec@5 100.000 (99.775)
Epoch: [155][200/391], lr: 0.01000	Loss 0.3987 (0.3134)	Prec@1 87.500 (89.712)	Prec@5 99.219 (99.775)
Epoch: [155][210/391], lr: 0.01000	Loss 0.2689 (0.3138)	Prec@1 92.969 (89.703)	Prec@5 100.000 (99.778)
Epoch: [155][220/391], lr: 0.01000	Loss 0.2058 (0.3140)	Prec@1 94.531 (89.674)	Prec@5 100.000 (99.770)
Epoch: [155][230/391], lr: 0.01000	Loss 0.2793 (0.3137)	Prec@1 89.844 (89.668)	Prec@5 100.000 (99.767)
Epoch: [155][240/391], lr: 0.01000	Loss 0.3182 (0.3141)	Prec@1 87.500 (89.614)	Prec@5 100.000 (99.773)
Epoch: [155][250/391], lr: 0.01000	Loss 0.2109 (0.3129)	Prec@1 93.750 (89.666)	Prec@5 100.000 (99.776)
Epoch: [155][260/391], lr: 0.01000	Loss 0.3568 (0.3139)	Prec@1 88.281 (89.616)	Prec@5 100.000 (99.778)
Epoch: [155][270/391], lr: 0.01000	Loss 0.2029 (0.3128)	Prec@1 93.750 (89.651)	Prec@5 100.000 (99.781)
Epoch: [155][280/391], lr: 0.01000	Loss 0.2659 (0.3133)	Prec@1 87.500 (89.619)	Prec@5 100.000 (99.780)
Epoch: [155][290/391], lr: 0.01000	Loss 0.2666 (0.3134)	Prec@1 89.844 (89.629)	Prec@5 100.000 (99.777)
Epoch: [155][300/391], lr: 0.01000	Loss 0.3420 (0.3141)	Prec@1 88.281 (89.589)	Prec@5 100.000 (99.774)
Epoch: [155][310/391], lr: 0.01000	Loss 0.3660 (0.3159)	Prec@1 85.938 (89.547)	Prec@5 100.000 (99.769)
Epoch: [155][320/391], lr: 0.01000	Loss 0.2479 (0.3168)	Prec@1 90.625 (89.515)	Prec@5 100.000 (99.757)
Epoch: [155][330/391], lr: 0.01000	Loss 0.2782 (0.3174)	Prec@1 90.625 (89.504)	Prec@5 99.219 (99.750)
Epoch: [155][340/391], lr: 0.01000	Loss 0.3252 (0.3189)	Prec@1 92.188 (89.475)	Prec@5 100.000 (99.750)
Epoch: [155][350/391], lr: 0.01000	Loss 0.3385 (0.3197)	Prec@1 88.281 (89.472)	Prec@5 100.000 (99.746)
Epoch: [155][360/391], lr: 0.01000	Loss 0.3432 (0.3207)	Prec@1 92.969 (89.467)	Prec@5 98.438 (99.740)
Epoch: [155][370/391], lr: 0.01000	Loss 0.4718 (0.3216)	Prec@1 79.688 (89.406)	Prec@5 100.000 (99.745)
Epoch: [155][380/391], lr: 0.01000	Loss 0.4144 (0.3225)	Prec@1 85.938 (89.386)	Prec@5 100.000 (99.740)
Epoch: [155][390/391], lr: 0.01000	Loss 0.2358 (0.3221)	Prec@1 93.750 (89.408)	Prec@5 100.000 (99.740)
Epoch [155] Training Results: Prec@1 89.408 Prec@5 99.740             Loss 0.32214
Epoch [155] Training Class Recall: [0.796,0.858,0.838,0.879,0.904,0.911,0.928,0.931,0.946,0.949]

Epoch: [156][0/391], lr: 0.01000	Loss 0.3035 (0.3035)	Prec@1 87.500 (87.500)	Prec@5 100.000 (100.000)
Epoch: [156][10/391], lr: 0.01000	Loss 0.2607 (0.2762)	Prec@1 89.062 (89.986)	Prec@5 100.000 (99.929)
Epoch: [156][20/391], lr: 0.01000	Loss 0.1976 (0.2567)	Prec@1 93.750 (90.923)	Prec@5 100.000 (99.926)
Epoch: [156][30/391], lr: 0.01000	Loss 0.2841 (0.2680)	Prec@1 92.188 (90.701)	Prec@5 99.219 (99.899)
Epoch: [156][40/391], lr: 0.01000	Loss 0.3172 (0.2680)	Prec@1 87.500 (90.796)	Prec@5 100.000 (99.905)
Epoch: [156][50/391], lr: 0.01000	Loss 0.2304 (0.2665)	Prec@1 91.406 (90.732)	Prec@5 100.000 (99.893)
Epoch: [156][60/391], lr: 0.01000	Loss 0.3834 (0.2719)	Prec@1 84.375 (90.561)	Prec@5 100.000 (99.898)
Epoch: [156][70/391], lr: 0.01000	Loss 0.2849 (0.2706)	Prec@1 88.281 (90.647)	Prec@5 100.000 (99.890)
Epoch: [156][80/391], lr: 0.01000	Loss 0.3227 (0.2734)	Prec@1 92.969 (90.654)	Prec@5 100.000 (99.884)
Epoch: [156][90/391], lr: 0.01000	Loss 0.3987 (0.2799)	Prec@1 86.719 (90.488)	Prec@5 99.219 (99.871)
Epoch: [156][100/391], lr: 0.01000	Loss 0.3128 (0.2801)	Prec@1 89.844 (90.532)	Prec@5 100.000 (99.868)
Epoch: [156][110/391], lr: 0.01000	Loss 0.2960 (0.2855)	Prec@1 91.406 (90.393)	Prec@5 100.000 (99.859)
Epoch: [156][120/391], lr: 0.01000	Loss 0.3269 (0.2892)	Prec@1 89.062 (90.218)	Prec@5 99.219 (99.845)
Epoch: [156][130/391], lr: 0.01000	Loss 0.3357 (0.2918)	Prec@1 87.500 (90.082)	Prec@5 99.219 (99.839)
Epoch: [156][140/391], lr: 0.01000	Loss 0.3244 (0.2961)	Prec@1 90.625 (89.982)	Prec@5 100.000 (99.834)
Epoch: [156][150/391], lr: 0.01000	Loss 0.4519 (0.3001)	Prec@1 85.156 (89.823)	Prec@5 99.219 (99.824)
Epoch: [156][160/391], lr: 0.01000	Loss 0.2634 (0.3041)	Prec@1 93.750 (89.756)	Prec@5 100.000 (99.825)
Epoch: [156][170/391], lr: 0.01000	Loss 0.4499 (0.3063)	Prec@1 88.281 (89.716)	Prec@5 99.219 (99.817)
Epoch: [156][180/391], lr: 0.01000	Loss 0.3826 (0.3083)	Prec@1 84.375 (89.650)	Prec@5 100.000 (99.819)
Epoch: [156][190/391], lr: 0.01000	Loss 0.3011 (0.3091)	Prec@1 89.844 (89.643)	Prec@5 100.000 (99.824)
Epoch: [156][200/391], lr: 0.01000	Loss 0.3311 (0.3120)	Prec@1 84.375 (89.529)	Prec@5 100.000 (99.821)
Epoch: [156][210/391], lr: 0.01000	Loss 0.5200 (0.3146)	Prec@1 81.250 (89.451)	Prec@5 99.219 (99.811)
Epoch: [156][220/391], lr: 0.01000	Loss 0.3252 (0.3163)	Prec@1 89.844 (89.409)	Prec@5 100.000 (99.809)
Epoch: [156][230/391], lr: 0.01000	Loss 0.4102 (0.3169)	Prec@1 84.375 (89.411)	Prec@5 100.000 (99.811)
Epoch: [156][240/391], lr: 0.01000	Loss 0.1960 (0.3178)	Prec@1 94.531 (89.416)	Prec@5 100.000 (99.809)
Epoch: [156][250/391], lr: 0.01000	Loss 0.2205 (0.3175)	Prec@1 92.188 (89.442)	Prec@5 100.000 (99.804)
Epoch: [156][260/391], lr: 0.01000	Loss 0.3680 (0.3181)	Prec@1 89.844 (89.437)	Prec@5 99.219 (99.802)
Epoch: [156][270/391], lr: 0.01000	Loss 0.4033 (0.3188)	Prec@1 83.594 (89.408)	Prec@5 100.000 (99.804)
Epoch: [156][280/391], lr: 0.01000	Loss 0.4044 (0.3193)	Prec@1 89.844 (89.432)	Prec@5 100.000 (99.797)
Epoch: [156][290/391], lr: 0.01000	Loss 0.2905 (0.3199)	Prec@1 91.406 (89.422)	Prec@5 100.000 (99.793)
Epoch: [156][300/391], lr: 0.01000	Loss 0.2932 (0.3188)	Prec@1 89.062 (89.449)	Prec@5 100.000 (99.795)
Epoch: [156][310/391], lr: 0.01000	Loss 0.3722 (0.3186)	Prec@1 82.031 (89.422)	Prec@5 100.000 (99.799)
Epoch: [156][320/391], lr: 0.01000	Loss 0.4129 (0.3187)	Prec@1 88.281 (89.425)	Prec@5 100.000 (99.798)
Epoch: [156][330/391], lr: 0.01000	Loss 0.3166 (0.3185)	Prec@1 89.844 (89.421)	Prec@5 100.000 (99.802)
Epoch: [156][340/391], lr: 0.01000	Loss 0.3066 (0.3191)	Prec@1 88.281 (89.406)	Prec@5 99.219 (99.801)
Epoch: [156][350/391], lr: 0.01000	Loss 0.3202 (0.3202)	Prec@1 88.281 (89.345)	Prec@5 100.000 (99.795)
Epoch: [156][360/391], lr: 0.01000	Loss 0.4303 (0.3208)	Prec@1 83.594 (89.329)	Prec@5 100.000 (99.797)
Epoch: [156][370/391], lr: 0.01000	Loss 0.2937 (0.3210)	Prec@1 88.281 (89.319)	Prec@5 100.000 (99.798)
Epoch: [156][380/391], lr: 0.01000	Loss 0.4033 (0.3215)	Prec@1 86.719 (89.302)	Prec@5 99.219 (99.797)
Epoch: [156][390/391], lr: 0.01000	Loss 0.1752 (0.3217)	Prec@1 92.500 (89.306)	Prec@5 100.000 (99.794)
Epoch [156] Training Results: Prec@1 89.306 Prec@5 99.794             Loss 0.32171
Epoch [156] Training Class Recall: [0.796,0.854,0.841,0.870,0.906,0.915,0.925,0.933,0.942,0.947]

Epoch: [157][0/391], lr: 0.01000	Loss 0.3600 (0.3600)	Prec@1 89.062 (89.062)	Prec@5 99.219 (99.219)
Epoch: [157][10/391], lr: 0.01000	Loss 0.2840 (0.2852)	Prec@1 89.844 (90.483)	Prec@5 100.000 (99.858)
Epoch: [157][20/391], lr: 0.01000	Loss 0.3518 (0.3037)	Prec@1 85.938 (89.695)	Prec@5 100.000 (99.851)
Epoch: [157][30/391], lr: 0.01000	Loss 0.2794 (0.3055)	Prec@1 90.625 (89.793)	Prec@5 100.000 (99.748)
Epoch: [157][40/391], lr: 0.01000	Loss 0.3520 (0.3045)	Prec@1 91.406 (89.844)	Prec@5 99.219 (99.752)
Epoch: [157][50/391], lr: 0.01000	Loss 0.3034 (0.3024)	Prec@1 90.625 (89.997)	Prec@5 99.219 (99.755)
Epoch: [157][60/391], lr: 0.01000	Loss 0.2015 (0.3021)	Prec@1 92.969 (90.164)	Prec@5 100.000 (99.718)
Epoch: [157][70/391], lr: 0.01000	Loss 0.3948 (0.2964)	Prec@1 88.281 (90.328)	Prec@5 100.000 (99.736)
Epoch: [157][80/391], lr: 0.01000	Loss 0.3063 (0.2950)	Prec@1 91.406 (90.355)	Prec@5 100.000 (99.769)
Epoch: [157][90/391], lr: 0.01000	Loss 0.2166 (0.2976)	Prec@1 95.312 (90.256)	Prec@5 100.000 (99.768)
Epoch: [157][100/391], lr: 0.01000	Loss 0.3076 (0.2983)	Prec@1 91.406 (90.323)	Prec@5 100.000 (99.768)
Epoch: [157][110/391], lr: 0.01000	Loss 0.3289 (0.2968)	Prec@1 91.406 (90.400)	Prec@5 100.000 (99.782)
Epoch: [157][120/391], lr: 0.01000	Loss 0.2880 (0.2978)	Prec@1 90.625 (90.380)	Prec@5 100.000 (99.800)
Epoch: [157][130/391], lr: 0.01000	Loss 0.3712 (0.2996)	Prec@1 89.062 (90.279)	Prec@5 99.219 (99.809)
Epoch: [157][140/391], lr: 0.01000	Loss 0.2619 (0.2975)	Prec@1 92.188 (90.304)	Prec@5 100.000 (99.817)
Epoch: [157][150/391], lr: 0.01000	Loss 0.3080 (0.2952)	Prec@1 88.281 (90.371)	Prec@5 99.219 (99.809)
Epoch: [157][160/391], lr: 0.01000	Loss 0.2838 (0.2945)	Prec@1 91.406 (90.387)	Prec@5 100.000 (99.820)
Epoch: [157][170/391], lr: 0.01000	Loss 0.2747 (0.2945)	Prec@1 87.500 (90.346)	Prec@5 100.000 (99.817)
Epoch: [157][180/391], lr: 0.01000	Loss 0.2047 (0.2944)	Prec@1 91.406 (90.323)	Prec@5 100.000 (99.810)
Epoch: [157][190/391], lr: 0.01000	Loss 0.2897 (0.2954)	Prec@1 89.062 (90.212)	Prec@5 100.000 (99.816)
Epoch: [157][200/391], lr: 0.01000	Loss 0.3400 (0.2964)	Prec@1 86.719 (90.108)	Prec@5 100.000 (99.821)
Epoch: [157][210/391], lr: 0.01000	Loss 0.2356 (0.2965)	Prec@1 90.625 (90.133)	Prec@5 100.000 (99.819)
Epoch: [157][220/391], lr: 0.01000	Loss 0.2675 (0.2958)	Prec@1 89.844 (90.127)	Prec@5 100.000 (99.820)
Epoch: [157][230/391], lr: 0.01000	Loss 0.2777 (0.2965)	Prec@1 88.281 (90.087)	Prec@5 100.000 (99.817)
Epoch: [157][240/391], lr: 0.01000	Loss 0.3577 (0.2970)	Prec@1 91.406 (90.126)	Prec@5 99.219 (99.818)
Epoch: [157][250/391], lr: 0.01000	Loss 0.3081 (0.2966)	Prec@1 90.625 (90.164)	Prec@5 100.000 (99.810)
Epoch: [157][260/391], lr: 0.01000	Loss 0.3212 (0.2964)	Prec@1 91.406 (90.182)	Prec@5 100.000 (99.811)
Epoch: [157][270/391], lr: 0.01000	Loss 0.2373 (0.2973)	Prec@1 89.844 (90.152)	Prec@5 100.000 (99.813)
Epoch: [157][280/391], lr: 0.01000	Loss 0.2928 (0.2969)	Prec@1 92.969 (90.161)	Prec@5 100.000 (99.817)
Epoch: [157][290/391], lr: 0.01000	Loss 0.2833 (0.2979)	Prec@1 88.281 (90.088)	Prec@5 100.000 (99.820)
Epoch: [157][300/391], lr: 0.01000	Loss 0.3648 (0.2990)	Prec@1 88.281 (90.096)	Prec@5 99.219 (99.821)
Epoch: [157][310/391], lr: 0.01000	Loss 0.5730 (0.3010)	Prec@1 85.156 (90.050)	Prec@5 98.438 (99.817)
Epoch: [157][320/391], lr: 0.01000	Loss 0.3330 (0.3015)	Prec@1 89.844 (90.021)	Prec@5 100.000 (99.813)
Epoch: [157][330/391], lr: 0.01000	Loss 0.3979 (0.3030)	Prec@1 89.844 (90.007)	Prec@5 99.219 (99.806)
Epoch: [157][340/391], lr: 0.01000	Loss 0.4022 (0.3045)	Prec@1 85.156 (89.961)	Prec@5 100.000 (99.808)
Epoch: [157][350/391], lr: 0.01000	Loss 0.2248 (0.3055)	Prec@1 94.531 (89.893)	Prec@5 100.000 (99.806)
Epoch: [157][360/391], lr: 0.01000	Loss 0.3743 (0.3068)	Prec@1 87.500 (89.855)	Prec@5 99.219 (99.797)
Epoch: [157][370/391], lr: 0.01000	Loss 0.2481 (0.3075)	Prec@1 89.844 (89.810)	Prec@5 100.000 (99.798)
Epoch: [157][380/391], lr: 0.01000	Loss 0.3378 (0.3076)	Prec@1 87.500 (89.774)	Prec@5 100.000 (99.799)
Epoch: [157][390/391], lr: 0.01000	Loss 0.2784 (0.3076)	Prec@1 86.250 (89.768)	Prec@5 100.000 (99.800)
Epoch [157] Training Results: Prec@1 89.768 Prec@5 99.800             Loss 0.30761
Epoch [157] Training Class Recall: [0.802,0.858,0.843,0.880,0.907,0.920,0.936,0.934,0.949,0.947]

Epoch: [158][0/391], lr: 0.01000	Loss 0.2496 (0.2496)	Prec@1 92.188 (92.188)	Prec@5 100.000 (100.000)
Epoch: [158][10/391], lr: 0.01000	Loss 0.2388 (0.2906)	Prec@1 92.969 (90.270)	Prec@5 100.000 (99.929)
Epoch: [158][20/391], lr: 0.01000	Loss 0.2945 (0.2991)	Prec@1 90.625 (89.881)	Prec@5 100.000 (99.814)
Epoch: [158][30/391], lr: 0.01000	Loss 0.2767 (0.2983)	Prec@1 91.406 (89.919)	Prec@5 100.000 (99.698)
Epoch: [158][40/391], lr: 0.01000	Loss 0.3868 (0.3012)	Prec@1 88.281 (89.844)	Prec@5 100.000 (99.695)
Epoch: [158][50/391], lr: 0.01000	Loss 0.2668 (0.2965)	Prec@1 89.062 (89.966)	Prec@5 100.000 (99.740)
Epoch: [158][60/391], lr: 0.01000	Loss 0.3451 (0.2909)	Prec@1 90.625 (90.292)	Prec@5 99.219 (99.731)
Epoch: [158][70/391], lr: 0.01000	Loss 0.3045 (0.2918)	Prec@1 89.062 (90.207)	Prec@5 100.000 (99.769)
Epoch: [158][80/391], lr: 0.01000	Loss 0.3054 (0.2870)	Prec@1 88.281 (90.287)	Prec@5 100.000 (99.778)
Epoch: [158][90/391], lr: 0.01000	Loss 0.4290 (0.2886)	Prec@1 85.156 (90.161)	Prec@5 99.219 (99.768)
Epoch: [158][100/391], lr: 0.01000	Loss 0.2860 (0.2910)	Prec@1 89.844 (90.145)	Prec@5 100.000 (99.768)
Epoch: [158][110/391], lr: 0.01000	Loss 0.2877 (0.2920)	Prec@1 92.188 (90.168)	Prec@5 99.219 (99.768)
Epoch: [158][120/391], lr: 0.01000	Loss 0.3805 (0.2953)	Prec@1 86.719 (90.018)	Prec@5 100.000 (99.774)
Epoch: [158][130/391], lr: 0.01000	Loss 0.2954 (0.2961)	Prec@1 89.062 (89.993)	Prec@5 99.219 (99.750)
Epoch: [158][140/391], lr: 0.01000	Loss 0.3080 (0.2990)	Prec@1 89.844 (89.883)	Prec@5 100.000 (99.762)
Epoch: [158][150/391], lr: 0.01000	Loss 0.3185 (0.3015)	Prec@1 87.500 (89.823)	Prec@5 100.000 (99.757)
Epoch: [158][160/391], lr: 0.01000	Loss 0.4183 (0.3013)	Prec@1 85.156 (89.844)	Prec@5 99.219 (99.767)
Epoch: [158][170/391], lr: 0.01000	Loss 0.2677 (0.3013)	Prec@1 89.844 (89.844)	Prec@5 100.000 (99.776)
Epoch: [158][180/391], lr: 0.01000	Loss 0.2943 (0.3022)	Prec@1 89.844 (89.835)	Prec@5 99.219 (99.776)
Epoch: [158][190/391], lr: 0.01000	Loss 0.2941 (0.3019)	Prec@1 89.062 (89.840)	Prec@5 100.000 (99.779)
Epoch: [158][200/391], lr: 0.01000	Loss 0.3856 (0.3026)	Prec@1 90.625 (89.805)	Prec@5 100.000 (99.775)
Epoch: [158][210/391], lr: 0.01000	Loss 0.4598 (0.3053)	Prec@1 84.375 (89.710)	Prec@5 100.000 (99.774)
Epoch: [158][220/391], lr: 0.01000	Loss 0.3776 (0.3079)	Prec@1 86.719 (89.621)	Prec@5 99.219 (99.777)
Epoch: [158][230/391], lr: 0.01000	Loss 0.5053 (0.3125)	Prec@1 83.594 (89.492)	Prec@5 100.000 (99.780)
Epoch: [158][240/391], lr: 0.01000	Loss 0.2548 (0.3131)	Prec@1 89.844 (89.484)	Prec@5 100.000 (99.783)
Epoch: [158][250/391], lr: 0.01000	Loss 0.2537 (0.3142)	Prec@1 89.844 (89.455)	Prec@5 100.000 (99.776)
Epoch: [158][260/391], lr: 0.01000	Loss 0.3206 (0.3160)	Prec@1 92.188 (89.416)	Prec@5 98.438 (99.773)
Epoch: [158][270/391], lr: 0.01000	Loss 0.3503 (0.3179)	Prec@1 85.938 (89.316)	Prec@5 100.000 (99.769)
Epoch: [158][280/391], lr: 0.01000	Loss 0.4501 (0.3197)	Prec@1 82.031 (89.249)	Prec@5 100.000 (99.772)
Epoch: [158][290/391], lr: 0.01000	Loss 0.4291 (0.3216)	Prec@1 87.500 (89.170)	Prec@5 98.438 (99.764)
Epoch: [158][300/391], lr: 0.01000	Loss 0.3348 (0.3227)	Prec@1 86.719 (89.114)	Prec@5 100.000 (99.759)
Epoch: [158][310/391], lr: 0.01000	Loss 0.2100 (0.3222)	Prec@1 92.969 (89.163)	Prec@5 100.000 (99.759)
Epoch: [158][320/391], lr: 0.01000	Loss 0.2741 (0.3219)	Prec@1 89.062 (89.172)	Prec@5 100.000 (99.757)
Epoch: [158][330/391], lr: 0.01000	Loss 0.2558 (0.3215)	Prec@1 89.062 (89.176)	Prec@5 100.000 (99.762)
Epoch: [158][340/391], lr: 0.01000	Loss 0.3398 (0.3214)	Prec@1 89.844 (89.179)	Prec@5 100.000 (99.766)
Epoch: [158][350/391], lr: 0.01000	Loss 0.5130 (0.3223)	Prec@1 84.375 (89.174)	Prec@5 99.219 (99.766)
Epoch: [158][360/391], lr: 0.01000	Loss 0.3272 (0.3228)	Prec@1 90.625 (89.151)	Prec@5 99.219 (99.766)
Epoch: [158][370/391], lr: 0.01000	Loss 0.2273 (0.3239)	Prec@1 92.969 (89.130)	Prec@5 100.000 (99.758)
Epoch: [158][380/391], lr: 0.01000	Loss 0.3145 (0.3243)	Prec@1 89.844 (89.118)	Prec@5 100.000 (99.756)
Epoch: [158][390/391], lr: 0.01000	Loss 0.2080 (0.3246)	Prec@1 91.250 (89.074)	Prec@5 100.000 (99.758)
Epoch [158] Training Results: Prec@1 89.074 Prec@5 99.758             Loss 0.32460
Epoch [158] Training Class Recall: [0.802,0.847,0.837,0.871,0.901,0.905,0.929,0.926,0.944,0.945]

Epoch: [159][0/391], lr: 0.01000	Loss 0.2546 (0.2546)	Prec@1 91.406 (91.406)	Prec@5 100.000 (100.000)
Epoch: [159][10/391], lr: 0.01000	Loss 0.1706 (0.3077)	Prec@1 95.312 (89.844)	Prec@5 100.000 (99.787)
Epoch: [159][20/391], lr: 0.01000	Loss 0.1883 (0.2977)	Prec@1 93.750 (90.216)	Prec@5 99.219 (99.740)
Epoch: [159][30/391], lr: 0.01000	Loss 0.3667 (0.2968)	Prec@1 90.625 (90.146)	Prec@5 100.000 (99.798)
Epoch: [159][40/391], lr: 0.01000	Loss 0.1650 (0.2946)	Prec@1 93.750 (90.130)	Prec@5 100.000 (99.790)
Epoch: [159][50/391], lr: 0.01000	Loss 0.3108 (0.2932)	Prec@1 89.844 (90.135)	Prec@5 100.000 (99.816)
Epoch: [159][60/391], lr: 0.01000	Loss 0.3316 (0.2966)	Prec@1 87.500 (89.985)	Prec@5 99.219 (99.821)
Epoch: [159][70/391], lr: 0.01000	Loss 0.4515 (0.2996)	Prec@1 87.500 (89.976)	Prec@5 99.219 (99.813)
Epoch: [159][80/391], lr: 0.01000	Loss 0.2963 (0.2981)	Prec@1 89.844 (89.969)	Prec@5 100.000 (99.817)
Epoch: [159][90/391], lr: 0.01000	Loss 0.1963 (0.2965)	Prec@1 94.531 (90.093)	Prec@5 100.000 (99.820)
Epoch: [159][100/391], lr: 0.01000	Loss 0.2785 (0.3010)	Prec@1 89.844 (89.975)	Prec@5 100.000 (99.822)
Epoch: [159][110/391], lr: 0.01000	Loss 0.3650 (0.2994)	Prec@1 89.062 (90.034)	Prec@5 100.000 (99.831)
Epoch: [159][120/391], lr: 0.01000	Loss 0.2753 (0.3004)	Prec@1 93.750 (90.012)	Prec@5 100.000 (99.826)
Epoch: [159][130/391], lr: 0.01000	Loss 0.2472 (0.2985)	Prec@1 89.062 (90.082)	Prec@5 100.000 (99.821)
Epoch: [159][140/391], lr: 0.01000	Loss 0.3784 (0.2964)	Prec@1 86.719 (90.137)	Prec@5 100.000 (99.834)
Epoch: [159][150/391], lr: 0.01000	Loss 0.2554 (0.2962)	Prec@1 90.625 (90.190)	Prec@5 100.000 (99.834)
Epoch: [159][160/391], lr: 0.01000	Loss 0.3529 (0.2967)	Prec@1 89.062 (90.174)	Prec@5 100.000 (99.816)
Epoch: [159][170/391], lr: 0.01000	Loss 0.3717 (0.2966)	Prec@1 88.281 (90.228)	Prec@5 100.000 (99.826)
Epoch: [159][180/391], lr: 0.01000	Loss 0.1694 (0.2950)	Prec@1 96.094 (90.301)	Prec@5 100.000 (99.836)
Epoch: [159][190/391], lr: 0.01000	Loss 0.3319 (0.2954)	Prec@1 87.500 (90.277)	Prec@5 100.000 (99.828)
Epoch: [159][200/391], lr: 0.01000	Loss 0.3136 (0.2985)	Prec@1 87.500 (90.151)	Prec@5 100.000 (99.817)
Epoch: [159][210/391], lr: 0.01000	Loss 0.2768 (0.2993)	Prec@1 90.625 (90.107)	Prec@5 100.000 (99.819)
Epoch: [159][220/391], lr: 0.01000	Loss 0.3159 (0.3011)	Prec@1 89.062 (90.049)	Prec@5 100.000 (99.823)
Epoch: [159][230/391], lr: 0.01000	Loss 0.2944 (0.3036)	Prec@1 90.625 (89.979)	Prec@5 100.000 (99.817)
Epoch: [159][240/391], lr: 0.01000	Loss 0.3931 (0.3035)	Prec@1 85.938 (89.980)	Prec@5 100.000 (99.825)
Epoch: [159][250/391], lr: 0.01000	Loss 0.2899 (0.3017)	Prec@1 91.406 (90.040)	Prec@5 100.000 (99.829)
Epoch: [159][260/391], lr: 0.01000	Loss 0.2838 (0.3017)	Prec@1 92.188 (90.062)	Prec@5 100.000 (99.829)
Epoch: [159][270/391], lr: 0.01000	Loss 0.4360 (0.3018)	Prec@1 84.375 (90.048)	Prec@5 98.438 (99.821)
Epoch: [159][280/391], lr: 0.01000	Loss 0.2147 (0.3018)	Prec@1 93.750 (90.041)	Prec@5 100.000 (99.822)
Epoch: [159][290/391], lr: 0.01000	Loss 0.4021 (0.3037)	Prec@1 89.844 (89.983)	Prec@5 100.000 (99.820)
Epoch: [159][300/391], lr: 0.01000	Loss 0.5074 (0.3058)	Prec@1 84.375 (89.924)	Prec@5 100.000 (99.813)
Epoch: [159][310/391], lr: 0.01000	Loss 0.4631 (0.3102)	Prec@1 85.156 (89.791)	Prec@5 99.219 (99.812)
Epoch: [159][320/391], lr: 0.01000	Loss 0.3297 (0.3121)	Prec@1 88.281 (89.739)	Prec@5 100.000 (99.810)
Epoch: [159][330/391], lr: 0.01000	Loss 0.3676 (0.3139)	Prec@1 86.719 (89.676)	Prec@5 100.000 (99.811)
Epoch: [159][340/391], lr: 0.01000	Loss 0.2787 (0.3144)	Prec@1 91.406 (89.631)	Prec@5 100.000 (99.812)
Epoch: [159][350/391], lr: 0.01000	Loss 0.5318 (0.3152)	Prec@1 82.812 (89.590)	Prec@5 99.219 (99.811)
Epoch: [159][360/391], lr: 0.01000	Loss 0.4322 (0.3146)	Prec@1 85.156 (89.623)	Prec@5 100.000 (99.810)
Epoch: [159][370/391], lr: 0.01000	Loss 0.3353 (0.3140)	Prec@1 90.625 (89.637)	Prec@5 98.438 (99.802)
Epoch: [159][380/391], lr: 0.01000	Loss 0.3399 (0.3132)	Prec@1 90.625 (89.680)	Prec@5 99.219 (99.799)
Epoch: [159][390/391], lr: 0.01000	Loss 0.2230 (0.3119)	Prec@1 91.250 (89.720)	Prec@5 100.000 (99.798)
Epoch [159] Training Results: Prec@1 89.720 Prec@5 99.798             Loss 0.31191
Epoch [159] Training Class Recall: [0.794,0.861,0.843,0.882,0.913,0.917,0.934,0.934,0.946,0.949]

Epoch: [160][0/391], lr: 0.00010	Loss 0.3269 (0.3269)	Prec@1 92.969 (92.969)	Prec@5 99.219 (99.219)
Epoch: [160][10/391], lr: 0.00010	Loss 0.2014 (0.2280)	Prec@1 91.406 (93.324)	Prec@5 100.000 (99.858)
Epoch: [160][20/391], lr: 0.00010	Loss 0.2149 (0.2477)	Prec@1 93.750 (91.927)	Prec@5 100.000 (99.888)
Epoch: [160][30/391], lr: 0.00010	Loss 0.3906 (0.2463)	Prec@1 92.188 (92.112)	Prec@5 100.000 (99.874)
Epoch: [160][40/391], lr: 0.00010	Loss 0.2904 (0.2472)	Prec@1 89.844 (92.149)	Prec@5 100.000 (99.809)
Epoch: [160][50/391], lr: 0.00010	Loss 0.2207 (0.2475)	Prec@1 93.750 (92.218)	Prec@5 100.000 (99.831)
Epoch: [160][60/391], lr: 0.00010	Loss 0.2333 (0.2438)	Prec@1 92.188 (92.392)	Prec@5 100.000 (99.846)
Epoch: [160][70/391], lr: 0.00010	Loss 0.2797 (0.2401)	Prec@1 89.062 (92.485)	Prec@5 100.000 (99.857)
Epoch: [160][80/391], lr: 0.00010	Loss 0.1473 (0.2352)	Prec@1 96.094 (92.766)	Prec@5 100.000 (99.865)
Epoch: [160][90/391], lr: 0.00010	Loss 0.1887 (0.2338)	Prec@1 93.750 (92.840)	Prec@5 99.219 (99.863)
Epoch: [160][100/391], lr: 0.00010	Loss 0.2258 (0.2316)	Prec@1 94.531 (92.930)	Prec@5 100.000 (99.868)
Epoch: [160][110/391], lr: 0.00010	Loss 0.2742 (0.2306)	Prec@1 91.406 (92.934)	Prec@5 100.000 (99.880)
Epoch: [160][120/391], lr: 0.00010	Loss 0.2053 (0.2293)	Prec@1 91.406 (92.924)	Prec@5 100.000 (99.884)
Epoch: [160][130/391], lr: 0.00010	Loss 0.1948 (0.2276)	Prec@1 92.188 (92.957)	Prec@5 100.000 (99.893)
Epoch: [160][140/391], lr: 0.00010	Loss 0.1724 (0.2251)	Prec@1 93.750 (93.096)	Prec@5 100.000 (99.900)
Epoch: [160][150/391], lr: 0.00010	Loss 0.2151 (0.2235)	Prec@1 92.188 (93.119)	Prec@5 100.000 (99.907)
Epoch: [160][160/391], lr: 0.00010	Loss 0.2284 (0.2213)	Prec@1 93.750 (93.182)	Prec@5 99.219 (99.908)
Epoch: [160][170/391], lr: 0.00010	Loss 0.1765 (0.2199)	Prec@1 92.969 (93.179)	Prec@5 100.000 (99.909)
Epoch: [160][180/391], lr: 0.00010	Loss 0.2040 (0.2173)	Prec@1 94.531 (93.241)	Prec@5 100.000 (99.914)
Epoch: [160][190/391], lr: 0.00010	Loss 0.2168 (0.2159)	Prec@1 94.531 (93.308)	Prec@5 100.000 (99.914)
Epoch: [160][200/391], lr: 0.00010	Loss 0.2255 (0.2143)	Prec@1 92.969 (93.361)	Prec@5 100.000 (99.911)
Epoch: [160][210/391], lr: 0.00010	Loss 0.1573 (0.2116)	Prec@1 95.312 (93.480)	Prec@5 100.000 (99.915)
Epoch: [160][220/391], lr: 0.00010	Loss 0.1378 (0.2092)	Prec@1 96.875 (93.570)	Prec@5 100.000 (99.919)
Epoch: [160][230/391], lr: 0.00010	Loss 0.1450 (0.2067)	Prec@1 95.312 (93.665)	Prec@5 100.000 (99.922)
Epoch: [160][240/391], lr: 0.00010	Loss 0.2489 (0.2049)	Prec@1 92.969 (93.708)	Prec@5 100.000 (99.925)
Epoch: [160][250/391], lr: 0.00010	Loss 0.1838 (0.2038)	Prec@1 94.531 (93.756)	Prec@5 100.000 (99.925)
Epoch: [160][260/391], lr: 0.00010	Loss 0.1644 (0.2022)	Prec@1 96.094 (93.795)	Prec@5 100.000 (99.928)
Epoch: [160][270/391], lr: 0.00010	Loss 0.1939 (0.2022)	Prec@1 93.750 (93.811)	Prec@5 100.000 (99.928)
Epoch: [160][280/391], lr: 0.00010	Loss 0.1442 (0.2009)	Prec@1 95.312 (93.825)	Prec@5 100.000 (99.928)
Epoch: [160][290/391], lr: 0.00010	Loss 0.1164 (0.1998)	Prec@1 96.875 (93.857)	Prec@5 100.000 (99.930)
Epoch: [160][300/391], lr: 0.00010	Loss 0.1378 (0.1989)	Prec@1 96.094 (93.875)	Prec@5 100.000 (99.930)
Epoch: [160][310/391], lr: 0.00010	Loss 0.1815 (0.1975)	Prec@1 92.969 (93.908)	Prec@5 100.000 (99.932)
Epoch: [160][320/391], lr: 0.00010	Loss 0.2156 (0.1963)	Prec@1 92.969 (93.933)	Prec@5 100.000 (99.934)
Epoch: [160][330/391], lr: 0.00010	Loss 0.1499 (0.1947)	Prec@1 94.531 (93.977)	Prec@5 100.000 (99.936)
Epoch: [160][340/391], lr: 0.00010	Loss 0.2136 (0.1937)	Prec@1 93.750 (94.023)	Prec@5 100.000 (99.938)
Epoch: [160][350/391], lr: 0.00010	Loss 0.1362 (0.1933)	Prec@1 96.094 (94.033)	Prec@5 100.000 (99.935)
Epoch: [160][360/391], lr: 0.00010	Loss 0.1488 (0.1917)	Prec@1 96.875 (94.088)	Prec@5 100.000 (99.937)
Epoch: [160][370/391], lr: 0.00010	Loss 0.1669 (0.1905)	Prec@1 93.750 (94.125)	Prec@5 100.000 (99.939)
Epoch: [160][380/391], lr: 0.00010	Loss 0.0697 (0.1895)	Prec@1 98.438 (94.154)	Prec@5 100.000 (99.941)
Epoch: [160][390/391], lr: 0.00010	Loss 0.1270 (0.1893)	Prec@1 95.000 (94.150)	Prec@5 100.000 (99.940)
Epoch [160] Training Results: Prec@1 94.150 Prec@5 99.940             Loss 0.18931
Epoch [160] Training Class Recall: [0.865,0.884,0.894,0.925,0.952,0.968,0.969,0.981,0.988,0.989]

Epoch: [161][0/391], lr: 0.00010	Loss 0.2621 (0.2621)	Prec@1 89.844 (89.844)	Prec@5 100.000 (100.000)
Epoch: [161][10/391], lr: 0.00010	Loss 0.1349 (0.1523)	Prec@1 95.312 (95.099)	Prec@5 100.000 (100.000)
Epoch: [161][20/391], lr: 0.00010	Loss 0.1409 (0.1552)	Prec@1 96.875 (95.350)	Prec@5 99.219 (99.888)
Epoch: [161][30/391], lr: 0.00010	Loss 0.1680 (0.1586)	Prec@1 96.875 (95.413)	Prec@5 100.000 (99.874)
Epoch: [161][40/391], lr: 0.00010	Loss 0.1272 (0.1532)	Prec@1 96.094 (95.541)	Prec@5 100.000 (99.886)
Epoch: [161][50/391], lr: 0.00010	Loss 0.0935 (0.1493)	Prec@1 98.438 (95.650)	Prec@5 100.000 (99.908)
Epoch: [161][60/391], lr: 0.00010	Loss 0.2547 (0.1501)	Prec@1 89.062 (95.569)	Prec@5 100.000 (99.923)
Epoch: [161][70/391], lr: 0.00010	Loss 0.1552 (0.1468)	Prec@1 94.531 (95.698)	Prec@5 100.000 (99.934)
Epoch: [161][80/391], lr: 0.00010	Loss 0.2062 (0.1475)	Prec@1 93.750 (95.679)	Prec@5 100.000 (99.932)
Epoch: [161][90/391], lr: 0.00010	Loss 0.0921 (0.1461)	Prec@1 96.875 (95.682)	Prec@5 100.000 (99.940)
Epoch: [161][100/391], lr: 0.00010	Loss 0.1053 (0.1438)	Prec@1 96.094 (95.684)	Prec@5 100.000 (99.938)
Epoch: [161][110/391], lr: 0.00010	Loss 0.0905 (0.1423)	Prec@1 97.656 (95.770)	Prec@5 100.000 (99.944)
Epoch: [161][120/391], lr: 0.00010	Loss 0.1295 (0.1437)	Prec@1 95.312 (95.764)	Prec@5 100.000 (99.948)
Epoch: [161][130/391], lr: 0.00010	Loss 0.2232 (0.1446)	Prec@1 94.531 (95.754)	Prec@5 100.000 (99.934)
Epoch: [161][140/391], lr: 0.00010	Loss 0.0806 (0.1448)	Prec@1 97.656 (95.750)	Prec@5 100.000 (99.939)
Epoch: [161][150/391], lr: 0.00010	Loss 0.1090 (0.1443)	Prec@1 98.438 (95.794)	Prec@5 100.000 (99.943)
Epoch: [161][160/391], lr: 0.00010	Loss 0.2257 (0.1435)	Prec@1 92.188 (95.803)	Prec@5 99.219 (99.937)
Epoch: [161][170/391], lr: 0.00010	Loss 0.0898 (0.1420)	Prec@1 97.656 (95.861)	Prec@5 100.000 (99.941)
Epoch: [161][180/391], lr: 0.00010	Loss 0.1494 (0.1414)	Prec@1 94.531 (95.882)	Prec@5 100.000 (99.940)
Epoch: [161][190/391], lr: 0.00010	Loss 0.1209 (0.1415)	Prec@1 96.094 (95.869)	Prec@5 100.000 (99.943)
Epoch: [161][200/391], lr: 0.00010	Loss 0.0566 (0.1404)	Prec@1 99.219 (95.915)	Prec@5 100.000 (99.946)
Epoch: [161][210/391], lr: 0.00010	Loss 0.1524 (0.1408)	Prec@1 96.094 (95.894)	Prec@5 100.000 (99.944)
Epoch: [161][220/391], lr: 0.00010	Loss 0.1349 (0.1404)	Prec@1 94.531 (95.903)	Prec@5 100.000 (99.947)
Epoch: [161][230/391], lr: 0.00010	Loss 0.1662 (0.1402)	Prec@1 95.312 (95.921)	Prec@5 100.000 (99.949)
Epoch: [161][240/391], lr: 0.00010	Loss 0.1239 (0.1402)	Prec@1 96.875 (95.902)	Prec@5 100.000 (99.951)
Epoch: [161][250/391], lr: 0.00010	Loss 0.1912 (0.1396)	Prec@1 95.312 (95.923)	Prec@5 100.000 (99.953)
Epoch: [161][260/391], lr: 0.00010	Loss 0.1466 (0.1397)	Prec@1 98.438 (95.938)	Prec@5 99.219 (99.952)
Epoch: [161][270/391], lr: 0.00010	Loss 0.1027 (0.1392)	Prec@1 96.875 (95.944)	Prec@5 100.000 (99.954)
Epoch: [161][280/391], lr: 0.00010	Loss 0.1882 (0.1387)	Prec@1 94.531 (95.966)	Prec@5 100.000 (99.956)
Epoch: [161][290/391], lr: 0.00010	Loss 0.1978 (0.1389)	Prec@1 92.969 (95.970)	Prec@5 100.000 (99.954)
Epoch: [161][300/391], lr: 0.00010	Loss 0.2137 (0.1391)	Prec@1 92.969 (95.951)	Prec@5 99.219 (99.953)
Epoch: [161][310/391], lr: 0.00010	Loss 0.0700 (0.1388)	Prec@1 99.219 (95.953)	Prec@5 100.000 (99.952)
Epoch: [161][320/391], lr: 0.00010	Loss 0.1073 (0.1386)	Prec@1 96.875 (95.957)	Prec@5 100.000 (99.954)
Epoch: [161][330/391], lr: 0.00010	Loss 0.1237 (0.1380)	Prec@1 96.094 (95.990)	Prec@5 100.000 (99.955)
Epoch: [161][340/391], lr: 0.00010	Loss 0.0856 (0.1376)	Prec@1 97.656 (95.993)	Prec@5 100.000 (99.956)
Epoch: [161][350/391], lr: 0.00010	Loss 0.0704 (0.1369)	Prec@1 98.438 (96.027)	Prec@5 100.000 (99.958)
Epoch: [161][360/391], lr: 0.00010	Loss 0.1085 (0.1366)	Prec@1 95.312 (96.014)	Prec@5 100.000 (99.959)
Epoch: [161][370/391], lr: 0.00010	Loss 0.1489 (0.1370)	Prec@1 95.312 (95.988)	Prec@5 100.000 (99.958)
Epoch: [161][380/391], lr: 0.00010	Loss 0.0769 (0.1365)	Prec@1 99.219 (96.006)	Prec@5 100.000 (99.959)
Epoch: [161][390/391], lr: 0.00010	Loss 0.2617 (0.1375)	Prec@1 93.750 (95.988)	Prec@5 100.000 (99.954)
Epoch [161] Training Results: Prec@1 95.988 Prec@5 99.954             Loss 0.13748
Epoch [161] Training Class Recall: [0.900,0.917,0.923,0.951,0.970,0.981,0.987,0.986,0.990,0.995]

Epoch: [162][0/391], lr: 0.00010	Loss 0.1218 (0.1218)	Prec@1 95.312 (95.312)	Prec@5 100.000 (100.000)
Epoch: [162][10/391], lr: 0.00010	Loss 0.1237 (0.1252)	Prec@1 96.875 (96.520)	Prec@5 100.000 (99.858)
Epoch: [162][20/391], lr: 0.00010	Loss 0.1179 (0.1356)	Prec@1 96.875 (96.131)	Prec@5 100.000 (99.926)
Epoch: [162][30/391], lr: 0.00010	Loss 0.1074 (0.1318)	Prec@1 96.094 (96.245)	Prec@5 100.000 (99.950)
Epoch: [162][40/391], lr: 0.00010	Loss 0.0903 (0.1341)	Prec@1 96.875 (96.189)	Prec@5 100.000 (99.924)
Epoch: [162][50/391], lr: 0.00010	Loss 0.2268 (0.1337)	Prec@1 92.969 (96.124)	Prec@5 100.000 (99.923)
Epoch: [162][60/391], lr: 0.00010	Loss 0.0818 (0.1313)	Prec@1 96.875 (96.081)	Prec@5 100.000 (99.936)
Epoch: [162][70/391], lr: 0.00010	Loss 0.0943 (0.1283)	Prec@1 96.875 (96.193)	Prec@5 100.000 (99.934)
Epoch: [162][80/391], lr: 0.00010	Loss 0.2051 (0.1301)	Prec@1 93.750 (96.181)	Prec@5 99.219 (99.923)
Epoch: [162][90/391], lr: 0.00010	Loss 0.1260 (0.1292)	Prec@1 96.094 (96.248)	Prec@5 100.000 (99.931)
Epoch: [162][100/391], lr: 0.00010	Loss 0.1697 (0.1293)	Prec@1 94.531 (96.303)	Prec@5 100.000 (99.930)
Epoch: [162][110/391], lr: 0.00010	Loss 0.1565 (0.1290)	Prec@1 96.094 (96.284)	Prec@5 100.000 (99.937)
Epoch: [162][120/391], lr: 0.00010	Loss 0.0758 (0.1278)	Prec@1 99.219 (96.358)	Prec@5 100.000 (99.942)
Epoch: [162][130/391], lr: 0.00010	Loss 0.1505 (0.1280)	Prec@1 96.094 (96.386)	Prec@5 100.000 (99.940)
Epoch: [162][140/391], lr: 0.00010	Loss 0.0798 (0.1260)	Prec@1 98.438 (96.459)	Prec@5 100.000 (99.945)
Epoch: [162][150/391], lr: 0.00010	Loss 0.1501 (0.1257)	Prec@1 94.531 (96.451)	Prec@5 100.000 (99.948)
Epoch: [162][160/391], lr: 0.00010	Loss 0.1135 (0.1252)	Prec@1 94.531 (96.429)	Prec@5 100.000 (99.942)
Epoch: [162][170/391], lr: 0.00010	Loss 0.1718 (0.1250)	Prec@1 96.094 (96.441)	Prec@5 99.219 (99.936)
Epoch: [162][180/391], lr: 0.00010	Loss 0.1437 (0.1243)	Prec@1 95.312 (96.474)	Prec@5 100.000 (99.935)
Epoch: [162][190/391], lr: 0.00010	Loss 0.1154 (0.1242)	Prec@1 95.312 (96.462)	Prec@5 100.000 (99.935)
Epoch: [162][200/391], lr: 0.00010	Loss 0.1278 (0.1247)	Prec@1 96.875 (96.444)	Prec@5 100.000 (99.934)
Epoch: [162][210/391], lr: 0.00010	Loss 0.1273 (0.1250)	Prec@1 95.312 (96.431)	Prec@5 100.000 (99.937)
Epoch: [162][220/391], lr: 0.00010	Loss 0.0544 (0.1239)	Prec@1 98.438 (96.461)	Prec@5 100.000 (99.940)
Epoch: [162][230/391], lr: 0.00010	Loss 0.1149 (0.1232)	Prec@1 97.656 (96.486)	Prec@5 100.000 (99.943)
Epoch: [162][240/391], lr: 0.00010	Loss 0.1148 (0.1229)	Prec@1 94.531 (96.480)	Prec@5 100.000 (99.945)
Epoch: [162][250/391], lr: 0.00010	Loss 0.1279 (0.1221)	Prec@1 96.094 (96.508)	Prec@5 100.000 (99.944)
Epoch: [162][260/391], lr: 0.00010	Loss 0.0936 (0.1225)	Prec@1 96.875 (96.510)	Prec@5 100.000 (99.940)
Epoch: [162][270/391], lr: 0.00010	Loss 0.1543 (0.1223)	Prec@1 95.312 (96.509)	Prec@5 100.000 (99.937)
Epoch: [162][280/391], lr: 0.00010	Loss 0.1116 (0.1224)	Prec@1 95.312 (96.511)	Prec@5 100.000 (99.936)
Epoch: [162][290/391], lr: 0.00010	Loss 0.0970 (0.1227)	Prec@1 96.094 (96.491)	Prec@5 100.000 (99.938)
Epoch: [162][300/391], lr: 0.00010	Loss 0.1199 (0.1227)	Prec@1 96.875 (96.504)	Prec@5 100.000 (99.940)
Epoch: [162][310/391], lr: 0.00010	Loss 0.1008 (0.1225)	Prec@1 96.094 (96.493)	Prec@5 100.000 (99.942)
Epoch: [162][320/391], lr: 0.00010	Loss 0.0608 (0.1219)	Prec@1 99.219 (96.525)	Prec@5 100.000 (99.944)
Epoch: [162][330/391], lr: 0.00010	Loss 0.1200 (0.1219)	Prec@1 96.875 (96.514)	Prec@5 100.000 (99.946)
Epoch: [162][340/391], lr: 0.00010	Loss 0.1225 (0.1221)	Prec@1 94.531 (96.504)	Prec@5 100.000 (99.945)
Epoch: [162][350/391], lr: 0.00010	Loss 0.1102 (0.1212)	Prec@1 96.094 (96.543)	Prec@5 100.000 (99.947)
Epoch: [162][360/391], lr: 0.00010	Loss 0.1148 (0.1211)	Prec@1 96.875 (96.546)	Prec@5 100.000 (99.946)
Epoch: [162][370/391], lr: 0.00010	Loss 0.0898 (0.1211)	Prec@1 99.219 (96.563)	Prec@5 100.000 (99.947)
Epoch: [162][380/391], lr: 0.00010	Loss 0.0930 (0.1207)	Prec@1 96.094 (96.572)	Prec@5 100.000 (99.949)
Epoch: [162][390/391], lr: 0.00010	Loss 0.1825 (0.1206)	Prec@1 92.500 (96.564)	Prec@5 100.000 (99.950)
Epoch [162] Training Results: Prec@1 96.564 Prec@5 99.950             Loss 0.12061
Epoch [162] Training Class Recall: [0.910,0.927,0.929,0.962,0.974,0.985,0.989,0.992,0.994,0.995]

Epoch: [163][0/391], lr: 0.00010	Loss 0.0878 (0.0878)	Prec@1 97.656 (97.656)	Prec@5 100.000 (100.000)
Epoch: [163][10/391], lr: 0.00010	Loss 0.1168 (0.1044)	Prec@1 97.656 (97.372)	Prec@5 100.000 (100.000)
Epoch: [163][20/391], lr: 0.00010	Loss 0.0918 (0.1108)	Prec@1 98.438 (96.987)	Prec@5 100.000 (99.963)
Epoch: [163][30/391], lr: 0.00010	Loss 0.0865 (0.1087)	Prec@1 96.875 (96.976)	Prec@5 100.000 (99.975)
Epoch: [163][40/391], lr: 0.00010	Loss 0.1093 (0.1054)	Prec@1 96.875 (97.085)	Prec@5 100.000 (99.981)
Epoch: [163][50/391], lr: 0.00010	Loss 0.1152 (0.1059)	Prec@1 95.312 (97.059)	Prec@5 100.000 (99.985)
Epoch: [163][60/391], lr: 0.00010	Loss 0.1620 (0.1102)	Prec@1 94.531 (96.824)	Prec@5 100.000 (99.987)
Epoch: [163][70/391], lr: 0.00010	Loss 0.0840 (0.1113)	Prec@1 96.875 (96.721)	Prec@5 100.000 (99.989)
Epoch: [163][80/391], lr: 0.00010	Loss 0.0705 (0.1119)	Prec@1 98.438 (96.759)	Prec@5 100.000 (99.981)
Epoch: [163][90/391], lr: 0.00010	Loss 0.1060 (0.1113)	Prec@1 97.656 (96.832)	Prec@5 100.000 (99.966)
Epoch: [163][100/391], lr: 0.00010	Loss 0.1285 (0.1109)	Prec@1 93.750 (96.821)	Prec@5 100.000 (99.969)
Epoch: [163][110/391], lr: 0.00010	Loss 0.0967 (0.1105)	Prec@1 97.656 (96.819)	Prec@5 100.000 (99.972)
Epoch: [163][120/391], lr: 0.00010	Loss 0.1558 (0.1119)	Prec@1 93.750 (96.765)	Prec@5 100.000 (99.968)
Epoch: [163][130/391], lr: 0.00010	Loss 0.0960 (0.1121)	Prec@1 97.656 (96.786)	Prec@5 100.000 (99.964)
Epoch: [163][140/391], lr: 0.00010	Loss 0.1359 (0.1139)	Prec@1 96.094 (96.703)	Prec@5 100.000 (99.967)
Epoch: [163][150/391], lr: 0.00010	Loss 0.1692 (0.1159)	Prec@1 95.312 (96.658)	Prec@5 100.000 (99.969)
Epoch: [163][160/391], lr: 0.00010	Loss 0.0755 (0.1153)	Prec@1 98.438 (96.676)	Prec@5 99.219 (99.966)
Epoch: [163][170/391], lr: 0.00010	Loss 0.1003 (0.1151)	Prec@1 97.656 (96.688)	Prec@5 100.000 (99.968)
Epoch: [163][180/391], lr: 0.00010	Loss 0.0921 (0.1145)	Prec@1 96.094 (96.746)	Prec@5 100.000 (99.965)
Epoch: [163][190/391], lr: 0.00010	Loss 0.0606 (0.1143)	Prec@1 98.438 (96.748)	Prec@5 100.000 (99.967)
Epoch: [163][200/391], lr: 0.00010	Loss 0.1564 (0.1142)	Prec@1 95.312 (96.762)	Prec@5 100.000 (99.969)
Epoch: [163][210/391], lr: 0.00010	Loss 0.0614 (0.1132)	Prec@1 100.000 (96.801)	Prec@5 100.000 (99.970)
Epoch: [163][220/391], lr: 0.00010	Loss 0.0841 (0.1135)	Prec@1 99.219 (96.776)	Prec@5 100.000 (99.972)
Epoch: [163][230/391], lr: 0.00010	Loss 0.0565 (0.1123)	Prec@1 99.219 (96.855)	Prec@5 100.000 (99.973)
Epoch: [163][240/391], lr: 0.00010	Loss 0.0729 (0.1122)	Prec@1 99.219 (96.869)	Prec@5 100.000 (99.971)
Epoch: [163][250/391], lr: 0.00010	Loss 0.1165 (0.1120)	Prec@1 96.094 (96.853)	Prec@5 100.000 (99.972)
Epoch: [163][260/391], lr: 0.00010	Loss 0.1630 (0.1122)	Prec@1 94.531 (96.851)	Prec@5 100.000 (99.973)
Epoch: [163][270/391], lr: 0.00010	Loss 0.0881 (0.1121)	Prec@1 97.656 (96.869)	Prec@5 100.000 (99.974)
Epoch: [163][280/391], lr: 0.00010	Loss 0.0848 (0.1127)	Prec@1 97.656 (96.836)	Prec@5 100.000 (99.972)
Epoch: [163][290/391], lr: 0.00010	Loss 0.1451 (0.1124)	Prec@1 96.875 (96.856)	Prec@5 100.000 (99.973)
Epoch: [163][300/391], lr: 0.00010	Loss 0.1511 (0.1126)	Prec@1 92.969 (96.826)	Prec@5 100.000 (99.971)
Epoch: [163][310/391], lr: 0.00010	Loss 0.1741 (0.1127)	Prec@1 95.312 (96.830)	Prec@5 100.000 (99.972)
Epoch: [163][320/391], lr: 0.00010	Loss 0.1216 (0.1125)	Prec@1 96.875 (96.829)	Prec@5 100.000 (99.973)
Epoch: [163][330/391], lr: 0.00010	Loss 0.0806 (0.1117)	Prec@1 97.656 (96.854)	Prec@5 100.000 (99.974)
Epoch: [163][340/391], lr: 0.00010	Loss 0.0924 (0.1114)	Prec@1 96.875 (96.875)	Prec@5 100.000 (99.970)
Epoch: [163][350/391], lr: 0.00010	Loss 0.1522 (0.1113)	Prec@1 96.875 (96.882)	Prec@5 100.000 (99.971)
Epoch: [163][360/391], lr: 0.00010	Loss 0.0957 (0.1109)	Prec@1 96.875 (96.892)	Prec@5 100.000 (99.970)
Epoch: [163][370/391], lr: 0.00010	Loss 0.1271 (0.1105)	Prec@1 95.312 (96.904)	Prec@5 100.000 (99.971)
Epoch: [163][380/391], lr: 0.00010	Loss 0.0537 (0.1106)	Prec@1 98.438 (96.896)	Prec@5 100.000 (99.971)
Epoch: [163][390/391], lr: 0.00010	Loss 0.0647 (0.1102)	Prec@1 98.750 (96.918)	Prec@5 100.000 (99.972)
Epoch [163] Training Results: Prec@1 96.918 Prec@5 99.972             Loss 0.11021
Epoch [163] Training Class Recall: [0.916,0.931,0.939,0.967,0.980,0.987,0.990,0.991,0.994,0.997]

Epoch: [164][0/391], lr: 0.00010	Loss 0.1427 (0.1427)	Prec@1 93.750 (93.750)	Prec@5 100.000 (100.000)
Epoch: [164][10/391], lr: 0.00010	Loss 0.0774 (0.0847)	Prec@1 98.438 (97.798)	Prec@5 100.000 (100.000)
Epoch: [164][20/391], lr: 0.00010	Loss 0.0811 (0.0955)	Prec@1 99.219 (97.619)	Prec@5 100.000 (99.963)
Epoch: [164][30/391], lr: 0.00010	Loss 0.1828 (0.0971)	Prec@1 94.531 (97.606)	Prec@5 99.219 (99.924)
Epoch: [164][40/391], lr: 0.00010	Loss 0.0995 (0.1010)	Prec@1 95.312 (97.256)	Prec@5 100.000 (99.943)
Epoch: [164][50/391], lr: 0.00010	Loss 0.0616 (0.1014)	Prec@1 98.438 (97.135)	Prec@5 100.000 (99.954)
Epoch: [164][60/391], lr: 0.00010	Loss 0.1266 (0.1024)	Prec@1 96.094 (97.157)	Prec@5 99.219 (99.949)
Epoch: [164][70/391], lr: 0.00010	Loss 0.1025 (0.1039)	Prec@1 96.094 (97.172)	Prec@5 100.000 (99.945)
Epoch: [164][80/391], lr: 0.00010	Loss 0.1386 (0.1035)	Prec@1 95.312 (97.193)	Prec@5 100.000 (99.952)
Epoch: [164][90/391], lr: 0.00010	Loss 0.1156 (0.1037)	Prec@1 96.094 (97.158)	Prec@5 100.000 (99.957)
Epoch: [164][100/391], lr: 0.00010	Loss 0.1244 (0.1038)	Prec@1 96.875 (97.138)	Prec@5 100.000 (99.961)
Epoch: [164][110/391], lr: 0.00010	Loss 0.1107 (0.1049)	Prec@1 97.656 (97.100)	Prec@5 100.000 (99.965)
Epoch: [164][120/391], lr: 0.00010	Loss 0.0900 (0.1048)	Prec@1 96.094 (97.095)	Prec@5 100.000 (99.968)
Epoch: [164][130/391], lr: 0.00010	Loss 0.0573 (0.1039)	Prec@1 99.219 (97.161)	Prec@5 100.000 (99.970)
Epoch: [164][140/391], lr: 0.00010	Loss 0.0720 (0.1028)	Prec@1 97.656 (97.163)	Prec@5 100.000 (99.972)
Epoch: [164][150/391], lr: 0.00010	Loss 0.0989 (0.1031)	Prec@1 97.656 (97.170)	Prec@5 100.000 (99.974)
Epoch: [164][160/391], lr: 0.00010	Loss 0.1123 (0.1035)	Prec@1 96.875 (97.142)	Prec@5 100.000 (99.971)
Epoch: [164][170/391], lr: 0.00010	Loss 0.0897 (0.1044)	Prec@1 97.656 (97.113)	Prec@5 100.000 (99.968)
Epoch: [164][180/391], lr: 0.00010	Loss 0.0793 (0.1038)	Prec@1 99.219 (97.134)	Prec@5 100.000 (99.970)
Epoch: [164][190/391], lr: 0.00010	Loss 0.0802 (0.1033)	Prec@1 97.656 (97.153)	Prec@5 100.000 (99.967)
Epoch: [164][200/391], lr: 0.00010	Loss 0.1315 (0.1032)	Prec@1 96.094 (97.143)	Prec@5 100.000 (99.969)
Epoch: [164][210/391], lr: 0.00010	Loss 0.1004 (0.1024)	Prec@1 96.875 (97.153)	Prec@5 100.000 (99.967)
Epoch: [164][220/391], lr: 0.00010	Loss 0.0355 (0.1024)	Prec@1 100.000 (97.147)	Prec@5 100.000 (99.968)
Epoch: [164][230/391], lr: 0.00010	Loss 0.0758 (0.1029)	Prec@1 97.656 (97.146)	Prec@5 100.000 (99.963)
Epoch: [164][240/391], lr: 0.00010	Loss 0.1155 (0.1030)	Prec@1 95.312 (97.151)	Prec@5 100.000 (99.961)
Epoch: [164][250/391], lr: 0.00010	Loss 0.1561 (0.1032)	Prec@1 95.312 (97.140)	Prec@5 100.000 (99.963)
Epoch: [164][260/391], lr: 0.00010	Loss 0.1096 (0.1036)	Prec@1 96.875 (97.108)	Prec@5 100.000 (99.964)
Epoch: [164][270/391], lr: 0.00010	Loss 0.1733 (0.1033)	Prec@1 93.750 (97.123)	Prec@5 100.000 (99.965)
Epoch: [164][280/391], lr: 0.00010	Loss 0.0619 (0.1031)	Prec@1 98.438 (97.109)	Prec@5 100.000 (99.967)
Epoch: [164][290/391], lr: 0.00010	Loss 0.1189 (0.1032)	Prec@1 96.094 (97.103)	Prec@5 100.000 (99.968)
Epoch: [164][300/391], lr: 0.00010	Loss 0.0959 (0.1032)	Prec@1 96.875 (97.103)	Prec@5 100.000 (99.969)
Epoch: [164][310/391], lr: 0.00010	Loss 0.1535 (0.1036)	Prec@1 94.531 (97.091)	Prec@5 100.000 (99.970)
Epoch: [164][320/391], lr: 0.00010	Loss 0.1003 (0.1037)	Prec@1 96.875 (97.092)	Prec@5 100.000 (99.971)
Epoch: [164][330/391], lr: 0.00010	Loss 0.0936 (0.1033)	Prec@1 96.875 (97.109)	Prec@5 100.000 (99.972)
Epoch: [164][340/391], lr: 0.00010	Loss 0.0881 (0.1025)	Prec@1 98.438 (97.132)	Prec@5 100.000 (99.973)
Epoch: [164][350/391], lr: 0.00010	Loss 0.0662 (0.1022)	Prec@1 98.438 (97.138)	Prec@5 100.000 (99.973)
Epoch: [164][360/391], lr: 0.00010	Loss 0.0461 (0.1020)	Prec@1 99.219 (97.141)	Prec@5 100.000 (99.974)
Epoch: [164][370/391], lr: 0.00010	Loss 0.0736 (0.1016)	Prec@1 98.438 (97.159)	Prec@5 100.000 (99.973)
Epoch: [164][380/391], lr: 0.00010	Loss 0.0831 (0.1014)	Prec@1 98.438 (97.150)	Prec@5 100.000 (99.973)
Epoch: [164][390/391], lr: 0.00010	Loss 0.0855 (0.1012)	Prec@1 98.750 (97.168)	Prec@5 100.000 (99.974)
Epoch [164] Training Results: Prec@1 97.168 Prec@5 99.974             Loss 0.10124
Epoch [164] Training Class Recall: [0.924,0.938,0.943,0.969,0.979,0.986,0.995,0.991,0.995,0.997]

Epoch: [165][0/391], lr: 0.00010	Loss 0.1315 (0.1315)	Prec@1 96.875 (96.875)	Prec@5 99.219 (99.219)
Epoch: [165][10/391], lr: 0.00010	Loss 0.0996 (0.1060)	Prec@1 98.438 (97.372)	Prec@5 100.000 (99.929)
Epoch: [165][20/391], lr: 0.00010	Loss 0.1157 (0.0932)	Prec@1 96.875 (97.619)	Prec@5 100.000 (99.963)
Epoch: [165][30/391], lr: 0.00010	Loss 0.0978 (0.0914)	Prec@1 95.312 (97.681)	Prec@5 100.000 (99.950)
Epoch: [165][40/391], lr: 0.00010	Loss 0.0942 (0.0929)	Prec@1 97.656 (97.637)	Prec@5 100.000 (99.962)
Epoch: [165][50/391], lr: 0.00010	Loss 0.1025 (0.0945)	Prec@1 96.875 (97.534)	Prec@5 100.000 (99.969)
Epoch: [165][60/391], lr: 0.00010	Loss 0.0602 (0.0939)	Prec@1 99.219 (97.605)	Prec@5 100.000 (99.974)
Epoch: [165][70/391], lr: 0.00010	Loss 0.1599 (0.0940)	Prec@1 95.312 (97.656)	Prec@5 100.000 (99.978)
Epoch: [165][80/391], lr: 0.00010	Loss 0.0936 (0.0949)	Prec@1 96.875 (97.627)	Prec@5 100.000 (99.971)
Epoch: [165][90/391], lr: 0.00010	Loss 0.1258 (0.0955)	Prec@1 94.531 (97.493)	Prec@5 100.000 (99.974)
Epoch: [165][100/391], lr: 0.00010	Loss 0.0478 (0.0945)	Prec@1 99.219 (97.540)	Prec@5 100.000 (99.977)
Epoch: [165][110/391], lr: 0.00010	Loss 0.1267 (0.0955)	Prec@1 97.656 (97.508)	Prec@5 100.000 (99.979)
Epoch: [165][120/391], lr: 0.00010	Loss 0.0473 (0.0954)	Prec@1 99.219 (97.521)	Prec@5 100.000 (99.981)
Epoch: [165][130/391], lr: 0.00010	Loss 0.1273 (0.0964)	Prec@1 96.875 (97.477)	Prec@5 100.000 (99.982)
Epoch: [165][140/391], lr: 0.00010	Loss 0.0995 (0.0961)	Prec@1 98.438 (97.451)	Prec@5 100.000 (99.983)
Epoch: [165][150/391], lr: 0.00010	Loss 0.1180 (0.0961)	Prec@1 98.438 (97.434)	Prec@5 100.000 (99.979)
Epoch: [165][160/391], lr: 0.00010	Loss 0.0485 (0.0950)	Prec@1 99.219 (97.472)	Prec@5 100.000 (99.981)
Epoch: [165][170/391], lr: 0.00010	Loss 0.1173 (0.0963)	Prec@1 96.094 (97.414)	Prec@5 100.000 (99.982)
Epoch: [165][180/391], lr: 0.00010	Loss 0.1079 (0.0971)	Prec@1 96.094 (97.345)	Prec@5 100.000 (99.974)
Epoch: [165][190/391], lr: 0.00010	Loss 0.0732 (0.0966)	Prec@1 97.656 (97.354)	Prec@5 100.000 (99.975)
Epoch: [165][200/391], lr: 0.00010	Loss 0.1132 (0.0959)	Prec@1 96.094 (97.376)	Prec@5 100.000 (99.977)
Epoch: [165][210/391], lr: 0.00010	Loss 0.0942 (0.0956)	Prec@1 98.438 (97.375)	Prec@5 99.219 (99.974)
Epoch: [165][220/391], lr: 0.00010	Loss 0.1451 (0.0953)	Prec@1 96.094 (97.416)	Prec@5 100.000 (99.975)
Epoch: [165][230/391], lr: 0.00010	Loss 0.0692 (0.0954)	Prec@1 100.000 (97.420)	Prec@5 100.000 (99.976)
Epoch: [165][240/391], lr: 0.00010	Loss 0.1373 (0.0962)	Prec@1 96.094 (97.407)	Prec@5 100.000 (99.974)
Epoch: [165][250/391], lr: 0.00010	Loss 0.0843 (0.0960)	Prec@1 98.438 (97.410)	Prec@5 100.000 (99.975)
Epoch: [165][260/391], lr: 0.00010	Loss 0.0812 (0.0960)	Prec@1 97.656 (97.414)	Prec@5 100.000 (99.976)
Epoch: [165][270/391], lr: 0.00010	Loss 0.0696 (0.0958)	Prec@1 97.656 (97.414)	Prec@5 100.000 (99.977)
Epoch: [165][280/391], lr: 0.00010	Loss 0.1305 (0.0954)	Prec@1 96.094 (97.428)	Prec@5 100.000 (99.978)
Epoch: [165][290/391], lr: 0.00010	Loss 0.0785 (0.0955)	Prec@1 98.438 (97.444)	Prec@5 100.000 (99.979)
Epoch: [165][300/391], lr: 0.00010	Loss 0.0368 (0.0952)	Prec@1 100.000 (97.469)	Prec@5 100.000 (99.977)
Epoch: [165][310/391], lr: 0.00010	Loss 0.0900 (0.0950)	Prec@1 97.656 (97.478)	Prec@5 100.000 (99.975)
Epoch: [165][320/391], lr: 0.00010	Loss 0.1364 (0.0952)	Prec@1 96.875 (97.462)	Prec@5 100.000 (99.973)
Epoch: [165][330/391], lr: 0.00010	Loss 0.0949 (0.0952)	Prec@1 97.656 (97.453)	Prec@5 100.000 (99.974)
Epoch: [165][340/391], lr: 0.00010	Loss 0.0764 (0.0952)	Prec@1 97.656 (97.445)	Prec@5 100.000 (99.975)
Epoch: [165][350/391], lr: 0.00010	Loss 0.0750 (0.0949)	Prec@1 99.219 (97.458)	Prec@5 99.219 (99.973)
Epoch: [165][360/391], lr: 0.00010	Loss 0.1073 (0.0947)	Prec@1 96.875 (97.453)	Prec@5 100.000 (99.974)
Epoch: [165][370/391], lr: 0.00010	Loss 0.0561 (0.0948)	Prec@1 98.438 (97.450)	Prec@5 100.000 (99.975)
Epoch: [165][380/391], lr: 0.00010	Loss 0.0552 (0.0944)	Prec@1 99.219 (97.457)	Prec@5 100.000 (99.975)
Epoch: [165][390/391], lr: 0.00010	Loss 0.0520 (0.0946)	Prec@1 100.000 (97.448)	Prec@5 100.000 (99.976)
Epoch [165] Training Results: Prec@1 97.448 Prec@5 99.976             Loss 0.09456
Epoch [165] Training Class Recall: [0.927,0.946,0.945,0.974,0.981,0.990,0.995,0.994,0.995,0.997]

Epoch: [166][0/391], lr: 0.00010	Loss 0.0799 (0.0799)	Prec@1 97.656 (97.656)	Prec@5 100.000 (100.000)
Epoch: [166][10/391], lr: 0.00010	Loss 0.1104 (0.0950)	Prec@1 98.438 (97.585)	Prec@5 99.219 (99.929)
Epoch: [166][20/391], lr: 0.00010	Loss 0.0668 (0.0892)	Prec@1 98.438 (97.805)	Prec@5 100.000 (99.963)
Epoch: [166][30/391], lr: 0.00010	Loss 0.0750 (0.0863)	Prec@1 98.438 (97.933)	Prec@5 100.000 (99.975)
Epoch: [166][40/391], lr: 0.00010	Loss 0.0540 (0.0854)	Prec@1 99.219 (97.942)	Prec@5 100.000 (99.962)
Epoch: [166][50/391], lr: 0.00010	Loss 0.0834 (0.0837)	Prec@1 96.875 (98.055)	Prec@5 100.000 (99.969)
Epoch: [166][60/391], lr: 0.00010	Loss 0.0578 (0.0845)	Prec@1 98.438 (97.925)	Prec@5 100.000 (99.974)
Epoch: [166][70/391], lr: 0.00010	Loss 0.0801 (0.0842)	Prec@1 97.656 (97.898)	Prec@5 100.000 (99.978)
Epoch: [166][80/391], lr: 0.00010	Loss 0.0746 (0.0848)	Prec@1 98.438 (97.849)	Prec@5 100.000 (99.981)
Epoch: [166][90/391], lr: 0.00010	Loss 0.0945 (0.0843)	Prec@1 96.094 (97.837)	Prec@5 100.000 (99.983)
Epoch: [166][100/391], lr: 0.00010	Loss 0.1053 (0.0855)	Prec@1 96.094 (97.765)	Prec@5 100.000 (99.977)
Epoch: [166][110/391], lr: 0.00010	Loss 0.1126 (0.0872)	Prec@1 96.094 (97.698)	Prec@5 100.000 (99.972)
Epoch: [166][120/391], lr: 0.00010	Loss 0.1149 (0.0873)	Prec@1 96.875 (97.689)	Prec@5 100.000 (99.974)
Epoch: [166][130/391], lr: 0.00010	Loss 0.0940 (0.0871)	Prec@1 98.438 (97.686)	Prec@5 99.219 (99.964)
Epoch: [166][140/391], lr: 0.00010	Loss 0.0380 (0.0875)	Prec@1 100.000 (97.667)	Prec@5 100.000 (99.961)
Epoch: [166][150/391], lr: 0.00010	Loss 0.0500 (0.0889)	Prec@1 99.219 (97.579)	Prec@5 100.000 (99.964)
Epoch: [166][160/391], lr: 0.00010	Loss 0.0658 (0.0885)	Prec@1 99.219 (97.593)	Prec@5 100.000 (99.966)
Epoch: [166][170/391], lr: 0.00010	Loss 0.0549 (0.0878)	Prec@1 98.438 (97.633)	Prec@5 100.000 (99.963)
Epoch: [166][180/391], lr: 0.00010	Loss 0.0792 (0.0869)	Prec@1 98.438 (97.674)	Prec@5 100.000 (99.965)
Epoch: [166][190/391], lr: 0.00010	Loss 0.0926 (0.0874)	Prec@1 96.875 (97.652)	Prec@5 100.000 (99.967)
Epoch: [166][200/391], lr: 0.00010	Loss 0.0771 (0.0870)	Prec@1 97.656 (97.668)	Prec@5 100.000 (99.969)
Epoch: [166][210/391], lr: 0.00010	Loss 0.1382 (0.0868)	Prec@1 98.438 (97.693)	Prec@5 100.000 (99.970)
Epoch: [166][220/391], lr: 0.00010	Loss 0.0463 (0.0864)	Prec@1 100.000 (97.709)	Prec@5 100.000 (99.972)
Epoch: [166][230/391], lr: 0.00010	Loss 0.0688 (0.0867)	Prec@1 99.219 (97.690)	Prec@5 100.000 (99.973)
Epoch: [166][240/391], lr: 0.00010	Loss 0.0989 (0.0868)	Prec@1 96.875 (97.669)	Prec@5 100.000 (99.974)
Epoch: [166][250/391], lr: 0.00010	Loss 0.0272 (0.0871)	Prec@1 100.000 (97.666)	Prec@5 100.000 (99.975)
Epoch: [166][260/391], lr: 0.00010	Loss 0.1049 (0.0874)	Prec@1 96.875 (97.650)	Prec@5 100.000 (99.970)
Epoch: [166][270/391], lr: 0.00010	Loss 0.1006 (0.0879)	Prec@1 97.656 (97.645)	Prec@5 100.000 (99.971)
Epoch: [166][280/391], lr: 0.00010	Loss 0.1194 (0.0881)	Prec@1 95.312 (97.634)	Prec@5 100.000 (99.972)
Epoch: [166][290/391], lr: 0.00010	Loss 0.0372 (0.0879)	Prec@1 100.000 (97.635)	Prec@5 100.000 (99.973)
Epoch: [166][300/391], lr: 0.00010	Loss 0.0799 (0.0875)	Prec@1 97.656 (97.648)	Prec@5 100.000 (99.974)
Epoch: [166][310/391], lr: 0.00010	Loss 0.0481 (0.0872)	Prec@1 99.219 (97.669)	Prec@5 100.000 (99.972)
Epoch: [166][320/391], lr: 0.00010	Loss 0.0831 (0.0878)	Prec@1 97.656 (97.651)	Prec@5 100.000 (99.971)
Epoch: [166][330/391], lr: 0.00010	Loss 0.0661 (0.0875)	Prec@1 97.656 (97.663)	Prec@5 100.000 (99.969)
Epoch: [166][340/391], lr: 0.00010	Loss 0.0765 (0.0874)	Prec@1 97.656 (97.665)	Prec@5 100.000 (99.970)
Epoch: [166][350/391], lr: 0.00010	Loss 0.0973 (0.0881)	Prec@1 96.875 (97.625)	Prec@5 100.000 (99.971)
Epoch: [166][360/391], lr: 0.00010	Loss 0.1097 (0.0881)	Prec@1 96.094 (97.626)	Prec@5 100.000 (99.972)
Epoch: [166][370/391], lr: 0.00010	Loss 0.0969 (0.0882)	Prec@1 96.094 (97.614)	Prec@5 100.000 (99.973)
Epoch: [166][380/391], lr: 0.00010	Loss 0.1253 (0.0885)	Prec@1 97.656 (97.605)	Prec@5 100.000 (99.973)
Epoch: [166][390/391], lr: 0.00010	Loss 0.2287 (0.0886)	Prec@1 96.250 (97.602)	Prec@5 98.750 (99.972)
Epoch [166] Training Results: Prec@1 97.602 Prec@5 99.972             Loss 0.08861
Epoch [166] Training Class Recall: [0.932,0.947,0.952,0.973,0.984,0.991,0.996,0.994,0.995,0.997]

Epoch: [167][0/391], lr: 0.00010	Loss 0.1442 (0.1442)	Prec@1 96.094 (96.094)	Prec@5 100.000 (100.000)
Epoch: [167][10/391], lr: 0.00010	Loss 0.0745 (0.0774)	Prec@1 98.438 (97.727)	Prec@5 100.000 (100.000)
Epoch: [167][20/391], lr: 0.00010	Loss 0.0698 (0.0820)	Prec@1 97.656 (97.693)	Prec@5 100.000 (100.000)
Epoch: [167][30/391], lr: 0.00010	Loss 0.0462 (0.0816)	Prec@1 98.438 (97.606)	Prec@5 100.000 (100.000)
Epoch: [167][40/391], lr: 0.00010	Loss 0.0613 (0.0840)	Prec@1 97.656 (97.542)	Prec@5 100.000 (99.981)
Epoch: [167][50/391], lr: 0.00010	Loss 0.0573 (0.0810)	Prec@1 99.219 (97.702)	Prec@5 100.000 (99.985)
Epoch: [167][60/391], lr: 0.00010	Loss 0.1021 (0.0833)	Prec@1 96.875 (97.656)	Prec@5 100.000 (99.987)
Epoch: [167][70/391], lr: 0.00010	Loss 0.1574 (0.0863)	Prec@1 95.312 (97.612)	Prec@5 100.000 (99.978)
Epoch: [167][80/391], lr: 0.00010	Loss 0.0381 (0.0853)	Prec@1 100.000 (97.685)	Prec@5 100.000 (99.981)
Epoch: [167][90/391], lr: 0.00010	Loss 0.1061 (0.0843)	Prec@1 97.656 (97.716)	Prec@5 100.000 (99.974)
Epoch: [167][100/391], lr: 0.00010	Loss 0.0804 (0.0836)	Prec@1 98.438 (97.726)	Prec@5 100.000 (99.977)
Epoch: [167][110/391], lr: 0.00010	Loss 0.1073 (0.0853)	Prec@1 97.656 (97.656)	Prec@5 100.000 (99.979)
Epoch: [167][120/391], lr: 0.00010	Loss 0.0303 (0.0850)	Prec@1 100.000 (97.669)	Prec@5 100.000 (99.981)
Epoch: [167][130/391], lr: 0.00010	Loss 0.0564 (0.0852)	Prec@1 97.656 (97.644)	Prec@5 100.000 (99.982)
Epoch: [167][140/391], lr: 0.00010	Loss 0.1427 (0.0850)	Prec@1 95.312 (97.662)	Prec@5 100.000 (99.983)
Epoch: [167][150/391], lr: 0.00010	Loss 0.0562 (0.0841)	Prec@1 99.219 (97.692)	Prec@5 100.000 (99.984)
Epoch: [167][160/391], lr: 0.00010	Loss 0.0605 (0.0838)	Prec@1 99.219 (97.705)	Prec@5 100.000 (99.981)
Epoch: [167][170/391], lr: 0.00010	Loss 0.1529 (0.0837)	Prec@1 96.094 (97.707)	Prec@5 100.000 (99.982)
Epoch: [167][180/391], lr: 0.00010	Loss 0.0855 (0.0840)	Prec@1 98.438 (97.721)	Prec@5 100.000 (99.983)
Epoch: [167][190/391], lr: 0.00010	Loss 0.0660 (0.0848)	Prec@1 96.875 (97.701)	Prec@5 100.000 (99.984)
Epoch: [167][200/391], lr: 0.00010	Loss 0.0372 (0.0849)	Prec@1 100.000 (97.711)	Prec@5 100.000 (99.984)
Epoch: [167][210/391], lr: 0.00010	Loss 0.1462 (0.0856)	Prec@1 94.531 (97.697)	Prec@5 100.000 (99.985)
Epoch: [167][220/391], lr: 0.00010	Loss 0.0817 (0.0855)	Prec@1 95.312 (97.692)	Prec@5 100.000 (99.986)
Epoch: [167][230/391], lr: 0.00010	Loss 0.0901 (0.0861)	Prec@1 96.094 (97.660)	Prec@5 100.000 (99.986)
Epoch: [167][240/391], lr: 0.00010	Loss 0.0453 (0.0858)	Prec@1 98.438 (97.656)	Prec@5 100.000 (99.987)
Epoch: [167][250/391], lr: 0.00010	Loss 0.0634 (0.0862)	Prec@1 98.438 (97.628)	Prec@5 100.000 (99.988)
Epoch: [167][260/391], lr: 0.00010	Loss 0.1201 (0.0868)	Prec@1 96.094 (97.617)	Prec@5 100.000 (99.988)
Epoch: [167][270/391], lr: 0.00010	Loss 0.0742 (0.0862)	Prec@1 97.656 (97.642)	Prec@5 100.000 (99.986)
Epoch: [167][280/391], lr: 0.00010	Loss 0.1093 (0.0862)	Prec@1 98.438 (97.648)	Prec@5 100.000 (99.986)
Epoch: [167][290/391], lr: 0.00010	Loss 0.0752 (0.0866)	Prec@1 98.438 (97.632)	Prec@5 100.000 (99.987)
Epoch: [167][300/391], lr: 0.00010	Loss 0.1117 (0.0871)	Prec@1 96.875 (97.628)	Prec@5 100.000 (99.984)
Epoch: [167][310/391], lr: 0.00010	Loss 0.0468 (0.0870)	Prec@1 98.438 (97.629)	Prec@5 100.000 (99.985)
Epoch: [167][320/391], lr: 0.00010	Loss 0.0486 (0.0867)	Prec@1 98.438 (97.629)	Prec@5 100.000 (99.985)
Epoch: [167][330/391], lr: 0.00010	Loss 0.0743 (0.0863)	Prec@1 99.219 (97.640)	Prec@5 100.000 (99.986)
Epoch: [167][340/391], lr: 0.00010	Loss 0.0621 (0.0863)	Prec@1 98.438 (97.636)	Prec@5 100.000 (99.986)
Epoch: [167][350/391], lr: 0.00010	Loss 0.0575 (0.0858)	Prec@1 98.438 (97.658)	Prec@5 100.000 (99.987)
Epoch: [167][360/391], lr: 0.00010	Loss 0.0480 (0.0860)	Prec@1 99.219 (97.648)	Prec@5 100.000 (99.987)
Epoch: [167][370/391], lr: 0.00010	Loss 0.0943 (0.0861)	Prec@1 96.094 (97.635)	Prec@5 100.000 (99.987)
Epoch: [167][380/391], lr: 0.00010	Loss 0.0889 (0.0859)	Prec@1 98.438 (97.654)	Prec@5 100.000 (99.988)
Epoch: [167][390/391], lr: 0.00010	Loss 0.0819 (0.0858)	Prec@1 96.250 (97.646)	Prec@5 100.000 (99.988)
Epoch [167] Training Results: Prec@1 97.646 Prec@5 99.988             Loss 0.08582
Epoch [167] Training Class Recall: [0.933,0.946,0.953,0.973,0.984,0.992,0.995,0.995,0.997,0.997]

Epoch: [168][0/391], lr: 0.00010	Loss 0.0990 (0.0990)	Prec@1 97.656 (97.656)	Prec@5 100.000 (100.000)
Epoch: [168][10/391], lr: 0.00010	Loss 0.0897 (0.0868)	Prec@1 98.438 (97.656)	Prec@5 100.000 (100.000)
Epoch: [168][20/391], lr: 0.00010	Loss 0.0650 (0.0775)	Prec@1 98.438 (98.103)	Prec@5 100.000 (100.000)
Epoch: [168][30/391], lr: 0.00010	Loss 0.1319 (0.0784)	Prec@1 95.312 (97.933)	Prec@5 100.000 (100.000)
Epoch: [168][40/391], lr: 0.00010	Loss 0.1136 (0.0771)	Prec@1 96.094 (97.942)	Prec@5 100.000 (100.000)
Epoch: [168][50/391], lr: 0.00010	Loss 0.0575 (0.0771)	Prec@1 97.656 (97.947)	Prec@5 100.000 (100.000)
Epoch: [168][60/391], lr: 0.00010	Loss 0.1190 (0.0781)	Prec@1 96.094 (97.938)	Prec@5 100.000 (99.987)
Epoch: [168][70/391], lr: 0.00010	Loss 0.0577 (0.0810)	Prec@1 98.438 (97.832)	Prec@5 100.000 (99.989)
Epoch: [168][80/391], lr: 0.00010	Loss 0.0527 (0.0807)	Prec@1 99.219 (97.830)	Prec@5 100.000 (99.981)
Epoch: [168][90/391], lr: 0.00010	Loss 0.0963 (0.0819)	Prec@1 98.438 (97.785)	Prec@5 100.000 (99.983)
Epoch: [168][100/391], lr: 0.00010	Loss 0.0876 (0.0820)	Prec@1 98.438 (97.819)	Prec@5 100.000 (99.977)
Epoch: [168][110/391], lr: 0.00010	Loss 0.0793 (0.0822)	Prec@1 98.438 (97.818)	Prec@5 100.000 (99.972)
Epoch: [168][120/391], lr: 0.00010	Loss 0.0926 (0.0837)	Prec@1 97.656 (97.792)	Prec@5 100.000 (99.974)
Epoch: [168][130/391], lr: 0.00010	Loss 0.0924 (0.0837)	Prec@1 97.656 (97.781)	Prec@5 100.000 (99.976)
Epoch: [168][140/391], lr: 0.00010	Loss 0.0995 (0.0834)	Prec@1 97.656 (97.811)	Prec@5 100.000 (99.978)
Epoch: [168][150/391], lr: 0.00010	Loss 0.0782 (0.0833)	Prec@1 98.438 (97.796)	Prec@5 100.000 (99.974)
Epoch: [168][160/391], lr: 0.00010	Loss 0.0542 (0.0837)	Prec@1 99.219 (97.797)	Prec@5 100.000 (99.976)
Epoch: [168][170/391], lr: 0.00010	Loss 0.0635 (0.0829)	Prec@1 98.438 (97.821)	Prec@5 100.000 (99.977)
Epoch: [168][180/391], lr: 0.00010	Loss 0.0733 (0.0830)	Prec@1 97.656 (97.799)	Prec@5 100.000 (99.978)
Epoch: [168][190/391], lr: 0.00010	Loss 0.0620 (0.0833)	Prec@1 98.438 (97.759)	Prec@5 100.000 (99.980)
Epoch: [168][200/391], lr: 0.00010	Loss 0.1226 (0.0835)	Prec@1 96.875 (97.742)	Prec@5 99.219 (99.973)
Epoch: [168][210/391], lr: 0.00010	Loss 0.0546 (0.0833)	Prec@1 98.438 (97.745)	Prec@5 100.000 (99.974)
Epoch: [168][220/391], lr: 0.00010	Loss 0.0887 (0.0830)	Prec@1 96.875 (97.748)	Prec@5 100.000 (99.975)
Epoch: [168][230/391], lr: 0.00010	Loss 0.1047 (0.0833)	Prec@1 96.875 (97.744)	Prec@5 100.000 (99.973)
Epoch: [168][240/391], lr: 0.00010	Loss 0.1352 (0.0838)	Prec@1 94.531 (97.685)	Prec@5 100.000 (99.974)
Epoch: [168][250/391], lr: 0.00010	Loss 0.0556 (0.0840)	Prec@1 98.438 (97.687)	Prec@5 100.000 (99.969)
Epoch: [168][260/391], lr: 0.00010	Loss 0.0491 (0.0839)	Prec@1 98.438 (97.674)	Prec@5 100.000 (99.970)
Epoch: [168][270/391], lr: 0.00010	Loss 0.0418 (0.0836)	Prec@1 100.000 (97.694)	Prec@5 100.000 (99.971)
Epoch: [168][280/391], lr: 0.00010	Loss 0.0971 (0.0834)	Prec@1 97.656 (97.701)	Prec@5 100.000 (99.969)
Epoch: [168][290/391], lr: 0.00010	Loss 0.0535 (0.0831)	Prec@1 98.438 (97.715)	Prec@5 100.000 (99.970)
Epoch: [168][300/391], lr: 0.00010	Loss 0.0861 (0.0827)	Prec@1 97.656 (97.742)	Prec@5 100.000 (99.971)
Epoch: [168][310/391], lr: 0.00010	Loss 0.0795 (0.0827)	Prec@1 97.656 (97.742)	Prec@5 100.000 (99.972)
Epoch: [168][320/391], lr: 0.00010	Loss 0.1036 (0.0823)	Prec@1 96.875 (97.761)	Prec@5 100.000 (99.973)
Epoch: [168][330/391], lr: 0.00010	Loss 0.0671 (0.0828)	Prec@1 98.438 (97.736)	Prec@5 100.000 (99.972)
Epoch: [168][340/391], lr: 0.00010	Loss 0.0927 (0.0826)	Prec@1 97.656 (97.746)	Prec@5 100.000 (99.970)
Epoch: [168][350/391], lr: 0.00010	Loss 0.1166 (0.0826)	Prec@1 95.312 (97.745)	Prec@5 100.000 (99.969)
Epoch: [168][360/391], lr: 0.00010	Loss 0.0365 (0.0825)	Prec@1 100.000 (97.749)	Prec@5 100.000 (99.968)
Epoch: [168][370/391], lr: 0.00010	Loss 0.0515 (0.0823)	Prec@1 99.219 (97.757)	Prec@5 100.000 (99.966)
Epoch: [168][380/391], lr: 0.00010	Loss 0.0627 (0.0820)	Prec@1 99.219 (97.775)	Prec@5 100.000 (99.965)
Epoch: [168][390/391], lr: 0.00010	Loss 0.0513 (0.0818)	Prec@1 98.750 (97.786)	Prec@5 100.000 (99.964)
Epoch [168] Training Results: Prec@1 97.786 Prec@5 99.964             Loss 0.08179
Epoch [168] Training Class Recall: [0.933,0.951,0.954,0.978,0.986,0.992,0.995,0.994,0.997,0.998]

Epoch: [169][0/391], lr: 0.00010	Loss 0.0943 (0.0943)	Prec@1 96.875 (96.875)	Prec@5 100.000 (100.000)
Epoch: [169][10/391], lr: 0.00010	Loss 0.1147 (0.0913)	Prec@1 94.531 (97.372)	Prec@5 100.000 (99.929)
Epoch: [169][20/391], lr: 0.00010	Loss 0.0825 (0.0875)	Prec@1 98.438 (97.396)	Prec@5 100.000 (99.926)
Epoch: [169][30/391], lr: 0.00010	Loss 0.0578 (0.0830)	Prec@1 98.438 (97.581)	Prec@5 100.000 (99.950)
Epoch: [169][40/391], lr: 0.00010	Loss 0.0869 (0.0835)	Prec@1 96.875 (97.599)	Prec@5 100.000 (99.943)
Epoch: [169][50/391], lr: 0.00010	Loss 0.0604 (0.0830)	Prec@1 98.438 (97.702)	Prec@5 100.000 (99.954)
Epoch: [169][60/391], lr: 0.00010	Loss 0.0804 (0.0826)	Prec@1 96.875 (97.720)	Prec@5 100.000 (99.962)
Epoch: [169][70/391], lr: 0.00010	Loss 0.0634 (0.0821)	Prec@1 97.656 (97.733)	Prec@5 100.000 (99.956)
Epoch: [169][80/391], lr: 0.00010	Loss 0.0966 (0.0820)	Prec@1 96.094 (97.762)	Prec@5 100.000 (99.961)
Epoch: [169][90/391], lr: 0.00010	Loss 0.0447 (0.0810)	Prec@1 99.219 (97.828)	Prec@5 100.000 (99.966)
Epoch: [169][100/391], lr: 0.00010	Loss 0.1253 (0.0820)	Prec@1 96.875 (97.772)	Prec@5 100.000 (99.969)
Epoch: [169][110/391], lr: 0.00010	Loss 0.0492 (0.0815)	Prec@1 99.219 (97.811)	Prec@5 100.000 (99.972)
Epoch: [169][120/391], lr: 0.00010	Loss 0.0950 (0.0827)	Prec@1 97.656 (97.798)	Prec@5 100.000 (99.968)
Epoch: [169][130/391], lr: 0.00010	Loss 0.0339 (0.0817)	Prec@1 99.219 (97.805)	Prec@5 100.000 (99.970)
Epoch: [169][140/391], lr: 0.00010	Loss 0.0624 (0.0811)	Prec@1 98.438 (97.850)	Prec@5 100.000 (99.972)
Epoch: [169][150/391], lr: 0.00010	Loss 0.0518 (0.0801)	Prec@1 99.219 (97.889)	Prec@5 100.000 (99.974)
Epoch: [169][160/391], lr: 0.00010	Loss 0.0593 (0.0807)	Prec@1 98.438 (97.879)	Prec@5 100.000 (99.976)
Epoch: [169][170/391], lr: 0.00010	Loss 0.0881 (0.0809)	Prec@1 97.656 (97.866)	Prec@5 100.000 (99.977)
Epoch: [169][180/391], lr: 0.00010	Loss 0.0485 (0.0805)	Prec@1 99.219 (97.907)	Prec@5 100.000 (99.978)
Epoch: [169][190/391], lr: 0.00010	Loss 0.0701 (0.0812)	Prec@1 97.656 (97.893)	Prec@5 100.000 (99.971)
Epoch: [169][200/391], lr: 0.00010	Loss 0.0611 (0.0814)	Prec@1 98.438 (97.893)	Prec@5 100.000 (99.973)
Epoch: [169][210/391], lr: 0.00010	Loss 0.0879 (0.0818)	Prec@1 97.656 (97.852)	Prec@5 100.000 (99.974)
Epoch: [169][220/391], lr: 0.00010	Loss 0.0525 (0.0814)	Prec@1 99.219 (97.872)	Prec@5 100.000 (99.975)
Epoch: [169][230/391], lr: 0.00010	Loss 0.0798 (0.0816)	Prec@1 97.656 (97.876)	Prec@5 100.000 (99.976)
Epoch: [169][240/391], lr: 0.00010	Loss 0.0686 (0.0815)	Prec@1 98.438 (97.873)	Prec@5 100.000 (99.977)
Epoch: [169][250/391], lr: 0.00010	Loss 0.0836 (0.0809)	Prec@1 97.656 (97.880)	Prec@5 100.000 (99.978)
Epoch: [169][260/391], lr: 0.00010	Loss 0.0529 (0.0801)	Prec@1 99.219 (97.896)	Prec@5 100.000 (99.979)
Epoch: [169][270/391], lr: 0.00010	Loss 0.0431 (0.0795)	Prec@1 99.219 (97.924)	Prec@5 100.000 (99.980)
Epoch: [169][280/391], lr: 0.00010	Loss 0.1137 (0.0797)	Prec@1 96.094 (97.918)	Prec@5 100.000 (99.981)
Epoch: [169][290/391], lr: 0.00010	Loss 0.0628 (0.0795)	Prec@1 98.438 (97.925)	Prec@5 100.000 (99.981)
Epoch: [169][300/391], lr: 0.00010	Loss 0.1012 (0.0802)	Prec@1 97.656 (97.900)	Prec@5 100.000 (99.982)
Epoch: [169][310/391], lr: 0.00010	Loss 0.0766 (0.0803)	Prec@1 96.094 (97.887)	Prec@5 100.000 (99.982)
Epoch: [169][320/391], lr: 0.00010	Loss 0.0843 (0.0799)	Prec@1 97.656 (97.887)	Prec@5 100.000 (99.983)
Epoch: [169][330/391], lr: 0.00010	Loss 0.0424 (0.0796)	Prec@1 99.219 (97.902)	Prec@5 100.000 (99.983)
Epoch: [169][340/391], lr: 0.00010	Loss 0.0802 (0.0793)	Prec@1 97.656 (97.917)	Prec@5 100.000 (99.984)
Epoch: [169][350/391], lr: 0.00010	Loss 0.0508 (0.0793)	Prec@1 99.219 (97.919)	Prec@5 100.000 (99.982)
Epoch: [169][360/391], lr: 0.00010	Loss 0.0645 (0.0792)	Prec@1 98.438 (97.918)	Prec@5 100.000 (99.983)
Epoch: [169][370/391], lr: 0.00010	Loss 0.0882 (0.0793)	Prec@1 96.875 (97.903)	Prec@5 100.000 (99.981)
Epoch: [169][380/391], lr: 0.00010	Loss 0.0499 (0.0789)	Prec@1 99.219 (97.908)	Prec@5 100.000 (99.982)
Epoch: [169][390/391], lr: 0.00010	Loss 0.0528 (0.0791)	Prec@1 98.750 (97.910)	Prec@5 100.000 (99.980)
Epoch [169] Training Results: Prec@1 97.910 Prec@5 99.980             Loss 0.07906
Epoch [169] Training Class Recall: [0.939,0.949,0.959,0.978,0.985,0.993,0.998,0.996,0.996,0.999]

Epoch: [170][0/391], lr: 0.00010	Loss 0.0438 (0.0438)	Prec@1 99.219 (99.219)	Prec@5 100.000 (100.000)
Epoch: [170][10/391], lr: 0.00010	Loss 0.0575 (0.0679)	Prec@1 99.219 (98.295)	Prec@5 100.000 (100.000)
Epoch: [170][20/391], lr: 0.00010	Loss 0.1132 (0.0705)	Prec@1 96.875 (98.438)	Prec@5 100.000 (99.926)
Epoch: [170][30/391], lr: 0.00010	Loss 0.0484 (0.0681)	Prec@1 99.219 (98.488)	Prec@5 100.000 (99.950)
Epoch: [170][40/391], lr: 0.00010	Loss 0.0321 (0.0681)	Prec@1 100.000 (98.495)	Prec@5 100.000 (99.962)
Epoch: [170][50/391], lr: 0.00010	Loss 0.0628 (0.0667)	Prec@1 98.438 (98.529)	Prec@5 100.000 (99.969)
Epoch: [170][60/391], lr: 0.00010	Loss 0.0799 (0.0671)	Prec@1 98.438 (98.450)	Prec@5 100.000 (99.974)
Epoch: [170][70/391], lr: 0.00010	Loss 0.0563 (0.0707)	Prec@1 99.219 (98.327)	Prec@5 100.000 (99.967)
Epoch: [170][80/391], lr: 0.00010	Loss 0.0477 (0.0718)	Prec@1 100.000 (98.293)	Prec@5 100.000 (99.942)
Epoch: [170][90/391], lr: 0.00010	Loss 0.0627 (0.0729)	Prec@1 98.438 (98.257)	Prec@5 100.000 (99.948)
Epoch: [170][100/391], lr: 0.00010	Loss 0.1719 (0.0754)	Prec@1 94.531 (98.175)	Prec@5 100.000 (99.946)
Epoch: [170][110/391], lr: 0.00010	Loss 0.0281 (0.0761)	Prec@1 100.000 (98.079)	Prec@5 100.000 (99.951)
Epoch: [170][120/391], lr: 0.00010	Loss 0.0621 (0.0760)	Prec@1 100.000 (98.082)	Prec@5 100.000 (99.942)
Epoch: [170][130/391], lr: 0.00010	Loss 0.0846 (0.0766)	Prec@1 97.656 (98.050)	Prec@5 100.000 (99.946)
Epoch: [170][140/391], lr: 0.00010	Loss 0.0946 (0.0763)	Prec@1 97.656 (98.055)	Prec@5 100.000 (99.950)
Epoch: [170][150/391], lr: 0.00010	Loss 0.0538 (0.0759)	Prec@1 99.219 (98.060)	Prec@5 100.000 (99.953)
Epoch: [170][160/391], lr: 0.00010	Loss 0.0960 (0.0764)	Prec@1 96.875 (98.015)	Prec@5 100.000 (99.951)
Epoch: [170][170/391], lr: 0.00010	Loss 0.0724 (0.0771)	Prec@1 98.438 (97.981)	Prec@5 100.000 (99.954)
Epoch: [170][180/391], lr: 0.00010	Loss 0.0806 (0.0778)	Prec@1 99.219 (97.963)	Prec@5 100.000 (99.957)
Epoch: [170][190/391], lr: 0.00010	Loss 0.0482 (0.0774)	Prec@1 99.219 (97.988)	Prec@5 100.000 (99.959)
Epoch: [170][200/391], lr: 0.00010	Loss 0.0606 (0.0771)	Prec@1 99.219 (97.979)	Prec@5 100.000 (99.961)
Epoch: [170][210/391], lr: 0.00010	Loss 0.0611 (0.0766)	Prec@1 98.438 (97.986)	Prec@5 100.000 (99.963)
Epoch: [170][220/391], lr: 0.00010	Loss 0.1045 (0.0763)	Prec@1 96.094 (97.992)	Prec@5 100.000 (99.965)
Epoch: [170][230/391], lr: 0.00010	Loss 0.0903 (0.0757)	Prec@1 96.875 (98.008)	Prec@5 100.000 (99.966)
Epoch: [170][240/391], lr: 0.00010	Loss 0.0731 (0.0754)	Prec@1 97.656 (98.016)	Prec@5 100.000 (99.968)
Epoch: [170][250/391], lr: 0.00010	Loss 0.0766 (0.0755)	Prec@1 97.656 (97.996)	Prec@5 100.000 (99.969)
Epoch: [170][260/391], lr: 0.00010	Loss 0.0686 (0.0754)	Prec@1 98.438 (98.009)	Prec@5 100.000 (99.967)
Epoch: [170][270/391], lr: 0.00010	Loss 0.0703 (0.0755)	Prec@1 97.656 (98.005)	Prec@5 100.000 (99.968)
Epoch: [170][280/391], lr: 0.00010	Loss 0.0683 (0.0752)	Prec@1 98.438 (98.020)	Prec@5 100.000 (99.969)
Epoch: [170][290/391], lr: 0.00010	Loss 0.0698 (0.0753)	Prec@1 97.656 (98.005)	Prec@5 100.000 (99.970)
Epoch: [170][300/391], lr: 0.00010	Loss 0.0701 (0.0751)	Prec@1 98.438 (98.014)	Prec@5 100.000 (99.971)
Epoch: [170][310/391], lr: 0.00010	Loss 0.0519 (0.0752)	Prec@1 99.219 (98.010)	Prec@5 100.000 (99.972)
Epoch: [170][320/391], lr: 0.00010	Loss 0.0549 (0.0748)	Prec@1 98.438 (98.024)	Prec@5 100.000 (99.973)
Epoch: [170][330/391], lr: 0.00010	Loss 0.0618 (0.0747)	Prec@1 99.219 (98.036)	Prec@5 100.000 (99.969)
Epoch: [170][340/391], lr: 0.00010	Loss 0.1004 (0.0747)	Prec@1 96.875 (98.046)	Prec@5 100.000 (99.970)
Epoch: [170][350/391], lr: 0.00010	Loss 0.0888 (0.0746)	Prec@1 97.656 (98.050)	Prec@5 100.000 (99.971)
Epoch: [170][360/391], lr: 0.00010	Loss 0.0784 (0.0744)	Prec@1 98.438 (98.044)	Prec@5 100.000 (99.972)
Epoch: [170][370/391], lr: 0.00010	Loss 0.0506 (0.0746)	Prec@1 99.219 (98.042)	Prec@5 100.000 (99.973)
Epoch: [170][380/391], lr: 0.00010	Loss 0.0658 (0.0748)	Prec@1 98.438 (98.040)	Prec@5 100.000 (99.973)
Epoch: [170][390/391], lr: 0.00010	Loss 0.0776 (0.0749)	Prec@1 98.750 (98.042)	Prec@5 100.000 (99.974)
Epoch [170] Training Results: Prec@1 98.042 Prec@5 99.974             Loss 0.07486
Epoch [170] Training Class Recall: [0.940,0.950,0.960,0.983,0.992,0.992,0.997,0.996,0.997,0.998]

Epoch: [171][0/391], lr: 0.00010	Loss 0.0627 (0.0627)	Prec@1 98.438 (98.438)	Prec@5 100.000 (100.000)
Epoch: [171][10/391], lr: 0.00010	Loss 0.0785 (0.0813)	Prec@1 96.875 (97.798)	Prec@5 100.000 (100.000)
Epoch: [171][20/391], lr: 0.00010	Loss 0.0626 (0.0787)	Prec@1 99.219 (97.842)	Prec@5 100.000 (100.000)
Epoch: [171][30/391], lr: 0.00010	Loss 0.0979 (0.0848)	Prec@1 96.875 (97.480)	Prec@5 100.000 (99.975)
Epoch: [171][40/391], lr: 0.00010	Loss 0.1001 (0.0838)	Prec@1 96.875 (97.561)	Prec@5 100.000 (99.981)
Epoch: [171][50/391], lr: 0.00010	Loss 0.0532 (0.0809)	Prec@1 99.219 (97.687)	Prec@5 100.000 (99.969)
Epoch: [171][60/391], lr: 0.00010	Loss 0.0841 (0.0795)	Prec@1 96.875 (97.695)	Prec@5 100.000 (99.974)
Epoch: [171][70/391], lr: 0.00010	Loss 0.0653 (0.0775)	Prec@1 98.438 (97.788)	Prec@5 100.000 (99.978)
Epoch: [171][80/391], lr: 0.00010	Loss 0.1191 (0.0779)	Prec@1 96.094 (97.791)	Prec@5 100.000 (99.981)
Epoch: [171][90/391], lr: 0.00010	Loss 0.0542 (0.0774)	Prec@1 99.219 (97.802)	Prec@5 100.000 (99.983)
Epoch: [171][100/391], lr: 0.00010	Loss 0.0833 (0.0767)	Prec@1 99.219 (97.819)	Prec@5 100.000 (99.985)
Epoch: [171][110/391], lr: 0.00010	Loss 0.0609 (0.0759)	Prec@1 98.438 (97.860)	Prec@5 100.000 (99.986)
Epoch: [171][120/391], lr: 0.00010	Loss 0.0495 (0.0756)	Prec@1 99.219 (97.882)	Prec@5 100.000 (99.987)
Epoch: [171][130/391], lr: 0.00010	Loss 0.1145 (0.0761)	Prec@1 96.875 (97.859)	Prec@5 100.000 (99.988)
Epoch: [171][140/391], lr: 0.00010	Loss 0.0799 (0.0754)	Prec@1 98.438 (97.906)	Prec@5 100.000 (99.989)
Epoch: [171][150/391], lr: 0.00010	Loss 0.0494 (0.0751)	Prec@1 98.438 (97.925)	Prec@5 100.000 (99.984)
Epoch: [171][160/391], lr: 0.00010	Loss 0.0582 (0.0747)	Prec@1 97.656 (97.938)	Prec@5 100.000 (99.985)
Epoch: [171][170/391], lr: 0.00010	Loss 0.0894 (0.0743)	Prec@1 99.219 (97.962)	Prec@5 99.219 (99.982)
Epoch: [171][180/391], lr: 0.00010	Loss 0.1011 (0.0742)	Prec@1 95.312 (97.967)	Prec@5 99.219 (99.974)
Epoch: [171][190/391], lr: 0.00010	Loss 0.0567 (0.0739)	Prec@1 99.219 (97.975)	Prec@5 100.000 (99.975)
Epoch: [171][200/391], lr: 0.00010	Loss 0.0886 (0.0735)	Prec@1 97.656 (98.002)	Prec@5 100.000 (99.977)
Epoch: [171][210/391], lr: 0.00010	Loss 0.0461 (0.0733)	Prec@1 99.219 (98.015)	Prec@5 100.000 (99.978)
Epoch: [171][220/391], lr: 0.00010	Loss 0.0657 (0.0734)	Prec@1 98.438 (98.017)	Prec@5 100.000 (99.979)
Epoch: [171][230/391], lr: 0.00010	Loss 0.0881 (0.0733)	Prec@1 97.656 (98.018)	Prec@5 100.000 (99.976)
Epoch: [171][240/391], lr: 0.00010	Loss 0.0509 (0.0732)	Prec@1 99.219 (98.023)	Prec@5 100.000 (99.977)
Epoch: [171][250/391], lr: 0.00010	Loss 0.0488 (0.0732)	Prec@1 98.438 (98.020)	Prec@5 100.000 (99.978)
Epoch: [171][260/391], lr: 0.00010	Loss 0.0831 (0.0731)	Prec@1 97.656 (98.033)	Prec@5 100.000 (99.979)
Epoch: [171][270/391], lr: 0.00010	Loss 0.0578 (0.0729)	Prec@1 98.438 (98.048)	Prec@5 100.000 (99.980)
Epoch: [171][280/391], lr: 0.00010	Loss 0.0549 (0.0725)	Prec@1 98.438 (98.065)	Prec@5 100.000 (99.981)
Epoch: [171][290/391], lr: 0.00010	Loss 0.0377 (0.0725)	Prec@1 100.000 (98.075)	Prec@5 100.000 (99.981)
Epoch: [171][300/391], lr: 0.00010	Loss 0.0670 (0.0728)	Prec@1 98.438 (98.061)	Prec@5 100.000 (99.974)
Epoch: [171][310/391], lr: 0.00010	Loss 0.0879 (0.0726)	Prec@1 98.438 (98.071)	Prec@5 100.000 (99.975)
Epoch: [171][320/391], lr: 0.00010	Loss 0.0930 (0.0728)	Prec@1 96.094 (98.065)	Prec@5 100.000 (99.976)
Epoch: [171][330/391], lr: 0.00010	Loss 0.0444 (0.0727)	Prec@1 98.438 (98.057)	Prec@5 100.000 (99.976)
Epoch: [171][340/391], lr: 0.00010	Loss 0.0547 (0.0727)	Prec@1 96.875 (98.062)	Prec@5 100.000 (99.977)
Epoch: [171][350/391], lr: 0.00010	Loss 0.0607 (0.0733)	Prec@1 99.219 (98.046)	Prec@5 100.000 (99.978)
Epoch: [171][360/391], lr: 0.00010	Loss 0.0252 (0.0733)	Prec@1 100.000 (98.052)	Prec@5 100.000 (99.978)
Epoch: [171][370/391], lr: 0.00010	Loss 0.0476 (0.0730)	Prec@1 100.000 (98.071)	Prec@5 100.000 (99.979)
Epoch: [171][380/391], lr: 0.00010	Loss 0.0687 (0.0732)	Prec@1 97.656 (98.062)	Prec@5 100.000 (99.979)
Epoch: [171][390/391], lr: 0.00010	Loss 0.0876 (0.0732)	Prec@1 98.750 (98.070)	Prec@5 100.000 (99.980)
Epoch [171] Training Results: Prec@1 98.070 Prec@5 99.980             Loss 0.07324
Epoch [171] Training Class Recall: [0.940,0.955,0.960,0.982,0.990,0.992,0.997,0.996,0.997,0.999]

Epoch: [172][0/391], lr: 0.00010	Loss 0.0779 (0.0779)	Prec@1 96.875 (96.875)	Prec@5 100.000 (100.000)
Epoch: [172][10/391], lr: 0.00010	Loss 0.0791 (0.0673)	Prec@1 98.438 (98.082)	Prec@5 100.000 (100.000)
Epoch: [172][20/391], lr: 0.00010	Loss 0.0368 (0.0672)	Prec@1 99.219 (98.140)	Prec@5 100.000 (100.000)
Epoch: [172][30/391], lr: 0.00010	Loss 0.0410 (0.0711)	Prec@1 98.438 (97.959)	Prec@5 100.000 (100.000)
Epoch: [172][40/391], lr: 0.00010	Loss 0.0874 (0.0715)	Prec@1 96.875 (97.980)	Prec@5 100.000 (100.000)
Epoch: [172][50/391], lr: 0.00010	Loss 0.0721 (0.0731)	Prec@1 97.656 (97.993)	Prec@5 100.000 (100.000)
Epoch: [172][60/391], lr: 0.00010	Loss 0.0608 (0.0721)	Prec@1 97.656 (98.040)	Prec@5 100.000 (100.000)
Epoch: [172][70/391], lr: 0.00010	Loss 0.0524 (0.0722)	Prec@1 98.438 (98.030)	Prec@5 100.000 (100.000)
Epoch: [172][80/391], lr: 0.00010	Loss 0.0914 (0.0705)	Prec@1 97.656 (98.061)	Prec@5 100.000 (100.000)
Epoch: [172][90/391], lr: 0.00010	Loss 0.0806 (0.0701)	Prec@1 96.875 (98.086)	Prec@5 100.000 (100.000)
Epoch: [172][100/391], lr: 0.00010	Loss 0.0558 (0.0707)	Prec@1 98.438 (98.043)	Prec@5 100.000 (100.000)
Epoch: [172][110/391], lr: 0.00010	Loss 0.0436 (0.0706)	Prec@1 98.438 (98.072)	Prec@5 100.000 (100.000)
Epoch: [172][120/391], lr: 0.00010	Loss 0.0366 (0.0718)	Prec@1 100.000 (98.037)	Prec@5 100.000 (99.994)
Epoch: [172][130/391], lr: 0.00010	Loss 0.0580 (0.0714)	Prec@1 98.438 (98.038)	Prec@5 100.000 (99.994)
Epoch: [172][140/391], lr: 0.00010	Loss 0.0723 (0.0715)	Prec@1 98.438 (98.039)	Prec@5 100.000 (99.994)
Epoch: [172][150/391], lr: 0.00010	Loss 0.0587 (0.0719)	Prec@1 99.219 (98.003)	Prec@5 100.000 (99.995)
Epoch: [172][160/391], lr: 0.00010	Loss 0.0275 (0.0720)	Prec@1 100.000 (98.015)	Prec@5 100.000 (99.995)
Epoch: [172][170/391], lr: 0.00010	Loss 0.0399 (0.0716)	Prec@1 99.219 (98.031)	Prec@5 100.000 (99.995)
Epoch: [172][180/391], lr: 0.00010	Loss 0.1113 (0.0724)	Prec@1 96.875 (97.993)	Prec@5 100.000 (99.996)
Epoch: [172][190/391], lr: 0.00010	Loss 0.1182 (0.0725)	Prec@1 96.875 (97.983)	Prec@5 99.219 (99.992)
Epoch: [172][200/391], lr: 0.00010	Loss 0.0436 (0.0720)	Prec@1 100.000 (97.994)	Prec@5 100.000 (99.992)
Epoch: [172][210/391], lr: 0.00010	Loss 0.0410 (0.0716)	Prec@1 100.000 (98.019)	Prec@5 100.000 (99.993)
Epoch: [172][220/391], lr: 0.00010	Loss 0.0660 (0.0713)	Prec@1 97.656 (98.006)	Prec@5 100.000 (99.993)
Epoch: [172][230/391], lr: 0.00010	Loss 0.0803 (0.0714)	Prec@1 97.656 (98.011)	Prec@5 100.000 (99.990)
Epoch: [172][240/391], lr: 0.00010	Loss 0.0586 (0.0707)	Prec@1 97.656 (98.045)	Prec@5 100.000 (99.990)
Epoch: [172][250/391], lr: 0.00010	Loss 0.0388 (0.0711)	Prec@1 100.000 (98.024)	Prec@5 100.000 (99.991)
Epoch: [172][260/391], lr: 0.00010	Loss 0.0507 (0.0711)	Prec@1 99.219 (98.036)	Prec@5 100.000 (99.991)
Epoch: [172][270/391], lr: 0.00010	Loss 0.0386 (0.0715)	Prec@1 99.219 (98.011)	Prec@5 100.000 (99.988)
Epoch: [172][280/391], lr: 0.00010	Loss 0.0621 (0.0712)	Prec@1 99.219 (98.023)	Prec@5 100.000 (99.989)
Epoch: [172][290/391], lr: 0.00010	Loss 0.0966 (0.0712)	Prec@1 98.438 (98.032)	Prec@5 100.000 (99.989)
Epoch: [172][300/391], lr: 0.00010	Loss 0.0946 (0.0717)	Prec@1 96.875 (98.035)	Prec@5 100.000 (99.984)
Epoch: [172][310/391], lr: 0.00010	Loss 0.0618 (0.0723)	Prec@1 98.438 (98.026)	Prec@5 100.000 (99.980)
Epoch: [172][320/391], lr: 0.00010	Loss 0.0535 (0.0726)	Prec@1 98.438 (98.026)	Prec@5 100.000 (99.981)
Epoch: [172][330/391], lr: 0.00010	Loss 0.0521 (0.0726)	Prec@1 98.438 (98.017)	Prec@5 100.000 (99.981)
Epoch: [172][340/391], lr: 0.00010	Loss 0.0591 (0.0725)	Prec@1 97.656 (98.025)	Prec@5 100.000 (99.982)
Epoch: [172][350/391], lr: 0.00010	Loss 0.0595 (0.0723)	Prec@1 98.438 (98.032)	Prec@5 100.000 (99.982)
Epoch: [172][360/391], lr: 0.00010	Loss 0.1000 (0.0726)	Prec@1 96.875 (98.031)	Prec@5 100.000 (99.983)
Epoch: [172][370/391], lr: 0.00010	Loss 0.1257 (0.0727)	Prec@1 96.875 (98.033)	Prec@5 100.000 (99.983)
Epoch: [172][380/391], lr: 0.00010	Loss 0.0614 (0.0722)	Prec@1 99.219 (98.064)	Prec@5 100.000 (99.984)
Epoch: [172][390/391], lr: 0.00010	Loss 0.0284 (0.0721)	Prec@1 100.000 (98.082)	Prec@5 100.000 (99.984)
Epoch [172] Training Results: Prec@1 98.082 Prec@5 99.984             Loss 0.07206
Epoch [172] Training Class Recall: [0.940,0.954,0.960,0.981,0.991,0.995,0.996,0.998,0.997,0.997]

Epoch: [173][0/391], lr: 0.00010	Loss 0.1001 (0.1001)	Prec@1 97.656 (97.656)	Prec@5 100.000 (100.000)
Epoch: [173][10/391], lr: 0.00010	Loss 0.0780 (0.0704)	Prec@1 96.875 (98.011)	Prec@5 100.000 (100.000)
Epoch: [173][20/391], lr: 0.00010	Loss 0.0570 (0.0712)	Prec@1 98.438 (97.991)	Prec@5 100.000 (100.000)
Epoch: [173][30/391], lr: 0.00010	Loss 0.0606 (0.0755)	Prec@1 97.656 (98.009)	Prec@5 100.000 (99.950)
Epoch: [173][40/391], lr: 0.00010	Loss 0.0707 (0.0753)	Prec@1 97.656 (98.018)	Prec@5 100.000 (99.962)
Epoch: [173][50/391], lr: 0.00010	Loss 0.0777 (0.0758)	Prec@1 98.438 (97.963)	Prec@5 100.000 (99.954)
Epoch: [173][60/391], lr: 0.00010	Loss 0.0763 (0.0744)	Prec@1 98.438 (97.989)	Prec@5 100.000 (99.962)
Epoch: [173][70/391], lr: 0.00010	Loss 0.0951 (0.0746)	Prec@1 97.656 (97.942)	Prec@5 99.219 (99.956)
Epoch: [173][80/391], lr: 0.00010	Loss 0.0585 (0.0738)	Prec@1 98.438 (98.003)	Prec@5 100.000 (99.942)
Epoch: [173][90/391], lr: 0.00010	Loss 0.1282 (0.0740)	Prec@1 96.875 (97.991)	Prec@5 100.000 (99.948)
Epoch: [173][100/391], lr: 0.00010	Loss 0.0493 (0.0733)	Prec@1 99.219 (98.043)	Prec@5 100.000 (99.946)
Epoch: [173][110/391], lr: 0.00010	Loss 0.0593 (0.0716)	Prec@1 99.219 (98.142)	Prec@5 100.000 (99.944)
Epoch: [173][120/391], lr: 0.00010	Loss 0.1057 (0.0717)	Prec@1 96.875 (98.128)	Prec@5 100.000 (99.942)
Epoch: [173][130/391], lr: 0.00010	Loss 0.0606 (0.0721)	Prec@1 98.438 (98.104)	Prec@5 100.000 (99.940)
Epoch: [173][140/391], lr: 0.00010	Loss 0.0746 (0.0717)	Prec@1 97.656 (98.111)	Prec@5 100.000 (99.939)
Epoch: [173][150/391], lr: 0.00010	Loss 0.1388 (0.0716)	Prec@1 94.531 (98.106)	Prec@5 100.000 (99.943)
Epoch: [173][160/391], lr: 0.00010	Loss 0.0806 (0.0705)	Prec@1 97.656 (98.151)	Prec@5 100.000 (99.947)
Epoch: [173][170/391], lr: 0.00010	Loss 0.0443 (0.0702)	Prec@1 100.000 (98.182)	Prec@5 100.000 (99.950)
Epoch: [173][180/391], lr: 0.00010	Loss 0.0452 (0.0705)	Prec@1 99.219 (98.153)	Prec@5 100.000 (99.953)
Epoch: [173][190/391], lr: 0.00010	Loss 0.0545 (0.0714)	Prec@1 99.219 (98.127)	Prec@5 100.000 (99.951)
Epoch: [173][200/391], lr: 0.00010	Loss 0.0960 (0.0715)	Prec@1 97.656 (98.119)	Prec@5 100.000 (99.953)
Epoch: [173][210/391], lr: 0.00010	Loss 0.0684 (0.0719)	Prec@1 98.438 (98.104)	Prec@5 100.000 (99.952)
Epoch: [173][220/391], lr: 0.00010	Loss 0.0444 (0.0712)	Prec@1 99.219 (98.133)	Prec@5 100.000 (99.954)
Epoch: [173][230/391], lr: 0.00010	Loss 0.0687 (0.0717)	Prec@1 98.438 (98.116)	Prec@5 100.000 (99.956)
Epoch: [173][240/391], lr: 0.00010	Loss 0.0332 (0.0710)	Prec@1 100.000 (98.146)	Prec@5 100.000 (99.958)
Epoch: [173][250/391], lr: 0.00010	Loss 0.0877 (0.0712)	Prec@1 96.875 (98.114)	Prec@5 100.000 (99.960)
Epoch: [173][260/391], lr: 0.00010	Loss 0.0560 (0.0710)	Prec@1 98.438 (98.108)	Prec@5 100.000 (99.961)
Epoch: [173][270/391], lr: 0.00010	Loss 0.0861 (0.0707)	Prec@1 99.219 (98.100)	Prec@5 100.000 (99.963)
Epoch: [173][280/391], lr: 0.00010	Loss 0.0488 (0.0703)	Prec@1 99.219 (98.112)	Prec@5 100.000 (99.964)
Epoch: [173][290/391], lr: 0.00010	Loss 0.0819 (0.0703)	Prec@1 97.656 (98.113)	Prec@5 100.000 (99.962)
Epoch: [173][300/391], lr: 0.00010	Loss 0.1038 (0.0703)	Prec@1 97.656 (98.121)	Prec@5 100.000 (99.964)
Epoch: [173][310/391], lr: 0.00010	Loss 0.0240 (0.0704)	Prec@1 100.000 (98.126)	Prec@5 100.000 (99.965)
Epoch: [173][320/391], lr: 0.00010	Loss 0.0754 (0.0701)	Prec@1 99.219 (98.141)	Prec@5 99.219 (99.963)
Epoch: [173][330/391], lr: 0.00010	Loss 0.0390 (0.0699)	Prec@1 100.000 (98.142)	Prec@5 100.000 (99.962)
Epoch: [173][340/391], lr: 0.00010	Loss 0.0812 (0.0700)	Prec@1 98.438 (98.135)	Prec@5 100.000 (99.963)
Epoch: [173][350/391], lr: 0.00010	Loss 0.0539 (0.0699)	Prec@1 98.438 (98.128)	Prec@5 100.000 (99.964)
Epoch: [173][360/391], lr: 0.00010	Loss 0.0661 (0.0698)	Prec@1 98.438 (98.139)	Prec@5 100.000 (99.965)
Epoch: [173][370/391], lr: 0.00010	Loss 0.0718 (0.0701)	Prec@1 97.656 (98.128)	Prec@5 100.000 (99.966)
Epoch: [173][380/391], lr: 0.00010	Loss 0.0830 (0.0703)	Prec@1 96.875 (98.120)	Prec@5 100.000 (99.967)
Epoch: [173][390/391], lr: 0.00010	Loss 0.0396 (0.0701)	Prec@1 98.750 (98.118)	Prec@5 100.000 (99.968)
Epoch [173] Training Results: Prec@1 98.118 Prec@5 99.968             Loss 0.07011
Epoch [173] Training Class Recall: [0.946,0.955,0.962,0.979,0.987,0.993,0.996,0.996,0.998,0.999]

Epoch: [174][0/391], lr: 0.00010	Loss 0.0350 (0.0350)	Prec@1 100.000 (100.000)	Prec@5 100.000 (100.000)
Epoch: [174][10/391], lr: 0.00010	Loss 0.0766 (0.0640)	Prec@1 98.438 (98.295)	Prec@5 100.000 (100.000)
Epoch: [174][20/391], lr: 0.00010	Loss 0.0360 (0.0624)	Prec@1 99.219 (98.363)	Prec@5 100.000 (100.000)
Epoch: [174][30/391], lr: 0.00010	Loss 0.0640 (0.0650)	Prec@1 99.219 (98.236)	Prec@5 100.000 (100.000)
Epoch: [174][40/391], lr: 0.00010	Loss 0.0495 (0.0683)	Prec@1 98.438 (98.171)	Prec@5 100.000 (100.000)
Epoch: [174][50/391], lr: 0.00010	Loss 0.0561 (0.0687)	Prec@1 98.438 (98.146)	Prec@5 100.000 (100.000)
Epoch: [174][60/391], lr: 0.00010	Loss 0.0610 (0.0651)	Prec@1 97.656 (98.297)	Prec@5 100.000 (100.000)
Epoch: [174][70/391], lr: 0.00010	Loss 0.0385 (0.0653)	Prec@1 99.219 (98.305)	Prec@5 100.000 (100.000)
Epoch: [174][80/391], lr: 0.00010	Loss 0.1171 (0.0676)	Prec@1 96.875 (98.216)	Prec@5 100.000 (100.000)
Epoch: [174][90/391], lr: 0.00010	Loss 0.0529 (0.0663)	Prec@1 98.438 (98.249)	Prec@5 100.000 (100.000)
Epoch: [174][100/391], lr: 0.00010	Loss 0.0504 (0.0682)	Prec@1 99.219 (98.213)	Prec@5 100.000 (99.992)
Epoch: [174][110/391], lr: 0.00010	Loss 0.0533 (0.0667)	Prec@1 99.219 (98.269)	Prec@5 100.000 (99.993)
Epoch: [174][120/391], lr: 0.00010	Loss 0.0792 (0.0670)	Prec@1 98.438 (98.250)	Prec@5 100.000 (99.994)
Epoch: [174][130/391], lr: 0.00010	Loss 0.0411 (0.0669)	Prec@1 99.219 (98.253)	Prec@5 100.000 (99.994)
Epoch: [174][140/391], lr: 0.00010	Loss 0.0361 (0.0668)	Prec@1 100.000 (98.238)	Prec@5 100.000 (99.994)
Epoch: [174][150/391], lr: 0.00010	Loss 0.0612 (0.0669)	Prec@1 98.438 (98.246)	Prec@5 100.000 (99.995)
Epoch: [174][160/391], lr: 0.00010	Loss 0.0578 (0.0661)	Prec@1 98.438 (98.277)	Prec@5 100.000 (99.995)
Epoch: [174][170/391], lr: 0.00010	Loss 0.0902 (0.0662)	Prec@1 97.656 (98.287)	Prec@5 100.000 (99.995)
Epoch: [174][180/391], lr: 0.00010	Loss 0.0583 (0.0672)	Prec@1 98.438 (98.273)	Prec@5 100.000 (99.991)
Epoch: [174][190/391], lr: 0.00010	Loss 0.0686 (0.0670)	Prec@1 98.438 (98.294)	Prec@5 100.000 (99.992)
Epoch: [174][200/391], lr: 0.00010	Loss 0.0518 (0.0670)	Prec@1 100.000 (98.298)	Prec@5 100.000 (99.992)
Epoch: [174][210/391], lr: 0.00010	Loss 0.0707 (0.0669)	Prec@1 97.656 (98.297)	Prec@5 100.000 (99.993)
Epoch: [174][220/391], lr: 0.00010	Loss 0.0970 (0.0669)	Prec@1 97.656 (98.296)	Prec@5 100.000 (99.993)
Epoch: [174][230/391], lr: 0.00010	Loss 0.0911 (0.0665)	Prec@1 96.875 (98.309)	Prec@5 100.000 (99.993)
Epoch: [174][240/391], lr: 0.00010	Loss 0.0554 (0.0667)	Prec@1 98.438 (98.288)	Prec@5 100.000 (99.990)
Epoch: [174][250/391], lr: 0.00010	Loss 0.1046 (0.0667)	Prec@1 94.531 (98.282)	Prec@5 100.000 (99.991)
Epoch: [174][260/391], lr: 0.00010	Loss 0.0374 (0.0664)	Prec@1 99.219 (98.294)	Prec@5 100.000 (99.991)
Epoch: [174][270/391], lr: 0.00010	Loss 0.0515 (0.0663)	Prec@1 98.438 (98.293)	Prec@5 100.000 (99.991)
Epoch: [174][280/391], lr: 0.00010	Loss 0.0940 (0.0658)	Prec@1 97.656 (98.310)	Prec@5 100.000 (99.992)
Epoch: [174][290/391], lr: 0.00010	Loss 0.0711 (0.0664)	Prec@1 97.656 (98.290)	Prec@5 100.000 (99.987)
Epoch: [174][300/391], lr: 0.00010	Loss 0.0558 (0.0664)	Prec@1 98.438 (98.290)	Prec@5 100.000 (99.987)
Epoch: [174][310/391], lr: 0.00010	Loss 0.0643 (0.0665)	Prec@1 98.438 (98.299)	Prec@5 100.000 (99.982)
Epoch: [174][320/391], lr: 0.00010	Loss 0.0747 (0.0665)	Prec@1 98.438 (98.296)	Prec@5 100.000 (99.983)
Epoch: [174][330/391], lr: 0.00010	Loss 0.0356 (0.0662)	Prec@1 100.000 (98.305)	Prec@5 100.000 (99.983)
Epoch: [174][340/391], lr: 0.00010	Loss 0.0587 (0.0662)	Prec@1 99.219 (98.309)	Prec@5 100.000 (99.984)
Epoch: [174][350/391], lr: 0.00010	Loss 0.1115 (0.0662)	Prec@1 97.656 (98.315)	Prec@5 100.000 (99.982)
Epoch: [174][360/391], lr: 0.00010	Loss 0.0784 (0.0665)	Prec@1 98.438 (98.297)	Prec@5 100.000 (99.981)
Epoch: [174][370/391], lr: 0.00010	Loss 0.0803 (0.0665)	Prec@1 96.875 (98.294)	Prec@5 100.000 (99.981)
Epoch: [174][380/391], lr: 0.00010	Loss 0.0274 (0.0670)	Prec@1 100.000 (98.286)	Prec@5 100.000 (99.982)
Epoch: [174][390/391], lr: 0.00010	Loss 0.1162 (0.0671)	Prec@1 96.250 (98.284)	Prec@5 100.000 (99.980)
Epoch [174] Training Results: Prec@1 98.284 Prec@5 99.980             Loss 0.06705
Epoch [174] Training Class Recall: [0.948,0.958,0.963,0.980,0.991,0.996,0.998,0.998,0.997,0.999]

Epoch: [175][0/391], lr: 0.00010	Loss 0.0740 (0.0740)	Prec@1 98.438 (98.438)	Prec@5 100.000 (100.000)
Epoch: [175][10/391], lr: 0.00010	Loss 0.0511 (0.0662)	Prec@1 98.438 (98.011)	Prec@5 100.000 (99.929)
Epoch: [175][20/391], lr: 0.00010	Loss 0.0368 (0.0687)	Prec@1 99.219 (97.879)	Prec@5 100.000 (99.926)
Epoch: [175][30/391], lr: 0.00010	Loss 0.0517 (0.0722)	Prec@1 99.219 (97.757)	Prec@5 100.000 (99.950)
Epoch: [175][40/391], lr: 0.00010	Loss 0.0785 (0.0741)	Prec@1 98.438 (97.866)	Prec@5 100.000 (99.962)
Epoch: [175][50/391], lr: 0.00010	Loss 0.1023 (0.0754)	Prec@1 96.094 (97.794)	Prec@5 100.000 (99.969)
Epoch: [175][60/391], lr: 0.00010	Loss 0.0434 (0.0721)	Prec@1 98.438 (97.874)	Prec@5 100.000 (99.974)
Epoch: [175][70/391], lr: 0.00010	Loss 0.0724 (0.0700)	Prec@1 98.438 (98.008)	Prec@5 100.000 (99.978)
Epoch: [175][80/391], lr: 0.00010	Loss 0.0732 (0.0693)	Prec@1 97.656 (98.090)	Prec@5 100.000 (99.981)
Epoch: [175][90/391], lr: 0.00010	Loss 0.0767 (0.0697)	Prec@1 97.656 (98.094)	Prec@5 100.000 (99.983)
Epoch: [175][100/391], lr: 0.00010	Loss 0.0561 (0.0691)	Prec@1 99.219 (98.128)	Prec@5 100.000 (99.985)
Epoch: [175][110/391], lr: 0.00010	Loss 0.1279 (0.0701)	Prec@1 96.875 (98.114)	Prec@5 100.000 (99.986)
Epoch: [175][120/391], lr: 0.00010	Loss 0.0530 (0.0696)	Prec@1 97.656 (98.121)	Prec@5 100.000 (99.987)
Epoch: [175][130/391], lr: 0.00010	Loss 0.0442 (0.0692)	Prec@1 99.219 (98.127)	Prec@5 100.000 (99.988)
Epoch: [175][140/391], lr: 0.00010	Loss 0.0343 (0.0686)	Prec@1 100.000 (98.155)	Prec@5 100.000 (99.989)
Epoch: [175][150/391], lr: 0.00010	Loss 0.0655 (0.0688)	Prec@1 98.438 (98.137)	Prec@5 100.000 (99.990)
Epoch: [175][160/391], lr: 0.00010	Loss 0.0518 (0.0684)	Prec@1 99.219 (98.137)	Prec@5 100.000 (99.985)
Epoch: [175][170/391], lr: 0.00010	Loss 0.0442 (0.0681)	Prec@1 98.438 (98.150)	Prec@5 100.000 (99.986)
Epoch: [175][180/391], lr: 0.00010	Loss 0.0490 (0.0680)	Prec@1 99.219 (98.187)	Prec@5 100.000 (99.987)
Epoch: [175][190/391], lr: 0.00010	Loss 0.0691 (0.0680)	Prec@1 97.656 (98.188)	Prec@5 100.000 (99.988)
Epoch: [175][200/391], lr: 0.00010	Loss 0.0606 (0.0677)	Prec@1 97.656 (98.200)	Prec@5 100.000 (99.988)
Epoch: [175][210/391], lr: 0.00010	Loss 0.0793 (0.0670)	Prec@1 96.094 (98.226)	Prec@5 100.000 (99.989)
Epoch: [175][220/391], lr: 0.00010	Loss 0.0440 (0.0664)	Prec@1 99.219 (98.247)	Prec@5 100.000 (99.989)
Epoch: [175][230/391], lr: 0.00010	Loss 0.0435 (0.0664)	Prec@1 99.219 (98.245)	Prec@5 100.000 (99.986)
Epoch: [175][240/391], lr: 0.00010	Loss 0.0774 (0.0658)	Prec@1 97.656 (98.269)	Prec@5 100.000 (99.987)
Epoch: [175][250/391], lr: 0.00010	Loss 0.0553 (0.0661)	Prec@1 98.438 (98.263)	Prec@5 100.000 (99.988)
Epoch: [175][260/391], lr: 0.00010	Loss 0.1812 (0.0668)	Prec@1 95.312 (98.237)	Prec@5 100.000 (99.988)
Epoch: [175][270/391], lr: 0.00010	Loss 0.0533 (0.0667)	Prec@1 97.656 (98.230)	Prec@5 100.000 (99.988)
Epoch: [175][280/391], lr: 0.00010	Loss 0.0657 (0.0667)	Prec@1 99.219 (98.221)	Prec@5 100.000 (99.989)
Epoch: [175][290/391], lr: 0.00010	Loss 0.0374 (0.0667)	Prec@1 100.000 (98.220)	Prec@5 100.000 (99.989)
Epoch: [175][300/391], lr: 0.00010	Loss 0.0388 (0.0665)	Prec@1 99.219 (98.225)	Prec@5 100.000 (99.990)
Epoch: [175][310/391], lr: 0.00010	Loss 0.0714 (0.0660)	Prec@1 99.219 (98.247)	Prec@5 100.000 (99.990)
Epoch: [175][320/391], lr: 0.00010	Loss 0.0471 (0.0658)	Prec@1 99.219 (98.262)	Prec@5 100.000 (99.990)
Epoch: [175][330/391], lr: 0.00010	Loss 0.0324 (0.0657)	Prec@1 100.000 (98.268)	Prec@5 100.000 (99.988)
Epoch: [175][340/391], lr: 0.00010	Loss 0.1047 (0.0657)	Prec@1 96.094 (98.266)	Prec@5 100.000 (99.989)
Epoch: [175][350/391], lr: 0.00010	Loss 0.0705 (0.0654)	Prec@1 97.656 (98.273)	Prec@5 100.000 (99.989)
Epoch: [175][360/391], lr: 0.00010	Loss 0.0341 (0.0653)	Prec@1 100.000 (98.275)	Prec@5 100.000 (99.989)
Epoch: [175][370/391], lr: 0.00010	Loss 0.0644 (0.0652)	Prec@1 98.438 (98.288)	Prec@5 100.000 (99.987)
Epoch: [175][380/391], lr: 0.00010	Loss 0.0380 (0.0652)	Prec@1 98.438 (98.290)	Prec@5 100.000 (99.988)
Epoch: [175][390/391], lr: 0.00010	Loss 0.0474 (0.0650)	Prec@1 98.750 (98.300)	Prec@5 100.000 (99.988)
Epoch [175] Training Results: Prec@1 98.300 Prec@5 99.988             Loss 0.06501
Epoch [175] Training Class Recall: [0.946,0.958,0.965,0.984,0.991,0.994,0.998,0.998,0.998,1.000]

Epoch: [176][0/391], lr: 0.00010	Loss 0.0455 (0.0455)	Prec@1 99.219 (99.219)	Prec@5 100.000 (100.000)
Epoch: [176][10/391], lr: 0.00010	Loss 0.0577 (0.0669)	Prec@1 99.219 (98.153)	Prec@5 100.000 (100.000)
Epoch: [176][20/391], lr: 0.00010	Loss 0.0512 (0.0644)	Prec@1 99.219 (98.289)	Prec@5 100.000 (100.000)
Epoch: [176][30/391], lr: 0.00010	Loss 0.0732 (0.0641)	Prec@1 96.875 (98.311)	Prec@5 100.000 (100.000)
Epoch: [176][40/391], lr: 0.00010	Loss 0.0816 (0.0654)	Prec@1 96.875 (98.266)	Prec@5 100.000 (100.000)
Epoch: [176][50/391], lr: 0.00010	Loss 0.0723 (0.0659)	Prec@1 97.656 (98.223)	Prec@5 100.000 (100.000)
Epoch: [176][60/391], lr: 0.00010	Loss 0.0730 (0.0651)	Prec@1 97.656 (98.258)	Prec@5 100.000 (100.000)
Epoch: [176][70/391], lr: 0.00010	Loss 0.0795 (0.0653)	Prec@1 96.875 (98.239)	Prec@5 100.000 (100.000)
Epoch: [176][80/391], lr: 0.00010	Loss 0.0219 (0.0647)	Prec@1 100.000 (98.264)	Prec@5 100.000 (100.000)
Epoch: [176][90/391], lr: 0.00010	Loss 0.0622 (0.0649)	Prec@1 98.438 (98.266)	Prec@5 100.000 (100.000)
Epoch: [176][100/391], lr: 0.00010	Loss 0.0626 (0.0652)	Prec@1 97.656 (98.291)	Prec@5 100.000 (100.000)
Epoch: [176][110/391], lr: 0.00010	Loss 0.0574 (0.0643)	Prec@1 99.219 (98.325)	Prec@5 100.000 (100.000)
Epoch: [176][120/391], lr: 0.00010	Loss 0.0470 (0.0638)	Prec@1 99.219 (98.366)	Prec@5 100.000 (100.000)
Epoch: [176][130/391], lr: 0.00010	Loss 0.0831 (0.0644)	Prec@1 97.656 (98.336)	Prec@5 100.000 (100.000)
Epoch: [176][140/391], lr: 0.00010	Loss 0.0512 (0.0653)	Prec@1 98.438 (98.288)	Prec@5 100.000 (100.000)
Epoch: [176][150/391], lr: 0.00010	Loss 0.0634 (0.0660)	Prec@1 97.656 (98.251)	Prec@5 100.000 (100.000)
Epoch: [176][160/391], lr: 0.00010	Loss 0.0244 (0.0654)	Prec@1 100.000 (98.273)	Prec@5 100.000 (100.000)
Epoch: [176][170/391], lr: 0.00010	Loss 0.0807 (0.0651)	Prec@1 97.656 (98.282)	Prec@5 100.000 (100.000)
Epoch: [176][180/391], lr: 0.00010	Loss 0.0298 (0.0649)	Prec@1 100.000 (98.321)	Prec@5 100.000 (100.000)
Epoch: [176][190/391], lr: 0.00010	Loss 0.0522 (0.0657)	Prec@1 98.438 (98.286)	Prec@5 100.000 (100.000)
Epoch: [176][200/391], lr: 0.00010	Loss 0.0750 (0.0661)	Prec@1 97.656 (98.263)	Prec@5 100.000 (100.000)
Epoch: [176][210/391], lr: 0.00010	Loss 0.0397 (0.0655)	Prec@1 99.219 (98.282)	Prec@5 100.000 (100.000)
Epoch: [176][220/391], lr: 0.00010	Loss 0.0785 (0.0654)	Prec@1 98.438 (98.289)	Prec@5 100.000 (99.996)
Epoch: [176][230/391], lr: 0.00010	Loss 0.0710 (0.0655)	Prec@1 98.438 (98.292)	Prec@5 100.000 (99.997)
Epoch: [176][240/391], lr: 0.00010	Loss 0.0962 (0.0659)	Prec@1 98.438 (98.285)	Prec@5 100.000 (99.994)
Epoch: [176][250/391], lr: 0.00010	Loss 0.0465 (0.0656)	Prec@1 99.219 (98.297)	Prec@5 100.000 (99.994)
Epoch: [176][260/391], lr: 0.00010	Loss 0.0687 (0.0661)	Prec@1 98.438 (98.273)	Prec@5 100.000 (99.994)
Epoch: [176][270/391], lr: 0.00010	Loss 0.0797 (0.0660)	Prec@1 97.656 (98.282)	Prec@5 100.000 (99.994)
Epoch: [176][280/391], lr: 0.00010	Loss 0.0741 (0.0659)	Prec@1 97.656 (98.287)	Prec@5 100.000 (99.992)
Epoch: [176][290/391], lr: 0.00010	Loss 0.0754 (0.0655)	Prec@1 96.875 (98.298)	Prec@5 100.000 (99.992)
Epoch: [176][300/391], lr: 0.00010	Loss 0.0342 (0.0653)	Prec@1 100.000 (98.300)	Prec@5 100.000 (99.992)
Epoch: [176][310/391], lr: 0.00010	Loss 0.0791 (0.0652)	Prec@1 96.875 (98.302)	Prec@5 100.000 (99.992)
Epoch: [176][320/391], lr: 0.00010	Loss 0.0336 (0.0648)	Prec@1 100.000 (98.321)	Prec@5 100.000 (99.993)
Epoch: [176][330/391], lr: 0.00010	Loss 0.0656 (0.0650)	Prec@1 96.875 (98.289)	Prec@5 100.000 (99.993)
Epoch: [176][340/391], lr: 0.00010	Loss 0.0602 (0.0653)	Prec@1 97.656 (98.284)	Prec@5 100.000 (99.993)
Epoch: [176][350/391], lr: 0.00010	Loss 0.0729 (0.0648)	Prec@1 97.656 (98.302)	Prec@5 100.000 (99.993)
Epoch: [176][360/391], lr: 0.00010	Loss 0.0510 (0.0645)	Prec@1 97.656 (98.314)	Prec@5 100.000 (99.994)
Epoch: [176][370/391], lr: 0.00010	Loss 0.0957 (0.0642)	Prec@1 96.875 (98.324)	Prec@5 100.000 (99.994)
Epoch: [176][380/391], lr: 0.00010	Loss 0.0687 (0.0644)	Prec@1 97.656 (98.323)	Prec@5 100.000 (99.994)
Epoch: [176][390/391], lr: 0.00010	Loss 0.0792 (0.0641)	Prec@1 95.000 (98.330)	Prec@5 100.000 (99.994)
Epoch [176] Training Results: Prec@1 98.330 Prec@5 99.994             Loss 0.06411
Epoch [176] Training Class Recall: [0.946,0.956,0.967,0.986,0.990,0.995,0.998,0.997,0.998,0.999]

Epoch: [177][0/391], lr: 0.00010	Loss 0.0407 (0.0407)	Prec@1 99.219 (99.219)	Prec@5 100.000 (100.000)
Epoch: [177][10/391], lr: 0.00010	Loss 0.0513 (0.0583)	Prec@1 97.656 (98.153)	Prec@5 100.000 (100.000)
Epoch: [177][20/391], lr: 0.00010	Loss 0.0638 (0.0610)	Prec@1 97.656 (98.363)	Prec@5 100.000 (100.000)
Epoch: [177][30/391], lr: 0.00010	Loss 0.0387 (0.0613)	Prec@1 99.219 (98.261)	Prec@5 100.000 (100.000)
Epoch: [177][40/391], lr: 0.00010	Loss 0.0481 (0.0599)	Prec@1 99.219 (98.342)	Prec@5 100.000 (99.981)
Epoch: [177][50/391], lr: 0.00010	Loss 0.0715 (0.0619)	Prec@1 98.438 (98.346)	Prec@5 100.000 (99.985)
Epoch: [177][60/391], lr: 0.00010	Loss 0.0366 (0.0625)	Prec@1 99.219 (98.348)	Prec@5 100.000 (99.987)
Epoch: [177][70/391], lr: 0.00010	Loss 0.0290 (0.0640)	Prec@1 99.219 (98.294)	Prec@5 100.000 (99.978)
Epoch: [177][80/391], lr: 0.00010	Loss 0.0984 (0.0639)	Prec@1 98.438 (98.283)	Prec@5 99.219 (99.971)
Epoch: [177][90/391], lr: 0.00010	Loss 0.0770 (0.0636)	Prec@1 98.438 (98.283)	Prec@5 100.000 (99.974)
Epoch: [177][100/391], lr: 0.00010	Loss 0.0875 (0.0629)	Prec@1 96.875 (98.298)	Prec@5 100.000 (99.977)
Epoch: [177][110/391], lr: 0.00010	Loss 0.0299 (0.0624)	Prec@1 100.000 (98.346)	Prec@5 100.000 (99.979)
Epoch: [177][120/391], lr: 0.00010	Loss 0.0376 (0.0623)	Prec@1 99.219 (98.354)	Prec@5 100.000 (99.981)
Epoch: [177][130/391], lr: 0.00010	Loss 0.0697 (0.0628)	Prec@1 97.656 (98.330)	Prec@5 100.000 (99.982)
Epoch: [177][140/391], lr: 0.00010	Loss 0.1108 (0.0635)	Prec@1 96.094 (98.310)	Prec@5 100.000 (99.978)
Epoch: [177][150/391], lr: 0.00010	Loss 0.0475 (0.0636)	Prec@1 98.438 (98.303)	Prec@5 100.000 (99.979)
Epoch: [177][160/391], lr: 0.00010	Loss 0.0746 (0.0636)	Prec@1 98.438 (98.302)	Prec@5 100.000 (99.981)
Epoch: [177][170/391], lr: 0.00010	Loss 0.0565 (0.0642)	Prec@1 99.219 (98.278)	Prec@5 100.000 (99.982)
Epoch: [177][180/391], lr: 0.00010	Loss 0.0633 (0.0640)	Prec@1 98.438 (98.299)	Prec@5 100.000 (99.983)
Epoch: [177][190/391], lr: 0.00010	Loss 0.0536 (0.0639)	Prec@1 98.438 (98.307)	Prec@5 100.000 (99.980)
Epoch: [177][200/391], lr: 0.00010	Loss 0.0680 (0.0643)	Prec@1 97.656 (98.294)	Prec@5 100.000 (99.981)
Epoch: [177][210/391], lr: 0.00010	Loss 0.0699 (0.0636)	Prec@1 97.656 (98.334)	Prec@5 100.000 (99.981)
Epoch: [177][220/391], lr: 0.00010	Loss 0.0571 (0.0634)	Prec@1 99.219 (98.353)	Prec@5 100.000 (99.982)
Epoch: [177][230/391], lr: 0.00010	Loss 0.0566 (0.0635)	Prec@1 99.219 (98.346)	Prec@5 100.000 (99.983)
Epoch: [177][240/391], lr: 0.00010	Loss 0.1019 (0.0639)	Prec@1 96.875 (98.327)	Prec@5 100.000 (99.981)
Epoch: [177][250/391], lr: 0.00010	Loss 0.0477 (0.0643)	Prec@1 98.438 (98.304)	Prec@5 100.000 (99.981)
Epoch: [177][260/391], lr: 0.00010	Loss 0.0432 (0.0638)	Prec@1 98.438 (98.321)	Prec@5 100.000 (99.982)
Epoch: [177][270/391], lr: 0.00010	Loss 0.0488 (0.0637)	Prec@1 98.438 (98.325)	Prec@5 100.000 (99.983)
Epoch: [177][280/391], lr: 0.00010	Loss 0.0195 (0.0634)	Prec@1 100.000 (98.337)	Prec@5 100.000 (99.983)
Epoch: [177][290/391], lr: 0.00010	Loss 0.0577 (0.0631)	Prec@1 97.656 (98.335)	Prec@5 100.000 (99.984)
Epoch: [177][300/391], lr: 0.00010	Loss 0.0598 (0.0631)	Prec@1 96.875 (98.339)	Prec@5 100.000 (99.984)
Epoch: [177][310/391], lr: 0.00010	Loss 0.0323 (0.0629)	Prec@1 99.219 (98.350)	Prec@5 100.000 (99.985)
Epoch: [177][320/391], lr: 0.00010	Loss 0.1068 (0.0630)	Prec@1 96.094 (98.338)	Prec@5 100.000 (99.985)
Epoch: [177][330/391], lr: 0.00010	Loss 0.0288 (0.0623)	Prec@1 100.000 (98.367)	Prec@5 100.000 (99.986)
Epoch: [177][340/391], lr: 0.00010	Loss 0.0315 (0.0626)	Prec@1 100.000 (98.353)	Prec@5 100.000 (99.982)
Epoch: [177][350/391], lr: 0.00010	Loss 0.0618 (0.0625)	Prec@1 99.219 (98.344)	Prec@5 100.000 (99.982)
Epoch: [177][360/391], lr: 0.00010	Loss 0.0902 (0.0625)	Prec@1 97.656 (98.342)	Prec@5 100.000 (99.983)
Epoch: [177][370/391], lr: 0.00010	Loss 0.1319 (0.0630)	Prec@1 96.094 (98.326)	Prec@5 99.219 (99.981)
Epoch: [177][380/391], lr: 0.00010	Loss 0.0548 (0.0630)	Prec@1 97.656 (98.317)	Prec@5 100.000 (99.982)
Epoch: [177][390/391], lr: 0.00010	Loss 0.0878 (0.0629)	Prec@1 96.250 (98.316)	Prec@5 100.000 (99.982)
Epoch [177] Training Results: Prec@1 98.316 Prec@5 99.982             Loss 0.06294
Epoch [177] Training Class Recall: [0.945,0.955,0.967,0.985,0.992,0.996,0.998,0.996,0.998,0.999]

Epoch: [178][0/391], lr: 0.00010	Loss 0.0742 (0.0742)	Prec@1 99.219 (99.219)	Prec@5 100.000 (100.000)
Epoch: [178][10/391], lr: 0.00010	Loss 0.1282 (0.0611)	Prec@1 96.875 (98.509)	Prec@5 100.000 (100.000)
Epoch: [178][20/391], lr: 0.00010	Loss 0.0939 (0.0654)	Prec@1 98.438 (98.400)	Prec@5 100.000 (100.000)
Epoch: [178][30/391], lr: 0.00010	Loss 0.0603 (0.0609)	Prec@1 98.438 (98.538)	Prec@5 100.000 (100.000)
Epoch: [178][40/391], lr: 0.00010	Loss 0.0631 (0.0606)	Prec@1 98.438 (98.571)	Prec@5 100.000 (100.000)
Epoch: [178][50/391], lr: 0.00010	Loss 0.0262 (0.0594)	Prec@1 100.000 (98.606)	Prec@5 100.000 (100.000)
Epoch: [178][60/391], lr: 0.00010	Loss 0.0587 (0.0597)	Prec@1 99.219 (98.578)	Prec@5 100.000 (100.000)
Epoch: [178][70/391], lr: 0.00010	Loss 0.0550 (0.0584)	Prec@1 98.438 (98.625)	Prec@5 100.000 (100.000)
Epoch: [178][80/391], lr: 0.00010	Loss 0.0914 (0.0590)	Prec@1 97.656 (98.582)	Prec@5 100.000 (100.000)
Epoch: [178][90/391], lr: 0.00010	Loss 0.0398 (0.0579)	Prec@1 99.219 (98.601)	Prec@5 100.000 (100.000)
Epoch: [178][100/391], lr: 0.00010	Loss 0.0623 (0.0575)	Prec@1 98.438 (98.623)	Prec@5 100.000 (100.000)
Epoch: [178][110/391], lr: 0.00010	Loss 0.0451 (0.0576)	Prec@1 100.000 (98.628)	Prec@5 100.000 (100.000)
Epoch: [178][120/391], lr: 0.00010	Loss 0.0390 (0.0578)	Prec@1 99.219 (98.618)	Prec@5 100.000 (100.000)
Epoch: [178][130/391], lr: 0.00010	Loss 0.0349 (0.0571)	Prec@1 99.219 (98.664)	Prec@5 100.000 (100.000)
Epoch: [178][140/391], lr: 0.00010	Loss 0.0340 (0.0569)	Prec@1 99.219 (98.665)	Prec@5 100.000 (100.000)
Epoch: [178][150/391], lr: 0.00010	Loss 0.1111 (0.0570)	Prec@1 96.875 (98.650)	Prec@5 100.000 (100.000)
Epoch: [178][160/391], lr: 0.00010	Loss 0.0824 (0.0584)	Prec@1 96.875 (98.593)	Prec@5 100.000 (99.990)
Epoch: [178][170/391], lr: 0.00010	Loss 0.0819 (0.0591)	Prec@1 98.438 (98.575)	Prec@5 100.000 (99.986)
Epoch: [178][180/391], lr: 0.00010	Loss 0.0229 (0.0598)	Prec@1 100.000 (98.545)	Prec@5 100.000 (99.987)
Epoch: [178][190/391], lr: 0.00010	Loss 0.0838 (0.0605)	Prec@1 96.875 (98.519)	Prec@5 100.000 (99.988)
Epoch: [178][200/391], lr: 0.00010	Loss 0.0952 (0.0606)	Prec@1 96.875 (98.511)	Prec@5 100.000 (99.988)
Epoch: [178][210/391], lr: 0.00010	Loss 0.0410 (0.0598)	Prec@1 100.000 (98.534)	Prec@5 100.000 (99.989)
Epoch: [178][220/391], lr: 0.00010	Loss 0.0475 (0.0599)	Prec@1 98.438 (98.544)	Prec@5 100.000 (99.986)
Epoch: [178][230/391], lr: 0.00010	Loss 0.0493 (0.0596)	Prec@1 98.438 (98.536)	Prec@5 100.000 (99.986)
Epoch: [178][240/391], lr: 0.00010	Loss 0.0385 (0.0596)	Prec@1 99.219 (98.528)	Prec@5 100.000 (99.987)
Epoch: [178][250/391], lr: 0.00010	Loss 0.1348 (0.0601)	Prec@1 96.094 (98.509)	Prec@5 100.000 (99.988)
Epoch: [178][260/391], lr: 0.00010	Loss 0.0745 (0.0602)	Prec@1 96.875 (98.494)	Prec@5 100.000 (99.988)
Epoch: [178][270/391], lr: 0.00010	Loss 0.0720 (0.0603)	Prec@1 97.656 (98.492)	Prec@5 100.000 (99.988)
Epoch: [178][280/391], lr: 0.00010	Loss 0.1032 (0.0605)	Prec@1 98.438 (98.485)	Prec@5 99.219 (99.986)
Epoch: [178][290/391], lr: 0.00010	Loss 0.0939 (0.0605)	Prec@1 98.438 (98.491)	Prec@5 100.000 (99.987)
Epoch: [178][300/391], lr: 0.00010	Loss 0.0591 (0.0609)	Prec@1 98.438 (98.479)	Prec@5 100.000 (99.987)
Epoch: [178][310/391], lr: 0.00010	Loss 0.0854 (0.0610)	Prec@1 97.656 (98.473)	Prec@5 100.000 (99.985)
Epoch: [178][320/391], lr: 0.00010	Loss 0.0790 (0.0612)	Prec@1 98.438 (98.462)	Prec@5 100.000 (99.985)
Epoch: [178][330/391], lr: 0.00010	Loss 0.0458 (0.0609)	Prec@1 98.438 (98.473)	Prec@5 100.000 (99.986)
Epoch: [178][340/391], lr: 0.00010	Loss 0.0439 (0.0612)	Prec@1 99.219 (98.456)	Prec@5 100.000 (99.986)
Epoch: [178][350/391], lr: 0.00010	Loss 0.0609 (0.0613)	Prec@1 98.438 (98.453)	Prec@5 100.000 (99.987)
Epoch: [178][360/391], lr: 0.00010	Loss 0.0356 (0.0612)	Prec@1 99.219 (98.455)	Prec@5 100.000 (99.987)
Epoch: [178][370/391], lr: 0.00010	Loss 0.0273 (0.0613)	Prec@1 100.000 (98.448)	Prec@5 100.000 (99.987)
Epoch: [178][380/391], lr: 0.00010	Loss 0.0789 (0.0616)	Prec@1 97.656 (98.435)	Prec@5 100.000 (99.988)
Epoch: [178][390/391], lr: 0.00010	Loss 0.0710 (0.0620)	Prec@1 98.750 (98.420)	Prec@5 100.000 (99.988)
Epoch [178] Training Results: Prec@1 98.420 Prec@5 99.988             Loss 0.06199
Epoch [178] Training Class Recall: [0.950,0.958,0.967,0.984,0.993,0.997,0.998,0.998,0.997,1.000]

Epoch: [179][0/391], lr: 0.00010	Loss 0.0792 (0.0792)	Prec@1 97.656 (97.656)	Prec@5 100.000 (100.000)
Epoch: [179][10/391], lr: 0.00010	Loss 0.0671 (0.0703)	Prec@1 97.656 (97.940)	Prec@5 100.000 (100.000)
Epoch: [179][20/391], lr: 0.00010	Loss 0.1285 (0.0599)	Prec@1 96.094 (98.251)	Prec@5 100.000 (100.000)
Epoch: [179][30/391], lr: 0.00010	Loss 0.0723 (0.0594)	Prec@1 96.875 (98.311)	Prec@5 100.000 (100.000)
Epoch: [179][40/391], lr: 0.00010	Loss 0.1030 (0.0627)	Prec@1 97.656 (98.266)	Prec@5 99.219 (99.981)
Epoch: [179][50/391], lr: 0.00010	Loss 0.0251 (0.0604)	Prec@1 100.000 (98.407)	Prec@5 100.000 (99.985)
Epoch: [179][60/391], lr: 0.00010	Loss 0.0255 (0.0587)	Prec@1 100.000 (98.502)	Prec@5 100.000 (99.987)
Epoch: [179][70/391], lr: 0.00010	Loss 0.0731 (0.0588)	Prec@1 97.656 (98.493)	Prec@5 100.000 (99.989)
Epoch: [179][80/391], lr: 0.00010	Loss 0.0592 (0.0596)	Prec@1 98.438 (98.428)	Prec@5 100.000 (99.990)
Epoch: [179][90/391], lr: 0.00010	Loss 0.0538 (0.0597)	Prec@1 97.656 (98.403)	Prec@5 100.000 (99.991)
Epoch: [179][100/391], lr: 0.00010	Loss 0.0545 (0.0588)	Prec@1 98.438 (98.438)	Prec@5 100.000 (99.992)
Epoch: [179][110/391], lr: 0.00010	Loss 0.0650 (0.0598)	Prec@1 97.656 (98.438)	Prec@5 100.000 (99.993)
Epoch: [179][120/391], lr: 0.00010	Loss 0.0561 (0.0601)	Prec@1 98.438 (98.386)	Prec@5 100.000 (99.994)
Epoch: [179][130/391], lr: 0.00010	Loss 0.0675 (0.0608)	Prec@1 97.656 (98.372)	Prec@5 100.000 (99.994)
Epoch: [179][140/391], lr: 0.00010	Loss 0.0741 (0.0598)	Prec@1 96.875 (98.410)	Prec@5 100.000 (99.994)
Epoch: [179][150/391], lr: 0.00010	Loss 0.0528 (0.0599)	Prec@1 98.438 (98.386)	Prec@5 100.000 (99.995)
Epoch: [179][160/391], lr: 0.00010	Loss 0.0410 (0.0598)	Prec@1 98.438 (98.379)	Prec@5 100.000 (99.990)
Epoch: [179][170/391], lr: 0.00010	Loss 0.0551 (0.0599)	Prec@1 98.438 (98.374)	Prec@5 100.000 (99.986)
Epoch: [179][180/391], lr: 0.00010	Loss 0.0442 (0.0600)	Prec@1 99.219 (98.373)	Prec@5 100.000 (99.987)
Epoch: [179][190/391], lr: 0.00010	Loss 0.0488 (0.0603)	Prec@1 97.656 (98.360)	Prec@5 100.000 (99.988)
Epoch: [179][200/391], lr: 0.00010	Loss 0.0478 (0.0602)	Prec@1 99.219 (98.368)	Prec@5 100.000 (99.988)
Epoch: [179][210/391], lr: 0.00010	Loss 0.0618 (0.0597)	Prec@1 97.656 (98.389)	Prec@5 100.000 (99.989)
Epoch: [179][220/391], lr: 0.00010	Loss 0.0829 (0.0601)	Prec@1 96.875 (98.392)	Prec@5 100.000 (99.989)
Epoch: [179][230/391], lr: 0.00010	Loss 0.0355 (0.0602)	Prec@1 99.219 (98.394)	Prec@5 100.000 (99.990)
Epoch: [179][240/391], lr: 0.00010	Loss 0.0596 (0.0599)	Prec@1 98.438 (98.392)	Prec@5 100.000 (99.990)
Epoch: [179][250/391], lr: 0.00010	Loss 0.0318 (0.0605)	Prec@1 99.219 (98.369)	Prec@5 100.000 (99.988)
Epoch: [179][260/391], lr: 0.00010	Loss 0.0433 (0.0605)	Prec@1 98.438 (98.366)	Prec@5 100.000 (99.988)
Epoch: [179][270/391], lr: 0.00010	Loss 0.0830 (0.0607)	Prec@1 98.438 (98.380)	Prec@5 100.000 (99.988)
Epoch: [179][280/391], lr: 0.00010	Loss 0.0874 (0.0609)	Prec@1 98.438 (98.387)	Prec@5 100.000 (99.989)
Epoch: [179][290/391], lr: 0.00010	Loss 0.0925 (0.0611)	Prec@1 98.438 (98.381)	Prec@5 100.000 (99.987)
Epoch: [179][300/391], lr: 0.00010	Loss 0.0900 (0.0615)	Prec@1 97.656 (98.375)	Prec@5 100.000 (99.987)
Epoch: [179][310/391], lr: 0.00010	Loss 0.0255 (0.0613)	Prec@1 99.219 (98.380)	Prec@5 100.000 (99.987)
Epoch: [179][320/391], lr: 0.00010	Loss 0.0662 (0.0616)	Prec@1 99.219 (98.386)	Prec@5 100.000 (99.988)
Epoch: [179][330/391], lr: 0.00010	Loss 0.0514 (0.0614)	Prec@1 99.219 (98.393)	Prec@5 100.000 (99.988)
Epoch: [179][340/391], lr: 0.00010	Loss 0.0521 (0.0614)	Prec@1 98.438 (98.383)	Prec@5 100.000 (99.986)
Epoch: [179][350/391], lr: 0.00010	Loss 0.1180 (0.0615)	Prec@1 98.438 (98.382)	Prec@5 100.000 (99.987)
Epoch: [179][360/391], lr: 0.00010	Loss 0.0295 (0.0611)	Prec@1 99.219 (98.403)	Prec@5 100.000 (99.987)
Epoch: [179][370/391], lr: 0.00010	Loss 0.0592 (0.0611)	Prec@1 96.875 (98.404)	Prec@5 100.000 (99.987)
Epoch: [179][380/391], lr: 0.00010	Loss 0.1466 (0.0615)	Prec@1 96.094 (98.384)	Prec@5 100.000 (99.988)
Epoch: [179][390/391], lr: 0.00010	Loss 0.1081 (0.0613)	Prec@1 98.750 (98.396)	Prec@5 100.000 (99.988)
Epoch [179] Training Results: Prec@1 98.396 Prec@5 99.988             Loss 0.06129
Epoch [179] Training Class Recall: [0.948,0.958,0.966,0.986,0.993,0.996,0.998,0.998,0.998,0.999]

Epoch: [180][0/391], lr: 0.00000	Loss 0.0957 (0.0957)	Prec@1 96.875 (96.875)	Prec@5 100.000 (100.000)
Epoch: [180][10/391], lr: 0.00000	Loss 0.0571 (0.0641)	Prec@1 99.219 (98.295)	Prec@5 100.000 (100.000)
Epoch: [180][20/391], lr: 0.00000	Loss 0.0386 (0.0595)	Prec@1 100.000 (98.549)	Prec@5 100.000 (100.000)
Epoch: [180][30/391], lr: 0.00000	Loss 0.0321 (0.0563)	Prec@1 100.000 (98.614)	Prec@5 100.000 (100.000)
Epoch: [180][40/391], lr: 0.00000	Loss 0.1192 (0.0590)	Prec@1 96.875 (98.590)	Prec@5 100.000 (99.981)
Epoch: [180][50/391], lr: 0.00000	Loss 0.0849 (0.0597)	Prec@1 96.094 (98.499)	Prec@5 100.000 (99.985)
Epoch: [180][60/391], lr: 0.00000	Loss 0.0661 (0.0592)	Prec@1 97.656 (98.463)	Prec@5 100.000 (99.987)
Epoch: [180][70/391], lr: 0.00000	Loss 0.0603 (0.0580)	Prec@1 98.438 (98.493)	Prec@5 100.000 (99.989)
Epoch: [180][80/391], lr: 0.00000	Loss 0.0447 (0.0579)	Prec@1 98.438 (98.515)	Prec@5 100.000 (99.990)
Epoch: [180][90/391], lr: 0.00000	Loss 0.0332 (0.0581)	Prec@1 99.219 (98.575)	Prec@5 100.000 (99.983)
Epoch: [180][100/391], lr: 0.00000	Loss 0.0512 (0.0585)	Prec@1 99.219 (98.569)	Prec@5 100.000 (99.985)
Epoch: [180][110/391], lr: 0.00000	Loss 0.0442 (0.0593)	Prec@1 98.438 (98.543)	Prec@5 100.000 (99.986)
Epoch: [180][120/391], lr: 0.00000	Loss 0.0516 (0.0599)	Prec@1 98.438 (98.509)	Prec@5 100.000 (99.987)
Epoch: [180][130/391], lr: 0.00000	Loss 0.0575 (0.0596)	Prec@1 98.438 (98.509)	Prec@5 100.000 (99.988)
Epoch: [180][140/391], lr: 0.00000	Loss 0.0551 (0.0593)	Prec@1 99.219 (98.526)	Prec@5 100.000 (99.989)
Epoch: [180][150/391], lr: 0.00000	Loss 0.0659 (0.0597)	Prec@1 97.656 (98.500)	Prec@5 100.000 (99.984)
Epoch: [180][160/391], lr: 0.00000	Loss 0.0417 (0.0600)	Prec@1 98.438 (98.491)	Prec@5 100.000 (99.981)
Epoch: [180][170/391], lr: 0.00000	Loss 0.0697 (0.0603)	Prec@1 96.875 (98.488)	Prec@5 100.000 (99.982)
Epoch: [180][180/391], lr: 0.00000	Loss 0.0224 (0.0598)	Prec@1 100.000 (98.494)	Prec@5 100.000 (99.983)
Epoch: [180][190/391], lr: 0.00000	Loss 0.0458 (0.0604)	Prec@1 100.000 (98.478)	Prec@5 100.000 (99.984)
Epoch: [180][200/391], lr: 0.00000	Loss 0.1136 (0.0608)	Prec@1 96.094 (98.457)	Prec@5 100.000 (99.984)
Epoch: [180][210/391], lr: 0.00000	Loss 0.0260 (0.0605)	Prec@1 100.000 (98.467)	Prec@5 100.000 (99.985)
Epoch: [180][220/391], lr: 0.00000	Loss 0.0332 (0.0603)	Prec@1 100.000 (98.483)	Prec@5 100.000 (99.982)
Epoch: [180][230/391], lr: 0.00000	Loss 0.0535 (0.0604)	Prec@1 98.438 (98.461)	Prec@5 100.000 (99.983)
Epoch: [180][240/391], lr: 0.00000	Loss 0.0766 (0.0604)	Prec@1 98.438 (98.457)	Prec@5 100.000 (99.984)
Epoch: [180][250/391], lr: 0.00000	Loss 0.0491 (0.0601)	Prec@1 98.438 (98.475)	Prec@5 100.000 (99.984)
Epoch: [180][260/391], lr: 0.00000	Loss 0.0798 (0.0601)	Prec@1 97.656 (98.467)	Prec@5 100.000 (99.982)
Epoch: [180][270/391], lr: 0.00000	Loss 0.1131 (0.0601)	Prec@1 96.875 (98.458)	Prec@5 100.000 (99.983)
Epoch: [180][280/391], lr: 0.00000	Loss 0.0620 (0.0598)	Prec@1 97.656 (98.457)	Prec@5 100.000 (99.983)
Epoch: [180][290/391], lr: 0.00000	Loss 0.0376 (0.0591)	Prec@1 99.219 (98.486)	Prec@5 100.000 (99.984)
Epoch: [180][300/391], lr: 0.00000	Loss 0.0431 (0.0592)	Prec@1 98.438 (98.479)	Prec@5 100.000 (99.984)
Epoch: [180][310/391], lr: 0.00000	Loss 0.0689 (0.0594)	Prec@1 97.656 (98.473)	Prec@5 100.000 (99.985)
Epoch: [180][320/391], lr: 0.00000	Loss 0.0277 (0.0593)	Prec@1 100.000 (98.467)	Prec@5 100.000 (99.985)
Epoch: [180][330/391], lr: 0.00000	Loss 0.0467 (0.0595)	Prec@1 99.219 (98.452)	Prec@5 100.000 (99.986)
Epoch: [180][340/391], lr: 0.00000	Loss 0.0311 (0.0592)	Prec@1 100.000 (98.472)	Prec@5 100.000 (99.984)
Epoch: [180][350/391], lr: 0.00000	Loss 0.0339 (0.0589)	Prec@1 100.000 (98.484)	Prec@5 100.000 (99.984)
Epoch: [180][360/391], lr: 0.00000	Loss 0.1025 (0.0593)	Prec@1 97.656 (98.468)	Prec@5 99.219 (99.983)
Epoch: [180][370/391], lr: 0.00000	Loss 0.0482 (0.0592)	Prec@1 99.219 (98.469)	Prec@5 100.000 (99.983)
Epoch: [180][380/391], lr: 0.00000	Loss 0.0829 (0.0593)	Prec@1 98.438 (98.462)	Prec@5 100.000 (99.984)
Epoch: [180][390/391], lr: 0.00000	Loss 0.0305 (0.0592)	Prec@1 98.750 (98.460)	Prec@5 100.000 (99.984)
Epoch [180] Training Results: Prec@1 98.460 Prec@5 99.984             Loss 0.05918
Epoch [180] Training Class Recall: [0.948,0.965,0.966,0.987,0.990,0.996,0.998,0.997,0.997,0.999]

Epoch: [181][0/391], lr: 0.00000	Loss 0.0648 (0.0648)	Prec@1 97.656 (97.656)	Prec@5 100.000 (100.000)
Epoch: [181][10/391], lr: 0.00000	Loss 0.0638 (0.0618)	Prec@1 98.438 (98.509)	Prec@5 100.000 (100.000)
Epoch: [181][20/391], lr: 0.00000	Loss 0.0477 (0.0656)	Prec@1 100.000 (98.438)	Prec@5 100.000 (100.000)
Epoch: [181][30/391], lr: 0.00000	Loss 0.0662 (0.0640)	Prec@1 98.438 (98.412)	Prec@5 100.000 (100.000)
Epoch: [181][40/391], lr: 0.00000	Loss 0.0324 (0.0615)	Prec@1 99.219 (98.457)	Prec@5 100.000 (99.981)
Epoch: [181][50/391], lr: 0.00000	Loss 0.0191 (0.0595)	Prec@1 100.000 (98.575)	Prec@5 100.000 (99.985)
Epoch: [181][60/391], lr: 0.00000	Loss 0.0385 (0.0591)	Prec@1 99.219 (98.553)	Prec@5 100.000 (99.987)
Epoch: [181][70/391], lr: 0.00000	Loss 0.0907 (0.0593)	Prec@1 96.094 (98.548)	Prec@5 100.000 (99.989)
Epoch: [181][80/391], lr: 0.00000	Loss 0.0599 (0.0588)	Prec@1 96.875 (98.505)	Prec@5 100.000 (99.990)
Epoch: [181][90/391], lr: 0.00000	Loss 0.0383 (0.0575)	Prec@1 98.438 (98.558)	Prec@5 100.000 (99.991)
Epoch: [181][100/391], lr: 0.00000	Loss 0.0693 (0.0577)	Prec@1 97.656 (98.554)	Prec@5 100.000 (99.985)
Epoch: [181][110/391], lr: 0.00000	Loss 0.0385 (0.0584)	Prec@1 99.219 (98.536)	Prec@5 100.000 (99.986)
Epoch: [181][120/391], lr: 0.00000	Loss 0.0340 (0.0580)	Prec@1 100.000 (98.554)	Prec@5 100.000 (99.987)
Epoch: [181][130/391], lr: 0.00000	Loss 0.0406 (0.0579)	Prec@1 99.219 (98.551)	Prec@5 100.000 (99.988)
Epoch: [181][140/391], lr: 0.00000	Loss 0.0240 (0.0582)	Prec@1 99.219 (98.548)	Prec@5 100.000 (99.989)
Epoch: [181][150/391], lr: 0.00000	Loss 0.0468 (0.0579)	Prec@1 100.000 (98.567)	Prec@5 100.000 (99.990)
Epoch: [181][160/391], lr: 0.00000	Loss 0.0441 (0.0580)	Prec@1 99.219 (98.569)	Prec@5 100.000 (99.990)
Epoch: [181][170/391], lr: 0.00000	Loss 0.0481 (0.0583)	Prec@1 98.438 (98.556)	Prec@5 100.000 (99.991)
Epoch: [181][180/391], lr: 0.00000	Loss 0.0605 (0.0586)	Prec@1 98.438 (98.545)	Prec@5 100.000 (99.991)
Epoch: [181][190/391], lr: 0.00000	Loss 0.0687 (0.0586)	Prec@1 98.438 (98.544)	Prec@5 100.000 (99.992)
Epoch: [181][200/391], lr: 0.00000	Loss 0.0493 (0.0585)	Prec@1 98.438 (98.531)	Prec@5 100.000 (99.992)
Epoch: [181][210/391], lr: 0.00000	Loss 0.0280 (0.0584)	Prec@1 100.000 (98.526)	Prec@5 100.000 (99.993)
Epoch: [181][220/391], lr: 0.00000	Loss 0.1013 (0.0587)	Prec@1 97.656 (98.519)	Prec@5 100.000 (99.993)
Epoch: [181][230/391], lr: 0.00000	Loss 0.0853 (0.0586)	Prec@1 96.875 (98.509)	Prec@5 99.219 (99.990)
Epoch: [181][240/391], lr: 0.00000	Loss 0.0426 (0.0588)	Prec@1 100.000 (98.528)	Prec@5 100.000 (99.990)
Epoch: [181][250/391], lr: 0.00000	Loss 0.0396 (0.0586)	Prec@1 98.438 (98.534)	Prec@5 100.000 (99.991)
Epoch: [181][260/391], lr: 0.00000	Loss 0.0639 (0.0584)	Prec@1 98.438 (98.539)	Prec@5 100.000 (99.991)
Epoch: [181][270/391], lr: 0.00000	Loss 0.0657 (0.0584)	Prec@1 98.438 (98.536)	Prec@5 100.000 (99.991)
Epoch: [181][280/391], lr: 0.00000	Loss 0.0384 (0.0581)	Prec@1 99.219 (98.549)	Prec@5 100.000 (99.992)
Epoch: [181][290/391], lr: 0.00000	Loss 0.0783 (0.0587)	Prec@1 98.438 (98.540)	Prec@5 100.000 (99.992)
Epoch: [181][300/391], lr: 0.00000	Loss 0.0922 (0.0590)	Prec@1 98.438 (98.539)	Prec@5 100.000 (99.992)
Epoch: [181][310/391], lr: 0.00000	Loss 0.0422 (0.0594)	Prec@1 99.219 (98.528)	Prec@5 100.000 (99.990)
Epoch: [181][320/391], lr: 0.00000	Loss 0.0634 (0.0593)	Prec@1 99.219 (98.523)	Prec@5 99.219 (99.988)
Epoch: [181][330/391], lr: 0.00000	Loss 0.0456 (0.0594)	Prec@1 99.219 (98.520)	Prec@5 100.000 (99.988)
Epoch: [181][340/391], lr: 0.00000	Loss 0.0361 (0.0591)	Prec@1 99.219 (98.527)	Prec@5 100.000 (99.989)
Epoch: [181][350/391], lr: 0.00000	Loss 0.0354 (0.0593)	Prec@1 100.000 (98.527)	Prec@5 100.000 (99.989)
Epoch: [181][360/391], lr: 0.00000	Loss 0.0792 (0.0594)	Prec@1 98.438 (98.531)	Prec@5 100.000 (99.987)
Epoch: [181][370/391], lr: 0.00000	Loss 0.0538 (0.0595)	Prec@1 98.438 (98.513)	Prec@5 100.000 (99.987)
Epoch: [181][380/391], lr: 0.00000	Loss 0.0744 (0.0597)	Prec@1 98.438 (98.511)	Prec@5 100.000 (99.988)
Epoch: [181][390/391], lr: 0.00000	Loss 0.0714 (0.0597)	Prec@1 96.250 (98.506)	Prec@5 100.000 (99.988)
Epoch [181] Training Results: Prec@1 98.506 Prec@5 99.988             Loss 0.05967
Epoch [181] Training Class Recall: [0.952,0.960,0.970,0.985,0.994,0.995,0.998,0.998,0.999,1.000]

Epoch: [182][0/391], lr: 0.00000	Loss 0.0528 (0.0528)	Prec@1 98.438 (98.438)	Prec@5 100.000 (100.000)
Epoch: [182][10/391], lr: 0.00000	Loss 0.0357 (0.0583)	Prec@1 99.219 (98.722)	Prec@5 100.000 (100.000)
Epoch: [182][20/391], lr: 0.00000	Loss 0.0510 (0.0598)	Prec@1 99.219 (98.661)	Prec@5 100.000 (100.000)
Epoch: [182][30/391], lr: 0.00000	Loss 0.0556 (0.0589)	Prec@1 97.656 (98.564)	Prec@5 100.000 (100.000)
Epoch: [182][40/391], lr: 0.00000	Loss 0.0339 (0.0584)	Prec@1 99.219 (98.647)	Prec@5 100.000 (100.000)
Epoch: [182][50/391], lr: 0.00000	Loss 0.0563 (0.0569)	Prec@1 97.656 (98.667)	Prec@5 100.000 (100.000)
Epoch: [182][60/391], lr: 0.00000	Loss 0.0181 (0.0576)	Prec@1 100.000 (98.591)	Prec@5 100.000 (100.000)
Epoch: [182][70/391], lr: 0.00000	Loss 0.0347 (0.0567)	Prec@1 100.000 (98.570)	Prec@5 100.000 (100.000)
Epoch: [182][80/391], lr: 0.00000	Loss 0.0438 (0.0572)	Prec@1 99.219 (98.544)	Prec@5 100.000 (100.000)
Epoch: [182][90/391], lr: 0.00000	Loss 0.0969 (0.0566)	Prec@1 98.438 (98.558)	Prec@5 100.000 (100.000)
Epoch: [182][100/391], lr: 0.00000	Loss 0.1197 (0.0568)	Prec@1 95.312 (98.569)	Prec@5 100.000 (100.000)
Epoch: [182][110/391], lr: 0.00000	Loss 0.0632 (0.0584)	Prec@1 96.875 (98.508)	Prec@5 100.000 (99.993)
Epoch: [182][120/391], lr: 0.00000	Loss 0.0367 (0.0577)	Prec@1 100.000 (98.547)	Prec@5 100.000 (99.987)
Epoch: [182][130/391], lr: 0.00000	Loss 0.0369 (0.0576)	Prec@1 100.000 (98.545)	Prec@5 100.000 (99.988)
Epoch: [182][140/391], lr: 0.00000	Loss 0.0437 (0.0574)	Prec@1 99.219 (98.576)	Prec@5 100.000 (99.983)
Epoch: [182][150/391], lr: 0.00000	Loss 0.0840 (0.0579)	Prec@1 98.438 (98.556)	Prec@5 100.000 (99.984)
Epoch: [182][160/391], lr: 0.00000	Loss 0.0652 (0.0582)	Prec@1 97.656 (98.539)	Prec@5 100.000 (99.985)
Epoch: [182][170/391], lr: 0.00000	Loss 0.0408 (0.0583)	Prec@1 99.219 (98.547)	Prec@5 100.000 (99.986)
Epoch: [182][180/391], lr: 0.00000	Loss 0.0605 (0.0576)	Prec@1 98.438 (98.554)	Prec@5 100.000 (99.987)
Epoch: [182][190/391], lr: 0.00000	Loss 0.0432 (0.0572)	Prec@1 99.219 (98.564)	Prec@5 100.000 (99.988)
Epoch: [182][200/391], lr: 0.00000	Loss 0.0881 (0.0571)	Prec@1 98.438 (98.570)	Prec@5 100.000 (99.988)
Epoch: [182][210/391], lr: 0.00000	Loss 0.0792 (0.0572)	Prec@1 96.094 (98.571)	Prec@5 100.000 (99.989)
Epoch: [182][220/391], lr: 0.00000	Loss 0.0881 (0.0570)	Prec@1 97.656 (98.582)	Prec@5 100.000 (99.989)
Epoch: [182][230/391], lr: 0.00000	Loss 0.0422 (0.0565)	Prec@1 99.219 (98.600)	Prec@5 100.000 (99.990)
Epoch: [182][240/391], lr: 0.00000	Loss 0.0440 (0.0563)	Prec@1 98.438 (98.600)	Prec@5 100.000 (99.990)
Epoch: [182][250/391], lr: 0.00000	Loss 0.0613 (0.0567)	Prec@1 98.438 (98.578)	Prec@5 100.000 (99.991)
Epoch: [182][260/391], lr: 0.00000	Loss 0.0467 (0.0562)	Prec@1 98.438 (98.578)	Prec@5 100.000 (99.991)
Epoch: [182][270/391], lr: 0.00000	Loss 0.0372 (0.0562)	Prec@1 99.219 (98.579)	Prec@5 100.000 (99.991)
Epoch: [182][280/391], lr: 0.00000	Loss 0.0396 (0.0562)	Prec@1 99.219 (98.577)	Prec@5 100.000 (99.992)
Epoch: [182][290/391], lr: 0.00000	Loss 0.1161 (0.0566)	Prec@1 98.438 (98.572)	Prec@5 100.000 (99.992)
Epoch: [182][300/391], lr: 0.00000	Loss 0.0553 (0.0570)	Prec@1 97.656 (98.541)	Prec@5 100.000 (99.992)
Epoch: [182][310/391], lr: 0.00000	Loss 0.0455 (0.0570)	Prec@1 99.219 (98.540)	Prec@5 100.000 (99.992)
Epoch: [182][320/391], lr: 0.00000	Loss 0.0627 (0.0570)	Prec@1 97.656 (98.547)	Prec@5 100.000 (99.993)
Epoch: [182][330/391], lr: 0.00000	Loss 0.1277 (0.0572)	Prec@1 95.312 (98.534)	Prec@5 100.000 (99.993)
Epoch: [182][340/391], lr: 0.00000	Loss 0.0365 (0.0574)	Prec@1 100.000 (98.529)	Prec@5 100.000 (99.991)
Epoch: [182][350/391], lr: 0.00000	Loss 0.0687 (0.0573)	Prec@1 98.438 (98.540)	Prec@5 100.000 (99.991)
Epoch: [182][360/391], lr: 0.00000	Loss 0.0796 (0.0574)	Prec@1 97.656 (98.537)	Prec@5 100.000 (99.991)
Epoch: [182][370/391], lr: 0.00000	Loss 0.0420 (0.0573)	Prec@1 99.219 (98.532)	Prec@5 100.000 (99.992)
Epoch: [182][380/391], lr: 0.00000	Loss 0.0441 (0.0574)	Prec@1 99.219 (98.520)	Prec@5 100.000 (99.992)
Epoch: [182][390/391], lr: 0.00000	Loss 0.0328 (0.0572)	Prec@1 100.000 (98.526)	Prec@5 100.000 (99.992)
Epoch [182] Training Results: Prec@1 98.526 Prec@5 99.992             Loss 0.05724
Epoch [182] Training Class Recall: [0.955,0.963,0.969,0.983,0.991,0.997,0.999,0.999,0.998,0.999]

Epoch: [183][0/391], lr: 0.00000	Loss 0.1158 (0.1158)	Prec@1 96.875 (96.875)	Prec@5 100.000 (100.000)
Epoch: [183][10/391], lr: 0.00000	Loss 0.0550 (0.0615)	Prec@1 98.438 (98.153)	Prec@5 100.000 (100.000)
Epoch: [183][20/391], lr: 0.00000	Loss 0.0822 (0.0629)	Prec@1 99.219 (98.028)	Prec@5 100.000 (100.000)
Epoch: [183][30/391], lr: 0.00000	Loss 0.0532 (0.0599)	Prec@1 98.438 (98.387)	Prec@5 100.000 (100.000)
Epoch: [183][40/391], lr: 0.00000	Loss 0.0398 (0.0587)	Prec@1 99.219 (98.418)	Prec@5 100.000 (99.981)
Epoch: [183][50/391], lr: 0.00000	Loss 0.0428 (0.0590)	Prec@1 99.219 (98.392)	Prec@5 100.000 (99.985)
Epoch: [183][60/391], lr: 0.00000	Loss 0.0307 (0.0604)	Prec@1 100.000 (98.348)	Prec@5 100.000 (99.987)
Epoch: [183][70/391], lr: 0.00000	Loss 0.1122 (0.0605)	Prec@1 97.656 (98.360)	Prec@5 100.000 (99.989)
Epoch: [183][80/391], lr: 0.00000	Loss 0.0884 (0.0603)	Prec@1 96.875 (98.351)	Prec@5 100.000 (99.990)
Epoch: [183][90/391], lr: 0.00000	Loss 0.1002 (0.0606)	Prec@1 96.875 (98.360)	Prec@5 100.000 (99.991)
Epoch: [183][100/391], lr: 0.00000	Loss 0.0399 (0.0608)	Prec@1 98.438 (98.352)	Prec@5 100.000 (99.992)
Epoch: [183][110/391], lr: 0.00000	Loss 0.0554 (0.0614)	Prec@1 98.438 (98.318)	Prec@5 100.000 (99.993)
Epoch: [183][120/391], lr: 0.00000	Loss 0.0603 (0.0608)	Prec@1 98.438 (98.334)	Prec@5 100.000 (99.994)
Epoch: [183][130/391], lr: 0.00000	Loss 0.0887 (0.0608)	Prec@1 96.875 (98.324)	Prec@5 100.000 (99.988)
Epoch: [183][140/391], lr: 0.00000	Loss 0.1038 (0.0625)	Prec@1 95.312 (98.282)	Prec@5 100.000 (99.983)
Epoch: [183][150/391], lr: 0.00000	Loss 0.0300 (0.0613)	Prec@1 100.000 (98.324)	Prec@5 100.000 (99.984)
Epoch: [183][160/391], lr: 0.00000	Loss 0.0609 (0.0611)	Prec@1 98.438 (98.321)	Prec@5 100.000 (99.985)
Epoch: [183][170/391], lr: 0.00000	Loss 0.0499 (0.0612)	Prec@1 98.438 (98.342)	Prec@5 100.000 (99.982)
Epoch: [183][180/391], lr: 0.00000	Loss 0.0258 (0.0616)	Prec@1 100.000 (98.338)	Prec@5 100.000 (99.983)
Epoch: [183][190/391], lr: 0.00000	Loss 0.0905 (0.0614)	Prec@1 96.875 (98.339)	Prec@5 100.000 (99.984)
Epoch: [183][200/391], lr: 0.00000	Loss 0.0551 (0.0615)	Prec@1 97.656 (98.352)	Prec@5 100.000 (99.984)
Epoch: [183][210/391], lr: 0.00000	Loss 0.0633 (0.0615)	Prec@1 97.656 (98.345)	Prec@5 100.000 (99.985)
Epoch: [183][220/391], lr: 0.00000	Loss 0.1406 (0.0613)	Prec@1 97.656 (98.363)	Prec@5 99.219 (99.982)
Epoch: [183][230/391], lr: 0.00000	Loss 0.0687 (0.0616)	Prec@1 97.656 (98.360)	Prec@5 100.000 (99.983)
Epoch: [183][240/391], lr: 0.00000	Loss 0.0634 (0.0614)	Prec@1 98.438 (98.356)	Prec@5 100.000 (99.984)
Epoch: [183][250/391], lr: 0.00000	Loss 0.0700 (0.0612)	Prec@1 97.656 (98.366)	Prec@5 100.000 (99.981)
Epoch: [183][260/391], lr: 0.00000	Loss 0.0238 (0.0612)	Prec@1 100.000 (98.375)	Prec@5 100.000 (99.982)
Epoch: [183][270/391], lr: 0.00000	Loss 0.0438 (0.0614)	Prec@1 99.219 (98.365)	Prec@5 100.000 (99.983)
Epoch: [183][280/391], lr: 0.00000	Loss 0.0854 (0.0617)	Prec@1 96.875 (98.362)	Prec@5 100.000 (99.983)
Epoch: [183][290/391], lr: 0.00000	Loss 0.0473 (0.0616)	Prec@1 98.438 (98.368)	Prec@5 100.000 (99.981)
Epoch: [183][300/391], lr: 0.00000	Loss 0.0759 (0.0616)	Prec@1 98.438 (98.380)	Prec@5 100.000 (99.982)
Epoch: [183][310/391], lr: 0.00000	Loss 0.0469 (0.0617)	Prec@1 98.438 (98.380)	Prec@5 100.000 (99.982)
Epoch: [183][320/391], lr: 0.00000	Loss 0.0561 (0.0615)	Prec@1 99.219 (98.384)	Prec@5 100.000 (99.983)
Epoch: [183][330/391], lr: 0.00000	Loss 0.0707 (0.0615)	Prec@1 97.656 (98.362)	Prec@5 100.000 (99.983)
Epoch: [183][340/391], lr: 0.00000	Loss 0.0272 (0.0614)	Prec@1 99.219 (98.364)	Prec@5 100.000 (99.984)
Epoch: [183][350/391], lr: 0.00000	Loss 0.0402 (0.0613)	Prec@1 98.438 (98.360)	Prec@5 100.000 (99.984)
Epoch: [183][360/391], lr: 0.00000	Loss 0.0335 (0.0608)	Prec@1 99.219 (98.379)	Prec@5 100.000 (99.985)
Epoch: [183][370/391], lr: 0.00000	Loss 0.0516 (0.0607)	Prec@1 97.656 (98.372)	Prec@5 100.000 (99.983)
Epoch: [183][380/391], lr: 0.00000	Loss 0.0794 (0.0608)	Prec@1 96.875 (98.360)	Prec@5 100.000 (99.984)
Epoch: [183][390/391], lr: 0.00000	Loss 0.0411 (0.0609)	Prec@1 100.000 (98.358)	Prec@5 100.000 (99.980)
Epoch [183] Training Results: Prec@1 98.358 Prec@5 99.980             Loss 0.06087
Epoch [183] Training Class Recall: [0.948,0.960,0.967,0.983,0.991,0.996,0.998,0.996,0.998,0.999]

Epoch: [184][0/391], lr: 0.00000	Loss 0.0828 (0.0828)	Prec@1 97.656 (97.656)	Prec@5 100.000 (100.000)
Epoch: [184][10/391], lr: 0.00000	Loss 0.0498 (0.0609)	Prec@1 100.000 (98.580)	Prec@5 100.000 (100.000)
Epoch: [184][20/391], lr: 0.00000	Loss 0.0341 (0.0597)	Prec@1 98.438 (98.363)	Prec@5 100.000 (100.000)
Epoch: [184][30/391], lr: 0.00000	Loss 0.0407 (0.0563)	Prec@1 99.219 (98.488)	Prec@5 100.000 (100.000)
Epoch: [184][40/391], lr: 0.00000	Loss 0.0348 (0.0543)	Prec@1 100.000 (98.533)	Prec@5 100.000 (100.000)
Epoch: [184][50/391], lr: 0.00000	Loss 0.0464 (0.0542)	Prec@1 99.219 (98.591)	Prec@5 100.000 (100.000)
Epoch: [184][60/391], lr: 0.00000	Loss 0.0688 (0.0550)	Prec@1 99.219 (98.553)	Prec@5 100.000 (100.000)
Epoch: [184][70/391], lr: 0.00000	Loss 0.0290 (0.0550)	Prec@1 100.000 (98.559)	Prec@5 100.000 (100.000)
Epoch: [184][80/391], lr: 0.00000	Loss 0.0162 (0.0538)	Prec@1 100.000 (98.640)	Prec@5 100.000 (100.000)
Epoch: [184][90/391], lr: 0.00000	Loss 0.0704 (0.0541)	Prec@1 98.438 (98.592)	Prec@5 100.000 (100.000)
Epoch: [184][100/391], lr: 0.00000	Loss 0.0736 (0.0555)	Prec@1 96.094 (98.538)	Prec@5 100.000 (100.000)
Epoch: [184][110/391], lr: 0.00000	Loss 0.0705 (0.0569)	Prec@1 99.219 (98.508)	Prec@5 100.000 (100.000)
Epoch: [184][120/391], lr: 0.00000	Loss 0.1094 (0.0571)	Prec@1 96.094 (98.483)	Prec@5 100.000 (100.000)
Epoch: [184][130/391], lr: 0.00000	Loss 0.0330 (0.0576)	Prec@1 100.000 (98.479)	Prec@5 100.000 (100.000)
Epoch: [184][140/391], lr: 0.00000	Loss 0.1250 (0.0573)	Prec@1 96.875 (98.504)	Prec@5 100.000 (100.000)
Epoch: [184][150/391], lr: 0.00000	Loss 0.0950 (0.0582)	Prec@1 97.656 (98.494)	Prec@5 100.000 (100.000)
Epoch: [184][160/391], lr: 0.00000	Loss 0.0588 (0.0582)	Prec@1 97.656 (98.505)	Prec@5 100.000 (99.995)
Epoch: [184][170/391], lr: 0.00000	Loss 0.0792 (0.0591)	Prec@1 96.875 (98.479)	Prec@5 100.000 (99.995)
Epoch: [184][180/391], lr: 0.00000	Loss 0.0546 (0.0588)	Prec@1 99.219 (98.481)	Prec@5 100.000 (99.996)
Epoch: [184][190/391], lr: 0.00000	Loss 0.0947 (0.0591)	Prec@1 98.438 (98.478)	Prec@5 99.219 (99.988)
Epoch: [184][200/391], lr: 0.00000	Loss 0.0322 (0.0584)	Prec@1 99.219 (98.511)	Prec@5 100.000 (99.988)
Epoch: [184][210/391], lr: 0.00000	Loss 0.0634 (0.0580)	Prec@1 98.438 (98.530)	Prec@5 100.000 (99.981)
Epoch: [184][220/391], lr: 0.00000	Loss 0.0659 (0.0580)	Prec@1 97.656 (98.522)	Prec@5 100.000 (99.982)
Epoch: [184][230/391], lr: 0.00000	Loss 0.0762 (0.0580)	Prec@1 97.656 (98.505)	Prec@5 100.000 (99.983)
Epoch: [184][240/391], lr: 0.00000	Loss 0.1530 (0.0581)	Prec@1 97.656 (98.515)	Prec@5 99.219 (99.981)
Epoch: [184][250/391], lr: 0.00000	Loss 0.1544 (0.0587)	Prec@1 94.531 (98.500)	Prec@5 100.000 (99.978)
Epoch: [184][260/391], lr: 0.00000	Loss 0.0457 (0.0588)	Prec@1 98.438 (98.503)	Prec@5 100.000 (99.976)
Epoch: [184][270/391], lr: 0.00000	Loss 0.0452 (0.0584)	Prec@1 99.219 (98.518)	Prec@5 100.000 (99.977)
Epoch: [184][280/391], lr: 0.00000	Loss 0.0596 (0.0585)	Prec@1 98.438 (98.504)	Prec@5 100.000 (99.978)
Epoch: [184][290/391], lr: 0.00000	Loss 0.0610 (0.0585)	Prec@1 97.656 (98.494)	Prec@5 100.000 (99.979)
Epoch: [184][300/391], lr: 0.00000	Loss 0.0476 (0.0581)	Prec@1 99.219 (98.518)	Prec@5 100.000 (99.979)
Epoch: [184][310/391], lr: 0.00000	Loss 0.0407 (0.0581)	Prec@1 100.000 (98.528)	Prec@5 100.000 (99.980)
Epoch: [184][320/391], lr: 0.00000	Loss 0.0459 (0.0582)	Prec@1 98.438 (98.518)	Prec@5 100.000 (99.981)
Epoch: [184][330/391], lr: 0.00000	Loss 0.0709 (0.0584)	Prec@1 99.219 (98.525)	Prec@5 100.000 (99.981)
Epoch: [184][340/391], lr: 0.00000	Loss 0.0842 (0.0585)	Prec@1 97.656 (98.513)	Prec@5 100.000 (99.982)
Epoch: [184][350/391], lr: 0.00000	Loss 0.0519 (0.0584)	Prec@1 99.219 (98.513)	Prec@5 100.000 (99.982)
Epoch: [184][360/391], lr: 0.00000	Loss 0.0573 (0.0587)	Prec@1 98.438 (98.513)	Prec@5 100.000 (99.983)
Epoch: [184][370/391], lr: 0.00000	Loss 0.0543 (0.0585)	Prec@1 97.656 (98.520)	Prec@5 100.000 (99.983)
Epoch: [184][380/391], lr: 0.00000	Loss 0.0862 (0.0590)	Prec@1 96.875 (98.503)	Prec@5 100.000 (99.982)
Epoch: [184][390/391], lr: 0.00000	Loss 0.0430 (0.0590)	Prec@1 100.000 (98.498)	Prec@5 100.000 (99.982)
Epoch [184] Training Results: Prec@1 98.498 Prec@5 99.982             Loss 0.05904
Epoch [184] Training Class Recall: [0.952,0.963,0.969,0.983,0.993,0.995,0.997,0.998,0.999,0.999]

Epoch: [185][0/391], lr: 0.00000	Loss 0.0873 (0.0873)	Prec@1 96.875 (96.875)	Prec@5 100.000 (100.000)
Epoch: [185][10/391], lr: 0.00000	Loss 0.0274 (0.0631)	Prec@1 100.000 (98.295)	Prec@5 100.000 (100.000)
Epoch: [185][20/391], lr: 0.00000	Loss 0.0796 (0.0634)	Prec@1 97.656 (98.289)	Prec@5 100.000 (100.000)
Epoch: [185][30/391], lr: 0.00000	Loss 0.0701 (0.0637)	Prec@1 97.656 (98.236)	Prec@5 100.000 (100.000)
Epoch: [185][40/391], lr: 0.00000	Loss 0.0648 (0.0635)	Prec@1 99.219 (98.304)	Prec@5 99.219 (99.981)
Epoch: [185][50/391], lr: 0.00000	Loss 0.1179 (0.0636)	Prec@1 99.219 (98.392)	Prec@5 99.219 (99.969)
Epoch: [185][60/391], lr: 0.00000	Loss 0.0755 (0.0627)	Prec@1 96.875 (98.399)	Prec@5 100.000 (99.974)
Epoch: [185][70/391], lr: 0.00000	Loss 0.0416 (0.0616)	Prec@1 100.000 (98.393)	Prec@5 100.000 (99.978)
Epoch: [185][80/391], lr: 0.00000	Loss 0.0863 (0.0627)	Prec@1 97.656 (98.380)	Prec@5 100.000 (99.971)
Epoch: [185][90/391], lr: 0.00000	Loss 0.0770 (0.0623)	Prec@1 97.656 (98.412)	Prec@5 100.000 (99.966)
Epoch: [185][100/391], lr: 0.00000	Loss 0.0553 (0.0607)	Prec@1 98.438 (98.484)	Prec@5 100.000 (99.969)
Epoch: [185][110/391], lr: 0.00000	Loss 0.0615 (0.0610)	Prec@1 97.656 (98.452)	Prec@5 100.000 (99.972)
Epoch: [185][120/391], lr: 0.00000	Loss 0.0661 (0.0613)	Prec@1 97.656 (98.425)	Prec@5 100.000 (99.974)
Epoch: [185][130/391], lr: 0.00000	Loss 0.0958 (0.0612)	Prec@1 96.875 (98.402)	Prec@5 100.000 (99.976)
Epoch: [185][140/391], lr: 0.00000	Loss 0.0566 (0.0609)	Prec@1 98.438 (98.426)	Prec@5 100.000 (99.978)
Epoch: [185][150/391], lr: 0.00000	Loss 0.0584 (0.0607)	Prec@1 98.438 (98.432)	Prec@5 100.000 (99.979)
Epoch: [185][160/391], lr: 0.00000	Loss 0.0785 (0.0603)	Prec@1 99.219 (98.457)	Prec@5 100.000 (99.981)
Epoch: [185][170/391], lr: 0.00000	Loss 0.0397 (0.0604)	Prec@1 98.438 (98.433)	Prec@5 100.000 (99.982)
Epoch: [185][180/391], lr: 0.00000	Loss 0.0269 (0.0602)	Prec@1 100.000 (98.442)	Prec@5 100.000 (99.983)
Epoch: [185][190/391], lr: 0.00000	Loss 0.0724 (0.0604)	Prec@1 98.438 (98.433)	Prec@5 100.000 (99.984)
Epoch: [185][200/391], lr: 0.00000	Loss 0.0389 (0.0604)	Prec@1 100.000 (98.445)	Prec@5 100.000 (99.984)
Epoch: [185][210/391], lr: 0.00000	Loss 0.0551 (0.0604)	Prec@1 99.219 (98.434)	Prec@5 100.000 (99.985)
Epoch: [185][220/391], lr: 0.00000	Loss 0.0354 (0.0606)	Prec@1 99.219 (98.434)	Prec@5 100.000 (99.979)
Epoch: [185][230/391], lr: 0.00000	Loss 0.0480 (0.0608)	Prec@1 99.219 (98.434)	Prec@5 100.000 (99.980)
Epoch: [185][240/391], lr: 0.00000	Loss 0.0391 (0.0608)	Prec@1 99.219 (98.428)	Prec@5 100.000 (99.981)
Epoch: [185][250/391], lr: 0.00000	Loss 0.0732 (0.0605)	Prec@1 98.438 (98.444)	Prec@5 100.000 (99.981)
Epoch: [185][260/391], lr: 0.00000	Loss 0.0629 (0.0603)	Prec@1 98.438 (98.452)	Prec@5 100.000 (99.982)
Epoch: [185][270/391], lr: 0.00000	Loss 0.0565 (0.0602)	Prec@1 98.438 (98.452)	Prec@5 100.000 (99.983)
Epoch: [185][280/391], lr: 0.00000	Loss 0.0636 (0.0602)	Prec@1 98.438 (98.454)	Prec@5 100.000 (99.983)
Epoch: [185][290/391], lr: 0.00000	Loss 0.1074 (0.0603)	Prec@1 97.656 (98.456)	Prec@5 100.000 (99.984)
Epoch: [185][300/391], lr: 0.00000	Loss 0.0616 (0.0603)	Prec@1 98.438 (98.443)	Prec@5 100.000 (99.982)
Epoch: [185][310/391], lr: 0.00000	Loss 0.0497 (0.0604)	Prec@1 98.438 (98.430)	Prec@5 100.000 (99.982)
Epoch: [185][320/391], lr: 0.00000	Loss 0.1040 (0.0606)	Prec@1 96.875 (98.420)	Prec@5 100.000 (99.983)
Epoch: [185][330/391], lr: 0.00000	Loss 0.0396 (0.0605)	Prec@1 99.219 (98.423)	Prec@5 100.000 (99.983)
Epoch: [185][340/391], lr: 0.00000	Loss 0.0466 (0.0607)	Prec@1 98.438 (98.410)	Prec@5 100.000 (99.982)
Epoch: [185][350/391], lr: 0.00000	Loss 0.0442 (0.0602)	Prec@1 99.219 (98.435)	Prec@5 100.000 (99.982)
Epoch: [185][360/391], lr: 0.00000	Loss 0.0550 (0.0600)	Prec@1 98.438 (98.435)	Prec@5 100.000 (99.983)
Epoch: [185][370/391], lr: 0.00000	Loss 0.0281 (0.0598)	Prec@1 100.000 (98.438)	Prec@5 100.000 (99.983)
Epoch: [185][380/391], lr: 0.00000	Loss 0.0323 (0.0596)	Prec@1 99.219 (98.456)	Prec@5 100.000 (99.982)
Epoch: [185][390/391], lr: 0.00000	Loss 0.0312 (0.0594)	Prec@1 100.000 (98.464)	Prec@5 100.000 (99.982)
Epoch [185] Training Results: Prec@1 98.464 Prec@5 99.982             Loss 0.05936
Epoch [185] Training Class Recall: [0.953,0.956,0.971,0.986,0.992,0.997,0.997,0.998,0.999,0.999]

Epoch: [186][0/391], lr: 0.00000	Loss 0.0706 (0.0706)	Prec@1 97.656 (97.656)	Prec@5 100.000 (100.000)
Epoch: [186][10/391], lr: 0.00000	Loss 0.0249 (0.0586)	Prec@1 100.000 (98.438)	Prec@5 100.000 (100.000)
Epoch: [186][20/391], lr: 0.00000	Loss 0.1422 (0.0618)	Prec@1 97.656 (98.586)	Prec@5 100.000 (99.963)
Epoch: [186][30/391], lr: 0.00000	Loss 0.0625 (0.0583)	Prec@1 98.438 (98.639)	Prec@5 100.000 (99.975)
Epoch: [186][40/391], lr: 0.00000	Loss 0.0870 (0.0596)	Prec@1 96.875 (98.495)	Prec@5 100.000 (99.981)
Epoch: [186][50/391], lr: 0.00000	Loss 0.0293 (0.0594)	Prec@1 100.000 (98.468)	Prec@5 100.000 (99.985)
Epoch: [186][60/391], lr: 0.00000	Loss 0.0593 (0.0586)	Prec@1 99.219 (98.489)	Prec@5 100.000 (99.987)
Epoch: [186][70/391], lr: 0.00000	Loss 0.0876 (0.0615)	Prec@1 98.438 (98.371)	Prec@5 99.219 (99.978)
Epoch: [186][80/391], lr: 0.00000	Loss 0.0796 (0.0609)	Prec@1 98.438 (98.370)	Prec@5 100.000 (99.981)
Epoch: [186][90/391], lr: 0.00000	Loss 0.0592 (0.0612)	Prec@1 99.219 (98.403)	Prec@5 100.000 (99.983)
Epoch: [186][100/391], lr: 0.00000	Loss 0.0546 (0.0604)	Prec@1 98.438 (98.422)	Prec@5 100.000 (99.985)
Epoch: [186][110/391], lr: 0.00000	Loss 0.0396 (0.0594)	Prec@1 99.219 (98.452)	Prec@5 100.000 (99.979)
Epoch: [186][120/391], lr: 0.00000	Loss 0.0399 (0.0594)	Prec@1 99.219 (98.412)	Prec@5 100.000 (99.981)
Epoch: [186][130/391], lr: 0.00000	Loss 0.0395 (0.0598)	Prec@1 99.219 (98.414)	Prec@5 100.000 (99.982)
Epoch: [186][140/391], lr: 0.00000	Loss 0.0763 (0.0604)	Prec@1 97.656 (98.393)	Prec@5 100.000 (99.983)
Epoch: [186][150/391], lr: 0.00000	Loss 0.0714 (0.0598)	Prec@1 97.656 (98.422)	Prec@5 100.000 (99.984)
Epoch: [186][160/391], lr: 0.00000	Loss 0.0445 (0.0593)	Prec@1 98.438 (98.428)	Prec@5 100.000 (99.985)
Epoch: [186][170/391], lr: 0.00000	Loss 0.0287 (0.0594)	Prec@1 99.219 (98.419)	Prec@5 100.000 (99.986)
Epoch: [186][180/391], lr: 0.00000	Loss 0.0659 (0.0592)	Prec@1 98.438 (98.433)	Prec@5 100.000 (99.987)
Epoch: [186][190/391], lr: 0.00000	Loss 0.0571 (0.0596)	Prec@1 98.438 (98.413)	Prec@5 100.000 (99.984)
Epoch: [186][200/391], lr: 0.00000	Loss 0.0556 (0.0597)	Prec@1 97.656 (98.391)	Prec@5 100.000 (99.984)
Epoch: [186][210/391], lr: 0.00000	Loss 0.0300 (0.0588)	Prec@1 100.000 (98.423)	Prec@5 100.000 (99.985)
Epoch: [186][220/391], lr: 0.00000	Loss 0.0268 (0.0584)	Prec@1 99.219 (98.459)	Prec@5 100.000 (99.986)
Epoch: [186][230/391], lr: 0.00000	Loss 0.0888 (0.0585)	Prec@1 97.656 (98.451)	Prec@5 100.000 (99.986)
Epoch: [186][240/391], lr: 0.00000	Loss 0.0549 (0.0583)	Prec@1 99.219 (98.454)	Prec@5 100.000 (99.987)
Epoch: [186][250/391], lr: 0.00000	Loss 0.0323 (0.0586)	Prec@1 100.000 (98.456)	Prec@5 100.000 (99.984)
Epoch: [186][260/391], lr: 0.00000	Loss 0.0350 (0.0583)	Prec@1 99.219 (98.476)	Prec@5 100.000 (99.985)
Epoch: [186][270/391], lr: 0.00000	Loss 0.0344 (0.0586)	Prec@1 99.219 (98.463)	Prec@5 100.000 (99.983)
Epoch: [186][280/391], lr: 0.00000	Loss 0.0464 (0.0590)	Prec@1 99.219 (98.451)	Prec@5 100.000 (99.983)
Epoch: [186][290/391], lr: 0.00000	Loss 0.0535 (0.0590)	Prec@1 98.438 (98.443)	Prec@5 100.000 (99.984)
Epoch: [186][300/391], lr: 0.00000	Loss 0.0408 (0.0593)	Prec@1 99.219 (98.435)	Prec@5 100.000 (99.984)
Epoch: [186][310/391], lr: 0.00000	Loss 0.0381 (0.0595)	Prec@1 100.000 (98.422)	Prec@5 100.000 (99.985)
Epoch: [186][320/391], lr: 0.00000	Loss 0.0459 (0.0592)	Prec@1 98.438 (98.430)	Prec@5 100.000 (99.985)
Epoch: [186][330/391], lr: 0.00000	Loss 0.0416 (0.0590)	Prec@1 100.000 (98.445)	Prec@5 100.000 (99.983)
Epoch: [186][340/391], lr: 0.00000	Loss 0.0764 (0.0590)	Prec@1 98.438 (98.456)	Prec@5 100.000 (99.984)
Epoch: [186][350/391], lr: 0.00000	Loss 0.0411 (0.0591)	Prec@1 99.219 (98.446)	Prec@5 100.000 (99.982)
Epoch: [186][360/391], lr: 0.00000	Loss 0.0554 (0.0590)	Prec@1 98.438 (98.459)	Prec@5 100.000 (99.983)
Epoch: [186][370/391], lr: 0.00000	Loss 0.0458 (0.0592)	Prec@1 100.000 (98.456)	Prec@5 100.000 (99.983)
Epoch: [186][380/391], lr: 0.00000	Loss 0.0986 (0.0592)	Prec@1 97.656 (98.468)	Prec@5 100.000 (99.984)
Epoch: [186][390/391], lr: 0.00000	Loss 0.0938 (0.0593)	Prec@1 95.000 (98.462)	Prec@5 100.000 (99.984)
Epoch [186] Training Results: Prec@1 98.462 Prec@5 99.984             Loss 0.05934
Epoch [186] Training Class Recall: [0.946,0.963,0.971,0.984,0.993,0.996,0.998,0.998,0.998,0.999]

Epoch: [187][0/391], lr: 0.00000	Loss 0.0380 (0.0380)	Prec@1 99.219 (99.219)	Prec@5 100.000 (100.000)
Epoch: [187][10/391], lr: 0.00000	Loss 0.1343 (0.0632)	Prec@1 95.312 (98.082)	Prec@5 99.219 (99.929)
Epoch: [187][20/391], lr: 0.00000	Loss 0.0462 (0.0595)	Prec@1 99.219 (98.438)	Prec@5 100.000 (99.888)
Epoch: [187][30/391], lr: 0.00000	Loss 0.0555 (0.0602)	Prec@1 98.438 (98.412)	Prec@5 100.000 (99.924)
Epoch: [187][40/391], lr: 0.00000	Loss 0.0419 (0.0603)	Prec@1 98.438 (98.361)	Prec@5 100.000 (99.924)
Epoch: [187][50/391], lr: 0.00000	Loss 0.0279 (0.0639)	Prec@1 99.219 (98.300)	Prec@5 100.000 (99.939)
Epoch: [187][60/391], lr: 0.00000	Loss 0.0461 (0.0638)	Prec@1 98.438 (98.271)	Prec@5 100.000 (99.949)
Epoch: [187][70/391], lr: 0.00000	Loss 0.0379 (0.0623)	Prec@1 100.000 (98.371)	Prec@5 100.000 (99.956)
Epoch: [187][80/391], lr: 0.00000	Loss 0.0274 (0.0616)	Prec@1 100.000 (98.428)	Prec@5 100.000 (99.952)
Epoch: [187][90/391], lr: 0.00000	Loss 0.0375 (0.0618)	Prec@1 99.219 (98.395)	Prec@5 100.000 (99.957)
Epoch: [187][100/391], lr: 0.00000	Loss 0.0461 (0.0623)	Prec@1 99.219 (98.360)	Prec@5 100.000 (99.961)
Epoch: [187][110/391], lr: 0.00000	Loss 0.0362 (0.0615)	Prec@1 100.000 (98.367)	Prec@5 100.000 (99.965)
Epoch: [187][120/391], lr: 0.00000	Loss 0.0634 (0.0613)	Prec@1 98.438 (98.373)	Prec@5 100.000 (99.968)
Epoch: [187][130/391], lr: 0.00000	Loss 0.0562 (0.0617)	Prec@1 98.438 (98.366)	Prec@5 100.000 (99.970)
Epoch: [187][140/391], lr: 0.00000	Loss 0.0669 (0.0612)	Prec@1 98.438 (98.377)	Prec@5 100.000 (99.967)
Epoch: [187][150/391], lr: 0.00000	Loss 0.0663 (0.0607)	Prec@1 97.656 (98.396)	Prec@5 100.000 (99.969)
Epoch: [187][160/391], lr: 0.00000	Loss 0.0940 (0.0603)	Prec@1 96.875 (98.408)	Prec@5 100.000 (99.971)
Epoch: [187][170/391], lr: 0.00000	Loss 0.0704 (0.0599)	Prec@1 96.875 (98.406)	Prec@5 100.000 (99.973)
Epoch: [187][180/391], lr: 0.00000	Loss 0.0645 (0.0604)	Prec@1 98.438 (98.407)	Prec@5 100.000 (99.970)
Epoch: [187][190/391], lr: 0.00000	Loss 0.0315 (0.0603)	Prec@1 99.219 (98.425)	Prec@5 100.000 (99.971)
Epoch: [187][200/391], lr: 0.00000	Loss 0.0506 (0.0601)	Prec@1 98.438 (98.426)	Prec@5 100.000 (99.973)
Epoch: [187][210/391], lr: 0.00000	Loss 0.1247 (0.0606)	Prec@1 96.875 (98.404)	Prec@5 100.000 (99.974)
Epoch: [187][220/391], lr: 0.00000	Loss 0.0430 (0.0605)	Prec@1 98.438 (98.392)	Prec@5 100.000 (99.975)
Epoch: [187][230/391], lr: 0.00000	Loss 0.0329 (0.0604)	Prec@1 99.219 (98.407)	Prec@5 100.000 (99.976)
Epoch: [187][240/391], lr: 0.00000	Loss 0.0467 (0.0605)	Prec@1 99.219 (98.415)	Prec@5 100.000 (99.974)
Epoch: [187][250/391], lr: 0.00000	Loss 0.0639 (0.0611)	Prec@1 98.438 (98.400)	Prec@5 100.000 (99.975)
Epoch: [187][260/391], lr: 0.00000	Loss 0.1510 (0.0614)	Prec@1 96.094 (98.393)	Prec@5 100.000 (99.976)
Epoch: [187][270/391], lr: 0.00000	Loss 0.0557 (0.0612)	Prec@1 100.000 (98.406)	Prec@5 100.000 (99.977)
Epoch: [187][280/391], lr: 0.00000	Loss 0.0325 (0.0618)	Prec@1 100.000 (98.385)	Prec@5 100.000 (99.975)
Epoch: [187][290/391], lr: 0.00000	Loss 0.0800 (0.0615)	Prec@1 96.875 (98.389)	Prec@5 100.000 (99.976)
Epoch: [187][300/391], lr: 0.00000	Loss 0.0426 (0.0612)	Prec@1 99.219 (98.399)	Prec@5 100.000 (99.977)
Epoch: [187][310/391], lr: 0.00000	Loss 0.0666 (0.0611)	Prec@1 98.438 (98.405)	Prec@5 100.000 (99.977)
Epoch: [187][320/391], lr: 0.00000	Loss 0.0407 (0.0606)	Prec@1 100.000 (98.425)	Prec@5 100.000 (99.978)
Epoch: [187][330/391], lr: 0.00000	Loss 0.1815 (0.0608)	Prec@1 96.094 (98.430)	Prec@5 100.000 (99.979)
Epoch: [187][340/391], lr: 0.00000	Loss 0.0633 (0.0608)	Prec@1 97.656 (98.424)	Prec@5 100.000 (99.979)
Epoch: [187][350/391], lr: 0.00000	Loss 0.0465 (0.0607)	Prec@1 99.219 (98.429)	Prec@5 100.000 (99.980)
Epoch: [187][360/391], lr: 0.00000	Loss 0.0590 (0.0608)	Prec@1 98.438 (98.418)	Prec@5 100.000 (99.981)
Epoch: [187][370/391], lr: 0.00000	Loss 0.0710 (0.0606)	Prec@1 97.656 (98.416)	Prec@5 100.000 (99.981)
Epoch: [187][380/391], lr: 0.00000	Loss 0.0712 (0.0605)	Prec@1 97.656 (98.425)	Prec@5 100.000 (99.982)
Epoch: [187][390/391], lr: 0.00000	Loss 0.1289 (0.0606)	Prec@1 93.750 (98.426)	Prec@5 98.750 (99.980)
Epoch [187] Training Results: Prec@1 98.426 Prec@5 99.980             Loss 0.06058
Epoch [187] Training Class Recall: [0.950,0.959,0.968,0.986,0.991,0.996,0.998,0.998,0.999,0.999]

Epoch: [188][0/391], lr: 0.00000	Loss 0.0524 (0.0524)	Prec@1 99.219 (99.219)	Prec@5 100.000 (100.000)
Epoch: [188][10/391], lr: 0.00000	Loss 0.0523 (0.0544)	Prec@1 99.219 (98.580)	Prec@5 100.000 (100.000)
Epoch: [188][20/391], lr: 0.00000	Loss 0.0751 (0.0622)	Prec@1 97.656 (98.251)	Prec@5 100.000 (100.000)
Epoch: [188][30/391], lr: 0.00000	Loss 0.0649 (0.0589)	Prec@1 98.438 (98.311)	Prec@5 100.000 (100.000)
Epoch: [188][40/391], lr: 0.00000	Loss 0.1533 (0.0609)	Prec@1 94.531 (98.266)	Prec@5 100.000 (100.000)
Epoch: [188][50/391], lr: 0.00000	Loss 0.0495 (0.0601)	Prec@1 98.438 (98.315)	Prec@5 100.000 (100.000)
Epoch: [188][60/391], lr: 0.00000	Loss 0.0415 (0.0621)	Prec@1 99.219 (98.284)	Prec@5 100.000 (100.000)
Epoch: [188][70/391], lr: 0.00000	Loss 0.0469 (0.0619)	Prec@1 98.438 (98.261)	Prec@5 100.000 (100.000)
Epoch: [188][80/391], lr: 0.00000	Loss 0.1071 (0.0613)	Prec@1 96.875 (98.293)	Prec@5 100.000 (100.000)
Epoch: [188][90/391], lr: 0.00000	Loss 0.1713 (0.0621)	Prec@1 98.438 (98.317)	Prec@5 99.219 (99.991)
Epoch: [188][100/391], lr: 0.00000	Loss 0.0635 (0.0609)	Prec@1 99.219 (98.383)	Prec@5 100.000 (99.992)
Epoch: [188][110/391], lr: 0.00000	Loss 0.0798 (0.0601)	Prec@1 96.094 (98.402)	Prec@5 100.000 (99.993)
Epoch: [188][120/391], lr: 0.00000	Loss 0.0398 (0.0610)	Prec@1 99.219 (98.366)	Prec@5 100.000 (99.987)
Epoch: [188][130/391], lr: 0.00000	Loss 0.0992 (0.0603)	Prec@1 97.656 (98.384)	Prec@5 100.000 (99.982)
Epoch: [188][140/391], lr: 0.00000	Loss 0.0494 (0.0599)	Prec@1 99.219 (98.393)	Prec@5 100.000 (99.983)
Epoch: [188][150/391], lr: 0.00000	Loss 0.0311 (0.0594)	Prec@1 99.219 (98.432)	Prec@5 100.000 (99.984)
Epoch: [188][160/391], lr: 0.00000	Loss 0.0690 (0.0596)	Prec@1 98.438 (98.433)	Prec@5 100.000 (99.981)
Epoch: [188][170/391], lr: 0.00000	Loss 0.0238 (0.0595)	Prec@1 100.000 (98.442)	Prec@5 100.000 (99.982)
Epoch: [188][180/391], lr: 0.00000	Loss 0.0405 (0.0594)	Prec@1 100.000 (98.433)	Prec@5 100.000 (99.983)
Epoch: [188][190/391], lr: 0.00000	Loss 0.0582 (0.0589)	Prec@1 99.219 (98.462)	Prec@5 100.000 (99.984)
Epoch: [188][200/391], lr: 0.00000	Loss 0.0385 (0.0591)	Prec@1 99.219 (98.465)	Prec@5 100.000 (99.981)
Epoch: [188][210/391], lr: 0.00000	Loss 0.0335 (0.0595)	Prec@1 100.000 (98.467)	Prec@5 100.000 (99.978)
Epoch: [188][220/391], lr: 0.00000	Loss 0.0463 (0.0589)	Prec@1 99.219 (98.483)	Prec@5 100.000 (99.979)
Epoch: [188][230/391], lr: 0.00000	Loss 0.0425 (0.0596)	Prec@1 99.219 (98.458)	Prec@5 100.000 (99.976)
Epoch: [188][240/391], lr: 0.00000	Loss 0.0348 (0.0597)	Prec@1 99.219 (98.454)	Prec@5 100.000 (99.977)
Epoch: [188][250/391], lr: 0.00000	Loss 0.0913 (0.0598)	Prec@1 96.875 (98.453)	Prec@5 100.000 (99.978)
Epoch: [188][260/391], lr: 0.00000	Loss 0.0416 (0.0601)	Prec@1 99.219 (98.440)	Prec@5 100.000 (99.976)
Epoch: [188][270/391], lr: 0.00000	Loss 0.0694 (0.0601)	Prec@1 98.438 (98.432)	Prec@5 100.000 (99.977)
Epoch: [188][280/391], lr: 0.00000	Loss 0.0619 (0.0600)	Prec@1 97.656 (98.440)	Prec@5 100.000 (99.975)
Epoch: [188][290/391], lr: 0.00000	Loss 0.0694 (0.0600)	Prec@1 99.219 (98.440)	Prec@5 100.000 (99.976)
Epoch: [188][300/391], lr: 0.00000	Loss 0.0360 (0.0602)	Prec@1 100.000 (98.435)	Prec@5 100.000 (99.977)
Epoch: [188][310/391], lr: 0.00000	Loss 0.0787 (0.0605)	Prec@1 96.875 (98.412)	Prec@5 100.000 (99.977)
Epoch: [188][320/391], lr: 0.00000	Loss 0.0849 (0.0607)	Prec@1 96.875 (98.411)	Prec@5 100.000 (99.978)
Epoch: [188][330/391], lr: 0.00000	Loss 0.0323 (0.0600)	Prec@1 99.219 (98.430)	Prec@5 100.000 (99.979)
Epoch: [188][340/391], lr: 0.00000	Loss 0.1121 (0.0601)	Prec@1 96.875 (98.424)	Prec@5 99.219 (99.977)
Epoch: [188][350/391], lr: 0.00000	Loss 0.0769 (0.0602)	Prec@1 97.656 (98.415)	Prec@5 100.000 (99.978)
Epoch: [188][360/391], lr: 0.00000	Loss 0.0557 (0.0602)	Prec@1 98.438 (98.425)	Prec@5 100.000 (99.978)
Epoch: [188][370/391], lr: 0.00000	Loss 0.0815 (0.0603)	Prec@1 97.656 (98.427)	Prec@5 100.000 (99.979)
Epoch: [188][380/391], lr: 0.00000	Loss 0.0409 (0.0601)	Prec@1 99.219 (98.442)	Prec@5 100.000 (99.979)
Epoch: [188][390/391], lr: 0.00000	Loss 0.0625 (0.0598)	Prec@1 97.500 (98.446)	Prec@5 100.000 (99.980)
Epoch [188] Training Results: Prec@1 98.446 Prec@5 99.980             Loss 0.05984
Epoch [188] Training Class Recall: [0.952,0.959,0.966,0.984,0.992,0.996,0.998,0.999,0.999,1.000]

Epoch: [189][0/391], lr: 0.00000	Loss 0.0488 (0.0488)	Prec@1 97.656 (97.656)	Prec@5 100.000 (100.000)
Epoch: [189][10/391], lr: 0.00000	Loss 0.0563 (0.0621)	Prec@1 99.219 (98.580)	Prec@5 100.000 (100.000)
Epoch: [189][20/391], lr: 0.00000	Loss 0.0342 (0.0606)	Prec@1 100.000 (98.438)	Prec@5 100.000 (100.000)
Epoch: [189][30/391], lr: 0.00000	Loss 0.0660 (0.0635)	Prec@1 97.656 (98.286)	Prec@5 100.000 (100.000)
Epoch: [189][40/391], lr: 0.00000	Loss 0.0499 (0.0620)	Prec@1 98.438 (98.285)	Prec@5 100.000 (100.000)
Epoch: [189][50/391], lr: 0.00000	Loss 0.0509 (0.0617)	Prec@1 98.438 (98.300)	Prec@5 100.000 (100.000)
Epoch: [189][60/391], lr: 0.00000	Loss 0.0461 (0.0601)	Prec@1 97.656 (98.412)	Prec@5 100.000 (100.000)
Epoch: [189][70/391], lr: 0.00000	Loss 0.0523 (0.0594)	Prec@1 99.219 (98.438)	Prec@5 100.000 (100.000)
Epoch: [189][80/391], lr: 0.00000	Loss 0.0334 (0.0591)	Prec@1 100.000 (98.447)	Prec@5 100.000 (100.000)
Epoch: [189][90/391], lr: 0.00000	Loss 0.0536 (0.0598)	Prec@1 97.656 (98.403)	Prec@5 100.000 (100.000)
Epoch: [189][100/391], lr: 0.00000	Loss 0.0313 (0.0605)	Prec@1 99.219 (98.368)	Prec@5 100.000 (100.000)
Epoch: [189][110/391], lr: 0.00000	Loss 0.0505 (0.0599)	Prec@1 99.219 (98.430)	Prec@5 100.000 (100.000)
Epoch: [189][120/391], lr: 0.00000	Loss 0.0523 (0.0595)	Prec@1 99.219 (98.450)	Prec@5 100.000 (100.000)
Epoch: [189][130/391], lr: 0.00000	Loss 0.1054 (0.0600)	Prec@1 97.656 (98.455)	Prec@5 100.000 (99.994)
Epoch: [189][140/391], lr: 0.00000	Loss 0.0342 (0.0597)	Prec@1 100.000 (98.476)	Prec@5 100.000 (99.994)
Epoch: [189][150/391], lr: 0.00000	Loss 0.0470 (0.0601)	Prec@1 99.219 (98.479)	Prec@5 100.000 (99.995)
Epoch: [189][160/391], lr: 0.00000	Loss 0.0878 (0.0601)	Prec@1 97.656 (98.481)	Prec@5 100.000 (99.995)
Epoch: [189][170/391], lr: 0.00000	Loss 0.0591 (0.0602)	Prec@1 97.656 (98.451)	Prec@5 100.000 (99.995)
Epoch: [189][180/391], lr: 0.00000	Loss 0.0530 (0.0596)	Prec@1 99.219 (98.468)	Prec@5 100.000 (99.996)
Epoch: [189][190/391], lr: 0.00000	Loss 0.0324 (0.0592)	Prec@1 99.219 (98.491)	Prec@5 100.000 (99.992)
Epoch: [189][200/391], lr: 0.00000	Loss 0.1158 (0.0591)	Prec@1 95.312 (98.484)	Prec@5 100.000 (99.992)
Epoch: [189][210/391], lr: 0.00000	Loss 0.0341 (0.0591)	Prec@1 98.438 (98.475)	Prec@5 100.000 (99.993)
Epoch: [189][220/391], lr: 0.00000	Loss 0.0281 (0.0590)	Prec@1 100.000 (98.452)	Prec@5 100.000 (99.993)
Epoch: [189][230/391], lr: 0.00000	Loss 0.0284 (0.0590)	Prec@1 100.000 (98.465)	Prec@5 100.000 (99.993)
Epoch: [189][240/391], lr: 0.00000	Loss 0.0905 (0.0592)	Prec@1 96.875 (98.454)	Prec@5 100.000 (99.994)
Epoch: [189][250/391], lr: 0.00000	Loss 0.0304 (0.0590)	Prec@1 100.000 (98.484)	Prec@5 100.000 (99.994)
Epoch: [189][260/391], lr: 0.00000	Loss 0.0435 (0.0587)	Prec@1 98.438 (98.491)	Prec@5 100.000 (99.994)
Epoch: [189][270/391], lr: 0.00000	Loss 0.0354 (0.0588)	Prec@1 99.219 (98.478)	Prec@5 100.000 (99.994)
Epoch: [189][280/391], lr: 0.00000	Loss 0.0676 (0.0590)	Prec@1 96.875 (98.463)	Prec@5 100.000 (99.994)
Epoch: [189][290/391], lr: 0.00000	Loss 0.0360 (0.0588)	Prec@1 99.219 (98.470)	Prec@5 100.000 (99.995)
Epoch: [189][300/391], lr: 0.00000	Loss 0.0403 (0.0588)	Prec@1 98.438 (98.469)	Prec@5 100.000 (99.995)
Epoch: [189][310/391], lr: 0.00000	Loss 0.1700 (0.0592)	Prec@1 97.656 (98.473)	Prec@5 100.000 (99.992)
Epoch: [189][320/391], lr: 0.00000	Loss 0.0303 (0.0589)	Prec@1 100.000 (98.479)	Prec@5 100.000 (99.993)
Epoch: [189][330/391], lr: 0.00000	Loss 0.0765 (0.0585)	Prec@1 97.656 (98.499)	Prec@5 100.000 (99.993)
Epoch: [189][340/391], lr: 0.00000	Loss 0.0351 (0.0583)	Prec@1 98.438 (98.504)	Prec@5 100.000 (99.993)
Epoch: [189][350/391], lr: 0.00000	Loss 0.0535 (0.0580)	Prec@1 99.219 (98.511)	Prec@5 100.000 (99.993)
Epoch: [189][360/391], lr: 0.00000	Loss 0.0755 (0.0581)	Prec@1 97.656 (98.505)	Prec@5 100.000 (99.994)
Epoch: [189][370/391], lr: 0.00000	Loss 0.0366 (0.0577)	Prec@1 99.219 (98.526)	Prec@5 100.000 (99.994)
Epoch: [189][380/391], lr: 0.00000	Loss 0.1024 (0.0577)	Prec@1 99.219 (98.540)	Prec@5 99.219 (99.992)
Epoch: [189][390/391], lr: 0.00000	Loss 0.0966 (0.0576)	Prec@1 96.250 (98.542)	Prec@5 100.000 (99.992)
Epoch [189] Training Results: Prec@1 98.542 Prec@5 99.992             Loss 0.05762
Epoch [189] Training Class Recall: [0.952,0.962,0.972,0.985,0.994,0.998,0.998,0.998,0.997,1.000]

Epoch: [190][0/391], lr: 0.00000	Loss 0.0392 (0.0392)	Prec@1 99.219 (99.219)	Prec@5 100.000 (100.000)
Epoch: [190][10/391], lr: 0.00000	Loss 0.0657 (0.0689)	Prec@1 98.438 (97.940)	Prec@5 100.000 (100.000)
Epoch: [190][20/391], lr: 0.00000	Loss 0.0458 (0.0657)	Prec@1 99.219 (98.177)	Prec@5 100.000 (100.000)
Epoch: [190][30/391], lr: 0.00000	Loss 0.0994 (0.0611)	Prec@1 98.438 (98.438)	Prec@5 100.000 (100.000)
Epoch: [190][40/391], lr: 0.00000	Loss 0.0420 (0.0608)	Prec@1 99.219 (98.438)	Prec@5 100.000 (99.981)
Epoch: [190][50/391], lr: 0.00000	Loss 0.0522 (0.0623)	Prec@1 98.438 (98.407)	Prec@5 100.000 (99.985)
Epoch: [190][60/391], lr: 0.00000	Loss 0.0525 (0.0597)	Prec@1 98.438 (98.502)	Prec@5 100.000 (99.987)
Epoch: [190][70/391], lr: 0.00000	Loss 0.0775 (0.0608)	Prec@1 98.438 (98.449)	Prec@5 100.000 (99.989)
Epoch: [190][80/391], lr: 0.00000	Loss 0.0607 (0.0610)	Prec@1 97.656 (98.418)	Prec@5 100.000 (99.990)
Epoch: [190][90/391], lr: 0.00000	Loss 0.0404 (0.0611)	Prec@1 99.219 (98.403)	Prec@5 100.000 (99.991)
Epoch: [190][100/391], lr: 0.00000	Loss 0.0479 (0.0605)	Prec@1 99.219 (98.407)	Prec@5 100.000 (99.992)
Epoch: [190][110/391], lr: 0.00000	Loss 0.0578 (0.0603)	Prec@1 98.438 (98.430)	Prec@5 100.000 (99.993)
Epoch: [190][120/391], lr: 0.00000	Loss 0.0231 (0.0593)	Prec@1 100.000 (98.496)	Prec@5 100.000 (99.994)
Epoch: [190][130/391], lr: 0.00000	Loss 0.0876 (0.0602)	Prec@1 96.094 (98.438)	Prec@5 100.000 (99.994)
Epoch: [190][140/391], lr: 0.00000	Loss 0.0311 (0.0593)	Prec@1 100.000 (98.443)	Prec@5 100.000 (99.994)
Epoch: [190][150/391], lr: 0.00000	Loss 0.0492 (0.0594)	Prec@1 100.000 (98.458)	Prec@5 100.000 (99.995)
Epoch: [190][160/391], lr: 0.00000	Loss 0.0577 (0.0593)	Prec@1 99.219 (98.447)	Prec@5 100.000 (99.990)
Epoch: [190][170/391], lr: 0.00000	Loss 0.0325 (0.0591)	Prec@1 99.219 (98.447)	Prec@5 100.000 (99.991)
Epoch: [190][180/391], lr: 0.00000	Loss 0.0246 (0.0584)	Prec@1 100.000 (98.485)	Prec@5 100.000 (99.991)
Epoch: [190][190/391], lr: 0.00000	Loss 0.0469 (0.0576)	Prec@1 98.438 (98.519)	Prec@5 100.000 (99.992)
Epoch: [190][200/391], lr: 0.00000	Loss 0.0705 (0.0580)	Prec@1 96.875 (98.507)	Prec@5 100.000 (99.988)
Epoch: [190][210/391], lr: 0.00000	Loss 0.0565 (0.0577)	Prec@1 96.875 (98.523)	Prec@5 100.000 (99.989)
Epoch: [190][220/391], lr: 0.00000	Loss 0.0617 (0.0570)	Prec@1 98.438 (98.540)	Prec@5 100.000 (99.989)
Epoch: [190][230/391], lr: 0.00000	Loss 0.0662 (0.0579)	Prec@1 98.438 (98.502)	Prec@5 100.000 (99.990)
Epoch: [190][240/391], lr: 0.00000	Loss 0.0401 (0.0578)	Prec@1 100.000 (98.525)	Prec@5 100.000 (99.990)
Epoch: [190][250/391], lr: 0.00000	Loss 0.0402 (0.0574)	Prec@1 100.000 (98.543)	Prec@5 100.000 (99.991)
Epoch: [190][260/391], lr: 0.00000	Loss 0.0674 (0.0572)	Prec@1 97.656 (98.548)	Prec@5 100.000 (99.991)
Epoch: [190][270/391], lr: 0.00000	Loss 0.0331 (0.0570)	Prec@1 100.000 (98.553)	Prec@5 100.000 (99.991)
Epoch: [190][280/391], lr: 0.00000	Loss 0.1150 (0.0575)	Prec@1 97.656 (98.546)	Prec@5 100.000 (99.992)
Epoch: [190][290/391], lr: 0.00000	Loss 0.1085 (0.0577)	Prec@1 97.656 (98.548)	Prec@5 100.000 (99.992)
Epoch: [190][300/391], lr: 0.00000	Loss 0.0562 (0.0578)	Prec@1 98.438 (98.515)	Prec@5 100.000 (99.992)
Epoch: [190][310/391], lr: 0.00000	Loss 0.0155 (0.0578)	Prec@1 100.000 (98.518)	Prec@5 100.000 (99.992)
Epoch: [190][320/391], lr: 0.00000	Loss 0.0306 (0.0574)	Prec@1 99.219 (98.530)	Prec@5 100.000 (99.993)
Epoch: [190][330/391], lr: 0.00000	Loss 0.0556 (0.0575)	Prec@1 99.219 (98.527)	Prec@5 100.000 (99.993)
Epoch: [190][340/391], lr: 0.00000	Loss 0.0392 (0.0577)	Prec@1 100.000 (98.522)	Prec@5 100.000 (99.993)
Epoch: [190][350/391], lr: 0.00000	Loss 0.0499 (0.0578)	Prec@1 99.219 (98.518)	Prec@5 100.000 (99.993)
Epoch: [190][360/391], lr: 0.00000	Loss 0.0719 (0.0581)	Prec@1 98.438 (98.515)	Prec@5 100.000 (99.994)
Epoch: [190][370/391], lr: 0.00000	Loss 0.0545 (0.0582)	Prec@1 98.438 (98.494)	Prec@5 100.000 (99.994)
Epoch: [190][380/391], lr: 0.00000	Loss 0.0604 (0.0585)	Prec@1 99.219 (98.487)	Prec@5 100.000 (99.994)
Epoch: [190][390/391], lr: 0.00000	Loss 0.1030 (0.0589)	Prec@1 97.500 (98.470)	Prec@5 98.750 (99.992)
Epoch [190] Training Results: Prec@1 98.470 Prec@5 99.992             Loss 0.05888
Epoch [190] Training Class Recall: [0.949,0.961,0.970,0.986,0.993,0.995,0.998,0.997,0.998,0.999]

Epoch: [191][0/391], lr: 0.00000	Loss 0.1331 (0.1331)	Prec@1 96.094 (96.094)	Prec@5 100.000 (100.000)
Epoch: [191][10/391], lr: 0.00000	Loss 0.0518 (0.0625)	Prec@1 98.438 (98.295)	Prec@5 100.000 (100.000)
Epoch: [191][20/391], lr: 0.00000	Loss 0.0560 (0.0598)	Prec@1 99.219 (98.438)	Prec@5 100.000 (99.963)
Epoch: [191][30/391], lr: 0.00000	Loss 0.0791 (0.0616)	Prec@1 98.438 (98.311)	Prec@5 100.000 (99.975)
Epoch: [191][40/391], lr: 0.00000	Loss 0.0390 (0.0577)	Prec@1 99.219 (98.380)	Prec@5 100.000 (99.981)
Epoch: [191][50/391], lr: 0.00000	Loss 0.0182 (0.0561)	Prec@1 100.000 (98.468)	Prec@5 100.000 (99.985)
Epoch: [191][60/391], lr: 0.00000	Loss 0.0352 (0.0584)	Prec@1 99.219 (98.450)	Prec@5 100.000 (99.987)
Epoch: [191][70/391], lr: 0.00000	Loss 0.0302 (0.0566)	Prec@1 100.000 (98.515)	Prec@5 100.000 (99.989)
Epoch: [191][80/391], lr: 0.00000	Loss 0.0840 (0.0583)	Prec@1 97.656 (98.466)	Prec@5 100.000 (99.981)
Epoch: [191][90/391], lr: 0.00000	Loss 0.0754 (0.0582)	Prec@1 96.875 (98.455)	Prec@5 100.000 (99.983)
Epoch: [191][100/391], lr: 0.00000	Loss 0.0300 (0.0580)	Prec@1 100.000 (98.438)	Prec@5 100.000 (99.985)
Epoch: [191][110/391], lr: 0.00000	Loss 0.0267 (0.0573)	Prec@1 100.000 (98.473)	Prec@5 100.000 (99.986)
Epoch: [191][120/391], lr: 0.00000	Loss 0.0711 (0.0580)	Prec@1 96.875 (98.450)	Prec@5 100.000 (99.987)
Epoch: [191][130/391], lr: 0.00000	Loss 0.0732 (0.0584)	Prec@1 98.438 (98.438)	Prec@5 100.000 (99.988)
Epoch: [191][140/391], lr: 0.00000	Loss 0.0676 (0.0586)	Prec@1 97.656 (98.454)	Prec@5 100.000 (99.989)
Epoch: [191][150/391], lr: 0.00000	Loss 0.0588 (0.0587)	Prec@1 99.219 (98.469)	Prec@5 100.000 (99.990)
Epoch: [191][160/391], lr: 0.00000	Loss 0.0863 (0.0596)	Prec@1 97.656 (98.438)	Prec@5 100.000 (99.990)
Epoch: [191][170/391], lr: 0.00000	Loss 0.0667 (0.0601)	Prec@1 97.656 (98.438)	Prec@5 100.000 (99.991)
Epoch: [191][180/391], lr: 0.00000	Loss 0.0881 (0.0593)	Prec@1 97.656 (98.472)	Prec@5 100.000 (99.991)
Epoch: [191][190/391], lr: 0.00000	Loss 0.0690 (0.0593)	Prec@1 97.656 (98.466)	Prec@5 100.000 (99.992)
Epoch: [191][200/391], lr: 0.00000	Loss 0.0250 (0.0586)	Prec@1 100.000 (98.488)	Prec@5 100.000 (99.992)
Epoch: [191][210/391], lr: 0.00000	Loss 0.1111 (0.0586)	Prec@1 97.656 (98.489)	Prec@5 100.000 (99.993)
Epoch: [191][220/391], lr: 0.00000	Loss 0.0395 (0.0591)	Prec@1 98.438 (98.469)	Prec@5 100.000 (99.993)
Epoch: [191][230/391], lr: 0.00000	Loss 0.0573 (0.0596)	Prec@1 96.875 (98.441)	Prec@5 100.000 (99.990)
Epoch: [191][240/391], lr: 0.00000	Loss 0.0763 (0.0598)	Prec@1 97.656 (98.418)	Prec@5 100.000 (99.990)
Epoch: [191][250/391], lr: 0.00000	Loss 0.0314 (0.0593)	Prec@1 98.438 (98.444)	Prec@5 100.000 (99.988)
Epoch: [191][260/391], lr: 0.00000	Loss 0.0794 (0.0595)	Prec@1 98.438 (98.435)	Prec@5 100.000 (99.988)
Epoch: [191][270/391], lr: 0.00000	Loss 0.0373 (0.0592)	Prec@1 99.219 (98.435)	Prec@5 100.000 (99.988)
Epoch: [191][280/391], lr: 0.00000	Loss 0.0287 (0.0591)	Prec@1 100.000 (98.440)	Prec@5 100.000 (99.989)
Epoch: [191][290/391], lr: 0.00000	Loss 0.0588 (0.0590)	Prec@1 97.656 (98.451)	Prec@5 100.000 (99.989)
Epoch: [191][300/391], lr: 0.00000	Loss 0.0453 (0.0591)	Prec@1 98.438 (98.438)	Prec@5 100.000 (99.990)
Epoch: [191][310/391], lr: 0.00000	Loss 0.0571 (0.0590)	Prec@1 99.219 (98.443)	Prec@5 100.000 (99.987)
Epoch: [191][320/391], lr: 0.00000	Loss 0.0656 (0.0587)	Prec@1 97.656 (98.450)	Prec@5 100.000 (99.985)
Epoch: [191][330/391], lr: 0.00000	Loss 0.0466 (0.0589)	Prec@1 99.219 (98.447)	Prec@5 100.000 (99.986)
Epoch: [191][340/391], lr: 0.00000	Loss 0.0339 (0.0587)	Prec@1 100.000 (98.456)	Prec@5 100.000 (99.986)
Epoch: [191][350/391], lr: 0.00000	Loss 0.0299 (0.0584)	Prec@1 99.219 (98.469)	Prec@5 100.000 (99.984)
Epoch: [191][360/391], lr: 0.00000	Loss 0.0333 (0.0586)	Prec@1 99.219 (98.463)	Prec@5 100.000 (99.983)
Epoch: [191][370/391], lr: 0.00000	Loss 0.0480 (0.0588)	Prec@1 98.438 (98.452)	Prec@5 100.000 (99.981)
Epoch: [191][380/391], lr: 0.00000	Loss 0.0484 (0.0589)	Prec@1 98.438 (98.446)	Prec@5 100.000 (99.982)
Epoch: [191][390/391], lr: 0.00000	Loss 0.1112 (0.0586)	Prec@1 96.250 (98.458)	Prec@5 100.000 (99.982)
Epoch [191] Training Results: Prec@1 98.458 Prec@5 99.982             Loss 0.05863
Epoch [191] Training Class Recall: [0.949,0.964,0.966,0.986,0.991,0.996,0.999,0.998,0.998,0.999]

Epoch: [192][0/391], lr: 0.00000	Loss 0.0623 (0.0623)	Prec@1 97.656 (97.656)	Prec@5 100.000 (100.000)
Epoch: [192][10/391], lr: 0.00000	Loss 0.0311 (0.0584)	Prec@1 100.000 (98.153)	Prec@5 100.000 (100.000)
Epoch: [192][20/391], lr: 0.00000	Loss 0.0935 (0.0583)	Prec@1 97.656 (98.289)	Prec@5 100.000 (100.000)
Epoch: [192][30/391], lr: 0.00000	Loss 0.1100 (0.0622)	Prec@1 96.875 (98.034)	Prec@5 99.219 (99.950)
Epoch: [192][40/391], lr: 0.00000	Loss 0.0317 (0.0581)	Prec@1 100.000 (98.266)	Prec@5 100.000 (99.962)
Epoch: [192][50/391], lr: 0.00000	Loss 0.0530 (0.0577)	Prec@1 99.219 (98.392)	Prec@5 100.000 (99.969)
Epoch: [192][60/391], lr: 0.00000	Loss 0.0457 (0.0571)	Prec@1 97.656 (98.450)	Prec@5 100.000 (99.974)
Epoch: [192][70/391], lr: 0.00000	Loss 0.0671 (0.0576)	Prec@1 98.438 (98.449)	Prec@5 100.000 (99.978)
Epoch: [192][80/391], lr: 0.00000	Loss 0.0509 (0.0576)	Prec@1 97.656 (98.438)	Prec@5 100.000 (99.981)
Epoch: [192][90/391], lr: 0.00000	Loss 0.0221 (0.0568)	Prec@1 100.000 (98.498)	Prec@5 100.000 (99.983)
Epoch: [192][100/391], lr: 0.00000	Loss 0.0500 (0.0568)	Prec@1 99.219 (98.515)	Prec@5 100.000 (99.985)
Epoch: [192][110/391], lr: 0.00000	Loss 0.0219 (0.0582)	Prec@1 100.000 (98.459)	Prec@5 100.000 (99.986)
Epoch: [192][120/391], lr: 0.00000	Loss 0.0361 (0.0592)	Prec@1 100.000 (98.412)	Prec@5 100.000 (99.987)
Epoch: [192][130/391], lr: 0.00000	Loss 0.0491 (0.0593)	Prec@1 99.219 (98.420)	Prec@5 100.000 (99.988)
Epoch: [192][140/391], lr: 0.00000	Loss 0.0448 (0.0588)	Prec@1 99.219 (98.432)	Prec@5 100.000 (99.989)
Epoch: [192][150/391], lr: 0.00000	Loss 0.0479 (0.0583)	Prec@1 98.438 (98.448)	Prec@5 100.000 (99.990)
Epoch: [192][160/391], lr: 0.00000	Loss 0.0669 (0.0585)	Prec@1 97.656 (98.462)	Prec@5 100.000 (99.990)
Epoch: [192][170/391], lr: 0.00000	Loss 0.0551 (0.0580)	Prec@1 99.219 (98.488)	Prec@5 100.000 (99.991)
Epoch: [192][180/391], lr: 0.00000	Loss 0.0905 (0.0583)	Prec@1 97.656 (98.476)	Prec@5 100.000 (99.991)
Epoch: [192][190/391], lr: 0.00000	Loss 0.0684 (0.0582)	Prec@1 98.438 (98.491)	Prec@5 100.000 (99.992)
Epoch: [192][200/391], lr: 0.00000	Loss 0.0457 (0.0580)	Prec@1 99.219 (98.484)	Prec@5 100.000 (99.992)
Epoch: [192][210/391], lr: 0.00000	Loss 0.0790 (0.0582)	Prec@1 96.875 (98.475)	Prec@5 100.000 (99.993)
Epoch: [192][220/391], lr: 0.00000	Loss 0.0583 (0.0584)	Prec@1 98.438 (98.469)	Prec@5 100.000 (99.993)
Epoch: [192][230/391], lr: 0.00000	Loss 0.0732 (0.0590)	Prec@1 98.438 (98.444)	Prec@5 100.000 (99.993)
Epoch: [192][240/391], lr: 0.00000	Loss 0.0438 (0.0589)	Prec@1 99.219 (98.441)	Prec@5 100.000 (99.994)
Epoch: [192][250/391], lr: 0.00000	Loss 0.0726 (0.0593)	Prec@1 97.656 (98.428)	Prec@5 100.000 (99.994)
Epoch: [192][260/391], lr: 0.00000	Loss 0.0604 (0.0591)	Prec@1 97.656 (98.432)	Prec@5 100.000 (99.994)
Epoch: [192][270/391], lr: 0.00000	Loss 0.0586 (0.0592)	Prec@1 97.656 (98.440)	Prec@5 100.000 (99.994)
Epoch: [192][280/391], lr: 0.00000	Loss 0.0521 (0.0594)	Prec@1 98.438 (98.432)	Prec@5 100.000 (99.994)
Epoch: [192][290/391], lr: 0.00000	Loss 0.0688 (0.0594)	Prec@1 97.656 (98.435)	Prec@5 100.000 (99.995)
Epoch: [192][300/391], lr: 0.00000	Loss 0.0323 (0.0596)	Prec@1 99.219 (98.417)	Prec@5 100.000 (99.995)
Epoch: [192][310/391], lr: 0.00000	Loss 0.0456 (0.0595)	Prec@1 99.219 (98.417)	Prec@5 100.000 (99.995)
Epoch: [192][320/391], lr: 0.00000	Loss 0.0808 (0.0596)	Prec@1 96.875 (98.413)	Prec@5 100.000 (99.993)
Epoch: [192][330/391], lr: 0.00000	Loss 0.0452 (0.0596)	Prec@1 98.438 (98.423)	Prec@5 100.000 (99.993)
Epoch: [192][340/391], lr: 0.00000	Loss 0.0490 (0.0596)	Prec@1 99.219 (98.435)	Prec@5 100.000 (99.993)
Epoch: [192][350/391], lr: 0.00000	Loss 0.0689 (0.0596)	Prec@1 98.438 (98.442)	Prec@5 100.000 (99.993)
Epoch: [192][360/391], lr: 0.00000	Loss 0.0851 (0.0599)	Prec@1 97.656 (98.429)	Prec@5 100.000 (99.994)
Epoch: [192][370/391], lr: 0.00000	Loss 0.0606 (0.0598)	Prec@1 98.438 (98.433)	Prec@5 99.219 (99.992)
Epoch: [192][380/391], lr: 0.00000	Loss 0.0648 (0.0595)	Prec@1 99.219 (98.448)	Prec@5 100.000 (99.992)
Epoch: [192][390/391], lr: 0.00000	Loss 0.1234 (0.0596)	Prec@1 97.500 (98.452)	Prec@5 100.000 (99.992)
Epoch [192] Training Results: Prec@1 98.452 Prec@5 99.992             Loss 0.05957
Epoch [192] Training Class Recall: [0.951,0.961,0.965,0.987,0.992,0.995,0.999,0.998,0.999,0.999]

Epoch: [193][0/391], lr: 0.00000	Loss 0.0286 (0.0286)	Prec@1 100.000 (100.000)	Prec@5 100.000 (100.000)
Epoch: [193][10/391], lr: 0.00000	Loss 0.0804 (0.0543)	Prec@1 98.438 (98.793)	Prec@5 100.000 (100.000)
Epoch: [193][20/391], lr: 0.00000	Loss 0.0637 (0.0556)	Prec@1 97.656 (98.772)	Prec@5 100.000 (100.000)
Epoch: [193][30/391], lr: 0.00000	Loss 0.0502 (0.0594)	Prec@1 98.438 (98.538)	Prec@5 100.000 (100.000)
Epoch: [193][40/391], lr: 0.00000	Loss 0.0315 (0.0598)	Prec@1 99.219 (98.476)	Prec@5 100.000 (100.000)
Epoch: [193][50/391], lr: 0.00000	Loss 0.0623 (0.0577)	Prec@1 98.438 (98.560)	Prec@5 100.000 (100.000)
Epoch: [193][60/391], lr: 0.00000	Loss 0.0465 (0.0585)	Prec@1 99.219 (98.502)	Prec@5 100.000 (100.000)
Epoch: [193][70/391], lr: 0.00000	Loss 0.0383 (0.0573)	Prec@1 100.000 (98.603)	Prec@5 100.000 (100.000)
Epoch: [193][80/391], lr: 0.00000	Loss 0.0669 (0.0576)	Prec@1 97.656 (98.553)	Prec@5 100.000 (100.000)
Epoch: [193][90/391], lr: 0.00000	Loss 0.0338 (0.0577)	Prec@1 99.219 (98.541)	Prec@5 100.000 (100.000)
Epoch: [193][100/391], lr: 0.00000	Loss 0.0338 (0.0572)	Prec@1 99.219 (98.577)	Prec@5 100.000 (100.000)
Epoch: [193][110/391], lr: 0.00000	Loss 0.0639 (0.0573)	Prec@1 99.219 (98.599)	Prec@5 100.000 (99.993)
Epoch: [193][120/391], lr: 0.00000	Loss 0.0574 (0.0580)	Prec@1 98.438 (98.554)	Prec@5 100.000 (99.994)
Epoch: [193][130/391], lr: 0.00000	Loss 0.1171 (0.0593)	Prec@1 97.656 (98.503)	Prec@5 100.000 (99.994)
Epoch: [193][140/391], lr: 0.00000	Loss 0.0754 (0.0589)	Prec@1 96.875 (98.487)	Prec@5 100.000 (99.994)
Epoch: [193][150/391], lr: 0.00000	Loss 0.0588 (0.0592)	Prec@1 99.219 (98.453)	Prec@5 100.000 (99.990)
Epoch: [193][160/391], lr: 0.00000	Loss 0.1339 (0.0593)	Prec@1 96.094 (98.462)	Prec@5 100.000 (99.990)
Epoch: [193][170/391], lr: 0.00000	Loss 0.0421 (0.0589)	Prec@1 100.000 (98.492)	Prec@5 100.000 (99.986)
Epoch: [193][180/391], lr: 0.00000	Loss 0.1069 (0.0590)	Prec@1 96.875 (98.498)	Prec@5 100.000 (99.987)
Epoch: [193][190/391], lr: 0.00000	Loss 0.0779 (0.0588)	Prec@1 96.875 (98.503)	Prec@5 100.000 (99.988)
Epoch: [193][200/391], lr: 0.00000	Loss 0.0308 (0.0591)	Prec@1 100.000 (98.496)	Prec@5 100.000 (99.984)
Epoch: [193][210/391], lr: 0.00000	Loss 0.0503 (0.0590)	Prec@1 99.219 (98.504)	Prec@5 100.000 (99.985)
Epoch: [193][220/391], lr: 0.00000	Loss 0.0601 (0.0594)	Prec@1 98.438 (98.494)	Prec@5 100.000 (99.982)
Epoch: [193][230/391], lr: 0.00000	Loss 0.0856 (0.0595)	Prec@1 96.875 (98.485)	Prec@5 100.000 (99.976)
Epoch: [193][240/391], lr: 0.00000	Loss 0.0600 (0.0596)	Prec@1 98.438 (98.483)	Prec@5 100.000 (99.974)
Epoch: [193][250/391], lr: 0.00000	Loss 0.0366 (0.0596)	Prec@1 98.438 (98.478)	Prec@5 100.000 (99.975)
Epoch: [193][260/391], lr: 0.00000	Loss 0.0605 (0.0589)	Prec@1 98.438 (98.500)	Prec@5 100.000 (99.976)
Epoch: [193][270/391], lr: 0.00000	Loss 0.0442 (0.0593)	Prec@1 100.000 (98.501)	Prec@5 100.000 (99.974)
Epoch: [193][280/391], lr: 0.00000	Loss 0.0358 (0.0593)	Prec@1 99.219 (98.501)	Prec@5 100.000 (99.975)
Epoch: [193][290/391], lr: 0.00000	Loss 0.0580 (0.0596)	Prec@1 97.656 (98.494)	Prec@5 100.000 (99.976)
Epoch: [193][300/391], lr: 0.00000	Loss 0.0502 (0.0598)	Prec@1 99.219 (98.500)	Prec@5 100.000 (99.974)
Epoch: [193][310/391], lr: 0.00000	Loss 0.0653 (0.0598)	Prec@1 99.219 (98.500)	Prec@5 100.000 (99.975)
Epoch: [193][320/391], lr: 0.00000	Loss 0.0517 (0.0597)	Prec@1 98.438 (98.506)	Prec@5 100.000 (99.976)
Epoch: [193][330/391], lr: 0.00000	Loss 0.0484 (0.0595)	Prec@1 99.219 (98.520)	Prec@5 100.000 (99.976)
Epoch: [193][340/391], lr: 0.00000	Loss 0.0802 (0.0599)	Prec@1 97.656 (98.506)	Prec@5 100.000 (99.975)
Epoch: [193][350/391], lr: 0.00000	Loss 0.0387 (0.0598)	Prec@1 99.219 (98.511)	Prec@5 100.000 (99.976)
Epoch: [193][360/391], lr: 0.00000	Loss 0.0377 (0.0601)	Prec@1 100.000 (98.509)	Prec@5 100.000 (99.974)
Epoch: [193][370/391], lr: 0.00000	Loss 0.0339 (0.0602)	Prec@1 100.000 (98.507)	Prec@5 100.000 (99.975)
Epoch: [193][380/391], lr: 0.00000	Loss 0.0206 (0.0600)	Prec@1 100.000 (98.511)	Prec@5 100.000 (99.975)
Epoch: [193][390/391], lr: 0.00000	Loss 0.0487 (0.0596)	Prec@1 98.750 (98.524)	Prec@5 100.000 (99.976)
Epoch [193] Training Results: Prec@1 98.524 Prec@5 99.976             Loss 0.05960
Epoch [193] Training Class Recall: [0.954,0.960,0.969,0.984,0.994,0.997,0.999,0.998,0.998,1.000]

Epoch: [194][0/391], lr: 0.00000	Loss 0.0670 (0.0670)	Prec@1 99.219 (99.219)	Prec@5 100.000 (100.000)
Epoch: [194][10/391], lr: 0.00000	Loss 0.0358 (0.0542)	Prec@1 99.219 (98.509)	Prec@5 100.000 (100.000)
Epoch: [194][20/391], lr: 0.00000	Loss 0.0288 (0.0507)	Prec@1 99.219 (98.661)	Prec@5 100.000 (100.000)
Epoch: [194][30/391], lr: 0.00000	Loss 0.0871 (0.0522)	Prec@1 97.656 (98.664)	Prec@5 100.000 (100.000)
Epoch: [194][40/391], lr: 0.00000	Loss 0.0787 (0.0535)	Prec@1 96.094 (98.628)	Prec@5 100.000 (100.000)
Epoch: [194][50/391], lr: 0.00000	Loss 0.0551 (0.0551)	Prec@1 98.438 (98.529)	Prec@5 100.000 (100.000)
Epoch: [194][60/391], lr: 0.00000	Loss 0.0502 (0.0578)	Prec@1 98.438 (98.425)	Prec@5 100.000 (100.000)
Epoch: [194][70/391], lr: 0.00000	Loss 0.0226 (0.0570)	Prec@1 100.000 (98.460)	Prec@5 100.000 (100.000)
Epoch: [194][80/391], lr: 0.00000	Loss 0.0579 (0.0577)	Prec@1 98.438 (98.466)	Prec@5 100.000 (100.000)
Epoch: [194][90/391], lr: 0.00000	Loss 0.0845 (0.0577)	Prec@1 98.438 (98.472)	Prec@5 100.000 (100.000)
Epoch: [194][100/391], lr: 0.00000	Loss 0.1202 (0.0574)	Prec@1 94.531 (98.453)	Prec@5 100.000 (100.000)
Epoch: [194][110/391], lr: 0.00000	Loss 0.0778 (0.0580)	Prec@1 97.656 (98.430)	Prec@5 100.000 (100.000)
Epoch: [194][120/391], lr: 0.00000	Loss 0.0423 (0.0587)	Prec@1 100.000 (98.437)	Prec@5 100.000 (99.994)
Epoch: [194][130/391], lr: 0.00000	Loss 0.0494 (0.0580)	Prec@1 99.219 (98.473)	Prec@5 100.000 (99.994)
Epoch: [194][140/391], lr: 0.00000	Loss 0.0691 (0.0585)	Prec@1 98.438 (98.471)	Prec@5 100.000 (99.994)
Epoch: [194][150/391], lr: 0.00000	Loss 0.0412 (0.0583)	Prec@1 98.438 (98.463)	Prec@5 100.000 (99.990)
Epoch: [194][160/391], lr: 0.00000	Loss 0.0511 (0.0579)	Prec@1 99.219 (98.496)	Prec@5 100.000 (99.990)
Epoch: [194][170/391], lr: 0.00000	Loss 0.1008 (0.0584)	Prec@1 97.656 (98.497)	Prec@5 98.438 (99.982)
Epoch: [194][180/391], lr: 0.00000	Loss 0.0683 (0.0588)	Prec@1 98.438 (98.502)	Prec@5 100.000 (99.983)
Epoch: [194][190/391], lr: 0.00000	Loss 0.0446 (0.0583)	Prec@1 99.219 (98.515)	Prec@5 100.000 (99.984)
Epoch: [194][200/391], lr: 0.00000	Loss 0.0513 (0.0581)	Prec@1 99.219 (98.507)	Prec@5 100.000 (99.984)
Epoch: [194][210/391], lr: 0.00000	Loss 0.0872 (0.0585)	Prec@1 96.875 (98.508)	Prec@5 100.000 (99.985)
Epoch: [194][220/391], lr: 0.00000	Loss 0.0659 (0.0585)	Prec@1 98.438 (98.515)	Prec@5 100.000 (99.986)
Epoch: [194][230/391], lr: 0.00000	Loss 0.0492 (0.0586)	Prec@1 99.219 (98.498)	Prec@5 100.000 (99.986)
Epoch: [194][240/391], lr: 0.00000	Loss 0.0617 (0.0587)	Prec@1 97.656 (98.480)	Prec@5 100.000 (99.987)
Epoch: [194][250/391], lr: 0.00000	Loss 0.0416 (0.0593)	Prec@1 99.219 (98.469)	Prec@5 100.000 (99.988)
Epoch: [194][260/391], lr: 0.00000	Loss 0.0527 (0.0593)	Prec@1 98.438 (98.455)	Prec@5 100.000 (99.988)
Epoch: [194][270/391], lr: 0.00000	Loss 0.0514 (0.0598)	Prec@1 99.219 (98.461)	Prec@5 100.000 (99.988)
Epoch: [194][280/391], lr: 0.00000	Loss 0.0500 (0.0592)	Prec@1 98.438 (98.485)	Prec@5 100.000 (99.989)
Epoch: [194][290/391], lr: 0.00000	Loss 0.0617 (0.0596)	Prec@1 97.656 (98.456)	Prec@5 100.000 (99.989)
Epoch: [194][300/391], lr: 0.00000	Loss 0.0803 (0.0594)	Prec@1 97.656 (98.466)	Prec@5 100.000 (99.990)
Epoch: [194][310/391], lr: 0.00000	Loss 0.0596 (0.0601)	Prec@1 96.875 (98.432)	Prec@5 100.000 (99.990)
Epoch: [194][320/391], lr: 0.00000	Loss 0.0377 (0.0602)	Prec@1 99.219 (98.438)	Prec@5 100.000 (99.990)
Epoch: [194][330/391], lr: 0.00000	Loss 0.0973 (0.0603)	Prec@1 95.312 (98.435)	Prec@5 100.000 (99.991)
Epoch: [194][340/391], lr: 0.00000	Loss 0.0263 (0.0606)	Prec@1 100.000 (98.440)	Prec@5 100.000 (99.989)
Epoch: [194][350/391], lr: 0.00000	Loss 0.0729 (0.0604)	Prec@1 98.438 (98.449)	Prec@5 100.000 (99.989)
Epoch: [194][360/391], lr: 0.00000	Loss 0.0637 (0.0604)	Prec@1 97.656 (98.446)	Prec@5 100.000 (99.989)
Epoch: [194][370/391], lr: 0.00000	Loss 0.0639 (0.0606)	Prec@1 96.875 (98.440)	Prec@5 100.000 (99.987)
Epoch: [194][380/391], lr: 0.00000	Loss 0.0641 (0.0603)	Prec@1 98.438 (98.456)	Prec@5 100.000 (99.988)
Epoch: [194][390/391], lr: 0.00000	Loss 0.1524 (0.0605)	Prec@1 95.000 (98.452)	Prec@5 100.000 (99.988)
Epoch [194] Training Results: Prec@1 98.452 Prec@5 99.988             Loss 0.06047
Epoch [194] Training Class Recall: [0.949,0.961,0.966,0.987,0.992,0.997,0.997,0.998,0.999,0.998]

Epoch: [195][0/391], lr: 0.00000	Loss 0.0505 (0.0505)	Prec@1 99.219 (99.219)	Prec@5 100.000 (100.000)
Epoch: [195][10/391], lr: 0.00000	Loss 0.0573 (0.0549)	Prec@1 97.656 (98.366)	Prec@5 100.000 (99.929)
Epoch: [195][20/391], lr: 0.00000	Loss 0.0625 (0.0622)	Prec@1 97.656 (98.289)	Prec@5 100.000 (99.963)
Epoch: [195][30/391], lr: 0.00000	Loss 0.0603 (0.0568)	Prec@1 99.219 (98.589)	Prec@5 100.000 (99.975)
Epoch: [195][40/391], lr: 0.00000	Loss 0.0631 (0.0581)	Prec@1 98.438 (98.590)	Prec@5 100.000 (99.981)
Epoch: [195][50/391], lr: 0.00000	Loss 0.0474 (0.0568)	Prec@1 98.438 (98.621)	Prec@5 100.000 (99.985)
Epoch: [195][60/391], lr: 0.00000	Loss 0.0198 (0.0574)	Prec@1 100.000 (98.617)	Prec@5 100.000 (99.987)
Epoch: [195][70/391], lr: 0.00000	Loss 0.0405 (0.0570)	Prec@1 99.219 (98.603)	Prec@5 100.000 (99.989)
Epoch: [195][80/391], lr: 0.00000	Loss 0.0374 (0.0574)	Prec@1 99.219 (98.544)	Prec@5 100.000 (99.990)
Epoch: [195][90/391], lr: 0.00000	Loss 0.0327 (0.0575)	Prec@1 99.219 (98.541)	Prec@5 100.000 (99.991)
Epoch: [195][100/391], lr: 0.00000	Loss 0.0721 (0.0574)	Prec@1 99.219 (98.546)	Prec@5 100.000 (99.992)
Epoch: [195][110/391], lr: 0.00000	Loss 0.0307 (0.0562)	Prec@1 100.000 (98.571)	Prec@5 100.000 (99.993)
Epoch: [195][120/391], lr: 0.00000	Loss 0.0470 (0.0565)	Prec@1 99.219 (98.580)	Prec@5 100.000 (99.987)
Epoch: [195][130/391], lr: 0.00000	Loss 0.0637 (0.0567)	Prec@1 98.438 (98.581)	Prec@5 100.000 (99.988)
Epoch: [195][140/391], lr: 0.00000	Loss 0.0865 (0.0571)	Prec@1 98.438 (98.559)	Prec@5 100.000 (99.989)
Epoch: [195][150/391], lr: 0.00000	Loss 0.1077 (0.0576)	Prec@1 96.875 (98.546)	Prec@5 100.000 (99.984)
Epoch: [195][160/391], lr: 0.00000	Loss 0.0295 (0.0577)	Prec@1 100.000 (98.544)	Prec@5 100.000 (99.985)
Epoch: [195][170/391], lr: 0.00000	Loss 0.0370 (0.0581)	Prec@1 99.219 (98.529)	Prec@5 100.000 (99.986)
Epoch: [195][180/391], lr: 0.00000	Loss 0.0662 (0.0581)	Prec@1 99.219 (98.528)	Prec@5 100.000 (99.987)
Epoch: [195][190/391], lr: 0.00000	Loss 0.1170 (0.0583)	Prec@1 96.094 (98.511)	Prec@5 100.000 (99.988)
Epoch: [195][200/391], lr: 0.00000	Loss 0.0647 (0.0579)	Prec@1 97.656 (98.523)	Prec@5 100.000 (99.988)
Epoch: [195][210/391], lr: 0.00000	Loss 0.0938 (0.0581)	Prec@1 96.875 (98.508)	Prec@5 100.000 (99.989)
Epoch: [195][220/391], lr: 0.00000	Loss 0.0374 (0.0583)	Prec@1 98.438 (98.501)	Prec@5 100.000 (99.989)
Epoch: [195][230/391], lr: 0.00000	Loss 0.0509 (0.0579)	Prec@1 97.656 (98.522)	Prec@5 100.000 (99.990)
Epoch: [195][240/391], lr: 0.00000	Loss 0.0885 (0.0582)	Prec@1 98.438 (98.512)	Prec@5 100.000 (99.990)
Epoch: [195][250/391], lr: 0.00000	Loss 0.0710 (0.0580)	Prec@1 97.656 (98.531)	Prec@5 100.000 (99.991)
Epoch: [195][260/391], lr: 0.00000	Loss 0.0759 (0.0590)	Prec@1 96.094 (98.500)	Prec@5 100.000 (99.991)
Epoch: [195][270/391], lr: 0.00000	Loss 0.0356 (0.0589)	Prec@1 99.219 (98.495)	Prec@5 100.000 (99.991)
Epoch: [195][280/391], lr: 0.00000	Loss 0.0977 (0.0585)	Prec@1 96.875 (98.507)	Prec@5 100.000 (99.992)
Epoch: [195][290/391], lr: 0.00000	Loss 0.0429 (0.0588)	Prec@1 99.219 (98.494)	Prec@5 100.000 (99.992)
Epoch: [195][300/391], lr: 0.00000	Loss 0.0373 (0.0588)	Prec@1 99.219 (98.474)	Prec@5 100.000 (99.992)
Epoch: [195][310/391], lr: 0.00000	Loss 0.0935 (0.0588)	Prec@1 97.656 (98.485)	Prec@5 99.219 (99.990)
Epoch: [195][320/391], lr: 0.00000	Loss 0.0621 (0.0592)	Prec@1 96.875 (98.474)	Prec@5 100.000 (99.990)
Epoch: [195][330/391], lr: 0.00000	Loss 0.0380 (0.0591)	Prec@1 99.219 (98.485)	Prec@5 100.000 (99.988)
Epoch: [195][340/391], lr: 0.00000	Loss 0.0707 (0.0591)	Prec@1 97.656 (98.486)	Prec@5 100.000 (99.989)
Epoch: [195][350/391], lr: 0.00000	Loss 0.0543 (0.0592)	Prec@1 98.438 (98.482)	Prec@5 100.000 (99.989)
Epoch: [195][360/391], lr: 0.00000	Loss 0.0762 (0.0592)	Prec@1 97.656 (98.483)	Prec@5 100.000 (99.989)
Epoch: [195][370/391], lr: 0.00000	Loss 0.0513 (0.0591)	Prec@1 98.438 (98.486)	Prec@5 100.000 (99.989)
Epoch: [195][380/391], lr: 0.00000	Loss 0.0554 (0.0598)	Prec@1 97.656 (98.464)	Prec@5 100.000 (99.990)
Epoch: [195][390/391], lr: 0.00000	Loss 0.0494 (0.0598)	Prec@1 100.000 (98.462)	Prec@5 100.000 (99.990)
Epoch [195] Training Results: Prec@1 98.462 Prec@5 99.990             Loss 0.05984
Epoch [195] Training Class Recall: [0.947,0.959,0.972,0.984,0.994,0.996,0.998,0.998,0.998,0.999]

Epoch: [196][0/391], lr: 0.00000	Loss 0.0838 (0.0838)	Prec@1 97.656 (97.656)	Prec@5 100.000 (100.000)
Epoch: [196][10/391], lr: 0.00000	Loss 0.0623 (0.0723)	Prec@1 98.438 (97.727)	Prec@5 100.000 (100.000)
Epoch: [196][20/391], lr: 0.00000	Loss 0.0509 (0.0629)	Prec@1 97.656 (98.028)	Prec@5 100.000 (100.000)
Epoch: [196][30/391], lr: 0.00000	Loss 0.0337 (0.0650)	Prec@1 100.000 (98.059)	Prec@5 100.000 (99.975)
Epoch: [196][40/391], lr: 0.00000	Loss 0.0675 (0.0618)	Prec@1 98.438 (98.285)	Prec@5 100.000 (99.981)
Epoch: [196][50/391], lr: 0.00000	Loss 0.0490 (0.0588)	Prec@1 97.656 (98.422)	Prec@5 100.000 (99.985)
Epoch: [196][60/391], lr: 0.00000	Loss 0.0265 (0.0589)	Prec@1 99.219 (98.373)	Prec@5 100.000 (99.987)
Epoch: [196][70/391], lr: 0.00000	Loss 0.0519 (0.0602)	Prec@1 98.438 (98.294)	Prec@5 100.000 (99.989)
Epoch: [196][80/391], lr: 0.00000	Loss 0.0596 (0.0584)	Prec@1 99.219 (98.380)	Prec@5 100.000 (99.990)
Epoch: [196][90/391], lr: 0.00000	Loss 0.0795 (0.0584)	Prec@1 97.656 (98.386)	Prec@5 100.000 (99.991)
Epoch: [196][100/391], lr: 0.00000	Loss 0.0526 (0.0587)	Prec@1 98.438 (98.391)	Prec@5 100.000 (99.992)
Epoch: [196][110/391], lr: 0.00000	Loss 0.0472 (0.0584)	Prec@1 99.219 (98.402)	Prec@5 100.000 (99.986)
Epoch: [196][120/391], lr: 0.00000	Loss 0.0355 (0.0573)	Prec@1 99.219 (98.457)	Prec@5 100.000 (99.987)
Epoch: [196][130/391], lr: 0.00000	Loss 0.1027 (0.0580)	Prec@1 96.094 (98.426)	Prec@5 100.000 (99.988)
Epoch: [196][140/391], lr: 0.00000	Loss 0.0500 (0.0576)	Prec@1 99.219 (98.460)	Prec@5 100.000 (99.983)
Epoch: [196][150/391], lr: 0.00000	Loss 0.0443 (0.0566)	Prec@1 99.219 (98.510)	Prec@5 100.000 (99.984)
Epoch: [196][160/391], lr: 0.00000	Loss 0.0476 (0.0562)	Prec@1 99.219 (98.515)	Prec@5 100.000 (99.985)
Epoch: [196][170/391], lr: 0.00000	Loss 0.0449 (0.0561)	Prec@1 98.438 (98.488)	Prec@5 100.000 (99.986)
Epoch: [196][180/391], lr: 0.00000	Loss 0.0393 (0.0562)	Prec@1 99.219 (98.498)	Prec@5 100.000 (99.987)
Epoch: [196][190/391], lr: 0.00000	Loss 0.0401 (0.0558)	Prec@1 99.219 (98.511)	Prec@5 100.000 (99.988)
Epoch: [196][200/391], lr: 0.00000	Loss 0.0384 (0.0562)	Prec@1 99.219 (98.511)	Prec@5 100.000 (99.981)
Epoch: [196][210/391], lr: 0.00000	Loss 0.0761 (0.0558)	Prec@1 97.656 (98.526)	Prec@5 100.000 (99.981)
Epoch: [196][220/391], lr: 0.00000	Loss 0.0587 (0.0559)	Prec@1 99.219 (98.522)	Prec@5 100.000 (99.982)
Epoch: [196][230/391], lr: 0.00000	Loss 0.0591 (0.0560)	Prec@1 98.438 (98.515)	Prec@5 100.000 (99.983)
Epoch: [196][240/391], lr: 0.00000	Loss 0.0974 (0.0569)	Prec@1 96.094 (98.483)	Prec@5 100.000 (99.984)
Epoch: [196][250/391], lr: 0.00000	Loss 0.1017 (0.0574)	Prec@1 96.875 (98.459)	Prec@5 100.000 (99.984)
Epoch: [196][260/391], lr: 0.00000	Loss 0.0769 (0.0578)	Prec@1 98.438 (98.449)	Prec@5 100.000 (99.985)
Epoch: [196][270/391], lr: 0.00000	Loss 0.0562 (0.0576)	Prec@1 98.438 (98.461)	Prec@5 100.000 (99.986)
Epoch: [196][280/391], lr: 0.00000	Loss 0.1247 (0.0582)	Prec@1 96.875 (98.454)	Prec@5 100.000 (99.986)
Epoch: [196][290/391], lr: 0.00000	Loss 0.0697 (0.0578)	Prec@1 98.438 (98.480)	Prec@5 100.000 (99.987)
Epoch: [196][300/391], lr: 0.00000	Loss 0.0372 (0.0577)	Prec@1 100.000 (98.487)	Prec@5 100.000 (99.987)
Epoch: [196][310/391], lr: 0.00000	Loss 0.0746 (0.0577)	Prec@1 98.438 (98.500)	Prec@5 100.000 (99.987)
Epoch: [196][320/391], lr: 0.00000	Loss 0.0583 (0.0578)	Prec@1 98.438 (98.511)	Prec@5 100.000 (99.985)
Epoch: [196][330/391], lr: 0.00000	Loss 0.0703 (0.0582)	Prec@1 97.656 (98.501)	Prec@5 100.000 (99.986)
Epoch: [196][340/391], lr: 0.00000	Loss 0.0261 (0.0583)	Prec@1 100.000 (98.502)	Prec@5 100.000 (99.986)
Epoch: [196][350/391], lr: 0.00000	Loss 0.0782 (0.0586)	Prec@1 96.875 (98.489)	Prec@5 100.000 (99.987)
Epoch: [196][360/391], lr: 0.00000	Loss 0.0874 (0.0586)	Prec@1 99.219 (98.494)	Prec@5 100.000 (99.987)
Epoch: [196][370/391], lr: 0.00000	Loss 0.0416 (0.0583)	Prec@1 99.219 (98.509)	Prec@5 100.000 (99.987)
Epoch: [196][380/391], lr: 0.00000	Loss 0.0148 (0.0583)	Prec@1 100.000 (98.509)	Prec@5 100.000 (99.988)
Epoch: [196][390/391], lr: 0.00000	Loss 0.0759 (0.0582)	Prec@1 96.250 (98.508)	Prec@5 100.000 (99.988)
Epoch [196] Training Results: Prec@1 98.508 Prec@5 99.988             Loss 0.05821
Epoch [196] Training Class Recall: [0.953,0.962,0.969,0.985,0.993,0.995,0.998,0.999,0.998,0.999]

Epoch: [197][0/391], lr: 0.00000	Loss 0.0801 (0.0801)	Prec@1 98.438 (98.438)	Prec@5 100.000 (100.000)
Epoch: [197][10/391], lr: 0.00000	Loss 0.0335 (0.0674)	Prec@1 99.219 (98.082)	Prec@5 100.000 (100.000)
Epoch: [197][20/391], lr: 0.00000	Loss 0.0427 (0.0592)	Prec@1 99.219 (98.475)	Prec@5 100.000 (100.000)
Epoch: [197][30/391], lr: 0.00000	Loss 0.0708 (0.0576)	Prec@1 97.656 (98.664)	Prec@5 100.000 (99.950)
Epoch: [197][40/391], lr: 0.00000	Loss 0.0714 (0.0577)	Prec@1 97.656 (98.571)	Prec@5 100.000 (99.962)
Epoch: [197][50/391], lr: 0.00000	Loss 0.0192 (0.0571)	Prec@1 100.000 (98.514)	Prec@5 100.000 (99.969)
Epoch: [197][60/391], lr: 0.00000	Loss 0.0547 (0.0567)	Prec@1 97.656 (98.476)	Prec@5 100.000 (99.974)
Epoch: [197][70/391], lr: 0.00000	Loss 0.0615 (0.0570)	Prec@1 98.438 (98.471)	Prec@5 100.000 (99.978)
Epoch: [197][80/391], lr: 0.00000	Loss 0.0793 (0.0569)	Prec@1 97.656 (98.476)	Prec@5 100.000 (99.981)
Epoch: [197][90/391], lr: 0.00000	Loss 0.0375 (0.0568)	Prec@1 98.438 (98.523)	Prec@5 100.000 (99.983)
Epoch: [197][100/391], lr: 0.00000	Loss 0.1112 (0.0565)	Prec@1 97.656 (98.538)	Prec@5 100.000 (99.985)
Epoch: [197][110/391], lr: 0.00000	Loss 0.0747 (0.0568)	Prec@1 98.438 (98.529)	Prec@5 100.000 (99.979)
Epoch: [197][120/391], lr: 0.00000	Loss 0.0807 (0.0575)	Prec@1 98.438 (98.528)	Prec@5 100.000 (99.974)
Epoch: [197][130/391], lr: 0.00000	Loss 0.0630 (0.0574)	Prec@1 98.438 (98.551)	Prec@5 100.000 (99.976)
Epoch: [197][140/391], lr: 0.00000	Loss 0.0310 (0.0570)	Prec@1 99.219 (98.576)	Prec@5 100.000 (99.978)
Epoch: [197][150/391], lr: 0.00000	Loss 0.0966 (0.0568)	Prec@1 97.656 (98.598)	Prec@5 100.000 (99.979)
Epoch: [197][160/391], lr: 0.00000	Loss 0.0438 (0.0565)	Prec@1 99.219 (98.612)	Prec@5 100.000 (99.981)
Epoch: [197][170/391], lr: 0.00000	Loss 0.0403 (0.0558)	Prec@1 98.438 (98.625)	Prec@5 100.000 (99.982)
Epoch: [197][180/391], lr: 0.00000	Loss 0.0615 (0.0560)	Prec@1 99.219 (98.623)	Prec@5 100.000 (99.983)
Epoch: [197][190/391], lr: 0.00000	Loss 0.0553 (0.0566)	Prec@1 99.219 (98.605)	Prec@5 100.000 (99.980)
Epoch: [197][200/391], lr: 0.00000	Loss 0.0463 (0.0562)	Prec@1 99.219 (98.624)	Prec@5 100.000 (99.981)
Epoch: [197][210/391], lr: 0.00000	Loss 0.0314 (0.0562)	Prec@1 99.219 (98.626)	Prec@5 100.000 (99.981)
Epoch: [197][220/391], lr: 0.00000	Loss 0.1010 (0.0564)	Prec@1 96.094 (98.621)	Prec@5 100.000 (99.982)
Epoch: [197][230/391], lr: 0.00000	Loss 0.1439 (0.0566)	Prec@1 95.312 (98.610)	Prec@5 100.000 (99.983)
Epoch: [197][240/391], lr: 0.00000	Loss 0.0516 (0.0568)	Prec@1 98.438 (98.600)	Prec@5 100.000 (99.984)
Epoch: [197][250/391], lr: 0.00000	Loss 0.0515 (0.0570)	Prec@1 98.438 (98.568)	Prec@5 100.000 (99.984)
Epoch: [197][260/391], lr: 0.00000	Loss 0.0574 (0.0578)	Prec@1 98.438 (98.533)	Prec@5 100.000 (99.985)
Epoch: [197][270/391], lr: 0.00000	Loss 0.1494 (0.0584)	Prec@1 95.312 (98.510)	Prec@5 100.000 (99.986)
Epoch: [197][280/391], lr: 0.00000	Loss 0.0522 (0.0584)	Prec@1 97.656 (98.499)	Prec@5 100.000 (99.986)
Epoch: [197][290/391], lr: 0.00000	Loss 0.0318 (0.0585)	Prec@1 99.219 (98.497)	Prec@5 100.000 (99.987)
Epoch: [197][300/391], lr: 0.00000	Loss 0.0439 (0.0584)	Prec@1 100.000 (98.508)	Prec@5 100.000 (99.984)
Epoch: [197][310/391], lr: 0.00000	Loss 0.0599 (0.0583)	Prec@1 97.656 (98.510)	Prec@5 100.000 (99.985)
Epoch: [197][320/391], lr: 0.00000	Loss 0.0425 (0.0583)	Prec@1 99.219 (98.503)	Prec@5 100.000 (99.985)
Epoch: [197][330/391], lr: 0.00000	Loss 0.0484 (0.0585)	Prec@1 99.219 (98.492)	Prec@5 100.000 (99.986)
Epoch: [197][340/391], lr: 0.00000	Loss 0.0638 (0.0585)	Prec@1 97.656 (98.495)	Prec@5 100.000 (99.986)
Epoch: [197][350/391], lr: 0.00000	Loss 0.0689 (0.0583)	Prec@1 98.438 (98.498)	Prec@5 100.000 (99.987)
Epoch: [197][360/391], lr: 0.00000	Loss 0.0429 (0.0582)	Prec@1 98.438 (98.507)	Prec@5 100.000 (99.987)
Epoch: [197][370/391], lr: 0.00000	Loss 0.0651 (0.0584)	Prec@1 96.875 (98.490)	Prec@5 100.000 (99.985)
Epoch: [197][380/391], lr: 0.00000	Loss 0.0488 (0.0583)	Prec@1 99.219 (98.497)	Prec@5 100.000 (99.986)
Epoch: [197][390/391], lr: 0.00000	Loss 0.0587 (0.0583)	Prec@1 98.750 (98.498)	Prec@5 100.000 (99.986)
Epoch [197] Training Results: Prec@1 98.498 Prec@5 99.986             Loss 0.05832
Epoch [197] Training Class Recall: [0.950,0.962,0.972,0.983,0.993,0.997,0.998,0.998,0.998,0.998]

Epoch: [198][0/391], lr: 0.00000	Loss 0.0395 (0.0395)	Prec@1 100.000 (100.000)	Prec@5 100.000 (100.000)
Epoch: [198][10/391], lr: 0.00000	Loss 0.0368 (0.0556)	Prec@1 100.000 (98.722)	Prec@5 100.000 (100.000)
Epoch: [198][20/391], lr: 0.00000	Loss 0.0214 (0.0606)	Prec@1 100.000 (98.400)	Prec@5 100.000 (100.000)
Epoch: [198][30/391], lr: 0.00000	Loss 0.0670 (0.0652)	Prec@1 98.438 (98.236)	Prec@5 100.000 (100.000)
Epoch: [198][40/391], lr: 0.00000	Loss 0.0438 (0.0636)	Prec@1 98.438 (98.247)	Prec@5 100.000 (100.000)
Epoch: [198][50/391], lr: 0.00000	Loss 0.0471 (0.0612)	Prec@1 99.219 (98.361)	Prec@5 100.000 (100.000)
Epoch: [198][60/391], lr: 0.00000	Loss 0.1458 (0.0610)	Prec@1 97.656 (98.386)	Prec@5 100.000 (100.000)
Epoch: [198][70/391], lr: 0.00000	Loss 0.0507 (0.0616)	Prec@1 98.438 (98.327)	Prec@5 100.000 (100.000)
Epoch: [198][80/391], lr: 0.00000	Loss 0.0241 (0.0611)	Prec@1 100.000 (98.409)	Prec@5 100.000 (100.000)
Epoch: [198][90/391], lr: 0.00000	Loss 0.0344 (0.0595)	Prec@1 100.000 (98.455)	Prec@5 100.000 (100.000)
Epoch: [198][100/391], lr: 0.00000	Loss 0.0304 (0.0594)	Prec@1 100.000 (98.492)	Prec@5 100.000 (100.000)
Epoch: [198][110/391], lr: 0.00000	Loss 0.0611 (0.0597)	Prec@1 98.438 (98.508)	Prec@5 100.000 (100.000)
Epoch: [198][120/391], lr: 0.00000	Loss 0.0504 (0.0591)	Prec@1 97.656 (98.534)	Prec@5 100.000 (100.000)
Epoch: [198][130/391], lr: 0.00000	Loss 0.0303 (0.0596)	Prec@1 100.000 (98.497)	Prec@5 100.000 (100.000)
Epoch: [198][140/391], lr: 0.00000	Loss 0.0886 (0.0596)	Prec@1 98.438 (98.504)	Prec@5 100.000 (100.000)
Epoch: [198][150/391], lr: 0.00000	Loss 0.0361 (0.0594)	Prec@1 99.219 (98.520)	Prec@5 100.000 (100.000)
Epoch: [198][160/391], lr: 0.00000	Loss 0.0381 (0.0593)	Prec@1 98.438 (98.501)	Prec@5 100.000 (100.000)
Epoch: [198][170/391], lr: 0.00000	Loss 0.0663 (0.0592)	Prec@1 97.656 (98.501)	Prec@5 100.000 (100.000)
Epoch: [198][180/391], lr: 0.00000	Loss 0.0372 (0.0588)	Prec@1 98.438 (98.515)	Prec@5 100.000 (100.000)
Epoch: [198][190/391], lr: 0.00000	Loss 0.0667 (0.0584)	Prec@1 97.656 (98.527)	Prec@5 100.000 (100.000)
Epoch: [198][200/391], lr: 0.00000	Loss 0.0505 (0.0586)	Prec@1 98.438 (98.542)	Prec@5 100.000 (100.000)
Epoch: [198][210/391], lr: 0.00000	Loss 0.0704 (0.0584)	Prec@1 98.438 (98.567)	Prec@5 100.000 (99.996)
Epoch: [198][220/391], lr: 0.00000	Loss 0.0386 (0.0581)	Prec@1 100.000 (98.579)	Prec@5 100.000 (99.996)
Epoch: [198][230/391], lr: 0.00000	Loss 0.0486 (0.0581)	Prec@1 98.438 (98.573)	Prec@5 100.000 (99.997)
Epoch: [198][240/391], lr: 0.00000	Loss 0.0470 (0.0579)	Prec@1 99.219 (98.574)	Prec@5 100.000 (99.997)
Epoch: [198][250/391], lr: 0.00000	Loss 0.0313 (0.0584)	Prec@1 99.219 (98.562)	Prec@5 100.000 (99.994)
Epoch: [198][260/391], lr: 0.00000	Loss 0.0322 (0.0587)	Prec@1 99.219 (98.539)	Prec@5 100.000 (99.994)
Epoch: [198][270/391], lr: 0.00000	Loss 0.0663 (0.0588)	Prec@1 97.656 (98.530)	Prec@5 100.000 (99.994)
Epoch: [198][280/391], lr: 0.00000	Loss 0.0653 (0.0591)	Prec@1 98.438 (98.524)	Prec@5 100.000 (99.994)
Epoch: [198][290/391], lr: 0.00000	Loss 0.1147 (0.0593)	Prec@1 96.094 (98.518)	Prec@5 100.000 (99.992)
Epoch: [198][300/391], lr: 0.00000	Loss 0.0373 (0.0591)	Prec@1 99.219 (98.515)	Prec@5 100.000 (99.992)
Epoch: [198][310/391], lr: 0.00000	Loss 0.0728 (0.0592)	Prec@1 97.656 (98.503)	Prec@5 100.000 (99.992)
Epoch: [198][320/391], lr: 0.00000	Loss 0.0430 (0.0595)	Prec@1 98.438 (98.493)	Prec@5 100.000 (99.993)
Epoch: [198][330/391], lr: 0.00000	Loss 0.0582 (0.0599)	Prec@1 97.656 (98.471)	Prec@5 100.000 (99.991)
Epoch: [198][340/391], lr: 0.00000	Loss 0.0544 (0.0598)	Prec@1 98.438 (98.472)	Prec@5 100.000 (99.991)
Epoch: [198][350/391], lr: 0.00000	Loss 0.0618 (0.0598)	Prec@1 98.438 (98.473)	Prec@5 100.000 (99.991)
Epoch: [198][360/391], lr: 0.00000	Loss 0.0671 (0.0598)	Prec@1 96.875 (98.466)	Prec@5 100.000 (99.991)
Epoch: [198][370/391], lr: 0.00000	Loss 0.0461 (0.0595)	Prec@1 99.219 (98.475)	Prec@5 100.000 (99.992)
Epoch: [198][380/391], lr: 0.00000	Loss 0.0506 (0.0597)	Prec@1 99.219 (98.460)	Prec@5 100.000 (99.992)
Epoch: [198][390/391], lr: 0.00000	Loss 0.0843 (0.0597)	Prec@1 97.500 (98.466)	Prec@5 100.000 (99.992)
Epoch [198] Training Results: Prec@1 98.466 Prec@5 99.992             Loss 0.05965
Epoch [198] Training Class Recall: [0.955,0.961,0.966,0.984,0.992,0.994,0.998,0.998,0.998,0.999]

Epoch: [199][0/391], lr: 0.00000	Loss 0.0307 (0.0307)	Prec@1 100.000 (100.000)	Prec@5 100.000 (100.000)
Epoch: [199][10/391], lr: 0.00000	Loss 0.0810 (0.0513)	Prec@1 98.438 (98.935)	Prec@5 100.000 (100.000)
Epoch: [199][20/391], lr: 0.00000	Loss 0.0384 (0.0481)	Prec@1 100.000 (98.996)	Prec@5 100.000 (100.000)
Epoch: [199][30/391], lr: 0.00000	Loss 0.0369 (0.0536)	Prec@1 99.219 (98.841)	Prec@5 100.000 (100.000)
Epoch: [199][40/391], lr: 0.00000	Loss 0.0576 (0.0545)	Prec@1 99.219 (98.780)	Prec@5 100.000 (100.000)
Epoch: [199][50/391], lr: 0.00000	Loss 0.0318 (0.0529)	Prec@1 100.000 (98.836)	Prec@5 100.000 (100.000)
Epoch: [199][60/391], lr: 0.00000	Loss 0.0655 (0.0544)	Prec@1 97.656 (98.745)	Prec@5 100.000 (100.000)
Epoch: [199][70/391], lr: 0.00000	Loss 0.0706 (0.0549)	Prec@1 97.656 (98.713)	Prec@5 100.000 (99.989)
Epoch: [199][80/391], lr: 0.00000	Loss 0.0970 (0.0562)	Prec@1 96.094 (98.630)	Prec@5 100.000 (99.990)
Epoch: [199][90/391], lr: 0.00000	Loss 0.0480 (0.0563)	Prec@1 99.219 (98.601)	Prec@5 100.000 (99.991)
Epoch: [199][100/391], lr: 0.00000	Loss 0.0813 (0.0570)	Prec@1 98.438 (98.561)	Prec@5 100.000 (99.992)
Epoch: [199][110/391], lr: 0.00000	Loss 0.1358 (0.0574)	Prec@1 97.656 (98.550)	Prec@5 100.000 (99.993)
Epoch: [199][120/391], lr: 0.00000	Loss 0.0332 (0.0568)	Prec@1 100.000 (98.573)	Prec@5 100.000 (99.994)
Epoch: [199][130/391], lr: 0.00000	Loss 0.0890 (0.0571)	Prec@1 96.094 (98.569)	Prec@5 100.000 (99.994)
Epoch: [199][140/391], lr: 0.00000	Loss 0.0716 (0.0578)	Prec@1 96.875 (98.554)	Prec@5 100.000 (99.983)
Epoch: [199][150/391], lr: 0.00000	Loss 0.0487 (0.0582)	Prec@1 98.438 (98.536)	Prec@5 100.000 (99.984)
Epoch: [199][160/391], lr: 0.00000	Loss 0.0578 (0.0588)	Prec@1 98.438 (98.515)	Prec@5 100.000 (99.985)
Epoch: [199][170/391], lr: 0.00000	Loss 0.0380 (0.0584)	Prec@1 99.219 (98.524)	Prec@5 100.000 (99.982)
Epoch: [199][180/391], lr: 0.00000	Loss 0.0406 (0.0586)	Prec@1 99.219 (98.511)	Prec@5 100.000 (99.983)
Epoch: [199][190/391], lr: 0.00000	Loss 0.0371 (0.0581)	Prec@1 99.219 (98.523)	Prec@5 100.000 (99.984)
Epoch: [199][200/391], lr: 0.00000	Loss 0.0226 (0.0581)	Prec@1 100.000 (98.504)	Prec@5 100.000 (99.984)
Epoch: [199][210/391], lr: 0.00000	Loss 0.0883 (0.0584)	Prec@1 96.875 (98.497)	Prec@5 100.000 (99.981)
Epoch: [199][220/391], lr: 0.00000	Loss 0.0540 (0.0584)	Prec@1 97.656 (98.491)	Prec@5 100.000 (99.982)
Epoch: [199][230/391], lr: 0.00000	Loss 0.0362 (0.0584)	Prec@1 99.219 (98.495)	Prec@5 100.000 (99.983)
Epoch: [199][240/391], lr: 0.00000	Loss 0.0744 (0.0587)	Prec@1 97.656 (98.493)	Prec@5 100.000 (99.984)
Epoch: [199][250/391], lr: 0.00000	Loss 0.0501 (0.0583)	Prec@1 99.219 (98.515)	Prec@5 100.000 (99.984)
Epoch: [199][260/391], lr: 0.00000	Loss 0.0209 (0.0580)	Prec@1 100.000 (98.530)	Prec@5 100.000 (99.982)
Epoch: [199][270/391], lr: 0.00000	Loss 0.0906 (0.0580)	Prec@1 98.438 (98.536)	Prec@5 100.000 (99.980)
Epoch: [199][280/391], lr: 0.00000	Loss 0.0699 (0.0584)	Prec@1 97.656 (98.518)	Prec@5 100.000 (99.981)
Epoch: [199][290/391], lr: 0.00000	Loss 0.0375 (0.0585)	Prec@1 99.219 (98.505)	Prec@5 100.000 (99.981)
Epoch: [199][300/391], lr: 0.00000	Loss 0.0432 (0.0584)	Prec@1 99.219 (98.497)	Prec@5 100.000 (99.982)
Epoch: [199][310/391], lr: 0.00000	Loss 0.0556 (0.0585)	Prec@1 97.656 (98.485)	Prec@5 100.000 (99.982)
Epoch: [199][320/391], lr: 0.00000	Loss 0.0759 (0.0585)	Prec@1 97.656 (98.489)	Prec@5 100.000 (99.983)
Epoch: [199][330/391], lr: 0.00000	Loss 0.0687 (0.0588)	Prec@1 98.438 (98.487)	Prec@5 100.000 (99.983)
Epoch: [199][340/391], lr: 0.00000	Loss 0.0650 (0.0589)	Prec@1 96.875 (98.474)	Prec@5 100.000 (99.984)
Epoch: [199][350/391], lr: 0.00000	Loss 0.1252 (0.0586)	Prec@1 95.312 (98.478)	Prec@5 100.000 (99.984)
Epoch: [199][360/391], lr: 0.00000	Loss 0.1301 (0.0589)	Prec@1 96.875 (98.468)	Prec@5 100.000 (99.985)
Epoch: [199][370/391], lr: 0.00000	Loss 0.0598 (0.0587)	Prec@1 99.219 (98.482)	Prec@5 100.000 (99.985)
Epoch: [199][380/391], lr: 0.00000	Loss 0.0223 (0.0586)	Prec@1 100.000 (98.491)	Prec@5 100.000 (99.986)
Epoch: [199][390/391], lr: 0.00000	Loss 0.0641 (0.0587)	Prec@1 98.750 (98.486)	Prec@5 100.000 (99.986)
Epoch [199] Training Results: Prec@1 98.486 Prec@5 99.986             Loss 0.05869
Epoch [199] Training Class Recall: [0.949,0.961,0.971,0.984,0.993,0.997,0.998,0.998,0.999,1.000]

