Log file: cifar100_sava0.9_erm_exp1.0_seed42_20260616_120814.log
Run started: 2026-06-16 12:08:14.894926
Dataset: cifar100
Imbalance type: exp, factor: 1.0
Selection method: sava, ratio: 0.9
Strategy: ERM, epochs: 200
Seed: 42, rand_number: 0
Augmentation: weak
mamix_ratio: 1.0
============================================================

=> No CSV or TensorBoard logging – only console and debug log.
-----------------------------------------------
Class ID   | Original   | Selected   | Keep %  
-----------------------------------------------
0          | 500        | 414        |   82.8%
1          | 500        | 461        |   92.2%
2          | 500        | 457        |   91.4%
3          | 500        | 476        |   95.2%
4          | 500        | 487        |   97.4%
5          | 500        | 454        |   90.8%
6          | 500        | 427        |   85.4%
7          | 500        | 480        |   96.0%
8          | 500        | 489        |   97.8%
9          | 500        | 430        |   86.0%
10         | 500        | 459        |   91.8%
11         | 500        | 376        |   75.2%
12         | 500        | 466        |   93.2%
13         | 500        | 433        |   86.6%
14         | 500        | 473        |   94.6%
15         | 500        | 484        |   96.8%
16         | 500        | 466        |   93.2%
17         | 500        | 498        |   99.6%
18         | 500        | 490        |   98.0%
19         | 500        | 446        |   89.2%
20         | 500        | 136        |   27.2%
21         | 500        | 467        |   93.4%
22         | 500        | 354        |   70.8%
23         | 500        | 490        |   98.0%
24         | 500        | 231        |   46.2%
25         | 500        | 430        |   86.0%
26         | 500        | 403        |   80.6%
27         | 500        | 497        |   99.4%
28         | 500        | 431        |   86.2%
29         | 500        | 322        |   64.4%
30         | 500        | 442        |   88.4%
31         | 500        | 466        |   93.2%
32         | 500        | 451        |   90.2%
33         | 500        | 496        |   99.2%
34         | 500        | 491        |   98.2%
35         | 500        | 430        |   86.0%
36         | 500        | 478        |   95.6%
37         | 500        | 479        |   95.8%
38         | 500        | 493        |   98.6%
39         | 500        | 413        |   82.6%
40         | 500        | 419        |   83.8%
41         | 500        | 245        |   49.0%
42         | 500        | 491        |   98.2%
43         | 500        | 497        |   99.4%
44         | 500        | 498        |   99.6%
45         | 500        | 455        |   91.0%
46         | 500        | 421        |   84.2%
47         | 500        | 496        |   99.2%
48         | 500        | 438        |   87.6%
49         | 500        | 489        |   97.8%
50         | 500        | 484        |   96.8%
51         | 500        | 472        |   94.4%
52         | 500        | 491        |   98.2%
53         | 500        | 426        |   85.2%
54         | 500        | 445        |   89.0%
55         | 500        | 479        |   95.8%
56         | 500        | 468        |   93.6%
57         | 500        | 466        |   93.2%
58         | 500        | 465        |   93.0%
59         | 500        | 478        |   95.6%
60         | 500        | 485        |   97.0%
61         | 500        | 388        |   77.6%
62         | 500        | 395        |   79.0%
63         | 500        | 498        |   99.6%
64         | 500        | 467        |   93.4%
65         | 500        | 472        |   94.4%
66         | 500        | 467        |   93.4%
67         | 500        | 464        |   92.8%
68         | 500        | 493        |   98.6%
69         | 500        | 446        |   89.2%
70         | 500        | 381        |   76.2%
71         | 500        | 486        |   97.2%
72         | 500        | 456        |   91.2%
73         | 500        | 433        |   86.6%
74         | 500        | 494        |   98.8%
75         | 500        | 426        |   85.2%
76         | 500        | 439        |   87.8%
77         | 500        | 487        |   97.4%
78         | 500        | 482        |   96.4%
79         | 500        | 491        |   98.2%
80         | 500        | 492        |   98.4%
81         | 500        | 457        |   91.4%
82         | 500        | 421        |   84.2%
83         | 500        | 431        |   86.2%
84         | 500        | 483        |   96.6%
85         | 500        | 472        |   94.4%
86         | 500        | 350        |   70.0%
87         | 500        | 458        |   91.6%
88         | 500        | 497        |   99.4%
89         | 500        | 476        |   95.2%
90         | 500        | 444        |   88.8%
91         | 500        | 466        |   93.2%
92         | 500        | 414        |   82.8%
93         | 500        | 485        |   97.0%
94         | 500        | 491        |   98.2%
95         | 500        | 470        |   94.0%
96         | 500        | 493        |   98.6%
97         | 500        | 481        |   96.2%
98         | 500        | 413        |   82.6%
99         | 500        | 467        |   93.4%
-----------------------------------------------
TOTAL      | 50000      | 45000      |   90.0%
-----------------------------------------------
Training Group Acc: [0.068,0.000,0.000]
Epoch [0] Training Results: Prec@1 6.973 Prec@5 23.607 Loss 4.07779
Epoch [0] Training Class Recall: [0.130,0.052,0.063,0.011,0.008,0.007,0.023,0.006,0.016,0.037,0.000,0.008,
 0.075,0.081,0.066,0.041,0.058,0.177,0.053,0.002,0.000,0.154,0.000,0.257,
 0.000,0.000,0.007,0.040,0.053,0.003,0.161,0.039,0.004,0.111,0.020,0.000,
 0.121,0.048,0.057,0.022,0.026,0.000,0.057,0.199,0.026,0.007,0.029,0.117,
 0.119,0.155,0.014,0.002,0.240,0.312,0.133,0.006,0.019,0.097,0.058,0.075,
 0.276,0.080,0.251,0.074,0.030,0.047,0.026,0.095,0.126,0.105,0.047,0.175,
 0.015,0.212,0.016,0.033,0.034,0.006,0.008,0.018,0.022,0.050,0.185,0.093,
 0.027,0.049,0.054,0.035,0.113,0.057,0.025,0.026,0.075,0.035,0.130,0.234,
 0.124,0.058,0.017,0.006]
Testing Group Acc: [0.084,0.000,0.000]
Epoch [0] Testing Results: Prec@1 8.440 Prec@5 30.410 Loss 3.92923
Epoch [0] Testing Class Recall: [0.020,0.010,0.000,0.000,0.000,0.010,0.000,0.000,0.030,0.090,0.000,0.020,
 0.150,0.020,0.260,0.050,0.040,0.000,0.200,0.000,0.000,0.150,0.000,0.050,
 0.000,0.030,0.000,0.000,0.000,0.000,0.010,0.070,0.000,0.050,0.160,0.000,
 0.110,0.100,0.000,0.030,0.000,0.030,0.000,0.100,0.000,0.000,0.000,0.510,
 0.100,0.070,0.000,0.000,0.040,0.030,0.010,0.000,0.210,0.150,0.490,0.000,
 0.220,0.000,0.550,0.000,0.000,0.580,0.140,0.520,0.310,0.000,0.440,0.440,
 0.000,0.140,0.000,0.250,0.040,0.000,0.000,0.000,0.000,0.000,0.430,0.280,
 0.080,0.000,0.000,0.000,0.050,0.060,0.000,0.000,0.000,0.050,0.170,0.160,
 0.100,0.000,0.030,0.000]
Training Group Acc: [0.134,0.000,0.000]
Epoch [1] Training Results: Prec@1 13.744 Prec@5 38.951 Loss 3.58525
Epoch [1] Training Class Recall: [0.227,0.154,0.074,0.025,0.021,0.066,0.044,0.040,0.137,0.172,0.015,0.045,
 0.152,0.157,0.121,0.110,0.114,0.337,0.106,0.022,0.000,0.276,0.003,0.384,
 0.000,0.035,0.025,0.044,0.065,0.003,0.167,0.052,0.013,0.188,0.047,0.081,
 0.222,0.119,0.079,0.019,0.033,0.000,0.120,0.241,0.020,0.031,0.050,0.256,
 0.304,0.229,0.025,0.087,0.511,0.408,0.240,0.029,0.120,0.152,0.215,0.079,
 0.503,0.070,0.251,0.108,0.069,0.070,0.084,0.175,0.396,0.146,0.142,0.296,
 0.024,0.279,0.040,0.183,0.210,0.027,0.037,0.065,0.030,0.101,0.373,0.151,
 0.068,0.129,0.117,0.105,0.171,0.191,0.074,0.107,0.123,0.093,0.456,0.319,
 0.241,0.119,0.070,0.030]
Testing Group Acc: [0.163,0.000,0.000]
Epoch [1] Testing Results: Prec@1 16.300 Prec@5 43.670 Loss 3.46241
Epoch [1] Testing Class Recall: [0.460,0.410,0.080,0.000,0.030,0.040,0.250,0.020,0.250,0.080,0.050,0.000,
 0.150,0.020,0.190,0.080,0.300,0.200,0.140,0.010,0.000,0.390,0.000,0.100,
 0.050,0.000,0.020,0.150,0.000,0.000,0.320,0.020,0.000,0.300,0.240,0.260,
 0.190,0.440,0.000,0.010,0.000,0.010,0.340,0.010,0.100,0.040,0.000,0.210,
 0.600,0.350,0.010,0.000,0.020,0.690,0.190,0.140,0.170,0.130,0.050,0.340,
 0.240,0.000,0.110,0.130,0.030,0.090,0.050,0.460,0.800,0.150,0.000,0.440,
 0.000,0.120,0.320,0.230,0.170,0.040,0.170,0.040,0.000,0.410,0.530,0.180,
 0.020,0.050,0.130,0.150,0.250,0.390,0.040,0.140,0.100,0.250,0.570,0.200,
 0.480,0.030,0.000,0.140]
Training Group Acc: [0.208,0.000,0.000]
Epoch [2] Training Results: Prec@1 21.320 Prec@5 51.502 Loss 3.14744
Epoch [2] Training Class Recall: [0.408,0.228,0.149,0.048,0.051,0.185,0.152,0.165,0.288,0.337,0.028,0.029,
 0.206,0.189,0.146,0.182,0.236,0.508,0.118,0.141,0.000,0.355,0.025,0.471,
 0.117,0.065,0.065,0.145,0.109,0.012,0.253,0.210,0.060,0.345,0.128,0.084,
 0.356,0.196,0.097,0.145,0.043,0.086,0.242,0.288,0.072,0.116,0.071,0.312,
 0.447,0.337,0.033,0.140,0.468,0.512,0.339,0.029,0.252,0.223,0.280,0.144,
 0.553,0.160,0.276,0.195,0.077,0.042,0.090,0.198,0.570,0.365,0.189,0.488,
 0.046,0.282,0.081,0.415,0.449,0.076,0.048,0.165,0.043,0.245,0.463,0.188,
 0.120,0.199,0.100,0.247,0.252,0.286,0.113,0.318,0.138,0.128,0.662,0.381,
 0.302,0.218,0.111,0.081]
Testing Group Acc: [0.233,0.000,0.000]
Epoch [2] Testing Results: Prec@1 23.340 Prec@5 55.330 Loss 3.02099
Epoch [2] Testing Class Recall: [0.340,0.340,0.010,0.000,0.160,0.120,0.180,0.010,0.180,0.360,0.060,0.000,
 0.150,0.370,0.130,0.210,0.200,0.200,0.300,0.130,0.000,0.490,0.000,0.430,
 0.300,0.110,0.100,0.210,0.190,0.000,0.440,0.110,0.120,0.150,0.130,0.570,
 0.600,0.180,0.090,0.430,0.210,0.060,0.040,0.170,0.020,0.140,0.080,0.450,
 0.840,0.460,0.010,0.180,0.120,0.600,0.400,0.090,0.110,0.260,0.210,0.280,
 0.820,0.160,0.490,0.210,0.110,0.010,0.290,0.250,0.320,0.570,0.000,0.500,
 0.070,0.300,0.040,0.690,0.390,0.120,0.110,0.220,0.020,0.140,0.650,0.010,
 0.000,0.550,0.210,0.540,0.040,0.310,0.160,0.340,0.260,0.190,0.560,0.120,
 0.430,0.240,0.000,0.070]
Training Group Acc: [0.267,0.000,0.000]
Epoch [3] Training Results: Prec@1 27.258 Prec@5 59.938 Loss 2.81782
Epoch [3] Training Class Recall: [0.488,0.273,0.201,0.111,0.086,0.271,0.258,0.215,0.434,0.363,0.100,0.066,
 0.298,0.192,0.197,0.223,0.260,0.568,0.192,0.177,0.015,0.435,0.040,0.520,
 0.212,0.126,0.082,0.211,0.218,0.016,0.330,0.320,0.111,0.397,0.179,0.130,
 0.404,0.251,0.136,0.274,0.174,0.114,0.295,0.362,0.098,0.125,0.116,0.421,
 0.534,0.474,0.050,0.161,0.591,0.585,0.393,0.052,0.438,0.300,0.357,0.220,
 0.625,0.335,0.342,0.235,0.090,0.066,0.128,0.207,0.657,0.484,0.178,0.543,
 0.068,0.279,0.123,0.505,0.476,0.136,0.075,0.242,0.077,0.304,0.563,0.218,
 0.193,0.337,0.129,0.341,0.278,0.361,0.164,0.388,0.128,0.124,0.739,0.394,
 0.363,0.241,0.169,0.165]
Testing Group Acc: [0.277,0.000,0.000]
Epoch [3] Testing Results: Prec@1 27.670 Prec@5 59.880 Loss 2.88183
Epoch [3] Testing Class Recall: [0.640,0.320,0.310,0.120,0.210,0.300,0.230,0.300,0.320,0.400,0.040,0.110,
 0.160,0.040,0.020,0.130,0.110,0.250,0.240,0.160,0.000,0.570,0.000,0.680,
 0.170,0.080,0.130,0.400,0.220,0.040,0.200,0.090,0.230,0.290,0.190,0.290,
 0.310,0.120,0.030,0.250,0.300,0.320,0.270,0.160,0.040,0.160,0.070,0.360,
 0.310,0.780,0.040,0.220,0.850,0.610,0.690,0.010,0.470,0.390,0.490,0.450,
 0.550,0.510,0.710,0.250,0.000,0.030,0.000,0.200,0.520,0.510,0.130,0.540,
 0.100,0.300,0.280,0.670,0.430,0.380,0.130,0.300,0.420,0.130,0.680,0.150,
 0.160,0.420,0.290,0.320,0.280,0.030,0.210,0.360,0.060,0.140,0.650,0.610,
 0.210,0.050,0.130,0.140]
Training Group Acc: [0.317,0.000,0.000]
Epoch [4] Training Results: Prec@1 32.193 Prec@5 65.562 Loss 2.58442
Epoch [4] Training Class Recall: [0.558,0.308,0.212,0.126,0.162,0.339,0.316,0.265,0.515,0.447,0.211,0.053,
 0.367,0.245,0.230,0.314,0.333,0.594,0.218,0.249,0.037,0.520,0.090,0.524,
 0.260,0.135,0.114,0.270,0.383,0.053,0.373,0.388,0.153,0.438,0.220,0.163,
 0.441,0.284,0.174,0.351,0.229,0.200,0.338,0.356,0.135,0.189,0.164,0.403,
 0.562,0.532,0.074,0.214,0.540,0.617,0.434,0.061,0.547,0.382,0.452,0.285,
 0.680,0.399,0.418,0.303,0.105,0.083,0.184,0.287,0.724,0.507,0.252,0.535,
 0.096,0.309,0.198,0.554,0.531,0.193,0.102,0.310,0.130,0.328,0.629,0.246,
 0.207,0.456,0.186,0.410,0.392,0.389,0.230,0.448,0.169,0.194,0.749,0.447,
 0.351,0.291,0.215,0.281]
Testing Group Acc: [0.301,0.000,0.000]
Epoch [4] Testing Results: Prec@1 30.140 Prec@5 63.980 Loss 2.76963
Epoch [4] Testing Class Recall: [0.380,0.340,0.240,0.120,0.070,0.140,0.570,0.180,0.530,0.420,0.080,0.330,
 0.240,0.250,0.290,0.080,0.380,0.520,0.390,0.110,0.000,0.700,0.050,0.450,
 0.070,0.030,0.040,0.080,0.230,0.060,0.460,0.410,0.150,0.210,0.490,0.310,
 0.500,0.320,0.120,0.770,0.040,0.040,0.190,0.070,0.070,0.200,0.190,0.300,
 0.770,0.650,0.150,0.210,0.850,0.670,0.710,0.110,0.590,0.680,0.290,0.160,
 0.740,0.220,0.310,0.130,0.000,0.030,0.150,0.270,0.880,0.290,0.180,0.490,
 0.020,0.280,0.270,0.380,0.670,0.160,0.140,0.140,0.100,0.160,0.640,0.140,
 0.200,0.320,0.370,0.390,0.080,0.550,0.300,0.430,0.380,0.060,0.660,0.340,
 0.300,0.610,0.070,0.240]
Training Group Acc: [0.368,0.000,0.000]
Epoch [5] Training Results: Prec@1 37.304 Prec@5 70.887 Loss 2.34819
Epoch [5] Training Class Recall: [0.614,0.403,0.234,0.149,0.177,0.361,0.340,0.300,0.562,0.523,0.275,0.104,
 0.399,0.252,0.260,0.345,0.412,0.627,0.280,0.258,0.154,0.512,0.164,0.584,
 0.307,0.172,0.218,0.302,0.534,0.099,0.403,0.444,0.186,0.480,0.267,0.165,
 0.519,0.403,0.254,0.455,0.272,0.229,0.464,0.425,0.161,0.207,0.190,0.458,
 0.630,0.589,0.122,0.303,0.574,0.624,0.494,0.084,0.622,0.487,0.510,0.358,
 0.693,0.448,0.420,0.347,0.141,0.131,0.276,0.302,0.765,0.583,0.304,0.591,
 0.132,0.356,0.209,0.634,0.581,0.214,0.180,0.383,0.161,0.389,0.656,0.325,
 0.315,0.557,0.251,0.404,0.453,0.464,0.313,0.509,0.208,0.212,0.784,0.470,
 0.406,0.358,0.254,0.343]
Testing Group Acc: [0.306,0.000,0.000]
Epoch [5] Testing Results: Prec@1 30.560 Prec@5 63.100 Loss 2.81406
Epoch [5] Testing Class Recall: [0.610,0.520,0.120,0.030,0.010,0.060,0.470,0.070,0.430,0.310,0.140,0.010,
 0.140,0.190,0.340,0.360,0.560,0.180,0.410,0.100,0.040,0.500,0.010,0.720,
 0.180,0.030,0.090,0.120,0.430,0.110,0.230,0.440,0.190,0.270,0.040,0.250,
 0.300,0.350,0.090,0.630,0.170,0.210,0.380,0.620,0.050,0.130,0.010,0.350,
 0.540,0.700,0.220,0.080,0.750,0.750,0.480,0.000,0.370,0.620,0.370,0.240,
 0.690,0.420,0.290,0.200,0.170,0.240,0.640,0.510,0.750,0.530,0.080,0.090,
 0.030,0.260,0.330,0.750,0.570,0.130,0.030,0.490,0.050,0.100,0.620,0.160,
 0.080,0.130,0.520,0.280,0.180,0.060,0.190,0.500,0.500,0.060,0.620,0.550,
 0.400,0.450,0.270,0.520]
Training Group Acc: [0.406,0.000,0.000]
Epoch [6] Training Results: Prec@1 41.029 Prec@5 74.327 Loss 2.17415
Epoch [6] Training Class Recall: [0.659,0.499,0.293,0.162,0.232,0.432,0.391,0.344,0.626,0.521,0.312,0.136,
 0.429,0.314,0.311,0.343,0.427,0.673,0.347,0.305,0.221,0.623,0.203,0.602,
 0.372,0.228,0.218,0.312,0.566,0.146,0.432,0.498,0.259,0.478,0.314,0.167,
 0.590,0.403,0.282,0.513,0.294,0.310,0.464,0.565,0.201,0.262,0.252,0.486,
 0.658,0.632,0.134,0.369,0.593,0.692,0.503,0.106,0.639,0.504,0.587,0.377,
 0.728,0.490,0.443,0.380,0.201,0.146,0.302,0.341,0.795,0.603,0.302,0.603,
 0.118,0.351,0.289,0.681,0.626,0.308,0.216,0.440,0.163,0.403,0.732,0.390,
 0.325,0.561,0.251,0.452,0.503,0.517,0.360,0.500,0.217,0.276,0.766,0.515,
 0.446,0.410,0.240,0.377]
Testing Group Acc: [0.343,0.000,0.000]
Epoch [6] Testing Results: Prec@1 34.300 Prec@5 66.830 Loss 2.66088
Epoch [6] Testing Class Recall: [0.710,0.380,0.420,0.050,0.040,0.310,0.360,0.320,0.690,0.630,0.110,0.020,
 0.540,0.170,0.120,0.390,0.600,0.660,0.260,0.410,0.100,0.290,0.290,0.650,
 0.060,0.180,0.040,0.080,0.520,0.080,0.110,0.210,0.320,0.560,0.060,0.320,
 0.530,0.670,0.300,0.620,0.300,0.180,0.870,0.540,0.050,0.020,0.080,0.390,
 0.350,0.460,0.150,0.160,0.180,0.830,0.600,0.010,0.450,0.490,0.190,0.550,
 0.710,0.110,0.360,0.340,0.130,0.400,0.030,0.280,0.790,0.820,0.380,0.730,
 0.030,0.320,0.070,0.320,0.640,0.090,0.080,0.500,0.030,0.300,0.600,0.280,
 0.380,0.320,0.670,0.320,0.660,0.460,0.200,0.120,0.230,0.050,0.880,0.280,
 0.290,0.520,0.240,0.310]
Training Group Acc: [0.439,0.000,0.000]
Epoch [7] Training Results: Prec@1 44.367 Prec@5 77.004 Loss 2.04282
Epoch [7] Training Class Recall: [0.691,0.531,0.291,0.168,0.222,0.414,0.400,0.360,0.624,0.572,0.355,0.178,
 0.474,0.330,0.315,0.397,0.466,0.657,0.392,0.348,0.301,0.638,0.277,0.624,
 0.368,0.277,0.211,0.376,0.594,0.217,0.477,0.552,0.310,0.534,0.383,0.202,
 0.598,0.497,0.345,0.579,0.368,0.294,0.505,0.557,0.209,0.279,0.283,0.494,
 0.660,0.646,0.161,0.405,0.633,0.709,0.569,0.117,0.692,0.560,0.606,0.397,
 0.746,0.500,0.463,0.446,0.270,0.193,0.360,0.392,0.811,0.650,0.373,0.652,
 0.140,0.365,0.354,0.669,0.654,0.359,0.293,0.436,0.189,0.490,0.736,0.392,
 0.350,0.600,0.331,0.509,0.541,0.532,0.417,0.541,0.242,0.245,0.788,0.572,
 0.475,0.449,0.281,0.441]
Testing Group Acc: [0.403,0.000,0.000]
Epoch [7] Testing Results: Prec@1 40.270 Prec@5 72.820 Loss 2.30734
Epoch [7] Testing Class Recall: [0.490,0.240,0.480,0.150,0.020,0.510,0.630,0.260,0.450,0.470,0.200,0.140,
 0.530,0.260,0.340,0.420,0.680,0.470,0.160,0.300,0.030,0.670,0.400,0.680,
 0.150,0.040,0.120,0.140,0.760,0.110,0.340,0.380,0.270,0.610,0.220,0.130,
 0.400,0.540,0.230,0.620,0.250,0.340,0.590,0.310,0.230,0.300,0.220,0.510,
 0.670,0.750,0.020,0.380,0.290,0.640,0.630,0.040,0.630,0.520,0.360,0.730,
 0.670,0.560,0.300,0.420,0.140,0.380,0.480,0.310,0.920,0.520,0.320,0.540,
 0.100,0.200,0.120,0.520,0.890,0.310,0.400,0.640,0.170,0.540,0.710,0.460,
 0.250,0.420,0.630,0.550,0.550,0.750,0.380,0.430,0.130,0.240,0.960,0.610,
 0.160,0.290,0.510,0.340]
Training Group Acc: [0.459,0.000,0.000]
Epoch [8] Training Results: Prec@1 46.340 Prec@5 78.920 Loss 1.94716
Epoch [8] Training Class Recall: [0.698,0.599,0.326,0.189,0.234,0.436,0.475,0.429,0.685,0.598,0.364,0.176,
 0.481,0.356,0.336,0.401,0.483,0.673,0.392,0.406,0.287,0.627,0.299,0.647,
 0.377,0.295,0.236,0.390,0.638,0.242,0.464,0.524,0.346,0.534,0.377,0.230,
 0.644,0.489,0.365,0.605,0.399,0.318,0.562,0.571,0.209,0.295,0.304,0.512,
 0.680,0.685,0.176,0.477,0.611,0.732,0.600,0.138,0.735,0.562,0.634,0.383,
 0.751,0.513,0.511,0.452,0.293,0.191,0.403,0.351,0.824,0.650,0.388,0.634,
 0.140,0.372,0.372,0.704,0.683,0.429,0.334,0.495,0.222,0.543,0.748,0.353,
 0.348,0.597,0.366,0.548,0.594,0.532,0.453,0.577,0.275,0.247,0.786,0.538,
 0.481,0.474,0.310,0.484]
Testing Group Acc: [0.379,0.000,0.000]
Epoch [8] Testing Results: Prec@1 37.910 Prec@5 72.010 Loss 2.42025
Epoch [8] Testing Class Recall: [0.500,0.440,0.220,0.140,0.140,0.260,0.480,0.680,0.600,0.560,0.080,0.490,
 0.510,0.060,0.590,0.320,0.520,0.580,0.560,0.350,0.010,0.540,0.050,0.610,
 0.170,0.210,0.070,0.280,0.240,0.110,0.350,0.520,0.350,0.310,0.090,0.050,
 0.450,0.400,0.260,0.640,0.410,0.360,0.150,0.280,0.220,0.250,0.130,0.210,
 0.550,0.760,0.280,0.340,0.920,0.140,0.660,0.010,0.790,0.700,0.460,0.300,
 0.710,0.120,0.090,0.350,0.240,0.340,0.140,0.570,0.930,0.570,0.590,0.570,
 0.090,0.310,0.330,0.710,0.890,0.370,0.220,0.450,0.080,0.360,0.550,0.500,
 0.320,0.380,0.810,0.380,0.070,0.370,0.660,0.550,0.040,0.200,0.490,0.530,
 0.230,0.250,0.180,0.660]
Training Group Acc: [0.483,0.000,0.000]
Epoch [9] Training Results: Prec@1 48.709 Prec@5 80.527 Loss 1.85733
Epoch [9] Training Class Recall: [0.710,0.633,0.379,0.191,0.263,0.489,0.459,0.440,0.722,0.637,0.383,0.170,
 0.489,0.376,0.381,0.436,0.513,0.699,0.422,0.442,0.368,0.657,0.336,0.659,
 0.403,0.363,0.251,0.425,0.691,0.276,0.495,0.590,0.355,0.599,0.444,0.195,
 0.661,0.520,0.404,0.610,0.418,0.392,0.536,0.594,0.241,0.330,0.276,0.510,
 0.639,0.714,0.227,0.487,0.623,0.709,0.596,0.123,0.739,0.590,0.652,0.433,
 0.746,0.531,0.527,0.510,0.300,0.229,0.493,0.418,0.860,0.661,0.407,0.642,
 0.143,0.390,0.393,0.695,0.699,0.390,0.376,0.519,0.248,0.514,0.772,0.408,
 0.404,0.657,0.406,0.557,0.630,0.557,0.466,0.599,0.300,0.299,0.782,0.589,
 0.509,0.507,0.339,0.475]
Testing Group Acc: [0.447,0.000,0.000]
Epoch [9] Testing Results: Prec@1 44.740 Prec@5 77.010 Loss 2.06053
Epoch [9] Testing Class Recall: [0.460,0.580,0.230,0.260,0.090,0.280,0.590,0.190,0.750,0.680,0.400,0.180,
 0.660,0.390,0.480,0.400,0.550,0.750,0.660,0.270,0.330,0.630,0.390,0.450,
 0.070,0.210,0.260,0.380,0.630,0.320,0.170,0.520,0.470,0.490,0.260,0.050,
 0.460,0.680,0.440,0.630,0.300,0.190,0.650,0.440,0.300,0.210,0.170,0.850,
 0.630,0.310,0.340,0.500,0.240,0.750,0.780,0.200,0.690,0.440,0.480,0.340,
 0.900,0.510,0.530,0.440,0.120,0.280,0.390,0.360,0.800,0.620,0.490,0.620,
 0.070,0.240,0.130,0.840,0.660,0.330,0.470,0.650,0.220,0.380,0.880,0.330,
 0.510,0.690,0.700,0.530,0.420,0.610,0.270,0.630,0.310,0.180,0.690,0.790,
 0.480,0.310,0.620,0.240]
Training Group Acc: [0.500,0.000,0.000]
Epoch [10] Training Results: Prec@1 50.389 Prec@5 81.933 Loss 1.78034
Epoch [10] Training Class Recall: [0.715,0.646,0.363,0.208,0.318,0.513,0.504,0.396,0.706,0.640,0.405,0.205,
 0.526,0.406,0.436,0.463,0.532,0.695,0.445,0.435,0.397,0.690,0.336,0.673,
 0.411,0.342,0.275,0.421,0.696,0.311,0.495,0.573,0.408,0.585,0.462,0.226,
 0.646,0.551,0.410,0.695,0.422,0.416,0.534,0.608,0.243,0.369,0.337,0.520,
 0.692,0.703,0.219,0.523,0.605,0.739,0.620,0.134,0.767,0.575,0.712,0.467,
 0.755,0.575,0.552,0.506,0.362,0.248,0.499,0.412,0.846,0.693,0.446,0.675,
 0.151,0.418,0.362,0.718,0.699,0.460,0.400,0.536,0.305,0.503,0.774,0.443,
 0.406,0.669,0.454,0.585,0.644,0.567,0.484,0.603,0.290,0.334,0.802,0.598,
 0.503,0.547,0.337,0.516]
Testing Group Acc: [0.425,0.000,0.000]
Epoch [10] Testing Results: Prec@1 42.540 Prec@5 74.620 Loss 2.25434
Epoch [10] Testing Class Recall: [0.670,0.510,0.550,0.210,0.170,0.650,0.190,0.610,0.480,0.540,0.520,0.200,
 0.620,0.600,0.480,0.300,0.380,0.430,0.340,0.490,0.670,0.820,0.370,0.710,
 0.420,0.150,0.240,0.290,0.660,0.140,0.380,0.360,0.360,0.140,0.510,0.070,
 0.770,0.160,0.210,0.400,0.270,0.470,0.480,0.650,0.030,0.140,0.510,0.330,
 0.670,0.720,0.290,0.140,0.670,0.800,0.160,0.000,0.320,0.670,0.780,0.310,
 0.560,0.470,0.570,0.340,0.300,0.110,0.250,0.700,0.900,0.570,0.250,0.590,
 0.150,0.250,0.450,0.720,0.790,0.480,0.260,0.420,0.320,0.200,0.740,0.200,
 0.220,0.300,0.620,0.780,0.580,0.500,0.680,0.730,0.050,0.120,0.570,0.600,
 0.160,0.200,0.280,0.380]
Training Group Acc: [0.516,0.000,0.000]
Epoch [11] Training Results: Prec@1 51.849 Prec@5 82.898 Loss 1.72410
Epoch [11] Training Class Recall: [0.725,0.649,0.400,0.239,0.292,0.548,0.504,0.481,0.740,0.647,0.414,0.194,
 0.524,0.460,0.431,0.504,0.521,0.689,0.471,0.473,0.412,0.662,0.345,0.698,
 0.506,0.377,0.310,0.416,0.666,0.366,0.536,0.575,0.410,0.552,0.460,0.284,
 0.640,0.545,0.418,0.680,0.442,0.510,0.572,0.648,0.277,0.332,0.323,0.530,
 0.724,0.730,0.246,0.557,0.613,0.763,0.625,0.150,0.778,0.603,0.720,0.485,
 0.769,0.575,0.567,0.504,0.353,0.220,0.507,0.405,0.874,0.679,0.475,0.648,
 0.186,0.430,0.405,0.761,0.715,0.499,0.417,0.585,0.283,0.521,0.774,0.513,
 0.437,0.663,0.503,0.576,0.662,0.595,0.493,0.579,0.316,0.351,0.825,0.587,
 0.527,0.538,0.354,0.535]
Testing Group Acc: [0.442,0.000,0.000]
Epoch [11] Testing Results: Prec@1 44.230 Prec@5 77.100 Loss 2.15152
Epoch [11] Testing Class Recall: [0.790,0.520,0.410,0.350,0.330,0.480,0.630,0.670,0.380,0.740,0.180,0.070,
 0.380,0.190,0.380,0.490,0.510,0.770,0.440,0.200,0.280,0.670,0.300,0.600,
 0.380,0.300,0.130,0.110,0.490,0.180,0.160,0.520,0.310,0.290,0.570,0.450,
 0.820,0.510,0.320,0.710,0.420,0.250,0.270,0.720,0.250,0.160,0.120,0.460,
 0.380,0.650,0.260,0.320,0.420,0.860,0.560,0.140,0.700,0.820,0.600,0.310,
 0.870,0.370,0.110,0.270,0.230,0.170,0.550,0.190,0.810,0.670,0.780,0.660,
 0.090,0.500,0.280,0.800,0.800,0.470,0.270,0.270,0.420,0.550,0.720,0.210,
 0.260,0.390,0.520,0.710,0.490,0.410,0.410,0.460,0.230,0.170,0.930,0.640,
 0.730,0.350,0.360,0.430]
Training Group Acc: [0.530,0.000,0.000]
Epoch [12] Training Results: Prec@1 53.296 Prec@5 83.598 Loss 1.67177
Epoch [12] Training Class Recall: [0.732,0.685,0.431,0.288,0.331,0.568,0.532,0.465,0.773,0.637,0.412,0.234,
 0.534,0.494,0.461,0.500,0.530,0.737,0.484,0.498,0.434,0.715,0.381,0.702,
 0.498,0.386,0.342,0.441,0.696,0.329,0.552,0.594,0.435,0.560,0.501,0.267,
 0.663,0.562,0.442,0.697,0.480,0.457,0.580,0.662,0.283,0.369,0.321,0.542,
 0.731,0.720,0.264,0.547,0.621,0.779,0.613,0.157,0.769,0.612,0.725,0.475,
 0.757,0.580,0.547,0.558,0.366,0.256,0.518,0.442,0.868,0.709,0.525,0.677,
 0.154,0.432,0.441,0.758,0.756,0.509,0.456,0.548,0.313,0.593,0.796,0.494,
 0.460,0.708,0.546,0.596,0.668,0.597,0.502,0.590,0.333,0.346,0.802,0.617,
 0.525,0.545,0.354,0.537]
Testing Group Acc: [0.492,0.000,0.000]
Epoch [12] Testing Results: Prec@1 49.150 Prec@5 80.060 Loss 1.90898
Epoch [12] Testing Class Recall: [0.780,0.770,0.280,0.120,0.270,0.740,0.400,0.340,0.730,0.720,0.210,0.010,
 0.440,0.610,0.270,0.360,0.490,0.810,0.410,0.320,0.620,0.820,0.410,0.760,
 0.650,0.250,0.180,0.500,0.690,0.280,0.620,0.530,0.490,0.470,0.320,0.660,
 0.650,0.570,0.320,0.690,0.330,0.450,0.590,0.680,0.140,0.370,0.470,0.430,
 0.650,0.870,0.440,0.380,0.760,0.770,0.610,0.040,0.610,0.620,0.450,0.580,
 0.770,0.720,0.530,0.400,0.300,0.270,0.530,0.390,0.910,0.770,0.280,0.530,
 0.420,0.420,0.260,0.680,0.760,0.250,0.360,0.490,0.030,0.580,0.820,0.440,
 0.240,0.680,0.560,0.740,0.550,0.550,0.560,0.650,0.100,0.250,0.710,0.420,
 0.270,0.740,0.080,0.340]
Training Group Acc: [0.540,0.000,0.000]
Epoch [13] Training Results: Prec@1 54.289 Prec@5 84.491 Loss 1.62592
Epoch [13] Training Class Recall: [0.746,0.677,0.427,0.275,0.331,0.584,0.553,0.508,0.775,0.660,0.427,0.242,
 0.528,0.453,0.471,0.510,0.545,0.725,0.467,0.500,0.449,0.711,0.441,0.692,
 0.498,0.400,0.305,0.457,0.671,0.363,0.529,0.603,0.437,0.589,0.530,0.312,
 0.649,0.595,0.422,0.729,0.487,0.531,0.617,0.668,0.299,0.398,0.337,0.548,
 0.733,0.738,0.281,0.538,0.615,0.782,0.627,0.182,0.818,0.646,0.703,0.504,
 0.788,0.580,0.577,0.572,0.366,0.256,0.604,0.453,0.878,0.679,0.533,0.720,
 0.186,0.418,0.401,0.765,0.713,0.544,0.454,0.560,0.350,0.582,0.798,0.520,
 0.458,0.699,0.529,0.605,0.672,0.628,0.545,0.592,0.377,0.338,0.829,0.623,
 0.546,0.597,0.334,0.527]
Testing Group Acc: [0.458,0.000,0.000]
Epoch [13] Testing Results: Prec@1 45.790 Prec@5 77.370 Loss 2.11229
Epoch [13] Testing Class Recall: [0.720,0.790,0.460,0.360,0.370,0.380,0.630,0.590,0.750,0.510,0.170,0.050,
 0.440,0.520,0.440,0.350,0.570,0.670,0.470,0.280,0.360,0.530,0.270,0.610,
 0.150,0.340,0.640,0.170,0.610,0.420,0.310,0.280,0.420,0.430,0.630,0.210,
 0.280,0.500,0.380,0.430,0.160,0.480,0.890,0.520,0.320,0.350,0.080,0.270,
 0.760,0.680,0.290,0.330,0.430,0.730,0.620,0.020,0.770,0.580,0.460,0.160,
 0.700,0.610,0.560,0.560,0.230,0.180,0.350,0.490,0.830,0.580,0.410,0.510,
 0.290,0.400,0.290,0.690,0.740,0.450,0.410,0.430,0.240,0.540,0.770,0.230,
 0.300,0.580,0.460,0.590,0.530,0.370,0.380,0.670,0.140,0.370,0.790,0.490,
 0.740,0.540,0.280,0.680]
Training Group Acc: [0.547,0.000,0.000]
Epoch [14] Training Results: Prec@1 55.002 Prec@5 85.082 Loss 1.58619
Epoch [14] Training Class Recall: [0.773,0.690,0.435,0.275,0.314,0.559,0.553,0.515,0.781,0.695,0.425,0.226,
 0.577,0.494,0.520,0.521,0.560,0.731,0.531,0.516,0.449,0.711,0.412,0.698,
 0.506,0.442,0.335,0.457,0.726,0.360,0.509,0.586,0.455,0.597,0.572,0.265,
 0.676,0.582,0.440,0.726,0.451,0.498,0.572,0.658,0.287,0.374,0.368,0.528,
 0.731,0.767,0.287,0.593,0.629,0.772,0.661,0.157,0.774,0.637,0.738,0.485,
 0.771,0.603,0.562,0.562,0.405,0.258,0.608,0.448,0.866,0.726,0.546,0.718,
 0.211,0.432,0.445,0.779,0.761,0.513,0.459,0.544,0.358,0.551,0.800,0.527,
 0.484,0.731,0.571,0.605,0.694,0.643,0.536,0.616,0.386,0.410,0.798,0.621,
 0.519,0.590,0.349,0.559]
Testing Group Acc: [0.417,0.000,0.000]
Epoch [14] Testing Results: Prec@1 41.710 Prec@5 74.460 Loss 2.45857
Epoch [14] Testing Class Recall: [0.650,0.590,0.410,0.450,0.100,0.360,0.200,0.370,0.750,0.740,0.410,0.280,
 0.430,0.560,0.280,0.370,0.450,0.740,0.220,0.860,0.600,0.450,0.530,0.850,
 0.400,0.360,0.050,0.110,0.760,0.180,0.390,0.320,0.170,0.320,0.320,0.260,
 0.780,0.690,0.600,0.580,0.290,0.460,0.440,0.480,0.150,0.050,0.140,0.070,
 0.650,0.480,0.200,0.320,0.310,0.750,0.790,0.080,0.620,0.530,0.830,0.160,
 0.520,0.370,0.110,0.290,0.060,0.090,0.530,0.340,0.760,0.810,0.040,0.230,
 0.060,0.230,0.210,0.960,0.870,0.200,0.060,0.370,0.070,0.340,0.760,0.110,
 0.550,0.350,0.400,0.760,0.280,0.420,0.310,0.430,0.290,0.030,0.870,0.740,
 0.320,0.780,0.500,0.550]
Training Group Acc: [0.560,0.000,0.000]
Epoch [15] Training Results: Prec@1 56.173 Prec@5 85.756 Loss 1.54589
Epoch [15] Training Class Recall: [0.768,0.685,0.431,0.284,0.312,0.588,0.534,0.519,0.783,0.691,0.449,0.277,
 0.579,0.487,0.552,0.548,0.571,0.747,0.520,0.509,0.551,0.685,0.458,0.676,
 0.550,0.465,0.397,0.531,0.710,0.373,0.550,0.614,0.443,0.613,0.540,0.333,
 0.665,0.610,0.436,0.724,0.482,0.506,0.611,0.714,0.299,0.422,0.359,0.538,
 0.731,0.761,0.267,0.629,0.580,0.779,0.670,0.180,0.806,0.622,0.738,0.485,
 0.771,0.637,0.554,0.572,0.413,0.280,0.610,0.463,0.862,0.724,0.535,0.691,
 0.208,0.448,0.435,0.772,0.756,0.577,0.473,0.591,0.366,0.575,0.810,0.536,
 0.484,0.761,0.554,0.642,0.706,0.639,0.559,0.644,0.394,0.423,0.821,0.630,
 0.562,0.651,0.354,0.565]
Testing Group Acc: [0.437,0.000,0.000]
Epoch [15] Testing Results: Prec@1 43.730 Prec@5 76.470 Loss 2.24350
Epoch [15] Testing Class Recall: [0.700,0.570,0.450,0.090,0.010,0.260,0.610,0.640,0.630,0.510,0.110,0.150,
 0.400,0.360,0.280,0.180,0.560,0.450,0.440,0.400,0.060,0.960,0.290,0.600,
 0.120,0.170,0.280,0.110,0.500,0.160,0.290,0.530,0.320,0.470,0.140,0.120,
 0.610,0.560,0.400,0.800,0.270,0.780,0.250,0.180,0.120,0.230,0.130,0.340,
 0.900,0.590,0.160,0.670,0.780,0.260,0.750,0.030,0.710,0.680,0.720,0.580,
 0.660,0.380,0.570,0.320,0.280,0.130,0.670,0.350,0.860,0.500,0.170,0.690,
 0.210,0.600,0.610,0.940,0.780,0.420,0.250,0.430,0.220,0.410,0.830,0.430,
 0.520,0.360,0.590,0.630,0.400,0.520,0.650,0.550,0.670,0.090,0.630,0.650,
 0.340,0.080,0.270,0.650]
Training Group Acc: [0.567,0.000,0.000]
Epoch [16] Training Results: Prec@1 56.916 Prec@5 86.153 Loss 1.52033
Epoch [16] Training Class Recall: [0.756,0.705,0.466,0.298,0.355,0.615,0.527,0.540,0.802,0.714,0.449,0.242,
 0.590,0.478,0.567,0.566,0.582,0.735,0.522,0.511,0.507,0.730,0.460,0.698,
 0.550,0.437,0.400,0.493,0.719,0.407,0.563,0.627,0.488,0.607,0.509,0.260,
 0.699,0.595,0.465,0.751,0.496,0.551,0.570,0.686,0.301,0.418,0.399,0.556,
 0.776,0.769,0.314,0.614,0.678,0.761,0.690,0.207,0.806,0.637,0.772,0.500,
 0.786,0.637,0.613,0.584,0.396,0.305,0.589,0.450,0.860,0.731,0.546,0.708,
 0.213,0.432,0.457,0.772,0.738,0.571,0.502,0.605,0.372,0.554,0.834,0.559,
 0.495,0.720,0.574,0.668,0.726,0.647,0.559,0.646,0.391,0.402,0.819,0.626,
 0.576,0.632,0.368,0.559]
Testing Group Acc: [0.497,0.000,0.000]
Epoch [16] Testing Results: Prec@1 49.720 Prec@5 81.840 Loss 1.83647
Epoch [16] Testing Class Recall: [0.780,0.480,0.150,0.260,0.470,0.300,0.550,0.620,0.560,0.640,0.150,0.450,
 0.540,0.400,0.450,0.340,0.760,0.670,0.620,0.390,0.110,0.790,0.690,0.800,
 0.130,0.550,0.320,0.360,0.720,0.360,0.390,0.680,0.450,0.620,0.430,0.560,
 0.750,0.800,0.370,0.560,0.450,0.580,0.450,0.710,0.160,0.370,0.340,0.370,
 0.750,0.540,0.300,0.750,0.360,0.620,0.550,0.080,0.690,0.390,0.370,0.410,
 0.840,0.530,0.740,0.540,0.380,0.430,0.590,0.150,0.780,0.620,0.560,0.390,
 0.080,0.310,0.210,0.690,0.860,0.340,0.520,0.580,0.420,0.710,0.700,0.530,
 0.590,0.610,0.340,0.500,0.390,0.560,0.710,0.460,0.510,0.290,0.740,0.460,
 0.670,0.500,0.090,0.540]
Training Group Acc: [0.570,0.000,0.000]
Epoch [17] Training Results: Prec@1 57.251 Prec@5 86.724 Loss 1.49367
Epoch [17] Training Class Recall: [0.795,0.692,0.451,0.282,0.320,0.606,0.595,0.548,0.798,0.688,0.425,0.255,
 0.612,0.503,0.571,0.562,0.588,0.743,0.567,0.540,0.544,0.728,0.460,0.714,
 0.537,0.444,0.357,0.471,0.715,0.416,0.548,0.648,0.459,0.579,0.530,0.293,
 0.713,0.626,0.446,0.748,0.484,0.514,0.595,0.704,0.337,0.437,0.354,0.560,
 0.767,0.744,0.312,0.636,0.668,0.817,0.699,0.177,0.808,0.644,0.774,0.517,
 0.786,0.621,0.580,0.616,0.418,0.335,0.627,0.483,0.882,0.738,0.543,0.720,
 0.217,0.473,0.464,0.775,0.740,0.569,0.465,0.582,0.394,0.589,0.822,0.534,
 0.545,0.735,0.537,0.655,0.666,0.674,0.583,0.644,0.367,0.400,0.819,0.609,
 0.540,0.634,0.397,0.582]
Testing Group Acc: [0.506,0.000,0.000]
Epoch [17] Testing Results: Prec@1 50.580 Prec@5 81.720 Loss 1.84410
Epoch [17] Testing Class Recall: [0.860,0.720,0.410,0.150,0.070,0.580,0.650,0.260,0.730,0.650,0.580,0.190,
 0.390,0.540,0.190,0.620,0.720,0.560,0.630,0.390,0.630,0.450,0.620,0.690,
 0.340,0.320,0.450,0.410,0.640,0.310,0.460,0.580,0.560,0.390,0.480,0.410,
 0.660,0.690,0.410,0.680,0.330,0.440,0.730,0.730,0.470,0.470,0.530,0.510,
 0.830,0.730,0.430,0.280,0.630,0.800,0.700,0.140,0.670,0.390,0.540,0.260,
 0.850,0.500,0.100,0.650,0.550,0.200,0.650,0.350,0.870,0.540,0.540,0.450,
 0.110,0.450,0.270,0.450,0.670,0.360,0.550,0.610,0.060,0.720,0.790,0.440,
 0.440,0.760,0.470,0.520,0.650,0.770,0.420,0.590,0.590,0.380,0.600,0.430,
 0.520,0.280,0.190,0.560]
Training Group Acc: [0.580,0.000,0.000]
Epoch [18] Training Results: Prec@1 58.282 Prec@5 87.100 Loss 1.45848
Epoch [18] Training Class Recall: [0.766,0.720,0.484,0.300,0.322,0.617,0.625,0.567,0.796,0.698,0.444,0.253,
 0.597,0.497,0.564,0.618,0.622,0.757,0.543,0.554,0.507,0.752,0.463,0.718,
 0.580,0.453,0.395,0.503,0.724,0.422,0.615,0.644,0.470,0.607,0.556,0.312,
 0.703,0.616,0.495,0.748,0.511,0.498,0.597,0.726,0.299,0.459,0.420,0.565,
 0.779,0.759,0.351,0.619,0.656,0.803,0.715,0.200,0.825,0.663,0.759,0.531,
 0.796,0.637,0.623,0.635,0.422,0.324,0.627,0.474,0.901,0.749,0.564,0.698,
 0.211,0.446,0.468,0.756,0.779,0.577,0.512,0.572,0.384,0.606,0.841,0.573,
 0.538,0.720,0.560,0.629,0.658,0.689,0.581,0.652,0.432,0.410,0.835,0.664,
 0.538,0.636,0.387,0.582]
Testing Group Acc: [0.497,0.000,0.000]
Epoch [18] Testing Results: Prec@1 49.720 Prec@5 80.660 Loss 1.90177
Epoch [18] Testing Class Recall: [0.680,0.830,0.290,0.210,0.190,0.440,0.400,0.190,0.730,0.610,0.340,0.160,
 0.730,0.500,0.380,0.410,0.580,0.690,0.480,0.300,0.470,0.750,0.430,0.500,
 0.350,0.460,0.460,0.520,0.460,0.540,0.630,0.400,0.640,0.610,0.290,0.220,
 0.320,0.340,0.300,0.700,0.560,0.580,0.370,0.400,0.220,0.450,0.400,0.340,
 0.820,0.820,0.180,0.640,0.940,0.740,0.510,0.110,0.720,0.740,0.570,0.290,
 0.800,0.560,0.460,0.730,0.190,0.110,0.330,0.200,0.890,0.590,0.680,0.740,
 0.280,0.480,0.390,0.800,0.750,0.490,0.500,0.590,0.220,0.470,0.800,0.400,
 0.420,0.760,0.550,0.730,0.810,0.560,0.540,0.780,0.100,0.570,0.450,0.560,
 0.290,0.240,0.400,0.580]
Training Group Acc: [0.585,0.000,0.000]
Epoch [19] Training Results: Prec@1 58.747 Prec@5 87.493 Loss 1.43822
Epoch [19] Training Class Recall: [0.780,0.705,0.468,0.309,0.337,0.626,0.567,0.552,0.816,0.695,0.447,0.266,
 0.592,0.506,0.577,0.572,0.622,0.747,0.531,0.547,0.522,0.771,0.523,0.698,
 0.545,0.484,0.390,0.529,0.735,0.419,0.606,0.627,0.483,0.599,0.597,0.321,
 0.730,0.630,0.479,0.765,0.556,0.547,0.627,0.710,0.317,0.481,0.444,0.554,
 0.753,0.779,0.298,0.610,0.635,0.782,0.703,0.192,0.812,0.674,0.742,0.546,
 0.798,0.642,0.587,0.622,0.460,0.331,0.662,0.455,0.888,0.747,0.541,0.722,
 0.232,0.455,0.457,0.808,0.774,0.612,0.496,0.589,0.394,0.613,0.786,0.587,
 0.549,0.733,0.606,0.675,0.734,0.685,0.572,0.657,0.447,0.460,0.813,0.640,
 0.562,0.638,0.412,0.612]
Testing Group Acc: [0.489,0.000,0.000]
Epoch [19] Testing Results: Prec@1 48.920 Prec@5 79.840 Loss 1.95474
Epoch [19] Testing Class Recall: [0.710,0.810,0.550,0.310,0.100,0.650,0.480,0.600,0.690,0.840,0.590,0.110,
 0.460,0.280,0.510,0.270,0.370,0.760,0.510,0.690,0.550,0.220,0.060,0.600,
 0.370,0.420,0.070,0.320,0.750,0.260,0.240,0.430,0.620,0.610,0.770,0.370,
 0.680,0.640,0.380,0.570,0.560,0.570,0.550,0.200,0.240,0.360,0.550,0.390,
 0.710,0.600,0.290,0.640,0.640,0.660,0.700,0.140,0.600,0.480,0.530,0.240,
 0.910,0.440,0.600,0.440,0.150,0.370,0.580,0.490,0.860,0.860,0.290,0.700,
 0.150,0.290,0.470,0.700,0.700,0.240,0.280,0.540,0.180,0.920,0.900,0.490,
 0.350,0.380,0.350,0.700,0.720,0.430,0.440,0.640,0.450,0.230,0.870,0.390,
 0.600,0.410,0.070,0.470]
Training Group Acc: [0.592,0.000,0.000]
Epoch [20] Training Results: Prec@1 59.398 Prec@5 87.860 Loss 1.41627
Epoch [20] Training Class Recall: [0.795,0.755,0.516,0.351,0.351,0.637,0.607,0.546,0.808,0.742,0.464,0.245,
 0.629,0.584,0.577,0.587,0.629,0.759,0.549,0.572,0.551,0.760,0.492,0.690,
 0.558,0.465,0.397,0.537,0.719,0.410,0.590,0.599,0.525,0.613,0.574,0.330,
 0.726,0.656,0.489,0.768,0.532,0.580,0.607,0.698,0.343,0.453,0.404,0.548,
 0.760,0.777,0.353,0.636,0.674,0.819,0.694,0.225,0.823,0.659,0.740,0.540,
 0.777,0.660,0.603,0.622,0.439,0.356,0.662,0.476,0.870,0.717,0.543,0.718,
 0.248,0.455,0.500,0.770,0.756,0.583,0.517,0.593,0.427,0.606,0.843,0.589,
 0.534,0.746,0.623,0.677,0.722,0.689,0.606,0.687,0.437,0.421,0.825,0.626,
 0.606,0.663,0.397,0.593]
Testing Group Acc: [0.499,0.000,0.000]
Epoch [20] Testing Results: Prec@1 49.890 Prec@5 81.020 Loss 1.92373
Epoch [20] Testing Class Recall: [0.750,0.780,0.620,0.560,0.010,0.500,0.740,0.610,0.540,0.760,0.470,0.070,
 0.660,0.490,0.520,0.520,0.620,0.480,0.620,0.400,0.430,0.470,0.310,0.690,
 0.140,0.370,0.290,0.100,0.700,0.200,0.390,0.350,0.330,0.320,0.760,0.340,
 0.870,0.760,0.340,0.780,0.330,0.430,0.510,0.510,0.260,0.290,0.270,0.350,
 0.850,0.630,0.300,0.350,0.610,0.700,0.590,0.240,0.710,0.460,0.590,0.420,
 0.880,0.230,0.330,0.360,0.230,0.230,0.660,0.340,0.960,0.750,0.490,0.420,
 0.120,0.370,0.180,0.860,0.630,0.490,0.440,0.490,0.330,0.330,0.750,0.590,
 0.620,0.770,0.510,0.770,0.550,0.530,0.340,0.820,0.730,0.230,0.860,0.550,
 0.450,0.760,0.310,0.570]
Training Group Acc: [0.596,0.000,0.000]
Epoch [21] Training Results: Prec@1 59.822 Prec@5 88.049 Loss 1.39842
Epoch [21] Training Class Recall: [0.787,0.746,0.512,0.378,0.355,0.610,0.625,0.583,0.816,0.742,0.475,0.247,
 0.607,0.529,0.611,0.605,0.609,0.755,0.561,0.563,0.551,0.743,0.503,0.712,
 0.576,0.488,0.462,0.523,0.759,0.472,0.597,0.614,0.483,0.633,0.591,0.314,
 0.703,0.639,0.483,0.787,0.551,0.551,0.656,0.738,0.335,0.503,0.449,0.554,
 0.774,0.769,0.374,0.646,0.662,0.793,0.726,0.228,0.827,0.663,0.757,0.529,
 0.806,0.649,0.575,0.643,0.418,0.373,0.630,0.485,0.884,0.765,0.572,0.702,
 0.239,0.462,0.472,0.798,0.804,0.616,0.508,0.611,0.402,0.586,0.824,0.608,
 0.555,0.756,0.597,0.657,0.726,0.641,0.559,0.661,0.440,0.447,0.849,0.636,
 0.558,0.674,0.424,0.582]
Testing Group Acc: [0.504,0.000,0.000]
Epoch [21] Testing Results: Prec@1 50.410 Prec@5 81.850 Loss 1.86284
Epoch [21] Testing Class Recall: [0.830,0.570,0.480,0.380,0.070,0.840,0.620,0.400,0.780,0.740,0.350,0.370,
 0.660,0.480,0.240,0.400,0.640,0.630,0.650,0.650,0.450,0.280,0.500,0.530,
 0.500,0.150,0.230,0.410,0.720,0.320,0.520,0.530,0.330,0.830,0.740,0.240,
 0.780,0.670,0.400,0.620,0.480,0.580,0.660,0.740,0.300,0.260,0.350,0.480,
 0.620,0.470,0.150,0.510,0.300,0.810,0.700,0.400,0.750,0.720,0.320,0.580,
 0.810,0.530,0.650,0.740,0.120,0.440,0.230,0.270,0.660,0.660,0.520,0.830,
 0.110,0.530,0.150,0.380,0.720,0.670,0.360,0.570,0.100,0.570,0.860,0.180,
 0.490,0.660,0.500,0.420,0.780,0.300,0.370,0.680,0.470,0.320,0.860,0.470,
 0.400,0.540,0.220,0.560]
Training Group Acc: [0.603,0.000,0.000]
Epoch [22] Training Results: Prec@1 60.569 Prec@5 88.344 Loss 1.38013
Epoch [22] Training Class Recall: [0.807,0.727,0.505,0.349,0.374,0.650,0.609,0.546,0.812,0.716,0.477,0.293,
 0.627,0.531,0.605,0.591,0.614,0.765,0.559,0.596,0.566,0.752,0.508,0.733,
 0.541,0.509,0.419,0.539,0.761,0.401,0.588,0.655,0.537,0.595,0.613,0.372,
 0.728,0.651,0.511,0.780,0.568,0.555,0.631,0.746,0.365,0.475,0.404,0.562,
 0.756,0.773,0.364,0.669,0.644,0.810,0.710,0.238,0.835,0.663,0.776,0.533,
 0.816,0.655,0.608,0.667,0.467,0.358,0.653,0.517,0.897,0.760,0.591,0.714,
 0.261,0.455,0.500,0.768,0.793,0.624,0.521,0.593,0.407,0.661,0.836,0.633,
 0.576,0.744,0.631,0.675,0.746,0.702,0.599,0.687,0.457,0.431,0.829,0.679,
 0.568,0.669,0.395,0.615]
Testing Group Acc: [0.509,0.000,0.000]
Epoch [22] Testing Results: Prec@1 50.870 Prec@5 81.410 Loss 1.85210
Epoch [22] Testing Class Recall: [0.490,0.530,0.770,0.270,0.200,0.690,0.660,0.570,0.900,0.660,0.410,0.190,
 0.820,0.690,0.590,0.640,0.510,0.540,0.430,0.510,0.670,0.360,0.470,0.600,
 0.450,0.460,0.170,0.520,0.760,0.350,0.430,0.420,0.430,0.220,0.410,0.020,
 0.550,0.610,0.470,0.780,0.530,0.510,0.700,0.450,0.460,0.160,0.260,0.340,
 0.790,0.480,0.450,0.320,0.350,0.880,0.550,0.380,0.630,0.530,0.850,0.500,
 0.530,0.480,0.630,0.490,0.310,0.550,0.560,0.440,0.880,0.720,0.350,0.780,
 0.190,0.180,0.410,0.830,0.870,0.580,0.330,0.630,0.330,0.370,0.740,0.280,
 0.380,0.600,0.580,0.770,0.700,0.700,0.370,0.500,0.100,0.280,0.790,0.670,
 0.230,0.550,0.150,0.700]
Training Group Acc: [0.605,0.000,0.000]
Epoch [23] Training Results: Prec@1 60.747 Prec@5 88.898 Loss 1.35063
Epoch [23] Training Class Recall: [0.783,0.740,0.505,0.345,0.374,0.667,0.642,0.617,0.826,0.737,0.444,0.301,
 0.627,0.522,0.592,0.634,0.639,0.767,0.590,0.570,0.566,0.762,0.523,0.716,
 0.541,0.486,0.464,0.535,0.731,0.463,0.579,0.646,0.470,0.605,0.619,0.293,
 0.726,0.645,0.485,0.792,0.556,0.539,0.652,0.724,0.361,0.479,0.458,0.550,
 0.776,0.810,0.362,0.646,0.678,0.786,0.721,0.251,0.806,0.674,0.772,0.527,
 0.800,0.634,0.613,0.659,0.473,0.383,0.679,0.481,0.870,0.767,0.601,0.708,
 0.246,0.478,0.492,0.803,0.809,0.624,0.519,0.617,0.429,0.630,0.850,0.603,
 0.569,0.792,0.626,0.679,0.761,0.689,0.599,0.655,0.440,0.489,0.833,0.640,
 0.560,0.707,0.433,0.589]
Testing Group Acc: [0.508,0.000,0.000]
Epoch [23] Testing Results: Prec@1 50.780 Prec@5 81.290 Loss 1.88165
Epoch [23] Testing Class Recall: [0.710,0.640,0.600,0.350,0.560,0.350,0.320,0.660,0.630,0.580,0.490,0.090,
 0.570,0.480,0.810,0.540,0.520,0.840,0.460,0.380,0.270,0.710,0.340,0.500,
 0.380,0.590,0.140,0.160,0.700,0.280,0.380,0.520,0.460,0.220,0.230,0.500,
 0.570,0.600,0.220,0.770,0.670,0.340,0.350,0.490,0.170,0.580,0.500,0.630,
 0.760,0.810,0.210,0.540,0.530,0.900,0.690,0.140,0.810,0.560,0.600,0.460,
 0.610,0.570,0.560,0.520,0.100,0.270,0.240,0.400,0.940,0.430,0.710,0.890,
 0.340,0.340,0.190,0.650,0.920,0.700,0.400,0.520,0.200,0.360,0.780,0.600,
 0.360,0.800,0.630,0.820,0.490,0.550,0.580,0.490,0.320,0.320,0.800,0.590,
 0.710,0.340,0.160,0.720]
Training Group Acc: [0.607,0.000,0.000]
Epoch [24] Training Results: Prec@1 60.887 Prec@5 88.740 Loss 1.34724
Epoch [24] Training Class Recall: [0.821,0.753,0.516,0.347,0.400,0.630,0.618,0.583,0.796,0.723,0.479,0.253,
 0.629,0.568,0.594,0.618,0.594,0.769,0.559,0.578,0.574,0.752,0.542,0.710,
 0.567,0.509,0.459,0.539,0.749,0.447,0.597,0.676,0.528,0.621,0.601,0.356,
 0.722,0.637,0.546,0.775,0.573,0.539,0.644,0.722,0.371,0.484,0.442,0.560,
 0.751,0.798,0.366,0.650,0.660,0.800,0.721,0.240,0.848,0.680,0.796,0.575,
 0.779,0.688,0.618,0.614,0.484,0.388,0.672,0.487,0.870,0.760,0.575,0.706,
 0.246,0.469,0.470,0.803,0.800,0.620,0.527,0.621,0.429,0.613,0.827,0.606,
 0.555,0.782,0.649,0.675,0.742,0.704,0.595,0.687,0.449,0.445,0.853,0.649,
 0.564,0.672,0.424,0.625]
Testing Group Acc: [0.490,0.000,0.000]
Epoch [24] Testing Results: Prec@1 49.010 Prec@5 79.680 Loss 2.09766
Epoch [24] Testing Class Recall: [0.720,0.720,0.330,0.050,0.280,0.780,0.390,0.300,0.670,0.720,0.350,0.250,
 0.690,0.440,0.350,0.610,0.490,0.430,0.480,0.250,0.600,0.470,0.500,0.610,
 0.380,0.200,0.270,0.440,0.450,0.420,0.560,0.340,0.570,0.560,0.690,0.130,
 0.830,0.520,0.090,0.730,0.310,0.350,0.430,0.640,0.330,0.250,0.270,0.490,
 0.290,0.760,0.050,0.480,0.340,0.810,0.550,0.230,0.620,0.620,0.570,0.530,
 0.780,0.680,0.570,0.710,0.120,0.200,0.280,0.370,0.880,0.790,0.700,0.860,
 0.380,0.300,0.150,0.600,0.790,0.690,0.420,0.480,0.790,0.350,0.760,0.420,
 0.480,0.470,0.400,0.770,0.810,0.760,0.680,0.550,0.150,0.290,0.770,0.590,
 0.560,0.380,0.290,0.410]
Training Group Acc: [0.611,0.000,0.000]
Epoch [25] Training Results: Prec@1 61.349 Prec@5 88.922 Loss 1.33813
Epoch [25] Training Class Recall: [0.797,0.748,0.490,0.355,0.386,0.670,0.644,0.602,0.814,0.726,0.501,0.287,
 0.652,0.533,0.626,0.622,0.631,0.789,0.588,0.581,0.588,0.771,0.565,0.720,
 0.554,0.477,0.404,0.547,0.773,0.435,0.602,0.693,0.477,0.619,0.595,0.367,
 0.757,0.653,0.525,0.782,0.566,0.551,0.648,0.712,0.404,0.451,0.470,0.524,
 0.783,0.789,0.395,0.661,0.658,0.793,0.719,0.238,0.827,0.687,0.783,0.550,
 0.798,0.680,0.618,0.657,0.493,0.356,0.683,0.487,0.870,0.776,0.585,0.743,
 0.265,0.467,0.520,0.817,0.768,0.614,0.535,0.609,0.461,0.589,0.865,0.601,
 0.582,0.771,0.611,0.677,0.736,0.697,0.617,0.717,0.442,0.476,0.829,0.664,
 0.600,0.674,0.414,0.610]
Testing Group Acc: [0.517,0.000,0.000]
Epoch [25] Testing Results: Prec@1 51.740 Prec@5 81.750 Loss 1.84332
Epoch [25] Testing Class Recall: [0.690,0.670,0.480,0.380,0.390,0.540,0.820,0.620,0.560,0.550,0.690,0.120,
 0.290,0.460,0.670,0.530,0.560,0.600,0.250,0.670,0.690,0.830,0.130,0.770,
 0.460,0.480,0.310,0.160,0.600,0.150,0.180,0.620,0.590,0.440,0.450,0.190,
 0.690,0.610,0.430,0.670,0.300,0.620,0.410,0.700,0.120,0.270,0.350,0.370,
 0.840,0.520,0.300,0.430,0.570,0.930,0.520,0.160,0.660,0.730,0.820,0.300,
 0.610,0.500,0.640,0.670,0.150,0.330,0.640,0.540,0.930,0.590,0.620,0.750,
 0.200,0.200,0.290,0.820,0.820,0.660,0.470,0.610,0.180,0.200,0.830,0.470,
 0.390,0.560,0.560,0.780,0.470,0.740,0.630,0.470,0.600,0.340,0.780,0.570,
 0.520,0.500,0.620,0.580]
Training Group Acc: [0.616,0.000,0.000]
Epoch [26] Training Results: Prec@1 61.793 Prec@5 89.162 Loss 1.31713
Epoch [26] Training Class Recall: [0.800,0.738,0.530,0.353,0.380,0.643,0.651,0.615,0.796,0.744,0.499,0.255,
 0.624,0.536,0.626,0.661,0.667,0.783,0.567,0.574,0.640,0.739,0.534,0.722,
 0.602,0.502,0.454,0.541,0.752,0.469,0.561,0.672,0.506,0.657,0.623,0.330,
 0.730,0.678,0.533,0.797,0.556,0.580,0.672,0.740,0.416,0.490,0.449,0.591,
 0.792,0.798,0.357,0.653,0.652,0.810,0.742,0.265,0.829,0.687,0.776,0.533,
 0.794,0.660,0.610,0.639,0.478,0.413,0.694,0.513,0.895,0.758,0.640,0.745,
 0.261,0.467,0.474,0.796,0.797,0.639,0.531,0.617,0.439,0.613,0.843,0.650,
 0.598,0.784,0.614,0.701,0.728,0.702,0.608,0.672,0.488,0.507,0.843,0.668,
 0.584,0.688,0.404,0.615]
Testing Group Acc: [0.488,0.000,0.000]
Epoch [26] Testing Results: Prec@1 48.770 Prec@5 80.930 Loss 1.95725
Epoch [26] Testing Class Recall: [0.800,0.610,0.480,0.740,0.240,0.600,0.780,0.390,0.540,0.540,0.240,0.330,
 0.550,0.480,0.590,0.560,0.760,0.510,0.580,0.350,0.550,0.660,0.140,0.820,
 0.630,0.460,0.230,0.260,0.540,0.120,0.290,0.460,0.280,0.400,0.350,0.220,
 0.480,0.440,0.200,0.690,0.250,0.460,0.510,0.590,0.100,0.600,0.110,0.200,
 0.850,0.600,0.150,0.370,0.850,0.790,0.320,0.080,0.690,0.670,0.650,0.280,
 0.630,0.570,0.530,0.630,0.470,0.380,0.580,0.200,0.820,0.530,0.370,0.360,
 0.330,0.580,0.250,0.840,0.700,0.570,0.540,0.470,0.230,0.420,0.900,0.610,
 0.220,0.290,0.700,0.540,0.640,0.390,0.500,0.540,0.700,0.410,0.730,0.700,
 0.660,0.350,0.270,0.610]
Training Group Acc: [0.622,0.000,0.000]
Epoch [27] Training Results: Prec@1 62.376 Prec@5 89.371 Loss 1.30082
Epoch [27] Training Class Recall: [0.809,0.770,0.545,0.349,0.409,0.663,0.646,0.592,0.822,0.751,0.490,0.309,
 0.646,0.561,0.630,0.665,0.635,0.799,0.602,0.601,0.596,0.764,0.517,0.745,
 0.580,0.491,0.447,0.529,0.752,0.438,0.609,0.670,0.539,0.637,0.633,0.353,
 0.759,0.672,0.533,0.794,0.592,0.539,0.652,0.730,0.386,0.473,0.463,0.587,
 0.776,0.804,0.374,0.676,0.633,0.810,0.735,0.269,0.816,0.706,0.787,0.533,
 0.788,0.686,0.618,0.665,0.518,0.413,0.679,0.522,0.899,0.787,0.606,0.712,
 0.274,0.478,0.490,0.808,0.802,0.659,0.544,0.603,0.451,0.613,0.850,0.629,
 0.602,0.775,0.654,0.712,0.746,0.697,0.592,0.700,0.483,0.515,0.857,0.662,
 0.623,0.688,0.431,0.630]
Testing Group Acc: [0.515,0.000,0.000]
Epoch [27] Testing Results: Prec@1 51.510 Prec@5 81.620 Loss 1.90975
Epoch [27] Testing Class Recall: [0.580,0.430,0.350,0.370,0.510,0.610,0.420,0.550,0.850,0.780,0.290,0.370,
 0.760,0.570,0.230,0.620,0.710,0.790,0.460,0.520,0.450,0.660,0.670,0.590,
 0.400,0.370,0.530,0.520,0.730,0.420,0.630,0.630,0.570,0.580,0.420,0.040,
 0.340,0.840,0.710,0.610,0.480,0.740,0.760,0.590,0.230,0.150,0.360,0.350,
 0.850,0.840,0.160,0.840,0.910,0.750,0.760,0.180,0.750,0.460,0.440,0.350,
 0.890,0.430,0.360,0.570,0.200,0.300,0.380,0.240,0.590,0.750,0.430,0.630,
 0.230,0.270,0.180,0.620,0.730,0.240,0.590,0.310,0.250,0.380,0.890,0.190,
 0.710,0.900,0.510,0.440,0.570,0.650,0.250,0.670,0.110,0.340,0.660,0.700,
 0.570,0.630,0.430,0.290]
Training Group Acc: [0.624,0.000,0.000]
Epoch [28] Training Results: Prec@1 62.553 Prec@5 89.404 Loss 1.29640
Epoch [28] Training Class Recall: [0.804,0.764,0.521,0.328,0.419,0.705,0.660,0.585,0.838,0.749,0.486,0.301,
 0.633,0.543,0.641,0.636,0.652,0.787,0.586,0.578,0.647,0.762,0.576,0.749,
 0.571,0.502,0.457,0.547,0.738,0.481,0.597,0.689,0.537,0.639,0.607,0.353,
 0.711,0.678,0.564,0.780,0.568,0.543,0.664,0.746,0.388,0.490,0.432,0.573,
 0.799,0.820,0.388,0.686,0.644,0.833,0.744,0.294,0.853,0.665,0.757,0.554,
 0.808,0.693,0.620,0.641,0.510,0.430,0.670,0.517,0.907,0.796,0.619,0.716,
 0.263,0.460,0.508,0.803,0.809,0.655,0.541,0.635,0.453,0.652,0.834,0.664,
 0.625,0.786,0.643,0.697,0.761,0.714,0.590,0.674,0.490,0.456,0.868,0.677,
 0.623,0.674,0.414,0.636]
Testing Group Acc: [0.503,0.000,0.000]
Epoch [28] Testing Results: Prec@1 50.270 Prec@5 80.180 Loss 1.98090
Epoch [28] Testing Class Recall: [0.860,0.840,0.340,0.100,0.520,0.680,0.630,0.410,0.710,0.770,0.280,0.790,
 0.670,0.690,0.170,0.440,0.580,0.880,0.290,0.240,0.120,0.490,0.400,0.610,
 0.520,0.170,0.270,0.210,0.570,0.250,0.380,0.390,0.580,0.510,0.710,0.270,
 0.630,0.680,0.380,0.810,0.460,0.720,0.500,0.540,0.120,0.280,0.260,0.490,
 0.920,0.680,0.390,0.370,0.770,0.710,0.660,0.130,0.640,0.540,0.790,0.700,
 0.560,0.400,0.490,0.410,0.340,0.480,0.710,0.310,0.650,0.650,0.530,0.800,
 0.260,0.400,0.260,0.940,0.750,0.240,0.080,0.480,0.190,0.500,0.760,0.370,
 0.460,0.570,0.700,0.820,0.640,0.200,0.610,0.510,0.280,0.490,0.840,0.800,
 0.290,0.420,0.050,0.520]
Training Group Acc: [0.625,0.000,0.000]
Epoch [29] Training Results: Prec@1 62.691 Prec@5 89.833 Loss 1.28412
Epoch [29] Training Class Recall: [0.797,0.761,0.508,0.338,0.407,0.643,0.670,0.600,0.836,0.770,0.512,0.306,
 0.644,0.600,0.643,0.647,0.639,0.789,0.598,0.578,0.610,0.771,0.540,0.735,
 0.571,0.505,0.444,0.592,0.754,0.484,0.590,0.691,0.501,0.641,0.637,0.367,
 0.749,0.674,0.556,0.811,0.561,0.612,0.660,0.724,0.422,0.527,0.468,0.613,
 0.747,0.777,0.355,0.648,0.692,0.824,0.735,0.263,0.857,0.687,0.774,0.567,
 0.761,0.657,0.600,0.659,0.516,0.422,0.702,0.580,0.878,0.767,0.604,0.724,
 0.263,0.503,0.518,0.817,0.795,0.643,0.558,0.631,0.459,0.624,0.869,0.636,
 0.596,0.784,0.651,0.681,0.771,0.712,0.633,0.691,0.464,0.472,0.862,0.683,
 0.568,0.667,0.426,0.634]
Testing Group Acc: [0.514,0.000,0.000]
Epoch [29] Testing Results: Prec@1 51.360 Prec@5 81.320 Loss 1.90407
Epoch [29] Testing Class Recall: [0.850,0.350,0.740,0.200,0.220,0.500,0.670,0.590,0.520,0.630,0.210,0.060,
 0.630,0.400,0.490,0.240,0.650,0.790,0.700,0.270,0.220,0.690,0.260,0.670,
 0.240,0.280,0.240,0.320,0.610,0.290,0.550,0.550,0.400,0.380,0.600,0.360,
 0.830,0.490,0.410,0.820,0.450,0.390,0.720,0.690,0.310,0.180,0.030,0.320,
 0.770,0.810,0.260,0.450,0.490,0.810,0.770,0.480,0.830,0.600,0.730,0.610,
 0.510,0.610,0.200,0.670,0.380,0.240,0.610,0.240,0.790,0.730,0.410,0.850,
 0.200,0.250,0.500,0.950,0.820,0.680,0.300,0.680,0.470,0.270,0.900,0.470,
 0.590,0.430,0.460,0.740,0.550,0.510,0.250,0.680,0.630,0.300,0.900,0.690,
 0.670,0.710,0.240,0.660]
Training Group Acc: [0.630,0.000,0.000]
Epoch [30] Training Results: Prec@1 63.142 Prec@5 89.858 Loss 1.26987
Epoch [30] Training Class Recall: [0.821,0.757,0.501,0.403,0.417,0.659,0.639,0.598,0.820,0.733,0.516,0.293,
 0.631,0.575,0.651,0.671,0.616,0.791,0.606,0.576,0.618,0.792,0.573,0.737,
 0.597,0.491,0.452,0.571,0.752,0.488,0.609,0.680,0.521,0.621,0.656,0.360,
 0.757,0.668,0.594,0.787,0.578,0.584,0.670,0.742,0.398,0.492,0.482,0.589,
 0.817,0.783,0.424,0.676,0.666,0.852,0.751,0.242,0.850,0.672,0.809,0.575,
 0.806,0.693,0.646,0.659,0.522,0.424,0.707,0.545,0.892,0.798,0.619,0.759,
 0.272,0.476,0.490,0.812,0.790,0.669,0.571,0.627,0.467,0.643,0.860,0.643,
 0.621,0.761,0.683,0.703,0.769,0.706,0.615,0.676,0.517,0.460,0.866,0.649,
 0.576,0.659,0.441,0.636]
Testing Group Acc: [0.533,0.000,0.000]
Epoch [30] Testing Results: Prec@1 53.290 Prec@5 83.350 Loss 1.82330
Epoch [30] Testing Class Recall: [0.650,0.840,0.400,0.080,0.400,0.730,0.520,0.630,0.650,0.760,0.390,0.360,
 0.430,0.280,0.710,0.510,0.660,0.620,0.590,0.780,0.420,0.740,0.410,0.790,
 0.400,0.400,0.170,0.200,0.700,0.350,0.380,0.840,0.250,0.480,0.410,0.010,
 0.450,0.750,0.550,0.720,0.560,0.830,0.680,0.710,0.200,0.100,0.510,0.290,
 0.500,0.780,0.210,0.390,0.670,0.710,0.830,0.320,0.830,0.690,0.770,0.420,
 0.730,0.570,0.350,0.580,0.190,0.440,0.600,0.400,0.930,0.740,0.270,0.680,
 0.190,0.550,0.170,0.880,0.810,0.620,0.250,0.680,0.380,0.830,0.890,0.580,
 0.400,0.710,0.540,0.650,0.740,0.870,0.390,0.500,0.440,0.220,0.660,0.490,
 0.630,0.510,0.240,0.580]
Training Group Acc: [0.630,0.000,0.000]
Epoch [31] Training Results: Prec@1 63.262 Prec@5 89.900 Loss 1.27489
Epoch [31] Training Class Recall: [0.829,0.740,0.567,0.370,0.413,0.689,0.672,0.608,0.832,0.753,0.508,0.295,
 0.627,0.564,0.634,0.632,0.689,0.791,0.610,0.570,0.610,0.760,0.540,0.737,
 0.580,0.542,0.476,0.581,0.761,0.466,0.604,0.661,0.525,0.659,0.640,0.353,
 0.747,0.649,0.560,0.806,0.575,0.576,0.660,0.748,0.388,0.499,0.487,0.589,
 0.774,0.773,0.407,0.672,0.688,0.808,0.748,0.280,0.846,0.685,0.804,0.552,
 0.814,0.701,0.605,0.679,0.501,0.419,0.702,0.511,0.903,0.812,0.596,0.745,
 0.303,0.485,0.510,0.803,0.804,0.643,0.566,0.640,0.480,0.621,0.865,0.626,
 0.627,0.782,0.626,0.734,0.767,0.729,0.615,0.715,0.510,0.495,0.886,0.677,
 0.544,0.703,0.431,0.664]
Testing Group Acc: [0.535,0.000,0.000]
Epoch [31] Testing Results: Prec@1 53.520 Prec@5 82.500 Loss 1.76509
Epoch [31] Testing Class Recall: [0.820,0.670,0.470,0.190,0.210,0.570,0.300,0.390,0.740,0.560,0.450,0.500,
 0.750,0.560,0.750,0.300,0.520,0.520,0.350,0.510,0.350,0.700,0.220,0.770,
 0.620,0.510,0.310,0.080,0.730,0.260,0.600,0.560,0.580,0.440,0.280,0.200,
 0.550,0.690,0.370,0.520,0.600,0.650,0.460,0.330,0.430,0.470,0.310,0.330,
 0.890,0.730,0.370,0.710,0.770,0.640,0.770,0.100,0.770,0.500,0.760,0.430,
 0.670,0.840,0.600,0.510,0.210,0.500,0.720,0.700,0.840,0.670,0.420,0.400,
 0.180,0.410,0.380,0.900,0.760,0.530,0.670,0.570,0.440,0.740,0.790,0.250,
 0.600,0.780,0.540,0.650,0.630,0.590,0.700,0.650,0.400,0.520,0.680,0.440,
 0.540,0.390,0.560,0.660]
Training Group Acc: [0.633,0.000,0.000]
Epoch [32] Training Results: Prec@1 63.453 Prec@5 90.067 Loss 1.25395
Epoch [32] Training Class Recall: [0.812,0.768,0.560,0.366,0.390,0.652,0.681,0.610,0.818,0.781,0.532,0.303,
 0.635,0.564,0.647,0.671,0.637,0.793,0.602,0.596,0.625,0.782,0.585,0.767,
 0.584,0.544,0.434,0.543,0.761,0.472,0.629,0.676,0.557,0.645,0.654,0.377,
 0.728,0.647,0.576,0.799,0.589,0.608,0.666,0.736,0.371,0.510,0.458,0.577,
 0.790,0.812,0.370,0.650,0.664,0.803,0.762,0.244,0.859,0.695,0.815,0.546,
 0.810,0.670,0.658,0.653,0.544,0.411,0.726,0.539,0.888,0.778,0.583,0.751,
 0.285,0.469,0.532,0.824,0.795,0.688,0.568,0.650,0.520,0.639,0.848,0.617,
 0.642,0.811,0.660,0.716,0.730,0.735,0.592,0.715,0.493,0.524,0.868,0.640,
 0.578,0.711,0.453,0.630]
Testing Group Acc: [0.524,0.000,0.000]
Epoch [32] Testing Results: Prec@1 52.420 Prec@5 82.650 Loss 1.82436
Epoch [32] Testing Class Recall: [0.400,0.640,0.610,0.500,0.510,0.220,0.330,0.470,0.800,0.740,0.300,0.670,
 0.730,0.350,0.440,0.290,0.610,0.460,0.550,0.410,0.750,0.600,0.560,0.570,
 0.260,0.650,0.520,0.260,0.700,0.420,0.590,0.490,0.340,0.550,0.470,0.000,
 0.790,0.680,0.610,0.880,0.500,0.860,0.310,0.690,0.100,0.150,0.290,0.270,
 0.710,0.740,0.410,0.370,0.620,0.820,0.530,0.110,0.690,0.640,0.880,0.420,
 0.850,0.350,0.710,0.520,0.360,0.520,0.660,0.270,0.680,0.700,0.360,0.640,
 0.270,0.570,0.240,0.850,0.810,0.220,0.570,0.450,0.100,0.700,0.880,0.690,
 0.210,0.730,0.540,0.710,0.650,0.590,0.660,0.520,0.170,0.300,0.920,0.560,
 0.570,0.430,0.360,0.700]
Training Group Acc: [0.637,0.000,0.000]
Epoch [33] Training Results: Prec@1 63.864 Prec@5 90.187 Loss 1.23883
Epoch [33] Training Class Recall: [0.809,0.751,0.532,0.401,0.441,0.670,0.670,0.640,0.843,0.793,0.508,0.298,
 0.652,0.543,0.660,0.669,0.676,0.809,0.602,0.574,0.676,0.760,0.517,0.724,
 0.636,0.526,0.489,0.575,0.770,0.484,0.611,0.697,0.532,0.627,0.674,0.377,
 0.738,0.666,0.574,0.804,0.580,0.629,0.652,0.755,0.412,0.492,0.525,0.585,
 0.822,0.798,0.411,0.706,0.686,0.831,0.757,0.267,0.844,0.695,0.781,0.579,
 0.798,0.673,0.610,0.689,0.495,0.411,0.690,0.515,0.886,0.798,0.656,0.722,
 0.289,0.490,0.500,0.829,0.818,0.671,0.579,0.668,0.488,0.637,0.872,0.633,
 0.607,0.818,0.654,0.705,0.777,0.718,0.633,0.682,0.493,0.499,0.841,0.672,
 0.619,0.703,0.465,0.638]
Testing Group Acc: [0.522,0.000,0.000]
Epoch [33] Testing Results: Prec@1 52.200 Prec@5 82.400 Loss 1.91996
Epoch [33] Testing Class Recall: [0.610,0.770,0.380,0.480,0.360,0.710,0.690,0.520,0.630,0.610,0.380,0.260,
 0.560,0.730,0.480,0.590,0.240,0.720,0.390,0.550,0.200,0.800,0.410,0.400,
 0.620,0.430,0.250,0.310,0.650,0.440,0.290,0.610,0.680,0.340,0.770,0.370,
 0.380,0.490,0.340,0.790,0.470,0.450,0.630,0.690,0.260,0.590,0.420,0.280,
 0.880,0.840,0.380,0.590,0.900,0.840,0.700,0.220,0.700,0.460,0.730,0.380,
 0.830,0.240,0.590,0.270,0.370,0.350,0.800,0.280,0.820,0.690,0.210,0.380,
 0.190,0.540,0.330,0.960,0.860,0.430,0.430,0.250,0.260,0.660,0.900,0.440,
 0.500,0.650,0.720,0.580,0.470,0.780,0.450,0.500,0.420,0.280,0.750,0.630,
 0.160,0.580,0.350,0.660]
Training Group Acc: [0.637,0.000,0.000]
Epoch [34] Training Results: Prec@1 63.807 Prec@5 90.300 Loss 1.23995
Epoch [34] Training Class Recall: [0.800,0.779,0.545,0.382,0.417,0.683,0.681,0.631,0.834,0.740,0.501,0.261,
 0.676,0.573,0.674,0.667,0.629,0.803,0.604,0.590,0.662,0.792,0.559,0.765,
 0.623,0.509,0.486,0.565,0.766,0.509,0.600,0.685,0.519,0.645,0.658,0.337,
 0.762,0.691,0.552,0.816,0.601,0.604,0.650,0.769,0.416,0.527,0.473,0.597,
 0.806,0.783,0.384,0.667,0.688,0.824,0.737,0.294,0.846,0.719,0.776,0.584,
 0.819,0.706,0.638,0.675,0.522,0.415,0.711,0.528,0.903,0.765,0.640,0.728,
 0.279,0.480,0.528,0.810,0.779,0.678,0.589,0.652,0.486,0.643,0.846,0.613,
 0.621,0.767,0.669,0.710,0.767,0.700,0.601,0.691,0.512,0.489,0.862,0.687,
 0.609,0.717,0.462,0.649]
Testing Group Acc: [0.529,0.000,0.000]
Epoch [34] Testing Results: Prec@1 52.950 Prec@5 83.290 Loss 1.84949
Epoch [34] Testing Class Recall: [0.850,0.700,0.480,0.330,0.220,0.390,0.680,0.670,0.720,0.560,0.540,0.770,
 0.540,0.740,0.510,0.340,0.500,0.680,0.530,0.450,0.610,0.480,0.270,0.770,
 0.740,0.560,0.730,0.260,0.760,0.100,0.340,0.320,0.280,0.440,0.580,0.110,
 0.730,0.360,0.410,0.750,0.500,0.670,0.520,0.200,0.210,0.330,0.300,0.370,
 0.910,0.570,0.220,0.490,0.570,0.670,0.820,0.150,0.750,0.630,0.740,0.560,
 0.730,0.280,0.510,0.760,0.550,0.350,0.840,0.400,0.490,0.770,0.460,0.730,
 0.310,0.290,0.310,0.940,0.590,0.500,0.480,0.780,0.160,0.260,0.890,0.420,
 0.330,0.810,0.700,0.750,0.510,0.710,0.620,0.620,0.430,0.280,0.860,0.730,
 0.510,0.480,0.190,0.640]
Training Group Acc: [0.640,0.000,0.000]
Epoch [35] Training Results: Prec@1 64.133 Prec@5 90.418 Loss 1.22700
Epoch [35] Training Class Recall: [0.809,0.798,0.519,0.380,0.429,0.670,0.686,0.588,0.843,0.751,0.499,0.309,
 0.637,0.559,0.653,0.669,0.652,0.799,0.602,0.608,0.632,0.743,0.588,0.747,
 0.576,0.563,0.491,0.571,0.777,0.506,0.595,0.691,0.514,0.651,0.644,0.402,
 0.745,0.666,0.578,0.826,0.594,0.612,0.666,0.724,0.396,0.560,0.447,0.593,
 0.790,0.818,0.436,0.693,0.686,0.850,0.753,0.324,0.846,0.685,0.837,0.554,
 0.827,0.696,0.620,0.683,0.535,0.456,0.717,0.532,0.892,0.774,0.614,0.753,
 0.300,0.464,0.504,0.829,0.820,0.706,0.535,0.640,0.484,0.628,0.855,0.636,
 0.629,0.792,0.674,0.729,0.734,0.721,0.646,0.715,0.529,0.515,0.864,0.670,
 0.602,0.732,0.436,0.645]
Testing Group Acc: [0.518,0.000,0.000]
Epoch [35] Testing Results: Prec@1 51.840 Prec@5 81.480 Loss 2.02764
Epoch [35] Testing Class Recall: [0.770,0.510,0.200,0.380,0.800,0.560,0.650,0.840,0.780,0.710,0.330,0.230,
 0.440,0.280,0.270,0.580,0.550,0.740,0.600,0.580,0.580,0.620,0.470,0.690,
 0.160,0.510,0.200,0.260,0.600,0.340,0.260,0.490,0.480,0.510,0.220,0.180,
 0.440,0.470,0.440,0.550,0.360,0.740,0.840,0.800,0.280,0.390,0.410,0.370,
 0.820,0.670,0.200,0.600,0.880,0.870,0.620,0.140,0.680,0.670,0.880,0.220,
 0.780,0.410,0.540,0.630,0.260,0.170,0.690,0.460,0.820,0.690,0.460,0.570,
 0.040,0.360,0.340,0.870,0.740,0.370,0.340,0.570,0.250,0.800,0.840,0.630,
 0.580,0.590,0.500,0.490,0.400,0.730,0.630,0.550,0.140,0.400,0.940,0.410,
 0.740,0.410,0.410,0.580]
Training Group Acc: [0.641,0.000,0.000]
Epoch [36] Training Results: Prec@1 64.262 Prec@5 90.691 Loss 1.21575
Epoch [36] Training Class Recall: [0.821,0.783,0.510,0.391,0.431,0.714,0.658,0.631,0.843,0.756,0.499,0.306,
 0.652,0.580,0.651,0.661,0.659,0.799,0.624,0.626,0.699,0.775,0.582,0.745,
 0.593,0.553,0.471,0.596,0.798,0.472,0.618,0.685,0.565,0.655,0.631,0.398,
 0.757,0.683,0.582,0.787,0.621,0.629,0.646,0.757,0.396,0.481,0.463,0.589,
 0.806,0.820,0.459,0.701,0.658,0.838,0.751,0.286,0.840,0.710,0.809,0.565,
 0.790,0.714,0.656,0.683,0.512,0.458,0.702,0.524,0.886,0.774,0.638,0.722,
 0.300,0.503,0.502,0.796,0.756,0.634,0.556,0.672,0.506,0.643,0.862,0.654,
 0.648,0.794,0.669,0.705,0.757,0.733,0.646,0.706,0.498,0.536,0.866,0.664,
 0.613,0.728,0.429,0.645]
Testing Group Acc: [0.531,0.000,0.000]
Epoch [36] Testing Results: Prec@1 53.110 Prec@5 82.380 Loss 1.83049
Epoch [36] Testing Class Recall: [0.700,0.610,0.330,0.150,0.530,0.640,0.340,0.690,0.920,0.800,0.400,0.240,
 0.820,0.560,0.420,0.620,0.690,0.830,0.490,0.560,0.520,0.490,0.470,0.630,
 0.400,0.580,0.180,0.610,0.550,0.270,0.410,0.470,0.550,0.530,0.560,0.360,
 0.820,0.450,0.350,0.800,0.480,0.730,0.640,0.590,0.300,0.080,0.440,0.720,
 0.730,0.830,0.320,0.620,0.400,0.380,0.670,0.080,0.470,0.660,0.280,0.470,
 0.870,0.710,0.250,0.560,0.540,0.620,0.450,0.300,0.800,0.770,0.610,0.390,
 0.140,0.400,0.200,0.650,0.860,0.420,0.220,0.610,0.600,0.750,0.750,0.210,
 0.580,0.850,0.500,0.690,0.740,0.570,0.650,0.820,0.720,0.240,0.900,0.500,
 0.370,0.530,0.040,0.500]
Training Group Acc: [0.640,0.000,0.000]
Epoch [37] Training Results: Prec@1 64.131 Prec@5 90.531 Loss 1.22343
Epoch [37] Training Class Recall: [0.829,0.781,0.538,0.426,0.450,0.689,0.660,0.623,0.845,0.737,0.521,0.335,
 0.620,0.621,0.664,0.636,0.650,0.817,0.622,0.603,0.676,0.786,0.579,0.747,
 0.589,0.514,0.464,0.577,0.780,0.512,0.588,0.665,0.581,0.647,0.664,0.398,
 0.776,0.668,0.558,0.780,0.585,0.596,0.662,0.775,0.412,0.549,0.458,0.569,
 0.797,0.818,0.403,0.697,0.660,0.812,0.742,0.315,0.857,0.715,0.826,0.561,
 0.810,0.719,0.656,0.665,0.507,0.468,0.726,0.547,0.882,0.800,0.635,0.718,
 0.298,0.476,0.482,0.819,0.797,0.692,0.552,0.650,0.467,0.602,0.867,0.638,
 0.650,0.794,0.629,0.699,0.767,0.710,0.615,0.706,0.505,0.522,0.855,0.672,
 0.615,0.684,0.419,0.640]
Testing Group Acc: [0.553,0.000,0.000]
Epoch [37] Testing Results: Prec@1 55.260 Prec@5 84.310 Loss 1.68309
Epoch [37] Testing Class Recall: [0.820,0.820,0.340,0.410,0.250,0.620,0.650,0.480,0.710,0.630,0.500,0.400,
 0.750,0.490,0.430,0.410,0.720,0.330,0.720,0.400,0.650,0.880,0.620,0.880,
 0.700,0.480,0.330,0.230,0.780,0.290,0.590,0.530,0.220,0.650,0.600,0.390,
 0.740,0.720,0.390,0.770,0.290,0.610,0.590,0.490,0.180,0.500,0.090,0.320,
 0.760,0.670,0.090,0.460,0.910,0.570,0.740,0.170,0.790,0.800,0.800,0.300,
 0.660,0.610,0.350,0.640,0.380,0.260,0.780,0.600,0.920,0.790,0.420,0.670,
 0.290,0.440,0.650,0.850,0.710,0.650,0.290,0.530,0.490,0.530,0.830,0.580,
 0.470,0.630,0.630,0.660,0.590,0.580,0.490,0.680,0.460,0.260,0.810,0.480,
 0.350,0.640,0.400,0.760]
Training Group Acc: [0.647,0.000,0.000]
Epoch [38] Training Results: Prec@1 64.818 Prec@5 90.689 Loss 1.20475
Epoch [38] Training Class Recall: [0.821,0.796,0.580,0.389,0.411,0.678,0.663,0.635,0.830,0.781,0.521,0.322,
 0.670,0.628,0.660,0.659,0.644,0.795,0.610,0.596,0.669,0.782,0.607,0.767,
 0.619,0.535,0.506,0.592,0.789,0.509,0.613,0.693,0.530,0.619,0.664,0.381,
 0.778,0.664,0.606,0.804,0.632,0.629,0.676,0.751,0.454,0.510,0.461,0.556,
 0.829,0.808,0.413,0.648,0.660,0.840,0.755,0.288,0.855,0.712,0.813,0.598,
 0.831,0.670,0.608,0.673,0.540,0.470,0.728,0.534,0.917,0.803,0.622,0.747,
 0.281,0.497,0.504,0.833,0.795,0.671,0.587,0.682,0.494,0.689,0.848,0.643,
 0.631,0.788,0.680,0.707,0.757,0.739,0.628,0.730,0.524,0.505,0.851,0.674,
 0.613,0.742,0.501,0.651]
Testing Group Acc: [0.519,0.000,0.000]
Epoch [38] Testing Results: Prec@1 51.940 Prec@5 82.000 Loss 1.85202
Epoch [38] Testing Class Recall: [0.290,0.650,0.330,0.230,0.500,0.250,0.390,0.460,0.530,0.690,0.230,0.350,
 0.550,0.310,0.280,0.270,0.700,0.670,0.720,0.240,0.390,0.510,0.600,0.810,
 0.460,0.360,0.380,0.250,0.810,0.400,0.570,0.760,0.530,0.390,0.530,0.420,
 0.770,0.610,0.490,0.660,0.450,0.550,0.760,0.750,0.410,0.430,0.120,0.450,
 0.710,0.480,0.390,0.750,0.670,0.900,0.760,0.200,0.800,0.600,0.470,0.320,
 0.730,0.530,0.640,0.660,0.170,0.330,0.590,0.390,0.770,0.850,0.610,0.690,
 0.130,0.290,0.390,0.630,0.790,0.380,0.300,0.350,0.130,0.830,0.980,0.540,
 0.520,0.410,0.670,0.540,0.330,0.530,0.660,0.420,0.510,0.600,0.930,0.360,
 0.670,0.430,0.640,0.710]
Training Group Acc: [0.649,0.000,0.000]
Epoch [39] Training Results: Prec@1 65.044 Prec@5 90.987 Loss 1.19890
Epoch [39] Training Class Recall: [0.812,0.770,0.556,0.416,0.458,0.652,0.691,0.650,0.824,0.772,0.523,0.327,
 0.665,0.628,0.672,0.702,0.672,0.795,0.637,0.614,0.632,0.773,0.585,0.747,
 0.628,0.533,0.529,0.594,0.777,0.543,0.604,0.723,0.537,0.635,0.688,0.395,
 0.751,0.708,0.564,0.801,0.554,0.596,0.664,0.781,0.452,0.534,0.494,0.585,
 0.806,0.796,0.415,0.697,0.682,0.843,0.775,0.309,0.840,0.704,0.830,0.565,
 0.802,0.673,0.689,0.701,0.516,0.462,0.690,0.562,0.876,0.812,0.648,0.751,
 0.325,0.517,0.534,0.791,0.806,0.690,0.589,0.644,0.478,0.663,0.881,0.631,
 0.623,0.782,0.694,0.731,0.759,0.754,0.637,0.730,0.481,0.526,0.880,0.681,
 0.572,0.692,0.448,0.664]
Testing Group Acc: [0.515,0.000,0.000]
Epoch [39] Testing Results: Prec@1 51.480 Prec@5 80.930 Loss 1.99700
Epoch [39] Testing Class Recall: [0.690,0.670,0.560,0.190,0.450,0.370,0.550,0.380,0.760,0.360,0.230,0.410,
 0.700,0.510,0.370,0.450,0.660,0.720,0.440,0.370,0.420,0.680,0.500,0.630,
 0.150,0.250,0.290,0.330,0.540,0.150,0.340,0.360,0.300,0.570,0.650,0.330,
 0.800,0.790,0.530,0.800,0.570,0.540,0.720,0.470,0.480,0.180,0.260,0.300,
 0.870,0.750,0.580,0.570,0.710,0.550,0.540,0.460,0.570,0.540,0.710,0.710,
 0.760,0.300,0.280,0.690,0.390,0.330,0.880,0.220,0.870,0.720,0.170,0.830,
 0.080,0.640,0.370,0.920,0.640,0.170,0.560,0.470,0.430,0.560,0.730,0.650,
 0.470,0.640,0.390,0.790,0.570,0.460,0.640,0.480,0.440,0.210,0.790,0.690,
 0.370,0.720,0.110,0.720]
Training Group Acc: [0.646,0.000,0.000]
Epoch [40] Training Results: Prec@1 64.778 Prec@5 90.753 Loss 1.19938
Epoch [40] Training Class Recall: [0.814,0.774,0.540,0.399,0.421,0.707,0.696,0.602,0.830,0.749,0.508,0.335,
 0.652,0.577,0.666,0.665,0.695,0.823,0.622,0.603,0.654,0.784,0.621,0.751,
 0.606,0.530,0.469,0.571,0.752,0.494,0.629,0.719,0.537,0.641,0.656,0.395,
 0.751,0.647,0.572,0.811,0.611,0.608,0.678,0.787,0.456,0.527,0.501,0.587,
 0.792,0.808,0.390,0.669,0.672,0.850,0.755,0.330,0.842,0.691,0.787,0.579,
 0.800,0.714,0.656,0.691,0.527,0.462,0.709,0.530,0.866,0.783,0.667,0.737,
 0.325,0.478,0.518,0.789,0.841,0.678,0.598,0.670,0.512,0.656,0.876,0.633,
 0.665,0.784,0.671,0.707,0.801,0.758,0.667,0.674,0.517,0.524,0.872,0.687,
 0.592,0.703,0.450,0.653]
Testing Group Acc: [0.545,0.000,0.000]
Epoch [40] Testing Results: Prec@1 54.460 Prec@5 83.270 Loss 1.70867
Epoch [40] Testing Class Recall: [0.820,0.620,0.330,0.160,0.430,0.580,0.680,0.650,0.780,0.810,0.350,0.230,
 0.550,0.570,0.510,0.520,0.720,0.550,0.580,0.340,0.560,0.700,0.540,0.770,
 0.520,0.400,0.320,0.390,0.680,0.470,0.470,0.350,0.670,0.510,0.480,0.050,
 0.270,0.630,0.610,0.620,0.440,0.440,0.700,0.560,0.360,0.430,0.470,0.640,
 0.950,0.890,0.220,0.670,0.730,0.770,0.830,0.200,0.700,0.440,0.560,0.470,
 0.810,0.790,0.560,0.650,0.300,0.180,0.680,0.430,0.830,0.790,0.640,0.370,
 0.270,0.090,0.560,0.900,0.650,0.630,0.450,0.740,0.190,0.670,0.960,0.470,
 0.590,0.770,0.490,0.450,0.530,0.420,0.840,0.570,0.270,0.580,0.650,0.610,
 0.630,0.460,0.180,0.550]
Training Group Acc: [0.651,0.000,0.000]
Epoch [41] Training Results: Prec@1 65.311 Prec@5 91.049 Loss 1.18617
Epoch [41] Training Class Recall: [0.812,0.805,0.586,0.420,0.474,0.692,0.672,0.640,0.818,0.781,0.542,0.346,
 0.697,0.624,0.679,0.680,0.657,0.801,0.616,0.617,0.654,0.767,0.585,0.743,
 0.619,0.551,0.484,0.618,0.780,0.491,0.629,0.706,0.552,0.651,0.684,0.344,
 0.759,0.689,0.556,0.809,0.587,0.612,0.711,0.763,0.436,0.525,0.513,0.583,
 0.808,0.800,0.455,0.697,0.670,0.819,0.744,0.296,0.865,0.710,0.828,0.556,
 0.819,0.691,0.630,0.687,0.548,0.487,0.747,0.558,0.909,0.798,0.630,0.730,
 0.309,0.510,0.563,0.815,0.800,0.700,0.598,0.658,0.470,0.646,0.855,0.603,
 0.652,0.771,0.669,0.718,0.783,0.758,0.635,0.706,0.507,0.577,0.849,0.689,
 0.611,0.707,0.482,0.642]
Testing Group Acc: [0.542,0.000,0.000]
Epoch [41] Testing Results: Prec@1 54.150 Prec@5 83.860 Loss 1.70884
Epoch [41] Testing Class Recall: [0.520,0.790,0.500,0.410,0.230,0.230,0.600,0.710,0.860,0.640,0.400,0.230,
 0.680,0.580,0.620,0.390,0.520,0.680,0.580,0.310,0.650,0.540,0.350,0.830,
 0.430,0.760,0.500,0.250,0.610,0.570,0.430,0.540,0.400,0.340,0.660,0.270,
 0.650,0.360,0.390,0.820,0.440,0.760,0.530,0.490,0.540,0.180,0.250,0.640,
 0.900,0.680,0.260,0.760,0.570,0.840,0.780,0.210,0.780,0.510,0.610,0.590,
 0.560,0.120,0.710,0.560,0.380,0.170,0.630,0.240,0.770,0.610,0.660,0.490,
 0.140,0.340,0.530,0.720,0.810,0.520,0.220,0.790,0.500,0.790,0.780,0.520,
 0.380,0.700,0.530,0.820,0.580,0.610,0.600,0.380,0.440,0.450,0.770,0.670,
 0.600,0.600,0.640,0.670]
Training Group Acc: [0.653,0.000,0.000]
Epoch [42] Training Results: Prec@1 65.449 Prec@5 91.216 Loss 1.18059
Epoch [42] Training Class Recall: [0.819,0.798,0.562,0.418,0.452,0.714,0.684,0.613,0.834,0.758,0.534,0.359,
 0.689,0.626,0.666,0.667,0.678,0.805,0.649,0.610,0.669,0.777,0.610,0.745,
 0.619,0.574,0.464,0.586,0.759,0.525,0.593,0.697,0.554,0.651,0.672,0.409,
 0.772,0.676,0.586,0.821,0.594,0.637,0.660,0.767,0.462,0.534,0.494,0.599,
 0.799,0.816,0.452,0.701,0.686,0.833,0.764,0.328,0.850,0.712,0.815,0.586,
 0.790,0.686,0.633,0.689,0.563,0.470,0.739,0.550,0.895,0.796,0.640,0.724,
 0.325,0.506,0.545,0.810,0.784,0.682,0.614,0.666,0.510,0.652,0.867,0.636,
 0.642,0.784,0.686,0.745,0.801,0.746,0.606,0.693,0.498,0.526,0.884,0.702,
 0.594,0.709,0.470,0.666]
Testing Group Acc: [0.509,0.000,0.000]
Epoch [42] Testing Results: Prec@1 50.850 Prec@5 81.520 Loss 1.96900
Epoch [42] Testing Class Recall: [0.650,0.710,0.290,0.460,0.580,0.420,0.630,0.280,0.270,0.710,0.320,0.130,
 0.500,0.710,0.690,0.440,0.710,0.620,0.650,0.490,0.440,0.910,0.450,0.740,
 0.670,0.450,0.350,0.390,0.650,0.370,0.350,0.560,0.220,0.810,0.290,0.390,
 0.220,0.290,0.220,0.680,0.530,0.790,0.300,0.190,0.410,0.430,0.510,0.420,
 0.690,0.490,0.090,0.550,0.690,0.610,0.580,0.140,0.880,0.750,0.720,0.300,
 0.820,0.220,0.560,0.510,0.240,0.320,0.580,0.360,0.780,0.720,0.670,0.620,
 0.270,0.370,0.380,0.780,0.750,0.700,0.280,0.390,0.110,0.120,0.900,0.470,
 0.630,0.520,0.620,0.720,0.280,0.820,0.710,0.590,0.250,0.700,0.890,0.700,
 0.490,0.370,0.200,0.660]
Training Group Acc: [0.655,0.000,0.000]
Epoch [43] Training Results: Prec@1 65.627 Prec@5 91.216 Loss 1.16795
Epoch [43] Training Class Recall: [0.824,0.783,0.569,0.405,0.456,0.716,0.679,0.625,0.849,0.767,0.536,0.335,
 0.685,0.605,0.683,0.705,0.674,0.783,0.651,0.637,0.662,0.788,0.610,0.727,
 0.619,0.584,0.481,0.561,0.782,0.506,0.615,0.691,0.563,0.637,0.648,0.407,
 0.757,0.674,0.592,0.801,0.592,0.690,0.707,0.771,0.448,0.541,0.561,0.589,
 0.829,0.802,0.393,0.693,0.692,0.793,0.791,0.315,0.855,0.717,0.813,0.611,
 0.790,0.686,0.635,0.685,0.537,0.523,0.734,0.567,0.901,0.789,0.675,0.737,
 0.298,0.529,0.553,0.833,0.786,0.696,0.587,0.650,0.472,0.654,0.874,0.654,
 0.642,0.803,0.651,0.707,0.777,0.731,0.628,0.708,0.548,0.569,0.876,0.672,
 0.596,0.723,0.492,0.672]
Testing Group Acc: [0.553,0.000,0.000]
Epoch [43] Testing Results: Prec@1 55.280 Prec@5 84.550 Loss 1.68886
Epoch [43] Testing Class Recall: [0.760,0.890,0.650,0.310,0.280,0.390,0.690,0.580,0.680,0.820,0.440,0.140,
 0.470,0.320,0.620,0.520,0.640,0.610,0.520,0.360,0.440,0.800,0.370,0.690,
 0.580,0.610,0.420,0.220,0.620,0.430,0.400,0.400,0.420,0.510,0.360,0.580,
 0.680,0.760,0.380,0.900,0.400,0.680,0.260,0.380,0.230,0.390,0.170,0.330,
 0.860,0.820,0.620,0.730,0.790,0.840,0.740,0.190,0.910,0.660,0.780,0.540,
 0.760,0.630,0.730,0.580,0.260,0.440,0.560,0.480,0.920,0.830,0.260,0.790,
 0.580,0.440,0.220,0.840,0.620,0.430,0.610,0.610,0.440,0.530,0.820,0.610,
 0.560,0.580,0.560,0.410,0.580,0.480,0.560,0.650,0.580,0.350,0.650,0.660,
 0.490,0.660,0.250,0.690]
Training Group Acc: [0.653,0.000,0.000]
Epoch [44] Training Results: Prec@1 65.467 Prec@5 91.167 Loss 1.17621
Epoch [44] Training Class Recall: [0.829,0.770,0.600,0.433,0.435,0.703,0.674,0.588,0.849,0.765,0.558,0.303,
 0.680,0.600,0.668,0.690,0.680,0.807,0.643,0.581,0.691,0.754,0.590,0.733,
 0.628,0.547,0.496,0.592,0.763,0.553,0.615,0.702,0.532,0.629,0.640,0.419,
 0.774,0.693,0.570,0.804,0.575,0.600,0.650,0.785,0.428,0.556,0.515,0.589,
 0.813,0.836,0.438,0.680,0.664,0.817,0.782,0.340,0.855,0.715,0.811,0.590,
 0.794,0.709,0.625,0.711,0.565,0.494,0.722,0.547,0.901,0.800,0.693,0.749,
 0.305,0.506,0.538,0.817,0.822,0.680,0.589,0.662,0.514,0.652,0.867,0.650,
 0.642,0.778,0.700,0.734,0.793,0.725,0.649,0.717,0.527,0.555,0.870,0.691,
 0.600,0.715,0.443,0.679]
Testing Group Acc: [0.524,0.000,0.000]
Epoch [44] Testing Results: Prec@1 52.360 Prec@5 82.300 Loss 1.90588
Epoch [44] Testing Class Recall: [0.840,0.750,0.720,0.050,0.530,0.670,0.670,0.660,0.590,0.760,0.570,0.250,
 0.340,0.760,0.630,0.530,0.750,0.400,0.600,0.560,0.280,0.820,0.360,0.860,
 0.490,0.420,0.440,0.100,0.730,0.370,0.310,0.250,0.620,0.580,0.540,0.010,
 0.630,0.490,0.590,0.760,0.470,0.670,0.660,0.430,0.220,0.120,0.460,0.660,
 0.590,0.580,0.320,0.400,0.160,0.810,0.760,0.370,0.710,0.800,0.580,0.450,
 0.460,0.400,0.230,0.440,0.200,0.330,0.670,0.520,0.850,0.810,0.470,0.600,
 0.290,0.490,0.280,0.900,0.430,0.750,0.260,0.670,0.470,0.340,0.740,0.680,
 0.340,0.550,0.700,0.920,0.630,0.450,0.470,0.490,0.330,0.190,0.900,0.580,
 0.520,0.480,0.470,0.560]
Training Group Acc: [0.654,0.000,0.000]
Epoch [45] Training Results: Prec@1 65.464 Prec@5 91.342 Loss 1.16865
Epoch [45] Training Class Recall: [0.845,0.798,0.534,0.410,0.450,0.670,0.691,0.625,0.845,0.781,0.536,0.354,
 0.702,0.617,0.647,0.649,0.674,0.831,0.606,0.612,0.699,0.803,0.636,0.751,
 0.623,0.591,0.486,0.586,0.761,0.494,0.656,0.721,0.561,0.649,0.674,0.398,
 0.743,0.681,0.596,0.814,0.592,0.629,0.660,0.765,0.438,0.512,0.508,0.581,
 0.806,0.824,0.419,0.663,0.656,0.831,0.773,0.290,0.857,0.693,0.832,0.577,
 0.831,0.714,0.630,0.687,0.559,0.496,0.722,0.534,0.892,0.800,0.659,0.722,
 0.272,0.494,0.502,0.831,0.825,0.669,0.595,0.670,0.541,0.659,0.850,0.659,
 0.646,0.807,0.706,0.736,0.781,0.742,0.680,0.721,0.500,0.515,0.864,0.704,
 0.598,0.740,0.455,0.660]
Testing Group Acc: [0.556,0.000,0.000]
Epoch [45] Testing Results: Prec@1 55.570 Prec@5 84.030 Loss 1.70410
Epoch [45] Testing Class Recall: [0.710,0.650,0.700,0.410,0.390,0.650,0.730,0.650,0.720,0.670,0.370,0.420,
 0.630,0.680,0.570,0.440,0.500,0.590,0.510,0.520,0.680,0.710,0.310,0.540,
 0.610,0.340,0.370,0.340,0.680,0.550,0.640,0.230,0.550,0.440,0.760,0.020,
 0.450,0.610,0.440,0.770,0.500,0.780,0.720,0.740,0.170,0.190,0.320,0.320,
 0.930,0.750,0.350,0.320,0.940,0.890,0.710,0.130,0.690,0.770,0.790,0.270,
 0.830,0.520,0.640,0.660,0.370,0.600,0.710,0.530,0.860,0.820,0.280,0.650,
 0.350,0.380,0.080,0.870,0.790,0.680,0.630,0.620,0.220,0.510,0.810,0.400,
 0.100,0.590,0.850,0.630,0.640,0.540,0.620,0.690,0.270,0.520,0.750,0.690,
 0.480,0.580,0.470,0.510]
Training Group Acc: [0.654,0.000,0.000]
Epoch [46] Training Results: Prec@1 65.600 Prec@5 91.367 Loss 1.17072
Epoch [46] Training Class Recall: [0.785,0.777,0.540,0.452,0.470,0.707,0.696,0.644,0.843,0.786,0.538,0.324,
 0.659,0.596,0.668,0.671,0.687,0.811,0.653,0.608,0.669,0.792,0.596,0.767,
 0.610,0.553,0.516,0.567,0.777,0.503,0.638,0.663,0.559,0.641,0.672,0.370,
 0.768,0.662,0.594,0.804,0.573,0.641,0.668,0.789,0.446,0.530,0.551,0.569,
 0.815,0.814,0.432,0.703,0.676,0.838,0.771,0.324,0.848,0.704,0.804,0.588,
 0.816,0.709,0.643,0.689,0.570,0.500,0.726,0.578,0.890,0.800,0.604,0.755,
 0.336,0.485,0.518,0.833,0.818,0.686,0.573,0.678,0.490,0.650,0.891,0.654,
 0.627,0.788,0.677,0.740,0.757,0.754,0.662,0.715,0.519,0.563,0.896,0.683,
 0.621,0.746,0.462,0.621]
Testing Group Acc: [0.547,0.000,0.000]
Epoch [46] Testing Results: Prec@1 54.660 Prec@5 84.050 Loss 1.75423
Epoch [46] Testing Class Recall: [0.660,0.640,0.170,0.130,0.200,0.250,0.560,0.630,0.690,0.700,0.250,0.040,
 0.790,0.590,0.680,0.520,0.590,0.680,0.430,0.400,0.580,0.490,0.620,0.670,
 0.310,0.640,0.450,0.550,0.580,0.560,0.500,0.600,0.480,0.620,0.250,0.540,
 0.470,0.630,0.640,0.810,0.570,0.560,0.690,0.720,0.510,0.350,0.240,0.660,
 0.910,0.760,0.340,0.550,0.580,0.720,0.630,0.040,0.720,0.830,0.670,0.650,
 0.670,0.490,0.540,0.500,0.330,0.160,0.560,0.550,0.920,0.730,0.750,0.790,
 0.240,0.380,0.330,0.630,0.890,0.430,0.430,0.660,0.250,0.510,0.850,0.200,
 0.290,0.860,0.710,0.540,0.600,0.530,0.750,0.650,0.410,0.820,0.660,0.600,
 0.320,0.750,0.410,0.680]
Training Group Acc: [0.658,0.000,0.000]
Epoch [47] Training Results: Prec@1 65.929 Prec@5 91.496 Loss 1.15935
Epoch [47] Training Class Recall: [0.824,0.785,0.554,0.414,0.450,0.703,0.703,0.635,0.836,0.740,0.540,0.327,
 0.687,0.644,0.685,0.686,0.678,0.799,0.641,0.630,0.662,0.775,0.613,0.735,
 0.632,0.565,0.514,0.584,0.789,0.509,0.622,0.730,0.557,0.617,0.688,0.419,
 0.766,0.701,0.600,0.809,0.594,0.616,0.695,0.777,0.434,0.527,0.530,0.579,
 0.822,0.800,0.428,0.691,0.707,0.871,0.773,0.305,0.857,0.687,0.822,0.588,
 0.794,0.698,0.623,0.699,0.544,0.498,0.747,0.562,0.909,0.794,0.682,0.745,
 0.316,0.513,0.549,0.826,0.820,0.694,0.571,0.680,0.496,0.643,0.865,0.675,
 0.654,0.801,0.677,0.777,0.767,0.758,0.631,0.738,0.553,0.565,0.857,0.657,
 0.615,0.713,0.482,0.657]
Testing Group Acc: [0.485,0.000,0.000]
Epoch [47] Testing Results: Prec@1 48.450 Prec@5 78.330 Loss 2.19581
Epoch [47] Testing Class Recall: [0.680,0.770,0.520,0.180,0.330,0.120,0.670,0.650,0.680,0.590,0.310,0.260,
 0.590,0.480,0.430,0.380,0.520,0.490,0.550,0.220,0.240,0.430,0.540,0.560,
 0.460,0.290,0.660,0.260,0.470,0.510,0.340,0.050,0.420,0.350,0.510,0.050,
 0.710,0.620,0.540,0.560,0.260,0.630,0.230,0.690,0.430,0.570,0.090,0.550,
 0.900,0.800,0.430,0.410,0.750,0.730,0.690,0.090,0.890,0.610,0.470,0.340,
 0.580,0.460,0.550,0.320,0.520,0.310,0.470,0.170,0.710,0.680,0.520,0.580,
 0.030,0.320,0.350,0.440,0.760,0.500,0.670,0.730,0.260,0.450,0.920,0.450,
 0.610,0.550,0.290,0.550,0.790,0.610,0.700,0.460,0.670,0.400,0.770,0.320,
 0.590,0.450,0.050,0.340]
Training Group Acc: [0.658,0.000,0.000]
Epoch [48] Training Results: Prec@1 65.882 Prec@5 91.687 Loss 1.15655
Epoch [48] Training Class Recall: [0.797,0.794,0.562,0.439,0.474,0.681,0.698,0.644,0.838,0.774,0.529,0.351,
 0.639,0.626,0.696,0.717,0.661,0.805,0.655,0.617,0.654,0.794,0.638,0.749,
 0.671,0.581,0.516,0.561,0.768,0.494,0.627,0.687,0.554,0.625,0.666,0.391,
 0.747,0.714,0.615,0.826,0.618,0.637,0.684,0.785,0.438,0.523,0.520,0.603,
 0.790,0.814,0.440,0.689,0.662,0.836,0.769,0.334,0.893,0.734,0.817,0.577,
 0.810,0.696,0.676,0.693,0.557,0.498,0.709,0.580,0.909,0.809,0.656,0.724,
 0.325,0.469,0.526,0.815,0.820,0.676,0.595,0.662,0.549,0.665,0.884,0.664,
 0.629,0.797,0.666,0.740,0.746,0.729,0.664,0.732,0.541,0.577,0.876,0.694,
 0.572,0.719,0.436,0.638]
Testing Group Acc: [0.545,0.000,0.000]
Epoch [48] Testing Results: Prec@1 54.470 Prec@5 82.780 Loss 1.78608
Epoch [48] Testing Class Recall: [0.820,0.520,0.210,0.310,0.380,0.420,0.420,0.470,0.690,0.670,0.350,0.410,
 0.850,0.390,0.500,0.360,0.720,0.780,0.610,0.560,0.670,0.610,0.610,0.640,
 0.370,0.180,0.350,0.460,0.770,0.470,0.590,0.600,0.440,0.810,0.570,0.340,
 0.650,0.350,0.460,0.740,0.490,0.580,0.660,0.550,0.150,0.300,0.350,0.460,
 0.800,0.610,0.280,0.690,0.500,0.800,0.650,0.190,0.660,0.780,0.580,0.610,
 0.770,0.680,0.580,0.610,0.250,0.520,0.690,0.200,0.610,0.780,0.550,0.790,
 0.200,0.320,0.190,0.880,0.820,0.680,0.390,0.520,0.470,0.900,0.830,0.430,
 0.560,0.440,0.570,0.760,0.740,0.640,0.570,0.430,0.540,0.400,0.910,0.590,
 0.220,0.700,0.230,0.700]
Training Group Acc: [0.661,0.000,0.000]
Epoch [49] Training Results: Prec@1 66.227 Prec@5 91.609 Loss 1.15096
Epoch [49] Training Class Recall: [0.833,0.798,0.538,0.418,0.489,0.705,0.681,0.617,0.851,0.781,0.547,0.287,
 0.652,0.647,0.693,0.690,0.695,0.799,0.629,0.612,0.721,0.756,0.585,0.753,
 0.602,0.535,0.519,0.608,0.761,0.503,0.638,0.715,0.552,0.653,0.697,0.398,
 0.776,0.681,0.562,0.801,0.606,0.661,0.670,0.789,0.464,0.563,0.534,0.603,
 0.817,0.810,0.444,0.701,0.682,0.845,0.775,0.328,0.857,0.723,0.809,0.577,
 0.823,0.709,0.653,0.705,0.563,0.530,0.709,0.560,0.895,0.791,0.664,0.745,
 0.307,0.492,0.557,0.857,0.829,0.715,0.598,0.656,0.559,0.713,0.869,0.652,
 0.665,0.816,0.694,0.742,0.793,0.739,0.655,0.712,0.527,0.551,0.857,0.700,
 0.609,0.721,0.458,0.670]
Testing Group Acc: [0.526,0.000,0.000]
Epoch [49] Testing Results: Prec@1 52.590 Prec@5 82.500 Loss 1.88814
Epoch [49] Testing Class Recall: [0.660,0.700,0.420,0.430,0.350,0.200,0.640,0.750,0.740,0.820,0.480,0.610,
 0.260,0.360,0.610,0.360,0.720,0.740,0.580,0.470,0.360,0.830,0.760,0.730,
 0.160,0.410,0.240,0.100,0.840,0.280,0.510,0.580,0.480,0.420,0.440,0.460,
 0.620,0.830,0.590,0.630,0.300,0.550,0.260,0.660,0.190,0.090,0.200,0.380,
 0.800,0.540,0.590,0.710,0.450,0.810,0.770,0.530,0.570,0.590,0.590,0.740,
 0.730,0.330,0.680,0.400,0.450,0.300,0.540,0.330,0.620,0.660,0.500,0.850,
 0.200,0.360,0.460,0.540,0.800,0.440,0.470,0.590,0.160,0.650,0.830,0.590,
 0.340,0.600,0.400,0.900,0.640,0.800,0.650,0.370,0.400,0.340,0.900,0.490,
 0.480,0.660,0.190,0.460]
Training Group Acc: [0.665,0.000,0.000]
Epoch [50] Training Results: Prec@1 66.576 Prec@5 91.593 Loss 1.13567
Epoch [50] Training Class Recall: [0.821,0.794,0.527,0.422,0.456,0.729,0.700,0.637,0.871,0.735,0.562,0.327,
 0.672,0.633,0.706,0.705,0.685,0.811,0.639,0.608,0.706,0.784,0.619,0.745,
 0.610,0.600,0.511,0.586,0.784,0.522,0.618,0.715,0.559,0.645,0.664,0.412,
 0.778,0.712,0.635,0.831,0.623,0.665,0.674,0.799,0.464,0.534,0.537,0.595,
 0.833,0.847,0.405,0.682,0.699,0.836,0.780,0.340,0.868,0.721,0.811,0.590,
 0.823,0.704,0.658,0.673,0.563,0.504,0.752,0.593,0.903,0.791,0.643,0.745,
 0.333,0.497,0.532,0.829,0.831,0.704,0.581,0.668,0.520,0.670,0.869,0.682,
 0.669,0.809,0.686,0.749,0.797,0.771,0.680,0.725,0.512,0.569,0.851,0.689,
 0.606,0.726,0.516,0.657]
Testing Group Acc: [0.583,0.000,0.000]
Epoch [50] Testing Results: Prec@1 58.260 Prec@5 85.800 Loss 1.56246
Epoch [50] Testing Class Recall: [0.820,0.830,0.740,0.250,0.510,0.850,0.680,0.340,0.860,0.530,0.340,0.310,
 0.660,0.680,0.420,0.680,0.610,0.760,0.490,0.400,0.450,0.810,0.720,0.750,
 0.620,0.540,0.440,0.570,0.740,0.370,0.690,0.550,0.340,0.430,0.430,0.180,
 0.670,0.650,0.590,0.790,0.560,0.820,0.370,0.640,0.280,0.450,0.510,0.720,
 0.860,0.780,0.120,0.500,0.750,0.820,0.730,0.250,0.820,0.580,0.810,0.390,
 0.810,0.680,0.570,0.570,0.740,0.590,0.640,0.530,0.830,0.690,0.740,0.740,
 0.440,0.380,0.430,0.640,0.730,0.550,0.540,0.610,0.160,0.240,0.850,0.560,
 0.410,0.480,0.590,0.670,0.630,0.570,0.720,0.710,0.510,0.500,0.690,0.610,
 0.290,0.550,0.600,0.620]
Training Group Acc: [0.661,0.000,0.000]
Epoch [51] Training Results: Prec@1 66.189 Prec@5 91.656 Loss 1.14601
Epoch [51] Training Class Recall: [0.831,0.800,0.571,0.414,0.466,0.705,0.710,0.640,0.888,0.774,0.516,0.343,
 0.663,0.594,0.698,0.690,0.665,0.817,0.669,0.635,0.676,0.801,0.593,0.778,
 0.641,0.553,0.506,0.606,0.796,0.522,0.618,0.717,0.554,0.635,0.680,0.391,
 0.785,0.683,0.568,0.838,0.611,0.661,0.684,0.771,0.430,0.536,0.530,0.609,
 0.813,0.830,0.432,0.680,0.688,0.822,0.775,0.344,0.874,0.710,0.817,0.556,
 0.806,0.678,0.678,0.701,0.555,0.479,0.702,0.562,0.901,0.800,0.688,0.761,
 0.298,0.501,0.530,0.805,0.822,0.694,0.595,0.662,0.514,0.672,0.886,0.652,
 0.650,0.799,0.680,0.723,0.779,0.767,0.664,0.689,0.563,0.567,0.890,0.668,
 0.586,0.734,0.501,0.668]
Testing Group Acc: [0.538,0.000,0.000]
Epoch [51] Testing Results: Prec@1 53.750 Prec@5 83.330 Loss 1.85773
Epoch [51] Testing Class Recall: [0.790,0.760,0.380,0.350,0.470,0.370,0.530,0.560,0.750,0.580,0.250,0.190,
 0.400,0.650,0.540,0.420,0.840,0.800,0.280,0.710,0.300,0.720,0.190,0.470,
 0.080,0.290,0.350,0.340,0.730,0.390,0.410,0.380,0.610,0.670,0.650,0.450,
 0.710,0.660,0.500,0.670,0.330,0.490,0.780,0.780,0.300,0.480,0.350,0.420,
 0.980,0.850,0.170,0.640,0.600,0.660,0.710,0.070,0.510,0.550,0.690,0.650,
 0.700,0.660,0.530,0.550,0.380,0.760,0.510,0.290,0.870,0.670,0.360,0.760,
 0.450,0.460,0.360,0.750,0.790,0.500,0.680,0.540,0.530,0.660,0.790,0.140,
 0.460,0.350,0.570,0.510,0.720,0.840,0.700,0.540,0.590,0.530,0.690,0.640,
 0.310,0.580,0.270,0.560]
Training Group Acc: [0.659,0.000,0.000]
Epoch [52] Training Results: Prec@1 66.091 Prec@5 91.493 Loss 1.14654
Epoch [52] Training Class Recall: [0.819,0.798,0.547,0.426,0.464,0.696,0.728,0.629,0.836,0.788,0.569,0.301,
 0.650,0.628,0.721,0.686,0.661,0.805,0.637,0.632,0.647,0.794,0.605,0.745,
 0.649,0.558,0.491,0.628,0.766,0.481,0.643,0.706,0.565,0.651,0.668,0.433,
 0.749,0.666,0.600,0.847,0.573,0.653,0.690,0.779,0.476,0.530,0.520,0.591,
 0.795,0.838,0.459,0.689,0.725,0.836,0.757,0.305,0.872,0.689,0.817,0.600,
 0.814,0.698,0.615,0.697,0.591,0.506,0.752,0.573,0.903,0.796,0.638,0.763,
 0.349,0.476,0.536,0.817,0.800,0.698,0.585,0.652,0.528,0.663,0.879,0.664,
 0.654,0.792,0.703,0.745,0.795,0.714,0.642,0.715,0.517,0.551,0.859,0.677,
 0.594,0.734,0.448,0.677]
Testing Group Acc: [0.527,0.000,0.000]
Epoch [52] Testing Results: Prec@1 52.720 Prec@5 81.130 Loss 1.95634
Epoch [52] Testing Class Recall: [0.760,0.820,0.280,0.350,0.370,0.780,0.630,0.630,0.710,0.750,0.320,0.380,
 0.680,0.310,0.250,0.230,0.590,0.840,0.710,0.460,0.390,0.680,0.580,0.670,
 0.430,0.450,0.390,0.450,0.280,0.560,0.460,0.530,0.540,0.780,0.540,0.240,
 0.660,0.740,0.380,0.800,0.450,0.420,0.580,0.280,0.210,0.200,0.230,0.540,
 0.840,0.570,0.380,0.570,0.600,0.760,0.550,0.170,0.510,0.680,0.890,0.550,
 0.850,0.420,0.480,0.640,0.600,0.150,0.760,0.330,0.820,0.750,0.570,0.610,
 0.210,0.440,0.190,0.680,0.770,0.340,0.340,0.520,0.440,0.880,0.840,0.380,
 0.600,0.460,0.430,0.740,0.540,0.870,0.500,0.670,0.430,0.370,0.810,0.560,
 0.290,0.630,0.050,0.380]
Training Group Acc: [0.666,0.000,0.000]
Epoch [53] Training Results: Prec@1 66.760 Prec@5 91.793 Loss 1.12894
Epoch [53] Training Class Recall: [0.838,0.796,0.551,0.456,0.478,0.703,0.712,0.637,0.855,0.772,0.580,0.340,
 0.672,0.637,0.658,0.717,0.685,0.817,0.633,0.614,0.618,0.801,0.667,0.780,
 0.641,0.581,0.531,0.590,0.768,0.531,0.618,0.717,0.610,0.669,0.678,0.433,
 0.762,0.706,0.582,0.768,0.601,0.673,0.686,0.783,0.464,0.536,0.568,0.609,
 0.840,0.822,0.448,0.697,0.676,0.838,0.769,0.351,0.865,0.717,0.813,0.584,
 0.806,0.732,0.656,0.687,0.542,0.530,0.732,0.571,0.899,0.803,0.675,0.751,
 0.344,0.471,0.526,0.840,0.818,0.674,0.627,0.690,0.553,0.670,0.879,0.631,
 0.683,0.767,0.683,0.716,0.787,0.792,0.664,0.721,0.514,0.590,0.868,0.687,
 0.580,0.751,0.487,0.672]
Testing Group Acc: [0.541,0.000,0.000]
Epoch [53] Testing Results: Prec@1 54.140 Prec@5 83.350 Loss 1.76103
Epoch [53] Testing Class Recall: [0.530,0.640,0.600,0.360,0.260,0.520,0.630,0.550,0.710,0.880,0.290,0.120,
 0.510,0.680,0.510,0.410,0.740,0.580,0.570,0.440,0.550,0.630,0.310,0.560,
 0.360,0.470,0.120,0.210,0.650,0.400,0.690,0.510,0.430,0.540,0.500,0.110,
 0.560,0.740,0.750,0.830,0.490,0.910,0.340,0.650,0.420,0.440,0.370,0.510,
 0.830,0.470,0.130,0.410,0.570,0.680,0.600,0.120,0.760,0.790,0.610,0.410,
 0.830,0.610,0.230,0.630,0.390,0.500,0.450,0.570,0.820,0.790,0.400,0.850,
 0.410,0.130,0.210,0.720,0.770,0.610,0.520,0.760,0.410,0.360,0.800,0.780,
 0.550,0.360,0.740,0.770,0.700,0.560,0.810,0.710,0.440,0.420,0.780,0.710,
 0.690,0.420,0.410,0.560]
Training Group Acc: [0.664,0.000,0.000]
Epoch [54] Training Results: Prec@1 66.484 Prec@5 91.760 Loss 1.13378
Epoch [54] Training Class Recall: [0.841,0.798,0.527,0.464,0.464,0.711,0.703,0.631,0.843,0.770,0.532,0.330,
 0.667,0.619,0.698,0.682,0.674,0.823,0.643,0.639,0.706,0.788,0.641,0.765,
 0.606,0.577,0.511,0.608,0.782,0.528,0.656,0.717,0.563,0.649,0.692,0.386,
 0.768,0.672,0.590,0.811,0.606,0.669,0.703,0.781,0.512,0.580,0.558,0.605,
 0.813,0.806,0.471,0.701,0.648,0.833,0.784,0.357,0.872,0.702,0.802,0.565,
 0.810,0.704,0.623,0.707,0.580,0.492,0.754,0.584,0.917,0.805,0.677,0.739,
 0.320,0.529,0.538,0.833,0.811,0.702,0.608,0.658,0.512,0.700,0.865,0.650,
 0.646,0.805,0.683,0.725,0.775,0.714,0.660,0.717,0.556,0.530,0.876,0.683,
 0.604,0.723,0.472,0.645]
Testing Group Acc: [0.547,0.000,0.000]
Epoch [54] Testing Results: Prec@1 54.690 Prec@5 83.770 Loss 1.76563
Epoch [54] Testing Class Recall: [0.440,0.640,0.420,0.050,0.420,0.690,0.650,0.600,0.670,0.530,0.480,0.600,
 0.440,0.320,0.430,0.740,0.450,0.540,0.450,0.160,0.370,0.600,0.460,0.700,
 0.710,0.420,0.340,0.450,0.440,0.330,0.450,0.130,0.550,0.390,0.760,0.000,
 0.600,0.800,0.360,0.780,0.550,0.640,0.780,0.480,0.550,0.410,0.100,0.670,
 0.840,0.780,0.460,0.520,0.400,0.880,0.500,0.270,0.740,0.820,0.880,0.680,
 0.720,0.380,0.340,0.490,0.640,0.450,0.520,0.500,0.590,0.860,0.620,0.830,
 0.320,0.450,0.460,0.770,0.730,0.680,0.410,0.590,0.630,0.390,0.860,0.550,
 0.450,0.670,0.570,0.840,0.560,0.750,0.600,0.800,0.570,0.360,0.690,0.540,
 0.370,0.740,0.480,0.610]
Training Group Acc: [0.668,0.000,0.000]
Epoch [55] Training Results: Prec@1 66.913 Prec@5 91.851 Loss 1.12614
Epoch [55] Training Class Recall: [0.848,0.803,0.565,0.435,0.464,0.733,0.712,0.654,0.840,0.786,0.542,0.327,
 0.693,0.630,0.689,0.705,0.695,0.803,0.635,0.594,0.647,0.786,0.633,0.759,
 0.649,0.591,0.516,0.656,0.775,0.543,0.624,0.704,0.621,0.675,0.688,0.423,
 0.772,0.691,0.560,0.831,0.601,0.645,0.699,0.785,0.478,0.530,0.518,0.623,
 0.831,0.832,0.448,0.716,0.672,0.840,0.780,0.384,0.842,0.715,0.832,0.586,
 0.806,0.735,0.678,0.677,0.600,0.502,0.737,0.562,0.899,0.789,0.648,0.759,
 0.320,0.515,0.504,0.808,0.804,0.715,0.595,0.654,0.553,0.665,0.872,0.657,
 0.629,0.818,0.700,0.734,0.789,0.752,0.667,0.723,0.580,0.575,0.880,0.717,
 0.623,0.715,0.477,0.683]
Testing Group Acc: [0.537,0.000,0.000]
Epoch [55] Testing Results: Prec@1 53.680 Prec@5 83.430 Loss 1.81790
Epoch [55] Testing Class Recall: [0.760,0.590,0.140,0.320,0.610,0.250,0.720,0.470,0.700,0.620,0.420,0.150,
 0.650,0.600,0.400,0.490,0.730,0.760,0.570,0.510,0.410,0.890,0.490,0.360,
 0.270,0.350,0.460,0.540,0.780,0.310,0.440,0.680,0.450,0.440,0.130,0.340,
 0.520,0.380,0.380,0.720,0.470,0.710,0.690,0.680,0.250,0.530,0.500,0.860,
 0.900,0.670,0.130,0.570,0.310,0.510,0.680,0.280,0.650,0.610,0.810,0.650,
 0.790,0.540,0.700,0.530,0.160,0.200,0.820,0.320,0.730,0.670,0.510,0.800,
 0.360,0.360,0.200,0.840,0.830,0.480,0.650,0.450,0.270,0.770,0.770,0.600,
 0.250,0.770,0.700,0.600,0.650,0.480,0.780,0.690,0.300,0.330,0.700,0.810,
 0.280,0.650,0.480,0.600]
Training Group Acc: [0.669,0.000,0.000]
Epoch [56] Training Results: Prec@1 67.049 Prec@5 91.818 Loss 1.12528
Epoch [56] Training Class Recall: [0.841,0.783,0.569,0.450,0.507,0.729,0.740,0.665,0.843,0.777,0.542,0.330,
 0.659,0.644,0.719,0.713,0.700,0.797,0.659,0.641,0.647,0.777,0.647,0.771,
 0.688,0.586,0.491,0.626,0.787,0.550,0.661,0.736,0.574,0.653,0.709,0.428,
 0.785,0.674,0.600,0.840,0.625,0.661,0.701,0.817,0.454,0.556,0.534,0.615,
 0.804,0.836,0.473,0.714,0.688,0.800,0.782,0.351,0.863,0.736,0.826,0.596,
 0.794,0.696,0.648,0.707,0.582,0.500,0.737,0.593,0.888,0.776,0.669,0.784,
 0.336,0.529,0.528,0.845,0.820,0.702,0.610,0.644,0.541,0.643,0.846,0.671,
 0.665,0.807,0.666,0.716,0.787,0.761,0.631,0.706,0.546,0.555,0.857,0.709,
 0.592,0.726,0.482,0.651]
Testing Group Acc: [0.535,0.000,0.000]
Epoch [56] Testing Results: Prec@1 53.490 Prec@5 82.900 Loss 1.80680
Epoch [56] Testing Class Recall: [0.810,0.870,0.730,0.160,0.350,0.620,0.390,0.370,0.690,0.800,0.210,0.110,
 0.640,0.260,0.480,0.350,0.630,0.650,0.570,0.560,0.650,0.550,0.500,0.820,
 0.550,0.310,0.330,0.380,0.790,0.390,0.480,0.380,0.490,0.480,0.630,0.090,
 0.890,0.530,0.520,0.680,0.620,0.480,0.440,0.750,0.250,0.180,0.590,0.380,
 0.310,0.770,0.380,0.470,0.850,0.770,0.620,0.140,0.810,0.700,0.480,0.380,
 0.740,0.620,0.660,0.600,0.290,0.400,0.840,0.400,0.890,0.710,0.200,0.840,
 0.310,0.510,0.260,0.760,0.830,0.380,0.280,0.640,0.390,0.760,0.880,0.380,
 0.440,0.320,0.560,0.630,0.560,0.410,0.680,0.550,0.630,0.420,0.900,0.650,
 0.390,0.700,0.370,0.650]
Training Group Acc: [0.666,0.000,0.000]
Epoch [57] Training Results: Prec@1 66.756 Prec@5 91.867 Loss 1.11846
Epoch [57] Training Class Recall: [0.845,0.781,0.582,0.437,0.483,0.707,0.710,0.652,0.849,0.765,0.551,0.346,
 0.687,0.617,0.706,0.674,0.667,0.821,0.659,0.659,0.699,0.758,0.678,0.773,
 0.593,0.607,0.524,0.630,0.770,0.516,0.633,0.727,0.552,0.659,0.674,0.430,
 0.801,0.712,0.600,0.816,0.613,0.633,0.684,0.785,0.490,0.549,0.539,0.558,
 0.801,0.818,0.434,0.716,0.684,0.836,0.782,0.305,0.880,0.723,0.837,0.579,
 0.810,0.727,0.643,0.737,0.559,0.500,0.754,0.541,0.909,0.791,0.664,0.728,
 0.333,0.538,0.532,0.819,0.788,0.727,0.616,0.654,0.539,0.665,0.876,0.652,
 0.663,0.809,0.694,0.740,0.789,0.737,0.671,0.725,0.536,0.555,0.870,0.666,
 0.633,0.684,0.482,0.662]
Testing Group Acc: [0.512,0.000,0.000]
Epoch [57] Testing Results: Prec@1 51.240 Prec@5 80.060 Loss 2.07429
Epoch [57] Testing Class Recall: [0.750,0.340,0.410,0.290,0.420,0.410,0.700,0.590,0.690,0.500,0.190,0.200,
 0.590,0.520,0.230,0.610,0.560,0.550,0.710,0.350,0.620,0.740,0.270,0.590,
 0.390,0.370,0.740,0.280,0.700,0.190,0.570,0.490,0.400,0.220,0.490,0.580,
 0.580,0.600,0.530,0.690,0.370,0.710,0.570,0.890,0.140,0.160,0.300,0.320,
 0.690,0.660,0.080,0.670,0.880,0.850,0.660,0.450,0.550,0.750,0.630,0.320,
 0.600,0.590,0.510,0.710,0.470,0.370,0.630,0.120,0.910,0.490,0.550,0.610,
 0.500,0.140,0.350,0.820,0.740,0.680,0.740,0.420,0.470,0.460,0.750,0.370,
 0.400,0.500,0.550,0.570,0.250,0.220,0.640,0.660,0.370,0.410,0.740,0.340,
 0.520,0.680,0.400,0.690]
Training Group Acc: [0.671,0.000,0.000]
Epoch [58] Training Results: Prec@1 67.136 Prec@5 92.024 Loss 1.11213
Epoch [58] Training Class Recall: [0.831,0.803,0.558,0.420,0.466,0.700,0.721,0.675,0.840,0.763,0.588,0.343,
 0.691,0.637,0.734,0.692,0.665,0.821,0.655,0.641,0.743,0.799,0.630,0.767,
 0.662,0.591,0.509,0.624,0.782,0.543,0.645,0.697,0.550,0.659,0.688,0.407,
 0.797,0.718,0.592,0.838,0.618,0.633,0.690,0.757,0.488,0.574,0.537,0.577,
 0.833,0.822,0.483,0.693,0.662,0.831,0.769,0.374,0.863,0.708,0.839,0.594,
 0.821,0.737,0.676,0.713,0.580,0.532,0.730,0.560,0.911,0.805,0.661,0.759,
 0.342,0.478,0.567,0.819,0.843,0.723,0.618,0.672,0.563,0.635,0.884,0.650,
 0.656,0.811,0.731,0.710,0.789,0.750,0.646,0.734,0.522,0.559,0.872,0.677,
 0.615,0.728,0.472,0.670]
Testing Group Acc: [0.524,0.000,0.000]
Epoch [58] Testing Results: Prec@1 52.430 Prec@5 81.160 Loss 1.96912
Epoch [58] Testing Class Recall: [0.810,0.800,0.630,0.160,0.370,0.550,0.410,0.620,0.710,0.740,0.240,0.180,
 0.360,0.630,0.260,0.370,0.690,0.720,0.430,0.620,0.610,0.910,0.510,0.760,
 0.260,0.460,0.150,0.280,0.780,0.390,0.110,0.910,0.300,0.530,0.490,0.350,
 0.590,0.700,0.580,0.800,0.510,0.650,0.420,0.600,0.250,0.300,0.440,0.300,
 0.940,0.850,0.240,0.300,0.540,0.830,0.660,0.290,0.800,0.730,0.760,0.530,
 0.360,0.460,0.280,0.350,0.150,0.470,0.430,0.670,0.810,0.710,0.510,0.780,
 0.430,0.560,0.250,0.730,0.880,0.400,0.370,0.640,0.180,0.370,0.810,0.360,
 0.370,0.470,0.730,0.730,0.500,0.510,0.520,0.450,0.260,0.420,0.870,0.760,
 0.600,0.590,0.390,0.590]
Training Group Acc: [0.669,0.000,0.000]
Epoch [59] Training Results: Prec@1 67.133 Prec@5 91.902 Loss 1.12237
Epoch [59] Training Class Recall: [0.824,0.809,0.586,0.431,0.489,0.705,0.681,0.642,0.847,0.767,0.558,0.370,
 0.670,0.644,0.700,0.690,0.710,0.829,0.667,0.641,0.654,0.782,0.619,0.759,
 0.606,0.600,0.506,0.614,0.784,0.512,0.633,0.715,0.572,0.655,0.695,0.416,
 0.785,0.727,0.623,0.850,0.616,0.624,0.674,0.777,0.454,0.552,0.532,0.593,
 0.813,0.830,0.440,0.701,0.666,0.805,0.798,0.359,0.900,0.719,0.817,0.588,
 0.808,0.709,0.643,0.705,0.574,0.559,0.734,0.573,0.897,0.823,0.672,0.743,
 0.322,0.499,0.540,0.817,0.831,0.692,0.633,0.697,0.563,0.683,0.872,0.638,
 0.683,0.814,0.706,0.749,0.801,0.754,0.640,0.747,0.531,0.588,0.886,0.689,
 0.625,0.740,0.482,0.647]
Testing Group Acc: [0.519,0.000,0.000]
Epoch [59] Testing Results: Prec@1 51.900 Prec@5 82.360 Loss 1.90535
Epoch [59] Testing Class Recall: [0.810,0.430,0.300,0.480,0.170,0.200,0.420,0.760,0.590,0.710,0.410,0.380,
 0.690,0.480,0.800,0.490,0.640,0.530,0.450,0.390,0.580,0.840,0.670,0.540,
 0.270,0.470,0.380,0.320,0.750,0.460,0.350,0.640,0.420,0.450,0.360,0.110,
 0.390,0.400,0.450,0.600,0.330,0.750,0.450,0.690,0.530,0.190,0.220,0.320,
 0.910,0.100,0.150,0.530,0.700,0.840,0.350,0.140,0.660,0.650,0.880,0.590,
 0.550,0.330,0.690,0.400,0.420,0.310,0.700,0.370,0.510,0.530,0.470,0.600,
 0.390,0.310,0.520,0.940,0.660,0.430,0.360,0.600,0.110,0.280,0.900,0.600,
 0.560,0.660,0.700,0.740,0.490,0.850,0.670,0.560,0.490,0.470,0.840,0.710,
 0.680,0.430,0.690,0.820]
Training Group Acc: [0.669,0.000,0.000]
Epoch [60] Training Results: Prec@1 67.062 Prec@5 92.104 Loss 1.11515
Epoch [60] Training Class Recall: [0.838,0.811,0.545,0.462,0.478,0.733,0.705,0.660,0.822,0.798,0.590,0.367,
 0.676,0.626,0.689,0.719,0.697,0.829,0.680,0.612,0.662,0.799,0.658,0.739,
 0.628,0.602,0.538,0.588,0.784,0.571,0.636,0.732,0.610,0.677,0.686,0.402,
 0.776,0.689,0.594,0.826,0.578,0.678,0.690,0.809,0.496,0.571,0.518,0.587,
 0.790,0.806,0.446,0.731,0.692,0.829,0.791,0.351,0.865,0.710,0.822,0.579,
 0.821,0.693,0.633,0.701,0.593,0.534,0.724,0.595,0.882,0.821,0.648,0.757,
 0.331,0.533,0.553,0.836,0.827,0.745,0.606,0.670,0.522,0.681,0.824,0.638,
 0.700,0.792,0.680,0.731,0.785,0.742,0.631,0.730,0.524,0.553,0.886,0.681,
 0.598,0.699,0.489,0.657]
Testing Group Acc: [0.528,0.000,0.000]
Epoch [60] Testing Results: Prec@1 52.840 Prec@5 82.370 Loss 1.83990
Epoch [60] Testing Class Recall: [0.730,0.520,0.250,0.370,0.660,0.230,0.860,0.660,0.530,0.570,0.410,0.300,
 0.590,0.590,0.520,0.400,0.690,0.550,0.580,0.490,0.190,0.860,0.340,0.750,
 0.610,0.390,0.170,0.560,0.590,0.260,0.370,0.270,0.330,0.470,0.520,0.490,
 0.300,0.740,0.550,0.780,0.590,0.630,0.850,0.740,0.250,0.250,0.030,0.520,
 0.900,0.670,0.050,0.740,0.720,0.750,0.590,0.330,0.740,0.460,0.720,0.560,
 0.660,0.420,0.710,0.650,0.310,0.240,0.760,0.260,0.780,0.590,0.540,0.860,
 0.210,0.260,0.400,0.860,0.610,0.410,0.640,0.490,0.200,0.560,0.830,0.520,
 0.290,0.550,0.800,0.660,0.480,0.600,0.660,0.690,0.490,0.470,0.510,0.730,
 0.370,0.670,0.480,0.490]
Training Group Acc: [0.672,0.000,0.000]
Epoch [61] Training Results: Prec@1 67.327 Prec@5 92.022 Loss 1.10870
Epoch [61] Training Class Recall: [0.819,0.820,0.586,0.460,0.513,0.733,0.681,0.671,0.855,0.751,0.556,0.362,
 0.672,0.644,0.696,0.744,0.708,0.813,0.620,0.643,0.728,0.790,0.621,0.771,
 0.641,0.579,0.536,0.620,0.775,0.516,0.631,0.736,0.579,0.639,0.711,0.426,
 0.757,0.704,0.629,0.826,0.585,0.641,0.692,0.805,0.510,0.560,0.520,0.583,
 0.822,0.822,0.446,0.699,0.652,0.840,0.764,0.342,0.842,0.751,0.819,0.567,
 0.810,0.693,0.666,0.727,0.589,0.532,0.754,0.571,0.901,0.821,0.648,0.739,
 0.364,0.513,0.538,0.819,0.829,0.727,0.595,0.684,0.551,0.698,0.862,0.671,
 0.675,0.820,0.697,0.745,0.809,0.752,0.658,0.727,0.527,0.586,0.880,0.713,
 0.617,0.738,0.448,0.664]
Testing Group Acc: [0.545,0.000,0.000]
Epoch [61] Testing Results: Prec@1 54.480 Prec@5 83.090 Loss 1.81221
Epoch [61] Testing Class Recall: [0.720,0.740,0.190,0.600,0.580,0.660,0.690,0.500,0.770,0.800,0.310,0.560,
 0.710,0.690,0.460,0.450,0.660,0.680,0.640,0.430,0.420,0.780,0.500,0.840,
 0.390,0.380,0.200,0.440,0.590,0.690,0.660,0.770,0.410,0.390,0.720,0.410,
 0.620,0.570,0.490,0.590,0.340,0.670,0.600,0.680,0.420,0.220,0.480,0.580,
 0.910,0.380,0.350,0.410,0.250,0.550,0.570,0.330,0.860,0.510,0.790,0.300,
 0.780,0.630,0.420,0.680,0.320,0.310,0.620,0.140,0.880,0.590,0.560,0.500,
 0.180,0.390,0.430,0.740,0.850,0.590,0.210,0.640,0.680,0.420,0.760,0.400,
 0.310,0.270,0.830,0.760,0.560,0.680,0.660,0.620,0.500,0.240,0.720,0.520,
 0.770,0.500,0.340,0.580]
Training Group Acc: [0.669,0.000,0.000]
Epoch [62] Training Results: Prec@1 67.002 Prec@5 92.084 Loss 1.11054
Epoch [62] Training Class Recall: [0.845,0.785,0.565,0.418,0.489,0.729,0.717,0.656,0.851,0.765,0.553,0.348,
 0.685,0.630,0.693,0.688,0.676,0.829,0.647,0.632,0.684,0.777,0.633,0.749,
 0.632,0.577,0.531,0.630,0.756,0.503,0.631,0.725,0.585,0.673,0.703,0.416,
 0.772,0.687,0.613,0.833,0.604,0.673,0.703,0.807,0.494,0.563,0.568,0.611,
 0.842,0.820,0.436,0.689,0.672,0.840,0.782,0.336,0.872,0.678,0.817,0.586,
 0.819,0.716,0.689,0.715,0.578,0.519,0.730,0.573,0.903,0.814,0.675,0.730,
 0.336,0.527,0.528,0.826,0.847,0.727,0.581,0.670,0.549,0.659,0.869,0.645,
 0.646,0.790,0.680,0.707,0.787,0.761,0.662,0.725,0.582,0.586,0.876,0.677,
 0.600,0.746,0.450,0.670]
Testing Group Acc: [0.511,0.000,0.000]
Epoch [62] Testing Results: Prec@1 51.120 Prec@5 80.060 Loss 2.04997
Epoch [62] Testing Class Recall: [0.740,0.680,0.390,0.340,0.200,0.850,0.680,0.710,0.790,0.580,0.320,0.110,
 0.660,0.600,0.480,0.370,0.570,0.690,0.690,0.700,0.490,0.400,0.470,0.890,
 0.620,0.370,0.610,0.140,0.540,0.340,0.220,0.180,0.600,0.410,0.660,0.230,
 0.610,0.480,0.510,0.620,0.180,0.500,0.460,0.420,0.520,0.680,0.200,0.510,
 0.530,0.450,0.110,0.570,0.630,0.930,0.750,0.330,0.510,0.560,0.660,0.200,
 0.720,0.630,0.800,0.530,0.280,0.290,0.290,0.430,0.870,0.810,0.600,0.410,
 0.070,0.540,0.530,0.590,0.710,0.290,0.450,0.560,0.110,0.460,0.850,0.320,
 0.580,0.540,0.380,0.610,0.640,0.650,0.730,0.700,0.380,0.530,0.610,0.490,
 0.540,0.540,0.110,0.710]
Training Group Acc: [0.674,0.000,0.000]
Epoch [63] Training Results: Prec@1 67.536 Prec@5 92.164 Loss 1.10275
Epoch [63] Training Class Recall: [0.831,0.811,0.562,0.401,0.505,0.698,0.707,0.633,0.853,0.774,0.549,0.367,
 0.682,0.607,0.704,0.700,0.736,0.821,0.639,0.673,0.647,0.792,0.619,0.753,
 0.658,0.577,0.546,0.614,0.780,0.534,0.629,0.702,0.576,0.639,0.697,0.451,
 0.793,0.727,0.611,0.857,0.566,0.661,0.699,0.779,0.522,0.574,0.527,0.623,
 0.842,0.816,0.428,0.712,0.697,0.850,0.787,0.326,0.863,0.742,0.817,0.569,
 0.812,0.704,0.681,0.733,0.587,0.542,0.752,0.580,0.899,0.809,0.648,0.761,
 0.360,0.529,0.569,0.847,0.809,0.727,0.604,0.699,0.565,0.689,0.891,0.668,
 0.650,0.797,0.686,0.751,0.807,0.777,0.664,0.723,0.534,0.569,0.880,0.681,
 0.621,0.723,0.508,0.683]
Testing Group Acc: [0.576,0.000,0.000]
Epoch [63] Testing Results: Prec@1 57.610 Prec@5 85.840 Loss 1.60629
Epoch [63] Testing Class Recall: [0.830,0.710,0.660,0.360,0.340,0.460,0.530,0.620,0.680,0.900,0.270,0.110,
 0.550,0.680,0.610,0.740,0.590,0.620,0.330,0.440,0.400,0.830,0.590,0.550,
 0.340,0.550,0.370,0.470,0.500,0.600,0.410,0.450,0.280,0.420,0.520,0.340,
 0.670,0.760,0.490,0.540,0.580,0.760,0.660,0.580,0.350,0.330,0.380,0.480,
 0.940,0.730,0.100,0.750,0.700,0.860,0.770,0.420,0.810,0.710,0.610,0.690,
 0.720,0.630,0.430,0.670,0.350,0.370,0.780,0.740,0.940,0.470,0.600,0.910,
 0.190,0.350,0.450,0.770,0.770,0.570,0.470,0.660,0.460,0.520,0.840,0.690,
 0.550,0.780,0.760,0.780,0.520,0.500,0.810,0.810,0.610,0.590,0.810,0.570,
 0.580,0.520,0.250,0.500]
Training Group Acc: [0.675,0.000,0.000]
Epoch [64] Training Results: Prec@1 67.651 Prec@5 92.156 Loss 1.10367
Epoch [64] Training Class Recall: [0.838,0.807,0.575,0.513,0.489,0.736,0.712,0.640,0.855,0.793,0.562,0.354,
 0.702,0.649,0.715,0.721,0.721,0.809,0.653,0.632,0.669,0.803,0.653,0.780,
 0.667,0.598,0.506,0.610,0.794,0.509,0.624,0.706,0.596,0.619,0.701,0.428,
 0.776,0.712,0.637,0.801,0.625,0.665,0.715,0.785,0.484,0.580,0.530,0.589,
 0.804,0.808,0.459,0.718,0.686,0.836,0.771,0.365,0.861,0.717,0.813,0.575,
 0.810,0.735,0.704,0.713,0.561,0.521,0.726,0.606,0.901,0.794,0.682,0.749,
 0.349,0.524,0.555,0.817,0.822,0.735,0.602,0.674,0.579,0.632,0.884,0.694,
 0.694,0.797,0.700,0.736,0.811,0.761,0.646,0.753,0.587,0.581,0.864,0.696,
 0.604,0.748,0.460,0.664]
Testing Group Acc: [0.522,0.000,0.000]
Epoch [64] Testing Results: Prec@1 52.160 Prec@5 83.230 Loss 1.89877
Epoch [64] Testing Class Recall: [0.600,0.790,0.750,0.170,0.310,0.910,0.600,0.420,0.910,0.790,0.410,0.100,
 0.490,0.080,0.360,0.520,0.520,0.880,0.450,0.340,0.590,0.330,0.080,0.640,
 0.280,0.320,0.590,0.100,0.690,0.390,0.380,0.580,0.670,0.210,0.780,0.040,
 0.940,0.300,0.600,0.700,0.280,0.610,0.740,0.620,0.480,0.420,0.500,0.580,
 0.480,0.720,0.370,0.480,0.600,0.870,0.630,0.180,0.670,0.650,0.890,0.310,
 0.740,0.800,0.760,0.400,0.340,0.190,0.490,0.450,0.820,0.820,0.470,0.750,
 0.130,0.460,0.490,0.420,0.670,0.470,0.320,0.780,0.490,0.450,0.780,0.600,
 0.620,0.560,0.440,0.360,0.810,0.700,0.270,0.450,0.310,0.300,0.840,0.350,
 0.570,0.760,0.420,0.620]
Training Group Acc: [0.673,0.000,0.000]
Epoch [65] Training Results: Prec@1 67.491 Prec@5 92.347 Loss 1.10078
Epoch [65] Training Class Recall: [0.831,0.829,0.543,0.458,0.483,0.709,0.726,0.652,0.828,0.777,0.560,0.364,
 0.678,0.642,0.691,0.700,0.708,0.815,0.659,0.664,0.713,0.797,0.630,0.749,
 0.632,0.609,0.521,0.622,0.780,0.519,0.661,0.702,0.565,0.641,0.676,0.440,
 0.789,0.716,0.602,0.821,0.585,0.645,0.692,0.805,0.496,0.569,0.544,0.609,
 0.811,0.843,0.452,0.720,0.695,0.866,0.782,0.378,0.880,0.723,0.809,0.611,
 0.829,0.724,0.651,0.699,0.600,0.559,0.728,0.595,0.907,0.818,0.635,0.751,
 0.320,0.506,0.585,0.803,0.813,0.725,0.624,0.688,0.541,0.674,0.874,0.661,
 0.644,0.801,0.700,0.751,0.779,0.779,0.640,0.736,0.539,0.569,0.855,0.687,
 0.639,0.751,0.484,0.666]
Testing Group Acc: [0.541,0.000,0.000]
Epoch [65] Testing Results: Prec@1 54.080 Prec@5 83.620 Loss 1.82409
Epoch [65] Testing Class Recall: [0.630,0.810,0.520,0.180,0.510,0.160,0.680,0.680,0.780,0.750,0.460,0.410,
 0.500,0.730,0.560,0.300,0.780,0.270,0.390,0.260,0.260,0.910,0.400,0.520,
 0.590,0.380,0.240,0.230,0.550,0.340,0.530,0.540,0.580,0.600,0.660,0.050,
 0.500,0.630,0.400,0.620,0.640,0.700,0.710,0.550,0.280,0.390,0.450,0.460,
 0.970,0.700,0.590,0.580,0.620,0.710,0.780,0.340,0.730,0.480,0.880,0.350,
 0.540,0.660,0.690,0.370,0.190,0.260,0.870,0.520,0.870,0.500,0.200,0.900,
 0.170,0.420,0.230,0.860,0.880,0.090,0.610,0.450,0.280,0.700,0.950,0.780,
 0.610,0.450,0.640,0.760,0.650,0.740,0.500,0.740,0.120,0.460,0.790,0.630,
 0.450,0.700,0.510,0.540]
Training Group Acc: [0.671,0.000,0.000]
Epoch [66] Training Results: Prec@1 67.213 Prec@5 92.049 Loss 1.10162
Epoch [66] Training Class Recall: [0.867,0.792,0.575,0.452,0.466,0.725,0.698,0.662,0.845,0.791,0.534,0.335,
 0.687,0.626,0.717,0.715,0.702,0.807,0.657,0.623,0.654,0.786,0.655,0.765,
 0.680,0.553,0.521,0.610,0.791,0.540,0.615,0.710,0.592,0.633,0.695,0.463,
 0.772,0.689,0.629,0.823,0.599,0.641,0.688,0.753,0.518,0.576,0.499,0.558,
 0.799,0.838,0.450,0.699,0.668,0.843,0.793,0.357,0.872,0.758,0.802,0.598,
 0.806,0.732,0.661,0.703,0.597,0.523,0.728,0.597,0.903,0.812,0.661,0.728,
 0.346,0.533,0.530,0.866,0.827,0.694,0.608,0.686,0.549,0.656,0.886,0.643,
 0.665,0.799,0.711,0.729,0.815,0.784,0.624,0.727,0.582,0.565,0.868,0.691,
 0.639,0.726,0.492,0.636]
Testing Group Acc: [0.504,0.000,0.000]
Epoch [66] Testing Results: Prec@1 50.380 Prec@5 80.310 Loss 1.96688
Epoch [66] Testing Class Recall: [0.830,0.490,0.380,0.230,0.260,0.290,0.390,0.840,0.880,0.670,0.620,0.230,
 0.550,0.500,0.490,0.520,0.710,0.840,0.390,0.500,0.520,0.380,0.660,0.410,
 0.130,0.360,0.440,0.390,0.820,0.610,0.180,0.460,0.490,0.680,0.250,0.350,
 0.400,0.610,0.430,0.760,0.560,0.640,0.220,0.410,0.390,0.370,0.330,0.570,
 0.940,0.750,0.450,0.700,0.510,0.720,0.480,0.140,0.550,0.690,0.200,0.420,
 0.910,0.350,0.590,0.290,0.350,0.280,0.540,0.370,0.860,0.490,0.540,0.340,
 0.070,0.230,0.180,0.460,0.540,0.420,0.500,0.640,0.070,0.750,0.900,0.650,
 0.650,0.770,0.530,0.560,0.370,0.570,0.370,0.690,0.620,0.630,0.880,0.300,
 0.670,0.520,0.240,0.710]
Training Group Acc: [0.673,0.000,0.000]
Epoch [67] Training Results: Prec@1 67.398 Prec@5 92.184 Loss 1.10038
Epoch [67] Training Class Recall: [0.816,0.800,0.560,0.439,0.480,0.740,0.684,0.677,0.861,0.781,0.584,0.340,
 0.704,0.644,0.712,0.682,0.706,0.809,0.651,0.621,0.735,0.788,0.664,0.782,
 0.662,0.586,0.546,0.620,0.789,0.500,0.627,0.715,0.588,0.655,0.680,0.433,
 0.770,0.701,0.635,0.816,0.594,0.633,0.686,0.801,0.482,0.560,0.513,0.611,
 0.824,0.822,0.465,0.699,0.686,0.822,0.773,0.390,0.863,0.717,0.830,0.596,
 0.827,0.729,0.668,0.701,0.582,0.521,0.745,0.558,0.909,0.794,0.646,0.743,
 0.353,0.533,0.530,0.805,0.815,0.735,0.618,0.688,0.541,0.654,0.888,0.659,
 0.679,0.818,0.700,0.738,0.809,0.742,0.667,0.708,0.558,0.569,0.872,0.709,
 0.606,0.738,0.477,0.692]
Testing Group Acc: [0.522,0.000,0.000]
Epoch [67] Testing Results: Prec@1 52.200 Prec@5 82.620 Loss 1.94175
Epoch [67] Testing Class Recall: [0.680,0.570,0.450,0.550,0.310,0.220,0.530,0.690,0.670,0.880,0.300,0.180,
 0.600,0.430,0.410,0.520,0.550,0.810,0.460,0.500,0.500,0.690,0.440,0.580,
 0.570,0.700,0.160,0.150,0.650,0.540,0.230,0.700,0.440,0.660,0.340,0.370,
 0.620,0.610,0.350,0.740,0.350,0.650,0.300,0.510,0.200,0.490,0.300,0.570,
 0.590,0.490,0.480,0.400,0.660,0.780,0.850,0.260,0.850,0.700,0.690,0.330,
 0.740,0.510,0.270,0.460,0.200,0.290,0.270,0.390,0.890,0.720,0.250,0.570,
 0.070,0.310,0.250,0.660,0.810,0.260,0.320,0.600,0.310,0.800,0.820,0.690,
 0.640,0.670,0.710,0.710,0.390,0.880,0.430,0.570,0.520,0.280,0.900,0.760,
 0.440,0.540,0.730,0.770]
Training Group Acc: [0.674,0.000,0.000]
Epoch [68] Training Results: Prec@1 67.538 Prec@5 92.356 Loss 1.09693
Epoch [68] Training Class Recall: [0.853,0.798,0.567,0.460,0.503,0.692,0.684,0.681,0.847,0.791,0.560,0.364,
 0.674,0.612,0.710,0.682,0.702,0.837,0.682,0.623,0.662,0.790,0.664,0.786,
 0.654,0.591,0.556,0.616,0.787,0.556,0.620,0.719,0.570,0.665,0.688,0.440,
 0.776,0.727,0.606,0.797,0.625,0.673,0.719,0.807,0.474,0.591,0.515,0.593,
 0.824,0.826,0.465,0.693,0.660,0.843,0.753,0.342,0.846,0.736,0.832,0.556,
 0.808,0.706,0.668,0.689,0.604,0.538,0.767,0.573,0.923,0.816,0.654,0.757,
 0.331,0.513,0.561,0.822,0.820,0.729,0.647,0.686,0.577,0.676,0.865,0.715,
 0.660,0.814,0.689,0.745,0.775,0.763,0.642,0.697,0.522,0.573,0.876,0.696,
 0.625,0.753,0.489,0.668]
Testing Group Acc: [0.546,0.000,0.000]
Epoch [68] Testing Results: Prec@1 54.620 Prec@5 83.660 Loss 1.74081
Epoch [68] Testing Class Recall: [0.830,0.780,0.190,0.350,0.370,0.540,0.780,0.600,0.700,0.850,0.200,0.350,
 0.750,0.690,0.490,0.480,0.550,0.500,0.650,0.530,0.200,0.540,0.360,0.550,
 0.290,0.260,0.310,0.730,0.780,0.280,0.210,0.530,0.630,0.570,0.670,0.500,
 0.600,0.560,0.550,0.760,0.470,0.690,0.320,0.680,0.400,0.150,0.310,0.200,
 0.880,0.560,0.380,0.680,0.600,0.750,0.650,0.240,0.790,0.760,0.750,0.470,
 0.710,0.390,0.290,0.420,0.440,0.420,0.820,0.330,0.860,0.860,0.070,0.880,
 0.280,0.340,0.480,0.790,0.770,0.480,0.410,0.670,0.190,0.460,0.960,0.540,
 0.690,0.700,0.570,0.780,0.690,0.800,0.720,0.620,0.690,0.310,0.830,0.760,
 0.410,0.510,0.130,0.760]
Training Group Acc: [0.673,0.000,0.000]
Epoch [69] Training Results: Prec@1 67.496 Prec@5 92.300 Loss 1.08939
Epoch [69] Training Class Recall: [0.845,0.803,0.549,0.481,0.483,0.727,0.710,0.692,0.869,0.793,0.527,0.346,
 0.691,0.610,0.706,0.715,0.697,0.821,0.637,0.641,0.654,0.814,0.669,0.763,
 0.632,0.584,0.529,0.644,0.782,0.534,0.629,0.706,0.579,0.613,0.690,0.447,
 0.791,0.697,0.635,0.833,0.601,0.673,0.684,0.817,0.486,0.598,0.556,0.554,
 0.865,0.793,0.455,0.693,0.692,0.831,0.793,0.363,0.880,0.704,0.841,0.548,
 0.812,0.698,0.661,0.729,0.606,0.568,0.737,0.578,0.909,0.794,0.659,0.747,
 0.379,0.524,0.540,0.829,0.797,0.706,0.604,0.678,0.577,0.667,0.884,0.647,
 0.654,0.794,0.703,0.731,0.779,0.792,0.640,0.730,0.558,0.557,0.868,0.696,
 0.627,0.738,0.482,0.670]
Testing Group Acc: [0.565,0.000,0.000]
Epoch [69] Testing Results: Prec@1 56.530 Prec@5 84.510 Loss 1.69549
Epoch [69] Testing Class Recall: [0.660,0.700,0.410,0.220,0.300,0.800,0.530,0.440,0.850,0.780,0.540,0.520,
 0.770,0.320,0.740,0.390,0.750,0.720,0.590,0.470,0.350,0.580,0.570,0.720,
 0.390,0.180,0.290,0.520,0.770,0.530,0.250,0.420,0.620,0.690,0.510,0.150,
 0.480,0.810,0.440,0.770,0.580,0.680,0.710,0.580,0.330,0.430,0.680,0.690,
 0.880,0.850,0.490,0.650,0.360,0.820,0.820,0.340,0.760,0.730,0.630,0.640,
 0.620,0.340,0.420,0.560,0.520,0.370,0.820,0.440,0.900,0.760,0.490,0.750,
 0.340,0.660,0.330,0.740,0.850,0.500,0.260,0.800,0.470,0.640,0.660,0.540,
 0.440,0.620,0.520,0.570,0.390,0.670,0.490,0.720,0.840,0.370,0.920,0.580,
 0.340,0.350,0.150,0.590]
Training Group Acc: [0.674,0.000,0.000]
Epoch [70] Training Results: Prec@1 67.504 Prec@5 92.084 Loss 1.09483
Epoch [70] Training Class Recall: [0.867,0.809,0.549,0.426,0.501,0.703,0.677,0.635,0.855,0.779,0.545,0.375,
 0.657,0.642,0.723,0.715,0.689,0.821,0.669,0.623,0.728,0.771,0.633,0.759,
 0.619,0.563,0.506,0.652,0.784,0.519,0.620,0.725,0.572,0.659,0.684,0.447,
 0.793,0.695,0.617,0.831,0.623,0.665,0.703,0.799,0.482,0.558,0.558,0.605,
 0.826,0.816,0.481,0.678,0.682,0.871,0.769,0.365,0.863,0.710,0.822,0.628,
 0.800,0.719,0.663,0.709,0.593,0.508,0.745,0.591,0.901,0.807,0.685,0.743,
 0.366,0.540,0.565,0.812,0.834,0.690,0.612,0.674,0.581,0.674,0.850,0.650,
 0.667,0.831,0.671,0.755,0.793,0.752,0.678,0.736,0.580,0.590,0.874,0.704,
 0.611,0.723,0.489,0.675]
Testing Group Acc: [0.510,0.000,0.000]
Epoch [70] Testing Results: Prec@1 51.030 Prec@5 80.570 Loss 2.03296
Epoch [70] Testing Class Recall: [0.880,0.720,0.480,0.180,0.370,0.270,0.420,0.430,0.550,0.650,0.290,0.210,
 0.610,0.330,0.300,0.560,0.480,0.710,0.730,0.350,0.490,0.890,0.170,0.780,
 0.350,0.200,0.510,0.370,0.660,0.620,0.480,0.640,0.680,0.280,0.420,0.220,
 0.610,0.660,0.480,0.620,0.450,0.680,0.270,0.450,0.250,0.450,0.530,0.390,
 0.510,0.580,0.150,0.680,0.780,0.750,0.760,0.170,0.790,0.610,0.720,0.350,
 0.790,0.480,0.500,0.560,0.390,0.200,0.670,0.230,0.830,0.830,0.570,0.450,
 0.280,0.090,0.470,0.750,0.690,0.420,0.810,0.490,0.380,0.300,0.850,0.680,
 0.300,0.510,0.530,0.710,0.340,0.700,0.700,0.650,0.370,0.550,0.660,0.710,
 0.490,0.380,0.210,0.540]
Training Group Acc: [0.677,0.000,0.000]
Epoch [71] Training Results: Prec@1 67.771 Prec@5 92.276 Loss 1.08503
Epoch [71] Training Class Recall: [0.853,0.820,0.582,0.477,0.470,0.725,0.733,0.681,0.859,0.786,0.538,0.362,
 0.676,0.661,0.719,0.676,0.706,0.789,0.678,0.664,0.669,0.794,0.621,0.763,
 0.662,0.560,0.536,0.614,0.798,0.565,0.656,0.706,0.590,0.659,0.703,0.433,
 0.803,0.701,0.609,0.840,0.589,0.661,0.672,0.797,0.466,0.569,0.565,0.573,
 0.842,0.830,0.444,0.695,0.713,0.840,0.755,0.365,0.874,0.719,0.843,0.590,
 0.829,0.709,0.678,0.725,0.576,0.544,0.756,0.616,0.913,0.830,0.696,0.753,
 0.340,0.503,0.532,0.850,0.854,0.715,0.614,0.674,0.567,0.681,0.898,0.671,
 0.654,0.794,0.711,0.727,0.769,0.784,0.649,0.736,0.548,0.571,0.876,0.709,
 0.615,0.723,0.472,0.657]
Testing Group Acc: [0.583,0.000,0.000]
Epoch [71] Testing Results: Prec@1 58.270 Prec@5 86.330 Loss 1.51154
Epoch [71] Testing Class Recall: [0.610,0.850,0.600,0.530,0.520,0.630,0.500,0.750,0.720,0.580,0.270,0.160,
 0.600,0.360,0.520,0.560,0.630,0.890,0.570,0.670,0.770,0.600,0.610,0.600,
 0.570,0.480,0.570,0.210,0.800,0.410,0.360,0.750,0.500,0.650,0.540,0.250,
 0.690,0.700,0.400,0.830,0.490,0.850,0.670,0.550,0.390,0.260,0.460,0.730,
 0.900,0.580,0.320,0.750,0.480,0.910,0.870,0.220,0.810,0.630,0.900,0.410,
 0.870,0.580,0.610,0.540,0.170,0.580,0.460,0.240,0.830,0.740,0.550,0.570,
 0.190,0.500,0.350,0.670,0.870,0.530,0.380,0.760,0.430,0.540,0.810,0.430,
 0.560,0.590,0.680,0.680,0.780,0.800,0.680,0.530,0.490,0.590,0.860,0.600,
 0.400,0.490,0.700,0.650]
Training Group Acc: [0.677,0.000,0.000]
Epoch [72] Training Results: Prec@1 67.762 Prec@5 92.329 Loss 1.08487
Epoch [72] Training Class Recall: [0.829,0.816,0.578,0.481,0.493,0.700,0.686,0.658,0.838,0.800,0.558,0.343,
 0.655,0.679,0.704,0.721,0.700,0.831,0.645,0.608,0.713,0.805,0.647,0.776,
 0.654,0.577,0.519,0.602,0.770,0.559,0.643,0.725,0.594,0.641,0.678,0.409,
 0.782,0.710,0.615,0.794,0.632,0.686,0.699,0.795,0.492,0.558,0.508,0.617,
 0.833,0.845,0.486,0.712,0.699,0.824,0.769,0.367,0.868,0.736,0.847,0.577,
 0.808,0.735,0.668,0.723,0.591,0.551,0.752,0.608,0.903,0.809,0.656,0.726,
 0.379,0.513,0.543,0.819,0.818,0.729,0.616,0.678,0.555,0.691,0.869,0.694,
 0.689,0.797,0.694,0.747,0.801,0.758,0.655,0.734,0.548,0.573,0.884,0.732,
 0.606,0.728,0.499,0.687]
Testing Group Acc: [0.537,0.000,0.000]
Epoch [72] Testing Results: Prec@1 53.750 Prec@5 82.590 Loss 1.89457
Epoch [72] Testing Class Recall: [0.780,0.590,0.170,0.270,0.140,0.490,0.590,0.510,0.590,0.770,0.510,0.270,
 0.480,0.700,0.440,0.370,0.570,0.650,0.520,0.360,0.490,0.920,0.550,0.800,
 0.190,0.460,0.450,0.320,0.780,0.330,0.460,0.600,0.390,0.350,0.240,0.120,
 0.660,0.480,0.390,0.720,0.530,0.600,0.530,0.820,0.440,0.330,0.490,0.470,
 0.790,0.710,0.390,0.650,0.520,0.690,0.470,0.030,0.700,0.290,0.840,0.710,
 0.940,0.800,0.770,0.740,0.200,0.350,0.650,0.450,0.600,0.780,0.470,0.490,
 0.220,0.380,0.160,0.720,0.850,0.540,0.560,0.750,0.310,0.320,0.930,0.570,
 0.480,0.760,0.700,0.770,0.430,0.940,0.770,0.510,0.430,0.720,0.680,0.390,
 0.600,0.390,0.460,0.700]
Training Group Acc: [0.676,0.000,0.000]
Epoch [73] Training Results: Prec@1 67.780 Prec@5 92.444 Loss 1.08633
Epoch [73] Training Class Recall: [0.857,0.811,0.538,0.437,0.480,0.738,0.691,0.654,0.867,0.777,0.569,0.351,
 0.682,0.621,0.700,0.727,0.700,0.819,0.633,0.641,0.713,0.767,0.658,0.743,
 0.615,0.584,0.533,0.628,0.794,0.559,0.667,0.715,0.570,0.635,0.686,0.458,
 0.793,0.729,0.629,0.814,0.609,0.645,0.680,0.799,0.470,0.560,0.523,0.605,
 0.838,0.832,0.477,0.744,0.699,0.857,0.753,0.353,0.882,0.715,0.806,0.571,
 0.819,0.729,0.656,0.709,0.617,0.536,0.749,0.608,0.909,0.823,0.638,0.765,
 0.340,0.524,0.543,0.826,0.834,0.735,0.602,0.688,0.567,0.678,0.886,0.668,
 0.673,0.811,0.694,0.751,0.805,0.779,0.678,0.723,0.577,0.561,0.880,0.711,
 0.641,0.728,0.501,0.683]
Testing Group Acc: [0.509,0.000,0.000]
Epoch [73] Testing Results: Prec@1 50.890 Prec@5 80.670 Loss 1.99968
Epoch [73] Testing Class Recall: [0.870,0.810,0.220,0.130,0.190,0.430,0.390,0.530,0.500,0.700,0.380,0.130,
 0.620,0.370,0.650,0.490,0.630,0.630,0.830,0.390,0.460,0.700,0.560,0.420,
 0.220,0.160,0.210,0.250,0.590,0.340,0.560,0.160,0.460,0.620,0.390,0.020,
 0.660,0.830,0.480,0.760,0.480,0.350,0.670,0.670,0.090,0.080,0.040,0.480,
 0.680,0.680,0.490,0.790,0.580,0.650,0.670,0.240,0.660,0.700,0.500,0.710,
 0.780,0.510,0.790,0.590,0.400,0.420,0.530,0.400,0.840,0.670,0.240,0.830,
 0.240,0.130,0.170,0.330,0.810,0.450,0.560,0.550,0.330,0.550,0.910,0.570,
 0.500,0.500,0.680,0.660,0.500,0.530,0.640,0.810,0.230,0.560,0.760,0.700,
 0.490,0.680,0.510,0.590]
Training Group Acc: [0.681,0.000,0.000]
Epoch [74] Training Results: Prec@1 68.158 Prec@5 92.616 Loss 1.07590
Epoch [74] Training Class Recall: [0.829,0.807,0.593,0.456,0.526,0.727,0.721,0.665,0.843,0.795,0.553,0.391,
 0.676,0.649,0.727,0.727,0.706,0.809,0.655,0.659,0.735,0.790,0.669,0.784,
 0.662,0.584,0.548,0.644,0.775,0.537,0.631,0.727,0.594,0.655,0.697,0.412,
 0.793,0.697,0.639,0.847,0.582,0.710,0.709,0.775,0.484,0.582,0.504,0.571,
 0.811,0.820,0.477,0.708,0.686,0.836,0.780,0.365,0.868,0.745,0.815,0.607,
 0.831,0.735,0.686,0.723,0.612,0.566,0.760,0.584,0.892,0.771,0.635,0.763,
 0.349,0.529,0.575,0.836,0.838,0.745,0.620,0.701,0.573,0.672,0.865,0.687,
 0.654,0.801,0.726,0.764,0.799,0.782,0.682,0.730,0.553,0.563,0.857,0.677,
 0.635,0.730,0.508,0.707]
Testing Group Acc: [0.522,0.000,0.000]
Epoch [74] Testing Results: Prec@1 52.200 Prec@5 81.800 Loss 1.94824
Epoch [74] Testing Class Recall: [0.640,0.790,0.540,0.140,0.080,0.750,0.340,0.640,0.760,0.810,0.560,0.150,
 0.760,0.340,0.300,0.430,0.730,0.740,0.600,0.370,0.640,0.190,0.490,0.450,
 0.210,0.230,0.280,0.270,0.600,0.520,0.150,0.400,0.730,0.370,0.640,0.350,
 0.480,0.560,0.350,0.760,0.550,0.570,0.520,0.380,0.650,0.190,0.510,0.630,
 0.850,0.900,0.260,0.790,0.200,0.670,0.770,0.180,0.830,0.600,0.830,0.420,
 0.830,0.680,0.570,0.370,0.200,0.360,0.270,0.500,0.890,0.660,0.630,0.700,
 0.210,0.350,0.180,0.800,0.760,0.500,0.490,0.540,0.320,0.600,0.850,0.640,
 0.720,0.790,0.580,0.650,0.440,0.640,0.620,0.810,0.470,0.310,0.640,0.680,
 0.640,0.390,0.070,0.410]
Training Group Acc: [0.675,0.000,0.000]
Epoch [75] Training Results: Prec@1 67.644 Prec@5 92.384 Loss 1.08551
Epoch [75] Training Class Recall: [0.821,0.822,0.543,0.408,0.466,0.722,0.703,0.656,0.843,0.779,0.545,0.359,
 0.672,0.607,0.704,0.715,0.712,0.835,0.663,0.650,0.691,0.797,0.669,0.788,
 0.645,0.574,0.546,0.640,0.768,0.568,0.633,0.712,0.605,0.651,0.713,0.407,
 0.782,0.708,0.600,0.852,0.609,0.669,0.670,0.815,0.500,0.560,0.546,0.609,
 0.829,0.822,0.440,0.699,0.695,0.847,0.764,0.372,0.887,0.745,0.834,0.584,
 0.802,0.740,0.661,0.707,0.642,0.515,0.752,0.586,0.919,0.805,0.646,0.743,
 0.344,0.536,0.532,0.803,0.815,0.719,0.573,0.713,0.543,0.661,0.855,0.677,
 0.689,0.824,0.711,0.721,0.777,0.746,0.687,0.753,0.568,0.573,0.870,0.700,
 0.635,0.755,0.499,0.664]
Testing Group Acc: [0.569,0.000,0.000]
Epoch [75] Testing Results: Prec@1 56.910 Prec@5 85.340 Loss 1.64208
Epoch [75] Testing Class Recall: [0.760,0.630,0.430,0.270,0.230,0.500,0.590,0.550,0.820,0.760,0.560,0.380,
 0.790,0.440,0.650,0.610,0.700,0.840,0.400,0.340,0.480,0.760,0.660,0.730,
 0.550,0.720,0.550,0.470,0.800,0.430,0.650,0.510,0.600,0.410,0.380,0.350,
 0.630,0.580,0.740,0.750,0.540,0.620,0.520,0.540,0.370,0.300,0.510,0.460,
 0.980,0.720,0.340,0.650,0.480,0.510,0.720,0.130,0.730,0.730,0.820,0.760,
 0.880,0.390,0.400,0.500,0.540,0.180,0.650,0.390,0.820,0.800,0.550,0.750,
 0.140,0.300,0.260,0.730,0.740,0.490,0.590,0.650,0.170,0.650,0.780,0.330,
 0.530,0.900,0.520,0.860,0.600,0.730,0.770,0.630,0.690,0.290,0.710,0.520,
 0.400,0.850,0.190,0.610]
Training Group Acc: [0.680,0.000,0.000]
Epoch [76] Training Results: Prec@1 68.098 Prec@5 92.480 Loss 1.07749
Epoch [76] Training Class Recall: [0.826,0.809,0.589,0.466,0.493,0.733,0.714,0.648,0.863,0.784,0.558,0.378,
 0.678,0.679,0.719,0.727,0.717,0.805,0.657,0.632,0.706,0.820,0.681,0.776,
 0.649,0.605,0.548,0.610,0.798,0.531,0.629,0.734,0.585,0.665,0.725,0.479,
 0.778,0.724,0.615,0.840,0.597,0.678,0.680,0.791,0.558,0.587,0.551,0.595,
 0.822,0.824,0.455,0.731,0.684,0.838,0.782,0.355,0.882,0.708,0.826,0.615,
 0.810,0.704,0.643,0.719,0.587,0.530,0.758,0.599,0.909,0.830,0.667,0.749,
 0.340,0.522,0.526,0.822,0.813,0.739,0.643,0.682,0.506,0.674,0.874,0.677,
 0.658,0.801,0.700,0.742,0.787,0.767,0.658,0.723,0.548,0.584,0.892,0.726,
 0.617,0.773,0.475,0.675]
Testing Group Acc: [0.534,0.000,0.000]
Epoch [76] Testing Results: Prec@1 53.450 Prec@5 82.990 Loss 1.78125
Epoch [76] Testing Class Recall: [0.870,0.770,0.360,0.320,0.230,0.680,0.430,0.590,0.620,0.780,0.570,0.050,
 0.790,0.430,0.360,0.510,0.560,0.680,0.790,0.270,0.630,0.390,0.290,0.870,
 0.780,0.260,0.370,0.410,0.530,0.340,0.650,0.310,0.800,0.560,0.680,0.430,
 0.600,0.460,0.550,0.660,0.460,0.700,0.490,0.530,0.300,0.150,0.200,0.510,
 0.810,0.660,0.310,0.570,0.350,0.740,0.450,0.090,0.810,0.700,0.410,0.600,
 0.890,0.330,0.590,0.620,0.330,0.290,0.660,0.540,0.910,0.860,0.320,0.460,
 0.260,0.240,0.180,0.780,0.930,0.360,0.270,0.480,0.440,0.620,0.840,0.610,
 0.670,0.580,0.520,0.850,0.510,0.560,0.910,0.670,0.680,0.330,0.740,0.520,
 0.540,0.470,0.270,0.750]
Training Group Acc: [0.679,0.000,0.000]
Epoch [77] Training Results: Prec@1 68.027 Prec@5 92.658 Loss 1.07244
Epoch [77] Training Class Recall: [0.816,0.835,0.534,0.466,0.450,0.714,0.714,0.694,0.861,0.798,0.582,0.316,
 0.702,0.674,0.732,0.707,0.702,0.831,0.665,0.632,0.706,0.829,0.644,0.753,
 0.654,0.607,0.571,0.606,0.784,0.534,0.640,0.738,0.581,0.667,0.692,0.428,
 0.778,0.714,0.639,0.840,0.601,0.637,0.699,0.769,0.498,0.571,0.534,0.621,
 0.826,0.843,0.438,0.708,0.682,0.852,0.766,0.355,0.872,0.727,0.843,0.592,
 0.810,0.706,0.661,0.723,0.595,0.542,0.749,0.595,0.901,0.796,0.651,0.745,
 0.327,0.524,0.557,0.810,0.809,0.723,0.612,0.688,0.555,0.709,0.867,0.689,
 0.696,0.807,0.694,0.751,0.791,0.767,0.664,0.773,0.572,0.602,0.874,0.711,
 0.629,0.746,0.506,0.683]
Testing Group Acc: [0.531,0.000,0.000]
Epoch [77] Testing Results: Prec@1 53.120 Prec@5 82.980 Loss 1.83306
Epoch [77] Testing Class Recall: [0.440,0.770,0.250,0.130,0.430,0.290,0.750,0.470,0.910,0.770,0.250,0.400,
 0.800,0.310,0.670,0.300,0.600,0.560,0.370,0.500,0.500,0.850,0.480,0.730,
 0.330,0.370,0.460,0.700,0.750,0.200,0.640,0.480,0.480,0.600,0.440,0.310,
 0.430,0.410,0.620,0.550,0.430,0.600,0.650,0.660,0.340,0.530,0.150,0.630,
 0.700,0.630,0.520,0.710,0.480,0.470,0.510,0.150,0.640,0.540,0.490,0.650,
 0.750,0.520,0.500,0.480,0.290,0.180,0.600,0.470,0.910,0.670,0.490,0.750,
 0.210,0.350,0.350,0.820,0.900,0.520,0.500,0.860,0.470,0.640,0.840,0.450,
 0.360,0.530,0.750,0.560,0.590,0.280,0.590,0.470,0.620,0.350,0.760,0.660,
 0.370,0.610,0.620,0.700]
Training Group Acc: [0.681,0.000,0.000]
Epoch [78] Training Results: Prec@1 68.204 Prec@5 92.360 Loss 1.07384
Epoch [78] Training Class Recall: [0.833,0.822,0.575,0.435,0.503,0.731,0.705,0.692,0.873,0.788,0.577,0.354,
 0.661,0.630,0.696,0.725,0.691,0.811,0.669,0.673,0.706,0.801,0.686,0.782,
 0.615,0.612,0.529,0.644,0.803,0.516,0.656,0.710,0.572,0.661,0.717,0.433,
 0.782,0.720,0.637,0.801,0.628,0.673,0.697,0.797,0.474,0.580,0.544,0.619,
 0.831,0.838,0.469,0.708,0.682,0.845,0.771,0.384,0.874,0.734,0.813,0.565,
 0.841,0.742,0.673,0.707,0.570,0.542,0.737,0.629,0.915,0.816,0.630,0.776,
 0.368,0.522,0.577,0.840,0.850,0.721,0.641,0.690,0.569,0.683,0.872,0.664,
 0.625,0.811,0.711,0.753,0.811,0.761,0.640,0.725,0.553,0.606,0.859,0.726,
 0.594,0.757,0.506,0.685]
Testing Group Acc: [0.561,0.000,0.000]
Epoch [78] Testing Results: Prec@1 56.080 Prec@5 84.760 Loss 1.67783
Epoch [78] Testing Class Recall: [0.740,0.720,0.470,0.140,0.420,0.260,0.390,0.520,0.490,0.690,0.630,0.170,
 0.690,0.600,0.520,0.480,0.550,0.750,0.580,0.560,0.610,0.370,0.240,0.610,
 0.380,0.650,0.510,0.500,0.550,0.420,0.390,0.600,0.600,0.830,0.660,0.400,
 0.480,0.370,0.510,0.500,0.540,0.670,0.500,0.510,0.400,0.790,0.220,0.680,
 0.890,0.850,0.530,0.600,0.490,0.790,0.500,0.480,0.770,0.480,0.810,0.460,
 0.860,0.480,0.790,0.620,0.460,0.350,0.740,0.550,0.930,0.650,0.520,0.610,
 0.060,0.320,0.450,0.810,0.760,0.620,0.470,0.570,0.670,0.750,0.830,0.480,
 0.460,0.720,0.470,0.740,0.680,0.730,0.830,0.640,0.470,0.360,0.740,0.550,
 0.370,0.700,0.130,0.630]
Training Group Acc: [0.681,0.000,0.000]
Epoch [79] Training Results: Prec@1 68.207 Prec@5 92.633 Loss 1.06598
Epoch [79] Training Class Recall: [0.824,0.811,0.575,0.483,0.456,0.733,0.756,0.690,0.853,0.779,0.542,0.343,
 0.687,0.626,0.717,0.727,0.715,0.811,0.643,0.623,0.647,0.801,0.655,0.735,
 0.680,0.616,0.526,0.610,0.782,0.537,0.647,0.736,0.583,0.667,0.715,0.440,
 0.774,0.714,0.600,0.833,0.630,0.673,0.670,0.813,0.490,0.547,0.527,0.631,
 0.849,0.834,0.496,0.731,0.684,0.850,0.789,0.409,0.874,0.747,0.839,0.607,
 0.798,0.724,0.706,0.707,0.552,0.549,0.754,0.582,0.899,0.823,0.680,0.751,
 0.344,0.490,0.518,0.833,0.834,0.708,0.627,0.699,0.571,0.698,0.893,0.682,
 0.692,0.824,0.731,0.742,0.807,0.782,0.676,0.723,0.601,0.581,0.872,0.706,
 0.619,0.736,0.479,0.698]
Testing Group Acc: [0.559,0.000,0.000]
Epoch [79] Testing Results: Prec@1 55.920 Prec@5 84.910 Loss 1.72051
Epoch [79] Testing Class Recall: [0.900,0.740,0.750,0.480,0.350,0.410,0.470,0.700,0.670,0.610,0.290,0.130,
 0.670,0.830,0.360,0.550,0.510,0.840,0.550,0.480,0.700,0.720,0.410,0.700,
 0.260,0.480,0.450,0.480,0.790,0.410,0.490,0.800,0.570,0.180,0.670,0.420,
 0.740,0.670,0.360,0.820,0.390,0.570,0.490,0.570,0.150,0.540,0.230,0.800,
 0.680,0.670,0.320,0.620,0.190,0.600,0.870,0.230,0.690,0.730,0.760,0.500,
 0.790,0.590,0.640,0.580,0.570,0.430,0.380,0.390,0.920,0.780,0.650,0.780,
 0.420,0.510,0.400,0.900,0.730,0.440,0.660,0.510,0.430,0.120,0.790,0.470,
 0.560,0.680,0.580,0.810,0.310,0.570,0.370,0.760,0.260,0.460,0.810,0.670,
 0.370,0.780,0.370,0.670]
Training Group Acc: [0.681,0.000,0.000]
Epoch [80] Training Results: Prec@1 68.267 Prec@5 92.662 Loss 1.06889
Epoch [80] Training Class Recall: [0.853,0.837,0.582,0.498,0.501,0.714,0.724,0.692,0.865,0.795,0.569,0.404,
 0.672,0.656,0.700,0.740,0.702,0.815,0.671,0.626,0.647,0.797,0.667,0.769,
 0.645,0.591,0.551,0.610,0.791,0.537,0.658,0.730,0.570,0.659,0.709,0.437,
 0.778,0.699,0.631,0.821,0.601,0.665,0.715,0.797,0.468,0.593,0.542,0.611,
 0.824,0.814,0.504,0.697,0.697,0.876,0.787,0.403,0.863,0.723,0.813,0.592,
 0.798,0.698,0.658,0.723,0.621,0.508,0.775,0.597,0.901,0.816,0.651,0.737,
 0.355,0.520,0.526,0.836,0.827,0.762,0.612,0.666,0.569,0.676,0.865,0.680,
 0.660,0.794,0.706,0.753,0.809,0.754,0.655,0.738,0.553,0.645,0.878,0.702,
 0.602,0.755,0.518,0.702]
Testing Group Acc: [0.548,0.000,0.000]
Epoch [80] Testing Results: Prec@1 54.760 Prec@5 84.450 Loss 1.73100
Epoch [80] Testing Class Recall: [0.780,0.670,0.620,0.490,0.420,0.710,0.660,0.550,0.460,0.580,0.350,0.160,
 0.810,0.620,0.380,0.590,0.550,0.820,0.740,0.450,0.520,0.650,0.510,0.680,
 0.630,0.380,0.270,0.400,0.450,0.510,0.350,0.410,0.320,0.500,0.590,0.470,
 0.700,0.640,0.510,0.890,0.690,0.620,0.710,0.470,0.430,0.410,0.440,0.680,
 0.860,0.660,0.300,0.600,0.690,0.580,0.720,0.320,0.730,0.810,0.740,0.300,
 0.790,0.330,0.600,0.640,0.390,0.350,0.550,0.130,0.920,0.650,0.680,0.710,
 0.200,0.210,0.340,0.910,0.690,0.370,0.480,0.470,0.460,0.650,0.830,0.400,
 0.630,0.750,0.670,0.410,0.420,0.550,0.550,0.780,0.130,0.360,0.620,0.790,
 0.430,0.590,0.320,0.460]
Training Group Acc: [0.679,0.000,0.000]
Epoch [81] Training Results: Prec@1 68.049 Prec@5 92.549 Loss 1.07424
Epoch [81] Training Class Recall: [0.857,0.805,0.597,0.473,0.474,0.729,0.719,0.662,0.853,0.777,0.580,0.330,
 0.667,0.644,0.702,0.711,0.700,0.821,0.680,0.635,0.691,0.784,0.661,0.771,
 0.636,0.591,0.536,0.626,0.768,0.562,0.672,0.736,0.594,0.665,0.699,0.437,
 0.782,0.697,0.613,0.850,0.592,0.678,0.703,0.801,0.504,0.602,0.544,0.583,
 0.836,0.810,0.492,0.691,0.721,0.845,0.771,0.357,0.870,0.730,0.841,0.556,
 0.837,0.740,0.676,0.745,0.570,0.532,0.743,0.567,0.909,0.805,0.677,0.728,
 0.342,0.536,0.563,0.831,0.836,0.710,0.624,0.703,0.571,0.683,0.874,0.701,
 0.650,0.797,0.697,0.760,0.775,0.777,0.651,0.747,0.587,0.594,0.859,0.691,
 0.645,0.744,0.479,0.660]
Testing Group Acc: [0.561,0.000,0.000]
Epoch [81] Testing Results: Prec@1 56.120 Prec@5 85.320 Loss 1.63602
Epoch [81] Testing Class Recall: [0.440,0.760,0.630,0.560,0.540,0.510,0.490,0.540,0.660,0.680,0.290,0.320,
 0.530,0.680,0.480,0.470,0.740,0.650,0.560,0.620,0.460,0.780,0.580,0.790,
 0.250,0.620,0.290,0.190,0.760,0.340,0.580,0.780,0.530,0.560,0.540,0.420,
 0.730,0.670,0.290,0.720,0.390,0.640,0.420,0.430,0.470,0.450,0.400,0.420,
 0.640,0.740,0.660,0.630,0.650,0.700,0.800,0.140,0.790,0.590,0.640,0.500,
 0.890,0.520,0.680,0.610,0.390,0.390,0.610,0.280,0.810,0.780,0.420,0.710,
 0.260,0.380,0.470,0.750,0.710,0.380,0.520,0.500,0.410,0.600,0.870,0.900,
 0.500,0.710,0.440,0.720,0.450,0.700,0.730,0.670,0.250,0.160,0.980,0.530,
 0.770,0.590,0.410,0.540]
Training Group Acc: [0.683,0.000,0.000]
Epoch [82] Training Results: Prec@1 68.393 Prec@5 92.829 Loss 1.06733
Epoch [82] Training Class Recall: [0.829,0.798,0.582,0.487,0.478,0.687,0.717,0.694,0.871,0.788,0.560,0.340,
 0.676,0.626,0.736,0.727,0.721,0.821,0.692,0.655,0.691,0.790,0.658,0.759,
 0.675,0.574,0.551,0.632,0.784,0.531,0.613,0.732,0.627,0.667,0.729,0.460,
 0.820,0.720,0.621,0.835,0.628,0.678,0.699,0.773,0.510,0.565,0.577,0.597,
 0.833,0.824,0.471,0.714,0.692,0.857,0.813,0.390,0.857,0.755,0.822,0.615,
 0.794,0.706,0.648,0.733,0.589,0.547,0.752,0.612,0.913,0.821,0.654,0.745,
 0.375,0.513,0.536,0.805,0.815,0.731,0.600,0.713,0.571,0.670,0.886,0.682,
 0.675,0.826,0.694,0.736,0.797,0.782,0.678,0.751,0.580,0.575,0.866,0.730,
 0.606,0.751,0.508,0.662]
Testing Group Acc: [0.582,0.000,0.000]
Epoch [82] Testing Results: Prec@1 58.170 Prec@5 85.920 Loss 1.61404
Epoch [82] Testing Class Recall: [0.760,0.730,0.390,0.500,0.400,0.440,0.530,0.650,0.790,0.780,0.380,0.410,
 0.670,0.520,0.520,0.520,0.750,0.780,0.690,0.510,0.460,0.660,0.560,0.680,
 0.500,0.490,0.560,0.450,0.710,0.600,0.530,0.480,0.640,0.470,0.540,0.170,
 0.760,0.490,0.490,0.680,0.500,0.810,0.630,0.780,0.400,0.230,0.380,0.840,
 0.800,0.810,0.220,0.590,0.480,0.700,0.890,0.150,0.650,0.680,0.770,0.360,
 0.860,0.710,0.710,0.770,0.330,0.620,0.760,0.290,0.760,0.750,0.620,0.800,
 0.440,0.530,0.340,0.680,0.910,0.490,0.460,0.560,0.350,0.800,0.940,0.470,
 0.570,0.590,0.640,0.730,0.360,0.610,0.760,0.700,0.240,0.570,0.930,0.580,
 0.320,0.540,0.220,0.550]
Training Group Acc: [0.687,0.000,0.000]
Epoch [83] Training Results: Prec@1 68.802 Prec@5 92.767 Loss 1.05545
Epoch [83] Training Class Recall: [0.843,0.809,0.615,0.466,0.497,0.769,0.712,0.667,0.859,0.793,0.560,0.332,
 0.697,0.658,0.700,0.727,0.715,0.825,0.671,0.659,0.757,0.797,0.624,0.767,
 0.680,0.635,0.536,0.620,0.782,0.547,0.656,0.727,0.603,0.651,0.709,0.479,
 0.799,0.693,0.627,0.828,0.599,0.714,0.721,0.793,0.516,0.549,0.575,0.611,
 0.833,0.836,0.531,0.720,0.682,0.854,0.793,0.409,0.868,0.715,0.847,0.619,
 0.798,0.714,0.689,0.709,0.619,0.519,0.747,0.573,0.890,0.848,0.685,0.755,
 0.364,0.517,0.565,0.831,0.843,0.735,0.624,0.680,0.537,0.696,0.891,0.689,
 0.698,0.816,0.726,0.762,0.803,0.758,0.680,0.758,0.575,0.610,0.880,0.711,
 0.602,0.786,0.511,0.670]
Testing Group Acc: [0.536,0.000,0.000]
Epoch [83] Testing Results: Prec@1 53.610 Prec@5 83.020 Loss 1.87279
Epoch [83] Testing Class Recall: [0.840,0.830,0.380,0.290,0.230,0.710,0.620,0.600,0.660,0.860,0.180,0.340,
 0.810,0.520,0.500,0.200,0.670,0.750,0.680,0.510,0.330,0.770,0.080,0.580,
 0.430,0.310,0.160,0.440,0.630,0.210,0.230,0.560,0.380,0.730,0.590,0.380,
 0.790,0.690,0.420,0.620,0.730,0.480,0.640,0.680,0.370,0.360,0.460,0.450,
 0.590,0.680,0.480,0.610,0.210,0.820,0.680,0.370,0.700,0.600,0.340,0.170,
 0.880,0.430,0.480,0.430,0.500,0.360,0.760,0.390,0.620,0.740,0.140,0.750,
 0.130,0.370,0.240,0.840,0.620,0.510,0.410,0.530,0.620,0.540,0.780,0.590,
 0.520,0.570,0.520,0.940,0.680,0.720,0.760,0.680,0.410,0.430,0.840,0.550,
 0.700,0.630,0.500,0.570]
Training Group Acc: [0.683,0.000,0.000]
Epoch [84] Training Results: Prec@1 68.449 Prec@5 92.736 Loss 1.06283
Epoch [84] Training Class Recall: [0.855,0.813,0.558,0.460,0.497,0.742,0.749,0.696,0.863,0.798,0.573,0.362,
 0.695,0.656,0.734,0.711,0.712,0.813,0.647,0.655,0.676,0.812,0.655,0.763,
 0.641,0.607,0.538,0.616,0.782,0.537,0.643,0.704,0.603,0.655,0.721,0.442,
 0.803,0.693,0.602,0.835,0.625,0.673,0.743,0.779,0.500,0.549,0.549,0.609,
 0.831,0.847,0.512,0.718,0.707,0.836,0.769,0.405,0.868,0.753,0.832,0.596,
 0.821,0.722,0.691,0.713,0.617,0.561,0.741,0.550,0.903,0.785,0.654,0.755,
 0.360,0.533,0.567,0.817,0.820,0.747,0.629,0.699,0.604,0.705,0.874,0.661,
 0.673,0.809,0.729,0.740,0.795,0.742,0.658,0.745,0.568,0.612,0.888,0.700,
 0.594,0.732,0.489,0.675]
Testing Group Acc: [0.574,0.000,0.000]
Epoch [84] Testing Results: Prec@1 57.430 Prec@5 85.470 Loss 1.64414
Epoch [84] Testing Class Recall: [0.400,0.680,0.390,0.710,0.460,0.200,0.520,0.670,0.820,0.630,0.510,0.500,
 0.690,0.700,0.540,0.460,0.590,0.760,0.510,0.200,0.580,0.710,0.640,0.790,
 0.280,0.450,0.350,0.430,0.730,0.530,0.640,0.720,0.540,0.640,0.670,0.360,
 0.750,0.240,0.500,0.860,0.480,0.530,0.740,0.800,0.200,0.170,0.150,0.540,
 0.870,0.740,0.550,0.760,0.570,0.890,0.430,0.350,0.780,0.650,0.710,0.590,
 0.710,0.600,0.620,0.360,0.200,0.400,0.630,0.460,0.640,0.710,0.500,0.750,
 0.160,0.600,0.440,0.670,0.850,0.460,0.580,0.700,0.310,0.400,0.910,0.570,
 0.450,0.740,0.700,0.850,0.800,0.610,0.750,0.560,0.760,0.450,0.870,0.480,
 0.580,0.750,0.440,0.560]
Training Group Acc: [0.686,0.000,0.000]
Epoch [85] Training Results: Prec@1 68.644 Prec@5 92.591 Loss 1.06401
Epoch [85] Training Class Recall: [0.831,0.826,0.578,0.471,0.493,0.716,0.719,0.679,0.885,0.788,0.562,0.338,
 0.727,0.667,0.717,0.721,0.704,0.827,0.673,0.673,0.765,0.818,0.675,0.784,
 0.701,0.605,0.543,0.632,0.800,0.534,0.636,0.710,0.596,0.665,0.676,0.428,
 0.808,0.699,0.623,0.835,0.630,0.661,0.699,0.803,0.508,0.600,0.532,0.603,
 0.829,0.822,0.477,0.716,0.688,0.840,0.787,0.380,0.887,0.725,0.849,0.615,
 0.831,0.709,0.689,0.731,0.612,0.564,0.756,0.586,0.913,0.816,0.648,0.737,
 0.318,0.487,0.551,0.847,0.836,0.758,0.635,0.719,0.591,0.676,0.881,0.689,
 0.689,0.794,0.711,0.751,0.793,0.775,0.671,0.753,0.543,0.577,0.892,0.702,
 0.627,0.744,0.467,0.698]
Testing Group Acc: [0.519,0.000,0.000]
Epoch [85] Testing Results: Prec@1 51.880 Prec@5 81.810 Loss 1.92216
Epoch [85] Testing Class Recall: [0.850,0.660,0.600,0.180,0.090,0.440,0.720,0.590,0.760,0.780,0.360,0.190,
 0.440,0.440,0.440,0.380,0.620,0.610,0.600,0.580,0.430,0.420,0.420,0.570,
 0.160,0.390,0.500,0.220,0.740,0.320,0.390,0.420,0.470,0.310,0.620,0.590,
 0.890,0.760,0.450,0.860,0.350,0.770,0.540,0.480,0.220,0.410,0.120,0.660,
 0.840,0.680,0.570,0.480,0.350,0.470,0.770,0.080,0.770,0.840,0.570,0.170,
 0.840,0.480,0.810,0.420,0.210,0.510,0.660,0.540,0.730,0.520,0.420,0.310,
 0.090,0.130,0.160,0.700,0.500,0.340,0.480,0.480,0.370,0.580,0.790,0.620,
 0.650,0.720,0.580,0.860,0.550,0.500,0.670,0.510,0.570,0.500,0.800,0.530,
 0.750,0.780,0.160,0.660]
Training Group Acc: [0.682,0.000,0.000]
Epoch [86] Training Results: Prec@1 68.349 Prec@5 92.602 Loss 1.06434
Epoch [86] Training Class Recall: [0.857,0.820,0.593,0.458,0.476,0.709,0.731,0.681,0.865,0.791,0.556,0.309,
 0.687,0.654,0.734,0.719,0.708,0.793,0.651,0.677,0.684,0.784,0.672,0.761,
 0.654,0.612,0.558,0.620,0.768,0.534,0.645,0.730,0.592,0.659,0.721,0.451,
 0.791,0.697,0.625,0.845,0.578,0.653,0.725,0.835,0.492,0.587,0.513,0.627,
 0.840,0.808,0.488,0.699,0.680,0.854,0.778,0.390,0.868,0.708,0.828,0.588,
 0.816,0.704,0.686,0.731,0.647,0.544,0.784,0.623,0.897,0.814,0.656,0.728,
 0.382,0.559,0.543,0.833,0.831,0.737,0.641,0.703,0.583,0.665,0.884,0.708,
 0.677,0.809,0.723,0.734,0.785,0.763,0.664,0.760,0.556,0.598,0.857,0.704,
 0.596,0.732,0.462,0.670]
Testing Group Acc: [0.542,0.000,0.000]
Epoch [86] Testing Results: Prec@1 54.230 Prec@5 83.750 Loss 1.75936
Epoch [86] Testing Class Recall: [0.410,0.350,0.700,0.540,0.320,0.600,0.350,0.570,0.780,0.900,0.490,0.200,
 0.660,0.610,0.630,0.310,0.660,0.790,0.650,0.390,0.550,0.750,0.350,0.550,
 0.310,0.510,0.170,0.330,0.740,0.360,0.460,0.500,0.510,0.780,0.370,0.060,
 0.440,0.570,0.410,0.910,0.400,0.860,0.790,0.250,0.400,0.070,0.340,0.590,
 0.870,0.640,0.390,0.650,0.650,0.710,0.590,0.240,0.670,0.660,0.590,0.510,
 0.890,0.750,0.590,0.690,0.400,0.550,0.590,0.360,0.720,0.730,0.520,0.700,
 0.120,0.270,0.270,0.750,0.690,0.560,0.610,0.490,0.550,0.600,0.560,0.490,
 0.570,0.630,0.600,0.570,0.630,0.520,0.640,0.510,0.750,0.170,0.890,0.680,
 0.480,0.690,0.470,0.570]
Training Group Acc: [0.685,0.000,0.000]
Epoch [87] Training Results: Prec@1 68.582 Prec@5 92.671 Loss 1.05542
Epoch [87] Training Class Recall: [0.845,0.829,0.562,0.464,0.472,0.720,0.724,0.667,0.871,0.798,0.551,0.343,
 0.697,0.640,0.706,0.694,0.719,0.823,0.663,0.677,0.684,0.797,0.672,0.784,
 0.693,0.579,0.541,0.636,0.782,0.565,0.652,0.740,0.590,0.671,0.705,0.447,
 0.791,0.727,0.625,0.845,0.666,0.673,0.711,0.767,0.476,0.543,0.556,0.611,
 0.845,0.834,0.504,0.699,0.695,0.857,0.782,0.388,0.861,0.749,0.856,0.609,
 0.812,0.758,0.704,0.729,0.619,0.559,0.756,0.560,0.903,0.839,0.664,0.737,
 0.366,0.527,0.547,0.838,0.827,0.719,0.633,0.723,0.600,0.663,0.869,0.687,
 0.679,0.807,0.697,0.751,0.803,0.748,0.628,0.755,0.570,0.584,0.878,0.696,
 0.613,0.769,0.508,0.681]
Testing Group Acc: [0.529,0.000,0.000]
Epoch [87] Testing Results: Prec@1 52.910 Prec@5 82.040 Loss 1.89163
Epoch [87] Testing Class Recall: [0.610,0.500,0.410,0.570,0.260,0.220,0.830,0.430,0.560,0.630,0.220,0.230,
 0.440,0.520,0.670,0.650,0.490,0.580,0.470,0.390,0.210,0.500,0.630,0.740,
 0.220,0.450,0.470,0.380,0.760,0.280,0.260,0.400,0.440,0.310,0.610,0.440,
 0.550,0.630,0.500,0.850,0.560,0.510,0.810,0.750,0.370,0.420,0.110,0.700,
 0.950,0.740,0.460,0.700,0.570,0.900,0.870,0.080,0.710,0.710,0.680,0.410,
 0.630,0.800,0.500,0.640,0.450,0.230,0.750,0.440,0.870,0.760,0.430,0.630,
 0.340,0.290,0.280,0.690,0.740,0.400,0.370,0.630,0.300,0.460,0.910,0.360,
 0.420,0.500,0.760,0.780,0.470,0.340,0.400,0.510,0.700,0.490,0.860,0.740,
 0.440,0.530,0.120,0.630]
Training Group Acc: [0.688,0.000,0.000]
Epoch [88] Training Results: Prec@1 68.920 Prec@5 92.822 Loss 1.04686
Epoch [88] Training Class Recall: [0.855,0.839,0.595,0.464,0.466,0.738,0.745,0.669,0.849,0.793,0.573,0.343,
 0.689,0.637,0.706,0.727,0.715,0.825,0.635,0.639,0.706,0.822,0.672,0.747,
 0.688,0.614,0.526,0.660,0.814,0.519,0.627,0.734,0.608,0.667,0.713,0.472,
 0.791,0.710,0.637,0.818,0.582,0.673,0.684,0.801,0.516,0.567,0.546,0.599,
 0.829,0.822,0.531,0.725,0.711,0.880,0.775,0.395,0.891,0.775,0.834,0.603,
 0.833,0.722,0.681,0.745,0.617,0.561,0.764,0.614,0.907,0.803,0.667,0.753,
 0.342,0.513,0.587,0.826,0.825,0.741,0.627,0.715,0.579,0.694,0.891,0.687,
 0.698,0.824,0.717,0.773,0.813,0.754,0.667,0.738,0.572,0.565,0.898,0.719,
 0.635,0.753,0.501,0.677]
Testing Group Acc: [0.551,0.000,0.000]
Epoch [88] Testing Results: Prec@1 55.060 Prec@5 84.710 Loss 1.72450
Epoch [88] Testing Class Recall: [0.740,0.580,0.190,0.170,0.390,0.510,0.320,0.540,0.610,0.770,0.520,0.530,
 0.670,0.740,0.670,0.520,0.470,0.700,0.580,0.350,0.670,0.850,0.640,0.620,
 0.630,0.560,0.510,0.230,0.680,0.530,0.300,0.400,0.580,0.380,0.480,0.180,
 0.600,0.490,0.340,0.800,0.520,0.550,0.490,0.650,0.160,0.500,0.430,0.870,
 0.940,0.760,0.440,0.660,0.290,0.880,0.380,0.470,0.780,0.590,0.690,0.420,
 0.700,0.420,0.590,0.640,0.330,0.580,0.610,0.530,0.790,0.680,0.440,0.710,
 0.400,0.440,0.360,0.880,0.680,0.460,0.210,0.640,0.250,0.150,0.880,0.390,
 0.310,0.660,0.680,0.930,0.620,0.470,0.890,0.620,0.610,0.510,0.720,0.710,
 0.460,0.630,0.520,0.450]
Training Group Acc: [0.687,0.000,0.000]
Epoch [89] Training Results: Prec@1 68.831 Prec@5 92.838 Loss 1.05132
Epoch [89] Training Class Recall: [0.870,0.829,0.593,0.447,0.472,0.731,0.717,0.706,0.845,0.800,0.569,0.396,
 0.691,0.674,0.715,0.729,0.700,0.843,0.686,0.670,0.699,0.790,0.681,0.747,
 0.636,0.595,0.519,0.626,0.780,0.550,0.658,0.740,0.592,0.677,0.684,0.474,
 0.791,0.724,0.600,0.845,0.623,0.686,0.701,0.831,0.500,0.580,0.558,0.587,
 0.838,0.838,0.490,0.712,0.674,0.859,0.782,0.432,0.878,0.751,0.828,0.579,
 0.825,0.716,0.699,0.729,0.580,0.576,0.741,0.603,0.909,0.823,0.638,0.747,
 0.360,0.561,0.545,0.845,0.870,0.743,0.635,0.699,0.585,0.652,0.879,0.647,
 0.671,0.811,0.686,0.784,0.829,0.771,0.655,0.727,0.553,0.590,0.872,0.736,
 0.623,0.746,0.496,0.719]
Testing Group Acc: [0.559,0.000,0.000]
Epoch [89] Testing Results: Prec@1 55.940 Prec@5 84.350 Loss 1.69707
Epoch [89] Testing Class Recall: [0.700,0.800,0.230,0.420,0.320,0.440,0.590,0.610,0.570,0.480,0.300,0.440,
 0.420,0.810,0.440,0.440,0.540,0.780,0.660,0.590,0.490,0.620,0.470,0.910,
 0.410,0.510,0.590,0.390,0.830,0.530,0.540,0.400,0.620,0.340,0.620,0.320,
 0.780,0.440,0.670,0.760,0.400,0.680,0.570,0.560,0.320,0.340,0.230,0.430,
 0.890,0.750,0.200,0.680,0.780,0.660,0.890,0.230,0.870,0.610,0.690,0.380,
 0.820,0.610,0.480,0.740,0.280,0.460,0.310,0.330,0.780,0.770,0.830,0.670,
 0.170,0.540,0.290,0.640,0.820,0.440,0.480,0.570,0.270,0.650,0.900,0.470,
 0.570,0.720,0.680,0.520,0.730,0.610,0.710,0.750,0.420,0.680,0.770,0.470,
 0.510,0.590,0.310,0.600]
Training Group Acc: [0.686,0.000,0.000]
Epoch [90] Training Results: Prec@1 68.691 Prec@5 92.929 Loss 1.05618
Epoch [90] Training Class Recall: [0.845,0.798,0.565,0.445,0.511,0.751,0.719,0.671,0.869,0.816,0.575,0.351,
 0.702,0.654,0.710,0.721,0.704,0.821,0.645,0.646,0.713,0.788,0.695,0.761,
 0.649,0.595,0.563,0.622,0.805,0.581,0.654,0.749,0.612,0.661,0.721,0.449,
 0.780,0.695,0.625,0.835,0.613,0.669,0.723,0.821,0.524,0.587,0.544,0.595,
 0.847,0.843,0.504,0.706,0.699,0.854,0.784,0.405,0.874,0.740,0.843,0.590,
 0.835,0.737,0.661,0.709,0.606,0.572,0.749,0.595,0.923,0.814,0.682,0.739,
 0.375,0.547,0.532,0.833,0.822,0.721,0.612,0.711,0.557,0.670,0.881,0.682,
 0.663,0.809,0.706,0.755,0.809,0.763,0.678,0.736,0.570,0.579,0.874,0.679,
 0.625,0.734,0.530,0.679]
Testing Group Acc: [0.525,0.000,0.000]
Epoch [90] Testing Results: Prec@1 52.530 Prec@5 82.370 Loss 1.86520
Epoch [90] Testing Class Recall: [0.460,0.610,0.620,0.190,0.350,0.540,0.570,0.510,0.680,0.640,0.550,0.080,
 0.450,0.670,0.490,0.600,0.810,0.620,0.520,0.500,0.510,0.680,0.580,0.570,
 0.460,0.230,0.370,0.230,0.680,0.360,0.200,0.520,0.500,0.510,0.540,0.020,
 0.360,0.640,0.380,0.770,0.420,0.720,0.460,0.570,0.190,0.700,0.560,0.530,
 0.850,0.610,0.230,0.790,0.500,0.970,0.470,0.290,0.760,0.400,0.530,0.510,
 0.730,0.470,0.550,0.620,0.120,0.360,0.440,0.130,0.860,0.650,0.400,0.800,
 0.190,0.300,0.190,0.670,0.640,0.760,0.660,0.620,0.580,0.780,0.730,0.590,
 0.730,0.410,0.730,0.580,0.750,0.670,0.530,0.500,0.100,0.430,0.880,0.430,
 0.580,0.660,0.490,0.590]
Training Group Acc: [0.688,0.000,0.000]
Epoch [91] Training Results: Prec@1 68.838 Prec@5 92.813 Loss 1.05057
Epoch [91] Training Class Recall: [0.814,0.842,0.551,0.473,0.485,0.736,0.691,0.685,0.853,0.779,0.582,0.346,
 0.687,0.658,0.727,0.721,0.697,0.845,0.686,0.646,0.735,0.779,0.681,0.782,
 0.667,0.619,0.543,0.642,0.789,0.581,0.658,0.706,0.576,0.655,0.690,0.451,
 0.755,0.701,0.621,0.872,0.606,0.673,0.707,0.777,0.506,0.587,0.606,0.599,
 0.858,0.851,0.492,0.737,0.729,0.831,0.804,0.443,0.874,0.736,0.839,0.607,
 0.790,0.732,0.694,0.701,0.595,0.593,0.743,0.575,0.913,0.841,0.656,0.749,
 0.344,0.554,0.547,0.838,0.831,0.747,0.600,0.695,0.585,0.670,0.869,0.645,
 0.667,0.835,0.760,0.771,0.805,0.769,0.664,0.719,0.572,0.600,0.890,0.713,
 0.651,0.751,0.518,0.698]
Testing Group Acc: [0.547,0.000,0.000]
Epoch [91] Testing Results: Prec@1 54.660 Prec@5 84.170 Loss 1.77580
Epoch [91] Testing Class Recall: [0.340,0.780,0.370,0.310,0.390,0.450,0.570,0.510,0.590,0.610,0.380,0.050,
 0.550,0.510,0.810,0.670,0.530,0.870,0.340,0.590,0.180,0.730,0.650,0.830,
 0.470,0.520,0.580,0.410,0.520,0.570,0.200,0.480,0.610,0.480,0.490,0.540,
 0.850,0.610,0.440,0.710,0.450,0.500,0.470,0.610,0.280,0.090,0.230,0.430,
 0.880,0.690,0.520,0.640,0.880,0.670,0.820,0.130,0.810,0.580,0.630,0.510,
 0.900,0.570,0.890,0.680,0.470,0.350,0.570,0.470,0.900,0.770,0.540,0.390,
 0.260,0.370,0.330,0.810,0.800,0.320,0.490,0.400,0.460,0.670,0.900,0.400,
 0.740,0.750,0.500,0.760,0.240,0.600,0.850,0.470,0.200,0.530,0.850,0.510,
 0.430,0.670,0.330,0.610]
Training Group Acc: [0.688,0.000,0.000]
Epoch [92] Training Results: Prec@1 68.938 Prec@5 92.762 Loss 1.04560
Epoch [92] Training Class Recall: [0.853,0.839,0.608,0.450,0.441,0.711,0.742,0.681,0.857,0.791,0.577,0.380,
 0.687,0.619,0.727,0.742,0.732,0.837,0.659,0.646,0.721,0.814,0.653,0.755,
 0.675,0.593,0.529,0.666,0.784,0.550,0.629,0.742,0.601,0.677,0.678,0.477,
 0.791,0.691,0.629,0.821,0.642,0.694,0.699,0.807,0.534,0.600,0.561,0.609,
 0.854,0.826,0.469,0.727,0.717,0.866,0.780,0.415,0.865,0.768,0.826,0.638,
 0.806,0.735,0.663,0.701,0.619,0.540,0.754,0.601,0.897,0.814,0.680,0.747,
 0.375,0.522,0.577,0.829,0.822,0.721,0.616,0.678,0.622,0.709,0.895,0.661,
 0.704,0.799,0.720,0.745,0.801,0.777,0.676,0.736,0.546,0.608,0.878,0.706,
 0.635,0.769,0.489,0.707]
Testing Group Acc: [0.534,0.000,0.000]
Epoch [92] Testing Results: Prec@1 53.450 Prec@5 82.860 Loss 1.78824
Epoch [92] Testing Class Recall: [0.700,0.620,0.850,0.370,0.020,0.600,0.470,0.350,0.620,0.760,0.390,0.200,
 0.580,0.440,0.600,0.550,0.620,0.780,0.540,0.470,0.680,0.580,0.780,0.690,
 0.460,0.620,0.150,0.360,0.730,0.550,0.400,0.690,0.410,0.450,0.410,0.080,
 0.430,0.390,0.360,0.840,0.430,0.550,0.610,0.530,0.530,0.330,0.380,0.400,
 0.600,0.860,0.520,0.490,0.150,0.770,0.900,0.300,0.770,0.520,0.630,0.410,
 0.830,0.750,0.700,0.470,0.230,0.520,0.570,0.440,0.820,0.610,0.470,0.440,
 0.160,0.630,0.450,0.690,0.900,0.470,0.510,0.680,0.250,0.480,0.770,0.580,
 0.390,0.360,0.680,0.550,0.720,0.670,0.370,0.540,0.590,0.280,0.960,0.420,
 0.790,0.460,0.380,0.600]
Training Group Acc: [0.684,0.000,0.000]
Epoch [93] Training Results: Prec@1 68.584 Prec@5 92.773 Loss 1.05723
Epoch [93] Training Class Recall: [0.845,0.807,0.600,0.494,0.485,0.749,0.721,0.662,0.847,0.802,0.614,0.356,
 0.691,0.642,0.736,0.729,0.691,0.823,0.706,0.688,0.662,0.792,0.686,0.755,
 0.658,0.588,0.561,0.600,0.821,0.531,0.633,0.751,0.608,0.651,0.705,0.433,
 0.766,0.697,0.641,0.845,0.625,0.620,0.699,0.805,0.500,0.558,0.530,0.595,
 0.845,0.851,0.463,0.714,0.703,0.852,0.775,0.407,0.876,0.712,0.809,0.619,
 0.808,0.706,0.668,0.739,0.625,0.566,0.739,0.612,0.905,0.796,0.669,0.747,
 0.349,0.536,0.543,0.824,0.818,0.727,0.645,0.703,0.573,0.652,0.891,0.705,
 0.671,0.794,0.731,0.753,0.797,0.779,0.671,0.749,0.553,0.598,0.859,0.726,
 0.629,0.740,0.482,0.700]
Testing Group Acc: [0.515,0.000,0.000]
Epoch [93] Testing Results: Prec@1 51.530 Prec@5 82.190 Loss 2.05645
Epoch [93] Testing Class Recall: [0.500,0.410,0.410,0.150,0.220,0.460,0.770,0.340,0.960,0.770,0.560,0.420,
 0.650,0.380,0.730,0.510,0.710,0.910,0.600,0.550,0.760,0.660,0.650,0.490,
 0.420,0.390,0.220,0.230,0.730,0.340,0.490,0.590,0.370,0.560,0.250,0.450,
 0.560,0.260,0.730,0.590,0.360,0.470,0.760,0.720,0.160,0.280,0.540,0.200,
 0.650,0.450,0.280,0.670,0.220,0.650,0.820,0.220,0.510,0.780,0.530,0.640,
 0.700,0.510,0.540,0.570,0.170,0.310,0.740,0.500,0.850,0.570,0.440,0.560,
 0.170,0.290,0.180,0.470,0.680,0.520,0.750,0.810,0.560,0.700,0.870,0.380,
 0.520,0.730,0.470,0.530,0.640,0.730,0.640,0.510,0.400,0.330,0.840,0.180,
 0.290,0.460,0.400,0.360]
Training Group Acc: [0.688,0.000,0.000]
Epoch [94] Training Results: Prec@1 68.880 Prec@5 92.747 Loss 1.05285
Epoch [94] Training Class Recall: [0.850,0.811,0.602,0.466,0.483,0.731,0.714,0.681,0.863,0.802,0.586,0.410,
 0.693,0.665,0.732,0.707,0.717,0.823,0.671,0.661,0.721,0.816,0.686,0.763,
 0.623,0.616,0.538,0.628,0.789,0.547,0.672,0.712,0.614,0.667,0.705,0.472,
 0.803,0.712,0.649,0.850,0.642,0.661,0.707,0.761,0.528,0.576,0.532,0.629,
 0.831,0.836,0.436,0.727,0.709,0.850,0.807,0.392,0.880,0.721,0.832,0.582,
 0.814,0.755,0.689,0.715,0.625,0.547,0.715,0.606,0.892,0.805,0.698,0.739,
 0.360,0.515,0.555,0.786,0.802,0.713,0.618,0.705,0.583,0.696,0.881,0.657,
 0.725,0.816,0.700,0.775,0.831,0.756,0.669,0.742,0.570,0.606,0.880,0.740,
 0.645,0.730,0.506,0.704]
Testing Group Acc: [0.552,0.000,0.000]
Epoch [94] Testing Results: Prec@1 55.200 Prec@5 83.650 Loss 1.74845
Epoch [94] Testing Class Recall: [0.700,0.710,0.420,0.090,0.170,0.800,0.230,0.450,0.730,0.760,0.710,0.060,
 0.660,0.630,0.580,0.430,0.580,0.800,0.650,0.530,0.480,0.670,0.570,0.650,
 0.620,0.440,0.490,0.380,0.590,0.460,0.520,0.400,0.470,0.560,0.610,0.280,
 0.720,0.590,0.700,0.470,0.490,0.730,0.400,0.450,0.370,0.230,0.460,0.510,
 0.790,0.740,0.220,0.660,0.460,0.900,0.680,0.110,0.790,0.550,0.470,0.610,
 0.930,0.300,0.630,0.590,0.290,0.430,0.230,0.660,0.860,0.800,0.360,0.540,
 0.440,0.340,0.300,0.500,0.720,0.640,0.630,0.570,0.510,0.790,0.900,0.500,
 0.380,0.780,0.550,0.860,0.660,0.890,0.720,0.840,0.280,0.450,0.810,0.460,
 0.630,0.370,0.310,0.770]
Training Group Acc: [0.687,0.000,0.000]
Epoch [95] Training Results: Prec@1 68.829 Prec@5 92.787 Loss 1.05292
Epoch [95] Training Class Recall: [0.833,0.839,0.595,0.492,0.505,0.740,0.728,0.688,0.855,0.805,0.584,0.348,
 0.695,0.674,0.742,0.731,0.706,0.825,0.680,0.695,0.662,0.797,0.667,0.765,
 0.645,0.607,0.538,0.646,0.800,0.553,0.649,0.734,0.610,0.673,0.695,0.444,
 0.797,0.701,0.609,0.814,0.625,0.686,0.688,0.827,0.492,0.558,0.537,0.597,
 0.824,0.822,0.498,0.718,0.695,0.854,0.807,0.415,0.859,0.730,0.837,0.598,
 0.804,0.729,0.656,0.717,0.610,0.610,0.752,0.614,0.905,0.796,0.690,0.755,
 0.362,0.497,0.581,0.829,0.831,0.713,0.612,0.692,0.600,0.681,0.891,0.696,
 0.673,0.820,0.734,0.725,0.793,0.750,0.662,0.734,0.587,0.619,0.870,0.666,
 0.627,0.753,0.521,0.687]
Testing Group Acc: [0.538,0.000,0.000]
Epoch [95] Testing Results: Prec@1 53.820 Prec@5 83.380 Loss 1.78580
Epoch [95] Testing Class Recall: [0.760,0.840,0.560,0.530,0.460,0.240,0.700,0.400,0.290,0.610,0.300,0.120,
 0.360,0.640,0.560,0.620,0.640,0.670,0.410,0.440,0.550,0.870,0.430,0.760,
 0.850,0.600,0.430,0.210,0.810,0.350,0.530,0.800,0.320,0.470,0.350,0.420,
 0.810,0.470,0.520,0.880,0.350,0.510,0.380,0.640,0.440,0.160,0.410,0.560,
 0.640,0.450,0.360,0.510,0.650,0.490,0.700,0.220,0.730,0.670,0.750,0.430,
 0.630,0.480,0.610,0.580,0.350,0.190,0.570,0.280,0.830,0.650,0.620,0.610,
 0.380,0.320,0.390,0.890,0.820,0.420,0.530,0.430,0.460,0.190,0.910,0.810,
 0.400,0.590,0.690,0.750,0.450,0.600,0.720,0.610,0.210,0.470,0.760,0.800,
 0.490,0.440,0.630,0.630]
Training Group Acc: [0.686,0.000,0.000]
Epoch [96] Training Results: Prec@1 68.729 Prec@5 92.916 Loss 1.04802
Epoch [96] Training Class Recall: [0.850,0.837,0.606,0.487,0.520,0.738,0.717,0.688,0.865,0.791,0.564,0.338,
 0.657,0.663,0.740,0.754,0.712,0.821,0.661,0.666,0.721,0.809,0.638,0.778,
 0.701,0.637,0.538,0.634,0.810,0.528,0.615,0.723,0.594,0.631,0.711,0.430,
 0.772,0.724,0.627,0.831,0.625,0.669,0.711,0.803,0.502,0.598,0.570,0.587,
 0.861,0.851,0.500,0.718,0.695,0.852,0.755,0.418,0.872,0.723,0.852,0.592,
 0.806,0.750,0.719,0.723,0.636,0.547,0.754,0.586,0.931,0.821,0.664,0.722,
 0.384,0.520,0.571,0.826,0.825,0.710,0.593,0.695,0.575,0.674,0.884,0.675,
 0.681,0.814,0.697,0.734,0.779,0.761,0.655,0.768,0.546,0.594,0.874,0.704,
 0.629,0.751,0.499,0.668]
Testing Group Acc: [0.538,0.000,0.000]
Epoch [96] Testing Results: Prec@1 53.830 Prec@5 82.270 Loss 1.80438
Epoch [96] Testing Class Recall: [0.810,0.870,0.490,0.510,0.480,0.460,0.520,0.630,0.630,0.770,0.320,0.230,
 0.640,0.600,0.360,0.540,0.580,0.460,0.710,0.410,0.250,0.790,0.480,0.800,
 0.170,0.510,0.280,0.400,0.560,0.180,0.580,0.390,0.550,0.570,0.740,0.470,
 0.550,0.550,0.200,0.710,0.490,0.470,0.230,0.450,0.210,0.300,0.280,0.270,
 0.790,0.670,0.500,0.400,0.840,0.750,0.940,0.330,0.900,0.770,0.750,0.180,
 0.730,0.380,0.260,0.490,0.330,0.300,0.490,0.350,0.950,0.680,0.340,0.760,
 0.520,0.770,0.380,0.660,0.740,0.660,0.460,0.550,0.530,0.540,0.920,0.580,
 0.640,0.430,0.460,0.770,0.680,0.630,0.500,0.560,0.720,0.400,0.840,0.590,
 0.530,0.640,0.190,0.610]
Training Group Acc: [0.690,0.000,0.000]
Epoch [97] Training Results: Prec@1 69.056 Prec@5 93.096 Loss 1.04348
Epoch [97] Training Class Recall: [0.850,0.850,0.569,0.466,0.532,0.740,0.717,0.681,0.855,0.802,0.575,0.370,
 0.680,0.635,0.706,0.729,0.725,0.833,0.657,0.693,0.728,0.775,0.661,0.749,
 0.693,0.628,0.583,0.646,0.798,0.568,0.631,0.725,0.599,0.651,0.723,0.449,
 0.801,0.704,0.627,0.847,0.601,0.694,0.721,0.807,0.484,0.587,0.572,0.569,
 0.833,0.840,0.481,0.735,0.703,0.859,0.787,0.409,0.855,0.727,0.834,0.609,
 0.819,0.729,0.701,0.717,0.623,0.568,0.741,0.599,0.909,0.809,0.677,0.761,
 0.404,0.524,0.547,0.843,0.829,0.729,0.645,0.711,0.571,0.672,0.865,0.687,
 0.679,0.841,0.729,0.764,0.813,0.763,0.680,0.734,0.563,0.598,0.878,0.723,
 0.629,0.738,0.523,0.694]
Testing Group Acc: [0.544,0.000,0.000]
Epoch [97] Testing Results: Prec@1 54.420 Prec@5 84.780 Loss 1.74026
Epoch [97] Testing Class Recall: [0.770,0.820,0.560,0.350,0.720,0.570,0.820,0.590,0.620,0.810,0.750,0.510,
 0.310,0.490,0.420,0.530,0.740,0.610,0.480,0.430,0.410,0.760,0.450,0.610,
 0.490,0.480,0.330,0.460,0.550,0.510,0.170,0.470,0.570,0.520,0.390,0.200,
 0.650,0.480,0.520,0.650,0.590,0.730,0.680,0.660,0.130,0.470,0.240,0.360,
 0.950,0.940,0.240,0.570,0.870,0.730,0.760,0.170,0.770,0.730,0.880,0.340,
 0.810,0.250,0.440,0.320,0.280,0.250,0.730,0.320,0.860,0.530,0.550,0.430,
 0.320,0.360,0.200,0.690,0.610,0.420,0.630,0.540,0.150,0.720,0.820,0.440,
 0.460,0.560,0.570,0.540,0.720,0.810,0.700,0.760,0.340,0.800,0.830,0.270,
 0.410,0.620,0.410,0.570]
Training Group Acc: [0.690,0.000,0.000]
Epoch [98] Training Results: Prec@1 69.104 Prec@5 92.956 Loss 1.03988
Epoch [98] Training Class Recall: [0.855,0.813,0.591,0.462,0.489,0.758,0.742,0.685,0.836,0.798,0.586,0.372,
 0.670,0.644,0.704,0.731,0.732,0.843,0.690,0.691,0.713,0.807,0.681,0.771,
 0.719,0.623,0.593,0.658,0.798,0.575,0.631,0.740,0.590,0.681,0.723,0.444,
 0.793,0.712,0.661,0.828,0.599,0.645,0.709,0.799,0.494,0.591,0.558,0.599,
 0.824,0.830,0.481,0.714,0.692,0.854,0.796,0.415,0.876,0.727,0.809,0.615,
 0.837,0.742,0.694,0.725,0.593,0.547,0.756,0.608,0.897,0.821,0.688,0.733,
 0.382,0.527,0.587,0.854,0.856,0.725,0.627,0.686,0.545,0.683,0.874,0.687,
 0.687,0.816,0.717,0.745,0.835,0.771,0.662,0.727,0.565,0.590,0.894,0.721,
 0.604,0.782,0.470,0.692]
Testing Group Acc: [0.550,0.000,0.000]
Epoch [98] Testing Results: Prec@1 54.970 Prec@5 83.140 Loss 1.75721
Epoch [98] Testing Class Recall: [0.670,0.490,0.170,0.090,0.430,0.380,0.860,0.530,0.770,0.650,0.350,0.670,
 0.750,0.610,0.700,0.610,0.610,0.750,0.310,0.490,0.730,0.450,0.550,0.520,
 0.650,0.420,0.540,0.290,0.770,0.280,0.340,0.330,0.400,0.530,0.620,0.560,
 0.810,0.410,0.660,0.670,0.600,0.860,0.540,0.620,0.150,0.540,0.110,0.650,
 0.860,0.720,0.490,0.540,0.530,0.870,0.780,0.160,0.910,0.560,0.700,0.470,
 0.880,0.160,0.410,0.450,0.390,0.300,0.500,0.170,0.650,0.760,0.700,0.830,
 0.130,0.410,0.440,0.810,0.600,0.640,0.170,0.800,0.500,0.590,0.830,0.690,
 0.420,0.710,0.480,0.780,0.660,0.710,0.700,0.470,0.530,0.520,0.890,0.450,
 0.360,0.640,0.140,0.620]
Training Group Acc: [0.691,0.000,0.000]
Epoch [99] Training Results: Prec@1 69.231 Prec@5 93.007 Loss 1.03656
Epoch [99] Training Class Recall: [0.824,0.820,0.571,0.471,0.515,0.769,0.728,0.696,0.869,0.795,0.590,0.415,
 0.689,0.707,0.696,0.750,0.697,0.825,0.673,0.661,0.684,0.831,0.672,0.761,
 0.671,0.584,0.623,0.644,0.800,0.581,0.649,0.751,0.579,0.667,0.719,0.451,
 0.787,0.712,0.649,0.857,0.589,0.678,0.682,0.795,0.508,0.582,0.542,0.599,
 0.838,0.847,0.527,0.742,0.690,0.854,0.775,0.415,0.859,0.717,0.843,0.596,
 0.812,0.696,0.694,0.737,0.634,0.566,0.762,0.640,0.905,0.789,0.711,0.743,
 0.379,0.524,0.553,0.836,0.841,0.752,0.589,0.707,0.593,0.709,0.886,0.650,
 0.648,0.826,0.740,0.755,0.793,0.784,0.680,0.727,0.570,0.610,0.876,0.702,
 0.655,0.730,0.521,0.683]
Testing Group Acc: [0.555,0.000,0.000]
Epoch [99] Testing Results: Prec@1 55.530 Prec@5 84.510 Loss 1.69867
Epoch [99] Testing Class Recall: [0.880,0.760,0.510,0.600,0.240,0.630,0.730,0.420,0.890,0.570,0.560,0.100,
 0.680,0.540,0.530,0.330,0.620,0.790,0.580,0.670,0.580,0.550,0.410,0.760,
 0.420,0.450,0.490,0.240,0.740,0.300,0.260,0.720,0.450,0.450,0.590,0.380,
 0.850,0.370,0.110,0.830,0.680,0.500,0.450,0.610,0.240,0.370,0.460,0.750,
 0.680,0.650,0.280,0.590,0.090,0.780,0.950,0.120,0.840,0.660,0.880,0.270,
 0.640,0.350,0.570,0.650,0.370,0.510,0.550,0.190,0.810,0.800,0.590,0.710,
 0.100,0.710,0.140,0.780,0.780,0.500,0.320,0.640,0.480,0.710,0.940,0.430,
 0.730,0.380,0.680,0.840,0.790,0.760,0.420,0.720,0.470,0.410,0.680,0.660,
 0.740,0.750,0.400,0.400]
Training Group Acc: [0.690,0.000,0.000]
Epoch [100] Training Results: Prec@1 69.133 Prec@5 92.878 Loss 1.04615
Epoch [100] Training Class Recall: [0.848,0.833,0.571,0.473,0.524,0.705,0.752,0.696,0.851,0.795,0.542,0.386,
 0.689,0.628,0.753,0.729,0.721,0.825,0.678,0.652,0.669,0.786,0.672,0.776,
 0.680,0.614,0.581,0.652,0.766,0.537,0.636,0.727,0.599,0.683,0.723,0.460,
 0.778,0.691,0.631,0.862,0.642,0.678,0.731,0.813,0.520,0.552,0.553,0.611,
 0.852,0.812,0.519,0.703,0.678,0.857,0.809,0.428,0.872,0.725,0.832,0.571,
 0.833,0.727,0.671,0.731,0.595,0.555,0.756,0.599,0.917,0.796,0.727,0.749,
 0.366,0.557,0.557,0.845,0.818,0.768,0.635,0.717,0.596,0.702,0.881,0.687,
 0.710,0.805,0.746,0.779,0.797,0.748,0.671,0.766,0.546,0.614,0.870,0.711,
 0.594,0.761,0.487,0.679]
Testing Group Acc: [0.528,0.000,0.000]
Epoch [100] Testing Results: Prec@1 52.790 Prec@5 80.890 Loss 2.05584
Epoch [100] Testing Class Recall: [0.700,0.650,0.360,0.180,0.610,0.520,0.670,0.480,0.550,0.420,0.300,0.520,
 0.460,0.550,0.760,0.630,0.650,0.680,0.510,0.580,0.160,0.590,0.480,0.610,
 0.390,0.380,0.190,0.600,0.800,0.300,0.590,0.380,0.530,0.250,0.700,0.370,
 0.420,0.350,0.390,0.450,0.300,0.640,0.870,0.750,0.290,0.240,0.510,0.310,
 0.930,0.750,0.240,0.540,0.730,0.620,0.640,0.490,0.710,0.710,0.780,0.490,
 0.750,0.230,0.610,0.560,0.510,0.430,0.840,0.330,0.890,0.540,0.310,0.790,
 0.530,0.170,0.480,0.810,0.620,0.450,0.470,0.540,0.410,0.400,0.820,0.420,
 0.380,0.560,0.500,0.680,0.570,0.700,0.630,0.570,0.470,0.540,0.750,0.550,
 0.470,0.640,0.040,0.580]
Training Group Acc: [0.692,0.000,0.000]
Epoch [101] Training Results: Prec@1 69.336 Prec@5 93.176 Loss 1.03116
Epoch [101] Training Class Recall: [0.826,0.820,0.578,0.468,0.552,0.731,0.728,0.700,0.873,0.784,0.556,0.378,
 0.685,0.691,0.738,0.723,0.747,0.817,0.680,0.688,0.713,0.818,0.715,0.761,
 0.658,0.630,0.578,0.646,0.791,0.584,0.638,0.734,0.608,0.667,0.711,0.449,
 0.764,0.699,0.641,0.852,0.637,0.657,0.692,0.831,0.526,0.613,0.589,0.595,
 0.840,0.836,0.492,0.731,0.695,0.850,0.778,0.422,0.857,0.723,0.832,0.598,
 0.821,0.747,0.638,0.763,0.621,0.578,0.764,0.558,0.903,0.823,0.682,0.733,
 0.386,0.536,0.555,0.826,0.822,0.731,0.622,0.682,0.581,0.707,0.881,0.694,
 0.687,0.833,0.703,0.764,0.805,0.771,0.691,0.749,0.582,0.594,0.859,0.719,
 0.641,0.757,0.501,0.694]
Testing Group Acc: [0.546,0.000,0.000]
Epoch [101] Testing Results: Prec@1 54.550 Prec@5 83.910 Loss 1.80330
Epoch [101] Testing Class Recall: [0.820,0.690,0.350,0.230,0.190,0.550,0.600,0.510,0.940,0.730,0.530,0.300,
 0.610,0.350,0.590,0.240,0.620,0.860,0.680,0.200,0.520,0.810,0.720,0.770,
 0.320,0.540,0.300,0.370,0.780,0.540,0.570,0.660,0.540,0.690,0.340,0.470,
 0.710,0.600,0.450,0.860,0.440,0.530,0.490,0.340,0.300,0.250,0.730,0.270,
 0.470,0.760,0.380,0.870,0.760,0.420,0.610,0.220,0.660,0.830,0.740,0.810,
 0.860,0.630,0.080,0.470,0.210,0.170,0.690,0.360,0.910,0.780,0.700,0.460,
 0.030,0.650,0.600,0.450,0.830,0.320,0.500,0.750,0.320,0.690,0.830,0.510,
 0.560,0.860,0.520,0.450,0.600,0.370,0.760,0.600,0.630,0.240,0.730,0.530,
 0.410,0.630,0.320,0.510]
Training Group Acc: [0.691,0.000,0.000]
Epoch [102] Training Results: Prec@1 69.156 Prec@5 93.138 Loss 1.03902
Epoch [102] Training Class Recall: [0.848,0.848,0.595,0.443,0.493,0.722,0.721,0.650,0.865,0.784,0.595,0.396,
 0.704,0.642,0.740,0.744,0.717,0.841,0.673,0.668,0.713,0.809,0.644,0.765,
 0.693,0.609,0.603,0.640,0.782,0.559,0.661,0.732,0.596,0.653,0.723,0.426,
 0.774,0.727,0.663,0.857,0.623,0.669,0.707,0.799,0.534,0.569,0.577,0.603,
 0.854,0.812,0.473,0.735,0.723,0.852,0.773,0.386,0.859,0.717,0.822,0.605,
 0.790,0.724,0.663,0.715,0.591,0.557,0.752,0.612,0.903,0.832,0.682,0.745,
 0.393,0.561,0.587,0.847,0.820,0.749,0.624,0.715,0.593,0.702,0.860,0.712,
 0.660,0.824,0.743,0.749,0.823,0.769,0.655,0.753,0.604,0.586,0.874,0.723,
 0.631,0.757,0.504,0.664]
Testing Group Acc: [0.571,0.000,0.000]
Epoch [102] Testing Results: Prec@1 57.090 Prec@5 84.910 Loss 1.65886
Epoch [102] Testing Class Recall: [0.910,0.900,0.360,0.300,0.340,0.660,0.540,0.630,0.700,0.720,0.440,0.300,
 0.690,0.480,0.330,0.470,0.610,0.650,0.380,0.450,0.340,0.860,0.470,0.800,
 0.270,0.500,0.660,0.560,0.810,0.420,0.670,0.700,0.480,0.520,0.370,0.600,
 0.640,0.820,0.400,0.810,0.580,0.810,0.390,0.310,0.130,0.520,0.350,0.550,
 0.850,0.630,0.550,0.460,0.530,0.750,0.740,0.190,0.860,0.610,0.860,0.340,
 0.730,0.570,0.510,0.570,0.520,0.400,0.660,0.250,0.800,0.800,0.280,0.740,
 0.160,0.380,0.600,0.860,0.750,0.310,0.350,0.810,0.420,0.680,0.470,0.550,
 0.650,0.640,0.740,0.740,0.580,0.410,0.780,0.790,0.710,0.500,0.950,0.600,
 0.690,0.800,0.110,0.660]
Training Group Acc: [0.690,0.000,0.000]
Epoch [103] Training Results: Prec@1 69.107 Prec@5 93.113 Loss 1.03314
Epoch [103] Training Class Recall: [0.889,0.831,0.602,0.466,0.511,0.740,0.700,0.692,0.865,0.805,0.599,0.356,
 0.685,0.624,0.746,0.731,0.710,0.819,0.649,0.641,0.721,0.788,0.664,0.778,
 0.645,0.588,0.566,0.642,0.796,0.581,0.631,0.723,0.616,0.673,0.711,0.405,
 0.787,0.712,0.635,0.835,0.618,0.710,0.713,0.819,0.490,0.598,0.572,0.595,
 0.847,0.859,0.506,0.748,0.672,0.843,0.791,0.395,0.885,0.736,0.828,0.598,
 0.814,0.735,0.676,0.737,0.645,0.557,0.745,0.621,0.909,0.803,0.675,0.735,
 0.371,0.529,0.567,0.847,0.831,0.747,0.641,0.715,0.581,0.696,0.886,0.664,
 0.656,0.818,0.726,0.760,0.817,0.742,0.700,0.736,0.536,0.625,0.888,0.709,
 0.625,0.734,0.518,0.704]
Testing Group Acc: [0.570,0.000,0.000]
Epoch [103] Testing Results: Prec@1 56.980 Prec@5 85.140 Loss 1.69259
Epoch [103] Testing Class Recall: [0.740,0.820,0.480,0.270,0.240,0.680,0.550,0.550,0.850,0.760,0.470,0.470,
 0.680,0.320,0.660,0.470,0.810,0.650,0.610,0.520,0.500,0.720,0.500,0.560,
 0.500,0.330,0.620,0.340,0.800,0.550,0.350,0.570,0.540,0.600,0.560,0.260,
 0.730,0.350,0.380,0.600,0.530,0.700,0.340,0.510,0.220,0.400,0.280,0.720,
 0.850,0.640,0.380,0.760,0.660,0.720,0.820,0.320,0.840,0.710,0.770,0.520,
 0.580,0.620,0.360,0.470,0.230,0.500,0.450,0.280,0.870,0.660,0.840,0.890,
 0.120,0.570,0.360,0.540,0.880,0.530,0.570,0.740,0.450,0.940,0.860,0.580,
 0.580,0.650,0.510,0.750,0.720,0.450,0.300,0.770,0.690,0.420,0.930,0.510,
 0.450,0.810,0.430,0.470]
Training Group Acc: [0.689,0.000,0.000]
Epoch [104] Training Results: Prec@1 69.009 Prec@5 93.047 Loss 1.03814
Epoch [104] Training Class Recall: [0.841,0.833,0.608,0.462,0.505,0.775,0.728,0.723,0.865,0.814,0.584,0.404,
 0.663,0.654,0.729,0.748,0.712,0.833,0.690,0.691,0.684,0.822,0.664,0.780,
 0.693,0.600,0.548,0.660,0.773,0.562,0.618,0.758,0.616,0.673,0.709,0.442,
 0.772,0.704,0.649,0.845,0.652,0.673,0.703,0.809,0.508,0.629,0.551,0.583,
 0.836,0.834,0.463,0.729,0.676,0.850,0.778,0.392,0.865,0.736,0.841,0.592,
 0.808,0.729,0.684,0.733,0.574,0.581,0.760,0.593,0.917,0.812,0.685,0.761,
 0.349,0.540,0.567,0.824,0.809,0.752,0.579,0.707,0.567,0.700,0.876,0.673,
 0.673,0.807,0.723,0.745,0.805,0.754,0.671,0.742,0.570,0.584,0.862,0.691,
 0.635,0.744,0.487,0.690]
Testing Group Acc: [0.542,0.000,0.000]
Epoch [104] Testing Results: Prec@1 54.190 Prec@5 83.060 Loss 1.82629
Epoch [104] Testing Class Recall: [0.550,0.520,0.720,0.630,0.270,0.640,0.680,0.640,0.850,0.880,0.250,0.230,
 0.780,0.360,0.460,0.620,0.600,0.950,0.570,0.590,0.610,0.700,0.700,0.700,
 0.650,0.450,0.200,0.360,0.610,0.250,0.520,0.540,0.420,0.530,0.250,0.310,
 0.590,0.470,0.640,0.850,0.570,0.540,0.720,0.630,0.520,0.040,0.710,0.270,
 0.720,0.780,0.540,0.640,0.730,0.590,0.890,0.210,0.690,0.650,0.390,0.560,
 0.840,0.600,0.580,0.520,0.400,0.380,0.190,0.220,0.850,0.700,0.250,0.730,
 0.050,0.500,0.150,0.720,0.790,0.390,0.210,0.710,0.270,0.850,0.790,0.200,
 0.640,0.450,0.510,0.740,0.540,0.490,0.520,0.470,0.610,0.320,0.910,0.520,
 0.210,0.840,0.350,0.650]
Training Group Acc: [0.688,0.000,0.000]
Epoch [105] Training Results: Prec@1 68.878 Prec@5 93.049 Loss 1.04097
Epoch [105] Training Class Recall: [0.841,0.807,0.582,0.485,0.532,0.749,0.745,0.671,0.847,0.802,0.595,0.362,
 0.670,0.644,0.744,0.731,0.710,0.849,0.651,0.666,0.713,0.833,0.723,0.776,
 0.636,0.600,0.581,0.638,0.770,0.584,0.636,0.727,0.592,0.694,0.701,0.447,
 0.768,0.727,0.617,0.850,0.611,0.686,0.727,0.789,0.544,0.571,0.553,0.599,
 0.838,0.840,0.465,0.725,0.676,0.829,0.775,0.401,0.865,0.745,0.847,0.600,
 0.823,0.732,0.663,0.719,0.634,0.597,0.749,0.606,0.895,0.818,0.672,0.749,
 0.373,0.520,0.538,0.833,0.834,0.745,0.624,0.692,0.567,0.652,0.886,0.650,
 0.673,0.820,0.729,0.721,0.803,0.765,0.651,0.762,0.568,0.614,0.884,0.702,
 0.635,0.757,0.470,0.662]
Testing Group Acc: [0.565,0.000,0.000]
Epoch [105] Testing Results: Prec@1 56.450 Prec@5 84.360 Loss 1.66406
Epoch [105] Testing Class Recall: [0.870,0.840,0.370,0.410,0.290,0.650,0.520,0.400,0.670,0.620,0.500,0.100,
 0.790,0.440,0.500,0.460,0.550,0.780,0.580,0.590,0.530,0.520,0.320,0.450,
 0.310,0.370,0.440,0.600,0.800,0.600,0.390,0.450,0.650,0.700,0.580,0.280,
 0.620,0.640,0.240,0.870,0.510,0.500,0.810,0.530,0.370,0.390,0.490,0.640,
 0.690,0.830,0.550,0.670,0.770,0.830,0.770,0.170,0.810,0.480,0.730,0.330,
 0.840,0.350,0.700,0.580,0.380,0.480,0.240,0.210,0.810,0.830,0.280,0.630,
 0.550,0.670,0.440,0.610,0.740,0.560,0.350,0.560,0.410,0.680,0.860,0.440,
 0.650,0.770,0.440,0.830,0.720,0.700,0.580,0.740,0.700,0.380,0.790,0.410,
 0.580,0.550,0.440,0.810]
Training Group Acc: [0.691,0.000,0.000]
Epoch [106] Training Results: Prec@1 69.247 Prec@5 93.242 Loss 1.03433
Epoch [106] Training Class Recall: [0.826,0.820,0.578,0.500,0.507,0.751,0.698,0.692,0.869,0.814,0.560,0.383,
 0.685,0.637,0.736,0.715,0.715,0.833,0.657,0.688,0.721,0.803,0.658,0.792,
 0.675,0.591,0.596,0.652,0.787,0.537,0.649,0.697,0.630,0.681,0.717,0.435,
 0.795,0.716,0.655,0.835,0.663,0.706,0.674,0.793,0.512,0.609,0.530,0.613,
 0.840,0.834,0.498,0.739,0.684,0.850,0.809,0.390,0.889,0.732,0.822,0.621,
 0.794,0.740,0.635,0.739,0.608,0.553,0.760,0.601,0.888,0.818,0.677,0.790,
 0.373,0.591,0.557,0.850,0.825,0.729,0.639,0.733,0.575,0.702,0.893,0.682,
 0.714,0.818,0.689,0.758,0.803,0.773,0.685,0.740,0.589,0.569,0.898,0.732,
 0.627,0.755,0.462,0.670]
Testing Group Acc: [0.510,0.000,0.000]
Epoch [106] Testing Results: Prec@1 51.030 Prec@5 81.140 Loss 1.94256
Epoch [106] Testing Class Recall: [0.570,0.680,0.270,0.160,0.220,0.530,0.610,0.270,0.530,0.670,0.440,0.160,
 0.740,0.450,0.510,0.630,0.680,0.640,0.360,0.530,0.340,0.660,0.420,0.680,
 0.460,0.450,0.290,0.520,0.790,0.330,0.610,0.190,0.540,0.220,0.550,0.060,
 0.710,0.370,0.430,0.800,0.430,0.800,0.840,0.540,0.400,0.280,0.450,0.330,
 0.880,0.910,0.320,0.390,0.830,0.730,0.560,0.340,0.650,0.460,0.830,0.420,
 0.480,0.530,0.770,0.470,0.190,0.470,0.450,0.630,0.760,0.630,0.340,0.740,
 0.430,0.400,0.260,0.740,0.900,0.230,0.360,0.400,0.270,0.600,0.710,0.420,
 0.610,0.490,0.830,0.590,0.610,0.490,0.480,0.690,0.150,0.530,0.570,0.500,
 0.250,0.610,0.330,0.660]
Training Group Acc: [0.692,0.000,0.000]
Epoch [107] Training Results: Prec@1 69.244 Prec@5 92.967 Loss 1.03425
Epoch [107] Training Class Recall: [0.855,0.807,0.589,0.456,0.483,0.749,0.691,0.677,0.867,0.795,0.586,0.375,
 0.715,0.658,0.696,0.705,0.695,0.813,0.673,0.661,0.743,0.822,0.633,0.765,
 0.658,0.619,0.533,0.644,0.791,0.575,0.665,0.723,0.636,0.669,0.733,0.435,
 0.782,0.689,0.633,0.835,0.609,0.718,0.715,0.809,0.518,0.598,0.553,0.623,
 0.838,0.834,0.481,0.739,0.703,0.864,0.796,0.418,0.878,0.751,0.860,0.596,
 0.816,0.753,0.714,0.725,0.602,0.547,0.777,0.603,0.909,0.825,0.688,0.757,
 0.375,0.545,0.551,0.833,0.838,0.731,0.618,0.703,0.589,0.694,0.900,0.687,
 0.681,0.826,0.729,0.751,0.799,0.765,0.694,0.730,0.585,0.600,0.872,0.719,
 0.647,0.740,0.528,0.700]
Testing Group Acc: [0.459,0.000,0.000]
Epoch [107] Testing Results: Prec@1 45.860 Prec@5 76.880 Loss 2.34463
Epoch [107] Testing Class Recall: [0.860,0.610,0.540,0.300,0.590,0.250,0.540,0.670,0.360,0.520,0.580,0.070,
 0.310,0.290,0.690,0.230,0.610,0.390,0.400,0.150,0.330,0.880,0.380,0.740,
 0.350,0.350,0.190,0.300,0.430,0.090,0.420,0.260,0.140,0.100,0.280,0.350,
 0.610,0.250,0.170,0.610,0.410,0.470,0.670,0.480,0.070,0.500,0.110,0.170,
 0.970,0.820,0.240,0.230,0.850,0.530,0.360,0.210,0.670,0.720,0.670,0.230,
 0.460,0.630,0.520,0.680,0.370,0.370,0.460,0.650,0.870,0.400,0.650,0.440,
 0.470,0.530,0.350,0.820,0.710,0.540,0.530,0.450,0.520,0.170,0.800,0.570,
 0.160,0.280,0.810,0.710,0.510,0.170,0.580,0.660,0.390,0.530,0.240,0.620,
 0.130,0.620,0.550,0.370]
Training Group Acc: [0.692,0.000,0.000]
Epoch [108] Training Results: Prec@1 69.364 Prec@5 93.100 Loss 1.02936
Epoch [108] Training Class Recall: [0.860,0.824,0.591,0.489,0.550,0.731,0.731,0.696,0.883,0.793,0.573,0.375,
 0.674,0.656,0.717,0.696,0.719,0.813,0.678,0.648,0.684,0.790,0.675,0.776,
 0.649,0.609,0.556,0.632,0.803,0.550,0.620,0.700,0.603,0.667,0.715,0.437,
 0.772,0.710,0.657,0.843,0.652,0.714,0.729,0.819,0.542,0.582,0.587,0.593,
 0.858,0.822,0.477,0.754,0.682,0.850,0.780,0.401,0.859,0.734,0.849,0.600,
 0.806,0.755,0.678,0.731,0.627,0.583,0.760,0.627,0.917,0.823,0.677,0.743,
 0.375,0.524,0.569,0.864,0.831,0.745,0.637,0.721,0.581,0.689,0.869,0.703,
 0.689,0.831,0.720,0.758,0.801,0.758,0.696,0.740,0.589,0.584,0.900,0.702,
 0.615,0.802,0.496,0.685]
Testing Group Acc: [0.548,0.000,0.000]
Epoch [108] Testing Results: Prec@1 54.850 Prec@5 83.920 Loss 1.74317
Epoch [108] Testing Class Recall: [0.460,0.490,0.640,0.160,0.440,0.350,0.570,0.270,0.630,0.460,0.350,0.160,
 0.660,0.540,0.340,0.460,0.550,0.650,0.360,0.180,0.750,0.850,0.490,0.840,
 0.360,0.400,0.510,0.520,0.830,0.610,0.530,0.690,0.410,0.450,0.530,0.300,
 0.630,0.580,0.340,0.860,0.540,0.580,0.510,0.650,0.390,0.220,0.360,0.750,
 0.860,0.840,0.360,0.530,0.350,0.910,0.610,0.370,0.780,0.510,0.850,0.380,
 0.770,0.710,0.580,0.710,0.510,0.420,0.600,0.460,0.810,0.720,0.840,0.620,
 0.320,0.480,0.110,0.700,0.870,0.600,0.720,0.610,0.350,0.510,0.830,0.640,
 0.570,0.750,0.620,0.800,0.480,0.710,0.480,0.410,0.190,0.390,0.860,0.470,
 0.390,0.420,0.520,0.750]
Training Group Acc: [0.692,0.000,0.000]
Epoch [109] Training Results: Prec@1 69.362 Prec@5 93.127 Loss 1.03014
Epoch [109] Training Class Recall: [0.853,0.822,0.580,0.504,0.536,0.733,0.745,0.683,0.865,0.807,0.580,0.370,
 0.680,0.624,0.721,0.717,0.747,0.837,0.671,0.675,0.691,0.827,0.692,0.778,
 0.688,0.602,0.581,0.648,0.805,0.547,0.661,0.766,0.596,0.665,0.725,0.430,
 0.797,0.733,0.615,0.821,0.601,0.690,0.717,0.795,0.526,0.591,0.549,0.595,
 0.820,0.830,0.514,0.735,0.697,0.873,0.784,0.411,0.872,0.753,0.852,0.605,
 0.814,0.716,0.666,0.735,0.636,0.553,0.764,0.595,0.905,0.818,0.664,0.757,
 0.340,0.554,0.545,0.850,0.806,0.749,0.614,0.692,0.598,0.694,0.879,0.671,
 0.729,0.809,0.731,0.786,0.787,0.758,0.667,0.730,0.582,0.623,0.892,0.717,
 0.602,0.767,0.496,0.711]
Testing Group Acc: [0.590,0.000,0.000]
Epoch [109] Testing Results: Prec@1 58.990 Prec@5 87.030 Loss 1.56749
Epoch [109] Testing Class Recall: [0.760,0.790,0.600,0.330,0.400,0.640,0.430,0.650,0.760,0.860,0.220,0.420,
 0.600,0.720,0.700,0.540,0.630,0.650,0.710,0.410,0.530,0.730,0.410,0.640,
 0.390,0.440,0.510,0.470,0.650,0.650,0.400,0.550,0.670,0.390,0.640,0.130,
 0.780,0.790,0.500,0.550,0.570,0.740,0.570,0.580,0.290,0.130,0.580,0.450,
 0.920,0.720,0.360,0.710,0.650,0.710,0.830,0.240,0.700,0.820,0.790,0.430,
 0.730,0.620,0.620,0.610,0.560,0.390,0.720,0.510,0.890,0.570,0.540,0.770,
 0.460,0.480,0.570,0.890,0.890,0.380,0.410,0.570,0.540,0.450,0.890,0.580,
 0.500,0.640,0.640,0.740,0.570,0.510,0.660,0.710,0.480,0.490,0.930,0.520,
 0.690,0.850,0.300,0.690]
Training Group Acc: [0.687,0.000,0.000]
Epoch [110] Training Results: Prec@1 68.844 Prec@5 93.033 Loss 1.03632
Epoch [110] Training Class Recall: [0.833,0.809,0.602,0.481,0.513,0.727,0.705,0.677,0.877,0.786,0.540,0.356,
 0.695,0.656,0.725,0.748,0.695,0.823,0.684,0.673,0.713,0.797,0.689,0.773,
 0.675,0.593,0.514,0.626,0.794,0.531,0.661,0.740,0.608,0.661,0.699,0.412,
 0.812,0.722,0.637,0.852,0.613,0.686,0.711,0.779,0.514,0.582,0.580,0.605,
 0.836,0.834,0.502,0.686,0.723,0.871,0.778,0.399,0.863,0.734,0.849,0.577,
 0.825,0.732,0.653,0.725,0.615,0.576,0.771,0.619,0.890,0.809,0.703,0.749,
 0.379,0.531,0.524,0.850,0.811,0.717,0.662,0.715,0.573,0.667,0.862,0.680,
 0.677,0.820,0.689,0.762,0.793,0.763,0.700,0.775,0.531,0.584,0.878,0.672,
 0.649,0.755,0.484,0.709]
Testing Group Acc: [0.540,0.000,0.000]
Epoch [110] Testing Results: Prec@1 53.960 Prec@5 82.640 Loss 1.82501
Epoch [110] Testing Class Recall: [0.690,0.770,0.590,0.450,0.340,0.440,0.580,0.630,0.770,0.600,0.490,0.040,
 0.600,0.730,0.370,0.460,0.560,0.460,0.780,0.200,0.460,0.850,0.660,0.780,
 0.390,0.320,0.380,0.480,0.690,0.370,0.650,0.430,0.420,0.420,0.760,0.530,
 0.600,0.440,0.660,0.750,0.450,0.530,0.530,0.600,0.220,0.230,0.280,0.330,
 0.850,0.790,0.240,0.600,0.710,0.850,0.660,0.620,0.770,0.830,0.530,0.370,
 0.690,0.400,0.350,0.480,0.550,0.460,0.760,0.340,0.900,0.780,0.510,0.670,
 0.110,0.350,0.240,0.920,0.550,0.410,0.420,0.540,0.350,0.160,0.770,0.370,
 0.310,0.590,0.640,0.760,0.530,0.480,0.740,0.510,0.540,0.380,0.730,0.520,
 0.640,0.720,0.550,0.660]
Training Group Acc: [0.692,0.000,0.000]
Epoch [111] Training Results: Prec@1 69.327 Prec@5 92.971 Loss 1.03332
Epoch [111] Training Class Recall: [0.845,0.833,0.604,0.466,0.517,0.751,0.742,0.658,0.879,0.767,0.564,0.370,
 0.712,0.672,0.761,0.750,0.693,0.831,0.680,0.664,0.669,0.807,0.712,0.792,
 0.688,0.595,0.576,0.658,0.777,0.609,0.672,0.708,0.605,0.673,0.709,0.481,
 0.791,0.718,0.639,0.843,0.635,0.702,0.686,0.815,0.510,0.591,0.542,0.599,
 0.842,0.843,0.492,0.716,0.705,0.833,0.791,0.426,0.874,0.745,0.824,0.615,
 0.814,0.732,0.666,0.747,0.630,0.544,0.734,0.616,0.897,0.816,0.690,0.778,
 0.338,0.545,0.569,0.843,0.834,0.752,0.635,0.707,0.573,0.665,0.874,0.696,
 0.681,0.828,0.743,0.749,0.781,0.752,0.646,0.753,0.585,0.600,0.870,0.685,
 0.643,0.740,0.492,0.711]
Testing Group Acc: [0.581,0.000,0.000]
Epoch [111] Testing Results: Prec@1 58.070 Prec@5 85.910 Loss 1.58653
Epoch [111] Testing Class Recall: [0.810,0.870,0.600,0.450,0.350,0.360,0.740,0.590,0.930,0.870,0.570,0.550,
 0.570,0.390,0.630,0.570,0.790,0.490,0.340,0.560,0.430,0.800,0.430,0.610,
 0.400,0.310,0.490,0.420,0.760,0.410,0.340,0.540,0.530,0.610,0.660,0.130,
 0.470,0.670,0.560,0.690,0.360,0.670,0.570,0.650,0.390,0.360,0.550,0.640,
 0.960,0.750,0.230,0.740,0.500,0.730,0.700,0.530,0.830,0.670,0.660,0.480,
 0.800,0.660,0.620,0.470,0.420,0.440,0.610,0.510,0.860,0.800,0.590,0.680,
 0.430,0.490,0.450,0.640,0.640,0.630,0.550,0.730,0.240,0.360,0.820,0.530,
 0.610,0.560,0.510,0.640,0.620,0.700,0.620,0.740,0.710,0.660,0.800,0.570,
 0.580,0.720,0.110,0.690]
Training Group Acc: [0.693,0.000,0.000]
Epoch [112] Training Results: Prec@1 69.333 Prec@5 93.124 Loss 1.02763
Epoch [112] Training Class Recall: [0.836,0.846,0.621,0.529,0.511,0.725,0.742,0.681,0.857,0.823,0.601,0.391,
 0.678,0.651,0.719,0.721,0.730,0.829,0.663,0.682,0.728,0.807,0.672,0.771,
 0.693,0.579,0.563,0.678,0.791,0.537,0.652,0.745,0.610,0.665,0.733,0.451,
 0.774,0.741,0.623,0.823,0.616,0.718,0.699,0.825,0.482,0.598,0.553,0.599,
 0.831,0.834,0.481,0.727,0.711,0.817,0.778,0.434,0.859,0.734,0.845,0.609,
 0.821,0.729,0.704,0.715,0.630,0.561,0.743,0.586,0.909,0.814,0.690,0.751,
 0.371,0.533,0.563,0.854,0.825,0.747,0.656,0.692,0.567,0.681,0.886,0.689,
 0.677,0.818,0.737,0.742,0.809,0.771,0.664,0.730,0.589,0.623,0.882,0.721,
 0.611,0.742,0.523,0.679]
Testing Group Acc: [0.521,0.000,0.000]
Epoch [112] Testing Results: Prec@1 52.120 Prec@5 81.320 Loss 1.98688
Epoch [112] Testing Class Recall: [0.820,0.710,0.290,0.120,0.310,0.660,0.810,0.520,0.710,0.320,0.380,0.630,
 0.300,0.690,0.380,0.340,0.410,0.320,0.580,0.310,0.300,0.840,0.220,0.670,
 0.010,0.450,0.340,0.530,0.710,0.550,0.240,0.430,0.560,0.060,0.660,0.280,
 0.660,0.540,0.380,0.870,0.360,0.540,0.700,0.640,0.310,0.580,0.440,0.390,
 0.960,0.790,0.470,0.460,0.390,0.780,0.740,0.250,0.830,0.500,0.670,0.390,
 0.810,0.730,0.620,0.580,0.470,0.370,0.550,0.220,0.750,0.480,0.180,0.570,
 0.070,0.270,0.400,0.540,0.510,0.600,0.750,0.610,0.550,0.230,0.790,0.710,
 0.300,0.590,0.380,0.680,0.800,0.670,0.590,0.700,0.690,0.470,0.630,0.630,
 0.890,0.700,0.310,0.630]
Training Group Acc: [0.690,0.000,0.000]
Epoch [113] Training Results: Prec@1 69.049 Prec@5 93.267 Loss 1.02893
Epoch [113] Training Class Recall: [0.836,0.824,0.615,0.496,0.536,0.747,0.752,0.690,0.888,0.805,0.593,0.364,
 0.700,0.693,0.691,0.717,0.725,0.813,0.676,0.637,0.750,0.779,0.655,0.737,
 0.684,0.616,0.566,0.654,0.791,0.550,0.645,0.749,0.603,0.653,0.713,0.428,
 0.778,0.729,0.627,0.838,0.621,0.682,0.692,0.817,0.480,0.591,0.546,0.599,
 0.842,0.816,0.477,0.739,0.701,0.808,0.818,0.415,0.876,0.732,0.849,0.573,
 0.835,0.745,0.699,0.723,0.621,0.553,0.762,0.578,0.901,0.805,0.711,0.755,
 0.375,0.517,0.553,0.829,0.825,0.729,0.610,0.701,0.598,0.681,0.881,0.673,
 0.710,0.816,0.706,0.766,0.807,0.773,0.691,0.760,0.585,0.586,0.870,0.685,
 0.600,0.780,0.506,0.666]
Testing Group Acc: [0.525,0.000,0.000]
Epoch [113] Testing Results: Prec@1 52.530 Prec@5 81.310 Loss 1.88346
Epoch [113] Testing Class Recall: [0.770,0.800,0.660,0.310,0.210,0.550,0.390,0.450,0.490,0.860,0.470,0.250,
 0.540,0.380,0.680,0.330,0.650,0.770,0.640,0.530,0.580,0.470,0.500,0.580,
 0.780,0.710,0.220,0.330,0.650,0.470,0.280,0.400,0.470,0.360,0.700,0.110,
 0.870,0.550,0.230,0.780,0.540,0.660,0.370,0.360,0.180,0.220,0.160,0.520,
 0.320,0.700,0.400,0.450,0.540,0.600,0.690,0.410,0.720,0.790,0.630,0.530,
 0.890,0.230,0.630,0.510,0.240,0.380,0.200,0.690,0.910,0.830,0.190,0.830,
 0.270,0.240,0.580,0.810,0.740,0.660,0.400,0.480,0.520,0.720,0.810,0.550,
 0.500,0.650,0.280,0.770,0.400,0.480,0.650,0.360,0.690,0.200,0.880,0.750,
 0.580,0.280,0.380,0.810]
Training Group Acc: [0.693,0.000,0.000]
Epoch [114] Training Results: Prec@1 69.404 Prec@5 93.073 Loss 1.02430
Epoch [114] Training Class Recall: [0.838,0.833,0.578,0.494,0.489,0.729,0.724,0.698,0.881,0.798,0.599,0.383,
 0.691,0.656,0.742,0.742,0.710,0.839,0.684,0.670,0.750,0.848,0.698,0.771,
 0.667,0.607,0.548,0.650,0.800,0.571,0.647,0.725,0.605,0.659,0.695,0.458,
 0.789,0.724,0.625,0.847,0.613,0.673,0.684,0.821,0.504,0.604,0.589,0.599,
 0.831,0.834,0.502,0.763,0.695,0.838,0.784,0.434,0.874,0.762,0.828,0.634,
 0.794,0.745,0.711,0.727,0.660,0.553,0.739,0.642,0.901,0.821,0.669,0.728,
 0.342,0.499,0.551,0.829,0.820,0.749,0.639,0.697,0.571,0.698,0.886,0.684,
 0.716,0.833,0.734,0.729,0.793,0.739,0.662,0.751,0.580,0.606,0.888,0.687,
 0.625,0.765,0.521,0.709]
Testing Group Acc: [0.535,0.000,0.000]
Epoch [114] Testing Results: Prec@1 53.540 Prec@5 82.470 Loss 1.87040
Epoch [114] Testing Class Recall: [0.840,0.460,0.190,0.180,0.480,0.420,0.680,0.610,0.770,0.750,0.550,0.350,
 0.740,0.500,0.340,0.440,0.660,0.830,0.600,0.570,0.440,0.330,0.550,0.820,
 0.470,0.320,0.610,0.350,0.840,0.100,0.620,0.470,0.360,0.680,0.600,0.640,
 0.660,0.550,0.510,0.650,0.490,0.360,0.770,0.710,0.250,0.280,0.240,0.630,
 0.700,0.700,0.030,0.830,0.180,0.340,0.580,0.390,0.760,0.890,0.510,0.670,
 0.820,0.410,0.320,0.510,0.300,0.250,0.860,0.190,0.850,0.680,0.360,0.660,
 0.220,0.620,0.650,0.740,0.780,0.620,0.410,0.670,0.340,0.750,0.850,0.300,
 0.400,0.530,0.350,0.720,0.680,0.530,0.550,0.520,0.630,0.270,0.850,0.370,
 0.620,0.730,0.200,0.590]
Training Group Acc: [0.692,0.000,0.000]
Epoch [115] Training Results: Prec@1 69.298 Prec@5 92.936 Loss 1.03321
Epoch [115] Training Class Recall: [0.853,0.811,0.571,0.487,0.491,0.742,0.738,0.662,0.902,0.823,0.553,0.375,
 0.708,0.700,0.738,0.760,0.708,0.813,0.659,0.666,0.735,0.786,0.698,0.771,
 0.654,0.612,0.556,0.662,0.789,0.519,0.656,0.723,0.601,0.677,0.727,0.428,
 0.785,0.737,0.637,0.831,0.647,0.698,0.703,0.821,0.544,0.602,0.534,0.589,
 0.842,0.840,0.502,0.693,0.695,0.845,0.800,0.422,0.868,0.755,0.809,0.590,
 0.796,0.727,0.678,0.741,0.610,0.540,0.758,0.603,0.897,0.814,0.669,0.743,
 0.382,0.557,0.565,0.819,0.829,0.756,0.612,0.715,0.565,0.694,0.884,0.689,
 0.681,0.822,0.740,0.769,0.811,0.756,0.707,0.740,0.568,0.625,0.876,0.691,
 0.631,0.778,0.508,0.704]
Testing Group Acc: [0.544,0.000,0.000]
Epoch [115] Testing Results: Prec@1 54.450 Prec@5 83.470 Loss 1.80433
Epoch [115] Testing Class Recall: [0.840,0.640,0.610,0.350,0.230,0.440,0.410,0.430,0.810,0.880,0.480,0.530,
 0.710,0.290,0.370,0.450,0.440,0.710,0.350,0.670,0.350,0.510,0.450,0.750,
 0.240,0.480,0.300,0.290,0.760,0.450,0.500,0.450,0.470,0.610,0.690,0.170,
 0.730,0.710,0.510,0.770,0.640,0.720,0.730,0.600,0.390,0.210,0.470,0.600,
 0.510,0.770,0.570,0.760,0.350,0.950,0.640,0.200,0.780,0.720,0.510,0.660,
 0.610,0.670,0.390,0.320,0.420,0.240,0.520,0.480,0.930,0.650,0.160,0.730,
 0.220,0.290,0.280,0.650,0.900,0.610,0.590,0.560,0.290,0.750,0.670,0.460,
 0.590,0.740,0.610,0.770,0.640,0.660,0.680,0.600,0.410,0.240,0.970,0.640,
 0.330,0.640,0.260,0.670]
Training Group Acc: [0.693,0.000,0.000]
Epoch [116] Training Results: Prec@1 69.384 Prec@5 93.269 Loss 1.01979
Epoch [116] Training Class Recall: [0.853,0.829,0.600,0.494,0.515,0.725,0.721,0.658,0.851,0.793,0.606,0.340,
 0.717,0.651,0.715,0.738,0.708,0.853,0.690,0.673,0.662,0.797,0.698,0.769,
 0.680,0.630,0.603,0.632,0.796,0.568,0.658,0.719,0.592,0.649,0.721,0.460,
 0.766,0.699,0.677,0.835,0.616,0.678,0.719,0.811,0.516,0.596,0.544,0.599,
 0.849,0.834,0.519,0.744,0.684,0.866,0.793,0.447,0.893,0.732,0.839,0.617,
 0.816,0.747,0.704,0.739,0.642,0.544,0.749,0.582,0.907,0.807,0.703,0.747,
 0.393,0.520,0.534,0.819,0.834,0.717,0.639,0.707,0.596,0.667,0.886,0.689,
 0.694,0.809,0.740,0.753,0.799,0.765,0.691,0.730,0.599,0.579,0.888,0.726,
 0.627,0.755,0.494,0.683]
Testing Group Acc: [0.558,0.000,0.000]
Epoch [116] Testing Results: Prec@1 55.760 Prec@5 83.790 Loss 1.75793
Epoch [116] Testing Class Recall: [0.840,0.740,0.430,0.340,0.340,0.690,0.680,0.600,0.830,0.770,0.530,0.170,
 0.880,0.400,0.460,0.660,0.600,0.780,0.560,0.440,0.500,0.780,0.520,0.680,
 0.630,0.430,0.420,0.250,0.720,0.330,0.220,0.690,0.240,0.500,0.470,0.490,
 0.690,0.450,0.170,0.760,0.500,0.640,0.550,0.620,0.320,0.210,0.570,0.350,
 0.800,0.610,0.420,0.700,0.710,0.720,0.450,0.210,0.790,0.730,0.810,0.200,
 0.570,0.440,0.600,0.420,0.370,0.180,0.580,0.340,0.800,0.680,0.290,0.790,
 0.490,0.400,0.240,0.700,0.850,0.530,0.480,0.690,0.150,0.890,0.910,0.610,
 0.590,0.670,0.670,0.750,0.630,0.720,0.590,0.650,0.620,0.610,0.910,0.620,
 0.670,0.510,0.240,0.720]
Training Group Acc: [0.693,0.000,0.000]
Epoch [117] Training Results: Prec@1 69.507 Prec@5 93.364 Loss 1.02115
Epoch [117] Training Class Recall: [0.833,0.818,0.617,0.511,0.503,0.733,0.733,0.673,0.853,0.814,0.573,0.380,
 0.697,0.677,0.742,0.711,0.717,0.845,0.673,0.670,0.669,0.822,0.658,0.773,
 0.619,0.644,0.596,0.638,0.787,0.562,0.620,0.727,0.603,0.667,0.743,0.453,
 0.782,0.727,0.657,0.845,0.625,0.686,0.707,0.817,0.524,0.600,0.546,0.599,
 0.849,0.845,0.490,0.744,0.686,0.869,0.807,0.418,0.876,0.749,0.834,0.584,
 0.841,0.729,0.661,0.737,0.608,0.525,0.782,0.627,0.901,0.794,0.696,0.759,
 0.406,0.517,0.561,0.850,0.838,0.741,0.618,0.688,0.591,0.713,0.893,0.675,
 0.654,0.841,0.749,0.753,0.793,0.777,0.685,0.755,0.575,0.619,0.884,0.694,
 0.609,0.765,0.525,0.694]
Testing Group Acc: [0.566,0.000,0.000]
Epoch [117] Testing Results: Prec@1 56.550 Prec@5 85.630 Loss 1.57811
Epoch [117] Testing Class Recall: [0.700,0.780,0.510,0.350,0.180,0.490,0.530,0.410,0.850,0.610,0.270,0.510,
 0.560,0.570,0.510,0.600,0.530,0.550,0.600,0.470,0.570,0.770,0.570,0.850,
 0.670,0.250,0.690,0.330,0.660,0.270,0.610,0.470,0.590,0.410,0.550,0.180,
 0.630,0.700,0.720,0.870,0.450,0.780,0.400,0.610,0.150,0.170,0.290,0.440,
 0.810,0.780,0.280,0.580,0.360,0.750,0.650,0.270,0.790,0.460,0.650,0.670,
 0.630,0.630,0.190,0.450,0.290,0.350,0.610,0.330,0.940,0.770,0.490,0.650,
 0.280,0.280,0.460,0.890,0.790,0.700,0.340,0.660,0.620,0.760,0.890,0.660,
 0.780,0.610,0.620,0.780,0.610,0.550,0.720,0.630,0.670,0.440,0.810,0.640,
 0.520,0.780,0.650,0.800]
Training Group Acc: [0.692,0.000,0.000]
Epoch [118] Training Results: Prec@1 69.351 Prec@5 93.169 Loss 1.02681
Epoch [118] Training Class Recall: [0.845,0.831,0.615,0.527,0.491,0.725,0.712,0.658,0.865,0.807,0.593,0.388,
 0.695,0.656,0.738,0.729,0.712,0.823,0.655,0.670,0.676,0.827,0.692,0.759,
 0.649,0.591,0.608,0.622,0.807,0.575,0.631,0.749,0.619,0.669,0.743,0.444,
 0.782,0.701,0.619,0.840,0.652,0.682,0.705,0.827,0.550,0.600,0.582,0.613,
 0.833,0.828,0.490,0.733,0.672,0.873,0.773,0.405,0.891,0.734,0.826,0.600,
 0.814,0.727,0.681,0.731,0.591,0.572,0.756,0.606,0.907,0.832,0.638,0.761,
 0.386,0.520,0.538,0.847,0.831,0.723,0.631,0.719,0.610,0.678,0.869,0.689,
 0.689,0.811,0.740,0.764,0.811,0.773,0.649,0.740,0.582,0.592,0.878,0.700,
 0.621,0.757,0.530,0.715]
Testing Group Acc: [0.564,0.000,0.000]
Epoch [118] Testing Results: Prec@1 56.400 Prec@5 84.890 Loss 1.70158
Epoch [118] Testing Class Recall: [0.790,0.730,0.540,0.200,0.080,0.450,0.480,0.480,0.610,0.850,0.380,0.500,
 0.700,0.430,0.600,0.270,0.610,0.770,0.650,0.320,0.470,0.840,0.450,0.780,
 0.230,0.480,0.330,0.370,0.510,0.490,0.460,0.630,0.500,0.550,0.720,0.240,
 0.590,0.640,0.530,0.910,0.540,0.700,0.540,0.570,0.580,0.510,0.160,0.570,
 0.850,0.830,0.220,0.770,0.400,0.670,0.660,0.270,0.720,0.640,0.630,0.430,
 0.610,0.410,0.620,0.600,0.260,0.390,0.660,0.180,0.870,0.670,0.370,0.820,
 0.330,0.460,0.640,0.750,0.770,0.500,0.690,0.510,0.640,0.810,0.830,0.410,
 0.490,0.530,0.600,0.660,0.670,0.350,0.790,0.740,0.640,0.620,0.690,0.680,
 0.740,0.740,0.560,0.680]
Training Group Acc: [0.695,0.000,0.000]
Epoch [119] Training Results: Prec@1 69.560 Prec@5 93.120 Loss 1.02388
Epoch [119] Training Class Recall: [0.836,0.835,0.604,0.502,0.532,0.767,0.745,0.654,0.871,0.807,0.575,0.340,
 0.680,0.661,0.721,0.738,0.766,0.809,0.684,0.650,0.750,0.814,0.684,0.786,
 0.658,0.626,0.581,0.658,0.817,0.565,0.611,0.732,0.561,0.685,0.713,0.470,
 0.776,0.718,0.643,0.850,0.640,0.673,0.715,0.809,0.550,0.596,0.575,0.591,
 0.826,0.836,0.490,0.722,0.699,0.838,0.748,0.428,0.880,0.740,0.854,0.592,
 0.835,0.745,0.658,0.737,0.617,0.581,0.747,0.603,0.907,0.832,0.688,0.782,
 0.393,0.520,0.551,0.847,0.836,0.754,0.612,0.717,0.598,0.678,0.872,0.687,
 0.706,0.811,0.757,0.773,0.811,0.758,0.626,0.740,0.568,0.619,0.886,0.704,
 0.617,0.746,0.547,0.717]
Testing Group Acc: [0.538,0.000,0.000]
Epoch [119] Testing Results: Prec@1 53.790 Prec@5 82.900 Loss 1.90987
Epoch [119] Testing Class Recall: [0.910,0.600,0.360,0.780,0.080,0.140,0.620,0.700,0.690,0.860,0.480,0.310,
 0.590,0.540,0.650,0.470,0.560,0.800,0.470,0.400,0.560,0.800,0.530,0.690,
 0.300,0.560,0.420,0.120,0.790,0.270,0.300,0.270,0.530,0.380,0.690,0.230,
 0.600,0.450,0.260,0.740,0.620,0.830,0.590,0.450,0.210,0.140,0.540,0.540,
 0.920,0.500,0.400,0.850,0.540,0.790,0.680,0.110,0.570,0.670,0.830,0.510,
 0.670,0.280,0.310,0.490,0.370,0.530,0.550,0.470,0.770,0.720,0.380,0.620,
 0.500,0.560,0.200,0.890,0.690,0.690,0.480,0.540,0.310,0.670,0.720,0.570,
 0.360,0.670,0.560,0.800,0.620,0.840,0.410,0.640,0.410,0.420,0.860,0.520,
 0.470,0.690,0.100,0.650]
Training Group Acc: [0.693,0.000,0.000]
Epoch [120] Training Results: Prec@1 69.420 Prec@5 93.282 Loss 1.02177
Epoch [120] Training Class Recall: [0.829,0.842,0.602,0.485,0.542,0.742,0.742,0.671,0.847,0.788,0.545,0.380,
 0.691,0.658,0.704,0.733,0.708,0.823,0.651,0.668,0.721,0.805,0.644,0.761,
 0.667,0.630,0.578,0.656,0.800,0.562,0.656,0.740,0.565,0.671,0.721,0.470,
 0.797,0.729,0.677,0.818,0.621,0.669,0.741,0.809,0.536,0.602,0.575,0.607,
 0.847,0.851,0.514,0.699,0.660,0.871,0.813,0.422,0.870,0.732,0.839,0.617,
 0.814,0.724,0.678,0.735,0.617,0.532,0.754,0.623,0.892,0.843,0.680,0.741,
 0.368,0.538,0.543,0.817,0.836,0.752,0.620,0.680,0.644,0.687,0.876,0.654,
 0.683,0.792,0.734,0.795,0.839,0.761,0.714,0.764,0.577,0.623,0.876,0.696,
 0.606,0.746,0.525,0.698]
Testing Group Acc: [0.534,0.000,0.000]
Epoch [120] Testing Results: Prec@1 53.430 Prec@5 81.850 Loss 1.84141
Epoch [120] Testing Class Recall: [0.510,0.780,0.500,0.210,0.080,0.630,0.340,0.670,0.630,0.680,0.720,0.130,
 0.420,0.490,0.710,0.400,0.620,0.450,0.540,0.350,0.390,0.660,0.610,0.640,
 0.070,0.540,0.330,0.520,0.300,0.510,0.290,0.480,0.680,0.430,0.510,0.110,
 0.530,0.690,0.300,0.870,0.350,0.800,0.610,0.830,0.280,0.150,0.290,0.270,
 0.880,0.840,0.510,0.640,0.830,0.750,0.670,0.140,0.780,0.560,0.750,0.370,
 0.850,0.580,0.560,0.530,0.260,0.430,0.560,0.360,0.880,0.560,0.730,0.550,
 0.150,0.260,0.280,0.780,0.860,0.350,0.610,0.500,0.230,0.590,0.920,0.440,
 0.580,0.480,0.710,0.470,0.770,0.560,0.600,0.630,0.750,0.370,0.650,0.620,
 0.710,0.730,0.640,0.720]
Training Group Acc: [0.692,0.000,0.000]
Epoch [121] Training Results: Prec@1 69.382 Prec@5 93.100 Loss 1.02840
Epoch [121] Training Class Recall: [0.857,0.831,0.591,0.473,0.507,0.740,0.714,0.669,0.849,0.791,0.586,0.391,
 0.721,0.681,0.734,0.702,0.717,0.827,0.698,0.675,0.662,0.820,0.678,0.769,
 0.628,0.602,0.561,0.630,0.791,0.547,0.674,0.721,0.601,0.665,0.729,0.440,
 0.785,0.718,0.629,0.833,0.647,0.686,0.701,0.799,0.528,0.576,0.572,0.611,
 0.820,0.834,0.486,0.722,0.697,0.871,0.793,0.428,0.868,0.742,0.854,0.600,
 0.825,0.706,0.714,0.713,0.589,0.591,0.764,0.593,0.899,0.827,0.706,0.743,
 0.388,0.550,0.547,0.838,0.825,0.710,0.660,0.707,0.606,0.709,0.876,0.689,
 0.663,0.818,0.737,0.758,0.799,0.779,0.691,0.740,0.585,0.581,0.892,0.717,
 0.641,0.755,0.545,0.690]
Testing Group Acc: [0.538,0.000,0.000]
Epoch [121] Testing Results: Prec@1 53.850 Prec@5 83.060 Loss 1.79700
Epoch [121] Testing Class Recall: [0.850,0.650,0.650,0.360,0.410,0.230,0.600,0.640,0.730,0.610,0.430,0.310,
 0.640,0.460,0.420,0.250,0.500,0.650,0.620,0.290,0.460,0.650,0.380,0.880,
 0.430,0.570,0.440,0.500,0.750,0.480,0.600,0.750,0.420,0.530,0.510,0.240,
 0.710,0.550,0.620,0.870,0.350,0.440,0.640,0.750,0.260,0.370,0.160,0.600,
 0.740,0.700,0.310,0.750,0.560,0.820,0.900,0.580,0.810,0.520,0.560,0.410,
 0.500,0.510,0.460,0.550,0.350,0.370,0.750,0.320,0.900,0.740,0.460,0.380,
 0.090,0.280,0.580,0.770,0.620,0.610,0.520,0.590,0.210,0.530,0.830,0.450,
 0.330,0.440,0.540,0.540,0.600,0.380,0.620,0.340,0.640,0.170,0.660,0.760,
 0.620,0.720,0.580,0.670]
Training Group Acc: [0.697,0.000,0.000]
Epoch [122] Training Results: Prec@1 69.749 Prec@5 93.187 Loss 1.01377
Epoch [122] Training Class Recall: [0.848,0.837,0.595,0.487,0.497,0.738,0.745,0.696,0.859,0.805,0.588,0.386,
 0.689,0.681,0.759,0.736,0.700,0.815,0.704,0.684,0.728,0.846,0.681,0.763,
 0.706,0.588,0.600,0.626,0.800,0.575,0.656,0.745,0.625,0.655,0.721,0.442,
 0.801,0.741,0.649,0.852,0.623,0.682,0.731,0.831,0.526,0.587,0.563,0.605,
 0.826,0.855,0.498,0.727,0.733,0.850,0.789,0.438,0.880,0.740,0.832,0.609,
 0.816,0.742,0.646,0.743,0.578,0.583,0.760,0.621,0.913,0.816,0.659,0.737,
 0.386,0.524,0.575,0.812,0.843,0.725,0.612,0.701,0.577,0.733,0.888,0.687,
 0.673,0.809,0.743,0.773,0.801,0.767,0.687,0.766,0.594,0.586,0.900,0.700,
 0.629,0.767,0.508,0.704]
Testing Group Acc: [0.565,0.000,0.000]
Epoch [122] Testing Results: Prec@1 56.490 Prec@5 85.600 Loss 1.65724
Epoch [122] Testing Class Recall: [0.870,0.770,0.380,0.300,0.300,0.500,0.490,0.800,0.790,0.680,0.380,0.300,
 0.650,0.640,0.500,0.830,0.630,0.680,0.390,0.430,0.620,0.810,0.400,0.510,
 0.180,0.310,0.510,0.230,0.700,0.350,0.520,0.470,0.540,0.390,0.810,0.340,
 0.670,0.680,0.420,0.740,0.600,0.480,0.620,0.700,0.640,0.560,0.090,0.640,
 0.810,0.760,0.440,0.660,0.720,0.760,0.750,0.400,0.870,0.660,0.750,0.510,
 0.790,0.620,0.620,0.440,0.390,0.610,0.470,0.590,0.840,0.510,0.640,0.780,
 0.290,0.490,0.590,0.790,0.660,0.280,0.300,0.580,0.300,0.390,0.870,0.570,
 0.630,0.620,0.460,0.600,0.420,0.510,0.550,0.750,0.230,0.460,0.930,0.650,
 0.400,0.770,0.520,0.650]
Training Group Acc: [0.694,0.000,0.000]
Epoch [123] Training Results: Prec@1 69.533 Prec@5 93.129 Loss 1.02640
Epoch [123] Training Class Recall: [0.848,0.831,0.589,0.452,0.511,0.740,0.712,0.662,0.853,0.807,0.601,0.380,
 0.706,0.672,0.765,0.750,0.715,0.821,0.676,0.646,0.706,0.794,0.692,0.765,
 0.684,0.593,0.600,0.636,0.796,0.534,0.633,0.751,0.594,0.665,0.735,0.463,
 0.795,0.716,0.621,0.838,0.654,0.682,0.713,0.825,0.544,0.607,0.568,0.609,
 0.840,0.824,0.506,0.716,0.723,0.866,0.769,0.466,0.878,0.753,0.845,0.634,
 0.802,0.735,0.689,0.733,0.627,0.542,0.760,0.591,0.907,0.814,0.698,0.757,
 0.368,0.566,0.522,0.836,0.815,0.713,0.649,0.688,0.577,0.694,0.884,0.689,
 0.712,0.816,0.737,0.771,0.817,0.765,0.669,0.740,0.577,0.602,0.886,0.728,
 0.619,0.773,0.521,0.668]
Testing Group Acc: [0.549,0.000,0.000]
Epoch [123] Testing Results: Prec@1 54.910 Prec@5 84.660 Loss 1.77089
Epoch [123] Testing Class Recall: [0.620,0.740,0.490,0.350,0.610,0.680,0.410,0.340,0.520,0.760,0.700,0.280,
 0.470,0.270,0.640,0.550,0.860,0.770,0.540,0.660,0.220,0.890,0.400,0.760,
 0.530,0.450,0.260,0.280,0.630,0.160,0.500,0.440,0.670,0.590,0.400,0.550,
 0.670,0.740,0.350,0.690,0.560,0.470,0.500,0.490,0.190,0.210,0.390,0.500,
 0.910,0.770,0.290,0.680,0.660,0.660,0.560,0.280,0.790,0.690,0.750,0.320,
 0.610,0.160,0.570,0.530,0.200,0.660,0.500,0.420,0.920,0.680,0.220,0.850,
 0.220,0.430,0.170,0.890,0.800,0.430,0.460,0.380,0.660,0.840,0.870,0.640,
 0.340,0.430,0.620,0.830,0.470,0.700,0.790,0.720,0.690,0.230,0.820,0.690,
 0.790,0.660,0.370,0.540]
Training Group Acc: [0.693,0.000,0.000]
Epoch [124] Training Results: Prec@1 69.484 Prec@5 93.298 Loss 1.02265
Epoch [124] Training Class Recall: [0.841,0.826,0.591,0.504,0.509,0.740,0.761,0.677,0.865,0.777,0.590,0.407,
 0.693,0.656,0.763,0.705,0.734,0.871,0.688,0.661,0.684,0.812,0.703,0.769,
 0.680,0.628,0.593,0.636,0.798,0.528,0.624,0.732,0.608,0.649,0.729,0.442,
 0.803,0.724,0.647,0.814,0.644,0.665,0.709,0.815,0.536,0.578,0.544,0.599,
 0.829,0.834,0.514,0.769,0.686,0.852,0.780,0.420,0.876,0.730,0.845,0.603,
 0.814,0.719,0.671,0.739,0.634,0.568,0.747,0.606,0.921,0.814,0.717,0.761,
 0.386,0.536,0.547,0.859,0.809,0.733,0.622,0.701,0.618,0.683,0.857,0.689,
 0.665,0.826,0.720,0.753,0.799,0.803,0.660,0.749,0.604,0.573,0.866,0.713,
 0.613,0.767,0.494,0.696]
Testing Group Acc: [0.542,0.000,0.000]
Epoch [124] Testing Results: Prec@1 54.200 Prec@5 84.110 Loss 1.90462
Epoch [124] Testing Class Recall: [0.650,0.840,0.360,0.310,0.340,0.740,0.550,0.570,0.650,0.760,0.410,0.270,
 0.630,0.690,0.490,0.440,0.760,0.430,0.580,0.420,0.630,0.730,0.530,0.680,
 0.620,0.360,0.240,0.420,0.620,0.440,0.310,0.750,0.400,0.740,0.350,0.740,
 0.740,0.310,0.460,0.750,0.550,0.840,0.520,0.650,0.090,0.200,0.220,0.260,
 0.560,0.670,0.490,0.540,0.590,0.420,0.710,0.240,0.710,0.670,0.630,0.600,
 0.750,0.420,0.390,0.340,0.370,0.460,0.810,0.350,0.800,0.820,0.560,0.460,
 0.060,0.280,0.260,0.950,0.570,0.370,0.530,0.470,0.350,0.840,0.860,0.750,
 0.500,0.820,0.550,0.760,0.650,0.620,0.670,0.800,0.460,0.180,0.690,0.640,
 0.510,0.670,0.340,0.650]
Training Group Acc: [0.696,0.000,0.000]
Epoch [125] Training Results: Prec@1 69.744 Prec@5 93.358 Loss 1.01597
Epoch [125] Training Class Recall: [0.838,0.837,0.591,0.515,0.507,0.749,0.733,0.667,0.849,0.809,0.586,0.410,
 0.706,0.644,0.759,0.754,0.708,0.839,0.686,0.661,0.706,0.799,0.698,0.773,
 0.675,0.663,0.561,0.624,0.782,0.565,0.658,0.740,0.623,0.665,0.695,0.456,
 0.799,0.714,0.635,0.852,0.611,0.727,0.707,0.809,0.522,0.615,0.591,0.637,
 0.822,0.849,0.508,0.746,0.680,0.866,0.766,0.418,0.872,0.736,0.854,0.598,
 0.833,0.732,0.656,0.725,0.634,0.553,0.769,0.614,0.899,0.823,0.693,0.780,
 0.368,0.533,0.581,0.862,0.797,0.762,0.645,0.695,0.610,0.670,0.876,0.696,
 0.687,0.803,0.711,0.758,0.827,0.765,0.709,0.785,0.543,0.596,0.888,0.664,
 0.643,0.780,0.518,0.692]
Testing Group Acc: [0.556,0.000,0.000]
Epoch [125] Testing Results: Prec@1 55.620 Prec@5 84.320 Loss 1.75388
Epoch [125] Testing Class Recall: [0.680,0.710,0.530,0.230,0.570,0.680,0.810,0.500,0.780,0.750,0.350,0.290,
 0.780,0.520,0.540,0.710,0.500,0.800,0.460,0.670,0.560,0.620,0.460,0.550,
 0.660,0.360,0.600,0.190,0.680,0.360,0.210,0.290,0.460,0.430,0.730,0.030,
 0.830,0.710,0.610,0.500,0.490,0.480,0.740,0.820,0.490,0.180,0.370,0.500,
 0.800,0.560,0.540,0.680,0.120,0.830,0.820,0.120,0.790,0.640,0.560,0.620,
 0.850,0.740,0.780,0.540,0.250,0.620,0.490,0.220,0.790,0.590,0.160,0.440,
 0.460,0.500,0.360,0.470,0.610,0.590,0.630,0.550,0.110,0.680,0.910,0.380,
 0.590,0.630,0.510,0.590,0.720,0.680,0.600,0.740,0.490,0.450,0.960,0.570,
 0.590,0.570,0.690,0.670]
Training Group Acc: [0.693,0.000,0.000]
Epoch [126] Training Results: Prec@1 69.367 Prec@5 93.169 Loss 1.02409
Epoch [126] Training Class Recall: [0.829,0.831,0.591,0.513,0.497,0.722,0.763,0.673,0.896,0.781,0.569,0.372,
 0.697,0.665,0.717,0.750,0.723,0.845,0.671,0.682,0.728,0.801,0.703,0.747,
 0.684,0.591,0.548,0.666,0.777,0.581,0.665,0.721,0.608,0.692,0.715,0.444,
 0.778,0.739,0.641,0.855,0.601,0.678,0.723,0.813,0.526,0.582,0.582,0.619,
 0.829,0.849,0.494,0.737,0.664,0.843,0.796,0.441,0.876,0.727,0.841,0.607,
 0.808,0.737,0.686,0.711,0.610,0.553,0.760,0.603,0.909,0.807,0.669,0.751,
 0.360,0.531,0.581,0.852,0.831,0.721,0.641,0.721,0.571,0.678,0.867,0.726,
 0.656,0.816,0.694,0.742,0.805,0.739,0.678,0.762,0.601,0.625,0.874,0.726,
 0.623,0.759,0.496,0.685]
Testing Group Acc: [0.566,0.000,0.000]
Epoch [126] Testing Results: Prec@1 56.630 Prec@5 85.000 Loss 1.66751
Epoch [126] Testing Class Recall: [0.600,0.580,0.460,0.590,0.200,0.460,0.600,0.640,0.840,0.830,0.310,0.610,
 0.540,0.670,0.660,0.640,0.540,0.780,0.510,0.600,0.420,0.630,0.360,0.780,
 0.630,0.750,0.530,0.330,0.570,0.270,0.430,0.510,0.750,0.580,0.710,0.110,
 0.930,0.400,0.620,0.710,0.510,0.920,0.780,0.720,0.340,0.230,0.280,0.200,
 0.840,0.760,0.370,0.650,0.880,0.720,0.870,0.180,0.670,0.520,0.840,0.580,
 0.700,0.580,0.700,0.580,0.490,0.310,0.630,0.380,0.900,0.700,0.440,0.760,
 0.040,0.410,0.370,0.530,0.820,0.270,0.490,0.580,0.220,0.540,0.780,0.600,
 0.490,0.700,0.390,0.660,0.500,0.780,0.730,0.470,0.540,0.520,0.940,0.370,
 0.410,0.750,0.440,0.580]
Training Group Acc: [0.695,0.000,0.000]
Epoch [127] Training Results: Prec@1 69.556 Prec@5 93.320 Loss 1.01475
Epoch [127] Training Class Recall: [0.857,0.829,0.580,0.445,0.522,0.749,0.728,0.706,0.875,0.798,0.566,0.396,
 0.695,0.656,0.751,0.746,0.715,0.813,0.684,0.639,0.728,0.782,0.669,0.771,
 0.641,0.644,0.578,0.672,0.791,0.581,0.647,0.755,0.599,0.665,0.735,0.453,
 0.799,0.699,0.645,0.828,0.654,0.694,0.682,0.815,0.500,0.554,0.565,0.609,
 0.852,0.828,0.492,0.746,0.664,0.843,0.791,0.420,0.865,0.740,0.845,0.613,
 0.823,0.735,0.724,0.729,0.636,0.544,0.762,0.627,0.895,0.814,0.698,0.753,
 0.371,0.520,0.534,0.840,0.815,0.776,0.641,0.725,0.618,0.702,0.888,0.657,
 0.673,0.807,0.703,0.760,0.793,0.794,0.721,0.792,0.572,0.586,0.902,0.711,
 0.617,0.755,0.540,0.696]
Testing Group Acc: [0.542,0.000,0.000]
Epoch [127] Testing Results: Prec@1 54.170 Prec@5 83.370 Loss 1.78327
Epoch [127] Testing Class Recall: [0.810,0.920,0.580,0.150,0.480,0.620,0.550,0.610,0.930,0.770,0.290,0.190,
 0.480,0.660,0.500,0.410,0.520,0.330,0.430,0.610,0.730,0.830,0.470,0.780,
 0.550,0.430,0.580,0.310,0.660,0.410,0.620,0.260,0.600,0.410,0.510,0.510,
 0.410,0.740,0.640,0.900,0.450,0.860,0.070,0.520,0.340,0.270,0.430,0.300,
 0.800,0.630,0.190,0.400,0.510,0.590,0.590,0.100,0.780,0.830,0.780,0.540,
 0.670,0.470,0.220,0.220,0.360,0.350,0.710,0.420,0.850,0.450,0.480,0.720,
 0.470,0.130,0.360,0.800,0.600,0.580,0.610,0.540,0.220,0.480,0.800,0.470,
 0.670,0.630,0.640,0.910,0.280,0.600,0.710,0.770,0.790,0.550,0.800,0.580,
 0.550,0.440,0.400,0.700]
Training Group Acc: [0.693,0.000,0.000]
Epoch [128] Training Results: Prec@1 69.409 Prec@5 93.278 Loss 1.01620
Epoch [128] Training Class Recall: [0.853,0.818,0.578,0.473,0.530,0.727,0.691,0.696,0.849,0.809,0.588,0.362,
 0.697,0.637,0.710,0.762,0.740,0.821,0.684,0.713,0.728,0.812,0.701,0.773,
 0.667,0.628,0.573,0.608,0.803,0.528,0.665,0.725,0.623,0.667,0.699,0.465,
 0.805,0.701,0.641,0.862,0.637,0.633,0.678,0.811,0.544,0.576,0.553,0.605,
 0.840,0.853,0.517,0.708,0.713,0.866,0.773,0.434,0.865,0.736,0.860,0.605,
 0.821,0.727,0.678,0.707,0.649,0.566,0.741,0.614,0.921,0.796,0.680,0.767,
 0.368,0.529,0.561,0.815,0.818,0.713,0.627,0.752,0.604,0.691,0.884,0.652,
 0.669,0.814,0.757,0.749,0.809,0.739,0.680,0.758,0.553,0.614,0.902,0.706,
 0.645,0.775,0.521,0.683]
Testing Group Acc: [0.559,0.000,0.000]
Epoch [128] Testing Results: Prec@1 55.940 Prec@5 84.220 Loss 1.70345
Epoch [128] Testing Class Recall: [0.720,0.800,0.460,0.460,0.290,0.240,0.520,0.330,0.620,0.620,0.430,0.480,
 0.580,0.460,0.630,0.550,0.630,0.690,0.580,0.380,0.260,0.860,0.600,0.890,
 0.450,0.740,0.360,0.270,0.690,0.590,0.510,0.740,0.430,0.450,0.380,0.240,
 0.730,0.540,0.500,0.830,0.530,0.690,0.550,0.590,0.250,0.240,0.210,0.250,
 0.800,0.580,0.560,0.560,0.870,0.380,0.840,0.150,0.770,0.620,0.900,0.490,
 0.850,0.570,0.630,0.440,0.520,0.220,0.860,0.530,0.870,0.710,0.480,0.610,
 0.300,0.120,0.400,0.880,0.730,0.430,0.560,0.600,0.500,0.630,0.890,0.730,
 0.490,0.690,0.600,0.820,0.410,0.740,0.670,0.560,0.680,0.330,0.840,0.450,
 0.680,0.350,0.530,0.680]
Training Group Acc: [0.697,0.000,0.000]
Epoch [129] Training Results: Prec@1 69.860 Prec@5 93.267 Loss 1.01314
Epoch [129] Training Class Recall: [0.848,0.839,0.595,0.479,0.528,0.747,0.747,0.675,0.881,0.777,0.580,0.404,
 0.702,0.667,0.742,0.742,0.717,0.817,0.690,0.659,0.691,0.822,0.669,0.804,
 0.675,0.626,0.593,0.636,0.803,0.575,0.656,0.740,0.623,0.661,0.758,0.465,
 0.797,0.712,0.645,0.845,0.666,0.673,0.711,0.817,0.534,0.600,0.582,0.629,
 0.840,0.845,0.494,0.727,0.680,0.840,0.811,0.432,0.874,0.738,0.856,0.605,
 0.814,0.745,0.696,0.723,0.608,0.608,0.784,0.608,0.901,0.789,0.703,0.755,
 0.382,0.538,0.557,0.845,0.843,0.731,0.610,0.713,0.583,0.713,0.872,0.682,
 0.673,0.811,0.743,0.760,0.815,0.782,0.682,0.764,0.585,0.588,0.874,0.728,
 0.574,0.753,0.540,0.690]
Testing Group Acc: [0.548,0.000,0.000]
Epoch [129] Testing Results: Prec@1 54.820 Prec@5 83.560 Loss 1.78454
Epoch [129] Testing Class Recall: [0.490,0.510,0.570,0.350,0.560,0.500,0.520,0.380,0.840,0.880,0.110,0.520,
 0.620,0.640,0.450,0.610,0.540,0.550,0.580,0.440,0.660,0.530,0.270,0.770,
 0.520,0.530,0.140,0.510,0.830,0.320,0.250,0.540,0.430,0.190,0.450,0.160,
 0.560,0.730,0.490,0.780,0.510,0.700,0.600,0.480,0.570,0.120,0.770,0.550,
 0.830,0.380,0.500,0.750,0.650,0.790,0.840,0.250,0.720,0.670,0.680,0.680,
 0.660,0.600,0.540,0.570,0.250,0.310,0.390,0.260,0.860,0.710,0.620,0.610,
 0.290,0.310,0.230,0.580,0.670,0.790,0.480,0.490,0.500,0.590,0.630,0.620,
 0.420,0.740,0.560,0.830,0.580,0.850,0.690,0.570,0.510,0.430,0.890,0.630,
 0.560,0.760,0.190,0.690]
Training Group Acc: [0.698,0.000,0.000]
Epoch [130] Training Results: Prec@1 69.962 Prec@5 93.340 Loss 1.00302
Epoch [130] Training Class Recall: [0.855,0.844,0.626,0.473,0.532,0.731,0.749,0.706,0.873,0.800,0.603,0.327,
 0.682,0.670,0.727,0.733,0.723,0.819,0.671,0.706,0.735,0.824,0.641,0.782,
 0.680,0.623,0.578,0.636,0.791,0.556,0.667,0.768,0.610,0.659,0.743,0.474,
 0.801,0.708,0.663,0.850,0.635,0.706,0.707,0.831,0.518,0.596,0.532,0.593,
 0.833,0.847,0.537,0.731,0.709,0.831,0.816,0.397,0.897,0.768,0.847,0.594,
 0.825,0.722,0.686,0.745,0.636,0.617,0.758,0.619,0.897,0.807,0.701,0.743,
 0.331,0.533,0.555,0.819,0.825,0.723,0.622,0.733,0.602,0.722,0.895,0.701,
 0.700,0.839,0.723,0.779,0.789,0.784,0.718,0.762,0.575,0.596,0.890,0.694,
 0.625,0.778,0.516,0.696]
Testing Group Acc: [0.537,0.000,0.000]
Epoch [130] Testing Results: Prec@1 53.730 Prec@5 83.390 Loss 1.85978
Epoch [130] Testing Class Recall: [0.460,0.890,0.310,0.270,0.230,0.650,0.310,0.370,0.450,0.510,0.640,0.260,
 0.790,0.460,0.670,0.350,0.670,0.560,0.640,0.570,0.520,0.690,0.530,0.730,
 0.250,0.390,0.240,0.740,0.790,0.370,0.510,0.080,0.420,0.490,0.860,0.170,
 0.600,0.440,0.590,0.560,0.310,0.550,0.690,0.600,0.520,0.700,0.260,0.830,
 0.900,0.690,0.260,0.550,0.370,0.860,0.490,0.320,0.810,0.670,0.790,0.330,
 0.900,0.170,0.550,0.410,0.150,0.510,0.660,0.450,0.810,0.790,0.600,0.670,
 0.160,0.300,0.480,0.700,0.410,0.620,0.460,0.680,0.240,0.480,0.850,0.360,
 0.470,0.740,0.590,0.760,0.730,0.600,0.690,0.770,0.570,0.310,0.710,0.440,
 0.370,0.570,0.710,0.760]
Training Group Acc: [0.695,0.000,0.000]
Epoch [131] Training Results: Prec@1 69.578 Prec@5 93.209 Loss 1.02354
Epoch [131] Training Class Recall: [0.857,0.839,0.600,0.496,0.485,0.725,0.756,0.698,0.851,0.786,0.595,0.396,
 0.680,0.661,0.746,0.744,0.702,0.815,0.673,0.684,0.713,0.822,0.701,0.771,
 0.641,0.621,0.546,0.650,0.787,0.578,0.652,0.706,0.610,0.675,0.731,0.500,
 0.801,0.718,0.635,0.804,0.640,0.694,0.709,0.801,0.540,0.591,0.525,0.597,
 0.849,0.843,0.500,0.727,0.697,0.840,0.782,0.453,0.891,0.742,0.854,0.600,
 0.837,0.704,0.673,0.749,0.612,0.542,0.758,0.595,0.929,0.789,0.701,0.739,
 0.375,0.520,0.553,0.843,0.818,0.721,0.649,0.705,0.636,0.702,0.886,0.691,
 0.702,0.809,0.740,0.777,0.833,0.750,0.689,0.773,0.572,0.596,0.892,0.683,
 0.617,0.757,0.496,0.713]
Testing Group Acc: [0.528,0.000,0.000]
Epoch [131] Testing Results: Prec@1 52.760 Prec@5 82.970 Loss 1.89985
Epoch [131] Testing Class Recall: [0.860,0.650,0.480,0.140,0.390,0.670,0.300,0.880,0.710,0.720,0.470,0.270,
 0.480,0.280,0.480,0.620,0.550,0.710,0.430,0.560,0.260,0.900,0.530,0.850,
 0.150,0.650,0.230,0.540,0.800,0.400,0.520,0.320,0.560,0.280,0.380,0.150,
 0.570,0.820,0.490,0.760,0.490,0.460,0.350,0.420,0.520,0.380,0.360,0.300,
 0.690,0.810,0.460,0.880,0.850,0.580,0.730,0.220,0.590,0.690,0.640,0.470,
 0.870,0.580,0.470,0.400,0.190,0.210,0.590,0.520,0.980,0.740,0.290,0.420,
 0.310,0.310,0.370,0.720,0.500,0.470,0.550,0.390,0.450,0.830,0.780,0.610,
 0.510,0.840,0.440,0.710,0.320,0.810,0.580,0.630,0.320,0.260,0.830,0.440,
 0.330,0.620,0.310,0.560]
Training Group Acc: [0.696,0.000,0.000]
Epoch [132] Training Results: Prec@1 69.707 Prec@5 93.276 Loss 1.01821
Epoch [132] Training Class Recall: [0.855,0.839,0.562,0.487,0.542,0.747,0.717,0.685,0.840,0.802,0.590,0.386,
 0.702,0.672,0.738,0.731,0.732,0.847,0.682,0.648,0.743,0.820,0.692,0.765,
 0.675,0.593,0.581,0.628,0.800,0.559,0.679,0.749,0.579,0.669,0.729,0.472,
 0.785,0.760,0.629,0.826,0.625,0.657,0.719,0.815,0.520,0.602,0.537,0.601,
 0.854,0.849,0.519,0.737,0.703,0.843,0.789,0.434,0.874,0.730,0.843,0.619,
 0.810,0.740,0.676,0.731,0.619,0.536,0.775,0.591,0.915,0.816,0.690,0.741,
 0.401,0.547,0.569,0.838,0.838,0.729,0.651,0.705,0.622,0.713,0.862,0.735,
 0.677,0.803,0.726,0.753,0.807,0.769,0.698,0.738,0.606,0.586,0.888,0.715,
 0.633,0.753,0.496,0.694]
Testing Group Acc: [0.526,0.000,0.000]
Epoch [132] Testing Results: Prec@1 52.620 Prec@5 82.880 Loss 1.83536
Epoch [132] Testing Class Recall: [0.560,0.770,0.360,0.230,0.320,0.550,0.520,0.460,0.860,0.710,0.400,0.320,
 0.510,0.540,0.680,0.170,0.470,0.830,0.700,0.740,0.340,0.530,0.430,0.700,
 0.540,0.540,0.340,0.230,0.360,0.540,0.270,0.270,0.380,0.730,0.530,0.100,
 0.540,0.550,0.350,0.390,0.630,0.720,0.910,0.580,0.120,0.280,0.350,0.540,
 0.760,0.660,0.210,0.580,0.730,0.890,0.660,0.200,0.700,0.500,0.480,0.220,
 0.920,0.110,0.720,0.590,0.200,0.690,0.590,0.370,0.610,0.780,0.560,0.610,
 0.290,0.500,0.300,0.650,0.780,0.610,0.390,0.640,0.210,0.600,0.940,0.430,
 0.610,0.460,0.510,0.560,0.640,0.800,0.620,0.590,0.500,0.450,0.930,0.550,
 0.500,0.480,0.530,0.720]
Training Group Acc: [0.698,0.000,0.000]
Epoch [133] Training Results: Prec@1 69.916 Prec@5 93.349 Loss 1.00538
Epoch [133] Training Class Recall: [0.829,0.798,0.593,0.494,0.517,0.773,0.738,0.681,0.883,0.816,0.569,0.362,
 0.695,0.674,0.725,0.758,0.702,0.849,0.698,0.668,0.743,0.835,0.706,0.773,
 0.632,0.616,0.581,0.626,0.784,0.593,0.672,0.730,0.610,0.667,0.721,0.470,
 0.791,0.710,0.692,0.843,0.625,0.702,0.701,0.807,0.544,0.615,0.582,0.617,
 0.879,0.818,0.510,0.720,0.680,0.852,0.811,0.441,0.889,0.742,0.817,0.611,
 0.792,0.740,0.694,0.735,0.625,0.555,0.782,0.621,0.901,0.798,0.693,0.735,
 0.395,0.557,0.557,0.812,0.850,0.762,0.627,0.727,0.618,0.713,0.872,0.687,
 0.714,0.820,0.717,0.769,0.795,0.788,0.664,0.749,0.592,0.606,0.884,0.713,
 0.631,0.753,0.484,0.707]
Testing Group Acc: [0.574,0.000,0.000]
Epoch [133] Testing Results: Prec@1 57.360 Prec@5 85.650 Loss 1.63764
Epoch [133] Testing Class Recall: [0.460,0.760,0.480,0.150,0.170,0.350,0.600,0.530,0.890,0.810,0.470,0.200,
 0.500,0.380,0.490,0.350,0.670,0.660,0.760,0.620,0.360,0.660,0.460,0.700,
 0.630,0.720,0.340,0.450,0.770,0.650,0.430,0.670,0.520,0.630,0.570,0.080,
 0.480,0.710,0.570,0.840,0.480,0.710,0.800,0.550,0.310,0.330,0.630,0.520,
 0.730,0.880,0.230,0.620,0.540,0.890,0.680,0.450,0.770,0.690,0.810,0.710,
 0.770,0.780,0.510,0.540,0.330,0.500,0.810,0.470,0.970,0.230,0.560,0.570,
 0.160,0.470,0.400,0.870,0.930,0.730,0.420,0.690,0.220,0.750,0.880,0.560,
 0.550,0.510,0.650,0.690,0.710,0.720,0.440,0.540,0.490,0.540,0.940,0.550,
 0.290,0.570,0.520,0.660]
Training Group Acc: [0.695,0.000,0.000]
Epoch [134] Training Results: Prec@1 69.676 Prec@5 93.473 Loss 1.01561
Epoch [134] Training Class Recall: [0.862,0.848,0.617,0.485,0.509,0.751,0.717,0.656,0.859,0.795,0.597,0.399,
 0.719,0.630,0.715,0.740,0.723,0.827,0.673,0.668,0.691,0.812,0.667,0.769,
 0.654,0.572,0.551,0.664,0.775,0.575,0.649,0.742,0.581,0.641,0.752,0.433,
 0.797,0.695,0.641,0.811,0.616,0.698,0.695,0.817,0.522,0.596,0.549,0.641,
 0.822,0.828,0.506,0.752,0.684,0.876,0.793,0.411,0.880,0.742,0.843,0.611,
 0.827,0.758,0.711,0.737,0.627,0.606,0.752,0.629,0.909,0.814,0.680,0.753,
 0.404,0.529,0.549,0.840,0.827,0.745,0.608,0.699,0.589,0.707,0.881,0.687,
 0.714,0.826,0.754,0.786,0.811,0.777,0.723,0.766,0.594,0.600,0.882,0.709,
 0.631,0.761,0.494,0.702]
Testing Group Acc: [0.554,0.000,0.000]
Epoch [134] Testing Results: Prec@1 55.440 Prec@5 83.760 Loss 1.75457
Epoch [134] Testing Class Recall: [0.790,0.750,0.370,0.640,0.380,0.810,0.370,0.420,0.310,0.720,0.370,0.370,
 0.710,0.500,0.500,0.180,0.540,0.890,0.420,0.540,0.330,0.760,0.610,0.840,
 0.630,0.340,0.220,0.290,0.810,0.520,0.770,0.490,0.460,0.550,0.580,0.230,
 0.680,0.460,0.510,0.570,0.570,0.730,0.590,0.600,0.160,0.400,0.190,0.700,
 0.780,0.700,0.440,0.770,0.150,0.810,0.730,0.190,0.610,0.800,0.680,0.710,
 0.700,0.490,0.460,0.780,0.470,0.320,0.880,0.440,0.760,0.880,0.370,0.560,
 0.130,0.220,0.560,0.590,0.740,0.520,0.400,0.530,0.380,0.440,0.860,0.630,
 0.610,0.730,0.450,0.660,0.650,0.670,0.670,0.700,0.530,0.330,0.920,0.580,
 0.520,0.750,0.320,0.700]
