Epoch: [0][0/391], lr: 0.00200	Loss 2.7281 (2.7281)	Prec@1 9.375 (9.375)	Prec@5 57.812 (57.812)
Epoch: [0][10/391], lr: 0.00200	Loss 2.4218 (2.5052)	Prec@1 7.031 (8.452)	Prec@5 52.344 (48.722)
Epoch: [0][20/391], lr: 0.00200	Loss 2.2763 (2.4374)	Prec@1 17.188 (10.305)	Prec@5 56.250 (52.269)
Epoch: [0][30/391], lr: 0.00200	Loss 2.3748 (2.4055)	Prec@1 15.625 (11.467)	Prec@5 64.844 (53.705)
Epoch: [0][40/391], lr: 0.00200	Loss 2.2908 (2.3807)	Prec@1 12.500 (12.405)	Prec@5 57.812 (55.393)
Epoch: [0][50/391], lr: 0.00200	Loss 2.2126 (2.3635)	Prec@1 17.969 (13.051)	Prec@5 67.969 (56.510)
Epoch: [0][60/391], lr: 0.00200	Loss 2.3398 (2.3475)	Prec@1 19.531 (13.858)	Prec@5 60.156 (57.697)
Epoch: [0][70/391], lr: 0.00200	Loss 2.2511 (2.3414)	Prec@1 14.844 (14.250)	Prec@5 67.188 (58.341)
Epoch: [0][80/391], lr: 0.00200	Loss 2.3520 (2.3410)	Prec@1 14.844 (14.458)	Prec@5 55.469 (58.603)
Epoch: [0][90/391], lr: 0.00200	Loss 2.3557 (2.3346)	Prec@1 13.281 (14.818)	Prec@5 60.156 (58.808)
Epoch: [0][100/391], lr: 0.00200	Loss 2.3099 (2.3276)	Prec@1 17.969 (15.176)	Prec@5 60.156 (59.406)
Epoch: [0][110/391], lr: 0.00200	Loss 2.2349 (2.3165)	Prec@1 22.656 (15.442)	Prec@5 65.625 (60.107)
Epoch: [0][120/391], lr: 0.00200	Loss 2.1637 (2.3052)	Prec@1 21.875 (15.857)	Prec@5 71.094 (60.892)
Epoch: [0][130/391], lr: 0.00200	Loss 2.1874 (2.3026)	Prec@1 20.312 (15.995)	Prec@5 69.531 (61.194)
Epoch: [0][140/391], lr: 0.00200	Loss 2.2040 (2.2995)	Prec@1 18.750 (16.113)	Prec@5 64.062 (61.486)
Epoch: [0][150/391], lr: 0.00200	Loss 2.2150 (2.2986)	Prec@1 16.406 (16.091)	Prec@5 68.750 (61.677)
Epoch: [0][160/391], lr: 0.00200	Loss 2.2857 (2.2961)	Prec@1 20.312 (16.232)	Prec@5 61.719 (61.845)
Epoch: [0][170/391], lr: 0.00200	Loss 2.2344 (2.2919)	Prec@1 17.188 (16.475)	Prec@5 67.188 (62.029)
Epoch: [0][180/391], lr: 0.00200	Loss 2.2053 (2.2895)	Prec@1 25.000 (16.493)	Prec@5 68.750 (62.176)
Epoch: [0][190/391], lr: 0.00200	Loss 2.1958 (2.2842)	Prec@1 22.656 (16.660)	Prec@5 74.219 (62.520)
Epoch: [0][200/391], lr: 0.00200	Loss 2.1202 (2.2795)	Prec@1 27.344 (16.900)	Prec@5 76.562 (62.807)
Epoch: [0][210/391], lr: 0.00200	Loss 2.2745 (2.2769)	Prec@1 19.531 (16.995)	Prec@5 62.500 (63.037)
Epoch: [0][220/391], lr: 0.00200	Loss 2.1027 (2.2737)	Prec@1 25.781 (17.124)	Prec@5 72.656 (63.172)
Epoch: [0][230/391], lr: 0.00200	Loss 2.1833 (2.2703)	Prec@1 23.438 (17.228)	Prec@5 65.625 (63.413)
Epoch: [0][240/391], lr: 0.00200	Loss 2.2693 (2.2659)	Prec@1 17.969 (17.457)	Prec@5 65.625 (63.696)
Epoch: [0][250/391], lr: 0.00200	Loss 2.1773 (2.2609)	Prec@1 19.531 (17.601)	Prec@5 71.094 (64.000)
Epoch: [0][260/391], lr: 0.00200	Loss 2.1417 (2.2560)	Prec@1 20.312 (17.801)	Prec@5 69.531 (64.245)
Epoch: [0][270/391], lr: 0.00200	Loss 2.2343 (2.2524)	Prec@1 18.750 (17.943)	Prec@5 66.406 (64.434)
Epoch: [0][280/391], lr: 0.00200	Loss 2.1618 (2.2483)	Prec@1 21.875 (18.086)	Prec@5 73.438 (64.671)
Epoch: [0][290/391], lr: 0.00200	Loss 2.2167 (2.2444)	Prec@1 17.188 (18.269)	Prec@5 65.625 (64.852)
Epoch: [0][300/391], lr: 0.00200	Loss 2.0904 (2.2410)	Prec@1 26.562 (18.423)	Prec@5 75.000 (65.057)
Epoch: [0][310/391], lr: 0.00200	Loss 2.0496 (2.2375)	Prec@1 27.344 (18.642)	Prec@5 74.219 (65.213)
Epoch: [0][320/391], lr: 0.00200	Loss 2.1370 (2.2347)	Prec@1 24.219 (18.772)	Prec@5 71.094 (65.389)
Epoch: [0][330/391], lr: 0.00200	Loss 2.0945 (2.2324)	Prec@1 25.000 (18.861)	Prec@5 73.438 (65.533)
Epoch: [0][340/391], lr: 0.00200	Loss 2.0874 (2.2293)	Prec@1 25.000 (19.039)	Prec@5 75.781 (65.694)
Epoch: [0][350/391], lr: 0.00200	Loss 2.0931 (2.2252)	Prec@1 25.000 (19.235)	Prec@5 71.875 (65.928)
Epoch: [0][360/391], lr: 0.00200	Loss 2.1313 (2.2229)	Prec@1 24.219 (19.375)	Prec@5 64.844 (66.073)
Epoch: [0][370/391], lr: 0.00200	Loss 2.1792 (2.2193)	Prec@1 19.531 (19.500)	Prec@5 68.750 (66.248)
Epoch: [0][380/391], lr: 0.00200	Loss 1.9785 (2.2160)	Prec@1 31.250 (19.671)	Prec@5 80.469 (66.433)
Epoch: [0][390/391], lr: 0.00200	Loss 2.1192 (2.2141)	Prec@1 25.000 (19.758)	Prec@5 78.750 (66.528)
Epoch [0] Training Results: Prec@1 19.758 Prec@5 66.528             Loss 2.21413
Epoch [0] Training Class Recall: [0.393,0.487,0.190,0.270,0.190,0.087,0.111,0.088,0.091,0.068]

Epoch: [1][0/391], lr: 0.00400	Loss 2.1546 (2.1546)	Prec@1 20.312 (20.312)	Prec@5 73.438 (73.438)
Epoch: [1][10/391], lr: 0.00400	Loss 2.2255 (2.1724)	Prec@1 25.781 (23.011)	Prec@5 64.062 (69.460)
Epoch: [1][20/391], lr: 0.00400	Loss 2.1425 (2.1933)	Prec@1 16.406 (21.503)	Prec@5 75.000 (68.676)
Epoch: [1][30/391], lr: 0.00400	Loss 2.1542 (2.1919)	Prec@1 21.094 (21.875)	Prec@5 67.969 (68.523)
Epoch: [1][40/391], lr: 0.00400	Loss 2.1747 (2.1897)	Prec@1 16.406 (21.761)	Prec@5 73.438 (68.902)
Epoch: [1][50/391], lr: 0.00400	Loss 2.1543 (2.1884)	Prec@1 25.781 (21.814)	Prec@5 71.094 (69.148)
Epoch: [1][60/391], lr: 0.00400	Loss 2.1297 (2.1834)	Prec@1 17.969 (22.029)	Prec@5 72.656 (69.493)
Epoch: [1][70/391], lr: 0.00400	Loss 2.2030 (2.1817)	Prec@1 21.875 (21.941)	Prec@5 64.062 (69.509)
Epoch: [1][80/391], lr: 0.00400	Loss 2.1423 (2.1743)	Prec@1 20.312 (22.309)	Prec@5 69.531 (69.657)
Epoch: [1][90/391], lr: 0.00400	Loss 2.0531 (2.1668)	Prec@1 27.344 (22.467)	Prec@5 75.000 (69.935)
Epoch: [1][100/391], lr: 0.00400	Loss 2.2341 (2.1628)	Prec@1 18.750 (22.532)	Prec@5 65.625 (70.119)
Epoch: [1][110/391], lr: 0.00400	Loss 2.1397 (2.1628)	Prec@1 20.312 (22.593)	Prec@5 71.875 (70.186)
Epoch: [1][120/391], lr: 0.00400	Loss 1.9132 (2.1570)	Prec@1 33.594 (22.727)	Prec@5 80.469 (70.345)
Epoch: [1][130/391], lr: 0.00400	Loss 2.1729 (2.1550)	Prec@1 18.750 (22.877)	Prec@5 76.562 (70.414)
Epoch: [1][140/391], lr: 0.00400	Loss 2.2413 (2.1552)	Prec@1 22.656 (22.856)	Prec@5 66.406 (70.468)
Epoch: [1][150/391], lr: 0.00400	Loss 2.0883 (2.1539)	Prec@1 25.781 (22.853)	Prec@5 75.000 (70.499)
Epoch: [1][160/391], lr: 0.00400	Loss 2.0682 (2.1513)	Prec@1 28.125 (22.923)	Prec@5 74.219 (70.521)
Epoch: [1][170/391], lr: 0.00400	Loss 2.1558 (2.1471)	Prec@1 22.656 (23.109)	Prec@5 68.750 (70.577)
Epoch: [1][180/391], lr: 0.00400	Loss 2.1813 (2.1457)	Prec@1 17.969 (23.127)	Prec@5 74.219 (70.645)
Epoch: [1][190/391], lr: 0.00400	Loss 2.1075 (2.1430)	Prec@1 22.656 (23.188)	Prec@5 74.219 (70.828)
Epoch: [1][200/391], lr: 0.00400	Loss 2.1214 (2.1434)	Prec@1 22.656 (23.162)	Prec@5 71.094 (70.826)
Epoch: [1][210/391], lr: 0.00400	Loss 1.9983 (2.1409)	Prec@1 33.594 (23.312)	Prec@5 74.219 (70.901)
Epoch: [1][220/391], lr: 0.00400	Loss 2.0521 (2.1384)	Prec@1 28.125 (23.445)	Prec@5 76.562 (70.970)
Epoch: [1][230/391], lr: 0.00400	Loss 2.0882 (2.1373)	Prec@1 27.344 (23.417)	Prec@5 70.312 (71.002)
Epoch: [1][240/391], lr: 0.00400	Loss 2.2207 (2.1355)	Prec@1 23.438 (23.515)	Prec@5 67.188 (71.074)
Epoch: [1][250/391], lr: 0.00400	Loss 2.0907 (2.1334)	Prec@1 25.000 (23.668)	Prec@5 67.188 (71.081)
Epoch: [1][260/391], lr: 0.00400	Loss 2.0769 (2.1307)	Prec@1 21.875 (23.749)	Prec@5 73.438 (71.234)
Epoch: [1][270/391], lr: 0.00400	Loss 2.1173 (2.1285)	Prec@1 21.875 (23.864)	Prec@5 72.656 (71.353)
Epoch: [1][280/391], lr: 0.00400	Loss 2.1779 (2.1280)	Prec@1 27.344 (23.882)	Prec@5 67.969 (71.402)
Epoch: [1][290/391], lr: 0.00400	Loss 1.9707 (2.1248)	Prec@1 32.031 (24.012)	Prec@5 78.906 (71.526)
Epoch: [1][300/391], lr: 0.00400	Loss 1.9932 (2.1233)	Prec@1 34.375 (24.081)	Prec@5 75.000 (71.587)
Epoch: [1][310/391], lr: 0.00400	Loss 2.0880 (2.1217)	Prec@1 25.000 (24.153)	Prec@5 73.438 (71.682)
Epoch: [1][320/391], lr: 0.00400	Loss 1.9515 (2.1193)	Prec@1 32.031 (24.246)	Prec@5 79.688 (71.836)
Epoch: [1][330/391], lr: 0.00400	Loss 2.1065 (2.1187)	Prec@1 25.781 (24.268)	Prec@5 75.000 (71.896)
Epoch: [1][340/391], lr: 0.00400	Loss 2.2227 (2.1179)	Prec@1 21.875 (24.322)	Prec@5 71.094 (71.914)
Epoch: [1][350/391], lr: 0.00400	Loss 2.1768 (2.1164)	Prec@1 27.344 (24.388)	Prec@5 72.656 (72.017)
Epoch: [1][360/391], lr: 0.00400	Loss 2.1517 (2.1152)	Prec@1 21.094 (24.409)	Prec@5 71.875 (72.091)
Epoch: [1][370/391], lr: 0.00400	Loss 2.0478 (2.1135)	Prec@1 25.000 (24.495)	Prec@5 75.781 (72.191)
Epoch: [1][380/391], lr: 0.00400	Loss 2.0825 (2.1120)	Prec@1 20.312 (24.555)	Prec@5 78.125 (72.302)
Epoch: [1][390/391], lr: 0.00400	Loss 1.9311 (2.1109)	Prec@1 33.750 (24.610)	Prec@5 78.750 (72.370)
Epoch [1] Training Results: Prec@1 24.610 Prec@5 72.370             Loss 2.11093
Epoch [1] Training Class Recall: [0.483,0.642,0.266,0.304,0.194,0.134,0.181,0.094,0.078,0.086]

Epoch: [2][0/391], lr: 0.00600	Loss 2.1216 (2.1216)	Prec@1 26.562 (26.562)	Prec@5 72.656 (72.656)
Epoch: [2][10/391], lr: 0.00600	Loss 1.9998 (2.0515)	Prec@1 32.031 (28.622)	Prec@5 77.344 (75.000)
Epoch: [2][20/391], lr: 0.00600	Loss 2.0542 (2.0593)	Prec@1 28.906 (27.158)	Prec@5 68.750 (74.330)
Epoch: [2][30/391], lr: 0.00600	Loss 2.0868 (2.0554)	Prec@1 28.125 (27.142)	Prec@5 71.094 (74.622)
Epoch: [2][40/391], lr: 0.00600	Loss 2.1684 (2.0551)	Prec@1 19.531 (27.096)	Prec@5 75.781 (74.676)
Epoch: [2][50/391], lr: 0.00600	Loss 2.1284 (2.0589)	Prec@1 19.531 (27.053)	Prec@5 74.219 (74.724)
Epoch: [2][60/391], lr: 0.00600	Loss 2.0372 (2.0624)	Prec@1 30.469 (27.011)	Prec@5 73.438 (74.372)
Epoch: [2][70/391], lr: 0.00600	Loss 2.1751 (2.0721)	Prec@1 21.094 (26.243)	Prec@5 67.188 (73.922)
Epoch: [2][80/391], lr: 0.00600	Loss 2.0130 (2.0673)	Prec@1 32.812 (26.582)	Prec@5 78.125 (74.228)
Epoch: [2][90/391], lr: 0.00600	Loss 2.0486 (2.0686)	Prec@1 22.656 (26.434)	Prec@5 71.875 (74.141)
Epoch: [2][100/391], lr: 0.00600	Loss 2.0440 (2.0616)	Prec@1 25.000 (26.787)	Prec@5 71.875 (74.412)
Epoch: [2][110/391], lr: 0.00600	Loss 2.0042 (2.0634)	Prec@1 24.219 (26.626)	Prec@5 78.125 (74.409)
Epoch: [2][120/391], lr: 0.00600	Loss 1.8931 (2.0602)	Prec@1 32.812 (26.724)	Prec@5 80.469 (74.580)
Epoch: [2][130/391], lr: 0.00600	Loss 2.0056 (2.0579)	Prec@1 32.812 (26.968)	Prec@5 72.656 (74.726)
Epoch: [2][140/391], lr: 0.00600	Loss 1.9858 (2.0560)	Prec@1 31.250 (26.939)	Prec@5 80.469 (74.812)
Epoch: [2][150/391], lr: 0.00600	Loss 2.2140 (2.0552)	Prec@1 18.750 (27.090)	Prec@5 67.969 (74.855)
Epoch: [2][160/391], lr: 0.00600	Loss 1.9117 (2.0520)	Prec@1 29.688 (27.261)	Prec@5 79.688 (74.976)
Epoch: [2][170/391], lr: 0.00600	Loss 2.0237 (2.0487)	Prec@1 28.125 (27.426)	Prec@5 80.469 (75.169)
Epoch: [2][180/391], lr: 0.00600	Loss 2.0726 (2.0474)	Prec@1 28.906 (27.560)	Prec@5 71.875 (75.233)
Epoch: [2][190/391], lr: 0.00600	Loss 2.0074 (2.0443)	Prec@1 25.781 (27.745)	Prec@5 74.219 (75.323)
Epoch: [2][200/391], lr: 0.00600	Loss 1.9294 (2.0442)	Prec@1 37.500 (27.791)	Prec@5 82.031 (75.292)
Epoch: [2][210/391], lr: 0.00600	Loss 2.0181 (2.0440)	Prec@1 28.906 (27.792)	Prec@5 77.344 (75.341)
Epoch: [2][220/391], lr: 0.00600	Loss 1.9697 (2.0417)	Prec@1 37.500 (27.888)	Prec@5 80.469 (75.442)
Epoch: [2][230/391], lr: 0.00600	Loss 2.1817 (2.0433)	Prec@1 22.656 (27.858)	Prec@5 68.750 (75.426)
Epoch: [2][240/391], lr: 0.00600	Loss 1.9488 (2.0418)	Prec@1 27.344 (27.872)	Prec@5 78.906 (75.525)
Epoch: [2][250/391], lr: 0.00600	Loss 1.9225 (2.0403)	Prec@1 34.375 (27.988)	Prec@5 81.250 (75.542)
Epoch: [2][260/391], lr: 0.00600	Loss 2.0989 (2.0393)	Prec@1 25.781 (28.095)	Prec@5 74.219 (75.536)
Epoch: [2][270/391], lr: 0.00600	Loss 1.9815 (2.0374)	Prec@1 25.781 (28.148)	Prec@5 78.906 (75.654)
Epoch: [2][280/391], lr: 0.00600	Loss 2.0042 (2.0353)	Prec@1 32.812 (28.267)	Prec@5 78.125 (75.762)
Epoch: [2][290/391], lr: 0.00600	Loss 2.1312 (2.0342)	Prec@1 30.469 (28.340)	Prec@5 71.094 (75.784)
Epoch: [2][300/391], lr: 0.00600	Loss 2.0237 (2.0325)	Prec@1 28.125 (28.423)	Prec@5 76.562 (75.885)
Epoch: [2][310/391], lr: 0.00600	Loss 1.9477 (2.0307)	Prec@1 28.125 (28.487)	Prec@5 80.469 (76.000)
Epoch: [2][320/391], lr: 0.00600	Loss 2.0214 (2.0294)	Prec@1 31.250 (28.556)	Prec@5 77.344 (76.064)
Epoch: [2][330/391], lr: 0.00600	Loss 2.0974 (2.0298)	Prec@1 28.906 (28.581)	Prec@5 73.438 (76.029)
Epoch: [2][340/391], lr: 0.00600	Loss 2.1197 (2.0301)	Prec@1 27.344 (28.579)	Prec@5 74.219 (76.017)
Epoch: [2][350/391], lr: 0.00600	Loss 2.0028 (2.0301)	Prec@1 32.812 (28.604)	Prec@5 78.125 (76.062)
Epoch: [2][360/391], lr: 0.00600	Loss 1.9452 (2.0287)	Prec@1 38.281 (28.688)	Prec@5 76.562 (76.097)
Epoch: [2][370/391], lr: 0.00600	Loss 2.0653 (2.0272)	Prec@1 26.562 (28.719)	Prec@5 71.875 (76.162)
Epoch: [2][380/391], lr: 0.00600	Loss 2.0378 (2.0258)	Prec@1 27.344 (28.820)	Prec@5 79.688 (76.206)
Epoch: [2][390/391], lr: 0.00600	Loss 1.8702 (2.0251)	Prec@1 28.750 (28.796)	Prec@5 88.750 (76.270)
Epoch [2] Training Results: Prec@1 28.796 Prec@5 76.270             Loss 2.02511
Epoch [2] Training Class Recall: [0.556,0.700,0.321,0.336,0.254,0.183,0.232,0.128,0.065,0.104]

Epoch: [3][0/391], lr: 0.00800	Loss 1.8890 (1.8890)	Prec@1 36.719 (36.719)	Prec@5 79.688 (79.688)
Epoch: [3][10/391], lr: 0.00800	Loss 1.9271 (1.9589)	Prec@1 31.250 (30.824)	Prec@5 81.250 (79.545)
Epoch: [3][20/391], lr: 0.00800	Loss 2.0378 (1.9781)	Prec@1 25.000 (30.469)	Prec@5 75.000 (78.348)
Epoch: [3][30/391], lr: 0.00800	Loss 1.8422 (1.9604)	Prec@1 34.375 (31.729)	Prec@5 85.156 (79.057)
Epoch: [3][40/391], lr: 0.00800	Loss 2.0150 (1.9656)	Prec@1 29.688 (31.879)	Prec@5 79.688 (78.830)
Epoch: [3][50/391], lr: 0.00800	Loss 2.0328 (1.9716)	Prec@1 29.688 (31.235)	Prec@5 75.000 (78.738)
Epoch: [3][60/391], lr: 0.00800	Loss 1.9481 (1.9755)	Prec@1 32.812 (31.314)	Prec@5 82.031 (78.445)
Epoch: [3][70/391], lr: 0.00800	Loss 2.0063 (1.9761)	Prec@1 32.812 (31.470)	Prec@5 78.906 (77.993)
Epoch: [3][80/391], lr: 0.00800	Loss 1.8883 (1.9774)	Prec@1 36.719 (31.395)	Prec@5 78.906 (77.874)
Epoch: [3][90/391], lr: 0.00800	Loss 1.8800 (1.9779)	Prec@1 37.500 (31.482)	Prec@5 84.375 (77.936)
Epoch: [3][100/391], lr: 0.00800	Loss 1.9529 (1.9735)	Prec@1 28.906 (31.660)	Prec@5 80.469 (78.110)
Epoch: [3][110/391], lr: 0.00800	Loss 2.1206 (1.9765)	Prec@1 23.438 (31.581)	Prec@5 78.125 (78.041)
Epoch: [3][120/391], lr: 0.00800	Loss 2.0891 (1.9798)	Prec@1 25.781 (31.366)	Prec@5 75.000 (78.073)
Epoch: [3][130/391], lr: 0.00800	Loss 1.9359 (1.9806)	Prec@1 33.594 (31.351)	Prec@5 81.250 (78.113)
Epoch: [3][140/391], lr: 0.00800	Loss 1.9324 (1.9801)	Prec@1 32.031 (31.333)	Prec@5 75.781 (78.097)
Epoch: [3][150/391], lr: 0.00800	Loss 1.9026 (1.9786)	Prec@1 35.156 (31.374)	Prec@5 78.906 (78.053)
Epoch: [3][160/391], lr: 0.00800	Loss 1.9645 (1.9756)	Prec@1 32.031 (31.565)	Prec@5 72.656 (78.125)
Epoch: [3][170/391], lr: 0.00800	Loss 1.8851 (1.9733)	Prec@1 35.938 (31.570)	Prec@5 82.031 (78.299)
Epoch: [3][180/391], lr: 0.00800	Loss 1.9975 (1.9721)	Prec@1 32.031 (31.591)	Prec@5 78.906 (78.410)
Epoch: [3][190/391], lr: 0.00800	Loss 1.9606 (1.9727)	Prec@1 32.031 (31.483)	Prec@5 79.688 (78.362)
Epoch: [3][200/391], lr: 0.00800	Loss 1.8981 (1.9734)	Prec@1 35.156 (31.510)	Prec@5 78.125 (78.370)
Epoch: [3][210/391], lr: 0.00800	Loss 2.0305 (1.9742)	Prec@1 33.594 (31.491)	Prec@5 74.219 (78.325)
Epoch: [3][220/391], lr: 0.00800	Loss 1.9441 (1.9738)	Prec@1 35.938 (31.568)	Prec@5 75.000 (78.334)
Epoch: [3][230/391], lr: 0.00800	Loss 1.8594 (1.9720)	Prec@1 38.281 (31.568)	Prec@5 80.469 (78.389)
Epoch: [3][240/391], lr: 0.00800	Loss 1.9350 (1.9696)	Prec@1 33.594 (31.629)	Prec@5 77.344 (78.478)
Epoch: [3][250/391], lr: 0.00800	Loss 1.7726 (1.9663)	Prec@1 41.406 (31.739)	Prec@5 85.156 (78.648)
Epoch: [3][260/391], lr: 0.00800	Loss 1.9699 (1.9658)	Prec@1 27.344 (31.786)	Prec@5 75.781 (78.685)
Epoch: [3][270/391], lr: 0.00800	Loss 1.8716 (1.9643)	Prec@1 37.500 (31.881)	Prec@5 82.812 (78.751)
Epoch: [3][280/391], lr: 0.00800	Loss 2.1020 (1.9639)	Prec@1 31.250 (31.895)	Prec@5 67.969 (78.787)
Epoch: [3][290/391], lr: 0.00800	Loss 1.9403 (1.9631)	Prec@1 29.688 (31.927)	Prec@5 82.812 (78.847)
Epoch: [3][300/391], lr: 0.00800	Loss 1.8682 (1.9620)	Prec@1 29.688 (32.013)	Prec@5 84.375 (78.836)
Epoch: [3][310/391], lr: 0.00800	Loss 1.9180 (1.9609)	Prec@1 35.938 (32.056)	Prec@5 75.000 (78.856)
Epoch: [3][320/391], lr: 0.00800	Loss 2.0503 (1.9618)	Prec@1 29.688 (32.012)	Prec@5 72.656 (78.838)
Epoch: [3][330/391], lr: 0.00800	Loss 2.0671 (1.9618)	Prec@1 26.562 (32.057)	Prec@5 75.000 (78.819)
Epoch: [3][340/391], lr: 0.00800	Loss 1.9904 (1.9620)	Prec@1 25.781 (32.024)	Prec@5 81.250 (78.824)
Epoch: [3][350/391], lr: 0.00800	Loss 1.9279 (1.9610)	Prec@1 33.594 (32.096)	Prec@5 77.344 (78.819)
Epoch: [3][360/391], lr: 0.00800	Loss 1.9907 (1.9589)	Prec@1 26.562 (32.165)	Prec@5 72.656 (78.839)
Epoch: [3][370/391], lr: 0.00800	Loss 1.8757 (1.9581)	Prec@1 35.156 (32.206)	Prec@5 82.812 (78.858)
Epoch: [3][380/391], lr: 0.00800	Loss 1.8679 (1.9568)	Prec@1 34.375 (32.261)	Prec@5 83.594 (78.873)
Epoch: [3][390/391], lr: 0.00800	Loss 1.9187 (1.9564)	Prec@1 35.000 (32.274)	Prec@5 71.250 (78.886)
Epoch [3] Training Results: Prec@1 32.274 Prec@5 78.886             Loss 1.95640
Epoch [3] Training Class Recall: [0.538,0.721,0.381,0.360,0.320,0.215,0.274,0.146,0.122,0.152]

Epoch: [4][0/391], lr: 0.01000	Loss 1.8458 (1.8458)	Prec@1 32.031 (32.031)	Prec@5 84.375 (84.375)
Epoch: [4][10/391], lr: 0.01000	Loss 1.9181 (1.9196)	Prec@1 29.688 (34.304)	Prec@5 78.125 (80.114)
Epoch: [4][20/391], lr: 0.01000	Loss 1.8397 (1.9191)	Prec@1 32.031 (33.705)	Prec@5 84.375 (79.836)
Epoch: [4][30/391], lr: 0.01000	Loss 1.9174 (1.9194)	Prec@1 31.250 (33.669)	Prec@5 81.250 (79.940)
Epoch: [4][40/391], lr: 0.01000	Loss 1.8813 (1.9178)	Prec@1 30.469 (33.556)	Prec@5 82.031 (79.688)
Epoch: [4][50/391], lr: 0.01000	Loss 1.8890 (1.9218)	Prec@1 33.594 (33.333)	Prec@5 80.469 (79.565)
Epoch: [4][60/391], lr: 0.01000	Loss 1.9607 (1.9229)	Prec@1 36.719 (33.568)	Prec@5 78.906 (79.572)
Epoch: [4][70/391], lr: 0.01000	Loss 1.8205 (1.9187)	Prec@1 41.406 (33.748)	Prec@5 82.812 (79.743)
Epoch: [4][80/391], lr: 0.01000	Loss 1.8861 (1.9198)	Prec@1 39.062 (33.806)	Prec@5 81.250 (79.755)
Epoch: [4][90/391], lr: 0.01000	Loss 1.7757 (1.9177)	Prec@1 39.844 (33.886)	Prec@5 79.688 (79.833)
Epoch: [4][100/391], lr: 0.01000	Loss 1.9034 (1.9144)	Prec@1 39.844 (33.965)	Prec@5 78.125 (80.036)
Epoch: [4][110/391], lr: 0.01000	Loss 1.8917 (1.9147)	Prec@1 30.469 (33.875)	Prec@5 83.594 (80.053)
Epoch: [4][120/391], lr: 0.01000	Loss 1.8733 (1.9118)	Prec@1 28.906 (34.084)	Prec@5 85.938 (80.088)
Epoch: [4][130/391], lr: 0.01000	Loss 1.8331 (1.9116)	Prec@1 36.719 (34.035)	Prec@5 84.375 (80.135)
Epoch: [4][140/391], lr: 0.01000	Loss 1.8459 (1.9089)	Prec@1 39.062 (34.043)	Prec@5 78.906 (80.175)
Epoch: [4][150/391], lr: 0.01000	Loss 1.8499 (1.9086)	Prec@1 41.406 (34.070)	Prec@5 82.812 (80.215)
Epoch: [4][160/391], lr: 0.01000	Loss 1.9169 (1.9064)	Prec@1 35.938 (34.157)	Prec@5 84.375 (80.318)
Epoch: [4][170/391], lr: 0.01000	Loss 1.9269 (1.9057)	Prec@1 34.375 (34.156)	Prec@5 80.469 (80.355)
Epoch: [4][180/391], lr: 0.01000	Loss 2.0092 (1.9064)	Prec@1 35.156 (34.172)	Prec@5 77.344 (80.352)
Epoch: [4][190/391], lr: 0.01000	Loss 1.8778 (1.9041)	Prec@1 36.719 (34.285)	Prec@5 83.594 (80.440)
Epoch: [4][200/391], lr: 0.01000	Loss 1.9088 (1.9049)	Prec@1 32.812 (34.363)	Prec@5 79.688 (80.364)
Epoch: [4][210/391], lr: 0.01000	Loss 1.9874 (1.9063)	Prec@1 34.375 (34.349)	Prec@5 76.562 (80.380)
Epoch: [4][220/391], lr: 0.01000	Loss 1.8987 (1.9054)	Prec@1 35.938 (34.354)	Prec@5 81.250 (80.430)
Epoch: [4][230/391], lr: 0.01000	Loss 1.9560 (1.9066)	Prec@1 30.469 (34.338)	Prec@5 80.469 (80.408)
Epoch: [4][240/391], lr: 0.01000	Loss 1.8001 (1.9076)	Prec@1 36.719 (34.193)	Prec@5 86.719 (80.472)
Epoch: [4][250/391], lr: 0.01000	Loss 1.9595 (1.9074)	Prec@1 32.031 (34.254)	Prec@5 80.469 (80.515)
Epoch: [4][260/391], lr: 0.01000	Loss 1.9838 (1.9077)	Prec@1 32.812 (34.231)	Prec@5 78.125 (80.579)
Epoch: [4][270/391], lr: 0.01000	Loss 2.0123 (1.9077)	Prec@1 32.031 (34.271)	Prec@5 78.125 (80.645)
Epoch: [4][280/391], lr: 0.01000	Loss 1.8917 (1.9059)	Prec@1 37.500 (34.389)	Prec@5 80.469 (80.658)
Epoch: [4][290/391], lr: 0.01000	Loss 1.7153 (1.9018)	Prec@1 42.188 (34.504)	Prec@5 85.156 (80.726)
Epoch: [4][300/391], lr: 0.01000	Loss 1.9912 (1.9018)	Prec@1 32.031 (34.596)	Prec@5 80.469 (80.695)
Epoch: [4][310/391], lr: 0.01000	Loss 1.9102 (1.9019)	Prec@1 37.500 (34.561)	Prec@5 81.250 (80.715)
Epoch: [4][320/391], lr: 0.01000	Loss 1.8967 (1.9003)	Prec@1 37.500 (34.667)	Prec@5 80.469 (80.763)
Epoch: [4][330/391], lr: 0.01000	Loss 1.7948 (1.8997)	Prec@1 36.719 (34.679)	Prec@5 85.156 (80.773)
Epoch: [4][340/391], lr: 0.01000	Loss 1.8431 (1.8984)	Prec@1 38.281 (34.730)	Prec@5 87.500 (80.844)
Epoch: [4][350/391], lr: 0.01000	Loss 1.7399 (1.8973)	Prec@1 42.969 (34.778)	Prec@5 84.375 (80.867)
Epoch: [4][360/391], lr: 0.01000	Loss 1.8595 (1.8967)	Prec@1 39.062 (34.819)	Prec@5 88.281 (80.906)
Epoch: [4][370/391], lr: 0.01000	Loss 1.9197 (1.8956)	Prec@1 34.375 (34.832)	Prec@5 83.594 (80.962)
Epoch: [4][380/391], lr: 0.01000	Loss 1.7903 (1.8952)	Prec@1 38.281 (34.845)	Prec@5 82.812 (80.953)
Epoch: [4][390/391], lr: 0.01000	Loss 1.7809 (1.8935)	Prec@1 46.250 (34.910)	Prec@5 86.250 (81.036)
Epoch [4] Training Results: Prec@1 34.910 Prec@5 81.036             Loss 1.89354
Epoch [4] Training Class Recall: [0.519,0.717,0.414,0.376,0.362,0.262,0.287,0.171,0.177,0.205]

Epoch: [5][0/391], lr: 0.01000	Loss 1.9395 (1.9395)	Prec@1 39.062 (39.062)	Prec@5 78.906 (78.906)
Epoch: [5][10/391], lr: 0.01000	Loss 1.7452 (1.8257)	Prec@1 39.062 (37.855)	Prec@5 79.688 (81.605)
Epoch: [5][20/391], lr: 0.01000	Loss 1.7653 (1.8332)	Prec@1 38.281 (37.388)	Prec@5 79.688 (82.106)
Epoch: [5][30/391], lr: 0.01000	Loss 1.7840 (1.8374)	Prec@1 41.406 (37.223)	Prec@5 83.594 (82.031)
Epoch: [5][40/391], lr: 0.01000	Loss 1.8139 (1.8442)	Prec@1 36.719 (36.928)	Prec@5 85.156 (82.165)
Epoch: [5][50/391], lr: 0.01000	Loss 1.8386 (1.8416)	Prec@1 33.594 (36.918)	Prec@5 82.031 (82.307)
Epoch: [5][60/391], lr: 0.01000	Loss 1.6550 (1.8365)	Prec@1 46.094 (36.898)	Prec@5 85.938 (82.633)
Epoch: [5][70/391], lr: 0.01000	Loss 1.8034 (1.8286)	Prec@1 41.406 (37.280)	Prec@5 82.812 (82.835)
Epoch: [5][80/391], lr: 0.01000	Loss 1.8167 (1.8263)	Prec@1 35.938 (37.355)	Prec@5 83.594 (82.919)
Epoch: [5][90/391], lr: 0.01000	Loss 1.7176 (1.8256)	Prec@1 42.188 (37.303)	Prec@5 89.844 (83.122)
Epoch: [5][100/391], lr: 0.01000	Loss 1.8973 (1.8312)	Prec@1 39.062 (37.175)	Prec@5 81.250 (82.959)
Epoch: [5][110/391], lr: 0.01000	Loss 1.8135 (1.8325)	Prec@1 40.625 (37.268)	Prec@5 81.250 (82.862)
Epoch: [5][120/391], lr: 0.01000	Loss 1.8661 (1.8264)	Prec@1 34.375 (37.481)	Prec@5 81.250 (83.006)
Epoch: [5][130/391], lr: 0.01000	Loss 1.7854 (1.8235)	Prec@1 44.531 (37.697)	Prec@5 84.375 (83.099)
Epoch: [5][140/391], lr: 0.01000	Loss 1.9698 (1.8230)	Prec@1 29.688 (37.749)	Prec@5 77.344 (83.134)
Epoch: [5][150/391], lr: 0.01000	Loss 1.8096 (1.8209)	Prec@1 35.938 (37.805)	Prec@5 82.812 (83.149)
Epoch: [5][160/391], lr: 0.01000	Loss 1.7624 (1.8206)	Prec@1 38.281 (37.825)	Prec@5 82.031 (83.109)
Epoch: [5][170/391], lr: 0.01000	Loss 1.7532 (1.8211)	Prec@1 39.844 (37.760)	Prec@5 85.938 (83.087)
Epoch: [5][180/391], lr: 0.01000	Loss 1.7919 (1.8220)	Prec@1 36.719 (37.707)	Prec@5 87.500 (83.024)
Epoch: [5][190/391], lr: 0.01000	Loss 1.9024 (1.8244)	Prec@1 32.031 (37.553)	Prec@5 80.469 (82.988)
Epoch: [5][200/391], lr: 0.01000	Loss 1.7358 (1.8236)	Prec@1 40.625 (37.597)	Prec@5 85.938 (83.085)
Epoch: [5][210/391], lr: 0.01000	Loss 1.8346 (1.8229)	Prec@1 39.062 (37.693)	Prec@5 79.688 (83.075)
Epoch: [5][220/391], lr: 0.01000	Loss 1.7277 (1.8213)	Prec@1 39.062 (37.740)	Prec@5 87.500 (83.106)
Epoch: [5][230/391], lr: 0.01000	Loss 1.8236 (1.8195)	Prec@1 39.844 (37.892)	Prec@5 80.469 (83.107)
Epoch: [5][240/391], lr: 0.01000	Loss 1.8133 (1.8172)	Prec@1 44.531 (37.989)	Prec@5 85.156 (83.169)
Epoch: [5][250/391], lr: 0.01000	Loss 1.8409 (1.8164)	Prec@1 36.719 (38.004)	Prec@5 84.375 (83.198)
Epoch: [5][260/391], lr: 0.01000	Loss 1.7821 (1.8159)	Prec@1 39.844 (38.042)	Prec@5 84.375 (83.181)
Epoch: [5][270/391], lr: 0.01000	Loss 1.7817 (1.8152)	Prec@1 39.062 (38.065)	Prec@5 88.281 (83.259)
Epoch: [5][280/391], lr: 0.01000	Loss 1.8080 (1.8143)	Prec@1 39.062 (38.084)	Prec@5 80.469 (83.277)
Epoch: [5][290/391], lr: 0.01000	Loss 1.7526 (1.8132)	Prec@1 39.062 (38.096)	Prec@5 83.594 (83.306)
Epoch: [5][300/391], lr: 0.01000	Loss 1.7110 (1.8139)	Prec@1 41.406 (38.084)	Prec@5 87.500 (83.300)
Epoch: [5][310/391], lr: 0.01000	Loss 1.6883 (1.8112)	Prec@1 46.094 (38.196)	Prec@5 86.719 (83.368)
Epoch: [5][320/391], lr: 0.01000	Loss 1.7228 (1.8110)	Prec@1 45.312 (38.201)	Prec@5 84.375 (83.360)
Epoch: [5][330/391], lr: 0.01000	Loss 1.8409 (1.8088)	Prec@1 39.844 (38.295)	Prec@5 82.031 (83.457)
Epoch: [5][340/391], lr: 0.01000	Loss 1.9180 (1.8066)	Prec@1 32.812 (38.359)	Prec@5 82.031 (83.550)
Epoch: [5][350/391], lr: 0.01000	Loss 1.5146 (1.8056)	Prec@1 45.312 (38.388)	Prec@5 91.406 (83.583)
Epoch: [5][360/391], lr: 0.01000	Loss 1.8053 (1.8034)	Prec@1 36.719 (38.454)	Prec@5 84.375 (83.667)
Epoch: [5][370/391], lr: 0.01000	Loss 1.8669 (1.8028)	Prec@1 32.812 (38.429)	Prec@5 85.938 (83.686)
Epoch: [5][380/391], lr: 0.01000	Loss 1.6631 (1.8019)	Prec@1 42.188 (38.445)	Prec@5 84.375 (83.702)
Epoch: [5][390/391], lr: 0.01000	Loss 1.8355 (1.8004)	Prec@1 37.500 (38.504)	Prec@5 81.250 (83.764)
Epoch [5] Training Results: Prec@1 38.504 Prec@5 83.764             Loss 1.80040
Epoch [5] Training Class Recall: [0.509,0.714,0.450,0.400,0.399,0.299,0.317,0.229,0.221,0.313]

Epoch: [6][0/391], lr: 0.01000	Loss 1.8618 (1.8618)	Prec@1 35.938 (35.938)	Prec@5 82.812 (82.812)
Epoch: [6][10/391], lr: 0.01000	Loss 1.8152 (1.7695)	Prec@1 35.938 (39.276)	Prec@5 82.812 (83.665)
Epoch: [6][20/391], lr: 0.01000	Loss 1.7074 (1.7783)	Prec@1 44.531 (39.546)	Prec@5 85.156 (83.519)
Epoch: [6][30/391], lr: 0.01000	Loss 1.8323 (1.7744)	Prec@1 38.281 (39.743)	Prec@5 83.594 (83.644)
Epoch: [6][40/391], lr: 0.01000	Loss 1.6472 (1.7635)	Prec@1 44.531 (40.377)	Prec@5 86.719 (84.108)
Epoch: [6][50/391], lr: 0.01000	Loss 1.6539 (1.7551)	Prec@1 39.062 (40.502)	Prec@5 87.500 (84.482)
Epoch: [6][60/391], lr: 0.01000	Loss 1.7174 (1.7471)	Prec@1 42.188 (40.638)	Prec@5 87.500 (84.862)
Epoch: [6][70/391], lr: 0.01000	Loss 1.7137 (1.7417)	Prec@1 45.312 (40.900)	Prec@5 85.156 (85.189)
Epoch: [6][80/391], lr: 0.01000	Loss 1.6200 (1.7368)	Prec@1 49.219 (41.233)	Prec@5 89.062 (85.156)
Epoch: [6][90/391], lr: 0.01000	Loss 1.6333 (1.7363)	Prec@1 48.438 (41.200)	Prec@5 84.375 (85.191)
Epoch: [6][100/391], lr: 0.01000	Loss 1.7396 (1.7349)	Prec@1 39.062 (41.422)	Prec@5 88.281 (85.241)
Epoch: [6][110/391], lr: 0.01000	Loss 1.7710 (1.7341)	Prec@1 39.062 (41.491)	Prec@5 84.375 (85.135)
Epoch: [6][120/391], lr: 0.01000	Loss 1.6243 (1.7307)	Prec@1 45.312 (41.542)	Prec@5 85.938 (85.272)
Epoch: [6][130/391], lr: 0.01000	Loss 1.7043 (1.7305)	Prec@1 41.406 (41.478)	Prec@5 86.719 (85.311)
Epoch: [6][140/391], lr: 0.01000	Loss 1.6558 (1.7299)	Prec@1 46.875 (41.539)	Prec@5 85.156 (85.317)
Epoch: [6][150/391], lr: 0.01000	Loss 1.6166 (1.7290)	Prec@1 45.312 (41.567)	Prec@5 85.938 (85.260)
Epoch: [6][160/391], lr: 0.01000	Loss 1.6948 (1.7263)	Prec@1 42.188 (41.668)	Prec@5 84.375 (85.307)
Epoch: [6][170/391], lr: 0.01000	Loss 1.6299 (1.7247)	Prec@1 43.750 (41.671)	Prec@5 86.719 (85.380)
Epoch: [6][180/391], lr: 0.01000	Loss 1.6890 (1.7234)	Prec@1 43.750 (41.752)	Prec@5 84.375 (85.424)
Epoch: [6][190/391], lr: 0.01000	Loss 1.6848 (1.7213)	Prec@1 47.656 (41.856)	Prec@5 85.938 (85.520)
Epoch: [6][200/391], lr: 0.01000	Loss 1.6694 (1.7189)	Prec@1 43.750 (41.943)	Prec@5 90.625 (85.568)
Epoch: [6][210/391], lr: 0.01000	Loss 1.6218 (1.7164)	Prec@1 39.844 (41.943)	Prec@5 86.719 (85.623)
Epoch: [6][220/391], lr: 0.01000	Loss 1.6440 (1.7160)	Prec@1 46.094 (41.940)	Prec@5 88.281 (85.655)
Epoch: [6][230/391], lr: 0.01000	Loss 1.8057 (1.7166)	Prec@1 36.719 (41.903)	Prec@5 83.594 (85.636)
Epoch: [6][240/391], lr: 0.01000	Loss 1.7279 (1.7171)	Prec@1 40.625 (41.818)	Prec@5 85.156 (85.633)
Epoch: [6][250/391], lr: 0.01000	Loss 1.7033 (1.7145)	Prec@1 44.531 (41.942)	Prec@5 84.375 (85.692)
Epoch: [6][260/391], lr: 0.01000	Loss 1.5887 (1.7132)	Prec@1 47.656 (42.023)	Prec@5 90.625 (85.686)
Epoch: [6][270/391], lr: 0.01000	Loss 1.6889 (1.7125)	Prec@1 41.406 (42.032)	Prec@5 82.812 (85.692)
Epoch: [6][280/391], lr: 0.01000	Loss 1.7827 (1.7126)	Prec@1 40.625 (42.029)	Prec@5 84.375 (85.690)
Epoch: [6][290/391], lr: 0.01000	Loss 1.9224 (1.7136)	Prec@1 32.812 (42.005)	Prec@5 77.344 (85.664)
Epoch: [6][300/391], lr: 0.01000	Loss 1.5804 (1.7099)	Prec@1 49.219 (42.130)	Prec@5 87.500 (85.764)
Epoch: [6][310/391], lr: 0.01000	Loss 1.6103 (1.7100)	Prec@1 46.875 (42.162)	Prec@5 89.062 (85.787)
Epoch: [6][320/391], lr: 0.01000	Loss 1.8621 (1.7080)	Prec@1 34.375 (42.214)	Prec@5 80.469 (85.843)
Epoch: [6][330/391], lr: 0.01000	Loss 1.7854 (1.7060)	Prec@1 36.719 (42.277)	Prec@5 89.062 (85.874)
Epoch: [6][340/391], lr: 0.01000	Loss 1.7369 (1.7049)	Prec@1 39.844 (42.286)	Prec@5 87.500 (85.917)
Epoch: [6][350/391], lr: 0.01000	Loss 1.8009 (1.7046)	Prec@1 39.844 (42.268)	Prec@5 87.500 (85.944)
Epoch: [6][360/391], lr: 0.01000	Loss 1.6685 (1.7045)	Prec@1 46.875 (42.242)	Prec@5 83.594 (85.950)
Epoch: [6][370/391], lr: 0.01000	Loss 1.7574 (1.7039)	Prec@1 39.844 (42.206)	Prec@5 86.719 (85.973)
Epoch: [6][380/391], lr: 0.01000	Loss 1.5474 (1.7030)	Prec@1 46.875 (42.288)	Prec@5 90.625 (85.989)
Epoch: [6][390/391], lr: 0.01000	Loss 1.6467 (1.7024)	Prec@1 42.500 (42.290)	Prec@5 90.000 (86.000)
Epoch [6] Training Results: Prec@1 42.290 Prec@5 86.000             Loss 1.70236
Epoch [6] Training Class Recall: [0.513,0.706,0.456,0.408,0.425,0.338,0.369,0.305,0.297,0.412]

Epoch: [7][0/391], lr: 0.01000	Loss 1.7470 (1.7470)	Prec@1 41.406 (41.406)	Prec@5 84.375 (84.375)
Epoch: [7][10/391], lr: 0.01000	Loss 1.6076 (1.6487)	Prec@1 46.094 (44.318)	Prec@5 87.500 (87.642)
Epoch: [7][20/391], lr: 0.01000	Loss 1.4322 (1.6428)	Prec@1 50.000 (44.271)	Prec@5 92.969 (87.054)
Epoch: [7][30/391], lr: 0.01000	Loss 1.7099 (1.6344)	Prec@1 42.188 (44.733)	Prec@5 84.375 (87.298)
Epoch: [7][40/391], lr: 0.01000	Loss 1.4752 (1.6201)	Prec@1 56.250 (45.427)	Prec@5 92.188 (87.729)
Epoch: [7][50/391], lr: 0.01000	Loss 1.7274 (1.6181)	Prec@1 42.969 (45.496)	Prec@5 82.031 (87.439)
Epoch: [7][60/391], lr: 0.01000	Loss 1.5947 (1.6167)	Prec@1 50.781 (45.658)	Prec@5 87.500 (87.474)
Epoch: [7][70/391], lr: 0.01000	Loss 1.5015 (1.6223)	Prec@1 51.562 (45.621)	Prec@5 88.281 (87.357)
Epoch: [7][80/391], lr: 0.01000	Loss 1.8325 (1.6263)	Prec@1 39.844 (45.563)	Prec@5 82.812 (87.162)
Epoch: [7][90/391], lr: 0.01000	Loss 1.4125 (1.6223)	Prec@1 55.469 (45.656)	Prec@5 93.750 (87.217)
Epoch: [7][100/391], lr: 0.01000	Loss 1.4566 (1.6192)	Prec@1 50.781 (45.769)	Prec@5 91.406 (87.283)
Epoch: [7][110/391], lr: 0.01000	Loss 1.5069 (1.6192)	Prec@1 49.219 (45.728)	Prec@5 87.500 (87.211)
Epoch: [7][120/391], lr: 0.01000	Loss 1.5559 (1.6138)	Prec@1 46.094 (45.855)	Prec@5 89.844 (87.448)
Epoch: [7][130/391], lr: 0.01000	Loss 1.6911 (1.6118)	Prec@1 40.625 (45.867)	Prec@5 82.812 (87.548)
Epoch: [7][140/391], lr: 0.01000	Loss 1.6628 (1.6096)	Prec@1 44.531 (45.983)	Prec@5 89.062 (87.622)
Epoch: [7][150/391], lr: 0.01000	Loss 1.4165 (1.6055)	Prec@1 50.000 (46.037)	Prec@5 88.281 (87.769)
Epoch: [7][160/391], lr: 0.01000	Loss 1.5883 (1.6064)	Prec@1 44.531 (45.997)	Prec@5 85.938 (87.811)
Epoch: [7][170/391], lr: 0.01000	Loss 1.5887 (1.6041)	Prec@1 48.438 (46.021)	Prec@5 89.062 (87.847)
Epoch: [7][180/391], lr: 0.01000	Loss 1.5347 (1.6060)	Prec@1 39.062 (45.891)	Prec@5 91.406 (87.811)
Epoch: [7][190/391], lr: 0.01000	Loss 1.6403 (1.6075)	Prec@1 50.781 (45.893)	Prec@5 85.938 (87.803)
Epoch: [7][200/391], lr: 0.01000	Loss 1.7755 (1.6073)	Prec@1 44.531 (45.923)	Prec@5 79.688 (87.788)
Epoch: [7][210/391], lr: 0.01000	Loss 1.5803 (1.6074)	Prec@1 49.219 (45.886)	Prec@5 84.375 (87.807)
Epoch: [7][220/391], lr: 0.01000	Loss 1.6846 (1.6073)	Prec@1 39.062 (45.896)	Prec@5 82.031 (87.783)
Epoch: [7][230/391], lr: 0.01000	Loss 1.4773 (1.6046)	Prec@1 52.344 (45.982)	Prec@5 91.406 (87.808)
Epoch: [7][240/391], lr: 0.01000	Loss 1.5856 (1.6048)	Prec@1 42.969 (45.925)	Prec@5 89.844 (87.801)
Epoch: [7][250/391], lr: 0.01000	Loss 1.5226 (1.6024)	Prec@1 45.312 (46.010)	Prec@5 85.938 (87.864)
Epoch: [7][260/391], lr: 0.01000	Loss 1.5867 (1.6017)	Prec@1 44.531 (46.025)	Prec@5 89.062 (87.907)
Epoch: [7][270/391], lr: 0.01000	Loss 1.5378 (1.6012)	Prec@1 42.969 (45.996)	Prec@5 90.625 (87.924)
Epoch: [7][280/391], lr: 0.01000	Loss 1.5517 (1.6004)	Prec@1 43.750 (45.980)	Prec@5 87.500 (87.953)
Epoch: [7][290/391], lr: 0.01000	Loss 1.5803 (1.5981)	Prec@1 44.531 (45.989)	Prec@5 91.406 (88.034)
Epoch: [7][300/391], lr: 0.01000	Loss 1.4828 (1.5976)	Prec@1 51.562 (45.985)	Prec@5 90.625 (88.055)
Epoch: [7][310/391], lr: 0.01000	Loss 1.4924 (1.5975)	Prec@1 46.094 (45.956)	Prec@5 91.406 (88.058)
Epoch: [7][320/391], lr: 0.01000	Loss 1.6824 (1.5965)	Prec@1 42.188 (45.965)	Prec@5 84.375 (88.048)
Epoch: [7][330/391], lr: 0.01000	Loss 1.6284 (1.5946)	Prec@1 41.406 (45.983)	Prec@5 90.625 (88.109)
Epoch: [7][340/391], lr: 0.01000	Loss 1.4593 (1.5949)	Prec@1 50.781 (45.984)	Prec@5 87.500 (88.093)
Epoch: [7][350/391], lr: 0.01000	Loss 1.6123 (1.5939)	Prec@1 49.219 (46.014)	Prec@5 89.062 (88.119)
Epoch: [7][360/391], lr: 0.01000	Loss 1.6166 (1.5946)	Prec@1 46.875 (45.981)	Prec@5 87.500 (88.119)
Epoch: [7][370/391], lr: 0.01000	Loss 1.5154 (1.5930)	Prec@1 48.438 (46.062)	Prec@5 91.406 (88.161)
Epoch: [7][380/391], lr: 0.01000	Loss 1.5316 (1.5915)	Prec@1 47.656 (46.141)	Prec@5 87.500 (88.162)
Epoch: [7][390/391], lr: 0.01000	Loss 1.6155 (1.5896)	Prec@1 50.000 (46.160)	Prec@5 83.750 (88.206)
Epoch [7] Training Results: Prec@1 46.160 Prec@5 88.206             Loss 1.58962
Epoch [7] Training Class Recall: [0.509,0.693,0.464,0.440,0.456,0.375,0.409,0.358,0.399,0.513]

Epoch: [8][0/391], lr: 0.01000	Loss 1.4943 (1.4943)	Prec@1 53.125 (53.125)	Prec@5 91.406 (91.406)
Epoch: [8][10/391], lr: 0.01000	Loss 1.3346 (1.4912)	Prec@1 53.906 (50.781)	Prec@5 92.188 (89.418)
Epoch: [8][20/391], lr: 0.01000	Loss 1.5303 (1.4834)	Prec@1 46.094 (50.484)	Prec@5 90.625 (90.067)
Epoch: [8][30/391], lr: 0.01000	Loss 1.4718 (1.4931)	Prec@1 51.562 (49.924)	Prec@5 86.719 (89.743)
Epoch: [8][40/391], lr: 0.01000	Loss 1.7144 (1.5122)	Prec@1 42.969 (49.257)	Prec@5 86.719 (89.386)
Epoch: [8][50/391], lr: 0.01000	Loss 1.6907 (1.5106)	Prec@1 40.625 (49.157)	Prec@5 82.812 (89.231)
Epoch: [8][60/391], lr: 0.01000	Loss 1.4598 (1.5161)	Prec@1 50.000 (48.950)	Prec@5 92.188 (89.331)
Epoch: [8][70/391], lr: 0.01000	Loss 1.3604 (1.5228)	Prec@1 55.469 (48.636)	Prec@5 93.750 (89.283)
Epoch: [8][80/391], lr: 0.01000	Loss 1.5180 (1.5196)	Prec@1 48.438 (48.640)	Prec@5 89.062 (89.275)
Epoch: [8][90/391], lr: 0.01000	Loss 1.5333 (1.5216)	Prec@1 48.438 (48.472)	Prec@5 91.406 (89.372)
Epoch: [8][100/391], lr: 0.01000	Loss 1.3954 (1.5226)	Prec@1 51.562 (48.608)	Prec@5 92.969 (89.341)
Epoch: [8][110/391], lr: 0.01000	Loss 1.5119 (1.5173)	Prec@1 50.781 (48.874)	Prec@5 90.625 (89.478)
Epoch: [8][120/391], lr: 0.01000	Loss 1.6405 (1.5160)	Prec@1 42.188 (48.844)	Prec@5 86.719 (89.508)
Epoch: [8][130/391], lr: 0.01000	Loss 1.4331 (1.5115)	Prec@1 53.125 (48.986)	Prec@5 89.062 (89.569)
Epoch: [8][140/391], lr: 0.01000	Loss 1.4341 (1.5147)	Prec@1 50.781 (48.931)	Prec@5 87.500 (89.400)
Epoch: [8][150/391], lr: 0.01000	Loss 1.5247 (1.5187)	Prec@1 49.219 (48.836)	Prec@5 88.281 (89.342)
Epoch: [8][160/391], lr: 0.01000	Loss 1.4462 (1.5175)	Prec@1 50.000 (48.860)	Prec@5 89.844 (89.354)
Epoch: [8][170/391], lr: 0.01000	Loss 1.5089 (1.5162)	Prec@1 45.312 (48.876)	Prec@5 89.062 (89.433)
Epoch: [8][180/391], lr: 0.01000	Loss 1.5198 (1.5145)	Prec@1 53.906 (48.955)	Prec@5 88.281 (89.429)
Epoch: [8][190/391], lr: 0.01000	Loss 1.5865 (1.5110)	Prec@1 50.781 (49.076)	Prec@5 86.719 (89.525)
Epoch: [8][200/391], lr: 0.01000	Loss 1.6468 (1.5079)	Prec@1 45.312 (49.184)	Prec@5 83.594 (89.548)
Epoch: [8][210/391], lr: 0.01000	Loss 1.5122 (1.5102)	Prec@1 45.312 (49.085)	Prec@5 92.188 (89.488)
Epoch: [8][220/391], lr: 0.01000	Loss 1.7124 (1.5124)	Prec@1 43.750 (49.031)	Prec@5 85.938 (89.458)
Epoch: [8][230/391], lr: 0.01000	Loss 1.3547 (1.5132)	Prec@1 57.812 (49.023)	Prec@5 93.750 (89.468)
Epoch: [8][240/391], lr: 0.01000	Loss 1.3821 (1.5111)	Prec@1 51.562 (49.047)	Prec@5 93.750 (89.539)
Epoch: [8][250/391], lr: 0.01000	Loss 1.6124 (1.5095)	Prec@1 45.312 (49.091)	Prec@5 89.062 (89.557)
Epoch: [8][260/391], lr: 0.01000	Loss 1.6516 (1.5085)	Prec@1 42.969 (49.138)	Prec@5 84.375 (89.598)
Epoch: [8][270/391], lr: 0.01000	Loss 1.4345 (1.5045)	Prec@1 50.781 (49.248)	Prec@5 90.625 (89.674)
Epoch: [8][280/391], lr: 0.01000	Loss 1.4892 (1.5024)	Prec@1 54.688 (49.349)	Prec@5 94.531 (89.682)
Epoch: [8][290/391], lr: 0.01000	Loss 1.5824 (1.5015)	Prec@1 45.312 (49.348)	Prec@5 87.500 (89.699)
Epoch: [8][300/391], lr: 0.01000	Loss 1.4744 (1.5000)	Prec@1 50.781 (49.387)	Prec@5 89.062 (89.730)
Epoch: [8][310/391], lr: 0.01000	Loss 1.3634 (1.4979)	Prec@1 56.250 (49.460)	Prec@5 89.844 (89.741)
Epoch: [8][320/391], lr: 0.01000	Loss 1.4865 (1.4978)	Prec@1 55.469 (49.438)	Prec@5 88.281 (89.744)
Epoch: [8][330/391], lr: 0.01000	Loss 1.6598 (1.4964)	Prec@1 44.531 (49.504)	Prec@5 89.062 (89.780)
Epoch: [8][340/391], lr: 0.01000	Loss 1.4959 (1.4952)	Prec@1 49.219 (49.560)	Prec@5 89.844 (89.798)
Epoch: [8][350/391], lr: 0.01000	Loss 1.3675 (1.4953)	Prec@1 53.125 (49.535)	Prec@5 89.844 (89.786)
Epoch: [8][360/391], lr: 0.01000	Loss 1.3060 (1.4941)	Prec@1 56.250 (49.600)	Prec@5 92.188 (89.798)
Epoch: [8][370/391], lr: 0.01000	Loss 1.3656 (1.4923)	Prec@1 54.688 (49.663)	Prec@5 92.969 (89.835)
Epoch: [8][380/391], lr: 0.01000	Loss 1.5423 (1.4905)	Prec@1 52.344 (49.725)	Prec@5 89.844 (89.877)
Epoch: [8][390/391], lr: 0.01000	Loss 1.3010 (1.4888)	Prec@1 56.250 (49.784)	Prec@5 95.000 (89.910)
Epoch [8] Training Results: Prec@1 49.784 Prec@5 89.910             Loss 1.48879
Epoch [8] Training Class Recall: [0.508,0.684,0.473,0.441,0.479,0.416,0.453,0.442,0.489,0.594]

Epoch: [9][0/391], lr: 0.01000	Loss 1.3658 (1.3658)	Prec@1 57.812 (57.812)	Prec@5 86.719 (86.719)
Epoch: [9][10/391], lr: 0.01000	Loss 1.4796 (1.4069)	Prec@1 47.656 (52.415)	Prec@5 90.625 (91.264)
Epoch: [9][20/391], lr: 0.01000	Loss 1.5674 (1.4159)	Prec@1 51.562 (53.237)	Prec@5 88.281 (91.071)
Epoch: [9][30/391], lr: 0.01000	Loss 1.4485 (1.4165)	Prec@1 49.219 (53.049)	Prec@5 92.188 (91.482)
Epoch: [9][40/391], lr: 0.01000	Loss 1.4503 (1.4142)	Prec@1 48.438 (52.706)	Prec@5 90.625 (91.559)
Epoch: [9][50/391], lr: 0.01000	Loss 1.4032 (1.4071)	Prec@1 52.344 (52.865)	Prec@5 86.719 (91.529)
Epoch: [9][60/391], lr: 0.01000	Loss 1.4147 (1.4110)	Prec@1 51.562 (52.587)	Prec@5 90.625 (91.560)
Epoch: [9][70/391], lr: 0.01000	Loss 1.3298 (1.4115)	Prec@1 59.375 (52.663)	Prec@5 90.625 (91.373)
Epoch: [9][80/391], lr: 0.01000	Loss 1.6256 (1.4140)	Prec@1 45.312 (52.276)	Prec@5 88.281 (91.454)
Epoch: [9][90/391], lr: 0.01000	Loss 1.4776 (1.4142)	Prec@1 52.344 (52.498)	Prec@5 89.062 (91.492)
Epoch: [9][100/391], lr: 0.01000	Loss 1.4713 (1.4110)	Prec@1 52.344 (52.614)	Prec@5 92.188 (91.484)
Epoch: [9][110/391], lr: 0.01000	Loss 1.1998 (1.4094)	Prec@1 65.625 (52.569)	Prec@5 92.188 (91.477)
Epoch: [9][120/391], lr: 0.01000	Loss 1.4509 (1.4089)	Prec@1 52.344 (52.615)	Prec@5 92.188 (91.451)
Epoch: [9][130/391], lr: 0.01000	Loss 1.3132 (1.4051)	Prec@1 54.688 (52.845)	Prec@5 93.750 (91.460)
Epoch: [9][140/391], lr: 0.01000	Loss 1.3217 (1.4011)	Prec@1 53.906 (52.948)	Prec@5 92.188 (91.445)
Epoch: [9][150/391], lr: 0.01000	Loss 1.3717 (1.4020)	Prec@1 58.594 (52.996)	Prec@5 91.406 (91.360)
Epoch: [9][160/391], lr: 0.01000	Loss 1.2406 (1.3987)	Prec@1 56.250 (53.076)	Prec@5 92.188 (91.406)
Epoch: [9][170/391], lr: 0.01000	Loss 1.3944 (1.3958)	Prec@1 53.125 (53.134)	Prec@5 91.406 (91.461)
Epoch: [9][180/391], lr: 0.01000	Loss 1.4591 (1.3944)	Prec@1 49.219 (53.138)	Prec@5 95.312 (91.488)
Epoch: [9][190/391], lr: 0.01000	Loss 1.3521 (1.3928)	Prec@1 53.125 (53.207)	Prec@5 92.188 (91.439)
Epoch: [9][200/391], lr: 0.01000	Loss 1.5413 (1.3904)	Prec@1 50.000 (53.354)	Prec@5 86.719 (91.457)
Epoch: [9][210/391], lr: 0.01000	Loss 1.3390 (1.3896)	Prec@1 57.031 (53.358)	Prec@5 89.062 (91.469)
Epoch: [9][220/391], lr: 0.01000	Loss 1.3892 (1.3890)	Prec@1 51.562 (53.380)	Prec@5 93.750 (91.459)
Epoch: [9][230/391], lr: 0.01000	Loss 1.3525 (1.3893)	Prec@1 54.688 (53.379)	Prec@5 89.844 (91.437)
Epoch: [9][240/391], lr: 0.01000	Loss 1.2883 (1.3847)	Prec@1 56.250 (53.508)	Prec@5 92.969 (91.536)
Epoch: [9][250/391], lr: 0.01000	Loss 1.4425 (1.3873)	Prec@1 53.906 (53.436)	Prec@5 89.062 (91.525)
Epoch: [9][260/391], lr: 0.01000	Loss 1.5947 (1.3879)	Prec@1 46.875 (53.406)	Prec@5 88.281 (91.547)
Epoch: [9][270/391], lr: 0.01000	Loss 1.4267 (1.3890)	Prec@1 49.219 (53.295)	Prec@5 90.625 (91.487)
Epoch: [9][280/391], lr: 0.01000	Loss 1.3144 (1.3884)	Prec@1 57.031 (53.300)	Prec@5 92.969 (91.509)
Epoch: [9][290/391], lr: 0.01000	Loss 1.5631 (1.3882)	Prec@1 46.875 (53.321)	Prec@5 89.844 (91.522)
Epoch: [9][300/391], lr: 0.01000	Loss 1.1747 (1.3855)	Prec@1 57.812 (53.382)	Prec@5 95.312 (91.578)
Epoch: [9][310/391], lr: 0.01000	Loss 1.3984 (1.3846)	Prec@1 53.125 (53.389)	Prec@5 90.625 (91.627)
Epoch: [9][320/391], lr: 0.01000	Loss 1.3139 (1.3820)	Prec@1 53.906 (53.444)	Prec@5 92.969 (91.676)
Epoch: [9][330/391], lr: 0.01000	Loss 1.2488 (1.3788)	Prec@1 60.938 (53.592)	Prec@5 92.969 (91.718)
Epoch: [9][340/391], lr: 0.01000	Loss 1.3104 (1.3762)	Prec@1 57.812 (53.721)	Prec@5 95.312 (91.725)
Epoch: [9][350/391], lr: 0.01000	Loss 1.3603 (1.3756)	Prec@1 53.906 (53.764)	Prec@5 89.844 (91.729)
Epoch: [9][360/391], lr: 0.01000	Loss 1.4023 (1.3743)	Prec@1 50.781 (53.759)	Prec@5 91.406 (91.755)
Epoch: [9][370/391], lr: 0.01000	Loss 1.1268 (1.3736)	Prec@1 65.625 (53.807)	Prec@5 93.750 (91.777)
Epoch: [9][380/391], lr: 0.01000	Loss 1.2312 (1.3735)	Prec@1 59.375 (53.812)	Prec@5 96.094 (91.775)
Epoch: [9][390/391], lr: 0.01000	Loss 1.2745 (1.3729)	Prec@1 60.000 (53.820)	Prec@5 91.250 (91.794)
Epoch [9] Training Results: Prec@1 53.820 Prec@5 91.794             Loss 1.37294
Epoch [9] Training Class Recall: [0.511,0.679,0.495,0.466,0.512,0.451,0.516,0.513,0.574,0.664]

Epoch: [10][0/391], lr: 0.01000	Loss 1.2244 (1.2244)	Prec@1 55.469 (55.469)	Prec@5 96.875 (96.875)
Epoch: [10][10/391], lr: 0.01000	Loss 1.3628 (1.3285)	Prec@1 54.688 (54.403)	Prec@5 89.062 (92.472)
Epoch: [10][20/391], lr: 0.01000	Loss 1.2232 (1.2935)	Prec@1 55.469 (55.952)	Prec@5 92.969 (93.341)
Epoch: [10][30/391], lr: 0.01000	Loss 1.2979 (1.2814)	Prec@1 51.562 (56.250)	Prec@5 93.750 (93.246)
Epoch: [10][40/391], lr: 0.01000	Loss 1.3775 (1.2864)	Prec@1 50.781 (56.098)	Prec@5 95.312 (93.197)
Epoch: [10][50/391], lr: 0.01000	Loss 1.2965 (1.2976)	Prec@1 55.469 (55.913)	Prec@5 94.531 (93.076)
Epoch: [10][60/391], lr: 0.01000	Loss 1.4221 (1.3016)	Prec@1 57.031 (56.058)	Prec@5 90.625 (92.943)
Epoch: [10][70/391], lr: 0.01000	Loss 1.2513 (1.3032)	Prec@1 58.594 (56.052)	Prec@5 94.531 (92.914)
Epoch: [10][80/391], lr: 0.01000	Loss 1.3152 (1.3013)	Prec@1 51.562 (56.086)	Prec@5 95.312 (92.949)
Epoch: [10][90/391], lr: 0.01000	Loss 1.4543 (1.2961)	Prec@1 52.344 (56.396)	Prec@5 95.312 (93.080)
Epoch: [10][100/391], lr: 0.01000	Loss 1.2176 (1.2932)	Prec@1 56.250 (56.536)	Prec@5 95.312 (93.085)
Epoch: [10][110/391], lr: 0.01000	Loss 1.2534 (1.2918)	Prec@1 56.250 (56.574)	Prec@5 90.625 (93.138)
Epoch: [10][120/391], lr: 0.01000	Loss 1.4107 (1.2969)	Prec@1 50.000 (56.398)	Prec@5 93.750 (93.117)
Epoch: [10][130/391], lr: 0.01000	Loss 1.3731 (1.3024)	Prec@1 46.094 (56.131)	Prec@5 92.969 (93.028)
Epoch: [10][140/391], lr: 0.01000	Loss 1.4656 (1.3094)	Prec@1 47.656 (55.834)	Prec@5 93.750 (92.891)
Epoch: [10][150/391], lr: 0.01000	Loss 1.1847 (1.3070)	Prec@1 59.375 (55.929)	Prec@5 94.531 (92.896)
Epoch: [10][160/391], lr: 0.01000	Loss 1.3087 (1.3060)	Prec@1 60.938 (55.949)	Prec@5 90.625 (92.940)
Epoch: [10][170/391], lr: 0.01000	Loss 1.2637 (1.3064)	Prec@1 61.719 (56.090)	Prec@5 94.531 (92.900)
Epoch: [10][180/391], lr: 0.01000	Loss 1.3057 (1.3068)	Prec@1 58.594 (56.069)	Prec@5 91.406 (92.900)
Epoch: [10][190/391], lr: 0.01000	Loss 1.2802 (1.3068)	Prec@1 60.156 (56.078)	Prec@5 92.969 (92.920)
Epoch: [10][200/391], lr: 0.01000	Loss 1.3113 (1.3056)	Prec@1 55.469 (56.145)	Prec@5 91.406 (92.934)
Epoch: [10][210/391], lr: 0.01000	Loss 1.5056 (1.3059)	Prec@1 50.000 (56.094)	Prec@5 89.062 (92.995)
Epoch: [10][220/391], lr: 0.01000	Loss 1.2572 (1.3027)	Prec@1 58.594 (56.169)	Prec@5 92.188 (93.008)
Epoch: [10][230/391], lr: 0.01000	Loss 1.2733 (1.3002)	Prec@1 57.812 (56.250)	Prec@5 94.531 (93.060)
Epoch: [10][240/391], lr: 0.01000	Loss 1.4065 (1.2996)	Prec@1 47.656 (56.240)	Prec@5 89.062 (93.014)
Epoch: [10][250/391], lr: 0.01000	Loss 1.2061 (1.2960)	Prec@1 62.500 (56.403)	Prec@5 95.312 (93.047)
Epoch: [10][260/391], lr: 0.01000	Loss 1.2890 (1.2971)	Prec@1 60.156 (56.415)	Prec@5 93.750 (93.032)
Epoch: [10][270/391], lr: 0.01000	Loss 1.3555 (1.2997)	Prec@1 55.469 (56.362)	Prec@5 94.531 (92.937)
Epoch: [10][280/391], lr: 0.01000	Loss 1.3109 (1.2980)	Prec@1 54.688 (56.406)	Prec@5 92.969 (92.972)
Epoch: [10][290/391], lr: 0.01000	Loss 1.3950 (1.2988)	Prec@1 51.562 (56.355)	Prec@5 92.969 (92.950)
Epoch: [10][300/391], lr: 0.01000	Loss 1.0012 (1.2963)	Prec@1 65.625 (56.401)	Prec@5 94.531 (92.974)
Epoch: [10][310/391], lr: 0.01000	Loss 1.2133 (1.2953)	Prec@1 61.719 (56.464)	Prec@5 95.312 (92.984)
Epoch: [10][320/391], lr: 0.01000	Loss 1.2025 (1.2944)	Prec@1 59.375 (56.518)	Prec@5 96.875 (93.015)
Epoch: [10][330/391], lr: 0.01000	Loss 1.3420 (1.2937)	Prec@1 51.562 (56.559)	Prec@5 89.844 (93.011)
Epoch: [10][340/391], lr: 0.01000	Loss 1.2039 (1.2940)	Prec@1 57.812 (56.525)	Prec@5 90.625 (92.992)
Epoch: [10][350/391], lr: 0.01000	Loss 1.3211 (1.2933)	Prec@1 59.375 (56.566)	Prec@5 93.750 (93.007)
Epoch: [10][360/391], lr: 0.01000	Loss 1.3557 (1.2927)	Prec@1 48.438 (56.575)	Prec@5 93.750 (92.999)
Epoch: [10][370/391], lr: 0.01000	Loss 1.3146 (1.2919)	Prec@1 56.250 (56.555)	Prec@5 95.312 (93.047)
Epoch: [10][380/391], lr: 0.01000	Loss 1.2052 (1.2914)	Prec@1 61.719 (56.629)	Prec@5 93.750 (93.030)
Epoch: [10][390/391], lr: 0.01000	Loss 1.3157 (1.2906)	Prec@1 56.250 (56.664)	Prec@5 88.750 (93.028)
Epoch [10] Training Results: Prec@1 56.664 Prec@5 93.028             Loss 1.29064
Epoch [10] Training Class Recall: [0.505,0.677,0.504,0.480,0.526,0.484,0.559,0.571,0.648,0.713]

Epoch: [11][0/391], lr: 0.01000	Loss 1.2878 (1.2878)	Prec@1 60.156 (60.156)	Prec@5 93.750 (93.750)
Epoch: [11][10/391], lr: 0.01000	Loss 1.2814 (1.2112)	Prec@1 57.812 (59.659)	Prec@5 93.750 (94.247)
Epoch: [11][20/391], lr: 0.01000	Loss 1.0497 (1.1678)	Prec@1 61.719 (60.565)	Prec@5 96.875 (94.903)
Epoch: [11][30/391], lr: 0.01000	Loss 1.2177 (1.1856)	Prec@1 60.938 (59.904)	Prec@5 93.750 (94.355)
Epoch: [11][40/391], lr: 0.01000	Loss 1.2292 (1.1846)	Prec@1 62.500 (60.671)	Prec@5 92.969 (94.074)
Epoch: [11][50/391], lr: 0.01000	Loss 1.1519 (1.1752)	Prec@1 64.062 (60.983)	Prec@5 92.969 (94.271)
Epoch: [11][60/391], lr: 0.01000	Loss 1.3327 (1.1850)	Prec@1 55.469 (60.861)	Prec@5 94.531 (94.224)
Epoch: [11][70/391], lr: 0.01000	Loss 1.1726 (1.1743)	Prec@1 62.500 (60.982)	Prec@5 91.406 (94.289)
Epoch: [11][80/391], lr: 0.01000	Loss 1.2625 (1.1775)	Prec@1 59.375 (60.831)	Prec@5 92.188 (94.338)
Epoch: [11][90/391], lr: 0.01000	Loss 1.1677 (1.1825)	Prec@1 59.375 (60.628)	Prec@5 96.094 (94.265)
Epoch: [11][100/391], lr: 0.01000	Loss 1.1673 (1.1962)	Prec@1 56.250 (60.149)	Prec@5 92.188 (93.998)
Epoch: [11][110/391], lr: 0.01000	Loss 1.3059 (1.1961)	Prec@1 57.031 (60.100)	Prec@5 89.844 (93.947)
Epoch: [11][120/391], lr: 0.01000	Loss 1.0801 (1.1947)	Prec@1 61.719 (60.059)	Prec@5 94.531 (93.995)
Epoch: [11][130/391], lr: 0.01000	Loss 0.9571 (1.1926)	Prec@1 63.281 (60.085)	Prec@5 96.875 (94.054)
Epoch: [11][140/391], lr: 0.01000	Loss 1.3845 (1.1895)	Prec@1 57.812 (60.223)	Prec@5 87.500 (94.105)
Epoch: [11][150/391], lr: 0.01000	Loss 1.0705 (1.1879)	Prec@1 69.531 (60.317)	Prec@5 94.531 (94.081)
Epoch: [11][160/391], lr: 0.01000	Loss 1.0655 (1.1859)	Prec@1 63.281 (60.345)	Prec@5 96.094 (94.138)
Epoch: [11][170/391], lr: 0.01000	Loss 1.0540 (1.1862)	Prec@1 60.938 (60.325)	Prec@5 96.094 (94.120)
Epoch: [11][180/391], lr: 0.01000	Loss 1.0726 (1.1872)	Prec@1 63.281 (60.325)	Prec@5 96.875 (94.095)
Epoch: [11][190/391], lr: 0.01000	Loss 1.3140 (1.1891)	Prec@1 57.812 (60.263)	Prec@5 92.188 (94.085)
Epoch: [11][200/391], lr: 0.01000	Loss 1.3082 (1.1876)	Prec@1 61.719 (60.319)	Prec@5 91.406 (94.154)
Epoch: [11][210/391], lr: 0.01000	Loss 1.2205 (1.1865)	Prec@1 56.250 (60.382)	Prec@5 95.312 (94.165)
Epoch: [11][220/391], lr: 0.01000	Loss 1.1804 (1.1900)	Prec@1 54.688 (60.241)	Prec@5 95.312 (94.128)
Epoch: [11][230/391], lr: 0.01000	Loss 1.1686 (1.1878)	Prec@1 63.281 (60.342)	Prec@5 94.531 (94.142)
Epoch: [11][240/391], lr: 0.01000	Loss 1.0784 (1.1888)	Prec@1 64.062 (60.390)	Prec@5 94.531 (94.077)
Epoch: [11][250/391], lr: 0.01000	Loss 1.0526 (1.1891)	Prec@1 65.625 (60.418)	Prec@5 95.312 (94.071)
Epoch: [11][260/391], lr: 0.01000	Loss 1.3162 (1.1878)	Prec@1 56.250 (60.438)	Prec@5 93.750 (94.073)
Epoch: [11][270/391], lr: 0.01000	Loss 1.1512 (1.1863)	Prec@1 62.500 (60.453)	Prec@5 92.969 (94.090)
Epoch: [11][280/391], lr: 0.01000	Loss 1.0316 (1.1844)	Prec@1 60.938 (60.479)	Prec@5 97.656 (94.103)
Epoch: [11][290/391], lr: 0.01000	Loss 1.1542 (1.1859)	Prec@1 63.281 (60.444)	Prec@5 94.531 (94.099)
Epoch: [11][300/391], lr: 0.01000	Loss 1.1626 (1.1838)	Prec@1 53.906 (60.421)	Prec@5 94.531 (94.139)
Epoch: [11][310/391], lr: 0.01000	Loss 1.1613 (1.1848)	Prec@1 61.719 (60.433)	Prec@5 96.094 (94.124)
Epoch: [11][320/391], lr: 0.01000	Loss 1.1774 (1.1843)	Prec@1 64.062 (60.465)	Prec@5 92.188 (94.115)
Epoch: [11][330/391], lr: 0.01000	Loss 1.2662 (1.1852)	Prec@1 52.344 (60.383)	Prec@5 96.875 (94.128)
Epoch: [11][340/391], lr: 0.01000	Loss 1.3291 (1.1860)	Prec@1 56.250 (60.372)	Prec@5 91.406 (94.098)
Epoch: [11][350/391], lr: 0.01000	Loss 1.1370 (1.1857)	Prec@1 64.062 (60.410)	Prec@5 95.312 (94.111)
Epoch: [11][360/391], lr: 0.01000	Loss 1.2188 (1.1865)	Prec@1 53.125 (60.364)	Prec@5 98.438 (94.109)
Epoch: [11][370/391], lr: 0.01000	Loss 1.2484 (1.1877)	Prec@1 57.812 (60.287)	Prec@5 95.312 (94.110)
Epoch: [11][380/391], lr: 0.01000	Loss 1.1852 (1.1883)	Prec@1 61.719 (60.265)	Prec@5 96.094 (94.107)
Epoch: [11][390/391], lr: 0.01000	Loss 1.1662 (1.1876)	Prec@1 60.000 (60.292)	Prec@5 95.000 (94.118)
Epoch [11] Training Results: Prec@1 60.292 Prec@5 94.118             Loss 1.18764
Epoch [11] Training Class Recall: [0.522,0.680,0.519,0.507,0.559,0.536,0.608,0.621,0.715,0.763]

Epoch: [12][0/391], lr: 0.01000	Loss 1.1090 (1.1090)	Prec@1 66.406 (66.406)	Prec@5 96.094 (96.094)
Epoch: [12][10/391], lr: 0.01000	Loss 1.0426 (1.0943)	Prec@1 65.625 (63.636)	Prec@5 95.312 (94.886)
Epoch: [12][20/391], lr: 0.01000	Loss 1.0687 (1.1062)	Prec@1 70.312 (63.318)	Prec@5 91.406 (94.680)
Epoch: [12][30/391], lr: 0.01000	Loss 1.1233 (1.0986)	Prec@1 64.062 (63.508)	Prec@5 95.312 (94.783)
Epoch: [12][40/391], lr: 0.01000	Loss 1.1921 (1.1018)	Prec@1 59.375 (63.224)	Prec@5 95.312 (94.817)
Epoch: [12][50/391], lr: 0.01000	Loss 1.0592 (1.0894)	Prec@1 60.938 (63.695)	Prec@5 93.750 (94.838)
Epoch: [12][60/391], lr: 0.01000	Loss 0.9592 (1.0802)	Prec@1 69.531 (64.229)	Prec@5 95.312 (94.915)
Epoch: [12][70/391], lr: 0.01000	Loss 1.1615 (1.0762)	Prec@1 67.188 (64.437)	Prec@5 92.969 (94.927)
Epoch: [12][80/391], lr: 0.01000	Loss 1.0682 (1.0816)	Prec@1 64.062 (64.236)	Prec@5 92.969 (94.936)
Epoch: [12][90/391], lr: 0.01000	Loss 1.3480 (1.0897)	Prec@1 60.938 (64.045)	Prec@5 92.188 (94.875)
Epoch: [12][100/391], lr: 0.01000	Loss 1.2311 (1.0905)	Prec@1 57.031 (63.939)	Prec@5 92.969 (94.895)
Epoch: [12][110/391], lr: 0.01000	Loss 1.1204 (1.0929)	Prec@1 63.281 (63.802)	Prec@5 95.312 (94.869)
Epoch: [12][120/391], lr: 0.01000	Loss 1.2065 (1.0999)	Prec@1 59.375 (63.611)	Prec@5 96.094 (94.822)
Epoch: [12][130/391], lr: 0.01000	Loss 1.3100 (1.1019)	Prec@1 57.031 (63.454)	Prec@5 92.188 (94.758)
Epoch: [12][140/391], lr: 0.01000	Loss 1.0641 (1.0998)	Prec@1 67.188 (63.481)	Prec@5 96.875 (94.819)
Epoch: [12][150/391], lr: 0.01000	Loss 1.2329 (1.0999)	Prec@1 57.812 (63.390)	Prec@5 92.969 (94.800)
Epoch: [12][160/391], lr: 0.01000	Loss 1.1762 (1.1001)	Prec@1 60.156 (63.446)	Prec@5 93.750 (94.803)
Epoch: [12][170/391], lr: 0.01000	Loss 1.1045 (1.1031)	Prec@1 60.156 (63.309)	Prec@5 96.875 (94.810)
Epoch: [12][180/391], lr: 0.01000	Loss 1.0377 (1.1041)	Prec@1 65.625 (63.186)	Prec@5 94.531 (94.786)
Epoch: [12][190/391], lr: 0.01000	Loss 1.2154 (1.1056)	Prec@1 64.062 (63.118)	Prec@5 92.188 (94.797)
Epoch: [12][200/391], lr: 0.01000	Loss 1.1139 (1.1067)	Prec@1 59.375 (63.040)	Prec@5 96.875 (94.823)
Epoch: [12][210/391], lr: 0.01000	Loss 1.2045 (1.1099)	Prec@1 57.812 (62.881)	Prec@5 94.531 (94.820)
Epoch: [12][220/391], lr: 0.01000	Loss 0.9826 (1.1088)	Prec@1 67.969 (62.956)	Prec@5 96.094 (94.828)
Epoch: [12][230/391], lr: 0.01000	Loss 1.0502 (1.1060)	Prec@1 64.062 (63.055)	Prec@5 96.094 (94.866)
Epoch: [12][240/391], lr: 0.01000	Loss 1.1321 (1.1062)	Prec@1 60.156 (63.009)	Prec@5 97.656 (94.898)
Epoch: [12][250/391], lr: 0.01000	Loss 1.2158 (1.1074)	Prec@1 58.594 (62.939)	Prec@5 96.094 (94.905)
Epoch: [12][260/391], lr: 0.01000	Loss 1.0320 (1.1070)	Prec@1 66.406 (62.955)	Prec@5 95.312 (94.890)
Epoch: [12][270/391], lr: 0.01000	Loss 1.3247 (1.1074)	Prec@1 62.500 (62.981)	Prec@5 90.625 (94.863)
Epoch: [12][280/391], lr: 0.01000	Loss 1.0042 (1.1083)	Prec@1 64.844 (62.936)	Prec@5 94.531 (94.893)
Epoch: [12][290/391], lr: 0.01000	Loss 1.2074 (1.1102)	Prec@1 57.031 (62.889)	Prec@5 94.531 (94.840)
Epoch: [12][300/391], lr: 0.01000	Loss 0.9899 (1.1102)	Prec@1 71.094 (62.887)	Prec@5 91.406 (94.856)
Epoch: [12][310/391], lr: 0.01000	Loss 0.9600 (1.1093)	Prec@1 68.750 (62.962)	Prec@5 96.094 (94.865)
Epoch: [12][320/391], lr: 0.01000	Loss 1.2771 (1.1109)	Prec@1 59.375 (62.892)	Prec@5 90.625 (94.870)
Epoch: [12][330/391], lr: 0.01000	Loss 1.0516 (1.1121)	Prec@1 69.531 (62.863)	Prec@5 94.531 (94.840)
Epoch: [12][340/391], lr: 0.01000	Loss 0.9662 (1.1101)	Prec@1 60.938 (62.931)	Prec@5 100.000 (94.852)
Epoch: [12][350/391], lr: 0.01000	Loss 1.1093 (1.1101)	Prec@1 64.062 (62.912)	Prec@5 90.625 (94.865)
Epoch: [12][360/391], lr: 0.01000	Loss 0.9185 (1.1094)	Prec@1 71.094 (62.924)	Prec@5 96.875 (94.886)
Epoch: [12][370/391], lr: 0.01000	Loss 1.0559 (1.1102)	Prec@1 63.281 (62.881)	Prec@5 96.875 (94.902)
Epoch: [12][380/391], lr: 0.01000	Loss 1.1576 (1.1093)	Prec@1 60.938 (62.910)	Prec@5 96.094 (94.915)
Epoch: [12][390/391], lr: 0.01000	Loss 1.1634 (1.1072)	Prec@1 63.750 (63.002)	Prec@5 93.750 (94.932)
Epoch [12] Training Results: Prec@1 63.002 Prec@5 94.932             Loss 1.10720
Epoch [12] Training Class Recall: [0.525,0.692,0.540,0.538,0.583,0.563,0.652,0.669,0.749,0.790]

Epoch: [13][0/391], lr: 0.01000	Loss 1.1005 (1.1005)	Prec@1 62.500 (62.500)	Prec@5 97.656 (97.656)
Epoch: [13][10/391], lr: 0.01000	Loss 0.9412 (1.1117)	Prec@1 71.094 (63.423)	Prec@5 96.875 (95.384)
Epoch: [13][20/391], lr: 0.01000	Loss 0.9418 (1.0741)	Prec@1 69.531 (63.802)	Prec@5 96.094 (95.275)
Epoch: [13][30/391], lr: 0.01000	Loss 0.9823 (1.0934)	Prec@1 67.969 (63.155)	Prec@5 98.438 (95.237)
Epoch: [13][40/391], lr: 0.01000	Loss 0.9284 (1.0900)	Prec@1 68.750 (63.396)	Prec@5 96.094 (95.008)
Epoch: [13][50/391], lr: 0.01000	Loss 1.0907 (1.0877)	Prec@1 63.281 (63.664)	Prec@5 94.531 (94.945)
Epoch: [13][60/391], lr: 0.01000	Loss 0.9866 (1.0870)	Prec@1 67.969 (63.998)	Prec@5 96.875 (95.082)
Epoch: [13][70/391], lr: 0.01000	Loss 1.0239 (1.0848)	Prec@1 67.969 (63.798)	Prec@5 97.656 (95.125)
Epoch: [13][80/391], lr: 0.01000	Loss 0.9037 (1.0788)	Prec@1 67.188 (63.908)	Prec@5 96.875 (95.245)
Epoch: [13][90/391], lr: 0.01000	Loss 1.0540 (1.0748)	Prec@1 63.281 (64.011)	Prec@5 96.875 (95.398)
Epoch: [13][100/391], lr: 0.01000	Loss 1.0487 (1.0693)	Prec@1 60.156 (64.217)	Prec@5 96.875 (95.514)
Epoch: [13][110/391], lr: 0.01000	Loss 1.0538 (1.0640)	Prec@1 64.844 (64.344)	Prec@5 94.531 (95.608)
Epoch: [13][120/391], lr: 0.01000	Loss 1.0832 (1.0638)	Prec@1 60.938 (64.263)	Prec@5 95.312 (95.590)
Epoch: [13][130/391], lr: 0.01000	Loss 1.0647 (1.0656)	Prec@1 61.719 (64.200)	Prec@5 97.656 (95.575)
Epoch: [13][140/391], lr: 0.01000	Loss 1.0648 (1.0646)	Prec@1 67.969 (64.279)	Prec@5 96.875 (95.578)
Epoch: [13][150/391], lr: 0.01000	Loss 0.9763 (1.0648)	Prec@1 71.094 (64.394)	Prec@5 95.312 (95.530)
Epoch: [13][160/391], lr: 0.01000	Loss 1.0235 (1.0644)	Prec@1 68.750 (64.446)	Prec@5 91.406 (95.526)
Epoch: [13][170/391], lr: 0.01000	Loss 1.0744 (1.0626)	Prec@1 63.281 (64.437)	Prec@5 96.875 (95.596)
Epoch: [13][180/391], lr: 0.01000	Loss 1.0369 (1.0609)	Prec@1 66.406 (64.460)	Prec@5 94.531 (95.589)
Epoch: [13][190/391], lr: 0.01000	Loss 1.0915 (1.0597)	Prec@1 62.500 (64.517)	Prec@5 98.438 (95.578)
Epoch: [13][200/391], lr: 0.01000	Loss 1.1509 (1.0616)	Prec@1 62.500 (64.552)	Prec@5 93.750 (95.557)
Epoch: [13][210/391], lr: 0.01000	Loss 1.0664 (1.0630)	Prec@1 62.500 (64.485)	Prec@5 93.750 (95.505)
Epoch: [13][220/391], lr: 0.01000	Loss 0.8797 (1.0627)	Prec@1 67.969 (64.434)	Prec@5 97.656 (95.503)
Epoch: [13][230/391], lr: 0.01000	Loss 1.0455 (1.0640)	Prec@1 65.625 (64.418)	Prec@5 98.438 (95.471)
Epoch: [13][240/391], lr: 0.01000	Loss 1.2482 (1.0639)	Prec@1 58.594 (64.439)	Prec@5 93.750 (95.465)
Epoch: [13][250/391], lr: 0.01000	Loss 1.1635 (1.0621)	Prec@1 58.594 (64.467)	Prec@5 96.094 (95.481)
Epoch: [13][260/391], lr: 0.01000	Loss 0.9813 (1.0606)	Prec@1 62.500 (64.464)	Prec@5 98.438 (95.519)
Epoch: [13][270/391], lr: 0.01000	Loss 1.1368 (1.0610)	Prec@1 56.250 (64.388)	Prec@5 94.531 (95.534)
Epoch: [13][280/391], lr: 0.01000	Loss 1.1591 (1.0606)	Prec@1 58.594 (64.427)	Prec@5 94.531 (95.546)
Epoch: [13][290/391], lr: 0.01000	Loss 0.9169 (1.0604)	Prec@1 68.750 (64.409)	Prec@5 96.875 (95.527)
Epoch: [13][300/391], lr: 0.01000	Loss 1.2452 (1.0610)	Prec@1 62.500 (64.384)	Prec@5 90.625 (95.525)
Epoch: [13][310/391], lr: 0.01000	Loss 1.0954 (1.0602)	Prec@1 62.500 (64.399)	Prec@5 95.312 (95.549)
Epoch: [13][320/391], lr: 0.01000	Loss 1.0612 (1.0597)	Prec@1 67.969 (64.459)	Prec@5 96.875 (95.558)
Epoch: [13][330/391], lr: 0.01000	Loss 1.0133 (1.0581)	Prec@1 69.531 (64.527)	Prec@5 96.875 (95.563)
Epoch: [13][340/391], lr: 0.01000	Loss 1.1939 (1.0566)	Prec@1 55.469 (64.569)	Prec@5 94.531 (95.597)
Epoch: [13][350/391], lr: 0.01000	Loss 1.0680 (1.0566)	Prec@1 64.844 (64.579)	Prec@5 95.312 (95.609)
Epoch: [13][360/391], lr: 0.01000	Loss 0.8503 (1.0534)	Prec@1 72.656 (64.725)	Prec@5 97.656 (95.644)
Epoch: [13][370/391], lr: 0.01000	Loss 0.9251 (1.0516)	Prec@1 67.188 (64.821)	Prec@5 97.656 (95.643)
Epoch: [13][380/391], lr: 0.01000	Loss 1.0640 (1.0497)	Prec@1 63.281 (64.860)	Prec@5 94.531 (95.659)
Epoch: [13][390/391], lr: 0.01000	Loss 0.9170 (1.0505)	Prec@1 68.750 (64.844)	Prec@5 96.250 (95.650)
Epoch [13] Training Results: Prec@1 64.844 Prec@5 95.650             Loss 1.05053
Epoch [13] Training Class Recall: [0.527,0.681,0.557,0.560,0.607,0.587,0.688,0.692,0.780,0.806]

Epoch: [14][0/391], lr: 0.01000	Loss 0.9495 (0.9495)	Prec@1 65.625 (65.625)	Prec@5 96.875 (96.875)
Epoch: [14][10/391], lr: 0.01000	Loss 1.0667 (1.0578)	Prec@1 62.500 (65.057)	Prec@5 96.094 (95.668)
Epoch: [14][20/391], lr: 0.01000	Loss 0.9031 (1.0161)	Prec@1 66.406 (66.406)	Prec@5 98.438 (95.982)
Epoch: [14][30/391], lr: 0.01000	Loss 0.9936 (1.0268)	Prec@1 67.969 (65.953)	Prec@5 94.531 (95.892)
Epoch: [14][40/391], lr: 0.01000	Loss 1.0100 (1.0329)	Prec@1 69.531 (65.796)	Prec@5 93.750 (95.732)
Epoch: [14][50/391], lr: 0.01000	Loss 1.0132 (1.0180)	Prec@1 66.406 (66.376)	Prec@5 96.875 (95.864)
Epoch: [14][60/391], lr: 0.01000	Loss 0.9014 (1.0124)	Prec@1 68.750 (66.342)	Prec@5 98.438 (96.158)
Epoch: [14][70/391], lr: 0.01000	Loss 0.9137 (1.0092)	Prec@1 68.750 (66.384)	Prec@5 98.438 (96.171)
Epoch: [14][80/391], lr: 0.01000	Loss 0.9770 (1.0075)	Prec@1 65.625 (66.483)	Prec@5 96.875 (96.113)
Epoch: [14][90/391], lr: 0.01000	Loss 0.7476 (1.0005)	Prec@1 68.750 (66.698)	Prec@5 99.219 (96.162)
Epoch: [14][100/391], lr: 0.01000	Loss 1.0295 (1.0004)	Prec@1 65.625 (66.754)	Prec@5 94.531 (96.117)
Epoch: [14][110/391], lr: 0.01000	Loss 0.9768 (1.0031)	Prec@1 62.500 (66.674)	Prec@5 96.875 (96.080)
Epoch: [14][120/391], lr: 0.01000	Loss 0.9558 (1.0016)	Prec@1 67.969 (66.826)	Prec@5 96.094 (96.074)
Epoch: [14][130/391], lr: 0.01000	Loss 0.9486 (1.0065)	Prec@1 66.406 (66.496)	Prec@5 99.219 (96.046)
Epoch: [14][140/391], lr: 0.01000	Loss 1.0436 (1.0061)	Prec@1 64.844 (66.512)	Prec@5 96.875 (96.072)
Epoch: [14][150/391], lr: 0.01000	Loss 0.9657 (1.0021)	Prec@1 66.406 (66.665)	Prec@5 96.875 (96.094)
Epoch: [14][160/391], lr: 0.01000	Loss 1.0238 (1.0023)	Prec@1 67.188 (66.644)	Prec@5 93.750 (96.094)
Epoch: [14][170/391], lr: 0.01000	Loss 0.8897 (1.0001)	Prec@1 69.531 (66.671)	Prec@5 96.094 (96.149)
Epoch: [14][180/391], lr: 0.01000	Loss 0.8791 (0.9998)	Prec@1 71.094 (66.670)	Prec@5 97.656 (96.184)
Epoch: [14][190/391], lr: 0.01000	Loss 0.9501 (0.9965)	Prec@1 70.312 (66.819)	Prec@5 96.094 (96.200)
Epoch: [14][200/391], lr: 0.01000	Loss 0.8454 (0.9968)	Prec@1 71.094 (66.842)	Prec@5 96.875 (96.164)
Epoch: [14][210/391], lr: 0.01000	Loss 1.1931 (0.9976)	Prec@1 58.594 (66.802)	Prec@5 95.312 (96.142)
Epoch: [14][220/391], lr: 0.01000	Loss 1.0514 (0.9954)	Prec@1 64.062 (66.816)	Prec@5 100.000 (96.196)
Epoch: [14][230/391], lr: 0.01000	Loss 0.9308 (0.9941)	Prec@1 68.750 (66.856)	Prec@5 94.531 (96.199)
Epoch: [14][240/391], lr: 0.01000	Loss 0.9520 (0.9927)	Prec@1 68.750 (66.905)	Prec@5 96.094 (96.227)
Epoch: [14][250/391], lr: 0.01000	Loss 1.1510 (0.9928)	Prec@1 60.156 (66.826)	Prec@5 96.094 (96.234)
Epoch: [14][260/391], lr: 0.01000	Loss 1.2570 (0.9945)	Prec@1 55.469 (66.739)	Prec@5 93.750 (96.210)
Epoch: [14][270/391], lr: 0.01000	Loss 1.1089 (0.9942)	Prec@1 58.594 (66.709)	Prec@5 95.312 (96.198)
Epoch: [14][280/391], lr: 0.01000	Loss 0.8392 (0.9926)	Prec@1 74.219 (66.795)	Prec@5 95.312 (96.202)
Epoch: [14][290/391], lr: 0.01000	Loss 0.9903 (0.9924)	Prec@1 66.406 (66.790)	Prec@5 96.094 (96.182)
Epoch: [14][300/391], lr: 0.01000	Loss 0.9361 (0.9920)	Prec@1 71.875 (66.837)	Prec@5 96.094 (96.177)
Epoch: [14][310/391], lr: 0.01000	Loss 1.0512 (0.9923)	Prec@1 68.750 (66.846)	Prec@5 93.750 (96.172)
Epoch: [14][320/391], lr: 0.01000	Loss 1.0019 (0.9918)	Prec@1 64.844 (66.874)	Prec@5 98.438 (96.172)
Epoch: [14][330/391], lr: 0.01000	Loss 1.0151 (0.9910)	Prec@1 67.969 (66.902)	Prec@5 95.312 (96.162)
Epoch: [14][340/391], lr: 0.01000	Loss 0.8726 (0.9899)	Prec@1 72.656 (66.949)	Prec@5 93.750 (96.151)
Epoch: [14][350/391], lr: 0.01000	Loss 0.9527 (0.9899)	Prec@1 70.312 (66.972)	Prec@5 94.531 (96.156)
Epoch: [14][360/391], lr: 0.01000	Loss 0.8100 (0.9881)	Prec@1 75.781 (67.053)	Prec@5 97.656 (96.189)
Epoch: [14][370/391], lr: 0.01000	Loss 0.8453 (0.9885)	Prec@1 67.969 (67.011)	Prec@5 100.000 (96.207)
Epoch: [14][380/391], lr: 0.01000	Loss 0.9142 (0.9897)	Prec@1 69.531 (66.974)	Prec@5 97.656 (96.202)
Epoch: [14][390/391], lr: 0.01000	Loss 0.8985 (0.9905)	Prec@1 67.500 (66.954)	Prec@5 100.000 (96.196)
Epoch [14] Training Results: Prec@1 66.954 Prec@5 96.196             Loss 0.99047
Epoch [14] Training Class Recall: [0.541,0.700,0.575,0.570,0.626,0.632,0.710,0.723,0.783,0.835]

Epoch: [15][0/391], lr: 0.01000	Loss 0.9101 (0.9101)	Prec@1 68.750 (68.750)	Prec@5 93.750 (93.750)
Epoch: [15][10/391], lr: 0.01000	Loss 1.0081 (0.9497)	Prec@1 63.281 (67.969)	Prec@5 98.438 (96.946)
Epoch: [15][20/391], lr: 0.01000	Loss 1.0292 (0.9469)	Prec@1 61.719 (68.266)	Prec@5 95.312 (96.429)
Epoch: [15][30/391], lr: 0.01000	Loss 1.0057 (0.9330)	Prec@1 67.969 (68.901)	Prec@5 94.531 (96.623)
Epoch: [15][40/391], lr: 0.01000	Loss 0.8211 (0.9380)	Prec@1 74.219 (69.036)	Prec@5 96.875 (96.456)
Epoch: [15][50/391], lr: 0.01000	Loss 0.9952 (0.9317)	Prec@1 64.062 (69.041)	Prec@5 96.094 (96.630)
Epoch: [15][60/391], lr: 0.01000	Loss 0.8997 (0.9262)	Prec@1 64.844 (69.211)	Prec@5 99.219 (96.670)
Epoch: [15][70/391], lr: 0.01000	Loss 0.9123 (0.9203)	Prec@1 67.969 (69.135)	Prec@5 96.094 (96.688)
Epoch: [15][80/391], lr: 0.01000	Loss 1.0982 (0.9239)	Prec@1 68.750 (69.145)	Prec@5 92.188 (96.557)
Epoch: [15][90/391], lr: 0.01000	Loss 0.8849 (0.9209)	Prec@1 71.094 (69.222)	Prec@5 97.656 (96.600)
Epoch: [15][100/391], lr: 0.01000	Loss 1.0395 (0.9234)	Prec@1 58.594 (69.075)	Prec@5 97.656 (96.612)
Epoch: [15][110/391], lr: 0.01000	Loss 0.9674 (0.9246)	Prec@1 66.406 (69.123)	Prec@5 97.656 (96.586)
Epoch: [15][120/391], lr: 0.01000	Loss 1.1314 (0.9272)	Prec@1 64.062 (68.911)	Prec@5 96.094 (96.584)
Epoch: [15][130/391], lr: 0.01000	Loss 0.8608 (0.9307)	Prec@1 75.000 (68.756)	Prec@5 99.219 (96.589)
Epoch: [15][140/391], lr: 0.01000	Loss 0.9485 (0.9345)	Prec@1 71.875 (68.684)	Prec@5 96.875 (96.565)
Epoch: [15][150/391], lr: 0.01000	Loss 1.0557 (0.9367)	Prec@1 60.938 (68.579)	Prec@5 96.094 (96.585)
Epoch: [15][160/391], lr: 0.01000	Loss 1.1556 (0.9362)	Prec@1 66.406 (68.604)	Prec@5 93.750 (96.598)
Epoch: [15][170/391], lr: 0.01000	Loss 0.8427 (0.9346)	Prec@1 71.875 (68.654)	Prec@5 97.656 (96.619)
Epoch: [15][180/391], lr: 0.01000	Loss 0.8675 (0.9334)	Prec@1 71.094 (68.690)	Prec@5 98.438 (96.685)
Epoch: [15][190/391], lr: 0.01000	Loss 0.9492 (0.9321)	Prec@1 71.875 (68.775)	Prec@5 94.531 (96.670)
Epoch: [15][200/391], lr: 0.01000	Loss 0.9841 (0.9314)	Prec@1 69.531 (68.836)	Prec@5 95.312 (96.696)
Epoch: [15][210/391], lr: 0.01000	Loss 0.8708 (0.9332)	Prec@1 69.531 (68.735)	Prec@5 97.656 (96.686)
Epoch: [15][220/391], lr: 0.01000	Loss 1.0173 (0.9327)	Prec@1 67.188 (68.736)	Prec@5 93.750 (96.691)
Epoch: [15][230/391], lr: 0.01000	Loss 0.9019 (0.9289)	Prec@1 75.000 (68.943)	Prec@5 96.875 (96.682)
Epoch: [15][240/391], lr: 0.01000	Loss 0.9511 (0.9278)	Prec@1 66.406 (68.948)	Prec@5 97.656 (96.706)
Epoch: [15][250/391], lr: 0.01000	Loss 0.8161 (0.9262)	Prec@1 72.656 (68.946)	Prec@5 98.438 (96.741)
Epoch: [15][260/391], lr: 0.01000	Loss 0.8125 (0.9252)	Prec@1 70.312 (68.974)	Prec@5 96.875 (96.725)
Epoch: [15][270/391], lr: 0.01000	Loss 0.9540 (0.9275)	Prec@1 67.969 (68.903)	Prec@5 97.656 (96.702)
Epoch: [15][280/391], lr: 0.01000	Loss 0.8447 (0.9261)	Prec@1 72.656 (68.931)	Prec@5 98.438 (96.750)
Epoch: [15][290/391], lr: 0.01000	Loss 0.8552 (0.9261)	Prec@1 70.312 (68.933)	Prec@5 96.875 (96.762)
Epoch: [15][300/391], lr: 0.01000	Loss 1.1321 (0.9252)	Prec@1 63.281 (68.976)	Prec@5 96.875 (96.771)
Epoch: [15][310/391], lr: 0.01000	Loss 0.8547 (0.9237)	Prec@1 71.094 (69.016)	Prec@5 98.438 (96.777)
Epoch: [15][320/391], lr: 0.01000	Loss 0.9620 (0.9239)	Prec@1 67.969 (69.006)	Prec@5 96.094 (96.753)
Epoch: [15][330/391], lr: 0.01000	Loss 0.8789 (0.9238)	Prec@1 68.750 (69.000)	Prec@5 97.656 (96.762)
Epoch: [15][340/391], lr: 0.01000	Loss 0.8719 (0.9234)	Prec@1 74.219 (69.039)	Prec@5 96.094 (96.767)
Epoch: [15][350/391], lr: 0.01000	Loss 0.8817 (0.9228)	Prec@1 75.781 (69.062)	Prec@5 96.875 (96.793)
Epoch: [15][360/391], lr: 0.01000	Loss 0.8618 (0.9228)	Prec@1 67.188 (69.029)	Prec@5 96.875 (96.782)
Epoch: [15][370/391], lr: 0.01000	Loss 1.0178 (0.9215)	Prec@1 67.188 (69.057)	Prec@5 96.094 (96.799)
Epoch: [15][380/391], lr: 0.01000	Loss 1.1561 (0.9225)	Prec@1 63.281 (69.021)	Prec@5 94.531 (96.787)
Epoch: [15][390/391], lr: 0.01000	Loss 1.1157 (0.9224)	Prec@1 63.750 (69.030)	Prec@5 93.750 (96.788)
Epoch [15] Training Results: Prec@1 69.030 Prec@5 96.788             Loss 0.92238
Epoch [15] Training Class Recall: [0.544,0.701,0.595,0.598,0.647,0.657,0.741,0.751,0.821,0.847]

Epoch: [16][0/391], lr: 0.01000	Loss 0.9315 (0.9315)	Prec@1 71.875 (71.875)	Prec@5 97.656 (97.656)
Epoch: [16][10/391], lr: 0.01000	Loss 0.9157 (0.9089)	Prec@1 70.312 (69.673)	Prec@5 97.656 (97.372)
Epoch: [16][20/391], lr: 0.01000	Loss 0.7807 (0.8759)	Prec@1 73.438 (70.126)	Prec@5 97.656 (97.396)
Epoch: [16][30/391], lr: 0.01000	Loss 0.9051 (0.8715)	Prec@1 69.531 (70.691)	Prec@5 96.094 (97.152)
Epoch: [16][40/391], lr: 0.01000	Loss 1.0223 (0.8774)	Prec@1 67.969 (70.617)	Prec@5 97.656 (97.066)
Epoch: [16][50/391], lr: 0.01000	Loss 0.9007 (0.8734)	Prec@1 69.531 (70.619)	Prec@5 99.219 (97.181)
Epoch: [16][60/391], lr: 0.01000	Loss 0.9167 (0.8716)	Prec@1 69.531 (70.799)	Prec@5 96.094 (97.170)
Epoch: [16][70/391], lr: 0.01000	Loss 0.7857 (0.8713)	Prec@1 75.000 (70.632)	Prec@5 96.094 (97.128)
Epoch: [16][80/391], lr: 0.01000	Loss 1.2080 (0.8731)	Prec@1 64.844 (70.640)	Prec@5 92.188 (97.078)
Epoch: [16][90/391], lr: 0.01000	Loss 0.8850 (0.8639)	Prec@1 71.094 (71.059)	Prec@5 98.438 (97.133)
Epoch: [16][100/391], lr: 0.01000	Loss 0.7656 (0.8635)	Prec@1 72.656 (71.032)	Prec@5 99.219 (97.177)
Epoch: [16][110/391], lr: 0.01000	Loss 0.7285 (0.8669)	Prec@1 75.000 (70.890)	Prec@5 98.438 (97.206)
Epoch: [16][120/391], lr: 0.01000	Loss 0.9219 (0.8713)	Prec@1 64.844 (70.739)	Prec@5 97.656 (97.178)
Epoch: [16][130/391], lr: 0.01000	Loss 0.8842 (0.8730)	Prec@1 68.750 (70.694)	Prec@5 96.875 (97.143)
Epoch: [16][140/391], lr: 0.01000	Loss 0.9369 (0.8730)	Prec@1 71.094 (70.734)	Prec@5 96.094 (97.097)
Epoch: [16][150/391], lr: 0.01000	Loss 0.8907 (0.8742)	Prec@1 74.219 (70.659)	Prec@5 96.875 (97.129)
Epoch: [16][160/391], lr: 0.01000	Loss 0.7989 (0.8757)	Prec@1 71.094 (70.575)	Prec@5 98.438 (97.156)
Epoch: [16][170/391], lr: 0.01000	Loss 1.0588 (0.8794)	Prec@1 64.062 (70.459)	Prec@5 94.531 (97.140)
Epoch: [16][180/391], lr: 0.01000	Loss 0.9870 (0.8799)	Prec@1 66.406 (70.403)	Prec@5 96.094 (97.173)
Epoch: [16][190/391], lr: 0.01000	Loss 0.9110 (0.8792)	Prec@1 67.188 (70.464)	Prec@5 98.438 (97.129)
Epoch: [16][200/391], lr: 0.01000	Loss 1.0127 (0.8801)	Prec@1 67.969 (70.402)	Prec@5 93.750 (97.085)
Epoch: [16][210/391], lr: 0.01000	Loss 0.7721 (0.8807)	Prec@1 73.438 (70.357)	Prec@5 97.656 (97.060)
Epoch: [16][220/391], lr: 0.01000	Loss 1.0275 (0.8803)	Prec@1 68.750 (70.401)	Prec@5 96.875 (97.069)
Epoch: [16][230/391], lr: 0.01000	Loss 0.9651 (0.8798)	Prec@1 67.188 (70.448)	Prec@5 96.875 (97.044)
Epoch: [16][240/391], lr: 0.01000	Loss 0.7891 (0.8766)	Prec@1 71.094 (70.543)	Prec@5 99.219 (97.092)
Epoch: [16][250/391], lr: 0.01000	Loss 0.8948 (0.8760)	Prec@1 71.875 (70.596)	Prec@5 96.875 (97.096)
Epoch: [16][260/391], lr: 0.01000	Loss 0.8150 (0.8765)	Prec@1 71.094 (70.546)	Prec@5 96.875 (97.094)
Epoch: [16][270/391], lr: 0.01000	Loss 0.9547 (0.8769)	Prec@1 70.312 (70.494)	Prec@5 95.312 (97.088)
Epoch: [16][280/391], lr: 0.01000	Loss 0.9644 (0.8794)	Prec@1 67.188 (70.413)	Prec@5 93.750 (97.078)
Epoch: [16][290/391], lr: 0.01000	Loss 0.9658 (0.8810)	Prec@1 65.625 (70.369)	Prec@5 95.312 (97.063)
Epoch: [16][300/391], lr: 0.01000	Loss 0.9724 (0.8824)	Prec@1 69.531 (70.315)	Prec@5 93.750 (97.077)
Epoch: [16][310/391], lr: 0.01000	Loss 0.9834 (0.8826)	Prec@1 60.938 (70.287)	Prec@5 97.656 (97.081)
Epoch: [16][320/391], lr: 0.01000	Loss 0.8542 (0.8837)	Prec@1 71.094 (70.249)	Prec@5 96.094 (97.067)
Epoch: [16][330/391], lr: 0.01000	Loss 0.9478 (0.8842)	Prec@1 67.969 (70.298)	Prec@5 96.875 (97.057)
Epoch: [16][340/391], lr: 0.01000	Loss 1.0062 (0.8820)	Prec@1 61.719 (70.342)	Prec@5 97.656 (97.074)
Epoch: [16][350/391], lr: 0.01000	Loss 0.7403 (0.8825)	Prec@1 75.000 (70.312)	Prec@5 97.656 (97.075)
Epoch: [16][360/391], lr: 0.01000	Loss 0.6412 (0.8820)	Prec@1 78.125 (70.323)	Prec@5 99.219 (97.081)
Epoch: [16][370/391], lr: 0.01000	Loss 0.9104 (0.8826)	Prec@1 67.969 (70.331)	Prec@5 95.312 (97.062)
Epoch: [16][380/391], lr: 0.01000	Loss 0.8650 (0.8834)	Prec@1 73.438 (70.302)	Prec@5 99.219 (97.080)
Epoch: [16][390/391], lr: 0.01000	Loss 0.9786 (0.8835)	Prec@1 67.500 (70.304)	Prec@5 98.750 (97.086)
Epoch [16] Training Results: Prec@1 70.304 Prec@5 97.086             Loss 0.88350
Epoch [16] Training Class Recall: [0.552,0.714,0.599,0.607,0.659,0.689,0.755,0.773,0.826,0.856]

Epoch: [17][0/391], lr: 0.01000	Loss 0.7564 (0.7564)	Prec@1 75.000 (75.000)	Prec@5 97.656 (97.656)
Epoch: [17][10/391], lr: 0.01000	Loss 0.9644 (0.8517)	Prec@1 71.875 (71.591)	Prec@5 94.531 (97.301)
Epoch: [17][20/391], lr: 0.01000	Loss 0.7159 (0.8288)	Prec@1 81.250 (73.065)	Prec@5 96.875 (97.359)
Epoch: [17][30/391], lr: 0.01000	Loss 0.9013 (0.8341)	Prec@1 69.531 (72.480)	Prec@5 96.094 (97.278)
Epoch: [17][40/391], lr: 0.01000	Loss 0.6697 (0.8461)	Prec@1 78.125 (72.237)	Prec@5 99.219 (96.970)
Epoch: [17][50/391], lr: 0.01000	Loss 0.7191 (0.8417)	Prec@1 75.000 (72.319)	Prec@5 98.438 (97.135)
Epoch: [17][60/391], lr: 0.01000	Loss 0.7591 (0.8450)	Prec@1 75.781 (72.272)	Prec@5 96.875 (97.144)
Epoch: [17][70/391], lr: 0.01000	Loss 0.7128 (0.8398)	Prec@1 76.562 (72.260)	Prec@5 98.438 (97.249)
Epoch: [17][80/391], lr: 0.01000	Loss 0.6774 (0.8305)	Prec@1 80.469 (72.618)	Prec@5 97.656 (97.290)
Epoch: [17][90/391], lr: 0.01000	Loss 0.7724 (0.8287)	Prec@1 72.656 (72.656)	Prec@5 97.656 (97.373)
Epoch: [17][100/391], lr: 0.01000	Loss 0.6986 (0.8299)	Prec@1 82.812 (72.718)	Prec@5 97.656 (97.362)
Epoch: [17][110/391], lr: 0.01000	Loss 0.8529 (0.8292)	Prec@1 71.875 (72.706)	Prec@5 96.875 (97.375)
Epoch: [17][120/391], lr: 0.01000	Loss 0.8241 (0.8269)	Prec@1 73.438 (72.805)	Prec@5 97.656 (97.398)
Epoch: [17][130/391], lr: 0.01000	Loss 0.6742 (0.8220)	Prec@1 75.000 (72.960)	Prec@5 98.438 (97.436)
Epoch: [17][140/391], lr: 0.01000	Loss 0.9705 (0.8181)	Prec@1 73.438 (73.016)	Prec@5 96.875 (97.473)
Epoch: [17][150/391], lr: 0.01000	Loss 0.8793 (0.8251)	Prec@1 71.875 (72.796)	Prec@5 97.656 (97.475)
Epoch: [17][160/391], lr: 0.01000	Loss 0.9710 (0.8288)	Prec@1 63.281 (72.569)	Prec@5 96.094 (97.423)
Epoch: [17][170/391], lr: 0.01000	Loss 0.8347 (0.8323)	Prec@1 73.438 (72.414)	Prec@5 98.438 (97.460)
Epoch: [17][180/391], lr: 0.01000	Loss 0.8690 (0.8374)	Prec@1 71.875 (72.272)	Prec@5 96.094 (97.432)
Epoch: [17][190/391], lr: 0.01000	Loss 0.7740 (0.8374)	Prec@1 71.875 (72.284)	Prec@5 97.656 (97.427)
Epoch: [17][200/391], lr: 0.01000	Loss 0.7724 (0.8362)	Prec@1 75.781 (72.279)	Prec@5 99.219 (97.439)
Epoch: [17][210/391], lr: 0.01000	Loss 0.9864 (0.8393)	Prec@1 67.969 (72.168)	Prec@5 96.094 (97.419)
Epoch: [17][220/391], lr: 0.01000	Loss 0.7781 (0.8390)	Prec@1 71.875 (72.214)	Prec@5 98.438 (97.409)
Epoch: [17][230/391], lr: 0.01000	Loss 0.6338 (0.8384)	Prec@1 78.125 (72.206)	Prec@5 98.438 (97.420)
Epoch: [17][240/391], lr: 0.01000	Loss 0.8908 (0.8370)	Prec@1 67.188 (72.199)	Prec@5 96.875 (97.439)
Epoch: [17][250/391], lr: 0.01000	Loss 1.0237 (0.8362)	Prec@1 66.406 (72.239)	Prec@5 93.750 (97.445)
Epoch: [17][260/391], lr: 0.01000	Loss 0.8741 (0.8342)	Prec@1 71.094 (72.288)	Prec@5 96.094 (97.486)
Epoch: [17][270/391], lr: 0.01000	Loss 0.8962 (0.8345)	Prec@1 67.969 (72.258)	Prec@5 96.875 (97.495)
Epoch: [17][280/391], lr: 0.01000	Loss 0.6251 (0.8343)	Prec@1 78.125 (72.275)	Prec@5 98.438 (97.498)
Epoch: [17][290/391], lr: 0.01000	Loss 0.8391 (0.8351)	Prec@1 70.312 (72.208)	Prec@5 96.094 (97.509)
Epoch: [17][300/391], lr: 0.01000	Loss 0.9035 (0.8362)	Prec@1 67.969 (72.158)	Prec@5 97.656 (97.501)
Epoch: [17][310/391], lr: 0.01000	Loss 0.7732 (0.8360)	Prec@1 79.688 (72.179)	Prec@5 95.312 (97.488)
Epoch: [17][320/391], lr: 0.01000	Loss 0.9098 (0.8373)	Prec@1 71.094 (72.128)	Prec@5 98.438 (97.481)
Epoch: [17][330/391], lr: 0.01000	Loss 0.7359 (0.8362)	Prec@1 72.656 (72.201)	Prec@5 97.656 (97.505)
Epoch: [17][340/391], lr: 0.01000	Loss 0.6965 (0.8350)	Prec@1 78.906 (72.221)	Prec@5 99.219 (97.514)
Epoch: [17][350/391], lr: 0.01000	Loss 0.7443 (0.8351)	Prec@1 65.625 (72.193)	Prec@5 100.000 (97.503)
Epoch: [17][360/391], lr: 0.01000	Loss 0.8664 (0.8343)	Prec@1 71.875 (72.210)	Prec@5 98.438 (97.518)
Epoch: [17][370/391], lr: 0.01000	Loss 0.8072 (0.8317)	Prec@1 72.656 (72.258)	Prec@5 98.438 (97.536)
Epoch: [17][380/391], lr: 0.01000	Loss 0.8391 (0.8310)	Prec@1 70.312 (72.271)	Prec@5 97.656 (97.541)
Epoch: [17][390/391], lr: 0.01000	Loss 1.0069 (0.8305)	Prec@1 68.750 (72.294)	Prec@5 98.750 (97.556)
Epoch [17] Training Results: Prec@1 72.294 Prec@5 97.556             Loss 0.83050
Epoch [17] Training Class Recall: [0.563,0.715,0.616,0.639,0.689,0.715,0.774,0.798,0.854,0.867]

Epoch: [18][0/391], lr: 0.01000	Loss 0.7661 (0.7661)	Prec@1 75.781 (75.781)	Prec@5 97.656 (97.656)
Epoch: [18][10/391], lr: 0.01000	Loss 0.8041 (0.8927)	Prec@1 71.875 (70.668)	Prec@5 97.656 (96.591)
Epoch: [18][20/391], lr: 0.01000	Loss 0.7316 (0.8861)	Prec@1 75.781 (71.205)	Prec@5 97.656 (96.615)
Epoch: [18][30/391], lr: 0.01000	Loss 0.8535 (0.8724)	Prec@1 72.656 (71.497)	Prec@5 97.656 (96.900)
Epoch: [18][40/391], lr: 0.01000	Loss 0.7972 (0.8576)	Prec@1 71.875 (71.856)	Prec@5 99.219 (97.123)
Epoch: [18][50/391], lr: 0.01000	Loss 0.7669 (0.8375)	Prec@1 71.094 (72.610)	Prec@5 98.438 (97.197)
Epoch: [18][60/391], lr: 0.01000	Loss 0.7845 (0.8264)	Prec@1 70.312 (72.900)	Prec@5 99.219 (97.310)
Epoch: [18][70/391], lr: 0.01000	Loss 0.8823 (0.8157)	Prec@1 71.875 (73.173)	Prec@5 96.875 (97.425)
Epoch: [18][80/391], lr: 0.01000	Loss 0.9191 (0.8137)	Prec@1 71.094 (73.081)	Prec@5 92.969 (97.425)
Epoch: [18][90/391], lr: 0.01000	Loss 0.6036 (0.8042)	Prec@1 81.250 (73.369)	Prec@5 99.219 (97.485)
Epoch: [18][100/391], lr: 0.01000	Loss 1.0792 (0.8054)	Prec@1 70.312 (73.368)	Prec@5 95.312 (97.502)
Epoch: [18][110/391], lr: 0.01000	Loss 0.7867 (0.8061)	Prec@1 69.531 (73.318)	Prec@5 99.219 (97.537)
Epoch: [18][120/391], lr: 0.01000	Loss 0.6716 (0.8023)	Prec@1 78.906 (73.366)	Prec@5 99.219 (97.572)
Epoch: [18][130/391], lr: 0.01000	Loss 0.7587 (0.8042)	Prec@1 74.219 (73.390)	Prec@5 98.438 (97.573)
Epoch: [18][140/391], lr: 0.01000	Loss 0.7431 (0.8031)	Prec@1 71.875 (73.404)	Prec@5 98.438 (97.545)
Epoch: [18][150/391], lr: 0.01000	Loss 0.7580 (0.8015)	Prec@1 73.438 (73.417)	Prec@5 96.875 (97.558)
Epoch: [18][160/391], lr: 0.01000	Loss 0.7958 (0.8006)	Prec@1 71.875 (73.404)	Prec@5 96.875 (97.569)
Epoch: [18][170/391], lr: 0.01000	Loss 0.7920 (0.7981)	Prec@1 75.781 (73.506)	Prec@5 97.656 (97.606)
Epoch: [18][180/391], lr: 0.01000	Loss 0.7075 (0.7977)	Prec@1 78.125 (73.567)	Prec@5 96.094 (97.583)
Epoch: [18][190/391], lr: 0.01000	Loss 0.6935 (0.7950)	Prec@1 71.875 (73.646)	Prec@5 97.656 (97.583)
Epoch: [18][200/391], lr: 0.01000	Loss 0.9527 (0.7945)	Prec@1 67.188 (73.616)	Prec@5 96.875 (97.594)
Epoch: [18][210/391], lr: 0.01000	Loss 0.7599 (0.7945)	Prec@1 74.219 (73.623)	Prec@5 96.875 (97.619)
Epoch: [18][220/391], lr: 0.01000	Loss 0.9263 (0.8003)	Prec@1 64.062 (73.388)	Prec@5 96.875 (97.614)
Epoch: [18][230/391], lr: 0.01000	Loss 1.0143 (0.8015)	Prec@1 68.750 (73.336)	Prec@5 93.750 (97.612)
Epoch: [18][240/391], lr: 0.01000	Loss 1.0548 (0.8050)	Prec@1 66.406 (73.220)	Prec@5 97.656 (97.614)
Epoch: [18][250/391], lr: 0.01000	Loss 0.9181 (0.8040)	Prec@1 71.094 (73.207)	Prec@5 96.875 (97.634)
Epoch: [18][260/391], lr: 0.01000	Loss 0.8176 (0.8044)	Prec@1 73.438 (73.168)	Prec@5 97.656 (97.662)
Epoch: [18][270/391], lr: 0.01000	Loss 1.0304 (0.8034)	Prec@1 67.969 (73.190)	Prec@5 97.656 (97.671)
Epoch: [18][280/391], lr: 0.01000	Loss 0.7842 (0.8027)	Prec@1 75.000 (73.168)	Prec@5 97.656 (97.690)
Epoch: [18][290/391], lr: 0.01000	Loss 0.7078 (0.8026)	Prec@1 76.562 (73.166)	Prec@5 96.875 (97.697)
Epoch: [18][300/391], lr: 0.01000	Loss 0.8515 (0.8035)	Prec@1 71.875 (73.149)	Prec@5 97.656 (97.687)
Epoch: [18][310/391], lr: 0.01000	Loss 0.9740 (0.8032)	Prec@1 71.094 (73.196)	Prec@5 96.094 (97.684)
Epoch: [18][320/391], lr: 0.01000	Loss 0.7923 (0.8021)	Prec@1 75.000 (73.216)	Prec@5 96.875 (97.685)
Epoch: [18][330/391], lr: 0.01000	Loss 0.8170 (0.8025)	Prec@1 65.625 (73.173)	Prec@5 98.438 (97.701)
Epoch: [18][340/391], lr: 0.01000	Loss 0.8768 (0.8021)	Prec@1 71.875 (73.181)	Prec@5 96.094 (97.702)
Epoch: [18][350/391], lr: 0.01000	Loss 0.8536 (0.8029)	Prec@1 71.875 (73.146)	Prec@5 98.438 (97.690)
Epoch: [18][360/391], lr: 0.01000	Loss 0.8028 (0.8037)	Prec@1 72.656 (73.139)	Prec@5 98.438 (97.713)
Epoch: [18][370/391], lr: 0.01000	Loss 0.8156 (0.8052)	Prec@1 72.656 (73.122)	Prec@5 96.875 (97.694)
Epoch: [18][380/391], lr: 0.01000	Loss 0.9924 (0.8046)	Prec@1 66.406 (73.142)	Prec@5 97.656 (97.687)
Epoch: [18][390/391], lr: 0.01000	Loss 0.8993 (0.8042)	Prec@1 71.250 (73.182)	Prec@5 98.750 (97.670)
Epoch [18] Training Results: Prec@1 73.182 Prec@5 97.670             Loss 0.80424
Epoch [18] Training Class Recall: [0.565,0.729,0.629,0.650,0.706,0.724,0.793,0.796,0.850,0.875]

Epoch: [19][0/391], lr: 0.01000	Loss 0.6482 (0.6482)	Prec@1 77.344 (77.344)	Prec@5 98.438 (98.438)
Epoch: [19][10/391], lr: 0.01000	Loss 0.7243 (0.7549)	Prec@1 75.781 (74.645)	Prec@5 99.219 (98.295)
Epoch: [19][20/391], lr: 0.01000	Loss 0.7106 (0.7448)	Prec@1 76.562 (75.260)	Prec@5 97.656 (98.289)
Epoch: [19][30/391], lr: 0.01000	Loss 0.9037 (0.7602)	Prec@1 72.656 (74.773)	Prec@5 98.438 (98.160)
Epoch: [19][40/391], lr: 0.01000	Loss 0.7714 (0.7710)	Prec@1 76.562 (74.600)	Prec@5 96.875 (97.980)
Epoch: [19][50/391], lr: 0.01000	Loss 0.6703 (0.7677)	Prec@1 82.812 (74.831)	Prec@5 99.219 (97.932)
Epoch: [19][60/391], lr: 0.01000	Loss 0.6343 (0.7628)	Prec@1 76.562 (74.795)	Prec@5 97.656 (98.028)
Epoch: [19][70/391], lr: 0.01000	Loss 0.6883 (0.7620)	Prec@1 75.000 (74.780)	Prec@5 99.219 (98.074)
Epoch: [19][80/391], lr: 0.01000	Loss 0.7039 (0.7550)	Prec@1 76.562 (75.068)	Prec@5 98.438 (98.110)
Epoch: [19][90/391], lr: 0.01000	Loss 0.6988 (0.7476)	Prec@1 79.688 (75.300)	Prec@5 97.656 (98.137)
Epoch: [19][100/391], lr: 0.01000	Loss 0.7304 (0.7445)	Prec@1 79.688 (75.464)	Prec@5 98.438 (98.120)
Epoch: [19][110/391], lr: 0.01000	Loss 1.0655 (0.7531)	Prec@1 61.719 (75.077)	Prec@5 94.531 (98.036)
Epoch: [19][120/391], lr: 0.01000	Loss 0.8058 (0.7507)	Prec@1 73.438 (75.103)	Prec@5 97.656 (98.063)
Epoch: [19][130/391], lr: 0.01000	Loss 0.6317 (0.7500)	Prec@1 76.562 (75.089)	Prec@5 98.438 (98.062)
Epoch: [19][140/391], lr: 0.01000	Loss 0.7626 (0.7484)	Prec@1 71.875 (75.183)	Prec@5 97.656 (98.050)
Epoch: [19][150/391], lr: 0.01000	Loss 0.8871 (0.7512)	Prec@1 70.312 (75.072)	Prec@5 96.875 (97.998)
Epoch: [19][160/391], lr: 0.01000	Loss 0.8118 (0.7517)	Prec@1 71.094 (75.063)	Prec@5 97.656 (98.015)
Epoch: [19][170/391], lr: 0.01000	Loss 0.6561 (0.7527)	Prec@1 80.469 (74.954)	Prec@5 100.000 (98.022)
Epoch: [19][180/391], lr: 0.01000	Loss 0.6799 (0.7521)	Prec@1 78.906 (75.065)	Prec@5 99.219 (98.015)
Epoch: [19][190/391], lr: 0.01000	Loss 0.8095 (0.7520)	Prec@1 73.438 (75.045)	Prec@5 98.438 (98.033)
Epoch: [19][200/391], lr: 0.01000	Loss 0.9231 (0.7551)	Prec@1 71.875 (74.957)	Prec@5 96.875 (98.014)
Epoch: [19][210/391], lr: 0.01000	Loss 0.8465 (0.7575)	Prec@1 71.094 (74.863)	Prec@5 97.656 (98.001)
Epoch: [19][220/391], lr: 0.01000	Loss 0.7233 (0.7598)	Prec@1 77.344 (74.799)	Prec@5 99.219 (97.967)
Epoch: [19][230/391], lr: 0.01000	Loss 0.7130 (0.7592)	Prec@1 77.344 (74.824)	Prec@5 98.438 (97.971)
Epoch: [19][240/391], lr: 0.01000	Loss 0.7154 (0.7573)	Prec@1 73.438 (74.838)	Prec@5 97.656 (97.964)
Epoch: [19][250/391], lr: 0.01000	Loss 0.7042 (0.7576)	Prec@1 75.781 (74.819)	Prec@5 98.438 (97.958)
Epoch: [19][260/391], lr: 0.01000	Loss 0.8106 (0.7582)	Prec@1 74.219 (74.805)	Prec@5 95.312 (97.938)
Epoch: [19][270/391], lr: 0.01000	Loss 0.5736 (0.7571)	Prec@1 80.469 (74.818)	Prec@5 98.438 (97.933)
Epoch: [19][280/391], lr: 0.01000	Loss 0.7058 (0.7578)	Prec@1 78.906 (74.853)	Prec@5 99.219 (97.945)
Epoch: [19][290/391], lr: 0.01000	Loss 0.6746 (0.7600)	Prec@1 75.781 (74.783)	Prec@5 100.000 (97.946)
Epoch: [19][300/391], lr: 0.01000	Loss 0.6754 (0.7593)	Prec@1 81.250 (74.782)	Prec@5 97.656 (97.968)
Epoch: [19][310/391], lr: 0.01000	Loss 0.8624 (0.7603)	Prec@1 71.094 (74.761)	Prec@5 96.875 (97.945)
Epoch: [19][320/391], lr: 0.01000	Loss 0.6802 (0.7599)	Prec@1 77.344 (74.732)	Prec@5 99.219 (97.953)
Epoch: [19][330/391], lr: 0.01000	Loss 0.9110 (0.7622)	Prec@1 69.531 (74.658)	Prec@5 97.656 (97.942)
Epoch: [19][340/391], lr: 0.01000	Loss 0.8545 (0.7627)	Prec@1 71.094 (74.631)	Prec@5 99.219 (97.947)
Epoch: [19][350/391], lr: 0.01000	Loss 0.6774 (0.7636)	Prec@1 75.000 (74.604)	Prec@5 100.000 (97.961)
Epoch: [19][360/391], lr: 0.01000	Loss 0.6316 (0.7631)	Prec@1 79.688 (74.608)	Prec@5 95.312 (97.961)
Epoch: [19][370/391], lr: 0.01000	Loss 0.8727 (0.7626)	Prec@1 74.219 (74.621)	Prec@5 96.094 (97.976)
Epoch: [19][380/391], lr: 0.01000	Loss 0.6722 (0.7621)	Prec@1 77.344 (74.608)	Prec@5 100.000 (97.993)
Epoch: [19][390/391], lr: 0.01000	Loss 0.6109 (0.7616)	Prec@1 80.000 (74.648)	Prec@5 98.750 (97.980)
Epoch [19] Training Results: Prec@1 74.648 Prec@5 97.980             Loss 0.76163
Epoch [19] Training Class Recall: [0.576,0.722,0.646,0.672,0.722,0.755,0.810,0.817,0.860,0.884]

Epoch: [20][0/391], lr: 0.01000	Loss 0.7347 (0.7347)	Prec@1 75.000 (75.000)	Prec@5 98.438 (98.438)
Epoch: [20][10/391], lr: 0.01000	Loss 0.7132 (0.7059)	Prec@1 75.781 (75.781)	Prec@5 98.438 (98.438)
Epoch: [20][20/391], lr: 0.01000	Loss 0.7199 (0.7126)	Prec@1 75.781 (75.632)	Prec@5 98.438 (98.363)
Epoch: [20][30/391], lr: 0.01000	Loss 0.6833 (0.7024)	Prec@1 80.469 (76.487)	Prec@5 98.438 (98.261)
Epoch: [20][40/391], lr: 0.01000	Loss 0.6039 (0.7090)	Prec@1 84.375 (76.601)	Prec@5 99.219 (98.171)
Epoch: [20][50/391], lr: 0.01000	Loss 0.7747 (0.7063)	Prec@1 74.219 (76.700)	Prec@5 99.219 (98.300)
Epoch: [20][60/391], lr: 0.01000	Loss 0.6297 (0.7027)	Prec@1 80.469 (76.729)	Prec@5 99.219 (98.348)
Epoch: [20][70/391], lr: 0.01000	Loss 0.5704 (0.7036)	Prec@1 79.688 (76.607)	Prec@5 99.219 (98.360)
Epoch: [20][80/391], lr: 0.01000	Loss 0.6121 (0.7041)	Prec@1 76.562 (76.456)	Prec@5 100.000 (98.389)
Epoch: [20][90/391], lr: 0.01000	Loss 0.7976 (0.7112)	Prec@1 75.781 (76.219)	Prec@5 97.656 (98.257)
Epoch: [20][100/391], lr: 0.01000	Loss 0.7430 (0.7143)	Prec@1 71.094 (76.029)	Prec@5 98.438 (98.175)
Epoch: [20][110/391], lr: 0.01000	Loss 0.8575 (0.7182)	Prec@1 68.750 (75.816)	Prec@5 96.094 (98.177)
Epoch: [20][120/391], lr: 0.01000	Loss 0.7603 (0.7241)	Prec@1 74.219 (75.723)	Prec@5 98.438 (98.128)
Epoch: [20][130/391], lr: 0.01000	Loss 0.5561 (0.7313)	Prec@1 80.469 (75.507)	Prec@5 99.219 (98.050)
Epoch: [20][140/391], lr: 0.01000	Loss 0.6981 (0.7369)	Prec@1 71.094 (75.316)	Prec@5 99.219 (98.039)
Epoch: [20][150/391], lr: 0.01000	Loss 0.5751 (0.7354)	Prec@1 78.906 (75.373)	Prec@5 99.219 (98.075)
Epoch: [20][160/391], lr: 0.01000	Loss 0.7069 (0.7343)	Prec@1 78.125 (75.451)	Prec@5 97.656 (98.083)
Epoch: [20][170/391], lr: 0.01000	Loss 0.6294 (0.7348)	Prec@1 78.906 (75.489)	Prec@5 99.219 (98.099)
Epoch: [20][180/391], lr: 0.01000	Loss 0.6545 (0.7344)	Prec@1 79.688 (75.527)	Prec@5 98.438 (98.088)
Epoch: [20][190/391], lr: 0.01000	Loss 0.8138 (0.7315)	Prec@1 72.656 (75.630)	Prec@5 96.094 (98.110)
Epoch: [20][200/391], lr: 0.01000	Loss 0.8353 (0.7303)	Prec@1 68.750 (75.641)	Prec@5 96.094 (98.123)
Epoch: [20][210/391], lr: 0.01000	Loss 0.7063 (0.7297)	Prec@1 75.781 (75.689)	Prec@5 97.656 (98.126)
Epoch: [20][220/391], lr: 0.01000	Loss 0.7606 (0.7288)	Prec@1 69.531 (75.658)	Prec@5 97.656 (98.105)
Epoch: [20][230/391], lr: 0.01000	Loss 0.7478 (0.7318)	Prec@1 78.906 (75.616)	Prec@5 97.656 (98.089)
Epoch: [20][240/391], lr: 0.01000	Loss 0.8707 (0.7312)	Prec@1 69.531 (75.690)	Prec@5 95.312 (98.084)
Epoch: [20][250/391], lr: 0.01000	Loss 0.6707 (0.7310)	Prec@1 75.781 (75.716)	Prec@5 98.438 (98.061)
Epoch: [20][260/391], lr: 0.01000	Loss 0.8483 (0.7323)	Prec@1 71.094 (75.679)	Prec@5 97.656 (98.072)
Epoch: [20][270/391], lr: 0.01000	Loss 0.7194 (0.7329)	Prec@1 74.219 (75.637)	Prec@5 98.438 (98.092)
Epoch: [20][280/391], lr: 0.01000	Loss 0.7349 (0.7306)	Prec@1 68.750 (75.687)	Prec@5 100.000 (98.115)
Epoch: [20][290/391], lr: 0.01000	Loss 0.8066 (0.7314)	Prec@1 70.312 (75.655)	Prec@5 98.438 (98.094)
Epoch: [20][300/391], lr: 0.01000	Loss 0.7442 (0.7312)	Prec@1 75.000 (75.662)	Prec@5 100.000 (98.105)
Epoch: [20][310/391], lr: 0.01000	Loss 0.5435 (0.7332)	Prec@1 82.031 (75.595)	Prec@5 97.656 (98.081)
Epoch: [20][320/391], lr: 0.01000	Loss 0.8695 (0.7349)	Prec@1 71.875 (75.548)	Prec@5 97.656 (98.060)
Epoch: [20][330/391], lr: 0.01000	Loss 0.8404 (0.7348)	Prec@1 75.000 (75.552)	Prec@5 96.094 (98.050)
Epoch: [20][340/391], lr: 0.01000	Loss 0.6899 (0.7331)	Prec@1 80.469 (75.635)	Prec@5 99.219 (98.053)
Epoch: [20][350/391], lr: 0.01000	Loss 0.7846 (0.7330)	Prec@1 73.438 (75.645)	Prec@5 99.219 (98.064)
Epoch: [20][360/391], lr: 0.01000	Loss 0.7438 (0.7322)	Prec@1 76.562 (75.660)	Prec@5 98.438 (98.080)
Epoch: [20][370/391], lr: 0.01000	Loss 0.7649 (0.7331)	Prec@1 72.656 (75.598)	Prec@5 98.438 (98.094)
Epoch: [20][380/391], lr: 0.01000	Loss 0.6539 (0.7332)	Prec@1 82.031 (75.595)	Prec@5 98.438 (98.105)
Epoch: [20][390/391], lr: 0.01000	Loss 0.8220 (0.7338)	Prec@1 78.750 (75.586)	Prec@5 95.000 (98.082)
Epoch [20] Training Results: Prec@1 75.586 Prec@5 98.082             Loss 0.73380
Epoch [20] Training Class Recall: [0.589,0.741,0.641,0.679,0.723,0.773,0.820,0.830,0.868,0.894]

Epoch: [21][0/391], lr: 0.01000	Loss 0.6573 (0.6573)	Prec@1 77.344 (77.344)	Prec@5 97.656 (97.656)
Epoch: [21][10/391], lr: 0.01000	Loss 0.4895 (0.7704)	Prec@1 85.938 (74.929)	Prec@5 100.000 (97.869)
Epoch: [21][20/391], lr: 0.01000	Loss 0.7841 (0.7642)	Prec@1 76.562 (75.186)	Prec@5 98.438 (98.103)
Epoch: [21][30/391], lr: 0.01000	Loss 0.7208 (0.7379)	Prec@1 80.469 (76.109)	Prec@5 98.438 (98.135)
Epoch: [21][40/391], lr: 0.01000	Loss 0.8299 (0.7365)	Prec@1 73.438 (76.162)	Prec@5 99.219 (98.209)
Epoch: [21][50/391], lr: 0.01000	Loss 0.5954 (0.7340)	Prec@1 79.688 (75.965)	Prec@5 100.000 (98.192)
Epoch: [21][60/391], lr: 0.01000	Loss 0.8039 (0.7306)	Prec@1 73.438 (75.973)	Prec@5 96.875 (98.143)
Epoch: [21][70/391], lr: 0.01000	Loss 0.6057 (0.7257)	Prec@1 80.469 (76.188)	Prec@5 98.438 (98.206)
Epoch: [21][80/391], lr: 0.01000	Loss 0.8593 (0.7173)	Prec@1 71.875 (76.476)	Prec@5 97.656 (98.254)
Epoch: [21][90/391], lr: 0.01000	Loss 0.6427 (0.7213)	Prec@1 76.562 (76.107)	Prec@5 99.219 (98.231)
Epoch: [21][100/391], lr: 0.01000	Loss 0.6022 (0.7160)	Prec@1 77.344 (76.129)	Prec@5 100.000 (98.260)
Epoch: [21][110/391], lr: 0.01000	Loss 0.8108 (0.7192)	Prec@1 74.219 (76.112)	Prec@5 98.438 (98.255)
Epoch: [21][120/391], lr: 0.01000	Loss 0.7846 (0.7176)	Prec@1 77.344 (76.240)	Prec@5 96.094 (98.205)
Epoch: [21][130/391], lr: 0.01000	Loss 0.8057 (0.7180)	Prec@1 71.094 (76.205)	Prec@5 98.438 (98.235)
Epoch: [21][140/391], lr: 0.01000	Loss 0.6734 (0.7195)	Prec@1 76.562 (76.119)	Prec@5 99.219 (98.238)
Epoch: [21][150/391], lr: 0.01000	Loss 0.5538 (0.7166)	Prec@1 82.031 (76.206)	Prec@5 99.219 (98.256)
Epoch: [21][160/391], lr: 0.01000	Loss 0.9421 (0.7169)	Prec@1 66.406 (76.169)	Prec@5 96.875 (98.258)
Epoch: [21][170/391], lr: 0.01000	Loss 0.8471 (0.7181)	Prec@1 73.438 (76.128)	Prec@5 96.875 (98.232)
Epoch: [21][180/391], lr: 0.01000	Loss 0.6607 (0.7179)	Prec@1 74.219 (76.096)	Prec@5 100.000 (98.230)
Epoch: [21][190/391], lr: 0.01000	Loss 0.7412 (0.7184)	Prec@1 75.000 (76.059)	Prec@5 95.312 (98.229)
Epoch: [21][200/391], lr: 0.01000	Loss 0.7807 (0.7166)	Prec@1 73.438 (76.116)	Prec@5 97.656 (98.251)
Epoch: [21][210/391], lr: 0.01000	Loss 0.6410 (0.7157)	Prec@1 75.781 (76.096)	Prec@5 100.000 (98.256)
Epoch: [21][220/391], lr: 0.01000	Loss 0.7003 (0.7192)	Prec@1 74.219 (75.969)	Prec@5 96.875 (98.250)
Epoch: [21][230/391], lr: 0.01000	Loss 0.6893 (0.7204)	Prec@1 76.562 (75.940)	Prec@5 100.000 (98.258)
Epoch: [21][240/391], lr: 0.01000	Loss 0.8587 (0.7223)	Prec@1 67.188 (75.859)	Prec@5 97.656 (98.249)
Epoch: [21][250/391], lr: 0.01000	Loss 0.5870 (0.7229)	Prec@1 82.031 (75.859)	Prec@5 98.438 (98.248)
Epoch: [21][260/391], lr: 0.01000	Loss 0.9091 (0.7235)	Prec@1 67.188 (75.829)	Prec@5 97.656 (98.258)
Epoch: [21][270/391], lr: 0.01000	Loss 0.8132 (0.7258)	Prec@1 72.656 (75.773)	Prec@5 98.438 (98.253)
Epoch: [21][280/391], lr: 0.01000	Loss 0.7487 (0.7247)	Prec@1 78.906 (75.862)	Prec@5 98.438 (98.268)
Epoch: [21][290/391], lr: 0.01000	Loss 0.6997 (0.7235)	Prec@1 77.344 (75.899)	Prec@5 99.219 (98.258)
Epoch: [21][300/391], lr: 0.01000	Loss 0.6933 (0.7245)	Prec@1 78.125 (75.831)	Prec@5 99.219 (98.264)
Epoch: [21][310/391], lr: 0.01000	Loss 0.7639 (0.7252)	Prec@1 74.219 (75.804)	Prec@5 99.219 (98.257)
Epoch: [21][320/391], lr: 0.01000	Loss 0.8611 (0.7242)	Prec@1 67.188 (75.837)	Prec@5 98.438 (98.282)
Epoch: [21][330/391], lr: 0.01000	Loss 0.6526 (0.7229)	Prec@1 75.000 (75.861)	Prec@5 97.656 (98.298)
Epoch: [21][340/391], lr: 0.01000	Loss 0.6350 (0.7212)	Prec@1 78.125 (75.912)	Prec@5 97.656 (98.295)
Epoch: [21][350/391], lr: 0.01000	Loss 0.6603 (0.7209)	Prec@1 78.906 (75.910)	Prec@5 99.219 (98.304)
Epoch: [21][360/391], lr: 0.01000	Loss 0.5206 (0.7185)	Prec@1 86.719 (76.030)	Prec@5 100.000 (98.318)
Epoch: [21][370/391], lr: 0.01000	Loss 0.7917 (0.7177)	Prec@1 75.000 (76.040)	Prec@5 96.875 (98.317)
Epoch: [21][380/391], lr: 0.01000	Loss 0.6273 (0.7173)	Prec@1 75.781 (76.062)	Prec@5 100.000 (98.337)
Epoch: [21][390/391], lr: 0.01000	Loss 0.7000 (0.7161)	Prec@1 77.500 (76.092)	Prec@5 98.750 (98.356)
Epoch [21] Training Results: Prec@1 76.092 Prec@5 98.356             Loss 0.71607
Epoch [21] Training Class Recall: [0.594,0.733,0.647,0.693,0.736,0.778,0.825,0.840,0.873,0.889]

Epoch: [22][0/391], lr: 0.01000	Loss 0.4946 (0.4946)	Prec@1 82.031 (82.031)	Prec@5 98.438 (98.438)
Epoch: [22][10/391], lr: 0.01000	Loss 0.6454 (0.6388)	Prec@1 75.000 (78.409)	Prec@5 99.219 (98.438)
Epoch: [22][20/391], lr: 0.01000	Loss 0.8861 (0.6874)	Prec@1 73.438 (77.567)	Prec@5 96.875 (98.177)
Epoch: [22][30/391], lr: 0.01000	Loss 0.8116 (0.6943)	Prec@1 66.406 (77.218)	Prec@5 99.219 (98.236)
Epoch: [22][40/391], lr: 0.01000	Loss 0.9453 (0.7049)	Prec@1 69.531 (77.001)	Prec@5 98.438 (98.247)
Epoch: [22][50/391], lr: 0.01000	Loss 0.6498 (0.7064)	Prec@1 72.656 (76.792)	Prec@5 99.219 (98.238)
Epoch: [22][60/391], lr: 0.01000	Loss 0.8766 (0.7071)	Prec@1 68.750 (76.729)	Prec@5 98.438 (98.233)
Epoch: [22][70/391], lr: 0.01000	Loss 0.7250 (0.7068)	Prec@1 81.250 (76.728)	Prec@5 98.438 (98.327)
Epoch: [22][80/391], lr: 0.01000	Loss 0.9991 (0.7088)	Prec@1 68.750 (76.871)	Prec@5 97.656 (98.254)
Epoch: [22][90/391], lr: 0.01000	Loss 0.9419 (0.7062)	Prec@1 67.969 (76.906)	Prec@5 98.438 (98.317)
Epoch: [22][100/391], lr: 0.01000	Loss 0.6591 (0.7048)	Prec@1 79.688 (76.918)	Prec@5 99.219 (98.321)
Epoch: [22][110/391], lr: 0.01000	Loss 0.5723 (0.7061)	Prec@1 82.812 (76.830)	Prec@5 97.656 (98.276)
Epoch: [22][120/391], lr: 0.01000	Loss 0.6405 (0.7035)	Prec@1 78.906 (76.969)	Prec@5 97.656 (98.321)
Epoch: [22][130/391], lr: 0.01000	Loss 0.7195 (0.7009)	Prec@1 75.000 (77.093)	Prec@5 96.875 (98.348)
Epoch: [22][140/391], lr: 0.01000	Loss 0.7180 (0.7028)	Prec@1 78.906 (76.961)	Prec@5 98.438 (98.365)
Epoch: [22][150/391], lr: 0.01000	Loss 0.7900 (0.7043)	Prec@1 71.875 (76.873)	Prec@5 99.219 (98.386)
Epoch: [22][160/391], lr: 0.01000	Loss 0.5605 (0.7042)	Prec@1 80.469 (76.805)	Prec@5 99.219 (98.374)
Epoch: [22][170/391], lr: 0.01000	Loss 0.7388 (0.7043)	Prec@1 75.781 (76.786)	Prec@5 98.438 (98.355)
Epoch: [22][180/391], lr: 0.01000	Loss 0.6361 (0.7024)	Prec@1 80.469 (76.817)	Prec@5 98.438 (98.390)
Epoch: [22][190/391], lr: 0.01000	Loss 0.8586 (0.7035)	Prec@1 75.000 (76.751)	Prec@5 98.438 (98.397)
Epoch: [22][200/391], lr: 0.01000	Loss 0.6950 (0.7008)	Prec@1 77.344 (76.815)	Prec@5 98.438 (98.418)
Epoch: [22][210/391], lr: 0.01000	Loss 0.8829 (0.7018)	Prec@1 72.656 (76.818)	Prec@5 98.438 (98.400)
Epoch: [22][220/391], lr: 0.01000	Loss 0.7740 (0.7022)	Prec@1 71.875 (76.768)	Prec@5 96.875 (98.384)
Epoch: [22][230/391], lr: 0.01000	Loss 0.5131 (0.7029)	Prec@1 83.594 (76.772)	Prec@5 100.000 (98.366)
Epoch: [22][240/391], lr: 0.01000	Loss 0.7942 (0.7013)	Prec@1 76.562 (76.838)	Prec@5 97.656 (98.366)
Epoch: [22][250/391], lr: 0.01000	Loss 0.6340 (0.7025)	Prec@1 78.125 (76.793)	Prec@5 100.000 (98.381)
Epoch: [22][260/391], lr: 0.01000	Loss 0.7093 (0.7034)	Prec@1 77.344 (76.763)	Prec@5 97.656 (98.381)
Epoch: [22][270/391], lr: 0.01000	Loss 0.8120 (0.7032)	Prec@1 70.312 (76.735)	Prec@5 96.875 (98.394)
Epoch: [22][280/391], lr: 0.01000	Loss 0.7682 (0.7013)	Prec@1 78.906 (76.765)	Prec@5 98.438 (98.418)
Epoch: [22][290/391], lr: 0.01000	Loss 0.8669 (0.7044)	Prec@1 71.094 (76.651)	Prec@5 98.438 (98.400)
Epoch: [22][300/391], lr: 0.01000	Loss 0.7500 (0.7049)	Prec@1 73.438 (76.622)	Prec@5 99.219 (98.414)
Epoch: [22][310/391], lr: 0.01000	Loss 0.6552 (0.7036)	Prec@1 78.125 (76.640)	Prec@5 99.219 (98.425)
Epoch: [22][320/391], lr: 0.01000	Loss 0.6856 (0.7031)	Prec@1 76.562 (76.684)	Prec@5 99.219 (98.413)
Epoch: [22][330/391], lr: 0.01000	Loss 0.6983 (0.7026)	Prec@1 78.125 (76.681)	Prec@5 97.656 (98.414)
Epoch: [22][340/391], lr: 0.01000	Loss 0.7459 (0.7032)	Prec@1 73.438 (76.640)	Prec@5 97.656 (98.405)
Epoch: [22][350/391], lr: 0.01000	Loss 0.6791 (0.7034)	Prec@1 79.688 (76.618)	Prec@5 98.438 (98.406)
Epoch: [22][360/391], lr: 0.01000	Loss 0.6969 (0.7033)	Prec@1 75.000 (76.621)	Prec@5 98.438 (98.409)
Epoch: [22][370/391], lr: 0.01000	Loss 0.5823 (0.7020)	Prec@1 81.250 (76.676)	Prec@5 98.438 (98.414)
Epoch: [22][380/391], lr: 0.01000	Loss 0.8053 (0.7031)	Prec@1 72.656 (76.640)	Prec@5 99.219 (98.415)
Epoch: [22][390/391], lr: 0.01000	Loss 0.8147 (0.7033)	Prec@1 76.250 (76.646)	Prec@5 98.750 (98.412)
Epoch [22] Training Results: Prec@1 76.646 Prec@5 98.412             Loss 0.70326
Epoch [22] Training Class Recall: [0.589,0.731,0.657,0.695,0.759,0.790,0.836,0.840,0.879,0.888]

Epoch: [23][0/391], lr: 0.01000	Loss 0.6999 (0.6999)	Prec@1 75.000 (75.000)	Prec@5 100.000 (100.000)
Epoch: [23][10/391], lr: 0.01000	Loss 0.6020 (0.6702)	Prec@1 78.125 (77.060)	Prec@5 99.219 (98.722)
Epoch: [23][20/391], lr: 0.01000	Loss 0.6135 (0.6789)	Prec@1 78.906 (77.009)	Prec@5 98.438 (98.475)
Epoch: [23][30/391], lr: 0.01000	Loss 0.8275 (0.6780)	Prec@1 72.656 (77.167)	Prec@5 97.656 (98.614)
Epoch: [23][40/391], lr: 0.01000	Loss 0.8866 (0.6746)	Prec@1 68.750 (77.420)	Prec@5 96.094 (98.533)
Epoch: [23][50/391], lr: 0.01000	Loss 0.5706 (0.6786)	Prec@1 84.375 (77.359)	Prec@5 99.219 (98.606)
Epoch: [23][60/391], lr: 0.01000	Loss 0.6007 (0.6792)	Prec@1 78.906 (77.305)	Prec@5 100.000 (98.668)
Epoch: [23][70/391], lr: 0.01000	Loss 0.6278 (0.6794)	Prec@1 83.594 (77.344)	Prec@5 96.094 (98.669)
Epoch: [23][80/391], lr: 0.01000	Loss 0.6783 (0.6870)	Prec@1 75.781 (77.054)	Prec@5 99.219 (98.611)
Epoch: [23][90/391], lr: 0.01000	Loss 0.7335 (0.6883)	Prec@1 71.875 (76.837)	Prec@5 98.438 (98.661)
Epoch: [23][100/391], lr: 0.01000	Loss 0.7184 (0.6850)	Prec@1 77.344 (76.949)	Prec@5 97.656 (98.646)
Epoch: [23][110/391], lr: 0.01000	Loss 0.7116 (0.6850)	Prec@1 75.781 (77.069)	Prec@5 99.219 (98.656)
Epoch: [23][120/391], lr: 0.01000	Loss 0.5532 (0.6819)	Prec@1 82.031 (77.208)	Prec@5 99.219 (98.663)
Epoch: [23][130/391], lr: 0.01000	Loss 0.6486 (0.6804)	Prec@1 77.344 (77.296)	Prec@5 100.000 (98.652)
Epoch: [23][140/391], lr: 0.01000	Loss 0.7581 (0.6828)	Prec@1 78.125 (77.283)	Prec@5 99.219 (98.598)
Epoch: [23][150/391], lr: 0.01000	Loss 0.6948 (0.6794)	Prec@1 75.781 (77.421)	Prec@5 97.656 (98.603)
Epoch: [23][160/391], lr: 0.01000	Loss 0.6009 (0.6780)	Prec@1 81.250 (77.509)	Prec@5 99.219 (98.612)
Epoch: [23][170/391], lr: 0.01000	Loss 0.7266 (0.6804)	Prec@1 73.438 (77.376)	Prec@5 100.000 (98.588)
Epoch: [23][180/391], lr: 0.01000	Loss 0.7322 (0.6803)	Prec@1 77.344 (77.339)	Prec@5 97.656 (98.589)
Epoch: [23][190/391], lr: 0.01000	Loss 0.5476 (0.6807)	Prec@1 82.812 (77.270)	Prec@5 97.656 (98.564)
Epoch: [23][200/391], lr: 0.01000	Loss 0.7137 (0.6795)	Prec@1 73.438 (77.320)	Prec@5 98.438 (98.550)
Epoch: [23][210/391], lr: 0.01000	Loss 0.6750 (0.6811)	Prec@1 76.562 (77.344)	Prec@5 99.219 (98.571)
Epoch: [23][220/391], lr: 0.01000	Loss 0.7153 (0.6814)	Prec@1 73.438 (77.344)	Prec@5 96.094 (98.536)
Epoch: [23][230/391], lr: 0.01000	Loss 0.7134 (0.6782)	Prec@1 74.219 (77.462)	Prec@5 99.219 (98.546)
Epoch: [23][240/391], lr: 0.01000	Loss 0.6541 (0.6799)	Prec@1 77.344 (77.396)	Prec@5 97.656 (98.538)
Epoch: [23][250/391], lr: 0.01000	Loss 0.6581 (0.6816)	Prec@1 82.031 (77.313)	Prec@5 97.656 (98.522)
Epoch: [23][260/391], lr: 0.01000	Loss 0.6530 (0.6808)	Prec@1 74.219 (77.341)	Prec@5 97.656 (98.509)
Epoch: [23][270/391], lr: 0.01000	Loss 0.6386 (0.6813)	Prec@1 79.688 (77.332)	Prec@5 97.656 (98.510)
Epoch: [23][280/391], lr: 0.01000	Loss 0.7514 (0.6810)	Prec@1 77.344 (77.360)	Prec@5 99.219 (98.513)
Epoch: [23][290/391], lr: 0.01000	Loss 0.7360 (0.6811)	Prec@1 75.781 (77.376)	Prec@5 97.656 (98.499)
Epoch: [23][300/391], lr: 0.01000	Loss 0.5851 (0.6809)	Prec@1 82.031 (77.349)	Prec@5 100.000 (98.513)
Epoch: [23][310/391], lr: 0.01000	Loss 0.8163 (0.6806)	Prec@1 72.656 (77.339)	Prec@5 97.656 (98.505)
Epoch: [23][320/391], lr: 0.01000	Loss 0.6006 (0.6785)	Prec@1 78.906 (77.388)	Prec@5 98.438 (98.515)
Epoch: [23][330/391], lr: 0.01000	Loss 0.6350 (0.6786)	Prec@1 75.781 (77.358)	Prec@5 99.219 (98.530)
Epoch: [23][340/391], lr: 0.01000	Loss 0.5509 (0.6783)	Prec@1 82.031 (77.357)	Prec@5 99.219 (98.534)
Epoch: [23][350/391], lr: 0.01000	Loss 0.7137 (0.6770)	Prec@1 74.219 (77.415)	Prec@5 99.219 (98.535)
Epoch: [23][360/391], lr: 0.01000	Loss 0.8641 (0.6785)	Prec@1 71.094 (77.370)	Prec@5 96.094 (98.537)
Epoch: [23][370/391], lr: 0.01000	Loss 0.7051 (0.6776)	Prec@1 75.781 (77.390)	Prec@5 97.656 (98.536)
Epoch: [23][380/391], lr: 0.01000	Loss 0.8032 (0.6780)	Prec@1 71.875 (77.364)	Prec@5 98.438 (98.532)
Epoch: [23][390/391], lr: 0.01000	Loss 0.9478 (0.6783)	Prec@1 73.750 (77.380)	Prec@5 95.000 (98.526)
Epoch [23] Training Results: Prec@1 77.380 Prec@5 98.526             Loss 0.67826
Epoch [23] Training Class Recall: [0.605,0.741,0.667,0.715,0.759,0.803,0.839,0.837,0.879,0.892]

Epoch: [24][0/391], lr: 0.01000	Loss 0.6366 (0.6366)	Prec@1 81.250 (81.250)	Prec@5 98.438 (98.438)
Epoch: [24][10/391], lr: 0.01000	Loss 0.5863 (0.6732)	Prec@1 79.688 (77.486)	Prec@5 100.000 (99.006)
Epoch: [24][20/391], lr: 0.01000	Loss 0.6830 (0.6626)	Prec@1 80.469 (77.641)	Prec@5 96.875 (98.884)
Epoch: [24][30/391], lr: 0.01000	Loss 0.6303 (0.6514)	Prec@1 78.906 (78.125)	Prec@5 98.438 (98.916)
Epoch: [24][40/391], lr: 0.01000	Loss 0.8061 (0.6479)	Prec@1 75.781 (78.411)	Prec@5 96.875 (98.933)
Epoch: [24][50/391], lr: 0.01000	Loss 0.6326 (0.6336)	Prec@1 76.562 (78.707)	Prec@5 100.000 (98.820)
Epoch: [24][60/391], lr: 0.01000	Loss 0.5753 (0.6415)	Prec@1 78.906 (78.266)	Prec@5 98.438 (98.758)
Epoch: [24][70/391], lr: 0.01000	Loss 0.6806 (0.6475)	Prec@1 77.344 (78.081)	Prec@5 97.656 (98.746)
Epoch: [24][80/391], lr: 0.01000	Loss 0.8322 (0.6477)	Prec@1 72.656 (78.096)	Prec@5 97.656 (98.727)
Epoch: [24][90/391], lr: 0.01000	Loss 0.4952 (0.6460)	Prec@1 80.469 (78.177)	Prec@5 100.000 (98.764)
Epoch: [24][100/391], lr: 0.01000	Loss 0.6716 (0.6471)	Prec@1 82.031 (78.373)	Prec@5 97.656 (98.716)
Epoch: [24][110/391], lr: 0.01000	Loss 0.6331 (0.6473)	Prec@1 76.562 (78.371)	Prec@5 99.219 (98.726)
Epoch: [24][120/391], lr: 0.01000	Loss 0.6599 (0.6491)	Prec@1 78.906 (78.254)	Prec@5 97.656 (98.709)
Epoch: [24][130/391], lr: 0.01000	Loss 0.6606 (0.6497)	Prec@1 78.906 (78.220)	Prec@5 97.656 (98.688)
Epoch: [24][140/391], lr: 0.01000	Loss 0.6817 (0.6506)	Prec@1 75.000 (78.208)	Prec@5 97.656 (98.687)
Epoch: [24][150/391], lr: 0.01000	Loss 0.7644 (0.6496)	Prec@1 71.094 (78.197)	Prec@5 97.656 (98.686)
Epoch: [24][160/391], lr: 0.01000	Loss 0.5934 (0.6512)	Prec@1 80.469 (78.154)	Prec@5 98.438 (98.661)
Epoch: [24][170/391], lr: 0.01000	Loss 0.7372 (0.6506)	Prec@1 75.781 (78.198)	Prec@5 99.219 (98.661)
Epoch: [24][180/391], lr: 0.01000	Loss 0.8266 (0.6522)	Prec@1 71.875 (78.194)	Prec@5 97.656 (98.649)
Epoch: [24][190/391], lr: 0.01000	Loss 0.8226 (0.6533)	Prec@1 77.344 (78.162)	Prec@5 97.656 (98.646)
Epoch: [24][200/391], lr: 0.01000	Loss 0.7499 (0.6565)	Prec@1 74.219 (78.036)	Prec@5 99.219 (98.659)
Epoch: [24][210/391], lr: 0.01000	Loss 0.6732 (0.6561)	Prec@1 76.562 (78.125)	Prec@5 98.438 (98.649)
Epoch: [24][220/391], lr: 0.01000	Loss 0.5323 (0.6571)	Prec@1 82.812 (78.090)	Prec@5 97.656 (98.607)
Epoch: [24][230/391], lr: 0.01000	Loss 0.6093 (0.6563)	Prec@1 84.375 (78.169)	Prec@5 98.438 (98.590)
Epoch: [24][240/391], lr: 0.01000	Loss 0.6699 (0.6551)	Prec@1 75.781 (78.242)	Prec@5 98.438 (98.600)
Epoch: [24][250/391], lr: 0.01000	Loss 0.7447 (0.6544)	Prec@1 74.219 (78.302)	Prec@5 96.094 (98.596)
Epoch: [24][260/391], lr: 0.01000	Loss 0.4315 (0.6517)	Prec@1 89.062 (78.385)	Prec@5 97.656 (98.590)
Epoch: [24][270/391], lr: 0.01000	Loss 0.7530 (0.6525)	Prec@1 73.438 (78.353)	Prec@5 99.219 (98.596)
Epoch: [24][280/391], lr: 0.01000	Loss 0.4818 (0.6502)	Prec@1 81.250 (78.395)	Prec@5 99.219 (98.618)
Epoch: [24][290/391], lr: 0.01000	Loss 0.5939 (0.6520)	Prec@1 83.594 (78.385)	Prec@5 97.656 (98.615)
Epoch: [24][300/391], lr: 0.01000	Loss 0.6215 (0.6537)	Prec@1 78.906 (78.361)	Prec@5 98.438 (98.611)
Epoch: [24][310/391], lr: 0.01000	Loss 0.6069 (0.6569)	Prec@1 80.469 (78.241)	Prec@5 98.438 (98.601)
Epoch: [24][320/391], lr: 0.01000	Loss 0.6676 (0.6573)	Prec@1 75.781 (78.215)	Prec@5 100.000 (98.601)
Epoch: [24][330/391], lr: 0.01000	Loss 0.6881 (0.6584)	Prec@1 73.438 (78.198)	Prec@5 100.000 (98.615)
Epoch: [24][340/391], lr: 0.01000	Loss 0.5982 (0.6595)	Prec@1 78.906 (78.123)	Prec@5 97.656 (98.621)
Epoch: [24][350/391], lr: 0.01000	Loss 0.6606 (0.6593)	Prec@1 76.562 (78.127)	Prec@5 99.219 (98.622)
Epoch: [24][360/391], lr: 0.01000	Loss 0.7141 (0.6593)	Prec@1 77.344 (78.080)	Prec@5 98.438 (98.639)
Epoch: [24][370/391], lr: 0.01000	Loss 0.6816 (0.6589)	Prec@1 78.906 (78.096)	Prec@5 99.219 (98.640)
Epoch: [24][380/391], lr: 0.01000	Loss 0.5706 (0.6583)	Prec@1 80.469 (78.125)	Prec@5 99.219 (98.645)
Epoch: [24][390/391], lr: 0.01000	Loss 0.5639 (0.6580)	Prec@1 80.000 (78.104)	Prec@5 100.000 (98.640)
Epoch [24] Training Results: Prec@1 78.104 Prec@5 98.640             Loss 0.65795
Epoch [24] Training Class Recall: [0.617,0.751,0.671,0.714,0.769,0.803,0.845,0.856,0.885,0.900]

Epoch: [25][0/391], lr: 0.01000	Loss 0.5154 (0.5154)	Prec@1 81.250 (81.250)	Prec@5 100.000 (100.000)
Epoch: [25][10/391], lr: 0.01000	Loss 0.6195 (0.5521)	Prec@1 82.812 (81.321)	Prec@5 99.219 (99.148)
Epoch: [25][20/391], lr: 0.01000	Loss 0.6092 (0.5658)	Prec@1 76.562 (81.324)	Prec@5 98.438 (98.996)
Epoch: [25][30/391], lr: 0.01000	Loss 0.6796 (0.5864)	Prec@1 76.562 (80.721)	Prec@5 98.438 (98.891)
Epoch: [25][40/391], lr: 0.01000	Loss 0.6297 (0.5997)	Prec@1 78.125 (80.088)	Prec@5 99.219 (98.933)
Epoch: [25][50/391], lr: 0.01000	Loss 0.6537 (0.6109)	Prec@1 79.688 (79.565)	Prec@5 98.438 (98.805)
Epoch: [25][60/391], lr: 0.01000	Loss 0.6840 (0.6189)	Prec@1 75.781 (79.329)	Prec@5 99.219 (98.822)
Epoch: [25][70/391], lr: 0.01000	Loss 0.5841 (0.6200)	Prec@1 79.688 (79.225)	Prec@5 98.438 (98.801)
Epoch: [25][80/391], lr: 0.01000	Loss 0.6640 (0.6170)	Prec@1 76.562 (79.215)	Prec@5 98.438 (98.872)
Epoch: [25][90/391], lr: 0.01000	Loss 0.6646 (0.6183)	Prec@1 78.906 (79.104)	Prec@5 98.438 (98.893)
Epoch: [25][100/391], lr: 0.01000	Loss 0.7809 (0.6200)	Prec@1 76.562 (79.177)	Prec@5 98.438 (98.863)
Epoch: [25][110/391], lr: 0.01000	Loss 0.5888 (0.6244)	Prec@1 78.125 (78.948)	Prec@5 99.219 (98.818)
Epoch: [25][120/391], lr: 0.01000	Loss 0.6317 (0.6245)	Prec@1 75.000 (78.932)	Prec@5 98.438 (98.793)
Epoch: [25][130/391], lr: 0.01000	Loss 0.7586 (0.6294)	Prec@1 72.656 (78.757)	Prec@5 98.438 (98.754)
Epoch: [25][140/391], lr: 0.01000	Loss 0.7132 (0.6328)	Prec@1 78.125 (78.635)	Prec@5 98.438 (98.731)
Epoch: [25][150/391], lr: 0.01000	Loss 0.8391 (0.6375)	Prec@1 69.531 (78.389)	Prec@5 99.219 (98.727)
Epoch: [25][160/391], lr: 0.01000	Loss 0.9704 (0.6419)	Prec@1 67.969 (78.246)	Prec@5 98.438 (98.758)
Epoch: [25][170/391], lr: 0.01000	Loss 0.7939 (0.6442)	Prec@1 75.000 (78.148)	Prec@5 98.438 (98.730)
Epoch: [25][180/391], lr: 0.01000	Loss 0.7727 (0.6460)	Prec@1 75.000 (78.099)	Prec@5 99.219 (98.766)
Epoch: [25][190/391], lr: 0.01000	Loss 0.8539 (0.6486)	Prec@1 67.188 (77.974)	Prec@5 97.656 (98.748)
Epoch: [25][200/391], lr: 0.01000	Loss 0.7817 (0.6504)	Prec@1 76.562 (77.950)	Prec@5 98.438 (98.745)
Epoch: [25][210/391], lr: 0.01000	Loss 0.5923 (0.6514)	Prec@1 82.031 (77.958)	Prec@5 99.219 (98.745)
Epoch: [25][220/391], lr: 0.01000	Loss 0.8924 (0.6539)	Prec@1 68.750 (77.913)	Prec@5 98.438 (98.720)
Epoch: [25][230/391], lr: 0.01000	Loss 0.6607 (0.6543)	Prec@1 77.344 (77.885)	Prec@5 97.656 (98.708)
Epoch: [25][240/391], lr: 0.01000	Loss 0.6144 (0.6541)	Prec@1 82.812 (77.911)	Prec@5 99.219 (98.716)
Epoch: [25][250/391], lr: 0.01000	Loss 0.4914 (0.6509)	Prec@1 85.156 (78.029)	Prec@5 100.000 (98.736)
Epoch: [25][260/391], lr: 0.01000	Loss 0.6381 (0.6502)	Prec@1 74.219 (78.059)	Prec@5 99.219 (98.737)
Epoch: [25][270/391], lr: 0.01000	Loss 0.7229 (0.6495)	Prec@1 68.750 (78.059)	Prec@5 99.219 (98.743)
Epoch: [25][280/391], lr: 0.01000	Loss 0.5564 (0.6486)	Prec@1 80.469 (78.131)	Prec@5 97.656 (98.749)
Epoch: [25][290/391], lr: 0.01000	Loss 0.6510 (0.6490)	Prec@1 78.906 (78.133)	Prec@5 100.000 (98.757)
Epoch: [25][300/391], lr: 0.01000	Loss 0.7174 (0.6485)	Prec@1 74.219 (78.117)	Prec@5 98.438 (98.749)
Epoch: [25][310/391], lr: 0.01000	Loss 0.4906 (0.6501)	Prec@1 84.375 (78.102)	Prec@5 97.656 (98.719)
Epoch: [25][320/391], lr: 0.01000	Loss 0.6299 (0.6488)	Prec@1 77.344 (78.152)	Prec@5 98.438 (98.725)
Epoch: [25][330/391], lr: 0.01000	Loss 0.6214 (0.6496)	Prec@1 79.688 (78.149)	Prec@5 97.656 (98.716)
Epoch: [25][340/391], lr: 0.01000	Loss 0.7775 (0.6485)	Prec@1 71.875 (78.164)	Prec@5 99.219 (98.733)
Epoch: [25][350/391], lr: 0.01000	Loss 0.5714 (0.6479)	Prec@1 83.594 (78.205)	Prec@5 99.219 (98.729)
Epoch: [25][360/391], lr: 0.01000	Loss 0.4156 (0.6467)	Prec@1 89.062 (78.246)	Prec@5 99.219 (98.745)
Epoch: [25][370/391], lr: 0.01000	Loss 0.7318 (0.6449)	Prec@1 75.781 (78.310)	Prec@5 97.656 (98.749)
Epoch: [25][380/391], lr: 0.01000	Loss 0.7569 (0.6435)	Prec@1 79.688 (78.381)	Prec@5 98.438 (98.751)
Epoch: [25][390/391], lr: 0.01000	Loss 0.8010 (0.6433)	Prec@1 70.000 (78.376)	Prec@5 98.750 (98.756)
Epoch [25] Training Results: Prec@1 78.376 Prec@5 98.756             Loss 0.64333
Epoch [25] Training Class Recall: [0.609,0.748,0.678,0.720,0.774,0.811,0.843,0.859,0.892,0.904]

Epoch: [26][0/391], lr: 0.01000	Loss 0.5204 (0.5204)	Prec@1 83.594 (83.594)	Prec@5 99.219 (99.219)
Epoch: [26][10/391], lr: 0.01000	Loss 0.8588 (0.6188)	Prec@1 68.750 (79.261)	Prec@5 98.438 (98.793)
Epoch: [26][20/391], lr: 0.01000	Loss 0.5317 (0.6274)	Prec@1 81.250 (79.055)	Prec@5 99.219 (98.735)
Epoch: [26][30/391], lr: 0.01000	Loss 0.5397 (0.6259)	Prec@1 83.594 (78.780)	Prec@5 99.219 (98.690)
Epoch: [26][40/391], lr: 0.01000	Loss 0.6355 (0.6278)	Prec@1 75.781 (78.582)	Prec@5 98.438 (98.742)
Epoch: [26][50/391], lr: 0.01000	Loss 0.5627 (0.6250)	Prec@1 81.250 (78.722)	Prec@5 97.656 (98.744)
Epoch: [26][60/391], lr: 0.01000	Loss 0.5408 (0.6219)	Prec@1 80.469 (78.919)	Prec@5 100.000 (98.809)
Epoch: [26][70/391], lr: 0.01000	Loss 0.6844 (0.6271)	Prec@1 76.562 (78.631)	Prec@5 100.000 (98.768)
Epoch: [26][80/391], lr: 0.01000	Loss 0.4603 (0.6261)	Prec@1 81.250 (78.684)	Prec@5 100.000 (98.736)
Epoch: [26][90/391], lr: 0.01000	Loss 0.6421 (0.6294)	Prec@1 80.469 (78.494)	Prec@5 97.656 (98.747)
Epoch: [26][100/391], lr: 0.01000	Loss 0.5856 (0.6292)	Prec@1 79.688 (78.636)	Prec@5 99.219 (98.762)
Epoch: [26][110/391], lr: 0.01000	Loss 0.7282 (0.6313)	Prec@1 76.562 (78.561)	Prec@5 96.875 (98.768)
Epoch: [26][120/391], lr: 0.01000	Loss 0.6000 (0.6296)	Prec@1 77.344 (78.629)	Prec@5 100.000 (98.741)
Epoch: [26][130/391], lr: 0.01000	Loss 0.6685 (0.6315)	Prec@1 78.125 (78.584)	Prec@5 99.219 (98.712)
Epoch: [26][140/391], lr: 0.01000	Loss 0.7675 (0.6300)	Prec@1 71.875 (78.668)	Prec@5 97.656 (98.720)
Epoch: [26][150/391], lr: 0.01000	Loss 0.6857 (0.6337)	Prec@1 76.562 (78.601)	Prec@5 96.875 (98.701)
Epoch: [26][160/391], lr: 0.01000	Loss 0.4146 (0.6347)	Prec@1 86.719 (78.567)	Prec@5 100.000 (98.738)
Epoch: [26][170/391], lr: 0.01000	Loss 0.5485 (0.6370)	Prec@1 78.906 (78.559)	Prec@5 99.219 (98.748)
Epoch: [26][180/391], lr: 0.01000	Loss 0.5655 (0.6353)	Prec@1 81.250 (78.626)	Prec@5 100.000 (98.774)
Epoch: [26][190/391], lr: 0.01000	Loss 0.4986 (0.6356)	Prec@1 83.594 (78.657)	Prec@5 99.219 (98.744)
Epoch: [26][200/391], lr: 0.01000	Loss 0.6507 (0.6356)	Prec@1 80.469 (78.731)	Prec@5 99.219 (98.737)
Epoch: [26][210/391], lr: 0.01000	Loss 0.4354 (0.6337)	Prec@1 85.156 (78.814)	Prec@5 100.000 (98.760)
Epoch: [26][220/391], lr: 0.01000	Loss 0.5923 (0.6325)	Prec@1 79.688 (78.871)	Prec@5 99.219 (98.777)
Epoch: [26][230/391], lr: 0.01000	Loss 0.5052 (0.6304)	Prec@1 84.375 (78.977)	Prec@5 98.438 (98.782)
Epoch: [26][240/391], lr: 0.01000	Loss 0.6760 (0.6286)	Prec@1 75.000 (78.987)	Prec@5 100.000 (98.781)
Epoch: [26][250/391], lr: 0.01000	Loss 0.6049 (0.6266)	Prec@1 78.906 (79.034)	Prec@5 99.219 (98.795)
Epoch: [26][260/391], lr: 0.01000	Loss 0.5803 (0.6266)	Prec@1 78.906 (78.990)	Prec@5 100.000 (98.815)
Epoch: [26][270/391], lr: 0.01000	Loss 0.5863 (0.6263)	Prec@1 77.344 (79.053)	Prec@5 100.000 (98.809)
Epoch: [26][280/391], lr: 0.01000	Loss 0.5816 (0.6261)	Prec@1 83.594 (79.062)	Prec@5 99.219 (98.810)
Epoch: [26][290/391], lr: 0.01000	Loss 0.7815 (0.6268)	Prec@1 77.344 (79.054)	Prec@5 97.656 (98.795)
Epoch: [26][300/391], lr: 0.01000	Loss 0.5557 (0.6273)	Prec@1 78.906 (79.020)	Prec@5 100.000 (98.806)
Epoch: [26][310/391], lr: 0.01000	Loss 0.5726 (0.6272)	Prec@1 83.594 (79.014)	Prec@5 98.438 (98.804)
Epoch: [26][320/391], lr: 0.01000	Loss 0.7038 (0.6266)	Prec@1 77.344 (79.052)	Prec@5 98.438 (98.795)
Epoch: [26][330/391], lr: 0.01000	Loss 0.6758 (0.6263)	Prec@1 76.562 (79.053)	Prec@5 99.219 (98.794)
Epoch: [26][340/391], lr: 0.01000	Loss 0.6467 (0.6264)	Prec@1 82.031 (79.057)	Prec@5 97.656 (98.790)
Epoch: [26][350/391], lr: 0.01000	Loss 0.6313 (0.6258)	Prec@1 77.344 (79.082)	Prec@5 97.656 (98.796)
Epoch: [26][360/391], lr: 0.01000	Loss 0.7975 (0.6266)	Prec@1 75.000 (79.056)	Prec@5 98.438 (98.801)
Epoch: [26][370/391], lr: 0.01000	Loss 0.6508 (0.6251)	Prec@1 78.906 (79.087)	Prec@5 99.219 (98.812)
Epoch: [26][380/391], lr: 0.01000	Loss 0.5848 (0.6235)	Prec@1 80.469 (79.128)	Prec@5 98.438 (98.813)
Epoch: [26][390/391], lr: 0.01000	Loss 0.5976 (0.6228)	Prec@1 81.250 (79.150)	Prec@5 100.000 (98.810)
Epoch [26] Training Results: Prec@1 79.150 Prec@5 98.810             Loss 0.62282
Epoch [26] Training Class Recall: [0.619,0.759,0.686,0.731,0.783,0.818,0.852,0.869,0.893,0.905]

Epoch: [27][0/391], lr: 0.01000	Loss 0.4761 (0.4761)	Prec@1 82.812 (82.812)	Prec@5 96.875 (96.875)
Epoch: [27][10/391], lr: 0.01000	Loss 0.5200 (0.5900)	Prec@1 83.594 (80.256)	Prec@5 99.219 (98.864)
Epoch: [27][20/391], lr: 0.01000	Loss 0.4780 (0.5885)	Prec@1 83.594 (80.394)	Prec@5 99.219 (98.810)
Epoch: [27][30/391], lr: 0.01000	Loss 0.6290 (0.5898)	Prec@1 81.250 (80.141)	Prec@5 98.438 (98.891)
Epoch: [27][40/391], lr: 0.01000	Loss 0.6618 (0.5934)	Prec@1 81.250 (79.897)	Prec@5 99.219 (98.895)
Epoch: [27][50/391], lr: 0.01000	Loss 0.6902 (0.6060)	Prec@1 76.562 (79.488)	Prec@5 98.438 (98.882)
Epoch: [27][60/391], lr: 0.01000	Loss 0.6185 (0.6221)	Prec@1 82.812 (79.098)	Prec@5 97.656 (98.783)
Epoch: [27][70/391], lr: 0.01000	Loss 0.6393 (0.6270)	Prec@1 78.125 (79.027)	Prec@5 99.219 (98.790)
Epoch: [27][80/391], lr: 0.01000	Loss 0.5789 (0.6260)	Prec@1 74.219 (79.080)	Prec@5 99.219 (98.814)
Epoch: [27][90/391], lr: 0.01000	Loss 0.6130 (0.6239)	Prec@1 80.469 (79.172)	Prec@5 98.438 (98.824)
Epoch: [27][100/391], lr: 0.01000	Loss 0.5624 (0.6161)	Prec@1 77.344 (79.409)	Prec@5 98.438 (98.847)
Epoch: [27][110/391], lr: 0.01000	Loss 0.5080 (0.6157)	Prec@1 85.938 (79.476)	Prec@5 99.219 (98.839)
Epoch: [27][120/391], lr: 0.01000	Loss 0.5273 (0.6219)	Prec@1 85.938 (79.307)	Prec@5 100.000 (98.831)
Epoch: [27][130/391], lr: 0.01000	Loss 0.7279 (0.6265)	Prec@1 74.219 (79.157)	Prec@5 99.219 (98.801)
Epoch: [27][140/391], lr: 0.01000	Loss 0.5941 (0.6233)	Prec@1 82.031 (79.233)	Prec@5 99.219 (98.836)
Epoch: [27][150/391], lr: 0.01000	Loss 0.5200 (0.6198)	Prec@1 80.469 (79.294)	Prec@5 97.656 (98.851)
Epoch: [27][160/391], lr: 0.01000	Loss 0.5268 (0.6199)	Prec@1 84.375 (79.377)	Prec@5 99.219 (98.821)
Epoch: [27][170/391], lr: 0.01000	Loss 0.6312 (0.6186)	Prec@1 75.781 (79.432)	Prec@5 100.000 (98.830)
Epoch: [27][180/391], lr: 0.01000	Loss 0.7564 (0.6180)	Prec@1 77.344 (79.450)	Prec@5 99.219 (98.852)
Epoch: [27][190/391], lr: 0.01000	Loss 0.6558 (0.6215)	Prec@1 80.469 (79.323)	Prec@5 97.656 (98.830)
Epoch: [27][200/391], lr: 0.01000	Loss 0.8252 (0.6227)	Prec@1 74.219 (79.291)	Prec@5 96.094 (98.815)
Epoch: [27][210/391], lr: 0.01000	Loss 0.6119 (0.6246)	Prec@1 79.688 (79.217)	Prec@5 97.656 (98.800)
Epoch: [27][220/391], lr: 0.01000	Loss 0.6408 (0.6255)	Prec@1 78.125 (79.178)	Prec@5 100.000 (98.819)
Epoch: [27][230/391], lr: 0.01000	Loss 0.5824 (0.6253)	Prec@1 79.688 (79.170)	Prec@5 98.438 (98.813)
Epoch: [27][240/391], lr: 0.01000	Loss 0.5816 (0.6235)	Prec@1 81.250 (79.227)	Prec@5 98.438 (98.807)
Epoch: [27][250/391], lr: 0.01000	Loss 0.6964 (0.6237)	Prec@1 78.906 (79.221)	Prec@5 96.875 (98.795)
Epoch: [27][260/391], lr: 0.01000	Loss 0.5811 (0.6233)	Prec@1 78.125 (79.242)	Prec@5 99.219 (98.800)
Epoch: [27][270/391], lr: 0.01000	Loss 0.7238 (0.6258)	Prec@1 75.781 (79.174)	Prec@5 93.750 (98.772)
Epoch: [27][280/391], lr: 0.01000	Loss 0.7415 (0.6255)	Prec@1 78.125 (79.198)	Prec@5 96.875 (98.743)
Epoch: [27][290/391], lr: 0.01000	Loss 0.6124 (0.6245)	Prec@1 80.469 (79.236)	Prec@5 98.438 (98.754)
Epoch: [27][300/391], lr: 0.01000	Loss 0.5783 (0.6216)	Prec@1 80.469 (79.342)	Prec@5 99.219 (98.767)
Epoch: [27][310/391], lr: 0.01000	Loss 0.6528 (0.6203)	Prec@1 79.688 (79.376)	Prec@5 99.219 (98.769)
Epoch: [27][320/391], lr: 0.01000	Loss 0.5041 (0.6188)	Prec@1 84.375 (79.417)	Prec@5 99.219 (98.783)
Epoch: [27][330/391], lr: 0.01000	Loss 0.6241 (0.6173)	Prec@1 79.688 (79.480)	Prec@5 96.094 (98.784)
Epoch: [27][340/391], lr: 0.01000	Loss 0.4737 (0.6156)	Prec@1 85.938 (79.534)	Prec@5 97.656 (98.786)
Epoch: [27][350/391], lr: 0.01000	Loss 0.5284 (0.6153)	Prec@1 82.812 (79.572)	Prec@5 100.000 (98.778)
Epoch: [27][360/391], lr: 0.01000	Loss 0.5155 (0.6156)	Prec@1 80.469 (79.523)	Prec@5 100.000 (98.779)
Epoch: [27][370/391], lr: 0.01000	Loss 0.5389 (0.6152)	Prec@1 82.031 (79.557)	Prec@5 100.000 (98.789)
Epoch: [27][380/391], lr: 0.01000	Loss 0.5726 (0.6156)	Prec@1 78.906 (79.521)	Prec@5 100.000 (98.794)
Epoch: [27][390/391], lr: 0.01000	Loss 0.5286 (0.6151)	Prec@1 82.500 (79.532)	Prec@5 98.750 (98.782)
Epoch [27] Training Results: Prec@1 79.532 Prec@5 98.782             Loss 0.61513
Epoch [27] Training Class Recall: [0.633,0.754,0.700,0.734,0.790,0.827,0.853,0.868,0.892,0.903]

Epoch: [28][0/391], lr: 0.01000	Loss 0.6621 (0.6621)	Prec@1 75.000 (75.000)	Prec@5 98.438 (98.438)
Epoch: [28][10/391], lr: 0.01000	Loss 0.4649 (0.5918)	Prec@1 82.031 (79.759)	Prec@5 100.000 (98.864)
Epoch: [28][20/391], lr: 0.01000	Loss 0.4490 (0.5868)	Prec@1 85.938 (80.134)	Prec@5 98.438 (98.698)
Epoch: [28][30/391], lr: 0.01000	Loss 0.4749 (0.6056)	Prec@1 87.500 (79.662)	Prec@5 98.438 (98.664)
Epoch: [28][40/391], lr: 0.01000	Loss 0.8358 (0.6101)	Prec@1 72.656 (79.783)	Prec@5 96.094 (98.685)
Epoch: [28][50/391], lr: 0.01000	Loss 0.4704 (0.6062)	Prec@1 85.156 (79.810)	Prec@5 99.219 (98.683)
Epoch: [28][60/391], lr: 0.01000	Loss 0.6991 (0.6090)	Prec@1 77.344 (79.687)	Prec@5 99.219 (98.719)
Epoch: [28][70/391], lr: 0.01000	Loss 0.5408 (0.6045)	Prec@1 81.250 (79.875)	Prec@5 100.000 (98.768)
Epoch: [28][80/391], lr: 0.01000	Loss 0.5708 (0.6035)	Prec@1 81.250 (79.832)	Prec@5 99.219 (98.775)
Epoch: [28][90/391], lr: 0.01000	Loss 0.6259 (0.6060)	Prec@1 73.438 (79.679)	Prec@5 98.438 (98.815)
Epoch: [28][100/391], lr: 0.01000	Loss 0.8556 (0.6079)	Prec@1 73.438 (79.649)	Prec@5 98.438 (98.824)
Epoch: [28][110/391], lr: 0.01000	Loss 0.6349 (0.6056)	Prec@1 78.906 (79.673)	Prec@5 99.219 (98.853)
Epoch: [28][120/391], lr: 0.01000	Loss 0.7022 (0.6096)	Prec@1 77.344 (79.597)	Prec@5 97.656 (98.838)
Epoch: [28][130/391], lr: 0.01000	Loss 0.7346 (0.6114)	Prec@1 77.344 (79.550)	Prec@5 97.656 (98.789)
Epoch: [28][140/391], lr: 0.01000	Loss 0.6963 (0.6121)	Prec@1 75.000 (79.560)	Prec@5 97.656 (98.781)
Epoch: [28][150/391], lr: 0.01000	Loss 0.4560 (0.6072)	Prec@1 82.812 (79.744)	Prec@5 100.000 (98.810)
Epoch: [28][160/391], lr: 0.01000	Loss 0.6375 (0.6079)	Prec@1 82.031 (79.668)	Prec@5 99.219 (98.850)
Epoch: [28][170/391], lr: 0.01000	Loss 0.5565 (0.6056)	Prec@1 85.156 (79.747)	Prec@5 99.219 (98.844)
Epoch: [28][180/391], lr: 0.01000	Loss 0.9382 (0.6068)	Prec@1 67.969 (79.700)	Prec@5 97.656 (98.835)
Epoch: [28][190/391], lr: 0.01000	Loss 0.5738 (0.6039)	Prec@1 85.156 (79.880)	Prec@5 99.219 (98.851)
Epoch: [28][200/391], lr: 0.01000	Loss 0.5627 (0.6009)	Prec@1 81.250 (79.987)	Prec@5 97.656 (98.842)
Epoch: [28][210/391], lr: 0.01000	Loss 0.5776 (0.5984)	Prec@1 80.469 (80.076)	Prec@5 98.438 (98.837)
Epoch: [28][220/391], lr: 0.01000	Loss 0.5388 (0.5975)	Prec@1 85.156 (80.136)	Prec@5 98.438 (98.833)
Epoch: [28][230/391], lr: 0.01000	Loss 0.5706 (0.5948)	Prec@1 78.125 (80.225)	Prec@5 100.000 (98.857)
Epoch: [28][240/391], lr: 0.01000	Loss 0.4424 (0.5937)	Prec@1 85.938 (80.255)	Prec@5 100.000 (98.882)
Epoch: [28][250/391], lr: 0.01000	Loss 0.5825 (0.5939)	Prec@1 81.250 (80.223)	Prec@5 98.438 (98.876)
Epoch: [28][260/391], lr: 0.01000	Loss 0.5829 (0.5951)	Prec@1 80.469 (80.187)	Prec@5 100.000 (98.889)
Epoch: [28][270/391], lr: 0.01000	Loss 0.5901 (0.5951)	Prec@1 83.594 (80.189)	Prec@5 98.438 (98.899)
Epoch: [28][280/391], lr: 0.01000	Loss 0.6352 (0.5957)	Prec@1 78.906 (80.155)	Prec@5 97.656 (98.893)
Epoch: [28][290/391], lr: 0.01000	Loss 0.7314 (0.5951)	Prec@1 74.219 (80.184)	Prec@5 97.656 (98.897)
Epoch: [28][300/391], lr: 0.01000	Loss 0.7890 (0.5961)	Prec@1 73.438 (80.152)	Prec@5 96.875 (98.899)
Epoch: [28][310/391], lr: 0.01000	Loss 0.6189 (0.5963)	Prec@1 79.688 (80.145)	Prec@5 98.438 (98.892)
Epoch: [28][320/391], lr: 0.01000	Loss 0.5324 (0.5976)	Prec@1 82.812 (80.111)	Prec@5 99.219 (98.876)
Epoch: [28][330/391], lr: 0.01000	Loss 0.5376 (0.5989)	Prec@1 84.375 (80.072)	Prec@5 98.438 (98.872)
Epoch: [28][340/391], lr: 0.01000	Loss 0.6709 (0.6007)	Prec@1 77.344 (79.999)	Prec@5 100.000 (98.873)
Epoch: [28][350/391], lr: 0.01000	Loss 0.6677 (0.6005)	Prec@1 78.906 (79.972)	Prec@5 98.438 (98.878)
Epoch: [28][360/391], lr: 0.01000	Loss 0.5193 (0.6020)	Prec@1 83.594 (79.954)	Prec@5 98.438 (98.868)
Epoch: [28][370/391], lr: 0.01000	Loss 0.4733 (0.6018)	Prec@1 85.938 (79.957)	Prec@5 99.219 (98.873)
Epoch: [28][380/391], lr: 0.01000	Loss 0.5567 (0.6022)	Prec@1 80.469 (79.917)	Prec@5 98.438 (98.860)
Epoch: [28][390/391], lr: 0.01000	Loss 0.7326 (0.6031)	Prec@1 77.500 (79.902)	Prec@5 98.750 (98.862)
Epoch [28] Training Results: Prec@1 79.902 Prec@5 98.862             Loss 0.60311
Epoch [28] Training Class Recall: [0.635,0.766,0.696,0.743,0.796,0.828,0.861,0.863,0.895,0.907]

Epoch: [29][0/391], lr: 0.01000	Loss 0.5803 (0.5803)	Prec@1 79.688 (79.688)	Prec@5 100.000 (100.000)
Epoch: [29][10/391], lr: 0.01000	Loss 0.6235 (0.5877)	Prec@1 80.469 (80.043)	Prec@5 97.656 (98.722)
Epoch: [29][20/391], lr: 0.01000	Loss 0.6808 (0.5767)	Prec@1 79.688 (81.138)	Prec@5 99.219 (98.921)
Epoch: [29][30/391], lr: 0.01000	Loss 0.6456 (0.5809)	Prec@1 82.031 (81.452)	Prec@5 98.438 (98.790)
Epoch: [29][40/391], lr: 0.01000	Loss 0.5278 (0.5815)	Prec@1 80.469 (81.250)	Prec@5 100.000 (98.857)
Epoch: [29][50/391], lr: 0.01000	Loss 0.5272 (0.5799)	Prec@1 82.031 (81.081)	Prec@5 100.000 (98.912)
Epoch: [29][60/391], lr: 0.01000	Loss 0.6083 (0.5859)	Prec@1 79.688 (80.776)	Prec@5 100.000 (98.963)
Epoch: [29][70/391], lr: 0.01000	Loss 0.5723 (0.5863)	Prec@1 79.688 (80.744)	Prec@5 97.656 (98.878)
Epoch: [29][80/391], lr: 0.01000	Loss 0.4142 (0.5812)	Prec@1 87.500 (80.883)	Prec@5 99.219 (98.891)
Epoch: [29][90/391], lr: 0.01000	Loss 0.4760 (0.5792)	Prec@1 85.156 (80.950)	Prec@5 99.219 (98.944)
Epoch: [29][100/391], lr: 0.01000	Loss 0.7567 (0.5816)	Prec@1 76.562 (80.925)	Prec@5 96.875 (98.909)
Epoch: [29][110/391], lr: 0.01000	Loss 0.5564 (0.5791)	Prec@1 80.469 (80.947)	Prec@5 99.219 (98.909)
Epoch: [29][120/391], lr: 0.01000	Loss 0.4917 (0.5782)	Prec@1 82.812 (80.888)	Prec@5 99.219 (98.935)
Epoch: [29][130/391], lr: 0.01000	Loss 0.7113 (0.5828)	Prec@1 76.562 (80.755)	Prec@5 98.438 (98.915)
Epoch: [29][140/391], lr: 0.01000	Loss 0.4895 (0.5849)	Prec@1 81.250 (80.674)	Prec@5 100.000 (98.931)
Epoch: [29][150/391], lr: 0.01000	Loss 0.5156 (0.5866)	Prec@1 84.375 (80.629)	Prec@5 100.000 (98.882)
Epoch: [29][160/391], lr: 0.01000	Loss 0.6910 (0.5854)	Prec@1 79.688 (80.682)	Prec@5 97.656 (98.884)
Epoch: [29][170/391], lr: 0.01000	Loss 0.6610 (0.5851)	Prec@1 76.562 (80.665)	Prec@5 100.000 (98.858)
Epoch: [29][180/391], lr: 0.01000	Loss 0.6513 (0.5836)	Prec@1 74.219 (80.646)	Prec@5 100.000 (98.882)
Epoch: [29][190/391], lr: 0.01000	Loss 0.5669 (0.5823)	Prec@1 85.156 (80.714)	Prec@5 99.219 (98.900)
Epoch: [29][200/391], lr: 0.01000	Loss 0.6370 (0.5824)	Prec@1 78.906 (80.698)	Prec@5 99.219 (98.900)
Epoch: [29][210/391], lr: 0.01000	Loss 0.7388 (0.5814)	Prec@1 77.344 (80.795)	Prec@5 97.656 (98.908)
Epoch: [29][220/391], lr: 0.01000	Loss 0.7098 (0.5834)	Prec@1 76.562 (80.706)	Prec@5 99.219 (98.922)
Epoch: [29][230/391], lr: 0.01000	Loss 0.4860 (0.5840)	Prec@1 83.594 (80.655)	Prec@5 100.000 (98.914)
Epoch: [29][240/391], lr: 0.01000	Loss 0.6833 (0.5846)	Prec@1 79.688 (80.634)	Prec@5 98.438 (98.901)
Epoch: [29][250/391], lr: 0.01000	Loss 0.6460 (0.5851)	Prec@1 78.125 (80.615)	Prec@5 97.656 (98.895)
Epoch: [29][260/391], lr: 0.01000	Loss 0.5152 (0.5846)	Prec@1 85.156 (80.657)	Prec@5 99.219 (98.910)
Epoch: [29][270/391], lr: 0.01000	Loss 0.6452 (0.5837)	Prec@1 78.906 (80.702)	Prec@5 97.656 (98.925)
Epoch: [29][280/391], lr: 0.01000	Loss 0.5261 (0.5841)	Prec@1 82.031 (80.702)	Prec@5 97.656 (98.944)
Epoch: [29][290/391], lr: 0.01000	Loss 0.5831 (0.5844)	Prec@1 76.562 (80.659)	Prec@5 98.438 (98.940)
Epoch: [29][300/391], lr: 0.01000	Loss 0.5883 (0.5855)	Prec@1 79.688 (80.622)	Prec@5 99.219 (98.944)
Epoch: [29][310/391], lr: 0.01000	Loss 0.4897 (0.5861)	Prec@1 85.156 (80.602)	Prec@5 98.438 (98.937)
Epoch: [29][320/391], lr: 0.01000	Loss 0.4029 (0.5875)	Prec@1 90.625 (80.566)	Prec@5 100.000 (98.929)
Epoch: [29][330/391], lr: 0.01000	Loss 0.5871 (0.5882)	Prec@1 80.469 (80.544)	Prec@5 99.219 (98.924)
Epoch: [29][340/391], lr: 0.01000	Loss 0.7939 (0.5888)	Prec@1 75.000 (80.531)	Prec@5 98.438 (98.928)
Epoch: [29][350/391], lr: 0.01000	Loss 0.5927 (0.5898)	Prec@1 82.031 (80.487)	Prec@5 98.438 (98.929)
Epoch: [29][360/391], lr: 0.01000	Loss 0.5031 (0.5914)	Prec@1 82.812 (80.421)	Prec@5 99.219 (98.937)
Epoch: [29][370/391], lr: 0.01000	Loss 0.6429 (0.5920)	Prec@1 74.219 (80.378)	Prec@5 99.219 (98.937)
Epoch: [29][380/391], lr: 0.01000	Loss 0.6272 (0.5929)	Prec@1 77.344 (80.311)	Prec@5 100.000 (98.926)
Epoch: [29][390/391], lr: 0.01000	Loss 0.7154 (0.5937)	Prec@1 72.500 (80.250)	Prec@5 100.000 (98.928)
Epoch [29] Training Results: Prec@1 80.250 Prec@5 98.928             Loss 0.59375
Epoch [29] Training Class Recall: [0.644,0.752,0.708,0.753,0.803,0.836,0.861,0.869,0.897,0.902]

Epoch: [30][0/391], lr: 0.01000	Loss 0.4992 (0.4992)	Prec@1 84.375 (84.375)	Prec@5 99.219 (99.219)
Epoch: [30][10/391], lr: 0.01000	Loss 0.5693 (0.5332)	Prec@1 85.156 (81.960)	Prec@5 97.656 (99.219)
Epoch: [30][20/391], lr: 0.01000	Loss 0.4740 (0.5501)	Prec@1 82.031 (81.659)	Prec@5 100.000 (98.996)
Epoch: [30][30/391], lr: 0.01000	Loss 0.5105 (0.5424)	Prec@1 82.031 (82.006)	Prec@5 100.000 (99.093)
Epoch: [30][40/391], lr: 0.01000	Loss 0.4785 (0.5474)	Prec@1 82.812 (81.803)	Prec@5 100.000 (99.200)
Epoch: [30][50/391], lr: 0.01000	Loss 0.7130 (0.5695)	Prec@1 75.781 (80.944)	Prec@5 99.219 (99.157)
Epoch: [30][60/391], lr: 0.01000	Loss 0.5060 (0.5726)	Prec@1 84.375 (80.917)	Prec@5 100.000 (99.116)
Epoch: [30][70/391], lr: 0.01000	Loss 0.6185 (0.5772)	Prec@1 81.250 (80.876)	Prec@5 98.438 (99.109)
Epoch: [30][80/391], lr: 0.01000	Loss 0.9409 (0.5807)	Prec@1 69.531 (80.758)	Prec@5 99.219 (99.074)
Epoch: [30][90/391], lr: 0.01000	Loss 0.6039 (0.5784)	Prec@1 75.781 (80.623)	Prec@5 100.000 (99.107)
Epoch: [30][100/391], lr: 0.01000	Loss 0.7593 (0.5851)	Prec@1 79.688 (80.515)	Prec@5 98.438 (99.080)
Epoch: [30][110/391], lr: 0.01000	Loss 0.6723 (0.5885)	Prec@1 78.906 (80.469)	Prec@5 97.656 (99.050)
Epoch: [30][120/391], lr: 0.01000	Loss 0.5647 (0.5902)	Prec@1 79.688 (80.365)	Prec@5 99.219 (99.032)
Epoch: [30][130/391], lr: 0.01000	Loss 0.6489 (0.5956)	Prec@1 78.125 (80.111)	Prec@5 98.438 (99.004)
Epoch: [30][140/391], lr: 0.01000	Loss 0.6268 (0.5956)	Prec@1 81.250 (80.120)	Prec@5 98.438 (99.025)
Epoch: [30][150/391], lr: 0.01000	Loss 0.6816 (0.5960)	Prec@1 76.562 (80.024)	Prec@5 98.438 (99.038)
Epoch: [30][160/391], lr: 0.01000	Loss 0.5312 (0.5960)	Prec@1 85.938 (80.056)	Prec@5 98.438 (99.025)
Epoch: [30][170/391], lr: 0.01000	Loss 0.4840 (0.5942)	Prec@1 85.156 (80.058)	Prec@5 99.219 (99.013)
Epoch: [30][180/391], lr: 0.01000	Loss 0.5559 (0.5935)	Prec@1 82.812 (80.171)	Prec@5 98.438 (99.016)
Epoch: [30][190/391], lr: 0.01000	Loss 0.5540 (0.5913)	Prec@1 78.125 (80.252)	Prec@5 98.438 (99.014)
Epoch: [30][200/391], lr: 0.01000	Loss 0.4852 (0.5881)	Prec@1 85.156 (80.379)	Prec@5 99.219 (99.052)
Epoch: [30][210/391], lr: 0.01000	Loss 0.6829 (0.5887)	Prec@1 78.125 (80.347)	Prec@5 96.094 (99.041)
Epoch: [30][220/391], lr: 0.01000	Loss 0.5663 (0.5903)	Prec@1 82.031 (80.317)	Prec@5 100.000 (99.021)
Epoch: [30][230/391], lr: 0.01000	Loss 0.8903 (0.5906)	Prec@1 73.438 (80.296)	Prec@5 98.438 (99.019)
Epoch: [30][240/391], lr: 0.01000	Loss 0.4257 (0.5909)	Prec@1 88.281 (80.252)	Prec@5 98.438 (99.021)
Epoch: [30][250/391], lr: 0.01000	Loss 0.5050 (0.5928)	Prec@1 83.594 (80.170)	Prec@5 99.219 (99.004)
Epoch: [30][260/391], lr: 0.01000	Loss 0.5203 (0.5924)	Prec@1 83.594 (80.205)	Prec@5 98.438 (99.012)
Epoch: [30][270/391], lr: 0.01000	Loss 0.4858 (0.5914)	Prec@1 81.250 (80.244)	Prec@5 100.000 (99.020)
Epoch: [30][280/391], lr: 0.01000	Loss 0.7055 (0.5909)	Prec@1 74.219 (80.249)	Prec@5 98.438 (99.030)
Epoch: [30][290/391], lr: 0.01000	Loss 0.7045 (0.5908)	Prec@1 77.344 (80.257)	Prec@5 93.750 (99.012)
Epoch: [30][300/391], lr: 0.01000	Loss 0.5302 (0.5904)	Prec@1 85.156 (80.300)	Prec@5 100.000 (98.996)
Epoch: [30][310/391], lr: 0.01000	Loss 0.6022 (0.5919)	Prec@1 82.031 (80.233)	Prec@5 99.219 (98.973)
Epoch: [30][320/391], lr: 0.01000	Loss 0.5441 (0.5919)	Prec@1 82.031 (80.208)	Prec@5 100.000 (98.975)
Epoch: [30][330/391], lr: 0.01000	Loss 0.3948 (0.5913)	Prec@1 89.844 (80.242)	Prec@5 100.000 (98.966)
Epoch: [30][340/391], lr: 0.01000	Loss 0.5856 (0.5924)	Prec@1 81.250 (80.219)	Prec@5 99.219 (98.964)
Epoch: [30][350/391], lr: 0.01000	Loss 0.6183 (0.5913)	Prec@1 76.562 (80.237)	Prec@5 100.000 (98.972)
Epoch: [30][360/391], lr: 0.01000	Loss 0.5237 (0.5896)	Prec@1 83.594 (80.309)	Prec@5 99.219 (98.970)
Epoch: [30][370/391], lr: 0.01000	Loss 0.4423 (0.5885)	Prec@1 85.156 (80.374)	Prec@5 100.000 (98.977)
Epoch: [30][380/391], lr: 0.01000	Loss 0.8019 (0.5902)	Prec@1 74.219 (80.333)	Prec@5 99.219 (98.962)
Epoch: [30][390/391], lr: 0.01000	Loss 0.7135 (0.5905)	Prec@1 72.500 (80.314)	Prec@5 100.000 (98.970)
Epoch [30] Training Results: Prec@1 80.314 Prec@5 98.970             Loss 0.59052
Epoch [30] Training Class Recall: [0.642,0.770,0.700,0.746,0.805,0.836,0.862,0.867,0.894,0.909]

Epoch: [31][0/391], lr: 0.01000	Loss 0.5783 (0.5783)	Prec@1 81.250 (81.250)	Prec@5 100.000 (100.000)
Epoch: [31][10/391], lr: 0.01000	Loss 0.3993 (0.5892)	Prec@1 87.500 (80.682)	Prec@5 98.438 (99.077)
Epoch: [31][20/391], lr: 0.01000	Loss 0.3109 (0.5242)	Prec@1 89.062 (82.664)	Prec@5 100.000 (99.293)
Epoch: [31][30/391], lr: 0.01000	Loss 0.6045 (0.5545)	Prec@1 76.562 (81.426)	Prec@5 99.219 (99.244)
Epoch: [31][40/391], lr: 0.01000	Loss 0.6275 (0.5566)	Prec@1 79.688 (81.555)	Prec@5 99.219 (99.219)
Epoch: [31][50/391], lr: 0.01000	Loss 0.5752 (0.5507)	Prec@1 82.031 (81.664)	Prec@5 100.000 (99.234)
Epoch: [31][60/391], lr: 0.01000	Loss 0.5611 (0.5573)	Prec@1 80.469 (81.378)	Prec@5 100.000 (99.232)
Epoch: [31][70/391], lr: 0.01000	Loss 0.5777 (0.5603)	Prec@1 81.250 (81.459)	Prec@5 99.219 (99.241)
Epoch: [31][80/391], lr: 0.01000	Loss 0.6109 (0.5561)	Prec@1 82.812 (81.539)	Prec@5 96.875 (99.190)
Epoch: [31][90/391], lr: 0.01000	Loss 0.5701 (0.5624)	Prec@1 84.375 (81.413)	Prec@5 98.438 (99.124)
Epoch: [31][100/391], lr: 0.01000	Loss 0.5361 (0.5600)	Prec@1 82.812 (81.552)	Prec@5 100.000 (99.134)
Epoch: [31][110/391], lr: 0.01000	Loss 0.4969 (0.5583)	Prec@1 85.156 (81.609)	Prec@5 99.219 (99.127)
Epoch: [31][120/391], lr: 0.01000	Loss 0.5427 (0.5590)	Prec@1 79.688 (81.599)	Prec@5 99.219 (99.141)
Epoch: [31][130/391], lr: 0.01000	Loss 0.5133 (0.5612)	Prec@1 83.594 (81.560)	Prec@5 99.219 (99.117)
Epoch: [31][140/391], lr: 0.01000	Loss 0.7466 (0.5680)	Prec@1 78.125 (81.311)	Prec@5 98.438 (99.080)
Epoch: [31][150/391], lr: 0.01000	Loss 0.6583 (0.5698)	Prec@1 77.344 (81.162)	Prec@5 98.438 (99.079)
Epoch: [31][160/391], lr: 0.01000	Loss 0.4410 (0.5704)	Prec@1 82.031 (81.119)	Prec@5 100.000 (99.044)
Epoch: [31][170/391], lr: 0.01000	Loss 0.4648 (0.5709)	Prec@1 83.594 (81.140)	Prec@5 98.438 (99.022)
Epoch: [31][180/391], lr: 0.01000	Loss 0.5018 (0.5708)	Prec@1 82.031 (81.108)	Prec@5 97.656 (99.029)
Epoch: [31][190/391], lr: 0.01000	Loss 0.6227 (0.5714)	Prec@1 78.906 (81.070)	Prec@5 98.438 (99.014)
Epoch: [31][200/391], lr: 0.01000	Loss 0.5389 (0.5704)	Prec@1 79.688 (81.087)	Prec@5 99.219 (99.013)
Epoch: [31][210/391], lr: 0.01000	Loss 0.5886 (0.5693)	Prec@1 80.469 (81.146)	Prec@5 98.438 (99.004)
Epoch: [31][220/391], lr: 0.01000	Loss 0.6307 (0.5686)	Prec@1 79.688 (81.137)	Prec@5 99.219 (99.003)
Epoch: [31][230/391], lr: 0.01000	Loss 0.5678 (0.5683)	Prec@1 82.812 (81.159)	Prec@5 97.656 (99.009)
Epoch: [31][240/391], lr: 0.01000	Loss 0.5057 (0.5666)	Prec@1 82.031 (81.211)	Prec@5 99.219 (99.011)
Epoch: [31][250/391], lr: 0.01000	Loss 0.5066 (0.5672)	Prec@1 85.156 (81.206)	Prec@5 99.219 (98.988)
Epoch: [31][260/391], lr: 0.01000	Loss 0.6534 (0.5662)	Prec@1 73.438 (81.247)	Prec@5 99.219 (98.991)
Epoch: [31][270/391], lr: 0.01000	Loss 0.4688 (0.5678)	Prec@1 85.938 (81.227)	Prec@5 99.219 (99.005)
Epoch: [31][280/391], lr: 0.01000	Loss 0.4898 (0.5682)	Prec@1 83.594 (81.175)	Prec@5 98.438 (98.996)
Epoch: [31][290/391], lr: 0.01000	Loss 0.5707 (0.5685)	Prec@1 82.031 (81.183)	Prec@5 100.000 (99.015)
Epoch: [31][300/391], lr: 0.01000	Loss 0.5165 (0.5695)	Prec@1 85.156 (81.144)	Prec@5 100.000 (99.024)
Epoch: [31][310/391], lr: 0.01000	Loss 0.4845 (0.5689)	Prec@1 82.031 (81.144)	Prec@5 100.000 (99.028)
Epoch: [31][320/391], lr: 0.01000	Loss 0.5638 (0.5686)	Prec@1 79.688 (81.172)	Prec@5 99.219 (99.024)
Epoch: [31][330/391], lr: 0.01000	Loss 0.5151 (0.5701)	Prec@1 83.594 (81.118)	Prec@5 99.219 (99.009)
Epoch: [31][340/391], lr: 0.01000	Loss 0.5080 (0.5688)	Prec@1 80.469 (81.177)	Prec@5 100.000 (99.026)
Epoch: [31][350/391], lr: 0.01000	Loss 0.5393 (0.5678)	Prec@1 82.031 (81.214)	Prec@5 98.438 (99.018)
Epoch: [31][360/391], lr: 0.01000	Loss 0.5255 (0.5681)	Prec@1 82.812 (81.209)	Prec@5 96.875 (99.017)
Epoch: [31][370/391], lr: 0.01000	Loss 0.6013 (0.5688)	Prec@1 84.375 (81.195)	Prec@5 98.438 (99.008)
Epoch: [31][380/391], lr: 0.01000	Loss 0.5128 (0.5699)	Prec@1 83.594 (81.141)	Prec@5 98.438 (99.005)
Epoch: [31][390/391], lr: 0.01000	Loss 0.6389 (0.5703)	Prec@1 76.250 (81.140)	Prec@5 98.750 (99.008)
Epoch [31] Training Results: Prec@1 81.140 Prec@5 99.008             Loss 0.57028
Epoch [31] Training Class Recall: [0.643,0.772,0.716,0.765,0.812,0.850,0.871,0.873,0.901,0.911]

Epoch: [32][0/391], lr: 0.01000	Loss 0.6072 (0.6072)	Prec@1 78.125 (78.125)	Prec@5 99.219 (99.219)
Epoch: [32][10/391], lr: 0.01000	Loss 0.5628 (0.5722)	Prec@1 79.688 (81.179)	Prec@5 100.000 (99.219)
Epoch: [32][20/391], lr: 0.01000	Loss 0.4922 (0.5369)	Prec@1 82.812 (82.180)	Prec@5 100.000 (99.293)
Epoch: [32][30/391], lr: 0.01000	Loss 0.5611 (0.5247)	Prec@1 82.031 (82.686)	Prec@5 100.000 (99.294)
Epoch: [32][40/391], lr: 0.01000	Loss 0.5120 (0.5181)	Prec@1 82.031 (82.908)	Prec@5 100.000 (99.409)
Epoch: [32][50/391], lr: 0.01000	Loss 0.3501 (0.4996)	Prec@1 90.625 (83.563)	Prec@5 99.219 (99.464)
Epoch: [32][60/391], lr: 0.01000	Loss 0.2904 (0.4942)	Prec@1 89.844 (83.722)	Prec@5 100.000 (99.398)
Epoch: [32][70/391], lr: 0.01000	Loss 0.3527 (0.4947)	Prec@1 90.625 (83.803)	Prec@5 100.000 (99.362)
Epoch: [32][80/391], lr: 0.01000	Loss 0.5095 (0.5023)	Prec@1 81.250 (83.507)	Prec@5 100.000 (99.383)
Epoch: [32][90/391], lr: 0.01000	Loss 0.4928 (0.5068)	Prec@1 83.594 (83.207)	Prec@5 100.000 (99.356)
Epoch: [32][100/391], lr: 0.01000	Loss 0.5510 (0.5066)	Prec@1 82.031 (83.153)	Prec@5 99.219 (99.366)
Epoch: [32][110/391], lr: 0.01000	Loss 0.6000 (0.5126)	Prec@1 80.469 (82.939)	Prec@5 100.000 (99.345)
Epoch: [32][120/391], lr: 0.01000	Loss 0.7968 (0.5216)	Prec@1 74.219 (82.599)	Prec@5 98.438 (99.309)
Epoch: [32][130/391], lr: 0.01000	Loss 0.4416 (0.5274)	Prec@1 85.938 (82.455)	Prec@5 97.656 (99.272)
Epoch: [32][140/391], lr: 0.01000	Loss 0.5572 (0.5306)	Prec@1 81.250 (82.297)	Prec@5 99.219 (99.230)
Epoch: [32][150/391], lr: 0.01000	Loss 0.5476 (0.5303)	Prec@1 82.812 (82.352)	Prec@5 99.219 (99.224)
Epoch: [32][160/391], lr: 0.01000	Loss 0.5039 (0.5336)	Prec@1 82.812 (82.259)	Prec@5 99.219 (99.190)
Epoch: [32][170/391], lr: 0.01000	Loss 0.5913 (0.5372)	Prec@1 80.469 (82.177)	Prec@5 99.219 (99.173)
Epoch: [32][180/391], lr: 0.01000	Loss 0.6397 (0.5425)	Prec@1 81.250 (82.023)	Prec@5 99.219 (99.158)
Epoch: [32][190/391], lr: 0.01000	Loss 0.5652 (0.5433)	Prec@1 78.906 (82.003)	Prec@5 99.219 (99.153)
Epoch: [32][200/391], lr: 0.01000	Loss 0.5572 (0.5430)	Prec@1 84.375 (82.008)	Prec@5 97.656 (99.141)
Epoch: [32][210/391], lr: 0.01000	Loss 0.6278 (0.5438)	Prec@1 79.688 (81.965)	Prec@5 100.000 (99.152)
Epoch: [32][220/391], lr: 0.01000	Loss 0.7305 (0.5447)	Prec@1 79.688 (81.929)	Prec@5 99.219 (99.155)
Epoch: [32][230/391], lr: 0.01000	Loss 0.4826 (0.5483)	Prec@1 86.719 (81.845)	Prec@5 99.219 (99.144)
Epoch: [32][240/391], lr: 0.01000	Loss 0.4831 (0.5489)	Prec@1 84.375 (81.837)	Prec@5 99.219 (99.131)
Epoch: [32][250/391], lr: 0.01000	Loss 0.5640 (0.5500)	Prec@1 85.156 (81.810)	Prec@5 99.219 (99.116)
Epoch: [32][260/391], lr: 0.01000	Loss 0.6817 (0.5514)	Prec@1 79.688 (81.798)	Prec@5 98.438 (99.099)
Epoch: [32][270/391], lr: 0.01000	Loss 0.4444 (0.5518)	Prec@1 85.156 (81.749)	Prec@5 99.219 (99.103)
Epoch: [32][280/391], lr: 0.01000	Loss 0.6132 (0.5529)	Prec@1 80.469 (81.734)	Prec@5 97.656 (99.105)
Epoch: [32][290/391], lr: 0.01000	Loss 0.7468 (0.5544)	Prec@1 75.000 (81.701)	Prec@5 96.875 (99.090)
Epoch: [32][300/391], lr: 0.01000	Loss 0.6996 (0.5559)	Prec@1 79.688 (81.668)	Prec@5 100.000 (99.094)
Epoch: [32][310/391], lr: 0.01000	Loss 0.6755 (0.5564)	Prec@1 78.125 (81.677)	Prec@5 99.219 (99.088)
Epoch: [32][320/391], lr: 0.01000	Loss 0.6512 (0.5586)	Prec@1 80.469 (81.635)	Prec@5 99.219 (99.080)
Epoch: [32][330/391], lr: 0.01000	Loss 0.7000 (0.5612)	Prec@1 73.438 (81.519)	Prec@5 100.000 (99.089)
Epoch: [32][340/391], lr: 0.01000	Loss 0.6683 (0.5621)	Prec@1 80.469 (81.488)	Prec@5 97.656 (99.081)
Epoch: [32][350/391], lr: 0.01000	Loss 0.4564 (0.5612)	Prec@1 84.375 (81.522)	Prec@5 99.219 (99.076)
Epoch: [32][360/391], lr: 0.01000	Loss 0.4381 (0.5606)	Prec@1 86.719 (81.536)	Prec@5 97.656 (99.061)
Epoch: [32][370/391], lr: 0.01000	Loss 0.5549 (0.5601)	Prec@1 81.250 (81.555)	Prec@5 99.219 (99.071)
Epoch: [32][380/391], lr: 0.01000	Loss 0.4684 (0.5589)	Prec@1 83.594 (81.572)	Prec@5 100.000 (99.075)
Epoch: [32][390/391], lr: 0.01000	Loss 0.6135 (0.5590)	Prec@1 78.750 (81.548)	Prec@5 98.750 (99.070)
Epoch [32] Training Results: Prec@1 81.548 Prec@5 99.070             Loss 0.55902
Epoch [32] Training Class Recall: [0.657,0.759,0.727,0.770,0.815,0.846,0.883,0.877,0.909,0.911]

Epoch: [33][0/391], lr: 0.01000	Loss 0.5308 (0.5308)	Prec@1 79.688 (79.688)	Prec@5 99.219 (99.219)
Epoch: [33][10/391], lr: 0.01000	Loss 0.4407 (0.5393)	Prec@1 87.500 (81.534)	Prec@5 100.000 (99.148)
Epoch: [33][20/391], lr: 0.01000	Loss 0.4603 (0.5334)	Prec@1 85.938 (81.957)	Prec@5 98.438 (99.182)
Epoch: [33][30/391], lr: 0.01000	Loss 0.6621 (0.5348)	Prec@1 76.562 (82.056)	Prec@5 98.438 (99.143)
Epoch: [33][40/391], lr: 0.01000	Loss 0.4611 (0.5327)	Prec@1 82.812 (82.069)	Prec@5 99.219 (99.047)
Epoch: [33][50/391], lr: 0.01000	Loss 0.6497 (0.5503)	Prec@1 84.375 (81.648)	Prec@5 98.438 (99.020)
Epoch: [33][60/391], lr: 0.01000	Loss 0.4265 (0.5467)	Prec@1 85.938 (81.762)	Prec@5 100.000 (99.065)
Epoch: [33][70/391], lr: 0.01000	Loss 0.6736 (0.5581)	Prec@1 75.000 (81.294)	Prec@5 98.438 (99.076)
Epoch: [33][80/391], lr: 0.01000	Loss 0.6934 (0.5593)	Prec@1 73.438 (81.211)	Prec@5 96.875 (99.074)
Epoch: [33][90/391], lr: 0.01000	Loss 0.6040 (0.5591)	Prec@1 81.250 (81.353)	Prec@5 98.438 (99.090)
Epoch: [33][100/391], lr: 0.01000	Loss 0.7779 (0.5599)	Prec@1 79.688 (81.389)	Prec@5 99.219 (99.095)
Epoch: [33][110/391], lr: 0.01000	Loss 0.5591 (0.5582)	Prec@1 80.469 (81.447)	Prec@5 100.000 (99.113)
Epoch: [33][120/391], lr: 0.01000	Loss 0.4095 (0.5584)	Prec@1 87.500 (81.418)	Prec@5 100.000 (99.141)
Epoch: [33][130/391], lr: 0.01000	Loss 0.4791 (0.5580)	Prec@1 83.594 (81.429)	Prec@5 97.656 (99.123)
Epoch: [33][140/391], lr: 0.01000	Loss 0.6805 (0.5579)	Prec@1 75.000 (81.400)	Prec@5 99.219 (99.158)
Epoch: [33][150/391], lr: 0.01000	Loss 0.5564 (0.5533)	Prec@1 81.250 (81.597)	Prec@5 99.219 (99.177)
Epoch: [33][160/391], lr: 0.01000	Loss 0.4456 (0.5538)	Prec@1 87.500 (81.653)	Prec@5 100.000 (99.151)
Epoch: [33][170/391], lr: 0.01000	Loss 0.5655 (0.5535)	Prec@1 80.469 (81.643)	Prec@5 98.438 (99.141)
Epoch: [33][180/391], lr: 0.01000	Loss 0.7390 (0.5521)	Prec@1 75.000 (81.682)	Prec@5 99.219 (99.158)
Epoch: [33][190/391], lr: 0.01000	Loss 0.4179 (0.5514)	Prec@1 86.719 (81.716)	Prec@5 99.219 (99.125)
Epoch: [33][200/391], lr: 0.01000	Loss 0.7318 (0.5508)	Prec@1 72.656 (81.751)	Prec@5 98.438 (99.122)
Epoch: [33][210/391], lr: 0.01000	Loss 0.5366 (0.5499)	Prec@1 82.031 (81.783)	Prec@5 99.219 (99.122)
Epoch: [33][220/391], lr: 0.01000	Loss 0.4631 (0.5484)	Prec@1 85.156 (81.879)	Prec@5 100.000 (99.127)
Epoch: [33][230/391], lr: 0.01000	Loss 0.6952 (0.5491)	Prec@1 76.562 (81.822)	Prec@5 100.000 (99.138)
Epoch: [33][240/391], lr: 0.01000	Loss 0.4905 (0.5476)	Prec@1 84.375 (81.911)	Prec@5 99.219 (99.138)
Epoch: [33][250/391], lr: 0.01000	Loss 0.5569 (0.5465)	Prec@1 82.031 (81.963)	Prec@5 98.438 (99.125)
Epoch: [33][260/391], lr: 0.01000	Loss 0.5088 (0.5457)	Prec@1 82.812 (81.989)	Prec@5 100.000 (99.138)
Epoch: [33][270/391], lr: 0.01000	Loss 0.4944 (0.5449)	Prec@1 82.031 (82.020)	Prec@5 98.438 (99.135)
Epoch: [33][280/391], lr: 0.01000	Loss 0.4487 (0.5423)	Prec@1 85.938 (82.142)	Prec@5 100.000 (99.152)
Epoch: [33][290/391], lr: 0.01000	Loss 0.4946 (0.5420)	Prec@1 83.594 (82.136)	Prec@5 100.000 (99.173)
Epoch: [33][300/391], lr: 0.01000	Loss 0.6852 (0.5432)	Prec@1 79.688 (82.096)	Prec@5 97.656 (99.169)
Epoch: [33][310/391], lr: 0.01000	Loss 0.5898 (0.5435)	Prec@1 79.688 (82.064)	Prec@5 100.000 (99.171)
Epoch: [33][320/391], lr: 0.01000	Loss 0.6262 (0.5430)	Prec@1 75.781 (82.075)	Prec@5 99.219 (99.173)
Epoch: [33][330/391], lr: 0.01000	Loss 0.4711 (0.5431)	Prec@1 83.594 (82.045)	Prec@5 100.000 (99.172)
Epoch: [33][340/391], lr: 0.01000	Loss 0.6370 (0.5425)	Prec@1 81.250 (82.052)	Prec@5 98.438 (99.166)
Epoch: [33][350/391], lr: 0.01000	Loss 0.4993 (0.5422)	Prec@1 81.250 (82.060)	Prec@5 100.000 (99.172)
Epoch: [33][360/391], lr: 0.01000	Loss 0.5424 (0.5427)	Prec@1 82.812 (82.057)	Prec@5 100.000 (99.173)
Epoch: [33][370/391], lr: 0.01000	Loss 0.4773 (0.5427)	Prec@1 83.594 (82.046)	Prec@5 99.219 (99.175)
Epoch: [33][380/391], lr: 0.01000	Loss 0.6114 (0.5432)	Prec@1 82.031 (82.011)	Prec@5 97.656 (99.161)
Epoch: [33][390/391], lr: 0.01000	Loss 0.6290 (0.5447)	Prec@1 75.000 (81.950)	Prec@5 100.000 (99.162)
Epoch [33] Training Results: Prec@1 81.950 Prec@5 99.162             Loss 0.54471
Epoch [33] Training Class Recall: [0.658,0.777,0.723,0.769,0.815,0.859,0.884,0.882,0.912,0.917]

Epoch: [34][0/391], lr: 0.01000	Loss 0.5538 (0.5538)	Prec@1 80.469 (80.469)	Prec@5 99.219 (99.219)
Epoch: [34][10/391], lr: 0.01000	Loss 0.4554 (0.5275)	Prec@1 85.156 (81.250)	Prec@5 99.219 (99.574)
Epoch: [34][20/391], lr: 0.01000	Loss 0.4013 (0.5624)	Prec@1 83.594 (80.543)	Prec@5 100.000 (99.256)
Epoch: [34][30/391], lr: 0.01000	Loss 0.4443 (0.5769)	Prec@1 87.500 (80.343)	Prec@5 98.438 (99.093)
Epoch: [34][40/391], lr: 0.01000	Loss 0.4947 (0.5732)	Prec@1 82.812 (80.564)	Prec@5 99.219 (99.047)
Epoch: [34][50/391], lr: 0.01000	Loss 0.5594 (0.5706)	Prec@1 82.812 (80.928)	Prec@5 98.438 (99.035)
Epoch: [34][60/391], lr: 0.01000	Loss 0.7205 (0.5776)	Prec@1 73.438 (80.712)	Prec@5 100.000 (99.001)
Epoch: [34][70/391], lr: 0.01000	Loss 0.5484 (0.5830)	Prec@1 79.688 (80.480)	Prec@5 100.000 (98.966)
Epoch: [34][80/391], lr: 0.01000	Loss 0.6999 (0.5843)	Prec@1 78.906 (80.459)	Prec@5 100.000 (98.987)
Epoch: [34][90/391], lr: 0.01000	Loss 0.6542 (0.5854)	Prec@1 77.344 (80.520)	Prec@5 99.219 (98.996)
Epoch: [34][100/391], lr: 0.01000	Loss 0.6343 (0.5838)	Prec@1 82.031 (80.585)	Prec@5 99.219 (98.994)
Epoch: [34][110/391], lr: 0.01000	Loss 0.5303 (0.5832)	Prec@1 80.469 (80.567)	Prec@5 98.438 (98.994)
Epoch: [34][120/391], lr: 0.01000	Loss 0.5568 (0.5776)	Prec@1 83.594 (80.753)	Prec@5 97.656 (99.012)
Epoch: [34][130/391], lr: 0.01000	Loss 0.4989 (0.5760)	Prec@1 81.250 (80.833)	Prec@5 100.000 (99.016)
Epoch: [34][140/391], lr: 0.01000	Loss 0.3612 (0.5678)	Prec@1 86.719 (81.172)	Prec@5 100.000 (99.019)
Epoch: [34][150/391], lr: 0.01000	Loss 0.4183 (0.5627)	Prec@1 85.156 (81.343)	Prec@5 100.000 (99.038)
Epoch: [34][160/391], lr: 0.01000	Loss 0.4443 (0.5610)	Prec@1 83.594 (81.381)	Prec@5 100.000 (99.054)
Epoch: [34][170/391], lr: 0.01000	Loss 0.4918 (0.5567)	Prec@1 86.719 (81.552)	Prec@5 100.000 (99.063)
Epoch: [34][180/391], lr: 0.01000	Loss 0.6088 (0.5560)	Prec@1 77.344 (81.587)	Prec@5 99.219 (99.072)
Epoch: [34][190/391], lr: 0.01000	Loss 0.5232 (0.5565)	Prec@1 80.469 (81.520)	Prec@5 99.219 (99.084)
Epoch: [34][200/391], lr: 0.01000	Loss 0.6683 (0.5576)	Prec@1 79.688 (81.452)	Prec@5 99.219 (99.079)
Epoch: [34][210/391], lr: 0.01000	Loss 0.5807 (0.5590)	Prec@1 80.469 (81.446)	Prec@5 98.438 (99.074)
Epoch: [34][220/391], lr: 0.01000	Loss 0.7371 (0.5599)	Prec@1 75.781 (81.409)	Prec@5 99.219 (99.081)
Epoch: [34][230/391], lr: 0.01000	Loss 0.6624 (0.5602)	Prec@1 81.250 (81.450)	Prec@5 98.438 (99.087)
Epoch: [34][240/391], lr: 0.01000	Loss 0.6181 (0.5608)	Prec@1 75.781 (81.406)	Prec@5 98.438 (99.099)
Epoch: [34][250/391], lr: 0.01000	Loss 0.5546 (0.5619)	Prec@1 80.469 (81.340)	Prec@5 98.438 (99.104)
Epoch: [34][260/391], lr: 0.01000	Loss 0.3961 (0.5620)	Prec@1 88.281 (81.373)	Prec@5 99.219 (99.093)
Epoch: [34][270/391], lr: 0.01000	Loss 0.5881 (0.5650)	Prec@1 84.375 (81.328)	Prec@5 99.219 (99.077)
Epoch: [34][280/391], lr: 0.01000	Loss 0.7658 (0.5673)	Prec@1 77.344 (81.267)	Prec@5 98.438 (99.077)
Epoch: [34][290/391], lr: 0.01000	Loss 0.5659 (0.5681)	Prec@1 82.812 (81.223)	Prec@5 99.219 (99.068)
Epoch: [34][300/391], lr: 0.01000	Loss 0.5438 (0.5695)	Prec@1 82.031 (81.162)	Prec@5 100.000 (99.042)
Epoch: [34][310/391], lr: 0.01000	Loss 0.4430 (0.5686)	Prec@1 82.031 (81.132)	Prec@5 100.000 (99.068)
Epoch: [34][320/391], lr: 0.01000	Loss 0.5344 (0.5682)	Prec@1 81.250 (81.114)	Prec@5 98.438 (99.075)
Epoch: [34][330/391], lr: 0.01000	Loss 0.5348 (0.5681)	Prec@1 81.250 (81.101)	Prec@5 99.219 (99.075)
Epoch: [34][340/391], lr: 0.01000	Loss 0.5189 (0.5676)	Prec@1 81.250 (81.115)	Prec@5 100.000 (99.081)
Epoch: [34][350/391], lr: 0.01000	Loss 0.5852 (0.5671)	Prec@1 81.250 (81.143)	Prec@5 99.219 (99.079)
Epoch: [34][360/391], lr: 0.01000	Loss 0.6260 (0.5673)	Prec@1 81.250 (81.157)	Prec@5 100.000 (99.089)
Epoch: [34][370/391], lr: 0.01000	Loss 0.5868 (0.5670)	Prec@1 78.906 (81.136)	Prec@5 99.219 (99.086)
Epoch: [34][380/391], lr: 0.01000	Loss 0.4917 (0.5660)	Prec@1 84.375 (81.188)	Prec@5 100.000 (99.096)
Epoch: [34][390/391], lr: 0.01000	Loss 0.8778 (0.5674)	Prec@1 77.500 (81.168)	Prec@5 98.750 (99.094)
Epoch [34] Training Results: Prec@1 81.168 Prec@5 99.094             Loss 0.56739
Epoch [34] Training Class Recall: [0.655,0.764,0.714,0.761,0.814,0.848,0.876,0.872,0.905,0.908]

Epoch: [35][0/391], lr: 0.01000	Loss 0.5085 (0.5085)	Prec@1 82.812 (82.812)	Prec@5 100.000 (100.000)
Epoch: [35][10/391], lr: 0.01000	Loss 0.6798 (0.5696)	Prec@1 75.000 (81.747)	Prec@5 98.438 (98.935)
Epoch: [35][20/391], lr: 0.01000	Loss 0.6063 (0.5707)	Prec@1 78.125 (81.585)	Prec@5 99.219 (98.958)
Epoch: [35][30/391], lr: 0.01000	Loss 0.3973 (0.5618)	Prec@1 88.281 (81.704)	Prec@5 100.000 (99.042)
Epoch: [35][40/391], lr: 0.01000	Loss 0.5175 (0.5509)	Prec@1 82.031 (81.612)	Prec@5 100.000 (99.143)
Epoch: [35][50/391], lr: 0.01000	Loss 0.5753 (0.5449)	Prec@1 81.250 (81.955)	Prec@5 98.438 (99.157)
Epoch: [35][60/391], lr: 0.01000	Loss 0.4636 (0.5419)	Prec@1 82.812 (82.006)	Prec@5 100.000 (99.168)
Epoch: [35][70/391], lr: 0.01000	Loss 0.3937 (0.5381)	Prec@1 85.938 (82.075)	Prec@5 100.000 (99.164)
Epoch: [35][80/391], lr: 0.01000	Loss 0.6463 (0.5357)	Prec@1 80.469 (82.157)	Prec@5 99.219 (99.180)
Epoch: [35][90/391], lr: 0.01000	Loss 0.4735 (0.5331)	Prec@1 83.594 (82.289)	Prec@5 99.219 (99.176)
Epoch: [35][100/391], lr: 0.01000	Loss 0.6343 (0.5322)	Prec@1 75.000 (82.356)	Prec@5 99.219 (99.165)
Epoch: [35][110/391], lr: 0.01000	Loss 0.4215 (0.5280)	Prec@1 87.500 (82.425)	Prec@5 99.219 (99.191)
Epoch: [35][120/391], lr: 0.01000	Loss 0.6270 (0.5281)	Prec@1 83.594 (82.515)	Prec@5 97.656 (99.186)
Epoch: [35][130/391], lr: 0.01000	Loss 0.5648 (0.5302)	Prec@1 82.031 (82.490)	Prec@5 99.219 (99.177)
Epoch: [35][140/391], lr: 0.01000	Loss 0.4459 (0.5320)	Prec@1 83.594 (82.452)	Prec@5 100.000 (99.180)
Epoch: [35][150/391], lr: 0.01000	Loss 0.4663 (0.5315)	Prec@1 85.156 (82.481)	Prec@5 99.219 (99.183)
Epoch: [35][160/391], lr: 0.01000	Loss 0.5811 (0.5326)	Prec@1 82.812 (82.458)	Prec@5 99.219 (99.170)
Epoch: [35][170/391], lr: 0.01000	Loss 0.5359 (0.5314)	Prec@1 83.594 (82.525)	Prec@5 100.000 (99.168)
Epoch: [35][180/391], lr: 0.01000	Loss 0.5368 (0.5305)	Prec@1 83.594 (82.592)	Prec@5 98.438 (99.154)
Epoch: [35][190/391], lr: 0.01000	Loss 0.4190 (0.5300)	Prec@1 84.375 (82.612)	Prec@5 100.000 (99.137)
Epoch: [35][200/391], lr: 0.01000	Loss 0.3821 (0.5267)	Prec@1 85.938 (82.731)	Prec@5 100.000 (99.145)
Epoch: [35][210/391], lr: 0.01000	Loss 0.6699 (0.5296)	Prec@1 78.906 (82.635)	Prec@5 100.000 (99.141)
Epoch: [35][220/391], lr: 0.01000	Loss 0.4909 (0.5299)	Prec@1 82.812 (82.611)	Prec@5 100.000 (99.148)
Epoch: [35][230/391], lr: 0.01000	Loss 0.5115 (0.5303)	Prec@1 85.156 (82.566)	Prec@5 99.219 (99.154)
Epoch: [35][240/391], lr: 0.01000	Loss 0.6061 (0.5296)	Prec@1 82.031 (82.592)	Prec@5 98.438 (99.157)
Epoch: [35][250/391], lr: 0.01000	Loss 0.6246 (0.5312)	Prec@1 75.000 (82.535)	Prec@5 98.438 (99.141)
Epoch: [35][260/391], lr: 0.01000	Loss 0.5302 (0.5301)	Prec@1 84.375 (82.612)	Prec@5 99.219 (99.144)
Epoch: [35][270/391], lr: 0.01000	Loss 0.5920 (0.5325)	Prec@1 80.469 (82.516)	Prec@5 99.219 (99.138)
Epoch: [35][280/391], lr: 0.01000	Loss 0.5389 (0.5332)	Prec@1 83.594 (82.476)	Prec@5 100.000 (99.138)
Epoch: [35][290/391], lr: 0.01000	Loss 0.4961 (0.5334)	Prec@1 81.250 (82.458)	Prec@5 100.000 (99.149)
Epoch: [35][300/391], lr: 0.01000	Loss 0.6033 (0.5364)	Prec@1 75.781 (82.348)	Prec@5 100.000 (99.143)
Epoch: [35][310/391], lr: 0.01000	Loss 0.5528 (0.5375)	Prec@1 83.594 (82.300)	Prec@5 100.000 (99.143)
Epoch: [35][320/391], lr: 0.01000	Loss 0.6587 (0.5393)	Prec@1 80.469 (82.258)	Prec@5 98.438 (99.141)
Epoch: [35][330/391], lr: 0.01000	Loss 0.6549 (0.5411)	Prec@1 78.125 (82.192)	Prec@5 97.656 (99.129)
Epoch: [35][340/391], lr: 0.01000	Loss 0.3800 (0.5420)	Prec@1 86.719 (82.185)	Prec@5 99.219 (99.116)
Epoch: [35][350/391], lr: 0.01000	Loss 0.6633 (0.5421)	Prec@1 75.781 (82.165)	Prec@5 98.438 (99.105)
Epoch: [35][360/391], lr: 0.01000	Loss 0.6541 (0.5424)	Prec@1 78.906 (82.170)	Prec@5 100.000 (99.100)
Epoch: [35][370/391], lr: 0.01000	Loss 0.5838 (0.5410)	Prec@1 81.250 (82.223)	Prec@5 98.438 (99.103)
Epoch: [35][380/391], lr: 0.01000	Loss 0.5071 (0.5403)	Prec@1 83.594 (82.257)	Prec@5 99.219 (99.104)
Epoch: [35][390/391], lr: 0.01000	Loss 0.7163 (0.5398)	Prec@1 76.250 (82.272)	Prec@5 97.500 (99.102)
Epoch [35] Training Results: Prec@1 82.272 Prec@5 99.102             Loss 0.53982
Epoch [35] Training Class Recall: [0.677,0.779,0.726,0.772,0.828,0.853,0.879,0.887,0.906,0.922]

Epoch: [36][0/391], lr: 0.01000	Loss 0.5461 (0.5461)	Prec@1 84.375 (84.375)	Prec@5 97.656 (97.656)
Epoch: [36][10/391], lr: 0.01000	Loss 0.4246 (0.5041)	Prec@1 89.062 (84.162)	Prec@5 100.000 (99.290)
Epoch: [36][20/391], lr: 0.01000	Loss 0.5748 (0.5324)	Prec@1 82.812 (82.924)	Prec@5 100.000 (99.144)
Epoch: [36][30/391], lr: 0.01000	Loss 0.8130 (0.5420)	Prec@1 74.219 (82.056)	Prec@5 96.875 (99.143)
Epoch: [36][40/391], lr: 0.01000	Loss 0.5198 (0.5432)	Prec@1 84.375 (81.860)	Prec@5 99.219 (99.009)
Epoch: [36][50/391], lr: 0.01000	Loss 0.5478 (0.5437)	Prec@1 80.469 (81.710)	Prec@5 99.219 (99.004)
Epoch: [36][60/391], lr: 0.01000	Loss 0.6207 (0.5439)	Prec@1 79.688 (81.724)	Prec@5 98.438 (99.001)
Epoch: [36][70/391], lr: 0.01000	Loss 0.5093 (0.5444)	Prec@1 83.594 (81.690)	Prec@5 98.438 (99.054)
Epoch: [36][80/391], lr: 0.01000	Loss 0.5682 (0.5451)	Prec@1 78.906 (81.617)	Prec@5 99.219 (99.093)
Epoch: [36][90/391], lr: 0.01000	Loss 0.4675 (0.5405)	Prec@1 85.156 (81.679)	Prec@5 99.219 (99.107)
Epoch: [36][100/391], lr: 0.01000	Loss 0.4086 (0.5375)	Prec@1 89.844 (81.784)	Prec@5 100.000 (99.064)
Epoch: [36][110/391], lr: 0.01000	Loss 0.4763 (0.5353)	Prec@1 85.938 (81.926)	Prec@5 100.000 (99.071)
Epoch: [36][120/391], lr: 0.01000	Loss 0.7043 (0.5373)	Prec@1 77.344 (81.786)	Prec@5 99.219 (99.096)
Epoch: [36][130/391], lr: 0.01000	Loss 0.5505 (0.5383)	Prec@1 81.250 (81.715)	Prec@5 98.438 (99.099)
Epoch: [36][140/391], lr: 0.01000	Loss 0.4162 (0.5365)	Prec@1 84.375 (81.760)	Prec@5 100.000 (99.119)
Epoch: [36][150/391], lr: 0.01000	Loss 0.6297 (0.5389)	Prec@1 82.812 (81.742)	Prec@5 100.000 (99.089)
Epoch: [36][160/391], lr: 0.01000	Loss 0.3958 (0.5365)	Prec@1 85.938 (81.823)	Prec@5 100.000 (99.107)
Epoch: [36][170/391], lr: 0.01000	Loss 0.3571 (0.5328)	Prec@1 88.281 (81.890)	Prec@5 100.000 (99.137)
Epoch: [36][180/391], lr: 0.01000	Loss 0.4965 (0.5325)	Prec@1 85.156 (81.967)	Prec@5 99.219 (99.137)
Epoch: [36][190/391], lr: 0.01000	Loss 0.5901 (0.5317)	Prec@1 81.250 (82.007)	Prec@5 97.656 (99.125)
Epoch: [36][200/391], lr: 0.01000	Loss 0.6433 (0.5318)	Prec@1 78.906 (82.004)	Prec@5 96.875 (99.110)
Epoch: [36][210/391], lr: 0.01000	Loss 0.5233 (0.5321)	Prec@1 85.156 (82.050)	Prec@5 100.000 (99.119)
Epoch: [36][220/391], lr: 0.01000	Loss 0.4898 (0.5302)	Prec@1 83.594 (82.130)	Prec@5 99.219 (99.137)
Epoch: [36][230/391], lr: 0.01000	Loss 0.5440 (0.5309)	Prec@1 81.250 (82.112)	Prec@5 100.000 (99.138)
Epoch: [36][240/391], lr: 0.01000	Loss 0.4729 (0.5287)	Prec@1 85.938 (82.184)	Prec@5 100.000 (99.151)
Epoch: [36][250/391], lr: 0.01000	Loss 0.4290 (0.5293)	Prec@1 85.938 (82.153)	Prec@5 100.000 (99.157)
Epoch: [36][260/391], lr: 0.01000	Loss 0.5206 (0.5282)	Prec@1 84.375 (82.187)	Prec@5 100.000 (99.159)
Epoch: [36][270/391], lr: 0.01000	Loss 0.5311 (0.5271)	Prec@1 82.812 (82.230)	Prec@5 99.219 (99.155)
Epoch: [36][280/391], lr: 0.01000	Loss 0.6241 (0.5263)	Prec@1 77.344 (82.259)	Prec@5 100.000 (99.163)
Epoch: [36][290/391], lr: 0.01000	Loss 0.5343 (0.5251)	Prec@1 82.031 (82.324)	Prec@5 98.438 (99.170)
Epoch: [36][300/391], lr: 0.01000	Loss 0.4560 (0.5271)	Prec@1 85.938 (82.273)	Prec@5 99.219 (99.154)
Epoch: [36][310/391], lr: 0.01000	Loss 0.5728 (0.5288)	Prec@1 80.469 (82.210)	Prec@5 99.219 (99.156)
Epoch: [36][320/391], lr: 0.01000	Loss 0.5348 (0.5310)	Prec@1 77.344 (82.143)	Prec@5 100.000 (99.148)
Epoch: [36][330/391], lr: 0.01000	Loss 0.5101 (0.5330)	Prec@1 84.375 (82.090)	Prec@5 97.656 (99.124)
Epoch: [36][340/391], lr: 0.01000	Loss 0.3545 (0.5345)	Prec@1 88.281 (82.031)	Prec@5 100.000 (99.129)
Epoch: [36][350/391], lr: 0.01000	Loss 0.5842 (0.5349)	Prec@1 81.250 (81.973)	Prec@5 99.219 (99.141)
Epoch: [36][360/391], lr: 0.01000	Loss 0.5785 (0.5364)	Prec@1 78.906 (81.901)	Prec@5 100.000 (99.139)
Epoch: [36][370/391], lr: 0.01000	Loss 0.4733 (0.5371)	Prec@1 83.594 (81.884)	Prec@5 99.219 (99.135)
Epoch: [36][380/391], lr: 0.01000	Loss 0.5975 (0.5378)	Prec@1 78.906 (81.865)	Prec@5 100.000 (99.126)
Epoch: [36][390/391], lr: 0.01000	Loss 0.3974 (0.5380)	Prec@1 88.750 (81.866)	Prec@5 100.000 (99.128)
Epoch [36] Training Results: Prec@1 81.866 Prec@5 99.128             Loss 0.53799
Epoch [36] Training Class Recall: [0.657,0.775,0.728,0.773,0.827,0.846,0.878,0.875,0.908,0.920]

Epoch: [37][0/391], lr: 0.01000	Loss 0.6324 (0.6324)	Prec@1 75.781 (75.781)	Prec@5 100.000 (100.000)
Epoch: [37][10/391], lr: 0.01000	Loss 0.5217 (0.5135)	Prec@1 84.375 (83.239)	Prec@5 99.219 (99.432)
Epoch: [37][20/391], lr: 0.01000	Loss 0.6842 (0.5131)	Prec@1 75.000 (83.259)	Prec@5 99.219 (99.330)
Epoch: [37][30/391], lr: 0.01000	Loss 0.3677 (0.5125)	Prec@1 85.938 (82.787)	Prec@5 100.000 (99.294)
Epoch: [37][40/391], lr: 0.01000	Loss 0.3989 (0.5197)	Prec@1 85.938 (82.355)	Prec@5 100.000 (99.200)
Epoch: [37][50/391], lr: 0.01000	Loss 0.3835 (0.5080)	Prec@1 90.625 (82.966)	Prec@5 99.219 (99.203)
Epoch: [37][60/391], lr: 0.01000	Loss 0.3607 (0.5028)	Prec@1 87.500 (83.171)	Prec@5 100.000 (99.232)
Epoch: [37][70/391], lr: 0.01000	Loss 0.5098 (0.5007)	Prec@1 82.812 (83.187)	Prec@5 98.438 (99.219)
Epoch: [37][80/391], lr: 0.01000	Loss 0.4841 (0.4994)	Prec@1 83.594 (83.140)	Prec@5 98.438 (99.209)
Epoch: [37][90/391], lr: 0.01000	Loss 0.4775 (0.5018)	Prec@1 84.375 (83.096)	Prec@5 100.000 (99.210)
Epoch: [37][100/391], lr: 0.01000	Loss 0.4420 (0.5034)	Prec@1 83.594 (83.052)	Prec@5 99.219 (99.211)
Epoch: [37][110/391], lr: 0.01000	Loss 0.4952 (0.5072)	Prec@1 83.594 (82.960)	Prec@5 100.000 (99.233)
Epoch: [37][120/391], lr: 0.01000	Loss 0.5704 (0.5134)	Prec@1 80.469 (82.690)	Prec@5 100.000 (99.238)
Epoch: [37][130/391], lr: 0.01000	Loss 0.7165 (0.5193)	Prec@1 82.031 (82.598)	Prec@5 97.656 (99.219)
Epoch: [37][140/391], lr: 0.01000	Loss 0.5437 (0.5232)	Prec@1 82.031 (82.419)	Prec@5 97.656 (99.208)
Epoch: [37][150/391], lr: 0.01000	Loss 0.5365 (0.5225)	Prec@1 81.250 (82.393)	Prec@5 100.000 (99.208)
Epoch: [37][160/391], lr: 0.01000	Loss 0.4496 (0.5215)	Prec@1 85.156 (82.434)	Prec@5 99.219 (99.224)
Epoch: [37][170/391], lr: 0.01000	Loss 0.5913 (0.5222)	Prec@1 81.250 (82.401)	Prec@5 100.000 (99.232)
Epoch: [37][180/391], lr: 0.01000	Loss 0.5004 (0.5224)	Prec@1 85.156 (82.372)	Prec@5 99.219 (99.232)
Epoch: [37][190/391], lr: 0.01000	Loss 0.3383 (0.5240)	Prec@1 89.844 (82.358)	Prec@5 100.000 (99.231)
Epoch: [37][200/391], lr: 0.01000	Loss 0.4118 (0.5227)	Prec@1 86.719 (82.482)	Prec@5 100.000 (99.238)
Epoch: [37][210/391], lr: 0.01000	Loss 0.4534 (0.5231)	Prec@1 85.156 (82.494)	Prec@5 97.656 (99.226)
Epoch: [37][220/391], lr: 0.01000	Loss 0.5208 (0.5233)	Prec@1 85.938 (82.487)	Prec@5 100.000 (99.229)
Epoch: [37][230/391], lr: 0.01000	Loss 0.4609 (0.5241)	Prec@1 84.375 (82.457)	Prec@5 100.000 (99.232)
Epoch: [37][240/391], lr: 0.01000	Loss 0.6290 (0.5240)	Prec@1 78.906 (82.417)	Prec@5 100.000 (99.228)
Epoch: [37][250/391], lr: 0.01000	Loss 0.5821 (0.5263)	Prec@1 82.812 (82.395)	Prec@5 97.656 (99.213)
Epoch: [37][260/391], lr: 0.01000	Loss 0.5059 (0.5254)	Prec@1 81.250 (82.372)	Prec@5 100.000 (99.231)
Epoch: [37][270/391], lr: 0.01000	Loss 0.4327 (0.5274)	Prec@1 85.156 (82.308)	Prec@5 99.219 (99.227)
Epoch: [37][280/391], lr: 0.01000	Loss 0.5896 (0.5296)	Prec@1 81.250 (82.290)	Prec@5 100.000 (99.227)
Epoch: [37][290/391], lr: 0.01000	Loss 0.7201 (0.5320)	Prec@1 82.031 (82.254)	Prec@5 98.438 (99.211)
Epoch: [37][300/391], lr: 0.01000	Loss 0.5411 (0.5315)	Prec@1 82.031 (82.260)	Prec@5 100.000 (99.227)
Epoch: [37][310/391], lr: 0.01000	Loss 0.6097 (0.5322)	Prec@1 82.812 (82.250)	Prec@5 98.438 (99.229)
Epoch: [37][320/391], lr: 0.01000	Loss 0.4387 (0.5335)	Prec@1 84.375 (82.206)	Prec@5 100.000 (99.231)
Epoch: [37][330/391], lr: 0.01000	Loss 0.4526 (0.5361)	Prec@1 83.594 (82.145)	Prec@5 99.219 (99.231)
Epoch: [37][340/391], lr: 0.01000	Loss 0.5564 (0.5366)	Prec@1 82.812 (82.091)	Prec@5 99.219 (99.230)
Epoch: [37][350/391], lr: 0.01000	Loss 0.6670 (0.5368)	Prec@1 78.125 (82.098)	Prec@5 99.219 (99.237)
Epoch: [37][360/391], lr: 0.01000	Loss 0.5039 (0.5375)	Prec@1 85.156 (82.092)	Prec@5 99.219 (99.225)
Epoch: [37][370/391], lr: 0.01000	Loss 0.5759 (0.5379)	Prec@1 80.469 (82.092)	Prec@5 98.438 (99.221)
Epoch: [37][380/391], lr: 0.01000	Loss 0.5383 (0.5373)	Prec@1 82.812 (82.119)	Prec@5 99.219 (99.223)
Epoch: [37][390/391], lr: 0.01000	Loss 0.6584 (0.5362)	Prec@1 77.500 (82.188)	Prec@5 98.750 (99.212)
Epoch [37] Training Results: Prec@1 82.188 Prec@5 99.212             Loss 0.53621
Epoch [37] Training Class Recall: [0.658,0.778,0.730,0.787,0.830,0.859,0.879,0.883,0.901,0.914]

Epoch: [38][0/391], lr: 0.01000	Loss 0.4288 (0.4288)	Prec@1 84.375 (84.375)	Prec@5 100.000 (100.000)
Epoch: [38][10/391], lr: 0.01000	Loss 0.5445 (0.5263)	Prec@1 85.938 (83.168)	Prec@5 99.219 (98.935)
Epoch: [38][20/391], lr: 0.01000	Loss 0.3890 (0.5038)	Prec@1 85.938 (83.668)	Prec@5 99.219 (99.182)
Epoch: [38][30/391], lr: 0.01000	Loss 0.4886 (0.5073)	Prec@1 83.594 (83.367)	Prec@5 99.219 (99.219)
Epoch: [38][40/391], lr: 0.01000	Loss 0.5956 (0.5114)	Prec@1 83.594 (83.155)	Prec@5 100.000 (99.238)
Epoch: [38][50/391], lr: 0.01000	Loss 0.6153 (0.5147)	Prec@1 77.344 (82.904)	Prec@5 100.000 (99.280)
Epoch: [38][60/391], lr: 0.01000	Loss 0.5698 (0.5153)	Prec@1 82.031 (82.748)	Prec@5 98.438 (99.296)
Epoch: [38][70/391], lr: 0.01000	Loss 0.4955 (0.5184)	Prec@1 85.156 (82.768)	Prec@5 99.219 (99.340)
Epoch: [38][80/391], lr: 0.01000	Loss 0.7124 (0.5201)	Prec@1 80.469 (82.629)	Prec@5 97.656 (99.315)
Epoch: [38][90/391], lr: 0.01000	Loss 0.4733 (0.5170)	Prec@1 84.375 (82.804)	Prec@5 100.000 (99.330)
Epoch: [38][100/391], lr: 0.01000	Loss 0.6161 (0.5184)	Prec@1 79.688 (82.766)	Prec@5 98.438 (99.296)
Epoch: [38][110/391], lr: 0.01000	Loss 0.4993 (0.5183)	Prec@1 86.719 (82.798)	Prec@5 98.438 (99.254)
Epoch: [38][120/391], lr: 0.01000	Loss 0.5855 (0.5168)	Prec@1 80.469 (82.812)	Prec@5 99.219 (99.270)
Epoch: [38][130/391], lr: 0.01000	Loss 0.5284 (0.5199)	Prec@1 79.688 (82.693)	Prec@5 99.219 (99.260)
Epoch: [38][140/391], lr: 0.01000	Loss 0.4740 (0.5206)	Prec@1 85.156 (82.691)	Prec@5 99.219 (99.241)
Epoch: [38][150/391], lr: 0.01000	Loss 0.4438 (0.5221)	Prec@1 82.031 (82.626)	Prec@5 100.000 (99.234)
Epoch: [38][160/391], lr: 0.01000	Loss 0.4763 (0.5220)	Prec@1 87.500 (82.711)	Prec@5 98.438 (99.199)
Epoch: [38][170/391], lr: 0.01000	Loss 0.5623 (0.5256)	Prec@1 81.250 (82.566)	Prec@5 99.219 (99.191)
Epoch: [38][180/391], lr: 0.01000	Loss 0.4854 (0.5277)	Prec@1 86.719 (82.536)	Prec@5 98.438 (99.176)
Epoch: [38][190/391], lr: 0.01000	Loss 0.7880 (0.5295)	Prec@1 73.438 (82.436)	Prec@5 96.875 (99.153)
Epoch: [38][200/391], lr: 0.01000	Loss 0.6571 (0.5301)	Prec@1 78.125 (82.397)	Prec@5 96.875 (99.141)
Epoch: [38][210/391], lr: 0.01000	Loss 0.6105 (0.5297)	Prec@1 80.469 (82.435)	Prec@5 99.219 (99.156)
Epoch: [38][220/391], lr: 0.01000	Loss 0.5252 (0.5311)	Prec@1 82.812 (82.342)	Prec@5 99.219 (99.130)
Epoch: [38][230/391], lr: 0.01000	Loss 0.5651 (0.5307)	Prec@1 82.812 (82.393)	Prec@5 99.219 (99.127)
Epoch: [38][240/391], lr: 0.01000	Loss 0.5778 (0.5297)	Prec@1 85.156 (82.449)	Prec@5 97.656 (99.131)
Epoch: [38][250/391], lr: 0.01000	Loss 0.5060 (0.5292)	Prec@1 84.375 (82.489)	Prec@5 100.000 (99.116)
Epoch: [38][260/391], lr: 0.01000	Loss 0.5380 (0.5282)	Prec@1 81.250 (82.516)	Prec@5 99.219 (99.117)
Epoch: [38][270/391], lr: 0.01000	Loss 0.4601 (0.5263)	Prec@1 84.375 (82.547)	Prec@5 98.438 (99.127)
Epoch: [38][280/391], lr: 0.01000	Loss 0.5775 (0.5274)	Prec@1 82.812 (82.554)	Prec@5 98.438 (99.116)
Epoch: [38][290/391], lr: 0.01000	Loss 0.4821 (0.5268)	Prec@1 82.812 (82.568)	Prec@5 99.219 (99.111)
Epoch: [38][300/391], lr: 0.01000	Loss 0.6276 (0.5273)	Prec@1 85.938 (82.571)	Prec@5 98.438 (99.123)
Epoch: [38][310/391], lr: 0.01000	Loss 0.3875 (0.5267)	Prec@1 87.500 (82.607)	Prec@5 100.000 (99.126)
Epoch: [38][320/391], lr: 0.01000	Loss 0.4117 (0.5250)	Prec@1 85.938 (82.647)	Prec@5 99.219 (99.131)
Epoch: [38][330/391], lr: 0.01000	Loss 0.6257 (0.5237)	Prec@1 78.906 (82.697)	Prec@5 97.656 (99.139)
Epoch: [38][340/391], lr: 0.01000	Loss 0.4970 (0.5243)	Prec@1 83.594 (82.686)	Prec@5 99.219 (99.136)
Epoch: [38][350/391], lr: 0.01000	Loss 0.5236 (0.5242)	Prec@1 82.812 (82.708)	Prec@5 99.219 (99.139)
Epoch: [38][360/391], lr: 0.01000	Loss 0.5096 (0.5233)	Prec@1 83.594 (82.748)	Prec@5 98.438 (99.149)
Epoch: [38][370/391], lr: 0.01000	Loss 0.5439 (0.5234)	Prec@1 82.031 (82.751)	Prec@5 98.438 (99.153)
Epoch: [38][380/391], lr: 0.01000	Loss 0.5447 (0.5239)	Prec@1 81.250 (82.733)	Prec@5 100.000 (99.155)
Epoch: [38][390/391], lr: 0.01000	Loss 0.4852 (0.5253)	Prec@1 78.750 (82.676)	Prec@5 100.000 (99.156)
Epoch [38] Training Results: Prec@1 82.676 Prec@5 99.156             Loss 0.52526
Epoch [38] Training Class Recall: [0.677,0.784,0.733,0.784,0.839,0.860,0.886,0.883,0.904,0.918]

Epoch: [39][0/391], lr: 0.01000	Loss 0.5017 (0.5017)	Prec@1 81.250 (81.250)	Prec@5 100.000 (100.000)
Epoch: [39][10/391], lr: 0.01000	Loss 0.6390 (0.5059)	Prec@1 81.250 (83.310)	Prec@5 100.000 (99.361)
Epoch: [39][20/391], lr: 0.01000	Loss 0.5517 (0.5267)	Prec@1 82.031 (82.440)	Prec@5 99.219 (99.219)
Epoch: [39][30/391], lr: 0.01000	Loss 0.3845 (0.5126)	Prec@1 88.281 (82.812)	Prec@5 100.000 (99.370)
Epoch: [39][40/391], lr: 0.01000	Loss 0.4508 (0.5094)	Prec@1 83.594 (83.098)	Prec@5 99.219 (99.181)
Epoch: [39][50/391], lr: 0.01000	Loss 0.3523 (0.4996)	Prec@1 88.281 (83.487)	Prec@5 100.000 (99.173)
Epoch: [39][60/391], lr: 0.01000	Loss 0.4128 (0.4870)	Prec@1 84.375 (83.888)	Prec@5 100.000 (99.257)
Epoch: [39][70/391], lr: 0.01000	Loss 0.6433 (0.4839)	Prec@1 77.344 (84.078)	Prec@5 99.219 (99.252)
Epoch: [39][80/391], lr: 0.01000	Loss 0.4571 (0.4816)	Prec@1 85.938 (84.115)	Prec@5 99.219 (99.306)
Epoch: [39][90/391], lr: 0.01000	Loss 0.5996 (0.4865)	Prec@1 83.594 (84.032)	Prec@5 100.000 (99.305)
Epoch: [39][100/391], lr: 0.01000	Loss 0.4740 (0.4875)	Prec@1 84.375 (84.035)	Prec@5 99.219 (99.288)
Epoch: [39][110/391], lr: 0.01000	Loss 0.4589 (0.4922)	Prec@1 85.938 (83.875)	Prec@5 99.219 (99.275)
Epoch: [39][120/391], lr: 0.01000	Loss 0.8778 (0.5063)	Prec@1 71.875 (83.407)	Prec@5 98.438 (99.225)
Epoch: [39][130/391], lr: 0.01000	Loss 0.4759 (0.5151)	Prec@1 85.156 (83.075)	Prec@5 98.438 (99.189)
Epoch: [39][140/391], lr: 0.01000	Loss 0.6881 (0.5190)	Prec@1 75.781 (82.962)	Prec@5 98.438 (99.197)
Epoch: [39][150/391], lr: 0.01000	Loss 0.6018 (0.5260)	Prec@1 78.906 (82.771)	Prec@5 99.219 (99.136)
Epoch: [39][160/391], lr: 0.01000	Loss 0.5223 (0.5273)	Prec@1 80.469 (82.701)	Prec@5 99.219 (99.136)
Epoch: [39][170/391], lr: 0.01000	Loss 0.6016 (0.5316)	Prec@1 79.688 (82.561)	Prec@5 98.438 (99.141)
Epoch: [39][180/391], lr: 0.01000	Loss 0.4739 (0.5318)	Prec@1 83.594 (82.532)	Prec@5 99.219 (99.137)
Epoch: [39][190/391], lr: 0.01000	Loss 0.5139 (0.5293)	Prec@1 79.688 (82.547)	Prec@5 99.219 (99.149)
Epoch: [39][200/391], lr: 0.01000	Loss 0.4737 (0.5292)	Prec@1 81.250 (82.529)	Prec@5 100.000 (99.164)
Epoch: [39][210/391], lr: 0.01000	Loss 0.5055 (0.5293)	Prec@1 81.250 (82.468)	Prec@5 100.000 (99.156)
Epoch: [39][220/391], lr: 0.01000	Loss 0.4467 (0.5271)	Prec@1 87.500 (82.572)	Prec@5 99.219 (99.169)
Epoch: [39][230/391], lr: 0.01000	Loss 0.4902 (0.5269)	Prec@1 82.812 (82.566)	Prec@5 100.000 (99.182)
Epoch: [39][240/391], lr: 0.01000	Loss 0.5720 (0.5275)	Prec@1 82.812 (82.524)	Prec@5 99.219 (99.173)
Epoch: [39][250/391], lr: 0.01000	Loss 0.6110 (0.5273)	Prec@1 82.031 (82.523)	Prec@5 98.438 (99.169)
Epoch: [39][260/391], lr: 0.01000	Loss 0.5669 (0.5277)	Prec@1 79.688 (82.492)	Prec@5 99.219 (99.180)
Epoch: [39][270/391], lr: 0.01000	Loss 0.7447 (0.5294)	Prec@1 77.344 (82.420)	Prec@5 95.312 (99.152)
Epoch: [39][280/391], lr: 0.01000	Loss 0.4744 (0.5289)	Prec@1 82.812 (82.432)	Prec@5 99.219 (99.163)
Epoch: [39][290/391], lr: 0.01000	Loss 0.6991 (0.5308)	Prec@1 75.781 (82.383)	Prec@5 99.219 (99.146)
Epoch: [39][300/391], lr: 0.01000	Loss 0.7401 (0.5323)	Prec@1 77.344 (82.363)	Prec@5 99.219 (99.151)
Epoch: [39][310/391], lr: 0.01000	Loss 0.5365 (0.5311)	Prec@1 81.250 (82.388)	Prec@5 99.219 (99.158)
Epoch: [39][320/391], lr: 0.01000	Loss 0.3367 (0.5303)	Prec@1 86.719 (82.396)	Prec@5 100.000 (99.173)
Epoch: [39][330/391], lr: 0.01000	Loss 0.6974 (0.5340)	Prec@1 77.344 (82.286)	Prec@5 97.656 (99.162)
Epoch: [39][340/391], lr: 0.01000	Loss 0.5156 (0.5342)	Prec@1 85.938 (82.283)	Prec@5 99.219 (99.157)
Epoch: [39][350/391], lr: 0.01000	Loss 0.5988 (0.5344)	Prec@1 80.469 (82.276)	Prec@5 98.438 (99.161)
Epoch: [39][360/391], lr: 0.01000	Loss 0.6203 (0.5350)	Prec@1 80.469 (82.254)	Prec@5 96.875 (99.160)
Epoch: [39][370/391], lr: 0.01000	Loss 0.5774 (0.5360)	Prec@1 81.250 (82.248)	Prec@5 100.000 (99.149)
Epoch: [39][380/391], lr: 0.01000	Loss 0.6153 (0.5361)	Prec@1 77.344 (82.240)	Prec@5 99.219 (99.151)
Epoch: [39][390/391], lr: 0.01000	Loss 0.4897 (0.5350)	Prec@1 78.750 (82.266)	Prec@5 100.000 (99.158)
Epoch [39] Training Results: Prec@1 82.266 Prec@5 99.158             Loss 0.53504
Epoch [39] Training Class Recall: [0.666,0.779,0.734,0.786,0.824,0.854,0.883,0.883,0.905,0.914]

Epoch: [40][0/391], lr: 0.01000	Loss 0.4961 (0.4961)	Prec@1 83.594 (83.594)	Prec@5 99.219 (99.219)
Epoch: [40][10/391], lr: 0.01000	Loss 0.3608 (0.5099)	Prec@1 89.062 (83.168)	Prec@5 99.219 (99.219)
Epoch: [40][20/391], lr: 0.01000	Loss 0.3289 (0.5024)	Prec@1 86.719 (83.259)	Prec@5 100.000 (99.107)
Epoch: [40][30/391], lr: 0.01000	Loss 0.4428 (0.5009)	Prec@1 82.812 (83.367)	Prec@5 100.000 (99.194)
Epoch: [40][40/391], lr: 0.01000	Loss 0.4805 (0.4969)	Prec@1 84.375 (83.117)	Prec@5 100.000 (99.295)
Epoch: [40][50/391], lr: 0.01000	Loss 0.5735 (0.5081)	Prec@1 79.688 (82.920)	Prec@5 99.219 (99.234)
Epoch: [40][60/391], lr: 0.01000	Loss 0.5664 (0.5116)	Prec@1 83.594 (82.877)	Prec@5 99.219 (99.257)
Epoch: [40][70/391], lr: 0.01000	Loss 0.6297 (0.5269)	Prec@1 82.031 (82.207)	Prec@5 98.438 (99.241)
Epoch: [40][80/391], lr: 0.01000	Loss 0.5458 (0.5296)	Prec@1 78.906 (82.099)	Prec@5 100.000 (99.267)
Epoch: [40][90/391], lr: 0.01000	Loss 0.5384 (0.5308)	Prec@1 85.156 (82.203)	Prec@5 98.438 (99.227)
Epoch: [40][100/391], lr: 0.01000	Loss 0.4777 (0.5319)	Prec@1 88.281 (82.225)	Prec@5 99.219 (99.211)
Epoch: [40][110/391], lr: 0.01000	Loss 0.5429 (0.5311)	Prec@1 79.688 (82.200)	Prec@5 99.219 (99.226)
Epoch: [40][120/391], lr: 0.01000	Loss 0.4190 (0.5281)	Prec@1 87.500 (82.341)	Prec@5 100.000 (99.232)
Epoch: [40][130/391], lr: 0.01000	Loss 0.4550 (0.5258)	Prec@1 84.375 (82.419)	Prec@5 100.000 (99.231)
Epoch: [40][140/391], lr: 0.01000	Loss 0.4734 (0.5261)	Prec@1 84.375 (82.491)	Prec@5 99.219 (99.213)
Epoch: [40][150/391], lr: 0.01000	Loss 0.5382 (0.5242)	Prec@1 79.688 (82.554)	Prec@5 98.438 (99.219)
Epoch: [40][160/391], lr: 0.01000	Loss 0.5556 (0.5214)	Prec@1 85.156 (82.633)	Prec@5 97.656 (99.214)
Epoch: [40][170/391], lr: 0.01000	Loss 0.3874 (0.5221)	Prec@1 88.281 (82.643)	Prec@5 99.219 (99.205)
Epoch: [40][180/391], lr: 0.01000	Loss 0.5677 (0.5224)	Prec@1 81.250 (82.618)	Prec@5 100.000 (99.193)
Epoch: [40][190/391], lr: 0.01000	Loss 0.4103 (0.5204)	Prec@1 86.719 (82.694)	Prec@5 99.219 (99.206)
Epoch: [40][200/391], lr: 0.01000	Loss 0.5110 (0.5187)	Prec@1 82.812 (82.774)	Prec@5 99.219 (99.211)
Epoch: [40][210/391], lr: 0.01000	Loss 0.6265 (0.5168)	Prec@1 78.125 (82.827)	Prec@5 100.000 (99.204)
Epoch: [40][220/391], lr: 0.01000	Loss 0.4308 (0.5160)	Prec@1 86.719 (82.795)	Prec@5 99.219 (99.205)
Epoch: [40][230/391], lr: 0.01000	Loss 0.5355 (0.5157)	Prec@1 82.812 (82.843)	Prec@5 99.219 (99.198)
Epoch: [40][240/391], lr: 0.01000	Loss 0.5483 (0.5156)	Prec@1 80.469 (82.848)	Prec@5 98.438 (99.209)
Epoch: [40][250/391], lr: 0.01000	Loss 0.3812 (0.5161)	Prec@1 86.719 (82.847)	Prec@5 100.000 (99.203)
Epoch: [40][260/391], lr: 0.01000	Loss 0.3992 (0.5160)	Prec@1 86.719 (82.854)	Prec@5 100.000 (99.201)
Epoch: [40][270/391], lr: 0.01000	Loss 0.4503 (0.5158)	Prec@1 83.594 (82.879)	Prec@5 100.000 (99.216)
Epoch: [40][280/391], lr: 0.01000	Loss 0.5484 (0.5162)	Prec@1 82.812 (82.907)	Prec@5 98.438 (99.205)
Epoch: [40][290/391], lr: 0.01000	Loss 0.6809 (0.5176)	Prec@1 75.781 (82.826)	Prec@5 100.000 (99.208)
Epoch: [40][300/391], lr: 0.01000	Loss 0.4923 (0.5184)	Prec@1 83.594 (82.815)	Prec@5 100.000 (99.208)
Epoch: [40][310/391], lr: 0.01000	Loss 0.6930 (0.5205)	Prec@1 78.906 (82.752)	Prec@5 97.656 (99.209)
Epoch: [40][320/391], lr: 0.01000	Loss 0.5245 (0.5220)	Prec@1 83.594 (82.686)	Prec@5 100.000 (99.221)
Epoch: [40][330/391], lr: 0.01000	Loss 0.4854 (0.5225)	Prec@1 85.156 (82.669)	Prec@5 100.000 (99.233)
Epoch: [40][340/391], lr: 0.01000	Loss 0.5443 (0.5236)	Prec@1 80.469 (82.634)	Prec@5 99.219 (99.230)
Epoch: [40][350/391], lr: 0.01000	Loss 0.5945 (0.5246)	Prec@1 81.250 (82.623)	Prec@5 99.219 (99.214)
Epoch: [40][360/391], lr: 0.01000	Loss 0.5379 (0.5250)	Prec@1 82.031 (82.609)	Prec@5 98.438 (99.217)
Epoch: [40][370/391], lr: 0.01000	Loss 0.6333 (0.5240)	Prec@1 79.688 (82.634)	Prec@5 98.438 (99.215)
Epoch: [40][380/391], lr: 0.01000	Loss 0.4907 (0.5239)	Prec@1 81.250 (82.636)	Prec@5 100.000 (99.217)
Epoch: [40][390/391], lr: 0.01000	Loss 0.5453 (0.5248)	Prec@1 85.000 (82.592)	Prec@5 97.500 (99.212)
Epoch [40] Training Results: Prec@1 82.592 Prec@5 99.212             Loss 0.52481
Epoch [40] Training Class Recall: [0.678,0.776,0.735,0.788,0.830,0.870,0.884,0.877,0.903,0.919]

Epoch: [41][0/391], lr: 0.01000	Loss 0.5798 (0.5798)	Prec@1 82.812 (82.812)	Prec@5 99.219 (99.219)
Epoch: [41][10/391], lr: 0.01000	Loss 0.4593 (0.5635)	Prec@1 87.500 (82.812)	Prec@5 98.438 (98.580)
Epoch: [41][20/391], lr: 0.01000	Loss 0.5166 (0.5510)	Prec@1 86.719 (82.887)	Prec@5 100.000 (98.884)
Epoch: [41][30/391], lr: 0.01000	Loss 0.5310 (0.5435)	Prec@1 82.812 (82.485)	Prec@5 98.438 (98.967)
Epoch: [41][40/391], lr: 0.01000	Loss 0.6323 (0.5382)	Prec@1 79.688 (82.508)	Prec@5 100.000 (99.104)
Epoch: [41][50/391], lr: 0.01000	Loss 0.5389 (0.5365)	Prec@1 83.594 (82.414)	Prec@5 99.219 (99.157)
Epoch: [41][60/391], lr: 0.01000	Loss 0.5102 (0.5323)	Prec@1 82.031 (82.582)	Prec@5 99.219 (99.168)
Epoch: [41][70/391], lr: 0.01000	Loss 0.4982 (0.5304)	Prec@1 83.594 (82.559)	Prec@5 99.219 (99.208)
Epoch: [41][80/391], lr: 0.01000	Loss 0.3614 (0.5262)	Prec@1 87.500 (82.745)	Prec@5 100.000 (99.199)
Epoch: [41][90/391], lr: 0.01000	Loss 0.3402 (0.5176)	Prec@1 87.500 (82.941)	Prec@5 100.000 (99.236)
Epoch: [41][100/391], lr: 0.01000	Loss 0.5359 (0.5130)	Prec@1 85.938 (83.114)	Prec@5 99.219 (99.281)
Epoch: [41][110/391], lr: 0.01000	Loss 0.4574 (0.5112)	Prec@1 82.031 (83.087)	Prec@5 100.000 (99.282)
Epoch: [41][120/391], lr: 0.01000	Loss 0.3972 (0.5126)	Prec@1 85.156 (83.013)	Prec@5 100.000 (99.283)
Epoch: [41][130/391], lr: 0.01000	Loss 0.5420 (0.5111)	Prec@1 79.688 (82.944)	Prec@5 99.219 (99.296)
Epoch: [41][140/391], lr: 0.01000	Loss 0.5420 (0.5134)	Prec@1 83.594 (82.873)	Prec@5 99.219 (99.285)
Epoch: [41][150/391], lr: 0.01000	Loss 0.5273 (0.5147)	Prec@1 83.594 (82.880)	Prec@5 99.219 (99.270)
Epoch: [41][160/391], lr: 0.01000	Loss 0.4716 (0.5133)	Prec@1 84.375 (82.958)	Prec@5 100.000 (99.272)
Epoch: [41][170/391], lr: 0.01000	Loss 0.4889 (0.5124)	Prec@1 82.812 (83.027)	Prec@5 99.219 (99.278)
Epoch: [41][180/391], lr: 0.01000	Loss 0.5366 (0.5130)	Prec@1 83.594 (82.964)	Prec@5 99.219 (99.284)
Epoch: [41][190/391], lr: 0.01000	Loss 0.5066 (0.5136)	Prec@1 83.594 (82.976)	Prec@5 98.438 (99.272)
Epoch: [41][200/391], lr: 0.01000	Loss 0.4995 (0.5131)	Prec@1 79.688 (83.015)	Prec@5 99.219 (99.273)
Epoch: [41][210/391], lr: 0.01000	Loss 0.5342 (0.5148)	Prec@1 85.156 (82.968)	Prec@5 97.656 (99.274)
Epoch: [41][220/391], lr: 0.01000	Loss 0.4497 (0.5147)	Prec@1 82.031 (82.929)	Prec@5 100.000 (99.289)
Epoch: [41][230/391], lr: 0.01000	Loss 0.6650 (0.5162)	Prec@1 79.688 (82.890)	Prec@5 98.438 (99.283)
Epoch: [41][240/391], lr: 0.01000	Loss 0.4790 (0.5178)	Prec@1 82.812 (82.832)	Prec@5 100.000 (99.277)
Epoch: [41][250/391], lr: 0.01000	Loss 0.5885 (0.5175)	Prec@1 74.219 (82.825)	Prec@5 100.000 (99.278)
Epoch: [41][260/391], lr: 0.01000	Loss 0.6339 (0.5181)	Prec@1 77.344 (82.780)	Prec@5 98.438 (99.285)
Epoch: [41][270/391], lr: 0.01000	Loss 0.4398 (0.5213)	Prec@1 88.281 (82.732)	Prec@5 99.219 (99.265)
Epoch: [41][280/391], lr: 0.01000	Loss 0.4360 (0.5218)	Prec@1 82.031 (82.682)	Prec@5 99.219 (99.260)
Epoch: [41][290/391], lr: 0.01000	Loss 0.6648 (0.5238)	Prec@1 76.562 (82.557)	Prec@5 96.875 (99.246)
Epoch: [41][300/391], lr: 0.01000	Loss 0.4838 (0.5231)	Prec@1 76.562 (82.579)	Prec@5 100.000 (99.245)
Epoch: [41][310/391], lr: 0.01000	Loss 0.6018 (0.5222)	Prec@1 78.906 (82.642)	Prec@5 99.219 (99.236)
Epoch: [41][320/391], lr: 0.01000	Loss 0.4975 (0.5228)	Prec@1 83.594 (82.662)	Prec@5 100.000 (99.238)
Epoch: [41][330/391], lr: 0.01000	Loss 0.3057 (0.5216)	Prec@1 89.062 (82.690)	Prec@5 99.219 (99.226)
Epoch: [41][340/391], lr: 0.01000	Loss 0.5346 (0.5222)	Prec@1 82.812 (82.682)	Prec@5 100.000 (99.230)
Epoch: [41][350/391], lr: 0.01000	Loss 0.6426 (0.5224)	Prec@1 77.344 (82.639)	Prec@5 98.438 (99.219)
Epoch: [41][360/391], lr: 0.01000	Loss 0.5092 (0.5217)	Prec@1 85.938 (82.689)	Prec@5 98.438 (99.212)
Epoch: [41][370/391], lr: 0.01000	Loss 0.4035 (0.5214)	Prec@1 87.500 (82.716)	Prec@5 100.000 (99.204)
Epoch: [41][380/391], lr: 0.01000	Loss 0.4876 (0.5228)	Prec@1 82.031 (82.681)	Prec@5 99.219 (99.200)
Epoch: [41][390/391], lr: 0.01000	Loss 0.4515 (0.5238)	Prec@1 85.000 (82.666)	Prec@5 100.000 (99.190)
Epoch [41] Training Results: Prec@1 82.666 Prec@5 99.190             Loss 0.52376
Epoch [41] Training Class Recall: [0.683,0.776,0.742,0.788,0.832,0.854,0.875,0.891,0.907,0.919]

Epoch: [42][0/391], lr: 0.01000	Loss 0.6576 (0.6576)	Prec@1 81.250 (81.250)	Prec@5 97.656 (97.656)
Epoch: [42][10/391], lr: 0.01000	Loss 0.3279 (0.5232)	Prec@1 86.719 (82.315)	Prec@5 100.000 (99.148)
Epoch: [42][20/391], lr: 0.01000	Loss 0.4549 (0.5056)	Prec@1 83.594 (82.961)	Prec@5 100.000 (99.256)
Epoch: [42][30/391], lr: 0.01000	Loss 0.4959 (0.4904)	Prec@1 85.938 (83.644)	Prec@5 99.219 (99.370)
Epoch: [42][40/391], lr: 0.01000	Loss 0.4958 (0.5046)	Prec@1 85.156 (83.175)	Prec@5 100.000 (99.333)
Epoch: [42][50/391], lr: 0.01000	Loss 0.4306 (0.5030)	Prec@1 89.844 (83.303)	Prec@5 100.000 (99.326)
Epoch: [42][60/391], lr: 0.01000	Loss 0.3422 (0.5037)	Prec@1 87.500 (83.210)	Prec@5 100.000 (99.334)
Epoch: [42][70/391], lr: 0.01000	Loss 0.4531 (0.5015)	Prec@1 88.281 (83.385)	Prec@5 100.000 (99.329)
Epoch: [42][80/391], lr: 0.01000	Loss 0.4407 (0.4994)	Prec@1 85.156 (83.584)	Prec@5 98.438 (99.315)
Epoch: [42][90/391], lr: 0.01000	Loss 0.3517 (0.4983)	Prec@1 87.500 (83.740)	Prec@5 99.219 (99.296)
Epoch: [42][100/391], lr: 0.01000	Loss 0.5112 (0.4995)	Prec@1 82.031 (83.725)	Prec@5 99.219 (99.304)
Epoch: [42][110/391], lr: 0.01000	Loss 0.6303 (0.5016)	Prec@1 79.688 (83.537)	Prec@5 100.000 (99.324)
Epoch: [42][120/391], lr: 0.01000	Loss 0.3524 (0.5013)	Prec@1 89.062 (83.497)	Prec@5 100.000 (99.322)
Epoch: [42][130/391], lr: 0.01000	Loss 0.4706 (0.5012)	Prec@1 84.375 (83.504)	Prec@5 98.438 (99.350)
Epoch: [42][140/391], lr: 0.01000	Loss 0.5448 (0.5033)	Prec@1 80.469 (83.411)	Prec@5 100.000 (99.346)
Epoch: [42][150/391], lr: 0.01000	Loss 0.5909 (0.5032)	Prec@1 83.594 (83.428)	Prec@5 100.000 (99.343)
Epoch: [42][160/391], lr: 0.01000	Loss 0.6140 (0.5046)	Prec@1 78.906 (83.312)	Prec@5 100.000 (99.345)
Epoch: [42][170/391], lr: 0.01000	Loss 0.5186 (0.5042)	Prec@1 85.156 (83.393)	Prec@5 100.000 (99.342)
Epoch: [42][180/391], lr: 0.01000	Loss 0.3740 (0.5035)	Prec@1 85.938 (83.395)	Prec@5 100.000 (99.353)
Epoch: [42][190/391], lr: 0.01000	Loss 0.5358 (0.5028)	Prec@1 86.719 (83.467)	Prec@5 99.219 (99.354)
Epoch: [42][200/391], lr: 0.01000	Loss 0.5480 (0.5041)	Prec@1 81.250 (83.345)	Prec@5 99.219 (99.347)
Epoch: [42][210/391], lr: 0.01000	Loss 0.5169 (0.5038)	Prec@1 82.812 (83.346)	Prec@5 99.219 (99.330)
Epoch: [42][220/391], lr: 0.01000	Loss 0.3963 (0.5022)	Prec@1 87.500 (83.396)	Prec@5 100.000 (99.328)
Epoch: [42][230/391], lr: 0.01000	Loss 0.6616 (0.5008)	Prec@1 76.562 (83.431)	Prec@5 99.219 (99.324)
Epoch: [42][240/391], lr: 0.01000	Loss 0.4267 (0.5023)	Prec@1 83.594 (83.377)	Prec@5 100.000 (99.329)
Epoch: [42][250/391], lr: 0.01000	Loss 0.6251 (0.5061)	Prec@1 78.906 (83.283)	Prec@5 97.656 (99.318)
Epoch: [42][260/391], lr: 0.01000	Loss 0.6686 (0.5078)	Prec@1 78.906 (83.253)	Prec@5 97.656 (99.282)
Epoch: [42][270/391], lr: 0.01000	Loss 0.4624 (0.5088)	Prec@1 85.938 (83.248)	Prec@5 99.219 (99.268)
Epoch: [42][280/391], lr: 0.01000	Loss 0.4871 (0.5105)	Prec@1 81.250 (83.182)	Prec@5 100.000 (99.266)
Epoch: [42][290/391], lr: 0.01000	Loss 0.5916 (0.5106)	Prec@1 79.688 (83.153)	Prec@5 100.000 (99.275)
Epoch: [42][300/391], lr: 0.01000	Loss 0.4384 (0.5112)	Prec@1 85.156 (83.153)	Prec@5 100.000 (99.281)
Epoch: [42][310/391], lr: 0.01000	Loss 0.4286 (0.5129)	Prec@1 84.375 (83.076)	Prec@5 100.000 (99.259)
Epoch: [42][320/391], lr: 0.01000	Loss 0.4434 (0.5112)	Prec@1 85.938 (83.141)	Prec@5 98.438 (99.267)
Epoch: [42][330/391], lr: 0.01000	Loss 0.3588 (0.5110)	Prec@1 86.719 (83.129)	Prec@5 100.000 (99.264)
Epoch: [42][340/391], lr: 0.01000	Loss 0.4706 (0.5117)	Prec@1 83.594 (83.083)	Prec@5 99.219 (99.269)
Epoch: [42][350/391], lr: 0.01000	Loss 0.3937 (0.5106)	Prec@1 84.375 (83.111)	Prec@5 99.219 (99.279)
Epoch: [42][360/391], lr: 0.01000	Loss 0.4222 (0.5098)	Prec@1 85.938 (83.109)	Prec@5 100.000 (99.277)
Epoch: [42][370/391], lr: 0.01000	Loss 0.5784 (0.5090)	Prec@1 80.469 (83.088)	Prec@5 99.219 (99.276)
Epoch: [42][380/391], lr: 0.01000	Loss 0.4313 (0.5083)	Prec@1 89.062 (83.120)	Prec@5 100.000 (99.278)
Epoch: [42][390/391], lr: 0.01000	Loss 0.3320 (0.5073)	Prec@1 87.500 (83.136)	Prec@5 98.750 (99.282)
Epoch [42] Training Results: Prec@1 83.136 Prec@5 99.282             Loss 0.50732
Epoch [42] Training Class Recall: [0.676,0.783,0.743,0.799,0.836,0.866,0.885,0.889,0.909,0.928]

Epoch: [43][0/391], lr: 0.01000	Loss 0.5112 (0.5112)	Prec@1 81.250 (81.250)	Prec@5 99.219 (99.219)
Epoch: [43][10/391], lr: 0.01000	Loss 0.4110 (0.5364)	Prec@1 84.375 (82.884)	Prec@5 99.219 (98.651)
Epoch: [43][20/391], lr: 0.01000	Loss 0.5216 (0.5235)	Prec@1 82.812 (82.775)	Prec@5 98.438 (98.958)
Epoch: [43][30/391], lr: 0.01000	Loss 0.4187 (0.5096)	Prec@1 86.719 (83.140)	Prec@5 100.000 (99.068)
Epoch: [43][40/391], lr: 0.01000	Loss 0.4426 (0.4977)	Prec@1 84.375 (83.213)	Prec@5 99.219 (99.162)
Epoch: [43][50/391], lr: 0.01000	Loss 0.5034 (0.4949)	Prec@1 85.938 (83.563)	Prec@5 100.000 (99.173)
Epoch: [43][60/391], lr: 0.01000	Loss 0.4260 (0.5016)	Prec@1 81.250 (83.286)	Prec@5 100.000 (99.180)
Epoch: [43][70/391], lr: 0.01000	Loss 0.6169 (0.4981)	Prec@1 81.250 (83.451)	Prec@5 97.656 (99.219)
Epoch: [43][80/391], lr: 0.01000	Loss 0.4594 (0.4935)	Prec@1 84.375 (83.517)	Prec@5 100.000 (99.228)
Epoch: [43][90/391], lr: 0.01000	Loss 0.5906 (0.4937)	Prec@1 78.125 (83.405)	Prec@5 98.438 (99.270)
Epoch: [43][100/391], lr: 0.01000	Loss 0.5309 (0.4955)	Prec@1 79.688 (83.315)	Prec@5 99.219 (99.250)
Epoch: [43][110/391], lr: 0.01000	Loss 0.4748 (0.5002)	Prec@1 82.812 (83.186)	Prec@5 99.219 (99.212)
Epoch: [43][120/391], lr: 0.01000	Loss 0.6725 (0.5012)	Prec@1 78.125 (83.200)	Prec@5 99.219 (99.206)
Epoch: [43][130/391], lr: 0.01000	Loss 0.5194 (0.5074)	Prec@1 80.469 (82.932)	Prec@5 100.000 (99.225)
Epoch: [43][140/391], lr: 0.01000	Loss 0.5149 (0.5067)	Prec@1 82.812 (82.973)	Prec@5 98.438 (99.224)
Epoch: [43][150/391], lr: 0.01000	Loss 0.6115 (0.5088)	Prec@1 80.469 (82.895)	Prec@5 99.219 (99.214)
Epoch: [43][160/391], lr: 0.01000	Loss 0.5732 (0.5096)	Prec@1 81.250 (82.866)	Prec@5 100.000 (99.228)
Epoch: [43][170/391], lr: 0.01000	Loss 0.5260 (0.5090)	Prec@1 84.375 (82.895)	Prec@5 95.312 (99.219)
Epoch: [43][180/391], lr: 0.01000	Loss 0.5983 (0.5131)	Prec@1 78.906 (82.722)	Prec@5 100.000 (99.223)
Epoch: [43][190/391], lr: 0.01000	Loss 0.4573 (0.5157)	Prec@1 83.594 (82.686)	Prec@5 99.219 (99.215)
Epoch: [43][200/391], lr: 0.01000	Loss 0.4813 (0.5144)	Prec@1 86.719 (82.774)	Prec@5 100.000 (99.238)
Epoch: [43][210/391], lr: 0.01000	Loss 0.6281 (0.5171)	Prec@1 81.250 (82.764)	Prec@5 96.875 (99.208)
Epoch: [43][220/391], lr: 0.01000	Loss 0.4591 (0.5159)	Prec@1 83.594 (82.812)	Prec@5 100.000 (99.222)
Epoch: [43][230/391], lr: 0.01000	Loss 0.5362 (0.5170)	Prec@1 79.688 (82.721)	Prec@5 99.219 (99.232)
Epoch: [43][240/391], lr: 0.01000	Loss 0.4379 (0.5165)	Prec@1 85.156 (82.748)	Prec@5 100.000 (99.235)
Epoch: [43][250/391], lr: 0.01000	Loss 0.5296 (0.5184)	Prec@1 85.938 (82.688)	Prec@5 100.000 (99.234)
Epoch: [43][260/391], lr: 0.01000	Loss 0.5900 (0.5190)	Prec@1 80.469 (82.633)	Prec@5 99.219 (99.240)
Epoch: [43][270/391], lr: 0.01000	Loss 0.5907 (0.5188)	Prec@1 80.469 (82.640)	Prec@5 99.219 (99.239)
Epoch: [43][280/391], lr: 0.01000	Loss 0.4351 (0.5180)	Prec@1 81.250 (82.662)	Prec@5 100.000 (99.244)
Epoch: [43][290/391], lr: 0.01000	Loss 0.6578 (0.5179)	Prec@1 77.344 (82.678)	Prec@5 99.219 (99.235)
Epoch: [43][300/391], lr: 0.01000	Loss 0.5177 (0.5183)	Prec@1 86.719 (82.672)	Prec@5 99.219 (99.221)
Epoch: [43][310/391], lr: 0.01000	Loss 0.5588 (0.5174)	Prec@1 84.375 (82.722)	Prec@5 96.875 (99.224)
Epoch: [43][320/391], lr: 0.01000	Loss 0.2874 (0.5147)	Prec@1 89.844 (82.810)	Prec@5 100.000 (99.226)
Epoch: [43][330/391], lr: 0.01000	Loss 0.4431 (0.5129)	Prec@1 87.500 (82.905)	Prec@5 100.000 (99.238)
Epoch: [43][340/391], lr: 0.01000	Loss 0.3994 (0.5124)	Prec@1 84.375 (82.872)	Prec@5 99.219 (99.244)
Epoch: [43][350/391], lr: 0.01000	Loss 0.4554 (0.5134)	Prec@1 82.812 (82.830)	Prec@5 99.219 (99.248)
Epoch: [43][360/391], lr: 0.01000	Loss 0.4663 (0.5128)	Prec@1 83.594 (82.834)	Prec@5 99.219 (99.256)
Epoch: [43][370/391], lr: 0.01000	Loss 0.6667 (0.5153)	Prec@1 79.688 (82.756)	Prec@5 97.656 (99.238)
Epoch: [43][380/391], lr: 0.01000	Loss 0.3305 (0.5150)	Prec@1 89.062 (82.778)	Prec@5 100.000 (99.231)
Epoch: [43][390/391], lr: 0.01000	Loss 0.6081 (0.5151)	Prec@1 78.750 (82.806)	Prec@5 98.750 (99.226)
Epoch [43] Training Results: Prec@1 82.806 Prec@5 99.226             Loss 0.51508
Epoch [43] Training Class Recall: [0.676,0.782,0.738,0.793,0.839,0.866,0.879,0.885,0.910,0.913]

Epoch: [44][0/391], lr: 0.01000	Loss 0.4349 (0.4349)	Prec@1 86.719 (86.719)	Prec@5 99.219 (99.219)
Epoch: [44][10/391], lr: 0.01000	Loss 0.3686 (0.4729)	Prec@1 89.062 (85.156)	Prec@5 100.000 (99.574)
Epoch: [44][20/391], lr: 0.01000	Loss 0.5471 (0.4689)	Prec@1 84.375 (85.156)	Prec@5 97.656 (99.256)
Epoch: [44][30/391], lr: 0.01000	Loss 0.4450 (0.4865)	Prec@1 88.281 (84.778)	Prec@5 100.000 (99.345)
Epoch: [44][40/391], lr: 0.01000	Loss 0.5418 (0.4941)	Prec@1 82.812 (84.356)	Prec@5 100.000 (99.276)
Epoch: [44][50/391], lr: 0.01000	Loss 0.7122 (0.4973)	Prec@1 79.688 (84.176)	Prec@5 98.438 (99.249)
Epoch: [44][60/391], lr: 0.01000	Loss 0.4091 (0.4945)	Prec@1 89.844 (84.068)	Prec@5 100.000 (99.257)
Epoch: [44][70/391], lr: 0.01000	Loss 0.4864 (0.4872)	Prec@1 81.250 (84.177)	Prec@5 99.219 (99.318)
Epoch: [44][80/391], lr: 0.01000	Loss 0.4282 (0.4874)	Prec@1 85.156 (84.057)	Prec@5 99.219 (99.334)
Epoch: [44][90/391], lr: 0.01000	Loss 0.6368 (0.4905)	Prec@1 79.688 (83.929)	Prec@5 98.438 (99.313)
Epoch: [44][100/391], lr: 0.01000	Loss 0.5434 (0.4981)	Prec@1 82.812 (83.609)	Prec@5 100.000 (99.312)
Epoch: [44][110/391], lr: 0.01000	Loss 0.6840 (0.5029)	Prec@1 76.562 (83.361)	Prec@5 99.219 (99.282)
Epoch: [44][120/391], lr: 0.01000	Loss 0.4738 (0.5092)	Prec@1 82.812 (83.129)	Prec@5 100.000 (99.290)
Epoch: [44][130/391], lr: 0.01000	Loss 0.5000 (0.5107)	Prec@1 81.250 (83.039)	Prec@5 100.000 (99.260)
Epoch: [44][140/391], lr: 0.01000	Loss 0.6404 (0.5149)	Prec@1 75.781 (82.912)	Prec@5 100.000 (99.235)
Epoch: [44][150/391], lr: 0.01000	Loss 0.4488 (0.5156)	Prec@1 85.938 (83.004)	Prec@5 98.438 (99.229)
Epoch: [44][160/391], lr: 0.01000	Loss 0.4761 (0.5145)	Prec@1 83.594 (82.910)	Prec@5 99.219 (99.228)
Epoch: [44][170/391], lr: 0.01000	Loss 0.5347 (0.5136)	Prec@1 79.688 (82.922)	Prec@5 100.000 (99.237)
Epoch: [44][180/391], lr: 0.01000	Loss 0.5015 (0.5103)	Prec@1 82.812 (83.011)	Prec@5 98.438 (99.236)
Epoch: [44][190/391], lr: 0.01000	Loss 0.5050 (0.5084)	Prec@1 82.812 (83.123)	Prec@5 98.438 (99.235)
Epoch: [44][200/391], lr: 0.01000	Loss 0.5639 (0.5090)	Prec@1 81.250 (83.100)	Prec@5 100.000 (99.234)
Epoch: [44][210/391], lr: 0.01000	Loss 0.3926 (0.5083)	Prec@1 85.938 (83.142)	Prec@5 100.000 (99.234)
Epoch: [44][220/391], lr: 0.01000	Loss 0.6094 (0.5094)	Prec@1 78.906 (83.078)	Prec@5 98.438 (99.236)
Epoch: [44][230/391], lr: 0.01000	Loss 0.5282 (0.5077)	Prec@1 80.469 (83.130)	Prec@5 99.219 (99.242)
Epoch: [44][240/391], lr: 0.01000	Loss 0.5059 (0.5072)	Prec@1 84.375 (83.166)	Prec@5 100.000 (99.251)
Epoch: [44][250/391], lr: 0.01000	Loss 0.4651 (0.5061)	Prec@1 85.156 (83.233)	Prec@5 98.438 (99.234)
Epoch: [44][260/391], lr: 0.01000	Loss 0.6075 (0.5066)	Prec@1 80.469 (83.211)	Prec@5 100.000 (99.252)
Epoch: [44][270/391], lr: 0.01000	Loss 0.5085 (0.5062)	Prec@1 82.812 (83.228)	Prec@5 99.219 (99.253)
Epoch: [44][280/391], lr: 0.01000	Loss 0.3347 (0.5049)	Prec@1 87.500 (83.246)	Prec@5 100.000 (99.269)
Epoch: [44][290/391], lr: 0.01000	Loss 0.3495 (0.5048)	Prec@1 88.281 (83.266)	Prec@5 100.000 (99.278)
Epoch: [44][300/391], lr: 0.01000	Loss 0.5329 (0.5062)	Prec@1 79.688 (83.204)	Prec@5 100.000 (99.284)
Epoch: [44][310/391], lr: 0.01000	Loss 0.4097 (0.5050)	Prec@1 83.594 (83.262)	Prec@5 98.438 (99.279)
Epoch: [44][320/391], lr: 0.01000	Loss 0.4732 (0.5044)	Prec@1 83.594 (83.292)	Prec@5 98.438 (99.287)
Epoch: [44][330/391], lr: 0.01000	Loss 0.4379 (0.5024)	Prec@1 85.938 (83.372)	Prec@5 100.000 (99.290)
Epoch: [44][340/391], lr: 0.01000	Loss 0.5654 (0.5017)	Prec@1 82.031 (83.417)	Prec@5 100.000 (99.299)
Epoch: [44][350/391], lr: 0.01000	Loss 0.4236 (0.5013)	Prec@1 86.719 (83.427)	Prec@5 100.000 (99.294)
Epoch: [44][360/391], lr: 0.01000	Loss 0.4362 (0.5012)	Prec@1 88.281 (83.427)	Prec@5 100.000 (99.305)
Epoch: [44][370/391], lr: 0.01000	Loss 0.4362 (0.5020)	Prec@1 85.938 (83.406)	Prec@5 100.000 (99.303)
Epoch: [44][380/391], lr: 0.01000	Loss 0.5816 (0.5028)	Prec@1 78.906 (83.360)	Prec@5 100.000 (99.305)
Epoch: [44][390/391], lr: 0.01000	Loss 0.5643 (0.5038)	Prec@1 81.250 (83.324)	Prec@5 100.000 (99.300)
Epoch [44] Training Results: Prec@1 83.324 Prec@5 99.300             Loss 0.50381
Epoch [44] Training Class Recall: [0.679,0.791,0.748,0.801,0.837,0.868,0.886,0.887,0.910,0.926]

Epoch: [45][0/391], lr: 0.01000	Loss 0.4130 (0.4130)	Prec@1 85.938 (85.938)	Prec@5 100.000 (100.000)
Epoch: [45][10/391], lr: 0.01000	Loss 0.6128 (0.5383)	Prec@1 79.688 (81.960)	Prec@5 98.438 (99.574)
Epoch: [45][20/391], lr: 0.01000	Loss 0.6119 (0.5416)	Prec@1 83.594 (82.329)	Prec@5 98.438 (99.368)
Epoch: [45][30/391], lr: 0.01000	Loss 0.3668 (0.5393)	Prec@1 89.062 (82.434)	Prec@5 100.000 (99.345)
Epoch: [45][40/391], lr: 0.01000	Loss 0.5654 (0.5322)	Prec@1 79.688 (82.755)	Prec@5 100.000 (99.390)
Epoch: [45][50/391], lr: 0.01000	Loss 0.3614 (0.5328)	Prec@1 90.625 (82.521)	Prec@5 98.438 (99.433)
Epoch: [45][60/391], lr: 0.01000	Loss 0.4892 (0.5250)	Prec@1 85.156 (82.684)	Prec@5 99.219 (99.462)
Epoch: [45][70/391], lr: 0.01000	Loss 0.5622 (0.5192)	Prec@1 82.031 (82.812)	Prec@5 99.219 (99.505)
Epoch: [45][80/391], lr: 0.01000	Loss 0.5954 (0.5177)	Prec@1 80.469 (82.755)	Prec@5 99.219 (99.508)
Epoch: [45][90/391], lr: 0.01000	Loss 0.5210 (0.5166)	Prec@1 77.344 (82.787)	Prec@5 99.219 (99.519)
Epoch: [45][100/391], lr: 0.01000	Loss 0.5835 (0.5176)	Prec@1 75.000 (82.689)	Prec@5 100.000 (99.474)
Epoch: [45][110/391], lr: 0.01000	Loss 0.5585 (0.5132)	Prec@1 84.375 (82.862)	Prec@5 100.000 (99.465)
Epoch: [45][120/391], lr: 0.01000	Loss 0.3778 (0.5103)	Prec@1 83.594 (82.929)	Prec@5 100.000 (99.458)
Epoch: [45][130/391], lr: 0.01000	Loss 0.4026 (0.5072)	Prec@1 89.062 (83.069)	Prec@5 99.219 (99.439)
Epoch: [45][140/391], lr: 0.01000	Loss 0.2385 (0.5029)	Prec@1 93.750 (83.156)	Prec@5 100.000 (99.402)
Epoch: [45][150/391], lr: 0.01000	Loss 0.4718 (0.5033)	Prec@1 82.812 (83.169)	Prec@5 99.219 (99.389)
Epoch: [45][160/391], lr: 0.01000	Loss 0.5099 (0.5028)	Prec@1 81.250 (83.133)	Prec@5 100.000 (99.398)
Epoch: [45][170/391], lr: 0.01000	Loss 0.5084 (0.4996)	Prec@1 83.594 (83.224)	Prec@5 100.000 (99.406)
Epoch: [45][180/391], lr: 0.01000	Loss 0.5396 (0.4981)	Prec@1 84.375 (83.283)	Prec@5 98.438 (99.400)
Epoch: [45][190/391], lr: 0.01000	Loss 0.6005 (0.5017)	Prec@1 79.688 (83.115)	Prec@5 99.219 (99.386)
Epoch: [45][200/391], lr: 0.01000	Loss 0.5013 (0.5036)	Prec@1 83.594 (83.120)	Prec@5 100.000 (99.374)
Epoch: [45][210/391], lr: 0.01000	Loss 0.5157 (0.5039)	Prec@1 82.812 (83.124)	Prec@5 98.438 (99.348)
Epoch: [45][220/391], lr: 0.01000	Loss 0.4475 (0.5047)	Prec@1 88.281 (83.145)	Prec@5 99.219 (99.350)
Epoch: [45][230/391], lr: 0.01000	Loss 0.6750 (0.5075)	Prec@1 78.125 (83.032)	Prec@5 97.656 (99.340)
Epoch: [45][240/391], lr: 0.01000	Loss 0.3900 (0.5071)	Prec@1 88.281 (83.036)	Prec@5 98.438 (99.342)
Epoch: [45][250/391], lr: 0.01000	Loss 0.4048 (0.5076)	Prec@1 83.594 (82.999)	Prec@5 99.219 (99.343)
Epoch: [45][260/391], lr: 0.01000	Loss 0.3311 (0.5073)	Prec@1 90.625 (83.010)	Prec@5 100.000 (99.353)
Epoch: [45][270/391], lr: 0.01000	Loss 0.3792 (0.5069)	Prec@1 85.156 (83.003)	Prec@5 100.000 (99.357)
Epoch: [45][280/391], lr: 0.01000	Loss 0.4305 (0.5062)	Prec@1 82.812 (83.029)	Prec@5 99.219 (99.369)
Epoch: [45][290/391], lr: 0.01000	Loss 0.5006 (0.5073)	Prec@1 79.688 (83.011)	Prec@5 100.000 (99.374)
Epoch: [45][300/391], lr: 0.01000	Loss 0.4251 (0.5072)	Prec@1 82.031 (82.973)	Prec@5 100.000 (99.364)
Epoch: [45][310/391], lr: 0.01000	Loss 0.4982 (0.5071)	Prec@1 85.156 (82.978)	Prec@5 99.219 (99.367)
Epoch: [45][320/391], lr: 0.01000	Loss 0.4260 (0.5086)	Prec@1 88.281 (82.963)	Prec@5 100.000 (99.360)
Epoch: [45][330/391], lr: 0.01000	Loss 0.5092 (0.5092)	Prec@1 80.469 (82.940)	Prec@5 100.000 (99.353)
Epoch: [45][340/391], lr: 0.01000	Loss 0.4544 (0.5098)	Prec@1 83.594 (82.948)	Prec@5 100.000 (99.349)
Epoch: [45][350/391], lr: 0.01000	Loss 0.5353 (0.5113)	Prec@1 78.906 (82.875)	Prec@5 98.438 (99.343)
Epoch: [45][360/391], lr: 0.01000	Loss 0.5020 (0.5103)	Prec@1 85.156 (82.908)	Prec@5 98.438 (99.349)
Epoch: [45][370/391], lr: 0.01000	Loss 0.4440 (0.5102)	Prec@1 85.938 (82.905)	Prec@5 100.000 (99.354)
Epoch: [45][380/391], lr: 0.01000	Loss 0.3834 (0.5091)	Prec@1 85.938 (82.958)	Prec@5 100.000 (99.354)
Epoch: [45][390/391], lr: 0.01000	Loss 0.3533 (0.5075)	Prec@1 91.250 (83.002)	Prec@5 100.000 (99.362)
Epoch [45] Training Results: Prec@1 83.002 Prec@5 99.362             Loss 0.50752
Epoch [45] Training Class Recall: [0.678,0.787,0.743,0.790,0.847,0.862,0.883,0.882,0.906,0.921]

Epoch: [46][0/391], lr: 0.01000	Loss 0.3316 (0.3316)	Prec@1 87.500 (87.500)	Prec@5 100.000 (100.000)
Epoch: [46][10/391], lr: 0.01000	Loss 0.4814 (0.4310)	Prec@1 84.375 (85.014)	Prec@5 100.000 (99.574)
Epoch: [46][20/391], lr: 0.01000	Loss 0.3740 (0.4206)	Prec@1 88.281 (85.528)	Prec@5 99.219 (99.479)
Epoch: [46][30/391], lr: 0.01000	Loss 0.4704 (0.4330)	Prec@1 84.375 (85.786)	Prec@5 100.000 (99.446)
Epoch: [46][40/391], lr: 0.01000	Loss 0.4066 (0.4341)	Prec@1 85.938 (85.442)	Prec@5 100.000 (99.409)
Epoch: [46][50/391], lr: 0.01000	Loss 0.4579 (0.4446)	Prec@1 82.812 (85.003)	Prec@5 100.000 (99.464)
Epoch: [46][60/391], lr: 0.01000	Loss 0.4923 (0.4537)	Prec@1 85.938 (84.657)	Prec@5 100.000 (99.424)
Epoch: [46][70/391], lr: 0.01000	Loss 0.4451 (0.4604)	Prec@1 85.938 (84.397)	Prec@5 99.219 (99.450)
Epoch: [46][80/391], lr: 0.01000	Loss 0.6162 (0.4719)	Prec@1 81.250 (84.144)	Prec@5 97.656 (99.431)
Epoch: [46][90/391], lr: 0.01000	Loss 0.6191 (0.4898)	Prec@1 81.250 (83.602)	Prec@5 99.219 (99.390)
Epoch: [46][100/391], lr: 0.01000	Loss 0.7550 (0.4932)	Prec@1 72.656 (83.470)	Prec@5 99.219 (99.397)
Epoch: [46][110/391], lr: 0.01000	Loss 0.4840 (0.5006)	Prec@1 84.375 (83.150)	Prec@5 99.219 (99.367)
Epoch: [46][120/391], lr: 0.01000	Loss 0.6375 (0.5048)	Prec@1 82.812 (83.077)	Prec@5 96.094 (99.329)
Epoch: [46][130/391], lr: 0.01000	Loss 0.4826 (0.5062)	Prec@1 84.375 (82.997)	Prec@5 100.000 (99.362)
Epoch: [46][140/391], lr: 0.01000	Loss 0.5530 (0.5089)	Prec@1 82.031 (83.012)	Prec@5 99.219 (99.313)
Epoch: [46][150/391], lr: 0.01000	Loss 0.5320 (0.5061)	Prec@1 80.469 (83.004)	Prec@5 99.219 (99.333)
Epoch: [46][160/391], lr: 0.01000	Loss 0.4528 (0.5061)	Prec@1 82.812 (83.016)	Prec@5 100.000 (99.321)
Epoch: [46][170/391], lr: 0.01000	Loss 0.4324 (0.5035)	Prec@1 87.500 (83.137)	Prec@5 99.219 (99.328)
Epoch: [46][180/391], lr: 0.01000	Loss 0.4449 (0.5023)	Prec@1 88.281 (83.253)	Prec@5 100.000 (99.327)
Epoch: [46][190/391], lr: 0.01000	Loss 0.6380 (0.5015)	Prec@1 80.469 (83.320)	Prec@5 99.219 (99.346)
Epoch: [46][200/391], lr: 0.01000	Loss 0.5583 (0.5012)	Prec@1 83.594 (83.329)	Prec@5 99.219 (99.351)
Epoch: [46][210/391], lr: 0.01000	Loss 0.4703 (0.5010)	Prec@1 82.812 (83.357)	Prec@5 99.219 (99.334)
Epoch: [46][220/391], lr: 0.01000	Loss 0.4209 (0.4998)	Prec@1 87.500 (83.406)	Prec@5 100.000 (99.321)
Epoch: [46][230/391], lr: 0.01000	Loss 0.4673 (0.4989)	Prec@1 82.031 (83.387)	Prec@5 100.000 (99.320)
Epoch: [46][240/391], lr: 0.01000	Loss 0.4778 (0.4980)	Prec@1 83.594 (83.412)	Prec@5 99.219 (99.319)
Epoch: [46][250/391], lr: 0.01000	Loss 0.5038 (0.4991)	Prec@1 81.250 (83.395)	Prec@5 100.000 (99.318)
Epoch: [46][260/391], lr: 0.01000	Loss 0.5163 (0.4985)	Prec@1 85.938 (83.444)	Prec@5 100.000 (99.306)
Epoch: [46][270/391], lr: 0.01000	Loss 0.4654 (0.5010)	Prec@1 80.469 (83.378)	Prec@5 100.000 (99.308)
Epoch: [46][280/391], lr: 0.01000	Loss 0.5373 (0.5010)	Prec@1 83.594 (83.357)	Prec@5 98.438 (99.316)
Epoch: [46][290/391], lr: 0.01000	Loss 0.4811 (0.5008)	Prec@1 79.688 (83.382)	Prec@5 100.000 (99.318)
Epoch: [46][300/391], lr: 0.01000	Loss 0.3972 (0.5015)	Prec@1 84.375 (83.355)	Prec@5 100.000 (99.315)
Epoch: [46][310/391], lr: 0.01000	Loss 0.4973 (0.5001)	Prec@1 88.281 (83.430)	Prec@5 99.219 (99.312)
Epoch: [46][320/391], lr: 0.01000	Loss 0.5803 (0.4999)	Prec@1 79.688 (83.457)	Prec@5 100.000 (99.316)
Epoch: [46][330/391], lr: 0.01000	Loss 0.4933 (0.4995)	Prec@1 85.938 (83.473)	Prec@5 100.000 (99.318)
Epoch: [46][340/391], lr: 0.01000	Loss 0.5449 (0.4993)	Prec@1 83.594 (83.477)	Prec@5 99.219 (99.329)
Epoch: [46][350/391], lr: 0.01000	Loss 0.4985 (0.4982)	Prec@1 82.812 (83.507)	Prec@5 100.000 (99.334)
Epoch: [46][360/391], lr: 0.01000	Loss 0.4802 (0.4977)	Prec@1 85.156 (83.496)	Prec@5 99.219 (99.340)
Epoch: [46][370/391], lr: 0.01000	Loss 0.4856 (0.4983)	Prec@1 84.375 (83.488)	Prec@5 100.000 (99.335)
Epoch: [46][380/391], lr: 0.01000	Loss 0.3247 (0.4979)	Prec@1 91.406 (83.489)	Prec@5 100.000 (99.342)
Epoch: [46][390/391], lr: 0.01000	Loss 0.4987 (0.4978)	Prec@1 83.750 (83.498)	Prec@5 100.000 (99.340)
Epoch [46] Training Results: Prec@1 83.498 Prec@5 99.340             Loss 0.49781
Epoch [46] Training Class Recall: [0.676,0.794,0.751,0.800,0.841,0.864,0.891,0.892,0.913,0.928]

Epoch: [47][0/391], lr: 0.01000	Loss 0.3544 (0.3544)	Prec@1 89.844 (89.844)	Prec@5 100.000 (100.000)
Epoch: [47][10/391], lr: 0.01000	Loss 0.4781 (0.4805)	Prec@1 86.719 (84.659)	Prec@5 99.219 (99.503)
Epoch: [47][20/391], lr: 0.01000	Loss 0.6736 (0.4559)	Prec@1 81.250 (85.342)	Prec@5 99.219 (99.554)
Epoch: [47][30/391], lr: 0.01000	Loss 0.4457 (0.4532)	Prec@1 88.281 (85.459)	Prec@5 100.000 (99.370)
Epoch: [47][40/391], lr: 0.01000	Loss 0.4892 (0.4535)	Prec@1 80.469 (85.042)	Prec@5 100.000 (99.409)
Epoch: [47][50/391], lr: 0.01000	Loss 0.4483 (0.4600)	Prec@1 85.938 (84.758)	Prec@5 99.219 (99.372)
Epoch: [47][60/391], lr: 0.01000	Loss 0.4915 (0.4685)	Prec@1 77.344 (84.439)	Prec@5 100.000 (99.321)
Epoch: [47][70/391], lr: 0.01000	Loss 0.4874 (0.4753)	Prec@1 85.938 (84.342)	Prec@5 100.000 (99.296)
Epoch: [47][80/391], lr: 0.01000	Loss 0.4215 (0.4831)	Prec@1 82.812 (84.076)	Prec@5 100.000 (99.286)
Epoch: [47][90/391], lr: 0.01000	Loss 0.3270 (0.4872)	Prec@1 88.281 (83.929)	Prec@5 100.000 (99.262)
Epoch: [47][100/391], lr: 0.01000	Loss 0.5585 (0.4887)	Prec@1 80.469 (83.911)	Prec@5 98.438 (99.250)
Epoch: [47][110/391], lr: 0.01000	Loss 0.3947 (0.4909)	Prec@1 85.156 (83.812)	Prec@5 100.000 (99.254)
Epoch: [47][120/391], lr: 0.01000	Loss 0.4818 (0.4919)	Prec@1 84.375 (83.729)	Prec@5 100.000 (99.283)
Epoch: [47][130/391], lr: 0.01000	Loss 0.5296 (0.4940)	Prec@1 82.031 (83.618)	Prec@5 100.000 (99.284)
Epoch: [47][140/391], lr: 0.01000	Loss 0.4220 (0.4910)	Prec@1 86.719 (83.749)	Prec@5 100.000 (99.302)
Epoch: [47][150/391], lr: 0.01000	Loss 0.5733 (0.4929)	Prec@1 81.250 (83.671)	Prec@5 99.219 (99.286)
Epoch: [47][160/391], lr: 0.01000	Loss 0.4113 (0.4931)	Prec@1 91.406 (83.647)	Prec@5 99.219 (99.296)
Epoch: [47][170/391], lr: 0.01000	Loss 0.4595 (0.4937)	Prec@1 88.281 (83.658)	Prec@5 98.438 (99.306)
Epoch: [47][180/391], lr: 0.01000	Loss 0.4588 (0.4945)	Prec@1 82.812 (83.594)	Prec@5 100.000 (99.318)
Epoch: [47][190/391], lr: 0.01000	Loss 0.4243 (0.4940)	Prec@1 86.719 (83.590)	Prec@5 100.000 (99.329)
Epoch: [47][200/391], lr: 0.01000	Loss 0.4156 (0.4938)	Prec@1 84.375 (83.578)	Prec@5 99.219 (99.339)
Epoch: [47][210/391], lr: 0.01000	Loss 0.3978 (0.4925)	Prec@1 84.375 (83.664)	Prec@5 100.000 (99.330)
Epoch: [47][220/391], lr: 0.01000	Loss 0.3048 (0.4913)	Prec@1 89.844 (83.717)	Prec@5 99.219 (99.339)
Epoch: [47][230/391], lr: 0.01000	Loss 0.4486 (0.4916)	Prec@1 84.375 (83.682)	Prec@5 100.000 (99.344)
Epoch: [47][240/391], lr: 0.01000	Loss 0.3624 (0.4932)	Prec@1 89.062 (83.642)	Prec@5 100.000 (99.339)
Epoch: [47][250/391], lr: 0.01000	Loss 0.5507 (0.4925)	Prec@1 83.594 (83.656)	Prec@5 96.875 (99.337)
Epoch: [47][260/391], lr: 0.01000	Loss 0.4972 (0.4926)	Prec@1 82.031 (83.654)	Prec@5 100.000 (99.324)
Epoch: [47][270/391], lr: 0.01000	Loss 0.5040 (0.4920)	Prec@1 82.031 (83.672)	Prec@5 100.000 (99.334)
Epoch: [47][280/391], lr: 0.01000	Loss 0.4134 (0.4916)	Prec@1 89.062 (83.702)	Prec@5 99.219 (99.338)
Epoch: [47][290/391], lr: 0.01000	Loss 0.4648 (0.4911)	Prec@1 84.375 (83.712)	Prec@5 99.219 (99.356)
Epoch: [47][300/391], lr: 0.01000	Loss 0.4785 (0.4907)	Prec@1 82.812 (83.729)	Prec@5 99.219 (99.354)
Epoch: [47][310/391], lr: 0.01000	Loss 0.5285 (0.4920)	Prec@1 82.031 (83.699)	Prec@5 99.219 (99.329)
Epoch: [47][320/391], lr: 0.01000	Loss 0.3737 (0.4937)	Prec@1 88.281 (83.674)	Prec@5 99.219 (99.323)
Epoch: [47][330/391], lr: 0.01000	Loss 0.7642 (0.4956)	Prec@1 77.344 (83.615)	Prec@5 99.219 (99.325)
Epoch: [47][340/391], lr: 0.01000	Loss 0.5296 (0.4977)	Prec@1 87.500 (83.578)	Prec@5 100.000 (99.322)
Epoch: [47][350/391], lr: 0.01000	Loss 0.4388 (0.4973)	Prec@1 86.719 (83.585)	Prec@5 99.219 (99.326)
Epoch: [47][360/391], lr: 0.01000	Loss 0.3770 (0.4989)	Prec@1 91.406 (83.509)	Prec@5 100.000 (99.327)
Epoch: [47][370/391], lr: 0.01000	Loss 0.5131 (0.4976)	Prec@1 80.469 (83.550)	Prec@5 100.000 (99.335)
Epoch: [47][380/391], lr: 0.01000	Loss 0.5859 (0.4974)	Prec@1 81.250 (83.549)	Prec@5 98.438 (99.336)
Epoch: [47][390/391], lr: 0.01000	Loss 0.3316 (0.4968)	Prec@1 91.250 (83.580)	Prec@5 100.000 (99.342)
Epoch [47] Training Results: Prec@1 83.580 Prec@5 99.342             Loss 0.49680
Epoch [47] Training Class Recall: [0.681,0.790,0.750,0.803,0.847,0.873,0.892,0.888,0.913,0.922]

Epoch: [48][0/391], lr: 0.01000	Loss 0.4755 (0.4755)	Prec@1 84.375 (84.375)	Prec@5 100.000 (100.000)
Epoch: [48][10/391], lr: 0.01000	Loss 0.2831 (0.4372)	Prec@1 92.188 (86.364)	Prec@5 100.000 (99.645)
Epoch: [48][20/391], lr: 0.01000	Loss 0.4964 (0.4460)	Prec@1 83.594 (86.049)	Prec@5 98.438 (99.516)
Epoch: [48][30/391], lr: 0.01000	Loss 0.4484 (0.4476)	Prec@1 85.156 (85.660)	Prec@5 100.000 (99.370)
Epoch: [48][40/391], lr: 0.01000	Loss 0.5008 (0.4516)	Prec@1 83.594 (85.518)	Prec@5 98.438 (99.371)
Epoch: [48][50/391], lr: 0.01000	Loss 0.5740 (0.4614)	Prec@1 85.938 (85.294)	Prec@5 97.656 (99.311)
Epoch: [48][60/391], lr: 0.01000	Loss 0.6137 (0.4591)	Prec@1 75.000 (85.272)	Prec@5 100.000 (99.321)
Epoch: [48][70/391], lr: 0.01000	Loss 0.4700 (0.4597)	Prec@1 84.375 (85.266)	Prec@5 98.438 (99.340)
Epoch: [48][80/391], lr: 0.01000	Loss 0.7234 (0.4702)	Prec@1 77.344 (84.944)	Prec@5 98.438 (99.286)
Epoch: [48][90/391], lr: 0.01000	Loss 0.4052 (0.4791)	Prec@1 84.375 (84.538)	Prec@5 100.000 (99.245)
Epoch: [48][100/391], lr: 0.01000	Loss 0.5263 (0.4814)	Prec@1 82.812 (84.360)	Prec@5 99.219 (99.242)
Epoch: [48][110/391], lr: 0.01000	Loss 0.6448 (0.4853)	Prec@1 75.781 (84.269)	Prec@5 99.219 (99.261)
Epoch: [48][120/391], lr: 0.01000	Loss 0.4035 (0.4827)	Prec@1 87.500 (84.298)	Prec@5 100.000 (99.270)
Epoch: [48][130/391], lr: 0.01000	Loss 0.6191 (0.4812)	Prec@1 80.469 (84.303)	Prec@5 97.656 (99.255)
Epoch: [48][140/391], lr: 0.01000	Loss 0.4021 (0.4809)	Prec@1 88.281 (84.292)	Prec@5 100.000 (99.285)
Epoch: [48][150/391], lr: 0.01000	Loss 0.4874 (0.4813)	Prec@1 87.500 (84.277)	Prec@5 98.438 (99.265)
Epoch: [48][160/391], lr: 0.01000	Loss 0.3459 (0.4805)	Prec@1 87.500 (84.312)	Prec@5 100.000 (99.287)
Epoch: [48][170/391], lr: 0.01000	Loss 0.5479 (0.4785)	Prec@1 85.938 (84.361)	Prec@5 98.438 (99.274)
Epoch: [48][180/391], lr: 0.01000	Loss 0.4639 (0.4797)	Prec@1 82.812 (84.310)	Prec@5 100.000 (99.275)
Epoch: [48][190/391], lr: 0.01000	Loss 0.4705 (0.4786)	Prec@1 82.812 (84.326)	Prec@5 100.000 (99.280)
Epoch: [48][200/391], lr: 0.01000	Loss 0.5553 (0.4795)	Prec@1 81.250 (84.278)	Prec@5 98.438 (99.265)
Epoch: [48][210/391], lr: 0.01000	Loss 0.4965 (0.4808)	Prec@1 81.250 (84.223)	Prec@5 100.000 (99.282)
Epoch: [48][220/391], lr: 0.01000	Loss 0.4545 (0.4800)	Prec@1 86.719 (84.255)	Prec@5 99.219 (99.289)
Epoch: [48][230/391], lr: 0.01000	Loss 0.5211 (0.4801)	Prec@1 84.375 (84.257)	Prec@5 100.000 (99.300)
Epoch: [48][240/391], lr: 0.01000	Loss 0.5970 (0.4810)	Prec@1 82.812 (84.281)	Prec@5 98.438 (99.297)
Epoch: [48][250/391], lr: 0.01000	Loss 0.3434 (0.4813)	Prec@1 89.844 (84.291)	Prec@5 100.000 (99.290)
Epoch: [48][260/391], lr: 0.01000	Loss 0.4716 (0.4824)	Prec@1 85.938 (84.258)	Prec@5 98.438 (99.297)
Epoch: [48][270/391], lr: 0.01000	Loss 0.4751 (0.4823)	Prec@1 84.375 (84.231)	Prec@5 100.000 (99.294)
Epoch: [48][280/391], lr: 0.01000	Loss 0.5117 (0.4834)	Prec@1 83.594 (84.175)	Prec@5 99.219 (99.294)
Epoch: [48][290/391], lr: 0.01000	Loss 0.4442 (0.4837)	Prec@1 85.938 (84.149)	Prec@5 99.219 (99.294)
Epoch: [48][300/391], lr: 0.01000	Loss 0.4787 (0.4850)	Prec@1 85.938 (84.118)	Prec@5 99.219 (99.289)
Epoch: [48][310/391], lr: 0.01000	Loss 0.5062 (0.4842)	Prec@1 81.250 (84.104)	Prec@5 99.219 (99.294)
Epoch: [48][320/391], lr: 0.01000	Loss 0.4652 (0.4845)	Prec@1 82.031 (84.078)	Prec@5 99.219 (99.292)
Epoch: [48][330/391], lr: 0.01000	Loss 0.4685 (0.4855)	Prec@1 84.375 (84.035)	Prec@5 100.000 (99.294)
Epoch: [48][340/391], lr: 0.01000	Loss 0.6425 (0.4870)	Prec@1 78.906 (84.011)	Prec@5 99.219 (99.294)
Epoch: [48][350/391], lr: 0.01000	Loss 0.3906 (0.4872)	Prec@1 86.719 (83.974)	Prec@5 100.000 (99.288)
Epoch: [48][360/391], lr: 0.01000	Loss 0.5286 (0.4889)	Prec@1 85.938 (83.947)	Prec@5 99.219 (99.290)
Epoch: [48][370/391], lr: 0.01000	Loss 0.4959 (0.4895)	Prec@1 80.469 (83.893)	Prec@5 100.000 (99.290)
Epoch: [48][380/391], lr: 0.01000	Loss 0.5458 (0.4914)	Prec@1 82.031 (83.782)	Prec@5 97.656 (99.272)
Epoch: [48][390/391], lr: 0.01000	Loss 0.4888 (0.4929)	Prec@1 85.000 (83.762)	Prec@5 100.000 (99.276)
Epoch [48] Training Results: Prec@1 83.762 Prec@5 99.276             Loss 0.49286
Epoch [48] Training Class Recall: [0.693,0.789,0.751,0.810,0.856,0.867,0.895,0.887,0.909,0.922]

Epoch: [49][0/391], lr: 0.01000	Loss 0.2933 (0.2933)	Prec@1 90.625 (90.625)	Prec@5 100.000 (100.000)
Epoch: [49][10/391], lr: 0.01000	Loss 0.6499 (0.5201)	Prec@1 82.031 (83.665)	Prec@5 97.656 (98.935)
Epoch: [49][20/391], lr: 0.01000	Loss 0.4678 (0.4872)	Prec@1 84.375 (84.003)	Prec@5 98.438 (99.070)
Epoch: [49][30/391], lr: 0.01000	Loss 0.7553 (0.5043)	Prec@1 75.000 (83.317)	Prec@5 96.875 (98.992)
Epoch: [49][40/391], lr: 0.01000	Loss 0.4415 (0.5026)	Prec@1 88.281 (83.518)	Prec@5 100.000 (99.104)
Epoch: [49][50/391], lr: 0.01000	Loss 0.5632 (0.4967)	Prec@1 78.906 (83.517)	Prec@5 100.000 (99.173)
Epoch: [49][60/391], lr: 0.01000	Loss 0.5578 (0.4916)	Prec@1 81.250 (83.671)	Prec@5 98.438 (99.206)
Epoch: [49][70/391], lr: 0.01000	Loss 0.4210 (0.4839)	Prec@1 84.375 (83.924)	Prec@5 100.000 (99.219)
Epoch: [49][80/391], lr: 0.01000	Loss 0.3910 (0.4810)	Prec@1 86.719 (84.066)	Prec@5 100.000 (99.219)
Epoch: [49][90/391], lr: 0.01000	Loss 0.5271 (0.4760)	Prec@1 82.031 (84.246)	Prec@5 99.219 (99.245)
Epoch: [49][100/391], lr: 0.01000	Loss 0.5136 (0.4730)	Prec@1 85.938 (84.468)	Prec@5 99.219 (99.273)
Epoch: [49][110/391], lr: 0.01000	Loss 0.3925 (0.4734)	Prec@1 85.156 (84.474)	Prec@5 100.000 (99.268)
Epoch: [49][120/391], lr: 0.01000	Loss 0.5387 (0.4742)	Prec@1 80.469 (84.446)	Prec@5 99.219 (99.290)
Epoch: [49][130/391], lr: 0.01000	Loss 0.3975 (0.4740)	Prec@1 87.500 (84.441)	Prec@5 100.000 (99.314)
Epoch: [49][140/391], lr: 0.01000	Loss 0.5145 (0.4738)	Prec@1 82.031 (84.392)	Prec@5 100.000 (99.335)
Epoch: [49][150/391], lr: 0.01000	Loss 0.5117 (0.4743)	Prec@1 82.031 (84.313)	Prec@5 100.000 (99.353)
Epoch: [49][160/391], lr: 0.01000	Loss 0.3655 (0.4732)	Prec@1 89.062 (84.424)	Prec@5 100.000 (99.364)
Epoch: [49][170/391], lr: 0.01000	Loss 0.4014 (0.4743)	Prec@1 86.719 (84.421)	Prec@5 98.438 (99.356)
Epoch: [49][180/391], lr: 0.01000	Loss 0.4114 (0.4743)	Prec@1 85.156 (84.414)	Prec@5 99.219 (99.344)
Epoch: [49][190/391], lr: 0.01000	Loss 0.8443 (0.4771)	Prec@1 75.781 (84.367)	Prec@5 96.875 (99.325)
Epoch: [49][200/391], lr: 0.01000	Loss 0.4695 (0.4787)	Prec@1 82.031 (84.270)	Prec@5 99.219 (99.324)
Epoch: [49][210/391], lr: 0.01000	Loss 0.5578 (0.4806)	Prec@1 82.812 (84.194)	Prec@5 98.438 (99.334)
Epoch: [49][220/391], lr: 0.01000	Loss 0.5126 (0.4833)	Prec@1 80.469 (84.021)	Prec@5 99.219 (99.332)
Epoch: [49][230/391], lr: 0.01000	Loss 0.4936 (0.4853)	Prec@1 82.812 (83.878)	Prec@5 99.219 (99.344)
Epoch: [49][240/391], lr: 0.01000	Loss 0.4595 (0.4877)	Prec@1 85.156 (83.775)	Prec@5 99.219 (99.316)
Epoch: [49][250/391], lr: 0.01000	Loss 0.4163 (0.4882)	Prec@1 85.156 (83.740)	Prec@5 98.438 (99.318)
Epoch: [49][260/391], lr: 0.01000	Loss 0.5733 (0.4877)	Prec@1 78.125 (83.731)	Prec@5 99.219 (99.332)
Epoch: [49][270/391], lr: 0.01000	Loss 0.3982 (0.4889)	Prec@1 86.719 (83.706)	Prec@5 99.219 (99.320)
Epoch: [49][280/391], lr: 0.01000	Loss 0.3534 (0.4879)	Prec@1 86.719 (83.777)	Prec@5 100.000 (99.327)
Epoch: [49][290/391], lr: 0.01000	Loss 0.4985 (0.4874)	Prec@1 84.375 (83.798)	Prec@5 100.000 (99.326)
Epoch: [49][300/391], lr: 0.01000	Loss 0.3711 (0.4858)	Prec@1 88.281 (83.871)	Prec@5 100.000 (99.328)
Epoch: [49][310/391], lr: 0.01000	Loss 0.6023 (0.4856)	Prec@1 78.906 (83.878)	Prec@5 100.000 (99.342)
Epoch: [49][320/391], lr: 0.01000	Loss 0.5220 (0.4856)	Prec@1 80.469 (83.847)	Prec@5 99.219 (99.350)
Epoch: [49][330/391], lr: 0.01000	Loss 0.3732 (0.4845)	Prec@1 87.500 (83.875)	Prec@5 100.000 (99.360)
Epoch: [49][340/391], lr: 0.01000	Loss 0.4086 (0.4856)	Prec@1 85.156 (83.827)	Prec@5 99.219 (99.354)
Epoch: [49][350/391], lr: 0.01000	Loss 0.5542 (0.4846)	Prec@1 81.250 (83.879)	Prec@5 99.219 (99.359)
Epoch: [49][360/391], lr: 0.01000	Loss 0.5510 (0.4853)	Prec@1 81.250 (83.849)	Prec@5 99.219 (99.351)
Epoch: [49][370/391], lr: 0.01000	Loss 0.4020 (0.4854)	Prec@1 88.281 (83.851)	Prec@5 99.219 (99.358)
Epoch: [49][380/391], lr: 0.01000	Loss 0.3542 (0.4841)	Prec@1 88.281 (83.883)	Prec@5 100.000 (99.366)
Epoch: [49][390/391], lr: 0.01000	Loss 0.3550 (0.4849)	Prec@1 90.000 (83.878)	Prec@5 100.000 (99.362)
Epoch [49] Training Results: Prec@1 83.878 Prec@5 99.362             Loss 0.48490
Epoch [49] Training Class Recall: [0.686,0.793,0.760,0.804,0.853,0.869,0.895,0.896,0.907,0.924]

Epoch: [50][0/391], lr: 0.01000	Loss 0.4284 (0.4284)	Prec@1 84.375 (84.375)	Prec@5 100.000 (100.000)
Epoch: [50][10/391], lr: 0.01000	Loss 0.5821 (0.4667)	Prec@1 76.562 (83.878)	Prec@5 100.000 (99.645)
Epoch: [50][20/391], lr: 0.01000	Loss 0.5874 (0.4740)	Prec@1 78.906 (83.817)	Prec@5 100.000 (99.516)
Epoch: [50][30/391], lr: 0.01000	Loss 0.5014 (0.4769)	Prec@1 82.812 (83.720)	Prec@5 99.219 (99.546)
Epoch: [50][40/391], lr: 0.01000	Loss 0.5266 (0.4721)	Prec@1 78.906 (83.880)	Prec@5 99.219 (99.486)
Epoch: [50][50/391], lr: 0.01000	Loss 0.4239 (0.4761)	Prec@1 83.594 (83.578)	Prec@5 100.000 (99.449)
Epoch: [50][60/391], lr: 0.01000	Loss 0.4685 (0.4869)	Prec@1 85.938 (83.491)	Prec@5 100.000 (99.398)
Epoch: [50][70/391], lr: 0.01000	Loss 0.4808 (0.4934)	Prec@1 83.594 (83.495)	Prec@5 99.219 (99.351)
Epoch: [50][80/391], lr: 0.01000	Loss 0.5152 (0.4962)	Prec@1 81.250 (83.372)	Prec@5 99.219 (99.344)
Epoch: [50][90/391], lr: 0.01000	Loss 0.5547 (0.4948)	Prec@1 80.469 (83.482)	Prec@5 100.000 (99.330)
Epoch: [50][100/391], lr: 0.01000	Loss 0.3372 (0.4967)	Prec@1 89.844 (83.563)	Prec@5 100.000 (99.304)
Epoch: [50][110/391], lr: 0.01000	Loss 0.3557 (0.4985)	Prec@1 89.062 (83.552)	Prec@5 100.000 (99.282)
Epoch: [50][120/391], lr: 0.01000	Loss 0.4315 (0.4935)	Prec@1 85.156 (83.652)	Prec@5 99.219 (99.296)
Epoch: [50][130/391], lr: 0.01000	Loss 0.5900 (0.4934)	Prec@1 82.031 (83.659)	Prec@5 99.219 (99.284)
Epoch: [50][140/391], lr: 0.01000	Loss 0.4927 (0.4958)	Prec@1 84.375 (83.544)	Prec@5 99.219 (99.296)
Epoch: [50][150/391], lr: 0.01000	Loss 0.4336 (0.4919)	Prec@1 84.375 (83.651)	Prec@5 100.000 (99.307)
Epoch: [50][160/391], lr: 0.01000	Loss 0.4213 (0.4886)	Prec@1 85.156 (83.715)	Prec@5 99.219 (99.326)
Epoch: [50][170/391], lr: 0.01000	Loss 0.5639 (0.4881)	Prec@1 80.469 (83.749)	Prec@5 97.656 (99.315)
Epoch: [50][180/391], lr: 0.01000	Loss 0.6082 (0.4866)	Prec@1 82.812 (83.831)	Prec@5 97.656 (99.301)
Epoch: [50][190/391], lr: 0.01000	Loss 0.3848 (0.4811)	Prec@1 87.500 (84.011)	Prec@5 100.000 (99.329)
Epoch: [50][200/391], lr: 0.01000	Loss 0.4015 (0.4803)	Prec@1 88.281 (84.087)	Prec@5 100.000 (99.343)
Epoch: [50][210/391], lr: 0.01000	Loss 0.4578 (0.4797)	Prec@1 82.812 (84.108)	Prec@5 99.219 (99.319)
Epoch: [50][220/391], lr: 0.01000	Loss 0.4921 (0.4794)	Prec@1 84.375 (84.124)	Prec@5 99.219 (99.307)
Epoch: [50][230/391], lr: 0.01000	Loss 0.4473 (0.4791)	Prec@1 86.719 (84.111)	Prec@5 99.219 (99.310)
Epoch: [50][240/391], lr: 0.01000	Loss 0.5417 (0.4787)	Prec@1 83.594 (84.148)	Prec@5 99.219 (99.313)
Epoch: [50][250/391], lr: 0.01000	Loss 0.4146 (0.4790)	Prec@1 83.594 (84.148)	Prec@5 100.000 (99.321)
Epoch: [50][260/391], lr: 0.01000	Loss 0.4426 (0.4787)	Prec@1 85.156 (84.156)	Prec@5 100.000 (99.318)
Epoch: [50][270/391], lr: 0.01000	Loss 0.4880 (0.4785)	Prec@1 84.375 (84.159)	Prec@5 98.438 (99.305)
Epoch: [50][280/391], lr: 0.01000	Loss 0.6447 (0.4793)	Prec@1 77.344 (84.108)	Prec@5 99.219 (99.311)
Epoch: [50][290/391], lr: 0.01000	Loss 0.5278 (0.4785)	Prec@1 81.250 (84.144)	Prec@5 99.219 (99.323)
Epoch: [50][300/391], lr: 0.01000	Loss 0.5589 (0.4794)	Prec@1 76.562 (84.105)	Prec@5 100.000 (99.328)
Epoch: [50][310/391], lr: 0.01000	Loss 0.3517 (0.4799)	Prec@1 86.719 (84.089)	Prec@5 100.000 (99.322)
Epoch: [50][320/391], lr: 0.01000	Loss 0.4638 (0.4787)	Prec@1 84.375 (84.146)	Prec@5 100.000 (99.331)
Epoch: [50][330/391], lr: 0.01000	Loss 0.5069 (0.4796)	Prec@1 84.375 (84.120)	Prec@5 99.219 (99.339)
Epoch: [50][340/391], lr: 0.01000	Loss 0.5545 (0.4801)	Prec@1 82.031 (84.075)	Prec@5 97.656 (99.345)
Epoch: [50][350/391], lr: 0.01000	Loss 0.4910 (0.4812)	Prec@1 83.594 (84.032)	Prec@5 100.000 (99.339)
Epoch: [50][360/391], lr: 0.01000	Loss 0.4601 (0.4812)	Prec@1 85.156 (84.037)	Prec@5 99.219 (99.344)
Epoch: [50][370/391], lr: 0.01000	Loss 0.4015 (0.4812)	Prec@1 89.062 (84.051)	Prec@5 100.000 (99.343)
Epoch: [50][380/391], lr: 0.01000	Loss 0.4981 (0.4827)	Prec@1 81.250 (84.010)	Prec@5 99.219 (99.321)
Epoch: [50][390/391], lr: 0.01000	Loss 0.5926 (0.4821)	Prec@1 80.000 (84.002)	Prec@5 100.000 (99.324)
Epoch [50] Training Results: Prec@1 84.002 Prec@5 99.324             Loss 0.48214
Epoch [50] Training Class Recall: [0.700,0.793,0.759,0.809,0.851,0.872,0.891,0.889,0.916,0.921]

Epoch: [51][0/391], lr: 0.01000	Loss 0.4352 (0.4352)	Prec@1 87.500 (87.500)	Prec@5 98.438 (98.438)
Epoch: [51][10/391], lr: 0.01000	Loss 0.6077 (0.5194)	Prec@1 79.688 (83.452)	Prec@5 99.219 (99.290)
Epoch: [51][20/391], lr: 0.01000	Loss 0.6197 (0.5087)	Prec@1 82.031 (82.850)	Prec@5 100.000 (99.442)
Epoch: [51][30/391], lr: 0.01000	Loss 0.6243 (0.5103)	Prec@1 80.469 (83.191)	Prec@5 99.219 (99.370)
Epoch: [51][40/391], lr: 0.01000	Loss 0.5454 (0.5114)	Prec@1 80.469 (83.232)	Prec@5 98.438 (99.257)
Epoch: [51][50/391], lr: 0.01000	Loss 0.5494 (0.5055)	Prec@1 87.500 (83.487)	Prec@5 98.438 (99.280)
Epoch: [51][60/391], lr: 0.01000	Loss 0.4595 (0.5030)	Prec@1 83.594 (83.389)	Prec@5 100.000 (99.283)
Epoch: [51][70/391], lr: 0.01000	Loss 0.5104 (0.5031)	Prec@1 82.031 (83.242)	Prec@5 99.219 (99.307)
Epoch: [51][80/391], lr: 0.01000	Loss 0.5119 (0.5006)	Prec@1 85.156 (83.468)	Prec@5 100.000 (99.325)
Epoch: [51][90/391], lr: 0.01000	Loss 0.5512 (0.5020)	Prec@1 79.688 (83.362)	Prec@5 99.219 (99.313)
Epoch: [51][100/391], lr: 0.01000	Loss 0.4728 (0.4977)	Prec@1 84.375 (83.540)	Prec@5 100.000 (99.327)
Epoch: [51][110/391], lr: 0.01000	Loss 0.4886 (0.4944)	Prec@1 88.281 (83.580)	Prec@5 97.656 (99.338)
Epoch: [51][120/391], lr: 0.01000	Loss 0.4029 (0.4902)	Prec@1 86.719 (83.768)	Prec@5 100.000 (99.361)
Epoch: [51][130/391], lr: 0.01000	Loss 0.4325 (0.4847)	Prec@1 85.938 (83.898)	Prec@5 98.438 (99.362)
Epoch: [51][140/391], lr: 0.01000	Loss 0.5626 (0.4847)	Prec@1 79.688 (83.898)	Prec@5 97.656 (99.346)
Epoch: [51][150/391], lr: 0.01000	Loss 0.4507 (0.4836)	Prec@1 87.500 (83.977)	Prec@5 99.219 (99.333)
Epoch: [51][160/391], lr: 0.01000	Loss 0.4697 (0.4845)	Prec@1 83.594 (83.933)	Prec@5 99.219 (99.340)
Epoch: [51][170/391], lr: 0.01000	Loss 0.5956 (0.4870)	Prec@1 81.250 (83.877)	Prec@5 99.219 (99.310)
Epoch: [51][180/391], lr: 0.01000	Loss 0.5439 (0.4899)	Prec@1 79.688 (83.792)	Prec@5 98.438 (99.309)
Epoch: [51][190/391], lr: 0.01000	Loss 0.5691 (0.4914)	Prec@1 83.594 (83.749)	Prec@5 99.219 (99.301)
Epoch: [51][200/391], lr: 0.01000	Loss 0.4633 (0.4899)	Prec@1 85.156 (83.773)	Prec@5 98.438 (99.312)
Epoch: [51][210/391], lr: 0.01000	Loss 0.4728 (0.4913)	Prec@1 82.812 (83.712)	Prec@5 99.219 (99.315)
Epoch: [51][220/391], lr: 0.01000	Loss 0.5446 (0.4928)	Prec@1 85.156 (83.679)	Prec@5 99.219 (99.321)
Epoch: [51][230/391], lr: 0.01000	Loss 0.4075 (0.4931)	Prec@1 88.281 (83.665)	Prec@5 100.000 (99.313)
Epoch: [51][240/391], lr: 0.01000	Loss 0.5487 (0.4936)	Prec@1 80.469 (83.597)	Prec@5 100.000 (99.310)
Epoch: [51][250/391], lr: 0.01000	Loss 0.5346 (0.4937)	Prec@1 78.125 (83.588)	Prec@5 100.000 (99.312)
Epoch: [51][260/391], lr: 0.01000	Loss 0.4836 (0.4929)	Prec@1 83.594 (83.627)	Prec@5 100.000 (99.315)
Epoch: [51][270/391], lr: 0.01000	Loss 0.4966 (0.4905)	Prec@1 83.594 (83.703)	Prec@5 99.219 (99.328)
Epoch: [51][280/391], lr: 0.01000	Loss 0.6497 (0.4904)	Prec@1 78.125 (83.688)	Prec@5 98.438 (99.336)
Epoch: [51][290/391], lr: 0.01000	Loss 0.4166 (0.4890)	Prec@1 84.375 (83.747)	Prec@5 100.000 (99.345)
Epoch: [51][300/391], lr: 0.01000	Loss 0.5063 (0.4900)	Prec@1 81.250 (83.705)	Prec@5 100.000 (99.351)
Epoch: [51][310/391], lr: 0.01000	Loss 0.3876 (0.4911)	Prec@1 86.719 (83.692)	Prec@5 100.000 (99.339)
Epoch: [51][320/391], lr: 0.01000	Loss 0.4081 (0.4911)	Prec@1 86.719 (83.711)	Prec@5 99.219 (99.336)
Epoch: [51][330/391], lr: 0.01000	Loss 0.5189 (0.4905)	Prec@1 84.375 (83.728)	Prec@5 98.438 (99.334)
Epoch: [51][340/391], lr: 0.01000	Loss 0.4823 (0.4896)	Prec@1 82.031 (83.731)	Prec@5 100.000 (99.336)
Epoch: [51][350/391], lr: 0.01000	Loss 0.5463 (0.4897)	Prec@1 81.250 (83.738)	Prec@5 100.000 (99.334)
Epoch: [51][360/391], lr: 0.01000	Loss 0.5041 (0.4899)	Prec@1 80.469 (83.745)	Prec@5 99.219 (99.338)
Epoch: [51][370/391], lr: 0.01000	Loss 0.5167 (0.4892)	Prec@1 82.031 (83.779)	Prec@5 99.219 (99.341)
Epoch: [51][380/391], lr: 0.01000	Loss 0.5238 (0.4887)	Prec@1 84.375 (83.776)	Prec@5 100.000 (99.344)
Epoch: [51][390/391], lr: 0.01000	Loss 0.6154 (0.4893)	Prec@1 81.250 (83.778)	Prec@5 98.750 (99.342)
Epoch [51] Training Results: Prec@1 83.778 Prec@5 99.342             Loss 0.48926
Epoch [51] Training Class Recall: [0.680,0.792,0.756,0.814,0.845,0.863,0.894,0.889,0.918,0.927]

Epoch: [52][0/391], lr: 0.01000	Loss 0.4289 (0.4289)	Prec@1 83.594 (83.594)	Prec@5 100.000 (100.000)
Epoch: [52][10/391], lr: 0.01000	Loss 0.4386 (0.4349)	Prec@1 85.938 (85.795)	Prec@5 100.000 (99.574)
Epoch: [52][20/391], lr: 0.01000	Loss 0.4641 (0.4694)	Prec@1 89.062 (84.784)	Prec@5 100.000 (99.516)
Epoch: [52][30/391], lr: 0.01000	Loss 0.5774 (0.4699)	Prec@1 78.906 (84.551)	Prec@5 98.438 (99.521)
Epoch: [52][40/391], lr: 0.01000	Loss 0.4538 (0.4665)	Prec@1 86.719 (84.756)	Prec@5 99.219 (99.314)
Epoch: [52][50/391], lr: 0.01000	Loss 0.5143 (0.4675)	Prec@1 85.938 (84.651)	Prec@5 98.438 (99.311)
Epoch: [52][60/391], lr: 0.01000	Loss 0.4662 (0.4636)	Prec@1 86.719 (84.939)	Prec@5 100.000 (99.372)
Epoch: [52][70/391], lr: 0.01000	Loss 0.3659 (0.4606)	Prec@1 87.500 (84.914)	Prec@5 100.000 (99.373)
Epoch: [52][80/391], lr: 0.01000	Loss 0.3533 (0.4649)	Prec@1 89.062 (84.838)	Prec@5 100.000 (99.344)
Epoch: [52][90/391], lr: 0.01000	Loss 0.5130 (0.4630)	Prec@1 85.156 (84.976)	Prec@5 97.656 (99.339)
Epoch: [52][100/391], lr: 0.01000	Loss 0.5539 (0.4674)	Prec@1 82.812 (84.824)	Prec@5 98.438 (99.358)
Epoch: [52][110/391], lr: 0.01000	Loss 0.5508 (0.4724)	Prec@1 84.375 (84.657)	Prec@5 99.219 (99.360)
Epoch: [52][120/391], lr: 0.01000	Loss 0.5115 (0.4732)	Prec@1 80.469 (84.543)	Prec@5 100.000 (99.393)
Epoch: [52][130/391], lr: 0.01000	Loss 0.5018 (0.4737)	Prec@1 80.469 (84.500)	Prec@5 100.000 (99.416)
Epoch: [52][140/391], lr: 0.01000	Loss 0.5271 (0.4714)	Prec@1 82.812 (84.514)	Prec@5 98.438 (99.418)
Epoch: [52][150/391], lr: 0.01000	Loss 0.3192 (0.4689)	Prec@1 90.625 (84.566)	Prec@5 100.000 (99.421)
Epoch: [52][160/391], lr: 0.01000	Loss 0.4482 (0.4683)	Prec@1 88.281 (84.686)	Prec@5 98.438 (99.389)
Epoch: [52][170/391], lr: 0.01000	Loss 0.5000 (0.4694)	Prec@1 82.812 (84.617)	Prec@5 100.000 (99.392)
Epoch: [52][180/391], lr: 0.01000	Loss 0.4641 (0.4720)	Prec@1 84.375 (84.487)	Prec@5 100.000 (99.396)
Epoch: [52][190/391], lr: 0.01000	Loss 0.4504 (0.4728)	Prec@1 84.375 (84.485)	Prec@5 100.000 (99.407)
Epoch: [52][200/391], lr: 0.01000	Loss 0.4781 (0.4733)	Prec@1 81.250 (84.457)	Prec@5 100.000 (99.421)
Epoch: [52][210/391], lr: 0.01000	Loss 0.4727 (0.4747)	Prec@1 83.594 (84.423)	Prec@5 100.000 (99.419)
Epoch: [52][220/391], lr: 0.01000	Loss 0.4950 (0.4738)	Prec@1 88.281 (84.478)	Prec@5 100.000 (99.417)
Epoch: [52][230/391], lr: 0.01000	Loss 0.4166 (0.4732)	Prec@1 85.156 (84.460)	Prec@5 99.219 (99.425)
Epoch: [52][240/391], lr: 0.01000	Loss 0.3619 (0.4731)	Prec@1 88.281 (84.453)	Prec@5 99.219 (99.433)
Epoch: [52][250/391], lr: 0.01000	Loss 0.4842 (0.4731)	Prec@1 82.812 (84.419)	Prec@5 99.219 (99.424)
Epoch: [52][260/391], lr: 0.01000	Loss 0.5235 (0.4719)	Prec@1 78.125 (84.414)	Prec@5 100.000 (99.437)
Epoch: [52][270/391], lr: 0.01000	Loss 0.4007 (0.4720)	Prec@1 85.938 (84.412)	Prec@5 98.438 (99.429)
Epoch: [52][280/391], lr: 0.01000	Loss 0.5453 (0.4719)	Prec@1 83.594 (84.417)	Prec@5 97.656 (99.430)
Epoch: [52][290/391], lr: 0.01000	Loss 0.4116 (0.4721)	Prec@1 86.719 (84.402)	Prec@5 99.219 (99.434)
Epoch: [52][300/391], lr: 0.01000	Loss 0.3409 (0.4724)	Prec@1 88.281 (84.388)	Prec@5 99.219 (99.426)
Epoch: [52][310/391], lr: 0.01000	Loss 0.3567 (0.4718)	Prec@1 88.281 (84.395)	Prec@5 100.000 (99.432)
Epoch: [52][320/391], lr: 0.01000	Loss 0.3620 (0.4696)	Prec@1 85.938 (84.470)	Prec@5 100.000 (99.443)
Epoch: [52][330/391], lr: 0.01000	Loss 0.4767 (0.4706)	Prec@1 83.594 (84.429)	Prec@5 99.219 (99.443)
Epoch: [52][340/391], lr: 0.01000	Loss 0.3742 (0.4704)	Prec@1 87.500 (84.419)	Prec@5 99.219 (99.450)
Epoch: [52][350/391], lr: 0.01000	Loss 0.4832 (0.4705)	Prec@1 81.250 (84.397)	Prec@5 99.219 (99.452)
Epoch: [52][360/391], lr: 0.01000	Loss 0.6342 (0.4724)	Prec@1 79.688 (84.345)	Prec@5 99.219 (99.437)
Epoch: [52][370/391], lr: 0.01000	Loss 0.5803 (0.4726)	Prec@1 82.812 (84.341)	Prec@5 100.000 (99.442)
Epoch: [52][380/391], lr: 0.01000	Loss 0.3724 (0.4719)	Prec@1 85.938 (84.398)	Prec@5 99.219 (99.432)
Epoch: [52][390/391], lr: 0.01000	Loss 0.3839 (0.4721)	Prec@1 82.500 (84.360)	Prec@5 98.750 (99.430)
Epoch [52] Training Results: Prec@1 84.360 Prec@5 99.430             Loss 0.47212
Epoch [52] Training Class Recall: [0.700,0.795,0.759,0.821,0.854,0.873,0.897,0.899,0.915,0.924]

Epoch: [53][0/391], lr: 0.01000	Loss 0.4720 (0.4720)	Prec@1 82.812 (82.812)	Prec@5 100.000 (100.000)
Epoch: [53][10/391], lr: 0.01000	Loss 0.4444 (0.3869)	Prec@1 81.250 (86.151)	Prec@5 100.000 (99.929)
Epoch: [53][20/391], lr: 0.01000	Loss 0.2933 (0.4046)	Prec@1 91.406 (86.272)	Prec@5 100.000 (99.851)
Epoch: [53][30/391], lr: 0.01000	Loss 0.4963 (0.4195)	Prec@1 87.500 (86.013)	Prec@5 99.219 (99.698)
Epoch: [53][40/391], lr: 0.01000	Loss 0.4654 (0.4254)	Prec@1 82.031 (85.804)	Prec@5 99.219 (99.581)
Epoch: [53][50/391], lr: 0.01000	Loss 0.3887 (0.4257)	Prec@1 87.500 (85.600)	Prec@5 99.219 (99.571)
Epoch: [53][60/391], lr: 0.01000	Loss 0.3319 (0.4232)	Prec@1 89.844 (85.745)	Prec@5 100.000 (99.590)
Epoch: [53][70/391], lr: 0.01000	Loss 0.3657 (0.4247)	Prec@1 90.625 (85.816)	Prec@5 98.438 (99.538)
Epoch: [53][80/391], lr: 0.01000	Loss 0.5911 (0.4306)	Prec@1 82.031 (85.667)	Prec@5 97.656 (99.518)
Epoch: [53][90/391], lr: 0.01000	Loss 0.3812 (0.4305)	Prec@1 86.719 (85.689)	Prec@5 100.000 (99.528)
Epoch: [53][100/391], lr: 0.01000	Loss 0.3962 (0.4329)	Prec@1 88.281 (85.605)	Prec@5 99.219 (99.497)
Epoch: [53][110/391], lr: 0.01000	Loss 0.3800 (0.4335)	Prec@1 87.500 (85.593)	Prec@5 100.000 (99.493)
Epoch: [53][120/391], lr: 0.01000	Loss 0.5964 (0.4373)	Prec@1 79.688 (85.466)	Prec@5 100.000 (99.503)
Epoch: [53][130/391], lr: 0.01000	Loss 0.5367 (0.4415)	Prec@1 83.594 (85.371)	Prec@5 99.219 (99.481)
Epoch: [53][140/391], lr: 0.01000	Loss 0.5616 (0.4499)	Prec@1 79.688 (85.012)	Prec@5 99.219 (99.474)
Epoch: [53][150/391], lr: 0.01000	Loss 0.6309 (0.4562)	Prec@1 77.344 (84.789)	Prec@5 99.219 (99.457)
Epoch: [53][160/391], lr: 0.01000	Loss 0.7069 (0.4614)	Prec@1 76.562 (84.593)	Prec@5 99.219 (99.432)
Epoch: [53][170/391], lr: 0.01000	Loss 0.5646 (0.4642)	Prec@1 82.812 (84.489)	Prec@5 98.438 (99.443)
Epoch: [53][180/391], lr: 0.01000	Loss 0.5940 (0.4669)	Prec@1 78.906 (84.379)	Prec@5 99.219 (99.439)
Epoch: [53][190/391], lr: 0.01000	Loss 0.4662 (0.4684)	Prec@1 82.812 (84.379)	Prec@5 99.219 (99.415)
Epoch: [53][200/391], lr: 0.01000	Loss 0.5923 (0.4710)	Prec@1 78.125 (84.220)	Prec@5 99.219 (99.401)
Epoch: [53][210/391], lr: 0.01000	Loss 0.4735 (0.4724)	Prec@1 85.156 (84.168)	Prec@5 99.219 (99.415)
Epoch: [53][220/391], lr: 0.01000	Loss 0.4599 (0.4738)	Prec@1 82.812 (84.135)	Prec@5 100.000 (99.420)
Epoch: [53][230/391], lr: 0.01000	Loss 0.5254 (0.4755)	Prec@1 86.719 (84.145)	Prec@5 99.219 (99.422)
Epoch: [53][240/391], lr: 0.01000	Loss 0.4853 (0.4769)	Prec@1 83.594 (84.083)	Prec@5 96.875 (99.413)
Epoch: [53][250/391], lr: 0.01000	Loss 0.4268 (0.4765)	Prec@1 85.156 (84.092)	Prec@5 100.000 (99.409)
Epoch: [53][260/391], lr: 0.01000	Loss 0.3310 (0.4765)	Prec@1 87.500 (84.088)	Prec@5 100.000 (99.404)
Epoch: [53][270/391], lr: 0.01000	Loss 0.3600 (0.4753)	Prec@1 88.281 (84.104)	Prec@5 99.219 (99.412)
Epoch: [53][280/391], lr: 0.01000	Loss 0.4588 (0.4754)	Prec@1 85.156 (84.108)	Prec@5 100.000 (99.424)
Epoch: [53][290/391], lr: 0.01000	Loss 0.4286 (0.4764)	Prec@1 84.375 (84.053)	Prec@5 100.000 (99.425)
Epoch: [53][300/391], lr: 0.01000	Loss 0.5332 (0.4771)	Prec@1 83.594 (84.061)	Prec@5 100.000 (99.413)
Epoch: [53][310/391], lr: 0.01000	Loss 0.4664 (0.4780)	Prec@1 85.156 (84.038)	Prec@5 100.000 (99.410)
Epoch: [53][320/391], lr: 0.01000	Loss 0.5099 (0.4771)	Prec@1 86.719 (84.100)	Prec@5 99.219 (99.411)
Epoch: [53][330/391], lr: 0.01000	Loss 0.4749 (0.4771)	Prec@1 81.250 (84.096)	Prec@5 99.219 (99.405)
Epoch: [53][340/391], lr: 0.01000	Loss 0.6079 (0.4771)	Prec@1 80.469 (84.093)	Prec@5 98.438 (99.413)
Epoch: [53][350/391], lr: 0.01000	Loss 0.7573 (0.4792)	Prec@1 79.688 (84.048)	Prec@5 97.656 (99.403)
Epoch: [53][360/391], lr: 0.01000	Loss 0.4370 (0.4794)	Prec@1 85.156 (84.050)	Prec@5 99.219 (99.398)
Epoch: [53][370/391], lr: 0.01000	Loss 0.4361 (0.4798)	Prec@1 84.375 (84.049)	Prec@5 100.000 (99.396)
Epoch: [53][380/391], lr: 0.01000	Loss 0.5205 (0.4805)	Prec@1 83.594 (84.055)	Prec@5 98.438 (99.389)
Epoch: [53][390/391], lr: 0.01000	Loss 0.6062 (0.4806)	Prec@1 77.500 (84.062)	Prec@5 97.500 (99.378)
Epoch [53] Training Results: Prec@1 84.062 Prec@5 99.378             Loss 0.48059
Epoch [53] Training Class Recall: [0.689,0.799,0.769,0.809,0.847,0.869,0.892,0.893,0.913,0.925]

Epoch: [54][0/391], lr: 0.01000	Loss 0.4590 (0.4590)	Prec@1 86.719 (86.719)	Prec@5 100.000 (100.000)
Epoch: [54][10/391], lr: 0.01000	Loss 0.3950 (0.4304)	Prec@1 90.625 (86.293)	Prec@5 100.000 (99.858)
Epoch: [54][20/391], lr: 0.01000	Loss 0.4227 (0.4185)	Prec@1 85.156 (86.310)	Prec@5 98.438 (99.814)
Epoch: [54][30/391], lr: 0.01000	Loss 0.3413 (0.4170)	Prec@1 86.719 (86.064)	Prec@5 100.000 (99.798)
Epoch: [54][40/391], lr: 0.01000	Loss 0.4394 (0.4237)	Prec@1 84.375 (85.957)	Prec@5 99.219 (99.771)
Epoch: [54][50/391], lr: 0.01000	Loss 0.4067 (0.4301)	Prec@1 87.500 (85.769)	Prec@5 100.000 (99.755)
Epoch: [54][60/391], lr: 0.01000	Loss 0.3976 (0.4355)	Prec@1 88.281 (85.604)	Prec@5 100.000 (99.744)
Epoch: [54][70/391], lr: 0.01000	Loss 0.5484 (0.4353)	Prec@1 80.469 (85.563)	Prec@5 99.219 (99.714)
Epoch: [54][80/391], lr: 0.01000	Loss 0.3732 (0.4355)	Prec@1 87.500 (85.484)	Prec@5 98.438 (99.691)
Epoch: [54][90/391], lr: 0.01000	Loss 0.4865 (0.4354)	Prec@1 85.938 (85.500)	Prec@5 99.219 (99.665)
Epoch: [54][100/391], lr: 0.01000	Loss 0.4367 (0.4411)	Prec@1 86.719 (85.234)	Prec@5 100.000 (99.629)
Epoch: [54][110/391], lr: 0.01000	Loss 0.5159 (0.4483)	Prec@1 85.938 (84.980)	Prec@5 97.656 (99.557)
Epoch: [54][120/391], lr: 0.01000	Loss 0.6416 (0.4541)	Prec@1 78.125 (84.749)	Prec@5 98.438 (99.509)
Epoch: [54][130/391], lr: 0.01000	Loss 0.5494 (0.4576)	Prec@1 80.469 (84.631)	Prec@5 99.219 (99.487)
Epoch: [54][140/391], lr: 0.01000	Loss 0.4533 (0.4573)	Prec@1 86.719 (84.685)	Prec@5 100.000 (99.474)
Epoch: [54][150/391], lr: 0.01000	Loss 0.6190 (0.4620)	Prec@1 80.469 (84.520)	Prec@5 98.438 (99.452)
Epoch: [54][160/391], lr: 0.01000	Loss 0.4339 (0.4637)	Prec@1 83.594 (84.433)	Prec@5 100.000 (99.457)
Epoch: [54][170/391], lr: 0.01000	Loss 0.3923 (0.4648)	Prec@1 88.281 (84.412)	Prec@5 100.000 (99.411)
Epoch: [54][180/391], lr: 0.01000	Loss 0.6277 (0.4674)	Prec@1 79.688 (84.379)	Prec@5 98.438 (99.409)
Epoch: [54][190/391], lr: 0.01000	Loss 0.4746 (0.4685)	Prec@1 83.594 (84.334)	Prec@5 100.000 (99.419)
Epoch: [54][200/391], lr: 0.01000	Loss 0.4799 (0.4700)	Prec@1 82.031 (84.278)	Prec@5 100.000 (99.405)
Epoch: [54][210/391], lr: 0.01000	Loss 0.5878 (0.4713)	Prec@1 82.031 (84.238)	Prec@5 100.000 (99.400)
Epoch: [54][220/391], lr: 0.01000	Loss 0.5672 (0.4718)	Prec@1 78.906 (84.212)	Prec@5 100.000 (99.410)
Epoch: [54][230/391], lr: 0.01000	Loss 0.5615 (0.4732)	Prec@1 81.250 (84.121)	Prec@5 98.438 (99.401)
Epoch: [54][240/391], lr: 0.01000	Loss 0.3788 (0.4740)	Prec@1 87.500 (84.096)	Prec@5 100.000 (99.410)
Epoch: [54][250/391], lr: 0.01000	Loss 0.6118 (0.4754)	Prec@1 76.562 (84.042)	Prec@5 99.219 (99.396)
Epoch: [54][260/391], lr: 0.01000	Loss 0.3642 (0.4738)	Prec@1 91.406 (84.133)	Prec@5 100.000 (99.404)
Epoch: [54][270/391], lr: 0.01000	Loss 0.4637 (0.4728)	Prec@1 82.812 (84.179)	Prec@5 99.219 (99.406)
Epoch: [54][280/391], lr: 0.01000	Loss 0.3212 (0.4703)	Prec@1 89.062 (84.278)	Prec@5 99.219 (99.416)
Epoch: [54][290/391], lr: 0.01000	Loss 0.5019 (0.4689)	Prec@1 83.594 (84.324)	Prec@5 98.438 (99.409)
Epoch: [54][300/391], lr: 0.01000	Loss 0.6780 (0.4699)	Prec@1 78.125 (84.271)	Prec@5 99.219 (99.419)
Epoch: [54][310/391], lr: 0.01000	Loss 0.5363 (0.4699)	Prec@1 81.250 (84.267)	Prec@5 98.438 (99.420)
Epoch: [54][320/391], lr: 0.01000	Loss 0.5835 (0.4708)	Prec@1 78.906 (84.224)	Prec@5 100.000 (99.413)
Epoch: [54][330/391], lr: 0.01000	Loss 0.4914 (0.4735)	Prec@1 83.594 (84.158)	Prec@5 100.000 (99.417)
Epoch: [54][340/391], lr: 0.01000	Loss 0.5154 (0.4755)	Prec@1 82.031 (84.134)	Prec@5 99.219 (99.402)
Epoch: [54][350/391], lr: 0.01000	Loss 0.4467 (0.4756)	Prec@1 86.719 (84.157)	Prec@5 100.000 (99.410)
Epoch: [54][360/391], lr: 0.01000	Loss 0.4844 (0.4768)	Prec@1 83.594 (84.128)	Prec@5 99.219 (99.396)
Epoch: [54][370/391], lr: 0.01000	Loss 0.3123 (0.4774)	Prec@1 92.188 (84.120)	Prec@5 99.219 (99.379)
Epoch: [54][380/391], lr: 0.01000	Loss 0.3843 (0.4780)	Prec@1 86.719 (84.080)	Prec@5 99.219 (99.381)
Epoch: [54][390/391], lr: 0.01000	Loss 0.5505 (0.4788)	Prec@1 78.750 (84.060)	Prec@5 97.500 (99.376)
Epoch [54] Training Results: Prec@1 84.060 Prec@5 99.376             Loss 0.47879
Epoch [54] Training Class Recall: [0.703,0.786,0.759,0.809,0.854,0.870,0.888,0.896,0.918,0.923]

Epoch: [55][0/391], lr: 0.01000	Loss 0.3585 (0.3585)	Prec@1 88.281 (88.281)	Prec@5 100.000 (100.000)
Epoch: [55][10/391], lr: 0.01000	Loss 0.2870 (0.4315)	Prec@1 90.625 (85.724)	Prec@5 100.000 (99.858)
Epoch: [55][20/391], lr: 0.01000	Loss 0.3425 (0.4324)	Prec@1 86.719 (85.082)	Prec@5 100.000 (99.740)
Epoch: [55][30/391], lr: 0.01000	Loss 0.3747 (0.4257)	Prec@1 87.500 (85.307)	Prec@5 100.000 (99.798)
Epoch: [55][40/391], lr: 0.01000	Loss 0.4540 (0.4372)	Prec@1 83.594 (84.870)	Prec@5 100.000 (99.695)
Epoch: [55][50/391], lr: 0.01000	Loss 0.4165 (0.4416)	Prec@1 87.500 (84.850)	Prec@5 100.000 (99.617)
Epoch: [55][60/391], lr: 0.01000	Loss 0.4550 (0.4513)	Prec@1 85.156 (84.516)	Prec@5 98.438 (99.603)
Epoch: [55][70/391], lr: 0.01000	Loss 0.4671 (0.4538)	Prec@1 87.500 (84.496)	Prec@5 99.219 (99.582)
Epoch: [55][80/391], lr: 0.01000	Loss 0.5291 (0.4529)	Prec@1 82.812 (84.452)	Prec@5 100.000 (99.605)
Epoch: [55][90/391], lr: 0.01000	Loss 0.4170 (0.4472)	Prec@1 89.062 (84.761)	Prec@5 100.000 (99.639)
Epoch: [55][100/391], lr: 0.01000	Loss 0.4611 (0.4438)	Prec@1 85.156 (84.862)	Prec@5 99.219 (99.613)
Epoch: [55][110/391], lr: 0.01000	Loss 0.4981 (0.4484)	Prec@1 82.031 (84.755)	Prec@5 100.000 (99.599)
Epoch: [55][120/391], lr: 0.01000	Loss 0.5284 (0.4515)	Prec@1 81.250 (84.659)	Prec@5 100.000 (99.567)
Epoch: [55][130/391], lr: 0.01000	Loss 0.3008 (0.4511)	Prec@1 91.406 (84.685)	Prec@5 100.000 (99.583)
Epoch: [55][140/391], lr: 0.01000	Loss 0.4125 (0.4519)	Prec@1 85.156 (84.680)	Prec@5 100.000 (99.568)
Epoch: [55][150/391], lr: 0.01000	Loss 0.5133 (0.4518)	Prec@1 82.812 (84.722)	Prec@5 99.219 (99.571)
Epoch: [55][160/391], lr: 0.01000	Loss 0.2667 (0.4517)	Prec@1 89.844 (84.681)	Prec@5 100.000 (99.563)
Epoch: [55][170/391], lr: 0.01000	Loss 0.5345 (0.4530)	Prec@1 81.250 (84.608)	Prec@5 100.000 (99.566)
Epoch: [55][180/391], lr: 0.01000	Loss 0.4621 (0.4542)	Prec@1 83.594 (84.552)	Prec@5 99.219 (99.573)
Epoch: [55][190/391], lr: 0.01000	Loss 0.5767 (0.4554)	Prec@1 79.688 (84.485)	Prec@5 99.219 (99.550)
Epoch: [55][200/391], lr: 0.01000	Loss 0.5374 (0.4574)	Prec@1 82.031 (84.441)	Prec@5 99.219 (99.549)
Epoch: [55][210/391], lr: 0.01000	Loss 0.4471 (0.4604)	Prec@1 84.375 (84.345)	Prec@5 97.656 (99.545)
Epoch: [55][220/391], lr: 0.01000	Loss 0.4967 (0.4603)	Prec@1 82.031 (84.382)	Prec@5 99.219 (99.540)
Epoch: [55][230/391], lr: 0.01000	Loss 0.4519 (0.4613)	Prec@1 82.031 (84.345)	Prec@5 100.000 (99.530)
Epoch: [55][240/391], lr: 0.01000	Loss 0.4063 (0.4620)	Prec@1 86.719 (84.326)	Prec@5 100.000 (99.523)
Epoch: [55][250/391], lr: 0.01000	Loss 0.4064 (0.4631)	Prec@1 85.938 (84.288)	Prec@5 100.000 (99.493)
Epoch: [55][260/391], lr: 0.01000	Loss 0.6342 (0.4632)	Prec@1 75.000 (84.276)	Prec@5 99.219 (99.503)
Epoch: [55][270/391], lr: 0.01000	Loss 0.4099 (0.4637)	Prec@1 84.375 (84.271)	Prec@5 99.219 (99.496)
Epoch: [55][280/391], lr: 0.01000	Loss 0.4547 (0.4651)	Prec@1 82.812 (84.211)	Prec@5 99.219 (99.488)
Epoch: [55][290/391], lr: 0.01000	Loss 0.4674 (0.4654)	Prec@1 84.375 (84.195)	Prec@5 100.000 (99.485)
Epoch: [55][300/391], lr: 0.01000	Loss 0.6008 (0.4654)	Prec@1 80.469 (84.217)	Prec@5 98.438 (99.483)
Epoch: [55][310/391], lr: 0.01000	Loss 0.4876 (0.4667)	Prec@1 82.812 (84.174)	Prec@5 98.438 (99.467)
Epoch: [55][320/391], lr: 0.01000	Loss 0.5221 (0.4658)	Prec@1 86.719 (84.222)	Prec@5 99.219 (99.460)
Epoch: [55][330/391], lr: 0.01000	Loss 0.4902 (0.4667)	Prec@1 84.375 (84.212)	Prec@5 100.000 (99.459)
Epoch: [55][340/391], lr: 0.01000	Loss 0.6116 (0.4684)	Prec@1 82.031 (84.176)	Prec@5 98.438 (99.450)
Epoch: [55][350/391], lr: 0.01000	Loss 0.5020 (0.4703)	Prec@1 79.688 (84.092)	Prec@5 100.000 (99.435)
Epoch: [55][360/391], lr: 0.01000	Loss 0.5527 (0.4719)	Prec@1 82.812 (84.050)	Prec@5 99.219 (99.431)
Epoch: [55][370/391], lr: 0.01000	Loss 0.5758 (0.4730)	Prec@1 78.906 (83.996)	Prec@5 99.219 (99.425)
Epoch: [55][380/391], lr: 0.01000	Loss 0.6053 (0.4751)	Prec@1 82.031 (83.920)	Prec@5 98.438 (99.426)
Epoch: [55][390/391], lr: 0.01000	Loss 0.4234 (0.4761)	Prec@1 85.000 (83.898)	Prec@5 100.000 (99.428)
Epoch [55] Training Results: Prec@1 83.898 Prec@5 99.428             Loss 0.47606
Epoch [55] Training Class Recall: [0.694,0.786,0.763,0.811,0.849,0.872,0.889,0.892,0.912,0.922]

Epoch: [56][0/391], lr: 0.01000	Loss 0.4141 (0.4141)	Prec@1 86.719 (86.719)	Prec@5 99.219 (99.219)
Epoch: [56][10/391], lr: 0.01000	Loss 0.3722 (0.4935)	Prec@1 91.406 (83.736)	Prec@5 100.000 (99.432)
Epoch: [56][20/391], lr: 0.01000	Loss 0.3569 (0.5051)	Prec@1 85.156 (83.147)	Prec@5 100.000 (99.293)
Epoch: [56][30/391], lr: 0.01000	Loss 0.5096 (0.4938)	Prec@1 85.938 (83.165)	Prec@5 99.219 (99.345)
Epoch: [56][40/391], lr: 0.01000	Loss 0.3935 (0.4808)	Prec@1 86.719 (83.537)	Prec@5 100.000 (99.466)
Epoch: [56][50/391], lr: 0.01000	Loss 0.3739 (0.4708)	Prec@1 89.844 (83.977)	Prec@5 100.000 (99.525)
Epoch: [56][60/391], lr: 0.01000	Loss 0.3913 (0.4611)	Prec@1 85.156 (84.580)	Prec@5 100.000 (99.552)
Epoch: [56][70/391], lr: 0.01000	Loss 0.3900 (0.4534)	Prec@1 82.812 (84.804)	Prec@5 99.219 (99.538)
Epoch: [56][80/391], lr: 0.01000	Loss 0.3107 (0.4479)	Prec@1 92.969 (85.108)	Prec@5 100.000 (99.537)
Epoch: [56][90/391], lr: 0.01000	Loss 0.4528 (0.4457)	Prec@1 85.938 (85.156)	Prec@5 100.000 (99.536)
Epoch: [56][100/391], lr: 0.01000	Loss 0.5539 (0.4492)	Prec@1 82.031 (85.087)	Prec@5 100.000 (99.520)
Epoch: [56][110/391], lr: 0.01000	Loss 0.4539 (0.4492)	Prec@1 83.594 (85.093)	Prec@5 100.000 (99.528)
Epoch: [56][120/391], lr: 0.01000	Loss 0.4092 (0.4462)	Prec@1 86.719 (85.247)	Prec@5 100.000 (99.522)
Epoch: [56][130/391], lr: 0.01000	Loss 0.4374 (0.4455)	Prec@1 85.938 (85.240)	Prec@5 99.219 (99.511)
Epoch: [56][140/391], lr: 0.01000	Loss 0.3054 (0.4451)	Prec@1 89.062 (85.234)	Prec@5 99.219 (99.490)
Epoch: [56][150/391], lr: 0.01000	Loss 0.5922 (0.4481)	Prec@1 81.250 (85.141)	Prec@5 98.438 (99.488)
Epoch: [56][160/391], lr: 0.01000	Loss 0.3811 (0.4473)	Prec@1 85.156 (85.161)	Prec@5 98.438 (99.476)
Epoch: [56][170/391], lr: 0.01000	Loss 0.4950 (0.4482)	Prec@1 82.031 (85.147)	Prec@5 100.000 (99.470)
Epoch: [56][180/391], lr: 0.01000	Loss 0.3970 (0.4511)	Prec@1 89.844 (85.031)	Prec@5 100.000 (99.478)
Epoch: [56][190/391], lr: 0.01000	Loss 0.4350 (0.4501)	Prec@1 85.938 (85.066)	Prec@5 99.219 (99.481)
Epoch: [56][200/391], lr: 0.01000	Loss 0.3817 (0.4502)	Prec@1 85.938 (85.063)	Prec@5 100.000 (99.479)
Epoch: [56][210/391], lr: 0.01000	Loss 0.5657 (0.4510)	Prec@1 80.469 (85.008)	Prec@5 99.219 (99.493)
Epoch: [56][220/391], lr: 0.01000	Loss 0.6914 (0.4558)	Prec@1 78.125 (84.824)	Prec@5 98.438 (99.477)
Epoch: [56][230/391], lr: 0.01000	Loss 0.4412 (0.4584)	Prec@1 82.031 (84.730)	Prec@5 100.000 (99.455)
Epoch: [56][240/391], lr: 0.01000	Loss 0.5343 (0.4622)	Prec@1 80.469 (84.579)	Prec@5 99.219 (99.433)
Epoch: [56][250/391], lr: 0.01000	Loss 0.5691 (0.4624)	Prec@1 85.156 (84.584)	Prec@5 99.219 (99.430)
Epoch: [56][260/391], lr: 0.01000	Loss 0.3461 (0.4651)	Prec@1 90.625 (84.489)	Prec@5 100.000 (99.419)
Epoch: [56][270/391], lr: 0.01000	Loss 0.6682 (0.4655)	Prec@1 84.375 (84.493)	Prec@5 99.219 (99.426)
Epoch: [56][280/391], lr: 0.01000	Loss 0.4888 (0.4663)	Prec@1 83.594 (84.472)	Prec@5 100.000 (99.422)
Epoch: [56][290/391], lr: 0.01000	Loss 0.3175 (0.4645)	Prec@1 89.062 (84.504)	Prec@5 99.219 (99.436)
Epoch: [56][300/391], lr: 0.01000	Loss 0.4969 (0.4641)	Prec@1 82.812 (84.554)	Prec@5 100.000 (99.452)
Epoch: [56][310/391], lr: 0.01000	Loss 0.4767 (0.4647)	Prec@1 87.500 (84.538)	Prec@5 99.219 (99.455)
Epoch: [56][320/391], lr: 0.01000	Loss 0.5423 (0.4663)	Prec@1 76.562 (84.497)	Prec@5 100.000 (99.450)
Epoch: [56][330/391], lr: 0.01000	Loss 0.4826 (0.4666)	Prec@1 85.156 (84.484)	Prec@5 98.438 (99.438)
Epoch: [56][340/391], lr: 0.01000	Loss 0.3699 (0.4674)	Prec@1 87.500 (84.453)	Prec@5 100.000 (99.436)
Epoch: [56][350/391], lr: 0.01000	Loss 0.3642 (0.4671)	Prec@1 88.281 (84.466)	Prec@5 99.219 (99.432)
Epoch: [56][360/391], lr: 0.01000	Loss 0.4296 (0.4657)	Prec@1 84.375 (84.498)	Prec@5 100.000 (99.439)
Epoch: [56][370/391], lr: 0.01000	Loss 0.3265 (0.4664)	Prec@1 90.625 (84.480)	Prec@5 100.000 (99.436)
Epoch: [56][380/391], lr: 0.01000	Loss 0.4464 (0.4665)	Prec@1 85.156 (84.473)	Prec@5 99.219 (99.434)
Epoch: [56][390/391], lr: 0.01000	Loss 0.7154 (0.4686)	Prec@1 76.250 (84.406)	Prec@5 97.500 (99.432)
Epoch [56] Training Results: Prec@1 84.406 Prec@5 99.432             Loss 0.46860
Epoch [56] Training Class Recall: [0.697,0.796,0.763,0.817,0.859,0.874,0.900,0.895,0.915,0.923]

Epoch: [57][0/391], lr: 0.01000	Loss 0.5154 (0.5154)	Prec@1 82.812 (82.812)	Prec@5 100.000 (100.000)
Epoch: [57][10/391], lr: 0.01000	Loss 0.4688 (0.4791)	Prec@1 84.375 (84.304)	Prec@5 100.000 (99.503)
Epoch: [57][20/391], lr: 0.01000	Loss 0.4484 (0.4900)	Prec@1 87.500 (84.449)	Prec@5 100.000 (99.368)
Epoch: [57][30/391], lr: 0.01000	Loss 0.4166 (0.4681)	Prec@1 85.156 (84.980)	Prec@5 100.000 (99.420)
Epoch: [57][40/391], lr: 0.01000	Loss 0.4170 (0.4572)	Prec@1 85.938 (85.309)	Prec@5 100.000 (99.505)
Epoch: [57][50/391], lr: 0.01000	Loss 0.4708 (0.4505)	Prec@1 82.812 (85.325)	Prec@5 100.000 (99.525)
Epoch: [57][60/391], lr: 0.01000	Loss 0.3165 (0.4424)	Prec@1 89.844 (85.515)	Prec@5 100.000 (99.565)
Epoch: [57][70/391], lr: 0.01000	Loss 0.3675 (0.4418)	Prec@1 88.281 (85.431)	Prec@5 99.219 (99.582)
Epoch: [57][80/391], lr: 0.01000	Loss 0.5127 (0.4415)	Prec@1 84.375 (85.340)	Prec@5 98.438 (99.576)
Epoch: [57][90/391], lr: 0.01000	Loss 0.4333 (0.4418)	Prec@1 85.156 (85.216)	Prec@5 100.000 (99.605)
Epoch: [57][100/391], lr: 0.01000	Loss 0.6245 (0.4508)	Prec@1 78.906 (84.831)	Prec@5 100.000 (99.598)
Epoch: [57][110/391], lr: 0.01000	Loss 0.3397 (0.4525)	Prec@1 88.281 (84.825)	Prec@5 100.000 (99.599)
Epoch: [57][120/391], lr: 0.01000	Loss 0.5635 (0.4615)	Prec@1 77.344 (84.601)	Prec@5 98.438 (99.535)
Epoch: [57][130/391], lr: 0.01000	Loss 0.5745 (0.4648)	Prec@1 81.250 (84.488)	Prec@5 100.000 (99.505)
Epoch: [57][140/391], lr: 0.01000	Loss 0.6107 (0.4670)	Prec@1 82.031 (84.447)	Prec@5 98.438 (99.490)
Epoch: [57][150/391], lr: 0.01000	Loss 0.4591 (0.4670)	Prec@1 82.031 (84.442)	Prec@5 98.438 (99.472)
Epoch: [57][160/391], lr: 0.01000	Loss 0.4264 (0.4656)	Prec@1 83.594 (84.394)	Prec@5 100.000 (99.461)
Epoch: [57][170/391], lr: 0.01000	Loss 0.3202 (0.4626)	Prec@1 90.625 (84.476)	Prec@5 99.219 (99.465)
Epoch: [57][180/391], lr: 0.01000	Loss 0.4674 (0.4591)	Prec@1 86.719 (84.617)	Prec@5 100.000 (99.473)
Epoch: [57][190/391], lr: 0.01000	Loss 0.4026 (0.4574)	Prec@1 89.844 (84.715)	Prec@5 99.219 (99.476)
Epoch: [57][200/391], lr: 0.01000	Loss 0.4828 (0.4557)	Prec@1 82.812 (84.799)	Prec@5 99.219 (99.475)
Epoch: [57][210/391], lr: 0.01000	Loss 0.4932 (0.4554)	Prec@1 85.938 (84.838)	Prec@5 100.000 (99.493)
Epoch: [57][220/391], lr: 0.01000	Loss 0.5288 (0.4562)	Prec@1 83.594 (84.838)	Prec@5 98.438 (99.484)
Epoch: [57][230/391], lr: 0.01000	Loss 0.5098 (0.4563)	Prec@1 80.469 (84.805)	Prec@5 100.000 (99.479)
Epoch: [57][240/391], lr: 0.01000	Loss 0.4831 (0.4568)	Prec@1 82.812 (84.761)	Prec@5 100.000 (99.462)
Epoch: [57][250/391], lr: 0.01000	Loss 0.4144 (0.4558)	Prec@1 85.938 (84.817)	Prec@5 99.219 (99.474)
Epoch: [57][260/391], lr: 0.01000	Loss 0.4275 (0.4563)	Prec@1 86.719 (84.803)	Prec@5 100.000 (99.470)
Epoch: [57][270/391], lr: 0.01000	Loss 0.6131 (0.4579)	Prec@1 78.906 (84.747)	Prec@5 99.219 (99.472)
Epoch: [57][280/391], lr: 0.01000	Loss 0.3299 (0.4580)	Prec@1 90.625 (84.709)	Prec@5 99.219 (99.480)
Epoch: [57][290/391], lr: 0.01000	Loss 0.4453 (0.4594)	Prec@1 85.156 (84.678)	Prec@5 99.219 (99.487)
Epoch: [57][300/391], lr: 0.01000	Loss 0.4382 (0.4600)	Prec@1 86.719 (84.653)	Prec@5 100.000 (99.499)
Epoch: [57][310/391], lr: 0.01000	Loss 0.4739 (0.4590)	Prec@1 85.156 (84.719)	Prec@5 99.219 (99.498)
Epoch: [57][320/391], lr: 0.01000	Loss 0.4473 (0.4594)	Prec@1 82.812 (84.708)	Prec@5 100.000 (99.499)
Epoch: [57][330/391], lr: 0.01000	Loss 0.3903 (0.4608)	Prec@1 87.500 (84.646)	Prec@5 100.000 (99.488)
Epoch: [57][340/391], lr: 0.01000	Loss 0.4861 (0.4620)	Prec@1 85.156 (84.616)	Prec@5 99.219 (99.475)
Epoch: [57][350/391], lr: 0.01000	Loss 0.4839 (0.4629)	Prec@1 82.812 (84.593)	Prec@5 99.219 (99.472)
Epoch: [57][360/391], lr: 0.01000	Loss 0.5548 (0.4646)	Prec@1 83.594 (84.552)	Prec@5 99.219 (99.470)
Epoch: [57][370/391], lr: 0.01000	Loss 0.5647 (0.4656)	Prec@1 78.906 (84.499)	Prec@5 100.000 (99.467)
Epoch: [57][380/391], lr: 0.01000	Loss 0.5661 (0.4661)	Prec@1 83.594 (84.484)	Prec@5 99.219 (99.465)
Epoch: [57][390/391], lr: 0.01000	Loss 0.4709 (0.4679)	Prec@1 82.500 (84.426)	Prec@5 100.000 (99.454)
Epoch [57] Training Results: Prec@1 84.426 Prec@5 99.454             Loss 0.46795
Epoch [57] Training Class Recall: [0.698,0.797,0.769,0.814,0.854,0.879,0.898,0.892,0.915,0.926]

Epoch: [58][0/391], lr: 0.01000	Loss 0.3506 (0.3506)	Prec@1 88.281 (88.281)	Prec@5 99.219 (99.219)
Epoch: [58][10/391], lr: 0.01000	Loss 0.5072 (0.4953)	Prec@1 82.031 (83.097)	Prec@5 100.000 (99.219)
Epoch: [58][20/391], lr: 0.01000	Loss 0.6862 (0.5130)	Prec@1 77.344 (82.812)	Prec@5 99.219 (99.293)
Epoch: [58][30/391], lr: 0.01000	Loss 0.4630 (0.4912)	Prec@1 85.938 (83.543)	Prec@5 100.000 (99.446)
Epoch: [58][40/391], lr: 0.01000	Loss 0.3995 (0.4855)	Prec@1 87.500 (83.670)	Prec@5 98.438 (99.486)
Epoch: [58][50/391], lr: 0.01000	Loss 0.4437 (0.4798)	Prec@1 86.719 (83.854)	Prec@5 99.219 (99.510)
Epoch: [58][60/391], lr: 0.01000	Loss 0.5698 (0.4783)	Prec@1 82.812 (84.016)	Prec@5 100.000 (99.488)
Epoch: [58][70/391], lr: 0.01000	Loss 0.4350 (0.4799)	Prec@1 84.375 (83.957)	Prec@5 100.000 (99.483)
Epoch: [58][80/391], lr: 0.01000	Loss 0.3439 (0.4729)	Prec@1 89.844 (84.269)	Prec@5 100.000 (99.508)
Epoch: [58][90/391], lr: 0.01000	Loss 0.4283 (0.4687)	Prec@1 84.375 (84.366)	Prec@5 99.219 (99.519)
Epoch: [58][100/391], lr: 0.01000	Loss 0.4571 (0.4624)	Prec@1 85.938 (84.483)	Prec@5 100.000 (99.536)
Epoch: [58][110/391], lr: 0.01000	Loss 0.5153 (0.4616)	Prec@1 83.594 (84.572)	Prec@5 100.000 (99.571)
Epoch: [58][120/391], lr: 0.01000	Loss 0.5107 (0.4629)	Prec@1 82.812 (84.601)	Prec@5 100.000 (99.535)
Epoch: [58][130/391], lr: 0.01000	Loss 0.5379 (0.4637)	Prec@1 80.469 (84.530)	Prec@5 100.000 (99.529)
Epoch: [58][140/391], lr: 0.01000	Loss 0.5679 (0.4672)	Prec@1 85.156 (84.430)	Prec@5 98.438 (99.501)
Epoch: [58][150/391], lr: 0.01000	Loss 0.6064 (0.4710)	Prec@1 77.344 (84.261)	Prec@5 100.000 (99.483)
Epoch: [58][160/391], lr: 0.01000	Loss 0.5145 (0.4745)	Prec@1 80.469 (84.142)	Prec@5 100.000 (99.466)
Epoch: [58][170/391], lr: 0.01000	Loss 0.4911 (0.4733)	Prec@1 83.594 (84.201)	Prec@5 99.219 (99.470)
Epoch: [58][180/391], lr: 0.01000	Loss 0.4738 (0.4744)	Prec@1 79.688 (84.142)	Prec@5 100.000 (99.456)
Epoch: [58][190/391], lr: 0.01000	Loss 0.5663 (0.4750)	Prec@1 83.594 (84.105)	Prec@5 98.438 (99.464)
Epoch: [58][200/391], lr: 0.01000	Loss 0.3625 (0.4768)	Prec@1 85.938 (84.076)	Prec@5 99.219 (99.452)
Epoch: [58][210/391], lr: 0.01000	Loss 0.4517 (0.4793)	Prec@1 82.812 (83.949)	Prec@5 100.000 (99.426)
Epoch: [58][220/391], lr: 0.01000	Loss 0.5118 (0.4799)	Prec@1 83.594 (83.937)	Prec@5 99.219 (99.417)
Epoch: [58][230/391], lr: 0.01000	Loss 0.5977 (0.4798)	Prec@1 80.469 (83.939)	Prec@5 100.000 (99.415)
Epoch: [58][240/391], lr: 0.01000	Loss 0.3505 (0.4789)	Prec@1 92.188 (83.983)	Prec@5 100.000 (99.423)
Epoch: [58][250/391], lr: 0.01000	Loss 0.4928 (0.4775)	Prec@1 84.375 (84.017)	Prec@5 99.219 (99.424)
Epoch: [58][260/391], lr: 0.01000	Loss 0.4474 (0.4751)	Prec@1 83.594 (84.079)	Prec@5 100.000 (99.431)
Epoch: [58][270/391], lr: 0.01000	Loss 0.4318 (0.4732)	Prec@1 86.719 (84.156)	Prec@5 100.000 (99.429)
Epoch: [58][280/391], lr: 0.01000	Loss 0.3480 (0.4706)	Prec@1 87.500 (84.230)	Prec@5 99.219 (99.447)
Epoch: [58][290/391], lr: 0.01000	Loss 0.4611 (0.4691)	Prec@1 83.594 (84.249)	Prec@5 99.219 (99.444)
Epoch: [58][300/391], lr: 0.01000	Loss 0.4527 (0.4678)	Prec@1 82.812 (84.263)	Prec@5 98.438 (99.445)
Epoch: [58][310/391], lr: 0.01000	Loss 0.4983 (0.4684)	Prec@1 79.688 (84.202)	Prec@5 100.000 (99.442)
Epoch: [58][320/391], lr: 0.01000	Loss 0.4246 (0.4700)	Prec@1 83.594 (84.141)	Prec@5 99.219 (99.421)
Epoch: [58][330/391], lr: 0.01000	Loss 0.5401 (0.4716)	Prec@1 82.812 (84.092)	Prec@5 98.438 (99.426)
Epoch: [58][340/391], lr: 0.01000	Loss 0.4750 (0.4722)	Prec@1 84.375 (84.084)	Prec@5 100.000 (99.432)
Epoch: [58][350/391], lr: 0.01000	Loss 0.3995 (0.4713)	Prec@1 88.281 (84.108)	Prec@5 100.000 (99.435)
Epoch: [58][360/391], lr: 0.01000	Loss 0.4568 (0.4702)	Prec@1 87.500 (84.169)	Prec@5 100.000 (99.439)
Epoch: [58][370/391], lr: 0.01000	Loss 0.4537 (0.4694)	Prec@1 87.500 (84.181)	Prec@5 100.000 (99.440)
Epoch: [58][380/391], lr: 0.01000	Loss 0.3204 (0.4682)	Prec@1 86.719 (84.205)	Prec@5 100.000 (99.444)
Epoch: [58][390/391], lr: 0.01000	Loss 0.4089 (0.4696)	Prec@1 88.750 (84.136)	Prec@5 98.750 (99.434)
Epoch [58] Training Results: Prec@1 84.136 Prec@5 99.434             Loss 0.46962
Epoch [58] Training Class Recall: [0.699,0.800,0.757,0.816,0.853,0.869,0.897,0.894,0.912,0.916]

Epoch: [59][0/391], lr: 0.01000	Loss 0.3736 (0.3736)	Prec@1 86.719 (86.719)	Prec@5 100.000 (100.000)
Epoch: [59][10/391], lr: 0.01000	Loss 0.5814 (0.4581)	Prec@1 80.469 (84.730)	Prec@5 99.219 (99.432)
Epoch: [59][20/391], lr: 0.01000	Loss 0.4168 (0.4662)	Prec@1 84.375 (84.301)	Prec@5 100.000 (99.516)
Epoch: [59][30/391], lr: 0.01000	Loss 0.4987 (0.4728)	Prec@1 85.938 (84.299)	Prec@5 100.000 (99.471)
Epoch: [59][40/391], lr: 0.01000	Loss 0.4247 (0.4731)	Prec@1 84.375 (84.184)	Prec@5 100.000 (99.524)
Epoch: [59][50/391], lr: 0.01000	Loss 0.6027 (0.4804)	Prec@1 76.562 (83.900)	Prec@5 99.219 (99.372)
Epoch: [59][60/391], lr: 0.01000	Loss 0.3757 (0.4795)	Prec@1 89.062 (84.132)	Prec@5 99.219 (99.334)
Epoch: [59][70/391], lr: 0.01000	Loss 0.4516 (0.4834)	Prec@1 83.594 (83.847)	Prec@5 100.000 (99.307)
Epoch: [59][80/391], lr: 0.01000	Loss 0.2528 (0.4788)	Prec@1 89.844 (83.960)	Prec@5 100.000 (99.325)
Epoch: [59][90/391], lr: 0.01000	Loss 0.3419 (0.4725)	Prec@1 88.281 (84.255)	Prec@5 100.000 (99.365)
Epoch: [59][100/391], lr: 0.01000	Loss 0.5530 (0.4726)	Prec@1 82.812 (84.205)	Prec@5 100.000 (99.389)
Epoch: [59][110/391], lr: 0.01000	Loss 0.5002 (0.4686)	Prec@1 85.938 (84.375)	Prec@5 98.438 (99.395)
Epoch: [59][120/391], lr: 0.01000	Loss 0.4987 (0.4668)	Prec@1 82.812 (84.485)	Prec@5 100.000 (99.393)
Epoch: [59][130/391], lr: 0.01000	Loss 0.4051 (0.4647)	Prec@1 85.156 (84.548)	Prec@5 100.000 (99.410)
Epoch: [59][140/391], lr: 0.01000	Loss 0.3671 (0.4624)	Prec@1 87.500 (84.597)	Prec@5 100.000 (99.402)
Epoch: [59][150/391], lr: 0.01000	Loss 0.4717 (0.4632)	Prec@1 82.812 (84.561)	Prec@5 100.000 (99.389)
Epoch: [59][160/391], lr: 0.01000	Loss 0.5377 (0.4652)	Prec@1 82.031 (84.433)	Prec@5 98.438 (99.374)
Epoch: [59][170/391], lr: 0.01000	Loss 0.4500 (0.4664)	Prec@1 85.938 (84.453)	Prec@5 99.219 (99.374)
Epoch: [59][180/391], lr: 0.01000	Loss 0.5333 (0.4661)	Prec@1 82.812 (84.418)	Prec@5 99.219 (99.391)
Epoch: [59][190/391], lr: 0.01000	Loss 0.3589 (0.4639)	Prec@1 89.062 (84.440)	Prec@5 98.438 (99.399)
Epoch: [59][200/391], lr: 0.01000	Loss 0.3800 (0.4639)	Prec@1 88.281 (84.484)	Prec@5 98.438 (99.370)
Epoch: [59][210/391], lr: 0.01000	Loss 0.4970 (0.4639)	Prec@1 81.250 (84.512)	Prec@5 99.219 (99.371)
Epoch: [59][220/391], lr: 0.01000	Loss 0.3692 (0.4633)	Prec@1 88.281 (84.495)	Prec@5 99.219 (99.374)
Epoch: [59][230/391], lr: 0.01000	Loss 0.6090 (0.4652)	Prec@1 78.125 (84.402)	Prec@5 99.219 (99.374)
Epoch: [59][240/391], lr: 0.01000	Loss 0.4091 (0.4654)	Prec@1 85.938 (84.411)	Prec@5 100.000 (99.381)
Epoch: [59][250/391], lr: 0.01000	Loss 0.4499 (0.4653)	Prec@1 85.156 (84.372)	Prec@5 100.000 (99.381)
Epoch: [59][260/391], lr: 0.01000	Loss 0.4835 (0.4639)	Prec@1 83.594 (84.405)	Prec@5 100.000 (99.392)
Epoch: [59][270/391], lr: 0.01000	Loss 0.4995 (0.4628)	Prec@1 85.156 (84.479)	Prec@5 100.000 (99.395)
Epoch: [59][280/391], lr: 0.01000	Loss 0.4775 (0.4625)	Prec@1 84.375 (84.503)	Prec@5 100.000 (99.397)
Epoch: [59][290/391], lr: 0.01000	Loss 0.4899 (0.4624)	Prec@1 84.375 (84.507)	Prec@5 97.656 (99.385)
Epoch: [59][300/391], lr: 0.01000	Loss 0.5213 (0.4623)	Prec@1 86.719 (84.559)	Prec@5 99.219 (99.393)
Epoch: [59][310/391], lr: 0.01000	Loss 0.5259 (0.4628)	Prec@1 82.031 (84.561)	Prec@5 100.000 (99.395)
Epoch: [59][320/391], lr: 0.01000	Loss 0.5219 (0.4624)	Prec@1 85.938 (84.587)	Prec@5 100.000 (99.399)
Epoch: [59][330/391], lr: 0.01000	Loss 0.3748 (0.4616)	Prec@1 84.375 (84.613)	Prec@5 99.219 (99.398)
Epoch: [59][340/391], lr: 0.01000	Loss 0.4781 (0.4612)	Prec@1 86.719 (84.638)	Prec@5 98.438 (99.404)
Epoch: [59][350/391], lr: 0.01000	Loss 0.4638 (0.4609)	Prec@1 84.375 (84.664)	Prec@5 100.000 (99.412)
Epoch: [59][360/391], lr: 0.01000	Loss 0.5529 (0.4605)	Prec@1 82.031 (84.676)	Prec@5 100.000 (99.418)
Epoch: [59][370/391], lr: 0.01000	Loss 0.5249 (0.4601)	Prec@1 82.031 (84.672)	Prec@5 98.438 (99.419)
Epoch: [59][380/391], lr: 0.01000	Loss 0.4299 (0.4601)	Prec@1 82.031 (84.670)	Prec@5 100.000 (99.420)
Epoch: [59][390/391], lr: 0.01000	Loss 0.5593 (0.4606)	Prec@1 82.500 (84.672)	Prec@5 98.750 (99.410)
Epoch [59] Training Results: Prec@1 84.672 Prec@5 99.410             Loss 0.46064
Epoch [59] Training Class Recall: [0.709,0.794,0.771,0.822,0.855,0.880,0.896,0.898,0.919,0.924]

Epoch: [60][0/391], lr: 0.01000	Loss 0.4554 (0.4554)	Prec@1 81.250 (81.250)	Prec@5 99.219 (99.219)
Epoch: [60][10/391], lr: 0.01000	Loss 0.4281 (0.4908)	Prec@1 84.375 (84.375)	Prec@5 100.000 (99.219)
Epoch: [60][20/391], lr: 0.01000	Loss 0.5842 (0.4811)	Prec@1 83.594 (84.003)	Prec@5 99.219 (99.330)
Epoch: [60][30/391], lr: 0.01000	Loss 0.5778 (0.4718)	Prec@1 82.812 (84.274)	Prec@5 100.000 (99.521)
Epoch: [60][40/391], lr: 0.01000	Loss 0.3216 (0.4683)	Prec@1 87.500 (84.318)	Prec@5 100.000 (99.524)
Epoch: [60][50/391], lr: 0.01000	Loss 0.5193 (0.4707)	Prec@1 81.250 (84.191)	Prec@5 100.000 (99.494)
Epoch: [60][60/391], lr: 0.01000	Loss 0.2774 (0.4646)	Prec@1 89.844 (84.234)	Prec@5 99.219 (99.539)
Epoch: [60][70/391], lr: 0.01000	Loss 0.4309 (0.4647)	Prec@1 82.812 (84.320)	Prec@5 99.219 (99.516)
Epoch: [60][80/391], lr: 0.01000	Loss 0.4855 (0.4665)	Prec@1 82.812 (84.298)	Prec@5 100.000 (99.498)
Epoch: [60][90/391], lr: 0.01000	Loss 0.3467 (0.4639)	Prec@1 89.062 (84.341)	Prec@5 100.000 (99.502)
Epoch: [60][100/391], lr: 0.01000	Loss 0.4221 (0.4656)	Prec@1 84.375 (84.236)	Prec@5 99.219 (99.451)
Epoch: [60][110/391], lr: 0.01000	Loss 0.5030 (0.4652)	Prec@1 84.375 (84.276)	Prec@5 98.438 (99.416)
Epoch: [60][120/391], lr: 0.01000	Loss 0.6358 (0.4726)	Prec@1 78.906 (84.097)	Prec@5 98.438 (99.387)
Epoch: [60][130/391], lr: 0.01000	Loss 0.4382 (0.4713)	Prec@1 82.812 (84.142)	Prec@5 99.219 (99.392)
Epoch: [60][140/391], lr: 0.01000	Loss 0.4071 (0.4675)	Prec@1 85.156 (84.248)	Prec@5 100.000 (99.413)
Epoch: [60][150/391], lr: 0.01000	Loss 0.5326 (0.4671)	Prec@1 78.906 (84.297)	Prec@5 100.000 (99.410)
Epoch: [60][160/391], lr: 0.01000	Loss 0.3364 (0.4636)	Prec@1 89.844 (84.399)	Prec@5 100.000 (99.427)
Epoch: [60][170/391], lr: 0.01000	Loss 0.3923 (0.4629)	Prec@1 85.938 (84.430)	Prec@5 99.219 (99.424)
Epoch: [60][180/391], lr: 0.01000	Loss 0.2916 (0.4595)	Prec@1 92.969 (84.535)	Prec@5 100.000 (99.435)
Epoch: [60][190/391], lr: 0.01000	Loss 0.6213 (0.4605)	Prec@1 83.594 (84.580)	Prec@5 99.219 (99.440)
Epoch: [60][200/391], lr: 0.01000	Loss 0.4245 (0.4581)	Prec@1 86.719 (84.663)	Prec@5 99.219 (99.460)
Epoch: [60][210/391], lr: 0.01000	Loss 0.4986 (0.4560)	Prec@1 89.062 (84.730)	Prec@5 99.219 (99.474)
Epoch: [60][220/391], lr: 0.01000	Loss 0.4516 (0.4569)	Prec@1 85.156 (84.736)	Prec@5 100.000 (99.463)
Epoch: [60][230/391], lr: 0.01000	Loss 0.4002 (0.4566)	Prec@1 87.500 (84.737)	Prec@5 99.219 (99.466)
Epoch: [60][240/391], lr: 0.01000	Loss 0.4818 (0.4586)	Prec@1 85.156 (84.709)	Prec@5 99.219 (99.452)
Epoch: [60][250/391], lr: 0.01000	Loss 0.4442 (0.4576)	Prec@1 83.594 (84.770)	Prec@5 99.219 (99.458)
Epoch: [60][260/391], lr: 0.01000	Loss 0.5088 (0.4596)	Prec@1 82.812 (84.722)	Prec@5 100.000 (99.455)
Epoch: [60][270/391], lr: 0.01000	Loss 0.5076 (0.4581)	Prec@1 83.594 (84.793)	Prec@5 99.219 (99.461)
Epoch: [60][280/391], lr: 0.01000	Loss 0.4142 (0.4584)	Prec@1 85.156 (84.761)	Prec@5 99.219 (99.455)
Epoch: [60][290/391], lr: 0.01000	Loss 0.4632 (0.4577)	Prec@1 84.375 (84.788)	Prec@5 99.219 (99.463)
Epoch: [60][300/391], lr: 0.01000	Loss 0.4506 (0.4592)	Prec@1 82.812 (84.731)	Prec@5 99.219 (99.458)
Epoch: [60][310/391], lr: 0.01000	Loss 0.4815 (0.4590)	Prec@1 85.156 (84.782)	Prec@5 99.219 (99.467)
Epoch: [60][320/391], lr: 0.01000	Loss 0.4519 (0.4605)	Prec@1 85.156 (84.745)	Prec@5 99.219 (99.462)
Epoch: [60][330/391], lr: 0.01000	Loss 0.3130 (0.4603)	Prec@1 91.406 (84.760)	Prec@5 100.000 (99.469)
Epoch: [60][340/391], lr: 0.01000	Loss 0.3439 (0.4614)	Prec@1 88.281 (84.732)	Prec@5 99.219 (99.468)
Epoch: [60][350/391], lr: 0.01000	Loss 0.4998 (0.4633)	Prec@1 85.938 (84.691)	Prec@5 98.438 (99.457)
Epoch: [60][360/391], lr: 0.01000	Loss 0.5936 (0.4632)	Prec@1 79.688 (84.680)	Prec@5 98.438 (99.461)
Epoch: [60][370/391], lr: 0.01000	Loss 0.4845 (0.4624)	Prec@1 83.594 (84.710)	Prec@5 99.219 (99.465)
Epoch: [60][380/391], lr: 0.01000	Loss 0.4466 (0.4620)	Prec@1 83.594 (84.726)	Prec@5 100.000 (99.467)
Epoch: [60][390/391], lr: 0.01000	Loss 0.3499 (0.4615)	Prec@1 86.250 (84.712)	Prec@5 100.000 (99.462)
Epoch [60] Training Results: Prec@1 84.712 Prec@5 99.462             Loss 0.46155
Epoch [60] Training Class Recall: [0.709,0.803,0.765,0.823,0.863,0.870,0.893,0.898,0.921,0.927]

Epoch: [61][0/391], lr: 0.01000	Loss 0.5466 (0.5466)	Prec@1 82.812 (82.812)	Prec@5 99.219 (99.219)
Epoch: [61][10/391], lr: 0.01000	Loss 0.5030 (0.4385)	Prec@1 79.688 (85.156)	Prec@5 100.000 (99.645)
Epoch: [61][20/391], lr: 0.01000	Loss 0.4532 (0.4481)	Prec@1 85.156 (85.268)	Prec@5 100.000 (99.479)
Epoch: [61][30/391], lr: 0.01000	Loss 0.4081 (0.4431)	Prec@1 87.500 (85.559)	Prec@5 100.000 (99.496)
Epoch: [61][40/391], lr: 0.01000	Loss 0.5175 (0.4392)	Prec@1 80.469 (85.575)	Prec@5 100.000 (99.447)
Epoch: [61][50/391], lr: 0.01000	Loss 0.3809 (0.4323)	Prec@1 87.500 (85.677)	Prec@5 99.219 (99.494)
Epoch: [61][60/391], lr: 0.01000	Loss 0.3906 (0.4345)	Prec@1 85.156 (85.540)	Prec@5 100.000 (99.513)
Epoch: [61][70/391], lr: 0.01000	Loss 0.5925 (0.4374)	Prec@1 82.812 (85.552)	Prec@5 97.656 (99.483)
Epoch: [61][80/391], lr: 0.01000	Loss 0.7027 (0.4429)	Prec@1 80.469 (85.224)	Prec@5 97.656 (99.460)
Epoch: [61][90/391], lr: 0.01000	Loss 0.6096 (0.4473)	Prec@1 81.250 (85.113)	Prec@5 99.219 (99.459)
Epoch: [61][100/391], lr: 0.01000	Loss 0.3636 (0.4483)	Prec@1 87.500 (85.002)	Prec@5 99.219 (99.451)
Epoch: [61][110/391], lr: 0.01000	Loss 0.5062 (0.4505)	Prec@1 82.031 (84.945)	Prec@5 99.219 (99.437)
Epoch: [61][120/391], lr: 0.01000	Loss 0.5280 (0.4533)	Prec@1 83.594 (84.840)	Prec@5 99.219 (99.438)
Epoch: [61][130/391], lr: 0.01000	Loss 0.3837 (0.4519)	Prec@1 87.500 (84.959)	Prec@5 100.000 (99.427)
Epoch: [61][140/391], lr: 0.01000	Loss 0.4644 (0.4511)	Prec@1 85.938 (85.001)	Prec@5 99.219 (99.429)
Epoch: [61][150/391], lr: 0.01000	Loss 0.3465 (0.4504)	Prec@1 87.500 (85.053)	Prec@5 100.000 (99.431)
Epoch: [61][160/391], lr: 0.01000	Loss 0.5713 (0.4490)	Prec@1 81.250 (85.117)	Prec@5 99.219 (99.437)
Epoch: [61][170/391], lr: 0.01000	Loss 0.3507 (0.4497)	Prec@1 91.406 (85.138)	Prec@5 99.219 (99.452)
Epoch: [61][180/391], lr: 0.01000	Loss 0.5142 (0.4512)	Prec@1 89.062 (85.109)	Prec@5 100.000 (99.439)
Epoch: [61][190/391], lr: 0.01000	Loss 0.4242 (0.4518)	Prec@1 85.938 (85.107)	Prec@5 99.219 (99.431)
Epoch: [61][200/391], lr: 0.01000	Loss 0.4720 (0.4545)	Prec@1 84.375 (85.040)	Prec@5 100.000 (99.436)
Epoch: [61][210/391], lr: 0.01000	Loss 0.4389 (0.4552)	Prec@1 82.812 (85.093)	Prec@5 100.000 (99.426)
Epoch: [61][220/391], lr: 0.01000	Loss 0.4533 (0.4551)	Prec@1 86.719 (85.163)	Prec@5 99.219 (99.417)
Epoch: [61][230/391], lr: 0.01000	Loss 0.4057 (0.4550)	Prec@1 85.938 (85.156)	Prec@5 100.000 (99.422)
Epoch: [61][240/391], lr: 0.01000	Loss 0.4838 (0.4541)	Prec@1 82.812 (85.163)	Prec@5 100.000 (99.429)
Epoch: [61][250/391], lr: 0.01000	Loss 0.3565 (0.4533)	Prec@1 89.062 (85.184)	Prec@5 100.000 (99.427)
Epoch: [61][260/391], lr: 0.01000	Loss 0.3694 (0.4525)	Prec@1 84.375 (85.222)	Prec@5 100.000 (99.437)
Epoch: [61][270/391], lr: 0.01000	Loss 0.4445 (0.4520)	Prec@1 84.375 (85.185)	Prec@5 99.219 (99.444)
Epoch: [61][280/391], lr: 0.01000	Loss 0.5727 (0.4520)	Prec@1 82.812 (85.195)	Prec@5 100.000 (99.447)
Epoch: [61][290/391], lr: 0.01000	Loss 0.3961 (0.4508)	Prec@1 84.375 (85.191)	Prec@5 100.000 (99.450)
Epoch: [61][300/391], lr: 0.01000	Loss 0.4889 (0.4499)	Prec@1 84.375 (85.206)	Prec@5 100.000 (99.458)
Epoch: [61][310/391], lr: 0.01000	Loss 0.4171 (0.4497)	Prec@1 88.281 (85.227)	Prec@5 99.219 (99.455)
Epoch: [61][320/391], lr: 0.01000	Loss 0.4187 (0.4480)	Prec@1 86.719 (85.271)	Prec@5 99.219 (99.457)
Epoch: [61][330/391], lr: 0.01000	Loss 0.4496 (0.4493)	Prec@1 83.594 (85.229)	Prec@5 100.000 (99.448)
Epoch: [61][340/391], lr: 0.01000	Loss 0.5424 (0.4508)	Prec@1 81.250 (85.165)	Prec@5 100.000 (99.446)
Epoch: [61][350/391], lr: 0.01000	Loss 0.5370 (0.4518)	Prec@1 82.812 (85.089)	Prec@5 98.438 (99.432)
Epoch: [61][360/391], lr: 0.01000	Loss 0.4351 (0.4525)	Prec@1 89.062 (85.063)	Prec@5 99.219 (99.427)
Epoch: [61][370/391], lr: 0.01000	Loss 0.4374 (0.4533)	Prec@1 85.156 (85.053)	Prec@5 99.219 (99.429)
Epoch: [61][380/391], lr: 0.01000	Loss 0.5833 (0.4539)	Prec@1 81.250 (85.041)	Prec@5 99.219 (99.426)
Epoch: [61][390/391], lr: 0.01000	Loss 0.6058 (0.4551)	Prec@1 85.000 (85.000)	Prec@5 97.500 (99.418)
Epoch [61] Training Results: Prec@1 85.000 Prec@5 99.418             Loss 0.45509
Epoch [61] Training Class Recall: [0.713,0.803,0.768,0.828,0.862,0.870,0.899,0.908,0.920,0.929]

Epoch: [62][0/391], lr: 0.01000	Loss 0.3339 (0.3339)	Prec@1 87.500 (87.500)	Prec@5 99.219 (99.219)
Epoch: [62][10/391], lr: 0.01000	Loss 0.3104 (0.4366)	Prec@1 89.844 (84.943)	Prec@5 100.000 (99.290)
Epoch: [62][20/391], lr: 0.01000	Loss 0.4522 (0.4449)	Prec@1 81.250 (84.375)	Prec@5 99.219 (99.405)
Epoch: [62][30/391], lr: 0.01000	Loss 0.4586 (0.4411)	Prec@1 82.031 (84.652)	Prec@5 99.219 (99.345)
Epoch: [62][40/391], lr: 0.01000	Loss 0.4611 (0.4366)	Prec@1 84.375 (85.023)	Prec@5 100.000 (99.352)
Epoch: [62][50/391], lr: 0.01000	Loss 0.4237 (0.4410)	Prec@1 84.375 (85.172)	Prec@5 100.000 (99.326)
Epoch: [62][60/391], lr: 0.01000	Loss 0.3204 (0.4337)	Prec@1 90.625 (85.387)	Prec@5 100.000 (99.321)
Epoch: [62][70/391], lr: 0.01000	Loss 0.3135 (0.4344)	Prec@1 89.844 (85.310)	Prec@5 100.000 (99.318)
Epoch: [62][80/391], lr: 0.01000	Loss 0.5343 (0.4336)	Prec@1 83.594 (85.542)	Prec@5 100.000 (99.363)
Epoch: [62][90/391], lr: 0.01000	Loss 0.5169 (0.4362)	Prec@1 80.469 (85.431)	Prec@5 98.438 (99.348)
Epoch: [62][100/391], lr: 0.01000	Loss 0.4260 (0.4350)	Prec@1 88.281 (85.497)	Prec@5 98.438 (99.389)
Epoch: [62][110/391], lr: 0.01000	Loss 0.5070 (0.4376)	Prec@1 79.688 (85.325)	Prec@5 100.000 (99.402)
Epoch: [62][120/391], lr: 0.01000	Loss 0.3604 (0.4410)	Prec@1 87.500 (85.169)	Prec@5 100.000 (99.419)
Epoch: [62][130/391], lr: 0.01000	Loss 0.3731 (0.4431)	Prec@1 89.062 (85.097)	Prec@5 99.219 (99.410)
Epoch: [62][140/391], lr: 0.01000	Loss 0.5045 (0.4453)	Prec@1 82.031 (85.034)	Prec@5 100.000 (99.424)
Epoch: [62][150/391], lr: 0.01000	Loss 0.4912 (0.4459)	Prec@1 84.375 (85.006)	Prec@5 100.000 (99.436)
Epoch: [62][160/391], lr: 0.01000	Loss 0.5192 (0.4513)	Prec@1 82.031 (84.831)	Prec@5 100.000 (99.427)
Epoch: [62][170/391], lr: 0.01000	Loss 0.4115 (0.4513)	Prec@1 85.938 (84.809)	Prec@5 100.000 (99.415)
Epoch: [62][180/391], lr: 0.01000	Loss 0.3947 (0.4512)	Prec@1 85.938 (84.876)	Prec@5 99.219 (99.422)
Epoch: [62][190/391], lr: 0.01000	Loss 0.3997 (0.4518)	Prec@1 85.156 (84.821)	Prec@5 98.438 (99.436)
Epoch: [62][200/391], lr: 0.01000	Loss 0.5421 (0.4554)	Prec@1 81.250 (84.682)	Prec@5 100.000 (99.425)
Epoch: [62][210/391], lr: 0.01000	Loss 0.6252 (0.4579)	Prec@1 78.906 (84.590)	Prec@5 97.656 (99.415)
Epoch: [62][220/391], lr: 0.01000	Loss 0.5679 (0.4590)	Prec@1 82.812 (84.591)	Prec@5 98.438 (99.417)
Epoch: [62][230/391], lr: 0.01000	Loss 0.5616 (0.4583)	Prec@1 85.938 (84.662)	Prec@5 98.438 (99.425)
Epoch: [62][240/391], lr: 0.01000	Loss 0.6749 (0.4598)	Prec@1 78.906 (84.625)	Prec@5 98.438 (99.413)
Epoch: [62][250/391], lr: 0.01000	Loss 0.3173 (0.4598)	Prec@1 87.500 (84.612)	Prec@5 100.000 (99.409)
Epoch: [62][260/391], lr: 0.01000	Loss 0.5692 (0.4613)	Prec@1 80.469 (84.591)	Prec@5 99.219 (99.401)
Epoch: [62][270/391], lr: 0.01000	Loss 0.4012 (0.4602)	Prec@1 83.594 (84.655)	Prec@5 100.000 (99.403)
Epoch: [62][280/391], lr: 0.01000	Loss 0.4000 (0.4603)	Prec@1 82.812 (84.664)	Prec@5 100.000 (99.402)
Epoch: [62][290/391], lr: 0.01000	Loss 0.4363 (0.4618)	Prec@1 86.719 (84.614)	Prec@5 99.219 (99.393)
Epoch: [62][300/391], lr: 0.01000	Loss 0.4877 (0.4638)	Prec@1 82.031 (84.539)	Prec@5 100.000 (99.387)
Epoch: [62][310/391], lr: 0.01000	Loss 0.4080 (0.4642)	Prec@1 88.281 (84.506)	Prec@5 99.219 (99.387)
Epoch: [62][320/391], lr: 0.01000	Loss 0.5248 (0.4650)	Prec@1 83.594 (84.494)	Prec@5 100.000 (99.382)
Epoch: [62][330/391], lr: 0.01000	Loss 0.2985 (0.4656)	Prec@1 89.844 (84.462)	Prec@5 99.219 (99.379)
Epoch: [62][340/391], lr: 0.01000	Loss 0.5322 (0.4659)	Prec@1 83.594 (84.460)	Prec@5 98.438 (99.379)
Epoch: [62][350/391], lr: 0.01000	Loss 0.5122 (0.4660)	Prec@1 78.906 (84.473)	Prec@5 99.219 (99.381)
Epoch: [62][360/391], lr: 0.01000	Loss 0.3774 (0.4670)	Prec@1 88.281 (84.462)	Prec@5 100.000 (99.381)
Epoch: [62][370/391], lr: 0.01000	Loss 0.3487 (0.4656)	Prec@1 85.156 (84.531)	Prec@5 99.219 (99.385)
Epoch: [62][380/391], lr: 0.01000	Loss 0.4472 (0.4652)	Prec@1 85.938 (84.525)	Prec@5 100.000 (99.393)
Epoch: [62][390/391], lr: 0.01000	Loss 0.3341 (0.4646)	Prec@1 87.500 (84.492)	Prec@5 100.000 (99.390)
Epoch [62] Training Results: Prec@1 84.492 Prec@5 99.390             Loss 0.46461
Epoch [62] Training Class Recall: [0.708,0.799,0.768,0.820,0.856,0.869,0.896,0.895,0.916,0.922]

Epoch: [63][0/391], lr: 0.01000	Loss 0.3136 (0.3136)	Prec@1 90.625 (90.625)	Prec@5 99.219 (99.219)
Epoch: [63][10/391], lr: 0.01000	Loss 0.4822 (0.4422)	Prec@1 81.250 (85.156)	Prec@5 100.000 (99.432)
Epoch: [63][20/391], lr: 0.01000	Loss 0.3190 (0.4330)	Prec@1 90.625 (85.677)	Prec@5 100.000 (99.479)
Epoch: [63][30/391], lr: 0.01000	Loss 0.5125 (0.4333)	Prec@1 87.500 (85.912)	Prec@5 100.000 (99.546)
Epoch: [63][40/391], lr: 0.01000	Loss 0.4629 (0.4349)	Prec@1 80.469 (85.366)	Prec@5 100.000 (99.581)
Epoch: [63][50/391], lr: 0.01000	Loss 0.5086 (0.4375)	Prec@1 82.812 (85.325)	Prec@5 97.656 (99.586)
Epoch: [63][60/391], lr: 0.01000	Loss 0.5066 (0.4374)	Prec@1 84.375 (85.387)	Prec@5 100.000 (99.577)
Epoch: [63][70/391], lr: 0.01000	Loss 0.4243 (0.4449)	Prec@1 86.719 (85.057)	Prec@5 99.219 (99.582)
Epoch: [63][80/391], lr: 0.01000	Loss 0.4321 (0.4490)	Prec@1 86.719 (84.915)	Prec@5 100.000 (99.605)
Epoch: [63][90/391], lr: 0.01000	Loss 0.6066 (0.4564)	Prec@1 81.250 (84.667)	Prec@5 97.656 (99.554)
Epoch: [63][100/391], lr: 0.01000	Loss 0.4917 (0.4558)	Prec@1 80.469 (84.607)	Prec@5 100.000 (99.544)
Epoch: [63][110/391], lr: 0.01000	Loss 0.5311 (0.4590)	Prec@1 81.250 (84.509)	Prec@5 98.438 (99.528)
Epoch: [63][120/391], lr: 0.01000	Loss 0.3391 (0.4578)	Prec@1 89.844 (84.607)	Prec@5 100.000 (99.529)
Epoch: [63][130/391], lr: 0.01000	Loss 0.4391 (0.4593)	Prec@1 85.156 (84.530)	Prec@5 100.000 (99.535)
Epoch: [63][140/391], lr: 0.01000	Loss 0.4213 (0.4585)	Prec@1 85.156 (84.608)	Prec@5 99.219 (99.512)
Epoch: [63][150/391], lr: 0.01000	Loss 0.3951 (0.4622)	Prec@1 87.500 (84.489)	Prec@5 100.000 (99.498)
Epoch: [63][160/391], lr: 0.01000	Loss 0.4703 (0.4628)	Prec@1 87.500 (84.516)	Prec@5 100.000 (99.495)
Epoch: [63][170/391], lr: 0.01000	Loss 0.4757 (0.4653)	Prec@1 85.938 (84.498)	Prec@5 100.000 (99.484)
Epoch: [63][180/391], lr: 0.01000	Loss 0.4853 (0.4660)	Prec@1 82.812 (84.483)	Prec@5 100.000 (99.478)
Epoch: [63][190/391], lr: 0.01000	Loss 0.3477 (0.4659)	Prec@1 89.844 (84.506)	Prec@5 100.000 (99.485)
Epoch: [63][200/391], lr: 0.01000	Loss 0.4407 (0.4661)	Prec@1 86.719 (84.538)	Prec@5 100.000 (99.471)
Epoch: [63][210/391], lr: 0.01000	Loss 0.4262 (0.4658)	Prec@1 84.375 (84.512)	Prec@5 100.000 (99.482)
Epoch: [63][220/391], lr: 0.01000	Loss 0.3073 (0.4653)	Prec@1 88.281 (84.538)	Prec@5 100.000 (99.491)
Epoch: [63][230/391], lr: 0.01000	Loss 0.4230 (0.4649)	Prec@1 83.594 (84.527)	Prec@5 99.219 (99.489)
Epoch: [63][240/391], lr: 0.01000	Loss 0.5470 (0.4658)	Prec@1 82.031 (84.492)	Prec@5 97.656 (99.468)
Epoch: [63][250/391], lr: 0.01000	Loss 0.5385 (0.4646)	Prec@1 78.125 (84.549)	Prec@5 99.219 (99.465)
Epoch: [63][260/391], lr: 0.01000	Loss 0.4239 (0.4630)	Prec@1 85.938 (84.611)	Prec@5 100.000 (99.470)
Epoch: [63][270/391], lr: 0.01000	Loss 0.4781 (0.4613)	Prec@1 88.281 (84.666)	Prec@5 99.219 (99.472)
Epoch: [63][280/391], lr: 0.01000	Loss 0.3474 (0.4592)	Prec@1 88.281 (84.709)	Prec@5 98.438 (99.469)
Epoch: [63][290/391], lr: 0.01000	Loss 0.5018 (0.4603)	Prec@1 85.156 (84.729)	Prec@5 100.000 (99.468)
Epoch: [63][300/391], lr: 0.01000	Loss 0.4278 (0.4602)	Prec@1 84.375 (84.788)	Prec@5 97.656 (99.455)
Epoch: [63][310/391], lr: 0.01000	Loss 0.4472 (0.4606)	Prec@1 83.594 (84.754)	Prec@5 100.000 (99.455)
Epoch: [63][320/391], lr: 0.01000	Loss 0.4535 (0.4598)	Prec@1 83.594 (84.791)	Prec@5 100.000 (99.450)
Epoch: [63][330/391], lr: 0.01000	Loss 0.4533 (0.4581)	Prec@1 85.938 (84.849)	Prec@5 99.219 (99.455)
Epoch: [63][340/391], lr: 0.01000	Loss 0.4186 (0.4574)	Prec@1 83.594 (84.840)	Prec@5 100.000 (99.457)
Epoch: [63][350/391], lr: 0.01000	Loss 0.4649 (0.4574)	Prec@1 80.469 (84.816)	Prec@5 99.219 (99.455)
Epoch: [63][360/391], lr: 0.01000	Loss 0.3803 (0.4571)	Prec@1 85.938 (84.836)	Prec@5 100.000 (99.444)
Epoch: [63][370/391], lr: 0.01000	Loss 0.4350 (0.4562)	Prec@1 84.375 (84.861)	Prec@5 100.000 (99.440)
Epoch: [63][380/391], lr: 0.01000	Loss 0.3629 (0.4548)	Prec@1 89.062 (84.925)	Prec@5 100.000 (99.436)
Epoch: [63][390/391], lr: 0.01000	Loss 0.3980 (0.4541)	Prec@1 86.250 (84.952)	Prec@5 100.000 (99.440)
Epoch [63] Training Results: Prec@1 84.952 Prec@5 99.440             Loss 0.45407
Epoch [63] Training Class Recall: [0.701,0.799,0.781,0.816,0.868,0.878,0.898,0.898,0.922,0.933]

Epoch: [64][0/391], lr: 0.01000	Loss 0.4021 (0.4021)	Prec@1 83.594 (83.594)	Prec@5 99.219 (99.219)
Epoch: [64][10/391], lr: 0.01000	Loss 0.4841 (0.4873)	Prec@1 85.938 (82.955)	Prec@5 98.438 (99.503)
Epoch: [64][20/391], lr: 0.01000	Loss 0.5140 (0.4941)	Prec@1 81.250 (82.850)	Prec@5 100.000 (99.479)
Epoch: [64][30/391], lr: 0.01000	Loss 0.4655 (0.4947)	Prec@1 83.594 (82.964)	Prec@5 100.000 (99.446)
Epoch: [64][40/391], lr: 0.01000	Loss 0.5212 (0.4973)	Prec@1 81.250 (83.155)	Prec@5 100.000 (99.466)
Epoch: [64][50/391], lr: 0.01000	Loss 0.2839 (0.4860)	Prec@1 90.625 (83.624)	Prec@5 100.000 (99.433)
Epoch: [64][60/391], lr: 0.01000	Loss 0.3171 (0.4760)	Prec@1 89.844 (84.042)	Prec@5 100.000 (99.436)
Epoch: [64][70/391], lr: 0.01000	Loss 0.3729 (0.4774)	Prec@1 86.719 (83.957)	Prec@5 99.219 (99.417)
Epoch: [64][80/391], lr: 0.01000	Loss 0.4736 (0.4749)	Prec@1 82.031 (83.989)	Prec@5 100.000 (99.450)
Epoch: [64][90/391], lr: 0.01000	Loss 0.4737 (0.4742)	Prec@1 82.812 (84.066)	Prec@5 98.438 (99.408)
Epoch: [64][100/391], lr: 0.01000	Loss 0.4675 (0.4705)	Prec@1 85.156 (84.197)	Prec@5 97.656 (99.381)
Epoch: [64][110/391], lr: 0.01000	Loss 0.4744 (0.4692)	Prec@1 85.156 (84.298)	Prec@5 98.438 (99.374)
Epoch: [64][120/391], lr: 0.01000	Loss 0.4748 (0.4686)	Prec@1 82.031 (84.323)	Prec@5 100.000 (99.393)
Epoch: [64][130/391], lr: 0.01000	Loss 0.3919 (0.4673)	Prec@1 87.500 (84.399)	Prec@5 99.219 (99.410)
Epoch: [64][140/391], lr: 0.01000	Loss 0.3695 (0.4651)	Prec@1 89.062 (84.486)	Prec@5 99.219 (99.418)
Epoch: [64][150/391], lr: 0.01000	Loss 0.3468 (0.4648)	Prec@1 86.719 (84.453)	Prec@5 100.000 (99.415)
Epoch: [64][160/391], lr: 0.01000	Loss 0.4429 (0.4647)	Prec@1 86.719 (84.482)	Prec@5 96.875 (99.413)
Epoch: [64][170/391], lr: 0.01000	Loss 0.4545 (0.4622)	Prec@1 85.156 (84.594)	Prec@5 98.438 (99.401)
Epoch: [64][180/391], lr: 0.01000	Loss 0.3927 (0.4606)	Prec@1 85.938 (84.604)	Prec@5 100.000 (99.417)
Epoch: [64][190/391], lr: 0.01000	Loss 0.3252 (0.4575)	Prec@1 89.062 (84.682)	Prec@5 100.000 (99.436)
Epoch: [64][200/391], lr: 0.01000	Loss 0.6151 (0.4575)	Prec@1 77.344 (84.690)	Prec@5 100.000 (99.448)
Epoch: [64][210/391], lr: 0.01000	Loss 0.3837 (0.4573)	Prec@1 85.156 (84.656)	Prec@5 100.000 (99.459)
Epoch: [64][220/391], lr: 0.01000	Loss 0.3730 (0.4576)	Prec@1 85.156 (84.591)	Prec@5 100.000 (99.470)
Epoch: [64][230/391], lr: 0.01000	Loss 0.3416 (0.4570)	Prec@1 89.062 (84.602)	Prec@5 100.000 (99.476)
Epoch: [64][240/391], lr: 0.01000	Loss 0.4559 (0.4590)	Prec@1 84.375 (84.495)	Prec@5 98.438 (99.475)
Epoch: [64][250/391], lr: 0.01000	Loss 0.3604 (0.4579)	Prec@1 89.062 (84.546)	Prec@5 100.000 (99.483)
Epoch: [64][260/391], lr: 0.01000	Loss 0.5678 (0.4597)	Prec@1 80.469 (84.492)	Prec@5 98.438 (99.464)
Epoch: [64][270/391], lr: 0.01000	Loss 0.4147 (0.4618)	Prec@1 84.375 (84.438)	Prec@5 100.000 (99.461)
Epoch: [64][280/391], lr: 0.01000	Loss 0.4913 (0.4632)	Prec@1 85.156 (84.406)	Prec@5 98.438 (99.450)
Epoch: [64][290/391], lr: 0.01000	Loss 0.5567 (0.4638)	Prec@1 82.031 (84.388)	Prec@5 100.000 (99.452)
Epoch: [64][300/391], lr: 0.01000	Loss 0.4519 (0.4640)	Prec@1 82.812 (84.427)	Prec@5 99.219 (99.463)
Epoch: [64][310/391], lr: 0.01000	Loss 0.5712 (0.4642)	Prec@1 80.469 (84.423)	Prec@5 99.219 (99.465)
Epoch: [64][320/391], lr: 0.01000	Loss 0.2953 (0.4635)	Prec@1 89.844 (84.421)	Prec@5 100.000 (99.472)
Epoch: [64][330/391], lr: 0.01000	Loss 0.5659 (0.4623)	Prec@1 82.031 (84.474)	Prec@5 100.000 (99.471)
Epoch: [64][340/391], lr: 0.01000	Loss 0.4165 (0.4623)	Prec@1 87.500 (84.496)	Prec@5 100.000 (99.475)
Epoch: [64][350/391], lr: 0.01000	Loss 0.3037 (0.4617)	Prec@1 87.500 (84.529)	Prec@5 100.000 (99.479)
Epoch: [64][360/391], lr: 0.01000	Loss 0.4803 (0.4613)	Prec@1 84.375 (84.537)	Prec@5 100.000 (99.474)
Epoch: [64][370/391], lr: 0.01000	Loss 0.4149 (0.4609)	Prec@1 88.281 (84.556)	Prec@5 99.219 (99.471)
Epoch: [64][380/391], lr: 0.01000	Loss 0.3539 (0.4606)	Prec@1 89.844 (84.588)	Prec@5 99.219 (99.471)
Epoch: [64][390/391], lr: 0.01000	Loss 0.3798 (0.4599)	Prec@1 86.250 (84.604)	Prec@5 100.000 (99.478)
Epoch [64] Training Results: Prec@1 84.604 Prec@5 99.478             Loss 0.45990
Epoch [64] Training Class Recall: [0.699,0.804,0.765,0.824,0.857,0.880,0.898,0.892,0.915,0.927]

Epoch: [65][0/391], lr: 0.01000	Loss 0.3797 (0.3797)	Prec@1 86.719 (86.719)	Prec@5 99.219 (99.219)
Epoch: [65][10/391], lr: 0.01000	Loss 0.5479 (0.4120)	Prec@1 82.812 (86.364)	Prec@5 98.438 (99.290)
Epoch: [65][20/391], lr: 0.01000	Loss 0.4997 (0.3902)	Prec@1 85.938 (87.054)	Prec@5 100.000 (99.405)
Epoch: [65][30/391], lr: 0.01000	Loss 0.4022 (0.3929)	Prec@1 86.719 (86.719)	Prec@5 100.000 (99.496)
Epoch: [65][40/391], lr: 0.01000	Loss 0.3601 (0.3997)	Prec@1 89.844 (86.471)	Prec@5 99.219 (99.486)
Epoch: [65][50/391], lr: 0.01000	Loss 0.4346 (0.4038)	Prec@1 85.938 (86.336)	Prec@5 99.219 (99.510)
Epoch: [65][60/391], lr: 0.01000	Loss 0.3621 (0.4077)	Prec@1 87.500 (86.373)	Prec@5 100.000 (99.513)
Epoch: [65][70/391], lr: 0.01000	Loss 0.4569 (0.4179)	Prec@1 84.375 (86.059)	Prec@5 100.000 (99.472)
Epoch: [65][80/391], lr: 0.01000	Loss 0.4135 (0.4222)	Prec@1 88.281 (85.918)	Prec@5 100.000 (99.450)
Epoch: [65][90/391], lr: 0.01000	Loss 0.4840 (0.4311)	Prec@1 82.031 (85.663)	Prec@5 98.438 (99.408)
Epoch: [65][100/391], lr: 0.01000	Loss 0.4184 (0.4401)	Prec@1 85.156 (85.427)	Prec@5 100.000 (99.397)
Epoch: [65][110/391], lr: 0.01000	Loss 0.3402 (0.4444)	Prec@1 90.625 (85.417)	Prec@5 99.219 (99.381)
Epoch: [65][120/391], lr: 0.01000	Loss 0.3565 (0.4468)	Prec@1 89.062 (85.285)	Prec@5 100.000 (99.400)
Epoch: [65][130/391], lr: 0.01000	Loss 0.4969 (0.4555)	Prec@1 82.812 (85.055)	Prec@5 100.000 (99.374)
Epoch: [65][140/391], lr: 0.01000	Loss 0.4379 (0.4589)	Prec@1 85.156 (84.890)	Prec@5 98.438 (99.368)
Epoch: [65][150/391], lr: 0.01000	Loss 0.4839 (0.4573)	Prec@1 85.938 (84.954)	Prec@5 100.000 (99.379)
Epoch: [65][160/391], lr: 0.01000	Loss 0.3564 (0.4562)	Prec@1 89.062 (84.918)	Prec@5 99.219 (99.389)
Epoch: [65][170/391], lr: 0.01000	Loss 0.4689 (0.4552)	Prec@1 85.938 (84.946)	Prec@5 99.219 (99.383)
Epoch: [65][180/391], lr: 0.01000	Loss 0.4881 (0.4545)	Prec@1 82.812 (84.979)	Prec@5 99.219 (99.391)
Epoch: [65][190/391], lr: 0.01000	Loss 0.3460 (0.4527)	Prec@1 88.281 (85.029)	Prec@5 100.000 (99.407)
Epoch: [65][200/391], lr: 0.01000	Loss 0.3624 (0.4519)	Prec@1 89.844 (85.090)	Prec@5 100.000 (99.409)
Epoch: [65][210/391], lr: 0.01000	Loss 0.4094 (0.4507)	Prec@1 82.812 (85.101)	Prec@5 99.219 (99.411)
Epoch: [65][220/391], lr: 0.01000	Loss 0.4440 (0.4507)	Prec@1 83.594 (85.107)	Prec@5 100.000 (99.431)
Epoch: [65][230/391], lr: 0.01000	Loss 0.3162 (0.4513)	Prec@1 90.625 (85.075)	Prec@5 100.000 (99.435)
Epoch: [65][240/391], lr: 0.01000	Loss 0.4918 (0.4532)	Prec@1 81.250 (85.010)	Prec@5 100.000 (99.439)
Epoch: [65][250/391], lr: 0.01000	Loss 0.4880 (0.4534)	Prec@1 83.594 (84.985)	Prec@5 100.000 (99.443)
Epoch: [65][260/391], lr: 0.01000	Loss 0.4144 (0.4547)	Prec@1 83.594 (84.971)	Prec@5 98.438 (99.422)
Epoch: [65][270/391], lr: 0.01000	Loss 0.4995 (0.4553)	Prec@1 82.031 (84.949)	Prec@5 100.000 (99.432)
Epoch: [65][280/391], lr: 0.01000	Loss 0.4915 (0.4563)	Prec@1 82.031 (84.914)	Prec@5 98.438 (99.427)
Epoch: [65][290/391], lr: 0.01000	Loss 0.4822 (0.4569)	Prec@1 83.594 (84.869)	Prec@5 100.000 (99.434)
Epoch: [65][300/391], lr: 0.01000	Loss 0.3456 (0.4554)	Prec@1 89.844 (84.907)	Prec@5 97.656 (99.445)
Epoch: [65][310/391], lr: 0.01000	Loss 0.5274 (0.4557)	Prec@1 84.375 (84.918)	Prec@5 99.219 (99.447)
Epoch: [65][320/391], lr: 0.01000	Loss 0.5285 (0.4564)	Prec@1 82.031 (84.879)	Prec@5 100.000 (99.445)
Epoch: [65][330/391], lr: 0.01000	Loss 0.3217 (0.4558)	Prec@1 90.625 (84.923)	Prec@5 100.000 (99.445)
Epoch: [65][340/391], lr: 0.01000	Loss 0.3831 (0.4549)	Prec@1 86.719 (84.962)	Prec@5 100.000 (99.448)
Epoch: [65][350/391], lr: 0.01000	Loss 0.6536 (0.4549)	Prec@1 78.125 (84.936)	Prec@5 97.656 (99.441)
Epoch: [65][360/391], lr: 0.01000	Loss 0.4865 (0.4565)	Prec@1 85.156 (84.901)	Prec@5 98.438 (99.424)
Epoch: [65][370/391], lr: 0.01000	Loss 0.4172 (0.4574)	Prec@1 86.719 (84.885)	Prec@5 99.219 (99.419)
Epoch: [65][380/391], lr: 0.01000	Loss 0.3665 (0.4572)	Prec@1 91.406 (84.884)	Prec@5 100.000 (99.420)
Epoch: [65][390/391], lr: 0.01000	Loss 0.3725 (0.4574)	Prec@1 91.250 (84.882)	Prec@5 100.000 (99.428)
Epoch [65] Training Results: Prec@1 84.882 Prec@5 99.428             Loss 0.45742
Epoch [65] Training Class Recall: [0.707,0.797,0.775,0.824,0.859,0.879,0.898,0.904,0.918,0.928]

Epoch: [66][0/391], lr: 0.01000	Loss 0.5928 (0.5928)	Prec@1 80.469 (80.469)	Prec@5 99.219 (99.219)
Epoch: [66][10/391], lr: 0.01000	Loss 0.2779 (0.4078)	Prec@1 92.188 (87.003)	Prec@5 100.000 (99.787)
Epoch: [66][20/391], lr: 0.01000	Loss 0.4372 (0.4193)	Prec@1 89.844 (86.384)	Prec@5 99.219 (99.777)
Epoch: [66][30/391], lr: 0.01000	Loss 0.2848 (0.4149)	Prec@1 89.844 (86.467)	Prec@5 100.000 (99.773)
Epoch: [66][40/391], lr: 0.01000	Loss 0.3645 (0.4176)	Prec@1 86.719 (86.528)	Prec@5 100.000 (99.733)
Epoch: [66][50/391], lr: 0.01000	Loss 0.2916 (0.4176)	Prec@1 92.188 (86.489)	Prec@5 100.000 (99.724)
Epoch: [66][60/391], lr: 0.01000	Loss 0.3834 (0.4187)	Prec@1 89.062 (86.373)	Prec@5 100.000 (99.718)
Epoch: [66][70/391], lr: 0.01000	Loss 0.5534 (0.4184)	Prec@1 82.812 (86.334)	Prec@5 99.219 (99.692)
Epoch: [66][80/391], lr: 0.01000	Loss 0.4612 (0.4205)	Prec@1 83.594 (86.236)	Prec@5 100.000 (99.672)
Epoch: [66][90/391], lr: 0.01000	Loss 0.6570 (0.4264)	Prec@1 77.344 (85.963)	Prec@5 99.219 (99.579)
Epoch: [66][100/391], lr: 0.01000	Loss 0.2671 (0.4283)	Prec@1 93.750 (85.891)	Prec@5 99.219 (99.590)
Epoch: [66][110/391], lr: 0.01000	Loss 0.4903 (0.4276)	Prec@1 83.594 (85.846)	Prec@5 99.219 (99.592)
Epoch: [66][120/391], lr: 0.01000	Loss 0.6730 (0.4343)	Prec@1 77.344 (85.705)	Prec@5 97.656 (99.580)
Epoch: [66][130/391], lr: 0.01000	Loss 0.4928 (0.4365)	Prec@1 84.375 (85.663)	Prec@5 98.438 (99.553)
Epoch: [66][140/391], lr: 0.01000	Loss 0.3310 (0.4377)	Prec@1 90.625 (85.577)	Prec@5 100.000 (99.540)
Epoch: [66][150/391], lr: 0.01000	Loss 0.5347 (0.4397)	Prec@1 82.812 (85.518)	Prec@5 100.000 (99.534)
Epoch: [66][160/391], lr: 0.01000	Loss 0.4131 (0.4369)	Prec@1 85.156 (85.651)	Prec@5 100.000 (99.534)
Epoch: [66][170/391], lr: 0.01000	Loss 0.5218 (0.4370)	Prec@1 81.250 (85.682)	Prec@5 98.438 (99.534)
Epoch: [66][180/391], lr: 0.01000	Loss 0.3893 (0.4374)	Prec@1 83.594 (85.614)	Prec@5 100.000 (99.534)
Epoch: [66][190/391], lr: 0.01000	Loss 0.4188 (0.4360)	Prec@1 85.156 (85.655)	Prec@5 100.000 (99.550)
Epoch: [66][200/391], lr: 0.01000	Loss 0.5802 (0.4390)	Prec@1 81.250 (85.592)	Prec@5 100.000 (99.534)
Epoch: [66][210/391], lr: 0.01000	Loss 0.5040 (0.4405)	Prec@1 82.031 (85.560)	Prec@5 100.000 (99.537)
Epoch: [66][220/391], lr: 0.01000	Loss 0.3630 (0.4411)	Prec@1 89.062 (85.485)	Prec@5 100.000 (99.533)
Epoch: [66][230/391], lr: 0.01000	Loss 0.4234 (0.4423)	Prec@1 85.156 (85.471)	Prec@5 99.219 (99.520)
Epoch: [66][240/391], lr: 0.01000	Loss 0.3380 (0.4415)	Prec@1 89.062 (85.516)	Prec@5 100.000 (99.514)
Epoch: [66][250/391], lr: 0.01000	Loss 0.4299 (0.4431)	Prec@1 85.156 (85.471)	Prec@5 99.219 (99.499)
Epoch: [66][260/391], lr: 0.01000	Loss 0.4150 (0.4445)	Prec@1 85.938 (85.426)	Prec@5 100.000 (99.494)
Epoch: [66][270/391], lr: 0.01000	Loss 0.4419 (0.4444)	Prec@1 83.594 (85.393)	Prec@5 100.000 (99.487)
Epoch: [66][280/391], lr: 0.01000	Loss 0.3422 (0.4444)	Prec@1 89.062 (85.393)	Prec@5 100.000 (99.477)
Epoch: [66][290/391], lr: 0.01000	Loss 0.4994 (0.4461)	Prec@1 85.156 (85.344)	Prec@5 99.219 (99.476)
Epoch: [66][300/391], lr: 0.01000	Loss 0.3701 (0.4460)	Prec@1 88.281 (85.377)	Prec@5 100.000 (99.481)
Epoch: [66][310/391], lr: 0.01000	Loss 0.5089 (0.4460)	Prec@1 81.250 (85.352)	Prec@5 99.219 (99.485)
Epoch: [66][320/391], lr: 0.01000	Loss 0.6298 (0.4471)	Prec@1 77.344 (85.329)	Prec@5 100.000 (99.482)
Epoch: [66][330/391], lr: 0.01000	Loss 0.4567 (0.4482)	Prec@1 83.594 (85.270)	Prec@5 100.000 (99.483)
Epoch: [66][340/391], lr: 0.01000	Loss 0.3961 (0.4485)	Prec@1 83.594 (85.239)	Prec@5 100.000 (99.494)
Epoch: [66][350/391], lr: 0.01000	Loss 0.6105 (0.4483)	Prec@1 76.562 (85.239)	Prec@5 100.000 (99.495)
Epoch: [66][360/391], lr: 0.01000	Loss 0.5089 (0.4480)	Prec@1 84.375 (85.208)	Prec@5 99.219 (99.502)
Epoch: [66][370/391], lr: 0.01000	Loss 0.4002 (0.4477)	Prec@1 87.500 (85.217)	Prec@5 99.219 (99.503)
Epoch: [66][380/391], lr: 0.01000	Loss 0.3086 (0.4476)	Prec@1 92.969 (85.220)	Prec@5 100.000 (99.502)
Epoch: [66][390/391], lr: 0.01000	Loss 0.3554 (0.4470)	Prec@1 86.250 (85.236)	Prec@5 100.000 (99.504)
Epoch [66] Training Results: Prec@1 85.236 Prec@5 99.504             Loss 0.44701
Epoch [66] Training Class Recall: [0.720,0.805,0.779,0.826,0.863,0.882,0.896,0.899,0.928,0.925]

Epoch: [67][0/391], lr: 0.01000	Loss 0.3745 (0.3745)	Prec@1 86.719 (86.719)	Prec@5 100.000 (100.000)
Epoch: [67][10/391], lr: 0.01000	Loss 0.6160 (0.4465)	Prec@1 79.688 (85.511)	Prec@5 98.438 (99.148)
Epoch: [67][20/391], lr: 0.01000	Loss 0.2964 (0.4236)	Prec@1 90.625 (86.086)	Prec@5 99.219 (99.293)
Epoch: [67][30/391], lr: 0.01000	Loss 0.5727 (0.4320)	Prec@1 79.688 (85.685)	Prec@5 99.219 (99.345)
Epoch: [67][40/391], lr: 0.01000	Loss 0.4476 (0.4308)	Prec@1 83.594 (85.633)	Prec@5 100.000 (99.409)
Epoch: [67][50/391], lr: 0.01000	Loss 0.4910 (0.4391)	Prec@1 83.594 (85.386)	Prec@5 100.000 (99.449)
Epoch: [67][60/391], lr: 0.01000	Loss 0.3482 (0.4333)	Prec@1 85.938 (85.553)	Prec@5 100.000 (99.513)
Epoch: [67][70/391], lr: 0.01000	Loss 0.3972 (0.4342)	Prec@1 85.938 (85.453)	Prec@5 100.000 (99.505)
Epoch: [67][80/391], lr: 0.01000	Loss 0.5011 (0.4342)	Prec@1 84.375 (85.561)	Prec@5 99.219 (99.527)
Epoch: [67][90/391], lr: 0.01000	Loss 0.4832 (0.4362)	Prec@1 80.469 (85.525)	Prec@5 100.000 (99.476)
Epoch: [67][100/391], lr: 0.01000	Loss 0.3613 (0.4367)	Prec@1 85.938 (85.442)	Prec@5 100.000 (99.489)
Epoch: [67][110/391], lr: 0.01000	Loss 0.5483 (0.4362)	Prec@1 82.031 (85.529)	Prec@5 99.219 (99.507)
Epoch: [67][120/391], lr: 0.01000	Loss 0.2875 (0.4334)	Prec@1 89.844 (85.569)	Prec@5 100.000 (99.522)
Epoch: [67][130/391], lr: 0.01000	Loss 0.4387 (0.4337)	Prec@1 86.719 (85.627)	Prec@5 99.219 (99.481)
Epoch: [67][140/391], lr: 0.01000	Loss 0.4242 (0.4351)	Prec@1 88.281 (85.605)	Prec@5 100.000 (99.490)
Epoch: [67][150/391], lr: 0.01000	Loss 0.5264 (0.4344)	Prec@1 82.812 (85.637)	Prec@5 99.219 (99.462)
Epoch: [67][160/391], lr: 0.01000	Loss 0.4748 (0.4348)	Prec@1 80.469 (85.578)	Prec@5 100.000 (99.461)
Epoch: [67][170/391], lr: 0.01000	Loss 0.4338 (0.4360)	Prec@1 84.375 (85.494)	Prec@5 99.219 (99.456)
Epoch: [67][180/391], lr: 0.01000	Loss 0.4908 (0.4377)	Prec@1 81.250 (85.350)	Prec@5 100.000 (99.465)
Epoch: [67][190/391], lr: 0.01000	Loss 0.5319 (0.4390)	Prec@1 82.812 (85.259)	Prec@5 98.438 (99.472)
Epoch: [67][200/391], lr: 0.01000	Loss 0.4235 (0.4381)	Prec@1 85.156 (85.273)	Prec@5 99.219 (99.475)
Epoch: [67][210/391], lr: 0.01000	Loss 0.4653 (0.4380)	Prec@1 81.250 (85.304)	Prec@5 99.219 (99.467)
Epoch: [67][220/391], lr: 0.01000	Loss 0.3806 (0.4371)	Prec@1 88.281 (85.312)	Prec@5 100.000 (99.480)
Epoch: [67][230/391], lr: 0.01000	Loss 0.4347 (0.4390)	Prec@1 87.500 (85.258)	Prec@5 99.219 (99.469)
Epoch: [67][240/391], lr: 0.01000	Loss 0.4951 (0.4391)	Prec@1 85.156 (85.279)	Prec@5 99.219 (99.472)
Epoch: [67][250/391], lr: 0.01000	Loss 0.5159 (0.4416)	Prec@1 80.469 (85.156)	Prec@5 97.656 (99.455)
Epoch: [67][260/391], lr: 0.01000	Loss 0.4099 (0.4418)	Prec@1 88.281 (85.153)	Prec@5 99.219 (99.449)
Epoch: [67][270/391], lr: 0.01000	Loss 0.3555 (0.4431)	Prec@1 88.281 (85.125)	Prec@5 100.000 (99.452)
Epoch: [67][280/391], lr: 0.01000	Loss 0.4413 (0.4438)	Prec@1 85.156 (85.106)	Prec@5 100.000 (99.458)
Epoch: [67][290/391], lr: 0.01000	Loss 0.3751 (0.4436)	Prec@1 88.281 (85.092)	Prec@5 100.000 (99.463)
Epoch: [67][300/391], lr: 0.01000	Loss 0.4729 (0.4431)	Prec@1 80.469 (85.115)	Prec@5 100.000 (99.465)
Epoch: [67][310/391], lr: 0.01000	Loss 0.3497 (0.4428)	Prec@1 89.844 (85.126)	Prec@5 100.000 (99.465)
Epoch: [67][320/391], lr: 0.01000	Loss 0.3685 (0.4433)	Prec@1 85.156 (85.110)	Prec@5 99.219 (99.457)
Epoch: [67][330/391], lr: 0.01000	Loss 0.4096 (0.4428)	Prec@1 89.062 (85.128)	Prec@5 99.219 (99.464)
Epoch: [67][340/391], lr: 0.01000	Loss 0.2958 (0.4431)	Prec@1 89.062 (85.099)	Prec@5 100.000 (99.464)
Epoch: [67][350/391], lr: 0.01000	Loss 0.3624 (0.4432)	Prec@1 87.500 (85.116)	Prec@5 99.219 (99.464)
Epoch: [67][360/391], lr: 0.01000	Loss 0.4771 (0.4445)	Prec@1 81.250 (85.061)	Prec@5 100.000 (99.463)
Epoch: [67][370/391], lr: 0.01000	Loss 0.4975 (0.4448)	Prec@1 81.250 (85.038)	Prec@5 98.438 (99.465)
Epoch: [67][380/391], lr: 0.01000	Loss 0.4445 (0.4451)	Prec@1 85.156 (85.027)	Prec@5 100.000 (99.465)
Epoch: [67][390/391], lr: 0.01000	Loss 0.3727 (0.4459)	Prec@1 86.250 (85.002)	Prec@5 98.750 (99.460)
Epoch [67] Training Results: Prec@1 85.002 Prec@5 99.460             Loss 0.44589
Epoch [67] Training Class Recall: [0.709,0.801,0.777,0.823,0.858,0.883,0.902,0.898,0.923,0.927]

Epoch: [68][0/391], lr: 0.01000	Loss 0.4115 (0.4115)	Prec@1 85.156 (85.156)	Prec@5 99.219 (99.219)
Epoch: [68][10/391], lr: 0.01000	Loss 0.3630 (0.4626)	Prec@1 88.281 (84.091)	Prec@5 99.219 (99.290)
Epoch: [68][20/391], lr: 0.01000	Loss 0.4721 (0.4499)	Prec@1 87.500 (84.412)	Prec@5 99.219 (99.405)
Epoch: [68][30/391], lr: 0.01000	Loss 0.5354 (0.4598)	Prec@1 84.375 (84.199)	Prec@5 99.219 (99.420)
Epoch: [68][40/391], lr: 0.01000	Loss 0.4524 (0.4522)	Prec@1 85.938 (84.661)	Prec@5 99.219 (99.505)
Epoch: [68][50/391], lr: 0.01000	Loss 0.5460 (0.4545)	Prec@1 80.469 (84.559)	Prec@5 100.000 (99.510)
Epoch: [68][60/391], lr: 0.01000	Loss 0.3373 (0.4557)	Prec@1 90.625 (84.746)	Prec@5 100.000 (99.449)
Epoch: [68][70/391], lr: 0.01000	Loss 0.4661 (0.4566)	Prec@1 81.250 (84.683)	Prec@5 100.000 (99.439)
Epoch: [68][80/391], lr: 0.01000	Loss 0.4574 (0.4548)	Prec@1 85.156 (84.867)	Prec@5 97.656 (99.412)
Epoch: [68][90/391], lr: 0.01000	Loss 0.5100 (0.4511)	Prec@1 85.156 (84.856)	Prec@5 98.438 (99.425)
Epoch: [68][100/391], lr: 0.01000	Loss 0.4792 (0.4539)	Prec@1 88.281 (84.754)	Prec@5 98.438 (99.435)
Epoch: [68][110/391], lr: 0.01000	Loss 0.4670 (0.4552)	Prec@1 84.375 (84.614)	Prec@5 99.219 (99.458)
Epoch: [68][120/391], lr: 0.01000	Loss 0.4213 (0.4545)	Prec@1 89.844 (84.762)	Prec@5 99.219 (99.451)
Epoch: [68][130/391], lr: 0.01000	Loss 0.5904 (0.4601)	Prec@1 78.906 (84.476)	Prec@5 100.000 (99.433)
Epoch: [68][140/391], lr: 0.01000	Loss 0.4774 (0.4594)	Prec@1 82.031 (84.480)	Prec@5 99.219 (99.446)
Epoch: [68][150/391], lr: 0.01000	Loss 0.4087 (0.4581)	Prec@1 89.062 (84.561)	Prec@5 99.219 (99.457)
Epoch: [68][160/391], lr: 0.01000	Loss 0.5473 (0.4606)	Prec@1 82.812 (84.521)	Prec@5 99.219 (99.447)
Epoch: [68][170/391], lr: 0.01000	Loss 0.3161 (0.4561)	Prec@1 92.188 (84.681)	Prec@5 99.219 (99.461)
Epoch: [68][180/391], lr: 0.01000	Loss 0.3153 (0.4536)	Prec@1 89.844 (84.768)	Prec@5 100.000 (99.465)
Epoch: [68][190/391], lr: 0.01000	Loss 0.5182 (0.4524)	Prec@1 85.156 (84.829)	Prec@5 98.438 (99.468)
Epoch: [68][200/391], lr: 0.01000	Loss 0.4085 (0.4505)	Prec@1 88.281 (84.919)	Prec@5 100.000 (99.483)
Epoch: [68][210/391], lr: 0.01000	Loss 0.3356 (0.4494)	Prec@1 88.281 (84.901)	Prec@5 99.219 (99.485)
Epoch: [68][220/391], lr: 0.01000	Loss 0.3809 (0.4472)	Prec@1 88.281 (84.994)	Prec@5 100.000 (99.470)
Epoch: [68][230/391], lr: 0.01000	Loss 0.5577 (0.4469)	Prec@1 80.469 (84.987)	Prec@5 98.438 (99.469)
Epoch: [68][240/391], lr: 0.01000	Loss 0.5012 (0.4463)	Prec@1 83.594 (85.020)	Prec@5 98.438 (99.468)
Epoch: [68][250/391], lr: 0.01000	Loss 0.4587 (0.4483)	Prec@1 83.594 (84.966)	Prec@5 99.219 (99.465)
Epoch: [68][260/391], lr: 0.01000	Loss 0.5248 (0.4496)	Prec@1 79.688 (84.908)	Prec@5 100.000 (99.464)
Epoch: [68][270/391], lr: 0.01000	Loss 0.5333 (0.4503)	Prec@1 81.250 (84.868)	Prec@5 99.219 (99.461)
Epoch: [68][280/391], lr: 0.01000	Loss 0.4479 (0.4512)	Prec@1 80.469 (84.842)	Prec@5 99.219 (99.455)
Epoch: [68][290/391], lr: 0.01000	Loss 0.5294 (0.4531)	Prec@1 82.812 (84.850)	Prec@5 100.000 (99.447)
Epoch: [68][300/391], lr: 0.01000	Loss 0.4072 (0.4543)	Prec@1 85.156 (84.811)	Prec@5 100.000 (99.450)
Epoch: [68][310/391], lr: 0.01000	Loss 0.5501 (0.4559)	Prec@1 81.250 (84.742)	Prec@5 100.000 (99.452)
Epoch: [68][320/391], lr: 0.01000	Loss 0.3937 (0.4558)	Prec@1 88.281 (84.747)	Prec@5 100.000 (99.457)
Epoch: [68][330/391], lr: 0.01000	Loss 0.4900 (0.4567)	Prec@1 83.594 (84.696)	Prec@5 99.219 (99.462)
Epoch: [68][340/391], lr: 0.01000	Loss 0.2269 (0.4558)	Prec@1 93.750 (84.703)	Prec@5 100.000 (99.471)
Epoch: [68][350/391], lr: 0.01000	Loss 0.3424 (0.4558)	Prec@1 86.719 (84.702)	Prec@5 100.000 (99.472)
Epoch: [68][360/391], lr: 0.01000	Loss 0.4694 (0.4555)	Prec@1 87.500 (84.730)	Prec@5 98.438 (99.474)
Epoch: [68][370/391], lr: 0.01000	Loss 0.4340 (0.4556)	Prec@1 84.375 (84.722)	Prec@5 100.000 (99.469)
Epoch: [68][380/391], lr: 0.01000	Loss 0.3449 (0.4563)	Prec@1 89.062 (84.701)	Prec@5 97.656 (99.457)
Epoch: [68][390/391], lr: 0.01000	Loss 0.5257 (0.4566)	Prec@1 82.500 (84.684)	Prec@5 97.500 (99.448)
Epoch [68] Training Results: Prec@1 84.684 Prec@5 99.448             Loss 0.45655
Epoch [68] Training Class Recall: [0.715,0.798,0.770,0.824,0.855,0.879,0.892,0.895,0.917,0.923]

Epoch: [69][0/391], lr: 0.01000	Loss 0.2940 (0.2940)	Prec@1 89.844 (89.844)	Prec@5 99.219 (99.219)
Epoch: [69][10/391], lr: 0.01000	Loss 0.4042 (0.4061)	Prec@1 84.375 (85.511)	Prec@5 100.000 (99.858)
Epoch: [69][20/391], lr: 0.01000	Loss 0.3999 (0.4235)	Prec@1 84.375 (85.231)	Prec@5 99.219 (99.814)
Epoch: [69][30/391], lr: 0.01000	Loss 0.4056 (0.4274)	Prec@1 89.062 (85.585)	Prec@5 100.000 (99.723)
Epoch: [69][40/391], lr: 0.01000	Loss 0.4798 (0.4356)	Prec@1 85.938 (85.537)	Prec@5 98.438 (99.638)
Epoch: [69][50/391], lr: 0.01000	Loss 0.2941 (0.4339)	Prec@1 90.625 (85.447)	Prec@5 99.219 (99.525)
Epoch: [69][60/391], lr: 0.01000	Loss 0.3388 (0.4297)	Prec@1 90.625 (85.617)	Prec@5 99.219 (99.526)
Epoch: [69][70/391], lr: 0.01000	Loss 0.4027 (0.4281)	Prec@1 89.844 (85.728)	Prec@5 100.000 (99.538)
Epoch: [69][80/391], lr: 0.01000	Loss 0.4429 (0.4275)	Prec@1 83.594 (85.802)	Prec@5 100.000 (99.547)
Epoch: [69][90/391], lr: 0.01000	Loss 0.3767 (0.4288)	Prec@1 85.938 (85.792)	Prec@5 100.000 (99.536)
Epoch: [69][100/391], lr: 0.01000	Loss 0.4718 (0.4300)	Prec@1 85.938 (85.760)	Prec@5 99.219 (99.513)
Epoch: [69][110/391], lr: 0.01000	Loss 0.4466 (0.4330)	Prec@1 83.594 (85.691)	Prec@5 98.438 (99.507)
Epoch: [69][120/391], lr: 0.01000	Loss 0.4727 (0.4365)	Prec@1 83.594 (85.640)	Prec@5 100.000 (99.496)
Epoch: [69][130/391], lr: 0.01000	Loss 0.3886 (0.4384)	Prec@1 88.281 (85.586)	Prec@5 100.000 (99.487)
Epoch: [69][140/391], lr: 0.01000	Loss 0.3752 (0.4414)	Prec@1 86.719 (85.433)	Prec@5 100.000 (99.485)
Epoch: [69][150/391], lr: 0.01000	Loss 0.5802 (0.4451)	Prec@1 81.250 (85.322)	Prec@5 99.219 (99.483)
Epoch: [69][160/391], lr: 0.01000	Loss 0.5246 (0.4460)	Prec@1 82.812 (85.297)	Prec@5 96.875 (99.461)
Epoch: [69][170/391], lr: 0.01000	Loss 0.5885 (0.4514)	Prec@1 81.250 (85.101)	Prec@5 97.656 (99.456)
Epoch: [69][180/391], lr: 0.01000	Loss 0.5242 (0.4545)	Prec@1 77.344 (84.927)	Prec@5 100.000 (99.456)
Epoch: [69][190/391], lr: 0.01000	Loss 0.4220 (0.4558)	Prec@1 85.156 (84.837)	Prec@5 99.219 (99.448)
Epoch: [69][200/391], lr: 0.01000	Loss 0.3314 (0.4565)	Prec@1 89.844 (84.810)	Prec@5 100.000 (99.448)
Epoch: [69][210/391], lr: 0.01000	Loss 0.4090 (0.4551)	Prec@1 83.594 (84.838)	Prec@5 99.219 (99.452)
Epoch: [69][220/391], lr: 0.01000	Loss 0.6131 (0.4554)	Prec@1 81.250 (84.824)	Prec@5 100.000 (99.452)
Epoch: [69][230/391], lr: 0.01000	Loss 0.5490 (0.4573)	Prec@1 82.812 (84.754)	Prec@5 100.000 (99.445)
Epoch: [69][240/391], lr: 0.01000	Loss 0.4966 (0.4563)	Prec@1 83.594 (84.783)	Prec@5 99.219 (99.455)
Epoch: [69][250/391], lr: 0.01000	Loss 0.5032 (0.4558)	Prec@1 80.469 (84.773)	Prec@5 100.000 (99.462)
Epoch: [69][260/391], lr: 0.01000	Loss 0.4827 (0.4558)	Prec@1 82.812 (84.770)	Prec@5 100.000 (99.449)
Epoch: [69][270/391], lr: 0.01000	Loss 0.4248 (0.4563)	Prec@1 84.375 (84.735)	Prec@5 99.219 (99.435)
Epoch: [69][280/391], lr: 0.01000	Loss 0.4920 (0.4557)	Prec@1 84.375 (84.775)	Prec@5 99.219 (99.444)
Epoch: [69][290/391], lr: 0.01000	Loss 0.5651 (0.4563)	Prec@1 82.812 (84.783)	Prec@5 99.219 (99.444)
Epoch: [69][300/391], lr: 0.01000	Loss 0.4471 (0.4562)	Prec@1 85.938 (84.806)	Prec@5 100.000 (99.442)
Epoch: [69][310/391], lr: 0.01000	Loss 0.4639 (0.4555)	Prec@1 82.812 (84.800)	Prec@5 100.000 (99.455)
Epoch: [69][320/391], lr: 0.01000	Loss 0.4978 (0.4553)	Prec@1 83.594 (84.833)	Prec@5 98.438 (99.452)
Epoch: [69][330/391], lr: 0.01000	Loss 0.3431 (0.4547)	Prec@1 89.062 (84.880)	Prec@5 99.219 (99.457)
Epoch: [69][340/391], lr: 0.01000	Loss 0.4995 (0.4565)	Prec@1 83.594 (84.840)	Prec@5 97.656 (99.448)
Epoch: [69][350/391], lr: 0.01000	Loss 0.4169 (0.4571)	Prec@1 86.719 (84.834)	Prec@5 100.000 (99.441)
Epoch: [69][360/391], lr: 0.01000	Loss 0.4037 (0.4570)	Prec@1 84.375 (84.836)	Prec@5 100.000 (99.444)
Epoch: [69][370/391], lr: 0.01000	Loss 0.3772 (0.4561)	Prec@1 89.062 (84.882)	Prec@5 100.000 (99.446)
Epoch: [69][380/391], lr: 0.01000	Loss 0.4579 (0.4554)	Prec@1 82.031 (84.896)	Prec@5 98.438 (99.448)
Epoch: [69][390/391], lr: 0.01000	Loss 0.3929 (0.4537)	Prec@1 87.500 (84.950)	Prec@5 98.750 (99.450)
Epoch [69] Training Results: Prec@1 84.950 Prec@5 99.450             Loss 0.45369
Epoch [69] Training Class Recall: [0.712,0.801,0.771,0.826,0.866,0.884,0.898,0.897,0.919,0.922]

Epoch: [70][0/391], lr: 0.01000	Loss 0.3667 (0.3667)	Prec@1 85.156 (85.156)	Prec@5 100.000 (100.000)
Epoch: [70][10/391], lr: 0.01000	Loss 0.3972 (0.3936)	Prec@1 87.500 (86.719)	Prec@5 100.000 (99.858)
Epoch: [70][20/391], lr: 0.01000	Loss 0.3654 (0.3816)	Prec@1 87.500 (87.277)	Prec@5 100.000 (99.740)
Epoch: [70][30/391], lr: 0.01000	Loss 0.2952 (0.3758)	Prec@1 90.625 (87.475)	Prec@5 100.000 (99.773)
Epoch: [70][40/391], lr: 0.01000	Loss 0.4355 (0.3839)	Prec@1 85.156 (87.329)	Prec@5 100.000 (99.733)
Epoch: [70][50/391], lr: 0.01000	Loss 0.3545 (0.3777)	Prec@1 88.281 (87.561)	Prec@5 100.000 (99.755)
Epoch: [70][60/391], lr: 0.01000	Loss 0.3516 (0.3799)	Prec@1 87.500 (87.474)	Prec@5 98.438 (99.718)
Epoch: [70][70/391], lr: 0.01000	Loss 0.5204 (0.3827)	Prec@1 82.031 (87.434)	Prec@5 99.219 (99.681)
Epoch: [70][80/391], lr: 0.01000	Loss 0.4446 (0.3828)	Prec@1 85.156 (87.404)	Prec@5 100.000 (99.701)
Epoch: [70][90/391], lr: 0.01000	Loss 0.4414 (0.3863)	Prec@1 86.719 (87.363)	Prec@5 100.000 (99.717)
Epoch: [70][100/391], lr: 0.01000	Loss 0.4660 (0.3888)	Prec@1 81.250 (87.214)	Prec@5 100.000 (99.706)
Epoch: [70][110/391], lr: 0.01000	Loss 0.5339 (0.3967)	Prec@1 77.344 (86.810)	Prec@5 100.000 (99.690)
Epoch: [70][120/391], lr: 0.01000	Loss 0.4033 (0.3997)	Prec@1 87.500 (86.732)	Prec@5 100.000 (99.684)
Epoch: [70][130/391], lr: 0.01000	Loss 0.5699 (0.4066)	Prec@1 84.375 (86.474)	Prec@5 98.438 (99.654)
Epoch: [70][140/391], lr: 0.01000	Loss 0.4223 (0.4083)	Prec@1 83.594 (86.348)	Prec@5 99.219 (99.645)
Epoch: [70][150/391], lr: 0.01000	Loss 0.4501 (0.4099)	Prec@1 87.500 (86.263)	Prec@5 99.219 (99.622)
Epoch: [70][160/391], lr: 0.01000	Loss 0.3981 (0.4133)	Prec@1 90.625 (86.190)	Prec@5 99.219 (99.612)
Epoch: [70][170/391], lr: 0.01000	Loss 0.5901 (0.4168)	Prec@1 78.906 (86.043)	Prec@5 99.219 (99.607)
Epoch: [70][180/391], lr: 0.01000	Loss 0.2900 (0.4164)	Prec@1 89.844 (86.015)	Prec@5 99.219 (99.612)
Epoch: [70][190/391], lr: 0.01000	Loss 0.6022 (0.4190)	Prec@1 81.250 (85.905)	Prec@5 100.000 (99.611)
Epoch: [70][200/391], lr: 0.01000	Loss 0.4204 (0.4221)	Prec@1 84.375 (85.829)	Prec@5 100.000 (99.596)
Epoch: [70][210/391], lr: 0.01000	Loss 0.5959 (0.4259)	Prec@1 79.688 (85.686)	Prec@5 99.219 (99.582)
Epoch: [70][220/391], lr: 0.01000	Loss 0.4255 (0.4261)	Prec@1 84.375 (85.655)	Prec@5 100.000 (99.583)
Epoch: [70][230/391], lr: 0.01000	Loss 0.4451 (0.4262)	Prec@1 85.156 (85.620)	Prec@5 100.000 (99.587)
Epoch: [70][240/391], lr: 0.01000	Loss 0.4772 (0.4236)	Prec@1 82.812 (85.685)	Prec@5 100.000 (99.588)
Epoch: [70][250/391], lr: 0.01000	Loss 0.5530 (0.4239)	Prec@1 87.500 (85.713)	Prec@5 99.219 (99.586)
Epoch: [70][260/391], lr: 0.01000	Loss 0.3118 (0.4240)	Prec@1 91.406 (85.737)	Prec@5 100.000 (99.587)
Epoch: [70][270/391], lr: 0.01000	Loss 0.4247 (0.4262)	Prec@1 85.938 (85.687)	Prec@5 99.219 (99.573)
Epoch: [70][280/391], lr: 0.01000	Loss 0.4271 (0.4263)	Prec@1 83.594 (85.671)	Prec@5 100.000 (99.572)
Epoch: [70][290/391], lr: 0.01000	Loss 0.3174 (0.4268)	Prec@1 89.844 (85.669)	Prec@5 99.219 (99.560)
Epoch: [70][300/391], lr: 0.01000	Loss 0.3527 (0.4290)	Prec@1 88.281 (85.616)	Prec@5 100.000 (99.556)
Epoch: [70][310/391], lr: 0.01000	Loss 0.4294 (0.4300)	Prec@1 89.062 (85.606)	Prec@5 99.219 (99.543)
Epoch: [70][320/391], lr: 0.01000	Loss 0.4766 (0.4310)	Prec@1 84.375 (85.560)	Prec@5 97.656 (99.533)
Epoch: [70][330/391], lr: 0.01000	Loss 0.3655 (0.4304)	Prec@1 89.062 (85.619)	Prec@5 100.000 (99.544)
Epoch: [70][340/391], lr: 0.01000	Loss 0.4730 (0.4313)	Prec@1 85.156 (85.608)	Prec@5 98.438 (99.542)
Epoch: [70][350/391], lr: 0.01000	Loss 0.4313 (0.4316)	Prec@1 85.938 (85.577)	Prec@5 100.000 (99.546)
Epoch: [70][360/391], lr: 0.01000	Loss 0.4833 (0.4317)	Prec@1 84.375 (85.563)	Prec@5 99.219 (99.550)
Epoch: [70][370/391], lr: 0.01000	Loss 0.3236 (0.4318)	Prec@1 89.844 (85.556)	Prec@5 100.000 (99.556)
Epoch: [70][380/391], lr: 0.01000	Loss 0.3976 (0.4316)	Prec@1 86.719 (85.542)	Prec@5 100.000 (99.555)
Epoch: [70][390/391], lr: 0.01000	Loss 0.3806 (0.4317)	Prec@1 85.000 (85.536)	Prec@5 100.000 (99.556)
Epoch [70] Training Results: Prec@1 85.536 Prec@5 99.556             Loss 0.43166
Epoch [70] Training Class Recall: [0.723,0.799,0.785,0.837,0.869,0.887,0.902,0.898,0.923,0.929]

Epoch: [71][0/391], lr: 0.01000	Loss 0.3041 (0.3041)	Prec@1 91.406 (91.406)	Prec@5 100.000 (100.000)
Epoch: [71][10/391], lr: 0.01000	Loss 0.3074 (0.3765)	Prec@1 90.625 (87.358)	Prec@5 99.219 (99.645)
Epoch: [71][20/391], lr: 0.01000	Loss 0.3663 (0.3809)	Prec@1 89.844 (87.574)	Prec@5 99.219 (99.740)
Epoch: [71][30/391], lr: 0.01000	Loss 0.3809 (0.3887)	Prec@1 85.156 (87.298)	Prec@5 100.000 (99.748)
Epoch: [71][40/391], lr: 0.01000	Loss 0.5061 (0.3953)	Prec@1 81.250 (87.062)	Prec@5 99.219 (99.733)
Epoch: [71][50/391], lr: 0.01000	Loss 0.3249 (0.3985)	Prec@1 88.281 (86.918)	Prec@5 99.219 (99.694)
Epoch: [71][60/391], lr: 0.01000	Loss 0.4733 (0.3960)	Prec@1 85.156 (87.154)	Prec@5 99.219 (99.680)
Epoch: [71][70/391], lr: 0.01000	Loss 0.4253 (0.4001)	Prec@1 82.031 (87.016)	Prec@5 100.000 (99.703)
Epoch: [71][80/391], lr: 0.01000	Loss 0.3575 (0.4030)	Prec@1 90.625 (86.989)	Prec@5 100.000 (99.701)
Epoch: [71][90/391], lr: 0.01000	Loss 0.3121 (0.4047)	Prec@1 90.625 (86.908)	Prec@5 100.000 (99.622)
Epoch: [71][100/391], lr: 0.01000	Loss 0.2855 (0.4042)	Prec@1 88.281 (86.858)	Prec@5 100.000 (99.629)
Epoch: [71][110/391], lr: 0.01000	Loss 0.3345 (0.4069)	Prec@1 85.156 (86.641)	Prec@5 100.000 (99.599)
Epoch: [71][120/391], lr: 0.01000	Loss 0.3426 (0.4066)	Prec@1 87.500 (86.603)	Prec@5 100.000 (99.613)
Epoch: [71][130/391], lr: 0.01000	Loss 0.4744 (0.4131)	Prec@1 81.250 (86.379)	Prec@5 100.000 (99.559)
Epoch: [71][140/391], lr: 0.01000	Loss 0.5695 (0.4149)	Prec@1 79.688 (86.309)	Prec@5 100.000 (99.568)
Epoch: [71][150/391], lr: 0.01000	Loss 0.4402 (0.4160)	Prec@1 85.156 (86.238)	Prec@5 100.000 (99.576)
Epoch: [71][160/391], lr: 0.01000	Loss 0.4228 (0.4162)	Prec@1 85.938 (86.214)	Prec@5 99.219 (99.592)
Epoch: [71][170/391], lr: 0.01000	Loss 0.3414 (0.4182)	Prec@1 90.625 (86.125)	Prec@5 99.219 (99.589)
Epoch: [71][180/391], lr: 0.01000	Loss 0.5895 (0.4210)	Prec@1 78.906 (86.007)	Prec@5 99.219 (99.586)
Epoch: [71][190/391], lr: 0.01000	Loss 0.3553 (0.4200)	Prec@1 86.719 (86.068)	Prec@5 100.000 (99.587)
Epoch: [71][200/391], lr: 0.01000	Loss 0.4141 (0.4240)	Prec@1 86.719 (85.930)	Prec@5 100.000 (99.565)
Epoch: [71][210/391], lr: 0.01000	Loss 0.2700 (0.4271)	Prec@1 90.625 (85.808)	Prec@5 100.000 (99.563)
Epoch: [71][220/391], lr: 0.01000	Loss 0.4364 (0.4287)	Prec@1 85.938 (85.807)	Prec@5 99.219 (99.558)
Epoch: [71][230/391], lr: 0.01000	Loss 0.4991 (0.4316)	Prec@1 84.375 (85.718)	Prec@5 99.219 (99.543)
Epoch: [71][240/391], lr: 0.01000	Loss 0.4891 (0.4332)	Prec@1 82.812 (85.672)	Prec@5 98.438 (99.520)
Epoch: [71][250/391], lr: 0.01000	Loss 0.5965 (0.4340)	Prec@1 80.469 (85.636)	Prec@5 98.438 (99.524)
Epoch: [71][260/391], lr: 0.01000	Loss 0.4500 (0.4359)	Prec@1 85.156 (85.587)	Prec@5 99.219 (99.524)
Epoch: [71][270/391], lr: 0.01000	Loss 0.4624 (0.4365)	Prec@1 85.938 (85.580)	Prec@5 98.438 (99.530)
Epoch: [71][280/391], lr: 0.01000	Loss 0.4684 (0.4384)	Prec@1 83.594 (85.548)	Prec@5 99.219 (99.525)
Epoch: [71][290/391], lr: 0.01000	Loss 0.6199 (0.4406)	Prec@1 76.562 (85.470)	Prec@5 99.219 (99.519)
Epoch: [71][300/391], lr: 0.01000	Loss 0.3068 (0.4411)	Prec@1 89.062 (85.452)	Prec@5 100.000 (99.517)
Epoch: [71][310/391], lr: 0.01000	Loss 0.5820 (0.4432)	Prec@1 79.688 (85.387)	Prec@5 99.219 (99.508)
Epoch: [71][320/391], lr: 0.01000	Loss 0.4156 (0.4450)	Prec@1 85.156 (85.295)	Prec@5 100.000 (99.516)
Epoch: [71][330/391], lr: 0.01000	Loss 0.5098 (0.4454)	Prec@1 82.031 (85.262)	Prec@5 98.438 (99.514)
Epoch: [71][340/391], lr: 0.01000	Loss 0.5607 (0.4454)	Prec@1 82.031 (85.285)	Prec@5 98.438 (99.505)
Epoch: [71][350/391], lr: 0.01000	Loss 0.5630 (0.4469)	Prec@1 85.156 (85.232)	Prec@5 100.000 (99.504)
Epoch: [71][360/391], lr: 0.01000	Loss 0.5843 (0.4475)	Prec@1 82.031 (85.232)	Prec@5 98.438 (99.491)
Epoch: [71][370/391], lr: 0.01000	Loss 0.5127 (0.4470)	Prec@1 79.688 (85.262)	Prec@5 100.000 (99.484)
Epoch: [71][380/391], lr: 0.01000	Loss 0.6402 (0.4482)	Prec@1 79.688 (85.236)	Prec@5 100.000 (99.475)
Epoch: [71][390/391], lr: 0.01000	Loss 0.4964 (0.4481)	Prec@1 82.500 (85.266)	Prec@5 98.750 (99.478)
Epoch [71] Training Results: Prec@1 85.266 Prec@5 99.478             Loss 0.44810
Epoch [71] Training Class Recall: [0.713,0.808,0.781,0.828,0.863,0.883,0.897,0.902,0.923,0.930]

Epoch: [72][0/391], lr: 0.01000	Loss 0.4330 (0.4330)	Prec@1 83.594 (83.594)	Prec@5 100.000 (100.000)
Epoch: [72][10/391], lr: 0.01000	Loss 0.4114 (0.4216)	Prec@1 82.812 (85.227)	Prec@5 100.000 (99.858)
Epoch: [72][20/391], lr: 0.01000	Loss 0.3150 (0.4050)	Prec@1 87.500 (86.384)	Prec@5 100.000 (99.702)
Epoch: [72][30/391], lr: 0.01000	Loss 0.3634 (0.3969)	Prec@1 87.500 (86.643)	Prec@5 100.000 (99.723)
Epoch: [72][40/391], lr: 0.01000	Loss 0.3925 (0.3996)	Prec@1 88.281 (86.604)	Prec@5 100.000 (99.695)
Epoch: [72][50/391], lr: 0.01000	Loss 0.3493 (0.3965)	Prec@1 87.500 (86.657)	Prec@5 100.000 (99.724)
Epoch: [72][60/391], lr: 0.01000	Loss 0.4444 (0.3995)	Prec@1 85.156 (86.514)	Prec@5 99.219 (99.731)
Epoch: [72][70/391], lr: 0.01000	Loss 0.5264 (0.4041)	Prec@1 79.688 (86.158)	Prec@5 99.219 (99.725)
Epoch: [72][80/391], lr: 0.01000	Loss 0.3533 (0.4029)	Prec@1 89.062 (86.304)	Prec@5 100.000 (99.701)
Epoch: [72][90/391], lr: 0.01000	Loss 0.4371 (0.4063)	Prec@1 85.156 (86.221)	Prec@5 100.000 (99.717)
Epoch: [72][100/391], lr: 0.01000	Loss 0.3408 (0.4072)	Prec@1 85.156 (86.139)	Prec@5 100.000 (99.683)
Epoch: [72][110/391], lr: 0.01000	Loss 0.3314 (0.4091)	Prec@1 89.062 (86.113)	Prec@5 100.000 (99.662)
Epoch: [72][120/391], lr: 0.01000	Loss 0.4738 (0.4092)	Prec@1 82.031 (86.080)	Prec@5 99.219 (99.651)
Epoch: [72][130/391], lr: 0.01000	Loss 0.3912 (0.4096)	Prec@1 86.719 (86.045)	Prec@5 99.219 (99.648)
Epoch: [72][140/391], lr: 0.01000	Loss 0.2785 (0.4094)	Prec@1 90.625 (86.093)	Prec@5 100.000 (99.662)
Epoch: [72][150/391], lr: 0.01000	Loss 0.4132 (0.4138)	Prec@1 87.500 (86.036)	Prec@5 98.438 (99.607)
Epoch: [72][160/391], lr: 0.01000	Loss 0.3815 (0.4164)	Prec@1 88.281 (85.986)	Prec@5 99.219 (99.588)
Epoch: [72][170/391], lr: 0.01000	Loss 0.3542 (0.4159)	Prec@1 88.281 (85.997)	Prec@5 100.000 (99.598)
Epoch: [72][180/391], lr: 0.01000	Loss 0.3327 (0.4160)	Prec@1 92.969 (86.054)	Prec@5 98.438 (99.586)
Epoch: [72][190/391], lr: 0.01000	Loss 0.4645 (0.4165)	Prec@1 82.812 (86.068)	Prec@5 99.219 (99.579)
Epoch: [72][200/391], lr: 0.01000	Loss 0.3523 (0.4187)	Prec@1 89.062 (85.984)	Prec@5 100.000 (99.569)
Epoch: [72][210/391], lr: 0.01000	Loss 0.5215 (0.4224)	Prec@1 82.812 (85.886)	Prec@5 100.000 (99.559)
Epoch: [72][220/391], lr: 0.01000	Loss 0.3497 (0.4234)	Prec@1 86.719 (85.870)	Prec@5 100.000 (99.540)
Epoch: [72][230/391], lr: 0.01000	Loss 0.4570 (0.4267)	Prec@1 88.281 (85.782)	Prec@5 99.219 (99.537)
Epoch: [72][240/391], lr: 0.01000	Loss 0.4013 (0.4271)	Prec@1 85.938 (85.766)	Prec@5 100.000 (99.536)
Epoch: [72][250/391], lr: 0.01000	Loss 0.4430 (0.4284)	Prec@1 84.375 (85.713)	Prec@5 100.000 (99.533)
Epoch: [72][260/391], lr: 0.01000	Loss 0.4945 (0.4303)	Prec@1 83.594 (85.629)	Prec@5 100.000 (99.533)
Epoch: [72][270/391], lr: 0.01000	Loss 0.5577 (0.4326)	Prec@1 84.375 (85.574)	Prec@5 99.219 (99.527)
Epoch: [72][280/391], lr: 0.01000	Loss 0.4406 (0.4334)	Prec@1 82.031 (85.518)	Prec@5 100.000 (99.530)
Epoch: [72][290/391], lr: 0.01000	Loss 0.5613 (0.4345)	Prec@1 82.031 (85.495)	Prec@5 98.438 (99.506)
Epoch: [72][300/391], lr: 0.01000	Loss 0.2995 (0.4329)	Prec@1 89.844 (85.559)	Prec@5 100.000 (99.512)
Epoch: [72][310/391], lr: 0.01000	Loss 0.3754 (0.4326)	Prec@1 89.062 (85.568)	Prec@5 99.219 (99.505)
Epoch: [72][320/391], lr: 0.01000	Loss 0.2811 (0.4316)	Prec@1 89.062 (85.604)	Prec@5 100.000 (99.508)
Epoch: [72][330/391], lr: 0.01000	Loss 0.3864 (0.4305)	Prec@1 82.812 (85.612)	Prec@5 100.000 (99.514)
Epoch: [72][340/391], lr: 0.01000	Loss 0.3949 (0.4302)	Prec@1 85.938 (85.640)	Prec@5 99.219 (99.510)
Epoch: [72][350/391], lr: 0.01000	Loss 0.3771 (0.4300)	Prec@1 87.500 (85.644)	Prec@5 99.219 (99.517)
Epoch: [72][360/391], lr: 0.01000	Loss 0.5184 (0.4299)	Prec@1 83.594 (85.660)	Prec@5 100.000 (99.520)
Epoch: [72][370/391], lr: 0.01000	Loss 0.3574 (0.4297)	Prec@1 85.938 (85.645)	Prec@5 100.000 (99.522)
Epoch: [72][380/391], lr: 0.01000	Loss 0.3807 (0.4307)	Prec@1 85.938 (85.618)	Prec@5 100.000 (99.526)
Epoch: [72][390/391], lr: 0.01000	Loss 0.4377 (0.4305)	Prec@1 80.000 (85.608)	Prec@5 100.000 (99.528)
Epoch [72] Training Results: Prec@1 85.608 Prec@5 99.528             Loss 0.43047
Epoch [72] Training Class Recall: [0.722,0.819,0.785,0.838,0.859,0.882,0.898,0.902,0.924,0.933]

Epoch: [73][0/391], lr: 0.01000	Loss 0.2733 (0.2733)	Prec@1 89.844 (89.844)	Prec@5 100.000 (100.000)
Epoch: [73][10/391], lr: 0.01000	Loss 0.4287 (0.3918)	Prec@1 85.156 (86.506)	Prec@5 99.219 (99.787)
Epoch: [73][20/391], lr: 0.01000	Loss 0.4220 (0.3865)	Prec@1 85.938 (86.905)	Prec@5 100.000 (99.628)
Epoch: [73][30/391], lr: 0.01000	Loss 0.3237 (0.3832)	Prec@1 89.844 (86.946)	Prec@5 99.219 (99.622)
Epoch: [73][40/391], lr: 0.01000	Loss 0.4050 (0.3910)	Prec@1 86.719 (86.814)	Prec@5 98.438 (99.638)
Epoch: [73][50/391], lr: 0.01000	Loss 0.4726 (0.3971)	Prec@1 85.156 (86.933)	Prec@5 100.000 (99.586)
Epoch: [73][60/391], lr: 0.01000	Loss 0.4576 (0.4035)	Prec@1 82.812 (86.475)	Prec@5 100.000 (99.616)
Epoch: [73][70/391], lr: 0.01000	Loss 0.4300 (0.4161)	Prec@1 85.938 (86.037)	Prec@5 100.000 (99.637)
Epoch: [73][80/391], lr: 0.01000	Loss 0.4498 (0.4244)	Prec@1 78.125 (85.745)	Prec@5 100.000 (99.614)
Epoch: [73][90/391], lr: 0.01000	Loss 0.3907 (0.4321)	Prec@1 85.156 (85.560)	Prec@5 99.219 (99.579)
Epoch: [73][100/391], lr: 0.01000	Loss 0.4965 (0.4353)	Prec@1 85.938 (85.543)	Prec@5 99.219 (99.551)
Epoch: [73][110/391], lr: 0.01000	Loss 0.3585 (0.4344)	Prec@1 85.938 (85.572)	Prec@5 99.219 (99.535)
Epoch: [73][120/391], lr: 0.01000	Loss 0.4924 (0.4336)	Prec@1 84.375 (85.621)	Prec@5 98.438 (99.529)
Epoch: [73][130/391], lr: 0.01000	Loss 0.4036 (0.4318)	Prec@1 83.594 (85.615)	Prec@5 99.219 (99.535)
Epoch: [73][140/391], lr: 0.01000	Loss 0.3429 (0.4297)	Prec@1 88.281 (85.644)	Prec@5 100.000 (99.546)
Epoch: [73][150/391], lr: 0.01000	Loss 0.5607 (0.4312)	Prec@1 82.031 (85.591)	Prec@5 98.438 (99.534)
Epoch: [73][160/391], lr: 0.01000	Loss 0.3678 (0.4318)	Prec@1 83.594 (85.510)	Prec@5 100.000 (99.544)
Epoch: [73][170/391], lr: 0.01000	Loss 0.3937 (0.4339)	Prec@1 86.719 (85.408)	Prec@5 100.000 (99.539)
Epoch: [73][180/391], lr: 0.01000	Loss 0.5626 (0.4377)	Prec@1 78.125 (85.316)	Prec@5 99.219 (99.530)
Epoch: [73][190/391], lr: 0.01000	Loss 0.6575 (0.4411)	Prec@1 77.344 (85.189)	Prec@5 100.000 (99.534)
Epoch: [73][200/391], lr: 0.01000	Loss 0.4134 (0.4447)	Prec@1 85.156 (85.137)	Prec@5 100.000 (99.514)
Epoch: [73][210/391], lr: 0.01000	Loss 0.2912 (0.4447)	Prec@1 91.406 (85.123)	Prec@5 100.000 (99.522)
Epoch: [73][220/391], lr: 0.01000	Loss 0.4037 (0.4443)	Prec@1 89.844 (85.177)	Prec@5 100.000 (99.526)
Epoch: [73][230/391], lr: 0.01000	Loss 0.5619 (0.4452)	Prec@1 79.688 (85.129)	Prec@5 98.438 (99.520)
Epoch: [73][240/391], lr: 0.01000	Loss 0.4500 (0.4466)	Prec@1 85.938 (85.127)	Prec@5 100.000 (99.520)
Epoch: [73][250/391], lr: 0.01000	Loss 0.4175 (0.4473)	Prec@1 86.719 (85.150)	Prec@5 98.438 (99.490)
Epoch: [73][260/391], lr: 0.01000	Loss 0.3892 (0.4475)	Prec@1 88.281 (85.159)	Prec@5 100.000 (99.485)
Epoch: [73][270/391], lr: 0.01000	Loss 0.6200 (0.4481)	Prec@1 75.000 (85.162)	Prec@5 97.656 (99.475)
Epoch: [73][280/391], lr: 0.01000	Loss 0.3194 (0.4473)	Prec@1 89.062 (85.173)	Prec@5 100.000 (99.477)
Epoch: [73][290/391], lr: 0.01000	Loss 0.3656 (0.4460)	Prec@1 86.719 (85.207)	Prec@5 100.000 (99.485)
Epoch: [73][300/391], lr: 0.01000	Loss 0.4796 (0.4458)	Prec@1 84.375 (85.193)	Prec@5 97.656 (99.478)
Epoch: [73][310/391], lr: 0.01000	Loss 0.5012 (0.4462)	Prec@1 82.812 (85.181)	Prec@5 98.438 (99.475)
Epoch: [73][320/391], lr: 0.01000	Loss 0.3740 (0.4455)	Prec@1 87.500 (85.178)	Prec@5 100.000 (99.482)
Epoch: [73][330/391], lr: 0.01000	Loss 0.3855 (0.4444)	Prec@1 90.625 (85.239)	Prec@5 99.219 (99.478)
Epoch: [73][340/391], lr: 0.01000	Loss 0.4527 (0.4442)	Prec@1 82.812 (85.250)	Prec@5 99.219 (99.487)
Epoch: [73][350/391], lr: 0.01000	Loss 0.3835 (0.4432)	Prec@1 86.719 (85.265)	Prec@5 100.000 (99.495)
Epoch: [73][360/391], lr: 0.01000	Loss 0.4536 (0.4442)	Prec@1 84.375 (85.243)	Prec@5 100.000 (99.500)
Epoch: [73][370/391], lr: 0.01000	Loss 0.5370 (0.4443)	Prec@1 79.688 (85.238)	Prec@5 100.000 (99.501)
Epoch: [73][380/391], lr: 0.01000	Loss 0.4353 (0.4456)	Prec@1 83.594 (85.173)	Prec@5 99.219 (99.498)
Epoch: [73][390/391], lr: 0.01000	Loss 0.4414 (0.4468)	Prec@1 82.500 (85.142)	Prec@5 100.000 (99.492)
Epoch [73] Training Results: Prec@1 85.142 Prec@5 99.492             Loss 0.44675
Epoch [73] Training Class Recall: [0.715,0.800,0.786,0.827,0.863,0.884,0.903,0.894,0.917,0.925]

Epoch: [74][0/391], lr: 0.01000	Loss 0.3782 (0.3782)	Prec@1 87.500 (87.500)	Prec@5 99.219 (99.219)
Epoch: [74][10/391], lr: 0.01000	Loss 0.5198 (0.4067)	Prec@1 83.594 (86.009)	Prec@5 99.219 (99.361)
Epoch: [74][20/391], lr: 0.01000	Loss 0.4475 (0.4046)	Prec@1 85.938 (86.644)	Prec@5 100.000 (99.405)
Epoch: [74][30/391], lr: 0.01000	Loss 0.3048 (0.4048)	Prec@1 91.406 (86.568)	Prec@5 100.000 (99.446)
Epoch: [74][40/391], lr: 0.01000	Loss 0.4881 (0.4086)	Prec@1 85.156 (86.509)	Prec@5 98.438 (99.428)
Epoch: [74][50/391], lr: 0.01000	Loss 0.4144 (0.4124)	Prec@1 83.594 (86.428)	Prec@5 100.000 (99.433)
Epoch: [74][60/391], lr: 0.01000	Loss 0.3873 (0.4111)	Prec@1 86.719 (86.347)	Prec@5 100.000 (99.488)
Epoch: [74][70/391], lr: 0.01000	Loss 0.4341 (0.4115)	Prec@1 85.156 (86.356)	Prec@5 100.000 (99.516)
Epoch: [74][80/391], lr: 0.01000	Loss 0.5660 (0.4175)	Prec@1 82.812 (86.005)	Prec@5 96.875 (99.450)
Epoch: [74][90/391], lr: 0.01000	Loss 0.4101 (0.4150)	Prec@1 80.469 (86.041)	Prec@5 100.000 (99.433)
Epoch: [74][100/391], lr: 0.01000	Loss 0.4262 (0.4142)	Prec@1 84.375 (86.185)	Prec@5 98.438 (99.443)
Epoch: [74][110/391], lr: 0.01000	Loss 0.3177 (0.4098)	Prec@1 91.406 (86.423)	Prec@5 99.219 (99.423)
Epoch: [74][120/391], lr: 0.01000	Loss 0.4924 (0.4097)	Prec@1 83.594 (86.454)	Prec@5 99.219 (99.432)
Epoch: [74][130/391], lr: 0.01000	Loss 0.4493 (0.4102)	Prec@1 84.375 (86.397)	Prec@5 100.000 (99.457)
Epoch: [74][140/391], lr: 0.01000	Loss 0.4390 (0.4157)	Prec@1 84.375 (86.281)	Prec@5 100.000 (99.463)
Epoch: [74][150/391], lr: 0.01000	Loss 0.4168 (0.4133)	Prec@1 82.812 (86.305)	Prec@5 100.000 (99.488)
Epoch: [74][160/391], lr: 0.01000	Loss 0.5960 (0.4159)	Prec@1 85.156 (86.306)	Prec@5 98.438 (99.476)
Epoch: [74][170/391], lr: 0.01000	Loss 0.4711 (0.4174)	Prec@1 85.938 (86.244)	Prec@5 100.000 (99.493)
Epoch: [74][180/391], lr: 0.01000	Loss 0.5179 (0.4215)	Prec@1 83.594 (86.127)	Prec@5 100.000 (99.482)
Epoch: [74][190/391], lr: 0.01000	Loss 0.5066 (0.4235)	Prec@1 80.469 (85.982)	Prec@5 99.219 (99.497)
Epoch: [74][200/391], lr: 0.01000	Loss 0.4810 (0.4279)	Prec@1 82.812 (85.864)	Prec@5 100.000 (99.491)
Epoch: [74][210/391], lr: 0.01000	Loss 0.4890 (0.4340)	Prec@1 82.812 (85.641)	Prec@5 99.219 (99.489)
Epoch: [74][220/391], lr: 0.01000	Loss 0.3559 (0.4354)	Prec@1 89.062 (85.573)	Prec@5 100.000 (99.491)
Epoch: [74][230/391], lr: 0.01000	Loss 0.2797 (0.4347)	Prec@1 92.188 (85.555)	Prec@5 99.219 (99.496)
Epoch: [74][240/391], lr: 0.01000	Loss 0.4079 (0.4349)	Prec@1 89.062 (85.578)	Prec@5 99.219 (99.491)
Epoch: [74][250/391], lr: 0.01000	Loss 0.4593 (0.4370)	Prec@1 83.594 (85.539)	Prec@5 100.000 (99.490)
Epoch: [74][260/391], lr: 0.01000	Loss 0.3142 (0.4354)	Prec@1 92.188 (85.593)	Prec@5 98.438 (99.488)
Epoch: [74][270/391], lr: 0.01000	Loss 0.3868 (0.4366)	Prec@1 89.062 (85.580)	Prec@5 100.000 (99.487)
Epoch: [74][280/391], lr: 0.01000	Loss 0.5209 (0.4372)	Prec@1 84.375 (85.548)	Prec@5 98.438 (99.494)
Epoch: [74][290/391], lr: 0.01000	Loss 0.3492 (0.4366)	Prec@1 89.062 (85.580)	Prec@5 99.219 (99.501)
Epoch: [74][300/391], lr: 0.01000	Loss 0.6513 (0.4363)	Prec@1 78.125 (85.592)	Prec@5 99.219 (99.507)
Epoch: [74][310/391], lr: 0.01000	Loss 0.7066 (0.4370)	Prec@1 75.000 (85.543)	Prec@5 98.438 (99.503)
Epoch: [74][320/391], lr: 0.01000	Loss 0.3696 (0.4370)	Prec@1 85.938 (85.507)	Prec@5 100.000 (99.496)
Epoch: [74][330/391], lr: 0.01000	Loss 0.4380 (0.4378)	Prec@1 87.500 (85.489)	Prec@5 99.219 (99.502)
Epoch: [74][340/391], lr: 0.01000	Loss 0.4078 (0.4389)	Prec@1 85.156 (85.459)	Prec@5 100.000 (99.507)
Epoch: [74][350/391], lr: 0.01000	Loss 0.3677 (0.4393)	Prec@1 87.500 (85.446)	Prec@5 100.000 (99.513)
Epoch: [74][360/391], lr: 0.01000	Loss 0.4641 (0.4402)	Prec@1 85.156 (85.418)	Prec@5 98.438 (99.500)
Epoch: [74][370/391], lr: 0.01000	Loss 0.3398 (0.4405)	Prec@1 89.844 (85.405)	Prec@5 100.000 (99.505)
Epoch: [74][380/391], lr: 0.01000	Loss 0.4772 (0.4406)	Prec@1 82.031 (85.388)	Prec@5 100.000 (99.506)
Epoch: [74][390/391], lr: 0.01000	Loss 0.4117 (0.4407)	Prec@1 80.000 (85.374)	Prec@5 98.750 (99.498)
Epoch [74] Training Results: Prec@1 85.374 Prec@5 99.498             Loss 0.44069
Epoch [74] Training Class Recall: [0.725,0.808,0.781,0.825,0.867,0.878,0.906,0.903,0.914,0.930]

Epoch: [75][0/391], lr: 0.01000	Loss 0.5944 (0.5944)	Prec@1 78.906 (78.906)	Prec@5 100.000 (100.000)
Epoch: [75][10/391], lr: 0.01000	Loss 0.4656 (0.4860)	Prec@1 84.375 (82.670)	Prec@5 99.219 (99.645)
Epoch: [75][20/391], lr: 0.01000	Loss 0.5165 (0.4995)	Prec@1 84.375 (83.110)	Prec@5 96.875 (99.368)
Epoch: [75][30/391], lr: 0.01000	Loss 0.3248 (0.4754)	Prec@1 89.062 (83.770)	Prec@5 100.000 (99.496)
Epoch: [75][40/391], lr: 0.01000	Loss 0.4380 (0.4620)	Prec@1 83.594 (84.051)	Prec@5 100.000 (99.543)
Epoch: [75][50/391], lr: 0.01000	Loss 0.3909 (0.4534)	Prec@1 84.375 (84.467)	Prec@5 100.000 (99.586)
Epoch: [75][60/391], lr: 0.01000	Loss 0.4390 (0.4465)	Prec@1 85.156 (84.631)	Prec@5 99.219 (99.565)
Epoch: [75][70/391], lr: 0.01000	Loss 0.3820 (0.4374)	Prec@1 86.719 (84.925)	Prec@5 100.000 (99.560)
Epoch: [75][80/391], lr: 0.01000	Loss 0.3616 (0.4282)	Prec@1 90.625 (85.340)	Prec@5 100.000 (99.605)
Epoch: [75][90/391], lr: 0.01000	Loss 0.3338 (0.4246)	Prec@1 91.406 (85.543)	Prec@5 100.000 (99.605)
Epoch: [75][100/391], lr: 0.01000	Loss 0.3786 (0.4191)	Prec@1 86.719 (85.713)	Prec@5 100.000 (99.644)
Epoch: [75][110/391], lr: 0.01000	Loss 0.3272 (0.4152)	Prec@1 88.281 (85.832)	Prec@5 99.219 (99.655)
Epoch: [75][120/391], lr: 0.01000	Loss 0.3491 (0.4149)	Prec@1 89.062 (85.860)	Prec@5 100.000 (99.651)
Epoch: [75][130/391], lr: 0.01000	Loss 0.4822 (0.4164)	Prec@1 84.375 (85.824)	Prec@5 100.000 (99.642)
Epoch: [75][140/391], lr: 0.01000	Loss 0.5395 (0.4163)	Prec@1 76.562 (85.766)	Prec@5 100.000 (99.651)
Epoch: [75][150/391], lr: 0.01000	Loss 0.3479 (0.4191)	Prec@1 87.500 (85.684)	Prec@5 100.000 (99.622)
Epoch: [75][160/391], lr: 0.01000	Loss 0.7394 (0.4195)	Prec@1 76.562 (85.748)	Prec@5 98.438 (99.622)
Epoch: [75][170/391], lr: 0.01000	Loss 0.3767 (0.4214)	Prec@1 87.500 (85.755)	Prec@5 99.219 (99.612)
Epoch: [75][180/391], lr: 0.01000	Loss 0.4744 (0.4212)	Prec@1 85.938 (85.808)	Prec@5 98.438 (99.603)
Epoch: [75][190/391], lr: 0.01000	Loss 0.3443 (0.4205)	Prec@1 86.719 (85.815)	Prec@5 100.000 (99.603)
Epoch: [75][200/391], lr: 0.01000	Loss 0.4448 (0.4221)	Prec@1 89.062 (85.774)	Prec@5 100.000 (99.588)
Epoch: [75][210/391], lr: 0.01000	Loss 0.4102 (0.4204)	Prec@1 85.938 (85.812)	Prec@5 98.438 (99.593)
Epoch: [75][220/391], lr: 0.01000	Loss 0.4883 (0.4224)	Prec@1 84.375 (85.715)	Prec@5 98.438 (99.579)
Epoch: [75][230/391], lr: 0.01000	Loss 0.4258 (0.4243)	Prec@1 85.156 (85.674)	Prec@5 99.219 (99.567)
Epoch: [75][240/391], lr: 0.01000	Loss 0.4365 (0.4259)	Prec@1 88.281 (85.636)	Prec@5 98.438 (99.546)
Epoch: [75][250/391], lr: 0.01000	Loss 0.4054 (0.4260)	Prec@1 83.594 (85.639)	Prec@5 99.219 (99.542)
Epoch: [75][260/391], lr: 0.01000	Loss 0.3510 (0.4279)	Prec@1 86.719 (85.581)	Prec@5 100.000 (99.533)
Epoch: [75][270/391], lr: 0.01000	Loss 0.3645 (0.4298)	Prec@1 91.406 (85.554)	Prec@5 99.219 (99.521)
Epoch: [75][280/391], lr: 0.01000	Loss 0.3878 (0.4311)	Prec@1 88.281 (85.520)	Prec@5 100.000 (99.516)
Epoch: [75][290/391], lr: 0.01000	Loss 0.5781 (0.4329)	Prec@1 81.250 (85.489)	Prec@5 97.656 (99.501)
Epoch: [75][300/391], lr: 0.01000	Loss 0.3745 (0.4322)	Prec@1 87.500 (85.525)	Prec@5 100.000 (99.502)
Epoch: [75][310/391], lr: 0.01000	Loss 0.4353 (0.4315)	Prec@1 87.500 (85.566)	Prec@5 99.219 (99.503)
Epoch: [75][320/391], lr: 0.01000	Loss 0.5114 (0.4324)	Prec@1 82.031 (85.555)	Prec@5 99.219 (99.491)
Epoch: [75][330/391], lr: 0.01000	Loss 0.4053 (0.4311)	Prec@1 90.625 (85.581)	Prec@5 100.000 (99.502)
Epoch: [75][340/391], lr: 0.01000	Loss 0.4717 (0.4308)	Prec@1 82.812 (85.582)	Prec@5 98.438 (99.501)
Epoch: [75][350/391], lr: 0.01000	Loss 0.2320 (0.4293)	Prec@1 92.969 (85.637)	Prec@5 100.000 (99.501)
Epoch: [75][360/391], lr: 0.01000	Loss 0.5359 (0.4286)	Prec@1 88.281 (85.678)	Prec@5 99.219 (99.500)
Epoch: [75][370/391], lr: 0.01000	Loss 0.6218 (0.4304)	Prec@1 81.250 (85.643)	Prec@5 100.000 (99.493)
Epoch: [75][380/391], lr: 0.01000	Loss 0.4777 (0.4306)	Prec@1 87.500 (85.638)	Prec@5 100.000 (99.498)
Epoch: [75][390/391], lr: 0.01000	Loss 0.3984 (0.4314)	Prec@1 88.750 (85.634)	Prec@5 97.500 (99.480)
Epoch [75] Training Results: Prec@1 85.634 Prec@5 99.480             Loss 0.43139
Epoch [75] Training Class Recall: [0.720,0.808,0.779,0.833,0.872,0.889,0.899,0.905,0.926,0.934]

Epoch: [76][0/391], lr: 0.01000	Loss 0.3557 (0.3557)	Prec@1 88.281 (88.281)	Prec@5 100.000 (100.000)
Epoch: [76][10/391], lr: 0.01000	Loss 0.4298 (0.4167)	Prec@1 85.156 (86.222)	Prec@5 99.219 (99.787)
Epoch: [76][20/391], lr: 0.01000	Loss 0.5899 (0.4514)	Prec@1 79.688 (84.859)	Prec@5 99.219 (99.405)
Epoch: [76][30/391], lr: 0.01000	Loss 0.3458 (0.4390)	Prec@1 90.625 (85.282)	Prec@5 100.000 (99.521)
Epoch: [76][40/391], lr: 0.01000	Loss 0.4698 (0.4339)	Prec@1 84.375 (85.499)	Prec@5 99.219 (99.524)
Epoch: [76][50/391], lr: 0.01000	Loss 0.4561 (0.4299)	Prec@1 83.594 (85.646)	Prec@5 98.438 (99.464)
Epoch: [76][60/391], lr: 0.01000	Loss 0.3288 (0.4306)	Prec@1 91.406 (85.630)	Prec@5 99.219 (99.501)
Epoch: [76][70/391], lr: 0.01000	Loss 0.4276 (0.4324)	Prec@1 84.375 (85.486)	Prec@5 100.000 (99.516)
Epoch: [76][80/391], lr: 0.01000	Loss 0.2672 (0.4299)	Prec@1 92.188 (85.648)	Prec@5 99.219 (99.537)
Epoch: [76][90/391], lr: 0.01000	Loss 0.5853 (0.4303)	Prec@1 82.812 (85.714)	Prec@5 99.219 (99.528)
Epoch: [76][100/391], lr: 0.01000	Loss 0.4637 (0.4286)	Prec@1 81.250 (85.667)	Prec@5 100.000 (99.559)
Epoch: [76][110/391], lr: 0.01000	Loss 0.6348 (0.4252)	Prec@1 82.031 (85.804)	Prec@5 100.000 (99.599)
Epoch: [76][120/391], lr: 0.01000	Loss 0.3878 (0.4249)	Prec@1 85.156 (85.815)	Prec@5 100.000 (99.600)
Epoch: [76][130/391], lr: 0.01000	Loss 0.2332 (0.4210)	Prec@1 94.531 (86.003)	Prec@5 100.000 (99.606)
Epoch: [76][140/391], lr: 0.01000	Loss 0.4265 (0.4193)	Prec@1 86.719 (86.070)	Prec@5 100.000 (99.618)
Epoch: [76][150/391], lr: 0.01000	Loss 0.4318 (0.4227)	Prec@1 85.938 (85.984)	Prec@5 99.219 (99.622)
Epoch: [76][160/391], lr: 0.01000	Loss 0.5094 (0.4261)	Prec@1 79.688 (85.918)	Prec@5 100.000 (99.617)
Epoch: [76][170/391], lr: 0.01000	Loss 0.5408 (0.4273)	Prec@1 82.031 (85.915)	Prec@5 97.656 (99.575)
Epoch: [76][180/391], lr: 0.01000	Loss 0.6848 (0.4319)	Prec@1 75.781 (85.748)	Prec@5 99.219 (99.555)
Epoch: [76][190/391], lr: 0.01000	Loss 0.4411 (0.4332)	Prec@1 87.500 (85.672)	Prec@5 100.000 (99.554)
Epoch: [76][200/391], lr: 0.01000	Loss 0.3643 (0.4331)	Prec@1 85.938 (85.669)	Prec@5 100.000 (99.557)
Epoch: [76][210/391], lr: 0.01000	Loss 0.3172 (0.4301)	Prec@1 89.844 (85.778)	Prec@5 99.219 (99.563)
Epoch: [76][220/391], lr: 0.01000	Loss 0.5225 (0.4310)	Prec@1 84.375 (85.775)	Prec@5 100.000 (99.565)
Epoch: [76][230/391], lr: 0.01000	Loss 0.4569 (0.4295)	Prec@1 83.594 (85.772)	Prec@5 99.219 (99.570)
Epoch: [76][240/391], lr: 0.01000	Loss 0.3986 (0.4293)	Prec@1 85.156 (85.772)	Prec@5 100.000 (99.575)
Epoch: [76][250/391], lr: 0.01000	Loss 0.4399 (0.4301)	Prec@1 84.375 (85.745)	Prec@5 100.000 (99.574)
Epoch: [76][260/391], lr: 0.01000	Loss 0.6384 (0.4331)	Prec@1 81.250 (85.662)	Prec@5 97.656 (99.560)
Epoch: [76][270/391], lr: 0.01000	Loss 0.6228 (0.4343)	Prec@1 79.688 (85.600)	Prec@5 98.438 (99.547)
Epoch: [76][280/391], lr: 0.01000	Loss 0.3199 (0.4349)	Prec@1 88.281 (85.626)	Prec@5 100.000 (99.538)
Epoch: [76][290/391], lr: 0.01000	Loss 0.6677 (0.4372)	Prec@1 79.688 (85.529)	Prec@5 97.656 (99.522)
Epoch: [76][300/391], lr: 0.01000	Loss 0.4658 (0.4385)	Prec@1 87.500 (85.514)	Prec@5 98.438 (99.517)
Epoch: [76][310/391], lr: 0.01000	Loss 0.3542 (0.4383)	Prec@1 86.719 (85.495)	Prec@5 99.219 (99.518)
Epoch: [76][320/391], lr: 0.01000	Loss 0.4395 (0.4395)	Prec@1 82.812 (85.404)	Prec@5 100.000 (99.518)
Epoch: [76][330/391], lr: 0.01000	Loss 0.4077 (0.4398)	Prec@1 85.156 (85.376)	Prec@5 100.000 (99.521)
Epoch: [76][340/391], lr: 0.01000	Loss 0.3717 (0.4405)	Prec@1 85.938 (85.378)	Prec@5 100.000 (99.526)
Epoch: [76][350/391], lr: 0.01000	Loss 0.4054 (0.4404)	Prec@1 86.719 (85.374)	Prec@5 99.219 (99.535)
Epoch: [76][360/391], lr: 0.01000	Loss 0.3935 (0.4402)	Prec@1 89.062 (85.422)	Prec@5 99.219 (99.533)
Epoch: [76][370/391], lr: 0.01000	Loss 0.3372 (0.4399)	Prec@1 90.625 (85.430)	Prec@5 99.219 (99.537)
Epoch: [76][380/391], lr: 0.01000	Loss 0.2781 (0.4394)	Prec@1 89.062 (85.427)	Prec@5 100.000 (99.539)
Epoch: [76][390/391], lr: 0.01000	Loss 0.4607 (0.4393)	Prec@1 87.500 (85.424)	Prec@5 98.750 (99.540)
Epoch [76] Training Results: Prec@1 85.424 Prec@5 99.540             Loss 0.43928
Epoch [76] Training Class Recall: [0.721,0.813,0.784,0.831,0.862,0.886,0.905,0.897,0.917,0.925]

Epoch: [77][0/391], lr: 0.01000	Loss 0.3274 (0.3274)	Prec@1 87.500 (87.500)	Prec@5 100.000 (100.000)
Epoch: [77][10/391], lr: 0.01000	Loss 0.2846 (0.3880)	Prec@1 90.625 (86.790)	Prec@5 100.000 (99.787)
Epoch: [77][20/391], lr: 0.01000	Loss 0.3551 (0.4047)	Prec@1 89.062 (86.533)	Prec@5 100.000 (99.740)
Epoch: [77][30/391], lr: 0.01000	Loss 0.3818 (0.4087)	Prec@1 86.719 (86.341)	Prec@5 100.000 (99.723)
Epoch: [77][40/391], lr: 0.01000	Loss 0.4405 (0.4027)	Prec@1 82.031 (86.547)	Prec@5 100.000 (99.638)
Epoch: [77][50/391], lr: 0.01000	Loss 0.4639 (0.4085)	Prec@1 82.812 (86.336)	Prec@5 100.000 (99.617)
Epoch: [77][60/391], lr: 0.01000	Loss 0.4739 (0.4078)	Prec@1 82.812 (86.245)	Prec@5 98.438 (99.616)
Epoch: [77][70/391], lr: 0.01000	Loss 0.4289 (0.4023)	Prec@1 86.719 (86.477)	Prec@5 100.000 (99.626)
Epoch: [77][80/391], lr: 0.01000	Loss 0.4310 (0.4054)	Prec@1 82.812 (86.362)	Prec@5 100.000 (99.595)
Epoch: [77][90/391], lr: 0.01000	Loss 0.4124 (0.4026)	Prec@1 88.281 (86.573)	Prec@5 100.000 (99.596)
Epoch: [77][100/391], lr: 0.01000	Loss 0.3264 (0.4006)	Prec@1 91.406 (86.657)	Prec@5 99.219 (99.598)
Epoch: [77][110/391], lr: 0.01000	Loss 0.4096 (0.4021)	Prec@1 87.500 (86.669)	Prec@5 100.000 (99.592)
Epoch: [77][120/391], lr: 0.01000	Loss 0.2833 (0.4029)	Prec@1 91.406 (86.667)	Prec@5 100.000 (99.593)
Epoch: [77][130/391], lr: 0.01000	Loss 0.3166 (0.4044)	Prec@1 89.844 (86.653)	Prec@5 100.000 (99.600)
Epoch: [77][140/391], lr: 0.01000	Loss 0.3522 (0.4039)	Prec@1 87.500 (86.608)	Prec@5 100.000 (99.612)
Epoch: [77][150/391], lr: 0.01000	Loss 0.3433 (0.4053)	Prec@1 89.844 (86.558)	Prec@5 100.000 (99.633)
Epoch: [77][160/391], lr: 0.01000	Loss 0.3211 (0.4078)	Prec@1 89.062 (86.481)	Prec@5 100.000 (99.622)
Epoch: [77][170/391], lr: 0.01000	Loss 0.3294 (0.4090)	Prec@1 87.500 (86.417)	Prec@5 100.000 (99.625)
Epoch: [77][180/391], lr: 0.01000	Loss 0.5335 (0.4120)	Prec@1 82.812 (86.335)	Prec@5 99.219 (99.624)
Epoch: [77][190/391], lr: 0.01000	Loss 0.5059 (0.4138)	Prec@1 82.031 (86.195)	Prec@5 100.000 (99.620)
Epoch: [77][200/391], lr: 0.01000	Loss 0.2794 (0.4167)	Prec@1 89.844 (86.097)	Prec@5 100.000 (99.615)
Epoch: [77][210/391], lr: 0.01000	Loss 0.4586 (0.4184)	Prec@1 78.906 (86.008)	Prec@5 100.000 (99.608)
Epoch: [77][220/391], lr: 0.01000	Loss 0.4191 (0.4222)	Prec@1 88.281 (85.899)	Prec@5 100.000 (99.604)
Epoch: [77][230/391], lr: 0.01000	Loss 0.5059 (0.4235)	Prec@1 83.594 (85.870)	Prec@5 100.000 (99.598)
Epoch: [77][240/391], lr: 0.01000	Loss 0.4311 (0.4255)	Prec@1 85.156 (85.805)	Prec@5 100.000 (99.592)
Epoch: [77][250/391], lr: 0.01000	Loss 0.5219 (0.4278)	Prec@1 83.594 (85.720)	Prec@5 99.219 (99.589)
Epoch: [77][260/391], lr: 0.01000	Loss 0.4867 (0.4292)	Prec@1 86.719 (85.641)	Prec@5 98.438 (99.581)
Epoch: [77][270/391], lr: 0.01000	Loss 0.3884 (0.4292)	Prec@1 84.375 (85.638)	Prec@5 100.000 (99.576)
Epoch: [77][280/391], lr: 0.01000	Loss 0.5497 (0.4293)	Prec@1 86.719 (85.643)	Prec@5 97.656 (99.563)
Epoch: [77][290/391], lr: 0.01000	Loss 0.4978 (0.4300)	Prec@1 81.250 (85.605)	Prec@5 99.219 (99.565)
Epoch: [77][300/391], lr: 0.01000	Loss 0.4624 (0.4297)	Prec@1 82.812 (85.636)	Prec@5 100.000 (99.569)
Epoch: [77][310/391], lr: 0.01000	Loss 0.3500 (0.4298)	Prec@1 85.938 (85.611)	Prec@5 99.219 (99.573)
Epoch: [77][320/391], lr: 0.01000	Loss 0.5718 (0.4301)	Prec@1 77.344 (85.609)	Prec@5 100.000 (99.572)
Epoch: [77][330/391], lr: 0.01000	Loss 0.4995 (0.4298)	Prec@1 85.938 (85.638)	Prec@5 99.219 (99.559)
Epoch: [77][340/391], lr: 0.01000	Loss 0.4764 (0.4299)	Prec@1 82.812 (85.644)	Prec@5 98.438 (99.542)
Epoch: [77][350/391], lr: 0.01000	Loss 0.4123 (0.4299)	Prec@1 88.281 (85.661)	Prec@5 98.438 (99.544)
Epoch: [77][360/391], lr: 0.01000	Loss 0.3211 (0.4304)	Prec@1 88.281 (85.645)	Prec@5 100.000 (99.539)
Epoch: [77][370/391], lr: 0.01000	Loss 0.2906 (0.4306)	Prec@1 92.188 (85.657)	Prec@5 99.219 (99.537)
Epoch: [77][380/391], lr: 0.01000	Loss 0.3611 (0.4314)	Prec@1 89.062 (85.628)	Prec@5 100.000 (99.535)
Epoch: [77][390/391], lr: 0.01000	Loss 0.5011 (0.4318)	Prec@1 82.500 (85.612)	Prec@5 100.000 (99.538)
Epoch [77] Training Results: Prec@1 85.612 Prec@5 99.538             Loss 0.43181
Epoch [77] Training Class Recall: [0.724,0.814,0.795,0.829,0.866,0.887,0.901,0.901,0.919,0.925]

Epoch: [78][0/391], lr: 0.01000	Loss 0.4024 (0.4024)	Prec@1 84.375 (84.375)	Prec@5 99.219 (99.219)
Epoch: [78][10/391], lr: 0.01000	Loss 0.4376 (0.4470)	Prec@1 85.938 (85.156)	Prec@5 99.219 (99.432)
Epoch: [78][20/391], lr: 0.01000	Loss 0.4353 (0.4541)	Prec@1 85.938 (85.119)	Prec@5 100.000 (99.330)
Epoch: [78][30/391], lr: 0.01000	Loss 0.4584 (0.4367)	Prec@1 82.812 (85.509)	Prec@5 99.219 (99.446)
Epoch: [78][40/391], lr: 0.01000	Loss 0.5817 (0.4412)	Prec@1 82.812 (85.366)	Prec@5 97.656 (99.428)
Epoch: [78][50/391], lr: 0.01000	Loss 0.4226 (0.4356)	Prec@1 85.938 (85.509)	Prec@5 99.219 (99.418)
Epoch: [78][60/391], lr: 0.01000	Loss 0.4909 (0.4306)	Prec@1 82.031 (85.617)	Prec@5 100.000 (99.436)
Epoch: [78][70/391], lr: 0.01000	Loss 0.2378 (0.4250)	Prec@1 94.531 (85.849)	Prec@5 100.000 (99.494)
Epoch: [78][80/391], lr: 0.01000	Loss 0.2359 (0.4269)	Prec@1 92.969 (85.774)	Prec@5 100.000 (99.460)
Epoch: [78][90/391], lr: 0.01000	Loss 0.4074 (0.4264)	Prec@1 85.156 (85.723)	Prec@5 99.219 (99.476)
Epoch: [78][100/391], lr: 0.01000	Loss 0.5456 (0.4264)	Prec@1 82.812 (85.760)	Prec@5 100.000 (99.489)
Epoch: [78][110/391], lr: 0.01000	Loss 0.5781 (0.4257)	Prec@1 82.812 (85.797)	Prec@5 98.438 (99.479)
Epoch: [78][120/391], lr: 0.01000	Loss 0.5314 (0.4241)	Prec@1 79.688 (85.841)	Prec@5 99.219 (99.477)
Epoch: [78][130/391], lr: 0.01000	Loss 0.3280 (0.4243)	Prec@1 90.625 (85.818)	Prec@5 100.000 (99.487)
Epoch: [78][140/391], lr: 0.01000	Loss 0.4024 (0.4229)	Prec@1 87.500 (85.827)	Prec@5 99.219 (99.507)
Epoch: [78][150/391], lr: 0.01000	Loss 0.3196 (0.4224)	Prec@1 90.625 (85.808)	Prec@5 100.000 (99.508)
Epoch: [78][160/391], lr: 0.01000	Loss 0.4237 (0.4228)	Prec@1 84.375 (85.758)	Prec@5 98.438 (99.505)
Epoch: [78][170/391], lr: 0.01000	Loss 0.5812 (0.4243)	Prec@1 81.250 (85.736)	Prec@5 98.438 (99.516)
Epoch: [78][180/391], lr: 0.01000	Loss 0.4360 (0.4296)	Prec@1 85.938 (85.648)	Prec@5 100.000 (99.469)
Epoch: [78][190/391], lr: 0.01000	Loss 0.6505 (0.4331)	Prec@1 81.250 (85.586)	Prec@5 99.219 (99.481)
Epoch: [78][200/391], lr: 0.01000	Loss 0.4040 (0.4328)	Prec@1 85.156 (85.537)	Prec@5 99.219 (99.479)
Epoch: [78][210/391], lr: 0.01000	Loss 0.4727 (0.4339)	Prec@1 82.031 (85.512)	Prec@5 100.000 (99.478)
Epoch: [78][220/391], lr: 0.01000	Loss 0.2153 (0.4322)	Prec@1 93.750 (85.542)	Prec@5 100.000 (99.480)
Epoch: [78][230/391], lr: 0.01000	Loss 0.3786 (0.4324)	Prec@1 91.406 (85.572)	Prec@5 99.219 (99.476)
Epoch: [78][240/391], lr: 0.01000	Loss 0.3779 (0.4316)	Prec@1 86.719 (85.597)	Prec@5 100.000 (99.485)
Epoch: [78][250/391], lr: 0.01000	Loss 0.4130 (0.4323)	Prec@1 88.281 (85.567)	Prec@5 99.219 (99.486)
Epoch: [78][260/391], lr: 0.01000	Loss 0.3292 (0.4318)	Prec@1 90.625 (85.623)	Prec@5 100.000 (99.482)
Epoch: [78][270/391], lr: 0.01000	Loss 0.3704 (0.4317)	Prec@1 88.281 (85.638)	Prec@5 100.000 (99.496)
Epoch: [78][280/391], lr: 0.01000	Loss 0.3591 (0.4298)	Prec@1 89.062 (85.701)	Prec@5 100.000 (99.500)
Epoch: [78][290/391], lr: 0.01000	Loss 0.5508 (0.4306)	Prec@1 82.812 (85.680)	Prec@5 99.219 (99.495)
Epoch: [78][300/391], lr: 0.01000	Loss 0.4493 (0.4312)	Prec@1 83.594 (85.688)	Prec@5 100.000 (99.496)
Epoch: [78][310/391], lr: 0.01000	Loss 0.3316 (0.4315)	Prec@1 86.719 (85.644)	Prec@5 100.000 (99.498)
Epoch: [78][320/391], lr: 0.01000	Loss 0.5422 (0.4319)	Prec@1 81.250 (85.585)	Prec@5 98.438 (99.499)
Epoch: [78][330/391], lr: 0.01000	Loss 0.3660 (0.4302)	Prec@1 89.844 (85.645)	Prec@5 100.000 (99.502)
Epoch: [78][340/391], lr: 0.01000	Loss 0.5273 (0.4312)	Prec@1 83.594 (85.592)	Prec@5 100.000 (99.507)
Epoch: [78][350/391], lr: 0.01000	Loss 0.4997 (0.4312)	Prec@1 83.594 (85.613)	Prec@5 98.438 (99.510)
Epoch: [78][360/391], lr: 0.01000	Loss 0.4377 (0.4328)	Prec@1 87.500 (85.567)	Prec@5 99.219 (99.515)
Epoch: [78][370/391], lr: 0.01000	Loss 0.4694 (0.4331)	Prec@1 83.594 (85.552)	Prec@5 99.219 (99.520)
Epoch: [78][380/391], lr: 0.01000	Loss 0.4167 (0.4342)	Prec@1 87.500 (85.513)	Prec@5 100.000 (99.514)
Epoch: [78][390/391], lr: 0.01000	Loss 0.3781 (0.4339)	Prec@1 90.000 (85.542)	Prec@5 98.750 (99.516)
Epoch [78] Training Results: Prec@1 85.542 Prec@5 99.516             Loss 0.43392
Epoch [78] Training Class Recall: [0.723,0.805,0.785,0.836,0.871,0.886,0.900,0.900,0.922,0.926]

Epoch: [79][0/391], lr: 0.01000	Loss 0.3832 (0.3832)	Prec@1 89.062 (89.062)	Prec@5 99.219 (99.219)
Epoch: [79][10/391], lr: 0.01000	Loss 0.3881 (0.4372)	Prec@1 89.844 (86.222)	Prec@5 99.219 (99.219)
Epoch: [79][20/391], lr: 0.01000	Loss 0.4561 (0.4274)	Prec@1 83.594 (86.012)	Prec@5 100.000 (99.405)
Epoch: [79][30/391], lr: 0.01000	Loss 0.4222 (0.4215)	Prec@1 84.375 (86.416)	Prec@5 100.000 (99.446)
Epoch: [79][40/391], lr: 0.01000	Loss 0.3891 (0.4162)	Prec@1 89.844 (86.566)	Prec@5 98.438 (99.466)
Epoch: [79][50/391], lr: 0.01000	Loss 0.4162 (0.4097)	Prec@1 83.594 (86.703)	Prec@5 100.000 (99.479)
Epoch: [79][60/391], lr: 0.01000	Loss 0.4185 (0.4049)	Prec@1 85.156 (86.732)	Prec@5 100.000 (99.526)
Epoch: [79][70/391], lr: 0.01000	Loss 0.4237 (0.4043)	Prec@1 87.500 (86.851)	Prec@5 100.000 (99.527)
Epoch: [79][80/391], lr: 0.01000	Loss 0.4523 (0.4067)	Prec@1 84.375 (86.709)	Prec@5 100.000 (99.518)
Epoch: [79][90/391], lr: 0.01000	Loss 0.3571 (0.4104)	Prec@1 89.062 (86.496)	Prec@5 99.219 (99.493)
Epoch: [79][100/391], lr: 0.01000	Loss 0.4424 (0.4181)	Prec@1 85.156 (86.293)	Prec@5 99.219 (99.505)
Epoch: [79][110/391], lr: 0.01000	Loss 0.4629 (0.4213)	Prec@1 86.719 (86.128)	Prec@5 99.219 (99.507)
Epoch: [79][120/391], lr: 0.01000	Loss 0.5094 (0.4275)	Prec@1 82.812 (85.950)	Prec@5 99.219 (99.432)
Epoch: [79][130/391], lr: 0.01000	Loss 0.4783 (0.4296)	Prec@1 89.062 (85.878)	Prec@5 98.438 (99.457)
Epoch: [79][140/391], lr: 0.01000	Loss 0.3016 (0.4287)	Prec@1 89.844 (85.882)	Prec@5 100.000 (99.463)
Epoch: [79][150/391], lr: 0.01000	Loss 0.3431 (0.4305)	Prec@1 86.719 (85.803)	Prec@5 100.000 (99.452)
Epoch: [79][160/391], lr: 0.01000	Loss 0.3045 (0.4305)	Prec@1 87.500 (85.777)	Prec@5 100.000 (99.457)
Epoch: [79][170/391], lr: 0.01000	Loss 0.4392 (0.4323)	Prec@1 82.812 (85.682)	Prec@5 100.000 (99.452)
Epoch: [79][180/391], lr: 0.01000	Loss 0.3961 (0.4336)	Prec@1 86.719 (85.566)	Prec@5 100.000 (99.448)
Epoch: [79][190/391], lr: 0.01000	Loss 0.4321 (0.4321)	Prec@1 84.375 (85.573)	Prec@5 100.000 (99.460)
Epoch: [79][200/391], lr: 0.01000	Loss 0.3228 (0.4313)	Prec@1 88.281 (85.588)	Prec@5 100.000 (99.460)
Epoch: [79][210/391], lr: 0.01000	Loss 0.4279 (0.4288)	Prec@1 85.156 (85.693)	Prec@5 99.219 (99.459)
Epoch: [79][220/391], lr: 0.01000	Loss 0.5722 (0.4302)	Prec@1 84.375 (85.662)	Prec@5 98.438 (99.459)
Epoch: [79][230/391], lr: 0.01000	Loss 0.3960 (0.4287)	Prec@1 86.719 (85.724)	Prec@5 100.000 (99.455)
Epoch: [79][240/391], lr: 0.01000	Loss 0.3389 (0.4288)	Prec@1 89.062 (85.733)	Prec@5 100.000 (99.446)
Epoch: [79][250/391], lr: 0.01000	Loss 0.4009 (0.4277)	Prec@1 82.812 (85.745)	Prec@5 98.438 (99.446)
Epoch: [79][260/391], lr: 0.01000	Loss 0.3908 (0.4283)	Prec@1 87.500 (85.740)	Prec@5 100.000 (99.443)
Epoch: [79][270/391], lr: 0.01000	Loss 0.5043 (0.4296)	Prec@1 83.594 (85.701)	Prec@5 100.000 (99.426)
Epoch: [79][280/391], lr: 0.01000	Loss 0.6119 (0.4313)	Prec@1 77.344 (85.632)	Prec@5 100.000 (99.433)
Epoch: [79][290/391], lr: 0.01000	Loss 0.4229 (0.4340)	Prec@1 88.281 (85.567)	Prec@5 99.219 (99.431)
Epoch: [79][300/391], lr: 0.01000	Loss 0.3472 (0.4363)	Prec@1 89.844 (85.501)	Prec@5 99.219 (99.437)
Epoch: [79][310/391], lr: 0.01000	Loss 0.4485 (0.4370)	Prec@1 80.469 (85.443)	Prec@5 100.000 (99.440)
Epoch: [79][320/391], lr: 0.01000	Loss 0.5978 (0.4382)	Prec@1 79.688 (85.385)	Prec@5 100.000 (99.443)
Epoch: [79][330/391], lr: 0.01000	Loss 0.5146 (0.4404)	Prec@1 83.594 (85.288)	Prec@5 99.219 (99.443)
Epoch: [79][340/391], lr: 0.01000	Loss 0.5697 (0.4414)	Prec@1 79.688 (85.255)	Prec@5 97.656 (99.432)
Epoch: [79][350/391], lr: 0.01000	Loss 0.5187 (0.4426)	Prec@1 79.688 (85.205)	Prec@5 98.438 (99.432)
Epoch: [79][360/391], lr: 0.01000	Loss 0.5026 (0.4443)	Prec@1 85.156 (85.167)	Prec@5 98.438 (99.427)
Epoch: [79][370/391], lr: 0.01000	Loss 0.4224 (0.4444)	Prec@1 84.375 (85.158)	Prec@5 100.000 (99.434)
Epoch: [79][380/391], lr: 0.01000	Loss 0.2383 (0.4432)	Prec@1 95.312 (85.218)	Prec@5 100.000 (99.440)
Epoch: [79][390/391], lr: 0.01000	Loss 0.3451 (0.4421)	Prec@1 90.000 (85.244)	Prec@5 100.000 (99.448)
Epoch [79] Training Results: Prec@1 85.244 Prec@5 99.448             Loss 0.44207
Epoch [79] Training Class Recall: [0.714,0.814,0.782,0.821,0.866,0.878,0.897,0.906,0.917,0.930]

Epoch: [80][0/391], lr: 0.01000	Loss 0.3723 (0.3723)	Prec@1 89.062 (89.062)	Prec@5 100.000 (100.000)
Epoch: [80][10/391], lr: 0.01000	Loss 0.3465 (0.3652)	Prec@1 89.062 (87.713)	Prec@5 99.219 (99.645)
Epoch: [80][20/391], lr: 0.01000	Loss 0.4483 (0.3728)	Prec@1 88.281 (87.649)	Prec@5 99.219 (99.665)
Epoch: [80][30/391], lr: 0.01000	Loss 0.3180 (0.3805)	Prec@1 89.062 (87.324)	Prec@5 100.000 (99.572)
Epoch: [80][40/391], lr: 0.01000	Loss 0.4096 (0.3732)	Prec@1 82.812 (87.424)	Prec@5 98.438 (99.562)
Epoch: [80][50/391], lr: 0.01000	Loss 0.3207 (0.3767)	Prec@1 88.281 (87.316)	Prec@5 100.000 (99.602)
Epoch: [80][60/391], lr: 0.01000	Loss 0.4456 (0.3743)	Prec@1 85.938 (87.333)	Prec@5 100.000 (99.629)
Epoch: [80][70/391], lr: 0.01000	Loss 0.4852 (0.3877)	Prec@1 82.812 (86.895)	Prec@5 99.219 (99.604)
Epoch: [80][80/391], lr: 0.01000	Loss 0.2873 (0.3858)	Prec@1 92.188 (86.931)	Prec@5 100.000 (99.643)
Epoch: [80][90/391], lr: 0.01000	Loss 0.3375 (0.3889)	Prec@1 88.281 (86.856)	Prec@5 100.000 (99.648)
Epoch: [80][100/391], lr: 0.01000	Loss 0.2729 (0.3857)	Prec@1 90.625 (86.959)	Prec@5 100.000 (99.660)
Epoch: [80][110/391], lr: 0.01000	Loss 0.4025 (0.3902)	Prec@1 85.156 (86.803)	Prec@5 100.000 (99.669)
Epoch: [80][120/391], lr: 0.01000	Loss 0.4299 (0.3968)	Prec@1 83.594 (86.641)	Prec@5 99.219 (99.651)
Epoch: [80][130/391], lr: 0.01000	Loss 0.4212 (0.3949)	Prec@1 85.938 (86.743)	Prec@5 99.219 (99.666)
Epoch: [80][140/391], lr: 0.01000	Loss 0.4300 (0.3985)	Prec@1 87.500 (86.647)	Prec@5 100.000 (99.651)
Epoch: [80][150/391], lr: 0.01000	Loss 0.6488 (0.4030)	Prec@1 86.719 (86.589)	Prec@5 98.438 (99.638)
Epoch: [80][160/391], lr: 0.01000	Loss 0.4302 (0.4074)	Prec@1 84.375 (86.442)	Prec@5 100.000 (99.622)
Epoch: [80][170/391], lr: 0.01000	Loss 0.5132 (0.4119)	Prec@1 83.594 (86.271)	Prec@5 99.219 (99.616)
Epoch: [80][180/391], lr: 0.01000	Loss 0.3714 (0.4139)	Prec@1 87.500 (86.188)	Prec@5 99.219 (99.607)
Epoch: [80][190/391], lr: 0.01000	Loss 0.5486 (0.4162)	Prec@1 78.125 (86.105)	Prec@5 100.000 (99.587)
Epoch: [80][200/391], lr: 0.01000	Loss 0.4297 (0.4178)	Prec@1 85.938 (86.023)	Prec@5 98.438 (99.584)
Epoch: [80][210/391], lr: 0.01000	Loss 0.4237 (0.4185)	Prec@1 88.281 (85.952)	Prec@5 100.000 (99.571)
Epoch: [80][220/391], lr: 0.01000	Loss 0.4901 (0.4178)	Prec@1 82.812 (85.955)	Prec@5 100.000 (99.576)
Epoch: [80][230/391], lr: 0.01000	Loss 0.4175 (0.4175)	Prec@1 84.375 (85.985)	Prec@5 99.219 (99.577)
Epoch: [80][240/391], lr: 0.01000	Loss 0.3542 (0.4176)	Prec@1 88.281 (85.999)	Prec@5 100.000 (99.588)
Epoch: [80][250/391], lr: 0.01000	Loss 0.5666 (0.4184)	Prec@1 83.594 (86.006)	Prec@5 100.000 (99.589)
Epoch: [80][260/391], lr: 0.01000	Loss 0.3921 (0.4176)	Prec@1 85.938 (86.057)	Prec@5 99.219 (99.590)
Epoch: [80][270/391], lr: 0.01000	Loss 0.3730 (0.4189)	Prec@1 87.500 (86.015)	Prec@5 100.000 (99.585)
Epoch: [80][280/391], lr: 0.01000	Loss 0.4394 (0.4204)	Prec@1 85.938 (85.951)	Prec@5 100.000 (99.586)
Epoch: [80][290/391], lr: 0.01000	Loss 0.5134 (0.4205)	Prec@1 82.031 (85.964)	Prec@5 98.438 (99.578)
Epoch: [80][300/391], lr: 0.01000	Loss 0.3759 (0.4204)	Prec@1 87.500 (85.989)	Prec@5 100.000 (99.577)
Epoch: [80][310/391], lr: 0.01000	Loss 0.5472 (0.4204)	Prec@1 82.812 (85.985)	Prec@5 99.219 (99.580)
Epoch: [80][320/391], lr: 0.01000	Loss 0.3459 (0.4213)	Prec@1 89.062 (85.981)	Prec@5 99.219 (99.577)
Epoch: [80][330/391], lr: 0.01000	Loss 0.3529 (0.4213)	Prec@1 88.281 (85.978)	Prec@5 100.000 (99.578)
Epoch: [80][340/391], lr: 0.01000	Loss 0.3513 (0.4207)	Prec@1 85.938 (85.995)	Prec@5 100.000 (99.574)
Epoch: [80][350/391], lr: 0.01000	Loss 0.3277 (0.4196)	Prec@1 88.281 (86.040)	Prec@5 99.219 (99.579)
Epoch: [80][360/391], lr: 0.01000	Loss 0.3574 (0.4179)	Prec@1 88.281 (86.078)	Prec@5 100.000 (99.578)
Epoch: [80][370/391], lr: 0.01000	Loss 0.3598 (0.4185)	Prec@1 88.281 (86.068)	Prec@5 99.219 (99.570)
Epoch: [80][380/391], lr: 0.01000	Loss 0.5497 (0.4184)	Prec@1 82.812 (86.081)	Prec@5 99.219 (99.576)
Epoch: [80][390/391], lr: 0.01000	Loss 0.4488 (0.4188)	Prec@1 86.250 (86.078)	Prec@5 98.750 (99.572)
Epoch [80] Training Results: Prec@1 86.078 Prec@5 99.572             Loss 0.41883
Epoch [80] Training Class Recall: [0.728,0.810,0.794,0.836,0.875,0.890,0.904,0.907,0.926,0.937]

Epoch: [81][0/391], lr: 0.01000	Loss 0.4454 (0.4454)	Prec@1 86.719 (86.719)	Prec@5 99.219 (99.219)
Epoch: [81][10/391], lr: 0.01000	Loss 0.4375 (0.4283)	Prec@1 83.594 (85.866)	Prec@5 100.000 (99.574)
Epoch: [81][20/391], lr: 0.01000	Loss 0.4698 (0.4150)	Prec@1 86.719 (86.272)	Prec@5 100.000 (99.591)
Epoch: [81][30/391], lr: 0.01000	Loss 0.5489 (0.4052)	Prec@1 82.812 (86.593)	Prec@5 100.000 (99.647)
Epoch: [81][40/391], lr: 0.01000	Loss 0.3183 (0.4105)	Prec@1 90.625 (86.300)	Prec@5 100.000 (99.581)
Epoch: [81][50/391], lr: 0.01000	Loss 0.3667 (0.4180)	Prec@1 85.938 (85.907)	Prec@5 99.219 (99.525)
Epoch: [81][60/391], lr: 0.01000	Loss 0.4055 (0.4210)	Prec@1 85.938 (85.873)	Prec@5 99.219 (99.539)
Epoch: [81][70/391], lr: 0.01000	Loss 0.4978 (0.4220)	Prec@1 88.281 (85.960)	Prec@5 98.438 (99.527)
Epoch: [81][80/391], lr: 0.01000	Loss 0.3388 (0.4205)	Prec@1 92.188 (86.101)	Prec@5 98.438 (99.527)
Epoch: [81][90/391], lr: 0.01000	Loss 0.4162 (0.4258)	Prec@1 87.500 (85.731)	Prec@5 100.000 (99.511)
Epoch: [81][100/391], lr: 0.01000	Loss 0.5584 (0.4288)	Prec@1 82.031 (85.659)	Prec@5 99.219 (99.520)
Epoch: [81][110/391], lr: 0.01000	Loss 0.4333 (0.4326)	Prec@1 85.156 (85.508)	Prec@5 100.000 (99.543)
Epoch: [81][120/391], lr: 0.01000	Loss 0.4311 (0.4350)	Prec@1 84.375 (85.421)	Prec@5 99.219 (99.548)
Epoch: [81][130/391], lr: 0.01000	Loss 0.4231 (0.4353)	Prec@1 89.062 (85.401)	Prec@5 100.000 (99.541)
Epoch: [81][140/391], lr: 0.01000	Loss 0.3944 (0.4329)	Prec@1 86.719 (85.505)	Prec@5 99.219 (99.501)
Epoch: [81][150/391], lr: 0.01000	Loss 0.3827 (0.4307)	Prec@1 86.719 (85.679)	Prec@5 99.219 (99.514)
Epoch: [81][160/391], lr: 0.01000	Loss 0.3126 (0.4289)	Prec@1 87.500 (85.768)	Prec@5 100.000 (99.505)
Epoch: [81][170/391], lr: 0.01000	Loss 0.3822 (0.4271)	Prec@1 86.719 (85.759)	Prec@5 99.219 (99.507)
Epoch: [81][180/391], lr: 0.01000	Loss 0.2540 (0.4268)	Prec@1 95.312 (85.795)	Prec@5 100.000 (99.512)
Epoch: [81][190/391], lr: 0.01000	Loss 0.3993 (0.4253)	Prec@1 85.938 (85.888)	Prec@5 100.000 (99.530)
Epoch: [81][200/391], lr: 0.01000	Loss 0.5123 (0.4251)	Prec@1 82.031 (85.852)	Prec@5 100.000 (99.537)
Epoch: [81][210/391], lr: 0.01000	Loss 0.3782 (0.4240)	Prec@1 86.719 (85.915)	Prec@5 97.656 (99.519)
Epoch: [81][220/391], lr: 0.01000	Loss 0.4362 (0.4232)	Prec@1 85.938 (85.899)	Prec@5 99.219 (99.526)
Epoch: [81][230/391], lr: 0.01000	Loss 0.5031 (0.4221)	Prec@1 85.156 (85.917)	Prec@5 98.438 (99.520)
Epoch: [81][240/391], lr: 0.01000	Loss 0.4139 (0.4219)	Prec@1 87.500 (85.963)	Prec@5 100.000 (99.530)
Epoch: [81][250/391], lr: 0.01000	Loss 0.4088 (0.4229)	Prec@1 86.719 (85.928)	Prec@5 99.219 (99.533)
Epoch: [81][260/391], lr: 0.01000	Loss 0.3928 (0.4238)	Prec@1 86.719 (85.902)	Prec@5 99.219 (99.536)
Epoch: [81][270/391], lr: 0.01000	Loss 0.6352 (0.4280)	Prec@1 78.906 (85.762)	Prec@5 100.000 (99.519)
Epoch: [81][280/391], lr: 0.01000	Loss 0.4486 (0.4315)	Prec@1 85.938 (85.682)	Prec@5 97.656 (99.494)
Epoch: [81][290/391], lr: 0.01000	Loss 0.6043 (0.4349)	Prec@1 82.031 (85.575)	Prec@5 100.000 (99.493)
Epoch: [81][300/391], lr: 0.01000	Loss 0.6368 (0.4368)	Prec@1 78.906 (85.496)	Prec@5 98.438 (99.489)
Epoch: [81][310/391], lr: 0.01000	Loss 0.6209 (0.4396)	Prec@1 81.250 (85.405)	Prec@5 99.219 (99.490)
Epoch: [81][320/391], lr: 0.01000	Loss 0.6495 (0.4410)	Prec@1 78.125 (85.383)	Prec@5 97.656 (99.477)
Epoch: [81][330/391], lr: 0.01000	Loss 0.4821 (0.4401)	Prec@1 85.156 (85.435)	Prec@5 99.219 (99.481)
Epoch: [81][340/391], lr: 0.01000	Loss 0.4268 (0.4398)	Prec@1 85.938 (85.438)	Prec@5 100.000 (99.478)
Epoch: [81][350/391], lr: 0.01000	Loss 0.2545 (0.4384)	Prec@1 89.844 (85.479)	Prec@5 100.000 (99.488)
Epoch: [81][360/391], lr: 0.01000	Loss 0.4792 (0.4389)	Prec@1 84.375 (85.461)	Prec@5 100.000 (99.481)
Epoch: [81][370/391], lr: 0.01000	Loss 0.3837 (0.4370)	Prec@1 83.594 (85.525)	Prec@5 99.219 (99.484)
Epoch: [81][380/391], lr: 0.01000	Loss 0.4841 (0.4369)	Prec@1 83.594 (85.523)	Prec@5 99.219 (99.487)
Epoch: [81][390/391], lr: 0.01000	Loss 0.2487 (0.4361)	Prec@1 91.250 (85.548)	Prec@5 100.000 (99.492)
Epoch [81] Training Results: Prec@1 85.548 Prec@5 99.492             Loss 0.43613
Epoch [81] Training Class Recall: [0.717,0.807,0.787,0.834,0.876,0.879,0.903,0.900,0.923,0.929]

Epoch: [82][0/391], lr: 0.01000	Loss 0.3358 (0.3358)	Prec@1 88.281 (88.281)	Prec@5 99.219 (99.219)
Epoch: [82][10/391], lr: 0.01000	Loss 0.5338 (0.3890)	Prec@1 85.156 (87.713)	Prec@5 99.219 (99.148)
Epoch: [82][20/391], lr: 0.01000	Loss 0.3395 (0.3889)	Prec@1 90.625 (87.202)	Prec@5 100.000 (99.516)
Epoch: [82][30/391], lr: 0.01000	Loss 0.4014 (0.3826)	Prec@1 89.844 (87.626)	Prec@5 98.438 (99.572)
Epoch: [82][40/391], lr: 0.01000	Loss 0.4197 (0.3926)	Prec@1 84.375 (87.138)	Prec@5 98.438 (99.524)
Epoch: [82][50/391], lr: 0.01000	Loss 0.2743 (0.3845)	Prec@1 91.406 (87.362)	Prec@5 100.000 (99.586)
Epoch: [82][60/391], lr: 0.01000	Loss 0.4074 (0.3866)	Prec@1 86.719 (87.423)	Prec@5 100.000 (99.590)
Epoch: [82][70/391], lr: 0.01000	Loss 0.3306 (0.3907)	Prec@1 90.625 (87.225)	Prec@5 100.000 (99.560)
Epoch: [82][80/391], lr: 0.01000	Loss 0.4433 (0.3924)	Prec@1 82.031 (87.037)	Prec@5 99.219 (99.547)
Epoch: [82][90/391], lr: 0.01000	Loss 0.3591 (0.3958)	Prec@1 90.625 (87.096)	Prec@5 100.000 (99.545)
Epoch: [82][100/391], lr: 0.01000	Loss 0.2894 (0.3961)	Prec@1 94.531 (87.098)	Prec@5 100.000 (99.536)
Epoch: [82][110/391], lr: 0.01000	Loss 0.4879 (0.3948)	Prec@1 84.375 (87.120)	Prec@5 100.000 (99.521)
Epoch: [82][120/391], lr: 0.01000	Loss 0.5088 (0.3953)	Prec@1 77.344 (86.990)	Prec@5 99.219 (99.503)
Epoch: [82][130/391], lr: 0.01000	Loss 0.5677 (0.3978)	Prec@1 85.156 (86.916)	Prec@5 99.219 (99.517)
Epoch: [82][140/391], lr: 0.01000	Loss 0.4805 (0.3989)	Prec@1 88.281 (86.852)	Prec@5 96.875 (99.490)
Epoch: [82][150/391], lr: 0.01000	Loss 0.5534 (0.4013)	Prec@1 79.688 (86.688)	Prec@5 100.000 (99.498)
Epoch: [82][160/391], lr: 0.01000	Loss 0.5958 (0.4081)	Prec@1 83.594 (86.515)	Prec@5 99.219 (99.505)
Epoch: [82][170/391], lr: 0.01000	Loss 0.3741 (0.4096)	Prec@1 87.500 (86.495)	Prec@5 100.000 (99.525)
Epoch: [82][180/391], lr: 0.01000	Loss 0.3876 (0.4109)	Prec@1 86.719 (86.486)	Prec@5 100.000 (99.530)
Epoch: [82][190/391], lr: 0.01000	Loss 0.5382 (0.4144)	Prec@1 80.469 (86.326)	Prec@5 99.219 (99.521)
Epoch: [82][200/391], lr: 0.01000	Loss 0.6546 (0.4178)	Prec@1 82.031 (86.225)	Prec@5 99.219 (99.514)
Epoch: [82][210/391], lr: 0.01000	Loss 0.3124 (0.4169)	Prec@1 91.406 (86.330)	Prec@5 100.000 (99.522)
Epoch: [82][220/391], lr: 0.01000	Loss 0.5185 (0.4189)	Prec@1 82.031 (86.234)	Prec@5 100.000 (99.523)
Epoch: [82][230/391], lr: 0.01000	Loss 0.5193 (0.4179)	Prec@1 81.250 (86.232)	Prec@5 99.219 (99.523)
Epoch: [82][240/391], lr: 0.01000	Loss 0.3688 (0.4156)	Prec@1 87.500 (86.314)	Prec@5 100.000 (99.527)
Epoch: [82][250/391], lr: 0.01000	Loss 0.5414 (0.4152)	Prec@1 82.031 (86.305)	Prec@5 99.219 (99.530)
Epoch: [82][260/391], lr: 0.01000	Loss 0.4785 (0.4157)	Prec@1 85.938 (86.300)	Prec@5 99.219 (99.530)
Epoch: [82][270/391], lr: 0.01000	Loss 0.3838 (0.4171)	Prec@1 89.062 (86.237)	Prec@5 100.000 (99.530)
Epoch: [82][280/391], lr: 0.01000	Loss 0.4311 (0.4168)	Prec@1 85.156 (86.213)	Prec@5 99.219 (99.533)
Epoch: [82][290/391], lr: 0.01000	Loss 0.3693 (0.4161)	Prec@1 87.500 (86.211)	Prec@5 100.000 (99.536)
Epoch: [82][300/391], lr: 0.01000	Loss 0.4652 (0.4158)	Prec@1 87.500 (86.233)	Prec@5 100.000 (99.535)
Epoch: [82][310/391], lr: 0.01000	Loss 0.3407 (0.4153)	Prec@1 89.844 (86.279)	Prec@5 100.000 (99.525)
Epoch: [82][320/391], lr: 0.01000	Loss 0.3155 (0.4147)	Prec@1 90.625 (86.295)	Prec@5 100.000 (99.530)
Epoch: [82][330/391], lr: 0.01000	Loss 0.4819 (0.4150)	Prec@1 85.938 (86.249)	Prec@5 98.438 (99.526)
Epoch: [82][340/391], lr: 0.01000	Loss 0.3749 (0.4157)	Prec@1 86.719 (86.201)	Prec@5 100.000 (99.533)
Epoch: [82][350/391], lr: 0.01000	Loss 0.3122 (0.4148)	Prec@1 89.844 (86.238)	Prec@5 100.000 (99.537)
Epoch: [82][360/391], lr: 0.01000	Loss 0.5132 (0.4162)	Prec@1 86.719 (86.219)	Prec@5 100.000 (99.539)
Epoch: [82][370/391], lr: 0.01000	Loss 0.3739 (0.4156)	Prec@1 85.938 (86.241)	Prec@5 99.219 (99.537)
Epoch: [82][380/391], lr: 0.01000	Loss 0.3552 (0.4164)	Prec@1 85.156 (86.214)	Prec@5 100.000 (99.539)
Epoch: [82][390/391], lr: 0.01000	Loss 0.4351 (0.4159)	Prec@1 85.000 (86.236)	Prec@5 98.750 (99.544)
Epoch [82] Training Results: Prec@1 86.236 Prec@5 99.544             Loss 0.41594
Epoch [82] Training Class Recall: [0.725,0.814,0.795,0.841,0.871,0.900,0.915,0.908,0.927,0.929]

Epoch: [83][0/391], lr: 0.01000	Loss 0.3065 (0.3065)	Prec@1 87.500 (87.500)	Prec@5 100.000 (100.000)
Epoch: [83][10/391], lr: 0.01000	Loss 0.3306 (0.3919)	Prec@1 87.500 (86.790)	Prec@5 99.219 (99.503)
Epoch: [83][20/391], lr: 0.01000	Loss 0.3049 (0.3964)	Prec@1 89.844 (86.868)	Prec@5 100.000 (99.442)
Epoch: [83][30/391], lr: 0.01000	Loss 0.3170 (0.4029)	Prec@1 87.500 (86.643)	Prec@5 99.219 (99.395)
Epoch: [83][40/391], lr: 0.01000	Loss 0.4608 (0.4154)	Prec@1 82.812 (86.261)	Prec@5 99.219 (99.371)
Epoch: [83][50/391], lr: 0.01000	Loss 0.4892 (0.4128)	Prec@1 82.812 (86.474)	Prec@5 100.000 (99.403)
Epoch: [83][60/391], lr: 0.01000	Loss 0.4126 (0.4192)	Prec@1 87.500 (86.245)	Prec@5 100.000 (99.436)
Epoch: [83][70/391], lr: 0.01000	Loss 0.4084 (0.4263)	Prec@1 86.719 (86.004)	Prec@5 100.000 (99.472)
Epoch: [83][80/391], lr: 0.01000	Loss 0.3517 (0.4260)	Prec@1 89.062 (86.063)	Prec@5 100.000 (99.518)
Epoch: [83][90/391], lr: 0.01000	Loss 0.4769 (0.4275)	Prec@1 89.062 (86.032)	Prec@5 98.438 (99.511)
Epoch: [83][100/391], lr: 0.01000	Loss 0.4544 (0.4261)	Prec@1 86.719 (86.030)	Prec@5 98.438 (99.497)
Epoch: [83][110/391], lr: 0.01000	Loss 0.4601 (0.4237)	Prec@1 83.594 (86.022)	Prec@5 99.219 (99.486)
Epoch: [83][120/391], lr: 0.01000	Loss 0.3988 (0.4177)	Prec@1 91.406 (86.299)	Prec@5 99.219 (99.503)
Epoch: [83][130/391], lr: 0.01000	Loss 0.3852 (0.4141)	Prec@1 89.062 (86.450)	Prec@5 99.219 (99.511)
Epoch: [83][140/391], lr: 0.01000	Loss 0.3829 (0.4142)	Prec@1 89.062 (86.431)	Prec@5 100.000 (99.512)
Epoch: [83][150/391], lr: 0.01000	Loss 0.2438 (0.4140)	Prec@1 93.750 (86.424)	Prec@5 100.000 (99.540)
Epoch: [83][160/391], lr: 0.01000	Loss 0.5381 (0.4169)	Prec@1 82.812 (86.345)	Prec@5 100.000 (99.549)
Epoch: [83][170/391], lr: 0.01000	Loss 0.5066 (0.4189)	Prec@1 79.688 (86.202)	Prec@5 100.000 (99.557)
Epoch: [83][180/391], lr: 0.01000	Loss 0.4767 (0.4228)	Prec@1 85.156 (86.093)	Prec@5 100.000 (99.547)
Epoch: [83][190/391], lr: 0.01000	Loss 0.4021 (0.4252)	Prec@1 86.719 (86.019)	Prec@5 100.000 (99.546)
Epoch: [83][200/391], lr: 0.01000	Loss 0.4829 (0.4263)	Prec@1 82.812 (85.953)	Prec@5 100.000 (99.541)
Epoch: [83][210/391], lr: 0.01000	Loss 0.3695 (0.4253)	Prec@1 85.938 (85.960)	Prec@5 100.000 (99.545)
Epoch: [83][220/391], lr: 0.01000	Loss 0.5896 (0.4268)	Prec@1 82.031 (85.930)	Prec@5 98.438 (99.533)
Epoch: [83][230/391], lr: 0.01000	Loss 0.4595 (0.4261)	Prec@1 86.719 (85.934)	Prec@5 98.438 (99.537)
Epoch: [83][240/391], lr: 0.01000	Loss 0.5513 (0.4262)	Prec@1 82.812 (85.957)	Prec@5 98.438 (99.527)
Epoch: [83][250/391], lr: 0.01000	Loss 0.3927 (0.4268)	Prec@1 88.281 (85.950)	Prec@5 99.219 (99.524)
Epoch: [83][260/391], lr: 0.01000	Loss 0.3690 (0.4278)	Prec@1 89.062 (85.946)	Prec@5 99.219 (99.509)
Epoch: [83][270/391], lr: 0.01000	Loss 0.4789 (0.4301)	Prec@1 83.594 (85.868)	Prec@5 98.438 (99.496)
Epoch: [83][280/391], lr: 0.01000	Loss 0.5694 (0.4305)	Prec@1 81.250 (85.857)	Prec@5 99.219 (99.488)
Epoch: [83][290/391], lr: 0.01000	Loss 0.3858 (0.4315)	Prec@1 88.281 (85.803)	Prec@5 100.000 (99.490)
Epoch: [83][300/391], lr: 0.01000	Loss 0.3562 (0.4323)	Prec@1 85.938 (85.730)	Prec@5 100.000 (99.486)
Epoch: [83][310/391], lr: 0.01000	Loss 0.5602 (0.4331)	Prec@1 78.125 (85.701)	Prec@5 99.219 (99.480)
Epoch: [83][320/391], lr: 0.01000	Loss 0.3544 (0.4318)	Prec@1 89.844 (85.740)	Prec@5 100.000 (99.489)
Epoch: [83][330/391], lr: 0.01000	Loss 0.4650 (0.4312)	Prec@1 85.156 (85.760)	Prec@5 99.219 (99.495)
Epoch: [83][340/391], lr: 0.01000	Loss 0.2994 (0.4302)	Prec@1 90.625 (85.795)	Prec@5 100.000 (99.505)
Epoch: [83][350/391], lr: 0.01000	Loss 0.3743 (0.4291)	Prec@1 86.719 (85.844)	Prec@5 99.219 (99.513)
Epoch: [83][360/391], lr: 0.01000	Loss 0.5795 (0.4285)	Prec@1 82.031 (85.855)	Prec@5 98.438 (99.517)
Epoch: [83][370/391], lr: 0.01000	Loss 0.3574 (0.4289)	Prec@1 90.625 (85.857)	Prec@5 99.219 (99.503)
Epoch: [83][380/391], lr: 0.01000	Loss 0.4128 (0.4284)	Prec@1 87.500 (85.862)	Prec@5 100.000 (99.512)
Epoch: [83][390/391], lr: 0.01000	Loss 0.3516 (0.4282)	Prec@1 91.250 (85.866)	Prec@5 100.000 (99.518)
Epoch [83] Training Results: Prec@1 85.866 Prec@5 99.518             Loss 0.42823
Epoch [83] Training Class Recall: [0.728,0.818,0.794,0.833,0.872,0.883,0.905,0.905,0.921,0.928]

Epoch: [84][0/391], lr: 0.01000	Loss 0.3890 (0.3890)	Prec@1 89.062 (89.062)	Prec@5 99.219 (99.219)
Epoch: [84][10/391], lr: 0.01000	Loss 0.3499 (0.3930)	Prec@1 89.062 (87.145)	Prec@5 100.000 (99.645)
Epoch: [84][20/391], lr: 0.01000	Loss 0.4452 (0.4021)	Prec@1 88.281 (86.682)	Prec@5 98.438 (99.591)
Epoch: [84][30/391], lr: 0.01000	Loss 0.3929 (0.4156)	Prec@1 85.156 (86.190)	Prec@5 100.000 (99.521)
Epoch: [84][40/391], lr: 0.01000	Loss 0.3773 (0.4157)	Prec@1 86.719 (86.204)	Prec@5 99.219 (99.524)
Epoch: [84][50/391], lr: 0.01000	Loss 0.5373 (0.4171)	Prec@1 82.031 (86.213)	Prec@5 99.219 (99.494)
Epoch: [84][60/391], lr: 0.01000	Loss 0.5423 (0.4201)	Prec@1 83.594 (86.117)	Prec@5 99.219 (99.526)
Epoch: [84][70/391], lr: 0.01000	Loss 0.6132 (0.4205)	Prec@1 80.469 (86.136)	Prec@5 97.656 (99.483)
Epoch: [84][80/391], lr: 0.01000	Loss 0.5791 (0.4221)	Prec@1 82.031 (86.130)	Prec@5 98.438 (99.479)
Epoch: [84][90/391], lr: 0.01000	Loss 0.3358 (0.4221)	Prec@1 91.406 (86.169)	Prec@5 100.000 (99.485)
Epoch: [84][100/391], lr: 0.01000	Loss 0.6267 (0.4253)	Prec@1 78.906 (86.061)	Prec@5 100.000 (99.497)
Epoch: [84][110/391], lr: 0.01000	Loss 0.5042 (0.4245)	Prec@1 83.594 (86.043)	Prec@5 98.438 (99.500)
Epoch: [84][120/391], lr: 0.01000	Loss 0.4812 (0.4219)	Prec@1 81.250 (86.157)	Prec@5 99.219 (99.509)
Epoch: [84][130/391], lr: 0.01000	Loss 0.1941 (0.4218)	Prec@1 94.531 (86.158)	Prec@5 100.000 (99.499)
Epoch: [84][140/391], lr: 0.01000	Loss 0.2818 (0.4232)	Prec@1 90.625 (86.104)	Prec@5 100.000 (99.507)
Epoch: [84][150/391], lr: 0.01000	Loss 0.3257 (0.4199)	Prec@1 89.062 (86.227)	Prec@5 100.000 (99.503)
Epoch: [84][160/391], lr: 0.01000	Loss 0.3063 (0.4245)	Prec@1 90.625 (86.098)	Prec@5 100.000 (99.471)
Epoch: [84][170/391], lr: 0.01000	Loss 0.3901 (0.4241)	Prec@1 88.281 (86.079)	Prec@5 100.000 (99.484)
Epoch: [84][180/391], lr: 0.01000	Loss 0.4047 (0.4246)	Prec@1 85.156 (86.054)	Prec@5 100.000 (99.486)
Epoch: [84][190/391], lr: 0.01000	Loss 0.4466 (0.4247)	Prec@1 85.938 (86.019)	Prec@5 100.000 (99.501)
Epoch: [84][200/391], lr: 0.01000	Loss 0.4472 (0.4255)	Prec@1 84.375 (86.035)	Prec@5 99.219 (99.491)
Epoch: [84][210/391], lr: 0.01000	Loss 0.5269 (0.4227)	Prec@1 85.156 (86.112)	Prec@5 98.438 (99.496)
Epoch: [84][220/391], lr: 0.01000	Loss 0.3718 (0.4212)	Prec@1 88.281 (86.174)	Prec@5 98.438 (99.498)
Epoch: [84][230/391], lr: 0.01000	Loss 0.3454 (0.4210)	Prec@1 88.281 (86.195)	Prec@5 100.000 (99.506)
Epoch: [84][240/391], lr: 0.01000	Loss 0.4255 (0.4211)	Prec@1 85.156 (86.168)	Prec@5 100.000 (99.498)
Epoch: [84][250/391], lr: 0.01000	Loss 0.3062 (0.4217)	Prec@1 92.969 (86.168)	Prec@5 100.000 (99.505)
Epoch: [84][260/391], lr: 0.01000	Loss 0.3645 (0.4222)	Prec@1 88.281 (86.153)	Prec@5 100.000 (99.509)
Epoch: [84][270/391], lr: 0.01000	Loss 0.4095 (0.4234)	Prec@1 89.062 (86.110)	Prec@5 100.000 (99.501)
Epoch: [84][280/391], lr: 0.01000	Loss 0.4233 (0.4248)	Prec@1 85.156 (86.051)	Prec@5 99.219 (99.500)
Epoch: [84][290/391], lr: 0.01000	Loss 0.4045 (0.4252)	Prec@1 85.938 (86.029)	Prec@5 100.000 (99.498)
Epoch: [84][300/391], lr: 0.01000	Loss 0.3603 (0.4261)	Prec@1 88.281 (86.015)	Prec@5 100.000 (99.491)
Epoch: [84][310/391], lr: 0.01000	Loss 0.3849 (0.4264)	Prec@1 85.938 (85.983)	Prec@5 98.438 (99.490)
Epoch: [84][320/391], lr: 0.01000	Loss 0.4074 (0.4272)	Prec@1 85.156 (85.920)	Prec@5 100.000 (99.489)
Epoch: [84][330/391], lr: 0.01000	Loss 0.4292 (0.4274)	Prec@1 82.031 (85.902)	Prec@5 100.000 (99.490)
Epoch: [84][340/391], lr: 0.01000	Loss 0.4757 (0.4263)	Prec@1 85.156 (85.944)	Prec@5 99.219 (99.485)
Epoch: [84][350/391], lr: 0.01000	Loss 0.6672 (0.4278)	Prec@1 77.344 (85.862)	Prec@5 99.219 (99.486)
Epoch: [84][360/391], lr: 0.01000	Loss 0.3189 (0.4288)	Prec@1 87.500 (85.803)	Prec@5 100.000 (99.487)
Epoch: [84][370/391], lr: 0.01000	Loss 0.5569 (0.4298)	Prec@1 82.812 (85.765)	Prec@5 99.219 (99.478)
Epoch: [84][380/391], lr: 0.01000	Loss 0.3428 (0.4302)	Prec@1 89.062 (85.702)	Prec@5 99.219 (99.485)
Epoch: [84][390/391], lr: 0.01000	Loss 0.7370 (0.4308)	Prec@1 75.000 (85.688)	Prec@5 98.750 (99.476)
Epoch [84] Training Results: Prec@1 85.688 Prec@5 99.476             Loss 0.43077
Epoch [84] Training Class Recall: [0.718,0.804,0.797,0.837,0.866,0.888,0.901,0.908,0.923,0.927]

Epoch: [85][0/391], lr: 0.01000	Loss 0.3272 (0.3272)	Prec@1 89.844 (89.844)	Prec@5 100.000 (100.000)
Epoch: [85][10/391], lr: 0.01000	Loss 0.4993 (0.4527)	Prec@1 84.375 (84.304)	Prec@5 98.438 (99.432)
Epoch: [85][20/391], lr: 0.01000	Loss 0.3677 (0.4211)	Prec@1 85.938 (85.491)	Prec@5 100.000 (99.628)
Epoch: [85][30/391], lr: 0.01000	Loss 0.3744 (0.4232)	Prec@1 88.281 (85.811)	Prec@5 100.000 (99.572)
Epoch: [85][40/391], lr: 0.01000	Loss 0.3733 (0.4245)	Prec@1 88.281 (85.690)	Prec@5 100.000 (99.505)
Epoch: [85][50/391], lr: 0.01000	Loss 0.3997 (0.4211)	Prec@1 87.500 (85.830)	Prec@5 100.000 (99.494)
Epoch: [85][60/391], lr: 0.01000	Loss 0.3801 (0.4218)	Prec@1 85.156 (85.784)	Prec@5 100.000 (99.526)
Epoch: [85][70/391], lr: 0.01000	Loss 0.3331 (0.4126)	Prec@1 89.062 (86.235)	Prec@5 100.000 (99.571)
Epoch: [85][80/391], lr: 0.01000	Loss 0.3872 (0.4060)	Prec@1 88.281 (86.497)	Prec@5 99.219 (99.576)
Epoch: [85][90/391], lr: 0.01000	Loss 0.3471 (0.3981)	Prec@1 88.281 (86.659)	Prec@5 100.000 (99.596)
Epoch: [85][100/391], lr: 0.01000	Loss 0.3804 (0.3960)	Prec@1 86.719 (86.765)	Prec@5 100.000 (99.606)
Epoch: [85][110/391], lr: 0.01000	Loss 0.4509 (0.3982)	Prec@1 87.500 (86.705)	Prec@5 99.219 (99.613)
Epoch: [85][120/391], lr: 0.01000	Loss 0.3878 (0.3946)	Prec@1 88.281 (86.816)	Prec@5 100.000 (99.619)
Epoch: [85][130/391], lr: 0.01000	Loss 0.4228 (0.3998)	Prec@1 82.812 (86.617)	Prec@5 100.000 (99.618)
Epoch: [85][140/391], lr: 0.01000	Loss 0.3939 (0.4029)	Prec@1 87.500 (86.497)	Prec@5 99.219 (99.584)
Epoch: [85][150/391], lr: 0.01000	Loss 0.4335 (0.4105)	Prec@1 84.375 (86.238)	Prec@5 100.000 (99.571)
Epoch: [85][160/391], lr: 0.01000	Loss 0.2985 (0.4149)	Prec@1 89.844 (86.069)	Prec@5 100.000 (99.558)
Epoch: [85][170/391], lr: 0.01000	Loss 0.4277 (0.4178)	Prec@1 82.812 (85.910)	Prec@5 100.000 (99.557)
Epoch: [85][180/391], lr: 0.01000	Loss 0.4880 (0.4229)	Prec@1 85.156 (85.761)	Prec@5 100.000 (99.560)
Epoch: [85][190/391], lr: 0.01000	Loss 0.5762 (0.4266)	Prec@1 84.375 (85.627)	Prec@5 100.000 (99.546)
Epoch: [85][200/391], lr: 0.01000	Loss 0.5087 (0.4293)	Prec@1 84.375 (85.510)	Prec@5 99.219 (99.537)
Epoch: [85][210/391], lr: 0.01000	Loss 0.3964 (0.4285)	Prec@1 85.938 (85.545)	Prec@5 100.000 (99.537)
Epoch: [85][220/391], lr: 0.01000	Loss 0.4580 (0.4284)	Prec@1 82.031 (85.570)	Prec@5 100.000 (99.533)
Epoch: [85][230/391], lr: 0.01000	Loss 0.4326 (0.4282)	Prec@1 83.594 (85.559)	Prec@5 100.000 (99.540)
Epoch: [85][240/391], lr: 0.01000	Loss 0.4391 (0.4270)	Prec@1 85.938 (85.600)	Prec@5 98.438 (99.546)
Epoch: [85][250/391], lr: 0.01000	Loss 0.3567 (0.4258)	Prec@1 86.719 (85.623)	Prec@5 100.000 (99.546)
Epoch: [85][260/391], lr: 0.01000	Loss 0.4645 (0.4257)	Prec@1 84.375 (85.644)	Prec@5 99.219 (99.542)
Epoch: [85][270/391], lr: 0.01000	Loss 0.4428 (0.4247)	Prec@1 84.375 (85.646)	Prec@5 100.000 (99.547)
Epoch: [85][280/391], lr: 0.01000	Loss 0.4869 (0.4235)	Prec@1 85.156 (85.696)	Prec@5 100.000 (99.555)
Epoch: [85][290/391], lr: 0.01000	Loss 0.4338 (0.4235)	Prec@1 85.156 (85.680)	Prec@5 100.000 (99.568)
Epoch: [85][300/391], lr: 0.01000	Loss 0.4456 (0.4224)	Prec@1 85.156 (85.712)	Prec@5 98.438 (99.569)
Epoch: [85][310/391], lr: 0.01000	Loss 0.4020 (0.4219)	Prec@1 87.500 (85.726)	Prec@5 100.000 (99.570)
Epoch: [85][320/391], lr: 0.01000	Loss 0.3748 (0.4224)	Prec@1 85.938 (85.709)	Prec@5 100.000 (99.579)
Epoch: [85][330/391], lr: 0.01000	Loss 0.4733 (0.4224)	Prec@1 80.469 (85.720)	Prec@5 99.219 (99.580)
Epoch: [85][340/391], lr: 0.01000	Loss 0.3998 (0.4221)	Prec@1 86.719 (85.729)	Prec@5 99.219 (99.574)
Epoch: [85][350/391], lr: 0.01000	Loss 0.4279 (0.4223)	Prec@1 83.594 (85.699)	Prec@5 99.219 (99.573)
Epoch: [85][360/391], lr: 0.01000	Loss 0.4910 (0.4233)	Prec@1 84.375 (85.676)	Prec@5 100.000 (99.572)
Epoch: [85][370/391], lr: 0.01000	Loss 0.4050 (0.4237)	Prec@1 86.719 (85.666)	Prec@5 99.219 (99.564)
Epoch: [85][380/391], lr: 0.01000	Loss 0.5508 (0.4239)	Prec@1 80.469 (85.655)	Prec@5 98.438 (99.563)
Epoch: [85][390/391], lr: 0.01000	Loss 0.5112 (0.4236)	Prec@1 83.750 (85.650)	Prec@5 100.000 (99.568)
Epoch [85] Training Results: Prec@1 85.650 Prec@5 99.568             Loss 0.42361
Epoch [85] Training Class Recall: [0.717,0.816,0.790,0.828,0.869,0.893,0.904,0.903,0.923,0.921]

Epoch: [86][0/391], lr: 0.01000	Loss 0.3025 (0.3025)	Prec@1 89.844 (89.844)	Prec@5 99.219 (99.219)
Epoch: [86][10/391], lr: 0.01000	Loss 0.3422 (0.4268)	Prec@1 90.625 (87.287)	Prec@5 99.219 (99.574)
Epoch: [86][20/391], lr: 0.01000	Loss 0.2892 (0.4320)	Prec@1 91.406 (86.049)	Prec@5 100.000 (99.591)
Epoch: [86][30/391], lr: 0.01000	Loss 0.3850 (0.4225)	Prec@1 89.062 (86.139)	Prec@5 99.219 (99.597)
Epoch: [86][40/391], lr: 0.01000	Loss 0.3786 (0.4275)	Prec@1 89.062 (86.052)	Prec@5 99.219 (99.581)
Epoch: [86][50/391], lr: 0.01000	Loss 0.4307 (0.4290)	Prec@1 86.719 (85.830)	Prec@5 99.219 (99.571)
Epoch: [86][60/391], lr: 0.01000	Loss 0.3546 (0.4270)	Prec@1 88.281 (85.861)	Prec@5 100.000 (99.577)
Epoch: [86][70/391], lr: 0.01000	Loss 0.3367 (0.4160)	Prec@1 87.500 (86.180)	Prec@5 100.000 (99.604)
Epoch: [86][80/391], lr: 0.01000	Loss 0.3132 (0.4061)	Prec@1 86.719 (86.468)	Prec@5 100.000 (99.614)
Epoch: [86][90/391], lr: 0.01000	Loss 0.3929 (0.4077)	Prec@1 86.719 (86.384)	Prec@5 99.219 (99.622)
Epoch: [86][100/391], lr: 0.01000	Loss 0.3659 (0.4091)	Prec@1 89.844 (86.293)	Prec@5 100.000 (99.644)
Epoch: [86][110/391], lr: 0.01000	Loss 0.3876 (0.4145)	Prec@1 85.938 (86.156)	Prec@5 100.000 (99.641)
Epoch: [86][120/391], lr: 0.01000	Loss 0.4791 (0.4176)	Prec@1 79.688 (85.976)	Prec@5 100.000 (99.645)
Epoch: [86][130/391], lr: 0.01000	Loss 0.3768 (0.4184)	Prec@1 90.625 (86.069)	Prec@5 100.000 (99.618)
Epoch: [86][140/391], lr: 0.01000	Loss 0.4290 (0.4197)	Prec@1 85.938 (85.998)	Prec@5 100.000 (99.612)
Epoch: [86][150/391], lr: 0.01000	Loss 0.4718 (0.4187)	Prec@1 85.156 (85.969)	Prec@5 100.000 (99.612)
Epoch: [86][160/391], lr: 0.01000	Loss 0.5094 (0.4209)	Prec@1 82.031 (85.845)	Prec@5 99.219 (99.612)
Epoch: [86][170/391], lr: 0.01000	Loss 0.3299 (0.4189)	Prec@1 89.062 (85.951)	Prec@5 100.000 (99.616)
Epoch: [86][180/391], lr: 0.01000	Loss 0.4127 (0.4194)	Prec@1 85.938 (85.920)	Prec@5 100.000 (99.612)
Epoch: [86][190/391], lr: 0.01000	Loss 0.4438 (0.4222)	Prec@1 82.812 (85.831)	Prec@5 100.000 (99.599)
Epoch: [86][200/391], lr: 0.01000	Loss 0.3999 (0.4214)	Prec@1 84.375 (85.848)	Prec@5 100.000 (99.611)
Epoch: [86][210/391], lr: 0.01000	Loss 0.4923 (0.4209)	Prec@1 85.156 (85.878)	Prec@5 99.219 (99.604)
Epoch: [86][220/391], lr: 0.01000	Loss 0.3246 (0.4226)	Prec@1 87.500 (85.877)	Prec@5 100.000 (99.601)
Epoch: [86][230/391], lr: 0.01000	Loss 0.3600 (0.4219)	Prec@1 89.062 (85.968)	Prec@5 100.000 (99.594)
Epoch: [86][240/391], lr: 0.01000	Loss 0.3276 (0.4210)	Prec@1 89.844 (86.006)	Prec@5 100.000 (99.598)
Epoch: [86][250/391], lr: 0.01000	Loss 0.3592 (0.4224)	Prec@1 85.938 (85.990)	Prec@5 99.219 (99.577)
Epoch: [86][260/391], lr: 0.01000	Loss 0.3516 (0.4223)	Prec@1 90.625 (85.991)	Prec@5 99.219 (99.584)
Epoch: [86][270/391], lr: 0.01000	Loss 0.3193 (0.4240)	Prec@1 90.625 (85.909)	Prec@5 100.000 (99.585)
Epoch: [86][280/391], lr: 0.01000	Loss 0.5045 (0.4238)	Prec@1 83.594 (85.885)	Prec@5 99.219 (99.586)
Epoch: [86][290/391], lr: 0.01000	Loss 0.5346 (0.4227)	Prec@1 82.031 (85.900)	Prec@5 98.438 (99.592)
Epoch: [86][300/391], lr: 0.01000	Loss 0.4687 (0.4223)	Prec@1 85.938 (85.922)	Prec@5 98.438 (99.595)
Epoch: [86][310/391], lr: 0.01000	Loss 0.3968 (0.4220)	Prec@1 85.938 (85.955)	Prec@5 100.000 (99.601)
Epoch: [86][320/391], lr: 0.01000	Loss 0.4451 (0.4234)	Prec@1 85.938 (85.918)	Prec@5 99.219 (99.577)
Epoch: [86][330/391], lr: 0.01000	Loss 0.5569 (0.4252)	Prec@1 79.688 (85.843)	Prec@5 99.219 (99.580)
Epoch: [86][340/391], lr: 0.01000	Loss 0.4037 (0.4239)	Prec@1 82.031 (85.885)	Prec@5 100.000 (99.581)
Epoch: [86][350/391], lr: 0.01000	Loss 0.3832 (0.4239)	Prec@1 85.938 (85.880)	Prec@5 100.000 (99.588)
Epoch: [86][360/391], lr: 0.01000	Loss 0.3747 (0.4240)	Prec@1 85.938 (85.901)	Prec@5 100.000 (99.589)
Epoch: [86][370/391], lr: 0.01000	Loss 0.5490 (0.4245)	Prec@1 81.250 (85.902)	Prec@5 99.219 (99.583)
Epoch: [86][380/391], lr: 0.01000	Loss 0.3174 (0.4248)	Prec@1 88.281 (85.870)	Prec@5 100.000 (99.588)
Epoch: [86][390/391], lr: 0.01000	Loss 0.3944 (0.4248)	Prec@1 88.750 (85.876)	Prec@5 97.500 (99.586)
Epoch [86] Training Results: Prec@1 85.876 Prec@5 99.586             Loss 0.42477
Epoch [86] Training Class Recall: [0.721,0.815,0.791,0.838,0.868,0.889,0.904,0.907,0.922,0.932]

Epoch: [87][0/391], lr: 0.01000	Loss 0.3322 (0.3322)	Prec@1 88.281 (88.281)	Prec@5 100.000 (100.000)
Epoch: [87][10/391], lr: 0.01000	Loss 0.4203 (0.4154)	Prec@1 84.375 (86.648)	Prec@5 100.000 (99.787)
Epoch: [87][20/391], lr: 0.01000	Loss 0.3623 (0.4140)	Prec@1 86.719 (86.347)	Prec@5 100.000 (99.702)
Epoch: [87][30/391], lr: 0.01000	Loss 0.4620 (0.4008)	Prec@1 82.031 (86.492)	Prec@5 99.219 (99.622)
Epoch: [87][40/391], lr: 0.01000	Loss 0.4630 (0.4095)	Prec@1 84.375 (86.261)	Prec@5 99.219 (99.638)
Epoch: [87][50/391], lr: 0.01000	Loss 0.3993 (0.4135)	Prec@1 86.719 (86.229)	Prec@5 100.000 (99.571)
Epoch: [87][60/391], lr: 0.01000	Loss 0.3976 (0.4093)	Prec@1 85.938 (86.360)	Prec@5 98.438 (99.577)
Epoch: [87][70/391], lr: 0.01000	Loss 0.4223 (0.4097)	Prec@1 87.500 (86.301)	Prec@5 100.000 (99.615)
Epoch: [87][80/391], lr: 0.01000	Loss 0.2845 (0.4128)	Prec@1 89.062 (86.121)	Prec@5 100.000 (99.585)
Epoch: [87][90/391], lr: 0.01000	Loss 0.3242 (0.4161)	Prec@1 86.719 (86.058)	Prec@5 100.000 (99.614)
Epoch: [87][100/391], lr: 0.01000	Loss 0.4950 (0.4226)	Prec@1 82.031 (85.837)	Prec@5 99.219 (99.590)
Epoch: [87][110/391], lr: 0.01000	Loss 0.4963 (0.4260)	Prec@1 85.156 (85.832)	Prec@5 100.000 (99.592)
Epoch: [87][120/391], lr: 0.01000	Loss 0.4967 (0.4289)	Prec@1 82.812 (85.770)	Prec@5 99.219 (99.548)
Epoch: [87][130/391], lr: 0.01000	Loss 0.4325 (0.4338)	Prec@1 85.938 (85.592)	Prec@5 100.000 (99.553)
Epoch: [87][140/391], lr: 0.01000	Loss 0.3130 (0.4337)	Prec@1 89.062 (85.649)	Prec@5 100.000 (99.529)
Epoch: [87][150/391], lr: 0.01000	Loss 0.3812 (0.4292)	Prec@1 89.062 (85.803)	Prec@5 99.219 (99.545)
Epoch: [87][160/391], lr: 0.01000	Loss 0.5148 (0.4304)	Prec@1 81.250 (85.690)	Prec@5 99.219 (99.549)
Epoch: [87][170/391], lr: 0.01000	Loss 0.3362 (0.4292)	Prec@1 88.281 (85.723)	Prec@5 99.219 (99.566)
Epoch: [87][180/391], lr: 0.01000	Loss 0.3869 (0.4283)	Prec@1 86.719 (85.778)	Prec@5 100.000 (99.581)
Epoch: [87][190/391], lr: 0.01000	Loss 0.3387 (0.4273)	Prec@1 87.500 (85.790)	Prec@5 100.000 (99.579)
Epoch: [87][200/391], lr: 0.01000	Loss 0.4498 (0.4291)	Prec@1 85.156 (85.747)	Prec@5 99.219 (99.565)
Epoch: [87][210/391], lr: 0.01000	Loss 0.2486 (0.4294)	Prec@1 90.625 (85.752)	Prec@5 100.000 (99.559)
Epoch: [87][220/391], lr: 0.01000	Loss 0.5170 (0.4295)	Prec@1 84.375 (85.750)	Prec@5 99.219 (99.544)
Epoch: [87][230/391], lr: 0.01000	Loss 0.3895 (0.4280)	Prec@1 87.500 (85.802)	Prec@5 100.000 (99.547)
Epoch: [87][240/391], lr: 0.01000	Loss 0.4400 (0.4306)	Prec@1 85.156 (85.675)	Prec@5 100.000 (99.546)
Epoch: [87][250/391], lr: 0.01000	Loss 0.5431 (0.4305)	Prec@1 86.719 (85.704)	Prec@5 99.219 (99.546)
Epoch: [87][260/391], lr: 0.01000	Loss 0.3124 (0.4303)	Prec@1 90.625 (85.713)	Prec@5 100.000 (99.542)
Epoch: [87][270/391], lr: 0.01000	Loss 0.4959 (0.4292)	Prec@1 85.156 (85.767)	Prec@5 97.656 (99.536)
Epoch: [87][280/391], lr: 0.01000	Loss 0.3457 (0.4272)	Prec@1 91.406 (85.860)	Prec@5 100.000 (99.533)
Epoch: [87][290/391], lr: 0.01000	Loss 0.4377 (0.4271)	Prec@1 85.938 (85.846)	Prec@5 99.219 (99.530)
Epoch: [87][300/391], lr: 0.01000	Loss 0.3584 (0.4268)	Prec@1 87.500 (85.847)	Prec@5 99.219 (99.533)
Epoch: [87][310/391], lr: 0.01000	Loss 0.3812 (0.4262)	Prec@1 86.719 (85.835)	Prec@5 99.219 (99.540)
Epoch: [87][320/391], lr: 0.01000	Loss 0.4299 (0.4268)	Prec@1 85.938 (85.799)	Prec@5 99.219 (99.545)
Epoch: [87][330/391], lr: 0.01000	Loss 0.4068 (0.4284)	Prec@1 88.281 (85.753)	Prec@5 100.000 (99.535)
Epoch: [87][340/391], lr: 0.01000	Loss 0.4332 (0.4294)	Prec@1 87.500 (85.720)	Prec@5 100.000 (99.526)
Epoch: [87][350/391], lr: 0.01000	Loss 0.4398 (0.4305)	Prec@1 89.062 (85.677)	Prec@5 100.000 (99.528)
Epoch: [87][360/391], lr: 0.01000	Loss 0.4791 (0.4309)	Prec@1 87.500 (85.673)	Prec@5 98.438 (99.533)
Epoch: [87][370/391], lr: 0.01000	Loss 0.4653 (0.4309)	Prec@1 85.938 (85.691)	Prec@5 100.000 (99.530)
Epoch: [87][380/391], lr: 0.01000	Loss 0.4535 (0.4316)	Prec@1 84.375 (85.667)	Prec@5 98.438 (99.524)
Epoch: [87][390/391], lr: 0.01000	Loss 0.3014 (0.4318)	Prec@1 87.500 (85.646)	Prec@5 100.000 (99.528)
Epoch [87] Training Results: Prec@1 85.646 Prec@5 99.528             Loss 0.43180
Epoch [87] Training Class Recall: [0.722,0.814,0.787,0.833,0.873,0.879,0.901,0.906,0.920,0.929]

Epoch: [88][0/391], lr: 0.01000	Loss 0.2641 (0.2641)	Prec@1 93.750 (93.750)	Prec@5 99.219 (99.219)
Epoch: [88][10/391], lr: 0.01000	Loss 0.3594 (0.3989)	Prec@1 88.281 (87.145)	Prec@5 100.000 (99.077)
Epoch: [88][20/391], lr: 0.01000	Loss 0.3782 (0.3739)	Prec@1 85.938 (87.946)	Prec@5 100.000 (99.479)
Epoch: [88][30/391], lr: 0.01000	Loss 0.3493 (0.3739)	Prec@1 85.938 (87.928)	Prec@5 100.000 (99.546)
Epoch: [88][40/391], lr: 0.01000	Loss 0.3683 (0.3889)	Prec@1 87.500 (87.633)	Prec@5 100.000 (99.562)
Epoch: [88][50/391], lr: 0.01000	Loss 0.3595 (0.3930)	Prec@1 92.969 (87.546)	Prec@5 100.000 (99.571)
Epoch: [88][60/391], lr: 0.01000	Loss 0.3052 (0.3922)	Prec@1 85.156 (87.346)	Prec@5 100.000 (99.603)
Epoch: [88][70/391], lr: 0.01000	Loss 0.3425 (0.3939)	Prec@1 87.500 (87.016)	Prec@5 100.000 (99.604)
Epoch: [88][80/391], lr: 0.01000	Loss 0.4125 (0.3976)	Prec@1 87.500 (86.892)	Prec@5 99.219 (99.566)
Epoch: [88][90/391], lr: 0.01000	Loss 0.4053 (0.4045)	Prec@1 87.500 (86.702)	Prec@5 99.219 (99.562)
Epoch: [88][100/391], lr: 0.01000	Loss 0.2850 (0.4066)	Prec@1 90.625 (86.634)	Prec@5 100.000 (99.520)
Epoch: [88][110/391], lr: 0.01000	Loss 0.5420 (0.4124)	Prec@1 79.688 (86.388)	Prec@5 99.219 (99.514)
Epoch: [88][120/391], lr: 0.01000	Loss 0.3694 (0.4129)	Prec@1 85.938 (86.318)	Prec@5 100.000 (99.529)
Epoch: [88][130/391], lr: 0.01000	Loss 0.2690 (0.4147)	Prec@1 91.406 (86.266)	Prec@5 100.000 (99.547)
Epoch: [88][140/391], lr: 0.01000	Loss 0.3802 (0.4140)	Prec@1 86.719 (86.325)	Prec@5 99.219 (99.551)
Epoch: [88][150/391], lr: 0.01000	Loss 0.3026 (0.4121)	Prec@1 88.281 (86.367)	Prec@5 100.000 (99.560)
Epoch: [88][160/391], lr: 0.01000	Loss 0.4998 (0.4147)	Prec@1 82.812 (86.238)	Prec@5 98.438 (99.539)
Epoch: [88][170/391], lr: 0.01000	Loss 0.2663 (0.4132)	Prec@1 92.188 (86.225)	Prec@5 100.000 (99.534)
Epoch: [88][180/391], lr: 0.01000	Loss 0.4272 (0.4132)	Prec@1 85.156 (86.192)	Prec@5 99.219 (99.530)
Epoch: [88][190/391], lr: 0.01000	Loss 0.5691 (0.4133)	Prec@1 83.594 (86.207)	Prec@5 99.219 (99.517)
Epoch: [88][200/391], lr: 0.01000	Loss 0.2950 (0.4134)	Prec@1 91.406 (86.198)	Prec@5 100.000 (99.514)
Epoch: [88][210/391], lr: 0.01000	Loss 0.3231 (0.4124)	Prec@1 91.406 (86.249)	Prec@5 99.219 (99.511)
Epoch: [88][220/391], lr: 0.01000	Loss 0.4429 (0.4105)	Prec@1 86.719 (86.326)	Prec@5 100.000 (99.533)
Epoch: [88][230/391], lr: 0.01000	Loss 0.3992 (0.4112)	Prec@1 84.375 (86.323)	Prec@5 100.000 (99.527)
Epoch: [88][240/391], lr: 0.01000	Loss 0.3909 (0.4125)	Prec@1 85.156 (86.252)	Prec@5 100.000 (99.530)
Epoch: [88][250/391], lr: 0.01000	Loss 0.4174 (0.4134)	Prec@1 86.719 (86.215)	Prec@5 99.219 (99.521)
Epoch: [88][260/391], lr: 0.01000	Loss 0.4337 (0.4135)	Prec@1 86.719 (86.246)	Prec@5 100.000 (99.518)
Epoch: [88][270/391], lr: 0.01000	Loss 0.3218 (0.4126)	Prec@1 88.281 (86.266)	Prec@5 100.000 (99.519)
Epoch: [88][280/391], lr: 0.01000	Loss 0.4142 (0.4142)	Prec@1 84.375 (86.207)	Prec@5 99.219 (99.519)
Epoch: [88][290/391], lr: 0.01000	Loss 0.4757 (0.4152)	Prec@1 85.938 (86.193)	Prec@5 100.000 (99.519)
Epoch: [88][300/391], lr: 0.01000	Loss 0.5324 (0.4152)	Prec@1 82.812 (86.192)	Prec@5 100.000 (99.530)
Epoch: [88][310/391], lr: 0.01000	Loss 0.2349 (0.4144)	Prec@1 92.969 (86.204)	Prec@5 100.000 (99.538)
Epoch: [88][320/391], lr: 0.01000	Loss 0.4373 (0.4145)	Prec@1 82.031 (86.166)	Prec@5 100.000 (99.542)
Epoch: [88][330/391], lr: 0.01000	Loss 0.4217 (0.4171)	Prec@1 85.156 (86.063)	Prec@5 100.000 (99.535)
Epoch: [88][340/391], lr: 0.01000	Loss 0.6578 (0.4192)	Prec@1 77.344 (86.013)	Prec@5 99.219 (99.537)
Epoch: [88][350/391], lr: 0.01000	Loss 0.5286 (0.4195)	Prec@1 78.906 (85.991)	Prec@5 100.000 (99.546)
Epoch: [88][360/391], lr: 0.01000	Loss 0.4100 (0.4192)	Prec@1 83.594 (86.002)	Prec@5 100.000 (99.554)
Epoch: [88][370/391], lr: 0.01000	Loss 0.4765 (0.4197)	Prec@1 81.250 (85.980)	Prec@5 100.000 (99.549)
Epoch: [88][380/391], lr: 0.01000	Loss 0.4188 (0.4197)	Prec@1 84.375 (85.999)	Prec@5 99.219 (99.549)
Epoch: [88][390/391], lr: 0.01000	Loss 0.5017 (0.4212)	Prec@1 81.250 (85.944)	Prec@5 98.750 (99.546)
Epoch [88] Training Results: Prec@1 85.944 Prec@5 99.546             Loss 0.42120
Epoch [88] Training Class Recall: [0.727,0.817,0.790,0.831,0.877,0.887,0.909,0.905,0.924,0.928]

Epoch: [89][0/391], lr: 0.01000	Loss 0.3730 (0.3730)	Prec@1 85.938 (85.938)	Prec@5 99.219 (99.219)
Epoch: [89][10/391], lr: 0.01000	Loss 0.2979 (0.3880)	Prec@1 87.500 (86.506)	Prec@5 100.000 (99.716)
Epoch: [89][20/391], lr: 0.01000	Loss 0.3666 (0.4070)	Prec@1 88.281 (86.421)	Prec@5 100.000 (99.702)
Epoch: [89][30/391], lr: 0.01000	Loss 0.2765 (0.3979)	Prec@1 93.750 (86.820)	Prec@5 100.000 (99.672)
Epoch: [89][40/391], lr: 0.01000	Loss 0.4125 (0.4044)	Prec@1 86.719 (86.509)	Prec@5 99.219 (99.619)
Epoch: [89][50/391], lr: 0.01000	Loss 0.4560 (0.4114)	Prec@1 83.594 (86.167)	Prec@5 99.219 (99.586)
Epoch: [89][60/391], lr: 0.01000	Loss 0.3411 (0.4055)	Prec@1 86.719 (86.270)	Prec@5 100.000 (99.629)
Epoch: [89][70/391], lr: 0.01000	Loss 0.5009 (0.4049)	Prec@1 82.031 (86.301)	Prec@5 100.000 (99.659)
Epoch: [89][80/391], lr: 0.01000	Loss 0.2690 (0.4015)	Prec@1 90.625 (86.420)	Prec@5 100.000 (99.633)
Epoch: [89][90/391], lr: 0.01000	Loss 0.3428 (0.4029)	Prec@1 88.281 (86.496)	Prec@5 100.000 (99.657)
Epoch: [89][100/391], lr: 0.01000	Loss 0.3436 (0.4043)	Prec@1 90.625 (86.433)	Prec@5 99.219 (99.613)
Epoch: [89][110/391], lr: 0.01000	Loss 0.5154 (0.4044)	Prec@1 85.156 (86.515)	Prec@5 99.219 (99.613)
Epoch: [89][120/391], lr: 0.01000	Loss 0.3532 (0.4028)	Prec@1 85.938 (86.583)	Prec@5 100.000 (99.626)
Epoch: [89][130/391], lr: 0.01000	Loss 0.2533 (0.4026)	Prec@1 92.188 (86.546)	Prec@5 100.000 (99.642)
Epoch: [89][140/391], lr: 0.01000	Loss 0.4413 (0.4021)	Prec@1 85.938 (86.575)	Prec@5 99.219 (99.629)
Epoch: [89][150/391], lr: 0.01000	Loss 0.4801 (0.4020)	Prec@1 85.156 (86.522)	Prec@5 99.219 (99.627)
Epoch: [89][160/391], lr: 0.01000	Loss 0.3187 (0.4059)	Prec@1 91.406 (86.432)	Prec@5 100.000 (99.631)
Epoch: [89][170/391], lr: 0.01000	Loss 0.5231 (0.4080)	Prec@1 85.156 (86.385)	Prec@5 100.000 (99.616)
Epoch: [89][180/391], lr: 0.01000	Loss 0.4214 (0.4089)	Prec@1 85.156 (86.386)	Prec@5 98.438 (99.607)
Epoch: [89][190/391], lr: 0.01000	Loss 0.3559 (0.4107)	Prec@1 89.844 (86.371)	Prec@5 100.000 (99.603)
Epoch: [89][200/391], lr: 0.01000	Loss 0.3945 (0.4123)	Prec@1 86.719 (86.350)	Prec@5 100.000 (99.611)
Epoch: [89][210/391], lr: 0.01000	Loss 0.3378 (0.4150)	Prec@1 88.281 (86.260)	Prec@5 100.000 (99.615)
Epoch: [89][220/391], lr: 0.01000	Loss 0.5349 (0.4164)	Prec@1 81.250 (86.227)	Prec@5 98.438 (99.615)
Epoch: [89][230/391], lr: 0.01000	Loss 0.4771 (0.4171)	Prec@1 83.594 (86.222)	Prec@5 98.438 (99.611)
Epoch: [89][240/391], lr: 0.01000	Loss 0.3920 (0.4168)	Prec@1 86.719 (86.200)	Prec@5 100.000 (99.624)
Epoch: [89][250/391], lr: 0.01000	Loss 0.3705 (0.4190)	Prec@1 85.938 (86.118)	Prec@5 99.219 (99.605)
Epoch: [89][260/391], lr: 0.01000	Loss 0.3022 (0.4188)	Prec@1 92.188 (86.132)	Prec@5 100.000 (99.605)
Epoch: [89][270/391], lr: 0.01000	Loss 0.3661 (0.4182)	Prec@1 86.719 (86.174)	Prec@5 100.000 (99.605)
Epoch: [89][280/391], lr: 0.01000	Loss 0.3981 (0.4192)	Prec@1 85.938 (86.152)	Prec@5 100.000 (99.591)
Epoch: [89][290/391], lr: 0.01000	Loss 0.4351 (0.4199)	Prec@1 83.594 (86.109)	Prec@5 100.000 (99.584)
Epoch: [89][300/391], lr: 0.01000	Loss 0.3741 (0.4209)	Prec@1 86.719 (86.067)	Prec@5 100.000 (99.582)
Epoch: [89][310/391], lr: 0.01000	Loss 0.2378 (0.4209)	Prec@1 89.844 (86.048)	Prec@5 100.000 (99.593)
Epoch: [89][320/391], lr: 0.01000	Loss 0.4864 (0.4197)	Prec@1 86.719 (86.101)	Prec@5 99.219 (99.589)
Epoch: [89][330/391], lr: 0.01000	Loss 0.4079 (0.4184)	Prec@1 86.719 (86.164)	Prec@5 100.000 (99.599)
Epoch: [89][340/391], lr: 0.01000	Loss 0.5626 (0.4190)	Prec@1 85.938 (86.148)	Prec@5 100.000 (99.601)
Epoch: [89][350/391], lr: 0.01000	Loss 0.4389 (0.4187)	Prec@1 85.938 (86.198)	Prec@5 100.000 (99.599)
Epoch: [89][360/391], lr: 0.01000	Loss 0.4236 (0.4189)	Prec@1 85.938 (86.163)	Prec@5 100.000 (99.600)
Epoch: [89][370/391], lr: 0.01000	Loss 0.3961 (0.4176)	Prec@1 84.375 (86.207)	Prec@5 100.000 (99.600)
Epoch: [89][380/391], lr: 0.01000	Loss 0.4069 (0.4179)	Prec@1 87.500 (86.212)	Prec@5 99.219 (99.590)
Epoch: [89][390/391], lr: 0.01000	Loss 0.3008 (0.4185)	Prec@1 88.750 (86.208)	Prec@5 100.000 (99.588)
Epoch [89] Training Results: Prec@1 86.208 Prec@5 99.588             Loss 0.41853
Epoch [89] Training Class Recall: [0.732,0.818,0.799,0.840,0.874,0.890,0.906,0.902,0.928,0.931]

Epoch: [90][0/391], lr: 0.01000	Loss 0.5027 (0.5027)	Prec@1 81.250 (81.250)	Prec@5 99.219 (99.219)
Epoch: [90][10/391], lr: 0.01000	Loss 0.3594 (0.4039)	Prec@1 84.375 (85.795)	Prec@5 100.000 (99.503)
Epoch: [90][20/391], lr: 0.01000	Loss 0.3739 (0.4057)	Prec@1 89.062 (86.347)	Prec@5 100.000 (99.516)
Epoch: [90][30/391], lr: 0.01000	Loss 0.3126 (0.4043)	Prec@1 87.500 (86.064)	Prec@5 99.219 (99.572)
Epoch: [90][40/391], lr: 0.01000	Loss 0.3411 (0.4019)	Prec@1 90.625 (86.261)	Prec@5 100.000 (99.581)
Epoch: [90][50/391], lr: 0.01000	Loss 0.3462 (0.3957)	Prec@1 91.406 (86.627)	Prec@5 99.219 (99.617)
Epoch: [90][60/391], lr: 0.01000	Loss 0.3262 (0.3974)	Prec@1 87.500 (86.437)	Prec@5 100.000 (99.680)
Epoch: [90][70/391], lr: 0.01000	Loss 0.4397 (0.4012)	Prec@1 89.062 (86.422)	Prec@5 100.000 (99.692)
Epoch: [90][80/391], lr: 0.01000	Loss 0.5092 (0.4025)	Prec@1 82.812 (86.478)	Prec@5 99.219 (99.682)
Epoch: [90][90/391], lr: 0.01000	Loss 0.3024 (0.4050)	Prec@1 89.844 (86.358)	Prec@5 100.000 (99.682)
Epoch: [90][100/391], lr: 0.01000	Loss 0.4372 (0.4103)	Prec@1 87.500 (86.146)	Prec@5 99.219 (99.652)
Epoch: [90][110/391], lr: 0.01000	Loss 0.4148 (0.4136)	Prec@1 86.719 (86.078)	Prec@5 99.219 (99.613)
Epoch: [90][120/391], lr: 0.01000	Loss 0.4455 (0.4116)	Prec@1 86.719 (86.138)	Prec@5 99.219 (99.587)
Epoch: [90][130/391], lr: 0.01000	Loss 0.3432 (0.4092)	Prec@1 89.844 (86.295)	Prec@5 99.219 (99.594)
Epoch: [90][140/391], lr: 0.01000	Loss 0.4355 (0.4096)	Prec@1 85.156 (86.253)	Prec@5 100.000 (99.584)
Epoch: [90][150/391], lr: 0.01000	Loss 0.5693 (0.4084)	Prec@1 77.344 (86.227)	Prec@5 100.000 (99.581)
Epoch: [90][160/391], lr: 0.01000	Loss 0.4019 (0.4089)	Prec@1 89.062 (86.253)	Prec@5 100.000 (99.583)
Epoch: [90][170/391], lr: 0.01000	Loss 0.4162 (0.4085)	Prec@1 85.156 (86.294)	Prec@5 100.000 (99.584)
Epoch: [90][180/391], lr: 0.01000	Loss 0.2898 (0.4083)	Prec@1 89.844 (86.317)	Prec@5 100.000 (99.599)
Epoch: [90][190/391], lr: 0.01000	Loss 0.3082 (0.4074)	Prec@1 89.844 (86.404)	Prec@5 100.000 (99.607)
Epoch: [90][200/391], lr: 0.01000	Loss 0.3204 (0.4088)	Prec@1 90.625 (86.408)	Prec@5 100.000 (99.580)
Epoch: [90][210/391], lr: 0.01000	Loss 0.4968 (0.4115)	Prec@1 82.031 (86.334)	Prec@5 100.000 (99.571)
Epoch: [90][220/391], lr: 0.01000	Loss 0.4304 (0.4103)	Prec@1 87.500 (86.390)	Prec@5 100.000 (99.579)
Epoch: [90][230/391], lr: 0.01000	Loss 0.4111 (0.4105)	Prec@1 81.250 (86.360)	Prec@5 100.000 (99.591)
Epoch: [90][240/391], lr: 0.01000	Loss 0.4354 (0.4106)	Prec@1 88.281 (86.352)	Prec@5 99.219 (99.592)
Epoch: [90][250/391], lr: 0.01000	Loss 0.3165 (0.4115)	Prec@1 89.062 (86.317)	Prec@5 100.000 (99.592)
Epoch: [90][260/391], lr: 0.01000	Loss 0.6221 (0.4132)	Prec@1 84.375 (86.258)	Prec@5 99.219 (99.596)
Epoch: [90][270/391], lr: 0.01000	Loss 0.4324 (0.4146)	Prec@1 87.500 (86.275)	Prec@5 99.219 (99.588)
Epoch: [90][280/391], lr: 0.01000	Loss 0.3033 (0.4140)	Prec@1 89.844 (86.266)	Prec@5 100.000 (99.591)
Epoch: [90][290/391], lr: 0.01000	Loss 0.3318 (0.4121)	Prec@1 89.062 (86.281)	Prec@5 100.000 (99.597)
Epoch: [90][300/391], lr: 0.01000	Loss 0.4113 (0.4121)	Prec@1 88.281 (86.311)	Prec@5 97.656 (99.585)
Epoch: [90][310/391], lr: 0.01000	Loss 0.4257 (0.4133)	Prec@1 85.156 (86.272)	Prec@5 100.000 (99.583)
Epoch: [90][320/391], lr: 0.01000	Loss 0.3612 (0.4128)	Prec@1 88.281 (86.307)	Prec@5 98.438 (99.577)
Epoch: [90][330/391], lr: 0.01000	Loss 0.3897 (0.4113)	Prec@1 89.062 (86.369)	Prec@5 99.219 (99.582)
Epoch: [90][340/391], lr: 0.01000	Loss 0.4761 (0.4117)	Prec@1 82.031 (86.371)	Prec@5 100.000 (99.574)
Epoch: [90][350/391], lr: 0.01000	Loss 0.3904 (0.4123)	Prec@1 87.500 (86.358)	Prec@5 100.000 (99.577)
Epoch: [90][360/391], lr: 0.01000	Loss 0.4406 (0.4123)	Prec@1 87.500 (86.372)	Prec@5 100.000 (99.582)
Epoch: [90][370/391], lr: 0.01000	Loss 0.4965 (0.4137)	Prec@1 83.594 (86.344)	Prec@5 100.000 (99.577)
Epoch: [90][380/391], lr: 0.01000	Loss 0.5349 (0.4157)	Prec@1 82.812 (86.268)	Prec@5 99.219 (99.565)
Epoch: [90][390/391], lr: 0.01000	Loss 0.4617 (0.4156)	Prec@1 85.000 (86.272)	Prec@5 100.000 (99.564)
Epoch [90] Training Results: Prec@1 86.272 Prec@5 99.564             Loss 0.41561
Epoch [90] Training Class Recall: [0.738,0.817,0.805,0.838,0.870,0.892,0.902,0.907,0.927,0.932]

Epoch: [91][0/391], lr: 0.01000	Loss 0.2544 (0.2544)	Prec@1 93.750 (93.750)	Prec@5 100.000 (100.000)
Epoch: [91][10/391], lr: 0.01000	Loss 0.4044 (0.3623)	Prec@1 87.500 (87.997)	Prec@5 100.000 (99.929)
Epoch: [91][20/391], lr: 0.01000	Loss 0.3293 (0.3677)	Prec@1 91.406 (88.058)	Prec@5 99.219 (99.740)
Epoch: [91][30/391], lr: 0.01000	Loss 0.4563 (0.3679)	Prec@1 87.500 (88.105)	Prec@5 99.219 (99.672)
Epoch: [91][40/391], lr: 0.01000	Loss 0.2716 (0.3744)	Prec@1 92.969 (87.691)	Prec@5 100.000 (99.638)
Epoch: [91][50/391], lr: 0.01000	Loss 0.4252 (0.3834)	Prec@1 86.719 (87.331)	Prec@5 100.000 (99.602)
Epoch: [91][60/391], lr: 0.01000	Loss 0.5448 (0.3900)	Prec@1 79.688 (87.141)	Prec@5 100.000 (99.629)
Epoch: [91][70/391], lr: 0.01000	Loss 0.3351 (0.3870)	Prec@1 89.062 (87.126)	Prec@5 100.000 (99.648)
Epoch: [91][80/391], lr: 0.01000	Loss 0.2809 (0.3854)	Prec@1 89.062 (87.201)	Prec@5 99.219 (99.605)
Epoch: [91][90/391], lr: 0.01000	Loss 0.3550 (0.3879)	Prec@1 86.719 (87.062)	Prec@5 100.000 (99.605)
Epoch: [91][100/391], lr: 0.01000	Loss 0.4929 (0.3885)	Prec@1 83.594 (87.036)	Prec@5 100.000 (99.621)
Epoch: [91][110/391], lr: 0.01000	Loss 0.4407 (0.3875)	Prec@1 87.500 (87.064)	Prec@5 99.219 (99.627)
Epoch: [91][120/391], lr: 0.01000	Loss 0.3682 (0.3922)	Prec@1 85.938 (86.932)	Prec@5 100.000 (99.619)
Epoch: [91][130/391], lr: 0.01000	Loss 0.4294 (0.3955)	Prec@1 86.719 (86.755)	Prec@5 100.000 (99.630)
Epoch: [91][140/391], lr: 0.01000	Loss 0.5521 (0.3967)	Prec@1 84.375 (86.669)	Prec@5 99.219 (99.634)
Epoch: [91][150/391], lr: 0.01000	Loss 0.3520 (0.3979)	Prec@1 88.281 (86.667)	Prec@5 100.000 (99.633)
Epoch: [91][160/391], lr: 0.01000	Loss 0.4020 (0.4021)	Prec@1 88.281 (86.525)	Prec@5 99.219 (99.617)
Epoch: [91][170/391], lr: 0.01000	Loss 0.4246 (0.4055)	Prec@1 82.031 (86.408)	Prec@5 100.000 (99.593)
Epoch: [91][180/391], lr: 0.01000	Loss 0.3175 (0.4061)	Prec@1 90.625 (86.369)	Prec@5 100.000 (99.581)
Epoch: [91][190/391], lr: 0.01000	Loss 0.5429 (0.4079)	Prec@1 81.250 (86.355)	Prec@5 100.000 (99.575)
Epoch: [91][200/391], lr: 0.01000	Loss 0.4762 (0.4092)	Prec@1 82.812 (86.303)	Prec@5 98.438 (99.553)
Epoch: [91][210/391], lr: 0.01000	Loss 0.3408 (0.4095)	Prec@1 89.062 (86.304)	Prec@5 100.000 (99.559)
Epoch: [91][220/391], lr: 0.01000	Loss 0.4173 (0.4105)	Prec@1 88.281 (86.305)	Prec@5 100.000 (99.555)
Epoch: [91][230/391], lr: 0.01000	Loss 0.4800 (0.4096)	Prec@1 81.250 (86.313)	Prec@5 99.219 (99.550)
Epoch: [91][240/391], lr: 0.01000	Loss 0.4213 (0.4101)	Prec@1 85.938 (86.294)	Prec@5 100.000 (99.540)
Epoch: [91][250/391], lr: 0.01000	Loss 0.4458 (0.4104)	Prec@1 86.719 (86.299)	Prec@5 99.219 (99.536)
Epoch: [91][260/391], lr: 0.01000	Loss 0.3579 (0.4105)	Prec@1 88.281 (86.273)	Prec@5 99.219 (99.530)
Epoch: [91][270/391], lr: 0.01000	Loss 0.5627 (0.4128)	Prec@1 83.594 (86.206)	Prec@5 99.219 (99.527)
Epoch: [91][280/391], lr: 0.01000	Loss 0.3386 (0.4138)	Prec@1 88.281 (86.165)	Prec@5 100.000 (99.533)
Epoch: [91][290/391], lr: 0.01000	Loss 0.4133 (0.4131)	Prec@1 86.719 (86.176)	Prec@5 100.000 (99.541)
Epoch: [91][300/391], lr: 0.01000	Loss 0.4443 (0.4132)	Prec@1 85.156 (86.184)	Prec@5 100.000 (99.548)
Epoch: [91][310/391], lr: 0.01000	Loss 0.4821 (0.4138)	Prec@1 83.594 (86.171)	Prec@5 99.219 (99.550)
Epoch: [91][320/391], lr: 0.01000	Loss 0.3210 (0.4138)	Prec@1 89.844 (86.176)	Prec@5 99.219 (99.550)
Epoch: [91][330/391], lr: 0.01000	Loss 0.3592 (0.4149)	Prec@1 85.938 (86.103)	Prec@5 99.219 (99.544)
Epoch: [91][340/391], lr: 0.01000	Loss 0.7023 (0.4162)	Prec@1 77.344 (86.054)	Prec@5 100.000 (99.544)
Epoch: [91][350/391], lr: 0.01000	Loss 0.2565 (0.4159)	Prec@1 92.188 (86.087)	Prec@5 100.000 (99.539)
Epoch: [91][360/391], lr: 0.01000	Loss 0.3434 (0.4155)	Prec@1 88.281 (86.102)	Prec@5 100.000 (99.546)
Epoch: [91][370/391], lr: 0.01000	Loss 0.3078 (0.4159)	Prec@1 89.062 (86.085)	Prec@5 100.000 (99.541)
Epoch: [91][380/391], lr: 0.01000	Loss 0.3782 (0.4151)	Prec@1 86.719 (86.116)	Prec@5 100.000 (99.543)
Epoch: [91][390/391], lr: 0.01000	Loss 0.4054 (0.4156)	Prec@1 83.750 (86.112)	Prec@5 100.000 (99.544)
Epoch [91] Training Results: Prec@1 86.112 Prec@5 99.544             Loss 0.41560
Epoch [91] Training Class Recall: [0.735,0.824,0.796,0.836,0.873,0.884,0.907,0.903,0.925,0.930]

Epoch: [92][0/391], lr: 0.01000	Loss 0.3027 (0.3027)	Prec@1 90.625 (90.625)	Prec@5 99.219 (99.219)
Epoch: [92][10/391], lr: 0.01000	Loss 0.5134 (0.3755)	Prec@1 83.594 (88.139)	Prec@5 100.000 (99.503)
Epoch: [92][20/391], lr: 0.01000	Loss 0.3188 (0.3985)	Prec@1 87.500 (87.165)	Prec@5 100.000 (99.479)
Epoch: [92][30/391], lr: 0.01000	Loss 0.3886 (0.3973)	Prec@1 87.500 (87.147)	Prec@5 99.219 (99.496)
Epoch: [92][40/391], lr: 0.01000	Loss 0.2947 (0.3927)	Prec@1 91.406 (86.852)	Prec@5 100.000 (99.524)
Epoch: [92][50/391], lr: 0.01000	Loss 0.4233 (0.3879)	Prec@1 87.500 (86.979)	Prec@5 99.219 (99.510)
Epoch: [92][60/391], lr: 0.01000	Loss 0.3311 (0.3850)	Prec@1 85.938 (87.052)	Prec@5 100.000 (99.488)
Epoch: [92][70/391], lr: 0.01000	Loss 0.3508 (0.3903)	Prec@1 85.156 (86.961)	Prec@5 99.219 (99.450)
Epoch: [92][80/391], lr: 0.01000	Loss 0.4120 (0.3918)	Prec@1 90.625 (87.037)	Prec@5 100.000 (99.479)
Epoch: [92][90/391], lr: 0.01000	Loss 0.3230 (0.3927)	Prec@1 87.500 (86.951)	Prec@5 100.000 (99.519)
Epoch: [92][100/391], lr: 0.01000	Loss 0.4050 (0.3966)	Prec@1 87.500 (86.897)	Prec@5 99.219 (99.520)
Epoch: [92][110/391], lr: 0.01000	Loss 0.2927 (0.3980)	Prec@1 91.406 (86.684)	Prec@5 100.000 (99.528)
Epoch: [92][120/391], lr: 0.01000	Loss 0.4509 (0.3951)	Prec@1 86.719 (86.764)	Prec@5 99.219 (99.542)
Epoch: [92][130/391], lr: 0.01000	Loss 0.3185 (0.3970)	Prec@1 88.281 (86.701)	Prec@5 100.000 (99.559)
Epoch: [92][140/391], lr: 0.01000	Loss 0.3923 (0.3969)	Prec@1 90.625 (86.730)	Prec@5 99.219 (99.568)
Epoch: [92][150/391], lr: 0.01000	Loss 0.4761 (0.4019)	Prec@1 84.375 (86.538)	Prec@5 100.000 (99.560)
Epoch: [92][160/391], lr: 0.01000	Loss 0.3272 (0.4048)	Prec@1 86.719 (86.408)	Prec@5 100.000 (99.558)
Epoch: [92][170/391], lr: 0.01000	Loss 0.3402 (0.4074)	Prec@1 89.844 (86.335)	Prec@5 100.000 (99.557)
Epoch: [92][180/391], lr: 0.01000	Loss 0.4565 (0.4104)	Prec@1 84.375 (86.261)	Prec@5 99.219 (99.560)
Epoch: [92][190/391], lr: 0.01000	Loss 0.4008 (0.4105)	Prec@1 85.938 (86.273)	Prec@5 99.219 (99.554)
Epoch: [92][200/391], lr: 0.01000	Loss 0.4294 (0.4126)	Prec@1 84.375 (86.182)	Prec@5 100.000 (99.557)
Epoch: [92][210/391], lr: 0.01000	Loss 0.2975 (0.4103)	Prec@1 90.625 (86.271)	Prec@5 100.000 (99.567)
Epoch: [92][220/391], lr: 0.01000	Loss 0.4795 (0.4104)	Prec@1 85.156 (86.238)	Prec@5 99.219 (99.565)
Epoch: [92][230/391], lr: 0.01000	Loss 0.4059 (0.4107)	Prec@1 87.500 (86.249)	Prec@5 100.000 (99.560)
Epoch: [92][240/391], lr: 0.01000	Loss 0.4249 (0.4113)	Prec@1 87.500 (86.194)	Prec@5 99.219 (99.562)
Epoch: [92][250/391], lr: 0.01000	Loss 0.3846 (0.4114)	Prec@1 85.938 (86.208)	Prec@5 100.000 (99.564)
Epoch: [92][260/391], lr: 0.01000	Loss 0.4483 (0.4124)	Prec@1 88.281 (86.216)	Prec@5 100.000 (99.572)
Epoch: [92][270/391], lr: 0.01000	Loss 0.5003 (0.4120)	Prec@1 83.594 (86.232)	Prec@5 100.000 (99.585)
Epoch: [92][280/391], lr: 0.01000	Loss 0.3242 (0.4104)	Prec@1 90.625 (86.304)	Prec@5 99.219 (99.580)
Epoch: [92][290/391], lr: 0.01000	Loss 0.3010 (0.4107)	Prec@1 91.406 (86.308)	Prec@5 100.000 (99.570)
Epoch: [92][300/391], lr: 0.01000	Loss 0.5195 (0.4118)	Prec@1 84.375 (86.272)	Prec@5 99.219 (99.569)
Epoch: [92][310/391], lr: 0.01000	Loss 0.3611 (0.4127)	Prec@1 88.281 (86.246)	Prec@5 100.000 (99.560)
Epoch: [92][320/391], lr: 0.01000	Loss 0.5040 (0.4150)	Prec@1 85.938 (86.186)	Prec@5 99.219 (99.559)
Epoch: [92][330/391], lr: 0.01000	Loss 0.4531 (0.4158)	Prec@1 86.719 (86.176)	Prec@5 100.000 (99.563)
Epoch: [92][340/391], lr: 0.01000	Loss 0.6056 (0.4176)	Prec@1 77.344 (86.086)	Prec@5 99.219 (99.562)
Epoch: [92][350/391], lr: 0.01000	Loss 0.4484 (0.4177)	Prec@1 88.281 (86.102)	Prec@5 98.438 (99.559)
Epoch: [92][360/391], lr: 0.01000	Loss 0.4242 (0.4191)	Prec@1 85.156 (86.104)	Prec@5 99.219 (99.550)
Epoch: [92][370/391], lr: 0.01000	Loss 0.5147 (0.4208)	Prec@1 83.594 (86.066)	Prec@5 99.219 (99.533)
Epoch: [92][380/391], lr: 0.01000	Loss 0.6266 (0.4216)	Prec@1 82.031 (86.020)	Prec@5 99.219 (99.535)
Epoch: [92][390/391], lr: 0.01000	Loss 0.4284 (0.4214)	Prec@1 87.500 (86.014)	Prec@5 100.000 (99.532)
Epoch [92] Training Results: Prec@1 86.014 Prec@5 99.532             Loss 0.42145
Epoch [92] Training Class Recall: [0.734,0.818,0.795,0.836,0.866,0.885,0.897,0.914,0.923,0.933]

Epoch: [93][0/391], lr: 0.01000	Loss 0.3574 (0.3574)	Prec@1 89.062 (89.062)	Prec@5 99.219 (99.219)
Epoch: [93][10/391], lr: 0.01000	Loss 0.4606 (0.4145)	Prec@1 83.594 (86.364)	Prec@5 99.219 (99.361)
Epoch: [93][20/391], lr: 0.01000	Loss 0.4713 (0.4183)	Prec@1 84.375 (85.826)	Prec@5 100.000 (99.405)
Epoch: [93][30/391], lr: 0.01000	Loss 0.3123 (0.4014)	Prec@1 88.281 (86.467)	Prec@5 99.219 (99.370)
Epoch: [93][40/391], lr: 0.01000	Loss 0.4606 (0.3970)	Prec@1 86.719 (86.909)	Prec@5 99.219 (99.486)
Epoch: [93][50/391], lr: 0.01000	Loss 0.6813 (0.4006)	Prec@1 80.469 (86.964)	Prec@5 96.875 (99.464)
Epoch: [93][60/391], lr: 0.01000	Loss 0.5947 (0.4025)	Prec@1 81.250 (86.949)	Prec@5 100.000 (99.526)
Epoch: [93][70/391], lr: 0.01000	Loss 0.3481 (0.4020)	Prec@1 87.500 (86.851)	Prec@5 100.000 (99.560)
Epoch: [93][80/391], lr: 0.01000	Loss 0.4787 (0.4016)	Prec@1 82.031 (86.863)	Prec@5 99.219 (99.537)
Epoch: [93][90/391], lr: 0.01000	Loss 0.4889 (0.4106)	Prec@1 82.031 (86.530)	Prec@5 100.000 (99.519)
Epoch: [93][100/391], lr: 0.01000	Loss 0.6152 (0.4165)	Prec@1 75.000 (86.224)	Prec@5 99.219 (99.513)
Epoch: [93][110/391], lr: 0.01000	Loss 0.3060 (0.4226)	Prec@1 88.281 (86.135)	Prec@5 99.219 (99.493)
Epoch: [93][120/391], lr: 0.01000	Loss 0.4532 (0.4261)	Prec@1 84.375 (85.963)	Prec@5 100.000 (99.471)
Epoch: [93][130/391], lr: 0.01000	Loss 0.4470 (0.4272)	Prec@1 86.719 (85.908)	Prec@5 99.219 (99.475)
Epoch: [93][140/391], lr: 0.01000	Loss 0.5124 (0.4278)	Prec@1 83.594 (85.827)	Prec@5 100.000 (99.490)
Epoch: [93][150/391], lr: 0.01000	Loss 0.4431 (0.4248)	Prec@1 84.375 (85.896)	Prec@5 99.219 (99.498)
Epoch: [93][160/391], lr: 0.01000	Loss 0.4558 (0.4212)	Prec@1 86.719 (86.005)	Prec@5 100.000 (99.500)
Epoch: [93][170/391], lr: 0.01000	Loss 0.4156 (0.4189)	Prec@1 83.594 (86.075)	Prec@5 99.219 (99.507)
Epoch: [93][180/391], lr: 0.01000	Loss 0.4441 (0.4195)	Prec@1 85.156 (86.076)	Prec@5 100.000 (99.512)
Epoch: [93][190/391], lr: 0.01000	Loss 0.2862 (0.4193)	Prec@1 89.062 (86.085)	Prec@5 100.000 (99.517)
Epoch: [93][200/391], lr: 0.01000	Loss 0.5407 (0.4187)	Prec@1 80.469 (86.109)	Prec@5 98.438 (99.510)
Epoch: [93][210/391], lr: 0.01000	Loss 0.4748 (0.4199)	Prec@1 82.031 (86.063)	Prec@5 99.219 (99.522)
Epoch: [93][220/391], lr: 0.01000	Loss 0.3393 (0.4195)	Prec@1 86.719 (86.107)	Prec@5 100.000 (99.533)
Epoch: [93][230/391], lr: 0.01000	Loss 0.5998 (0.4205)	Prec@1 83.594 (86.069)	Prec@5 98.438 (99.530)
Epoch: [93][240/391], lr: 0.01000	Loss 0.3750 (0.4204)	Prec@1 89.062 (86.048)	Prec@5 100.000 (99.533)
Epoch: [93][250/391], lr: 0.01000	Loss 0.4147 (0.4194)	Prec@1 85.156 (86.050)	Prec@5 100.000 (99.539)
Epoch: [93][260/391], lr: 0.01000	Loss 0.3680 (0.4189)	Prec@1 86.719 (86.057)	Prec@5 100.000 (99.545)
Epoch: [93][270/391], lr: 0.01000	Loss 0.5454 (0.4204)	Prec@1 82.812 (86.004)	Prec@5 99.219 (99.553)
Epoch: [93][280/391], lr: 0.01000	Loss 0.4722 (0.4197)	Prec@1 82.031 (86.035)	Prec@5 100.000 (99.555)
Epoch: [93][290/391], lr: 0.01000	Loss 0.3562 (0.4218)	Prec@1 89.062 (85.962)	Prec@5 100.000 (99.552)
Epoch: [93][300/391], lr: 0.01000	Loss 0.4374 (0.4214)	Prec@1 85.156 (85.992)	Prec@5 99.219 (99.556)
Epoch: [93][310/391], lr: 0.01000	Loss 0.5169 (0.4223)	Prec@1 82.812 (85.968)	Prec@5 98.438 (99.538)
Epoch: [93][320/391], lr: 0.01000	Loss 0.5946 (0.4230)	Prec@1 81.250 (85.940)	Prec@5 100.000 (99.535)
Epoch: [93][330/391], lr: 0.01000	Loss 0.4918 (0.4244)	Prec@1 84.375 (85.928)	Prec@5 100.000 (99.540)
Epoch: [93][340/391], lr: 0.01000	Loss 0.4065 (0.4241)	Prec@1 86.719 (85.963)	Prec@5 99.219 (99.535)
Epoch: [93][350/391], lr: 0.01000	Loss 0.4388 (0.4239)	Prec@1 88.281 (85.969)	Prec@5 100.000 (99.544)
Epoch: [93][360/391], lr: 0.01000	Loss 0.2769 (0.4232)	Prec@1 89.844 (85.979)	Prec@5 100.000 (99.550)
Epoch: [93][370/391], lr: 0.01000	Loss 0.3720 (0.4229)	Prec@1 88.281 (85.988)	Prec@5 100.000 (99.549)
Epoch: [93][380/391], lr: 0.01000	Loss 0.4395 (0.4224)	Prec@1 84.375 (86.009)	Prec@5 100.000 (99.551)
Epoch: [93][390/391], lr: 0.01000	Loss 0.3627 (0.4219)	Prec@1 86.250 (86.028)	Prec@5 98.750 (99.546)
Epoch [93] Training Results: Prec@1 86.028 Prec@5 99.546             Loss 0.42188
Epoch [93] Training Class Recall: [0.728,0.815,0.801,0.842,0.870,0.884,0.906,0.904,0.925,0.927]

Epoch: [94][0/391], lr: 0.01000	Loss 0.7169 (0.7169)	Prec@1 78.125 (78.125)	Prec@5 99.219 (99.219)
Epoch: [94][10/391], lr: 0.01000	Loss 0.4251 (0.5017)	Prec@1 82.812 (83.523)	Prec@5 100.000 (99.290)
Epoch: [94][20/391], lr: 0.01000	Loss 0.4342 (0.4641)	Prec@1 83.594 (84.598)	Prec@5 99.219 (99.368)
Epoch: [94][30/391], lr: 0.01000	Loss 0.5142 (0.4507)	Prec@1 85.156 (85.131)	Prec@5 99.219 (99.420)
Epoch: [94][40/391], lr: 0.01000	Loss 0.3515 (0.4271)	Prec@1 87.500 (85.861)	Prec@5 99.219 (99.524)
Epoch: [94][50/391], lr: 0.01000	Loss 0.3681 (0.4256)	Prec@1 87.500 (85.769)	Prec@5 100.000 (99.540)
Epoch: [94][60/391], lr: 0.01000	Loss 0.3376 (0.4200)	Prec@1 87.500 (85.925)	Prec@5 100.000 (99.577)
Epoch: [94][70/391], lr: 0.01000	Loss 0.3767 (0.4168)	Prec@1 88.281 (85.982)	Prec@5 99.219 (99.604)
Epoch: [94][80/391], lr: 0.01000	Loss 0.3595 (0.4156)	Prec@1 89.844 (86.063)	Prec@5 99.219 (99.566)
Epoch: [94][90/391], lr: 0.01000	Loss 0.4500 (0.4177)	Prec@1 83.594 (85.963)	Prec@5 100.000 (99.571)
Epoch: [94][100/391], lr: 0.01000	Loss 0.4586 (0.4169)	Prec@1 83.594 (85.999)	Prec@5 99.219 (99.582)
Epoch: [94][110/391], lr: 0.01000	Loss 0.4622 (0.4144)	Prec@1 85.156 (86.170)	Prec@5 100.000 (99.557)
Epoch: [94][120/391], lr: 0.01000	Loss 0.3839 (0.4128)	Prec@1 84.375 (86.151)	Prec@5 99.219 (99.554)
Epoch: [94][130/391], lr: 0.01000	Loss 0.2822 (0.4111)	Prec@1 89.062 (86.260)	Prec@5 100.000 (99.565)
Epoch: [94][140/391], lr: 0.01000	Loss 0.3964 (0.4098)	Prec@1 85.156 (86.253)	Prec@5 99.219 (99.573)
Epoch: [94][150/391], lr: 0.01000	Loss 0.3678 (0.4136)	Prec@1 89.062 (86.144)	Prec@5 98.438 (99.534)
Epoch: [94][160/391], lr: 0.01000	Loss 0.4372 (0.4159)	Prec@1 83.594 (86.078)	Prec@5 100.000 (99.520)
Epoch: [94][170/391], lr: 0.01000	Loss 0.2396 (0.4168)	Prec@1 93.750 (86.102)	Prec@5 100.000 (99.507)
Epoch: [94][180/391], lr: 0.01000	Loss 0.4541 (0.4156)	Prec@1 80.469 (86.132)	Prec@5 100.000 (99.525)
Epoch: [94][190/391], lr: 0.01000	Loss 0.4714 (0.4168)	Prec@1 82.812 (86.097)	Prec@5 99.219 (99.517)
Epoch: [94][200/391], lr: 0.01000	Loss 0.4704 (0.4150)	Prec@1 83.594 (86.178)	Prec@5 100.000 (99.530)
Epoch: [94][210/391], lr: 0.01000	Loss 0.3487 (0.4123)	Prec@1 85.156 (86.226)	Prec@5 100.000 (99.537)
Epoch: [94][220/391], lr: 0.01000	Loss 0.3395 (0.4144)	Prec@1 86.719 (86.171)	Prec@5 100.000 (99.519)
Epoch: [94][230/391], lr: 0.01000	Loss 0.6382 (0.4168)	Prec@1 82.031 (86.100)	Prec@5 98.438 (99.527)
Epoch: [94][240/391], lr: 0.01000	Loss 0.3947 (0.4168)	Prec@1 87.500 (86.090)	Prec@5 100.000 (99.540)
Epoch: [94][250/391], lr: 0.01000	Loss 0.4582 (0.4186)	Prec@1 83.594 (86.028)	Prec@5 100.000 (99.539)
Epoch: [94][260/391], lr: 0.01000	Loss 0.5398 (0.4188)	Prec@1 83.594 (86.000)	Prec@5 99.219 (99.536)
Epoch: [94][270/391], lr: 0.01000	Loss 0.5045 (0.4189)	Prec@1 81.250 (85.987)	Prec@5 98.438 (99.527)
Epoch: [94][280/391], lr: 0.01000	Loss 0.2679 (0.4195)	Prec@1 89.844 (85.988)	Prec@5 100.000 (99.538)
Epoch: [94][290/391], lr: 0.01000	Loss 0.3350 (0.4201)	Prec@1 88.281 (85.940)	Prec@5 100.000 (99.541)
Epoch: [94][300/391], lr: 0.01000	Loss 0.3738 (0.4198)	Prec@1 89.062 (85.966)	Prec@5 99.219 (99.548)
Epoch: [94][310/391], lr: 0.01000	Loss 0.4566 (0.4197)	Prec@1 85.156 (85.960)	Prec@5 100.000 (99.550)
Epoch: [94][320/391], lr: 0.01000	Loss 0.3195 (0.4192)	Prec@1 88.281 (86.015)	Prec@5 100.000 (99.542)
Epoch: [94][330/391], lr: 0.01000	Loss 0.5316 (0.4185)	Prec@1 83.594 (86.046)	Prec@5 100.000 (99.552)
Epoch: [94][340/391], lr: 0.01000	Loss 0.4226 (0.4160)	Prec@1 84.375 (86.137)	Prec@5 98.438 (99.558)
Epoch: [94][350/391], lr: 0.01000	Loss 0.4069 (0.4152)	Prec@1 88.281 (86.151)	Prec@5 98.438 (99.555)
Epoch: [94][360/391], lr: 0.01000	Loss 0.3860 (0.4145)	Prec@1 83.594 (86.158)	Prec@5 100.000 (99.552)
Epoch: [94][370/391], lr: 0.01000	Loss 0.3121 (0.4133)	Prec@1 89.062 (86.184)	Prec@5 100.000 (99.556)
Epoch: [94][380/391], lr: 0.01000	Loss 0.4816 (0.4135)	Prec@1 86.719 (86.179)	Prec@5 99.219 (99.555)
Epoch: [94][390/391], lr: 0.01000	Loss 0.5062 (0.4134)	Prec@1 75.000 (86.182)	Prec@5 100.000 (99.560)
Epoch [94] Training Results: Prec@1 86.182 Prec@5 99.560             Loss 0.41342
Epoch [94] Training Class Recall: [0.731,0.811,0.802,0.833,0.872,0.895,0.901,0.908,0.935,0.929]

Epoch: [95][0/391], lr: 0.01000	Loss 0.3135 (0.3135)	Prec@1 90.625 (90.625)	Prec@5 98.438 (98.438)
Epoch: [95][10/391], lr: 0.01000	Loss 0.3717 (0.3558)	Prec@1 88.281 (88.494)	Prec@5 99.219 (99.574)
Epoch: [95][20/391], lr: 0.01000	Loss 0.3037 (0.3652)	Prec@1 89.062 (87.760)	Prec@5 100.000 (99.554)
Epoch: [95][30/391], lr: 0.01000	Loss 0.3237 (0.3784)	Prec@1 89.844 (87.072)	Prec@5 99.219 (99.597)
Epoch: [95][40/391], lr: 0.01000	Loss 0.6313 (0.3930)	Prec@1 78.125 (86.662)	Prec@5 100.000 (99.581)
Epoch: [95][50/391], lr: 0.01000	Loss 0.3471 (0.3907)	Prec@1 86.719 (86.657)	Prec@5 100.000 (99.586)
Epoch: [95][60/391], lr: 0.01000	Loss 0.3210 (0.3975)	Prec@1 85.156 (86.386)	Prec@5 100.000 (99.577)
Epoch: [95][70/391], lr: 0.01000	Loss 0.3610 (0.4051)	Prec@1 89.062 (86.147)	Prec@5 100.000 (99.571)
Epoch: [95][80/391], lr: 0.01000	Loss 0.4279 (0.4058)	Prec@1 84.375 (86.140)	Prec@5 100.000 (99.556)
Epoch: [95][90/391], lr: 0.01000	Loss 0.4314 (0.4053)	Prec@1 85.938 (86.169)	Prec@5 99.219 (99.536)
Epoch: [95][100/391], lr: 0.01000	Loss 0.4355 (0.4071)	Prec@1 88.281 (86.177)	Prec@5 99.219 (99.536)
Epoch: [95][110/391], lr: 0.01000	Loss 0.4537 (0.4135)	Prec@1 87.500 (86.022)	Prec@5 99.219 (99.521)
Epoch: [95][120/391], lr: 0.01000	Loss 0.4868 (0.4150)	Prec@1 85.938 (85.989)	Prec@5 100.000 (99.509)
Epoch: [95][130/391], lr: 0.01000	Loss 0.4662 (0.4190)	Prec@1 82.031 (85.878)	Prec@5 100.000 (99.499)
Epoch: [95][140/391], lr: 0.01000	Loss 0.4946 (0.4197)	Prec@1 82.031 (85.932)	Prec@5 100.000 (99.496)
Epoch: [95][150/391], lr: 0.01000	Loss 0.5554 (0.4200)	Prec@1 82.031 (85.927)	Prec@5 99.219 (99.508)
Epoch: [95][160/391], lr: 0.01000	Loss 0.4010 (0.4190)	Prec@1 84.375 (85.952)	Prec@5 100.000 (99.529)
Epoch: [95][170/391], lr: 0.01000	Loss 0.3701 (0.4182)	Prec@1 86.719 (85.992)	Prec@5 100.000 (99.552)
Epoch: [95][180/391], lr: 0.01000	Loss 0.5875 (0.4192)	Prec@1 84.375 (86.002)	Prec@5 98.438 (99.551)
Epoch: [95][190/391], lr: 0.01000	Loss 0.4433 (0.4197)	Prec@1 85.938 (86.023)	Prec@5 98.438 (99.534)
Epoch: [95][200/391], lr: 0.01000	Loss 0.3989 (0.4194)	Prec@1 88.281 (86.042)	Prec@5 99.219 (99.534)
Epoch: [95][210/391], lr: 0.01000	Loss 0.3531 (0.4165)	Prec@1 89.062 (86.134)	Prec@5 100.000 (99.533)
Epoch: [95][220/391], lr: 0.01000	Loss 0.4011 (0.4185)	Prec@1 85.938 (86.100)	Prec@5 100.000 (99.537)
Epoch: [95][230/391], lr: 0.01000	Loss 0.5146 (0.4189)	Prec@1 85.156 (86.093)	Prec@5 98.438 (99.533)
Epoch: [95][240/391], lr: 0.01000	Loss 0.4288 (0.4193)	Prec@1 83.594 (86.067)	Prec@5 99.219 (99.530)
Epoch: [95][250/391], lr: 0.01000	Loss 0.4879 (0.4190)	Prec@1 83.594 (86.056)	Prec@5 99.219 (99.542)
Epoch: [95][260/391], lr: 0.01000	Loss 0.4853 (0.4168)	Prec@1 83.594 (86.111)	Prec@5 98.438 (99.548)
Epoch: [95][270/391], lr: 0.01000	Loss 0.2342 (0.4156)	Prec@1 92.969 (86.180)	Prec@5 100.000 (99.553)
Epoch: [95][280/391], lr: 0.01000	Loss 0.2944 (0.4151)	Prec@1 91.406 (86.221)	Prec@5 99.219 (99.563)
Epoch: [95][290/391], lr: 0.01000	Loss 0.3937 (0.4143)	Prec@1 86.719 (86.227)	Prec@5 99.219 (99.570)
Epoch: [95][300/391], lr: 0.01000	Loss 0.4209 (0.4135)	Prec@1 85.938 (86.254)	Prec@5 100.000 (99.569)
Epoch: [95][310/391], lr: 0.01000	Loss 0.3326 (0.4143)	Prec@1 90.625 (86.267)	Prec@5 100.000 (99.568)
Epoch: [95][320/391], lr: 0.01000	Loss 0.3944 (0.4166)	Prec@1 88.281 (86.208)	Prec@5 100.000 (99.559)
Epoch: [95][330/391], lr: 0.01000	Loss 0.3335 (0.4167)	Prec@1 88.281 (86.166)	Prec@5 100.000 (99.563)
Epoch: [95][340/391], lr: 0.01000	Loss 0.3780 (0.4184)	Prec@1 87.500 (86.114)	Prec@5 100.000 (99.560)
Epoch: [95][350/391], lr: 0.01000	Loss 0.5130 (0.4197)	Prec@1 81.250 (86.107)	Prec@5 99.219 (99.557)
Epoch: [95][360/391], lr: 0.01000	Loss 0.5993 (0.4199)	Prec@1 77.344 (86.106)	Prec@5 99.219 (99.550)
Epoch: [95][370/391], lr: 0.01000	Loss 0.5099 (0.4193)	Prec@1 84.375 (86.121)	Prec@5 99.219 (99.549)
Epoch: [95][380/391], lr: 0.01000	Loss 0.4895 (0.4201)	Prec@1 85.938 (86.089)	Prec@5 100.000 (99.549)
Epoch: [95][390/391], lr: 0.01000	Loss 0.5617 (0.4209)	Prec@1 80.000 (86.052)	Prec@5 100.000 (99.550)
Epoch [95] Training Results: Prec@1 86.052 Prec@5 99.550             Loss 0.42086
Epoch [95] Training Class Recall: [0.729,0.822,0.787,0.835,0.868,0.883,0.910,0.909,0.928,0.933]

Epoch: [96][0/391], lr: 0.01000	Loss 0.3628 (0.3628)	Prec@1 89.844 (89.844)	Prec@5 100.000 (100.000)
Epoch: [96][10/391], lr: 0.01000	Loss 0.3896 (0.4354)	Prec@1 86.719 (85.156)	Prec@5 100.000 (99.503)
Epoch: [96][20/391], lr: 0.01000	Loss 0.2778 (0.4276)	Prec@1 91.406 (85.603)	Prec@5 99.219 (99.442)
Epoch: [96][30/391], lr: 0.01000	Loss 0.3604 (0.4196)	Prec@1 89.062 (85.811)	Prec@5 100.000 (99.496)
Epoch: [96][40/391], lr: 0.01000	Loss 0.3887 (0.4224)	Prec@1 86.719 (85.842)	Prec@5 99.219 (99.409)
Epoch: [96][50/391], lr: 0.01000	Loss 0.4354 (0.4174)	Prec@1 87.500 (86.060)	Prec@5 100.000 (99.433)
Epoch: [96][60/391], lr: 0.01000	Loss 0.3542 (0.4086)	Prec@1 88.281 (86.527)	Prec@5 100.000 (99.398)
Epoch: [96][70/391], lr: 0.01000	Loss 0.2952 (0.4039)	Prec@1 88.281 (86.620)	Prec@5 100.000 (99.428)
Epoch: [96][80/391], lr: 0.01000	Loss 0.3296 (0.4001)	Prec@1 92.188 (86.738)	Prec@5 100.000 (99.441)
Epoch: [96][90/391], lr: 0.01000	Loss 0.4285 (0.4028)	Prec@1 88.281 (86.719)	Prec@5 100.000 (99.476)
Epoch: [96][100/391], lr: 0.01000	Loss 0.3838 (0.3971)	Prec@1 87.500 (86.959)	Prec@5 99.219 (99.497)
Epoch: [96][110/391], lr: 0.01000	Loss 0.5178 (0.3970)	Prec@1 82.031 (86.916)	Prec@5 98.438 (99.507)
Epoch: [96][120/391], lr: 0.01000	Loss 0.4304 (0.3991)	Prec@1 86.719 (86.861)	Prec@5 98.438 (99.516)
Epoch: [96][130/391], lr: 0.01000	Loss 0.3233 (0.3972)	Prec@1 88.281 (86.898)	Prec@5 99.219 (99.523)
Epoch: [96][140/391], lr: 0.01000	Loss 0.5545 (0.3999)	Prec@1 83.594 (86.807)	Prec@5 97.656 (99.518)
Epoch: [96][150/391], lr: 0.01000	Loss 0.4282 (0.4015)	Prec@1 85.938 (86.745)	Prec@5 99.219 (99.529)
Epoch: [96][160/391], lr: 0.01000	Loss 0.4386 (0.4009)	Prec@1 81.250 (86.665)	Prec@5 100.000 (99.544)
Epoch: [96][170/391], lr: 0.01000	Loss 0.3774 (0.4037)	Prec@1 82.812 (86.504)	Prec@5 100.000 (99.552)
Epoch: [96][180/391], lr: 0.01000	Loss 0.3729 (0.4063)	Prec@1 86.719 (86.391)	Prec@5 99.219 (99.551)
Epoch: [96][190/391], lr: 0.01000	Loss 0.5481 (0.4111)	Prec@1 82.812 (86.240)	Prec@5 99.219 (99.546)
Epoch: [96][200/391], lr: 0.01000	Loss 0.5320 (0.4126)	Prec@1 79.688 (86.194)	Prec@5 98.438 (99.537)
Epoch: [96][210/391], lr: 0.01000	Loss 0.4165 (0.4152)	Prec@1 85.938 (86.123)	Prec@5 100.000 (99.530)
Epoch: [96][220/391], lr: 0.01000	Loss 0.4082 (0.4157)	Prec@1 83.594 (86.097)	Prec@5 100.000 (99.519)
Epoch: [96][230/391], lr: 0.01000	Loss 0.4209 (0.4151)	Prec@1 85.156 (86.127)	Prec@5 100.000 (99.520)
Epoch: [96][240/391], lr: 0.01000	Loss 0.3523 (0.4149)	Prec@1 85.938 (86.138)	Prec@5 100.000 (99.511)
Epoch: [96][250/391], lr: 0.01000	Loss 0.3647 (0.4139)	Prec@1 86.719 (86.171)	Prec@5 99.219 (99.514)
Epoch: [96][260/391], lr: 0.01000	Loss 0.3822 (0.4131)	Prec@1 86.719 (86.219)	Prec@5 100.000 (99.521)
Epoch: [96][270/391], lr: 0.01000	Loss 0.4019 (0.4121)	Prec@1 89.062 (86.249)	Prec@5 99.219 (99.521)
Epoch: [96][280/391], lr: 0.01000	Loss 0.3941 (0.4119)	Prec@1 86.719 (86.266)	Prec@5 98.438 (99.511)
Epoch: [96][290/391], lr: 0.01000	Loss 0.3808 (0.4126)	Prec@1 88.281 (86.254)	Prec@5 100.000 (99.511)
Epoch: [96][300/391], lr: 0.01000	Loss 0.3162 (0.4112)	Prec@1 90.625 (86.316)	Prec@5 99.219 (99.502)
Epoch: [96][310/391], lr: 0.01000	Loss 0.4200 (0.4108)	Prec@1 86.719 (86.332)	Prec@5 98.438 (99.503)
Epoch: [96][320/391], lr: 0.01000	Loss 0.6562 (0.4133)	Prec@1 80.469 (86.268)	Prec@5 100.000 (99.496)
Epoch: [96][330/391], lr: 0.01000	Loss 0.3698 (0.4148)	Prec@1 92.188 (86.233)	Prec@5 98.438 (99.500)
Epoch: [96][340/391], lr: 0.01000	Loss 0.4797 (0.4167)	Prec@1 80.469 (86.153)	Prec@5 100.000 (99.498)
Epoch: [96][350/391], lr: 0.01000	Loss 0.6838 (0.4196)	Prec@1 81.250 (86.098)	Prec@5 96.875 (99.481)
Epoch: [96][360/391], lr: 0.01000	Loss 0.3532 (0.4197)	Prec@1 87.500 (86.080)	Prec@5 100.000 (99.483)
Epoch: [96][370/391], lr: 0.01000	Loss 0.4719 (0.4216)	Prec@1 86.719 (86.032)	Prec@5 100.000 (99.486)
Epoch: [96][380/391], lr: 0.01000	Loss 0.6484 (0.4226)	Prec@1 79.688 (85.993)	Prec@5 99.219 (99.491)
Epoch: [96][390/391], lr: 0.01000	Loss 0.4665 (0.4217)	Prec@1 85.000 (86.014)	Prec@5 100.000 (99.498)
Epoch [96] Training Results: Prec@1 86.014 Prec@5 99.498             Loss 0.42173
Epoch [96] Training Class Recall: [0.726,0.814,0.793,0.843,0.876,0.890,0.909,0.905,0.917,0.928]

Epoch: [97][0/391], lr: 0.01000	Loss 0.3952 (0.3952)	Prec@1 87.500 (87.500)	Prec@5 99.219 (99.219)
Epoch: [97][10/391], lr: 0.01000	Loss 0.5268 (0.3905)	Prec@1 82.031 (87.358)	Prec@5 99.219 (99.574)
Epoch: [97][20/391], lr: 0.01000	Loss 0.4445 (0.3946)	Prec@1 85.938 (87.314)	Prec@5 100.000 (99.628)
Epoch: [97][30/391], lr: 0.01000	Loss 0.3125 (0.3864)	Prec@1 87.500 (87.198)	Prec@5 99.219 (99.622)
Epoch: [97][40/391], lr: 0.01000	Loss 0.4212 (0.3848)	Prec@1 85.938 (87.386)	Prec@5 98.438 (99.600)
Epoch: [97][50/391], lr: 0.01000	Loss 0.3486 (0.3757)	Prec@1 85.938 (87.607)	Prec@5 100.000 (99.648)
Epoch: [97][60/391], lr: 0.01000	Loss 0.2867 (0.3707)	Prec@1 90.625 (87.769)	Prec@5 100.000 (99.680)
Epoch: [97][70/391], lr: 0.01000	Loss 0.4253 (0.3708)	Prec@1 88.281 (87.808)	Prec@5 99.219 (99.703)
Epoch: [97][80/391], lr: 0.01000	Loss 0.4322 (0.3693)	Prec@1 86.719 (87.809)	Prec@5 98.438 (99.691)
Epoch: [97][90/391], lr: 0.01000	Loss 0.4717 (0.3677)	Prec@1 82.031 (87.775)	Prec@5 99.219 (99.691)
Epoch: [97][100/391], lr: 0.01000	Loss 0.5057 (0.3713)	Prec@1 84.375 (87.717)	Prec@5 98.438 (99.683)
Epoch: [97][110/391], lr: 0.01000	Loss 0.3484 (0.3711)	Prec@1 88.281 (87.690)	Prec@5 100.000 (99.690)
Epoch: [97][120/391], lr: 0.01000	Loss 0.3183 (0.3721)	Prec@1 88.281 (87.629)	Prec@5 100.000 (99.697)
Epoch: [97][130/391], lr: 0.01000	Loss 0.4092 (0.3738)	Prec@1 85.156 (87.512)	Prec@5 100.000 (99.702)
Epoch: [97][140/391], lr: 0.01000	Loss 0.3337 (0.3779)	Prec@1 89.062 (87.373)	Prec@5 100.000 (99.706)
Epoch: [97][150/391], lr: 0.01000	Loss 0.4004 (0.3808)	Prec@1 87.500 (87.262)	Prec@5 100.000 (99.690)
Epoch: [97][160/391], lr: 0.01000	Loss 0.4894 (0.3838)	Prec@1 85.156 (87.180)	Prec@5 98.438 (99.665)
Epoch: [97][170/391], lr: 0.01000	Loss 0.3730 (0.3873)	Prec@1 86.719 (87.084)	Prec@5 100.000 (99.662)
Epoch: [97][180/391], lr: 0.01000	Loss 0.4416 (0.3918)	Prec@1 86.719 (86.978)	Prec@5 99.219 (99.646)
Epoch: [97][190/391], lr: 0.01000	Loss 0.5736 (0.3951)	Prec@1 82.031 (86.846)	Prec@5 97.656 (99.632)
Epoch: [97][200/391], lr: 0.01000	Loss 0.4591 (0.3966)	Prec@1 87.500 (86.824)	Prec@5 98.438 (99.611)
Epoch: [97][210/391], lr: 0.01000	Loss 0.5678 (0.3991)	Prec@1 82.812 (86.708)	Prec@5 98.438 (99.604)
Epoch: [97][220/391], lr: 0.01000	Loss 0.4653 (0.3984)	Prec@1 83.594 (86.719)	Prec@5 100.000 (99.611)
Epoch: [97][230/391], lr: 0.01000	Loss 0.5099 (0.3979)	Prec@1 83.594 (86.749)	Prec@5 100.000 (99.611)
Epoch: [97][240/391], lr: 0.01000	Loss 0.4098 (0.3991)	Prec@1 89.062 (86.725)	Prec@5 99.219 (99.605)
Epoch: [97][250/391], lr: 0.01000	Loss 0.4245 (0.3998)	Prec@1 85.938 (86.713)	Prec@5 98.438 (99.592)
Epoch: [97][260/391], lr: 0.01000	Loss 0.4844 (0.4002)	Prec@1 85.156 (86.698)	Prec@5 98.438 (99.596)
Epoch: [97][270/391], lr: 0.01000	Loss 0.3441 (0.3982)	Prec@1 90.625 (86.725)	Prec@5 99.219 (99.605)
Epoch: [97][280/391], lr: 0.01000	Loss 0.3228 (0.3972)	Prec@1 86.719 (86.724)	Prec@5 99.219 (99.605)
Epoch: [97][290/391], lr: 0.01000	Loss 0.5398 (0.3982)	Prec@1 85.156 (86.692)	Prec@5 99.219 (99.605)
Epoch: [97][300/391], lr: 0.01000	Loss 0.3366 (0.3986)	Prec@1 86.719 (86.695)	Prec@5 100.000 (99.608)
Epoch: [97][310/391], lr: 0.01000	Loss 0.3389 (0.3995)	Prec@1 88.281 (86.701)	Prec@5 100.000 (99.606)
Epoch: [97][320/391], lr: 0.01000	Loss 0.6366 (0.3997)	Prec@1 75.781 (86.660)	Prec@5 99.219 (99.601)
Epoch: [97][330/391], lr: 0.01000	Loss 0.3194 (0.4015)	Prec@1 87.500 (86.615)	Prec@5 100.000 (99.587)
Epoch: [97][340/391], lr: 0.01000	Loss 0.3582 (0.4012)	Prec@1 89.062 (86.668)	Prec@5 99.219 (99.588)
Epoch: [97][350/391], lr: 0.01000	Loss 0.2129 (0.4001)	Prec@1 93.750 (86.676)	Prec@5 100.000 (99.593)
Epoch: [97][360/391], lr: 0.01000	Loss 0.3269 (0.3997)	Prec@1 92.188 (86.684)	Prec@5 99.219 (99.600)
Epoch: [97][370/391], lr: 0.01000	Loss 0.4236 (0.4010)	Prec@1 87.500 (86.649)	Prec@5 98.438 (99.585)
Epoch: [97][380/391], lr: 0.01000	Loss 0.4033 (0.4006)	Prec@1 87.500 (86.661)	Prec@5 99.219 (99.586)
Epoch: [97][390/391], lr: 0.01000	Loss 0.3163 (0.4006)	Prec@1 88.750 (86.642)	Prec@5 100.000 (99.590)
Epoch [97] Training Results: Prec@1 86.642 Prec@5 99.590             Loss 0.40057
Epoch [97] Training Class Recall: [0.736,0.821,0.801,0.845,0.881,0.900,0.912,0.912,0.924,0.932]

Epoch: [98][0/391], lr: 0.01000	Loss 0.4299 (0.4299)	Prec@1 87.500 (87.500)	Prec@5 100.000 (100.000)
Epoch: [98][10/391], lr: 0.01000	Loss 0.4098 (0.4262)	Prec@1 85.938 (85.582)	Prec@5 99.219 (99.645)
Epoch: [98][20/391], lr: 0.01000	Loss 0.3319 (0.4015)	Prec@1 87.500 (86.458)	Prec@5 99.219 (99.702)
Epoch: [98][30/391], lr: 0.01000	Loss 0.3452 (0.3956)	Prec@1 89.062 (87.021)	Prec@5 100.000 (99.723)
Epoch: [98][40/391], lr: 0.01000	Loss 0.4367 (0.3935)	Prec@1 85.938 (87.195)	Prec@5 100.000 (99.676)
Epoch: [98][50/391], lr: 0.01000	Loss 0.2715 (0.3976)	Prec@1 92.969 (87.086)	Prec@5 100.000 (99.632)
Epoch: [98][60/391], lr: 0.01000	Loss 0.4609 (0.3973)	Prec@1 82.812 (87.065)	Prec@5 100.000 (99.590)
Epoch: [98][70/391], lr: 0.01000	Loss 0.3800 (0.4000)	Prec@1 85.938 (86.950)	Prec@5 100.000 (99.593)
Epoch: [98][80/391], lr: 0.01000	Loss 0.4173 (0.4042)	Prec@1 86.719 (86.719)	Prec@5 99.219 (99.537)
Epoch: [98][90/391], lr: 0.01000	Loss 0.4277 (0.4070)	Prec@1 88.281 (86.599)	Prec@5 100.000 (99.562)
Epoch: [98][100/391], lr: 0.01000	Loss 0.4859 (0.4133)	Prec@1 85.156 (86.340)	Prec@5 99.219 (99.544)
Epoch: [98][110/391], lr: 0.01000	Loss 0.4306 (0.4173)	Prec@1 84.375 (86.205)	Prec@5 100.000 (99.535)
Epoch: [98][120/391], lr: 0.01000	Loss 0.5399 (0.4209)	Prec@1 83.594 (86.118)	Prec@5 100.000 (99.529)
Epoch: [98][130/391], lr: 0.01000	Loss 0.3769 (0.4182)	Prec@1 86.719 (86.224)	Prec@5 100.000 (99.535)
Epoch: [98][140/391], lr: 0.01000	Loss 0.3474 (0.4182)	Prec@1 86.719 (86.159)	Prec@5 100.000 (99.540)
Epoch: [98][150/391], lr: 0.01000	Loss 0.3745 (0.4177)	Prec@1 85.938 (86.186)	Prec@5 100.000 (99.550)
Epoch: [98][160/391], lr: 0.01000	Loss 0.4002 (0.4208)	Prec@1 88.281 (86.098)	Prec@5 100.000 (99.544)
Epoch: [98][170/391], lr: 0.01000	Loss 0.5354 (0.4218)	Prec@1 82.812 (86.093)	Prec@5 99.219 (99.529)
Epoch: [98][180/391], lr: 0.01000	Loss 0.4385 (0.4239)	Prec@1 83.594 (86.041)	Prec@5 100.000 (99.517)
Epoch: [98][190/391], lr: 0.01000	Loss 0.3772 (0.4235)	Prec@1 89.062 (86.081)	Prec@5 100.000 (99.513)
Epoch: [98][200/391], lr: 0.01000	Loss 0.5106 (0.4244)	Prec@1 83.594 (86.077)	Prec@5 99.219 (99.514)
Epoch: [98][210/391], lr: 0.01000	Loss 0.3041 (0.4223)	Prec@1 89.062 (86.137)	Prec@5 100.000 (99.526)
Epoch: [98][220/391], lr: 0.01000	Loss 0.3581 (0.4226)	Prec@1 89.844 (86.157)	Prec@5 100.000 (99.533)
Epoch: [98][230/391], lr: 0.01000	Loss 0.4940 (0.4231)	Prec@1 84.375 (86.137)	Prec@5 99.219 (99.533)
Epoch: [98][240/391], lr: 0.01000	Loss 0.3396 (0.4203)	Prec@1 87.500 (86.262)	Prec@5 99.219 (99.533)
Epoch: [98][250/391], lr: 0.01000	Loss 0.3782 (0.4186)	Prec@1 85.938 (86.277)	Prec@5 100.000 (99.542)
Epoch: [98][260/391], lr: 0.01000	Loss 0.4543 (0.4194)	Prec@1 84.375 (86.282)	Prec@5 98.438 (99.533)
Epoch: [98][270/391], lr: 0.01000	Loss 0.3393 (0.4169)	Prec@1 86.719 (86.364)	Prec@5 99.219 (99.539)
Epoch: [98][280/391], lr: 0.01000	Loss 0.2595 (0.4153)	Prec@1 92.969 (86.421)	Prec@5 100.000 (99.536)
Epoch: [98][290/391], lr: 0.01000	Loss 0.5483 (0.4155)	Prec@1 84.375 (86.405)	Prec@5 100.000 (99.549)
Epoch: [98][300/391], lr: 0.01000	Loss 0.3922 (0.4157)	Prec@1 85.938 (86.387)	Prec@5 99.219 (99.546)
Epoch: [98][310/391], lr: 0.01000	Loss 0.4492 (0.4151)	Prec@1 82.031 (86.377)	Prec@5 100.000 (99.550)
Epoch: [98][320/391], lr: 0.01000	Loss 0.4652 (0.4150)	Prec@1 83.594 (86.366)	Prec@5 99.219 (99.545)
Epoch: [98][330/391], lr: 0.01000	Loss 0.3265 (0.4152)	Prec@1 87.500 (86.379)	Prec@5 100.000 (99.552)
Epoch: [98][340/391], lr: 0.01000	Loss 0.3194 (0.4144)	Prec@1 89.062 (86.384)	Prec@5 99.219 (99.556)
Epoch: [98][350/391], lr: 0.01000	Loss 0.5464 (0.4141)	Prec@1 81.250 (86.400)	Prec@5 98.438 (99.557)
Epoch: [98][360/391], lr: 0.01000	Loss 0.4892 (0.4153)	Prec@1 79.688 (86.383)	Prec@5 99.219 (99.543)
Epoch: [98][370/391], lr: 0.01000	Loss 0.3442 (0.4154)	Prec@1 87.500 (86.394)	Prec@5 100.000 (99.547)
Epoch: [98][380/391], lr: 0.01000	Loss 0.4462 (0.4151)	Prec@1 88.281 (86.395)	Prec@5 99.219 (99.547)
Epoch: [98][390/391], lr: 0.01000	Loss 0.4203 (0.4142)	Prec@1 83.750 (86.426)	Prec@5 100.000 (99.552)
Epoch [98] Training Results: Prec@1 86.426 Prec@5 99.552             Loss 0.41419
Epoch [98] Training Class Recall: [0.738,0.816,0.799,0.839,0.878,0.888,0.915,0.911,0.921,0.936]

Epoch: [99][0/391], lr: 0.01000	Loss 0.3429 (0.3429)	Prec@1 87.500 (87.500)	Prec@5 100.000 (100.000)
Epoch: [99][10/391], lr: 0.01000	Loss 0.3592 (0.3601)	Prec@1 89.844 (87.571)	Prec@5 100.000 (99.503)
Epoch: [99][20/391], lr: 0.01000	Loss 0.4353 (0.3661)	Prec@1 86.719 (87.202)	Prec@5 100.000 (99.591)
Epoch: [99][30/391], lr: 0.01000	Loss 0.7054 (0.3858)	Prec@1 74.219 (86.794)	Prec@5 99.219 (99.521)
Epoch: [99][40/391], lr: 0.01000	Loss 0.4207 (0.4003)	Prec@1 85.938 (86.261)	Prec@5 97.656 (99.447)
Epoch: [99][50/391], lr: 0.01000	Loss 0.2962 (0.3988)	Prec@1 89.844 (86.596)	Prec@5 99.219 (99.464)
Epoch: [99][60/391], lr: 0.01000	Loss 0.2917 (0.3959)	Prec@1 88.281 (86.783)	Prec@5 100.000 (99.488)
Epoch: [99][70/391], lr: 0.01000	Loss 0.4957 (0.3964)	Prec@1 83.594 (86.741)	Prec@5 99.219 (99.516)
Epoch: [99][80/391], lr: 0.01000	Loss 0.4134 (0.3973)	Prec@1 86.719 (86.834)	Prec@5 100.000 (99.498)
Epoch: [99][90/391], lr: 0.01000	Loss 0.3810 (0.3990)	Prec@1 85.938 (86.727)	Prec@5 100.000 (99.502)
Epoch: [99][100/391], lr: 0.01000	Loss 0.2796 (0.4002)	Prec@1 89.062 (86.734)	Prec@5 100.000 (99.520)
Epoch: [99][110/391], lr: 0.01000	Loss 0.3529 (0.4001)	Prec@1 88.281 (86.782)	Prec@5 100.000 (99.535)
Epoch: [99][120/391], lr: 0.01000	Loss 0.3919 (0.3997)	Prec@1 89.844 (86.816)	Prec@5 99.219 (99.529)
Epoch: [99][130/391], lr: 0.01000	Loss 0.4835 (0.4026)	Prec@1 85.156 (86.749)	Prec@5 100.000 (99.529)
Epoch: [99][140/391], lr: 0.01000	Loss 0.4629 (0.4085)	Prec@1 84.375 (86.541)	Prec@5 100.000 (99.523)
Epoch: [99][150/391], lr: 0.01000	Loss 0.3026 (0.4102)	Prec@1 92.188 (86.538)	Prec@5 100.000 (99.508)
Epoch: [99][160/391], lr: 0.01000	Loss 0.5504 (0.4133)	Prec@1 79.688 (86.389)	Prec@5 98.438 (99.505)
Epoch: [99][170/391], lr: 0.01000	Loss 0.3037 (0.4161)	Prec@1 88.281 (86.271)	Prec@5 100.000 (99.497)
Epoch: [99][180/391], lr: 0.01000	Loss 0.4782 (0.4181)	Prec@1 84.375 (86.201)	Prec@5 100.000 (99.482)
Epoch: [99][190/391], lr: 0.01000	Loss 0.3445 (0.4179)	Prec@1 89.062 (86.199)	Prec@5 100.000 (99.489)
Epoch: [99][200/391], lr: 0.01000	Loss 0.6001 (0.4204)	Prec@1 77.344 (86.097)	Prec@5 97.656 (99.491)
Epoch: [99][210/391], lr: 0.01000	Loss 0.5833 (0.4192)	Prec@1 78.906 (86.104)	Prec@5 99.219 (99.496)
Epoch: [99][220/391], lr: 0.01000	Loss 0.4474 (0.4198)	Prec@1 86.719 (86.051)	Prec@5 98.438 (99.502)
Epoch: [99][230/391], lr: 0.01000	Loss 0.3808 (0.4232)	Prec@1 90.625 (85.981)	Prec@5 100.000 (99.479)
Epoch: [99][240/391], lr: 0.01000	Loss 0.7026 (0.4236)	Prec@1 81.250 (85.954)	Prec@5 98.438 (99.488)
Epoch: [99][250/391], lr: 0.01000	Loss 0.5515 (0.4253)	Prec@1 80.469 (85.900)	Prec@5 100.000 (99.483)
Epoch: [99][260/391], lr: 0.01000	Loss 0.2704 (0.4244)	Prec@1 90.625 (85.932)	Prec@5 100.000 (99.485)
Epoch: [99][270/391], lr: 0.01000	Loss 0.3672 (0.4240)	Prec@1 87.500 (85.955)	Prec@5 100.000 (99.493)
Epoch: [99][280/391], lr: 0.01000	Loss 0.4899 (0.4239)	Prec@1 85.156 (85.932)	Prec@5 98.438 (99.500)
Epoch: [99][290/391], lr: 0.01000	Loss 0.4250 (0.4231)	Prec@1 85.156 (85.972)	Prec@5 100.000 (99.501)
Epoch: [99][300/391], lr: 0.01000	Loss 0.3740 (0.4218)	Prec@1 88.281 (86.039)	Prec@5 100.000 (99.512)
Epoch: [99][310/391], lr: 0.01000	Loss 0.4644 (0.4232)	Prec@1 85.156 (85.988)	Prec@5 100.000 (99.508)
Epoch: [99][320/391], lr: 0.01000	Loss 0.4424 (0.4232)	Prec@1 85.938 (85.989)	Prec@5 98.438 (99.508)
Epoch: [99][330/391], lr: 0.01000	Loss 0.4271 (0.4229)	Prec@1 85.156 (86.004)	Prec@5 100.000 (99.502)
Epoch: [99][340/391], lr: 0.01000	Loss 0.2490 (0.4226)	Prec@1 91.406 (86.025)	Prec@5 100.000 (99.505)
Epoch: [99][350/391], lr: 0.01000	Loss 0.3528 (0.4211)	Prec@1 88.281 (86.087)	Prec@5 99.219 (99.499)
Epoch: [99][360/391], lr: 0.01000	Loss 0.3166 (0.4208)	Prec@1 87.500 (86.108)	Prec@5 100.000 (99.507)
Epoch: [99][370/391], lr: 0.01000	Loss 0.2718 (0.4199)	Prec@1 90.625 (86.135)	Prec@5 100.000 (99.499)
Epoch: [99][380/391], lr: 0.01000	Loss 0.3601 (0.4191)	Prec@1 88.281 (86.153)	Prec@5 100.000 (99.508)
Epoch: [99][390/391], lr: 0.01000	Loss 0.3771 (0.4179)	Prec@1 83.750 (86.190)	Prec@5 100.000 (99.520)
Epoch [99] Training Results: Prec@1 86.190 Prec@5 99.520             Loss 0.41793
Epoch [99] Training Class Recall: [0.731,0.827,0.789,0.838,0.871,0.893,0.904,0.907,0.925,0.933]

Epoch: [100][0/391], lr: 0.01000	Loss 0.4618 (0.4618)	Prec@1 83.594 (83.594)	Prec@5 98.438 (98.438)
Epoch: [100][10/391], lr: 0.01000	Loss 0.4471 (0.3539)	Prec@1 85.938 (87.642)	Prec@5 100.000 (99.716)
Epoch: [100][20/391], lr: 0.01000	Loss 0.4518 (0.3689)	Prec@1 86.719 (87.500)	Prec@5 100.000 (99.702)
Epoch: [100][30/391], lr: 0.01000	Loss 0.5121 (0.3963)	Prec@1 82.812 (86.794)	Prec@5 99.219 (99.622)
Epoch: [100][40/391], lr: 0.01000	Loss 0.3173 (0.3943)	Prec@1 90.625 (86.814)	Prec@5 99.219 (99.600)
Epoch: [100][50/391], lr: 0.01000	Loss 0.4002 (0.3972)	Prec@1 86.719 (86.795)	Prec@5 100.000 (99.571)
Epoch: [100][60/391], lr: 0.01000	Loss 0.3400 (0.4002)	Prec@1 89.844 (86.796)	Prec@5 100.000 (99.552)
Epoch: [100][70/391], lr: 0.01000	Loss 0.4305 (0.4004)	Prec@1 85.938 (86.708)	Prec@5 100.000 (99.549)
Epoch: [100][80/391], lr: 0.01000	Loss 0.5136 (0.4026)	Prec@1 83.594 (86.680)	Prec@5 100.000 (99.576)
Epoch: [100][90/391], lr: 0.01000	Loss 0.3288 (0.3986)	Prec@1 88.281 (86.684)	Prec@5 100.000 (99.579)
Epoch: [100][100/391], lr: 0.01000	Loss 0.4750 (0.4020)	Prec@1 83.594 (86.564)	Prec@5 100.000 (99.582)
Epoch: [100][110/391], lr: 0.01000	Loss 0.3393 (0.4055)	Prec@1 88.281 (86.437)	Prec@5 100.000 (99.550)
Epoch: [100][120/391], lr: 0.01000	Loss 0.3953 (0.4043)	Prec@1 87.500 (86.396)	Prec@5 100.000 (99.542)
Epoch: [100][130/391], lr: 0.01000	Loss 0.4002 (0.4053)	Prec@1 86.719 (86.337)	Prec@5 100.000 (99.547)
Epoch: [100][140/391], lr: 0.01000	Loss 0.3244 (0.4065)	Prec@1 86.719 (86.353)	Prec@5 99.219 (99.523)
Epoch: [100][150/391], lr: 0.01000	Loss 0.4437 (0.4099)	Prec@1 84.375 (86.238)	Prec@5 100.000 (99.534)
Epoch: [100][160/391], lr: 0.01000	Loss 0.5504 (0.4122)	Prec@1 82.812 (86.102)	Prec@5 99.219 (99.558)
Epoch: [100][170/391], lr: 0.01000	Loss 0.5652 (0.4153)	Prec@1 84.375 (86.038)	Prec@5 98.438 (99.557)
Epoch: [100][180/391], lr: 0.01000	Loss 0.5182 (0.4155)	Prec@1 82.031 (86.028)	Prec@5 99.219 (99.555)
Epoch: [100][190/391], lr: 0.01000	Loss 0.5329 (0.4157)	Prec@1 82.031 (86.023)	Prec@5 100.000 (99.550)
Epoch: [100][200/391], lr: 0.01000	Loss 0.4588 (0.4149)	Prec@1 82.812 (86.070)	Prec@5 100.000 (99.557)
Epoch: [100][210/391], lr: 0.01000	Loss 0.3473 (0.4142)	Prec@1 85.938 (86.063)	Prec@5 100.000 (99.571)
Epoch: [100][220/391], lr: 0.01000	Loss 0.3406 (0.4151)	Prec@1 88.281 (86.012)	Prec@5 100.000 (99.565)
Epoch: [100][230/391], lr: 0.01000	Loss 0.5842 (0.4161)	Prec@1 83.594 (85.992)	Prec@5 99.219 (99.560)
Epoch: [100][240/391], lr: 0.01000	Loss 0.3758 (0.4167)	Prec@1 88.281 (86.002)	Prec@5 100.000 (99.562)
Epoch: [100][250/391], lr: 0.01000	Loss 0.5011 (0.4178)	Prec@1 78.906 (85.984)	Prec@5 99.219 (99.561)
Epoch: [100][260/391], lr: 0.01000	Loss 0.5001 (0.4178)	Prec@1 85.938 (86.003)	Prec@5 98.438 (99.560)
Epoch: [100][270/391], lr: 0.01000	Loss 0.4652 (0.4197)	Prec@1 85.938 (85.929)	Prec@5 100.000 (99.559)
Epoch: [100][280/391], lr: 0.01000	Loss 0.3434 (0.4200)	Prec@1 90.625 (85.907)	Prec@5 99.219 (99.563)
Epoch: [100][290/391], lr: 0.01000	Loss 0.4782 (0.4201)	Prec@1 83.594 (85.935)	Prec@5 99.219 (99.568)
Epoch: [100][300/391], lr: 0.01000	Loss 0.4045 (0.4195)	Prec@1 89.062 (86.005)	Prec@5 98.438 (99.559)
Epoch: [100][310/391], lr: 0.01000	Loss 0.4404 (0.4199)	Prec@1 85.156 (85.975)	Prec@5 100.000 (99.568)
Epoch: [100][320/391], lr: 0.01000	Loss 0.3725 (0.4211)	Prec@1 88.281 (85.962)	Prec@5 100.000 (99.559)
Epoch: [100][330/391], lr: 0.01000	Loss 0.3726 (0.4214)	Prec@1 87.500 (85.980)	Prec@5 99.219 (99.549)
Epoch: [100][340/391], lr: 0.01000	Loss 0.4766 (0.4222)	Prec@1 84.375 (85.958)	Prec@5 100.000 (99.549)
Epoch: [100][350/391], lr: 0.01000	Loss 0.5890 (0.4238)	Prec@1 79.688 (85.915)	Prec@5 98.438 (99.541)
Epoch: [100][360/391], lr: 0.01000	Loss 0.2329 (0.4230)	Prec@1 93.750 (85.944)	Prec@5 100.000 (99.543)
Epoch: [100][370/391], lr: 0.01000	Loss 0.5123 (0.4232)	Prec@1 85.156 (85.942)	Prec@5 100.000 (99.547)
Epoch: [100][380/391], lr: 0.01000	Loss 0.4752 (0.4231)	Prec@1 83.594 (85.938)	Prec@5 98.438 (99.545)
Epoch: [100][390/391], lr: 0.01000	Loss 0.4103 (0.4223)	Prec@1 86.250 (85.976)	Prec@5 100.000 (99.538)
Epoch [100] Training Results: Prec@1 85.976 Prec@5 99.538             Loss 0.42229
Epoch [100] Training Class Recall: [0.723,0.816,0.804,0.839,0.877,0.888,0.903,0.898,0.923,0.927]

Epoch: [101][0/391], lr: 0.01000	Loss 0.4551 (0.4551)	Prec@1 83.594 (83.594)	Prec@5 100.000 (100.000)
Epoch: [101][10/391], lr: 0.01000	Loss 0.3981 (0.4235)	Prec@1 82.812 (85.227)	Prec@5 100.000 (99.787)
Epoch: [101][20/391], lr: 0.01000	Loss 0.4416 (0.4195)	Prec@1 83.594 (85.938)	Prec@5 100.000 (99.591)
Epoch: [101][30/391], lr: 0.01000	Loss 0.4957 (0.4113)	Prec@1 85.156 (86.442)	Prec@5 100.000 (99.597)
Epoch: [101][40/391], lr: 0.01000	Loss 0.3957 (0.4049)	Prec@1 87.500 (86.909)	Prec@5 100.000 (99.581)
Epoch: [101][50/391], lr: 0.01000	Loss 0.3853 (0.4057)	Prec@1 85.156 (86.811)	Prec@5 100.000 (99.540)
Epoch: [101][60/391], lr: 0.01000	Loss 0.3575 (0.4082)	Prec@1 89.844 (86.744)	Prec@5 98.438 (99.488)
Epoch: [101][70/391], lr: 0.01000	Loss 0.2596 (0.3998)	Prec@1 89.844 (86.939)	Prec@5 100.000 (99.560)
Epoch: [101][80/391], lr: 0.01000	Loss 0.4854 (0.3976)	Prec@1 83.594 (87.008)	Prec@5 100.000 (99.576)
Epoch: [101][90/391], lr: 0.01000	Loss 0.3139 (0.3938)	Prec@1 88.281 (87.139)	Prec@5 100.000 (99.614)
Epoch: [101][100/391], lr: 0.01000	Loss 0.3668 (0.3939)	Prec@1 89.062 (87.198)	Prec@5 100.000 (99.590)
Epoch: [101][110/391], lr: 0.01000	Loss 0.3795 (0.3904)	Prec@1 88.281 (87.317)	Prec@5 100.000 (99.599)
Epoch: [101][120/391], lr: 0.01000	Loss 0.3467 (0.3895)	Prec@1 89.844 (87.300)	Prec@5 99.219 (99.619)
Epoch: [101][130/391], lr: 0.01000	Loss 0.4472 (0.3941)	Prec@1 85.938 (87.124)	Prec@5 99.219 (99.583)
Epoch: [101][140/391], lr: 0.01000	Loss 0.5402 (0.3986)	Prec@1 82.812 (86.957)	Prec@5 98.438 (99.562)
Epoch: [101][150/391], lr: 0.01000	Loss 0.3801 (0.4023)	Prec@1 90.625 (86.848)	Prec@5 100.000 (99.545)
Epoch: [101][160/391], lr: 0.01000	Loss 0.5413 (0.4015)	Prec@1 83.594 (86.845)	Prec@5 98.438 (99.554)
Epoch: [101][170/391], lr: 0.01000	Loss 0.4427 (0.4018)	Prec@1 84.375 (86.842)	Prec@5 99.219 (99.543)
Epoch: [101][180/391], lr: 0.01000	Loss 0.5392 (0.4033)	Prec@1 82.031 (86.818)	Prec@5 99.219 (99.542)
Epoch: [101][190/391], lr: 0.01000	Loss 0.4569 (0.4042)	Prec@1 86.719 (86.772)	Prec@5 100.000 (99.550)
Epoch: [101][200/391], lr: 0.01000	Loss 0.4854 (0.4033)	Prec@1 82.812 (86.816)	Prec@5 99.219 (99.553)
Epoch: [101][210/391], lr: 0.01000	Loss 0.2193 (0.4034)	Prec@1 92.969 (86.837)	Prec@5 100.000 (99.556)
Epoch: [101][220/391], lr: 0.01000	Loss 0.4450 (0.4068)	Prec@1 87.500 (86.736)	Prec@5 98.438 (99.555)
Epoch: [101][230/391], lr: 0.01000	Loss 0.3996 (0.4082)	Prec@1 85.156 (86.654)	Prec@5 99.219 (99.550)
Epoch: [101][240/391], lr: 0.01000	Loss 0.3648 (0.4097)	Prec@1 84.375 (86.602)	Prec@5 98.438 (99.543)
Epoch: [101][250/391], lr: 0.01000	Loss 0.3313 (0.4101)	Prec@1 91.406 (86.569)	Prec@5 99.219 (99.555)
Epoch: [101][260/391], lr: 0.01000	Loss 0.3643 (0.4102)	Prec@1 89.844 (86.542)	Prec@5 99.219 (99.557)
Epoch: [101][270/391], lr: 0.01000	Loss 0.3882 (0.4081)	Prec@1 87.500 (86.638)	Prec@5 99.219 (99.562)
Epoch: [101][280/391], lr: 0.01000	Loss 0.4606 (0.4073)	Prec@1 82.812 (86.649)	Prec@5 99.219 (99.558)
Epoch: [101][290/391], lr: 0.01000	Loss 0.3877 (0.4069)	Prec@1 86.719 (86.641)	Prec@5 100.000 (99.562)
Epoch: [101][300/391], lr: 0.01000	Loss 0.3475 (0.4070)	Prec@1 89.062 (86.623)	Prec@5 99.219 (99.559)
Epoch: [101][310/391], lr: 0.01000	Loss 0.4739 (0.4063)	Prec@1 84.375 (86.661)	Prec@5 99.219 (99.558)
Epoch: [101][320/391], lr: 0.01000	Loss 0.4627 (0.4072)	Prec@1 84.375 (86.636)	Prec@5 100.000 (99.557)
Epoch: [101][330/391], lr: 0.01000	Loss 0.4211 (0.4065)	Prec@1 83.594 (86.639)	Prec@5 100.000 (99.561)
Epoch: [101][340/391], lr: 0.01000	Loss 0.3227 (0.4060)	Prec@1 89.062 (86.636)	Prec@5 99.219 (99.558)
Epoch: [101][350/391], lr: 0.01000	Loss 0.4522 (0.4066)	Prec@1 84.375 (86.616)	Prec@5 100.000 (99.559)
Epoch: [101][360/391], lr: 0.01000	Loss 0.6081 (0.4075)	Prec@1 82.031 (86.598)	Prec@5 98.438 (99.554)
Epoch: [101][370/391], lr: 0.01000	Loss 0.5501 (0.4083)	Prec@1 82.031 (86.580)	Prec@5 98.438 (99.543)
Epoch: [101][380/391], lr: 0.01000	Loss 0.3260 (0.4082)	Prec@1 89.844 (86.567)	Prec@5 99.219 (99.543)
Epoch: [101][390/391], lr: 0.01000	Loss 0.4880 (0.4083)	Prec@1 83.750 (86.574)	Prec@5 98.750 (99.548)
Epoch [101] Training Results: Prec@1 86.574 Prec@5 99.548             Loss 0.40832
Epoch [101] Training Class Recall: [0.742,0.820,0.800,0.849,0.874,0.893,0.908,0.914,0.929,0.929]

Epoch: [102][0/391], lr: 0.01000	Loss 0.3912 (0.3912)	Prec@1 88.281 (88.281)	Prec@5 100.000 (100.000)
Epoch: [102][10/391], lr: 0.01000	Loss 0.4680 (0.4111)	Prec@1 85.156 (86.577)	Prec@5 98.438 (99.361)
Epoch: [102][20/391], lr: 0.01000	Loss 0.3083 (0.3831)	Prec@1 87.500 (87.612)	Prec@5 100.000 (99.479)
Epoch: [102][30/391], lr: 0.01000	Loss 0.3623 (0.3709)	Prec@1 86.719 (88.054)	Prec@5 100.000 (99.622)
Epoch: [102][40/391], lr: 0.01000	Loss 0.4760 (0.3819)	Prec@1 83.594 (87.595)	Prec@5 100.000 (99.619)
Epoch: [102][50/391], lr: 0.01000	Loss 0.4111 (0.3784)	Prec@1 87.500 (87.684)	Prec@5 99.219 (99.663)
Epoch: [102][60/391], lr: 0.01000	Loss 0.4106 (0.3844)	Prec@1 87.500 (87.462)	Prec@5 99.219 (99.654)
Epoch: [102][70/391], lr: 0.01000	Loss 0.3885 (0.3903)	Prec@1 89.062 (87.357)	Prec@5 98.438 (99.593)
Epoch: [102][80/391], lr: 0.01000	Loss 0.4774 (0.4015)	Prec@1 85.156 (86.815)	Prec@5 99.219 (99.566)
Epoch: [102][90/391], lr: 0.01000	Loss 0.4050 (0.4000)	Prec@1 85.938 (86.882)	Prec@5 100.000 (99.562)
Epoch: [102][100/391], lr: 0.01000	Loss 0.4208 (0.4013)	Prec@1 84.375 (86.757)	Prec@5 98.438 (99.567)
Epoch: [102][110/391], lr: 0.01000	Loss 0.3048 (0.4025)	Prec@1 92.188 (86.691)	Prec@5 100.000 (99.578)
Epoch: [102][120/391], lr: 0.01000	Loss 0.3341 (0.4000)	Prec@1 92.188 (86.770)	Prec@5 98.438 (99.574)
Epoch: [102][130/391], lr: 0.01000	Loss 0.3947 (0.4013)	Prec@1 86.719 (86.719)	Prec@5 100.000 (99.565)
Epoch: [102][140/391], lr: 0.01000	Loss 0.4325 (0.4039)	Prec@1 88.281 (86.680)	Prec@5 100.000 (99.573)
Epoch: [102][150/391], lr: 0.01000	Loss 0.5677 (0.4069)	Prec@1 80.469 (86.553)	Prec@5 99.219 (99.571)
Epoch: [102][160/391], lr: 0.01000	Loss 0.4407 (0.4059)	Prec@1 86.719 (86.573)	Prec@5 99.219 (99.573)
Epoch: [102][170/391], lr: 0.01000	Loss 0.4561 (0.4082)	Prec@1 83.594 (86.504)	Prec@5 100.000 (99.589)
Epoch: [102][180/391], lr: 0.01000	Loss 0.5386 (0.4106)	Prec@1 85.938 (86.434)	Prec@5 99.219 (99.590)
Epoch: [102][190/391], lr: 0.01000	Loss 0.4684 (0.4123)	Prec@1 87.500 (86.392)	Prec@5 98.438 (99.575)
Epoch: [102][200/391], lr: 0.01000	Loss 0.3834 (0.4146)	Prec@1 86.719 (86.299)	Prec@5 100.000 (99.572)
Epoch: [102][210/391], lr: 0.01000	Loss 0.4457 (0.4157)	Prec@1 85.938 (86.249)	Prec@5 100.000 (99.585)
Epoch: [102][220/391], lr: 0.01000	Loss 0.4082 (0.4163)	Prec@1 87.500 (86.213)	Prec@5 100.000 (99.593)
Epoch: [102][230/391], lr: 0.01000	Loss 0.4114 (0.4167)	Prec@1 85.156 (86.157)	Prec@5 100.000 (99.598)
Epoch: [102][240/391], lr: 0.01000	Loss 0.6147 (0.4165)	Prec@1 79.688 (86.158)	Prec@5 99.219 (99.605)
Epoch: [102][250/391], lr: 0.01000	Loss 0.3341 (0.4165)	Prec@1 87.500 (86.158)	Prec@5 100.000 (99.605)
Epoch: [102][260/391], lr: 0.01000	Loss 0.3347 (0.4151)	Prec@1 88.281 (86.201)	Prec@5 99.219 (99.614)
Epoch: [102][270/391], lr: 0.01000	Loss 0.5141 (0.4146)	Prec@1 81.250 (86.208)	Prec@5 98.438 (99.605)
Epoch: [102][280/391], lr: 0.01000	Loss 0.4656 (0.4132)	Prec@1 89.062 (86.260)	Prec@5 99.219 (99.608)
Epoch: [102][290/391], lr: 0.01000	Loss 0.3629 (0.4121)	Prec@1 85.938 (86.321)	Prec@5 100.000 (99.613)
Epoch: [102][300/391], lr: 0.01000	Loss 0.3625 (0.4103)	Prec@1 85.938 (86.361)	Prec@5 99.219 (99.608)
Epoch: [102][310/391], lr: 0.01000	Loss 0.3745 (0.4099)	Prec@1 85.938 (86.367)	Prec@5 100.000 (99.613)
Epoch: [102][320/391], lr: 0.01000	Loss 0.4263 (0.4092)	Prec@1 84.375 (86.402)	Prec@5 100.000 (99.613)
Epoch: [102][330/391], lr: 0.01000	Loss 0.3939 (0.4086)	Prec@1 86.719 (86.412)	Prec@5 98.438 (99.608)
Epoch: [102][340/391], lr: 0.01000	Loss 0.4902 (0.4085)	Prec@1 86.719 (86.425)	Prec@5 99.219 (99.611)
Epoch: [102][350/391], lr: 0.01000	Loss 0.4976 (0.4092)	Prec@1 85.938 (86.443)	Prec@5 99.219 (99.590)
Epoch: [102][360/391], lr: 0.01000	Loss 0.3460 (0.4085)	Prec@1 89.062 (86.450)	Prec@5 99.219 (99.582)
Epoch: [102][370/391], lr: 0.01000	Loss 0.4645 (0.4083)	Prec@1 85.156 (86.447)	Prec@5 98.438 (99.577)
Epoch: [102][380/391], lr: 0.01000	Loss 0.2728 (0.4079)	Prec@1 87.500 (86.454)	Prec@5 100.000 (99.576)
Epoch: [102][390/391], lr: 0.01000	Loss 0.6202 (0.4069)	Prec@1 83.750 (86.478)	Prec@5 100.000 (99.578)
Epoch [102] Training Results: Prec@1 86.478 Prec@5 99.578             Loss 0.40692
Epoch [102] Training Class Recall: [0.736,0.816,0.807,0.843,0.874,0.893,0.907,0.909,0.931,0.932]

Epoch: [103][0/391], lr: 0.01000	Loss 0.3655 (0.3655)	Prec@1 88.281 (88.281)	Prec@5 98.438 (98.438)
Epoch: [103][10/391], lr: 0.01000	Loss 0.4062 (0.3359)	Prec@1 85.938 (88.920)	Prec@5 99.219 (99.645)
Epoch: [103][20/391], lr: 0.01000	Loss 0.4306 (0.3472)	Prec@1 85.156 (88.132)	Prec@5 99.219 (99.740)
Epoch: [103][30/391], lr: 0.01000	Loss 0.3819 (0.3500)	Prec@1 86.719 (87.928)	Prec@5 100.000 (99.748)
Epoch: [103][40/391], lr: 0.01000	Loss 0.3616 (0.3538)	Prec@1 89.844 (87.824)	Prec@5 99.219 (99.638)
Epoch: [103][50/391], lr: 0.01000	Loss 0.5572 (0.3658)	Prec@1 81.250 (87.577)	Prec@5 98.438 (99.586)
Epoch: [103][60/391], lr: 0.01000	Loss 0.3580 (0.3670)	Prec@1 90.625 (87.666)	Prec@5 99.219 (99.565)
Epoch: [103][70/391], lr: 0.01000	Loss 0.3524 (0.3645)	Prec@1 82.812 (87.764)	Prec@5 100.000 (99.560)
Epoch: [103][80/391], lr: 0.01000	Loss 0.3837 (0.3654)	Prec@1 87.500 (87.693)	Prec@5 100.000 (99.556)
Epoch: [103][90/391], lr: 0.01000	Loss 0.4032 (0.3725)	Prec@1 85.938 (87.397)	Prec@5 100.000 (99.605)
Epoch: [103][100/391], lr: 0.01000	Loss 0.3364 (0.3720)	Prec@1 86.719 (87.368)	Prec@5 100.000 (99.636)
Epoch: [103][110/391], lr: 0.01000	Loss 0.3792 (0.3750)	Prec@1 89.844 (87.345)	Prec@5 99.219 (99.627)
Epoch: [103][120/391], lr: 0.01000	Loss 0.5366 (0.3790)	Prec@1 80.469 (87.203)	Prec@5 100.000 (99.619)
Epoch: [103][130/391], lr: 0.01000	Loss 0.4974 (0.3807)	Prec@1 82.031 (87.118)	Prec@5 100.000 (99.600)
Epoch: [103][140/391], lr: 0.01000	Loss 0.4423 (0.3823)	Prec@1 85.156 (87.107)	Prec@5 98.438 (99.579)
Epoch: [103][150/391], lr: 0.01000	Loss 0.3978 (0.3831)	Prec@1 88.281 (87.102)	Prec@5 99.219 (99.591)
Epoch: [103][160/391], lr: 0.01000	Loss 0.4240 (0.3840)	Prec@1 86.719 (87.029)	Prec@5 99.219 (99.592)
Epoch: [103][170/391], lr: 0.01000	Loss 0.2577 (0.3855)	Prec@1 92.188 (87.002)	Prec@5 99.219 (99.589)
Epoch: [103][180/391], lr: 0.01000	Loss 0.4258 (0.3882)	Prec@1 88.281 (86.995)	Prec@5 98.438 (99.577)
Epoch: [103][190/391], lr: 0.01000	Loss 0.4737 (0.3890)	Prec@1 82.031 (86.972)	Prec@5 100.000 (99.571)
Epoch: [103][200/391], lr: 0.01000	Loss 0.3691 (0.3900)	Prec@1 84.375 (86.901)	Prec@5 100.000 (99.576)
Epoch: [103][210/391], lr: 0.01000	Loss 0.4069 (0.3913)	Prec@1 84.375 (86.834)	Prec@5 100.000 (99.582)
Epoch: [103][220/391], lr: 0.01000	Loss 0.3383 (0.3921)	Prec@1 89.844 (86.814)	Prec@5 100.000 (99.586)
Epoch: [103][230/391], lr: 0.01000	Loss 0.4463 (0.3927)	Prec@1 85.938 (86.810)	Prec@5 100.000 (99.587)
Epoch: [103][240/391], lr: 0.01000	Loss 0.3501 (0.3936)	Prec@1 87.500 (86.822)	Prec@5 99.219 (99.582)
Epoch: [103][250/391], lr: 0.01000	Loss 0.3622 (0.3967)	Prec@1 90.625 (86.697)	Prec@5 99.219 (99.592)
Epoch: [103][260/391], lr: 0.01000	Loss 0.4211 (0.3976)	Prec@1 85.156 (86.617)	Prec@5 100.000 (99.593)
Epoch: [103][270/391], lr: 0.01000	Loss 0.4947 (0.3996)	Prec@1 85.938 (86.534)	Prec@5 100.000 (99.594)
Epoch: [103][280/391], lr: 0.01000	Loss 0.3271 (0.4034)	Prec@1 91.406 (86.410)	Prec@5 100.000 (99.580)
Epoch: [103][290/391], lr: 0.01000	Loss 0.3346 (0.4037)	Prec@1 85.938 (86.394)	Prec@5 100.000 (99.584)
Epoch: [103][300/391], lr: 0.01000	Loss 0.3108 (0.4026)	Prec@1 89.844 (86.449)	Prec@5 100.000 (99.582)
Epoch: [103][310/391], lr: 0.01000	Loss 0.4370 (0.4028)	Prec@1 85.938 (86.457)	Prec@5 99.219 (99.583)
Epoch: [103][320/391], lr: 0.01000	Loss 0.4016 (0.4030)	Prec@1 84.375 (86.441)	Prec@5 100.000 (99.586)
Epoch: [103][330/391], lr: 0.01000	Loss 0.3563 (0.4026)	Prec@1 90.625 (86.495)	Prec@5 100.000 (99.592)
Epoch: [103][340/391], lr: 0.01000	Loss 0.3455 (0.4036)	Prec@1 88.281 (86.497)	Prec@5 99.219 (99.590)
Epoch: [103][350/391], lr: 0.01000	Loss 0.6298 (0.4037)	Prec@1 77.344 (86.489)	Prec@5 99.219 (99.595)
Epoch: [103][360/391], lr: 0.01000	Loss 0.3114 (0.4037)	Prec@1 87.500 (86.481)	Prec@5 100.000 (99.584)
Epoch: [103][370/391], lr: 0.01000	Loss 0.4173 (0.4047)	Prec@1 86.719 (86.449)	Prec@5 99.219 (99.581)
Epoch: [103][380/391], lr: 0.01000	Loss 0.4871 (0.4055)	Prec@1 82.812 (86.432)	Prec@5 100.000 (99.578)
Epoch: [103][390/391], lr: 0.01000	Loss 0.4605 (0.4063)	Prec@1 83.750 (86.422)	Prec@5 100.000 (99.586)
Epoch [103] Training Results: Prec@1 86.422 Prec@5 99.586             Loss 0.40630
Epoch [103] Training Class Recall: [0.739,0.828,0.796,0.834,0.881,0.890,0.905,0.907,0.925,0.936]

Epoch: [104][0/391], lr: 0.01000	Loss 0.3875 (0.3875)	Prec@1 85.156 (85.156)	Prec@5 100.000 (100.000)
Epoch: [104][10/391], lr: 0.01000	Loss 0.3464 (0.4357)	Prec@1 86.719 (84.162)	Prec@5 100.000 (99.503)
Epoch: [104][20/391], lr: 0.01000	Loss 0.3850 (0.4195)	Prec@1 86.719 (85.900)	Prec@5 99.219 (99.405)
Epoch: [104][30/391], lr: 0.01000	Loss 0.2810 (0.4058)	Prec@1 89.844 (86.316)	Prec@5 100.000 (99.521)
Epoch: [104][40/391], lr: 0.01000	Loss 0.4153 (0.4009)	Prec@1 85.156 (86.509)	Prec@5 99.219 (99.543)
Epoch: [104][50/391], lr: 0.01000	Loss 0.2842 (0.3931)	Prec@1 89.062 (86.719)	Prec@5 100.000 (99.586)
Epoch: [104][60/391], lr: 0.01000	Loss 0.3878 (0.3877)	Prec@1 88.281 (86.847)	Prec@5 100.000 (99.616)
Epoch: [104][70/391], lr: 0.01000	Loss 0.3648 (0.3863)	Prec@1 88.281 (86.873)	Prec@5 100.000 (99.615)
Epoch: [104][80/391], lr: 0.01000	Loss 0.4797 (0.3885)	Prec@1 85.156 (86.815)	Prec@5 98.438 (99.585)
Epoch: [104][90/391], lr: 0.01000	Loss 0.3156 (0.3842)	Prec@1 88.281 (86.933)	Prec@5 99.219 (99.596)
Epoch: [104][100/391], lr: 0.01000	Loss 0.4858 (0.3842)	Prec@1 81.250 (86.858)	Prec@5 100.000 (99.590)
Epoch: [104][110/391], lr: 0.01000	Loss 0.4929 (0.3844)	Prec@1 85.156 (86.874)	Prec@5 100.000 (99.564)
Epoch: [104][120/391], lr: 0.01000	Loss 0.4137 (0.3863)	Prec@1 85.938 (86.880)	Prec@5 99.219 (99.567)
Epoch: [104][130/391], lr: 0.01000	Loss 0.4063 (0.3875)	Prec@1 88.281 (86.886)	Prec@5 100.000 (99.589)
Epoch: [104][140/391], lr: 0.01000	Loss 0.5984 (0.3910)	Prec@1 81.250 (86.841)	Prec@5 100.000 (99.596)
Epoch: [104][150/391], lr: 0.01000	Loss 0.3721 (0.3906)	Prec@1 84.375 (86.864)	Prec@5 100.000 (99.591)
Epoch: [104][160/391], lr: 0.01000	Loss 0.3658 (0.3918)	Prec@1 87.500 (86.840)	Prec@5 100.000 (99.583)
Epoch: [104][170/391], lr: 0.01000	Loss 0.4203 (0.3951)	Prec@1 84.375 (86.764)	Prec@5 99.219 (99.584)
Epoch: [104][180/391], lr: 0.01000	Loss 0.2575 (0.3924)	Prec@1 92.188 (86.883)	Prec@5 100.000 (99.590)
Epoch: [104][190/391], lr: 0.01000	Loss 0.3341 (0.3932)	Prec@1 87.500 (86.841)	Prec@5 100.000 (99.603)
Epoch: [104][200/391], lr: 0.01000	Loss 0.4042 (0.3929)	Prec@1 86.719 (86.812)	Prec@5 100.000 (99.615)
Epoch: [104][210/391], lr: 0.01000	Loss 0.5160 (0.3954)	Prec@1 81.250 (86.715)	Prec@5 97.656 (99.604)
Epoch: [104][220/391], lr: 0.01000	Loss 0.3676 (0.3962)	Prec@1 88.281 (86.659)	Prec@5 100.000 (99.608)
Epoch: [104][230/391], lr: 0.01000	Loss 0.4310 (0.3974)	Prec@1 82.812 (86.597)	Prec@5 100.000 (99.608)
Epoch: [104][240/391], lr: 0.01000	Loss 0.5176 (0.4011)	Prec@1 84.375 (86.485)	Prec@5 99.219 (99.608)
Epoch: [104][250/391], lr: 0.01000	Loss 0.4013 (0.4003)	Prec@1 89.844 (86.513)	Prec@5 99.219 (99.614)
Epoch: [104][260/391], lr: 0.01000	Loss 0.3932 (0.4014)	Prec@1 82.812 (86.494)	Prec@5 100.000 (99.599)
Epoch: [104][270/391], lr: 0.01000	Loss 0.3958 (0.4012)	Prec@1 87.500 (86.491)	Prec@5 99.219 (99.591)
Epoch: [104][280/391], lr: 0.01000	Loss 0.3445 (0.4025)	Prec@1 86.719 (86.449)	Prec@5 100.000 (99.586)
Epoch: [104][290/391], lr: 0.01000	Loss 0.3001 (0.4010)	Prec@1 92.188 (86.542)	Prec@5 99.219 (99.584)
Epoch: [104][300/391], lr: 0.01000	Loss 0.4205 (0.4008)	Prec@1 86.719 (86.555)	Prec@5 100.000 (99.592)
Epoch: [104][310/391], lr: 0.01000	Loss 0.4385 (0.4000)	Prec@1 85.156 (86.571)	Prec@5 99.219 (99.601)
Epoch: [104][320/391], lr: 0.01000	Loss 0.3431 (0.4006)	Prec@1 87.500 (86.558)	Prec@5 100.000 (99.598)
Epoch: [104][330/391], lr: 0.01000	Loss 0.3485 (0.4009)	Prec@1 89.062 (86.546)	Prec@5 100.000 (99.596)
Epoch: [104][340/391], lr: 0.01000	Loss 0.4736 (0.4017)	Prec@1 87.500 (86.513)	Prec@5 100.000 (99.599)
Epoch: [104][350/391], lr: 0.01000	Loss 0.3117 (0.4033)	Prec@1 89.062 (86.481)	Prec@5 100.000 (99.597)
Epoch: [104][360/391], lr: 0.01000	Loss 0.3311 (0.4035)	Prec@1 92.188 (86.502)	Prec@5 100.000 (99.595)
Epoch: [104][370/391], lr: 0.01000	Loss 0.4353 (0.4041)	Prec@1 85.156 (86.508)	Prec@5 100.000 (99.589)
Epoch: [104][380/391], lr: 0.01000	Loss 0.3680 (0.4039)	Prec@1 88.281 (86.495)	Prec@5 100.000 (99.588)
Epoch: [104][390/391], lr: 0.01000	Loss 0.4614 (0.4034)	Prec@1 87.500 (86.510)	Prec@5 98.750 (99.588)
Epoch [104] Training Results: Prec@1 86.510 Prec@5 99.588             Loss 0.40342
Epoch [104] Training Class Recall: [0.730,0.817,0.799,0.851,0.877,0.892,0.907,0.915,0.925,0.939]

Epoch: [105][0/391], lr: 0.01000	Loss 0.3400 (0.3400)	Prec@1 85.156 (85.156)	Prec@5 100.000 (100.000)
Epoch: [105][10/391], lr: 0.01000	Loss 0.3997 (0.3438)	Prec@1 84.375 (88.139)	Prec@5 100.000 (99.858)
Epoch: [105][20/391], lr: 0.01000	Loss 0.3747 (0.3517)	Prec@1 89.062 (88.021)	Prec@5 98.438 (99.702)
Epoch: [105][30/391], lr: 0.01000	Loss 0.3336 (0.3627)	Prec@1 89.844 (88.004)	Prec@5 100.000 (99.597)
Epoch: [105][40/391], lr: 0.01000	Loss 0.2759 (0.3629)	Prec@1 92.188 (88.091)	Prec@5 99.219 (99.619)
Epoch: [105][50/391], lr: 0.01000	Loss 0.3623 (0.3651)	Prec@1 85.156 (88.082)	Prec@5 100.000 (99.602)
Epoch: [105][60/391], lr: 0.01000	Loss 0.3810 (0.3635)	Prec@1 83.594 (87.987)	Prec@5 100.000 (99.616)
Epoch: [105][70/391], lr: 0.01000	Loss 0.4068 (0.3639)	Prec@1 85.156 (87.951)	Prec@5 100.000 (99.648)
Epoch: [105][80/391], lr: 0.01000	Loss 0.2586 (0.3581)	Prec@1 90.625 (88.098)	Prec@5 100.000 (99.662)
Epoch: [105][90/391], lr: 0.01000	Loss 0.4757 (0.3568)	Prec@1 84.375 (88.127)	Prec@5 100.000 (99.674)
Epoch: [105][100/391], lr: 0.01000	Loss 0.4880 (0.3613)	Prec@1 84.375 (87.918)	Prec@5 98.438 (99.675)
Epoch: [105][110/391], lr: 0.01000	Loss 0.3925 (0.3653)	Prec@1 87.500 (87.838)	Prec@5 99.219 (99.662)
Epoch: [105][120/391], lr: 0.01000	Loss 0.5075 (0.3660)	Prec@1 84.375 (87.881)	Prec@5 98.438 (99.645)
Epoch: [105][130/391], lr: 0.01000	Loss 0.4229 (0.3702)	Prec@1 86.719 (87.745)	Prec@5 99.219 (99.636)
Epoch: [105][140/391], lr: 0.01000	Loss 0.4433 (0.3717)	Prec@1 85.938 (87.711)	Prec@5 99.219 (99.634)
Epoch: [105][150/391], lr: 0.01000	Loss 0.5791 (0.3749)	Prec@1 82.031 (87.572)	Prec@5 99.219 (99.633)
Epoch: [105][160/391], lr: 0.01000	Loss 0.3626 (0.3777)	Prec@1 91.406 (87.456)	Prec@5 99.219 (99.636)
Epoch: [105][170/391], lr: 0.01000	Loss 0.3479 (0.3802)	Prec@1 88.281 (87.386)	Prec@5 100.000 (99.630)
Epoch: [105][180/391], lr: 0.01000	Loss 0.3928 (0.3827)	Prec@1 85.156 (87.301)	Prec@5 100.000 (99.633)
Epoch: [105][190/391], lr: 0.01000	Loss 0.4240 (0.3857)	Prec@1 86.719 (87.197)	Prec@5 100.000 (99.632)
Epoch: [105][200/391], lr: 0.01000	Loss 0.4679 (0.3874)	Prec@1 85.156 (87.096)	Prec@5 100.000 (99.623)
Epoch: [105][210/391], lr: 0.01000	Loss 0.3512 (0.3883)	Prec@1 89.844 (87.063)	Prec@5 99.219 (99.596)
Epoch: [105][220/391], lr: 0.01000	Loss 0.5313 (0.3895)	Prec@1 82.031 (87.023)	Prec@5 99.219 (99.597)
Epoch: [105][230/391], lr: 0.01000	Loss 0.4533 (0.3900)	Prec@1 82.031 (86.966)	Prec@5 100.000 (99.601)
Epoch: [105][240/391], lr: 0.01000	Loss 0.4322 (0.3927)	Prec@1 82.031 (86.861)	Prec@5 100.000 (99.605)
Epoch: [105][250/391], lr: 0.01000	Loss 0.5670 (0.3935)	Prec@1 79.688 (86.837)	Prec@5 99.219 (99.589)
Epoch: [105][260/391], lr: 0.01000	Loss 0.4899 (0.3949)	Prec@1 83.594 (86.824)	Prec@5 100.000 (99.590)
Epoch: [105][270/391], lr: 0.01000	Loss 0.4509 (0.3953)	Prec@1 82.031 (86.808)	Prec@5 99.219 (99.585)
Epoch: [105][280/391], lr: 0.01000	Loss 0.4922 (0.3961)	Prec@1 83.594 (86.822)	Prec@5 100.000 (99.586)
Epoch: [105][290/391], lr: 0.01000	Loss 0.4067 (0.3954)	Prec@1 83.594 (86.834)	Prec@5 98.438 (99.587)
Epoch: [105][300/391], lr: 0.01000	Loss 0.5443 (0.3964)	Prec@1 79.688 (86.773)	Prec@5 100.000 (99.587)
Epoch: [105][310/391], lr: 0.01000	Loss 0.4313 (0.3962)	Prec@1 83.594 (86.751)	Prec@5 100.000 (99.588)
Epoch: [105][320/391], lr: 0.01000	Loss 0.5493 (0.3969)	Prec@1 80.469 (86.733)	Prec@5 99.219 (99.581)
Epoch: [105][330/391], lr: 0.01000	Loss 0.4397 (0.3956)	Prec@1 87.500 (86.785)	Prec@5 100.000 (99.585)
Epoch: [105][340/391], lr: 0.01000	Loss 0.3213 (0.3966)	Prec@1 88.281 (86.783)	Prec@5 99.219 (99.576)
Epoch: [105][350/391], lr: 0.01000	Loss 0.4468 (0.3960)	Prec@1 87.500 (86.799)	Prec@5 100.000 (99.575)
Epoch: [105][360/391], lr: 0.01000	Loss 0.6115 (0.3973)	Prec@1 78.125 (86.734)	Prec@5 100.000 (99.578)
Epoch: [105][370/391], lr: 0.01000	Loss 0.4736 (0.3992)	Prec@1 85.938 (86.664)	Prec@5 100.000 (99.577)
Epoch: [105][380/391], lr: 0.01000	Loss 0.3723 (0.3999)	Prec@1 89.844 (86.620)	Prec@5 99.219 (99.582)
Epoch: [105][390/391], lr: 0.01000	Loss 0.5588 (0.4015)	Prec@1 76.250 (86.536)	Prec@5 100.000 (99.584)
Epoch [105] Training Results: Prec@1 86.536 Prec@5 99.584             Loss 0.40151
Epoch [105] Training Class Recall: [0.733,0.816,0.807,0.848,0.875,0.897,0.909,0.906,0.926,0.936]

Epoch: [106][0/391], lr: 0.01000	Loss 0.4258 (0.4258)	Prec@1 87.500 (87.500)	Prec@5 100.000 (100.000)
Epoch: [106][10/391], lr: 0.01000	Loss 0.5334 (0.3816)	Prec@1 82.812 (87.358)	Prec@5 99.219 (99.574)
Epoch: [106][20/391], lr: 0.01000	Loss 0.3866 (0.3735)	Prec@1 86.719 (87.351)	Prec@5 100.000 (99.628)
Epoch: [106][30/391], lr: 0.01000	Loss 0.3751 (0.3791)	Prec@1 87.500 (87.097)	Prec@5 100.000 (99.647)
Epoch: [106][40/391], lr: 0.01000	Loss 0.3907 (0.3762)	Prec@1 85.156 (87.119)	Prec@5 100.000 (99.695)
Epoch: [106][50/391], lr: 0.01000	Loss 0.3783 (0.3778)	Prec@1 85.156 (87.148)	Prec@5 100.000 (99.632)
Epoch: [106][60/391], lr: 0.01000	Loss 0.2883 (0.3821)	Prec@1 92.188 (87.218)	Prec@5 100.000 (99.629)
Epoch: [106][70/391], lr: 0.01000	Loss 0.4522 (0.3753)	Prec@1 85.156 (87.346)	Prec@5 100.000 (99.670)
Epoch: [106][80/391], lr: 0.01000	Loss 0.4575 (0.3745)	Prec@1 78.906 (87.288)	Prec@5 100.000 (99.682)
Epoch: [106][90/391], lr: 0.01000	Loss 0.3633 (0.3772)	Prec@1 84.375 (87.200)	Prec@5 98.438 (99.639)
Epoch: [106][100/391], lr: 0.01000	Loss 0.4064 (0.3768)	Prec@1 89.844 (87.222)	Prec@5 100.000 (99.660)
Epoch: [106][110/391], lr: 0.01000	Loss 0.3150 (0.3771)	Prec@1 89.062 (87.261)	Prec@5 100.000 (99.676)
Epoch: [106][120/391], lr: 0.01000	Loss 0.4383 (0.3774)	Prec@1 84.375 (87.242)	Prec@5 99.219 (99.671)
Epoch: [106][130/391], lr: 0.01000	Loss 0.4076 (0.3797)	Prec@1 87.500 (87.190)	Prec@5 100.000 (99.678)
Epoch: [106][140/391], lr: 0.01000	Loss 0.3360 (0.3807)	Prec@1 86.719 (87.134)	Prec@5 99.219 (99.662)
Epoch: [106][150/391], lr: 0.01000	Loss 0.4198 (0.3846)	Prec@1 83.594 (87.060)	Prec@5 100.000 (99.643)
Epoch: [106][160/391], lr: 0.01000	Loss 0.3115 (0.3854)	Prec@1 89.844 (87.020)	Prec@5 100.000 (99.655)
Epoch: [106][170/391], lr: 0.01000	Loss 0.4459 (0.3868)	Prec@1 84.375 (86.984)	Prec@5 99.219 (99.639)
Epoch: [106][180/391], lr: 0.01000	Loss 0.4823 (0.3881)	Prec@1 85.156 (86.952)	Prec@5 99.219 (99.633)
Epoch: [106][190/391], lr: 0.01000	Loss 0.3991 (0.3902)	Prec@1 89.062 (86.931)	Prec@5 100.000 (99.620)
Epoch: [106][200/391], lr: 0.01000	Loss 0.4402 (0.3932)	Prec@1 83.594 (86.882)	Prec@5 100.000 (99.604)
Epoch: [106][210/391], lr: 0.01000	Loss 0.2552 (0.3938)	Prec@1 92.969 (86.856)	Prec@5 100.000 (99.585)
Epoch: [106][220/391], lr: 0.01000	Loss 0.4651 (0.3953)	Prec@1 85.938 (86.811)	Prec@5 99.219 (99.583)
Epoch: [106][230/391], lr: 0.01000	Loss 0.2971 (0.3962)	Prec@1 89.062 (86.756)	Prec@5 99.219 (99.577)
Epoch: [106][240/391], lr: 0.01000	Loss 0.4506 (0.3971)	Prec@1 84.375 (86.686)	Prec@5 99.219 (99.582)
Epoch: [106][250/391], lr: 0.01000	Loss 0.5057 (0.3987)	Prec@1 84.375 (86.638)	Prec@5 99.219 (99.574)
Epoch: [106][260/391], lr: 0.01000	Loss 0.5435 (0.4010)	Prec@1 84.375 (86.578)	Prec@5 100.000 (99.581)
Epoch: [106][270/391], lr: 0.01000	Loss 0.4083 (0.4021)	Prec@1 86.719 (86.546)	Prec@5 100.000 (99.591)
Epoch: [106][280/391], lr: 0.01000	Loss 0.3269 (0.4016)	Prec@1 89.844 (86.571)	Prec@5 100.000 (99.597)
Epoch: [106][290/391], lr: 0.01000	Loss 0.3285 (0.3998)	Prec@1 88.281 (86.633)	Prec@5 100.000 (99.600)
Epoch: [106][300/391], lr: 0.01000	Loss 0.4470 (0.4008)	Prec@1 83.594 (86.641)	Prec@5 99.219 (99.590)
Epoch: [106][310/391], lr: 0.01000	Loss 0.3800 (0.4014)	Prec@1 85.938 (86.626)	Prec@5 100.000 (99.586)
Epoch: [106][320/391], lr: 0.01000	Loss 0.3182 (0.4009)	Prec@1 87.500 (86.651)	Prec@5 100.000 (99.591)
Epoch: [106][330/391], lr: 0.01000	Loss 0.3656 (0.4000)	Prec@1 89.844 (86.664)	Prec@5 100.000 (99.596)
Epoch: [106][340/391], lr: 0.01000	Loss 0.3318 (0.4008)	Prec@1 87.500 (86.634)	Prec@5 100.000 (99.604)
Epoch: [106][350/391], lr: 0.01000	Loss 0.3332 (0.4007)	Prec@1 88.281 (86.650)	Prec@5 100.000 (99.602)
Epoch: [106][360/391], lr: 0.01000	Loss 0.4616 (0.4006)	Prec@1 86.719 (86.643)	Prec@5 99.219 (99.597)
Epoch: [106][370/391], lr: 0.01000	Loss 0.3647 (0.4000)	Prec@1 89.844 (86.656)	Prec@5 100.000 (99.594)
Epoch: [106][380/391], lr: 0.01000	Loss 0.4660 (0.4012)	Prec@1 85.156 (86.604)	Prec@5 99.219 (99.596)
Epoch: [106][390/391], lr: 0.01000	Loss 0.6055 (0.4021)	Prec@1 81.250 (86.572)	Prec@5 98.750 (99.590)
Epoch [106] Training Results: Prec@1 86.572 Prec@5 99.590             Loss 0.40215
Epoch [106] Training Class Recall: [0.737,0.819,0.802,0.842,0.880,0.891,0.907,0.912,0.931,0.934]

Epoch: [107][0/391], lr: 0.01000	Loss 0.2895 (0.2895)	Prec@1 89.062 (89.062)	Prec@5 100.000 (100.000)
Epoch: [107][10/391], lr: 0.01000	Loss 0.4523 (0.4414)	Prec@1 85.156 (84.872)	Prec@5 99.219 (99.432)
Epoch: [107][20/391], lr: 0.01000	Loss 0.3285 (0.4328)	Prec@1 90.625 (84.896)	Prec@5 98.438 (99.554)
Epoch: [107][30/391], lr: 0.01000	Loss 0.6445 (0.4379)	Prec@1 78.906 (84.955)	Prec@5 99.219 (99.546)
Epoch: [107][40/391], lr: 0.01000	Loss 0.4232 (0.4286)	Prec@1 83.594 (85.080)	Prec@5 100.000 (99.562)
Epoch: [107][50/391], lr: 0.01000	Loss 0.4191 (0.4283)	Prec@1 87.500 (85.034)	Prec@5 99.219 (99.571)
Epoch: [107][60/391], lr: 0.01000	Loss 0.3511 (0.4278)	Prec@1 89.062 (85.041)	Prec@5 100.000 (99.577)
Epoch: [107][70/391], lr: 0.01000	Loss 0.5378 (0.4346)	Prec@1 82.812 (85.013)	Prec@5 99.219 (99.604)
Epoch: [107][80/391], lr: 0.01000	Loss 0.4254 (0.4345)	Prec@1 85.938 (85.118)	Prec@5 100.000 (99.643)
Epoch: [107][90/391], lr: 0.01000	Loss 0.3185 (0.4318)	Prec@1 89.844 (85.113)	Prec@5 100.000 (99.657)
Epoch: [107][100/391], lr: 0.01000	Loss 0.3159 (0.4275)	Prec@1 88.281 (85.404)	Prec@5 100.000 (99.636)
Epoch: [107][110/391], lr: 0.01000	Loss 0.4636 (0.4312)	Prec@1 83.594 (85.353)	Prec@5 100.000 (99.620)
Epoch: [107][120/391], lr: 0.01000	Loss 0.2628 (0.4273)	Prec@1 91.406 (85.595)	Prec@5 100.000 (99.619)
Epoch: [107][130/391], lr: 0.01000	Loss 0.3932 (0.4221)	Prec@1 84.375 (85.717)	Prec@5 99.219 (99.618)
Epoch: [107][140/391], lr: 0.01000	Loss 0.4109 (0.4192)	Prec@1 84.375 (85.838)	Prec@5 100.000 (99.607)
Epoch: [107][150/391], lr: 0.01000	Loss 0.5912 (0.4175)	Prec@1 82.812 (85.865)	Prec@5 99.219 (99.607)
Epoch: [107][160/391], lr: 0.01000	Loss 0.3231 (0.4166)	Prec@1 90.625 (85.879)	Prec@5 100.000 (99.612)
Epoch: [107][170/391], lr: 0.01000	Loss 0.3846 (0.4168)	Prec@1 87.500 (85.901)	Prec@5 100.000 (99.612)
Epoch: [107][180/391], lr: 0.01000	Loss 0.3511 (0.4140)	Prec@1 85.938 (85.994)	Prec@5 100.000 (99.624)
Epoch: [107][190/391], lr: 0.01000	Loss 0.4207 (0.4125)	Prec@1 84.375 (86.056)	Prec@5 100.000 (99.644)
Epoch: [107][200/391], lr: 0.01000	Loss 0.3574 (0.4107)	Prec@1 89.844 (86.178)	Prec@5 100.000 (99.639)
Epoch: [107][210/391], lr: 0.01000	Loss 0.4432 (0.4104)	Prec@1 87.500 (86.186)	Prec@5 100.000 (99.652)
Epoch: [107][220/391], lr: 0.01000	Loss 0.3704 (0.4095)	Prec@1 87.500 (86.181)	Prec@5 100.000 (99.657)
Epoch: [107][230/391], lr: 0.01000	Loss 0.4843 (0.4105)	Prec@1 84.375 (86.208)	Prec@5 99.219 (99.648)
Epoch: [107][240/391], lr: 0.01000	Loss 0.3843 (0.4112)	Prec@1 85.938 (86.168)	Prec@5 100.000 (99.653)
Epoch: [107][250/391], lr: 0.01000	Loss 0.4589 (0.4121)	Prec@1 85.156 (86.130)	Prec@5 100.000 (99.648)
Epoch: [107][260/391], lr: 0.01000	Loss 0.3987 (0.4132)	Prec@1 87.500 (86.117)	Prec@5 100.000 (99.638)
Epoch: [107][270/391], lr: 0.01000	Loss 0.3229 (0.4136)	Prec@1 87.500 (86.116)	Prec@5 100.000 (99.643)
Epoch: [107][280/391], lr: 0.01000	Loss 0.4929 (0.4139)	Prec@1 82.812 (86.124)	Prec@5 99.219 (99.641)
Epoch: [107][290/391], lr: 0.01000	Loss 0.3390 (0.4152)	Prec@1 89.844 (86.093)	Prec@5 100.000 (99.638)
Epoch: [107][300/391], lr: 0.01000	Loss 0.2565 (0.4150)	Prec@1 88.281 (86.101)	Prec@5 100.000 (99.629)
Epoch: [107][310/391], lr: 0.01000	Loss 0.3065 (0.4152)	Prec@1 89.844 (86.108)	Prec@5 100.000 (99.623)
Epoch: [107][320/391], lr: 0.01000	Loss 0.3964 (0.4144)	Prec@1 87.500 (86.125)	Prec@5 99.219 (99.625)
Epoch: [107][330/391], lr: 0.01000	Loss 0.4271 (0.4130)	Prec@1 85.938 (86.164)	Prec@5 100.000 (99.627)
Epoch: [107][340/391], lr: 0.01000	Loss 0.3532 (0.4129)	Prec@1 87.500 (86.194)	Prec@5 100.000 (99.631)
Epoch: [107][350/391], lr: 0.01000	Loss 0.5064 (0.4125)	Prec@1 83.594 (86.245)	Prec@5 99.219 (99.628)
Epoch: [107][360/391], lr: 0.01000	Loss 0.4512 (0.4129)	Prec@1 86.719 (86.240)	Prec@5 99.219 (99.628)
Epoch: [107][370/391], lr: 0.01000	Loss 0.3065 (0.4130)	Prec@1 91.406 (86.241)	Prec@5 100.000 (99.623)
Epoch: [107][380/391], lr: 0.01000	Loss 0.3890 (0.4123)	Prec@1 89.062 (86.253)	Prec@5 100.000 (99.623)
Epoch: [107][390/391], lr: 0.01000	Loss 0.3029 (0.4115)	Prec@1 88.750 (86.274)	Prec@5 100.000 (99.622)
Epoch [107] Training Results: Prec@1 86.274 Prec@5 99.622             Loss 0.41149
Epoch [107] Training Class Recall: [0.725,0.816,0.805,0.840,0.876,0.891,0.907,0.908,0.927,0.931]

Epoch: [108][0/391], lr: 0.01000	Loss 0.4676 (0.4676)	Prec@1 85.156 (85.156)	Prec@5 99.219 (99.219)
Epoch: [108][10/391], lr: 0.01000	Loss 0.2676 (0.3457)	Prec@1 90.625 (88.352)	Prec@5 100.000 (99.858)
Epoch: [108][20/391], lr: 0.01000	Loss 0.3339 (0.3688)	Prec@1 85.938 (87.649)	Prec@5 100.000 (99.777)
Epoch: [108][30/391], lr: 0.01000	Loss 0.2347 (0.3702)	Prec@1 91.406 (87.878)	Prec@5 100.000 (99.723)
Epoch: [108][40/391], lr: 0.01000	Loss 0.3050 (0.3670)	Prec@1 88.281 (87.976)	Prec@5 100.000 (99.714)
Epoch: [108][50/391], lr: 0.01000	Loss 0.3901 (0.3614)	Prec@1 88.281 (88.312)	Prec@5 100.000 (99.709)
Epoch: [108][60/391], lr: 0.01000	Loss 0.4782 (0.3665)	Prec@1 86.719 (88.038)	Prec@5 99.219 (99.705)
Epoch: [108][70/391], lr: 0.01000	Loss 0.3581 (0.3729)	Prec@1 90.625 (87.808)	Prec@5 98.438 (99.714)
Epoch: [108][80/391], lr: 0.01000	Loss 0.4065 (0.3707)	Prec@1 87.500 (87.838)	Prec@5 99.219 (99.711)
Epoch: [108][90/391], lr: 0.01000	Loss 0.4730 (0.3724)	Prec@1 85.938 (87.835)	Prec@5 98.438 (99.717)
Epoch: [108][100/391], lr: 0.01000	Loss 0.2792 (0.3718)	Prec@1 91.406 (87.778)	Prec@5 99.219 (99.706)
Epoch: [108][110/391], lr: 0.01000	Loss 0.3848 (0.3705)	Prec@1 85.938 (87.803)	Prec@5 100.000 (99.726)
Epoch: [108][120/391], lr: 0.01000	Loss 0.4476 (0.3743)	Prec@1 85.156 (87.674)	Prec@5 100.000 (99.735)
Epoch: [108][130/391], lr: 0.01000	Loss 0.3944 (0.3760)	Prec@1 87.500 (87.613)	Prec@5 100.000 (99.732)
Epoch: [108][140/391], lr: 0.01000	Loss 0.5051 (0.3800)	Prec@1 82.812 (87.528)	Prec@5 100.000 (99.723)
Epoch: [108][150/391], lr: 0.01000	Loss 0.5715 (0.3861)	Prec@1 81.250 (87.303)	Prec@5 100.000 (99.690)
Epoch: [108][160/391], lr: 0.01000	Loss 0.4173 (0.3914)	Prec@1 82.031 (87.126)	Prec@5 100.000 (99.689)
Epoch: [108][170/391], lr: 0.01000	Loss 0.5326 (0.3918)	Prec@1 86.719 (87.093)	Prec@5 98.438 (99.689)
Epoch: [108][180/391], lr: 0.01000	Loss 0.4966 (0.3944)	Prec@1 82.031 (86.986)	Prec@5 100.000 (99.672)
Epoch: [108][190/391], lr: 0.01000	Loss 0.3835 (0.3950)	Prec@1 84.375 (86.981)	Prec@5 100.000 (99.669)
Epoch: [108][200/391], lr: 0.01000	Loss 0.3403 (0.3966)	Prec@1 86.719 (86.952)	Prec@5 99.219 (99.658)
Epoch: [108][210/391], lr: 0.01000	Loss 0.2548 (0.3944)	Prec@1 92.969 (87.085)	Prec@5 99.219 (99.648)
Epoch: [108][220/391], lr: 0.01000	Loss 0.2281 (0.3926)	Prec@1 93.750 (87.146)	Prec@5 100.000 (99.643)
Epoch: [108][230/391], lr: 0.01000	Loss 0.4763 (0.3913)	Prec@1 84.375 (87.206)	Prec@5 99.219 (99.645)
Epoch: [108][240/391], lr: 0.01000	Loss 0.2713 (0.3896)	Prec@1 91.406 (87.228)	Prec@5 100.000 (99.640)
Epoch: [108][250/391], lr: 0.01000	Loss 0.4878 (0.3899)	Prec@1 85.156 (87.217)	Prec@5 97.656 (99.626)
Epoch: [108][260/391], lr: 0.01000	Loss 0.3414 (0.3891)	Prec@1 89.844 (87.246)	Prec@5 99.219 (99.626)
Epoch: [108][270/391], lr: 0.01000	Loss 0.4919 (0.3874)	Prec@1 82.812 (87.315)	Prec@5 100.000 (99.628)
Epoch: [108][280/391], lr: 0.01000	Loss 0.5421 (0.3878)	Prec@1 85.156 (87.311)	Prec@5 99.219 (99.636)
Epoch: [108][290/391], lr: 0.01000	Loss 0.4216 (0.3900)	Prec@1 86.719 (87.210)	Prec@5 99.219 (99.632)
Epoch: [108][300/391], lr: 0.01000	Loss 0.3993 (0.3899)	Prec@1 88.281 (87.209)	Prec@5 99.219 (99.631)
Epoch: [108][310/391], lr: 0.01000	Loss 0.3229 (0.3899)	Prec@1 89.062 (87.204)	Prec@5 100.000 (99.631)
Epoch: [108][320/391], lr: 0.01000	Loss 0.4492 (0.3920)	Prec@1 85.938 (87.162)	Prec@5 98.438 (99.618)
Epoch: [108][330/391], lr: 0.01000	Loss 0.3829 (0.3927)	Prec@1 87.500 (87.148)	Prec@5 100.000 (99.613)
Epoch: [108][340/391], lr: 0.01000	Loss 0.4749 (0.3963)	Prec@1 83.594 (87.019)	Prec@5 99.219 (99.592)
Epoch: [108][350/391], lr: 0.01000	Loss 0.4984 (0.3967)	Prec@1 85.938 (87.026)	Prec@5 100.000 (99.593)
Epoch: [108][360/391], lr: 0.01000	Loss 0.3637 (0.3980)	Prec@1 89.844 (86.983)	Prec@5 100.000 (99.591)
Epoch: [108][370/391], lr: 0.01000	Loss 0.5522 (0.3980)	Prec@1 81.250 (86.967)	Prec@5 97.656 (99.587)
Epoch: [108][380/391], lr: 0.01000	Loss 0.5938 (0.3992)	Prec@1 79.688 (86.914)	Prec@5 98.438 (99.588)
Epoch: [108][390/391], lr: 0.01000	Loss 0.4634 (0.3999)	Prec@1 83.750 (86.888)	Prec@5 100.000 (99.594)
Epoch [108] Training Results: Prec@1 86.888 Prec@5 99.594             Loss 0.39992
Epoch [108] Training Class Recall: [0.753,0.829,0.810,0.845,0.880,0.900,0.909,0.907,0.924,0.934]

Epoch: [109][0/391], lr: 0.01000	Loss 0.2729 (0.2729)	Prec@1 92.969 (92.969)	Prec@5 100.000 (100.000)
Epoch: [109][10/391], lr: 0.01000	Loss 0.2896 (0.4201)	Prec@1 90.625 (86.151)	Prec@5 100.000 (99.716)
Epoch: [109][20/391], lr: 0.01000	Loss 0.4608 (0.4454)	Prec@1 86.719 (85.640)	Prec@5 99.219 (99.479)
Epoch: [109][30/391], lr: 0.01000	Loss 0.3074 (0.4348)	Prec@1 89.844 (86.038)	Prec@5 100.000 (99.446)
Epoch: [109][40/391], lr: 0.01000	Loss 0.3044 (0.4299)	Prec@1 91.406 (86.109)	Prec@5 100.000 (99.466)
Epoch: [109][50/391], lr: 0.01000	Loss 0.3662 (0.4155)	Prec@1 86.719 (86.504)	Prec@5 100.000 (99.494)
Epoch: [109][60/391], lr: 0.01000	Loss 0.3514 (0.4018)	Prec@1 88.281 (86.924)	Prec@5 98.438 (99.539)
Epoch: [109][70/391], lr: 0.01000	Loss 0.3547 (0.3961)	Prec@1 83.594 (87.005)	Prec@5 99.219 (99.560)
Epoch: [109][80/391], lr: 0.01000	Loss 0.3547 (0.3907)	Prec@1 89.062 (87.259)	Prec@5 99.219 (99.585)
Epoch: [109][90/391], lr: 0.01000	Loss 0.2800 (0.3886)	Prec@1 92.188 (87.260)	Prec@5 100.000 (99.596)
Epoch: [109][100/391], lr: 0.01000	Loss 0.2776 (0.3869)	Prec@1 91.406 (87.376)	Prec@5 100.000 (99.606)
Epoch: [109][110/391], lr: 0.01000	Loss 0.3965 (0.3887)	Prec@1 89.844 (87.310)	Prec@5 99.219 (99.599)
Epoch: [109][120/391], lr: 0.01000	Loss 0.3164 (0.3869)	Prec@1 92.188 (87.416)	Prec@5 99.219 (99.600)
Epoch: [109][130/391], lr: 0.01000	Loss 0.3819 (0.3902)	Prec@1 88.281 (87.285)	Prec@5 99.219 (99.583)
Epoch: [109][140/391], lr: 0.01000	Loss 0.4353 (0.3916)	Prec@1 82.812 (87.179)	Prec@5 99.219 (99.584)
Epoch: [109][150/391], lr: 0.01000	Loss 0.3555 (0.3928)	Prec@1 89.062 (87.143)	Prec@5 99.219 (99.555)
Epoch: [109][160/391], lr: 0.01000	Loss 0.3182 (0.3946)	Prec@1 89.844 (87.102)	Prec@5 100.000 (99.563)
Epoch: [109][170/391], lr: 0.01000	Loss 0.3495 (0.3952)	Prec@1 93.750 (87.107)	Prec@5 99.219 (99.571)
Epoch: [109][180/391], lr: 0.01000	Loss 0.3319 (0.3950)	Prec@1 89.844 (87.094)	Prec@5 100.000 (99.581)
Epoch: [109][190/391], lr: 0.01000	Loss 0.4741 (0.3948)	Prec@1 85.156 (87.103)	Prec@5 98.438 (99.579)
Epoch: [109][200/391], lr: 0.01000	Loss 0.3752 (0.3971)	Prec@1 89.062 (86.991)	Prec@5 99.219 (99.584)
Epoch: [109][210/391], lr: 0.01000	Loss 0.4936 (0.3975)	Prec@1 83.594 (86.971)	Prec@5 99.219 (99.578)
Epoch: [109][220/391], lr: 0.01000	Loss 0.4420 (0.4001)	Prec@1 85.938 (86.931)	Prec@5 100.000 (99.562)
Epoch: [109][230/391], lr: 0.01000	Loss 0.5114 (0.4010)	Prec@1 84.375 (86.898)	Prec@5 100.000 (99.567)
Epoch: [109][240/391], lr: 0.01000	Loss 0.4439 (0.4018)	Prec@1 85.938 (86.881)	Prec@5 100.000 (99.566)
Epoch: [109][250/391], lr: 0.01000	Loss 0.3790 (0.4031)	Prec@1 86.719 (86.821)	Prec@5 100.000 (99.564)
Epoch: [109][260/391], lr: 0.01000	Loss 0.5582 (0.4052)	Prec@1 81.250 (86.773)	Prec@5 97.656 (99.545)
Epoch: [109][270/391], lr: 0.01000	Loss 0.5039 (0.4070)	Prec@1 83.594 (86.670)	Prec@5 99.219 (99.556)
Epoch: [109][280/391], lr: 0.01000	Loss 0.4464 (0.4079)	Prec@1 85.938 (86.633)	Prec@5 100.000 (99.563)
Epoch: [109][290/391], lr: 0.01000	Loss 0.4883 (0.4105)	Prec@1 84.375 (86.542)	Prec@5 99.219 (99.549)
Epoch: [109][300/391], lr: 0.01000	Loss 0.4180 (0.4140)	Prec@1 83.594 (86.420)	Prec@5 100.000 (99.538)
Epoch: [109][310/391], lr: 0.01000	Loss 0.5137 (0.4157)	Prec@1 85.156 (86.365)	Prec@5 99.219 (99.540)
Epoch: [109][320/391], lr: 0.01000	Loss 0.5716 (0.4177)	Prec@1 82.812 (86.303)	Prec@5 96.875 (99.535)
Epoch: [109][330/391], lr: 0.01000	Loss 0.3482 (0.4184)	Prec@1 88.281 (86.256)	Prec@5 100.000 (99.535)
Epoch: [109][340/391], lr: 0.01000	Loss 0.2950 (0.4177)	Prec@1 88.281 (86.261)	Prec@5 100.000 (99.542)
Epoch: [109][350/391], lr: 0.01000	Loss 0.3048 (0.4166)	Prec@1 88.281 (86.298)	Prec@5 100.000 (99.544)
Epoch: [109][360/391], lr: 0.01000	Loss 0.4117 (0.4148)	Prec@1 85.156 (86.338)	Prec@5 100.000 (99.552)
Epoch: [109][370/391], lr: 0.01000	Loss 0.3125 (0.4129)	Prec@1 89.844 (86.390)	Prec@5 99.219 (99.558)
Epoch: [109][380/391], lr: 0.01000	Loss 0.3821 (0.4114)	Prec@1 84.375 (86.419)	Prec@5 100.000 (99.555)
Epoch: [109][390/391], lr: 0.01000	Loss 0.3706 (0.4113)	Prec@1 86.250 (86.410)	Prec@5 100.000 (99.552)
Epoch [109] Training Results: Prec@1 86.410 Prec@5 99.552             Loss 0.41132
Epoch [109] Training Class Recall: [0.736,0.822,0.808,0.841,0.878,0.890,0.907,0.904,0.923,0.931]

Epoch: [110][0/391], lr: 0.01000	Loss 0.2820 (0.2820)	Prec@1 91.406 (91.406)	Prec@5 100.000 (100.000)
Epoch: [110][10/391], lr: 0.01000	Loss 0.3885 (0.3615)	Prec@1 87.500 (88.707)	Prec@5 100.000 (99.290)
Epoch: [110][20/391], lr: 0.01000	Loss 0.3132 (0.3463)	Prec@1 88.281 (88.690)	Prec@5 100.000 (99.554)
Epoch: [110][30/391], lr: 0.01000	Loss 0.3475 (0.3655)	Prec@1 86.719 (87.903)	Prec@5 100.000 (99.546)
Epoch: [110][40/391], lr: 0.01000	Loss 0.4824 (0.3708)	Prec@1 83.594 (87.671)	Prec@5 100.000 (99.543)
Epoch: [110][50/391], lr: 0.01000	Loss 0.4595 (0.3721)	Prec@1 83.594 (87.561)	Prec@5 98.438 (99.540)
Epoch: [110][60/391], lr: 0.01000	Loss 0.2996 (0.3764)	Prec@1 91.406 (87.487)	Prec@5 100.000 (99.565)
Epoch: [110][70/391], lr: 0.01000	Loss 0.4626 (0.3846)	Prec@1 85.156 (87.302)	Prec@5 100.000 (99.582)
Epoch: [110][80/391], lr: 0.01000	Loss 0.3041 (0.3907)	Prec@1 89.062 (87.133)	Prec@5 100.000 (99.576)
Epoch: [110][90/391], lr: 0.01000	Loss 0.4929 (0.3911)	Prec@1 82.812 (87.114)	Prec@5 99.219 (99.579)
Epoch: [110][100/391], lr: 0.01000	Loss 0.3472 (0.3863)	Prec@1 87.500 (87.276)	Prec@5 100.000 (99.613)
Epoch: [110][110/391], lr: 0.01000	Loss 0.4779 (0.3829)	Prec@1 85.938 (87.373)	Prec@5 97.656 (99.613)
Epoch: [110][120/391], lr: 0.01000	Loss 0.3438 (0.3804)	Prec@1 92.188 (87.455)	Prec@5 98.438 (99.600)
Epoch: [110][130/391], lr: 0.01000	Loss 0.5248 (0.3791)	Prec@1 85.156 (87.566)	Prec@5 99.219 (99.589)
Epoch: [110][140/391], lr: 0.01000	Loss 0.4336 (0.3793)	Prec@1 81.250 (87.544)	Prec@5 99.219 (99.579)
Epoch: [110][150/391], lr: 0.01000	Loss 0.4518 (0.3825)	Prec@1 85.938 (87.453)	Prec@5 99.219 (99.560)
Epoch: [110][160/391], lr: 0.01000	Loss 0.4009 (0.3861)	Prec@1 88.281 (87.345)	Prec@5 100.000 (99.578)
Epoch: [110][170/391], lr: 0.01000	Loss 0.4274 (0.3895)	Prec@1 87.500 (87.244)	Prec@5 99.219 (99.571)
Epoch: [110][180/391], lr: 0.01000	Loss 0.6091 (0.3915)	Prec@1 85.156 (87.185)	Prec@5 97.656 (99.568)
Epoch: [110][190/391], lr: 0.01000	Loss 0.5279 (0.3966)	Prec@1 85.156 (87.050)	Prec@5 99.219 (99.571)
Epoch: [110][200/391], lr: 0.01000	Loss 0.4582 (0.3974)	Prec@1 83.594 (86.975)	Prec@5 100.000 (99.576)
Epoch: [110][210/391], lr: 0.01000	Loss 0.5372 (0.3989)	Prec@1 83.594 (86.893)	Prec@5 98.438 (99.571)
Epoch: [110][220/391], lr: 0.01000	Loss 0.5750 (0.4005)	Prec@1 83.594 (86.860)	Prec@5 100.000 (99.569)
Epoch: [110][230/391], lr: 0.01000	Loss 0.4049 (0.4028)	Prec@1 88.281 (86.810)	Prec@5 99.219 (99.567)
Epoch: [110][240/391], lr: 0.01000	Loss 0.4560 (0.4035)	Prec@1 87.500 (86.764)	Prec@5 100.000 (99.569)
Epoch: [110][250/391], lr: 0.01000	Loss 0.4610 (0.4045)	Prec@1 87.500 (86.759)	Prec@5 99.219 (99.564)
Epoch: [110][260/391], lr: 0.01000	Loss 0.3773 (0.4033)	Prec@1 89.844 (86.797)	Prec@5 100.000 (99.569)
Epoch: [110][270/391], lr: 0.01000	Loss 0.4128 (0.4028)	Prec@1 87.500 (86.791)	Prec@5 100.000 (99.579)
Epoch: [110][280/391], lr: 0.01000	Loss 0.3574 (0.4011)	Prec@1 87.500 (86.819)	Prec@5 99.219 (99.586)
Epoch: [110][290/391], lr: 0.01000	Loss 0.4189 (0.4013)	Prec@1 87.500 (86.826)	Prec@5 98.438 (99.573)
Epoch: [110][300/391], lr: 0.01000	Loss 0.4112 (0.4001)	Prec@1 85.938 (86.833)	Prec@5 100.000 (99.580)
Epoch: [110][310/391], lr: 0.01000	Loss 0.3114 (0.4015)	Prec@1 91.406 (86.812)	Prec@5 99.219 (99.568)
Epoch: [110][320/391], lr: 0.01000	Loss 0.3520 (0.4008)	Prec@1 85.938 (86.823)	Prec@5 100.000 (99.562)
Epoch: [110][330/391], lr: 0.01000	Loss 0.5083 (0.4010)	Prec@1 82.812 (86.813)	Prec@5 98.438 (99.552)
Epoch: [110][340/391], lr: 0.01000	Loss 0.2644 (0.4001)	Prec@1 92.188 (86.840)	Prec@5 100.000 (99.558)
Epoch: [110][350/391], lr: 0.01000	Loss 0.3940 (0.4000)	Prec@1 85.156 (86.868)	Prec@5 100.000 (99.559)
Epoch: [110][360/391], lr: 0.01000	Loss 0.4445 (0.3998)	Prec@1 83.594 (86.859)	Prec@5 100.000 (99.567)
Epoch: [110][370/391], lr: 0.01000	Loss 0.3780 (0.4002)	Prec@1 88.281 (86.843)	Prec@5 100.000 (99.570)
Epoch: [110][380/391], lr: 0.01000	Loss 0.3430 (0.3995)	Prec@1 89.844 (86.864)	Prec@5 99.219 (99.573)
Epoch: [110][390/391], lr: 0.01000	Loss 0.4109 (0.4000)	Prec@1 86.250 (86.836)	Prec@5 100.000 (99.578)
Epoch [110] Training Results: Prec@1 86.836 Prec@5 99.578             Loss 0.40001
Epoch [110] Training Class Recall: [0.743,0.819,0.798,0.847,0.881,0.898,0.913,0.917,0.928,0.940]

Epoch: [111][0/391], lr: 0.01000	Loss 0.4194 (0.4194)	Prec@1 86.719 (86.719)	Prec@5 100.000 (100.000)
Epoch: [111][10/391], lr: 0.01000	Loss 0.4396 (0.4121)	Prec@1 83.594 (86.506)	Prec@5 100.000 (99.645)
Epoch: [111][20/391], lr: 0.01000	Loss 0.2924 (0.3835)	Prec@1 88.281 (87.426)	Prec@5 100.000 (99.702)
Epoch: [111][30/391], lr: 0.01000	Loss 0.2739 (0.3603)	Prec@1 89.062 (87.878)	Prec@5 100.000 (99.748)
Epoch: [111][40/391], lr: 0.01000	Loss 0.2206 (0.3587)	Prec@1 94.531 (87.957)	Prec@5 100.000 (99.752)
Epoch: [111][50/391], lr: 0.01000	Loss 0.3316 (0.3589)	Prec@1 89.062 (88.051)	Prec@5 100.000 (99.770)
Epoch: [111][60/391], lr: 0.01000	Loss 0.4214 (0.3558)	Prec@1 85.938 (88.153)	Prec@5 99.219 (99.782)
Epoch: [111][70/391], lr: 0.01000	Loss 0.5272 (0.3616)	Prec@1 80.469 (87.984)	Prec@5 100.000 (99.780)
Epoch: [111][80/391], lr: 0.01000	Loss 0.3289 (0.3659)	Prec@1 91.406 (87.751)	Prec@5 100.000 (99.788)
Epoch: [111][90/391], lr: 0.01000	Loss 0.4528 (0.3717)	Prec@1 86.719 (87.629)	Prec@5 99.219 (99.742)
Epoch: [111][100/391], lr: 0.01000	Loss 0.3310 (0.3729)	Prec@1 89.062 (87.577)	Prec@5 99.219 (99.698)
Epoch: [111][110/391], lr: 0.01000	Loss 0.3346 (0.3721)	Prec@1 85.156 (87.521)	Prec@5 100.000 (99.704)
Epoch: [111][120/391], lr: 0.01000	Loss 0.4063 (0.3775)	Prec@1 84.375 (87.287)	Prec@5 100.000 (99.671)
Epoch: [111][130/391], lr: 0.01000	Loss 0.4946 (0.3830)	Prec@1 85.938 (87.160)	Prec@5 100.000 (99.678)
Epoch: [111][140/391], lr: 0.01000	Loss 0.4460 (0.3833)	Prec@1 85.938 (87.190)	Prec@5 99.219 (99.684)
Epoch: [111][150/391], lr: 0.01000	Loss 0.3933 (0.3872)	Prec@1 85.938 (87.050)	Prec@5 99.219 (99.669)
Epoch: [111][160/391], lr: 0.01000	Loss 0.5079 (0.3888)	Prec@1 85.938 (87.039)	Prec@5 99.219 (99.670)
Epoch: [111][170/391], lr: 0.01000	Loss 0.3141 (0.3898)	Prec@1 92.969 (87.034)	Prec@5 99.219 (99.639)
Epoch: [111][180/391], lr: 0.01000	Loss 0.3997 (0.3936)	Prec@1 86.719 (86.896)	Prec@5 97.656 (99.624)
Epoch: [111][190/391], lr: 0.01000	Loss 0.4702 (0.3958)	Prec@1 84.375 (86.837)	Prec@5 100.000 (99.624)
Epoch: [111][200/391], lr: 0.01000	Loss 0.4477 (0.3975)	Prec@1 84.375 (86.746)	Prec@5 100.000 (99.627)
Epoch: [111][210/391], lr: 0.01000	Loss 0.4053 (0.3999)	Prec@1 86.719 (86.722)	Prec@5 98.438 (99.619)
Epoch: [111][220/391], lr: 0.01000	Loss 0.5953 (0.4022)	Prec@1 85.156 (86.637)	Prec@5 97.656 (99.601)
Epoch: [111][230/391], lr: 0.01000	Loss 0.5215 (0.4044)	Prec@1 85.156 (86.597)	Prec@5 99.219 (99.587)
Epoch: [111][240/391], lr: 0.01000	Loss 0.4853 (0.4052)	Prec@1 83.594 (86.596)	Prec@5 100.000 (99.575)
Epoch: [111][250/391], lr: 0.01000	Loss 0.5314 (0.4066)	Prec@1 82.031 (86.523)	Prec@5 98.438 (99.567)
Epoch: [111][260/391], lr: 0.01000	Loss 0.2762 (0.4067)	Prec@1 91.406 (86.536)	Prec@5 100.000 (99.569)
Epoch: [111][270/391], lr: 0.01000	Loss 0.2918 (0.4050)	Prec@1 91.406 (86.586)	Prec@5 100.000 (99.576)
Epoch: [111][280/391], lr: 0.01000	Loss 0.3501 (0.4036)	Prec@1 87.500 (86.619)	Prec@5 100.000 (99.586)
Epoch: [111][290/391], lr: 0.01000	Loss 0.5310 (0.4029)	Prec@1 85.156 (86.676)	Prec@5 100.000 (99.589)
Epoch: [111][300/391], lr: 0.01000	Loss 0.3505 (0.4036)	Prec@1 89.062 (86.625)	Prec@5 100.000 (99.595)
Epoch: [111][310/391], lr: 0.01000	Loss 0.4098 (0.4052)	Prec@1 82.031 (86.553)	Prec@5 100.000 (99.588)
Epoch: [111][320/391], lr: 0.01000	Loss 0.3311 (0.4046)	Prec@1 89.844 (86.553)	Prec@5 99.219 (99.586)
Epoch: [111][330/391], lr: 0.01000	Loss 0.4221 (0.4037)	Prec@1 87.500 (86.605)	Prec@5 99.219 (99.592)
Epoch: [111][340/391], lr: 0.01000	Loss 0.3279 (0.4036)	Prec@1 88.281 (86.584)	Prec@5 100.000 (99.590)
Epoch: [111][350/391], lr: 0.01000	Loss 0.3834 (0.4041)	Prec@1 85.938 (86.567)	Prec@5 100.000 (99.586)
Epoch: [111][360/391], lr: 0.01000	Loss 0.4775 (0.4049)	Prec@1 84.375 (86.535)	Prec@5 99.219 (99.582)
Epoch: [111][370/391], lr: 0.01000	Loss 0.3481 (0.4048)	Prec@1 86.719 (86.546)	Prec@5 100.000 (99.589)
Epoch: [111][380/391], lr: 0.01000	Loss 0.4245 (0.4047)	Prec@1 87.500 (86.538)	Prec@5 100.000 (99.596)
Epoch: [111][390/391], lr: 0.01000	Loss 0.4079 (0.4043)	Prec@1 88.750 (86.552)	Prec@5 97.500 (99.594)
Epoch [111] Training Results: Prec@1 86.552 Prec@5 99.594             Loss 0.40433
Epoch [111] Training Class Recall: [0.743,0.825,0.803,0.844,0.876,0.895,0.908,0.903,0.929,0.930]

Epoch: [112][0/391], lr: 0.01000	Loss 0.3618 (0.3618)	Prec@1 90.625 (90.625)	Prec@5 99.219 (99.219)
Epoch: [112][10/391], lr: 0.01000	Loss 0.3218 (0.3753)	Prec@1 89.844 (87.997)	Prec@5 100.000 (99.716)
Epoch: [112][20/391], lr: 0.01000	Loss 0.3825 (0.3729)	Prec@1 87.500 (88.058)	Prec@5 98.438 (99.740)
Epoch: [112][30/391], lr: 0.01000	Loss 0.3684 (0.3736)	Prec@1 88.281 (87.752)	Prec@5 100.000 (99.748)
Epoch: [112][40/391], lr: 0.01000	Loss 0.3923 (0.3754)	Prec@1 87.500 (87.691)	Prec@5 100.000 (99.752)
Epoch: [112][50/391], lr: 0.01000	Loss 0.3405 (0.3750)	Prec@1 89.062 (87.561)	Prec@5 99.219 (99.740)
Epoch: [112][60/391], lr: 0.01000	Loss 0.3975 (0.3802)	Prec@1 87.500 (87.231)	Prec@5 98.438 (99.731)
Epoch: [112][70/391], lr: 0.01000	Loss 0.3449 (0.3805)	Prec@1 89.062 (87.280)	Prec@5 100.000 (99.692)
Epoch: [112][80/391], lr: 0.01000	Loss 0.4064 (0.3839)	Prec@1 86.719 (87.201)	Prec@5 99.219 (99.672)
Epoch: [112][90/391], lr: 0.01000	Loss 0.4398 (0.3829)	Prec@1 85.156 (87.088)	Prec@5 98.438 (99.648)
Epoch: [112][100/391], lr: 0.01000	Loss 0.4366 (0.3865)	Prec@1 84.375 (86.912)	Prec@5 99.219 (99.636)
Epoch: [112][110/391], lr: 0.01000	Loss 0.4762 (0.3905)	Prec@1 86.719 (86.867)	Prec@5 99.219 (99.613)
Epoch: [112][120/391], lr: 0.01000	Loss 0.3356 (0.3912)	Prec@1 88.281 (86.848)	Prec@5 100.000 (99.580)
Epoch: [112][130/391], lr: 0.01000	Loss 0.4446 (0.3936)	Prec@1 85.938 (86.838)	Prec@5 100.000 (99.577)
Epoch: [112][140/391], lr: 0.01000	Loss 0.2963 (0.3891)	Prec@1 89.844 (86.979)	Prec@5 99.219 (99.590)
Epoch: [112][150/391], lr: 0.01000	Loss 0.3004 (0.3853)	Prec@1 92.188 (87.117)	Prec@5 100.000 (99.607)
Epoch: [112][160/391], lr: 0.01000	Loss 0.3665 (0.3872)	Prec@1 88.281 (87.039)	Prec@5 100.000 (99.617)
Epoch: [112][170/391], lr: 0.01000	Loss 0.4096 (0.3908)	Prec@1 86.719 (86.828)	Prec@5 100.000 (99.616)
Epoch: [112][180/391], lr: 0.01000	Loss 0.2880 (0.3923)	Prec@1 90.625 (86.740)	Prec@5 100.000 (99.620)
Epoch: [112][190/391], lr: 0.01000	Loss 0.4038 (0.3945)	Prec@1 85.938 (86.690)	Prec@5 100.000 (99.628)
Epoch: [112][200/391], lr: 0.01000	Loss 0.3499 (0.3944)	Prec@1 86.719 (86.680)	Prec@5 100.000 (99.627)
Epoch: [112][210/391], lr: 0.01000	Loss 0.4918 (0.3974)	Prec@1 84.375 (86.597)	Prec@5 99.219 (99.619)
Epoch: [112][220/391], lr: 0.01000	Loss 0.3491 (0.3976)	Prec@1 87.500 (86.602)	Prec@5 100.000 (99.629)
Epoch: [112][230/391], lr: 0.01000	Loss 0.5515 (0.4003)	Prec@1 82.031 (86.509)	Prec@5 98.438 (99.614)
Epoch: [112][240/391], lr: 0.01000	Loss 0.4461 (0.4015)	Prec@1 83.594 (86.518)	Prec@5 99.219 (99.614)
Epoch: [112][250/391], lr: 0.01000	Loss 0.4150 (0.4044)	Prec@1 83.594 (86.420)	Prec@5 98.438 (99.608)
Epoch: [112][260/391], lr: 0.01000	Loss 0.3420 (0.4061)	Prec@1 85.938 (86.363)	Prec@5 99.219 (99.587)
Epoch: [112][270/391], lr: 0.01000	Loss 0.4687 (0.4062)	Prec@1 86.719 (86.324)	Prec@5 98.438 (99.582)
Epoch: [112][280/391], lr: 0.01000	Loss 0.3905 (0.4070)	Prec@1 85.156 (86.254)	Prec@5 100.000 (99.575)
Epoch: [112][290/391], lr: 0.01000	Loss 0.4889 (0.4065)	Prec@1 85.938 (86.284)	Prec@5 98.438 (99.576)
Epoch: [112][300/391], lr: 0.01000	Loss 0.4171 (0.4078)	Prec@1 85.156 (86.233)	Prec@5 99.219 (99.574)
Epoch: [112][310/391], lr: 0.01000	Loss 0.3229 (0.4076)	Prec@1 89.062 (86.231)	Prec@5 100.000 (99.575)
Epoch: [112][320/391], lr: 0.01000	Loss 0.3702 (0.4070)	Prec@1 85.938 (86.237)	Prec@5 100.000 (99.574)
Epoch: [112][330/391], lr: 0.01000	Loss 0.3221 (0.4066)	Prec@1 90.625 (86.273)	Prec@5 99.219 (99.578)
Epoch: [112][340/391], lr: 0.01000	Loss 0.3940 (0.4067)	Prec@1 83.594 (86.274)	Prec@5 100.000 (99.581)
Epoch: [112][350/391], lr: 0.01000	Loss 0.3269 (0.4067)	Prec@1 85.938 (86.247)	Prec@5 100.000 (99.586)
Epoch: [112][360/391], lr: 0.01000	Loss 0.3939 (0.4051)	Prec@1 86.719 (86.297)	Prec@5 100.000 (99.591)
Epoch: [112][370/391], lr: 0.01000	Loss 0.4190 (0.4039)	Prec@1 88.281 (86.354)	Prec@5 98.438 (99.591)
Epoch: [112][380/391], lr: 0.01000	Loss 0.3527 (0.4044)	Prec@1 88.281 (86.325)	Prec@5 100.000 (99.586)
Epoch: [112][390/391], lr: 0.01000	Loss 0.4196 (0.4034)	Prec@1 87.500 (86.364)	Prec@5 100.000 (99.580)
Epoch [112] Training Results: Prec@1 86.364 Prec@5 99.580             Loss 0.40340
Epoch [112] Training Class Recall: [0.735,0.818,0.797,0.845,0.880,0.887,0.906,0.907,0.926,0.935]

Epoch: [113][0/391], lr: 0.01000	Loss 0.3529 (0.3529)	Prec@1 87.500 (87.500)	Prec@5 100.000 (100.000)
Epoch: [113][10/391], lr: 0.01000	Loss 0.4320 (0.3540)	Prec@1 85.938 (87.997)	Prec@5 99.219 (99.716)
Epoch: [113][20/391], lr: 0.01000	Loss 0.3690 (0.3618)	Prec@1 84.375 (87.909)	Prec@5 100.000 (99.740)
Epoch: [113][30/391], lr: 0.01000	Loss 0.3086 (0.3644)	Prec@1 88.281 (87.576)	Prec@5 100.000 (99.773)
Epoch: [113][40/391], lr: 0.01000	Loss 0.4205 (0.3809)	Prec@1 85.938 (87.100)	Prec@5 99.219 (99.752)
Epoch: [113][50/391], lr: 0.01000	Loss 0.4469 (0.3864)	Prec@1 88.281 (87.056)	Prec@5 99.219 (99.724)
Epoch: [113][60/391], lr: 0.01000	Loss 0.6243 (0.3962)	Prec@1 81.250 (86.757)	Prec@5 100.000 (99.693)
Epoch: [113][70/391], lr: 0.01000	Loss 0.3641 (0.3989)	Prec@1 85.938 (86.730)	Prec@5 100.000 (99.670)
Epoch: [113][80/391], lr: 0.01000	Loss 0.3791 (0.4015)	Prec@1 85.938 (86.574)	Prec@5 100.000 (99.662)
Epoch: [113][90/391], lr: 0.01000	Loss 0.3356 (0.4026)	Prec@1 88.281 (86.599)	Prec@5 100.000 (99.682)
Epoch: [113][100/391], lr: 0.01000	Loss 0.3766 (0.4034)	Prec@1 89.062 (86.549)	Prec@5 100.000 (99.667)
Epoch: [113][110/391], lr: 0.01000	Loss 0.4076 (0.4028)	Prec@1 83.594 (86.501)	Prec@5 100.000 (99.655)
Epoch: [113][120/391], lr: 0.01000	Loss 0.3731 (0.4036)	Prec@1 87.500 (86.512)	Prec@5 99.219 (99.645)
Epoch: [113][130/391], lr: 0.01000	Loss 0.3957 (0.4021)	Prec@1 85.156 (86.546)	Prec@5 100.000 (99.648)
Epoch: [113][140/391], lr: 0.01000	Loss 0.4005 (0.4017)	Prec@1 90.625 (86.591)	Prec@5 100.000 (99.634)
Epoch: [113][150/391], lr: 0.01000	Loss 0.3851 (0.4010)	Prec@1 85.156 (86.553)	Prec@5 100.000 (99.643)
Epoch: [113][160/391], lr: 0.01000	Loss 0.3519 (0.4011)	Prec@1 89.062 (86.539)	Prec@5 99.219 (99.636)
Epoch: [113][170/391], lr: 0.01000	Loss 0.3754 (0.4011)	Prec@1 88.281 (86.632)	Prec@5 100.000 (99.621)
Epoch: [113][180/391], lr: 0.01000	Loss 0.2527 (0.3994)	Prec@1 92.188 (86.645)	Prec@5 100.000 (99.629)
Epoch: [113][190/391], lr: 0.01000	Loss 0.3753 (0.3978)	Prec@1 82.812 (86.674)	Prec@5 100.000 (99.636)
Epoch: [113][200/391], lr: 0.01000	Loss 0.3493 (0.3961)	Prec@1 90.625 (86.769)	Prec@5 100.000 (99.631)
Epoch: [113][210/391], lr: 0.01000	Loss 0.3269 (0.3970)	Prec@1 90.625 (86.737)	Prec@5 100.000 (99.619)
Epoch: [113][220/391], lr: 0.01000	Loss 0.3544 (0.3958)	Prec@1 89.062 (86.793)	Prec@5 100.000 (99.622)
Epoch: [113][230/391], lr: 0.01000	Loss 0.5253 (0.3974)	Prec@1 82.031 (86.742)	Prec@5 98.438 (99.611)
Epoch: [113][240/391], lr: 0.01000	Loss 0.4425 (0.3973)	Prec@1 83.594 (86.800)	Prec@5 100.000 (99.614)
Epoch: [113][250/391], lr: 0.01000	Loss 0.3130 (0.3970)	Prec@1 89.062 (86.793)	Prec@5 99.219 (99.608)
Epoch: [113][260/391], lr: 0.01000	Loss 0.4144 (0.3968)	Prec@1 87.500 (86.818)	Prec@5 99.219 (99.596)
Epoch: [113][270/391], lr: 0.01000	Loss 0.4162 (0.3965)	Prec@1 85.938 (86.848)	Prec@5 100.000 (99.594)
Epoch: [113][280/391], lr: 0.01000	Loss 0.3350 (0.3975)	Prec@1 91.406 (86.808)	Prec@5 100.000 (99.605)
Epoch: [113][290/391], lr: 0.01000	Loss 0.4850 (0.3993)	Prec@1 83.594 (86.743)	Prec@5 100.000 (99.589)
Epoch: [113][300/391], lr: 0.01000	Loss 0.4121 (0.3990)	Prec@1 82.031 (86.698)	Prec@5 99.219 (99.585)
Epoch: [113][310/391], lr: 0.01000	Loss 0.4247 (0.3992)	Prec@1 85.938 (86.671)	Prec@5 99.219 (99.583)
Epoch: [113][320/391], lr: 0.01000	Loss 0.4208 (0.3991)	Prec@1 84.375 (86.673)	Prec@5 100.000 (99.579)
Epoch: [113][330/391], lr: 0.01000	Loss 0.3025 (0.3984)	Prec@1 89.062 (86.705)	Prec@5 99.219 (99.587)
Epoch: [113][340/391], lr: 0.01000	Loss 0.3914 (0.3994)	Prec@1 90.625 (86.675)	Prec@5 99.219 (99.583)
Epoch: [113][350/391], lr: 0.01000	Loss 0.4506 (0.3997)	Prec@1 85.938 (86.661)	Prec@5 97.656 (99.577)
Epoch: [113][360/391], lr: 0.01000	Loss 0.4898 (0.4011)	Prec@1 85.938 (86.617)	Prec@5 98.438 (99.574)
Epoch: [113][370/391], lr: 0.01000	Loss 0.4226 (0.4011)	Prec@1 85.156 (86.599)	Prec@5 98.438 (99.573)
Epoch: [113][380/391], lr: 0.01000	Loss 0.3975 (0.4021)	Prec@1 84.375 (86.553)	Prec@5 100.000 (99.563)
Epoch: [113][390/391], lr: 0.01000	Loss 0.4274 (0.4031)	Prec@1 85.000 (86.536)	Prec@5 98.750 (99.564)
Epoch [113] Training Results: Prec@1 86.536 Prec@5 99.564             Loss 0.40311
Epoch [113] Training Class Recall: [0.735,0.818,0.804,0.848,0.880,0.894,0.903,0.911,0.929,0.932]

Epoch: [114][0/391], lr: 0.01000	Loss 0.3212 (0.3212)	Prec@1 85.156 (85.156)	Prec@5 100.000 (100.000)
Epoch: [114][10/391], lr: 0.01000	Loss 0.4520 (0.4160)	Prec@1 81.250 (85.511)	Prec@5 99.219 (99.574)
Epoch: [114][20/391], lr: 0.01000	Loss 0.4834 (0.4114)	Prec@1 85.156 (85.751)	Prec@5 100.000 (99.665)
Epoch: [114][30/391], lr: 0.01000	Loss 0.2737 (0.4123)	Prec@1 90.625 (85.811)	Prec@5 100.000 (99.647)
Epoch: [114][40/391], lr: 0.01000	Loss 0.4603 (0.4037)	Prec@1 82.031 (86.261)	Prec@5 99.219 (99.638)
Epoch: [114][50/391], lr: 0.01000	Loss 0.4579 (0.4041)	Prec@1 86.719 (86.152)	Prec@5 100.000 (99.648)
Epoch: [114][60/391], lr: 0.01000	Loss 0.3563 (0.4033)	Prec@1 87.500 (86.245)	Prec@5 100.000 (99.641)
Epoch: [114][70/391], lr: 0.01000	Loss 0.5359 (0.4012)	Prec@1 83.594 (86.345)	Prec@5 99.219 (99.670)
Epoch: [114][80/391], lr: 0.01000	Loss 0.4105 (0.3986)	Prec@1 86.719 (86.449)	Prec@5 99.219 (99.653)
Epoch: [114][90/391], lr: 0.01000	Loss 0.5476 (0.3974)	Prec@1 83.594 (86.521)	Prec@5 100.000 (99.682)
Epoch: [114][100/391], lr: 0.01000	Loss 0.3496 (0.3944)	Prec@1 87.500 (86.587)	Prec@5 99.219 (99.683)
Epoch: [114][110/391], lr: 0.01000	Loss 0.3702 (0.3949)	Prec@1 89.062 (86.613)	Prec@5 99.219 (99.662)
Epoch: [114][120/391], lr: 0.01000	Loss 0.2981 (0.3965)	Prec@1 88.281 (86.557)	Prec@5 100.000 (99.658)
Epoch: [114][130/391], lr: 0.01000	Loss 0.4276 (0.3973)	Prec@1 87.500 (86.570)	Prec@5 100.000 (99.666)
Epoch: [114][140/391], lr: 0.01000	Loss 0.2753 (0.3969)	Prec@1 92.969 (86.602)	Prec@5 99.219 (99.645)
Epoch: [114][150/391], lr: 0.01000	Loss 0.4261 (0.3975)	Prec@1 84.375 (86.522)	Prec@5 100.000 (99.648)
Epoch: [114][160/391], lr: 0.01000	Loss 0.5205 (0.3991)	Prec@1 84.375 (86.496)	Prec@5 96.875 (99.622)
Epoch: [114][170/391], lr: 0.01000	Loss 0.3413 (0.3988)	Prec@1 87.500 (86.504)	Prec@5 100.000 (99.630)
Epoch: [114][180/391], lr: 0.01000	Loss 0.3904 (0.4007)	Prec@1 85.938 (86.430)	Prec@5 98.438 (99.616)
Epoch: [114][190/391], lr: 0.01000	Loss 0.3520 (0.4016)	Prec@1 89.844 (86.416)	Prec@5 100.000 (99.611)
Epoch: [114][200/391], lr: 0.01000	Loss 0.3665 (0.4004)	Prec@1 87.500 (86.489)	Prec@5 100.000 (99.615)
Epoch: [114][210/391], lr: 0.01000	Loss 0.3369 (0.3997)	Prec@1 86.719 (86.482)	Prec@5 100.000 (99.633)
Epoch: [114][220/391], lr: 0.01000	Loss 0.4076 (0.3971)	Prec@1 87.500 (86.588)	Prec@5 100.000 (99.646)
Epoch: [114][230/391], lr: 0.01000	Loss 0.3681 (0.3961)	Prec@1 86.719 (86.634)	Prec@5 100.000 (99.648)
Epoch: [114][240/391], lr: 0.01000	Loss 0.3197 (0.3942)	Prec@1 90.625 (86.706)	Prec@5 100.000 (99.653)
Epoch: [114][250/391], lr: 0.01000	Loss 0.4965 (0.3948)	Prec@1 82.031 (86.703)	Prec@5 100.000 (99.651)
Epoch: [114][260/391], lr: 0.01000	Loss 0.3517 (0.3951)	Prec@1 89.844 (86.707)	Prec@5 100.000 (99.644)
Epoch: [114][270/391], lr: 0.01000	Loss 0.3624 (0.3947)	Prec@1 89.062 (86.768)	Prec@5 100.000 (99.640)
Epoch: [114][280/391], lr: 0.01000	Loss 0.4198 (0.3961)	Prec@1 85.156 (86.738)	Prec@5 100.000 (99.627)
Epoch: [114][290/391], lr: 0.01000	Loss 0.4298 (0.3977)	Prec@1 82.812 (86.705)	Prec@5 100.000 (99.627)
Epoch: [114][300/391], lr: 0.01000	Loss 0.5970 (0.3996)	Prec@1 83.594 (86.656)	Prec@5 99.219 (99.634)
Epoch: [114][310/391], lr: 0.01000	Loss 0.4696 (0.4005)	Prec@1 86.719 (86.628)	Prec@5 100.000 (99.631)
Epoch: [114][320/391], lr: 0.01000	Loss 0.4644 (0.4006)	Prec@1 82.812 (86.612)	Prec@5 99.219 (99.632)
Epoch: [114][330/391], lr: 0.01000	Loss 0.5591 (0.4007)	Prec@1 81.250 (86.613)	Prec@5 98.438 (99.627)
Epoch: [114][340/391], lr: 0.01000	Loss 0.5547 (0.4020)	Prec@1 81.250 (86.581)	Prec@5 99.219 (99.629)
Epoch: [114][350/391], lr: 0.01000	Loss 0.4442 (0.4029)	Prec@1 83.594 (86.536)	Prec@5 99.219 (99.628)
Epoch: [114][360/391], lr: 0.01000	Loss 0.5284 (0.4036)	Prec@1 79.688 (86.496)	Prec@5 100.000 (99.626)
Epoch: [114][370/391], lr: 0.01000	Loss 0.5074 (0.4045)	Prec@1 82.812 (86.474)	Prec@5 98.438 (99.617)
Epoch: [114][380/391], lr: 0.01000	Loss 0.3688 (0.4033)	Prec@1 90.625 (86.528)	Prec@5 100.000 (99.617)
Epoch: [114][390/391], lr: 0.01000	Loss 0.4407 (0.4040)	Prec@1 88.750 (86.514)	Prec@5 97.500 (99.602)
Epoch [114] Training Results: Prec@1 86.514 Prec@5 99.602             Loss 0.40399
Epoch [114] Training Class Recall: [0.741,0.817,0.807,0.843,0.869,0.895,0.907,0.908,0.928,0.936]

Epoch: [115][0/391], lr: 0.01000	Loss 0.3930 (0.3930)	Prec@1 86.719 (86.719)	Prec@5 99.219 (99.219)
Epoch: [115][10/391], lr: 0.01000	Loss 0.2748 (0.3141)	Prec@1 89.844 (88.991)	Prec@5 100.000 (99.787)
Epoch: [115][20/391], lr: 0.01000	Loss 0.3871 (0.3136)	Prec@1 85.156 (89.435)	Prec@5 100.000 (99.851)
Epoch: [115][30/391], lr: 0.01000	Loss 0.3673 (0.3221)	Prec@1 86.719 (89.340)	Prec@5 100.000 (99.824)
Epoch: [115][40/391], lr: 0.01000	Loss 0.2533 (0.3243)	Prec@1 91.406 (89.215)	Prec@5 100.000 (99.771)
Epoch: [115][50/391], lr: 0.01000	Loss 0.2832 (0.3314)	Prec@1 87.500 (89.124)	Prec@5 100.000 (99.709)
Epoch: [115][60/391], lr: 0.01000	Loss 0.2470 (0.3418)	Prec@1 92.969 (88.858)	Prec@5 100.000 (99.718)
Epoch: [115][70/391], lr: 0.01000	Loss 0.3801 (0.3446)	Prec@1 90.625 (88.820)	Prec@5 98.438 (99.703)
Epoch: [115][80/391], lr: 0.01000	Loss 0.4004 (0.3487)	Prec@1 84.375 (88.561)	Prec@5 99.219 (99.682)
Epoch: [115][90/391], lr: 0.01000	Loss 0.3375 (0.3570)	Prec@1 86.719 (88.178)	Prec@5 100.000 (99.682)
Epoch: [115][100/391], lr: 0.01000	Loss 0.5286 (0.3612)	Prec@1 83.594 (88.072)	Prec@5 99.219 (99.675)
Epoch: [115][110/391], lr: 0.01000	Loss 0.4046 (0.3657)	Prec@1 83.594 (87.943)	Prec@5 99.219 (99.641)
Epoch: [115][120/391], lr: 0.01000	Loss 0.4000 (0.3685)	Prec@1 85.938 (87.765)	Prec@5 99.219 (99.638)
Epoch: [115][130/391], lr: 0.01000	Loss 0.3484 (0.3700)	Prec@1 86.719 (87.679)	Prec@5 100.000 (99.630)
Epoch: [115][140/391], lr: 0.01000	Loss 0.3082 (0.3743)	Prec@1 89.062 (87.539)	Prec@5 100.000 (99.601)
Epoch: [115][150/391], lr: 0.01000	Loss 0.3779 (0.3744)	Prec@1 84.375 (87.531)	Prec@5 100.000 (99.622)
Epoch: [115][160/391], lr: 0.01000	Loss 0.3504 (0.3734)	Prec@1 86.719 (87.587)	Prec@5 100.000 (99.631)
Epoch: [115][170/391], lr: 0.01000	Loss 0.5295 (0.3758)	Prec@1 83.594 (87.523)	Prec@5 100.000 (99.635)
Epoch: [115][180/391], lr: 0.01000	Loss 0.2646 (0.3745)	Prec@1 90.625 (87.573)	Prec@5 100.000 (99.624)
Epoch: [115][190/391], lr: 0.01000	Loss 0.2827 (0.3752)	Prec@1 89.844 (87.582)	Prec@5 100.000 (99.616)
Epoch: [115][200/391], lr: 0.01000	Loss 0.3373 (0.3769)	Prec@1 89.062 (87.539)	Prec@5 98.438 (99.604)
Epoch: [115][210/391], lr: 0.01000	Loss 0.3131 (0.3769)	Prec@1 88.281 (87.537)	Prec@5 100.000 (99.619)
Epoch: [115][220/391], lr: 0.01000	Loss 0.2961 (0.3764)	Prec@1 90.625 (87.532)	Prec@5 99.219 (99.622)
Epoch: [115][230/391], lr: 0.01000	Loss 0.3789 (0.3790)	Prec@1 85.156 (87.470)	Prec@5 100.000 (99.625)
Epoch: [115][240/391], lr: 0.01000	Loss 0.3434 (0.3818)	Prec@1 88.281 (87.374)	Prec@5 99.219 (99.627)
Epoch: [115][250/391], lr: 0.01000	Loss 0.3754 (0.3825)	Prec@1 86.719 (87.366)	Prec@5 100.000 (99.626)
Epoch: [115][260/391], lr: 0.01000	Loss 0.4308 (0.3849)	Prec@1 82.812 (87.240)	Prec@5 98.438 (99.611)
Epoch: [115][270/391], lr: 0.01000	Loss 0.5331 (0.3846)	Prec@1 85.156 (87.252)	Prec@5 99.219 (99.614)
Epoch: [115][280/391], lr: 0.01000	Loss 0.3232 (0.3857)	Prec@1 92.188 (87.216)	Prec@5 100.000 (99.611)
Epoch: [115][290/391], lr: 0.01000	Loss 0.4832 (0.3874)	Prec@1 85.938 (87.215)	Prec@5 100.000 (99.611)
Epoch: [115][300/391], lr: 0.01000	Loss 0.4099 (0.3889)	Prec@1 87.500 (87.147)	Prec@5 99.219 (99.608)
Epoch: [115][310/391], lr: 0.01000	Loss 0.3978 (0.3919)	Prec@1 86.719 (87.075)	Prec@5 99.219 (99.583)
Epoch: [115][320/391], lr: 0.01000	Loss 0.4990 (0.3932)	Prec@1 84.375 (87.040)	Prec@5 98.438 (99.584)
Epoch: [115][330/391], lr: 0.01000	Loss 0.5166 (0.3961)	Prec@1 80.469 (86.922)	Prec@5 100.000 (99.578)
Epoch: [115][340/391], lr: 0.01000	Loss 0.4574 (0.3970)	Prec@1 86.719 (86.913)	Prec@5 100.000 (99.574)
Epoch: [115][350/391], lr: 0.01000	Loss 0.4203 (0.3983)	Prec@1 91.406 (86.863)	Prec@5 99.219 (99.573)
Epoch: [115][360/391], lr: 0.01000	Loss 0.3607 (0.4005)	Prec@1 85.938 (86.782)	Prec@5 100.000 (99.567)
Epoch: [115][370/391], lr: 0.01000	Loss 0.5642 (0.4017)	Prec@1 82.031 (86.733)	Prec@5 100.000 (99.568)
Epoch: [115][380/391], lr: 0.01000	Loss 0.5124 (0.4030)	Prec@1 80.469 (86.700)	Prec@5 100.000 (99.565)
Epoch: [115][390/391], lr: 0.01000	Loss 0.4048 (0.4044)	Prec@1 83.750 (86.644)	Prec@5 100.000 (99.554)
Epoch [115] Training Results: Prec@1 86.644 Prec@5 99.554             Loss 0.40444
Epoch [115] Training Class Recall: [0.738,0.821,0.808,0.842,0.884,0.898,0.910,0.910,0.925,0.928]

Epoch: [116][0/391], lr: 0.01000	Loss 0.3724 (0.3724)	Prec@1 88.281 (88.281)	Prec@5 99.219 (99.219)
Epoch: [116][10/391], lr: 0.01000	Loss 0.3770 (0.4041)	Prec@1 85.938 (86.648)	Prec@5 100.000 (99.361)
Epoch: [116][20/391], lr: 0.01000	Loss 0.3326 (0.4001)	Prec@1 89.844 (86.496)	Prec@5 99.219 (99.554)
Epoch: [116][30/391], lr: 0.01000	Loss 0.3277 (0.3789)	Prec@1 89.062 (87.198)	Prec@5 100.000 (99.647)
Epoch: [116][40/391], lr: 0.01000	Loss 0.4549 (0.3747)	Prec@1 83.594 (87.271)	Prec@5 98.438 (99.619)
Epoch: [116][50/391], lr: 0.01000	Loss 0.4031 (0.3644)	Prec@1 85.938 (87.592)	Prec@5 99.219 (99.663)
Epoch: [116][60/391], lr: 0.01000	Loss 0.3158 (0.3555)	Prec@1 92.188 (88.025)	Prec@5 98.438 (99.693)
Epoch: [116][70/391], lr: 0.01000	Loss 0.3881 (0.3568)	Prec@1 86.719 (88.006)	Prec@5 100.000 (99.703)
Epoch: [116][80/391], lr: 0.01000	Loss 0.2956 (0.3590)	Prec@1 93.750 (87.924)	Prec@5 99.219 (99.691)
Epoch: [116][90/391], lr: 0.01000	Loss 0.4031 (0.3635)	Prec@1 84.375 (87.835)	Prec@5 100.000 (99.691)
Epoch: [116][100/391], lr: 0.01000	Loss 0.4436 (0.3707)	Prec@1 87.500 (87.693)	Prec@5 99.219 (99.683)
Epoch: [116][110/391], lr: 0.01000	Loss 0.2134 (0.3696)	Prec@1 91.406 (87.634)	Prec@5 100.000 (99.690)
Epoch: [116][120/391], lr: 0.01000	Loss 0.3911 (0.3738)	Prec@1 88.281 (87.513)	Prec@5 98.438 (99.658)
Epoch: [116][130/391], lr: 0.01000	Loss 0.4370 (0.3772)	Prec@1 85.938 (87.411)	Prec@5 99.219 (99.660)
Epoch: [116][140/391], lr: 0.01000	Loss 0.3228 (0.3769)	Prec@1 89.844 (87.400)	Prec@5 99.219 (99.640)
Epoch: [116][150/391], lr: 0.01000	Loss 0.3954 (0.3775)	Prec@1 87.500 (87.407)	Prec@5 100.000 (99.653)
Epoch: [116][160/391], lr: 0.01000	Loss 0.4374 (0.3824)	Prec@1 86.719 (87.214)	Prec@5 99.219 (99.617)
Epoch: [116][170/391], lr: 0.01000	Loss 0.3714 (0.3872)	Prec@1 89.062 (87.130)	Prec@5 99.219 (99.593)
Epoch: [116][180/391], lr: 0.01000	Loss 0.3086 (0.3881)	Prec@1 88.281 (87.103)	Prec@5 100.000 (99.581)
Epoch: [116][190/391], lr: 0.01000	Loss 0.3851 (0.3904)	Prec@1 91.406 (87.099)	Prec@5 100.000 (99.579)
Epoch: [116][200/391], lr: 0.01000	Loss 0.4085 (0.3916)	Prec@1 86.719 (87.061)	Prec@5 100.000 (99.580)
Epoch: [116][210/391], lr: 0.01000	Loss 0.4426 (0.3919)	Prec@1 85.156 (87.037)	Prec@5 99.219 (99.585)
Epoch: [116][220/391], lr: 0.01000	Loss 0.4505 (0.3946)	Prec@1 84.375 (86.941)	Prec@5 99.219 (99.590)
Epoch: [116][230/391], lr: 0.01000	Loss 0.3429 (0.3956)	Prec@1 87.500 (86.898)	Prec@5 100.000 (99.591)
Epoch: [116][240/391], lr: 0.01000	Loss 0.3716 (0.3958)	Prec@1 87.500 (86.887)	Prec@5 99.219 (99.595)
Epoch: [116][250/391], lr: 0.01000	Loss 0.2733 (0.3970)	Prec@1 90.625 (86.849)	Prec@5 100.000 (99.586)
Epoch: [116][260/391], lr: 0.01000	Loss 0.4453 (0.3965)	Prec@1 82.812 (86.877)	Prec@5 100.000 (99.593)
Epoch: [116][270/391], lr: 0.01000	Loss 0.4430 (0.3975)	Prec@1 86.719 (86.883)	Prec@5 99.219 (99.596)
Epoch: [116][280/391], lr: 0.01000	Loss 0.3040 (0.3987)	Prec@1 85.156 (86.836)	Prec@5 100.000 (99.600)
Epoch: [116][290/391], lr: 0.01000	Loss 0.3485 (0.3976)	Prec@1 90.625 (86.874)	Prec@5 100.000 (99.605)
Epoch: [116][300/391], lr: 0.01000	Loss 0.3901 (0.3969)	Prec@1 85.938 (86.893)	Prec@5 100.000 (99.611)
Epoch: [116][310/391], lr: 0.01000	Loss 0.6110 (0.3968)	Prec@1 80.469 (86.890)	Prec@5 98.438 (99.606)
Epoch: [116][320/391], lr: 0.01000	Loss 0.4697 (0.3980)	Prec@1 83.594 (86.826)	Prec@5 99.219 (99.596)
Epoch: [116][330/391], lr: 0.01000	Loss 0.4535 (0.3980)	Prec@1 82.031 (86.813)	Prec@5 100.000 (99.589)
Epoch: [116][340/391], lr: 0.01000	Loss 0.3678 (0.3980)	Prec@1 86.719 (86.808)	Prec@5 99.219 (99.590)
Epoch: [116][350/391], lr: 0.01000	Loss 0.3226 (0.3981)	Prec@1 92.188 (86.828)	Prec@5 98.438 (99.582)
Epoch: [116][360/391], lr: 0.01000	Loss 0.3998 (0.3980)	Prec@1 89.062 (86.836)	Prec@5 98.438 (99.587)
Epoch: [116][370/391], lr: 0.01000	Loss 0.4405 (0.3979)	Prec@1 85.156 (86.858)	Prec@5 100.000 (99.585)
Epoch: [116][380/391], lr: 0.01000	Loss 0.4493 (0.3987)	Prec@1 84.375 (86.817)	Prec@5 100.000 (99.586)
Epoch: [116][390/391], lr: 0.01000	Loss 0.2415 (0.3997)	Prec@1 92.500 (86.748)	Prec@5 100.000 (99.582)
Epoch [116] Training Results: Prec@1 86.748 Prec@5 99.582             Loss 0.39972
Epoch [116] Training Class Recall: [0.739,0.825,0.810,0.843,0.874,0.902,0.914,0.908,0.931,0.930]

Epoch: [117][0/391], lr: 0.01000	Loss 0.4273 (0.4273)	Prec@1 85.156 (85.156)	Prec@5 100.000 (100.000)
Epoch: [117][10/391], lr: 0.01000	Loss 0.5250 (0.3873)	Prec@1 82.812 (86.435)	Prec@5 100.000 (99.787)
Epoch: [117][20/391], lr: 0.01000	Loss 0.3002 (0.3855)	Prec@1 90.625 (86.979)	Prec@5 100.000 (99.814)
Epoch: [117][30/391], lr: 0.01000	Loss 0.4782 (0.4082)	Prec@1 83.594 (86.416)	Prec@5 100.000 (99.773)
Epoch: [117][40/391], lr: 0.01000	Loss 0.3482 (0.4024)	Prec@1 88.281 (86.623)	Prec@5 100.000 (99.790)
Epoch: [117][50/391], lr: 0.01000	Loss 0.4092 (0.4103)	Prec@1 85.156 (86.121)	Prec@5 99.219 (99.770)
Epoch: [117][60/391], lr: 0.01000	Loss 0.4251 (0.4148)	Prec@1 84.375 (85.937)	Prec@5 100.000 (99.718)
Epoch: [117][70/391], lr: 0.01000	Loss 0.4342 (0.4125)	Prec@1 84.375 (86.103)	Prec@5 99.219 (99.670)
Epoch: [117][80/391], lr: 0.01000	Loss 0.2388 (0.4084)	Prec@1 92.969 (86.227)	Prec@5 100.000 (99.633)
Epoch: [117][90/391], lr: 0.01000	Loss 0.3327 (0.4040)	Prec@1 85.938 (86.384)	Prec@5 100.000 (99.639)
Epoch: [117][100/391], lr: 0.01000	Loss 0.4856 (0.4039)	Prec@1 86.719 (86.440)	Prec@5 100.000 (99.629)
Epoch: [117][110/391], lr: 0.01000	Loss 0.3643 (0.4000)	Prec@1 88.281 (86.585)	Prec@5 99.219 (99.627)
Epoch: [117][120/391], lr: 0.01000	Loss 0.3852 (0.3964)	Prec@1 84.375 (86.680)	Prec@5 100.000 (99.638)
Epoch: [117][130/391], lr: 0.01000	Loss 0.3807 (0.3931)	Prec@1 85.156 (86.766)	Prec@5 100.000 (99.642)
Epoch: [117][140/391], lr: 0.01000	Loss 0.3568 (0.3907)	Prec@1 90.625 (86.857)	Prec@5 99.219 (99.640)
Epoch: [117][150/391], lr: 0.01000	Loss 0.4462 (0.3877)	Prec@1 85.156 (86.977)	Prec@5 99.219 (99.659)
Epoch: [117][160/391], lr: 0.01000	Loss 0.3972 (0.3872)	Prec@1 85.156 (86.986)	Prec@5 100.000 (99.646)
Epoch: [117][170/391], lr: 0.01000	Loss 0.3623 (0.3865)	Prec@1 90.625 (86.988)	Prec@5 99.219 (99.657)
Epoch: [117][180/391], lr: 0.01000	Loss 0.3429 (0.3858)	Prec@1 89.062 (86.995)	Prec@5 100.000 (99.650)
Epoch: [117][190/391], lr: 0.01000	Loss 0.4348 (0.3848)	Prec@1 87.500 (87.038)	Prec@5 100.000 (99.661)
Epoch: [117][200/391], lr: 0.01000	Loss 0.4920 (0.3829)	Prec@1 82.812 (87.104)	Prec@5 99.219 (99.662)
Epoch: [117][210/391], lr: 0.01000	Loss 0.3544 (0.3812)	Prec@1 85.938 (87.170)	Prec@5 100.000 (99.670)
Epoch: [117][220/391], lr: 0.01000	Loss 0.4260 (0.3821)	Prec@1 85.156 (87.132)	Prec@5 99.219 (99.657)
Epoch: [117][230/391], lr: 0.01000	Loss 0.4654 (0.3847)	Prec@1 89.062 (87.087)	Prec@5 98.438 (99.652)
Epoch: [117][240/391], lr: 0.01000	Loss 0.2251 (0.3854)	Prec@1 95.312 (87.124)	Prec@5 100.000 (99.660)
Epoch: [117][250/391], lr: 0.01000	Loss 0.4193 (0.3876)	Prec@1 87.500 (87.074)	Prec@5 100.000 (99.655)
Epoch: [117][260/391], lr: 0.01000	Loss 0.3929 (0.3890)	Prec@1 83.594 (87.018)	Prec@5 100.000 (99.659)
Epoch: [117][270/391], lr: 0.01000	Loss 0.6130 (0.3908)	Prec@1 80.469 (86.978)	Prec@5 98.438 (99.654)
Epoch: [117][280/391], lr: 0.01000	Loss 0.4086 (0.3937)	Prec@1 85.156 (86.866)	Prec@5 99.219 (99.647)
Epoch: [117][290/391], lr: 0.01000	Loss 0.3452 (0.3956)	Prec@1 88.281 (86.807)	Prec@5 100.000 (99.632)
Epoch: [117][300/391], lr: 0.01000	Loss 0.3671 (0.3960)	Prec@1 83.594 (86.758)	Prec@5 100.000 (99.637)
Epoch: [117][310/391], lr: 0.01000	Loss 0.4923 (0.3974)	Prec@1 82.812 (86.724)	Prec@5 98.438 (99.631)
Epoch: [117][320/391], lr: 0.01000	Loss 0.4218 (0.3978)	Prec@1 85.156 (86.704)	Prec@5 99.219 (99.628)
Epoch: [117][330/391], lr: 0.01000	Loss 0.4410 (0.3978)	Prec@1 82.812 (86.693)	Prec@5 100.000 (99.634)
Epoch: [117][340/391], lr: 0.01000	Loss 0.4304 (0.3983)	Prec@1 85.938 (86.673)	Prec@5 100.000 (99.629)
Epoch: [117][350/391], lr: 0.01000	Loss 0.4289 (0.3998)	Prec@1 85.156 (86.625)	Prec@5 99.219 (99.619)
Epoch: [117][360/391], lr: 0.01000	Loss 0.5551 (0.4005)	Prec@1 78.906 (86.608)	Prec@5 99.219 (99.608)
Epoch: [117][370/391], lr: 0.01000	Loss 0.3653 (0.4010)	Prec@1 86.719 (86.569)	Prec@5 100.000 (99.608)
Epoch: [117][380/391], lr: 0.01000	Loss 0.3963 (0.4022)	Prec@1 85.156 (86.501)	Prec@5 100.000 (99.604)
Epoch: [117][390/391], lr: 0.01000	Loss 0.3639 (0.4022)	Prec@1 90.000 (86.532)	Prec@5 100.000 (99.606)
Epoch [117] Training Results: Prec@1 86.532 Prec@5 99.606             Loss 0.40222
Epoch [117] Training Class Recall: [0.739,0.820,0.810,0.843,0.876,0.890,0.906,0.906,0.927,0.936]

Epoch: [118][0/391], lr: 0.01000	Loss 0.3275 (0.3275)	Prec@1 88.281 (88.281)	Prec@5 100.000 (100.000)
Epoch: [118][10/391], lr: 0.01000	Loss 0.3486 (0.3834)	Prec@1 86.719 (87.216)	Prec@5 99.219 (99.645)
Epoch: [118][20/391], lr: 0.01000	Loss 0.5165 (0.3823)	Prec@1 82.031 (87.798)	Prec@5 99.219 (99.628)
Epoch: [118][30/391], lr: 0.01000	Loss 0.3448 (0.3682)	Prec@1 89.062 (87.928)	Prec@5 99.219 (99.723)
Epoch: [118][40/391], lr: 0.01000	Loss 0.3312 (0.3628)	Prec@1 92.969 (87.995)	Prec@5 99.219 (99.676)
Epoch: [118][50/391], lr: 0.01000	Loss 0.2641 (0.3610)	Prec@1 92.969 (88.097)	Prec@5 100.000 (99.709)
Epoch: [118][60/391], lr: 0.01000	Loss 0.2223 (0.3571)	Prec@1 90.625 (88.166)	Prec@5 100.000 (99.705)
Epoch: [118][70/391], lr: 0.01000	Loss 0.3669 (0.3606)	Prec@1 87.500 (87.929)	Prec@5 100.000 (99.703)
Epoch: [118][80/391], lr: 0.01000	Loss 0.3941 (0.3647)	Prec@1 86.719 (87.780)	Prec@5 100.000 (99.682)
Epoch: [118][90/391], lr: 0.01000	Loss 0.2805 (0.3699)	Prec@1 92.188 (87.620)	Prec@5 99.219 (99.622)
Epoch: [118][100/391], lr: 0.01000	Loss 0.4638 (0.3698)	Prec@1 86.719 (87.678)	Prec@5 99.219 (99.606)
Epoch: [118][110/391], lr: 0.01000	Loss 0.3179 (0.3675)	Prec@1 90.625 (87.782)	Prec@5 100.000 (99.613)
Epoch: [118][120/391], lr: 0.01000	Loss 0.3930 (0.3661)	Prec@1 89.844 (87.823)	Prec@5 100.000 (99.613)
Epoch: [118][130/391], lr: 0.01000	Loss 0.3867 (0.3666)	Prec@1 89.844 (87.828)	Prec@5 99.219 (99.606)
Epoch: [118][140/391], lr: 0.01000	Loss 0.3366 (0.3681)	Prec@1 90.625 (87.771)	Prec@5 99.219 (99.596)
Epoch: [118][150/391], lr: 0.01000	Loss 0.5173 (0.3714)	Prec@1 83.594 (87.666)	Prec@5 100.000 (99.596)
Epoch: [118][160/391], lr: 0.01000	Loss 0.4604 (0.3749)	Prec@1 85.156 (87.602)	Prec@5 100.000 (99.583)
Epoch: [118][170/391], lr: 0.01000	Loss 0.3725 (0.3768)	Prec@1 86.719 (87.518)	Prec@5 100.000 (99.584)
Epoch: [118][180/391], lr: 0.01000	Loss 0.3648 (0.3813)	Prec@1 85.938 (87.332)	Prec@5 97.656 (99.564)
Epoch: [118][190/391], lr: 0.01000	Loss 0.2463 (0.3809)	Prec@1 90.625 (87.345)	Prec@5 99.219 (99.562)
Epoch: [118][200/391], lr: 0.01000	Loss 0.4392 (0.3834)	Prec@1 85.938 (87.255)	Prec@5 100.000 (99.557)
Epoch: [118][210/391], lr: 0.01000	Loss 0.5117 (0.3835)	Prec@1 83.594 (87.222)	Prec@5 99.219 (99.563)
Epoch: [118][220/391], lr: 0.01000	Loss 0.3347 (0.3855)	Prec@1 89.062 (87.132)	Prec@5 99.219 (99.576)
Epoch: [118][230/391], lr: 0.01000	Loss 0.3834 (0.3849)	Prec@1 83.594 (87.125)	Prec@5 100.000 (99.577)
Epoch: [118][240/391], lr: 0.01000	Loss 0.3701 (0.3831)	Prec@1 86.719 (87.192)	Prec@5 100.000 (99.588)
Epoch: [118][250/391], lr: 0.01000	Loss 0.3081 (0.3832)	Prec@1 86.719 (87.173)	Prec@5 100.000 (99.602)
Epoch: [118][260/391], lr: 0.01000	Loss 0.4908 (0.3831)	Prec@1 85.938 (87.195)	Prec@5 98.438 (99.599)
Epoch: [118][270/391], lr: 0.01000	Loss 0.3980 (0.3841)	Prec@1 83.594 (87.148)	Prec@5 100.000 (99.596)
Epoch: [118][280/391], lr: 0.01000	Loss 0.3776 (0.3850)	Prec@1 87.500 (87.150)	Prec@5 100.000 (99.600)
Epoch: [118][290/391], lr: 0.01000	Loss 0.4393 (0.3850)	Prec@1 85.938 (87.124)	Prec@5 99.219 (99.595)
Epoch: [118][300/391], lr: 0.01000	Loss 0.3956 (0.3850)	Prec@1 88.281 (87.100)	Prec@5 100.000 (99.592)
Epoch: [118][310/391], lr: 0.01000	Loss 0.3411 (0.3849)	Prec@1 89.844 (87.093)	Prec@5 100.000 (99.598)
Epoch: [118][320/391], lr: 0.01000	Loss 0.4434 (0.3854)	Prec@1 84.375 (87.079)	Prec@5 100.000 (99.598)
Epoch: [118][330/391], lr: 0.01000	Loss 0.2646 (0.3841)	Prec@1 90.625 (87.129)	Prec@5 100.000 (99.596)
Epoch: [118][340/391], lr: 0.01000	Loss 0.2946 (0.3841)	Prec@1 89.062 (87.115)	Prec@5 100.000 (99.597)
Epoch: [118][350/391], lr: 0.01000	Loss 0.4078 (0.3845)	Prec@1 85.156 (87.077)	Prec@5 99.219 (99.602)
Epoch: [118][360/391], lr: 0.01000	Loss 0.5006 (0.3859)	Prec@1 81.250 (87.004)	Prec@5 100.000 (99.602)
Epoch: [118][370/391], lr: 0.01000	Loss 0.4234 (0.3884)	Prec@1 85.156 (86.921)	Prec@5 99.219 (99.594)
Epoch: [118][380/391], lr: 0.01000	Loss 0.3845 (0.3895)	Prec@1 87.500 (86.895)	Prec@5 99.219 (99.592)
Epoch: [118][390/391], lr: 0.01000	Loss 0.3777 (0.3904)	Prec@1 90.000 (86.876)	Prec@5 100.000 (99.592)
Epoch [118] Training Results: Prec@1 86.876 Prec@5 99.592             Loss 0.39038
Epoch [118] Training Class Recall: [0.745,0.817,0.812,0.849,0.885,0.893,0.907,0.911,0.930,0.938]

Epoch: [119][0/391], lr: 0.01000	Loss 0.3818 (0.3818)	Prec@1 87.500 (87.500)	Prec@5 100.000 (100.000)
Epoch: [119][10/391], lr: 0.01000	Loss 0.3822 (0.4070)	Prec@1 89.062 (86.577)	Prec@5 100.000 (99.645)
Epoch: [119][20/391], lr: 0.01000	Loss 0.3790 (0.3890)	Prec@1 88.281 (86.979)	Prec@5 100.000 (99.665)
Epoch: [119][30/391], lr: 0.01000	Loss 0.2898 (0.3765)	Prec@1 92.188 (87.349)	Prec@5 100.000 (99.647)
Epoch: [119][40/391], lr: 0.01000	Loss 0.4449 (0.3840)	Prec@1 86.719 (87.176)	Prec@5 100.000 (99.676)
Epoch: [119][50/391], lr: 0.01000	Loss 0.4888 (0.3872)	Prec@1 85.156 (87.086)	Prec@5 100.000 (99.694)
Epoch: [119][60/391], lr: 0.01000	Loss 0.3294 (0.3864)	Prec@1 90.625 (87.321)	Prec@5 100.000 (99.654)
Epoch: [119][70/391], lr: 0.01000	Loss 0.4695 (0.3937)	Prec@1 82.031 (87.027)	Prec@5 98.438 (99.615)
Epoch: [119][80/391], lr: 0.01000	Loss 0.3616 (0.3952)	Prec@1 90.625 (87.076)	Prec@5 100.000 (99.585)
Epoch: [119][90/391], lr: 0.01000	Loss 0.3242 (0.3998)	Prec@1 89.062 (86.882)	Prec@5 100.000 (99.605)
Epoch: [119][100/391], lr: 0.01000	Loss 0.3704 (0.4030)	Prec@1 86.719 (86.843)	Prec@5 100.000 (99.598)
Epoch: [119][110/391], lr: 0.01000	Loss 0.3474 (0.4064)	Prec@1 88.281 (86.662)	Prec@5 99.219 (99.571)
Epoch: [119][120/391], lr: 0.01000	Loss 0.4558 (0.4085)	Prec@1 82.812 (86.538)	Prec@5 100.000 (99.567)
Epoch: [119][130/391], lr: 0.01000	Loss 0.5396 (0.4068)	Prec@1 87.500 (86.611)	Prec@5 99.219 (99.577)
Epoch: [119][140/391], lr: 0.01000	Loss 0.2451 (0.4019)	Prec@1 92.188 (86.824)	Prec@5 99.219 (99.579)
Epoch: [119][150/391], lr: 0.01000	Loss 0.4639 (0.4035)	Prec@1 84.375 (86.755)	Prec@5 99.219 (99.571)
Epoch: [119][160/391], lr: 0.01000	Loss 0.4845 (0.4071)	Prec@1 87.500 (86.675)	Prec@5 100.000 (99.588)
Epoch: [119][170/391], lr: 0.01000	Loss 0.3192 (0.4070)	Prec@1 88.281 (86.659)	Prec@5 99.219 (99.580)
Epoch: [119][180/391], lr: 0.01000	Loss 0.3697 (0.4091)	Prec@1 86.719 (86.550)	Prec@5 100.000 (99.581)
Epoch: [119][190/391], lr: 0.01000	Loss 0.3021 (0.4065)	Prec@1 92.188 (86.661)	Prec@5 99.219 (99.579)
Epoch: [119][200/391], lr: 0.01000	Loss 0.4061 (0.4038)	Prec@1 88.281 (86.727)	Prec@5 100.000 (99.588)
Epoch: [119][210/391], lr: 0.01000	Loss 0.3416 (0.4034)	Prec@1 89.844 (86.730)	Prec@5 99.219 (99.589)
Epoch: [119][220/391], lr: 0.01000	Loss 0.5046 (0.4049)	Prec@1 86.719 (86.705)	Prec@5 99.219 (99.583)
Epoch: [119][230/391], lr: 0.01000	Loss 0.4309 (0.4061)	Prec@1 89.844 (86.705)	Prec@5 100.000 (99.560)
Epoch: [119][240/391], lr: 0.01000	Loss 0.4001 (0.4067)	Prec@1 88.281 (86.686)	Prec@5 99.219 (99.566)
Epoch: [119][250/391], lr: 0.01000	Loss 0.4862 (0.4073)	Prec@1 85.938 (86.641)	Prec@5 100.000 (99.567)
Epoch: [119][260/391], lr: 0.01000	Loss 0.4035 (0.4091)	Prec@1 85.156 (86.560)	Prec@5 99.219 (99.557)
Epoch: [119][270/391], lr: 0.01000	Loss 0.3676 (0.4104)	Prec@1 89.062 (86.517)	Prec@5 100.000 (99.542)
Epoch: [119][280/391], lr: 0.01000	Loss 0.3260 (0.4094)	Prec@1 89.062 (86.527)	Prec@5 100.000 (99.541)
Epoch: [119][290/391], lr: 0.01000	Loss 0.3810 (0.4091)	Prec@1 85.156 (86.525)	Prec@5 100.000 (99.549)
Epoch: [119][300/391], lr: 0.01000	Loss 0.3259 (0.4088)	Prec@1 88.281 (86.534)	Prec@5 100.000 (99.556)
Epoch: [119][310/391], lr: 0.01000	Loss 0.4376 (0.4085)	Prec@1 83.594 (86.513)	Prec@5 100.000 (99.555)
Epoch: [119][320/391], lr: 0.01000	Loss 0.3304 (0.4096)	Prec@1 87.500 (86.473)	Prec@5 99.219 (99.557)
Epoch: [119][330/391], lr: 0.01000	Loss 0.3492 (0.4096)	Prec@1 89.062 (86.478)	Prec@5 100.000 (99.554)
Epoch: [119][340/391], lr: 0.01000	Loss 0.5842 (0.4100)	Prec@1 79.688 (86.453)	Prec@5 99.219 (99.549)
Epoch: [119][350/391], lr: 0.01000	Loss 0.4393 (0.4092)	Prec@1 84.375 (86.467)	Prec@5 98.438 (99.546)
Epoch: [119][360/391], lr: 0.01000	Loss 0.3709 (0.4104)	Prec@1 85.156 (86.446)	Prec@5 99.219 (99.541)
Epoch: [119][370/391], lr: 0.01000	Loss 0.2965 (0.4111)	Prec@1 89.844 (86.382)	Prec@5 100.000 (99.543)
Epoch: [119][380/391], lr: 0.01000	Loss 0.4872 (0.4120)	Prec@1 85.156 (86.360)	Prec@5 98.438 (99.535)
Epoch: [119][390/391], lr: 0.01000	Loss 0.4206 (0.4109)	Prec@1 83.750 (86.396)	Prec@5 100.000 (99.540)
Epoch [119] Training Results: Prec@1 86.396 Prec@5 99.540             Loss 0.41092
Epoch [119] Training Class Recall: [0.724,0.824,0.805,0.848,0.877,0.894,0.910,0.899,0.925,0.933]

Epoch: [120][0/391], lr: 0.01000	Loss 0.3679 (0.3679)	Prec@1 90.625 (90.625)	Prec@5 99.219 (99.219)
Epoch: [120][10/391], lr: 0.01000	Loss 0.4261 (0.3296)	Prec@1 86.719 (90.199)	Prec@5 100.000 (99.716)
Epoch: [120][20/391], lr: 0.01000	Loss 0.4207 (0.3399)	Prec@1 85.156 (89.360)	Prec@5 100.000 (99.665)
Epoch: [120][30/391], lr: 0.01000	Loss 0.4397 (0.3381)	Prec@1 87.500 (89.264)	Prec@5 100.000 (99.672)
Epoch: [120][40/391], lr: 0.01000	Loss 0.4296 (0.3486)	Prec@1 87.500 (88.834)	Prec@5 99.219 (99.657)
Epoch: [120][50/391], lr: 0.01000	Loss 0.3712 (0.3594)	Prec@1 89.844 (88.511)	Prec@5 100.000 (99.648)
Epoch: [120][60/391], lr: 0.01000	Loss 0.5222 (0.3702)	Prec@1 80.469 (88.128)	Prec@5 100.000 (99.641)
Epoch: [120][70/391], lr: 0.01000	Loss 0.2672 (0.3766)	Prec@1 92.188 (87.841)	Prec@5 100.000 (99.593)
Epoch: [120][80/391], lr: 0.01000	Loss 0.4056 (0.3816)	Prec@1 85.938 (87.548)	Prec@5 99.219 (99.576)
Epoch: [120][90/391], lr: 0.01000	Loss 0.6320 (0.3856)	Prec@1 81.250 (87.414)	Prec@5 100.000 (99.588)
Epoch: [120][100/391], lr: 0.01000	Loss 0.3962 (0.3844)	Prec@1 85.938 (87.438)	Prec@5 100.000 (99.606)
Epoch: [120][110/391], lr: 0.01000	Loss 0.4463 (0.3857)	Prec@1 86.719 (87.324)	Prec@5 98.438 (99.599)
Epoch: [120][120/391], lr: 0.01000	Loss 0.5094 (0.3867)	Prec@1 85.156 (87.268)	Prec@5 98.438 (99.567)
Epoch: [120][130/391], lr: 0.01000	Loss 0.3085 (0.3840)	Prec@1 89.844 (87.339)	Prec@5 100.000 (99.583)
Epoch: [120][140/391], lr: 0.01000	Loss 0.3595 (0.3831)	Prec@1 89.844 (87.334)	Prec@5 100.000 (99.584)
Epoch: [120][150/391], lr: 0.01000	Loss 0.3529 (0.3850)	Prec@1 86.719 (87.324)	Prec@5 100.000 (99.586)
Epoch: [120][160/391], lr: 0.01000	Loss 0.3510 (0.3844)	Prec@1 90.625 (87.325)	Prec@5 99.219 (99.597)
Epoch: [120][170/391], lr: 0.01000	Loss 0.3372 (0.3846)	Prec@1 89.844 (87.304)	Prec@5 100.000 (99.598)
Epoch: [120][180/391], lr: 0.01000	Loss 0.3132 (0.3845)	Prec@1 87.500 (87.332)	Prec@5 100.000 (99.599)
Epoch: [120][190/391], lr: 0.01000	Loss 0.3052 (0.3848)	Prec@1 89.844 (87.349)	Prec@5 100.000 (99.591)
Epoch: [120][200/391], lr: 0.01000	Loss 0.3775 (0.3858)	Prec@1 87.500 (87.321)	Prec@5 100.000 (99.576)
Epoch: [120][210/391], lr: 0.01000	Loss 0.3114 (0.3847)	Prec@1 87.500 (87.348)	Prec@5 100.000 (99.589)
Epoch: [120][220/391], lr: 0.01000	Loss 0.3249 (0.3828)	Prec@1 90.625 (87.436)	Prec@5 99.219 (99.593)
Epoch: [120][230/391], lr: 0.01000	Loss 0.3295 (0.3805)	Prec@1 92.969 (87.510)	Prec@5 98.438 (99.591)
Epoch: [120][240/391], lr: 0.01000	Loss 0.3275 (0.3787)	Prec@1 89.062 (87.552)	Prec@5 98.438 (99.598)
Epoch: [120][250/391], lr: 0.01000	Loss 0.4304 (0.3782)	Prec@1 88.281 (87.572)	Prec@5 97.656 (99.605)
Epoch: [120][260/391], lr: 0.01000	Loss 0.2944 (0.3767)	Prec@1 87.500 (87.602)	Prec@5 100.000 (99.605)
Epoch: [120][270/391], lr: 0.01000	Loss 0.3736 (0.3782)	Prec@1 87.500 (87.566)	Prec@5 100.000 (99.602)
Epoch: [120][280/391], lr: 0.01000	Loss 0.3575 (0.3788)	Prec@1 89.062 (87.553)	Prec@5 99.219 (99.591)
Epoch: [120][290/391], lr: 0.01000	Loss 0.3683 (0.3800)	Prec@1 92.188 (87.508)	Prec@5 100.000 (99.589)
Epoch: [120][300/391], lr: 0.01000	Loss 0.3850 (0.3830)	Prec@1 86.719 (87.394)	Prec@5 99.219 (99.587)
Epoch: [120][310/391], lr: 0.01000	Loss 0.4747 (0.3855)	Prec@1 82.812 (87.284)	Prec@5 99.219 (99.580)
Epoch: [120][320/391], lr: 0.01000	Loss 0.4326 (0.3858)	Prec@1 82.812 (87.271)	Prec@5 100.000 (99.581)
Epoch: [120][330/391], lr: 0.01000	Loss 0.4523 (0.3867)	Prec@1 85.156 (87.238)	Prec@5 98.438 (99.585)
Epoch: [120][340/391], lr: 0.01000	Loss 0.4825 (0.3878)	Prec@1 82.031 (87.209)	Prec@5 99.219 (99.585)
Epoch: [120][350/391], lr: 0.01000	Loss 0.6759 (0.3903)	Prec@1 76.562 (87.104)	Prec@5 98.438 (99.577)
Epoch: [120][360/391], lr: 0.01000	Loss 0.4175 (0.3904)	Prec@1 85.938 (87.095)	Prec@5 100.000 (99.574)
Epoch: [120][370/391], lr: 0.01000	Loss 0.3522 (0.3922)	Prec@1 91.406 (87.043)	Prec@5 97.656 (99.568)
Epoch: [120][380/391], lr: 0.01000	Loss 0.3667 (0.3946)	Prec@1 89.844 (86.955)	Prec@5 100.000 (99.569)
Epoch: [120][390/391], lr: 0.01000	Loss 0.4087 (0.3953)	Prec@1 88.750 (86.932)	Prec@5 100.000 (99.574)
Epoch [120] Training Results: Prec@1 86.932 Prec@5 99.574             Loss 0.39529
Epoch [120] Training Class Recall: [0.745,0.827,0.811,0.852,0.885,0.896,0.910,0.909,0.929,0.930]

Epoch: [121][0/391], lr: 0.01000	Loss 0.3567 (0.3567)	Prec@1 89.844 (89.844)	Prec@5 98.438 (98.438)
Epoch: [121][10/391], lr: 0.01000	Loss 0.3620 (0.3947)	Prec@1 85.938 (86.435)	Prec@5 100.000 (99.716)
Epoch: [121][20/391], lr: 0.01000	Loss 0.3483 (0.3912)	Prec@1 88.281 (86.719)	Prec@5 100.000 (99.740)
Epoch: [121][30/391], lr: 0.01000	Loss 0.5434 (0.3942)	Prec@1 79.688 (86.568)	Prec@5 99.219 (99.798)
Epoch: [121][40/391], lr: 0.01000	Loss 0.3900 (0.3844)	Prec@1 90.625 (87.157)	Prec@5 99.219 (99.752)
Epoch: [121][50/391], lr: 0.01000	Loss 0.2314 (0.3945)	Prec@1 92.188 (87.102)	Prec@5 100.000 (99.694)
Epoch: [121][60/391], lr: 0.01000	Loss 0.3717 (0.3947)	Prec@1 89.062 (87.065)	Prec@5 99.219 (99.693)
Epoch: [121][70/391], lr: 0.01000	Loss 0.3158 (0.3905)	Prec@1 89.844 (87.170)	Prec@5 100.000 (99.725)
Epoch: [121][80/391], lr: 0.01000	Loss 0.2813 (0.3831)	Prec@1 95.312 (87.481)	Prec@5 100.000 (99.711)
Epoch: [121][90/391], lr: 0.01000	Loss 0.3252 (0.3780)	Prec@1 89.062 (87.569)	Prec@5 99.219 (99.691)
Epoch: [121][100/391], lr: 0.01000	Loss 0.4527 (0.3765)	Prec@1 83.594 (87.570)	Prec@5 99.219 (99.675)
Epoch: [121][110/391], lr: 0.01000	Loss 0.3442 (0.3734)	Prec@1 85.938 (87.613)	Prec@5 99.219 (99.676)
Epoch: [121][120/391], lr: 0.01000	Loss 0.3138 (0.3712)	Prec@1 90.625 (87.681)	Prec@5 100.000 (99.677)
Epoch: [121][130/391], lr: 0.01000	Loss 0.3726 (0.3722)	Prec@1 85.156 (87.613)	Prec@5 99.219 (99.672)
Epoch: [121][140/391], lr: 0.01000	Loss 0.4902 (0.3778)	Prec@1 82.031 (87.395)	Prec@5 99.219 (99.651)
Epoch: [121][150/391], lr: 0.01000	Loss 0.5004 (0.3822)	Prec@1 83.594 (87.278)	Prec@5 100.000 (99.638)
Epoch: [121][160/391], lr: 0.01000	Loss 0.4802 (0.3858)	Prec@1 85.156 (87.209)	Prec@5 100.000 (99.626)
Epoch: [121][170/391], lr: 0.01000	Loss 0.4848 (0.3882)	Prec@1 79.688 (87.112)	Prec@5 100.000 (99.625)
Epoch: [121][180/391], lr: 0.01000	Loss 0.3609 (0.3891)	Prec@1 89.844 (87.068)	Prec@5 100.000 (99.633)
Epoch: [121][190/391], lr: 0.01000	Loss 0.2273 (0.3881)	Prec@1 93.750 (87.107)	Prec@5 100.000 (99.640)
Epoch: [121][200/391], lr: 0.01000	Loss 0.3687 (0.3896)	Prec@1 86.719 (87.053)	Prec@5 100.000 (99.635)
Epoch: [121][210/391], lr: 0.01000	Loss 0.3825 (0.3887)	Prec@1 90.625 (87.093)	Prec@5 100.000 (99.645)
Epoch: [121][220/391], lr: 0.01000	Loss 0.2979 (0.3876)	Prec@1 90.625 (87.132)	Prec@5 100.000 (99.643)
Epoch: [121][230/391], lr: 0.01000	Loss 0.3017 (0.3878)	Prec@1 89.844 (87.138)	Prec@5 100.000 (99.638)
Epoch: [121][240/391], lr: 0.01000	Loss 0.4743 (0.3879)	Prec@1 80.469 (87.130)	Prec@5 100.000 (99.624)
Epoch: [121][250/391], lr: 0.01000	Loss 0.3688 (0.3888)	Prec@1 87.500 (87.095)	Prec@5 100.000 (99.620)
Epoch: [121][260/391], lr: 0.01000	Loss 0.3284 (0.3886)	Prec@1 85.938 (87.093)	Prec@5 100.000 (99.617)
Epoch: [121][270/391], lr: 0.01000	Loss 0.5097 (0.3888)	Prec@1 83.594 (87.111)	Prec@5 98.438 (99.617)
Epoch: [121][280/391], lr: 0.01000	Loss 0.3964 (0.3895)	Prec@1 89.062 (87.100)	Prec@5 98.438 (99.611)
Epoch: [121][290/391], lr: 0.01000	Loss 0.2579 (0.3887)	Prec@1 91.406 (87.103)	Prec@5 100.000 (99.616)
Epoch: [121][300/391], lr: 0.01000	Loss 0.4061 (0.3890)	Prec@1 84.375 (87.077)	Prec@5 100.000 (99.611)
Epoch: [121][310/391], lr: 0.01000	Loss 0.4119 (0.3897)	Prec@1 90.625 (87.080)	Prec@5 97.656 (99.596)
Epoch: [121][320/391], lr: 0.01000	Loss 0.4720 (0.3906)	Prec@1 85.938 (87.050)	Prec@5 99.219 (99.601)
Epoch: [121][330/391], lr: 0.01000	Loss 0.3178 (0.3903)	Prec@1 88.281 (87.040)	Prec@5 100.000 (99.601)
Epoch: [121][340/391], lr: 0.01000	Loss 0.3907 (0.3906)	Prec@1 88.281 (87.039)	Prec@5 100.000 (99.604)
Epoch: [121][350/391], lr: 0.01000	Loss 0.2040 (0.3904)	Prec@1 95.312 (87.039)	Prec@5 100.000 (99.602)
Epoch: [121][360/391], lr: 0.01000	Loss 0.4207 (0.3915)	Prec@1 82.812 (87.007)	Prec@5 100.000 (99.602)
Epoch: [121][370/391], lr: 0.01000	Loss 0.5474 (0.3937)	Prec@1 80.469 (86.921)	Prec@5 99.219 (99.589)
Epoch: [121][380/391], lr: 0.01000	Loss 0.4928 (0.3942)	Prec@1 82.031 (86.893)	Prec@5 100.000 (99.584)
Epoch: [121][390/391], lr: 0.01000	Loss 0.4238 (0.3943)	Prec@1 86.250 (86.896)	Prec@5 98.750 (99.582)
Epoch [121] Training Results: Prec@1 86.896 Prec@5 99.582             Loss 0.39432
Epoch [121] Training Class Recall: [0.738,0.820,0.806,0.851,0.881,0.906,0.908,0.912,0.929,0.938]

Epoch: [122][0/391], lr: 0.01000	Loss 0.3314 (0.3314)	Prec@1 89.844 (89.844)	Prec@5 100.000 (100.000)
Epoch: [122][10/391], lr: 0.01000	Loss 0.3768 (0.3885)	Prec@1 86.719 (87.571)	Prec@5 99.219 (99.716)
Epoch: [122][20/391], lr: 0.01000	Loss 0.3285 (0.3710)	Prec@1 85.938 (87.537)	Prec@5 100.000 (99.814)
Epoch: [122][30/391], lr: 0.01000	Loss 0.4091 (0.3780)	Prec@1 88.281 (87.525)	Prec@5 98.438 (99.647)
Epoch: [122][40/391], lr: 0.01000	Loss 0.2290 (0.3731)	Prec@1 92.969 (87.824)	Prec@5 100.000 (99.657)
Epoch: [122][50/391], lr: 0.01000	Loss 0.3405 (0.3676)	Prec@1 89.062 (87.960)	Prec@5 100.000 (99.694)
Epoch: [122][60/391], lr: 0.01000	Loss 0.4638 (0.3624)	Prec@1 89.062 (88.217)	Prec@5 99.219 (99.718)
Epoch: [122][70/391], lr: 0.01000	Loss 0.4047 (0.3629)	Prec@1 83.594 (88.171)	Prec@5 99.219 (99.714)
Epoch: [122][80/391], lr: 0.01000	Loss 0.3725 (0.3595)	Prec@1 90.625 (88.252)	Prec@5 100.000 (99.720)
Epoch: [122][90/391], lr: 0.01000	Loss 0.5566 (0.3608)	Prec@1 82.812 (88.230)	Prec@5 99.219 (99.700)
Epoch: [122][100/391], lr: 0.01000	Loss 0.2414 (0.3641)	Prec@1 91.406 (88.041)	Prec@5 100.000 (99.691)
Epoch: [122][110/391], lr: 0.01000	Loss 0.5379 (0.3695)	Prec@1 79.688 (87.782)	Prec@5 100.000 (99.683)
Epoch: [122][120/391], lr: 0.01000	Loss 0.3385 (0.3718)	Prec@1 87.500 (87.642)	Prec@5 99.219 (99.658)
Epoch: [122][130/391], lr: 0.01000	Loss 0.2538 (0.3692)	Prec@1 92.188 (87.703)	Prec@5 100.000 (99.678)
Epoch: [122][140/391], lr: 0.01000	Loss 0.4397 (0.3686)	Prec@1 88.281 (87.805)	Prec@5 99.219 (99.656)
Epoch: [122][150/391], lr: 0.01000	Loss 0.2752 (0.3706)	Prec@1 91.406 (87.805)	Prec@5 100.000 (99.648)
Epoch: [122][160/391], lr: 0.01000	Loss 0.4667 (0.3749)	Prec@1 83.594 (87.689)	Prec@5 99.219 (99.651)
Epoch: [122][170/391], lr: 0.01000	Loss 0.4480 (0.3773)	Prec@1 85.938 (87.591)	Prec@5 100.000 (99.662)
Epoch: [122][180/391], lr: 0.01000	Loss 0.3997 (0.3803)	Prec@1 87.500 (87.496)	Prec@5 100.000 (99.655)
Epoch: [122][190/391], lr: 0.01000	Loss 0.3620 (0.3848)	Prec@1 82.812 (87.316)	Prec@5 100.000 (99.648)
Epoch: [122][200/391], lr: 0.01000	Loss 0.4255 (0.3869)	Prec@1 82.812 (87.201)	Prec@5 100.000 (99.662)
Epoch: [122][210/391], lr: 0.01000	Loss 0.3210 (0.3874)	Prec@1 90.625 (87.145)	Prec@5 99.219 (99.667)
Epoch: [122][220/391], lr: 0.01000	Loss 0.4489 (0.3898)	Prec@1 85.156 (86.998)	Prec@5 100.000 (99.661)
Epoch: [122][230/391], lr: 0.01000	Loss 0.4379 (0.3897)	Prec@1 88.281 (86.979)	Prec@5 98.438 (99.652)
Epoch: [122][240/391], lr: 0.01000	Loss 0.3350 (0.3918)	Prec@1 89.062 (86.968)	Prec@5 100.000 (99.656)
Epoch: [122][250/391], lr: 0.01000	Loss 0.3184 (0.3920)	Prec@1 89.062 (86.937)	Prec@5 99.219 (99.651)
Epoch: [122][260/391], lr: 0.01000	Loss 0.4152 (0.3947)	Prec@1 83.594 (86.847)	Prec@5 100.000 (99.641)
Epoch: [122][270/391], lr: 0.01000	Loss 0.4434 (0.3955)	Prec@1 85.938 (86.834)	Prec@5 100.000 (99.637)
Epoch: [122][280/391], lr: 0.01000	Loss 0.3148 (0.3956)	Prec@1 88.281 (86.819)	Prec@5 100.000 (99.644)
Epoch: [122][290/391], lr: 0.01000	Loss 0.7078 (0.3980)	Prec@1 78.125 (86.743)	Prec@5 97.656 (99.638)
Epoch: [122][300/391], lr: 0.01000	Loss 0.5202 (0.3988)	Prec@1 84.375 (86.716)	Prec@5 99.219 (99.631)
Epoch: [122][310/391], lr: 0.01000	Loss 0.3969 (0.3989)	Prec@1 87.500 (86.719)	Prec@5 98.438 (99.621)
Epoch: [122][320/391], lr: 0.01000	Loss 0.4091 (0.3988)	Prec@1 85.938 (86.726)	Prec@5 100.000 (99.625)
Epoch: [122][330/391], lr: 0.01000	Loss 0.3010 (0.3977)	Prec@1 89.844 (86.752)	Prec@5 100.000 (99.627)
Epoch: [122][340/391], lr: 0.01000	Loss 0.2852 (0.3967)	Prec@1 91.406 (86.783)	Prec@5 100.000 (99.629)
Epoch: [122][350/391], lr: 0.01000	Loss 0.4960 (0.3962)	Prec@1 82.031 (86.783)	Prec@5 98.438 (99.626)
Epoch: [122][360/391], lr: 0.01000	Loss 0.2953 (0.3951)	Prec@1 92.188 (86.842)	Prec@5 99.219 (99.623)
Epoch: [122][370/391], lr: 0.01000	Loss 0.3118 (0.3938)	Prec@1 89.844 (86.883)	Prec@5 100.000 (99.634)
Epoch: [122][380/391], lr: 0.01000	Loss 0.4400 (0.3923)	Prec@1 85.938 (86.948)	Prec@5 100.000 (99.637)
Epoch: [122][390/391], lr: 0.01000	Loss 0.3535 (0.3921)	Prec@1 90.000 (86.968)	Prec@5 98.750 (99.630)
Epoch [122] Training Results: Prec@1 86.968 Prec@5 99.630             Loss 0.39213
Epoch [122] Training Class Recall: [0.740,0.824,0.808,0.855,0.879,0.893,0.917,0.918,0.925,0.938]

Epoch: [123][0/391], lr: 0.01000	Loss 0.3233 (0.3233)	Prec@1 90.625 (90.625)	Prec@5 100.000 (100.000)
Epoch: [123][10/391], lr: 0.01000	Loss 0.2909 (0.4049)	Prec@1 92.188 (86.577)	Prec@5 100.000 (99.574)
Epoch: [123][20/391], lr: 0.01000	Loss 0.3880 (0.3960)	Prec@1 86.719 (86.830)	Prec@5 100.000 (99.740)
Epoch: [123][30/391], lr: 0.01000	Loss 0.4322 (0.4024)	Prec@1 85.938 (86.316)	Prec@5 100.000 (99.647)
Epoch: [123][40/391], lr: 0.01000	Loss 0.4207 (0.3989)	Prec@1 84.375 (86.452)	Prec@5 99.219 (99.714)
Epoch: [123][50/391], lr: 0.01000	Loss 0.5073 (0.3961)	Prec@1 84.375 (86.627)	Prec@5 99.219 (99.678)
Epoch: [123][60/391], lr: 0.01000	Loss 0.2875 (0.3930)	Prec@1 89.844 (86.821)	Prec@5 100.000 (99.654)
Epoch: [123][70/391], lr: 0.01000	Loss 0.3260 (0.3896)	Prec@1 88.281 (86.818)	Prec@5 100.000 (99.670)
Epoch: [123][80/391], lr: 0.01000	Loss 0.3857 (0.3890)	Prec@1 86.719 (86.970)	Prec@5 100.000 (99.643)
Epoch: [123][90/391], lr: 0.01000	Loss 0.3247 (0.3899)	Prec@1 88.281 (86.899)	Prec@5 100.000 (99.682)
Epoch: [123][100/391], lr: 0.01000	Loss 0.2812 (0.3871)	Prec@1 89.062 (87.036)	Prec@5 100.000 (99.698)
Epoch: [123][110/391], lr: 0.01000	Loss 0.2639 (0.3814)	Prec@1 92.188 (87.226)	Prec@5 100.000 (99.697)
Epoch: [123][120/391], lr: 0.01000	Loss 0.4283 (0.3773)	Prec@1 83.594 (87.339)	Prec@5 99.219 (99.716)
Epoch: [123][130/391], lr: 0.01000	Loss 0.2939 (0.3729)	Prec@1 92.969 (87.560)	Prec@5 99.219 (99.708)
Epoch: [123][140/391], lr: 0.01000	Loss 0.3169 (0.3741)	Prec@1 88.281 (87.522)	Prec@5 100.000 (99.701)
Epoch: [123][150/391], lr: 0.01000	Loss 0.4593 (0.3737)	Prec@1 84.375 (87.557)	Prec@5 99.219 (99.715)
Epoch: [123][160/391], lr: 0.01000	Loss 0.3144 (0.3744)	Prec@1 89.844 (87.500)	Prec@5 99.219 (99.723)
Epoch: [123][170/391], lr: 0.01000	Loss 0.4397 (0.3755)	Prec@1 84.375 (87.482)	Prec@5 100.000 (99.721)
Epoch: [123][180/391], lr: 0.01000	Loss 0.4589 (0.3765)	Prec@1 84.375 (87.435)	Prec@5 100.000 (99.711)
Epoch: [123][190/391], lr: 0.01000	Loss 0.4637 (0.3784)	Prec@1 82.812 (87.398)	Prec@5 100.000 (99.677)
Epoch: [123][200/391], lr: 0.01000	Loss 0.4135 (0.3787)	Prec@1 86.719 (87.380)	Prec@5 99.219 (99.674)
Epoch: [123][210/391], lr: 0.01000	Loss 0.4346 (0.3800)	Prec@1 87.500 (87.344)	Prec@5 98.438 (99.667)
Epoch: [123][220/391], lr: 0.01000	Loss 0.4047 (0.3811)	Prec@1 88.281 (87.284)	Prec@5 100.000 (99.671)
Epoch: [123][230/391], lr: 0.01000	Loss 0.3852 (0.3830)	Prec@1 86.719 (87.256)	Prec@5 100.000 (99.662)
Epoch: [123][240/391], lr: 0.01000	Loss 0.4307 (0.3837)	Prec@1 89.844 (87.237)	Prec@5 99.219 (99.666)
Epoch: [123][250/391], lr: 0.01000	Loss 0.3582 (0.3848)	Prec@1 88.281 (87.260)	Prec@5 99.219 (99.642)
Epoch: [123][260/391], lr: 0.01000	Loss 0.4489 (0.3851)	Prec@1 86.719 (87.228)	Prec@5 100.000 (99.641)
Epoch: [123][270/391], lr: 0.01000	Loss 0.3275 (0.3831)	Prec@1 91.406 (87.330)	Prec@5 100.000 (99.640)
Epoch: [123][280/391], lr: 0.01000	Loss 0.4205 (0.3833)	Prec@1 84.375 (87.308)	Prec@5 100.000 (99.641)
Epoch: [123][290/391], lr: 0.01000	Loss 0.3007 (0.3839)	Prec@1 89.844 (87.304)	Prec@5 100.000 (99.640)
Epoch: [123][300/391], lr: 0.01000	Loss 0.4295 (0.3843)	Prec@1 82.812 (87.282)	Prec@5 100.000 (99.639)
Epoch: [123][310/391], lr: 0.01000	Loss 0.3436 (0.3834)	Prec@1 87.500 (87.324)	Prec@5 100.000 (99.641)
Epoch: [123][320/391], lr: 0.01000	Loss 0.5475 (0.3835)	Prec@1 79.688 (87.317)	Prec@5 97.656 (99.642)
Epoch: [123][330/391], lr: 0.01000	Loss 0.5017 (0.3837)	Prec@1 84.375 (87.309)	Prec@5 97.656 (99.641)
Epoch: [123][340/391], lr: 0.01000	Loss 0.5760 (0.3833)	Prec@1 75.781 (87.294)	Prec@5 97.656 (99.636)
Epoch: [123][350/391], lr: 0.01000	Loss 0.3595 (0.3832)	Prec@1 89.062 (87.324)	Prec@5 100.000 (99.639)
Epoch: [123][360/391], lr: 0.01000	Loss 0.3663 (0.3835)	Prec@1 86.719 (87.292)	Prec@5 100.000 (99.645)
Epoch: [123][370/391], lr: 0.01000	Loss 0.4443 (0.3851)	Prec@1 83.594 (87.228)	Prec@5 100.000 (99.642)
Epoch: [123][380/391], lr: 0.01000	Loss 0.5251 (0.3872)	Prec@1 78.906 (87.168)	Prec@5 99.219 (99.639)
Epoch: [123][390/391], lr: 0.01000	Loss 0.2692 (0.3884)	Prec@1 92.500 (87.140)	Prec@5 100.000 (99.640)
Epoch [123] Training Results: Prec@1 87.140 Prec@5 99.640             Loss 0.38841
Epoch [123] Training Class Recall: [0.746,0.832,0.816,0.851,0.887,0.896,0.908,0.911,0.932,0.935]

Epoch: [124][0/391], lr: 0.01000	Loss 0.4545 (0.4545)	Prec@1 86.719 (86.719)	Prec@5 100.000 (100.000)
Epoch: [124][10/391], lr: 0.01000	Loss 0.4951 (0.4820)	Prec@1 83.594 (84.588)	Prec@5 99.219 (99.077)
Epoch: [124][20/391], lr: 0.01000	Loss 0.2887 (0.4444)	Prec@1 88.281 (85.045)	Prec@5 99.219 (99.293)
Epoch: [124][30/391], lr: 0.01000	Loss 0.4434 (0.4231)	Prec@1 84.375 (85.761)	Prec@5 99.219 (99.446)
Epoch: [124][40/391], lr: 0.01000	Loss 0.3863 (0.4057)	Prec@1 87.500 (86.147)	Prec@5 100.000 (99.524)
Epoch: [124][50/391], lr: 0.01000	Loss 0.4602 (0.4069)	Prec@1 83.594 (86.152)	Prec@5 99.219 (99.525)
Epoch: [124][60/391], lr: 0.01000	Loss 0.3193 (0.4041)	Prec@1 89.062 (86.219)	Prec@5 100.000 (99.577)
Epoch: [124][70/391], lr: 0.01000	Loss 0.3280 (0.3994)	Prec@1 89.844 (86.499)	Prec@5 99.219 (99.560)
Epoch: [124][80/391], lr: 0.01000	Loss 0.3635 (0.3939)	Prec@1 85.938 (86.632)	Prec@5 100.000 (99.595)
Epoch: [124][90/391], lr: 0.01000	Loss 0.3185 (0.3919)	Prec@1 89.844 (86.710)	Prec@5 100.000 (99.622)
Epoch: [124][100/391], lr: 0.01000	Loss 0.4441 (0.3906)	Prec@1 82.812 (86.711)	Prec@5 100.000 (99.621)
Epoch: [124][110/391], lr: 0.01000	Loss 0.3829 (0.3878)	Prec@1 87.500 (86.867)	Prec@5 100.000 (99.634)
Epoch: [124][120/391], lr: 0.01000	Loss 0.2846 (0.3867)	Prec@1 91.406 (86.932)	Prec@5 100.000 (99.645)
Epoch: [124][130/391], lr: 0.01000	Loss 0.3130 (0.3850)	Prec@1 88.281 (86.981)	Prec@5 99.219 (99.630)
Epoch: [124][140/391], lr: 0.01000	Loss 0.4890 (0.3834)	Prec@1 88.281 (87.090)	Prec@5 100.000 (99.651)
Epoch: [124][150/391], lr: 0.01000	Loss 0.3171 (0.3825)	Prec@1 89.844 (87.122)	Prec@5 100.000 (99.648)
Epoch: [124][160/391], lr: 0.01000	Loss 0.3444 (0.3844)	Prec@1 90.625 (87.088)	Prec@5 100.000 (99.651)
Epoch: [124][170/391], lr: 0.01000	Loss 0.3255 (0.3828)	Prec@1 88.281 (87.148)	Prec@5 100.000 (99.653)
Epoch: [124][180/391], lr: 0.01000	Loss 0.3965 (0.3844)	Prec@1 85.938 (87.116)	Prec@5 98.438 (99.633)
Epoch: [124][190/391], lr: 0.01000	Loss 0.4310 (0.3848)	Prec@1 85.938 (87.095)	Prec@5 98.438 (99.632)
Epoch: [124][200/391], lr: 0.01000	Loss 0.4764 (0.3891)	Prec@1 85.156 (86.925)	Prec@5 99.219 (99.623)
Epoch: [124][210/391], lr: 0.01000	Loss 0.3784 (0.3910)	Prec@1 89.062 (86.811)	Prec@5 99.219 (99.626)
Epoch: [124][220/391], lr: 0.01000	Loss 0.3203 (0.3921)	Prec@1 87.500 (86.828)	Prec@5 100.000 (99.615)
Epoch: [124][230/391], lr: 0.01000	Loss 0.5408 (0.3934)	Prec@1 85.156 (86.817)	Prec@5 96.875 (99.604)
Epoch: [124][240/391], lr: 0.01000	Loss 0.2722 (0.3926)	Prec@1 92.188 (86.855)	Prec@5 100.000 (99.614)
Epoch: [124][250/391], lr: 0.01000	Loss 0.3939 (0.3923)	Prec@1 88.281 (86.874)	Prec@5 100.000 (99.614)
Epoch: [124][260/391], lr: 0.01000	Loss 0.4158 (0.3907)	Prec@1 83.594 (86.907)	Prec@5 99.219 (99.611)
Epoch: [124][270/391], lr: 0.01000	Loss 0.2237 (0.3904)	Prec@1 92.188 (86.897)	Prec@5 100.000 (99.599)
Epoch: [124][280/391], lr: 0.01000	Loss 0.3927 (0.3893)	Prec@1 82.812 (86.908)	Prec@5 100.000 (99.605)
Epoch: [124][290/391], lr: 0.01000	Loss 0.3290 (0.3890)	Prec@1 90.625 (86.936)	Prec@5 99.219 (99.608)
Epoch: [124][300/391], lr: 0.01000	Loss 0.3826 (0.3898)	Prec@1 85.938 (86.945)	Prec@5 99.219 (99.603)
Epoch: [124][310/391], lr: 0.01000	Loss 0.4025 (0.3913)	Prec@1 85.938 (86.910)	Prec@5 100.000 (99.601)
Epoch: [124][320/391], lr: 0.01000	Loss 0.4051 (0.3902)	Prec@1 86.719 (86.901)	Prec@5 98.438 (99.606)
Epoch: [124][330/391], lr: 0.01000	Loss 0.3013 (0.3899)	Prec@1 89.062 (86.934)	Prec@5 100.000 (99.611)
Epoch: [124][340/391], lr: 0.01000	Loss 0.2635 (0.3895)	Prec@1 91.406 (86.955)	Prec@5 100.000 (99.622)
Epoch: [124][350/391], lr: 0.01000	Loss 0.5124 (0.3897)	Prec@1 83.594 (86.964)	Prec@5 100.000 (99.624)
Epoch: [124][360/391], lr: 0.01000	Loss 0.3550 (0.3899)	Prec@1 88.281 (86.957)	Prec@5 99.219 (99.623)
Epoch: [124][370/391], lr: 0.01000	Loss 0.4052 (0.3897)	Prec@1 87.500 (86.938)	Prec@5 100.000 (99.623)
Epoch: [124][380/391], lr: 0.01000	Loss 0.3646 (0.3905)	Prec@1 88.281 (86.907)	Prec@5 100.000 (99.625)
Epoch: [124][390/391], lr: 0.01000	Loss 0.5848 (0.3910)	Prec@1 80.000 (86.904)	Prec@5 96.250 (99.616)
Epoch [124] Training Results: Prec@1 86.904 Prec@5 99.616             Loss 0.39100
Epoch [124] Training Class Recall: [0.749,0.819,0.807,0.846,0.882,0.903,0.913,0.909,0.929,0.933]

Epoch: [125][0/391], lr: 0.01000	Loss 0.2911 (0.2911)	Prec@1 91.406 (91.406)	Prec@5 100.000 (100.000)
Epoch: [125][10/391], lr: 0.01000	Loss 0.4447 (0.3605)	Prec@1 82.812 (87.926)	Prec@5 100.000 (99.574)
Epoch: [125][20/391], lr: 0.01000	Loss 0.3665 (0.3776)	Prec@1 85.938 (87.426)	Prec@5 99.219 (99.591)
Epoch: [125][30/391], lr: 0.01000	Loss 0.4831 (0.3709)	Prec@1 82.031 (87.450)	Prec@5 99.219 (99.647)
Epoch: [125][40/391], lr: 0.01000	Loss 0.4117 (0.3757)	Prec@1 85.938 (87.214)	Prec@5 100.000 (99.638)
Epoch: [125][50/391], lr: 0.01000	Loss 0.5312 (0.3835)	Prec@1 81.250 (87.025)	Prec@5 99.219 (99.602)
Epoch: [125][60/391], lr: 0.01000	Loss 0.4935 (0.3946)	Prec@1 82.812 (86.706)	Prec@5 100.000 (99.603)
Epoch: [125][70/391], lr: 0.01000	Loss 0.3646 (0.3939)	Prec@1 89.844 (86.686)	Prec@5 99.219 (99.615)
Epoch: [125][80/391], lr: 0.01000	Loss 0.3704 (0.3982)	Prec@1 90.625 (86.574)	Prec@5 99.219 (99.643)
Epoch: [125][90/391], lr: 0.01000	Loss 0.2737 (0.3927)	Prec@1 93.750 (86.787)	Prec@5 99.219 (99.639)
Epoch: [125][100/391], lr: 0.01000	Loss 0.4370 (0.3941)	Prec@1 85.938 (86.781)	Prec@5 100.000 (99.644)
Epoch: [125][110/391], lr: 0.01000	Loss 0.3122 (0.3912)	Prec@1 88.281 (86.838)	Prec@5 100.000 (99.641)
Epoch: [125][120/391], lr: 0.01000	Loss 0.3385 (0.3924)	Prec@1 88.281 (86.822)	Prec@5 100.000 (99.632)
Epoch: [125][130/391], lr: 0.01000	Loss 0.3057 (0.3907)	Prec@1 89.062 (86.933)	Prec@5 100.000 (99.624)
Epoch: [125][140/391], lr: 0.01000	Loss 0.3054 (0.3876)	Prec@1 91.406 (87.062)	Prec@5 100.000 (99.629)
Epoch: [125][150/391], lr: 0.01000	Loss 0.3685 (0.3863)	Prec@1 89.844 (87.060)	Prec@5 99.219 (99.638)
Epoch: [125][160/391], lr: 0.01000	Loss 0.2864 (0.3858)	Prec@1 91.406 (87.083)	Prec@5 100.000 (99.641)
Epoch: [125][170/391], lr: 0.01000	Loss 0.4272 (0.3839)	Prec@1 85.938 (87.194)	Prec@5 100.000 (99.653)
Epoch: [125][180/391], lr: 0.01000	Loss 0.3405 (0.3843)	Prec@1 89.844 (87.189)	Prec@5 99.219 (99.659)
Epoch: [125][190/391], lr: 0.01000	Loss 0.3648 (0.3862)	Prec@1 85.938 (87.177)	Prec@5 100.000 (99.648)
Epoch: [125][200/391], lr: 0.01000	Loss 0.3812 (0.3880)	Prec@1 87.500 (87.127)	Prec@5 100.000 (99.654)
Epoch: [125][210/391], lr: 0.01000	Loss 0.5667 (0.3908)	Prec@1 81.250 (87.026)	Prec@5 100.000 (99.659)
Epoch: [125][220/391], lr: 0.01000	Loss 0.3895 (0.3930)	Prec@1 86.719 (86.980)	Prec@5 100.000 (99.661)
Epoch: [125][230/391], lr: 0.01000	Loss 0.3307 (0.3935)	Prec@1 85.938 (86.935)	Prec@5 100.000 (99.665)
Epoch: [125][240/391], lr: 0.01000	Loss 0.5124 (0.3927)	Prec@1 83.594 (86.985)	Prec@5 100.000 (99.666)
Epoch: [125][250/391], lr: 0.01000	Loss 0.4580 (0.3926)	Prec@1 84.375 (87.002)	Prec@5 98.438 (99.664)
Epoch: [125][260/391], lr: 0.01000	Loss 0.4044 (0.3928)	Prec@1 85.156 (86.985)	Prec@5 100.000 (99.668)
Epoch: [125][270/391], lr: 0.01000	Loss 0.2687 (0.3931)	Prec@1 90.625 (86.970)	Prec@5 100.000 (99.660)
Epoch: [125][280/391], lr: 0.01000	Loss 0.3772 (0.3923)	Prec@1 85.938 (87.019)	Prec@5 99.219 (99.658)
Epoch: [125][290/391], lr: 0.01000	Loss 0.3255 (0.3912)	Prec@1 87.500 (87.001)	Prec@5 100.000 (99.664)
Epoch: [125][300/391], lr: 0.01000	Loss 0.3757 (0.3904)	Prec@1 91.406 (87.048)	Prec@5 99.219 (99.660)
Epoch: [125][310/391], lr: 0.01000	Loss 0.3583 (0.3899)	Prec@1 89.062 (87.038)	Prec@5 100.000 (99.663)
Epoch: [125][320/391], lr: 0.01000	Loss 0.4883 (0.3906)	Prec@1 85.938 (87.038)	Prec@5 100.000 (99.652)
Epoch: [125][330/391], lr: 0.01000	Loss 0.3670 (0.3907)	Prec@1 85.938 (87.023)	Prec@5 98.438 (99.648)
Epoch: [125][340/391], lr: 0.01000	Loss 0.4475 (0.3904)	Prec@1 85.938 (87.053)	Prec@5 99.219 (99.643)
Epoch: [125][350/391], lr: 0.01000	Loss 0.2480 (0.3891)	Prec@1 93.750 (87.104)	Prec@5 99.219 (99.646)
Epoch: [125][360/391], lr: 0.01000	Loss 0.3536 (0.3893)	Prec@1 85.938 (87.089)	Prec@5 100.000 (99.641)
Epoch: [125][370/391], lr: 0.01000	Loss 0.6279 (0.3892)	Prec@1 77.344 (87.102)	Prec@5 99.219 (99.636)
Epoch: [125][380/391], lr: 0.01000	Loss 0.4106 (0.3892)	Prec@1 85.156 (87.104)	Prec@5 100.000 (99.629)
Epoch: [125][390/391], lr: 0.01000	Loss 0.3328 (0.3883)	Prec@1 88.750 (87.118)	Prec@5 100.000 (99.636)
Epoch [125] Training Results: Prec@1 87.118 Prec@5 99.636             Loss 0.38830
Epoch [125] Training Class Recall: [0.750,0.824,0.815,0.853,0.877,0.903,0.910,0.914,0.928,0.938]

Epoch: [126][0/391], lr: 0.01000	Loss 0.2942 (0.2942)	Prec@1 89.844 (89.844)	Prec@5 100.000 (100.000)
Epoch: [126][10/391], lr: 0.01000	Loss 0.4339 (0.3182)	Prec@1 83.594 (88.920)	Prec@5 100.000 (99.929)
Epoch: [126][20/391], lr: 0.01000	Loss 0.3234 (0.3284)	Prec@1 89.062 (88.839)	Prec@5 100.000 (99.702)
Epoch: [126][30/391], lr: 0.01000	Loss 0.3943 (0.3246)	Prec@1 86.719 (88.936)	Prec@5 100.000 (99.773)
Epoch: [126][40/391], lr: 0.01000	Loss 0.4552 (0.3366)	Prec@1 85.156 (88.643)	Prec@5 99.219 (99.714)
Epoch: [126][50/391], lr: 0.01000	Loss 0.3263 (0.3404)	Prec@1 89.062 (88.450)	Prec@5 100.000 (99.740)
Epoch: [126][60/391], lr: 0.01000	Loss 0.3785 (0.3461)	Prec@1 89.844 (88.281)	Prec@5 98.438 (99.693)
Epoch: [126][70/391], lr: 0.01000	Loss 0.3652 (0.3594)	Prec@1 86.719 (87.863)	Prec@5 100.000 (99.659)
Epoch: [126][80/391], lr: 0.01000	Loss 0.3411 (0.3670)	Prec@1 89.062 (87.635)	Prec@5 98.438 (99.605)
Epoch: [126][90/391], lr: 0.01000	Loss 0.2938 (0.3689)	Prec@1 88.281 (87.534)	Prec@5 100.000 (99.631)
Epoch: [126][100/391], lr: 0.01000	Loss 0.4541 (0.3718)	Prec@1 85.938 (87.438)	Prec@5 100.000 (99.652)
Epoch: [126][110/391], lr: 0.01000	Loss 0.3157 (0.3745)	Prec@1 89.062 (87.416)	Prec@5 100.000 (99.613)
Epoch: [126][120/391], lr: 0.01000	Loss 0.5061 (0.3793)	Prec@1 85.156 (87.306)	Prec@5 99.219 (99.619)
Epoch: [126][130/391], lr: 0.01000	Loss 0.3949 (0.3762)	Prec@1 87.500 (87.422)	Prec@5 99.219 (99.618)
Epoch: [126][140/391], lr: 0.01000	Loss 0.2493 (0.3757)	Prec@1 93.750 (87.384)	Prec@5 100.000 (99.629)
Epoch: [126][150/391], lr: 0.01000	Loss 0.2741 (0.3725)	Prec@1 93.750 (87.567)	Prec@5 99.219 (99.633)
Epoch: [126][160/391], lr: 0.01000	Loss 0.4556 (0.3727)	Prec@1 85.156 (87.505)	Prec@5 99.219 (99.626)
Epoch: [126][170/391], lr: 0.01000	Loss 0.3072 (0.3747)	Prec@1 87.500 (87.399)	Prec@5 100.000 (99.625)
Epoch: [126][180/391], lr: 0.01000	Loss 0.4482 (0.3766)	Prec@1 85.938 (87.336)	Prec@5 100.000 (99.612)
Epoch: [126][190/391], lr: 0.01000	Loss 0.3353 (0.3772)	Prec@1 89.844 (87.349)	Prec@5 99.219 (99.603)
Epoch: [126][200/391], lr: 0.01000	Loss 0.3061 (0.3751)	Prec@1 89.062 (87.391)	Prec@5 100.000 (99.615)
Epoch: [126][210/391], lr: 0.01000	Loss 0.5216 (0.3744)	Prec@1 85.156 (87.456)	Prec@5 99.219 (99.615)
Epoch: [126][220/391], lr: 0.01000	Loss 0.3086 (0.3740)	Prec@1 88.281 (87.475)	Prec@5 100.000 (99.622)
Epoch: [126][230/391], lr: 0.01000	Loss 0.4291 (0.3739)	Prec@1 86.719 (87.503)	Prec@5 99.219 (99.621)
Epoch: [126][240/391], lr: 0.01000	Loss 0.2818 (0.3738)	Prec@1 89.844 (87.506)	Prec@5 100.000 (99.621)
Epoch: [126][250/391], lr: 0.01000	Loss 0.4359 (0.3737)	Prec@1 88.281 (87.540)	Prec@5 98.438 (99.614)
Epoch: [126][260/391], lr: 0.01000	Loss 0.4016 (0.3749)	Prec@1 84.375 (87.500)	Prec@5 100.000 (99.620)
Epoch: [126][270/391], lr: 0.01000	Loss 0.4158 (0.3754)	Prec@1 82.031 (87.428)	Prec@5 100.000 (99.622)
Epoch: [126][280/391], lr: 0.01000	Loss 0.4467 (0.3773)	Prec@1 82.031 (87.361)	Prec@5 99.219 (99.614)
Epoch: [126][290/391], lr: 0.01000	Loss 0.3190 (0.3780)	Prec@1 90.625 (87.317)	Prec@5 100.000 (99.608)
Epoch: [126][300/391], lr: 0.01000	Loss 0.5492 (0.3794)	Prec@1 81.250 (87.287)	Prec@5 98.438 (99.587)
Epoch: [126][310/391], lr: 0.01000	Loss 0.4722 (0.3800)	Prec@1 85.156 (87.276)	Prec@5 100.000 (99.596)
Epoch: [126][320/391], lr: 0.01000	Loss 0.3878 (0.3809)	Prec@1 85.938 (87.257)	Prec@5 99.219 (99.594)
Epoch: [126][330/391], lr: 0.01000	Loss 0.6651 (0.3826)	Prec@1 80.469 (87.198)	Prec@5 99.219 (99.582)
Epoch: [126][340/391], lr: 0.01000	Loss 0.3854 (0.3827)	Prec@1 87.500 (87.198)	Prec@5 99.219 (99.581)
Epoch: [126][350/391], lr: 0.01000	Loss 0.3841 (0.3828)	Prec@1 86.719 (87.188)	Prec@5 99.219 (99.584)
Epoch: [126][360/391], lr: 0.01000	Loss 0.4747 (0.3839)	Prec@1 86.719 (87.156)	Prec@5 99.219 (99.580)
Epoch: [126][370/391], lr: 0.01000	Loss 0.3307 (0.3856)	Prec@1 90.625 (87.117)	Prec@5 99.219 (99.573)
Epoch: [126][380/391], lr: 0.01000	Loss 0.4937 (0.3862)	Prec@1 82.031 (87.071)	Prec@5 100.000 (99.578)
Epoch: [126][390/391], lr: 0.01000	Loss 0.5170 (0.3874)	Prec@1 78.750 (87.022)	Prec@5 100.000 (99.578)
Epoch [126] Training Results: Prec@1 87.022 Prec@5 99.578             Loss 0.38744
Epoch [126] Training Class Recall: [0.748,0.825,0.819,0.845,0.888,0.893,0.908,0.907,0.932,0.937]

Epoch: [127][0/391], lr: 0.01000	Loss 0.4842 (0.4842)	Prec@1 82.812 (82.812)	Prec@5 100.000 (100.000)
Epoch: [127][10/391], lr: 0.01000	Loss 0.4992 (0.4383)	Prec@1 82.031 (85.085)	Prec@5 100.000 (99.574)
Epoch: [127][20/391], lr: 0.01000	Loss 0.5736 (0.4444)	Prec@1 78.906 (84.747)	Prec@5 99.219 (99.516)
Epoch: [127][30/391], lr: 0.01000	Loss 0.2737 (0.4177)	Prec@1 92.969 (85.938)	Prec@5 100.000 (99.496)
Epoch: [127][40/391], lr: 0.01000	Loss 0.3869 (0.4084)	Prec@1 90.625 (86.795)	Prec@5 98.438 (99.466)
Epoch: [127][50/391], lr: 0.01000	Loss 0.3449 (0.4025)	Prec@1 89.062 (86.826)	Prec@5 99.219 (99.510)
Epoch: [127][60/391], lr: 0.01000	Loss 0.3493 (0.3909)	Prec@1 87.500 (87.269)	Prec@5 99.219 (99.513)
Epoch: [127][70/391], lr: 0.01000	Loss 0.3403 (0.3832)	Prec@1 90.625 (87.522)	Prec@5 99.219 (99.516)
Epoch: [127][80/391], lr: 0.01000	Loss 0.3667 (0.3798)	Prec@1 90.625 (87.587)	Prec@5 100.000 (99.527)
Epoch: [127][90/391], lr: 0.01000	Loss 0.4277 (0.3795)	Prec@1 85.156 (87.474)	Prec@5 98.438 (99.519)
Epoch: [127][100/391], lr: 0.01000	Loss 0.4033 (0.3797)	Prec@1 88.281 (87.539)	Prec@5 100.000 (99.528)
Epoch: [127][110/391], lr: 0.01000	Loss 0.4398 (0.3831)	Prec@1 85.938 (87.451)	Prec@5 100.000 (99.543)
Epoch: [127][120/391], lr: 0.01000	Loss 0.3548 (0.3839)	Prec@1 87.500 (87.326)	Prec@5 99.219 (99.542)
Epoch: [127][130/391], lr: 0.01000	Loss 0.4530 (0.3837)	Prec@1 84.375 (87.285)	Prec@5 100.000 (99.571)
Epoch: [127][140/391], lr: 0.01000	Loss 0.2819 (0.3846)	Prec@1 93.750 (87.262)	Prec@5 100.000 (99.584)
Epoch: [127][150/391], lr: 0.01000	Loss 0.3882 (0.3846)	Prec@1 85.156 (87.195)	Prec@5 98.438 (99.576)
Epoch: [127][160/391], lr: 0.01000	Loss 0.4466 (0.3852)	Prec@1 84.375 (87.199)	Prec@5 100.000 (99.573)
Epoch: [127][170/391], lr: 0.01000	Loss 0.3330 (0.3870)	Prec@1 88.281 (87.121)	Prec@5 100.000 (99.575)
Epoch: [127][180/391], lr: 0.01000	Loss 0.5412 (0.3874)	Prec@1 86.719 (87.129)	Prec@5 99.219 (99.573)
Epoch: [127][190/391], lr: 0.01000	Loss 0.4115 (0.3898)	Prec@1 85.938 (87.046)	Prec@5 100.000 (99.575)
Epoch: [127][200/391], lr: 0.01000	Loss 0.3294 (0.3895)	Prec@1 89.062 (87.057)	Prec@5 100.000 (99.588)
Epoch: [127][210/391], lr: 0.01000	Loss 0.4454 (0.3910)	Prec@1 85.156 (87.019)	Prec@5 99.219 (99.567)
Epoch: [127][220/391], lr: 0.01000	Loss 0.4416 (0.3932)	Prec@1 85.938 (86.934)	Prec@5 100.000 (99.576)
Epoch: [127][230/391], lr: 0.01000	Loss 0.4082 (0.3933)	Prec@1 85.938 (86.955)	Prec@5 99.219 (99.570)
Epoch: [127][240/391], lr: 0.01000	Loss 0.2614 (0.3936)	Prec@1 91.406 (86.959)	Prec@5 100.000 (99.572)
Epoch: [127][250/391], lr: 0.01000	Loss 0.2300 (0.3926)	Prec@1 92.188 (86.974)	Prec@5 100.000 (99.583)
Epoch: [127][260/391], lr: 0.01000	Loss 0.4420 (0.3916)	Prec@1 85.156 (86.976)	Prec@5 100.000 (99.584)
Epoch: [127][270/391], lr: 0.01000	Loss 0.3709 (0.3910)	Prec@1 85.938 (86.993)	Prec@5 100.000 (99.585)
Epoch: [127][280/391], lr: 0.01000	Loss 0.3431 (0.3904)	Prec@1 89.062 (87.030)	Prec@5 100.000 (99.586)
Epoch: [127][290/391], lr: 0.01000	Loss 0.5818 (0.3920)	Prec@1 84.375 (86.979)	Prec@5 99.219 (99.587)
Epoch: [127][300/391], lr: 0.01000	Loss 0.4798 (0.3931)	Prec@1 82.812 (86.916)	Prec@5 100.000 (99.587)
Epoch: [127][310/391], lr: 0.01000	Loss 0.3290 (0.3942)	Prec@1 91.406 (86.902)	Prec@5 100.000 (99.586)
Epoch: [127][320/391], lr: 0.01000	Loss 0.3834 (0.3952)	Prec@1 88.281 (86.862)	Prec@5 100.000 (99.586)
Epoch: [127][330/391], lr: 0.01000	Loss 0.3970 (0.3972)	Prec@1 84.375 (86.782)	Prec@5 99.219 (99.582)
Epoch: [127][340/391], lr: 0.01000	Loss 0.3979 (0.3983)	Prec@1 89.844 (86.742)	Prec@5 99.219 (99.578)
Epoch: [127][350/391], lr: 0.01000	Loss 0.4312 (0.3976)	Prec@1 86.719 (86.772)	Prec@5 100.000 (99.582)
Epoch: [127][360/391], lr: 0.01000	Loss 0.3332 (0.3970)	Prec@1 87.500 (86.788)	Prec@5 98.438 (99.582)
Epoch: [127][370/391], lr: 0.01000	Loss 0.3410 (0.3962)	Prec@1 86.719 (86.792)	Prec@5 100.000 (99.587)
Epoch: [127][380/391], lr: 0.01000	Loss 0.3958 (0.3950)	Prec@1 87.500 (86.832)	Prec@5 99.219 (99.592)
Epoch: [127][390/391], lr: 0.01000	Loss 0.3981 (0.3951)	Prec@1 85.000 (86.818)	Prec@5 100.000 (99.594)
Epoch [127] Training Results: Prec@1 86.818 Prec@5 99.594             Loss 0.39513
Epoch [127] Training Class Recall: [0.746,0.829,0.814,0.840,0.878,0.892,0.907,0.911,0.927,0.937]

Epoch: [128][0/391], lr: 0.01000	Loss 0.2358 (0.2358)	Prec@1 91.406 (91.406)	Prec@5 100.000 (100.000)
Epoch: [128][10/391], lr: 0.01000	Loss 0.1603 (0.3363)	Prec@1 93.750 (89.205)	Prec@5 100.000 (99.645)
Epoch: [128][20/391], lr: 0.01000	Loss 0.3463 (0.3577)	Prec@1 89.062 (88.393)	Prec@5 100.000 (99.702)
Epoch: [128][30/391], lr: 0.01000	Loss 0.3625 (0.3674)	Prec@1 87.500 (87.777)	Prec@5 99.219 (99.622)
Epoch: [128][40/391], lr: 0.01000	Loss 0.3064 (0.3585)	Prec@1 89.844 (88.110)	Prec@5 100.000 (99.657)
Epoch: [128][50/391], lr: 0.01000	Loss 0.3609 (0.3611)	Prec@1 85.156 (87.944)	Prec@5 100.000 (99.678)
Epoch: [128][60/391], lr: 0.01000	Loss 0.3831 (0.3610)	Prec@1 89.062 (87.910)	Prec@5 100.000 (99.731)
Epoch: [128][70/391], lr: 0.01000	Loss 0.3689 (0.3625)	Prec@1 89.062 (87.973)	Prec@5 100.000 (99.714)
Epoch: [128][80/391], lr: 0.01000	Loss 0.4257 (0.3632)	Prec@1 86.719 (88.011)	Prec@5 99.219 (99.701)
Epoch: [128][90/391], lr: 0.01000	Loss 0.4587 (0.3683)	Prec@1 83.594 (87.852)	Prec@5 98.438 (99.691)
Epoch: [128][100/391], lr: 0.01000	Loss 0.3748 (0.3706)	Prec@1 85.938 (87.778)	Prec@5 100.000 (99.698)
Epoch: [128][110/391], lr: 0.01000	Loss 0.2977 (0.3736)	Prec@1 89.062 (87.584)	Prec@5 100.000 (99.690)
Epoch: [128][120/391], lr: 0.01000	Loss 0.5411 (0.3754)	Prec@1 82.031 (87.532)	Prec@5 99.219 (99.690)
Epoch: [128][130/391], lr: 0.01000	Loss 0.5273 (0.3788)	Prec@1 82.812 (87.393)	Prec@5 99.219 (99.690)
Epoch: [128][140/391], lr: 0.01000	Loss 0.3647 (0.3800)	Prec@1 85.156 (87.389)	Prec@5 100.000 (99.695)
Epoch: [128][150/391], lr: 0.01000	Loss 0.3704 (0.3798)	Prec@1 89.062 (87.376)	Prec@5 100.000 (99.690)
Epoch: [128][160/391], lr: 0.01000	Loss 0.4529 (0.3821)	Prec@1 86.719 (87.320)	Prec@5 99.219 (99.694)
Epoch: [128][170/391], lr: 0.01000	Loss 0.4747 (0.3843)	Prec@1 82.812 (87.217)	Prec@5 100.000 (99.694)
Epoch: [128][180/391], lr: 0.01000	Loss 0.3194 (0.3860)	Prec@1 86.719 (87.181)	Prec@5 100.000 (99.681)
Epoch: [128][190/391], lr: 0.01000	Loss 0.4628 (0.3867)	Prec@1 82.812 (87.136)	Prec@5 99.219 (99.681)
Epoch: [128][200/391], lr: 0.01000	Loss 0.4585 (0.3884)	Prec@1 84.375 (87.088)	Prec@5 98.438 (99.666)
Epoch: [128][210/391], lr: 0.01000	Loss 0.5060 (0.3897)	Prec@1 87.500 (87.074)	Prec@5 99.219 (99.667)
Epoch: [128][220/391], lr: 0.01000	Loss 0.4085 (0.3914)	Prec@1 90.625 (87.048)	Prec@5 98.438 (99.664)
Epoch: [128][230/391], lr: 0.01000	Loss 0.5822 (0.3935)	Prec@1 84.375 (86.969)	Prec@5 98.438 (99.655)
Epoch: [128][240/391], lr: 0.01000	Loss 0.3299 (0.3917)	Prec@1 87.500 (87.027)	Prec@5 100.000 (99.660)
Epoch: [128][250/391], lr: 0.01000	Loss 0.4356 (0.3929)	Prec@1 85.156 (86.993)	Prec@5 99.219 (99.645)
Epoch: [128][260/391], lr: 0.01000	Loss 0.3764 (0.3934)	Prec@1 89.844 (86.979)	Prec@5 99.219 (99.641)
Epoch: [128][270/391], lr: 0.01000	Loss 0.3609 (0.3922)	Prec@1 87.500 (87.039)	Prec@5 100.000 (99.654)
Epoch: [128][280/391], lr: 0.01000	Loss 0.4727 (0.3913)	Prec@1 85.938 (87.069)	Prec@5 99.219 (99.655)
Epoch: [128][290/391], lr: 0.01000	Loss 0.3580 (0.3896)	Prec@1 91.406 (87.164)	Prec@5 100.000 (99.656)
Epoch: [128][300/391], lr: 0.01000	Loss 0.3587 (0.3885)	Prec@1 88.281 (87.176)	Prec@5 100.000 (99.652)
Epoch: [128][310/391], lr: 0.01000	Loss 0.2818 (0.3884)	Prec@1 87.500 (87.189)	Prec@5 100.000 (99.651)
Epoch: [128][320/391], lr: 0.01000	Loss 0.3907 (0.3888)	Prec@1 89.844 (87.167)	Prec@5 100.000 (99.652)
Epoch: [128][330/391], lr: 0.01000	Loss 0.3214 (0.3876)	Prec@1 91.406 (87.217)	Prec@5 100.000 (99.655)
Epoch: [128][340/391], lr: 0.01000	Loss 0.2857 (0.3881)	Prec@1 91.406 (87.218)	Prec@5 100.000 (99.652)
Epoch: [128][350/391], lr: 0.01000	Loss 0.4235 (0.3879)	Prec@1 83.594 (87.195)	Prec@5 100.000 (99.651)
Epoch: [128][360/391], lr: 0.01000	Loss 0.4269 (0.3891)	Prec@1 85.938 (87.149)	Prec@5 99.219 (99.645)
Epoch: [128][370/391], lr: 0.01000	Loss 0.2935 (0.3896)	Prec@1 89.844 (87.134)	Prec@5 100.000 (99.644)
Epoch: [128][380/391], lr: 0.01000	Loss 0.3255 (0.3909)	Prec@1 89.844 (87.100)	Prec@5 99.219 (99.643)
Epoch: [128][390/391], lr: 0.01000	Loss 0.4560 (0.3913)	Prec@1 82.500 (87.076)	Prec@5 100.000 (99.642)
Epoch [128] Training Results: Prec@1 87.076 Prec@5 99.642             Loss 0.39132
Epoch [128] Training Class Recall: [0.746,0.825,0.813,0.849,0.881,0.894,0.919,0.911,0.933,0.935]

Epoch: [129][0/391], lr: 0.01000	Loss 0.4717 (0.4717)	Prec@1 82.031 (82.031)	Prec@5 99.219 (99.219)
Epoch: [129][10/391], lr: 0.01000	Loss 0.6023 (0.4284)	Prec@1 84.375 (86.222)	Prec@5 99.219 (99.574)
Epoch: [129][20/391], lr: 0.01000	Loss 0.3148 (0.3989)	Prec@1 87.500 (86.607)	Prec@5 100.000 (99.628)
Epoch: [129][30/391], lr: 0.01000	Loss 0.3056 (0.4008)	Prec@1 88.281 (86.517)	Prec@5 100.000 (99.723)
Epoch: [129][40/391], lr: 0.01000	Loss 0.4024 (0.4032)	Prec@1 85.938 (86.338)	Prec@5 100.000 (99.638)
Epoch: [129][50/391], lr: 0.01000	Loss 0.3733 (0.3953)	Prec@1 84.375 (86.795)	Prec@5 98.438 (99.602)
Epoch: [129][60/391], lr: 0.01000	Loss 0.3077 (0.3893)	Prec@1 89.062 (87.001)	Prec@5 100.000 (99.629)
Epoch: [129][70/391], lr: 0.01000	Loss 0.4253 (0.3835)	Prec@1 85.156 (87.225)	Prec@5 99.219 (99.615)
Epoch: [129][80/391], lr: 0.01000	Loss 0.3698 (0.3815)	Prec@1 86.719 (87.288)	Prec@5 100.000 (99.633)
Epoch: [129][90/391], lr: 0.01000	Loss 0.3533 (0.3803)	Prec@1 89.062 (87.337)	Prec@5 98.438 (99.614)
Epoch: [129][100/391], lr: 0.01000	Loss 0.4296 (0.3844)	Prec@1 86.719 (87.214)	Prec@5 100.000 (99.629)
Epoch: [129][110/391], lr: 0.01000	Loss 0.3194 (0.3839)	Prec@1 89.844 (87.254)	Prec@5 100.000 (99.606)
Epoch: [129][120/391], lr: 0.01000	Loss 0.2665 (0.3842)	Prec@1 92.969 (87.242)	Prec@5 100.000 (99.613)
Epoch: [129][130/391], lr: 0.01000	Loss 0.4814 (0.3860)	Prec@1 83.594 (87.250)	Prec@5 100.000 (99.606)
Epoch: [129][140/391], lr: 0.01000	Loss 0.3745 (0.3841)	Prec@1 87.500 (87.312)	Prec@5 100.000 (99.607)
Epoch: [129][150/391], lr: 0.01000	Loss 0.4983 (0.3854)	Prec@1 82.031 (87.309)	Prec@5 100.000 (99.627)
Epoch: [129][160/391], lr: 0.01000	Loss 0.3899 (0.3834)	Prec@1 85.938 (87.286)	Prec@5 100.000 (99.631)
Epoch: [129][170/391], lr: 0.01000	Loss 0.5212 (0.3812)	Prec@1 81.250 (87.326)	Prec@5 100.000 (99.648)
Epoch: [129][180/391], lr: 0.01000	Loss 0.2534 (0.3809)	Prec@1 89.062 (87.345)	Prec@5 100.000 (99.637)
Epoch: [129][190/391], lr: 0.01000	Loss 0.4950 (0.3827)	Prec@1 84.375 (87.267)	Prec@5 99.219 (99.624)
Epoch: [129][200/391], lr: 0.01000	Loss 0.2950 (0.3814)	Prec@1 88.281 (87.313)	Prec@5 99.219 (99.619)
Epoch: [129][210/391], lr: 0.01000	Loss 0.3300 (0.3820)	Prec@1 87.500 (87.285)	Prec@5 100.000 (99.615)
Epoch: [129][220/391], lr: 0.01000	Loss 0.6008 (0.3837)	Prec@1 82.812 (87.270)	Prec@5 99.219 (99.611)
Epoch: [129][230/391], lr: 0.01000	Loss 0.3930 (0.3837)	Prec@1 85.938 (87.253)	Prec@5 100.000 (99.618)
Epoch: [129][240/391], lr: 0.01000	Loss 0.6298 (0.3841)	Prec@1 82.031 (87.273)	Prec@5 99.219 (99.617)
Epoch: [129][250/391], lr: 0.01000	Loss 0.4046 (0.3854)	Prec@1 90.625 (87.316)	Prec@5 99.219 (99.620)
Epoch: [129][260/391], lr: 0.01000	Loss 0.4192 (0.3854)	Prec@1 84.375 (87.296)	Prec@5 99.219 (99.620)
Epoch: [129][270/391], lr: 0.01000	Loss 0.3104 (0.3861)	Prec@1 92.188 (87.284)	Prec@5 99.219 (99.617)
Epoch: [129][280/391], lr: 0.01000	Loss 0.4798 (0.3866)	Prec@1 81.250 (87.250)	Prec@5 100.000 (99.619)
Epoch: [129][290/391], lr: 0.01000	Loss 0.4691 (0.3877)	Prec@1 82.812 (87.215)	Prec@5 100.000 (99.616)
Epoch: [129][300/391], lr: 0.01000	Loss 0.2683 (0.3892)	Prec@1 92.969 (87.191)	Prec@5 100.000 (99.611)
Epoch: [129][310/391], lr: 0.01000	Loss 0.4827 (0.3903)	Prec@1 84.375 (87.148)	Prec@5 99.219 (99.613)
Epoch: [129][320/391], lr: 0.01000	Loss 0.4441 (0.3908)	Prec@1 85.156 (87.113)	Prec@5 100.000 (99.613)
Epoch: [129][330/391], lr: 0.01000	Loss 0.3409 (0.3921)	Prec@1 87.500 (87.118)	Prec@5 100.000 (99.611)
Epoch: [129][340/391], lr: 0.01000	Loss 0.3085 (0.3923)	Prec@1 85.938 (87.094)	Prec@5 100.000 (99.617)
Epoch: [129][350/391], lr: 0.01000	Loss 0.4989 (0.3937)	Prec@1 85.156 (87.055)	Prec@5 99.219 (99.615)
Epoch: [129][360/391], lr: 0.01000	Loss 0.4087 (0.3941)	Prec@1 85.938 (87.048)	Prec@5 100.000 (99.615)
Epoch: [129][370/391], lr: 0.01000	Loss 0.3814 (0.3941)	Prec@1 86.719 (87.037)	Prec@5 100.000 (99.615)
Epoch: [129][380/391], lr: 0.01000	Loss 0.4617 (0.3960)	Prec@1 84.375 (86.965)	Prec@5 100.000 (99.612)
Epoch: [129][390/391], lr: 0.01000	Loss 0.2812 (0.3968)	Prec@1 91.250 (86.956)	Prec@5 100.000 (99.608)
Epoch [129] Training Results: Prec@1 86.956 Prec@5 99.608             Loss 0.39679
Epoch [129] Training Class Recall: [0.750,0.827,0.810,0.853,0.880,0.901,0.903,0.911,0.928,0.932]

Epoch: [130][0/391], lr: 0.01000	Loss 0.3316 (0.3316)	Prec@1 85.156 (85.156)	Prec@5 99.219 (99.219)
Epoch: [130][10/391], lr: 0.01000	Loss 0.2523 (0.3895)	Prec@1 91.406 (85.724)	Prec@5 100.000 (99.858)
Epoch: [130][20/391], lr: 0.01000	Loss 0.4337 (0.3849)	Prec@1 84.375 (86.161)	Prec@5 100.000 (99.814)
Epoch: [130][30/391], lr: 0.01000	Loss 0.3054 (0.3803)	Prec@1 90.625 (86.971)	Prec@5 100.000 (99.698)
Epoch: [130][40/391], lr: 0.01000	Loss 0.2806 (0.3806)	Prec@1 94.531 (87.157)	Prec@5 99.219 (99.714)
Epoch: [130][50/391], lr: 0.01000	Loss 0.2541 (0.3742)	Prec@1 92.188 (87.607)	Prec@5 100.000 (99.663)
Epoch: [130][60/391], lr: 0.01000	Loss 0.3278 (0.3696)	Prec@1 87.500 (87.769)	Prec@5 100.000 (99.667)
Epoch: [130][70/391], lr: 0.01000	Loss 0.3454 (0.3735)	Prec@1 87.500 (87.643)	Prec@5 99.219 (99.648)
Epoch: [130][80/391], lr: 0.01000	Loss 0.2798 (0.3807)	Prec@1 89.844 (87.461)	Prec@5 100.000 (99.624)
Epoch: [130][90/391], lr: 0.01000	Loss 0.4548 (0.3855)	Prec@1 82.031 (87.131)	Prec@5 99.219 (99.622)
Epoch: [130][100/391], lr: 0.01000	Loss 0.3696 (0.3845)	Prec@1 88.281 (87.098)	Prec@5 100.000 (99.621)
Epoch: [130][110/391], lr: 0.01000	Loss 0.5147 (0.3867)	Prec@1 81.250 (86.986)	Prec@5 98.438 (99.592)
Epoch: [130][120/391], lr: 0.01000	Loss 0.3841 (0.3884)	Prec@1 88.281 (86.938)	Prec@5 100.000 (99.593)
Epoch: [130][130/391], lr: 0.01000	Loss 0.4325 (0.3904)	Prec@1 85.938 (86.814)	Prec@5 100.000 (99.606)
Epoch: [130][140/391], lr: 0.01000	Loss 0.2347 (0.3902)	Prec@1 93.750 (86.885)	Prec@5 100.000 (99.612)
Epoch: [130][150/391], lr: 0.01000	Loss 0.3284 (0.3897)	Prec@1 89.844 (86.910)	Prec@5 100.000 (99.612)
Epoch: [130][160/391], lr: 0.01000	Loss 0.4020 (0.3898)	Prec@1 85.938 (86.903)	Prec@5 100.000 (99.612)
Epoch: [130][170/391], lr: 0.01000	Loss 0.4747 (0.3898)	Prec@1 81.250 (86.920)	Prec@5 100.000 (99.625)
Epoch: [130][180/391], lr: 0.01000	Loss 0.3635 (0.3885)	Prec@1 88.281 (86.956)	Prec@5 98.438 (99.603)
Epoch: [130][190/391], lr: 0.01000	Loss 0.3376 (0.3867)	Prec@1 85.156 (87.026)	Prec@5 100.000 (99.607)
Epoch: [130][200/391], lr: 0.01000	Loss 0.2724 (0.3847)	Prec@1 89.844 (87.115)	Prec@5 100.000 (99.611)
Epoch: [130][210/391], lr: 0.01000	Loss 0.3373 (0.3833)	Prec@1 85.938 (87.167)	Prec@5 100.000 (99.604)
Epoch: [130][220/391], lr: 0.01000	Loss 0.3730 (0.3846)	Prec@1 87.500 (87.118)	Prec@5 100.000 (99.608)
Epoch: [130][230/391], lr: 0.01000	Loss 0.4980 (0.3848)	Prec@1 78.125 (87.087)	Prec@5 99.219 (99.608)
Epoch: [130][240/391], lr: 0.01000	Loss 0.2849 (0.3833)	Prec@1 89.844 (87.147)	Prec@5 100.000 (99.611)
Epoch: [130][250/391], lr: 0.01000	Loss 0.3333 (0.3848)	Prec@1 88.281 (87.111)	Prec@5 100.000 (99.614)
Epoch: [130][260/391], lr: 0.01000	Loss 0.3902 (0.3849)	Prec@1 89.844 (87.138)	Prec@5 100.000 (99.608)
Epoch: [130][270/391], lr: 0.01000	Loss 0.3328 (0.3860)	Prec@1 88.281 (87.125)	Prec@5 99.219 (99.602)
Epoch: [130][280/391], lr: 0.01000	Loss 0.4055 (0.3866)	Prec@1 85.938 (87.127)	Prec@5 100.000 (99.600)
Epoch: [130][290/391], lr: 0.01000	Loss 0.4353 (0.3884)	Prec@1 84.375 (87.084)	Prec@5 100.000 (99.600)
Epoch: [130][300/391], lr: 0.01000	Loss 0.4231 (0.3887)	Prec@1 84.375 (87.056)	Prec@5 100.000 (99.603)
Epoch: [130][310/391], lr: 0.01000	Loss 0.4760 (0.3885)	Prec@1 82.812 (87.065)	Prec@5 100.000 (99.608)
Epoch: [130][320/391], lr: 0.01000	Loss 0.3102 (0.3878)	Prec@1 89.062 (87.057)	Prec@5 99.219 (99.611)
Epoch: [130][330/391], lr: 0.01000	Loss 0.3781 (0.3875)	Prec@1 85.156 (87.094)	Prec@5 99.219 (99.611)
Epoch: [130][340/391], lr: 0.01000	Loss 0.3367 (0.3879)	Prec@1 90.625 (87.058)	Prec@5 99.219 (99.611)
Epoch: [130][350/391], lr: 0.01000	Loss 0.4932 (0.3883)	Prec@1 87.500 (87.037)	Prec@5 99.219 (99.608)
Epoch: [130][360/391], lr: 0.01000	Loss 0.3898 (0.3904)	Prec@1 88.281 (86.948)	Prec@5 100.000 (99.606)
Epoch: [130][370/391], lr: 0.01000	Loss 0.4722 (0.3928)	Prec@1 85.938 (86.883)	Prec@5 99.219 (99.610)
Epoch: [130][380/391], lr: 0.01000	Loss 0.3427 (0.3926)	Prec@1 87.500 (86.860)	Prec@5 98.438 (99.602)
Epoch: [130][390/391], lr: 0.01000	Loss 0.5266 (0.3950)	Prec@1 86.250 (86.798)	Prec@5 100.000 (99.598)
Epoch [130] Training Results: Prec@1 86.798 Prec@5 99.598             Loss 0.39497
Epoch [130] Training Class Recall: [0.758,0.821,0.806,0.849,0.883,0.886,0.909,0.908,0.927,0.933]

Epoch: [131][0/391], lr: 0.01000	Loss 0.3328 (0.3328)	Prec@1 88.281 (88.281)	Prec@5 100.000 (100.000)
Epoch: [131][10/391], lr: 0.01000	Loss 0.3849 (0.3735)	Prec@1 87.500 (87.216)	Prec@5 100.000 (99.787)
Epoch: [131][20/391], lr: 0.01000	Loss 0.3323 (0.3766)	Prec@1 86.719 (87.016)	Prec@5 100.000 (99.740)
Epoch: [131][30/391], lr: 0.01000	Loss 0.3741 (0.3708)	Prec@1 85.938 (87.324)	Prec@5 99.219 (99.773)
Epoch: [131][40/391], lr: 0.01000	Loss 0.3060 (0.3683)	Prec@1 89.844 (87.614)	Prec@5 100.000 (99.714)
Epoch: [131][50/391], lr: 0.01000	Loss 0.3311 (0.3596)	Prec@1 88.281 (87.898)	Prec@5 100.000 (99.724)
Epoch: [131][60/391], lr: 0.01000	Loss 0.2840 (0.3565)	Prec@1 89.844 (88.012)	Prec@5 99.219 (99.680)
Epoch: [131][70/391], lr: 0.01000	Loss 0.2921 (0.3580)	Prec@1 89.062 (87.940)	Prec@5 100.000 (99.692)
Epoch: [131][80/391], lr: 0.01000	Loss 0.3656 (0.3608)	Prec@1 85.938 (87.944)	Prec@5 100.000 (99.691)
Epoch: [131][90/391], lr: 0.01000	Loss 0.4850 (0.3634)	Prec@1 82.812 (87.886)	Prec@5 100.000 (99.648)
Epoch: [131][100/391], lr: 0.01000	Loss 0.4638 (0.3698)	Prec@1 86.719 (87.631)	Prec@5 100.000 (99.636)
Epoch: [131][110/391], lr: 0.01000	Loss 0.4431 (0.3761)	Prec@1 84.375 (87.409)	Prec@5 100.000 (99.613)
Epoch: [131][120/391], lr: 0.01000	Loss 0.3804 (0.3799)	Prec@1 85.156 (87.261)	Prec@5 100.000 (99.613)
Epoch: [131][130/391], lr: 0.01000	Loss 0.3849 (0.3857)	Prec@1 85.938 (87.017)	Prec@5 100.000 (99.606)
Epoch: [131][140/391], lr: 0.01000	Loss 0.4102 (0.3874)	Prec@1 85.156 (86.929)	Prec@5 100.000 (99.612)
Epoch: [131][150/391], lr: 0.01000	Loss 0.4539 (0.3918)	Prec@1 89.062 (86.796)	Prec@5 100.000 (99.622)
Epoch: [131][160/391], lr: 0.01000	Loss 0.3130 (0.3955)	Prec@1 92.188 (86.665)	Prec@5 99.219 (99.597)
Epoch: [131][170/391], lr: 0.01000	Loss 0.3341 (0.3950)	Prec@1 90.625 (86.691)	Prec@5 99.219 (99.584)
Epoch: [131][180/391], lr: 0.01000	Loss 0.3308 (0.3938)	Prec@1 86.719 (86.753)	Prec@5 99.219 (99.590)
Epoch: [131][190/391], lr: 0.01000	Loss 0.2849 (0.3919)	Prec@1 90.625 (86.809)	Prec@5 100.000 (99.595)
Epoch: [131][200/391], lr: 0.01000	Loss 0.4174 (0.3929)	Prec@1 88.281 (86.738)	Prec@5 99.219 (99.596)
Epoch: [131][210/391], lr: 0.01000	Loss 0.3426 (0.3912)	Prec@1 88.281 (86.782)	Prec@5 100.000 (99.596)
Epoch: [131][220/391], lr: 0.01000	Loss 0.3891 (0.3906)	Prec@1 87.500 (86.811)	Prec@5 100.000 (99.608)
Epoch: [131][230/391], lr: 0.01000	Loss 0.4184 (0.3908)	Prec@1 86.719 (86.820)	Prec@5 98.438 (99.604)
Epoch: [131][240/391], lr: 0.01000	Loss 0.4918 (0.3932)	Prec@1 81.250 (86.699)	Prec@5 100.000 (99.608)
Epoch: [131][250/391], lr: 0.01000	Loss 0.3633 (0.3919)	Prec@1 87.500 (86.753)	Prec@5 99.219 (99.608)
Epoch: [131][260/391], lr: 0.01000	Loss 0.5353 (0.3914)	Prec@1 83.594 (86.785)	Prec@5 99.219 (99.617)
Epoch: [131][270/391], lr: 0.01000	Loss 0.3811 (0.3903)	Prec@1 86.719 (86.817)	Prec@5 100.000 (99.622)
Epoch: [131][280/391], lr: 0.01000	Loss 0.4796 (0.3899)	Prec@1 85.156 (86.833)	Prec@5 100.000 (99.633)
Epoch: [131][290/391], lr: 0.01000	Loss 0.4814 (0.3883)	Prec@1 84.375 (86.891)	Prec@5 99.219 (99.635)
Epoch: [131][300/391], lr: 0.01000	Loss 0.3760 (0.3895)	Prec@1 87.500 (86.823)	Prec@5 99.219 (99.639)
Epoch: [131][310/391], lr: 0.01000	Loss 0.3518 (0.3894)	Prec@1 86.719 (86.837)	Prec@5 100.000 (99.641)
Epoch: [131][320/391], lr: 0.01000	Loss 0.4620 (0.3899)	Prec@1 82.031 (86.814)	Prec@5 99.219 (99.642)
Epoch: [131][330/391], lr: 0.01000	Loss 0.4233 (0.3897)	Prec@1 87.500 (86.839)	Prec@5 98.438 (99.639)
Epoch: [131][340/391], lr: 0.01000	Loss 0.4285 (0.3906)	Prec@1 85.156 (86.833)	Prec@5 99.219 (99.638)
Epoch: [131][350/391], lr: 0.01000	Loss 0.3813 (0.3901)	Prec@1 88.281 (86.850)	Prec@5 100.000 (99.637)
Epoch: [131][360/391], lr: 0.01000	Loss 0.2892 (0.3896)	Prec@1 92.969 (86.859)	Prec@5 100.000 (99.634)
Epoch: [131][370/391], lr: 0.01000	Loss 0.3987 (0.3896)	Prec@1 86.719 (86.875)	Prec@5 100.000 (99.631)
Epoch: [131][380/391], lr: 0.01000	Loss 0.4199 (0.3891)	Prec@1 85.938 (86.891)	Prec@5 98.438 (99.631)
Epoch: [131][390/391], lr: 0.01000	Loss 0.5905 (0.3892)	Prec@1 85.000 (86.882)	Prec@5 97.500 (99.630)
Epoch [131] Training Results: Prec@1 86.882 Prec@5 99.630             Loss 0.38918
Epoch [131] Training Class Recall: [0.752,0.826,0.813,0.848,0.877,0.897,0.908,0.911,0.925,0.931]

Epoch: [132][0/391], lr: 0.01000	Loss 0.3533 (0.3533)	Prec@1 91.406 (91.406)	Prec@5 100.000 (100.000)
Epoch: [132][10/391], lr: 0.01000	Loss 0.4889 (0.4078)	Prec@1 82.031 (86.506)	Prec@5 98.438 (99.503)
Epoch: [132][20/391], lr: 0.01000	Loss 0.3821 (0.3923)	Prec@1 86.719 (86.830)	Prec@5 100.000 (99.665)
Epoch: [132][30/391], lr: 0.01000	Loss 0.4852 (0.3939)	Prec@1 85.156 (86.668)	Prec@5 97.656 (99.471)
Epoch: [132][40/391], lr: 0.01000	Loss 0.5845 (0.4015)	Prec@1 82.031 (86.300)	Prec@5 99.219 (99.486)
Epoch: [132][50/391], lr: 0.01000	Loss 0.4427 (0.4004)	Prec@1 84.375 (86.275)	Prec@5 99.219 (99.494)
Epoch: [132][60/391], lr: 0.01000	Loss 0.3613 (0.4029)	Prec@1 89.062 (86.373)	Prec@5 100.000 (99.475)
Epoch: [132][70/391], lr: 0.01000	Loss 0.3825 (0.4035)	Prec@1 87.500 (86.411)	Prec@5 100.000 (99.472)
Epoch: [132][80/391], lr: 0.01000	Loss 0.2669 (0.4018)	Prec@1 93.750 (86.420)	Prec@5 100.000 (99.489)
Epoch: [132][90/391], lr: 0.01000	Loss 0.2602 (0.3968)	Prec@1 91.406 (86.556)	Prec@5 100.000 (99.519)
Epoch: [132][100/391], lr: 0.01000	Loss 0.3565 (0.3980)	Prec@1 88.281 (86.471)	Prec@5 100.000 (99.536)
Epoch: [132][110/391], lr: 0.01000	Loss 0.4580 (0.3964)	Prec@1 82.031 (86.479)	Prec@5 100.000 (99.564)
Epoch: [132][120/391], lr: 0.01000	Loss 0.2472 (0.3910)	Prec@1 89.844 (86.712)	Prec@5 100.000 (99.574)
Epoch: [132][130/391], lr: 0.01000	Loss 0.3976 (0.3919)	Prec@1 83.594 (86.671)	Prec@5 99.219 (99.577)
Epoch: [132][140/391], lr: 0.01000	Loss 0.3837 (0.3890)	Prec@1 89.062 (86.752)	Prec@5 98.438 (99.596)
Epoch: [132][150/391], lr: 0.01000	Loss 0.3694 (0.3855)	Prec@1 89.062 (86.910)	Prec@5 98.438 (99.596)
Epoch: [132][160/391], lr: 0.01000	Loss 0.4528 (0.3847)	Prec@1 84.375 (86.942)	Prec@5 100.000 (99.602)
Epoch: [132][170/391], lr: 0.01000	Loss 0.5176 (0.3850)	Prec@1 81.250 (86.911)	Prec@5 99.219 (99.612)
Epoch: [132][180/391], lr: 0.01000	Loss 0.3653 (0.3853)	Prec@1 90.625 (86.935)	Prec@5 100.000 (99.620)
Epoch: [132][190/391], lr: 0.01000	Loss 0.3868 (0.3852)	Prec@1 84.375 (86.964)	Prec@5 100.000 (99.616)
Epoch: [132][200/391], lr: 0.01000	Loss 0.3378 (0.3880)	Prec@1 89.062 (86.898)	Prec@5 100.000 (99.615)
Epoch: [132][210/391], lr: 0.01000	Loss 0.5034 (0.3932)	Prec@1 82.031 (86.719)	Prec@5 99.219 (99.611)
Epoch: [132][220/391], lr: 0.01000	Loss 0.2910 (0.3984)	Prec@1 89.844 (86.570)	Prec@5 99.219 (99.583)
Epoch: [132][230/391], lr: 0.01000	Loss 0.4611 (0.3979)	Prec@1 86.719 (86.597)	Prec@5 99.219 (99.584)
Epoch: [132][240/391], lr: 0.01000	Loss 0.3964 (0.3982)	Prec@1 89.062 (86.589)	Prec@5 99.219 (99.575)
Epoch: [132][250/391], lr: 0.01000	Loss 0.4046 (0.4002)	Prec@1 85.156 (86.529)	Prec@5 100.000 (99.567)
Epoch: [132][260/391], lr: 0.01000	Loss 0.3582 (0.4009)	Prec@1 92.188 (86.515)	Prec@5 100.000 (99.566)
Epoch: [132][270/391], lr: 0.01000	Loss 0.3380 (0.4005)	Prec@1 87.500 (86.508)	Prec@5 100.000 (99.573)
Epoch: [132][280/391], lr: 0.01000	Loss 0.4421 (0.4011)	Prec@1 84.375 (86.491)	Prec@5 100.000 (99.583)
Epoch: [132][290/391], lr: 0.01000	Loss 0.3666 (0.4017)	Prec@1 86.719 (86.477)	Prec@5 100.000 (99.581)
Epoch: [132][300/391], lr: 0.01000	Loss 0.3459 (0.4011)	Prec@1 88.281 (86.534)	Prec@5 100.000 (99.580)
Epoch: [132][310/391], lr: 0.01000	Loss 0.3010 (0.3999)	Prec@1 90.625 (86.568)	Prec@5 99.219 (99.580)
Epoch: [132][320/391], lr: 0.01000	Loss 0.4259 (0.3993)	Prec@1 82.812 (86.590)	Prec@5 99.219 (99.581)
Epoch: [132][330/391], lr: 0.01000	Loss 0.3076 (0.3971)	Prec@1 89.062 (86.653)	Prec@5 100.000 (99.592)
Epoch: [132][340/391], lr: 0.01000	Loss 0.3258 (0.3961)	Prec@1 85.938 (86.689)	Prec@5 99.219 (99.594)
Epoch: [132][350/391], lr: 0.01000	Loss 0.4985 (0.3962)	Prec@1 83.594 (86.654)	Prec@5 100.000 (99.595)
Epoch: [132][360/391], lr: 0.01000	Loss 0.3309 (0.3948)	Prec@1 88.281 (86.697)	Prec@5 100.000 (99.604)
Epoch: [132][370/391], lr: 0.01000	Loss 0.3070 (0.3933)	Prec@1 88.281 (86.778)	Prec@5 100.000 (99.610)
Epoch: [132][380/391], lr: 0.01000	Loss 0.3681 (0.3928)	Prec@1 86.719 (86.774)	Prec@5 100.000 (99.617)
Epoch: [132][390/391], lr: 0.01000	Loss 0.2084 (0.3913)	Prec@1 92.500 (86.848)	Prec@5 100.000 (99.614)
Epoch [132] Training Results: Prec@1 86.848 Prec@5 99.614             Loss 0.39128
Epoch [132] Training Class Recall: [0.754,0.829,0.803,0.840,0.881,0.892,0.911,0.912,0.926,0.937]

Epoch: [133][0/391], lr: 0.01000	Loss 0.3198 (0.3198)	Prec@1 88.281 (88.281)	Prec@5 99.219 (99.219)
Epoch: [133][10/391], lr: 0.01000	Loss 0.3895 (0.3187)	Prec@1 91.406 (88.565)	Prec@5 100.000 (99.929)
Epoch: [133][20/391], lr: 0.01000	Loss 0.3490 (0.3184)	Prec@1 87.500 (88.876)	Prec@5 99.219 (99.777)
Epoch: [133][30/391], lr: 0.01000	Loss 0.1917 (0.3053)	Prec@1 95.312 (89.567)	Prec@5 99.219 (99.698)
Epoch: [133][40/391], lr: 0.01000	Loss 0.2828 (0.2963)	Prec@1 88.281 (89.787)	Prec@5 100.000 (99.733)
Epoch: [133][50/391], lr: 0.01000	Loss 0.2641 (0.3072)	Prec@1 92.969 (89.583)	Prec@5 100.000 (99.755)
Epoch: [133][60/391], lr: 0.01000	Loss 0.2939 (0.3106)	Prec@1 93.750 (89.613)	Prec@5 100.000 (99.757)
Epoch: [133][70/391], lr: 0.01000	Loss 0.3445 (0.3151)	Prec@1 88.281 (89.547)	Prec@5 100.000 (99.758)
Epoch: [133][80/391], lr: 0.01000	Loss 0.3981 (0.3203)	Prec@1 87.500 (89.313)	Prec@5 98.438 (99.749)
Epoch: [133][90/391], lr: 0.01000	Loss 0.4855 (0.3267)	Prec@1 83.594 (89.140)	Prec@5 100.000 (99.734)
Epoch: [133][100/391], lr: 0.01000	Loss 0.3302 (0.3292)	Prec@1 89.062 (89.032)	Prec@5 100.000 (99.745)
Epoch: [133][110/391], lr: 0.01000	Loss 0.3303 (0.3381)	Prec@1 89.062 (88.788)	Prec@5 100.000 (99.754)
Epoch: [133][120/391], lr: 0.01000	Loss 0.2906 (0.3434)	Prec@1 90.625 (88.585)	Prec@5 100.000 (99.761)
Epoch: [133][130/391], lr: 0.01000	Loss 0.4517 (0.3481)	Prec@1 86.719 (88.448)	Prec@5 100.000 (99.750)
Epoch: [133][140/391], lr: 0.01000	Loss 0.3155 (0.3504)	Prec@1 89.062 (88.342)	Prec@5 99.219 (99.734)
Epoch: [133][150/391], lr: 0.01000	Loss 0.2864 (0.3498)	Prec@1 88.281 (88.338)	Prec@5 100.000 (99.736)
Epoch: [133][160/391], lr: 0.01000	Loss 0.4549 (0.3534)	Prec@1 88.281 (88.213)	Prec@5 99.219 (99.723)
Epoch: [133][170/391], lr: 0.01000	Loss 0.3918 (0.3573)	Prec@1 88.281 (88.103)	Prec@5 99.219 (99.694)
Epoch: [133][180/391], lr: 0.01000	Loss 0.3362 (0.3596)	Prec@1 89.062 (88.035)	Prec@5 100.000 (99.685)
Epoch: [133][190/391], lr: 0.01000	Loss 0.3899 (0.3613)	Prec@1 87.500 (87.958)	Prec@5 98.438 (99.681)
Epoch: [133][200/391], lr: 0.01000	Loss 0.4234 (0.3614)	Prec@1 86.719 (87.931)	Prec@5 99.219 (99.681)
Epoch: [133][210/391], lr: 0.01000	Loss 0.4145 (0.3644)	Prec@1 83.594 (87.844)	Prec@5 100.000 (99.678)
Epoch: [133][220/391], lr: 0.01000	Loss 0.4537 (0.3672)	Prec@1 85.156 (87.762)	Prec@5 100.000 (99.671)
Epoch: [133][230/391], lr: 0.01000	Loss 0.3532 (0.3705)	Prec@1 89.844 (87.669)	Prec@5 100.000 (99.669)
Epoch: [133][240/391], lr: 0.01000	Loss 0.4929 (0.3717)	Prec@1 83.594 (87.610)	Prec@5 98.438 (99.660)
Epoch: [133][250/391], lr: 0.01000	Loss 0.4352 (0.3753)	Prec@1 86.719 (87.547)	Prec@5 99.219 (99.655)
Epoch: [133][260/391], lr: 0.01000	Loss 0.3413 (0.3771)	Prec@1 89.062 (87.491)	Prec@5 99.219 (99.641)
Epoch: [133][270/391], lr: 0.01000	Loss 0.3972 (0.3787)	Prec@1 85.938 (87.402)	Prec@5 100.000 (99.631)
Epoch: [133][280/391], lr: 0.01000	Loss 0.4239 (0.3790)	Prec@1 88.281 (87.386)	Prec@5 98.438 (99.625)
Epoch: [133][290/391], lr: 0.01000	Loss 0.3373 (0.3794)	Prec@1 89.844 (87.395)	Prec@5 100.000 (99.627)
Epoch: [133][300/391], lr: 0.01000	Loss 0.2414 (0.3788)	Prec@1 92.969 (87.461)	Prec@5 100.000 (99.624)
Epoch: [133][310/391], lr: 0.01000	Loss 0.3481 (0.3769)	Prec@1 89.844 (87.528)	Prec@5 100.000 (99.636)
Epoch: [133][320/391], lr: 0.01000	Loss 0.3906 (0.3769)	Prec@1 86.719 (87.515)	Prec@5 99.219 (99.640)
Epoch: [133][330/391], lr: 0.01000	Loss 0.3427 (0.3762)	Prec@1 88.281 (87.526)	Prec@5 99.219 (99.644)
Epoch: [133][340/391], lr: 0.01000	Loss 0.4061 (0.3760)	Prec@1 87.500 (87.527)	Prec@5 99.219 (99.647)
Epoch: [133][350/391], lr: 0.01000	Loss 0.4322 (0.3773)	Prec@1 85.156 (87.498)	Prec@5 98.438 (99.637)
Epoch: [133][360/391], lr: 0.01000	Loss 0.3622 (0.3778)	Prec@1 89.844 (87.500)	Prec@5 100.000 (99.630)
Epoch: [133][370/391], lr: 0.01000	Loss 0.5000 (0.3780)	Prec@1 86.719 (87.502)	Prec@5 98.438 (99.625)
Epoch: [133][380/391], lr: 0.01000	Loss 0.4307 (0.3783)	Prec@1 88.281 (87.494)	Prec@5 100.000 (99.633)
Epoch: [133][390/391], lr: 0.01000	Loss 0.3874 (0.3789)	Prec@1 81.250 (87.450)	Prec@5 100.000 (99.634)
Epoch [133] Training Results: Prec@1 87.450 Prec@5 99.634             Loss 0.37889
Epoch [133] Training Class Recall: [0.757,0.825,0.822,0.860,0.888,0.902,0.916,0.911,0.928,0.936]

Epoch: [134][0/391], lr: 0.01000	Loss 0.2886 (0.2886)	Prec@1 89.844 (89.844)	Prec@5 100.000 (100.000)
Epoch: [134][10/391], lr: 0.01000	Loss 0.3085 (0.3884)	Prec@1 90.625 (87.145)	Prec@5 100.000 (99.574)
Epoch: [134][20/391], lr: 0.01000	Loss 0.3902 (0.3713)	Prec@1 83.594 (87.463)	Prec@5 100.000 (99.702)
Epoch: [134][30/391], lr: 0.01000	Loss 0.2263 (0.3513)	Prec@1 90.625 (88.256)	Prec@5 100.000 (99.672)
Epoch: [134][40/391], lr: 0.01000	Loss 0.3361 (0.3496)	Prec@1 90.625 (88.491)	Prec@5 100.000 (99.638)
Epoch: [134][50/391], lr: 0.01000	Loss 0.4029 (0.3531)	Prec@1 85.156 (88.327)	Prec@5 98.438 (99.602)
Epoch: [134][60/391], lr: 0.01000	Loss 0.3870 (0.3518)	Prec@1 89.062 (88.345)	Prec@5 100.000 (99.641)
Epoch: [134][70/391], lr: 0.01000	Loss 0.2897 (0.3519)	Prec@1 90.625 (88.347)	Prec@5 100.000 (99.659)
Epoch: [134][80/391], lr: 0.01000	Loss 0.5564 (0.3489)	Prec@1 82.031 (88.368)	Prec@5 100.000 (99.701)
Epoch: [134][90/391], lr: 0.01000	Loss 0.2682 (0.3440)	Prec@1 89.844 (88.504)	Prec@5 100.000 (99.717)
Epoch: [134][100/391], lr: 0.01000	Loss 0.2475 (0.3457)	Prec@1 89.844 (88.343)	Prec@5 100.000 (99.737)
Epoch: [134][110/391], lr: 0.01000	Loss 0.4561 (0.3513)	Prec@1 85.156 (88.183)	Prec@5 100.000 (99.733)
Epoch: [134][120/391], lr: 0.01000	Loss 0.3889 (0.3528)	Prec@1 85.938 (88.165)	Prec@5 100.000 (99.729)
Epoch: [134][130/391], lr: 0.01000	Loss 0.3708 (0.3541)	Prec@1 85.938 (88.084)	Prec@5 99.219 (99.744)
Epoch: [134][140/391], lr: 0.01000	Loss 0.4493 (0.3564)	Prec@1 85.156 (88.043)	Prec@5 100.000 (99.723)
Epoch: [134][150/391], lr: 0.01000	Loss 0.4132 (0.3618)	Prec@1 88.281 (87.893)	Prec@5 100.000 (99.684)
Epoch: [134][160/391], lr: 0.01000	Loss 0.4467 (0.3653)	Prec@1 83.594 (87.733)	Prec@5 99.219 (99.675)
Epoch: [134][170/391], lr: 0.01000	Loss 0.3877 (0.3696)	Prec@1 85.156 (87.605)	Prec@5 100.000 (99.653)
Epoch: [134][180/391], lr: 0.01000	Loss 0.3953 (0.3701)	Prec@1 83.594 (87.560)	Prec@5 100.000 (99.663)
Epoch: [134][190/391], lr: 0.01000	Loss 0.4981 (0.3732)	Prec@1 85.156 (87.520)	Prec@5 99.219 (99.669)
Epoch: [134][200/391], lr: 0.01000	Loss 0.5491 (0.3748)	Prec@1 82.031 (87.496)	Prec@5 99.219 (99.654)
Epoch: [134][210/391], lr: 0.01000	Loss 0.4804 (0.3771)	Prec@1 85.938 (87.444)	Prec@5 100.000 (99.645)
Epoch: [134][220/391], lr: 0.01000	Loss 0.4578 (0.3782)	Prec@1 88.281 (87.440)	Prec@5 98.438 (99.636)
Epoch: [134][230/391], lr: 0.01000	Loss 0.4215 (0.3794)	Prec@1 85.156 (87.395)	Prec@5 100.000 (99.631)
Epoch: [134][240/391], lr: 0.01000	Loss 0.3965 (0.3791)	Prec@1 87.500 (87.348)	Prec@5 100.000 (99.647)
Epoch: [134][250/391], lr: 0.01000	Loss 0.2464 (0.3790)	Prec@1 90.625 (87.357)	Prec@5 100.000 (99.636)
Epoch: [134][260/391], lr: 0.01000	Loss 0.4256 (0.3795)	Prec@1 83.594 (87.347)	Prec@5 100.000 (99.632)
Epoch: [134][270/391], lr: 0.01000	Loss 0.4562 (0.3793)	Prec@1 86.719 (87.373)	Prec@5 99.219 (99.622)
Epoch: [134][280/391], lr: 0.01000	Loss 0.4154 (0.3797)	Prec@1 89.062 (87.367)	Prec@5 99.219 (99.627)
Epoch: [134][290/391], lr: 0.01000	Loss 0.4541 (0.3791)	Prec@1 84.375 (87.409)	Prec@5 100.000 (99.621)
Epoch: [134][300/391], lr: 0.01000	Loss 0.2629 (0.3796)	Prec@1 93.750 (87.388)	Prec@5 100.000 (99.621)
Epoch: [134][310/391], lr: 0.01000	Loss 0.3452 (0.3797)	Prec@1 85.156 (87.374)	Prec@5 100.000 (99.618)
Epoch: [134][320/391], lr: 0.01000	Loss 0.4306 (0.3799)	Prec@1 87.500 (87.371)	Prec@5 99.219 (99.628)
Epoch: [134][330/391], lr: 0.01000	Loss 0.3926 (0.3807)	Prec@1 86.719 (87.328)	Prec@5 100.000 (99.629)
Epoch: [134][340/391], lr: 0.01000	Loss 0.3991 (0.3805)	Prec@1 86.719 (87.310)	Prec@5 99.219 (99.624)
Epoch: [134][350/391], lr: 0.01000	Loss 0.2253 (0.3809)	Prec@1 93.750 (87.311)	Prec@5 100.000 (99.617)
Epoch: [134][360/391], lr: 0.01000	Loss 0.3885 (0.3812)	Prec@1 85.156 (87.299)	Prec@5 100.000 (99.619)
Epoch: [134][370/391], lr: 0.01000	Loss 0.4409 (0.3828)	Prec@1 87.500 (87.228)	Prec@5 99.219 (99.617)
Epoch: [134][380/391], lr: 0.01000	Loss 0.3596 (0.3847)	Prec@1 89.844 (87.170)	Prec@5 99.219 (99.617)
Epoch: [134][390/391], lr: 0.01000	Loss 0.6529 (0.3868)	Prec@1 83.750 (87.116)	Prec@5 100.000 (99.608)
Epoch [134] Training Results: Prec@1 87.116 Prec@5 99.608             Loss 0.38677
Epoch [134] Training Class Recall: [0.751,0.833,0.813,0.849,0.887,0.897,0.913,0.906,0.929,0.934]

Epoch: [135][0/391], lr: 0.01000	Loss 0.3273 (0.3273)	Prec@1 85.938 (85.938)	Prec@5 100.000 (100.000)
Epoch: [135][10/391], lr: 0.01000	Loss 0.4356 (0.4033)	Prec@1 83.594 (86.080)	Prec@5 100.000 (99.858)
Epoch: [135][20/391], lr: 0.01000	Loss 0.4297 (0.3975)	Prec@1 85.156 (86.347)	Prec@5 100.000 (99.740)
Epoch: [135][30/391], lr: 0.01000	Loss 0.4144 (0.3937)	Prec@1 89.844 (86.920)	Prec@5 100.000 (99.622)
Epoch: [135][40/391], lr: 0.01000	Loss 0.4295 (0.3866)	Prec@1 86.719 (87.405)	Prec@5 100.000 (99.676)
Epoch: [135][50/391], lr: 0.01000	Loss 0.5150 (0.3849)	Prec@1 85.156 (87.347)	Prec@5 100.000 (99.694)
Epoch: [135][60/391], lr: 0.01000	Loss 0.3193 (0.3837)	Prec@1 89.844 (87.449)	Prec@5 98.438 (99.667)
Epoch: [135][70/391], lr: 0.01000	Loss 0.3092 (0.3806)	Prec@1 89.062 (87.544)	Prec@5 100.000 (99.670)
Epoch: [135][80/391], lr: 0.01000	Loss 0.3973 (0.3716)	Prec@1 88.281 (87.857)	Prec@5 100.000 (99.682)
Epoch: [135][90/391], lr: 0.01000	Loss 0.3584 (0.3685)	Prec@1 89.844 (87.946)	Prec@5 100.000 (99.674)
Epoch: [135][100/391], lr: 0.01000	Loss 0.4697 (0.3655)	Prec@1 88.281 (88.119)	Prec@5 98.438 (99.675)
Epoch: [135][110/391], lr: 0.01000	Loss 0.3867 (0.3644)	Prec@1 88.281 (88.098)	Prec@5 98.438 (99.669)
Epoch: [135][120/391], lr: 0.01000	Loss 0.3879 (0.3625)	Prec@1 86.719 (88.165)	Prec@5 98.438 (99.658)
Epoch: [135][130/391], lr: 0.01000	Loss 0.4598 (0.3669)	Prec@1 82.031 (87.977)	Prec@5 100.000 (99.636)
Epoch: [135][140/391], lr: 0.01000	Loss 0.4170 (0.3653)	Prec@1 81.250 (87.982)	Prec@5 100.000 (99.656)
Epoch: [135][150/391], lr: 0.01000	Loss 0.5148 (0.3696)	Prec@1 83.594 (87.867)	Prec@5 100.000 (99.648)
Epoch: [135][160/391], lr: 0.01000	Loss 0.4166 (0.3740)	Prec@1 83.594 (87.718)	Prec@5 100.000 (99.626)
Epoch: [135][170/391], lr: 0.01000	Loss 0.3460 (0.3730)	Prec@1 91.406 (87.738)	Prec@5 99.219 (99.630)
Epoch: [135][180/391], lr: 0.01000	Loss 0.4119 (0.3753)	Prec@1 86.719 (87.621)	Prec@5 99.219 (99.642)
Epoch: [135][190/391], lr: 0.01000	Loss 0.4434 (0.3769)	Prec@1 83.594 (87.520)	Prec@5 100.000 (99.648)
Epoch: [135][200/391], lr: 0.01000	Loss 0.3345 (0.3775)	Prec@1 89.844 (87.504)	Prec@5 100.000 (99.654)
Epoch: [135][210/391], lr: 0.01000	Loss 0.4389 (0.3788)	Prec@1 86.719 (87.419)	Prec@5 100.000 (99.656)
Epoch: [135][220/391], lr: 0.01000	Loss 0.3316 (0.3787)	Prec@1 89.844 (87.394)	Prec@5 99.219 (99.664)
Epoch: [135][230/391], lr: 0.01000	Loss 0.4189 (0.3794)	Prec@1 86.719 (87.361)	Prec@5 99.219 (99.658)
Epoch: [135][240/391], lr: 0.01000	Loss 0.3472 (0.3790)	Prec@1 92.188 (87.367)	Prec@5 100.000 (99.666)
Epoch: [135][250/391], lr: 0.01000	Loss 0.3459 (0.3777)	Prec@1 87.500 (87.407)	Prec@5 100.000 (99.670)
Epoch: [135][260/391], lr: 0.01000	Loss 0.5692 (0.3773)	Prec@1 82.031 (87.434)	Prec@5 99.219 (99.677)
Epoch: [135][270/391], lr: 0.01000	Loss 0.5782 (0.3812)	Prec@1 84.375 (87.304)	Prec@5 100.000 (99.671)
Epoch: [135][280/391], lr: 0.01000	Loss 0.4016 (0.3831)	Prec@1 89.062 (87.241)	Prec@5 99.219 (99.664)
Epoch: [135][290/391], lr: 0.01000	Loss 0.3194 (0.3832)	Prec@1 88.281 (87.210)	Prec@5 99.219 (99.667)
Epoch: [135][300/391], lr: 0.01000	Loss 0.4925 (0.3833)	Prec@1 83.594 (87.186)	Prec@5 97.656 (99.665)
Epoch: [135][310/391], lr: 0.01000	Loss 0.5740 (0.3861)	Prec@1 79.688 (87.111)	Prec@5 99.219 (99.656)
Epoch: [135][320/391], lr: 0.01000	Loss 0.4480 (0.3872)	Prec@1 87.500 (87.057)	Prec@5 99.219 (99.650)
Epoch: [135][330/391], lr: 0.01000	Loss 0.5741 (0.3881)	Prec@1 82.812 (87.059)	Prec@5 99.219 (99.646)
Epoch: [135][340/391], lr: 0.01000	Loss 0.3503 (0.3910)	Prec@1 88.281 (86.994)	Prec@5 100.000 (99.640)
Epoch: [135][350/391], lr: 0.01000	Loss 0.6232 (0.3927)	Prec@1 77.344 (86.932)	Prec@5 99.219 (99.644)
Epoch: [135][360/391], lr: 0.01000	Loss 0.3988 (0.3941)	Prec@1 88.281 (86.911)	Prec@5 100.000 (99.634)
Epoch: [135][370/391], lr: 0.01000	Loss 0.4244 (0.3945)	Prec@1 88.281 (86.906)	Prec@5 100.000 (99.625)
Epoch: [135][380/391], lr: 0.01000	Loss 0.5552 (0.3957)	Prec@1 81.250 (86.887)	Prec@5 98.438 (99.623)
Epoch: [135][390/391], lr: 0.01000	Loss 0.7095 (0.3968)	Prec@1 73.750 (86.872)	Prec@5 98.750 (99.616)
Epoch [135] Training Results: Prec@1 86.872 Prec@5 99.616             Loss 0.39676
Epoch [135] Training Class Recall: [0.745,0.828,0.806,0.851,0.877,0.899,0.903,0.917,0.928,0.932]

Epoch: [136][0/391], lr: 0.01000	Loss 0.2781 (0.2781)	Prec@1 91.406 (91.406)	Prec@5 100.000 (100.000)
Epoch: [136][10/391], lr: 0.01000	Loss 0.5105 (0.3765)	Prec@1 82.812 (87.713)	Prec@5 99.219 (99.787)
Epoch: [136][20/391], lr: 0.01000	Loss 0.2766 (0.3727)	Prec@1 88.281 (87.946)	Prec@5 100.000 (99.665)
Epoch: [136][30/391], lr: 0.01000	Loss 0.3155 (0.3727)	Prec@1 90.625 (87.777)	Prec@5 100.000 (99.723)
Epoch: [136][40/391], lr: 0.01000	Loss 0.3206 (0.3828)	Prec@1 89.062 (87.443)	Prec@5 100.000 (99.771)
Epoch: [136][50/391], lr: 0.01000	Loss 0.3841 (0.3816)	Prec@1 85.938 (87.331)	Prec@5 99.219 (99.755)
Epoch: [136][60/391], lr: 0.01000	Loss 0.3768 (0.3787)	Prec@1 87.500 (87.423)	Prec@5 100.000 (99.705)
Epoch: [136][70/391], lr: 0.01000	Loss 0.3967 (0.3768)	Prec@1 83.594 (87.335)	Prec@5 100.000 (99.703)
Epoch: [136][80/391], lr: 0.01000	Loss 0.3140 (0.3769)	Prec@1 88.281 (87.423)	Prec@5 99.219 (99.701)
Epoch: [136][90/391], lr: 0.01000	Loss 0.2776 (0.3746)	Prec@1 92.969 (87.509)	Prec@5 100.000 (99.700)
Epoch: [136][100/391], lr: 0.01000	Loss 0.3206 (0.3759)	Prec@1 91.406 (87.562)	Prec@5 100.000 (99.683)
Epoch: [136][110/391], lr: 0.01000	Loss 0.4533 (0.3796)	Prec@1 86.719 (87.423)	Prec@5 100.000 (99.676)
Epoch: [136][120/391], lr: 0.01000	Loss 0.3023 (0.3777)	Prec@1 91.406 (87.435)	Prec@5 100.000 (99.677)
Epoch: [136][130/391], lr: 0.01000	Loss 0.2721 (0.3801)	Prec@1 88.281 (87.339)	Prec@5 100.000 (99.690)
Epoch: [136][140/391], lr: 0.01000	Loss 0.3822 (0.3814)	Prec@1 86.719 (87.289)	Prec@5 100.000 (99.695)
Epoch: [136][150/391], lr: 0.01000	Loss 0.3619 (0.3813)	Prec@1 85.156 (87.231)	Prec@5 100.000 (99.705)
Epoch: [136][160/391], lr: 0.01000	Loss 0.2507 (0.3799)	Prec@1 92.188 (87.316)	Prec@5 100.000 (99.704)
Epoch: [136][170/391], lr: 0.01000	Loss 0.2558 (0.3824)	Prec@1 91.406 (87.304)	Prec@5 100.000 (99.708)
Epoch: [136][180/391], lr: 0.01000	Loss 0.5376 (0.3825)	Prec@1 79.688 (87.271)	Prec@5 100.000 (99.715)
Epoch: [136][190/391], lr: 0.01000	Loss 0.3323 (0.3833)	Prec@1 86.719 (87.226)	Prec@5 100.000 (99.714)
Epoch: [136][200/391], lr: 0.01000	Loss 0.2893 (0.3817)	Prec@1 89.062 (87.294)	Prec@5 100.000 (99.716)
Epoch: [136][210/391], lr: 0.01000	Loss 0.4725 (0.3788)	Prec@1 89.062 (87.411)	Prec@5 98.438 (99.719)
Epoch: [136][220/391], lr: 0.01000	Loss 0.3685 (0.3764)	Prec@1 86.719 (87.482)	Prec@5 100.000 (99.724)
Epoch: [136][230/391], lr: 0.01000	Loss 0.3266 (0.3753)	Prec@1 89.844 (87.507)	Prec@5 100.000 (99.723)
Epoch: [136][240/391], lr: 0.01000	Loss 0.3468 (0.3742)	Prec@1 88.281 (87.539)	Prec@5 100.000 (99.724)
Epoch: [136][250/391], lr: 0.01000	Loss 0.4022 (0.3751)	Prec@1 87.500 (87.525)	Prec@5 100.000 (99.717)
Epoch: [136][260/391], lr: 0.01000	Loss 0.3429 (0.3772)	Prec@1 87.500 (87.404)	Prec@5 100.000 (99.716)
Epoch: [136][270/391], lr: 0.01000	Loss 0.4936 (0.3775)	Prec@1 83.594 (87.390)	Prec@5 100.000 (99.723)
Epoch: [136][280/391], lr: 0.01000	Loss 0.3434 (0.3783)	Prec@1 90.625 (87.367)	Prec@5 100.000 (99.714)
Epoch: [136][290/391], lr: 0.01000	Loss 0.3972 (0.3786)	Prec@1 85.938 (87.347)	Prec@5 99.219 (99.718)
Epoch: [136][300/391], lr: 0.01000	Loss 0.3766 (0.3791)	Prec@1 88.281 (87.324)	Prec@5 100.000 (99.717)
Epoch: [136][310/391], lr: 0.01000	Loss 0.5404 (0.3794)	Prec@1 89.062 (87.344)	Prec@5 99.219 (99.721)
Epoch: [136][320/391], lr: 0.01000	Loss 0.3547 (0.3795)	Prec@1 88.281 (87.361)	Prec@5 100.000 (99.715)
Epoch: [136][330/391], lr: 0.01000	Loss 0.4077 (0.3787)	Prec@1 87.500 (87.394)	Prec@5 99.219 (99.714)
Epoch: [136][340/391], lr: 0.01000	Loss 0.4233 (0.3779)	Prec@1 85.938 (87.415)	Prec@5 100.000 (99.718)
Epoch: [136][350/391], lr: 0.01000	Loss 0.3261 (0.3779)	Prec@1 87.500 (87.407)	Prec@5 100.000 (99.713)
Epoch: [136][360/391], lr: 0.01000	Loss 0.2717 (0.3771)	Prec@1 89.062 (87.409)	Prec@5 99.219 (99.712)
Epoch: [136][370/391], lr: 0.01000	Loss 0.2916 (0.3756)	Prec@1 89.062 (87.464)	Prec@5 99.219 (99.714)
Epoch: [136][380/391], lr: 0.01000	Loss 0.4534 (0.3771)	Prec@1 86.719 (87.451)	Prec@5 98.438 (99.709)
Epoch: [136][390/391], lr: 0.01000	Loss 0.6475 (0.3792)	Prec@1 72.500 (87.380)	Prec@5 100.000 (99.700)
Epoch [136] Training Results: Prec@1 87.380 Prec@5 99.700             Loss 0.37922
Epoch [136] Training Class Recall: [0.755,0.826,0.820,0.850,0.884,0.898,0.914,0.918,0.931,0.944]

Epoch: [137][0/391], lr: 0.01000	Loss 0.2822 (0.2822)	Prec@1 90.625 (90.625)	Prec@5 100.000 (100.000)
Epoch: [137][10/391], lr: 0.01000	Loss 0.3623 (0.4186)	Prec@1 88.281 (86.506)	Prec@5 100.000 (99.787)
Epoch: [137][20/391], lr: 0.01000	Loss 0.5521 (0.4261)	Prec@1 78.906 (85.938)	Prec@5 99.219 (99.740)
Epoch: [137][30/391], lr: 0.01000	Loss 0.2858 (0.4175)	Prec@1 90.625 (86.139)	Prec@5 100.000 (99.698)
Epoch: [137][40/391], lr: 0.01000	Loss 0.4525 (0.4034)	Prec@1 87.500 (86.643)	Prec@5 100.000 (99.695)
Epoch: [137][50/391], lr: 0.01000	Loss 0.4192 (0.3971)	Prec@1 85.938 (86.872)	Prec@5 99.219 (99.678)
Epoch: [137][60/391], lr: 0.01000	Loss 0.3403 (0.3937)	Prec@1 89.062 (87.013)	Prec@5 99.219 (99.654)
Epoch: [137][70/391], lr: 0.01000	Loss 0.2778 (0.3859)	Prec@1 92.188 (87.324)	Prec@5 99.219 (99.659)
Epoch: [137][80/391], lr: 0.01000	Loss 0.3354 (0.3785)	Prec@1 90.625 (87.510)	Prec@5 100.000 (99.682)
Epoch: [137][90/391], lr: 0.01000	Loss 0.3961 (0.3787)	Prec@1 86.719 (87.509)	Prec@5 100.000 (99.700)
Epoch: [137][100/391], lr: 0.01000	Loss 0.3094 (0.3828)	Prec@1 89.844 (87.330)	Prec@5 99.219 (99.698)
Epoch: [137][110/391], lr: 0.01000	Loss 0.3704 (0.3846)	Prec@1 89.062 (87.254)	Prec@5 100.000 (99.669)
Epoch: [137][120/391], lr: 0.01000	Loss 0.2624 (0.3853)	Prec@1 89.844 (87.184)	Prec@5 100.000 (99.638)
Epoch: [137][130/391], lr: 0.01000	Loss 0.4281 (0.3833)	Prec@1 84.375 (87.273)	Prec@5 98.438 (99.642)
Epoch: [137][140/391], lr: 0.01000	Loss 0.3031 (0.3819)	Prec@1 89.844 (87.339)	Prec@5 100.000 (99.634)
Epoch: [137][150/391], lr: 0.01000	Loss 0.4938 (0.3813)	Prec@1 82.812 (87.412)	Prec@5 100.000 (99.643)
Epoch: [137][160/391], lr: 0.01000	Loss 0.3371 (0.3813)	Prec@1 87.500 (87.359)	Prec@5 100.000 (99.655)
Epoch: [137][170/391], lr: 0.01000	Loss 0.4893 (0.3814)	Prec@1 86.719 (87.377)	Prec@5 99.219 (99.657)
Epoch: [137][180/391], lr: 0.01000	Loss 0.3790 (0.3798)	Prec@1 86.719 (87.478)	Prec@5 100.000 (99.663)
Epoch: [137][190/391], lr: 0.01000	Loss 0.3594 (0.3801)	Prec@1 90.625 (87.426)	Prec@5 100.000 (99.661)
Epoch: [137][200/391], lr: 0.01000	Loss 0.3920 (0.3817)	Prec@1 89.844 (87.380)	Prec@5 97.656 (99.639)
Epoch: [137][210/391], lr: 0.01000	Loss 0.3840 (0.3810)	Prec@1 86.719 (87.422)	Prec@5 100.000 (99.633)
Epoch: [137][220/391], lr: 0.01000	Loss 0.3291 (0.3791)	Prec@1 89.062 (87.486)	Prec@5 100.000 (99.632)
Epoch: [137][230/391], lr: 0.01000	Loss 0.4072 (0.3808)	Prec@1 86.719 (87.395)	Prec@5 97.656 (99.625)
Epoch: [137][240/391], lr: 0.01000	Loss 0.3787 (0.3806)	Prec@1 86.719 (87.438)	Prec@5 99.219 (99.627)
Epoch: [137][250/391], lr: 0.01000	Loss 0.3196 (0.3815)	Prec@1 87.500 (87.385)	Prec@5 100.000 (99.636)
Epoch: [137][260/391], lr: 0.01000	Loss 0.3108 (0.3809)	Prec@1 89.844 (87.422)	Prec@5 99.219 (99.632)
Epoch: [137][270/391], lr: 0.01000	Loss 0.3820 (0.3810)	Prec@1 86.719 (87.428)	Prec@5 100.000 (99.634)
Epoch: [137][280/391], lr: 0.01000	Loss 0.3659 (0.3833)	Prec@1 88.281 (87.372)	Prec@5 99.219 (99.636)
Epoch: [137][290/391], lr: 0.01000	Loss 0.3681 (0.3844)	Prec@1 88.281 (87.301)	Prec@5 100.000 (99.630)
Epoch: [137][300/391], lr: 0.01000	Loss 0.3606 (0.3847)	Prec@1 89.844 (87.287)	Prec@5 99.219 (99.624)
Epoch: [137][310/391], lr: 0.01000	Loss 0.3555 (0.3846)	Prec@1 88.281 (87.256)	Prec@5 99.219 (99.616)
Epoch: [137][320/391], lr: 0.01000	Loss 0.3187 (0.3852)	Prec@1 88.281 (87.247)	Prec@5 100.000 (99.618)
Epoch: [137][330/391], lr: 0.01000	Loss 0.3934 (0.3841)	Prec@1 86.719 (87.283)	Prec@5 99.219 (99.620)
Epoch: [137][340/391], lr: 0.01000	Loss 0.5318 (0.3837)	Prec@1 79.688 (87.294)	Prec@5 100.000 (99.620)
Epoch: [137][350/391], lr: 0.01000	Loss 0.4822 (0.3834)	Prec@1 82.812 (87.297)	Prec@5 99.219 (99.613)
Epoch: [137][360/391], lr: 0.01000	Loss 0.2743 (0.3830)	Prec@1 91.406 (87.318)	Prec@5 100.000 (99.617)
Epoch: [137][370/391], lr: 0.01000	Loss 0.4441 (0.3830)	Prec@1 85.938 (87.323)	Prec@5 100.000 (99.619)
Epoch: [137][380/391], lr: 0.01000	Loss 0.3367 (0.3820)	Prec@1 88.281 (87.359)	Prec@5 100.000 (99.619)
Epoch: [137][390/391], lr: 0.01000	Loss 0.2363 (0.3819)	Prec@1 97.500 (87.366)	Prec@5 100.000 (99.626)
Epoch [137] Training Results: Prec@1 87.366 Prec@5 99.626             Loss 0.38186
Epoch [137] Training Class Recall: [0.752,0.837,0.814,0.855,0.886,0.901,0.914,0.912,0.931,0.935]

Epoch: [138][0/391], lr: 0.01000	Loss 0.2244 (0.2244)	Prec@1 92.188 (92.188)	Prec@5 100.000 (100.000)
Epoch: [138][10/391], lr: 0.01000	Loss 0.3807 (0.3429)	Prec@1 89.062 (87.997)	Prec@5 100.000 (99.574)
Epoch: [138][20/391], lr: 0.01000	Loss 0.5262 (0.3546)	Prec@1 79.688 (88.207)	Prec@5 99.219 (99.554)
Epoch: [138][30/391], lr: 0.01000	Loss 0.4750 (0.3632)	Prec@1 85.156 (87.676)	Prec@5 99.219 (99.622)
Epoch: [138][40/391], lr: 0.01000	Loss 0.4505 (0.3621)	Prec@1 84.375 (87.519)	Prec@5 99.219 (99.619)
Epoch: [138][50/391], lr: 0.01000	Loss 0.4206 (0.3635)	Prec@1 88.281 (87.623)	Prec@5 100.000 (99.678)
Epoch: [138][60/391], lr: 0.01000	Loss 0.3718 (0.3602)	Prec@1 89.844 (87.923)	Prec@5 100.000 (99.693)
Epoch: [138][70/391], lr: 0.01000	Loss 0.4292 (0.3565)	Prec@1 87.500 (88.215)	Prec@5 100.000 (99.692)
Epoch: [138][80/391], lr: 0.01000	Loss 0.3833 (0.3584)	Prec@1 88.281 (88.243)	Prec@5 100.000 (99.672)
Epoch: [138][90/391], lr: 0.01000	Loss 0.3335 (0.3632)	Prec@1 85.938 (88.161)	Prec@5 100.000 (99.648)
Epoch: [138][100/391], lr: 0.01000	Loss 0.4339 (0.3658)	Prec@1 86.719 (88.057)	Prec@5 98.438 (99.636)
Epoch: [138][110/391], lr: 0.01000	Loss 0.3403 (0.3652)	Prec@1 87.500 (88.042)	Prec@5 99.219 (99.641)
Epoch: [138][120/391], lr: 0.01000	Loss 0.2568 (0.3625)	Prec@1 92.188 (88.120)	Prec@5 100.000 (99.658)
Epoch: [138][130/391], lr: 0.01000	Loss 0.2860 (0.3611)	Prec@1 91.406 (88.168)	Prec@5 100.000 (99.660)
Epoch: [138][140/391], lr: 0.01000	Loss 0.2965 (0.3593)	Prec@1 91.406 (88.259)	Prec@5 99.219 (99.668)
Epoch: [138][150/391], lr: 0.01000	Loss 0.2440 (0.3570)	Prec@1 92.188 (88.266)	Prec@5 100.000 (99.679)
Epoch: [138][160/391], lr: 0.01000	Loss 0.2883 (0.3568)	Prec@1 89.062 (88.247)	Prec@5 99.219 (99.670)
Epoch: [138][170/391], lr: 0.01000	Loss 0.2919 (0.3574)	Prec@1 91.406 (88.258)	Prec@5 98.438 (99.644)
Epoch: [138][180/391], lr: 0.01000	Loss 0.2490 (0.3591)	Prec@1 91.406 (88.182)	Prec@5 100.000 (99.642)
Epoch: [138][190/391], lr: 0.01000	Loss 0.3808 (0.3582)	Prec@1 84.375 (88.191)	Prec@5 99.219 (99.624)
Epoch: [138][200/391], lr: 0.01000	Loss 0.3614 (0.3592)	Prec@1 89.062 (88.157)	Prec@5 100.000 (99.627)
Epoch: [138][210/391], lr: 0.01000	Loss 0.3767 (0.3600)	Prec@1 84.375 (88.074)	Prec@5 100.000 (99.630)
Epoch: [138][220/391], lr: 0.01000	Loss 0.4643 (0.3617)	Prec@1 89.062 (87.984)	Prec@5 99.219 (99.629)
Epoch: [138][230/391], lr: 0.01000	Loss 0.3260 (0.3618)	Prec@1 91.406 (88.001)	Prec@5 99.219 (99.642)
Epoch: [138][240/391], lr: 0.01000	Loss 0.4232 (0.3637)	Prec@1 85.938 (87.964)	Prec@5 100.000 (99.647)
Epoch: [138][250/391], lr: 0.01000	Loss 0.4250 (0.3644)	Prec@1 84.375 (87.948)	Prec@5 100.000 (99.645)
Epoch: [138][260/391], lr: 0.01000	Loss 0.3175 (0.3645)	Prec@1 89.844 (87.961)	Prec@5 100.000 (99.641)
Epoch: [138][270/391], lr: 0.01000	Loss 0.3551 (0.3635)	Prec@1 88.281 (87.976)	Prec@5 99.219 (99.648)
Epoch: [138][280/391], lr: 0.01000	Loss 0.3041 (0.3642)	Prec@1 88.281 (87.917)	Prec@5 100.000 (99.650)
Epoch: [138][290/391], lr: 0.01000	Loss 0.5273 (0.3656)	Prec@1 85.938 (87.873)	Prec@5 98.438 (99.640)
Epoch: [138][300/391], lr: 0.01000	Loss 0.2383 (0.3651)	Prec@1 91.406 (87.882)	Prec@5 100.000 (99.642)
Epoch: [138][310/391], lr: 0.01000	Loss 0.3251 (0.3645)	Prec@1 91.406 (87.904)	Prec@5 100.000 (99.643)
Epoch: [138][320/391], lr: 0.01000	Loss 0.4456 (0.3648)	Prec@1 85.156 (87.880)	Prec@5 100.000 (99.640)
Epoch: [138][330/391], lr: 0.01000	Loss 0.3772 (0.3655)	Prec@1 89.062 (87.866)	Prec@5 100.000 (99.639)
Epoch: [138][340/391], lr: 0.01000	Loss 0.4754 (0.3656)	Prec@1 86.719 (87.862)	Prec@5 98.438 (99.638)
Epoch: [138][350/391], lr: 0.01000	Loss 0.3298 (0.3649)	Prec@1 88.281 (87.881)	Prec@5 100.000 (99.642)
Epoch: [138][360/391], lr: 0.01000	Loss 0.3616 (0.3660)	Prec@1 89.844 (87.851)	Prec@5 98.438 (99.634)
Epoch: [138][370/391], lr: 0.01000	Loss 0.4678 (0.3673)	Prec@1 86.719 (87.814)	Prec@5 99.219 (99.636)
Epoch: [138][380/391], lr: 0.01000	Loss 0.3247 (0.3680)	Prec@1 88.281 (87.775)	Prec@5 98.438 (99.637)
Epoch: [138][390/391], lr: 0.01000	Loss 0.4357 (0.3703)	Prec@1 83.750 (87.682)	Prec@5 100.000 (99.638)
Epoch [138] Training Results: Prec@1 87.682 Prec@5 99.638             Loss 0.37029
Epoch [138] Training Class Recall: [0.756,0.833,0.830,0.857,0.885,0.901,0.920,0.916,0.932,0.938]

Epoch: [139][0/391], lr: 0.01000	Loss 0.2933 (0.2933)	Prec@1 89.844 (89.844)	Prec@5 100.000 (100.000)
Epoch: [139][10/391], lr: 0.01000	Loss 0.4494 (0.4509)	Prec@1 85.938 (84.872)	Prec@5 100.000 (99.432)
Epoch: [139][20/391], lr: 0.01000	Loss 0.5563 (0.4420)	Prec@1 78.906 (85.231)	Prec@5 99.219 (99.442)
Epoch: [139][30/391], lr: 0.01000	Loss 0.5691 (0.4378)	Prec@1 84.375 (85.433)	Prec@5 98.438 (99.446)
Epoch: [139][40/391], lr: 0.01000	Loss 0.4203 (0.4422)	Prec@1 85.938 (85.404)	Prec@5 100.000 (99.466)
Epoch: [139][50/391], lr: 0.01000	Loss 0.3750 (0.4328)	Prec@1 87.500 (85.616)	Prec@5 100.000 (99.525)
Epoch: [139][60/391], lr: 0.01000	Loss 0.4524 (0.4340)	Prec@1 83.594 (85.412)	Prec@5 100.000 (99.552)
Epoch: [139][70/391], lr: 0.01000	Loss 0.3358 (0.4232)	Prec@1 89.062 (85.739)	Prec@5 100.000 (99.571)
Epoch: [139][80/391], lr: 0.01000	Loss 0.3935 (0.4285)	Prec@1 86.719 (85.571)	Prec@5 100.000 (99.537)
Epoch: [139][90/391], lr: 0.01000	Loss 0.3801 (0.4247)	Prec@1 85.156 (85.774)	Prec@5 99.219 (99.528)
Epoch: [139][100/391], lr: 0.01000	Loss 0.4758 (0.4235)	Prec@1 85.938 (85.883)	Prec@5 99.219 (99.536)
Epoch: [139][110/391], lr: 0.01000	Loss 0.5853 (0.4248)	Prec@1 82.812 (85.860)	Prec@5 100.000 (99.557)
Epoch: [139][120/391], lr: 0.01000	Loss 0.4771 (0.4222)	Prec@1 81.250 (85.976)	Prec@5 100.000 (99.542)
Epoch: [139][130/391], lr: 0.01000	Loss 0.3442 (0.4185)	Prec@1 90.625 (86.170)	Prec@5 98.438 (99.535)
Epoch: [139][140/391], lr: 0.01000	Loss 0.4278 (0.4152)	Prec@1 89.844 (86.281)	Prec@5 99.219 (99.551)
Epoch: [139][150/391], lr: 0.01000	Loss 0.3239 (0.4123)	Prec@1 88.281 (86.336)	Prec@5 100.000 (99.560)
Epoch: [139][160/391], lr: 0.01000	Loss 0.3354 (0.4109)	Prec@1 90.625 (86.418)	Prec@5 99.219 (99.544)
Epoch: [139][170/391], lr: 0.01000	Loss 0.4259 (0.4076)	Prec@1 86.719 (86.536)	Prec@5 100.000 (99.548)
Epoch: [139][180/391], lr: 0.01000	Loss 0.3303 (0.4058)	Prec@1 89.062 (86.598)	Prec@5 100.000 (99.555)
Epoch: [139][190/391], lr: 0.01000	Loss 0.3182 (0.4035)	Prec@1 90.625 (86.711)	Prec@5 100.000 (99.558)
Epoch: [139][200/391], lr: 0.01000	Loss 0.3991 (0.4018)	Prec@1 85.938 (86.738)	Prec@5 100.000 (99.565)
Epoch: [139][210/391], lr: 0.01000	Loss 0.3847 (0.4010)	Prec@1 85.938 (86.726)	Prec@5 100.000 (99.567)
Epoch: [139][220/391], lr: 0.01000	Loss 0.3921 (0.4009)	Prec@1 90.625 (86.726)	Prec@5 99.219 (99.558)
Epoch: [139][230/391], lr: 0.01000	Loss 0.4610 (0.4010)	Prec@1 85.156 (86.712)	Prec@5 99.219 (99.570)
Epoch: [139][240/391], lr: 0.01000	Loss 0.3267 (0.3997)	Prec@1 90.625 (86.777)	Prec@5 100.000 (99.566)
Epoch: [139][250/391], lr: 0.01000	Loss 0.3693 (0.4009)	Prec@1 87.500 (86.750)	Prec@5 100.000 (99.567)
Epoch: [139][260/391], lr: 0.01000	Loss 0.3955 (0.4004)	Prec@1 85.156 (86.755)	Prec@5 99.219 (99.575)
Epoch: [139][270/391], lr: 0.01000	Loss 0.3508 (0.3982)	Prec@1 88.281 (86.837)	Prec@5 100.000 (99.585)
Epoch: [139][280/391], lr: 0.01000	Loss 0.4378 (0.3976)	Prec@1 88.281 (86.866)	Prec@5 99.219 (99.591)
Epoch: [139][290/391], lr: 0.01000	Loss 0.3334 (0.3955)	Prec@1 89.062 (86.907)	Prec@5 100.000 (99.592)
Epoch: [139][300/391], lr: 0.01000	Loss 0.2144 (0.3930)	Prec@1 92.188 (86.968)	Prec@5 100.000 (99.598)
Epoch: [139][310/391], lr: 0.01000	Loss 0.4991 (0.3934)	Prec@1 81.250 (86.957)	Prec@5 99.219 (99.601)
Epoch: [139][320/391], lr: 0.01000	Loss 0.4366 (0.3928)	Prec@1 88.281 (86.955)	Prec@5 99.219 (99.606)
Epoch: [139][330/391], lr: 0.01000	Loss 0.4811 (0.3950)	Prec@1 84.375 (86.900)	Prec@5 100.000 (99.596)
Epoch: [139][340/391], lr: 0.01000	Loss 0.5056 (0.3968)	Prec@1 87.500 (86.845)	Prec@5 96.875 (99.590)
Epoch: [139][350/391], lr: 0.01000	Loss 0.4322 (0.3977)	Prec@1 85.156 (86.841)	Prec@5 100.000 (99.588)
Epoch: [139][360/391], lr: 0.01000	Loss 0.4636 (0.3998)	Prec@1 86.719 (86.794)	Prec@5 100.000 (99.587)
Epoch: [139][370/391], lr: 0.01000	Loss 0.2713 (0.4001)	Prec@1 90.625 (86.776)	Prec@5 100.000 (99.585)
Epoch: [139][380/391], lr: 0.01000	Loss 0.3579 (0.4003)	Prec@1 85.938 (86.760)	Prec@5 99.219 (99.588)
Epoch: [139][390/391], lr: 0.01000	Loss 0.5220 (0.4005)	Prec@1 83.750 (86.756)	Prec@5 100.000 (99.582)
Epoch [139] Training Results: Prec@1 86.756 Prec@5 99.582             Loss 0.40052
Epoch [139] Training Class Recall: [0.747,0.827,0.808,0.848,0.877,0.893,0.912,0.904,0.928,0.931]

Epoch: [140][0/391], lr: 0.01000	Loss 0.4433 (0.4433)	Prec@1 85.156 (85.156)	Prec@5 100.000 (100.000)
Epoch: [140][10/391], lr: 0.01000	Loss 0.2955 (0.3357)	Prec@1 89.844 (88.636)	Prec@5 100.000 (99.787)
Epoch: [140][20/391], lr: 0.01000	Loss 0.3981 (0.3427)	Prec@1 88.281 (88.653)	Prec@5 100.000 (99.851)
Epoch: [140][30/391], lr: 0.01000	Loss 0.2903 (0.3431)	Prec@1 91.406 (88.306)	Prec@5 100.000 (99.798)
Epoch: [140][40/391], lr: 0.01000	Loss 0.3873 (0.3410)	Prec@1 87.500 (88.758)	Prec@5 99.219 (99.771)
Epoch: [140][50/391], lr: 0.01000	Loss 0.2616 (0.3389)	Prec@1 92.969 (88.879)	Prec@5 100.000 (99.755)
Epoch: [140][60/391], lr: 0.01000	Loss 0.2396 (0.3395)	Prec@1 92.188 (88.896)	Prec@5 100.000 (99.769)
Epoch: [140][70/391], lr: 0.01000	Loss 0.3405 (0.3369)	Prec@1 89.844 (89.018)	Prec@5 100.000 (99.747)
Epoch: [140][80/391], lr: 0.01000	Loss 0.2522 (0.3407)	Prec@1 90.625 (88.754)	Prec@5 100.000 (99.730)
Epoch: [140][90/391], lr: 0.01000	Loss 0.4776 (0.3447)	Prec@1 83.594 (88.504)	Prec@5 100.000 (99.725)
Epoch: [140][100/391], lr: 0.01000	Loss 0.5043 (0.3525)	Prec@1 85.938 (88.335)	Prec@5 99.219 (99.722)
Epoch: [140][110/391], lr: 0.01000	Loss 0.3470 (0.3530)	Prec@1 86.719 (88.309)	Prec@5 100.000 (99.697)
Epoch: [140][120/391], lr: 0.01000	Loss 0.2513 (0.3532)	Prec@1 90.625 (88.243)	Prec@5 100.000 (99.709)
Epoch: [140][130/391], lr: 0.01000	Loss 0.3743 (0.3486)	Prec@1 88.281 (88.389)	Prec@5 100.000 (99.708)
Epoch: [140][140/391], lr: 0.01000	Loss 0.3453 (0.3490)	Prec@1 87.500 (88.337)	Prec@5 100.000 (99.690)
Epoch: [140][150/391], lr: 0.01000	Loss 0.3597 (0.3470)	Prec@1 85.938 (88.385)	Prec@5 100.000 (99.700)
Epoch: [140][160/391], lr: 0.01000	Loss 0.2875 (0.3465)	Prec@1 90.625 (88.461)	Prec@5 100.000 (99.694)
Epoch: [140][170/391], lr: 0.01000	Loss 0.5657 (0.3485)	Prec@1 74.219 (88.350)	Prec@5 99.219 (99.703)
Epoch: [140][180/391], lr: 0.01000	Loss 0.4646 (0.3502)	Prec@1 86.719 (88.286)	Prec@5 100.000 (99.698)
Epoch: [140][190/391], lr: 0.01000	Loss 0.3177 (0.3531)	Prec@1 90.625 (88.204)	Prec@5 100.000 (99.681)
Epoch: [140][200/391], lr: 0.01000	Loss 0.5518 (0.3574)	Prec@1 81.250 (88.118)	Prec@5 98.438 (99.674)
Epoch: [140][210/391], lr: 0.01000	Loss 0.3068 (0.3611)	Prec@1 91.406 (88.029)	Prec@5 100.000 (99.648)
Epoch: [140][220/391], lr: 0.01000	Loss 0.4897 (0.3663)	Prec@1 82.812 (87.857)	Prec@5 99.219 (99.618)
Epoch: [140][230/391], lr: 0.01000	Loss 0.4528 (0.3679)	Prec@1 83.594 (87.760)	Prec@5 98.438 (99.608)
Epoch: [140][240/391], lr: 0.01000	Loss 0.5607 (0.3699)	Prec@1 84.375 (87.766)	Prec@5 97.656 (99.598)
Epoch: [140][250/391], lr: 0.01000	Loss 0.4297 (0.3725)	Prec@1 85.156 (87.653)	Prec@5 98.438 (99.589)
Epoch: [140][260/391], lr: 0.01000	Loss 0.5166 (0.3732)	Prec@1 85.156 (87.638)	Prec@5 100.000 (99.587)
Epoch: [140][270/391], lr: 0.01000	Loss 0.4746 (0.3742)	Prec@1 82.812 (87.598)	Prec@5 100.000 (99.585)
Epoch: [140][280/391], lr: 0.01000	Loss 0.3333 (0.3742)	Prec@1 86.719 (87.583)	Prec@5 100.000 (99.583)
Epoch: [140][290/391], lr: 0.01000	Loss 0.3030 (0.3740)	Prec@1 92.188 (87.567)	Prec@5 100.000 (99.589)
Epoch: [140][300/391], lr: 0.01000	Loss 0.3716 (0.3749)	Prec@1 86.719 (87.536)	Prec@5 100.000 (99.590)
Epoch: [140][310/391], lr: 0.01000	Loss 0.3890 (0.3747)	Prec@1 87.500 (87.553)	Prec@5 100.000 (99.593)
Epoch: [140][320/391], lr: 0.01000	Loss 0.2778 (0.3753)	Prec@1 92.969 (87.541)	Prec@5 99.219 (99.591)
Epoch: [140][330/391], lr: 0.01000	Loss 0.3389 (0.3759)	Prec@1 87.500 (87.538)	Prec@5 100.000 (99.587)
Epoch: [140][340/391], lr: 0.01000	Loss 0.4494 (0.3753)	Prec@1 84.375 (87.557)	Prec@5 99.219 (99.592)
Epoch: [140][350/391], lr: 0.01000	Loss 0.5060 (0.3761)	Prec@1 83.594 (87.513)	Prec@5 100.000 (99.593)
Epoch: [140][360/391], lr: 0.01000	Loss 0.3869 (0.3768)	Prec@1 86.719 (87.494)	Prec@5 98.438 (99.589)
Epoch: [140][370/391], lr: 0.01000	Loss 0.3617 (0.3773)	Prec@1 88.281 (87.454)	Prec@5 100.000 (99.591)
Epoch: [140][380/391], lr: 0.01000	Loss 0.3939 (0.3780)	Prec@1 85.938 (87.426)	Prec@5 99.219 (99.592)
Epoch: [140][390/391], lr: 0.01000	Loss 0.5563 (0.3786)	Prec@1 81.250 (87.404)	Prec@5 98.750 (99.592)
Epoch [140] Training Results: Prec@1 87.404 Prec@5 99.592             Loss 0.37863
Epoch [140] Training Class Recall: [0.757,0.827,0.820,0.855,0.883,0.898,0.916,0.916,0.932,0.936]

Epoch: [141][0/391], lr: 0.01000	Loss 0.4158 (0.4158)	Prec@1 85.156 (85.156)	Prec@5 100.000 (100.000)
Epoch: [141][10/391], lr: 0.01000	Loss 0.4222 (0.3957)	Prec@1 88.281 (87.855)	Prec@5 99.219 (99.574)
Epoch: [141][20/391], lr: 0.01000	Loss 0.3736 (0.3714)	Prec@1 88.281 (88.132)	Prec@5 98.438 (99.702)
Epoch: [141][30/391], lr: 0.01000	Loss 0.3489 (0.3822)	Prec@1 87.500 (87.550)	Prec@5 100.000 (99.647)
Epoch: [141][40/391], lr: 0.01000	Loss 0.4293 (0.3880)	Prec@1 89.844 (87.309)	Prec@5 99.219 (99.676)
Epoch: [141][50/391], lr: 0.01000	Loss 0.4335 (0.3949)	Prec@1 87.500 (87.010)	Prec@5 99.219 (99.602)
Epoch: [141][60/391], lr: 0.01000	Loss 0.2906 (0.3881)	Prec@1 91.406 (87.257)	Prec@5 100.000 (99.616)
Epoch: [141][70/391], lr: 0.01000	Loss 0.5169 (0.3893)	Prec@1 83.594 (87.181)	Prec@5 100.000 (99.615)
Epoch: [141][80/391], lr: 0.01000	Loss 0.3343 (0.3892)	Prec@1 89.844 (87.095)	Prec@5 100.000 (99.624)
Epoch: [141][90/391], lr: 0.01000	Loss 0.2743 (0.3846)	Prec@1 90.625 (87.191)	Prec@5 100.000 (99.639)
Epoch: [141][100/391], lr: 0.01000	Loss 0.3513 (0.3788)	Prec@1 87.500 (87.415)	Prec@5 98.438 (99.636)
Epoch: [141][110/391], lr: 0.01000	Loss 0.3651 (0.3772)	Prec@1 90.625 (87.500)	Prec@5 99.219 (99.620)
Epoch: [141][120/391], lr: 0.01000	Loss 0.3848 (0.3783)	Prec@1 84.375 (87.487)	Prec@5 99.219 (99.600)
Epoch: [141][130/391], lr: 0.01000	Loss 0.4524 (0.3774)	Prec@1 82.031 (87.536)	Prec@5 99.219 (99.600)
Epoch: [141][140/391], lr: 0.01000	Loss 0.2493 (0.3713)	Prec@1 92.969 (87.711)	Prec@5 100.000 (99.607)
Epoch: [141][150/391], lr: 0.01000	Loss 0.4073 (0.3695)	Prec@1 85.156 (87.779)	Prec@5 100.000 (99.617)
Epoch: [141][160/391], lr: 0.01000	Loss 0.2627 (0.3665)	Prec@1 92.188 (87.845)	Prec@5 100.000 (99.617)
Epoch: [141][170/391], lr: 0.01000	Loss 0.3771 (0.3637)	Prec@1 90.625 (88.003)	Prec@5 99.219 (99.625)
Epoch: [141][180/391], lr: 0.01000	Loss 0.3850 (0.3651)	Prec@1 86.719 (87.958)	Prec@5 99.219 (99.620)
Epoch: [141][190/391], lr: 0.01000	Loss 0.3984 (0.3649)	Prec@1 85.156 (87.987)	Prec@5 99.219 (99.611)
Epoch: [141][200/391], lr: 0.01000	Loss 0.5173 (0.3665)	Prec@1 83.594 (87.939)	Prec@5 99.219 (99.607)
Epoch: [141][210/391], lr: 0.01000	Loss 0.2695 (0.3670)	Prec@1 91.406 (87.970)	Prec@5 100.000 (99.600)
Epoch: [141][220/391], lr: 0.01000	Loss 0.3390 (0.3646)	Prec@1 85.938 (88.037)	Prec@5 100.000 (99.618)
Epoch: [141][230/391], lr: 0.01000	Loss 0.3435 (0.3629)	Prec@1 89.844 (88.102)	Prec@5 100.000 (99.625)
Epoch: [141][240/391], lr: 0.01000	Loss 0.3775 (0.3626)	Prec@1 85.938 (88.100)	Prec@5 100.000 (99.627)
Epoch: [141][250/391], lr: 0.01000	Loss 0.1782 (0.3625)	Prec@1 93.750 (88.066)	Prec@5 100.000 (99.636)
Epoch: [141][260/391], lr: 0.01000	Loss 0.6435 (0.3647)	Prec@1 77.344 (87.988)	Prec@5 100.000 (99.635)
Epoch: [141][270/391], lr: 0.01000	Loss 0.3927 (0.3664)	Prec@1 89.844 (87.906)	Prec@5 100.000 (99.631)
Epoch: [141][280/391], lr: 0.01000	Loss 0.2936 (0.3661)	Prec@1 91.406 (87.903)	Prec@5 99.219 (99.625)
Epoch: [141][290/391], lr: 0.01000	Loss 0.3647 (0.3672)	Prec@1 83.594 (87.865)	Prec@5 100.000 (99.624)
Epoch: [141][300/391], lr: 0.01000	Loss 0.6619 (0.3689)	Prec@1 78.906 (87.809)	Prec@5 97.656 (99.618)
Epoch: [141][310/391], lr: 0.01000	Loss 0.3865 (0.3712)	Prec@1 86.719 (87.749)	Prec@5 98.438 (99.616)
Epoch: [141][320/391], lr: 0.01000	Loss 0.4839 (0.3725)	Prec@1 82.812 (87.678)	Prec@5 98.438 (99.613)
Epoch: [141][330/391], lr: 0.01000	Loss 0.4477 (0.3727)	Prec@1 85.156 (87.682)	Prec@5 100.000 (99.615)
Epoch: [141][340/391], lr: 0.01000	Loss 0.3698 (0.3728)	Prec@1 86.719 (87.688)	Prec@5 100.000 (99.613)
Epoch: [141][350/391], lr: 0.01000	Loss 0.3682 (0.3737)	Prec@1 86.719 (87.685)	Prec@5 99.219 (99.610)
Epoch: [141][360/391], lr: 0.01000	Loss 0.3181 (0.3746)	Prec@1 90.625 (87.667)	Prec@5 99.219 (99.610)
Epoch: [141][370/391], lr: 0.01000	Loss 0.3383 (0.3745)	Prec@1 88.281 (87.658)	Prec@5 100.000 (99.615)
Epoch: [141][380/391], lr: 0.01000	Loss 0.3389 (0.3754)	Prec@1 86.719 (87.611)	Prec@5 100.000 (99.619)
Epoch: [141][390/391], lr: 0.01000	Loss 0.5067 (0.3766)	Prec@1 82.500 (87.572)	Prec@5 100.000 (99.618)
Epoch [141] Training Results: Prec@1 87.572 Prec@5 99.618             Loss 0.37661
Epoch [141] Training Class Recall: [0.756,0.830,0.827,0.855,0.886,0.907,0.913,0.911,0.932,0.939]

Epoch: [142][0/391], lr: 0.01000	Loss 0.4495 (0.4495)	Prec@1 83.594 (83.594)	Prec@5 99.219 (99.219)
Epoch: [142][10/391], lr: 0.01000	Loss 0.3496 (0.3760)	Prec@1 89.062 (87.855)	Prec@5 100.000 (99.716)
Epoch: [142][20/391], lr: 0.01000	Loss 0.4079 (0.3809)	Prec@1 84.375 (87.574)	Prec@5 99.219 (99.702)
Epoch: [142][30/391], lr: 0.01000	Loss 0.2883 (0.3616)	Prec@1 90.625 (88.105)	Prec@5 99.219 (99.698)
Epoch: [142][40/391], lr: 0.01000	Loss 0.3342 (0.3542)	Prec@1 89.844 (88.262)	Prec@5 98.438 (99.619)
Epoch: [142][50/391], lr: 0.01000	Loss 0.3112 (0.3496)	Prec@1 88.281 (88.343)	Prec@5 98.438 (99.617)
Epoch: [142][60/391], lr: 0.01000	Loss 0.2936 (0.3532)	Prec@1 90.625 (88.281)	Prec@5 100.000 (99.616)
Epoch: [142][70/391], lr: 0.01000	Loss 0.3185 (0.3497)	Prec@1 88.281 (88.369)	Prec@5 100.000 (99.637)
Epoch: [142][80/391], lr: 0.01000	Loss 0.2520 (0.3470)	Prec@1 91.406 (88.445)	Prec@5 100.000 (99.662)
Epoch: [142][90/391], lr: 0.01000	Loss 0.4546 (0.3473)	Prec@1 82.031 (88.298)	Prec@5 100.000 (99.674)
Epoch: [142][100/391], lr: 0.01000	Loss 0.3990 (0.3490)	Prec@1 85.156 (88.212)	Prec@5 100.000 (99.683)
Epoch: [142][110/391], lr: 0.01000	Loss 0.4056 (0.3525)	Prec@1 82.812 (88.091)	Prec@5 100.000 (99.690)
Epoch: [142][120/391], lr: 0.01000	Loss 0.3594 (0.3545)	Prec@1 85.938 (88.004)	Prec@5 100.000 (99.703)
Epoch: [142][130/391], lr: 0.01000	Loss 0.3931 (0.3532)	Prec@1 88.281 (88.084)	Prec@5 99.219 (99.702)
Epoch: [142][140/391], lr: 0.01000	Loss 0.5325 (0.3550)	Prec@1 81.250 (88.071)	Prec@5 100.000 (99.695)
Epoch: [142][150/391], lr: 0.01000	Loss 0.3872 (0.3577)	Prec@1 86.719 (87.914)	Prec@5 100.000 (99.700)
Epoch: [142][160/391], lr: 0.01000	Loss 0.2470 (0.3589)	Prec@1 92.969 (87.903)	Prec@5 100.000 (99.694)
Epoch: [142][170/391], lr: 0.01000	Loss 0.4938 (0.3652)	Prec@1 85.156 (87.742)	Prec@5 99.219 (99.648)
Epoch: [142][180/391], lr: 0.01000	Loss 0.3500 (0.3684)	Prec@1 88.281 (87.677)	Prec@5 99.219 (99.650)
Epoch: [142][190/391], lr: 0.01000	Loss 0.5282 (0.3700)	Prec@1 81.250 (87.582)	Prec@5 99.219 (99.652)
Epoch: [142][200/391], lr: 0.01000	Loss 0.4409 (0.3715)	Prec@1 85.938 (87.539)	Prec@5 100.000 (99.646)
Epoch: [142][210/391], lr: 0.01000	Loss 0.3489 (0.3715)	Prec@1 88.281 (87.485)	Prec@5 100.000 (99.656)
Epoch: [142][220/391], lr: 0.01000	Loss 0.4873 (0.3747)	Prec@1 83.594 (87.397)	Prec@5 100.000 (99.661)
Epoch: [142][230/391], lr: 0.01000	Loss 0.4263 (0.3771)	Prec@1 85.938 (87.321)	Prec@5 98.438 (99.662)
Epoch: [142][240/391], lr: 0.01000	Loss 0.4050 (0.3778)	Prec@1 85.156 (87.299)	Prec@5 99.219 (99.666)
Epoch: [142][250/391], lr: 0.01000	Loss 0.3828 (0.3780)	Prec@1 82.812 (87.291)	Prec@5 100.000 (99.648)
Epoch: [142][260/391], lr: 0.01000	Loss 0.3754 (0.3794)	Prec@1 85.938 (87.243)	Prec@5 100.000 (99.653)
Epoch: [142][270/391], lr: 0.01000	Loss 0.3875 (0.3801)	Prec@1 85.938 (87.212)	Prec@5 100.000 (99.651)
Epoch: [142][280/391], lr: 0.01000	Loss 0.3857 (0.3807)	Prec@1 86.719 (87.211)	Prec@5 99.219 (99.652)
Epoch: [142][290/391], lr: 0.01000	Loss 0.3222 (0.3817)	Prec@1 88.281 (87.191)	Prec@5 100.000 (99.656)
Epoch: [142][300/391], lr: 0.01000	Loss 0.4457 (0.3826)	Prec@1 85.938 (87.160)	Prec@5 96.875 (99.642)
Epoch: [142][310/391], lr: 0.01000	Loss 0.2767 (0.3826)	Prec@1 92.969 (87.163)	Prec@5 100.000 (99.643)
Epoch: [142][320/391], lr: 0.01000	Loss 0.3986 (0.3831)	Prec@1 85.938 (87.140)	Prec@5 100.000 (99.637)
Epoch: [142][330/391], lr: 0.01000	Loss 0.4807 (0.3834)	Prec@1 82.812 (87.167)	Prec@5 100.000 (99.641)
Epoch: [142][340/391], lr: 0.01000	Loss 0.3113 (0.3825)	Prec@1 86.719 (87.204)	Prec@5 99.219 (99.643)
Epoch: [142][350/391], lr: 0.01000	Loss 0.2493 (0.3816)	Prec@1 89.844 (87.226)	Prec@5 100.000 (99.637)
Epoch: [142][360/391], lr: 0.01000	Loss 0.2568 (0.3819)	Prec@1 92.188 (87.221)	Prec@5 100.000 (99.645)
Epoch: [142][370/391], lr: 0.01000	Loss 0.3669 (0.3823)	Prec@1 89.062 (87.212)	Prec@5 100.000 (99.640)
Epoch: [142][380/391], lr: 0.01000	Loss 0.3227 (0.3818)	Prec@1 87.500 (87.207)	Prec@5 100.000 (99.645)
Epoch: [142][390/391], lr: 0.01000	Loss 0.3993 (0.3821)	Prec@1 88.750 (87.212)	Prec@5 100.000 (99.648)
Epoch [142] Training Results: Prec@1 87.212 Prec@5 99.648             Loss 0.38206
Epoch [142] Training Class Recall: [0.746,0.824,0.825,0.852,0.886,0.893,0.914,0.918,0.926,0.936]

Epoch: [143][0/391], lr: 0.01000	Loss 0.3935 (0.3935)	Prec@1 88.281 (88.281)	Prec@5 98.438 (98.438)
Epoch: [143][10/391], lr: 0.01000	Loss 0.3265 (0.3754)	Prec@1 91.406 (87.500)	Prec@5 100.000 (99.574)
Epoch: [143][20/391], lr: 0.01000	Loss 0.2975 (0.3723)	Prec@1 92.188 (87.946)	Prec@5 100.000 (99.591)
Epoch: [143][30/391], lr: 0.01000	Loss 0.3128 (0.3698)	Prec@1 92.969 (87.878)	Prec@5 100.000 (99.723)
Epoch: [143][40/391], lr: 0.01000	Loss 0.3727 (0.3776)	Prec@1 88.281 (87.538)	Prec@5 100.000 (99.714)
Epoch: [143][50/391], lr: 0.01000	Loss 0.3360 (0.3773)	Prec@1 88.281 (87.546)	Prec@5 100.000 (99.694)
Epoch: [143][60/391], lr: 0.01000	Loss 0.4162 (0.3795)	Prec@1 84.375 (87.551)	Prec@5 100.000 (99.667)
Epoch: [143][70/391], lr: 0.01000	Loss 0.3116 (0.3724)	Prec@1 91.406 (87.830)	Prec@5 100.000 (99.659)
Epoch: [143][80/391], lr: 0.01000	Loss 0.2698 (0.3701)	Prec@1 91.406 (87.867)	Prec@5 99.219 (99.662)
Epoch: [143][90/391], lr: 0.01000	Loss 0.2875 (0.3654)	Prec@1 91.406 (87.989)	Prec@5 100.000 (99.665)
Epoch: [143][100/391], lr: 0.01000	Loss 0.3609 (0.3651)	Prec@1 88.281 (88.018)	Prec@5 100.000 (99.667)
Epoch: [143][110/391], lr: 0.01000	Loss 0.3278 (0.3612)	Prec@1 91.406 (88.190)	Prec@5 99.219 (99.648)
Epoch: [143][120/391], lr: 0.01000	Loss 0.4432 (0.3599)	Prec@1 84.375 (88.262)	Prec@5 99.219 (99.658)
Epoch: [143][130/391], lr: 0.01000	Loss 0.5727 (0.3662)	Prec@1 78.125 (87.989)	Prec@5 100.000 (99.630)
Epoch: [143][140/391], lr: 0.01000	Loss 0.3704 (0.3667)	Prec@1 89.062 (88.004)	Prec@5 100.000 (99.629)
Epoch: [143][150/391], lr: 0.01000	Loss 0.3632 (0.3689)	Prec@1 86.719 (87.867)	Prec@5 99.219 (99.633)
Epoch: [143][160/391], lr: 0.01000	Loss 0.3353 (0.3718)	Prec@1 89.844 (87.781)	Prec@5 100.000 (99.641)
Epoch: [143][170/391], lr: 0.01000	Loss 0.2993 (0.3736)	Prec@1 90.625 (87.756)	Prec@5 100.000 (99.644)
Epoch: [143][180/391], lr: 0.01000	Loss 0.4235 (0.3770)	Prec@1 83.594 (87.608)	Prec@5 98.438 (99.633)
Epoch: [143][190/391], lr: 0.01000	Loss 0.3565 (0.3774)	Prec@1 89.062 (87.582)	Prec@5 100.000 (99.628)
Epoch: [143][200/391], lr: 0.01000	Loss 0.3137 (0.3776)	Prec@1 89.844 (87.558)	Prec@5 100.000 (99.635)
Epoch: [143][210/391], lr: 0.01000	Loss 0.3265 (0.3784)	Prec@1 89.062 (87.541)	Prec@5 100.000 (99.630)
Epoch: [143][220/391], lr: 0.01000	Loss 0.4055 (0.3785)	Prec@1 87.500 (87.528)	Prec@5 99.219 (99.618)
Epoch: [143][230/391], lr: 0.01000	Loss 0.3798 (0.3802)	Prec@1 88.281 (87.453)	Prec@5 100.000 (99.625)
Epoch: [143][240/391], lr: 0.01000	Loss 0.2750 (0.3804)	Prec@1 91.406 (87.455)	Prec@5 99.219 (99.611)
Epoch: [143][250/391], lr: 0.01000	Loss 0.5090 (0.3807)	Prec@1 79.688 (87.397)	Prec@5 100.000 (99.611)
Epoch: [143][260/391], lr: 0.01000	Loss 0.3706 (0.3809)	Prec@1 85.156 (87.344)	Prec@5 99.219 (99.611)
Epoch: [143][270/391], lr: 0.01000	Loss 0.2694 (0.3822)	Prec@1 92.188 (87.298)	Prec@5 100.000 (99.608)
Epoch: [143][280/391], lr: 0.01000	Loss 0.3632 (0.3834)	Prec@1 86.719 (87.275)	Prec@5 99.219 (99.616)
Epoch: [143][290/391], lr: 0.01000	Loss 0.3501 (0.3836)	Prec@1 87.500 (87.261)	Prec@5 100.000 (99.613)
Epoch: [143][300/391], lr: 0.01000	Loss 0.3070 (0.3841)	Prec@1 89.844 (87.235)	Prec@5 100.000 (99.616)
Epoch: [143][310/391], lr: 0.01000	Loss 0.4243 (0.3849)	Prec@1 85.938 (87.214)	Prec@5 99.219 (99.611)
Epoch: [143][320/391], lr: 0.01000	Loss 0.3170 (0.3861)	Prec@1 89.062 (87.174)	Prec@5 100.000 (99.611)
Epoch: [143][330/391], lr: 0.01000	Loss 0.2925 (0.3866)	Prec@1 92.188 (87.144)	Prec@5 100.000 (99.608)
Epoch: [143][340/391], lr: 0.01000	Loss 0.4451 (0.3866)	Prec@1 86.719 (87.156)	Prec@5 98.438 (99.615)
Epoch: [143][350/391], lr: 0.01000	Loss 0.3796 (0.3870)	Prec@1 87.500 (87.151)	Prec@5 99.219 (99.610)
Epoch: [143][360/391], lr: 0.01000	Loss 0.3840 (0.3873)	Prec@1 82.812 (87.132)	Prec@5 100.000 (99.615)
Epoch: [143][370/391], lr: 0.01000	Loss 0.3574 (0.3871)	Prec@1 85.938 (87.125)	Prec@5 100.000 (99.625)
Epoch: [143][380/391], lr: 0.01000	Loss 0.2960 (0.3864)	Prec@1 86.719 (87.149)	Prec@5 100.000 (99.635)
Epoch: [143][390/391], lr: 0.01000	Loss 0.5482 (0.3866)	Prec@1 85.000 (87.138)	Prec@5 100.000 (99.634)
Epoch [143] Training Results: Prec@1 87.138 Prec@5 99.634             Loss 0.38660
Epoch [143] Training Class Recall: [0.754,0.831,0.818,0.850,0.882,0.896,0.914,0.908,0.930,0.931]

Epoch: [144][0/391], lr: 0.01000	Loss 0.1956 (0.1956)	Prec@1 92.969 (92.969)	Prec@5 100.000 (100.000)
Epoch: [144][10/391], lr: 0.01000	Loss 0.3740 (0.3869)	Prec@1 88.281 (86.861)	Prec@5 99.219 (99.645)
Epoch: [144][20/391], lr: 0.01000	Loss 0.3583 (0.3832)	Prec@1 88.281 (86.756)	Prec@5 98.438 (99.628)
Epoch: [144][30/391], lr: 0.01000	Loss 0.3801 (0.3867)	Prec@1 88.281 (86.568)	Prec@5 100.000 (99.647)
Epoch: [144][40/391], lr: 0.01000	Loss 0.3694 (0.3810)	Prec@1 87.500 (86.986)	Prec@5 100.000 (99.638)
Epoch: [144][50/391], lr: 0.01000	Loss 0.3172 (0.3795)	Prec@1 89.844 (87.224)	Prec@5 100.000 (99.571)
Epoch: [144][60/391], lr: 0.01000	Loss 0.2724 (0.3703)	Prec@1 91.406 (87.449)	Prec@5 100.000 (99.603)
Epoch: [144][70/391], lr: 0.01000	Loss 0.4557 (0.3777)	Prec@1 83.594 (87.236)	Prec@5 100.000 (99.637)
Epoch: [144][80/391], lr: 0.01000	Loss 0.4763 (0.3738)	Prec@1 86.719 (87.384)	Prec@5 98.438 (99.624)
Epoch: [144][90/391], lr: 0.01000	Loss 0.4618 (0.3730)	Prec@1 84.375 (87.397)	Prec@5 99.219 (99.605)
Epoch: [144][100/391], lr: 0.01000	Loss 0.3217 (0.3706)	Prec@1 89.062 (87.500)	Prec@5 98.438 (99.598)
Epoch: [144][110/391], lr: 0.01000	Loss 0.2002 (0.3724)	Prec@1 94.531 (87.479)	Prec@5 100.000 (99.564)
Epoch: [144][120/391], lr: 0.01000	Loss 0.2622 (0.3721)	Prec@1 89.844 (87.448)	Prec@5 100.000 (99.580)
Epoch: [144][130/391], lr: 0.01000	Loss 0.4184 (0.3747)	Prec@1 87.500 (87.375)	Prec@5 100.000 (99.606)
Epoch: [144][140/391], lr: 0.01000	Loss 0.3112 (0.3768)	Prec@1 91.406 (87.345)	Prec@5 100.000 (99.590)
Epoch: [144][150/391], lr: 0.01000	Loss 0.2282 (0.3775)	Prec@1 91.406 (87.319)	Prec@5 100.000 (99.596)
Epoch: [144][160/391], lr: 0.01000	Loss 0.3245 (0.3786)	Prec@1 89.844 (87.238)	Prec@5 99.219 (99.607)
Epoch: [144][170/391], lr: 0.01000	Loss 0.3207 (0.3792)	Prec@1 89.062 (87.208)	Prec@5 100.000 (99.616)
Epoch: [144][180/391], lr: 0.01000	Loss 0.3816 (0.3792)	Prec@1 86.719 (87.219)	Prec@5 99.219 (99.616)
Epoch: [144][190/391], lr: 0.01000	Loss 0.3931 (0.3795)	Prec@1 85.938 (87.222)	Prec@5 99.219 (99.603)
Epoch: [144][200/391], lr: 0.01000	Loss 0.5172 (0.3839)	Prec@1 82.812 (87.131)	Prec@5 99.219 (99.596)
Epoch: [144][210/391], lr: 0.01000	Loss 0.4205 (0.3874)	Prec@1 85.938 (87.067)	Prec@5 98.438 (99.585)
Epoch: [144][220/391], lr: 0.01000	Loss 0.3363 (0.3891)	Prec@1 88.281 (87.005)	Prec@5 100.000 (99.590)
Epoch: [144][230/391], lr: 0.01000	Loss 0.3194 (0.3896)	Prec@1 89.844 (86.993)	Prec@5 99.219 (99.587)
Epoch: [144][240/391], lr: 0.01000	Loss 0.3610 (0.3902)	Prec@1 89.062 (86.975)	Prec@5 98.438 (99.595)
Epoch: [144][250/391], lr: 0.01000	Loss 0.3256 (0.3908)	Prec@1 90.625 (86.909)	Prec@5 99.219 (99.592)
Epoch: [144][260/391], lr: 0.01000	Loss 0.3375 (0.3885)	Prec@1 87.500 (86.988)	Prec@5 99.219 (99.599)
Epoch: [144][270/391], lr: 0.01000	Loss 0.4739 (0.3886)	Prec@1 82.812 (86.961)	Prec@5 100.000 (99.605)
Epoch: [144][280/391], lr: 0.01000	Loss 0.3931 (0.3887)	Prec@1 87.500 (86.977)	Prec@5 100.000 (99.600)
Epoch: [144][290/391], lr: 0.01000	Loss 0.3493 (0.3891)	Prec@1 89.844 (86.982)	Prec@5 99.219 (99.597)
Epoch: [144][300/391], lr: 0.01000	Loss 0.5188 (0.3900)	Prec@1 84.375 (86.981)	Prec@5 98.438 (99.598)
Epoch: [144][310/391], lr: 0.01000	Loss 0.4056 (0.3884)	Prec@1 86.719 (87.050)	Prec@5 100.000 (99.608)
Epoch: [144][320/391], lr: 0.01000	Loss 0.4076 (0.3876)	Prec@1 82.812 (87.064)	Prec@5 100.000 (99.613)
Epoch: [144][330/391], lr: 0.01000	Loss 0.2946 (0.3871)	Prec@1 90.625 (87.101)	Prec@5 100.000 (99.625)
Epoch: [144][340/391], lr: 0.01000	Loss 0.3526 (0.3858)	Prec@1 87.500 (87.133)	Prec@5 100.000 (99.633)
Epoch: [144][350/391], lr: 0.01000	Loss 0.2466 (0.3848)	Prec@1 92.188 (87.166)	Prec@5 100.000 (99.635)
Epoch: [144][360/391], lr: 0.01000	Loss 0.3133 (0.3838)	Prec@1 90.625 (87.206)	Prec@5 100.000 (99.639)
Epoch: [144][370/391], lr: 0.01000	Loss 0.5245 (0.3840)	Prec@1 83.594 (87.201)	Prec@5 99.219 (99.642)
Epoch: [144][380/391], lr: 0.01000	Loss 0.3372 (0.3841)	Prec@1 88.281 (87.207)	Prec@5 99.219 (99.639)
Epoch: [144][390/391], lr: 0.01000	Loss 0.3654 (0.3847)	Prec@1 86.250 (87.192)	Prec@5 100.000 (99.640)
Epoch [144] Training Results: Prec@1 87.192 Prec@5 99.640             Loss 0.38465
Epoch [144] Training Class Recall: [0.750,0.830,0.813,0.850,0.890,0.901,0.912,0.912,0.929,0.933]

Epoch: [145][0/391], lr: 0.01000	Loss 0.4772 (0.4772)	Prec@1 88.281 (88.281)	Prec@5 100.000 (100.000)
Epoch: [145][10/391], lr: 0.01000	Loss 0.3899 (0.3755)	Prec@1 86.719 (88.281)	Prec@5 100.000 (99.645)
Epoch: [145][20/391], lr: 0.01000	Loss 0.3290 (0.3568)	Prec@1 89.844 (88.356)	Prec@5 99.219 (99.702)
Epoch: [145][30/391], lr: 0.01000	Loss 0.3684 (0.3540)	Prec@1 88.281 (88.180)	Prec@5 100.000 (99.748)
Epoch: [145][40/391], lr: 0.01000	Loss 0.4224 (0.3675)	Prec@1 87.500 (87.957)	Prec@5 100.000 (99.714)
Epoch: [145][50/391], lr: 0.01000	Loss 0.4670 (0.3757)	Prec@1 89.062 (87.653)	Prec@5 99.219 (99.678)
Epoch: [145][60/391], lr: 0.01000	Loss 0.4976 (0.3761)	Prec@1 86.719 (87.564)	Prec@5 100.000 (99.680)
Epoch: [145][70/391], lr: 0.01000	Loss 0.4512 (0.3727)	Prec@1 85.938 (87.709)	Prec@5 100.000 (99.681)
Epoch: [145][80/391], lr: 0.01000	Loss 0.3264 (0.3681)	Prec@1 86.719 (87.751)	Prec@5 100.000 (99.720)
Epoch: [145][90/391], lr: 0.01000	Loss 0.4744 (0.3673)	Prec@1 82.812 (87.758)	Prec@5 99.219 (99.708)
Epoch: [145][100/391], lr: 0.01000	Loss 0.4325 (0.3631)	Prec@1 87.500 (87.980)	Prec@5 99.219 (99.722)
Epoch: [145][110/391], lr: 0.01000	Loss 0.3478 (0.3709)	Prec@1 88.281 (87.782)	Prec@5 100.000 (99.697)
Epoch: [145][120/391], lr: 0.01000	Loss 0.4570 (0.3754)	Prec@1 85.156 (87.526)	Prec@5 100.000 (99.703)
Epoch: [145][130/391], lr: 0.01000	Loss 0.4496 (0.3744)	Prec@1 85.156 (87.578)	Prec@5 99.219 (99.702)
Epoch: [145][140/391], lr: 0.01000	Loss 0.4280 (0.3767)	Prec@1 85.156 (87.578)	Prec@5 100.000 (99.673)
Epoch: [145][150/391], lr: 0.01000	Loss 0.3638 (0.3778)	Prec@1 86.719 (87.557)	Prec@5 100.000 (99.664)
Epoch: [145][160/391], lr: 0.01000	Loss 0.2718 (0.3778)	Prec@1 91.406 (87.510)	Prec@5 100.000 (99.660)
Epoch: [145][170/391], lr: 0.01000	Loss 0.3939 (0.3815)	Prec@1 84.375 (87.331)	Prec@5 99.219 (99.635)
Epoch: [145][180/391], lr: 0.01000	Loss 0.3418 (0.3815)	Prec@1 87.500 (87.297)	Prec@5 100.000 (99.637)
Epoch: [145][190/391], lr: 0.01000	Loss 0.4830 (0.3851)	Prec@1 82.031 (87.189)	Prec@5 100.000 (99.644)
Epoch: [145][200/391], lr: 0.01000	Loss 0.3328 (0.3858)	Prec@1 91.406 (87.220)	Prec@5 100.000 (99.639)
Epoch: [145][210/391], lr: 0.01000	Loss 0.2313 (0.3823)	Prec@1 91.406 (87.337)	Prec@5 100.000 (99.637)
Epoch: [145][220/391], lr: 0.01000	Loss 0.4460 (0.3799)	Prec@1 89.062 (87.447)	Prec@5 99.219 (99.632)
Epoch: [145][230/391], lr: 0.01000	Loss 0.3049 (0.3788)	Prec@1 89.844 (87.439)	Prec@5 100.000 (99.631)
Epoch: [145][240/391], lr: 0.01000	Loss 0.2147 (0.3766)	Prec@1 92.969 (87.519)	Prec@5 100.000 (99.630)
Epoch: [145][250/391], lr: 0.01000	Loss 0.3225 (0.3774)	Prec@1 85.938 (87.463)	Prec@5 100.000 (99.620)
Epoch: [145][260/391], lr: 0.01000	Loss 0.4339 (0.3774)	Prec@1 83.594 (87.446)	Prec@5 100.000 (99.629)
Epoch: [145][270/391], lr: 0.01000	Loss 0.4931 (0.3795)	Prec@1 85.938 (87.388)	Prec@5 99.219 (99.622)
Epoch: [145][280/391], lr: 0.01000	Loss 0.3608 (0.3811)	Prec@1 87.500 (87.317)	Prec@5 99.219 (99.622)
Epoch: [145][290/391], lr: 0.01000	Loss 0.4929 (0.3847)	Prec@1 80.469 (87.210)	Prec@5 99.219 (99.619)
Epoch: [145][300/391], lr: 0.01000	Loss 0.3781 (0.3869)	Prec@1 85.938 (87.124)	Prec@5 100.000 (99.616)
Epoch: [145][310/391], lr: 0.01000	Loss 0.3684 (0.3879)	Prec@1 88.281 (87.070)	Prec@5 99.219 (99.613)
Epoch: [145][320/391], lr: 0.01000	Loss 0.4060 (0.3883)	Prec@1 84.375 (87.001)	Prec@5 100.000 (99.615)
Epoch: [145][330/391], lr: 0.01000	Loss 0.4051 (0.3900)	Prec@1 82.031 (86.948)	Prec@5 100.000 (99.613)
Epoch: [145][340/391], lr: 0.01000	Loss 0.4329 (0.3905)	Prec@1 85.938 (86.918)	Prec@5 100.000 (99.615)
Epoch: [145][350/391], lr: 0.01000	Loss 0.4131 (0.3903)	Prec@1 85.156 (86.915)	Prec@5 99.219 (99.617)
Epoch: [145][360/391], lr: 0.01000	Loss 0.3684 (0.3901)	Prec@1 85.938 (86.907)	Prec@5 100.000 (99.626)
Epoch: [145][370/391], lr: 0.01000	Loss 0.5019 (0.3912)	Prec@1 88.281 (86.881)	Prec@5 99.219 (99.617)
Epoch: [145][380/391], lr: 0.01000	Loss 0.3239 (0.3902)	Prec@1 90.625 (86.914)	Prec@5 100.000 (99.619)
Epoch: [145][390/391], lr: 0.01000	Loss 0.7293 (0.3909)	Prec@1 75.000 (86.914)	Prec@5 98.750 (99.614)
Epoch [145] Training Results: Prec@1 86.914 Prec@5 99.614             Loss 0.39085
Epoch [145] Training Class Recall: [0.749,0.820,0.812,0.856,0.879,0.901,0.907,0.909,0.931,0.929]

Epoch: [146][0/391], lr: 0.01000	Loss 0.3274 (0.3274)	Prec@1 92.188 (92.188)	Prec@5 100.000 (100.000)
Epoch: [146][10/391], lr: 0.01000	Loss 0.3886 (0.3453)	Prec@1 88.281 (87.997)	Prec@5 98.438 (99.787)
Epoch: [146][20/391], lr: 0.01000	Loss 0.2778 (0.3743)	Prec@1 89.844 (87.202)	Prec@5 100.000 (99.740)
Epoch: [146][30/391], lr: 0.01000	Loss 0.4616 (0.3781)	Prec@1 84.375 (87.172)	Prec@5 100.000 (99.748)
Epoch: [146][40/391], lr: 0.01000	Loss 0.4508 (0.3664)	Prec@1 83.594 (87.557)	Prec@5 100.000 (99.733)
Epoch: [146][50/391], lr: 0.01000	Loss 0.2479 (0.3551)	Prec@1 92.969 (87.975)	Prec@5 100.000 (99.724)
Epoch: [146][60/391], lr: 0.01000	Loss 0.3633 (0.3501)	Prec@1 90.625 (88.358)	Prec@5 100.000 (99.705)
Epoch: [146][70/391], lr: 0.01000	Loss 0.3325 (0.3488)	Prec@1 89.844 (88.413)	Prec@5 100.000 (99.714)
Epoch: [146][80/391], lr: 0.01000	Loss 0.2918 (0.3430)	Prec@1 92.188 (88.715)	Prec@5 100.000 (99.730)
Epoch: [146][90/391], lr: 0.01000	Loss 0.3636 (0.3418)	Prec@1 88.281 (88.719)	Prec@5 99.219 (99.725)
Epoch: [146][100/391], lr: 0.01000	Loss 0.2652 (0.3383)	Prec@1 92.969 (88.815)	Prec@5 100.000 (99.745)
Epoch: [146][110/391], lr: 0.01000	Loss 0.4445 (0.3381)	Prec@1 84.375 (88.802)	Prec@5 99.219 (99.726)
Epoch: [146][120/391], lr: 0.01000	Loss 0.3619 (0.3392)	Prec@1 88.281 (88.765)	Prec@5 100.000 (99.716)
Epoch: [146][130/391], lr: 0.01000	Loss 0.3440 (0.3425)	Prec@1 85.938 (88.615)	Prec@5 100.000 (99.714)
Epoch: [146][140/391], lr: 0.01000	Loss 0.4419 (0.3461)	Prec@1 83.594 (88.520)	Prec@5 99.219 (99.712)
Epoch: [146][150/391], lr: 0.01000	Loss 0.4449 (0.3465)	Prec@1 86.719 (88.447)	Prec@5 98.438 (99.700)
Epoch: [146][160/391], lr: 0.01000	Loss 0.4242 (0.3496)	Prec@1 84.375 (88.335)	Prec@5 99.219 (99.699)
Epoch: [146][170/391], lr: 0.01000	Loss 0.3884 (0.3539)	Prec@1 88.281 (88.226)	Prec@5 100.000 (99.671)
Epoch: [146][180/391], lr: 0.01000	Loss 0.3075 (0.3573)	Prec@1 90.625 (88.186)	Prec@5 100.000 (99.650)
Epoch: [146][190/391], lr: 0.01000	Loss 0.4431 (0.3610)	Prec@1 81.250 (88.019)	Prec@5 99.219 (99.644)
Epoch: [146][200/391], lr: 0.01000	Loss 0.4966 (0.3647)	Prec@1 86.719 (87.896)	Prec@5 99.219 (99.642)
Epoch: [146][210/391], lr: 0.01000	Loss 0.5972 (0.3707)	Prec@1 81.250 (87.663)	Prec@5 98.438 (99.615)
Epoch: [146][220/391], lr: 0.01000	Loss 0.5329 (0.3742)	Prec@1 84.375 (87.532)	Prec@5 99.219 (99.618)
Epoch: [146][230/391], lr: 0.01000	Loss 0.3359 (0.3754)	Prec@1 86.719 (87.520)	Prec@5 100.000 (99.625)
Epoch: [146][240/391], lr: 0.01000	Loss 0.5680 (0.3773)	Prec@1 80.469 (87.458)	Prec@5 100.000 (99.627)
Epoch: [146][250/391], lr: 0.01000	Loss 0.3824 (0.3775)	Prec@1 87.500 (87.450)	Prec@5 100.000 (99.630)
Epoch: [146][260/391], lr: 0.01000	Loss 0.2388 (0.3762)	Prec@1 94.531 (87.461)	Prec@5 100.000 (99.638)
Epoch: [146][270/391], lr: 0.01000	Loss 0.5070 (0.3771)	Prec@1 85.156 (87.463)	Prec@5 98.438 (99.634)
Epoch: [146][280/391], lr: 0.01000	Loss 0.4410 (0.3772)	Prec@1 86.719 (87.475)	Prec@5 98.438 (99.627)
Epoch: [146][290/391], lr: 0.01000	Loss 0.4331 (0.3777)	Prec@1 85.156 (87.500)	Prec@5 100.000 (99.621)
Epoch: [146][300/391], lr: 0.01000	Loss 0.3228 (0.3781)	Prec@1 87.500 (87.466)	Prec@5 100.000 (99.629)
Epoch: [146][310/391], lr: 0.01000	Loss 0.3645 (0.3787)	Prec@1 85.938 (87.432)	Prec@5 100.000 (99.628)
Epoch: [146][320/391], lr: 0.01000	Loss 0.4160 (0.3794)	Prec@1 84.375 (87.442)	Prec@5 100.000 (99.632)
Epoch: [146][330/391], lr: 0.01000	Loss 0.4039 (0.3794)	Prec@1 85.156 (87.427)	Prec@5 100.000 (99.634)
Epoch: [146][340/391], lr: 0.01000	Loss 0.3485 (0.3797)	Prec@1 88.281 (87.424)	Prec@5 100.000 (99.638)
Epoch: [146][350/391], lr: 0.01000	Loss 0.3026 (0.3784)	Prec@1 90.625 (87.464)	Prec@5 98.438 (99.637)
Epoch: [146][360/391], lr: 0.01000	Loss 0.4646 (0.3779)	Prec@1 85.938 (87.463)	Prec@5 100.000 (99.632)
Epoch: [146][370/391], lr: 0.01000	Loss 0.2641 (0.3776)	Prec@1 88.281 (87.458)	Prec@5 100.000 (99.631)
Epoch: [146][380/391], lr: 0.01000	Loss 0.3542 (0.3764)	Prec@1 87.500 (87.496)	Prec@5 100.000 (99.629)
Epoch: [146][390/391], lr: 0.01000	Loss 0.4393 (0.3765)	Prec@1 86.250 (87.500)	Prec@5 98.750 (99.626)
Epoch [146] Training Results: Prec@1 87.500 Prec@5 99.626             Loss 0.37646
Epoch [146] Training Class Recall: [0.745,0.832,0.823,0.859,0.885,0.905,0.920,0.912,0.932,0.938]

Epoch: [147][0/391], lr: 0.01000	Loss 0.3131 (0.3131)	Prec@1 88.281 (88.281)	Prec@5 100.000 (100.000)
Epoch: [147][10/391], lr: 0.01000	Loss 0.3127 (0.3347)	Prec@1 89.844 (89.134)	Prec@5 100.000 (99.787)
Epoch: [147][20/391], lr: 0.01000	Loss 0.2948 (0.3520)	Prec@1 92.969 (88.802)	Prec@5 100.000 (99.814)
Epoch: [147][30/391], lr: 0.01000	Loss 0.4821 (0.3655)	Prec@1 82.031 (88.180)	Prec@5 99.219 (99.773)
Epoch: [147][40/391], lr: 0.01000	Loss 0.2615 (0.3694)	Prec@1 92.969 (87.957)	Prec@5 100.000 (99.733)
Epoch: [147][50/391], lr: 0.01000	Loss 0.5687 (0.3672)	Prec@1 82.812 (87.883)	Prec@5 99.219 (99.709)
Epoch: [147][60/391], lr: 0.01000	Loss 0.2607 (0.3673)	Prec@1 89.844 (87.884)	Prec@5 100.000 (99.693)
Epoch: [147][70/391], lr: 0.01000	Loss 0.4228 (0.3659)	Prec@1 85.156 (87.808)	Prec@5 99.219 (99.703)
Epoch: [147][80/391], lr: 0.01000	Loss 0.4274 (0.3676)	Prec@1 85.156 (87.760)	Prec@5 100.000 (99.711)
Epoch: [147][90/391], lr: 0.01000	Loss 0.5021 (0.3729)	Prec@1 82.812 (87.474)	Prec@5 98.438 (99.657)
Epoch: [147][100/391], lr: 0.01000	Loss 0.2576 (0.3708)	Prec@1 91.406 (87.539)	Prec@5 100.000 (99.660)
Epoch: [147][110/391], lr: 0.01000	Loss 0.3798 (0.3716)	Prec@1 89.062 (87.549)	Prec@5 100.000 (99.655)
Epoch: [147][120/391], lr: 0.01000	Loss 0.3505 (0.3722)	Prec@1 89.844 (87.571)	Prec@5 99.219 (99.645)
Epoch: [147][130/391], lr: 0.01000	Loss 0.3663 (0.3727)	Prec@1 86.719 (87.482)	Prec@5 99.219 (99.642)
Epoch: [147][140/391], lr: 0.01000	Loss 0.3957 (0.3743)	Prec@1 83.594 (87.384)	Prec@5 100.000 (99.634)
Epoch: [147][150/391], lr: 0.01000	Loss 0.4123 (0.3749)	Prec@1 87.500 (87.386)	Prec@5 99.219 (99.638)
Epoch: [147][160/391], lr: 0.01000	Loss 0.3961 (0.3752)	Prec@1 88.281 (87.340)	Prec@5 100.000 (99.651)
Epoch: [147][170/391], lr: 0.01000	Loss 0.3498 (0.3759)	Prec@1 88.281 (87.317)	Prec@5 100.000 (99.657)
Epoch: [147][180/391], lr: 0.01000	Loss 0.3512 (0.3763)	Prec@1 88.281 (87.345)	Prec@5 99.219 (99.646)
Epoch: [147][190/391], lr: 0.01000	Loss 0.3394 (0.3764)	Prec@1 89.062 (87.295)	Prec@5 100.000 (99.665)
Epoch: [147][200/391], lr: 0.01000	Loss 0.3728 (0.3760)	Prec@1 86.719 (87.310)	Prec@5 100.000 (99.670)
Epoch: [147][210/391], lr: 0.01000	Loss 0.4330 (0.3770)	Prec@1 87.500 (87.289)	Prec@5 99.219 (99.670)
Epoch: [147][220/391], lr: 0.01000	Loss 0.4315 (0.3777)	Prec@1 84.375 (87.228)	Prec@5 100.000 (99.661)
Epoch: [147][230/391], lr: 0.01000	Loss 0.4482 (0.3781)	Prec@1 83.594 (87.223)	Prec@5 98.438 (99.665)
Epoch: [147][240/391], lr: 0.01000	Loss 0.3014 (0.3770)	Prec@1 89.062 (87.247)	Prec@5 100.000 (99.666)
Epoch: [147][250/391], lr: 0.01000	Loss 0.2903 (0.3767)	Prec@1 89.062 (87.282)	Prec@5 99.219 (99.661)
Epoch: [147][260/391], lr: 0.01000	Loss 0.3657 (0.3776)	Prec@1 85.938 (87.290)	Prec@5 99.219 (99.659)
Epoch: [147][270/391], lr: 0.01000	Loss 0.4827 (0.3783)	Prec@1 82.812 (87.264)	Prec@5 99.219 (99.651)
Epoch: [147][280/391], lr: 0.01000	Loss 0.4434 (0.3785)	Prec@1 88.281 (87.278)	Prec@5 99.219 (99.661)
Epoch: [147][290/391], lr: 0.01000	Loss 0.3448 (0.3781)	Prec@1 87.500 (87.307)	Prec@5 100.000 (99.662)
Epoch: [147][300/391], lr: 0.01000	Loss 0.5125 (0.3779)	Prec@1 85.156 (87.324)	Prec@5 100.000 (99.665)
Epoch: [147][310/391], lr: 0.01000	Loss 0.4002 (0.3786)	Prec@1 86.719 (87.291)	Prec@5 100.000 (99.658)
Epoch: [147][320/391], lr: 0.01000	Loss 0.2877 (0.3786)	Prec@1 90.625 (87.310)	Prec@5 100.000 (99.657)
Epoch: [147][330/391], lr: 0.01000	Loss 0.3522 (0.3782)	Prec@1 86.719 (87.342)	Prec@5 100.000 (99.655)
Epoch: [147][340/391], lr: 0.01000	Loss 0.3470 (0.3774)	Prec@1 86.719 (87.353)	Prec@5 99.219 (99.654)
Epoch: [147][350/391], lr: 0.01000	Loss 0.2948 (0.3772)	Prec@1 90.625 (87.375)	Prec@5 100.000 (99.653)
Epoch: [147][360/391], lr: 0.01000	Loss 0.3919 (0.3769)	Prec@1 85.938 (87.394)	Prec@5 100.000 (99.656)
Epoch: [147][370/391], lr: 0.01000	Loss 0.4240 (0.3769)	Prec@1 88.281 (87.403)	Prec@5 99.219 (99.650)
Epoch: [147][380/391], lr: 0.01000	Loss 0.3099 (0.3765)	Prec@1 90.625 (87.402)	Prec@5 100.000 (99.649)
Epoch: [147][390/391], lr: 0.01000	Loss 0.3564 (0.3764)	Prec@1 87.500 (87.410)	Prec@5 100.000 (99.654)
Epoch [147] Training Results: Prec@1 87.410 Prec@5 99.654             Loss 0.37639
Epoch [147] Training Class Recall: [0.761,0.833,0.819,0.854,0.883,0.899,0.909,0.915,0.935,0.934]

Epoch: [148][0/391], lr: 0.01000	Loss 0.2967 (0.2967)	Prec@1 89.844 (89.844)	Prec@5 100.000 (100.000)
Epoch: [148][10/391], lr: 0.01000	Loss 0.4983 (0.3297)	Prec@1 84.375 (89.134)	Prec@5 98.438 (99.716)
Epoch: [148][20/391], lr: 0.01000	Loss 0.3019 (0.3356)	Prec@1 89.844 (89.211)	Prec@5 99.219 (99.777)
Epoch: [148][30/391], lr: 0.01000	Loss 0.2710 (0.3252)	Prec@1 91.406 (89.441)	Prec@5 100.000 (99.824)
Epoch: [148][40/391], lr: 0.01000	Loss 0.4342 (0.3283)	Prec@1 84.375 (89.348)	Prec@5 100.000 (99.867)
Epoch: [148][50/391], lr: 0.01000	Loss 0.2462 (0.3353)	Prec@1 92.188 (89.277)	Prec@5 99.219 (99.831)
Epoch: [148][60/391], lr: 0.01000	Loss 0.3664 (0.3412)	Prec@1 89.062 (88.896)	Prec@5 100.000 (99.833)
Epoch: [148][70/391], lr: 0.01000	Loss 0.5574 (0.3478)	Prec@1 83.594 (88.633)	Prec@5 100.000 (99.813)
Epoch: [148][80/391], lr: 0.01000	Loss 0.3197 (0.3614)	Prec@1 87.500 (88.117)	Prec@5 99.219 (99.730)
Epoch: [148][90/391], lr: 0.01000	Loss 0.3091 (0.3621)	Prec@1 91.406 (88.118)	Prec@5 100.000 (99.700)
Epoch: [148][100/391], lr: 0.01000	Loss 0.4163 (0.3582)	Prec@1 90.625 (88.204)	Prec@5 100.000 (99.714)
Epoch: [148][110/391], lr: 0.01000	Loss 0.2119 (0.3550)	Prec@1 92.188 (88.366)	Prec@5 100.000 (99.697)
Epoch: [148][120/391], lr: 0.01000	Loss 0.4167 (0.3549)	Prec@1 84.375 (88.339)	Prec@5 100.000 (99.690)
Epoch: [148][130/391], lr: 0.01000	Loss 0.4452 (0.3568)	Prec@1 85.938 (88.299)	Prec@5 99.219 (99.672)
Epoch: [148][140/391], lr: 0.01000	Loss 0.4096 (0.3593)	Prec@1 87.500 (88.226)	Prec@5 99.219 (99.656)
Epoch: [148][150/391], lr: 0.01000	Loss 0.3889 (0.3617)	Prec@1 82.031 (88.147)	Prec@5 100.000 (99.653)
Epoch: [148][160/391], lr: 0.01000	Loss 0.3102 (0.3618)	Prec@1 89.062 (88.150)	Prec@5 100.000 (99.660)
Epoch: [148][170/391], lr: 0.01000	Loss 0.2768 (0.3609)	Prec@1 88.281 (88.094)	Prec@5 100.000 (99.671)
Epoch: [148][180/391], lr: 0.01000	Loss 0.3292 (0.3620)	Prec@1 89.844 (88.052)	Prec@5 100.000 (99.672)
Epoch: [148][190/391], lr: 0.01000	Loss 0.3616 (0.3608)	Prec@1 84.375 (88.069)	Prec@5 99.219 (99.677)
Epoch: [148][200/391], lr: 0.01000	Loss 0.5592 (0.3616)	Prec@1 84.375 (88.005)	Prec@5 99.219 (99.677)
Epoch: [148][210/391], lr: 0.01000	Loss 0.4654 (0.3625)	Prec@1 82.031 (87.985)	Prec@5 100.000 (99.682)
Epoch: [148][220/391], lr: 0.01000	Loss 0.2922 (0.3650)	Prec@1 88.281 (87.871)	Prec@5 100.000 (99.682)
Epoch: [148][230/391], lr: 0.01000	Loss 0.4320 (0.3687)	Prec@1 90.625 (87.794)	Prec@5 99.219 (99.679)
Epoch: [148][240/391], lr: 0.01000	Loss 0.4290 (0.3693)	Prec@1 82.812 (87.769)	Prec@5 100.000 (99.679)
Epoch: [148][250/391], lr: 0.01000	Loss 0.3559 (0.3699)	Prec@1 85.938 (87.715)	Prec@5 100.000 (99.686)
Epoch: [148][260/391], lr: 0.01000	Loss 0.2671 (0.3695)	Prec@1 92.969 (87.730)	Prec@5 100.000 (99.680)
Epoch: [148][270/391], lr: 0.01000	Loss 0.3370 (0.3698)	Prec@1 89.062 (87.736)	Prec@5 100.000 (99.674)
Epoch: [148][280/391], lr: 0.01000	Loss 0.4316 (0.3696)	Prec@1 85.156 (87.703)	Prec@5 100.000 (99.680)
Epoch: [148][290/391], lr: 0.01000	Loss 0.2854 (0.3704)	Prec@1 89.844 (87.664)	Prec@5 100.000 (99.683)
Epoch: [148][300/391], lr: 0.01000	Loss 0.4979 (0.3719)	Prec@1 83.594 (87.609)	Prec@5 99.219 (99.673)
Epoch: [148][310/391], lr: 0.01000	Loss 0.3148 (0.3734)	Prec@1 85.938 (87.553)	Prec@5 100.000 (99.661)
Epoch: [148][320/391], lr: 0.01000	Loss 0.4589 (0.3749)	Prec@1 86.719 (87.529)	Prec@5 99.219 (99.654)
Epoch: [148][330/391], lr: 0.01000	Loss 0.3071 (0.3758)	Prec@1 88.281 (87.509)	Prec@5 99.219 (99.646)
Epoch: [148][340/391], lr: 0.01000	Loss 0.4067 (0.3747)	Prec@1 89.062 (87.573)	Prec@5 99.219 (99.645)
Epoch: [148][350/391], lr: 0.01000	Loss 0.4522 (0.3754)	Prec@1 86.719 (87.551)	Prec@5 100.000 (99.639)
Epoch: [148][360/391], lr: 0.01000	Loss 0.2793 (0.3756)	Prec@1 89.844 (87.535)	Prec@5 100.000 (99.636)
Epoch: [148][370/391], lr: 0.01000	Loss 0.4777 (0.3763)	Prec@1 86.719 (87.513)	Prec@5 100.000 (99.644)
Epoch: [148][380/391], lr: 0.01000	Loss 0.5667 (0.3781)	Prec@1 79.688 (87.463)	Prec@5 100.000 (99.635)
Epoch: [148][390/391], lr: 0.01000	Loss 0.4630 (0.3797)	Prec@1 81.250 (87.408)	Prec@5 98.750 (99.632)
Epoch [148] Training Results: Prec@1 87.408 Prec@5 99.632             Loss 0.37967
Epoch [148] Training Class Recall: [0.756,0.835,0.823,0.847,0.885,0.900,0.911,0.918,0.930,0.935]

Epoch: [149][0/391], lr: 0.01000	Loss 0.4541 (0.4541)	Prec@1 85.156 (85.156)	Prec@5 99.219 (99.219)
Epoch: [149][10/391], lr: 0.01000	Loss 0.3657 (0.4079)	Prec@1 89.062 (86.364)	Prec@5 99.219 (99.787)
Epoch: [149][20/391], lr: 0.01000	Loss 0.4610 (0.4270)	Prec@1 85.156 (85.565)	Prec@5 100.000 (99.628)
Epoch: [149][30/391], lr: 0.01000	Loss 0.3144 (0.4058)	Prec@1 92.188 (86.341)	Prec@5 99.219 (99.546)
Epoch: [149][40/391], lr: 0.01000	Loss 0.4026 (0.3867)	Prec@1 84.375 (87.081)	Prec@5 100.000 (99.619)
Epoch: [149][50/391], lr: 0.01000	Loss 0.2678 (0.3762)	Prec@1 92.188 (87.546)	Prec@5 99.219 (99.648)
Epoch: [149][60/391], lr: 0.01000	Loss 0.4272 (0.3753)	Prec@1 87.500 (87.679)	Prec@5 100.000 (99.667)
Epoch: [149][70/391], lr: 0.01000	Loss 0.3712 (0.3694)	Prec@1 85.938 (87.852)	Prec@5 99.219 (99.659)
Epoch: [149][80/391], lr: 0.01000	Loss 0.5965 (0.3703)	Prec@1 81.250 (88.040)	Prec@5 99.219 (99.643)
Epoch: [149][90/391], lr: 0.01000	Loss 0.4325 (0.3658)	Prec@1 85.938 (88.204)	Prec@5 99.219 (99.665)
Epoch: [149][100/391], lr: 0.01000	Loss 0.2539 (0.3599)	Prec@1 92.188 (88.351)	Prec@5 100.000 (99.675)
Epoch: [149][110/391], lr: 0.01000	Loss 0.3354 (0.3583)	Prec@1 90.625 (88.373)	Prec@5 100.000 (99.690)
Epoch: [149][120/391], lr: 0.01000	Loss 0.2966 (0.3582)	Prec@1 92.969 (88.372)	Prec@5 100.000 (99.703)
Epoch: [149][130/391], lr: 0.01000	Loss 0.3055 (0.3588)	Prec@1 88.281 (88.228)	Prec@5 100.000 (99.720)
Epoch: [149][140/391], lr: 0.01000	Loss 0.4565 (0.3586)	Prec@1 85.938 (88.182)	Prec@5 100.000 (99.740)
Epoch: [149][150/391], lr: 0.01000	Loss 0.3434 (0.3575)	Prec@1 88.281 (88.230)	Prec@5 100.000 (99.741)
Epoch: [149][160/391], lr: 0.01000	Loss 0.4051 (0.3574)	Prec@1 86.719 (88.218)	Prec@5 100.000 (99.753)
Epoch: [149][170/391], lr: 0.01000	Loss 0.3987 (0.3604)	Prec@1 84.375 (88.103)	Prec@5 100.000 (99.749)
Epoch: [149][180/391], lr: 0.01000	Loss 0.4157 (0.3634)	Prec@1 89.844 (88.035)	Prec@5 100.000 (99.728)
Epoch: [149][190/391], lr: 0.01000	Loss 0.5127 (0.3649)	Prec@1 82.031 (88.032)	Prec@5 98.438 (99.726)
Epoch: [149][200/391], lr: 0.01000	Loss 0.3699 (0.3673)	Prec@1 89.062 (87.982)	Prec@5 100.000 (99.712)
Epoch: [149][210/391], lr: 0.01000	Loss 0.4793 (0.3680)	Prec@1 85.938 (87.930)	Prec@5 98.438 (99.704)
Epoch: [149][220/391], lr: 0.01000	Loss 0.3819 (0.3709)	Prec@1 86.719 (87.878)	Prec@5 100.000 (99.696)
Epoch: [149][230/391], lr: 0.01000	Loss 0.2971 (0.3728)	Prec@1 91.406 (87.828)	Prec@5 100.000 (99.696)
Epoch: [149][240/391], lr: 0.01000	Loss 0.4239 (0.3729)	Prec@1 84.375 (87.789)	Prec@5 100.000 (99.705)
Epoch: [149][250/391], lr: 0.01000	Loss 0.4528 (0.3735)	Prec@1 87.500 (87.746)	Prec@5 100.000 (99.711)
Epoch: [149][260/391], lr: 0.01000	Loss 0.5141 (0.3722)	Prec@1 81.250 (87.742)	Prec@5 98.438 (99.704)
Epoch: [149][270/391], lr: 0.01000	Loss 0.4013 (0.3730)	Prec@1 88.281 (87.736)	Prec@5 100.000 (99.703)
Epoch: [149][280/391], lr: 0.01000	Loss 0.2764 (0.3723)	Prec@1 87.500 (87.767)	Prec@5 100.000 (99.708)
Epoch: [149][290/391], lr: 0.01000	Loss 0.3571 (0.3731)	Prec@1 87.500 (87.720)	Prec@5 100.000 (99.707)
Epoch: [149][300/391], lr: 0.01000	Loss 0.2906 (0.3724)	Prec@1 91.406 (87.723)	Prec@5 100.000 (99.714)
Epoch: [149][310/391], lr: 0.01000	Loss 0.4922 (0.3713)	Prec@1 83.594 (87.751)	Prec@5 100.000 (99.716)
Epoch: [149][320/391], lr: 0.01000	Loss 0.3466 (0.3708)	Prec@1 89.062 (87.763)	Prec@5 99.219 (99.713)
Epoch: [149][330/391], lr: 0.01000	Loss 0.3530 (0.3698)	Prec@1 85.938 (87.795)	Prec@5 100.000 (99.714)
Epoch: [149][340/391], lr: 0.01000	Loss 0.3100 (0.3706)	Prec@1 89.844 (87.770)	Prec@5 100.000 (99.711)
Epoch: [149][350/391], lr: 0.01000	Loss 0.2507 (0.3708)	Prec@1 92.969 (87.767)	Prec@5 100.000 (99.704)
Epoch: [149][360/391], lr: 0.01000	Loss 0.4323 (0.3710)	Prec@1 85.156 (87.745)	Prec@5 100.000 (99.704)
Epoch: [149][370/391], lr: 0.01000	Loss 0.5612 (0.3718)	Prec@1 81.250 (87.687)	Prec@5 100.000 (99.707)
Epoch: [149][380/391], lr: 0.01000	Loss 0.4882 (0.3709)	Prec@1 86.719 (87.719)	Prec@5 99.219 (99.711)
Epoch: [149][390/391], lr: 0.01000	Loss 0.2729 (0.3694)	Prec@1 90.000 (87.786)	Prec@5 100.000 (99.718)
Epoch [149] Training Results: Prec@1 87.786 Prec@5 99.718             Loss 0.36936
Epoch [149] Training Class Recall: [0.763,0.825,0.831,0.863,0.887,0.899,0.916,0.921,0.932,0.941]

Epoch: [150][0/391], lr: 0.01000	Loss 0.3828 (0.3828)	Prec@1 84.375 (84.375)	Prec@5 100.000 (100.000)
Epoch: [150][10/391], lr: 0.01000	Loss 0.2943 (0.3329)	Prec@1 88.281 (87.642)	Prec@5 99.219 (99.716)
Epoch: [150][20/391], lr: 0.01000	Loss 0.3279 (0.3398)	Prec@1 90.625 (87.946)	Prec@5 100.000 (99.665)
Epoch: [150][30/391], lr: 0.01000	Loss 0.2323 (0.3292)	Prec@1 94.531 (88.508)	Prec@5 100.000 (99.647)
Epoch: [150][40/391], lr: 0.01000	Loss 0.5116 (0.3371)	Prec@1 80.469 (88.148)	Prec@5 99.219 (99.676)
Epoch: [150][50/391], lr: 0.01000	Loss 0.3084 (0.3478)	Prec@1 89.062 (88.143)	Prec@5 100.000 (99.663)
Epoch: [150][60/391], lr: 0.01000	Loss 0.2643 (0.3494)	Prec@1 91.406 (88.025)	Prec@5 100.000 (99.693)
Epoch: [150][70/391], lr: 0.01000	Loss 0.2456 (0.3546)	Prec@1 91.406 (87.830)	Prec@5 99.219 (99.681)
Epoch: [150][80/391], lr: 0.01000	Loss 0.4039 (0.3625)	Prec@1 86.719 (87.722)	Prec@5 100.000 (99.653)
Epoch: [150][90/391], lr: 0.01000	Loss 0.4049 (0.3666)	Prec@1 86.719 (87.594)	Prec@5 100.000 (99.665)
Epoch: [150][100/391], lr: 0.01000	Loss 0.3458 (0.3675)	Prec@1 83.594 (87.546)	Prec@5 100.000 (99.675)
Epoch: [150][110/391], lr: 0.01000	Loss 0.2583 (0.3644)	Prec@1 92.188 (87.606)	Prec@5 100.000 (99.697)
Epoch: [150][120/391], lr: 0.01000	Loss 0.3544 (0.3627)	Prec@1 87.500 (87.674)	Prec@5 100.000 (99.697)
Epoch: [150][130/391], lr: 0.01000	Loss 0.4212 (0.3655)	Prec@1 87.500 (87.583)	Prec@5 99.219 (99.702)
Epoch: [150][140/391], lr: 0.01000	Loss 0.3932 (0.3665)	Prec@1 86.719 (87.539)	Prec@5 99.219 (99.701)
Epoch: [150][150/391], lr: 0.01000	Loss 0.3408 (0.3727)	Prec@1 91.406 (87.402)	Prec@5 99.219 (99.674)
Epoch: [150][160/391], lr: 0.01000	Loss 0.4308 (0.3767)	Prec@1 85.938 (87.364)	Prec@5 98.438 (99.675)
Epoch: [150][170/391], lr: 0.01000	Loss 0.4498 (0.3816)	Prec@1 85.938 (87.226)	Prec@5 98.438 (99.666)
Epoch: [150][180/391], lr: 0.01000	Loss 0.3976 (0.3830)	Prec@1 85.938 (87.194)	Prec@5 100.000 (99.663)
Epoch: [150][190/391], lr: 0.01000	Loss 0.4381 (0.3869)	Prec@1 83.594 (87.107)	Prec@5 100.000 (99.665)
Epoch: [150][200/391], lr: 0.01000	Loss 0.4360 (0.3889)	Prec@1 86.719 (87.100)	Prec@5 99.219 (99.654)
Epoch: [150][210/391], lr: 0.01000	Loss 0.4795 (0.3894)	Prec@1 81.250 (87.056)	Prec@5 99.219 (99.652)
Epoch: [150][220/391], lr: 0.01000	Loss 0.3789 (0.3878)	Prec@1 89.844 (87.108)	Prec@5 100.000 (99.657)
Epoch: [150][230/391], lr: 0.01000	Loss 0.3419 (0.3878)	Prec@1 88.281 (87.094)	Prec@5 100.000 (99.665)
Epoch: [150][240/391], lr: 0.01000	Loss 0.2741 (0.3841)	Prec@1 89.844 (87.208)	Prec@5 100.000 (99.669)
Epoch: [150][250/391], lr: 0.01000	Loss 0.3211 (0.3828)	Prec@1 91.406 (87.257)	Prec@5 98.438 (99.670)
Epoch: [150][260/391], lr: 0.01000	Loss 0.3671 (0.3808)	Prec@1 90.625 (87.290)	Prec@5 99.219 (99.668)
Epoch: [150][270/391], lr: 0.01000	Loss 0.2323 (0.3783)	Prec@1 91.406 (87.359)	Prec@5 100.000 (99.677)
Epoch: [150][280/391], lr: 0.01000	Loss 0.3115 (0.3765)	Prec@1 88.281 (87.419)	Prec@5 100.000 (99.686)
Epoch: [150][290/391], lr: 0.01000	Loss 0.3284 (0.3747)	Prec@1 91.406 (87.521)	Prec@5 100.000 (99.681)
Epoch: [150][300/391], lr: 0.01000	Loss 0.2620 (0.3737)	Prec@1 93.750 (87.586)	Prec@5 100.000 (99.681)
Epoch: [150][310/391], lr: 0.01000	Loss 0.4005 (0.3727)	Prec@1 84.375 (87.598)	Prec@5 100.000 (99.688)
Epoch: [150][320/391], lr: 0.01000	Loss 0.4156 (0.3727)	Prec@1 87.500 (87.614)	Prec@5 99.219 (99.686)
Epoch: [150][330/391], lr: 0.01000	Loss 0.4564 (0.3744)	Prec@1 85.156 (87.566)	Prec@5 100.000 (99.681)
Epoch: [150][340/391], lr: 0.01000	Loss 0.3122 (0.3742)	Prec@1 88.281 (87.605)	Prec@5 100.000 (99.679)
Epoch: [150][350/391], lr: 0.01000	Loss 0.4342 (0.3749)	Prec@1 84.375 (87.547)	Prec@5 100.000 (99.682)
Epoch: [150][360/391], lr: 0.01000	Loss 0.4095 (0.3744)	Prec@1 85.938 (87.554)	Prec@5 99.219 (99.684)
Epoch: [150][370/391], lr: 0.01000	Loss 0.5004 (0.3746)	Prec@1 80.469 (87.521)	Prec@5 99.219 (99.680)
Epoch: [150][380/391], lr: 0.01000	Loss 0.4594 (0.3767)	Prec@1 85.938 (87.445)	Prec@5 99.219 (99.676)
Epoch: [150][390/391], lr: 0.01000	Loss 0.2768 (0.3771)	Prec@1 88.750 (87.412)	Prec@5 100.000 (99.670)
Epoch [150] Training Results: Prec@1 87.412 Prec@5 99.670             Loss 0.37711
Epoch [150] Training Class Recall: [0.757,0.828,0.822,0.859,0.885,0.897,0.914,0.912,0.934,0.934]

Epoch: [151][0/391], lr: 0.01000	Loss 0.3522 (0.3522)	Prec@1 87.500 (87.500)	Prec@5 100.000 (100.000)
Epoch: [151][10/391], lr: 0.01000	Loss 0.5539 (0.3974)	Prec@1 81.250 (86.790)	Prec@5 98.438 (99.361)
Epoch: [151][20/391], lr: 0.01000	Loss 0.3132 (0.4077)	Prec@1 88.281 (86.942)	Prec@5 99.219 (99.293)
Epoch: [151][30/391], lr: 0.01000	Loss 0.4288 (0.4097)	Prec@1 85.156 (86.946)	Prec@5 99.219 (99.446)
Epoch: [151][40/391], lr: 0.01000	Loss 0.4107 (0.4014)	Prec@1 82.031 (87.043)	Prec@5 100.000 (99.505)
Epoch: [151][50/391], lr: 0.01000	Loss 0.3549 (0.3958)	Prec@1 88.281 (87.255)	Prec@5 99.219 (99.540)
Epoch: [151][60/391], lr: 0.01000	Loss 0.4431 (0.3895)	Prec@1 84.375 (87.372)	Prec@5 100.000 (99.603)
Epoch: [151][70/391], lr: 0.01000	Loss 0.3451 (0.3811)	Prec@1 88.281 (87.577)	Prec@5 100.000 (99.648)
Epoch: [151][80/391], lr: 0.01000	Loss 0.3933 (0.3760)	Prec@1 86.719 (87.789)	Prec@5 99.219 (99.643)
Epoch: [151][90/391], lr: 0.01000	Loss 0.3632 (0.3744)	Prec@1 86.719 (87.843)	Prec@5 100.000 (99.631)
Epoch: [151][100/391], lr: 0.01000	Loss 0.5023 (0.3741)	Prec@1 85.156 (87.894)	Prec@5 100.000 (99.652)
Epoch: [151][110/391], lr: 0.01000	Loss 0.3774 (0.3718)	Prec@1 87.500 (87.922)	Prec@5 99.219 (99.669)
Epoch: [151][120/391], lr: 0.01000	Loss 0.3335 (0.3697)	Prec@1 87.500 (88.010)	Prec@5 100.000 (99.677)
Epoch: [151][130/391], lr: 0.01000	Loss 0.3184 (0.3722)	Prec@1 91.406 (87.906)	Prec@5 100.000 (99.678)
Epoch: [151][140/391], lr: 0.01000	Loss 0.2866 (0.3700)	Prec@1 89.844 (87.988)	Prec@5 100.000 (99.690)
Epoch: [151][150/391], lr: 0.01000	Loss 0.2583 (0.3691)	Prec@1 88.281 (88.038)	Prec@5 100.000 (99.674)
Epoch: [151][160/391], lr: 0.01000	Loss 0.3109 (0.3675)	Prec@1 89.844 (88.102)	Prec@5 100.000 (99.665)
Epoch: [151][170/391], lr: 0.01000	Loss 0.3113 (0.3669)	Prec@1 88.281 (88.076)	Prec@5 100.000 (99.676)
Epoch: [151][180/391], lr: 0.01000	Loss 0.4154 (0.3676)	Prec@1 89.062 (88.109)	Prec@5 99.219 (99.676)
Epoch: [151][190/391], lr: 0.01000	Loss 0.3975 (0.3670)	Prec@1 85.938 (88.069)	Prec@5 100.000 (99.685)
Epoch: [151][200/391], lr: 0.01000	Loss 0.3759 (0.3690)	Prec@1 86.719 (87.998)	Prec@5 100.000 (99.677)
Epoch: [151][210/391], lr: 0.01000	Loss 0.4194 (0.3700)	Prec@1 85.156 (87.933)	Prec@5 99.219 (99.685)
Epoch: [151][220/391], lr: 0.01000	Loss 0.4984 (0.3697)	Prec@1 80.469 (87.903)	Prec@5 99.219 (99.696)
Epoch: [151][230/391], lr: 0.01000	Loss 0.3888 (0.3696)	Prec@1 87.500 (87.889)	Prec@5 100.000 (99.692)
Epoch: [151][240/391], lr: 0.01000	Loss 0.3609 (0.3694)	Prec@1 88.281 (87.908)	Prec@5 99.219 (99.695)
Epoch: [151][250/391], lr: 0.01000	Loss 0.3412 (0.3702)	Prec@1 88.281 (87.861)	Prec@5 100.000 (99.704)
Epoch: [151][260/391], lr: 0.01000	Loss 0.5615 (0.3721)	Prec@1 81.250 (87.778)	Prec@5 99.219 (99.704)
Epoch: [151][270/391], lr: 0.01000	Loss 0.3758 (0.3728)	Prec@1 88.281 (87.777)	Prec@5 99.219 (99.694)
Epoch: [151][280/391], lr: 0.01000	Loss 0.3708 (0.3717)	Prec@1 87.500 (87.811)	Prec@5 99.219 (99.691)
Epoch: [151][290/391], lr: 0.01000	Loss 0.4481 (0.3722)	Prec@1 86.719 (87.760)	Prec@5 100.000 (99.686)
Epoch: [151][300/391], lr: 0.01000	Loss 0.4845 (0.3726)	Prec@1 83.594 (87.739)	Prec@5 99.219 (99.676)
Epoch: [151][310/391], lr: 0.01000	Loss 0.3755 (0.3735)	Prec@1 86.719 (87.698)	Prec@5 100.000 (99.671)
Epoch: [151][320/391], lr: 0.01000	Loss 0.3498 (0.3739)	Prec@1 85.938 (87.663)	Prec@5 100.000 (99.679)
Epoch: [151][330/391], lr: 0.01000	Loss 0.2760 (0.3724)	Prec@1 89.844 (87.708)	Prec@5 100.000 (99.679)
Epoch: [151][340/391], lr: 0.01000	Loss 0.3138 (0.3733)	Prec@1 89.844 (87.690)	Prec@5 99.219 (99.672)
Epoch: [151][350/391], lr: 0.01000	Loss 0.4073 (0.3741)	Prec@1 87.500 (87.665)	Prec@5 98.438 (99.659)
Epoch: [151][360/391], lr: 0.01000	Loss 0.4672 (0.3751)	Prec@1 84.375 (87.626)	Prec@5 99.219 (99.656)
Epoch: [151][370/391], lr: 0.01000	Loss 0.4329 (0.3754)	Prec@1 85.156 (87.605)	Prec@5 100.000 (99.650)
Epoch: [151][380/391], lr: 0.01000	Loss 0.3119 (0.3754)	Prec@1 88.281 (87.635)	Prec@5 100.000 (99.645)
Epoch: [151][390/391], lr: 0.01000	Loss 0.3274 (0.3760)	Prec@1 91.250 (87.606)	Prec@5 98.750 (99.652)
Epoch [151] Training Results: Prec@1 87.606 Prec@5 99.652             Loss 0.37602
Epoch [151] Training Class Recall: [0.755,0.828,0.821,0.862,0.890,0.899,0.914,0.917,0.938,0.937]

Epoch: [152][0/391], lr: 0.01000	Loss 0.3206 (0.3206)	Prec@1 89.062 (89.062)	Prec@5 100.000 (100.000)
Epoch: [152][10/391], lr: 0.01000	Loss 0.5122 (0.4009)	Prec@1 85.938 (86.861)	Prec@5 98.438 (99.503)
Epoch: [152][20/391], lr: 0.01000	Loss 0.4845 (0.3987)	Prec@1 84.375 (86.830)	Prec@5 100.000 (99.516)
Epoch: [152][30/391], lr: 0.01000	Loss 0.3826 (0.3973)	Prec@1 85.156 (86.920)	Prec@5 100.000 (99.572)
Epoch: [152][40/391], lr: 0.01000	Loss 0.3729 (0.3896)	Prec@1 89.062 (87.138)	Prec@5 99.219 (99.562)
Epoch: [152][50/391], lr: 0.01000	Loss 0.4489 (0.3967)	Prec@1 85.156 (86.780)	Prec@5 99.219 (99.540)
Epoch: [152][60/391], lr: 0.01000	Loss 0.3425 (0.4034)	Prec@1 85.156 (86.693)	Prec@5 100.000 (99.565)
Epoch: [152][70/391], lr: 0.01000	Loss 0.3345 (0.3994)	Prec@1 89.844 (86.906)	Prec@5 100.000 (99.615)
Epoch: [152][80/391], lr: 0.01000	Loss 0.4983 (0.3925)	Prec@1 86.719 (87.172)	Prec@5 99.219 (99.633)
Epoch: [152][90/391], lr: 0.01000	Loss 0.2744 (0.3890)	Prec@1 90.625 (87.277)	Prec@5 100.000 (99.674)
Epoch: [152][100/391], lr: 0.01000	Loss 0.2901 (0.3865)	Prec@1 91.406 (87.330)	Prec@5 100.000 (99.675)
Epoch: [152][110/391], lr: 0.01000	Loss 0.3267 (0.3836)	Prec@1 87.500 (87.430)	Prec@5 100.000 (99.676)
Epoch: [152][120/391], lr: 0.01000	Loss 0.5031 (0.3811)	Prec@1 88.281 (87.481)	Prec@5 98.438 (99.671)
Epoch: [152][130/391], lr: 0.01000	Loss 0.3295 (0.3783)	Prec@1 90.625 (87.601)	Prec@5 99.219 (99.690)
Epoch: [152][140/391], lr: 0.01000	Loss 0.3699 (0.3754)	Prec@1 86.719 (87.716)	Prec@5 99.219 (99.673)
Epoch: [152][150/391], lr: 0.01000	Loss 0.4265 (0.3759)	Prec@1 84.375 (87.671)	Prec@5 99.219 (99.674)
Epoch: [152][160/391], lr: 0.01000	Loss 0.4436 (0.3733)	Prec@1 84.375 (87.772)	Prec@5 100.000 (99.660)
Epoch: [152][170/391], lr: 0.01000	Loss 0.5218 (0.3732)	Prec@1 85.938 (87.760)	Prec@5 100.000 (99.666)
Epoch: [152][180/391], lr: 0.01000	Loss 0.3838 (0.3762)	Prec@1 87.500 (87.638)	Prec@5 100.000 (99.672)
Epoch: [152][190/391], lr: 0.01000	Loss 0.4603 (0.3762)	Prec@1 83.594 (87.619)	Prec@5 97.656 (99.648)
Epoch: [152][200/391], lr: 0.01000	Loss 0.5258 (0.3790)	Prec@1 81.250 (87.457)	Prec@5 99.219 (99.639)
Epoch: [152][210/391], lr: 0.01000	Loss 0.3029 (0.3798)	Prec@1 88.281 (87.433)	Prec@5 100.000 (99.637)
Epoch: [152][220/391], lr: 0.01000	Loss 0.5525 (0.3799)	Prec@1 78.906 (87.419)	Prec@5 99.219 (99.636)
Epoch: [152][230/391], lr: 0.01000	Loss 0.4076 (0.3816)	Prec@1 85.938 (87.361)	Prec@5 99.219 (99.628)
Epoch: [152][240/391], lr: 0.01000	Loss 0.3590 (0.3817)	Prec@1 85.938 (87.341)	Prec@5 100.000 (99.637)
Epoch: [152][250/391], lr: 0.01000	Loss 0.5790 (0.3837)	Prec@1 82.031 (87.295)	Prec@5 99.219 (99.636)
Epoch: [152][260/391], lr: 0.01000	Loss 0.2261 (0.3820)	Prec@1 94.531 (87.338)	Prec@5 99.219 (99.641)
Epoch: [152][270/391], lr: 0.01000	Loss 0.4167 (0.3822)	Prec@1 85.156 (87.339)	Prec@5 99.219 (99.631)
Epoch: [152][280/391], lr: 0.01000	Loss 0.2973 (0.3809)	Prec@1 90.625 (87.347)	Prec@5 100.000 (99.636)
Epoch: [152][290/391], lr: 0.01000	Loss 0.4020 (0.3806)	Prec@1 88.281 (87.350)	Prec@5 99.219 (99.635)
Epoch: [152][300/391], lr: 0.01000	Loss 0.3817 (0.3793)	Prec@1 88.281 (87.399)	Prec@5 100.000 (99.634)
Epoch: [152][310/391], lr: 0.01000	Loss 0.3773 (0.3792)	Prec@1 89.844 (87.412)	Prec@5 100.000 (99.641)
Epoch: [152][320/391], lr: 0.01000	Loss 0.3090 (0.3790)	Prec@1 88.281 (87.405)	Prec@5 100.000 (99.642)
Epoch: [152][330/391], lr: 0.01000	Loss 0.3810 (0.3778)	Prec@1 89.844 (87.455)	Prec@5 100.000 (99.634)
Epoch: [152][340/391], lr: 0.01000	Loss 0.4620 (0.3773)	Prec@1 88.281 (87.507)	Prec@5 99.219 (99.631)
Epoch: [152][350/391], lr: 0.01000	Loss 0.4665 (0.3774)	Prec@1 86.719 (87.520)	Prec@5 99.219 (99.628)
Epoch: [152][360/391], lr: 0.01000	Loss 0.3499 (0.3774)	Prec@1 85.938 (87.509)	Prec@5 100.000 (99.626)
Epoch: [152][370/391], lr: 0.01000	Loss 0.5171 (0.3770)	Prec@1 79.688 (87.504)	Prec@5 100.000 (99.631)
Epoch: [152][380/391], lr: 0.01000	Loss 0.3518 (0.3769)	Prec@1 88.281 (87.496)	Prec@5 100.000 (99.633)
Epoch: [152][390/391], lr: 0.01000	Loss 0.3467 (0.3763)	Prec@1 86.250 (87.520)	Prec@5 100.000 (99.628)
Epoch [152] Training Results: Prec@1 87.520 Prec@5 99.628             Loss 0.37625
Epoch [152] Training Class Recall: [0.759,0.834,0.822,0.860,0.879,0.901,0.919,0.915,0.930,0.934]

Epoch: [153][0/391], lr: 0.01000	Loss 0.4458 (0.4458)	Prec@1 85.938 (85.938)	Prec@5 100.000 (100.000)
Epoch: [153][10/391], lr: 0.01000	Loss 0.3464 (0.3543)	Prec@1 87.500 (89.134)	Prec@5 100.000 (99.858)
Epoch: [153][20/391], lr: 0.01000	Loss 0.2603 (0.3517)	Prec@1 91.406 (88.839)	Prec@5 100.000 (99.628)
Epoch: [153][30/391], lr: 0.01000	Loss 0.4478 (0.3525)	Prec@1 85.938 (88.861)	Prec@5 98.438 (99.597)
Epoch: [153][40/391], lr: 0.01000	Loss 0.4509 (0.3543)	Prec@1 84.375 (88.700)	Prec@5 99.219 (99.600)
Epoch: [153][50/391], lr: 0.01000	Loss 0.3390 (0.3506)	Prec@1 91.406 (88.756)	Prec@5 99.219 (99.602)
Epoch: [153][60/391], lr: 0.01000	Loss 0.4318 (0.3526)	Prec@1 87.500 (88.550)	Prec@5 100.000 (99.629)
Epoch: [153][70/391], lr: 0.01000	Loss 0.4182 (0.3559)	Prec@1 82.031 (88.336)	Prec@5 100.000 (99.648)
Epoch: [153][80/391], lr: 0.01000	Loss 0.3235 (0.3594)	Prec@1 89.062 (88.281)	Prec@5 99.219 (99.643)
Epoch: [153][90/391], lr: 0.01000	Loss 0.3026 (0.3575)	Prec@1 90.625 (88.255)	Prec@5 100.000 (99.657)
Epoch: [153][100/391], lr: 0.01000	Loss 0.3043 (0.3585)	Prec@1 91.406 (88.243)	Prec@5 99.219 (99.660)
Epoch: [153][110/391], lr: 0.01000	Loss 0.4695 (0.3640)	Prec@1 84.375 (88.077)	Prec@5 100.000 (99.662)
Epoch: [153][120/391], lr: 0.01000	Loss 0.4250 (0.3658)	Prec@1 86.719 (87.913)	Prec@5 99.219 (99.671)
Epoch: [153][130/391], lr: 0.01000	Loss 0.3915 (0.3703)	Prec@1 87.500 (87.703)	Prec@5 100.000 (99.684)
Epoch: [153][140/391], lr: 0.01000	Loss 0.3551 (0.3719)	Prec@1 87.500 (87.655)	Prec@5 100.000 (99.679)
Epoch: [153][150/391], lr: 0.01000	Loss 0.3245 (0.3743)	Prec@1 92.188 (87.547)	Prec@5 100.000 (99.679)
Epoch: [153][160/391], lr: 0.01000	Loss 0.4369 (0.3795)	Prec@1 85.938 (87.364)	Prec@5 100.000 (99.680)
Epoch: [153][170/391], lr: 0.01000	Loss 0.4600 (0.3795)	Prec@1 85.938 (87.368)	Prec@5 97.656 (99.653)
Epoch: [153][180/391], lr: 0.01000	Loss 0.2952 (0.3798)	Prec@1 88.281 (87.353)	Prec@5 100.000 (99.646)
Epoch: [153][190/391], lr: 0.01000	Loss 0.4160 (0.3808)	Prec@1 87.500 (87.295)	Prec@5 100.000 (99.640)
Epoch: [153][200/391], lr: 0.01000	Loss 0.3370 (0.3803)	Prec@1 88.281 (87.321)	Prec@5 100.000 (99.639)
Epoch: [153][210/391], lr: 0.01000	Loss 0.2809 (0.3800)	Prec@1 89.062 (87.341)	Prec@5 100.000 (99.641)
Epoch: [153][220/391], lr: 0.01000	Loss 0.3007 (0.3793)	Prec@1 89.062 (87.366)	Prec@5 100.000 (99.629)
Epoch: [153][230/391], lr: 0.01000	Loss 0.4430 (0.3794)	Prec@1 88.281 (87.368)	Prec@5 98.438 (99.638)
Epoch: [153][240/391], lr: 0.01000	Loss 0.3213 (0.3789)	Prec@1 87.500 (87.387)	Prec@5 100.000 (99.647)
Epoch: [153][250/391], lr: 0.01000	Loss 0.3903 (0.3778)	Prec@1 84.375 (87.441)	Prec@5 99.219 (99.655)
Epoch: [153][260/391], lr: 0.01000	Loss 0.3414 (0.3775)	Prec@1 88.281 (87.461)	Prec@5 99.219 (99.653)
Epoch: [153][270/391], lr: 0.01000	Loss 0.3992 (0.3768)	Prec@1 88.281 (87.451)	Prec@5 98.438 (99.645)
Epoch: [153][280/391], lr: 0.01000	Loss 0.2990 (0.3762)	Prec@1 92.188 (87.483)	Prec@5 100.000 (99.639)
Epoch: [153][290/391], lr: 0.01000	Loss 0.5529 (0.3762)	Prec@1 82.031 (87.487)	Prec@5 98.438 (99.627)
Epoch: [153][300/391], lr: 0.01000	Loss 0.5066 (0.3761)	Prec@1 82.812 (87.503)	Prec@5 100.000 (99.634)
Epoch: [153][310/391], lr: 0.01000	Loss 0.4010 (0.3747)	Prec@1 86.719 (87.515)	Prec@5 100.000 (99.643)
Epoch: [153][320/391], lr: 0.01000	Loss 0.5587 (0.3759)	Prec@1 80.469 (87.461)	Prec@5 99.219 (99.645)
Epoch: [153][330/391], lr: 0.01000	Loss 0.4205 (0.3763)	Prec@1 86.719 (87.443)	Prec@5 99.219 (99.644)
Epoch: [153][340/391], lr: 0.01000	Loss 0.4802 (0.3765)	Prec@1 81.250 (87.434)	Prec@5 100.000 (99.647)
Epoch: [153][350/391], lr: 0.01000	Loss 0.6533 (0.3773)	Prec@1 85.156 (87.427)	Prec@5 98.438 (99.648)
Epoch: [153][360/391], lr: 0.01000	Loss 0.4140 (0.3768)	Prec@1 86.719 (87.450)	Prec@5 100.000 (99.647)
Epoch: [153][370/391], lr: 0.01000	Loss 0.4111 (0.3768)	Prec@1 87.500 (87.452)	Prec@5 98.438 (99.648)
Epoch: [153][380/391], lr: 0.01000	Loss 0.3474 (0.3786)	Prec@1 88.281 (87.371)	Prec@5 99.219 (99.647)
Epoch: [153][390/391], lr: 0.01000	Loss 0.2850 (0.3788)	Prec@1 92.500 (87.340)	Prec@5 98.750 (99.644)
Epoch [153] Training Results: Prec@1 87.340 Prec@5 99.644             Loss 0.37878
Epoch [153] Training Class Recall: [0.756,0.826,0.819,0.851,0.883,0.894,0.920,0.914,0.932,0.939]

Epoch: [154][0/391], lr: 0.01000	Loss 0.3603 (0.3603)	Prec@1 88.281 (88.281)	Prec@5 100.000 (100.000)
Epoch: [154][10/391], lr: 0.01000	Loss 0.2832 (0.3797)	Prec@1 90.625 (87.145)	Prec@5 100.000 (99.574)
Epoch: [154][20/391], lr: 0.01000	Loss 0.3046 (0.3770)	Prec@1 90.625 (87.463)	Prec@5 100.000 (99.554)
Epoch: [154][30/391], lr: 0.01000	Loss 0.4323 (0.3806)	Prec@1 88.281 (87.475)	Prec@5 99.219 (99.546)
Epoch: [154][40/391], lr: 0.01000	Loss 0.4197 (0.3775)	Prec@1 87.500 (87.824)	Prec@5 100.000 (99.638)
Epoch: [154][50/391], lr: 0.01000	Loss 0.2971 (0.3694)	Prec@1 89.062 (88.021)	Prec@5 100.000 (99.694)
Epoch: [154][60/391], lr: 0.01000	Loss 0.3382 (0.3648)	Prec@1 89.844 (88.064)	Prec@5 98.438 (99.680)
Epoch: [154][70/391], lr: 0.01000	Loss 0.3076 (0.3602)	Prec@1 91.406 (88.248)	Prec@5 100.000 (99.659)
Epoch: [154][80/391], lr: 0.01000	Loss 0.3803 (0.3604)	Prec@1 85.938 (88.194)	Prec@5 99.219 (99.653)
Epoch: [154][90/391], lr: 0.01000	Loss 0.2713 (0.3523)	Prec@1 90.625 (88.401)	Prec@5 100.000 (99.682)
Epoch: [154][100/391], lr: 0.01000	Loss 0.2119 (0.3481)	Prec@1 91.406 (88.567)	Prec@5 100.000 (99.667)
Epoch: [154][110/391], lr: 0.01000	Loss 0.3504 (0.3499)	Prec@1 88.281 (88.528)	Prec@5 100.000 (99.669)
Epoch: [154][120/391], lr: 0.01000	Loss 0.4053 (0.3490)	Prec@1 86.719 (88.475)	Prec@5 99.219 (99.671)
Epoch: [154][130/391], lr: 0.01000	Loss 0.3054 (0.3522)	Prec@1 88.281 (88.353)	Prec@5 100.000 (99.672)
Epoch: [154][140/391], lr: 0.01000	Loss 0.3104 (0.3532)	Prec@1 88.281 (88.326)	Prec@5 99.219 (99.673)
Epoch: [154][150/391], lr: 0.01000	Loss 0.3418 (0.3558)	Prec@1 88.281 (88.230)	Prec@5 100.000 (99.674)
Epoch: [154][160/391], lr: 0.01000	Loss 0.3061 (0.3578)	Prec@1 90.625 (88.194)	Prec@5 100.000 (99.685)
Epoch: [154][170/391], lr: 0.01000	Loss 0.4915 (0.3585)	Prec@1 83.594 (88.185)	Prec@5 99.219 (99.694)
Epoch: [154][180/391], lr: 0.01000	Loss 0.4397 (0.3601)	Prec@1 85.938 (88.147)	Prec@5 100.000 (99.689)
Epoch: [154][190/391], lr: 0.01000	Loss 0.3424 (0.3606)	Prec@1 88.281 (88.142)	Prec@5 100.000 (99.693)
Epoch: [154][200/391], lr: 0.01000	Loss 0.3287 (0.3610)	Prec@1 91.406 (88.145)	Prec@5 100.000 (99.685)
Epoch: [154][210/391], lr: 0.01000	Loss 0.2878 (0.3614)	Prec@1 92.188 (88.104)	Prec@5 99.219 (99.693)
Epoch: [154][220/391], lr: 0.01000	Loss 0.4016 (0.3634)	Prec@1 85.938 (88.027)	Prec@5 100.000 (99.689)
Epoch: [154][230/391], lr: 0.01000	Loss 0.3803 (0.3652)	Prec@1 88.281 (87.967)	Prec@5 99.219 (99.685)
Epoch: [154][240/391], lr: 0.01000	Loss 0.5242 (0.3666)	Prec@1 82.031 (87.928)	Prec@5 100.000 (99.679)
Epoch: [154][250/391], lr: 0.01000	Loss 0.3478 (0.3687)	Prec@1 90.625 (87.864)	Prec@5 99.219 (99.661)
Epoch: [154][260/391], lr: 0.01000	Loss 0.3154 (0.3689)	Prec@1 89.062 (87.835)	Prec@5 100.000 (99.662)
Epoch: [154][270/391], lr: 0.01000	Loss 0.3325 (0.3696)	Prec@1 87.500 (87.834)	Prec@5 100.000 (99.648)
Epoch: [154][280/391], lr: 0.01000	Loss 0.4397 (0.3703)	Prec@1 89.062 (87.867)	Prec@5 98.438 (99.641)
Epoch: [154][290/391], lr: 0.01000	Loss 0.4916 (0.3705)	Prec@1 85.156 (87.881)	Prec@5 100.000 (99.635)
Epoch: [154][300/391], lr: 0.01000	Loss 0.3451 (0.3712)	Prec@1 89.062 (87.830)	Prec@5 100.000 (99.629)
Epoch: [154][310/391], lr: 0.01000	Loss 0.3359 (0.3707)	Prec@1 90.625 (87.869)	Prec@5 100.000 (99.631)
Epoch: [154][320/391], lr: 0.01000	Loss 0.4404 (0.3698)	Prec@1 84.375 (87.897)	Prec@5 100.000 (99.635)
Epoch: [154][330/391], lr: 0.01000	Loss 0.4166 (0.3704)	Prec@1 84.375 (87.854)	Prec@5 100.000 (99.646)
Epoch: [154][340/391], lr: 0.01000	Loss 0.2954 (0.3713)	Prec@1 86.719 (87.775)	Prec@5 100.000 (99.647)
Epoch: [154][350/391], lr: 0.01000	Loss 0.3498 (0.3721)	Prec@1 85.938 (87.745)	Prec@5 100.000 (99.646)
Epoch: [154][360/391], lr: 0.01000	Loss 0.3052 (0.3726)	Prec@1 89.062 (87.716)	Prec@5 100.000 (99.649)
Epoch: [154][370/391], lr: 0.01000	Loss 0.4582 (0.3742)	Prec@1 82.031 (87.696)	Prec@5 100.000 (99.646)
Epoch: [154][380/391], lr: 0.01000	Loss 0.3947 (0.3754)	Prec@1 86.719 (87.646)	Prec@5 100.000 (99.653)
Epoch: [154][390/391], lr: 0.01000	Loss 0.5879 (0.3773)	Prec@1 81.250 (87.590)	Prec@5 98.750 (99.646)
Epoch [154] Training Results: Prec@1 87.590 Prec@5 99.646             Loss 0.37730
Epoch [154] Training Class Recall: [0.761,0.834,0.823,0.860,0.887,0.897,0.918,0.915,0.930,0.934]

Epoch: [155][0/391], lr: 0.01000	Loss 0.3318 (0.3318)	Prec@1 86.719 (86.719)	Prec@5 100.000 (100.000)
Epoch: [155][10/391], lr: 0.01000	Loss 0.5220 (0.4441)	Prec@1 81.250 (84.375)	Prec@5 100.000 (99.716)
Epoch: [155][20/391], lr: 0.01000	Loss 0.4086 (0.4408)	Prec@1 85.938 (85.082)	Prec@5 100.000 (99.628)
Epoch: [155][30/391], lr: 0.01000	Loss 0.2802 (0.4152)	Prec@1 91.406 (86.038)	Prec@5 99.219 (99.597)
Epoch: [155][40/391], lr: 0.01000	Loss 0.4222 (0.4036)	Prec@1 88.281 (86.719)	Prec@5 99.219 (99.600)
Epoch: [155][50/391], lr: 0.01000	Loss 0.2823 (0.3899)	Prec@1 92.188 (87.270)	Prec@5 100.000 (99.602)
Epoch: [155][60/391], lr: 0.01000	Loss 0.4006 (0.3807)	Prec@1 87.500 (87.449)	Prec@5 99.219 (99.641)
Epoch: [155][70/391], lr: 0.01000	Loss 0.3966 (0.3769)	Prec@1 89.062 (87.500)	Prec@5 98.438 (99.615)
Epoch: [155][80/391], lr: 0.01000	Loss 0.5999 (0.3727)	Prec@1 83.594 (87.596)	Prec@5 96.875 (99.576)
Epoch: [155][90/391], lr: 0.01000	Loss 0.3757 (0.3732)	Prec@1 87.500 (87.534)	Prec@5 99.219 (99.588)
Epoch: [155][100/391], lr: 0.01000	Loss 0.3955 (0.3753)	Prec@1 85.156 (87.477)	Prec@5 100.000 (99.575)
Epoch: [155][110/391], lr: 0.01000	Loss 0.4393 (0.3735)	Prec@1 86.719 (87.627)	Prec@5 100.000 (99.578)
Epoch: [155][120/391], lr: 0.01000	Loss 0.3555 (0.3723)	Prec@1 87.500 (87.590)	Prec@5 100.000 (99.593)
Epoch: [155][130/391], lr: 0.01000	Loss 0.3722 (0.3709)	Prec@1 87.500 (87.667)	Prec@5 99.219 (99.583)
Epoch: [155][140/391], lr: 0.01000	Loss 0.3606 (0.3708)	Prec@1 87.500 (87.677)	Prec@5 100.000 (99.590)
Epoch: [155][150/391], lr: 0.01000	Loss 0.3740 (0.3716)	Prec@1 85.938 (87.619)	Prec@5 100.000 (99.591)
Epoch: [155][160/391], lr: 0.01000	Loss 0.2426 (0.3702)	Prec@1 89.844 (87.641)	Prec@5 100.000 (99.592)
Epoch: [155][170/391], lr: 0.01000	Loss 0.2976 (0.3681)	Prec@1 90.625 (87.715)	Prec@5 100.000 (99.589)
Epoch: [155][180/391], lr: 0.01000	Loss 0.3684 (0.3689)	Prec@1 85.938 (87.694)	Prec@5 100.000 (99.581)
Epoch: [155][190/391], lr: 0.01000	Loss 0.4557 (0.3692)	Prec@1 85.938 (87.660)	Prec@5 98.438 (99.566)
Epoch: [155][200/391], lr: 0.01000	Loss 0.3151 (0.3662)	Prec@1 90.625 (87.745)	Prec@5 100.000 (99.580)
Epoch: [155][210/391], lr: 0.01000	Loss 0.3268 (0.3654)	Prec@1 87.500 (87.785)	Prec@5 100.000 (99.574)
Epoch: [155][220/391], lr: 0.01000	Loss 0.3635 (0.3651)	Prec@1 89.062 (87.815)	Prec@5 100.000 (99.579)
Epoch: [155][230/391], lr: 0.01000	Loss 0.4581 (0.3643)	Prec@1 87.500 (87.869)	Prec@5 99.219 (99.581)
Epoch: [155][240/391], lr: 0.01000	Loss 0.3933 (0.3646)	Prec@1 87.500 (87.834)	Prec@5 99.219 (99.588)
Epoch: [155][250/391], lr: 0.01000	Loss 0.3529 (0.3634)	Prec@1 87.500 (87.886)	Prec@5 99.219 (99.592)
Epoch: [155][260/391], lr: 0.01000	Loss 0.4673 (0.3639)	Prec@1 84.375 (87.838)	Prec@5 99.219 (99.590)
Epoch: [155][270/391], lr: 0.01000	Loss 0.2501 (0.3629)	Prec@1 90.625 (87.846)	Prec@5 100.000 (99.594)
Epoch: [155][280/391], lr: 0.01000	Loss 0.4751 (0.3624)	Prec@1 84.375 (87.842)	Prec@5 98.438 (99.594)
Epoch: [155][290/391], lr: 0.01000	Loss 0.3251 (0.3632)	Prec@1 88.281 (87.817)	Prec@5 100.000 (99.595)
Epoch: [155][300/391], lr: 0.01000	Loss 0.3934 (0.3640)	Prec@1 86.719 (87.809)	Prec@5 100.000 (99.595)
Epoch: [155][310/391], lr: 0.01000	Loss 0.3667 (0.3659)	Prec@1 90.625 (87.754)	Prec@5 98.438 (99.596)
Epoch: [155][320/391], lr: 0.01000	Loss 0.3693 (0.3665)	Prec@1 89.844 (87.760)	Prec@5 100.000 (99.601)
Epoch: [155][330/391], lr: 0.01000	Loss 0.4618 (0.3671)	Prec@1 87.500 (87.764)	Prec@5 99.219 (99.606)
Epoch: [155][340/391], lr: 0.01000	Loss 0.4323 (0.3673)	Prec@1 90.625 (87.789)	Prec@5 99.219 (99.599)
Epoch: [155][350/391], lr: 0.01000	Loss 0.4025 (0.3668)	Prec@1 89.062 (87.825)	Prec@5 99.219 (99.595)
Epoch: [155][360/391], lr: 0.01000	Loss 0.3602 (0.3681)	Prec@1 85.938 (87.801)	Prec@5 100.000 (99.597)
Epoch: [155][370/391], lr: 0.01000	Loss 0.4512 (0.3683)	Prec@1 83.594 (87.778)	Prec@5 99.219 (99.600)
Epoch: [155][380/391], lr: 0.01000	Loss 0.3932 (0.3691)	Prec@1 85.938 (87.736)	Prec@5 100.000 (99.598)
Epoch: [155][390/391], lr: 0.01000	Loss 0.4501 (0.3707)	Prec@1 87.500 (87.658)	Prec@5 100.000 (99.600)
Epoch [155] Training Results: Prec@1 87.658 Prec@5 99.600             Loss 0.37068
Epoch [155] Training Class Recall: [0.757,0.833,0.819,0.858,0.887,0.898,0.924,0.919,0.936,0.936]

Epoch: [156][0/391], lr: 0.01000	Loss 0.4423 (0.4423)	Prec@1 86.719 (86.719)	Prec@5 99.219 (99.219)
Epoch: [156][10/391], lr: 0.01000	Loss 0.4389 (0.4169)	Prec@1 84.375 (86.222)	Prec@5 99.219 (99.432)
Epoch: [156][20/391], lr: 0.01000	Loss 0.3454 (0.4116)	Prec@1 89.844 (86.272)	Prec@5 99.219 (99.405)
Epoch: [156][30/391], lr: 0.01000	Loss 0.2566 (0.3994)	Prec@1 91.406 (86.542)	Prec@5 100.000 (99.420)
Epoch: [156][40/391], lr: 0.01000	Loss 0.3370 (0.4094)	Prec@1 87.500 (86.128)	Prec@5 99.219 (99.390)
Epoch: [156][50/391], lr: 0.01000	Loss 0.3313 (0.4172)	Prec@1 86.719 (85.892)	Prec@5 100.000 (99.403)
Epoch: [156][60/391], lr: 0.01000	Loss 0.3041 (0.4066)	Prec@1 91.406 (86.335)	Prec@5 100.000 (99.462)
Epoch: [156][70/391], lr: 0.01000	Loss 0.4442 (0.4054)	Prec@1 85.156 (86.411)	Prec@5 98.438 (99.472)
Epoch: [156][80/391], lr: 0.01000	Loss 0.3508 (0.3922)	Prec@1 92.188 (86.863)	Prec@5 100.000 (99.518)
Epoch: [156][90/391], lr: 0.01000	Loss 0.3016 (0.3877)	Prec@1 89.062 (87.028)	Prec@5 99.219 (99.528)
Epoch: [156][100/391], lr: 0.01000	Loss 0.2759 (0.3857)	Prec@1 89.844 (87.075)	Prec@5 100.000 (99.536)
Epoch: [156][110/391], lr: 0.01000	Loss 0.4168 (0.3867)	Prec@1 89.062 (87.141)	Prec@5 100.000 (99.528)
Epoch: [156][120/391], lr: 0.01000	Loss 0.3295 (0.3863)	Prec@1 91.406 (87.248)	Prec@5 100.000 (99.535)
Epoch: [156][130/391], lr: 0.01000	Loss 0.3299 (0.3845)	Prec@1 88.281 (87.363)	Prec@5 100.000 (99.547)
Epoch: [156][140/391], lr: 0.01000	Loss 0.3265 (0.3818)	Prec@1 89.062 (87.411)	Prec@5 100.000 (99.540)
Epoch: [156][150/391], lr: 0.01000	Loss 0.4071 (0.3807)	Prec@1 87.500 (87.469)	Prec@5 100.000 (99.571)
Epoch: [156][160/391], lr: 0.01000	Loss 0.3091 (0.3788)	Prec@1 89.062 (87.505)	Prec@5 100.000 (99.578)
Epoch: [156][170/391], lr: 0.01000	Loss 0.3870 (0.3782)	Prec@1 85.938 (87.495)	Prec@5 100.000 (99.584)
Epoch: [156][180/391], lr: 0.01000	Loss 0.5283 (0.3797)	Prec@1 86.719 (87.517)	Prec@5 99.219 (99.581)
Epoch: [156][190/391], lr: 0.01000	Loss 0.4401 (0.3812)	Prec@1 84.375 (87.471)	Prec@5 100.000 (99.587)
Epoch: [156][200/391], lr: 0.01000	Loss 0.2477 (0.3802)	Prec@1 92.969 (87.508)	Prec@5 99.219 (99.588)
Epoch: [156][210/391], lr: 0.01000	Loss 0.3165 (0.3803)	Prec@1 87.500 (87.474)	Prec@5 98.438 (99.596)
Epoch: [156][220/391], lr: 0.01000	Loss 0.3731 (0.3797)	Prec@1 88.281 (87.472)	Prec@5 99.219 (99.597)
Epoch: [156][230/391], lr: 0.01000	Loss 0.3058 (0.3772)	Prec@1 88.281 (87.561)	Prec@5 100.000 (99.611)
Epoch: [156][240/391], lr: 0.01000	Loss 0.4183 (0.3759)	Prec@1 90.625 (87.626)	Prec@5 100.000 (99.608)
Epoch: [156][250/391], lr: 0.01000	Loss 0.2624 (0.3739)	Prec@1 88.281 (87.684)	Prec@5 100.000 (99.611)
Epoch: [156][260/391], lr: 0.01000	Loss 0.3253 (0.3738)	Prec@1 89.062 (87.659)	Prec@5 99.219 (99.608)
Epoch: [156][270/391], lr: 0.01000	Loss 0.3520 (0.3724)	Prec@1 85.156 (87.650)	Prec@5 100.000 (99.614)
Epoch: [156][280/391], lr: 0.01000	Loss 0.3654 (0.3716)	Prec@1 85.156 (87.670)	Prec@5 100.000 (99.619)
Epoch: [156][290/391], lr: 0.01000	Loss 0.3602 (0.3728)	Prec@1 87.500 (87.594)	Prec@5 99.219 (99.613)
Epoch: [156][300/391], lr: 0.01000	Loss 0.3656 (0.3752)	Prec@1 89.844 (87.555)	Prec@5 100.000 (99.608)
Epoch: [156][310/391], lr: 0.01000	Loss 0.4660 (0.3767)	Prec@1 81.250 (87.550)	Prec@5 100.000 (99.616)
Epoch: [156][320/391], lr: 0.01000	Loss 0.3717 (0.3780)	Prec@1 84.375 (87.493)	Prec@5 100.000 (99.615)
Epoch: [156][330/391], lr: 0.01000	Loss 0.3758 (0.3786)	Prec@1 85.156 (87.479)	Prec@5 100.000 (99.622)
Epoch: [156][340/391], lr: 0.01000	Loss 0.4105 (0.3792)	Prec@1 88.281 (87.427)	Prec@5 99.219 (99.624)
Epoch: [156][350/391], lr: 0.01000	Loss 0.5622 (0.3807)	Prec@1 81.250 (87.373)	Prec@5 99.219 (99.624)
Epoch: [156][360/391], lr: 0.01000	Loss 0.4199 (0.3802)	Prec@1 85.156 (87.385)	Prec@5 100.000 (99.632)
Epoch: [156][370/391], lr: 0.01000	Loss 0.4055 (0.3810)	Prec@1 86.719 (87.367)	Prec@5 100.000 (99.631)
Epoch: [156][380/391], lr: 0.01000	Loss 0.4726 (0.3805)	Prec@1 82.031 (87.379)	Prec@5 99.219 (99.629)
Epoch: [156][390/391], lr: 0.01000	Loss 0.4499 (0.3802)	Prec@1 83.750 (87.364)	Prec@5 100.000 (99.630)
Epoch [156] Training Results: Prec@1 87.364 Prec@5 99.630             Loss 0.38019
Epoch [156] Training Class Recall: [0.747,0.835,0.818,0.857,0.881,0.905,0.916,0.914,0.930,0.933]

Epoch: [157][0/391], lr: 0.01000	Loss 0.2764 (0.2764)	Prec@1 89.844 (89.844)	Prec@5 100.000 (100.000)
Epoch: [157][10/391], lr: 0.01000	Loss 0.3148 (0.3326)	Prec@1 88.281 (88.139)	Prec@5 100.000 (99.787)
Epoch: [157][20/391], lr: 0.01000	Loss 0.4309 (0.3395)	Prec@1 84.375 (88.132)	Prec@5 99.219 (99.814)
Epoch: [157][30/391], lr: 0.01000	Loss 0.4114 (0.3535)	Prec@1 85.938 (87.828)	Prec@5 99.219 (99.798)
Epoch: [157][40/391], lr: 0.01000	Loss 0.3822 (0.3698)	Prec@1 88.281 (87.271)	Prec@5 99.219 (99.733)
Epoch: [157][50/391], lr: 0.01000	Loss 0.4229 (0.3710)	Prec@1 84.375 (87.240)	Prec@5 100.000 (99.740)
Epoch: [157][60/391], lr: 0.01000	Loss 0.4158 (0.3711)	Prec@1 85.938 (87.244)	Prec@5 100.000 (99.705)
Epoch: [157][70/391], lr: 0.01000	Loss 0.4354 (0.3760)	Prec@1 85.938 (87.082)	Prec@5 99.219 (99.648)
Epoch: [157][80/391], lr: 0.01000	Loss 0.3561 (0.3785)	Prec@1 85.938 (87.153)	Prec@5 100.000 (99.653)
Epoch: [157][90/391], lr: 0.01000	Loss 0.3838 (0.3812)	Prec@1 84.375 (87.157)	Prec@5 100.000 (99.622)
Epoch: [157][100/391], lr: 0.01000	Loss 0.3425 (0.3753)	Prec@1 86.719 (87.361)	Prec@5 100.000 (99.636)
Epoch: [157][110/391], lr: 0.01000	Loss 0.4202 (0.3772)	Prec@1 87.500 (87.303)	Prec@5 99.219 (99.613)
Epoch: [157][120/391], lr: 0.01000	Loss 0.3102 (0.3779)	Prec@1 92.969 (87.377)	Prec@5 100.000 (99.619)
Epoch: [157][130/391], lr: 0.01000	Loss 0.3010 (0.3784)	Prec@1 93.750 (87.393)	Prec@5 100.000 (99.630)
Epoch: [157][140/391], lr: 0.01000	Loss 0.3986 (0.3776)	Prec@1 86.719 (87.417)	Prec@5 98.438 (99.601)
Epoch: [157][150/391], lr: 0.01000	Loss 0.4707 (0.3776)	Prec@1 85.938 (87.422)	Prec@5 98.438 (99.596)
Epoch: [157][160/391], lr: 0.01000	Loss 0.3910 (0.3800)	Prec@1 88.281 (87.369)	Prec@5 100.000 (99.597)
Epoch: [157][170/391], lr: 0.01000	Loss 0.5681 (0.3850)	Prec@1 81.250 (87.189)	Prec@5 98.438 (99.566)
Epoch: [157][180/391], lr: 0.01000	Loss 0.3747 (0.3866)	Prec@1 89.062 (87.103)	Prec@5 100.000 (99.568)
Epoch: [157][190/391], lr: 0.01000	Loss 0.3024 (0.3879)	Prec@1 85.938 (87.017)	Prec@5 100.000 (99.571)
Epoch: [157][200/391], lr: 0.01000	Loss 0.3597 (0.3887)	Prec@1 88.281 (86.983)	Prec@5 99.219 (99.561)
Epoch: [157][210/391], lr: 0.01000	Loss 0.3930 (0.3886)	Prec@1 85.938 (86.985)	Prec@5 99.219 (99.571)
Epoch: [157][220/391], lr: 0.01000	Loss 0.4035 (0.3876)	Prec@1 85.938 (87.002)	Prec@5 100.000 (99.583)
Epoch: [157][230/391], lr: 0.01000	Loss 0.4513 (0.3879)	Prec@1 82.812 (86.969)	Prec@5 99.219 (99.594)
Epoch: [157][240/391], lr: 0.01000	Loss 0.3512 (0.3870)	Prec@1 89.062 (87.027)	Prec@5 100.000 (99.598)
Epoch: [157][250/391], lr: 0.01000	Loss 0.3643 (0.3856)	Prec@1 84.375 (87.070)	Prec@5 100.000 (99.611)
Epoch: [157][260/391], lr: 0.01000	Loss 0.4385 (0.3838)	Prec@1 85.156 (87.165)	Prec@5 100.000 (99.611)
Epoch: [157][270/391], lr: 0.01000	Loss 0.3713 (0.3837)	Prec@1 87.500 (87.189)	Prec@5 98.438 (99.614)
Epoch: [157][280/391], lr: 0.01000	Loss 0.2941 (0.3824)	Prec@1 87.500 (87.222)	Prec@5 100.000 (99.614)
Epoch: [157][290/391], lr: 0.01000	Loss 0.2908 (0.3816)	Prec@1 89.844 (87.250)	Prec@5 100.000 (99.613)
Epoch: [157][300/391], lr: 0.01000	Loss 0.4423 (0.3819)	Prec@1 84.375 (87.256)	Prec@5 98.438 (99.613)
Epoch: [157][310/391], lr: 0.01000	Loss 0.5402 (0.3842)	Prec@1 84.375 (87.178)	Prec@5 100.000 (99.603)
Epoch: [157][320/391], lr: 0.01000	Loss 0.2449 (0.3854)	Prec@1 90.625 (87.128)	Prec@5 100.000 (99.608)
Epoch: [157][330/391], lr: 0.01000	Loss 0.2674 (0.3848)	Prec@1 89.844 (87.132)	Prec@5 100.000 (99.615)
Epoch: [157][340/391], lr: 0.01000	Loss 0.4675 (0.3859)	Prec@1 87.500 (87.097)	Prec@5 100.000 (99.617)
Epoch: [157][350/391], lr: 0.01000	Loss 0.3997 (0.3860)	Prec@1 86.719 (87.104)	Prec@5 100.000 (99.619)
Epoch: [157][360/391], lr: 0.01000	Loss 0.3417 (0.3857)	Prec@1 89.062 (87.132)	Prec@5 98.438 (99.613)
Epoch: [157][370/391], lr: 0.01000	Loss 0.2891 (0.3845)	Prec@1 89.844 (87.159)	Prec@5 100.000 (99.617)
Epoch: [157][380/391], lr: 0.01000	Loss 0.3031 (0.3855)	Prec@1 91.406 (87.115)	Prec@5 100.000 (99.615)
Epoch: [157][390/391], lr: 0.01000	Loss 0.5432 (0.3859)	Prec@1 85.000 (87.108)	Prec@5 98.750 (99.612)
Epoch [157] Training Results: Prec@1 87.108 Prec@5 99.612             Loss 0.38586
Epoch [157] Training Class Recall: [0.756,0.829,0.818,0.846,0.882,0.894,0.907,0.911,0.934,0.934]

Epoch: [158][0/391], lr: 0.01000	Loss 0.4027 (0.4027)	Prec@1 83.594 (83.594)	Prec@5 100.000 (100.000)
Epoch: [158][10/391], lr: 0.01000	Loss 0.2555 (0.3502)	Prec@1 92.969 (89.134)	Prec@5 100.000 (99.787)
Epoch: [158][20/391], lr: 0.01000	Loss 0.3671 (0.3453)	Prec@1 85.938 (88.690)	Prec@5 100.000 (99.628)
Epoch: [158][30/391], lr: 0.01000	Loss 0.4642 (0.3613)	Prec@1 86.719 (88.029)	Prec@5 98.438 (99.622)
Epoch: [158][40/391], lr: 0.01000	Loss 0.3352 (0.3579)	Prec@1 90.625 (88.262)	Prec@5 100.000 (99.676)
Epoch: [158][50/391], lr: 0.01000	Loss 0.3182 (0.3642)	Prec@1 89.062 (88.021)	Prec@5 100.000 (99.678)
Epoch: [158][60/391], lr: 0.01000	Loss 0.3539 (0.3650)	Prec@1 87.500 (87.910)	Prec@5 100.000 (99.705)
Epoch: [158][70/391], lr: 0.01000	Loss 0.4707 (0.3666)	Prec@1 85.938 (87.863)	Prec@5 99.219 (99.714)
Epoch: [158][80/391], lr: 0.01000	Loss 0.2540 (0.3612)	Prec@1 92.969 (87.973)	Prec@5 100.000 (99.720)
Epoch: [158][90/391], lr: 0.01000	Loss 0.3965 (0.3605)	Prec@1 87.500 (87.989)	Prec@5 100.000 (99.717)
Epoch: [158][100/391], lr: 0.01000	Loss 0.3130 (0.3608)	Prec@1 89.062 (87.972)	Prec@5 99.219 (99.706)
Epoch: [158][110/391], lr: 0.01000	Loss 0.3483 (0.3595)	Prec@1 88.281 (88.035)	Prec@5 100.000 (99.718)
Epoch: [158][120/391], lr: 0.01000	Loss 0.4235 (0.3576)	Prec@1 84.375 (88.010)	Prec@5 99.219 (99.735)
Epoch: [158][130/391], lr: 0.01000	Loss 0.4411 (0.3570)	Prec@1 85.938 (88.102)	Prec@5 100.000 (99.714)
Epoch: [158][140/391], lr: 0.01000	Loss 0.3517 (0.3583)	Prec@1 84.375 (88.004)	Prec@5 100.000 (99.717)
Epoch: [158][150/391], lr: 0.01000	Loss 0.3040 (0.3601)	Prec@1 92.969 (88.002)	Prec@5 100.000 (99.726)
Epoch: [158][160/391], lr: 0.01000	Loss 0.3737 (0.3629)	Prec@1 90.625 (87.942)	Prec@5 99.219 (99.719)
Epoch: [158][170/391], lr: 0.01000	Loss 0.2669 (0.3633)	Prec@1 90.625 (87.984)	Prec@5 100.000 (99.708)
Epoch: [158][180/391], lr: 0.01000	Loss 0.5068 (0.3650)	Prec@1 82.812 (87.919)	Prec@5 99.219 (99.711)
Epoch: [158][190/391], lr: 0.01000	Loss 0.5077 (0.3685)	Prec@1 85.938 (87.860)	Prec@5 99.219 (99.701)
Epoch: [158][200/391], lr: 0.01000	Loss 0.3050 (0.3736)	Prec@1 86.719 (87.640)	Prec@5 100.000 (99.697)
Epoch: [158][210/391], lr: 0.01000	Loss 0.3814 (0.3770)	Prec@1 86.719 (87.563)	Prec@5 100.000 (99.689)
Epoch: [158][220/391], lr: 0.01000	Loss 0.4310 (0.3771)	Prec@1 84.375 (87.542)	Prec@5 99.219 (99.692)
Epoch: [158][230/391], lr: 0.01000	Loss 0.5855 (0.3795)	Prec@1 83.594 (87.517)	Prec@5 98.438 (99.665)
Epoch: [158][240/391], lr: 0.01000	Loss 0.3362 (0.3810)	Prec@1 89.062 (87.494)	Prec@5 99.219 (99.660)
Epoch: [158][250/391], lr: 0.01000	Loss 0.3815 (0.3812)	Prec@1 88.281 (87.478)	Prec@5 99.219 (99.648)
Epoch: [158][260/391], lr: 0.01000	Loss 0.3673 (0.3823)	Prec@1 86.719 (87.413)	Prec@5 99.219 (99.644)
Epoch: [158][270/391], lr: 0.01000	Loss 0.4047 (0.3835)	Prec@1 85.938 (87.379)	Prec@5 98.438 (99.640)
Epoch: [158][280/391], lr: 0.01000	Loss 0.3217 (0.3823)	Prec@1 89.062 (87.405)	Prec@5 100.000 (99.630)
Epoch: [158][290/391], lr: 0.01000	Loss 0.6002 (0.3827)	Prec@1 82.812 (87.385)	Prec@5 100.000 (99.630)
Epoch: [158][300/391], lr: 0.01000	Loss 0.6146 (0.3832)	Prec@1 81.250 (87.352)	Prec@5 99.219 (99.624)
Epoch: [158][310/391], lr: 0.01000	Loss 0.3926 (0.3835)	Prec@1 87.500 (87.319)	Prec@5 98.438 (99.623)
Epoch: [158][320/391], lr: 0.01000	Loss 0.4163 (0.3837)	Prec@1 86.719 (87.303)	Prec@5 100.000 (99.635)
Epoch: [158][330/391], lr: 0.01000	Loss 0.3435 (0.3839)	Prec@1 87.500 (87.290)	Prec@5 100.000 (99.632)
Epoch: [158][340/391], lr: 0.01000	Loss 0.4393 (0.3832)	Prec@1 87.500 (87.337)	Prec@5 97.656 (99.627)
Epoch: [158][350/391], lr: 0.01000	Loss 0.4657 (0.3830)	Prec@1 85.156 (87.349)	Prec@5 100.000 (99.628)
Epoch: [158][360/391], lr: 0.01000	Loss 0.4982 (0.3828)	Prec@1 82.031 (87.368)	Prec@5 100.000 (99.630)
Epoch: [158][370/391], lr: 0.01000	Loss 0.3648 (0.3831)	Prec@1 86.719 (87.359)	Prec@5 99.219 (99.623)
Epoch: [158][380/391], lr: 0.01000	Loss 0.3729 (0.3834)	Prec@1 85.156 (87.332)	Prec@5 99.219 (99.615)
Epoch: [158][390/391], lr: 0.01000	Loss 0.4357 (0.3836)	Prec@1 81.250 (87.346)	Prec@5 100.000 (99.610)
Epoch [158] Training Results: Prec@1 87.346 Prec@5 99.610             Loss 0.38357
Epoch [158] Training Class Recall: [0.756,0.834,0.818,0.851,0.890,0.901,0.910,0.911,0.932,0.932]

Epoch: [159][0/391], lr: 0.01000	Loss 0.4890 (0.4890)	Prec@1 85.156 (85.156)	Prec@5 100.000 (100.000)
Epoch: [159][10/391], lr: 0.01000	Loss 0.2561 (0.3564)	Prec@1 89.844 (87.145)	Prec@5 100.000 (99.645)
Epoch: [159][20/391], lr: 0.01000	Loss 0.4441 (0.3580)	Prec@1 85.938 (87.128)	Prec@5 99.219 (99.702)
Epoch: [159][30/391], lr: 0.01000	Loss 0.3074 (0.3491)	Prec@1 91.406 (88.029)	Prec@5 100.000 (99.698)
Epoch: [159][40/391], lr: 0.01000	Loss 0.1523 (0.3419)	Prec@1 95.312 (88.338)	Prec@5 100.000 (99.695)
Epoch: [159][50/391], lr: 0.01000	Loss 0.3365 (0.3384)	Prec@1 89.844 (88.588)	Prec@5 100.000 (99.709)
Epoch: [159][60/391], lr: 0.01000	Loss 0.4199 (0.3437)	Prec@1 85.938 (88.473)	Prec@5 99.219 (99.705)
Epoch: [159][70/391], lr: 0.01000	Loss 0.2760 (0.3439)	Prec@1 90.625 (88.512)	Prec@5 100.000 (99.681)
Epoch: [159][80/391], lr: 0.01000	Loss 0.2995 (0.3357)	Prec@1 89.062 (88.648)	Prec@5 100.000 (99.711)
Epoch: [159][90/391], lr: 0.01000	Loss 0.2499 (0.3343)	Prec@1 91.406 (88.736)	Prec@5 100.000 (99.717)
Epoch: [159][100/391], lr: 0.01000	Loss 0.2659 (0.3343)	Prec@1 90.625 (88.707)	Prec@5 100.000 (99.729)
Epoch: [159][110/391], lr: 0.01000	Loss 0.3631 (0.3337)	Prec@1 85.938 (88.767)	Prec@5 100.000 (99.733)
Epoch: [159][120/391], lr: 0.01000	Loss 0.2311 (0.3319)	Prec@1 91.406 (88.791)	Prec@5 100.000 (99.735)
Epoch: [159][130/391], lr: 0.01000	Loss 0.2146 (0.3305)	Prec@1 91.406 (88.866)	Prec@5 100.000 (99.732)
Epoch: [159][140/391], lr: 0.01000	Loss 0.3345 (0.3312)	Prec@1 87.500 (88.813)	Prec@5 100.000 (99.740)
Epoch: [159][150/391], lr: 0.01000	Loss 0.5081 (0.3337)	Prec@1 87.500 (88.757)	Prec@5 99.219 (99.741)
Epoch: [159][160/391], lr: 0.01000	Loss 0.3589 (0.3372)	Prec@1 89.844 (88.713)	Prec@5 98.438 (99.709)
Epoch: [159][170/391], lr: 0.01000	Loss 0.2628 (0.3408)	Prec@1 92.969 (88.606)	Prec@5 100.000 (99.689)
Epoch: [159][180/391], lr: 0.01000	Loss 0.2923 (0.3428)	Prec@1 89.844 (88.488)	Prec@5 100.000 (99.689)
Epoch: [159][190/391], lr: 0.01000	Loss 0.3906 (0.3437)	Prec@1 86.719 (88.437)	Prec@5 99.219 (99.689)
Epoch: [159][200/391], lr: 0.01000	Loss 0.3747 (0.3447)	Prec@1 87.500 (88.375)	Prec@5 100.000 (99.681)
Epoch: [159][210/391], lr: 0.01000	Loss 0.3626 (0.3465)	Prec@1 86.719 (88.300)	Prec@5 98.438 (99.678)
Epoch: [159][220/391], lr: 0.01000	Loss 0.2950 (0.3490)	Prec@1 89.844 (88.225)	Prec@5 100.000 (99.671)
Epoch: [159][230/391], lr: 0.01000	Loss 0.3627 (0.3495)	Prec@1 85.156 (88.203)	Prec@5 100.000 (99.662)
Epoch: [159][240/391], lr: 0.01000	Loss 0.3882 (0.3510)	Prec@1 86.719 (88.178)	Prec@5 99.219 (99.656)
Epoch: [159][250/391], lr: 0.01000	Loss 0.6046 (0.3529)	Prec@1 80.469 (88.157)	Prec@5 100.000 (99.661)
Epoch: [159][260/391], lr: 0.01000	Loss 0.2940 (0.3519)	Prec@1 89.844 (88.159)	Prec@5 100.000 (99.665)
Epoch: [159][270/391], lr: 0.01000	Loss 0.3951 (0.3540)	Prec@1 86.719 (88.111)	Prec@5 100.000 (99.668)
Epoch: [159][280/391], lr: 0.01000	Loss 0.2778 (0.3552)	Prec@1 92.969 (88.078)	Prec@5 98.438 (99.666)
Epoch: [159][290/391], lr: 0.01000	Loss 0.3308 (0.3555)	Prec@1 89.062 (88.064)	Prec@5 99.219 (99.667)
Epoch: [159][300/391], lr: 0.01000	Loss 0.3341 (0.3553)	Prec@1 88.281 (88.071)	Prec@5 100.000 (99.663)
Epoch: [159][310/391], lr: 0.01000	Loss 0.2910 (0.3550)	Prec@1 91.406 (88.098)	Prec@5 100.000 (99.668)
Epoch: [159][320/391], lr: 0.01000	Loss 0.3173 (0.3556)	Prec@1 86.719 (88.101)	Prec@5 100.000 (99.664)
Epoch: [159][330/391], lr: 0.01000	Loss 0.3620 (0.3555)	Prec@1 86.719 (88.095)	Prec@5 100.000 (99.662)
Epoch: [159][340/391], lr: 0.01000	Loss 0.3129 (0.3550)	Prec@1 89.062 (88.109)	Prec@5 99.219 (99.661)
Epoch: [159][350/391], lr: 0.01000	Loss 0.3031 (0.3552)	Prec@1 89.062 (88.130)	Prec@5 100.000 (99.662)
Epoch: [159][360/391], lr: 0.01000	Loss 0.3523 (0.3556)	Prec@1 86.719 (88.119)	Prec@5 100.000 (99.658)
Epoch: [159][370/391], lr: 0.01000	Loss 0.4677 (0.3572)	Prec@1 82.812 (88.069)	Prec@5 98.438 (99.644)
Epoch: [159][380/391], lr: 0.01000	Loss 0.3197 (0.3569)	Prec@1 89.062 (88.064)	Prec@5 100.000 (99.651)
Epoch: [159][390/391], lr: 0.01000	Loss 0.2337 (0.3576)	Prec@1 91.250 (88.046)	Prec@5 100.000 (99.650)
Epoch [159] Training Results: Prec@1 88.046 Prec@5 99.650             Loss 0.35755
Epoch [159] Training Class Recall: [0.766,0.837,0.821,0.858,0.898,0.906,0.917,0.922,0.939,0.942]

Epoch: [160][0/391], lr: 0.00010	Loss 0.4521 (0.4521)	Prec@1 85.156 (85.156)	Prec@5 100.000 (100.000)
Epoch: [160][10/391], lr: 0.00010	Loss 0.2970 (0.3744)	Prec@1 88.281 (87.855)	Prec@5 100.000 (99.787)
Epoch: [160][20/391], lr: 0.00010	Loss 0.3241 (0.3437)	Prec@1 88.281 (88.839)	Prec@5 99.219 (99.777)
Epoch: [160][30/391], lr: 0.00010	Loss 0.2294 (0.3443)	Prec@1 91.406 (88.533)	Prec@5 100.000 (99.748)
Epoch: [160][40/391], lr: 0.00010	Loss 0.3604 (0.3458)	Prec@1 87.500 (88.453)	Prec@5 100.000 (99.752)
Epoch: [160][50/391], lr: 0.00010	Loss 0.2744 (0.3376)	Prec@1 91.406 (88.787)	Prec@5 100.000 (99.740)
Epoch: [160][60/391], lr: 0.00010	Loss 0.4448 (0.3362)	Prec@1 88.281 (88.998)	Prec@5 99.219 (99.718)
Epoch: [160][70/391], lr: 0.00010	Loss 0.2629 (0.3249)	Prec@1 92.969 (89.382)	Prec@5 99.219 (99.736)
Epoch: [160][80/391], lr: 0.00010	Loss 0.3252 (0.3215)	Prec@1 89.844 (89.429)	Prec@5 100.000 (99.740)
Epoch: [160][90/391], lr: 0.00010	Loss 0.3222 (0.3210)	Prec@1 89.844 (89.483)	Prec@5 99.219 (99.751)
Epoch: [160][100/391], lr: 0.00010	Loss 0.2138 (0.3149)	Prec@1 92.188 (89.728)	Prec@5 100.000 (99.729)
Epoch: [160][110/391], lr: 0.00010	Loss 0.2768 (0.3141)	Prec@1 92.188 (89.759)	Prec@5 100.000 (99.740)
Epoch: [160][120/391], lr: 0.00010	Loss 0.2495 (0.3126)	Prec@1 92.969 (89.850)	Prec@5 99.219 (99.729)
Epoch: [160][130/391], lr: 0.00010	Loss 0.2778 (0.3087)	Prec@1 91.406 (89.993)	Prec@5 100.000 (99.750)
Epoch: [160][140/391], lr: 0.00010	Loss 0.3219 (0.3051)	Prec@1 89.844 (90.126)	Prec@5 100.000 (99.751)
Epoch: [160][150/391], lr: 0.00010	Loss 0.2439 (0.3006)	Prec@1 92.969 (90.299)	Prec@5 100.000 (99.752)
Epoch: [160][160/391], lr: 0.00010	Loss 0.2168 (0.2981)	Prec@1 91.406 (90.392)	Prec@5 100.000 (99.748)
Epoch: [160][170/391], lr: 0.00010	Loss 0.2150 (0.2948)	Prec@1 92.969 (90.520)	Prec@5 99.219 (99.758)
Epoch: [160][180/391], lr: 0.00010	Loss 0.2956 (0.2931)	Prec@1 93.750 (90.629)	Prec@5 99.219 (99.754)
Epoch: [160][190/391], lr: 0.00010	Loss 0.2663 (0.2907)	Prec@1 89.062 (90.682)	Prec@5 100.000 (99.759)
Epoch: [160][200/391], lr: 0.00010	Loss 0.2021 (0.2894)	Prec@1 93.750 (90.718)	Prec@5 99.219 (99.763)
Epoch: [160][210/391], lr: 0.00010	Loss 0.1590 (0.2857)	Prec@1 96.094 (90.825)	Prec@5 100.000 (99.774)
Epoch: [160][220/391], lr: 0.00010	Loss 0.3025 (0.2843)	Prec@1 89.062 (90.887)	Prec@5 99.219 (99.770)
Epoch: [160][230/391], lr: 0.00010	Loss 0.1496 (0.2823)	Prec@1 95.312 (90.940)	Prec@5 100.000 (99.773)
Epoch: [160][240/391], lr: 0.00010	Loss 0.1882 (0.2795)	Prec@1 94.531 (91.043)	Prec@5 100.000 (99.776)
Epoch: [160][250/391], lr: 0.00010	Loss 0.2312 (0.2765)	Prec@1 92.969 (91.170)	Prec@5 99.219 (99.776)
Epoch: [160][260/391], lr: 0.00010	Loss 0.2609 (0.2743)	Prec@1 89.844 (91.254)	Prec@5 100.000 (99.784)
Epoch: [160][270/391], lr: 0.00010	Loss 0.2754 (0.2725)	Prec@1 91.406 (91.343)	Prec@5 100.000 (99.784)
Epoch: [160][280/391], lr: 0.00010	Loss 0.1734 (0.2700)	Prec@1 94.531 (91.428)	Prec@5 100.000 (99.783)
Epoch: [160][290/391], lr: 0.00010	Loss 0.2577 (0.2681)	Prec@1 90.625 (91.506)	Prec@5 100.000 (99.785)
Epoch: [160][300/391], lr: 0.00010	Loss 0.2449 (0.2662)	Prec@1 91.406 (91.544)	Prec@5 100.000 (99.790)
Epoch: [160][310/391], lr: 0.00010	Loss 0.2431 (0.2649)	Prec@1 91.406 (91.612)	Prec@5 100.000 (99.789)
Epoch: [160][320/391], lr: 0.00010	Loss 0.1422 (0.2621)	Prec@1 94.531 (91.701)	Prec@5 100.000 (99.796)
Epoch: [160][330/391], lr: 0.00010	Loss 0.1986 (0.2604)	Prec@1 94.531 (91.765)	Prec@5 100.000 (99.799)
Epoch: [160][340/391], lr: 0.00010	Loss 0.2004 (0.2592)	Prec@1 92.969 (91.803)	Prec@5 100.000 (99.798)
Epoch: [160][350/391], lr: 0.00010	Loss 0.2538 (0.2585)	Prec@1 92.188 (91.807)	Prec@5 99.219 (99.802)
Epoch: [160][360/391], lr: 0.00010	Loss 0.3061 (0.2578)	Prec@1 92.969 (91.835)	Prec@5 98.438 (99.801)
Epoch: [160][370/391], lr: 0.00010	Loss 0.1826 (0.2564)	Prec@1 92.969 (91.880)	Prec@5 100.000 (99.800)
Epoch: [160][380/391], lr: 0.00010	Loss 0.2639 (0.2548)	Prec@1 89.844 (91.909)	Prec@5 100.000 (99.805)
Epoch: [160][390/391], lr: 0.00010	Loss 0.2991 (0.2536)	Prec@1 91.250 (91.942)	Prec@5 100.000 (99.806)
Epoch [160] Training Results: Prec@1 91.942 Prec@5 99.806             Loss 0.25360
Epoch [160] Training Class Recall: [0.811,0.865,0.876,0.918,0.936,0.941,0.953,0.955,0.965,0.974]

Epoch: [161][0/391], lr: 0.00010	Loss 0.1933 (0.1933)	Prec@1 92.969 (92.969)	Prec@5 100.000 (100.000)
Epoch: [161][10/391], lr: 0.00010	Loss 0.1775 (0.1904)	Prec@1 96.094 (93.963)	Prec@5 100.000 (99.929)
Epoch: [161][20/391], lr: 0.00010	Loss 0.1350 (0.1822)	Prec@1 96.875 (94.494)	Prec@5 100.000 (99.926)
Epoch: [161][30/391], lr: 0.00010	Loss 0.2433 (0.1942)	Prec@1 93.750 (94.153)	Prec@5 100.000 (99.899)
Epoch: [161][40/391], lr: 0.00010	Loss 0.2298 (0.2004)	Prec@1 94.531 (93.845)	Prec@5 100.000 (99.924)
Epoch: [161][50/391], lr: 0.00010	Loss 0.1399 (0.1983)	Prec@1 96.094 (93.888)	Prec@5 100.000 (99.908)
Epoch: [161][60/391], lr: 0.00010	Loss 0.2472 (0.2004)	Prec@1 91.406 (93.968)	Prec@5 100.000 (99.910)
Epoch: [161][70/391], lr: 0.00010	Loss 0.2376 (0.1980)	Prec@1 90.625 (94.058)	Prec@5 99.219 (99.890)
Epoch: [161][80/391], lr: 0.00010	Loss 0.1552 (0.1975)	Prec@1 96.094 (94.174)	Prec@5 100.000 (99.904)
Epoch: [161][90/391], lr: 0.00010	Loss 0.1687 (0.1958)	Prec@1 94.531 (94.179)	Prec@5 100.000 (99.914)
Epoch: [161][100/391], lr: 0.00010	Loss 0.2209 (0.1951)	Prec@1 92.969 (94.199)	Prec@5 100.000 (99.923)
Epoch: [161][110/391], lr: 0.00010	Loss 0.2489 (0.1955)	Prec@1 92.969 (94.222)	Prec@5 100.000 (99.894)
Epoch: [161][120/391], lr: 0.00010	Loss 0.1992 (0.1965)	Prec@1 92.969 (94.176)	Prec@5 100.000 (99.884)
Epoch: [161][130/391], lr: 0.00010	Loss 0.1394 (0.1943)	Prec@1 96.094 (94.245)	Prec@5 100.000 (99.887)
Epoch: [161][140/391], lr: 0.00010	Loss 0.1793 (0.1940)	Prec@1 94.531 (94.227)	Prec@5 100.000 (99.889)
Epoch: [161][150/391], lr: 0.00010	Loss 0.2466 (0.1935)	Prec@1 91.406 (94.221)	Prec@5 100.000 (99.891)
Epoch: [161][160/391], lr: 0.00010	Loss 0.2503 (0.1924)	Prec@1 91.406 (94.235)	Prec@5 100.000 (99.898)
Epoch: [161][170/391], lr: 0.00010	Loss 0.1380 (0.1915)	Prec@1 95.312 (94.262)	Prec@5 100.000 (99.895)
Epoch: [161][180/391], lr: 0.00010	Loss 0.1919 (0.1917)	Prec@1 92.969 (94.259)	Prec@5 100.000 (99.896)
Epoch: [161][190/391], lr: 0.00010	Loss 0.2119 (0.1904)	Prec@1 93.750 (94.274)	Prec@5 99.219 (99.898)
Epoch: [161][200/391], lr: 0.00010	Loss 0.1775 (0.1891)	Prec@1 95.312 (94.352)	Prec@5 100.000 (99.895)
Epoch: [161][210/391], lr: 0.00010	Loss 0.1578 (0.1890)	Prec@1 94.531 (94.342)	Prec@5 100.000 (99.900)
Epoch: [161][220/391], lr: 0.00010	Loss 0.1905 (0.1887)	Prec@1 92.969 (94.362)	Prec@5 100.000 (99.901)
Epoch: [161][230/391], lr: 0.00010	Loss 0.1523 (0.1878)	Prec@1 96.094 (94.423)	Prec@5 100.000 (99.902)
Epoch: [161][240/391], lr: 0.00010	Loss 0.1184 (0.1877)	Prec@1 96.094 (94.424)	Prec@5 100.000 (99.896)
Epoch: [161][250/391], lr: 0.00010	Loss 0.1582 (0.1869)	Prec@1 97.656 (94.478)	Prec@5 100.000 (99.897)
Epoch: [161][260/391], lr: 0.00010	Loss 0.1458 (0.1862)	Prec@1 96.875 (94.510)	Prec@5 100.000 (99.901)
Epoch: [161][270/391], lr: 0.00010	Loss 0.1152 (0.1857)	Prec@1 96.875 (94.534)	Prec@5 100.000 (99.905)
Epoch: [161][280/391], lr: 0.00010	Loss 0.1655 (0.1845)	Prec@1 96.875 (94.587)	Prec@5 100.000 (99.908)
Epoch: [161][290/391], lr: 0.00010	Loss 0.1535 (0.1833)	Prec@1 96.875 (94.628)	Prec@5 100.000 (99.911)
Epoch: [161][300/391], lr: 0.00010	Loss 0.2105 (0.1823)	Prec@1 90.625 (94.648)	Prec@5 100.000 (99.914)
Epoch: [161][310/391], lr: 0.00010	Loss 0.1456 (0.1819)	Prec@1 96.875 (94.649)	Prec@5 99.219 (99.912)
Epoch: [161][320/391], lr: 0.00010	Loss 0.0803 (0.1810)	Prec@1 98.438 (94.682)	Prec@5 100.000 (99.915)
Epoch: [161][330/391], lr: 0.00010	Loss 0.1825 (0.1804)	Prec@1 96.875 (94.701)	Prec@5 100.000 (99.915)
Epoch: [161][340/391], lr: 0.00010	Loss 0.1726 (0.1803)	Prec@1 95.312 (94.703)	Prec@5 100.000 (99.918)
Epoch: [161][350/391], lr: 0.00010	Loss 0.2163 (0.1803)	Prec@1 92.969 (94.696)	Prec@5 100.000 (99.918)
Epoch: [161][360/391], lr: 0.00010	Loss 0.2086 (0.1799)	Prec@1 94.531 (94.709)	Prec@5 99.219 (99.918)
Epoch: [161][370/391], lr: 0.00010	Loss 0.1606 (0.1795)	Prec@1 95.312 (94.723)	Prec@5 100.000 (99.920)
Epoch: [161][380/391], lr: 0.00010	Loss 0.1852 (0.1791)	Prec@1 95.312 (94.742)	Prec@5 100.000 (99.916)
Epoch: [161][390/391], lr: 0.00010	Loss 0.2077 (0.1794)	Prec@1 92.500 (94.732)	Prec@5 100.000 (99.914)
Epoch [161] Training Results: Prec@1 94.732 Prec@5 99.914             Loss 0.17937
Epoch [161] Training Class Recall: [0.862,0.909,0.907,0.941,0.957,0.967,0.979,0.975,0.988,0.989]

Epoch: [162][0/391], lr: 0.00010	Loss 0.1631 (0.1631)	Prec@1 93.750 (93.750)	Prec@5 100.000 (100.000)
Epoch: [162][10/391], lr: 0.00010	Loss 0.1383 (0.1630)	Prec@1 96.875 (94.886)	Prec@5 100.000 (99.929)
Epoch: [162][20/391], lr: 0.00010	Loss 0.2077 (0.1720)	Prec@1 92.969 (94.531)	Prec@5 100.000 (99.963)
Epoch: [162][30/391], lr: 0.00010	Loss 0.1558 (0.1646)	Prec@1 96.875 (94.834)	Prec@5 99.219 (99.950)
Epoch: [162][40/391], lr: 0.00010	Loss 0.1131 (0.1598)	Prec@1 96.875 (94.874)	Prec@5 100.000 (99.962)
Epoch: [162][50/391], lr: 0.00010	Loss 0.1645 (0.1588)	Prec@1 92.969 (94.930)	Prec@5 100.000 (99.954)
Epoch: [162][60/391], lr: 0.00010	Loss 0.1678 (0.1597)	Prec@1 93.750 (94.890)	Prec@5 100.000 (99.949)
Epoch: [162][70/391], lr: 0.00010	Loss 0.1637 (0.1613)	Prec@1 92.969 (94.883)	Prec@5 100.000 (99.945)
Epoch: [162][80/391], lr: 0.00010	Loss 0.1318 (0.1618)	Prec@1 96.094 (94.888)	Prec@5 100.000 (99.932)
Epoch: [162][90/391], lr: 0.00010	Loss 0.1759 (0.1615)	Prec@1 91.406 (94.935)	Prec@5 100.000 (99.931)
Epoch: [162][100/391], lr: 0.00010	Loss 0.1851 (0.1612)	Prec@1 93.750 (94.918)	Prec@5 100.000 (99.938)
Epoch: [162][110/391], lr: 0.00010	Loss 0.2511 (0.1637)	Prec@1 92.188 (94.876)	Prec@5 100.000 (99.944)
Epoch: [162][120/391], lr: 0.00010	Loss 0.1989 (0.1647)	Prec@1 92.188 (94.828)	Prec@5 99.219 (99.935)
Epoch: [162][130/391], lr: 0.00010	Loss 0.1687 (0.1656)	Prec@1 96.094 (94.782)	Prec@5 100.000 (99.928)
Epoch: [162][140/391], lr: 0.00010	Loss 0.1428 (0.1629)	Prec@1 94.531 (94.897)	Prec@5 100.000 (99.922)
Epoch: [162][150/391], lr: 0.00010	Loss 0.1516 (0.1627)	Prec@1 96.875 (94.940)	Prec@5 100.000 (99.922)
Epoch: [162][160/391], lr: 0.00010	Loss 0.1038 (0.1620)	Prec@1 96.094 (94.997)	Prec@5 100.000 (99.927)
Epoch: [162][170/391], lr: 0.00010	Loss 0.1602 (0.1604)	Prec@1 95.312 (95.089)	Prec@5 100.000 (99.927)
Epoch: [162][180/391], lr: 0.00010	Loss 0.1083 (0.1602)	Prec@1 94.531 (95.110)	Prec@5 100.000 (99.927)
Epoch: [162][190/391], lr: 0.00010	Loss 0.1880 (0.1604)	Prec@1 95.312 (95.120)	Prec@5 100.000 (99.926)
Epoch: [162][200/391], lr: 0.00010	Loss 0.1432 (0.1606)	Prec@1 96.094 (95.114)	Prec@5 100.000 (99.926)
Epoch: [162][210/391], lr: 0.00010	Loss 0.2197 (0.1604)	Prec@1 92.969 (95.150)	Prec@5 100.000 (99.930)
Epoch: [162][220/391], lr: 0.00010	Loss 0.1320 (0.1597)	Prec@1 96.875 (95.168)	Prec@5 100.000 (99.929)
Epoch: [162][230/391], lr: 0.00010	Loss 0.2066 (0.1589)	Prec@1 91.406 (95.214)	Prec@5 100.000 (99.926)
Epoch: [162][240/391], lr: 0.00010	Loss 0.1174 (0.1580)	Prec@1 97.656 (95.254)	Prec@5 100.000 (99.925)
Epoch: [162][250/391], lr: 0.00010	Loss 0.1015 (0.1576)	Prec@1 96.875 (95.269)	Prec@5 100.000 (99.922)
Epoch: [162][260/391], lr: 0.00010	Loss 0.1761 (0.1586)	Prec@1 93.750 (95.211)	Prec@5 100.000 (99.919)
Epoch: [162][270/391], lr: 0.00010	Loss 0.1438 (0.1578)	Prec@1 96.094 (95.249)	Prec@5 100.000 (99.922)
Epoch: [162][280/391], lr: 0.00010	Loss 0.1067 (0.1571)	Prec@1 97.656 (95.276)	Prec@5 100.000 (99.919)
Epoch: [162][290/391], lr: 0.00010	Loss 0.1918 (0.1567)	Prec@1 94.531 (95.304)	Prec@5 99.219 (99.911)
Epoch: [162][300/391], lr: 0.00010	Loss 0.2133 (0.1569)	Prec@1 93.750 (95.315)	Prec@5 100.000 (99.912)
Epoch: [162][310/391], lr: 0.00010	Loss 0.2159 (0.1566)	Prec@1 93.750 (95.338)	Prec@5 100.000 (99.910)
Epoch: [162][320/391], lr: 0.00010	Loss 0.0985 (0.1562)	Prec@1 97.656 (95.351)	Prec@5 100.000 (99.910)
Epoch: [162][330/391], lr: 0.00010	Loss 0.1100 (0.1561)	Prec@1 96.875 (95.367)	Prec@5 100.000 (99.910)
Epoch: [162][340/391], lr: 0.00010	Loss 0.1512 (0.1558)	Prec@1 95.312 (95.372)	Prec@5 100.000 (99.913)
Epoch: [162][350/391], lr: 0.00010	Loss 0.1278 (0.1552)	Prec@1 96.094 (95.399)	Prec@5 100.000 (99.913)
Epoch: [162][360/391], lr: 0.00010	Loss 0.1014 (0.1547)	Prec@1 96.094 (95.410)	Prec@5 100.000 (99.913)
Epoch: [162][370/391], lr: 0.00010	Loss 0.1236 (0.1545)	Prec@1 95.312 (95.424)	Prec@5 100.000 (99.916)
Epoch: [162][380/391], lr: 0.00010	Loss 0.1403 (0.1539)	Prec@1 95.312 (95.446)	Prec@5 100.000 (99.914)
Epoch: [162][390/391], lr: 0.00010	Loss 0.1171 (0.1534)	Prec@1 95.000 (95.470)	Prec@5 100.000 (99.916)
Epoch [162] Training Results: Prec@1 95.470 Prec@5 99.916             Loss 0.15339
Epoch [162] Training Class Recall: [0.875,0.920,0.920,0.953,0.961,0.972,0.981,0.984,0.990,0.992]

Epoch: [163][0/391], lr: 0.00010	Loss 0.1160 (0.1160)	Prec@1 96.875 (96.875)	Prec@5 100.000 (100.000)
Epoch: [163][10/391], lr: 0.00010	Loss 0.1613 (0.1318)	Prec@1 97.656 (96.804)	Prec@5 99.219 (99.929)
Epoch: [163][20/391], lr: 0.00010	Loss 0.1987 (0.1369)	Prec@1 94.531 (96.577)	Prec@5 100.000 (99.888)
Epoch: [163][30/391], lr: 0.00010	Loss 0.1931 (0.1496)	Prec@1 96.094 (96.069)	Prec@5 100.000 (99.874)
Epoch: [163][40/391], lr: 0.00010	Loss 0.1271 (0.1491)	Prec@1 98.438 (95.884)	Prec@5 100.000 (99.905)
Epoch: [163][50/391], lr: 0.00010	Loss 0.1392 (0.1489)	Prec@1 94.531 (95.803)	Prec@5 100.000 (99.893)
Epoch: [163][60/391], lr: 0.00010	Loss 0.0744 (0.1449)	Prec@1 97.656 (95.889)	Prec@5 100.000 (99.898)
Epoch: [163][70/391], lr: 0.00010	Loss 0.1171 (0.1417)	Prec@1 96.875 (95.852)	Prec@5 100.000 (99.912)
Epoch: [163][80/391], lr: 0.00010	Loss 0.1550 (0.1398)	Prec@1 94.531 (95.910)	Prec@5 100.000 (99.913)
Epoch: [163][90/391], lr: 0.00010	Loss 0.1792 (0.1411)	Prec@1 94.531 (95.862)	Prec@5 100.000 (99.914)
Epoch: [163][100/391], lr: 0.00010	Loss 0.1553 (0.1410)	Prec@1 95.312 (95.908)	Prec@5 100.000 (99.915)
Epoch: [163][110/391], lr: 0.00010	Loss 0.1464 (0.1424)	Prec@1 96.094 (95.876)	Prec@5 100.000 (99.909)
Epoch: [163][120/391], lr: 0.00010	Loss 0.1139 (0.1430)	Prec@1 97.656 (95.861)	Prec@5 99.219 (99.910)
Epoch: [163][130/391], lr: 0.00010	Loss 0.0964 (0.1404)	Prec@1 98.438 (95.963)	Prec@5 100.000 (99.917)
Epoch: [163][140/391], lr: 0.00010	Loss 0.1225 (0.1413)	Prec@1 96.875 (95.933)	Prec@5 100.000 (99.917)
Epoch: [163][150/391], lr: 0.00010	Loss 0.1651 (0.1411)	Prec@1 94.531 (95.944)	Prec@5 100.000 (99.917)
Epoch: [163][160/391], lr: 0.00010	Loss 0.1189 (0.1405)	Prec@1 96.875 (95.958)	Prec@5 100.000 (99.922)
Epoch: [163][170/391], lr: 0.00010	Loss 0.0607 (0.1401)	Prec@1 100.000 (95.980)	Prec@5 100.000 (99.927)
Epoch: [163][180/391], lr: 0.00010	Loss 0.1456 (0.1413)	Prec@1 92.969 (95.921)	Prec@5 100.000 (99.927)
Epoch: [163][190/391], lr: 0.00010	Loss 0.0993 (0.1404)	Prec@1 97.656 (95.955)	Prec@5 100.000 (99.922)
Epoch: [163][200/391], lr: 0.00010	Loss 0.1260 (0.1409)	Prec@1 96.875 (95.965)	Prec@5 100.000 (99.922)
Epoch: [163][210/391], lr: 0.00010	Loss 0.1781 (0.1408)	Prec@1 92.969 (95.968)	Prec@5 99.219 (99.922)
Epoch: [163][220/391], lr: 0.00010	Loss 0.1020 (0.1403)	Prec@1 95.312 (95.981)	Prec@5 100.000 (99.922)
Epoch: [163][230/391], lr: 0.00010	Loss 0.0881 (0.1398)	Prec@1 96.094 (95.979)	Prec@5 100.000 (99.926)
Epoch: [163][240/391], lr: 0.00010	Loss 0.1642 (0.1395)	Prec@1 92.188 (95.993)	Prec@5 100.000 (99.925)
Epoch: [163][250/391], lr: 0.00010	Loss 0.1577 (0.1395)	Prec@1 95.312 (95.985)	Prec@5 100.000 (99.928)
Epoch: [163][260/391], lr: 0.00010	Loss 0.1358 (0.1395)	Prec@1 95.312 (95.977)	Prec@5 100.000 (99.925)
Epoch: [163][270/391], lr: 0.00010	Loss 0.0846 (0.1395)	Prec@1 96.875 (95.958)	Prec@5 100.000 (99.925)
Epoch: [163][280/391], lr: 0.00010	Loss 0.1273 (0.1394)	Prec@1 96.094 (95.949)	Prec@5 100.000 (99.925)
Epoch: [163][290/391], lr: 0.00010	Loss 0.2119 (0.1402)	Prec@1 92.969 (95.922)	Prec@5 100.000 (99.928)
Epoch: [163][300/391], lr: 0.00010	Loss 0.0908 (0.1396)	Prec@1 98.438 (95.943)	Prec@5 100.000 (99.925)
Epoch: [163][310/391], lr: 0.00010	Loss 0.1705 (0.1398)	Prec@1 95.312 (95.928)	Prec@5 100.000 (99.927)
Epoch: [163][320/391], lr: 0.00010	Loss 0.1182 (0.1407)	Prec@1 98.438 (95.892)	Prec@5 99.219 (99.925)
Epoch: [163][330/391], lr: 0.00010	Loss 0.1284 (0.1402)	Prec@1 96.875 (95.912)	Prec@5 100.000 (99.927)
Epoch: [163][340/391], lr: 0.00010	Loss 0.1333 (0.1405)	Prec@1 96.094 (95.901)	Prec@5 100.000 (99.927)
Epoch: [163][350/391], lr: 0.00010	Loss 0.1812 (0.1407)	Prec@1 93.750 (95.885)	Prec@5 100.000 (99.929)
Epoch: [163][360/391], lr: 0.00010	Loss 0.1157 (0.1403)	Prec@1 94.531 (95.890)	Prec@5 100.000 (99.931)
Epoch: [163][370/391], lr: 0.00010	Loss 0.1206 (0.1401)	Prec@1 96.875 (95.898)	Prec@5 100.000 (99.928)
Epoch: [163][380/391], lr: 0.00010	Loss 0.0526 (0.1396)	Prec@1 100.000 (95.915)	Prec@5 100.000 (99.930)
Epoch: [163][390/391], lr: 0.00010	Loss 0.2880 (0.1399)	Prec@1 91.250 (95.906)	Prec@5 100.000 (99.932)
Epoch [163] Training Results: Prec@1 95.906 Prec@5 99.932             Loss 0.13989
Epoch [163] Training Class Recall: [0.892,0.922,0.926,0.954,0.972,0.976,0.984,0.983,0.990,0.992]

Epoch: [164][0/391], lr: 0.00010	Loss 0.2078 (0.2078)	Prec@1 92.969 (92.969)	Prec@5 98.438 (98.438)
Epoch: [164][10/391], lr: 0.00010	Loss 0.0859 (0.1214)	Prec@1 98.438 (96.520)	Prec@5 100.000 (99.858)
Epoch: [164][20/391], lr: 0.00010	Loss 0.1345 (0.1281)	Prec@1 96.094 (96.317)	Prec@5 100.000 (99.851)
Epoch: [164][30/391], lr: 0.00010	Loss 0.1012 (0.1300)	Prec@1 96.875 (96.169)	Prec@5 100.000 (99.874)
Epoch: [164][40/391], lr: 0.00010	Loss 0.0768 (0.1269)	Prec@1 98.438 (96.361)	Prec@5 100.000 (99.905)
Epoch: [164][50/391], lr: 0.00010	Loss 0.1054 (0.1254)	Prec@1 98.438 (96.431)	Prec@5 100.000 (99.923)
Epoch: [164][60/391], lr: 0.00010	Loss 0.1970 (0.1285)	Prec@1 92.188 (96.273)	Prec@5 100.000 (99.923)
Epoch: [164][70/391], lr: 0.00010	Loss 0.0898 (0.1266)	Prec@1 96.875 (96.270)	Prec@5 100.000 (99.934)
Epoch: [164][80/391], lr: 0.00010	Loss 0.1271 (0.1264)	Prec@1 97.656 (96.248)	Prec@5 100.000 (99.942)
Epoch: [164][90/391], lr: 0.00010	Loss 0.1140 (0.1284)	Prec@1 97.656 (96.197)	Prec@5 100.000 (99.931)
Epoch: [164][100/391], lr: 0.00010	Loss 0.1160 (0.1292)	Prec@1 97.656 (96.171)	Prec@5 100.000 (99.930)
Epoch: [164][110/391], lr: 0.00010	Loss 0.1009 (0.1310)	Prec@1 97.656 (96.101)	Prec@5 100.000 (99.937)
Epoch: [164][120/391], lr: 0.00010	Loss 0.1352 (0.1314)	Prec@1 96.875 (96.074)	Prec@5 100.000 (99.935)
Epoch: [164][130/391], lr: 0.00010	Loss 0.1691 (0.1327)	Prec@1 92.969 (96.058)	Prec@5 100.000 (99.934)
Epoch: [164][140/391], lr: 0.00010	Loss 0.1363 (0.1321)	Prec@1 97.656 (96.072)	Prec@5 100.000 (99.939)
Epoch: [164][150/391], lr: 0.00010	Loss 0.2585 (0.1330)	Prec@1 92.969 (96.063)	Prec@5 100.000 (99.938)
Epoch: [164][160/391], lr: 0.00010	Loss 0.2120 (0.1336)	Prec@1 95.312 (96.055)	Prec@5 100.000 (99.937)
Epoch: [164][170/391], lr: 0.00010	Loss 0.1395 (0.1328)	Prec@1 95.312 (96.080)	Prec@5 100.000 (99.941)
Epoch: [164][180/391], lr: 0.00010	Loss 0.0844 (0.1316)	Prec@1 96.875 (96.111)	Prec@5 100.000 (99.940)
Epoch: [164][190/391], lr: 0.00010	Loss 0.1807 (0.1316)	Prec@1 96.094 (96.131)	Prec@5 99.219 (99.935)
Epoch: [164][200/391], lr: 0.00010	Loss 0.1468 (0.1315)	Prec@1 93.750 (96.113)	Prec@5 100.000 (99.938)
Epoch: [164][210/391], lr: 0.00010	Loss 0.0993 (0.1308)	Prec@1 98.438 (96.186)	Prec@5 100.000 (99.930)
Epoch: [164][220/391], lr: 0.00010	Loss 0.1217 (0.1311)	Prec@1 97.656 (96.210)	Prec@5 100.000 (99.933)
Epoch: [164][230/391], lr: 0.00010	Loss 0.0826 (0.1313)	Prec@1 98.438 (96.226)	Prec@5 100.000 (99.929)
Epoch: [164][240/391], lr: 0.00010	Loss 0.1192 (0.1304)	Prec@1 95.312 (96.266)	Prec@5 100.000 (99.932)
Epoch: [164][250/391], lr: 0.00010	Loss 0.1013 (0.1303)	Prec@1 96.875 (96.262)	Prec@5 100.000 (99.928)
Epoch: [164][260/391], lr: 0.00010	Loss 0.1823 (0.1307)	Prec@1 93.750 (96.240)	Prec@5 100.000 (99.931)
Epoch: [164][270/391], lr: 0.00010	Loss 0.0697 (0.1309)	Prec@1 99.219 (96.238)	Prec@5 100.000 (99.925)
Epoch: [164][280/391], lr: 0.00010	Loss 0.1193 (0.1303)	Prec@1 96.094 (96.266)	Prec@5 100.000 (99.928)
Epoch: [164][290/391], lr: 0.00010	Loss 0.2041 (0.1304)	Prec@1 92.969 (96.276)	Prec@5 100.000 (99.925)
Epoch: [164][300/391], lr: 0.00010	Loss 0.1687 (0.1298)	Prec@1 95.312 (96.312)	Prec@5 100.000 (99.927)
Epoch: [164][310/391], lr: 0.00010	Loss 0.1168 (0.1297)	Prec@1 98.438 (96.325)	Prec@5 100.000 (99.930)
Epoch: [164][320/391], lr: 0.00010	Loss 0.1163 (0.1292)	Prec@1 95.312 (96.332)	Prec@5 100.000 (99.929)
Epoch: [164][330/391], lr: 0.00010	Loss 0.0602 (0.1297)	Prec@1 99.219 (96.320)	Prec@5 100.000 (99.929)
Epoch: [164][340/391], lr: 0.00010	Loss 0.1794 (0.1295)	Prec@1 94.531 (96.339)	Prec@5 100.000 (99.931)
Epoch: [164][350/391], lr: 0.00010	Loss 0.1465 (0.1294)	Prec@1 95.312 (96.347)	Prec@5 100.000 (99.933)
Epoch: [164][360/391], lr: 0.00010	Loss 0.1683 (0.1293)	Prec@1 96.094 (96.366)	Prec@5 100.000 (99.935)
Epoch: [164][370/391], lr: 0.00010	Loss 0.1561 (0.1290)	Prec@1 96.875 (96.378)	Prec@5 100.000 (99.935)
Epoch: [164][380/391], lr: 0.00010	Loss 0.1171 (0.1289)	Prec@1 96.094 (96.369)	Prec@5 100.000 (99.936)
Epoch: [164][390/391], lr: 0.00010	Loss 0.2067 (0.1291)	Prec@1 90.000 (96.356)	Prec@5 98.750 (99.934)
Epoch [164] Training Results: Prec@1 96.356 Prec@5 99.934             Loss 0.12907
Epoch [164] Training Class Recall: [0.897,0.928,0.934,0.958,0.975,0.983,0.987,0.987,0.992,0.995]

Epoch: [165][0/391], lr: 0.00010	Loss 0.1057 (0.1057)	Prec@1 96.094 (96.094)	Prec@5 100.000 (100.000)
Epoch: [165][10/391], lr: 0.00010	Loss 0.0805 (0.1286)	Prec@1 96.875 (96.094)	Prec@5 100.000 (100.000)
Epoch: [165][20/391], lr: 0.00010	Loss 0.0850 (0.1227)	Prec@1 98.438 (96.540)	Prec@5 100.000 (100.000)
Epoch: [165][30/391], lr: 0.00010	Loss 0.1681 (0.1233)	Prec@1 94.531 (96.522)	Prec@5 100.000 (100.000)
Epoch: [165][40/391], lr: 0.00010	Loss 0.2007 (0.1220)	Prec@1 96.094 (96.703)	Prec@5 100.000 (100.000)
Epoch: [165][50/391], lr: 0.00010	Loss 0.0786 (0.1209)	Prec@1 96.094 (96.737)	Prec@5 100.000 (100.000)
Epoch: [165][60/391], lr: 0.00010	Loss 0.1122 (0.1217)	Prec@1 96.094 (96.644)	Prec@5 100.000 (100.000)
Epoch: [165][70/391], lr: 0.00010	Loss 0.2106 (0.1234)	Prec@1 95.312 (96.578)	Prec@5 100.000 (100.000)
Epoch: [165][80/391], lr: 0.00010	Loss 0.0717 (0.1220)	Prec@1 99.219 (96.605)	Prec@5 100.000 (100.000)
Epoch: [165][90/391], lr: 0.00010	Loss 0.1073 (0.1213)	Prec@1 97.656 (96.643)	Prec@5 100.000 (100.000)
Epoch: [165][100/391], lr: 0.00010	Loss 0.1294 (0.1215)	Prec@1 96.875 (96.643)	Prec@5 100.000 (99.992)
Epoch: [165][110/391], lr: 0.00010	Loss 0.0688 (0.1201)	Prec@1 98.438 (96.664)	Prec@5 100.000 (99.979)
Epoch: [165][120/391], lr: 0.00010	Loss 0.1092 (0.1193)	Prec@1 95.312 (96.681)	Prec@5 100.000 (99.974)
Epoch: [165][130/391], lr: 0.00010	Loss 0.1302 (0.1200)	Prec@1 97.656 (96.696)	Prec@5 100.000 (99.970)
Epoch: [165][140/391], lr: 0.00010	Loss 0.1033 (0.1205)	Prec@1 97.656 (96.670)	Prec@5 100.000 (99.967)
Epoch: [165][150/391], lr: 0.00010	Loss 0.1501 (0.1203)	Prec@1 93.750 (96.668)	Prec@5 100.000 (99.969)
Epoch: [165][160/391], lr: 0.00010	Loss 0.0809 (0.1201)	Prec@1 97.656 (96.681)	Prec@5 100.000 (99.971)
Epoch: [165][170/391], lr: 0.00010	Loss 0.1704 (0.1218)	Prec@1 95.312 (96.624)	Prec@5 100.000 (99.968)
Epoch: [165][180/391], lr: 0.00010	Loss 0.1243 (0.1211)	Prec@1 97.656 (96.629)	Prec@5 100.000 (99.970)
Epoch: [165][190/391], lr: 0.00010	Loss 0.1433 (0.1222)	Prec@1 95.312 (96.560)	Prec@5 100.000 (99.971)
Epoch: [165][200/391], lr: 0.00010	Loss 0.1403 (0.1222)	Prec@1 95.312 (96.564)	Prec@5 100.000 (99.969)
Epoch: [165][210/391], lr: 0.00010	Loss 0.1477 (0.1225)	Prec@1 96.875 (96.579)	Prec@5 100.000 (99.963)
Epoch: [165][220/391], lr: 0.00010	Loss 0.1437 (0.1226)	Prec@1 96.094 (96.567)	Prec@5 100.000 (99.958)
Epoch: [165][230/391], lr: 0.00010	Loss 0.1287 (0.1217)	Prec@1 96.094 (96.608)	Prec@5 100.000 (99.959)
Epoch: [165][240/391], lr: 0.00010	Loss 0.1823 (0.1216)	Prec@1 96.094 (96.606)	Prec@5 100.000 (99.961)
Epoch: [165][250/391], lr: 0.00010	Loss 0.1160 (0.1218)	Prec@1 96.875 (96.617)	Prec@5 100.000 (99.963)
Epoch: [165][260/391], lr: 0.00010	Loss 0.1186 (0.1213)	Prec@1 96.094 (96.630)	Prec@5 100.000 (99.961)
Epoch: [165][270/391], lr: 0.00010	Loss 0.0913 (0.1207)	Prec@1 96.094 (96.644)	Prec@5 100.000 (99.960)
Epoch: [165][280/391], lr: 0.00010	Loss 0.0975 (0.1207)	Prec@1 97.656 (96.658)	Prec@5 100.000 (99.958)
Epoch: [165][290/391], lr: 0.00010	Loss 0.1364 (0.1214)	Prec@1 96.094 (96.636)	Prec@5 100.000 (99.957)
Epoch: [165][300/391], lr: 0.00010	Loss 0.0869 (0.1210)	Prec@1 96.875 (96.647)	Prec@5 100.000 (99.958)
Epoch: [165][310/391], lr: 0.00010	Loss 0.1418 (0.1206)	Prec@1 95.312 (96.644)	Prec@5 100.000 (99.957)
Epoch: [165][320/391], lr: 0.00010	Loss 0.0992 (0.1204)	Prec@1 96.875 (96.649)	Prec@5 100.000 (99.959)
Epoch: [165][330/391], lr: 0.00010	Loss 0.1234 (0.1201)	Prec@1 96.094 (96.663)	Prec@5 100.000 (99.960)
Epoch: [165][340/391], lr: 0.00010	Loss 0.1662 (0.1201)	Prec@1 94.531 (96.664)	Prec@5 100.000 (99.961)
Epoch: [165][350/391], lr: 0.00010	Loss 0.1022 (0.1199)	Prec@1 96.094 (96.672)	Prec@5 100.000 (99.962)
Epoch: [165][360/391], lr: 0.00010	Loss 0.1055 (0.1199)	Prec@1 98.438 (96.678)	Prec@5 99.219 (99.959)
Epoch: [165][370/391], lr: 0.00010	Loss 0.0604 (0.1200)	Prec@1 99.219 (96.681)	Prec@5 100.000 (99.960)
Epoch: [165][380/391], lr: 0.00010	Loss 0.1510 (0.1198)	Prec@1 96.094 (96.688)	Prec@5 100.000 (99.959)
Epoch: [165][390/391], lr: 0.00010	Loss 0.0776 (0.1195)	Prec@1 97.500 (96.694)	Prec@5 100.000 (99.960)
Epoch [165] Training Results: Prec@1 96.694 Prec@5 99.960             Loss 0.11950
Epoch [165] Training Class Recall: [0.903,0.937,0.941,0.961,0.976,0.983,0.988,0.990,0.993,0.996]

Epoch: [166][0/391], lr: 0.00010	Loss 0.1439 (0.1439)	Prec@1 94.531 (94.531)	Prec@5 100.000 (100.000)
Epoch: [166][10/391], lr: 0.00010	Loss 0.2111 (0.1257)	Prec@1 92.969 (96.307)	Prec@5 99.219 (99.929)
Epoch: [166][20/391], lr: 0.00010	Loss 0.0735 (0.1162)	Prec@1 99.219 (96.801)	Prec@5 100.000 (99.963)
Epoch: [166][30/391], lr: 0.00010	Loss 0.1179 (0.1164)	Prec@1 97.656 (96.850)	Prec@5 100.000 (99.924)
Epoch: [166][40/391], lr: 0.00010	Loss 0.0910 (0.1190)	Prec@1 96.875 (96.742)	Prec@5 100.000 (99.924)
Epoch: [166][50/391], lr: 0.00010	Loss 0.0732 (0.1161)	Prec@1 98.438 (96.875)	Prec@5 100.000 (99.939)
Epoch: [166][60/391], lr: 0.00010	Loss 0.0799 (0.1156)	Prec@1 97.656 (96.837)	Prec@5 100.000 (99.936)
Epoch: [166][70/391], lr: 0.00010	Loss 0.0790 (0.1160)	Prec@1 98.438 (96.776)	Prec@5 100.000 (99.945)
Epoch: [166][80/391], lr: 0.00010	Loss 0.0758 (0.1142)	Prec@1 96.875 (96.817)	Prec@5 100.000 (99.952)
Epoch: [166][90/391], lr: 0.00010	Loss 0.1248 (0.1142)	Prec@1 96.094 (96.815)	Prec@5 100.000 (99.957)
Epoch: [166][100/391], lr: 0.00010	Loss 0.1325 (0.1140)	Prec@1 96.875 (96.821)	Prec@5 100.000 (99.954)
Epoch: [166][110/391], lr: 0.00010	Loss 0.1336 (0.1135)	Prec@1 96.875 (96.812)	Prec@5 100.000 (99.958)
Epoch: [166][120/391], lr: 0.00010	Loss 0.1333 (0.1124)	Prec@1 96.875 (96.843)	Prec@5 100.000 (99.961)
Epoch: [166][130/391], lr: 0.00010	Loss 0.2379 (0.1134)	Prec@1 93.750 (96.786)	Prec@5 100.000 (99.958)
Epoch: [166][140/391], lr: 0.00010	Loss 0.1544 (0.1158)	Prec@1 94.531 (96.687)	Prec@5 100.000 (99.950)
Epoch: [166][150/391], lr: 0.00010	Loss 0.1444 (0.1171)	Prec@1 96.094 (96.637)	Prec@5 100.000 (99.953)
Epoch: [166][160/391], lr: 0.00010	Loss 0.1383 (0.1178)	Prec@1 96.875 (96.637)	Prec@5 100.000 (99.951)
Epoch: [166][170/391], lr: 0.00010	Loss 0.0604 (0.1190)	Prec@1 99.219 (96.605)	Prec@5 100.000 (99.954)
Epoch: [166][180/391], lr: 0.00010	Loss 0.1253 (0.1188)	Prec@1 96.875 (96.603)	Prec@5 100.000 (99.948)
Epoch: [166][190/391], lr: 0.00010	Loss 0.1497 (0.1186)	Prec@1 96.875 (96.621)	Prec@5 100.000 (99.943)
Epoch: [166][200/391], lr: 0.00010	Loss 0.1872 (0.1195)	Prec@1 96.094 (96.603)	Prec@5 100.000 (99.946)
Epoch: [166][210/391], lr: 0.00010	Loss 0.1435 (0.1193)	Prec@1 96.094 (96.612)	Prec@5 100.000 (99.944)
Epoch: [166][220/391], lr: 0.00010	Loss 0.1008 (0.1188)	Prec@1 96.094 (96.649)	Prec@5 100.000 (99.943)
Epoch: [166][230/391], lr: 0.00010	Loss 0.0570 (0.1179)	Prec@1 99.219 (96.703)	Prec@5 100.000 (99.946)
Epoch: [166][240/391], lr: 0.00010	Loss 0.1395 (0.1180)	Prec@1 96.875 (96.697)	Prec@5 100.000 (99.945)
Epoch: [166][250/391], lr: 0.00010	Loss 0.1428 (0.1177)	Prec@1 96.875 (96.685)	Prec@5 100.000 (99.947)
Epoch: [166][260/391], lr: 0.00010	Loss 0.1385 (0.1174)	Prec@1 96.094 (96.704)	Prec@5 99.219 (99.940)
Epoch: [166][270/391], lr: 0.00010	Loss 0.1073 (0.1172)	Prec@1 96.094 (96.714)	Prec@5 100.000 (99.942)
Epoch: [166][280/391], lr: 0.00010	Loss 0.1521 (0.1171)	Prec@1 94.531 (96.708)	Prec@5 100.000 (99.942)
Epoch: [166][290/391], lr: 0.00010	Loss 0.0699 (0.1166)	Prec@1 97.656 (96.722)	Prec@5 100.000 (99.944)
Epoch: [166][300/391], lr: 0.00010	Loss 0.2024 (0.1166)	Prec@1 92.969 (96.724)	Prec@5 100.000 (99.940)
Epoch: [166][310/391], lr: 0.00010	Loss 0.1290 (0.1169)	Prec@1 94.531 (96.694)	Prec@5 100.000 (99.942)
Epoch: [166][320/391], lr: 0.00010	Loss 0.1042 (0.1165)	Prec@1 96.875 (96.695)	Prec@5 100.000 (99.944)
Epoch: [166][330/391], lr: 0.00010	Loss 0.0797 (0.1163)	Prec@1 98.438 (96.707)	Prec@5 100.000 (99.946)
Epoch: [166][340/391], lr: 0.00010	Loss 0.1013 (0.1154)	Prec@1 96.875 (96.754)	Prec@5 100.000 (99.947)
Epoch: [166][350/391], lr: 0.00010	Loss 0.1173 (0.1155)	Prec@1 96.094 (96.757)	Prec@5 100.000 (99.949)
Epoch: [166][360/391], lr: 0.00010	Loss 0.0981 (0.1159)	Prec@1 96.094 (96.739)	Prec@5 100.000 (99.948)
Epoch: [166][370/391], lr: 0.00010	Loss 0.0926 (0.1157)	Prec@1 95.312 (96.736)	Prec@5 100.000 (99.947)
Epoch: [166][380/391], lr: 0.00010	Loss 0.0967 (0.1156)	Prec@1 96.875 (96.748)	Prec@5 100.000 (99.947)
Epoch: [166][390/391], lr: 0.00010	Loss 0.0948 (0.1154)	Prec@1 97.500 (96.752)	Prec@5 100.000 (99.948)
Epoch [166] Training Results: Prec@1 96.752 Prec@5 99.948             Loss 0.11537
Epoch [166] Training Class Recall: [0.904,0.935,0.942,0.964,0.978,0.985,0.990,0.987,0.995,0.996]

Epoch: [167][0/391], lr: 0.00010	Loss 0.1506 (0.1506)	Prec@1 95.312 (95.312)	Prec@5 99.219 (99.219)
Epoch: [167][10/391], lr: 0.00010	Loss 0.1071 (0.1119)	Prec@1 96.875 (96.946)	Prec@5 100.000 (99.787)
Epoch: [167][20/391], lr: 0.00010	Loss 0.1121 (0.1160)	Prec@1 94.531 (96.689)	Prec@5 100.000 (99.888)
Epoch: [167][30/391], lr: 0.00010	Loss 0.0594 (0.1070)	Prec@1 99.219 (97.026)	Prec@5 100.000 (99.924)
Epoch: [167][40/391], lr: 0.00010	Loss 0.1003 (0.1035)	Prec@1 97.656 (97.237)	Prec@5 100.000 (99.943)
Epoch: [167][50/391], lr: 0.00010	Loss 0.0688 (0.1020)	Prec@1 98.438 (97.289)	Prec@5 100.000 (99.954)
Epoch: [167][60/391], lr: 0.00010	Loss 0.0869 (0.1039)	Prec@1 98.438 (97.221)	Prec@5 100.000 (99.949)
Epoch: [167][70/391], lr: 0.00010	Loss 0.1098 (0.1051)	Prec@1 96.875 (97.249)	Prec@5 100.000 (99.956)
Epoch: [167][80/391], lr: 0.00010	Loss 0.1561 (0.1068)	Prec@1 95.312 (97.174)	Prec@5 100.000 (99.961)
Epoch: [167][90/391], lr: 0.00010	Loss 0.1400 (0.1081)	Prec@1 95.312 (97.115)	Prec@5 100.000 (99.966)
Epoch: [167][100/391], lr: 0.00010	Loss 0.0888 (0.1074)	Prec@1 97.656 (97.130)	Prec@5 100.000 (99.969)
Epoch: [167][110/391], lr: 0.00010	Loss 0.1080 (0.1090)	Prec@1 98.438 (97.121)	Prec@5 100.000 (99.951)
Epoch: [167][120/391], lr: 0.00010	Loss 0.0993 (0.1086)	Prec@1 97.656 (97.146)	Prec@5 100.000 (99.955)
Epoch: [167][130/391], lr: 0.00010	Loss 0.0957 (0.1079)	Prec@1 97.656 (97.161)	Prec@5 100.000 (99.952)
Epoch: [167][140/391], lr: 0.00010	Loss 0.1310 (0.1084)	Prec@1 95.312 (97.119)	Prec@5 100.000 (99.956)
Epoch: [167][150/391], lr: 0.00010	Loss 0.1144 (0.1079)	Prec@1 96.094 (97.103)	Prec@5 100.000 (99.959)
Epoch: [167][160/391], lr: 0.00010	Loss 0.0966 (0.1082)	Prec@1 95.312 (97.074)	Prec@5 100.000 (99.956)
Epoch: [167][170/391], lr: 0.00010	Loss 0.1497 (0.1089)	Prec@1 94.531 (97.030)	Prec@5 100.000 (99.950)
Epoch: [167][180/391], lr: 0.00010	Loss 0.0959 (0.1083)	Prec@1 96.875 (97.056)	Prec@5 100.000 (99.953)
Epoch: [167][190/391], lr: 0.00010	Loss 0.0544 (0.1074)	Prec@1 100.000 (97.096)	Prec@5 100.000 (99.955)
Epoch: [167][200/391], lr: 0.00010	Loss 0.0640 (0.1084)	Prec@1 98.438 (97.030)	Prec@5 100.000 (99.953)
Epoch: [167][210/391], lr: 0.00010	Loss 0.1842 (0.1088)	Prec@1 94.531 (97.027)	Prec@5 100.000 (99.952)
Epoch: [167][220/391], lr: 0.00010	Loss 0.1177 (0.1087)	Prec@1 96.094 (97.027)	Prec@5 100.000 (99.951)
Epoch: [167][230/391], lr: 0.00010	Loss 0.1437 (0.1086)	Prec@1 96.875 (97.034)	Prec@5 99.219 (99.943)
Epoch: [167][240/391], lr: 0.00010	Loss 0.0658 (0.1084)	Prec@1 98.438 (97.040)	Prec@5 100.000 (99.945)
Epoch: [167][250/391], lr: 0.00010	Loss 0.2059 (0.1090)	Prec@1 96.094 (97.024)	Prec@5 100.000 (99.944)
Epoch: [167][260/391], lr: 0.00010	Loss 0.1118 (0.1085)	Prec@1 96.875 (97.022)	Prec@5 100.000 (99.946)
Epoch: [167][270/391], lr: 0.00010	Loss 0.1079 (0.1086)	Prec@1 95.312 (97.028)	Prec@5 100.000 (99.945)
Epoch: [167][280/391], lr: 0.00010	Loss 0.0870 (0.1079)	Prec@1 97.656 (97.058)	Prec@5 100.000 (99.942)
Epoch: [167][290/391], lr: 0.00010	Loss 0.1352 (0.1086)	Prec@1 95.312 (97.036)	Prec@5 100.000 (99.941)
Epoch: [167][300/391], lr: 0.00010	Loss 0.1267 (0.1087)	Prec@1 95.312 (97.046)	Prec@5 100.000 (99.943)
Epoch: [167][310/391], lr: 0.00010	Loss 0.1103 (0.1087)	Prec@1 96.875 (97.041)	Prec@5 100.000 (99.945)
Epoch: [167][320/391], lr: 0.00010	Loss 0.1027 (0.1093)	Prec@1 96.875 (97.014)	Prec@5 100.000 (99.944)
Epoch: [167][330/391], lr: 0.00010	Loss 0.1095 (0.1095)	Prec@1 96.875 (97.014)	Prec@5 100.000 (99.943)
Epoch: [167][340/391], lr: 0.00010	Loss 0.1216 (0.1091)	Prec@1 96.875 (97.022)	Prec@5 100.000 (99.943)
Epoch: [167][350/391], lr: 0.00010	Loss 0.1315 (0.1092)	Prec@1 96.094 (97.011)	Prec@5 100.000 (99.944)
Epoch: [167][360/391], lr: 0.00010	Loss 0.0814 (0.1092)	Prec@1 96.094 (96.998)	Prec@5 100.000 (99.946)
Epoch: [167][370/391], lr: 0.00010	Loss 0.0986 (0.1092)	Prec@1 99.219 (97.012)	Prec@5 100.000 (99.943)
Epoch: [167][380/391], lr: 0.00010	Loss 0.0525 (0.1092)	Prec@1 99.219 (96.998)	Prec@5 100.000 (99.945)
Epoch: [167][390/391], lr: 0.00010	Loss 0.1042 (0.1091)	Prec@1 98.750 (97.004)	Prec@5 100.000 (99.944)
Epoch [167] Training Results: Prec@1 97.004 Prec@5 99.944             Loss 0.10910
Epoch [167] Training Class Recall: [0.910,0.940,0.943,0.968,0.980,0.983,0.991,0.992,0.996,0.997]

Epoch: [168][0/391], lr: 0.00010	Loss 0.0809 (0.0809)	Prec@1 98.438 (98.438)	Prec@5 100.000 (100.000)
Epoch: [168][10/391], lr: 0.00010	Loss 0.0823 (0.1087)	Prec@1 96.875 (97.017)	Prec@5 100.000 (100.000)
Epoch: [168][20/391], lr: 0.00010	Loss 0.1899 (0.1133)	Prec@1 92.969 (96.912)	Prec@5 100.000 (99.963)
Epoch: [168][30/391], lr: 0.00010	Loss 0.0738 (0.1125)	Prec@1 97.656 (97.001)	Prec@5 100.000 (99.950)
Epoch: [168][40/391], lr: 0.00010	Loss 0.0843 (0.1061)	Prec@1 97.656 (97.161)	Prec@5 100.000 (99.962)
Epoch: [168][50/391], lr: 0.00010	Loss 0.0825 (0.1026)	Prec@1 99.219 (97.273)	Prec@5 100.000 (99.969)
Epoch: [168][60/391], lr: 0.00010	Loss 0.1307 (0.1019)	Prec@1 96.875 (97.170)	Prec@5 100.000 (99.974)
Epoch: [168][70/391], lr: 0.00010	Loss 0.1000 (0.1018)	Prec@1 97.656 (97.238)	Prec@5 100.000 (99.978)
Epoch: [168][80/391], lr: 0.00010	Loss 0.0933 (0.1029)	Prec@1 96.875 (97.213)	Prec@5 100.000 (99.981)
Epoch: [168][90/391], lr: 0.00010	Loss 0.0616 (0.1013)	Prec@1 98.438 (97.279)	Prec@5 100.000 (99.983)
Epoch: [168][100/391], lr: 0.00010	Loss 0.0755 (0.1011)	Prec@1 98.438 (97.300)	Prec@5 100.000 (99.985)
Epoch: [168][110/391], lr: 0.00010	Loss 0.1252 (0.1014)	Prec@1 95.312 (97.297)	Prec@5 100.000 (99.986)
Epoch: [168][120/391], lr: 0.00010	Loss 0.0914 (0.1007)	Prec@1 97.656 (97.333)	Prec@5 100.000 (99.981)
Epoch: [168][130/391], lr: 0.00010	Loss 0.1179 (0.1025)	Prec@1 96.094 (97.227)	Prec@5 100.000 (99.982)
Epoch: [168][140/391], lr: 0.00010	Loss 0.0827 (0.1044)	Prec@1 98.438 (97.146)	Prec@5 100.000 (99.978)
Epoch: [168][150/391], lr: 0.00010	Loss 0.0999 (0.1038)	Prec@1 96.875 (97.175)	Prec@5 100.000 (99.979)
Epoch: [168][160/391], lr: 0.00010	Loss 0.1671 (0.1035)	Prec@1 93.750 (97.161)	Prec@5 100.000 (99.981)
Epoch: [168][170/391], lr: 0.00010	Loss 0.1194 (0.1040)	Prec@1 96.094 (97.163)	Prec@5 100.000 (99.982)
Epoch: [168][180/391], lr: 0.00010	Loss 0.0617 (0.1041)	Prec@1 98.438 (97.143)	Prec@5 100.000 (99.983)
Epoch: [168][190/391], lr: 0.00010	Loss 0.0979 (0.1037)	Prec@1 96.875 (97.137)	Prec@5 100.000 (99.984)
Epoch: [168][200/391], lr: 0.00010	Loss 0.1503 (0.1045)	Prec@1 95.312 (97.120)	Prec@5 100.000 (99.984)
Epoch: [168][210/391], lr: 0.00010	Loss 0.0992 (0.1046)	Prec@1 97.656 (97.138)	Prec@5 100.000 (99.981)
Epoch: [168][220/391], lr: 0.00010	Loss 0.1271 (0.1052)	Prec@1 96.094 (97.126)	Prec@5 100.000 (99.979)
Epoch: [168][230/391], lr: 0.00010	Loss 0.0859 (0.1057)	Prec@1 98.438 (97.132)	Prec@5 100.000 (99.966)
Epoch: [168][240/391], lr: 0.00010	Loss 0.1298 (0.1056)	Prec@1 96.094 (97.134)	Prec@5 100.000 (99.968)
Epoch: [168][250/391], lr: 0.00010	Loss 0.1184 (0.1054)	Prec@1 96.094 (97.121)	Prec@5 100.000 (99.969)
Epoch: [168][260/391], lr: 0.00010	Loss 0.1062 (0.1059)	Prec@1 96.875 (97.073)	Prec@5 100.000 (99.970)
Epoch: [168][270/391], lr: 0.00010	Loss 0.0490 (0.1055)	Prec@1 99.219 (97.088)	Prec@5 100.000 (99.971)
Epoch: [168][280/391], lr: 0.00010	Loss 0.1200 (0.1056)	Prec@1 96.875 (97.092)	Prec@5 100.000 (99.972)
Epoch: [168][290/391], lr: 0.00010	Loss 0.1257 (0.1055)	Prec@1 95.312 (97.090)	Prec@5 100.000 (99.970)
Epoch: [168][300/391], lr: 0.00010	Loss 0.1359 (0.1056)	Prec@1 96.094 (97.098)	Prec@5 100.000 (99.969)
Epoch: [168][310/391], lr: 0.00010	Loss 0.1155 (0.1058)	Prec@1 96.875 (97.096)	Prec@5 100.000 (99.967)
Epoch: [168][320/391], lr: 0.00010	Loss 0.0881 (0.1058)	Prec@1 98.438 (97.104)	Prec@5 100.000 (99.963)
Epoch: [168][330/391], lr: 0.00010	Loss 0.0644 (0.1061)	Prec@1 99.219 (97.104)	Prec@5 100.000 (99.962)
Epoch: [168][340/391], lr: 0.00010	Loss 0.0718 (0.1059)	Prec@1 99.219 (97.106)	Prec@5 100.000 (99.963)
Epoch: [168][350/391], lr: 0.00010	Loss 0.1006 (0.1060)	Prec@1 97.656 (97.098)	Prec@5 100.000 (99.964)
Epoch: [168][360/391], lr: 0.00010	Loss 0.1120 (0.1059)	Prec@1 96.875 (97.115)	Prec@5 99.219 (99.961)
Epoch: [168][370/391], lr: 0.00010	Loss 0.0729 (0.1061)	Prec@1 97.656 (97.096)	Prec@5 100.000 (99.960)
Epoch: [168][380/391], lr: 0.00010	Loss 0.0747 (0.1058)	Prec@1 96.875 (97.113)	Prec@5 100.000 (99.961)
Epoch: [168][390/391], lr: 0.00010	Loss 0.0943 (0.1061)	Prec@1 97.500 (97.098)	Prec@5 100.000 (99.958)
Epoch [168] Training Results: Prec@1 97.098 Prec@5 99.958             Loss 0.10611
Epoch [168] Training Class Recall: [0.913,0.943,0.947,0.966,0.981,0.987,0.992,0.992,0.994,0.997]

Epoch: [169][0/391], lr: 0.00010	Loss 0.0901 (0.0901)	Prec@1 96.875 (96.875)	Prec@5 100.000 (100.000)
Epoch: [169][10/391], lr: 0.00010	Loss 0.0936 (0.1051)	Prec@1 98.438 (96.946)	Prec@5 100.000 (100.000)
Epoch: [169][20/391], lr: 0.00010	Loss 0.0694 (0.1079)	Prec@1 99.219 (96.949)	Prec@5 100.000 (100.000)
Epoch: [169][30/391], lr: 0.00010	Loss 0.0690 (0.1029)	Prec@1 99.219 (97.303)	Prec@5 100.000 (99.975)
Epoch: [169][40/391], lr: 0.00010	Loss 0.1517 (0.0997)	Prec@1 94.531 (97.447)	Prec@5 100.000 (99.981)
Epoch: [169][50/391], lr: 0.00010	Loss 0.1172 (0.1015)	Prec@1 97.656 (97.319)	Prec@5 100.000 (99.985)
Epoch: [169][60/391], lr: 0.00010	Loss 0.0721 (0.1025)	Prec@1 98.438 (97.221)	Prec@5 100.000 (99.987)
Epoch: [169][70/391], lr: 0.00010	Loss 0.1404 (0.1059)	Prec@1 95.312 (97.150)	Prec@5 100.000 (99.978)
Epoch: [169][80/391], lr: 0.00010	Loss 0.1338 (0.1047)	Prec@1 94.531 (97.174)	Prec@5 100.000 (99.981)
Epoch: [169][90/391], lr: 0.00010	Loss 0.0927 (0.1039)	Prec@1 98.438 (97.193)	Prec@5 100.000 (99.983)
Epoch: [169][100/391], lr: 0.00010	Loss 0.1122 (0.1051)	Prec@1 96.875 (97.123)	Prec@5 100.000 (99.977)
Epoch: [169][110/391], lr: 0.00010	Loss 0.2036 (0.1043)	Prec@1 94.531 (97.114)	Prec@5 100.000 (99.972)
Epoch: [169][120/391], lr: 0.00010	Loss 0.0861 (0.1051)	Prec@1 97.656 (97.095)	Prec@5 100.000 (99.974)
Epoch: [169][130/391], lr: 0.00010	Loss 0.1142 (0.1056)	Prec@1 97.656 (97.042)	Prec@5 100.000 (99.964)
Epoch: [169][140/391], lr: 0.00010	Loss 0.0883 (0.1060)	Prec@1 96.875 (97.019)	Prec@5 100.000 (99.961)
Epoch: [169][150/391], lr: 0.00010	Loss 0.1147 (0.1072)	Prec@1 95.312 (96.994)	Prec@5 100.000 (99.964)
Epoch: [169][160/391], lr: 0.00010	Loss 0.1014 (0.1064)	Prec@1 97.656 (97.030)	Prec@5 100.000 (99.966)
Epoch: [169][170/391], lr: 0.00010	Loss 0.1194 (0.1068)	Prec@1 96.875 (97.030)	Prec@5 100.000 (99.968)
Epoch: [169][180/391], lr: 0.00010	Loss 0.1352 (0.1071)	Prec@1 94.531 (96.979)	Prec@5 100.000 (99.953)
Epoch: [169][190/391], lr: 0.00010	Loss 0.1074 (0.1064)	Prec@1 96.875 (97.010)	Prec@5 100.000 (99.955)
Epoch: [169][200/391], lr: 0.00010	Loss 0.1032 (0.1062)	Prec@1 96.875 (97.027)	Prec@5 100.000 (99.953)
Epoch: [169][210/391], lr: 0.00010	Loss 0.1310 (0.1062)	Prec@1 94.531 (97.038)	Prec@5 100.000 (99.956)
Epoch: [169][220/391], lr: 0.00010	Loss 0.1467 (0.1065)	Prec@1 95.312 (97.002)	Prec@5 100.000 (99.954)
Epoch: [169][230/391], lr: 0.00010	Loss 0.0699 (0.1057)	Prec@1 98.438 (97.041)	Prec@5 100.000 (99.956)
Epoch: [169][240/391], lr: 0.00010	Loss 0.0668 (0.1051)	Prec@1 98.438 (97.079)	Prec@5 100.000 (99.955)
Epoch: [169][250/391], lr: 0.00010	Loss 0.1171 (0.1050)	Prec@1 96.094 (97.093)	Prec@5 100.000 (99.953)
Epoch: [169][260/391], lr: 0.00010	Loss 0.0737 (0.1042)	Prec@1 96.875 (97.108)	Prec@5 100.000 (99.955)
Epoch: [169][270/391], lr: 0.00010	Loss 0.0815 (0.1044)	Prec@1 98.438 (97.123)	Prec@5 100.000 (99.954)
Epoch: [169][280/391], lr: 0.00010	Loss 0.0767 (0.1043)	Prec@1 98.438 (97.131)	Prec@5 100.000 (99.956)
Epoch: [169][290/391], lr: 0.00010	Loss 0.1084 (0.1042)	Prec@1 97.656 (97.143)	Prec@5 100.000 (99.957)
Epoch: [169][300/391], lr: 0.00010	Loss 0.1047 (0.1041)	Prec@1 96.875 (97.135)	Prec@5 100.000 (99.956)
Epoch: [169][310/391], lr: 0.00010	Loss 0.0960 (0.1040)	Prec@1 96.875 (97.139)	Prec@5 100.000 (99.957)
Epoch: [169][320/391], lr: 0.00010	Loss 0.1186 (0.1037)	Prec@1 96.875 (97.133)	Prec@5 100.000 (99.959)
Epoch: [169][330/391], lr: 0.00010	Loss 0.0463 (0.1041)	Prec@1 99.219 (97.123)	Prec@5 100.000 (99.958)
Epoch: [169][340/391], lr: 0.00010	Loss 0.0886 (0.1039)	Prec@1 97.656 (97.134)	Prec@5 100.000 (99.956)
Epoch: [169][350/391], lr: 0.00010	Loss 0.0798 (0.1040)	Prec@1 97.656 (97.127)	Prec@5 100.000 (99.958)
Epoch: [169][360/391], lr: 0.00010	Loss 0.0363 (0.1038)	Prec@1 100.000 (97.133)	Prec@5 100.000 (99.959)
Epoch: [169][370/391], lr: 0.00010	Loss 0.0489 (0.1036)	Prec@1 98.438 (97.138)	Prec@5 100.000 (99.960)
Epoch: [169][380/391], lr: 0.00010	Loss 0.1216 (0.1031)	Prec@1 96.875 (97.160)	Prec@5 100.000 (99.961)
Epoch: [169][390/391], lr: 0.00010	Loss 0.1311 (0.1033)	Prec@1 97.500 (97.160)	Prec@5 98.750 (99.960)
Epoch [169] Training Results: Prec@1 97.160 Prec@5 99.960             Loss 0.10331
Epoch [169] Training Class Recall: [0.912,0.936,0.951,0.972,0.982,0.989,0.991,0.992,0.995,0.996]

Epoch: [170][0/391], lr: 0.00010	Loss 0.1199 (0.1199)	Prec@1 96.094 (96.094)	Prec@5 100.000 (100.000)
Epoch: [170][10/391], lr: 0.00010	Loss 0.0575 (0.1025)	Prec@1 98.438 (97.159)	Prec@5 100.000 (100.000)
Epoch: [170][20/391], lr: 0.00010	Loss 0.1129 (0.1023)	Prec@1 96.094 (97.135)	Prec@5 100.000 (99.963)
Epoch: [170][30/391], lr: 0.00010	Loss 0.1635 (0.1012)	Prec@1 93.750 (97.278)	Prec@5 100.000 (99.950)
Epoch: [170][40/391], lr: 0.00010	Loss 0.0790 (0.0964)	Prec@1 97.656 (97.370)	Prec@5 100.000 (99.962)
Epoch: [170][50/391], lr: 0.00010	Loss 0.1086 (0.1000)	Prec@1 97.656 (97.258)	Prec@5 99.219 (99.954)
Epoch: [170][60/391], lr: 0.00010	Loss 0.1725 (0.1008)	Prec@1 96.094 (97.221)	Prec@5 99.219 (99.936)
Epoch: [170][70/391], lr: 0.00010	Loss 0.0945 (0.0990)	Prec@1 97.656 (97.293)	Prec@5 100.000 (99.945)
Epoch: [170][80/391], lr: 0.00010	Loss 0.0766 (0.0973)	Prec@1 98.438 (97.338)	Prec@5 100.000 (99.942)
Epoch: [170][90/391], lr: 0.00010	Loss 0.0922 (0.0969)	Prec@1 96.875 (97.339)	Prec@5 100.000 (99.948)
Epoch: [170][100/391], lr: 0.00010	Loss 0.0878 (0.0971)	Prec@1 98.438 (97.277)	Prec@5 100.000 (99.954)
Epoch: [170][110/391], lr: 0.00010	Loss 0.0557 (0.0946)	Prec@1 100.000 (97.382)	Prec@5 100.000 (99.951)
Epoch: [170][120/391], lr: 0.00010	Loss 0.1339 (0.0958)	Prec@1 94.531 (97.327)	Prec@5 100.000 (99.948)
Epoch: [170][130/391], lr: 0.00010	Loss 0.0378 (0.0961)	Prec@1 100.000 (97.322)	Prec@5 100.000 (99.952)
Epoch: [170][140/391], lr: 0.00010	Loss 0.0880 (0.0954)	Prec@1 97.656 (97.324)	Prec@5 100.000 (99.956)
Epoch: [170][150/391], lr: 0.00010	Loss 0.0830 (0.0964)	Prec@1 98.438 (97.330)	Prec@5 100.000 (99.943)
Epoch: [170][160/391], lr: 0.00010	Loss 0.1941 (0.0970)	Prec@1 93.750 (97.307)	Prec@5 99.219 (99.942)
Epoch: [170][170/391], lr: 0.00010	Loss 0.0948 (0.0972)	Prec@1 96.875 (97.309)	Prec@5 100.000 (99.945)
Epoch: [170][180/391], lr: 0.00010	Loss 0.1189 (0.0971)	Prec@1 96.094 (97.307)	Prec@5 100.000 (99.948)
Epoch: [170][190/391], lr: 0.00010	Loss 0.1273 (0.0981)	Prec@1 96.875 (97.280)	Prec@5 99.219 (99.943)
Epoch: [170][200/391], lr: 0.00010	Loss 0.0359 (0.0980)	Prec@1 100.000 (97.287)	Prec@5 100.000 (99.942)
Epoch: [170][210/391], lr: 0.00010	Loss 0.0838 (0.0979)	Prec@1 99.219 (97.293)	Prec@5 100.000 (99.944)
Epoch: [170][220/391], lr: 0.00010	Loss 0.0959 (0.0980)	Prec@1 96.875 (97.303)	Prec@5 100.000 (99.947)
Epoch: [170][230/391], lr: 0.00010	Loss 0.0663 (0.0979)	Prec@1 98.438 (97.311)	Prec@5 100.000 (99.946)
Epoch: [170][240/391], lr: 0.00010	Loss 0.1247 (0.0976)	Prec@1 96.875 (97.329)	Prec@5 100.000 (99.945)
Epoch: [170][250/391], lr: 0.00010	Loss 0.0493 (0.0974)	Prec@1 98.438 (97.339)	Prec@5 100.000 (99.947)
Epoch: [170][260/391], lr: 0.00010	Loss 0.0897 (0.0968)	Prec@1 97.656 (97.351)	Prec@5 100.000 (99.949)
Epoch: [170][270/391], lr: 0.00010	Loss 0.0906 (0.0969)	Prec@1 96.875 (97.362)	Prec@5 100.000 (99.951)
Epoch: [170][280/391], lr: 0.00010	Loss 0.1141 (0.0962)	Prec@1 97.656 (97.389)	Prec@5 99.219 (99.950)
Epoch: [170][290/391], lr: 0.00010	Loss 0.1208 (0.0969)	Prec@1 96.094 (97.364)	Prec@5 100.000 (99.952)
Epoch: [170][300/391], lr: 0.00010	Loss 0.0917 (0.0965)	Prec@1 96.094 (97.384)	Prec@5 100.000 (99.953)
Epoch: [170][310/391], lr: 0.00010	Loss 0.0753 (0.0963)	Prec@1 98.438 (97.408)	Prec@5 100.000 (99.955)
Epoch: [170][320/391], lr: 0.00010	Loss 0.1025 (0.0958)	Prec@1 96.875 (97.425)	Prec@5 100.000 (99.956)
Epoch: [170][330/391], lr: 0.00010	Loss 0.1522 (0.0961)	Prec@1 92.969 (97.404)	Prec@5 100.000 (99.955)
Epoch: [170][340/391], lr: 0.00010	Loss 0.1424 (0.0964)	Prec@1 96.094 (97.402)	Prec@5 100.000 (99.956)
Epoch: [170][350/391], lr: 0.00010	Loss 0.1129 (0.0968)	Prec@1 98.438 (97.394)	Prec@5 100.000 (99.958)
Epoch: [170][360/391], lr: 0.00010	Loss 0.0547 (0.0965)	Prec@1 99.219 (97.410)	Prec@5 100.000 (99.955)
Epoch: [170][370/391], lr: 0.00010	Loss 0.1010 (0.0967)	Prec@1 96.094 (97.385)	Prec@5 100.000 (99.954)
Epoch: [170][380/391], lr: 0.00010	Loss 0.0608 (0.0966)	Prec@1 98.438 (97.390)	Prec@5 100.000 (99.955)
Epoch: [170][390/391], lr: 0.00010	Loss 0.1355 (0.0971)	Prec@1 96.250 (97.376)	Prec@5 100.000 (99.952)
Epoch [170] Training Results: Prec@1 97.376 Prec@5 99.952             Loss 0.09706
Epoch [170] Training Class Recall: [0.915,0.943,0.953,0.971,0.983,0.991,0.995,0.993,0.997,0.997]

Epoch: [171][0/391], lr: 0.00010	Loss 0.0628 (0.0628)	Prec@1 99.219 (99.219)	Prec@5 100.000 (100.000)
Epoch: [171][10/391], lr: 0.00010	Loss 0.0520 (0.0844)	Prec@1 99.219 (98.438)	Prec@5 100.000 (99.858)
Epoch: [171][20/391], lr: 0.00010	Loss 0.1459 (0.0892)	Prec@1 95.312 (98.028)	Prec@5 100.000 (99.888)
Epoch: [171][30/391], lr: 0.00010	Loss 0.1133 (0.0900)	Prec@1 96.094 (97.681)	Prec@5 100.000 (99.924)
Epoch: [171][40/391], lr: 0.00010	Loss 0.0669 (0.0932)	Prec@1 97.656 (97.485)	Prec@5 100.000 (99.924)
Epoch: [171][50/391], lr: 0.00010	Loss 0.0538 (0.0947)	Prec@1 100.000 (97.426)	Prec@5 100.000 (99.923)
Epoch: [171][60/391], lr: 0.00010	Loss 0.1135 (0.0944)	Prec@1 97.656 (97.528)	Prec@5 100.000 (99.923)
Epoch: [171][70/391], lr: 0.00010	Loss 0.0683 (0.0939)	Prec@1 98.438 (97.480)	Prec@5 100.000 (99.923)
Epoch: [171][80/391], lr: 0.00010	Loss 0.0732 (0.0935)	Prec@1 100.000 (97.531)	Prec@5 100.000 (99.932)
Epoch: [171][90/391], lr: 0.00010	Loss 0.1708 (0.0957)	Prec@1 96.094 (97.450)	Prec@5 99.219 (99.923)
Epoch: [171][100/391], lr: 0.00010	Loss 0.0473 (0.0945)	Prec@1 98.438 (97.455)	Prec@5 100.000 (99.930)
Epoch: [171][110/391], lr: 0.00010	Loss 0.0655 (0.0953)	Prec@1 98.438 (97.403)	Prec@5 100.000 (99.937)
Epoch: [171][120/391], lr: 0.00010	Loss 0.0769 (0.0949)	Prec@1 97.656 (97.417)	Prec@5 100.000 (99.942)
Epoch: [171][130/391], lr: 0.00010	Loss 0.0848 (0.0939)	Prec@1 98.438 (97.459)	Prec@5 100.000 (99.946)
Epoch: [171][140/391], lr: 0.00010	Loss 0.1670 (0.0947)	Prec@1 94.531 (97.407)	Prec@5 100.000 (99.950)
Epoch: [171][150/391], lr: 0.00010	Loss 0.0905 (0.0955)	Prec@1 96.875 (97.372)	Prec@5 100.000 (99.948)
Epoch: [171][160/391], lr: 0.00010	Loss 0.0728 (0.0946)	Prec@1 98.438 (97.414)	Prec@5 100.000 (99.951)
Epoch: [171][170/391], lr: 0.00010	Loss 0.0854 (0.0947)	Prec@1 96.875 (97.419)	Prec@5 100.000 (99.954)
Epoch: [171][180/391], lr: 0.00010	Loss 0.1129 (0.0947)	Prec@1 96.094 (97.415)	Prec@5 100.000 (99.953)
Epoch: [171][190/391], lr: 0.00010	Loss 0.0681 (0.0943)	Prec@1 98.438 (97.460)	Prec@5 100.000 (99.955)
Epoch: [171][200/391], lr: 0.00010	Loss 0.1088 (0.0953)	Prec@1 96.094 (97.431)	Prec@5 100.000 (99.953)
Epoch: [171][210/391], lr: 0.00010	Loss 0.1050 (0.0951)	Prec@1 98.438 (97.434)	Prec@5 100.000 (99.956)
Epoch: [171][220/391], lr: 0.00010	Loss 0.0667 (0.0949)	Prec@1 98.438 (97.458)	Prec@5 100.000 (99.958)
Epoch: [171][230/391], lr: 0.00010	Loss 0.0528 (0.0944)	Prec@1 98.438 (97.480)	Prec@5 100.000 (99.959)
Epoch: [171][240/391], lr: 0.00010	Loss 0.0958 (0.0941)	Prec@1 97.656 (97.468)	Prec@5 100.000 (99.958)
Epoch: [171][250/391], lr: 0.00010	Loss 0.0600 (0.0946)	Prec@1 97.656 (97.469)	Prec@5 100.000 (99.956)
Epoch: [171][260/391], lr: 0.00010	Loss 0.1445 (0.0953)	Prec@1 98.438 (97.459)	Prec@5 100.000 (99.958)
Epoch: [171][270/391], lr: 0.00010	Loss 0.0807 (0.0948)	Prec@1 98.438 (97.480)	Prec@5 100.000 (99.957)
Epoch: [171][280/391], lr: 0.00010	Loss 0.0751 (0.0947)	Prec@1 96.875 (97.476)	Prec@5 100.000 (99.953)
Epoch: [171][290/391], lr: 0.00010	Loss 0.1215 (0.0947)	Prec@1 96.875 (97.476)	Prec@5 99.219 (99.949)
Epoch: [171][300/391], lr: 0.00010	Loss 0.0663 (0.0946)	Prec@1 98.438 (97.477)	Prec@5 100.000 (99.951)
Epoch: [171][310/391], lr: 0.00010	Loss 0.0776 (0.0945)	Prec@1 99.219 (97.478)	Prec@5 100.000 (99.952)
Epoch: [171][320/391], lr: 0.00010	Loss 0.0640 (0.0943)	Prec@1 99.219 (97.481)	Prec@5 100.000 (99.954)
Epoch: [171][330/391], lr: 0.00010	Loss 0.1357 (0.0950)	Prec@1 96.875 (97.460)	Prec@5 100.000 (99.953)
Epoch: [171][340/391], lr: 0.00010	Loss 0.0591 (0.0950)	Prec@1 99.219 (97.450)	Prec@5 100.000 (99.952)
Epoch: [171][350/391], lr: 0.00010	Loss 0.1358 (0.0952)	Prec@1 96.875 (97.438)	Prec@5 100.000 (99.951)
Epoch: [171][360/391], lr: 0.00010	Loss 0.1297 (0.0952)	Prec@1 96.875 (97.427)	Prec@5 100.000 (99.952)
Epoch: [171][370/391], lr: 0.00010	Loss 0.1034 (0.0953)	Prec@1 97.656 (97.427)	Prec@5 100.000 (99.949)
Epoch: [171][380/391], lr: 0.00010	Loss 0.0513 (0.0950)	Prec@1 98.438 (97.431)	Prec@5 100.000 (99.949)
Epoch: [171][390/391], lr: 0.00010	Loss 0.0788 (0.0949)	Prec@1 98.750 (97.444)	Prec@5 100.000 (99.950)
Epoch [171] Training Results: Prec@1 97.444 Prec@5 99.950             Loss 0.09489
Epoch [171] Training Class Recall: [0.921,0.942,0.952,0.973,0.984,0.989,0.994,0.994,0.998,0.998]

Epoch: [172][0/391], lr: 0.00010	Loss 0.0825 (0.0825)	Prec@1 98.438 (98.438)	Prec@5 100.000 (100.000)
Epoch: [172][10/391], lr: 0.00010	Loss 0.1573 (0.0817)	Prec@1 94.531 (97.656)	Prec@5 100.000 (100.000)
Epoch: [172][20/391], lr: 0.00010	Loss 0.1002 (0.0873)	Prec@1 97.656 (97.731)	Prec@5 100.000 (100.000)
Epoch: [172][30/391], lr: 0.00010	Loss 0.1059 (0.0901)	Prec@1 96.094 (97.757)	Prec@5 100.000 (99.975)
Epoch: [172][40/391], lr: 0.00010	Loss 0.0952 (0.0912)	Prec@1 98.438 (97.694)	Prec@5 100.000 (99.981)
Epoch: [172][50/391], lr: 0.00010	Loss 0.1133 (0.0909)	Prec@1 96.875 (97.702)	Prec@5 100.000 (99.985)
Epoch: [172][60/391], lr: 0.00010	Loss 0.0698 (0.0912)	Prec@1 96.875 (97.618)	Prec@5 100.000 (99.974)
Epoch: [172][70/391], lr: 0.00010	Loss 0.1162 (0.0929)	Prec@1 96.875 (97.469)	Prec@5 100.000 (99.978)
Epoch: [172][80/391], lr: 0.00010	Loss 0.0749 (0.0933)	Prec@1 98.438 (97.531)	Prec@5 100.000 (99.981)
Epoch: [172][90/391], lr: 0.00010	Loss 0.0922 (0.0938)	Prec@1 96.094 (97.493)	Prec@5 100.000 (99.983)
Epoch: [172][100/391], lr: 0.00010	Loss 0.0757 (0.0943)	Prec@1 97.656 (97.471)	Prec@5 100.000 (99.985)
Epoch: [172][110/391], lr: 0.00010	Loss 0.0961 (0.0957)	Prec@1 96.875 (97.431)	Prec@5 100.000 (99.986)
Epoch: [172][120/391], lr: 0.00010	Loss 0.0511 (0.0965)	Prec@1 99.219 (97.411)	Prec@5 100.000 (99.987)
Epoch: [172][130/391], lr: 0.00010	Loss 0.0778 (0.0968)	Prec@1 98.438 (97.424)	Prec@5 100.000 (99.988)
Epoch: [172][140/391], lr: 0.00010	Loss 0.0678 (0.0976)	Prec@1 99.219 (97.418)	Prec@5 100.000 (99.983)
Epoch: [172][150/391], lr: 0.00010	Loss 0.0768 (0.0971)	Prec@1 99.219 (97.439)	Prec@5 100.000 (99.984)
Epoch: [172][160/391], lr: 0.00010	Loss 0.0733 (0.0964)	Prec@1 97.656 (97.443)	Prec@5 100.000 (99.985)
Epoch: [172][170/391], lr: 0.00010	Loss 0.0808 (0.0961)	Prec@1 97.656 (97.437)	Prec@5 100.000 (99.986)
Epoch: [172][180/391], lr: 0.00010	Loss 0.1191 (0.0961)	Prec@1 95.312 (97.419)	Prec@5 100.000 (99.983)
Epoch: [172][190/391], lr: 0.00010	Loss 0.0848 (0.0957)	Prec@1 96.875 (97.427)	Prec@5 100.000 (99.980)
Epoch: [172][200/391], lr: 0.00010	Loss 0.0593 (0.0943)	Prec@1 99.219 (97.485)	Prec@5 100.000 (99.981)
Epoch: [172][210/391], lr: 0.00010	Loss 0.0523 (0.0940)	Prec@1 99.219 (97.501)	Prec@5 100.000 (99.981)
Epoch: [172][220/391], lr: 0.00010	Loss 0.0559 (0.0938)	Prec@1 99.219 (97.497)	Prec@5 100.000 (99.982)
Epoch: [172][230/391], lr: 0.00010	Loss 0.0635 (0.0933)	Prec@1 99.219 (97.518)	Prec@5 100.000 (99.980)
Epoch: [172][240/391], lr: 0.00010	Loss 0.1143 (0.0931)	Prec@1 97.656 (97.507)	Prec@5 100.000 (99.977)
Epoch: [172][250/391], lr: 0.00010	Loss 0.0568 (0.0928)	Prec@1 99.219 (97.532)	Prec@5 100.000 (99.975)
Epoch: [172][260/391], lr: 0.00010	Loss 0.1117 (0.0924)	Prec@1 96.094 (97.525)	Prec@5 100.000 (99.976)
Epoch: [172][270/391], lr: 0.00010	Loss 0.0540 (0.0925)	Prec@1 98.438 (97.515)	Prec@5 100.000 (99.977)
Epoch: [172][280/391], lr: 0.00010	Loss 0.1164 (0.0928)	Prec@1 96.094 (97.509)	Prec@5 100.000 (99.975)
Epoch: [172][290/391], lr: 0.00010	Loss 0.0976 (0.0934)	Prec@1 98.438 (97.511)	Prec@5 99.219 (99.965)
Epoch: [172][300/391], lr: 0.00010	Loss 0.0894 (0.0934)	Prec@1 96.875 (97.490)	Prec@5 100.000 (99.966)
Epoch: [172][310/391], lr: 0.00010	Loss 0.1322 (0.0933)	Prec@1 95.312 (97.483)	Prec@5 100.000 (99.967)
Epoch: [172][320/391], lr: 0.00010	Loss 0.0787 (0.0933)	Prec@1 98.438 (97.474)	Prec@5 100.000 (99.963)
Epoch: [172][330/391], lr: 0.00010	Loss 0.0514 (0.0932)	Prec@1 98.438 (97.475)	Prec@5 100.000 (99.965)
Epoch: [172][340/391], lr: 0.00010	Loss 0.0644 (0.0927)	Prec@1 98.438 (97.487)	Prec@5 100.000 (99.966)
Epoch: [172][350/391], lr: 0.00010	Loss 0.0674 (0.0925)	Prec@1 98.438 (97.494)	Prec@5 100.000 (99.967)
Epoch: [172][360/391], lr: 0.00010	Loss 0.1297 (0.0927)	Prec@1 97.656 (97.490)	Prec@5 100.000 (99.968)
Epoch: [172][370/391], lr: 0.00010	Loss 0.0627 (0.0925)	Prec@1 98.438 (97.507)	Prec@5 100.000 (99.968)
Epoch: [172][380/391], lr: 0.00010	Loss 0.0897 (0.0926)	Prec@1 96.875 (97.502)	Prec@5 100.000 (99.967)
Epoch: [172][390/391], lr: 0.00010	Loss 0.1197 (0.0928)	Prec@1 96.250 (97.476)	Prec@5 100.000 (99.964)
Epoch [172] Training Results: Prec@1 97.476 Prec@5 99.964             Loss 0.09284
Epoch [172] Training Class Recall: [0.924,0.944,0.953,0.975,0.982,0.991,0.992,0.993,0.997,0.998]

Epoch: [173][0/391], lr: 0.00010	Loss 0.0858 (0.0858)	Prec@1 99.219 (99.219)	Prec@5 100.000 (100.000)
Epoch: [173][10/391], lr: 0.00010	Loss 0.0725 (0.0813)	Prec@1 98.438 (98.011)	Prec@5 100.000 (100.000)
Epoch: [173][20/391], lr: 0.00010	Loss 0.0746 (0.0840)	Prec@1 96.875 (97.842)	Prec@5 100.000 (100.000)
Epoch: [173][30/391], lr: 0.00010	Loss 0.0880 (0.0865)	Prec@1 97.656 (97.656)	Prec@5 100.000 (99.975)
Epoch: [173][40/391], lr: 0.00010	Loss 0.0944 (0.0887)	Prec@1 97.656 (97.561)	Prec@5 100.000 (99.981)
Epoch: [173][50/391], lr: 0.00010	Loss 0.0875 (0.0880)	Prec@1 98.438 (97.641)	Prec@5 100.000 (99.969)
Epoch: [173][60/391], lr: 0.00010	Loss 0.0686 (0.0854)	Prec@1 99.219 (97.733)	Prec@5 100.000 (99.974)
Epoch: [173][70/391], lr: 0.00010	Loss 0.0623 (0.0847)	Prec@1 99.219 (97.766)	Prec@5 100.000 (99.978)
Epoch: [173][80/391], lr: 0.00010	Loss 0.0726 (0.0846)	Prec@1 98.438 (97.801)	Prec@5 100.000 (99.981)
Epoch: [173][90/391], lr: 0.00010	Loss 0.1019 (0.0845)	Prec@1 96.875 (97.837)	Prec@5 100.000 (99.983)
Epoch: [173][100/391], lr: 0.00010	Loss 0.0584 (0.0841)	Prec@1 98.438 (97.826)	Prec@5 100.000 (99.985)
Epoch: [173][110/391], lr: 0.00010	Loss 0.1215 (0.0870)	Prec@1 96.094 (97.762)	Prec@5 100.000 (99.986)
Epoch: [173][120/391], lr: 0.00010	Loss 0.0485 (0.0857)	Prec@1 100.000 (97.798)	Prec@5 100.000 (99.987)
Epoch: [173][130/391], lr: 0.00010	Loss 0.0647 (0.0865)	Prec@1 98.438 (97.740)	Prec@5 100.000 (99.988)
Epoch: [173][140/391], lr: 0.00010	Loss 0.0472 (0.0866)	Prec@1 99.219 (97.745)	Prec@5 100.000 (99.972)
Epoch: [173][150/391], lr: 0.00010	Loss 0.0872 (0.0870)	Prec@1 99.219 (97.755)	Prec@5 100.000 (99.974)
Epoch: [173][160/391], lr: 0.00010	Loss 0.0596 (0.0877)	Prec@1 97.656 (97.705)	Prec@5 100.000 (99.976)
Epoch: [173][170/391], lr: 0.00010	Loss 0.0471 (0.0884)	Prec@1 98.438 (97.693)	Prec@5 100.000 (99.973)
Epoch: [173][180/391], lr: 0.00010	Loss 0.0811 (0.0878)	Prec@1 97.656 (97.717)	Prec@5 100.000 (99.970)
Epoch: [173][190/391], lr: 0.00010	Loss 0.0847 (0.0876)	Prec@1 99.219 (97.705)	Prec@5 100.000 (99.971)
Epoch: [173][200/391], lr: 0.00010	Loss 0.0460 (0.0868)	Prec@1 99.219 (97.734)	Prec@5 100.000 (99.973)
Epoch: [173][210/391], lr: 0.00010	Loss 0.0667 (0.0874)	Prec@1 98.438 (97.708)	Prec@5 100.000 (99.974)
Epoch: [173][220/391], lr: 0.00010	Loss 0.0946 (0.0882)	Prec@1 98.438 (97.695)	Prec@5 100.000 (99.972)
Epoch: [173][230/391], lr: 0.00010	Loss 0.1076 (0.0883)	Prec@1 96.875 (97.690)	Prec@5 100.000 (99.973)
Epoch: [173][240/391], lr: 0.00010	Loss 0.0686 (0.0882)	Prec@1 96.875 (97.672)	Prec@5 100.000 (99.968)
Epoch: [173][250/391], lr: 0.00010	Loss 0.0569 (0.0886)	Prec@1 99.219 (97.662)	Prec@5 100.000 (99.969)
Epoch: [173][260/391], lr: 0.00010	Loss 0.0772 (0.0882)	Prec@1 96.875 (97.662)	Prec@5 100.000 (99.967)
Epoch: [173][270/391], lr: 0.00010	Loss 0.0552 (0.0879)	Prec@1 98.438 (97.668)	Prec@5 100.000 (99.968)
Epoch: [173][280/391], lr: 0.00010	Loss 0.0908 (0.0878)	Prec@1 98.438 (97.684)	Prec@5 100.000 (99.967)
Epoch: [173][290/391], lr: 0.00010	Loss 0.0784 (0.0885)	Prec@1 99.219 (97.675)	Prec@5 100.000 (99.968)
Epoch: [173][300/391], lr: 0.00010	Loss 0.1494 (0.0888)	Prec@1 96.094 (97.661)	Prec@5 100.000 (99.969)
Epoch: [173][310/391], lr: 0.00010	Loss 0.0845 (0.0890)	Prec@1 98.438 (97.636)	Prec@5 100.000 (99.967)
Epoch: [173][320/391], lr: 0.00010	Loss 0.0840 (0.0888)	Prec@1 98.438 (97.649)	Prec@5 100.000 (99.968)
Epoch: [173][330/391], lr: 0.00010	Loss 0.0933 (0.0892)	Prec@1 96.875 (97.633)	Prec@5 100.000 (99.969)
Epoch: [173][340/391], lr: 0.00010	Loss 0.0563 (0.0892)	Prec@1 98.438 (97.622)	Prec@5 100.000 (99.968)
Epoch: [173][350/391], lr: 0.00010	Loss 0.0513 (0.0891)	Prec@1 97.656 (97.612)	Prec@5 100.000 (99.967)
Epoch: [173][360/391], lr: 0.00010	Loss 0.0824 (0.0890)	Prec@1 98.438 (97.600)	Prec@5 100.000 (99.968)
Epoch: [173][370/391], lr: 0.00010	Loss 0.0842 (0.0891)	Prec@1 99.219 (97.601)	Prec@5 100.000 (99.968)
Epoch: [173][380/391], lr: 0.00010	Loss 0.0864 (0.0893)	Prec@1 97.656 (97.595)	Prec@5 100.000 (99.967)
Epoch: [173][390/391], lr: 0.00010	Loss 0.1284 (0.0897)	Prec@1 96.250 (97.572)	Prec@5 100.000 (99.964)
Epoch [173] Training Results: Prec@1 97.572 Prec@5 99.964             Loss 0.08970
Epoch [173] Training Class Recall: [0.924,0.945,0.951,0.975,0.989,0.989,0.994,0.994,0.997,0.998]

Epoch: [174][0/391], lr: 0.00010	Loss 0.1090 (0.1090)	Prec@1 97.656 (97.656)	Prec@5 99.219 (99.219)
Epoch: [174][10/391], lr: 0.00010	Loss 0.1124 (0.0859)	Prec@1 96.875 (97.727)	Prec@5 100.000 (99.929)
Epoch: [174][20/391], lr: 0.00010	Loss 0.0441 (0.0836)	Prec@1 100.000 (97.842)	Prec@5 100.000 (99.963)
Epoch: [174][30/391], lr: 0.00010	Loss 0.0861 (0.0816)	Prec@1 96.875 (97.757)	Prec@5 100.000 (99.975)
Epoch: [174][40/391], lr: 0.00010	Loss 0.0740 (0.0846)	Prec@1 98.438 (97.732)	Prec@5 100.000 (99.981)
Epoch: [174][50/391], lr: 0.00010	Loss 0.0468 (0.0839)	Prec@1 99.219 (97.794)	Prec@5 100.000 (99.985)
Epoch: [174][60/391], lr: 0.00010	Loss 0.0616 (0.0847)	Prec@1 99.219 (97.707)	Prec@5 100.000 (99.974)
Epoch: [174][70/391], lr: 0.00010	Loss 0.0656 (0.0869)	Prec@1 99.219 (97.667)	Prec@5 100.000 (99.967)
Epoch: [174][80/391], lr: 0.00010	Loss 0.0741 (0.0864)	Prec@1 97.656 (97.647)	Prec@5 100.000 (99.961)
Epoch: [174][90/391], lr: 0.00010	Loss 0.0667 (0.0859)	Prec@1 97.656 (97.648)	Prec@5 100.000 (99.966)
Epoch: [174][100/391], lr: 0.00010	Loss 0.0664 (0.0846)	Prec@1 99.219 (97.741)	Prec@5 100.000 (99.969)
Epoch: [174][110/391], lr: 0.00010	Loss 0.1251 (0.0862)	Prec@1 95.312 (97.691)	Prec@5 99.219 (99.951)
Epoch: [174][120/391], lr: 0.00010	Loss 0.1279 (0.0863)	Prec@1 96.094 (97.676)	Prec@5 100.000 (99.955)
Epoch: [174][130/391], lr: 0.00010	Loss 0.0510 (0.0857)	Prec@1 99.219 (97.692)	Prec@5 100.000 (99.958)
Epoch: [174][140/391], lr: 0.00010	Loss 0.0510 (0.0856)	Prec@1 100.000 (97.701)	Prec@5 100.000 (99.961)
Epoch: [174][150/391], lr: 0.00010	Loss 0.0847 (0.0855)	Prec@1 96.094 (97.687)	Prec@5 100.000 (99.964)
Epoch: [174][160/391], lr: 0.00010	Loss 0.0728 (0.0856)	Prec@1 98.438 (97.700)	Prec@5 100.000 (99.966)
Epoch: [174][170/391], lr: 0.00010	Loss 0.0658 (0.0852)	Prec@1 98.438 (97.716)	Prec@5 100.000 (99.963)
Epoch: [174][180/391], lr: 0.00010	Loss 0.0620 (0.0848)	Prec@1 98.438 (97.725)	Prec@5 100.000 (99.961)
Epoch: [174][190/391], lr: 0.00010	Loss 0.0918 (0.0854)	Prec@1 97.656 (97.705)	Prec@5 100.000 (99.963)
Epoch: [174][200/391], lr: 0.00010	Loss 0.1405 (0.0856)	Prec@1 95.312 (97.699)	Prec@5 100.000 (99.965)
Epoch: [174][210/391], lr: 0.00010	Loss 0.1295 (0.0859)	Prec@1 96.094 (97.690)	Prec@5 100.000 (99.967)
Epoch: [174][220/391], lr: 0.00010	Loss 0.0889 (0.0857)	Prec@1 98.438 (97.706)	Prec@5 100.000 (99.968)
Epoch: [174][230/391], lr: 0.00010	Loss 0.0305 (0.0849)	Prec@1 100.000 (97.748)	Prec@5 100.000 (99.970)
Epoch: [174][240/391], lr: 0.00010	Loss 0.0951 (0.0850)	Prec@1 98.438 (97.766)	Prec@5 99.219 (99.968)
Epoch: [174][250/391], lr: 0.00010	Loss 0.0865 (0.0843)	Prec@1 98.438 (97.793)	Prec@5 100.000 (99.969)
Epoch: [174][260/391], lr: 0.00010	Loss 0.0647 (0.0838)	Prec@1 97.656 (97.803)	Prec@5 100.000 (99.970)
Epoch: [174][270/391], lr: 0.00010	Loss 0.0473 (0.0841)	Prec@1 98.438 (97.798)	Prec@5 100.000 (99.965)
Epoch: [174][280/391], lr: 0.00010	Loss 0.0883 (0.0850)	Prec@1 96.875 (97.754)	Prec@5 100.000 (99.967)
Epoch: [174][290/391], lr: 0.00010	Loss 0.0653 (0.0851)	Prec@1 99.219 (97.753)	Prec@5 100.000 (99.965)
Epoch: [174][300/391], lr: 0.00010	Loss 0.0670 (0.0849)	Prec@1 98.438 (97.755)	Prec@5 100.000 (99.966)
Epoch: [174][310/391], lr: 0.00010	Loss 0.0703 (0.0852)	Prec@1 97.656 (97.747)	Prec@5 100.000 (99.965)
Epoch: [174][320/391], lr: 0.00010	Loss 0.0597 (0.0846)	Prec@1 98.438 (97.768)	Prec@5 100.000 (99.966)
Epoch: [174][330/391], lr: 0.00010	Loss 0.0915 (0.0845)	Prec@1 96.094 (97.762)	Prec@5 100.000 (99.967)
Epoch: [174][340/391], lr: 0.00010	Loss 0.0591 (0.0847)	Prec@1 100.000 (97.764)	Prec@5 100.000 (99.966)
Epoch: [174][350/391], lr: 0.00010	Loss 0.1711 (0.0852)	Prec@1 96.094 (97.741)	Prec@5 99.219 (99.964)
Epoch: [174][360/391], lr: 0.00010	Loss 0.0591 (0.0852)	Prec@1 97.656 (97.734)	Prec@5 100.000 (99.965)
Epoch: [174][370/391], lr: 0.00010	Loss 0.0635 (0.0851)	Prec@1 98.438 (97.734)	Prec@5 100.000 (99.966)
Epoch: [174][380/391], lr: 0.00010	Loss 0.0579 (0.0853)	Prec@1 97.656 (97.708)	Prec@5 100.000 (99.967)
Epoch: [174][390/391], lr: 0.00010	Loss 0.0820 (0.0857)	Prec@1 98.750 (97.706)	Prec@5 100.000 (99.968)
Epoch [174] Training Results: Prec@1 97.706 Prec@5 99.968             Loss 0.08570
Epoch [174] Training Class Recall: [0.929,0.949,0.956,0.978,0.984,0.992,0.995,0.993,0.997,0.998]

Epoch: [175][0/391], lr: 0.00010	Loss 0.0673 (0.0673)	Prec@1 96.875 (96.875)	Prec@5 100.000 (100.000)
Epoch: [175][10/391], lr: 0.00010	Loss 0.0607 (0.0960)	Prec@1 98.438 (97.869)	Prec@5 100.000 (99.787)
Epoch: [175][20/391], lr: 0.00010	Loss 0.1876 (0.0992)	Prec@1 92.188 (97.545)	Prec@5 100.000 (99.851)
Epoch: [175][30/391], lr: 0.00010	Loss 0.0578 (0.0950)	Prec@1 97.656 (97.530)	Prec@5 100.000 (99.899)
Epoch: [175][40/391], lr: 0.00010	Loss 0.0781 (0.0952)	Prec@1 97.656 (97.428)	Prec@5 100.000 (99.905)
Epoch: [175][50/391], lr: 0.00010	Loss 0.1662 (0.0941)	Prec@1 92.188 (97.350)	Prec@5 100.000 (99.923)
Epoch: [175][60/391], lr: 0.00010	Loss 0.0893 (0.0919)	Prec@1 97.656 (97.413)	Prec@5 100.000 (99.936)
Epoch: [175][70/391], lr: 0.00010	Loss 0.0887 (0.0905)	Prec@1 97.656 (97.436)	Prec@5 100.000 (99.945)
Epoch: [175][80/391], lr: 0.00010	Loss 0.0485 (0.0882)	Prec@1 100.000 (97.560)	Prec@5 100.000 (99.952)
Epoch: [175][90/391], lr: 0.00010	Loss 0.1039 (0.0880)	Prec@1 97.656 (97.570)	Prec@5 100.000 (99.957)
Epoch: [175][100/391], lr: 0.00010	Loss 0.0469 (0.0866)	Prec@1 99.219 (97.618)	Prec@5 100.000 (99.961)
Epoch: [175][110/391], lr: 0.00010	Loss 0.1621 (0.0876)	Prec@1 95.312 (97.572)	Prec@5 100.000 (99.958)
Epoch: [175][120/391], lr: 0.00010	Loss 0.1027 (0.0868)	Prec@1 96.875 (97.592)	Prec@5 100.000 (99.961)
Epoch: [175][130/391], lr: 0.00010	Loss 0.1074 (0.0863)	Prec@1 96.094 (97.591)	Prec@5 100.000 (99.964)
Epoch: [175][140/391], lr: 0.00010	Loss 0.0659 (0.0847)	Prec@1 97.656 (97.667)	Prec@5 100.000 (99.967)
Epoch: [175][150/391], lr: 0.00010	Loss 0.0998 (0.0852)	Prec@1 97.656 (97.667)	Prec@5 100.000 (99.969)
Epoch: [175][160/391], lr: 0.00010	Loss 0.0704 (0.0845)	Prec@1 98.438 (97.681)	Prec@5 100.000 (99.971)
Epoch: [175][170/391], lr: 0.00010	Loss 0.0578 (0.0833)	Prec@1 98.438 (97.757)	Prec@5 100.000 (99.973)
Epoch: [175][180/391], lr: 0.00010	Loss 0.0874 (0.0835)	Prec@1 97.656 (97.717)	Prec@5 100.000 (99.974)
Epoch: [175][190/391], lr: 0.00010	Loss 0.1195 (0.0834)	Prec@1 96.094 (97.734)	Prec@5 100.000 (99.971)
Epoch: [175][200/391], lr: 0.00010	Loss 0.0915 (0.0832)	Prec@1 96.094 (97.715)	Prec@5 100.000 (99.973)
Epoch: [175][210/391], lr: 0.00010	Loss 0.0543 (0.0828)	Prec@1 98.438 (97.738)	Prec@5 100.000 (99.974)
Epoch: [175][220/391], lr: 0.00010	Loss 0.0872 (0.0824)	Prec@1 96.875 (97.755)	Prec@5 100.000 (99.972)
Epoch: [175][230/391], lr: 0.00010	Loss 0.0799 (0.0827)	Prec@1 98.438 (97.744)	Prec@5 100.000 (99.970)
Epoch: [175][240/391], lr: 0.00010	Loss 0.0603 (0.0825)	Prec@1 98.438 (97.757)	Prec@5 100.000 (99.971)
Epoch: [175][250/391], lr: 0.00010	Loss 0.0932 (0.0821)	Prec@1 97.656 (97.781)	Prec@5 100.000 (99.972)
Epoch: [175][260/391], lr: 0.00010	Loss 0.0730 (0.0822)	Prec@1 98.438 (97.791)	Prec@5 100.000 (99.970)
Epoch: [175][270/391], lr: 0.00010	Loss 0.1066 (0.0824)	Prec@1 98.438 (97.777)	Prec@5 100.000 (99.971)
Epoch: [175][280/391], lr: 0.00010	Loss 0.0824 (0.0832)	Prec@1 96.875 (97.754)	Prec@5 100.000 (99.969)
Epoch: [175][290/391], lr: 0.00010	Loss 0.0677 (0.0837)	Prec@1 97.656 (97.745)	Prec@5 100.000 (99.968)
Epoch: [175][300/391], lr: 0.00010	Loss 0.1071 (0.0840)	Prec@1 96.094 (97.729)	Prec@5 100.000 (99.969)
Epoch: [175][310/391], lr: 0.00010	Loss 0.1230 (0.0840)	Prec@1 98.438 (97.732)	Prec@5 99.219 (99.967)
Epoch: [175][320/391], lr: 0.00010	Loss 0.0450 (0.0837)	Prec@1 99.219 (97.739)	Prec@5 100.000 (99.968)
Epoch: [175][330/391], lr: 0.00010	Loss 0.0518 (0.0831)	Prec@1 99.219 (97.762)	Prec@5 100.000 (99.969)
Epoch: [175][340/391], lr: 0.00010	Loss 0.1287 (0.0834)	Prec@1 96.875 (97.746)	Prec@5 100.000 (99.970)
Epoch: [175][350/391], lr: 0.00010	Loss 0.1365 (0.0836)	Prec@1 96.875 (97.745)	Prec@5 100.000 (99.969)
Epoch: [175][360/391], lr: 0.00010	Loss 0.1162 (0.0839)	Prec@1 96.094 (97.719)	Prec@5 100.000 (99.968)
Epoch: [175][370/391], lr: 0.00010	Loss 0.0865 (0.0839)	Prec@1 98.438 (97.724)	Prec@5 100.000 (99.968)
Epoch: [175][380/391], lr: 0.00010	Loss 0.1121 (0.0840)	Prec@1 96.875 (97.724)	Prec@5 100.000 (99.969)
Epoch: [175][390/391], lr: 0.00010	Loss 0.1574 (0.0843)	Prec@1 93.750 (97.720)	Prec@5 100.000 (99.968)
Epoch [175] Training Results: Prec@1 97.720 Prec@5 99.968             Loss 0.08435
Epoch [175] Training Class Recall: [0.929,0.949,0.953,0.977,0.989,0.992,0.995,0.994,0.997,0.998]

Epoch: [176][0/391], lr: 0.00010	Loss 0.0821 (0.0821)	Prec@1 97.656 (97.656)	Prec@5 99.219 (99.219)
Epoch: [176][10/391], lr: 0.00010	Loss 0.1413 (0.1005)	Prec@1 96.875 (96.662)	Prec@5 99.219 (99.787)
Epoch: [176][20/391], lr: 0.00010	Loss 0.0704 (0.0970)	Prec@1 98.438 (96.912)	Prec@5 100.000 (99.888)
Epoch: [176][30/391], lr: 0.00010	Loss 0.0591 (0.0948)	Prec@1 98.438 (97.026)	Prec@5 100.000 (99.924)
Epoch: [176][40/391], lr: 0.00010	Loss 0.0693 (0.0920)	Prec@1 98.438 (97.237)	Prec@5 100.000 (99.905)
Epoch: [176][50/391], lr: 0.00010	Loss 0.0715 (0.0893)	Prec@1 98.438 (97.396)	Prec@5 100.000 (99.923)
Epoch: [176][60/391], lr: 0.00010	Loss 0.0636 (0.0899)	Prec@1 98.438 (97.451)	Prec@5 100.000 (99.923)
Epoch: [176][70/391], lr: 0.00010	Loss 0.0688 (0.0897)	Prec@1 96.875 (97.469)	Prec@5 100.000 (99.923)
Epoch: [176][80/391], lr: 0.00010	Loss 0.0973 (0.0905)	Prec@1 97.656 (97.473)	Prec@5 100.000 (99.913)
Epoch: [176][90/391], lr: 0.00010	Loss 0.1732 (0.0903)	Prec@1 96.094 (97.467)	Prec@5 100.000 (99.923)
Epoch: [176][100/391], lr: 0.00010	Loss 0.1460 (0.0910)	Prec@1 94.531 (97.478)	Prec@5 100.000 (99.930)
Epoch: [176][110/391], lr: 0.00010	Loss 0.0375 (0.0905)	Prec@1 100.000 (97.487)	Prec@5 100.000 (99.937)
Epoch: [176][120/391], lr: 0.00010	Loss 0.0765 (0.0897)	Prec@1 97.656 (97.546)	Prec@5 100.000 (99.942)
Epoch: [176][130/391], lr: 0.00010	Loss 0.0771 (0.0889)	Prec@1 97.656 (97.573)	Prec@5 100.000 (99.946)
Epoch: [176][140/391], lr: 0.00010	Loss 0.0914 (0.0883)	Prec@1 95.312 (97.579)	Prec@5 100.000 (99.950)
Epoch: [176][150/391], lr: 0.00010	Loss 0.0798 (0.0875)	Prec@1 96.875 (97.615)	Prec@5 100.000 (99.953)
Epoch: [176][160/391], lr: 0.00010	Loss 0.0347 (0.0874)	Prec@1 100.000 (97.603)	Prec@5 100.000 (99.956)
Epoch: [176][170/391], lr: 0.00010	Loss 0.0799 (0.0868)	Prec@1 98.438 (97.638)	Prec@5 100.000 (99.959)
Epoch: [176][180/391], lr: 0.00010	Loss 0.0847 (0.0864)	Prec@1 98.438 (97.661)	Prec@5 100.000 (99.961)
Epoch: [176][190/391], lr: 0.00010	Loss 0.0742 (0.0863)	Prec@1 98.438 (97.652)	Prec@5 100.000 (99.963)
Epoch: [176][200/391], lr: 0.00010	Loss 0.0808 (0.0857)	Prec@1 98.438 (97.680)	Prec@5 100.000 (99.965)
Epoch: [176][210/391], lr: 0.00010	Loss 0.0567 (0.0859)	Prec@1 100.000 (97.682)	Prec@5 100.000 (99.963)
Epoch: [176][220/391], lr: 0.00010	Loss 0.0627 (0.0857)	Prec@1 97.656 (97.667)	Prec@5 100.000 (99.965)
Epoch: [176][230/391], lr: 0.00010	Loss 0.0763 (0.0853)	Prec@1 97.656 (97.670)	Prec@5 100.000 (99.963)
Epoch: [176][240/391], lr: 0.00010	Loss 0.0676 (0.0847)	Prec@1 96.875 (97.669)	Prec@5 100.000 (99.964)
Epoch: [176][250/391], lr: 0.00010	Loss 0.0410 (0.0841)	Prec@1 99.219 (97.684)	Prec@5 100.000 (99.966)
Epoch: [176][260/391], lr: 0.00010	Loss 0.0567 (0.0838)	Prec@1 99.219 (97.689)	Prec@5 100.000 (99.964)
Epoch: [176][270/391], lr: 0.00010	Loss 0.0508 (0.0838)	Prec@1 98.438 (97.702)	Prec@5 100.000 (99.963)
Epoch: [176][280/391], lr: 0.00010	Loss 0.0943 (0.0837)	Prec@1 96.875 (97.715)	Prec@5 100.000 (99.961)
Epoch: [176][290/391], lr: 0.00010	Loss 0.0568 (0.0839)	Prec@1 98.438 (97.702)	Prec@5 100.000 (99.960)
Epoch: [176][300/391], lr: 0.00010	Loss 0.0560 (0.0835)	Prec@1 99.219 (97.726)	Prec@5 100.000 (99.961)
Epoch: [176][310/391], lr: 0.00010	Loss 0.0664 (0.0833)	Prec@1 98.438 (97.737)	Prec@5 100.000 (99.962)
Epoch: [176][320/391], lr: 0.00010	Loss 0.0481 (0.0826)	Prec@1 99.219 (97.756)	Prec@5 99.219 (99.961)
Epoch: [176][330/391], lr: 0.00010	Loss 0.0803 (0.0824)	Prec@1 98.438 (97.774)	Prec@5 100.000 (99.962)
Epoch: [176][340/391], lr: 0.00010	Loss 0.0990 (0.0827)	Prec@1 98.438 (97.771)	Prec@5 100.000 (99.961)
Epoch: [176][350/391], lr: 0.00010	Loss 0.0529 (0.0823)	Prec@1 99.219 (97.781)	Prec@5 100.000 (99.962)
Epoch: [176][360/391], lr: 0.00010	Loss 0.1087 (0.0822)	Prec@1 96.875 (97.782)	Prec@5 100.000 (99.963)
Epoch: [176][370/391], lr: 0.00010	Loss 0.0917 (0.0819)	Prec@1 96.094 (97.787)	Prec@5 100.000 (99.964)
Epoch: [176][380/391], lr: 0.00010	Loss 0.1294 (0.0821)	Prec@1 94.531 (97.785)	Prec@5 100.000 (99.965)
Epoch: [176][390/391], lr: 0.00010	Loss 0.0835 (0.0822)	Prec@1 97.500 (97.778)	Prec@5 100.000 (99.964)
Epoch [176] Training Results: Prec@1 97.778 Prec@5 99.964             Loss 0.08224
Epoch [176] Training Class Recall: [0.929,0.948,0.960,0.975,0.988,0.992,0.995,0.994,0.999,0.999]

Epoch: [177][0/391], lr: 0.00010	Loss 0.0711 (0.0711)	Prec@1 97.656 (97.656)	Prec@5 100.000 (100.000)
Epoch: [177][10/391], lr: 0.00010	Loss 0.1220 (0.0803)	Prec@1 96.094 (97.443)	Prec@5 100.000 (100.000)
Epoch: [177][20/391], lr: 0.00010	Loss 0.0368 (0.0838)	Prec@1 100.000 (97.545)	Prec@5 100.000 (100.000)
Epoch: [177][30/391], lr: 0.00010	Loss 0.0430 (0.0812)	Prec@1 99.219 (97.707)	Prec@5 100.000 (99.975)
Epoch: [177][40/391], lr: 0.00010	Loss 0.0824 (0.0802)	Prec@1 97.656 (97.771)	Prec@5 100.000 (99.981)
Epoch: [177][50/391], lr: 0.00010	Loss 0.0890 (0.0787)	Prec@1 97.656 (97.901)	Prec@5 100.000 (99.969)
Epoch: [177][60/391], lr: 0.00010	Loss 0.1117 (0.0799)	Prec@1 95.312 (97.848)	Prec@5 100.000 (99.974)
Epoch: [177][70/391], lr: 0.00010	Loss 0.0622 (0.0782)	Prec@1 98.438 (97.931)	Prec@5 100.000 (99.967)
Epoch: [177][80/391], lr: 0.00010	Loss 0.1169 (0.0777)	Prec@1 96.875 (97.936)	Prec@5 100.000 (99.961)
Epoch: [177][90/391], lr: 0.00010	Loss 0.0525 (0.0767)	Prec@1 99.219 (97.940)	Prec@5 100.000 (99.966)
Epoch: [177][100/391], lr: 0.00010	Loss 0.1034 (0.0765)	Prec@1 96.875 (97.981)	Prec@5 100.000 (99.969)
Epoch: [177][110/391], lr: 0.00010	Loss 0.0775 (0.0799)	Prec@1 97.656 (97.881)	Prec@5 100.000 (99.958)
Epoch: [177][120/391], lr: 0.00010	Loss 0.0774 (0.0815)	Prec@1 97.656 (97.837)	Prec@5 100.000 (99.961)
Epoch: [177][130/391], lr: 0.00010	Loss 0.0812 (0.0824)	Prec@1 96.875 (97.811)	Prec@5 100.000 (99.958)
Epoch: [177][140/391], lr: 0.00010	Loss 0.0565 (0.0820)	Prec@1 97.656 (97.822)	Prec@5 100.000 (99.956)
Epoch: [177][150/391], lr: 0.00010	Loss 0.0801 (0.0820)	Prec@1 96.875 (97.822)	Prec@5 100.000 (99.953)
Epoch: [177][160/391], lr: 0.00010	Loss 0.1158 (0.0838)	Prec@1 97.656 (97.763)	Prec@5 100.000 (99.951)
Epoch: [177][170/391], lr: 0.00010	Loss 0.0499 (0.0830)	Prec@1 100.000 (97.802)	Prec@5 100.000 (99.954)
Epoch: [177][180/391], lr: 0.00010	Loss 0.1082 (0.0823)	Prec@1 96.875 (97.833)	Prec@5 100.000 (99.957)
Epoch: [177][190/391], lr: 0.00010	Loss 0.0381 (0.0826)	Prec@1 100.000 (97.804)	Prec@5 100.000 (99.959)
Epoch: [177][200/391], lr: 0.00010	Loss 0.0662 (0.0816)	Prec@1 98.438 (97.847)	Prec@5 100.000 (99.961)
Epoch: [177][210/391], lr: 0.00010	Loss 0.0790 (0.0815)	Prec@1 98.438 (97.849)	Prec@5 100.000 (99.959)
Epoch: [177][220/391], lr: 0.00010	Loss 0.0608 (0.0811)	Prec@1 98.438 (97.872)	Prec@5 100.000 (99.961)
Epoch: [177][230/391], lr: 0.00010	Loss 0.0893 (0.0812)	Prec@1 97.656 (97.856)	Prec@5 100.000 (99.963)
Epoch: [177][240/391], lr: 0.00010	Loss 0.1709 (0.0811)	Prec@1 92.969 (97.848)	Prec@5 100.000 (99.961)
Epoch: [177][250/391], lr: 0.00010	Loss 0.1054 (0.0811)	Prec@1 95.312 (97.834)	Prec@5 100.000 (99.963)
Epoch: [177][260/391], lr: 0.00010	Loss 0.0322 (0.0811)	Prec@1 100.000 (97.842)	Prec@5 100.000 (99.961)
Epoch: [177][270/391], lr: 0.00010	Loss 0.0632 (0.0809)	Prec@1 98.438 (97.849)	Prec@5 100.000 (99.960)
Epoch: [177][280/391], lr: 0.00010	Loss 0.0653 (0.0808)	Prec@1 98.438 (97.873)	Prec@5 100.000 (99.961)
Epoch: [177][290/391], lr: 0.00010	Loss 0.0645 (0.0811)	Prec@1 98.438 (97.855)	Prec@5 100.000 (99.957)
Epoch: [177][300/391], lr: 0.00010	Loss 0.0660 (0.0807)	Prec@1 98.438 (97.866)	Prec@5 100.000 (99.958)
Epoch: [177][310/391], lr: 0.00010	Loss 0.0451 (0.0807)	Prec@1 99.219 (97.857)	Prec@5 100.000 (99.960)
Epoch: [177][320/391], lr: 0.00010	Loss 0.1311 (0.0808)	Prec@1 96.094 (97.858)	Prec@5 100.000 (99.961)
Epoch: [177][330/391], lr: 0.00010	Loss 0.1015 (0.0806)	Prec@1 95.312 (97.855)	Prec@5 100.000 (99.962)
Epoch: [177][340/391], lr: 0.00010	Loss 0.0656 (0.0807)	Prec@1 98.438 (97.856)	Prec@5 100.000 (99.961)
Epoch: [177][350/391], lr: 0.00010	Loss 0.1138 (0.0809)	Prec@1 97.656 (97.848)	Prec@5 100.000 (99.962)
Epoch: [177][360/391], lr: 0.00010	Loss 0.0661 (0.0811)	Prec@1 97.656 (97.827)	Prec@5 100.000 (99.961)
Epoch: [177][370/391], lr: 0.00010	Loss 0.1195 (0.0815)	Prec@1 97.656 (97.821)	Prec@5 99.219 (99.958)
Epoch: [177][380/391], lr: 0.00010	Loss 0.0444 (0.0816)	Prec@1 99.219 (97.804)	Prec@5 100.000 (99.959)
Epoch: [177][390/391], lr: 0.00010	Loss 0.1195 (0.0814)	Prec@1 98.750 (97.810)	Prec@5 100.000 (99.960)
Epoch [177] Training Results: Prec@1 97.810 Prec@5 99.960             Loss 0.08142
Epoch [177] Training Class Recall: [0.929,0.950,0.958,0.979,0.987,0.994,0.994,0.996,0.997,0.998]

Epoch: [178][0/391], lr: 0.00010	Loss 0.0723 (0.0723)	Prec@1 99.219 (99.219)	Prec@5 100.000 (100.000)
Epoch: [178][10/391], lr: 0.00010	Loss 0.0559 (0.0712)	Prec@1 99.219 (98.438)	Prec@5 100.000 (100.000)
Epoch: [178][20/391], lr: 0.00010	Loss 0.0315 (0.0668)	Prec@1 100.000 (98.475)	Prec@5 100.000 (100.000)
Epoch: [178][30/391], lr: 0.00010	Loss 0.1772 (0.0729)	Prec@1 95.312 (98.185)	Prec@5 99.219 (99.975)
Epoch: [178][40/391], lr: 0.00010	Loss 0.0486 (0.0745)	Prec@1 98.438 (98.075)	Prec@5 100.000 (99.981)
Epoch: [178][50/391], lr: 0.00010	Loss 0.0890 (0.0744)	Prec@1 98.438 (98.085)	Prec@5 100.000 (99.985)
Epoch: [178][60/391], lr: 0.00010	Loss 0.1172 (0.0743)	Prec@1 96.875 (98.079)	Prec@5 100.000 (99.987)
Epoch: [178][70/391], lr: 0.00010	Loss 0.0614 (0.0719)	Prec@1 97.656 (98.096)	Prec@5 100.000 (99.989)
Epoch: [178][80/391], lr: 0.00010	Loss 0.0603 (0.0746)	Prec@1 99.219 (98.023)	Prec@5 100.000 (99.981)
Epoch: [178][90/391], lr: 0.00010	Loss 0.1850 (0.0759)	Prec@1 94.531 (97.974)	Prec@5 99.219 (99.974)
Epoch: [178][100/391], lr: 0.00010	Loss 0.0892 (0.0746)	Prec@1 97.656 (97.981)	Prec@5 100.000 (99.977)
Epoch: [178][110/391], lr: 0.00010	Loss 0.0972 (0.0760)	Prec@1 96.094 (97.938)	Prec@5 100.000 (99.972)
Epoch: [178][120/391], lr: 0.00010	Loss 0.1316 (0.0771)	Prec@1 96.094 (97.895)	Prec@5 100.000 (99.974)
Epoch: [178][130/391], lr: 0.00010	Loss 0.1522 (0.0781)	Prec@1 96.875 (97.889)	Prec@5 100.000 (99.976)
Epoch: [178][140/391], lr: 0.00010	Loss 0.0515 (0.0774)	Prec@1 98.438 (97.883)	Prec@5 100.000 (99.978)
Epoch: [178][150/391], lr: 0.00010	Loss 0.0451 (0.0779)	Prec@1 98.438 (97.837)	Prec@5 100.000 (99.974)
Epoch: [178][160/391], lr: 0.00010	Loss 0.0715 (0.0775)	Prec@1 97.656 (97.850)	Prec@5 100.000 (99.976)
Epoch: [178][170/391], lr: 0.00010	Loss 0.0712 (0.0773)	Prec@1 98.438 (97.834)	Prec@5 100.000 (99.977)
Epoch: [178][180/391], lr: 0.00010	Loss 0.0645 (0.0779)	Prec@1 99.219 (97.846)	Prec@5 100.000 (99.974)
Epoch: [178][190/391], lr: 0.00010	Loss 0.0917 (0.0777)	Prec@1 97.656 (97.848)	Prec@5 99.219 (99.971)
Epoch: [178][200/391], lr: 0.00010	Loss 0.0707 (0.0783)	Prec@1 98.438 (97.819)	Prec@5 100.000 (99.969)
Epoch: [178][210/391], lr: 0.00010	Loss 0.0505 (0.0781)	Prec@1 99.219 (97.823)	Prec@5 100.000 (99.970)
Epoch: [178][220/391], lr: 0.00010	Loss 0.0397 (0.0776)	Prec@1 99.219 (97.844)	Prec@5 100.000 (99.972)
Epoch: [178][230/391], lr: 0.00010	Loss 0.0654 (0.0776)	Prec@1 98.438 (97.863)	Prec@5 100.000 (99.973)
Epoch: [178][240/391], lr: 0.00010	Loss 0.0998 (0.0781)	Prec@1 97.656 (97.851)	Prec@5 100.000 (99.974)
Epoch: [178][250/391], lr: 0.00010	Loss 0.1193 (0.0793)	Prec@1 96.875 (97.815)	Prec@5 100.000 (99.975)
Epoch: [178][260/391], lr: 0.00010	Loss 0.0471 (0.0790)	Prec@1 99.219 (97.851)	Prec@5 100.000 (99.976)
Epoch: [178][270/391], lr: 0.00010	Loss 0.0919 (0.0785)	Prec@1 97.656 (97.867)	Prec@5 100.000 (99.974)
Epoch: [178][280/391], lr: 0.00010	Loss 0.0588 (0.0784)	Prec@1 98.438 (97.879)	Prec@5 100.000 (99.975)
Epoch: [178][290/391], lr: 0.00010	Loss 0.0896 (0.0782)	Prec@1 97.656 (97.901)	Prec@5 100.000 (99.976)
Epoch: [178][300/391], lr: 0.00010	Loss 0.0371 (0.0780)	Prec@1 100.000 (97.924)	Prec@5 100.000 (99.977)
Epoch: [178][310/391], lr: 0.00010	Loss 0.0803 (0.0777)	Prec@1 97.656 (97.923)	Prec@5 100.000 (99.977)
Epoch: [178][320/391], lr: 0.00010	Loss 0.1310 (0.0778)	Prec@1 97.656 (97.931)	Prec@5 100.000 (99.978)
Epoch: [178][330/391], lr: 0.00010	Loss 0.0933 (0.0775)	Prec@1 97.656 (97.951)	Prec@5 99.219 (99.976)
Epoch: [178][340/391], lr: 0.00010	Loss 0.0534 (0.0775)	Prec@1 98.438 (97.963)	Prec@5 100.000 (99.977)
Epoch: [178][350/391], lr: 0.00010	Loss 0.1401 (0.0777)	Prec@1 93.750 (97.946)	Prec@5 100.000 (99.978)
Epoch: [178][360/391], lr: 0.00010	Loss 0.1195 (0.0781)	Prec@1 95.312 (97.938)	Prec@5 100.000 (99.978)
Epoch: [178][370/391], lr: 0.00010	Loss 0.0369 (0.0780)	Prec@1 98.438 (97.924)	Prec@5 100.000 (99.977)
Epoch: [178][380/391], lr: 0.00010	Loss 0.0736 (0.0780)	Prec@1 97.656 (97.923)	Prec@5 100.000 (99.977)
Epoch: [178][390/391], lr: 0.00010	Loss 0.1068 (0.0782)	Prec@1 97.500 (97.934)	Prec@5 100.000 (99.976)
Epoch [178] Training Results: Prec@1 97.934 Prec@5 99.976             Loss 0.07816
Epoch [178] Training Class Recall: [0.933,0.954,0.960,0.978,0.988,0.994,0.995,0.995,0.998,0.999]

Epoch: [179][0/391], lr: 0.00010	Loss 0.1035 (0.1035)	Prec@1 96.875 (96.875)	Prec@5 100.000 (100.000)
Epoch: [179][10/391], lr: 0.00010	Loss 0.0750 (0.0792)	Prec@1 99.219 (97.869)	Prec@5 100.000 (100.000)
Epoch: [179][20/391], lr: 0.00010	Loss 0.0728 (0.0739)	Prec@1 97.656 (98.028)	Prec@5 100.000 (100.000)
Epoch: [179][30/391], lr: 0.00010	Loss 0.1091 (0.0759)	Prec@1 96.094 (97.883)	Prec@5 100.000 (100.000)
Epoch: [179][40/391], lr: 0.00010	Loss 0.1194 (0.0764)	Prec@1 96.875 (97.980)	Prec@5 100.000 (100.000)
Epoch: [179][50/391], lr: 0.00010	Loss 0.0913 (0.0775)	Prec@1 96.875 (97.901)	Prec@5 100.000 (100.000)
Epoch: [179][60/391], lr: 0.00010	Loss 0.0910 (0.0790)	Prec@1 96.094 (97.861)	Prec@5 100.000 (99.987)
Epoch: [179][70/391], lr: 0.00010	Loss 0.0567 (0.0793)	Prec@1 100.000 (97.854)	Prec@5 100.000 (99.989)
Epoch: [179][80/391], lr: 0.00010	Loss 0.0576 (0.0790)	Prec@1 99.219 (97.878)	Prec@5 100.000 (99.981)
Epoch: [179][90/391], lr: 0.00010	Loss 0.0858 (0.0784)	Prec@1 96.094 (97.888)	Prec@5 100.000 (99.983)
Epoch: [179][100/391], lr: 0.00010	Loss 0.0660 (0.0780)	Prec@1 97.656 (97.904)	Prec@5 100.000 (99.985)
Epoch: [179][110/391], lr: 0.00010	Loss 0.0507 (0.0769)	Prec@1 99.219 (97.910)	Prec@5 100.000 (99.979)
Epoch: [179][120/391], lr: 0.00010	Loss 0.1102 (0.0763)	Prec@1 97.656 (97.947)	Prec@5 100.000 (99.981)
Epoch: [179][130/391], lr: 0.00010	Loss 0.0400 (0.0761)	Prec@1 99.219 (97.978)	Prec@5 100.000 (99.982)
Epoch: [179][140/391], lr: 0.00010	Loss 0.0689 (0.0769)	Prec@1 98.438 (97.933)	Prec@5 100.000 (99.978)
Epoch: [179][150/391], lr: 0.00010	Loss 0.0418 (0.0774)	Prec@1 99.219 (97.925)	Prec@5 100.000 (99.979)
Epoch: [179][160/391], lr: 0.00010	Loss 0.0698 (0.0764)	Prec@1 98.438 (97.957)	Prec@5 100.000 (99.981)
Epoch: [179][170/391], lr: 0.00010	Loss 0.0545 (0.0765)	Prec@1 98.438 (97.940)	Prec@5 100.000 (99.982)
Epoch: [179][180/391], lr: 0.00010	Loss 0.0839 (0.0769)	Prec@1 97.656 (97.941)	Prec@5 100.000 (99.983)
Epoch: [179][190/391], lr: 0.00010	Loss 0.0752 (0.0765)	Prec@1 98.438 (97.951)	Prec@5 100.000 (99.984)
Epoch: [179][200/391], lr: 0.00010	Loss 0.0617 (0.0765)	Prec@1 98.438 (97.956)	Prec@5 100.000 (99.984)
Epoch: [179][210/391], lr: 0.00010	Loss 0.1016 (0.0772)	Prec@1 96.094 (97.908)	Prec@5 100.000 (99.981)
Epoch: [179][220/391], lr: 0.00010	Loss 0.0581 (0.0774)	Prec@1 98.438 (97.890)	Prec@5 100.000 (99.979)
Epoch: [179][230/391], lr: 0.00010	Loss 0.0880 (0.0778)	Prec@1 97.656 (97.886)	Prec@5 100.000 (99.976)
Epoch: [179][240/391], lr: 0.00010	Loss 0.0646 (0.0777)	Prec@1 98.438 (97.890)	Prec@5 100.000 (99.977)
Epoch: [179][250/391], lr: 0.00010	Loss 0.0779 (0.0775)	Prec@1 97.656 (97.890)	Prec@5 100.000 (99.978)
Epoch: [179][260/391], lr: 0.00010	Loss 0.0568 (0.0775)	Prec@1 98.438 (97.890)	Prec@5 100.000 (99.976)
Epoch: [179][270/391], lr: 0.00010	Loss 0.0694 (0.0780)	Prec@1 98.438 (97.884)	Prec@5 100.000 (99.974)
Epoch: [179][280/391], lr: 0.00010	Loss 0.0391 (0.0778)	Prec@1 99.219 (97.884)	Prec@5 100.000 (99.975)
Epoch: [179][290/391], lr: 0.00010	Loss 0.0555 (0.0769)	Prec@1 97.656 (97.911)	Prec@5 100.000 (99.976)
Epoch: [179][300/391], lr: 0.00010	Loss 0.0882 (0.0768)	Prec@1 97.656 (97.921)	Prec@5 100.000 (99.977)
Epoch: [179][310/391], lr: 0.00010	Loss 0.0664 (0.0769)	Prec@1 98.438 (97.928)	Prec@5 100.000 (99.977)
Epoch: [179][320/391], lr: 0.00010	Loss 0.1147 (0.0777)	Prec@1 96.875 (97.914)	Prec@5 100.000 (99.976)
Epoch: [179][330/391], lr: 0.00010	Loss 0.0916 (0.0774)	Prec@1 97.656 (97.932)	Prec@5 100.000 (99.976)
Epoch: [179][340/391], lr: 0.00010	Loss 0.1038 (0.0780)	Prec@1 97.656 (97.899)	Prec@5 100.000 (99.975)
Epoch: [179][350/391], lr: 0.00010	Loss 0.0467 (0.0779)	Prec@1 98.438 (97.901)	Prec@5 100.000 (99.973)
Epoch: [179][360/391], lr: 0.00010	Loss 0.0536 (0.0777)	Prec@1 98.438 (97.907)	Prec@5 100.000 (99.972)
Epoch: [179][370/391], lr: 0.00010	Loss 0.0766 (0.0778)	Prec@1 97.656 (97.898)	Prec@5 100.000 (99.973)
Epoch: [179][380/391], lr: 0.00010	Loss 0.0623 (0.0778)	Prec@1 98.438 (97.908)	Prec@5 100.000 (99.973)
Epoch: [179][390/391], lr: 0.00010	Loss 0.0988 (0.0776)	Prec@1 97.500 (97.914)	Prec@5 100.000 (99.972)
Epoch [179] Training Results: Prec@1 97.914 Prec@5 99.972             Loss 0.07758
Epoch [179] Training Class Recall: [0.934,0.955,0.962,0.976,0.987,0.993,0.996,0.996,0.996,0.998]

Epoch: [180][0/391], lr: 0.00000	Loss 0.0878 (0.0878)	Prec@1 96.875 (96.875)	Prec@5 100.000 (100.000)
Epoch: [180][10/391], lr: 0.00000	Loss 0.0703 (0.0692)	Prec@1 99.219 (98.224)	Prec@5 100.000 (100.000)
Epoch: [180][20/391], lr: 0.00000	Loss 0.1110 (0.0745)	Prec@1 96.875 (97.954)	Prec@5 100.000 (100.000)
Epoch: [180][30/391], lr: 0.00000	Loss 0.0592 (0.0740)	Prec@1 97.656 (97.807)	Prec@5 100.000 (99.975)
Epoch: [180][40/391], lr: 0.00000	Loss 0.0707 (0.0737)	Prec@1 98.438 (97.885)	Prec@5 100.000 (99.962)
Epoch: [180][50/391], lr: 0.00000	Loss 0.0714 (0.0727)	Prec@1 97.656 (97.993)	Prec@5 100.000 (99.969)
Epoch: [180][60/391], lr: 0.00000	Loss 0.0894 (0.0748)	Prec@1 97.656 (97.925)	Prec@5 100.000 (99.974)
Epoch: [180][70/391], lr: 0.00000	Loss 0.0286 (0.0752)	Prec@1 100.000 (97.931)	Prec@5 100.000 (99.978)
Epoch: [180][80/391], lr: 0.00000	Loss 0.0434 (0.0762)	Prec@1 99.219 (97.907)	Prec@5 100.000 (99.971)
Epoch: [180][90/391], lr: 0.00000	Loss 0.0366 (0.0774)	Prec@1 100.000 (97.871)	Prec@5 100.000 (99.966)
Epoch: [180][100/391], lr: 0.00000	Loss 0.0706 (0.0773)	Prec@1 98.438 (97.865)	Prec@5 100.000 (99.969)
Epoch: [180][110/391], lr: 0.00000	Loss 0.0633 (0.0758)	Prec@1 98.438 (97.931)	Prec@5 100.000 (99.972)
Epoch: [180][120/391], lr: 0.00000	Loss 0.1436 (0.0772)	Prec@1 95.312 (97.876)	Prec@5 100.000 (99.974)
Epoch: [180][130/391], lr: 0.00000	Loss 0.0548 (0.0768)	Prec@1 99.219 (97.919)	Prec@5 100.000 (99.976)
Epoch: [180][140/391], lr: 0.00000	Loss 0.1143 (0.0784)	Prec@1 97.656 (97.889)	Prec@5 100.000 (99.978)
Epoch: [180][150/391], lr: 0.00000	Loss 0.0383 (0.0778)	Prec@1 99.219 (97.899)	Prec@5 100.000 (99.979)
Epoch: [180][160/391], lr: 0.00000	Loss 0.0835 (0.0775)	Prec@1 97.656 (97.909)	Prec@5 100.000 (99.981)
Epoch: [180][170/391], lr: 0.00000	Loss 0.1042 (0.0771)	Prec@1 98.438 (97.935)	Prec@5 100.000 (99.982)
Epoch: [180][180/391], lr: 0.00000	Loss 0.0820 (0.0765)	Prec@1 96.875 (97.954)	Prec@5 100.000 (99.983)
Epoch: [180][190/391], lr: 0.00000	Loss 0.0554 (0.0761)	Prec@1 98.438 (97.967)	Prec@5 100.000 (99.984)
Epoch: [180][200/391], lr: 0.00000	Loss 0.0709 (0.0757)	Prec@1 98.438 (97.994)	Prec@5 100.000 (99.984)
Epoch: [180][210/391], lr: 0.00000	Loss 0.0923 (0.0759)	Prec@1 96.875 (97.989)	Prec@5 100.000 (99.981)
Epoch: [180][220/391], lr: 0.00000	Loss 0.0846 (0.0758)	Prec@1 97.656 (97.992)	Prec@5 100.000 (99.979)
Epoch: [180][230/391], lr: 0.00000	Loss 0.0587 (0.0767)	Prec@1 98.438 (97.967)	Prec@5 100.000 (99.973)
Epoch: [180][240/391], lr: 0.00000	Loss 0.0487 (0.0767)	Prec@1 98.438 (97.961)	Prec@5 100.000 (99.974)
Epoch: [180][250/391], lr: 0.00000	Loss 0.0437 (0.0763)	Prec@1 98.438 (97.958)	Prec@5 100.000 (99.975)
Epoch: [180][260/391], lr: 0.00000	Loss 0.0829 (0.0764)	Prec@1 96.094 (97.947)	Prec@5 100.000 (99.976)
Epoch: [180][270/391], lr: 0.00000	Loss 0.0575 (0.0769)	Prec@1 98.438 (97.939)	Prec@5 100.000 (99.977)
Epoch: [180][280/391], lr: 0.00000	Loss 0.0466 (0.0764)	Prec@1 98.438 (97.954)	Prec@5 100.000 (99.978)
Epoch: [180][290/391], lr: 0.00000	Loss 0.1273 (0.0762)	Prec@1 96.875 (97.976)	Prec@5 100.000 (99.979)
Epoch: [180][300/391], lr: 0.00000	Loss 0.1192 (0.0767)	Prec@1 96.875 (97.952)	Prec@5 100.000 (99.979)
Epoch: [180][310/391], lr: 0.00000	Loss 0.0566 (0.0765)	Prec@1 98.438 (97.958)	Prec@5 100.000 (99.977)
Epoch: [180][320/391], lr: 0.00000	Loss 0.0984 (0.0763)	Prec@1 97.656 (97.960)	Prec@5 100.000 (99.978)
Epoch: [180][330/391], lr: 0.00000	Loss 0.0639 (0.0761)	Prec@1 98.438 (97.973)	Prec@5 100.000 (99.979)
Epoch: [180][340/391], lr: 0.00000	Loss 0.0556 (0.0764)	Prec@1 97.656 (97.975)	Prec@5 100.000 (99.975)
Epoch: [180][350/391], lr: 0.00000	Loss 0.0791 (0.0765)	Prec@1 96.875 (97.970)	Prec@5 100.000 (99.971)
Epoch: [180][360/391], lr: 0.00000	Loss 0.1157 (0.0763)	Prec@1 96.875 (97.972)	Prec@5 100.000 (99.972)
Epoch: [180][370/391], lr: 0.00000	Loss 0.0563 (0.0761)	Prec@1 97.656 (97.976)	Prec@5 100.000 (99.973)
Epoch: [180][380/391], lr: 0.00000	Loss 0.0524 (0.0763)	Prec@1 99.219 (97.974)	Prec@5 100.000 (99.973)
Epoch: [180][390/391], lr: 0.00000	Loss 0.0626 (0.0762)	Prec@1 96.250 (97.980)	Prec@5 100.000 (99.974)
Epoch [180] Training Results: Prec@1 97.980 Prec@5 99.974             Loss 0.07617
Epoch [180] Training Class Recall: [0.933,0.955,0.961,0.982,0.987,0.992,0.997,0.993,0.999,0.998]

Epoch: [181][0/391], lr: 0.00000	Loss 0.0676 (0.0676)	Prec@1 99.219 (99.219)	Prec@5 100.000 (100.000)
Epoch: [181][10/391], lr: 0.00000	Loss 0.0785 (0.0720)	Prec@1 97.656 (98.082)	Prec@5 100.000 (99.858)
Epoch: [181][20/391], lr: 0.00000	Loss 0.0951 (0.0764)	Prec@1 96.875 (97.879)	Prec@5 100.000 (99.926)
Epoch: [181][30/391], lr: 0.00000	Loss 0.0974 (0.0720)	Prec@1 96.875 (98.059)	Prec@5 100.000 (99.950)
Epoch: [181][40/391], lr: 0.00000	Loss 0.0674 (0.0733)	Prec@1 97.656 (98.037)	Prec@5 100.000 (99.962)
Epoch: [181][50/391], lr: 0.00000	Loss 0.0942 (0.0764)	Prec@1 97.656 (97.947)	Prec@5 100.000 (99.969)
Epoch: [181][60/391], lr: 0.00000	Loss 0.0770 (0.0765)	Prec@1 97.656 (97.964)	Prec@5 100.000 (99.974)
Epoch: [181][70/391], lr: 0.00000	Loss 0.1224 (0.0759)	Prec@1 96.094 (97.942)	Prec@5 100.000 (99.978)
Epoch: [181][80/391], lr: 0.00000	Loss 0.0794 (0.0772)	Prec@1 96.875 (97.878)	Prec@5 100.000 (99.981)
Epoch: [181][90/391], lr: 0.00000	Loss 0.1199 (0.0765)	Prec@1 96.094 (97.897)	Prec@5 100.000 (99.983)
Epoch: [181][100/391], lr: 0.00000	Loss 0.0315 (0.0755)	Prec@1 100.000 (97.919)	Prec@5 100.000 (99.985)
Epoch: [181][110/391], lr: 0.00000	Loss 0.0725 (0.0769)	Prec@1 96.875 (97.853)	Prec@5 100.000 (99.986)
Epoch: [181][120/391], lr: 0.00000	Loss 0.1075 (0.0769)	Prec@1 96.094 (97.843)	Prec@5 100.000 (99.987)
Epoch: [181][130/391], lr: 0.00000	Loss 0.1110 (0.0776)	Prec@1 96.875 (97.853)	Prec@5 100.000 (99.988)
Epoch: [181][140/391], lr: 0.00000	Loss 0.0447 (0.0780)	Prec@1 99.219 (97.834)	Prec@5 100.000 (99.989)
Epoch: [181][150/391], lr: 0.00000	Loss 0.1602 (0.0781)	Prec@1 95.312 (97.822)	Prec@5 100.000 (99.990)
Epoch: [181][160/391], lr: 0.00000	Loss 0.0945 (0.0777)	Prec@1 96.875 (97.836)	Prec@5 100.000 (99.990)
Epoch: [181][170/391], lr: 0.00000	Loss 0.1104 (0.0767)	Prec@1 96.094 (97.894)	Prec@5 100.000 (99.991)
Epoch: [181][180/391], lr: 0.00000	Loss 0.0720 (0.0763)	Prec@1 97.656 (97.920)	Prec@5 100.000 (99.987)
Epoch: [181][190/391], lr: 0.00000	Loss 0.1120 (0.0762)	Prec@1 96.094 (97.918)	Prec@5 100.000 (99.988)
Epoch: [181][200/391], lr: 0.00000	Loss 0.0977 (0.0762)	Prec@1 96.094 (97.917)	Prec@5 100.000 (99.988)
Epoch: [181][210/391], lr: 0.00000	Loss 0.0594 (0.0757)	Prec@1 97.656 (97.938)	Prec@5 100.000 (99.989)
Epoch: [181][220/391], lr: 0.00000	Loss 0.0759 (0.0757)	Prec@1 97.656 (97.925)	Prec@5 100.000 (99.986)
Epoch: [181][230/391], lr: 0.00000	Loss 0.0566 (0.0758)	Prec@1 99.219 (97.923)	Prec@5 100.000 (99.983)
Epoch: [181][240/391], lr: 0.00000	Loss 0.0715 (0.0758)	Prec@1 97.656 (97.922)	Prec@5 100.000 (99.984)
Epoch: [181][250/391], lr: 0.00000	Loss 0.0559 (0.0763)	Prec@1 97.656 (97.902)	Prec@5 100.000 (99.984)
Epoch: [181][260/391], lr: 0.00000	Loss 0.0847 (0.0761)	Prec@1 96.875 (97.899)	Prec@5 100.000 (99.985)
Epoch: [181][270/391], lr: 0.00000	Loss 0.0821 (0.0761)	Prec@1 98.438 (97.896)	Prec@5 100.000 (99.986)
Epoch: [181][280/391], lr: 0.00000	Loss 0.0741 (0.0754)	Prec@1 98.438 (97.920)	Prec@5 100.000 (99.986)
Epoch: [181][290/391], lr: 0.00000	Loss 0.1276 (0.0758)	Prec@1 96.875 (97.906)	Prec@5 99.219 (99.984)
Epoch: [181][300/391], lr: 0.00000	Loss 0.0435 (0.0753)	Prec@1 99.219 (97.918)	Prec@5 100.000 (99.984)
Epoch: [181][310/391], lr: 0.00000	Loss 0.0516 (0.0752)	Prec@1 100.000 (97.935)	Prec@5 100.000 (99.985)
Epoch: [181][320/391], lr: 0.00000	Loss 0.0803 (0.0755)	Prec@1 98.438 (97.939)	Prec@5 100.000 (99.981)
Epoch: [181][330/391], lr: 0.00000	Loss 0.0628 (0.0752)	Prec@1 98.438 (97.942)	Prec@5 100.000 (99.981)
Epoch: [181][340/391], lr: 0.00000	Loss 0.0478 (0.0751)	Prec@1 98.438 (97.950)	Prec@5 100.000 (99.982)
Epoch: [181][350/391], lr: 0.00000	Loss 0.1145 (0.0755)	Prec@1 96.875 (97.939)	Prec@5 99.219 (99.980)
Epoch: [181][360/391], lr: 0.00000	Loss 0.0564 (0.0752)	Prec@1 100.000 (97.957)	Prec@5 100.000 (99.981)
Epoch: [181][370/391], lr: 0.00000	Loss 0.0790 (0.0750)	Prec@1 97.656 (97.968)	Prec@5 100.000 (99.981)
Epoch: [181][380/391], lr: 0.00000	Loss 0.0608 (0.0752)	Prec@1 99.219 (97.964)	Prec@5 100.000 (99.982)
Epoch: [181][390/391], lr: 0.00000	Loss 0.0486 (0.0750)	Prec@1 97.500 (97.962)	Prec@5 100.000 (99.982)
Epoch [181] Training Results: Prec@1 97.962 Prec@5 99.982             Loss 0.07503
Epoch [181] Training Class Recall: [0.931,0.954,0.964,0.980,0.985,0.993,0.997,0.995,0.998,0.998]

Epoch: [182][0/391], lr: 0.00000	Loss 0.0990 (0.0990)	Prec@1 95.312 (95.312)	Prec@5 100.000 (100.000)
Epoch: [182][10/391], lr: 0.00000	Loss 0.0480 (0.0659)	Prec@1 99.219 (98.082)	Prec@5 100.000 (100.000)
Epoch: [182][20/391], lr: 0.00000	Loss 0.0574 (0.0670)	Prec@1 99.219 (98.103)	Prec@5 100.000 (100.000)
Epoch: [182][30/391], lr: 0.00000	Loss 0.0751 (0.0683)	Prec@1 98.438 (98.059)	Prec@5 100.000 (100.000)
Epoch: [182][40/391], lr: 0.00000	Loss 0.0245 (0.0678)	Prec@1 100.000 (98.095)	Prec@5 100.000 (100.000)
Epoch: [182][50/391], lr: 0.00000	Loss 0.1133 (0.0699)	Prec@1 96.875 (98.039)	Prec@5 100.000 (100.000)
Epoch: [182][60/391], lr: 0.00000	Loss 0.1435 (0.0712)	Prec@1 94.531 (97.989)	Prec@5 99.219 (99.987)
Epoch: [182][70/391], lr: 0.00000	Loss 0.0712 (0.0730)	Prec@1 99.219 (97.986)	Prec@5 100.000 (99.967)
Epoch: [182][80/391], lr: 0.00000	Loss 0.0865 (0.0719)	Prec@1 96.875 (97.984)	Prec@5 100.000 (99.971)
Epoch: [182][90/391], lr: 0.00000	Loss 0.0680 (0.0714)	Prec@1 97.656 (98.025)	Prec@5 100.000 (99.974)
Epoch: [182][100/391], lr: 0.00000	Loss 0.0526 (0.0709)	Prec@1 99.219 (98.058)	Prec@5 100.000 (99.969)
Epoch: [182][110/391], lr: 0.00000	Loss 0.0598 (0.0712)	Prec@1 98.438 (98.072)	Prec@5 100.000 (99.972)
Epoch: [182][120/391], lr: 0.00000	Loss 0.0317 (0.0727)	Prec@1 100.000 (98.037)	Prec@5 100.000 (99.974)
Epoch: [182][130/391], lr: 0.00000	Loss 0.0622 (0.0728)	Prec@1 98.438 (98.038)	Prec@5 100.000 (99.976)
Epoch: [182][140/391], lr: 0.00000	Loss 0.0990 (0.0742)	Prec@1 96.094 (97.989)	Prec@5 100.000 (99.978)
Epoch: [182][150/391], lr: 0.00000	Loss 0.0896 (0.0740)	Prec@1 98.438 (98.003)	Prec@5 100.000 (99.979)
Epoch: [182][160/391], lr: 0.00000	Loss 0.0595 (0.0738)	Prec@1 98.438 (98.010)	Prec@5 100.000 (99.981)
Epoch: [182][170/391], lr: 0.00000	Loss 0.1206 (0.0736)	Prec@1 96.094 (98.026)	Prec@5 100.000 (99.982)
Epoch: [182][180/391], lr: 0.00000	Loss 0.0626 (0.0736)	Prec@1 97.656 (98.023)	Prec@5 100.000 (99.978)
Epoch: [182][190/391], lr: 0.00000	Loss 0.0547 (0.0730)	Prec@1 100.000 (98.041)	Prec@5 100.000 (99.980)
Epoch: [182][200/391], lr: 0.00000	Loss 0.1101 (0.0735)	Prec@1 96.875 (98.018)	Prec@5 100.000 (99.977)
Epoch: [182][210/391], lr: 0.00000	Loss 0.0396 (0.0734)	Prec@1 100.000 (98.023)	Prec@5 100.000 (99.978)
Epoch: [182][220/391], lr: 0.00000	Loss 0.0833 (0.0732)	Prec@1 98.438 (98.042)	Prec@5 100.000 (99.979)
Epoch: [182][230/391], lr: 0.00000	Loss 0.1175 (0.0731)	Prec@1 96.094 (98.038)	Prec@5 100.000 (99.980)
Epoch: [182][240/391], lr: 0.00000	Loss 0.0280 (0.0733)	Prec@1 99.219 (98.026)	Prec@5 100.000 (99.981)
Epoch: [182][250/391], lr: 0.00000	Loss 0.1019 (0.0736)	Prec@1 98.438 (98.024)	Prec@5 100.000 (99.981)
Epoch: [182][260/391], lr: 0.00000	Loss 0.0687 (0.0733)	Prec@1 98.438 (98.039)	Prec@5 100.000 (99.982)
Epoch: [182][270/391], lr: 0.00000	Loss 0.1008 (0.0735)	Prec@1 97.656 (98.022)	Prec@5 100.000 (99.983)
Epoch: [182][280/391], lr: 0.00000	Loss 0.0670 (0.0737)	Prec@1 98.438 (98.018)	Prec@5 100.000 (99.983)
Epoch: [182][290/391], lr: 0.00000	Loss 0.0603 (0.0740)	Prec@1 99.219 (98.011)	Prec@5 100.000 (99.979)
Epoch: [182][300/391], lr: 0.00000	Loss 0.0470 (0.0736)	Prec@1 99.219 (98.033)	Prec@5 100.000 (99.979)
Epoch: [182][310/391], lr: 0.00000	Loss 0.0387 (0.0739)	Prec@1 99.219 (98.026)	Prec@5 100.000 (99.980)
Epoch: [182][320/391], lr: 0.00000	Loss 0.0849 (0.0740)	Prec@1 98.438 (98.019)	Prec@5 100.000 (99.978)
Epoch: [182][330/391], lr: 0.00000	Loss 0.0906 (0.0740)	Prec@1 97.656 (98.022)	Prec@5 100.000 (99.979)
Epoch: [182][340/391], lr: 0.00000	Loss 0.1310 (0.0742)	Prec@1 94.531 (98.011)	Prec@5 100.000 (99.979)
Epoch: [182][350/391], lr: 0.00000	Loss 0.0407 (0.0743)	Prec@1 98.438 (98.003)	Prec@5 100.000 (99.980)
Epoch: [182][360/391], lr: 0.00000	Loss 0.0886 (0.0745)	Prec@1 97.656 (97.992)	Prec@5 100.000 (99.981)
Epoch: [182][370/391], lr: 0.00000	Loss 0.0912 (0.0748)	Prec@1 96.875 (97.987)	Prec@5 100.000 (99.981)
Epoch: [182][380/391], lr: 0.00000	Loss 0.0870 (0.0749)	Prec@1 99.219 (97.990)	Prec@5 100.000 (99.979)
Epoch: [182][390/391], lr: 0.00000	Loss 0.1037 (0.0749)	Prec@1 95.000 (97.990)	Prec@5 100.000 (99.978)
Epoch [182] Training Results: Prec@1 97.990 Prec@5 99.978             Loss 0.07493
Epoch [182] Training Class Recall: [0.931,0.957,0.958,0.981,0.988,0.995,0.996,0.997,0.997,0.999]

Epoch: [183][0/391], lr: 0.00000	Loss 0.0748 (0.0748)	Prec@1 96.875 (96.875)	Prec@5 100.000 (100.000)
Epoch: [183][10/391], lr: 0.00000	Loss 0.0631 (0.0720)	Prec@1 98.438 (97.585)	Prec@5 100.000 (100.000)
Epoch: [183][20/391], lr: 0.00000	Loss 0.0529 (0.0696)	Prec@1 98.438 (97.842)	Prec@5 100.000 (100.000)
Epoch: [183][30/391], lr: 0.00000	Loss 0.0578 (0.0669)	Prec@1 99.219 (98.085)	Prec@5 100.000 (100.000)
Epoch: [183][40/391], lr: 0.00000	Loss 0.0766 (0.0682)	Prec@1 97.656 (98.037)	Prec@5 100.000 (100.000)
Epoch: [183][50/391], lr: 0.00000	Loss 0.0503 (0.0703)	Prec@1 99.219 (97.993)	Prec@5 100.000 (100.000)
Epoch: [183][60/391], lr: 0.00000	Loss 0.0972 (0.0734)	Prec@1 97.656 (97.925)	Prec@5 100.000 (99.987)
Epoch: [183][70/391], lr: 0.00000	Loss 0.0479 (0.0715)	Prec@1 99.219 (98.030)	Prec@5 100.000 (99.989)
Epoch: [183][80/391], lr: 0.00000	Loss 0.0868 (0.0720)	Prec@1 96.875 (98.013)	Prec@5 100.000 (99.981)
Epoch: [183][90/391], lr: 0.00000	Loss 0.0578 (0.0716)	Prec@1 99.219 (98.017)	Prec@5 100.000 (99.983)
Epoch: [183][100/391], lr: 0.00000	Loss 0.0624 (0.0709)	Prec@1 98.438 (98.043)	Prec@5 100.000 (99.977)
Epoch: [183][110/391], lr: 0.00000	Loss 0.0759 (0.0721)	Prec@1 97.656 (98.022)	Prec@5 100.000 (99.958)
Epoch: [183][120/391], lr: 0.00000	Loss 0.0981 (0.0724)	Prec@1 96.094 (98.037)	Prec@5 100.000 (99.955)
Epoch: [183][130/391], lr: 0.00000	Loss 0.0558 (0.0735)	Prec@1 98.438 (97.996)	Prec@5 100.000 (99.958)
Epoch: [183][140/391], lr: 0.00000	Loss 0.0974 (0.0739)	Prec@1 97.656 (98.016)	Prec@5 100.000 (99.961)
Epoch: [183][150/391], lr: 0.00000	Loss 0.0674 (0.0739)	Prec@1 99.219 (98.044)	Prec@5 100.000 (99.964)
Epoch: [183][160/391], lr: 0.00000	Loss 0.1681 (0.0750)	Prec@1 94.531 (98.015)	Prec@5 99.219 (99.956)
Epoch: [183][170/391], lr: 0.00000	Loss 0.0775 (0.0760)	Prec@1 97.656 (97.999)	Prec@5 100.000 (99.959)
Epoch: [183][180/391], lr: 0.00000	Loss 0.1320 (0.0770)	Prec@1 96.875 (97.950)	Prec@5 100.000 (99.961)
Epoch: [183][190/391], lr: 0.00000	Loss 0.1977 (0.0776)	Prec@1 94.531 (97.930)	Prec@5 100.000 (99.963)
Epoch: [183][200/391], lr: 0.00000	Loss 0.0842 (0.0776)	Prec@1 97.656 (97.932)	Prec@5 100.000 (99.965)
Epoch: [183][210/391], lr: 0.00000	Loss 0.0544 (0.0771)	Prec@1 98.438 (97.956)	Prec@5 100.000 (99.967)
Epoch: [183][220/391], lr: 0.00000	Loss 0.0884 (0.0778)	Prec@1 96.094 (97.928)	Prec@5 100.000 (99.965)
Epoch: [183][230/391], lr: 0.00000	Loss 0.0744 (0.0771)	Prec@1 98.438 (97.950)	Prec@5 100.000 (99.966)
Epoch: [183][240/391], lr: 0.00000	Loss 0.0472 (0.0769)	Prec@1 99.219 (97.967)	Prec@5 100.000 (99.961)
Epoch: [183][250/391], lr: 0.00000	Loss 0.0708 (0.0763)	Prec@1 96.875 (97.986)	Prec@5 100.000 (99.963)
Epoch: [183][260/391], lr: 0.00000	Loss 0.0585 (0.0762)	Prec@1 98.438 (97.986)	Prec@5 100.000 (99.964)
Epoch: [183][270/391], lr: 0.00000	Loss 0.0709 (0.0764)	Prec@1 97.656 (97.985)	Prec@5 100.000 (99.963)
Epoch: [183][280/391], lr: 0.00000	Loss 0.0904 (0.0771)	Prec@1 97.656 (97.951)	Prec@5 100.000 (99.961)
Epoch: [183][290/391], lr: 0.00000	Loss 0.0599 (0.0769)	Prec@1 98.438 (97.946)	Prec@5 100.000 (99.962)
Epoch: [183][300/391], lr: 0.00000	Loss 0.1300 (0.0772)	Prec@1 96.875 (97.931)	Prec@5 100.000 (99.964)
Epoch: [183][310/391], lr: 0.00000	Loss 0.0692 (0.0772)	Prec@1 99.219 (97.935)	Prec@5 100.000 (99.965)
Epoch: [183][320/391], lr: 0.00000	Loss 0.0868 (0.0772)	Prec@1 98.438 (97.941)	Prec@5 100.000 (99.966)
Epoch: [183][330/391], lr: 0.00000	Loss 0.1339 (0.0775)	Prec@1 95.312 (97.904)	Prec@5 100.000 (99.965)
Epoch: [183][340/391], lr: 0.00000	Loss 0.0470 (0.0774)	Prec@1 99.219 (97.899)	Prec@5 100.000 (99.963)
Epoch: [183][350/391], lr: 0.00000	Loss 0.0871 (0.0774)	Prec@1 97.656 (97.897)	Prec@5 100.000 (99.964)
Epoch: [183][360/391], lr: 0.00000	Loss 0.1011 (0.0776)	Prec@1 95.312 (97.894)	Prec@5 100.000 (99.963)
Epoch: [183][370/391], lr: 0.00000	Loss 0.0631 (0.0774)	Prec@1 99.219 (97.907)	Prec@5 100.000 (99.962)
Epoch: [183][380/391], lr: 0.00000	Loss 0.0854 (0.0771)	Prec@1 97.656 (97.919)	Prec@5 100.000 (99.963)
Epoch: [183][390/391], lr: 0.00000	Loss 0.1371 (0.0773)	Prec@1 92.500 (97.908)	Prec@5 100.000 (99.964)
Epoch [183] Training Results: Prec@1 97.908 Prec@5 99.964             Loss 0.07732
Epoch [183] Training Class Recall: [0.929,0.952,0.963,0.982,0.988,0.991,0.995,0.995,0.998,0.998]

Epoch: [184][0/391], lr: 0.00000	Loss 0.0540 (0.0540)	Prec@1 99.219 (99.219)	Prec@5 100.000 (100.000)
Epoch: [184][10/391], lr: 0.00000	Loss 0.0548 (0.0652)	Prec@1 98.438 (97.940)	Prec@5 100.000 (100.000)
Epoch: [184][20/391], lr: 0.00000	Loss 0.0356 (0.0770)	Prec@1 100.000 (97.731)	Prec@5 100.000 (99.963)
Epoch: [184][30/391], lr: 0.00000	Loss 0.0767 (0.0772)	Prec@1 98.438 (97.782)	Prec@5 100.000 (99.975)
Epoch: [184][40/391], lr: 0.00000	Loss 0.0643 (0.0765)	Prec@1 98.438 (97.828)	Prec@5 100.000 (99.981)
Epoch: [184][50/391], lr: 0.00000	Loss 0.0732 (0.0786)	Prec@1 98.438 (97.779)	Prec@5 100.000 (99.985)
Epoch: [184][60/391], lr: 0.00000	Loss 0.0944 (0.0813)	Prec@1 97.656 (97.746)	Prec@5 100.000 (99.987)
Epoch: [184][70/391], lr: 0.00000	Loss 0.1269 (0.0800)	Prec@1 95.312 (97.766)	Prec@5 100.000 (99.989)
Epoch: [184][80/391], lr: 0.00000	Loss 0.0460 (0.0792)	Prec@1 98.438 (97.801)	Prec@5 100.000 (99.990)
Epoch: [184][90/391], lr: 0.00000	Loss 0.0509 (0.0778)	Prec@1 99.219 (97.862)	Prec@5 100.000 (99.991)
Epoch: [184][100/391], lr: 0.00000	Loss 0.0807 (0.0772)	Prec@1 98.438 (97.881)	Prec@5 100.000 (99.992)
Epoch: [184][110/391], lr: 0.00000	Loss 0.0353 (0.0758)	Prec@1 100.000 (97.917)	Prec@5 100.000 (99.993)
Epoch: [184][120/391], lr: 0.00000	Loss 0.0996 (0.0759)	Prec@1 97.656 (97.960)	Prec@5 100.000 (99.994)
Epoch: [184][130/391], lr: 0.00000	Loss 0.0323 (0.0765)	Prec@1 99.219 (97.954)	Prec@5 100.000 (99.982)
Epoch: [184][140/391], lr: 0.00000	Loss 0.0829 (0.0760)	Prec@1 97.656 (97.944)	Prec@5 100.000 (99.983)
Epoch: [184][150/391], lr: 0.00000	Loss 0.0244 (0.0749)	Prec@1 100.000 (97.982)	Prec@5 100.000 (99.984)
Epoch: [184][160/391], lr: 0.00000	Loss 0.0461 (0.0745)	Prec@1 99.219 (98.006)	Prec@5 100.000 (99.985)
Epoch: [184][170/391], lr: 0.00000	Loss 0.0808 (0.0748)	Prec@1 97.656 (97.999)	Prec@5 100.000 (99.982)
Epoch: [184][180/391], lr: 0.00000	Loss 0.1001 (0.0755)	Prec@1 96.094 (97.971)	Prec@5 100.000 (99.983)
Epoch: [184][190/391], lr: 0.00000	Loss 0.0763 (0.0756)	Prec@1 98.438 (97.963)	Prec@5 100.000 (99.980)
Epoch: [184][200/391], lr: 0.00000	Loss 0.0387 (0.0750)	Prec@1 99.219 (97.971)	Prec@5 100.000 (99.977)
Epoch: [184][210/391], lr: 0.00000	Loss 0.1120 (0.0753)	Prec@1 96.875 (97.945)	Prec@5 100.000 (99.978)
Epoch: [184][220/391], lr: 0.00000	Loss 0.1029 (0.0765)	Prec@1 96.875 (97.904)	Prec@5 100.000 (99.975)
Epoch: [184][230/391], lr: 0.00000	Loss 0.0633 (0.0762)	Prec@1 97.656 (97.907)	Prec@5 100.000 (99.976)
Epoch: [184][240/391], lr: 0.00000	Loss 0.0568 (0.0762)	Prec@1 99.219 (97.890)	Prec@5 100.000 (99.977)
Epoch: [184][250/391], lr: 0.00000	Loss 0.0914 (0.0763)	Prec@1 97.656 (97.883)	Prec@5 100.000 (99.978)
Epoch: [184][260/391], lr: 0.00000	Loss 0.0711 (0.0761)	Prec@1 97.656 (97.893)	Prec@5 100.000 (99.979)
Epoch: [184][270/391], lr: 0.00000	Loss 0.0569 (0.0762)	Prec@1 98.438 (97.881)	Prec@5 100.000 (99.980)
Epoch: [184][280/391], lr: 0.00000	Loss 0.0538 (0.0763)	Prec@1 99.219 (97.884)	Prec@5 100.000 (99.981)
Epoch: [184][290/391], lr: 0.00000	Loss 0.0830 (0.0763)	Prec@1 96.875 (97.882)	Prec@5 100.000 (99.981)
Epoch: [184][300/391], lr: 0.00000	Loss 0.0898 (0.0758)	Prec@1 98.438 (97.911)	Prec@5 100.000 (99.982)
Epoch: [184][310/391], lr: 0.00000	Loss 0.0667 (0.0759)	Prec@1 97.656 (97.897)	Prec@5 100.000 (99.980)
Epoch: [184][320/391], lr: 0.00000	Loss 0.0469 (0.0758)	Prec@1 100.000 (97.890)	Prec@5 100.000 (99.981)
Epoch: [184][330/391], lr: 0.00000	Loss 0.0641 (0.0758)	Prec@1 99.219 (97.885)	Prec@5 100.000 (99.981)
Epoch: [184][340/391], lr: 0.00000	Loss 0.0434 (0.0761)	Prec@1 100.000 (97.895)	Prec@5 100.000 (99.982)
Epoch: [184][350/391], lr: 0.00000	Loss 0.1212 (0.0762)	Prec@1 97.656 (97.903)	Prec@5 100.000 (99.982)
Epoch: [184][360/391], lr: 0.00000	Loss 0.0601 (0.0758)	Prec@1 98.438 (97.929)	Prec@5 100.000 (99.981)
Epoch: [184][370/391], lr: 0.00000	Loss 0.0773 (0.0760)	Prec@1 98.438 (97.924)	Prec@5 100.000 (99.981)
Epoch: [184][380/391], lr: 0.00000	Loss 0.0395 (0.0763)	Prec@1 98.438 (97.908)	Prec@5 100.000 (99.982)
Epoch: [184][390/391], lr: 0.00000	Loss 0.0649 (0.0764)	Prec@1 98.750 (97.910)	Prec@5 100.000 (99.982)
Epoch [184] Training Results: Prec@1 97.910 Prec@5 99.982             Loss 0.07636
Epoch [184] Training Class Recall: [0.933,0.950,0.963,0.977,0.989,0.992,0.996,0.994,0.999,0.998]

Epoch: [185][0/391], lr: 0.00000	Loss 0.1312 (0.1312)	Prec@1 95.312 (95.312)	Prec@5 100.000 (100.000)
Epoch: [185][10/391], lr: 0.00000	Loss 0.0367 (0.0751)	Prec@1 100.000 (98.082)	Prec@5 100.000 (99.929)
Epoch: [185][20/391], lr: 0.00000	Loss 0.0743 (0.0816)	Prec@1 98.438 (97.917)	Prec@5 100.000 (99.963)
Epoch: [185][30/391], lr: 0.00000	Loss 0.0699 (0.0789)	Prec@1 99.219 (97.883)	Prec@5 100.000 (99.950)
Epoch: [185][40/391], lr: 0.00000	Loss 0.0500 (0.0762)	Prec@1 98.438 (97.942)	Prec@5 100.000 (99.962)
Epoch: [185][50/391], lr: 0.00000	Loss 0.1336 (0.0770)	Prec@1 96.094 (97.871)	Prec@5 100.000 (99.954)
Epoch: [185][60/391], lr: 0.00000	Loss 0.0637 (0.0767)	Prec@1 98.438 (97.874)	Prec@5 100.000 (99.962)
Epoch: [185][70/391], lr: 0.00000	Loss 0.0932 (0.0764)	Prec@1 96.875 (97.909)	Prec@5 100.000 (99.967)
Epoch: [185][80/391], lr: 0.00000	Loss 0.0914 (0.0779)	Prec@1 96.875 (97.820)	Prec@5 100.000 (99.961)
Epoch: [185][90/391], lr: 0.00000	Loss 0.0720 (0.0772)	Prec@1 98.438 (97.845)	Prec@5 100.000 (99.966)
Epoch: [185][100/391], lr: 0.00000	Loss 0.1279 (0.0772)	Prec@1 96.094 (97.857)	Prec@5 100.000 (99.969)
Epoch: [185][110/391], lr: 0.00000	Loss 0.0994 (0.0766)	Prec@1 96.875 (97.881)	Prec@5 100.000 (99.972)
Epoch: [185][120/391], lr: 0.00000	Loss 0.0713 (0.0771)	Prec@1 98.438 (97.869)	Prec@5 100.000 (99.961)
Epoch: [185][130/391], lr: 0.00000	Loss 0.0644 (0.0765)	Prec@1 98.438 (97.913)	Prec@5 100.000 (99.964)
Epoch: [185][140/391], lr: 0.00000	Loss 0.0562 (0.0762)	Prec@1 98.438 (97.944)	Prec@5 100.000 (99.967)
Epoch: [185][150/391], lr: 0.00000	Loss 0.0601 (0.0757)	Prec@1 98.438 (97.962)	Prec@5 100.000 (99.969)
Epoch: [185][160/391], lr: 0.00000	Loss 0.0966 (0.0767)	Prec@1 95.312 (97.933)	Prec@5 100.000 (99.971)
Epoch: [185][170/391], lr: 0.00000	Loss 0.0645 (0.0762)	Prec@1 97.656 (97.958)	Prec@5 100.000 (99.968)
Epoch: [185][180/391], lr: 0.00000	Loss 0.1119 (0.0766)	Prec@1 98.438 (97.932)	Prec@5 100.000 (99.970)
Epoch: [185][190/391], lr: 0.00000	Loss 0.0783 (0.0769)	Prec@1 97.656 (97.906)	Prec@5 100.000 (99.971)
Epoch: [185][200/391], lr: 0.00000	Loss 0.1087 (0.0768)	Prec@1 99.219 (97.932)	Prec@5 100.000 (99.969)
Epoch: [185][210/391], lr: 0.00000	Loss 0.1172 (0.0770)	Prec@1 96.875 (97.923)	Prec@5 100.000 (99.970)
Epoch: [185][220/391], lr: 0.00000	Loss 0.0803 (0.0772)	Prec@1 97.656 (97.914)	Prec@5 100.000 (99.972)
Epoch: [185][230/391], lr: 0.00000	Loss 0.0710 (0.0769)	Prec@1 97.656 (97.917)	Prec@5 100.000 (99.973)
Epoch: [185][240/391], lr: 0.00000	Loss 0.0703 (0.0765)	Prec@1 96.875 (97.916)	Prec@5 100.000 (99.974)
Epoch: [185][250/391], lr: 0.00000	Loss 0.0723 (0.0759)	Prec@1 96.875 (97.933)	Prec@5 100.000 (99.975)
Epoch: [185][260/391], lr: 0.00000	Loss 0.1062 (0.0759)	Prec@1 95.312 (97.935)	Prec@5 100.000 (99.973)
Epoch: [185][270/391], lr: 0.00000	Loss 0.1131 (0.0766)	Prec@1 96.094 (97.896)	Prec@5 100.000 (99.971)
Epoch: [185][280/391], lr: 0.00000	Loss 0.0516 (0.0767)	Prec@1 99.219 (97.906)	Prec@5 100.000 (99.969)
Epoch: [185][290/391], lr: 0.00000	Loss 0.0893 (0.0768)	Prec@1 98.438 (97.922)	Prec@5 100.000 (99.970)
Epoch: [185][300/391], lr: 0.00000	Loss 0.0436 (0.0764)	Prec@1 99.219 (97.931)	Prec@5 100.000 (99.969)
Epoch: [185][310/391], lr: 0.00000	Loss 0.0377 (0.0767)	Prec@1 100.000 (97.930)	Prec@5 100.000 (99.967)
Epoch: [185][320/391], lr: 0.00000	Loss 0.0897 (0.0768)	Prec@1 95.312 (97.929)	Prec@5 100.000 (99.966)
Epoch: [185][330/391], lr: 0.00000	Loss 0.0723 (0.0770)	Prec@1 98.438 (97.916)	Prec@5 100.000 (99.967)
Epoch: [185][340/391], lr: 0.00000	Loss 0.0818 (0.0771)	Prec@1 96.875 (97.915)	Prec@5 100.000 (99.968)
Epoch: [185][350/391], lr: 0.00000	Loss 0.0758 (0.0772)	Prec@1 97.656 (97.910)	Prec@5 100.000 (99.969)
Epoch: [185][360/391], lr: 0.00000	Loss 0.0424 (0.0770)	Prec@1 98.438 (97.907)	Prec@5 100.000 (99.970)
Epoch: [185][370/391], lr: 0.00000	Loss 0.0645 (0.0771)	Prec@1 98.438 (97.896)	Prec@5 100.000 (99.971)
Epoch: [185][380/391], lr: 0.00000	Loss 0.0504 (0.0770)	Prec@1 99.219 (97.900)	Prec@5 100.000 (99.971)
Epoch: [185][390/391], lr: 0.00000	Loss 0.0969 (0.0768)	Prec@1 97.500 (97.914)	Prec@5 100.000 (99.972)
Epoch [185] Training Results: Prec@1 97.914 Prec@5 99.972             Loss 0.07682
Epoch [185] Training Class Recall: [0.932,0.952,0.959,0.979,0.988,0.993,0.996,0.996,0.997,0.998]

Epoch: [186][0/391], lr: 0.00000	Loss 0.0776 (0.0776)	Prec@1 97.656 (97.656)	Prec@5 100.000 (100.000)
Epoch: [186][10/391], lr: 0.00000	Loss 0.0136 (0.0655)	Prec@1 100.000 (98.366)	Prec@5 100.000 (100.000)
Epoch: [186][20/391], lr: 0.00000	Loss 0.0800 (0.0705)	Prec@1 97.656 (98.103)	Prec@5 99.219 (99.963)
Epoch: [186][30/391], lr: 0.00000	Loss 0.0627 (0.0716)	Prec@1 99.219 (97.959)	Prec@5 100.000 (99.975)
Epoch: [186][40/391], lr: 0.00000	Loss 0.0529 (0.0703)	Prec@1 100.000 (98.075)	Prec@5 100.000 (99.981)
Epoch: [186][50/391], lr: 0.00000	Loss 0.0769 (0.0725)	Prec@1 98.438 (98.009)	Prec@5 100.000 (99.985)
Epoch: [186][60/391], lr: 0.00000	Loss 0.1204 (0.0748)	Prec@1 97.656 (97.938)	Prec@5 100.000 (99.974)
Epoch: [186][70/391], lr: 0.00000	Loss 0.0445 (0.0760)	Prec@1 98.438 (97.920)	Prec@5 100.000 (99.967)
Epoch: [186][80/391], lr: 0.00000	Loss 0.0949 (0.0776)	Prec@1 98.438 (97.888)	Prec@5 100.000 (99.971)
Epoch: [186][90/391], lr: 0.00000	Loss 0.0600 (0.0774)	Prec@1 98.438 (97.879)	Prec@5 100.000 (99.974)
Epoch: [186][100/391], lr: 0.00000	Loss 0.1094 (0.0762)	Prec@1 96.875 (97.888)	Prec@5 100.000 (99.977)
Epoch: [186][110/391], lr: 0.00000	Loss 0.0286 (0.0758)	Prec@1 100.000 (97.924)	Prec@5 100.000 (99.979)
Epoch: [186][120/391], lr: 0.00000	Loss 0.1032 (0.0751)	Prec@1 97.656 (97.953)	Prec@5 100.000 (99.981)
Epoch: [186][130/391], lr: 0.00000	Loss 0.0501 (0.0751)	Prec@1 100.000 (97.966)	Prec@5 100.000 (99.982)
Epoch: [186][140/391], lr: 0.00000	Loss 0.1091 (0.0750)	Prec@1 96.094 (97.967)	Prec@5 100.000 (99.983)
Epoch: [186][150/391], lr: 0.00000	Loss 0.0705 (0.0758)	Prec@1 99.219 (97.936)	Prec@5 100.000 (99.984)
Epoch: [186][160/391], lr: 0.00000	Loss 0.0721 (0.0757)	Prec@1 96.875 (97.947)	Prec@5 100.000 (99.981)
Epoch: [186][170/391], lr: 0.00000	Loss 0.0449 (0.0751)	Prec@1 99.219 (97.967)	Prec@5 100.000 (99.977)
Epoch: [186][180/391], lr: 0.00000	Loss 0.0523 (0.0751)	Prec@1 99.219 (97.976)	Prec@5 100.000 (99.978)
Epoch: [186][190/391], lr: 0.00000	Loss 0.0320 (0.0749)	Prec@1 100.000 (97.992)	Prec@5 100.000 (99.980)
Epoch: [186][200/391], lr: 0.00000	Loss 0.0486 (0.0750)	Prec@1 100.000 (97.991)	Prec@5 100.000 (99.977)
Epoch: [186][210/391], lr: 0.00000	Loss 0.0535 (0.0750)	Prec@1 99.219 (97.997)	Prec@5 100.000 (99.978)
Epoch: [186][220/391], lr: 0.00000	Loss 0.0616 (0.0747)	Prec@1 99.219 (98.006)	Prec@5 100.000 (99.979)
Epoch: [186][230/391], lr: 0.00000	Loss 0.0998 (0.0753)	Prec@1 98.438 (97.988)	Prec@5 100.000 (99.976)
Epoch: [186][240/391], lr: 0.00000	Loss 0.0545 (0.0748)	Prec@1 98.438 (97.997)	Prec@5 100.000 (99.977)
Epoch: [186][250/391], lr: 0.00000	Loss 0.0556 (0.0752)	Prec@1 99.219 (97.989)	Prec@5 100.000 (99.975)
Epoch: [186][260/391], lr: 0.00000	Loss 0.0989 (0.0758)	Prec@1 96.094 (97.971)	Prec@5 100.000 (99.970)
Epoch: [186][270/391], lr: 0.00000	Loss 0.0688 (0.0755)	Prec@1 97.656 (97.973)	Prec@5 100.000 (99.971)
Epoch: [186][280/391], lr: 0.00000	Loss 0.0620 (0.0755)	Prec@1 97.656 (97.984)	Prec@5 100.000 (99.969)
Epoch: [186][290/391], lr: 0.00000	Loss 0.0953 (0.0758)	Prec@1 96.875 (97.960)	Prec@5 100.000 (99.970)
Epoch: [186][300/391], lr: 0.00000	Loss 0.0406 (0.0756)	Prec@1 100.000 (97.960)	Prec@5 100.000 (99.971)
Epoch: [186][310/391], lr: 0.00000	Loss 0.0832 (0.0758)	Prec@1 97.656 (97.960)	Prec@5 100.000 (99.972)
Epoch: [186][320/391], lr: 0.00000	Loss 0.0677 (0.0756)	Prec@1 99.219 (97.970)	Prec@5 100.000 (99.973)
Epoch: [186][330/391], lr: 0.00000	Loss 0.0868 (0.0755)	Prec@1 96.875 (97.965)	Prec@5 100.000 (99.974)
Epoch: [186][340/391], lr: 0.00000	Loss 0.0641 (0.0754)	Prec@1 98.438 (97.963)	Prec@5 100.000 (99.975)
Epoch: [186][350/391], lr: 0.00000	Loss 0.0821 (0.0759)	Prec@1 96.875 (97.939)	Prec@5 100.000 (99.976)
Epoch: [186][360/391], lr: 0.00000	Loss 0.0850 (0.0759)	Prec@1 97.656 (97.931)	Prec@5 100.000 (99.976)
Epoch: [186][370/391], lr: 0.00000	Loss 0.0744 (0.0760)	Prec@1 99.219 (97.915)	Prec@5 100.000 (99.977)
Epoch: [186][380/391], lr: 0.00000	Loss 0.0962 (0.0761)	Prec@1 96.094 (97.906)	Prec@5 99.219 (99.973)
Epoch: [186][390/391], lr: 0.00000	Loss 0.0466 (0.0762)	Prec@1 98.750 (97.908)	Prec@5 100.000 (99.972)
Epoch [186] Training Results: Prec@1 97.908 Prec@5 99.972             Loss 0.07625
Epoch [186] Training Class Recall: [0.932,0.951,0.958,0.978,0.991,0.993,0.996,0.996,0.999,0.997]

Epoch: [187][0/391], lr: 0.00000	Loss 0.0813 (0.0813)	Prec@1 96.875 (96.875)	Prec@5 100.000 (100.000)
Epoch: [187][10/391], lr: 0.00000	Loss 0.0580 (0.0840)	Prec@1 98.438 (97.443)	Prec@5 100.000 (99.929)
Epoch: [187][20/391], lr: 0.00000	Loss 0.0566 (0.0797)	Prec@1 98.438 (97.545)	Prec@5 100.000 (99.963)
Epoch: [187][30/391], lr: 0.00000	Loss 0.0393 (0.0810)	Prec@1 98.438 (97.455)	Prec@5 100.000 (99.975)
Epoch: [187][40/391], lr: 0.00000	Loss 0.0991 (0.0807)	Prec@1 97.656 (97.599)	Prec@5 100.000 (99.981)
Epoch: [187][50/391], lr: 0.00000	Loss 0.0550 (0.0763)	Prec@1 99.219 (97.763)	Prec@5 100.000 (99.985)
Epoch: [187][60/391], lr: 0.00000	Loss 0.0680 (0.0764)	Prec@1 98.438 (97.759)	Prec@5 100.000 (99.974)
Epoch: [187][70/391], lr: 0.00000	Loss 0.0574 (0.0761)	Prec@1 99.219 (97.799)	Prec@5 100.000 (99.978)
Epoch: [187][80/391], lr: 0.00000	Loss 0.1305 (0.0780)	Prec@1 97.656 (97.820)	Prec@5 99.219 (99.971)
Epoch: [187][90/391], lr: 0.00000	Loss 0.1200 (0.0783)	Prec@1 95.312 (97.785)	Prec@5 100.000 (99.966)
Epoch: [187][100/391], lr: 0.00000	Loss 0.0893 (0.0792)	Prec@1 98.438 (97.772)	Prec@5 100.000 (99.961)
Epoch: [187][110/391], lr: 0.00000	Loss 0.0963 (0.0788)	Prec@1 97.656 (97.811)	Prec@5 100.000 (99.965)
Epoch: [187][120/391], lr: 0.00000	Loss 0.0703 (0.0785)	Prec@1 96.875 (97.843)	Prec@5 100.000 (99.968)
Epoch: [187][130/391], lr: 0.00000	Loss 0.0685 (0.0782)	Prec@1 99.219 (97.853)	Prec@5 100.000 (99.970)
Epoch: [187][140/391], lr: 0.00000	Loss 0.0682 (0.0783)	Prec@1 98.438 (97.867)	Prec@5 100.000 (99.972)
Epoch: [187][150/391], lr: 0.00000	Loss 0.1169 (0.0784)	Prec@1 96.875 (97.843)	Prec@5 100.000 (99.974)
Epoch: [187][160/391], lr: 0.00000	Loss 0.0785 (0.0797)	Prec@1 96.875 (97.802)	Prec@5 100.000 (99.966)
Epoch: [187][170/391], lr: 0.00000	Loss 0.0545 (0.0797)	Prec@1 99.219 (97.784)	Prec@5 100.000 (99.968)
Epoch: [187][180/391], lr: 0.00000	Loss 0.0691 (0.0792)	Prec@1 97.656 (97.812)	Prec@5 100.000 (99.970)
Epoch: [187][190/391], lr: 0.00000	Loss 0.0870 (0.0791)	Prec@1 97.656 (97.812)	Prec@5 100.000 (99.971)
Epoch: [187][200/391], lr: 0.00000	Loss 0.0730 (0.0786)	Prec@1 98.438 (97.831)	Prec@5 100.000 (99.973)
Epoch: [187][210/391], lr: 0.00000	Loss 0.0751 (0.0788)	Prec@1 98.438 (97.841)	Prec@5 100.000 (99.974)
Epoch: [187][220/391], lr: 0.00000	Loss 0.1277 (0.0787)	Prec@1 96.094 (97.822)	Prec@5 100.000 (99.975)
Epoch: [187][230/391], lr: 0.00000	Loss 0.0419 (0.0783)	Prec@1 99.219 (97.842)	Prec@5 100.000 (99.976)
Epoch: [187][240/391], lr: 0.00000	Loss 0.0451 (0.0782)	Prec@1 98.438 (97.841)	Prec@5 100.000 (99.977)
Epoch: [187][250/391], lr: 0.00000	Loss 0.1006 (0.0780)	Prec@1 97.656 (97.846)	Prec@5 100.000 (99.978)
Epoch: [187][260/391], lr: 0.00000	Loss 0.0538 (0.0783)	Prec@1 99.219 (97.836)	Prec@5 100.000 (99.976)
Epoch: [187][270/391], lr: 0.00000	Loss 0.0954 (0.0782)	Prec@1 96.094 (97.829)	Prec@5 100.000 (99.977)
Epoch: [187][280/391], lr: 0.00000	Loss 0.0867 (0.0784)	Prec@1 96.875 (97.823)	Prec@5 100.000 (99.978)
Epoch: [187][290/391], lr: 0.00000	Loss 0.0666 (0.0783)	Prec@1 98.438 (97.817)	Prec@5 100.000 (99.976)
Epoch: [187][300/391], lr: 0.00000	Loss 0.0723 (0.0783)	Prec@1 96.094 (97.804)	Prec@5 100.000 (99.977)
Epoch: [187][310/391], lr: 0.00000	Loss 0.0566 (0.0784)	Prec@1 98.438 (97.807)	Prec@5 100.000 (99.977)
Epoch: [187][320/391], lr: 0.00000	Loss 0.0816 (0.0786)	Prec@1 97.656 (97.800)	Prec@5 100.000 (99.978)
Epoch: [187][330/391], lr: 0.00000	Loss 0.0566 (0.0785)	Prec@1 100.000 (97.810)	Prec@5 100.000 (99.976)
Epoch: [187][340/391], lr: 0.00000	Loss 0.0618 (0.0783)	Prec@1 99.219 (97.803)	Prec@5 100.000 (99.975)
Epoch: [187][350/391], lr: 0.00000	Loss 0.0367 (0.0778)	Prec@1 100.000 (97.814)	Prec@5 100.000 (99.976)
Epoch: [187][360/391], lr: 0.00000	Loss 0.0817 (0.0779)	Prec@1 96.875 (97.814)	Prec@5 100.000 (99.976)
Epoch: [187][370/391], lr: 0.00000	Loss 0.0783 (0.0782)	Prec@1 96.094 (97.789)	Prec@5 100.000 (99.977)
Epoch: [187][380/391], lr: 0.00000	Loss 0.0779 (0.0780)	Prec@1 99.219 (97.802)	Prec@5 100.000 (99.977)
Epoch: [187][390/391], lr: 0.00000	Loss 0.0493 (0.0778)	Prec@1 100.000 (97.814)	Prec@5 100.000 (99.978)
Epoch [187] Training Results: Prec@1 97.814 Prec@5 99.978             Loss 0.07782
Epoch [187] Training Class Recall: [0.930,0.950,0.957,0.976,0.990,0.992,0.994,0.995,0.998,0.999]

Epoch: [188][0/391], lr: 0.00000	Loss 0.0784 (0.0784)	Prec@1 97.656 (97.656)	Prec@5 100.000 (100.000)
Epoch: [188][10/391], lr: 0.00000	Loss 0.0766 (0.0885)	Prec@1 96.875 (97.017)	Prec@5 100.000 (100.000)
Epoch: [188][20/391], lr: 0.00000	Loss 0.0994 (0.0847)	Prec@1 95.312 (97.359)	Prec@5 100.000 (100.000)
Epoch: [188][30/391], lr: 0.00000	Loss 0.0424 (0.0807)	Prec@1 99.219 (97.681)	Prec@5 100.000 (100.000)
Epoch: [188][40/391], lr: 0.00000	Loss 0.0532 (0.0771)	Prec@1 98.438 (97.828)	Prec@5 100.000 (99.981)
Epoch: [188][50/391], lr: 0.00000	Loss 0.0859 (0.0788)	Prec@1 96.094 (97.809)	Prec@5 100.000 (99.985)
Epoch: [188][60/391], lr: 0.00000	Loss 0.0409 (0.0784)	Prec@1 100.000 (97.848)	Prec@5 100.000 (99.987)
Epoch: [188][70/391], lr: 0.00000	Loss 0.0870 (0.0785)	Prec@1 98.438 (97.843)	Prec@5 100.000 (99.989)
Epoch: [188][80/391], lr: 0.00000	Loss 0.0608 (0.0782)	Prec@1 98.438 (97.830)	Prec@5 100.000 (99.990)
Epoch: [188][90/391], lr: 0.00000	Loss 0.0686 (0.0777)	Prec@1 96.875 (97.862)	Prec@5 100.000 (99.983)
Epoch: [188][100/391], lr: 0.00000	Loss 0.0842 (0.0762)	Prec@1 99.219 (97.942)	Prec@5 100.000 (99.985)
Epoch: [188][110/391], lr: 0.00000	Loss 0.0394 (0.0753)	Prec@1 100.000 (98.015)	Prec@5 100.000 (99.986)
Epoch: [188][120/391], lr: 0.00000	Loss 0.0605 (0.0746)	Prec@1 98.438 (98.037)	Prec@5 100.000 (99.981)
Epoch: [188][130/391], lr: 0.00000	Loss 0.0653 (0.0753)	Prec@1 98.438 (97.990)	Prec@5 100.000 (99.976)
Epoch: [188][140/391], lr: 0.00000	Loss 0.0317 (0.0758)	Prec@1 100.000 (97.978)	Prec@5 100.000 (99.978)
Epoch: [188][150/391], lr: 0.00000	Loss 0.0570 (0.0750)	Prec@1 96.875 (97.993)	Prec@5 100.000 (99.979)
Epoch: [188][160/391], lr: 0.00000	Loss 0.0919 (0.0760)	Prec@1 96.875 (97.967)	Prec@5 100.000 (99.971)
Epoch: [188][170/391], lr: 0.00000	Loss 0.0500 (0.0764)	Prec@1 99.219 (97.962)	Prec@5 100.000 (99.973)
Epoch: [188][180/391], lr: 0.00000	Loss 0.0701 (0.0762)	Prec@1 96.094 (97.954)	Prec@5 100.000 (99.974)
Epoch: [188][190/391], lr: 0.00000	Loss 0.0860 (0.0768)	Prec@1 97.656 (97.947)	Prec@5 100.000 (99.975)
Epoch: [188][200/391], lr: 0.00000	Loss 0.0919 (0.0768)	Prec@1 96.875 (97.944)	Prec@5 100.000 (99.977)
Epoch: [188][210/391], lr: 0.00000	Loss 0.1243 (0.0775)	Prec@1 96.094 (97.927)	Prec@5 100.000 (99.974)
Epoch: [188][220/391], lr: 0.00000	Loss 0.0412 (0.0782)	Prec@1 100.000 (97.893)	Prec@5 100.000 (99.975)
Epoch: [188][230/391], lr: 0.00000	Loss 0.1388 (0.0781)	Prec@1 96.875 (97.886)	Prec@5 100.000 (99.976)
Epoch: [188][240/391], lr: 0.00000	Loss 0.0652 (0.0777)	Prec@1 98.438 (97.899)	Prec@5 99.219 (99.971)
Epoch: [188][250/391], lr: 0.00000	Loss 0.0651 (0.0777)	Prec@1 98.438 (97.896)	Prec@5 100.000 (99.972)
Epoch: [188][260/391], lr: 0.00000	Loss 0.1700 (0.0782)	Prec@1 96.875 (97.884)	Prec@5 100.000 (99.973)
Epoch: [188][270/391], lr: 0.00000	Loss 0.0882 (0.0781)	Prec@1 97.656 (97.887)	Prec@5 100.000 (99.974)
Epoch: [188][280/391], lr: 0.00000	Loss 0.0536 (0.0784)	Prec@1 99.219 (97.868)	Prec@5 100.000 (99.972)
Epoch: [188][290/391], lr: 0.00000	Loss 0.0748 (0.0779)	Prec@1 96.875 (97.893)	Prec@5 100.000 (99.970)
Epoch: [188][300/391], lr: 0.00000	Loss 0.0594 (0.0777)	Prec@1 99.219 (97.908)	Prec@5 100.000 (99.971)
Epoch: [188][310/391], lr: 0.00000	Loss 0.0628 (0.0779)	Prec@1 99.219 (97.895)	Prec@5 100.000 (99.970)
Epoch: [188][320/391], lr: 0.00000	Loss 0.0780 (0.0780)	Prec@1 96.875 (97.887)	Prec@5 100.000 (99.971)
Epoch: [188][330/391], lr: 0.00000	Loss 0.0640 (0.0780)	Prec@1 98.438 (97.892)	Prec@5 100.000 (99.972)
Epoch: [188][340/391], lr: 0.00000	Loss 0.0699 (0.0780)	Prec@1 98.438 (97.899)	Prec@5 100.000 (99.973)
Epoch: [188][350/391], lr: 0.00000	Loss 0.0528 (0.0781)	Prec@1 98.438 (97.894)	Prec@5 100.000 (99.971)
Epoch: [188][360/391], lr: 0.00000	Loss 0.0929 (0.0780)	Prec@1 96.875 (97.903)	Prec@5 100.000 (99.972)
Epoch: [188][370/391], lr: 0.00000	Loss 0.1129 (0.0777)	Prec@1 97.656 (97.915)	Prec@5 100.000 (99.973)
Epoch: [188][380/391], lr: 0.00000	Loss 0.0785 (0.0778)	Prec@1 98.438 (97.919)	Prec@5 100.000 (99.973)
Epoch: [188][390/391], lr: 0.00000	Loss 0.0739 (0.0775)	Prec@1 97.500 (97.920)	Prec@5 100.000 (99.974)
Epoch [188] Training Results: Prec@1 97.920 Prec@5 99.974             Loss 0.07752
Epoch [188] Training Class Recall: [0.932,0.952,0.960,0.978,0.989,0.992,0.996,0.995,0.998,0.999]

Epoch: [189][0/391], lr: 0.00000	Loss 0.0381 (0.0381)	Prec@1 99.219 (99.219)	Prec@5 100.000 (100.000)
Epoch: [189][10/391], lr: 0.00000	Loss 0.0436 (0.0569)	Prec@1 100.000 (98.580)	Prec@5 100.000 (100.000)
Epoch: [189][20/391], lr: 0.00000	Loss 0.1385 (0.0683)	Prec@1 97.656 (98.326)	Prec@5 100.000 (100.000)
Epoch: [189][30/391], lr: 0.00000	Loss 0.0731 (0.0762)	Prec@1 97.656 (97.883)	Prec@5 100.000 (100.000)
Epoch: [189][40/391], lr: 0.00000	Loss 0.0482 (0.0731)	Prec@1 98.438 (97.961)	Prec@5 100.000 (100.000)
Epoch: [189][50/391], lr: 0.00000	Loss 0.0859 (0.0741)	Prec@1 96.094 (97.917)	Prec@5 100.000 (99.985)
Epoch: [189][60/391], lr: 0.00000	Loss 0.1110 (0.0761)	Prec@1 96.875 (97.900)	Prec@5 99.219 (99.974)
Epoch: [189][70/391], lr: 0.00000	Loss 0.0549 (0.0766)	Prec@1 100.000 (97.909)	Prec@5 100.000 (99.978)
Epoch: [189][80/391], lr: 0.00000	Loss 0.0701 (0.0769)	Prec@1 97.656 (97.897)	Prec@5 100.000 (99.971)
Epoch: [189][90/391], lr: 0.00000	Loss 0.0510 (0.0751)	Prec@1 99.219 (97.931)	Prec@5 100.000 (99.974)
Epoch: [189][100/391], lr: 0.00000	Loss 0.0543 (0.0739)	Prec@1 99.219 (97.997)	Prec@5 100.000 (99.977)
Epoch: [189][110/391], lr: 0.00000	Loss 0.0754 (0.0737)	Prec@1 98.438 (98.022)	Prec@5 100.000 (99.972)
Epoch: [189][120/391], lr: 0.00000	Loss 0.0485 (0.0727)	Prec@1 99.219 (98.069)	Prec@5 100.000 (99.974)
Epoch: [189][130/391], lr: 0.00000	Loss 0.0630 (0.0727)	Prec@1 98.438 (98.092)	Prec@5 100.000 (99.976)
Epoch: [189][140/391], lr: 0.00000	Loss 0.0673 (0.0728)	Prec@1 98.438 (98.083)	Prec@5 100.000 (99.978)
Epoch: [189][150/391], lr: 0.00000	Loss 0.0569 (0.0730)	Prec@1 98.438 (98.065)	Prec@5 100.000 (99.979)
Epoch: [189][160/391], lr: 0.00000	Loss 0.0753 (0.0727)	Prec@1 96.875 (98.093)	Prec@5 100.000 (99.976)
Epoch: [189][170/391], lr: 0.00000	Loss 0.0912 (0.0724)	Prec@1 97.656 (98.127)	Prec@5 100.000 (99.973)
Epoch: [189][180/391], lr: 0.00000	Loss 0.0803 (0.0724)	Prec@1 97.656 (98.127)	Prec@5 100.000 (99.974)
Epoch: [189][190/391], lr: 0.00000	Loss 0.1194 (0.0729)	Prec@1 95.312 (98.118)	Prec@5 100.000 (99.975)
Epoch: [189][200/391], lr: 0.00000	Loss 0.0884 (0.0728)	Prec@1 96.094 (98.119)	Prec@5 100.000 (99.977)
Epoch: [189][210/391], lr: 0.00000	Loss 0.0992 (0.0726)	Prec@1 96.094 (98.130)	Prec@5 100.000 (99.978)
Epoch: [189][220/391], lr: 0.00000	Loss 0.0805 (0.0734)	Prec@1 96.875 (98.098)	Prec@5 100.000 (99.975)
Epoch: [189][230/391], lr: 0.00000	Loss 0.0721 (0.0732)	Prec@1 96.875 (98.089)	Prec@5 100.000 (99.976)
Epoch: [189][240/391], lr: 0.00000	Loss 0.0666 (0.0735)	Prec@1 98.438 (98.061)	Prec@5 100.000 (99.977)
Epoch: [189][250/391], lr: 0.00000	Loss 0.0290 (0.0736)	Prec@1 99.219 (98.061)	Prec@5 100.000 (99.978)
Epoch: [189][260/391], lr: 0.00000	Loss 0.1693 (0.0741)	Prec@1 93.750 (98.018)	Prec@5 100.000 (99.979)
Epoch: [189][270/391], lr: 0.00000	Loss 0.1187 (0.0742)	Prec@1 97.656 (98.022)	Prec@5 100.000 (99.977)
Epoch: [189][280/391], lr: 0.00000	Loss 0.0741 (0.0746)	Prec@1 96.875 (98.007)	Prec@5 100.000 (99.978)
Epoch: [189][290/391], lr: 0.00000	Loss 0.0437 (0.0749)	Prec@1 98.438 (98.005)	Prec@5 100.000 (99.979)
Epoch: [189][300/391], lr: 0.00000	Loss 0.1362 (0.0757)	Prec@1 94.531 (97.968)	Prec@5 100.000 (99.979)
Epoch: [189][310/391], lr: 0.00000	Loss 0.0441 (0.0758)	Prec@1 99.219 (97.970)	Prec@5 100.000 (99.980)
Epoch: [189][320/391], lr: 0.00000	Loss 0.0592 (0.0758)	Prec@1 96.875 (97.956)	Prec@5 100.000 (99.981)
Epoch: [189][330/391], lr: 0.00000	Loss 0.0568 (0.0757)	Prec@1 99.219 (97.970)	Prec@5 100.000 (99.981)
Epoch: [189][340/391], lr: 0.00000	Loss 0.0316 (0.0755)	Prec@1 100.000 (97.970)	Prec@5 100.000 (99.982)
Epoch: [189][350/391], lr: 0.00000	Loss 0.0331 (0.0753)	Prec@1 100.000 (97.968)	Prec@5 100.000 (99.982)
Epoch: [189][360/391], lr: 0.00000	Loss 0.0478 (0.0753)	Prec@1 99.219 (97.970)	Prec@5 100.000 (99.978)
Epoch: [189][370/391], lr: 0.00000	Loss 0.0757 (0.0757)	Prec@1 96.094 (97.936)	Prec@5 100.000 (99.979)
Epoch: [189][380/391], lr: 0.00000	Loss 0.0559 (0.0756)	Prec@1 98.438 (97.937)	Prec@5 100.000 (99.979)
Epoch: [189][390/391], lr: 0.00000	Loss 0.0268 (0.0751)	Prec@1 100.000 (97.954)	Prec@5 100.000 (99.980)
Epoch [189] Training Results: Prec@1 97.954 Prec@5 99.980             Loss 0.07509
Epoch [189] Training Class Recall: [0.927,0.955,0.963,0.978,0.991,0.993,0.996,0.997,0.998,0.997]

Epoch: [190][0/391], lr: 0.00000	Loss 0.0953 (0.0953)	Prec@1 96.875 (96.875)	Prec@5 100.000 (100.000)
Epoch: [190][10/391], lr: 0.00000	Loss 0.1118 (0.0779)	Prec@1 95.312 (97.869)	Prec@5 100.000 (100.000)
Epoch: [190][20/391], lr: 0.00000	Loss 0.1024 (0.0853)	Prec@1 96.094 (97.507)	Prec@5 100.000 (99.888)
Epoch: [190][30/391], lr: 0.00000	Loss 0.0680 (0.0783)	Prec@1 99.219 (97.757)	Prec@5 100.000 (99.924)
Epoch: [190][40/391], lr: 0.00000	Loss 0.0485 (0.0801)	Prec@1 98.438 (97.790)	Prec@5 100.000 (99.943)
Epoch: [190][50/391], lr: 0.00000	Loss 0.1450 (0.0797)	Prec@1 96.094 (97.718)	Prec@5 100.000 (99.954)
Epoch: [190][60/391], lr: 0.00000	Loss 0.1064 (0.0785)	Prec@1 97.656 (97.823)	Prec@5 100.000 (99.962)
Epoch: [190][70/391], lr: 0.00000	Loss 0.0905 (0.0788)	Prec@1 98.438 (97.766)	Prec@5 100.000 (99.956)
Epoch: [190][80/391], lr: 0.00000	Loss 0.1270 (0.0814)	Prec@1 96.094 (97.733)	Prec@5 100.000 (99.961)
Epoch: [190][90/391], lr: 0.00000	Loss 0.0447 (0.0809)	Prec@1 99.219 (97.776)	Prec@5 100.000 (99.966)
Epoch: [190][100/391], lr: 0.00000	Loss 0.0555 (0.0803)	Prec@1 97.656 (97.772)	Prec@5 100.000 (99.961)
Epoch: [190][110/391], lr: 0.00000	Loss 0.1057 (0.0812)	Prec@1 96.094 (97.755)	Prec@5 100.000 (99.958)
Epoch: [190][120/391], lr: 0.00000	Loss 0.0539 (0.0802)	Prec@1 99.219 (97.779)	Prec@5 100.000 (99.961)
Epoch: [190][130/391], lr: 0.00000	Loss 0.1282 (0.0809)	Prec@1 97.656 (97.758)	Prec@5 100.000 (99.964)
Epoch: [190][140/391], lr: 0.00000	Loss 0.0810 (0.0808)	Prec@1 96.875 (97.773)	Prec@5 100.000 (99.967)
Epoch: [190][150/391], lr: 0.00000	Loss 0.0796 (0.0806)	Prec@1 96.094 (97.780)	Prec@5 100.000 (99.959)
Epoch: [190][160/391], lr: 0.00000	Loss 0.1041 (0.0809)	Prec@1 97.656 (97.787)	Prec@5 100.000 (99.961)
Epoch: [190][170/391], lr: 0.00000	Loss 0.0344 (0.0797)	Prec@1 100.000 (97.848)	Prec@5 100.000 (99.963)
Epoch: [190][180/391], lr: 0.00000	Loss 0.1203 (0.0792)	Prec@1 96.094 (97.829)	Prec@5 100.000 (99.965)
Epoch: [190][190/391], lr: 0.00000	Loss 0.0429 (0.0784)	Prec@1 100.000 (97.861)	Prec@5 100.000 (99.963)
Epoch: [190][200/391], lr: 0.00000	Loss 0.0997 (0.0778)	Prec@1 96.875 (97.882)	Prec@5 100.000 (99.965)
Epoch: [190][210/391], lr: 0.00000	Loss 0.1090 (0.0773)	Prec@1 96.875 (97.897)	Prec@5 99.219 (99.963)
Epoch: [190][220/391], lr: 0.00000	Loss 0.0452 (0.0773)	Prec@1 99.219 (97.893)	Prec@5 100.000 (99.961)
Epoch: [190][230/391], lr: 0.00000	Loss 0.1016 (0.0777)	Prec@1 96.094 (97.883)	Prec@5 100.000 (99.963)
Epoch: [190][240/391], lr: 0.00000	Loss 0.0821 (0.0780)	Prec@1 96.094 (97.890)	Prec@5 100.000 (99.961)
Epoch: [190][250/391], lr: 0.00000	Loss 0.0850 (0.0776)	Prec@1 97.656 (97.899)	Prec@5 100.000 (99.963)
Epoch: [190][260/391], lr: 0.00000	Loss 0.0775 (0.0773)	Prec@1 96.875 (97.914)	Prec@5 100.000 (99.964)
Epoch: [190][270/391], lr: 0.00000	Loss 0.0601 (0.0780)	Prec@1 98.438 (97.898)	Prec@5 100.000 (99.963)
Epoch: [190][280/391], lr: 0.00000	Loss 0.0403 (0.0774)	Prec@1 99.219 (97.912)	Prec@5 100.000 (99.964)
Epoch: [190][290/391], lr: 0.00000	Loss 0.1234 (0.0780)	Prec@1 96.875 (97.893)	Prec@5 100.000 (99.962)
Epoch: [190][300/391], lr: 0.00000	Loss 0.0665 (0.0781)	Prec@1 97.656 (97.879)	Prec@5 100.000 (99.964)
Epoch: [190][310/391], lr: 0.00000	Loss 0.0450 (0.0779)	Prec@1 98.438 (97.882)	Prec@5 100.000 (99.965)
Epoch: [190][320/391], lr: 0.00000	Loss 0.0437 (0.0777)	Prec@1 99.219 (97.900)	Prec@5 100.000 (99.963)
Epoch: [190][330/391], lr: 0.00000	Loss 0.0551 (0.0777)	Prec@1 98.438 (97.888)	Prec@5 100.000 (99.965)
Epoch: [190][340/391], lr: 0.00000	Loss 0.0940 (0.0777)	Prec@1 96.875 (97.892)	Prec@5 100.000 (99.966)
Epoch: [190][350/391], lr: 0.00000	Loss 0.0710 (0.0777)	Prec@1 98.438 (97.897)	Prec@5 100.000 (99.967)
Epoch: [190][360/391], lr: 0.00000	Loss 0.0889 (0.0777)	Prec@1 97.656 (97.905)	Prec@5 100.000 (99.968)
Epoch: [190][370/391], lr: 0.00000	Loss 0.0413 (0.0775)	Prec@1 99.219 (97.905)	Prec@5 100.000 (99.968)
Epoch: [190][380/391], lr: 0.00000	Loss 0.0779 (0.0774)	Prec@1 96.875 (97.915)	Prec@5 100.000 (99.967)
Epoch: [190][390/391], lr: 0.00000	Loss 0.0456 (0.0773)	Prec@1 98.750 (97.928)	Prec@5 100.000 (99.966)
Epoch [190] Training Results: Prec@1 97.928 Prec@5 99.966             Loss 0.07732
Epoch [190] Training Class Recall: [0.936,0.951,0.959,0.979,0.988,0.994,0.995,0.995,0.998,0.998]

Epoch: [191][0/391], lr: 0.00000	Loss 0.1611 (0.1611)	Prec@1 96.094 (96.094)	Prec@5 100.000 (100.000)
Epoch: [191][10/391], lr: 0.00000	Loss 0.1204 (0.0841)	Prec@1 96.094 (97.443)	Prec@5 100.000 (100.000)
Epoch: [191][20/391], lr: 0.00000	Loss 0.0508 (0.0824)	Prec@1 99.219 (97.582)	Prec@5 100.000 (99.963)
Epoch: [191][30/391], lr: 0.00000	Loss 0.0308 (0.0739)	Prec@1 99.219 (97.782)	Prec@5 100.000 (99.975)
Epoch: [191][40/391], lr: 0.00000	Loss 0.1860 (0.0738)	Prec@1 95.312 (97.885)	Prec@5 100.000 (99.981)
Epoch: [191][50/391], lr: 0.00000	Loss 0.0771 (0.0725)	Prec@1 98.438 (97.993)	Prec@5 99.219 (99.969)
Epoch: [191][60/391], lr: 0.00000	Loss 0.0789 (0.0732)	Prec@1 96.094 (97.964)	Prec@5 100.000 (99.962)
Epoch: [191][70/391], lr: 0.00000	Loss 0.0405 (0.0720)	Prec@1 99.219 (97.975)	Prec@5 100.000 (99.967)
Epoch: [191][80/391], lr: 0.00000	Loss 0.1406 (0.0720)	Prec@1 98.438 (98.052)	Prec@5 100.000 (99.971)
Epoch: [191][90/391], lr: 0.00000	Loss 0.0468 (0.0740)	Prec@1 98.438 (98.025)	Prec@5 100.000 (99.974)
Epoch: [191][100/391], lr: 0.00000	Loss 0.0707 (0.0737)	Prec@1 97.656 (98.043)	Prec@5 100.000 (99.977)
Epoch: [191][110/391], lr: 0.00000	Loss 0.0941 (0.0743)	Prec@1 96.875 (98.015)	Prec@5 100.000 (99.979)
Epoch: [191][120/391], lr: 0.00000	Loss 0.0788 (0.0745)	Prec@1 95.312 (97.986)	Prec@5 100.000 (99.981)
Epoch: [191][130/391], lr: 0.00000	Loss 0.0352 (0.0745)	Prec@1 99.219 (98.002)	Prec@5 100.000 (99.982)
Epoch: [191][140/391], lr: 0.00000	Loss 0.0515 (0.0744)	Prec@1 99.219 (98.016)	Prec@5 100.000 (99.983)
Epoch: [191][150/391], lr: 0.00000	Loss 0.1062 (0.0748)	Prec@1 95.312 (98.003)	Prec@5 100.000 (99.984)
Epoch: [191][160/391], lr: 0.00000	Loss 0.1045 (0.0748)	Prec@1 96.875 (98.006)	Prec@5 100.000 (99.981)
Epoch: [191][170/391], lr: 0.00000	Loss 0.0986 (0.0744)	Prec@1 97.656 (98.008)	Prec@5 100.000 (99.982)
Epoch: [191][180/391], lr: 0.00000	Loss 0.1093 (0.0741)	Prec@1 96.875 (98.027)	Prec@5 100.000 (99.983)
Epoch: [191][190/391], lr: 0.00000	Loss 0.0626 (0.0748)	Prec@1 98.438 (98.000)	Prec@5 100.000 (99.980)
Epoch: [191][200/391], lr: 0.00000	Loss 0.0752 (0.0747)	Prec@1 97.656 (97.987)	Prec@5 100.000 (99.977)
Epoch: [191][210/391], lr: 0.00000	Loss 0.0314 (0.0745)	Prec@1 99.219 (97.989)	Prec@5 100.000 (99.978)
Epoch: [191][220/391], lr: 0.00000	Loss 0.1008 (0.0742)	Prec@1 96.094 (97.992)	Prec@5 100.000 (99.979)
Epoch: [191][230/391], lr: 0.00000	Loss 0.1093 (0.0746)	Prec@1 96.875 (97.988)	Prec@5 100.000 (99.980)
Epoch: [191][240/391], lr: 0.00000	Loss 0.0604 (0.0746)	Prec@1 98.438 (97.984)	Prec@5 100.000 (99.981)
Epoch: [191][250/391], lr: 0.00000	Loss 0.0838 (0.0755)	Prec@1 97.656 (97.952)	Prec@5 100.000 (99.981)
Epoch: [191][260/391], lr: 0.00000	Loss 0.0447 (0.0751)	Prec@1 98.438 (97.977)	Prec@5 100.000 (99.979)
Epoch: [191][270/391], lr: 0.00000	Loss 0.1094 (0.0748)	Prec@1 96.094 (97.982)	Prec@5 100.000 (99.980)
Epoch: [191][280/391], lr: 0.00000	Loss 0.0698 (0.0748)	Prec@1 97.656 (97.979)	Prec@5 100.000 (99.981)
Epoch: [191][290/391], lr: 0.00000	Loss 0.0627 (0.0746)	Prec@1 98.438 (97.978)	Prec@5 100.000 (99.981)
Epoch: [191][300/391], lr: 0.00000	Loss 0.0717 (0.0747)	Prec@1 97.656 (97.952)	Prec@5 100.000 (99.982)
Epoch: [191][310/391], lr: 0.00000	Loss 0.0810 (0.0749)	Prec@1 97.656 (97.948)	Prec@5 100.000 (99.980)
Epoch: [191][320/391], lr: 0.00000	Loss 0.0868 (0.0747)	Prec@1 96.094 (97.960)	Prec@5 100.000 (99.978)
Epoch: [191][330/391], lr: 0.00000	Loss 0.0888 (0.0749)	Prec@1 97.656 (97.956)	Prec@5 100.000 (99.979)
Epoch: [191][340/391], lr: 0.00000	Loss 0.0407 (0.0747)	Prec@1 100.000 (97.979)	Prec@5 100.000 (99.979)
Epoch: [191][350/391], lr: 0.00000	Loss 0.1168 (0.0742)	Prec@1 97.656 (98.001)	Prec@5 100.000 (99.980)
Epoch: [191][360/391], lr: 0.00000	Loss 0.0874 (0.0745)	Prec@1 96.875 (97.987)	Prec@5 100.000 (99.981)
Epoch: [191][370/391], lr: 0.00000	Loss 0.0796 (0.0744)	Prec@1 97.656 (97.993)	Prec@5 100.000 (99.981)
Epoch: [191][380/391], lr: 0.00000	Loss 0.0754 (0.0747)	Prec@1 97.656 (97.984)	Prec@5 100.000 (99.982)
Epoch: [191][390/391], lr: 0.00000	Loss 0.1281 (0.0751)	Prec@1 97.500 (97.974)	Prec@5 100.000 (99.980)
Epoch [191] Training Results: Prec@1 97.974 Prec@5 99.980             Loss 0.07515
Epoch [191] Training Class Recall: [0.932,0.954,0.959,0.980,0.991,0.995,0.995,0.995,0.998,0.998]

Epoch: [192][0/391], lr: 0.00000	Loss 0.0617 (0.0617)	Prec@1 98.438 (98.438)	Prec@5 100.000 (100.000)
Epoch: [192][10/391], lr: 0.00000	Loss 0.0632 (0.0924)	Prec@1 99.219 (97.514)	Prec@5 100.000 (100.000)
Epoch: [192][20/391], lr: 0.00000	Loss 0.0480 (0.0782)	Prec@1 97.656 (97.991)	Prec@5 100.000 (100.000)
Epoch: [192][30/391], lr: 0.00000	Loss 0.0952 (0.0751)	Prec@1 97.656 (98.009)	Prec@5 100.000 (100.000)
Epoch: [192][40/391], lr: 0.00000	Loss 0.0468 (0.0762)	Prec@1 99.219 (97.980)	Prec@5 100.000 (99.981)
Epoch: [192][50/391], lr: 0.00000	Loss 0.0698 (0.0758)	Prec@1 100.000 (97.978)	Prec@5 100.000 (99.985)
Epoch: [192][60/391], lr: 0.00000	Loss 0.0505 (0.0761)	Prec@1 99.219 (98.002)	Prec@5 100.000 (99.987)
Epoch: [192][70/391], lr: 0.00000	Loss 0.0979 (0.0761)	Prec@1 98.438 (97.986)	Prec@5 100.000 (99.989)
Epoch: [192][80/391], lr: 0.00000	Loss 0.0847 (0.0759)	Prec@1 96.875 (97.975)	Prec@5 100.000 (99.990)
Epoch: [192][90/391], lr: 0.00000	Loss 0.0839 (0.0770)	Prec@1 95.312 (97.871)	Prec@5 100.000 (99.991)
Epoch: [192][100/391], lr: 0.00000	Loss 0.0399 (0.0767)	Prec@1 98.438 (97.888)	Prec@5 100.000 (99.992)
Epoch: [192][110/391], lr: 0.00000	Loss 0.0526 (0.0764)	Prec@1 99.219 (97.903)	Prec@5 100.000 (99.986)
Epoch: [192][120/391], lr: 0.00000	Loss 0.0923 (0.0757)	Prec@1 97.656 (97.927)	Prec@5 100.000 (99.987)
Epoch: [192][130/391], lr: 0.00000	Loss 0.1727 (0.0771)	Prec@1 94.531 (97.871)	Prec@5 100.000 (99.988)
Epoch: [192][140/391], lr: 0.00000	Loss 0.0478 (0.0758)	Prec@1 98.438 (97.928)	Prec@5 100.000 (99.989)
Epoch: [192][150/391], lr: 0.00000	Loss 0.1057 (0.0756)	Prec@1 96.875 (97.941)	Prec@5 100.000 (99.990)
Epoch: [192][160/391], lr: 0.00000	Loss 0.1055 (0.0761)	Prec@1 96.094 (97.923)	Prec@5 100.000 (99.990)
Epoch: [192][170/391], lr: 0.00000	Loss 0.0514 (0.0765)	Prec@1 98.438 (97.898)	Prec@5 100.000 (99.991)
Epoch: [192][180/391], lr: 0.00000	Loss 0.0866 (0.0761)	Prec@1 96.875 (97.911)	Prec@5 100.000 (99.991)
Epoch: [192][190/391], lr: 0.00000	Loss 0.0902 (0.0761)	Prec@1 97.656 (97.914)	Prec@5 100.000 (99.992)
Epoch: [192][200/391], lr: 0.00000	Loss 0.0545 (0.0764)	Prec@1 99.219 (97.909)	Prec@5 100.000 (99.988)
Epoch: [192][210/391], lr: 0.00000	Loss 0.0935 (0.0770)	Prec@1 97.656 (97.886)	Prec@5 100.000 (99.985)
Epoch: [192][220/391], lr: 0.00000	Loss 0.0609 (0.0769)	Prec@1 100.000 (97.890)	Prec@5 100.000 (99.986)
Epoch: [192][230/391], lr: 0.00000	Loss 0.1386 (0.0768)	Prec@1 95.312 (97.900)	Prec@5 99.219 (99.983)
Epoch: [192][240/391], lr: 0.00000	Loss 0.0827 (0.0767)	Prec@1 98.438 (97.916)	Prec@5 100.000 (99.984)
Epoch: [192][250/391], lr: 0.00000	Loss 0.0815 (0.0769)	Prec@1 96.875 (97.911)	Prec@5 100.000 (99.984)
Epoch: [192][260/391], lr: 0.00000	Loss 0.0842 (0.0766)	Prec@1 96.875 (97.902)	Prec@5 100.000 (99.985)
Epoch: [192][270/391], lr: 0.00000	Loss 0.0701 (0.0768)	Prec@1 96.875 (97.890)	Prec@5 100.000 (99.983)
Epoch: [192][280/391], lr: 0.00000	Loss 0.0858 (0.0767)	Prec@1 96.875 (97.895)	Prec@5 100.000 (99.983)
Epoch: [192][290/391], lr: 0.00000	Loss 0.0742 (0.0773)	Prec@1 97.656 (97.882)	Prec@5 100.000 (99.979)
Epoch: [192][300/391], lr: 0.00000	Loss 0.0641 (0.0771)	Prec@1 98.438 (97.874)	Prec@5 100.000 (99.979)
Epoch: [192][310/391], lr: 0.00000	Loss 0.0469 (0.0770)	Prec@1 99.219 (97.882)	Prec@5 100.000 (99.977)
Epoch: [192][320/391], lr: 0.00000	Loss 0.0820 (0.0774)	Prec@1 97.656 (97.868)	Prec@5 100.000 (99.978)
Epoch: [192][330/391], lr: 0.00000	Loss 0.0542 (0.0771)	Prec@1 99.219 (97.890)	Prec@5 100.000 (99.976)
Epoch: [192][340/391], lr: 0.00000	Loss 0.0572 (0.0767)	Prec@1 100.000 (97.906)	Prec@5 100.000 (99.977)
Epoch: [192][350/391], lr: 0.00000	Loss 0.1102 (0.0766)	Prec@1 95.312 (97.906)	Prec@5 100.000 (99.978)
Epoch: [192][360/391], lr: 0.00000	Loss 0.0575 (0.0763)	Prec@1 99.219 (97.916)	Prec@5 100.000 (99.978)
Epoch: [192][370/391], lr: 0.00000	Loss 0.0746 (0.0762)	Prec@1 98.438 (97.913)	Prec@5 100.000 (99.979)
Epoch: [192][380/391], lr: 0.00000	Loss 0.0877 (0.0762)	Prec@1 96.875 (97.900)	Prec@5 100.000 (99.979)
Epoch: [192][390/391], lr: 0.00000	Loss 0.0939 (0.0766)	Prec@1 93.750 (97.880)	Prec@5 100.000 (99.980)
Epoch [192] Training Results: Prec@1 97.880 Prec@5 99.980             Loss 0.07664
Epoch [192] Training Class Recall: [0.927,0.951,0.960,0.979,0.988,0.993,0.997,0.996,0.998,0.999]

Epoch: [193][0/391], lr: 0.00000	Loss 0.1145 (0.1145)	Prec@1 96.875 (96.875)	Prec@5 100.000 (100.000)
Epoch: [193][10/391], lr: 0.00000	Loss 0.0824 (0.0904)	Prec@1 96.875 (97.514)	Prec@5 100.000 (100.000)
Epoch: [193][20/391], lr: 0.00000	Loss 0.0783 (0.0865)	Prec@1 97.656 (97.619)	Prec@5 100.000 (100.000)
Epoch: [193][30/391], lr: 0.00000	Loss 0.0732 (0.0825)	Prec@1 98.438 (97.631)	Prec@5 100.000 (100.000)
Epoch: [193][40/391], lr: 0.00000	Loss 0.0662 (0.0843)	Prec@1 97.656 (97.561)	Prec@5 100.000 (100.000)
Epoch: [193][50/391], lr: 0.00000	Loss 0.0856 (0.0810)	Prec@1 96.094 (97.610)	Prec@5 100.000 (100.000)
Epoch: [193][60/391], lr: 0.00000	Loss 0.0457 (0.0798)	Prec@1 99.219 (97.720)	Prec@5 100.000 (100.000)
Epoch: [193][70/391], lr: 0.00000	Loss 0.1642 (0.0789)	Prec@1 93.750 (97.766)	Prec@5 99.219 (99.989)
Epoch: [193][80/391], lr: 0.00000	Loss 0.0417 (0.0763)	Prec@1 99.219 (97.888)	Prec@5 100.000 (99.990)
Epoch: [193][90/391], lr: 0.00000	Loss 0.0599 (0.0758)	Prec@1 98.438 (97.888)	Prec@5 100.000 (99.991)
Epoch: [193][100/391], lr: 0.00000	Loss 0.1017 (0.0755)	Prec@1 96.094 (97.888)	Prec@5 100.000 (99.992)
Epoch: [193][110/391], lr: 0.00000	Loss 0.0766 (0.0750)	Prec@1 98.438 (97.938)	Prec@5 100.000 (99.993)
Epoch: [193][120/391], lr: 0.00000	Loss 0.0452 (0.0748)	Prec@1 100.000 (97.960)	Prec@5 100.000 (99.994)
Epoch: [193][130/391], lr: 0.00000	Loss 0.0471 (0.0751)	Prec@1 99.219 (97.960)	Prec@5 100.000 (99.994)
Epoch: [193][140/391], lr: 0.00000	Loss 0.0551 (0.0741)	Prec@1 99.219 (98.000)	Prec@5 100.000 (99.994)
Epoch: [193][150/391], lr: 0.00000	Loss 0.0750 (0.0739)	Prec@1 99.219 (97.993)	Prec@5 100.000 (99.990)
Epoch: [193][160/391], lr: 0.00000	Loss 0.0624 (0.0744)	Prec@1 98.438 (97.972)	Prec@5 100.000 (99.985)
Epoch: [193][170/391], lr: 0.00000	Loss 0.0738 (0.0743)	Prec@1 96.875 (97.967)	Prec@5 100.000 (99.986)
Epoch: [193][180/391], lr: 0.00000	Loss 0.0545 (0.0744)	Prec@1 99.219 (97.989)	Prec@5 100.000 (99.978)
Epoch: [193][190/391], lr: 0.00000	Loss 0.1447 (0.0756)	Prec@1 97.656 (97.963)	Prec@5 100.000 (99.975)
Epoch: [193][200/391], lr: 0.00000	Loss 0.1260 (0.0759)	Prec@1 96.094 (97.936)	Prec@5 100.000 (99.973)
Epoch: [193][210/391], lr: 0.00000	Loss 0.0942 (0.0761)	Prec@1 97.656 (97.952)	Prec@5 100.000 (99.974)
Epoch: [193][220/391], lr: 0.00000	Loss 0.0898 (0.0763)	Prec@1 96.094 (97.936)	Prec@5 100.000 (99.975)
Epoch: [193][230/391], lr: 0.00000	Loss 0.0392 (0.0762)	Prec@1 100.000 (97.937)	Prec@5 100.000 (99.976)
Epoch: [193][240/391], lr: 0.00000	Loss 0.0967 (0.0760)	Prec@1 96.875 (97.948)	Prec@5 100.000 (99.977)
Epoch: [193][250/391], lr: 0.00000	Loss 0.1054 (0.0758)	Prec@1 97.656 (97.958)	Prec@5 100.000 (99.978)
Epoch: [193][260/391], lr: 0.00000	Loss 0.0494 (0.0758)	Prec@1 98.438 (97.962)	Prec@5 100.000 (99.979)
Epoch: [193][270/391], lr: 0.00000	Loss 0.1439 (0.0762)	Prec@1 96.094 (97.945)	Prec@5 100.000 (99.974)
Epoch: [193][280/391], lr: 0.00000	Loss 0.0595 (0.0762)	Prec@1 97.656 (97.945)	Prec@5 100.000 (99.975)
Epoch: [193][290/391], lr: 0.00000	Loss 0.1219 (0.0765)	Prec@1 95.312 (97.933)	Prec@5 100.000 (99.976)
Epoch: [193][300/391], lr: 0.00000	Loss 0.0932 (0.0765)	Prec@1 97.656 (97.934)	Prec@5 100.000 (99.977)
Epoch: [193][310/391], lr: 0.00000	Loss 0.0610 (0.0769)	Prec@1 100.000 (97.925)	Prec@5 100.000 (99.975)
Epoch: [193][320/391], lr: 0.00000	Loss 0.0482 (0.0768)	Prec@1 99.219 (97.929)	Prec@5 100.000 (99.976)
Epoch: [193][330/391], lr: 0.00000	Loss 0.0387 (0.0766)	Prec@1 99.219 (97.935)	Prec@5 100.000 (99.976)
Epoch: [193][340/391], lr: 0.00000	Loss 0.0718 (0.0769)	Prec@1 97.656 (97.920)	Prec@5 100.000 (99.977)
Epoch: [193][350/391], lr: 0.00000	Loss 0.0503 (0.0770)	Prec@1 97.656 (97.901)	Prec@5 100.000 (99.978)
Epoch: [193][360/391], lr: 0.00000	Loss 0.0684 (0.0769)	Prec@1 99.219 (97.909)	Prec@5 100.000 (99.976)
Epoch: [193][370/391], lr: 0.00000	Loss 0.0882 (0.0769)	Prec@1 97.656 (97.911)	Prec@5 100.000 (99.977)
Epoch: [193][380/391], lr: 0.00000	Loss 0.0576 (0.0769)	Prec@1 99.219 (97.908)	Prec@5 100.000 (99.977)
Epoch: [193][390/391], lr: 0.00000	Loss 0.0627 (0.0767)	Prec@1 98.750 (97.912)	Prec@5 100.000 (99.978)
Epoch [193] Training Results: Prec@1 97.912 Prec@5 99.978             Loss 0.07667
Epoch [193] Training Class Recall: [0.932,0.950,0.959,0.981,0.990,0.993,0.995,0.994,0.998,0.999]

Epoch: [194][0/391], lr: 0.00000	Loss 0.0525 (0.0525)	Prec@1 99.219 (99.219)	Prec@5 100.000 (100.000)
Epoch: [194][10/391], lr: 0.00000	Loss 0.1002 (0.0725)	Prec@1 98.438 (98.509)	Prec@5 100.000 (99.929)
Epoch: [194][20/391], lr: 0.00000	Loss 0.1345 (0.0806)	Prec@1 93.750 (97.768)	Prec@5 100.000 (99.963)
Epoch: [194][30/391], lr: 0.00000	Loss 0.0548 (0.0770)	Prec@1 98.438 (98.009)	Prec@5 100.000 (99.975)
Epoch: [194][40/391], lr: 0.00000	Loss 0.0835 (0.0789)	Prec@1 96.094 (97.847)	Prec@5 100.000 (99.943)
Epoch: [194][50/391], lr: 0.00000	Loss 0.0566 (0.0791)	Prec@1 99.219 (97.825)	Prec@5 100.000 (99.954)
Epoch: [194][60/391], lr: 0.00000	Loss 0.0670 (0.0766)	Prec@1 96.875 (97.887)	Prec@5 100.000 (99.962)
Epoch: [194][70/391], lr: 0.00000	Loss 0.0956 (0.0769)	Prec@1 96.094 (97.854)	Prec@5 100.000 (99.967)
Epoch: [194][80/391], lr: 0.00000	Loss 0.0433 (0.0776)	Prec@1 99.219 (97.840)	Prec@5 100.000 (99.961)
Epoch: [194][90/391], lr: 0.00000	Loss 0.0517 (0.0785)	Prec@1 98.438 (97.854)	Prec@5 100.000 (99.948)
Epoch: [194][100/391], lr: 0.00000	Loss 0.0680 (0.0776)	Prec@1 97.656 (97.888)	Prec@5 100.000 (99.954)
Epoch: [194][110/391], lr: 0.00000	Loss 0.0507 (0.0776)	Prec@1 99.219 (97.889)	Prec@5 100.000 (99.958)
Epoch: [194][120/391], lr: 0.00000	Loss 0.1079 (0.0776)	Prec@1 96.875 (97.908)	Prec@5 100.000 (99.955)
Epoch: [194][130/391], lr: 0.00000	Loss 0.0700 (0.0770)	Prec@1 97.656 (97.883)	Prec@5 100.000 (99.958)
Epoch: [194][140/391], lr: 0.00000	Loss 0.0701 (0.0776)	Prec@1 96.875 (97.845)	Prec@5 100.000 (99.956)
Epoch: [194][150/391], lr: 0.00000	Loss 0.0349 (0.0772)	Prec@1 99.219 (97.853)	Prec@5 100.000 (99.959)
Epoch: [194][160/391], lr: 0.00000	Loss 0.0450 (0.0768)	Prec@1 99.219 (97.875)	Prec@5 100.000 (99.961)
Epoch: [194][170/391], lr: 0.00000	Loss 0.0411 (0.0763)	Prec@1 98.438 (97.880)	Prec@5 100.000 (99.963)
Epoch: [194][180/391], lr: 0.00000	Loss 0.1096 (0.0761)	Prec@1 95.312 (97.868)	Prec@5 100.000 (99.965)
Epoch: [194][190/391], lr: 0.00000	Loss 0.0431 (0.0758)	Prec@1 99.219 (97.885)	Prec@5 100.000 (99.963)
Epoch: [194][200/391], lr: 0.00000	Loss 0.0894 (0.0759)	Prec@1 97.656 (97.874)	Prec@5 100.000 (99.965)
Epoch: [194][210/391], lr: 0.00000	Loss 0.0465 (0.0755)	Prec@1 100.000 (97.890)	Prec@5 100.000 (99.967)
Epoch: [194][220/391], lr: 0.00000	Loss 0.0527 (0.0750)	Prec@1 98.438 (97.900)	Prec@5 100.000 (99.965)
Epoch: [194][230/391], lr: 0.00000	Loss 0.0470 (0.0752)	Prec@1 99.219 (97.900)	Prec@5 100.000 (99.963)
Epoch: [194][240/391], lr: 0.00000	Loss 0.0599 (0.0745)	Prec@1 98.438 (97.922)	Prec@5 100.000 (99.964)
Epoch: [194][250/391], lr: 0.00000	Loss 0.0404 (0.0751)	Prec@1 100.000 (97.915)	Prec@5 100.000 (99.966)
Epoch: [194][260/391], lr: 0.00000	Loss 0.1070 (0.0757)	Prec@1 96.875 (97.902)	Prec@5 100.000 (99.967)
Epoch: [194][270/391], lr: 0.00000	Loss 0.0638 (0.0757)	Prec@1 97.656 (97.896)	Prec@5 100.000 (99.968)
Epoch: [194][280/391], lr: 0.00000	Loss 0.0820 (0.0752)	Prec@1 96.875 (97.906)	Prec@5 100.000 (99.969)
Epoch: [194][290/391], lr: 0.00000	Loss 0.0667 (0.0748)	Prec@1 99.219 (97.919)	Prec@5 100.000 (99.970)
Epoch: [194][300/391], lr: 0.00000	Loss 0.0497 (0.0748)	Prec@1 99.219 (97.934)	Prec@5 100.000 (99.971)
Epoch: [194][310/391], lr: 0.00000	Loss 0.0350 (0.0752)	Prec@1 99.219 (97.923)	Prec@5 100.000 (99.972)
Epoch: [194][320/391], lr: 0.00000	Loss 0.0604 (0.0749)	Prec@1 96.875 (97.917)	Prec@5 100.000 (99.973)
Epoch: [194][330/391], lr: 0.00000	Loss 0.0745 (0.0750)	Prec@1 98.438 (97.944)	Prec@5 100.000 (99.972)
Epoch: [194][340/391], lr: 0.00000	Loss 0.1210 (0.0750)	Prec@1 96.094 (97.954)	Prec@5 100.000 (99.973)
Epoch: [194][350/391], lr: 0.00000	Loss 0.0832 (0.0751)	Prec@1 96.875 (97.955)	Prec@5 100.000 (99.971)
Epoch: [194][360/391], lr: 0.00000	Loss 0.0984 (0.0753)	Prec@1 96.875 (97.944)	Prec@5 100.000 (99.972)
Epoch: [194][370/391], lr: 0.00000	Loss 0.1118 (0.0756)	Prec@1 96.875 (97.928)	Prec@5 100.000 (99.973)
Epoch: [194][380/391], lr: 0.00000	Loss 0.0856 (0.0761)	Prec@1 96.875 (97.913)	Prec@5 100.000 (99.967)
Epoch: [194][390/391], lr: 0.00000	Loss 0.1060 (0.0762)	Prec@1 96.250 (97.896)	Prec@5 100.000 (99.968)
Epoch [194] Training Results: Prec@1 97.896 Prec@5 99.968             Loss 0.07625
Epoch [194] Training Class Recall: [0.928,0.954,0.960,0.979,0.989,0.993,0.995,0.995,0.997,0.999]

Epoch: [195][0/391], lr: 0.00000	Loss 0.0426 (0.0426)	Prec@1 99.219 (99.219)	Prec@5 100.000 (100.000)
Epoch: [195][10/391], lr: 0.00000	Loss 0.1148 (0.0599)	Prec@1 96.875 (98.580)	Prec@5 100.000 (100.000)
Epoch: [195][20/391], lr: 0.00000	Loss 0.1772 (0.0716)	Prec@1 95.312 (98.103)	Prec@5 100.000 (99.963)
Epoch: [195][30/391], lr: 0.00000	Loss 0.1019 (0.0761)	Prec@1 97.656 (97.908)	Prec@5 100.000 (99.950)
Epoch: [195][40/391], lr: 0.00000	Loss 0.0766 (0.0756)	Prec@1 98.438 (97.866)	Prec@5 100.000 (99.962)
Epoch: [195][50/391], lr: 0.00000	Loss 0.1027 (0.0741)	Prec@1 95.312 (97.825)	Prec@5 100.000 (99.969)
Epoch: [195][60/391], lr: 0.00000	Loss 0.0541 (0.0716)	Prec@1 98.438 (97.912)	Prec@5 100.000 (99.974)
Epoch: [195][70/391], lr: 0.00000	Loss 0.1075 (0.0708)	Prec@1 96.094 (97.920)	Prec@5 100.000 (99.978)
Epoch: [195][80/391], lr: 0.00000	Loss 0.0799 (0.0717)	Prec@1 97.656 (97.907)	Prec@5 100.000 (99.961)
Epoch: [195][90/391], lr: 0.00000	Loss 0.0796 (0.0706)	Prec@1 97.656 (97.965)	Prec@5 100.000 (99.966)
Epoch: [195][100/391], lr: 0.00000	Loss 0.0733 (0.0718)	Prec@1 99.219 (97.919)	Prec@5 100.000 (99.969)
Epoch: [195][110/391], lr: 0.00000	Loss 0.0855 (0.0728)	Prec@1 96.875 (97.903)	Prec@5 100.000 (99.965)
Epoch: [195][120/391], lr: 0.00000	Loss 0.0351 (0.0727)	Prec@1 100.000 (97.940)	Prec@5 100.000 (99.961)
Epoch: [195][130/391], lr: 0.00000	Loss 0.0720 (0.0735)	Prec@1 97.656 (97.919)	Prec@5 100.000 (99.958)
Epoch: [195][140/391], lr: 0.00000	Loss 0.0818 (0.0744)	Prec@1 96.875 (97.911)	Prec@5 100.000 (99.956)
Epoch: [195][150/391], lr: 0.00000	Loss 0.0792 (0.0748)	Prec@1 98.438 (97.930)	Prec@5 100.000 (99.953)
Epoch: [195][160/391], lr: 0.00000	Loss 0.0908 (0.0751)	Prec@1 96.875 (97.952)	Prec@5 100.000 (99.956)
Epoch: [195][170/391], lr: 0.00000	Loss 0.0550 (0.0744)	Prec@1 98.438 (97.981)	Prec@5 100.000 (99.959)
Epoch: [195][180/391], lr: 0.00000	Loss 0.0685 (0.0743)	Prec@1 98.438 (97.967)	Prec@5 100.000 (99.961)
Epoch: [195][190/391], lr: 0.00000	Loss 0.1021 (0.0742)	Prec@1 97.656 (97.975)	Prec@5 100.000 (99.963)
Epoch: [195][200/391], lr: 0.00000	Loss 0.0614 (0.0737)	Prec@1 97.656 (97.987)	Prec@5 100.000 (99.961)
Epoch: [195][210/391], lr: 0.00000	Loss 0.0998 (0.0738)	Prec@1 94.531 (97.975)	Prec@5 100.000 (99.959)
Epoch: [195][220/391], lr: 0.00000	Loss 0.1092 (0.0751)	Prec@1 96.094 (97.928)	Prec@5 100.000 (99.958)
Epoch: [195][230/391], lr: 0.00000	Loss 0.0527 (0.0745)	Prec@1 98.438 (97.964)	Prec@5 100.000 (99.956)
Epoch: [195][240/391], lr: 0.00000	Loss 0.0439 (0.0744)	Prec@1 98.438 (97.974)	Prec@5 100.000 (99.955)
Epoch: [195][250/391], lr: 0.00000	Loss 0.1260 (0.0746)	Prec@1 96.094 (97.955)	Prec@5 100.000 (99.953)
Epoch: [195][260/391], lr: 0.00000	Loss 0.0401 (0.0746)	Prec@1 99.219 (97.950)	Prec@5 100.000 (99.955)
Epoch: [195][270/391], lr: 0.00000	Loss 0.0897 (0.0751)	Prec@1 97.656 (97.933)	Prec@5 100.000 (99.954)
Epoch: [195][280/391], lr: 0.00000	Loss 0.0724 (0.0753)	Prec@1 97.656 (97.934)	Prec@5 100.000 (99.953)
Epoch: [195][290/391], lr: 0.00000	Loss 0.0556 (0.0752)	Prec@1 99.219 (97.944)	Prec@5 100.000 (99.954)
Epoch: [195][300/391], lr: 0.00000	Loss 0.0851 (0.0752)	Prec@1 96.094 (97.937)	Prec@5 100.000 (99.956)
Epoch: [195][310/391], lr: 0.00000	Loss 0.1215 (0.0752)	Prec@1 96.875 (97.935)	Prec@5 100.000 (99.957)
Epoch: [195][320/391], lr: 0.00000	Loss 0.0681 (0.0750)	Prec@1 97.656 (97.934)	Prec@5 100.000 (99.959)
Epoch: [195][330/391], lr: 0.00000	Loss 0.1029 (0.0750)	Prec@1 95.312 (97.935)	Prec@5 100.000 (99.960)
Epoch: [195][340/391], lr: 0.00000	Loss 0.0803 (0.0751)	Prec@1 98.438 (97.933)	Prec@5 100.000 (99.961)
Epoch: [195][350/391], lr: 0.00000	Loss 0.0638 (0.0754)	Prec@1 99.219 (97.928)	Prec@5 100.000 (99.962)
Epoch: [195][360/391], lr: 0.00000	Loss 0.0967 (0.0751)	Prec@1 97.656 (97.938)	Prec@5 100.000 (99.963)
Epoch: [195][370/391], lr: 0.00000	Loss 0.0963 (0.0753)	Prec@1 96.875 (97.922)	Prec@5 100.000 (99.964)
Epoch: [195][380/391], lr: 0.00000	Loss 0.0915 (0.0755)	Prec@1 97.656 (97.917)	Prec@5 100.000 (99.963)
Epoch: [195][390/391], lr: 0.00000	Loss 0.1011 (0.0754)	Prec@1 95.000 (97.928)	Prec@5 100.000 (99.962)
Epoch [195] Training Results: Prec@1 97.928 Prec@5 99.962             Loss 0.07540
Epoch [195] Training Class Recall: [0.931,0.951,0.961,0.981,0.986,0.995,0.996,0.995,0.998,0.998]

Epoch: [196][0/391], lr: 0.00000	Loss 0.1392 (0.1392)	Prec@1 96.875 (96.875)	Prec@5 100.000 (100.000)
Epoch: [196][10/391], lr: 0.00000	Loss 0.0636 (0.0935)	Prec@1 99.219 (97.727)	Prec@5 100.000 (100.000)
Epoch: [196][20/391], lr: 0.00000	Loss 0.0952 (0.0836)	Prec@1 97.656 (97.879)	Prec@5 100.000 (100.000)
Epoch: [196][30/391], lr: 0.00000	Loss 0.0742 (0.0864)	Prec@1 97.656 (97.631)	Prec@5 100.000 (100.000)
Epoch: [196][40/391], lr: 0.00000	Loss 0.0752 (0.0851)	Prec@1 98.438 (97.618)	Prec@5 100.000 (100.000)
Epoch: [196][50/391], lr: 0.00000	Loss 0.0548 (0.0816)	Prec@1 98.438 (97.733)	Prec@5 100.000 (100.000)
Epoch: [196][60/391], lr: 0.00000	Loss 0.0582 (0.0808)	Prec@1 99.219 (97.772)	Prec@5 100.000 (100.000)
Epoch: [196][70/391], lr: 0.00000	Loss 0.1025 (0.0815)	Prec@1 97.656 (97.799)	Prec@5 100.000 (99.989)
Epoch: [196][80/391], lr: 0.00000	Loss 0.1204 (0.0795)	Prec@1 97.656 (97.917)	Prec@5 100.000 (99.990)
Epoch: [196][90/391], lr: 0.00000	Loss 0.0688 (0.0786)	Prec@1 96.875 (97.922)	Prec@5 100.000 (99.983)
Epoch: [196][100/391], lr: 0.00000	Loss 0.0354 (0.0769)	Prec@1 98.438 (98.012)	Prec@5 100.000 (99.977)
Epoch: [196][110/391], lr: 0.00000	Loss 0.0707 (0.0770)	Prec@1 97.656 (97.994)	Prec@5 100.000 (99.972)
Epoch: [196][120/391], lr: 0.00000	Loss 0.0884 (0.0756)	Prec@1 97.656 (98.018)	Prec@5 100.000 (99.974)
Epoch: [196][130/391], lr: 0.00000	Loss 0.1742 (0.0765)	Prec@1 95.312 (98.020)	Prec@5 99.219 (99.958)
Epoch: [196][140/391], lr: 0.00000	Loss 0.1409 (0.0769)	Prec@1 96.094 (98.011)	Prec@5 99.219 (99.956)
Epoch: [196][150/391], lr: 0.00000	Loss 0.0812 (0.0764)	Prec@1 97.656 (98.003)	Prec@5 100.000 (99.959)
Epoch: [196][160/391], lr: 0.00000	Loss 0.1137 (0.0770)	Prec@1 96.875 (97.981)	Prec@5 100.000 (99.961)
Epoch: [196][170/391], lr: 0.00000	Loss 0.0363 (0.0771)	Prec@1 100.000 (97.990)	Prec@5 100.000 (99.959)
Epoch: [196][180/391], lr: 0.00000	Loss 0.1383 (0.0771)	Prec@1 96.875 (98.006)	Prec@5 100.000 (99.961)
Epoch: [196][190/391], lr: 0.00000	Loss 0.0576 (0.0776)	Prec@1 97.656 (97.963)	Prec@5 100.000 (99.963)
Epoch: [196][200/391], lr: 0.00000	Loss 0.1350 (0.0773)	Prec@1 95.312 (97.971)	Prec@5 100.000 (99.965)
Epoch: [196][210/391], lr: 0.00000	Loss 0.1033 (0.0780)	Prec@1 96.094 (97.927)	Prec@5 100.000 (99.967)
Epoch: [196][220/391], lr: 0.00000	Loss 0.0913 (0.0783)	Prec@1 97.656 (97.911)	Prec@5 100.000 (99.968)
Epoch: [196][230/391], lr: 0.00000	Loss 0.0719 (0.0776)	Prec@1 97.656 (97.934)	Prec@5 100.000 (99.970)
Epoch: [196][240/391], lr: 0.00000	Loss 0.0668 (0.0776)	Prec@1 97.656 (97.932)	Prec@5 100.000 (99.971)
Epoch: [196][250/391], lr: 0.00000	Loss 0.0805 (0.0778)	Prec@1 97.656 (97.939)	Prec@5 100.000 (99.972)
Epoch: [196][260/391], lr: 0.00000	Loss 0.0655 (0.0769)	Prec@1 97.656 (97.965)	Prec@5 100.000 (99.973)
Epoch: [196][270/391], lr: 0.00000	Loss 0.0468 (0.0764)	Prec@1 99.219 (97.985)	Prec@5 100.000 (99.974)
Epoch: [196][280/391], lr: 0.00000	Loss 0.0970 (0.0760)	Prec@1 97.656 (98.001)	Prec@5 100.000 (99.975)
Epoch: [196][290/391], lr: 0.00000	Loss 0.1036 (0.0762)	Prec@1 98.438 (98.000)	Prec@5 99.219 (99.973)
Epoch: [196][300/391], lr: 0.00000	Loss 0.0757 (0.0765)	Prec@1 97.656 (97.983)	Prec@5 100.000 (99.964)
Epoch: [196][310/391], lr: 0.00000	Loss 0.0551 (0.0758)	Prec@1 97.656 (98.010)	Prec@5 100.000 (99.965)
Epoch: [196][320/391], lr: 0.00000	Loss 0.0676 (0.0754)	Prec@1 97.656 (98.019)	Prec@5 100.000 (99.966)
Epoch: [196][330/391], lr: 0.00000	Loss 0.0419 (0.0750)	Prec@1 99.219 (98.034)	Prec@5 100.000 (99.967)
Epoch: [196][340/391], lr: 0.00000	Loss 0.1068 (0.0752)	Prec@1 97.656 (98.034)	Prec@5 100.000 (99.966)
Epoch: [196][350/391], lr: 0.00000	Loss 0.0243 (0.0749)	Prec@1 100.000 (98.041)	Prec@5 100.000 (99.967)
Epoch: [196][360/391], lr: 0.00000	Loss 0.0627 (0.0751)	Prec@1 98.438 (98.035)	Prec@5 100.000 (99.968)
Epoch: [196][370/391], lr: 0.00000	Loss 0.0836 (0.0749)	Prec@1 97.656 (98.042)	Prec@5 100.000 (99.968)
Epoch: [196][380/391], lr: 0.00000	Loss 0.0596 (0.0750)	Prec@1 98.438 (98.038)	Prec@5 100.000 (99.969)
Epoch: [196][390/391], lr: 0.00000	Loss 0.0481 (0.0751)	Prec@1 98.750 (98.028)	Prec@5 100.000 (99.968)
Epoch [196] Training Results: Prec@1 98.028 Prec@5 99.968             Loss 0.07509
Epoch [196] Training Class Recall: [0.936,0.951,0.965,0.981,0.988,0.994,0.995,0.996,0.998,0.999]

Epoch: [197][0/391], lr: 0.00000	Loss 0.0575 (0.0575)	Prec@1 99.219 (99.219)	Prec@5 100.000 (100.000)
Epoch: [197][10/391], lr: 0.00000	Loss 0.0404 (0.0677)	Prec@1 99.219 (98.366)	Prec@5 100.000 (100.000)
Epoch: [197][20/391], lr: 0.00000	Loss 0.0697 (0.0689)	Prec@1 99.219 (98.400)	Prec@5 100.000 (100.000)
Epoch: [197][30/391], lr: 0.00000	Loss 0.0344 (0.0722)	Prec@1 99.219 (98.261)	Prec@5 100.000 (100.000)
Epoch: [197][40/391], lr: 0.00000	Loss 0.1161 (0.0725)	Prec@1 96.094 (98.171)	Prec@5 100.000 (100.000)
Epoch: [197][50/391], lr: 0.00000	Loss 0.0427 (0.0716)	Prec@1 99.219 (98.223)	Prec@5 100.000 (100.000)
Epoch: [197][60/391], lr: 0.00000	Loss 0.0709 (0.0716)	Prec@1 99.219 (98.245)	Prec@5 100.000 (99.987)
Epoch: [197][70/391], lr: 0.00000	Loss 0.1748 (0.0745)	Prec@1 93.750 (98.151)	Prec@5 99.219 (99.956)
Epoch: [197][80/391], lr: 0.00000	Loss 0.0538 (0.0755)	Prec@1 100.000 (98.090)	Prec@5 100.000 (99.952)
Epoch: [197][90/391], lr: 0.00000	Loss 0.0356 (0.0737)	Prec@1 99.219 (98.189)	Prec@5 100.000 (99.940)
Epoch: [197][100/391], lr: 0.00000	Loss 0.0690 (0.0751)	Prec@1 98.438 (98.120)	Prec@5 100.000 (99.946)
Epoch: [197][110/391], lr: 0.00000	Loss 0.0398 (0.0745)	Prec@1 100.000 (98.114)	Prec@5 100.000 (99.951)
Epoch: [197][120/391], lr: 0.00000	Loss 0.1121 (0.0760)	Prec@1 95.312 (98.057)	Prec@5 100.000 (99.955)
Epoch: [197][130/391], lr: 0.00000	Loss 0.0508 (0.0745)	Prec@1 100.000 (98.127)	Prec@5 100.000 (99.958)
Epoch: [197][140/391], lr: 0.00000	Loss 0.1161 (0.0757)	Prec@1 97.656 (98.072)	Prec@5 100.000 (99.956)
Epoch: [197][150/391], lr: 0.00000	Loss 0.1081 (0.0757)	Prec@1 96.875 (98.070)	Prec@5 100.000 (99.959)
Epoch: [197][160/391], lr: 0.00000	Loss 0.0818 (0.0757)	Prec@1 97.656 (98.078)	Prec@5 100.000 (99.961)
Epoch: [197][170/391], lr: 0.00000	Loss 0.1210 (0.0753)	Prec@1 96.875 (98.072)	Prec@5 100.000 (99.963)
Epoch: [197][180/391], lr: 0.00000	Loss 0.0852 (0.0757)	Prec@1 96.875 (98.062)	Prec@5 100.000 (99.965)
Epoch: [197][190/391], lr: 0.00000	Loss 0.1173 (0.0757)	Prec@1 97.656 (98.065)	Prec@5 100.000 (99.959)
Epoch: [197][200/391], lr: 0.00000	Loss 0.0505 (0.0752)	Prec@1 100.000 (98.084)	Prec@5 100.000 (99.957)
Epoch: [197][210/391], lr: 0.00000	Loss 0.0602 (0.0756)	Prec@1 99.219 (98.067)	Prec@5 100.000 (99.956)
Epoch: [197][220/391], lr: 0.00000	Loss 0.0658 (0.0754)	Prec@1 99.219 (98.066)	Prec@5 100.000 (99.958)
Epoch: [197][230/391], lr: 0.00000	Loss 0.1103 (0.0754)	Prec@1 96.875 (98.069)	Prec@5 100.000 (99.959)
Epoch: [197][240/391], lr: 0.00000	Loss 0.0620 (0.0757)	Prec@1 97.656 (98.042)	Prec@5 100.000 (99.958)
Epoch: [197][250/391], lr: 0.00000	Loss 0.1021 (0.0761)	Prec@1 96.875 (98.027)	Prec@5 100.000 (99.960)
Epoch: [197][260/391], lr: 0.00000	Loss 0.0760 (0.0759)	Prec@1 99.219 (98.039)	Prec@5 100.000 (99.961)
Epoch: [197][270/391], lr: 0.00000	Loss 0.0335 (0.0756)	Prec@1 99.219 (98.028)	Prec@5 100.000 (99.960)
Epoch: [197][280/391], lr: 0.00000	Loss 0.0602 (0.0754)	Prec@1 99.219 (98.048)	Prec@5 100.000 (99.958)
Epoch: [197][290/391], lr: 0.00000	Loss 0.0625 (0.0752)	Prec@1 99.219 (98.056)	Prec@5 100.000 (99.960)
Epoch: [197][300/391], lr: 0.00000	Loss 0.1558 (0.0752)	Prec@1 95.312 (98.043)	Prec@5 100.000 (99.961)
Epoch: [197][310/391], lr: 0.00000	Loss 0.0360 (0.0753)	Prec@1 98.438 (98.033)	Prec@5 100.000 (99.962)
Epoch: [197][320/391], lr: 0.00000	Loss 0.0703 (0.0752)	Prec@1 98.438 (98.031)	Prec@5 100.000 (99.963)
Epoch: [197][330/391], lr: 0.00000	Loss 0.0704 (0.0753)	Prec@1 99.219 (98.034)	Prec@5 100.000 (99.962)
Epoch: [197][340/391], lr: 0.00000	Loss 0.0889 (0.0753)	Prec@1 96.094 (98.027)	Prec@5 100.000 (99.963)
Epoch: [197][350/391], lr: 0.00000	Loss 0.0786 (0.0751)	Prec@1 97.656 (98.032)	Prec@5 100.000 (99.964)
Epoch: [197][360/391], lr: 0.00000	Loss 0.0564 (0.0747)	Prec@1 97.656 (98.050)	Prec@5 100.000 (99.965)
Epoch: [197][370/391], lr: 0.00000	Loss 0.1369 (0.0749)	Prec@1 96.094 (98.044)	Prec@5 100.000 (99.966)
Epoch: [197][380/391], lr: 0.00000	Loss 0.0684 (0.0748)	Prec@1 98.438 (98.038)	Prec@5 100.000 (99.967)
Epoch: [197][390/391], lr: 0.00000	Loss 0.0731 (0.0748)	Prec@1 98.750 (98.040)	Prec@5 100.000 (99.968)
Epoch [197] Training Results: Prec@1 98.040 Prec@5 99.968             Loss 0.07479
Epoch [197] Training Class Recall: [0.932,0.955,0.961,0.985,0.988,0.995,0.996,0.996,0.998,0.998]

Epoch: [198][0/391], lr: 0.00000	Loss 0.0971 (0.0971)	Prec@1 97.656 (97.656)	Prec@5 100.000 (100.000)
Epoch: [198][10/391], lr: 0.00000	Loss 0.0719 (0.0793)	Prec@1 97.656 (97.798)	Prec@5 100.000 (100.000)
Epoch: [198][20/391], lr: 0.00000	Loss 0.1170 (0.0869)	Prec@1 98.438 (97.582)	Prec@5 100.000 (99.963)
Epoch: [198][30/391], lr: 0.00000	Loss 0.0501 (0.0811)	Prec@1 97.656 (97.782)	Prec@5 100.000 (99.975)
Epoch: [198][40/391], lr: 0.00000	Loss 0.0522 (0.0800)	Prec@1 98.438 (97.790)	Prec@5 100.000 (99.981)
Epoch: [198][50/391], lr: 0.00000	Loss 0.0893 (0.0804)	Prec@1 98.438 (97.794)	Prec@5 100.000 (99.969)
Epoch: [198][60/391], lr: 0.00000	Loss 0.0718 (0.0801)	Prec@1 97.656 (97.746)	Prec@5 100.000 (99.974)
Epoch: [198][70/391], lr: 0.00000	Loss 0.0853 (0.0802)	Prec@1 96.875 (97.722)	Prec@5 100.000 (99.978)
Epoch: [198][80/391], lr: 0.00000	Loss 0.0825 (0.0826)	Prec@1 97.656 (97.637)	Prec@5 100.000 (99.981)
Epoch: [198][90/391], lr: 0.00000	Loss 0.1143 (0.0815)	Prec@1 96.094 (97.682)	Prec@5 100.000 (99.983)
Epoch: [198][100/391], lr: 0.00000	Loss 0.1103 (0.0823)	Prec@1 96.094 (97.649)	Prec@5 100.000 (99.969)
Epoch: [198][110/391], lr: 0.00000	Loss 0.1682 (0.0848)	Prec@1 96.094 (97.586)	Prec@5 100.000 (99.972)
Epoch: [198][120/391], lr: 0.00000	Loss 0.0768 (0.0847)	Prec@1 98.438 (97.592)	Prec@5 100.000 (99.974)
Epoch: [198][130/391], lr: 0.00000	Loss 0.0387 (0.0848)	Prec@1 99.219 (97.573)	Prec@5 100.000 (99.976)
Epoch: [198][140/391], lr: 0.00000	Loss 0.0463 (0.0853)	Prec@1 99.219 (97.529)	Prec@5 100.000 (99.978)
Epoch: [198][150/391], lr: 0.00000	Loss 0.0524 (0.0845)	Prec@1 99.219 (97.563)	Prec@5 100.000 (99.974)
Epoch: [198][160/391], lr: 0.00000	Loss 0.0482 (0.0833)	Prec@1 99.219 (97.627)	Prec@5 100.000 (99.976)
Epoch: [198][170/391], lr: 0.00000	Loss 0.0709 (0.0815)	Prec@1 97.656 (97.688)	Prec@5 100.000 (99.977)
Epoch: [198][180/391], lr: 0.00000	Loss 0.0748 (0.0812)	Prec@1 98.438 (97.712)	Prec@5 100.000 (99.978)
Epoch: [198][190/391], lr: 0.00000	Loss 0.0676 (0.0811)	Prec@1 98.438 (97.714)	Prec@5 100.000 (99.980)
Epoch: [198][200/391], lr: 0.00000	Loss 0.1125 (0.0806)	Prec@1 96.875 (97.730)	Prec@5 100.000 (99.981)
Epoch: [198][210/391], lr: 0.00000	Loss 0.0521 (0.0811)	Prec@1 98.438 (97.734)	Prec@5 100.000 (99.978)
Epoch: [198][220/391], lr: 0.00000	Loss 0.1279 (0.0810)	Prec@1 95.312 (97.730)	Prec@5 100.000 (99.979)
Epoch: [198][230/391], lr: 0.00000	Loss 0.0432 (0.0803)	Prec@1 100.000 (97.761)	Prec@5 100.000 (99.980)
Epoch: [198][240/391], lr: 0.00000	Loss 0.0850 (0.0813)	Prec@1 96.875 (97.747)	Prec@5 100.000 (99.974)
Epoch: [198][250/391], lr: 0.00000	Loss 0.0812 (0.0812)	Prec@1 98.438 (97.753)	Prec@5 100.000 (99.969)
Epoch: [198][260/391], lr: 0.00000	Loss 0.0854 (0.0816)	Prec@1 98.438 (97.749)	Prec@5 100.000 (99.970)
Epoch: [198][270/391], lr: 0.00000	Loss 0.0676 (0.0812)	Prec@1 98.438 (97.757)	Prec@5 100.000 (99.971)
Epoch: [198][280/391], lr: 0.00000	Loss 0.0513 (0.0809)	Prec@1 99.219 (97.765)	Prec@5 100.000 (99.972)
Epoch: [198][290/391], lr: 0.00000	Loss 0.0776 (0.0805)	Prec@1 97.656 (97.780)	Prec@5 100.000 (99.973)
Epoch: [198][300/391], lr: 0.00000	Loss 0.0883 (0.0802)	Prec@1 96.875 (97.786)	Prec@5 100.000 (99.974)
Epoch: [198][310/391], lr: 0.00000	Loss 0.0588 (0.0797)	Prec@1 99.219 (97.812)	Prec@5 100.000 (99.975)
Epoch: [198][320/391], lr: 0.00000	Loss 0.0442 (0.0792)	Prec@1 98.438 (97.822)	Prec@5 100.000 (99.976)
Epoch: [198][330/391], lr: 0.00000	Loss 0.0411 (0.0786)	Prec@1 99.219 (97.838)	Prec@5 100.000 (99.976)
Epoch: [198][340/391], lr: 0.00000	Loss 0.0625 (0.0787)	Prec@1 98.438 (97.840)	Prec@5 100.000 (99.977)
Epoch: [198][350/391], lr: 0.00000	Loss 0.0629 (0.0788)	Prec@1 97.656 (97.837)	Prec@5 100.000 (99.978)
Epoch: [198][360/391], lr: 0.00000	Loss 0.0532 (0.0785)	Prec@1 99.219 (97.842)	Prec@5 100.000 (99.978)
Epoch: [198][370/391], lr: 0.00000	Loss 0.0720 (0.0783)	Prec@1 97.656 (97.848)	Prec@5 100.000 (99.977)
Epoch: [198][380/391], lr: 0.00000	Loss 0.0714 (0.0781)	Prec@1 98.438 (97.863)	Prec@5 100.000 (99.977)
Epoch: [198][390/391], lr: 0.00000	Loss 0.1057 (0.0781)	Prec@1 97.500 (97.866)	Prec@5 100.000 (99.976)
Epoch [198] Training Results: Prec@1 97.866 Prec@5 99.976             Loss 0.07814
Epoch [198] Training Class Recall: [0.930,0.950,0.959,0.977,0.989,0.996,0.995,0.997,0.997,0.999]

Epoch: [199][0/391], lr: 0.00000	Loss 0.0457 (0.0457)	Prec@1 98.438 (98.438)	Prec@5 100.000 (100.000)
Epoch: [199][10/391], lr: 0.00000	Loss 0.1477 (0.0772)	Prec@1 96.094 (97.798)	Prec@5 100.000 (99.929)
Epoch: [199][20/391], lr: 0.00000	Loss 0.0526 (0.0811)	Prec@1 99.219 (97.731)	Prec@5 100.000 (99.926)
Epoch: [199][30/391], lr: 0.00000	Loss 0.0667 (0.0794)	Prec@1 97.656 (97.681)	Prec@5 100.000 (99.950)
Epoch: [199][40/391], lr: 0.00000	Loss 0.1238 (0.0792)	Prec@1 97.656 (97.790)	Prec@5 100.000 (99.943)
Epoch: [199][50/391], lr: 0.00000	Loss 0.1317 (0.0783)	Prec@1 95.312 (97.763)	Prec@5 100.000 (99.939)
Epoch: [199][60/391], lr: 0.00000	Loss 0.0732 (0.0779)	Prec@1 99.219 (97.861)	Prec@5 100.000 (99.949)
Epoch: [199][70/391], lr: 0.00000	Loss 0.0412 (0.0759)	Prec@1 99.219 (97.931)	Prec@5 100.000 (99.956)
Epoch: [199][80/391], lr: 0.00000	Loss 0.1302 (0.0778)	Prec@1 98.438 (97.917)	Prec@5 99.219 (99.942)
Epoch: [199][90/391], lr: 0.00000	Loss 0.0604 (0.0758)	Prec@1 98.438 (98.000)	Prec@5 100.000 (99.940)
Epoch: [199][100/391], lr: 0.00000	Loss 0.1281 (0.0758)	Prec@1 96.094 (97.958)	Prec@5 100.000 (99.946)
Epoch: [199][110/391], lr: 0.00000	Loss 0.0698 (0.0753)	Prec@1 97.656 (97.980)	Prec@5 100.000 (99.951)
Epoch: [199][120/391], lr: 0.00000	Loss 0.0942 (0.0753)	Prec@1 97.656 (97.960)	Prec@5 100.000 (99.955)
Epoch: [199][130/391], lr: 0.00000	Loss 0.1187 (0.0750)	Prec@1 97.656 (97.948)	Prec@5 100.000 (99.958)
Epoch: [199][140/391], lr: 0.00000	Loss 0.0613 (0.0741)	Prec@1 99.219 (98.000)	Prec@5 100.000 (99.961)
Epoch: [199][150/391], lr: 0.00000	Loss 0.0534 (0.0741)	Prec@1 99.219 (97.987)	Prec@5 100.000 (99.964)
Epoch: [199][160/391], lr: 0.00000	Loss 0.0459 (0.0748)	Prec@1 99.219 (97.972)	Prec@5 100.000 (99.961)
Epoch: [199][170/391], lr: 0.00000	Loss 0.0573 (0.0745)	Prec@1 100.000 (98.008)	Prec@5 100.000 (99.963)
Epoch: [199][180/391], lr: 0.00000	Loss 0.0825 (0.0745)	Prec@1 96.875 (98.015)	Prec@5 100.000 (99.965)
Epoch: [199][190/391], lr: 0.00000	Loss 0.0447 (0.0739)	Prec@1 98.438 (98.024)	Prec@5 100.000 (99.967)
Epoch: [199][200/391], lr: 0.00000	Loss 0.0832 (0.0745)	Prec@1 96.875 (97.983)	Prec@5 100.000 (99.969)
Epoch: [199][210/391], lr: 0.00000	Loss 0.0527 (0.0740)	Prec@1 98.438 (97.997)	Prec@5 100.000 (99.970)
Epoch: [199][220/391], lr: 0.00000	Loss 0.0351 (0.0735)	Prec@1 100.000 (98.020)	Prec@5 100.000 (99.968)
Epoch: [199][230/391], lr: 0.00000	Loss 0.0507 (0.0733)	Prec@1 99.219 (98.015)	Prec@5 100.000 (99.970)
Epoch: [199][240/391], lr: 0.00000	Loss 0.0789 (0.0728)	Prec@1 98.438 (98.049)	Prec@5 100.000 (99.971)
Epoch: [199][250/391], lr: 0.00000	Loss 0.0799 (0.0730)	Prec@1 98.438 (98.039)	Prec@5 100.000 (99.972)
Epoch: [199][260/391], lr: 0.00000	Loss 0.1075 (0.0734)	Prec@1 96.094 (98.027)	Prec@5 100.000 (99.973)
Epoch: [199][270/391], lr: 0.00000	Loss 0.0923 (0.0736)	Prec@1 98.438 (98.022)	Prec@5 100.000 (99.974)
Epoch: [199][280/391], lr: 0.00000	Loss 0.0893 (0.0738)	Prec@1 96.875 (98.001)	Prec@5 100.000 (99.975)
Epoch: [199][290/391], lr: 0.00000	Loss 0.0845 (0.0742)	Prec@1 96.875 (98.003)	Prec@5 100.000 (99.976)
Epoch: [199][300/391], lr: 0.00000	Loss 0.0955 (0.0744)	Prec@1 98.438 (97.991)	Prec@5 100.000 (99.977)
Epoch: [199][310/391], lr: 0.00000	Loss 0.1263 (0.0747)	Prec@1 94.531 (97.978)	Prec@5 100.000 (99.977)
Epoch: [199][320/391], lr: 0.00000	Loss 0.0525 (0.0746)	Prec@1 98.438 (97.978)	Prec@5 100.000 (99.978)
Epoch: [199][330/391], lr: 0.00000	Loss 0.0548 (0.0742)	Prec@1 99.219 (97.996)	Prec@5 100.000 (99.979)
Epoch: [199][340/391], lr: 0.00000	Loss 0.0349 (0.0741)	Prec@1 98.438 (98.009)	Prec@5 100.000 (99.977)
Epoch: [199][350/391], lr: 0.00000	Loss 0.0547 (0.0739)	Prec@1 99.219 (98.021)	Prec@5 100.000 (99.976)
Epoch: [199][360/391], lr: 0.00000	Loss 0.0705 (0.0741)	Prec@1 96.875 (98.009)	Prec@5 100.000 (99.976)
Epoch: [199][370/391], lr: 0.00000	Loss 0.0744 (0.0744)	Prec@1 99.219 (98.010)	Prec@5 100.000 (99.973)
Epoch: [199][380/391], lr: 0.00000	Loss 0.0392 (0.0742)	Prec@1 100.000 (98.019)	Prec@5 100.000 (99.971)
Epoch: [199][390/391], lr: 0.00000	Loss 0.0997 (0.0740)	Prec@1 97.500 (98.028)	Prec@5 100.000 (99.972)
Epoch [199] Training Results: Prec@1 98.028 Prec@5 99.972             Loss 0.07403
Epoch [199] Training Class Recall: [0.937,0.951,0.964,0.981,0.990,0.992,0.997,0.994,0.998,0.998]

