Epoch: [0][0/40], lr: 0.00200	Loss 2.8728 (2.8728)	Prec@1 6.250 (6.250)	Prec@5 50.000 (50.000)
Epoch: [0][10/40], lr: 0.00200	Loss 2.3916 (2.4528)	Prec@1 22.656 (20.455)	Prec@5 66.406 (66.264)
Epoch: [0][20/40], lr: 0.00200	Loss 1.8784 (2.1132)	Prec@1 35.938 (29.018)	Prec@5 88.281 (75.744)
Epoch: [0][30/40], lr: 0.00200	Loss 1.3997 (1.9116)	Prec@1 48.438 (35.257)	Prec@5 91.406 (79.788)
Epoch [0] Training Results: Prec@1 39.000 Prec@5 82.140             Loss 1.79474
Epoch [0] Training Class Recall: [0.683,0.009,0.004,0.009,0.102,0.475,0.657,0.136,0.239,0.503]

Epoch: [1][0/40], lr: 0.00400	Loss 1.4524 (1.4524)	Prec@1 50.781 (50.781)	Prec@5 91.406 (91.406)
Epoch: [1][10/40], lr: 0.00400	Loss 1.3304 (1.4790)	Prec@1 56.250 (50.213)	Prec@5 91.406 (88.778)
Epoch: [1][20/40], lr: 0.00400	Loss 1.2183 (1.3839)	Prec@1 59.375 (53.571)	Prec@5 88.281 (90.588)
Epoch: [1][30/40], lr: 0.00400	Loss 1.0423 (1.2894)	Prec@1 66.406 (56.250)	Prec@5 97.656 (92.061)
Epoch [1] Training Results: Prec@1 58.280 Prec@5 92.860             Loss 1.22091
Epoch [1] Training Class Recall: [0.866,0.190,0.026,0.119,0.131,0.601,0.760,0.413,0.726,0.746]

Epoch: [2][0/40], lr: 0.00600	Loss 0.8911 (0.8911)	Prec@1 70.312 (70.312)	Prec@5 96.094 (96.094)
Epoch: [2][10/40], lr: 0.00600	Loss 1.5245 (1.1689)	Prec@1 48.438 (60.511)	Prec@5 88.281 (94.176)
Epoch: [2][20/40], lr: 0.00600	Loss 0.7460 (1.1305)	Prec@1 71.094 (62.202)	Prec@5 100.000 (94.271)
Epoch: [2][30/40], lr: 0.00600	Loss 1.0091 (1.0585)	Prec@1 67.969 (64.793)	Prec@5 96.875 (94.884)
Epoch [2] Training Results: Prec@1 66.240 Prec@5 95.080             Loss 1.01789
Epoch [2] Training Class Recall: [0.874,0.285,0.095,0.158,0.210,0.667,0.826,0.646,0.857,0.830]

Epoch: [3][0/40], lr: 0.00800	Loss 1.8401 (1.8401)	Prec@1 48.438 (48.438)	Prec@5 95.312 (95.312)
Epoch: [3][10/40], lr: 0.00800	Loss 1.2109 (1.7213)	Prec@1 57.031 (51.918)	Prec@5 94.531 (88.920)
Epoch: [3][20/40], lr: 0.00800	Loss 1.0317 (1.4762)	Prec@1 68.750 (55.878)	Prec@5 94.531 (91.629)
Epoch: [3][30/40], lr: 0.00800	Loss 1.0722 (1.3286)	Prec@1 64.062 (59.627)	Prec@5 95.312 (92.843)
Epoch [3] Training Results: Prec@1 62.060 Prec@5 93.540             Loss 1.23540
Epoch [3] Training Class Recall: [0.844,0.281,0.043,0.170,0.207,0.665,0.767,0.590,0.678,0.805]

Epoch: [4][0/40], lr: 0.01000	Loss 0.9251 (0.9251)	Prec@1 71.094 (71.094)	Prec@5 94.531 (94.531)
Epoch: [4][10/40], lr: 0.01000	Loss 0.7082 (0.8926)	Prec@1 77.344 (70.952)	Prec@5 97.656 (96.875)
Epoch: [4][20/40], lr: 0.01000	Loss 0.5695 (0.8401)	Prec@1 79.688 (71.689)	Prec@5 97.656 (97.173)
Epoch: [4][30/40], lr: 0.01000	Loss 0.6020 (0.7868)	Prec@1 81.250 (73.690)	Prec@5 97.656 (97.555)
Epoch [4] Training Results: Prec@1 74.860 Prec@5 97.680             Loss 0.75928
Epoch [4] Training Class Recall: [0.902,0.475,0.091,0.274,0.354,0.741,0.817,0.812,0.972,0.967]

Epoch: [5][0/40], lr: 0.01000	Loss 0.7577 (0.7577)	Prec@1 75.781 (75.781)	Prec@5 98.438 (98.438)
Epoch: [5][10/40], lr: 0.01000	Loss 0.9792 (0.9652)	Prec@1 72.656 (70.099)	Prec@5 92.969 (95.099)
Epoch: [5][20/40], lr: 0.01000	Loss 0.7825 (0.8976)	Prec@1 73.438 (71.168)	Prec@5 97.656 (96.057)
Epoch: [5][30/40], lr: 0.01000	Loss 0.4894 (0.8279)	Prec@1 85.156 (72.883)	Prec@5 99.219 (96.774)
Epoch [5] Training Results: Prec@1 74.960 Prec@5 97.180             Loss 0.76589
Epoch [5] Training Class Recall: [0.880,0.471,0.125,0.241,0.289,0.749,0.864,0.875,0.970,0.955]

Epoch: [6][0/40], lr: 0.01000	Loss 0.5567 (0.5567)	Prec@1 81.250 (81.250)	Prec@5 100.000 (100.000)
Epoch: [6][10/40], lr: 0.01000	Loss 0.4100 (0.5684)	Prec@1 88.281 (80.611)	Prec@5 100.000 (99.361)
Epoch: [6][20/40], lr: 0.01000	Loss 0.4488 (0.5288)	Prec@1 85.156 (81.362)	Prec@5 100.000 (99.516)
Epoch: [6][30/40], lr: 0.01000	Loss 0.3325 (0.4867)	Prec@1 88.281 (82.939)	Prec@5 100.000 (99.546)
Epoch [6] Training Results: Prec@1 83.680 Prec@5 99.580             Loss 0.45909
Epoch [6] Training Class Recall: [0.935,0.724,0.220,0.405,0.538,0.820,0.944,0.957,0.998,0.995]

Epoch: [7][0/40], lr: 0.01000	Loss 0.5013 (0.5013)	Prec@1 82.031 (82.031)	Prec@5 99.219 (99.219)
Epoch: [7][10/40], lr: 0.01000	Loss 0.3892 (0.6159)	Prec@1 85.156 (79.190)	Prec@5 99.219 (98.509)
Epoch: [7][20/40], lr: 0.01000	Loss 0.5608 (0.5903)	Prec@1 78.906 (80.022)	Prec@5 99.219 (99.033)
Epoch: [7][30/40], lr: 0.01000	Loss 0.4493 (0.5735)	Prec@1 83.594 (80.393)	Prec@5 100.000 (99.068)
Epoch [7] Training Results: Prec@1 81.440 Prec@5 99.080             Loss 0.54448
Epoch [7] Training Class Recall: [0.913,0.656,0.250,0.426,0.505,0.847,0.906,0.898,0.932,0.976]

Epoch: [8][0/40], lr: 0.01000	Loss 0.5086 (0.5086)	Prec@1 84.375 (84.375)	Prec@5 98.438 (98.438)
Epoch: [8][10/40], lr: 0.01000	Loss 0.4438 (0.3868)	Prec@1 85.938 (86.506)	Prec@5 99.219 (99.645)
Epoch: [8][20/40], lr: 0.01000	Loss 0.2322 (0.3511)	Prec@1 89.844 (87.835)	Prec@5 100.000 (99.777)
Epoch: [8][30/40], lr: 0.01000	Loss 0.2273 (0.3375)	Prec@1 92.188 (87.928)	Prec@5 100.000 (99.824)
Epoch [8] Training Results: Prec@1 88.300 Prec@5 99.840             Loss 0.33230
Epoch [8] Training Class Recall: [0.937,0.756,0.319,0.542,0.734,0.915,0.970,0.991,0.998,0.999]

Epoch: [9][0/40], lr: 0.01000	Loss 0.2508 (0.2508)	Prec@1 89.062 (89.062)	Prec@5 100.000 (100.000)
Epoch: [9][10/40], lr: 0.01000	Loss 0.2167 (0.3862)	Prec@1 92.969 (87.145)	Prec@5 100.000 (99.858)
Epoch: [9][20/40], lr: 0.01000	Loss 0.2740 (0.3506)	Prec@1 90.625 (88.207)	Prec@5 100.000 (99.814)
Epoch: [9][30/40], lr: 0.01000	Loss 0.2291 (0.3306)	Prec@1 92.969 (88.634)	Prec@5 100.000 (99.824)
Epoch [9] Training Results: Prec@1 88.780 Prec@5 99.820             Loss 0.31978
Epoch [9] Training Class Recall: [0.941,0.801,0.310,0.658,0.669,0.923,0.970,0.968,0.998,0.997]

Epoch: [10][0/40], lr: 0.01000	Loss 0.4806 (0.4806)	Prec@1 84.375 (84.375)	Prec@5 99.219 (99.219)
Epoch: [10][10/40], lr: 0.01000	Loss 0.3718 (0.6976)	Prec@1 87.500 (78.764)	Prec@5 100.000 (99.290)
Epoch: [10][20/40], lr: 0.01000	Loss 0.5577 (0.5845)	Prec@1 83.594 (81.138)	Prec@5 98.438 (99.368)
Epoch: [10][30/40], lr: 0.01000	Loss 0.4614 (0.5435)	Prec@1 86.719 (82.434)	Prec@5 100.000 (99.370)
Epoch [10] Training Results: Prec@1 83.800 Prec@5 99.460             Loss 0.49799
Epoch [10] Training Class Recall: [0.882,0.715,0.328,0.518,0.692,0.829,0.885,0.942,0.982,0.987]

Epoch: [11][0/40], lr: 0.01000	Loss 0.3389 (0.3389)	Prec@1 88.281 (88.281)	Prec@5 100.000 (100.000)
Epoch: [11][10/40], lr: 0.01000	Loss 0.2366 (0.2873)	Prec@1 88.281 (88.636)	Prec@5 100.000 (100.000)
Epoch: [11][20/40], lr: 0.01000	Loss 0.1569 (0.2542)	Prec@1 94.531 (90.699)	Prec@5 100.000 (100.000)
Epoch: [11][30/40], lr: 0.01000	Loss 0.2051 (0.2328)	Prec@1 90.625 (91.683)	Prec@5 99.219 (99.924)
Epoch [11] Training Results: Prec@1 92.200 Prec@5 99.920             Loss 0.22048
Epoch [11] Training Class Recall: [0.954,0.828,0.483,0.726,0.836,0.955,0.983,0.991,1.000,0.997]

Epoch: [12][0/40], lr: 0.01000	Loss 0.4390 (0.4390)	Prec@1 85.938 (85.938)	Prec@5 100.000 (100.000)
Epoch: [12][10/40], lr: 0.01000	Loss 0.7913 (0.7480)	Prec@1 80.469 (80.398)	Prec@5 99.219 (98.438)
Epoch: [12][20/40], lr: 0.01000	Loss 0.2923 (0.6178)	Prec@1 90.625 (81.920)	Prec@5 100.000 (98.847)
Epoch: [12][30/40], lr: 0.01000	Loss 0.2533 (0.5270)	Prec@1 92.188 (84.325)	Prec@5 100.000 (99.143)
Epoch [12] Training Results: Prec@1 84.900 Prec@5 99.260             Loss 0.48921
Epoch [12] Training Class Recall: [0.924,0.638,0.353,0.464,0.715,0.878,0.951,0.948,0.944,0.964]

Epoch: [13][0/40], lr: 0.01000	Loss 0.2927 (0.2927)	Prec@1 88.281 (88.281)	Prec@5 100.000 (100.000)
Epoch: [13][10/40], lr: 0.01000	Loss 0.4280 (0.4149)	Prec@1 89.062 (85.724)	Prec@5 100.000 (99.858)
Epoch: [13][20/40], lr: 0.01000	Loss 0.3502 (0.3688)	Prec@1 89.062 (87.016)	Prec@5 99.219 (99.814)
Epoch: [13][30/40], lr: 0.01000	Loss 0.2869 (0.3372)	Prec@1 85.156 (88.054)	Prec@5 100.000 (99.748)
Epoch [13] Training Results: Prec@1 88.960 Prec@5 99.780             Loss 0.31084
Epoch [13] Training Class Recall: [0.923,0.787,0.345,0.664,0.761,0.916,0.948,0.991,0.994,0.997]

Epoch: [14][0/40], lr: 0.01000	Loss 0.2597 (0.2597)	Prec@1 93.750 (93.750)	Prec@5 100.000 (100.000)
Epoch: [14][10/40], lr: 0.01000	Loss 0.2035 (0.3405)	Prec@1 93.750 (89.134)	Prec@5 99.219 (99.716)
Epoch: [14][20/40], lr: 0.01000	Loss 0.1649 (0.2848)	Prec@1 96.094 (90.551)	Prec@5 100.000 (99.851)
Epoch: [14][30/40], lr: 0.01000	Loss 0.1331 (0.2561)	Prec@1 95.312 (91.507)	Prec@5 100.000 (99.824)
Epoch [14] Training Results: Prec@1 92.100 Prec@5 99.840             Loss 0.23824
Epoch [14] Training Class Recall: [0.947,0.887,0.513,0.705,0.908,0.899,0.991,0.991,1.000,0.993]

Epoch: [15][0/40], lr: 0.01000	Loss 0.3479 (0.3479)	Prec@1 91.406 (91.406)	Prec@5 100.000 (100.000)
Epoch: [15][10/40], lr: 0.01000	Loss 0.5685 (0.6695)	Prec@1 83.594 (79.830)	Prec@5 100.000 (99.858)
Epoch: [15][20/40], lr: 0.01000	Loss 0.2205 (0.5419)	Prec@1 92.969 (82.552)	Prec@5 100.000 (99.740)
Epoch: [15][30/40], lr: 0.01000	Loss 0.2251 (0.4638)	Prec@1 92.969 (85.232)	Prec@5 100.000 (99.798)
Epoch [15] Training Results: Prec@1 86.480 Prec@5 99.820             Loss 0.41863
Epoch [15] Training Class Recall: [0.900,0.652,0.388,0.676,0.780,0.873,0.958,0.948,0.942,0.966]

Epoch: [16][0/40], lr: 0.01000	Loss 0.1496 (0.1496)	Prec@1 94.531 (94.531)	Prec@5 100.000 (100.000)
Epoch: [16][10/40], lr: 0.01000	Loss 0.2937 (0.2867)	Prec@1 89.844 (90.270)	Prec@5 100.000 (100.000)
Epoch: [16][20/40], lr: 0.01000	Loss 0.2172 (0.2518)	Prec@1 91.406 (91.183)	Prec@5 100.000 (99.963)
Epoch: [16][30/40], lr: 0.01000	Loss 0.1558 (0.2252)	Prec@1 93.750 (92.288)	Prec@5 100.000 (99.975)
Epoch [16] Training Results: Prec@1 93.020 Prec@5 99.980             Loss 0.20643
Epoch [16] Training Class Recall: [0.951,0.842,0.470,0.804,0.911,0.952,0.990,0.985,0.988,1.000]

Epoch: [17][0/40], lr: 0.01000	Loss 0.1347 (0.1347)	Prec@1 95.312 (95.312)	Prec@5 100.000 (100.000)
Epoch: [17][10/40], lr: 0.01000	Loss 0.1205 (0.1468)	Prec@1 96.094 (95.170)	Prec@5 100.000 (99.929)
Epoch: [17][20/40], lr: 0.01000	Loss 0.1169 (0.1396)	Prec@1 94.531 (95.350)	Prec@5 100.000 (99.963)
Epoch: [17][30/40], lr: 0.01000	Loss 0.0707 (0.1265)	Prec@1 98.438 (95.817)	Prec@5 100.000 (99.975)
Epoch [17] Training Results: Prec@1 95.740 Prec@5 99.980             Loss 0.12649
Epoch [17] Training Class Recall: [0.968,0.919,0.634,0.872,0.934,0.979,0.997,1.000,1.000,1.000]

Epoch: [18][0/40], lr: 0.01000	Loss 0.1155 (0.1155)	Prec@1 95.312 (95.312)	Prec@5 100.000 (100.000)
Epoch: [18][10/40], lr: 0.01000	Loss 0.4494 (0.4117)	Prec@1 82.812 (87.003)	Prec@5 100.000 (99.645)
Epoch: [18][20/40], lr: 0.01000	Loss 0.3299 (0.3636)	Prec@1 90.625 (88.504)	Prec@5 100.000 (99.740)
Epoch: [18][30/40], lr: 0.01000	Loss 0.2064 (0.3177)	Prec@1 92.188 (89.667)	Prec@5 100.000 (99.824)
Epoch [18] Training Results: Prec@1 90.640 Prec@5 99.820             Loss 0.29265
Epoch [18] Training Class Recall: [0.957,0.860,0.474,0.732,0.813,0.899,0.977,0.929,0.994,0.983]

Epoch: [19][0/40], lr: 0.01000	Loss 0.2140 (0.2140)	Prec@1 95.312 (95.312)	Prec@5 100.000 (100.000)
Epoch: [19][10/40], lr: 0.01000	Loss 0.4431 (0.5281)	Prec@1 82.812 (84.517)	Prec@5 100.000 (99.290)
Epoch: [19][20/40], lr: 0.01000	Loss 0.3317 (0.4393)	Prec@1 84.375 (85.826)	Prec@5 100.000 (99.479)
Epoch: [19][30/40], lr: 0.01000	Loss 0.2553 (0.3915)	Prec@1 92.188 (87.273)	Prec@5 100.000 (99.597)
Epoch [19] Training Results: Prec@1 88.360 Prec@5 99.680             Loss 0.35501
Epoch [19] Training Class Recall: [0.952,0.824,0.461,0.619,0.577,0.936,0.901,0.978,0.990,0.999]

Epoch: [20][0/40], lr: 0.01000	Loss 0.2343 (0.2343)	Prec@1 91.406 (91.406)	Prec@5 99.219 (99.219)
Epoch: [20][10/40], lr: 0.01000	Loss 0.2996 (0.3094)	Prec@1 89.844 (89.062)	Prec@5 100.000 (99.787)
Epoch: [20][20/40], lr: 0.01000	Loss 0.2764 (0.2710)	Prec@1 93.750 (90.848)	Prec@5 99.219 (99.851)
Epoch: [20][30/40], lr: 0.01000	Loss 0.2396 (0.2447)	Prec@1 92.188 (91.885)	Prec@5 100.000 (99.899)
Epoch [20] Training Results: Prec@1 92.400 Prec@5 99.920             Loss 0.23073
Epoch [20] Training Class Recall: [0.954,0.833,0.509,0.807,0.813,0.928,0.983,0.991,0.998,0.999]

Epoch: [21][0/40], lr: 0.01000	Loss 0.1939 (0.1939)	Prec@1 94.531 (94.531)	Prec@5 100.000 (100.000)
Epoch: [21][10/40], lr: 0.01000	Loss 0.2717 (0.2515)	Prec@1 89.844 (91.903)	Prec@5 100.000 (100.000)
Epoch: [21][20/40], lr: 0.01000	Loss 0.1790 (0.2311)	Prec@1 96.094 (92.671)	Prec@5 100.000 (100.000)
Epoch: [21][30/40], lr: 0.01000	Loss 0.1031 (0.2082)	Prec@1 97.656 (93.448)	Prec@5 100.000 (100.000)
Epoch [21] Training Results: Prec@1 93.860 Prec@5 100.000             Loss 0.19155
Epoch [21] Training Class Recall: [0.943,0.796,0.591,0.851,0.908,0.979,0.993,0.989,0.980,0.999]

Epoch: [22][0/40], lr: 0.01000	Loss 0.1686 (0.1686)	Prec@1 93.750 (93.750)	Prec@5 100.000 (100.000)
Epoch: [22][10/40], lr: 0.01000	Loss 0.3853 (0.3480)	Prec@1 85.938 (88.565)	Prec@5 100.000 (99.574)
Epoch: [22][20/40], lr: 0.01000	Loss 0.2386 (0.3004)	Prec@1 91.406 (89.955)	Prec@5 100.000 (99.777)
Epoch: [22][30/40], lr: 0.01000	Loss 0.1533 (0.2507)	Prec@1 94.531 (91.633)	Prec@5 100.000 (99.824)
Epoch [22] Training Results: Prec@1 92.520 Prec@5 99.840             Loss 0.22716
Epoch [22] Training Class Recall: [0.955,0.792,0.526,0.851,0.793,0.953,0.976,0.976,0.996,0.995]

Epoch: [23][0/40], lr: 0.01000	Loss 0.1174 (0.1174)	Prec@1 96.875 (96.875)	Prec@5 100.000 (100.000)
Epoch: [23][10/40], lr: 0.01000	Loss 0.1492 (0.1780)	Prec@1 92.969 (93.750)	Prec@5 100.000 (99.929)
Epoch: [23][20/40], lr: 0.01000	Loss 0.1236 (0.1604)	Prec@1 96.094 (94.420)	Prec@5 100.000 (99.963)
Epoch: [23][30/40], lr: 0.01000	Loss 0.0871 (0.1429)	Prec@1 97.656 (94.960)	Prec@5 100.000 (99.975)
Epoch [23] Training Results: Prec@1 95.340 Prec@5 99.980             Loss 0.13329
Epoch [23] Training Class Recall: [0.961,0.932,0.677,0.878,0.905,0.968,0.981,0.994,1.000,1.000]

Epoch: [24][0/40], lr: 0.01000	Loss 0.0695 (0.0695)	Prec@1 97.656 (97.656)	Prec@5 100.000 (100.000)
Epoch: [24][10/40], lr: 0.01000	Loss 0.2102 (0.1565)	Prec@1 93.750 (95.170)	Prec@5 100.000 (100.000)
Epoch: [24][20/40], lr: 0.01000	Loss 0.1423 (0.1480)	Prec@1 96.875 (95.275)	Prec@5 100.000 (99.963)
Epoch: [24][30/40], lr: 0.01000	Loss 0.1280 (0.1367)	Prec@1 94.531 (95.539)	Prec@5 100.000 (99.975)
Epoch [24] Training Results: Prec@1 95.820 Prec@5 99.980             Loss 0.12613
Epoch [24] Training Class Recall: [0.970,0.923,0.672,0.842,0.938,0.982,0.997,0.998,1.000,1.000]

Epoch: [25][0/40], lr: 0.01000	Loss 0.0904 (0.0904)	Prec@1 96.094 (96.094)	Prec@5 100.000 (100.000)
Epoch: [25][10/40], lr: 0.01000	Loss 0.0683 (0.0931)	Prec@1 97.656 (96.875)	Prec@5 100.000 (100.000)
Epoch: [25][20/40], lr: 0.01000	Loss 0.0642 (0.0842)	Prec@1 97.656 (97.173)	Prec@5 100.000 (100.000)
Epoch: [25][30/40], lr: 0.01000	Loss 0.0980 (0.0842)	Prec@1 97.656 (97.329)	Prec@5 100.000 (100.000)
Epoch [25] Training Results: Prec@1 97.440 Prec@5 100.000             Loss 0.08193
Epoch [25] Training Class Recall: [0.973,0.955,0.793,0.911,0.980,0.990,0.998,1.000,1.000,1.000]

Epoch: [26][0/40], lr: 0.01000	Loss 0.0518 (0.0518)	Prec@1 98.438 (98.438)	Prec@5 100.000 (100.000)
Epoch: [26][10/40], lr: 0.01000	Loss 0.2033 (0.1942)	Prec@1 95.312 (94.531)	Prec@5 100.000 (99.858)
Epoch: [26][20/40], lr: 0.01000	Loss 0.1013 (0.1729)	Prec@1 95.312 (94.680)	Prec@5 100.000 (99.926)
Epoch: [26][30/40], lr: 0.01000	Loss 0.0618 (0.1547)	Prec@1 98.438 (95.060)	Prec@5 100.000 (99.950)
Epoch [26] Training Results: Prec@1 95.560 Prec@5 99.960             Loss 0.14089
Epoch [26] Training Class Recall: [0.954,0.928,0.668,0.890,0.944,0.963,0.995,0.996,0.998,1.000]

Epoch: [27][0/40], lr: 0.01000	Loss 0.0830 (0.0830)	Prec@1 97.656 (97.656)	Prec@5 100.000 (100.000)
Epoch: [27][10/40], lr: 0.01000	Loss 0.0505 (0.0735)	Prec@1 97.656 (97.727)	Prec@5 100.000 (100.000)
Epoch: [27][20/40], lr: 0.01000	Loss 0.0664 (0.0717)	Prec@1 97.656 (97.619)	Prec@5 100.000 (99.963)
Epoch: [27][30/40], lr: 0.01000	Loss 0.0460 (0.0653)	Prec@1 98.438 (97.807)	Prec@5 100.000 (99.975)
Epoch [27] Training Results: Prec@1 97.740 Prec@5 99.980             Loss 0.06802
Epoch [27] Training Class Recall: [0.976,0.932,0.810,0.964,0.967,0.994,0.998,0.996,1.000,0.999]

Epoch: [28][0/40], lr: 0.01000	Loss 0.1177 (0.1177)	Prec@1 95.312 (95.312)	Prec@5 100.000 (100.000)
Epoch: [28][10/40], lr: 0.01000	Loss 0.0917 (0.1190)	Prec@1 96.875 (96.165)	Prec@5 100.000 (100.000)
Epoch: [28][20/40], lr: 0.01000	Loss 0.1054 (0.1206)	Prec@1 95.312 (96.057)	Prec@5 100.000 (100.000)
Epoch: [28][30/40], lr: 0.01000	Loss 0.0918 (0.1113)	Prec@1 96.875 (96.396)	Prec@5 100.000 (100.000)
Epoch [28] Training Results: Prec@1 96.760 Prec@5 100.000             Loss 0.10221
Epoch [28] Training Class Recall: [0.976,0.937,0.810,0.920,0.918,0.966,0.997,0.996,1.000,0.996]

Epoch: [29][0/40], lr: 0.01000	Loss 0.0782 (0.0782)	Prec@1 96.875 (96.875)	Prec@5 100.000 (100.000)
Epoch: [29][10/40], lr: 0.01000	Loss 0.0452 (0.0721)	Prec@1 97.656 (97.443)	Prec@5 100.000 (100.000)
Epoch: [29][20/40], lr: 0.01000	Loss 0.0323 (0.0683)	Prec@1 99.219 (97.768)	Prec@5 100.000 (100.000)
Epoch: [29][30/40], lr: 0.01000	Loss 0.0535 (0.0684)	Prec@1 98.438 (97.681)	Prec@5 100.000 (100.000)
Epoch [29] Training Results: Prec@1 97.780 Prec@5 100.000             Loss 0.06655
Epoch [29] Training Class Recall: [0.973,0.946,0.841,0.943,0.987,0.989,1.000,0.998,0.992,1.000]

Epoch: [30][0/40], lr: 0.01000	Loss 0.0844 (0.0844)	Prec@1 97.656 (97.656)	Prec@5 100.000 (100.000)
Epoch: [30][10/40], lr: 0.01000	Loss 0.0651 (0.0536)	Prec@1 96.875 (98.438)	Prec@5 100.000 (100.000)
Epoch: [30][20/40], lr: 0.01000	Loss 0.0178 (0.0480)	Prec@1 99.219 (98.549)	Prec@5 100.000 (100.000)
Epoch: [30][30/40], lr: 0.01000	Loss 0.0144 (0.0436)	Prec@1 100.000 (98.690)	Prec@5 100.000 (100.000)
Epoch [30] Training Results: Prec@1 98.580 Prec@5 100.000             Loss 0.04480
Epoch [30] Training Class Recall: [0.982,0.959,0.892,0.973,0.990,0.992,1.000,1.000,0.998,0.999]

Epoch: [31][0/40], lr: 0.01000	Loss 0.0369 (0.0369)	Prec@1 99.219 (99.219)	Prec@5 100.000 (100.000)
Epoch: [31][10/40], lr: 0.01000	Loss 0.1341 (0.1838)	Prec@1 94.531 (94.176)	Prec@5 100.000 (99.929)
Epoch: [31][20/40], lr: 0.01000	Loss 0.0844 (0.1733)	Prec@1 98.438 (94.643)	Prec@5 100.000 (99.926)
Epoch: [31][30/40], lr: 0.01000	Loss 0.1282 (0.1532)	Prec@1 95.312 (95.111)	Prec@5 100.000 (99.950)
Epoch [31] Training Results: Prec@1 95.620 Prec@5 99.960             Loss 0.13684
Epoch [31] Training Class Recall: [0.980,0.937,0.784,0.866,0.908,0.953,0.958,0.987,1.000,0.996]

Epoch: [32][0/40], lr: 0.01000	Loss 0.0360 (0.0360)	Prec@1 99.219 (99.219)	Prec@5 100.000 (100.000)
Epoch: [32][10/40], lr: 0.01000	Loss 0.1164 (0.1434)	Prec@1 93.750 (95.384)	Prec@5 100.000 (100.000)
Epoch: [32][20/40], lr: 0.01000	Loss 0.0257 (0.1107)	Prec@1 100.000 (96.429)	Prec@5 100.000 (100.000)
Epoch: [32][30/40], lr: 0.01000	Loss 0.0530 (0.0938)	Prec@1 98.438 (96.850)	Prec@5 100.000 (100.000)
Epoch [32] Training Results: Prec@1 97.240 Prec@5 100.000             Loss 0.08343
Epoch [32] Training Class Recall: [0.980,0.937,0.832,0.923,0.961,0.986,0.991,0.976,1.000,0.997]

Epoch: [33][0/40], lr: 0.01000	Loss 0.0076 (0.0076)	Prec@1 100.000 (100.000)	Prec@5 100.000 (100.000)
Epoch: [33][10/40], lr: 0.01000	Loss 0.0600 (0.0434)	Prec@1 97.656 (98.722)	Prec@5 100.000 (100.000)
Epoch: [33][20/40], lr: 0.01000	Loss 0.0464 (0.0439)	Prec@1 97.656 (98.661)	Prec@5 100.000 (100.000)
Epoch: [33][30/40], lr: 0.01000	Loss 0.0073 (0.0399)	Prec@1 100.000 (98.765)	Prec@5 100.000 (100.000)
Epoch [33] Training Results: Prec@1 98.820 Prec@5 100.000             Loss 0.03807
Epoch [33] Training Class Recall: [0.983,0.977,0.892,0.982,0.987,0.997,1.000,1.000,1.000,1.000]

Epoch: [34][0/40], lr: 0.01000	Loss 0.0989 (0.0989)	Prec@1 98.438 (98.438)	Prec@5 100.000 (100.000)
Epoch: [34][10/40], lr: 0.01000	Loss 0.0670 (0.1828)	Prec@1 95.312 (94.744)	Prec@5 100.000 (99.858)
Epoch: [34][20/40], lr: 0.01000	Loss 0.1363 (0.1846)	Prec@1 97.656 (94.568)	Prec@5 100.000 (99.851)
Epoch: [34][30/40], lr: 0.01000	Loss 0.1821 (0.1734)	Prec@1 93.750 (94.909)	Prec@5 100.000 (99.874)
Epoch [34] Training Results: Prec@1 95.520 Prec@5 99.900             Loss 0.15129
Epoch [34] Training Class Recall: [0.947,0.882,0.728,0.943,0.915,0.981,0.979,0.985,0.996,0.995]

Epoch: [35][0/40], lr: 0.01000	Loss 0.1480 (0.1480)	Prec@1 94.531 (94.531)	Prec@5 100.000 (100.000)
Epoch: [35][10/40], lr: 0.01000	Loss 0.3843 (0.3744)	Prec@1 86.719 (89.773)	Prec@5 99.219 (99.787)
Epoch: [35][20/40], lr: 0.01000	Loss 0.1835 (0.3018)	Prec@1 93.750 (90.960)	Prec@5 100.000 (99.814)
Epoch: [35][30/40], lr: 0.01000	Loss 0.1793 (0.2496)	Prec@1 92.969 (92.339)	Prec@5 100.000 (99.874)
Epoch [35] Training Results: Prec@1 93.380 Prec@5 99.900             Loss 0.21842
Epoch [35] Training Class Recall: [0.942,0.824,0.681,0.875,0.918,0.963,0.981,0.972,0.990,0.945]

Epoch: [36][0/40], lr: 0.01000	Loss 0.0832 (0.0832)	Prec@1 98.438 (98.438)	Prec@5 100.000 (100.000)
Epoch: [36][10/40], lr: 0.01000	Loss 0.0637 (0.0728)	Prec@1 97.656 (98.011)	Prec@5 100.000 (100.000)
Epoch: [36][20/40], lr: 0.01000	Loss 0.0362 (0.0637)	Prec@1 100.000 (98.400)	Prec@5 100.000 (100.000)
Epoch: [36][30/40], lr: 0.01000	Loss 0.0306 (0.0608)	Prec@1 100.000 (98.488)	Prec@5 100.000 (100.000)
Epoch [36] Training Results: Prec@1 98.520 Prec@5 100.000             Loss 0.05691
Epoch [36] Training Class Recall: [0.983,0.941,0.871,0.982,0.993,0.997,0.995,0.998,1.000,1.000]

Epoch: [37][0/40], lr: 0.01000	Loss 0.0215 (0.0215)	Prec@1 100.000 (100.000)	Prec@5 100.000 (100.000)
Epoch: [37][10/40], lr: 0.01000	Loss 0.0463 (0.0381)	Prec@1 99.219 (99.006)	Prec@5 100.000 (100.000)
Epoch: [37][20/40], lr: 0.01000	Loss 0.0484 (0.0381)	Prec@1 98.438 (98.958)	Prec@5 100.000 (100.000)
Epoch: [37][30/40], lr: 0.01000	Loss 0.0234 (0.0336)	Prec@1 98.438 (99.068)	Prec@5 100.000 (100.000)
Epoch [37] Training Results: Prec@1 99.080 Prec@5 100.000             Loss 0.03334
Epoch [37] Training Class Recall: [0.987,0.973,0.931,0.991,0.993,0.992,0.998,1.000,1.000,1.000]

Epoch: [38][0/40], lr: 0.01000	Loss 0.0367 (0.0367)	Prec@1 98.438 (98.438)	Prec@5 100.000 (100.000)
Epoch: [38][10/40], lr: 0.01000	Loss 0.0885 (0.1174)	Prec@1 96.875 (96.023)	Prec@5 100.000 (100.000)
Epoch: [38][20/40], lr: 0.01000	Loss 0.0664 (0.1148)	Prec@1 98.438 (96.168)	Prec@5 100.000 (100.000)
Epoch: [38][30/40], lr: 0.01000	Loss 0.0542 (0.1050)	Prec@1 98.438 (96.623)	Prec@5 100.000 (99.975)
Epoch [38] Training Results: Prec@1 96.740 Prec@5 99.980             Loss 0.10137
Epoch [38] Training Class Recall: [0.972,0.932,0.815,0.923,0.957,0.974,0.990,0.987,0.980,1.000]

Epoch: [39][0/40], lr: 0.01000	Loss 0.0426 (0.0426)	Prec@1 99.219 (99.219)	Prec@5 100.000 (100.000)
Epoch: [39][10/40], lr: 0.01000	Loss 0.1236 (0.1456)	Prec@1 96.094 (95.810)	Prec@5 100.000 (100.000)
Epoch: [39][20/40], lr: 0.01000	Loss 0.0840 (0.1391)	Prec@1 97.656 (95.647)	Prec@5 100.000 (100.000)
Epoch: [39][30/40], lr: 0.01000	Loss 0.0268 (0.1181)	Prec@1 100.000 (96.295)	Prec@5 100.000 (100.000)
Epoch [39] Training Results: Prec@1 96.800 Prec@5 100.000             Loss 0.10324
Epoch [39] Training Class Recall: [0.965,0.946,0.815,0.899,0.934,0.986,0.997,0.994,0.998,0.999]

Epoch: [40][0/40], lr: 0.01000	Loss 0.0225 (0.0225)	Prec@1 100.000 (100.000)	Prec@5 100.000 (100.000)
Epoch: [40][10/40], lr: 0.01000	Loss 0.0277 (0.0396)	Prec@1 99.219 (98.935)	Prec@5 100.000 (100.000)
Epoch: [40][20/40], lr: 0.01000	Loss 0.0672 (0.0393)	Prec@1 99.219 (98.996)	Prec@5 100.000 (100.000)
Epoch: [40][30/40], lr: 0.01000	Loss 0.0206 (0.0359)	Prec@1 100.000 (99.093)	Prec@5 100.000 (100.000)
Epoch [40] Training Results: Prec@1 99.180 Prec@5 100.000             Loss 0.03282
Epoch [40] Training Class Recall: [0.983,0.986,0.944,0.991,0.993,0.997,0.998,1.000,1.000,1.000]

Epoch: [41][0/40], lr: 0.01000	Loss 0.0191 (0.0191)	Prec@1 100.000 (100.000)	Prec@5 100.000 (100.000)
Epoch: [41][10/40], lr: 0.01000	Loss 0.0375 (0.0267)	Prec@1 99.219 (99.077)	Prec@5 100.000 (100.000)
Epoch: [41][20/40], lr: 0.01000	Loss 0.0188 (0.0248)	Prec@1 100.000 (99.330)	Prec@5 100.000 (100.000)
Epoch: [41][30/40], lr: 0.01000	Loss 0.0093 (0.0210)	Prec@1 99.219 (99.471)	Prec@5 100.000 (100.000)
Epoch [41] Training Results: Prec@1 99.520 Prec@5 100.000             Loss 0.02063
Epoch [41] Training Class Recall: [0.994,0.986,0.953,0.994,0.997,0.998,1.000,1.000,1.000,1.000]

Epoch: [42][0/40], lr: 0.01000	Loss 0.0094 (0.0094)	Prec@1 100.000 (100.000)	Prec@5 100.000 (100.000)
Epoch: [42][10/40], lr: 0.01000	Loss 0.0595 (0.0486)	Prec@1 98.438 (98.509)	Prec@5 100.000 (100.000)
Epoch: [42][20/40], lr: 0.01000	Loss 0.0239 (0.0527)	Prec@1 99.219 (98.289)	Prec@5 100.000 (100.000)
Epoch: [42][30/40], lr: 0.01000	Loss 0.0141 (0.0475)	Prec@1 100.000 (98.538)	Prec@5 100.000 (100.000)
Epoch [42] Training Results: Prec@1 98.560 Prec@5 100.000             Loss 0.04468
Epoch [42] Training Class Recall: [0.977,0.959,0.922,0.982,0.977,0.990,0.998,0.998,1.000,0.999]

Epoch: [43][0/40], lr: 0.01000	Loss 0.0137 (0.0137)	Prec@1 99.219 (99.219)	Prec@5 100.000 (100.000)
Epoch: [43][10/40], lr: 0.01000	Loss 0.0407 (0.0242)	Prec@1 98.438 (99.148)	Prec@5 100.000 (100.000)
Epoch: [43][20/40], lr: 0.01000	Loss 0.0724 (0.0262)	Prec@1 98.438 (99.219)	Prec@5 100.000 (100.000)
Epoch: [43][30/40], lr: 0.01000	Loss 0.0084 (0.0241)	Prec@1 100.000 (99.370)	Prec@5 100.000 (100.000)
Epoch [43] Training Results: Prec@1 99.300 Prec@5 100.000             Loss 0.02405
Epoch [43] Training Class Recall: [0.995,0.977,0.935,0.979,0.997,0.998,1.000,0.998,1.000,1.000]

Epoch: [44][0/40], lr: 0.01000	Loss 0.0489 (0.0489)	Prec@1 96.875 (96.875)	Prec@5 100.000 (100.000)
Epoch: [44][10/40], lr: 0.01000	Loss 0.0798 (0.1174)	Prec@1 96.094 (95.810)	Prec@5 100.000 (99.929)
Epoch: [44][20/40], lr: 0.01000	Loss 0.0406 (0.1059)	Prec@1 97.656 (96.317)	Prec@5 100.000 (99.926)
Epoch: [44][30/40], lr: 0.01000	Loss 0.0356 (0.0918)	Prec@1 98.438 (96.925)	Prec@5 100.000 (99.950)
Epoch [44] Training Results: Prec@1 97.240 Prec@5 99.960             Loss 0.08373
Epoch [44] Training Class Recall: [0.946,0.946,0.845,0.946,0.970,0.994,0.995,1.000,0.998,0.999]

Epoch: [45][0/40], lr: 0.01000	Loss 0.2260 (0.2260)	Prec@1 91.406 (91.406)	Prec@5 100.000 (100.000)
Epoch: [45][10/40], lr: 0.01000	Loss 0.3047 (0.4451)	Prec@1 89.062 (87.145)	Prec@5 99.219 (99.716)
Epoch: [45][20/40], lr: 0.01000	Loss 0.1894 (0.3874)	Prec@1 96.875 (88.579)	Prec@5 100.000 (99.628)
Epoch: [45][30/40], lr: 0.01000	Loss 0.1489 (0.3245)	Prec@1 94.531 (89.995)	Prec@5 100.000 (99.723)
Epoch [45] Training Results: Prec@1 90.940 Prec@5 99.780             Loss 0.29106
Epoch [45] Training Class Recall: [0.954,0.855,0.612,0.714,0.859,0.879,0.946,0.952,0.992,0.982]

Epoch: [46][0/40], lr: 0.01000	Loss 0.0517 (0.0517)	Prec@1 99.219 (99.219)	Prec@5 100.000 (100.000)
Epoch: [46][10/40], lr: 0.01000	Loss 0.1192 (0.1582)	Prec@1 96.094 (95.028)	Prec@5 100.000 (99.929)
Epoch: [46][20/40], lr: 0.01000	Loss 0.1183 (0.1391)	Prec@1 96.094 (95.573)	Prec@5 100.000 (99.963)
Epoch: [46][30/40], lr: 0.01000	Loss 0.1059 (0.1211)	Prec@1 95.312 (96.169)	Prec@5 100.000 (99.975)
Epoch [46] Training Results: Prec@1 96.420 Prec@5 99.980             Loss 0.11187
Epoch [46] Training Class Recall: [0.963,0.932,0.728,0.890,0.977,0.981,0.991,0.996,1.000,0.999]

Epoch: [47][0/40], lr: 0.01000	Loss 0.0403 (0.0403)	Prec@1 99.219 (99.219)	Prec@5 100.000 (100.000)
Epoch: [47][10/40], lr: 0.01000	Loss 0.1772 (0.2062)	Prec@1 94.531 (93.466)	Prec@5 100.000 (100.000)
Epoch: [47][20/40], lr: 0.01000	Loss 0.1321 (0.1758)	Prec@1 94.531 (94.271)	Prec@5 100.000 (100.000)
Epoch: [47][30/40], lr: 0.01000	Loss 0.0936 (0.1465)	Prec@1 98.438 (95.413)	Prec@5 100.000 (100.000)
Epoch [47] Training Results: Prec@1 95.980 Prec@5 99.980             Loss 0.13439
Epoch [47] Training Class Recall: [0.959,0.896,0.780,0.926,0.964,0.979,0.998,0.981,0.998,0.966]

Epoch: [48][0/40], lr: 0.01000	Loss 0.0415 (0.0415)	Prec@1 99.219 (99.219)	Prec@5 100.000 (100.000)
Epoch: [48][10/40], lr: 0.01000	Loss 0.0390 (0.0536)	Prec@1 99.219 (98.295)	Prec@5 100.000 (100.000)
Epoch: [48][20/40], lr: 0.01000	Loss 0.0297 (0.0495)	Prec@1 99.219 (98.512)	Prec@5 100.000 (100.000)
Epoch: [48][30/40], lr: 0.01000	Loss 0.0675 (0.0486)	Prec@1 99.219 (98.564)	Prec@5 100.000 (100.000)
Epoch [48] Training Results: Prec@1 98.660 Prec@5 100.000             Loss 0.04509
Epoch [48] Training Class Recall: [0.983,0.955,0.909,0.976,0.993,0.992,0.998,0.996,0.998,1.000]

Epoch: [49][0/40], lr: 0.01000	Loss 0.0982 (0.0982)	Prec@1 96.875 (96.875)	Prec@5 100.000 (100.000)
Epoch: [49][10/40], lr: 0.01000	Loss 0.0365 (0.0745)	Prec@1 98.438 (98.011)	Prec@5 100.000 (100.000)
Epoch: [49][20/40], lr: 0.01000	Loss 0.0341 (0.0674)	Prec@1 98.438 (98.140)	Prec@5 100.000 (99.963)
Epoch: [49][30/40], lr: 0.01000	Loss 0.0210 (0.0619)	Prec@1 99.219 (98.286)	Prec@5 100.000 (99.975)
Epoch [49] Training Results: Prec@1 98.480 Prec@5 99.980             Loss 0.05645
Epoch [49] Training Class Recall: [0.980,0.941,0.914,0.979,0.970,0.998,0.998,1.000,0.998,0.995]

Epoch: [50][0/40], lr: 0.01000	Loss 0.0721 (0.0721)	Prec@1 98.438 (98.438)	Prec@5 100.000 (100.000)
Epoch: [50][10/40], lr: 0.01000	Loss 0.0205 (0.0281)	Prec@1 99.219 (99.219)	Prec@5 100.000 (100.000)
Epoch: [50][20/40], lr: 0.01000	Loss 0.0187 (0.0310)	Prec@1 98.438 (98.996)	Prec@5 100.000 (100.000)
Epoch: [50][30/40], lr: 0.01000	Loss 0.0357 (0.0303)	Prec@1 99.219 (99.068)	Prec@5 100.000 (100.000)
Epoch [50] Training Results: Prec@1 99.200 Prec@5 100.000             Loss 0.02792
Epoch [50] Training Class Recall: [0.987,0.977,0.940,0.982,0.997,0.998,1.000,1.000,1.000,1.000]

Epoch: [51][0/40], lr: 0.01000	Loss 0.0220 (0.0220)	Prec@1 99.219 (99.219)	Prec@5 100.000 (100.000)
Epoch: [51][10/40], lr: 0.01000	Loss 0.0061 (0.0150)	Prec@1 100.000 (99.645)	Prec@5 100.000 (100.000)
Epoch: [51][20/40], lr: 0.01000	Loss 0.0266 (0.0168)	Prec@1 99.219 (99.516)	Prec@5 100.000 (100.000)
Epoch: [51][30/40], lr: 0.01000	Loss 0.0074 (0.0158)	Prec@1 100.000 (99.572)	Prec@5 100.000 (100.000)
Epoch [51] Training Results: Prec@1 99.540 Prec@5 100.000             Loss 0.01518
Epoch [51] Training Class Recall: [0.994,0.977,0.970,0.994,0.997,0.998,1.000,1.000,0.998,1.000]

Epoch: [52][0/40], lr: 0.01000	Loss 0.0074 (0.0074)	Prec@1 100.000 (100.000)	Prec@5 100.000 (100.000)
Epoch: [52][10/40], lr: 0.01000	Loss 0.0184 (0.0141)	Prec@1 100.000 (99.858)	Prec@5 100.000 (100.000)
Epoch: [52][20/40], lr: 0.01000	Loss 0.0163 (0.0128)	Prec@1 99.219 (99.814)	Prec@5 100.000 (100.000)
Epoch: [52][30/40], lr: 0.01000	Loss 0.0043 (0.0160)	Prec@1 100.000 (99.672)	Prec@5 100.000 (100.000)
Epoch [52] Training Results: Prec@1 99.700 Prec@5 100.000             Loss 0.01539
Epoch [52] Training Class Recall: [0.995,0.995,0.978,0.988,1.000,1.000,1.000,1.000,1.000,1.000]

Epoch: [53][0/40], lr: 0.01000	Loss 0.0042 (0.0042)	Prec@1 100.000 (100.000)	Prec@5 100.000 (100.000)
Epoch: [53][10/40], lr: 0.01000	Loss 0.0230 (0.0285)	Prec@1 99.219 (99.077)	Prec@5 100.000 (100.000)
Epoch: [53][20/40], lr: 0.01000	Loss 0.0142 (0.0281)	Prec@1 100.000 (99.144)	Prec@5 100.000 (100.000)
Epoch: [53][30/40], lr: 0.01000	Loss 0.0178 (0.0237)	Prec@1 100.000 (99.320)	Prec@5 100.000 (100.000)
Epoch [53] Training Results: Prec@1 99.400 Prec@5 100.000             Loss 0.02207
Epoch [53] Training Class Recall: [0.992,0.977,0.970,0.985,0.993,0.997,1.000,1.000,0.998,1.000]

Epoch: [54][0/40], lr: 0.01000	Loss 0.0323 (0.0323)	Prec@1 98.438 (98.438)	Prec@5 100.000 (100.000)
Epoch: [54][10/40], lr: 0.01000	Loss 0.0184 (0.0188)	Prec@1 99.219 (99.432)	Prec@5 100.000 (100.000)
Epoch: [54][20/40], lr: 0.01000	Loss 0.0203 (0.0158)	Prec@1 99.219 (99.554)	Prec@5 100.000 (100.000)
Epoch: [54][30/40], lr: 0.01000	Loss 0.0123 (0.0137)	Prec@1 100.000 (99.672)	Prec@5 100.000 (100.000)
Epoch [54] Training Results: Prec@1 99.700 Prec@5 100.000             Loss 0.01291
Epoch [54] Training Class Recall: [0.996,0.982,0.987,0.997,0.993,1.000,1.000,1.000,0.998,1.000]

Epoch: [55][0/40], lr: 0.01000	Loss 0.0108 (0.0108)	Prec@1 100.000 (100.000)	Prec@5 100.000 (100.000)
Epoch: [55][10/40], lr: 0.01000	Loss 0.0333 (0.0560)	Prec@1 99.219 (98.864)	Prec@5 100.000 (100.000)
Epoch: [55][20/40], lr: 0.01000	Loss 0.1311 (0.0512)	Prec@1 96.875 (98.772)	Prec@5 100.000 (100.000)
Epoch: [55][30/40], lr: 0.01000	Loss 0.0288 (0.0465)	Prec@1 98.438 (98.740)	Prec@5 100.000 (100.000)
Epoch [55] Training Results: Prec@1 98.700 Prec@5 99.980             Loss 0.04412
Epoch [55] Training Class Recall: [0.974,0.977,0.918,0.985,0.993,0.997,1.000,1.000,0.990,0.999]

Epoch: [56][0/40], lr: 0.01000	Loss 0.0269 (0.0269)	Prec@1 98.438 (98.438)	Prec@5 100.000 (100.000)
Epoch: [56][10/40], lr: 0.01000	Loss 0.3249 (0.2411)	Prec@1 93.750 (93.466)	Prec@5 100.000 (99.716)
Epoch: [56][20/40], lr: 0.01000	Loss 0.1766 (0.2066)	Prec@1 92.188 (93.787)	Prec@5 100.000 (99.814)
Epoch: [56][30/40], lr: 0.01000	Loss 0.0691 (0.1784)	Prec@1 97.656 (94.481)	Prec@5 100.000 (99.874)
Epoch [56] Training Results: Prec@1 94.980 Prec@5 99.880             Loss 0.16323
Epoch [56] Training Class Recall: [0.973,0.905,0.784,0.842,0.954,0.905,0.979,0.976,0.998,0.996]

Epoch: [57][0/40], lr: 0.01000	Loss 0.1399 (0.1399)	Prec@1 94.531 (94.531)	Prec@5 100.000 (100.000)
Epoch: [57][10/40], lr: 0.01000	Loss 0.1007 (0.1934)	Prec@1 96.094 (94.389)	Prec@5 100.000 (99.858)
Epoch: [57][20/40], lr: 0.01000	Loss 0.0524 (0.1445)	Prec@1 100.000 (95.945)	Prec@5 100.000 (99.926)
Epoch: [57][30/40], lr: 0.01000	Loss 0.0478 (0.1233)	Prec@1 98.438 (96.547)	Prec@5 100.000 (99.950)
Epoch [57] Training Results: Prec@1 96.920 Prec@5 99.960             Loss 0.10815
Epoch [57] Training Class Recall: [0.978,0.964,0.875,0.902,0.948,0.966,0.972,0.989,0.996,0.997]

Epoch: [58][0/40], lr: 0.01000	Loss 0.0370 (0.0370)	Prec@1 99.219 (99.219)	Prec@5 100.000 (100.000)
Epoch: [58][10/40], lr: 0.01000	Loss 0.1647 (0.2571)	Prec@1 93.750 (91.406)	Prec@5 100.000 (100.000)
Epoch: [58][20/40], lr: 0.01000	Loss 0.1906 (0.2307)	Prec@1 96.094 (92.485)	Prec@5 100.000 (99.963)
Epoch: [58][30/40], lr: 0.01000	Loss 0.1617 (0.1929)	Prec@1 92.188 (93.473)	Prec@5 100.000 (99.975)
Epoch [58] Training Results: Prec@1 94.300 Prec@5 99.980             Loss 0.16863
Epoch [58] Training Class Recall: [0.966,0.891,0.733,0.824,0.902,0.963,0.972,0.985,0.986,0.970]

Epoch: [59][0/40], lr: 0.01000	Loss 0.0992 (0.0992)	Prec@1 95.312 (95.312)	Prec@5 100.000 (100.000)
Epoch: [59][10/40], lr: 0.01000	Loss 0.0297 (0.0579)	Prec@1 99.219 (98.082)	Prec@5 100.000 (100.000)
Epoch: [59][20/40], lr: 0.01000	Loss 0.0194 (0.0471)	Prec@1 100.000 (98.586)	Prec@5 100.000 (100.000)
Epoch: [59][30/40], lr: 0.01000	Loss 0.0093 (0.0421)	Prec@1 100.000 (98.715)	Prec@5 100.000 (100.000)
Epoch [59] Training Results: Prec@1 98.900 Prec@5 100.000             Loss 0.03782
Epoch [59] Training Class Recall: [0.987,0.982,0.931,0.961,0.990,0.990,1.000,1.000,1.000,1.000]

Epoch: [60][0/40], lr: 0.01000	Loss 0.0253 (0.0253)	Prec@1 99.219 (99.219)	Prec@5 100.000 (100.000)
Epoch: [60][10/40], lr: 0.01000	Loss 0.0149 (0.0367)	Prec@1 100.000 (98.864)	Prec@5 100.000 (100.000)
Epoch: [60][20/40], lr: 0.01000	Loss 0.0314 (0.0406)	Prec@1 98.438 (98.772)	Prec@5 100.000 (100.000)
Epoch: [60][30/40], lr: 0.01000	Loss 0.0234 (0.0358)	Prec@1 99.219 (98.992)	Prec@5 100.000 (100.000)
Epoch [60] Training Results: Prec@1 99.080 Prec@5 100.000             Loss 0.03254
Epoch [60] Training Class Recall: [0.992,0.995,0.940,0.970,0.980,0.997,0.991,1.000,1.000,1.000]

Epoch: [61][0/40], lr: 0.01000	Loss 0.0061 (0.0061)	Prec@1 100.000 (100.000)	Prec@5 100.000 (100.000)
Epoch: [61][10/40], lr: 0.01000	Loss 0.0399 (0.0741)	Prec@1 98.438 (97.585)	Prec@5 100.000 (100.000)
Epoch: [61][20/40], lr: 0.01000	Loss 0.0420 (0.0598)	Prec@1 99.219 (98.140)	Prec@5 100.000 (100.000)
Epoch: [61][30/40], lr: 0.01000	Loss 0.0425 (0.0528)	Prec@1 99.219 (98.438)	Prec@5 100.000 (100.000)
Epoch [61] Training Results: Prec@1 98.500 Prec@5 100.000             Loss 0.05011
Epoch [61] Training Class Recall: [0.993,0.973,0.922,0.949,0.977,0.989,0.997,0.978,0.998,1.000]

Epoch: [62][0/40], lr: 0.01000	Loss 0.0111 (0.0111)	Prec@1 100.000 (100.000)	Prec@5 100.000 (100.000)
Epoch: [62][10/40], lr: 0.01000	Loss 0.0643 (0.0997)	Prec@1 96.875 (96.733)	Prec@5 100.000 (100.000)
Epoch: [62][20/40], lr: 0.01000	Loss 0.0362 (0.0807)	Prec@1 99.219 (97.396)	Prec@5 100.000 (100.000)
Epoch: [62][30/40], lr: 0.01000	Loss 0.0814 (0.0702)	Prec@1 96.094 (97.631)	Prec@5 100.000 (100.000)
Epoch [62] Training Results: Prec@1 97.920 Prec@5 100.000             Loss 0.06362
Epoch [62] Training Class Recall: [0.976,0.950,0.884,0.943,0.980,0.992,0.981,0.998,1.000,1.000]

Epoch: [63][0/40], lr: 0.01000	Loss 0.0144 (0.0144)	Prec@1 100.000 (100.000)	Prec@5 100.000 (100.000)
Epoch: [63][10/40], lr: 0.01000	Loss 0.0941 (0.0505)	Prec@1 97.656 (98.722)	Prec@5 100.000 (100.000)
Epoch: [63][20/40], lr: 0.01000	Loss 0.0131 (0.0460)	Prec@1 100.000 (98.772)	Prec@5 100.000 (100.000)
Epoch: [63][30/40], lr: 0.01000	Loss 0.0109 (0.0400)	Prec@1 100.000 (99.017)	Prec@5 100.000 (100.000)
Epoch [63] Training Results: Prec@1 99.020 Prec@5 100.000             Loss 0.03689
Epoch [63] Training Class Recall: [0.991,0.973,0.931,0.970,0.990,0.994,0.998,1.000,1.000,1.000]

Epoch: [64][0/40], lr: 0.01000	Loss 0.0186 (0.0186)	Prec@1 100.000 (100.000)	Prec@5 100.000 (100.000)
Epoch: [64][10/40], lr: 0.01000	Loss 0.0604 (0.0525)	Prec@1 96.875 (98.295)	Prec@5 100.000 (100.000)
Epoch: [64][20/40], lr: 0.01000	Loss 0.1562 (0.0604)	Prec@1 96.875 (98.289)	Prec@5 100.000 (100.000)
Epoch: [64][30/40], lr: 0.01000	Loss 0.0220 (0.0558)	Prec@1 99.219 (98.337)	Prec@5 100.000 (100.000)
Epoch [64] Training Results: Prec@1 98.440 Prec@5 100.000             Loss 0.05204
Epoch [64] Training Class Recall: [0.991,0.977,0.948,0.946,0.961,0.981,0.995,0.989,0.998,0.999]

Epoch: [65][0/40], lr: 0.01000	Loss 0.0168 (0.0168)	Prec@1 100.000 (100.000)	Prec@5 100.000 (100.000)
Epoch: [65][10/40], lr: 0.01000	Loss 0.1517 (0.1884)	Prec@1 97.656 (95.668)	Prec@5 99.219 (99.574)
Epoch: [65][20/40], lr: 0.01000	Loss 0.1285 (0.1753)	Prec@1 96.094 (95.238)	Prec@5 100.000 (99.628)
Epoch: [65][30/40], lr: 0.01000	Loss 0.0523 (0.1474)	Prec@1 97.656 (95.968)	Prec@5 100.000 (99.723)
Epoch [65] Training Results: Prec@1 96.380 Prec@5 99.780             Loss 0.12754
Epoch [65] Training Class Recall: [0.971,0.887,0.845,0.917,0.948,0.950,0.986,0.987,1.000,0.997]

Epoch: [66][0/40], lr: 0.01000	Loss 0.0332 (0.0332)	Prec@1 99.219 (99.219)	Prec@5 100.000 (100.000)
Epoch: [66][10/40], lr: 0.01000	Loss 0.0625 (0.0651)	Prec@1 97.656 (97.798)	Prec@5 100.000 (99.929)
Epoch: [66][20/40], lr: 0.01000	Loss 0.0485 (0.0576)	Prec@1 98.438 (98.028)	Prec@5 100.000 (99.963)
Epoch: [66][30/40], lr: 0.01000	Loss 0.0388 (0.0536)	Prec@1 99.219 (98.261)	Prec@5 100.000 (99.975)
Epoch [66] Training Results: Prec@1 98.480 Prec@5 99.980             Loss 0.04827
Epoch [66] Training Class Recall: [0.985,0.968,0.931,0.935,0.984,0.987,0.995,1.000,1.000,1.000]

Epoch: [67][0/40], lr: 0.01000	Loss 0.0745 (0.0745)	Prec@1 97.656 (97.656)	Prec@5 100.000 (100.000)
Epoch: [67][10/40], lr: 0.01000	Loss 0.2777 (0.2980)	Prec@1 91.406 (92.685)	Prec@5 100.000 (99.858)
Epoch: [67][20/40], lr: 0.01000	Loss 0.0777 (0.2348)	Prec@1 97.656 (93.452)	Prec@5 100.000 (99.888)
Epoch: [67][30/40], lr: 0.01000	Loss 0.0437 (0.1884)	Prec@1 99.219 (94.582)	Prec@5 100.000 (99.924)
Epoch [67] Training Results: Prec@1 95.240 Prec@5 99.940             Loss 0.16593
Epoch [67] Training Class Recall: [0.976,0.910,0.784,0.908,0.780,0.992,0.944,0.985,1.000,0.997]

Epoch: [68][0/40], lr: 0.01000	Loss 0.0561 (0.0561)	Prec@1 99.219 (99.219)	Prec@5 100.000 (100.000)
Epoch: [68][10/40], lr: 0.01000	Loss 0.0285 (0.0430)	Prec@1 99.219 (98.864)	Prec@5 100.000 (100.000)
Epoch: [68][20/40], lr: 0.01000	Loss 0.0609 (0.0353)	Prec@1 99.219 (99.144)	Prec@5 100.000 (100.000)
Epoch: [68][30/40], lr: 0.01000	Loss 0.0275 (0.0338)	Prec@1 99.219 (99.093)	Prec@5 100.000 (100.000)
Epoch [68] Training Results: Prec@1 99.180 Prec@5 100.000             Loss 0.03141
Epoch [68] Training Class Recall: [0.990,0.977,0.953,0.970,0.990,0.997,1.000,1.000,1.000,1.000]

Epoch: [69][0/40], lr: 0.01000	Loss 0.0236 (0.0236)	Prec@1 99.219 (99.219)	Prec@5 100.000 (100.000)
Epoch: [69][10/40], lr: 0.01000	Loss 0.0349 (0.0236)	Prec@1 98.438 (99.077)	Prec@5 100.000 (100.000)
Epoch: [69][20/40], lr: 0.01000	Loss 0.0080 (0.0225)	Prec@1 100.000 (99.144)	Prec@5 100.000 (100.000)
Epoch: [69][30/40], lr: 0.01000	Loss 0.0155 (0.0202)	Prec@1 100.000 (99.294)	Prec@5 100.000 (100.000)
Epoch [69] Training Results: Prec@1 99.340 Prec@5 100.000             Loss 0.01927
Epoch [69] Training Class Recall: [0.996,0.973,0.953,0.988,0.987,0.995,1.000,1.000,0.998,1.000]

Epoch: [70][0/40], lr: 0.01000	Loss 0.0141 (0.0141)	Prec@1 99.219 (99.219)	Prec@5 100.000 (100.000)
Epoch: [70][10/40], lr: 0.01000	Loss 0.0733 (0.0777)	Prec@1 97.656 (97.727)	Prec@5 100.000 (100.000)
Epoch: [70][20/40], lr: 0.01000	Loss 0.0676 (0.0619)	Prec@1 98.438 (98.177)	Prec@5 100.000 (99.963)
Epoch: [70][30/40], lr: 0.01000	Loss 0.0383 (0.0499)	Prec@1 98.438 (98.564)	Prec@5 100.000 (99.975)
Epoch [70] Training Results: Prec@1 98.580 Prec@5 99.980             Loss 0.04686
Epoch [70] Training Class Recall: [0.988,0.923,0.931,0.976,0.977,0.997,0.993,0.996,1.000,0.996]

Epoch: [71][0/40], lr: 0.01000	Loss 0.3645 (0.3645)	Prec@1 92.188 (92.188)	Prec@5 100.000 (100.000)
Epoch: [71][10/40], lr: 0.01000	Loss 0.1789 (0.5955)	Prec@1 94.531 (87.784)	Prec@5 100.000 (99.148)
Epoch: [71][20/40], lr: 0.01000	Loss 0.1860 (0.4101)	Prec@1 92.969 (90.141)	Prec@5 100.000 (99.516)
Epoch: [71][30/40], lr: 0.01000	Loss 0.0834 (0.3180)	Prec@1 97.656 (92.036)	Prec@5 100.000 (99.672)
Epoch [71] Training Results: Prec@1 92.960 Prec@5 99.700             Loss 0.27689
Epoch [71] Training Class Recall: [0.939,0.869,0.828,0.893,0.777,0.952,0.967,0.985,0.893,0.987]

Epoch: [72][0/40], lr: 0.01000	Loss 0.1321 (0.1321)	Prec@1 95.312 (95.312)	Prec@5 100.000 (100.000)
Epoch: [72][10/40], lr: 0.01000	Loss 0.3217 (0.2534)	Prec@1 89.062 (92.045)	Prec@5 100.000 (99.290)
Epoch: [72][20/40], lr: 0.01000	Loss 0.1181 (0.1967)	Prec@1 94.531 (93.787)	Prec@5 100.000 (99.628)
Epoch: [72][30/40], lr: 0.01000	Loss 0.0697 (0.1717)	Prec@1 96.875 (94.531)	Prec@5 100.000 (99.748)
Epoch [72] Training Results: Prec@1 95.280 Prec@5 99.800             Loss 0.15120
Epoch [72] Training Class Recall: [0.965,0.896,0.841,0.908,0.898,0.961,0.988,0.911,0.992,0.996]

Epoch: [73][0/40], lr: 0.01000	Loss 0.1146 (0.1146)	Prec@1 96.875 (96.875)	Prec@5 100.000 (100.000)
Epoch: [73][10/40], lr: 0.01000	Loss 0.2289 (0.4629)	Prec@1 92.188 (86.648)	Prec@5 99.219 (98.935)
Epoch: [73][20/40], lr: 0.01000	Loss 0.2089 (0.3599)	Prec@1 94.531 (89.509)	Prec@5 100.000 (99.368)
Epoch: [73][30/40], lr: 0.01000	Loss 0.0830 (0.2828)	Prec@1 98.438 (91.759)	Prec@5 100.000 (99.572)
Epoch [73] Training Results: Prec@1 92.740 Prec@5 99.660             Loss 0.24950
Epoch [73] Training Class Recall: [0.935,0.887,0.668,0.801,0.911,0.902,0.977,0.965,0.990,0.989]

Epoch: [74][0/40], lr: 0.01000	Loss 0.0858 (0.0858)	Prec@1 97.656 (97.656)	Prec@5 100.000 (100.000)
Epoch: [74][10/40], lr: 0.01000	Loss 0.1475 (0.3022)	Prec@1 96.094 (91.122)	Prec@5 100.000 (99.858)
Epoch: [74][20/40], lr: 0.01000	Loss 0.1306 (0.2570)	Prec@1 94.531 (92.188)	Prec@5 100.000 (99.888)
Epoch: [74][30/40], lr: 0.01000	Loss 0.0821 (0.2118)	Prec@1 97.656 (93.624)	Prec@5 100.000 (99.924)
Epoch [74] Training Results: Prec@1 94.420 Prec@5 99.940             Loss 0.18792
Epoch [74] Training Class Recall: [0.958,0.937,0.668,0.836,0.830,0.973,0.988,0.978,0.998,0.995]

Epoch: [75][0/40], lr: 0.01000	Loss 0.0908 (0.0908)	Prec@1 96.094 (96.094)	Prec@5 100.000 (100.000)
Epoch: [75][10/40], lr: 0.01000	Loss 0.1324 (0.2387)	Prec@1 94.531 (92.188)	Prec@5 100.000 (99.858)
Epoch: [75][20/40], lr: 0.01000	Loss 0.1328 (0.2026)	Prec@1 96.094 (93.638)	Prec@5 100.000 (99.926)
Epoch: [75][30/40], lr: 0.01000	Loss 0.0827 (0.1650)	Prec@1 97.656 (94.733)	Prec@5 100.000 (99.950)
Epoch [75] Training Results: Prec@1 95.500 Prec@5 99.960             Loss 0.14383
Epoch [75] Training Class Recall: [0.969,0.919,0.763,0.875,0.882,0.973,0.995,0.987,0.982,0.989]

Epoch: [76][0/40], lr: 0.01000	Loss 0.0650 (0.0650)	Prec@1 96.875 (96.875)	Prec@5 100.000 (100.000)
Epoch: [76][10/40], lr: 0.01000	Loss 0.0623 (0.0613)	Prec@1 97.656 (98.295)	Prec@5 100.000 (100.000)
Epoch: [76][20/40], lr: 0.01000	Loss 0.0223 (0.0576)	Prec@1 99.219 (98.251)	Prec@5 100.000 (100.000)
Epoch: [76][30/40], lr: 0.01000	Loss 0.0223 (0.0487)	Prec@1 99.219 (98.564)	Prec@5 100.000 (100.000)
Epoch [76] Training Results: Prec@1 98.620 Prec@5 100.000             Loss 0.04547
Epoch [76] Training Class Recall: [0.987,0.977,0.901,0.976,0.984,0.994,0.984,0.998,1.000,0.999]

Epoch: [77][0/40], lr: 0.01000	Loss 0.0165 (0.0165)	Prec@1 100.000 (100.000)	Prec@5 100.000 (100.000)
Epoch: [77][10/40], lr: 0.01000	Loss 0.1925 (0.2226)	Prec@1 93.750 (93.253)	Prec@5 100.000 (99.929)
Epoch: [77][20/40], lr: 0.01000	Loss 0.0905 (0.1743)	Prec@1 96.875 (94.457)	Prec@5 100.000 (99.926)
Epoch: [77][30/40], lr: 0.01000	Loss 0.1218 (0.1523)	Prec@1 95.312 (95.237)	Prec@5 100.000 (99.950)
Epoch [77] Training Results: Prec@1 95.780 Prec@5 99.960             Loss 0.13403
Epoch [77] Training Class Recall: [0.948,0.882,0.780,0.905,0.951,0.976,0.988,0.987,0.994,0.995]

Epoch: [78][0/40], lr: 0.01000	Loss 0.0406 (0.0406)	Prec@1 99.219 (99.219)	Prec@5 100.000 (100.000)
Epoch: [78][10/40], lr: 0.01000	Loss 0.0362 (0.0340)	Prec@1 98.438 (98.935)	Prec@5 100.000 (100.000)
Epoch: [78][20/40], lr: 0.01000	Loss 0.0133 (0.0296)	Prec@1 100.000 (99.256)	Prec@5 100.000 (100.000)
Epoch: [78][30/40], lr: 0.01000	Loss 0.0534 (0.0286)	Prec@1 99.219 (99.370)	Prec@5 100.000 (100.000)
Epoch [78] Training Results: Prec@1 99.400 Prec@5 100.000             Loss 0.02803
Epoch [78] Training Class Recall: [0.992,0.973,0.974,0.988,0.993,0.998,0.998,0.996,1.000,1.000]

Epoch: [79][0/40], lr: 0.01000	Loss 0.0176 (0.0176)	Prec@1 100.000 (100.000)	Prec@5 100.000 (100.000)
Epoch: [79][10/40], lr: 0.01000	Loss 0.0122 (0.0192)	Prec@1 100.000 (99.787)	Prec@5 100.000 (100.000)
Epoch: [79][20/40], lr: 0.01000	Loss 0.0094 (0.0169)	Prec@1 100.000 (99.814)	Prec@5 100.000 (100.000)
Epoch: [79][30/40], lr: 0.01000	Loss 0.0174 (0.0177)	Prec@1 98.438 (99.647)	Prec@5 100.000 (100.000)
Epoch [79] Training Results: Prec@1 99.600 Prec@5 100.000             Loss 0.01781
Epoch [79] Training Class Recall: [0.992,0.991,0.970,0.991,1.000,1.000,1.000,1.000,1.000,1.000]

Epoch: [80][0/40], lr: 0.01000	Loss 0.0040 (0.0040)	Prec@1 100.000 (100.000)	Prec@5 100.000 (100.000)
Epoch: [80][10/40], lr: 0.01000	Loss 0.0278 (0.0251)	Prec@1 98.438 (99.219)	Prec@5 100.000 (100.000)
Epoch: [80][20/40], lr: 0.01000	Loss 0.0275 (0.0221)	Prec@1 99.219 (99.405)	Prec@5 100.000 (100.000)
Epoch: [80][30/40], lr: 0.01000	Loss 0.0335 (0.0230)	Prec@1 98.438 (99.320)	Prec@5 100.000 (100.000)
Epoch [80] Training Results: Prec@1 99.300 Prec@5 100.000             Loss 0.02228
Epoch [80] Training Class Recall: [0.990,0.986,0.961,0.970,0.990,1.000,1.000,1.000,1.000,1.000]

Epoch: [81][0/40], lr: 0.01000	Loss 0.0556 (0.0556)	Prec@1 99.219 (99.219)	Prec@5 99.219 (99.219)
Epoch: [81][10/40], lr: 0.01000	Loss 0.0098 (0.0157)	Prec@1 99.219 (99.645)	Prec@5 100.000 (99.929)
Epoch: [81][20/40], lr: 0.01000	Loss 0.0094 (0.0184)	Prec@1 100.000 (99.702)	Prec@5 100.000 (99.963)
Epoch: [81][30/40], lr: 0.01000	Loss 0.0025 (0.0152)	Prec@1 100.000 (99.773)	Prec@5 100.000 (99.975)
Epoch [81] Training Results: Prec@1 99.780 Prec@5 99.980             Loss 0.01391
Epoch [81] Training Class Recall: [0.997,0.986,0.991,0.994,1.000,0.998,1.000,1.000,1.000,1.000]

Epoch: [82][0/40], lr: 0.01000	Loss 0.0053 (0.0053)	Prec@1 100.000 (100.000)	Prec@5 100.000 (100.000)
Epoch: [82][10/40], lr: 0.01000	Loss 0.0065 (0.0064)	Prec@1 100.000 (99.929)	Prec@5 100.000 (100.000)
Epoch: [82][20/40], lr: 0.01000	Loss 0.0107 (0.0060)	Prec@1 100.000 (99.926)	Prec@5 100.000 (100.000)
Epoch: [82][30/40], lr: 0.01000	Loss 0.0021 (0.0061)	Prec@1 100.000 (99.950)	Prec@5 100.000 (100.000)
Epoch [82] Training Results: Prec@1 99.860 Prec@5 100.000             Loss 0.00808
Epoch [82] Training Class Recall: [0.998,0.995,0.991,1.000,1.000,1.000,1.000,1.000,1.000,0.997]

Epoch: [83][0/40], lr: 0.01000	Loss 0.0043 (0.0043)	Prec@1 100.000 (100.000)	Prec@5 100.000 (100.000)
Epoch: [83][10/40], lr: 0.01000	Loss 0.0411 (0.1116)	Prec@1 99.219 (96.946)	Prec@5 100.000 (100.000)
Epoch: [83][20/40], lr: 0.01000	Loss 0.0797 (0.0903)	Prec@1 97.656 (97.396)	Prec@5 100.000 (100.000)
Epoch: [83][30/40], lr: 0.01000	Loss 0.0294 (0.0773)	Prec@1 99.219 (97.707)	Prec@5 100.000 (100.000)
Epoch [83] Training Results: Prec@1 98.060 Prec@5 100.000             Loss 0.06677
Epoch [83] Training Class Recall: [0.974,0.959,0.931,0.967,0.970,0.994,0.998,0.994,0.974,0.993]

Epoch: [84][0/40], lr: 0.01000	Loss 0.0106 (0.0106)	Prec@1 100.000 (100.000)	Prec@5 100.000 (100.000)
Epoch: [84][10/40], lr: 0.01000	Loss 0.4963 (0.3457)	Prec@1 82.812 (90.341)	Prec@5 98.438 (99.503)
Epoch: [84][20/40], lr: 0.01000	Loss 0.0813 (0.2647)	Prec@1 97.656 (92.560)	Prec@5 100.000 (99.665)
Epoch: [84][30/40], lr: 0.01000	Loss 0.0467 (0.2187)	Prec@1 99.219 (93.674)	Prec@5 100.000 (99.773)
Epoch [84] Training Results: Prec@1 94.320 Prec@5 99.820             Loss 0.19275
Epoch [84] Training Class Recall: [0.968,0.919,0.784,0.786,0.908,0.944,0.984,0.955,0.972,0.993]

Epoch: [85][0/40], lr: 0.01000	Loss 0.0614 (0.0614)	Prec@1 96.875 (96.875)	Prec@5 100.000 (100.000)
Epoch: [85][10/40], lr: 0.01000	Loss 0.0300 (0.0488)	Prec@1 100.000 (98.722)	Prec@5 100.000 (100.000)
Epoch: [85][20/40], lr: 0.01000	Loss 0.0284 (0.0433)	Prec@1 100.000 (98.772)	Prec@5 100.000 (100.000)
Epoch: [85][30/40], lr: 0.01000	Loss 0.0291 (0.0384)	Prec@1 99.219 (98.942)	Prec@5 100.000 (100.000)
Epoch [85] Training Results: Prec@1 98.980 Prec@5 100.000             Loss 0.03587
Epoch [85] Training Class Recall: [0.985,0.955,0.940,0.985,0.987,0.995,1.000,1.000,1.000,1.000]

Epoch: [86][0/40], lr: 0.01000	Loss 0.0163 (0.0163)	Prec@1 100.000 (100.000)	Prec@5 100.000 (100.000)
Epoch: [86][10/40], lr: 0.01000	Loss 0.0403 (0.0241)	Prec@1 98.438 (99.361)	Prec@5 100.000 (100.000)
Epoch: [86][20/40], lr: 0.01000	Loss 0.0139 (0.0205)	Prec@1 100.000 (99.479)	Prec@5 100.000 (100.000)
Epoch: [86][30/40], lr: 0.01000	Loss 0.0319 (0.0187)	Prec@1 99.219 (99.572)	Prec@5 100.000 (100.000)
Epoch [86] Training Results: Prec@1 99.600 Prec@5 100.000             Loss 0.01859
Epoch [86] Training Class Recall: [0.994,0.995,0.961,0.997,1.000,0.995,1.000,1.000,1.000,1.000]

Epoch: [87][0/40], lr: 0.01000	Loss 0.0081 (0.0081)	Prec@1 100.000 (100.000)	Prec@5 100.000 (100.000)
Epoch: [87][10/40], lr: 0.01000	Loss 0.1370 (0.0446)	Prec@1 95.312 (98.651)	Prec@5 100.000 (100.000)
Epoch: [87][20/40], lr: 0.01000	Loss 0.0263 (0.0325)	Prec@1 98.438 (98.996)	Prec@5 100.000 (100.000)
Epoch: [87][30/40], lr: 0.01000	Loss 0.0179 (0.0306)	Prec@1 100.000 (98.967)	Prec@5 100.000 (100.000)
Epoch [87] Training Results: Prec@1 99.040 Prec@5 100.000             Loss 0.02962
Epoch [87] Training Class Recall: [0.982,0.982,0.961,0.982,0.993,0.997,0.997,0.998,0.992,1.000]

Epoch: [88][0/40], lr: 0.01000	Loss 0.0173 (0.0173)	Prec@1 100.000 (100.000)	Prec@5 100.000 (100.000)
Epoch: [88][10/40], lr: 0.01000	Loss 0.1020 (0.0970)	Prec@1 97.656 (97.230)	Prec@5 100.000 (100.000)
Epoch: [88][20/40], lr: 0.01000	Loss 0.0238 (0.0647)	Prec@1 99.219 (98.065)	Prec@5 100.000 (100.000)
Epoch: [88][30/40], lr: 0.01000	Loss 0.0118 (0.0591)	Prec@1 100.000 (98.211)	Prec@5 100.000 (100.000)
Epoch [88] Training Results: Prec@1 98.260 Prec@5 100.000             Loss 0.05314
Epoch [88] Training Class Recall: [0.984,0.959,0.892,0.940,0.990,0.989,0.997,0.998,1.000,0.995]

Epoch: [89][0/40], lr: 0.01000	Loss 0.0738 (0.0738)	Prec@1 96.875 (96.875)	Prec@5 100.000 (100.000)
Epoch: [89][10/40], lr: 0.01000	Loss 0.1382 (0.2294)	Prec@1 96.875 (93.892)	Prec@5 100.000 (99.858)
Epoch: [89][20/40], lr: 0.01000	Loss 0.0748 (0.1834)	Prec@1 96.875 (94.717)	Prec@5 100.000 (99.851)
Epoch: [89][30/40], lr: 0.01000	Loss 0.0447 (0.1546)	Prec@1 97.656 (95.439)	Prec@5 100.000 (99.899)
Epoch [89] Training Results: Prec@1 96.080 Prec@5 99.920             Loss 0.13219
Epoch [89] Training Class Recall: [0.978,0.941,0.741,0.890,0.957,0.969,0.986,0.948,1.000,1.000]

Epoch: [90][0/40], lr: 0.01000	Loss 0.0220 (0.0220)	Prec@1 99.219 (99.219)	Prec@5 100.000 (100.000)
Epoch: [90][10/40], lr: 0.01000	Loss 0.0727 (0.0426)	Prec@1 97.656 (98.509)	Prec@5 100.000 (100.000)
Epoch: [90][20/40], lr: 0.01000	Loss 0.0513 (0.0401)	Prec@1 97.656 (98.698)	Prec@5 100.000 (100.000)
Epoch: [90][30/40], lr: 0.01000	Loss 0.0113 (0.0360)	Prec@1 100.000 (98.816)	Prec@5 100.000 (100.000)
Epoch [90] Training Results: Prec@1 98.880 Prec@5 100.000             Loss 0.03442
Epoch [90] Training Class Recall: [0.986,0.973,0.909,0.973,0.990,0.995,1.000,1.000,1.000,1.000]

Epoch: [91][0/40], lr: 0.01000	Loss 0.0437 (0.0437)	Prec@1 98.438 (98.438)	Prec@5 100.000 (100.000)
Epoch: [91][10/40], lr: 0.01000	Loss 0.1159 (0.1321)	Prec@1 96.875 (96.378)	Prec@5 100.000 (100.000)
Epoch: [91][20/40], lr: 0.01000	Loss 0.0489 (0.0990)	Prec@1 98.438 (97.173)	Prec@5 100.000 (100.000)
Epoch: [91][30/40], lr: 0.01000	Loss 0.0200 (0.0808)	Prec@1 100.000 (97.707)	Prec@5 100.000 (100.000)
Epoch [91] Training Results: Prec@1 97.940 Prec@5 100.000             Loss 0.07192
Epoch [91] Training Class Recall: [0.978,0.968,0.888,0.970,0.977,0.994,0.955,0.998,1.000,1.000]

Epoch: [92][0/40], lr: 0.01000	Loss 0.0413 (0.0413)	Prec@1 99.219 (99.219)	Prec@5 100.000 (100.000)
Epoch: [92][10/40], lr: 0.01000	Loss 0.1005 (0.1307)	Prec@1 95.312 (96.449)	Prec@5 100.000 (100.000)
Epoch: [92][20/40], lr: 0.01000	Loss 0.0377 (0.1096)	Prec@1 98.438 (96.615)	Prec@5 100.000 (100.000)
Epoch: [92][30/40], lr: 0.01000	Loss 0.0449 (0.0894)	Prec@1 99.219 (97.253)	Prec@5 100.000 (100.000)
Epoch [92] Training Results: Prec@1 97.680 Prec@5 100.000             Loss 0.07655
Epoch [92] Training Class Recall: [0.969,0.860,0.922,0.967,0.977,0.990,0.998,0.994,0.994,0.993]

Epoch: [93][0/40], lr: 0.01000	Loss 0.0369 (0.0369)	Prec@1 98.438 (98.438)	Prec@5 100.000 (100.000)
Epoch: [93][10/40], lr: 0.01000	Loss 0.0183 (0.0179)	Prec@1 99.219 (99.503)	Prec@5 100.000 (100.000)
Epoch: [93][20/40], lr: 0.01000	Loss 0.0252 (0.0190)	Prec@1 99.219 (99.554)	Prec@5 100.000 (100.000)
Epoch: [93][30/40], lr: 0.01000	Loss 0.0184 (0.0211)	Prec@1 99.219 (99.395)	Prec@5 100.000 (100.000)
Epoch [93] Training Results: Prec@1 99.300 Prec@5 100.000             Loss 0.02082
Epoch [93] Training Class Recall: [0.989,0.959,0.957,0.985,1.000,1.000,1.000,1.000,1.000,1.000]

Epoch: [94][0/40], lr: 0.01000	Loss 0.0099 (0.0099)	Prec@1 100.000 (100.000)	Prec@5 100.000 (100.000)
Epoch: [94][10/40], lr: 0.01000	Loss 0.0953 (0.1040)	Prec@1 96.094 (96.236)	Prec@5 100.000 (100.000)
Epoch: [94][20/40], lr: 0.01000	Loss 0.0369 (0.0771)	Prec@1 98.438 (97.359)	Prec@5 100.000 (100.000)
Epoch: [94][30/40], lr: 0.01000	Loss 0.0298 (0.0667)	Prec@1 99.219 (97.833)	Prec@5 100.000 (100.000)
Epoch [94] Training Results: Prec@1 98.140 Prec@5 100.000             Loss 0.05802
Epoch [94] Training Class Recall: [0.983,0.937,0.918,0.964,0.987,0.995,0.997,0.955,1.000,0.999]

Epoch: [95][0/40], lr: 0.01000	Loss 0.0620 (0.0620)	Prec@1 98.438 (98.438)	Prec@5 100.000 (100.000)
Epoch: [95][10/40], lr: 0.01000	Loss 0.0214 (0.0181)	Prec@1 100.000 (99.645)	Prec@5 100.000 (100.000)
Epoch: [95][20/40], lr: 0.01000	Loss 0.0208 (0.0172)	Prec@1 99.219 (99.665)	Prec@5 100.000 (100.000)
Epoch: [95][30/40], lr: 0.01000	Loss 0.0068 (0.0158)	Prec@1 100.000 (99.698)	Prec@5 100.000 (100.000)
Epoch [95] Training Results: Prec@1 99.720 Prec@5 100.000             Loss 0.01474
Epoch [95] Training Class Recall: [0.993,0.995,0.983,0.994,1.000,1.000,1.000,1.000,1.000,1.000]

Epoch: [96][0/40], lr: 0.01000	Loss 0.0038 (0.0038)	Prec@1 100.000 (100.000)	Prec@5 100.000 (100.000)
Epoch: [96][10/40], lr: 0.01000	Loss 0.0500 (0.0177)	Prec@1 97.656 (99.503)	Prec@5 100.000 (100.000)
Epoch: [96][20/40], lr: 0.01000	Loss 0.0109 (0.0168)	Prec@1 100.000 (99.479)	Prec@5 100.000 (100.000)
Epoch: [96][30/40], lr: 0.01000	Loss 0.0032 (0.0141)	Prec@1 100.000 (99.572)	Prec@5 100.000 (100.000)
Epoch [96] Training Results: Prec@1 99.560 Prec@5 100.000             Loss 0.01491
Epoch [96] Training Class Recall: [0.994,0.977,0.978,0.991,0.993,1.000,1.000,1.000,1.000,0.999]

Epoch: [97][0/40], lr: 0.01000	Loss 0.0065 (0.0065)	Prec@1 100.000 (100.000)	Prec@5 100.000 (100.000)
Epoch: [97][10/40], lr: 0.01000	Loss 0.0090 (0.0307)	Prec@1 100.000 (99.006)	Prec@5 100.000 (100.000)
Epoch: [97][20/40], lr: 0.01000	Loss 0.0032 (0.0247)	Prec@1 100.000 (99.219)	Prec@5 100.000 (100.000)
Epoch: [97][30/40], lr: 0.01000	Loss 0.0069 (0.0228)	Prec@1 100.000 (99.320)	Prec@5 100.000 (100.000)
Epoch [97] Training Results: Prec@1 99.320 Prec@5 100.000             Loss 0.02284
Epoch [97] Training Class Recall: [0.991,0.959,0.970,0.982,0.993,1.000,0.998,1.000,1.000,1.000]

Epoch: [98][0/40], lr: 0.01000	Loss 0.0229 (0.0229)	Prec@1 98.438 (98.438)	Prec@5 100.000 (100.000)
Epoch: [98][10/40], lr: 0.01000	Loss 0.1137 (0.1366)	Prec@1 96.094 (95.881)	Prec@5 100.000 (100.000)
Epoch: [98][20/40], lr: 0.01000	Loss 0.0736 (0.1361)	Prec@1 96.875 (96.131)	Prec@5 100.000 (99.888)
Epoch: [98][30/40], lr: 0.01000	Loss 0.0355 (0.1091)	Prec@1 99.219 (96.925)	Prec@5 100.000 (99.924)
Epoch [98] Training Results: Prec@1 97.260 Prec@5 99.940             Loss 0.09544
Epoch [98] Training Class Recall: [0.963,0.932,0.849,0.932,0.977,0.987,0.997,0.998,0.982,1.000]

Epoch: [99][0/40], lr: 0.01000	Loss 0.0321 (0.0321)	Prec@1 99.219 (99.219)	Prec@5 100.000 (100.000)
Epoch: [99][10/40], lr: 0.01000	Loss 0.0164 (0.0312)	Prec@1 100.000 (98.935)	Prec@5 100.000 (100.000)
Epoch: [99][20/40], lr: 0.01000	Loss 0.0166 (0.0263)	Prec@1 100.000 (99.219)	Prec@5 100.000 (100.000)
Epoch: [99][30/40], lr: 0.01000	Loss 0.0325 (0.0238)	Prec@1 98.438 (99.294)	Prec@5 100.000 (100.000)
Epoch [99] Training Results: Prec@1 99.420 Prec@5 100.000             Loss 0.02089
Epoch [99] Training Class Recall: [0.993,0.995,0.953,0.988,0.984,0.998,1.000,1.000,1.000,1.000]

Epoch: [100][0/40], lr: 0.01000	Loss 0.0042 (0.0042)	Prec@1 100.000 (100.000)	Prec@5 100.000 (100.000)
Epoch: [100][10/40], lr: 0.01000	Loss 0.0125 (0.0117)	Prec@1 100.000 (99.787)	Prec@5 100.000 (100.000)
Epoch: [100][20/40], lr: 0.01000	Loss 0.0086 (0.0121)	Prec@1 100.000 (99.777)	Prec@5 100.000 (100.000)
Epoch: [100][30/40], lr: 0.01000	Loss 0.0118 (0.0137)	Prec@1 99.219 (99.723)	Prec@5 100.000 (100.000)
Epoch [100] Training Results: Prec@1 99.560 Prec@5 100.000             Loss 0.01657
Epoch [100] Training Class Recall: [0.993,1.000,0.974,0.994,0.987,0.995,1.000,1.000,1.000,1.000]

Epoch: [101][0/40], lr: 0.01000	Loss 0.0050 (0.0050)	Prec@1 100.000 (100.000)	Prec@5 100.000 (100.000)
Epoch: [101][10/40], lr: 0.01000	Loss 0.0044 (0.0133)	Prec@1 100.000 (99.716)	Prec@5 100.000 (100.000)
Epoch: [101][20/40], lr: 0.01000	Loss 0.0164 (0.0129)	Prec@1 99.219 (99.702)	Prec@5 100.000 (100.000)
Epoch: [101][30/40], lr: 0.01000	Loss 0.0026 (0.0113)	Prec@1 100.000 (99.748)	Prec@5 100.000 (100.000)
Epoch [101] Training Results: Prec@1 99.740 Prec@5 100.000             Loss 0.01228
Epoch [101] Training Class Recall: [0.995,0.995,0.987,0.997,0.993,0.998,1.000,1.000,1.000,1.000]

Epoch: [102][0/40], lr: 0.01000	Loss 0.0252 (0.0252)	Prec@1 98.438 (98.438)	Prec@5 100.000 (100.000)
Epoch: [102][10/40], lr: 0.01000	Loss 0.2368 (0.2057)	Prec@1 94.531 (94.460)	Prec@5 100.000 (99.716)
Epoch: [102][20/40], lr: 0.01000	Loss 0.1457 (0.1621)	Prec@1 92.969 (95.015)	Prec@5 100.000 (99.851)
Epoch: [102][30/40], lr: 0.01000	Loss 0.0583 (0.1362)	Prec@1 98.438 (95.741)	Prec@5 100.000 (99.899)
Epoch [102] Training Results: Prec@1 96.300 Prec@5 99.920             Loss 0.11867
Epoch [102] Training Class Recall: [0.982,0.982,0.871,0.917,0.895,0.969,0.922,0.987,0.996,0.999]

Epoch: [103][0/40], lr: 0.01000	Loss 0.0268 (0.0268)	Prec@1 99.219 (99.219)	Prec@5 100.000 (100.000)
Epoch: [103][10/40], lr: 0.01000	Loss 0.1939 (0.2645)	Prec@1 91.406 (91.193)	Prec@5 100.000 (99.929)
Epoch: [103][20/40], lr: 0.01000	Loss 0.1691 (0.2177)	Prec@1 96.094 (92.894)	Prec@5 100.000 (99.926)
Epoch: [103][30/40], lr: 0.01000	Loss 0.0493 (0.1738)	Prec@1 99.219 (94.330)	Prec@5 100.000 (99.950)
Epoch [103] Training Results: Prec@1 94.980 Prec@5 99.960             Loss 0.15280
Epoch [103] Training Class Recall: [0.962,0.900,0.819,0.860,0.892,0.945,0.983,0.976,0.988,0.989]

Epoch: [104][0/40], lr: 0.01000	Loss 0.0550 (0.0550)	Prec@1 98.438 (98.438)	Prec@5 100.000 (100.000)
Epoch: [104][10/40], lr: 0.01000	Loss 0.1066 (0.0797)	Prec@1 94.531 (97.230)	Prec@5 100.000 (100.000)
Epoch: [104][20/40], lr: 0.01000	Loss 0.0250 (0.0584)	Prec@1 100.000 (98.140)	Prec@5 100.000 (100.000)
Epoch: [104][30/40], lr: 0.01000	Loss 0.0302 (0.0483)	Prec@1 98.438 (98.488)	Prec@5 100.000 (100.000)
Epoch [104] Training Results: Prec@1 98.580 Prec@5 100.000             Loss 0.04439
Epoch [104] Training Class Recall: [0.980,0.973,0.918,0.982,0.987,0.992,0.993,1.000,0.996,0.993]

Epoch: [105][0/40], lr: 0.01000	Loss 0.0298 (0.0298)	Prec@1 99.219 (99.219)	Prec@5 100.000 (100.000)
Epoch: [105][10/40], lr: 0.01000	Loss 0.0119 (0.0218)	Prec@1 100.000 (99.432)	Prec@5 100.000 (100.000)
Epoch: [105][20/40], lr: 0.01000	Loss 0.0058 (0.0163)	Prec@1 100.000 (99.665)	Prec@5 100.000 (100.000)
Epoch: [105][30/40], lr: 0.01000	Loss 0.0253 (0.0153)	Prec@1 99.219 (99.647)	Prec@5 100.000 (100.000)
Epoch [105] Training Results: Prec@1 99.620 Prec@5 100.000             Loss 0.01589
Epoch [105] Training Class Recall: [0.991,0.982,0.991,0.994,1.000,0.998,0.998,1.000,1.000,1.000]

Epoch: [106][0/40], lr: 0.01000	Loss 0.0304 (0.0304)	Prec@1 98.438 (98.438)	Prec@5 100.000 (100.000)
Epoch: [106][10/40], lr: 0.01000	Loss 0.0118 (0.0136)	Prec@1 100.000 (99.574)	Prec@5 100.000 (100.000)
Epoch: [106][20/40], lr: 0.01000	Loss 0.0085 (0.0166)	Prec@1 100.000 (99.591)	Prec@5 100.000 (100.000)
Epoch: [106][30/40], lr: 0.01000	Loss 0.0056 (0.0140)	Prec@1 100.000 (99.698)	Prec@5 100.000 (100.000)
Epoch [106] Training Results: Prec@1 99.740 Prec@5 100.000             Loss 0.01327
Epoch [106] Training Class Recall: [0.998,0.982,0.991,0.994,0.997,1.000,1.000,0.998,0.998,1.000]

Epoch: [107][0/40], lr: 0.01000	Loss 0.0041 (0.0041)	Prec@1 100.000 (100.000)	Prec@5 100.000 (100.000)
Epoch: [107][10/40], lr: 0.01000	Loss 0.0880 (0.0906)	Prec@1 96.875 (97.940)	Prec@5 100.000 (99.858)
Epoch: [107][20/40], lr: 0.01000	Loss 0.0266 (0.0863)	Prec@1 99.219 (97.879)	Prec@5 100.000 (99.851)
Epoch: [107][30/40], lr: 0.01000	Loss 0.0411 (0.0720)	Prec@1 99.219 (98.160)	Prec@5 100.000 (99.899)
Epoch [107] Training Results: Prec@1 98.300 Prec@5 99.920             Loss 0.06519
Epoch [107] Training Class Recall: [0.955,0.950,0.940,0.985,0.997,0.992,0.997,1.000,0.996,1.000]

Epoch: [108][0/40], lr: 0.01000	Loss 0.0358 (0.0358)	Prec@1 98.438 (98.438)	Prec@5 100.000 (100.000)
Epoch: [108][10/40], lr: 0.01000	Loss 0.1465 (0.2394)	Prec@1 95.312 (92.472)	Prec@5 100.000 (99.716)
Epoch: [108][20/40], lr: 0.01000	Loss 0.1064 (0.2053)	Prec@1 96.094 (93.155)	Prec@5 100.000 (99.814)
Epoch: [108][30/40], lr: 0.01000	Loss 0.0627 (0.1733)	Prec@1 98.438 (94.229)	Prec@5 100.000 (99.874)
Epoch [108] Training Results: Prec@1 94.920 Prec@5 99.900             Loss 0.15211
Epoch [108] Training Class Recall: [0.961,0.919,0.716,0.863,0.918,0.963,0.972,0.991,0.986,0.987]

Epoch: [109][0/40], lr: 0.01000	Loss 0.0257 (0.0257)	Prec@1 100.000 (100.000)	Prec@5 100.000 (100.000)
Epoch: [109][10/40], lr: 0.01000	Loss 0.0975 (0.1219)	Prec@1 96.875 (96.520)	Prec@5 100.000 (99.929)
Epoch: [109][20/40], lr: 0.01000	Loss 0.0701 (0.1191)	Prec@1 96.875 (96.429)	Prec@5 100.000 (99.926)
Epoch: [109][30/40], lr: 0.01000	Loss 0.0238 (0.0985)	Prec@1 99.219 (97.102)	Prec@5 100.000 (99.950)
Epoch [109] Training Results: Prec@1 97.440 Prec@5 99.960             Loss 0.08706
Epoch [109] Training Class Recall: [0.978,0.982,0.909,0.881,0.967,0.952,1.000,0.998,1.000,1.000]

Epoch: [110][0/40], lr: 0.01000	Loss 0.0381 (0.0381)	Prec@1 99.219 (99.219)	Prec@5 100.000 (100.000)
Epoch: [110][10/40], lr: 0.01000	Loss 0.0359 (0.0236)	Prec@1 98.438 (99.503)	Prec@5 100.000 (100.000)
Epoch: [110][20/40], lr: 0.01000	Loss 0.0115 (0.0229)	Prec@1 100.000 (99.516)	Prec@5 100.000 (100.000)
Epoch: [110][30/40], lr: 0.01000	Loss 0.0089 (0.0201)	Prec@1 100.000 (99.572)	Prec@5 100.000 (100.000)
Epoch [110] Training Results: Prec@1 99.640 Prec@5 100.000             Loss 0.01796
Epoch [110] Training Class Recall: [0.992,0.995,0.983,0.994,0.997,0.997,1.000,1.000,1.000,1.000]

Epoch: [111][0/40], lr: 0.01000	Loss 0.0142 (0.0142)	Prec@1 100.000 (100.000)	Prec@5 100.000 (100.000)
Epoch: [111][10/40], lr: 0.01000	Loss 0.0272 (0.0130)	Prec@1 99.219 (99.716)	Prec@5 100.000 (100.000)
Epoch: [111][20/40], lr: 0.01000	Loss 0.0284 (0.0129)	Prec@1 99.219 (99.740)	Prec@5 100.000 (100.000)
Epoch: [111][30/40], lr: 0.01000	Loss 0.0100 (0.0139)	Prec@1 100.000 (99.698)	Prec@5 100.000 (100.000)
Epoch [111] Training Results: Prec@1 99.740 Prec@5 100.000             Loss 0.01265
Epoch [111] Training Class Recall: [0.997,0.991,0.987,0.997,1.000,0.997,1.000,1.000,0.998,0.999]

Epoch: [112][0/40], lr: 0.01000	Loss 0.0342 (0.0342)	Prec@1 98.438 (98.438)	Prec@5 100.000 (100.000)
Epoch: [112][10/40], lr: 0.01000	Loss 0.0156 (0.0367)	Prec@1 100.000 (98.864)	Prec@5 100.000 (100.000)
Epoch: [112][20/40], lr: 0.01000	Loss 0.0104 (0.0287)	Prec@1 100.000 (99.182)	Prec@5 100.000 (100.000)
Epoch: [112][30/40], lr: 0.01000	Loss 0.0225 (0.0246)	Prec@1 100.000 (99.345)	Prec@5 100.000 (100.000)
Epoch [112] Training Results: Prec@1 99.460 Prec@5 100.000             Loss 0.02136
Epoch [112] Training Class Recall: [0.989,0.982,0.978,0.988,0.997,1.000,0.998,1.000,0.998,1.000]

Epoch: [113][0/40], lr: 0.01000	Loss 0.0017 (0.0017)	Prec@1 100.000 (100.000)	Prec@5 100.000 (100.000)
Epoch: [113][10/40], lr: 0.01000	Loss 0.0039 (0.0072)	Prec@1 100.000 (99.929)	Prec@5 100.000 (100.000)
Epoch: [113][20/40], lr: 0.01000	Loss 0.0035 (0.0064)	Prec@1 100.000 (99.963)	Prec@5 100.000 (100.000)
Epoch: [113][30/40], lr: 0.01000	Loss 0.0148 (0.0069)	Prec@1 100.000 (99.924)	Prec@5 100.000 (100.000)
Epoch [113] Training Results: Prec@1 99.920 Prec@5 100.000             Loss 0.00677
Epoch [113] Training Class Recall: [0.998,1.000,0.996,0.997,1.000,1.000,1.000,1.000,1.000,1.000]

Epoch: [114][0/40], lr: 0.01000	Loss 0.0014 (0.0014)	Prec@1 100.000 (100.000)	Prec@5 100.000 (100.000)
Epoch: [114][10/40], lr: 0.01000	Loss 0.0036 (0.0048)	Prec@1 100.000 (99.929)	Prec@5 100.000 (100.000)
Epoch: [114][20/40], lr: 0.01000	Loss 0.0076 (0.0059)	Prec@1 100.000 (99.888)	Prec@5 100.000 (100.000)
Epoch: [114][30/40], lr: 0.01000	Loss 0.0020 (0.0062)	Prec@1 100.000 (99.899)	Prec@5 100.000 (100.000)
Epoch [114] Training Results: Prec@1 99.800 Prec@5 99.980             Loss 0.00959
Epoch [114] Training Class Recall: [0.998,1.000,0.983,0.997,1.000,1.000,1.000,1.000,1.000,0.996]

Epoch: [115][0/40], lr: 0.01000	Loss 0.1671 (0.1671)	Prec@1 96.094 (96.094)	Prec@5 100.000 (100.000)
Epoch: [115][10/40], lr: 0.01000	Loss 0.9312 (1.1867)	Prec@1 76.562 (76.136)	Prec@5 99.219 (96.094)
Epoch: [115][20/40], lr: 0.01000	Loss 0.3456 (0.8638)	Prec@1 88.281 (80.208)	Prec@5 100.000 (97.433)
Epoch: [115][30/40], lr: 0.01000	Loss 0.3097 (0.6850)	Prec@1 89.062 (83.392)	Prec@5 100.000 (98.160)
Epoch [115] Training Results: Prec@1 85.320 Prec@5 98.480             Loss 0.59270
Epoch [115] Training Class Recall: [0.927,0.661,0.569,0.685,0.613,0.879,0.929,0.903,0.952,0.897]

Epoch: [116][0/40], lr: 0.01000	Loss 0.2033 (0.2033)	Prec@1 93.750 (93.750)	Prec@5 100.000 (100.000)
Epoch: [116][10/40], lr: 0.01000	Loss 0.2176 (0.2311)	Prec@1 91.406 (92.827)	Prec@5 100.000 (99.645)
Epoch: [116][20/40], lr: 0.01000	Loss 0.1371 (0.1990)	Prec@1 95.312 (93.936)	Prec@5 100.000 (99.777)
Epoch: [116][30/40], lr: 0.01000	Loss 0.0868 (0.1737)	Prec@1 97.656 (94.682)	Prec@5 100.000 (99.824)
Epoch [116] Training Results: Prec@1 95.200 Prec@5 99.840             Loss 0.15915
Epoch [116] Training Class Recall: [0.956,0.910,0.754,0.851,0.918,0.960,0.998,0.998,0.984,0.988]

Epoch: [117][0/40], lr: 0.01000	Loss 0.0883 (0.0883)	Prec@1 96.094 (96.094)	Prec@5 100.000 (100.000)
Epoch: [117][10/40], lr: 0.01000	Loss 0.0523 (0.1094)	Prec@1 97.656 (95.952)	Prec@5 100.000 (100.000)
Epoch: [117][20/40], lr: 0.01000	Loss 0.2313 (0.1103)	Prec@1 95.312 (96.615)	Prec@5 100.000 (99.963)
Epoch: [117][30/40], lr: 0.01000	Loss 0.1244 (0.0969)	Prec@1 96.875 (97.051)	Prec@5 100.000 (99.975)
Epoch [117] Training Results: Prec@1 97.220 Prec@5 99.980             Loss 0.08845
Epoch [117] Training Class Recall: [0.978,0.932,0.862,0.923,0.961,0.981,0.967,1.000,0.998,1.000]

Epoch: [118][0/40], lr: 0.01000	Loss 0.0430 (0.0430)	Prec@1 98.438 (98.438)	Prec@5 100.000 (100.000)
Epoch: [118][10/40], lr: 0.01000	Loss 0.0315 (0.0499)	Prec@1 99.219 (98.722)	Prec@5 100.000 (100.000)
Epoch: [118][20/40], lr: 0.01000	Loss 0.0459 (0.0447)	Prec@1 98.438 (98.810)	Prec@5 100.000 (100.000)
Epoch: [118][30/40], lr: 0.01000	Loss 0.0321 (0.0370)	Prec@1 99.219 (99.068)	Prec@5 100.000 (100.000)
Epoch [118] Training Results: Prec@1 99.100 Prec@5 100.000             Loss 0.03541
Epoch [118] Training Class Recall: [0.987,0.982,0.944,0.970,0.993,0.995,1.000,1.000,1.000,1.000]

Epoch: [119][0/40], lr: 0.01000	Loss 0.0132 (0.0132)	Prec@1 100.000 (100.000)	Prec@5 100.000 (100.000)
Epoch: [119][10/40], lr: 0.01000	Loss 0.0194 (0.0239)	Prec@1 100.000 (99.432)	Prec@5 100.000 (100.000)
Epoch: [119][20/40], lr: 0.01000	Loss 0.0035 (0.0252)	Prec@1 100.000 (99.442)	Prec@5 100.000 (100.000)
Epoch: [119][30/40], lr: 0.01000	Loss 0.0240 (0.0245)	Prec@1 99.219 (99.446)	Prec@5 100.000 (100.000)
Epoch [119] Training Results: Prec@1 99.440 Prec@5 100.000             Loss 0.02385
Epoch [119] Training Class Recall: [0.995,0.968,0.966,0.985,0.993,0.998,1.000,1.000,1.000,1.000]

Epoch: [120][0/40], lr: 0.01000	Loss 0.0223 (0.0223)	Prec@1 100.000 (100.000)	Prec@5 100.000 (100.000)
Epoch: [120][10/40], lr: 0.01000	Loss 0.4179 (0.3208)	Prec@1 84.375 (91.122)	Prec@5 100.000 (99.929)
Epoch: [120][20/40], lr: 0.01000	Loss 0.1049 (0.2615)	Prec@1 98.438 (92.560)	Prec@5 100.000 (99.888)
Epoch: [120][30/40], lr: 0.01000	Loss 0.0624 (0.2123)	Prec@1 97.656 (93.977)	Prec@5 100.000 (99.924)
Epoch [120] Training Results: Prec@1 94.680 Prec@5 99.920             Loss 0.18398
Epoch [120] Training Class Recall: [0.971,0.882,0.828,0.890,0.849,0.924,0.983,0.974,0.986,0.984]

Epoch: [121][0/40], lr: 0.01000	Loss 0.0936 (0.0936)	Prec@1 96.094 (96.094)	Prec@5 100.000 (100.000)
Epoch: [121][10/40], lr: 0.01000	Loss 0.0517 (0.0921)	Prec@1 98.438 (96.733)	Prec@5 100.000 (100.000)
Epoch: [121][20/40], lr: 0.01000	Loss 0.0386 (0.0744)	Prec@1 99.219 (97.545)	Prec@5 100.000 (100.000)
Epoch: [121][30/40], lr: 0.01000	Loss 0.0161 (0.0620)	Prec@1 100.000 (97.984)	Prec@5 100.000 (100.000)
Epoch [121] Training Results: Prec@1 98.220 Prec@5 100.000             Loss 0.05591
Epoch [121] Training Class Recall: [0.982,0.946,0.922,0.967,0.967,0.982,0.988,0.996,1.000,1.000]

Epoch: [122][0/40], lr: 0.01000	Loss 0.0191 (0.0191)	Prec@1 99.219 (99.219)	Prec@5 100.000 (100.000)
Epoch: [122][10/40], lr: 0.01000	Loss 0.0748 (0.1300)	Prec@1 97.656 (96.094)	Prec@5 100.000 (99.929)
Epoch: [122][20/40], lr: 0.01000	Loss 0.0489 (0.0994)	Prec@1 98.438 (97.024)	Prec@5 100.000 (99.963)
Epoch: [122][30/40], lr: 0.01000	Loss 0.0798 (0.0855)	Prec@1 96.094 (97.379)	Prec@5 100.000 (99.975)
Epoch [122] Training Results: Prec@1 97.740 Prec@5 99.980             Loss 0.07599
Epoch [122] Training Class Recall: [0.981,0.959,0.828,0.949,0.984,0.982,0.997,0.987,1.000,0.995]

Epoch: [123][0/40], lr: 0.01000	Loss 0.0291 (0.0291)	Prec@1 98.438 (98.438)	Prec@5 100.000 (100.000)
Epoch: [123][10/40], lr: 0.01000	Loss 0.1022 (0.0874)	Prec@1 96.875 (97.656)	Prec@5 100.000 (100.000)
Epoch: [123][20/40], lr: 0.01000	Loss 0.1321 (0.0772)	Prec@1 96.875 (97.731)	Prec@5 100.000 (100.000)
Epoch: [123][30/40], lr: 0.01000	Loss 0.0591 (0.0691)	Prec@1 97.656 (97.883)	Prec@5 100.000 (100.000)
Epoch [123] Training Results: Prec@1 98.080 Prec@5 100.000             Loss 0.06587
Epoch [123] Training Class Recall: [0.985,0.955,0.888,0.929,0.980,0.992,0.990,0.991,1.000,1.000]

Epoch: [124][0/40], lr: 0.01000	Loss 0.0706 (0.0706)	Prec@1 97.656 (97.656)	Prec@5 100.000 (100.000)
Epoch: [124][10/40], lr: 0.01000	Loss 0.1212 (0.0993)	Prec@1 96.875 (97.017)	Prec@5 99.219 (99.929)
Epoch: [124][20/40], lr: 0.01000	Loss 0.0419 (0.0804)	Prec@1 98.438 (97.656)	Prec@5 100.000 (99.963)
Epoch: [124][30/40], lr: 0.01000	Loss 0.0425 (0.0671)	Prec@1 99.219 (98.034)	Prec@5 100.000 (99.975)
Epoch [124] Training Results: Prec@1 98.300 Prec@5 99.960             Loss 0.06113
Epoch [124] Training Class Recall: [0.982,0.941,0.901,0.970,0.993,0.976,1.000,1.000,0.996,0.997]

Epoch: [125][0/40], lr: 0.01000	Loss 0.0237 (0.0237)	Prec@1 100.000 (100.000)	Prec@5 100.000 (100.000)
Epoch: [125][10/40], lr: 0.01000	Loss 0.1050 (0.1328)	Prec@1 96.875 (96.023)	Prec@5 100.000 (99.858)
Epoch: [125][20/40], lr: 0.01000	Loss 0.0597 (0.1248)	Prec@1 96.875 (96.205)	Prec@5 100.000 (99.851)
Epoch: [125][30/40], lr: 0.01000	Loss 0.0747 (0.1017)	Prec@1 97.656 (96.976)	Prec@5 100.000 (99.899)
Epoch [125] Training Results: Prec@1 97.100 Prec@5 99.920             Loss 0.09330
Epoch [125] Training Class Recall: [0.975,0.955,0.871,0.938,0.951,0.952,0.991,0.983,0.998,1.000]

Epoch: [126][0/40], lr: 0.01000	Loss 0.0878 (0.0878)	Prec@1 96.875 (96.875)	Prec@5 100.000 (100.000)
Epoch: [126][10/40], lr: 0.01000	Loss 0.3150 (0.3784)	Prec@1 87.500 (90.554)	Prec@5 100.000 (99.432)
Epoch: [126][20/40], lr: 0.01000	Loss 0.2167 (0.2927)	Prec@1 92.188 (91.964)	Prec@5 100.000 (99.702)
Epoch: [126][30/40], lr: 0.01000	Loss 0.0843 (0.2229)	Prec@1 96.094 (93.775)	Prec@5 100.000 (99.798)
Epoch [126] Training Results: Prec@1 94.700 Prec@5 99.840             Loss 0.19044
Epoch [126] Training Class Recall: [0.974,0.950,0.832,0.905,0.875,0.858,0.976,0.972,0.996,0.997]

Epoch: [127][0/40], lr: 0.01000	Loss 0.0612 (0.0612)	Prec@1 97.656 (97.656)	Prec@5 100.000 (100.000)
Epoch: [127][10/40], lr: 0.01000	Loss 0.1105 (0.0678)	Prec@1 96.875 (97.798)	Prec@5 99.219 (99.929)
Epoch: [127][20/40], lr: 0.01000	Loss 0.0806 (0.0651)	Prec@1 97.656 (97.954)	Prec@5 100.000 (99.963)
Epoch: [127][30/40], lr: 0.01000	Loss 0.0517 (0.0596)	Prec@1 99.219 (98.236)	Prec@5 100.000 (99.975)
Epoch [127] Training Results: Prec@1 98.440 Prec@5 99.980             Loss 0.05265
Epoch [127] Training Class Recall: [0.990,0.955,0.944,0.929,0.974,0.984,0.995,1.000,1.000,1.000]

Epoch: [128][0/40], lr: 0.01000	Loss 0.0134 (0.0134)	Prec@1 100.000 (100.000)	Prec@5 100.000 (100.000)
Epoch: [128][10/40], lr: 0.01000	Loss 0.0148 (0.0196)	Prec@1 100.000 (99.716)	Prec@5 100.000 (100.000)
Epoch: [128][20/40], lr: 0.01000	Loss 0.0060 (0.0170)	Prec@1 100.000 (99.777)	Prec@5 100.000 (100.000)
Epoch: [128][30/40], lr: 0.01000	Loss 0.0665 (0.0171)	Prec@1 98.438 (99.748)	Prec@5 100.000 (100.000)
Epoch [128] Training Results: Prec@1 99.700 Prec@5 100.000             Loss 0.01712
Epoch [128] Training Class Recall: [0.994,0.995,0.983,0.997,0.993,0.998,1.000,1.000,1.000,1.000]

Epoch: [129][0/40], lr: 0.01000	Loss 0.0077 (0.0077)	Prec@1 100.000 (100.000)	Prec@5 100.000 (100.000)
Epoch: [129][10/40], lr: 0.01000	Loss 0.0103 (0.0108)	Prec@1 100.000 (99.787)	Prec@5 100.000 (100.000)
Epoch: [129][20/40], lr: 0.01000	Loss 0.0040 (0.0100)	Prec@1 100.000 (99.777)	Prec@5 100.000 (100.000)
Epoch: [129][30/40], lr: 0.01000	Loss 0.0116 (0.0093)	Prec@1 99.219 (99.773)	Prec@5 100.000 (100.000)
Epoch [129] Training Results: Prec@1 99.800 Prec@5 100.000             Loss 0.00951
Epoch [129] Training Class Recall: [0.996,1.000,0.978,0.997,1.000,1.000,1.000,1.000,1.000,1.000]

Epoch: [130][0/40], lr: 0.01000	Loss 0.0027 (0.0027)	Prec@1 100.000 (100.000)	Prec@5 100.000 (100.000)
Epoch: [130][10/40], lr: 0.01000	Loss 0.0100 (0.0069)	Prec@1 100.000 (99.929)	Prec@5 100.000 (100.000)
Epoch: [130][20/40], lr: 0.01000	Loss 0.0103 (0.0082)	Prec@1 100.000 (99.888)	Prec@5 100.000 (100.000)
Epoch: [130][30/40], lr: 0.01000	Loss 0.0050 (0.0083)	Prec@1 100.000 (99.849)	Prec@5 100.000 (100.000)
Epoch [130] Training Results: Prec@1 99.840 Prec@5 100.000             Loss 0.00872
Epoch [130] Training Class Recall: [0.997,0.991,0.996,1.000,1.000,0.998,1.000,0.998,1.000,1.000]

Epoch: [131][0/40], lr: 0.01000	Loss 0.0030 (0.0030)	Prec@1 100.000 (100.000)	Prec@5 100.000 (100.000)
Epoch: [131][10/40], lr: 0.01000	Loss 0.0284 (0.0307)	Prec@1 99.219 (99.361)	Prec@5 100.000 (100.000)
Epoch: [131][20/40], lr: 0.01000	Loss 0.0324 (0.0261)	Prec@1 99.219 (99.442)	Prec@5 100.000 (100.000)
Epoch: [131][30/40], lr: 0.01000	Loss 0.0218 (0.0258)	Prec@1 99.219 (99.446)	Prec@5 100.000 (100.000)
Epoch [131] Training Results: Prec@1 99.520 Prec@5 100.000             Loss 0.02332
Epoch [131] Training Class Recall: [0.996,0.986,0.970,1.000,0.993,0.989,1.000,1.000,0.998,1.000]

Epoch: [132][0/40], lr: 0.01000	Loss 0.0102 (0.0102)	Prec@1 100.000 (100.000)	Prec@5 100.000 (100.000)
Epoch: [132][10/40], lr: 0.01000	Loss 0.0027 (0.0091)	Prec@1 100.000 (99.787)	Prec@5 100.000 (100.000)
Epoch: [132][20/40], lr: 0.01000	Loss 0.0028 (0.0074)	Prec@1 100.000 (99.888)	Prec@5 100.000 (100.000)
Epoch: [132][30/40], lr: 0.01000	Loss 0.0259 (0.0082)	Prec@1 99.219 (99.849)	Prec@5 100.000 (100.000)
Epoch [132] Training Results: Prec@1 99.840 Prec@5 100.000             Loss 0.00793
Epoch [132] Training Class Recall: [0.995,1.000,0.991,0.997,1.000,1.000,1.000,1.000,1.000,1.000]

Epoch: [133][0/40], lr: 0.01000	Loss 0.0095 (0.0095)	Prec@1 100.000 (100.000)	Prec@5 100.000 (100.000)
Epoch: [133][10/40], lr: 0.01000	Loss 0.0032 (0.0064)	Prec@1 100.000 (99.929)	Prec@5 100.000 (100.000)
Epoch: [133][20/40], lr: 0.01000	Loss 0.0044 (0.0063)	Prec@1 100.000 (99.963)	Prec@5 100.000 (100.000)
Epoch: [133][30/40], lr: 0.01000	Loss 0.0010 (0.0059)	Prec@1 100.000 (99.924)	Prec@5 100.000 (100.000)
Epoch [133] Training Results: Prec@1 99.940 Prec@5 100.000             Loss 0.00516
Epoch [133] Training Class Recall: [0.999,0.995,0.996,1.000,1.000,1.000,1.000,1.000,1.000,1.000]

Epoch: [134][0/40], lr: 0.01000	Loss 0.0050 (0.0050)	Prec@1 100.000 (100.000)	Prec@5 100.000 (100.000)
Epoch: [134][10/40], lr: 0.01000	Loss 0.0015 (0.0037)	Prec@1 100.000 (99.929)	Prec@5 100.000 (100.000)
Epoch: [134][20/40], lr: 0.01000	Loss 0.0013 (0.0033)	Prec@1 100.000 (99.963)	Prec@5 100.000 (100.000)
Epoch: [134][30/40], lr: 0.01000	Loss 0.0009 (0.0033)	Prec@1 100.000 (99.975)	Prec@5 100.000 (100.000)
Epoch [134] Training Results: Prec@1 99.980 Prec@5 100.000             Loss 0.00331
Epoch [134] Training Class Recall: [0.999,1.000,1.000,1.000,1.000,1.000,1.000,1.000,1.000,1.000]

Epoch: [135][0/40], lr: 0.01000	Loss 0.0036 (0.0036)	Prec@1 100.000 (100.000)	Prec@5 100.000 (100.000)
Epoch: [135][10/40], lr: 0.01000	Loss 0.0187 (0.0307)	Prec@1 99.219 (98.722)	Prec@5 100.000 (100.000)
Epoch: [135][20/40], lr: 0.01000	Loss 0.0291 (0.0263)	Prec@1 99.219 (99.070)	Prec@5 100.000 (100.000)
Epoch: [135][30/40], lr: 0.01000	Loss 0.0084 (0.0245)	Prec@1 100.000 (99.168)	Prec@5 100.000 (100.000)
Epoch [135] Training Results: Prec@1 99.280 Prec@5 100.000             Loss 0.02150
Epoch [135] Training Class Recall: [0.987,0.986,0.978,1.000,1.000,0.994,0.998,1.000,1.000,0.987]

Epoch: [136][0/40], lr: 0.01000	Loss 0.0045 (0.0045)	Prec@1 100.000 (100.000)	Prec@5 100.000 (100.000)
Epoch: [136][10/40], lr: 0.01000	Loss 0.0051 (0.0099)	Prec@1 100.000 (99.787)	Prec@5 100.000 (100.000)
Epoch: [136][20/40], lr: 0.01000	Loss 0.0050 (0.0085)	Prec@1 100.000 (99.814)	Prec@5 100.000 (100.000)
Epoch: [136][30/40], lr: 0.01000	Loss 0.0011 (0.0075)	Prec@1 100.000 (99.874)	Prec@5 100.000 (100.000)
Epoch [136] Training Results: Prec@1 99.880 Prec@5 100.000             Loss 0.00688
Epoch [136] Training Class Recall: [0.998,0.995,0.996,1.000,0.993,1.000,1.000,1.000,1.000,1.000]

Epoch: [137][0/40], lr: 0.01000	Loss 0.0027 (0.0027)	Prec@1 100.000 (100.000)	Prec@5 100.000 (100.000)
Epoch: [137][10/40], lr: 0.01000	Loss 0.0015 (0.0068)	Prec@1 100.000 (99.929)	Prec@5 100.000 (100.000)
Epoch: [137][20/40], lr: 0.01000	Loss 0.0054 (0.0062)	Prec@1 100.000 (99.926)	Prec@5 100.000 (100.000)
Epoch: [137][30/40], lr: 0.01000	Loss 0.0025 (0.0054)	Prec@1 100.000 (99.950)	Prec@5 100.000 (100.000)
Epoch [137] Training Results: Prec@1 99.900 Prec@5 100.000             Loss 0.00617
Epoch [137] Training Class Recall: [0.999,1.000,0.996,1.000,0.993,1.000,1.000,1.000,0.998,1.000]

Epoch: [138][0/40], lr: 0.01000	Loss 0.0093 (0.0093)	Prec@1 100.000 (100.000)	Prec@5 100.000 (100.000)
Epoch: [138][10/40], lr: 0.01000	Loss 0.1422 (0.2883)	Prec@1 95.312 (91.335)	Prec@5 100.000 (99.503)
Epoch: [138][20/40], lr: 0.01000	Loss 0.1491 (0.2283)	Prec@1 95.312 (92.969)	Prec@5 100.000 (99.628)
Epoch: [138][30/40], lr: 0.01000	Loss 0.0597 (0.1840)	Prec@1 97.656 (94.279)	Prec@5 100.000 (99.723)
Epoch [138] Training Results: Prec@1 95.120 Prec@5 99.780             Loss 0.15760
Epoch [138] Training Class Recall: [0.939,0.787,0.879,0.943,0.882,0.957,0.993,0.981,0.986,0.991]

Epoch: [139][0/40], lr: 0.01000	Loss 0.0289 (0.0289)	Prec@1 100.000 (100.000)	Prec@5 100.000 (100.000)
Epoch: [139][10/40], lr: 0.01000	Loss 0.2559 (0.1524)	Prec@1 90.625 (95.455)	Prec@5 98.438 (99.787)
Epoch: [139][20/40], lr: 0.01000	Loss 0.0433 (0.1218)	Prec@1 98.438 (96.205)	Prec@5 100.000 (99.888)
Epoch: [139][30/40], lr: 0.01000	Loss 0.0573 (0.0994)	Prec@1 97.656 (96.875)	Prec@5 100.000 (99.924)
Epoch [139] Training Results: Prec@1 97.280 Prec@5 99.940             Loss 0.08696
Epoch [139] Training Class Recall: [0.987,0.946,0.858,0.920,0.938,0.981,0.976,0.998,0.994,0.997]

Epoch: [140][0/40], lr: 0.01000	Loss 0.0228 (0.0228)	Prec@1 99.219 (99.219)	Prec@5 100.000 (100.000)
Epoch: [140][10/40], lr: 0.01000	Loss 0.1571 (0.1072)	Prec@1 96.094 (96.662)	Prec@5 100.000 (100.000)
Epoch: [140][20/40], lr: 0.01000	Loss 0.0223 (0.0876)	Prec@1 100.000 (97.359)	Prec@5 100.000 (100.000)
Epoch: [140][30/40], lr: 0.01000	Loss 0.0313 (0.0742)	Prec@1 99.219 (97.807)	Prec@5 100.000 (100.000)
Epoch [140] Training Results: Prec@1 98.200 Prec@5 100.000             Loss 0.06212
Epoch [140] Training Class Recall: [0.980,0.900,0.935,0.976,0.970,0.987,0.997,0.998,0.994,0.997]

Epoch: [141][0/40], lr: 0.01000	Loss 0.0244 (0.0244)	Prec@1 99.219 (99.219)	Prec@5 100.000 (100.000)
Epoch: [141][10/40], lr: 0.01000	Loss 0.0415 (0.0227)	Prec@1 99.219 (99.432)	Prec@5 100.000 (100.000)
Epoch: [141][20/40], lr: 0.01000	Loss 0.0250 (0.0251)	Prec@1 98.438 (99.219)	Prec@5 100.000 (100.000)
Epoch: [141][30/40], lr: 0.01000	Loss 0.0205 (0.0216)	Prec@1 98.438 (99.294)	Prec@5 100.000 (100.000)
Epoch [141] Training Results: Prec@1 99.300 Prec@5 100.000             Loss 0.02143
Epoch [141] Training Class Recall: [0.993,0.964,0.948,0.991,0.987,0.998,1.000,1.000,1.000,1.000]

Epoch: [142][0/40], lr: 0.01000	Loss 0.0328 (0.0328)	Prec@1 99.219 (99.219)	Prec@5 100.000 (100.000)
Epoch: [142][10/40], lr: 0.01000	Loss 0.0579 (0.0750)	Prec@1 96.875 (97.869)	Prec@5 100.000 (99.929)
Epoch: [142][20/40], lr: 0.01000	Loss 0.0217 (0.0706)	Prec@1 99.219 (98.140)	Prec@5 100.000 (99.963)
Epoch: [142][30/40], lr: 0.01000	Loss 0.0265 (0.0595)	Prec@1 99.219 (98.488)	Prec@5 100.000 (99.975)
Epoch [142] Training Results: Prec@1 98.600 Prec@5 99.980             Loss 0.05630
Epoch [142] Training Class Recall: [0.976,0.986,0.927,0.985,0.990,0.992,0.991,1.000,0.986,0.999]

Epoch: [143][0/40], lr: 0.01000	Loss 0.0129 (0.0129)	Prec@1 100.000 (100.000)	Prec@5 100.000 (100.000)
Epoch: [143][10/40], lr: 0.01000	Loss 0.0560 (0.0203)	Prec@1 97.656 (99.503)	Prec@5 100.000 (100.000)
Epoch: [143][20/40], lr: 0.01000	Loss 0.0114 (0.0211)	Prec@1 100.000 (99.516)	Prec@5 100.000 (100.000)
Epoch: [143][30/40], lr: 0.01000	Loss 0.0345 (0.0200)	Prec@1 98.438 (99.521)	Prec@5 100.000 (100.000)
Epoch [143] Training Results: Prec@1 99.580 Prec@5 100.000             Loss 0.01801
Epoch [143] Training Class Recall: [0.996,0.982,0.978,0.994,0.990,0.998,0.997,1.000,1.000,1.000]

Epoch: [144][0/40], lr: 0.01000	Loss 0.0080 (0.0080)	Prec@1 100.000 (100.000)	Prec@5 100.000 (100.000)
Epoch: [144][10/40], lr: 0.01000	Loss 0.0479 (0.0191)	Prec@1 97.656 (99.219)	Prec@5 100.000 (100.000)
Epoch: [144][20/40], lr: 0.01000	Loss 0.0750 (0.0216)	Prec@1 97.656 (99.293)	Prec@5 100.000 (100.000)
Epoch: [144][30/40], lr: 0.01000	Loss 0.0163 (0.0207)	Prec@1 100.000 (99.370)	Prec@5 100.000 (100.000)
Epoch [144] Training Results: Prec@1 99.380 Prec@5 100.000             Loss 0.02006
Epoch [144] Training Class Recall: [0.992,0.986,0.957,0.982,0.997,0.998,0.997,1.000,1.000,1.000]

Epoch: [145][0/40], lr: 0.01000	Loss 0.0301 (0.0301)	Prec@1 99.219 (99.219)	Prec@5 100.000 (100.000)
Epoch: [145][10/40], lr: 0.01000	Loss 0.0137 (0.0144)	Prec@1 100.000 (99.787)	Prec@5 100.000 (100.000)
Epoch: [145][20/40], lr: 0.01000	Loss 0.0029 (0.0103)	Prec@1 100.000 (99.888)	Prec@5 100.000 (100.000)
Epoch: [145][30/40], lr: 0.01000	Loss 0.0037 (0.0093)	Prec@1 100.000 (99.849)	Prec@5 100.000 (100.000)
Epoch [145] Training Results: Prec@1 99.820 Prec@5 100.000             Loss 0.01036
Epoch [145] Training Class Recall: [0.997,1.000,0.991,1.000,0.997,1.000,0.995,1.000,1.000,1.000]

Epoch: [146][0/40], lr: 0.01000	Loss 0.0100 (0.0100)	Prec@1 100.000 (100.000)	Prec@5 100.000 (100.000)
Epoch: [146][10/40], lr: 0.01000	Loss 0.3434 (0.2997)	Prec@1 91.406 (91.548)	Prec@5 99.219 (99.787)
Epoch: [146][20/40], lr: 0.01000	Loss 0.0422 (0.2262)	Prec@1 99.219 (93.452)	Prec@5 100.000 (99.888)
Epoch: [146][30/40], lr: 0.01000	Loss 0.0720 (0.1746)	Prec@1 98.438 (94.985)	Prec@5 100.000 (99.924)
Epoch [146] Training Results: Prec@1 95.640 Prec@5 99.940             Loss 0.15123
Epoch [146] Training Class Recall: [0.984,0.946,0.875,0.902,0.866,0.921,0.956,0.987,0.990,0.997]

Epoch: [147][0/40], lr: 0.01000	Loss 0.0103 (0.0103)	Prec@1 100.000 (100.000)	Prec@5 100.000 (100.000)
Epoch: [147][10/40], lr: 0.01000	Loss 0.0549 (0.0645)	Prec@1 98.438 (98.295)	Prec@5 100.000 (100.000)
Epoch: [147][20/40], lr: 0.01000	Loss 0.0207 (0.0490)	Prec@1 99.219 (98.624)	Prec@5 100.000 (100.000)
Epoch: [147][30/40], lr: 0.01000	Loss 0.0145 (0.0422)	Prec@1 100.000 (98.866)	Prec@5 100.000 (100.000)
Epoch [147] Training Results: Prec@1 99.000 Prec@5 100.000             Loss 0.03731
Epoch [147] Training Class Recall: [0.993,0.982,0.948,0.970,0.984,0.998,0.986,0.998,1.000,0.997]

Epoch: [148][0/40], lr: 0.01000	Loss 0.0531 (0.0531)	Prec@1 98.438 (98.438)	Prec@5 100.000 (100.000)
Epoch: [148][10/40], lr: 0.01000	Loss 0.0472 (0.0848)	Prec@1 98.438 (97.656)	Prec@5 100.000 (100.000)
Epoch: [148][20/40], lr: 0.01000	Loss 0.0485 (0.0771)	Prec@1 99.219 (98.065)	Prec@5 100.000 (99.926)
Epoch: [148][30/40], lr: 0.01000	Loss 0.0587 (0.0653)	Prec@1 97.656 (98.236)	Prec@5 100.000 (99.950)
Epoch [148] Training Results: Prec@1 98.460 Prec@5 99.960             Loss 0.05758
Epoch [148] Training Class Recall: [0.990,0.977,0.884,0.946,0.987,0.992,0.991,0.996,0.998,1.000]

Epoch: [149][0/40], lr: 0.01000	Loss 0.0103 (0.0103)	Prec@1 100.000 (100.000)	Prec@5 100.000 (100.000)
Epoch: [149][10/40], lr: 0.01000	Loss 0.0817 (0.0309)	Prec@1 98.438 (99.361)	Prec@5 100.000 (100.000)
Epoch: [149][20/40], lr: 0.01000	Loss 0.0237 (0.0370)	Prec@1 99.219 (99.182)	Prec@5 100.000 (100.000)
Epoch: [149][30/40], lr: 0.01000	Loss 0.0234 (0.0317)	Prec@1 99.219 (99.269)	Prec@5 100.000 (100.000)
Epoch [149] Training Results: Prec@1 99.360 Prec@5 100.000             Loss 0.02768
Epoch [149] Training Class Recall: [0.989,0.973,0.987,0.988,0.993,0.992,1.000,1.000,1.000,0.999]

Epoch: [150][0/40], lr: 0.01000	Loss 0.0271 (0.0271)	Prec@1 99.219 (99.219)	Prec@5 100.000 (100.000)
Epoch: [150][10/40], lr: 0.01000	Loss 0.0093 (0.0136)	Prec@1 100.000 (99.716)	Prec@5 100.000 (100.000)
Epoch: [150][20/40], lr: 0.01000	Loss 0.0070 (0.0138)	Prec@1 100.000 (99.702)	Prec@5 100.000 (100.000)
Epoch: [150][30/40], lr: 0.01000	Loss 0.0070 (0.0118)	Prec@1 100.000 (99.748)	Prec@5 100.000 (100.000)
Epoch [150] Training Results: Prec@1 99.740 Prec@5 100.000             Loss 0.01147
Epoch [150] Training Class Recall: [0.996,0.986,0.983,1.000,0.997,1.000,0.998,1.000,1.000,1.000]

Epoch: [151][0/40], lr: 0.01000	Loss 0.0021 (0.0021)	Prec@1 100.000 (100.000)	Prec@5 100.000 (100.000)
Epoch: [151][10/40], lr: 0.01000	Loss 0.0040 (0.0098)	Prec@1 100.000 (99.645)	Prec@5 100.000 (100.000)
Epoch: [151][20/40], lr: 0.01000	Loss 0.0013 (0.0144)	Prec@1 100.000 (99.516)	Prec@5 100.000 (100.000)
Epoch: [151][30/40], lr: 0.01000	Loss 0.0330 (0.0144)	Prec@1 99.219 (99.572)	Prec@5 100.000 (100.000)
Epoch [151] Training Results: Prec@1 99.640 Prec@5 100.000             Loss 0.01241
Epoch [151] Training Class Recall: [0.995,0.995,0.991,0.985,0.993,0.995,1.000,1.000,1.000,1.000]

Epoch: [152][0/40], lr: 0.01000	Loss 0.0031 (0.0031)	Prec@1 100.000 (100.000)	Prec@5 100.000 (100.000)
Epoch: [152][10/40], lr: 0.01000	Loss 0.0373 (0.0087)	Prec@1 99.219 (99.858)	Prec@5 100.000 (100.000)
Epoch: [152][20/40], lr: 0.01000	Loss 0.0021 (0.0069)	Prec@1 100.000 (99.888)	Prec@5 100.000 (100.000)
Epoch: [152][30/40], lr: 0.01000	Loss 0.0027 (0.0073)	Prec@1 100.000 (99.849)	Prec@5 100.000 (100.000)
Epoch [152] Training Results: Prec@1 99.840 Prec@5 100.000             Loss 0.00709
Epoch [152] Training Class Recall: [0.996,0.995,0.991,1.000,1.000,1.000,1.000,0.998,1.000,1.000]

Epoch: [153][0/40], lr: 0.01000	Loss 0.0012 (0.0012)	Prec@1 100.000 (100.000)	Prec@5 100.000 (100.000)
Epoch: [153][10/40], lr: 0.01000	Loss 0.0046 (0.0050)	Prec@1 100.000 (99.858)	Prec@5 100.000 (100.000)
Epoch: [153][20/40], lr: 0.01000	Loss 0.0105 (0.0078)	Prec@1 99.219 (99.814)	Prec@5 100.000 (100.000)
Epoch: [153][30/40], lr: 0.01000	Loss 0.0026 (0.0064)	Prec@1 100.000 (99.849)	Prec@5 100.000 (100.000)
Epoch [153] Training Results: Prec@1 99.840 Prec@5 100.000             Loss 0.00664
Epoch [153] Training Class Recall: [0.998,0.991,0.996,0.994,1.000,1.000,1.000,1.000,1.000,0.999]

Epoch: [154][0/40], lr: 0.01000	Loss 0.0019 (0.0019)	Prec@1 100.000 (100.000)	Prec@5 100.000 (100.000)
Epoch: [154][10/40], lr: 0.01000	Loss 0.0081 (0.0054)	Prec@1 100.000 (99.929)	Prec@5 100.000 (100.000)
Epoch: [154][20/40], lr: 0.01000	Loss 0.0015 (0.0071)	Prec@1 100.000 (99.814)	Prec@5 100.000 (100.000)
Epoch: [154][30/40], lr: 0.01000	Loss 0.0015 (0.0069)	Prec@1 100.000 (99.824)	Prec@5 100.000 (100.000)
Epoch [154] Training Results: Prec@1 99.800 Prec@5 100.000             Loss 0.00780
Epoch [154] Training Class Recall: [0.997,1.000,0.991,0.994,1.000,1.000,0.998,1.000,1.000,0.997]

Epoch: [155][0/40], lr: 0.01000	Loss 0.0034 (0.0034)	Prec@1 100.000 (100.000)	Prec@5 100.000 (100.000)
Epoch: [155][10/40], lr: 0.01000	Loss 0.1094 (0.1561)	Prec@1 95.312 (94.815)	Prec@5 100.000 (99.929)
Epoch: [155][20/40], lr: 0.01000	Loss 0.0720 (0.1257)	Prec@1 96.875 (95.833)	Prec@5 100.000 (99.926)
Epoch: [155][30/40], lr: 0.01000	Loss 0.0442 (0.1050)	Prec@1 98.438 (96.598)	Prec@5 100.000 (99.950)
Epoch [155] Training Results: Prec@1 97.020 Prec@5 99.960             Loss 0.09594
Epoch [155] Training Class Recall: [0.979,0.928,0.879,0.896,0.954,0.989,0.990,0.970,0.994,0.993]

Epoch: [156][0/40], lr: 0.01000	Loss 0.0193 (0.0193)	Prec@1 100.000 (100.000)	Prec@5 100.000 (100.000)
Epoch: [156][10/40], lr: 0.01000	Loss 0.0172 (0.0263)	Prec@1 99.219 (99.290)	Prec@5 100.000 (100.000)
Epoch: [156][20/40], lr: 0.01000	Loss 0.0049 (0.0221)	Prec@1 100.000 (99.479)	Prec@5 100.000 (100.000)
Epoch: [156][30/40], lr: 0.01000	Loss 0.0177 (0.0224)	Prec@1 99.219 (99.471)	Prec@5 100.000 (100.000)
Epoch [156] Training Results: Prec@1 99.520 Prec@5 100.000             Loss 0.02124
Epoch [156] Training Class Recall: [0.998,0.986,0.978,0.982,0.977,1.000,0.998,1.000,1.000,1.000]

Epoch: [157][0/40], lr: 0.01000	Loss 0.0123 (0.0123)	Prec@1 100.000 (100.000)	Prec@5 100.000 (100.000)
Epoch: [157][10/40], lr: 0.01000	Loss 0.1456 (0.0970)	Prec@1 96.094 (97.585)	Prec@5 100.000 (100.000)
Epoch: [157][20/40], lr: 0.01000	Loss 0.0195 (0.0723)	Prec@1 100.000 (97.991)	Prec@5 100.000 (100.000)
Epoch: [157][30/40], lr: 0.01000	Loss 0.0061 (0.0580)	Prec@1 100.000 (98.337)	Prec@5 100.000 (100.000)
Epoch [157] Training Results: Prec@1 98.480 Prec@5 100.000             Loss 0.05248
Epoch [157] Training Class Recall: [0.992,0.991,0.897,0.908,0.980,0.997,0.998,0.996,1.000,1.000]

Epoch: [158][0/40], lr: 0.01000	Loss 0.0136 (0.0136)	Prec@1 99.219 (99.219)	Prec@5 100.000 (100.000)
Epoch: [158][10/40], lr: 0.01000	Loss 0.0296 (0.0793)	Prec@1 100.000 (98.153)	Prec@5 100.000 (100.000)
Epoch: [158][20/40], lr: 0.01000	Loss 0.0299 (0.0694)	Prec@1 99.219 (98.251)	Prec@5 100.000 (100.000)
Epoch: [158][30/40], lr: 0.01000	Loss 0.0135 (0.0550)	Prec@1 100.000 (98.463)	Prec@5 100.000 (100.000)
Epoch [158] Training Results: Prec@1 98.620 Prec@5 100.000             Loss 0.04868
Epoch [158] Training Class Recall: [0.993,0.986,0.940,0.979,0.951,0.997,0.967,0.996,1.000,1.000]

Epoch: [159][0/40], lr: 0.01000	Loss 0.0065 (0.0065)	Prec@1 100.000 (100.000)	Prec@5 100.000 (100.000)
Epoch: [159][10/40], lr: 0.01000	Loss 0.0027 (0.0146)	Prec@1 100.000 (99.716)	Prec@5 100.000 (100.000)
Epoch: [159][20/40], lr: 0.01000	Loss 0.0100 (0.0120)	Prec@1 100.000 (99.740)	Prec@5 100.000 (100.000)
Epoch: [159][30/40], lr: 0.01000	Loss 0.0021 (0.0102)	Prec@1 100.000 (99.773)	Prec@5 100.000 (100.000)
Epoch [159] Training Results: Prec@1 99.800 Prec@5 100.000             Loss 0.00948
Epoch [159] Training Class Recall: [0.996,1.000,0.991,0.988,1.000,1.000,1.000,1.000,1.000,1.000]

Epoch: [160][0/40], lr: 0.00010	Loss 0.0019 (0.0019)	Prec@1 100.000 (100.000)	Prec@5 100.000 (100.000)
Epoch: [160][10/40], lr: 0.00010	Loss 0.0022 (0.0055)	Prec@1 100.000 (99.929)	Prec@5 100.000 (100.000)
Epoch: [160][20/40], lr: 0.00010	Loss 0.0021 (0.0062)	Prec@1 100.000 (99.888)	Prec@5 100.000 (100.000)
Epoch: [160][30/40], lr: 0.00010	Loss 0.0074 (0.0065)	Prec@1 100.000 (99.849)	Prec@5 100.000 (100.000)
Epoch [160] Training Results: Prec@1 99.880 Prec@5 100.000             Loss 0.00595
Epoch [160] Training Class Recall: [1.000,0.991,0.991,1.000,0.993,1.000,1.000,1.000,1.000,1.000]

Epoch: [161][0/40], lr: 0.00010	Loss 0.0015 (0.0015)	Prec@1 100.000 (100.000)	Prec@5 100.000 (100.000)
Epoch: [161][10/40], lr: 0.00010	Loss 0.0035 (0.0054)	Prec@1 100.000 (99.858)	Prec@5 100.000 (100.000)
Epoch: [161][20/40], lr: 0.00010	Loss 0.0093 (0.0047)	Prec@1 100.000 (99.926)	Prec@5 100.000 (100.000)
Epoch: [161][30/40], lr: 0.00010	Loss 0.0032 (0.0047)	Prec@1 100.000 (99.899)	Prec@5 100.000 (100.000)
Epoch [161] Training Results: Prec@1 99.900 Prec@5 100.000             Loss 0.00499
Epoch [161] Training Class Recall: [0.998,1.000,0.996,1.000,0.997,1.000,0.998,1.000,1.000,1.000]

Epoch: [162][0/40], lr: 0.00010	Loss 0.0055 (0.0055)	Prec@1 100.000 (100.000)	Prec@5 100.000 (100.000)
Epoch: [162][10/40], lr: 0.00010	Loss 0.0086 (0.0054)	Prec@1 99.219 (99.858)	Prec@5 100.000 (100.000)
Epoch: [162][20/40], lr: 0.00010	Loss 0.0020 (0.0058)	Prec@1 100.000 (99.851)	Prec@5 100.000 (100.000)
Epoch: [162][30/40], lr: 0.00010	Loss 0.0084 (0.0054)	Prec@1 100.000 (99.899)	Prec@5 100.000 (100.000)
Epoch [162] Training Results: Prec@1 99.920 Prec@5 100.000             Loss 0.00521
Epoch [162] Training Class Recall: [1.000,1.000,0.996,1.000,0.993,0.998,1.000,1.000,1.000,1.000]

Epoch: [163][0/40], lr: 0.00010	Loss 0.0026 (0.0026)	Prec@1 100.000 (100.000)	Prec@5 100.000 (100.000)
Epoch: [163][10/40], lr: 0.00010	Loss 0.0079 (0.0046)	Prec@1 100.000 (99.929)	Prec@5 100.000 (100.000)
Epoch: [163][20/40], lr: 0.00010	Loss 0.0447 (0.0060)	Prec@1 99.219 (99.926)	Prec@5 100.000 (100.000)
Epoch: [163][30/40], lr: 0.00010	Loss 0.0021 (0.0067)	Prec@1 100.000 (99.899)	Prec@5 100.000 (100.000)
Epoch [163] Training Results: Prec@1 99.920 Prec@5 100.000             Loss 0.00595
Epoch [163] Training Class Recall: [0.999,0.995,0.991,1.000,1.000,1.000,1.000,1.000,1.000,1.000]

Epoch: [164][0/40], lr: 0.00010	Loss 0.0024 (0.0024)	Prec@1 100.000 (100.000)	Prec@5 100.000 (100.000)
Epoch: [164][10/40], lr: 0.00010	Loss 0.0063 (0.0044)	Prec@1 100.000 (99.929)	Prec@5 100.000 (100.000)
Epoch: [164][20/40], lr: 0.00010	Loss 0.0019 (0.0040)	Prec@1 100.000 (99.963)	Prec@5 100.000 (100.000)
Epoch: [164][30/40], lr: 0.00010	Loss 0.0016 (0.0041)	Prec@1 100.000 (99.950)	Prec@5 100.000 (100.000)
Epoch [164] Training Results: Prec@1 99.860 Prec@5 100.000             Loss 0.00594
Epoch [164] Training Class Recall: [0.999,0.995,0.987,1.000,0.997,0.998,1.000,1.000,1.000,1.000]

Epoch: [165][0/40], lr: 0.00010	Loss 0.0040 (0.0040)	Prec@1 100.000 (100.000)	Prec@5 100.000 (100.000)
Epoch: [165][10/40], lr: 0.00010	Loss 0.0015 (0.0052)	Prec@1 100.000 (99.858)	Prec@5 100.000 (100.000)
Epoch: [165][20/40], lr: 0.00010	Loss 0.0098 (0.0042)	Prec@1 100.000 (99.926)	Prec@5 100.000 (100.000)
Epoch: [165][30/40], lr: 0.00010	Loss 0.0034 (0.0039)	Prec@1 100.000 (99.950)	Prec@5 100.000 (100.000)
Epoch [165] Training Results: Prec@1 99.940 Prec@5 100.000             Loss 0.00397
Epoch [165] Training Class Recall: [0.999,1.000,0.991,1.000,1.000,1.000,1.000,1.000,1.000,1.000]

Epoch: [166][0/40], lr: 0.00010	Loss 0.0066 (0.0066)	Prec@1 100.000 (100.000)	Prec@5 100.000 (100.000)
Epoch: [166][10/40], lr: 0.00010	Loss 0.0045 (0.0045)	Prec@1 100.000 (99.929)	Prec@5 100.000 (100.000)
Epoch: [166][20/40], lr: 0.00010	Loss 0.0018 (0.0040)	Prec@1 100.000 (99.963)	Prec@5 100.000 (100.000)
Epoch: [166][30/40], lr: 0.00010	Loss 0.0023 (0.0044)	Prec@1 100.000 (99.950)	Prec@5 100.000 (100.000)
Epoch [166] Training Results: Prec@1 99.880 Prec@5 100.000             Loss 0.00573
Epoch [166] Training Class Recall: [1.000,1.000,0.991,0.991,1.000,1.000,1.000,0.998,1.000,1.000]

Epoch: [167][0/40], lr: 0.00010	Loss 0.0046 (0.0046)	Prec@1 100.000 (100.000)	Prec@5 100.000 (100.000)
Epoch: [167][10/40], lr: 0.00010	Loss 0.0031 (0.0042)	Prec@1 100.000 (100.000)	Prec@5 100.000 (100.000)
Epoch: [167][20/40], lr: 0.00010	Loss 0.0111 (0.0047)	Prec@1 100.000 (99.963)	Prec@5 100.000 (100.000)
Epoch: [167][30/40], lr: 0.00010	Loss 0.0035 (0.0047)	Prec@1 100.000 (99.950)	Prec@5 100.000 (100.000)
Epoch [167] Training Results: Prec@1 99.940 Prec@5 100.000             Loss 0.00474
Epoch [167] Training Class Recall: [1.000,1.000,0.991,1.000,1.000,1.000,1.000,1.000,0.998,1.000]

Epoch: [168][0/40], lr: 0.00010	Loss 0.0030 (0.0030)	Prec@1 100.000 (100.000)	Prec@5 100.000 (100.000)
Epoch: [168][10/40], lr: 0.00010	Loss 0.0012 (0.0063)	Prec@1 100.000 (99.929)	Prec@5 100.000 (100.000)
Epoch: [168][20/40], lr: 0.00010	Loss 0.0017 (0.0055)	Prec@1 100.000 (99.926)	Prec@5 100.000 (100.000)
Epoch: [168][30/40], lr: 0.00010	Loss 0.0031 (0.0055)	Prec@1 100.000 (99.924)	Prec@5 100.000 (100.000)
Epoch [168] Training Results: Prec@1 99.920 Prec@5 100.000             Loss 0.00516
Epoch [168] Training Class Recall: [0.999,1.000,0.987,1.000,1.000,1.000,1.000,1.000,1.000,1.000]

Epoch: [169][0/40], lr: 0.00010	Loss 0.0042 (0.0042)	Prec@1 100.000 (100.000)	Prec@5 100.000 (100.000)
Epoch: [169][10/40], lr: 0.00010	Loss 0.0026 (0.0038)	Prec@1 100.000 (100.000)	Prec@5 100.000 (100.000)
Epoch: [169][20/40], lr: 0.00010	Loss 0.0012 (0.0046)	Prec@1 100.000 (99.963)	Prec@5 100.000 (100.000)
Epoch: [169][30/40], lr: 0.00010	Loss 0.0017 (0.0046)	Prec@1 100.000 (99.950)	Prec@5 100.000 (100.000)
Epoch [169] Training Results: Prec@1 99.960 Prec@5 100.000             Loss 0.00436
Epoch [169] Training Class Recall: [1.000,1.000,1.000,0.997,1.000,0.998,1.000,1.000,1.000,1.000]

Epoch: [170][0/40], lr: 0.00010	Loss 0.0025 (0.0025)	Prec@1 100.000 (100.000)	Prec@5 100.000 (100.000)
Epoch: [170][10/40], lr: 0.00010	Loss 0.0047 (0.0034)	Prec@1 100.000 (100.000)	Prec@5 100.000 (100.000)
Epoch: [170][20/40], lr: 0.00010	Loss 0.0018 (0.0039)	Prec@1 100.000 (99.926)	Prec@5 100.000 (100.000)
Epoch: [170][30/40], lr: 0.00010	Loss 0.0052 (0.0036)	Prec@1 100.000 (99.950)	Prec@5 100.000 (100.000)
Epoch [170] Training Results: Prec@1 99.900 Prec@5 100.000             Loss 0.00459
Epoch [170] Training Class Recall: [0.999,1.000,0.996,1.000,0.993,1.000,1.000,1.000,0.998,1.000]

Epoch: [171][0/40], lr: 0.00010	Loss 0.0139 (0.0139)	Prec@1 99.219 (99.219)	Prec@5 100.000 (100.000)
Epoch: [171][10/40], lr: 0.00010	Loss 0.0019 (0.0047)	Prec@1 100.000 (99.929)	Prec@5 100.000 (100.000)
Epoch: [171][20/40], lr: 0.00010	Loss 0.0045 (0.0035)	Prec@1 100.000 (99.963)	Prec@5 100.000 (100.000)
Epoch: [171][30/40], lr: 0.00010	Loss 0.0064 (0.0035)	Prec@1 100.000 (99.975)	Prec@5 100.000 (100.000)
Epoch [171] Training Results: Prec@1 99.960 Prec@5 100.000             Loss 0.00478
Epoch [171] Training Class Recall: [0.999,1.000,1.000,0.997,1.000,1.000,1.000,1.000,1.000,1.000]

Epoch: [172][0/40], lr: 0.00010	Loss 0.0024 (0.0024)	Prec@1 100.000 (100.000)	Prec@5 100.000 (100.000)
Epoch: [172][10/40], lr: 0.00010	Loss 0.0014 (0.0034)	Prec@1 100.000 (100.000)	Prec@5 100.000 (100.000)
Epoch: [172][20/40], lr: 0.00010	Loss 0.0023 (0.0032)	Prec@1 100.000 (100.000)	Prec@5 100.000 (100.000)
Epoch: [172][30/40], lr: 0.00010	Loss 0.0014 (0.0029)	Prec@1 100.000 (100.000)	Prec@5 100.000 (100.000)
Epoch [172] Training Results: Prec@1 100.000 Prec@5 100.000             Loss 0.00295
Epoch [172] Training Class Recall: [1.000,1.000,1.000,1.000,1.000,1.000,1.000,1.000,1.000,1.000]

Epoch: [173][0/40], lr: 0.00010	Loss 0.0385 (0.0385)	Prec@1 99.219 (99.219)	Prec@5 100.000 (100.000)
Epoch: [173][10/40], lr: 0.00010	Loss 0.0216 (0.0098)	Prec@1 99.219 (99.716)	Prec@5 100.000 (100.000)
Epoch: [173][20/40], lr: 0.00010	Loss 0.0253 (0.0077)	Prec@1 99.219 (99.814)	Prec@5 100.000 (100.000)
Epoch: [173][30/40], lr: 0.00010	Loss 0.0020 (0.0060)	Prec@1 100.000 (99.874)	Prec@5 100.000 (100.000)
Epoch [173] Training Results: Prec@1 99.880 Prec@5 100.000             Loss 0.00593
Epoch [173] Training Class Recall: [0.999,1.000,0.983,0.997,1.000,1.000,1.000,1.000,1.000,1.000]

Epoch: [174][0/40], lr: 0.00010	Loss 0.0019 (0.0019)	Prec@1 100.000 (100.000)	Prec@5 100.000 (100.000)
Epoch: [174][10/40], lr: 0.00010	Loss 0.0036 (0.0061)	Prec@1 100.000 (99.929)	Prec@5 100.000 (100.000)
Epoch: [174][20/40], lr: 0.00010	Loss 0.0013 (0.0048)	Prec@1 100.000 (99.888)	Prec@5 100.000 (100.000)
Epoch: [174][30/40], lr: 0.00010	Loss 0.0016 (0.0044)	Prec@1 100.000 (99.924)	Prec@5 100.000 (100.000)
Epoch [174] Training Results: Prec@1 99.900 Prec@5 100.000             Loss 0.00466
Epoch [174] Training Class Recall: [0.999,1.000,0.996,0.997,0.993,1.000,1.000,1.000,1.000,1.000]

Epoch: [175][0/40], lr: 0.00010	Loss 0.0023 (0.0023)	Prec@1 100.000 (100.000)	Prec@5 100.000 (100.000)
Epoch: [175][10/40], lr: 0.00010	Loss 0.0016 (0.0037)	Prec@1 100.000 (99.929)	Prec@5 100.000 (100.000)
Epoch: [175][20/40], lr: 0.00010	Loss 0.0054 (0.0035)	Prec@1 100.000 (99.963)	Prec@5 100.000 (100.000)
Epoch: [175][30/40], lr: 0.00010	Loss 0.0043 (0.0044)	Prec@1 100.000 (99.924)	Prec@5 100.000 (100.000)
Epoch [175] Training Results: Prec@1 99.920 Prec@5 100.000             Loss 0.00496
Epoch [175] Training Class Recall: [0.997,1.000,0.996,1.000,1.000,1.000,1.000,1.000,1.000,1.000]

Epoch: [176][0/40], lr: 0.00010	Loss 0.0014 (0.0014)	Prec@1 100.000 (100.000)	Prec@5 100.000 (100.000)
Epoch: [176][10/40], lr: 0.00010	Loss 0.0007 (0.0026)	Prec@1 100.000 (100.000)	Prec@5 100.000 (100.000)
Epoch: [176][20/40], lr: 0.00010	Loss 0.0021 (0.0025)	Prec@1 100.000 (100.000)	Prec@5 100.000 (100.000)
Epoch: [176][30/40], lr: 0.00010	Loss 0.0038 (0.0033)	Prec@1 100.000 (99.975)	Prec@5 100.000 (100.000)
Epoch [176] Training Results: Prec@1 99.900 Prec@5 100.000             Loss 0.00478
Epoch [176] Training Class Recall: [0.999,0.991,0.996,0.997,1.000,1.000,1.000,1.000,1.000,1.000]

Epoch: [177][0/40], lr: 0.00010	Loss 0.0010 (0.0010)	Prec@1 100.000 (100.000)	Prec@5 100.000 (100.000)
Epoch: [177][10/40], lr: 0.00010	Loss 0.0039 (0.0024)	Prec@1 100.000 (100.000)	Prec@5 100.000 (100.000)
Epoch: [177][20/40], lr: 0.00010	Loss 0.0229 (0.0035)	Prec@1 99.219 (99.963)	Prec@5 100.000 (100.000)
Epoch: [177][30/40], lr: 0.00010	Loss 0.0120 (0.0035)	Prec@1 99.219 (99.950)	Prec@5 100.000 (100.000)
Epoch [177] Training Results: Prec@1 99.960 Prec@5 100.000             Loss 0.00319
Epoch [177] Training Class Recall: [1.000,1.000,0.991,1.000,1.000,1.000,1.000,1.000,1.000,1.000]

Epoch: [178][0/40], lr: 0.00010	Loss 0.0022 (0.0022)	Prec@1 100.000 (100.000)	Prec@5 100.000 (100.000)
Epoch: [178][10/40], lr: 0.00010	Loss 0.0023 (0.0048)	Prec@1 100.000 (99.929)	Prec@5 100.000 (100.000)
Epoch: [178][20/40], lr: 0.00010	Loss 0.0020 (0.0049)	Prec@1 100.000 (99.888)	Prec@5 100.000 (100.000)
Epoch: [178][30/40], lr: 0.00010	Loss 0.0030 (0.0048)	Prec@1 100.000 (99.874)	Prec@5 100.000 (100.000)
Epoch [178] Training Results: Prec@1 99.860 Prec@5 100.000             Loss 0.00582
Epoch [178] Training Class Recall: [0.999,0.995,0.991,0.997,1.000,1.000,0.998,0.998,1.000,1.000]

Epoch: [179][0/40], lr: 0.00010	Loss 0.0028 (0.0028)	Prec@1 100.000 (100.000)	Prec@5 100.000 (100.000)
Epoch: [179][10/40], lr: 0.00010	Loss 0.0052 (0.0045)	Prec@1 100.000 (99.929)	Prec@5 100.000 (100.000)
Epoch: [179][20/40], lr: 0.00010	Loss 0.0075 (0.0050)	Prec@1 100.000 (99.851)	Prec@5 100.000 (100.000)
Epoch: [179][30/40], lr: 0.00010	Loss 0.0057 (0.0039)	Prec@1 100.000 (99.899)	Prec@5 100.000 (100.000)
Epoch [179] Training Results: Prec@1 99.900 Prec@5 100.000             Loss 0.00394
Epoch [179] Training Class Recall: [0.997,1.000,0.996,1.000,0.997,1.000,1.000,1.000,1.000,1.000]

Epoch: [180][0/40], lr: 0.00000	Loss 0.0015 (0.0015)	Prec@1 100.000 (100.000)	Prec@5 100.000 (100.000)
Epoch: [180][10/40], lr: 0.00000	Loss 0.0050 (0.0032)	Prec@1 100.000 (100.000)	Prec@5 100.000 (100.000)
Epoch: [180][20/40], lr: 0.00000	Loss 0.0018 (0.0050)	Prec@1 100.000 (99.963)	Prec@5 100.000 (100.000)
Epoch: [180][30/40], lr: 0.00000	Loss 0.0051 (0.0051)	Prec@1 100.000 (99.975)	Prec@5 100.000 (100.000)
Epoch [180] Training Results: Prec@1 99.940 Prec@5 100.000             Loss 0.00533
Epoch [180] Training Class Recall: [0.999,1.000,1.000,1.000,1.000,1.000,1.000,0.996,1.000,1.000]

Epoch: [181][0/40], lr: 0.00000	Loss 0.0023 (0.0023)	Prec@1 100.000 (100.000)	Prec@5 100.000 (100.000)
Epoch: [181][10/40], lr: 0.00000	Loss 0.0032 (0.0052)	Prec@1 100.000 (99.929)	Prec@5 100.000 (100.000)
Epoch: [181][20/40], lr: 0.00000	Loss 0.0069 (0.0042)	Prec@1 100.000 (99.963)	Prec@5 100.000 (100.000)
Epoch: [181][30/40], lr: 0.00000	Loss 0.0016 (0.0039)	Prec@1 100.000 (99.975)	Prec@5 100.000 (100.000)
Epoch [181] Training Results: Prec@1 99.980 Prec@5 100.000             Loss 0.00411
Epoch [181] Training Class Recall: [0.999,1.000,1.000,1.000,1.000,1.000,1.000,1.000,1.000,1.000]

Epoch: [182][0/40], lr: 0.00000	Loss 0.0021 (0.0021)	Prec@1 100.000 (100.000)	Prec@5 100.000 (100.000)
Epoch: [182][10/40], lr: 0.00000	Loss 0.0136 (0.0043)	Prec@1 99.219 (99.858)	Prec@5 100.000 (100.000)
Epoch: [182][20/40], lr: 0.00000	Loss 0.0069 (0.0044)	Prec@1 100.000 (99.926)	Prec@5 100.000 (100.000)
Epoch: [182][30/40], lr: 0.00000	Loss 0.0041 (0.0044)	Prec@1 100.000 (99.924)	Prec@5 100.000 (100.000)
Epoch [182] Training Results: Prec@1 99.940 Prec@5 100.000             Loss 0.00425
Epoch [182] Training Class Recall: [0.999,1.000,0.991,1.000,1.000,1.000,1.000,1.000,1.000,1.000]

Epoch: [183][0/40], lr: 0.00000	Loss 0.0031 (0.0031)	Prec@1 100.000 (100.000)	Prec@5 100.000 (100.000)
Epoch: [183][10/40], lr: 0.00000	Loss 0.0009 (0.0041)	Prec@1 100.000 (100.000)	Prec@5 100.000 (100.000)
Epoch: [183][20/40], lr: 0.00000	Loss 0.0017 (0.0046)	Prec@1 100.000 (99.963)	Prec@5 100.000 (100.000)
Epoch: [183][30/40], lr: 0.00000	Loss 0.0028 (0.0062)	Prec@1 100.000 (99.899)	Prec@5 100.000 (100.000)
Epoch [183] Training Results: Prec@1 99.900 Prec@5 100.000             Loss 0.00616
Epoch [183] Training Class Recall: [0.996,1.000,0.996,1.000,1.000,1.000,1.000,1.000,1.000,1.000]

Epoch: [184][0/40], lr: 0.00000	Loss 0.0024 (0.0024)	Prec@1 100.000 (100.000)	Prec@5 100.000 (100.000)
Epoch: [184][10/40], lr: 0.00000	Loss 0.0031 (0.0045)	Prec@1 100.000 (99.929)	Prec@5 100.000 (100.000)
Epoch: [184][20/40], lr: 0.00000	Loss 0.0014 (0.0038)	Prec@1 100.000 (99.963)	Prec@5 100.000 (100.000)
Epoch: [184][30/40], lr: 0.00000	Loss 0.0027 (0.0042)	Prec@1 100.000 (99.975)	Prec@5 100.000 (100.000)
Epoch [184] Training Results: Prec@1 99.980 Prec@5 100.000             Loss 0.00413
Epoch [184] Training Class Recall: [1.000,1.000,0.996,1.000,1.000,1.000,1.000,1.000,1.000,1.000]

Epoch: [185][0/40], lr: 0.00000	Loss 0.0218 (0.0218)	Prec@1 99.219 (99.219)	Prec@5 100.000 (100.000)
Epoch: [185][10/40], lr: 0.00000	Loss 0.0022 (0.0057)	Prec@1 100.000 (99.858)	Prec@5 100.000 (100.000)
Epoch: [185][20/40], lr: 0.00000	Loss 0.0011 (0.0078)	Prec@1 100.000 (99.814)	Prec@5 100.000 (100.000)
Epoch: [185][30/40], lr: 0.00000	Loss 0.0013 (0.0060)	Prec@1 100.000 (99.874)	Prec@5 100.000 (100.000)
Epoch [185] Training Results: Prec@1 99.900 Prec@5 100.000             Loss 0.00541
Epoch [185] Training Class Recall: [0.998,1.000,0.991,1.000,0.997,1.000,1.000,1.000,1.000,1.000]

Epoch: [186][0/40], lr: 0.00000	Loss 0.0048 (0.0048)	Prec@1 100.000 (100.000)	Prec@5 100.000 (100.000)
Epoch: [186][10/40], lr: 0.00000	Loss 0.0029 (0.0034)	Prec@1 100.000 (99.929)	Prec@5 100.000 (100.000)
Epoch: [186][20/40], lr: 0.00000	Loss 0.0296 (0.0043)	Prec@1 99.219 (99.926)	Prec@5 100.000 (100.000)
Epoch: [186][30/40], lr: 0.00000	Loss 0.0147 (0.0042)	Prec@1 99.219 (99.924)	Prec@5 100.000 (100.000)
Epoch [186] Training Results: Prec@1 99.880 Prec@5 100.000             Loss 0.00478
Epoch [186] Training Class Recall: [0.997,0.995,1.000,0.994,1.000,1.000,1.000,1.000,1.000,1.000]

Epoch: [187][0/40], lr: 0.00000	Loss 0.0147 (0.0147)	Prec@1 99.219 (99.219)	Prec@5 100.000 (100.000)
Epoch: [187][10/40], lr: 0.00000	Loss 0.0023 (0.0047)	Prec@1 100.000 (99.929)	Prec@5 100.000 (100.000)
Epoch: [187][20/40], lr: 0.00000	Loss 0.0020 (0.0037)	Prec@1 100.000 (99.963)	Prec@5 100.000 (100.000)
Epoch: [187][30/40], lr: 0.00000	Loss 0.0013 (0.0036)	Prec@1 100.000 (99.950)	Prec@5 100.000 (100.000)
Epoch [187] Training Results: Prec@1 99.920 Prec@5 100.000             Loss 0.00395
Epoch [187] Training Class Recall: [0.998,1.000,0.996,1.000,0.997,1.000,1.000,1.000,1.000,1.000]

Epoch: [188][0/40], lr: 0.00000	Loss 0.0021 (0.0021)	Prec@1 100.000 (100.000)	Prec@5 100.000 (100.000)
Epoch: [188][10/40], lr: 0.00000	Loss 0.0011 (0.0043)	Prec@1 100.000 (99.858)	Prec@5 100.000 (100.000)
Epoch: [188][20/40], lr: 0.00000	Loss 0.0035 (0.0036)	Prec@1 100.000 (99.926)	Prec@5 100.000 (100.000)
Epoch: [188][30/40], lr: 0.00000	Loss 0.0023 (0.0039)	Prec@1 100.000 (99.899)	Prec@5 100.000 (100.000)
Epoch [188] Training Results: Prec@1 99.920 Prec@5 100.000             Loss 0.00401
Epoch [188] Training Class Recall: [0.999,1.000,1.000,0.997,0.993,1.000,1.000,1.000,1.000,1.000]

Epoch: [189][0/40], lr: 0.00000	Loss 0.0045 (0.0045)	Prec@1 100.000 (100.000)	Prec@5 100.000 (100.000)
Epoch: [189][10/40], lr: 0.00000	Loss 0.0040 (0.0035)	Prec@1 100.000 (99.929)	Prec@5 100.000 (100.000)
Epoch: [189][20/40], lr: 0.00000	Loss 0.0027 (0.0031)	Prec@1 100.000 (99.963)	Prec@5 100.000 (100.000)
Epoch: [189][30/40], lr: 0.00000	Loss 0.0044 (0.0029)	Prec@1 100.000 (99.975)	Prec@5 100.000 (100.000)
Epoch [189] Training Results: Prec@1 99.980 Prec@5 100.000             Loss 0.00290
Epoch [189] Training Class Recall: [1.000,1.000,0.996,1.000,1.000,1.000,1.000,1.000,1.000,1.000]

Epoch: [190][0/40], lr: 0.00000	Loss 0.0019 (0.0019)	Prec@1 100.000 (100.000)	Prec@5 100.000 (100.000)
Epoch: [190][10/40], lr: 0.00000	Loss 0.0069 (0.0040)	Prec@1 100.000 (100.000)	Prec@5 100.000 (100.000)
Epoch: [190][20/40], lr: 0.00000	Loss 0.0026 (0.0045)	Prec@1 100.000 (99.963)	Prec@5 100.000 (100.000)
Epoch: [190][30/40], lr: 0.00000	Loss 0.0107 (0.0044)	Prec@1 100.000 (99.975)	Prec@5 100.000 (100.000)
Epoch [190] Training Results: Prec@1 99.980 Prec@5 100.000             Loss 0.00401
Epoch [190] Training Class Recall: [0.999,1.000,1.000,1.000,1.000,1.000,1.000,1.000,1.000,1.000]

Epoch: [191][0/40], lr: 0.00000	Loss 0.0027 (0.0027)	Prec@1 100.000 (100.000)	Prec@5 100.000 (100.000)
Epoch: [191][10/40], lr: 0.00000	Loss 0.0011 (0.0044)	Prec@1 100.000 (99.929)	Prec@5 100.000 (100.000)
Epoch: [191][20/40], lr: 0.00000	Loss 0.0008 (0.0039)	Prec@1 100.000 (99.926)	Prec@5 100.000 (100.000)
Epoch: [191][30/40], lr: 0.00000	Loss 0.0070 (0.0036)	Prec@1 100.000 (99.950)	Prec@5 100.000 (100.000)
Epoch [191] Training Results: Prec@1 99.960 Prec@5 100.000             Loss 0.00358
Epoch [191] Training Class Recall: [0.998,1.000,1.000,1.000,1.000,1.000,1.000,1.000,1.000,1.000]

Epoch: [192][0/40], lr: 0.00000	Loss 0.0043 (0.0043)	Prec@1 100.000 (100.000)	Prec@5 100.000 (100.000)
Epoch: [192][10/40], lr: 0.00000	Loss 0.0017 (0.0046)	Prec@1 100.000 (99.858)	Prec@5 100.000 (100.000)
Epoch: [192][20/40], lr: 0.00000	Loss 0.0011 (0.0041)	Prec@1 100.000 (99.888)	Prec@5 100.000 (100.000)
Epoch: [192][30/40], lr: 0.00000	Loss 0.0101 (0.0044)	Prec@1 99.219 (99.874)	Prec@5 100.000 (100.000)
Epoch [192] Training Results: Prec@1 99.860 Prec@5 100.000             Loss 0.00504
Epoch [192] Training Class Recall: [0.998,1.000,0.996,0.997,0.993,1.000,1.000,1.000,1.000,0.999]

Epoch: [193][0/40], lr: 0.00000	Loss 0.0074 (0.0074)	Prec@1 100.000 (100.000)	Prec@5 100.000 (100.000)
Epoch: [193][10/40], lr: 0.00000	Loss 0.0013 (0.0038)	Prec@1 100.000 (100.000)	Prec@5 100.000 (100.000)
Epoch: [193][20/40], lr: 0.00000	Loss 0.0018 (0.0037)	Prec@1 100.000 (100.000)	Prec@5 100.000 (100.000)
Epoch: [193][30/40], lr: 0.00000	Loss 0.0021 (0.0040)	Prec@1 100.000 (99.975)	Prec@5 100.000 (100.000)
Epoch [193] Training Results: Prec@1 99.960 Prec@5 100.000             Loss 0.00405
Epoch [193] Training Class Recall: [1.000,1.000,0.996,0.997,1.000,1.000,1.000,1.000,1.000,1.000]

Epoch: [194][0/40], lr: 0.00000	Loss 0.0015 (0.0015)	Prec@1 100.000 (100.000)	Prec@5 100.000 (100.000)
Epoch: [194][10/40], lr: 0.00000	Loss 0.0014 (0.0033)	Prec@1 100.000 (99.929)	Prec@5 100.000 (100.000)
Epoch: [194][20/40], lr: 0.00000	Loss 0.0030 (0.0037)	Prec@1 100.000 (99.926)	Prec@5 100.000 (100.000)
Epoch: [194][30/40], lr: 0.00000	Loss 0.0024 (0.0034)	Prec@1 100.000 (99.950)	Prec@5 100.000 (100.000)
Epoch [194] Training Results: Prec@1 99.960 Prec@5 100.000             Loss 0.00382
Epoch [194] Training Class Recall: [0.999,1.000,0.996,1.000,1.000,1.000,1.000,1.000,1.000,1.000]

Epoch: [195][0/40], lr: 0.00000	Loss 0.0030 (0.0030)	Prec@1 100.000 (100.000)	Prec@5 100.000 (100.000)
Epoch: [195][10/40], lr: 0.00000	Loss 0.0014 (0.0059)	Prec@1 100.000 (99.929)	Prec@5 100.000 (100.000)
Epoch: [195][20/40], lr: 0.00000	Loss 0.0012 (0.0046)	Prec@1 100.000 (99.963)	Prec@5 100.000 (100.000)
Epoch: [195][30/40], lr: 0.00000	Loss 0.0066 (0.0042)	Prec@1 100.000 (99.975)	Prec@5 100.000 (100.000)
Epoch [195] Training Results: Prec@1 99.940 Prec@5 100.000             Loss 0.00417
Epoch [195] Training Class Recall: [0.999,1.000,1.000,1.000,0.993,1.000,1.000,1.000,1.000,1.000]

Epoch: [196][0/40], lr: 0.00000	Loss 0.0118 (0.0118)	Prec@1 99.219 (99.219)	Prec@5 100.000 (100.000)
Epoch: [196][10/40], lr: 0.00000	Loss 0.0081 (0.0043)	Prec@1 100.000 (99.929)	Prec@5 100.000 (100.000)
Epoch: [196][20/40], lr: 0.00000	Loss 0.0045 (0.0040)	Prec@1 100.000 (99.926)	Prec@5 100.000 (100.000)
Epoch: [196][30/40], lr: 0.00000	Loss 0.0034 (0.0037)	Prec@1 100.000 (99.950)	Prec@5 100.000 (100.000)
Epoch [196] Training Results: Prec@1 99.960 Prec@5 100.000             Loss 0.00364
Epoch [196] Training Class Recall: [1.000,1.000,0.996,0.997,1.000,1.000,1.000,1.000,1.000,1.000]

Epoch: [197][0/40], lr: 0.00000	Loss 0.0039 (0.0039)	Prec@1 100.000 (100.000)	Prec@5 100.000 (100.000)
Epoch: [197][10/40], lr: 0.00000	Loss 0.0048 (0.0038)	Prec@1 100.000 (99.929)	Prec@5 100.000 (100.000)
Epoch: [197][20/40], lr: 0.00000	Loss 0.0038 (0.0031)	Prec@1 100.000 (99.963)	Prec@5 100.000 (100.000)
Epoch: [197][30/40], lr: 0.00000	Loss 0.0101 (0.0039)	Prec@1 99.219 (99.899)	Prec@5 100.000 (100.000)
Epoch [197] Training Results: Prec@1 99.900 Prec@5 100.000             Loss 0.00422
Epoch [197] Training Class Recall: [0.997,0.995,1.000,1.000,1.000,1.000,1.000,1.000,0.998,1.000]

Epoch: [198][0/40], lr: 0.00000	Loss 0.0044 (0.0044)	Prec@1 100.000 (100.000)	Prec@5 100.000 (100.000)
Epoch: [198][10/40], lr: 0.00000	Loss 0.0026 (0.0045)	Prec@1 100.000 (99.929)	Prec@5 100.000 (100.000)
Epoch: [198][20/40], lr: 0.00000	Loss 0.0037 (0.0044)	Prec@1 100.000 (99.926)	Prec@5 100.000 (100.000)
Epoch: [198][30/40], lr: 0.00000	Loss 0.0043 (0.0042)	Prec@1 100.000 (99.950)	Prec@5 100.000 (100.000)
Epoch [198] Training Results: Prec@1 99.900 Prec@5 100.000             Loss 0.00450
Epoch [198] Training Class Recall: [0.998,1.000,0.996,0.997,0.997,1.000,1.000,1.000,1.000,1.000]

Epoch: [199][0/40], lr: 0.00000	Loss 0.0013 (0.0013)	Prec@1 100.000 (100.000)	Prec@5 100.000 (100.000)
Epoch: [199][10/40], lr: 0.00000	Loss 0.0055 (0.0051)	Prec@1 100.000 (99.858)	Prec@5 100.000 (100.000)
Epoch: [199][20/40], lr: 0.00000	Loss 0.0036 (0.0040)	Prec@1 100.000 (99.926)	Prec@5 100.000 (100.000)
Epoch: [199][30/40], lr: 0.00000	Loss 0.0019 (0.0034)	Prec@1 100.000 (99.950)	Prec@5 100.000 (100.000)
Epoch [199] Training Results: Prec@1 99.900 Prec@5 100.000             Loss 0.00436
Epoch [199] Training Class Recall: [0.999,1.000,0.996,0.997,0.993,1.000,1.000,1.000,1.000,1.000]

