Epoch: [0][0/391], lr: 0.00200	Loss 2.7355 (2.7355)	Prec@1 9.375 (9.375)	Prec@5 57.031 (57.031)
Epoch: [0][10/391], lr: 0.00200	Loss 2.3566 (2.4908)	Prec@1 11.719 (9.588)	Prec@5 54.688 (50.710)
Epoch: [0][20/391], lr: 0.00200	Loss 2.3263 (2.4275)	Prec@1 10.938 (10.751)	Prec@5 60.938 (53.981)
Epoch: [0][30/391], lr: 0.00200	Loss 2.2982 (2.3943)	Prec@1 21.094 (11.971)	Prec@5 58.594 (55.393)
Epoch: [0][40/391], lr: 0.00200	Loss 2.1305 (2.3559)	Prec@1 21.094 (13.377)	Prec@5 75.781 (58.308)
Epoch: [0][50/391], lr: 0.00200	Loss 2.2372 (2.3345)	Prec@1 14.062 (14.124)	Prec@5 67.188 (59.620)
Epoch: [0][60/391], lr: 0.00200	Loss 2.3299 (2.3201)	Prec@1 14.844 (14.857)	Prec@5 60.156 (60.246)
Epoch: [0][70/391], lr: 0.00200	Loss 2.2138 (2.3165)	Prec@1 18.750 (15.064)	Prec@5 66.406 (60.805)
Epoch: [0][80/391], lr: 0.00200	Loss 2.1989 (2.3128)	Prec@1 14.062 (15.181)	Prec@5 68.750 (60.957)
Epoch: [0][90/391], lr: 0.00200	Loss 2.2693 (2.3003)	Prec@1 13.281 (15.728)	Prec@5 66.406 (61.856)
Epoch: [0][100/391], lr: 0.00200	Loss 2.1830 (2.2919)	Prec@1 13.281 (15.958)	Prec@5 70.312 (62.601)
Epoch: [0][110/391], lr: 0.00200	Loss 2.1483 (2.2804)	Prec@1 17.188 (16.251)	Prec@5 66.406 (63.309)
Epoch: [0][120/391], lr: 0.00200	Loss 2.1888 (2.2712)	Prec@1 21.875 (16.684)	Prec@5 64.844 (63.914)
Epoch: [0][130/391], lr: 0.00200	Loss 2.1614 (2.2643)	Prec@1 21.875 (17.104)	Prec@5 71.875 (64.373)
Epoch: [0][140/391], lr: 0.00200	Loss 2.2085 (2.2590)	Prec@1 20.312 (17.393)	Prec@5 68.750 (64.700)
Epoch: [0][150/391], lr: 0.00200	Loss 2.1124 (2.2548)	Prec@1 22.656 (17.576)	Prec@5 71.875 (65.040)
Epoch: [0][160/391], lr: 0.00200	Loss 2.3558 (2.2520)	Prec@1 15.625 (17.775)	Prec@5 61.719 (65.247)
Epoch: [0][170/391], lr: 0.00200	Loss 2.1238 (2.2451)	Prec@1 25.000 (18.033)	Prec@5 67.969 (65.616)
Epoch: [0][180/391], lr: 0.00200	Loss 2.1500 (2.2410)	Prec@1 26.562 (18.245)	Prec@5 65.625 (65.871)
Epoch: [0][190/391], lr: 0.00200	Loss 2.1399 (2.2342)	Prec@1 22.656 (18.578)	Prec@5 73.438 (66.214)
Epoch: [0][200/391], lr: 0.00200	Loss 2.0703 (2.2277)	Prec@1 21.875 (18.851)	Prec@5 81.250 (66.550)
Epoch: [0][210/391], lr: 0.00200	Loss 2.2460 (2.2238)	Prec@1 24.219 (19.046)	Prec@5 65.625 (66.699)
Epoch: [0][220/391], lr: 0.00200	Loss 2.0797 (2.2190)	Prec@1 21.875 (19.280)	Prec@5 73.438 (66.926)
Epoch: [0][230/391], lr: 0.00200	Loss 2.1634 (2.2127)	Prec@1 19.531 (19.524)	Prec@5 71.094 (67.225)
Epoch: [0][240/391], lr: 0.00200	Loss 2.2448 (2.2074)	Prec@1 16.406 (19.697)	Prec@5 69.531 (67.534)
Epoch: [0][250/391], lr: 0.00200	Loss 2.1235 (2.2038)	Prec@1 23.438 (19.796)	Prec@5 67.969 (67.710)
Epoch: [0][260/391], lr: 0.00200	Loss 2.0158 (2.1983)	Prec@1 29.688 (20.061)	Prec@5 78.125 (68.035)
Epoch: [0][270/391], lr: 0.00200	Loss 2.2218 (2.1926)	Prec@1 25.781 (20.344)	Prec@5 69.531 (68.283)
Epoch: [0][280/391], lr: 0.00200	Loss 1.9972 (2.1887)	Prec@1 31.250 (20.543)	Prec@5 81.250 (68.555)
Epoch: [0][290/391], lr: 0.00200	Loss 2.0295 (2.1851)	Prec@1 23.438 (20.729)	Prec@5 75.000 (68.707)
Epoch: [0][300/391], lr: 0.00200	Loss 1.9146 (2.1794)	Prec@1 26.562 (20.956)	Prec@5 80.469 (68.991)
Epoch: [0][310/391], lr: 0.00200	Loss 1.9719 (2.1748)	Prec@1 30.469 (21.189)	Prec@5 79.688 (69.182)
Epoch: [0][320/391], lr: 0.00200	Loss 2.1375 (2.1716)	Prec@1 24.219 (21.357)	Prec@5 77.344 (69.378)
Epoch: [0][330/391], lr: 0.00200	Loss 2.1335 (2.1673)	Prec@1 20.312 (21.490)	Prec@5 71.875 (69.609)
Epoch: [0][340/391], lr: 0.00200	Loss 1.8118 (2.1625)	Prec@1 33.594 (21.678)	Prec@5 84.375 (69.783)
Epoch: [0][350/391], lr: 0.00200	Loss 1.9511 (2.1578)	Prec@1 33.594 (21.922)	Prec@5 76.562 (69.979)
Epoch: [0][360/391], lr: 0.00200	Loss 1.7918 (2.1536)	Prec@1 31.250 (22.137)	Prec@5 84.375 (70.144)
Epoch: [0][370/391], lr: 0.00200	Loss 2.1072 (2.1499)	Prec@1 25.000 (22.271)	Prec@5 78.125 (70.374)
Epoch: [0][380/391], lr: 0.00200	Loss 2.0587 (2.1464)	Prec@1 28.125 (22.482)	Prec@5 74.219 (70.550)
Epoch: [0][390/391], lr: 0.00200	Loss 1.9449 (2.1436)	Prec@1 30.000 (22.614)	Prec@5 81.250 (70.688)
Epoch [0] Training Results: Prec@1 22.614 Prec@5 70.688             Loss 2.14361
Epoch [0] Training Class Recall: [0.409,0.515,0.203,0.239,0.205,0.154,0.213,0.112,0.124,0.087]

Epoch: [1][0/391], lr: 0.00400	Loss 1.9257 (1.9257)	Prec@1 29.688 (29.688)	Prec@5 80.469 (80.469)
Epoch: [1][10/391], lr: 0.00400	Loss 2.0713 (2.0633)	Prec@1 28.906 (27.131)	Prec@5 71.094 (73.295)
Epoch: [1][20/391], lr: 0.00400	Loss 1.8940 (2.0961)	Prec@1 35.938 (25.595)	Prec@5 79.688 (73.475)
Epoch: [1][30/391], lr: 0.00400	Loss 2.0326 (2.0977)	Prec@1 29.688 (25.983)	Prec@5 78.125 (73.816)
Epoch: [1][40/391], lr: 0.00400	Loss 2.0969 (2.1116)	Prec@1 21.094 (24.905)	Prec@5 71.094 (73.666)
Epoch: [1][50/391], lr: 0.00400	Loss 2.1238 (2.1149)	Prec@1 26.562 (24.969)	Prec@5 72.656 (73.652)
Epoch: [1][60/391], lr: 0.00400	Loss 2.0254 (2.1048)	Prec@1 28.906 (25.410)	Prec@5 78.125 (74.039)
Epoch: [1][70/391], lr: 0.00400	Loss 2.0256 (2.0967)	Prec@1 33.594 (25.715)	Prec@5 76.562 (74.241)
Epoch: [1][80/391], lr: 0.00400	Loss 1.9862 (2.0922)	Prec@1 30.469 (25.936)	Prec@5 78.906 (74.363)
Epoch: [1][90/391], lr: 0.00400	Loss 2.0204 (2.0830)	Prec@1 28.906 (26.322)	Prec@5 78.906 (74.734)
Epoch: [1][100/391], lr: 0.00400	Loss 2.0563 (2.0842)	Prec@1 25.000 (26.269)	Prec@5 78.906 (74.722)
Epoch: [1][110/391], lr: 0.00400	Loss 1.8565 (2.0791)	Prec@1 34.375 (26.534)	Prec@5 83.594 (74.894)
Epoch: [1][120/391], lr: 0.00400	Loss 2.1173 (2.0777)	Prec@1 26.562 (26.517)	Prec@5 70.312 (75.000)
Epoch: [1][130/391], lr: 0.00400	Loss 2.0579 (2.0747)	Prec@1 25.781 (26.771)	Prec@5 75.781 (75.030)
Epoch: [1][140/391], lr: 0.00400	Loss 2.0026 (2.0725)	Prec@1 35.156 (26.806)	Prec@5 77.344 (75.227)
Epoch: [1][150/391], lr: 0.00400	Loss 2.0253 (2.0710)	Prec@1 28.125 (26.821)	Prec@5 74.219 (75.326)
Epoch: [1][160/391], lr: 0.00400	Loss 1.9883 (2.0643)	Prec@1 34.375 (26.975)	Prec@5 77.344 (75.577)
Epoch: [1][170/391], lr: 0.00400	Loss 2.0347 (2.0615)	Prec@1 26.562 (27.097)	Prec@5 81.250 (75.649)
Epoch: [1][180/391], lr: 0.00400	Loss 2.0059 (2.0616)	Prec@1 25.781 (26.964)	Prec@5 80.469 (75.552)
Epoch: [1][190/391], lr: 0.00400	Loss 2.1018 (2.0596)	Prec@1 23.438 (26.972)	Prec@5 74.219 (75.642)
Epoch: [1][200/391], lr: 0.00400	Loss 1.9800 (2.0567)	Prec@1 27.344 (27.048)	Prec@5 78.125 (75.766)
Epoch: [1][210/391], lr: 0.00400	Loss 1.8935 (2.0506)	Prec@1 35.156 (27.262)	Prec@5 79.688 (76.015)
Epoch: [1][220/391], lr: 0.00400	Loss 2.0349 (2.0470)	Prec@1 28.125 (27.418)	Prec@5 76.562 (76.145)
Epoch: [1][230/391], lr: 0.00400	Loss 1.9518 (2.0439)	Prec@1 32.812 (27.611)	Prec@5 79.688 (76.221)
Epoch: [1][240/391], lr: 0.00400	Loss 1.9079 (2.0400)	Prec@1 35.938 (27.794)	Prec@5 82.031 (76.336)
Epoch: [1][250/391], lr: 0.00400	Loss 1.8950 (2.0353)	Prec@1 26.562 (27.907)	Prec@5 84.375 (76.575)
Epoch: [1][260/391], lr: 0.00400	Loss 1.8679 (2.0317)	Prec@1 37.500 (28.080)	Prec@5 82.812 (76.679)
Epoch: [1][270/391], lr: 0.00400	Loss 1.9933 (2.0283)	Prec@1 31.250 (28.211)	Prec@5 79.688 (76.796)
Epoch: [1][280/391], lr: 0.00400	Loss 1.9834 (2.0251)	Prec@1 34.375 (28.428)	Prec@5 79.688 (76.904)
Epoch: [1][290/391], lr: 0.00400	Loss 2.0041 (2.0231)	Prec@1 29.688 (28.504)	Prec@5 78.125 (76.949)
Epoch: [1][300/391], lr: 0.00400	Loss 1.9949 (2.0211)	Prec@1 28.906 (28.597)	Prec@5 78.906 (77.009)
Epoch: [1][310/391], lr: 0.00400	Loss 2.0848 (2.0190)	Prec@1 25.000 (28.663)	Prec@5 74.219 (77.098)
Epoch: [1][320/391], lr: 0.00400	Loss 1.7805 (2.0160)	Prec@1 37.500 (28.758)	Prec@5 84.375 (77.188)
Epoch: [1][330/391], lr: 0.00400	Loss 1.9695 (2.0133)	Prec@1 34.375 (28.845)	Prec@5 79.688 (77.275)
Epoch: [1][340/391], lr: 0.00400	Loss 1.9058 (2.0105)	Prec@1 30.469 (28.950)	Prec@5 77.344 (77.376)
Epoch: [1][350/391], lr: 0.00400	Loss 1.8492 (2.0096)	Prec@1 38.281 (29.013)	Prec@5 82.031 (77.408)
Epoch: [1][360/391], lr: 0.00400	Loss 1.8983 (2.0064)	Prec@1 30.469 (29.146)	Prec@5 78.906 (77.456)
Epoch: [1][370/391], lr: 0.00400	Loss 1.9533 (2.0035)	Prec@1 33.594 (29.290)	Prec@5 78.125 (77.535)
Epoch: [1][380/391], lr: 0.00400	Loss 2.0388 (2.0015)	Prec@1 29.688 (29.380)	Prec@5 76.562 (77.584)
Epoch: [1][390/391], lr: 0.00400	Loss 1.9765 (1.9992)	Prec@1 26.250 (29.480)	Prec@5 80.000 (77.694)
Epoch [1] Training Results: Prec@1 29.480 Prec@5 77.694             Loss 1.99922
Epoch [1] Training Class Recall: [0.484,0.645,0.294,0.308,0.245,0.228,0.298,0.173,0.143,0.131]

Epoch: [2][0/391], lr: 0.00600	Loss 1.7605 (1.7605)	Prec@1 41.406 (41.406)	Prec@5 88.281 (88.281)
Epoch: [2][10/391], lr: 0.00600	Loss 1.9817 (1.9563)	Prec@1 28.906 (32.457)	Prec@5 75.781 (77.983)
Epoch: [2][20/391], lr: 0.00600	Loss 2.0211 (1.9699)	Prec@1 24.219 (31.138)	Prec@5 78.125 (77.418)
Epoch: [2][30/391], lr: 0.00600	Loss 1.9255 (1.9693)	Prec@1 32.031 (30.645)	Prec@5 78.125 (78.075)
Epoch: [2][40/391], lr: 0.00600	Loss 1.9209 (1.9622)	Prec@1 28.906 (31.174)	Prec@5 80.469 (78.239)
Epoch: [2][50/391], lr: 0.00600	Loss 1.9604 (1.9565)	Prec@1 30.469 (31.510)	Prec@5 77.344 (78.431)
Epoch: [2][60/391], lr: 0.00600	Loss 1.8681 (1.9536)	Prec@1 35.156 (31.711)	Prec@5 85.938 (78.765)
Epoch: [2][70/391], lr: 0.00600	Loss 1.9645 (1.9526)	Prec@1 28.906 (31.745)	Prec@5 80.469 (78.884)
Epoch: [2][80/391], lr: 0.00600	Loss 1.9266 (1.9539)	Prec@1 37.500 (31.800)	Prec@5 75.000 (78.926)
Epoch: [2][90/391], lr: 0.00600	Loss 1.8372 (1.9459)	Prec@1 38.281 (32.057)	Prec@5 78.906 (79.069)
Epoch: [2][100/391], lr: 0.00600	Loss 1.8147 (1.9360)	Prec@1 37.500 (32.441)	Prec@5 82.031 (79.463)
Epoch: [2][110/391], lr: 0.00600	Loss 1.7250 (1.9285)	Prec@1 39.844 (32.721)	Prec@5 82.812 (79.702)
Epoch: [2][120/391], lr: 0.00600	Loss 1.9063 (1.9226)	Prec@1 32.031 (33.097)	Prec@5 79.688 (79.926)
Epoch: [2][130/391], lr: 0.00600	Loss 1.9153 (1.9194)	Prec@1 29.688 (33.266)	Prec@5 85.156 (80.021)
Epoch: [2][140/391], lr: 0.00600	Loss 1.8673 (1.9197)	Prec@1 34.375 (33.245)	Prec@5 87.500 (79.981)
Epoch: [2][150/391], lr: 0.00600	Loss 1.8164 (1.9175)	Prec@1 45.312 (33.511)	Prec@5 85.156 (80.019)
Epoch: [2][160/391], lr: 0.00600	Loss 1.9465 (1.9134)	Prec@1 32.812 (33.827)	Prec@5 75.781 (80.027)
Epoch: [2][170/391], lr: 0.00600	Loss 2.0424 (1.9126)	Prec@1 29.688 (33.895)	Prec@5 81.250 (80.071)
Epoch: [2][180/391], lr: 0.00600	Loss 1.9678 (1.9154)	Prec@1 32.812 (33.758)	Prec@5 81.250 (80.089)
Epoch: [2][190/391], lr: 0.00600	Loss 1.9590 (1.9148)	Prec@1 35.156 (33.815)	Prec@5 79.688 (80.129)
Epoch: [2][200/391], lr: 0.00600	Loss 1.7548 (1.9134)	Prec@1 46.875 (33.858)	Prec@5 80.469 (80.173)
Epoch: [2][210/391], lr: 0.00600	Loss 1.9279 (1.9120)	Prec@1 33.594 (33.846)	Prec@5 83.594 (80.284)
Epoch: [2][220/391], lr: 0.00600	Loss 1.8856 (1.9076)	Prec@1 37.500 (34.085)	Prec@5 79.688 (80.423)
Epoch: [2][230/391], lr: 0.00600	Loss 1.9896 (1.9064)	Prec@1 28.125 (34.125)	Prec@5 78.125 (80.465)
Epoch: [2][240/391], lr: 0.00600	Loss 1.8424 (1.9050)	Prec@1 37.500 (34.145)	Prec@5 78.906 (80.547)
Epoch: [2][250/391], lr: 0.00600	Loss 1.7949 (1.9026)	Prec@1 39.062 (34.279)	Prec@5 85.156 (80.612)
Epoch: [2][260/391], lr: 0.00600	Loss 1.8920 (1.8987)	Prec@1 32.031 (34.405)	Prec@5 80.469 (80.759)
Epoch: [2][270/391], lr: 0.00600	Loss 1.7555 (1.8962)	Prec@1 35.156 (34.441)	Prec@5 89.844 (80.852)
Epoch: [2][280/391], lr: 0.00600	Loss 1.7520 (1.8930)	Prec@1 39.844 (34.584)	Prec@5 84.375 (80.961)
Epoch: [2][290/391], lr: 0.00600	Loss 1.7110 (1.8903)	Prec@1 40.625 (34.686)	Prec@5 85.156 (80.979)
Epoch: [2][300/391], lr: 0.00600	Loss 1.8071 (1.8854)	Prec@1 32.812 (34.907)	Prec@5 84.375 (81.097)
Epoch: [2][310/391], lr: 0.00600	Loss 1.8433 (1.8829)	Prec@1 30.469 (34.978)	Prec@5 83.594 (81.157)
Epoch: [2][320/391], lr: 0.00600	Loss 1.8320 (1.8797)	Prec@1 35.156 (35.108)	Prec@5 82.812 (81.243)
Epoch: [2][330/391], lr: 0.00600	Loss 1.8090 (1.8779)	Prec@1 35.156 (35.161)	Prec@5 83.594 (81.281)
Epoch: [2][340/391], lr: 0.00600	Loss 1.7335 (1.8760)	Prec@1 39.844 (35.211)	Prec@5 85.938 (81.376)
Epoch: [2][350/391], lr: 0.00600	Loss 1.7610 (1.8723)	Prec@1 42.188 (35.352)	Prec@5 85.156 (81.477)
Epoch: [2][360/391], lr: 0.00600	Loss 1.6850 (1.8682)	Prec@1 39.844 (35.492)	Prec@5 85.938 (81.596)
Epoch: [2][370/391], lr: 0.00600	Loss 1.7306 (1.8648)	Prec@1 40.625 (35.588)	Prec@5 82.031 (81.692)
Epoch: [2][380/391], lr: 0.00600	Loss 1.8642 (1.8613)	Prec@1 36.719 (35.720)	Prec@5 82.812 (81.779)
Epoch: [2][390/391], lr: 0.00600	Loss 1.8241 (1.8590)	Prec@1 37.500 (35.832)	Prec@5 82.500 (81.844)
Epoch [2] Training Results: Prec@1 35.832 Prec@5 81.844             Loss 1.85896
Epoch [2] Training Class Recall: [0.520,0.680,0.381,0.365,0.335,0.300,0.355,0.225,0.245,0.179]

Epoch: [3][0/391], lr: 0.00800	Loss 1.5839 (1.5839)	Prec@1 43.750 (43.750)	Prec@5 90.625 (90.625)
Epoch: [3][10/391], lr: 0.00800	Loss 1.7042 (1.7560)	Prec@1 42.188 (38.494)	Prec@5 90.625 (84.517)
Epoch: [3][20/391], lr: 0.00800	Loss 1.8075 (1.7665)	Prec@1 42.188 (38.542)	Prec@5 81.250 (84.189)
Epoch: [3][30/391], lr: 0.00800	Loss 1.7211 (1.7752)	Prec@1 40.625 (38.634)	Prec@5 87.500 (83.947)
Epoch: [3][40/391], lr: 0.00800	Loss 1.7203 (1.7735)	Prec@1 43.750 (38.834)	Prec@5 82.812 (83.975)
Epoch: [3][50/391], lr: 0.00800	Loss 1.7039 (1.7722)	Prec@1 44.531 (38.955)	Prec@5 89.062 (84.099)
Epoch: [3][60/391], lr: 0.00800	Loss 1.9100 (1.7760)	Prec@1 33.594 (38.986)	Prec@5 79.688 (84.029)
Epoch: [3][70/391], lr: 0.00800	Loss 1.8004 (1.7757)	Prec@1 40.625 (38.974)	Prec@5 79.688 (84.034)
Epoch: [3][80/391], lr: 0.00800	Loss 1.7464 (1.7762)	Prec@1 42.188 (38.976)	Prec@5 80.469 (84.076)
Epoch: [3][90/391], lr: 0.00800	Loss 1.8238 (1.7746)	Prec@1 35.938 (39.123)	Prec@5 85.156 (84.255)
Epoch: [3][100/391], lr: 0.00800	Loss 1.6309 (1.7701)	Prec@1 38.281 (39.179)	Prec@5 88.281 (84.390)
Epoch: [3][110/391], lr: 0.00800	Loss 1.6434 (1.7693)	Prec@1 44.531 (39.323)	Prec@5 82.031 (84.312)
Epoch: [3][120/391], lr: 0.00800	Loss 1.8255 (1.7695)	Prec@1 35.938 (39.321)	Prec@5 82.812 (84.310)
Epoch: [3][130/391], lr: 0.00800	Loss 1.7231 (1.7674)	Prec@1 41.406 (39.450)	Prec@5 83.594 (84.250)
Epoch: [3][140/391], lr: 0.00800	Loss 1.8721 (1.7696)	Prec@1 37.500 (39.323)	Prec@5 79.688 (84.220)
Epoch: [3][150/391], lr: 0.00800	Loss 1.8474 (1.7705)	Prec@1 35.156 (39.290)	Prec@5 84.375 (84.189)
Epoch: [3][160/391], lr: 0.00800	Loss 1.5567 (1.7694)	Prec@1 50.000 (39.373)	Prec@5 89.844 (84.142)
Epoch: [3][170/391], lr: 0.00800	Loss 1.6190 (1.7652)	Prec@1 46.094 (39.602)	Prec@5 88.281 (84.288)
Epoch: [3][180/391], lr: 0.00800	Loss 1.7033 (1.7613)	Prec@1 39.844 (39.697)	Prec@5 85.938 (84.410)
Epoch: [3][190/391], lr: 0.00800	Loss 1.7083 (1.7576)	Prec@1 44.531 (39.799)	Prec@5 87.500 (84.506)
Epoch: [3][200/391], lr: 0.00800	Loss 1.5786 (1.7534)	Prec@1 44.531 (39.999)	Prec@5 91.406 (84.674)
Epoch: [3][210/391], lr: 0.00800	Loss 1.6853 (1.7526)	Prec@1 41.406 (40.029)	Prec@5 89.062 (84.745)
Epoch: [3][220/391], lr: 0.00800	Loss 1.6366 (1.7493)	Prec@1 45.312 (40.119)	Prec@5 89.062 (84.842)
Epoch: [3][230/391], lr: 0.00800	Loss 1.6277 (1.7469)	Prec@1 40.625 (40.229)	Prec@5 85.938 (84.855)
Epoch: [3][240/391], lr: 0.00800	Loss 1.5181 (1.7463)	Prec@1 50.781 (40.301)	Prec@5 92.188 (84.920)
Epoch: [3][250/391], lr: 0.00800	Loss 1.7346 (1.7441)	Prec@1 41.406 (40.420)	Prec@5 88.281 (84.948)
Epoch: [3][260/391], lr: 0.00800	Loss 1.7010 (1.7425)	Prec@1 43.750 (40.472)	Prec@5 83.594 (84.947)
Epoch: [3][270/391], lr: 0.00800	Loss 1.7497 (1.7407)	Prec@1 36.719 (40.553)	Prec@5 92.188 (85.050)
Epoch: [3][280/391], lr: 0.00800	Loss 1.6705 (1.7384)	Prec@1 43.750 (40.667)	Prec@5 82.031 (85.101)
Epoch: [3][290/391], lr: 0.00800	Loss 1.5434 (1.7366)	Prec@1 51.562 (40.754)	Prec@5 88.281 (85.108)
Epoch: [3][300/391], lr: 0.00800	Loss 1.8288 (1.7375)	Prec@1 35.938 (40.744)	Prec@5 83.594 (85.084)
Epoch: [3][310/391], lr: 0.00800	Loss 1.6371 (1.7354)	Prec@1 39.844 (40.781)	Prec@5 83.594 (85.139)
Epoch: [3][320/391], lr: 0.00800	Loss 1.6484 (1.7356)	Prec@1 44.531 (40.769)	Prec@5 85.156 (85.125)
Epoch: [3][330/391], lr: 0.00800	Loss 1.6360 (1.7333)	Prec@1 46.094 (40.878)	Prec@5 88.281 (85.232)
Epoch: [3][340/391], lr: 0.00800	Loss 1.6641 (1.7300)	Prec@1 41.406 (40.950)	Prec@5 89.062 (85.326)
Epoch: [3][350/391], lr: 0.00800	Loss 1.7732 (1.7295)	Prec@1 35.156 (40.974)	Prec@5 87.500 (85.365)
Epoch: [3][360/391], lr: 0.00800	Loss 1.8114 (1.7264)	Prec@1 41.406 (41.073)	Prec@5 83.594 (85.448)
Epoch: [3][370/391], lr: 0.00800	Loss 1.5659 (1.7232)	Prec@1 49.219 (41.185)	Prec@5 85.938 (85.514)
Epoch: [3][380/391], lr: 0.00800	Loss 1.4908 (1.7194)	Prec@1 50.781 (41.355)	Prec@5 89.844 (85.622)
Epoch: [3][390/391], lr: 0.00800	Loss 1.5778 (1.7182)	Prec@1 52.500 (41.454)	Prec@5 85.000 (85.626)
Epoch [3] Training Results: Prec@1 41.454 Prec@5 85.626             Loss 1.71822
Epoch [3] Training Class Recall: [0.531,0.701,0.420,0.398,0.386,0.354,0.407,0.277,0.359,0.314]

Epoch: [4][0/391], lr: 0.01000	Loss 1.6085 (1.6085)	Prec@1 50.781 (50.781)	Prec@5 84.375 (84.375)
Epoch: [4][10/391], lr: 0.01000	Loss 1.6619 (1.6310)	Prec@1 47.656 (46.165)	Prec@5 89.062 (87.145)
Epoch: [4][20/391], lr: 0.01000	Loss 1.7430 (1.6556)	Prec@1 43.750 (44.717)	Prec@5 89.062 (86.607)
Epoch: [4][30/391], lr: 0.01000	Loss 1.5850 (1.6637)	Prec@1 46.094 (44.204)	Prec@5 91.406 (86.946)
Epoch: [4][40/391], lr: 0.01000	Loss 1.7344 (1.6646)	Prec@1 41.406 (44.017)	Prec@5 86.719 (87.214)
Epoch: [4][50/391], lr: 0.01000	Loss 1.6613 (1.6546)	Prec@1 41.406 (44.256)	Prec@5 85.938 (87.408)
Epoch: [4][60/391], lr: 0.01000	Loss 1.5895 (1.6485)	Prec@1 48.438 (44.403)	Prec@5 85.938 (87.538)
Epoch: [4][70/391], lr: 0.01000	Loss 1.6603 (1.6458)	Prec@1 43.750 (44.432)	Prec@5 89.844 (87.544)
Epoch: [4][80/391], lr: 0.01000	Loss 1.7744 (1.6432)	Prec@1 43.750 (44.676)	Prec@5 86.719 (87.539)
Epoch: [4][90/391], lr: 0.01000	Loss 1.4595 (1.6375)	Prec@1 56.250 (44.926)	Prec@5 89.844 (87.534)
Epoch: [4][100/391], lr: 0.01000	Loss 1.6242 (1.6395)	Prec@1 43.750 (44.833)	Prec@5 84.375 (87.492)
Epoch: [4][110/391], lr: 0.01000	Loss 1.6830 (1.6401)	Prec@1 43.750 (44.707)	Prec@5 90.625 (87.514)
Epoch: [4][120/391], lr: 0.01000	Loss 1.6616 (1.6416)	Prec@1 46.094 (44.822)	Prec@5 81.250 (87.377)
Epoch: [4][130/391], lr: 0.01000	Loss 1.7332 (1.6406)	Prec@1 39.844 (44.871)	Prec@5 84.375 (87.309)
Epoch: [4][140/391], lr: 0.01000	Loss 1.6115 (1.6401)	Prec@1 46.094 (44.736)	Prec@5 85.938 (87.456)
Epoch: [4][150/391], lr: 0.01000	Loss 1.7327 (1.6415)	Prec@1 39.844 (44.599)	Prec@5 90.625 (87.474)
Epoch: [4][160/391], lr: 0.01000	Loss 1.7408 (1.6434)	Prec@1 43.750 (44.526)	Prec@5 84.375 (87.413)
Epoch: [4][170/391], lr: 0.01000	Loss 1.4871 (1.6390)	Prec@1 47.656 (44.572)	Prec@5 90.625 (87.486)
Epoch: [4][180/391], lr: 0.01000	Loss 1.6292 (1.6368)	Prec@1 40.625 (44.695)	Prec@5 89.844 (87.465)
Epoch: [4][190/391], lr: 0.01000	Loss 1.7084 (1.6355)	Prec@1 42.188 (44.711)	Prec@5 89.062 (87.525)
Epoch: [4][200/391], lr: 0.01000	Loss 1.6684 (1.6329)	Prec@1 50.781 (44.796)	Prec@5 84.375 (87.613)
Epoch: [4][210/391], lr: 0.01000	Loss 1.7076 (1.6334)	Prec@1 37.500 (44.694)	Prec@5 86.719 (87.626)
Epoch: [4][220/391], lr: 0.01000	Loss 1.4943 (1.6312)	Prec@1 49.219 (44.775)	Prec@5 89.844 (87.716)
Epoch: [4][230/391], lr: 0.01000	Loss 1.7344 (1.6286)	Prec@1 46.875 (44.825)	Prec@5 84.375 (87.723)
Epoch: [4][240/391], lr: 0.01000	Loss 1.3829 (1.6253)	Prec@1 53.125 (44.881)	Prec@5 89.062 (87.763)
Epoch: [4][250/391], lr: 0.01000	Loss 1.6076 (1.6229)	Prec@1 43.750 (44.973)	Prec@5 90.625 (87.842)
Epoch: [4][260/391], lr: 0.01000	Loss 1.5929 (1.6217)	Prec@1 49.219 (45.055)	Prec@5 89.062 (87.847)
Epoch: [4][270/391], lr: 0.01000	Loss 1.5730 (1.6187)	Prec@1 43.750 (45.151)	Prec@5 88.281 (87.901)
Epoch: [4][280/391], lr: 0.01000	Loss 1.3301 (1.6143)	Prec@1 55.469 (45.265)	Prec@5 93.750 (88.017)
Epoch: [4][290/391], lr: 0.01000	Loss 1.5068 (1.6136)	Prec@1 47.656 (45.291)	Prec@5 92.969 (88.013)
Epoch: [4][300/391], lr: 0.01000	Loss 1.6413 (1.6110)	Prec@1 44.531 (45.401)	Prec@5 88.281 (88.087)
Epoch: [4][310/391], lr: 0.01000	Loss 1.5354 (1.6064)	Prec@1 46.094 (45.566)	Prec@5 85.156 (88.153)
Epoch: [4][320/391], lr: 0.01000	Loss 1.3855 (1.6033)	Prec@1 52.344 (45.714)	Prec@5 92.969 (88.240)
Epoch: [4][330/391], lr: 0.01000	Loss 1.4433 (1.6003)	Prec@1 51.562 (45.820)	Prec@5 89.062 (88.286)
Epoch: [4][340/391], lr: 0.01000	Loss 1.4413 (1.5966)	Prec@1 50.781 (45.936)	Prec@5 93.750 (88.355)
Epoch: [4][350/391], lr: 0.01000	Loss 1.5457 (1.5954)	Prec@1 48.438 (46.011)	Prec@5 85.938 (88.366)
Epoch: [4][360/391], lr: 0.01000	Loss 1.5082 (1.5933)	Prec@1 50.000 (46.115)	Prec@5 89.062 (88.379)
Epoch: [4][370/391], lr: 0.01000	Loss 1.4234 (1.5888)	Prec@1 55.469 (46.285)	Prec@5 92.969 (88.456)
Epoch: [4][380/391], lr: 0.01000	Loss 1.4388 (1.5869)	Prec@1 52.344 (46.342)	Prec@5 94.531 (88.513)
Epoch: [4][390/391], lr: 0.01000	Loss 1.4155 (1.5848)	Prec@1 48.750 (46.404)	Prec@5 92.500 (88.562)
Epoch [4] Training Results: Prec@1 46.404 Prec@5 88.562             Loss 1.58478
Epoch [4] Training Class Recall: [0.547,0.700,0.454,0.429,0.424,0.381,0.445,0.335,0.453,0.472]

Epoch: [5][0/391], lr: 0.01000	Loss 1.4846 (1.4846)	Prec@1 51.562 (51.562)	Prec@5 87.500 (87.500)
Epoch: [5][10/391], lr: 0.01000	Loss 1.3814 (1.5190)	Prec@1 54.688 (49.290)	Prec@5 90.625 (89.915)
Epoch: [5][20/391], lr: 0.01000	Loss 1.4198 (1.4942)	Prec@1 56.250 (49.182)	Prec@5 94.531 (90.104)
Epoch: [5][30/391], lr: 0.01000	Loss 1.3341 (1.4775)	Prec@1 56.250 (49.698)	Prec@5 91.406 (90.474)
Epoch: [5][40/391], lr: 0.01000	Loss 1.3722 (1.4694)	Prec@1 54.688 (50.210)	Prec@5 89.062 (90.492)
Epoch: [5][50/391], lr: 0.01000	Loss 1.6680 (1.4731)	Prec@1 38.281 (50.138)	Prec@5 87.500 (90.518)
Epoch: [5][60/391], lr: 0.01000	Loss 1.2452 (1.4655)	Prec@1 58.594 (50.525)	Prec@5 92.188 (90.612)
Epoch: [5][70/391], lr: 0.01000	Loss 1.4511 (1.4633)	Prec@1 48.438 (50.693)	Prec@5 92.969 (90.614)
Epoch: [5][80/391], lr: 0.01000	Loss 1.5476 (1.4608)	Prec@1 43.750 (50.829)	Prec@5 92.188 (90.770)
Epoch: [5][90/391], lr: 0.01000	Loss 1.5305 (1.4622)	Prec@1 50.000 (50.773)	Prec@5 91.406 (90.874)
Epoch: [5][100/391], lr: 0.01000	Loss 1.4312 (1.4608)	Prec@1 44.531 (50.774)	Prec@5 92.188 (90.865)
Epoch: [5][110/391], lr: 0.01000	Loss 1.4300 (1.4618)	Prec@1 53.125 (50.739)	Prec@5 88.281 (90.829)
Epoch: [5][120/391], lr: 0.01000	Loss 1.4199 (1.4586)	Prec@1 45.312 (50.704)	Prec@5 93.750 (90.928)
Epoch: [5][130/391], lr: 0.01000	Loss 1.4685 (1.4561)	Prec@1 50.781 (50.936)	Prec@5 92.188 (90.959)
Epoch: [5][140/391], lr: 0.01000	Loss 1.5484 (1.4564)	Prec@1 49.219 (51.097)	Prec@5 86.719 (90.880)
Epoch: [5][150/391], lr: 0.01000	Loss 1.4228 (1.4520)	Prec@1 49.219 (51.257)	Prec@5 95.312 (90.992)
Epoch: [5][160/391], lr: 0.01000	Loss 1.4838 (1.4482)	Prec@1 50.781 (51.378)	Prec@5 90.625 (91.076)
Epoch: [5][170/391], lr: 0.01000	Loss 1.3899 (1.4452)	Prec@1 53.125 (51.439)	Prec@5 90.625 (91.118)
Epoch: [5][180/391], lr: 0.01000	Loss 1.2248 (1.4473)	Prec@1 56.250 (51.364)	Prec@5 94.531 (91.091)
Epoch: [5][190/391], lr: 0.01000	Loss 1.2794 (1.4451)	Prec@1 54.688 (51.317)	Prec@5 95.312 (91.128)
Epoch: [5][200/391], lr: 0.01000	Loss 1.4493 (1.4401)	Prec@1 53.125 (51.411)	Prec@5 91.406 (91.185)
Epoch: [5][210/391], lr: 0.01000	Loss 1.3599 (1.4356)	Prec@1 60.156 (51.540)	Prec@5 92.969 (91.214)
Epoch: [5][220/391], lr: 0.01000	Loss 1.4183 (1.4343)	Prec@1 51.562 (51.534)	Prec@5 92.188 (91.254)
Epoch: [5][230/391], lr: 0.01000	Loss 1.3315 (1.4300)	Prec@1 56.250 (51.674)	Prec@5 91.406 (91.315)
Epoch: [5][240/391], lr: 0.01000	Loss 1.2177 (1.4273)	Prec@1 53.125 (51.725)	Prec@5 95.312 (91.364)
Epoch: [5][250/391], lr: 0.01000	Loss 1.4952 (1.4288)	Prec@1 50.000 (51.703)	Prec@5 89.062 (91.291)
Epoch: [5][260/391], lr: 0.01000	Loss 1.4189 (1.4269)	Prec@1 48.438 (51.745)	Prec@5 88.281 (91.316)
Epoch: [5][270/391], lr: 0.01000	Loss 1.3660 (1.4262)	Prec@1 50.000 (51.661)	Prec@5 92.188 (91.326)
Epoch: [5][280/391], lr: 0.01000	Loss 1.4399 (1.4226)	Prec@1 46.875 (51.765)	Prec@5 95.312 (91.373)
Epoch: [5][290/391], lr: 0.01000	Loss 1.2242 (1.4219)	Prec@1 60.938 (51.809)	Prec@5 92.188 (91.387)
Epoch: [5][300/391], lr: 0.01000	Loss 1.2680 (1.4189)	Prec@1 61.719 (51.913)	Prec@5 94.531 (91.443)
Epoch: [5][310/391], lr: 0.01000	Loss 1.3468 (1.4174)	Prec@1 50.781 (51.932)	Prec@5 92.188 (91.477)
Epoch: [5][320/391], lr: 0.01000	Loss 1.2494 (1.4135)	Prec@1 60.938 (52.105)	Prec@5 96.094 (91.543)
Epoch: [5][330/391], lr: 0.01000	Loss 1.2118 (1.4103)	Prec@1 57.031 (52.228)	Prec@5 92.969 (91.583)
Epoch: [5][340/391], lr: 0.01000	Loss 1.2142 (1.4062)	Prec@1 58.594 (52.390)	Prec@5 94.531 (91.661)
Epoch: [5][350/391], lr: 0.01000	Loss 1.4214 (1.4038)	Prec@1 54.688 (52.482)	Prec@5 92.188 (91.702)
Epoch: [5][360/391], lr: 0.01000	Loss 1.1915 (1.4016)	Prec@1 56.250 (52.536)	Prec@5 91.406 (91.740)
Epoch: [5][370/391], lr: 0.01000	Loss 1.5108 (1.4001)	Prec@1 50.000 (52.580)	Prec@5 89.844 (91.754)
Epoch: [5][380/391], lr: 0.01000	Loss 1.4065 (1.3987)	Prec@1 51.562 (52.627)	Prec@5 90.625 (91.751)
Epoch: [5][390/391], lr: 0.01000	Loss 1.3705 (1.3965)	Prec@1 47.500 (52.710)	Prec@5 95.000 (91.788)
Epoch [5] Training Results: Prec@1 52.710 Prec@5 91.788             Loss 1.39653
Epoch [5] Training Class Recall: [0.562,0.708,0.449,0.470,0.475,0.441,0.506,0.440,0.584,0.636]

Epoch: [6][0/391], lr: 0.01000	Loss 1.4906 (1.4906)	Prec@1 46.094 (46.094)	Prec@5 87.500 (87.500)
Epoch: [6][10/391], lr: 0.01000	Loss 1.3292 (1.3793)	Prec@1 55.469 (54.403)	Prec@5 92.969 (91.548)
Epoch: [6][20/391], lr: 0.01000	Loss 1.1757 (1.3396)	Prec@1 58.594 (54.985)	Prec@5 95.312 (92.708)
Epoch: [6][30/391], lr: 0.01000	Loss 1.4326 (1.3313)	Prec@1 51.562 (55.292)	Prec@5 89.844 (92.666)
Epoch: [6][40/391], lr: 0.01000	Loss 1.2516 (1.3087)	Prec@1 58.594 (55.926)	Prec@5 92.188 (93.007)
Epoch: [6][50/391], lr: 0.01000	Loss 1.3264 (1.3014)	Prec@1 61.719 (56.388)	Prec@5 92.969 (93.122)
Epoch: [6][60/391], lr: 0.01000	Loss 1.1996 (1.2890)	Prec@1 54.688 (56.519)	Prec@5 96.094 (93.276)
Epoch: [6][70/391], lr: 0.01000	Loss 1.2607 (1.2926)	Prec@1 55.469 (56.437)	Prec@5 94.531 (93.222)
Epoch: [6][80/391], lr: 0.01000	Loss 1.3905 (1.2962)	Prec@1 53.906 (56.414)	Prec@5 87.500 (93.152)
Epoch: [6][90/391], lr: 0.01000	Loss 1.2473 (1.2952)	Prec@1 59.375 (56.439)	Prec@5 96.094 (93.158)
Epoch: [6][100/391], lr: 0.01000	Loss 1.4229 (1.2958)	Prec@1 53.906 (56.436)	Prec@5 91.406 (93.093)
Epoch: [6][110/391], lr: 0.01000	Loss 1.1577 (1.2877)	Prec@1 58.594 (56.623)	Prec@5 96.875 (93.222)
Epoch: [6][120/391], lr: 0.01000	Loss 1.1513 (1.2842)	Prec@1 60.938 (56.741)	Prec@5 93.750 (93.240)
Epoch: [6][130/391], lr: 0.01000	Loss 1.3783 (1.2816)	Prec@1 55.469 (56.966)	Prec@5 95.312 (93.279)
Epoch: [6][140/391], lr: 0.01000	Loss 1.1330 (1.2752)	Prec@1 61.719 (57.209)	Prec@5 96.875 (93.440)
Epoch: [6][150/391], lr: 0.01000	Loss 1.2810 (1.2704)	Prec@1 56.250 (57.264)	Prec@5 95.312 (93.533)
Epoch: [6][160/391], lr: 0.01000	Loss 1.2645 (1.2708)	Prec@1 52.344 (57.216)	Prec@5 96.094 (93.507)
Epoch: [6][170/391], lr: 0.01000	Loss 1.4818 (1.2704)	Prec@1 50.000 (57.255)	Prec@5 91.406 (93.503)
Epoch: [6][180/391], lr: 0.01000	Loss 1.1257 (1.2679)	Prec@1 63.281 (57.325)	Prec@5 96.875 (93.556)
Epoch: [6][190/391], lr: 0.01000	Loss 1.2514 (1.2656)	Prec@1 57.812 (57.453)	Prec@5 92.969 (93.574)
Epoch: [6][200/391], lr: 0.01000	Loss 1.1747 (1.2629)	Prec@1 60.156 (57.517)	Prec@5 96.094 (93.606)
Epoch: [6][210/391], lr: 0.01000	Loss 1.3296 (1.2625)	Prec@1 52.344 (57.576)	Prec@5 93.750 (93.617)
Epoch: [6][220/391], lr: 0.01000	Loss 1.3503 (1.2599)	Prec@1 57.031 (57.682)	Prec@5 90.625 (93.647)
Epoch: [6][230/391], lr: 0.01000	Loss 1.3012 (1.2574)	Prec@1 56.250 (57.758)	Prec@5 92.188 (93.652)
Epoch: [6][240/391], lr: 0.01000	Loss 1.0670 (1.2538)	Prec@1 60.938 (57.838)	Prec@5 94.531 (93.711)
Epoch: [6][250/391], lr: 0.01000	Loss 1.1073 (1.2511)	Prec@1 66.406 (57.921)	Prec@5 95.312 (93.750)
Epoch: [6][260/391], lr: 0.01000	Loss 1.2528 (1.2486)	Prec@1 59.375 (58.007)	Prec@5 97.656 (93.780)
Epoch: [6][270/391], lr: 0.01000	Loss 1.1935 (1.2476)	Prec@1 56.250 (58.060)	Prec@5 92.969 (93.773)
Epoch: [6][280/391], lr: 0.01000	Loss 1.1516 (1.2443)	Prec@1 64.062 (58.185)	Prec@5 94.531 (93.800)
Epoch: [6][290/391], lr: 0.01000	Loss 1.3923 (1.2425)	Prec@1 53.125 (58.204)	Prec@5 93.750 (93.822)
Epoch: [6][300/391], lr: 0.01000	Loss 1.1452 (1.2420)	Prec@1 60.156 (58.207)	Prec@5 94.531 (93.833)
Epoch: [6][310/391], lr: 0.01000	Loss 1.3016 (1.2415)	Prec@1 50.000 (58.237)	Prec@5 93.750 (93.828)
Epoch: [6][320/391], lr: 0.01000	Loss 1.3294 (1.2402)	Prec@1 57.031 (58.309)	Prec@5 96.094 (93.855)
Epoch: [6][330/391], lr: 0.01000	Loss 1.3466 (1.2385)	Prec@1 56.250 (58.403)	Prec@5 90.625 (93.866)
Epoch: [6][340/391], lr: 0.01000	Loss 1.2583 (1.2375)	Prec@1 56.250 (58.404)	Prec@5 95.312 (93.887)
Epoch: [6][350/391], lr: 0.01000	Loss 1.0537 (1.2354)	Prec@1 63.281 (58.465)	Prec@5 96.094 (93.926)
Epoch: [6][360/391], lr: 0.01000	Loss 1.1531 (1.2343)	Prec@1 66.406 (58.512)	Prec@5 96.094 (93.956)
Epoch: [6][370/391], lr: 0.01000	Loss 1.1817 (1.2336)	Prec@1 61.719 (58.531)	Prec@5 94.531 (93.958)
Epoch: [6][380/391], lr: 0.01000	Loss 1.1978 (1.2308)	Prec@1 58.594 (58.614)	Prec@5 92.188 (93.965)
Epoch: [6][390/391], lr: 0.01000	Loss 1.1993 (1.2274)	Prec@1 60.000 (58.770)	Prec@5 95.000 (93.998)
Epoch [6] Training Results: Prec@1 58.770 Prec@5 93.998             Loss 1.22735
Epoch [6] Training Class Recall: [0.575,0.717,0.489,0.502,0.522,0.496,0.585,0.553,0.695,0.743]

Epoch: [7][0/391], lr: 0.01000	Loss 1.0754 (1.0754)	Prec@1 64.062 (64.062)	Prec@5 93.750 (93.750)
Epoch: [7][10/391], lr: 0.01000	Loss 1.0872 (1.1612)	Prec@1 62.500 (62.074)	Prec@5 95.312 (94.176)
Epoch: [7][20/391], lr: 0.01000	Loss 1.3236 (1.1450)	Prec@1 53.125 (61.979)	Prec@5 92.969 (94.494)
Epoch: [7][30/391], lr: 0.01000	Loss 1.0746 (1.1394)	Prec@1 57.812 (62.198)	Prec@5 94.531 (94.556)
Epoch: [7][40/391], lr: 0.01000	Loss 0.9831 (1.1400)	Prec@1 67.969 (62.138)	Prec@5 97.656 (94.646)
Epoch: [7][50/391], lr: 0.01000	Loss 1.2558 (1.1289)	Prec@1 60.156 (62.255)	Prec@5 95.312 (94.899)
Epoch: [7][60/391], lr: 0.01000	Loss 1.3184 (1.1341)	Prec@1 55.469 (61.975)	Prec@5 93.750 (94.787)
Epoch: [7][70/391], lr: 0.01000	Loss 1.1530 (1.1313)	Prec@1 64.062 (61.939)	Prec@5 94.531 (95.004)
Epoch: [7][80/391], lr: 0.01000	Loss 1.2242 (1.1380)	Prec@1 60.156 (61.593)	Prec@5 92.969 (94.927)
Epoch: [7][90/391], lr: 0.01000	Loss 1.2118 (1.1418)	Prec@1 65.625 (61.650)	Prec@5 94.531 (94.935)
Epoch: [7][100/391], lr: 0.01000	Loss 1.0425 (1.1408)	Prec@1 63.281 (61.672)	Prec@5 95.312 (94.941)
Epoch: [7][110/391], lr: 0.01000	Loss 1.0601 (1.1388)	Prec@1 59.375 (61.655)	Prec@5 98.438 (94.961)
Epoch: [7][120/391], lr: 0.01000	Loss 1.0022 (1.1359)	Prec@1 67.188 (61.770)	Prec@5 96.875 (95.028)
Epoch: [7][130/391], lr: 0.01000	Loss 1.3040 (1.1351)	Prec@1 57.812 (61.892)	Prec@5 90.625 (94.996)
Epoch: [7][140/391], lr: 0.01000	Loss 1.2371 (1.1369)	Prec@1 60.938 (61.796)	Prec@5 92.969 (95.030)
Epoch: [7][150/391], lr: 0.01000	Loss 1.2882 (1.1351)	Prec@1 53.906 (61.848)	Prec@5 92.969 (95.033)
Epoch: [7][160/391], lr: 0.01000	Loss 1.0968 (1.1334)	Prec@1 63.281 (61.830)	Prec@5 92.969 (95.046)
Epoch: [7][170/391], lr: 0.01000	Loss 0.8782 (1.1259)	Prec@1 70.312 (62.103)	Prec@5 97.656 (95.134)
Epoch: [7][180/391], lr: 0.01000	Loss 1.0150 (1.1247)	Prec@1 67.969 (62.224)	Prec@5 96.094 (95.118)
Epoch: [7][190/391], lr: 0.01000	Loss 1.2508 (1.1231)	Prec@1 59.375 (62.312)	Prec@5 95.312 (95.137)
Epoch: [7][200/391], lr: 0.01000	Loss 1.0782 (1.1217)	Prec@1 60.938 (62.337)	Prec@5 98.438 (95.176)
Epoch: [7][210/391], lr: 0.01000	Loss 1.1588 (1.1188)	Prec@1 58.594 (62.396)	Prec@5 94.531 (95.224)
Epoch: [7][220/391], lr: 0.01000	Loss 1.1276 (1.1168)	Prec@1 62.500 (62.482)	Prec@5 92.969 (95.235)
Epoch: [7][230/391], lr: 0.01000	Loss 1.1000 (1.1150)	Prec@1 59.375 (62.514)	Prec@5 96.875 (95.275)
Epoch: [7][240/391], lr: 0.01000	Loss 1.1029 (1.1152)	Prec@1 62.500 (62.581)	Prec@5 95.312 (95.277)
Epoch: [7][250/391], lr: 0.01000	Loss 0.9343 (1.1124)	Prec@1 65.625 (62.665)	Prec@5 98.438 (95.319)
Epoch: [7][260/391], lr: 0.01000	Loss 1.0940 (1.1104)	Prec@1 60.156 (62.710)	Prec@5 96.094 (95.348)
Epoch: [7][270/391], lr: 0.01000	Loss 1.0433 (1.1094)	Prec@1 63.281 (62.751)	Prec@5 97.656 (95.367)
Epoch: [7][280/391], lr: 0.01000	Loss 1.0360 (1.1089)	Prec@1 59.375 (62.692)	Prec@5 96.875 (95.382)
Epoch: [7][290/391], lr: 0.01000	Loss 1.0317 (1.1067)	Prec@1 63.281 (62.742)	Prec@5 95.312 (95.433)
Epoch: [7][300/391], lr: 0.01000	Loss 1.1410 (1.1058)	Prec@1 60.938 (62.798)	Prec@5 92.969 (95.424)
Epoch: [7][310/391], lr: 0.01000	Loss 0.9651 (1.1038)	Prec@1 71.094 (62.932)	Prec@5 97.656 (95.415)
Epoch: [7][320/391], lr: 0.01000	Loss 0.9393 (1.1023)	Prec@1 69.531 (62.989)	Prec@5 94.531 (95.429)
Epoch: [7][330/391], lr: 0.01000	Loss 1.0695 (1.1011)	Prec@1 67.188 (63.062)	Prec@5 95.312 (95.440)
Epoch: [7][340/391], lr: 0.01000	Loss 1.2109 (1.1008)	Prec@1 63.281 (63.105)	Prec@5 95.312 (95.459)
Epoch: [7][350/391], lr: 0.01000	Loss 1.1585 (1.0993)	Prec@1 55.469 (63.123)	Prec@5 93.750 (95.488)
Epoch: [7][360/391], lr: 0.01000	Loss 1.1684 (1.0980)	Prec@1 60.156 (63.158)	Prec@5 95.312 (95.486)
Epoch: [7][370/391], lr: 0.01000	Loss 1.0052 (1.0957)	Prec@1 67.188 (63.245)	Prec@5 94.531 (95.500)
Epoch: [7][380/391], lr: 0.01000	Loss 1.0904 (1.0937)	Prec@1 64.844 (63.335)	Prec@5 96.875 (95.534)
Epoch: [7][390/391], lr: 0.01000	Loss 1.0383 (1.0923)	Prec@1 63.750 (63.416)	Prec@5 97.500 (95.530)
Epoch [7] Training Results: Prec@1 63.416 Prec@5 95.530             Loss 1.09227
Epoch [7] Training Class Recall: [0.577,0.722,0.537,0.539,0.553,0.545,0.653,0.654,0.760,0.802]

Epoch: [8][0/391], lr: 0.01000	Loss 0.9752 (0.9752)	Prec@1 67.188 (67.188)	Prec@5 99.219 (99.219)
Epoch: [8][10/391], lr: 0.01000	Loss 1.0802 (0.9679)	Prec@1 64.844 (66.619)	Prec@5 96.875 (97.159)
Epoch: [8][20/391], lr: 0.01000	Loss 1.0887 (0.9848)	Prec@1 65.625 (65.997)	Prec@5 94.531 (96.987)
Epoch: [8][30/391], lr: 0.01000	Loss 0.9130 (0.9687)	Prec@1 70.312 (66.683)	Prec@5 97.656 (97.102)
Epoch: [8][40/391], lr: 0.01000	Loss 0.9736 (0.9645)	Prec@1 67.969 (67.054)	Prec@5 98.438 (97.161)
Epoch: [8][50/391], lr: 0.01000	Loss 0.8250 (0.9595)	Prec@1 73.438 (67.310)	Prec@5 99.219 (97.197)
Epoch: [8][60/391], lr: 0.01000	Loss 0.8854 (0.9594)	Prec@1 68.750 (67.239)	Prec@5 96.094 (97.067)
Epoch: [8][70/391], lr: 0.01000	Loss 0.8998 (0.9658)	Prec@1 67.969 (67.022)	Prec@5 97.656 (97.051)
Epoch: [8][80/391], lr: 0.01000	Loss 0.9770 (0.9663)	Prec@1 67.188 (66.966)	Prec@5 96.094 (97.010)
Epoch: [8][90/391], lr: 0.01000	Loss 0.9977 (0.9738)	Prec@1 67.188 (66.844)	Prec@5 94.531 (96.841)
Epoch: [8][100/391], lr: 0.01000	Loss 0.9829 (0.9772)	Prec@1 66.406 (66.754)	Prec@5 95.312 (96.705)
Epoch: [8][110/391], lr: 0.01000	Loss 1.0185 (0.9775)	Prec@1 63.281 (66.737)	Prec@5 97.656 (96.699)
Epoch: [8][120/391], lr: 0.01000	Loss 0.9371 (0.9843)	Prec@1 67.969 (66.542)	Prec@5 96.094 (96.584)
Epoch: [8][130/391], lr: 0.01000	Loss 0.9679 (0.9857)	Prec@1 67.188 (66.520)	Prec@5 92.969 (96.547)
Epoch: [8][140/391], lr: 0.01000	Loss 0.9001 (0.9896)	Prec@1 66.406 (66.467)	Prec@5 96.875 (96.471)
Epoch: [8][150/391], lr: 0.01000	Loss 0.9091 (0.9863)	Prec@1 71.094 (66.551)	Prec@5 96.094 (96.565)
Epoch: [8][160/391], lr: 0.01000	Loss 0.9068 (0.9833)	Prec@1 74.219 (66.833)	Prec@5 96.094 (96.569)
Epoch: [8][170/391], lr: 0.01000	Loss 0.8820 (0.9803)	Prec@1 72.656 (66.977)	Prec@5 97.656 (96.587)
Epoch: [8][180/391], lr: 0.01000	Loss 1.1538 (0.9803)	Prec@1 65.625 (67.045)	Prec@5 96.094 (96.569)
Epoch: [8][190/391], lr: 0.01000	Loss 1.0296 (0.9815)	Prec@1 69.531 (67.032)	Prec@5 96.094 (96.556)
Epoch: [8][200/391], lr: 0.01000	Loss 1.0363 (0.9828)	Prec@1 62.500 (67.020)	Prec@5 96.094 (96.556)
Epoch: [8][210/391], lr: 0.01000	Loss 0.8805 (0.9806)	Prec@1 70.312 (67.088)	Prec@5 97.656 (96.571)
Epoch: [8][220/391], lr: 0.01000	Loss 0.9982 (0.9778)	Prec@1 65.625 (67.205)	Prec@5 96.094 (96.564)
Epoch: [8][230/391], lr: 0.01000	Loss 0.8427 (0.9763)	Prec@1 72.656 (67.215)	Prec@5 96.875 (96.530)
Epoch: [8][240/391], lr: 0.01000	Loss 1.0315 (0.9775)	Prec@1 63.281 (67.145)	Prec@5 97.656 (96.528)
Epoch: [8][250/391], lr: 0.01000	Loss 1.1140 (0.9769)	Prec@1 59.375 (67.128)	Prec@5 95.312 (96.501)
Epoch: [8][260/391], lr: 0.01000	Loss 0.8987 (0.9767)	Prec@1 71.094 (67.116)	Prec@5 96.875 (96.528)
Epoch: [8][270/391], lr: 0.01000	Loss 1.1227 (0.9758)	Prec@1 63.281 (67.147)	Prec@5 93.750 (96.532)
Epoch: [8][280/391], lr: 0.01000	Loss 0.8757 (0.9755)	Prec@1 71.094 (67.149)	Prec@5 99.219 (96.539)
Epoch: [8][290/391], lr: 0.01000	Loss 1.1316 (0.9774)	Prec@1 68.750 (67.123)	Prec@5 92.969 (96.534)
Epoch: [8][300/391], lr: 0.01000	Loss 1.0881 (0.9769)	Prec@1 59.375 (67.143)	Prec@5 96.875 (96.535)
Epoch: [8][310/391], lr: 0.01000	Loss 0.9638 (0.9766)	Prec@1 67.188 (67.175)	Prec@5 96.094 (96.543)
Epoch: [8][320/391], lr: 0.01000	Loss 0.9699 (0.9765)	Prec@1 64.844 (67.180)	Prec@5 95.312 (96.568)
Epoch: [8][330/391], lr: 0.01000	Loss 0.8424 (0.9777)	Prec@1 69.531 (67.185)	Prec@5 98.438 (96.578)
Epoch: [8][340/391], lr: 0.01000	Loss 0.9997 (0.9762)	Prec@1 67.188 (67.229)	Prec@5 95.312 (96.593)
Epoch: [8][350/391], lr: 0.01000	Loss 1.1445 (0.9759)	Prec@1 61.719 (67.252)	Prec@5 95.312 (96.603)
Epoch: [8][360/391], lr: 0.01000	Loss 0.8245 (0.9756)	Prec@1 75.000 (67.335)	Prec@5 96.875 (96.585)
Epoch: [8][370/391], lr: 0.01000	Loss 0.8922 (0.9756)	Prec@1 74.219 (67.343)	Prec@5 96.094 (96.591)
Epoch: [8][380/391], lr: 0.01000	Loss 1.2279 (0.9760)	Prec@1 57.812 (67.304)	Prec@5 94.531 (96.582)
Epoch: [8][390/391], lr: 0.01000	Loss 1.0379 (0.9744)	Prec@1 62.500 (67.388)	Prec@5 95.000 (96.580)
Epoch [8] Training Results: Prec@1 67.388 Prec@5 96.580             Loss 0.97444
Epoch [8] Training Class Recall: [0.598,0.737,0.549,0.574,0.590,0.595,0.707,0.727,0.819,0.842]

Epoch: [9][0/391], lr: 0.01000	Loss 0.8588 (0.8588)	Prec@1 74.219 (74.219)	Prec@5 94.531 (94.531)
Epoch: [9][10/391], lr: 0.01000	Loss 0.9669 (0.8439)	Prec@1 70.312 (71.378)	Prec@5 95.312 (96.733)
Epoch: [9][20/391], lr: 0.01000	Loss 0.8944 (0.8697)	Prec@1 67.969 (70.424)	Prec@5 97.656 (96.652)
Epoch: [9][30/391], lr: 0.01000	Loss 1.0109 (0.8930)	Prec@1 62.500 (69.430)	Prec@5 96.875 (96.825)
Epoch: [9][40/391], lr: 0.01000	Loss 1.1853 (0.9018)	Prec@1 61.719 (69.455)	Prec@5 95.312 (96.856)
Epoch: [9][50/391], lr: 0.01000	Loss 0.6608 (0.8832)	Prec@1 78.906 (70.190)	Prec@5 99.219 (97.074)
Epoch: [9][60/391], lr: 0.01000	Loss 1.0479 (0.8842)	Prec@1 65.625 (70.312)	Prec@5 97.656 (97.170)
Epoch: [9][70/391], lr: 0.01000	Loss 0.8474 (0.8862)	Prec@1 67.188 (70.423)	Prec@5 95.312 (97.051)
Epoch: [9][80/391], lr: 0.01000	Loss 0.8220 (0.8846)	Prec@1 74.219 (70.505)	Prec@5 98.438 (97.106)
Epoch: [9][90/391], lr: 0.01000	Loss 0.8128 (0.8833)	Prec@1 68.750 (70.579)	Prec@5 96.875 (97.150)
Epoch: [9][100/391], lr: 0.01000	Loss 0.8983 (0.8838)	Prec@1 71.875 (70.498)	Prec@5 96.875 (97.192)
Epoch: [9][110/391], lr: 0.01000	Loss 0.9528 (0.8808)	Prec@1 66.406 (70.531)	Prec@5 96.875 (97.248)
Epoch: [9][120/391], lr: 0.01000	Loss 0.6363 (0.8782)	Prec@1 78.125 (70.571)	Prec@5 98.438 (97.275)
Epoch: [9][130/391], lr: 0.01000	Loss 1.1982 (0.8812)	Prec@1 60.938 (70.485)	Prec@5 93.750 (97.215)
Epoch: [9][140/391], lr: 0.01000	Loss 0.9165 (0.8818)	Prec@1 70.312 (70.418)	Prec@5 98.438 (97.246)
Epoch: [9][150/391], lr: 0.01000	Loss 0.8810 (0.8814)	Prec@1 67.969 (70.437)	Prec@5 96.094 (97.242)
Epoch: [9][160/391], lr: 0.01000	Loss 1.1020 (0.8815)	Prec@1 62.500 (70.424)	Prec@5 96.094 (97.210)
Epoch: [9][170/391], lr: 0.01000	Loss 0.7893 (0.8794)	Prec@1 73.438 (70.413)	Prec@5 99.219 (97.231)
Epoch: [9][180/391], lr: 0.01000	Loss 1.0926 (0.8809)	Prec@1 62.500 (70.347)	Prec@5 93.750 (97.212)
Epoch: [9][190/391], lr: 0.01000	Loss 0.9688 (0.8779)	Prec@1 67.188 (70.484)	Prec@5 97.656 (97.223)
Epoch: [9][200/391], lr: 0.01000	Loss 0.8958 (0.8771)	Prec@1 71.875 (70.480)	Prec@5 97.656 (97.236)
Epoch: [9][210/391], lr: 0.01000	Loss 0.9509 (0.8761)	Prec@1 66.406 (70.505)	Prec@5 98.438 (97.256)
Epoch: [9][220/391], lr: 0.01000	Loss 0.8612 (0.8770)	Prec@1 71.094 (70.496)	Prec@5 97.656 (97.285)
Epoch: [9][230/391], lr: 0.01000	Loss 0.9369 (0.8791)	Prec@1 65.625 (70.488)	Prec@5 100.000 (97.301)
Epoch: [9][240/391], lr: 0.01000	Loss 0.8140 (0.8797)	Prec@1 78.125 (70.468)	Prec@5 98.438 (97.313)
Epoch: [9][250/391], lr: 0.01000	Loss 0.8255 (0.8806)	Prec@1 72.656 (70.474)	Prec@5 96.094 (97.292)
Epoch: [9][260/391], lr: 0.01000	Loss 1.0270 (0.8825)	Prec@1 64.062 (70.402)	Prec@5 97.656 (97.270)
Epoch: [9][270/391], lr: 0.01000	Loss 0.8418 (0.8821)	Prec@1 69.531 (70.376)	Prec@5 99.219 (97.296)
Epoch: [9][280/391], lr: 0.01000	Loss 0.6616 (0.8798)	Prec@1 78.906 (70.488)	Prec@5 99.219 (97.328)
Epoch: [9][290/391], lr: 0.01000	Loss 1.0032 (0.8786)	Prec@1 64.844 (70.576)	Prec@5 97.656 (97.334)
Epoch: [9][300/391], lr: 0.01000	Loss 0.7738 (0.8781)	Prec@1 73.438 (70.598)	Prec@5 97.656 (97.347)
Epoch: [9][310/391], lr: 0.01000	Loss 0.8436 (0.8777)	Prec@1 73.438 (70.624)	Prec@5 96.875 (97.370)
Epoch: [9][320/391], lr: 0.01000	Loss 0.8308 (0.8782)	Prec@1 71.094 (70.612)	Prec@5 96.875 (97.362)
Epoch: [9][330/391], lr: 0.01000	Loss 0.7785 (0.8778)	Prec@1 74.219 (70.650)	Prec@5 97.656 (97.375)
Epoch: [9][340/391], lr: 0.01000	Loss 0.8323 (0.8777)	Prec@1 71.875 (70.661)	Prec@5 99.219 (97.393)
Epoch: [9][350/391], lr: 0.01000	Loss 0.9266 (0.8767)	Prec@1 70.312 (70.693)	Prec@5 96.875 (97.396)
Epoch: [9][360/391], lr: 0.01000	Loss 0.8030 (0.8745)	Prec@1 69.531 (70.776)	Prec@5 98.438 (97.423)
Epoch: [9][370/391], lr: 0.01000	Loss 0.7488 (0.8737)	Prec@1 74.219 (70.791)	Prec@5 100.000 (97.450)
Epoch: [9][380/391], lr: 0.01000	Loss 0.8166 (0.8734)	Prec@1 72.656 (70.784)	Prec@5 98.438 (97.461)
Epoch: [9][390/391], lr: 0.01000	Loss 0.7376 (0.8716)	Prec@1 75.000 (70.852)	Prec@5 96.250 (97.464)
Epoch [9] Training Results: Prec@1 70.852 Prec@5 97.464             Loss 0.87165
Epoch [9] Training Class Recall: [0.607,0.743,0.584,0.594,0.629,0.660,0.757,0.786,0.848,0.876]

Epoch: [10][0/391], lr: 0.01000	Loss 0.9112 (0.9112)	Prec@1 70.312 (70.312)	Prec@5 97.656 (97.656)
Epoch: [10][10/391], lr: 0.01000	Loss 0.9415 (0.8570)	Prec@1 67.969 (72.088)	Prec@5 96.875 (97.301)
Epoch: [10][20/391], lr: 0.01000	Loss 0.9151 (0.8597)	Prec@1 66.406 (72.173)	Prec@5 96.094 (97.582)
Epoch: [10][30/391], lr: 0.01000	Loss 0.8862 (0.8668)	Prec@1 71.094 (71.598)	Prec@5 98.438 (97.581)
Epoch: [10][40/391], lr: 0.01000	Loss 0.6687 (0.8559)	Prec@1 75.000 (71.665)	Prec@5 99.219 (97.656)
Epoch: [10][50/391], lr: 0.01000	Loss 0.7772 (0.8488)	Prec@1 74.219 (71.798)	Prec@5 97.656 (97.626)
Epoch: [10][60/391], lr: 0.01000	Loss 0.7910 (0.8456)	Prec@1 74.219 (71.862)	Prec@5 97.656 (97.695)
Epoch: [10][70/391], lr: 0.01000	Loss 0.7336 (0.8457)	Prec@1 75.781 (71.743)	Prec@5 99.219 (97.755)
Epoch: [10][80/391], lr: 0.01000	Loss 0.7429 (0.8466)	Prec@1 74.219 (71.711)	Prec@5 99.219 (97.724)
Epoch: [10][90/391], lr: 0.01000	Loss 0.8361 (0.8452)	Prec@1 74.219 (71.703)	Prec@5 99.219 (97.699)
Epoch: [10][100/391], lr: 0.01000	Loss 1.0127 (0.8445)	Prec@1 69.531 (71.720)	Prec@5 98.438 (97.765)
Epoch: [10][110/391], lr: 0.01000	Loss 0.9216 (0.8501)	Prec@1 66.406 (71.537)	Prec@5 96.094 (97.734)
Epoch: [10][120/391], lr: 0.01000	Loss 0.8948 (0.8476)	Prec@1 74.219 (71.617)	Prec@5 98.438 (97.753)
Epoch: [10][130/391], lr: 0.01000	Loss 0.8891 (0.8447)	Prec@1 71.875 (71.702)	Prec@5 97.656 (97.746)
Epoch: [10][140/391], lr: 0.01000	Loss 0.7337 (0.8446)	Prec@1 76.562 (71.742)	Prec@5 97.656 (97.762)
Epoch: [10][150/391], lr: 0.01000	Loss 1.0336 (0.8452)	Prec@1 67.188 (71.689)	Prec@5 96.875 (97.734)
Epoch: [10][160/391], lr: 0.01000	Loss 0.8832 (0.8459)	Prec@1 73.438 (71.661)	Prec@5 97.656 (97.710)
Epoch: [10][170/391], lr: 0.01000	Loss 0.6568 (0.8432)	Prec@1 78.906 (71.806)	Prec@5 98.438 (97.734)
Epoch: [10][180/391], lr: 0.01000	Loss 0.7776 (0.8376)	Prec@1 73.438 (71.905)	Prec@5 96.875 (97.786)
Epoch: [10][190/391], lr: 0.01000	Loss 0.7769 (0.8337)	Prec@1 76.562 (72.096)	Prec@5 97.656 (97.759)
Epoch: [10][200/391], lr: 0.01000	Loss 0.6375 (0.8308)	Prec@1 76.562 (72.143)	Prec@5 97.656 (97.757)
Epoch: [10][210/391], lr: 0.01000	Loss 0.8821 (0.8304)	Prec@1 74.219 (72.153)	Prec@5 99.219 (97.786)
Epoch: [10][220/391], lr: 0.01000	Loss 0.8240 (0.8294)	Prec@1 71.875 (72.133)	Prec@5 98.438 (97.812)
Epoch: [10][230/391], lr: 0.01000	Loss 0.8480 (0.8296)	Prec@1 71.875 (72.176)	Prec@5 98.438 (97.802)
Epoch: [10][240/391], lr: 0.01000	Loss 0.8216 (0.8288)	Prec@1 69.531 (72.245)	Prec@5 96.094 (97.812)
Epoch: [10][250/391], lr: 0.01000	Loss 0.6919 (0.8275)	Prec@1 82.031 (72.280)	Prec@5 98.438 (97.806)
Epoch: [10][260/391], lr: 0.01000	Loss 0.8639 (0.8266)	Prec@1 64.062 (72.291)	Prec@5 97.656 (97.818)
Epoch: [10][270/391], lr: 0.01000	Loss 0.7925 (0.8254)	Prec@1 74.219 (72.307)	Prec@5 96.875 (97.812)
Epoch: [10][280/391], lr: 0.01000	Loss 0.9031 (0.8230)	Prec@1 70.312 (72.398)	Prec@5 99.219 (97.840)
Epoch: [10][290/391], lr: 0.01000	Loss 0.8549 (0.8220)	Prec@1 71.094 (72.423)	Prec@5 97.656 (97.850)
Epoch: [10][300/391], lr: 0.01000	Loss 0.7434 (0.8205)	Prec@1 76.562 (72.469)	Prec@5 96.875 (97.830)
Epoch: [10][310/391], lr: 0.01000	Loss 0.6711 (0.8198)	Prec@1 78.906 (72.488)	Prec@5 99.219 (97.845)
Epoch: [10][320/391], lr: 0.01000	Loss 0.7536 (0.8201)	Prec@1 75.000 (72.445)	Prec@5 98.438 (97.836)
Epoch: [10][330/391], lr: 0.01000	Loss 0.8738 (0.8208)	Prec@1 69.531 (72.425)	Prec@5 96.875 (97.840)
Epoch: [10][340/391], lr: 0.01000	Loss 0.8124 (0.8210)	Prec@1 75.781 (72.434)	Prec@5 96.875 (97.828)
Epoch: [10][350/391], lr: 0.01000	Loss 0.7447 (0.8207)	Prec@1 77.344 (72.451)	Prec@5 97.656 (97.823)
Epoch: [10][360/391], lr: 0.01000	Loss 0.8423 (0.8212)	Prec@1 70.312 (72.438)	Prec@5 96.875 (97.810)
Epoch: [10][370/391], lr: 0.01000	Loss 0.7606 (0.8193)	Prec@1 75.000 (72.534)	Prec@5 99.219 (97.818)
Epoch: [10][380/391], lr: 0.01000	Loss 0.8198 (0.8183)	Prec@1 69.531 (72.589)	Prec@5 100.000 (97.822)
Epoch: [10][390/391], lr: 0.01000	Loss 0.6708 (0.8164)	Prec@1 73.750 (72.630)	Prec@5 100.000 (97.836)
Epoch [10] Training Results: Prec@1 72.630 Prec@5 97.836             Loss 0.81642
Epoch [10] Training Class Recall: [0.608,0.749,0.601,0.619,0.642,0.698,0.781,0.813,0.876,0.877]

Epoch: [11][0/391], lr: 0.01000	Loss 0.7056 (0.7056)	Prec@1 74.219 (74.219)	Prec@5 99.219 (99.219)
Epoch: [11][10/391], lr: 0.01000	Loss 0.5395 (0.7515)	Prec@1 82.812 (74.787)	Prec@5 98.438 (98.153)
Epoch: [11][20/391], lr: 0.01000	Loss 0.5894 (0.7237)	Prec@1 80.469 (76.004)	Prec@5 100.000 (98.400)
Epoch: [11][30/391], lr: 0.01000	Loss 0.7470 (0.7401)	Prec@1 75.000 (75.328)	Prec@5 98.438 (98.337)
Epoch: [11][40/391], lr: 0.01000	Loss 0.9024 (0.7463)	Prec@1 69.531 (75.248)	Prec@5 98.438 (98.399)
Epoch: [11][50/391], lr: 0.01000	Loss 0.6834 (0.7553)	Prec@1 73.438 (74.847)	Prec@5 100.000 (98.376)
Epoch: [11][60/391], lr: 0.01000	Loss 0.6519 (0.7536)	Prec@1 78.906 (75.051)	Prec@5 100.000 (98.373)
Epoch: [11][70/391], lr: 0.01000	Loss 0.9208 (0.7561)	Prec@1 68.750 (74.791)	Prec@5 98.438 (98.272)
Epoch: [11][80/391], lr: 0.01000	Loss 0.8542 (0.7566)	Prec@1 70.312 (74.730)	Prec@5 98.438 (98.235)
Epoch: [11][90/391], lr: 0.01000	Loss 0.7336 (0.7590)	Prec@1 75.000 (74.682)	Prec@5 98.438 (98.240)
Epoch: [11][100/391], lr: 0.01000	Loss 0.9528 (0.7578)	Prec@1 67.188 (74.629)	Prec@5 95.312 (98.267)
Epoch: [11][110/391], lr: 0.01000	Loss 0.5911 (0.7559)	Prec@1 82.031 (74.683)	Prec@5 98.438 (98.240)
Epoch: [11][120/391], lr: 0.01000	Loss 0.6364 (0.7597)	Prec@1 77.344 (74.535)	Prec@5 100.000 (98.231)
Epoch: [11][130/391], lr: 0.01000	Loss 0.7143 (0.7579)	Prec@1 72.656 (74.559)	Prec@5 99.219 (98.265)
Epoch: [11][140/391], lr: 0.01000	Loss 1.0318 (0.7588)	Prec@1 65.625 (74.507)	Prec@5 95.312 (98.232)
Epoch: [11][150/391], lr: 0.01000	Loss 0.7348 (0.7615)	Prec@1 78.906 (74.322)	Prec@5 98.438 (98.262)
Epoch: [11][160/391], lr: 0.01000	Loss 0.7293 (0.7635)	Prec@1 74.219 (74.296)	Prec@5 99.219 (98.253)
Epoch: [11][170/391], lr: 0.01000	Loss 0.7498 (0.7619)	Prec@1 77.344 (74.338)	Prec@5 98.438 (98.259)
Epoch: [11][180/391], lr: 0.01000	Loss 0.6606 (0.7604)	Prec@1 77.344 (74.361)	Prec@5 99.219 (98.256)
Epoch: [11][190/391], lr: 0.01000	Loss 0.6131 (0.7569)	Prec@1 79.688 (74.391)	Prec@5 97.656 (98.303)
Epoch: [11][200/391], lr: 0.01000	Loss 0.8717 (0.7560)	Prec@1 74.219 (74.460)	Prec@5 97.656 (98.301)
Epoch: [11][210/391], lr: 0.01000	Loss 0.6804 (0.7553)	Prec@1 78.906 (74.485)	Prec@5 98.438 (98.297)
Epoch: [11][220/391], lr: 0.01000	Loss 0.7519 (0.7550)	Prec@1 75.000 (74.512)	Prec@5 98.438 (98.300)
Epoch: [11][230/391], lr: 0.01000	Loss 0.6312 (0.7513)	Prec@1 77.344 (74.689)	Prec@5 98.438 (98.292)
Epoch: [11][240/391], lr: 0.01000	Loss 0.5289 (0.7512)	Prec@1 85.938 (74.702)	Prec@5 98.438 (98.295)
Epoch: [11][250/391], lr: 0.01000	Loss 0.5706 (0.7486)	Prec@1 81.250 (74.757)	Prec@5 100.000 (98.304)
Epoch: [11][260/391], lr: 0.01000	Loss 0.7092 (0.7482)	Prec@1 78.906 (74.746)	Prec@5 99.219 (98.297)
Epoch: [11][270/391], lr: 0.01000	Loss 0.7163 (0.7482)	Prec@1 74.219 (74.752)	Prec@5 98.438 (98.293)
Epoch: [11][280/391], lr: 0.01000	Loss 1.0062 (0.7490)	Prec@1 64.062 (74.691)	Prec@5 94.531 (98.290)
Epoch: [11][290/391], lr: 0.01000	Loss 0.7932 (0.7499)	Prec@1 71.875 (74.654)	Prec@5 98.438 (98.303)
Epoch: [11][300/391], lr: 0.01000	Loss 0.6809 (0.7517)	Prec@1 80.469 (74.605)	Prec@5 98.438 (98.279)
Epoch: [11][310/391], lr: 0.01000	Loss 0.8906 (0.7518)	Prec@1 74.219 (74.611)	Prec@5 97.656 (98.299)
Epoch: [11][320/391], lr: 0.01000	Loss 0.5931 (0.7521)	Prec@1 78.906 (74.635)	Prec@5 98.438 (98.274)
Epoch: [11][330/391], lr: 0.01000	Loss 0.7934 (0.7514)	Prec@1 76.562 (74.670)	Prec@5 98.438 (98.291)
Epoch: [11][340/391], lr: 0.01000	Loss 0.7457 (0.7515)	Prec@1 73.438 (74.670)	Prec@5 99.219 (98.282)
Epoch: [11][350/391], lr: 0.01000	Loss 0.6837 (0.7513)	Prec@1 78.125 (74.637)	Prec@5 99.219 (98.288)
Epoch: [11][360/391], lr: 0.01000	Loss 0.7738 (0.7527)	Prec@1 69.531 (74.595)	Prec@5 98.438 (98.290)
Epoch: [11][370/391], lr: 0.01000	Loss 0.6823 (0.7530)	Prec@1 78.906 (74.625)	Prec@5 96.875 (98.273)
Epoch: [11][380/391], lr: 0.01000	Loss 0.9055 (0.7524)	Prec@1 70.312 (74.627)	Prec@5 97.656 (98.282)
Epoch: [11][390/391], lr: 0.01000	Loss 0.7185 (0.7507)	Prec@1 75.000 (74.740)	Prec@5 96.250 (98.282)
Epoch [11] Training Results: Prec@1 74.740 Prec@5 98.282             Loss 0.75068
Epoch [11] Training Class Recall: [0.620,0.765,0.627,0.637,0.684,0.721,0.816,0.833,0.877,0.894]

Epoch: [12][0/391], lr: 0.01000	Loss 0.6011 (0.6011)	Prec@1 76.562 (76.562)	Prec@5 99.219 (99.219)
Epoch: [12][10/391], lr: 0.01000	Loss 0.6644 (0.6180)	Prec@1 72.656 (79.474)	Prec@5 99.219 (99.077)
Epoch: [12][20/391], lr: 0.01000	Loss 0.6607 (0.6160)	Prec@1 81.250 (79.613)	Prec@5 98.438 (98.810)
Epoch: [12][30/391], lr: 0.01000	Loss 0.5820 (0.6204)	Prec@1 78.906 (79.309)	Prec@5 99.219 (98.790)
Epoch: [12][40/391], lr: 0.01000	Loss 0.6425 (0.6331)	Prec@1 81.250 (78.963)	Prec@5 97.656 (98.819)
Epoch: [12][50/391], lr: 0.01000	Loss 0.5433 (0.6317)	Prec@1 77.344 (78.891)	Prec@5 99.219 (98.820)
Epoch: [12][60/391], lr: 0.01000	Loss 0.6352 (0.6313)	Prec@1 80.469 (78.855)	Prec@5 100.000 (98.847)
Epoch: [12][70/391], lr: 0.01000	Loss 0.8055 (0.6390)	Prec@1 70.312 (78.829)	Prec@5 98.438 (98.768)
Epoch: [12][80/391], lr: 0.01000	Loss 0.6012 (0.6444)	Prec@1 76.562 (78.617)	Prec@5 99.219 (98.785)
Epoch: [12][90/391], lr: 0.01000	Loss 0.6564 (0.6498)	Prec@1 75.781 (78.340)	Prec@5 99.219 (98.738)
Epoch: [12][100/391], lr: 0.01000	Loss 0.7134 (0.6537)	Prec@1 74.219 (78.156)	Prec@5 98.438 (98.747)
Epoch: [12][110/391], lr: 0.01000	Loss 0.6010 (0.6576)	Prec@1 79.688 (78.019)	Prec@5 98.438 (98.733)
Epoch: [12][120/391], lr: 0.01000	Loss 0.7270 (0.6615)	Prec@1 75.000 (77.867)	Prec@5 99.219 (98.747)
Epoch: [12][130/391], lr: 0.01000	Loss 0.5847 (0.6642)	Prec@1 82.031 (77.875)	Prec@5 99.219 (98.742)
Epoch: [12][140/391], lr: 0.01000	Loss 0.5850 (0.6671)	Prec@1 78.906 (77.721)	Prec@5 98.438 (98.753)
Epoch: [12][150/391], lr: 0.01000	Loss 0.6671 (0.6660)	Prec@1 77.344 (77.716)	Prec@5 98.438 (98.789)
Epoch: [12][160/391], lr: 0.01000	Loss 0.7457 (0.6675)	Prec@1 75.000 (77.742)	Prec@5 99.219 (98.758)
Epoch: [12][170/391], lr: 0.01000	Loss 0.6381 (0.6690)	Prec@1 81.250 (77.746)	Prec@5 98.438 (98.721)
Epoch: [12][180/391], lr: 0.01000	Loss 0.7373 (0.6701)	Prec@1 75.000 (77.732)	Prec@5 99.219 (98.727)
Epoch: [12][190/391], lr: 0.01000	Loss 0.5818 (0.6722)	Prec@1 81.250 (77.700)	Prec@5 100.000 (98.728)
Epoch: [12][200/391], lr: 0.01000	Loss 0.5962 (0.6743)	Prec@1 80.469 (77.573)	Prec@5 99.219 (98.713)
Epoch: [12][210/391], lr: 0.01000	Loss 0.6680 (0.6793)	Prec@1 75.000 (77.392)	Prec@5 99.219 (98.678)
Epoch: [12][220/391], lr: 0.01000	Loss 0.7461 (0.6809)	Prec@1 72.656 (77.323)	Prec@5 98.438 (98.667)
Epoch: [12][230/391], lr: 0.01000	Loss 0.6898 (0.6814)	Prec@1 75.781 (77.263)	Prec@5 99.219 (98.674)
Epoch: [12][240/391], lr: 0.01000	Loss 0.7156 (0.6823)	Prec@1 76.562 (77.182)	Prec@5 98.438 (98.674)
Epoch: [12][250/391], lr: 0.01000	Loss 0.7729 (0.6850)	Prec@1 75.000 (77.113)	Prec@5 98.438 (98.690)
Epoch: [12][260/391], lr: 0.01000	Loss 0.7155 (0.6856)	Prec@1 76.562 (77.089)	Prec@5 97.656 (98.683)
Epoch: [12][270/391], lr: 0.01000	Loss 0.5683 (0.6846)	Prec@1 79.688 (77.070)	Prec@5 99.219 (98.677)
Epoch: [12][280/391], lr: 0.01000	Loss 0.7532 (0.6859)	Prec@1 78.906 (77.052)	Prec@5 96.875 (98.663)
Epoch: [12][290/391], lr: 0.01000	Loss 0.7389 (0.6873)	Prec@1 72.656 (77.040)	Prec@5 98.438 (98.652)
Epoch: [12][300/391], lr: 0.01000	Loss 0.6031 (0.6862)	Prec@1 82.031 (77.076)	Prec@5 98.438 (98.658)
Epoch: [12][310/391], lr: 0.01000	Loss 0.6444 (0.6858)	Prec@1 78.125 (77.075)	Prec@5 98.438 (98.666)
Epoch: [12][320/391], lr: 0.01000	Loss 0.7146 (0.6868)	Prec@1 75.781 (77.037)	Prec@5 100.000 (98.671)
Epoch: [12][330/391], lr: 0.01000	Loss 0.5993 (0.6869)	Prec@1 78.906 (77.079)	Prec@5 99.219 (98.655)
Epoch: [12][340/391], lr: 0.01000	Loss 0.7519 (0.6866)	Prec@1 75.781 (77.105)	Prec@5 97.656 (98.653)
Epoch: [12][350/391], lr: 0.01000	Loss 0.7176 (0.6856)	Prec@1 78.906 (77.135)	Prec@5 97.656 (98.662)
Epoch: [12][360/391], lr: 0.01000	Loss 0.6553 (0.6859)	Prec@1 82.031 (77.121)	Prec@5 97.656 (98.652)
Epoch: [12][370/391], lr: 0.01000	Loss 0.6712 (0.6863)	Prec@1 77.344 (77.102)	Prec@5 99.219 (98.654)
Epoch: [12][380/391], lr: 0.01000	Loss 0.6757 (0.6860)	Prec@1 79.688 (77.089)	Prec@5 97.656 (98.641)
Epoch: [12][390/391], lr: 0.01000	Loss 0.6722 (0.6851)	Prec@1 75.000 (77.106)	Prec@5 97.500 (98.650)
Epoch [12] Training Results: Prec@1 77.106 Prec@5 98.650             Loss 0.68514
Epoch [12] Training Class Recall: [0.649,0.777,0.645,0.663,0.702,0.759,0.842,0.864,0.896,0.913]

Epoch: [13][0/391], lr: 0.01000	Loss 0.6119 (0.6119)	Prec@1 83.594 (83.594)	Prec@5 100.000 (100.000)
Epoch: [13][10/391], lr: 0.01000	Loss 0.7430 (0.6916)	Prec@1 75.000 (76.847)	Prec@5 97.656 (98.580)
Epoch: [13][20/391], lr: 0.01000	Loss 0.4990 (0.6446)	Prec@1 82.031 (78.869)	Prec@5 100.000 (98.624)
Epoch: [13][30/391], lr: 0.01000	Loss 0.8623 (0.6558)	Prec@1 75.000 (78.503)	Prec@5 93.750 (98.463)
Epoch: [13][40/391], lr: 0.01000	Loss 0.4844 (0.6402)	Prec@1 85.938 (78.925)	Prec@5 99.219 (98.628)
Epoch: [13][50/391], lr: 0.01000	Loss 0.5008 (0.6411)	Prec@1 86.719 (78.937)	Prec@5 97.656 (98.683)
Epoch: [13][60/391], lr: 0.01000	Loss 0.6063 (0.6352)	Prec@1 76.562 (78.945)	Prec@5 98.438 (98.745)
Epoch: [13][70/391], lr: 0.01000	Loss 0.6393 (0.6324)	Prec@1 81.250 (78.983)	Prec@5 100.000 (98.757)
Epoch: [13][80/391], lr: 0.01000	Loss 0.5369 (0.6331)	Prec@1 79.688 (78.954)	Prec@5 100.000 (98.823)
Epoch: [13][90/391], lr: 0.01000	Loss 0.7098 (0.6344)	Prec@1 75.781 (78.872)	Prec@5 98.438 (98.893)
Epoch: [13][100/391], lr: 0.01000	Loss 0.6460 (0.6362)	Prec@1 77.344 (78.659)	Prec@5 100.000 (98.894)
Epoch: [13][110/391], lr: 0.01000	Loss 0.7966 (0.6440)	Prec@1 71.094 (78.294)	Prec@5 98.438 (98.839)
Epoch: [13][120/391], lr: 0.01000	Loss 0.7564 (0.6494)	Prec@1 73.438 (78.215)	Prec@5 99.219 (98.793)
Epoch: [13][130/391], lr: 0.01000	Loss 0.6980 (0.6499)	Prec@1 75.781 (78.250)	Prec@5 99.219 (98.789)
Epoch: [13][140/391], lr: 0.01000	Loss 0.5234 (0.6512)	Prec@1 85.938 (78.297)	Prec@5 100.000 (98.764)
Epoch: [13][150/391], lr: 0.01000	Loss 0.6043 (0.6513)	Prec@1 80.469 (78.182)	Prec@5 98.438 (98.794)
Epoch: [13][160/391], lr: 0.01000	Loss 0.6083 (0.6572)	Prec@1 77.344 (77.979)	Prec@5 97.656 (98.787)
Epoch: [13][170/391], lr: 0.01000	Loss 0.7811 (0.6599)	Prec@1 75.000 (77.892)	Prec@5 98.438 (98.785)
Epoch: [13][180/391], lr: 0.01000	Loss 0.7255 (0.6611)	Prec@1 70.312 (77.788)	Prec@5 100.000 (98.753)
Epoch: [13][190/391], lr: 0.01000	Loss 0.6201 (0.6571)	Prec@1 79.688 (77.957)	Prec@5 98.438 (98.785)
Epoch: [13][200/391], lr: 0.01000	Loss 0.4220 (0.6528)	Prec@1 85.938 (78.109)	Prec@5 100.000 (98.811)
Epoch: [13][210/391], lr: 0.01000	Loss 0.4823 (0.6507)	Prec@1 85.938 (78.121)	Prec@5 97.656 (98.830)
Epoch: [13][220/391], lr: 0.01000	Loss 0.6446 (0.6484)	Prec@1 77.344 (78.182)	Prec@5 99.219 (98.833)
Epoch: [13][230/391], lr: 0.01000	Loss 0.7552 (0.6494)	Prec@1 75.781 (78.122)	Prec@5 98.438 (98.826)
Epoch: [13][240/391], lr: 0.01000	Loss 0.6159 (0.6503)	Prec@1 78.906 (78.141)	Prec@5 98.438 (98.823)
Epoch: [13][250/391], lr: 0.01000	Loss 0.6868 (0.6521)	Prec@1 75.781 (78.081)	Prec@5 100.000 (98.820)
Epoch: [13][260/391], lr: 0.01000	Loss 0.6964 (0.6517)	Prec@1 74.219 (78.050)	Prec@5 98.438 (98.821)
Epoch: [13][270/391], lr: 0.01000	Loss 0.6539 (0.6514)	Prec@1 78.906 (78.059)	Prec@5 98.438 (98.809)
Epoch: [13][280/391], lr: 0.01000	Loss 0.7007 (0.6507)	Prec@1 75.781 (78.086)	Prec@5 99.219 (98.799)
Epoch: [13][290/391], lr: 0.01000	Loss 0.5154 (0.6483)	Prec@1 82.812 (78.138)	Prec@5 100.000 (98.808)
Epoch: [13][300/391], lr: 0.01000	Loss 0.6457 (0.6486)	Prec@1 78.906 (78.120)	Prec@5 97.656 (98.796)
Epoch: [13][310/391], lr: 0.01000	Loss 0.7972 (0.6486)	Prec@1 70.312 (78.133)	Prec@5 99.219 (98.792)
Epoch: [13][320/391], lr: 0.01000	Loss 0.6246 (0.6497)	Prec@1 77.344 (78.086)	Prec@5 98.438 (98.790)
Epoch: [13][330/391], lr: 0.01000	Loss 0.5532 (0.6486)	Prec@1 79.688 (78.113)	Prec@5 99.219 (98.794)
Epoch: [13][340/391], lr: 0.01000	Loss 0.7692 (0.6489)	Prec@1 75.781 (78.127)	Prec@5 98.438 (98.793)
Epoch: [13][350/391], lr: 0.01000	Loss 0.8016 (0.6495)	Prec@1 77.344 (78.116)	Prec@5 99.219 (98.794)
Epoch: [13][360/391], lr: 0.01000	Loss 0.4344 (0.6494)	Prec@1 87.500 (78.129)	Prec@5 100.000 (98.769)
Epoch: [13][370/391], lr: 0.01000	Loss 0.6180 (0.6495)	Prec@1 79.688 (78.093)	Prec@5 99.219 (98.766)
Epoch: [13][380/391], lr: 0.01000	Loss 0.6851 (0.6510)	Prec@1 79.688 (78.035)	Prec@5 97.656 (98.755)
Epoch: [13][390/391], lr: 0.01000	Loss 0.6478 (0.6524)	Prec@1 75.000 (77.984)	Prec@5 100.000 (98.758)
Epoch [13] Training Results: Prec@1 77.984 Prec@5 98.758             Loss 0.65237
Epoch [13] Training Class Recall: [0.655,0.778,0.645,0.682,0.719,0.774,0.857,0.873,0.900,0.915]

Epoch: [14][0/391], lr: 0.01000	Loss 0.5413 (0.5413)	Prec@1 81.250 (81.250)	Prec@5 98.438 (98.438)
Epoch: [14][10/391], lr: 0.01000	Loss 0.6845 (0.6368)	Prec@1 79.688 (79.403)	Prec@5 97.656 (98.864)
Epoch: [14][20/391], lr: 0.01000	Loss 0.6242 (0.6310)	Prec@1 80.469 (79.018)	Prec@5 98.438 (98.810)
Epoch: [14][30/391], lr: 0.01000	Loss 0.5959 (0.6341)	Prec@1 78.906 (78.805)	Prec@5 100.000 (98.916)
Epoch: [14][40/391], lr: 0.01000	Loss 0.6792 (0.6351)	Prec@1 79.688 (78.449)	Prec@5 99.219 (98.971)
Epoch: [14][50/391], lr: 0.01000	Loss 0.7209 (0.6371)	Prec@1 72.656 (78.416)	Prec@5 99.219 (99.020)
Epoch: [14][60/391], lr: 0.01000	Loss 0.4953 (0.6416)	Prec@1 85.156 (78.227)	Prec@5 99.219 (99.039)
Epoch: [14][70/391], lr: 0.01000	Loss 0.4861 (0.6396)	Prec@1 85.156 (78.235)	Prec@5 98.438 (98.999)
Epoch: [14][80/391], lr: 0.01000	Loss 0.5828 (0.6406)	Prec@1 80.469 (78.115)	Prec@5 97.656 (98.968)
Epoch: [14][90/391], lr: 0.01000	Loss 0.6520 (0.6337)	Prec@1 78.125 (78.511)	Prec@5 98.438 (98.970)
Epoch: [14][100/391], lr: 0.01000	Loss 0.5162 (0.6345)	Prec@1 84.375 (78.612)	Prec@5 100.000 (98.878)
Epoch: [14][110/391], lr: 0.01000	Loss 0.5905 (0.6297)	Prec@1 77.344 (78.744)	Prec@5 99.219 (98.895)
Epoch: [14][120/391], lr: 0.01000	Loss 0.5834 (0.6241)	Prec@1 79.688 (78.977)	Prec@5 100.000 (98.935)
Epoch: [14][130/391], lr: 0.01000	Loss 0.6272 (0.6192)	Prec@1 75.781 (79.133)	Prec@5 98.438 (98.944)
Epoch: [14][140/391], lr: 0.01000	Loss 0.5888 (0.6168)	Prec@1 80.469 (79.217)	Prec@5 99.219 (98.964)
Epoch: [14][150/391], lr: 0.01000	Loss 0.5211 (0.6125)	Prec@1 82.031 (79.382)	Prec@5 100.000 (98.991)
Epoch: [14][160/391], lr: 0.01000	Loss 0.7329 (0.6127)	Prec@1 73.438 (79.372)	Prec@5 99.219 (98.966)
Epoch: [14][170/391], lr: 0.01000	Loss 0.5645 (0.6097)	Prec@1 82.031 (79.459)	Prec@5 100.000 (98.981)
Epoch: [14][180/391], lr: 0.01000	Loss 0.7436 (0.6116)	Prec@1 71.875 (79.411)	Prec@5 100.000 (98.981)
Epoch: [14][190/391], lr: 0.01000	Loss 0.7468 (0.6148)	Prec@1 75.781 (79.381)	Prec@5 99.219 (98.973)
Epoch: [14][200/391], lr: 0.01000	Loss 0.7024 (0.6138)	Prec@1 75.781 (79.412)	Prec@5 96.875 (98.951)
Epoch: [14][210/391], lr: 0.01000	Loss 0.6175 (0.6160)	Prec@1 80.469 (79.336)	Prec@5 98.438 (98.941)
Epoch: [14][220/391], lr: 0.01000	Loss 0.5657 (0.6141)	Prec@1 78.906 (79.355)	Prec@5 97.656 (98.947)
Epoch: [14][230/391], lr: 0.01000	Loss 0.5391 (0.6136)	Prec@1 82.812 (79.370)	Prec@5 100.000 (98.965)
Epoch: [14][240/391], lr: 0.01000	Loss 0.6980 (0.6142)	Prec@1 75.781 (79.328)	Prec@5 96.875 (98.946)
Epoch: [14][250/391], lr: 0.01000	Loss 0.6337 (0.6131)	Prec@1 81.250 (79.401)	Prec@5 98.438 (98.945)
Epoch: [14][260/391], lr: 0.01000	Loss 0.6840 (0.6117)	Prec@1 75.781 (79.436)	Prec@5 99.219 (98.949)
Epoch: [14][270/391], lr: 0.01000	Loss 0.6017 (0.6125)	Prec@1 80.469 (79.437)	Prec@5 98.438 (98.948)
Epoch: [14][280/391], lr: 0.01000	Loss 0.4488 (0.6113)	Prec@1 83.594 (79.457)	Prec@5 100.000 (98.955)
Epoch: [14][290/391], lr: 0.01000	Loss 0.6512 (0.6112)	Prec@1 80.469 (79.497)	Prec@5 99.219 (98.964)
Epoch: [14][300/391], lr: 0.01000	Loss 0.6365 (0.6119)	Prec@1 77.344 (79.456)	Prec@5 97.656 (98.951)
Epoch: [14][310/391], lr: 0.01000	Loss 0.5893 (0.6128)	Prec@1 78.906 (79.436)	Prec@5 98.438 (98.947)
Epoch: [14][320/391], lr: 0.01000	Loss 0.5655 (0.6117)	Prec@1 82.031 (79.451)	Prec@5 100.000 (98.963)
Epoch: [14][330/391], lr: 0.01000	Loss 0.6439 (0.6120)	Prec@1 80.469 (79.489)	Prec@5 98.438 (98.943)
Epoch: [14][340/391], lr: 0.01000	Loss 0.5481 (0.6123)	Prec@1 82.031 (79.479)	Prec@5 100.000 (98.951)
Epoch: [14][350/391], lr: 0.01000	Loss 0.6210 (0.6118)	Prec@1 81.250 (79.480)	Prec@5 100.000 (98.958)
Epoch: [14][360/391], lr: 0.01000	Loss 0.5510 (0.6108)	Prec@1 79.688 (79.514)	Prec@5 100.000 (98.963)
Epoch: [14][370/391], lr: 0.01000	Loss 0.6524 (0.6101)	Prec@1 83.594 (79.570)	Prec@5 98.438 (98.960)
Epoch: [14][380/391], lr: 0.01000	Loss 0.6589 (0.6094)	Prec@1 74.219 (79.560)	Prec@5 100.000 (98.969)
Epoch: [14][390/391], lr: 0.01000	Loss 0.7682 (0.6091)	Prec@1 70.000 (79.572)	Prec@5 98.750 (98.968)
Epoch [14] Training Results: Prec@1 79.572 Prec@5 98.968             Loss 0.60907
Epoch [14] Training Class Recall: [0.666,0.786,0.664,0.702,0.754,0.811,0.865,0.877,0.913,0.920]

Epoch: [15][0/391], lr: 0.01000	Loss 0.4957 (0.4957)	Prec@1 84.375 (84.375)	Prec@5 98.438 (98.438)
Epoch: [15][10/391], lr: 0.01000	Loss 0.6172 (0.5483)	Prec@1 77.344 (81.250)	Prec@5 99.219 (98.793)
Epoch: [15][20/391], lr: 0.01000	Loss 0.4805 (0.5381)	Prec@1 85.938 (82.068)	Prec@5 99.219 (99.107)
Epoch: [15][30/391], lr: 0.01000	Loss 0.6973 (0.5484)	Prec@1 77.344 (81.880)	Prec@5 97.656 (99.194)
Epoch: [15][40/391], lr: 0.01000	Loss 0.7908 (0.5516)	Prec@1 78.906 (81.726)	Prec@5 96.094 (99.123)
Epoch: [15][50/391], lr: 0.01000	Loss 0.5003 (0.5453)	Prec@1 79.688 (81.725)	Prec@5 100.000 (99.157)
Epoch: [15][60/391], lr: 0.01000	Loss 0.5569 (0.5447)	Prec@1 82.031 (81.775)	Prec@5 100.000 (99.206)
Epoch: [15][70/391], lr: 0.01000	Loss 0.5002 (0.5396)	Prec@1 84.375 (81.910)	Prec@5 100.000 (99.274)
Epoch: [15][80/391], lr: 0.01000	Loss 0.4545 (0.5414)	Prec@1 82.812 (81.713)	Prec@5 99.219 (99.286)
Epoch: [15][90/391], lr: 0.01000	Loss 0.6996 (0.5485)	Prec@1 75.781 (81.490)	Prec@5 100.000 (99.245)
Epoch: [15][100/391], lr: 0.01000	Loss 0.4283 (0.5501)	Prec@1 85.156 (81.451)	Prec@5 100.000 (99.196)
Epoch: [15][110/391], lr: 0.01000	Loss 0.5123 (0.5523)	Prec@1 84.375 (81.447)	Prec@5 99.219 (99.184)
Epoch: [15][120/391], lr: 0.01000	Loss 0.5653 (0.5538)	Prec@1 82.031 (81.457)	Prec@5 99.219 (99.193)
Epoch: [15][130/391], lr: 0.01000	Loss 0.4124 (0.5524)	Prec@1 82.812 (81.471)	Prec@5 100.000 (99.213)
Epoch: [15][140/391], lr: 0.01000	Loss 0.5739 (0.5533)	Prec@1 77.344 (81.449)	Prec@5 100.000 (99.191)
Epoch: [15][150/391], lr: 0.01000	Loss 0.8028 (0.5562)	Prec@1 74.219 (81.307)	Prec@5 97.656 (99.183)
Epoch: [15][160/391], lr: 0.01000	Loss 0.7663 (0.5582)	Prec@1 75.781 (81.284)	Prec@5 99.219 (99.204)
Epoch: [15][170/391], lr: 0.01000	Loss 0.6884 (0.5606)	Prec@1 78.906 (81.204)	Prec@5 98.438 (99.191)
Epoch: [15][180/391], lr: 0.01000	Loss 0.4891 (0.5635)	Prec@1 86.719 (81.077)	Prec@5 99.219 (99.189)
Epoch: [15][190/391], lr: 0.01000	Loss 0.5873 (0.5672)	Prec@1 79.688 (80.915)	Prec@5 99.219 (99.170)
Epoch: [15][200/391], lr: 0.01000	Loss 0.5108 (0.5677)	Prec@1 83.594 (80.920)	Prec@5 99.219 (99.149)
Epoch: [15][210/391], lr: 0.01000	Loss 0.6990 (0.5675)	Prec@1 77.344 (80.898)	Prec@5 98.438 (99.152)
Epoch: [15][220/391], lr: 0.01000	Loss 0.5437 (0.5678)	Prec@1 82.031 (80.907)	Prec@5 96.875 (99.152)
Epoch: [15][230/391], lr: 0.01000	Loss 0.5886 (0.5671)	Prec@1 80.469 (80.956)	Prec@5 98.438 (99.151)
Epoch: [15][240/391], lr: 0.01000	Loss 0.6300 (0.5662)	Prec@1 78.906 (80.978)	Prec@5 99.219 (99.154)
Epoch: [15][250/391], lr: 0.01000	Loss 0.6476 (0.5681)	Prec@1 78.906 (80.942)	Prec@5 99.219 (99.135)
Epoch: [15][260/391], lr: 0.01000	Loss 0.7325 (0.5704)	Prec@1 78.125 (80.861)	Prec@5 98.438 (99.129)
Epoch: [15][270/391], lr: 0.01000	Loss 0.4899 (0.5711)	Prec@1 82.031 (80.820)	Prec@5 100.000 (99.135)
Epoch: [15][280/391], lr: 0.01000	Loss 0.6140 (0.5718)	Prec@1 76.562 (80.802)	Prec@5 99.219 (99.133)
Epoch: [15][290/391], lr: 0.01000	Loss 0.5680 (0.5712)	Prec@1 79.688 (80.794)	Prec@5 98.438 (99.119)
Epoch: [15][300/391], lr: 0.01000	Loss 0.6115 (0.5715)	Prec@1 79.688 (80.788)	Prec@5 99.219 (99.110)
Epoch: [15][310/391], lr: 0.01000	Loss 0.6194 (0.5715)	Prec@1 79.688 (80.805)	Prec@5 99.219 (99.121)
Epoch: [15][320/391], lr: 0.01000	Loss 0.5640 (0.5724)	Prec@1 77.344 (80.761)	Prec@5 100.000 (99.117)
Epoch: [15][330/391], lr: 0.01000	Loss 0.5638 (0.5730)	Prec@1 85.156 (80.731)	Prec@5 97.656 (99.113)
Epoch: [15][340/391], lr: 0.01000	Loss 0.6570 (0.5743)	Prec@1 77.344 (80.755)	Prec@5 98.438 (99.093)
Epoch: [15][350/391], lr: 0.01000	Loss 0.6355 (0.5730)	Prec@1 78.906 (80.794)	Prec@5 98.438 (99.094)
Epoch: [15][360/391], lr: 0.01000	Loss 0.6207 (0.5738)	Prec@1 78.125 (80.759)	Prec@5 97.656 (99.076)
Epoch: [15][370/391], lr: 0.01000	Loss 0.4817 (0.5718)	Prec@1 85.938 (80.820)	Prec@5 100.000 (99.082)
Epoch: [15][380/391], lr: 0.01000	Loss 0.6019 (0.5714)	Prec@1 82.031 (80.834)	Prec@5 99.219 (99.090)
Epoch: [15][390/391], lr: 0.01000	Loss 0.5417 (0.5717)	Prec@1 78.750 (80.818)	Prec@5 98.750 (99.090)
Epoch [15] Training Results: Prec@1 80.818 Prec@5 99.090             Loss 0.57166
Epoch [15] Training Class Recall: [0.681,0.795,0.679,0.725,0.762,0.819,0.882,0.893,0.918,0.929]

Epoch: [16][0/391], lr: 0.01000	Loss 0.4686 (0.4686)	Prec@1 83.594 (83.594)	Prec@5 97.656 (97.656)
Epoch: [16][10/391], lr: 0.01000	Loss 0.6344 (0.5416)	Prec@1 79.688 (81.818)	Prec@5 99.219 (99.077)
Epoch: [16][20/391], lr: 0.01000	Loss 0.6320 (0.5501)	Prec@1 78.906 (81.771)	Prec@5 98.438 (99.144)
Epoch: [16][30/391], lr: 0.01000	Loss 0.5361 (0.5402)	Prec@1 78.906 (81.930)	Prec@5 100.000 (99.143)
Epoch: [16][40/391], lr: 0.01000	Loss 0.4396 (0.5498)	Prec@1 86.719 (81.745)	Prec@5 99.219 (99.123)
Epoch: [16][50/391], lr: 0.01000	Loss 0.7039 (0.5488)	Prec@1 76.562 (81.817)	Prec@5 99.219 (99.173)
Epoch: [16][60/391], lr: 0.01000	Loss 0.7900 (0.5659)	Prec@1 75.000 (81.314)	Prec@5 96.094 (99.103)
Epoch: [16][70/391], lr: 0.01000	Loss 0.7882 (0.5691)	Prec@1 71.875 (81.030)	Prec@5 98.438 (99.109)
Epoch: [16][80/391], lr: 0.01000	Loss 0.5980 (0.5712)	Prec@1 81.250 (81.019)	Prec@5 100.000 (99.122)
Epoch: [16][90/391], lr: 0.01000	Loss 0.6279 (0.5667)	Prec@1 78.906 (81.164)	Prec@5 100.000 (99.116)
Epoch: [16][100/391], lr: 0.01000	Loss 0.4507 (0.5699)	Prec@1 84.375 (80.995)	Prec@5 98.438 (99.064)
Epoch: [16][110/391], lr: 0.01000	Loss 0.5309 (0.5620)	Prec@1 80.469 (81.166)	Prec@5 100.000 (99.113)
Epoch: [16][120/391], lr: 0.01000	Loss 0.4264 (0.5583)	Prec@1 83.594 (81.353)	Prec@5 100.000 (99.122)
Epoch: [16][130/391], lr: 0.01000	Loss 0.5959 (0.5554)	Prec@1 80.469 (81.477)	Prec@5 98.438 (99.099)
Epoch: [16][140/391], lr: 0.01000	Loss 0.5832 (0.5532)	Prec@1 80.469 (81.505)	Prec@5 99.219 (99.097)
Epoch: [16][150/391], lr: 0.01000	Loss 0.5149 (0.5534)	Prec@1 82.812 (81.545)	Prec@5 99.219 (99.100)
Epoch: [16][160/391], lr: 0.01000	Loss 0.7333 (0.5556)	Prec@1 75.781 (81.425)	Prec@5 100.000 (99.122)
Epoch: [16][170/391], lr: 0.01000	Loss 0.7243 (0.5557)	Prec@1 79.688 (81.442)	Prec@5 97.656 (99.118)
Epoch: [16][180/391], lr: 0.01000	Loss 0.5701 (0.5545)	Prec@1 78.906 (81.457)	Prec@5 100.000 (99.128)
Epoch: [16][190/391], lr: 0.01000	Loss 0.4599 (0.5524)	Prec@1 87.500 (81.553)	Prec@5 98.438 (99.141)
Epoch: [16][200/391], lr: 0.01000	Loss 0.4200 (0.5508)	Prec@1 86.719 (81.611)	Prec@5 99.219 (99.153)
Epoch: [16][210/391], lr: 0.01000	Loss 0.6194 (0.5510)	Prec@1 78.125 (81.605)	Prec@5 98.438 (99.152)
Epoch: [16][220/391], lr: 0.01000	Loss 0.5339 (0.5488)	Prec@1 80.469 (81.717)	Prec@5 98.438 (99.148)
Epoch: [16][230/391], lr: 0.01000	Loss 0.6119 (0.5485)	Prec@1 80.469 (81.700)	Prec@5 100.000 (99.168)
Epoch: [16][240/391], lr: 0.01000	Loss 0.5411 (0.5485)	Prec@1 83.594 (81.710)	Prec@5 100.000 (99.173)
Epoch: [16][250/391], lr: 0.01000	Loss 0.5752 (0.5476)	Prec@1 78.125 (81.714)	Prec@5 98.438 (99.169)
Epoch: [16][260/391], lr: 0.01000	Loss 0.3938 (0.5466)	Prec@1 85.938 (81.732)	Prec@5 100.000 (99.180)
Epoch: [16][270/391], lr: 0.01000	Loss 0.4355 (0.5453)	Prec@1 83.594 (81.769)	Prec@5 98.438 (99.187)
Epoch: [16][280/391], lr: 0.01000	Loss 0.6626 (0.5468)	Prec@1 78.906 (81.731)	Prec@5 98.438 (99.177)
Epoch: [16][290/391], lr: 0.01000	Loss 0.6185 (0.5479)	Prec@1 79.688 (81.739)	Prec@5 99.219 (99.173)
Epoch: [16][300/391], lr: 0.01000	Loss 0.5184 (0.5463)	Prec@1 84.375 (81.795)	Prec@5 99.219 (99.182)
Epoch: [16][310/391], lr: 0.01000	Loss 0.4676 (0.5455)	Prec@1 86.719 (81.818)	Prec@5 98.438 (99.186)
Epoch: [16][320/391], lr: 0.01000	Loss 0.6108 (0.5468)	Prec@1 78.125 (81.778)	Prec@5 100.000 (99.180)
Epoch: [16][330/391], lr: 0.01000	Loss 0.5371 (0.5495)	Prec@1 81.250 (81.743)	Prec@5 98.438 (99.162)
Epoch: [16][340/391], lr: 0.01000	Loss 0.4304 (0.5495)	Prec@1 90.625 (81.761)	Prec@5 100.000 (99.173)
Epoch: [16][350/391], lr: 0.01000	Loss 0.5148 (0.5499)	Prec@1 83.594 (81.800)	Prec@5 100.000 (99.156)
Epoch: [16][360/391], lr: 0.01000	Loss 0.5529 (0.5494)	Prec@1 80.469 (81.808)	Prec@5 98.438 (99.152)
Epoch: [16][370/391], lr: 0.01000	Loss 0.7444 (0.5501)	Prec@1 73.438 (81.764)	Prec@5 99.219 (99.156)
Epoch: [16][380/391], lr: 0.01000	Loss 0.3962 (0.5490)	Prec@1 85.938 (81.761)	Prec@5 100.000 (99.159)
Epoch: [16][390/391], lr: 0.01000	Loss 0.5113 (0.5499)	Prec@1 83.750 (81.710)	Prec@5 100.000 (99.158)
Epoch [16] Training Results: Prec@1 81.710 Prec@5 99.158             Loss 0.54992
Epoch [16] Training Class Recall: [0.681,0.801,0.697,0.737,0.787,0.829,0.894,0.895,0.920,0.930]

Epoch: [17][0/391], lr: 0.01000	Loss 0.6277 (0.6277)	Prec@1 77.344 (77.344)	Prec@5 100.000 (100.000)
Epoch: [17][10/391], lr: 0.01000	Loss 0.4321 (0.5180)	Prec@1 86.719 (82.528)	Prec@5 100.000 (99.716)
Epoch: [17][20/391], lr: 0.01000	Loss 0.4663 (0.5304)	Prec@1 85.938 (81.957)	Prec@5 99.219 (99.368)
Epoch: [17][30/391], lr: 0.01000	Loss 0.4984 (0.5201)	Prec@1 80.469 (81.880)	Prec@5 100.000 (99.420)
Epoch: [17][40/391], lr: 0.01000	Loss 0.4065 (0.5137)	Prec@1 87.500 (82.336)	Prec@5 100.000 (99.428)
Epoch: [17][50/391], lr: 0.01000	Loss 0.5812 (0.5162)	Prec@1 81.250 (82.460)	Prec@5 100.000 (99.433)
Epoch: [17][60/391], lr: 0.01000	Loss 0.4352 (0.5153)	Prec@1 86.719 (82.403)	Prec@5 99.219 (99.436)
Epoch: [17][70/391], lr: 0.01000	Loss 0.5148 (0.5145)	Prec@1 84.375 (82.526)	Prec@5 99.219 (99.417)
Epoch: [17][80/391], lr: 0.01000	Loss 0.4698 (0.5099)	Prec@1 82.812 (82.716)	Prec@5 100.000 (99.450)
Epoch: [17][90/391], lr: 0.01000	Loss 0.4589 (0.5152)	Prec@1 85.938 (82.589)	Prec@5 100.000 (99.433)
Epoch: [17][100/391], lr: 0.01000	Loss 0.6299 (0.5244)	Prec@1 78.125 (82.364)	Prec@5 97.656 (99.381)
Epoch: [17][110/391], lr: 0.01000	Loss 0.6404 (0.5280)	Prec@1 78.125 (82.214)	Prec@5 99.219 (99.367)
Epoch: [17][120/391], lr: 0.01000	Loss 0.7345 (0.5361)	Prec@1 75.781 (81.934)	Prec@5 100.000 (99.335)
Epoch: [17][130/391], lr: 0.01000	Loss 0.6445 (0.5345)	Prec@1 75.781 (82.055)	Prec@5 99.219 (99.332)
Epoch: [17][140/391], lr: 0.01000	Loss 0.5751 (0.5338)	Prec@1 80.469 (82.087)	Prec@5 99.219 (99.318)
Epoch: [17][150/391], lr: 0.01000	Loss 0.4116 (0.5337)	Prec@1 86.719 (82.150)	Prec@5 99.219 (99.307)
Epoch: [17][160/391], lr: 0.01000	Loss 0.4599 (0.5325)	Prec@1 86.719 (82.235)	Prec@5 99.219 (99.282)
Epoch: [17][170/391], lr: 0.01000	Loss 0.5006 (0.5310)	Prec@1 83.594 (82.251)	Prec@5 98.438 (99.278)
Epoch: [17][180/391], lr: 0.01000	Loss 0.4884 (0.5310)	Prec@1 86.719 (82.243)	Prec@5 100.000 (99.279)
Epoch: [17][190/391], lr: 0.01000	Loss 0.4974 (0.5296)	Prec@1 85.156 (82.313)	Prec@5 100.000 (99.292)
Epoch: [17][200/391], lr: 0.01000	Loss 0.3579 (0.5280)	Prec@1 89.062 (82.342)	Prec@5 99.219 (99.289)
Epoch: [17][210/391], lr: 0.01000	Loss 0.5176 (0.5282)	Prec@1 82.812 (82.346)	Prec@5 100.000 (99.267)
Epoch: [17][220/391], lr: 0.01000	Loss 0.5518 (0.5274)	Prec@1 82.812 (82.335)	Prec@5 98.438 (99.265)
Epoch: [17][230/391], lr: 0.01000	Loss 0.4930 (0.5283)	Prec@1 82.812 (82.271)	Prec@5 99.219 (99.256)
Epoch: [17][240/391], lr: 0.01000	Loss 0.6327 (0.5275)	Prec@1 78.906 (82.317)	Prec@5 100.000 (99.271)
Epoch: [17][250/391], lr: 0.01000	Loss 0.6475 (0.5287)	Prec@1 78.125 (82.283)	Prec@5 99.219 (99.265)
Epoch: [17][260/391], lr: 0.01000	Loss 0.6415 (0.5318)	Prec@1 79.688 (82.154)	Prec@5 100.000 (99.258)
Epoch: [17][270/391], lr: 0.01000	Loss 0.5073 (0.5327)	Prec@1 78.125 (82.115)	Prec@5 100.000 (99.256)
Epoch: [17][280/391], lr: 0.01000	Loss 0.4628 (0.5342)	Prec@1 85.938 (82.045)	Prec@5 100.000 (99.260)
Epoch: [17][290/391], lr: 0.01000	Loss 0.5271 (0.5356)	Prec@1 82.812 (82.010)	Prec@5 100.000 (99.259)
Epoch: [17][300/391], lr: 0.01000	Loss 0.5635 (0.5365)	Prec@1 82.812 (81.969)	Prec@5 99.219 (99.250)
Epoch: [17][310/391], lr: 0.01000	Loss 0.5212 (0.5359)	Prec@1 84.375 (81.999)	Prec@5 100.000 (99.251)
Epoch: [17][320/391], lr: 0.01000	Loss 0.3721 (0.5332)	Prec@1 85.938 (82.092)	Prec@5 100.000 (99.267)
Epoch: [17][330/391], lr: 0.01000	Loss 0.4648 (0.5311)	Prec@1 85.156 (82.175)	Prec@5 98.438 (99.268)
Epoch: [17][340/391], lr: 0.01000	Loss 0.5147 (0.5304)	Prec@1 82.031 (82.196)	Prec@5 100.000 (99.269)
Epoch: [17][350/391], lr: 0.01000	Loss 0.4407 (0.5289)	Prec@1 83.594 (82.232)	Prec@5 100.000 (99.272)
Epoch: [17][360/391], lr: 0.01000	Loss 0.5113 (0.5276)	Prec@1 82.812 (82.284)	Prec@5 100.000 (99.277)
Epoch: [17][370/391], lr: 0.01000	Loss 0.5253 (0.5260)	Prec@1 81.250 (82.324)	Prec@5 99.219 (99.286)
Epoch: [17][380/391], lr: 0.01000	Loss 0.4519 (0.5257)	Prec@1 82.031 (82.349)	Prec@5 100.000 (99.286)
Epoch: [17][390/391], lr: 0.01000	Loss 0.6643 (0.5264)	Prec@1 72.500 (82.310)	Prec@5 100.000 (99.276)
Epoch [17] Training Results: Prec@1 82.310 Prec@5 99.276             Loss 0.52642
Epoch [17] Training Class Recall: [0.689,0.798,0.700,0.746,0.801,0.844,0.898,0.901,0.924,0.930]

Epoch: [18][0/391], lr: 0.01000	Loss 0.4685 (0.4685)	Prec@1 82.812 (82.812)	Prec@5 100.000 (100.000)
Epoch: [18][10/391], lr: 0.01000	Loss 0.4326 (0.5157)	Prec@1 85.156 (82.173)	Prec@5 100.000 (99.858)
Epoch: [18][20/391], lr: 0.01000	Loss 0.5062 (0.5195)	Prec@1 82.812 (82.329)	Prec@5 99.219 (99.702)
Epoch: [18][30/391], lr: 0.01000	Loss 0.5057 (0.5077)	Prec@1 84.375 (82.737)	Prec@5 100.000 (99.672)
Epoch: [18][40/391], lr: 0.01000	Loss 0.5875 (0.5242)	Prec@1 79.688 (82.374)	Prec@5 100.000 (99.466)
Epoch: [18][50/391], lr: 0.01000	Loss 0.3661 (0.5166)	Prec@1 85.156 (82.644)	Prec@5 100.000 (99.479)
Epoch: [18][60/391], lr: 0.01000	Loss 0.5200 (0.5164)	Prec@1 82.031 (82.620)	Prec@5 100.000 (99.488)
Epoch: [18][70/391], lr: 0.01000	Loss 0.5080 (0.5133)	Prec@1 82.031 (82.669)	Prec@5 99.219 (99.461)
Epoch: [18][80/391], lr: 0.01000	Loss 0.5588 (0.5102)	Prec@1 79.688 (82.890)	Prec@5 99.219 (99.441)
Epoch: [18][90/391], lr: 0.01000	Loss 0.6235 (0.5084)	Prec@1 83.594 (83.001)	Prec@5 100.000 (99.433)
Epoch: [18][100/391], lr: 0.01000	Loss 0.6133 (0.5142)	Prec@1 80.469 (82.913)	Prec@5 100.000 (99.420)
Epoch: [18][110/391], lr: 0.01000	Loss 0.4114 (0.5095)	Prec@1 89.062 (83.073)	Prec@5 98.438 (99.430)
Epoch: [18][120/391], lr: 0.01000	Loss 0.3921 (0.5073)	Prec@1 88.281 (83.155)	Prec@5 100.000 (99.432)
Epoch: [18][130/391], lr: 0.01000	Loss 0.5453 (0.5049)	Prec@1 82.812 (83.266)	Prec@5 100.000 (99.451)
Epoch: [18][140/391], lr: 0.01000	Loss 0.3875 (0.5007)	Prec@1 88.281 (83.383)	Prec@5 98.438 (99.446)
Epoch: [18][150/391], lr: 0.01000	Loss 0.4393 (0.4993)	Prec@1 85.156 (83.459)	Prec@5 100.000 (99.431)
Epoch: [18][160/391], lr: 0.01000	Loss 0.5242 (0.5023)	Prec@1 82.812 (83.307)	Prec@5 99.219 (99.442)
Epoch: [18][170/391], lr: 0.01000	Loss 0.5138 (0.5069)	Prec@1 85.156 (83.215)	Prec@5 99.219 (99.415)
Epoch: [18][180/391], lr: 0.01000	Loss 0.3864 (0.5083)	Prec@1 89.844 (83.205)	Prec@5 99.219 (99.378)
Epoch: [18][190/391], lr: 0.01000	Loss 0.6767 (0.5097)	Prec@1 77.344 (83.230)	Prec@5 98.438 (99.358)
Epoch: [18][200/391], lr: 0.01000	Loss 0.3567 (0.5090)	Prec@1 89.062 (83.232)	Prec@5 100.000 (99.355)
Epoch: [18][210/391], lr: 0.01000	Loss 0.5665 (0.5103)	Prec@1 80.469 (83.172)	Prec@5 100.000 (99.348)
Epoch: [18][220/391], lr: 0.01000	Loss 0.5604 (0.5115)	Prec@1 81.250 (83.148)	Prec@5 98.438 (99.339)
Epoch: [18][230/391], lr: 0.01000	Loss 0.5645 (0.5129)	Prec@1 82.031 (83.127)	Prec@5 97.656 (99.317)
Epoch: [18][240/391], lr: 0.01000	Loss 0.5610 (0.5151)	Prec@1 83.594 (83.020)	Prec@5 100.000 (99.326)
Epoch: [18][250/391], lr: 0.01000	Loss 0.7096 (0.5160)	Prec@1 77.344 (82.987)	Prec@5 99.219 (99.318)
Epoch: [18][260/391], lr: 0.01000	Loss 0.6924 (0.5165)	Prec@1 74.219 (82.923)	Prec@5 98.438 (99.315)
Epoch: [18][270/391], lr: 0.01000	Loss 0.5400 (0.5179)	Prec@1 83.594 (82.885)	Prec@5 99.219 (99.325)
Epoch: [18][280/391], lr: 0.01000	Loss 0.5084 (0.5181)	Prec@1 82.812 (82.924)	Prec@5 99.219 (99.327)
Epoch: [18][290/391], lr: 0.01000	Loss 0.4944 (0.5191)	Prec@1 85.156 (82.880)	Prec@5 100.000 (99.329)
Epoch: [18][300/391], lr: 0.01000	Loss 0.5650 (0.5191)	Prec@1 82.031 (82.903)	Prec@5 98.438 (99.312)
Epoch: [18][310/391], lr: 0.01000	Loss 0.7237 (0.5194)	Prec@1 78.906 (82.910)	Prec@5 99.219 (99.304)
Epoch: [18][320/391], lr: 0.01000	Loss 0.4269 (0.5176)	Prec@1 84.375 (82.951)	Prec@5 100.000 (99.316)
Epoch: [18][330/391], lr: 0.01000	Loss 0.3680 (0.5172)	Prec@1 87.500 (82.928)	Prec@5 99.219 (99.316)
Epoch: [18][340/391], lr: 0.01000	Loss 0.5889 (0.5171)	Prec@1 80.469 (82.927)	Prec@5 99.219 (99.324)
Epoch: [18][350/391], lr: 0.01000	Loss 0.4483 (0.5163)	Prec@1 87.500 (82.957)	Prec@5 99.219 (99.319)
Epoch: [18][360/391], lr: 0.01000	Loss 0.5619 (0.5149)	Prec@1 78.125 (82.970)	Prec@5 99.219 (99.325)
Epoch: [18][370/391], lr: 0.01000	Loss 0.5128 (0.5149)	Prec@1 82.031 (82.987)	Prec@5 100.000 (99.328)
Epoch: [18][380/391], lr: 0.01000	Loss 0.5051 (0.5145)	Prec@1 85.938 (82.981)	Prec@5 99.219 (99.334)
Epoch: [18][390/391], lr: 0.01000	Loss 0.5254 (0.5155)	Prec@1 83.750 (82.914)	Prec@5 100.000 (99.334)
Epoch [18] Training Results: Prec@1 82.914 Prec@5 99.334             Loss 0.51547
Epoch [18] Training Class Recall: [0.701,0.808,0.707,0.757,0.811,0.847,0.894,0.910,0.922,0.935]

Epoch: [19][0/391], lr: 0.01000	Loss 0.4896 (0.4896)	Prec@1 82.812 (82.812)	Prec@5 100.000 (100.000)
Epoch: [19][10/391], lr: 0.01000	Loss 0.6572 (0.5225)	Prec@1 77.344 (83.168)	Prec@5 99.219 (99.361)
Epoch: [19][20/391], lr: 0.01000	Loss 0.4924 (0.5224)	Prec@1 81.250 (82.775)	Prec@5 100.000 (99.330)
Epoch: [19][30/391], lr: 0.01000	Loss 0.4767 (0.5242)	Prec@1 82.812 (82.863)	Prec@5 99.219 (99.294)
Epoch: [19][40/391], lr: 0.01000	Loss 0.6713 (0.5152)	Prec@1 81.250 (83.136)	Prec@5 99.219 (99.314)
Epoch: [19][50/391], lr: 0.01000	Loss 0.4408 (0.5107)	Prec@1 85.156 (83.395)	Prec@5 99.219 (99.311)
Epoch: [19][60/391], lr: 0.01000	Loss 0.4594 (0.5057)	Prec@1 85.156 (83.363)	Prec@5 99.219 (99.372)
Epoch: [19][70/391], lr: 0.01000	Loss 0.3611 (0.4961)	Prec@1 89.062 (83.605)	Prec@5 100.000 (99.417)
Epoch: [19][80/391], lr: 0.01000	Loss 0.5293 (0.4854)	Prec@1 79.688 (83.951)	Prec@5 100.000 (99.460)
Epoch: [19][90/391], lr: 0.01000	Loss 0.3409 (0.4853)	Prec@1 89.062 (83.989)	Prec@5 100.000 (99.459)
Epoch: [19][100/391], lr: 0.01000	Loss 0.5062 (0.4846)	Prec@1 82.031 (84.050)	Prec@5 99.219 (99.389)
Epoch: [19][110/391], lr: 0.01000	Loss 0.4900 (0.4808)	Prec@1 82.812 (84.248)	Prec@5 100.000 (99.423)
Epoch: [19][120/391], lr: 0.01000	Loss 0.4656 (0.4758)	Prec@1 85.156 (84.433)	Prec@5 98.438 (99.425)
Epoch: [19][130/391], lr: 0.01000	Loss 0.4870 (0.4747)	Prec@1 85.938 (84.447)	Prec@5 99.219 (99.422)
Epoch: [19][140/391], lr: 0.01000	Loss 0.4974 (0.4744)	Prec@1 82.812 (84.425)	Prec@5 100.000 (99.446)
Epoch: [19][150/391], lr: 0.01000	Loss 0.4623 (0.4769)	Prec@1 85.938 (84.313)	Prec@5 100.000 (99.441)
Epoch: [19][160/391], lr: 0.01000	Loss 0.5372 (0.4782)	Prec@1 82.031 (84.249)	Prec@5 98.438 (99.442)
Epoch: [19][170/391], lr: 0.01000	Loss 0.4690 (0.4817)	Prec@1 87.500 (84.060)	Prec@5 99.219 (99.433)
Epoch: [19][180/391], lr: 0.01000	Loss 0.5441 (0.4863)	Prec@1 77.344 (83.900)	Prec@5 100.000 (99.435)
Epoch: [19][190/391], lr: 0.01000	Loss 0.5297 (0.4850)	Prec@1 80.469 (83.884)	Prec@5 98.438 (99.444)
Epoch: [19][200/391], lr: 0.01000	Loss 0.3454 (0.4851)	Prec@1 91.406 (83.905)	Prec@5 100.000 (99.436)
Epoch: [19][210/391], lr: 0.01000	Loss 0.5693 (0.4846)	Prec@1 83.594 (83.968)	Prec@5 99.219 (99.426)
Epoch: [19][220/391], lr: 0.01000	Loss 0.5407 (0.4864)	Prec@1 81.250 (83.905)	Prec@5 99.219 (99.424)
Epoch: [19][230/391], lr: 0.01000	Loss 0.4379 (0.4841)	Prec@1 84.375 (83.989)	Prec@5 99.219 (99.418)
Epoch: [19][240/391], lr: 0.01000	Loss 0.4224 (0.4825)	Prec@1 86.719 (84.022)	Prec@5 100.000 (99.426)
Epoch: [19][250/391], lr: 0.01000	Loss 0.3759 (0.4817)	Prec@1 87.500 (84.073)	Prec@5 98.438 (99.424)
Epoch: [19][260/391], lr: 0.01000	Loss 0.4086 (0.4808)	Prec@1 85.938 (84.133)	Prec@5 100.000 (99.428)
Epoch: [19][270/391], lr: 0.01000	Loss 0.3638 (0.4790)	Prec@1 89.062 (84.208)	Prec@5 100.000 (99.432)
Epoch: [19][280/391], lr: 0.01000	Loss 0.4036 (0.4774)	Prec@1 89.062 (84.280)	Prec@5 100.000 (99.427)
Epoch: [19][290/391], lr: 0.01000	Loss 0.4633 (0.4767)	Prec@1 80.469 (84.327)	Prec@5 100.000 (99.420)
Epoch: [19][300/391], lr: 0.01000	Loss 0.5006 (0.4761)	Prec@1 83.594 (84.328)	Prec@5 99.219 (99.421)
Epoch: [19][310/391], lr: 0.01000	Loss 0.5486 (0.4760)	Prec@1 81.250 (84.340)	Prec@5 99.219 (99.417)
Epoch: [19][320/391], lr: 0.01000	Loss 0.4338 (0.4777)	Prec@1 85.938 (84.283)	Prec@5 100.000 (99.416)
Epoch: [19][330/391], lr: 0.01000	Loss 0.6957 (0.4789)	Prec@1 76.562 (84.198)	Prec@5 99.219 (99.422)
Epoch: [19][340/391], lr: 0.01000	Loss 0.5399 (0.4797)	Prec@1 85.938 (84.180)	Prec@5 100.000 (99.420)
Epoch: [19][350/391], lr: 0.01000	Loss 0.5227 (0.4791)	Prec@1 85.938 (84.204)	Prec@5 99.219 (99.424)
Epoch: [19][360/391], lr: 0.01000	Loss 0.5522 (0.4799)	Prec@1 81.250 (84.167)	Prec@5 98.438 (99.418)
Epoch: [19][370/391], lr: 0.01000	Loss 0.5286 (0.4802)	Prec@1 82.812 (84.156)	Prec@5 100.000 (99.423)
Epoch: [19][380/391], lr: 0.01000	Loss 0.5205 (0.4812)	Prec@1 83.594 (84.141)	Prec@5 100.000 (99.424)
Epoch: [19][390/391], lr: 0.01000	Loss 0.4560 (0.4801)	Prec@1 83.750 (84.184)	Prec@5 98.750 (99.430)
Epoch [19] Training Results: Prec@1 84.184 Prec@5 99.430             Loss 0.48005
Epoch [19] Training Class Recall: [0.717,0.816,0.729,0.765,0.827,0.871,0.906,0.909,0.941,0.937]

Epoch: [20][0/391], lr: 0.01000	Loss 0.3321 (0.3321)	Prec@1 91.406 (91.406)	Prec@5 100.000 (100.000)
Epoch: [20][10/391], lr: 0.01000	Loss 0.3985 (0.4564)	Prec@1 86.719 (85.156)	Prec@5 100.000 (99.432)
Epoch: [20][20/391], lr: 0.01000	Loss 0.4530 (0.4757)	Prec@1 86.719 (84.933)	Prec@5 100.000 (99.442)
Epoch: [20][30/391], lr: 0.01000	Loss 0.6647 (0.4671)	Prec@1 76.562 (84.854)	Prec@5 100.000 (99.546)
Epoch: [20][40/391], lr: 0.01000	Loss 0.5056 (0.4762)	Prec@1 80.469 (84.356)	Prec@5 99.219 (99.390)
Epoch: [20][50/391], lr: 0.01000	Loss 0.5141 (0.4780)	Prec@1 85.938 (84.344)	Prec@5 99.219 (99.403)
Epoch: [20][60/391], lr: 0.01000	Loss 0.4773 (0.4843)	Prec@1 89.062 (84.106)	Prec@5 99.219 (99.398)
Epoch: [20][70/391], lr: 0.01000	Loss 0.5233 (0.4825)	Prec@1 84.375 (84.177)	Prec@5 100.000 (99.439)
Epoch: [20][80/391], lr: 0.01000	Loss 0.6084 (0.4933)	Prec@1 75.781 (83.661)	Prec@5 99.219 (99.392)
Epoch: [20][90/391], lr: 0.01000	Loss 0.7152 (0.5035)	Prec@1 74.219 (83.336)	Prec@5 98.438 (99.279)
Epoch: [20][100/391], lr: 0.01000	Loss 0.7483 (0.5115)	Prec@1 74.219 (82.998)	Prec@5 97.656 (99.265)
Epoch: [20][110/391], lr: 0.01000	Loss 0.5499 (0.5128)	Prec@1 82.031 (82.939)	Prec@5 96.875 (99.261)
Epoch: [20][120/391], lr: 0.01000	Loss 0.6586 (0.5128)	Prec@1 75.000 (82.961)	Prec@5 99.219 (99.264)
Epoch: [20][130/391], lr: 0.01000	Loss 0.4788 (0.5131)	Prec@1 81.250 (82.908)	Prec@5 100.000 (99.266)
Epoch: [20][140/391], lr: 0.01000	Loss 0.4942 (0.5094)	Prec@1 84.375 (83.018)	Prec@5 98.438 (99.291)
Epoch: [20][150/391], lr: 0.01000	Loss 0.4338 (0.5042)	Prec@1 82.812 (83.144)	Prec@5 99.219 (99.312)
Epoch: [20][160/391], lr: 0.01000	Loss 0.4437 (0.4998)	Prec@1 82.031 (83.273)	Prec@5 100.000 (99.335)
Epoch: [20][170/391], lr: 0.01000	Loss 0.4366 (0.4945)	Prec@1 85.156 (83.438)	Prec@5 100.000 (99.365)
Epoch: [20][180/391], lr: 0.01000	Loss 0.3211 (0.4870)	Prec@1 89.062 (83.689)	Prec@5 99.219 (99.387)
Epoch: [20][190/391], lr: 0.01000	Loss 0.3796 (0.4833)	Prec@1 85.156 (83.798)	Prec@5 99.219 (99.382)
Epoch: [20][200/391], lr: 0.01000	Loss 0.3515 (0.4811)	Prec@1 88.281 (83.874)	Prec@5 100.000 (99.374)
Epoch: [20][210/391], lr: 0.01000	Loss 0.3440 (0.4804)	Prec@1 89.062 (83.901)	Prec@5 99.219 (99.393)
Epoch: [20][220/391], lr: 0.01000	Loss 0.5270 (0.4799)	Prec@1 83.594 (83.937)	Prec@5 99.219 (99.410)
Epoch: [20][230/391], lr: 0.01000	Loss 0.4458 (0.4798)	Prec@1 88.281 (83.942)	Prec@5 99.219 (99.412)
Epoch: [20][240/391], lr: 0.01000	Loss 0.4367 (0.4815)	Prec@1 86.719 (83.944)	Prec@5 98.438 (99.397)
Epoch: [20][250/391], lr: 0.01000	Loss 0.4750 (0.4829)	Prec@1 81.250 (83.902)	Prec@5 100.000 (99.412)
Epoch: [20][260/391], lr: 0.01000	Loss 0.4782 (0.4833)	Prec@1 86.719 (83.923)	Prec@5 98.438 (99.404)
Epoch: [20][270/391], lr: 0.01000	Loss 0.3596 (0.4818)	Prec@1 83.594 (83.940)	Prec@5 99.219 (99.389)
Epoch: [20][280/391], lr: 0.01000	Loss 0.5008 (0.4817)	Prec@1 86.719 (83.911)	Prec@5 99.219 (99.386)
Epoch: [20][290/391], lr: 0.01000	Loss 0.5189 (0.4827)	Prec@1 81.250 (83.897)	Prec@5 99.219 (99.380)
Epoch: [20][300/391], lr: 0.01000	Loss 0.5674 (0.4820)	Prec@1 80.469 (83.905)	Prec@5 99.219 (99.380)
Epoch: [20][310/391], lr: 0.01000	Loss 0.5043 (0.4819)	Prec@1 82.812 (83.933)	Prec@5 99.219 (99.377)
Epoch: [20][320/391], lr: 0.01000	Loss 0.5388 (0.4823)	Prec@1 81.250 (83.954)	Prec@5 99.219 (99.370)
Epoch: [20][330/391], lr: 0.01000	Loss 0.4509 (0.4821)	Prec@1 87.500 (83.957)	Prec@5 100.000 (99.379)
Epoch: [20][340/391], lr: 0.01000	Loss 0.3969 (0.4810)	Prec@1 85.156 (83.981)	Prec@5 100.000 (99.388)
Epoch: [20][350/391], lr: 0.01000	Loss 0.6412 (0.4821)	Prec@1 79.688 (83.950)	Prec@5 100.000 (99.388)
Epoch: [20][360/391], lr: 0.01000	Loss 0.4777 (0.4831)	Prec@1 80.469 (83.886)	Prec@5 98.438 (99.383)
Epoch: [20][370/391], lr: 0.01000	Loss 0.6684 (0.4858)	Prec@1 79.688 (83.798)	Prec@5 98.438 (99.366)
Epoch: [20][380/391], lr: 0.01000	Loss 0.5001 (0.4878)	Prec@1 82.031 (83.717)	Prec@5 99.219 (99.364)
Epoch: [20][390/391], lr: 0.01000	Loss 0.3305 (0.4894)	Prec@1 90.000 (83.692)	Prec@5 100.000 (99.362)
Epoch [20] Training Results: Prec@1 83.692 Prec@5 99.362             Loss 0.48940
Epoch [20] Training Class Recall: [0.705,0.817,0.721,0.773,0.815,0.862,0.903,0.905,0.929,0.939]

Epoch: [21][0/391], lr: 0.01000	Loss 0.5066 (0.5066)	Prec@1 83.594 (83.594)	Prec@5 100.000 (100.000)
Epoch: [21][10/391], lr: 0.01000	Loss 0.5003 (0.4684)	Prec@1 82.031 (84.659)	Prec@5 100.000 (99.787)
Epoch: [21][20/391], lr: 0.01000	Loss 0.5632 (0.4716)	Prec@1 84.375 (84.710)	Prec@5 100.000 (99.516)
Epoch: [21][30/391], lr: 0.01000	Loss 0.5676 (0.4687)	Prec@1 81.250 (85.055)	Prec@5 98.438 (99.471)
Epoch: [21][40/391], lr: 0.01000	Loss 0.4936 (0.4517)	Prec@1 82.031 (85.442)	Prec@5 100.000 (99.543)
Epoch: [21][50/391], lr: 0.01000	Loss 0.4450 (0.4445)	Prec@1 87.500 (85.723)	Prec@5 100.000 (99.556)
Epoch: [21][60/391], lr: 0.01000	Loss 0.2910 (0.4324)	Prec@1 91.406 (86.078)	Prec@5 100.000 (99.539)
Epoch: [21][70/391], lr: 0.01000	Loss 0.5785 (0.4348)	Prec@1 83.594 (85.949)	Prec@5 99.219 (99.549)
Epoch: [21][80/391], lr: 0.01000	Loss 0.3255 (0.4307)	Prec@1 89.062 (85.976)	Prec@5 100.000 (99.537)
Epoch: [21][90/391], lr: 0.01000	Loss 0.4551 (0.4340)	Prec@1 85.938 (85.929)	Prec@5 100.000 (99.536)
Epoch: [21][100/391], lr: 0.01000	Loss 0.3416 (0.4328)	Prec@1 86.719 (85.914)	Prec@5 100.000 (99.520)
Epoch: [21][110/391], lr: 0.01000	Loss 0.4205 (0.4388)	Prec@1 85.938 (85.705)	Prec@5 99.219 (99.514)
Epoch: [21][120/391], lr: 0.01000	Loss 0.2819 (0.4404)	Prec@1 92.188 (85.640)	Prec@5 100.000 (99.509)
Epoch: [21][130/391], lr: 0.01000	Loss 0.5609 (0.4458)	Prec@1 77.344 (85.460)	Prec@5 100.000 (99.487)
Epoch: [21][140/391], lr: 0.01000	Loss 0.5556 (0.4477)	Prec@1 80.469 (85.422)	Prec@5 100.000 (99.501)
Epoch: [21][150/391], lr: 0.01000	Loss 0.5371 (0.4464)	Prec@1 84.375 (85.493)	Prec@5 97.656 (99.493)
Epoch: [21][160/391], lr: 0.01000	Loss 0.4255 (0.4466)	Prec@1 85.938 (85.428)	Prec@5 100.000 (99.486)
Epoch: [21][170/391], lr: 0.01000	Loss 0.3140 (0.4480)	Prec@1 89.062 (85.357)	Prec@5 100.000 (99.465)
Epoch: [21][180/391], lr: 0.01000	Loss 0.6424 (0.4507)	Prec@1 81.250 (85.217)	Prec@5 98.438 (99.452)
Epoch: [21][190/391], lr: 0.01000	Loss 0.4388 (0.4515)	Prec@1 85.938 (85.156)	Prec@5 100.000 (99.460)
Epoch: [21][200/391], lr: 0.01000	Loss 0.5236 (0.4520)	Prec@1 89.062 (85.195)	Prec@5 99.219 (99.460)
Epoch: [21][210/391], lr: 0.01000	Loss 0.6821 (0.4516)	Prec@1 79.688 (85.204)	Prec@5 98.438 (99.441)
Epoch: [21][220/391], lr: 0.01000	Loss 0.5469 (0.4530)	Prec@1 82.031 (85.142)	Prec@5 99.219 (99.449)
Epoch: [21][230/391], lr: 0.01000	Loss 0.3198 (0.4541)	Prec@1 90.625 (85.109)	Prec@5 100.000 (99.432)
Epoch: [21][240/391], lr: 0.01000	Loss 0.3838 (0.4550)	Prec@1 89.062 (85.127)	Prec@5 99.219 (99.426)
Epoch: [21][250/391], lr: 0.01000	Loss 0.3933 (0.4550)	Prec@1 89.844 (85.141)	Prec@5 99.219 (99.406)
Epoch: [21][260/391], lr: 0.01000	Loss 0.5681 (0.4549)	Prec@1 79.688 (85.120)	Prec@5 99.219 (99.407)
Epoch: [21][270/391], lr: 0.01000	Loss 0.4190 (0.4524)	Prec@1 85.156 (85.174)	Prec@5 100.000 (99.418)
Epoch: [21][280/391], lr: 0.01000	Loss 0.4464 (0.4512)	Prec@1 85.156 (85.231)	Prec@5 99.219 (99.427)
Epoch: [21][290/391], lr: 0.01000	Loss 0.4952 (0.4517)	Prec@1 82.812 (85.231)	Prec@5 100.000 (99.428)
Epoch: [21][300/391], lr: 0.01000	Loss 0.3400 (0.4507)	Prec@1 89.062 (85.237)	Prec@5 100.000 (99.426)
Epoch: [21][310/391], lr: 0.01000	Loss 0.4978 (0.4512)	Prec@1 85.938 (85.194)	Prec@5 99.219 (99.430)
Epoch: [21][320/391], lr: 0.01000	Loss 0.5345 (0.4525)	Prec@1 80.469 (85.129)	Prec@5 100.000 (99.440)
Epoch: [21][330/391], lr: 0.01000	Loss 0.5295 (0.4531)	Prec@1 81.250 (85.064)	Prec@5 100.000 (99.455)
Epoch: [21][340/391], lr: 0.01000	Loss 0.3851 (0.4527)	Prec@1 86.719 (85.081)	Prec@5 100.000 (99.450)
Epoch: [21][350/391], lr: 0.01000	Loss 0.4696 (0.4534)	Prec@1 85.938 (85.049)	Prec@5 97.656 (99.437)
Epoch: [21][360/391], lr: 0.01000	Loss 0.3422 (0.4526)	Prec@1 91.406 (85.052)	Prec@5 100.000 (99.437)
Epoch: [21][370/391], lr: 0.01000	Loss 0.4753 (0.4524)	Prec@1 84.375 (85.034)	Prec@5 100.000 (99.442)
Epoch: [21][380/391], lr: 0.01000	Loss 0.4272 (0.4529)	Prec@1 85.156 (85.019)	Prec@5 99.219 (99.438)
Epoch: [21][390/391], lr: 0.01000	Loss 0.6669 (0.4541)	Prec@1 80.000 (85.002)	Prec@5 98.750 (99.430)
Epoch [21] Training Results: Prec@1 85.002 Prec@5 99.430             Loss 0.45415
Epoch [21] Training Class Recall: [0.726,0.819,0.744,0.788,0.846,0.877,0.911,0.916,0.934,0.937]

Epoch: [22][0/391], lr: 0.01000	Loss 0.3230 (0.3230)	Prec@1 89.844 (89.844)	Prec@5 100.000 (100.000)
Epoch: [22][10/391], lr: 0.01000	Loss 0.4496 (0.4272)	Prec@1 85.156 (86.222)	Prec@5 99.219 (99.574)
Epoch: [22][20/391], lr: 0.01000	Loss 0.4601 (0.4158)	Prec@1 82.031 (86.384)	Prec@5 100.000 (99.665)
Epoch: [22][30/391], lr: 0.01000	Loss 0.4821 (0.4146)	Prec@1 83.594 (86.391)	Prec@5 98.438 (99.647)
Epoch: [22][40/391], lr: 0.01000	Loss 0.6430 (0.4372)	Prec@1 75.781 (85.423)	Prec@5 99.219 (99.657)
Epoch: [22][50/391], lr: 0.01000	Loss 0.5608 (0.4412)	Prec@1 82.812 (85.202)	Prec@5 100.000 (99.632)
Epoch: [22][60/391], lr: 0.01000	Loss 0.5628 (0.4453)	Prec@1 80.469 (85.092)	Prec@5 100.000 (99.603)
Epoch: [22][70/391], lr: 0.01000	Loss 0.4794 (0.4485)	Prec@1 84.375 (85.123)	Prec@5 98.438 (99.593)
Epoch: [22][80/391], lr: 0.01000	Loss 0.4058 (0.4473)	Prec@1 85.156 (85.108)	Prec@5 100.000 (99.576)
Epoch: [22][90/391], lr: 0.01000	Loss 0.4621 (0.4477)	Prec@1 83.594 (85.088)	Prec@5 100.000 (99.588)
Epoch: [22][100/391], lr: 0.01000	Loss 0.3499 (0.4483)	Prec@1 87.500 (85.040)	Prec@5 100.000 (99.590)
Epoch: [22][110/391], lr: 0.01000	Loss 0.4201 (0.4475)	Prec@1 82.812 (85.051)	Prec@5 100.000 (99.620)
Epoch: [22][120/391], lr: 0.01000	Loss 0.4598 (0.4479)	Prec@1 82.812 (84.950)	Prec@5 100.000 (99.613)
Epoch: [22][130/391], lr: 0.01000	Loss 0.5062 (0.4483)	Prec@1 85.156 (85.013)	Prec@5 100.000 (99.612)
Epoch: [22][140/391], lr: 0.01000	Loss 0.4779 (0.4478)	Prec@1 85.938 (85.007)	Prec@5 100.000 (99.612)
Epoch: [22][150/391], lr: 0.01000	Loss 0.5658 (0.4482)	Prec@1 79.688 (85.032)	Prec@5 100.000 (99.612)
Epoch: [22][160/391], lr: 0.01000	Loss 0.4577 (0.4487)	Prec@1 87.500 (85.045)	Prec@5 99.219 (99.597)
Epoch: [22][170/391], lr: 0.01000	Loss 0.5102 (0.4479)	Prec@1 82.812 (85.056)	Prec@5 99.219 (99.603)
Epoch: [22][180/391], lr: 0.01000	Loss 0.4335 (0.4475)	Prec@1 85.156 (85.053)	Prec@5 100.000 (99.612)
Epoch: [22][190/391], lr: 0.01000	Loss 0.5960 (0.4499)	Prec@1 79.688 (84.976)	Prec@5 99.219 (99.583)
Epoch: [22][200/391], lr: 0.01000	Loss 0.5361 (0.4535)	Prec@1 82.812 (84.861)	Prec@5 99.219 (99.572)
Epoch: [22][210/391], lr: 0.01000	Loss 0.3572 (0.4537)	Prec@1 85.156 (84.860)	Prec@5 100.000 (99.571)
Epoch: [22][220/391], lr: 0.01000	Loss 0.7301 (0.4551)	Prec@1 77.344 (84.873)	Prec@5 98.438 (99.555)
Epoch: [22][230/391], lr: 0.01000	Loss 0.3670 (0.4550)	Prec@1 89.844 (84.903)	Prec@5 99.219 (99.560)
Epoch: [22][240/391], lr: 0.01000	Loss 0.5335 (0.4536)	Prec@1 83.594 (84.929)	Prec@5 99.219 (99.562)
Epoch: [22][250/391], lr: 0.01000	Loss 0.5410 (0.4526)	Prec@1 81.250 (84.945)	Prec@5 99.219 (99.567)
Epoch: [22][260/391], lr: 0.01000	Loss 0.4132 (0.4526)	Prec@1 88.281 (84.959)	Prec@5 100.000 (99.563)
Epoch: [22][270/391], lr: 0.01000	Loss 0.5034 (0.4524)	Prec@1 85.156 (84.972)	Prec@5 97.656 (99.550)
Epoch: [22][280/391], lr: 0.01000	Loss 0.4195 (0.4520)	Prec@1 85.156 (84.948)	Prec@5 100.000 (99.533)
Epoch: [22][290/391], lr: 0.01000	Loss 0.6111 (0.4531)	Prec@1 83.594 (84.920)	Prec@5 98.438 (99.522)
Epoch: [22][300/391], lr: 0.01000	Loss 0.5157 (0.4538)	Prec@1 81.250 (84.881)	Prec@5 98.438 (99.525)
Epoch: [22][310/391], lr: 0.01000	Loss 0.3833 (0.4530)	Prec@1 87.500 (84.923)	Prec@5 98.438 (99.528)
Epoch: [22][320/391], lr: 0.01000	Loss 0.4626 (0.4534)	Prec@1 82.031 (84.910)	Prec@5 100.000 (99.528)
Epoch: [22][330/391], lr: 0.01000	Loss 0.5000 (0.4532)	Prec@1 83.594 (84.906)	Prec@5 100.000 (99.528)
Epoch: [22][340/391], lr: 0.01000	Loss 0.4406 (0.4526)	Prec@1 83.594 (84.927)	Prec@5 99.219 (99.537)
Epoch: [22][350/391], lr: 0.01000	Loss 0.2725 (0.4513)	Prec@1 90.625 (84.972)	Prec@5 99.219 (99.535)
Epoch: [22][360/391], lr: 0.01000	Loss 0.5083 (0.4504)	Prec@1 82.031 (84.987)	Prec@5 100.000 (99.533)
Epoch: [22][370/391], lr: 0.01000	Loss 0.3469 (0.4488)	Prec@1 88.281 (85.030)	Prec@5 99.219 (99.535)
Epoch: [22][380/391], lr: 0.01000	Loss 0.3687 (0.4477)	Prec@1 85.156 (85.043)	Prec@5 99.219 (99.541)
Epoch: [22][390/391], lr: 0.01000	Loss 0.4040 (0.4467)	Prec@1 87.500 (85.058)	Prec@5 100.000 (99.548)
Epoch [22] Training Results: Prec@1 85.058 Prec@5 99.548             Loss 0.44673
Epoch [22] Training Class Recall: [0.726,0.827,0.739,0.793,0.835,0.876,0.916,0.914,0.938,0.943]

Epoch: [23][0/391], lr: 0.01000	Loss 0.5078 (0.5078)	Prec@1 84.375 (84.375)	Prec@5 99.219 (99.219)
Epoch: [23][10/391], lr: 0.01000	Loss 0.3555 (0.4103)	Prec@1 89.062 (87.145)	Prec@5 100.000 (99.645)
Epoch: [23][20/391], lr: 0.01000	Loss 0.3941 (0.4149)	Prec@1 83.594 (86.570)	Prec@5 99.219 (99.554)
Epoch: [23][30/391], lr: 0.01000	Loss 0.4784 (0.4085)	Prec@1 84.375 (86.946)	Prec@5 98.438 (99.420)
Epoch: [23][40/391], lr: 0.01000	Loss 0.3638 (0.4165)	Prec@1 89.062 (86.643)	Prec@5 99.219 (99.505)
Epoch: [23][50/391], lr: 0.01000	Loss 0.3835 (0.4157)	Prec@1 89.062 (86.734)	Prec@5 99.219 (99.433)
Epoch: [23][60/391], lr: 0.01000	Loss 0.3948 (0.4164)	Prec@1 86.719 (86.757)	Prec@5 100.000 (99.385)
Epoch: [23][70/391], lr: 0.01000	Loss 0.4963 (0.4158)	Prec@1 82.812 (86.565)	Prec@5 99.219 (99.406)
Epoch: [23][80/391], lr: 0.01000	Loss 0.5177 (0.4146)	Prec@1 82.812 (86.564)	Prec@5 100.000 (99.431)
Epoch: [23][90/391], lr: 0.01000	Loss 0.4578 (0.4198)	Prec@1 82.812 (86.401)	Prec@5 99.219 (99.476)
Epoch: [23][100/391], lr: 0.01000	Loss 0.4714 (0.4257)	Prec@1 82.031 (86.162)	Prec@5 99.219 (99.482)
Epoch: [23][110/391], lr: 0.01000	Loss 0.2884 (0.4269)	Prec@1 92.969 (86.191)	Prec@5 100.000 (99.472)
Epoch: [23][120/391], lr: 0.01000	Loss 0.3936 (0.4291)	Prec@1 84.375 (86.041)	Prec@5 99.219 (99.464)
Epoch: [23][130/391], lr: 0.01000	Loss 0.4853 (0.4289)	Prec@1 83.594 (85.967)	Prec@5 98.438 (99.487)
Epoch: [23][140/391], lr: 0.01000	Loss 0.4216 (0.4284)	Prec@1 88.281 (86.076)	Prec@5 96.875 (99.463)
Epoch: [23][150/391], lr: 0.01000	Loss 0.3329 (0.4292)	Prec@1 88.281 (86.062)	Prec@5 100.000 (99.472)
Epoch: [23][160/391], lr: 0.01000	Loss 0.5137 (0.4311)	Prec@1 82.031 (85.938)	Prec@5 100.000 (99.481)
Epoch: [23][170/391], lr: 0.01000	Loss 0.5888 (0.4344)	Prec@1 82.031 (85.887)	Prec@5 99.219 (99.456)
Epoch: [23][180/391], lr: 0.01000	Loss 0.6580 (0.4368)	Prec@1 79.688 (85.791)	Prec@5 100.000 (99.478)
Epoch: [23][190/391], lr: 0.01000	Loss 0.3276 (0.4356)	Prec@1 89.062 (85.831)	Prec@5 99.219 (99.497)
Epoch: [23][200/391], lr: 0.01000	Loss 0.4197 (0.4368)	Prec@1 84.375 (85.786)	Prec@5 100.000 (99.483)
Epoch: [23][210/391], lr: 0.01000	Loss 0.3210 (0.4374)	Prec@1 89.062 (85.756)	Prec@5 100.000 (99.467)
Epoch: [23][220/391], lr: 0.01000	Loss 0.5146 (0.4375)	Prec@1 85.156 (85.740)	Prec@5 100.000 (99.480)
Epoch: [23][230/391], lr: 0.01000	Loss 0.3121 (0.4351)	Prec@1 90.625 (85.829)	Prec@5 100.000 (99.496)
Epoch: [23][240/391], lr: 0.01000	Loss 0.3843 (0.4350)	Prec@1 89.062 (85.843)	Prec@5 98.438 (99.491)
Epoch: [23][250/391], lr: 0.01000	Loss 0.3654 (0.4362)	Prec@1 87.500 (85.825)	Prec@5 100.000 (99.483)
Epoch: [23][260/391], lr: 0.01000	Loss 0.3322 (0.4352)	Prec@1 89.062 (85.866)	Prec@5 100.000 (99.497)
Epoch: [23][270/391], lr: 0.01000	Loss 0.2861 (0.4346)	Prec@1 89.062 (85.863)	Prec@5 100.000 (99.498)
Epoch: [23][280/391], lr: 0.01000	Loss 0.4796 (0.4353)	Prec@1 81.250 (85.826)	Prec@5 99.219 (99.491)
Epoch: [23][290/391], lr: 0.01000	Loss 0.4488 (0.4352)	Prec@1 86.719 (85.865)	Prec@5 100.000 (99.495)
Epoch: [23][300/391], lr: 0.01000	Loss 0.3994 (0.4372)	Prec@1 85.938 (85.795)	Prec@5 99.219 (99.491)
Epoch: [23][310/391], lr: 0.01000	Loss 0.4341 (0.4378)	Prec@1 85.156 (85.749)	Prec@5 100.000 (99.493)
Epoch: [23][320/391], lr: 0.01000	Loss 0.5492 (0.4382)	Prec@1 83.594 (85.723)	Prec@5 100.000 (99.504)
Epoch: [23][330/391], lr: 0.01000	Loss 0.4099 (0.4371)	Prec@1 86.719 (85.751)	Prec@5 100.000 (99.511)
Epoch: [23][340/391], lr: 0.01000	Loss 0.2943 (0.4373)	Prec@1 91.406 (85.738)	Prec@5 100.000 (99.514)
Epoch: [23][350/391], lr: 0.01000	Loss 0.4315 (0.4372)	Prec@1 82.812 (85.724)	Prec@5 99.219 (99.519)
Epoch: [23][360/391], lr: 0.01000	Loss 0.5032 (0.4378)	Prec@1 86.719 (85.697)	Prec@5 98.438 (99.520)
Epoch: [23][370/391], lr: 0.01000	Loss 0.4502 (0.4368)	Prec@1 82.812 (85.712)	Prec@5 100.000 (99.522)
Epoch: [23][380/391], lr: 0.01000	Loss 0.4628 (0.4378)	Prec@1 85.156 (85.669)	Prec@5 100.000 (99.522)
Epoch: [23][390/391], lr: 0.01000	Loss 0.5304 (0.4395)	Prec@1 78.750 (85.600)	Prec@5 100.000 (99.528)
Epoch [23] Training Results: Prec@1 85.600 Prec@5 99.528             Loss 0.43947
Epoch [23] Training Class Recall: [0.735,0.833,0.750,0.796,0.847,0.879,0.916,0.923,0.940,0.941]

Epoch: [24][0/391], lr: 0.01000	Loss 0.4758 (0.4758)	Prec@1 84.375 (84.375)	Prec@5 98.438 (98.438)
Epoch: [24][10/391], lr: 0.01000	Loss 0.3594 (0.4476)	Prec@1 87.500 (85.227)	Prec@5 100.000 (99.574)
Epoch: [24][20/391], lr: 0.01000	Loss 0.3754 (0.4528)	Prec@1 86.719 (84.784)	Prec@5 100.000 (99.591)
Epoch: [24][30/391], lr: 0.01000	Loss 0.4596 (0.4570)	Prec@1 83.594 (84.854)	Prec@5 100.000 (99.622)
Epoch: [24][40/391], lr: 0.01000	Loss 0.6633 (0.4632)	Prec@1 83.594 (85.023)	Prec@5 100.000 (99.638)
Epoch: [24][50/391], lr: 0.01000	Loss 0.3989 (0.4578)	Prec@1 86.719 (85.233)	Prec@5 100.000 (99.678)
Epoch: [24][60/391], lr: 0.01000	Loss 0.4249 (0.4578)	Prec@1 85.156 (85.054)	Prec@5 99.219 (99.641)
Epoch: [24][70/391], lr: 0.01000	Loss 0.4640 (0.4575)	Prec@1 85.156 (85.024)	Prec@5 100.000 (99.637)
Epoch: [24][80/391], lr: 0.01000	Loss 0.5306 (0.4563)	Prec@1 84.375 (85.147)	Prec@5 99.219 (99.614)
Epoch: [24][90/391], lr: 0.01000	Loss 0.2525 (0.4535)	Prec@1 91.406 (85.225)	Prec@5 99.219 (99.528)
Epoch: [24][100/391], lr: 0.01000	Loss 0.5416 (0.4525)	Prec@1 82.812 (85.203)	Prec@5 99.219 (99.528)
Epoch: [24][110/391], lr: 0.01000	Loss 0.4197 (0.4473)	Prec@1 86.719 (85.311)	Prec@5 100.000 (99.535)
Epoch: [24][120/391], lr: 0.01000	Loss 0.5083 (0.4447)	Prec@1 85.156 (85.408)	Prec@5 99.219 (99.542)
Epoch: [24][130/391], lr: 0.01000	Loss 0.3358 (0.4412)	Prec@1 90.625 (85.490)	Prec@5 100.000 (99.529)
Epoch: [24][140/391], lr: 0.01000	Loss 0.5801 (0.4423)	Prec@1 78.906 (85.461)	Prec@5 100.000 (99.512)
Epoch: [24][150/391], lr: 0.01000	Loss 0.4495 (0.4440)	Prec@1 83.594 (85.286)	Prec@5 99.219 (99.519)
Epoch: [24][160/391], lr: 0.01000	Loss 0.3634 (0.4432)	Prec@1 88.281 (85.268)	Prec@5 100.000 (99.524)
Epoch: [24][170/391], lr: 0.01000	Loss 0.4918 (0.4420)	Prec@1 82.031 (85.312)	Prec@5 100.000 (99.529)
Epoch: [24][180/391], lr: 0.01000	Loss 0.4443 (0.4409)	Prec@1 85.938 (85.368)	Prec@5 99.219 (99.547)
Epoch: [24][190/391], lr: 0.01000	Loss 0.3551 (0.4399)	Prec@1 90.625 (85.422)	Prec@5 100.000 (99.534)
Epoch: [24][200/391], lr: 0.01000	Loss 0.4787 (0.4398)	Prec@1 82.812 (85.448)	Prec@5 99.219 (99.522)
Epoch: [24][210/391], lr: 0.01000	Loss 0.3350 (0.4389)	Prec@1 86.719 (85.508)	Prec@5 100.000 (99.508)
Epoch: [24][220/391], lr: 0.01000	Loss 0.3684 (0.4366)	Prec@1 89.844 (85.612)	Prec@5 100.000 (99.523)
Epoch: [24][230/391], lr: 0.01000	Loss 0.5160 (0.4358)	Prec@1 83.594 (85.620)	Prec@5 100.000 (99.533)
Epoch: [24][240/391], lr: 0.01000	Loss 0.5253 (0.4362)	Prec@1 80.469 (85.623)	Prec@5 100.000 (99.511)
Epoch: [24][250/391], lr: 0.01000	Loss 0.4443 (0.4365)	Prec@1 82.812 (85.648)	Prec@5 99.219 (99.514)
Epoch: [24][260/391], lr: 0.01000	Loss 0.4205 (0.4366)	Prec@1 85.938 (85.647)	Prec@5 100.000 (99.527)
Epoch: [24][270/391], lr: 0.01000	Loss 0.3947 (0.4365)	Prec@1 86.719 (85.681)	Prec@5 100.000 (99.524)
Epoch: [24][280/391], lr: 0.01000	Loss 0.3278 (0.4368)	Prec@1 91.406 (85.659)	Prec@5 100.000 (99.522)
Epoch: [24][290/391], lr: 0.01000	Loss 0.4361 (0.4382)	Prec@1 81.250 (85.588)	Prec@5 99.219 (99.517)
Epoch: [24][300/391], lr: 0.01000	Loss 0.5868 (0.4388)	Prec@1 78.906 (85.546)	Prec@5 99.219 (99.512)
Epoch: [24][310/391], lr: 0.01000	Loss 0.4290 (0.4392)	Prec@1 85.156 (85.551)	Prec@5 99.219 (99.520)
Epoch: [24][320/391], lr: 0.01000	Loss 0.4136 (0.4383)	Prec@1 85.938 (85.589)	Prec@5 100.000 (99.521)
Epoch: [24][330/391], lr: 0.01000	Loss 0.5041 (0.4377)	Prec@1 85.156 (85.612)	Prec@5 99.219 (99.519)
Epoch: [24][340/391], lr: 0.01000	Loss 0.4312 (0.4367)	Prec@1 85.156 (85.619)	Prec@5 99.219 (99.526)
Epoch: [24][350/391], lr: 0.01000	Loss 0.4234 (0.4366)	Prec@1 82.812 (85.597)	Prec@5 99.219 (99.521)
Epoch: [24][360/391], lr: 0.01000	Loss 0.4348 (0.4355)	Prec@1 85.156 (85.628)	Prec@5 98.438 (99.528)
Epoch: [24][370/391], lr: 0.01000	Loss 0.3987 (0.4354)	Prec@1 85.156 (85.647)	Prec@5 100.000 (99.526)
Epoch: [24][380/391], lr: 0.01000	Loss 0.4330 (0.4346)	Prec@1 84.375 (85.679)	Prec@5 99.219 (99.526)
Epoch: [24][390/391], lr: 0.01000	Loss 0.4613 (0.4334)	Prec@1 85.000 (85.720)	Prec@5 100.000 (99.520)
Epoch [24] Training Results: Prec@1 85.720 Prec@5 99.520             Loss 0.43341
Epoch [24] Training Class Recall: [0.739,0.830,0.752,0.799,0.855,0.881,0.924,0.912,0.941,0.940]

Epoch: [25][0/391], lr: 0.01000	Loss 0.4086 (0.4086)	Prec@1 84.375 (84.375)	Prec@5 100.000 (100.000)
Epoch: [25][10/391], lr: 0.01000	Loss 0.4171 (0.4391)	Prec@1 85.938 (85.582)	Prec@5 99.219 (99.503)
Epoch: [25][20/391], lr: 0.01000	Loss 0.3179 (0.4162)	Prec@1 90.625 (85.863)	Prec@5 99.219 (99.554)
Epoch: [25][30/391], lr: 0.01000	Loss 0.5258 (0.4151)	Prec@1 80.469 (85.938)	Prec@5 99.219 (99.572)
Epoch: [25][40/391], lr: 0.01000	Loss 0.4991 (0.4169)	Prec@1 81.250 (86.033)	Prec@5 100.000 (99.619)
Epoch: [25][50/391], lr: 0.01000	Loss 0.4367 (0.4176)	Prec@1 86.719 (85.830)	Prec@5 98.438 (99.617)
Epoch: [25][60/391], lr: 0.01000	Loss 0.4098 (0.4184)	Prec@1 84.375 (85.720)	Prec@5 100.000 (99.680)
Epoch: [25][70/391], lr: 0.01000	Loss 0.3925 (0.4142)	Prec@1 85.156 (85.871)	Prec@5 100.000 (99.692)
Epoch: [25][80/391], lr: 0.01000	Loss 0.4236 (0.4133)	Prec@1 85.938 (85.928)	Prec@5 100.000 (99.711)
Epoch: [25][90/391], lr: 0.01000	Loss 0.4826 (0.4165)	Prec@1 84.375 (85.809)	Prec@5 99.219 (99.691)
Epoch: [25][100/391], lr: 0.01000	Loss 0.5130 (0.4168)	Prec@1 83.594 (85.845)	Prec@5 98.438 (99.660)
Epoch: [25][110/391], lr: 0.01000	Loss 0.4084 (0.4206)	Prec@1 83.594 (85.783)	Prec@5 100.000 (99.648)
Epoch: [25][120/391], lr: 0.01000	Loss 0.3733 (0.4243)	Prec@1 85.938 (85.595)	Prec@5 100.000 (99.632)
Epoch: [25][130/391], lr: 0.01000	Loss 0.4106 (0.4209)	Prec@1 86.719 (85.765)	Prec@5 100.000 (99.618)
Epoch: [25][140/391], lr: 0.01000	Loss 0.4562 (0.4194)	Prec@1 82.031 (85.843)	Prec@5 99.219 (99.612)
Epoch: [25][150/391], lr: 0.01000	Loss 0.5134 (0.4223)	Prec@1 85.156 (85.715)	Prec@5 100.000 (99.596)
Epoch: [25][160/391], lr: 0.01000	Loss 0.3977 (0.4212)	Prec@1 89.844 (85.743)	Prec@5 100.000 (99.597)
Epoch: [25][170/391], lr: 0.01000	Loss 0.4646 (0.4235)	Prec@1 82.031 (85.718)	Prec@5 100.000 (99.589)
Epoch: [25][180/391], lr: 0.01000	Loss 0.3640 (0.4229)	Prec@1 87.500 (85.666)	Prec@5 100.000 (99.586)
Epoch: [25][190/391], lr: 0.01000	Loss 0.3084 (0.4248)	Prec@1 89.844 (85.692)	Prec@5 100.000 (99.566)
Epoch: [25][200/391], lr: 0.01000	Loss 0.4076 (0.4245)	Prec@1 85.938 (85.716)	Prec@5 99.219 (99.569)
Epoch: [25][210/391], lr: 0.01000	Loss 0.4163 (0.4241)	Prec@1 87.500 (85.712)	Prec@5 99.219 (99.571)
Epoch: [25][220/391], lr: 0.01000	Loss 0.4379 (0.4270)	Prec@1 89.062 (85.612)	Prec@5 99.219 (99.569)
Epoch: [25][230/391], lr: 0.01000	Loss 0.4608 (0.4282)	Prec@1 84.375 (85.576)	Prec@5 100.000 (99.570)
Epoch: [25][240/391], lr: 0.01000	Loss 0.3526 (0.4254)	Prec@1 89.062 (85.707)	Prec@5 99.219 (99.572)
Epoch: [25][250/391], lr: 0.01000	Loss 0.3558 (0.4253)	Prec@1 86.719 (85.713)	Prec@5 100.000 (99.561)
Epoch: [25][260/391], lr: 0.01000	Loss 0.4465 (0.4246)	Prec@1 81.250 (85.728)	Prec@5 99.219 (99.560)
Epoch: [25][270/391], lr: 0.01000	Loss 0.4822 (0.4255)	Prec@1 86.719 (85.750)	Prec@5 100.000 (99.547)
Epoch: [25][280/391], lr: 0.01000	Loss 0.3544 (0.4226)	Prec@1 86.719 (85.846)	Prec@5 100.000 (99.552)
Epoch: [25][290/391], lr: 0.01000	Loss 0.3273 (0.4212)	Prec@1 91.406 (85.905)	Prec@5 100.000 (99.560)
Epoch: [25][300/391], lr: 0.01000	Loss 0.3404 (0.4201)	Prec@1 90.625 (85.938)	Prec@5 99.219 (99.548)
Epoch: [25][310/391], lr: 0.01000	Loss 0.2660 (0.4189)	Prec@1 89.844 (85.988)	Prec@5 100.000 (99.548)
Epoch: [25][320/391], lr: 0.01000	Loss 0.5054 (0.4199)	Prec@1 83.594 (85.964)	Prec@5 100.000 (99.552)
Epoch: [25][330/391], lr: 0.01000	Loss 0.2975 (0.4195)	Prec@1 89.062 (85.966)	Prec@5 100.000 (99.556)
Epoch: [25][340/391], lr: 0.01000	Loss 0.4091 (0.4187)	Prec@1 89.062 (85.997)	Prec@5 99.219 (99.562)
Epoch: [25][350/391], lr: 0.01000	Loss 0.3732 (0.4179)	Prec@1 88.281 (86.031)	Prec@5 98.438 (99.564)
Epoch: [25][360/391], lr: 0.01000	Loss 0.3156 (0.4168)	Prec@1 89.062 (86.072)	Prec@5 99.219 (99.561)
Epoch: [25][370/391], lr: 0.01000	Loss 0.6371 (0.4169)	Prec@1 78.125 (86.011)	Prec@5 100.000 (99.570)
Epoch: [25][380/391], lr: 0.01000	Loss 0.3281 (0.4172)	Prec@1 89.844 (85.993)	Prec@5 99.219 (99.563)
Epoch: [25][390/391], lr: 0.01000	Loss 0.4511 (0.4169)	Prec@1 81.250 (86.024)	Prec@5 100.000 (99.554)
Epoch [25] Training Results: Prec@1 86.024 Prec@5 99.554             Loss 0.41688
Epoch [25] Training Class Recall: [0.743,0.831,0.761,0.806,0.855,0.879,0.917,0.922,0.940,0.948]

Epoch: [26][0/391], lr: 0.01000	Loss 0.3670 (0.3670)	Prec@1 87.500 (87.500)	Prec@5 100.000 (100.000)
Epoch: [26][10/391], lr: 0.01000	Loss 0.4230 (0.3968)	Prec@1 84.375 (87.287)	Prec@5 100.000 (99.503)
Epoch: [26][20/391], lr: 0.01000	Loss 0.4059 (0.4008)	Prec@1 88.281 (86.719)	Prec@5 99.219 (99.479)
Epoch: [26][30/391], lr: 0.01000	Loss 0.3728 (0.4103)	Prec@1 85.156 (86.341)	Prec@5 99.219 (99.446)
Epoch: [26][40/391], lr: 0.01000	Loss 0.4329 (0.4088)	Prec@1 86.719 (86.566)	Prec@5 99.219 (99.447)
Epoch: [26][50/391], lr: 0.01000	Loss 0.3583 (0.4032)	Prec@1 91.406 (86.765)	Prec@5 99.219 (99.464)
Epoch: [26][60/391], lr: 0.01000	Loss 0.4015 (0.4044)	Prec@1 85.156 (86.603)	Prec@5 100.000 (99.501)
Epoch: [26][70/391], lr: 0.01000	Loss 0.4909 (0.4116)	Prec@1 82.031 (86.378)	Prec@5 99.219 (99.538)
Epoch: [26][80/391], lr: 0.01000	Loss 0.4821 (0.4129)	Prec@1 79.688 (86.285)	Prec@5 100.000 (99.566)
Epoch: [26][90/391], lr: 0.01000	Loss 0.5979 (0.4187)	Prec@1 81.250 (86.015)	Prec@5 98.438 (99.571)
Epoch: [26][100/391], lr: 0.01000	Loss 0.4437 (0.4205)	Prec@1 85.938 (86.015)	Prec@5 99.219 (99.559)
Epoch: [26][110/391], lr: 0.01000	Loss 0.3723 (0.4193)	Prec@1 90.625 (86.036)	Prec@5 99.219 (99.585)
Epoch: [26][120/391], lr: 0.01000	Loss 0.2911 (0.4155)	Prec@1 88.281 (86.151)	Prec@5 100.000 (99.593)
Epoch: [26][130/391], lr: 0.01000	Loss 0.3634 (0.4128)	Prec@1 87.500 (86.182)	Prec@5 100.000 (99.600)
Epoch: [26][140/391], lr: 0.01000	Loss 0.4314 (0.4113)	Prec@1 83.594 (86.187)	Prec@5 100.000 (99.596)
Epoch: [26][150/391], lr: 0.01000	Loss 0.4487 (0.4112)	Prec@1 83.594 (86.207)	Prec@5 99.219 (99.596)
Epoch: [26][160/391], lr: 0.01000	Loss 0.3089 (0.4115)	Prec@1 89.844 (86.243)	Prec@5 100.000 (99.607)
Epoch: [26][170/391], lr: 0.01000	Loss 0.6036 (0.4131)	Prec@1 80.469 (86.180)	Prec@5 100.000 (99.616)
Epoch: [26][180/391], lr: 0.01000	Loss 0.4119 (0.4158)	Prec@1 85.938 (86.127)	Prec@5 100.000 (99.607)
Epoch: [26][190/391], lr: 0.01000	Loss 0.4405 (0.4164)	Prec@1 84.375 (86.077)	Prec@5 100.000 (99.611)
Epoch: [26][200/391], lr: 0.01000	Loss 0.4614 (0.4164)	Prec@1 84.375 (86.112)	Prec@5 100.000 (99.607)
Epoch: [26][210/391], lr: 0.01000	Loss 0.4833 (0.4176)	Prec@1 85.938 (86.089)	Prec@5 100.000 (99.619)
Epoch: [26][220/391], lr: 0.01000	Loss 0.3319 (0.4172)	Prec@1 89.062 (86.114)	Prec@5 99.219 (99.629)
Epoch: [26][230/391], lr: 0.01000	Loss 0.3638 (0.4161)	Prec@1 90.625 (86.134)	Prec@5 100.000 (99.621)
Epoch: [26][240/391], lr: 0.01000	Loss 0.3804 (0.4164)	Prec@1 88.281 (86.155)	Prec@5 100.000 (99.630)
Epoch: [26][250/391], lr: 0.01000	Loss 0.3457 (0.4162)	Prec@1 86.719 (86.155)	Prec@5 99.219 (99.620)
Epoch: [26][260/391], lr: 0.01000	Loss 0.4889 (0.4152)	Prec@1 85.938 (86.171)	Prec@5 100.000 (99.623)
Epoch: [26][270/391], lr: 0.01000	Loss 0.4538 (0.4146)	Prec@1 85.938 (86.183)	Prec@5 99.219 (99.625)
Epoch: [26][280/391], lr: 0.01000	Loss 0.3029 (0.4133)	Prec@1 89.844 (86.246)	Prec@5 99.219 (99.616)
Epoch: [26][290/391], lr: 0.01000	Loss 0.3263 (0.4129)	Prec@1 85.938 (86.252)	Prec@5 100.000 (99.611)
Epoch: [26][300/391], lr: 0.01000	Loss 0.4740 (0.4144)	Prec@1 84.375 (86.210)	Prec@5 99.219 (99.605)
Epoch: [26][310/391], lr: 0.01000	Loss 0.2758 (0.4132)	Prec@1 92.188 (86.252)	Prec@5 100.000 (99.611)
Epoch: [26][320/391], lr: 0.01000	Loss 0.3707 (0.4138)	Prec@1 89.062 (86.195)	Prec@5 98.438 (99.608)
Epoch: [26][330/391], lr: 0.01000	Loss 0.3556 (0.4131)	Prec@1 89.844 (86.228)	Prec@5 100.000 (99.611)
Epoch: [26][340/391], lr: 0.01000	Loss 0.4592 (0.4119)	Prec@1 83.594 (86.267)	Prec@5 99.219 (99.608)
Epoch: [26][350/391], lr: 0.01000	Loss 0.3489 (0.4124)	Prec@1 88.281 (86.262)	Prec@5 100.000 (99.602)
Epoch: [26][360/391], lr: 0.01000	Loss 0.6409 (0.4142)	Prec@1 81.250 (86.206)	Prec@5 99.219 (99.591)
Epoch: [26][370/391], lr: 0.01000	Loss 0.4953 (0.4142)	Prec@1 83.594 (86.209)	Prec@5 98.438 (99.591)
Epoch: [26][380/391], lr: 0.01000	Loss 0.3477 (0.4144)	Prec@1 87.500 (86.188)	Prec@5 100.000 (99.592)
Epoch: [26][390/391], lr: 0.01000	Loss 0.4389 (0.4153)	Prec@1 85.000 (86.170)	Prec@5 100.000 (99.594)
Epoch [26] Training Results: Prec@1 86.170 Prec@5 99.594             Loss 0.41531
Epoch [26] Training Class Recall: [0.745,0.832,0.761,0.812,0.866,0.884,0.920,0.920,0.939,0.939]

Epoch: [27][0/391], lr: 0.01000	Loss 0.3097 (0.3097)	Prec@1 89.062 (89.062)	Prec@5 100.000 (100.000)
Epoch: [27][10/391], lr: 0.01000	Loss 0.4137 (0.4162)	Prec@1 88.281 (86.222)	Prec@5 100.000 (99.645)
Epoch: [27][20/391], lr: 0.01000	Loss 0.3834 (0.4091)	Prec@1 86.719 (86.161)	Prec@5 100.000 (99.665)
Epoch: [27][30/391], lr: 0.01000	Loss 0.3945 (0.4060)	Prec@1 87.500 (86.341)	Prec@5 100.000 (99.572)
Epoch: [27][40/391], lr: 0.01000	Loss 0.2508 (0.3905)	Prec@1 94.531 (87.119)	Prec@5 100.000 (99.600)
Epoch: [27][50/391], lr: 0.01000	Loss 0.3986 (0.3831)	Prec@1 90.625 (87.362)	Prec@5 100.000 (99.632)
Epoch: [27][60/391], lr: 0.01000	Loss 0.4548 (0.3794)	Prec@1 85.156 (87.436)	Prec@5 100.000 (99.693)
Epoch: [27][70/391], lr: 0.01000	Loss 0.4385 (0.3855)	Prec@1 82.812 (87.104)	Prec@5 100.000 (99.703)
Epoch: [27][80/391], lr: 0.01000	Loss 0.4946 (0.3880)	Prec@1 84.375 (86.960)	Prec@5 99.219 (99.691)
Epoch: [27][90/391], lr: 0.01000	Loss 0.3995 (0.3935)	Prec@1 86.719 (86.796)	Prec@5 100.000 (99.691)
Epoch: [27][100/391], lr: 0.01000	Loss 0.4467 (0.3913)	Prec@1 82.031 (86.843)	Prec@5 99.219 (99.698)
Epoch: [27][110/391], lr: 0.01000	Loss 0.4077 (0.3909)	Prec@1 81.250 (86.803)	Prec@5 100.000 (99.697)
Epoch: [27][120/391], lr: 0.01000	Loss 0.5019 (0.3931)	Prec@1 81.250 (86.719)	Prec@5 99.219 (99.703)
Epoch: [27][130/391], lr: 0.01000	Loss 0.3239 (0.3934)	Prec@1 86.719 (86.713)	Prec@5 100.000 (99.714)
Epoch: [27][140/391], lr: 0.01000	Loss 0.5375 (0.3934)	Prec@1 82.812 (86.658)	Prec@5 97.656 (99.684)
Epoch: [27][150/391], lr: 0.01000	Loss 0.3123 (0.3932)	Prec@1 87.500 (86.688)	Prec@5 100.000 (99.684)
Epoch: [27][160/391], lr: 0.01000	Loss 0.4291 (0.3952)	Prec@1 85.156 (86.631)	Prec@5 99.219 (99.685)
Epoch: [27][170/391], lr: 0.01000	Loss 0.5578 (0.3979)	Prec@1 80.469 (86.568)	Prec@5 99.219 (99.680)
Epoch: [27][180/391], lr: 0.01000	Loss 0.4058 (0.4025)	Prec@1 85.156 (86.430)	Prec@5 100.000 (99.681)
Epoch: [27][190/391], lr: 0.01000	Loss 0.6487 (0.4081)	Prec@1 78.906 (86.232)	Prec@5 98.438 (99.656)
Epoch: [27][200/391], lr: 0.01000	Loss 0.3850 (0.4091)	Prec@1 85.938 (86.206)	Prec@5 100.000 (99.650)
Epoch: [27][210/391], lr: 0.01000	Loss 0.6843 (0.4084)	Prec@1 78.906 (86.245)	Prec@5 98.438 (99.641)
Epoch: [27][220/391], lr: 0.01000	Loss 0.2937 (0.4069)	Prec@1 92.969 (86.305)	Prec@5 100.000 (99.636)
Epoch: [27][230/391], lr: 0.01000	Loss 0.5714 (0.4074)	Prec@1 81.250 (86.276)	Prec@5 99.219 (99.638)
Epoch: [27][240/391], lr: 0.01000	Loss 0.3699 (0.4085)	Prec@1 89.062 (86.278)	Prec@5 99.219 (99.627)
Epoch: [27][250/391], lr: 0.01000	Loss 0.4020 (0.4103)	Prec@1 87.500 (86.196)	Prec@5 99.219 (99.623)
Epoch: [27][260/391], lr: 0.01000	Loss 0.5511 (0.4103)	Prec@1 83.594 (86.216)	Prec@5 100.000 (99.626)
Epoch: [27][270/391], lr: 0.01000	Loss 0.3377 (0.4114)	Prec@1 91.406 (86.226)	Prec@5 98.438 (99.625)
Epoch: [27][280/391], lr: 0.01000	Loss 0.3644 (0.4107)	Prec@1 86.719 (86.249)	Prec@5 100.000 (99.625)
Epoch: [27][290/391], lr: 0.01000	Loss 0.4042 (0.4115)	Prec@1 86.719 (86.230)	Prec@5 100.000 (99.624)
Epoch: [27][300/391], lr: 0.01000	Loss 0.5785 (0.4110)	Prec@1 80.469 (86.283)	Prec@5 100.000 (99.624)
Epoch: [27][310/391], lr: 0.01000	Loss 0.3804 (0.4100)	Prec@1 87.500 (86.334)	Prec@5 99.219 (99.621)
Epoch: [27][320/391], lr: 0.01000	Loss 0.2660 (0.4104)	Prec@1 91.406 (86.315)	Prec@5 100.000 (99.623)
Epoch: [27][330/391], lr: 0.01000	Loss 0.5100 (0.4094)	Prec@1 82.812 (86.351)	Prec@5 100.000 (99.627)
Epoch: [27][340/391], lr: 0.01000	Loss 0.4201 (0.4079)	Prec@1 88.281 (86.384)	Prec@5 100.000 (99.629)
Epoch: [27][350/391], lr: 0.01000	Loss 0.4381 (0.4071)	Prec@1 87.500 (86.400)	Prec@5 99.219 (99.633)
Epoch: [27][360/391], lr: 0.01000	Loss 0.3062 (0.4062)	Prec@1 89.062 (86.437)	Prec@5 100.000 (99.636)
Epoch: [27][370/391], lr: 0.01000	Loss 0.3467 (0.4051)	Prec@1 89.062 (86.468)	Prec@5 100.000 (99.636)
Epoch: [27][380/391], lr: 0.01000	Loss 0.4078 (0.4053)	Prec@1 85.156 (86.450)	Prec@5 99.219 (99.635)
Epoch: [27][390/391], lr: 0.01000	Loss 0.4752 (0.4059)	Prec@1 87.500 (86.436)	Prec@5 100.000 (99.634)
Epoch [27] Training Results: Prec@1 86.436 Prec@5 99.634             Loss 0.40589
Epoch [27] Training Class Recall: [0.740,0.838,0.762,0.815,0.861,0.894,0.923,0.928,0.940,0.944]

Epoch: [28][0/391], lr: 0.01000	Loss 0.3859 (0.3859)	Prec@1 88.281 (88.281)	Prec@5 100.000 (100.000)
Epoch: [28][10/391], lr: 0.01000	Loss 0.4110 (0.3927)	Prec@1 85.156 (87.571)	Prec@5 100.000 (99.645)
Epoch: [28][20/391], lr: 0.01000	Loss 0.5427 (0.3832)	Prec@1 85.156 (87.388)	Prec@5 100.000 (99.702)
Epoch: [28][30/391], lr: 0.01000	Loss 0.3484 (0.3982)	Prec@1 87.500 (86.971)	Prec@5 100.000 (99.572)
Epoch: [28][40/391], lr: 0.01000	Loss 0.4382 (0.3956)	Prec@1 90.625 (87.024)	Prec@5 99.219 (99.600)
Epoch: [28][50/391], lr: 0.01000	Loss 0.3745 (0.4005)	Prec@1 86.719 (86.642)	Prec@5 98.438 (99.571)
Epoch: [28][60/391], lr: 0.01000	Loss 0.3752 (0.3969)	Prec@1 89.844 (86.757)	Prec@5 100.000 (99.616)
Epoch: [28][70/391], lr: 0.01000	Loss 0.3724 (0.3937)	Prec@1 84.375 (86.774)	Prec@5 100.000 (99.626)
Epoch: [28][80/391], lr: 0.01000	Loss 0.2644 (0.3949)	Prec@1 92.969 (86.757)	Prec@5 100.000 (99.653)
Epoch: [28][90/391], lr: 0.01000	Loss 0.2791 (0.3903)	Prec@1 90.625 (86.873)	Prec@5 100.000 (99.691)
Epoch: [28][100/391], lr: 0.01000	Loss 0.3377 (0.3917)	Prec@1 85.938 (86.827)	Prec@5 100.000 (99.683)
Epoch: [28][110/391], lr: 0.01000	Loss 0.3872 (0.3909)	Prec@1 91.406 (86.951)	Prec@5 99.219 (99.669)
Epoch: [28][120/391], lr: 0.01000	Loss 0.5082 (0.3957)	Prec@1 79.688 (86.803)	Prec@5 99.219 (99.651)
Epoch: [28][130/391], lr: 0.01000	Loss 0.4220 (0.3949)	Prec@1 85.938 (86.772)	Prec@5 99.219 (99.636)
Epoch: [28][140/391], lr: 0.01000	Loss 0.3329 (0.3945)	Prec@1 89.062 (86.841)	Prec@5 100.000 (99.634)
Epoch: [28][150/391], lr: 0.01000	Loss 0.5838 (0.3981)	Prec@1 81.250 (86.729)	Prec@5 99.219 (99.627)
Epoch: [28][160/391], lr: 0.01000	Loss 0.3651 (0.3988)	Prec@1 89.844 (86.714)	Prec@5 100.000 (99.612)
Epoch: [28][170/391], lr: 0.01000	Loss 0.3518 (0.3992)	Prec@1 87.500 (86.710)	Prec@5 99.219 (99.603)
Epoch: [28][180/391], lr: 0.01000	Loss 0.4888 (0.4013)	Prec@1 82.812 (86.628)	Prec@5 99.219 (99.603)
Epoch: [28][190/391], lr: 0.01000	Loss 0.3761 (0.4037)	Prec@1 83.594 (86.555)	Prec@5 100.000 (99.599)
Epoch: [28][200/391], lr: 0.01000	Loss 0.4164 (0.4056)	Prec@1 88.281 (86.493)	Prec@5 99.219 (99.592)
Epoch: [28][210/391], lr: 0.01000	Loss 0.4501 (0.4060)	Prec@1 83.594 (86.482)	Prec@5 100.000 (99.596)
Epoch: [28][220/391], lr: 0.01000	Loss 0.4851 (0.4054)	Prec@1 83.594 (86.457)	Prec@5 99.219 (99.608)
Epoch: [28][230/391], lr: 0.01000	Loss 0.4473 (0.4060)	Prec@1 83.594 (86.452)	Prec@5 100.000 (99.621)
Epoch: [28][240/391], lr: 0.01000	Loss 0.4506 (0.4054)	Prec@1 83.594 (86.466)	Prec@5 100.000 (99.614)
Epoch: [28][250/391], lr: 0.01000	Loss 0.2967 (0.4043)	Prec@1 91.406 (86.460)	Prec@5 99.219 (99.611)
Epoch: [28][260/391], lr: 0.01000	Loss 0.6096 (0.4038)	Prec@1 84.375 (86.485)	Prec@5 99.219 (99.605)
Epoch: [28][270/391], lr: 0.01000	Loss 0.4007 (0.4028)	Prec@1 86.719 (86.557)	Prec@5 99.219 (99.611)
Epoch: [28][280/391], lr: 0.01000	Loss 0.4573 (0.4036)	Prec@1 85.156 (86.546)	Prec@5 100.000 (99.608)
Epoch: [28][290/391], lr: 0.01000	Loss 0.5151 (0.4047)	Prec@1 81.250 (86.509)	Prec@5 97.656 (99.600)
Epoch: [28][300/391], lr: 0.01000	Loss 0.3834 (0.4045)	Prec@1 86.719 (86.553)	Prec@5 100.000 (99.603)
Epoch: [28][310/391], lr: 0.01000	Loss 0.3772 (0.4047)	Prec@1 86.719 (86.563)	Prec@5 98.438 (99.591)
Epoch: [28][320/391], lr: 0.01000	Loss 0.4305 (0.4052)	Prec@1 84.375 (86.502)	Prec@5 100.000 (99.589)
Epoch: [28][330/391], lr: 0.01000	Loss 0.4184 (0.4047)	Prec@1 86.719 (86.525)	Prec@5 99.219 (99.587)
Epoch: [28][340/391], lr: 0.01000	Loss 0.3584 (0.4046)	Prec@1 91.406 (86.497)	Prec@5 98.438 (99.588)
Epoch: [28][350/391], lr: 0.01000	Loss 0.2835 (0.4050)	Prec@1 90.625 (86.485)	Prec@5 100.000 (99.588)
Epoch: [28][360/391], lr: 0.01000	Loss 0.5084 (0.4052)	Prec@1 82.812 (86.502)	Prec@5 100.000 (99.591)
Epoch: [28][370/391], lr: 0.01000	Loss 0.4833 (0.4059)	Prec@1 84.375 (86.474)	Prec@5 100.000 (99.598)
Epoch: [28][380/391], lr: 0.01000	Loss 0.3727 (0.4072)	Prec@1 87.500 (86.448)	Prec@5 99.219 (99.590)
Epoch: [28][390/391], lr: 0.01000	Loss 0.3177 (0.4077)	Prec@1 86.250 (86.394)	Prec@5 100.000 (99.598)
Epoch [28] Training Results: Prec@1 86.394 Prec@5 99.598             Loss 0.40770
Epoch [28] Training Class Recall: [0.748,0.837,0.768,0.811,0.870,0.885,0.920,0.918,0.941,0.941]

Epoch: [29][0/391], lr: 0.01000	Loss 0.4239 (0.4239)	Prec@1 85.938 (85.938)	Prec@5 100.000 (100.000)
Epoch: [29][10/391], lr: 0.01000	Loss 0.4719 (0.4535)	Prec@1 83.594 (84.943)	Prec@5 99.219 (99.645)
Epoch: [29][20/391], lr: 0.01000	Loss 0.3673 (0.4179)	Prec@1 87.500 (86.086)	Prec@5 100.000 (99.628)
Epoch: [29][30/391], lr: 0.01000	Loss 0.3474 (0.4085)	Prec@1 89.844 (86.038)	Prec@5 100.000 (99.597)
Epoch: [29][40/391], lr: 0.01000	Loss 0.4200 (0.3998)	Prec@1 85.156 (86.681)	Prec@5 99.219 (99.543)
Epoch: [29][50/391], lr: 0.01000	Loss 0.3194 (0.3884)	Prec@1 87.500 (86.918)	Prec@5 100.000 (99.602)
Epoch: [29][60/391], lr: 0.01000	Loss 0.4441 (0.3882)	Prec@1 85.156 (86.924)	Prec@5 98.438 (99.590)
Epoch: [29][70/391], lr: 0.01000	Loss 0.3496 (0.3873)	Prec@1 86.719 (86.928)	Prec@5 100.000 (99.593)
Epoch: [29][80/391], lr: 0.01000	Loss 0.3880 (0.3885)	Prec@1 89.062 (86.989)	Prec@5 99.219 (99.556)
Epoch: [29][90/391], lr: 0.01000	Loss 0.4339 (0.3880)	Prec@1 86.719 (87.045)	Prec@5 99.219 (99.554)
Epoch: [29][100/391], lr: 0.01000	Loss 0.4007 (0.3925)	Prec@1 85.938 (86.850)	Prec@5 100.000 (99.520)
Epoch: [29][110/391], lr: 0.01000	Loss 0.4285 (0.3915)	Prec@1 85.938 (86.888)	Prec@5 99.219 (99.535)
Epoch: [29][120/391], lr: 0.01000	Loss 0.3496 (0.3891)	Prec@1 89.844 (86.964)	Prec@5 100.000 (99.567)
Epoch: [29][130/391], lr: 0.01000	Loss 0.5117 (0.3888)	Prec@1 83.594 (86.975)	Prec@5 99.219 (99.577)
Epoch: [29][140/391], lr: 0.01000	Loss 0.5159 (0.3891)	Prec@1 83.594 (86.935)	Prec@5 97.656 (99.551)
Epoch: [29][150/391], lr: 0.01000	Loss 0.4058 (0.3893)	Prec@1 84.375 (86.926)	Prec@5 100.000 (99.555)
Epoch: [29][160/391], lr: 0.01000	Loss 0.3492 (0.3860)	Prec@1 89.062 (86.990)	Prec@5 100.000 (99.558)
Epoch: [29][170/391], lr: 0.01000	Loss 0.3563 (0.3858)	Prec@1 87.500 (87.011)	Prec@5 99.219 (99.561)
Epoch: [29][180/391], lr: 0.01000	Loss 0.4520 (0.3854)	Prec@1 82.812 (87.038)	Prec@5 99.219 (99.573)
Epoch: [29][190/391], lr: 0.01000	Loss 0.4314 (0.3858)	Prec@1 87.500 (87.066)	Prec@5 100.000 (99.571)
Epoch: [29][200/391], lr: 0.01000	Loss 0.4668 (0.3881)	Prec@1 84.375 (87.026)	Prec@5 99.219 (99.565)
Epoch: [29][210/391], lr: 0.01000	Loss 0.3551 (0.3864)	Prec@1 89.062 (87.085)	Prec@5 99.219 (99.571)
Epoch: [29][220/391], lr: 0.01000	Loss 0.2785 (0.3869)	Prec@1 89.844 (87.104)	Prec@5 100.000 (99.569)
Epoch: [29][230/391], lr: 0.01000	Loss 0.3522 (0.3854)	Prec@1 87.500 (87.142)	Prec@5 100.000 (99.567)
Epoch: [29][240/391], lr: 0.01000	Loss 0.3660 (0.3863)	Prec@1 88.281 (87.085)	Prec@5 100.000 (99.566)
Epoch: [29][250/391], lr: 0.01000	Loss 0.3821 (0.3884)	Prec@1 85.156 (87.014)	Prec@5 99.219 (99.564)
Epoch: [29][260/391], lr: 0.01000	Loss 0.4887 (0.3908)	Prec@1 82.812 (86.892)	Prec@5 99.219 (99.566)
Epoch: [29][270/391], lr: 0.01000	Loss 0.3757 (0.3919)	Prec@1 86.719 (86.857)	Prec@5 100.000 (99.573)
Epoch: [29][280/391], lr: 0.01000	Loss 0.2994 (0.3918)	Prec@1 87.500 (86.861)	Prec@5 100.000 (99.566)
Epoch: [29][290/391], lr: 0.01000	Loss 0.4951 (0.3925)	Prec@1 83.594 (86.869)	Prec@5 97.656 (99.560)
Epoch: [29][300/391], lr: 0.01000	Loss 0.4375 (0.3930)	Prec@1 84.375 (86.836)	Prec@5 100.000 (99.559)
Epoch: [29][310/391], lr: 0.01000	Loss 0.5163 (0.3932)	Prec@1 84.375 (86.827)	Prec@5 100.000 (99.565)
Epoch: [29][320/391], lr: 0.01000	Loss 0.4052 (0.3944)	Prec@1 83.594 (86.797)	Prec@5 100.000 (99.559)
Epoch: [29][330/391], lr: 0.01000	Loss 0.5384 (0.3942)	Prec@1 82.812 (86.804)	Prec@5 99.219 (99.561)
Epoch: [29][340/391], lr: 0.01000	Loss 0.4032 (0.3939)	Prec@1 89.062 (86.815)	Prec@5 98.438 (99.558)
Epoch: [29][350/391], lr: 0.01000	Loss 0.4253 (0.3949)	Prec@1 85.156 (86.774)	Prec@5 98.438 (99.548)
Epoch: [29][360/391], lr: 0.01000	Loss 0.4366 (0.3965)	Prec@1 85.156 (86.723)	Prec@5 99.219 (99.550)
Epoch: [29][370/391], lr: 0.01000	Loss 0.4505 (0.3965)	Prec@1 85.156 (86.700)	Prec@5 100.000 (99.560)
Epoch: [29][380/391], lr: 0.01000	Loss 0.3910 (0.3965)	Prec@1 86.719 (86.690)	Prec@5 100.000 (99.567)
Epoch: [29][390/391], lr: 0.01000	Loss 0.5032 (0.3956)	Prec@1 80.000 (86.728)	Prec@5 100.000 (99.572)
Epoch [29] Training Results: Prec@1 86.728 Prec@5 99.572             Loss 0.39559
Epoch [29] Training Class Recall: [0.753,0.838,0.776,0.818,0.863,0.884,0.928,0.922,0.946,0.947]

Epoch: [30][0/391], lr: 0.01000	Loss 0.3247 (0.3247)	Prec@1 90.625 (90.625)	Prec@5 99.219 (99.219)
Epoch: [30][10/391], lr: 0.01000	Loss 0.4853 (0.3516)	Prec@1 81.250 (87.571)	Prec@5 98.438 (99.645)
Epoch: [30][20/391], lr: 0.01000	Loss 0.3066 (0.3526)	Prec@1 89.844 (87.612)	Prec@5 99.219 (99.665)
Epoch: [30][30/391], lr: 0.01000	Loss 0.4106 (0.3672)	Prec@1 88.281 (87.374)	Prec@5 99.219 (99.647)
Epoch: [30][40/391], lr: 0.01000	Loss 0.3134 (0.3646)	Prec@1 89.062 (87.595)	Prec@5 100.000 (99.638)
Epoch: [30][50/391], lr: 0.01000	Loss 0.4015 (0.3769)	Prec@1 83.594 (87.025)	Prec@5 100.000 (99.678)
Epoch: [30][60/391], lr: 0.01000	Loss 0.4812 (0.3875)	Prec@1 80.469 (86.757)	Prec@5 99.219 (99.641)
Epoch: [30][70/391], lr: 0.01000	Loss 0.4376 (0.3850)	Prec@1 83.594 (86.884)	Prec@5 100.000 (99.648)
Epoch: [30][80/391], lr: 0.01000	Loss 0.5061 (0.3832)	Prec@1 80.469 (86.902)	Prec@5 100.000 (99.624)
Epoch: [30][90/391], lr: 0.01000	Loss 0.4316 (0.3815)	Prec@1 85.938 (87.045)	Prec@5 99.219 (99.648)
Epoch: [30][100/391], lr: 0.01000	Loss 0.3609 (0.3792)	Prec@1 85.938 (87.106)	Prec@5 100.000 (99.683)
Epoch: [30][110/391], lr: 0.01000	Loss 0.3537 (0.3801)	Prec@1 87.500 (87.169)	Prec@5 100.000 (99.704)
Epoch: [30][120/391], lr: 0.01000	Loss 0.4604 (0.3829)	Prec@1 85.156 (87.106)	Prec@5 99.219 (99.716)
Epoch: [30][130/391], lr: 0.01000	Loss 0.3569 (0.3831)	Prec@1 87.500 (87.065)	Prec@5 100.000 (99.720)
Epoch: [30][140/391], lr: 0.01000	Loss 0.3562 (0.3852)	Prec@1 88.281 (87.007)	Prec@5 99.219 (99.706)
Epoch: [30][150/391], lr: 0.01000	Loss 0.5797 (0.3850)	Prec@1 80.469 (86.983)	Prec@5 100.000 (99.710)
Epoch: [30][160/391], lr: 0.01000	Loss 0.3619 (0.3862)	Prec@1 86.719 (86.908)	Prec@5 99.219 (99.719)
Epoch: [30][170/391], lr: 0.01000	Loss 0.3497 (0.3866)	Prec@1 90.625 (86.915)	Prec@5 100.000 (99.698)
Epoch: [30][180/391], lr: 0.01000	Loss 0.3389 (0.3898)	Prec@1 87.500 (86.848)	Prec@5 100.000 (99.685)
Epoch: [30][190/391], lr: 0.01000	Loss 0.6921 (0.3919)	Prec@1 80.469 (86.862)	Prec@5 97.656 (99.669)
Epoch: [30][200/391], lr: 0.01000	Loss 0.4546 (0.3921)	Prec@1 86.719 (86.882)	Prec@5 100.000 (99.670)
Epoch: [30][210/391], lr: 0.01000	Loss 0.2790 (0.3908)	Prec@1 88.281 (86.926)	Prec@5 100.000 (99.674)
Epoch: [30][220/391], lr: 0.01000	Loss 0.3841 (0.3905)	Prec@1 89.062 (86.927)	Prec@5 98.438 (99.671)
Epoch: [30][230/391], lr: 0.01000	Loss 0.3445 (0.3905)	Prec@1 89.844 (86.945)	Prec@5 98.438 (99.655)
Epoch: [30][240/391], lr: 0.01000	Loss 0.2807 (0.3889)	Prec@1 89.062 (87.036)	Prec@5 100.000 (99.653)
Epoch: [30][250/391], lr: 0.01000	Loss 0.2314 (0.3873)	Prec@1 91.406 (87.139)	Prec@5 100.000 (99.651)
Epoch: [30][260/391], lr: 0.01000	Loss 0.2609 (0.3854)	Prec@1 90.625 (87.198)	Prec@5 100.000 (99.647)
Epoch: [30][270/391], lr: 0.01000	Loss 0.2780 (0.3847)	Prec@1 88.281 (87.180)	Prec@5 99.219 (99.651)
Epoch: [30][280/391], lr: 0.01000	Loss 0.4967 (0.3851)	Prec@1 81.250 (87.150)	Prec@5 99.219 (99.647)
Epoch: [30][290/391], lr: 0.01000	Loss 0.3186 (0.3839)	Prec@1 89.844 (87.199)	Prec@5 100.000 (99.646)
Epoch: [30][300/391], lr: 0.01000	Loss 0.5257 (0.3843)	Prec@1 79.688 (87.199)	Prec@5 100.000 (99.650)
Epoch: [30][310/391], lr: 0.01000	Loss 0.2943 (0.3825)	Prec@1 91.406 (87.236)	Prec@5 100.000 (99.658)
Epoch: [30][320/391], lr: 0.01000	Loss 0.3861 (0.3820)	Prec@1 86.719 (87.271)	Prec@5 100.000 (99.662)
Epoch: [30][330/391], lr: 0.01000	Loss 0.4802 (0.3821)	Prec@1 83.594 (87.290)	Prec@5 99.219 (99.658)
Epoch: [30][340/391], lr: 0.01000	Loss 0.3541 (0.3836)	Prec@1 89.062 (87.278)	Prec@5 100.000 (99.649)
Epoch: [30][350/391], lr: 0.01000	Loss 0.3606 (0.3838)	Prec@1 87.500 (87.244)	Prec@5 98.438 (99.642)
Epoch: [30][360/391], lr: 0.01000	Loss 0.3046 (0.3834)	Prec@1 92.188 (87.275)	Prec@5 99.219 (99.645)
Epoch: [30][370/391], lr: 0.01000	Loss 0.5152 (0.3843)	Prec@1 86.719 (87.241)	Prec@5 100.000 (99.646)
Epoch: [30][380/391], lr: 0.01000	Loss 0.3923 (0.3839)	Prec@1 92.188 (87.260)	Prec@5 100.000 (99.647)
Epoch: [30][390/391], lr: 0.01000	Loss 0.3042 (0.3843)	Prec@1 92.500 (87.248)	Prec@5 98.750 (99.650)
Epoch [30] Training Results: Prec@1 87.248 Prec@5 99.650             Loss 0.38430
Epoch [30] Training Class Recall: [0.756,0.846,0.777,0.825,0.878,0.892,0.929,0.931,0.938,0.952]

Epoch: [31][0/391], lr: 0.01000	Loss 0.2778 (0.2778)	Prec@1 92.188 (92.188)	Prec@5 100.000 (100.000)
Epoch: [31][10/391], lr: 0.01000	Loss 0.3209 (0.3386)	Prec@1 89.844 (88.139)	Prec@5 100.000 (99.645)
Epoch: [31][20/391], lr: 0.01000	Loss 0.3939 (0.3468)	Prec@1 89.062 (88.356)	Prec@5 100.000 (99.591)
Epoch: [31][30/391], lr: 0.01000	Loss 0.2705 (0.3451)	Prec@1 89.844 (88.105)	Prec@5 100.000 (99.672)
Epoch: [31][40/391], lr: 0.01000	Loss 0.4048 (0.3416)	Prec@1 85.938 (88.434)	Prec@5 100.000 (99.695)
Epoch: [31][50/391], lr: 0.01000	Loss 0.3989 (0.3434)	Prec@1 86.719 (88.511)	Prec@5 100.000 (99.678)
Epoch: [31][60/391], lr: 0.01000	Loss 0.3838 (0.3426)	Prec@1 89.062 (88.665)	Prec@5 100.000 (99.667)
Epoch: [31][70/391], lr: 0.01000	Loss 0.2565 (0.3459)	Prec@1 89.844 (88.424)	Prec@5 100.000 (99.659)
Epoch: [31][80/391], lr: 0.01000	Loss 0.2730 (0.3504)	Prec@1 88.281 (88.204)	Prec@5 100.000 (99.682)
Epoch: [31][90/391], lr: 0.01000	Loss 0.6294 (0.3619)	Prec@1 78.125 (87.886)	Prec@5 98.438 (99.648)
Epoch: [31][100/391], lr: 0.01000	Loss 0.3864 (0.3679)	Prec@1 87.500 (87.616)	Prec@5 98.438 (99.629)
Epoch: [31][110/391], lr: 0.01000	Loss 0.4425 (0.3712)	Prec@1 87.500 (87.549)	Prec@5 99.219 (99.655)
Epoch: [31][120/391], lr: 0.01000	Loss 0.3836 (0.3731)	Prec@1 88.281 (87.481)	Prec@5 99.219 (99.632)
Epoch: [31][130/391], lr: 0.01000	Loss 0.2802 (0.3759)	Prec@1 91.406 (87.399)	Prec@5 100.000 (99.630)
Epoch: [31][140/391], lr: 0.01000	Loss 0.4682 (0.3799)	Prec@1 87.500 (87.262)	Prec@5 99.219 (99.618)
Epoch: [31][150/391], lr: 0.01000	Loss 0.4159 (0.3847)	Prec@1 82.812 (87.045)	Prec@5 100.000 (99.617)
Epoch: [31][160/391], lr: 0.01000	Loss 0.4155 (0.3873)	Prec@1 87.500 (86.995)	Prec@5 100.000 (99.631)
Epoch: [31][170/391], lr: 0.01000	Loss 0.4032 (0.3879)	Prec@1 88.281 (86.984)	Prec@5 98.438 (99.607)
Epoch: [31][180/391], lr: 0.01000	Loss 0.5261 (0.3879)	Prec@1 82.031 (86.913)	Prec@5 98.438 (99.603)
Epoch: [31][190/391], lr: 0.01000	Loss 0.5295 (0.3882)	Prec@1 82.812 (86.940)	Prec@5 100.000 (99.603)
Epoch: [31][200/391], lr: 0.01000	Loss 0.3208 (0.3892)	Prec@1 91.406 (86.894)	Prec@5 100.000 (99.600)
Epoch: [31][210/391], lr: 0.01000	Loss 0.3888 (0.3886)	Prec@1 88.281 (86.919)	Prec@5 99.219 (99.600)
Epoch: [31][220/391], lr: 0.01000	Loss 0.3090 (0.3883)	Prec@1 91.406 (86.945)	Prec@5 100.000 (99.608)
Epoch: [31][230/391], lr: 0.01000	Loss 0.2921 (0.3891)	Prec@1 90.625 (86.955)	Prec@5 100.000 (99.601)
Epoch: [31][240/391], lr: 0.01000	Loss 0.3769 (0.3872)	Prec@1 88.281 (87.007)	Prec@5 100.000 (99.608)
Epoch: [31][250/391], lr: 0.01000	Loss 0.3231 (0.3856)	Prec@1 92.188 (87.052)	Prec@5 99.219 (99.602)
Epoch: [31][260/391], lr: 0.01000	Loss 0.4626 (0.3848)	Prec@1 89.062 (87.093)	Prec@5 100.000 (99.611)
Epoch: [31][270/391], lr: 0.01000	Loss 0.3115 (0.3843)	Prec@1 90.625 (87.125)	Prec@5 100.000 (99.614)
Epoch: [31][280/391], lr: 0.01000	Loss 0.3083 (0.3845)	Prec@1 89.062 (87.122)	Prec@5 100.000 (99.608)
Epoch: [31][290/391], lr: 0.01000	Loss 0.3835 (0.3831)	Prec@1 91.406 (87.207)	Prec@5 100.000 (99.611)
Epoch: [31][300/391], lr: 0.01000	Loss 0.3866 (0.3822)	Prec@1 84.375 (87.233)	Prec@5 100.000 (99.616)
Epoch: [31][310/391], lr: 0.01000	Loss 0.3226 (0.3802)	Prec@1 89.844 (87.317)	Prec@5 100.000 (99.623)
Epoch: [31][320/391], lr: 0.01000	Loss 0.3450 (0.3805)	Prec@1 85.938 (87.337)	Prec@5 100.000 (99.623)
Epoch: [31][330/391], lr: 0.01000	Loss 0.4210 (0.3806)	Prec@1 84.375 (87.354)	Prec@5 100.000 (99.625)
Epoch: [31][340/391], lr: 0.01000	Loss 0.3649 (0.3806)	Prec@1 90.625 (87.351)	Prec@5 99.219 (99.629)
Epoch: [31][350/391], lr: 0.01000	Loss 0.3653 (0.3811)	Prec@1 87.500 (87.344)	Prec@5 100.000 (99.628)
Epoch: [31][360/391], lr: 0.01000	Loss 0.3685 (0.3812)	Prec@1 89.062 (87.307)	Prec@5 99.219 (99.621)
Epoch: [31][370/391], lr: 0.01000	Loss 0.4242 (0.3834)	Prec@1 82.031 (87.207)	Prec@5 99.219 (99.621)
Epoch: [31][380/391], lr: 0.01000	Loss 0.3555 (0.3841)	Prec@1 85.938 (87.182)	Prec@5 99.219 (99.612)
Epoch: [31][390/391], lr: 0.01000	Loss 0.4813 (0.3841)	Prec@1 82.500 (87.162)	Prec@5 100.000 (99.616)
Epoch [31] Training Results: Prec@1 87.162 Prec@5 99.616             Loss 0.38406
Epoch [31] Training Class Recall: [0.761,0.846,0.777,0.821,0.872,0.900,0.922,0.924,0.948,0.946]

Epoch: [32][0/391], lr: 0.01000	Loss 0.2937 (0.2937)	Prec@1 89.844 (89.844)	Prec@5 100.000 (100.000)
Epoch: [32][10/391], lr: 0.01000	Loss 0.3506 (0.3870)	Prec@1 89.062 (87.500)	Prec@5 100.000 (99.716)
Epoch: [32][20/391], lr: 0.01000	Loss 0.3396 (0.4019)	Prec@1 85.938 (86.384)	Prec@5 100.000 (99.516)
Epoch: [32][30/391], lr: 0.01000	Loss 0.3463 (0.3802)	Prec@1 89.062 (87.147)	Prec@5 99.219 (99.597)
Epoch: [32][40/391], lr: 0.01000	Loss 0.2902 (0.3764)	Prec@1 91.406 (87.443)	Prec@5 100.000 (99.638)
Epoch: [32][50/391], lr: 0.01000	Loss 0.3695 (0.3784)	Prec@1 88.281 (87.377)	Prec@5 98.438 (99.617)
Epoch: [32][60/391], lr: 0.01000	Loss 0.3043 (0.3827)	Prec@1 87.500 (87.141)	Prec@5 100.000 (99.616)
Epoch: [32][70/391], lr: 0.01000	Loss 0.4298 (0.3825)	Prec@1 85.156 (87.104)	Prec@5 99.219 (99.659)
Epoch: [32][80/391], lr: 0.01000	Loss 0.3517 (0.3802)	Prec@1 88.281 (87.066)	Prec@5 100.000 (99.691)
Epoch: [32][90/391], lr: 0.01000	Loss 0.4280 (0.3831)	Prec@1 88.281 (87.071)	Prec@5 100.000 (99.682)
Epoch: [32][100/391], lr: 0.01000	Loss 0.4220 (0.3847)	Prec@1 84.375 (86.951)	Prec@5 99.219 (99.660)
Epoch: [32][110/391], lr: 0.01000	Loss 0.3285 (0.3846)	Prec@1 92.188 (87.000)	Prec@5 99.219 (99.655)
Epoch: [32][120/391], lr: 0.01000	Loss 0.2988 (0.3834)	Prec@1 89.062 (87.035)	Prec@5 100.000 (99.645)
Epoch: [32][130/391], lr: 0.01000	Loss 0.3188 (0.3820)	Prec@1 91.406 (87.089)	Prec@5 100.000 (99.642)
Epoch: [32][140/391], lr: 0.01000	Loss 0.3189 (0.3790)	Prec@1 90.625 (87.168)	Prec@5 100.000 (99.645)
Epoch: [32][150/391], lr: 0.01000	Loss 0.2457 (0.3744)	Prec@1 89.844 (87.329)	Prec@5 100.000 (99.648)
Epoch: [32][160/391], lr: 0.01000	Loss 0.3088 (0.3726)	Prec@1 89.062 (87.427)	Prec@5 100.000 (99.665)
Epoch: [32][170/391], lr: 0.01000	Loss 0.3581 (0.3735)	Prec@1 89.844 (87.445)	Prec@5 99.219 (99.666)
Epoch: [32][180/391], lr: 0.01000	Loss 0.2918 (0.3737)	Prec@1 89.844 (87.444)	Prec@5 100.000 (99.668)
Epoch: [32][190/391], lr: 0.01000	Loss 0.3293 (0.3729)	Prec@1 89.844 (87.520)	Prec@5 100.000 (99.669)
Epoch: [32][200/391], lr: 0.01000	Loss 0.4937 (0.3754)	Prec@1 85.938 (87.414)	Prec@5 99.219 (99.666)
Epoch: [32][210/391], lr: 0.01000	Loss 0.5535 (0.3775)	Prec@1 82.031 (87.359)	Prec@5 100.000 (99.663)
Epoch: [32][220/391], lr: 0.01000	Loss 0.4677 (0.3790)	Prec@1 86.719 (87.337)	Prec@5 100.000 (99.661)
Epoch: [32][230/391], lr: 0.01000	Loss 0.2987 (0.3795)	Prec@1 89.844 (87.365)	Prec@5 100.000 (99.672)
Epoch: [32][240/391], lr: 0.01000	Loss 0.3629 (0.3811)	Prec@1 87.500 (87.312)	Prec@5 99.219 (99.673)
Epoch: [32][250/391], lr: 0.01000	Loss 0.3723 (0.3820)	Prec@1 89.062 (87.332)	Prec@5 97.656 (99.658)
Epoch: [32][260/391], lr: 0.01000	Loss 0.4140 (0.3841)	Prec@1 87.500 (87.240)	Prec@5 100.000 (99.656)
Epoch: [32][270/391], lr: 0.01000	Loss 0.5552 (0.3846)	Prec@1 78.906 (87.258)	Prec@5 99.219 (99.651)
Epoch: [32][280/391], lr: 0.01000	Loss 0.4867 (0.3869)	Prec@1 82.812 (87.175)	Prec@5 100.000 (99.650)
Epoch: [32][290/391], lr: 0.01000	Loss 0.5199 (0.3868)	Prec@1 83.594 (87.172)	Prec@5 100.000 (99.662)
Epoch: [32][300/391], lr: 0.01000	Loss 0.3203 (0.3867)	Prec@1 87.500 (87.191)	Prec@5 99.219 (99.665)
Epoch: [32][310/391], lr: 0.01000	Loss 0.3819 (0.3877)	Prec@1 89.062 (87.171)	Prec@5 99.219 (99.661)
Epoch: [32][320/391], lr: 0.01000	Loss 0.4723 (0.3875)	Prec@1 82.812 (87.179)	Prec@5 100.000 (99.662)
Epoch: [32][330/391], lr: 0.01000	Loss 0.5051 (0.3878)	Prec@1 82.031 (87.179)	Prec@5 98.438 (99.653)
Epoch: [32][340/391], lr: 0.01000	Loss 0.4424 (0.3881)	Prec@1 81.250 (87.152)	Prec@5 100.000 (99.654)
Epoch: [32][350/391], lr: 0.01000	Loss 0.4447 (0.3889)	Prec@1 85.156 (87.115)	Prec@5 100.000 (99.653)
Epoch: [32][360/391], lr: 0.01000	Loss 0.3279 (0.3900)	Prec@1 91.406 (87.082)	Prec@5 100.000 (99.656)
Epoch: [32][370/391], lr: 0.01000	Loss 0.4426 (0.3907)	Prec@1 87.500 (87.064)	Prec@5 100.000 (99.655)
Epoch: [32][380/391], lr: 0.01000	Loss 0.3903 (0.3896)	Prec@1 88.281 (87.112)	Prec@5 99.219 (99.653)
Epoch: [32][390/391], lr: 0.01000	Loss 0.4631 (0.3900)	Prec@1 85.000 (87.092)	Prec@5 100.000 (99.646)
Epoch [32] Training Results: Prec@1 87.092 Prec@5 99.646             Loss 0.39003
Epoch [32] Training Class Recall: [0.761,0.842,0.776,0.824,0.873,0.894,0.923,0.929,0.941,0.946]

Epoch: [33][0/391], lr: 0.01000	Loss 0.3897 (0.3897)	Prec@1 85.938 (85.938)	Prec@5 100.000 (100.000)
Epoch: [33][10/391], lr: 0.01000	Loss 0.2270 (0.3451)	Prec@1 92.969 (88.494)	Prec@5 100.000 (99.787)
Epoch: [33][20/391], lr: 0.01000	Loss 0.3350 (0.3197)	Prec@1 86.719 (89.695)	Prec@5 99.219 (99.814)
Epoch: [33][30/391], lr: 0.01000	Loss 0.2821 (0.3283)	Prec@1 92.969 (89.264)	Prec@5 100.000 (99.798)
Epoch: [33][40/391], lr: 0.01000	Loss 0.2013 (0.3278)	Prec@1 93.750 (89.120)	Prec@5 100.000 (99.771)
Epoch: [33][50/391], lr: 0.01000	Loss 0.3494 (0.3416)	Prec@1 89.062 (88.680)	Prec@5 100.000 (99.755)
Epoch: [33][60/391], lr: 0.01000	Loss 0.3489 (0.3485)	Prec@1 89.844 (88.448)	Prec@5 99.219 (99.693)
Epoch: [33][70/391], lr: 0.01000	Loss 0.3983 (0.3482)	Prec@1 86.719 (88.468)	Prec@5 100.000 (99.714)
Epoch: [33][80/391], lr: 0.01000	Loss 0.3923 (0.3451)	Prec@1 88.281 (88.580)	Prec@5 100.000 (99.720)
Epoch: [33][90/391], lr: 0.01000	Loss 0.3455 (0.3447)	Prec@1 85.938 (88.625)	Prec@5 100.000 (99.708)
Epoch: [33][100/391], lr: 0.01000	Loss 0.4599 (0.3474)	Prec@1 82.812 (88.560)	Prec@5 100.000 (99.706)
Epoch: [33][110/391], lr: 0.01000	Loss 0.3148 (0.3454)	Prec@1 89.062 (88.591)	Prec@5 100.000 (99.718)
Epoch: [33][120/391], lr: 0.01000	Loss 0.2556 (0.3466)	Prec@1 92.188 (88.636)	Prec@5 100.000 (99.722)
Epoch: [33][130/391], lr: 0.01000	Loss 0.2751 (0.3441)	Prec@1 92.969 (88.717)	Prec@5 100.000 (99.738)
Epoch: [33][140/391], lr: 0.01000	Loss 0.3313 (0.3467)	Prec@1 89.062 (88.652)	Prec@5 100.000 (99.734)
Epoch: [33][150/391], lr: 0.01000	Loss 0.3331 (0.3478)	Prec@1 90.625 (88.685)	Prec@5 99.219 (99.736)
Epoch: [33][160/391], lr: 0.01000	Loss 0.2918 (0.3472)	Prec@1 89.062 (88.665)	Prec@5 100.000 (99.728)
Epoch: [33][170/391], lr: 0.01000	Loss 0.2871 (0.3494)	Prec@1 91.406 (88.596)	Prec@5 100.000 (99.721)
Epoch: [33][180/391], lr: 0.01000	Loss 0.4758 (0.3492)	Prec@1 83.594 (88.609)	Prec@5 100.000 (99.728)
Epoch: [33][190/391], lr: 0.01000	Loss 0.2928 (0.3494)	Prec@1 89.844 (88.633)	Prec@5 100.000 (99.726)
Epoch: [33][200/391], lr: 0.01000	Loss 0.4801 (0.3525)	Prec@1 85.156 (88.581)	Prec@5 99.219 (99.708)
Epoch: [33][210/391], lr: 0.01000	Loss 0.3547 (0.3528)	Prec@1 87.500 (88.540)	Prec@5 99.219 (99.715)
Epoch: [33][220/391], lr: 0.01000	Loss 0.4536 (0.3539)	Prec@1 82.812 (88.493)	Prec@5 99.219 (99.710)
Epoch: [33][230/391], lr: 0.01000	Loss 0.5440 (0.3559)	Prec@1 82.031 (88.417)	Prec@5 100.000 (99.706)
Epoch: [33][240/391], lr: 0.01000	Loss 0.4341 (0.3568)	Prec@1 83.594 (88.317)	Prec@5 100.000 (99.705)
Epoch: [33][250/391], lr: 0.01000	Loss 0.2757 (0.3567)	Prec@1 91.406 (88.328)	Prec@5 100.000 (99.707)
Epoch: [33][260/391], lr: 0.01000	Loss 0.3258 (0.3582)	Prec@1 85.938 (88.281)	Prec@5 100.000 (99.713)
Epoch: [33][270/391], lr: 0.01000	Loss 0.2570 (0.3585)	Prec@1 91.406 (88.273)	Prec@5 99.219 (99.717)
Epoch: [33][280/391], lr: 0.01000	Loss 0.3115 (0.3586)	Prec@1 89.062 (88.295)	Prec@5 99.219 (99.719)
Epoch: [33][290/391], lr: 0.01000	Loss 0.3529 (0.3590)	Prec@1 88.281 (88.244)	Prec@5 100.000 (99.715)
Epoch: [33][300/391], lr: 0.01000	Loss 0.4022 (0.3588)	Prec@1 85.938 (88.263)	Prec@5 100.000 (99.712)
Epoch: [33][310/391], lr: 0.01000	Loss 0.2744 (0.3585)	Prec@1 92.188 (88.269)	Prec@5 100.000 (99.719)
Epoch: [33][320/391], lr: 0.01000	Loss 0.4047 (0.3603)	Prec@1 83.594 (88.208)	Prec@5 100.000 (99.720)
Epoch: [33][330/391], lr: 0.01000	Loss 0.4872 (0.3614)	Prec@1 82.812 (88.159)	Prec@5 99.219 (99.721)
Epoch: [33][340/391], lr: 0.01000	Loss 0.4419 (0.3624)	Prec@1 86.719 (88.119)	Prec@5 100.000 (99.718)
Epoch: [33][350/391], lr: 0.01000	Loss 0.4828 (0.3638)	Prec@1 85.156 (88.068)	Prec@5 100.000 (99.717)
Epoch: [33][360/391], lr: 0.01000	Loss 0.4135 (0.3651)	Prec@1 85.156 (88.002)	Prec@5 100.000 (99.710)
Epoch: [33][370/391], lr: 0.01000	Loss 0.3980 (0.3668)	Prec@1 85.156 (87.938)	Prec@5 100.000 (99.712)
Epoch: [33][380/391], lr: 0.01000	Loss 0.2947 (0.3677)	Prec@1 86.719 (87.890)	Prec@5 100.000 (99.707)
Epoch: [33][390/391], lr: 0.01000	Loss 0.4308 (0.3689)	Prec@1 82.500 (87.836)	Prec@5 100.000 (99.704)
Epoch [33] Training Results: Prec@1 87.836 Prec@5 99.704             Loss 0.36891
Epoch [33] Training Class Recall: [0.774,0.843,0.790,0.839,0.881,0.900,0.928,0.931,0.944,0.953]

Epoch: [34][0/391], lr: 0.01000	Loss 0.4326 (0.4326)	Prec@1 87.500 (87.500)	Prec@5 99.219 (99.219)
Epoch: [34][10/391], lr: 0.01000	Loss 0.4071 (0.3833)	Prec@1 85.938 (87.358)	Prec@5 99.219 (99.503)
Epoch: [34][20/391], lr: 0.01000	Loss 0.3261 (0.3898)	Prec@1 85.938 (87.240)	Prec@5 100.000 (99.591)
Epoch: [34][30/391], lr: 0.01000	Loss 0.5204 (0.3918)	Prec@1 79.688 (87.046)	Prec@5 100.000 (99.622)
Epoch: [34][40/391], lr: 0.01000	Loss 0.3334 (0.3793)	Prec@1 88.281 (87.367)	Prec@5 100.000 (99.619)
Epoch: [34][50/391], lr: 0.01000	Loss 0.5999 (0.3820)	Prec@1 78.906 (87.393)	Prec@5 99.219 (99.556)
Epoch: [34][60/391], lr: 0.01000	Loss 0.5275 (0.3796)	Prec@1 83.594 (87.423)	Prec@5 99.219 (99.552)
Epoch: [34][70/391], lr: 0.01000	Loss 0.3072 (0.3775)	Prec@1 86.719 (87.423)	Prec@5 98.438 (99.527)
Epoch: [34][80/391], lr: 0.01000	Loss 0.2381 (0.3713)	Prec@1 89.844 (87.683)	Prec@5 100.000 (99.556)
Epoch: [34][90/391], lr: 0.01000	Loss 0.3485 (0.3668)	Prec@1 89.062 (87.809)	Prec@5 100.000 (99.596)
Epoch: [34][100/391], lr: 0.01000	Loss 0.3483 (0.3621)	Prec@1 86.719 (87.856)	Prec@5 99.219 (99.613)
Epoch: [34][110/391], lr: 0.01000	Loss 0.4810 (0.3667)	Prec@1 83.594 (87.711)	Prec@5 100.000 (99.613)
Epoch: [34][120/391], lr: 0.01000	Loss 0.3455 (0.3686)	Prec@1 89.844 (87.739)	Prec@5 100.000 (99.619)
Epoch: [34][130/391], lr: 0.01000	Loss 0.4031 (0.3704)	Prec@1 87.500 (87.685)	Prec@5 99.219 (99.630)
Epoch: [34][140/391], lr: 0.01000	Loss 0.2982 (0.3706)	Prec@1 89.062 (87.611)	Prec@5 98.438 (99.618)
Epoch: [34][150/391], lr: 0.01000	Loss 0.3910 (0.3703)	Prec@1 89.062 (87.650)	Prec@5 100.000 (99.607)
Epoch: [34][160/391], lr: 0.01000	Loss 0.3070 (0.3678)	Prec@1 90.625 (87.738)	Prec@5 100.000 (99.612)
Epoch: [34][170/391], lr: 0.01000	Loss 0.3088 (0.3668)	Prec@1 90.625 (87.779)	Prec@5 100.000 (99.621)
Epoch: [34][180/391], lr: 0.01000	Loss 0.3201 (0.3649)	Prec@1 89.062 (87.824)	Prec@5 99.219 (99.624)
Epoch: [34][190/391], lr: 0.01000	Loss 0.3724 (0.3627)	Prec@1 83.594 (87.844)	Prec@5 100.000 (99.628)
Epoch: [34][200/391], lr: 0.01000	Loss 0.3562 (0.3627)	Prec@1 88.281 (87.850)	Prec@5 100.000 (99.631)
Epoch: [34][210/391], lr: 0.01000	Loss 0.2654 (0.3605)	Prec@1 89.844 (87.944)	Prec@5 99.219 (99.633)
Epoch: [34][220/391], lr: 0.01000	Loss 0.4380 (0.3596)	Prec@1 85.938 (87.977)	Prec@5 100.000 (99.646)
Epoch: [34][230/391], lr: 0.01000	Loss 0.6198 (0.3619)	Prec@1 81.250 (87.896)	Prec@5 99.219 (99.635)
Epoch: [34][240/391], lr: 0.01000	Loss 0.3923 (0.3632)	Prec@1 86.719 (87.866)	Prec@5 100.000 (99.630)
Epoch: [34][250/391], lr: 0.01000	Loss 0.3803 (0.3632)	Prec@1 86.719 (87.842)	Prec@5 100.000 (99.626)
Epoch: [34][260/391], lr: 0.01000	Loss 0.2565 (0.3631)	Prec@1 92.969 (87.856)	Prec@5 100.000 (99.632)
Epoch: [34][270/391], lr: 0.01000	Loss 0.4171 (0.3658)	Prec@1 84.375 (87.762)	Prec@5 100.000 (99.640)
Epoch: [34][280/391], lr: 0.01000	Loss 0.4920 (0.3685)	Prec@1 83.594 (87.647)	Prec@5 100.000 (99.644)
Epoch: [34][290/391], lr: 0.01000	Loss 0.4274 (0.3699)	Prec@1 86.719 (87.634)	Prec@5 100.000 (99.646)
Epoch: [34][300/391], lr: 0.01000	Loss 0.3460 (0.3704)	Prec@1 90.625 (87.632)	Prec@5 99.219 (99.644)
Epoch: [34][310/391], lr: 0.01000	Loss 0.3433 (0.3709)	Prec@1 90.625 (87.648)	Prec@5 100.000 (99.641)
Epoch: [34][320/391], lr: 0.01000	Loss 0.3853 (0.3730)	Prec@1 86.719 (87.588)	Prec@5 99.219 (99.640)
Epoch: [34][330/391], lr: 0.01000	Loss 0.3118 (0.3741)	Prec@1 89.062 (87.587)	Prec@5 100.000 (99.637)
Epoch: [34][340/391], lr: 0.01000	Loss 0.5185 (0.3740)	Prec@1 82.812 (87.564)	Prec@5 100.000 (99.643)
Epoch: [34][350/391], lr: 0.01000	Loss 0.3027 (0.3732)	Prec@1 89.844 (87.591)	Prec@5 99.219 (99.646)
Epoch: [34][360/391], lr: 0.01000	Loss 0.3713 (0.3726)	Prec@1 89.062 (87.604)	Prec@5 99.219 (99.645)
Epoch: [34][370/391], lr: 0.01000	Loss 0.4138 (0.3724)	Prec@1 85.938 (87.605)	Prec@5 100.000 (99.646)
Epoch: [34][380/391], lr: 0.01000	Loss 0.3685 (0.3726)	Prec@1 85.156 (87.576)	Prec@5 100.000 (99.647)
Epoch: [34][390/391], lr: 0.01000	Loss 0.3328 (0.3725)	Prec@1 86.250 (87.560)	Prec@5 100.000 (99.652)
Epoch [34] Training Results: Prec@1 87.560 Prec@5 99.652             Loss 0.37248
Epoch [34] Training Class Recall: [0.759,0.840,0.791,0.835,0.884,0.900,0.929,0.928,0.947,0.944]

Epoch: [35][0/391], lr: 0.01000	Loss 0.4364 (0.4364)	Prec@1 83.594 (83.594)	Prec@5 99.219 (99.219)
Epoch: [35][10/391], lr: 0.01000	Loss 0.4831 (0.3661)	Prec@1 82.031 (87.997)	Prec@5 100.000 (99.787)
Epoch: [35][20/391], lr: 0.01000	Loss 0.3905 (0.3762)	Prec@1 86.719 (87.388)	Prec@5 100.000 (99.814)
Epoch: [35][30/391], lr: 0.01000	Loss 0.3858 (0.3845)	Prec@1 88.281 (87.021)	Prec@5 99.219 (99.773)
Epoch: [35][40/391], lr: 0.01000	Loss 0.3364 (0.3819)	Prec@1 87.500 (87.309)	Prec@5 99.219 (99.733)
Epoch: [35][50/391], lr: 0.01000	Loss 0.3357 (0.3797)	Prec@1 90.625 (87.485)	Prec@5 100.000 (99.724)
Epoch: [35][60/391], lr: 0.01000	Loss 0.5220 (0.3780)	Prec@1 85.156 (87.628)	Prec@5 100.000 (99.731)
Epoch: [35][70/391], lr: 0.01000	Loss 0.4410 (0.3737)	Prec@1 86.719 (87.643)	Prec@5 99.219 (99.725)
Epoch: [35][80/391], lr: 0.01000	Loss 0.4411 (0.3785)	Prec@1 83.594 (87.423)	Prec@5 100.000 (99.720)
Epoch: [35][90/391], lr: 0.01000	Loss 0.5130 (0.3801)	Prec@1 82.812 (87.285)	Prec@5 99.219 (99.725)
Epoch: [35][100/391], lr: 0.01000	Loss 0.5098 (0.3872)	Prec@1 82.031 (87.075)	Prec@5 99.219 (99.722)
Epoch: [35][110/391], lr: 0.01000	Loss 0.5280 (0.3935)	Prec@1 81.250 (86.937)	Prec@5 98.438 (99.704)
Epoch: [35][120/391], lr: 0.01000	Loss 0.3675 (0.3952)	Prec@1 89.844 (86.900)	Prec@5 100.000 (99.703)
Epoch: [35][130/391], lr: 0.01000	Loss 0.4179 (0.3958)	Prec@1 86.719 (86.749)	Prec@5 99.219 (99.690)
Epoch: [35][140/391], lr: 0.01000	Loss 0.4994 (0.3959)	Prec@1 85.156 (86.807)	Prec@5 99.219 (99.684)
Epoch: [35][150/391], lr: 0.01000	Loss 0.3404 (0.3949)	Prec@1 89.062 (86.843)	Prec@5 100.000 (99.679)
Epoch: [35][160/391], lr: 0.01000	Loss 0.3370 (0.3930)	Prec@1 86.719 (86.889)	Prec@5 100.000 (99.665)
Epoch: [35][170/391], lr: 0.01000	Loss 0.2848 (0.3921)	Prec@1 92.188 (86.961)	Prec@5 100.000 (99.657)
Epoch: [35][180/391], lr: 0.01000	Loss 0.4136 (0.3904)	Prec@1 85.938 (87.012)	Prec@5 99.219 (99.633)
Epoch: [35][190/391], lr: 0.01000	Loss 0.3297 (0.3859)	Prec@1 89.062 (87.189)	Prec@5 100.000 (99.648)
Epoch: [35][200/391], lr: 0.01000	Loss 0.2822 (0.3852)	Prec@1 91.406 (87.193)	Prec@5 100.000 (99.635)
Epoch: [35][210/391], lr: 0.01000	Loss 0.4165 (0.3832)	Prec@1 85.156 (87.219)	Prec@5 100.000 (99.641)
Epoch: [35][220/391], lr: 0.01000	Loss 0.2718 (0.3824)	Prec@1 89.844 (87.200)	Prec@5 100.000 (99.639)
Epoch: [35][230/391], lr: 0.01000	Loss 0.3895 (0.3805)	Prec@1 86.719 (87.270)	Prec@5 99.219 (99.638)
Epoch: [35][240/391], lr: 0.01000	Loss 0.4404 (0.3802)	Prec@1 85.156 (87.283)	Prec@5 99.219 (99.650)
Epoch: [35][250/391], lr: 0.01000	Loss 0.3882 (0.3801)	Prec@1 89.062 (87.248)	Prec@5 98.438 (99.645)
Epoch: [35][260/391], lr: 0.01000	Loss 0.3228 (0.3784)	Prec@1 90.625 (87.341)	Prec@5 100.000 (99.653)
Epoch: [35][270/391], lr: 0.01000	Loss 0.3656 (0.3776)	Prec@1 85.156 (87.370)	Prec@5 100.000 (99.657)
Epoch: [35][280/391], lr: 0.01000	Loss 0.3252 (0.3773)	Prec@1 89.844 (87.403)	Prec@5 100.000 (99.650)
Epoch: [35][290/391], lr: 0.01000	Loss 0.3294 (0.3763)	Prec@1 89.844 (87.452)	Prec@5 100.000 (99.656)
Epoch: [35][300/391], lr: 0.01000	Loss 0.2327 (0.3757)	Prec@1 92.969 (87.487)	Prec@5 100.000 (99.660)
Epoch: [35][310/391], lr: 0.01000	Loss 0.3702 (0.3749)	Prec@1 87.500 (87.500)	Prec@5 100.000 (99.668)
Epoch: [35][320/391], lr: 0.01000	Loss 0.3068 (0.3733)	Prec@1 89.062 (87.551)	Prec@5 99.219 (99.671)
Epoch: [35][330/391], lr: 0.01000	Loss 0.3803 (0.3731)	Prec@1 86.719 (87.578)	Prec@5 100.000 (99.674)
Epoch: [35][340/391], lr: 0.01000	Loss 0.3771 (0.3736)	Prec@1 89.844 (87.571)	Prec@5 99.219 (99.670)
Epoch: [35][350/391], lr: 0.01000	Loss 0.3742 (0.3741)	Prec@1 86.719 (87.571)	Prec@5 100.000 (99.664)
Epoch: [35][360/391], lr: 0.01000	Loss 0.3725 (0.3736)	Prec@1 84.375 (87.580)	Prec@5 99.219 (99.665)
Epoch: [35][370/391], lr: 0.01000	Loss 0.2759 (0.3724)	Prec@1 92.188 (87.654)	Prec@5 100.000 (99.671)
Epoch: [35][380/391], lr: 0.01000	Loss 0.3472 (0.3709)	Prec@1 89.844 (87.699)	Prec@5 98.438 (99.670)
Epoch: [35][390/391], lr: 0.01000	Loss 0.4333 (0.3700)	Prec@1 88.750 (87.706)	Prec@5 97.500 (99.672)
Epoch [35] Training Results: Prec@1 87.706 Prec@5 99.672             Loss 0.36995
Epoch [35] Training Class Recall: [0.763,0.850,0.788,0.837,0.880,0.903,0.929,0.930,0.943,0.947]

Epoch: [36][0/391], lr: 0.01000	Loss 0.3389 (0.3389)	Prec@1 85.938 (85.938)	Prec@5 100.000 (100.000)
Epoch: [36][10/391], lr: 0.01000	Loss 0.3298 (0.3399)	Prec@1 88.281 (88.281)	Prec@5 100.000 (99.858)
Epoch: [36][20/391], lr: 0.01000	Loss 0.3338 (0.3315)	Prec@1 89.844 (88.951)	Prec@5 99.219 (99.777)
Epoch: [36][30/391], lr: 0.01000	Loss 0.2657 (0.3504)	Prec@1 94.531 (88.458)	Prec@5 99.219 (99.748)
Epoch: [36][40/391], lr: 0.01000	Loss 0.4299 (0.3579)	Prec@1 86.719 (88.167)	Prec@5 100.000 (99.714)
Epoch: [36][50/391], lr: 0.01000	Loss 0.2220 (0.3508)	Prec@1 95.312 (88.404)	Prec@5 100.000 (99.770)
Epoch: [36][60/391], lr: 0.01000	Loss 0.2624 (0.3509)	Prec@1 92.188 (88.307)	Prec@5 99.219 (99.718)
Epoch: [36][70/391], lr: 0.01000	Loss 0.4116 (0.3497)	Prec@1 87.500 (88.556)	Prec@5 99.219 (99.725)
Epoch: [36][80/391], lr: 0.01000	Loss 0.2608 (0.3471)	Prec@1 90.625 (88.628)	Prec@5 100.000 (99.730)
Epoch: [36][90/391], lr: 0.01000	Loss 0.2250 (0.3454)	Prec@1 92.969 (88.659)	Prec@5 99.219 (99.734)
Epoch: [36][100/391], lr: 0.01000	Loss 0.4614 (0.3459)	Prec@1 85.156 (88.637)	Prec@5 100.000 (99.722)
Epoch: [36][110/391], lr: 0.01000	Loss 0.1787 (0.3451)	Prec@1 94.531 (88.732)	Prec@5 100.000 (99.697)
Epoch: [36][120/391], lr: 0.01000	Loss 0.3168 (0.3430)	Prec@1 87.500 (88.804)	Prec@5 100.000 (99.716)
Epoch: [36][130/391], lr: 0.01000	Loss 0.3501 (0.3442)	Prec@1 88.281 (88.752)	Prec@5 100.000 (99.726)
Epoch: [36][140/391], lr: 0.01000	Loss 0.3250 (0.3442)	Prec@1 88.281 (88.736)	Prec@5 100.000 (99.723)
Epoch: [36][150/391], lr: 0.01000	Loss 0.4815 (0.3464)	Prec@1 85.156 (88.669)	Prec@5 100.000 (99.721)
Epoch: [36][160/391], lr: 0.01000	Loss 0.3301 (0.3465)	Prec@1 87.500 (88.611)	Prec@5 100.000 (99.733)
Epoch: [36][170/391], lr: 0.01000	Loss 0.4631 (0.3511)	Prec@1 86.719 (88.437)	Prec@5 98.438 (99.721)
Epoch: [36][180/391], lr: 0.01000	Loss 0.3950 (0.3496)	Prec@1 89.062 (88.506)	Prec@5 100.000 (99.732)
Epoch: [36][190/391], lr: 0.01000	Loss 0.3768 (0.3511)	Prec@1 84.375 (88.486)	Prec@5 100.000 (99.734)
Epoch: [36][200/391], lr: 0.01000	Loss 0.3368 (0.3506)	Prec@1 91.406 (88.557)	Prec@5 100.000 (99.740)
Epoch: [36][210/391], lr: 0.01000	Loss 0.2743 (0.3498)	Prec@1 92.188 (88.607)	Prec@5 100.000 (99.748)
Epoch: [36][220/391], lr: 0.01000	Loss 0.4125 (0.3505)	Prec@1 86.719 (88.532)	Prec@5 99.219 (99.749)
Epoch: [36][230/391], lr: 0.01000	Loss 0.4821 (0.3510)	Prec@1 85.938 (88.545)	Prec@5 99.219 (99.746)
Epoch: [36][240/391], lr: 0.01000	Loss 0.4886 (0.3535)	Prec@1 83.594 (88.447)	Prec@5 100.000 (99.741)
Epoch: [36][250/391], lr: 0.01000	Loss 0.4494 (0.3549)	Prec@1 84.375 (88.396)	Prec@5 99.219 (99.729)
Epoch: [36][260/391], lr: 0.01000	Loss 0.3231 (0.3567)	Prec@1 92.188 (88.353)	Prec@5 100.000 (99.728)
Epoch: [36][270/391], lr: 0.01000	Loss 0.4970 (0.3591)	Prec@1 83.594 (88.232)	Prec@5 100.000 (99.715)
Epoch: [36][280/391], lr: 0.01000	Loss 0.4478 (0.3583)	Prec@1 86.719 (88.259)	Prec@5 100.000 (99.714)
Epoch: [36][290/391], lr: 0.01000	Loss 0.3852 (0.3580)	Prec@1 88.281 (88.303)	Prec@5 100.000 (99.718)
Epoch: [36][300/391], lr: 0.01000	Loss 0.4082 (0.3580)	Prec@1 89.844 (88.292)	Prec@5 99.219 (99.714)
Epoch: [36][310/391], lr: 0.01000	Loss 0.3176 (0.3580)	Prec@1 87.500 (88.291)	Prec@5 99.219 (99.709)
Epoch: [36][320/391], lr: 0.01000	Loss 0.3237 (0.3572)	Prec@1 87.500 (88.257)	Prec@5 100.000 (99.710)
Epoch: [36][330/391], lr: 0.01000	Loss 0.3789 (0.3577)	Prec@1 88.281 (88.229)	Prec@5 100.000 (99.710)
Epoch: [36][340/391], lr: 0.01000	Loss 0.5351 (0.3584)	Prec@1 82.031 (88.215)	Prec@5 98.438 (99.704)
Epoch: [36][350/391], lr: 0.01000	Loss 0.3880 (0.3587)	Prec@1 89.844 (88.217)	Prec@5 99.219 (99.702)
Epoch: [36][360/391], lr: 0.01000	Loss 0.2439 (0.3577)	Prec@1 91.406 (88.270)	Prec@5 100.000 (99.701)
Epoch: [36][370/391], lr: 0.01000	Loss 0.3578 (0.3566)	Prec@1 91.406 (88.302)	Prec@5 99.219 (99.699)
Epoch: [36][380/391], lr: 0.01000	Loss 0.2454 (0.3567)	Prec@1 92.969 (88.312)	Prec@5 100.000 (99.701)
Epoch: [36][390/391], lr: 0.01000	Loss 0.3003 (0.3561)	Prec@1 91.250 (88.348)	Prec@5 100.000 (99.704)
Epoch [36] Training Results: Prec@1 88.348 Prec@5 99.704             Loss 0.35611
Epoch [36] Training Class Recall: [0.780,0.853,0.798,0.842,0.887,0.906,0.931,0.934,0.952,0.952]

Epoch: [37][0/391], lr: 0.01000	Loss 0.2663 (0.2663)	Prec@1 89.844 (89.844)	Prec@5 100.000 (100.000)
Epoch: [37][10/391], lr: 0.01000	Loss 0.3524 (0.3082)	Prec@1 87.500 (89.560)	Prec@5 100.000 (99.929)
Epoch: [37][20/391], lr: 0.01000	Loss 0.2981 (0.3171)	Prec@1 90.625 (89.025)	Prec@5 100.000 (99.851)
Epoch: [37][30/391], lr: 0.01000	Loss 0.2298 (0.3112)	Prec@1 91.406 (89.315)	Prec@5 100.000 (99.824)
Epoch: [37][40/391], lr: 0.01000	Loss 0.2633 (0.3179)	Prec@1 92.969 (89.082)	Prec@5 100.000 (99.848)
Epoch: [37][50/391], lr: 0.01000	Loss 0.3531 (0.3213)	Prec@1 89.062 (88.771)	Prec@5 100.000 (99.801)
Epoch: [37][60/391], lr: 0.01000	Loss 0.3747 (0.3361)	Prec@1 87.500 (88.435)	Prec@5 99.219 (99.795)
Epoch: [37][70/391], lr: 0.01000	Loss 0.3413 (0.3456)	Prec@1 86.719 (88.138)	Prec@5 99.219 (99.758)
Epoch: [37][80/391], lr: 0.01000	Loss 0.3003 (0.3516)	Prec@1 92.969 (87.992)	Prec@5 100.000 (99.778)
Epoch: [37][90/391], lr: 0.01000	Loss 0.5005 (0.3535)	Prec@1 84.375 (88.007)	Prec@5 99.219 (99.760)
Epoch: [37][100/391], lr: 0.01000	Loss 0.4668 (0.3538)	Prec@1 84.375 (88.018)	Prec@5 100.000 (99.752)
Epoch: [37][110/391], lr: 0.01000	Loss 0.4245 (0.3527)	Prec@1 87.500 (88.084)	Prec@5 100.000 (99.747)
Epoch: [37][120/391], lr: 0.01000	Loss 0.3342 (0.3526)	Prec@1 87.500 (88.146)	Prec@5 100.000 (99.748)
Epoch: [37][130/391], lr: 0.01000	Loss 0.4435 (0.3544)	Prec@1 81.250 (88.061)	Prec@5 100.000 (99.732)
Epoch: [37][140/391], lr: 0.01000	Loss 0.4468 (0.3552)	Prec@1 88.281 (88.071)	Prec@5 99.219 (99.729)
Epoch: [37][150/391], lr: 0.01000	Loss 0.4611 (0.3560)	Prec@1 84.375 (88.038)	Prec@5 100.000 (99.721)
Epoch: [37][160/391], lr: 0.01000	Loss 0.3530 (0.3580)	Prec@1 86.719 (87.961)	Prec@5 100.000 (99.728)
Epoch: [37][170/391], lr: 0.01000	Loss 0.3891 (0.3598)	Prec@1 85.938 (87.875)	Prec@5 99.219 (99.726)
Epoch: [37][180/391], lr: 0.01000	Loss 0.3722 (0.3580)	Prec@1 88.281 (87.970)	Prec@5 100.000 (99.732)
Epoch: [37][190/391], lr: 0.01000	Loss 0.3801 (0.3552)	Prec@1 88.281 (88.056)	Prec@5 100.000 (99.746)
Epoch: [37][200/391], lr: 0.01000	Loss 0.3064 (0.3534)	Prec@1 92.188 (88.122)	Prec@5 100.000 (99.747)
Epoch: [37][210/391], lr: 0.01000	Loss 0.3313 (0.3546)	Prec@1 87.500 (88.100)	Prec@5 100.000 (99.741)
Epoch: [37][220/391], lr: 0.01000	Loss 0.3819 (0.3562)	Prec@1 88.281 (88.069)	Prec@5 99.219 (99.721)
Epoch: [37][230/391], lr: 0.01000	Loss 0.4445 (0.3563)	Prec@1 85.938 (88.085)	Prec@5 100.000 (99.723)
Epoch: [37][240/391], lr: 0.01000	Loss 0.3880 (0.3559)	Prec@1 85.938 (88.067)	Prec@5 100.000 (99.721)
Epoch: [37][250/391], lr: 0.01000	Loss 0.4989 (0.3580)	Prec@1 84.375 (88.014)	Prec@5 100.000 (99.711)
Epoch: [37][260/391], lr: 0.01000	Loss 0.2784 (0.3591)	Prec@1 88.281 (87.940)	Prec@5 100.000 (99.704)
Epoch: [37][270/391], lr: 0.01000	Loss 0.4472 (0.3598)	Prec@1 86.719 (87.927)	Prec@5 99.219 (99.706)
Epoch: [37][280/391], lr: 0.01000	Loss 0.2792 (0.3607)	Prec@1 89.062 (87.853)	Prec@5 100.000 (99.705)
Epoch: [37][290/391], lr: 0.01000	Loss 0.4077 (0.3629)	Prec@1 86.719 (87.755)	Prec@5 100.000 (99.707)
Epoch: [37][300/391], lr: 0.01000	Loss 0.5300 (0.3627)	Prec@1 82.812 (87.747)	Prec@5 100.000 (99.707)
Epoch: [37][310/391], lr: 0.01000	Loss 0.3800 (0.3635)	Prec@1 86.719 (87.726)	Prec@5 99.219 (99.706)
Epoch: [37][320/391], lr: 0.01000	Loss 0.3193 (0.3617)	Prec@1 89.844 (87.804)	Prec@5 100.000 (99.708)
Epoch: [37][330/391], lr: 0.01000	Loss 0.3697 (0.3618)	Prec@1 91.406 (87.821)	Prec@5 98.438 (99.698)
Epoch: [37][340/391], lr: 0.01000	Loss 0.3632 (0.3608)	Prec@1 88.281 (87.844)	Prec@5 100.000 (99.700)
Epoch: [37][350/391], lr: 0.01000	Loss 0.3351 (0.3600)	Prec@1 89.844 (87.910)	Prec@5 100.000 (99.697)
Epoch: [37][360/391], lr: 0.01000	Loss 0.4134 (0.3593)	Prec@1 85.938 (87.928)	Prec@5 100.000 (99.704)
Epoch: [37][370/391], lr: 0.01000	Loss 0.3430 (0.3594)	Prec@1 90.625 (87.949)	Prec@5 100.000 (99.697)
Epoch: [37][380/391], lr: 0.01000	Loss 0.3495 (0.3585)	Prec@1 87.500 (87.988)	Prec@5 100.000 (99.701)
Epoch: [37][390/391], lr: 0.01000	Loss 0.3687 (0.3579)	Prec@1 86.250 (87.990)	Prec@5 100.000 (99.706)
Epoch [37] Training Results: Prec@1 87.990 Prec@5 99.706             Loss 0.35787
Epoch [37] Training Class Recall: [0.770,0.846,0.793,0.846,0.887,0.902,0.928,0.934,0.943,0.950]

Epoch: [38][0/391], lr: 0.01000	Loss 0.3080 (0.3080)	Prec@1 88.281 (88.281)	Prec@5 99.219 (99.219)
Epoch: [38][10/391], lr: 0.01000	Loss 0.4327 (0.3347)	Prec@1 85.938 (88.423)	Prec@5 100.000 (99.858)
Epoch: [38][20/391], lr: 0.01000	Loss 0.2984 (0.3216)	Prec@1 93.750 (89.249)	Prec@5 100.000 (99.777)
Epoch: [38][30/391], lr: 0.01000	Loss 0.3013 (0.3376)	Prec@1 89.062 (88.508)	Prec@5 100.000 (99.748)
Epoch: [38][40/391], lr: 0.01000	Loss 0.3301 (0.3385)	Prec@1 89.844 (88.662)	Prec@5 100.000 (99.771)
Epoch: [38][50/391], lr: 0.01000	Loss 0.3492 (0.3382)	Prec@1 87.500 (88.649)	Prec@5 100.000 (99.755)
Epoch: [38][60/391], lr: 0.01000	Loss 0.4623 (0.3435)	Prec@1 84.375 (88.601)	Prec@5 99.219 (99.705)
Epoch: [38][70/391], lr: 0.01000	Loss 0.3758 (0.3518)	Prec@1 87.500 (88.204)	Prec@5 100.000 (99.714)
Epoch: [38][80/391], lr: 0.01000	Loss 0.2969 (0.3507)	Prec@1 90.625 (88.310)	Prec@5 99.219 (99.691)
Epoch: [38][90/391], lr: 0.01000	Loss 0.5245 (0.3479)	Prec@1 82.812 (88.479)	Prec@5 100.000 (99.700)
Epoch: [38][100/391], lr: 0.01000	Loss 0.3159 (0.3520)	Prec@1 88.281 (88.343)	Prec@5 100.000 (99.691)
Epoch: [38][110/391], lr: 0.01000	Loss 0.4892 (0.3565)	Prec@1 88.281 (88.246)	Prec@5 99.219 (99.704)
Epoch: [38][120/391], lr: 0.01000	Loss 0.4513 (0.3573)	Prec@1 84.375 (88.165)	Prec@5 100.000 (99.690)
Epoch: [38][130/391], lr: 0.01000	Loss 0.3989 (0.3555)	Prec@1 85.938 (88.180)	Prec@5 99.219 (99.702)
Epoch: [38][140/391], lr: 0.01000	Loss 0.3646 (0.3546)	Prec@1 89.062 (88.182)	Prec@5 100.000 (99.695)
Epoch: [38][150/391], lr: 0.01000	Loss 0.3165 (0.3543)	Prec@1 89.062 (88.147)	Prec@5 99.219 (99.705)
Epoch: [38][160/391], lr: 0.01000	Loss 0.4321 (0.3536)	Prec@1 86.719 (88.174)	Prec@5 100.000 (99.704)
Epoch: [38][170/391], lr: 0.01000	Loss 0.3268 (0.3517)	Prec@1 86.719 (88.226)	Prec@5 100.000 (99.717)
Epoch: [38][180/391], lr: 0.01000	Loss 0.4663 (0.3520)	Prec@1 82.812 (88.182)	Prec@5 100.000 (99.724)
Epoch: [38][190/391], lr: 0.01000	Loss 0.5075 (0.3535)	Prec@1 83.594 (88.126)	Prec@5 100.000 (99.722)
Epoch: [38][200/391], lr: 0.01000	Loss 0.4027 (0.3563)	Prec@1 86.719 (88.029)	Prec@5 99.219 (99.716)
Epoch: [38][210/391], lr: 0.01000	Loss 0.4273 (0.3581)	Prec@1 85.938 (87.952)	Prec@5 99.219 (99.707)
Epoch: [38][220/391], lr: 0.01000	Loss 0.3647 (0.3568)	Prec@1 87.500 (87.984)	Prec@5 99.219 (99.710)
Epoch: [38][230/391], lr: 0.01000	Loss 0.3746 (0.3591)	Prec@1 84.375 (87.902)	Prec@5 100.000 (99.702)
Epoch: [38][240/391], lr: 0.01000	Loss 0.2794 (0.3591)	Prec@1 89.844 (87.918)	Prec@5 100.000 (99.695)
Epoch: [38][250/391], lr: 0.01000	Loss 0.3446 (0.3592)	Prec@1 85.938 (87.945)	Prec@5 99.219 (99.704)
Epoch: [38][260/391], lr: 0.01000	Loss 0.4185 (0.3594)	Prec@1 82.812 (87.949)	Prec@5 99.219 (99.710)
Epoch: [38][270/391], lr: 0.01000	Loss 0.4344 (0.3610)	Prec@1 83.594 (87.901)	Prec@5 100.000 (99.706)
Epoch: [38][280/391], lr: 0.01000	Loss 0.5554 (0.3625)	Prec@1 87.500 (87.886)	Prec@5 98.438 (99.697)
Epoch: [38][290/391], lr: 0.01000	Loss 0.2336 (0.3632)	Prec@1 92.969 (87.854)	Prec@5 100.000 (99.691)
Epoch: [38][300/391], lr: 0.01000	Loss 0.4083 (0.3632)	Prec@1 85.156 (87.827)	Prec@5 99.219 (99.694)
Epoch: [38][310/391], lr: 0.01000	Loss 0.3727 (0.3633)	Prec@1 83.594 (87.814)	Prec@5 100.000 (99.694)
Epoch: [38][320/391], lr: 0.01000	Loss 0.3672 (0.3625)	Prec@1 89.062 (87.858)	Prec@5 99.219 (99.691)
Epoch: [38][330/391], lr: 0.01000	Loss 0.3995 (0.3632)	Prec@1 88.281 (87.840)	Prec@5 100.000 (99.691)
Epoch: [38][340/391], lr: 0.01000	Loss 0.3370 (0.3629)	Prec@1 85.938 (87.846)	Prec@5 98.438 (99.686)
Epoch: [38][350/391], lr: 0.01000	Loss 0.3246 (0.3627)	Prec@1 87.500 (87.847)	Prec@5 99.219 (99.691)
Epoch: [38][360/391], lr: 0.01000	Loss 0.3099 (0.3627)	Prec@1 92.969 (87.848)	Prec@5 99.219 (99.688)
Epoch: [38][370/391], lr: 0.01000	Loss 0.3903 (0.3626)	Prec@1 87.500 (87.833)	Prec@5 100.000 (99.695)
Epoch: [38][380/391], lr: 0.01000	Loss 0.3273 (0.3616)	Prec@1 89.062 (87.859)	Prec@5 100.000 (99.699)
Epoch: [38][390/391], lr: 0.01000	Loss 0.3487 (0.3621)	Prec@1 90.000 (87.850)	Prec@5 100.000 (99.692)
Epoch [38] Training Results: Prec@1 87.850 Prec@5 99.692             Loss 0.36214
Epoch [38] Training Class Recall: [0.770,0.854,0.791,0.838,0.870,0.902,0.928,0.936,0.950,0.946]

Epoch: [39][0/391], lr: 0.01000	Loss 0.3258 (0.3258)	Prec@1 91.406 (91.406)	Prec@5 100.000 (100.000)
Epoch: [39][10/391], lr: 0.01000	Loss 0.2973 (0.3384)	Prec@1 90.625 (88.920)	Prec@5 100.000 (99.858)
Epoch: [39][20/391], lr: 0.01000	Loss 0.3623 (0.3485)	Prec@1 89.062 (88.690)	Prec@5 99.219 (99.777)
Epoch: [39][30/391], lr: 0.01000	Loss 0.3345 (0.3363)	Prec@1 89.062 (89.037)	Prec@5 99.219 (99.773)
Epoch: [39][40/391], lr: 0.01000	Loss 0.3144 (0.3399)	Prec@1 89.062 (88.986)	Prec@5 100.000 (99.676)
Epoch: [39][50/391], lr: 0.01000	Loss 0.3105 (0.3368)	Prec@1 89.062 (88.940)	Prec@5 100.000 (99.709)
Epoch: [39][60/391], lr: 0.01000	Loss 0.3414 (0.3361)	Prec@1 85.938 (89.037)	Prec@5 99.219 (99.680)
Epoch: [39][70/391], lr: 0.01000	Loss 0.3060 (0.3347)	Prec@1 91.406 (89.051)	Prec@5 100.000 (99.714)
Epoch: [39][80/391], lr: 0.01000	Loss 0.4611 (0.3370)	Prec@1 86.719 (88.927)	Prec@5 99.219 (99.720)
Epoch: [39][90/391], lr: 0.01000	Loss 0.2336 (0.3383)	Prec@1 92.969 (88.891)	Prec@5 100.000 (99.751)
Epoch: [39][100/391], lr: 0.01000	Loss 0.6642 (0.3386)	Prec@1 74.219 (88.838)	Prec@5 100.000 (99.737)
Epoch: [39][110/391], lr: 0.01000	Loss 0.3381 (0.3396)	Prec@1 90.625 (88.809)	Prec@5 100.000 (99.733)
Epoch: [39][120/391], lr: 0.01000	Loss 0.3396 (0.3403)	Prec@1 88.281 (88.707)	Prec@5 100.000 (99.722)
Epoch: [39][130/391], lr: 0.01000	Loss 0.2945 (0.3445)	Prec@1 89.844 (88.532)	Prec@5 100.000 (99.726)
Epoch: [39][140/391], lr: 0.01000	Loss 0.3417 (0.3467)	Prec@1 86.719 (88.442)	Prec@5 100.000 (99.717)
Epoch: [39][150/391], lr: 0.01000	Loss 0.3105 (0.3489)	Prec@1 87.500 (88.349)	Prec@5 100.000 (99.705)
Epoch: [39][160/391], lr: 0.01000	Loss 0.3364 (0.3512)	Prec@1 90.625 (88.267)	Prec@5 100.000 (99.699)
Epoch: [39][170/391], lr: 0.01000	Loss 0.4670 (0.3533)	Prec@1 85.938 (88.162)	Prec@5 100.000 (99.694)
Epoch: [39][180/391], lr: 0.01000	Loss 0.3002 (0.3548)	Prec@1 89.062 (88.143)	Prec@5 100.000 (99.702)
Epoch: [39][190/391], lr: 0.01000	Loss 0.3223 (0.3561)	Prec@1 87.500 (88.044)	Prec@5 100.000 (99.714)
Epoch: [39][200/391], lr: 0.01000	Loss 0.3834 (0.3603)	Prec@1 87.500 (87.920)	Prec@5 99.219 (99.705)
Epoch: [39][210/391], lr: 0.01000	Loss 0.4019 (0.3625)	Prec@1 87.500 (87.837)	Prec@5 99.219 (99.693)
Epoch: [39][220/391], lr: 0.01000	Loss 0.4421 (0.3640)	Prec@1 86.719 (87.744)	Prec@5 100.000 (99.689)
Epoch: [39][230/391], lr: 0.01000	Loss 0.3479 (0.3655)	Prec@1 87.500 (87.723)	Prec@5 100.000 (99.682)
Epoch: [39][240/391], lr: 0.01000	Loss 0.3596 (0.3649)	Prec@1 91.406 (87.727)	Prec@5 100.000 (99.692)
Epoch: [39][250/391], lr: 0.01000	Loss 0.3161 (0.3646)	Prec@1 90.625 (87.715)	Prec@5 100.000 (99.698)
Epoch: [39][260/391], lr: 0.01000	Loss 0.3222 (0.3654)	Prec@1 89.844 (87.722)	Prec@5 100.000 (99.698)
Epoch: [39][270/391], lr: 0.01000	Loss 0.4264 (0.3647)	Prec@1 84.375 (87.765)	Prec@5 99.219 (99.697)
Epoch: [39][280/391], lr: 0.01000	Loss 0.3494 (0.3631)	Prec@1 86.719 (87.764)	Prec@5 100.000 (99.705)
Epoch: [39][290/391], lr: 0.01000	Loss 0.2892 (0.3633)	Prec@1 92.188 (87.817)	Prec@5 100.000 (99.705)
Epoch: [39][300/391], lr: 0.01000	Loss 0.3225 (0.3634)	Prec@1 85.938 (87.819)	Prec@5 100.000 (99.704)
Epoch: [39][310/391], lr: 0.01000	Loss 0.4159 (0.3623)	Prec@1 87.500 (87.864)	Prec@5 99.219 (99.704)
Epoch: [39][320/391], lr: 0.01000	Loss 0.4779 (0.3616)	Prec@1 83.594 (87.882)	Prec@5 99.219 (99.710)
Epoch: [39][330/391], lr: 0.01000	Loss 0.2866 (0.3609)	Prec@1 89.844 (87.899)	Prec@5 100.000 (99.712)
Epoch: [39][340/391], lr: 0.01000	Loss 0.2702 (0.3591)	Prec@1 92.969 (87.967)	Prec@5 99.219 (99.718)
Epoch: [39][350/391], lr: 0.01000	Loss 0.3095 (0.3576)	Prec@1 88.281 (88.023)	Prec@5 99.219 (99.717)
Epoch: [39][360/391], lr: 0.01000	Loss 0.3500 (0.3577)	Prec@1 89.844 (88.052)	Prec@5 99.219 (99.708)
Epoch: [39][370/391], lr: 0.01000	Loss 0.4593 (0.3572)	Prec@1 85.938 (88.092)	Prec@5 100.000 (99.712)
Epoch: [39][380/391], lr: 0.01000	Loss 0.3315 (0.3572)	Prec@1 89.062 (88.070)	Prec@5 100.000 (99.711)
Epoch: [39][390/391], lr: 0.01000	Loss 0.4533 (0.3572)	Prec@1 86.250 (88.090)	Prec@5 98.750 (99.710)
Epoch [39] Training Results: Prec@1 88.090 Prec@5 99.710             Loss 0.35718
Epoch [39] Training Class Recall: [0.782,0.850,0.803,0.836,0.885,0.903,0.929,0.929,0.946,0.947]

Epoch: [40][0/391], lr: 0.01000	Loss 0.3526 (0.3526)	Prec@1 87.500 (87.500)	Prec@5 100.000 (100.000)
Epoch: [40][10/391], lr: 0.01000	Loss 0.3122 (0.3450)	Prec@1 91.406 (88.423)	Prec@5 100.000 (99.787)
Epoch: [40][20/391], lr: 0.01000	Loss 0.4096 (0.3317)	Prec@1 84.375 (88.914)	Prec@5 100.000 (99.777)
Epoch: [40][30/391], lr: 0.01000	Loss 0.2663 (0.3370)	Prec@1 90.625 (88.710)	Prec@5 100.000 (99.647)
Epoch: [40][40/391], lr: 0.01000	Loss 0.1677 (0.3327)	Prec@1 96.094 (89.043)	Prec@5 100.000 (99.619)
Epoch: [40][50/391], lr: 0.01000	Loss 0.3273 (0.3463)	Prec@1 86.719 (88.572)	Prec@5 100.000 (99.648)
Epoch: [40][60/391], lr: 0.01000	Loss 0.4354 (0.3516)	Prec@1 88.281 (88.422)	Prec@5 97.656 (99.629)
Epoch: [40][70/391], lr: 0.01000	Loss 0.3650 (0.3622)	Prec@1 90.625 (88.050)	Prec@5 100.000 (99.637)
Epoch: [40][80/391], lr: 0.01000	Loss 0.3500 (0.3597)	Prec@1 88.281 (88.262)	Prec@5 100.000 (99.662)
Epoch: [40][90/391], lr: 0.01000	Loss 0.3847 (0.3600)	Prec@1 85.938 (88.238)	Prec@5 99.219 (99.639)
Epoch: [40][100/391], lr: 0.01000	Loss 0.3375 (0.3620)	Prec@1 86.719 (88.103)	Prec@5 100.000 (99.644)
Epoch: [40][110/391], lr: 0.01000	Loss 0.2824 (0.3613)	Prec@1 93.750 (88.155)	Prec@5 100.000 (99.655)
Epoch: [40][120/391], lr: 0.01000	Loss 0.4129 (0.3618)	Prec@1 88.281 (88.120)	Prec@5 99.219 (99.651)
Epoch: [40][130/391], lr: 0.01000	Loss 0.3794 (0.3601)	Prec@1 91.406 (88.275)	Prec@5 100.000 (99.660)
Epoch: [40][140/391], lr: 0.01000	Loss 0.3752 (0.3603)	Prec@1 87.500 (88.298)	Prec@5 100.000 (99.684)
Epoch: [40][150/391], lr: 0.01000	Loss 0.2636 (0.3588)	Prec@1 91.406 (88.354)	Prec@5 100.000 (99.695)
Epoch: [40][160/391], lr: 0.01000	Loss 0.4054 (0.3578)	Prec@1 88.281 (88.354)	Prec@5 99.219 (99.694)
Epoch: [40][170/391], lr: 0.01000	Loss 0.2510 (0.3543)	Prec@1 92.969 (88.441)	Prec@5 100.000 (99.703)
Epoch: [40][180/391], lr: 0.01000	Loss 0.2720 (0.3542)	Prec@1 89.062 (88.458)	Prec@5 100.000 (99.689)
Epoch: [40][190/391], lr: 0.01000	Loss 0.3267 (0.3541)	Prec@1 88.281 (88.429)	Prec@5 99.219 (99.693)
Epoch: [40][200/391], lr: 0.01000	Loss 0.5897 (0.3540)	Prec@1 82.812 (88.429)	Prec@5 99.219 (99.689)
Epoch: [40][210/391], lr: 0.01000	Loss 0.4441 (0.3552)	Prec@1 85.938 (88.396)	Prec@5 98.438 (99.682)
Epoch: [40][220/391], lr: 0.01000	Loss 0.4205 (0.3551)	Prec@1 89.844 (88.391)	Prec@5 99.219 (99.689)
Epoch: [40][230/391], lr: 0.01000	Loss 0.3487 (0.3574)	Prec@1 84.375 (88.278)	Prec@5 100.000 (99.692)
Epoch: [40][240/391], lr: 0.01000	Loss 0.4098 (0.3607)	Prec@1 85.156 (88.135)	Prec@5 97.656 (99.686)
Epoch: [40][250/391], lr: 0.01000	Loss 0.3667 (0.3622)	Prec@1 89.062 (88.138)	Prec@5 100.000 (99.679)
Epoch: [40][260/391], lr: 0.01000	Loss 0.4186 (0.3626)	Prec@1 89.844 (88.126)	Prec@5 99.219 (99.677)
Epoch: [40][270/391], lr: 0.01000	Loss 0.4169 (0.3635)	Prec@1 85.156 (88.056)	Prec@5 100.000 (99.683)
Epoch: [40][280/391], lr: 0.01000	Loss 0.3225 (0.3648)	Prec@1 89.062 (88.012)	Prec@5 100.000 (99.689)
Epoch: [40][290/391], lr: 0.01000	Loss 0.3910 (0.3649)	Prec@1 86.719 (88.002)	Prec@5 99.219 (99.689)
Epoch: [40][300/391], lr: 0.01000	Loss 0.4541 (0.3650)	Prec@1 83.594 (87.980)	Prec@5 100.000 (99.686)
Epoch: [40][310/391], lr: 0.01000	Loss 0.2624 (0.3638)	Prec@1 90.625 (88.048)	Prec@5 100.000 (99.688)
Epoch: [40][320/391], lr: 0.01000	Loss 0.3034 (0.3629)	Prec@1 88.281 (88.084)	Prec@5 100.000 (99.691)
Epoch: [40][330/391], lr: 0.01000	Loss 0.2252 (0.3615)	Prec@1 92.969 (88.128)	Prec@5 100.000 (99.698)
Epoch: [40][340/391], lr: 0.01000	Loss 0.4146 (0.3604)	Prec@1 88.281 (88.160)	Prec@5 100.000 (99.700)
Epoch: [40][350/391], lr: 0.01000	Loss 0.2946 (0.3609)	Prec@1 91.406 (88.157)	Prec@5 100.000 (99.702)
Epoch: [40][360/391], lr: 0.01000	Loss 0.4413 (0.3596)	Prec@1 86.719 (88.197)	Prec@5 100.000 (99.708)
Epoch: [40][370/391], lr: 0.01000	Loss 0.3678 (0.3585)	Prec@1 89.062 (88.235)	Prec@5 100.000 (99.707)
Epoch: [40][380/391], lr: 0.01000	Loss 0.4215 (0.3596)	Prec@1 89.062 (88.230)	Prec@5 98.438 (99.699)
Epoch: [40][390/391], lr: 0.01000	Loss 0.4187 (0.3595)	Prec@1 88.750 (88.224)	Prec@5 98.750 (99.698)
Epoch [40] Training Results: Prec@1 88.224 Prec@5 99.698             Loss 0.35946
Epoch [40] Training Class Recall: [0.771,0.856,0.795,0.842,0.881,0.906,0.934,0.935,0.945,0.956]

Epoch: [41][0/391], lr: 0.01000	Loss 0.2551 (0.2551)	Prec@1 92.188 (92.188)	Prec@5 100.000 (100.000)
Epoch: [41][10/391], lr: 0.01000	Loss 0.2834 (0.3257)	Prec@1 90.625 (89.062)	Prec@5 99.219 (99.574)
Epoch: [41][20/391], lr: 0.01000	Loss 0.3415 (0.3254)	Prec@1 89.844 (89.583)	Prec@5 100.000 (99.516)
Epoch: [41][30/391], lr: 0.01000	Loss 0.2656 (0.3313)	Prec@1 91.406 (89.415)	Prec@5 100.000 (99.597)
Epoch: [41][40/391], lr: 0.01000	Loss 0.2116 (0.3217)	Prec@1 92.969 (89.634)	Prec@5 100.000 (99.638)
Epoch: [41][50/391], lr: 0.01000	Loss 0.3386 (0.3150)	Prec@1 89.062 (89.782)	Prec@5 100.000 (99.694)
Epoch: [41][60/391], lr: 0.01000	Loss 0.3171 (0.3170)	Prec@1 89.062 (89.703)	Prec@5 99.219 (99.705)
Epoch: [41][70/391], lr: 0.01000	Loss 0.2813 (0.3178)	Prec@1 88.281 (89.602)	Prec@5 100.000 (99.681)
Epoch: [41][80/391], lr: 0.01000	Loss 0.3529 (0.3157)	Prec@1 89.062 (89.651)	Prec@5 99.219 (99.691)
Epoch: [41][90/391], lr: 0.01000	Loss 0.2967 (0.3172)	Prec@1 89.062 (89.518)	Prec@5 100.000 (99.700)
Epoch: [41][100/391], lr: 0.01000	Loss 0.2854 (0.3201)	Prec@1 93.750 (89.411)	Prec@5 99.219 (99.706)
Epoch: [41][110/391], lr: 0.01000	Loss 0.4047 (0.3173)	Prec@1 89.062 (89.527)	Prec@5 99.219 (99.718)
Epoch: [41][120/391], lr: 0.01000	Loss 0.3331 (0.3184)	Prec@1 88.281 (89.418)	Prec@5 99.219 (99.716)
Epoch: [41][130/391], lr: 0.01000	Loss 0.3577 (0.3180)	Prec@1 87.500 (89.343)	Prec@5 99.219 (99.732)
Epoch: [41][140/391], lr: 0.01000	Loss 0.3659 (0.3179)	Prec@1 89.844 (89.367)	Prec@5 99.219 (99.717)
Epoch: [41][150/391], lr: 0.01000	Loss 0.3766 (0.3186)	Prec@1 88.281 (89.342)	Prec@5 100.000 (99.736)
Epoch: [41][160/391], lr: 0.01000	Loss 0.4019 (0.3205)	Prec@1 86.719 (89.300)	Prec@5 99.219 (99.728)
Epoch: [41][170/391], lr: 0.01000	Loss 0.4199 (0.3228)	Prec@1 87.500 (89.268)	Prec@5 100.000 (99.730)
Epoch: [41][180/391], lr: 0.01000	Loss 0.3070 (0.3242)	Prec@1 90.625 (89.235)	Prec@5 100.000 (99.728)
Epoch: [41][190/391], lr: 0.01000	Loss 0.4501 (0.3264)	Prec@1 85.938 (89.144)	Prec@5 98.438 (99.726)
Epoch: [41][200/391], lr: 0.01000	Loss 0.3573 (0.3266)	Prec@1 87.500 (89.148)	Prec@5 100.000 (99.724)
Epoch: [41][210/391], lr: 0.01000	Loss 0.4193 (0.3296)	Prec@1 88.281 (89.125)	Prec@5 100.000 (99.730)
Epoch: [41][220/391], lr: 0.01000	Loss 0.3100 (0.3290)	Prec@1 90.625 (89.154)	Prec@5 100.000 (99.738)
Epoch: [41][230/391], lr: 0.01000	Loss 0.3574 (0.3279)	Prec@1 87.500 (89.208)	Prec@5 100.000 (99.743)
Epoch: [41][240/391], lr: 0.01000	Loss 0.2806 (0.3279)	Prec@1 92.969 (89.192)	Prec@5 100.000 (99.744)
Epoch: [41][250/391], lr: 0.01000	Loss 0.2883 (0.3270)	Prec@1 89.062 (89.187)	Prec@5 100.000 (99.748)
Epoch: [41][260/391], lr: 0.01000	Loss 0.3561 (0.3276)	Prec@1 85.938 (89.149)	Prec@5 100.000 (99.737)
Epoch: [41][270/391], lr: 0.01000	Loss 0.3257 (0.3271)	Prec@1 88.281 (89.169)	Prec@5 99.219 (99.738)
Epoch: [41][280/391], lr: 0.01000	Loss 0.2918 (0.3271)	Prec@1 92.188 (89.199)	Prec@5 100.000 (99.736)
Epoch: [41][290/391], lr: 0.01000	Loss 0.2648 (0.3288)	Prec@1 90.625 (89.138)	Prec@5 100.000 (99.737)
Epoch: [41][300/391], lr: 0.01000	Loss 0.4027 (0.3288)	Prec@1 85.156 (89.120)	Prec@5 99.219 (99.738)
Epoch: [41][310/391], lr: 0.01000	Loss 0.3347 (0.3295)	Prec@1 88.281 (89.100)	Prec@5 100.000 (99.739)
Epoch: [41][320/391], lr: 0.01000	Loss 0.3515 (0.3313)	Prec@1 90.625 (89.075)	Prec@5 100.000 (99.732)
Epoch: [41][330/391], lr: 0.01000	Loss 0.3925 (0.3322)	Prec@1 85.156 (89.034)	Prec@5 100.000 (99.738)
Epoch: [41][340/391], lr: 0.01000	Loss 0.5140 (0.3331)	Prec@1 82.812 (89.001)	Prec@5 100.000 (99.739)
Epoch: [41][350/391], lr: 0.01000	Loss 0.5106 (0.3344)	Prec@1 84.375 (88.971)	Prec@5 99.219 (99.735)
Epoch: [41][360/391], lr: 0.01000	Loss 0.3919 (0.3353)	Prec@1 89.062 (88.969)	Prec@5 100.000 (99.732)
Epoch: [41][370/391], lr: 0.01000	Loss 0.2811 (0.3353)	Prec@1 85.938 (88.974)	Prec@5 100.000 (99.724)
Epoch: [41][380/391], lr: 0.01000	Loss 0.5352 (0.3368)	Prec@1 84.375 (88.890)	Prec@5 99.219 (99.727)
Epoch: [41][390/391], lr: 0.01000	Loss 0.5511 (0.3380)	Prec@1 78.750 (88.844)	Prec@5 100.000 (99.734)
Epoch [41] Training Results: Prec@1 88.844 Prec@5 99.734             Loss 0.33800
Epoch [41] Training Class Recall: [0.788,0.859,0.812,0.849,0.892,0.913,0.932,0.935,0.953,0.952]

Epoch: [42][0/391], lr: 0.01000	Loss 0.3395 (0.3395)	Prec@1 87.500 (87.500)	Prec@5 100.000 (100.000)
Epoch: [42][10/391], lr: 0.01000	Loss 0.4120 (0.3175)	Prec@1 86.719 (89.986)	Prec@5 100.000 (99.787)
Epoch: [42][20/391], lr: 0.01000	Loss 0.3132 (0.3381)	Prec@1 90.625 (89.025)	Prec@5 98.438 (99.777)
Epoch: [42][30/391], lr: 0.01000	Loss 0.3831 (0.3254)	Prec@1 88.281 (89.415)	Prec@5 100.000 (99.773)
Epoch: [42][40/391], lr: 0.01000	Loss 0.2564 (0.3260)	Prec@1 91.406 (89.367)	Prec@5 100.000 (99.752)
Epoch: [42][50/391], lr: 0.01000	Loss 0.3547 (0.3222)	Prec@1 88.281 (89.445)	Prec@5 100.000 (99.770)
Epoch: [42][60/391], lr: 0.01000	Loss 0.1767 (0.3169)	Prec@1 93.750 (89.562)	Prec@5 100.000 (99.769)
Epoch: [42][70/391], lr: 0.01000	Loss 0.3003 (0.3093)	Prec@1 88.281 (89.855)	Prec@5 100.000 (99.780)
Epoch: [42][80/391], lr: 0.01000	Loss 0.3101 (0.3156)	Prec@1 86.719 (89.593)	Prec@5 100.000 (99.778)
Epoch: [42][90/391], lr: 0.01000	Loss 0.2589 (0.3125)	Prec@1 92.969 (89.698)	Prec@5 98.438 (99.777)
Epoch: [42][100/391], lr: 0.01000	Loss 0.3470 (0.3120)	Prec@1 88.281 (89.712)	Prec@5 100.000 (99.791)
Epoch: [42][110/391], lr: 0.01000	Loss 0.4310 (0.3156)	Prec@1 85.156 (89.640)	Prec@5 100.000 (99.789)
Epoch: [42][120/391], lr: 0.01000	Loss 0.4754 (0.3227)	Prec@1 82.812 (89.431)	Prec@5 99.219 (99.748)
Epoch: [42][130/391], lr: 0.01000	Loss 0.2838 (0.3264)	Prec@1 92.969 (89.301)	Prec@5 100.000 (99.755)
Epoch: [42][140/391], lr: 0.01000	Loss 0.3893 (0.3313)	Prec@1 88.281 (89.123)	Prec@5 100.000 (99.740)
Epoch: [42][150/391], lr: 0.01000	Loss 0.3788 (0.3355)	Prec@1 83.594 (88.944)	Prec@5 100.000 (99.721)
Epoch: [42][160/391], lr: 0.01000	Loss 0.4522 (0.3374)	Prec@1 85.156 (88.927)	Prec@5 100.000 (99.714)
Epoch: [42][170/391], lr: 0.01000	Loss 0.3866 (0.3384)	Prec@1 89.844 (88.898)	Prec@5 99.219 (99.717)
Epoch: [42][180/391], lr: 0.01000	Loss 0.2482 (0.3380)	Prec@1 90.625 (88.855)	Prec@5 100.000 (99.719)
Epoch: [42][190/391], lr: 0.01000	Loss 0.4181 (0.3368)	Prec@1 85.156 (88.891)	Prec@5 100.000 (99.726)
Epoch: [42][200/391], lr: 0.01000	Loss 0.2754 (0.3372)	Prec@1 90.625 (88.899)	Prec@5 99.219 (99.716)
Epoch: [42][210/391], lr: 0.01000	Loss 0.4324 (0.3390)	Prec@1 83.594 (88.814)	Prec@5 100.000 (99.726)
Epoch: [42][220/391], lr: 0.01000	Loss 0.4448 (0.3403)	Prec@1 85.938 (88.751)	Prec@5 98.438 (99.717)
Epoch: [42][230/391], lr: 0.01000	Loss 0.3700 (0.3414)	Prec@1 82.812 (88.701)	Prec@5 100.000 (99.723)
Epoch: [42][240/391], lr: 0.01000	Loss 0.3382 (0.3418)	Prec@1 88.281 (88.696)	Prec@5 99.219 (99.724)
Epoch: [42][250/391], lr: 0.01000	Loss 0.3455 (0.3419)	Prec@1 88.281 (88.677)	Prec@5 100.000 (99.723)
Epoch: [42][260/391], lr: 0.01000	Loss 0.3176 (0.3423)	Prec@1 88.281 (88.670)	Prec@5 99.219 (99.719)
Epoch: [42][270/391], lr: 0.01000	Loss 0.2712 (0.3415)	Prec@1 91.406 (88.679)	Prec@5 100.000 (99.717)
Epoch: [42][280/391], lr: 0.01000	Loss 0.3879 (0.3424)	Prec@1 88.281 (88.665)	Prec@5 99.219 (99.725)
Epoch: [42][290/391], lr: 0.01000	Loss 0.2811 (0.3424)	Prec@1 92.969 (88.673)	Prec@5 100.000 (99.726)
Epoch: [42][300/391], lr: 0.01000	Loss 0.1818 (0.3414)	Prec@1 95.312 (88.704)	Prec@5 100.000 (99.722)
Epoch: [42][310/391], lr: 0.01000	Loss 0.2557 (0.3406)	Prec@1 91.406 (88.741)	Prec@5 100.000 (99.726)
Epoch: [42][320/391], lr: 0.01000	Loss 0.3079 (0.3405)	Prec@1 90.625 (88.770)	Prec@5 99.219 (99.732)
Epoch: [42][330/391], lr: 0.01000	Loss 0.4085 (0.3414)	Prec@1 89.062 (88.723)	Prec@5 99.219 (99.736)
Epoch: [42][340/391], lr: 0.01000	Loss 0.2888 (0.3407)	Prec@1 92.188 (88.721)	Prec@5 100.000 (99.737)
Epoch: [42][350/391], lr: 0.01000	Loss 0.3039 (0.3404)	Prec@1 89.062 (88.729)	Prec@5 100.000 (99.737)
Epoch: [42][360/391], lr: 0.01000	Loss 0.3236 (0.3405)	Prec@1 86.719 (88.714)	Prec@5 99.219 (99.734)
Epoch: [42][370/391], lr: 0.01000	Loss 0.3803 (0.3398)	Prec@1 89.844 (88.770)	Prec@5 100.000 (99.735)
Epoch: [42][380/391], lr: 0.01000	Loss 0.3897 (0.3398)	Prec@1 84.375 (88.765)	Prec@5 100.000 (99.731)
Epoch: [42][390/391], lr: 0.01000	Loss 0.4154 (0.3399)	Prec@1 88.750 (88.758)	Prec@5 100.000 (99.734)
Epoch [42] Training Results: Prec@1 88.758 Prec@5 99.734             Loss 0.33989
Epoch [42] Training Class Recall: [0.786,0.865,0.805,0.851,0.892,0.908,0.934,0.937,0.949,0.948]

Epoch: [43][0/391], lr: 0.01000	Loss 0.2829 (0.2829)	Prec@1 93.750 (93.750)	Prec@5 100.000 (100.000)
Epoch: [43][10/391], lr: 0.01000	Loss 0.2362 (0.3332)	Prec@1 90.625 (89.205)	Prec@5 100.000 (99.716)
Epoch: [43][20/391], lr: 0.01000	Loss 0.4218 (0.3516)	Prec@1 81.250 (88.318)	Prec@5 100.000 (99.702)
Epoch: [43][30/391], lr: 0.01000	Loss 0.3824 (0.3351)	Prec@1 85.938 (88.785)	Prec@5 99.219 (99.773)
Epoch: [43][40/391], lr: 0.01000	Loss 0.3315 (0.3190)	Prec@1 87.500 (89.386)	Prec@5 99.219 (99.790)
Epoch: [43][50/391], lr: 0.01000	Loss 0.3523 (0.3206)	Prec@1 90.625 (89.491)	Prec@5 99.219 (99.770)
Epoch: [43][60/391], lr: 0.01000	Loss 0.3143 (0.3187)	Prec@1 92.969 (89.498)	Prec@5 100.000 (99.795)
Epoch: [43][70/391], lr: 0.01000	Loss 0.4775 (0.3237)	Prec@1 84.375 (89.217)	Prec@5 100.000 (99.780)
Epoch: [43][80/391], lr: 0.01000	Loss 0.2852 (0.3276)	Prec@1 89.844 (88.908)	Prec@5 100.000 (99.778)
Epoch: [43][90/391], lr: 0.01000	Loss 0.5393 (0.3407)	Prec@1 82.812 (88.573)	Prec@5 99.219 (99.768)
Epoch: [43][100/391], lr: 0.01000	Loss 0.3352 (0.3461)	Prec@1 89.062 (88.521)	Prec@5 100.000 (99.760)
Epoch: [43][110/391], lr: 0.01000	Loss 0.2711 (0.3458)	Prec@1 89.844 (88.457)	Prec@5 99.219 (99.754)
Epoch: [43][120/391], lr: 0.01000	Loss 0.3313 (0.3424)	Prec@1 89.062 (88.701)	Prec@5 99.219 (99.748)
Epoch: [43][130/391], lr: 0.01000	Loss 0.3047 (0.3460)	Prec@1 87.500 (88.597)	Prec@5 100.000 (99.744)
Epoch: [43][140/391], lr: 0.01000	Loss 0.3755 (0.3464)	Prec@1 86.719 (88.503)	Prec@5 100.000 (99.740)
Epoch: [43][150/391], lr: 0.01000	Loss 0.3815 (0.3469)	Prec@1 87.500 (88.519)	Prec@5 99.219 (99.752)
Epoch: [43][160/391], lr: 0.01000	Loss 0.4695 (0.3497)	Prec@1 85.938 (88.485)	Prec@5 100.000 (99.723)
Epoch: [43][170/391], lr: 0.01000	Loss 0.3879 (0.3520)	Prec@1 89.844 (88.363)	Prec@5 100.000 (99.740)
Epoch: [43][180/391], lr: 0.01000	Loss 0.4517 (0.3525)	Prec@1 84.375 (88.359)	Prec@5 99.219 (99.741)
Epoch: [43][190/391], lr: 0.01000	Loss 0.3748 (0.3530)	Prec@1 88.281 (88.302)	Prec@5 99.219 (99.742)
Epoch: [43][200/391], lr: 0.01000	Loss 0.4753 (0.3528)	Prec@1 83.594 (88.235)	Prec@5 99.219 (99.743)
Epoch: [43][210/391], lr: 0.01000	Loss 0.3663 (0.3518)	Prec@1 91.406 (88.270)	Prec@5 100.000 (99.748)
Epoch: [43][220/391], lr: 0.01000	Loss 0.3468 (0.3510)	Prec@1 87.500 (88.278)	Prec@5 100.000 (99.753)
Epoch: [43][230/391], lr: 0.01000	Loss 0.3823 (0.3488)	Prec@1 88.281 (88.335)	Prec@5 100.000 (99.750)
Epoch: [43][240/391], lr: 0.01000	Loss 0.3391 (0.3486)	Prec@1 89.844 (88.366)	Prec@5 100.000 (99.750)
Epoch: [43][250/391], lr: 0.01000	Loss 0.3709 (0.3485)	Prec@1 86.719 (88.387)	Prec@5 100.000 (99.754)
Epoch: [43][260/391], lr: 0.01000	Loss 0.3675 (0.3490)	Prec@1 87.500 (88.407)	Prec@5 98.438 (99.752)
Epoch: [43][270/391], lr: 0.01000	Loss 0.2483 (0.3478)	Prec@1 92.188 (88.448)	Prec@5 100.000 (99.749)
Epoch: [43][280/391], lr: 0.01000	Loss 0.3955 (0.3475)	Prec@1 85.938 (88.468)	Prec@5 100.000 (99.750)
Epoch: [43][290/391], lr: 0.01000	Loss 0.2680 (0.3477)	Prec@1 92.188 (88.469)	Prec@5 100.000 (99.748)
Epoch: [43][300/391], lr: 0.01000	Loss 0.2542 (0.3479)	Prec@1 92.188 (88.486)	Prec@5 100.000 (99.751)
Epoch: [43][310/391], lr: 0.01000	Loss 0.3569 (0.3477)	Prec@1 88.281 (88.485)	Prec@5 100.000 (99.751)
Epoch: [43][320/391], lr: 0.01000	Loss 0.4218 (0.3466)	Prec@1 83.594 (88.549)	Prec@5 98.438 (99.749)
Epoch: [43][330/391], lr: 0.01000	Loss 0.3000 (0.3472)	Prec@1 89.844 (88.543)	Prec@5 100.000 (99.747)
Epoch: [43][340/391], lr: 0.01000	Loss 0.2974 (0.3468)	Prec@1 91.406 (88.554)	Prec@5 99.219 (99.746)
Epoch: [43][350/391], lr: 0.01000	Loss 0.2047 (0.3472)	Prec@1 92.969 (88.524)	Prec@5 100.000 (99.744)
Epoch: [43][360/391], lr: 0.01000	Loss 0.3376 (0.3473)	Prec@1 91.406 (88.526)	Prec@5 100.000 (99.747)
Epoch: [43][370/391], lr: 0.01000	Loss 0.4787 (0.3483)	Prec@1 82.031 (88.498)	Prec@5 100.000 (99.745)
Epoch: [43][380/391], lr: 0.01000	Loss 0.4656 (0.3486)	Prec@1 85.938 (88.486)	Prec@5 99.219 (99.742)
Epoch: [43][390/391], lr: 0.01000	Loss 0.5910 (0.3490)	Prec@1 81.250 (88.488)	Prec@5 100.000 (99.740)
Epoch [43] Training Results: Prec@1 88.488 Prec@5 99.740             Loss 0.34901
Epoch [43] Training Class Recall: [0.779,0.852,0.810,0.849,0.890,0.904,0.934,0.932,0.950,0.948]

Epoch: [44][0/391], lr: 0.01000	Loss 0.3393 (0.3393)	Prec@1 89.844 (89.844)	Prec@5 100.000 (100.000)
Epoch: [44][10/391], lr: 0.01000	Loss 0.3775 (0.3474)	Prec@1 85.156 (87.997)	Prec@5 100.000 (99.716)
Epoch: [44][20/391], lr: 0.01000	Loss 0.4403 (0.3511)	Prec@1 87.500 (88.616)	Prec@5 100.000 (99.665)
Epoch: [44][30/391], lr: 0.01000	Loss 0.3472 (0.3426)	Prec@1 89.844 (89.037)	Prec@5 100.000 (99.723)
Epoch: [44][40/391], lr: 0.01000	Loss 0.3672 (0.3357)	Prec@1 86.719 (89.139)	Prec@5 100.000 (99.714)
Epoch: [44][50/391], lr: 0.01000	Loss 0.3753 (0.3301)	Prec@1 83.594 (89.170)	Prec@5 100.000 (99.755)
Epoch: [44][60/391], lr: 0.01000	Loss 0.2836 (0.3261)	Prec@1 89.844 (89.344)	Prec@5 100.000 (99.744)
Epoch: [44][70/391], lr: 0.01000	Loss 0.2552 (0.3256)	Prec@1 89.062 (89.261)	Prec@5 100.000 (99.758)
Epoch: [44][80/391], lr: 0.01000	Loss 0.3322 (0.3285)	Prec@1 92.188 (89.159)	Prec@5 100.000 (99.740)
Epoch: [44][90/391], lr: 0.01000	Loss 0.3785 (0.3283)	Prec@1 86.719 (89.028)	Prec@5 100.000 (99.734)
Epoch: [44][100/391], lr: 0.01000	Loss 0.3849 (0.3342)	Prec@1 85.938 (88.753)	Prec@5 100.000 (99.722)
Epoch: [44][110/391], lr: 0.01000	Loss 0.4491 (0.3323)	Prec@1 85.938 (88.781)	Prec@5 99.219 (99.726)
Epoch: [44][120/391], lr: 0.01000	Loss 0.3508 (0.3323)	Prec@1 87.500 (88.714)	Prec@5 100.000 (99.748)
Epoch: [44][130/391], lr: 0.01000	Loss 0.4415 (0.3351)	Prec@1 85.938 (88.711)	Prec@5 100.000 (99.744)
Epoch: [44][140/391], lr: 0.01000	Loss 0.3735 (0.3346)	Prec@1 90.625 (88.763)	Prec@5 99.219 (99.745)
Epoch: [44][150/391], lr: 0.01000	Loss 0.3388 (0.3342)	Prec@1 88.281 (88.809)	Prec@5 100.000 (99.752)
Epoch: [44][160/391], lr: 0.01000	Loss 0.3739 (0.3380)	Prec@1 92.188 (88.713)	Prec@5 99.219 (99.738)
Epoch: [44][170/391], lr: 0.01000	Loss 0.3332 (0.3374)	Prec@1 89.844 (88.724)	Prec@5 100.000 (99.740)
Epoch: [44][180/391], lr: 0.01000	Loss 0.2812 (0.3379)	Prec@1 90.625 (88.717)	Prec@5 100.000 (99.741)
Epoch: [44][190/391], lr: 0.01000	Loss 0.5299 (0.3388)	Prec@1 83.594 (88.649)	Prec@5 100.000 (99.755)
Epoch: [44][200/391], lr: 0.01000	Loss 0.4542 (0.3402)	Prec@1 85.156 (88.623)	Prec@5 99.219 (99.755)
Epoch: [44][210/391], lr: 0.01000	Loss 0.3725 (0.3403)	Prec@1 87.500 (88.637)	Prec@5 98.438 (99.730)
Epoch: [44][220/391], lr: 0.01000	Loss 0.3842 (0.3424)	Prec@1 88.281 (88.578)	Prec@5 100.000 (99.742)
Epoch: [44][230/391], lr: 0.01000	Loss 0.2653 (0.3433)	Prec@1 92.188 (88.552)	Prec@5 100.000 (99.746)
Epoch: [44][240/391], lr: 0.01000	Loss 0.5234 (0.3443)	Prec@1 82.031 (88.541)	Prec@5 100.000 (99.747)
Epoch: [44][250/391], lr: 0.01000	Loss 0.5026 (0.3450)	Prec@1 83.594 (88.490)	Prec@5 100.000 (99.745)
Epoch: [44][260/391], lr: 0.01000	Loss 0.3147 (0.3456)	Prec@1 88.281 (88.458)	Prec@5 100.000 (99.752)
Epoch: [44][270/391], lr: 0.01000	Loss 0.4202 (0.3482)	Prec@1 90.625 (88.368)	Prec@5 100.000 (99.755)
Epoch: [44][280/391], lr: 0.01000	Loss 0.1974 (0.3488)	Prec@1 93.750 (88.342)	Prec@5 100.000 (99.747)
Epoch: [44][290/391], lr: 0.01000	Loss 0.3784 (0.3495)	Prec@1 87.500 (88.324)	Prec@5 100.000 (99.750)
Epoch: [44][300/391], lr: 0.01000	Loss 0.4702 (0.3494)	Prec@1 82.031 (88.323)	Prec@5 100.000 (99.751)
Epoch: [44][310/391], lr: 0.01000	Loss 0.3114 (0.3491)	Prec@1 89.062 (88.349)	Prec@5 100.000 (99.746)
Epoch: [44][320/391], lr: 0.01000	Loss 0.3822 (0.3495)	Prec@1 87.500 (88.332)	Prec@5 100.000 (99.742)
Epoch: [44][330/391], lr: 0.01000	Loss 0.2782 (0.3492)	Prec@1 86.719 (88.333)	Prec@5 99.219 (99.743)
Epoch: [44][340/391], lr: 0.01000	Loss 0.3384 (0.3488)	Prec@1 90.625 (88.325)	Prec@5 99.219 (99.748)
Epoch: [44][350/391], lr: 0.01000	Loss 0.2836 (0.3481)	Prec@1 91.406 (88.337)	Prec@5 100.000 (99.751)
Epoch: [44][360/391], lr: 0.01000	Loss 0.4375 (0.3498)	Prec@1 85.938 (88.301)	Prec@5 100.000 (99.740)
Epoch: [44][370/391], lr: 0.01000	Loss 0.3906 (0.3499)	Prec@1 89.844 (88.313)	Prec@5 98.438 (99.737)
Epoch: [44][380/391], lr: 0.01000	Loss 0.4159 (0.3506)	Prec@1 89.062 (88.314)	Prec@5 100.000 (99.733)
Epoch: [44][390/391], lr: 0.01000	Loss 0.3316 (0.3508)	Prec@1 88.750 (88.296)	Prec@5 100.000 (99.736)
Epoch [44] Training Results: Prec@1 88.296 Prec@5 99.736             Loss 0.35082
Epoch [44] Training Class Recall: [0.787,0.848,0.805,0.843,0.887,0.909,0.933,0.931,0.944,0.942]

Epoch: [45][0/391], lr: 0.01000	Loss 0.2545 (0.2545)	Prec@1 92.188 (92.188)	Prec@5 100.000 (100.000)
Epoch: [45][10/391], lr: 0.01000	Loss 0.2343 (0.3256)	Prec@1 90.625 (88.920)	Prec@5 100.000 (99.787)
Epoch: [45][20/391], lr: 0.01000	Loss 0.4834 (0.3238)	Prec@1 83.594 (89.360)	Prec@5 100.000 (99.702)
Epoch: [45][30/391], lr: 0.01000	Loss 0.3035 (0.3165)	Prec@1 87.500 (89.390)	Prec@5 100.000 (99.773)
Epoch: [45][40/391], lr: 0.01000	Loss 0.3027 (0.3067)	Prec@1 89.062 (89.825)	Prec@5 100.000 (99.828)
Epoch: [45][50/391], lr: 0.01000	Loss 0.4119 (0.3023)	Prec@1 88.281 (89.966)	Prec@5 98.438 (99.831)
Epoch: [45][60/391], lr: 0.01000	Loss 0.2977 (0.2980)	Prec@1 91.406 (90.138)	Prec@5 99.219 (99.846)
Epoch: [45][70/391], lr: 0.01000	Loss 0.3462 (0.3037)	Prec@1 91.406 (89.943)	Prec@5 98.438 (99.824)
Epoch: [45][80/391], lr: 0.01000	Loss 0.2325 (0.3046)	Prec@1 91.406 (89.988)	Prec@5 100.000 (99.836)
Epoch: [45][90/391], lr: 0.01000	Loss 0.3147 (0.3107)	Prec@1 83.594 (89.827)	Prec@5 100.000 (99.837)
Epoch: [45][100/391], lr: 0.01000	Loss 0.3175 (0.3126)	Prec@1 91.406 (89.813)	Prec@5 100.000 (99.838)
Epoch: [45][110/391], lr: 0.01000	Loss 0.3089 (0.3120)	Prec@1 89.062 (89.766)	Prec@5 100.000 (99.838)
Epoch: [45][120/391], lr: 0.01000	Loss 0.2930 (0.3142)	Prec@1 89.844 (89.650)	Prec@5 100.000 (99.832)
Epoch: [45][130/391], lr: 0.01000	Loss 0.2528 (0.3139)	Prec@1 91.406 (89.605)	Prec@5 100.000 (99.827)
Epoch: [45][140/391], lr: 0.01000	Loss 0.2597 (0.3129)	Prec@1 90.625 (89.605)	Prec@5 100.000 (99.806)
Epoch: [45][150/391], lr: 0.01000	Loss 0.3058 (0.3105)	Prec@1 89.844 (89.678)	Prec@5 99.219 (99.809)
Epoch: [45][160/391], lr: 0.01000	Loss 0.3143 (0.3103)	Prec@1 88.281 (89.693)	Prec@5 100.000 (99.806)
Epoch: [45][170/391], lr: 0.01000	Loss 0.2645 (0.3091)	Prec@1 89.844 (89.716)	Prec@5 99.219 (99.808)
Epoch: [45][180/391], lr: 0.01000	Loss 0.3875 (0.3101)	Prec@1 85.156 (89.710)	Prec@5 99.219 (99.801)
Epoch: [45][190/391], lr: 0.01000	Loss 0.5599 (0.3129)	Prec@1 78.906 (89.598)	Prec@5 100.000 (99.795)
Epoch: [45][200/391], lr: 0.01000	Loss 0.3933 (0.3134)	Prec@1 85.938 (89.552)	Prec@5 100.000 (99.802)
Epoch: [45][210/391], lr: 0.01000	Loss 0.4016 (0.3150)	Prec@1 84.375 (89.466)	Prec@5 100.000 (99.796)
Epoch: [45][220/391], lr: 0.01000	Loss 0.3111 (0.3172)	Prec@1 90.625 (89.377)	Prec@5 100.000 (99.799)
Epoch: [45][230/391], lr: 0.01000	Loss 0.3421 (0.3194)	Prec@1 89.062 (89.276)	Prec@5 100.000 (99.800)
Epoch: [45][240/391], lr: 0.01000	Loss 0.4934 (0.3217)	Prec@1 83.594 (89.208)	Prec@5 100.000 (99.799)
Epoch: [45][250/391], lr: 0.01000	Loss 0.5438 (0.3257)	Prec@1 81.250 (89.078)	Prec@5 99.219 (99.788)
Epoch: [45][260/391], lr: 0.01000	Loss 0.3967 (0.3297)	Prec@1 86.719 (88.919)	Prec@5 100.000 (99.787)
Epoch: [45][270/391], lr: 0.01000	Loss 0.4290 (0.3304)	Prec@1 83.594 (88.904)	Prec@5 100.000 (99.787)
Epoch: [45][280/391], lr: 0.01000	Loss 0.2751 (0.3291)	Prec@1 87.500 (88.949)	Prec@5 100.000 (99.783)
Epoch: [45][290/391], lr: 0.01000	Loss 0.2919 (0.3277)	Prec@1 90.625 (88.985)	Prec@5 99.219 (99.785)
Epoch: [45][300/391], lr: 0.01000	Loss 0.3146 (0.3287)	Prec@1 90.625 (88.959)	Prec@5 99.219 (99.779)
Epoch: [45][310/391], lr: 0.01000	Loss 0.2544 (0.3295)	Prec@1 92.969 (88.952)	Prec@5 100.000 (99.774)
Epoch: [45][320/391], lr: 0.01000	Loss 0.2700 (0.3308)	Prec@1 89.062 (88.904)	Prec@5 100.000 (99.774)
Epoch: [45][330/391], lr: 0.01000	Loss 0.3891 (0.3326)	Prec@1 89.844 (88.843)	Prec@5 99.219 (99.771)
Epoch: [45][340/391], lr: 0.01000	Loss 0.3208 (0.3328)	Prec@1 91.406 (88.838)	Prec@5 100.000 (99.769)
Epoch: [45][350/391], lr: 0.01000	Loss 0.2951 (0.3321)	Prec@1 88.281 (88.864)	Prec@5 100.000 (99.769)
Epoch: [45][360/391], lr: 0.01000	Loss 0.3534 (0.3308)	Prec@1 86.719 (88.905)	Prec@5 99.219 (99.766)
Epoch: [45][370/391], lr: 0.01000	Loss 0.2929 (0.3297)	Prec@1 88.281 (88.940)	Prec@5 100.000 (99.766)
Epoch: [45][380/391], lr: 0.01000	Loss 0.3099 (0.3295)	Prec@1 91.406 (88.956)	Prec@5 100.000 (99.766)
Epoch: [45][390/391], lr: 0.01000	Loss 0.3132 (0.3282)	Prec@1 91.250 (89.002)	Prec@5 100.000 (99.770)
Epoch [45] Training Results: Prec@1 89.002 Prec@5 99.770             Loss 0.32823
Epoch [45] Training Class Recall: [0.791,0.858,0.812,0.850,0.895,0.917,0.937,0.938,0.954,0.949]

Epoch: [46][0/391], lr: 0.01000	Loss 0.3005 (0.3005)	Prec@1 89.844 (89.844)	Prec@5 100.000 (100.000)
Epoch: [46][10/391], lr: 0.01000	Loss 0.3776 (0.2871)	Prec@1 89.062 (90.696)	Prec@5 100.000 (99.858)
Epoch: [46][20/391], lr: 0.01000	Loss 0.3207 (0.2923)	Prec@1 90.625 (90.551)	Prec@5 100.000 (99.777)
Epoch: [46][30/391], lr: 0.01000	Loss 0.2837 (0.2918)	Prec@1 89.844 (90.373)	Prec@5 100.000 (99.773)
Epoch: [46][40/391], lr: 0.01000	Loss 0.2500 (0.2909)	Prec@1 90.625 (90.187)	Prec@5 100.000 (99.790)
Epoch: [46][50/391], lr: 0.01000	Loss 0.4525 (0.2869)	Prec@1 85.938 (90.426)	Prec@5 98.438 (99.801)
Epoch: [46][60/391], lr: 0.01000	Loss 0.4299 (0.2896)	Prec@1 85.938 (90.484)	Prec@5 100.000 (99.821)
Epoch: [46][70/391], lr: 0.01000	Loss 0.3313 (0.2922)	Prec@1 90.625 (90.372)	Prec@5 99.219 (99.824)
Epoch: [46][80/391], lr: 0.01000	Loss 0.2289 (0.2951)	Prec@1 92.969 (90.172)	Prec@5 100.000 (99.797)
Epoch: [46][90/391], lr: 0.01000	Loss 0.4031 (0.3009)	Prec@1 86.719 (89.990)	Prec@5 100.000 (99.794)
Epoch: [46][100/391], lr: 0.01000	Loss 0.5018 (0.3052)	Prec@1 82.812 (89.735)	Prec@5 100.000 (99.807)
Epoch: [46][110/391], lr: 0.01000	Loss 0.3211 (0.3071)	Prec@1 87.500 (89.661)	Prec@5 100.000 (99.817)
Epoch: [46][120/391], lr: 0.01000	Loss 0.2607 (0.3111)	Prec@1 91.406 (89.598)	Prec@5 100.000 (99.800)
Epoch: [46][130/391], lr: 0.01000	Loss 0.3893 (0.3164)	Prec@1 86.719 (89.486)	Prec@5 100.000 (99.773)
Epoch: [46][140/391], lr: 0.01000	Loss 0.5025 (0.3204)	Prec@1 79.688 (89.279)	Prec@5 100.000 (99.740)
Epoch: [46][150/391], lr: 0.01000	Loss 0.4019 (0.3250)	Prec@1 87.500 (89.099)	Prec@5 100.000 (99.726)
Epoch: [46][160/391], lr: 0.01000	Loss 0.3896 (0.3255)	Prec@1 85.156 (89.082)	Prec@5 99.219 (99.723)
Epoch: [46][170/391], lr: 0.01000	Loss 0.4672 (0.3287)	Prec@1 84.375 (88.967)	Prec@5 100.000 (99.726)
Epoch: [46][180/391], lr: 0.01000	Loss 0.4206 (0.3323)	Prec@1 89.844 (88.894)	Prec@5 99.219 (99.732)
Epoch: [46][190/391], lr: 0.01000	Loss 0.4003 (0.3356)	Prec@1 89.062 (88.813)	Prec@5 100.000 (99.730)
Epoch: [46][200/391], lr: 0.01000	Loss 0.3635 (0.3368)	Prec@1 86.719 (88.755)	Prec@5 100.000 (99.728)
Epoch: [46][210/391], lr: 0.01000	Loss 0.5241 (0.3405)	Prec@1 81.250 (88.689)	Prec@5 100.000 (99.722)
Epoch: [46][220/391], lr: 0.01000	Loss 0.4983 (0.3419)	Prec@1 82.812 (88.638)	Prec@5 100.000 (99.721)
Epoch: [46][230/391], lr: 0.01000	Loss 0.3883 (0.3424)	Prec@1 84.375 (88.633)	Prec@5 99.219 (99.719)
Epoch: [46][240/391], lr: 0.01000	Loss 0.3922 (0.3419)	Prec@1 83.594 (88.638)	Prec@5 99.219 (99.715)
Epoch: [46][250/391], lr: 0.01000	Loss 0.3065 (0.3423)	Prec@1 88.281 (88.602)	Prec@5 100.000 (99.717)
Epoch: [46][260/391], lr: 0.01000	Loss 0.4628 (0.3434)	Prec@1 84.375 (88.596)	Prec@5 100.000 (99.725)
Epoch: [46][270/391], lr: 0.01000	Loss 0.2823 (0.3436)	Prec@1 91.406 (88.567)	Prec@5 100.000 (99.732)
Epoch: [46][280/391], lr: 0.01000	Loss 0.2208 (0.3437)	Prec@1 91.406 (88.570)	Prec@5 100.000 (99.722)
Epoch: [46][290/391], lr: 0.01000	Loss 0.3113 (0.3431)	Prec@1 85.938 (88.571)	Prec@5 100.000 (99.723)
Epoch: [46][300/391], lr: 0.01000	Loss 0.3788 (0.3428)	Prec@1 89.062 (88.572)	Prec@5 99.219 (99.725)
Epoch: [46][310/391], lr: 0.01000	Loss 0.3920 (0.3428)	Prec@1 86.719 (88.588)	Prec@5 99.219 (99.724)
Epoch: [46][320/391], lr: 0.01000	Loss 0.3138 (0.3435)	Prec@1 88.281 (88.571)	Prec@5 100.000 (99.723)
Epoch: [46][330/391], lr: 0.01000	Loss 0.2562 (0.3424)	Prec@1 92.188 (88.626)	Prec@5 100.000 (99.714)
Epoch: [46][340/391], lr: 0.01000	Loss 0.1997 (0.3404)	Prec@1 93.750 (88.696)	Prec@5 100.000 (99.711)
Epoch: [46][350/391], lr: 0.01000	Loss 0.2487 (0.3394)	Prec@1 92.969 (88.722)	Prec@5 100.000 (99.713)
Epoch: [46][360/391], lr: 0.01000	Loss 0.2205 (0.3381)	Prec@1 92.969 (88.773)	Prec@5 100.000 (99.710)
Epoch: [46][370/391], lr: 0.01000	Loss 0.3465 (0.3371)	Prec@1 91.406 (88.825)	Prec@5 100.000 (99.716)
Epoch: [46][380/391], lr: 0.01000	Loss 0.2706 (0.3360)	Prec@1 93.750 (88.876)	Prec@5 100.000 (99.719)
Epoch: [46][390/391], lr: 0.01000	Loss 0.4096 (0.3363)	Prec@1 86.250 (88.850)	Prec@5 98.750 (99.720)
Epoch [46] Training Results: Prec@1 88.850 Prec@5 99.720             Loss 0.33632
Epoch [46] Training Class Recall: [0.794,0.858,0.813,0.855,0.886,0.909,0.931,0.937,0.950,0.952]

Epoch: [47][0/391], lr: 0.01000	Loss 0.3884 (0.3884)	Prec@1 89.844 (89.844)	Prec@5 100.000 (100.000)
Epoch: [47][10/391], lr: 0.01000	Loss 0.2296 (0.3450)	Prec@1 93.750 (89.844)	Prec@5 99.219 (99.645)
Epoch: [47][20/391], lr: 0.01000	Loss 0.3250 (0.3112)	Prec@1 91.406 (90.104)	Prec@5 99.219 (99.740)
Epoch: [47][30/391], lr: 0.01000	Loss 0.2210 (0.3028)	Prec@1 92.969 (90.247)	Prec@5 100.000 (99.773)
Epoch: [47][40/391], lr: 0.01000	Loss 0.4417 (0.3061)	Prec@1 85.156 (90.072)	Prec@5 99.219 (99.752)
Epoch: [47][50/391], lr: 0.01000	Loss 0.2501 (0.3084)	Prec@1 92.969 (90.028)	Prec@5 100.000 (99.786)
Epoch: [47][60/391], lr: 0.01000	Loss 0.3281 (0.3104)	Prec@1 89.062 (89.908)	Prec@5 99.219 (99.744)
Epoch: [47][70/391], lr: 0.01000	Loss 0.3842 (0.3106)	Prec@1 89.062 (89.855)	Prec@5 99.219 (99.747)
Epoch: [47][80/391], lr: 0.01000	Loss 0.3886 (0.3203)	Prec@1 88.281 (89.468)	Prec@5 99.219 (99.720)
Epoch: [47][90/391], lr: 0.01000	Loss 0.3059 (0.3243)	Prec@1 90.625 (89.183)	Prec@5 100.000 (99.734)
Epoch: [47][100/391], lr: 0.01000	Loss 0.3243 (0.3295)	Prec@1 87.500 (89.055)	Prec@5 100.000 (99.745)
Epoch: [47][110/391], lr: 0.01000	Loss 0.4014 (0.3307)	Prec@1 87.500 (88.999)	Prec@5 100.000 (99.754)
Epoch: [47][120/391], lr: 0.01000	Loss 0.4006 (0.3335)	Prec@1 88.281 (88.895)	Prec@5 100.000 (99.761)
Epoch: [47][130/391], lr: 0.01000	Loss 0.3454 (0.3348)	Prec@1 85.938 (88.830)	Prec@5 100.000 (99.767)
Epoch: [47][140/391], lr: 0.01000	Loss 0.3789 (0.3385)	Prec@1 85.156 (88.730)	Prec@5 100.000 (99.756)
Epoch: [47][150/391], lr: 0.01000	Loss 0.3727 (0.3396)	Prec@1 86.719 (88.716)	Prec@5 100.000 (99.772)
Epoch: [47][160/391], lr: 0.01000	Loss 0.2367 (0.3390)	Prec@1 94.531 (88.718)	Prec@5 100.000 (99.767)
Epoch: [47][170/391], lr: 0.01000	Loss 0.3701 (0.3382)	Prec@1 92.188 (88.766)	Prec@5 99.219 (99.753)
Epoch: [47][180/391], lr: 0.01000	Loss 0.2343 (0.3372)	Prec@1 92.969 (88.769)	Prec@5 100.000 (99.758)
Epoch: [47][190/391], lr: 0.01000	Loss 0.4066 (0.3380)	Prec@1 86.719 (88.784)	Prec@5 99.219 (99.755)
Epoch: [47][200/391], lr: 0.01000	Loss 0.2960 (0.3366)	Prec@1 94.531 (88.845)	Prec@5 100.000 (99.755)
Epoch: [47][210/391], lr: 0.01000	Loss 0.3678 (0.3362)	Prec@1 85.156 (88.888)	Prec@5 99.219 (99.752)
Epoch: [47][220/391], lr: 0.01000	Loss 0.2804 (0.3331)	Prec@1 89.844 (88.971)	Prec@5 100.000 (99.756)
Epoch: [47][230/391], lr: 0.01000	Loss 0.2241 (0.3323)	Prec@1 91.406 (89.008)	Prec@5 100.000 (99.746)
Epoch: [47][240/391], lr: 0.01000	Loss 0.2646 (0.3320)	Prec@1 91.406 (89.014)	Prec@5 100.000 (99.757)
Epoch: [47][250/391], lr: 0.01000	Loss 0.5918 (0.3336)	Prec@1 83.594 (88.929)	Prec@5 99.219 (99.751)
Epoch: [47][260/391], lr: 0.01000	Loss 0.3159 (0.3339)	Prec@1 89.844 (88.907)	Prec@5 100.000 (99.755)
Epoch: [47][270/391], lr: 0.01000	Loss 0.3835 (0.3346)	Prec@1 86.719 (88.881)	Prec@5 100.000 (99.749)
Epoch: [47][280/391], lr: 0.01000	Loss 0.5184 (0.3347)	Prec@1 80.469 (88.901)	Prec@5 100.000 (99.755)
Epoch: [47][290/391], lr: 0.01000	Loss 0.4521 (0.3358)	Prec@1 88.281 (88.842)	Prec@5 100.000 (99.761)
Epoch: [47][300/391], lr: 0.01000	Loss 0.2948 (0.3370)	Prec@1 92.969 (88.824)	Prec@5 100.000 (99.756)
Epoch: [47][310/391], lr: 0.01000	Loss 0.3342 (0.3367)	Prec@1 90.625 (88.829)	Prec@5 100.000 (99.761)
Epoch: [47][320/391], lr: 0.01000	Loss 0.2735 (0.3367)	Prec@1 92.188 (88.822)	Prec@5 99.219 (99.761)
Epoch: [47][330/391], lr: 0.01000	Loss 0.4084 (0.3371)	Prec@1 88.281 (88.862)	Prec@5 99.219 (99.755)
Epoch: [47][340/391], lr: 0.01000	Loss 0.3040 (0.3362)	Prec@1 89.062 (88.870)	Prec@5 100.000 (99.757)
Epoch: [47][350/391], lr: 0.01000	Loss 0.2814 (0.3350)	Prec@1 89.844 (88.929)	Prec@5 100.000 (99.762)
Epoch: [47][360/391], lr: 0.01000	Loss 0.2041 (0.3339)	Prec@1 92.969 (88.969)	Prec@5 99.219 (99.764)
Epoch: [47][370/391], lr: 0.01000	Loss 0.3319 (0.3332)	Prec@1 91.406 (88.997)	Prec@5 100.000 (99.760)
Epoch: [47][380/391], lr: 0.01000	Loss 0.2957 (0.3324)	Prec@1 91.406 (89.019)	Prec@5 99.219 (99.760)
Epoch: [47][390/391], lr: 0.01000	Loss 0.2204 (0.3320)	Prec@1 92.500 (89.042)	Prec@5 100.000 (99.758)
Epoch [47] Training Results: Prec@1 89.042 Prec@5 99.758             Loss 0.33199
Epoch [47] Training Class Recall: [0.788,0.858,0.819,0.856,0.895,0.909,0.935,0.940,0.951,0.953]

Epoch: [48][0/391], lr: 0.01000	Loss 0.2541 (0.2541)	Prec@1 89.844 (89.844)	Prec@5 100.000 (100.000)
Epoch: [48][10/391], lr: 0.01000	Loss 0.3225 (0.3031)	Prec@1 89.062 (90.341)	Prec@5 99.219 (99.787)
Epoch: [48][20/391], lr: 0.01000	Loss 0.3219 (0.3006)	Prec@1 92.188 (89.918)	Prec@5 99.219 (99.740)
Epoch: [48][30/391], lr: 0.01000	Loss 0.5002 (0.2986)	Prec@1 83.594 (90.423)	Prec@5 100.000 (99.723)
Epoch: [48][40/391], lr: 0.01000	Loss 0.3295 (0.2995)	Prec@1 87.500 (90.244)	Prec@5 100.000 (99.752)
Epoch: [48][50/391], lr: 0.01000	Loss 0.2347 (0.3030)	Prec@1 92.188 (90.043)	Prec@5 100.000 (99.755)
Epoch: [48][60/391], lr: 0.01000	Loss 0.3767 (0.3082)	Prec@1 88.281 (89.728)	Prec@5 98.438 (99.744)
Epoch: [48][70/391], lr: 0.01000	Loss 0.4034 (0.3162)	Prec@1 88.281 (89.558)	Prec@5 100.000 (99.758)
Epoch: [48][80/391], lr: 0.01000	Loss 0.3167 (0.3153)	Prec@1 87.500 (89.583)	Prec@5 100.000 (99.759)
Epoch: [48][90/391], lr: 0.01000	Loss 0.2775 (0.3163)	Prec@1 91.406 (89.629)	Prec@5 100.000 (99.768)
Epoch: [48][100/391], lr: 0.01000	Loss 0.2318 (0.3143)	Prec@1 92.188 (89.674)	Prec@5 100.000 (99.752)
Epoch: [48][110/391], lr: 0.01000	Loss 0.4344 (0.3176)	Prec@1 86.719 (89.548)	Prec@5 99.219 (99.747)
Epoch: [48][120/391], lr: 0.01000	Loss 0.3442 (0.3169)	Prec@1 85.938 (89.534)	Prec@5 100.000 (99.729)
Epoch: [48][130/391], lr: 0.01000	Loss 0.2282 (0.3147)	Prec@1 92.969 (89.671)	Prec@5 100.000 (99.720)
Epoch: [48][140/391], lr: 0.01000	Loss 0.2547 (0.3136)	Prec@1 89.062 (89.694)	Prec@5 100.000 (99.723)
Epoch: [48][150/391], lr: 0.01000	Loss 0.2049 (0.3125)	Prec@1 94.531 (89.699)	Prec@5 99.219 (99.726)
Epoch: [48][160/391], lr: 0.01000	Loss 0.2161 (0.3111)	Prec@1 93.750 (89.703)	Prec@5 100.000 (99.733)
Epoch: [48][170/391], lr: 0.01000	Loss 0.3430 (0.3122)	Prec@1 88.281 (89.688)	Prec@5 99.219 (99.721)
Epoch: [48][180/391], lr: 0.01000	Loss 0.2664 (0.3100)	Prec@1 92.969 (89.792)	Prec@5 100.000 (99.728)
Epoch: [48][190/391], lr: 0.01000	Loss 0.2396 (0.3097)	Prec@1 90.625 (89.741)	Prec@5 100.000 (99.734)
Epoch: [48][200/391], lr: 0.01000	Loss 0.3965 (0.3123)	Prec@1 85.156 (89.661)	Prec@5 100.000 (99.732)
Epoch: [48][210/391], lr: 0.01000	Loss 0.4400 (0.3145)	Prec@1 85.156 (89.629)	Prec@5 100.000 (99.730)
Epoch: [48][220/391], lr: 0.01000	Loss 0.4062 (0.3163)	Prec@1 85.156 (89.526)	Prec@5 98.438 (99.728)
Epoch: [48][230/391], lr: 0.01000	Loss 0.3501 (0.3171)	Prec@1 87.500 (89.478)	Prec@5 100.000 (99.729)
Epoch: [48][240/391], lr: 0.01000	Loss 0.2794 (0.3183)	Prec@1 89.844 (89.406)	Prec@5 100.000 (99.731)
Epoch: [48][250/391], lr: 0.01000	Loss 0.1957 (0.3194)	Prec@1 92.188 (89.380)	Prec@5 100.000 (99.732)
Epoch: [48][260/391], lr: 0.01000	Loss 0.3537 (0.3202)	Prec@1 85.938 (89.368)	Prec@5 100.000 (99.725)
Epoch: [48][270/391], lr: 0.01000	Loss 0.2655 (0.3189)	Prec@1 91.406 (89.411)	Prec@5 100.000 (99.726)
Epoch: [48][280/391], lr: 0.01000	Loss 0.2320 (0.3181)	Prec@1 89.062 (89.418)	Prec@5 100.000 (99.733)
Epoch: [48][290/391], lr: 0.01000	Loss 0.3999 (0.3186)	Prec@1 85.156 (89.398)	Prec@5 100.000 (99.734)
Epoch: [48][300/391], lr: 0.01000	Loss 0.3735 (0.3186)	Prec@1 91.406 (89.418)	Prec@5 100.000 (99.740)
Epoch: [48][310/391], lr: 0.01000	Loss 0.2956 (0.3190)	Prec@1 87.500 (89.371)	Prec@5 100.000 (99.736)
Epoch: [48][320/391], lr: 0.01000	Loss 0.4725 (0.3203)	Prec@1 87.500 (89.345)	Prec@5 98.438 (99.725)
Epoch: [48][330/391], lr: 0.01000	Loss 0.2831 (0.3207)	Prec@1 91.406 (89.336)	Prec@5 100.000 (99.731)
Epoch: [48][340/391], lr: 0.01000	Loss 0.3667 (0.3230)	Prec@1 86.719 (89.248)	Prec@5 100.000 (99.732)
Epoch: [48][350/391], lr: 0.01000	Loss 0.3010 (0.3240)	Prec@1 88.281 (89.194)	Prec@5 99.219 (99.735)
Epoch: [48][360/391], lr: 0.01000	Loss 0.3342 (0.3249)	Prec@1 88.281 (89.164)	Prec@5 100.000 (99.736)
Epoch: [48][370/391], lr: 0.01000	Loss 0.3983 (0.3262)	Prec@1 84.375 (89.115)	Prec@5 100.000 (99.735)
Epoch: [48][380/391], lr: 0.01000	Loss 0.3023 (0.3281)	Prec@1 90.625 (89.069)	Prec@5 99.219 (99.733)
Epoch: [48][390/391], lr: 0.01000	Loss 0.2308 (0.3295)	Prec@1 92.500 (89.028)	Prec@5 100.000 (99.728)
Epoch [48] Training Results: Prec@1 89.028 Prec@5 99.728             Loss 0.32946
Epoch [48] Training Class Recall: [0.783,0.859,0.814,0.867,0.897,0.916,0.932,0.933,0.952,0.949]

Epoch: [49][0/391], lr: 0.01000	Loss 0.4792 (0.4792)	Prec@1 84.375 (84.375)	Prec@5 100.000 (100.000)
Epoch: [49][10/391], lr: 0.01000	Loss 0.3990 (0.3669)	Prec@1 85.156 (87.997)	Prec@5 100.000 (100.000)
Epoch: [49][20/391], lr: 0.01000	Loss 0.3710 (0.3726)	Prec@1 85.938 (87.946)	Prec@5 100.000 (99.814)
Epoch: [49][30/391], lr: 0.01000	Loss 0.4131 (0.3630)	Prec@1 86.719 (88.054)	Prec@5 100.000 (99.798)
Epoch: [49][40/391], lr: 0.01000	Loss 0.3011 (0.3549)	Prec@1 89.844 (88.110)	Prec@5 100.000 (99.752)
Epoch: [49][50/391], lr: 0.01000	Loss 0.3148 (0.3461)	Prec@1 89.844 (88.434)	Prec@5 100.000 (99.786)
Epoch: [49][60/391], lr: 0.01000	Loss 0.1779 (0.3353)	Prec@1 94.531 (88.896)	Prec@5 100.000 (99.769)
Epoch: [49][70/391], lr: 0.01000	Loss 0.3574 (0.3317)	Prec@1 86.719 (89.051)	Prec@5 100.000 (99.758)
Epoch: [49][80/391], lr: 0.01000	Loss 0.2576 (0.3268)	Prec@1 92.188 (89.246)	Prec@5 99.219 (99.759)
Epoch: [49][90/391], lr: 0.01000	Loss 0.2833 (0.3246)	Prec@1 90.625 (89.208)	Prec@5 100.000 (99.751)
Epoch: [49][100/391], lr: 0.01000	Loss 0.2635 (0.3204)	Prec@1 93.750 (89.418)	Prec@5 100.000 (99.768)
Epoch: [49][110/391], lr: 0.01000	Loss 0.3100 (0.3192)	Prec@1 87.500 (89.457)	Prec@5 100.000 (99.768)
Epoch: [49][120/391], lr: 0.01000	Loss 0.4830 (0.3228)	Prec@1 85.938 (89.398)	Prec@5 98.438 (99.761)
Epoch: [49][130/391], lr: 0.01000	Loss 0.4448 (0.3235)	Prec@1 84.375 (89.349)	Prec@5 98.438 (99.744)
Epoch: [49][140/391], lr: 0.01000	Loss 0.4813 (0.3229)	Prec@1 85.156 (89.384)	Prec@5 99.219 (99.751)
Epoch: [49][150/391], lr: 0.01000	Loss 0.3840 (0.3244)	Prec@1 85.156 (89.295)	Prec@5 100.000 (99.741)
Epoch: [49][160/391], lr: 0.01000	Loss 0.3641 (0.3244)	Prec@1 91.406 (89.349)	Prec@5 99.219 (99.748)
Epoch: [49][170/391], lr: 0.01000	Loss 0.1879 (0.3229)	Prec@1 94.531 (89.382)	Prec@5 100.000 (99.753)
Epoch: [49][180/391], lr: 0.01000	Loss 0.3012 (0.3228)	Prec@1 91.406 (89.347)	Prec@5 100.000 (99.767)
Epoch: [49][190/391], lr: 0.01000	Loss 0.4822 (0.3229)	Prec@1 85.156 (89.332)	Prec@5 98.438 (99.763)
Epoch: [49][200/391], lr: 0.01000	Loss 0.3609 (0.3228)	Prec@1 86.719 (89.335)	Prec@5 100.000 (99.771)
Epoch: [49][210/391], lr: 0.01000	Loss 0.2912 (0.3224)	Prec@1 89.844 (89.329)	Prec@5 99.219 (99.774)
Epoch: [49][220/391], lr: 0.01000	Loss 0.4113 (0.3241)	Prec@1 86.719 (89.282)	Prec@5 98.438 (99.770)
Epoch: [49][230/391], lr: 0.01000	Loss 0.3889 (0.3253)	Prec@1 85.938 (89.255)	Prec@5 100.000 (99.777)
Epoch: [49][240/391], lr: 0.01000	Loss 0.3835 (0.3289)	Prec@1 85.156 (89.137)	Prec@5 100.000 (99.776)
Epoch: [49][250/391], lr: 0.01000	Loss 0.2715 (0.3286)	Prec@1 89.062 (89.103)	Prec@5 100.000 (99.782)
Epoch: [49][260/391], lr: 0.01000	Loss 0.3380 (0.3296)	Prec@1 89.844 (89.062)	Prec@5 99.219 (99.778)
Epoch: [49][270/391], lr: 0.01000	Loss 0.3368 (0.3301)	Prec@1 89.062 (89.013)	Prec@5 100.000 (99.778)
Epoch: [49][280/391], lr: 0.01000	Loss 0.2925 (0.3291)	Prec@1 89.844 (89.049)	Prec@5 100.000 (99.780)
Epoch: [49][290/391], lr: 0.01000	Loss 0.2442 (0.3302)	Prec@1 89.844 (88.993)	Prec@5 100.000 (99.783)
Epoch: [49][300/391], lr: 0.01000	Loss 0.3338 (0.3304)	Prec@1 88.281 (88.990)	Prec@5 99.219 (99.782)
Epoch: [49][310/391], lr: 0.01000	Loss 0.4761 (0.3310)	Prec@1 83.594 (88.982)	Prec@5 100.000 (99.779)
Epoch: [49][320/391], lr: 0.01000	Loss 0.2070 (0.3310)	Prec@1 93.750 (88.968)	Prec@5 100.000 (99.774)
Epoch: [49][330/391], lr: 0.01000	Loss 0.4111 (0.3298)	Prec@1 85.938 (89.008)	Prec@5 100.000 (99.776)
Epoch: [49][340/391], lr: 0.01000	Loss 0.3799 (0.3290)	Prec@1 88.281 (89.046)	Prec@5 100.000 (99.782)
Epoch: [49][350/391], lr: 0.01000	Loss 0.4999 (0.3295)	Prec@1 84.375 (89.036)	Prec@5 100.000 (99.786)
Epoch: [49][360/391], lr: 0.01000	Loss 0.2673 (0.3282)	Prec@1 89.844 (89.084)	Prec@5 100.000 (99.788)
Epoch: [49][370/391], lr: 0.01000	Loss 0.4013 (0.3284)	Prec@1 84.375 (89.092)	Prec@5 100.000 (99.789)
Epoch: [49][380/391], lr: 0.01000	Loss 0.2064 (0.3273)	Prec@1 92.188 (89.122)	Prec@5 100.000 (99.795)
Epoch: [49][390/391], lr: 0.01000	Loss 0.3007 (0.3269)	Prec@1 91.250 (89.118)	Prec@5 100.000 (99.794)
Epoch [49] Training Results: Prec@1 89.118 Prec@5 99.794             Loss 0.32690
Epoch [49] Training Class Recall: [0.786,0.860,0.812,0.851,0.893,0.921,0.940,0.946,0.950,0.954]

Epoch: [50][0/391], lr: 0.01000	Loss 0.3667 (0.3667)	Prec@1 90.625 (90.625)	Prec@5 100.000 (100.000)
Epoch: [50][10/391], lr: 0.01000	Loss 0.3228 (0.2976)	Prec@1 88.281 (90.412)	Prec@5 100.000 (99.929)
Epoch: [50][20/391], lr: 0.01000	Loss 0.3216 (0.3031)	Prec@1 92.188 (90.141)	Prec@5 99.219 (99.777)
Epoch: [50][30/391], lr: 0.01000	Loss 0.3266 (0.3079)	Prec@1 90.625 (90.171)	Prec@5 100.000 (99.723)
Epoch: [50][40/391], lr: 0.01000	Loss 0.4776 (0.3186)	Prec@1 84.375 (89.768)	Prec@5 99.219 (99.714)
Epoch: [50][50/391], lr: 0.01000	Loss 0.3336 (0.3220)	Prec@1 88.281 (89.568)	Prec@5 100.000 (99.724)
Epoch: [50][60/391], lr: 0.01000	Loss 0.3266 (0.3240)	Prec@1 89.062 (89.485)	Prec@5 100.000 (99.731)
Epoch: [50][70/391], lr: 0.01000	Loss 0.1648 (0.3226)	Prec@1 93.750 (89.404)	Prec@5 100.000 (99.714)
Epoch: [50][80/391], lr: 0.01000	Loss 0.2656 (0.3243)	Prec@1 90.625 (89.226)	Prec@5 100.000 (99.701)
Epoch: [50][90/391], lr: 0.01000	Loss 0.3161 (0.3208)	Prec@1 87.500 (89.320)	Prec@5 100.000 (99.708)
Epoch: [50][100/391], lr: 0.01000	Loss 0.3011 (0.3219)	Prec@1 88.281 (89.287)	Prec@5 100.000 (99.714)
Epoch: [50][110/391], lr: 0.01000	Loss 0.2459 (0.3198)	Prec@1 91.406 (89.330)	Prec@5 100.000 (99.718)
Epoch: [50][120/391], lr: 0.01000	Loss 0.2536 (0.3164)	Prec@1 91.406 (89.482)	Prec@5 100.000 (99.722)
Epoch: [50][130/391], lr: 0.01000	Loss 0.3388 (0.3188)	Prec@1 89.062 (89.385)	Prec@5 99.219 (99.714)
Epoch: [50][140/391], lr: 0.01000	Loss 0.4883 (0.3194)	Prec@1 84.375 (89.334)	Prec@5 100.000 (99.717)
Epoch: [50][150/391], lr: 0.01000	Loss 0.3284 (0.3205)	Prec@1 89.844 (89.295)	Prec@5 100.000 (99.731)
Epoch: [50][160/391], lr: 0.01000	Loss 0.4587 (0.3243)	Prec@1 85.938 (89.179)	Prec@5 98.438 (99.719)
Epoch: [50][170/391], lr: 0.01000	Loss 0.3950 (0.3253)	Prec@1 89.062 (89.195)	Prec@5 100.000 (99.717)
Epoch: [50][180/391], lr: 0.01000	Loss 0.3738 (0.3275)	Prec@1 89.062 (89.088)	Prec@5 100.000 (99.724)
Epoch: [50][190/391], lr: 0.01000	Loss 0.4256 (0.3279)	Prec@1 82.812 (89.112)	Prec@5 100.000 (99.722)
Epoch: [50][200/391], lr: 0.01000	Loss 0.4782 (0.3292)	Prec@1 85.156 (89.035)	Prec@5 100.000 (99.732)
Epoch: [50][210/391], lr: 0.01000	Loss 0.3277 (0.3302)	Prec@1 88.281 (89.011)	Prec@5 100.000 (99.733)
Epoch: [50][220/391], lr: 0.01000	Loss 0.3128 (0.3313)	Prec@1 92.188 (88.971)	Prec@5 99.219 (99.724)
Epoch: [50][230/391], lr: 0.01000	Loss 0.3833 (0.3316)	Prec@1 90.625 (88.951)	Prec@5 100.000 (99.729)
Epoch: [50][240/391], lr: 0.01000	Loss 0.5049 (0.3320)	Prec@1 82.031 (88.956)	Prec@5 99.219 (99.724)
Epoch: [50][250/391], lr: 0.01000	Loss 0.4073 (0.3331)	Prec@1 88.281 (88.950)	Prec@5 99.219 (99.732)
Epoch: [50][260/391], lr: 0.01000	Loss 0.3509 (0.3334)	Prec@1 88.281 (88.946)	Prec@5 100.000 (99.737)
Epoch: [50][270/391], lr: 0.01000	Loss 0.3681 (0.3339)	Prec@1 88.281 (88.904)	Prec@5 100.000 (99.723)
Epoch: [50][280/391], lr: 0.01000	Loss 0.2457 (0.3331)	Prec@1 93.750 (88.929)	Prec@5 99.219 (99.728)
Epoch: [50][290/391], lr: 0.01000	Loss 0.2081 (0.3324)	Prec@1 89.844 (88.966)	Prec@5 100.000 (99.729)
Epoch: [50][300/391], lr: 0.01000	Loss 0.4240 (0.3317)	Prec@1 89.062 (88.998)	Prec@5 99.219 (99.727)
Epoch: [50][310/391], lr: 0.01000	Loss 0.3114 (0.3303)	Prec@1 88.281 (89.035)	Prec@5 100.000 (99.736)
Epoch: [50][320/391], lr: 0.01000	Loss 0.3787 (0.3289)	Prec@1 89.062 (89.080)	Prec@5 100.000 (99.744)
Epoch: [50][330/391], lr: 0.01000	Loss 0.2916 (0.3284)	Prec@1 92.188 (89.105)	Prec@5 100.000 (99.745)
Epoch: [50][340/391], lr: 0.01000	Loss 0.2611 (0.3285)	Prec@1 90.625 (89.083)	Prec@5 100.000 (99.748)
Epoch: [50][350/391], lr: 0.01000	Loss 0.3609 (0.3290)	Prec@1 91.406 (89.089)	Prec@5 100.000 (99.744)
Epoch: [50][360/391], lr: 0.01000	Loss 0.3182 (0.3283)	Prec@1 90.625 (89.149)	Prec@5 100.000 (99.738)
Epoch: [50][370/391], lr: 0.01000	Loss 0.2372 (0.3269)	Prec@1 93.750 (89.201)	Prec@5 100.000 (99.741)
Epoch: [50][380/391], lr: 0.01000	Loss 0.3762 (0.3266)	Prec@1 86.719 (89.214)	Prec@5 100.000 (99.742)
Epoch: [50][390/391], lr: 0.01000	Loss 0.2710 (0.3254)	Prec@1 91.250 (89.236)	Prec@5 100.000 (99.744)
Epoch [50] Training Results: Prec@1 89.236 Prec@5 99.744             Loss 0.32539
Epoch [50] Training Class Recall: [0.794,0.861,0.826,0.868,0.891,0.913,0.931,0.934,0.951,0.955]

Epoch: [51][0/391], lr: 0.01000	Loss 0.3705 (0.3705)	Prec@1 85.938 (85.938)	Prec@5 100.000 (100.000)
Epoch: [51][10/391], lr: 0.01000	Loss 0.2086 (0.2957)	Prec@1 92.969 (89.560)	Prec@5 100.000 (99.929)
Epoch: [51][20/391], lr: 0.01000	Loss 0.3406 (0.2940)	Prec@1 89.062 (89.807)	Prec@5 100.000 (99.963)
Epoch: [51][30/391], lr: 0.01000	Loss 0.4644 (0.3153)	Prec@1 85.938 (89.289)	Prec@5 99.219 (99.874)
Epoch: [51][40/391], lr: 0.01000	Loss 0.3869 (0.3198)	Prec@1 87.500 (89.082)	Prec@5 100.000 (99.848)
Epoch: [51][50/391], lr: 0.01000	Loss 0.3575 (0.3283)	Prec@1 87.500 (88.756)	Prec@5 99.219 (99.847)
Epoch: [51][60/391], lr: 0.01000	Loss 0.4968 (0.3268)	Prec@1 88.281 (88.870)	Prec@5 100.000 (99.859)
Epoch: [51][70/391], lr: 0.01000	Loss 0.3528 (0.3294)	Prec@1 89.844 (88.765)	Prec@5 100.000 (99.857)
Epoch: [51][80/391], lr: 0.01000	Loss 0.4631 (0.3336)	Prec@1 82.812 (88.744)	Prec@5 100.000 (99.846)
Epoch: [51][90/391], lr: 0.01000	Loss 0.4872 (0.3381)	Prec@1 82.031 (88.607)	Prec@5 100.000 (99.837)
Epoch: [51][100/391], lr: 0.01000	Loss 0.3409 (0.3378)	Prec@1 90.625 (88.552)	Prec@5 100.000 (99.830)
Epoch: [51][110/391], lr: 0.01000	Loss 0.4376 (0.3403)	Prec@1 85.156 (88.457)	Prec@5 100.000 (99.824)
Epoch: [51][120/391], lr: 0.01000	Loss 0.3522 (0.3430)	Prec@1 93.750 (88.449)	Prec@5 100.000 (99.832)
Epoch: [51][130/391], lr: 0.01000	Loss 0.2369 (0.3400)	Prec@1 90.625 (88.556)	Prec@5 100.000 (99.833)
Epoch: [51][140/391], lr: 0.01000	Loss 0.3408 (0.3388)	Prec@1 84.375 (88.608)	Prec@5 99.219 (99.823)
Epoch: [51][150/391], lr: 0.01000	Loss 0.3829 (0.3410)	Prec@1 85.938 (88.509)	Prec@5 100.000 (99.814)
Epoch: [51][160/391], lr: 0.01000	Loss 0.3569 (0.3431)	Prec@1 85.938 (88.432)	Prec@5 100.000 (99.786)
Epoch: [51][170/391], lr: 0.01000	Loss 0.3237 (0.3428)	Prec@1 89.844 (88.450)	Prec@5 100.000 (99.785)
Epoch: [51][180/391], lr: 0.01000	Loss 0.3405 (0.3416)	Prec@1 87.500 (88.441)	Prec@5 100.000 (99.797)
Epoch: [51][190/391], lr: 0.01000	Loss 0.3065 (0.3393)	Prec@1 91.406 (88.547)	Prec@5 100.000 (99.795)
Epoch: [51][200/391], lr: 0.01000	Loss 0.3788 (0.3384)	Prec@1 87.500 (88.553)	Prec@5 99.219 (99.778)
Epoch: [51][210/391], lr: 0.01000	Loss 0.3810 (0.3385)	Prec@1 86.719 (88.555)	Prec@5 100.000 (99.778)
Epoch: [51][220/391], lr: 0.01000	Loss 0.3425 (0.3392)	Prec@1 92.188 (88.582)	Prec@5 99.219 (99.767)
Epoch: [51][230/391], lr: 0.01000	Loss 0.2827 (0.3394)	Prec@1 88.281 (88.552)	Prec@5 100.000 (99.767)
Epoch: [51][240/391], lr: 0.01000	Loss 0.3981 (0.3390)	Prec@1 88.281 (88.576)	Prec@5 100.000 (99.767)
Epoch: [51][250/391], lr: 0.01000	Loss 0.2511 (0.3389)	Prec@1 91.406 (88.611)	Prec@5 100.000 (99.763)
Epoch: [51][260/391], lr: 0.01000	Loss 0.3049 (0.3388)	Prec@1 91.406 (88.602)	Prec@5 98.438 (99.764)
Epoch: [51][270/391], lr: 0.01000	Loss 0.3276 (0.3386)	Prec@1 86.719 (88.604)	Prec@5 100.000 (99.766)
Epoch: [51][280/391], lr: 0.01000	Loss 0.3851 (0.3377)	Prec@1 89.844 (88.609)	Prec@5 100.000 (99.769)
Epoch: [51][290/391], lr: 0.01000	Loss 0.2198 (0.3363)	Prec@1 92.188 (88.668)	Prec@5 99.219 (99.761)
Epoch: [51][300/391], lr: 0.01000	Loss 0.2867 (0.3346)	Prec@1 90.625 (88.717)	Prec@5 99.219 (99.764)
Epoch: [51][310/391], lr: 0.01000	Loss 0.2539 (0.3338)	Prec@1 92.188 (88.754)	Prec@5 100.000 (99.761)
Epoch: [51][320/391], lr: 0.01000	Loss 0.2208 (0.3347)	Prec@1 90.625 (88.731)	Prec@5 100.000 (99.761)
Epoch: [51][330/391], lr: 0.01000	Loss 0.2012 (0.3342)	Prec@1 93.750 (88.716)	Prec@5 100.000 (99.764)
Epoch: [51][340/391], lr: 0.01000	Loss 0.1666 (0.3338)	Prec@1 95.312 (88.751)	Prec@5 100.000 (99.766)
Epoch: [51][350/391], lr: 0.01000	Loss 0.3127 (0.3349)	Prec@1 89.062 (88.722)	Prec@5 100.000 (99.760)
Epoch: [51][360/391], lr: 0.01000	Loss 0.3502 (0.3344)	Prec@1 90.625 (88.738)	Prec@5 100.000 (99.762)
Epoch: [51][370/391], lr: 0.01000	Loss 0.3119 (0.3339)	Prec@1 89.062 (88.787)	Prec@5 100.000 (99.760)
Epoch: [51][380/391], lr: 0.01000	Loss 0.3215 (0.3333)	Prec@1 91.406 (88.823)	Prec@5 100.000 (99.762)
Epoch: [51][390/391], lr: 0.01000	Loss 0.3433 (0.3326)	Prec@1 92.500 (88.864)	Prec@5 100.000 (99.762)
Epoch [51] Training Results: Prec@1 88.864 Prec@5 99.762             Loss 0.33263
Epoch [51] Training Class Recall: [0.788,0.858,0.810,0.854,0.890,0.916,0.937,0.929,0.954,0.950]

Epoch: [52][0/391], lr: 0.01000	Loss 0.2416 (0.2416)	Prec@1 92.969 (92.969)	Prec@5 100.000 (100.000)
Epoch: [52][10/391], lr: 0.01000	Loss 0.4139 (0.2934)	Prec@1 88.281 (90.270)	Prec@5 100.000 (99.929)
Epoch: [52][20/391], lr: 0.01000	Loss 0.4364 (0.3177)	Prec@1 85.938 (89.397)	Prec@5 100.000 (99.926)
Epoch: [52][30/391], lr: 0.01000	Loss 0.2093 (0.3208)	Prec@1 94.531 (89.264)	Prec@5 100.000 (99.874)
Epoch: [52][40/391], lr: 0.01000	Loss 0.2584 (0.3134)	Prec@1 91.406 (89.634)	Prec@5 100.000 (99.790)
Epoch: [52][50/391], lr: 0.01000	Loss 0.3732 (0.3127)	Prec@1 88.281 (89.568)	Prec@5 100.000 (99.801)
Epoch: [52][60/391], lr: 0.01000	Loss 0.4003 (0.3161)	Prec@1 85.156 (89.460)	Prec@5 100.000 (99.808)
Epoch: [52][70/391], lr: 0.01000	Loss 0.1993 (0.3137)	Prec@1 93.750 (89.591)	Prec@5 100.000 (99.835)
Epoch: [52][80/391], lr: 0.01000	Loss 0.2104 (0.3131)	Prec@1 92.969 (89.535)	Prec@5 100.000 (99.846)
Epoch: [52][90/391], lr: 0.01000	Loss 0.2417 (0.3107)	Prec@1 91.406 (89.518)	Prec@5 100.000 (99.845)
Epoch: [52][100/391], lr: 0.01000	Loss 0.3247 (0.3091)	Prec@1 89.844 (89.588)	Prec@5 100.000 (99.838)
Epoch: [52][110/391], lr: 0.01000	Loss 0.4798 (0.3096)	Prec@1 85.156 (89.590)	Prec@5 99.219 (99.845)
Epoch: [52][120/391], lr: 0.01000	Loss 0.3482 (0.3102)	Prec@1 88.281 (89.560)	Prec@5 99.219 (99.826)
Epoch: [52][130/391], lr: 0.01000	Loss 0.4099 (0.3082)	Prec@1 85.156 (89.683)	Prec@5 100.000 (99.833)
Epoch: [52][140/391], lr: 0.01000	Loss 0.3714 (0.3090)	Prec@1 89.062 (89.700)	Prec@5 99.219 (99.823)
Epoch: [52][150/391], lr: 0.01000	Loss 0.2803 (0.3116)	Prec@1 91.406 (89.590)	Prec@5 100.000 (99.829)
Epoch: [52][160/391], lr: 0.01000	Loss 0.3561 (0.3116)	Prec@1 87.500 (89.611)	Prec@5 100.000 (99.835)
Epoch: [52][170/391], lr: 0.01000	Loss 0.2926 (0.3110)	Prec@1 92.188 (89.634)	Prec@5 100.000 (99.840)
Epoch: [52][180/391], lr: 0.01000	Loss 0.3500 (0.3119)	Prec@1 89.062 (89.611)	Prec@5 99.219 (99.827)
Epoch: [52][190/391], lr: 0.01000	Loss 0.4372 (0.3130)	Prec@1 87.500 (89.562)	Prec@5 100.000 (99.836)
Epoch: [52][200/391], lr: 0.01000	Loss 0.3295 (0.3113)	Prec@1 89.844 (89.661)	Prec@5 100.000 (99.841)
Epoch: [52][210/391], lr: 0.01000	Loss 0.2844 (0.3119)	Prec@1 91.406 (89.681)	Prec@5 98.438 (99.822)
Epoch: [52][220/391], lr: 0.01000	Loss 0.3420 (0.3112)	Prec@1 89.062 (89.695)	Prec@5 100.000 (99.830)
Epoch: [52][230/391], lr: 0.01000	Loss 0.2991 (0.3111)	Prec@1 88.281 (89.705)	Prec@5 100.000 (99.831)
Epoch: [52][240/391], lr: 0.01000	Loss 0.2395 (0.3097)	Prec@1 92.969 (89.740)	Prec@5 99.219 (99.835)
Epoch: [52][250/391], lr: 0.01000	Loss 0.2293 (0.3099)	Prec@1 92.969 (89.732)	Prec@5 100.000 (99.832)
Epoch: [52][260/391], lr: 0.01000	Loss 0.2846 (0.3103)	Prec@1 88.281 (89.754)	Prec@5 100.000 (99.835)
Epoch: [52][270/391], lr: 0.01000	Loss 0.2997 (0.3105)	Prec@1 88.281 (89.754)	Prec@5 100.000 (99.833)
Epoch: [52][280/391], lr: 0.01000	Loss 0.2062 (0.3115)	Prec@1 95.312 (89.716)	Prec@5 100.000 (99.830)
Epoch: [52][290/391], lr: 0.01000	Loss 0.4476 (0.3119)	Prec@1 85.938 (89.718)	Prec@5 100.000 (99.823)
Epoch: [52][300/391], lr: 0.01000	Loss 0.3470 (0.3112)	Prec@1 89.062 (89.771)	Prec@5 100.000 (99.821)
Epoch: [52][310/391], lr: 0.01000	Loss 0.4558 (0.3132)	Prec@1 85.156 (89.701)	Prec@5 100.000 (99.824)
Epoch: [52][320/391], lr: 0.01000	Loss 0.2525 (0.3138)	Prec@1 94.531 (89.705)	Prec@5 100.000 (99.815)
Epoch: [52][330/391], lr: 0.01000	Loss 0.2812 (0.3133)	Prec@1 90.625 (89.709)	Prec@5 99.219 (99.811)
Epoch: [52][340/391], lr: 0.01000	Loss 0.3959 (0.3130)	Prec@1 89.844 (89.734)	Prec@5 100.000 (99.805)
Epoch: [52][350/391], lr: 0.01000	Loss 0.2592 (0.3131)	Prec@1 88.281 (89.699)	Prec@5 100.000 (99.802)
Epoch: [52][360/391], lr: 0.01000	Loss 0.3320 (0.3126)	Prec@1 90.625 (89.718)	Prec@5 100.000 (99.803)
Epoch: [52][370/391], lr: 0.01000	Loss 0.4523 (0.3131)	Prec@1 87.500 (89.711)	Prec@5 99.219 (99.802)
Epoch: [52][380/391], lr: 0.01000	Loss 0.2971 (0.3129)	Prec@1 89.062 (89.721)	Prec@5 100.000 (99.803)
Epoch: [52][390/391], lr: 0.01000	Loss 0.2677 (0.3133)	Prec@1 95.000 (89.716)	Prec@5 100.000 (99.802)
Epoch [52] Training Results: Prec@1 89.716 Prec@5 99.802             Loss 0.31328
Epoch [52] Training Class Recall: [0.800,0.861,0.831,0.868,0.903,0.918,0.936,0.943,0.954,0.958]

Epoch: [53][0/391], lr: 0.01000	Loss 0.3599 (0.3599)	Prec@1 89.062 (89.062)	Prec@5 98.438 (98.438)
Epoch: [53][10/391], lr: 0.01000	Loss 0.3457 (0.3102)	Prec@1 90.625 (90.057)	Prec@5 99.219 (99.574)
Epoch: [53][20/391], lr: 0.01000	Loss 0.3735 (0.3000)	Prec@1 87.500 (90.253)	Prec@5 100.000 (99.628)
Epoch: [53][30/391], lr: 0.01000	Loss 0.3957 (0.3008)	Prec@1 84.375 (89.995)	Prec@5 100.000 (99.698)
Epoch: [53][40/391], lr: 0.01000	Loss 0.2661 (0.3009)	Prec@1 89.062 (89.996)	Prec@5 100.000 (99.714)
Epoch: [53][50/391], lr: 0.01000	Loss 0.2854 (0.3154)	Prec@1 91.406 (89.629)	Prec@5 100.000 (99.724)
Epoch: [53][60/391], lr: 0.01000	Loss 0.3505 (0.3177)	Prec@1 85.156 (89.357)	Prec@5 100.000 (99.744)
Epoch: [53][70/391], lr: 0.01000	Loss 0.3740 (0.3225)	Prec@1 85.938 (89.239)	Prec@5 99.219 (99.747)
Epoch: [53][80/391], lr: 0.01000	Loss 0.3805 (0.3290)	Prec@1 86.719 (89.072)	Prec@5 100.000 (99.749)
Epoch: [53][90/391], lr: 0.01000	Loss 0.2757 (0.3247)	Prec@1 90.625 (89.148)	Prec@5 99.219 (99.751)
Epoch: [53][100/391], lr: 0.01000	Loss 0.2264 (0.3225)	Prec@1 90.625 (89.202)	Prec@5 100.000 (99.752)
Epoch: [53][110/391], lr: 0.01000	Loss 0.3492 (0.3230)	Prec@1 88.281 (89.161)	Prec@5 100.000 (99.747)
Epoch: [53][120/391], lr: 0.01000	Loss 0.3285 (0.3219)	Prec@1 88.281 (89.295)	Prec@5 100.000 (99.748)
Epoch: [53][130/391], lr: 0.01000	Loss 0.4013 (0.3255)	Prec@1 87.500 (89.212)	Prec@5 100.000 (99.750)
Epoch: [53][140/391], lr: 0.01000	Loss 0.3278 (0.3267)	Prec@1 89.062 (89.179)	Prec@5 100.000 (99.762)
Epoch: [53][150/391], lr: 0.01000	Loss 0.3382 (0.3266)	Prec@1 88.281 (89.135)	Prec@5 99.219 (99.757)
Epoch: [53][160/391], lr: 0.01000	Loss 0.4313 (0.3268)	Prec@1 87.500 (89.106)	Prec@5 98.438 (99.762)
Epoch: [53][170/391], lr: 0.01000	Loss 0.3359 (0.3255)	Prec@1 88.281 (89.190)	Prec@5 99.219 (99.767)
Epoch: [53][180/391], lr: 0.01000	Loss 0.2718 (0.3239)	Prec@1 89.844 (89.205)	Prec@5 100.000 (99.780)
Epoch: [53][190/391], lr: 0.01000	Loss 0.2296 (0.3232)	Prec@1 89.844 (89.214)	Prec@5 100.000 (99.787)
Epoch: [53][200/391], lr: 0.01000	Loss 0.3644 (0.3223)	Prec@1 89.062 (89.214)	Prec@5 99.219 (99.782)
Epoch: [53][210/391], lr: 0.01000	Loss 0.3392 (0.3205)	Prec@1 88.281 (89.262)	Prec@5 100.000 (99.782)
Epoch: [53][220/391], lr: 0.01000	Loss 0.3928 (0.3211)	Prec@1 83.594 (89.211)	Prec@5 99.219 (99.777)
Epoch: [53][230/391], lr: 0.01000	Loss 0.2606 (0.3217)	Prec@1 92.969 (89.177)	Prec@5 100.000 (99.770)
Epoch: [53][240/391], lr: 0.01000	Loss 0.4349 (0.3239)	Prec@1 86.719 (89.127)	Prec@5 100.000 (99.767)
Epoch: [53][250/391], lr: 0.01000	Loss 0.4296 (0.3241)	Prec@1 83.594 (89.109)	Prec@5 100.000 (99.770)
Epoch: [53][260/391], lr: 0.01000	Loss 0.4160 (0.3256)	Prec@1 87.500 (89.074)	Prec@5 100.000 (99.770)
Epoch: [53][270/391], lr: 0.01000	Loss 0.2742 (0.3259)	Prec@1 91.406 (89.083)	Prec@5 100.000 (99.769)
Epoch: [53][280/391], lr: 0.01000	Loss 0.2630 (0.3281)	Prec@1 92.969 (89.032)	Prec@5 99.219 (99.755)
Epoch: [53][290/391], lr: 0.01000	Loss 0.3941 (0.3289)	Prec@1 88.281 (89.009)	Prec@5 99.219 (99.758)
Epoch: [53][300/391], lr: 0.01000	Loss 0.3105 (0.3287)	Prec@1 89.844 (89.008)	Prec@5 100.000 (99.766)
Epoch: [53][310/391], lr: 0.01000	Loss 0.3804 (0.3301)	Prec@1 85.938 (88.960)	Prec@5 100.000 (99.761)
Epoch: [53][320/391], lr: 0.01000	Loss 0.3475 (0.3307)	Prec@1 89.844 (88.938)	Prec@5 100.000 (99.754)
Epoch: [53][330/391], lr: 0.01000	Loss 0.1933 (0.3304)	Prec@1 94.531 (88.944)	Prec@5 100.000 (99.757)
Epoch: [53][340/391], lr: 0.01000	Loss 0.2576 (0.3303)	Prec@1 89.844 (88.950)	Prec@5 100.000 (99.764)
Epoch: [53][350/391], lr: 0.01000	Loss 0.3300 (0.3298)	Prec@1 89.844 (88.998)	Prec@5 100.000 (99.766)
Epoch: [53][360/391], lr: 0.01000	Loss 0.4172 (0.3297)	Prec@1 85.938 (89.013)	Prec@5 100.000 (99.760)
Epoch: [53][370/391], lr: 0.01000	Loss 0.2110 (0.3285)	Prec@1 94.531 (89.056)	Prec@5 100.000 (99.758)
Epoch: [53][380/391], lr: 0.01000	Loss 0.4186 (0.3290)	Prec@1 85.156 (89.058)	Prec@5 98.438 (99.756)
Epoch: [53][390/391], lr: 0.01000	Loss 0.2268 (0.3283)	Prec@1 92.500 (89.076)	Prec@5 100.000 (99.758)
Epoch [53] Training Results: Prec@1 89.076 Prec@5 99.758             Loss 0.32832
Epoch [53] Training Class Recall: [0.795,0.856,0.817,0.863,0.897,0.907,0.936,0.936,0.949,0.953]

Epoch: [54][0/391], lr: 0.01000	Loss 0.2662 (0.2662)	Prec@1 90.625 (90.625)	Prec@5 100.000 (100.000)
Epoch: [54][10/391], lr: 0.01000	Loss 0.2007 (0.2721)	Prec@1 92.188 (91.264)	Prec@5 100.000 (99.929)
Epoch: [54][20/391], lr: 0.01000	Loss 0.3690 (0.2733)	Prec@1 83.594 (90.699)	Prec@5 100.000 (99.926)
Epoch: [54][30/391], lr: 0.01000	Loss 0.2543 (0.2745)	Prec@1 91.406 (90.600)	Prec@5 100.000 (99.950)
Epoch: [54][40/391], lr: 0.01000	Loss 0.3230 (0.2815)	Prec@1 89.062 (90.301)	Prec@5 100.000 (99.924)
Epoch: [54][50/391], lr: 0.01000	Loss 0.3547 (0.2821)	Prec@1 88.281 (90.395)	Prec@5 99.219 (99.847)
Epoch: [54][60/391], lr: 0.01000	Loss 0.2355 (0.2802)	Prec@1 92.188 (90.458)	Prec@5 100.000 (99.859)
Epoch: [54][70/391], lr: 0.01000	Loss 0.2931 (0.2810)	Prec@1 87.500 (90.493)	Prec@5 100.000 (99.824)
Epoch: [54][80/391], lr: 0.01000	Loss 0.5789 (0.2908)	Prec@1 85.156 (90.258)	Prec@5 100.000 (99.817)
Epoch: [54][90/391], lr: 0.01000	Loss 0.2966 (0.2979)	Prec@1 91.406 (90.076)	Prec@5 100.000 (99.794)
Epoch: [54][100/391], lr: 0.01000	Loss 0.2729 (0.3059)	Prec@1 92.188 (89.813)	Prec@5 99.219 (99.783)
Epoch: [54][110/391], lr: 0.01000	Loss 0.2969 (0.3083)	Prec@1 91.406 (89.738)	Prec@5 100.000 (99.775)
Epoch: [54][120/391], lr: 0.01000	Loss 0.2408 (0.3092)	Prec@1 91.406 (89.618)	Prec@5 100.000 (99.787)
Epoch: [54][130/391], lr: 0.01000	Loss 0.3778 (0.3134)	Prec@1 87.500 (89.462)	Prec@5 100.000 (99.779)
Epoch: [54][140/391], lr: 0.01000	Loss 0.4259 (0.3142)	Prec@1 85.938 (89.484)	Prec@5 100.000 (99.778)
Epoch: [54][150/391], lr: 0.01000	Loss 0.2982 (0.3146)	Prec@1 91.406 (89.440)	Prec@5 99.219 (99.783)
Epoch: [54][160/391], lr: 0.01000	Loss 0.3351 (0.3162)	Prec@1 87.500 (89.373)	Prec@5 100.000 (99.782)
Epoch: [54][170/391], lr: 0.01000	Loss 0.3649 (0.3188)	Prec@1 87.500 (89.327)	Prec@5 100.000 (99.785)
Epoch: [54][180/391], lr: 0.01000	Loss 0.3878 (0.3220)	Prec@1 84.375 (89.231)	Prec@5 100.000 (99.771)
Epoch: [54][190/391], lr: 0.01000	Loss 0.3654 (0.3227)	Prec@1 88.281 (89.189)	Prec@5 99.219 (99.775)
Epoch: [54][200/391], lr: 0.01000	Loss 0.3754 (0.3232)	Prec@1 85.156 (89.140)	Prec@5 100.000 (99.778)
Epoch: [54][210/391], lr: 0.01000	Loss 0.2729 (0.3231)	Prec@1 89.844 (89.133)	Prec@5 100.000 (99.785)
Epoch: [54][220/391], lr: 0.01000	Loss 0.2386 (0.3243)	Prec@1 92.188 (89.137)	Prec@5 100.000 (99.788)
Epoch: [54][230/391], lr: 0.01000	Loss 0.2635 (0.3237)	Prec@1 92.188 (89.150)	Prec@5 100.000 (99.790)
Epoch: [54][240/391], lr: 0.01000	Loss 0.3437 (0.3225)	Prec@1 86.719 (89.166)	Prec@5 100.000 (99.793)
Epoch: [54][250/391], lr: 0.01000	Loss 0.3697 (0.3214)	Prec@1 88.281 (89.153)	Prec@5 100.000 (99.798)
Epoch: [54][260/391], lr: 0.01000	Loss 0.4563 (0.3223)	Prec@1 85.938 (89.137)	Prec@5 99.219 (99.796)
Epoch: [54][270/391], lr: 0.01000	Loss 0.4199 (0.3227)	Prec@1 85.938 (89.132)	Prec@5 100.000 (99.801)
Epoch: [54][280/391], lr: 0.01000	Loss 0.3565 (0.3231)	Prec@1 87.500 (89.126)	Prec@5 100.000 (99.803)
Epoch: [54][290/391], lr: 0.01000	Loss 0.2921 (0.3232)	Prec@1 91.406 (89.146)	Prec@5 100.000 (99.801)
Epoch: [54][300/391], lr: 0.01000	Loss 0.3165 (0.3236)	Prec@1 89.844 (89.153)	Prec@5 100.000 (99.805)
Epoch: [54][310/391], lr: 0.01000	Loss 0.4252 (0.3239)	Prec@1 89.062 (89.120)	Prec@5 100.000 (99.799)
Epoch: [54][320/391], lr: 0.01000	Loss 0.2394 (0.3238)	Prec@1 90.625 (89.133)	Prec@5 100.000 (99.800)
Epoch: [54][330/391], lr: 0.01000	Loss 0.2523 (0.3238)	Prec@1 92.188 (89.107)	Prec@5 100.000 (99.799)
Epoch: [54][340/391], lr: 0.01000	Loss 0.4027 (0.3244)	Prec@1 84.375 (89.079)	Prec@5 100.000 (99.801)
Epoch: [54][350/391], lr: 0.01000	Loss 0.2142 (0.3241)	Prec@1 92.188 (89.096)	Prec@5 100.000 (99.800)
Epoch: [54][360/391], lr: 0.01000	Loss 0.3864 (0.3251)	Prec@1 85.938 (89.082)	Prec@5 100.000 (99.799)
Epoch: [54][370/391], lr: 0.01000	Loss 0.3534 (0.3256)	Prec@1 87.500 (89.060)	Prec@5 100.000 (99.798)
Epoch: [54][380/391], lr: 0.01000	Loss 0.4227 (0.3269)	Prec@1 85.156 (88.987)	Prec@5 98.438 (99.797)
Epoch: [54][390/391], lr: 0.01000	Loss 0.2498 (0.3276)	Prec@1 93.750 (88.994)	Prec@5 100.000 (99.786)
Epoch [54] Training Results: Prec@1 88.994 Prec@5 99.786             Loss 0.32756
Epoch [54] Training Class Recall: [0.788,0.862,0.814,0.860,0.895,0.915,0.930,0.932,0.952,0.952]

Epoch: [55][0/391], lr: 0.01000	Loss 0.2012 (0.2012)	Prec@1 93.750 (93.750)	Prec@5 100.000 (100.000)
Epoch: [55][10/391], lr: 0.01000	Loss 0.3362 (0.3192)	Prec@1 87.500 (89.062)	Prec@5 100.000 (99.716)
Epoch: [55][20/391], lr: 0.01000	Loss 0.4542 (0.3412)	Prec@1 84.375 (88.021)	Prec@5 99.219 (99.740)
Epoch: [55][30/391], lr: 0.01000	Loss 0.1949 (0.3349)	Prec@1 93.750 (88.432)	Prec@5 100.000 (99.698)
Epoch: [55][40/391], lr: 0.01000	Loss 0.3724 (0.3295)	Prec@1 90.625 (88.491)	Prec@5 99.219 (99.752)
Epoch: [55][50/391], lr: 0.01000	Loss 0.1962 (0.3146)	Prec@1 92.188 (89.093)	Prec@5 100.000 (99.786)
Epoch: [55][60/391], lr: 0.01000	Loss 0.1658 (0.3144)	Prec@1 95.312 (89.255)	Prec@5 100.000 (99.769)
Epoch: [55][70/391], lr: 0.01000	Loss 0.2512 (0.3120)	Prec@1 89.062 (89.228)	Prec@5 100.000 (99.780)
Epoch: [55][80/391], lr: 0.01000	Loss 0.2561 (0.3095)	Prec@1 91.406 (89.352)	Prec@5 100.000 (99.778)
Epoch: [55][90/391], lr: 0.01000	Loss 0.2999 (0.3078)	Prec@1 90.625 (89.354)	Prec@5 100.000 (99.785)
Epoch: [55][100/391], lr: 0.01000	Loss 0.3649 (0.3107)	Prec@1 90.625 (89.333)	Prec@5 99.219 (99.799)
Epoch: [55][110/391], lr: 0.01000	Loss 0.3993 (0.3147)	Prec@1 91.406 (89.203)	Prec@5 98.438 (99.803)
Epoch: [55][120/391], lr: 0.01000	Loss 0.3189 (0.3177)	Prec@1 89.844 (89.121)	Prec@5 100.000 (99.806)
Epoch: [55][130/391], lr: 0.01000	Loss 0.3974 (0.3207)	Prec@1 87.500 (88.985)	Prec@5 100.000 (99.809)
Epoch: [55][140/391], lr: 0.01000	Loss 0.3799 (0.3203)	Prec@1 84.375 (89.007)	Prec@5 100.000 (99.823)
Epoch: [55][150/391], lr: 0.01000	Loss 0.3750 (0.3195)	Prec@1 86.719 (89.057)	Prec@5 100.000 (99.814)
Epoch: [55][160/391], lr: 0.01000	Loss 0.3129 (0.3185)	Prec@1 89.844 (89.077)	Prec@5 100.000 (99.820)
Epoch: [55][170/391], lr: 0.01000	Loss 0.2983 (0.3166)	Prec@1 90.625 (89.195)	Prec@5 100.000 (99.822)
Epoch: [55][180/391], lr: 0.01000	Loss 0.2373 (0.3154)	Prec@1 92.188 (89.274)	Prec@5 99.219 (99.806)
Epoch: [55][190/391], lr: 0.01000	Loss 0.4455 (0.3151)	Prec@1 85.938 (89.259)	Prec@5 99.219 (99.795)
Epoch: [55][200/391], lr: 0.01000	Loss 0.4840 (0.3161)	Prec@1 83.594 (89.261)	Prec@5 98.438 (99.794)
Epoch: [55][210/391], lr: 0.01000	Loss 0.4010 (0.3166)	Prec@1 85.156 (89.270)	Prec@5 100.000 (99.800)
Epoch: [55][220/391], lr: 0.01000	Loss 0.3032 (0.3162)	Prec@1 92.969 (89.317)	Prec@5 98.438 (99.788)
Epoch: [55][230/391], lr: 0.01000	Loss 0.3755 (0.3158)	Prec@1 87.500 (89.330)	Prec@5 99.219 (99.780)
Epoch: [55][240/391], lr: 0.01000	Loss 0.3079 (0.3156)	Prec@1 89.844 (89.341)	Prec@5 100.000 (99.783)
Epoch: [55][250/391], lr: 0.01000	Loss 0.3681 (0.3161)	Prec@1 89.062 (89.349)	Prec@5 100.000 (99.788)
Epoch: [55][260/391], lr: 0.01000	Loss 0.2831 (0.3164)	Prec@1 91.406 (89.356)	Prec@5 100.000 (99.793)
Epoch: [55][270/391], lr: 0.01000	Loss 0.2461 (0.3167)	Prec@1 90.625 (89.382)	Prec@5 100.000 (99.790)
Epoch: [55][280/391], lr: 0.01000	Loss 0.2540 (0.3168)	Prec@1 89.844 (89.399)	Prec@5 100.000 (99.786)
Epoch: [55][290/391], lr: 0.01000	Loss 0.2974 (0.3179)	Prec@1 90.625 (89.393)	Prec@5 100.000 (99.788)
Epoch: [55][300/391], lr: 0.01000	Loss 0.4361 (0.3192)	Prec@1 85.938 (89.356)	Prec@5 98.438 (99.779)
Epoch: [55][310/391], lr: 0.01000	Loss 0.3678 (0.3212)	Prec@1 87.500 (89.286)	Prec@5 100.000 (99.779)
Epoch: [55][320/391], lr: 0.01000	Loss 0.3747 (0.3196)	Prec@1 89.062 (89.345)	Prec@5 100.000 (99.774)
Epoch: [55][330/391], lr: 0.01000	Loss 0.2956 (0.3202)	Prec@1 90.625 (89.315)	Prec@5 100.000 (99.773)
Epoch: [55][340/391], lr: 0.01000	Loss 0.3053 (0.3208)	Prec@1 86.719 (89.264)	Prec@5 100.000 (99.778)
Epoch: [55][350/391], lr: 0.01000	Loss 0.2160 (0.3208)	Prec@1 93.750 (89.278)	Prec@5 100.000 (99.773)
Epoch: [55][360/391], lr: 0.01000	Loss 0.3327 (0.3203)	Prec@1 91.406 (89.311)	Prec@5 100.000 (99.771)
Epoch: [55][370/391], lr: 0.01000	Loss 0.1831 (0.3204)	Prec@1 96.875 (89.313)	Prec@5 100.000 (99.770)
Epoch: [55][380/391], lr: 0.01000	Loss 0.3572 (0.3207)	Prec@1 84.375 (89.282)	Prec@5 100.000 (99.774)
Epoch: [55][390/391], lr: 0.01000	Loss 0.2345 (0.3205)	Prec@1 92.500 (89.306)	Prec@5 100.000 (99.772)
Epoch [55] Training Results: Prec@1 89.306 Prec@5 99.772             Loss 0.32051
Epoch [55] Training Class Recall: [0.791,0.864,0.818,0.866,0.900,0.916,0.941,0.936,0.949,0.949]

Epoch: [56][0/391], lr: 0.01000	Loss 0.1925 (0.1925)	Prec@1 95.312 (95.312)	Prec@5 100.000 (100.000)
Epoch: [56][10/391], lr: 0.01000	Loss 0.3117 (0.2766)	Prec@1 90.625 (90.625)	Prec@5 99.219 (99.787)
Epoch: [56][20/391], lr: 0.01000	Loss 0.3035 (0.2839)	Prec@1 90.625 (90.625)	Prec@5 99.219 (99.740)
Epoch: [56][30/391], lr: 0.01000	Loss 0.1742 (0.2809)	Prec@1 93.750 (90.701)	Prec@5 100.000 (99.773)
Epoch: [56][40/391], lr: 0.01000	Loss 0.2781 (0.2828)	Prec@1 92.188 (90.587)	Prec@5 100.000 (99.809)
Epoch: [56][50/391], lr: 0.01000	Loss 0.3013 (0.2890)	Prec@1 86.719 (90.426)	Prec@5 100.000 (99.786)
Epoch: [56][60/391], lr: 0.01000	Loss 0.2505 (0.2913)	Prec@1 90.625 (90.215)	Prec@5 100.000 (99.795)
Epoch: [56][70/391], lr: 0.01000	Loss 0.2322 (0.2870)	Prec@1 92.188 (90.449)	Prec@5 100.000 (99.824)
Epoch: [56][80/391], lr: 0.01000	Loss 0.2183 (0.2879)	Prec@1 94.531 (90.500)	Prec@5 99.219 (99.788)
Epoch: [56][90/391], lr: 0.01000	Loss 0.2203 (0.2846)	Prec@1 91.406 (90.488)	Prec@5 100.000 (99.785)
Epoch: [56][100/391], lr: 0.01000	Loss 0.2112 (0.2852)	Prec@1 93.750 (90.524)	Prec@5 100.000 (99.776)
Epoch: [56][110/391], lr: 0.01000	Loss 0.4052 (0.2829)	Prec@1 85.938 (90.534)	Prec@5 99.219 (99.768)
Epoch: [56][120/391], lr: 0.01000	Loss 0.3214 (0.2855)	Prec@1 92.188 (90.476)	Prec@5 100.000 (99.780)
Epoch: [56][130/391], lr: 0.01000	Loss 0.2446 (0.2830)	Prec@1 93.750 (90.565)	Prec@5 99.219 (99.773)
Epoch: [56][140/391], lr: 0.01000	Loss 0.4513 (0.2824)	Prec@1 85.156 (90.603)	Prec@5 99.219 (99.784)
Epoch: [56][150/391], lr: 0.01000	Loss 0.2020 (0.2809)	Prec@1 94.531 (90.728)	Prec@5 100.000 (99.798)
Epoch: [56][160/391], lr: 0.01000	Loss 0.1779 (0.2806)	Prec@1 93.750 (90.741)	Prec@5 100.000 (99.806)
Epoch: [56][170/391], lr: 0.01000	Loss 0.3461 (0.2793)	Prec@1 89.062 (90.817)	Prec@5 99.219 (99.813)
Epoch: [56][180/391], lr: 0.01000	Loss 0.3596 (0.2808)	Prec@1 85.156 (90.763)	Prec@5 100.000 (99.819)
Epoch: [56][190/391], lr: 0.01000	Loss 0.3114 (0.2821)	Prec@1 90.625 (90.711)	Prec@5 100.000 (99.808)
Epoch: [56][200/391], lr: 0.01000	Loss 0.5021 (0.2871)	Prec@1 84.375 (90.481)	Prec@5 100.000 (99.806)
Epoch: [56][210/391], lr: 0.01000	Loss 0.3597 (0.2930)	Prec@1 88.281 (90.303)	Prec@5 100.000 (99.793)
Epoch: [56][220/391], lr: 0.01000	Loss 0.3526 (0.2990)	Prec@1 88.281 (90.116)	Prec@5 99.219 (99.784)
Epoch: [56][230/391], lr: 0.01000	Loss 0.5353 (0.3046)	Prec@1 84.375 (89.952)	Prec@5 100.000 (99.787)
Epoch: [56][240/391], lr: 0.01000	Loss 0.3893 (0.3094)	Prec@1 88.281 (89.769)	Prec@5 100.000 (99.789)
Epoch: [56][250/391], lr: 0.01000	Loss 0.1855 (0.3120)	Prec@1 94.531 (89.719)	Prec@5 100.000 (99.776)
Epoch: [56][260/391], lr: 0.01000	Loss 0.2303 (0.3131)	Prec@1 92.969 (89.679)	Prec@5 100.000 (99.770)
Epoch: [56][270/391], lr: 0.01000	Loss 0.3522 (0.3137)	Prec@1 91.406 (89.653)	Prec@5 100.000 (99.772)
Epoch: [56][280/391], lr: 0.01000	Loss 0.3066 (0.3137)	Prec@1 90.625 (89.663)	Prec@5 100.000 (99.775)
Epoch: [56][290/391], lr: 0.01000	Loss 0.2910 (0.3125)	Prec@1 89.844 (89.720)	Prec@5 100.000 (99.772)
Epoch: [56][300/391], lr: 0.01000	Loss 0.3178 (0.3126)	Prec@1 87.500 (89.704)	Prec@5 100.000 (99.772)
Epoch: [56][310/391], lr: 0.01000	Loss 0.3285 (0.3122)	Prec@1 91.406 (89.721)	Prec@5 100.000 (99.771)
Epoch: [56][320/391], lr: 0.01000	Loss 0.3040 (0.3123)	Prec@1 89.844 (89.712)	Prec@5 100.000 (99.774)
Epoch: [56][330/391], lr: 0.01000	Loss 0.3461 (0.3118)	Prec@1 88.281 (89.733)	Prec@5 99.219 (99.773)
Epoch: [56][340/391], lr: 0.01000	Loss 0.2143 (0.3113)	Prec@1 91.406 (89.761)	Prec@5 100.000 (99.778)
Epoch: [56][350/391], lr: 0.01000	Loss 0.2666 (0.3107)	Prec@1 90.625 (89.775)	Prec@5 100.000 (99.782)
Epoch: [56][360/391], lr: 0.01000	Loss 0.1772 (0.3097)	Prec@1 92.969 (89.820)	Prec@5 100.000 (99.781)
Epoch: [56][370/391], lr: 0.01000	Loss 0.3568 (0.3094)	Prec@1 92.188 (89.858)	Prec@5 99.219 (99.781)
Epoch: [56][380/391], lr: 0.01000	Loss 0.2405 (0.3083)	Prec@1 90.625 (89.885)	Prec@5 100.000 (99.781)
Epoch: [56][390/391], lr: 0.01000	Loss 0.3643 (0.3076)	Prec@1 90.000 (89.906)	Prec@5 98.750 (99.784)
Epoch [56] Training Results: Prec@1 89.906 Prec@5 99.784             Loss 0.30755
Epoch [56] Training Class Recall: [0.809,0.865,0.819,0.874,0.907,0.917,0.942,0.943,0.956,0.959]

Epoch: [57][0/391], lr: 0.01000	Loss 0.1966 (0.1966)	Prec@1 94.531 (94.531)	Prec@5 100.000 (100.000)
Epoch: [57][10/391], lr: 0.01000	Loss 0.4065 (0.2959)	Prec@1 84.375 (89.915)	Prec@5 99.219 (99.645)
Epoch: [57][20/391], lr: 0.01000	Loss 0.2481 (0.2951)	Prec@1 91.406 (90.179)	Prec@5 100.000 (99.740)
Epoch: [57][30/391], lr: 0.01000	Loss 0.3221 (0.2983)	Prec@1 89.844 (90.096)	Prec@5 100.000 (99.798)
Epoch: [57][40/391], lr: 0.01000	Loss 0.2782 (0.3005)	Prec@1 89.062 (89.920)	Prec@5 100.000 (99.828)
Epoch: [57][50/391], lr: 0.01000	Loss 0.3652 (0.3067)	Prec@1 85.938 (89.859)	Prec@5 100.000 (99.801)
Epoch: [57][60/391], lr: 0.01000	Loss 0.3682 (0.3076)	Prec@1 84.375 (89.831)	Prec@5 100.000 (99.795)
Epoch: [57][70/391], lr: 0.01000	Loss 0.3092 (0.3028)	Prec@1 88.281 (89.943)	Prec@5 100.000 (99.813)
Epoch: [57][80/391], lr: 0.01000	Loss 0.2465 (0.2991)	Prec@1 90.625 (90.104)	Prec@5 100.000 (99.817)
Epoch: [57][90/391], lr: 0.01000	Loss 0.2759 (0.3007)	Prec@1 92.188 (90.076)	Prec@5 100.000 (99.820)
Epoch: [57][100/391], lr: 0.01000	Loss 0.2865 (0.3003)	Prec@1 89.062 (90.045)	Prec@5 100.000 (99.814)
Epoch: [57][110/391], lr: 0.01000	Loss 0.3213 (0.3017)	Prec@1 89.844 (90.041)	Prec@5 100.000 (99.824)
Epoch: [57][120/391], lr: 0.01000	Loss 0.3498 (0.3020)	Prec@1 89.844 (89.973)	Prec@5 100.000 (99.839)
Epoch: [57][130/391], lr: 0.01000	Loss 0.3120 (0.2999)	Prec@1 92.188 (90.017)	Prec@5 100.000 (99.845)
Epoch: [57][140/391], lr: 0.01000	Loss 0.3922 (0.3042)	Prec@1 87.500 (89.905)	Prec@5 99.219 (99.828)
Epoch: [57][150/391], lr: 0.01000	Loss 0.3223 (0.3026)	Prec@1 87.500 (90.004)	Prec@5 100.000 (99.840)
Epoch: [57][160/391], lr: 0.01000	Loss 0.3328 (0.3013)	Prec@1 86.719 (90.033)	Prec@5 100.000 (99.850)
Epoch: [57][170/391], lr: 0.01000	Loss 0.3110 (0.3021)	Prec@1 89.844 (90.013)	Prec@5 100.000 (99.840)
Epoch: [57][180/391], lr: 0.01000	Loss 0.4299 (0.3016)	Prec@1 85.938 (90.008)	Prec@5 99.219 (99.836)
Epoch: [57][190/391], lr: 0.01000	Loss 0.2784 (0.3010)	Prec@1 91.406 (90.003)	Prec@5 99.219 (99.836)
Epoch: [57][200/391], lr: 0.01000	Loss 0.3062 (0.3024)	Prec@1 92.969 (90.003)	Prec@5 100.000 (99.837)
Epoch: [57][210/391], lr: 0.01000	Loss 0.2559 (0.3022)	Prec@1 91.406 (89.984)	Prec@5 100.000 (99.837)
Epoch: [57][220/391], lr: 0.01000	Loss 0.2984 (0.3029)	Prec@1 91.406 (89.957)	Prec@5 100.000 (99.837)
Epoch: [57][230/391], lr: 0.01000	Loss 0.2915 (0.3039)	Prec@1 89.844 (89.908)	Prec@5 100.000 (99.838)
Epoch: [57][240/391], lr: 0.01000	Loss 0.2986 (0.3044)	Prec@1 89.844 (89.860)	Prec@5 99.219 (99.841)
Epoch: [57][250/391], lr: 0.01000	Loss 0.3528 (0.3042)	Prec@1 85.938 (89.856)	Prec@5 99.219 (99.841)
Epoch: [57][260/391], lr: 0.01000	Loss 0.3791 (0.3069)	Prec@1 85.938 (89.763)	Prec@5 100.000 (99.835)
Epoch: [57][270/391], lr: 0.01000	Loss 0.4310 (0.3092)	Prec@1 85.156 (89.685)	Prec@5 99.219 (99.827)
Epoch: [57][280/391], lr: 0.01000	Loss 0.3128 (0.3102)	Prec@1 91.406 (89.655)	Prec@5 100.000 (99.822)
Epoch: [57][290/391], lr: 0.01000	Loss 0.2171 (0.3113)	Prec@1 93.750 (89.618)	Prec@5 100.000 (99.823)
Epoch: [57][300/391], lr: 0.01000	Loss 0.3525 (0.3124)	Prec@1 87.500 (89.566)	Prec@5 100.000 (99.824)
Epoch: [57][310/391], lr: 0.01000	Loss 0.4206 (0.3137)	Prec@1 86.719 (89.545)	Prec@5 100.000 (99.819)
Epoch: [57][320/391], lr: 0.01000	Loss 0.4498 (0.3149)	Prec@1 86.719 (89.540)	Prec@5 99.219 (99.810)
Epoch: [57][330/391], lr: 0.01000	Loss 0.2773 (0.3148)	Prec@1 91.406 (89.525)	Prec@5 100.000 (99.809)
Epoch: [57][340/391], lr: 0.01000	Loss 0.2710 (0.3157)	Prec@1 92.188 (89.502)	Prec@5 100.000 (99.798)
Epoch: [57][350/391], lr: 0.01000	Loss 0.4009 (0.3154)	Prec@1 88.281 (89.517)	Prec@5 99.219 (99.793)
Epoch: [57][360/391], lr: 0.01000	Loss 0.2329 (0.3162)	Prec@1 92.969 (89.489)	Prec@5 100.000 (99.790)
Epoch: [57][370/391], lr: 0.01000	Loss 0.1986 (0.3159)	Prec@1 92.969 (89.490)	Prec@5 100.000 (99.796)
Epoch: [57][380/391], lr: 0.01000	Loss 0.3871 (0.3171)	Prec@1 88.281 (89.450)	Prec@5 99.219 (99.789)
Epoch: [57][390/391], lr: 0.01000	Loss 0.2613 (0.3168)	Prec@1 91.250 (89.452)	Prec@5 100.000 (99.786)
Epoch [57] Training Results: Prec@1 89.452 Prec@5 99.786             Loss 0.31680
Epoch [57] Training Class Recall: [0.802,0.866,0.821,0.862,0.900,0.916,0.936,0.940,0.946,0.957]

Epoch: [58][0/391], lr: 0.01000	Loss 0.1545 (0.1545)	Prec@1 95.312 (95.312)	Prec@5 100.000 (100.000)
Epoch: [58][10/391], lr: 0.01000	Loss 0.1967 (0.2727)	Prec@1 92.969 (90.696)	Prec@5 100.000 (99.858)
Epoch: [58][20/391], lr: 0.01000	Loss 0.3439 (0.3078)	Prec@1 89.062 (89.323)	Prec@5 100.000 (99.851)
Epoch: [58][30/391], lr: 0.01000	Loss 0.2710 (0.3090)	Prec@1 90.625 (89.390)	Prec@5 100.000 (99.849)
Epoch: [58][40/391], lr: 0.01000	Loss 0.3766 (0.3033)	Prec@1 86.719 (89.653)	Prec@5 100.000 (99.886)
Epoch: [58][50/391], lr: 0.01000	Loss 0.2011 (0.2951)	Prec@1 92.969 (89.874)	Prec@5 100.000 (99.908)
Epoch: [58][60/391], lr: 0.01000	Loss 0.2073 (0.2955)	Prec@1 94.531 (89.997)	Prec@5 100.000 (99.923)
Epoch: [58][70/391], lr: 0.01000	Loss 0.3376 (0.2961)	Prec@1 86.719 (89.921)	Prec@5 100.000 (99.890)
Epoch: [58][80/391], lr: 0.01000	Loss 0.4025 (0.2962)	Prec@1 90.625 (89.959)	Prec@5 99.219 (99.875)
Epoch: [58][90/391], lr: 0.01000	Loss 0.2968 (0.2981)	Prec@1 88.281 (89.912)	Prec@5 100.000 (99.854)
Epoch: [58][100/391], lr: 0.01000	Loss 0.2917 (0.2959)	Prec@1 92.188 (90.076)	Prec@5 100.000 (99.853)
Epoch: [58][110/391], lr: 0.01000	Loss 0.3109 (0.2941)	Prec@1 88.281 (90.083)	Prec@5 100.000 (99.866)
Epoch: [58][120/391], lr: 0.01000	Loss 0.3078 (0.2940)	Prec@1 91.406 (90.115)	Prec@5 100.000 (99.877)
Epoch: [58][130/391], lr: 0.01000	Loss 0.4129 (0.2961)	Prec@1 85.938 (90.064)	Prec@5 98.438 (99.857)
Epoch: [58][140/391], lr: 0.01000	Loss 0.4616 (0.2959)	Prec@1 82.031 (90.043)	Prec@5 100.000 (99.861)
Epoch: [58][150/391], lr: 0.01000	Loss 0.3401 (0.2935)	Prec@1 89.062 (90.139)	Prec@5 100.000 (99.871)
Epoch: [58][160/391], lr: 0.01000	Loss 0.3184 (0.2944)	Prec@1 87.500 (90.086)	Prec@5 100.000 (99.869)
Epoch: [58][170/391], lr: 0.01000	Loss 0.2308 (0.2939)	Prec@1 93.750 (90.113)	Prec@5 100.000 (99.872)
Epoch: [58][180/391], lr: 0.01000	Loss 0.3236 (0.2968)	Prec@1 89.844 (90.098)	Prec@5 99.219 (99.866)
Epoch: [58][190/391], lr: 0.01000	Loss 0.3396 (0.2988)	Prec@1 88.281 (90.052)	Prec@5 100.000 (99.840)
Epoch: [58][200/391], lr: 0.01000	Loss 0.3995 (0.2995)	Prec@1 87.500 (90.065)	Prec@5 99.219 (99.833)
Epoch: [58][210/391], lr: 0.01000	Loss 0.3171 (0.3015)	Prec@1 90.625 (90.010)	Prec@5 99.219 (99.819)
Epoch: [58][220/391], lr: 0.01000	Loss 0.3272 (0.3033)	Prec@1 88.281 (89.957)	Prec@5 100.000 (99.813)
Epoch: [58][230/391], lr: 0.01000	Loss 0.3206 (0.3025)	Prec@1 89.062 (90.020)	Prec@5 99.219 (99.817)
Epoch: [58][240/391], lr: 0.01000	Loss 0.3542 (0.3033)	Prec@1 89.062 (90.009)	Prec@5 100.000 (99.818)
Epoch: [58][250/391], lr: 0.01000	Loss 0.2856 (0.3035)	Prec@1 92.188 (89.996)	Prec@5 100.000 (99.813)
Epoch: [58][260/391], lr: 0.01000	Loss 0.3449 (0.3041)	Prec@1 84.375 (89.934)	Prec@5 100.000 (99.814)
Epoch: [58][270/391], lr: 0.01000	Loss 0.3208 (0.3043)	Prec@1 89.844 (89.939)	Prec@5 99.219 (99.813)
Epoch: [58][280/391], lr: 0.01000	Loss 0.3501 (0.3046)	Prec@1 88.281 (89.908)	Prec@5 100.000 (99.811)
Epoch: [58][290/391], lr: 0.01000	Loss 0.4371 (0.3061)	Prec@1 86.719 (89.854)	Prec@5 99.219 (99.807)
Epoch: [58][300/391], lr: 0.01000	Loss 0.2277 (0.3062)	Prec@1 93.750 (89.859)	Prec@5 100.000 (99.803)
Epoch: [58][310/391], lr: 0.01000	Loss 0.3100 (0.3066)	Prec@1 91.406 (89.854)	Prec@5 99.219 (99.799)
Epoch: [58][320/391], lr: 0.01000	Loss 0.3561 (0.3066)	Prec@1 89.844 (89.858)	Prec@5 100.000 (99.800)
Epoch: [58][330/391], lr: 0.01000	Loss 0.2962 (0.3060)	Prec@1 94.531 (89.896)	Prec@5 99.219 (99.799)
Epoch: [58][340/391], lr: 0.01000	Loss 0.3343 (0.3052)	Prec@1 89.062 (89.942)	Prec@5 100.000 (99.794)
Epoch: [58][350/391], lr: 0.01000	Loss 0.2749 (0.3051)	Prec@1 88.281 (89.939)	Prec@5 100.000 (99.795)
Epoch: [58][360/391], lr: 0.01000	Loss 0.3112 (0.3041)	Prec@1 89.844 (89.967)	Prec@5 99.219 (99.799)
Epoch: [58][370/391], lr: 0.01000	Loss 0.3723 (0.3036)	Prec@1 87.500 (89.989)	Prec@5 100.000 (99.804)
Epoch: [58][380/391], lr: 0.01000	Loss 0.2319 (0.3038)	Prec@1 90.625 (89.973)	Prec@5 100.000 (99.807)
Epoch: [58][390/391], lr: 0.01000	Loss 0.2982 (0.3048)	Prec@1 88.750 (89.938)	Prec@5 100.000 (99.810)
Epoch [58] Training Results: Prec@1 89.938 Prec@5 99.810             Loss 0.30480
Epoch [58] Training Class Recall: [0.808,0.869,0.828,0.878,0.902,0.921,0.937,0.940,0.956,0.955]

Epoch: [59][0/391], lr: 0.01000	Loss 0.3517 (0.3517)	Prec@1 87.500 (87.500)	Prec@5 100.000 (100.000)
Epoch: [59][10/391], lr: 0.01000	Loss 0.2652 (0.3019)	Prec@1 92.969 (89.560)	Prec@5 100.000 (99.645)
Epoch: [59][20/391], lr: 0.01000	Loss 0.3253 (0.3040)	Prec@1 90.625 (90.067)	Prec@5 100.000 (99.702)
Epoch: [59][30/391], lr: 0.01000	Loss 0.2417 (0.3042)	Prec@1 95.312 (90.146)	Prec@5 100.000 (99.748)
Epoch: [59][40/391], lr: 0.01000	Loss 0.3337 (0.3058)	Prec@1 89.844 (90.034)	Prec@5 100.000 (99.771)
Epoch: [59][50/391], lr: 0.01000	Loss 0.4235 (0.3122)	Prec@1 82.812 (89.629)	Prec@5 99.219 (99.755)
Epoch: [59][60/391], lr: 0.01000	Loss 0.2851 (0.3091)	Prec@1 88.281 (89.741)	Prec@5 100.000 (99.769)
Epoch: [59][70/391], lr: 0.01000	Loss 0.1917 (0.3083)	Prec@1 93.750 (89.712)	Prec@5 100.000 (99.780)
Epoch: [59][80/391], lr: 0.01000	Loss 0.1996 (0.3094)	Prec@1 93.750 (89.689)	Prec@5 100.000 (99.797)
Epoch: [59][90/391], lr: 0.01000	Loss 0.2722 (0.3058)	Prec@1 92.188 (89.792)	Prec@5 99.219 (99.803)
Epoch: [59][100/391], lr: 0.01000	Loss 0.3730 (0.3079)	Prec@1 90.625 (89.728)	Prec@5 99.219 (99.776)
Epoch: [59][110/391], lr: 0.01000	Loss 0.2777 (0.3064)	Prec@1 90.625 (89.773)	Prec@5 100.000 (99.782)
Epoch: [59][120/391], lr: 0.01000	Loss 0.2003 (0.3046)	Prec@1 92.188 (89.882)	Prec@5 100.000 (99.787)
Epoch: [59][130/391], lr: 0.01000	Loss 0.3476 (0.3021)	Prec@1 88.281 (89.933)	Prec@5 100.000 (99.803)
Epoch: [59][140/391], lr: 0.01000	Loss 0.2840 (0.3009)	Prec@1 88.281 (89.993)	Prec@5 100.000 (99.801)
Epoch: [59][150/391], lr: 0.01000	Loss 0.2721 (0.3031)	Prec@1 91.406 (89.927)	Prec@5 100.000 (99.793)
Epoch: [59][160/391], lr: 0.01000	Loss 0.4551 (0.3055)	Prec@1 86.719 (89.839)	Prec@5 100.000 (99.791)
Epoch: [59][170/391], lr: 0.01000	Loss 0.3809 (0.3068)	Prec@1 86.719 (89.743)	Prec@5 99.219 (99.785)
Epoch: [59][180/391], lr: 0.01000	Loss 0.3095 (0.3091)	Prec@1 89.844 (89.654)	Prec@5 100.000 (99.789)
Epoch: [59][190/391], lr: 0.01000	Loss 0.2539 (0.3099)	Prec@1 91.406 (89.647)	Prec@5 100.000 (99.783)
Epoch: [59][200/391], lr: 0.01000	Loss 0.3670 (0.3104)	Prec@1 88.281 (89.576)	Prec@5 100.000 (99.767)
Epoch: [59][210/391], lr: 0.01000	Loss 0.4965 (0.3101)	Prec@1 84.375 (89.599)	Prec@5 100.000 (99.774)
Epoch: [59][220/391], lr: 0.01000	Loss 0.3470 (0.3105)	Prec@1 88.281 (89.618)	Prec@5 99.219 (99.760)
Epoch: [59][230/391], lr: 0.01000	Loss 0.3729 (0.3101)	Prec@1 88.281 (89.631)	Prec@5 100.000 (99.760)
Epoch: [59][240/391], lr: 0.01000	Loss 0.3395 (0.3104)	Prec@1 87.500 (89.597)	Prec@5 100.000 (99.763)
Epoch: [59][250/391], lr: 0.01000	Loss 0.4196 (0.3144)	Prec@1 85.156 (89.464)	Prec@5 98.438 (99.754)
Epoch: [59][260/391], lr: 0.01000	Loss 0.2589 (0.3146)	Prec@1 91.406 (89.431)	Prec@5 100.000 (99.758)
Epoch: [59][270/391], lr: 0.01000	Loss 0.3059 (0.3161)	Prec@1 90.625 (89.391)	Prec@5 100.000 (99.755)
Epoch: [59][280/391], lr: 0.01000	Loss 0.1992 (0.3166)	Prec@1 94.531 (89.377)	Prec@5 100.000 (99.753)
Epoch: [59][290/391], lr: 0.01000	Loss 0.3180 (0.3166)	Prec@1 90.625 (89.409)	Prec@5 99.219 (99.748)
Epoch: [59][300/391], lr: 0.01000	Loss 0.3056 (0.3166)	Prec@1 89.844 (89.415)	Prec@5 99.219 (99.748)
Epoch: [59][310/391], lr: 0.01000	Loss 0.4200 (0.3169)	Prec@1 86.719 (89.389)	Prec@5 100.000 (99.756)
Epoch: [59][320/391], lr: 0.01000	Loss 0.2926 (0.3172)	Prec@1 87.500 (89.362)	Prec@5 99.219 (99.754)
Epoch: [59][330/391], lr: 0.01000	Loss 0.2810 (0.3173)	Prec@1 89.844 (89.360)	Prec@5 100.000 (99.755)
Epoch: [59][340/391], lr: 0.01000	Loss 0.3227 (0.3173)	Prec@1 89.844 (89.381)	Prec@5 100.000 (99.757)
Epoch: [59][350/391], lr: 0.01000	Loss 0.2670 (0.3167)	Prec@1 91.406 (89.401)	Prec@5 99.219 (99.751)
Epoch: [59][360/391], lr: 0.01000	Loss 0.4414 (0.3173)	Prec@1 88.281 (89.415)	Prec@5 99.219 (99.749)
Epoch: [59][370/391], lr: 0.01000	Loss 0.1915 (0.3166)	Prec@1 96.875 (89.456)	Prec@5 100.000 (99.752)
Epoch: [59][380/391], lr: 0.01000	Loss 0.2142 (0.3151)	Prec@1 93.750 (89.491)	Prec@5 100.000 (99.758)
Epoch: [59][390/391], lr: 0.01000	Loss 0.2454 (0.3145)	Prec@1 92.500 (89.510)	Prec@5 100.000 (99.758)
Epoch [59] Training Results: Prec@1 89.510 Prec@5 99.758             Loss 0.31454
Epoch [59] Training Class Recall: [0.794,0.868,0.824,0.866,0.904,0.918,0.937,0.935,0.950,0.954]

Epoch: [60][0/391], lr: 0.01000	Loss 0.3390 (0.3390)	Prec@1 90.625 (90.625)	Prec@5 100.000 (100.000)
Epoch: [60][10/391], lr: 0.01000	Loss 0.2213 (0.2633)	Prec@1 91.406 (91.264)	Prec@5 100.000 (99.858)
Epoch: [60][20/391], lr: 0.01000	Loss 0.3005 (0.2694)	Prec@1 92.188 (91.109)	Prec@5 100.000 (99.851)
Epoch: [60][30/391], lr: 0.01000	Loss 0.2569 (0.2739)	Prec@1 91.406 (90.776)	Prec@5 100.000 (99.899)
Epoch: [60][40/391], lr: 0.01000	Loss 0.3678 (0.2777)	Prec@1 87.500 (90.758)	Prec@5 100.000 (99.905)
Epoch: [60][50/391], lr: 0.01000	Loss 0.1944 (0.2710)	Prec@1 92.969 (91.023)	Prec@5 100.000 (99.862)
Epoch: [60][60/391], lr: 0.01000	Loss 0.2263 (0.2714)	Prec@1 93.750 (90.984)	Prec@5 100.000 (99.846)
Epoch: [60][70/391], lr: 0.01000	Loss 0.1987 (0.2679)	Prec@1 93.750 (91.142)	Prec@5 100.000 (99.857)
Epoch: [60][80/391], lr: 0.01000	Loss 0.2166 (0.2687)	Prec@1 93.750 (91.117)	Prec@5 100.000 (99.846)
Epoch: [60][90/391], lr: 0.01000	Loss 0.2438 (0.2648)	Prec@1 91.406 (91.217)	Prec@5 100.000 (99.854)
Epoch: [60][100/391], lr: 0.01000	Loss 0.2269 (0.2634)	Prec@1 93.750 (91.337)	Prec@5 100.000 (99.853)
Epoch: [60][110/391], lr: 0.01000	Loss 0.2246 (0.2630)	Prec@1 94.531 (91.441)	Prec@5 100.000 (99.852)
Epoch: [60][120/391], lr: 0.01000	Loss 0.2793 (0.2658)	Prec@1 88.281 (91.419)	Prec@5 100.000 (99.851)
Epoch: [60][130/391], lr: 0.01000	Loss 0.3245 (0.2668)	Prec@1 89.844 (91.406)	Prec@5 99.219 (99.845)
Epoch: [60][140/391], lr: 0.01000	Loss 0.2888 (0.2714)	Prec@1 90.625 (91.284)	Prec@5 100.000 (99.823)
Epoch: [60][150/391], lr: 0.01000	Loss 0.3665 (0.2730)	Prec@1 87.500 (91.210)	Prec@5 100.000 (99.824)
Epoch: [60][160/391], lr: 0.01000	Loss 0.2736 (0.2799)	Prec@1 91.406 (90.965)	Prec@5 100.000 (99.811)
Epoch: [60][170/391], lr: 0.01000	Loss 0.2091 (0.2818)	Prec@1 92.188 (90.917)	Prec@5 100.000 (99.804)
Epoch: [60][180/391], lr: 0.01000	Loss 0.4011 (0.2865)	Prec@1 84.375 (90.737)	Prec@5 100.000 (99.801)
Epoch: [60][190/391], lr: 0.01000	Loss 0.3037 (0.2904)	Prec@1 90.625 (90.580)	Prec@5 99.219 (99.804)
Epoch: [60][200/391], lr: 0.01000	Loss 0.3703 (0.2952)	Prec@1 85.938 (90.388)	Prec@5 100.000 (99.798)
Epoch: [60][210/391], lr: 0.01000	Loss 0.4703 (0.2996)	Prec@1 84.375 (90.247)	Prec@5 98.438 (99.796)
Epoch: [60][220/391], lr: 0.01000	Loss 0.3908 (0.3011)	Prec@1 84.375 (90.190)	Prec@5 99.219 (99.788)
Epoch: [60][230/391], lr: 0.01000	Loss 0.2577 (0.3019)	Prec@1 93.750 (90.195)	Prec@5 100.000 (99.790)
Epoch: [60][240/391], lr: 0.01000	Loss 0.2899 (0.3033)	Prec@1 90.625 (90.181)	Prec@5 100.000 (99.793)
Epoch: [60][250/391], lr: 0.01000	Loss 0.3888 (0.3034)	Prec@1 88.281 (90.164)	Prec@5 100.000 (99.795)
Epoch: [60][260/391], lr: 0.01000	Loss 0.3023 (0.3038)	Prec@1 90.625 (90.152)	Prec@5 100.000 (99.796)
Epoch: [60][270/391], lr: 0.01000	Loss 0.3043 (0.3046)	Prec@1 89.062 (90.132)	Prec@5 100.000 (99.792)
Epoch: [60][280/391], lr: 0.01000	Loss 0.2034 (0.3045)	Prec@1 94.531 (90.125)	Prec@5 100.000 (99.794)
Epoch: [60][290/391], lr: 0.01000	Loss 0.3296 (0.3049)	Prec@1 91.406 (90.101)	Prec@5 99.219 (99.796)
Epoch: [60][300/391], lr: 0.01000	Loss 0.2899 (0.3041)	Prec@1 90.625 (90.153)	Prec@5 100.000 (99.803)
Epoch: [60][310/391], lr: 0.01000	Loss 0.3241 (0.3035)	Prec@1 88.281 (90.140)	Prec@5 100.000 (99.807)
Epoch: [60][320/391], lr: 0.01000	Loss 0.3203 (0.3031)	Prec@1 86.719 (90.141)	Prec@5 100.000 (99.808)
Epoch: [60][330/391], lr: 0.01000	Loss 0.3068 (0.3029)	Prec@1 86.719 (90.122)	Prec@5 100.000 (99.809)
Epoch: [60][340/391], lr: 0.01000	Loss 0.3890 (0.3025)	Prec@1 88.281 (90.142)	Prec@5 99.219 (99.810)
Epoch: [60][350/391], lr: 0.01000	Loss 0.2998 (0.3028)	Prec@1 89.062 (90.151)	Prec@5 99.219 (99.811)
Epoch: [60][360/391], lr: 0.01000	Loss 0.3422 (0.3036)	Prec@1 89.062 (90.127)	Prec@5 100.000 (99.807)
Epoch: [60][370/391], lr: 0.01000	Loss 0.3126 (0.3048)	Prec@1 88.281 (90.069)	Prec@5 100.000 (99.804)
Epoch: [60][380/391], lr: 0.01000	Loss 0.4191 (0.3064)	Prec@1 84.375 (90.022)	Prec@5 100.000 (99.805)
Epoch: [60][390/391], lr: 0.01000	Loss 0.2832 (0.3073)	Prec@1 92.500 (89.990)	Prec@5 100.000 (99.800)
Epoch [60] Training Results: Prec@1 89.990 Prec@5 99.800             Loss 0.30734
Epoch [60] Training Class Recall: [0.807,0.872,0.832,0.871,0.903,0.918,0.943,0.942,0.955,0.957]

Epoch: [61][0/391], lr: 0.01000	Loss 0.3776 (0.3776)	Prec@1 87.500 (87.500)	Prec@5 98.438 (98.438)
Epoch: [61][10/391], lr: 0.01000	Loss 0.2804 (0.3343)	Prec@1 91.406 (88.565)	Prec@5 100.000 (99.716)
Epoch: [61][20/391], lr: 0.01000	Loss 0.3416 (0.3132)	Prec@1 89.844 (89.137)	Prec@5 100.000 (99.814)
Epoch: [61][30/391], lr: 0.01000	Loss 0.2874 (0.3201)	Prec@1 89.844 (88.987)	Prec@5 100.000 (99.773)
Epoch: [61][40/391], lr: 0.01000	Loss 0.2122 (0.3202)	Prec@1 94.531 (89.196)	Prec@5 100.000 (99.771)
Epoch: [61][50/391], lr: 0.01000	Loss 0.4244 (0.3218)	Prec@1 87.500 (89.093)	Prec@5 100.000 (99.786)
Epoch: [61][60/391], lr: 0.01000	Loss 0.2967 (0.3192)	Prec@1 90.625 (89.165)	Prec@5 99.219 (99.795)
Epoch: [61][70/391], lr: 0.01000	Loss 0.4411 (0.3222)	Prec@1 82.812 (88.908)	Prec@5 100.000 (99.802)
Epoch: [61][80/391], lr: 0.01000	Loss 0.2864 (0.3195)	Prec@1 89.844 (89.005)	Prec@5 100.000 (99.807)
Epoch: [61][90/391], lr: 0.01000	Loss 0.2680 (0.3183)	Prec@1 91.406 (89.071)	Prec@5 100.000 (99.811)
Epoch: [61][100/391], lr: 0.01000	Loss 0.4280 (0.3208)	Prec@1 86.719 (89.055)	Prec@5 100.000 (99.776)
Epoch: [61][110/391], lr: 0.01000	Loss 0.2900 (0.3200)	Prec@1 92.188 (89.133)	Prec@5 99.219 (99.768)
Epoch: [61][120/391], lr: 0.01000	Loss 0.2990 (0.3198)	Prec@1 90.625 (89.166)	Prec@5 100.000 (99.768)
Epoch: [61][130/391], lr: 0.01000	Loss 0.3187 (0.3208)	Prec@1 85.938 (89.116)	Prec@5 100.000 (99.785)
Epoch: [61][140/391], lr: 0.01000	Loss 0.3475 (0.3210)	Prec@1 88.281 (89.090)	Prec@5 99.219 (99.784)
Epoch: [61][150/391], lr: 0.01000	Loss 0.3748 (0.3189)	Prec@1 90.625 (89.218)	Prec@5 100.000 (99.788)
Epoch: [61][160/391], lr: 0.01000	Loss 0.3466 (0.3175)	Prec@1 88.281 (89.247)	Prec@5 99.219 (99.786)
Epoch: [61][170/391], lr: 0.01000	Loss 0.2579 (0.3142)	Prec@1 92.188 (89.318)	Prec@5 99.219 (99.790)
Epoch: [61][180/391], lr: 0.01000	Loss 0.3587 (0.3120)	Prec@1 85.938 (89.360)	Prec@5 100.000 (99.793)
Epoch: [61][190/391], lr: 0.01000	Loss 0.3159 (0.3112)	Prec@1 89.062 (89.390)	Prec@5 100.000 (99.800)
Epoch: [61][200/391], lr: 0.01000	Loss 0.3071 (0.3077)	Prec@1 90.625 (89.490)	Prec@5 100.000 (99.806)
Epoch: [61][210/391], lr: 0.01000	Loss 0.2591 (0.3055)	Prec@1 92.188 (89.588)	Prec@5 99.219 (99.804)
Epoch: [61][220/391], lr: 0.01000	Loss 0.2818 (0.3069)	Prec@1 91.406 (89.582)	Prec@5 100.000 (99.809)
Epoch: [61][230/391], lr: 0.01000	Loss 0.3012 (0.3089)	Prec@1 90.625 (89.536)	Prec@5 99.219 (99.807)
Epoch: [61][240/391], lr: 0.01000	Loss 0.3079 (0.3075)	Prec@1 87.500 (89.591)	Prec@5 99.219 (99.806)
Epoch: [61][250/391], lr: 0.01000	Loss 0.3104 (0.3071)	Prec@1 89.062 (89.620)	Prec@5 100.000 (99.807)
Epoch: [61][260/391], lr: 0.01000	Loss 0.3293 (0.3064)	Prec@1 89.062 (89.640)	Prec@5 100.000 (99.802)
Epoch: [61][270/391], lr: 0.01000	Loss 0.2229 (0.3064)	Prec@1 92.188 (89.668)	Prec@5 100.000 (99.807)
Epoch: [61][280/391], lr: 0.01000	Loss 0.2210 (0.3052)	Prec@1 92.969 (89.719)	Prec@5 99.219 (99.803)
Epoch: [61][290/391], lr: 0.01000	Loss 0.2168 (0.3049)	Prec@1 92.188 (89.731)	Prec@5 100.000 (99.799)
Epoch: [61][300/391], lr: 0.01000	Loss 0.4077 (0.3057)	Prec@1 88.281 (89.701)	Prec@5 99.219 (99.800)
Epoch: [61][310/391], lr: 0.01000	Loss 0.3493 (0.3064)	Prec@1 88.281 (89.673)	Prec@5 100.000 (99.804)
Epoch: [61][320/391], lr: 0.01000	Loss 0.3736 (0.3067)	Prec@1 85.938 (89.666)	Prec@5 98.438 (99.803)
Epoch: [61][330/391], lr: 0.01000	Loss 0.4147 (0.3086)	Prec@1 87.500 (89.594)	Prec@5 99.219 (99.795)
Epoch: [61][340/391], lr: 0.01000	Loss 0.3479 (0.3113)	Prec@1 85.938 (89.493)	Prec@5 100.000 (99.789)
Epoch: [61][350/391], lr: 0.01000	Loss 0.5103 (0.3131)	Prec@1 87.500 (89.443)	Prec@5 98.438 (99.784)
Epoch: [61][360/391], lr: 0.01000	Loss 0.3708 (0.3145)	Prec@1 89.062 (89.383)	Prec@5 100.000 (99.771)
Epoch: [61][370/391], lr: 0.01000	Loss 0.3817 (0.3160)	Prec@1 88.281 (89.328)	Prec@5 100.000 (99.768)
Epoch: [61][380/391], lr: 0.01000	Loss 0.4475 (0.3164)	Prec@1 82.812 (89.300)	Prec@5 100.000 (99.768)
Epoch: [61][390/391], lr: 0.01000	Loss 0.2330 (0.3178)	Prec@1 92.500 (89.290)	Prec@5 100.000 (99.768)
Epoch [61] Training Results: Prec@1 89.290 Prec@5 99.768             Loss 0.31776
Epoch [61] Training Class Recall: [0.796,0.863,0.821,0.873,0.900,0.911,0.933,0.936,0.946,0.951]

Epoch: [62][0/391], lr: 0.01000	Loss 0.4914 (0.4914)	Prec@1 81.250 (81.250)	Prec@5 100.000 (100.000)
Epoch: [62][10/391], lr: 0.01000	Loss 0.2433 (0.3122)	Prec@1 91.406 (89.134)	Prec@5 100.000 (99.929)
Epoch: [62][20/391], lr: 0.01000	Loss 0.2458 (0.3139)	Prec@1 91.406 (88.914)	Prec@5 100.000 (99.888)
Epoch: [62][30/391], lr: 0.01000	Loss 0.2718 (0.3087)	Prec@1 89.844 (89.365)	Prec@5 100.000 (99.849)
Epoch: [62][40/391], lr: 0.01000	Loss 0.2704 (0.3137)	Prec@1 89.844 (89.310)	Prec@5 100.000 (99.867)
Epoch: [62][50/391], lr: 0.01000	Loss 0.3649 (0.3178)	Prec@1 86.719 (89.170)	Prec@5 100.000 (99.847)
Epoch: [62][60/391], lr: 0.01000	Loss 0.2763 (0.3144)	Prec@1 90.625 (89.280)	Prec@5 100.000 (99.859)
Epoch: [62][70/391], lr: 0.01000	Loss 0.3004 (0.3105)	Prec@1 90.625 (89.602)	Prec@5 100.000 (99.824)
Epoch: [62][80/391], lr: 0.01000	Loss 0.2735 (0.3076)	Prec@1 91.406 (89.757)	Prec@5 100.000 (99.846)
Epoch: [62][90/391], lr: 0.01000	Loss 0.3133 (0.3087)	Prec@1 89.844 (89.758)	Prec@5 100.000 (99.837)
Epoch: [62][100/391], lr: 0.01000	Loss 0.2924 (0.3062)	Prec@1 95.312 (89.890)	Prec@5 99.219 (99.822)
Epoch: [62][110/391], lr: 0.01000	Loss 0.2831 (0.3032)	Prec@1 88.281 (90.027)	Prec@5 100.000 (99.817)
Epoch: [62][120/391], lr: 0.01000	Loss 0.3017 (0.3031)	Prec@1 89.844 (90.050)	Prec@5 99.219 (99.806)
Epoch: [62][130/391], lr: 0.01000	Loss 0.2504 (0.3032)	Prec@1 96.094 (90.100)	Prec@5 99.219 (99.815)
Epoch: [62][140/391], lr: 0.01000	Loss 0.3043 (0.3038)	Prec@1 89.844 (90.076)	Prec@5 100.000 (99.823)
Epoch: [62][150/391], lr: 0.01000	Loss 0.3626 (0.3043)	Prec@1 89.844 (90.051)	Prec@5 100.000 (99.809)
Epoch: [62][160/391], lr: 0.01000	Loss 0.1752 (0.3052)	Prec@1 96.094 (90.043)	Prec@5 100.000 (99.806)
Epoch: [62][170/391], lr: 0.01000	Loss 0.2028 (0.3051)	Prec@1 94.531 (90.072)	Prec@5 99.219 (99.794)
Epoch: [62][180/391], lr: 0.01000	Loss 0.2354 (0.3057)	Prec@1 90.625 (90.012)	Prec@5 100.000 (99.797)
Epoch: [62][190/391], lr: 0.01000	Loss 0.3988 (0.3058)	Prec@1 88.281 (89.958)	Prec@5 99.219 (99.800)
Epoch: [62][200/391], lr: 0.01000	Loss 0.3690 (0.3047)	Prec@1 87.500 (89.991)	Prec@5 99.219 (99.798)
Epoch: [62][210/391], lr: 0.01000	Loss 0.3537 (0.3057)	Prec@1 89.844 (89.959)	Prec@5 98.438 (99.785)
Epoch: [62][220/391], lr: 0.01000	Loss 0.3140 (0.3052)	Prec@1 92.188 (89.982)	Prec@5 100.000 (99.788)
Epoch: [62][230/391], lr: 0.01000	Loss 0.3323 (0.3058)	Prec@1 87.500 (89.932)	Prec@5 100.000 (99.794)
Epoch: [62][240/391], lr: 0.01000	Loss 0.2694 (0.3059)	Prec@1 89.062 (89.931)	Prec@5 99.219 (99.796)
Epoch: [62][250/391], lr: 0.01000	Loss 0.2899 (0.3054)	Prec@1 92.188 (89.934)	Prec@5 99.219 (99.798)
Epoch: [62][260/391], lr: 0.01000	Loss 0.2055 (0.3038)	Prec@1 91.406 (89.975)	Prec@5 100.000 (99.802)
Epoch: [62][270/391], lr: 0.01000	Loss 0.2688 (0.3045)	Prec@1 91.406 (89.950)	Prec@5 100.000 (99.804)
Epoch: [62][280/391], lr: 0.01000	Loss 0.3461 (0.3038)	Prec@1 89.062 (90.016)	Prec@5 98.438 (99.800)
Epoch: [62][290/391], lr: 0.01000	Loss 0.3529 (0.3030)	Prec@1 86.719 (90.034)	Prec@5 99.219 (99.793)
Epoch: [62][300/391], lr: 0.01000	Loss 0.5282 (0.3027)	Prec@1 89.062 (90.059)	Prec@5 100.000 (99.795)
Epoch: [62][310/391], lr: 0.01000	Loss 0.1512 (0.3011)	Prec@1 96.094 (90.123)	Prec@5 100.000 (99.794)
Epoch: [62][320/391], lr: 0.01000	Loss 0.2812 (0.3012)	Prec@1 89.062 (90.107)	Prec@5 100.000 (99.793)
Epoch: [62][330/391], lr: 0.01000	Loss 0.2157 (0.2994)	Prec@1 90.625 (90.127)	Prec@5 100.000 (99.799)
Epoch: [62][340/391], lr: 0.01000	Loss 0.2226 (0.2982)	Prec@1 91.406 (90.139)	Prec@5 99.219 (99.803)
Epoch: [62][350/391], lr: 0.01000	Loss 0.3592 (0.2987)	Prec@1 89.062 (90.153)	Prec@5 100.000 (99.804)
Epoch: [62][360/391], lr: 0.01000	Loss 0.4493 (0.2997)	Prec@1 85.938 (90.084)	Prec@5 100.000 (99.803)
Epoch: [62][370/391], lr: 0.01000	Loss 0.3403 (0.3008)	Prec@1 87.500 (90.056)	Prec@5 100.000 (99.804)
Epoch: [62][380/391], lr: 0.01000	Loss 0.3315 (0.3010)	Prec@1 88.281 (90.059)	Prec@5 100.000 (99.801)
Epoch: [62][390/391], lr: 0.01000	Loss 0.3252 (0.3023)	Prec@1 91.250 (90.024)	Prec@5 98.750 (99.798)
Epoch [62] Training Results: Prec@1 90.024 Prec@5 99.798             Loss 0.30232
Epoch [62] Training Class Recall: [0.804,0.869,0.832,0.876,0.900,0.918,0.947,0.943,0.955,0.960]

Epoch: [63][0/391], lr: 0.01000	Loss 0.4493 (0.4493)	Prec@1 83.594 (83.594)	Prec@5 99.219 (99.219)
Epoch: [63][10/391], lr: 0.01000	Loss 0.3820 (0.3389)	Prec@1 86.719 (88.352)	Prec@5 100.000 (99.929)
Epoch: [63][20/391], lr: 0.01000	Loss 0.2485 (0.3373)	Prec@1 89.844 (88.504)	Prec@5 100.000 (99.851)
Epoch: [63][30/391], lr: 0.01000	Loss 0.2457 (0.3342)	Prec@1 92.188 (88.810)	Prec@5 100.000 (99.824)
Epoch: [63][40/391], lr: 0.01000	Loss 0.2924 (0.3294)	Prec@1 88.281 (88.872)	Prec@5 99.219 (99.809)
Epoch: [63][50/391], lr: 0.01000	Loss 0.5142 (0.3349)	Prec@1 82.812 (88.680)	Prec@5 99.219 (99.816)
Epoch: [63][60/391], lr: 0.01000	Loss 0.3486 (0.3335)	Prec@1 89.844 (88.742)	Prec@5 100.000 (99.833)
Epoch: [63][70/391], lr: 0.01000	Loss 0.3671 (0.3251)	Prec@1 87.500 (89.173)	Prec@5 99.219 (99.813)
Epoch: [63][80/391], lr: 0.01000	Loss 0.2499 (0.3193)	Prec@1 92.969 (89.361)	Prec@5 99.219 (99.826)
Epoch: [63][90/391], lr: 0.01000	Loss 0.3340 (0.3163)	Prec@1 86.719 (89.475)	Prec@5 100.000 (99.820)
Epoch: [63][100/391], lr: 0.01000	Loss 0.3044 (0.3123)	Prec@1 90.625 (89.596)	Prec@5 100.000 (99.838)
Epoch: [63][110/391], lr: 0.01000	Loss 0.2335 (0.3093)	Prec@1 92.969 (89.802)	Prec@5 100.000 (99.831)
Epoch: [63][120/391], lr: 0.01000	Loss 0.1891 (0.3062)	Prec@1 91.406 (89.876)	Prec@5 100.000 (99.845)
Epoch: [63][130/391], lr: 0.01000	Loss 0.2375 (0.3031)	Prec@1 90.625 (89.987)	Prec@5 100.000 (99.857)
Epoch: [63][140/391], lr: 0.01000	Loss 0.2393 (0.3024)	Prec@1 89.844 (90.049)	Prec@5 99.219 (99.839)
Epoch: [63][150/391], lr: 0.01000	Loss 0.1619 (0.2996)	Prec@1 96.094 (90.159)	Prec@5 100.000 (99.845)
Epoch: [63][160/391], lr: 0.01000	Loss 0.2776 (0.2987)	Prec@1 88.281 (90.115)	Prec@5 100.000 (99.845)
Epoch: [63][170/391], lr: 0.01000	Loss 0.4185 (0.2991)	Prec@1 85.938 (90.081)	Prec@5 100.000 (99.854)
Epoch: [63][180/391], lr: 0.01000	Loss 0.4228 (0.2998)	Prec@1 83.594 (90.060)	Prec@5 99.219 (99.849)
Epoch: [63][190/391], lr: 0.01000	Loss 0.4092 (0.3006)	Prec@1 85.938 (90.028)	Prec@5 100.000 (99.849)
Epoch: [63][200/391], lr: 0.01000	Loss 0.3349 (0.3005)	Prec@1 89.844 (90.011)	Prec@5 100.000 (99.848)
Epoch: [63][210/391], lr: 0.01000	Loss 0.2239 (0.3009)	Prec@1 91.406 (89.984)	Prec@5 100.000 (99.844)
Epoch: [63][220/391], lr: 0.01000	Loss 0.4976 (0.3023)	Prec@1 82.812 (89.950)	Prec@5 99.219 (99.841)
Epoch: [63][230/391], lr: 0.01000	Loss 0.5268 (0.3041)	Prec@1 81.250 (89.881)	Prec@5 100.000 (99.848)
Epoch: [63][240/391], lr: 0.01000	Loss 0.2822 (0.3073)	Prec@1 92.188 (89.772)	Prec@5 100.000 (99.844)
Epoch: [63][250/391], lr: 0.01000	Loss 0.5231 (0.3102)	Prec@1 83.594 (89.707)	Prec@5 99.219 (99.826)
Epoch: [63][260/391], lr: 0.01000	Loss 0.3753 (0.3103)	Prec@1 90.625 (89.748)	Prec@5 100.000 (99.826)
Epoch: [63][270/391], lr: 0.01000	Loss 0.4120 (0.3116)	Prec@1 88.281 (89.720)	Prec@5 99.219 (99.818)
Epoch: [63][280/391], lr: 0.01000	Loss 0.3307 (0.3112)	Prec@1 91.406 (89.730)	Prec@5 100.000 (99.819)
Epoch: [63][290/391], lr: 0.01000	Loss 0.2714 (0.3113)	Prec@1 91.406 (89.758)	Prec@5 100.000 (99.823)
Epoch: [63][300/391], lr: 0.01000	Loss 0.2423 (0.3118)	Prec@1 89.062 (89.766)	Prec@5 100.000 (99.811)
Epoch: [63][310/391], lr: 0.01000	Loss 0.3614 (0.3114)	Prec@1 86.719 (89.778)	Prec@5 100.000 (99.814)
Epoch: [63][320/391], lr: 0.01000	Loss 0.3523 (0.3110)	Prec@1 85.938 (89.800)	Prec@5 100.000 (99.817)
Epoch: [63][330/391], lr: 0.01000	Loss 0.3191 (0.3103)	Prec@1 89.844 (89.820)	Prec@5 100.000 (99.816)
Epoch: [63][340/391], lr: 0.01000	Loss 0.1875 (0.3087)	Prec@1 91.406 (89.867)	Prec@5 100.000 (99.814)
Epoch: [63][350/391], lr: 0.01000	Loss 0.4721 (0.3080)	Prec@1 84.375 (89.895)	Prec@5 98.438 (99.809)
Epoch: [63][360/391], lr: 0.01000	Loss 0.3645 (0.3078)	Prec@1 89.844 (89.911)	Prec@5 100.000 (99.805)
Epoch: [63][370/391], lr: 0.01000	Loss 0.3171 (0.3080)	Prec@1 89.062 (89.911)	Prec@5 100.000 (99.806)
Epoch: [63][380/391], lr: 0.01000	Loss 0.2741 (0.3083)	Prec@1 91.406 (89.887)	Prec@5 99.219 (99.801)
Epoch: [63][390/391], lr: 0.01000	Loss 0.2715 (0.3078)	Prec@1 88.750 (89.874)	Prec@5 98.750 (99.804)
Epoch [63] Training Results: Prec@1 89.874 Prec@5 99.804             Loss 0.30781
Epoch [63] Training Class Recall: [0.800,0.867,0.831,0.872,0.907,0.922,0.936,0.942,0.955,0.956]

Epoch: [64][0/391], lr: 0.01000	Loss 0.1962 (0.1962)	Prec@1 92.969 (92.969)	Prec@5 100.000 (100.000)
Epoch: [64][10/391], lr: 0.01000	Loss 0.2658 (0.2592)	Prec@1 90.625 (91.264)	Prec@5 100.000 (99.929)
Epoch: [64][20/391], lr: 0.01000	Loss 0.3312 (0.2757)	Prec@1 92.188 (91.295)	Prec@5 100.000 (99.888)
Epoch: [64][30/391], lr: 0.01000	Loss 0.3049 (0.2713)	Prec@1 91.406 (91.305)	Prec@5 100.000 (99.874)
Epoch: [64][40/391], lr: 0.01000	Loss 0.1892 (0.2722)	Prec@1 93.750 (91.235)	Prec@5 100.000 (99.886)
Epoch: [64][50/391], lr: 0.01000	Loss 0.2800 (0.2777)	Prec@1 89.844 (90.947)	Prec@5 100.000 (99.893)
Epoch: [64][60/391], lr: 0.01000	Loss 0.2843 (0.2852)	Prec@1 90.625 (90.740)	Prec@5 100.000 (99.859)
Epoch: [64][70/391], lr: 0.01000	Loss 0.3470 (0.2819)	Prec@1 84.375 (90.834)	Prec@5 100.000 (99.868)
Epoch: [64][80/391], lr: 0.01000	Loss 0.1809 (0.2827)	Prec@1 95.312 (90.837)	Prec@5 100.000 (99.875)
Epoch: [64][90/391], lr: 0.01000	Loss 0.2937 (0.2846)	Prec@1 89.062 (90.719)	Prec@5 100.000 (99.854)
Epoch: [64][100/391], lr: 0.01000	Loss 0.4129 (0.2867)	Prec@1 85.156 (90.640)	Prec@5 100.000 (99.853)
Epoch: [64][110/391], lr: 0.01000	Loss 0.2918 (0.2929)	Prec@1 88.281 (90.372)	Prec@5 100.000 (99.852)
Epoch: [64][120/391], lr: 0.01000	Loss 0.3654 (0.2968)	Prec@1 89.844 (90.212)	Prec@5 100.000 (99.832)
Epoch: [64][130/391], lr: 0.01000	Loss 0.2535 (0.3003)	Prec@1 89.062 (90.064)	Prec@5 100.000 (99.827)
Epoch: [64][140/391], lr: 0.01000	Loss 0.2926 (0.3020)	Prec@1 89.062 (90.027)	Prec@5 100.000 (99.823)
Epoch: [64][150/391], lr: 0.01000	Loss 0.3148 (0.3039)	Prec@1 85.156 (89.942)	Prec@5 100.000 (99.819)
Epoch: [64][160/391], lr: 0.01000	Loss 0.2484 (0.3058)	Prec@1 92.188 (89.892)	Prec@5 99.219 (99.820)
Epoch: [64][170/391], lr: 0.01000	Loss 0.2905 (0.3072)	Prec@1 90.625 (89.839)	Prec@5 100.000 (99.813)
Epoch: [64][180/391], lr: 0.01000	Loss 0.3176 (0.3066)	Prec@1 92.188 (89.865)	Prec@5 100.000 (99.819)
Epoch: [64][190/391], lr: 0.01000	Loss 0.4191 (0.3066)	Prec@1 86.719 (89.819)	Prec@5 99.219 (99.808)
Epoch: [64][200/391], lr: 0.01000	Loss 0.1758 (0.3057)	Prec@1 92.969 (89.840)	Prec@5 100.000 (99.813)
Epoch: [64][210/391], lr: 0.01000	Loss 0.3482 (0.3049)	Prec@1 90.625 (89.873)	Prec@5 100.000 (99.807)
Epoch: [64][220/391], lr: 0.01000	Loss 0.3375 (0.3063)	Prec@1 87.500 (89.837)	Prec@5 100.000 (99.809)
Epoch: [64][230/391], lr: 0.01000	Loss 0.3621 (0.3055)	Prec@1 89.844 (89.891)	Prec@5 99.219 (99.804)
Epoch: [64][240/391], lr: 0.01000	Loss 0.2567 (0.3045)	Prec@1 92.188 (89.941)	Prec@5 100.000 (99.812)
Epoch: [64][250/391], lr: 0.01000	Loss 0.2919 (0.3039)	Prec@1 89.062 (89.971)	Prec@5 100.000 (99.816)
Epoch: [64][260/391], lr: 0.01000	Loss 0.1940 (0.3041)	Prec@1 94.531 (89.952)	Prec@5 100.000 (99.814)
Epoch: [64][270/391], lr: 0.01000	Loss 0.2811 (0.3046)	Prec@1 90.625 (89.945)	Prec@5 100.000 (99.815)
Epoch: [64][280/391], lr: 0.01000	Loss 0.2614 (0.3035)	Prec@1 89.844 (89.974)	Prec@5 100.000 (99.819)
Epoch: [64][290/391], lr: 0.01000	Loss 0.2226 (0.3024)	Prec@1 94.531 (90.026)	Prec@5 100.000 (99.820)
Epoch: [64][300/391], lr: 0.01000	Loss 0.2508 (0.3025)	Prec@1 91.406 (90.031)	Prec@5 100.000 (99.813)
Epoch: [64][310/391], lr: 0.01000	Loss 0.3536 (0.3025)	Prec@1 91.406 (90.017)	Prec@5 99.219 (99.807)
Epoch: [64][320/391], lr: 0.01000	Loss 0.4064 (0.3034)	Prec@1 85.938 (89.992)	Prec@5 100.000 (99.805)
Epoch: [64][330/391], lr: 0.01000	Loss 0.2872 (0.3049)	Prec@1 87.500 (89.941)	Prec@5 100.000 (99.799)
Epoch: [64][340/391], lr: 0.01000	Loss 0.4343 (0.3065)	Prec@1 86.719 (89.867)	Prec@5 99.219 (99.803)
Epoch: [64][350/391], lr: 0.01000	Loss 0.3364 (0.3074)	Prec@1 86.719 (89.844)	Prec@5 100.000 (99.800)
Epoch: [64][360/391], lr: 0.01000	Loss 0.5162 (0.3105)	Prec@1 85.938 (89.757)	Prec@5 100.000 (99.797)
Epoch: [64][370/391], lr: 0.01000	Loss 0.3641 (0.3115)	Prec@1 86.719 (89.722)	Prec@5 100.000 (99.798)
Epoch: [64][380/391], lr: 0.01000	Loss 0.3740 (0.3128)	Prec@1 88.281 (89.706)	Prec@5 100.000 (99.793)
Epoch: [64][390/391], lr: 0.01000	Loss 0.2651 (0.3130)	Prec@1 91.250 (89.702)	Prec@5 100.000 (99.786)
Epoch [64] Training Results: Prec@1 89.702 Prec@5 99.786             Loss 0.31298
Epoch [64] Training Class Recall: [0.806,0.865,0.831,0.868,0.899,0.920,0.935,0.936,0.956,0.954]

Epoch: [65][0/391], lr: 0.01000	Loss 0.1994 (0.1994)	Prec@1 92.969 (92.969)	Prec@5 100.000 (100.000)
Epoch: [65][10/391], lr: 0.01000	Loss 0.2984 (0.3271)	Prec@1 90.625 (90.057)	Prec@5 100.000 (99.716)
Epoch: [65][20/391], lr: 0.01000	Loss 0.3211 (0.3135)	Prec@1 87.500 (90.030)	Prec@5 100.000 (99.851)
Epoch: [65][30/391], lr: 0.01000	Loss 0.3397 (0.2966)	Prec@1 89.844 (90.398)	Prec@5 100.000 (99.824)
Epoch: [65][40/391], lr: 0.01000	Loss 0.2390 (0.2919)	Prec@1 90.625 (90.492)	Prec@5 100.000 (99.828)
Epoch: [65][50/391], lr: 0.01000	Loss 0.3385 (0.2933)	Prec@1 89.062 (90.349)	Prec@5 100.000 (99.847)
Epoch: [65][60/391], lr: 0.01000	Loss 0.2268 (0.2908)	Prec@1 95.312 (90.433)	Prec@5 100.000 (99.872)
Epoch: [65][70/391], lr: 0.01000	Loss 0.3134 (0.2916)	Prec@1 90.625 (90.438)	Prec@5 99.219 (99.835)
Epoch: [65][80/391], lr: 0.01000	Loss 0.2530 (0.2889)	Prec@1 91.406 (90.548)	Prec@5 99.219 (99.846)
Epoch: [65][90/391], lr: 0.01000	Loss 0.2263 (0.2814)	Prec@1 90.625 (90.728)	Prec@5 100.000 (99.845)
Epoch: [65][100/391], lr: 0.01000	Loss 0.3894 (0.2809)	Prec@1 88.281 (90.803)	Prec@5 97.656 (99.822)
Epoch: [65][110/391], lr: 0.01000	Loss 0.3510 (0.2835)	Prec@1 89.844 (90.808)	Prec@5 99.219 (99.817)
Epoch: [65][120/391], lr: 0.01000	Loss 0.3416 (0.2831)	Prec@1 88.281 (90.819)	Prec@5 100.000 (99.800)
Epoch: [65][130/391], lr: 0.01000	Loss 0.3029 (0.2840)	Prec@1 87.500 (90.762)	Prec@5 100.000 (99.797)
Epoch: [65][140/391], lr: 0.01000	Loss 0.3313 (0.2864)	Prec@1 88.281 (90.675)	Prec@5 100.000 (99.795)
Epoch: [65][150/391], lr: 0.01000	Loss 0.3121 (0.2877)	Prec@1 92.188 (90.651)	Prec@5 99.219 (99.783)
Epoch: [65][160/391], lr: 0.01000	Loss 0.2027 (0.2888)	Prec@1 94.531 (90.654)	Prec@5 100.000 (99.777)
Epoch: [65][170/391], lr: 0.01000	Loss 0.4445 (0.2927)	Prec@1 85.938 (90.511)	Prec@5 100.000 (99.781)
Epoch: [65][180/391], lr: 0.01000	Loss 0.2483 (0.2935)	Prec@1 90.625 (90.409)	Prec@5 100.000 (99.789)
Epoch: [65][190/391], lr: 0.01000	Loss 0.4122 (0.2969)	Prec@1 87.500 (90.318)	Prec@5 100.000 (99.779)
Epoch: [65][200/391], lr: 0.01000	Loss 0.2973 (0.2976)	Prec@1 92.188 (90.252)	Prec@5 100.000 (99.786)
Epoch: [65][210/391], lr: 0.01000	Loss 0.4296 (0.2992)	Prec@1 85.156 (90.210)	Prec@5 99.219 (99.785)
Epoch: [65][220/391], lr: 0.01000	Loss 0.3095 (0.3008)	Prec@1 89.062 (90.137)	Prec@5 100.000 (99.777)
Epoch: [65][230/391], lr: 0.01000	Loss 0.2704 (0.3003)	Prec@1 91.406 (90.175)	Prec@5 100.000 (99.770)
Epoch: [65][240/391], lr: 0.01000	Loss 0.2719 (0.3014)	Prec@1 90.625 (90.136)	Prec@5 100.000 (99.773)
Epoch: [65][250/391], lr: 0.01000	Loss 0.3692 (0.3021)	Prec@1 90.625 (90.121)	Prec@5 100.000 (99.779)
Epoch: [65][260/391], lr: 0.01000	Loss 0.2356 (0.3028)	Prec@1 92.969 (90.098)	Prec@5 100.000 (99.778)
Epoch: [65][270/391], lr: 0.01000	Loss 0.4169 (0.3040)	Prec@1 88.281 (90.066)	Prec@5 100.000 (99.775)
Epoch: [65][280/391], lr: 0.01000	Loss 0.3787 (0.3041)	Prec@1 86.719 (90.088)	Prec@5 100.000 (99.780)
Epoch: [65][290/391], lr: 0.01000	Loss 0.2071 (0.3041)	Prec@1 92.969 (90.088)	Prec@5 100.000 (99.783)
Epoch: [65][300/391], lr: 0.01000	Loss 0.2264 (0.3031)	Prec@1 93.750 (90.137)	Prec@5 100.000 (99.782)
Epoch: [65][310/391], lr: 0.01000	Loss 0.2919 (0.3032)	Prec@1 89.062 (90.130)	Prec@5 100.000 (99.779)
Epoch: [65][320/391], lr: 0.01000	Loss 0.3895 (0.3035)	Prec@1 85.938 (90.107)	Prec@5 99.219 (99.779)
Epoch: [65][330/391], lr: 0.01000	Loss 0.2692 (0.3034)	Prec@1 93.750 (90.115)	Prec@5 99.219 (99.776)
Epoch: [65][340/391], lr: 0.01000	Loss 0.4299 (0.3029)	Prec@1 87.500 (90.119)	Prec@5 100.000 (99.782)
Epoch: [65][350/391], lr: 0.01000	Loss 0.2845 (0.3022)	Prec@1 90.625 (90.120)	Prec@5 100.000 (99.789)
Epoch: [65][360/391], lr: 0.01000	Loss 0.3488 (0.3019)	Prec@1 89.844 (90.127)	Prec@5 99.219 (99.781)
Epoch: [65][370/391], lr: 0.01000	Loss 0.2594 (0.3020)	Prec@1 90.625 (90.101)	Prec@5 100.000 (99.785)
Epoch: [65][380/391], lr: 0.01000	Loss 0.1692 (0.3006)	Prec@1 93.750 (90.141)	Prec@5 100.000 (99.789)
Epoch: [65][390/391], lr: 0.01000	Loss 0.2382 (0.2999)	Prec@1 91.250 (90.176)	Prec@5 100.000 (99.788)
Epoch [65] Training Results: Prec@1 90.176 Prec@5 99.788             Loss 0.29990
Epoch [65] Training Class Recall: [0.812,0.874,0.833,0.877,0.904,0.921,0.946,0.939,0.953,0.959]

Epoch: [66][0/391], lr: 0.01000	Loss 0.2042 (0.2042)	Prec@1 94.531 (94.531)	Prec@5 100.000 (100.000)
Epoch: [66][10/391], lr: 0.01000	Loss 0.4010 (0.2627)	Prec@1 85.156 (90.625)	Prec@5 100.000 (99.787)
Epoch: [66][20/391], lr: 0.01000	Loss 0.2094 (0.2705)	Prec@1 93.750 (90.848)	Prec@5 100.000 (99.740)
Epoch: [66][30/391], lr: 0.01000	Loss 0.3631 (0.2827)	Prec@1 87.500 (90.801)	Prec@5 99.219 (99.748)
Epoch: [66][40/391], lr: 0.01000	Loss 0.4429 (0.2868)	Prec@1 85.938 (90.701)	Prec@5 100.000 (99.752)
Epoch: [66][50/391], lr: 0.01000	Loss 0.3395 (0.2880)	Prec@1 89.062 (90.533)	Prec@5 99.219 (99.770)
Epoch: [66][60/391], lr: 0.01000	Loss 0.1797 (0.2865)	Prec@1 93.750 (90.523)	Prec@5 100.000 (99.795)
Epoch: [66][70/391], lr: 0.01000	Loss 0.3705 (0.2897)	Prec@1 89.844 (90.515)	Prec@5 100.000 (99.791)
Epoch: [66][80/391], lr: 0.01000	Loss 0.2977 (0.2940)	Prec@1 91.406 (90.336)	Prec@5 100.000 (99.788)
Epoch: [66][90/391], lr: 0.01000	Loss 0.2325 (0.2980)	Prec@1 94.531 (90.161)	Prec@5 100.000 (99.803)
Epoch: [66][100/391], lr: 0.01000	Loss 0.3569 (0.2996)	Prec@1 89.844 (90.145)	Prec@5 100.000 (99.807)
Epoch: [66][110/391], lr: 0.01000	Loss 0.3317 (0.3010)	Prec@1 88.281 (90.083)	Prec@5 100.000 (99.796)
Epoch: [66][120/391], lr: 0.01000	Loss 0.3365 (0.3030)	Prec@1 87.500 (90.037)	Prec@5 100.000 (99.787)
Epoch: [66][130/391], lr: 0.01000	Loss 0.2517 (0.3036)	Prec@1 90.625 (89.969)	Prec@5 99.219 (99.791)
Epoch: [66][140/391], lr: 0.01000	Loss 0.2540 (0.3035)	Prec@1 89.844 (89.960)	Prec@5 100.000 (99.789)
Epoch: [66][150/391], lr: 0.01000	Loss 0.4298 (0.3060)	Prec@1 85.938 (89.880)	Prec@5 100.000 (99.778)
Epoch: [66][160/391], lr: 0.01000	Loss 0.3296 (0.3078)	Prec@1 89.062 (89.795)	Prec@5 99.219 (99.777)
Epoch: [66][170/391], lr: 0.01000	Loss 0.3871 (0.3081)	Prec@1 85.156 (89.775)	Prec@5 100.000 (99.772)
Epoch: [66][180/391], lr: 0.01000	Loss 0.2395 (0.3081)	Prec@1 93.750 (89.779)	Prec@5 100.000 (99.784)
Epoch: [66][190/391], lr: 0.01000	Loss 0.3449 (0.3069)	Prec@1 89.844 (89.840)	Prec@5 100.000 (99.783)
Epoch: [66][200/391], lr: 0.01000	Loss 0.2993 (0.3063)	Prec@1 92.188 (89.863)	Prec@5 100.000 (99.775)
Epoch: [66][210/391], lr: 0.01000	Loss 0.2800 (0.3048)	Prec@1 92.188 (89.899)	Prec@5 100.000 (99.778)
Epoch: [66][220/391], lr: 0.01000	Loss 0.1616 (0.3027)	Prec@1 95.312 (89.960)	Prec@5 100.000 (99.784)
Epoch: [66][230/391], lr: 0.01000	Loss 0.3674 (0.3019)	Prec@1 87.500 (89.972)	Prec@5 100.000 (99.790)
Epoch: [66][240/391], lr: 0.01000	Loss 0.2326 (0.3008)	Prec@1 92.188 (89.980)	Prec@5 100.000 (99.780)
Epoch: [66][250/391], lr: 0.01000	Loss 0.2925 (0.3021)	Prec@1 91.406 (89.965)	Prec@5 100.000 (99.779)
Epoch: [66][260/391], lr: 0.01000	Loss 0.3390 (0.3038)	Prec@1 88.281 (89.883)	Prec@5 100.000 (99.781)
Epoch: [66][270/391], lr: 0.01000	Loss 0.2998 (0.3030)	Prec@1 88.281 (89.904)	Prec@5 100.000 (99.784)
Epoch: [66][280/391], lr: 0.01000	Loss 0.2879 (0.3033)	Prec@1 90.625 (89.922)	Prec@5 100.000 (99.775)
Epoch: [66][290/391], lr: 0.01000	Loss 0.3260 (0.3036)	Prec@1 91.406 (89.922)	Prec@5 100.000 (99.777)
Epoch: [66][300/391], lr: 0.01000	Loss 0.3440 (0.3038)	Prec@1 88.281 (89.929)	Prec@5 99.219 (99.782)
Epoch: [66][310/391], lr: 0.01000	Loss 0.2224 (0.3052)	Prec@1 92.969 (89.891)	Prec@5 100.000 (99.781)
Epoch: [66][320/391], lr: 0.01000	Loss 0.4127 (0.3050)	Prec@1 85.938 (89.892)	Prec@5 100.000 (99.786)
Epoch: [66][330/391], lr: 0.01000	Loss 0.4329 (0.3066)	Prec@1 86.719 (89.797)	Prec@5 100.000 (99.785)
Epoch: [66][340/391], lr: 0.01000	Loss 0.2848 (0.3069)	Prec@1 91.406 (89.823)	Prec@5 100.000 (99.782)
Epoch: [66][350/391], lr: 0.01000	Loss 0.2484 (0.3065)	Prec@1 92.188 (89.846)	Prec@5 100.000 (99.780)
Epoch: [66][360/391], lr: 0.01000	Loss 0.2032 (0.3060)	Prec@1 92.188 (89.855)	Prec@5 100.000 (99.775)
Epoch: [66][370/391], lr: 0.01000	Loss 0.1649 (0.3055)	Prec@1 93.750 (89.869)	Prec@5 100.000 (99.775)
Epoch: [66][380/391], lr: 0.01000	Loss 0.3297 (0.3054)	Prec@1 89.844 (89.875)	Prec@5 99.219 (99.770)
Epoch: [66][390/391], lr: 0.01000	Loss 0.1919 (0.3060)	Prec@1 95.000 (89.882)	Prec@5 100.000 (99.768)
Epoch [66] Training Results: Prec@1 89.882 Prec@5 99.768             Loss 0.30596
Epoch [66] Training Class Recall: [0.807,0.873,0.829,0.871,0.904,0.917,0.940,0.938,0.953,0.957]

Epoch: [67][0/391], lr: 0.01000	Loss 0.3399 (0.3399)	Prec@1 89.844 (89.844)	Prec@5 100.000 (100.000)
Epoch: [67][10/391], lr: 0.01000	Loss 0.2364 (0.3116)	Prec@1 92.188 (90.341)	Prec@5 100.000 (99.716)
Epoch: [67][20/391], lr: 0.01000	Loss 0.4680 (0.3237)	Prec@1 85.938 (89.658)	Prec@5 100.000 (99.777)
Epoch: [67][30/391], lr: 0.01000	Loss 0.4571 (0.3324)	Prec@1 85.938 (89.214)	Prec@5 99.219 (99.723)
Epoch: [67][40/391], lr: 0.01000	Loss 0.2127 (0.3211)	Prec@1 91.406 (89.729)	Prec@5 100.000 (99.790)
Epoch: [67][50/391], lr: 0.01000	Loss 0.3063 (0.3187)	Prec@1 89.844 (89.645)	Prec@5 100.000 (99.816)
Epoch: [67][60/391], lr: 0.01000	Loss 0.2248 (0.3075)	Prec@1 92.969 (90.049)	Prec@5 100.000 (99.833)
Epoch: [67][70/391], lr: 0.01000	Loss 0.2568 (0.3003)	Prec@1 92.188 (90.284)	Prec@5 100.000 (99.835)
Epoch: [67][80/391], lr: 0.01000	Loss 0.3164 (0.2969)	Prec@1 89.844 (90.345)	Prec@5 100.000 (99.836)
Epoch: [67][90/391], lr: 0.01000	Loss 0.3013 (0.2953)	Prec@1 87.500 (90.419)	Prec@5 99.219 (99.845)
Epoch: [67][100/391], lr: 0.01000	Loss 0.4342 (0.2931)	Prec@1 83.594 (90.447)	Prec@5 100.000 (99.861)
Epoch: [67][110/391], lr: 0.01000	Loss 0.2441 (0.2899)	Prec@1 92.188 (90.548)	Prec@5 100.000 (99.866)
Epoch: [67][120/391], lr: 0.01000	Loss 0.2365 (0.2897)	Prec@1 92.969 (90.496)	Prec@5 99.219 (99.871)
Epoch: [67][130/391], lr: 0.01000	Loss 0.3475 (0.2894)	Prec@1 83.594 (90.482)	Prec@5 100.000 (99.869)
Epoch: [67][140/391], lr: 0.01000	Loss 0.1610 (0.2900)	Prec@1 95.312 (90.475)	Prec@5 100.000 (99.867)
Epoch: [67][150/391], lr: 0.01000	Loss 0.2242 (0.2890)	Prec@1 89.844 (90.470)	Prec@5 100.000 (99.871)
Epoch: [67][160/391], lr: 0.01000	Loss 0.3917 (0.2914)	Prec@1 85.156 (90.363)	Prec@5 100.000 (99.864)
Epoch: [67][170/391], lr: 0.01000	Loss 0.2121 (0.2934)	Prec@1 92.188 (90.337)	Prec@5 100.000 (99.868)
Epoch: [67][180/391], lr: 0.01000	Loss 0.2169 (0.2982)	Prec@1 91.406 (90.137)	Prec@5 100.000 (99.858)
Epoch: [67][190/391], lr: 0.01000	Loss 0.4638 (0.3021)	Prec@1 84.375 (89.975)	Prec@5 100.000 (99.857)
Epoch: [67][200/391], lr: 0.01000	Loss 0.2668 (0.3033)	Prec@1 90.625 (89.918)	Prec@5 100.000 (99.856)
Epoch: [67][210/391], lr: 0.01000	Loss 0.4829 (0.3058)	Prec@1 84.375 (89.847)	Prec@5 100.000 (99.859)
Epoch: [67][220/391], lr: 0.01000	Loss 0.2915 (0.3076)	Prec@1 91.406 (89.762)	Prec@5 100.000 (99.848)
Epoch: [67][230/391], lr: 0.01000	Loss 0.2970 (0.3095)	Prec@1 91.406 (89.685)	Prec@5 99.219 (99.844)
Epoch: [67][240/391], lr: 0.01000	Loss 0.3392 (0.3101)	Prec@1 88.281 (89.662)	Prec@5 100.000 (99.822)
Epoch: [67][250/391], lr: 0.01000	Loss 0.2973 (0.3089)	Prec@1 88.281 (89.682)	Prec@5 100.000 (99.829)
Epoch: [67][260/391], lr: 0.01000	Loss 0.2816 (0.3078)	Prec@1 89.062 (89.742)	Prec@5 100.000 (99.826)
Epoch: [67][270/391], lr: 0.01000	Loss 0.3035 (0.3066)	Prec@1 87.500 (89.763)	Prec@5 100.000 (99.827)
Epoch: [67][280/391], lr: 0.01000	Loss 0.3157 (0.3068)	Prec@1 90.625 (89.799)	Prec@5 100.000 (99.822)
Epoch: [67][290/391], lr: 0.01000	Loss 0.2988 (0.3063)	Prec@1 90.625 (89.825)	Prec@5 100.000 (99.825)
Epoch: [67][300/391], lr: 0.01000	Loss 0.2522 (0.3053)	Prec@1 91.406 (89.872)	Prec@5 100.000 (99.826)
Epoch: [67][310/391], lr: 0.01000	Loss 0.1789 (0.3047)	Prec@1 93.750 (89.886)	Prec@5 100.000 (99.829)
Epoch: [67][320/391], lr: 0.01000	Loss 0.3622 (0.3043)	Prec@1 89.062 (89.895)	Prec@5 99.219 (99.827)
Epoch: [67][330/391], lr: 0.01000	Loss 0.2598 (0.3041)	Prec@1 92.188 (89.896)	Prec@5 99.219 (99.825)
Epoch: [67][340/391], lr: 0.01000	Loss 0.3057 (0.3037)	Prec@1 85.938 (89.903)	Prec@5 100.000 (99.821)
Epoch: [67][350/391], lr: 0.01000	Loss 0.2019 (0.3030)	Prec@1 93.750 (89.935)	Prec@5 100.000 (99.820)
Epoch: [67][360/391], lr: 0.01000	Loss 0.3068 (0.3019)	Prec@1 92.188 (90.004)	Prec@5 99.219 (99.820)
Epoch: [67][370/391], lr: 0.01000	Loss 0.2807 (0.3011)	Prec@1 90.625 (90.027)	Prec@5 100.000 (99.823)
Epoch: [67][380/391], lr: 0.01000	Loss 0.3128 (0.3001)	Prec@1 91.406 (90.061)	Prec@5 98.438 (99.824)
Epoch: [67][390/391], lr: 0.01000	Loss 0.2390 (0.2988)	Prec@1 93.750 (90.090)	Prec@5 98.750 (99.824)
Epoch [67] Training Results: Prec@1 90.090 Prec@5 99.824             Loss 0.29877
Epoch [67] Training Class Recall: [0.808,0.867,0.831,0.877,0.897,0.926,0.937,0.946,0.959,0.961]

Epoch: [68][0/391], lr: 0.01000	Loss 0.2792 (0.2792)	Prec@1 89.062 (89.062)	Prec@5 100.000 (100.000)
Epoch: [68][10/391], lr: 0.01000	Loss 0.1480 (0.2504)	Prec@1 96.094 (91.761)	Prec@5 100.000 (99.858)
Epoch: [68][20/391], lr: 0.01000	Loss 0.1457 (0.2391)	Prec@1 95.312 (91.741)	Prec@5 100.000 (99.814)
Epoch: [68][30/391], lr: 0.01000	Loss 0.3423 (0.2498)	Prec@1 89.844 (91.658)	Prec@5 100.000 (99.798)
Epoch: [68][40/391], lr: 0.01000	Loss 0.3548 (0.2593)	Prec@1 89.844 (91.540)	Prec@5 99.219 (99.733)
Epoch: [68][50/391], lr: 0.01000	Loss 0.3149 (0.2667)	Prec@1 89.062 (91.360)	Prec@5 100.000 (99.770)
Epoch: [68][60/391], lr: 0.01000	Loss 0.2074 (0.2641)	Prec@1 89.844 (91.214)	Prec@5 99.219 (99.782)
Epoch: [68][70/391], lr: 0.01000	Loss 0.3334 (0.2700)	Prec@1 88.281 (90.944)	Prec@5 100.000 (99.780)
Epoch: [68][80/391], lr: 0.01000	Loss 0.2139 (0.2782)	Prec@1 94.531 (90.548)	Prec@5 100.000 (99.797)
Epoch: [68][90/391], lr: 0.01000	Loss 0.2798 (0.2825)	Prec@1 92.188 (90.479)	Prec@5 100.000 (99.794)
Epoch: [68][100/391], lr: 0.01000	Loss 0.4380 (0.2863)	Prec@1 85.938 (90.370)	Prec@5 99.219 (99.791)
Epoch: [68][110/391], lr: 0.01000	Loss 0.2627 (0.2907)	Prec@1 89.062 (90.252)	Prec@5 100.000 (99.796)
Epoch: [68][120/391], lr: 0.01000	Loss 0.2755 (0.2948)	Prec@1 89.062 (90.121)	Prec@5 100.000 (99.800)
Epoch: [68][130/391], lr: 0.01000	Loss 0.3678 (0.2961)	Prec@1 88.281 (90.094)	Prec@5 98.438 (99.791)
Epoch: [68][140/391], lr: 0.01000	Loss 0.3050 (0.2968)	Prec@1 88.281 (90.088)	Prec@5 100.000 (99.795)
Epoch: [68][150/391], lr: 0.01000	Loss 0.2995 (0.2949)	Prec@1 89.844 (90.175)	Prec@5 100.000 (99.803)
Epoch: [68][160/391], lr: 0.01000	Loss 0.4229 (0.2955)	Prec@1 86.719 (90.179)	Prec@5 100.000 (99.796)
Epoch: [68][170/391], lr: 0.01000	Loss 0.4340 (0.2956)	Prec@1 86.719 (90.205)	Prec@5 100.000 (99.790)
Epoch: [68][180/391], lr: 0.01000	Loss 0.3839 (0.2968)	Prec@1 88.281 (90.146)	Prec@5 100.000 (99.776)
Epoch: [68][190/391], lr: 0.01000	Loss 0.2452 (0.2967)	Prec@1 92.188 (90.171)	Prec@5 100.000 (99.771)
Epoch: [68][200/391], lr: 0.01000	Loss 0.2829 (0.2955)	Prec@1 89.062 (90.205)	Prec@5 100.000 (99.778)
Epoch: [68][210/391], lr: 0.01000	Loss 0.2260 (0.2946)	Prec@1 91.406 (90.218)	Prec@5 100.000 (99.785)
Epoch: [68][220/391], lr: 0.01000	Loss 0.2799 (0.2951)	Prec@1 93.750 (90.201)	Prec@5 100.000 (99.788)
Epoch: [68][230/391], lr: 0.01000	Loss 0.2128 (0.2932)	Prec@1 95.312 (90.267)	Prec@5 100.000 (99.797)
Epoch: [68][240/391], lr: 0.01000	Loss 0.3935 (0.2931)	Prec@1 86.719 (90.294)	Prec@5 99.219 (99.793)
Epoch: [68][250/391], lr: 0.01000	Loss 0.4091 (0.2941)	Prec@1 86.719 (90.255)	Prec@5 100.000 (99.791)
Epoch: [68][260/391], lr: 0.01000	Loss 0.2744 (0.2947)	Prec@1 92.188 (90.209)	Prec@5 100.000 (99.790)
Epoch: [68][270/391], lr: 0.01000	Loss 0.3271 (0.2957)	Prec@1 90.625 (90.178)	Prec@5 100.000 (99.795)
Epoch: [68][280/391], lr: 0.01000	Loss 0.1801 (0.2987)	Prec@1 95.312 (90.038)	Prec@5 100.000 (99.780)
Epoch: [68][290/391], lr: 0.01000	Loss 0.2892 (0.2994)	Prec@1 90.625 (89.997)	Prec@5 99.219 (99.772)
Epoch: [68][300/391], lr: 0.01000	Loss 0.2151 (0.2994)	Prec@1 92.969 (90.007)	Prec@5 100.000 (99.769)
Epoch: [68][310/391], lr: 0.01000	Loss 0.2020 (0.3000)	Prec@1 92.969 (89.967)	Prec@5 100.000 (99.774)
Epoch: [68][320/391], lr: 0.01000	Loss 0.2094 (0.2990)	Prec@1 92.188 (89.980)	Prec@5 100.000 (99.781)
Epoch: [68][330/391], lr: 0.01000	Loss 0.2336 (0.2990)	Prec@1 92.188 (90.004)	Prec@5 100.000 (99.780)
Epoch: [68][340/391], lr: 0.01000	Loss 0.2870 (0.2978)	Prec@1 91.406 (90.068)	Prec@5 100.000 (99.785)
Epoch: [68][350/391], lr: 0.01000	Loss 0.4571 (0.2982)	Prec@1 86.719 (90.069)	Prec@5 99.219 (99.786)
Epoch: [68][360/391], lr: 0.01000	Loss 0.2333 (0.2988)	Prec@1 93.750 (90.056)	Prec@5 100.000 (99.784)
Epoch: [68][370/391], lr: 0.01000	Loss 0.1986 (0.2988)	Prec@1 94.531 (90.075)	Prec@5 100.000 (99.789)
Epoch: [68][380/391], lr: 0.01000	Loss 0.2948 (0.2991)	Prec@1 89.062 (90.065)	Prec@5 100.000 (99.791)
Epoch: [68][390/391], lr: 0.01000	Loss 0.3185 (0.2994)	Prec@1 83.750 (90.078)	Prec@5 100.000 (99.792)
Epoch [68] Training Results: Prec@1 90.078 Prec@5 99.792             Loss 0.29942
Epoch [68] Training Class Recall: [0.816,0.876,0.835,0.875,0.900,0.919,0.937,0.942,0.950,0.957]

Epoch: [69][0/391], lr: 0.01000	Loss 0.3252 (0.3252)	Prec@1 92.969 (92.969)	Prec@5 100.000 (100.000)
Epoch: [69][10/391], lr: 0.01000	Loss 0.1801 (0.2934)	Prec@1 95.312 (89.844)	Prec@5 100.000 (99.929)
Epoch: [69][20/391], lr: 0.01000	Loss 0.1833 (0.2992)	Prec@1 96.875 (89.881)	Prec@5 100.000 (99.777)
Epoch: [69][30/391], lr: 0.01000	Loss 0.2614 (0.3090)	Prec@1 90.625 (89.415)	Prec@5 100.000 (99.748)
Epoch: [69][40/391], lr: 0.01000	Loss 0.2617 (0.3022)	Prec@1 89.062 (89.806)	Prec@5 100.000 (99.752)
Epoch: [69][50/391], lr: 0.01000	Loss 0.3533 (0.2979)	Prec@1 87.500 (89.767)	Prec@5 99.219 (99.755)
Epoch: [69][60/391], lr: 0.01000	Loss 0.2412 (0.3021)	Prec@1 89.844 (89.613)	Prec@5 100.000 (99.757)
Epoch: [69][70/391], lr: 0.01000	Loss 0.2781 (0.2989)	Prec@1 92.969 (89.767)	Prec@5 99.219 (99.736)
Epoch: [69][80/391], lr: 0.01000	Loss 0.2716 (0.2956)	Prec@1 89.844 (89.863)	Prec@5 99.219 (99.740)
Epoch: [69][90/391], lr: 0.01000	Loss 0.2038 (0.2923)	Prec@1 93.750 (89.990)	Prec@5 100.000 (99.768)
Epoch: [69][100/391], lr: 0.01000	Loss 0.2592 (0.2902)	Prec@1 91.406 (90.084)	Prec@5 100.000 (99.783)
Epoch: [69][110/391], lr: 0.01000	Loss 0.2768 (0.2889)	Prec@1 89.844 (90.168)	Prec@5 100.000 (99.789)
Epoch: [69][120/391], lr: 0.01000	Loss 0.2498 (0.2894)	Prec@1 92.188 (90.134)	Prec@5 100.000 (99.793)
Epoch: [69][130/391], lr: 0.01000	Loss 0.2603 (0.2915)	Prec@1 90.625 (90.130)	Prec@5 100.000 (99.791)
Epoch: [69][140/391], lr: 0.01000	Loss 0.1892 (0.2908)	Prec@1 92.188 (90.165)	Prec@5 100.000 (99.806)
Epoch: [69][150/391], lr: 0.01000	Loss 0.2428 (0.2930)	Prec@1 92.188 (90.087)	Prec@5 100.000 (99.814)
Epoch: [69][160/391], lr: 0.01000	Loss 0.3129 (0.2946)	Prec@1 89.062 (90.014)	Prec@5 100.000 (99.816)
Epoch: [69][170/391], lr: 0.01000	Loss 0.3825 (0.2963)	Prec@1 81.250 (89.953)	Prec@5 100.000 (99.813)
Epoch: [69][180/391], lr: 0.01000	Loss 0.5768 (0.2984)	Prec@1 82.031 (89.917)	Prec@5 100.000 (99.810)
Epoch: [69][190/391], lr: 0.01000	Loss 0.3445 (0.3002)	Prec@1 88.281 (89.868)	Prec@5 100.000 (99.816)
Epoch: [69][200/391], lr: 0.01000	Loss 0.2606 (0.3004)	Prec@1 91.406 (89.852)	Prec@5 100.000 (99.806)
Epoch: [69][210/391], lr: 0.01000	Loss 0.1123 (0.2993)	Prec@1 96.875 (89.877)	Prec@5 100.000 (99.815)
Epoch: [69][220/391], lr: 0.01000	Loss 0.2509 (0.2988)	Prec@1 92.969 (89.900)	Prec@5 100.000 (99.823)
Epoch: [69][230/391], lr: 0.01000	Loss 0.2060 (0.2970)	Prec@1 92.188 (89.938)	Prec@5 100.000 (99.828)
Epoch: [69][240/391], lr: 0.01000	Loss 0.1372 (0.2949)	Prec@1 96.875 (90.009)	Prec@5 100.000 (99.831)
Epoch: [69][250/391], lr: 0.01000	Loss 0.2973 (0.2957)	Prec@1 89.844 (89.968)	Prec@5 100.000 (99.838)
Epoch: [69][260/391], lr: 0.01000	Loss 0.2846 (0.2952)	Prec@1 89.062 (90.002)	Prec@5 100.000 (99.835)
Epoch: [69][270/391], lr: 0.01000	Loss 0.2584 (0.2946)	Prec@1 91.406 (90.054)	Prec@5 99.219 (99.833)
Epoch: [69][280/391], lr: 0.01000	Loss 0.2591 (0.2945)	Prec@1 89.062 (90.061)	Prec@5 100.000 (99.833)
Epoch: [69][290/391], lr: 0.01000	Loss 0.3707 (0.2948)	Prec@1 86.719 (90.059)	Prec@5 100.000 (99.834)
Epoch: [69][300/391], lr: 0.01000	Loss 0.4012 (0.2950)	Prec@1 84.375 (90.062)	Prec@5 100.000 (99.836)
Epoch: [69][310/391], lr: 0.01000	Loss 0.4009 (0.2943)	Prec@1 88.281 (90.080)	Prec@5 100.000 (99.839)
Epoch: [69][320/391], lr: 0.01000	Loss 0.2917 (0.2946)	Prec@1 89.062 (90.077)	Prec@5 99.219 (99.834)
Epoch: [69][330/391], lr: 0.01000	Loss 0.2512 (0.2940)	Prec@1 92.188 (90.092)	Prec@5 100.000 (99.840)
Epoch: [69][340/391], lr: 0.01000	Loss 0.2886 (0.2945)	Prec@1 92.188 (90.091)	Prec@5 100.000 (99.840)
Epoch: [69][350/391], lr: 0.01000	Loss 0.2791 (0.2957)	Prec@1 89.844 (90.053)	Prec@5 100.000 (99.833)
Epoch: [69][360/391], lr: 0.01000	Loss 0.2535 (0.2957)	Prec@1 91.406 (90.049)	Prec@5 99.219 (99.827)
Epoch: [69][370/391], lr: 0.01000	Loss 0.2515 (0.2962)	Prec@1 91.406 (90.025)	Prec@5 100.000 (99.827)
Epoch: [69][380/391], lr: 0.01000	Loss 0.3667 (0.2977)	Prec@1 91.406 (89.973)	Prec@5 100.000 (99.830)
Epoch: [69][390/391], lr: 0.01000	Loss 0.4342 (0.2992)	Prec@1 87.500 (89.944)	Prec@5 100.000 (99.826)
Epoch [69] Training Results: Prec@1 89.944 Prec@5 99.826             Loss 0.29925
Epoch [69] Training Class Recall: [0.808,0.861,0.838,0.869,0.905,0.925,0.941,0.938,0.955,0.956]

Epoch: [70][0/391], lr: 0.01000	Loss 0.2890 (0.2890)	Prec@1 85.156 (85.156)	Prec@5 100.000 (100.000)
Epoch: [70][10/391], lr: 0.01000	Loss 0.3570 (0.3724)	Prec@1 89.844 (87.784)	Prec@5 100.000 (99.645)
Epoch: [70][20/391], lr: 0.01000	Loss 0.4097 (0.3523)	Prec@1 85.938 (88.356)	Prec@5 99.219 (99.591)
Epoch: [70][30/391], lr: 0.01000	Loss 0.3715 (0.3453)	Prec@1 85.938 (88.533)	Prec@5 100.000 (99.622)
Epoch: [70][40/391], lr: 0.01000	Loss 0.3692 (0.3474)	Prec@1 90.625 (88.681)	Prec@5 97.656 (99.581)
Epoch: [70][50/391], lr: 0.01000	Loss 0.2222 (0.3336)	Prec@1 96.094 (89.032)	Prec@5 100.000 (99.648)
Epoch: [70][60/391], lr: 0.01000	Loss 0.1980 (0.3198)	Prec@1 94.531 (89.395)	Prec@5 100.000 (99.693)
Epoch: [70][70/391], lr: 0.01000	Loss 0.2460 (0.3043)	Prec@1 92.188 (89.965)	Prec@5 100.000 (99.736)
Epoch: [70][80/391], lr: 0.01000	Loss 0.2896 (0.2972)	Prec@1 88.281 (90.181)	Prec@5 100.000 (99.749)
Epoch: [70][90/391], lr: 0.01000	Loss 0.3471 (0.2922)	Prec@1 87.500 (90.264)	Prec@5 99.219 (99.760)
Epoch: [70][100/391], lr: 0.01000	Loss 0.3195 (0.2907)	Prec@1 90.625 (90.362)	Prec@5 99.219 (99.768)
Epoch: [70][110/391], lr: 0.01000	Loss 0.2419 (0.2872)	Prec@1 92.969 (90.428)	Prec@5 100.000 (99.754)
Epoch: [70][120/391], lr: 0.01000	Loss 0.1704 (0.2856)	Prec@1 95.312 (90.489)	Prec@5 100.000 (99.774)
Epoch: [70][130/391], lr: 0.01000	Loss 0.1645 (0.2818)	Prec@1 95.312 (90.631)	Prec@5 100.000 (99.785)
Epoch: [70][140/391], lr: 0.01000	Loss 0.3997 (0.2808)	Prec@1 88.281 (90.647)	Prec@5 100.000 (99.784)
Epoch: [70][150/391], lr: 0.01000	Loss 0.3699 (0.2809)	Prec@1 91.406 (90.682)	Prec@5 100.000 (99.788)
Epoch: [70][160/391], lr: 0.01000	Loss 0.2400 (0.2825)	Prec@1 94.531 (90.640)	Prec@5 100.000 (99.791)
Epoch: [70][170/391], lr: 0.01000	Loss 0.2843 (0.2844)	Prec@1 92.188 (90.575)	Prec@5 100.000 (99.804)
Epoch: [70][180/391], lr: 0.01000	Loss 0.3929 (0.2856)	Prec@1 89.062 (90.556)	Prec@5 100.000 (99.801)
Epoch: [70][190/391], lr: 0.01000	Loss 0.2297 (0.2877)	Prec@1 93.750 (90.502)	Prec@5 100.000 (99.779)
Epoch: [70][200/391], lr: 0.01000	Loss 0.2931 (0.2887)	Prec@1 92.188 (90.489)	Prec@5 99.219 (99.782)
Epoch: [70][210/391], lr: 0.01000	Loss 0.1838 (0.2889)	Prec@1 95.312 (90.495)	Prec@5 100.000 (99.782)
Epoch: [70][220/391], lr: 0.01000	Loss 0.1901 (0.2881)	Prec@1 91.406 (90.498)	Prec@5 100.000 (99.788)
Epoch: [70][230/391], lr: 0.01000	Loss 0.3900 (0.2892)	Prec@1 84.375 (90.453)	Prec@5 100.000 (99.790)
Epoch: [70][240/391], lr: 0.01000	Loss 0.1745 (0.2882)	Prec@1 93.750 (90.486)	Prec@5 100.000 (99.793)
Epoch: [70][250/391], lr: 0.01000	Loss 0.3531 (0.2883)	Prec@1 87.500 (90.501)	Prec@5 100.000 (99.788)
Epoch: [70][260/391], lr: 0.01000	Loss 0.3181 (0.2871)	Prec@1 89.844 (90.535)	Prec@5 100.000 (99.793)
Epoch: [70][270/391], lr: 0.01000	Loss 0.3852 (0.2869)	Prec@1 83.594 (90.501)	Prec@5 100.000 (99.798)
Epoch: [70][280/391], lr: 0.01000	Loss 0.3598 (0.2881)	Prec@1 88.281 (90.478)	Prec@5 98.438 (99.789)
Epoch: [70][290/391], lr: 0.01000	Loss 0.3220 (0.2882)	Prec@1 89.844 (90.485)	Prec@5 100.000 (99.796)
Epoch: [70][300/391], lr: 0.01000	Loss 0.2214 (0.2887)	Prec@1 93.750 (90.459)	Prec@5 100.000 (99.798)
Epoch: [70][310/391], lr: 0.01000	Loss 0.2592 (0.2892)	Prec@1 92.969 (90.437)	Prec@5 100.000 (99.799)
Epoch: [70][320/391], lr: 0.01000	Loss 0.2264 (0.2884)	Prec@1 94.531 (90.489)	Prec@5 99.219 (99.791)
Epoch: [70][330/391], lr: 0.01000	Loss 0.3381 (0.2886)	Prec@1 89.062 (90.467)	Prec@5 100.000 (99.790)
Epoch: [70][340/391], lr: 0.01000	Loss 0.2900 (0.2891)	Prec@1 90.625 (90.437)	Prec@5 100.000 (99.789)
Epoch: [70][350/391], lr: 0.01000	Loss 0.2738 (0.2901)	Prec@1 91.406 (90.407)	Prec@5 100.000 (99.793)
Epoch: [70][360/391], lr: 0.01000	Loss 0.4552 (0.2903)	Prec@1 83.594 (90.400)	Prec@5 99.219 (99.792)
Epoch: [70][370/391], lr: 0.01000	Loss 0.3439 (0.2907)	Prec@1 89.062 (90.408)	Prec@5 99.219 (99.792)
Epoch: [70][380/391], lr: 0.01000	Loss 0.2790 (0.2908)	Prec@1 92.969 (90.408)	Prec@5 100.000 (99.789)
Epoch: [70][390/391], lr: 0.01000	Loss 0.1946 (0.2914)	Prec@1 92.500 (90.372)	Prec@5 100.000 (99.790)
Epoch [70] Training Results: Prec@1 90.372 Prec@5 99.790             Loss 0.29136
Epoch [70] Training Class Recall: [0.814,0.875,0.840,0.880,0.911,0.921,0.943,0.938,0.958,0.958]

Epoch: [71][0/391], lr: 0.01000	Loss 0.2218 (0.2218)	Prec@1 91.406 (91.406)	Prec@5 100.000 (100.000)
Epoch: [71][10/391], lr: 0.01000	Loss 0.4120 (0.3010)	Prec@1 88.281 (90.483)	Prec@5 97.656 (99.787)
Epoch: [71][20/391], lr: 0.01000	Loss 0.2402 (0.2968)	Prec@1 93.750 (90.885)	Prec@5 99.219 (99.665)
Epoch: [71][30/391], lr: 0.01000	Loss 0.1173 (0.2897)	Prec@1 96.875 (91.104)	Prec@5 100.000 (99.723)
Epoch: [71][40/391], lr: 0.01000	Loss 0.3208 (0.2956)	Prec@1 88.281 (90.796)	Prec@5 100.000 (99.752)
Epoch: [71][50/391], lr: 0.01000	Loss 0.2855 (0.2949)	Prec@1 92.188 (90.671)	Prec@5 100.000 (99.755)
Epoch: [71][60/391], lr: 0.01000	Loss 0.3520 (0.2913)	Prec@1 89.844 (90.689)	Prec@5 99.219 (99.769)
Epoch: [71][70/391], lr: 0.01000	Loss 0.3938 (0.2908)	Prec@1 89.844 (90.592)	Prec@5 98.438 (99.758)
Epoch: [71][80/391], lr: 0.01000	Loss 0.3230 (0.2859)	Prec@1 89.844 (90.799)	Prec@5 100.000 (99.759)
Epoch: [71][90/391], lr: 0.01000	Loss 0.2194 (0.2843)	Prec@1 92.969 (90.883)	Prec@5 100.000 (99.760)
Epoch: [71][100/391], lr: 0.01000	Loss 0.2567 (0.2818)	Prec@1 92.969 (90.927)	Prec@5 100.000 (99.776)
Epoch: [71][110/391], lr: 0.01000	Loss 0.3486 (0.2836)	Prec@1 89.062 (90.885)	Prec@5 100.000 (99.782)
Epoch: [71][120/391], lr: 0.01000	Loss 0.2258 (0.2817)	Prec@1 93.750 (90.941)	Prec@5 100.000 (99.793)
Epoch: [71][130/391], lr: 0.01000	Loss 0.3013 (0.2795)	Prec@1 89.844 (90.995)	Prec@5 100.000 (99.809)
Epoch: [71][140/391], lr: 0.01000	Loss 0.3195 (0.2795)	Prec@1 92.188 (91.007)	Prec@5 100.000 (99.823)
Epoch: [71][150/391], lr: 0.01000	Loss 0.3862 (0.2812)	Prec@1 86.719 (90.941)	Prec@5 99.219 (99.814)
Epoch: [71][160/391], lr: 0.01000	Loss 0.2502 (0.2804)	Prec@1 91.406 (90.965)	Prec@5 100.000 (99.811)
Epoch: [71][170/391], lr: 0.01000	Loss 0.2289 (0.2810)	Prec@1 92.969 (90.895)	Prec@5 99.219 (99.808)
Epoch: [71][180/391], lr: 0.01000	Loss 0.2959 (0.2784)	Prec@1 90.625 (90.953)	Prec@5 99.219 (99.814)
Epoch: [71][190/391], lr: 0.01000	Loss 0.2651 (0.2759)	Prec@1 91.406 (91.009)	Prec@5 100.000 (99.824)
Epoch: [71][200/391], lr: 0.01000	Loss 0.2718 (0.2757)	Prec@1 92.188 (91.037)	Prec@5 100.000 (99.810)
Epoch: [71][210/391], lr: 0.01000	Loss 0.2088 (0.2736)	Prec@1 91.406 (91.099)	Prec@5 100.000 (99.807)
Epoch: [71][220/391], lr: 0.01000	Loss 0.2040 (0.2723)	Prec@1 93.750 (91.169)	Prec@5 100.000 (99.813)
Epoch: [71][230/391], lr: 0.01000	Loss 0.4508 (0.2719)	Prec@1 85.156 (91.197)	Prec@5 100.000 (99.817)
Epoch: [71][240/391], lr: 0.01000	Loss 0.3254 (0.2726)	Prec@1 89.062 (91.121)	Prec@5 100.000 (99.822)
Epoch: [71][250/391], lr: 0.01000	Loss 0.3512 (0.2724)	Prec@1 87.500 (91.126)	Prec@5 100.000 (99.823)
Epoch: [71][260/391], lr: 0.01000	Loss 0.2896 (0.2729)	Prec@1 89.844 (91.095)	Prec@5 100.000 (99.829)
Epoch: [71][270/391], lr: 0.01000	Loss 0.2553 (0.2742)	Prec@1 90.625 (91.057)	Prec@5 100.000 (99.824)
Epoch: [71][280/391], lr: 0.01000	Loss 0.2781 (0.2755)	Prec@1 89.844 (90.986)	Prec@5 100.000 (99.819)
Epoch: [71][290/391], lr: 0.01000	Loss 0.2806 (0.2772)	Prec@1 88.281 (90.936)	Prec@5 100.000 (99.820)
Epoch: [71][300/391], lr: 0.01000	Loss 0.3641 (0.2792)	Prec@1 90.625 (90.864)	Prec@5 100.000 (99.818)
Epoch: [71][310/391], lr: 0.01000	Loss 0.3162 (0.2801)	Prec@1 88.281 (90.813)	Prec@5 100.000 (99.819)
Epoch: [71][320/391], lr: 0.01000	Loss 0.2254 (0.2816)	Prec@1 93.750 (90.761)	Prec@5 99.219 (99.820)
Epoch: [71][330/391], lr: 0.01000	Loss 0.2996 (0.2812)	Prec@1 90.625 (90.771)	Prec@5 100.000 (99.818)
Epoch: [71][340/391], lr: 0.01000	Loss 0.2731 (0.2817)	Prec@1 89.062 (90.742)	Prec@5 100.000 (99.810)
Epoch: [71][350/391], lr: 0.01000	Loss 0.3301 (0.2830)	Prec@1 89.062 (90.705)	Prec@5 100.000 (99.813)
Epoch: [71][360/391], lr: 0.01000	Loss 0.2636 (0.2845)	Prec@1 92.969 (90.644)	Prec@5 100.000 (99.816)
Epoch: [71][370/391], lr: 0.01000	Loss 0.2783 (0.2851)	Prec@1 90.625 (90.623)	Prec@5 100.000 (99.813)
Epoch: [71][380/391], lr: 0.01000	Loss 0.2590 (0.2866)	Prec@1 91.406 (90.580)	Prec@5 100.000 (99.807)
Epoch: [71][390/391], lr: 0.01000	Loss 0.1418 (0.2873)	Prec@1 95.000 (90.530)	Prec@5 100.000 (99.806)
Epoch [71] Training Results: Prec@1 90.530 Prec@5 99.806             Loss 0.28731
Epoch [71] Training Class Recall: [0.821,0.872,0.836,0.881,0.912,0.927,0.940,0.945,0.961,0.958]

Epoch: [72][0/391], lr: 0.01000	Loss 0.2471 (0.2471)	Prec@1 92.188 (92.188)	Prec@5 100.000 (100.000)
Epoch: [72][10/391], lr: 0.01000	Loss 0.2548 (0.3145)	Prec@1 90.625 (89.276)	Prec@5 100.000 (99.929)
Epoch: [72][20/391], lr: 0.01000	Loss 0.2062 (0.3012)	Prec@1 93.750 (89.993)	Prec@5 100.000 (99.851)
Epoch: [72][30/391], lr: 0.01000	Loss 0.2620 (0.2900)	Prec@1 91.406 (90.348)	Prec@5 100.000 (99.849)
Epoch: [72][40/391], lr: 0.01000	Loss 0.3075 (0.2874)	Prec@1 87.500 (90.415)	Prec@5 100.000 (99.886)
Epoch: [72][50/391], lr: 0.01000	Loss 0.3984 (0.2879)	Prec@1 85.938 (90.303)	Prec@5 100.000 (99.908)
Epoch: [72][60/391], lr: 0.01000	Loss 0.1943 (0.2860)	Prec@1 92.188 (90.446)	Prec@5 100.000 (99.885)
Epoch: [72][70/391], lr: 0.01000	Loss 0.4098 (0.2901)	Prec@1 85.938 (90.295)	Prec@5 100.000 (99.868)
Epoch: [72][80/391], lr: 0.01000	Loss 0.3004 (0.2909)	Prec@1 90.625 (90.307)	Prec@5 99.219 (99.875)
Epoch: [72][90/391], lr: 0.01000	Loss 0.2515 (0.2879)	Prec@1 94.531 (90.445)	Prec@5 100.000 (99.871)
Epoch: [72][100/391], lr: 0.01000	Loss 0.2444 (0.2903)	Prec@1 92.188 (90.424)	Prec@5 99.219 (99.861)
Epoch: [72][110/391], lr: 0.01000	Loss 0.2747 (0.2866)	Prec@1 89.844 (90.491)	Prec@5 100.000 (99.866)
Epoch: [72][120/391], lr: 0.01000	Loss 0.3311 (0.2858)	Prec@1 87.500 (90.451)	Prec@5 100.000 (99.871)
Epoch: [72][130/391], lr: 0.01000	Loss 0.4494 (0.2874)	Prec@1 83.594 (90.404)	Prec@5 100.000 (99.869)
Epoch: [72][140/391], lr: 0.01000	Loss 0.3347 (0.2890)	Prec@1 88.281 (90.359)	Prec@5 100.000 (99.845)
Epoch: [72][150/391], lr: 0.01000	Loss 0.2287 (0.2903)	Prec@1 90.625 (90.382)	Prec@5 100.000 (99.819)
Epoch: [72][160/391], lr: 0.01000	Loss 0.3938 (0.2927)	Prec@1 86.719 (90.310)	Prec@5 100.000 (99.830)
Epoch: [72][170/391], lr: 0.01000	Loss 0.2890 (0.2939)	Prec@1 89.844 (90.223)	Prec@5 100.000 (99.831)
Epoch: [72][180/391], lr: 0.01000	Loss 0.3070 (0.2967)	Prec@1 90.625 (90.155)	Prec@5 100.000 (99.827)
Epoch: [72][190/391], lr: 0.01000	Loss 0.3926 (0.2966)	Prec@1 89.062 (90.163)	Prec@5 100.000 (99.828)
Epoch: [72][200/391], lr: 0.01000	Loss 0.5220 (0.2984)	Prec@1 84.375 (90.093)	Prec@5 100.000 (99.829)
Epoch: [72][210/391], lr: 0.01000	Loss 0.2062 (0.2976)	Prec@1 91.406 (90.107)	Prec@5 100.000 (99.833)
Epoch: [72][220/391], lr: 0.01000	Loss 0.3037 (0.2995)	Prec@1 89.844 (90.081)	Prec@5 100.000 (99.834)
Epoch: [72][230/391], lr: 0.01000	Loss 0.3402 (0.3009)	Prec@1 85.156 (90.009)	Prec@5 99.219 (99.831)
Epoch: [72][240/391], lr: 0.01000	Loss 0.3102 (0.3004)	Prec@1 89.062 (90.035)	Prec@5 100.000 (99.835)
Epoch: [72][250/391], lr: 0.01000	Loss 0.3031 (0.3012)	Prec@1 91.406 (90.006)	Prec@5 99.219 (99.832)
Epoch: [72][260/391], lr: 0.01000	Loss 0.3020 (0.3010)	Prec@1 88.281 (90.008)	Prec@5 100.000 (99.832)
Epoch: [72][270/391], lr: 0.01000	Loss 0.2928 (0.3008)	Prec@1 89.844 (90.017)	Prec@5 100.000 (99.827)
Epoch: [72][280/391], lr: 0.01000	Loss 0.2808 (0.3014)	Prec@1 89.844 (90.005)	Prec@5 100.000 (99.825)
Epoch: [72][290/391], lr: 0.01000	Loss 0.3157 (0.3015)	Prec@1 91.406 (89.997)	Prec@5 99.219 (99.820)
Epoch: [72][300/391], lr: 0.01000	Loss 0.2735 (0.3007)	Prec@1 92.969 (90.023)	Prec@5 100.000 (99.824)
Epoch: [72][310/391], lr: 0.01000	Loss 0.3723 (0.3015)	Prec@1 89.062 (90.027)	Prec@5 99.219 (99.822)
Epoch: [72][320/391], lr: 0.01000	Loss 0.2545 (0.3006)	Prec@1 90.625 (90.058)	Prec@5 100.000 (99.820)
Epoch: [72][330/391], lr: 0.01000	Loss 0.3133 (0.2994)	Prec@1 87.500 (90.096)	Prec@5 100.000 (99.823)
Epoch: [72][340/391], lr: 0.01000	Loss 0.1854 (0.2980)	Prec@1 92.969 (90.155)	Prec@5 100.000 (99.826)
Epoch: [72][350/391], lr: 0.01000	Loss 0.3378 (0.2964)	Prec@1 89.062 (90.220)	Prec@5 100.000 (99.831)
Epoch: [72][360/391], lr: 0.01000	Loss 0.2975 (0.2966)	Prec@1 90.625 (90.186)	Prec@5 99.219 (99.825)
Epoch: [72][370/391], lr: 0.01000	Loss 0.3281 (0.2963)	Prec@1 89.062 (90.206)	Prec@5 100.000 (99.821)
Epoch: [72][380/391], lr: 0.01000	Loss 0.1713 (0.2954)	Prec@1 93.750 (90.235)	Prec@5 100.000 (99.824)
Epoch: [72][390/391], lr: 0.01000	Loss 0.2593 (0.2943)	Prec@1 92.500 (90.264)	Prec@5 100.000 (99.824)
Epoch [72] Training Results: Prec@1 90.264 Prec@5 99.824             Loss 0.29429
Epoch [72] Training Class Recall: [0.813,0.870,0.846,0.878,0.906,0.920,0.944,0.941,0.950,0.958]

Epoch: [73][0/391], lr: 0.01000	Loss 0.2651 (0.2651)	Prec@1 90.625 (90.625)	Prec@5 100.000 (100.000)
Epoch: [73][10/391], lr: 0.01000	Loss 0.2820 (0.2543)	Prec@1 89.062 (91.761)	Prec@5 100.000 (99.858)
Epoch: [73][20/391], lr: 0.01000	Loss 0.3723 (0.2669)	Prec@1 89.844 (91.295)	Prec@5 99.219 (99.814)
Epoch: [73][30/391], lr: 0.01000	Loss 0.3844 (0.2880)	Prec@1 87.500 (90.524)	Prec@5 100.000 (99.798)
Epoch: [73][40/391], lr: 0.01000	Loss 0.3351 (0.2948)	Prec@1 91.406 (90.434)	Prec@5 98.438 (99.733)
Epoch: [73][50/391], lr: 0.01000	Loss 0.2091 (0.2906)	Prec@1 92.188 (90.426)	Prec@5 100.000 (99.740)
Epoch: [73][60/391], lr: 0.01000	Loss 0.3643 (0.2919)	Prec@1 91.406 (90.394)	Prec@5 100.000 (99.757)
Epoch: [73][70/391], lr: 0.01000	Loss 0.2663 (0.2916)	Prec@1 89.062 (90.372)	Prec@5 100.000 (99.758)
Epoch: [73][80/391], lr: 0.01000	Loss 0.1981 (0.2908)	Prec@1 93.750 (90.471)	Prec@5 100.000 (99.778)
Epoch: [73][90/391], lr: 0.01000	Loss 0.2647 (0.2917)	Prec@1 89.844 (90.410)	Prec@5 100.000 (99.768)
Epoch: [73][100/391], lr: 0.01000	Loss 0.3192 (0.2922)	Prec@1 87.500 (90.323)	Prec@5 100.000 (99.776)
Epoch: [73][110/391], lr: 0.01000	Loss 0.2684 (0.2938)	Prec@1 89.062 (90.308)	Prec@5 99.219 (99.789)
Epoch: [73][120/391], lr: 0.01000	Loss 0.2390 (0.2974)	Prec@1 92.969 (90.173)	Prec@5 100.000 (99.787)
Epoch: [73][130/391], lr: 0.01000	Loss 0.3515 (0.3009)	Prec@1 89.062 (90.106)	Prec@5 100.000 (99.797)
Epoch: [73][140/391], lr: 0.01000	Loss 0.3185 (0.3013)	Prec@1 89.844 (90.104)	Prec@5 100.000 (99.789)
Epoch: [73][150/391], lr: 0.01000	Loss 0.3924 (0.3016)	Prec@1 83.594 (90.056)	Prec@5 100.000 (99.793)
Epoch: [73][160/391], lr: 0.01000	Loss 0.2470 (0.3002)	Prec@1 92.188 (90.106)	Prec@5 100.000 (99.796)
Epoch: [73][170/391], lr: 0.01000	Loss 0.1945 (0.2991)	Prec@1 90.625 (90.113)	Prec@5 100.000 (99.804)
Epoch: [73][180/391], lr: 0.01000	Loss 0.3832 (0.2995)	Prec@1 86.719 (90.103)	Prec@5 100.000 (99.806)
Epoch: [73][190/391], lr: 0.01000	Loss 0.3217 (0.2996)	Prec@1 89.844 (90.081)	Prec@5 100.000 (99.800)
Epoch: [73][200/391], lr: 0.01000	Loss 0.2862 (0.3010)	Prec@1 89.062 (90.019)	Prec@5 100.000 (99.802)
Epoch: [73][210/391], lr: 0.01000	Loss 0.3660 (0.3037)	Prec@1 86.719 (89.914)	Prec@5 98.438 (99.793)
Epoch: [73][220/391], lr: 0.01000	Loss 0.2274 (0.3049)	Prec@1 91.406 (89.904)	Prec@5 100.000 (99.795)
Epoch: [73][230/391], lr: 0.01000	Loss 0.3211 (0.3062)	Prec@1 87.500 (89.881)	Prec@5 100.000 (99.787)
Epoch: [73][240/391], lr: 0.01000	Loss 0.3055 (0.3070)	Prec@1 88.281 (89.837)	Prec@5 100.000 (99.786)
Epoch: [73][250/391], lr: 0.01000	Loss 0.2677 (0.3081)	Prec@1 92.969 (89.825)	Prec@5 100.000 (99.779)
Epoch: [73][260/391], lr: 0.01000	Loss 0.3114 (0.3087)	Prec@1 89.062 (89.787)	Prec@5 100.000 (99.784)
Epoch: [73][270/391], lr: 0.01000	Loss 0.3016 (0.3078)	Prec@1 89.062 (89.798)	Prec@5 100.000 (99.787)
Epoch: [73][280/391], lr: 0.01000	Loss 0.2814 (0.3065)	Prec@1 91.406 (89.827)	Prec@5 99.219 (99.780)
Epoch: [73][290/391], lr: 0.01000	Loss 0.2399 (0.3068)	Prec@1 92.969 (89.817)	Prec@5 100.000 (99.788)
Epoch: [73][300/391], lr: 0.01000	Loss 0.4193 (0.3069)	Prec@1 87.500 (89.813)	Prec@5 100.000 (99.792)
Epoch: [73][310/391], lr: 0.01000	Loss 0.3020 (0.3072)	Prec@1 90.625 (89.768)	Prec@5 100.000 (99.794)
Epoch: [73][320/391], lr: 0.01000	Loss 0.1780 (0.3073)	Prec@1 93.750 (89.778)	Prec@5 100.000 (99.793)
Epoch: [73][330/391], lr: 0.01000	Loss 0.3889 (0.3076)	Prec@1 87.500 (89.775)	Prec@5 99.219 (99.797)
Epoch: [73][340/391], lr: 0.01000	Loss 0.3389 (0.3078)	Prec@1 86.719 (89.766)	Prec@5 99.219 (99.792)
Epoch: [73][350/391], lr: 0.01000	Loss 0.3159 (0.3067)	Prec@1 87.500 (89.788)	Prec@5 100.000 (99.795)
Epoch: [73][360/391], lr: 0.01000	Loss 0.2732 (0.3065)	Prec@1 91.406 (89.800)	Prec@5 100.000 (99.799)
Epoch: [73][370/391], lr: 0.01000	Loss 0.3338 (0.3065)	Prec@1 90.625 (89.818)	Prec@5 99.219 (99.794)
Epoch: [73][380/391], lr: 0.01000	Loss 0.2224 (0.3065)	Prec@1 93.750 (89.809)	Prec@5 100.000 (99.791)
Epoch: [73][390/391], lr: 0.01000	Loss 0.3970 (0.3068)	Prec@1 87.500 (89.794)	Prec@5 100.000 (99.784)
Epoch [73] Training Results: Prec@1 89.794 Prec@5 99.784             Loss 0.30683
Epoch [73] Training Class Recall: [0.804,0.875,0.828,0.869,0.899,0.923,0.939,0.938,0.950,0.954]

Epoch: [74][0/391], lr: 0.01000	Loss 0.1841 (0.1841)	Prec@1 96.094 (96.094)	Prec@5 100.000 (100.000)
Epoch: [74][10/391], lr: 0.01000	Loss 0.3557 (0.2868)	Prec@1 85.156 (90.980)	Prec@5 100.000 (99.716)
Epoch: [74][20/391], lr: 0.01000	Loss 0.2606 (0.2919)	Prec@1 89.062 (90.141)	Prec@5 100.000 (99.777)
Epoch: [74][30/391], lr: 0.01000	Loss 0.1706 (0.2818)	Prec@1 95.312 (90.625)	Prec@5 100.000 (99.798)
Epoch: [74][40/391], lr: 0.01000	Loss 0.2843 (0.2792)	Prec@1 91.406 (90.568)	Prec@5 100.000 (99.848)
Epoch: [74][50/391], lr: 0.01000	Loss 0.3284 (0.2836)	Prec@1 92.188 (90.579)	Prec@5 99.219 (99.847)
Epoch: [74][60/391], lr: 0.01000	Loss 0.2220 (0.2819)	Prec@1 92.969 (90.651)	Prec@5 99.219 (99.859)
Epoch: [74][70/391], lr: 0.01000	Loss 0.1898 (0.2780)	Prec@1 92.188 (90.856)	Prec@5 100.000 (99.868)
Epoch: [74][80/391], lr: 0.01000	Loss 0.2255 (0.2774)	Prec@1 92.188 (91.001)	Prec@5 99.219 (99.836)
Epoch: [74][90/391], lr: 0.01000	Loss 0.2857 (0.2727)	Prec@1 87.500 (91.106)	Prec@5 99.219 (99.828)
Epoch: [74][100/391], lr: 0.01000	Loss 0.2726 (0.2681)	Prec@1 88.281 (91.244)	Prec@5 100.000 (99.838)
Epoch: [74][110/391], lr: 0.01000	Loss 0.1746 (0.2639)	Prec@1 92.969 (91.336)	Prec@5 100.000 (99.845)
Epoch: [74][120/391], lr: 0.01000	Loss 0.3081 (0.2647)	Prec@1 90.625 (91.290)	Prec@5 100.000 (99.832)
Epoch: [74][130/391], lr: 0.01000	Loss 0.2909 (0.2651)	Prec@1 91.406 (91.317)	Prec@5 100.000 (99.833)
Epoch: [74][140/391], lr: 0.01000	Loss 0.2160 (0.2658)	Prec@1 92.969 (91.240)	Prec@5 100.000 (99.839)
Epoch: [74][150/391], lr: 0.01000	Loss 0.2564 (0.2676)	Prec@1 92.188 (91.204)	Prec@5 100.000 (99.834)
Epoch: [74][160/391], lr: 0.01000	Loss 0.4525 (0.2695)	Prec@1 86.719 (91.149)	Prec@5 99.219 (99.830)
Epoch: [74][170/391], lr: 0.01000	Loss 0.3465 (0.2732)	Prec@1 86.719 (91.050)	Prec@5 100.000 (99.836)
Epoch: [74][180/391], lr: 0.01000	Loss 0.2903 (0.2769)	Prec@1 91.406 (90.875)	Prec@5 100.000 (99.827)
Epoch: [74][190/391], lr: 0.01000	Loss 0.2977 (0.2775)	Prec@1 92.188 (90.842)	Prec@5 99.219 (99.820)
Epoch: [74][200/391], lr: 0.01000	Loss 0.2365 (0.2779)	Prec@1 92.969 (90.812)	Prec@5 100.000 (99.813)
Epoch: [74][210/391], lr: 0.01000	Loss 0.3218 (0.2786)	Prec@1 91.406 (90.795)	Prec@5 99.219 (99.815)
Epoch: [74][220/391], lr: 0.01000	Loss 0.3453 (0.2809)	Prec@1 89.844 (90.699)	Prec@5 100.000 (99.809)
Epoch: [74][230/391], lr: 0.01000	Loss 0.3398 (0.2830)	Prec@1 87.500 (90.584)	Prec@5 99.219 (99.811)
Epoch: [74][240/391], lr: 0.01000	Loss 0.1988 (0.2850)	Prec@1 92.188 (90.499)	Prec@5 100.000 (99.812)
Epoch: [74][250/391], lr: 0.01000	Loss 0.3285 (0.2853)	Prec@1 89.844 (90.491)	Prec@5 100.000 (99.816)
Epoch: [74][260/391], lr: 0.01000	Loss 0.2131 (0.2851)	Prec@1 91.406 (90.508)	Prec@5 100.000 (99.814)
Epoch: [74][270/391], lr: 0.01000	Loss 0.3672 (0.2857)	Prec@1 86.719 (90.510)	Prec@5 100.000 (99.810)
Epoch: [74][280/391], lr: 0.01000	Loss 0.4375 (0.2873)	Prec@1 82.812 (90.447)	Prec@5 100.000 (99.808)
Epoch: [74][290/391], lr: 0.01000	Loss 0.2686 (0.2882)	Prec@1 90.625 (90.365)	Prec@5 99.219 (99.801)
Epoch: [74][300/391], lr: 0.01000	Loss 0.3692 (0.2879)	Prec@1 89.062 (90.404)	Prec@5 100.000 (99.803)
Epoch: [74][310/391], lr: 0.01000	Loss 0.1927 (0.2863)	Prec@1 94.531 (90.484)	Prec@5 100.000 (99.804)
Epoch: [74][320/391], lr: 0.01000	Loss 0.2229 (0.2861)	Prec@1 92.969 (90.498)	Prec@5 100.000 (99.803)
Epoch: [74][330/391], lr: 0.01000	Loss 0.2750 (0.2872)	Prec@1 87.500 (90.460)	Prec@5 100.000 (99.799)
Epoch: [74][340/391], lr: 0.01000	Loss 0.2896 (0.2879)	Prec@1 91.406 (90.405)	Prec@5 100.000 (99.803)
Epoch: [74][350/391], lr: 0.01000	Loss 0.2374 (0.2877)	Prec@1 92.969 (90.420)	Prec@5 99.219 (99.804)
Epoch: [74][360/391], lr: 0.01000	Loss 0.3965 (0.2885)	Prec@1 89.062 (90.406)	Prec@5 98.438 (99.801)
Epoch: [74][370/391], lr: 0.01000	Loss 0.4009 (0.2886)	Prec@1 89.062 (90.414)	Prec@5 100.000 (99.804)
Epoch: [74][380/391], lr: 0.01000	Loss 0.2483 (0.2886)	Prec@1 92.969 (90.424)	Prec@5 100.000 (99.799)
Epoch: [74][390/391], lr: 0.01000	Loss 0.3795 (0.2895)	Prec@1 87.500 (90.398)	Prec@5 100.000 (99.802)
Epoch [74] Training Results: Prec@1 90.398 Prec@5 99.802             Loss 0.28955
Epoch [74] Training Class Recall: [0.814,0.878,0.840,0.879,0.911,0.922,0.944,0.942,0.954,0.955]

Epoch: [75][0/391], lr: 0.01000	Loss 0.1852 (0.1852)	Prec@1 95.312 (95.312)	Prec@5 100.000 (100.000)
Epoch: [75][10/391], lr: 0.01000	Loss 0.4039 (0.2762)	Prec@1 87.500 (91.690)	Prec@5 100.000 (99.929)
Epoch: [75][20/391], lr: 0.01000	Loss 0.1606 (0.2934)	Prec@1 93.750 (91.257)	Prec@5 100.000 (99.740)
Epoch: [75][30/391], lr: 0.01000	Loss 0.1457 (0.2857)	Prec@1 96.094 (91.280)	Prec@5 100.000 (99.748)
Epoch: [75][40/391], lr: 0.01000	Loss 0.2550 (0.2778)	Prec@1 89.844 (91.292)	Prec@5 100.000 (99.809)
Epoch: [75][50/391], lr: 0.01000	Loss 0.3212 (0.2818)	Prec@1 88.281 (91.069)	Prec@5 99.219 (99.770)
Epoch: [75][60/391], lr: 0.01000	Loss 0.5444 (0.2900)	Prec@1 83.594 (90.779)	Prec@5 99.219 (99.782)
Epoch: [75][70/391], lr: 0.01000	Loss 0.3713 (0.2910)	Prec@1 87.500 (90.647)	Prec@5 100.000 (99.802)
Epoch: [75][80/391], lr: 0.01000	Loss 0.2201 (0.2902)	Prec@1 93.750 (90.673)	Prec@5 99.219 (99.788)
Epoch: [75][90/391], lr: 0.01000	Loss 0.3074 (0.2852)	Prec@1 87.500 (90.702)	Prec@5 100.000 (99.811)
Epoch: [75][100/391], lr: 0.01000	Loss 0.1632 (0.2792)	Prec@1 94.531 (90.965)	Prec@5 100.000 (99.830)
Epoch: [75][110/391], lr: 0.01000	Loss 0.3793 (0.2807)	Prec@1 86.719 (90.921)	Prec@5 100.000 (99.831)
Epoch: [75][120/391], lr: 0.01000	Loss 0.2449 (0.2795)	Prec@1 92.969 (90.974)	Prec@5 100.000 (99.826)
Epoch: [75][130/391], lr: 0.01000	Loss 0.5111 (0.2821)	Prec@1 85.156 (90.911)	Prec@5 99.219 (99.827)
Epoch: [75][140/391], lr: 0.01000	Loss 0.2458 (0.2864)	Prec@1 93.750 (90.769)	Prec@5 100.000 (99.817)
Epoch: [75][150/391], lr: 0.01000	Loss 0.3317 (0.2918)	Prec@1 91.406 (90.578)	Prec@5 100.000 (99.819)
Epoch: [75][160/391], lr: 0.01000	Loss 0.4205 (0.2959)	Prec@1 85.938 (90.431)	Prec@5 100.000 (99.791)
Epoch: [75][170/391], lr: 0.01000	Loss 0.3713 (0.2985)	Prec@1 84.375 (90.355)	Prec@5 99.219 (99.781)
Epoch: [75][180/391], lr: 0.01000	Loss 0.1967 (0.3043)	Prec@1 92.969 (90.155)	Prec@5 100.000 (99.763)
Epoch: [75][190/391], lr: 0.01000	Loss 0.1823 (0.3035)	Prec@1 96.875 (90.171)	Prec@5 100.000 (99.759)
Epoch: [75][200/391], lr: 0.01000	Loss 0.3193 (0.3039)	Prec@1 89.844 (90.162)	Prec@5 100.000 (99.759)
Epoch: [75][210/391], lr: 0.01000	Loss 0.4060 (0.3043)	Prec@1 85.156 (90.144)	Prec@5 99.219 (99.767)
Epoch: [75][220/391], lr: 0.01000	Loss 0.3365 (0.3069)	Prec@1 89.844 (90.042)	Prec@5 100.000 (99.760)
Epoch: [75][230/391], lr: 0.01000	Loss 0.2688 (0.3072)	Prec@1 88.281 (90.016)	Prec@5 100.000 (99.756)
Epoch: [75][240/391], lr: 0.01000	Loss 0.2178 (0.3086)	Prec@1 92.969 (89.960)	Prec@5 100.000 (99.757)
Epoch: [75][250/391], lr: 0.01000	Loss 0.1825 (0.3080)	Prec@1 93.750 (89.974)	Prec@5 100.000 (99.751)
Epoch: [75][260/391], lr: 0.01000	Loss 0.2868 (0.3074)	Prec@1 91.406 (89.978)	Prec@5 100.000 (99.752)
Epoch: [75][270/391], lr: 0.01000	Loss 0.3412 (0.3069)	Prec@1 88.281 (89.979)	Prec@5 100.000 (99.752)
Epoch: [75][280/391], lr: 0.01000	Loss 0.3312 (0.3057)	Prec@1 88.281 (90.005)	Prec@5 99.219 (99.753)
Epoch: [75][290/391], lr: 0.01000	Loss 0.3604 (0.3051)	Prec@1 91.406 (90.013)	Prec@5 99.219 (99.756)
Epoch: [75][300/391], lr: 0.01000	Loss 0.2746 (0.3046)	Prec@1 90.625 (90.012)	Prec@5 99.219 (99.759)
Epoch: [75][310/391], lr: 0.01000	Loss 0.2574 (0.3045)	Prec@1 91.406 (90.002)	Prec@5 100.000 (99.759)
Epoch: [75][320/391], lr: 0.01000	Loss 0.2525 (0.3037)	Prec@1 93.750 (90.024)	Prec@5 100.000 (99.764)
Epoch: [75][330/391], lr: 0.01000	Loss 0.5445 (0.3046)	Prec@1 84.375 (90.030)	Prec@5 100.000 (99.762)
Epoch: [75][340/391], lr: 0.01000	Loss 0.3611 (0.3049)	Prec@1 85.938 (90.027)	Prec@5 100.000 (99.757)
Epoch: [75][350/391], lr: 0.01000	Loss 0.3447 (0.3048)	Prec@1 85.938 (89.986)	Prec@5 100.000 (99.762)
Epoch: [75][360/391], lr: 0.01000	Loss 0.3282 (0.3028)	Prec@1 88.281 (90.041)	Prec@5 100.000 (99.766)
Epoch: [75][370/391], lr: 0.01000	Loss 0.2370 (0.3024)	Prec@1 89.844 (90.065)	Prec@5 100.000 (99.770)
Epoch: [75][380/391], lr: 0.01000	Loss 0.1813 (0.3006)	Prec@1 94.531 (90.114)	Prec@5 100.000 (99.776)
Epoch: [75][390/391], lr: 0.01000	Loss 0.1662 (0.2998)	Prec@1 92.500 (90.128)	Prec@5 100.000 (99.780)
Epoch [75] Training Results: Prec@1 90.128 Prec@5 99.780             Loss 0.29977
Epoch [75] Training Class Recall: [0.810,0.868,0.838,0.880,0.907,0.922,0.937,0.939,0.954,0.957]

Epoch: [76][0/391], lr: 0.01000	Loss 0.2328 (0.2328)	Prec@1 90.625 (90.625)	Prec@5 100.000 (100.000)
Epoch: [76][10/391], lr: 0.01000	Loss 0.1986 (0.2335)	Prec@1 91.406 (91.619)	Prec@5 100.000 (99.858)
Epoch: [76][20/391], lr: 0.01000	Loss 0.2799 (0.2352)	Prec@1 89.844 (91.890)	Prec@5 100.000 (99.851)
Epoch: [76][30/391], lr: 0.01000	Loss 0.1673 (0.2305)	Prec@1 95.312 (92.364)	Prec@5 100.000 (99.849)
Epoch: [76][40/391], lr: 0.01000	Loss 0.2406 (0.2371)	Prec@1 90.625 (91.978)	Prec@5 100.000 (99.828)
Epoch: [76][50/391], lr: 0.01000	Loss 0.2256 (0.2375)	Prec@1 92.188 (92.142)	Prec@5 100.000 (99.847)
Epoch: [76][60/391], lr: 0.01000	Loss 0.1878 (0.2397)	Prec@1 93.750 (92.047)	Prec@5 100.000 (99.872)
Epoch: [76][70/391], lr: 0.01000	Loss 0.1454 (0.2362)	Prec@1 96.875 (92.132)	Prec@5 100.000 (99.890)
Epoch: [76][80/391], lr: 0.01000	Loss 0.2249 (0.2381)	Prec@1 90.625 (92.004)	Prec@5 100.000 (99.894)
Epoch: [76][90/391], lr: 0.01000	Loss 0.2865 (0.2460)	Prec@1 89.844 (91.767)	Prec@5 100.000 (99.863)
Epoch: [76][100/391], lr: 0.01000	Loss 0.3819 (0.2510)	Prec@1 85.938 (91.623)	Prec@5 99.219 (99.861)
Epoch: [76][110/391], lr: 0.01000	Loss 0.3691 (0.2549)	Prec@1 87.500 (91.456)	Prec@5 99.219 (99.859)
Epoch: [76][120/391], lr: 0.01000	Loss 0.3281 (0.2606)	Prec@1 89.844 (91.271)	Prec@5 98.438 (99.851)
Epoch: [76][130/391], lr: 0.01000	Loss 0.3317 (0.2642)	Prec@1 89.844 (91.245)	Prec@5 100.000 (99.845)
Epoch: [76][140/391], lr: 0.01000	Loss 0.3999 (0.2689)	Prec@1 89.844 (91.135)	Prec@5 99.219 (99.839)
Epoch: [76][150/391], lr: 0.01000	Loss 0.3563 (0.2696)	Prec@1 91.406 (91.127)	Prec@5 100.000 (99.840)
Epoch: [76][160/391], lr: 0.01000	Loss 0.3089 (0.2734)	Prec@1 91.406 (91.013)	Prec@5 100.000 (99.830)
Epoch: [76][170/391], lr: 0.01000	Loss 0.2504 (0.2752)	Prec@1 95.312 (90.922)	Prec@5 100.000 (99.836)
Epoch: [76][180/391], lr: 0.01000	Loss 0.2789 (0.2779)	Prec@1 89.844 (90.776)	Prec@5 100.000 (99.836)
Epoch: [76][190/391], lr: 0.01000	Loss 0.3794 (0.2813)	Prec@1 85.938 (90.625)	Prec@5 99.219 (99.836)
Epoch: [76][200/391], lr: 0.01000	Loss 0.2501 (0.2854)	Prec@1 92.969 (90.501)	Prec@5 100.000 (99.825)
Epoch: [76][210/391], lr: 0.01000	Loss 0.2909 (0.2856)	Prec@1 89.844 (90.495)	Prec@5 100.000 (99.833)
Epoch: [76][220/391], lr: 0.01000	Loss 0.2822 (0.2863)	Prec@1 91.406 (90.466)	Prec@5 100.000 (99.827)
Epoch: [76][230/391], lr: 0.01000	Loss 0.3431 (0.2878)	Prec@1 89.062 (90.429)	Prec@5 100.000 (99.831)
Epoch: [76][240/391], lr: 0.01000	Loss 0.2337 (0.2888)	Prec@1 92.969 (90.382)	Prec@5 100.000 (99.822)
Epoch: [76][250/391], lr: 0.01000	Loss 0.2592 (0.2906)	Prec@1 92.188 (90.326)	Prec@5 100.000 (99.826)
Epoch: [76][260/391], lr: 0.01000	Loss 0.2614 (0.2901)	Prec@1 92.188 (90.347)	Prec@5 99.219 (99.820)
Epoch: [76][270/391], lr: 0.01000	Loss 0.4136 (0.2903)	Prec@1 85.938 (90.334)	Prec@5 100.000 (99.827)
Epoch: [76][280/391], lr: 0.01000	Loss 0.2293 (0.2916)	Prec@1 92.969 (90.280)	Prec@5 100.000 (99.830)
Epoch: [76][290/391], lr: 0.01000	Loss 0.3298 (0.2919)	Prec@1 89.062 (90.257)	Prec@5 100.000 (99.828)
Epoch: [76][300/391], lr: 0.01000	Loss 0.3098 (0.2926)	Prec@1 93.750 (90.251)	Prec@5 99.219 (99.824)
Epoch: [76][310/391], lr: 0.01000	Loss 0.3772 (0.2929)	Prec@1 83.594 (90.208)	Prec@5 100.000 (99.829)
Epoch: [76][320/391], lr: 0.01000	Loss 0.3482 (0.2956)	Prec@1 85.938 (90.143)	Prec@5 100.000 (99.827)
Epoch: [76][330/391], lr: 0.01000	Loss 0.3185 (0.2967)	Prec@1 90.625 (90.101)	Prec@5 98.438 (99.823)
Epoch: [76][340/391], lr: 0.01000	Loss 0.5336 (0.2976)	Prec@1 80.469 (90.068)	Prec@5 99.219 (99.824)
Epoch: [76][350/391], lr: 0.01000	Loss 0.3695 (0.2985)	Prec@1 90.625 (90.062)	Prec@5 99.219 (99.824)
Epoch: [76][360/391], lr: 0.01000	Loss 0.3711 (0.2990)	Prec@1 89.062 (90.056)	Prec@5 100.000 (99.825)
Epoch: [76][370/391], lr: 0.01000	Loss 0.2631 (0.2999)	Prec@1 92.969 (90.033)	Prec@5 100.000 (99.821)
Epoch: [76][380/391], lr: 0.01000	Loss 0.2379 (0.2996)	Prec@1 92.188 (90.045)	Prec@5 99.219 (99.822)
Epoch: [76][390/391], lr: 0.01000	Loss 0.2882 (0.2988)	Prec@1 90.000 (90.082)	Prec@5 100.000 (99.824)
Epoch [76] Training Results: Prec@1 90.082 Prec@5 99.824             Loss 0.29885
Epoch [76] Training Class Recall: [0.802,0.872,0.836,0.879,0.912,0.921,0.939,0.943,0.951,0.954]

Epoch: [77][0/391], lr: 0.01000	Loss 0.2070 (0.2070)	Prec@1 94.531 (94.531)	Prec@5 100.000 (100.000)
Epoch: [77][10/391], lr: 0.01000	Loss 0.3789 (0.2728)	Prec@1 85.938 (91.477)	Prec@5 99.219 (99.716)
Epoch: [77][20/391], lr: 0.01000	Loss 0.2052 (0.2489)	Prec@1 94.531 (92.411)	Prec@5 100.000 (99.777)
Epoch: [77][30/391], lr: 0.01000	Loss 0.2701 (0.2423)	Prec@1 90.625 (92.440)	Prec@5 100.000 (99.824)
Epoch: [77][40/391], lr: 0.01000	Loss 0.2260 (0.2469)	Prec@1 91.406 (92.245)	Prec@5 100.000 (99.828)
Epoch: [77][50/391], lr: 0.01000	Loss 0.2575 (0.2476)	Prec@1 91.406 (92.111)	Prec@5 100.000 (99.862)
Epoch: [77][60/391], lr: 0.01000	Loss 0.2330 (0.2449)	Prec@1 91.406 (92.111)	Prec@5 100.000 (99.859)
Epoch: [77][70/391], lr: 0.01000	Loss 0.2510 (0.2446)	Prec@1 92.969 (92.055)	Prec@5 100.000 (99.868)
Epoch: [77][80/391], lr: 0.01000	Loss 0.2340 (0.2456)	Prec@1 92.969 (91.927)	Prec@5 100.000 (99.855)
Epoch: [77][90/391], lr: 0.01000	Loss 0.3511 (0.2485)	Prec@1 88.281 (91.836)	Prec@5 100.000 (99.863)
Epoch: [77][100/391], lr: 0.01000	Loss 0.2376 (0.2491)	Prec@1 91.406 (91.793)	Prec@5 99.219 (99.868)
Epoch: [77][110/391], lr: 0.01000	Loss 0.2635 (0.2476)	Prec@1 89.844 (91.786)	Prec@5 100.000 (99.873)
Epoch: [77][120/391], lr: 0.01000	Loss 0.2311 (0.2477)	Prec@1 90.625 (91.774)	Prec@5 100.000 (99.884)
Epoch: [77][130/391], lr: 0.01000	Loss 0.2501 (0.2478)	Prec@1 92.188 (91.746)	Prec@5 100.000 (99.875)
Epoch: [77][140/391], lr: 0.01000	Loss 0.1782 (0.2462)	Prec@1 92.969 (91.783)	Prec@5 100.000 (99.878)
Epoch: [77][150/391], lr: 0.01000	Loss 0.1891 (0.2434)	Prec@1 93.750 (91.877)	Prec@5 100.000 (99.881)
Epoch: [77][160/391], lr: 0.01000	Loss 0.2799 (0.2449)	Prec@1 92.969 (91.799)	Prec@5 100.000 (99.888)
Epoch: [77][170/391], lr: 0.01000	Loss 0.5084 (0.2473)	Prec@1 87.500 (91.753)	Prec@5 97.656 (99.881)
Epoch: [77][180/391], lr: 0.01000	Loss 0.3527 (0.2495)	Prec@1 89.844 (91.661)	Prec@5 100.000 (99.875)
Epoch: [77][190/391], lr: 0.01000	Loss 0.3445 (0.2510)	Prec@1 87.500 (91.598)	Prec@5 99.219 (99.873)
Epoch: [77][200/391], lr: 0.01000	Loss 0.3730 (0.2517)	Prec@1 88.281 (91.589)	Prec@5 100.000 (99.876)
Epoch: [77][210/391], lr: 0.01000	Loss 0.3044 (0.2545)	Prec@1 90.625 (91.473)	Prec@5 100.000 (99.863)
Epoch: [77][220/391], lr: 0.01000	Loss 0.2636 (0.2583)	Prec@1 90.625 (91.367)	Prec@5 100.000 (99.855)
Epoch: [77][230/391], lr: 0.01000	Loss 0.3085 (0.2621)	Prec@1 92.188 (91.271)	Prec@5 100.000 (99.851)
Epoch: [77][240/391], lr: 0.01000	Loss 0.4238 (0.2651)	Prec@1 88.281 (91.221)	Prec@5 100.000 (99.841)
Epoch: [77][250/391], lr: 0.01000	Loss 0.3535 (0.2681)	Prec@1 89.062 (91.142)	Prec@5 99.219 (99.838)
Epoch: [77][260/391], lr: 0.01000	Loss 0.2383 (0.2710)	Prec@1 92.969 (91.050)	Prec@5 100.000 (99.832)
Epoch: [77][270/391], lr: 0.01000	Loss 0.2680 (0.2727)	Prec@1 90.625 (91.006)	Prec@5 100.000 (99.833)
Epoch: [77][280/391], lr: 0.01000	Loss 0.2678 (0.2724)	Prec@1 89.062 (91.023)	Prec@5 100.000 (99.833)
Epoch: [77][290/391], lr: 0.01000	Loss 0.2758 (0.2719)	Prec@1 89.844 (91.044)	Prec@5 100.000 (99.839)
Epoch: [77][300/391], lr: 0.01000	Loss 0.2958 (0.2736)	Prec@1 90.625 (90.999)	Prec@5 100.000 (99.836)
Epoch: [77][310/391], lr: 0.01000	Loss 0.2697 (0.2764)	Prec@1 94.531 (90.921)	Prec@5 100.000 (99.829)
Epoch: [77][320/391], lr: 0.01000	Loss 0.2652 (0.2777)	Prec@1 92.969 (90.868)	Prec@5 100.000 (99.827)
Epoch: [77][330/391], lr: 0.01000	Loss 0.3711 (0.2798)	Prec@1 84.375 (90.790)	Prec@5 99.219 (99.823)
Epoch: [77][340/391], lr: 0.01000	Loss 0.2758 (0.2814)	Prec@1 90.625 (90.721)	Prec@5 99.219 (99.826)
Epoch: [77][350/391], lr: 0.01000	Loss 0.2685 (0.2828)	Prec@1 94.531 (90.692)	Prec@5 100.000 (99.822)
Epoch: [77][360/391], lr: 0.01000	Loss 0.4418 (0.2849)	Prec@1 89.062 (90.619)	Prec@5 99.219 (99.823)
Epoch: [77][370/391], lr: 0.01000	Loss 0.4518 (0.2864)	Prec@1 84.375 (90.553)	Prec@5 100.000 (99.825)
Epoch: [77][380/391], lr: 0.01000	Loss 0.1720 (0.2862)	Prec@1 92.969 (90.553)	Prec@5 100.000 (99.826)
Epoch: [77][390/391], lr: 0.01000	Loss 0.2328 (0.2864)	Prec@1 91.250 (90.550)	Prec@5 100.000 (99.824)
Epoch [77] Training Results: Prec@1 90.550 Prec@5 99.824             Loss 0.28645
Epoch [77] Training Class Recall: [0.815,0.873,0.848,0.882,0.914,0.921,0.943,0.945,0.955,0.957]

Epoch: [78][0/391], lr: 0.01000	Loss 0.2535 (0.2535)	Prec@1 92.969 (92.969)	Prec@5 100.000 (100.000)
Epoch: [78][10/391], lr: 0.01000	Loss 0.2583 (0.3016)	Prec@1 92.188 (90.696)	Prec@5 100.000 (99.858)
Epoch: [78][20/391], lr: 0.01000	Loss 0.1558 (0.2951)	Prec@1 96.094 (90.625)	Prec@5 100.000 (99.888)
Epoch: [78][30/391], lr: 0.01000	Loss 0.2107 (0.2826)	Prec@1 94.531 (90.776)	Prec@5 100.000 (99.899)
Epoch: [78][40/391], lr: 0.01000	Loss 0.3340 (0.2813)	Prec@1 89.062 (90.777)	Prec@5 99.219 (99.905)
Epoch: [78][50/391], lr: 0.01000	Loss 0.2687 (0.2733)	Prec@1 90.625 (90.993)	Prec@5 100.000 (99.923)
Epoch: [78][60/391], lr: 0.01000	Loss 0.2538 (0.2681)	Prec@1 90.625 (91.009)	Prec@5 100.000 (99.936)
Epoch: [78][70/391], lr: 0.01000	Loss 0.1741 (0.2657)	Prec@1 95.312 (91.076)	Prec@5 100.000 (99.934)
Epoch: [78][80/391], lr: 0.01000	Loss 0.3208 (0.2706)	Prec@1 89.062 (90.885)	Prec@5 99.219 (99.923)
Epoch: [78][90/391], lr: 0.01000	Loss 0.2448 (0.2715)	Prec@1 92.188 (90.891)	Prec@5 100.000 (99.931)
Epoch: [78][100/391], lr: 0.01000	Loss 0.2615 (0.2732)	Prec@1 92.188 (90.857)	Prec@5 99.219 (99.915)
Epoch: [78][110/391], lr: 0.01000	Loss 0.2476 (0.2704)	Prec@1 90.625 (90.949)	Prec@5 100.000 (99.901)
Epoch: [78][120/391], lr: 0.01000	Loss 0.2935 (0.2707)	Prec@1 89.062 (90.903)	Prec@5 100.000 (99.910)
Epoch: [78][130/391], lr: 0.01000	Loss 0.2391 (0.2733)	Prec@1 92.969 (90.816)	Prec@5 100.000 (99.905)
Epoch: [78][140/391], lr: 0.01000	Loss 0.2389 (0.2712)	Prec@1 94.531 (90.908)	Prec@5 100.000 (99.906)
Epoch: [78][150/391], lr: 0.01000	Loss 0.2470 (0.2705)	Prec@1 92.969 (90.899)	Prec@5 100.000 (99.907)
Epoch: [78][160/391], lr: 0.01000	Loss 0.2815 (0.2694)	Prec@1 91.406 (90.970)	Prec@5 100.000 (99.913)
Epoch: [78][170/391], lr: 0.01000	Loss 0.3272 (0.2703)	Prec@1 89.062 (90.936)	Prec@5 99.219 (99.904)
Epoch: [78][180/391], lr: 0.01000	Loss 0.3660 (0.2700)	Prec@1 87.500 (90.949)	Prec@5 100.000 (99.905)
Epoch: [78][190/391], lr: 0.01000	Loss 0.3398 (0.2718)	Prec@1 90.625 (90.891)	Prec@5 100.000 (99.894)
Epoch: [78][200/391], lr: 0.01000	Loss 0.2529 (0.2727)	Prec@1 91.406 (90.878)	Prec@5 100.000 (99.895)
Epoch: [78][210/391], lr: 0.01000	Loss 0.2445 (0.2731)	Prec@1 90.625 (90.862)	Prec@5 100.000 (99.893)
Epoch: [78][220/391], lr: 0.01000	Loss 0.2867 (0.2744)	Prec@1 92.188 (90.848)	Prec@5 100.000 (99.894)
Epoch: [78][230/391], lr: 0.01000	Loss 0.2440 (0.2766)	Prec@1 89.062 (90.770)	Prec@5 100.000 (99.895)
Epoch: [78][240/391], lr: 0.01000	Loss 0.2586 (0.2776)	Prec@1 89.844 (90.706)	Prec@5 99.219 (99.896)
Epoch: [78][250/391], lr: 0.01000	Loss 0.3363 (0.2797)	Prec@1 89.062 (90.622)	Prec@5 99.219 (99.888)
Epoch: [78][260/391], lr: 0.01000	Loss 0.3255 (0.2810)	Prec@1 90.625 (90.607)	Prec@5 100.000 (99.880)
Epoch: [78][270/391], lr: 0.01000	Loss 0.2588 (0.2818)	Prec@1 91.406 (90.596)	Prec@5 100.000 (99.876)
Epoch: [78][280/391], lr: 0.01000	Loss 0.2480 (0.2793)	Prec@1 89.062 (90.692)	Prec@5 100.000 (99.880)
Epoch: [78][290/391], lr: 0.01000	Loss 0.2124 (0.2780)	Prec@1 92.969 (90.730)	Prec@5 100.000 (99.882)
Epoch: [78][300/391], lr: 0.01000	Loss 0.3920 (0.2804)	Prec@1 88.281 (90.646)	Prec@5 100.000 (99.878)
Epoch: [78][310/391], lr: 0.01000	Loss 0.5401 (0.2826)	Prec@1 82.812 (90.560)	Prec@5 99.219 (99.872)
Epoch: [78][320/391], lr: 0.01000	Loss 0.4171 (0.2834)	Prec@1 85.156 (90.537)	Prec@5 99.219 (99.864)
Epoch: [78][330/391], lr: 0.01000	Loss 0.4697 (0.2860)	Prec@1 83.594 (90.460)	Prec@5 100.000 (99.861)
Epoch: [78][340/391], lr: 0.01000	Loss 0.2959 (0.2877)	Prec@1 86.719 (90.373)	Prec@5 100.000 (99.858)
Epoch: [78][350/391], lr: 0.01000	Loss 0.2872 (0.2892)	Prec@1 91.406 (90.320)	Prec@5 99.219 (99.858)
Epoch: [78][360/391], lr: 0.01000	Loss 0.2338 (0.2906)	Prec@1 92.969 (90.279)	Prec@5 100.000 (99.851)
Epoch: [78][370/391], lr: 0.01000	Loss 0.2905 (0.2914)	Prec@1 89.844 (90.238)	Prec@5 100.000 (99.855)
Epoch: [78][380/391], lr: 0.01000	Loss 0.5085 (0.2931)	Prec@1 82.812 (90.172)	Prec@5 100.000 (99.856)
Epoch: [78][390/391], lr: 0.01000	Loss 0.2284 (0.2937)	Prec@1 90.000 (90.134)	Prec@5 100.000 (99.852)
Epoch [78] Training Results: Prec@1 90.134 Prec@5 99.852             Loss 0.29373
Epoch [78] Training Class Recall: [0.807,0.872,0.835,0.871,0.906,0.918,0.949,0.941,0.957,0.957]

Epoch: [79][0/391], lr: 0.01000	Loss 0.2190 (0.2190)	Prec@1 95.312 (95.312)	Prec@5 100.000 (100.000)
Epoch: [79][10/391], lr: 0.01000	Loss 0.3435 (0.2826)	Prec@1 89.844 (91.974)	Prec@5 100.000 (99.929)
Epoch: [79][20/391], lr: 0.01000	Loss 0.2461 (0.2763)	Prec@1 92.188 (91.592)	Prec@5 100.000 (99.963)
Epoch: [79][30/391], lr: 0.01000	Loss 0.3000 (0.2799)	Prec@1 90.625 (91.431)	Prec@5 100.000 (99.950)
Epoch: [79][40/391], lr: 0.01000	Loss 0.1948 (0.2763)	Prec@1 93.750 (91.349)	Prec@5 100.000 (99.924)
Epoch: [79][50/391], lr: 0.01000	Loss 0.1820 (0.2670)	Prec@1 93.750 (91.605)	Prec@5 100.000 (99.923)
Epoch: [79][60/391], lr: 0.01000	Loss 0.3050 (0.2666)	Prec@1 89.844 (91.470)	Prec@5 99.219 (99.910)
Epoch: [79][70/391], lr: 0.01000	Loss 0.2706 (0.2622)	Prec@1 89.844 (91.604)	Prec@5 100.000 (99.912)
Epoch: [79][80/391], lr: 0.01000	Loss 0.1799 (0.2573)	Prec@1 93.750 (91.725)	Prec@5 100.000 (99.923)
Epoch: [79][90/391], lr: 0.01000	Loss 0.2532 (0.2560)	Prec@1 92.188 (91.775)	Prec@5 100.000 (99.923)
Epoch: [79][100/391], lr: 0.01000	Loss 0.1903 (0.2545)	Prec@1 93.750 (91.824)	Prec@5 100.000 (99.915)
Epoch: [79][110/391], lr: 0.01000	Loss 0.2527 (0.2552)	Prec@1 92.188 (91.758)	Prec@5 99.219 (99.894)
Epoch: [79][120/391], lr: 0.01000	Loss 0.3451 (0.2571)	Prec@1 87.500 (91.703)	Prec@5 100.000 (99.897)
Epoch: [79][130/391], lr: 0.01000	Loss 0.3423 (0.2588)	Prec@1 88.281 (91.627)	Prec@5 100.000 (99.905)
Epoch: [79][140/391], lr: 0.01000	Loss 0.3508 (0.2597)	Prec@1 86.719 (91.556)	Prec@5 100.000 (99.906)
Epoch: [79][150/391], lr: 0.01000	Loss 0.2442 (0.2580)	Prec@1 92.188 (91.639)	Prec@5 99.219 (99.902)
Epoch: [79][160/391], lr: 0.01000	Loss 0.2596 (0.2578)	Prec@1 90.625 (91.600)	Prec@5 100.000 (99.903)
Epoch: [79][170/391], lr: 0.01000	Loss 0.2364 (0.2586)	Prec@1 90.625 (91.520)	Prec@5 100.000 (99.904)
Epoch: [79][180/391], lr: 0.01000	Loss 0.2440 (0.2590)	Prec@1 93.750 (91.488)	Prec@5 99.219 (99.901)
Epoch: [79][190/391], lr: 0.01000	Loss 0.1856 (0.2583)	Prec@1 92.188 (91.537)	Prec@5 100.000 (99.902)
Epoch: [79][200/391], lr: 0.01000	Loss 0.2127 (0.2571)	Prec@1 93.750 (91.597)	Prec@5 100.000 (99.895)
Epoch: [79][210/391], lr: 0.01000	Loss 0.1815 (0.2557)	Prec@1 93.750 (91.625)	Prec@5 100.000 (99.900)
Epoch: [79][220/391], lr: 0.01000	Loss 0.3581 (0.2579)	Prec@1 89.062 (91.572)	Prec@5 100.000 (99.897)
Epoch: [79][230/391], lr: 0.01000	Loss 0.1629 (0.2588)	Prec@1 92.969 (91.555)	Prec@5 100.000 (99.895)
Epoch: [79][240/391], lr: 0.01000	Loss 0.2410 (0.2611)	Prec@1 91.406 (91.474)	Prec@5 99.219 (99.880)
Epoch: [79][250/391], lr: 0.01000	Loss 0.2893 (0.2625)	Prec@1 90.625 (91.456)	Prec@5 100.000 (99.869)
Epoch: [79][260/391], lr: 0.01000	Loss 0.4009 (0.2647)	Prec@1 87.500 (91.331)	Prec@5 99.219 (99.868)
Epoch: [79][270/391], lr: 0.01000	Loss 0.2720 (0.2659)	Prec@1 92.969 (91.302)	Prec@5 100.000 (99.865)
Epoch: [79][280/391], lr: 0.01000	Loss 0.2406 (0.2672)	Prec@1 92.969 (91.259)	Prec@5 100.000 (99.867)
Epoch: [79][290/391], lr: 0.01000	Loss 0.3658 (0.2693)	Prec@1 88.281 (91.205)	Prec@5 99.219 (99.860)
Epoch: [79][300/391], lr: 0.01000	Loss 0.2551 (0.2712)	Prec@1 90.625 (91.129)	Prec@5 100.000 (99.857)
Epoch: [79][310/391], lr: 0.01000	Loss 0.4186 (0.2745)	Prec@1 86.719 (91.024)	Prec@5 99.219 (99.852)
Epoch: [79][320/391], lr: 0.01000	Loss 0.4103 (0.2760)	Prec@1 85.156 (90.973)	Prec@5 99.219 (99.847)
Epoch: [79][330/391], lr: 0.01000	Loss 0.4540 (0.2792)	Prec@1 85.938 (90.887)	Prec@5 100.000 (99.849)
Epoch: [79][340/391], lr: 0.01000	Loss 0.3891 (0.2804)	Prec@1 88.281 (90.850)	Prec@5 99.219 (99.849)
Epoch: [79][350/391], lr: 0.01000	Loss 0.4626 (0.2824)	Prec@1 86.719 (90.783)	Prec@5 100.000 (99.851)
Epoch: [79][360/391], lr: 0.01000	Loss 0.2708 (0.2827)	Prec@1 92.188 (90.768)	Prec@5 100.000 (99.849)
Epoch: [79][370/391], lr: 0.01000	Loss 0.3080 (0.2838)	Prec@1 86.719 (90.718)	Prec@5 100.000 (99.853)
Epoch: [79][380/391], lr: 0.01000	Loss 0.4668 (0.2843)	Prec@1 88.281 (90.697)	Prec@5 99.219 (99.850)
Epoch: [79][390/391], lr: 0.01000	Loss 0.4660 (0.2857)	Prec@1 86.250 (90.634)	Prec@5 98.750 (99.846)
Epoch [79] Training Results: Prec@1 90.634 Prec@5 99.846             Loss 0.28566
Epoch [79] Training Class Recall: [0.813,0.883,0.847,0.880,0.910,0.926,0.944,0.944,0.955,0.962]

Epoch: [80][0/391], lr: 0.01000	Loss 0.1405 (0.1405)	Prec@1 93.750 (93.750)	Prec@5 100.000 (100.000)
Epoch: [80][10/391], lr: 0.01000	Loss 0.3319 (0.2593)	Prec@1 84.375 (90.767)	Prec@5 100.000 (99.929)
Epoch: [80][20/391], lr: 0.01000	Loss 0.5018 (0.2918)	Prec@1 83.594 (89.918)	Prec@5 100.000 (99.814)
Epoch: [80][30/391], lr: 0.01000	Loss 0.3874 (0.2853)	Prec@1 89.062 (90.247)	Prec@5 99.219 (99.798)
Epoch: [80][40/391], lr: 0.01000	Loss 0.3546 (0.2954)	Prec@1 85.938 (89.882)	Prec@5 100.000 (99.771)
Epoch: [80][50/391], lr: 0.01000	Loss 0.2725 (0.2926)	Prec@1 88.281 (89.920)	Prec@5 99.219 (99.770)
Epoch: [80][60/391], lr: 0.01000	Loss 0.2668 (0.2953)	Prec@1 91.406 (89.908)	Prec@5 99.219 (99.795)
Epoch: [80][70/391], lr: 0.01000	Loss 0.2660 (0.2994)	Prec@1 88.281 (89.734)	Prec@5 100.000 (99.769)
Epoch: [80][80/391], lr: 0.01000	Loss 0.2580 (0.3039)	Prec@1 92.188 (89.651)	Prec@5 99.219 (99.749)
Epoch: [80][90/391], lr: 0.01000	Loss 0.2099 (0.3046)	Prec@1 96.875 (89.655)	Prec@5 100.000 (99.760)
Epoch: [80][100/391], lr: 0.01000	Loss 0.2181 (0.3061)	Prec@1 94.531 (89.604)	Prec@5 100.000 (99.768)
Epoch: [80][110/391], lr: 0.01000	Loss 0.2989 (0.3035)	Prec@1 90.625 (89.745)	Prec@5 100.000 (99.768)
Epoch: [80][120/391], lr: 0.01000	Loss 0.3309 (0.3034)	Prec@1 86.719 (89.728)	Prec@5 99.219 (99.761)
Epoch: [80][130/391], lr: 0.01000	Loss 0.4332 (0.3022)	Prec@1 85.938 (89.766)	Prec@5 100.000 (99.767)
Epoch: [80][140/391], lr: 0.01000	Loss 0.3704 (0.3024)	Prec@1 88.281 (89.788)	Prec@5 99.219 (99.767)
Epoch: [80][150/391], lr: 0.01000	Loss 0.2346 (0.3004)	Prec@1 92.188 (89.859)	Prec@5 100.000 (99.767)
Epoch: [80][160/391], lr: 0.01000	Loss 0.2565 (0.2971)	Prec@1 92.188 (89.965)	Prec@5 100.000 (99.762)
Epoch: [80][170/391], lr: 0.01000	Loss 0.2253 (0.2947)	Prec@1 91.406 (90.054)	Prec@5 100.000 (99.762)
Epoch: [80][180/391], lr: 0.01000	Loss 0.2063 (0.2938)	Prec@1 91.406 (90.047)	Prec@5 100.000 (99.776)
Epoch: [80][190/391], lr: 0.01000	Loss 0.2709 (0.2927)	Prec@1 93.750 (90.085)	Prec@5 100.000 (99.787)
Epoch: [80][200/391], lr: 0.01000	Loss 0.2288 (0.2935)	Prec@1 92.188 (90.054)	Prec@5 100.000 (99.790)
Epoch: [80][210/391], lr: 0.01000	Loss 0.3095 (0.2933)	Prec@1 86.719 (90.059)	Prec@5 100.000 (99.796)
Epoch: [80][220/391], lr: 0.01000	Loss 0.3617 (0.2936)	Prec@1 85.938 (90.031)	Prec@5 100.000 (99.791)
Epoch: [80][230/391], lr: 0.01000	Loss 0.2531 (0.2952)	Prec@1 89.062 (89.945)	Prec@5 100.000 (99.797)
Epoch: [80][240/391], lr: 0.01000	Loss 0.3601 (0.2971)	Prec@1 85.938 (89.850)	Prec@5 100.000 (99.796)
Epoch: [80][250/391], lr: 0.01000	Loss 0.3109 (0.2975)	Prec@1 87.500 (89.828)	Prec@5 99.219 (99.795)
Epoch: [80][260/391], lr: 0.01000	Loss 0.2611 (0.2989)	Prec@1 92.969 (89.793)	Prec@5 100.000 (99.793)
Epoch: [80][270/391], lr: 0.01000	Loss 0.3057 (0.2993)	Prec@1 87.500 (89.792)	Prec@5 100.000 (99.792)
Epoch: [80][280/391], lr: 0.01000	Loss 0.2750 (0.2984)	Prec@1 92.188 (89.844)	Prec@5 100.000 (99.800)
Epoch: [80][290/391], lr: 0.01000	Loss 0.3725 (0.2991)	Prec@1 89.062 (89.849)	Prec@5 99.219 (99.801)
Epoch: [80][300/391], lr: 0.01000	Loss 0.6088 (0.3002)	Prec@1 82.812 (89.854)	Prec@5 99.219 (99.805)
Epoch: [80][310/391], lr: 0.01000	Loss 0.2175 (0.3006)	Prec@1 91.406 (89.851)	Prec@5 100.000 (99.799)
Epoch: [80][320/391], lr: 0.01000	Loss 0.3165 (0.3007)	Prec@1 90.625 (89.871)	Prec@5 100.000 (99.803)
Epoch: [80][330/391], lr: 0.01000	Loss 0.4152 (0.3008)	Prec@1 87.500 (89.877)	Prec@5 100.000 (99.806)
Epoch: [80][340/391], lr: 0.01000	Loss 0.2085 (0.3001)	Prec@1 93.750 (89.915)	Prec@5 99.219 (99.808)
Epoch: [80][350/391], lr: 0.01000	Loss 0.1727 (0.2990)	Prec@1 95.312 (89.964)	Prec@5 100.000 (99.809)
Epoch: [80][360/391], lr: 0.01000	Loss 0.1757 (0.2983)	Prec@1 92.969 (89.978)	Prec@5 100.000 (99.807)
Epoch: [80][370/391], lr: 0.01000	Loss 0.2440 (0.2980)	Prec@1 91.406 (90.006)	Prec@5 100.000 (99.810)
Epoch: [80][380/391], lr: 0.01000	Loss 0.4292 (0.2977)	Prec@1 86.719 (89.998)	Prec@5 100.000 (99.809)
Epoch: [80][390/391], lr: 0.01000	Loss 0.1616 (0.2976)	Prec@1 97.500 (90.014)	Prec@5 100.000 (99.812)
Epoch [80] Training Results: Prec@1 90.014 Prec@5 99.812             Loss 0.29762
Epoch [80] Training Class Recall: [0.818,0.865,0.838,0.873,0.905,0.917,0.941,0.940,0.952,0.953]

Epoch: [81][0/391], lr: 0.01000	Loss 0.3407 (0.3407)	Prec@1 89.062 (89.062)	Prec@5 99.219 (99.219)
Epoch: [81][10/391], lr: 0.01000	Loss 0.2971 (0.2741)	Prec@1 91.406 (91.335)	Prec@5 100.000 (99.787)
Epoch: [81][20/391], lr: 0.01000	Loss 0.2649 (0.2765)	Prec@1 89.062 (91.109)	Prec@5 100.000 (99.740)
Epoch: [81][30/391], lr: 0.01000	Loss 0.4190 (0.2739)	Prec@1 87.500 (91.154)	Prec@5 99.219 (99.698)
Epoch: [81][40/391], lr: 0.01000	Loss 0.2817 (0.2712)	Prec@1 92.188 (91.235)	Prec@5 100.000 (99.752)
Epoch: [81][50/391], lr: 0.01000	Loss 0.2251 (0.2687)	Prec@1 92.969 (91.299)	Prec@5 100.000 (99.786)
Epoch: [81][60/391], lr: 0.01000	Loss 0.3444 (0.2684)	Prec@1 88.281 (91.329)	Prec@5 99.219 (99.795)
Epoch: [81][70/391], lr: 0.01000	Loss 0.2549 (0.2656)	Prec@1 92.188 (91.406)	Prec@5 100.000 (99.824)
Epoch: [81][80/391], lr: 0.01000	Loss 0.1503 (0.2611)	Prec@1 94.531 (91.638)	Prec@5 100.000 (99.846)
Epoch: [81][90/391], lr: 0.01000	Loss 0.3374 (0.2647)	Prec@1 85.938 (91.441)	Prec@5 100.000 (99.854)
Epoch: [81][100/391], lr: 0.01000	Loss 0.2692 (0.2640)	Prec@1 92.969 (91.414)	Prec@5 99.219 (99.853)
Epoch: [81][110/391], lr: 0.01000	Loss 0.3509 (0.2679)	Prec@1 89.844 (91.280)	Prec@5 99.219 (99.845)
Epoch: [81][120/391], lr: 0.01000	Loss 0.1459 (0.2668)	Prec@1 95.312 (91.290)	Prec@5 100.000 (99.858)
Epoch: [81][130/391], lr: 0.01000	Loss 0.2324 (0.2662)	Prec@1 90.625 (91.245)	Prec@5 100.000 (99.869)
Epoch: [81][140/391], lr: 0.01000	Loss 0.1770 (0.2634)	Prec@1 93.750 (91.290)	Prec@5 100.000 (99.878)
Epoch: [81][150/391], lr: 0.01000	Loss 0.1693 (0.2634)	Prec@1 96.094 (91.375)	Prec@5 100.000 (99.860)
Epoch: [81][160/391], lr: 0.01000	Loss 0.2538 (0.2624)	Prec@1 91.406 (91.406)	Prec@5 100.000 (99.864)
Epoch: [81][170/391], lr: 0.01000	Loss 0.3772 (0.2648)	Prec@1 84.375 (91.274)	Prec@5 99.219 (99.868)
Epoch: [81][180/391], lr: 0.01000	Loss 0.2458 (0.2658)	Prec@1 92.969 (91.264)	Prec@5 100.000 (99.871)
Epoch: [81][190/391], lr: 0.01000	Loss 0.3086 (0.2655)	Prec@1 91.406 (91.239)	Prec@5 99.219 (99.869)
Epoch: [81][200/391], lr: 0.01000	Loss 0.3368 (0.2684)	Prec@1 89.062 (91.185)	Prec@5 100.000 (99.852)
Epoch: [81][210/391], lr: 0.01000	Loss 0.3306 (0.2725)	Prec@1 87.500 (91.043)	Prec@5 99.219 (99.841)
Epoch: [81][220/391], lr: 0.01000	Loss 0.3810 (0.2739)	Prec@1 85.938 (91.010)	Prec@5 100.000 (99.837)
Epoch: [81][230/391], lr: 0.01000	Loss 0.3942 (0.2760)	Prec@1 87.500 (90.940)	Prec@5 100.000 (99.828)
Epoch: [81][240/391], lr: 0.01000	Loss 0.3583 (0.2779)	Prec@1 87.500 (90.888)	Prec@5 99.219 (99.828)
Epoch: [81][250/391], lr: 0.01000	Loss 0.3091 (0.2786)	Prec@1 90.625 (90.871)	Prec@5 100.000 (99.826)
Epoch: [81][260/391], lr: 0.01000	Loss 0.5638 (0.2816)	Prec@1 80.469 (90.769)	Prec@5 99.219 (99.820)
Epoch: [81][270/391], lr: 0.01000	Loss 0.3233 (0.2842)	Prec@1 89.062 (90.680)	Prec@5 100.000 (99.818)
Epoch: [81][280/391], lr: 0.01000	Loss 0.1959 (0.2852)	Prec@1 95.312 (90.653)	Prec@5 99.219 (99.817)
Epoch: [81][290/391], lr: 0.01000	Loss 0.3841 (0.2861)	Prec@1 88.281 (90.620)	Prec@5 99.219 (99.817)
Epoch: [81][300/391], lr: 0.01000	Loss 0.3304 (0.2880)	Prec@1 88.281 (90.526)	Prec@5 100.000 (99.818)
Epoch: [81][310/391], lr: 0.01000	Loss 0.3737 (0.2888)	Prec@1 87.500 (90.497)	Prec@5 100.000 (99.814)
Epoch: [81][320/391], lr: 0.01000	Loss 0.3126 (0.2912)	Prec@1 88.281 (90.411)	Prec@5 100.000 (99.815)
Epoch: [81][330/391], lr: 0.01000	Loss 0.4561 (0.2927)	Prec@1 77.344 (90.318)	Prec@5 100.000 (99.818)
Epoch: [81][340/391], lr: 0.01000	Loss 0.2636 (0.2950)	Prec@1 91.406 (90.240)	Prec@5 100.000 (99.817)
Epoch: [81][350/391], lr: 0.01000	Loss 0.4685 (0.2967)	Prec@1 82.031 (90.169)	Prec@5 100.000 (99.817)
Epoch: [81][360/391], lr: 0.01000	Loss 0.3356 (0.2976)	Prec@1 89.844 (90.106)	Prec@5 100.000 (99.816)
Epoch: [81][370/391], lr: 0.01000	Loss 0.3073 (0.2978)	Prec@1 86.719 (90.080)	Prec@5 100.000 (99.815)
Epoch: [81][380/391], lr: 0.01000	Loss 0.2141 (0.2978)	Prec@1 96.094 (90.092)	Prec@5 100.000 (99.820)
Epoch: [81][390/391], lr: 0.01000	Loss 0.3022 (0.2978)	Prec@1 91.250 (90.102)	Prec@5 100.000 (99.816)
Epoch [81] Training Results: Prec@1 90.102 Prec@5 99.816             Loss 0.29779
Epoch [81] Training Class Recall: [0.808,0.875,0.834,0.874,0.904,0.918,0.943,0.944,0.956,0.955]

Epoch: [82][0/391], lr: 0.01000	Loss 0.2337 (0.2337)	Prec@1 92.188 (92.188)	Prec@5 100.000 (100.000)
Epoch: [82][10/391], lr: 0.01000	Loss 0.3555 (0.2994)	Prec@1 89.844 (89.986)	Prec@5 99.219 (99.787)
Epoch: [82][20/391], lr: 0.01000	Loss 0.2581 (0.2706)	Prec@1 90.625 (91.257)	Prec@5 100.000 (99.851)
Epoch: [82][30/391], lr: 0.01000	Loss 0.2458 (0.2490)	Prec@1 89.844 (91.961)	Prec@5 100.000 (99.874)
Epoch: [82][40/391], lr: 0.01000	Loss 0.2052 (0.2466)	Prec@1 93.750 (92.168)	Prec@5 100.000 (99.848)
Epoch: [82][50/391], lr: 0.01000	Loss 0.2497 (0.2550)	Prec@1 92.188 (91.820)	Prec@5 99.219 (99.801)
Epoch: [82][60/391], lr: 0.01000	Loss 0.2415 (0.2485)	Prec@1 94.531 (92.034)	Prec@5 100.000 (99.808)
Epoch: [82][70/391], lr: 0.01000	Loss 0.2426 (0.2464)	Prec@1 95.312 (92.154)	Prec@5 100.000 (99.824)
Epoch: [82][80/391], lr: 0.01000	Loss 0.2224 (0.2432)	Prec@1 91.406 (92.226)	Prec@5 100.000 (99.846)
Epoch: [82][90/391], lr: 0.01000	Loss 0.2201 (0.2420)	Prec@1 93.750 (92.213)	Prec@5 100.000 (99.854)
Epoch: [82][100/391], lr: 0.01000	Loss 0.2951 (0.2448)	Prec@1 91.406 (91.994)	Prec@5 99.219 (99.853)
Epoch: [82][110/391], lr: 0.01000	Loss 0.1720 (0.2478)	Prec@1 94.531 (91.892)	Prec@5 100.000 (99.859)
Epoch: [82][120/391], lr: 0.01000	Loss 0.1872 (0.2471)	Prec@1 92.969 (91.884)	Prec@5 100.000 (99.864)
Epoch: [82][130/391], lr: 0.01000	Loss 0.2668 (0.2507)	Prec@1 90.625 (91.812)	Prec@5 100.000 (99.863)
Epoch: [82][140/391], lr: 0.01000	Loss 0.1898 (0.2530)	Prec@1 93.750 (91.722)	Prec@5 100.000 (99.861)
Epoch: [82][150/391], lr: 0.01000	Loss 0.2788 (0.2556)	Prec@1 92.188 (91.691)	Prec@5 100.000 (99.860)
Epoch: [82][160/391], lr: 0.01000	Loss 0.2272 (0.2552)	Prec@1 92.188 (91.717)	Prec@5 100.000 (99.864)
Epoch: [82][170/391], lr: 0.01000	Loss 0.2417 (0.2550)	Prec@1 89.062 (91.690)	Prec@5 100.000 (99.863)
Epoch: [82][180/391], lr: 0.01000	Loss 0.2435 (0.2558)	Prec@1 91.406 (91.652)	Prec@5 100.000 (99.866)
Epoch: [82][190/391], lr: 0.01000	Loss 0.3248 (0.2547)	Prec@1 89.062 (91.705)	Prec@5 100.000 (99.869)
Epoch: [82][200/391], lr: 0.01000	Loss 0.3863 (0.2568)	Prec@1 85.938 (91.671)	Prec@5 100.000 (99.860)
Epoch: [82][210/391], lr: 0.01000	Loss 0.2285 (0.2542)	Prec@1 92.188 (91.739)	Prec@5 100.000 (99.867)
Epoch: [82][220/391], lr: 0.01000	Loss 0.2101 (0.2543)	Prec@1 92.188 (91.746)	Prec@5 100.000 (99.869)
Epoch: [82][230/391], lr: 0.01000	Loss 0.2338 (0.2547)	Prec@1 92.188 (91.707)	Prec@5 100.000 (99.875)
Epoch: [82][240/391], lr: 0.01000	Loss 0.2165 (0.2547)	Prec@1 92.969 (91.692)	Prec@5 100.000 (99.874)
Epoch: [82][250/391], lr: 0.01000	Loss 0.2863 (0.2535)	Prec@1 93.750 (91.730)	Prec@5 100.000 (99.872)
Epoch: [82][260/391], lr: 0.01000	Loss 0.1561 (0.2530)	Prec@1 94.531 (91.759)	Prec@5 100.000 (99.874)
Epoch: [82][270/391], lr: 0.01000	Loss 0.2693 (0.2538)	Prec@1 92.969 (91.712)	Prec@5 100.000 (99.876)
Epoch: [82][280/391], lr: 0.01000	Loss 0.2893 (0.2555)	Prec@1 88.281 (91.640)	Prec@5 100.000 (99.872)
Epoch: [82][290/391], lr: 0.01000	Loss 0.2725 (0.2571)	Prec@1 91.406 (91.589)	Prec@5 100.000 (99.871)
Epoch: [82][300/391], lr: 0.01000	Loss 0.3419 (0.2593)	Prec@1 89.844 (91.507)	Prec@5 98.438 (99.870)
Epoch: [82][310/391], lr: 0.01000	Loss 0.3843 (0.2609)	Prec@1 86.719 (91.449)	Prec@5 100.000 (99.867)
Epoch: [82][320/391], lr: 0.01000	Loss 0.3420 (0.2629)	Prec@1 87.500 (91.372)	Prec@5 100.000 (99.866)
Epoch: [82][330/391], lr: 0.01000	Loss 0.2690 (0.2648)	Prec@1 89.844 (91.281)	Prec@5 100.000 (99.868)
Epoch: [82][340/391], lr: 0.01000	Loss 0.2588 (0.2663)	Prec@1 92.969 (91.214)	Prec@5 99.219 (99.858)
Epoch: [82][350/391], lr: 0.01000	Loss 0.4271 (0.2689)	Prec@1 87.500 (91.137)	Prec@5 100.000 (99.853)
Epoch: [82][360/391], lr: 0.01000	Loss 0.3288 (0.2712)	Prec@1 88.281 (91.053)	Prec@5 100.000 (99.846)
Epoch: [82][370/391], lr: 0.01000	Loss 0.4211 (0.2730)	Prec@1 85.938 (90.989)	Prec@5 100.000 (99.842)
Epoch: [82][380/391], lr: 0.01000	Loss 0.3322 (0.2750)	Prec@1 87.500 (90.896)	Prec@5 100.000 (99.842)
Epoch: [82][390/391], lr: 0.01000	Loss 0.2834 (0.2772)	Prec@1 91.250 (90.822)	Prec@5 100.000 (99.832)
Epoch [82] Training Results: Prec@1 90.822 Prec@5 99.832             Loss 0.27722
Epoch [82] Training Class Recall: [0.822,0.881,0.843,0.888,0.914,0.927,0.943,0.946,0.959,0.960]

Epoch: [83][0/391], lr: 0.01000	Loss 0.3376 (0.3376)	Prec@1 90.625 (90.625)	Prec@5 99.219 (99.219)
Epoch: [83][10/391], lr: 0.01000	Loss 0.2560 (0.3515)	Prec@1 90.625 (88.920)	Prec@5 100.000 (99.716)
Epoch: [83][20/391], lr: 0.01000	Loss 0.2810 (0.3344)	Prec@1 89.062 (89.100)	Prec@5 100.000 (99.665)
Epoch: [83][30/391], lr: 0.01000	Loss 0.1995 (0.3127)	Prec@1 96.094 (90.197)	Prec@5 100.000 (99.748)
Epoch: [83][40/391], lr: 0.01000	Loss 0.3897 (0.3043)	Prec@1 89.844 (90.473)	Prec@5 99.219 (99.733)
Epoch: [83][50/391], lr: 0.01000	Loss 0.2921 (0.2899)	Prec@1 91.406 (91.023)	Prec@5 100.000 (99.770)
Epoch: [83][60/391], lr: 0.01000	Loss 0.1785 (0.2831)	Prec@1 96.094 (91.253)	Prec@5 100.000 (99.782)
Epoch: [83][70/391], lr: 0.01000	Loss 0.2488 (0.2797)	Prec@1 92.969 (91.362)	Prec@5 100.000 (99.813)
Epoch: [83][80/391], lr: 0.01000	Loss 0.3431 (0.2829)	Prec@1 85.938 (91.194)	Prec@5 100.000 (99.807)
Epoch: [83][90/391], lr: 0.01000	Loss 0.3856 (0.2866)	Prec@1 85.938 (91.037)	Prec@5 100.000 (99.811)
Epoch: [83][100/391], lr: 0.01000	Loss 0.1498 (0.2878)	Prec@1 95.312 (90.919)	Prec@5 100.000 (99.799)
Epoch: [83][110/391], lr: 0.01000	Loss 0.2126 (0.2878)	Prec@1 92.188 (90.885)	Prec@5 100.000 (99.796)
Epoch: [83][120/391], lr: 0.01000	Loss 0.1585 (0.2854)	Prec@1 93.750 (90.877)	Prec@5 100.000 (99.800)
Epoch: [83][130/391], lr: 0.01000	Loss 0.3516 (0.2872)	Prec@1 90.625 (90.846)	Prec@5 100.000 (99.809)
Epoch: [83][140/391], lr: 0.01000	Loss 0.1289 (0.2868)	Prec@1 96.875 (90.808)	Prec@5 100.000 (99.817)
Epoch: [83][150/391], lr: 0.01000	Loss 0.2818 (0.2869)	Prec@1 89.844 (90.760)	Prec@5 99.219 (99.819)
Epoch: [83][160/391], lr: 0.01000	Loss 0.3556 (0.2867)	Prec@1 89.844 (90.741)	Prec@5 100.000 (99.820)
Epoch: [83][170/391], lr: 0.01000	Loss 0.2584 (0.2857)	Prec@1 92.188 (90.735)	Prec@5 100.000 (99.808)
Epoch: [83][180/391], lr: 0.01000	Loss 0.2414 (0.2875)	Prec@1 90.625 (90.647)	Prec@5 100.000 (99.814)
Epoch: [83][190/391], lr: 0.01000	Loss 0.1937 (0.2866)	Prec@1 92.969 (90.678)	Prec@5 100.000 (99.824)
Epoch: [83][200/391], lr: 0.01000	Loss 0.3635 (0.2866)	Prec@1 86.719 (90.687)	Prec@5 100.000 (99.829)
Epoch: [83][210/391], lr: 0.01000	Loss 0.2629 (0.2857)	Prec@1 92.188 (90.681)	Prec@5 100.000 (99.837)
Epoch: [83][220/391], lr: 0.01000	Loss 0.1529 (0.2842)	Prec@1 92.969 (90.692)	Prec@5 100.000 (99.841)
Epoch: [83][230/391], lr: 0.01000	Loss 0.3088 (0.2837)	Prec@1 89.062 (90.699)	Prec@5 100.000 (99.834)
Epoch: [83][240/391], lr: 0.01000	Loss 0.3999 (0.2854)	Prec@1 83.594 (90.641)	Prec@5 99.219 (99.828)
Epoch: [83][250/391], lr: 0.01000	Loss 0.2756 (0.2872)	Prec@1 91.406 (90.566)	Prec@5 99.219 (99.823)
Epoch: [83][260/391], lr: 0.01000	Loss 0.1963 (0.2872)	Prec@1 92.188 (90.553)	Prec@5 100.000 (99.823)
Epoch: [83][270/391], lr: 0.01000	Loss 0.2751 (0.2862)	Prec@1 89.062 (90.579)	Prec@5 98.438 (99.818)
Epoch: [83][280/391], lr: 0.01000	Loss 0.2544 (0.2859)	Prec@1 91.406 (90.597)	Prec@5 99.219 (99.811)
Epoch: [83][290/391], lr: 0.01000	Loss 0.1976 (0.2852)	Prec@1 92.969 (90.598)	Prec@5 100.000 (99.809)
Epoch: [83][300/391], lr: 0.01000	Loss 0.2668 (0.2848)	Prec@1 92.188 (90.599)	Prec@5 99.219 (99.811)
Epoch: [83][310/391], lr: 0.01000	Loss 0.1814 (0.2838)	Prec@1 94.531 (90.622)	Prec@5 100.000 (99.817)
Epoch: [83][320/391], lr: 0.01000	Loss 0.3379 (0.2837)	Prec@1 87.500 (90.632)	Prec@5 100.000 (99.817)
Epoch: [83][330/391], lr: 0.01000	Loss 0.3104 (0.2832)	Prec@1 89.062 (90.632)	Prec@5 100.000 (99.823)
Epoch: [83][340/391], lr: 0.01000	Loss 0.3670 (0.2838)	Prec@1 92.188 (90.616)	Prec@5 99.219 (99.819)
Epoch: [83][350/391], lr: 0.01000	Loss 0.2420 (0.2841)	Prec@1 90.625 (90.601)	Prec@5 100.000 (99.817)
Epoch: [83][360/391], lr: 0.01000	Loss 0.4700 (0.2853)	Prec@1 82.812 (90.560)	Prec@5 99.219 (99.814)
Epoch: [83][370/391], lr: 0.01000	Loss 0.3168 (0.2866)	Prec@1 90.625 (90.534)	Prec@5 99.219 (99.817)
Epoch: [83][380/391], lr: 0.01000	Loss 0.2735 (0.2874)	Prec@1 91.406 (90.514)	Prec@5 100.000 (99.818)
Epoch: [83][390/391], lr: 0.01000	Loss 0.1347 (0.2859)	Prec@1 95.000 (90.566)	Prec@5 100.000 (99.822)
Epoch [83] Training Results: Prec@1 90.566 Prec@5 99.822             Loss 0.28587
Epoch [83] Training Class Recall: [0.823,0.882,0.843,0.874,0.910,0.923,0.941,0.947,0.959,0.956]

Epoch: [84][0/391], lr: 0.01000	Loss 0.1528 (0.1528)	Prec@1 95.312 (95.312)	Prec@5 100.000 (100.000)
Epoch: [84][10/391], lr: 0.01000	Loss 0.2213 (0.2241)	Prec@1 93.750 (92.259)	Prec@5 100.000 (99.929)
Epoch: [84][20/391], lr: 0.01000	Loss 0.2377 (0.2275)	Prec@1 94.531 (92.411)	Prec@5 100.000 (99.888)
Epoch: [84][30/391], lr: 0.01000	Loss 0.3347 (0.2432)	Prec@1 92.188 (92.061)	Prec@5 98.438 (99.824)
Epoch: [84][40/391], lr: 0.01000	Loss 0.2457 (0.2469)	Prec@1 92.969 (91.902)	Prec@5 100.000 (99.848)
Epoch: [84][50/391], lr: 0.01000	Loss 0.2929 (0.2526)	Prec@1 89.062 (91.759)	Prec@5 100.000 (99.831)
Epoch: [84][60/391], lr: 0.01000	Loss 0.2767 (0.2583)	Prec@1 90.625 (91.457)	Prec@5 100.000 (99.846)
Epoch: [84][70/391], lr: 0.01000	Loss 0.2734 (0.2669)	Prec@1 88.281 (91.153)	Prec@5 100.000 (99.857)
Epoch: [84][80/391], lr: 0.01000	Loss 0.1932 (0.2651)	Prec@1 95.312 (91.165)	Prec@5 100.000 (99.846)
Epoch: [84][90/391], lr: 0.01000	Loss 0.2176 (0.2666)	Prec@1 91.406 (91.140)	Prec@5 100.000 (99.828)
Epoch: [84][100/391], lr: 0.01000	Loss 0.2017 (0.2646)	Prec@1 90.625 (91.128)	Prec@5 100.000 (99.830)
Epoch: [84][110/391], lr: 0.01000	Loss 0.2964 (0.2688)	Prec@1 89.062 (90.984)	Prec@5 99.219 (99.803)
Epoch: [84][120/391], lr: 0.01000	Loss 0.2497 (0.2717)	Prec@1 91.406 (90.896)	Prec@5 100.000 (99.800)
Epoch: [84][130/391], lr: 0.01000	Loss 0.3222 (0.2743)	Prec@1 85.938 (90.756)	Prec@5 100.000 (99.803)
Epoch: [84][140/391], lr: 0.01000	Loss 0.2818 (0.2749)	Prec@1 90.625 (90.752)	Prec@5 100.000 (99.806)
Epoch: [84][150/391], lr: 0.01000	Loss 0.3121 (0.2772)	Prec@1 89.062 (90.656)	Prec@5 100.000 (99.803)
Epoch: [84][160/391], lr: 0.01000	Loss 0.2545 (0.2747)	Prec@1 91.406 (90.746)	Prec@5 100.000 (99.811)
Epoch: [84][170/391], lr: 0.01000	Loss 0.2219 (0.2754)	Prec@1 94.531 (90.675)	Prec@5 100.000 (99.822)
Epoch: [84][180/391], lr: 0.01000	Loss 0.2252 (0.2759)	Prec@1 91.406 (90.668)	Prec@5 100.000 (99.819)
Epoch: [84][190/391], lr: 0.01000	Loss 0.2243 (0.2767)	Prec@1 93.750 (90.686)	Prec@5 100.000 (99.824)
Epoch: [84][200/391], lr: 0.01000	Loss 0.2193 (0.2781)	Prec@1 94.531 (90.691)	Prec@5 100.000 (99.825)
Epoch: [84][210/391], lr: 0.01000	Loss 0.3317 (0.2776)	Prec@1 85.156 (90.740)	Prec@5 100.000 (99.822)
Epoch: [84][220/391], lr: 0.01000	Loss 0.4411 (0.2785)	Prec@1 84.375 (90.738)	Prec@5 100.000 (99.820)
Epoch: [84][230/391], lr: 0.01000	Loss 0.3657 (0.2801)	Prec@1 87.500 (90.689)	Prec@5 100.000 (99.821)
Epoch: [84][240/391], lr: 0.01000	Loss 0.2312 (0.2801)	Prec@1 94.531 (90.687)	Prec@5 100.000 (99.825)
Epoch: [84][250/391], lr: 0.01000	Loss 0.2259 (0.2811)	Prec@1 91.406 (90.662)	Prec@5 100.000 (99.832)
Epoch: [84][260/391], lr: 0.01000	Loss 0.3203 (0.2838)	Prec@1 89.062 (90.568)	Prec@5 99.219 (99.826)
Epoch: [84][270/391], lr: 0.01000	Loss 0.4754 (0.2866)	Prec@1 85.938 (90.464)	Prec@5 100.000 (99.830)
Epoch: [84][280/391], lr: 0.01000	Loss 0.4165 (0.2881)	Prec@1 86.719 (90.422)	Prec@5 99.219 (99.825)
Epoch: [84][290/391], lr: 0.01000	Loss 0.3847 (0.2887)	Prec@1 87.500 (90.373)	Prec@5 100.000 (99.828)
Epoch: [84][300/391], lr: 0.01000	Loss 0.2724 (0.2904)	Prec@1 90.625 (90.298)	Prec@5 99.219 (99.824)
Epoch: [84][310/391], lr: 0.01000	Loss 0.4349 (0.2916)	Prec@1 86.719 (90.258)	Prec@5 99.219 (99.814)
Epoch: [84][320/391], lr: 0.01000	Loss 0.3525 (0.2922)	Prec@1 91.406 (90.257)	Prec@5 99.219 (99.813)
Epoch: [84][330/391], lr: 0.01000	Loss 0.3176 (0.2930)	Prec@1 91.406 (90.243)	Prec@5 99.219 (99.811)
Epoch: [84][340/391], lr: 0.01000	Loss 0.4980 (0.2937)	Prec@1 86.719 (90.226)	Prec@5 98.438 (99.810)
Epoch: [84][350/391], lr: 0.01000	Loss 0.4240 (0.2947)	Prec@1 86.719 (90.209)	Prec@5 98.438 (99.804)
Epoch: [84][360/391], lr: 0.01000	Loss 0.2778 (0.2950)	Prec@1 92.969 (90.186)	Prec@5 100.000 (99.801)
Epoch: [84][370/391], lr: 0.01000	Loss 0.3553 (0.2951)	Prec@1 87.500 (90.176)	Prec@5 99.219 (99.800)
Epoch: [84][380/391], lr: 0.01000	Loss 0.3805 (0.2956)	Prec@1 85.938 (90.145)	Prec@5 100.000 (99.805)
Epoch: [84][390/391], lr: 0.01000	Loss 0.3119 (0.2947)	Prec@1 90.000 (90.170)	Prec@5 100.000 (99.808)
Epoch [84] Training Results: Prec@1 90.170 Prec@5 99.808             Loss 0.29473
Epoch [84] Training Class Recall: [0.811,0.870,0.841,0.876,0.904,0.920,0.944,0.942,0.953,0.956]

Epoch: [85][0/391], lr: 0.01000	Loss 0.1893 (0.1893)	Prec@1 92.969 (92.969)	Prec@5 100.000 (100.000)
Epoch: [85][10/391], lr: 0.01000	Loss 0.1585 (0.2416)	Prec@1 96.094 (92.188)	Prec@5 100.000 (99.858)
Epoch: [85][20/391], lr: 0.01000	Loss 0.2354 (0.2573)	Prec@1 93.750 (91.555)	Prec@5 100.000 (99.888)
Epoch: [85][30/391], lr: 0.01000	Loss 0.2591 (0.2525)	Prec@1 89.844 (91.633)	Prec@5 100.000 (99.874)
Epoch: [85][40/391], lr: 0.01000	Loss 0.1962 (0.2541)	Prec@1 92.188 (91.559)	Prec@5 100.000 (99.867)
Epoch: [85][50/391], lr: 0.01000	Loss 0.2508 (0.2455)	Prec@1 90.625 (91.973)	Prec@5 100.000 (99.877)
Epoch: [85][60/391], lr: 0.01000	Loss 0.2766 (0.2485)	Prec@1 89.844 (91.970)	Prec@5 100.000 (99.872)
Epoch: [85][70/391], lr: 0.01000	Loss 0.2640 (0.2434)	Prec@1 91.406 (92.077)	Prec@5 100.000 (99.890)
Epoch: [85][80/391], lr: 0.01000	Loss 0.2725 (0.2440)	Prec@1 90.625 (92.004)	Prec@5 100.000 (99.884)
Epoch: [85][90/391], lr: 0.01000	Loss 0.2759 (0.2422)	Prec@1 87.500 (91.921)	Prec@5 100.000 (99.897)
Epoch: [85][100/391], lr: 0.01000	Loss 0.3244 (0.2435)	Prec@1 90.625 (91.901)	Prec@5 100.000 (99.899)
Epoch: [85][110/391], lr: 0.01000	Loss 0.2330 (0.2454)	Prec@1 93.750 (91.779)	Prec@5 99.219 (99.894)
Epoch: [85][120/391], lr: 0.01000	Loss 0.2711 (0.2473)	Prec@1 89.844 (91.684)	Prec@5 100.000 (99.903)
Epoch: [85][130/391], lr: 0.01000	Loss 0.2740 (0.2479)	Prec@1 89.844 (91.687)	Prec@5 100.000 (99.905)
Epoch: [85][140/391], lr: 0.01000	Loss 0.2957 (0.2479)	Prec@1 91.406 (91.728)	Prec@5 98.438 (99.895)
Epoch: [85][150/391], lr: 0.01000	Loss 0.2562 (0.2492)	Prec@1 91.406 (91.706)	Prec@5 100.000 (99.902)
Epoch: [85][160/391], lr: 0.01000	Loss 0.3938 (0.2506)	Prec@1 87.500 (91.668)	Prec@5 100.000 (99.903)
Epoch: [85][170/391], lr: 0.01000	Loss 0.2236 (0.2523)	Prec@1 92.188 (91.626)	Prec@5 100.000 (99.909)
Epoch: [85][180/391], lr: 0.01000	Loss 0.3364 (0.2541)	Prec@1 90.625 (91.596)	Prec@5 99.219 (99.901)
Epoch: [85][190/391], lr: 0.01000	Loss 0.3413 (0.2557)	Prec@1 86.719 (91.517)	Prec@5 100.000 (99.906)
Epoch: [85][200/391], lr: 0.01000	Loss 0.2621 (0.2561)	Prec@1 88.281 (91.511)	Prec@5 100.000 (99.907)
Epoch: [85][210/391], lr: 0.01000	Loss 0.2576 (0.2567)	Prec@1 92.969 (91.473)	Prec@5 99.219 (99.904)
Epoch: [85][220/391], lr: 0.01000	Loss 0.2494 (0.2571)	Prec@1 92.969 (91.456)	Prec@5 100.000 (99.908)
Epoch: [85][230/391], lr: 0.01000	Loss 0.3467 (0.2582)	Prec@1 89.844 (91.413)	Prec@5 99.219 (99.902)
Epoch: [85][240/391], lr: 0.01000	Loss 0.2494 (0.2585)	Prec@1 92.969 (91.435)	Prec@5 99.219 (99.896)
Epoch: [85][250/391], lr: 0.01000	Loss 0.3052 (0.2598)	Prec@1 89.844 (91.366)	Prec@5 100.000 (99.897)
Epoch: [85][260/391], lr: 0.01000	Loss 0.4067 (0.2620)	Prec@1 86.719 (91.334)	Prec@5 100.000 (99.886)
Epoch: [85][270/391], lr: 0.01000	Loss 0.3372 (0.2628)	Prec@1 86.719 (91.300)	Prec@5 100.000 (99.885)
Epoch: [85][280/391], lr: 0.01000	Loss 0.4124 (0.2631)	Prec@1 86.719 (91.287)	Prec@5 99.219 (99.883)
Epoch: [85][290/391], lr: 0.01000	Loss 0.3463 (0.2639)	Prec@1 90.625 (91.259)	Prec@5 99.219 (99.885)
Epoch: [85][300/391], lr: 0.01000	Loss 0.2581 (0.2647)	Prec@1 91.406 (91.238)	Prec@5 100.000 (99.888)
Epoch: [85][310/391], lr: 0.01000	Loss 0.3088 (0.2656)	Prec@1 88.281 (91.203)	Prec@5 100.000 (99.884)
Epoch: [85][320/391], lr: 0.01000	Loss 0.2422 (0.2671)	Prec@1 89.844 (91.151)	Prec@5 100.000 (99.881)
Epoch: [85][330/391], lr: 0.01000	Loss 0.2224 (0.2667)	Prec@1 91.406 (91.140)	Prec@5 100.000 (99.880)
Epoch: [85][340/391], lr: 0.01000	Loss 0.3934 (0.2681)	Prec@1 85.156 (91.079)	Prec@5 100.000 (99.879)
Epoch: [85][350/391], lr: 0.01000	Loss 0.3095 (0.2688)	Prec@1 90.625 (91.061)	Prec@5 100.000 (99.875)
Epoch: [85][360/391], lr: 0.01000	Loss 0.3529 (0.2704)	Prec@1 87.500 (91.015)	Prec@5 99.219 (99.872)
Epoch: [85][370/391], lr: 0.01000	Loss 0.2819 (0.2706)	Prec@1 90.625 (91.029)	Prec@5 100.000 (99.867)
Epoch: [85][380/391], lr: 0.01000	Loss 0.3726 (0.2718)	Prec@1 86.719 (90.976)	Prec@5 100.000 (99.869)
Epoch: [85][390/391], lr: 0.01000	Loss 0.3053 (0.2740)	Prec@1 91.250 (90.894)	Prec@5 100.000 (99.864)
Epoch [85] Training Results: Prec@1 90.894 Prec@5 99.864             Loss 0.27404
Epoch [85] Training Class Recall: [0.822,0.876,0.855,0.885,0.911,0.925,0.943,0.948,0.962,0.963]

Epoch: [86][0/391], lr: 0.01000	Loss 0.3346 (0.3346)	Prec@1 90.625 (90.625)	Prec@5 100.000 (100.000)
Epoch: [86][10/391], lr: 0.01000	Loss 0.4046 (0.3090)	Prec@1 85.156 (89.844)	Prec@5 100.000 (99.787)
Epoch: [86][20/391], lr: 0.01000	Loss 0.3697 (0.3171)	Prec@1 89.062 (89.062)	Prec@5 100.000 (99.702)
Epoch: [86][30/391], lr: 0.01000	Loss 0.2535 (0.3084)	Prec@1 93.750 (89.819)	Prec@5 100.000 (99.748)
Epoch: [86][40/391], lr: 0.01000	Loss 0.2656 (0.3084)	Prec@1 89.062 (89.672)	Prec@5 100.000 (99.771)
Epoch: [86][50/391], lr: 0.01000	Loss 0.2780 (0.3031)	Prec@1 89.062 (89.905)	Prec@5 100.000 (99.801)
Epoch: [86][60/391], lr: 0.01000	Loss 0.3152 (0.3014)	Prec@1 88.281 (89.933)	Prec@5 100.000 (99.821)
Epoch: [86][70/391], lr: 0.01000	Loss 0.1801 (0.2944)	Prec@1 94.531 (90.163)	Prec@5 100.000 (99.813)
Epoch: [86][80/391], lr: 0.01000	Loss 0.1717 (0.2885)	Prec@1 95.312 (90.384)	Prec@5 100.000 (99.817)
Epoch: [86][90/391], lr: 0.01000	Loss 0.3095 (0.2843)	Prec@1 88.281 (90.513)	Prec@5 100.000 (99.820)
Epoch: [86][100/391], lr: 0.01000	Loss 0.3226 (0.2809)	Prec@1 89.844 (90.602)	Prec@5 99.219 (99.814)
Epoch: [86][110/391], lr: 0.01000	Loss 0.2553 (0.2786)	Prec@1 92.188 (90.752)	Prec@5 100.000 (99.817)
Epoch: [86][120/391], lr: 0.01000	Loss 0.3304 (0.2792)	Prec@1 87.500 (90.651)	Prec@5 100.000 (99.826)
Epoch: [86][130/391], lr: 0.01000	Loss 0.2253 (0.2785)	Prec@1 95.312 (90.703)	Prec@5 100.000 (99.833)
Epoch: [86][140/391], lr: 0.01000	Loss 0.1936 (0.2786)	Prec@1 92.969 (90.725)	Prec@5 100.000 (99.812)
Epoch: [86][150/391], lr: 0.01000	Loss 0.2413 (0.2807)	Prec@1 90.625 (90.584)	Prec@5 100.000 (99.809)
Epoch: [86][160/391], lr: 0.01000	Loss 0.3255 (0.2793)	Prec@1 89.062 (90.591)	Prec@5 100.000 (99.811)
Epoch: [86][170/391], lr: 0.01000	Loss 0.3614 (0.2795)	Prec@1 86.719 (90.593)	Prec@5 99.219 (99.804)
Epoch: [86][180/391], lr: 0.01000	Loss 0.2815 (0.2790)	Prec@1 90.625 (90.629)	Prec@5 99.219 (99.810)
Epoch: [86][190/391], lr: 0.01000	Loss 0.3095 (0.2785)	Prec@1 88.281 (90.645)	Prec@5 100.000 (99.816)
Epoch: [86][200/391], lr: 0.01000	Loss 0.2251 (0.2765)	Prec@1 92.188 (90.703)	Prec@5 100.000 (99.825)
Epoch: [86][210/391], lr: 0.01000	Loss 0.2991 (0.2759)	Prec@1 89.062 (90.755)	Prec@5 99.219 (99.822)
Epoch: [86][220/391], lr: 0.01000	Loss 0.3896 (0.2775)	Prec@1 87.500 (90.738)	Prec@5 100.000 (99.820)
Epoch: [86][230/391], lr: 0.01000	Loss 0.3114 (0.2771)	Prec@1 89.844 (90.696)	Prec@5 100.000 (99.824)
Epoch: [86][240/391], lr: 0.01000	Loss 0.2405 (0.2787)	Prec@1 92.188 (90.667)	Prec@5 100.000 (99.825)
Epoch: [86][250/391], lr: 0.01000	Loss 0.3757 (0.2799)	Prec@1 85.156 (90.641)	Prec@5 99.219 (99.829)
Epoch: [86][260/391], lr: 0.01000	Loss 0.3574 (0.2805)	Prec@1 91.406 (90.658)	Prec@5 100.000 (99.826)
Epoch: [86][270/391], lr: 0.01000	Loss 0.3901 (0.2823)	Prec@1 90.625 (90.637)	Prec@5 98.438 (99.821)
Epoch: [86][280/391], lr: 0.01000	Loss 0.3654 (0.2823)	Prec@1 85.156 (90.619)	Prec@5 100.000 (99.825)
Epoch: [86][290/391], lr: 0.01000	Loss 0.2810 (0.2828)	Prec@1 90.625 (90.606)	Prec@5 99.219 (99.820)
Epoch: [86][300/391], lr: 0.01000	Loss 0.1817 (0.2827)	Prec@1 96.094 (90.628)	Prec@5 100.000 (99.816)
Epoch: [86][310/391], lr: 0.01000	Loss 0.3647 (0.2829)	Prec@1 85.938 (90.602)	Prec@5 99.219 (99.819)
Epoch: [86][320/391], lr: 0.01000	Loss 0.3679 (0.2842)	Prec@1 86.719 (90.557)	Prec@5 100.000 (99.820)
Epoch: [86][330/391], lr: 0.01000	Loss 0.3576 (0.2838)	Prec@1 89.062 (90.568)	Prec@5 100.000 (99.825)
Epoch: [86][340/391], lr: 0.01000	Loss 0.2315 (0.2834)	Prec@1 92.188 (90.568)	Prec@5 100.000 (99.826)
Epoch: [86][350/391], lr: 0.01000	Loss 0.2920 (0.2842)	Prec@1 91.406 (90.572)	Prec@5 99.219 (99.820)
Epoch: [86][360/391], lr: 0.01000	Loss 0.2983 (0.2840)	Prec@1 90.625 (90.560)	Prec@5 99.219 (99.820)
Epoch: [86][370/391], lr: 0.01000	Loss 0.3555 (0.2858)	Prec@1 88.281 (90.490)	Prec@5 99.219 (99.815)
Epoch: [86][380/391], lr: 0.01000	Loss 0.3565 (0.2872)	Prec@1 89.062 (90.451)	Prec@5 99.219 (99.809)
Epoch: [86][390/391], lr: 0.01000	Loss 0.3600 (0.2887)	Prec@1 90.000 (90.408)	Prec@5 100.000 (99.812)
Epoch [86] Training Results: Prec@1 90.408 Prec@5 99.812             Loss 0.28867
Epoch [86] Training Class Recall: [0.817,0.879,0.844,0.884,0.908,0.923,0.942,0.941,0.955,0.950]

Epoch: [87][0/391], lr: 0.01000	Loss 0.3470 (0.3470)	Prec@1 89.844 (89.844)	Prec@5 100.000 (100.000)
Epoch: [87][10/391], lr: 0.01000	Loss 0.1841 (0.3286)	Prec@1 95.312 (88.778)	Prec@5 100.000 (99.787)
Epoch: [87][20/391], lr: 0.01000	Loss 0.2694 (0.3316)	Prec@1 89.844 (88.876)	Prec@5 100.000 (99.851)
Epoch: [87][30/391], lr: 0.01000	Loss 0.3353 (0.2975)	Prec@1 86.719 (89.844)	Prec@5 99.219 (99.849)
Epoch: [87][40/391], lr: 0.01000	Loss 0.2486 (0.2839)	Prec@1 89.062 (90.244)	Prec@5 100.000 (99.886)
Epoch: [87][50/391], lr: 0.01000	Loss 0.1444 (0.2737)	Prec@1 96.094 (90.548)	Prec@5 100.000 (99.893)
Epoch: [87][60/391], lr: 0.01000	Loss 0.2662 (0.2689)	Prec@1 89.844 (90.843)	Prec@5 100.000 (99.872)
Epoch: [87][70/391], lr: 0.01000	Loss 0.3530 (0.2641)	Prec@1 92.188 (91.186)	Prec@5 99.219 (99.857)
Epoch: [87][80/391], lr: 0.01000	Loss 0.4050 (0.2639)	Prec@1 88.281 (91.146)	Prec@5 100.000 (99.865)
Epoch: [87][90/391], lr: 0.01000	Loss 0.2811 (0.2648)	Prec@1 89.844 (91.097)	Prec@5 100.000 (99.854)
Epoch: [87][100/391], lr: 0.01000	Loss 0.3198 (0.2637)	Prec@1 91.406 (91.182)	Prec@5 100.000 (99.845)
Epoch: [87][110/391], lr: 0.01000	Loss 0.3194 (0.2671)	Prec@1 88.281 (91.125)	Prec@5 100.000 (99.845)
Epoch: [87][120/391], lr: 0.01000	Loss 0.2788 (0.2651)	Prec@1 90.625 (91.167)	Prec@5 100.000 (99.845)
Epoch: [87][130/391], lr: 0.01000	Loss 0.1457 (0.2661)	Prec@1 96.875 (91.215)	Prec@5 100.000 (99.839)
Epoch: [87][140/391], lr: 0.01000	Loss 0.2121 (0.2631)	Prec@1 92.969 (91.384)	Prec@5 100.000 (99.839)
Epoch: [87][150/391], lr: 0.01000	Loss 0.1811 (0.2630)	Prec@1 94.531 (91.427)	Prec@5 100.000 (99.850)
Epoch: [87][160/391], lr: 0.01000	Loss 0.2736 (0.2606)	Prec@1 92.188 (91.484)	Prec@5 99.219 (99.854)
Epoch: [87][170/391], lr: 0.01000	Loss 0.2950 (0.2590)	Prec@1 89.062 (91.548)	Prec@5 100.000 (99.849)
Epoch: [87][180/391], lr: 0.01000	Loss 0.2141 (0.2583)	Prec@1 93.750 (91.583)	Prec@5 100.000 (99.853)
Epoch: [87][190/391], lr: 0.01000	Loss 0.2188 (0.2598)	Prec@1 92.188 (91.496)	Prec@5 100.000 (99.861)
Epoch: [87][200/391], lr: 0.01000	Loss 0.2387 (0.2627)	Prec@1 87.500 (91.379)	Prec@5 100.000 (99.864)
Epoch: [87][210/391], lr: 0.01000	Loss 0.3814 (0.2659)	Prec@1 83.594 (91.240)	Prec@5 100.000 (99.859)
Epoch: [87][220/391], lr: 0.01000	Loss 0.2733 (0.2662)	Prec@1 92.969 (91.233)	Prec@5 100.000 (99.852)
Epoch: [87][230/391], lr: 0.01000	Loss 0.3289 (0.2684)	Prec@1 89.844 (91.153)	Prec@5 99.219 (99.841)
Epoch: [87][240/391], lr: 0.01000	Loss 0.1968 (0.2724)	Prec@1 94.531 (91.050)	Prec@5 100.000 (99.835)
Epoch: [87][250/391], lr: 0.01000	Loss 0.2561 (0.2743)	Prec@1 91.406 (90.974)	Prec@5 99.219 (99.826)
Epoch: [87][260/391], lr: 0.01000	Loss 0.3255 (0.2748)	Prec@1 86.719 (90.954)	Prec@5 100.000 (99.832)
Epoch: [87][270/391], lr: 0.01000	Loss 0.3028 (0.2762)	Prec@1 91.406 (90.905)	Prec@5 100.000 (99.839)
Epoch: [87][280/391], lr: 0.01000	Loss 0.2365 (0.2769)	Prec@1 91.406 (90.875)	Prec@5 100.000 (99.844)
Epoch: [87][290/391], lr: 0.01000	Loss 0.2401 (0.2783)	Prec@1 90.625 (90.800)	Prec@5 100.000 (99.842)
Epoch: [87][300/391], lr: 0.01000	Loss 0.2408 (0.2795)	Prec@1 92.969 (90.776)	Prec@5 100.000 (99.842)
Epoch: [87][310/391], lr: 0.01000	Loss 0.2150 (0.2816)	Prec@1 91.406 (90.688)	Prec@5 100.000 (99.847)
Epoch: [87][320/391], lr: 0.01000	Loss 0.3254 (0.2820)	Prec@1 90.625 (90.686)	Prec@5 100.000 (99.849)
Epoch: [87][330/391], lr: 0.01000	Loss 0.3014 (0.2822)	Prec@1 89.844 (90.686)	Prec@5 99.219 (99.851)
Epoch: [87][340/391], lr: 0.01000	Loss 0.4228 (0.2826)	Prec@1 84.375 (90.666)	Prec@5 100.000 (99.853)
Epoch: [87][350/391], lr: 0.01000	Loss 0.1991 (0.2823)	Prec@1 92.969 (90.674)	Prec@5 100.000 (99.855)
Epoch: [87][360/391], lr: 0.01000	Loss 0.3355 (0.2833)	Prec@1 87.500 (90.649)	Prec@5 100.000 (99.853)
Epoch: [87][370/391], lr: 0.01000	Loss 0.2134 (0.2817)	Prec@1 91.406 (90.688)	Prec@5 100.000 (99.857)
Epoch: [87][380/391], lr: 0.01000	Loss 0.3288 (0.2815)	Prec@1 87.500 (90.687)	Prec@5 100.000 (99.859)
Epoch: [87][390/391], lr: 0.01000	Loss 0.3022 (0.2814)	Prec@1 87.500 (90.692)	Prec@5 100.000 (99.858)
Epoch [87] Training Results: Prec@1 90.692 Prec@5 99.858             Loss 0.28141
Epoch [87] Training Class Recall: [0.820,0.874,0.849,0.880,0.911,0.926,0.946,0.945,0.955,0.964]

Epoch: [88][0/391], lr: 0.01000	Loss 0.2571 (0.2571)	Prec@1 92.188 (92.188)	Prec@5 100.000 (100.000)
Epoch: [88][10/391], lr: 0.01000	Loss 0.3091 (0.2774)	Prec@1 91.406 (91.051)	Prec@5 97.656 (99.645)
Epoch: [88][20/391], lr: 0.01000	Loss 0.2200 (0.2511)	Prec@1 91.406 (91.555)	Prec@5 100.000 (99.740)
Epoch: [88][30/391], lr: 0.01000	Loss 0.3939 (0.2410)	Prec@1 85.156 (91.734)	Prec@5 100.000 (99.798)
Epoch: [88][40/391], lr: 0.01000	Loss 0.1532 (0.2461)	Prec@1 96.875 (91.559)	Prec@5 100.000 (99.809)
Epoch: [88][50/391], lr: 0.01000	Loss 0.1369 (0.2414)	Prec@1 96.094 (92.034)	Prec@5 100.000 (99.831)
Epoch: [88][60/391], lr: 0.01000	Loss 0.1939 (0.2398)	Prec@1 93.750 (92.111)	Prec@5 100.000 (99.833)
Epoch: [88][70/391], lr: 0.01000	Loss 0.2609 (0.2383)	Prec@1 93.750 (92.077)	Prec@5 100.000 (99.857)
Epoch: [88][80/391], lr: 0.01000	Loss 0.1337 (0.2361)	Prec@1 96.094 (92.236)	Prec@5 100.000 (99.846)
Epoch: [88][90/391], lr: 0.01000	Loss 0.2333 (0.2353)	Prec@1 93.750 (92.273)	Prec@5 99.219 (99.837)
Epoch: [88][100/391], lr: 0.01000	Loss 0.3585 (0.2362)	Prec@1 89.062 (92.265)	Prec@5 100.000 (99.845)
Epoch: [88][110/391], lr: 0.01000	Loss 0.3026 (0.2387)	Prec@1 87.500 (92.159)	Prec@5 100.000 (99.845)
Epoch: [88][120/391], lr: 0.01000	Loss 0.2715 (0.2421)	Prec@1 91.406 (92.013)	Prec@5 100.000 (99.845)
Epoch: [88][130/391], lr: 0.01000	Loss 0.1478 (0.2425)	Prec@1 96.094 (91.979)	Prec@5 100.000 (99.845)
Epoch: [88][140/391], lr: 0.01000	Loss 0.1953 (0.2450)	Prec@1 92.188 (91.872)	Prec@5 100.000 (99.823)
Epoch: [88][150/391], lr: 0.01000	Loss 0.2860 (0.2467)	Prec@1 91.406 (91.774)	Prec@5 100.000 (99.829)
Epoch: [88][160/391], lr: 0.01000	Loss 0.3840 (0.2480)	Prec@1 88.281 (91.741)	Prec@5 100.000 (99.816)
Epoch: [88][170/391], lr: 0.01000	Loss 0.2021 (0.2482)	Prec@1 92.188 (91.699)	Prec@5 100.000 (99.817)
Epoch: [88][180/391], lr: 0.01000	Loss 0.4227 (0.2496)	Prec@1 84.375 (91.579)	Prec@5 100.000 (99.827)
Epoch: [88][190/391], lr: 0.01000	Loss 0.2797 (0.2530)	Prec@1 89.844 (91.443)	Prec@5 100.000 (99.828)
Epoch: [88][200/391], lr: 0.01000	Loss 0.4071 (0.2572)	Prec@1 89.062 (91.286)	Prec@5 100.000 (99.833)
Epoch: [88][210/391], lr: 0.01000	Loss 0.2924 (0.2598)	Prec@1 88.281 (91.214)	Prec@5 99.219 (99.830)
Epoch: [88][220/391], lr: 0.01000	Loss 0.2611 (0.2623)	Prec@1 89.844 (91.152)	Prec@5 100.000 (99.820)
Epoch: [88][230/391], lr: 0.01000	Loss 0.2533 (0.2636)	Prec@1 87.500 (91.136)	Prec@5 99.219 (99.811)
Epoch: [88][240/391], lr: 0.01000	Loss 0.2752 (0.2653)	Prec@1 90.625 (91.098)	Prec@5 100.000 (99.812)
Epoch: [88][250/391], lr: 0.01000	Loss 0.2800 (0.2665)	Prec@1 88.281 (91.064)	Prec@5 100.000 (99.816)
Epoch: [88][260/391], lr: 0.01000	Loss 0.3096 (0.2677)	Prec@1 90.625 (91.023)	Prec@5 99.219 (99.814)
Epoch: [88][270/391], lr: 0.01000	Loss 0.2264 (0.2682)	Prec@1 89.844 (90.994)	Prec@5 100.000 (99.818)
Epoch: [88][280/391], lr: 0.01000	Loss 0.3200 (0.2693)	Prec@1 91.406 (90.973)	Prec@5 100.000 (99.817)
Epoch: [88][290/391], lr: 0.01000	Loss 0.4165 (0.2699)	Prec@1 85.156 (90.963)	Prec@5 100.000 (99.820)
Epoch: [88][300/391], lr: 0.01000	Loss 0.2872 (0.2693)	Prec@1 90.625 (90.973)	Prec@5 100.000 (99.824)
Epoch: [88][310/391], lr: 0.01000	Loss 0.1913 (0.2677)	Prec@1 93.750 (91.057)	Prec@5 100.000 (99.829)
Epoch: [88][320/391], lr: 0.01000	Loss 0.1833 (0.2671)	Prec@1 94.531 (91.097)	Prec@5 100.000 (99.830)
Epoch: [88][330/391], lr: 0.01000	Loss 0.2894 (0.2682)	Prec@1 91.406 (91.059)	Prec@5 100.000 (99.835)
Epoch: [88][340/391], lr: 0.01000	Loss 0.3477 (0.2692)	Prec@1 87.500 (91.017)	Prec@5 100.000 (99.835)
Epoch: [88][350/391], lr: 0.01000	Loss 0.2698 (0.2699)	Prec@1 92.188 (91.008)	Prec@5 99.219 (99.829)
Epoch: [88][360/391], lr: 0.01000	Loss 0.2855 (0.2708)	Prec@1 89.062 (90.969)	Prec@5 100.000 (99.827)
Epoch: [88][370/391], lr: 0.01000	Loss 0.2279 (0.2706)	Prec@1 90.625 (90.977)	Prec@5 100.000 (99.827)
Epoch: [88][380/391], lr: 0.01000	Loss 0.3300 (0.2712)	Prec@1 88.281 (90.945)	Prec@5 100.000 (99.828)
Epoch: [88][390/391], lr: 0.01000	Loss 0.3449 (0.2721)	Prec@1 90.000 (90.916)	Prec@5 100.000 (99.824)
Epoch [88] Training Results: Prec@1 90.916 Prec@5 99.824             Loss 0.27213
Epoch [88] Training Class Recall: [0.825,0.881,0.843,0.888,0.912,0.927,0.947,0.949,0.956,0.963]

Epoch: [89][0/391], lr: 0.01000	Loss 0.2537 (0.2537)	Prec@1 90.625 (90.625)	Prec@5 100.000 (100.000)
Epoch: [89][10/391], lr: 0.01000	Loss 0.2544 (0.3049)	Prec@1 91.406 (89.560)	Prec@5 100.000 (100.000)
Epoch: [89][20/391], lr: 0.01000	Loss 0.1622 (0.2961)	Prec@1 93.750 (89.360)	Prec@5 100.000 (99.963)
Epoch: [89][30/391], lr: 0.01000	Loss 0.2444 (0.2964)	Prec@1 89.844 (89.441)	Prec@5 99.219 (99.899)
Epoch: [89][40/391], lr: 0.01000	Loss 0.2531 (0.2947)	Prec@1 89.062 (89.615)	Prec@5 100.000 (99.828)
Epoch: [89][50/391], lr: 0.01000	Loss 0.4540 (0.2924)	Prec@1 83.594 (89.767)	Prec@5 100.000 (99.831)
Epoch: [89][60/391], lr: 0.01000	Loss 0.4005 (0.2916)	Prec@1 88.281 (89.946)	Prec@5 100.000 (99.795)
Epoch: [89][70/391], lr: 0.01000	Loss 0.2888 (0.2921)	Prec@1 89.062 (89.998)	Prec@5 100.000 (99.813)
Epoch: [89][80/391], lr: 0.01000	Loss 0.1861 (0.2960)	Prec@1 93.750 (89.979)	Prec@5 100.000 (99.826)
Epoch: [89][90/391], lr: 0.01000	Loss 0.2943 (0.2948)	Prec@1 90.625 (90.118)	Prec@5 99.219 (99.803)
Epoch: [89][100/391], lr: 0.01000	Loss 0.2100 (0.2917)	Prec@1 89.062 (90.138)	Prec@5 100.000 (99.814)
Epoch: [89][110/391], lr: 0.01000	Loss 0.3141 (0.2937)	Prec@1 89.062 (90.111)	Prec@5 99.219 (99.810)
Epoch: [89][120/391], lr: 0.01000	Loss 0.2436 (0.2919)	Prec@1 94.531 (90.186)	Prec@5 100.000 (99.793)
Epoch: [89][130/391], lr: 0.01000	Loss 0.2327 (0.2915)	Prec@1 90.625 (90.249)	Prec@5 100.000 (99.791)
Epoch: [89][140/391], lr: 0.01000	Loss 0.1990 (0.2899)	Prec@1 92.969 (90.320)	Prec@5 99.219 (99.795)
Epoch: [89][150/391], lr: 0.01000	Loss 0.2935 (0.2858)	Prec@1 92.188 (90.501)	Prec@5 100.000 (99.809)
Epoch: [89][160/391], lr: 0.01000	Loss 0.2441 (0.2836)	Prec@1 89.844 (90.543)	Prec@5 100.000 (99.806)
Epoch: [89][170/391], lr: 0.01000	Loss 0.3494 (0.2823)	Prec@1 87.500 (90.588)	Prec@5 100.000 (99.799)
Epoch: [89][180/391], lr: 0.01000	Loss 0.3829 (0.2801)	Prec@1 85.156 (90.629)	Prec@5 100.000 (99.801)
Epoch: [89][190/391], lr: 0.01000	Loss 0.3241 (0.2799)	Prec@1 90.625 (90.629)	Prec@5 99.219 (99.804)
Epoch: [89][200/391], lr: 0.01000	Loss 0.2495 (0.2784)	Prec@1 93.750 (90.699)	Prec@5 100.000 (99.806)
Epoch: [89][210/391], lr: 0.01000	Loss 0.2664 (0.2781)	Prec@1 93.750 (90.718)	Prec@5 100.000 (99.815)
Epoch: [89][220/391], lr: 0.01000	Loss 0.2370 (0.2779)	Prec@1 94.531 (90.763)	Prec@5 100.000 (99.809)
Epoch: [89][230/391], lr: 0.01000	Loss 0.2338 (0.2768)	Prec@1 92.188 (90.821)	Prec@5 100.000 (99.800)
Epoch: [89][240/391], lr: 0.01000	Loss 0.2455 (0.2752)	Prec@1 92.188 (90.878)	Prec@5 100.000 (99.806)
Epoch: [89][250/391], lr: 0.01000	Loss 0.1293 (0.2734)	Prec@1 93.750 (90.964)	Prec@5 100.000 (99.798)
Epoch: [89][260/391], lr: 0.01000	Loss 0.2957 (0.2738)	Prec@1 92.188 (90.966)	Prec@5 100.000 (99.805)
Epoch: [89][270/391], lr: 0.01000	Loss 0.1969 (0.2727)	Prec@1 93.750 (91.020)	Prec@5 100.000 (99.807)
Epoch: [89][280/391], lr: 0.01000	Loss 0.2818 (0.2729)	Prec@1 89.844 (90.995)	Prec@5 100.000 (99.811)
Epoch: [89][290/391], lr: 0.01000	Loss 0.2416 (0.2721)	Prec@1 91.406 (91.025)	Prec@5 98.438 (99.812)
Epoch: [89][300/391], lr: 0.01000	Loss 0.2641 (0.2721)	Prec@1 92.969 (91.040)	Prec@5 100.000 (99.816)
Epoch: [89][310/391], lr: 0.01000	Loss 0.1712 (0.2716)	Prec@1 94.531 (91.039)	Prec@5 100.000 (99.819)
Epoch: [89][320/391], lr: 0.01000	Loss 0.2716 (0.2715)	Prec@1 89.844 (91.044)	Prec@5 100.000 (99.820)
Epoch: [89][330/391], lr: 0.01000	Loss 0.4524 (0.2720)	Prec@1 85.156 (91.019)	Prec@5 100.000 (99.818)
Epoch: [89][340/391], lr: 0.01000	Loss 0.2482 (0.2726)	Prec@1 92.188 (90.987)	Prec@5 100.000 (99.824)
Epoch: [89][350/391], lr: 0.01000	Loss 0.3265 (0.2720)	Prec@1 89.062 (91.021)	Prec@5 100.000 (99.824)
Epoch: [89][360/391], lr: 0.01000	Loss 0.1995 (0.2721)	Prec@1 92.188 (91.019)	Prec@5 100.000 (99.823)
Epoch: [89][370/391], lr: 0.01000	Loss 0.2821 (0.2712)	Prec@1 89.062 (91.042)	Prec@5 100.000 (99.823)
Epoch: [89][380/391], lr: 0.01000	Loss 0.2605 (0.2708)	Prec@1 91.406 (91.047)	Prec@5 100.000 (99.828)
Epoch: [89][390/391], lr: 0.01000	Loss 0.3190 (0.2707)	Prec@1 91.250 (91.032)	Prec@5 100.000 (99.832)
Epoch [89] Training Results: Prec@1 91.032 Prec@5 99.832             Loss 0.27072
Epoch [89] Training Class Recall: [0.824,0.880,0.850,0.883,0.919,0.927,0.947,0.950,0.963,0.960]

Epoch: [90][0/391], lr: 0.01000	Loss 0.3286 (0.3286)	Prec@1 89.844 (89.844)	Prec@5 100.000 (100.000)
Epoch: [90][10/391], lr: 0.01000	Loss 0.3408 (0.2972)	Prec@1 88.281 (91.193)	Prec@5 100.000 (99.858)
Epoch: [90][20/391], lr: 0.01000	Loss 0.2956 (0.2986)	Prec@1 91.406 (90.513)	Prec@5 100.000 (99.926)
Epoch: [90][30/391], lr: 0.01000	Loss 0.1699 (0.2867)	Prec@1 92.969 (90.549)	Prec@5 100.000 (99.899)
Epoch: [90][40/391], lr: 0.01000	Loss 0.2585 (0.2906)	Prec@1 89.062 (90.301)	Prec@5 100.000 (99.924)
Epoch: [90][50/391], lr: 0.01000	Loss 0.2670 (0.2847)	Prec@1 91.406 (90.411)	Prec@5 100.000 (99.923)
Epoch: [90][60/391], lr: 0.01000	Loss 0.1459 (0.2832)	Prec@1 96.875 (90.446)	Prec@5 100.000 (99.898)
Epoch: [90][70/391], lr: 0.01000	Loss 0.4084 (0.2781)	Prec@1 84.375 (90.603)	Prec@5 100.000 (99.901)
Epoch: [90][80/391], lr: 0.01000	Loss 0.3254 (0.2833)	Prec@1 89.062 (90.471)	Prec@5 100.000 (99.904)
Epoch: [90][90/391], lr: 0.01000	Loss 0.2644 (0.2811)	Prec@1 90.625 (90.505)	Prec@5 100.000 (99.906)
Epoch: [90][100/391], lr: 0.01000	Loss 0.3477 (0.2824)	Prec@1 89.062 (90.455)	Prec@5 100.000 (99.899)
Epoch: [90][110/391], lr: 0.01000	Loss 0.2596 (0.2859)	Prec@1 94.531 (90.294)	Prec@5 100.000 (99.901)
Epoch: [90][120/391], lr: 0.01000	Loss 0.3367 (0.2855)	Prec@1 91.406 (90.289)	Prec@5 99.219 (99.890)
Epoch: [90][130/391], lr: 0.01000	Loss 0.3368 (0.2862)	Prec@1 89.844 (90.237)	Prec@5 100.000 (99.881)
Epoch: [90][140/391], lr: 0.01000	Loss 0.4545 (0.2883)	Prec@1 80.469 (90.171)	Prec@5 98.438 (99.850)
Epoch: [90][150/391], lr: 0.01000	Loss 0.2455 (0.2900)	Prec@1 89.844 (90.139)	Prec@5 100.000 (99.840)
Epoch: [90][160/391], lr: 0.01000	Loss 0.2629 (0.2893)	Prec@1 92.188 (90.125)	Prec@5 100.000 (99.850)
Epoch: [90][170/391], lr: 0.01000	Loss 0.2783 (0.2881)	Prec@1 92.188 (90.186)	Prec@5 99.219 (99.845)
Epoch: [90][180/391], lr: 0.01000	Loss 0.2619 (0.2858)	Prec@1 90.625 (90.275)	Prec@5 100.000 (99.849)
Epoch: [90][190/391], lr: 0.01000	Loss 0.1735 (0.2842)	Prec@1 94.531 (90.343)	Prec@5 100.000 (99.853)
Epoch: [90][200/391], lr: 0.01000	Loss 0.2271 (0.2843)	Prec@1 92.969 (90.384)	Prec@5 100.000 (99.852)
Epoch: [90][210/391], lr: 0.01000	Loss 0.2513 (0.2828)	Prec@1 92.188 (90.436)	Prec@5 100.000 (99.859)
Epoch: [90][220/391], lr: 0.01000	Loss 0.2596 (0.2842)	Prec@1 89.844 (90.413)	Prec@5 100.000 (99.852)
Epoch: [90][230/391], lr: 0.01000	Loss 0.2934 (0.2861)	Prec@1 88.281 (90.314)	Prec@5 99.219 (99.841)
Epoch: [90][240/391], lr: 0.01000	Loss 0.2740 (0.2856)	Prec@1 85.938 (90.349)	Prec@5 100.000 (99.835)
Epoch: [90][250/391], lr: 0.01000	Loss 0.2385 (0.2847)	Prec@1 92.188 (90.388)	Prec@5 100.000 (99.838)
Epoch: [90][260/391], lr: 0.01000	Loss 0.4338 (0.2848)	Prec@1 86.719 (90.386)	Prec@5 99.219 (99.832)
Epoch: [90][270/391], lr: 0.01000	Loss 0.3188 (0.2842)	Prec@1 89.844 (90.412)	Prec@5 100.000 (99.836)
Epoch: [90][280/391], lr: 0.01000	Loss 0.4168 (0.2843)	Prec@1 87.500 (90.408)	Prec@5 100.000 (99.842)
Epoch: [90][290/391], lr: 0.01000	Loss 0.2756 (0.2863)	Prec@1 91.406 (90.340)	Prec@5 100.000 (99.842)
Epoch: [90][300/391], lr: 0.01000	Loss 0.2575 (0.2879)	Prec@1 91.406 (90.272)	Prec@5 100.000 (99.836)
Epoch: [90][310/391], lr: 0.01000	Loss 0.4342 (0.2877)	Prec@1 84.375 (90.286)	Prec@5 99.219 (99.827)
Epoch: [90][320/391], lr: 0.01000	Loss 0.3436 (0.2878)	Prec@1 89.844 (90.282)	Prec@5 100.000 (99.830)
Epoch: [90][330/391], lr: 0.01000	Loss 0.3596 (0.2885)	Prec@1 89.062 (90.252)	Prec@5 100.000 (99.830)
Epoch: [90][340/391], lr: 0.01000	Loss 0.5098 (0.2907)	Prec@1 85.938 (90.201)	Prec@5 98.438 (99.830)
Epoch: [90][350/391], lr: 0.01000	Loss 0.3097 (0.2925)	Prec@1 90.625 (90.164)	Prec@5 100.000 (99.829)
Epoch: [90][360/391], lr: 0.01000	Loss 0.3182 (0.2933)	Prec@1 89.844 (90.125)	Prec@5 100.000 (99.831)
Epoch: [90][370/391], lr: 0.01000	Loss 0.2290 (0.2927)	Prec@1 92.188 (90.176)	Prec@5 100.000 (99.834)
Epoch: [90][380/391], lr: 0.01000	Loss 0.2866 (0.2928)	Prec@1 89.062 (90.172)	Prec@5 100.000 (99.830)
Epoch: [90][390/391], lr: 0.01000	Loss 0.2018 (0.2928)	Prec@1 93.750 (90.198)	Prec@5 100.000 (99.826)
Epoch [90] Training Results: Prec@1 90.198 Prec@5 99.826             Loss 0.29278
Epoch [90] Training Class Recall: [0.819,0.877,0.843,0.882,0.909,0.909,0.938,0.939,0.954,0.950]

Epoch: [91][0/391], lr: 0.01000	Loss 0.2660 (0.2660)	Prec@1 88.281 (88.281)	Prec@5 100.000 (100.000)
Epoch: [91][10/391], lr: 0.01000	Loss 0.2334 (0.2411)	Prec@1 91.406 (92.045)	Prec@5 100.000 (99.929)
Epoch: [91][20/391], lr: 0.01000	Loss 0.2440 (0.2556)	Prec@1 91.406 (91.555)	Prec@5 100.000 (99.851)
Epoch: [91][30/391], lr: 0.01000	Loss 0.2510 (0.2511)	Prec@1 91.406 (91.633)	Prec@5 100.000 (99.874)
Epoch: [91][40/391], lr: 0.01000	Loss 0.2923 (0.2568)	Prec@1 90.625 (91.502)	Prec@5 100.000 (99.867)
Epoch: [91][50/391], lr: 0.01000	Loss 0.2386 (0.2554)	Prec@1 91.406 (91.406)	Prec@5 100.000 (99.877)
Epoch: [91][60/391], lr: 0.01000	Loss 0.3106 (0.2544)	Prec@1 86.719 (91.393)	Prec@5 100.000 (99.885)
Epoch: [91][70/391], lr: 0.01000	Loss 0.2760 (0.2515)	Prec@1 91.406 (91.505)	Prec@5 100.000 (99.901)
Epoch: [91][80/391], lr: 0.01000	Loss 0.3390 (0.2512)	Prec@1 91.406 (91.590)	Prec@5 99.219 (99.904)
Epoch: [91][90/391], lr: 0.01000	Loss 0.1937 (0.2498)	Prec@1 92.969 (91.750)	Prec@5 100.000 (99.906)
Epoch: [91][100/391], lr: 0.01000	Loss 0.3256 (0.2521)	Prec@1 85.156 (91.677)	Prec@5 100.000 (99.907)
Epoch: [91][110/391], lr: 0.01000	Loss 0.3763 (0.2535)	Prec@1 85.156 (91.653)	Prec@5 99.219 (99.901)
Epoch: [91][120/391], lr: 0.01000	Loss 0.2539 (0.2519)	Prec@1 89.844 (91.606)	Prec@5 100.000 (99.910)
Epoch: [91][130/391], lr: 0.01000	Loss 0.1861 (0.2499)	Prec@1 93.750 (91.698)	Prec@5 100.000 (99.911)
Epoch: [91][140/391], lr: 0.01000	Loss 0.2613 (0.2504)	Prec@1 93.750 (91.678)	Prec@5 100.000 (99.911)
Epoch: [91][150/391], lr: 0.01000	Loss 0.4138 (0.2499)	Prec@1 86.719 (91.701)	Prec@5 100.000 (99.902)
Epoch: [91][160/391], lr: 0.01000	Loss 0.2929 (0.2513)	Prec@1 89.844 (91.649)	Prec@5 100.000 (99.898)
Epoch: [91][170/391], lr: 0.01000	Loss 0.3442 (0.2537)	Prec@1 91.406 (91.575)	Prec@5 99.219 (99.890)
Epoch: [91][180/391], lr: 0.01000	Loss 0.2424 (0.2542)	Prec@1 92.188 (91.544)	Prec@5 100.000 (99.892)
Epoch: [91][190/391], lr: 0.01000	Loss 0.3604 (0.2581)	Prec@1 89.062 (91.488)	Prec@5 100.000 (99.890)
Epoch: [91][200/391], lr: 0.01000	Loss 0.2220 (0.2584)	Prec@1 94.531 (91.461)	Prec@5 100.000 (99.891)
Epoch: [91][210/391], lr: 0.01000	Loss 0.3528 (0.2601)	Prec@1 90.625 (91.425)	Prec@5 100.000 (99.885)
Epoch: [91][220/391], lr: 0.01000	Loss 0.2840 (0.2611)	Prec@1 88.281 (91.364)	Prec@5 100.000 (99.883)
Epoch: [91][230/391], lr: 0.01000	Loss 0.2543 (0.2609)	Prec@1 91.406 (91.383)	Prec@5 100.000 (99.882)
Epoch: [91][240/391], lr: 0.01000	Loss 0.2146 (0.2623)	Prec@1 89.844 (91.325)	Prec@5 100.000 (99.874)
Epoch: [91][250/391], lr: 0.01000	Loss 0.3143 (0.2635)	Prec@1 89.062 (91.263)	Prec@5 100.000 (99.879)
Epoch: [91][260/391], lr: 0.01000	Loss 0.2016 (0.2635)	Prec@1 92.188 (91.272)	Prec@5 100.000 (99.877)
Epoch: [91][270/391], lr: 0.01000	Loss 0.4648 (0.2649)	Prec@1 82.812 (91.210)	Prec@5 100.000 (99.870)
Epoch: [91][280/391], lr: 0.01000	Loss 0.3480 (0.2662)	Prec@1 87.500 (91.181)	Prec@5 100.000 (99.864)
Epoch: [91][290/391], lr: 0.01000	Loss 0.1895 (0.2671)	Prec@1 95.312 (91.138)	Prec@5 100.000 (99.855)
Epoch: [91][300/391], lr: 0.01000	Loss 0.3239 (0.2676)	Prec@1 90.625 (91.116)	Prec@5 100.000 (99.857)
Epoch: [91][310/391], lr: 0.01000	Loss 0.2917 (0.2672)	Prec@1 88.281 (91.127)	Prec@5 100.000 (99.859)
Epoch: [91][320/391], lr: 0.01000	Loss 0.2931 (0.2677)	Prec@1 92.188 (91.083)	Prec@5 98.438 (99.856)
Epoch: [91][330/391], lr: 0.01000	Loss 0.2479 (0.2685)	Prec@1 92.969 (91.055)	Prec@5 100.000 (99.854)
Epoch: [91][340/391], lr: 0.01000	Loss 0.2804 (0.2697)	Prec@1 90.625 (91.003)	Prec@5 100.000 (99.849)
Epoch: [91][350/391], lr: 0.01000	Loss 0.2719 (0.2703)	Prec@1 88.281 (90.972)	Prec@5 100.000 (99.846)
Epoch: [91][360/391], lr: 0.01000	Loss 0.2467 (0.2703)	Prec@1 89.062 (90.971)	Prec@5 100.000 (99.846)
Epoch: [91][370/391], lr: 0.01000	Loss 0.2589 (0.2707)	Prec@1 90.625 (90.937)	Prec@5 100.000 (99.846)
Epoch: [91][380/391], lr: 0.01000	Loss 0.2418 (0.2711)	Prec@1 90.625 (90.937)	Prec@5 100.000 (99.844)
Epoch: [91][390/391], lr: 0.01000	Loss 0.1612 (0.2714)	Prec@1 92.500 (90.930)	Prec@5 100.000 (99.842)
Epoch [91] Training Results: Prec@1 90.930 Prec@5 99.842             Loss 0.27145
Epoch [91] Training Class Recall: [0.819,0.884,0.851,0.882,0.913,0.930,0.950,0.948,0.957,0.961]

Epoch: [92][0/391], lr: 0.01000	Loss 0.1899 (0.1899)	Prec@1 93.750 (93.750)	Prec@5 100.000 (100.000)
Epoch: [92][10/391], lr: 0.01000	Loss 0.3234 (0.2722)	Prec@1 91.406 (90.128)	Prec@5 100.000 (100.000)
Epoch: [92][20/391], lr: 0.01000	Loss 0.2472 (0.2692)	Prec@1 92.188 (90.476)	Prec@5 100.000 (99.963)
Epoch: [92][30/391], lr: 0.01000	Loss 0.2837 (0.2722)	Prec@1 92.188 (90.600)	Prec@5 99.219 (99.849)
Epoch: [92][40/391], lr: 0.01000	Loss 0.2747 (0.2671)	Prec@1 91.406 (90.949)	Prec@5 100.000 (99.848)
Epoch: [92][50/391], lr: 0.01000	Loss 0.1954 (0.2625)	Prec@1 93.750 (91.146)	Prec@5 100.000 (99.831)
Epoch: [92][60/391], lr: 0.01000	Loss 0.2217 (0.2588)	Prec@1 93.750 (91.329)	Prec@5 100.000 (99.859)
Epoch: [92][70/391], lr: 0.01000	Loss 0.2532 (0.2585)	Prec@1 93.750 (91.230)	Prec@5 99.219 (99.824)
Epoch: [92][80/391], lr: 0.01000	Loss 0.3459 (0.2641)	Prec@1 87.500 (91.098)	Prec@5 100.000 (99.778)
Epoch: [92][90/391], lr: 0.01000	Loss 0.2725 (0.2698)	Prec@1 92.188 (90.874)	Prec@5 100.000 (99.785)
Epoch: [92][100/391], lr: 0.01000	Loss 0.1323 (0.2703)	Prec@1 94.531 (90.873)	Prec@5 100.000 (99.791)
Epoch: [92][110/391], lr: 0.01000	Loss 0.2849 (0.2680)	Prec@1 89.844 (90.956)	Prec@5 100.000 (99.810)
Epoch: [92][120/391], lr: 0.01000	Loss 0.4677 (0.2693)	Prec@1 80.469 (90.883)	Prec@5 99.219 (99.819)
Epoch: [92][130/391], lr: 0.01000	Loss 0.2241 (0.2702)	Prec@1 92.188 (90.911)	Prec@5 100.000 (99.821)
Epoch: [92][140/391], lr: 0.01000	Loss 0.2066 (0.2686)	Prec@1 93.750 (90.969)	Prec@5 100.000 (99.823)
Epoch: [92][150/391], lr: 0.01000	Loss 0.1275 (0.2679)	Prec@1 96.875 (91.080)	Prec@5 100.000 (99.829)
Epoch: [92][160/391], lr: 0.01000	Loss 0.1976 (0.2678)	Prec@1 93.750 (91.105)	Prec@5 100.000 (99.835)
Epoch: [92][170/391], lr: 0.01000	Loss 0.2055 (0.2678)	Prec@1 93.750 (91.100)	Prec@5 100.000 (99.836)
Epoch: [92][180/391], lr: 0.01000	Loss 0.2758 (0.2688)	Prec@1 90.625 (91.083)	Prec@5 100.000 (99.840)
Epoch: [92][190/391], lr: 0.01000	Loss 0.2057 (0.2674)	Prec@1 92.188 (91.144)	Prec@5 100.000 (99.849)
Epoch: [92][200/391], lr: 0.01000	Loss 0.2526 (0.2679)	Prec@1 95.312 (91.154)	Prec@5 99.219 (99.841)
Epoch: [92][210/391], lr: 0.01000	Loss 0.2715 (0.2684)	Prec@1 90.625 (91.117)	Prec@5 99.219 (99.841)
Epoch: [92][220/391], lr: 0.01000	Loss 0.2713 (0.2685)	Prec@1 91.406 (91.134)	Prec@5 100.000 (99.834)
Epoch: [92][230/391], lr: 0.01000	Loss 0.3164 (0.2682)	Prec@1 89.062 (91.153)	Prec@5 100.000 (99.841)
Epoch: [92][240/391], lr: 0.01000	Loss 0.2474 (0.2680)	Prec@1 92.188 (91.121)	Prec@5 100.000 (99.838)
Epoch: [92][250/391], lr: 0.01000	Loss 0.2993 (0.2688)	Prec@1 89.844 (91.067)	Prec@5 99.219 (99.841)
Epoch: [92][260/391], lr: 0.01000	Loss 0.3168 (0.2704)	Prec@1 87.500 (90.990)	Prec@5 100.000 (99.835)
Epoch: [92][270/391], lr: 0.01000	Loss 0.3268 (0.2720)	Prec@1 91.406 (90.942)	Prec@5 99.219 (99.836)
Epoch: [92][280/391], lr: 0.01000	Loss 0.2077 (0.2730)	Prec@1 94.531 (90.914)	Prec@5 99.219 (99.828)
Epoch: [92][290/391], lr: 0.01000	Loss 0.2188 (0.2746)	Prec@1 93.750 (90.832)	Prec@5 100.000 (99.825)
Epoch: [92][300/391], lr: 0.01000	Loss 0.4599 (0.2751)	Prec@1 84.375 (90.807)	Prec@5 99.219 (99.826)
Epoch: [92][310/391], lr: 0.01000	Loss 0.3847 (0.2773)	Prec@1 87.500 (90.763)	Prec@5 99.219 (99.822)
Epoch: [92][320/391], lr: 0.01000	Loss 0.2820 (0.2780)	Prec@1 91.406 (90.744)	Prec@5 100.000 (99.817)
Epoch: [92][330/391], lr: 0.01000	Loss 0.3964 (0.2798)	Prec@1 88.281 (90.684)	Prec@5 100.000 (99.818)
Epoch: [92][340/391], lr: 0.01000	Loss 0.3473 (0.2804)	Prec@1 88.281 (90.655)	Prec@5 99.219 (99.812)
Epoch: [92][350/391], lr: 0.01000	Loss 0.2565 (0.2807)	Prec@1 93.750 (90.647)	Prec@5 100.000 (99.813)
Epoch: [92][360/391], lr: 0.01000	Loss 0.2427 (0.2806)	Prec@1 89.062 (90.644)	Prec@5 99.219 (99.812)
Epoch: [92][370/391], lr: 0.01000	Loss 0.2438 (0.2796)	Prec@1 92.188 (90.701)	Prec@5 100.000 (99.813)
Epoch: [92][380/391], lr: 0.01000	Loss 0.3737 (0.2795)	Prec@1 88.281 (90.705)	Prec@5 99.219 (99.813)
Epoch: [92][390/391], lr: 0.01000	Loss 0.1918 (0.2795)	Prec@1 93.750 (90.702)	Prec@5 100.000 (99.810)
Epoch [92] Training Results: Prec@1 90.702 Prec@5 99.810             Loss 0.27947
Epoch [92] Training Class Recall: [0.820,0.877,0.850,0.882,0.917,0.928,0.940,0.943,0.956,0.958]

Epoch: [93][0/391], lr: 0.01000	Loss 0.4695 (0.4695)	Prec@1 85.156 (85.156)	Prec@5 99.219 (99.219)
Epoch: [93][10/391], lr: 0.01000	Loss 0.2072 (0.3147)	Prec@1 94.531 (89.844)	Prec@5 100.000 (99.787)
Epoch: [93][20/391], lr: 0.01000	Loss 0.3587 (0.2886)	Prec@1 84.375 (90.551)	Prec@5 99.219 (99.814)
Epoch: [93][30/391], lr: 0.01000	Loss 0.2621 (0.2835)	Prec@1 91.406 (90.373)	Prec@5 100.000 (99.798)
Epoch: [93][40/391], lr: 0.01000	Loss 0.4616 (0.2809)	Prec@1 83.594 (90.454)	Prec@5 100.000 (99.848)
Epoch: [93][50/391], lr: 0.01000	Loss 0.3020 (0.2802)	Prec@1 89.062 (90.411)	Prec@5 100.000 (99.816)
Epoch: [93][60/391], lr: 0.01000	Loss 0.3064 (0.2785)	Prec@1 89.062 (90.484)	Prec@5 100.000 (99.808)
Epoch: [93][70/391], lr: 0.01000	Loss 0.2545 (0.2743)	Prec@1 91.406 (90.680)	Prec@5 100.000 (99.802)
Epoch: [93][80/391], lr: 0.01000	Loss 0.3432 (0.2733)	Prec@1 89.062 (90.731)	Prec@5 99.219 (99.817)
Epoch: [93][90/391], lr: 0.01000	Loss 0.2153 (0.2742)	Prec@1 93.750 (90.685)	Prec@5 100.000 (99.811)
Epoch: [93][100/391], lr: 0.01000	Loss 0.2508 (0.2712)	Prec@1 92.188 (90.756)	Prec@5 100.000 (99.830)
Epoch: [93][110/391], lr: 0.01000	Loss 0.5190 (0.2748)	Prec@1 84.375 (90.590)	Prec@5 100.000 (99.824)
Epoch: [93][120/391], lr: 0.01000	Loss 0.2848 (0.2754)	Prec@1 91.406 (90.619)	Prec@5 99.219 (99.819)
Epoch: [93][130/391], lr: 0.01000	Loss 0.3540 (0.2747)	Prec@1 89.844 (90.673)	Prec@5 100.000 (99.827)
Epoch: [93][140/391], lr: 0.01000	Loss 0.3689 (0.2760)	Prec@1 87.500 (90.631)	Prec@5 100.000 (99.817)
Epoch: [93][150/391], lr: 0.01000	Loss 0.2734 (0.2767)	Prec@1 91.406 (90.646)	Prec@5 100.000 (99.814)
Epoch: [93][160/391], lr: 0.01000	Loss 0.1622 (0.2738)	Prec@1 95.312 (90.703)	Prec@5 100.000 (99.816)
Epoch: [93][170/391], lr: 0.01000	Loss 0.2633 (0.2730)	Prec@1 92.969 (90.730)	Prec@5 100.000 (99.817)
Epoch: [93][180/391], lr: 0.01000	Loss 0.2352 (0.2725)	Prec@1 88.281 (90.690)	Prec@5 100.000 (99.814)
Epoch: [93][190/391], lr: 0.01000	Loss 0.1612 (0.2712)	Prec@1 92.969 (90.723)	Prec@5 100.000 (99.820)
Epoch: [93][200/391], lr: 0.01000	Loss 0.2711 (0.2713)	Prec@1 87.500 (90.726)	Prec@5 99.219 (99.817)
Epoch: [93][210/391], lr: 0.01000	Loss 0.3455 (0.2731)	Prec@1 84.375 (90.695)	Prec@5 100.000 (99.819)
Epoch: [93][220/391], lr: 0.01000	Loss 0.2328 (0.2720)	Prec@1 91.406 (90.745)	Prec@5 100.000 (99.823)
Epoch: [93][230/391], lr: 0.01000	Loss 0.1754 (0.2728)	Prec@1 93.750 (90.737)	Prec@5 100.000 (99.828)
Epoch: [93][240/391], lr: 0.01000	Loss 0.2386 (0.2740)	Prec@1 93.750 (90.725)	Prec@5 100.000 (99.831)
Epoch: [93][250/391], lr: 0.01000	Loss 0.2713 (0.2737)	Prec@1 91.406 (90.743)	Prec@5 100.000 (99.835)
Epoch: [93][260/391], lr: 0.01000	Loss 0.2371 (0.2743)	Prec@1 94.531 (90.772)	Prec@5 100.000 (99.832)
Epoch: [93][270/391], lr: 0.01000	Loss 0.2731 (0.2732)	Prec@1 91.406 (90.815)	Prec@5 99.219 (99.836)
Epoch: [93][280/391], lr: 0.01000	Loss 0.2432 (0.2725)	Prec@1 93.750 (90.861)	Prec@5 100.000 (99.833)
Epoch: [93][290/391], lr: 0.01000	Loss 0.2840 (0.2729)	Prec@1 88.281 (90.856)	Prec@5 100.000 (99.839)
Epoch: [93][300/391], lr: 0.01000	Loss 0.2960 (0.2728)	Prec@1 92.969 (90.885)	Prec@5 98.438 (99.836)
Epoch: [93][310/391], lr: 0.01000	Loss 0.2748 (0.2739)	Prec@1 93.750 (90.864)	Prec@5 99.219 (99.837)
Epoch: [93][320/391], lr: 0.01000	Loss 0.3581 (0.2746)	Prec@1 89.062 (90.842)	Prec@5 99.219 (99.837)
Epoch: [93][330/391], lr: 0.01000	Loss 0.1817 (0.2755)	Prec@1 94.531 (90.807)	Prec@5 100.000 (99.835)
Epoch: [93][340/391], lr: 0.01000	Loss 0.3366 (0.2764)	Prec@1 89.062 (90.744)	Prec@5 100.000 (99.833)
Epoch: [93][350/391], lr: 0.01000	Loss 0.2717 (0.2778)	Prec@1 94.531 (90.716)	Prec@5 99.219 (99.833)
Epoch: [93][360/391], lr: 0.01000	Loss 0.2177 (0.2770)	Prec@1 92.188 (90.757)	Prec@5 100.000 (99.831)
Epoch: [93][370/391], lr: 0.01000	Loss 0.2550 (0.2769)	Prec@1 91.406 (90.775)	Prec@5 100.000 (99.832)
Epoch: [93][380/391], lr: 0.01000	Loss 0.2662 (0.2764)	Prec@1 92.188 (90.803)	Prec@5 100.000 (99.834)
Epoch: [93][390/391], lr: 0.01000	Loss 0.3016 (0.2760)	Prec@1 92.500 (90.816)	Prec@5 100.000 (99.836)
Epoch [93] Training Results: Prec@1 90.816 Prec@5 99.836             Loss 0.27597
Epoch [93] Training Class Recall: [0.817,0.881,0.846,0.887,0.914,0.929,0.941,0.947,0.955,0.963]

Epoch: [94][0/391], lr: 0.01000	Loss 0.1895 (0.1895)	Prec@1 94.531 (94.531)	Prec@5 100.000 (100.000)
Epoch: [94][10/391], lr: 0.01000	Loss 0.1423 (0.2272)	Prec@1 96.094 (92.472)	Prec@5 100.000 (100.000)
Epoch: [94][20/391], lr: 0.01000	Loss 0.2376 (0.2387)	Prec@1 91.406 (91.815)	Prec@5 100.000 (99.963)
Epoch: [94][30/391], lr: 0.01000	Loss 0.1730 (0.2409)	Prec@1 93.750 (91.658)	Prec@5 100.000 (99.924)
Epoch: [94][40/391], lr: 0.01000	Loss 0.3752 (0.2448)	Prec@1 87.500 (91.521)	Prec@5 100.000 (99.924)
Epoch: [94][50/391], lr: 0.01000	Loss 0.2422 (0.2500)	Prec@1 90.625 (91.268)	Prec@5 100.000 (99.923)
Epoch: [94][60/391], lr: 0.01000	Loss 0.2564 (0.2612)	Prec@1 92.188 (91.060)	Prec@5 100.000 (99.910)
Epoch: [94][70/391], lr: 0.01000	Loss 0.1831 (0.2618)	Prec@1 92.969 (91.021)	Prec@5 100.000 (99.923)
Epoch: [94][80/391], lr: 0.01000	Loss 0.4847 (0.2642)	Prec@1 86.719 (90.914)	Prec@5 100.000 (99.923)
Epoch: [94][90/391], lr: 0.01000	Loss 0.2949 (0.2683)	Prec@1 88.281 (90.728)	Prec@5 100.000 (99.923)
Epoch: [94][100/391], lr: 0.01000	Loss 0.3830 (0.2708)	Prec@1 88.281 (90.772)	Prec@5 99.219 (99.907)
Epoch: [94][110/391], lr: 0.01000	Loss 0.2683 (0.2730)	Prec@1 91.406 (90.716)	Prec@5 100.000 (99.901)
Epoch: [94][120/391], lr: 0.01000	Loss 0.2809 (0.2757)	Prec@1 92.188 (90.677)	Prec@5 99.219 (99.890)
Epoch: [94][130/391], lr: 0.01000	Loss 0.3419 (0.2769)	Prec@1 86.719 (90.625)	Prec@5 100.000 (99.881)
Epoch: [94][140/391], lr: 0.01000	Loss 0.3388 (0.2773)	Prec@1 86.719 (90.642)	Prec@5 100.000 (99.867)
Epoch: [94][150/391], lr: 0.01000	Loss 0.2495 (0.2767)	Prec@1 92.188 (90.718)	Prec@5 100.000 (99.865)
Epoch: [94][160/391], lr: 0.01000	Loss 0.2853 (0.2783)	Prec@1 92.969 (90.712)	Prec@5 100.000 (99.864)
Epoch: [94][170/391], lr: 0.01000	Loss 0.4342 (0.2797)	Prec@1 85.938 (90.680)	Prec@5 100.000 (99.858)
Epoch: [94][180/391], lr: 0.01000	Loss 0.1123 (0.2773)	Prec@1 97.656 (90.789)	Prec@5 100.000 (99.853)
Epoch: [94][190/391], lr: 0.01000	Loss 0.2006 (0.2747)	Prec@1 93.750 (90.899)	Prec@5 100.000 (99.849)
Epoch: [94][200/391], lr: 0.01000	Loss 0.2372 (0.2738)	Prec@1 92.188 (90.920)	Prec@5 99.219 (99.848)
Epoch: [94][210/391], lr: 0.01000	Loss 0.3876 (0.2741)	Prec@1 89.844 (90.951)	Prec@5 99.219 (99.837)
Epoch: [94][220/391], lr: 0.01000	Loss 0.2226 (0.2726)	Prec@1 92.188 (90.996)	Prec@5 100.000 (99.844)
Epoch: [94][230/391], lr: 0.01000	Loss 0.3567 (0.2740)	Prec@1 89.844 (90.960)	Prec@5 98.438 (99.838)
Epoch: [94][240/391], lr: 0.01000	Loss 0.3171 (0.2736)	Prec@1 91.406 (90.972)	Prec@5 100.000 (99.838)
Epoch: [94][250/391], lr: 0.01000	Loss 0.4487 (0.2757)	Prec@1 88.281 (90.921)	Prec@5 98.438 (99.826)
Epoch: [94][260/391], lr: 0.01000	Loss 0.2156 (0.2754)	Prec@1 92.188 (90.939)	Prec@5 99.219 (99.823)
Epoch: [94][270/391], lr: 0.01000	Loss 0.2095 (0.2758)	Prec@1 95.312 (90.916)	Prec@5 99.219 (99.818)
Epoch: [94][280/391], lr: 0.01000	Loss 0.2496 (0.2771)	Prec@1 92.969 (90.889)	Prec@5 100.000 (99.814)
Epoch: [94][290/391], lr: 0.01000	Loss 0.2454 (0.2789)	Prec@1 89.844 (90.821)	Prec@5 100.000 (99.812)
Epoch: [94][300/391], lr: 0.01000	Loss 0.3032 (0.2799)	Prec@1 89.844 (90.801)	Prec@5 99.219 (99.811)
Epoch: [94][310/391], lr: 0.01000	Loss 0.1941 (0.2809)	Prec@1 93.750 (90.778)	Prec@5 100.000 (99.809)
Epoch: [94][320/391], lr: 0.01000	Loss 0.2964 (0.2814)	Prec@1 90.625 (90.756)	Prec@5 100.000 (99.810)
Epoch: [94][330/391], lr: 0.01000	Loss 0.3124 (0.2818)	Prec@1 92.188 (90.748)	Prec@5 100.000 (99.811)
Epoch: [94][340/391], lr: 0.01000	Loss 0.3541 (0.2822)	Prec@1 89.844 (90.733)	Prec@5 100.000 (99.814)
Epoch: [94][350/391], lr: 0.01000	Loss 0.2585 (0.2817)	Prec@1 93.750 (90.747)	Prec@5 100.000 (99.817)
Epoch: [94][360/391], lr: 0.01000	Loss 0.2900 (0.2814)	Prec@1 91.406 (90.753)	Prec@5 100.000 (99.820)
Epoch: [94][370/391], lr: 0.01000	Loss 0.2334 (0.2821)	Prec@1 93.750 (90.741)	Prec@5 100.000 (99.819)
Epoch: [94][380/391], lr: 0.01000	Loss 0.3453 (0.2826)	Prec@1 89.844 (90.721)	Prec@5 99.219 (99.818)
Epoch: [94][390/391], lr: 0.01000	Loss 0.3020 (0.2822)	Prec@1 87.500 (90.742)	Prec@5 100.000 (99.816)
Epoch [94] Training Results: Prec@1 90.742 Prec@5 99.816             Loss 0.28216
Epoch [94] Training Class Recall: [0.824,0.873,0.853,0.881,0.913,0.925,0.938,0.948,0.962,0.958]

Epoch: [95][0/391], lr: 0.01000	Loss 0.1588 (0.1588)	Prec@1 96.094 (96.094)	Prec@5 100.000 (100.000)
Epoch: [95][10/391], lr: 0.01000	Loss 0.2169 (0.2479)	Prec@1 91.406 (91.619)	Prec@5 100.000 (100.000)
Epoch: [95][20/391], lr: 0.01000	Loss 0.1778 (0.2509)	Prec@1 96.875 (91.778)	Prec@5 100.000 (100.000)
Epoch: [95][30/391], lr: 0.01000	Loss 0.2342 (0.2498)	Prec@1 90.625 (91.683)	Prec@5 100.000 (99.975)
Epoch: [95][40/391], lr: 0.01000	Loss 0.2603 (0.2533)	Prec@1 90.625 (91.387)	Prec@5 100.000 (99.943)
Epoch: [95][50/391], lr: 0.01000	Loss 0.1882 (0.2450)	Prec@1 93.750 (91.697)	Prec@5 100.000 (99.939)
Epoch: [95][60/391], lr: 0.01000	Loss 0.2760 (0.2442)	Prec@1 89.844 (91.675)	Prec@5 100.000 (99.923)
Epoch: [95][70/391], lr: 0.01000	Loss 0.2109 (0.2471)	Prec@1 93.750 (91.571)	Prec@5 100.000 (99.934)
Epoch: [95][80/391], lr: 0.01000	Loss 0.3126 (0.2489)	Prec@1 91.406 (91.570)	Prec@5 100.000 (99.942)
Epoch: [95][90/391], lr: 0.01000	Loss 0.2915 (0.2487)	Prec@1 90.625 (91.595)	Prec@5 100.000 (99.940)
Epoch: [95][100/391], lr: 0.01000	Loss 0.3516 (0.2510)	Prec@1 90.625 (91.484)	Prec@5 99.219 (99.930)
Epoch: [95][110/391], lr: 0.01000	Loss 0.3654 (0.2528)	Prec@1 88.281 (91.498)	Prec@5 99.219 (99.916)
Epoch: [95][120/391], lr: 0.01000	Loss 0.2872 (0.2519)	Prec@1 91.406 (91.548)	Prec@5 99.219 (99.903)
Epoch: [95][130/391], lr: 0.01000	Loss 0.2488 (0.2515)	Prec@1 90.625 (91.526)	Prec@5 100.000 (99.905)
Epoch: [95][140/391], lr: 0.01000	Loss 0.1862 (0.2503)	Prec@1 94.531 (91.561)	Prec@5 100.000 (99.906)
Epoch: [95][150/391], lr: 0.01000	Loss 0.1976 (0.2517)	Prec@1 92.969 (91.484)	Prec@5 100.000 (99.907)
Epoch: [95][160/391], lr: 0.01000	Loss 0.2938 (0.2536)	Prec@1 89.062 (91.431)	Prec@5 100.000 (99.898)
Epoch: [95][170/391], lr: 0.01000	Loss 0.3340 (0.2570)	Prec@1 91.406 (91.356)	Prec@5 100.000 (99.881)
Epoch: [95][180/391], lr: 0.01000	Loss 0.1768 (0.2570)	Prec@1 93.750 (91.346)	Prec@5 100.000 (99.879)
Epoch: [95][190/391], lr: 0.01000	Loss 0.2894 (0.2573)	Prec@1 92.188 (91.353)	Prec@5 100.000 (99.877)
Epoch: [95][200/391], lr: 0.01000	Loss 0.3179 (0.2574)	Prec@1 89.844 (91.379)	Prec@5 100.000 (99.876)
Epoch: [95][210/391], lr: 0.01000	Loss 0.2411 (0.2578)	Prec@1 92.969 (91.366)	Prec@5 100.000 (99.882)
Epoch: [95][220/391], lr: 0.01000	Loss 0.2598 (0.2590)	Prec@1 89.844 (91.318)	Prec@5 99.219 (99.873)
Epoch: [95][230/391], lr: 0.01000	Loss 0.1564 (0.2592)	Prec@1 93.750 (91.291)	Prec@5 100.000 (99.871)
Epoch: [95][240/391], lr: 0.01000	Loss 0.3168 (0.2602)	Prec@1 90.625 (91.244)	Prec@5 100.000 (99.877)
Epoch: [95][250/391], lr: 0.01000	Loss 0.2477 (0.2615)	Prec@1 89.844 (91.182)	Prec@5 100.000 (99.882)
Epoch: [95][260/391], lr: 0.01000	Loss 0.4104 (0.2630)	Prec@1 86.719 (91.197)	Prec@5 99.219 (99.862)
Epoch: [95][270/391], lr: 0.01000	Loss 0.2051 (0.2644)	Prec@1 94.531 (91.173)	Prec@5 100.000 (99.859)
Epoch: [95][280/391], lr: 0.01000	Loss 0.3075 (0.2653)	Prec@1 86.719 (91.114)	Prec@5 100.000 (99.858)
Epoch: [95][290/391], lr: 0.01000	Loss 0.3869 (0.2672)	Prec@1 85.938 (91.047)	Prec@5 100.000 (99.863)
Epoch: [95][300/391], lr: 0.01000	Loss 0.2781 (0.2682)	Prec@1 90.625 (91.001)	Prec@5 99.219 (99.860)
Epoch: [95][310/391], lr: 0.01000	Loss 0.5046 (0.2700)	Prec@1 89.844 (90.984)	Prec@5 99.219 (99.859)
Epoch: [95][320/391], lr: 0.01000	Loss 0.2200 (0.2710)	Prec@1 90.625 (90.941)	Prec@5 100.000 (99.861)
Epoch: [95][330/391], lr: 0.01000	Loss 0.3237 (0.2724)	Prec@1 92.188 (90.922)	Prec@5 98.438 (99.858)
Epoch: [95][340/391], lr: 0.01000	Loss 0.3500 (0.2731)	Prec@1 87.500 (90.877)	Prec@5 100.000 (99.856)
Epoch: [95][350/391], lr: 0.01000	Loss 0.4160 (0.2753)	Prec@1 86.719 (90.836)	Prec@5 99.219 (99.846)
Epoch: [95][360/391], lr: 0.01000	Loss 0.4092 (0.2773)	Prec@1 85.156 (90.794)	Prec@5 98.438 (99.838)
Epoch: [95][370/391], lr: 0.01000	Loss 0.2462 (0.2778)	Prec@1 93.750 (90.781)	Prec@5 100.000 (99.842)
Epoch: [95][380/391], lr: 0.01000	Loss 0.2148 (0.2779)	Prec@1 94.531 (90.793)	Prec@5 100.000 (99.840)
Epoch: [95][390/391], lr: 0.01000	Loss 0.2434 (0.2789)	Prec@1 90.000 (90.748)	Prec@5 100.000 (99.840)
Epoch [95] Training Results: Prec@1 90.748 Prec@5 99.840             Loss 0.27891
Epoch [95] Training Class Recall: [0.827,0.880,0.853,0.880,0.912,0.916,0.940,0.947,0.957,0.962]

Epoch: [96][0/391], lr: 0.01000	Loss 0.2841 (0.2841)	Prec@1 89.844 (89.844)	Prec@5 100.000 (100.000)
Epoch: [96][10/391], lr: 0.01000	Loss 0.3274 (0.2591)	Prec@1 89.062 (92.045)	Prec@5 100.000 (99.858)
Epoch: [96][20/391], lr: 0.01000	Loss 0.2023 (0.2844)	Prec@1 94.531 (91.146)	Prec@5 99.219 (99.814)
Epoch: [96][30/391], lr: 0.01000	Loss 0.3282 (0.2741)	Prec@1 90.625 (91.482)	Prec@5 100.000 (99.824)
Epoch: [96][40/391], lr: 0.01000	Loss 0.2584 (0.2720)	Prec@1 91.406 (91.444)	Prec@5 99.219 (99.828)
Epoch: [96][50/391], lr: 0.01000	Loss 0.2481 (0.2676)	Prec@1 91.406 (91.376)	Prec@5 100.000 (99.847)
Epoch: [96][60/391], lr: 0.01000	Loss 0.1376 (0.2607)	Prec@1 96.094 (91.496)	Prec@5 100.000 (99.872)
Epoch: [96][70/391], lr: 0.01000	Loss 0.2224 (0.2536)	Prec@1 92.969 (91.692)	Prec@5 100.000 (99.890)
Epoch: [96][80/391], lr: 0.01000	Loss 0.1206 (0.2502)	Prec@1 96.094 (91.753)	Prec@5 100.000 (99.904)
Epoch: [96][90/391], lr: 0.01000	Loss 0.2587 (0.2486)	Prec@1 91.406 (91.758)	Prec@5 100.000 (99.914)
Epoch: [96][100/391], lr: 0.01000	Loss 0.2344 (0.2495)	Prec@1 92.969 (91.700)	Prec@5 100.000 (99.907)
Epoch: [96][110/391], lr: 0.01000	Loss 0.3010 (0.2502)	Prec@1 89.844 (91.681)	Prec@5 100.000 (99.901)
Epoch: [96][120/391], lr: 0.01000	Loss 0.2113 (0.2511)	Prec@1 92.969 (91.639)	Prec@5 100.000 (99.890)
Epoch: [96][130/391], lr: 0.01000	Loss 0.2388 (0.2521)	Prec@1 89.062 (91.549)	Prec@5 100.000 (99.893)
Epoch: [96][140/391], lr: 0.01000	Loss 0.4440 (0.2568)	Prec@1 90.625 (91.473)	Prec@5 98.438 (99.889)
Epoch: [96][150/391], lr: 0.01000	Loss 0.2373 (0.2573)	Prec@1 90.625 (91.468)	Prec@5 100.000 (99.891)
Epoch: [96][160/391], lr: 0.01000	Loss 0.2447 (0.2574)	Prec@1 94.531 (91.474)	Prec@5 100.000 (99.888)
Epoch: [96][170/391], lr: 0.01000	Loss 0.2409 (0.2592)	Prec@1 91.406 (91.461)	Prec@5 100.000 (99.881)
Epoch: [96][180/391], lr: 0.01000	Loss 0.4028 (0.2608)	Prec@1 82.031 (91.359)	Prec@5 100.000 (99.883)
Epoch: [96][190/391], lr: 0.01000	Loss 0.4404 (0.2619)	Prec@1 85.938 (91.333)	Prec@5 100.000 (99.885)
Epoch: [96][200/391], lr: 0.01000	Loss 0.2473 (0.2629)	Prec@1 91.406 (91.290)	Prec@5 100.000 (99.880)
Epoch: [96][210/391], lr: 0.01000	Loss 0.3771 (0.2649)	Prec@1 89.844 (91.266)	Prec@5 100.000 (99.870)
Epoch: [96][220/391], lr: 0.01000	Loss 0.2721 (0.2664)	Prec@1 89.062 (91.208)	Prec@5 99.219 (99.869)
Epoch: [96][230/391], lr: 0.01000	Loss 0.4103 (0.2684)	Prec@1 87.500 (91.132)	Prec@5 100.000 (99.868)
Epoch: [96][240/391], lr: 0.01000	Loss 0.1536 (0.2673)	Prec@1 94.531 (91.179)	Prec@5 100.000 (99.874)
Epoch: [96][250/391], lr: 0.01000	Loss 0.3717 (0.2680)	Prec@1 89.062 (91.160)	Prec@5 100.000 (99.879)
Epoch: [96][260/391], lr: 0.01000	Loss 0.2987 (0.2683)	Prec@1 89.844 (91.158)	Prec@5 100.000 (99.883)
Epoch: [96][270/391], lr: 0.01000	Loss 0.2393 (0.2689)	Prec@1 93.750 (91.150)	Prec@5 100.000 (99.879)
Epoch: [96][280/391], lr: 0.01000	Loss 0.2702 (0.2689)	Prec@1 91.406 (91.145)	Prec@5 100.000 (99.878)
Epoch: [96][290/391], lr: 0.01000	Loss 0.1850 (0.2688)	Prec@1 95.312 (91.159)	Prec@5 100.000 (99.882)
Epoch: [96][300/391], lr: 0.01000	Loss 0.2799 (0.2684)	Prec@1 89.062 (91.178)	Prec@5 100.000 (99.883)
Epoch: [96][310/391], lr: 0.01000	Loss 0.3068 (0.2695)	Prec@1 89.062 (91.142)	Prec@5 99.219 (99.874)
Epoch: [96][320/391], lr: 0.01000	Loss 0.3618 (0.2694)	Prec@1 89.844 (91.170)	Prec@5 100.000 (99.876)
Epoch: [96][330/391], lr: 0.01000	Loss 0.2453 (0.2706)	Prec@1 89.062 (91.121)	Prec@5 100.000 (99.875)
Epoch: [96][340/391], lr: 0.01000	Loss 0.3113 (0.2704)	Prec@1 88.281 (91.134)	Prec@5 99.219 (99.874)
Epoch: [96][350/391], lr: 0.01000	Loss 0.3545 (0.2707)	Prec@1 91.406 (91.130)	Prec@5 99.219 (99.875)
Epoch: [96][360/391], lr: 0.01000	Loss 0.3418 (0.2718)	Prec@1 90.625 (91.123)	Prec@5 99.219 (99.870)
Epoch: [96][370/391], lr: 0.01000	Loss 0.3313 (0.2719)	Prec@1 90.625 (91.116)	Prec@5 100.000 (99.869)
Epoch: [96][380/391], lr: 0.01000	Loss 0.2080 (0.2726)	Prec@1 92.969 (91.082)	Prec@5 100.000 (99.869)
Epoch: [96][390/391], lr: 0.01000	Loss 0.3038 (0.2733)	Prec@1 88.750 (91.064)	Prec@5 100.000 (99.866)
Epoch [96] Training Results: Prec@1 91.064 Prec@5 99.866             Loss 0.27327
Epoch [96] Training Class Recall: [0.827,0.877,0.855,0.887,0.917,0.930,0.947,0.947,0.960,0.959]

Epoch: [97][0/391], lr: 0.01000	Loss 0.3302 (0.3302)	Prec@1 91.406 (91.406)	Prec@5 100.000 (100.000)
Epoch: [97][10/391], lr: 0.01000	Loss 0.2804 (0.2781)	Prec@1 91.406 (90.199)	Prec@5 100.000 (100.000)
Epoch: [97][20/391], lr: 0.01000	Loss 0.2772 (0.2604)	Prec@1 89.062 (91.183)	Prec@5 100.000 (99.963)
Epoch: [97][30/391], lr: 0.01000	Loss 0.3714 (0.2548)	Prec@1 91.406 (91.507)	Prec@5 99.219 (99.899)
Epoch: [97][40/391], lr: 0.01000	Loss 0.2636 (0.2488)	Prec@1 90.625 (91.825)	Prec@5 100.000 (99.924)
Epoch: [97][50/391], lr: 0.01000	Loss 0.3292 (0.2468)	Prec@1 89.062 (91.912)	Prec@5 100.000 (99.923)
Epoch: [97][60/391], lr: 0.01000	Loss 0.1700 (0.2419)	Prec@1 95.312 (92.123)	Prec@5 100.000 (99.923)
Epoch: [97][70/391], lr: 0.01000	Loss 0.2337 (0.2388)	Prec@1 91.406 (92.254)	Prec@5 100.000 (99.934)
Epoch: [97][80/391], lr: 0.01000	Loss 0.3147 (0.2422)	Prec@1 87.500 (91.985)	Prec@5 100.000 (99.932)
Epoch: [97][90/391], lr: 0.01000	Loss 0.2075 (0.2438)	Prec@1 92.188 (91.999)	Prec@5 100.000 (99.931)
Epoch: [97][100/391], lr: 0.01000	Loss 0.2257 (0.2445)	Prec@1 92.969 (92.010)	Prec@5 100.000 (99.923)
Epoch: [97][110/391], lr: 0.01000	Loss 0.2114 (0.2446)	Prec@1 91.406 (91.997)	Prec@5 100.000 (99.916)
Epoch: [97][120/391], lr: 0.01000	Loss 0.2879 (0.2426)	Prec@1 92.188 (92.091)	Prec@5 99.219 (99.916)
Epoch: [97][130/391], lr: 0.01000	Loss 0.2491 (0.2444)	Prec@1 87.500 (92.015)	Prec@5 100.000 (99.899)
Epoch: [97][140/391], lr: 0.01000	Loss 0.2691 (0.2434)	Prec@1 89.062 (92.027)	Prec@5 100.000 (99.900)
Epoch: [97][150/391], lr: 0.01000	Loss 0.4364 (0.2453)	Prec@1 89.062 (92.006)	Prec@5 99.219 (99.897)
Epoch: [97][160/391], lr: 0.01000	Loss 0.2117 (0.2496)	Prec@1 92.188 (91.838)	Prec@5 100.000 (99.888)
Epoch: [97][170/391], lr: 0.01000	Loss 0.2800 (0.2519)	Prec@1 91.406 (91.785)	Prec@5 100.000 (99.886)
Epoch: [97][180/391], lr: 0.01000	Loss 0.1555 (0.2540)	Prec@1 92.969 (91.682)	Prec@5 100.000 (99.871)
Epoch: [97][190/391], lr: 0.01000	Loss 0.3602 (0.2566)	Prec@1 86.719 (91.558)	Prec@5 100.000 (99.869)
Epoch: [97][200/391], lr: 0.01000	Loss 0.2179 (0.2552)	Prec@1 94.531 (91.593)	Prec@5 100.000 (99.872)
Epoch: [97][210/391], lr: 0.01000	Loss 0.3304 (0.2582)	Prec@1 89.844 (91.514)	Prec@5 99.219 (99.870)
Epoch: [97][220/391], lr: 0.01000	Loss 0.2366 (0.2586)	Prec@1 90.625 (91.495)	Prec@5 100.000 (99.876)
Epoch: [97][230/391], lr: 0.01000	Loss 0.2903 (0.2606)	Prec@1 88.281 (91.430)	Prec@5 100.000 (99.875)
Epoch: [97][240/391], lr: 0.01000	Loss 0.3416 (0.2628)	Prec@1 87.500 (91.351)	Prec@5 100.000 (99.864)
Epoch: [97][250/391], lr: 0.01000	Loss 0.3839 (0.2642)	Prec@1 90.625 (91.276)	Prec@5 100.000 (99.869)
Epoch: [97][260/391], lr: 0.01000	Loss 0.3398 (0.2664)	Prec@1 89.844 (91.203)	Prec@5 98.438 (99.865)
Epoch: [97][270/391], lr: 0.01000	Loss 0.2389 (0.2685)	Prec@1 92.188 (91.135)	Prec@5 100.000 (99.859)
Epoch: [97][280/391], lr: 0.01000	Loss 0.4230 (0.2695)	Prec@1 85.938 (91.109)	Prec@5 100.000 (99.861)
Epoch: [97][290/391], lr: 0.01000	Loss 0.2700 (0.2715)	Prec@1 90.625 (91.049)	Prec@5 100.000 (99.855)
Epoch: [97][300/391], lr: 0.01000	Loss 0.1845 (0.2705)	Prec@1 93.750 (91.084)	Prec@5 100.000 (99.860)
Epoch: [97][310/391], lr: 0.01000	Loss 0.2954 (0.2717)	Prec@1 90.625 (91.032)	Prec@5 100.000 (99.862)
Epoch: [97][320/391], lr: 0.01000	Loss 0.3253 (0.2722)	Prec@1 89.844 (90.988)	Prec@5 100.000 (99.859)
Epoch: [97][330/391], lr: 0.01000	Loss 0.3819 (0.2730)	Prec@1 88.281 (90.977)	Prec@5 99.219 (99.856)
Epoch: [97][340/391], lr: 0.01000	Loss 0.1896 (0.2728)	Prec@1 96.094 (90.992)	Prec@5 100.000 (99.849)
Epoch: [97][350/391], lr: 0.01000	Loss 0.2980 (0.2729)	Prec@1 89.844 (90.986)	Prec@5 99.219 (99.849)
Epoch: [97][360/391], lr: 0.01000	Loss 0.4089 (0.2745)	Prec@1 85.938 (90.924)	Prec@5 99.219 (99.842)
Epoch: [97][370/391], lr: 0.01000	Loss 0.3436 (0.2745)	Prec@1 89.062 (90.924)	Prec@5 100.000 (99.846)
Epoch: [97][380/391], lr: 0.01000	Loss 0.4335 (0.2752)	Prec@1 86.719 (90.906)	Prec@5 99.219 (99.848)
Epoch: [97][390/391], lr: 0.01000	Loss 0.3574 (0.2759)	Prec@1 87.500 (90.874)	Prec@5 100.000 (99.848)
Epoch [97] Training Results: Prec@1 90.874 Prec@5 99.848             Loss 0.27587
Epoch [97] Training Class Recall: [0.824,0.882,0.849,0.885,0.908,0.925,0.947,0.946,0.957,0.964]

Epoch: [98][0/391], lr: 0.01000	Loss 0.3603 (0.3603)	Prec@1 87.500 (87.500)	Prec@5 100.000 (100.000)
Epoch: [98][10/391], lr: 0.01000	Loss 0.2168 (0.2621)	Prec@1 92.969 (91.548)	Prec@5 100.000 (100.000)
Epoch: [98][20/391], lr: 0.01000	Loss 0.3425 (0.2747)	Prec@1 90.625 (91.034)	Prec@5 99.219 (99.926)
Epoch: [98][30/391], lr: 0.01000	Loss 0.2458 (0.2732)	Prec@1 92.188 (90.953)	Prec@5 100.000 (99.874)
Epoch: [98][40/391], lr: 0.01000	Loss 0.1795 (0.2794)	Prec@1 95.312 (90.892)	Prec@5 100.000 (99.886)
Epoch: [98][50/391], lr: 0.01000	Loss 0.2592 (0.2777)	Prec@1 90.625 (90.885)	Prec@5 100.000 (99.862)
Epoch: [98][60/391], lr: 0.01000	Loss 0.2015 (0.2744)	Prec@1 93.750 (91.048)	Prec@5 100.000 (99.872)
Epoch: [98][70/391], lr: 0.01000	Loss 0.2666 (0.2722)	Prec@1 89.844 (91.032)	Prec@5 100.000 (99.879)
Epoch: [98][80/391], lr: 0.01000	Loss 0.2078 (0.2776)	Prec@1 92.969 (90.750)	Prec@5 100.000 (99.865)
Epoch: [98][90/391], lr: 0.01000	Loss 0.2214 (0.2795)	Prec@1 89.844 (90.694)	Prec@5 100.000 (99.837)
Epoch: [98][100/391], lr: 0.01000	Loss 0.2972 (0.2777)	Prec@1 92.188 (90.826)	Prec@5 100.000 (99.830)
Epoch: [98][110/391], lr: 0.01000	Loss 0.1915 (0.2729)	Prec@1 92.188 (90.970)	Prec@5 100.000 (99.838)
Epoch: [98][120/391], lr: 0.01000	Loss 0.4022 (0.2735)	Prec@1 89.062 (91.012)	Prec@5 100.000 (99.845)
Epoch: [98][130/391], lr: 0.01000	Loss 0.1970 (0.2716)	Prec@1 93.750 (91.084)	Prec@5 100.000 (99.851)
Epoch: [98][140/391], lr: 0.01000	Loss 0.2462 (0.2720)	Prec@1 90.625 (91.052)	Prec@5 100.000 (99.850)
Epoch: [98][150/391], lr: 0.01000	Loss 0.3469 (0.2722)	Prec@1 88.281 (91.054)	Prec@5 99.219 (99.850)
Epoch: [98][160/391], lr: 0.01000	Loss 0.2420 (0.2705)	Prec@1 92.188 (91.110)	Prec@5 100.000 (99.859)
Epoch: [98][170/391], lr: 0.01000	Loss 0.3192 (0.2736)	Prec@1 89.844 (91.004)	Prec@5 99.219 (99.845)
Epoch: [98][180/391], lr: 0.01000	Loss 0.3721 (0.2766)	Prec@1 89.062 (90.927)	Prec@5 100.000 (99.840)
Epoch: [98][190/391], lr: 0.01000	Loss 0.3406 (0.2803)	Prec@1 86.719 (90.838)	Prec@5 99.219 (99.824)
Epoch: [98][200/391], lr: 0.01000	Loss 0.3631 (0.2814)	Prec@1 89.062 (90.831)	Prec@5 99.219 (99.825)
Epoch: [98][210/391], lr: 0.01000	Loss 0.3908 (0.2815)	Prec@1 88.281 (90.862)	Prec@5 100.000 (99.815)
Epoch: [98][220/391], lr: 0.01000	Loss 0.3663 (0.2822)	Prec@1 87.500 (90.812)	Prec@5 100.000 (99.820)
Epoch: [98][230/391], lr: 0.01000	Loss 0.3750 (0.2825)	Prec@1 87.500 (90.821)	Prec@5 98.438 (99.814)
Epoch: [98][240/391], lr: 0.01000	Loss 0.2864 (0.2834)	Prec@1 89.844 (90.794)	Prec@5 100.000 (99.812)
Epoch: [98][250/391], lr: 0.01000	Loss 0.2170 (0.2820)	Prec@1 93.750 (90.824)	Prec@5 99.219 (99.816)
Epoch: [98][260/391], lr: 0.01000	Loss 0.3040 (0.2828)	Prec@1 88.281 (90.796)	Prec@5 99.219 (99.805)
Epoch: [98][270/391], lr: 0.01000	Loss 0.3670 (0.2831)	Prec@1 84.375 (90.784)	Prec@5 100.000 (99.807)
Epoch: [98][280/391], lr: 0.01000	Loss 0.2070 (0.2819)	Prec@1 93.750 (90.800)	Prec@5 100.000 (99.814)
Epoch: [98][290/391], lr: 0.01000	Loss 0.2254 (0.2821)	Prec@1 91.406 (90.808)	Prec@5 100.000 (99.815)
Epoch: [98][300/391], lr: 0.01000	Loss 0.2163 (0.2818)	Prec@1 93.750 (90.812)	Prec@5 100.000 (99.811)
Epoch: [98][310/391], lr: 0.01000	Loss 0.1454 (0.2812)	Prec@1 96.094 (90.821)	Prec@5 100.000 (99.814)
Epoch: [98][320/391], lr: 0.01000	Loss 0.2091 (0.2815)	Prec@1 95.312 (90.834)	Prec@5 100.000 (99.808)
Epoch: [98][330/391], lr: 0.01000	Loss 0.2900 (0.2808)	Prec@1 87.500 (90.861)	Prec@5 100.000 (99.811)
Epoch: [98][340/391], lr: 0.01000	Loss 0.2739 (0.2792)	Prec@1 94.531 (90.939)	Prec@5 99.219 (99.810)
Epoch: [98][350/391], lr: 0.01000	Loss 0.1711 (0.2787)	Prec@1 94.531 (90.963)	Prec@5 100.000 (99.813)
Epoch: [98][360/391], lr: 0.01000	Loss 0.1906 (0.2794)	Prec@1 94.531 (90.941)	Prec@5 100.000 (99.816)
Epoch: [98][370/391], lr: 0.01000	Loss 0.3071 (0.2790)	Prec@1 92.188 (90.941)	Prec@5 100.000 (99.821)
Epoch: [98][380/391], lr: 0.01000	Loss 0.2484 (0.2781)	Prec@1 92.969 (90.969)	Prec@5 98.438 (99.818)
Epoch: [98][390/391], lr: 0.01000	Loss 0.2991 (0.2773)	Prec@1 95.000 (90.982)	Prec@5 98.750 (99.816)
Epoch [98] Training Results: Prec@1 90.982 Prec@5 99.816             Loss 0.27734
Epoch [98] Training Class Recall: [0.833,0.875,0.856,0.894,0.916,0.924,0.948,0.946,0.955,0.953]

Epoch: [99][0/391], lr: 0.01000	Loss 0.2109 (0.2109)	Prec@1 92.969 (92.969)	Prec@5 100.000 (100.000)
Epoch: [99][10/391], lr: 0.01000	Loss 0.1410 (0.2173)	Prec@1 93.750 (91.761)	Prec@5 100.000 (100.000)
Epoch: [99][20/391], lr: 0.01000	Loss 0.1842 (0.2213)	Prec@1 93.750 (92.299)	Prec@5 100.000 (99.926)
Epoch: [99][30/391], lr: 0.01000	Loss 0.3491 (0.2340)	Prec@1 91.406 (92.112)	Prec@5 99.219 (99.899)
Epoch: [99][40/391], lr: 0.01000	Loss 0.2519 (0.2345)	Prec@1 88.281 (91.997)	Prec@5 100.000 (99.886)
Epoch: [99][50/391], lr: 0.01000	Loss 0.2932 (0.2348)	Prec@1 90.625 (92.142)	Prec@5 100.000 (99.862)
Epoch: [99][60/391], lr: 0.01000	Loss 0.1774 (0.2308)	Prec@1 94.531 (92.264)	Prec@5 99.219 (99.859)
Epoch: [99][70/391], lr: 0.01000	Loss 0.1995 (0.2355)	Prec@1 92.188 (92.110)	Prec@5 100.000 (99.879)
Epoch: [99][80/391], lr: 0.01000	Loss 0.3172 (0.2366)	Prec@1 89.844 (92.014)	Prec@5 100.000 (99.865)
Epoch: [99][90/391], lr: 0.01000	Loss 0.3171 (0.2405)	Prec@1 89.062 (91.836)	Prec@5 100.000 (99.880)
Epoch: [99][100/391], lr: 0.01000	Loss 0.2282 (0.2460)	Prec@1 90.625 (91.662)	Prec@5 100.000 (99.884)
Epoch: [99][110/391], lr: 0.01000	Loss 0.1583 (0.2471)	Prec@1 94.531 (91.660)	Prec@5 100.000 (99.880)
Epoch: [99][120/391], lr: 0.01000	Loss 0.3278 (0.2494)	Prec@1 89.844 (91.600)	Prec@5 99.219 (99.871)
Epoch: [99][130/391], lr: 0.01000	Loss 0.4306 (0.2540)	Prec@1 83.594 (91.418)	Prec@5 100.000 (99.881)
Epoch: [99][140/391], lr: 0.01000	Loss 0.3607 (0.2596)	Prec@1 87.500 (91.251)	Prec@5 100.000 (99.878)
Epoch: [99][150/391], lr: 0.01000	Loss 0.2982 (0.2637)	Prec@1 91.406 (91.137)	Prec@5 99.219 (99.865)
Epoch: [99][160/391], lr: 0.01000	Loss 0.3055 (0.2679)	Prec@1 89.844 (91.033)	Prec@5 100.000 (99.859)
Epoch: [99][170/391], lr: 0.01000	Loss 0.3633 (0.2712)	Prec@1 87.500 (90.913)	Prec@5 100.000 (99.863)
Epoch: [99][180/391], lr: 0.01000	Loss 0.4395 (0.2737)	Prec@1 86.719 (90.832)	Prec@5 98.438 (99.845)
Epoch: [99][190/391], lr: 0.01000	Loss 0.2271 (0.2744)	Prec@1 91.406 (90.817)	Prec@5 100.000 (99.840)
Epoch: [99][200/391], lr: 0.01000	Loss 0.2897 (0.2754)	Prec@1 89.062 (90.757)	Prec@5 100.000 (99.845)
Epoch: [99][210/391], lr: 0.01000	Loss 0.4747 (0.2777)	Prec@1 85.156 (90.684)	Prec@5 100.000 (99.848)
Epoch: [99][220/391], lr: 0.01000	Loss 0.3499 (0.2801)	Prec@1 90.625 (90.646)	Prec@5 100.000 (99.837)
Epoch: [99][230/391], lr: 0.01000	Loss 0.2447 (0.2788)	Prec@1 92.188 (90.689)	Prec@5 100.000 (99.838)
Epoch: [99][240/391], lr: 0.01000	Loss 0.3282 (0.2786)	Prec@1 86.719 (90.709)	Prec@5 100.000 (99.838)
Epoch: [99][250/391], lr: 0.01000	Loss 0.4080 (0.2783)	Prec@1 85.156 (90.703)	Prec@5 99.219 (99.832)
Epoch: [99][260/391], lr: 0.01000	Loss 0.2148 (0.2783)	Prec@1 92.188 (90.721)	Prec@5 100.000 (99.832)
Epoch: [99][270/391], lr: 0.01000	Loss 0.2625 (0.2774)	Prec@1 91.406 (90.778)	Prec@5 100.000 (99.836)
Epoch: [99][280/391], lr: 0.01000	Loss 0.3036 (0.2769)	Prec@1 89.844 (90.806)	Prec@5 100.000 (99.839)
Epoch: [99][290/391], lr: 0.01000	Loss 0.2162 (0.2769)	Prec@1 94.531 (90.805)	Prec@5 99.219 (99.836)
Epoch: [99][300/391], lr: 0.01000	Loss 0.3429 (0.2761)	Prec@1 90.625 (90.827)	Prec@5 100.000 (99.834)
Epoch: [99][310/391], lr: 0.01000	Loss 0.3781 (0.2751)	Prec@1 88.281 (90.891)	Prec@5 98.438 (99.834)
Epoch: [99][320/391], lr: 0.01000	Loss 0.3658 (0.2749)	Prec@1 87.500 (90.905)	Prec@5 100.000 (99.837)
Epoch: [99][330/391], lr: 0.01000	Loss 0.2653 (0.2747)	Prec@1 90.625 (90.896)	Prec@5 100.000 (99.837)
Epoch: [99][340/391], lr: 0.01000	Loss 0.1883 (0.2753)	Prec@1 96.875 (90.888)	Prec@5 99.219 (99.840)
Epoch: [99][350/391], lr: 0.01000	Loss 0.3152 (0.2762)	Prec@1 92.969 (90.874)	Prec@5 99.219 (99.838)
Epoch: [99][360/391], lr: 0.01000	Loss 0.2237 (0.2768)	Prec@1 92.969 (90.870)	Prec@5 100.000 (99.836)
Epoch: [99][370/391], lr: 0.01000	Loss 0.2185 (0.2777)	Prec@1 92.969 (90.852)	Prec@5 99.219 (99.825)
Epoch: [99][380/391], lr: 0.01000	Loss 0.2814 (0.2779)	Prec@1 89.844 (90.826)	Prec@5 100.000 (99.824)
Epoch: [99][390/391], lr: 0.01000	Loss 0.2461 (0.2774)	Prec@1 88.750 (90.844)	Prec@5 100.000 (99.822)
Epoch [99] Training Results: Prec@1 90.844 Prec@5 99.822             Loss 0.27743
Epoch [99] Training Class Recall: [0.818,0.882,0.853,0.882,0.915,0.924,0.946,0.945,0.958,0.961]

Epoch: [100][0/391], lr: 0.01000	Loss 0.1632 (0.1632)	Prec@1 92.188 (92.188)	Prec@5 100.000 (100.000)
Epoch: [100][10/391], lr: 0.01000	Loss 0.2480 (0.2516)	Prec@1 92.188 (91.690)	Prec@5 100.000 (99.929)
Epoch: [100][20/391], lr: 0.01000	Loss 0.2986 (0.2421)	Prec@1 89.844 (92.113)	Prec@5 100.000 (99.963)
Epoch: [100][30/391], lr: 0.01000	Loss 0.1648 (0.2574)	Prec@1 93.750 (91.583)	Prec@5 100.000 (99.924)
Epoch: [100][40/391], lr: 0.01000	Loss 0.3212 (0.2667)	Prec@1 89.062 (91.178)	Prec@5 99.219 (99.867)
Epoch: [100][50/391], lr: 0.01000	Loss 0.1682 (0.2675)	Prec@1 95.312 (91.238)	Prec@5 100.000 (99.831)
Epoch: [100][60/391], lr: 0.01000	Loss 0.2801 (0.2680)	Prec@1 90.625 (91.124)	Prec@5 100.000 (99.859)
Epoch: [100][70/391], lr: 0.01000	Loss 0.3296 (0.2655)	Prec@1 85.156 (91.131)	Prec@5 100.000 (99.846)
Epoch: [100][80/391], lr: 0.01000	Loss 0.2292 (0.2651)	Prec@1 94.531 (91.223)	Prec@5 100.000 (99.865)
Epoch: [100][90/391], lr: 0.01000	Loss 0.3239 (0.2666)	Prec@1 89.844 (91.243)	Prec@5 99.219 (99.854)
Epoch: [100][100/391], lr: 0.01000	Loss 0.2196 (0.2671)	Prec@1 91.406 (91.197)	Prec@5 100.000 (99.868)
Epoch: [100][110/391], lr: 0.01000	Loss 0.2674 (0.2670)	Prec@1 89.844 (91.090)	Prec@5 100.000 (99.880)
Epoch: [100][120/391], lr: 0.01000	Loss 0.1672 (0.2664)	Prec@1 94.531 (91.129)	Prec@5 100.000 (99.890)
Epoch: [100][130/391], lr: 0.01000	Loss 0.1804 (0.2676)	Prec@1 93.750 (91.126)	Prec@5 100.000 (99.887)
Epoch: [100][140/391], lr: 0.01000	Loss 0.2207 (0.2672)	Prec@1 94.531 (91.190)	Prec@5 100.000 (99.895)
Epoch: [100][150/391], lr: 0.01000	Loss 0.2639 (0.2653)	Prec@1 91.406 (91.204)	Prec@5 100.000 (99.902)
Epoch: [100][160/391], lr: 0.01000	Loss 0.2950 (0.2650)	Prec@1 89.062 (91.241)	Prec@5 100.000 (99.903)
Epoch: [100][170/391], lr: 0.01000	Loss 0.2467 (0.2654)	Prec@1 89.844 (91.274)	Prec@5 99.219 (99.895)
Epoch: [100][180/391], lr: 0.01000	Loss 0.3224 (0.2667)	Prec@1 89.844 (91.268)	Prec@5 100.000 (99.892)
Epoch: [100][190/391], lr: 0.01000	Loss 0.3101 (0.2673)	Prec@1 88.281 (91.218)	Prec@5 100.000 (99.894)
Epoch: [100][200/391], lr: 0.01000	Loss 0.3713 (0.2709)	Prec@1 87.500 (91.126)	Prec@5 100.000 (99.883)
Epoch: [100][210/391], lr: 0.01000	Loss 0.2871 (0.2734)	Prec@1 90.625 (91.040)	Prec@5 100.000 (99.878)
Epoch: [100][220/391], lr: 0.01000	Loss 0.2810 (0.2740)	Prec@1 89.844 (91.014)	Prec@5 99.219 (99.859)
Epoch: [100][230/391], lr: 0.01000	Loss 0.3425 (0.2755)	Prec@1 89.062 (90.936)	Prec@5 100.000 (99.865)
Epoch: [100][240/391], lr: 0.01000	Loss 0.3600 (0.2754)	Prec@1 91.406 (90.956)	Prec@5 100.000 (99.864)
Epoch: [100][250/391], lr: 0.01000	Loss 0.2659 (0.2776)	Prec@1 88.281 (90.880)	Prec@5 99.219 (99.847)
Epoch: [100][260/391], lr: 0.01000	Loss 0.1978 (0.2759)	Prec@1 95.312 (90.930)	Prec@5 100.000 (99.847)
Epoch: [100][270/391], lr: 0.01000	Loss 0.2706 (0.2748)	Prec@1 89.844 (90.965)	Prec@5 99.219 (99.844)
Epoch: [100][280/391], lr: 0.01000	Loss 0.2894 (0.2753)	Prec@1 92.188 (90.973)	Prec@5 100.000 (99.842)
Epoch: [100][290/391], lr: 0.01000	Loss 0.3653 (0.2762)	Prec@1 89.844 (90.955)	Prec@5 100.000 (99.836)
Epoch: [100][300/391], lr: 0.01000	Loss 0.3175 (0.2767)	Prec@1 89.844 (90.973)	Prec@5 100.000 (99.834)
Epoch: [100][310/391], lr: 0.01000	Loss 0.3385 (0.2770)	Prec@1 86.719 (90.964)	Prec@5 100.000 (99.837)
Epoch: [100][320/391], lr: 0.01000	Loss 0.2676 (0.2777)	Prec@1 92.188 (90.937)	Prec@5 100.000 (99.834)
Epoch: [100][330/391], lr: 0.01000	Loss 0.1950 (0.2783)	Prec@1 93.750 (90.915)	Prec@5 100.000 (99.832)
Epoch: [100][340/391], lr: 0.01000	Loss 0.2071 (0.2783)	Prec@1 92.969 (90.927)	Prec@5 100.000 (99.833)
Epoch: [100][350/391], lr: 0.01000	Loss 0.2656 (0.2786)	Prec@1 90.625 (90.890)	Prec@5 100.000 (99.829)
Epoch: [100][360/391], lr: 0.01000	Loss 0.3148 (0.2786)	Prec@1 89.844 (90.887)	Prec@5 100.000 (99.831)
Epoch: [100][370/391], lr: 0.01000	Loss 0.3106 (0.2786)	Prec@1 86.719 (90.869)	Prec@5 99.219 (99.834)
Epoch: [100][380/391], lr: 0.01000	Loss 0.2508 (0.2796)	Prec@1 95.312 (90.851)	Prec@5 100.000 (99.834)
Epoch: [100][390/391], lr: 0.01000	Loss 0.2232 (0.2791)	Prec@1 90.000 (90.860)	Prec@5 100.000 (99.834)
Epoch [100] Training Results: Prec@1 90.860 Prec@5 99.834             Loss 0.27905
Epoch [100] Training Class Recall: [0.821,0.880,0.852,0.883,0.920,0.922,0.948,0.946,0.959,0.955]

Epoch: [101][0/391], lr: 0.01000	Loss 0.2567 (0.2567)	Prec@1 91.406 (91.406)	Prec@5 100.000 (100.000)
Epoch: [101][10/391], lr: 0.01000	Loss 0.3225 (0.2484)	Prec@1 89.844 (91.903)	Prec@5 100.000 (100.000)
Epoch: [101][20/391], lr: 0.01000	Loss 0.1824 (0.2352)	Prec@1 92.969 (92.336)	Prec@5 100.000 (99.888)
Epoch: [101][30/391], lr: 0.01000	Loss 0.2580 (0.2343)	Prec@1 89.062 (92.162)	Prec@5 100.000 (99.899)
Epoch: [101][40/391], lr: 0.01000	Loss 0.3118 (0.2364)	Prec@1 86.719 (91.978)	Prec@5 100.000 (99.924)
Epoch: [101][50/391], lr: 0.01000	Loss 0.2438 (0.2458)	Prec@1 92.969 (91.682)	Prec@5 100.000 (99.893)
Epoch: [101][60/391], lr: 0.01000	Loss 0.2675 (0.2532)	Prec@1 92.188 (91.406)	Prec@5 100.000 (99.885)
Epoch: [101][70/391], lr: 0.01000	Loss 0.1627 (0.2601)	Prec@1 94.531 (91.087)	Prec@5 100.000 (99.890)
Epoch: [101][80/391], lr: 0.01000	Loss 0.2953 (0.2683)	Prec@1 89.844 (90.856)	Prec@5 99.219 (99.884)
Epoch: [101][90/391], lr: 0.01000	Loss 0.3798 (0.2742)	Prec@1 88.281 (90.677)	Prec@5 100.000 (99.880)
Epoch: [101][100/391], lr: 0.01000	Loss 0.3264 (0.2760)	Prec@1 90.625 (90.695)	Prec@5 100.000 (99.868)
Epoch: [101][110/391], lr: 0.01000	Loss 0.4690 (0.2795)	Prec@1 84.375 (90.562)	Prec@5 100.000 (99.880)
Epoch: [101][120/391], lr: 0.01000	Loss 0.3333 (0.2825)	Prec@1 86.719 (90.425)	Prec@5 100.000 (99.884)
Epoch: [101][130/391], lr: 0.01000	Loss 0.2478 (0.2842)	Prec@1 89.844 (90.369)	Prec@5 100.000 (99.887)
Epoch: [101][140/391], lr: 0.01000	Loss 0.2186 (0.2825)	Prec@1 89.844 (90.409)	Prec@5 99.219 (99.873)
Epoch: [101][150/391], lr: 0.01000	Loss 0.2296 (0.2833)	Prec@1 91.406 (90.418)	Prec@5 99.219 (99.871)
Epoch: [101][160/391], lr: 0.01000	Loss 0.3807 (0.2847)	Prec@1 86.719 (90.382)	Prec@5 100.000 (99.869)
Epoch: [101][170/391], lr: 0.01000	Loss 0.2144 (0.2853)	Prec@1 92.969 (90.406)	Prec@5 100.000 (99.872)
Epoch: [101][180/391], lr: 0.01000	Loss 0.2712 (0.2853)	Prec@1 90.625 (90.388)	Prec@5 99.219 (99.866)
Epoch: [101][190/391], lr: 0.01000	Loss 0.1955 (0.2843)	Prec@1 94.531 (90.433)	Prec@5 100.000 (99.865)
Epoch: [101][200/391], lr: 0.01000	Loss 0.3076 (0.2826)	Prec@1 89.062 (90.512)	Prec@5 100.000 (99.856)
Epoch: [101][210/391], lr: 0.01000	Loss 0.3359 (0.2806)	Prec@1 91.406 (90.569)	Prec@5 100.000 (99.863)
Epoch: [101][220/391], lr: 0.01000	Loss 0.2762 (0.2803)	Prec@1 90.625 (90.579)	Prec@5 100.000 (99.848)
Epoch: [101][230/391], lr: 0.01000	Loss 0.3298 (0.2801)	Prec@1 86.719 (90.601)	Prec@5 100.000 (99.851)
Epoch: [101][240/391], lr: 0.01000	Loss 0.2618 (0.2793)	Prec@1 89.062 (90.622)	Prec@5 100.000 (99.841)
Epoch: [101][250/391], lr: 0.01000	Loss 0.1841 (0.2772)	Prec@1 94.531 (90.715)	Prec@5 100.000 (99.847)
Epoch: [101][260/391], lr: 0.01000	Loss 0.1779 (0.2756)	Prec@1 95.312 (90.736)	Prec@5 100.000 (99.847)
Epoch: [101][270/391], lr: 0.01000	Loss 0.1899 (0.2745)	Prec@1 91.406 (90.769)	Prec@5 100.000 (99.847)
Epoch: [101][280/391], lr: 0.01000	Loss 0.2222 (0.2721)	Prec@1 92.969 (90.847)	Prec@5 100.000 (99.853)
Epoch: [101][290/391], lr: 0.01000	Loss 0.1560 (0.2704)	Prec@1 95.312 (90.912)	Prec@5 100.000 (99.847)
Epoch: [101][300/391], lr: 0.01000	Loss 0.1751 (0.2690)	Prec@1 94.531 (90.942)	Prec@5 100.000 (99.847)
Epoch: [101][310/391], lr: 0.01000	Loss 0.2347 (0.2671)	Prec@1 92.188 (90.997)	Prec@5 100.000 (99.844)
Epoch: [101][320/391], lr: 0.01000	Loss 0.2614 (0.2677)	Prec@1 92.188 (90.990)	Prec@5 100.000 (99.847)
Epoch: [101][330/391], lr: 0.01000	Loss 0.3217 (0.2675)	Prec@1 89.844 (91.014)	Prec@5 99.219 (99.849)
Epoch: [101][340/391], lr: 0.01000	Loss 0.2792 (0.2679)	Prec@1 89.062 (91.008)	Prec@5 100.000 (99.851)
Epoch: [101][350/391], lr: 0.01000	Loss 0.3950 (0.2676)	Prec@1 89.844 (91.028)	Prec@5 99.219 (99.851)
Epoch: [101][360/391], lr: 0.01000	Loss 0.2911 (0.2671)	Prec@1 89.062 (91.053)	Prec@5 100.000 (99.849)
Epoch: [101][370/391], lr: 0.01000	Loss 0.4171 (0.2677)	Prec@1 85.938 (91.034)	Prec@5 100.000 (99.850)
Epoch: [101][380/391], lr: 0.01000	Loss 0.2814 (0.2679)	Prec@1 90.625 (91.025)	Prec@5 100.000 (99.850)
Epoch: [101][390/391], lr: 0.01000	Loss 0.3068 (0.2673)	Prec@1 90.000 (91.042)	Prec@5 98.750 (99.852)
Epoch [101] Training Results: Prec@1 91.042 Prec@5 99.852             Loss 0.26734
Epoch [101] Training Class Recall: [0.828,0.880,0.849,0.886,0.913,0.928,0.944,0.953,0.959,0.963]

Epoch: [102][0/391], lr: 0.01000	Loss 0.2357 (0.2357)	Prec@1 93.750 (93.750)	Prec@5 100.000 (100.000)
Epoch: [102][10/391], lr: 0.01000	Loss 0.2372 (0.2218)	Prec@1 92.188 (92.969)	Prec@5 100.000 (99.858)
Epoch: [102][20/391], lr: 0.01000	Loss 0.1798 (0.2248)	Prec@1 96.094 (92.634)	Prec@5 100.000 (99.888)
Epoch: [102][30/391], lr: 0.01000	Loss 0.2182 (0.2282)	Prec@1 92.969 (92.767)	Prec@5 100.000 (99.874)
Epoch: [102][40/391], lr: 0.01000	Loss 0.1558 (0.2237)	Prec@1 96.094 (92.816)	Prec@5 100.000 (99.905)
Epoch: [102][50/391], lr: 0.01000	Loss 0.2723 (0.2214)	Prec@1 91.406 (92.846)	Prec@5 99.219 (99.908)
Epoch: [102][60/391], lr: 0.01000	Loss 0.3437 (0.2257)	Prec@1 89.062 (92.649)	Prec@5 99.219 (99.898)
Epoch: [102][70/391], lr: 0.01000	Loss 0.2996 (0.2354)	Prec@1 86.719 (92.298)	Prec@5 100.000 (99.879)
Epoch: [102][80/391], lr: 0.01000	Loss 0.1961 (0.2379)	Prec@1 94.531 (92.178)	Prec@5 100.000 (99.865)
Epoch: [102][90/391], lr: 0.01000	Loss 0.2964 (0.2444)	Prec@1 89.062 (92.033)	Prec@5 100.000 (99.871)
Epoch: [102][100/391], lr: 0.01000	Loss 0.2778 (0.2492)	Prec@1 92.188 (91.878)	Prec@5 100.000 (99.876)
Epoch: [102][110/391], lr: 0.01000	Loss 0.3362 (0.2523)	Prec@1 92.188 (91.807)	Prec@5 100.000 (99.880)
Epoch: [102][120/391], lr: 0.01000	Loss 0.2874 (0.2550)	Prec@1 90.625 (91.690)	Prec@5 100.000 (99.877)
Epoch: [102][130/391], lr: 0.01000	Loss 0.2531 (0.2581)	Prec@1 90.625 (91.567)	Prec@5 100.000 (99.875)
Epoch: [102][140/391], lr: 0.01000	Loss 0.3457 (0.2629)	Prec@1 90.625 (91.395)	Prec@5 100.000 (99.878)
Epoch: [102][150/391], lr: 0.01000	Loss 0.3500 (0.2670)	Prec@1 89.062 (91.261)	Prec@5 100.000 (99.881)
Epoch: [102][160/391], lr: 0.01000	Loss 0.3302 (0.2694)	Prec@1 89.844 (91.135)	Prec@5 100.000 (99.879)
Epoch: [102][170/391], lr: 0.01000	Loss 0.3121 (0.2704)	Prec@1 88.281 (91.068)	Prec@5 99.219 (99.868)
Epoch: [102][180/391], lr: 0.01000	Loss 0.2523 (0.2695)	Prec@1 93.750 (91.087)	Prec@5 100.000 (99.866)
Epoch: [102][190/391], lr: 0.01000	Loss 0.3606 (0.2702)	Prec@1 90.625 (91.108)	Prec@5 100.000 (99.869)
Epoch: [102][200/391], lr: 0.01000	Loss 0.2802 (0.2710)	Prec@1 91.406 (91.103)	Prec@5 100.000 (99.868)
Epoch: [102][210/391], lr: 0.01000	Loss 0.1617 (0.2715)	Prec@1 96.094 (91.095)	Prec@5 100.000 (99.867)
Epoch: [102][220/391], lr: 0.01000	Loss 0.1789 (0.2711)	Prec@1 93.750 (91.113)	Prec@5 100.000 (99.869)
Epoch: [102][230/391], lr: 0.01000	Loss 0.3034 (0.2719)	Prec@1 88.281 (91.098)	Prec@5 100.000 (99.858)
Epoch: [102][240/391], lr: 0.01000	Loss 0.2281 (0.2732)	Prec@1 92.188 (91.063)	Prec@5 100.000 (99.857)
Epoch: [102][250/391], lr: 0.01000	Loss 0.3033 (0.2728)	Prec@1 88.281 (91.033)	Prec@5 100.000 (99.863)
Epoch: [102][260/391], lr: 0.01000	Loss 0.2234 (0.2720)	Prec@1 92.188 (91.032)	Prec@5 100.000 (99.868)
Epoch: [102][270/391], lr: 0.01000	Loss 0.1908 (0.2707)	Prec@1 92.188 (91.072)	Prec@5 100.000 (99.870)
Epoch: [102][280/391], lr: 0.01000	Loss 0.1849 (0.2704)	Prec@1 93.750 (91.075)	Prec@5 100.000 (99.872)
Epoch: [102][290/391], lr: 0.01000	Loss 0.3500 (0.2711)	Prec@1 87.500 (91.047)	Prec@5 100.000 (99.874)
Epoch: [102][300/391], lr: 0.01000	Loss 0.4866 (0.2727)	Prec@1 86.719 (91.020)	Prec@5 98.438 (99.862)
Epoch: [102][310/391], lr: 0.01000	Loss 0.3994 (0.2736)	Prec@1 89.062 (91.009)	Prec@5 98.438 (99.857)
Epoch: [102][320/391], lr: 0.01000	Loss 0.2748 (0.2753)	Prec@1 90.625 (90.946)	Prec@5 100.000 (99.854)
Epoch: [102][330/391], lr: 0.01000	Loss 0.3943 (0.2758)	Prec@1 89.062 (90.929)	Prec@5 100.000 (99.856)
Epoch: [102][340/391], lr: 0.01000	Loss 0.3420 (0.2768)	Prec@1 90.625 (90.879)	Prec@5 99.219 (99.858)
Epoch: [102][350/391], lr: 0.01000	Loss 0.3365 (0.2767)	Prec@1 87.500 (90.888)	Prec@5 100.000 (99.858)
Epoch: [102][360/391], lr: 0.01000	Loss 0.4155 (0.2772)	Prec@1 87.500 (90.876)	Prec@5 98.438 (99.853)
Epoch: [102][370/391], lr: 0.01000	Loss 0.1883 (0.2769)	Prec@1 92.969 (90.903)	Prec@5 99.219 (99.855)
Epoch: [102][380/391], lr: 0.01000	Loss 0.3892 (0.2777)	Prec@1 86.719 (90.844)	Prec@5 99.219 (99.852)
Epoch: [102][390/391], lr: 0.01000	Loss 0.3516 (0.2781)	Prec@1 92.500 (90.820)	Prec@5 100.000 (99.854)
Epoch [102] Training Results: Prec@1 90.820 Prec@5 99.854             Loss 0.27807
Epoch [102] Training Class Recall: [0.823,0.885,0.853,0.880,0.917,0.920,0.943,0.946,0.959,0.957]

Epoch: [103][0/391], lr: 0.01000	Loss 0.2749 (0.2749)	Prec@1 89.062 (89.062)	Prec@5 100.000 (100.000)
Epoch: [103][10/391], lr: 0.01000	Loss 0.2380 (0.3078)	Prec@1 92.188 (89.134)	Prec@5 100.000 (99.858)
Epoch: [103][20/391], lr: 0.01000	Loss 0.2179 (0.2971)	Prec@1 92.188 (89.695)	Prec@5 100.000 (99.926)
Epoch: [103][30/391], lr: 0.01000	Loss 0.2668 (0.2877)	Prec@1 90.625 (89.995)	Prec@5 100.000 (99.874)
Epoch: [103][40/391], lr: 0.01000	Loss 0.1842 (0.2771)	Prec@1 94.531 (90.530)	Prec@5 100.000 (99.848)
Epoch: [103][50/391], lr: 0.01000	Loss 0.3003 (0.2752)	Prec@1 91.406 (90.763)	Prec@5 100.000 (99.831)
Epoch: [103][60/391], lr: 0.01000	Loss 0.2757 (0.2690)	Prec@1 92.188 (91.009)	Prec@5 100.000 (99.846)
Epoch: [103][70/391], lr: 0.01000	Loss 0.2129 (0.2688)	Prec@1 94.531 (91.219)	Prec@5 100.000 (99.857)
Epoch: [103][80/391], lr: 0.01000	Loss 0.3003 (0.2655)	Prec@1 89.844 (91.155)	Prec@5 100.000 (99.875)
Epoch: [103][90/391], lr: 0.01000	Loss 0.2165 (0.2615)	Prec@1 92.188 (91.277)	Prec@5 100.000 (99.854)
Epoch: [103][100/391], lr: 0.01000	Loss 0.1666 (0.2590)	Prec@1 93.750 (91.399)	Prec@5 100.000 (99.861)
Epoch: [103][110/391], lr: 0.01000	Loss 0.2608 (0.2558)	Prec@1 91.406 (91.505)	Prec@5 100.000 (99.866)
Epoch: [103][120/391], lr: 0.01000	Loss 0.2334 (0.2544)	Prec@1 92.188 (91.516)	Prec@5 100.000 (99.877)
Epoch: [103][130/391], lr: 0.01000	Loss 0.2169 (0.2534)	Prec@1 91.406 (91.615)	Prec@5 100.000 (99.863)
Epoch: [103][140/391], lr: 0.01000	Loss 0.2113 (0.2521)	Prec@1 92.969 (91.639)	Prec@5 100.000 (99.873)
Epoch: [103][150/391], lr: 0.01000	Loss 0.2852 (0.2522)	Prec@1 89.062 (91.665)	Prec@5 100.000 (99.876)
Epoch: [103][160/391], lr: 0.01000	Loss 0.2552 (0.2534)	Prec@1 90.625 (91.688)	Prec@5 100.000 (99.869)
Epoch: [103][170/391], lr: 0.01000	Loss 0.2843 (0.2542)	Prec@1 89.844 (91.635)	Prec@5 100.000 (99.877)
Epoch: [103][180/391], lr: 0.01000	Loss 0.2639 (0.2563)	Prec@1 89.062 (91.536)	Prec@5 100.000 (99.883)
Epoch: [103][190/391], lr: 0.01000	Loss 0.2658 (0.2573)	Prec@1 90.625 (91.554)	Prec@5 100.000 (99.877)
Epoch: [103][200/391], lr: 0.01000	Loss 0.1940 (0.2566)	Prec@1 94.531 (91.577)	Prec@5 100.000 (99.880)
Epoch: [103][210/391], lr: 0.01000	Loss 0.2244 (0.2577)	Prec@1 94.531 (91.551)	Prec@5 100.000 (99.874)
Epoch: [103][220/391], lr: 0.01000	Loss 0.3182 (0.2579)	Prec@1 89.062 (91.551)	Prec@5 100.000 (99.876)
Epoch: [103][230/391], lr: 0.01000	Loss 0.3337 (0.2605)	Prec@1 90.625 (91.457)	Prec@5 100.000 (99.871)
Epoch: [103][240/391], lr: 0.01000	Loss 0.3999 (0.2636)	Prec@1 85.156 (91.338)	Prec@5 100.000 (99.870)
Epoch: [103][250/391], lr: 0.01000	Loss 0.2935 (0.2652)	Prec@1 88.281 (91.279)	Prec@5 100.000 (99.869)
Epoch: [103][260/391], lr: 0.01000	Loss 0.3106 (0.2663)	Prec@1 91.406 (91.242)	Prec@5 99.219 (99.862)
Epoch: [103][270/391], lr: 0.01000	Loss 0.3708 (0.2682)	Prec@1 90.625 (91.190)	Prec@5 100.000 (99.856)
Epoch: [103][280/391], lr: 0.01000	Loss 0.2788 (0.2689)	Prec@1 89.062 (91.153)	Prec@5 100.000 (99.853)
Epoch: [103][290/391], lr: 0.01000	Loss 0.2279 (0.2688)	Prec@1 92.969 (91.162)	Prec@5 100.000 (99.852)
Epoch: [103][300/391], lr: 0.01000	Loss 0.2052 (0.2680)	Prec@1 93.750 (91.149)	Prec@5 100.000 (99.857)
Epoch: [103][310/391], lr: 0.01000	Loss 0.1653 (0.2664)	Prec@1 94.531 (91.185)	Prec@5 100.000 (99.862)
Epoch: [103][320/391], lr: 0.01000	Loss 0.3359 (0.2671)	Prec@1 87.500 (91.165)	Prec@5 100.000 (99.861)
Epoch: [103][330/391], lr: 0.01000	Loss 0.3007 (0.2674)	Prec@1 90.625 (91.166)	Prec@5 100.000 (99.863)
Epoch: [103][340/391], lr: 0.01000	Loss 0.3079 (0.2691)	Prec@1 89.062 (91.124)	Prec@5 99.219 (99.858)
Epoch: [103][350/391], lr: 0.01000	Loss 0.2812 (0.2698)	Prec@1 90.625 (91.108)	Prec@5 100.000 (99.855)
Epoch: [103][360/391], lr: 0.01000	Loss 0.2783 (0.2705)	Prec@1 91.406 (91.082)	Prec@5 99.219 (99.857)
Epoch: [103][370/391], lr: 0.01000	Loss 0.3279 (0.2712)	Prec@1 89.844 (91.048)	Prec@5 100.000 (99.855)
Epoch: [103][380/391], lr: 0.01000	Loss 0.4921 (0.2724)	Prec@1 87.500 (91.017)	Prec@5 100.000 (99.856)
Epoch: [103][390/391], lr: 0.01000	Loss 0.4092 (0.2734)	Prec@1 86.250 (90.966)	Prec@5 100.000 (99.856)
Epoch [103] Training Results: Prec@1 90.966 Prec@5 99.856             Loss 0.27340
Epoch [103] Training Class Recall: [0.831,0.882,0.847,0.884,0.915,0.928,0.946,0.946,0.960,0.959]

Epoch: [104][0/391], lr: 0.01000	Loss 0.2084 (0.2084)	Prec@1 95.312 (95.312)	Prec@5 99.219 (99.219)
Epoch: [104][10/391], lr: 0.01000	Loss 0.1847 (0.2826)	Prec@1 93.750 (90.554)	Prec@5 100.000 (99.858)
Epoch: [104][20/391], lr: 0.01000	Loss 0.1947 (0.2763)	Prec@1 92.188 (90.327)	Prec@5 100.000 (99.888)
Epoch: [104][30/391], lr: 0.01000	Loss 0.3153 (0.2955)	Prec@1 89.844 (89.894)	Prec@5 100.000 (99.899)
Epoch: [104][40/391], lr: 0.01000	Loss 0.2991 (0.2908)	Prec@1 91.406 (90.149)	Prec@5 98.438 (99.828)
Epoch: [104][50/391], lr: 0.01000	Loss 0.3005 (0.2885)	Prec@1 89.844 (90.456)	Prec@5 100.000 (99.816)
Epoch: [104][60/391], lr: 0.01000	Loss 0.3094 (0.2896)	Prec@1 89.062 (90.356)	Prec@5 100.000 (99.846)
Epoch: [104][70/391], lr: 0.01000	Loss 0.2554 (0.2888)	Prec@1 90.625 (90.438)	Prec@5 100.000 (99.857)
Epoch: [104][80/391], lr: 0.01000	Loss 0.2573 (0.2879)	Prec@1 92.969 (90.394)	Prec@5 100.000 (99.865)
Epoch: [104][90/391], lr: 0.01000	Loss 0.3151 (0.2834)	Prec@1 89.844 (90.582)	Prec@5 100.000 (99.871)
Epoch: [104][100/391], lr: 0.01000	Loss 0.2621 (0.2798)	Prec@1 91.406 (90.710)	Prec@5 100.000 (99.868)
Epoch: [104][110/391], lr: 0.01000	Loss 0.3601 (0.2792)	Prec@1 88.281 (90.709)	Prec@5 100.000 (99.859)
Epoch: [104][120/391], lr: 0.01000	Loss 0.1358 (0.2748)	Prec@1 96.094 (90.890)	Prec@5 100.000 (99.851)
Epoch: [104][130/391], lr: 0.01000	Loss 0.2306 (0.2722)	Prec@1 92.969 (90.971)	Prec@5 100.000 (99.839)
Epoch: [104][140/391], lr: 0.01000	Loss 0.3465 (0.2726)	Prec@1 88.281 (90.985)	Prec@5 99.219 (99.834)
Epoch: [104][150/391], lr: 0.01000	Loss 0.2269 (0.2698)	Prec@1 93.750 (91.070)	Prec@5 99.219 (99.840)
Epoch: [104][160/391], lr: 0.01000	Loss 0.2525 (0.2687)	Prec@1 93.750 (91.125)	Prec@5 100.000 (99.840)
Epoch: [104][170/391], lr: 0.01000	Loss 0.2009 (0.2672)	Prec@1 94.531 (91.196)	Prec@5 99.219 (99.840)
Epoch: [104][180/391], lr: 0.01000	Loss 0.2193 (0.2666)	Prec@1 94.531 (91.281)	Prec@5 100.000 (99.832)
Epoch: [104][190/391], lr: 0.01000	Loss 0.2869 (0.2670)	Prec@1 88.281 (91.292)	Prec@5 100.000 (99.828)
Epoch: [104][200/391], lr: 0.01000	Loss 0.2744 (0.2672)	Prec@1 89.062 (91.266)	Prec@5 100.000 (99.829)
Epoch: [104][210/391], lr: 0.01000	Loss 0.2182 (0.2682)	Prec@1 92.188 (91.217)	Prec@5 100.000 (99.826)
Epoch: [104][220/391], lr: 0.01000	Loss 0.3011 (0.2683)	Prec@1 91.406 (91.187)	Prec@5 100.000 (99.827)
Epoch: [104][230/391], lr: 0.01000	Loss 0.4770 (0.2701)	Prec@1 87.500 (91.122)	Prec@5 100.000 (99.831)
Epoch: [104][240/391], lr: 0.01000	Loss 0.4460 (0.2702)	Prec@1 84.375 (91.124)	Prec@5 99.219 (99.831)
Epoch: [104][250/391], lr: 0.01000	Loss 0.2334 (0.2686)	Prec@1 91.406 (91.170)	Prec@5 100.000 (99.838)
Epoch: [104][260/391], lr: 0.01000	Loss 0.2993 (0.2679)	Prec@1 89.844 (91.191)	Prec@5 100.000 (99.838)
Epoch: [104][270/391], lr: 0.01000	Loss 0.1857 (0.2677)	Prec@1 91.406 (91.167)	Prec@5 100.000 (99.836)
Epoch: [104][280/391], lr: 0.01000	Loss 0.3826 (0.2671)	Prec@1 87.500 (91.187)	Prec@5 100.000 (99.836)
Epoch: [104][290/391], lr: 0.01000	Loss 0.2005 (0.2668)	Prec@1 95.312 (91.229)	Prec@5 99.219 (99.836)
Epoch: [104][300/391], lr: 0.01000	Loss 0.2357 (0.2669)	Prec@1 92.969 (91.232)	Prec@5 100.000 (99.842)
Epoch: [104][310/391], lr: 0.01000	Loss 0.3025 (0.2671)	Prec@1 90.625 (91.245)	Prec@5 100.000 (99.839)
Epoch: [104][320/391], lr: 0.01000	Loss 0.1996 (0.2664)	Prec@1 95.312 (91.282)	Prec@5 99.219 (99.834)
Epoch: [104][330/391], lr: 0.01000	Loss 0.3097 (0.2659)	Prec@1 90.625 (91.269)	Prec@5 100.000 (99.840)
Epoch: [104][340/391], lr: 0.01000	Loss 0.1735 (0.2652)	Prec@1 93.750 (91.305)	Prec@5 100.000 (99.844)
Epoch: [104][350/391], lr: 0.01000	Loss 0.1661 (0.2646)	Prec@1 93.750 (91.299)	Prec@5 100.000 (99.849)
Epoch: [104][360/391], lr: 0.01000	Loss 0.2367 (0.2637)	Prec@1 94.531 (91.309)	Prec@5 99.219 (99.851)
Epoch: [104][370/391], lr: 0.01000	Loss 0.3121 (0.2642)	Prec@1 89.844 (91.295)	Prec@5 100.000 (99.850)
Epoch: [104][380/391], lr: 0.01000	Loss 0.3659 (0.2646)	Prec@1 85.156 (91.279)	Prec@5 100.000 (99.852)
Epoch: [104][390/391], lr: 0.01000	Loss 0.1353 (0.2639)	Prec@1 98.750 (91.312)	Prec@5 100.000 (99.854)
Epoch [104] Training Results: Prec@1 91.312 Prec@5 99.854             Loss 0.26392
Epoch [104] Training Class Recall: [0.833,0.887,0.854,0.889,0.923,0.929,0.946,0.947,0.961,0.963]

Epoch: [105][0/391], lr: 0.01000	Loss 0.3062 (0.3062)	Prec@1 88.281 (88.281)	Prec@5 100.000 (100.000)
Epoch: [105][10/391], lr: 0.01000	Loss 0.2333 (0.2557)	Prec@1 92.188 (91.122)	Prec@5 100.000 (100.000)
Epoch: [105][20/391], lr: 0.01000	Loss 0.2916 (0.2642)	Prec@1 91.406 (91.220)	Prec@5 100.000 (99.963)
Epoch: [105][30/391], lr: 0.01000	Loss 0.2892 (0.2595)	Prec@1 88.281 (91.331)	Prec@5 98.438 (99.874)
Epoch: [105][40/391], lr: 0.01000	Loss 0.3835 (0.2610)	Prec@1 89.844 (91.292)	Prec@5 99.219 (99.886)
Epoch: [105][50/391], lr: 0.01000	Loss 0.3600 (0.2584)	Prec@1 88.281 (91.376)	Prec@5 100.000 (99.877)
Epoch: [105][60/391], lr: 0.01000	Loss 0.2854 (0.2573)	Prec@1 91.406 (91.483)	Prec@5 100.000 (99.859)
Epoch: [105][70/391], lr: 0.01000	Loss 0.1417 (0.2571)	Prec@1 94.531 (91.538)	Prec@5 100.000 (99.868)
Epoch: [105][80/391], lr: 0.01000	Loss 0.2258 (0.2541)	Prec@1 95.312 (91.686)	Prec@5 100.000 (99.884)
Epoch: [105][90/391], lr: 0.01000	Loss 0.2120 (0.2529)	Prec@1 93.750 (91.690)	Prec@5 100.000 (99.880)
Epoch: [105][100/391], lr: 0.01000	Loss 0.3018 (0.2514)	Prec@1 87.500 (91.685)	Prec@5 100.000 (99.884)
Epoch: [105][110/391], lr: 0.01000	Loss 0.2335 (0.2538)	Prec@1 89.844 (91.631)	Prec@5 100.000 (99.859)
Epoch: [105][120/391], lr: 0.01000	Loss 0.2241 (0.2515)	Prec@1 93.750 (91.710)	Prec@5 99.219 (99.851)
Epoch: [105][130/391], lr: 0.01000	Loss 0.2913 (0.2519)	Prec@1 89.062 (91.693)	Prec@5 100.000 (99.845)
Epoch: [105][140/391], lr: 0.01000	Loss 0.4784 (0.2539)	Prec@1 85.938 (91.622)	Prec@5 100.000 (99.834)
Epoch: [105][150/391], lr: 0.01000	Loss 0.3188 (0.2591)	Prec@1 90.625 (91.479)	Prec@5 100.000 (99.845)
Epoch: [105][160/391], lr: 0.01000	Loss 0.2194 (0.2623)	Prec@1 92.188 (91.353)	Prec@5 100.000 (99.850)
Epoch: [105][170/391], lr: 0.01000	Loss 0.2188 (0.2635)	Prec@1 90.625 (91.324)	Prec@5 100.000 (99.854)
Epoch: [105][180/391], lr: 0.01000	Loss 0.3736 (0.2674)	Prec@1 88.281 (91.195)	Prec@5 100.000 (99.858)
Epoch: [105][190/391], lr: 0.01000	Loss 0.2696 (0.2705)	Prec@1 89.844 (91.063)	Prec@5 100.000 (99.865)
Epoch: [105][200/391], lr: 0.01000	Loss 0.3121 (0.2737)	Prec@1 89.844 (90.948)	Prec@5 100.000 (99.872)
Epoch: [105][210/391], lr: 0.01000	Loss 0.2709 (0.2755)	Prec@1 92.969 (90.862)	Prec@5 100.000 (99.870)
Epoch: [105][220/391], lr: 0.01000	Loss 0.3543 (0.2766)	Prec@1 89.062 (90.830)	Prec@5 99.219 (99.873)
Epoch: [105][230/391], lr: 0.01000	Loss 0.2472 (0.2781)	Prec@1 91.406 (90.770)	Prec@5 100.000 (99.871)
Epoch: [105][240/391], lr: 0.01000	Loss 0.2825 (0.2784)	Prec@1 92.188 (90.768)	Prec@5 100.000 (99.861)
Epoch: [105][250/391], lr: 0.01000	Loss 0.3249 (0.2783)	Prec@1 92.969 (90.781)	Prec@5 98.438 (99.857)
Epoch: [105][260/391], lr: 0.01000	Loss 0.2664 (0.2780)	Prec@1 90.625 (90.766)	Prec@5 100.000 (99.853)
Epoch: [105][270/391], lr: 0.01000	Loss 0.1781 (0.2770)	Prec@1 94.531 (90.784)	Prec@5 100.000 (99.850)
Epoch: [105][280/391], lr: 0.01000	Loss 0.1874 (0.2766)	Prec@1 94.531 (90.800)	Prec@5 100.000 (99.847)
Epoch: [105][290/391], lr: 0.01000	Loss 0.3170 (0.2755)	Prec@1 89.062 (90.837)	Prec@5 99.219 (99.850)
Epoch: [105][300/391], lr: 0.01000	Loss 0.2598 (0.2752)	Prec@1 92.188 (90.853)	Prec@5 99.219 (99.844)
Epoch: [105][310/391], lr: 0.01000	Loss 0.2253 (0.2755)	Prec@1 93.750 (90.864)	Prec@5 100.000 (99.844)
Epoch: [105][320/391], lr: 0.01000	Loss 0.3327 (0.2752)	Prec@1 89.844 (90.876)	Prec@5 100.000 (99.849)
Epoch: [105][330/391], lr: 0.01000	Loss 0.2263 (0.2741)	Prec@1 94.531 (90.927)	Prec@5 100.000 (99.847)
Epoch: [105][340/391], lr: 0.01000	Loss 0.2507 (0.2739)	Prec@1 89.844 (90.930)	Prec@5 100.000 (99.849)
Epoch: [105][350/391], lr: 0.01000	Loss 0.3358 (0.2743)	Prec@1 90.625 (90.930)	Prec@5 98.438 (99.849)
Epoch: [105][360/391], lr: 0.01000	Loss 0.2864 (0.2746)	Prec@1 90.625 (90.943)	Prec@5 98.438 (99.836)
Epoch: [105][370/391], lr: 0.01000	Loss 0.2761 (0.2748)	Prec@1 92.188 (90.932)	Prec@5 100.000 (99.840)
Epoch: [105][380/391], lr: 0.01000	Loss 0.1641 (0.2743)	Prec@1 95.312 (90.967)	Prec@5 100.000 (99.836)
Epoch: [105][390/391], lr: 0.01000	Loss 0.1480 (0.2737)	Prec@1 97.500 (90.990)	Prec@5 100.000 (99.838)
Epoch [105] Training Results: Prec@1 90.990 Prec@5 99.838             Loss 0.27369
Epoch [105] Training Class Recall: [0.816,0.885,0.856,0.887,0.916,0.923,0.948,0.950,0.962,0.957]

Epoch: [106][0/391], lr: 0.01000	Loss 0.2286 (0.2286)	Prec@1 92.188 (92.188)	Prec@5 100.000 (100.000)
Epoch: [106][10/391], lr: 0.01000	Loss 0.2260 (0.2417)	Prec@1 91.406 (92.330)	Prec@5 99.219 (99.645)
Epoch: [106][20/391], lr: 0.01000	Loss 0.1771 (0.2451)	Prec@1 95.312 (92.225)	Prec@5 99.219 (99.628)
Epoch: [106][30/391], lr: 0.01000	Loss 0.2273 (0.2371)	Prec@1 91.406 (92.465)	Prec@5 100.000 (99.748)
Epoch: [106][40/391], lr: 0.01000	Loss 0.1763 (0.2314)	Prec@1 93.750 (92.740)	Prec@5 100.000 (99.771)
Epoch: [106][50/391], lr: 0.01000	Loss 0.1400 (0.2247)	Prec@1 96.094 (92.862)	Prec@5 100.000 (99.816)
Epoch: [106][60/391], lr: 0.01000	Loss 0.1406 (0.2193)	Prec@1 95.312 (93.058)	Prec@5 100.000 (99.833)
Epoch: [106][70/391], lr: 0.01000	Loss 0.3228 (0.2269)	Prec@1 87.500 (92.848)	Prec@5 100.000 (99.846)
Epoch: [106][80/391], lr: 0.01000	Loss 0.2347 (0.2320)	Prec@1 92.188 (92.583)	Prec@5 100.000 (99.855)
Epoch: [106][90/391], lr: 0.01000	Loss 0.1901 (0.2344)	Prec@1 91.406 (92.325)	Prec@5 100.000 (99.863)
Epoch: [106][100/391], lr: 0.01000	Loss 0.1549 (0.2343)	Prec@1 95.312 (92.319)	Prec@5 100.000 (99.845)
Epoch: [106][110/391], lr: 0.01000	Loss 0.2226 (0.2331)	Prec@1 96.094 (92.342)	Prec@5 100.000 (99.852)
Epoch: [106][120/391], lr: 0.01000	Loss 0.1507 (0.2353)	Prec@1 95.312 (92.291)	Prec@5 100.000 (99.845)
Epoch: [106][130/391], lr: 0.01000	Loss 0.2073 (0.2383)	Prec@1 92.188 (92.217)	Prec@5 100.000 (99.839)
Epoch: [106][140/391], lr: 0.01000	Loss 0.2207 (0.2402)	Prec@1 94.531 (92.154)	Prec@5 100.000 (99.834)
Epoch: [106][150/391], lr: 0.01000	Loss 0.3258 (0.2427)	Prec@1 89.844 (92.105)	Prec@5 99.219 (99.829)
Epoch: [106][160/391], lr: 0.01000	Loss 0.2007 (0.2435)	Prec@1 92.969 (92.061)	Prec@5 100.000 (99.835)
Epoch: [106][170/391], lr: 0.01000	Loss 0.2851 (0.2439)	Prec@1 92.969 (92.046)	Prec@5 100.000 (99.840)
Epoch: [106][180/391], lr: 0.01000	Loss 0.1982 (0.2450)	Prec@1 92.188 (91.972)	Prec@5 100.000 (99.849)
Epoch: [106][190/391], lr: 0.01000	Loss 0.2833 (0.2479)	Prec@1 89.844 (91.889)	Prec@5 100.000 (99.849)
Epoch: [106][200/391], lr: 0.01000	Loss 0.3201 (0.2508)	Prec@1 91.406 (91.772)	Prec@5 100.000 (99.845)
Epoch: [106][210/391], lr: 0.01000	Loss 0.3012 (0.2548)	Prec@1 89.062 (91.628)	Prec@5 100.000 (99.844)
Epoch: [106][220/391], lr: 0.01000	Loss 0.2957 (0.2554)	Prec@1 89.062 (91.587)	Prec@5 100.000 (99.852)
Epoch: [106][230/391], lr: 0.01000	Loss 0.3018 (0.2568)	Prec@1 90.625 (91.521)	Prec@5 100.000 (99.855)
Epoch: [106][240/391], lr: 0.01000	Loss 0.4459 (0.2579)	Prec@1 84.375 (91.468)	Prec@5 100.000 (99.857)
Epoch: [106][250/391], lr: 0.01000	Loss 0.1828 (0.2586)	Prec@1 91.406 (91.440)	Prec@5 100.000 (99.860)
Epoch: [106][260/391], lr: 0.01000	Loss 0.2500 (0.2593)	Prec@1 91.406 (91.454)	Prec@5 100.000 (99.865)
Epoch: [106][270/391], lr: 0.01000	Loss 0.2780 (0.2608)	Prec@1 89.062 (91.392)	Prec@5 100.000 (99.870)
Epoch: [106][280/391], lr: 0.01000	Loss 0.2806 (0.2619)	Prec@1 90.625 (91.342)	Prec@5 100.000 (99.867)
Epoch: [106][290/391], lr: 0.01000	Loss 0.1962 (0.2615)	Prec@1 94.531 (91.353)	Prec@5 99.219 (99.868)
Epoch: [106][300/391], lr: 0.01000	Loss 0.3235 (0.2625)	Prec@1 88.281 (91.313)	Prec@5 100.000 (99.868)
Epoch: [106][310/391], lr: 0.01000	Loss 0.2202 (0.2634)	Prec@1 92.188 (91.253)	Prec@5 100.000 (99.867)
Epoch: [106][320/391], lr: 0.01000	Loss 0.2727 (0.2645)	Prec@1 92.188 (91.207)	Prec@5 100.000 (99.869)
Epoch: [106][330/391], lr: 0.01000	Loss 0.3126 (0.2642)	Prec@1 92.188 (91.232)	Prec@5 99.219 (99.863)
Epoch: [106][340/391], lr: 0.01000	Loss 0.2453 (0.2653)	Prec@1 92.969 (91.186)	Prec@5 100.000 (99.867)
Epoch: [106][350/391], lr: 0.01000	Loss 0.2299 (0.2653)	Prec@1 94.531 (91.168)	Prec@5 100.000 (99.869)
Epoch: [106][360/391], lr: 0.01000	Loss 0.1737 (0.2643)	Prec@1 94.531 (91.194)	Prec@5 100.000 (99.866)
Epoch: [106][370/391], lr: 0.01000	Loss 0.4315 (0.2655)	Prec@1 88.281 (91.160)	Prec@5 99.219 (99.863)
Epoch: [106][380/391], lr: 0.01000	Loss 0.2708 (0.2654)	Prec@1 90.625 (91.166)	Prec@5 100.000 (99.859)
Epoch: [106][390/391], lr: 0.01000	Loss 0.3540 (0.2653)	Prec@1 86.250 (91.190)	Prec@5 98.750 (99.850)
Epoch [106] Training Results: Prec@1 91.190 Prec@5 99.850             Loss 0.26530
Epoch [106] Training Class Recall: [0.826,0.885,0.852,0.890,0.917,0.929,0.949,0.948,0.961,0.962]

Epoch: [107][0/391], lr: 0.01000	Loss 0.1898 (0.1898)	Prec@1 92.969 (92.969)	Prec@5 100.000 (100.000)
Epoch: [107][10/391], lr: 0.01000	Loss 0.1754 (0.2317)	Prec@1 93.750 (92.827)	Prec@5 100.000 (99.929)
Epoch: [107][20/391], lr: 0.01000	Loss 0.2514 (0.2447)	Prec@1 90.625 (92.076)	Prec@5 100.000 (99.963)
Epoch: [107][30/391], lr: 0.01000	Loss 0.1602 (0.2542)	Prec@1 93.750 (91.608)	Prec@5 100.000 (99.899)
Epoch: [107][40/391], lr: 0.01000	Loss 0.3964 (0.2563)	Prec@1 92.188 (91.692)	Prec@5 99.219 (99.886)
Epoch: [107][50/391], lr: 0.01000	Loss 0.2072 (0.2579)	Prec@1 93.750 (91.559)	Prec@5 100.000 (99.831)
Epoch: [107][60/391], lr: 0.01000	Loss 0.1513 (0.2541)	Prec@1 95.312 (91.726)	Prec@5 100.000 (99.859)
Epoch: [107][70/391], lr: 0.01000	Loss 0.2540 (0.2584)	Prec@1 92.969 (91.615)	Prec@5 98.438 (99.846)
Epoch: [107][80/391], lr: 0.01000	Loss 0.2072 (0.2553)	Prec@1 92.969 (91.599)	Prec@5 100.000 (99.855)
Epoch: [107][90/391], lr: 0.01000	Loss 0.1291 (0.2554)	Prec@1 96.094 (91.604)	Prec@5 100.000 (99.863)
Epoch: [107][100/391], lr: 0.01000	Loss 0.3390 (0.2544)	Prec@1 88.281 (91.662)	Prec@5 100.000 (99.868)
Epoch: [107][110/391], lr: 0.01000	Loss 0.2640 (0.2567)	Prec@1 92.188 (91.547)	Prec@5 100.000 (99.873)
Epoch: [107][120/391], lr: 0.01000	Loss 0.2743 (0.2577)	Prec@1 92.188 (91.529)	Prec@5 99.219 (99.851)
Epoch: [107][130/391], lr: 0.01000	Loss 0.2399 (0.2565)	Prec@1 92.188 (91.537)	Prec@5 100.000 (99.863)
Epoch: [107][140/391], lr: 0.01000	Loss 0.3527 (0.2561)	Prec@1 88.281 (91.556)	Prec@5 100.000 (99.873)
Epoch: [107][150/391], lr: 0.01000	Loss 0.3692 (0.2576)	Prec@1 86.719 (91.520)	Prec@5 100.000 (99.876)
Epoch: [107][160/391], lr: 0.01000	Loss 0.2092 (0.2603)	Prec@1 92.969 (91.411)	Prec@5 100.000 (99.859)
Epoch: [107][170/391], lr: 0.01000	Loss 0.4541 (0.2651)	Prec@1 82.812 (91.251)	Prec@5 100.000 (99.845)
Epoch: [107][180/391], lr: 0.01000	Loss 0.2570 (0.2645)	Prec@1 91.406 (91.290)	Prec@5 100.000 (99.853)
Epoch: [107][190/391], lr: 0.01000	Loss 0.2158 (0.2625)	Prec@1 91.406 (91.341)	Prec@5 100.000 (99.861)
Epoch: [107][200/391], lr: 0.01000	Loss 0.1459 (0.2603)	Prec@1 97.656 (91.445)	Prec@5 100.000 (99.864)
Epoch: [107][210/391], lr: 0.01000	Loss 0.2489 (0.2616)	Prec@1 96.094 (91.403)	Prec@5 100.000 (99.870)
Epoch: [107][220/391], lr: 0.01000	Loss 0.2145 (0.2609)	Prec@1 92.969 (91.385)	Prec@5 100.000 (99.869)
Epoch: [107][230/391], lr: 0.01000	Loss 0.2887 (0.2607)	Prec@1 91.406 (91.423)	Prec@5 100.000 (99.875)
Epoch: [107][240/391], lr: 0.01000	Loss 0.2908 (0.2601)	Prec@1 89.062 (91.410)	Prec@5 100.000 (99.870)
Epoch: [107][250/391], lr: 0.01000	Loss 0.5226 (0.2613)	Prec@1 82.812 (91.378)	Prec@5 99.219 (99.869)
Epoch: [107][260/391], lr: 0.01000	Loss 0.3148 (0.2620)	Prec@1 90.625 (91.346)	Prec@5 100.000 (99.871)
Epoch: [107][270/391], lr: 0.01000	Loss 0.2335 (0.2634)	Prec@1 92.188 (91.294)	Prec@5 100.000 (99.870)
Epoch: [107][280/391], lr: 0.01000	Loss 0.3708 (0.2653)	Prec@1 86.719 (91.234)	Prec@5 100.000 (99.872)
Epoch: [107][290/391], lr: 0.01000	Loss 0.2360 (0.2671)	Prec@1 91.406 (91.197)	Prec@5 100.000 (99.868)
Epoch: [107][300/391], lr: 0.01000	Loss 0.2933 (0.2693)	Prec@1 91.406 (91.110)	Prec@5 100.000 (99.860)
Epoch: [107][310/391], lr: 0.01000	Loss 0.3425 (0.2723)	Prec@1 88.281 (91.037)	Prec@5 99.219 (99.852)
Epoch: [107][320/391], lr: 0.01000	Loss 0.1720 (0.2730)	Prec@1 94.531 (91.010)	Prec@5 100.000 (99.849)
Epoch: [107][330/391], lr: 0.01000	Loss 0.1855 (0.2732)	Prec@1 95.312 (91.033)	Prec@5 100.000 (99.844)
Epoch: [107][340/391], lr: 0.01000	Loss 0.2308 (0.2726)	Prec@1 92.188 (91.042)	Prec@5 100.000 (99.844)
Epoch: [107][350/391], lr: 0.01000	Loss 0.2622 (0.2719)	Prec@1 92.969 (91.052)	Prec@5 100.000 (99.846)
Epoch: [107][360/391], lr: 0.01000	Loss 0.3005 (0.2715)	Prec@1 89.844 (91.036)	Prec@5 100.000 (99.849)
Epoch: [107][370/391], lr: 0.01000	Loss 0.2754 (0.2708)	Prec@1 91.406 (91.057)	Prec@5 100.000 (99.848)
Epoch: [107][380/391], lr: 0.01000	Loss 0.2853 (0.2717)	Prec@1 92.188 (91.047)	Prec@5 99.219 (99.848)
Epoch: [107][390/391], lr: 0.01000	Loss 0.2125 (0.2710)	Prec@1 93.750 (91.058)	Prec@5 100.000 (99.850)
Epoch [107] Training Results: Prec@1 91.058 Prec@5 99.850             Loss 0.27102
Epoch [107] Training Class Recall: [0.824,0.876,0.856,0.890,0.917,0.924,0.948,0.944,0.962,0.966]

Epoch: [108][0/391], lr: 0.01000	Loss 0.2716 (0.2716)	Prec@1 89.844 (89.844)	Prec@5 100.000 (100.000)
Epoch: [108][10/391], lr: 0.01000	Loss 0.3445 (0.2856)	Prec@1 89.844 (90.199)	Prec@5 100.000 (99.787)
Epoch: [108][20/391], lr: 0.01000	Loss 0.3326 (0.2749)	Prec@1 86.719 (90.737)	Prec@5 100.000 (99.888)
Epoch: [108][30/391], lr: 0.01000	Loss 0.1927 (0.2584)	Prec@1 92.188 (91.255)	Prec@5 100.000 (99.899)
Epoch: [108][40/391], lr: 0.01000	Loss 0.3244 (0.2553)	Prec@1 85.938 (91.101)	Prec@5 100.000 (99.924)
Epoch: [108][50/391], lr: 0.01000	Loss 0.2070 (0.2577)	Prec@1 91.406 (91.100)	Prec@5 100.000 (99.939)
Epoch: [108][60/391], lr: 0.01000	Loss 0.3519 (0.2590)	Prec@1 87.500 (91.022)	Prec@5 99.219 (99.923)
Epoch: [108][70/391], lr: 0.01000	Loss 0.2244 (0.2594)	Prec@1 92.188 (91.021)	Prec@5 100.000 (99.912)
Epoch: [108][80/391], lr: 0.01000	Loss 0.1641 (0.2576)	Prec@1 95.312 (91.040)	Prec@5 100.000 (99.894)
Epoch: [108][90/391], lr: 0.01000	Loss 0.1612 (0.2570)	Prec@1 96.094 (91.071)	Prec@5 100.000 (99.880)
Epoch: [108][100/391], lr: 0.01000	Loss 0.2914 (0.2615)	Prec@1 88.281 (91.004)	Prec@5 100.000 (99.868)
Epoch: [108][110/391], lr: 0.01000	Loss 0.3734 (0.2622)	Prec@1 91.406 (91.033)	Prec@5 99.219 (99.866)
Epoch: [108][120/391], lr: 0.01000	Loss 0.1994 (0.2657)	Prec@1 96.094 (90.903)	Prec@5 100.000 (99.839)
Epoch: [108][130/391], lr: 0.01000	Loss 0.2468 (0.2674)	Prec@1 90.625 (90.929)	Prec@5 99.219 (99.827)
Epoch: [108][140/391], lr: 0.01000	Loss 0.1993 (0.2703)	Prec@1 93.750 (90.902)	Prec@5 100.000 (99.806)
Epoch: [108][150/391], lr: 0.01000	Loss 0.3690 (0.2708)	Prec@1 89.062 (90.904)	Prec@5 100.000 (99.803)
Epoch: [108][160/391], lr: 0.01000	Loss 0.2530 (0.2701)	Prec@1 91.406 (90.955)	Prec@5 100.000 (99.806)
Epoch: [108][170/391], lr: 0.01000	Loss 0.3481 (0.2704)	Prec@1 90.625 (90.981)	Prec@5 99.219 (99.808)
Epoch: [108][180/391], lr: 0.01000	Loss 0.3978 (0.2716)	Prec@1 84.375 (90.919)	Prec@5 100.000 (99.806)
Epoch: [108][190/391], lr: 0.01000	Loss 0.2727 (0.2725)	Prec@1 90.625 (90.899)	Prec@5 100.000 (99.804)
Epoch: [108][200/391], lr: 0.01000	Loss 0.2711 (0.2724)	Prec@1 92.188 (90.913)	Prec@5 100.000 (99.810)
Epoch: [108][210/391], lr: 0.01000	Loss 0.3754 (0.2716)	Prec@1 89.062 (90.969)	Prec@5 99.219 (99.807)
Epoch: [108][220/391], lr: 0.01000	Loss 0.2948 (0.2707)	Prec@1 88.281 (90.986)	Prec@5 100.000 (99.813)
Epoch: [108][230/391], lr: 0.01000	Loss 0.2900 (0.2690)	Prec@1 89.844 (91.027)	Prec@5 100.000 (99.817)
Epoch: [108][240/391], lr: 0.01000	Loss 0.1971 (0.2672)	Prec@1 90.625 (91.056)	Prec@5 100.000 (99.822)
Epoch: [108][250/391], lr: 0.01000	Loss 0.2207 (0.2659)	Prec@1 93.750 (91.117)	Prec@5 100.000 (99.823)
Epoch: [108][260/391], lr: 0.01000	Loss 0.2944 (0.2657)	Prec@1 92.969 (91.146)	Prec@5 100.000 (99.826)
Epoch: [108][270/391], lr: 0.01000	Loss 0.1966 (0.2649)	Prec@1 93.750 (91.181)	Prec@5 100.000 (99.830)
Epoch: [108][280/391], lr: 0.01000	Loss 0.3440 (0.2649)	Prec@1 88.281 (91.184)	Prec@5 100.000 (99.833)
Epoch: [108][290/391], lr: 0.01000	Loss 0.2489 (0.2644)	Prec@1 89.844 (91.186)	Prec@5 100.000 (99.839)
Epoch: [108][300/391], lr: 0.01000	Loss 0.3037 (0.2627)	Prec@1 90.625 (91.251)	Prec@5 100.000 (99.842)
Epoch: [108][310/391], lr: 0.01000	Loss 0.2623 (0.2630)	Prec@1 89.062 (91.256)	Prec@5 100.000 (99.842)
Epoch: [108][320/391], lr: 0.01000	Loss 0.2433 (0.2621)	Prec@1 90.625 (91.292)	Prec@5 100.000 (99.839)
Epoch: [108][330/391], lr: 0.01000	Loss 0.1755 (0.2619)	Prec@1 92.969 (91.298)	Prec@5 100.000 (99.842)
Epoch: [108][340/391], lr: 0.01000	Loss 0.3976 (0.2624)	Prec@1 85.156 (91.276)	Prec@5 100.000 (99.840)
Epoch: [108][350/391], lr: 0.01000	Loss 0.3533 (0.2630)	Prec@1 91.406 (91.270)	Prec@5 99.219 (99.835)
Epoch: [108][360/391], lr: 0.01000	Loss 0.2641 (0.2627)	Prec@1 89.062 (91.261)	Prec@5 100.000 (99.838)
Epoch: [108][370/391], lr: 0.01000	Loss 0.2862 (0.2634)	Prec@1 91.406 (91.223)	Prec@5 100.000 (99.840)
Epoch: [108][380/391], lr: 0.01000	Loss 0.3059 (0.2657)	Prec@1 88.281 (91.177)	Prec@5 99.219 (99.838)
Epoch: [108][390/391], lr: 0.01000	Loss 0.4344 (0.2662)	Prec@1 85.000 (91.174)	Prec@5 97.500 (99.836)
Epoch [108] Training Results: Prec@1 91.174 Prec@5 99.836             Loss 0.26616
Epoch [108] Training Class Recall: [0.824,0.888,0.850,0.891,0.914,0.933,0.948,0.948,0.961,0.959]

Epoch: [109][0/391], lr: 0.01000	Loss 0.2377 (0.2377)	Prec@1 91.406 (91.406)	Prec@5 100.000 (100.000)
Epoch: [109][10/391], lr: 0.01000	Loss 0.3126 (0.2891)	Prec@1 92.188 (90.199)	Prec@5 100.000 (99.858)
Epoch: [109][20/391], lr: 0.01000	Loss 0.2407 (0.2635)	Prec@1 93.750 (91.034)	Prec@5 99.219 (99.888)
Epoch: [109][30/391], lr: 0.01000	Loss 0.2853 (0.2570)	Prec@1 91.406 (91.356)	Prec@5 100.000 (99.849)
Epoch: [109][40/391], lr: 0.01000	Loss 0.2082 (0.2516)	Prec@1 92.969 (91.521)	Prec@5 99.219 (99.848)
Epoch: [109][50/391], lr: 0.01000	Loss 0.1006 (0.2419)	Prec@1 96.875 (91.789)	Prec@5 100.000 (99.862)
Epoch: [109][60/391], lr: 0.01000	Loss 0.1344 (0.2389)	Prec@1 95.312 (91.893)	Prec@5 100.000 (99.872)
Epoch: [109][70/391], lr: 0.01000	Loss 0.2914 (0.2378)	Prec@1 89.844 (91.901)	Prec@5 100.000 (99.890)
Epoch: [109][80/391], lr: 0.01000	Loss 0.2064 (0.2374)	Prec@1 92.969 (91.937)	Prec@5 100.000 (99.904)
Epoch: [109][90/391], lr: 0.01000	Loss 0.1639 (0.2404)	Prec@1 93.750 (91.707)	Prec@5 100.000 (99.897)
Epoch: [109][100/391], lr: 0.01000	Loss 0.2562 (0.2427)	Prec@1 92.969 (91.708)	Prec@5 100.000 (99.892)
Epoch: [109][110/391], lr: 0.01000	Loss 0.1837 (0.2407)	Prec@1 91.406 (91.730)	Prec@5 100.000 (99.901)
Epoch: [109][120/391], lr: 0.01000	Loss 0.2027 (0.2414)	Prec@1 92.188 (91.703)	Prec@5 100.000 (99.910)
Epoch: [109][130/391], lr: 0.01000	Loss 0.3086 (0.2420)	Prec@1 91.406 (91.764)	Prec@5 99.219 (99.887)
Epoch: [109][140/391], lr: 0.01000	Loss 0.2073 (0.2457)	Prec@1 93.750 (91.733)	Prec@5 100.000 (99.889)
Epoch: [109][150/391], lr: 0.01000	Loss 0.2190 (0.2476)	Prec@1 91.406 (91.655)	Prec@5 100.000 (99.891)
Epoch: [109][160/391], lr: 0.01000	Loss 0.3581 (0.2541)	Prec@1 89.844 (91.498)	Prec@5 99.219 (99.874)
Epoch: [109][170/391], lr: 0.01000	Loss 0.3204 (0.2606)	Prec@1 87.500 (91.283)	Prec@5 100.000 (99.863)
Epoch: [109][180/391], lr: 0.01000	Loss 0.2553 (0.2637)	Prec@1 90.625 (91.152)	Prec@5 100.000 (99.871)
Epoch: [109][190/391], lr: 0.01000	Loss 0.4985 (0.2670)	Prec@1 83.594 (91.063)	Prec@5 97.656 (99.845)
Epoch: [109][200/391], lr: 0.01000	Loss 0.2178 (0.2676)	Prec@1 92.969 (91.025)	Prec@5 100.000 (99.841)
Epoch: [109][210/391], lr: 0.01000	Loss 0.3694 (0.2705)	Prec@1 92.188 (90.929)	Prec@5 99.219 (99.833)
Epoch: [109][220/391], lr: 0.01000	Loss 0.2577 (0.2720)	Prec@1 92.188 (90.869)	Prec@5 100.000 (99.830)
Epoch: [109][230/391], lr: 0.01000	Loss 0.3277 (0.2731)	Prec@1 88.281 (90.852)	Prec@5 100.000 (99.834)
Epoch: [109][240/391], lr: 0.01000	Loss 0.3165 (0.2739)	Prec@1 87.500 (90.794)	Prec@5 100.000 (99.831)
Epoch: [109][250/391], lr: 0.01000	Loss 0.2712 (0.2739)	Prec@1 93.750 (90.830)	Prec@5 100.000 (99.829)
Epoch: [109][260/391], lr: 0.01000	Loss 0.3367 (0.2749)	Prec@1 89.062 (90.781)	Prec@5 100.000 (99.832)
Epoch: [109][270/391], lr: 0.01000	Loss 0.3013 (0.2749)	Prec@1 93.750 (90.784)	Prec@5 99.219 (99.836)
Epoch: [109][280/391], lr: 0.01000	Loss 0.1888 (0.2760)	Prec@1 94.531 (90.756)	Prec@5 100.000 (99.836)
Epoch: [109][290/391], lr: 0.01000	Loss 0.1596 (0.2761)	Prec@1 97.656 (90.762)	Prec@5 100.000 (99.839)
Epoch: [109][300/391], lr: 0.01000	Loss 0.2461 (0.2768)	Prec@1 91.406 (90.765)	Prec@5 100.000 (99.831)
Epoch: [109][310/391], lr: 0.01000	Loss 0.2575 (0.2750)	Prec@1 91.406 (90.833)	Prec@5 100.000 (99.837)
Epoch: [109][320/391], lr: 0.01000	Loss 0.2186 (0.2744)	Prec@1 92.188 (90.864)	Prec@5 100.000 (99.839)
Epoch: [109][330/391], lr: 0.01000	Loss 0.2542 (0.2738)	Prec@1 90.625 (90.868)	Prec@5 100.000 (99.842)
Epoch: [109][340/391], lr: 0.01000	Loss 0.2620 (0.2728)	Prec@1 91.406 (90.875)	Prec@5 100.000 (99.844)
Epoch: [109][350/391], lr: 0.01000	Loss 0.2436 (0.2713)	Prec@1 92.188 (90.930)	Prec@5 99.219 (99.842)
Epoch: [109][360/391], lr: 0.01000	Loss 0.1858 (0.2694)	Prec@1 92.969 (91.012)	Prec@5 100.000 (99.842)
Epoch: [109][370/391], lr: 0.01000	Loss 0.2762 (0.2677)	Prec@1 92.188 (91.069)	Prec@5 100.000 (99.846)
Epoch: [109][380/391], lr: 0.01000	Loss 0.1811 (0.2672)	Prec@1 95.312 (91.068)	Prec@5 100.000 (99.846)
Epoch: [109][390/391], lr: 0.01000	Loss 0.1862 (0.2667)	Prec@1 93.750 (91.086)	Prec@5 100.000 (99.844)
Epoch [109] Training Results: Prec@1 91.086 Prec@5 99.844             Loss 0.26673
Epoch [109] Training Class Recall: [0.818,0.885,0.853,0.883,0.925,0.924,0.952,0.951,0.959,0.958]

Epoch: [110][0/391], lr: 0.01000	Loss 0.1437 (0.1437)	Prec@1 94.531 (94.531)	Prec@5 100.000 (100.000)
Epoch: [110][10/391], lr: 0.01000	Loss 0.2765 (0.2296)	Prec@1 89.062 (92.401)	Prec@5 100.000 (99.858)
Epoch: [110][20/391], lr: 0.01000	Loss 0.2247 (0.2306)	Prec@1 92.188 (92.485)	Prec@5 100.000 (99.888)
Epoch: [110][30/391], lr: 0.01000	Loss 0.2725 (0.2374)	Prec@1 93.750 (92.440)	Prec@5 99.219 (99.849)
Epoch: [110][40/391], lr: 0.01000	Loss 0.2641 (0.2338)	Prec@1 90.625 (92.435)	Prec@5 100.000 (99.867)
Epoch: [110][50/391], lr: 0.01000	Loss 0.2114 (0.2374)	Prec@1 92.969 (92.172)	Prec@5 100.000 (99.862)
Epoch: [110][60/391], lr: 0.01000	Loss 0.3534 (0.2438)	Prec@1 89.062 (91.983)	Prec@5 100.000 (99.872)
Epoch: [110][70/391], lr: 0.01000	Loss 0.2787 (0.2417)	Prec@1 89.062 (92.011)	Prec@5 100.000 (99.879)
Epoch: [110][80/391], lr: 0.01000	Loss 0.2703 (0.2427)	Prec@1 89.844 (91.956)	Prec@5 100.000 (99.894)
Epoch: [110][90/391], lr: 0.01000	Loss 0.2750 (0.2444)	Prec@1 91.406 (91.904)	Prec@5 100.000 (99.888)
Epoch: [110][100/391], lr: 0.01000	Loss 0.2944 (0.2472)	Prec@1 89.062 (91.785)	Prec@5 99.219 (99.868)
Epoch: [110][110/391], lr: 0.01000	Loss 0.2869 (0.2471)	Prec@1 92.188 (91.822)	Prec@5 100.000 (99.866)
Epoch: [110][120/391], lr: 0.01000	Loss 0.1694 (0.2505)	Prec@1 94.531 (91.736)	Prec@5 100.000 (99.877)
Epoch: [110][130/391], lr: 0.01000	Loss 0.3267 (0.2558)	Prec@1 89.062 (91.597)	Prec@5 99.219 (99.851)
Epoch: [110][140/391], lr: 0.01000	Loss 0.2302 (0.2592)	Prec@1 92.969 (91.495)	Prec@5 100.000 (99.845)
Epoch: [110][150/391], lr: 0.01000	Loss 0.2792 (0.2622)	Prec@1 89.844 (91.458)	Prec@5 100.000 (99.850)
Epoch: [110][160/391], lr: 0.01000	Loss 0.3480 (0.2636)	Prec@1 85.938 (91.353)	Prec@5 100.000 (99.845)
Epoch: [110][170/391], lr: 0.01000	Loss 0.3311 (0.2665)	Prec@1 89.062 (91.260)	Prec@5 100.000 (99.840)
Epoch: [110][180/391], lr: 0.01000	Loss 0.3100 (0.2657)	Prec@1 92.188 (91.350)	Prec@5 100.000 (99.845)
Epoch: [110][190/391], lr: 0.01000	Loss 0.3464 (0.2670)	Prec@1 89.062 (91.320)	Prec@5 98.438 (99.836)
Epoch: [110][200/391], lr: 0.01000	Loss 0.3238 (0.2662)	Prec@1 90.625 (91.360)	Prec@5 100.000 (99.845)
Epoch: [110][210/391], lr: 0.01000	Loss 0.1817 (0.2642)	Prec@1 93.750 (91.377)	Prec@5 100.000 (99.848)
Epoch: [110][220/391], lr: 0.01000	Loss 0.2425 (0.2616)	Prec@1 91.406 (91.435)	Prec@5 100.000 (99.848)
Epoch: [110][230/391], lr: 0.01000	Loss 0.2738 (0.2619)	Prec@1 89.844 (91.383)	Prec@5 100.000 (99.855)
Epoch: [110][240/391], lr: 0.01000	Loss 0.2547 (0.2624)	Prec@1 91.406 (91.341)	Prec@5 100.000 (99.854)
Epoch: [110][250/391], lr: 0.01000	Loss 0.4058 (0.2644)	Prec@1 87.500 (91.266)	Prec@5 99.219 (99.854)
Epoch: [110][260/391], lr: 0.01000	Loss 0.2337 (0.2657)	Prec@1 88.281 (91.170)	Prec@5 99.219 (99.847)
Epoch: [110][270/391], lr: 0.01000	Loss 0.3384 (0.2651)	Prec@1 88.281 (91.167)	Prec@5 100.000 (99.850)
Epoch: [110][280/391], lr: 0.01000	Loss 0.2933 (0.2663)	Prec@1 89.844 (91.153)	Prec@5 100.000 (99.847)
Epoch: [110][290/391], lr: 0.01000	Loss 0.3360 (0.2665)	Prec@1 88.281 (91.130)	Prec@5 98.438 (99.847)
Epoch: [110][300/391], lr: 0.01000	Loss 0.2194 (0.2667)	Prec@1 93.750 (91.147)	Prec@5 100.000 (99.852)
Epoch: [110][310/391], lr: 0.01000	Loss 0.2878 (0.2668)	Prec@1 88.281 (91.168)	Prec@5 100.000 (99.852)
Epoch: [110][320/391], lr: 0.01000	Loss 0.2261 (0.2663)	Prec@1 93.750 (91.177)	Prec@5 99.219 (99.852)
Epoch: [110][330/391], lr: 0.01000	Loss 0.3038 (0.2673)	Prec@1 87.500 (91.125)	Prec@5 100.000 (99.847)
Epoch: [110][340/391], lr: 0.01000	Loss 0.2755 (0.2674)	Prec@1 92.969 (91.127)	Prec@5 99.219 (99.844)
Epoch: [110][350/391], lr: 0.01000	Loss 0.2984 (0.2688)	Prec@1 88.281 (91.090)	Prec@5 100.000 (99.835)
Epoch: [110][360/391], lr: 0.01000	Loss 0.2829 (0.2699)	Prec@1 89.844 (91.036)	Prec@5 100.000 (99.829)
Epoch: [110][370/391], lr: 0.01000	Loss 0.3329 (0.2710)	Prec@1 89.062 (90.998)	Prec@5 100.000 (99.832)
Epoch: [110][380/391], lr: 0.01000	Loss 0.2043 (0.2706)	Prec@1 93.750 (91.027)	Prec@5 100.000 (99.832)
Epoch: [110][390/391], lr: 0.01000	Loss 0.3773 (0.2715)	Prec@1 82.500 (90.966)	Prec@5 100.000 (99.832)
Epoch [110] Training Results: Prec@1 90.966 Prec@5 99.832             Loss 0.27146
Epoch [110] Training Class Recall: [0.830,0.876,0.851,0.889,0.913,0.925,0.948,0.949,0.959,0.957]

Epoch: [111][0/391], lr: 0.01000	Loss 0.3528 (0.3528)	Prec@1 85.156 (85.156)	Prec@5 100.000 (100.000)
Epoch: [111][10/391], lr: 0.01000	Loss 0.3186 (0.2892)	Prec@1 90.625 (89.631)	Prec@5 99.219 (99.787)
Epoch: [111][20/391], lr: 0.01000	Loss 0.2479 (0.2755)	Prec@1 89.062 (90.327)	Prec@5 100.000 (99.851)
Epoch: [111][30/391], lr: 0.01000	Loss 0.3457 (0.2865)	Prec@1 91.406 (90.222)	Prec@5 100.000 (99.874)
Epoch: [111][40/391], lr: 0.01000	Loss 0.3214 (0.2891)	Prec@1 91.406 (90.091)	Prec@5 99.219 (99.828)
Epoch: [111][50/391], lr: 0.01000	Loss 0.2182 (0.2847)	Prec@1 92.969 (90.150)	Prec@5 100.000 (99.847)
Epoch: [111][60/391], lr: 0.01000	Loss 0.2885 (0.2805)	Prec@1 90.625 (90.292)	Prec@5 100.000 (99.846)
Epoch: [111][70/391], lr: 0.01000	Loss 0.2265 (0.2791)	Prec@1 95.312 (90.460)	Prec@5 100.000 (99.846)
Epoch: [111][80/391], lr: 0.01000	Loss 0.3422 (0.2767)	Prec@1 86.719 (90.422)	Prec@5 100.000 (99.855)
Epoch: [111][90/391], lr: 0.01000	Loss 0.3002 (0.2755)	Prec@1 89.062 (90.453)	Prec@5 99.219 (99.863)
Epoch: [111][100/391], lr: 0.01000	Loss 0.3086 (0.2732)	Prec@1 90.625 (90.610)	Prec@5 100.000 (99.868)
Epoch: [111][110/391], lr: 0.01000	Loss 0.2067 (0.2707)	Prec@1 92.969 (90.674)	Prec@5 100.000 (99.866)
Epoch: [111][120/391], lr: 0.01000	Loss 0.2681 (0.2687)	Prec@1 92.188 (90.748)	Prec@5 100.000 (99.871)
Epoch: [111][130/391], lr: 0.01000	Loss 0.1537 (0.2694)	Prec@1 95.312 (90.750)	Prec@5 100.000 (99.881)
Epoch: [111][140/391], lr: 0.01000	Loss 0.2559 (0.2696)	Prec@1 90.625 (90.703)	Prec@5 100.000 (99.884)
Epoch: [111][150/391], lr: 0.01000	Loss 0.1956 (0.2690)	Prec@1 93.750 (90.754)	Prec@5 100.000 (99.886)
Epoch: [111][160/391], lr: 0.01000	Loss 0.2296 (0.2668)	Prec@1 92.969 (90.819)	Prec@5 100.000 (99.884)
Epoch: [111][170/391], lr: 0.01000	Loss 0.1462 (0.2688)	Prec@1 95.312 (90.785)	Prec@5 100.000 (99.877)
Epoch: [111][180/391], lr: 0.01000	Loss 0.2090 (0.2707)	Prec@1 93.750 (90.720)	Prec@5 100.000 (99.875)
Epoch: [111][190/391], lr: 0.01000	Loss 0.3162 (0.2688)	Prec@1 88.281 (90.797)	Prec@5 100.000 (99.873)
Epoch: [111][200/391], lr: 0.01000	Loss 0.1985 (0.2679)	Prec@1 95.312 (90.835)	Prec@5 100.000 (99.876)
Epoch: [111][210/391], lr: 0.01000	Loss 0.2790 (0.2680)	Prec@1 91.406 (90.866)	Prec@5 100.000 (99.867)
Epoch: [111][220/391], lr: 0.01000	Loss 0.2044 (0.2679)	Prec@1 90.625 (90.855)	Prec@5 100.000 (99.859)
Epoch: [111][230/391], lr: 0.01000	Loss 0.2217 (0.2686)	Prec@1 93.750 (90.821)	Prec@5 100.000 (99.861)
Epoch: [111][240/391], lr: 0.01000	Loss 0.1400 (0.2668)	Prec@1 94.531 (90.904)	Prec@5 99.219 (99.857)
Epoch: [111][250/391], lr: 0.01000	Loss 0.1899 (0.2656)	Prec@1 92.969 (90.933)	Prec@5 100.000 (99.854)
Epoch: [111][260/391], lr: 0.01000	Loss 0.2734 (0.2653)	Prec@1 88.281 (90.960)	Prec@5 100.000 (99.853)
Epoch: [111][270/391], lr: 0.01000	Loss 0.1577 (0.2633)	Prec@1 92.969 (91.046)	Prec@5 100.000 (99.859)
Epoch: [111][280/391], lr: 0.01000	Loss 0.1343 (0.2621)	Prec@1 96.875 (91.120)	Prec@5 100.000 (99.861)
Epoch: [111][290/391], lr: 0.01000	Loss 0.2005 (0.2616)	Prec@1 92.188 (91.135)	Prec@5 100.000 (99.860)
Epoch: [111][300/391], lr: 0.01000	Loss 0.2285 (0.2625)	Prec@1 95.312 (91.108)	Prec@5 100.000 (99.862)
Epoch: [111][310/391], lr: 0.01000	Loss 0.3262 (0.2625)	Prec@1 86.719 (91.105)	Prec@5 100.000 (99.859)
Epoch: [111][320/391], lr: 0.01000	Loss 0.4307 (0.2627)	Prec@1 88.281 (91.102)	Prec@5 99.219 (99.861)
Epoch: [111][330/391], lr: 0.01000	Loss 0.3179 (0.2630)	Prec@1 86.719 (91.097)	Prec@5 100.000 (99.865)
Epoch: [111][340/391], lr: 0.01000	Loss 0.2174 (0.2631)	Prec@1 93.750 (91.104)	Prec@5 100.000 (99.865)
Epoch: [111][350/391], lr: 0.01000	Loss 0.3475 (0.2638)	Prec@1 91.406 (91.088)	Prec@5 99.219 (99.860)
Epoch: [111][360/391], lr: 0.01000	Loss 0.3537 (0.2650)	Prec@1 89.062 (91.069)	Prec@5 99.219 (99.859)
Epoch: [111][370/391], lr: 0.01000	Loss 0.4166 (0.2656)	Prec@1 89.062 (91.048)	Prec@5 100.000 (99.861)
Epoch: [111][380/391], lr: 0.01000	Loss 0.2482 (0.2656)	Prec@1 95.312 (91.039)	Prec@5 99.219 (99.863)
Epoch: [111][390/391], lr: 0.01000	Loss 0.3087 (0.2665)	Prec@1 90.000 (91.012)	Prec@5 100.000 (99.858)
Epoch [111] Training Results: Prec@1 91.012 Prec@5 99.858             Loss 0.26653
Epoch [111] Training Class Recall: [0.824,0.886,0.850,0.887,0.913,0.926,0.945,0.949,0.960,0.960]

Epoch: [112][0/391], lr: 0.01000	Loss 0.5094 (0.5094)	Prec@1 85.938 (85.938)	Prec@5 98.438 (98.438)
Epoch: [112][10/391], lr: 0.01000	Loss 0.2058 (0.2700)	Prec@1 92.969 (91.264)	Prec@5 100.000 (99.787)
Epoch: [112][20/391], lr: 0.01000	Loss 0.2928 (0.2617)	Prec@1 85.156 (91.220)	Prec@5 100.000 (99.888)
Epoch: [112][30/391], lr: 0.01000	Loss 0.2491 (0.2477)	Prec@1 89.062 (91.633)	Prec@5 100.000 (99.899)
Epoch: [112][40/391], lr: 0.01000	Loss 0.1643 (0.2408)	Prec@1 94.531 (91.787)	Prec@5 100.000 (99.924)
Epoch: [112][50/391], lr: 0.01000	Loss 0.2347 (0.2432)	Prec@1 93.750 (91.743)	Prec@5 100.000 (99.893)
Epoch: [112][60/391], lr: 0.01000	Loss 0.3437 (0.2456)	Prec@1 87.500 (91.778)	Prec@5 99.219 (99.885)
Epoch: [112][70/391], lr: 0.01000	Loss 0.3668 (0.2500)	Prec@1 89.062 (91.615)	Prec@5 100.000 (99.879)
Epoch: [112][80/391], lr: 0.01000	Loss 0.2205 (0.2542)	Prec@1 93.750 (91.464)	Prec@5 99.219 (99.855)
Epoch: [112][90/391], lr: 0.01000	Loss 0.3146 (0.2591)	Prec@1 91.406 (91.312)	Prec@5 99.219 (99.828)
Epoch: [112][100/391], lr: 0.01000	Loss 0.3403 (0.2654)	Prec@1 88.281 (91.136)	Prec@5 100.000 (99.830)
Epoch: [112][110/391], lr: 0.01000	Loss 0.4590 (0.2674)	Prec@1 89.844 (91.146)	Prec@5 99.219 (99.838)
Epoch: [112][120/391], lr: 0.01000	Loss 0.3351 (0.2708)	Prec@1 89.062 (90.993)	Prec@5 99.219 (99.839)
Epoch: [112][130/391], lr: 0.01000	Loss 0.3072 (0.2737)	Prec@1 87.500 (90.870)	Prec@5 99.219 (99.839)
Epoch: [112][140/391], lr: 0.01000	Loss 0.2334 (0.2742)	Prec@1 92.969 (90.830)	Prec@5 100.000 (99.845)
Epoch: [112][150/391], lr: 0.01000	Loss 0.2732 (0.2758)	Prec@1 92.188 (90.796)	Prec@5 99.219 (99.829)
Epoch: [112][160/391], lr: 0.01000	Loss 0.3265 (0.2771)	Prec@1 92.188 (90.756)	Prec@5 99.219 (99.825)
Epoch: [112][170/391], lr: 0.01000	Loss 0.2744 (0.2763)	Prec@1 91.406 (90.776)	Prec@5 100.000 (99.831)
Epoch: [112][180/391], lr: 0.01000	Loss 0.3068 (0.2744)	Prec@1 89.844 (90.819)	Prec@5 100.000 (99.832)
Epoch: [112][190/391], lr: 0.01000	Loss 0.2487 (0.2737)	Prec@1 90.625 (90.862)	Prec@5 100.000 (99.836)
Epoch: [112][200/391], lr: 0.01000	Loss 0.2435 (0.2725)	Prec@1 93.750 (90.905)	Prec@5 100.000 (99.841)
Epoch: [112][210/391], lr: 0.01000	Loss 0.3995 (0.2736)	Prec@1 88.281 (90.873)	Prec@5 99.219 (99.841)
Epoch: [112][220/391], lr: 0.01000	Loss 0.2018 (0.2727)	Prec@1 92.188 (90.880)	Prec@5 100.000 (99.837)
Epoch: [112][230/391], lr: 0.01000	Loss 0.1889 (0.2717)	Prec@1 94.531 (90.875)	Prec@5 100.000 (99.841)
Epoch: [112][240/391], lr: 0.01000	Loss 0.3029 (0.2708)	Prec@1 85.938 (90.878)	Prec@5 100.000 (99.844)
Epoch: [112][250/391], lr: 0.01000	Loss 0.1855 (0.2699)	Prec@1 92.969 (90.952)	Prec@5 100.000 (99.847)
Epoch: [112][260/391], lr: 0.01000	Loss 0.1609 (0.2712)	Prec@1 92.969 (90.915)	Prec@5 100.000 (99.850)
Epoch: [112][270/391], lr: 0.01000	Loss 0.4075 (0.2720)	Prec@1 86.719 (90.893)	Prec@5 99.219 (99.850)
Epoch: [112][280/391], lr: 0.01000	Loss 0.2412 (0.2743)	Prec@1 95.312 (90.828)	Prec@5 100.000 (99.842)
Epoch: [112][290/391], lr: 0.01000	Loss 0.2667 (0.2752)	Prec@1 93.750 (90.832)	Prec@5 100.000 (99.836)
Epoch: [112][300/391], lr: 0.01000	Loss 0.2653 (0.2758)	Prec@1 91.406 (90.840)	Prec@5 100.000 (99.831)
Epoch: [112][310/391], lr: 0.01000	Loss 0.3520 (0.2763)	Prec@1 90.625 (90.844)	Prec@5 98.438 (99.824)
Epoch: [112][320/391], lr: 0.01000	Loss 0.3071 (0.2765)	Prec@1 89.062 (90.851)	Prec@5 99.219 (99.822)
Epoch: [112][330/391], lr: 0.01000	Loss 0.2353 (0.2776)	Prec@1 89.844 (90.807)	Prec@5 100.000 (99.823)
Epoch: [112][340/391], lr: 0.01000	Loss 0.2914 (0.2777)	Prec@1 89.062 (90.776)	Prec@5 100.000 (99.824)
Epoch: [112][350/391], lr: 0.01000	Loss 0.2199 (0.2782)	Prec@1 93.750 (90.754)	Prec@5 100.000 (99.826)
Epoch: [112][360/391], lr: 0.01000	Loss 0.3282 (0.2791)	Prec@1 90.625 (90.718)	Prec@5 99.219 (99.823)
Epoch: [112][370/391], lr: 0.01000	Loss 0.2955 (0.2791)	Prec@1 88.281 (90.743)	Prec@5 100.000 (99.823)
Epoch: [112][380/391], lr: 0.01000	Loss 0.1989 (0.2793)	Prec@1 91.406 (90.699)	Prec@5 100.000 (99.826)
Epoch: [112][390/391], lr: 0.01000	Loss 0.3461 (0.2799)	Prec@1 88.750 (90.666)	Prec@5 100.000 (99.824)
Epoch [112] Training Results: Prec@1 90.666 Prec@5 99.824             Loss 0.27986
Epoch [112] Training Class Recall: [0.827,0.880,0.852,0.881,0.911,0.921,0.945,0.939,0.954,0.956]

Epoch: [113][0/391], lr: 0.01000	Loss 0.1621 (0.1621)	Prec@1 93.750 (93.750)	Prec@5 100.000 (100.000)
Epoch: [113][10/391], lr: 0.01000	Loss 0.1889 (0.2350)	Prec@1 93.750 (92.401)	Prec@5 100.000 (99.929)
Epoch: [113][20/391], lr: 0.01000	Loss 0.2144 (0.2156)	Prec@1 96.094 (93.080)	Prec@5 100.000 (99.963)
Epoch: [113][30/391], lr: 0.01000	Loss 0.2458 (0.2263)	Prec@1 93.750 (92.666)	Prec@5 100.000 (99.924)
Epoch: [113][40/391], lr: 0.01000	Loss 0.2058 (0.2349)	Prec@1 94.531 (92.511)	Prec@5 99.219 (99.867)
Epoch: [113][50/391], lr: 0.01000	Loss 0.2101 (0.2380)	Prec@1 94.531 (92.479)	Prec@5 100.000 (99.862)
Epoch: [113][60/391], lr: 0.01000	Loss 0.2463 (0.2364)	Prec@1 91.406 (92.277)	Prec@5 100.000 (99.885)
Epoch: [113][70/391], lr: 0.01000	Loss 0.2432 (0.2384)	Prec@1 93.750 (92.232)	Prec@5 100.000 (99.901)
Epoch: [113][80/391], lr: 0.01000	Loss 0.3212 (0.2472)	Prec@1 89.062 (91.956)	Prec@5 100.000 (99.904)
Epoch: [113][90/391], lr: 0.01000	Loss 0.2849 (0.2494)	Prec@1 89.844 (91.913)	Prec@5 98.438 (99.880)
Epoch: [113][100/391], lr: 0.01000	Loss 0.2997 (0.2503)	Prec@1 90.625 (91.855)	Prec@5 100.000 (99.884)
Epoch: [113][110/391], lr: 0.01000	Loss 0.2562 (0.2511)	Prec@1 90.625 (91.871)	Prec@5 100.000 (99.873)
Epoch: [113][120/391], lr: 0.01000	Loss 0.2289 (0.2543)	Prec@1 91.406 (91.742)	Prec@5 100.000 (99.871)
Epoch: [113][130/391], lr: 0.01000	Loss 0.2626 (0.2538)	Prec@1 92.188 (91.698)	Prec@5 99.219 (99.875)
Epoch: [113][140/391], lr: 0.01000	Loss 0.2126 (0.2536)	Prec@1 93.750 (91.694)	Prec@5 100.000 (99.884)
Epoch: [113][150/391], lr: 0.01000	Loss 0.2797 (0.2520)	Prec@1 89.844 (91.753)	Prec@5 100.000 (99.881)
Epoch: [113][160/391], lr: 0.01000	Loss 0.2277 (0.2515)	Prec@1 92.969 (91.770)	Prec@5 100.000 (99.884)
Epoch: [113][170/391], lr: 0.01000	Loss 0.1881 (0.2530)	Prec@1 93.750 (91.703)	Prec@5 100.000 (99.881)
Epoch: [113][180/391], lr: 0.01000	Loss 0.2949 (0.2539)	Prec@1 89.062 (91.678)	Prec@5 100.000 (99.879)
Epoch: [113][190/391], lr: 0.01000	Loss 0.3300 (0.2544)	Prec@1 90.625 (91.672)	Prec@5 100.000 (99.873)
Epoch: [113][200/391], lr: 0.01000	Loss 0.2028 (0.2556)	Prec@1 93.750 (91.601)	Prec@5 100.000 (99.876)
Epoch: [113][210/391], lr: 0.01000	Loss 0.1817 (0.2567)	Prec@1 92.969 (91.554)	Prec@5 100.000 (99.874)
Epoch: [113][220/391], lr: 0.01000	Loss 0.3106 (0.2581)	Prec@1 91.406 (91.509)	Prec@5 100.000 (99.873)
Epoch: [113][230/391], lr: 0.01000	Loss 0.2630 (0.2568)	Prec@1 89.062 (91.518)	Prec@5 100.000 (99.878)
Epoch: [113][240/391], lr: 0.01000	Loss 0.4450 (0.2591)	Prec@1 82.812 (91.413)	Prec@5 100.000 (99.880)
Epoch: [113][250/391], lr: 0.01000	Loss 0.2430 (0.2603)	Prec@1 92.188 (91.388)	Prec@5 100.000 (99.876)
Epoch: [113][260/391], lr: 0.01000	Loss 0.2029 (0.2613)	Prec@1 92.969 (91.346)	Prec@5 100.000 (99.874)
Epoch: [113][270/391], lr: 0.01000	Loss 0.2734 (0.2612)	Prec@1 92.188 (91.334)	Prec@5 100.000 (99.867)
Epoch: [113][280/391], lr: 0.01000	Loss 0.3036 (0.2629)	Prec@1 90.625 (91.284)	Prec@5 100.000 (99.867)
Epoch: [113][290/391], lr: 0.01000	Loss 0.3250 (0.2645)	Prec@1 90.625 (91.229)	Prec@5 99.219 (99.866)
Epoch: [113][300/391], lr: 0.01000	Loss 0.3075 (0.2658)	Prec@1 90.625 (91.212)	Prec@5 100.000 (99.860)
Epoch: [113][310/391], lr: 0.01000	Loss 0.2718 (0.2666)	Prec@1 92.969 (91.195)	Prec@5 100.000 (99.857)
Epoch: [113][320/391], lr: 0.01000	Loss 0.3039 (0.2668)	Prec@1 89.062 (91.214)	Prec@5 100.000 (99.847)
Epoch: [113][330/391], lr: 0.01000	Loss 0.2676 (0.2674)	Prec@1 92.188 (91.199)	Prec@5 100.000 (99.847)
Epoch: [113][340/391], lr: 0.01000	Loss 0.3000 (0.2671)	Prec@1 89.062 (91.212)	Prec@5 99.219 (99.844)
Epoch: [113][350/391], lr: 0.01000	Loss 0.2233 (0.2680)	Prec@1 92.969 (91.164)	Prec@5 100.000 (99.846)
Epoch: [113][360/391], lr: 0.01000	Loss 0.3668 (0.2682)	Prec@1 88.281 (91.157)	Prec@5 100.000 (99.849)
Epoch: [113][370/391], lr: 0.01000	Loss 0.1814 (0.2691)	Prec@1 92.969 (91.141)	Prec@5 100.000 (99.838)
Epoch: [113][380/391], lr: 0.01000	Loss 0.3883 (0.2692)	Prec@1 87.500 (91.138)	Prec@5 99.219 (99.836)
Epoch: [113][390/391], lr: 0.01000	Loss 0.2827 (0.2689)	Prec@1 91.250 (91.130)	Prec@5 100.000 (99.838)
Epoch [113] Training Results: Prec@1 91.130 Prec@5 99.838             Loss 0.26894
Epoch [113] Training Class Recall: [0.832,0.885,0.855,0.891,0.912,0.927,0.942,0.948,0.961,0.959]

Epoch: [114][0/391], lr: 0.01000	Loss 0.2176 (0.2176)	Prec@1 93.750 (93.750)	Prec@5 100.000 (100.000)
Epoch: [114][10/391], lr: 0.01000	Loss 0.2092 (0.2619)	Prec@1 89.062 (91.122)	Prec@5 100.000 (99.929)
Epoch: [114][20/391], lr: 0.01000	Loss 0.3361 (0.2565)	Prec@1 85.938 (91.815)	Prec@5 99.219 (99.702)
Epoch: [114][30/391], lr: 0.01000	Loss 0.3002 (0.2550)	Prec@1 88.281 (91.507)	Prec@5 100.000 (99.773)
Epoch: [114][40/391], lr: 0.01000	Loss 0.2570 (0.2544)	Prec@1 91.406 (91.540)	Prec@5 100.000 (99.828)
Epoch: [114][50/391], lr: 0.01000	Loss 0.2927 (0.2474)	Prec@1 92.188 (91.866)	Prec@5 100.000 (99.847)
Epoch: [114][60/391], lr: 0.01000	Loss 0.1614 (0.2461)	Prec@1 92.969 (91.880)	Prec@5 100.000 (99.859)
Epoch: [114][70/391], lr: 0.01000	Loss 0.3794 (0.2435)	Prec@1 88.281 (92.022)	Prec@5 100.000 (99.879)
Epoch: [114][80/391], lr: 0.01000	Loss 0.2049 (0.2438)	Prec@1 93.750 (92.139)	Prec@5 100.000 (99.884)
Epoch: [114][90/391], lr: 0.01000	Loss 0.2117 (0.2392)	Prec@1 91.406 (92.325)	Prec@5 100.000 (99.897)
Epoch: [114][100/391], lr: 0.01000	Loss 0.2318 (0.2411)	Prec@1 92.969 (92.211)	Prec@5 100.000 (99.907)
Epoch: [114][110/391], lr: 0.01000	Loss 0.2029 (0.2422)	Prec@1 95.312 (92.138)	Prec@5 100.000 (99.916)
Epoch: [114][120/391], lr: 0.01000	Loss 0.3524 (0.2434)	Prec@1 85.938 (92.058)	Prec@5 100.000 (99.897)
Epoch: [114][130/391], lr: 0.01000	Loss 0.2235 (0.2420)	Prec@1 92.969 (92.092)	Prec@5 100.000 (99.905)
Epoch: [114][140/391], lr: 0.01000	Loss 0.2129 (0.2442)	Prec@1 92.188 (91.999)	Prec@5 100.000 (99.900)
Epoch: [114][150/391], lr: 0.01000	Loss 0.3310 (0.2459)	Prec@1 91.406 (91.908)	Prec@5 98.438 (99.891)
Epoch: [114][160/391], lr: 0.01000	Loss 0.3053 (0.2459)	Prec@1 90.625 (91.906)	Prec@5 100.000 (99.893)
Epoch: [114][170/391], lr: 0.01000	Loss 0.3499 (0.2487)	Prec@1 89.062 (91.804)	Prec@5 99.219 (99.881)
Epoch: [114][180/391], lr: 0.01000	Loss 0.3634 (0.2485)	Prec@1 86.719 (91.834)	Prec@5 100.000 (99.883)
Epoch: [114][190/391], lr: 0.01000	Loss 0.2373 (0.2505)	Prec@1 92.188 (91.803)	Prec@5 100.000 (99.877)
Epoch: [114][200/391], lr: 0.01000	Loss 0.3307 (0.2520)	Prec@1 87.500 (91.748)	Prec@5 99.219 (99.868)
Epoch: [114][210/391], lr: 0.01000	Loss 0.1546 (0.2523)	Prec@1 96.875 (91.754)	Prec@5 100.000 (99.867)
Epoch: [114][220/391], lr: 0.01000	Loss 0.2036 (0.2530)	Prec@1 92.188 (91.714)	Prec@5 100.000 (99.862)
Epoch: [114][230/391], lr: 0.01000	Loss 0.1780 (0.2536)	Prec@1 95.312 (91.673)	Prec@5 100.000 (99.858)
Epoch: [114][240/391], lr: 0.01000	Loss 0.1734 (0.2544)	Prec@1 93.750 (91.646)	Prec@5 100.000 (99.854)
Epoch: [114][250/391], lr: 0.01000	Loss 0.3703 (0.2569)	Prec@1 86.719 (91.587)	Prec@5 100.000 (99.847)
Epoch: [114][260/391], lr: 0.01000	Loss 0.2870 (0.2579)	Prec@1 92.188 (91.559)	Prec@5 100.000 (99.841)
Epoch: [114][270/391], lr: 0.01000	Loss 0.3856 (0.2591)	Prec@1 87.500 (91.516)	Prec@5 100.000 (99.844)
Epoch: [114][280/391], lr: 0.01000	Loss 0.2646 (0.2607)	Prec@1 91.406 (91.476)	Prec@5 99.219 (99.836)
Epoch: [114][290/391], lr: 0.01000	Loss 0.3928 (0.2611)	Prec@1 86.719 (91.457)	Prec@5 98.438 (99.831)
Epoch: [114][300/391], lr: 0.01000	Loss 0.2142 (0.2599)	Prec@1 90.625 (91.476)	Prec@5 100.000 (99.834)
Epoch: [114][310/391], lr: 0.01000	Loss 0.2278 (0.2611)	Prec@1 92.188 (91.426)	Prec@5 100.000 (99.832)
Epoch: [114][320/391], lr: 0.01000	Loss 0.3506 (0.2620)	Prec@1 89.062 (91.399)	Prec@5 98.438 (99.830)
Epoch: [114][330/391], lr: 0.01000	Loss 0.2212 (0.2617)	Prec@1 92.969 (91.413)	Prec@5 99.219 (99.828)
Epoch: [114][340/391], lr: 0.01000	Loss 0.2205 (0.2625)	Prec@1 93.750 (91.372)	Prec@5 100.000 (99.828)
Epoch: [114][350/391], lr: 0.01000	Loss 0.3192 (0.2627)	Prec@1 92.969 (91.366)	Prec@5 99.219 (99.831)
Epoch: [114][360/391], lr: 0.01000	Loss 0.3508 (0.2635)	Prec@1 84.375 (91.322)	Prec@5 100.000 (99.831)
Epoch: [114][370/391], lr: 0.01000	Loss 0.2168 (0.2640)	Prec@1 94.531 (91.309)	Prec@5 100.000 (99.836)
Epoch: [114][380/391], lr: 0.01000	Loss 0.2387 (0.2643)	Prec@1 92.188 (91.289)	Prec@5 100.000 (99.840)
Epoch: [114][390/391], lr: 0.01000	Loss 0.1823 (0.2650)	Prec@1 93.750 (91.260)	Prec@5 100.000 (99.838)
Epoch [114] Training Results: Prec@1 91.260 Prec@5 99.838             Loss 0.26500
Epoch [114] Training Class Recall: [0.840,0.882,0.860,0.884,0.917,0.931,0.949,0.944,0.959,0.962]

Epoch: [115][0/391], lr: 0.01000	Loss 0.3280 (0.3280)	Prec@1 90.625 (90.625)	Prec@5 99.219 (99.219)
Epoch: [115][10/391], lr: 0.01000	Loss 0.2867 (0.2533)	Prec@1 89.062 (91.193)	Prec@5 100.000 (99.858)
Epoch: [115][20/391], lr: 0.01000	Loss 0.1629 (0.2444)	Prec@1 96.094 (91.964)	Prec@5 100.000 (99.888)
Epoch: [115][30/391], lr: 0.01000	Loss 0.1354 (0.2363)	Prec@1 97.656 (92.288)	Prec@5 100.000 (99.899)
Epoch: [115][40/391], lr: 0.01000	Loss 0.2269 (0.2394)	Prec@1 92.969 (92.130)	Prec@5 100.000 (99.905)
Epoch: [115][50/391], lr: 0.01000	Loss 0.2613 (0.2405)	Prec@1 91.406 (92.126)	Prec@5 100.000 (99.893)
Epoch: [115][60/391], lr: 0.01000	Loss 0.2088 (0.2416)	Prec@1 92.969 (92.047)	Prec@5 100.000 (99.885)
Epoch: [115][70/391], lr: 0.01000	Loss 0.2506 (0.2369)	Prec@1 92.969 (92.188)	Prec@5 100.000 (99.901)
Epoch: [115][80/391], lr: 0.01000	Loss 0.2285 (0.2379)	Prec@1 92.188 (92.197)	Prec@5 100.000 (99.875)
Epoch: [115][90/391], lr: 0.01000	Loss 0.1922 (0.2386)	Prec@1 93.750 (92.153)	Prec@5 100.000 (99.871)
Epoch: [115][100/391], lr: 0.01000	Loss 0.3346 (0.2379)	Prec@1 89.844 (92.211)	Prec@5 100.000 (99.884)
Epoch: [115][110/391], lr: 0.01000	Loss 0.2587 (0.2392)	Prec@1 90.625 (92.209)	Prec@5 100.000 (99.873)
Epoch: [115][120/391], lr: 0.01000	Loss 0.3255 (0.2396)	Prec@1 88.281 (92.220)	Prec@5 100.000 (99.877)
Epoch: [115][130/391], lr: 0.01000	Loss 0.2332 (0.2406)	Prec@1 92.188 (92.140)	Prec@5 100.000 (99.875)
Epoch: [115][140/391], lr: 0.01000	Loss 0.2366 (0.2398)	Prec@1 91.406 (92.176)	Prec@5 100.000 (99.878)
Epoch: [115][150/391], lr: 0.01000	Loss 0.2792 (0.2393)	Prec@1 92.188 (92.177)	Prec@5 100.000 (99.881)
Epoch: [115][160/391], lr: 0.01000	Loss 0.2440 (0.2397)	Prec@1 91.406 (92.144)	Prec@5 100.000 (99.879)
Epoch: [115][170/391], lr: 0.01000	Loss 0.1549 (0.2372)	Prec@1 96.094 (92.242)	Prec@5 100.000 (99.881)
Epoch: [115][180/391], lr: 0.01000	Loss 0.1992 (0.2381)	Prec@1 93.750 (92.192)	Prec@5 100.000 (99.875)
Epoch: [115][190/391], lr: 0.01000	Loss 0.1787 (0.2401)	Prec@1 95.312 (92.081)	Prec@5 100.000 (99.877)
Epoch: [115][200/391], lr: 0.01000	Loss 0.3347 (0.2419)	Prec@1 88.281 (92.032)	Prec@5 99.219 (99.872)
Epoch: [115][210/391], lr: 0.01000	Loss 0.1873 (0.2442)	Prec@1 92.969 (91.958)	Prec@5 100.000 (99.870)
Epoch: [115][220/391], lr: 0.01000	Loss 0.3359 (0.2460)	Prec@1 90.625 (91.887)	Prec@5 100.000 (99.869)
Epoch: [115][230/391], lr: 0.01000	Loss 0.3269 (0.2471)	Prec@1 87.500 (91.876)	Prec@5 100.000 (99.868)
Epoch: [115][240/391], lr: 0.01000	Loss 0.2760 (0.2494)	Prec@1 91.406 (91.786)	Prec@5 100.000 (99.874)
Epoch: [115][250/391], lr: 0.01000	Loss 0.2966 (0.2510)	Prec@1 89.844 (91.727)	Prec@5 100.000 (99.869)
Epoch: [115][260/391], lr: 0.01000	Loss 0.4583 (0.2530)	Prec@1 83.594 (91.682)	Prec@5 100.000 (99.865)
Epoch: [115][270/391], lr: 0.01000	Loss 0.3065 (0.2539)	Prec@1 90.625 (91.648)	Prec@5 100.000 (99.867)
Epoch: [115][280/391], lr: 0.01000	Loss 0.2259 (0.2544)	Prec@1 90.625 (91.629)	Prec@5 100.000 (99.872)
Epoch: [115][290/391], lr: 0.01000	Loss 0.2254 (0.2547)	Prec@1 92.969 (91.616)	Prec@5 100.000 (99.874)
Epoch: [115][300/391], lr: 0.01000	Loss 0.3076 (0.2539)	Prec@1 89.062 (91.622)	Prec@5 99.219 (99.873)
Epoch: [115][310/391], lr: 0.01000	Loss 0.2689 (0.2545)	Prec@1 89.844 (91.605)	Prec@5 100.000 (99.867)
Epoch: [115][320/391], lr: 0.01000	Loss 0.2690 (0.2546)	Prec@1 89.844 (91.589)	Prec@5 100.000 (99.869)
Epoch: [115][330/391], lr: 0.01000	Loss 0.2960 (0.2552)	Prec@1 90.625 (91.581)	Prec@5 100.000 (99.868)
Epoch: [115][340/391], lr: 0.01000	Loss 0.4093 (0.2561)	Prec@1 85.156 (91.578)	Prec@5 100.000 (99.867)
Epoch: [115][350/391], lr: 0.01000	Loss 0.2571 (0.2568)	Prec@1 88.281 (91.533)	Prec@5 100.000 (99.866)
Epoch: [115][360/391], lr: 0.01000	Loss 0.3775 (0.2571)	Prec@1 89.844 (91.517)	Prec@5 100.000 (99.866)
Epoch: [115][370/391], lr: 0.01000	Loss 0.3996 (0.2572)	Prec@1 87.500 (91.499)	Prec@5 99.219 (99.865)
Epoch: [115][380/391], lr: 0.01000	Loss 0.2522 (0.2569)	Prec@1 93.750 (91.507)	Prec@5 100.000 (99.865)
Epoch: [115][390/391], lr: 0.01000	Loss 0.4245 (0.2563)	Prec@1 87.500 (91.510)	Prec@5 100.000 (99.862)
Epoch [115] Training Results: Prec@1 91.510 Prec@5 99.862             Loss 0.25630
Epoch [115] Training Class Recall: [0.835,0.894,0.860,0.891,0.921,0.928,0.949,0.950,0.957,0.965]

Epoch: [116][0/391], lr: 0.01000	Loss 0.2173 (0.2173)	Prec@1 90.625 (90.625)	Prec@5 100.000 (100.000)
Epoch: [116][10/391], lr: 0.01000	Loss 0.2722 (0.2435)	Prec@1 92.188 (91.974)	Prec@5 99.219 (99.929)
Epoch: [116][20/391], lr: 0.01000	Loss 0.2758 (0.2563)	Prec@1 89.844 (91.332)	Prec@5 100.000 (99.814)
Epoch: [116][30/391], lr: 0.01000	Loss 0.2163 (0.2543)	Prec@1 92.188 (91.507)	Prec@5 100.000 (99.874)
Epoch: [116][40/391], lr: 0.01000	Loss 0.3436 (0.2529)	Prec@1 90.625 (91.463)	Prec@5 99.219 (99.867)
Epoch: [116][50/391], lr: 0.01000	Loss 0.3622 (0.2470)	Prec@1 87.500 (91.621)	Prec@5 100.000 (99.877)
Epoch: [116][60/391], lr: 0.01000	Loss 0.3037 (0.2507)	Prec@1 90.625 (91.457)	Prec@5 100.000 (99.859)
Epoch: [116][70/391], lr: 0.01000	Loss 0.3022 (0.2519)	Prec@1 91.406 (91.373)	Prec@5 99.219 (99.846)
Epoch: [116][80/391], lr: 0.01000	Loss 0.1541 (0.2502)	Prec@1 94.531 (91.377)	Prec@5 100.000 (99.865)
Epoch: [116][90/391], lr: 0.01000	Loss 0.2029 (0.2526)	Prec@1 92.969 (91.346)	Prec@5 100.000 (99.871)
Epoch: [116][100/391], lr: 0.01000	Loss 0.2350 (0.2520)	Prec@1 91.406 (91.337)	Prec@5 100.000 (99.884)
Epoch: [116][110/391], lr: 0.01000	Loss 0.1973 (0.2507)	Prec@1 92.188 (91.392)	Prec@5 100.000 (99.887)
Epoch: [116][120/391], lr: 0.01000	Loss 0.2329 (0.2529)	Prec@1 92.969 (91.387)	Prec@5 100.000 (99.884)
Epoch: [116][130/391], lr: 0.01000	Loss 0.2721 (0.2522)	Prec@1 91.406 (91.370)	Prec@5 100.000 (99.887)
Epoch: [116][140/391], lr: 0.01000	Loss 0.1556 (0.2530)	Prec@1 94.531 (91.373)	Prec@5 100.000 (99.889)
Epoch: [116][150/391], lr: 0.01000	Loss 0.2431 (0.2536)	Prec@1 90.625 (91.323)	Prec@5 100.000 (99.886)
Epoch: [116][160/391], lr: 0.01000	Loss 0.3260 (0.2550)	Prec@1 87.500 (91.295)	Prec@5 100.000 (99.893)
Epoch: [116][170/391], lr: 0.01000	Loss 0.2482 (0.2563)	Prec@1 91.406 (91.265)	Prec@5 100.000 (99.881)
Epoch: [116][180/391], lr: 0.01000	Loss 0.2597 (0.2552)	Prec@1 91.406 (91.290)	Prec@5 100.000 (99.883)
Epoch: [116][190/391], lr: 0.01000	Loss 0.2285 (0.2550)	Prec@1 94.531 (91.341)	Prec@5 100.000 (99.885)
Epoch: [116][200/391], lr: 0.01000	Loss 0.2641 (0.2563)	Prec@1 93.750 (91.305)	Prec@5 100.000 (99.883)
Epoch: [116][210/391], lr: 0.01000	Loss 0.4599 (0.2585)	Prec@1 82.812 (91.229)	Prec@5 100.000 (99.882)
Epoch: [116][220/391], lr: 0.01000	Loss 0.4292 (0.2618)	Prec@1 86.719 (91.109)	Prec@5 99.219 (99.873)
Epoch: [116][230/391], lr: 0.01000	Loss 0.3177 (0.2639)	Prec@1 89.062 (91.065)	Prec@5 100.000 (99.878)
Epoch: [116][240/391], lr: 0.01000	Loss 0.2846 (0.2634)	Prec@1 90.625 (91.105)	Prec@5 100.000 (99.880)
Epoch: [116][250/391], lr: 0.01000	Loss 0.2504 (0.2655)	Prec@1 91.406 (91.005)	Prec@5 100.000 (99.882)
Epoch: [116][260/391], lr: 0.01000	Loss 0.2879 (0.2672)	Prec@1 92.188 (90.963)	Prec@5 100.000 (99.883)
Epoch: [116][270/391], lr: 0.01000	Loss 0.2521 (0.2661)	Prec@1 91.406 (91.000)	Prec@5 100.000 (99.885)
Epoch: [116][280/391], lr: 0.01000	Loss 0.3133 (0.2658)	Prec@1 91.406 (91.017)	Prec@5 100.000 (99.883)
Epoch: [116][290/391], lr: 0.01000	Loss 0.2480 (0.2643)	Prec@1 93.750 (91.079)	Prec@5 100.000 (99.885)
Epoch: [116][300/391], lr: 0.01000	Loss 0.1891 (0.2638)	Prec@1 94.531 (91.116)	Prec@5 100.000 (99.881)
Epoch: [116][310/391], lr: 0.01000	Loss 0.1755 (0.2630)	Prec@1 95.312 (91.140)	Prec@5 100.000 (99.879)
Epoch: [116][320/391], lr: 0.01000	Loss 0.2445 (0.2627)	Prec@1 92.188 (91.146)	Prec@5 100.000 (99.881)
Epoch: [116][330/391], lr: 0.01000	Loss 0.2838 (0.2622)	Prec@1 90.625 (91.168)	Prec@5 100.000 (99.882)
Epoch: [116][340/391], lr: 0.01000	Loss 0.2946 (0.2616)	Prec@1 89.062 (91.186)	Prec@5 100.000 (99.883)
Epoch: [116][350/391], lr: 0.01000	Loss 0.2349 (0.2604)	Prec@1 92.188 (91.239)	Prec@5 99.219 (99.878)
Epoch: [116][360/391], lr: 0.01000	Loss 0.2632 (0.2602)	Prec@1 92.969 (91.231)	Prec@5 100.000 (99.874)
Epoch: [116][370/391], lr: 0.01000	Loss 0.3178 (0.2602)	Prec@1 91.406 (91.250)	Prec@5 100.000 (99.874)
Epoch: [116][380/391], lr: 0.01000	Loss 0.2827 (0.2602)	Prec@1 89.062 (91.250)	Prec@5 100.000 (99.875)
Epoch: [116][390/391], lr: 0.01000	Loss 0.2058 (0.2596)	Prec@1 95.000 (91.256)	Prec@5 100.000 (99.878)
Epoch [116] Training Results: Prec@1 91.256 Prec@5 99.878             Loss 0.25956
Epoch [116] Training Class Recall: [0.832,0.883,0.859,0.892,0.914,0.931,0.954,0.944,0.963,0.956]

Epoch: [117][0/391], lr: 0.01000	Loss 0.2863 (0.2863)	Prec@1 88.281 (88.281)	Prec@5 100.000 (100.000)
Epoch: [117][10/391], lr: 0.01000	Loss 0.3276 (0.3118)	Prec@1 90.625 (89.489)	Prec@5 100.000 (99.929)
Epoch: [117][20/391], lr: 0.01000	Loss 0.2630 (0.2911)	Prec@1 92.188 (90.513)	Prec@5 99.219 (99.814)
Epoch: [117][30/391], lr: 0.01000	Loss 0.3777 (0.2907)	Prec@1 90.625 (90.423)	Prec@5 100.000 (99.824)
Epoch: [117][40/391], lr: 0.01000	Loss 0.3366 (0.2894)	Prec@1 89.844 (90.511)	Prec@5 100.000 (99.809)
Epoch: [117][50/391], lr: 0.01000	Loss 0.2709 (0.2919)	Prec@1 91.406 (90.594)	Prec@5 99.219 (99.786)
Epoch: [117][60/391], lr: 0.01000	Loss 0.3406 (0.2863)	Prec@1 88.281 (90.817)	Prec@5 100.000 (99.782)
Epoch: [117][70/391], lr: 0.01000	Loss 0.2916 (0.2849)	Prec@1 90.625 (90.845)	Prec@5 100.000 (99.802)
Epoch: [117][80/391], lr: 0.01000	Loss 0.4627 (0.2885)	Prec@1 84.375 (90.750)	Prec@5 99.219 (99.797)
Epoch: [117][90/391], lr: 0.01000	Loss 0.2353 (0.2877)	Prec@1 92.969 (90.762)	Prec@5 100.000 (99.785)
Epoch: [117][100/391], lr: 0.01000	Loss 0.2428 (0.2860)	Prec@1 92.969 (90.818)	Prec@5 99.219 (99.791)
Epoch: [117][110/391], lr: 0.01000	Loss 0.2791 (0.2829)	Prec@1 92.969 (90.963)	Prec@5 100.000 (99.810)
Epoch: [117][120/391], lr: 0.01000	Loss 0.1997 (0.2823)	Prec@1 92.969 (91.019)	Prec@5 99.219 (99.780)
Epoch: [117][130/391], lr: 0.01000	Loss 0.2958 (0.2809)	Prec@1 89.844 (91.013)	Prec@5 100.000 (99.767)
Epoch: [117][140/391], lr: 0.01000	Loss 0.3369 (0.2778)	Prec@1 88.281 (91.079)	Prec@5 100.000 (99.773)
Epoch: [117][150/391], lr: 0.01000	Loss 0.3072 (0.2779)	Prec@1 92.188 (91.085)	Prec@5 100.000 (99.778)
Epoch: [117][160/391], lr: 0.01000	Loss 0.1517 (0.2769)	Prec@1 95.312 (91.086)	Prec@5 100.000 (99.777)
Epoch: [117][170/391], lr: 0.01000	Loss 0.2465 (0.2781)	Prec@1 91.406 (90.995)	Prec@5 99.219 (99.785)
Epoch: [117][180/391], lr: 0.01000	Loss 0.2269 (0.2784)	Prec@1 90.625 (90.975)	Prec@5 100.000 (99.776)
Epoch: [117][190/391], lr: 0.01000	Loss 0.2550 (0.2770)	Prec@1 90.625 (90.977)	Prec@5 100.000 (99.779)
Epoch: [117][200/391], lr: 0.01000	Loss 0.1877 (0.2758)	Prec@1 92.188 (91.025)	Prec@5 100.000 (99.786)
Epoch: [117][210/391], lr: 0.01000	Loss 0.2252 (0.2750)	Prec@1 90.625 (91.047)	Prec@5 100.000 (99.793)
Epoch: [117][220/391], lr: 0.01000	Loss 0.3549 (0.2742)	Prec@1 85.938 (91.039)	Prec@5 100.000 (99.799)
Epoch: [117][230/391], lr: 0.01000	Loss 0.2978 (0.2749)	Prec@1 91.406 (91.048)	Prec@5 100.000 (99.797)
Epoch: [117][240/391], lr: 0.01000	Loss 0.3391 (0.2747)	Prec@1 89.062 (91.059)	Prec@5 100.000 (99.799)
Epoch: [117][250/391], lr: 0.01000	Loss 0.2377 (0.2744)	Prec@1 92.188 (91.107)	Prec@5 100.000 (99.798)
Epoch: [117][260/391], lr: 0.01000	Loss 0.1998 (0.2726)	Prec@1 92.969 (91.158)	Prec@5 100.000 (99.799)
Epoch: [117][270/391], lr: 0.01000	Loss 0.4023 (0.2716)	Prec@1 87.500 (91.181)	Prec@5 99.219 (99.804)
Epoch: [117][280/391], lr: 0.01000	Loss 0.3234 (0.2699)	Prec@1 89.844 (91.245)	Prec@5 100.000 (99.811)
Epoch: [117][290/391], lr: 0.01000	Loss 0.2600 (0.2695)	Prec@1 90.625 (91.221)	Prec@5 100.000 (99.812)
Epoch: [117][300/391], lr: 0.01000	Loss 0.1590 (0.2702)	Prec@1 94.531 (91.230)	Prec@5 100.000 (99.813)
Epoch: [117][310/391], lr: 0.01000	Loss 0.3150 (0.2703)	Prec@1 90.625 (91.240)	Prec@5 100.000 (99.812)
Epoch: [117][320/391], lr: 0.01000	Loss 0.1912 (0.2708)	Prec@1 93.750 (91.224)	Prec@5 100.000 (99.808)
Epoch: [117][330/391], lr: 0.01000	Loss 0.2262 (0.2699)	Prec@1 92.188 (91.248)	Prec@5 100.000 (99.809)
Epoch: [117][340/391], lr: 0.01000	Loss 0.5223 (0.2703)	Prec@1 83.594 (91.212)	Prec@5 100.000 (99.812)
Epoch: [117][350/391], lr: 0.01000	Loss 0.3328 (0.2708)	Prec@1 87.500 (91.173)	Prec@5 100.000 (99.813)
Epoch: [117][360/391], lr: 0.01000	Loss 0.3328 (0.2705)	Prec@1 91.406 (91.170)	Prec@5 100.000 (99.812)
Epoch: [117][370/391], lr: 0.01000	Loss 0.2341 (0.2715)	Prec@1 90.625 (91.122)	Prec@5 100.000 (99.815)
Epoch: [117][380/391], lr: 0.01000	Loss 0.2865 (0.2712)	Prec@1 90.625 (91.129)	Prec@5 100.000 (99.813)
Epoch: [117][390/391], lr: 0.01000	Loss 0.2805 (0.2711)	Prec@1 92.500 (91.130)	Prec@5 100.000 (99.816)
Epoch [117] Training Results: Prec@1 91.130 Prec@5 99.816             Loss 0.27106
Epoch [117] Training Class Recall: [0.827,0.883,0.860,0.892,0.918,0.926,0.945,0.944,0.955,0.963]

Epoch: [118][0/391], lr: 0.01000	Loss 0.2955 (0.2955)	Prec@1 90.625 (90.625)	Prec@5 100.000 (100.000)
Epoch: [118][10/391], lr: 0.01000	Loss 0.3882 (0.2631)	Prec@1 89.062 (90.980)	Prec@5 99.219 (99.858)
Epoch: [118][20/391], lr: 0.01000	Loss 0.1771 (0.2438)	Prec@1 93.750 (91.741)	Prec@5 100.000 (99.888)
Epoch: [118][30/391], lr: 0.01000	Loss 0.1895 (0.2410)	Prec@1 94.531 (91.885)	Prec@5 100.000 (99.899)
Epoch: [118][40/391], lr: 0.01000	Loss 0.2547 (0.2424)	Prec@1 90.625 (91.883)	Prec@5 100.000 (99.886)
Epoch: [118][50/391], lr: 0.01000	Loss 0.2370 (0.2472)	Prec@1 92.969 (91.774)	Prec@5 100.000 (99.893)
Epoch: [118][60/391], lr: 0.01000	Loss 0.3170 (0.2528)	Prec@1 89.062 (91.573)	Prec@5 100.000 (99.910)
Epoch: [118][70/391], lr: 0.01000	Loss 0.2281 (0.2538)	Prec@1 92.188 (91.483)	Prec@5 99.219 (99.901)
Epoch: [118][80/391], lr: 0.01000	Loss 0.5136 (0.2620)	Prec@1 85.156 (91.281)	Prec@5 100.000 (99.904)
Epoch: [118][90/391], lr: 0.01000	Loss 0.3367 (0.2628)	Prec@1 91.406 (91.217)	Prec@5 100.000 (99.897)
Epoch: [118][100/391], lr: 0.01000	Loss 0.2143 (0.2629)	Prec@1 92.969 (91.236)	Prec@5 100.000 (99.899)
Epoch: [118][110/391], lr: 0.01000	Loss 0.1935 (0.2613)	Prec@1 92.969 (91.265)	Prec@5 100.000 (99.909)
Epoch: [118][120/391], lr: 0.01000	Loss 0.1873 (0.2597)	Prec@1 93.750 (91.342)	Prec@5 100.000 (99.910)
Epoch: [118][130/391], lr: 0.01000	Loss 0.2733 (0.2598)	Prec@1 93.750 (91.400)	Prec@5 99.219 (99.887)
Epoch: [118][140/391], lr: 0.01000	Loss 0.2042 (0.2570)	Prec@1 93.750 (91.462)	Prec@5 100.000 (99.889)
Epoch: [118][150/391], lr: 0.01000	Loss 0.2148 (0.2577)	Prec@1 90.625 (91.427)	Prec@5 100.000 (99.876)
Epoch: [118][160/391], lr: 0.01000	Loss 0.2622 (0.2579)	Prec@1 86.719 (91.392)	Prec@5 100.000 (99.869)
Epoch: [118][170/391], lr: 0.01000	Loss 0.1921 (0.2572)	Prec@1 92.969 (91.488)	Prec@5 100.000 (99.868)
Epoch: [118][180/391], lr: 0.01000	Loss 0.2604 (0.2564)	Prec@1 89.844 (91.518)	Prec@5 100.000 (99.871)
Epoch: [118][190/391], lr: 0.01000	Loss 0.3061 (0.2573)	Prec@1 91.406 (91.480)	Prec@5 100.000 (99.877)
Epoch: [118][200/391], lr: 0.01000	Loss 0.3960 (0.2596)	Prec@1 86.719 (91.395)	Prec@5 99.219 (99.876)
Epoch: [118][210/391], lr: 0.01000	Loss 0.3283 (0.2616)	Prec@1 89.062 (91.306)	Prec@5 100.000 (99.874)
Epoch: [118][220/391], lr: 0.01000	Loss 0.1691 (0.2628)	Prec@1 95.312 (91.240)	Prec@5 100.000 (99.873)
Epoch: [118][230/391], lr: 0.01000	Loss 0.2839 (0.2633)	Prec@1 88.281 (91.200)	Prec@5 100.000 (99.875)
Epoch: [118][240/391], lr: 0.01000	Loss 0.2490 (0.2638)	Prec@1 92.188 (91.215)	Prec@5 99.219 (99.870)
Epoch: [118][250/391], lr: 0.01000	Loss 0.4260 (0.2643)	Prec@1 87.500 (91.210)	Prec@5 100.000 (99.876)
Epoch: [118][260/391], lr: 0.01000	Loss 0.2984 (0.2639)	Prec@1 90.625 (91.215)	Prec@5 99.219 (99.871)
Epoch: [118][270/391], lr: 0.01000	Loss 0.2920 (0.2624)	Prec@1 89.062 (91.256)	Prec@5 100.000 (99.873)
Epoch: [118][280/391], lr: 0.01000	Loss 0.2350 (0.2615)	Prec@1 92.969 (91.303)	Prec@5 100.000 (99.878)
Epoch: [118][290/391], lr: 0.01000	Loss 0.2503 (0.2623)	Prec@1 89.062 (91.291)	Prec@5 100.000 (99.871)
Epoch: [118][300/391], lr: 0.01000	Loss 0.2513 (0.2620)	Prec@1 89.844 (91.310)	Prec@5 100.000 (99.875)
Epoch: [118][310/391], lr: 0.01000	Loss 0.1432 (0.2614)	Prec@1 95.312 (91.321)	Prec@5 100.000 (99.879)
Epoch: [118][320/391], lr: 0.01000	Loss 0.3124 (0.2612)	Prec@1 89.062 (91.309)	Prec@5 100.000 (99.883)
Epoch: [118][330/391], lr: 0.01000	Loss 0.2334 (0.2610)	Prec@1 89.844 (91.312)	Prec@5 100.000 (99.884)
Epoch: [118][340/391], lr: 0.01000	Loss 0.3373 (0.2628)	Prec@1 88.281 (91.260)	Prec@5 99.219 (99.876)
Epoch: [118][350/391], lr: 0.01000	Loss 0.2901 (0.2633)	Prec@1 90.625 (91.264)	Prec@5 100.000 (99.873)
Epoch: [118][360/391], lr: 0.01000	Loss 0.2758 (0.2643)	Prec@1 89.844 (91.257)	Prec@5 100.000 (99.872)
Epoch: [118][370/391], lr: 0.01000	Loss 0.2576 (0.2660)	Prec@1 91.406 (91.204)	Prec@5 100.000 (99.874)
Epoch: [118][380/391], lr: 0.01000	Loss 0.2852 (0.2667)	Prec@1 89.844 (91.181)	Prec@5 100.000 (99.873)
Epoch: [118][390/391], lr: 0.01000	Loss 0.3091 (0.2664)	Prec@1 87.500 (91.180)	Prec@5 100.000 (99.872)
Epoch [118] Training Results: Prec@1 91.180 Prec@5 99.872             Loss 0.26639
Epoch [118] Training Class Recall: [0.834,0.889,0.852,0.888,0.917,0.923,0.950,0.945,0.960,0.960]

Epoch: [119][0/391], lr: 0.01000	Loss 0.2431 (0.2431)	Prec@1 89.844 (89.844)	Prec@5 100.000 (100.000)
Epoch: [119][10/391], lr: 0.01000	Loss 0.3005 (0.2194)	Prec@1 89.062 (92.472)	Prec@5 100.000 (100.000)
Epoch: [119][20/391], lr: 0.01000	Loss 0.2404 (0.2356)	Prec@1 92.188 (91.964)	Prec@5 100.000 (99.888)
Epoch: [119][30/391], lr: 0.01000	Loss 0.1976 (0.2380)	Prec@1 94.531 (91.835)	Prec@5 100.000 (99.899)
Epoch: [119][40/391], lr: 0.01000	Loss 0.2276 (0.2408)	Prec@1 92.188 (91.768)	Prec@5 100.000 (99.905)
Epoch: [119][50/391], lr: 0.01000	Loss 0.2938 (0.2435)	Prec@1 92.188 (91.759)	Prec@5 100.000 (99.893)
Epoch: [119][60/391], lr: 0.01000	Loss 0.2899 (0.2392)	Prec@1 89.062 (91.906)	Prec@5 100.000 (99.872)
Epoch: [119][70/391], lr: 0.01000	Loss 0.2746 (0.2381)	Prec@1 90.625 (92.044)	Prec@5 100.000 (99.879)
Epoch: [119][80/391], lr: 0.01000	Loss 0.2340 (0.2421)	Prec@1 92.188 (91.898)	Prec@5 100.000 (99.884)
Epoch: [119][90/391], lr: 0.01000	Loss 0.2934 (0.2475)	Prec@1 89.844 (91.784)	Prec@5 99.219 (99.888)
Epoch: [119][100/391], lr: 0.01000	Loss 0.2861 (0.2496)	Prec@1 91.406 (91.692)	Prec@5 100.000 (99.892)
Epoch: [119][110/391], lr: 0.01000	Loss 0.3574 (0.2540)	Prec@1 85.938 (91.554)	Prec@5 100.000 (99.880)
Epoch: [119][120/391], lr: 0.01000	Loss 0.2614 (0.2541)	Prec@1 90.625 (91.548)	Prec@5 100.000 (99.871)
Epoch: [119][130/391], lr: 0.01000	Loss 0.1817 (0.2548)	Prec@1 94.531 (91.454)	Prec@5 100.000 (99.875)
Epoch: [119][140/391], lr: 0.01000	Loss 0.3331 (0.2568)	Prec@1 90.625 (91.445)	Prec@5 99.219 (99.856)
Epoch: [119][150/391], lr: 0.01000	Loss 0.3235 (0.2568)	Prec@1 86.719 (91.375)	Prec@5 100.000 (99.855)
Epoch: [119][160/391], lr: 0.01000	Loss 0.1976 (0.2565)	Prec@1 94.531 (91.382)	Prec@5 100.000 (99.864)
Epoch: [119][170/391], lr: 0.01000	Loss 0.2240 (0.2552)	Prec@1 94.531 (91.443)	Prec@5 100.000 (99.872)
Epoch: [119][180/391], lr: 0.01000	Loss 0.2094 (0.2557)	Prec@1 92.969 (91.445)	Prec@5 100.000 (99.879)
Epoch: [119][190/391], lr: 0.01000	Loss 0.3010 (0.2556)	Prec@1 89.844 (91.484)	Prec@5 100.000 (99.877)
Epoch: [119][200/391], lr: 0.01000	Loss 0.2171 (0.2583)	Prec@1 93.750 (91.465)	Prec@5 100.000 (99.868)
Epoch: [119][210/391], lr: 0.01000	Loss 0.1488 (0.2580)	Prec@1 96.094 (91.477)	Prec@5 100.000 (99.874)
Epoch: [119][220/391], lr: 0.01000	Loss 0.1691 (0.2566)	Prec@1 96.094 (91.530)	Prec@5 100.000 (99.880)
Epoch: [119][230/391], lr: 0.01000	Loss 0.2674 (0.2566)	Prec@1 92.969 (91.545)	Prec@5 100.000 (99.871)
Epoch: [119][240/391], lr: 0.01000	Loss 0.2552 (0.2566)	Prec@1 91.406 (91.536)	Prec@5 100.000 (99.874)
Epoch: [119][250/391], lr: 0.01000	Loss 0.2765 (0.2575)	Prec@1 90.625 (91.528)	Prec@5 100.000 (99.876)
Epoch: [119][260/391], lr: 0.01000	Loss 0.2738 (0.2583)	Prec@1 90.625 (91.493)	Prec@5 100.000 (99.880)
Epoch: [119][270/391], lr: 0.01000	Loss 0.2108 (0.2580)	Prec@1 91.406 (91.496)	Prec@5 100.000 (99.876)
Epoch: [119][280/391], lr: 0.01000	Loss 0.2156 (0.2572)	Prec@1 92.969 (91.517)	Prec@5 100.000 (99.875)
Epoch: [119][290/391], lr: 0.01000	Loss 0.1955 (0.2578)	Prec@1 92.969 (91.479)	Prec@5 100.000 (99.874)
Epoch: [119][300/391], lr: 0.01000	Loss 0.1959 (0.2566)	Prec@1 93.750 (91.507)	Prec@5 100.000 (99.878)
Epoch: [119][310/391], lr: 0.01000	Loss 0.2963 (0.2565)	Prec@1 87.500 (91.489)	Prec@5 100.000 (99.877)
Epoch: [119][320/391], lr: 0.01000	Loss 0.3387 (0.2565)	Prec@1 85.938 (91.474)	Prec@5 100.000 (99.871)
Epoch: [119][330/391], lr: 0.01000	Loss 0.1693 (0.2564)	Prec@1 95.312 (91.491)	Prec@5 100.000 (99.868)
Epoch: [119][340/391], lr: 0.01000	Loss 0.2878 (0.2566)	Prec@1 90.625 (91.491)	Prec@5 100.000 (99.869)
Epoch: [119][350/391], lr: 0.01000	Loss 0.1947 (0.2557)	Prec@1 93.750 (91.529)	Prec@5 100.000 (99.866)
Epoch: [119][360/391], lr: 0.01000	Loss 0.2885 (0.2557)	Prec@1 91.406 (91.547)	Prec@5 100.000 (99.868)
Epoch: [119][370/391], lr: 0.01000	Loss 0.2509 (0.2557)	Prec@1 89.062 (91.528)	Prec@5 100.000 (99.869)
Epoch: [119][380/391], lr: 0.01000	Loss 0.3156 (0.2551)	Prec@1 85.938 (91.531)	Prec@5 100.000 (99.873)
Epoch: [119][390/391], lr: 0.01000	Loss 0.1937 (0.2559)	Prec@1 95.000 (91.518)	Prec@5 100.000 (99.876)
Epoch [119] Training Results: Prec@1 91.518 Prec@5 99.876             Loss 0.25588
Epoch [119] Training Class Recall: [0.833,0.883,0.868,0.895,0.916,0.927,0.950,0.951,0.963,0.965]

Epoch: [120][0/391], lr: 0.01000	Loss 0.1289 (0.1289)	Prec@1 96.875 (96.875)	Prec@5 100.000 (100.000)
Epoch: [120][10/391], lr: 0.01000	Loss 0.4503 (0.2346)	Prec@1 86.719 (92.685)	Prec@5 100.000 (100.000)
Epoch: [120][20/391], lr: 0.01000	Loss 0.3124 (0.2447)	Prec@1 87.500 (91.481)	Prec@5 100.000 (99.926)
Epoch: [120][30/391], lr: 0.01000	Loss 0.2142 (0.2456)	Prec@1 94.531 (91.507)	Prec@5 99.219 (99.874)
Epoch: [120][40/391], lr: 0.01000	Loss 0.2527 (0.2495)	Prec@1 91.406 (91.368)	Prec@5 100.000 (99.886)
Epoch: [120][50/391], lr: 0.01000	Loss 0.1652 (0.2457)	Prec@1 93.750 (91.452)	Prec@5 100.000 (99.862)
Epoch: [120][60/391], lr: 0.01000	Loss 0.3133 (0.2465)	Prec@1 91.406 (91.547)	Prec@5 100.000 (99.885)
Epoch: [120][70/391], lr: 0.01000	Loss 0.1772 (0.2470)	Prec@1 95.312 (91.571)	Prec@5 100.000 (99.901)
Epoch: [120][80/391], lr: 0.01000	Loss 0.1879 (0.2480)	Prec@1 92.188 (91.474)	Prec@5 100.000 (99.894)
Epoch: [120][90/391], lr: 0.01000	Loss 0.3397 (0.2509)	Prec@1 90.625 (91.441)	Prec@5 100.000 (99.906)
Epoch: [120][100/391], lr: 0.01000	Loss 0.3066 (0.2490)	Prec@1 88.281 (91.515)	Prec@5 100.000 (99.907)
Epoch: [120][110/391], lr: 0.01000	Loss 0.2904 (0.2497)	Prec@1 89.062 (91.441)	Prec@5 100.000 (99.916)
Epoch: [120][120/391], lr: 0.01000	Loss 0.3752 (0.2510)	Prec@1 85.938 (91.400)	Prec@5 100.000 (99.910)
Epoch: [120][130/391], lr: 0.01000	Loss 0.2602 (0.2529)	Prec@1 91.406 (91.388)	Prec@5 100.000 (99.899)
Epoch: [120][140/391], lr: 0.01000	Loss 0.2367 (0.2520)	Prec@1 92.188 (91.484)	Prec@5 100.000 (99.884)
Epoch: [120][150/391], lr: 0.01000	Loss 0.2669 (0.2513)	Prec@1 92.188 (91.520)	Prec@5 100.000 (99.891)
Epoch: [120][160/391], lr: 0.01000	Loss 0.2824 (0.2506)	Prec@1 91.406 (91.576)	Prec@5 100.000 (99.884)
Epoch: [120][170/391], lr: 0.01000	Loss 0.2717 (0.2508)	Prec@1 91.406 (91.557)	Prec@5 99.219 (99.877)
Epoch: [120][180/391], lr: 0.01000	Loss 0.2785 (0.2513)	Prec@1 92.188 (91.523)	Prec@5 100.000 (99.875)
Epoch: [120][190/391], lr: 0.01000	Loss 0.1910 (0.2533)	Prec@1 92.188 (91.472)	Prec@5 100.000 (99.873)
Epoch: [120][200/391], lr: 0.01000	Loss 0.2448 (0.2545)	Prec@1 90.625 (91.395)	Prec@5 100.000 (99.872)
Epoch: [120][210/391], lr: 0.01000	Loss 0.3884 (0.2545)	Prec@1 89.062 (91.366)	Prec@5 99.219 (99.867)
Epoch: [120][220/391], lr: 0.01000	Loss 0.2666 (0.2550)	Prec@1 91.406 (91.325)	Prec@5 100.000 (99.869)
Epoch: [120][230/391], lr: 0.01000	Loss 0.2700 (0.2588)	Prec@1 92.188 (91.227)	Prec@5 99.219 (99.851)
Epoch: [120][240/391], lr: 0.01000	Loss 0.1993 (0.2588)	Prec@1 95.312 (91.228)	Prec@5 100.000 (99.851)
Epoch: [120][250/391], lr: 0.01000	Loss 0.2442 (0.2605)	Prec@1 92.188 (91.179)	Prec@5 98.438 (99.844)
Epoch: [120][260/391], lr: 0.01000	Loss 0.2472 (0.2605)	Prec@1 90.625 (91.179)	Prec@5 99.219 (99.841)
Epoch: [120][270/391], lr: 0.01000	Loss 0.2686 (0.2620)	Prec@1 91.406 (91.138)	Prec@5 100.000 (99.841)
Epoch: [120][280/391], lr: 0.01000	Loss 0.1944 (0.2639)	Prec@1 96.094 (91.103)	Prec@5 100.000 (99.839)
Epoch: [120][290/391], lr: 0.01000	Loss 0.2406 (0.2639)	Prec@1 92.188 (91.106)	Prec@5 100.000 (99.842)
Epoch: [120][300/391], lr: 0.01000	Loss 0.2426 (0.2643)	Prec@1 89.844 (91.092)	Prec@5 100.000 (99.842)
Epoch: [120][310/391], lr: 0.01000	Loss 0.3489 (0.2647)	Prec@1 88.281 (91.085)	Prec@5 99.219 (99.837)
Epoch: [120][320/391], lr: 0.01000	Loss 0.1923 (0.2645)	Prec@1 92.188 (91.078)	Prec@5 100.000 (99.837)
Epoch: [120][330/391], lr: 0.01000	Loss 0.2005 (0.2644)	Prec@1 93.750 (91.083)	Prec@5 100.000 (99.840)
Epoch: [120][340/391], lr: 0.01000	Loss 0.4219 (0.2648)	Prec@1 86.719 (91.081)	Prec@5 99.219 (99.833)
Epoch: [120][350/391], lr: 0.01000	Loss 0.2245 (0.2650)	Prec@1 90.625 (91.081)	Prec@5 100.000 (99.831)
Epoch: [120][360/391], lr: 0.01000	Loss 0.1479 (0.2646)	Prec@1 94.531 (91.095)	Prec@5 100.000 (99.829)
Epoch: [120][370/391], lr: 0.01000	Loss 0.2812 (0.2640)	Prec@1 92.188 (91.139)	Prec@5 100.000 (99.829)
Epoch: [120][380/391], lr: 0.01000	Loss 0.2683 (0.2643)	Prec@1 92.969 (91.150)	Prec@5 99.219 (99.826)
Epoch: [120][390/391], lr: 0.01000	Loss 0.2064 (0.2639)	Prec@1 95.000 (91.168)	Prec@5 100.000 (99.826)
Epoch [120] Training Results: Prec@1 91.168 Prec@5 99.826             Loss 0.26385
Epoch [120] Training Class Recall: [0.829,0.890,0.862,0.888,0.911,0.924,0.948,0.947,0.957,0.961]

Epoch: [121][0/391], lr: 0.01000	Loss 0.1980 (0.1980)	Prec@1 92.969 (92.969)	Prec@5 100.000 (100.000)
Epoch: [121][10/391], lr: 0.01000	Loss 0.2211 (0.2075)	Prec@1 92.188 (93.253)	Prec@5 100.000 (100.000)
Epoch: [121][20/391], lr: 0.01000	Loss 0.1293 (0.2019)	Prec@1 94.531 (93.341)	Prec@5 100.000 (99.926)
Epoch: [121][30/391], lr: 0.01000	Loss 0.2314 (0.2171)	Prec@1 95.312 (92.868)	Prec@5 99.219 (99.899)
Epoch: [121][40/391], lr: 0.01000	Loss 0.1894 (0.2216)	Prec@1 93.750 (92.797)	Prec@5 100.000 (99.886)
Epoch: [121][50/391], lr: 0.01000	Loss 0.3225 (0.2255)	Prec@1 88.281 (92.586)	Prec@5 100.000 (99.908)
Epoch: [121][60/391], lr: 0.01000	Loss 0.2534 (0.2287)	Prec@1 91.406 (92.328)	Prec@5 100.000 (99.923)
Epoch: [121][70/391], lr: 0.01000	Loss 0.2309 (0.2318)	Prec@1 93.750 (92.309)	Prec@5 100.000 (99.923)
Epoch: [121][80/391], lr: 0.01000	Loss 0.2824 (0.2330)	Prec@1 87.500 (92.216)	Prec@5 100.000 (99.913)
Epoch: [121][90/391], lr: 0.01000	Loss 0.3186 (0.2359)	Prec@1 87.500 (92.076)	Prec@5 100.000 (99.914)
Epoch: [121][100/391], lr: 0.01000	Loss 0.2486 (0.2416)	Prec@1 92.969 (91.994)	Prec@5 100.000 (99.899)
Epoch: [121][110/391], lr: 0.01000	Loss 0.1900 (0.2447)	Prec@1 92.969 (91.920)	Prec@5 100.000 (99.894)
Epoch: [121][120/391], lr: 0.01000	Loss 0.1622 (0.2477)	Prec@1 94.531 (91.813)	Prec@5 100.000 (99.890)
Epoch: [121][130/391], lr: 0.01000	Loss 0.2670 (0.2505)	Prec@1 92.188 (91.687)	Prec@5 100.000 (99.887)
Epoch: [121][140/391], lr: 0.01000	Loss 0.3262 (0.2514)	Prec@1 89.844 (91.633)	Prec@5 100.000 (99.889)
Epoch: [121][150/391], lr: 0.01000	Loss 0.3758 (0.2533)	Prec@1 86.719 (91.541)	Prec@5 99.219 (99.876)
Epoch: [121][160/391], lr: 0.01000	Loss 0.3272 (0.2532)	Prec@1 89.844 (91.518)	Prec@5 99.219 (99.874)
Epoch: [121][170/391], lr: 0.01000	Loss 0.2758 (0.2525)	Prec@1 92.188 (91.552)	Prec@5 100.000 (99.881)
Epoch: [121][180/391], lr: 0.01000	Loss 0.3393 (0.2537)	Prec@1 89.062 (91.518)	Prec@5 100.000 (99.879)
Epoch: [121][190/391], lr: 0.01000	Loss 0.2208 (0.2540)	Prec@1 92.969 (91.529)	Prec@5 100.000 (99.885)
Epoch: [121][200/391], lr: 0.01000	Loss 0.1236 (0.2546)	Prec@1 96.094 (91.542)	Prec@5 100.000 (99.872)
Epoch: [121][210/391], lr: 0.01000	Loss 0.1961 (0.2536)	Prec@1 94.531 (91.595)	Prec@5 99.219 (99.874)
Epoch: [121][220/391], lr: 0.01000	Loss 0.2138 (0.2531)	Prec@1 94.531 (91.604)	Prec@5 100.000 (99.873)
Epoch: [121][230/391], lr: 0.01000	Loss 0.5488 (0.2553)	Prec@1 87.500 (91.531)	Prec@5 98.438 (99.865)
Epoch: [121][240/391], lr: 0.01000	Loss 0.3125 (0.2565)	Prec@1 89.844 (91.516)	Prec@5 100.000 (99.864)
Epoch: [121][250/391], lr: 0.01000	Loss 0.3257 (0.2591)	Prec@1 92.188 (91.450)	Prec@5 100.000 (99.851)
Epoch: [121][260/391], lr: 0.01000	Loss 0.2227 (0.2600)	Prec@1 92.188 (91.430)	Prec@5 100.000 (99.850)
Epoch: [121][270/391], lr: 0.01000	Loss 0.2967 (0.2609)	Prec@1 91.406 (91.415)	Prec@5 99.219 (99.844)
Epoch: [121][280/391], lr: 0.01000	Loss 0.2079 (0.2616)	Prec@1 95.312 (91.423)	Prec@5 100.000 (99.850)
Epoch: [121][290/391], lr: 0.01000	Loss 0.2526 (0.2605)	Prec@1 89.844 (91.425)	Prec@5 100.000 (99.852)
Epoch: [121][300/391], lr: 0.01000	Loss 0.1741 (0.2601)	Prec@1 94.531 (91.440)	Prec@5 100.000 (99.857)
Epoch: [121][310/391], lr: 0.01000	Loss 0.3279 (0.2604)	Prec@1 91.406 (91.439)	Prec@5 100.000 (99.862)
Epoch: [121][320/391], lr: 0.01000	Loss 0.2570 (0.2603)	Prec@1 88.281 (91.426)	Prec@5 99.219 (99.856)
Epoch: [121][330/391], lr: 0.01000	Loss 0.2764 (0.2603)	Prec@1 89.062 (91.413)	Prec@5 100.000 (99.856)
Epoch: [121][340/391], lr: 0.01000	Loss 0.3149 (0.2593)	Prec@1 89.062 (91.431)	Prec@5 99.219 (99.856)
Epoch: [121][350/391], lr: 0.01000	Loss 0.1747 (0.2592)	Prec@1 96.094 (91.426)	Prec@5 99.219 (99.855)
Epoch: [121][360/391], lr: 0.01000	Loss 0.2340 (0.2591)	Prec@1 92.188 (91.432)	Prec@5 100.000 (99.855)
Epoch: [121][370/391], lr: 0.01000	Loss 0.3551 (0.2592)	Prec@1 89.844 (91.432)	Prec@5 100.000 (99.857)
Epoch: [121][380/391], lr: 0.01000	Loss 0.2634 (0.2588)	Prec@1 89.062 (91.445)	Prec@5 100.000 (99.859)
Epoch: [121][390/391], lr: 0.01000	Loss 0.2663 (0.2580)	Prec@1 91.250 (91.456)	Prec@5 100.000 (99.862)
Epoch [121] Training Results: Prec@1 91.456 Prec@5 99.862             Loss 0.25800
Epoch [121] Training Class Recall: [0.837,0.886,0.861,0.887,0.918,0.932,0.952,0.947,0.963,0.962]

Epoch: [122][0/391], lr: 0.01000	Loss 0.1834 (0.1834)	Prec@1 93.750 (93.750)	Prec@5 100.000 (100.000)
Epoch: [122][10/391], lr: 0.01000	Loss 0.2007 (0.2525)	Prec@1 92.188 (91.477)	Prec@5 100.000 (100.000)
Epoch: [122][20/391], lr: 0.01000	Loss 0.2535 (0.2583)	Prec@1 89.844 (91.518)	Prec@5 100.000 (99.888)
Epoch: [122][30/391], lr: 0.01000	Loss 0.2338 (0.2652)	Prec@1 92.188 (91.179)	Prec@5 100.000 (99.924)
Epoch: [122][40/391], lr: 0.01000	Loss 0.2785 (0.2693)	Prec@1 92.969 (91.197)	Prec@5 100.000 (99.848)
Epoch: [122][50/391], lr: 0.01000	Loss 0.2459 (0.2729)	Prec@1 90.625 (91.207)	Prec@5 100.000 (99.847)
Epoch: [122][60/391], lr: 0.01000	Loss 0.1560 (0.2653)	Prec@1 94.531 (91.457)	Prec@5 100.000 (99.846)
Epoch: [122][70/391], lr: 0.01000	Loss 0.2684 (0.2665)	Prec@1 91.406 (91.329)	Prec@5 100.000 (99.857)
Epoch: [122][80/391], lr: 0.01000	Loss 0.2664 (0.2644)	Prec@1 89.844 (91.426)	Prec@5 99.219 (99.836)
Epoch: [122][90/391], lr: 0.01000	Loss 0.3166 (0.2640)	Prec@1 92.969 (91.501)	Prec@5 100.000 (99.845)
Epoch: [122][100/391], lr: 0.01000	Loss 0.3016 (0.2663)	Prec@1 89.844 (91.460)	Prec@5 100.000 (99.853)
Epoch: [122][110/391], lr: 0.01000	Loss 0.2081 (0.2628)	Prec@1 92.969 (91.533)	Prec@5 100.000 (99.859)
Epoch: [122][120/391], lr: 0.01000	Loss 0.1922 (0.2641)	Prec@1 95.312 (91.535)	Prec@5 100.000 (99.864)
Epoch: [122][130/391], lr: 0.01000	Loss 0.2177 (0.2629)	Prec@1 91.406 (91.567)	Prec@5 100.000 (99.869)
Epoch: [122][140/391], lr: 0.01000	Loss 0.2033 (0.2629)	Prec@1 92.969 (91.523)	Prec@5 99.219 (99.873)
Epoch: [122][150/391], lr: 0.01000	Loss 0.2590 (0.2607)	Prec@1 92.969 (91.593)	Prec@5 100.000 (99.871)
Epoch: [122][160/391], lr: 0.01000	Loss 0.3406 (0.2612)	Prec@1 90.625 (91.600)	Prec@5 99.219 (99.864)
Epoch: [122][170/391], lr: 0.01000	Loss 0.2407 (0.2585)	Prec@1 92.969 (91.671)	Prec@5 100.000 (99.868)
Epoch: [122][180/391], lr: 0.01000	Loss 0.1962 (0.2581)	Prec@1 93.750 (91.670)	Prec@5 100.000 (99.866)
Epoch: [122][190/391], lr: 0.01000	Loss 0.2937 (0.2586)	Prec@1 90.625 (91.643)	Prec@5 100.000 (99.873)
Epoch: [122][200/391], lr: 0.01000	Loss 0.1158 (0.2572)	Prec@1 96.094 (91.643)	Prec@5 100.000 (99.880)
Epoch: [122][210/391], lr: 0.01000	Loss 0.2310 (0.2564)	Prec@1 90.625 (91.632)	Prec@5 100.000 (99.882)
Epoch: [122][220/391], lr: 0.01000	Loss 0.2163 (0.2556)	Prec@1 93.750 (91.618)	Prec@5 100.000 (99.880)
Epoch: [122][230/391], lr: 0.01000	Loss 0.2216 (0.2556)	Prec@1 92.188 (91.579)	Prec@5 100.000 (99.871)
Epoch: [122][240/391], lr: 0.01000	Loss 0.1960 (0.2568)	Prec@1 91.406 (91.549)	Prec@5 100.000 (99.874)
Epoch: [122][250/391], lr: 0.01000	Loss 0.2136 (0.2586)	Prec@1 93.750 (91.493)	Prec@5 100.000 (99.872)
Epoch: [122][260/391], lr: 0.01000	Loss 0.1334 (0.2587)	Prec@1 96.094 (91.490)	Prec@5 100.000 (99.874)
Epoch: [122][270/391], lr: 0.01000	Loss 0.2794 (0.2589)	Prec@1 91.406 (91.487)	Prec@5 100.000 (99.867)
Epoch: [122][280/391], lr: 0.01000	Loss 0.2490 (0.2600)	Prec@1 92.188 (91.434)	Prec@5 100.000 (99.869)
Epoch: [122][290/391], lr: 0.01000	Loss 0.1481 (0.2606)	Prec@1 93.750 (91.417)	Prec@5 100.000 (99.868)
Epoch: [122][300/391], lr: 0.01000	Loss 0.2054 (0.2610)	Prec@1 93.750 (91.406)	Prec@5 100.000 (99.868)
Epoch: [122][310/391], lr: 0.01000	Loss 0.2597 (0.2602)	Prec@1 92.969 (91.444)	Prec@5 99.219 (99.862)
Epoch: [122][320/391], lr: 0.01000	Loss 0.2542 (0.2594)	Prec@1 90.625 (91.460)	Prec@5 100.000 (99.859)
Epoch: [122][330/391], lr: 0.01000	Loss 0.2162 (0.2603)	Prec@1 92.969 (91.423)	Prec@5 100.000 (99.858)
Epoch: [122][340/391], lr: 0.01000	Loss 0.1767 (0.2605)	Prec@1 94.531 (91.422)	Prec@5 100.000 (99.856)
Epoch: [122][350/391], lr: 0.01000	Loss 0.3111 (0.2624)	Prec@1 89.062 (91.386)	Prec@5 100.000 (99.853)
Epoch: [122][360/391], lr: 0.01000	Loss 0.2433 (0.2623)	Prec@1 90.625 (91.391)	Prec@5 100.000 (99.851)
Epoch: [122][370/391], lr: 0.01000	Loss 0.2806 (0.2637)	Prec@1 90.625 (91.345)	Prec@5 99.219 (99.850)
Epoch: [122][380/391], lr: 0.01000	Loss 0.2870 (0.2649)	Prec@1 93.750 (91.324)	Prec@5 100.000 (99.846)
Epoch: [122][390/391], lr: 0.01000	Loss 0.2462 (0.2650)	Prec@1 92.500 (91.310)	Prec@5 100.000 (99.848)
Epoch [122] Training Results: Prec@1 91.310 Prec@5 99.848             Loss 0.26500
Epoch [122] Training Class Recall: [0.833,0.886,0.862,0.892,0.917,0.923,0.951,0.944,0.959,0.965]

Epoch: [123][0/391], lr: 0.01000	Loss 0.2741 (0.2741)	Prec@1 92.969 (92.969)	Prec@5 100.000 (100.000)
Epoch: [123][10/391], lr: 0.01000	Loss 0.2669 (0.2673)	Prec@1 92.188 (91.406)	Prec@5 100.000 (99.858)
Epoch: [123][20/391], lr: 0.01000	Loss 0.2215 (0.2519)	Prec@1 92.969 (91.815)	Prec@5 100.000 (99.888)
Epoch: [123][30/391], lr: 0.01000	Loss 0.2078 (0.2644)	Prec@1 93.750 (91.255)	Prec@5 100.000 (99.798)
Epoch: [123][40/391], lr: 0.01000	Loss 0.2384 (0.2577)	Prec@1 86.719 (91.063)	Prec@5 100.000 (99.828)
Epoch: [123][50/391], lr: 0.01000	Loss 0.2153 (0.2539)	Prec@1 89.844 (91.268)	Prec@5 100.000 (99.847)
Epoch: [123][60/391], lr: 0.01000	Loss 0.1856 (0.2489)	Prec@1 93.750 (91.457)	Prec@5 100.000 (99.846)
Epoch: [123][70/391], lr: 0.01000	Loss 0.2392 (0.2477)	Prec@1 92.969 (91.582)	Prec@5 99.219 (99.824)
Epoch: [123][80/391], lr: 0.01000	Loss 0.3445 (0.2465)	Prec@1 87.500 (91.638)	Prec@5 100.000 (99.846)
Epoch: [123][90/391], lr: 0.01000	Loss 0.2467 (0.2458)	Prec@1 89.844 (91.647)	Prec@5 100.000 (99.854)
Epoch: [123][100/391], lr: 0.01000	Loss 0.3220 (0.2485)	Prec@1 85.938 (91.607)	Prec@5 99.219 (99.861)
Epoch: [123][110/391], lr: 0.01000	Loss 0.1719 (0.2472)	Prec@1 93.750 (91.596)	Prec@5 100.000 (99.859)
Epoch: [123][120/391], lr: 0.01000	Loss 0.1453 (0.2464)	Prec@1 93.750 (91.645)	Prec@5 100.000 (99.871)
Epoch: [123][130/391], lr: 0.01000	Loss 0.2211 (0.2473)	Prec@1 92.969 (91.669)	Prec@5 99.219 (99.863)
Epoch: [123][140/391], lr: 0.01000	Loss 0.1961 (0.2449)	Prec@1 95.312 (91.772)	Prec@5 100.000 (99.861)
Epoch: [123][150/391], lr: 0.01000	Loss 0.1475 (0.2422)	Prec@1 93.750 (91.929)	Prec@5 100.000 (99.860)
Epoch: [123][160/391], lr: 0.01000	Loss 0.1185 (0.2416)	Prec@1 98.438 (91.950)	Prec@5 100.000 (99.869)
Epoch: [123][170/391], lr: 0.01000	Loss 0.2523 (0.2419)	Prec@1 89.844 (91.954)	Prec@5 100.000 (99.868)
Epoch: [123][180/391], lr: 0.01000	Loss 0.2753 (0.2433)	Prec@1 89.062 (91.894)	Prec@5 100.000 (99.866)
Epoch: [123][190/391], lr: 0.01000	Loss 0.1802 (0.2429)	Prec@1 95.312 (91.918)	Prec@5 100.000 (99.869)
Epoch: [123][200/391], lr: 0.01000	Loss 0.1580 (0.2468)	Prec@1 94.531 (91.795)	Prec@5 100.000 (99.864)
Epoch: [123][210/391], lr: 0.01000	Loss 0.1533 (0.2496)	Prec@1 94.531 (91.688)	Prec@5 100.000 (99.867)
Epoch: [123][220/391], lr: 0.01000	Loss 0.2350 (0.2496)	Prec@1 93.750 (91.686)	Prec@5 100.000 (99.869)
Epoch: [123][230/391], lr: 0.01000	Loss 0.2397 (0.2496)	Prec@1 92.188 (91.717)	Prec@5 100.000 (99.868)
Epoch: [123][240/391], lr: 0.01000	Loss 0.2056 (0.2478)	Prec@1 92.969 (91.779)	Prec@5 100.000 (99.867)
Epoch: [123][250/391], lr: 0.01000	Loss 0.1551 (0.2476)	Prec@1 94.531 (91.808)	Prec@5 100.000 (99.869)
Epoch: [123][260/391], lr: 0.01000	Loss 0.1552 (0.2469)	Prec@1 95.312 (91.834)	Prec@5 100.000 (99.868)
Epoch: [123][270/391], lr: 0.01000	Loss 0.2483 (0.2468)	Prec@1 92.188 (91.850)	Prec@5 100.000 (99.870)
Epoch: [123][280/391], lr: 0.01000	Loss 0.2039 (0.2477)	Prec@1 89.844 (91.823)	Prec@5 100.000 (99.867)
Epoch: [123][290/391], lr: 0.01000	Loss 0.2363 (0.2488)	Prec@1 89.844 (91.793)	Prec@5 100.000 (99.860)
Epoch: [123][300/391], lr: 0.01000	Loss 0.2970 (0.2495)	Prec@1 91.406 (91.770)	Prec@5 100.000 (99.862)
Epoch: [123][310/391], lr: 0.01000	Loss 0.1486 (0.2503)	Prec@1 95.312 (91.733)	Prec@5 100.000 (99.854)
Epoch: [123][320/391], lr: 0.01000	Loss 0.2153 (0.2506)	Prec@1 92.188 (91.735)	Prec@5 100.000 (99.854)
Epoch: [123][330/391], lr: 0.01000	Loss 0.1217 (0.2500)	Prec@1 97.656 (91.765)	Prec@5 100.000 (99.854)
Epoch: [123][340/391], lr: 0.01000	Loss 0.2948 (0.2497)	Prec@1 86.719 (91.761)	Prec@5 100.000 (99.851)
Epoch: [123][350/391], lr: 0.01000	Loss 0.3488 (0.2494)	Prec@1 89.844 (91.762)	Prec@5 99.219 (99.853)
Epoch: [123][360/391], lr: 0.01000	Loss 0.2740 (0.2489)	Prec@1 89.062 (91.781)	Prec@5 100.000 (99.855)
Epoch: [123][370/391], lr: 0.01000	Loss 0.2742 (0.2489)	Prec@1 91.406 (91.783)	Prec@5 100.000 (99.857)
Epoch: [123][380/391], lr: 0.01000	Loss 0.1673 (0.2492)	Prec@1 94.531 (91.788)	Prec@5 100.000 (99.856)
Epoch: [123][390/391], lr: 0.01000	Loss 0.1797 (0.2488)	Prec@1 93.750 (91.788)	Prec@5 100.000 (99.860)
Epoch [123] Training Results: Prec@1 91.788 Prec@5 99.860             Loss 0.24876
Epoch [123] Training Class Recall: [0.840,0.887,0.857,0.901,0.922,0.936,0.951,0.956,0.962,0.965]

Epoch: [124][0/391], lr: 0.01000	Loss 0.2953 (0.2953)	Prec@1 92.188 (92.188)	Prec@5 100.000 (100.000)
Epoch: [124][10/391], lr: 0.01000	Loss 0.2715 (0.2418)	Prec@1 92.969 (92.685)	Prec@5 100.000 (99.929)
Epoch: [124][20/391], lr: 0.01000	Loss 0.1997 (0.2549)	Prec@1 94.531 (91.629)	Prec@5 100.000 (99.888)
Epoch: [124][30/391], lr: 0.01000	Loss 0.1809 (0.2541)	Prec@1 94.531 (91.658)	Prec@5 100.000 (99.874)
Epoch: [124][40/391], lr: 0.01000	Loss 0.2318 (0.2554)	Prec@1 92.188 (91.559)	Prec@5 100.000 (99.848)
Epoch: [124][50/391], lr: 0.01000	Loss 0.1986 (0.2561)	Prec@1 91.406 (91.575)	Prec@5 100.000 (99.847)
Epoch: [124][60/391], lr: 0.01000	Loss 0.2213 (0.2617)	Prec@1 93.750 (91.278)	Prec@5 99.219 (99.846)
Epoch: [124][70/391], lr: 0.01000	Loss 0.2608 (0.2628)	Prec@1 89.062 (91.219)	Prec@5 100.000 (99.857)
Epoch: [124][80/391], lr: 0.01000	Loss 0.1860 (0.2561)	Prec@1 92.969 (91.435)	Prec@5 100.000 (99.865)
Epoch: [124][90/391], lr: 0.01000	Loss 0.2917 (0.2588)	Prec@1 89.844 (91.269)	Prec@5 100.000 (99.871)
Epoch: [124][100/391], lr: 0.01000	Loss 0.2941 (0.2565)	Prec@1 88.281 (91.329)	Prec@5 100.000 (99.884)
Epoch: [124][110/391], lr: 0.01000	Loss 0.3875 (0.2558)	Prec@1 85.938 (91.280)	Prec@5 100.000 (99.887)
Epoch: [124][120/391], lr: 0.01000	Loss 0.3964 (0.2584)	Prec@1 87.500 (91.238)	Prec@5 100.000 (99.897)
Epoch: [124][130/391], lr: 0.01000	Loss 0.3056 (0.2579)	Prec@1 89.062 (91.269)	Prec@5 100.000 (99.875)
Epoch: [124][140/391], lr: 0.01000	Loss 0.1624 (0.2579)	Prec@1 95.312 (91.318)	Prec@5 100.000 (99.856)
Epoch: [124][150/391], lr: 0.01000	Loss 0.3205 (0.2597)	Prec@1 90.625 (91.220)	Prec@5 98.438 (99.840)
Epoch: [124][160/391], lr: 0.01000	Loss 0.2360 (0.2635)	Prec@1 93.750 (91.120)	Prec@5 100.000 (99.835)
Epoch: [124][170/391], lr: 0.01000	Loss 0.3316 (0.2687)	Prec@1 89.844 (90.972)	Prec@5 100.000 (99.826)
Epoch: [124][180/391], lr: 0.01000	Loss 0.3085 (0.2720)	Prec@1 90.625 (90.849)	Prec@5 100.000 (99.827)
Epoch: [124][190/391], lr: 0.01000	Loss 0.3602 (0.2735)	Prec@1 85.938 (90.768)	Prec@5 100.000 (99.824)
Epoch: [124][200/391], lr: 0.01000	Loss 0.4263 (0.2765)	Prec@1 86.719 (90.726)	Prec@5 100.000 (99.829)
Epoch: [124][210/391], lr: 0.01000	Loss 0.2220 (0.2761)	Prec@1 92.188 (90.710)	Prec@5 99.219 (99.830)
Epoch: [124][220/391], lr: 0.01000	Loss 0.4156 (0.2754)	Prec@1 87.500 (90.742)	Prec@5 99.219 (99.823)
Epoch: [124][230/391], lr: 0.01000	Loss 0.2450 (0.2746)	Prec@1 90.625 (90.740)	Prec@5 99.219 (99.824)
Epoch: [124][240/391], lr: 0.01000	Loss 0.2423 (0.2730)	Prec@1 92.188 (90.794)	Prec@5 99.219 (99.822)
Epoch: [124][250/391], lr: 0.01000	Loss 0.1536 (0.2723)	Prec@1 93.750 (90.824)	Prec@5 100.000 (99.823)
Epoch: [124][260/391], lr: 0.01000	Loss 0.2600 (0.2717)	Prec@1 89.062 (90.844)	Prec@5 100.000 (99.823)
Epoch: [124][270/391], lr: 0.01000	Loss 0.3538 (0.2719)	Prec@1 87.500 (90.861)	Prec@5 100.000 (99.824)
Epoch: [124][280/391], lr: 0.01000	Loss 0.1933 (0.2706)	Prec@1 94.531 (90.897)	Prec@5 100.000 (99.828)
Epoch: [124][290/391], lr: 0.01000	Loss 0.2216 (0.2699)	Prec@1 92.969 (90.939)	Prec@5 100.000 (99.828)
Epoch: [124][300/391], lr: 0.01000	Loss 0.3068 (0.2696)	Prec@1 89.844 (90.947)	Prec@5 100.000 (99.826)
Epoch: [124][310/391], lr: 0.01000	Loss 0.2219 (0.2703)	Prec@1 92.188 (90.914)	Prec@5 100.000 (99.832)
Epoch: [124][320/391], lr: 0.01000	Loss 0.2514 (0.2713)	Prec@1 91.406 (90.873)	Prec@5 100.000 (99.837)
Epoch: [124][330/391], lr: 0.01000	Loss 0.3089 (0.2724)	Prec@1 89.844 (90.840)	Prec@5 99.219 (99.828)
Epoch: [124][340/391], lr: 0.01000	Loss 0.3574 (0.2735)	Prec@1 86.719 (90.799)	Prec@5 100.000 (99.830)
Epoch: [124][350/391], lr: 0.01000	Loss 0.2384 (0.2747)	Prec@1 90.625 (90.754)	Prec@5 100.000 (99.829)
Epoch: [124][360/391], lr: 0.01000	Loss 0.2892 (0.2752)	Prec@1 91.406 (90.727)	Prec@5 99.219 (99.829)
Epoch: [124][370/391], lr: 0.01000	Loss 0.2571 (0.2743)	Prec@1 91.406 (90.777)	Prec@5 99.219 (99.829)
Epoch: [124][380/391], lr: 0.01000	Loss 0.3117 (0.2735)	Prec@1 91.406 (90.828)	Prec@5 100.000 (99.832)
Epoch: [124][390/391], lr: 0.01000	Loss 0.3410 (0.2742)	Prec@1 88.750 (90.806)	Prec@5 100.000 (99.832)
Epoch [124] Training Results: Prec@1 90.806 Prec@5 99.832             Loss 0.27423
Epoch [124] Training Class Recall: [0.830,0.879,0.852,0.881,0.916,0.921,0.942,0.945,0.955,0.961]

Epoch: [125][0/391], lr: 0.01000	Loss 0.3573 (0.3573)	Prec@1 86.719 (86.719)	Prec@5 100.000 (100.000)
Epoch: [125][10/391], lr: 0.01000	Loss 0.1979 (0.2525)	Prec@1 93.750 (91.477)	Prec@5 100.000 (99.858)
Epoch: [125][20/391], lr: 0.01000	Loss 0.2031 (0.2475)	Prec@1 93.750 (91.741)	Prec@5 99.219 (99.888)
Epoch: [125][30/391], lr: 0.01000	Loss 0.2389 (0.2500)	Prec@1 91.406 (91.658)	Prec@5 100.000 (99.824)
Epoch: [125][40/391], lr: 0.01000	Loss 0.3570 (0.2502)	Prec@1 91.406 (91.768)	Prec@5 100.000 (99.848)
Epoch: [125][50/391], lr: 0.01000	Loss 0.2340 (0.2529)	Prec@1 92.969 (91.651)	Prec@5 100.000 (99.862)
Epoch: [125][60/391], lr: 0.01000	Loss 0.1991 (0.2522)	Prec@1 92.969 (91.637)	Prec@5 100.000 (99.872)
Epoch: [125][70/391], lr: 0.01000	Loss 0.2640 (0.2562)	Prec@1 92.969 (91.582)	Prec@5 100.000 (99.868)
Epoch: [125][80/391], lr: 0.01000	Loss 0.1722 (0.2545)	Prec@1 92.969 (91.551)	Prec@5 100.000 (99.884)
Epoch: [125][90/391], lr: 0.01000	Loss 0.2437 (0.2526)	Prec@1 92.969 (91.526)	Prec@5 100.000 (99.880)
Epoch: [125][100/391], lr: 0.01000	Loss 0.2631 (0.2513)	Prec@1 89.844 (91.545)	Prec@5 100.000 (99.861)
Epoch: [125][110/391], lr: 0.01000	Loss 0.2162 (0.2479)	Prec@1 91.406 (91.688)	Prec@5 100.000 (99.859)
Epoch: [125][120/391], lr: 0.01000	Loss 0.1821 (0.2475)	Prec@1 94.531 (91.723)	Prec@5 100.000 (99.858)
Epoch: [125][130/391], lr: 0.01000	Loss 0.4308 (0.2475)	Prec@1 86.719 (91.740)	Prec@5 99.219 (99.851)
Epoch: [125][140/391], lr: 0.01000	Loss 0.2700 (0.2485)	Prec@1 92.188 (91.722)	Prec@5 99.219 (99.850)
Epoch: [125][150/391], lr: 0.01000	Loss 0.1782 (0.2485)	Prec@1 93.750 (91.712)	Prec@5 100.000 (99.855)
Epoch: [125][160/391], lr: 0.01000	Loss 0.1896 (0.2488)	Prec@1 93.750 (91.707)	Prec@5 100.000 (99.854)
Epoch: [125][170/391], lr: 0.01000	Loss 0.3328 (0.2492)	Prec@1 90.625 (91.680)	Prec@5 99.219 (99.858)
Epoch: [125][180/391], lr: 0.01000	Loss 0.2724 (0.2477)	Prec@1 90.625 (91.700)	Prec@5 100.000 (99.858)
Epoch: [125][190/391], lr: 0.01000	Loss 0.2047 (0.2475)	Prec@1 92.969 (91.697)	Prec@5 100.000 (99.861)
Epoch: [125][200/391], lr: 0.01000	Loss 0.1853 (0.2479)	Prec@1 93.750 (91.682)	Prec@5 100.000 (99.860)
Epoch: [125][210/391], lr: 0.01000	Loss 0.1653 (0.2465)	Prec@1 95.312 (91.714)	Prec@5 100.000 (99.867)
Epoch: [125][220/391], lr: 0.01000	Loss 0.3322 (0.2468)	Prec@1 89.062 (91.742)	Prec@5 100.000 (99.866)
Epoch: [125][230/391], lr: 0.01000	Loss 0.2500 (0.2468)	Prec@1 89.844 (91.782)	Prec@5 100.000 (99.861)
Epoch: [125][240/391], lr: 0.01000	Loss 0.2725 (0.2470)	Prec@1 92.969 (91.795)	Prec@5 98.438 (99.848)
Epoch: [125][250/391], lr: 0.01000	Loss 0.2343 (0.2468)	Prec@1 92.969 (91.774)	Prec@5 100.000 (99.851)
Epoch: [125][260/391], lr: 0.01000	Loss 0.3259 (0.2480)	Prec@1 89.844 (91.750)	Prec@5 100.000 (99.856)
Epoch: [125][270/391], lr: 0.01000	Loss 0.3229 (0.2493)	Prec@1 86.719 (91.695)	Prec@5 100.000 (99.859)
Epoch: [125][280/391], lr: 0.01000	Loss 0.4087 (0.2504)	Prec@1 88.281 (91.645)	Prec@5 99.219 (99.855)
Epoch: [125][290/391], lr: 0.01000	Loss 0.2489 (0.2515)	Prec@1 90.625 (91.578)	Prec@5 100.000 (99.855)
Epoch: [125][300/391], lr: 0.01000	Loss 0.3416 (0.2546)	Prec@1 91.406 (91.492)	Prec@5 100.000 (99.857)
Epoch: [125][310/391], lr: 0.01000	Loss 0.2674 (0.2567)	Prec@1 92.188 (91.419)	Prec@5 100.000 (99.849)
Epoch: [125][320/391], lr: 0.01000	Loss 0.3069 (0.2585)	Prec@1 89.062 (91.384)	Prec@5 100.000 (99.844)
Epoch: [125][330/391], lr: 0.01000	Loss 0.2207 (0.2589)	Prec@1 92.188 (91.373)	Prec@5 100.000 (99.847)
Epoch: [125][340/391], lr: 0.01000	Loss 0.1785 (0.2591)	Prec@1 95.312 (91.397)	Prec@5 100.000 (99.849)
Epoch: [125][350/391], lr: 0.01000	Loss 0.2924 (0.2592)	Prec@1 88.281 (91.360)	Prec@5 100.000 (99.851)
Epoch: [125][360/391], lr: 0.01000	Loss 0.2684 (0.2585)	Prec@1 92.188 (91.359)	Prec@5 100.000 (99.855)
Epoch: [125][370/391], lr: 0.01000	Loss 0.2088 (0.2571)	Prec@1 90.625 (91.415)	Prec@5 100.000 (99.857)
Epoch: [125][380/391], lr: 0.01000	Loss 0.3189 (0.2565)	Prec@1 89.062 (91.449)	Prec@5 100.000 (99.861)
Epoch: [125][390/391], lr: 0.01000	Loss 0.1523 (0.2557)	Prec@1 95.000 (91.472)	Prec@5 100.000 (99.862)
Epoch [125] Training Results: Prec@1 91.472 Prec@5 99.862             Loss 0.25574
Epoch [125] Training Class Recall: [0.835,0.886,0.860,0.894,0.918,0.932,0.944,0.958,0.958,0.963]

Epoch: [126][0/391], lr: 0.01000	Loss 0.3609 (0.3609)	Prec@1 85.938 (85.938)	Prec@5 100.000 (100.000)
Epoch: [126][10/391], lr: 0.01000	Loss 0.1298 (0.1898)	Prec@1 96.094 (93.750)	Prec@5 100.000 (99.858)
Epoch: [126][20/391], lr: 0.01000	Loss 0.1851 (0.2017)	Prec@1 95.312 (93.713)	Prec@5 100.000 (99.851)
Epoch: [126][30/391], lr: 0.01000	Loss 0.1198 (0.1948)	Prec@1 97.656 (93.775)	Prec@5 100.000 (99.849)
Epoch: [126][40/391], lr: 0.01000	Loss 0.2200 (0.1998)	Prec@1 92.188 (93.350)	Prec@5 100.000 (99.867)
Epoch: [126][50/391], lr: 0.01000	Loss 0.3466 (0.2046)	Prec@1 90.625 (93.260)	Prec@5 100.000 (99.893)
Epoch: [126][60/391], lr: 0.01000	Loss 0.1988 (0.2035)	Prec@1 92.969 (93.315)	Prec@5 100.000 (99.872)
Epoch: [126][70/391], lr: 0.01000	Loss 0.2623 (0.2041)	Prec@1 89.844 (93.200)	Prec@5 100.000 (99.890)
Epoch: [126][80/391], lr: 0.01000	Loss 0.1433 (0.2062)	Prec@1 95.312 (93.104)	Prec@5 100.000 (99.894)
Epoch: [126][90/391], lr: 0.01000	Loss 0.1893 (0.2084)	Prec@1 93.750 (92.969)	Prec@5 100.000 (99.897)
Epoch: [126][100/391], lr: 0.01000	Loss 0.3385 (0.2110)	Prec@1 89.062 (92.961)	Prec@5 100.000 (99.884)
Epoch: [126][110/391], lr: 0.01000	Loss 0.2485 (0.2166)	Prec@1 90.625 (92.772)	Prec@5 99.219 (99.880)
Epoch: [126][120/391], lr: 0.01000	Loss 0.1923 (0.2169)	Prec@1 92.969 (92.736)	Prec@5 100.000 (99.884)
Epoch: [126][130/391], lr: 0.01000	Loss 0.1962 (0.2230)	Prec@1 94.531 (92.563)	Prec@5 100.000 (99.851)
Epoch: [126][140/391], lr: 0.01000	Loss 0.2023 (0.2243)	Prec@1 91.406 (92.570)	Prec@5 99.219 (99.845)
Epoch: [126][150/391], lr: 0.01000	Loss 0.1751 (0.2250)	Prec@1 92.969 (92.555)	Prec@5 100.000 (99.845)
Epoch: [126][160/391], lr: 0.01000	Loss 0.2510 (0.2292)	Prec@1 90.625 (92.425)	Prec@5 99.219 (99.840)
Epoch: [126][170/391], lr: 0.01000	Loss 0.2765 (0.2330)	Prec@1 89.844 (92.329)	Prec@5 100.000 (99.826)
Epoch: [126][180/391], lr: 0.01000	Loss 0.4010 (0.2358)	Prec@1 84.375 (92.183)	Prec@5 99.219 (99.810)
Epoch: [126][190/391], lr: 0.01000	Loss 0.1600 (0.2360)	Prec@1 96.875 (92.200)	Prec@5 100.000 (99.820)
Epoch: [126][200/391], lr: 0.01000	Loss 0.2102 (0.2370)	Prec@1 90.625 (92.149)	Prec@5 100.000 (99.829)
Epoch: [126][210/391], lr: 0.01000	Loss 0.3681 (0.2381)	Prec@1 89.062 (92.132)	Prec@5 100.000 (99.830)
Epoch: [126][220/391], lr: 0.01000	Loss 0.2008 (0.2393)	Prec@1 92.969 (92.081)	Prec@5 100.000 (99.834)
Epoch: [126][230/391], lr: 0.01000	Loss 0.2572 (0.2400)	Prec@1 92.188 (92.045)	Prec@5 100.000 (99.841)
Epoch: [126][240/391], lr: 0.01000	Loss 0.1427 (0.2426)	Prec@1 95.312 (91.980)	Prec@5 100.000 (99.838)
Epoch: [126][250/391], lr: 0.01000	Loss 0.3655 (0.2447)	Prec@1 91.406 (91.926)	Prec@5 99.219 (99.841)
Epoch: [126][260/391], lr: 0.01000	Loss 0.2679 (0.2457)	Prec@1 92.188 (91.906)	Prec@5 100.000 (99.835)
Epoch: [126][270/391], lr: 0.01000	Loss 0.2307 (0.2467)	Prec@1 92.969 (91.859)	Prec@5 100.000 (99.841)
Epoch: [126][280/391], lr: 0.01000	Loss 0.3002 (0.2477)	Prec@1 90.625 (91.812)	Prec@5 98.438 (99.833)
Epoch: [126][290/391], lr: 0.01000	Loss 0.2466 (0.2489)	Prec@1 89.062 (91.766)	Prec@5 100.000 (99.831)
Epoch: [126][300/391], lr: 0.01000	Loss 0.1690 (0.2494)	Prec@1 95.312 (91.777)	Prec@5 100.000 (99.824)
Epoch: [126][310/391], lr: 0.01000	Loss 0.3136 (0.2499)	Prec@1 89.062 (91.735)	Prec@5 100.000 (99.829)
Epoch: [126][320/391], lr: 0.01000	Loss 0.2249 (0.2511)	Prec@1 91.406 (91.693)	Prec@5 100.000 (99.827)
Epoch: [126][330/391], lr: 0.01000	Loss 0.3106 (0.2532)	Prec@1 89.062 (91.628)	Prec@5 100.000 (99.823)
Epoch: [126][340/391], lr: 0.01000	Loss 0.2741 (0.2542)	Prec@1 89.844 (91.594)	Prec@5 100.000 (99.824)
Epoch: [126][350/391], lr: 0.01000	Loss 0.2454 (0.2556)	Prec@1 94.531 (91.564)	Prec@5 100.000 (99.826)
Epoch: [126][360/391], lr: 0.01000	Loss 0.3575 (0.2573)	Prec@1 89.844 (91.501)	Prec@5 100.000 (99.823)
Epoch: [126][370/391], lr: 0.01000	Loss 0.2890 (0.2579)	Prec@1 89.844 (91.474)	Prec@5 100.000 (99.827)
Epoch: [126][380/391], lr: 0.01000	Loss 0.2922 (0.2579)	Prec@1 90.625 (91.480)	Prec@5 100.000 (99.830)
Epoch: [126][390/391], lr: 0.01000	Loss 0.4151 (0.2575)	Prec@1 85.000 (91.496)	Prec@5 100.000 (99.830)
Epoch [126] Training Results: Prec@1 91.496 Prec@5 99.830             Loss 0.25747
Epoch [126] Training Class Recall: [0.830,0.890,0.865,0.894,0.922,0.930,0.952,0.951,0.956,0.959]

Epoch: [127][0/391], lr: 0.01000	Loss 0.2206 (0.2206)	Prec@1 91.406 (91.406)	Prec@5 99.219 (99.219)
Epoch: [127][10/391], lr: 0.01000	Loss 0.2282 (0.2392)	Prec@1 92.188 (91.619)	Prec@5 100.000 (99.929)
Epoch: [127][20/391], lr: 0.01000	Loss 0.3213 (0.2700)	Prec@1 90.625 (90.848)	Prec@5 100.000 (99.888)
Epoch: [127][30/391], lr: 0.01000	Loss 0.1731 (0.2542)	Prec@1 93.750 (91.507)	Prec@5 100.000 (99.874)
Epoch: [127][40/391], lr: 0.01000	Loss 0.1383 (0.2489)	Prec@1 93.750 (91.673)	Prec@5 100.000 (99.905)
Epoch: [127][50/391], lr: 0.01000	Loss 0.2756 (0.2444)	Prec@1 93.750 (91.805)	Prec@5 99.219 (99.893)
Epoch: [127][60/391], lr: 0.01000	Loss 0.2116 (0.2406)	Prec@1 92.969 (91.944)	Prec@5 100.000 (99.898)
Epoch: [127][70/391], lr: 0.01000	Loss 0.2265 (0.2353)	Prec@1 89.062 (92.033)	Prec@5 100.000 (99.912)
Epoch: [127][80/391], lr: 0.01000	Loss 0.1466 (0.2297)	Prec@1 94.531 (92.294)	Prec@5 100.000 (99.904)
Epoch: [127][90/391], lr: 0.01000	Loss 0.1395 (0.2306)	Prec@1 94.531 (92.282)	Prec@5 100.000 (99.880)
Epoch: [127][100/391], lr: 0.01000	Loss 0.2030 (0.2334)	Prec@1 94.531 (92.234)	Prec@5 100.000 (99.868)
Epoch: [127][110/391], lr: 0.01000	Loss 0.2232 (0.2312)	Prec@1 92.969 (92.314)	Prec@5 99.219 (99.866)
Epoch: [127][120/391], lr: 0.01000	Loss 0.2558 (0.2331)	Prec@1 92.188 (92.284)	Prec@5 99.219 (99.851)
Epoch: [127][130/391], lr: 0.01000	Loss 0.2065 (0.2334)	Prec@1 92.969 (92.313)	Prec@5 100.000 (99.851)
Epoch: [127][140/391], lr: 0.01000	Loss 0.3198 (0.2336)	Prec@1 91.406 (92.332)	Prec@5 100.000 (99.861)
Epoch: [127][150/391], lr: 0.01000	Loss 0.1235 (0.2360)	Prec@1 96.094 (92.244)	Prec@5 100.000 (99.850)
Epoch: [127][160/391], lr: 0.01000	Loss 0.4962 (0.2386)	Prec@1 85.156 (92.158)	Prec@5 98.438 (99.840)
Epoch: [127][170/391], lr: 0.01000	Loss 0.3679 (0.2431)	Prec@1 87.500 (91.982)	Prec@5 100.000 (99.840)
Epoch: [127][180/391], lr: 0.01000	Loss 0.4451 (0.2468)	Prec@1 89.062 (91.881)	Prec@5 98.438 (99.827)
Epoch: [127][190/391], lr: 0.01000	Loss 0.2967 (0.2485)	Prec@1 87.500 (91.807)	Prec@5 100.000 (99.828)
Epoch: [127][200/391], lr: 0.01000	Loss 0.3304 (0.2503)	Prec@1 90.625 (91.764)	Prec@5 99.219 (99.825)
Epoch: [127][210/391], lr: 0.01000	Loss 0.3981 (0.2530)	Prec@1 85.156 (91.665)	Prec@5 100.000 (99.830)
Epoch: [127][220/391], lr: 0.01000	Loss 0.2430 (0.2564)	Prec@1 90.625 (91.541)	Prec@5 100.000 (99.834)
Epoch: [127][230/391], lr: 0.01000	Loss 0.3313 (0.2582)	Prec@1 86.719 (91.501)	Prec@5 100.000 (99.834)
Epoch: [127][240/391], lr: 0.01000	Loss 0.2657 (0.2595)	Prec@1 88.281 (91.422)	Prec@5 100.000 (99.835)
Epoch: [127][250/391], lr: 0.01000	Loss 0.3749 (0.2612)	Prec@1 89.062 (91.341)	Prec@5 99.219 (99.832)
Epoch: [127][260/391], lr: 0.01000	Loss 0.2899 (0.2619)	Prec@1 92.188 (91.310)	Prec@5 100.000 (99.826)
Epoch: [127][270/391], lr: 0.01000	Loss 0.2625 (0.2636)	Prec@1 92.969 (91.256)	Prec@5 99.219 (99.815)
Epoch: [127][280/391], lr: 0.01000	Loss 0.3916 (0.2643)	Prec@1 85.938 (91.223)	Prec@5 100.000 (99.814)
Epoch: [127][290/391], lr: 0.01000	Loss 0.2475 (0.2659)	Prec@1 92.969 (91.173)	Prec@5 100.000 (99.817)
Epoch: [127][300/391], lr: 0.01000	Loss 0.2880 (0.2662)	Prec@1 90.625 (91.165)	Prec@5 99.219 (99.811)
Epoch: [127][310/391], lr: 0.01000	Loss 0.2544 (0.2655)	Prec@1 89.844 (91.188)	Prec@5 99.219 (99.814)
Epoch: [127][320/391], lr: 0.01000	Loss 0.2169 (0.2651)	Prec@1 92.188 (91.199)	Prec@5 100.000 (99.820)
Epoch: [127][330/391], lr: 0.01000	Loss 0.2246 (0.2641)	Prec@1 92.969 (91.222)	Prec@5 100.000 (99.818)
Epoch: [127][340/391], lr: 0.01000	Loss 0.2721 (0.2630)	Prec@1 88.281 (91.253)	Prec@5 100.000 (99.824)
Epoch: [127][350/391], lr: 0.01000	Loss 0.2050 (0.2625)	Prec@1 90.625 (91.253)	Prec@5 100.000 (99.829)
Epoch: [127][360/391], lr: 0.01000	Loss 0.2041 (0.2631)	Prec@1 92.969 (91.233)	Prec@5 100.000 (99.827)
Epoch: [127][370/391], lr: 0.01000	Loss 0.2906 (0.2627)	Prec@1 91.406 (91.244)	Prec@5 100.000 (99.827)
Epoch: [127][380/391], lr: 0.01000	Loss 0.2353 (0.2623)	Prec@1 93.750 (91.285)	Prec@5 100.000 (99.830)
Epoch: [127][390/391], lr: 0.01000	Loss 0.3294 (0.2626)	Prec@1 90.000 (91.304)	Prec@5 98.750 (99.826)
Epoch [127] Training Results: Prec@1 91.304 Prec@5 99.826             Loss 0.26262
Epoch [127] Training Class Recall: [0.823,0.889,0.860,0.895,0.916,0.931,0.948,0.946,0.958,0.964]

Epoch: [128][0/391], lr: 0.01000	Loss 0.3777 (0.3777)	Prec@1 87.500 (87.500)	Prec@5 100.000 (100.000)
Epoch: [128][10/391], lr: 0.01000	Loss 0.1901 (0.2710)	Prec@1 91.406 (90.341)	Prec@5 100.000 (99.858)
Epoch: [128][20/391], lr: 0.01000	Loss 0.2095 (0.2559)	Prec@1 93.750 (91.332)	Prec@5 100.000 (99.888)
Epoch: [128][30/391], lr: 0.01000	Loss 0.2016 (0.2420)	Prec@1 93.750 (92.087)	Prec@5 100.000 (99.924)
Epoch: [128][40/391], lr: 0.01000	Loss 0.2873 (0.2473)	Prec@1 92.188 (91.864)	Prec@5 100.000 (99.924)
Epoch: [128][50/391], lr: 0.01000	Loss 0.2406 (0.2526)	Prec@1 90.625 (91.743)	Prec@5 100.000 (99.939)
Epoch: [128][60/391], lr: 0.01000	Loss 0.2978 (0.2541)	Prec@1 91.406 (91.624)	Prec@5 100.000 (99.923)
Epoch: [128][70/391], lr: 0.01000	Loss 0.2458 (0.2534)	Prec@1 93.750 (91.626)	Prec@5 100.000 (99.934)
Epoch: [128][80/391], lr: 0.01000	Loss 0.2568 (0.2535)	Prec@1 92.188 (91.705)	Prec@5 100.000 (99.932)
Epoch: [128][90/391], lr: 0.01000	Loss 0.2412 (0.2541)	Prec@1 92.188 (91.707)	Prec@5 100.000 (99.931)
Epoch: [128][100/391], lr: 0.01000	Loss 0.2930 (0.2503)	Prec@1 86.719 (91.901)	Prec@5 100.000 (99.915)
Epoch: [128][110/391], lr: 0.01000	Loss 0.2437 (0.2480)	Prec@1 94.531 (91.955)	Prec@5 99.219 (99.894)
Epoch: [128][120/391], lr: 0.01000	Loss 0.2111 (0.2449)	Prec@1 93.750 (92.013)	Prec@5 100.000 (99.890)
Epoch: [128][130/391], lr: 0.01000	Loss 0.2343 (0.2423)	Prec@1 89.062 (92.056)	Prec@5 100.000 (99.893)
Epoch: [128][140/391], lr: 0.01000	Loss 0.2386 (0.2412)	Prec@1 92.188 (92.088)	Prec@5 100.000 (99.895)
Epoch: [128][150/391], lr: 0.01000	Loss 0.2283 (0.2416)	Prec@1 91.406 (92.063)	Prec@5 100.000 (99.902)
Epoch: [128][160/391], lr: 0.01000	Loss 0.3946 (0.2457)	Prec@1 89.062 (91.925)	Prec@5 100.000 (99.903)
Epoch: [128][170/391], lr: 0.01000	Loss 0.2941 (0.2473)	Prec@1 91.406 (91.872)	Prec@5 100.000 (99.904)
Epoch: [128][180/391], lr: 0.01000	Loss 0.3084 (0.2482)	Prec@1 89.844 (91.847)	Prec@5 99.219 (99.892)
Epoch: [128][190/391], lr: 0.01000	Loss 0.2540 (0.2499)	Prec@1 92.969 (91.799)	Prec@5 100.000 (99.885)
Epoch: [128][200/391], lr: 0.01000	Loss 0.3563 (0.2511)	Prec@1 88.281 (91.775)	Prec@5 100.000 (99.880)
Epoch: [128][210/391], lr: 0.01000	Loss 0.3394 (0.2539)	Prec@1 84.375 (91.688)	Prec@5 100.000 (99.878)
Epoch: [128][220/391], lr: 0.01000	Loss 0.2216 (0.2550)	Prec@1 91.406 (91.632)	Prec@5 100.000 (99.883)
Epoch: [128][230/391], lr: 0.01000	Loss 0.3775 (0.2570)	Prec@1 88.281 (91.602)	Prec@5 99.219 (99.871)
Epoch: [128][240/391], lr: 0.01000	Loss 0.3588 (0.2568)	Prec@1 87.500 (91.614)	Prec@5 100.000 (99.877)
Epoch: [128][250/391], lr: 0.01000	Loss 0.2659 (0.2585)	Prec@1 92.188 (91.553)	Prec@5 99.219 (99.872)
Epoch: [128][260/391], lr: 0.01000	Loss 0.2790 (0.2603)	Prec@1 89.844 (91.505)	Prec@5 100.000 (99.877)
Epoch: [128][270/391], lr: 0.01000	Loss 0.3891 (0.2626)	Prec@1 85.938 (91.377)	Prec@5 99.219 (99.876)
Epoch: [128][280/391], lr: 0.01000	Loss 0.2551 (0.2637)	Prec@1 89.062 (91.348)	Prec@5 100.000 (99.878)
Epoch: [128][290/391], lr: 0.01000	Loss 0.2427 (0.2644)	Prec@1 89.844 (91.318)	Prec@5 100.000 (99.874)
Epoch: [128][300/391], lr: 0.01000	Loss 0.2839 (0.2661)	Prec@1 92.969 (91.258)	Prec@5 100.000 (99.862)
Epoch: [128][310/391], lr: 0.01000	Loss 0.2145 (0.2671)	Prec@1 92.188 (91.213)	Prec@5 100.000 (99.864)
Epoch: [128][320/391], lr: 0.01000	Loss 0.2415 (0.2668)	Prec@1 89.844 (91.214)	Prec@5 100.000 (99.859)
Epoch: [128][330/391], lr: 0.01000	Loss 0.2012 (0.2664)	Prec@1 92.188 (91.203)	Prec@5 99.219 (99.858)
Epoch: [128][340/391], lr: 0.01000	Loss 0.2380 (0.2664)	Prec@1 90.625 (91.200)	Prec@5 100.000 (99.851)
Epoch: [128][350/391], lr: 0.01000	Loss 0.4151 (0.2667)	Prec@1 88.281 (91.181)	Prec@5 100.000 (99.849)
Epoch: [128][360/391], lr: 0.01000	Loss 0.2829 (0.2660)	Prec@1 90.625 (91.218)	Prec@5 100.000 (99.851)
Epoch: [128][370/391], lr: 0.01000	Loss 0.2141 (0.2665)	Prec@1 92.969 (91.185)	Prec@5 100.000 (99.848)
Epoch: [128][380/391], lr: 0.01000	Loss 0.2087 (0.2664)	Prec@1 91.406 (91.183)	Prec@5 100.000 (99.848)
Epoch: [128][390/391], lr: 0.01000	Loss 0.2568 (0.2653)	Prec@1 92.500 (91.198)	Prec@5 100.000 (99.852)
Epoch [128] Training Results: Prec@1 91.198 Prec@5 99.852             Loss 0.26533
Epoch [128] Training Class Recall: [0.831,0.883,0.860,0.893,0.919,0.924,0.948,0.947,0.958,0.956]

Epoch: [129][0/391], lr: 0.01000	Loss 0.1691 (0.1691)	Prec@1 95.312 (95.312)	Prec@5 100.000 (100.000)
Epoch: [129][10/391], lr: 0.01000	Loss 0.3722 (0.2621)	Prec@1 88.281 (91.548)	Prec@5 100.000 (99.929)
Epoch: [129][20/391], lr: 0.01000	Loss 0.2159 (0.2536)	Prec@1 92.188 (91.592)	Prec@5 100.000 (99.926)
Epoch: [129][30/391], lr: 0.01000	Loss 0.2043 (0.2556)	Prec@1 92.969 (91.406)	Prec@5 100.000 (99.899)
Epoch: [129][40/391], lr: 0.01000	Loss 0.1634 (0.2507)	Prec@1 96.875 (91.787)	Prec@5 100.000 (99.905)
Epoch: [129][50/391], lr: 0.01000	Loss 0.1744 (0.2479)	Prec@1 91.406 (91.713)	Prec@5 100.000 (99.908)
Epoch: [129][60/391], lr: 0.01000	Loss 0.2712 (0.2505)	Prec@1 90.625 (91.509)	Prec@5 100.000 (99.910)
Epoch: [129][70/391], lr: 0.01000	Loss 0.1834 (0.2557)	Prec@1 95.312 (91.406)	Prec@5 100.000 (99.912)
Epoch: [129][80/391], lr: 0.01000	Loss 0.3068 (0.2616)	Prec@1 89.062 (91.310)	Prec@5 100.000 (99.904)
Epoch: [129][90/391], lr: 0.01000	Loss 0.3046 (0.2636)	Prec@1 91.406 (91.260)	Prec@5 100.000 (99.914)
Epoch: [129][100/391], lr: 0.01000	Loss 0.3012 (0.2704)	Prec@1 90.625 (91.066)	Prec@5 100.000 (99.892)
Epoch: [129][110/391], lr: 0.01000	Loss 0.3878 (0.2730)	Prec@1 88.281 (91.040)	Prec@5 99.219 (99.873)
Epoch: [129][120/391], lr: 0.01000	Loss 0.2427 (0.2713)	Prec@1 92.188 (91.148)	Prec@5 99.219 (99.858)
Epoch: [129][130/391], lr: 0.01000	Loss 0.2280 (0.2708)	Prec@1 92.188 (91.150)	Prec@5 100.000 (99.863)
Epoch: [129][140/391], lr: 0.01000	Loss 0.2498 (0.2674)	Prec@1 90.625 (91.273)	Prec@5 100.000 (99.867)
Epoch: [129][150/391], lr: 0.01000	Loss 0.2533 (0.2640)	Prec@1 90.625 (91.406)	Prec@5 100.000 (99.871)
Epoch: [129][160/391], lr: 0.01000	Loss 0.1967 (0.2619)	Prec@1 92.969 (91.479)	Prec@5 100.000 (99.874)
Epoch: [129][170/391], lr: 0.01000	Loss 0.1406 (0.2595)	Prec@1 96.094 (91.562)	Prec@5 100.000 (99.872)
Epoch: [129][180/391], lr: 0.01000	Loss 0.2244 (0.2577)	Prec@1 94.531 (91.613)	Prec@5 100.000 (99.871)
Epoch: [129][190/391], lr: 0.01000	Loss 0.1607 (0.2576)	Prec@1 96.094 (91.627)	Prec@5 100.000 (99.857)
Epoch: [129][200/391], lr: 0.01000	Loss 0.3311 (0.2570)	Prec@1 89.844 (91.632)	Prec@5 100.000 (99.864)
Epoch: [129][210/391], lr: 0.01000	Loss 0.1420 (0.2578)	Prec@1 96.094 (91.614)	Prec@5 100.000 (99.856)
Epoch: [129][220/391], lr: 0.01000	Loss 0.2718 (0.2575)	Prec@1 90.625 (91.625)	Prec@5 100.000 (99.859)
Epoch: [129][230/391], lr: 0.01000	Loss 0.3188 (0.2571)	Prec@1 89.062 (91.633)	Prec@5 100.000 (99.858)
Epoch: [129][240/391], lr: 0.01000	Loss 0.2156 (0.2572)	Prec@1 90.625 (91.623)	Prec@5 100.000 (99.861)
Epoch: [129][250/391], lr: 0.01000	Loss 0.2316 (0.2568)	Prec@1 94.531 (91.649)	Prec@5 100.000 (99.860)
Epoch: [129][260/391], lr: 0.01000	Loss 0.2795 (0.2562)	Prec@1 90.625 (91.655)	Prec@5 99.219 (99.859)
Epoch: [129][270/391], lr: 0.01000	Loss 0.2192 (0.2562)	Prec@1 92.188 (91.663)	Prec@5 100.000 (99.859)
Epoch: [129][280/391], lr: 0.01000	Loss 0.3027 (0.2560)	Prec@1 89.062 (91.654)	Prec@5 100.000 (99.861)
Epoch: [129][290/391], lr: 0.01000	Loss 0.2242 (0.2560)	Prec@1 92.969 (91.637)	Prec@5 99.219 (99.855)
Epoch: [129][300/391], lr: 0.01000	Loss 0.2342 (0.2551)	Prec@1 92.969 (91.679)	Prec@5 100.000 (99.857)
Epoch: [129][310/391], lr: 0.01000	Loss 0.3552 (0.2550)	Prec@1 90.625 (91.698)	Prec@5 98.438 (99.854)
Epoch: [129][320/391], lr: 0.01000	Loss 0.2109 (0.2558)	Prec@1 92.188 (91.676)	Prec@5 100.000 (99.859)
Epoch: [129][330/391], lr: 0.01000	Loss 0.3814 (0.2557)	Prec@1 85.938 (91.678)	Prec@5 99.219 (99.856)
Epoch: [129][340/391], lr: 0.01000	Loss 0.3738 (0.2569)	Prec@1 91.406 (91.635)	Prec@5 99.219 (99.858)
Epoch: [129][350/391], lr: 0.01000	Loss 0.2611 (0.2564)	Prec@1 90.625 (91.649)	Prec@5 100.000 (99.855)
Epoch: [129][360/391], lr: 0.01000	Loss 0.2870 (0.2559)	Prec@1 90.625 (91.659)	Prec@5 100.000 (99.853)
Epoch: [129][370/391], lr: 0.01000	Loss 0.2313 (0.2556)	Prec@1 92.969 (91.646)	Prec@5 100.000 (99.850)
Epoch: [129][380/391], lr: 0.01000	Loss 0.3268 (0.2551)	Prec@1 88.281 (91.665)	Prec@5 100.000 (99.848)
Epoch: [129][390/391], lr: 0.01000	Loss 0.2890 (0.2554)	Prec@1 92.500 (91.622)	Prec@5 98.750 (99.838)
Epoch [129] Training Results: Prec@1 91.622 Prec@5 99.838             Loss 0.25544
Epoch [129] Training Class Recall: [0.843,0.888,0.862,0.890,0.924,0.929,0.948,0.954,0.963,0.960]

Epoch: [130][0/391], lr: 0.01000	Loss 0.1330 (0.1330)	Prec@1 95.312 (95.312)	Prec@5 100.000 (100.000)
Epoch: [130][10/391], lr: 0.01000	Loss 0.3414 (0.3020)	Prec@1 87.500 (89.347)	Prec@5 99.219 (99.787)
Epoch: [130][20/391], lr: 0.01000	Loss 0.2302 (0.2858)	Prec@1 92.188 (90.513)	Prec@5 100.000 (99.777)
Epoch: [130][30/391], lr: 0.01000	Loss 0.3488 (0.2701)	Prec@1 89.844 (91.028)	Prec@5 100.000 (99.824)
Epoch: [130][40/391], lr: 0.01000	Loss 0.2089 (0.2721)	Prec@1 92.188 (91.006)	Prec@5 100.000 (99.828)
Epoch: [130][50/391], lr: 0.01000	Loss 0.1390 (0.2672)	Prec@1 95.312 (91.330)	Prec@5 100.000 (99.847)
Epoch: [130][60/391], lr: 0.01000	Loss 0.2059 (0.2644)	Prec@1 91.406 (91.278)	Prec@5 100.000 (99.859)
Epoch: [130][70/391], lr: 0.01000	Loss 0.2425 (0.2596)	Prec@1 91.406 (91.362)	Prec@5 99.219 (99.846)
Epoch: [130][80/391], lr: 0.01000	Loss 0.1614 (0.2610)	Prec@1 93.750 (91.348)	Prec@5 100.000 (99.865)
Epoch: [130][90/391], lr: 0.01000	Loss 0.2066 (0.2569)	Prec@1 92.188 (91.432)	Prec@5 100.000 (99.863)
Epoch: [130][100/391], lr: 0.01000	Loss 0.2877 (0.2550)	Prec@1 88.281 (91.460)	Prec@5 100.000 (99.861)
Epoch: [130][110/391], lr: 0.01000	Loss 0.3083 (0.2525)	Prec@1 91.406 (91.568)	Prec@5 100.000 (99.873)
Epoch: [130][120/391], lr: 0.01000	Loss 0.1912 (0.2505)	Prec@1 95.312 (91.606)	Prec@5 100.000 (99.884)
Epoch: [130][130/391], lr: 0.01000	Loss 0.1879 (0.2476)	Prec@1 94.531 (91.693)	Prec@5 100.000 (99.893)
Epoch: [130][140/391], lr: 0.01000	Loss 0.2062 (0.2476)	Prec@1 92.969 (91.705)	Prec@5 100.000 (99.895)
Epoch: [130][150/391], lr: 0.01000	Loss 0.2036 (0.2464)	Prec@1 92.969 (91.722)	Prec@5 100.000 (99.891)
Epoch: [130][160/391], lr: 0.01000	Loss 0.2243 (0.2479)	Prec@1 92.188 (91.683)	Prec@5 100.000 (99.888)
Epoch: [130][170/391], lr: 0.01000	Loss 0.3030 (0.2503)	Prec@1 90.625 (91.630)	Prec@5 100.000 (99.881)
Epoch: [130][180/391], lr: 0.01000	Loss 0.1845 (0.2521)	Prec@1 94.531 (91.592)	Prec@5 100.000 (99.883)
Epoch: [130][190/391], lr: 0.01000	Loss 0.2769 (0.2532)	Prec@1 92.188 (91.545)	Prec@5 100.000 (99.877)
Epoch: [130][200/391], lr: 0.01000	Loss 0.2156 (0.2554)	Prec@1 92.188 (91.457)	Prec@5 100.000 (99.880)
Epoch: [130][210/391], lr: 0.01000	Loss 0.2680 (0.2558)	Prec@1 92.188 (91.462)	Prec@5 100.000 (99.882)
Epoch: [130][220/391], lr: 0.01000	Loss 0.3195 (0.2580)	Prec@1 89.844 (91.382)	Prec@5 100.000 (99.883)
Epoch: [130][230/391], lr: 0.01000	Loss 0.2687 (0.2599)	Prec@1 89.062 (91.305)	Prec@5 100.000 (99.882)
Epoch: [130][240/391], lr: 0.01000	Loss 0.2443 (0.2592)	Prec@1 90.625 (91.312)	Prec@5 100.000 (99.883)
Epoch: [130][250/391], lr: 0.01000	Loss 0.2636 (0.2607)	Prec@1 91.406 (91.269)	Prec@5 100.000 (99.888)
Epoch: [130][260/391], lr: 0.01000	Loss 0.2701 (0.2606)	Prec@1 91.406 (91.278)	Prec@5 99.219 (99.880)
Epoch: [130][270/391], lr: 0.01000	Loss 0.2485 (0.2616)	Prec@1 91.406 (91.236)	Prec@5 100.000 (99.882)
Epoch: [130][280/391], lr: 0.01000	Loss 0.2243 (0.2616)	Prec@1 92.188 (91.237)	Prec@5 100.000 (99.880)
Epoch: [130][290/391], lr: 0.01000	Loss 0.2106 (0.2623)	Prec@1 92.969 (91.210)	Prec@5 100.000 (99.877)
Epoch: [130][300/391], lr: 0.01000	Loss 0.2019 (0.2627)	Prec@1 94.531 (91.212)	Prec@5 100.000 (99.865)
Epoch: [130][310/391], lr: 0.01000	Loss 0.4714 (0.2620)	Prec@1 87.500 (91.258)	Prec@5 100.000 (99.869)
Epoch: [130][320/391], lr: 0.01000	Loss 0.1645 (0.2603)	Prec@1 96.094 (91.311)	Prec@5 100.000 (99.869)
Epoch: [130][330/391], lr: 0.01000	Loss 0.2380 (0.2583)	Prec@1 92.188 (91.385)	Prec@5 100.000 (99.873)
Epoch: [130][340/391], lr: 0.01000	Loss 0.1314 (0.2579)	Prec@1 96.094 (91.425)	Prec@5 100.000 (99.869)
Epoch: [130][350/391], lr: 0.01000	Loss 0.1866 (0.2570)	Prec@1 94.531 (91.437)	Prec@5 100.000 (99.869)
Epoch: [130][360/391], lr: 0.01000	Loss 0.3888 (0.2574)	Prec@1 88.281 (91.419)	Prec@5 100.000 (99.868)
Epoch: [130][370/391], lr: 0.01000	Loss 0.1598 (0.2576)	Prec@1 96.875 (91.438)	Prec@5 100.000 (99.861)
Epoch: [130][380/391], lr: 0.01000	Loss 0.1695 (0.2575)	Prec@1 91.406 (91.425)	Prec@5 100.000 (99.861)
Epoch: [130][390/391], lr: 0.01000	Loss 0.3391 (0.2574)	Prec@1 90.000 (91.424)	Prec@5 100.000 (99.864)
Epoch [130] Training Results: Prec@1 91.424 Prec@5 99.864             Loss 0.25742
Epoch [130] Training Class Recall: [0.835,0.890,0.866,0.886,0.918,0.920,0.953,0.947,0.964,0.964]

Epoch: [131][0/391], lr: 0.01000	Loss 0.2323 (0.2323)	Prec@1 91.406 (91.406)	Prec@5 99.219 (99.219)
Epoch: [131][10/391], lr: 0.01000	Loss 0.2623 (0.2367)	Prec@1 92.188 (92.543)	Prec@5 100.000 (99.929)
Epoch: [131][20/391], lr: 0.01000	Loss 0.1895 (0.2158)	Prec@1 92.969 (93.080)	Prec@5 100.000 (99.963)
Epoch: [131][30/391], lr: 0.01000	Loss 0.2285 (0.2222)	Prec@1 92.969 (92.918)	Prec@5 100.000 (99.899)
Epoch: [131][40/391], lr: 0.01000	Loss 0.2432 (0.2164)	Prec@1 91.406 (92.893)	Prec@5 100.000 (99.886)
Epoch: [131][50/391], lr: 0.01000	Loss 0.2451 (0.2153)	Prec@1 92.188 (92.907)	Prec@5 100.000 (99.908)
Epoch: [131][60/391], lr: 0.01000	Loss 0.1252 (0.2149)	Prec@1 94.531 (92.930)	Prec@5 100.000 (99.898)
Epoch: [131][70/391], lr: 0.01000	Loss 0.2383 (0.2175)	Prec@1 89.844 (92.716)	Prec@5 100.000 (99.901)
Epoch: [131][80/391], lr: 0.01000	Loss 0.1414 (0.2157)	Prec@1 95.312 (92.747)	Prec@5 100.000 (99.913)
Epoch: [131][90/391], lr: 0.01000	Loss 0.2543 (0.2163)	Prec@1 91.406 (92.763)	Prec@5 100.000 (99.906)
Epoch: [131][100/391], lr: 0.01000	Loss 0.2159 (0.2180)	Prec@1 93.750 (92.698)	Prec@5 99.219 (99.899)
Epoch: [131][110/391], lr: 0.01000	Loss 0.1707 (0.2169)	Prec@1 92.969 (92.729)	Prec@5 100.000 (99.909)
Epoch: [131][120/391], lr: 0.01000	Loss 0.3228 (0.2181)	Prec@1 89.844 (92.704)	Prec@5 100.000 (99.910)
Epoch: [131][130/391], lr: 0.01000	Loss 0.1768 (0.2206)	Prec@1 95.312 (92.617)	Prec@5 99.219 (99.905)
Epoch: [131][140/391], lr: 0.01000	Loss 0.3007 (0.2229)	Prec@1 90.625 (92.564)	Prec@5 100.000 (99.906)
Epoch: [131][150/391], lr: 0.01000	Loss 0.2252 (0.2261)	Prec@1 93.750 (92.519)	Prec@5 100.000 (99.897)
Epoch: [131][160/391], lr: 0.01000	Loss 0.2974 (0.2312)	Prec@1 87.500 (92.328)	Prec@5 100.000 (99.874)
Epoch: [131][170/391], lr: 0.01000	Loss 0.2029 (0.2349)	Prec@1 93.750 (92.224)	Prec@5 100.000 (99.872)
Epoch: [131][180/391], lr: 0.01000	Loss 0.2052 (0.2368)	Prec@1 93.750 (92.183)	Prec@5 100.000 (99.871)
Epoch: [131][190/391], lr: 0.01000	Loss 0.2864 (0.2393)	Prec@1 90.625 (92.085)	Prec@5 100.000 (99.869)
Epoch: [131][200/391], lr: 0.01000	Loss 0.3128 (0.2385)	Prec@1 90.625 (92.086)	Prec@5 100.000 (99.868)
Epoch: [131][210/391], lr: 0.01000	Loss 0.1900 (0.2398)	Prec@1 92.188 (92.032)	Prec@5 100.000 (99.867)
Epoch: [131][220/391], lr: 0.01000	Loss 0.3094 (0.2411)	Prec@1 92.188 (92.004)	Prec@5 99.219 (99.866)
Epoch: [131][230/391], lr: 0.01000	Loss 0.2349 (0.2412)	Prec@1 90.625 (91.998)	Prec@5 100.000 (99.865)
Epoch: [131][240/391], lr: 0.01000	Loss 0.3523 (0.2429)	Prec@1 86.719 (91.964)	Prec@5 100.000 (99.867)
Epoch: [131][250/391], lr: 0.01000	Loss 0.2775 (0.2445)	Prec@1 91.406 (91.910)	Prec@5 100.000 (99.869)
Epoch: [131][260/391], lr: 0.01000	Loss 0.2438 (0.2452)	Prec@1 91.406 (91.885)	Prec@5 100.000 (99.871)
Epoch: [131][270/391], lr: 0.01000	Loss 0.2338 (0.2447)	Prec@1 91.406 (91.914)	Prec@5 100.000 (99.873)
Epoch: [131][280/391], lr: 0.01000	Loss 0.2152 (0.2461)	Prec@1 92.969 (91.848)	Prec@5 100.000 (99.867)
Epoch: [131][290/391], lr: 0.01000	Loss 0.3125 (0.2486)	Prec@1 88.281 (91.777)	Prec@5 99.219 (99.863)
Epoch: [131][300/391], lr: 0.01000	Loss 0.3178 (0.2508)	Prec@1 89.844 (91.700)	Prec@5 100.000 (99.865)
Epoch: [131][310/391], lr: 0.01000	Loss 0.3572 (0.2524)	Prec@1 85.156 (91.657)	Prec@5 100.000 (99.862)
Epoch: [131][320/391], lr: 0.01000	Loss 0.2493 (0.2530)	Prec@1 93.750 (91.640)	Prec@5 100.000 (99.861)
Epoch: [131][330/391], lr: 0.01000	Loss 0.2294 (0.2535)	Prec@1 90.625 (91.612)	Prec@5 100.000 (99.863)
Epoch: [131][340/391], lr: 0.01000	Loss 0.2188 (0.2552)	Prec@1 92.188 (91.590)	Prec@5 100.000 (99.858)
Epoch: [131][350/391], lr: 0.01000	Loss 0.2255 (0.2553)	Prec@1 91.406 (91.582)	Prec@5 100.000 (99.860)
Epoch: [131][360/391], lr: 0.01000	Loss 0.4608 (0.2562)	Prec@1 89.062 (91.564)	Prec@5 99.219 (99.859)
Epoch: [131][370/391], lr: 0.01000	Loss 0.2088 (0.2563)	Prec@1 94.531 (91.585)	Prec@5 100.000 (99.859)
Epoch: [131][380/391], lr: 0.01000	Loss 0.2599 (0.2562)	Prec@1 89.844 (91.599)	Prec@5 99.219 (99.856)
Epoch: [131][390/391], lr: 0.01000	Loss 0.1709 (0.2559)	Prec@1 93.750 (91.608)	Prec@5 100.000 (99.854)
Epoch [131] Training Results: Prec@1 91.608 Prec@5 99.854             Loss 0.25587
Epoch [131] Training Class Recall: [0.836,0.892,0.864,0.895,0.923,0.931,0.946,0.955,0.957,0.962]

Epoch: [132][0/391], lr: 0.01000	Loss 0.2899 (0.2899)	Prec@1 89.062 (89.062)	Prec@5 99.219 (99.219)
Epoch: [132][10/391], lr: 0.01000	Loss 0.2390 (0.2520)	Prec@1 94.531 (91.974)	Prec@5 100.000 (99.858)
Epoch: [132][20/391], lr: 0.01000	Loss 0.3257 (0.2412)	Prec@1 89.844 (91.853)	Prec@5 100.000 (99.851)
Epoch: [132][30/391], lr: 0.01000	Loss 0.2490 (0.2310)	Prec@1 91.406 (92.137)	Prec@5 100.000 (99.849)
Epoch: [132][40/391], lr: 0.01000	Loss 0.2143 (0.2258)	Prec@1 93.750 (92.359)	Prec@5 100.000 (99.809)
Epoch: [132][50/391], lr: 0.01000	Loss 0.1652 (0.2172)	Prec@1 94.531 (92.616)	Prec@5 100.000 (99.847)
Epoch: [132][60/391], lr: 0.01000	Loss 0.2223 (0.2183)	Prec@1 93.750 (92.610)	Prec@5 100.000 (99.859)
Epoch: [132][70/391], lr: 0.01000	Loss 0.2256 (0.2184)	Prec@1 92.969 (92.628)	Prec@5 100.000 (99.879)
Epoch: [132][80/391], lr: 0.01000	Loss 0.2380 (0.2186)	Prec@1 90.625 (92.554)	Prec@5 100.000 (99.884)
Epoch: [132][90/391], lr: 0.01000	Loss 0.1810 (0.2157)	Prec@1 96.094 (92.720)	Prec@5 100.000 (99.888)
Epoch: [132][100/391], lr: 0.01000	Loss 0.1725 (0.2158)	Prec@1 92.969 (92.690)	Prec@5 100.000 (99.892)
Epoch: [132][110/391], lr: 0.01000	Loss 0.1359 (0.2145)	Prec@1 95.312 (92.694)	Prec@5 100.000 (99.901)
Epoch: [132][120/391], lr: 0.01000	Loss 0.1780 (0.2152)	Prec@1 95.312 (92.704)	Prec@5 100.000 (99.897)
Epoch: [132][130/391], lr: 0.01000	Loss 0.2291 (0.2175)	Prec@1 89.844 (92.605)	Prec@5 100.000 (99.905)
Epoch: [132][140/391], lr: 0.01000	Loss 0.1731 (0.2183)	Prec@1 94.531 (92.586)	Prec@5 100.000 (99.911)
Epoch: [132][150/391], lr: 0.01000	Loss 0.2021 (0.2199)	Prec@1 96.094 (92.503)	Prec@5 100.000 (99.907)
Epoch: [132][160/391], lr: 0.01000	Loss 0.3617 (0.2253)	Prec@1 88.281 (92.328)	Prec@5 100.000 (99.893)
Epoch: [132][170/391], lr: 0.01000	Loss 0.2446 (0.2290)	Prec@1 91.406 (92.265)	Prec@5 100.000 (99.881)
Epoch: [132][180/391], lr: 0.01000	Loss 0.3363 (0.2345)	Prec@1 87.500 (92.140)	Prec@5 100.000 (99.875)
Epoch: [132][190/391], lr: 0.01000	Loss 0.3086 (0.2394)	Prec@1 86.719 (91.987)	Prec@5 100.000 (99.865)
Epoch: [132][200/391], lr: 0.01000	Loss 0.2028 (0.2454)	Prec@1 92.188 (91.752)	Prec@5 100.000 (99.848)
Epoch: [132][210/391], lr: 0.01000	Loss 0.2903 (0.2494)	Prec@1 88.281 (91.577)	Prec@5 100.000 (99.848)
Epoch: [132][220/391], lr: 0.01000	Loss 0.3122 (0.2526)	Prec@1 87.500 (91.484)	Prec@5 99.219 (99.844)
Epoch: [132][230/391], lr: 0.01000	Loss 0.2535 (0.2537)	Prec@1 90.625 (91.467)	Prec@5 100.000 (99.844)
Epoch: [132][240/391], lr: 0.01000	Loss 0.1512 (0.2541)	Prec@1 96.094 (91.439)	Prec@5 100.000 (99.844)
Epoch: [132][250/391], lr: 0.01000	Loss 0.2168 (0.2528)	Prec@1 93.750 (91.506)	Prec@5 100.000 (99.847)
Epoch: [132][260/391], lr: 0.01000	Loss 0.3105 (0.2528)	Prec@1 92.188 (91.511)	Prec@5 99.219 (99.847)
Epoch: [132][270/391], lr: 0.01000	Loss 0.1980 (0.2528)	Prec@1 93.750 (91.530)	Prec@5 100.000 (99.844)
Epoch: [132][280/391], lr: 0.01000	Loss 0.1986 (0.2526)	Prec@1 92.188 (91.565)	Prec@5 99.219 (99.844)
Epoch: [132][290/391], lr: 0.01000	Loss 0.2481 (0.2530)	Prec@1 92.969 (91.562)	Prec@5 100.000 (99.850)
Epoch: [132][300/391], lr: 0.01000	Loss 0.2727 (0.2547)	Prec@1 89.844 (91.507)	Prec@5 100.000 (99.847)
Epoch: [132][310/391], lr: 0.01000	Loss 0.3350 (0.2556)	Prec@1 90.625 (91.489)	Prec@5 99.219 (99.844)
Epoch: [132][320/391], lr: 0.01000	Loss 0.3838 (0.2562)	Prec@1 88.281 (91.467)	Prec@5 98.438 (99.842)
Epoch: [132][330/391], lr: 0.01000	Loss 0.3106 (0.2578)	Prec@1 91.406 (91.420)	Prec@5 100.000 (99.837)
Epoch: [132][340/391], lr: 0.01000	Loss 0.2401 (0.2591)	Prec@1 91.406 (91.372)	Prec@5 100.000 (99.837)
Epoch: [132][350/391], lr: 0.01000	Loss 0.2800 (0.2600)	Prec@1 89.062 (91.348)	Prec@5 100.000 (99.842)
Epoch: [132][360/391], lr: 0.01000	Loss 0.3944 (0.2610)	Prec@1 88.281 (91.309)	Prec@5 99.219 (99.844)
Epoch: [132][370/391], lr: 0.01000	Loss 0.3500 (0.2602)	Prec@1 88.281 (91.341)	Prec@5 100.000 (99.846)
Epoch: [132][380/391], lr: 0.01000	Loss 0.2397 (0.2594)	Prec@1 92.188 (91.349)	Prec@5 100.000 (99.850)
Epoch: [132][390/391], lr: 0.01000	Loss 0.1498 (0.2585)	Prec@1 95.000 (91.358)	Prec@5 100.000 (99.850)
Epoch [132] Training Results: Prec@1 91.358 Prec@5 99.850             Loss 0.25846
Epoch [132] Training Class Recall: [0.831,0.887,0.859,0.900,0.920,0.929,0.948,0.944,0.955,0.962]

Epoch: [133][0/391], lr: 0.01000	Loss 0.1890 (0.1890)	Prec@1 94.531 (94.531)	Prec@5 100.000 (100.000)
Epoch: [133][10/391], lr: 0.01000	Loss 0.2428 (0.2299)	Prec@1 91.406 (91.832)	Prec@5 100.000 (99.787)
Epoch: [133][20/391], lr: 0.01000	Loss 0.1971 (0.2329)	Prec@1 92.969 (92.299)	Prec@5 100.000 (99.777)
Epoch: [133][30/391], lr: 0.01000	Loss 0.1886 (0.2322)	Prec@1 95.312 (92.188)	Prec@5 100.000 (99.824)
Epoch: [133][40/391], lr: 0.01000	Loss 0.1898 (0.2331)	Prec@1 93.750 (92.245)	Prec@5 100.000 (99.809)
Epoch: [133][50/391], lr: 0.01000	Loss 0.2810 (0.2403)	Prec@1 87.500 (91.973)	Prec@5 100.000 (99.816)
Epoch: [133][60/391], lr: 0.01000	Loss 0.2246 (0.2350)	Prec@1 94.531 (92.162)	Prec@5 100.000 (99.846)
Epoch: [133][70/391], lr: 0.01000	Loss 0.2724 (0.2384)	Prec@1 91.406 (91.989)	Prec@5 99.219 (99.857)
Epoch: [133][80/391], lr: 0.01000	Loss 0.2869 (0.2394)	Prec@1 89.062 (91.975)	Prec@5 100.000 (99.846)
Epoch: [133][90/391], lr: 0.01000	Loss 0.3213 (0.2431)	Prec@1 89.844 (91.904)	Prec@5 100.000 (99.854)
Epoch: [133][100/391], lr: 0.01000	Loss 0.4615 (0.2461)	Prec@1 85.156 (91.832)	Prec@5 98.438 (99.838)
Epoch: [133][110/391], lr: 0.01000	Loss 0.2522 (0.2507)	Prec@1 92.969 (91.667)	Prec@5 100.000 (99.838)
Epoch: [133][120/391], lr: 0.01000	Loss 0.4070 (0.2560)	Prec@1 87.500 (91.542)	Prec@5 99.219 (99.819)
Epoch: [133][130/391], lr: 0.01000	Loss 0.4836 (0.2581)	Prec@1 84.375 (91.418)	Prec@5 100.000 (99.827)
Epoch: [133][140/391], lr: 0.01000	Loss 0.2029 (0.2607)	Prec@1 92.969 (91.295)	Prec@5 100.000 (99.834)
Epoch: [133][150/391], lr: 0.01000	Loss 0.3010 (0.2612)	Prec@1 87.500 (91.230)	Prec@5 100.000 (99.840)
Epoch: [133][160/391], lr: 0.01000	Loss 0.3246 (0.2634)	Prec@1 89.062 (91.207)	Prec@5 100.000 (99.845)
Epoch: [133][170/391], lr: 0.01000	Loss 0.2785 (0.2662)	Prec@1 91.406 (91.114)	Prec@5 100.000 (99.849)
Epoch: [133][180/391], lr: 0.01000	Loss 0.2524 (0.2680)	Prec@1 92.969 (91.065)	Prec@5 100.000 (99.858)
Epoch: [133][190/391], lr: 0.01000	Loss 0.2857 (0.2693)	Prec@1 94.531 (90.977)	Prec@5 100.000 (99.857)
Epoch: [133][200/391], lr: 0.01000	Loss 0.2763 (0.2703)	Prec@1 89.062 (90.940)	Prec@5 100.000 (99.848)
Epoch: [133][210/391], lr: 0.01000	Loss 0.1289 (0.2688)	Prec@1 95.312 (90.992)	Prec@5 100.000 (99.856)
Epoch: [133][220/391], lr: 0.01000	Loss 0.2648 (0.2692)	Prec@1 91.406 (90.989)	Prec@5 99.219 (99.848)
Epoch: [133][230/391], lr: 0.01000	Loss 0.2295 (0.2689)	Prec@1 92.188 (90.960)	Prec@5 100.000 (99.848)
Epoch: [133][240/391], lr: 0.01000	Loss 0.2082 (0.2695)	Prec@1 94.531 (90.926)	Prec@5 99.219 (99.851)
Epoch: [133][250/391], lr: 0.01000	Loss 0.2264 (0.2689)	Prec@1 88.281 (90.939)	Prec@5 100.000 (99.854)
Epoch: [133][260/391], lr: 0.01000	Loss 0.2347 (0.2693)	Prec@1 91.406 (90.930)	Prec@5 100.000 (99.853)
Epoch: [133][270/391], lr: 0.01000	Loss 0.1779 (0.2681)	Prec@1 92.188 (91.000)	Prec@5 100.000 (99.850)
Epoch: [133][280/391], lr: 0.01000	Loss 0.2574 (0.2666)	Prec@1 90.625 (91.042)	Prec@5 99.219 (99.850)
Epoch: [133][290/391], lr: 0.01000	Loss 0.2230 (0.2674)	Prec@1 93.750 (91.033)	Prec@5 100.000 (99.847)
Epoch: [133][300/391], lr: 0.01000	Loss 0.3607 (0.2665)	Prec@1 86.719 (91.058)	Prec@5 97.656 (99.844)
Epoch: [133][310/391], lr: 0.01000	Loss 0.2683 (0.2654)	Prec@1 91.406 (91.097)	Prec@5 100.000 (99.847)
Epoch: [133][320/391], lr: 0.01000	Loss 0.2764 (0.2644)	Prec@1 89.844 (91.124)	Prec@5 100.000 (99.849)
Epoch: [133][330/391], lr: 0.01000	Loss 0.2702 (0.2640)	Prec@1 90.625 (91.154)	Prec@5 100.000 (99.847)
Epoch: [133][340/391], lr: 0.01000	Loss 0.2975 (0.2627)	Prec@1 91.406 (91.193)	Prec@5 100.000 (99.849)
Epoch: [133][350/391], lr: 0.01000	Loss 0.2862 (0.2620)	Prec@1 91.406 (91.242)	Prec@5 99.219 (99.844)
Epoch: [133][360/391], lr: 0.01000	Loss 0.1781 (0.2612)	Prec@1 94.531 (91.279)	Prec@5 100.000 (99.842)
Epoch: [133][370/391], lr: 0.01000	Loss 0.1454 (0.2597)	Prec@1 94.531 (91.322)	Prec@5 100.000 (99.846)
Epoch: [133][380/391], lr: 0.01000	Loss 0.2545 (0.2590)	Prec@1 93.750 (91.351)	Prec@5 100.000 (99.848)
Epoch: [133][390/391], lr: 0.01000	Loss 0.2604 (0.2579)	Prec@1 90.000 (91.386)	Prec@5 100.000 (99.852)
Epoch [133] Training Results: Prec@1 91.386 Prec@5 99.852             Loss 0.25786
Epoch [133] Training Class Recall: [0.837,0.890,0.862,0.885,0.919,0.926,0.950,0.950,0.960,0.960]

Epoch: [134][0/391], lr: 0.01000	Loss 0.2104 (0.2104)	Prec@1 91.406 (91.406)	Prec@5 99.219 (99.219)
Epoch: [134][10/391], lr: 0.01000	Loss 0.2412 (0.2498)	Prec@1 89.844 (91.264)	Prec@5 100.000 (99.858)
Epoch: [134][20/391], lr: 0.01000	Loss 0.2001 (0.2412)	Prec@1 93.750 (91.704)	Prec@5 100.000 (99.851)
Epoch: [134][30/391], lr: 0.01000	Loss 0.3472 (0.2551)	Prec@1 86.719 (91.331)	Prec@5 100.000 (99.874)
Epoch: [134][40/391], lr: 0.01000	Loss 0.2065 (0.2518)	Prec@1 94.531 (91.482)	Prec@5 100.000 (99.905)
Epoch: [134][50/391], lr: 0.01000	Loss 0.3223 (0.2541)	Prec@1 89.062 (91.376)	Prec@5 100.000 (99.923)
Epoch: [134][60/391], lr: 0.01000	Loss 0.3024 (0.2550)	Prec@1 89.844 (91.381)	Prec@5 100.000 (99.910)
Epoch: [134][70/391], lr: 0.01000	Loss 0.2826 (0.2522)	Prec@1 91.406 (91.461)	Prec@5 100.000 (99.879)
Epoch: [134][80/391], lr: 0.01000	Loss 0.2668 (0.2541)	Prec@1 89.062 (91.358)	Prec@5 100.000 (99.846)
Epoch: [134][90/391], lr: 0.01000	Loss 0.1883 (0.2559)	Prec@1 91.406 (91.235)	Prec@5 100.000 (99.845)
Epoch: [134][100/391], lr: 0.01000	Loss 0.1970 (0.2564)	Prec@1 92.969 (91.221)	Prec@5 100.000 (99.853)
Epoch: [134][110/391], lr: 0.01000	Loss 0.2234 (0.2525)	Prec@1 91.406 (91.406)	Prec@5 100.000 (99.838)
Epoch: [134][120/391], lr: 0.01000	Loss 0.1951 (0.2501)	Prec@1 95.312 (91.561)	Prec@5 99.219 (99.832)
Epoch: [134][130/391], lr: 0.01000	Loss 0.2452 (0.2478)	Prec@1 93.750 (91.621)	Prec@5 100.000 (99.845)
Epoch: [134][140/391], lr: 0.01000	Loss 0.1465 (0.2475)	Prec@1 95.312 (91.628)	Prec@5 100.000 (99.850)
Epoch: [134][150/391], lr: 0.01000	Loss 0.1622 (0.2463)	Prec@1 92.188 (91.624)	Prec@5 100.000 (99.860)
Epoch: [134][160/391], lr: 0.01000	Loss 0.2616 (0.2463)	Prec@1 89.062 (91.639)	Prec@5 99.219 (99.850)
Epoch: [134][170/391], lr: 0.01000	Loss 0.2921 (0.2468)	Prec@1 88.281 (91.603)	Prec@5 99.219 (99.845)
Epoch: [134][180/391], lr: 0.01000	Loss 0.2751 (0.2464)	Prec@1 89.062 (91.618)	Prec@5 100.000 (99.853)
Epoch: [134][190/391], lr: 0.01000	Loss 0.2715 (0.2489)	Prec@1 91.406 (91.513)	Prec@5 100.000 (99.853)
Epoch: [134][200/391], lr: 0.01000	Loss 0.3648 (0.2512)	Prec@1 86.719 (91.465)	Prec@5 98.438 (99.848)
Epoch: [134][210/391], lr: 0.01000	Loss 0.3164 (0.2530)	Prec@1 91.406 (91.414)	Prec@5 100.000 (99.844)
Epoch: [134][220/391], lr: 0.01000	Loss 0.5917 (0.2555)	Prec@1 85.156 (91.346)	Prec@5 98.438 (99.844)
Epoch: [134][230/391], lr: 0.01000	Loss 0.3377 (0.2577)	Prec@1 89.844 (91.278)	Prec@5 99.219 (99.831)
Epoch: [134][240/391], lr: 0.01000	Loss 0.3213 (0.2593)	Prec@1 91.406 (91.225)	Prec@5 100.000 (99.822)
Epoch: [134][250/391], lr: 0.01000	Loss 0.4431 (0.2620)	Prec@1 87.500 (91.129)	Prec@5 100.000 (99.816)
Epoch: [134][260/391], lr: 0.01000	Loss 0.3111 (0.2646)	Prec@1 89.844 (91.041)	Prec@5 100.000 (99.817)
Epoch: [134][270/391], lr: 0.01000	Loss 0.3007 (0.2671)	Prec@1 91.406 (90.994)	Prec@5 100.000 (99.821)
Epoch: [134][280/391], lr: 0.01000	Loss 0.3231 (0.2672)	Prec@1 89.062 (90.984)	Prec@5 100.000 (99.825)
Epoch: [134][290/391], lr: 0.01000	Loss 0.4134 (0.2670)	Prec@1 85.156 (90.963)	Prec@5 100.000 (99.828)
Epoch: [134][300/391], lr: 0.01000	Loss 0.4372 (0.2669)	Prec@1 87.500 (90.978)	Prec@5 99.219 (99.829)
Epoch: [134][310/391], lr: 0.01000	Loss 0.2084 (0.2661)	Prec@1 92.969 (90.982)	Prec@5 100.000 (99.832)
Epoch: [134][320/391], lr: 0.01000	Loss 0.2444 (0.2663)	Prec@1 89.062 (90.963)	Prec@5 100.000 (99.832)
Epoch: [134][330/391], lr: 0.01000	Loss 0.2398 (0.2661)	Prec@1 92.969 (90.970)	Prec@5 100.000 (99.837)
Epoch: [134][340/391], lr: 0.01000	Loss 0.1956 (0.2647)	Prec@1 92.969 (91.033)	Prec@5 100.000 (99.842)
Epoch: [134][350/391], lr: 0.01000	Loss 0.2220 (0.2641)	Prec@1 92.188 (91.068)	Prec@5 100.000 (99.840)
Epoch: [134][360/391], lr: 0.01000	Loss 0.2433 (0.2632)	Prec@1 92.969 (91.090)	Prec@5 99.219 (99.836)
Epoch: [134][370/391], lr: 0.01000	Loss 0.1803 (0.2634)	Prec@1 94.531 (91.097)	Prec@5 100.000 (99.836)
Epoch: [134][380/391], lr: 0.01000	Loss 0.1831 (0.2631)	Prec@1 95.312 (91.131)	Prec@5 100.000 (99.832)
Epoch: [134][390/391], lr: 0.01000	Loss 0.5166 (0.2630)	Prec@1 83.750 (91.154)	Prec@5 100.000 (99.836)
Epoch [134] Training Results: Prec@1 91.154 Prec@5 99.836             Loss 0.26297
Epoch [134] Training Class Recall: [0.832,0.882,0.857,0.889,0.911,0.929,0.949,0.947,0.959,0.960]

Epoch: [135][0/391], lr: 0.01000	Loss 0.3205 (0.3205)	Prec@1 87.500 (87.500)	Prec@5 99.219 (99.219)
Epoch: [135][10/391], lr: 0.01000	Loss 0.2581 (0.3008)	Prec@1 92.188 (89.986)	Prec@5 100.000 (99.929)
Epoch: [135][20/391], lr: 0.01000	Loss 0.3338 (0.2844)	Prec@1 87.500 (90.513)	Prec@5 100.000 (99.926)
Epoch: [135][30/391], lr: 0.01000	Loss 0.3773 (0.2775)	Prec@1 86.719 (90.827)	Prec@5 100.000 (99.798)
Epoch: [135][40/391], lr: 0.01000	Loss 0.3721 (0.2680)	Prec@1 89.062 (91.120)	Prec@5 99.219 (99.828)
Epoch: [135][50/391], lr: 0.01000	Loss 0.1563 (0.2611)	Prec@1 97.656 (91.360)	Prec@5 100.000 (99.816)
Epoch: [135][60/391], lr: 0.01000	Loss 0.1559 (0.2519)	Prec@1 96.094 (91.778)	Prec@5 100.000 (99.846)
Epoch: [135][70/391], lr: 0.01000	Loss 0.3740 (0.2504)	Prec@1 89.062 (91.725)	Prec@5 100.000 (99.846)
Epoch: [135][80/391], lr: 0.01000	Loss 0.2516 (0.2474)	Prec@1 92.188 (91.840)	Prec@5 100.000 (99.865)
Epoch: [135][90/391], lr: 0.01000	Loss 0.1995 (0.2466)	Prec@1 93.750 (91.853)	Prec@5 100.000 (99.871)
Epoch: [135][100/391], lr: 0.01000	Loss 0.2589 (0.2482)	Prec@1 91.406 (91.747)	Prec@5 100.000 (99.861)
Epoch: [135][110/391], lr: 0.01000	Loss 0.1226 (0.2455)	Prec@1 96.875 (91.843)	Prec@5 100.000 (99.873)
Epoch: [135][120/391], lr: 0.01000	Loss 0.2111 (0.2441)	Prec@1 94.531 (91.897)	Prec@5 99.219 (99.877)
Epoch: [135][130/391], lr: 0.01000	Loss 0.2862 (0.2440)	Prec@1 89.844 (91.895)	Prec@5 100.000 (99.887)
Epoch: [135][140/391], lr: 0.01000	Loss 0.2077 (0.2451)	Prec@1 92.188 (91.816)	Prec@5 100.000 (99.895)
Epoch: [135][150/391], lr: 0.01000	Loss 0.3178 (0.2455)	Prec@1 86.719 (91.753)	Prec@5 100.000 (99.897)
Epoch: [135][160/391], lr: 0.01000	Loss 0.2939 (0.2460)	Prec@1 89.844 (91.731)	Prec@5 99.219 (99.888)
Epoch: [135][170/391], lr: 0.01000	Loss 0.2302 (0.2454)	Prec@1 92.188 (91.767)	Prec@5 100.000 (99.890)
Epoch: [135][180/391], lr: 0.01000	Loss 0.1985 (0.2459)	Prec@1 94.531 (91.726)	Prec@5 100.000 (99.888)
Epoch: [135][190/391], lr: 0.01000	Loss 0.1896 (0.2457)	Prec@1 91.406 (91.733)	Prec@5 100.000 (99.890)
Epoch: [135][200/391], lr: 0.01000	Loss 0.2502 (0.2458)	Prec@1 93.750 (91.779)	Prec@5 100.000 (99.883)
Epoch: [135][210/391], lr: 0.01000	Loss 0.2711 (0.2454)	Prec@1 88.281 (91.806)	Prec@5 100.000 (99.874)
Epoch: [135][220/391], lr: 0.01000	Loss 0.1312 (0.2459)	Prec@1 96.094 (91.795)	Prec@5 100.000 (99.876)
Epoch: [135][230/391], lr: 0.01000	Loss 0.2911 (0.2458)	Prec@1 89.844 (91.809)	Prec@5 100.000 (99.875)
Epoch: [135][240/391], lr: 0.01000	Loss 0.1386 (0.2478)	Prec@1 95.312 (91.717)	Prec@5 100.000 (99.870)
Epoch: [135][250/391], lr: 0.01000	Loss 0.1170 (0.2477)	Prec@1 94.531 (91.730)	Prec@5 100.000 (99.869)
Epoch: [135][260/391], lr: 0.01000	Loss 0.2492 (0.2480)	Prec@1 91.406 (91.709)	Prec@5 100.000 (99.871)
Epoch: [135][270/391], lr: 0.01000	Loss 0.2009 (0.2486)	Prec@1 94.531 (91.709)	Prec@5 99.219 (99.873)
Epoch: [135][280/391], lr: 0.01000	Loss 0.2414 (0.2502)	Prec@1 91.406 (91.651)	Prec@5 100.000 (99.875)
Epoch: [135][290/391], lr: 0.01000	Loss 0.3448 (0.2509)	Prec@1 92.188 (91.667)	Prec@5 100.000 (99.879)
Epoch: [135][300/391], lr: 0.01000	Loss 0.2181 (0.2510)	Prec@1 91.406 (91.648)	Prec@5 100.000 (99.881)
Epoch: [135][310/391], lr: 0.01000	Loss 0.3816 (0.2524)	Prec@1 88.281 (91.622)	Prec@5 100.000 (99.879)
Epoch: [135][320/391], lr: 0.01000	Loss 0.1702 (0.2518)	Prec@1 95.312 (91.659)	Prec@5 100.000 (99.881)
Epoch: [135][330/391], lr: 0.01000	Loss 0.2329 (0.2523)	Prec@1 92.188 (91.656)	Prec@5 100.000 (99.880)
Epoch: [135][340/391], lr: 0.01000	Loss 0.2070 (0.2524)	Prec@1 94.531 (91.642)	Prec@5 100.000 (99.881)
Epoch: [135][350/391], lr: 0.01000	Loss 0.3532 (0.2519)	Prec@1 87.500 (91.667)	Prec@5 100.000 (99.882)
Epoch: [135][360/391], lr: 0.01000	Loss 0.1704 (0.2527)	Prec@1 94.531 (91.629)	Prec@5 100.000 (99.881)
Epoch: [135][370/391], lr: 0.01000	Loss 0.1896 (0.2522)	Prec@1 92.188 (91.659)	Prec@5 100.000 (99.876)
Epoch: [135][380/391], lr: 0.01000	Loss 0.2657 (0.2520)	Prec@1 92.188 (91.669)	Prec@5 100.000 (99.877)
Epoch: [135][390/391], lr: 0.01000	Loss 0.3195 (0.2521)	Prec@1 90.000 (91.656)	Prec@5 98.750 (99.876)
Epoch [135] Training Results: Prec@1 91.656 Prec@5 99.876             Loss 0.25205
Epoch [135] Training Class Recall: [0.834,0.890,0.865,0.892,0.929,0.925,0.951,0.955,0.960,0.965]

Epoch: [136][0/391], lr: 0.01000	Loss 0.1377 (0.1377)	Prec@1 95.312 (95.312)	Prec@5 100.000 (100.000)
Epoch: [136][10/391], lr: 0.01000	Loss 0.1701 (0.2004)	Prec@1 94.531 (93.537)	Prec@5 100.000 (99.858)
Epoch: [136][20/391], lr: 0.01000	Loss 0.3296 (0.2391)	Prec@1 92.969 (92.188)	Prec@5 100.000 (99.814)
Epoch: [136][30/391], lr: 0.01000	Loss 0.1775 (0.2370)	Prec@1 94.531 (92.061)	Prec@5 100.000 (99.874)
Epoch: [136][40/391], lr: 0.01000	Loss 0.1529 (0.2313)	Prec@1 94.531 (92.264)	Prec@5 100.000 (99.886)
Epoch: [136][50/391], lr: 0.01000	Loss 0.3534 (0.2361)	Prec@1 87.500 (92.111)	Prec@5 100.000 (99.908)
Epoch: [136][60/391], lr: 0.01000	Loss 0.2069 (0.2385)	Prec@1 94.531 (92.008)	Prec@5 100.000 (99.923)
Epoch: [136][70/391], lr: 0.01000	Loss 0.1450 (0.2368)	Prec@1 96.094 (92.165)	Prec@5 100.000 (99.934)
Epoch: [136][80/391], lr: 0.01000	Loss 0.2505 (0.2376)	Prec@1 93.750 (92.130)	Prec@5 100.000 (99.932)
Epoch: [136][90/391], lr: 0.01000	Loss 0.1271 (0.2358)	Prec@1 95.312 (92.179)	Prec@5 100.000 (99.923)
Epoch: [136][100/391], lr: 0.01000	Loss 0.1737 (0.2352)	Prec@1 92.188 (92.149)	Prec@5 100.000 (99.930)
Epoch: [136][110/391], lr: 0.01000	Loss 0.2054 (0.2345)	Prec@1 92.188 (92.195)	Prec@5 100.000 (99.923)
Epoch: [136][120/391], lr: 0.01000	Loss 0.2407 (0.2367)	Prec@1 92.188 (92.149)	Prec@5 99.219 (99.923)
Epoch: [136][130/391], lr: 0.01000	Loss 0.2861 (0.2396)	Prec@1 91.406 (92.068)	Prec@5 99.219 (99.911)
Epoch: [136][140/391], lr: 0.01000	Loss 0.1482 (0.2411)	Prec@1 96.094 (92.071)	Prec@5 100.000 (99.900)
Epoch: [136][150/391], lr: 0.01000	Loss 0.2590 (0.2452)	Prec@1 92.188 (91.955)	Prec@5 100.000 (99.886)
Epoch: [136][160/391], lr: 0.01000	Loss 0.2589 (0.2457)	Prec@1 86.719 (91.877)	Prec@5 100.000 (99.893)
Epoch: [136][170/391], lr: 0.01000	Loss 0.2601 (0.2475)	Prec@1 89.844 (91.790)	Prec@5 100.000 (99.890)
Epoch: [136][180/391], lr: 0.01000	Loss 0.3659 (0.2504)	Prec@1 86.719 (91.695)	Prec@5 99.219 (99.879)
Epoch: [136][190/391], lr: 0.01000	Loss 0.2526 (0.2525)	Prec@1 92.188 (91.598)	Prec@5 100.000 (99.873)
Epoch: [136][200/391], lr: 0.01000	Loss 0.2038 (0.2531)	Prec@1 91.406 (91.566)	Prec@5 100.000 (99.876)
Epoch: [136][210/391], lr: 0.01000	Loss 0.2483 (0.2528)	Prec@1 94.531 (91.569)	Prec@5 99.219 (99.870)
Epoch: [136][220/391], lr: 0.01000	Loss 0.1291 (0.2504)	Prec@1 96.875 (91.640)	Prec@5 100.000 (99.873)
Epoch: [136][230/391], lr: 0.01000	Loss 0.3363 (0.2494)	Prec@1 88.281 (91.684)	Prec@5 100.000 (99.871)
Epoch: [136][240/391], lr: 0.01000	Loss 0.1377 (0.2485)	Prec@1 95.312 (91.704)	Prec@5 100.000 (99.874)
Epoch: [136][250/391], lr: 0.01000	Loss 0.2115 (0.2479)	Prec@1 92.969 (91.733)	Prec@5 99.219 (99.869)
Epoch: [136][260/391], lr: 0.01000	Loss 0.3718 (0.2493)	Prec@1 88.281 (91.670)	Prec@5 100.000 (99.871)
Epoch: [136][270/391], lr: 0.01000	Loss 0.2962 (0.2513)	Prec@1 88.281 (91.646)	Prec@5 100.000 (99.873)
Epoch: [136][280/391], lr: 0.01000	Loss 0.2017 (0.2502)	Prec@1 92.969 (91.693)	Prec@5 100.000 (99.878)
Epoch: [136][290/391], lr: 0.01000	Loss 0.2648 (0.2499)	Prec@1 92.188 (91.712)	Prec@5 100.000 (99.879)
Epoch: [136][300/391], lr: 0.01000	Loss 0.2627 (0.2502)	Prec@1 92.969 (91.723)	Prec@5 100.000 (99.881)
Epoch: [136][310/391], lr: 0.01000	Loss 0.2221 (0.2504)	Prec@1 92.188 (91.715)	Prec@5 100.000 (99.882)
Epoch: [136][320/391], lr: 0.01000	Loss 0.2323 (0.2496)	Prec@1 92.188 (91.771)	Prec@5 100.000 (99.883)
Epoch: [136][330/391], lr: 0.01000	Loss 0.3097 (0.2494)	Prec@1 91.406 (91.786)	Prec@5 100.000 (99.887)
Epoch: [136][340/391], lr: 0.01000	Loss 0.1760 (0.2491)	Prec@1 93.750 (91.787)	Prec@5 100.000 (99.885)
Epoch: [136][350/391], lr: 0.01000	Loss 0.2511 (0.2508)	Prec@1 92.188 (91.725)	Prec@5 100.000 (99.880)
Epoch: [136][360/391], lr: 0.01000	Loss 0.1933 (0.2516)	Prec@1 91.406 (91.642)	Prec@5 100.000 (99.883)
Epoch: [136][370/391], lr: 0.01000	Loss 0.3357 (0.2532)	Prec@1 86.719 (91.596)	Prec@5 100.000 (99.882)
Epoch: [136][380/391], lr: 0.01000	Loss 0.3653 (0.2537)	Prec@1 87.500 (91.587)	Prec@5 100.000 (99.885)
Epoch: [136][390/391], lr: 0.01000	Loss 0.1667 (0.2545)	Prec@1 96.250 (91.560)	Prec@5 100.000 (99.878)
Epoch [136] Training Results: Prec@1 91.560 Prec@5 99.878             Loss 0.25450
Epoch [136] Training Class Recall: [0.834,0.888,0.861,0.898,0.921,0.930,0.947,0.953,0.961,0.963]

Epoch: [137][0/391], lr: 0.01000	Loss 0.2124 (0.2124)	Prec@1 92.969 (92.969)	Prec@5 100.000 (100.000)
Epoch: [137][10/391], lr: 0.01000	Loss 0.2356 (0.2226)	Prec@1 92.188 (91.761)	Prec@5 100.000 (100.000)
Epoch: [137][20/391], lr: 0.01000	Loss 0.2089 (0.2325)	Prec@1 91.406 (92.113)	Prec@5 100.000 (99.963)
Epoch: [137][30/391], lr: 0.01000	Loss 0.3439 (0.2419)	Prec@1 89.844 (91.734)	Prec@5 100.000 (99.950)
Epoch: [137][40/391], lr: 0.01000	Loss 0.4741 (0.2492)	Prec@1 87.500 (91.673)	Prec@5 100.000 (99.943)
Epoch: [137][50/391], lr: 0.01000	Loss 0.3055 (0.2523)	Prec@1 89.844 (91.743)	Prec@5 100.000 (99.908)
Epoch: [137][60/391], lr: 0.01000	Loss 0.3358 (0.2590)	Prec@1 89.062 (91.624)	Prec@5 100.000 (99.910)
Epoch: [137][70/391], lr: 0.01000	Loss 0.3998 (0.2641)	Prec@1 87.500 (91.395)	Prec@5 99.219 (99.890)
Epoch: [137][80/391], lr: 0.01000	Loss 0.1590 (0.2630)	Prec@1 93.750 (91.435)	Prec@5 100.000 (99.884)
Epoch: [137][90/391], lr: 0.01000	Loss 0.3512 (0.2669)	Prec@1 87.500 (91.269)	Prec@5 99.219 (99.888)
Epoch: [137][100/391], lr: 0.01000	Loss 0.2315 (0.2665)	Prec@1 93.750 (91.298)	Prec@5 100.000 (99.876)
Epoch: [137][110/391], lr: 0.01000	Loss 0.2953 (0.2670)	Prec@1 89.062 (91.244)	Prec@5 100.000 (99.880)
Epoch: [137][120/391], lr: 0.01000	Loss 0.1928 (0.2648)	Prec@1 92.969 (91.251)	Prec@5 100.000 (99.884)
Epoch: [137][130/391], lr: 0.01000	Loss 0.2441 (0.2633)	Prec@1 90.625 (91.287)	Prec@5 100.000 (99.875)
Epoch: [137][140/391], lr: 0.01000	Loss 0.3448 (0.2640)	Prec@1 87.500 (91.240)	Prec@5 100.000 (99.878)
Epoch: [137][150/391], lr: 0.01000	Loss 0.2226 (0.2644)	Prec@1 91.406 (91.251)	Prec@5 100.000 (99.881)
Epoch: [137][160/391], lr: 0.01000	Loss 0.3144 (0.2635)	Prec@1 88.281 (91.295)	Prec@5 100.000 (99.888)
Epoch: [137][170/391], lr: 0.01000	Loss 0.1974 (0.2638)	Prec@1 93.750 (91.287)	Prec@5 100.000 (99.881)
Epoch: [137][180/391], lr: 0.01000	Loss 0.3188 (0.2630)	Prec@1 90.625 (91.337)	Prec@5 100.000 (99.883)
Epoch: [137][190/391], lr: 0.01000	Loss 0.2470 (0.2625)	Prec@1 92.188 (91.320)	Prec@5 100.000 (99.881)
Epoch: [137][200/391], lr: 0.01000	Loss 0.3245 (0.2618)	Prec@1 89.062 (91.348)	Prec@5 100.000 (99.883)
Epoch: [137][210/391], lr: 0.01000	Loss 0.2587 (0.2614)	Prec@1 92.188 (91.332)	Prec@5 100.000 (99.885)
Epoch: [137][220/391], lr: 0.01000	Loss 0.2781 (0.2598)	Prec@1 89.844 (91.385)	Prec@5 100.000 (99.887)
Epoch: [137][230/391], lr: 0.01000	Loss 0.1918 (0.2596)	Prec@1 91.406 (91.399)	Prec@5 100.000 (99.892)
Epoch: [137][240/391], lr: 0.01000	Loss 0.2462 (0.2583)	Prec@1 90.625 (91.429)	Prec@5 99.219 (99.893)
Epoch: [137][250/391], lr: 0.01000	Loss 0.2681 (0.2573)	Prec@1 90.625 (91.478)	Prec@5 99.219 (99.888)
Epoch: [137][260/391], lr: 0.01000	Loss 0.2371 (0.2563)	Prec@1 92.188 (91.535)	Prec@5 100.000 (99.886)
Epoch: [137][270/391], lr: 0.01000	Loss 0.2903 (0.2563)	Prec@1 87.500 (91.545)	Prec@5 100.000 (99.882)
Epoch: [137][280/391], lr: 0.01000	Loss 0.2694 (0.2568)	Prec@1 92.188 (91.531)	Prec@5 100.000 (99.886)
Epoch: [137][290/391], lr: 0.01000	Loss 0.3160 (0.2569)	Prec@1 90.625 (91.551)	Prec@5 100.000 (99.885)
Epoch: [137][300/391], lr: 0.01000	Loss 0.1879 (0.2584)	Prec@1 95.312 (91.507)	Prec@5 100.000 (99.878)
Epoch: [137][310/391], lr: 0.01000	Loss 0.3653 (0.2596)	Prec@1 85.938 (91.479)	Prec@5 99.219 (99.869)
Epoch: [137][320/391], lr: 0.01000	Loss 0.3155 (0.2595)	Prec@1 89.844 (91.489)	Prec@5 100.000 (99.871)
Epoch: [137][330/391], lr: 0.01000	Loss 0.2371 (0.2585)	Prec@1 91.406 (91.515)	Prec@5 100.000 (99.868)
Epoch: [137][340/391], lr: 0.01000	Loss 0.3003 (0.2587)	Prec@1 90.625 (91.521)	Prec@5 98.438 (99.867)
Epoch: [137][350/391], lr: 0.01000	Loss 0.3525 (0.2599)	Prec@1 89.062 (91.484)	Prec@5 100.000 (99.866)
Epoch: [137][360/391], lr: 0.01000	Loss 0.2623 (0.2604)	Prec@1 89.844 (91.476)	Prec@5 100.000 (99.857)
Epoch: [137][370/391], lr: 0.01000	Loss 0.2245 (0.2602)	Prec@1 92.969 (91.484)	Prec@5 100.000 (99.855)
Epoch: [137][380/391], lr: 0.01000	Loss 0.2063 (0.2599)	Prec@1 92.188 (91.474)	Prec@5 100.000 (99.859)
Epoch: [137][390/391], lr: 0.01000	Loss 0.2919 (0.2591)	Prec@1 90.000 (91.486)	Prec@5 98.750 (99.860)
Epoch [137] Training Results: Prec@1 91.486 Prec@5 99.860             Loss 0.25907
Epoch [137] Training Class Recall: [0.838,0.882,0.868,0.895,0.916,0.929,0.947,0.949,0.962,0.964]

Epoch: [138][0/391], lr: 0.01000	Loss 0.1673 (0.1673)	Prec@1 94.531 (94.531)	Prec@5 99.219 (99.219)
Epoch: [138][10/391], lr: 0.01000	Loss 0.2153 (0.2260)	Prec@1 92.188 (92.472)	Prec@5 100.000 (99.787)
Epoch: [138][20/391], lr: 0.01000	Loss 0.1790 (0.2378)	Prec@1 93.750 (92.262)	Prec@5 100.000 (99.888)
Epoch: [138][30/391], lr: 0.01000	Loss 0.1721 (0.2459)	Prec@1 96.094 (91.885)	Prec@5 100.000 (99.899)
Epoch: [138][40/391], lr: 0.01000	Loss 0.2648 (0.2474)	Prec@1 92.969 (91.902)	Prec@5 99.219 (99.905)
Epoch: [138][50/391], lr: 0.01000	Loss 0.3091 (0.2469)	Prec@1 90.625 (91.958)	Prec@5 100.000 (99.893)
Epoch: [138][60/391], lr: 0.01000	Loss 0.2181 (0.2539)	Prec@1 92.188 (91.739)	Prec@5 100.000 (99.885)
Epoch: [138][70/391], lr: 0.01000	Loss 0.3368 (0.2545)	Prec@1 87.500 (91.615)	Prec@5 100.000 (99.901)
Epoch: [138][80/391], lr: 0.01000	Loss 0.2853 (0.2584)	Prec@1 89.844 (91.522)	Prec@5 100.000 (99.884)
Epoch: [138][90/391], lr: 0.01000	Loss 0.2420 (0.2593)	Prec@1 92.969 (91.466)	Prec@5 100.000 (99.897)
Epoch: [138][100/391], lr: 0.01000	Loss 0.2123 (0.2584)	Prec@1 93.750 (91.460)	Prec@5 100.000 (99.899)
Epoch: [138][110/391], lr: 0.01000	Loss 0.2134 (0.2565)	Prec@1 92.969 (91.533)	Prec@5 100.000 (99.901)
Epoch: [138][120/391], lr: 0.01000	Loss 0.1108 (0.2567)	Prec@1 98.438 (91.581)	Prec@5 100.000 (99.897)
Epoch: [138][130/391], lr: 0.01000	Loss 0.1843 (0.2556)	Prec@1 92.969 (91.579)	Prec@5 100.000 (99.899)
Epoch: [138][140/391], lr: 0.01000	Loss 0.2829 (0.2530)	Prec@1 91.406 (91.633)	Prec@5 100.000 (99.900)
Epoch: [138][150/391], lr: 0.01000	Loss 0.2104 (0.2527)	Prec@1 91.406 (91.665)	Prec@5 100.000 (99.902)
Epoch: [138][160/391], lr: 0.01000	Loss 0.1497 (0.2509)	Prec@1 96.094 (91.775)	Prec@5 100.000 (99.898)
Epoch: [138][170/391], lr: 0.01000	Loss 0.2656 (0.2509)	Prec@1 89.844 (91.785)	Prec@5 99.219 (99.899)
Epoch: [138][180/391], lr: 0.01000	Loss 0.2345 (0.2497)	Prec@1 92.188 (91.816)	Prec@5 100.000 (99.905)
Epoch: [138][190/391], lr: 0.01000	Loss 0.2270 (0.2487)	Prec@1 92.969 (91.840)	Prec@5 99.219 (99.894)
Epoch: [138][200/391], lr: 0.01000	Loss 0.2342 (0.2480)	Prec@1 91.406 (91.845)	Prec@5 100.000 (99.895)
Epoch: [138][210/391], lr: 0.01000	Loss 0.1556 (0.2481)	Prec@1 95.312 (91.851)	Prec@5 100.000 (99.885)
Epoch: [138][220/391], lr: 0.01000	Loss 0.2808 (0.2481)	Prec@1 89.062 (91.820)	Prec@5 100.000 (99.883)
Epoch: [138][230/391], lr: 0.01000	Loss 0.2405 (0.2466)	Prec@1 91.406 (91.853)	Prec@5 100.000 (99.885)
Epoch: [138][240/391], lr: 0.01000	Loss 0.3311 (0.2459)	Prec@1 88.281 (91.870)	Prec@5 100.000 (99.890)
Epoch: [138][250/391], lr: 0.01000	Loss 0.3538 (0.2465)	Prec@1 86.719 (91.848)	Prec@5 100.000 (99.888)
Epoch: [138][260/391], lr: 0.01000	Loss 0.2388 (0.2467)	Prec@1 92.188 (91.816)	Prec@5 100.000 (99.889)
Epoch: [138][270/391], lr: 0.01000	Loss 0.1372 (0.2467)	Prec@1 96.875 (91.798)	Prec@5 99.219 (99.882)
Epoch: [138][280/391], lr: 0.01000	Loss 0.2239 (0.2471)	Prec@1 91.406 (91.773)	Prec@5 100.000 (99.878)
Epoch: [138][290/391], lr: 0.01000	Loss 0.2682 (0.2474)	Prec@1 92.188 (91.774)	Prec@5 100.000 (99.879)
Epoch: [138][300/391], lr: 0.01000	Loss 0.3330 (0.2485)	Prec@1 87.500 (91.738)	Prec@5 100.000 (99.875)
Epoch: [138][310/391], lr: 0.01000	Loss 0.2800 (0.2488)	Prec@1 91.406 (91.740)	Prec@5 100.000 (99.872)
Epoch: [138][320/391], lr: 0.01000	Loss 0.2564 (0.2493)	Prec@1 91.406 (91.701)	Prec@5 100.000 (99.871)
Epoch: [138][330/391], lr: 0.01000	Loss 0.3199 (0.2496)	Prec@1 89.844 (91.699)	Prec@5 100.000 (99.863)
Epoch: [138][340/391], lr: 0.01000	Loss 0.2192 (0.2496)	Prec@1 90.625 (91.713)	Prec@5 100.000 (99.863)
Epoch: [138][350/391], lr: 0.01000	Loss 0.2427 (0.2500)	Prec@1 89.844 (91.696)	Prec@5 100.000 (99.864)
Epoch: [138][360/391], lr: 0.01000	Loss 0.3236 (0.2512)	Prec@1 88.281 (91.638)	Prec@5 100.000 (99.861)
Epoch: [138][370/391], lr: 0.01000	Loss 0.2060 (0.2514)	Prec@1 92.188 (91.617)	Prec@5 100.000 (99.865)
Epoch: [138][380/391], lr: 0.01000	Loss 0.1999 (0.2528)	Prec@1 94.531 (91.587)	Prec@5 100.000 (99.869)
Epoch: [138][390/391], lr: 0.01000	Loss 0.1744 (0.2538)	Prec@1 92.500 (91.552)	Prec@5 100.000 (99.864)
Epoch [138] Training Results: Prec@1 91.552 Prec@5 99.864             Loss 0.25380
Epoch [138] Training Class Recall: [0.834,0.893,0.861,0.891,0.922,0.932,0.949,0.951,0.960,0.962]

Epoch: [139][0/391], lr: 0.01000	Loss 0.2985 (0.2985)	Prec@1 87.500 (87.500)	Prec@5 100.000 (100.000)
Epoch: [139][10/391], lr: 0.01000	Loss 0.3183 (0.2615)	Prec@1 89.844 (91.193)	Prec@5 100.000 (99.929)
Epoch: [139][20/391], lr: 0.01000	Loss 0.3242 (0.2610)	Prec@1 89.062 (91.369)	Prec@5 100.000 (99.814)
Epoch: [139][30/391], lr: 0.01000	Loss 0.2692 (0.2638)	Prec@1 93.750 (91.331)	Prec@5 99.219 (99.773)
Epoch: [139][40/391], lr: 0.01000	Loss 0.1841 (0.2482)	Prec@1 97.656 (91.711)	Prec@5 100.000 (99.790)
Epoch: [139][50/391], lr: 0.01000	Loss 0.3166 (0.2499)	Prec@1 92.188 (91.774)	Prec@5 100.000 (99.831)
Epoch: [139][60/391], lr: 0.01000	Loss 0.2141 (0.2477)	Prec@1 91.406 (91.854)	Prec@5 100.000 (99.833)
Epoch: [139][70/391], lr: 0.01000	Loss 0.2415 (0.2398)	Prec@1 92.188 (92.176)	Prec@5 99.219 (99.846)
Epoch: [139][80/391], lr: 0.01000	Loss 0.1658 (0.2373)	Prec@1 95.312 (92.226)	Prec@5 100.000 (99.836)
Epoch: [139][90/391], lr: 0.01000	Loss 0.2970 (0.2368)	Prec@1 91.406 (92.248)	Prec@5 98.438 (99.828)
Epoch: [139][100/391], lr: 0.01000	Loss 0.2541 (0.2376)	Prec@1 92.969 (92.226)	Prec@5 100.000 (99.830)
Epoch: [139][110/391], lr: 0.01000	Loss 0.2818 (0.2375)	Prec@1 90.625 (92.265)	Prec@5 100.000 (99.838)
Epoch: [139][120/391], lr: 0.01000	Loss 0.2481 (0.2378)	Prec@1 91.406 (92.187)	Prec@5 100.000 (99.839)
Epoch: [139][130/391], lr: 0.01000	Loss 0.2273 (0.2397)	Prec@1 92.188 (92.092)	Prec@5 100.000 (99.839)
Epoch: [139][140/391], lr: 0.01000	Loss 0.1814 (0.2407)	Prec@1 92.969 (92.010)	Prec@5 100.000 (99.845)
Epoch: [139][150/391], lr: 0.01000	Loss 0.2410 (0.2416)	Prec@1 91.406 (91.965)	Prec@5 100.000 (99.834)
Epoch: [139][160/391], lr: 0.01000	Loss 0.1819 (0.2428)	Prec@1 92.188 (91.950)	Prec@5 100.000 (99.835)
Epoch: [139][170/391], lr: 0.01000	Loss 0.3207 (0.2433)	Prec@1 89.062 (91.927)	Prec@5 100.000 (99.845)
Epoch: [139][180/391], lr: 0.01000	Loss 0.4055 (0.2474)	Prec@1 84.375 (91.825)	Prec@5 100.000 (99.849)
Epoch: [139][190/391], lr: 0.01000	Loss 0.2562 (0.2488)	Prec@1 89.844 (91.742)	Prec@5 100.000 (99.849)
Epoch: [139][200/391], lr: 0.01000	Loss 0.1538 (0.2489)	Prec@1 96.094 (91.709)	Prec@5 100.000 (99.852)
Epoch: [139][210/391], lr: 0.01000	Loss 0.2826 (0.2492)	Prec@1 90.625 (91.688)	Prec@5 100.000 (99.852)
Epoch: [139][220/391], lr: 0.01000	Loss 0.2900 (0.2472)	Prec@1 90.625 (91.785)	Prec@5 100.000 (99.852)
Epoch: [139][230/391], lr: 0.01000	Loss 0.2579 (0.2456)	Prec@1 92.969 (91.839)	Prec@5 100.000 (99.858)
Epoch: [139][240/391], lr: 0.01000	Loss 0.3517 (0.2466)	Prec@1 88.281 (91.792)	Prec@5 100.000 (99.857)
Epoch: [139][250/391], lr: 0.01000	Loss 0.2484 (0.2483)	Prec@1 92.188 (91.742)	Prec@5 100.000 (99.857)
Epoch: [139][260/391], lr: 0.01000	Loss 0.2808 (0.2495)	Prec@1 91.406 (91.679)	Prec@5 100.000 (99.856)
Epoch: [139][270/391], lr: 0.01000	Loss 0.2064 (0.2500)	Prec@1 95.312 (91.677)	Prec@5 100.000 (99.859)
Epoch: [139][280/391], lr: 0.01000	Loss 0.2655 (0.2504)	Prec@1 88.281 (91.665)	Prec@5 100.000 (99.858)
Epoch: [139][290/391], lr: 0.01000	Loss 0.1996 (0.2508)	Prec@1 91.406 (91.667)	Prec@5 100.000 (99.860)
Epoch: [139][300/391], lr: 0.01000	Loss 0.2100 (0.2505)	Prec@1 93.750 (91.681)	Prec@5 100.000 (99.860)
Epoch: [139][310/391], lr: 0.01000	Loss 0.2772 (0.2513)	Prec@1 89.062 (91.657)	Prec@5 100.000 (99.859)
Epoch: [139][320/391], lr: 0.01000	Loss 0.3733 (0.2506)	Prec@1 89.844 (91.664)	Prec@5 99.219 (99.861)
Epoch: [139][330/391], lr: 0.01000	Loss 0.3931 (0.2514)	Prec@1 89.062 (91.630)	Prec@5 100.000 (99.858)
Epoch: [139][340/391], lr: 0.01000	Loss 0.2996 (0.2520)	Prec@1 88.281 (91.619)	Prec@5 99.219 (99.858)
Epoch: [139][350/391], lr: 0.01000	Loss 0.3330 (0.2533)	Prec@1 92.969 (91.575)	Prec@5 100.000 (99.860)
Epoch: [139][360/391], lr: 0.01000	Loss 0.2825 (0.2537)	Prec@1 91.406 (91.575)	Prec@5 100.000 (99.861)
Epoch: [139][370/391], lr: 0.01000	Loss 0.3092 (0.2552)	Prec@1 89.844 (91.535)	Prec@5 99.219 (99.859)
Epoch: [139][380/391], lr: 0.01000	Loss 0.1729 (0.2553)	Prec@1 94.531 (91.546)	Prec@5 100.000 (99.859)
Epoch: [139][390/391], lr: 0.01000	Loss 0.2303 (0.2551)	Prec@1 96.250 (91.558)	Prec@5 100.000 (99.856)
Epoch [139] Training Results: Prec@1 91.558 Prec@5 99.856             Loss 0.25505
Epoch [139] Training Class Recall: [0.838,0.885,0.868,0.897,0.918,0.933,0.952,0.947,0.956,0.963]

Epoch: [140][0/391], lr: 0.01000	Loss 0.3255 (0.3255)	Prec@1 89.062 (89.062)	Prec@5 100.000 (100.000)
Epoch: [140][10/391], lr: 0.01000	Loss 0.2844 (0.2573)	Prec@1 90.625 (91.335)	Prec@5 100.000 (100.000)
Epoch: [140][20/391], lr: 0.01000	Loss 0.3141 (0.2565)	Prec@1 90.625 (91.555)	Prec@5 100.000 (99.888)
Epoch: [140][30/391], lr: 0.01000	Loss 0.2242 (0.2454)	Prec@1 92.969 (91.759)	Prec@5 100.000 (99.899)
Epoch: [140][40/391], lr: 0.01000	Loss 0.1982 (0.2401)	Prec@1 94.531 (92.073)	Prec@5 100.000 (99.886)
Epoch: [140][50/391], lr: 0.01000	Loss 0.2118 (0.2332)	Prec@1 94.531 (92.279)	Prec@5 100.000 (99.893)
Epoch: [140][60/391], lr: 0.01000	Loss 0.2447 (0.2378)	Prec@1 92.188 (92.111)	Prec@5 100.000 (99.885)
Epoch: [140][70/391], lr: 0.01000	Loss 0.2350 (0.2334)	Prec@1 92.188 (92.287)	Prec@5 100.000 (99.868)
Epoch: [140][80/391], lr: 0.01000	Loss 0.2250 (0.2342)	Prec@1 92.969 (92.400)	Prec@5 100.000 (99.875)
Epoch: [140][90/391], lr: 0.01000	Loss 0.1628 (0.2354)	Prec@1 92.969 (92.333)	Prec@5 100.000 (99.880)
Epoch: [140][100/391], lr: 0.01000	Loss 0.2054 (0.2326)	Prec@1 92.969 (92.404)	Prec@5 100.000 (99.892)
Epoch: [140][110/391], lr: 0.01000	Loss 0.2780 (0.2348)	Prec@1 89.062 (92.314)	Prec@5 99.219 (99.866)
Epoch: [140][120/391], lr: 0.01000	Loss 0.1849 (0.2373)	Prec@1 92.969 (92.162)	Prec@5 100.000 (99.858)
Epoch: [140][130/391], lr: 0.01000	Loss 0.1903 (0.2389)	Prec@1 94.531 (92.122)	Prec@5 100.000 (99.851)
Epoch: [140][140/391], lr: 0.01000	Loss 0.3009 (0.2400)	Prec@1 86.719 (92.016)	Prec@5 100.000 (99.839)
Epoch: [140][150/391], lr: 0.01000	Loss 0.1362 (0.2388)	Prec@1 95.312 (92.012)	Prec@5 100.000 (99.845)
Epoch: [140][160/391], lr: 0.01000	Loss 0.2311 (0.2391)	Prec@1 92.969 (92.013)	Prec@5 100.000 (99.854)
Epoch: [140][170/391], lr: 0.01000	Loss 0.1926 (0.2399)	Prec@1 95.312 (92.009)	Prec@5 99.219 (99.858)
Epoch: [140][180/391], lr: 0.01000	Loss 0.2027 (0.2386)	Prec@1 92.188 (92.071)	Prec@5 100.000 (99.858)
Epoch: [140][190/391], lr: 0.01000	Loss 0.2002 (0.2397)	Prec@1 93.750 (92.008)	Prec@5 100.000 (99.861)
Epoch: [140][200/391], lr: 0.01000	Loss 0.1951 (0.2411)	Prec@1 92.969 (91.931)	Prec@5 100.000 (99.868)
Epoch: [140][210/391], lr: 0.01000	Loss 0.1912 (0.2431)	Prec@1 93.750 (91.847)	Prec@5 100.000 (99.870)
Epoch: [140][220/391], lr: 0.01000	Loss 0.1785 (0.2437)	Prec@1 95.312 (91.830)	Prec@5 100.000 (99.876)
Epoch: [140][230/391], lr: 0.01000	Loss 0.1797 (0.2432)	Prec@1 95.312 (91.849)	Prec@5 100.000 (99.882)
Epoch: [140][240/391], lr: 0.01000	Loss 0.2697 (0.2460)	Prec@1 90.625 (91.779)	Prec@5 100.000 (99.880)
Epoch: [140][250/391], lr: 0.01000	Loss 0.2587 (0.2487)	Prec@1 92.188 (91.730)	Prec@5 100.000 (99.882)
Epoch: [140][260/391], lr: 0.01000	Loss 0.2959 (0.2498)	Prec@1 88.281 (91.688)	Prec@5 100.000 (99.874)
Epoch: [140][270/391], lr: 0.01000	Loss 0.3710 (0.2531)	Prec@1 87.500 (91.559)	Prec@5 100.000 (99.867)
Epoch: [140][280/391], lr: 0.01000	Loss 0.2832 (0.2558)	Prec@1 89.062 (91.465)	Prec@5 100.000 (99.864)
Epoch: [140][290/391], lr: 0.01000	Loss 0.2853 (0.2569)	Prec@1 90.625 (91.428)	Prec@5 100.000 (99.868)
Epoch: [140][300/391], lr: 0.01000	Loss 0.3086 (0.2575)	Prec@1 86.719 (91.393)	Prec@5 100.000 (99.870)
Epoch: [140][310/391], lr: 0.01000	Loss 0.3586 (0.2584)	Prec@1 89.844 (91.376)	Prec@5 99.219 (99.869)
Epoch: [140][320/391], lr: 0.01000	Loss 0.2822 (0.2591)	Prec@1 89.844 (91.362)	Prec@5 100.000 (99.873)
Epoch: [140][330/391], lr: 0.01000	Loss 0.2845 (0.2595)	Prec@1 89.062 (91.343)	Prec@5 100.000 (99.875)
Epoch: [140][340/391], lr: 0.01000	Loss 0.3130 (0.2606)	Prec@1 89.062 (91.294)	Prec@5 100.000 (99.876)
Epoch: [140][350/391], lr: 0.01000	Loss 0.2944 (0.2604)	Prec@1 89.844 (91.311)	Prec@5 100.000 (99.875)
Epoch: [140][360/391], lr: 0.01000	Loss 0.2955 (0.2592)	Prec@1 91.406 (91.341)	Prec@5 98.438 (99.874)
Epoch: [140][370/391], lr: 0.01000	Loss 0.3345 (0.2585)	Prec@1 88.281 (91.370)	Prec@5 100.000 (99.867)
Epoch: [140][380/391], lr: 0.01000	Loss 0.2357 (0.2583)	Prec@1 92.969 (91.373)	Prec@5 99.219 (99.869)
Epoch: [140][390/391], lr: 0.01000	Loss 0.2994 (0.2597)	Prec@1 92.500 (91.328)	Prec@5 98.750 (99.864)
Epoch [140] Training Results: Prec@1 91.328 Prec@5 99.864             Loss 0.25970
Epoch [140] Training Class Recall: [0.827,0.888,0.860,0.893,0.920,0.928,0.948,0.954,0.960,0.955]

Epoch: [141][0/391], lr: 0.01000	Loss 0.2676 (0.2676)	Prec@1 89.062 (89.062)	Prec@5 100.000 (100.000)
Epoch: [141][10/391], lr: 0.01000	Loss 0.2085 (0.2632)	Prec@1 89.844 (91.548)	Prec@5 100.000 (99.858)
Epoch: [141][20/391], lr: 0.01000	Loss 0.2609 (0.2689)	Prec@1 89.844 (90.997)	Prec@5 100.000 (99.740)
Epoch: [141][30/391], lr: 0.01000	Loss 0.2583 (0.2691)	Prec@1 91.406 (91.129)	Prec@5 100.000 (99.798)
Epoch: [141][40/391], lr: 0.01000	Loss 0.3643 (0.2662)	Prec@1 86.719 (91.101)	Prec@5 99.219 (99.828)
Epoch: [141][50/391], lr: 0.01000	Loss 0.2498 (0.2597)	Prec@1 91.406 (91.391)	Prec@5 99.219 (99.831)
Epoch: [141][60/391], lr: 0.01000	Loss 0.3151 (0.2648)	Prec@1 91.406 (91.240)	Prec@5 100.000 (99.782)
Epoch: [141][70/391], lr: 0.01000	Loss 0.3334 (0.2661)	Prec@1 91.406 (91.318)	Prec@5 98.438 (99.769)
Epoch: [141][80/391], lr: 0.01000	Loss 0.3017 (0.2611)	Prec@1 89.062 (91.387)	Prec@5 100.000 (99.797)
Epoch: [141][90/391], lr: 0.01000	Loss 0.1754 (0.2563)	Prec@1 94.531 (91.578)	Prec@5 100.000 (99.811)
Epoch: [141][100/391], lr: 0.01000	Loss 0.1551 (0.2542)	Prec@1 94.531 (91.638)	Prec@5 100.000 (99.814)
Epoch: [141][110/391], lr: 0.01000	Loss 0.1275 (0.2516)	Prec@1 96.094 (91.681)	Prec@5 100.000 (99.831)
Epoch: [141][120/391], lr: 0.01000	Loss 0.2202 (0.2494)	Prec@1 96.875 (91.781)	Prec@5 99.219 (99.826)
Epoch: [141][130/391], lr: 0.01000	Loss 0.2832 (0.2485)	Prec@1 90.625 (91.836)	Prec@5 100.000 (99.833)
Epoch: [141][140/391], lr: 0.01000	Loss 0.1404 (0.2480)	Prec@1 95.312 (91.905)	Prec@5 100.000 (99.828)
Epoch: [141][150/391], lr: 0.01000	Loss 0.2818 (0.2504)	Prec@1 92.969 (91.825)	Prec@5 100.000 (99.824)
Epoch: [141][160/391], lr: 0.01000	Loss 0.3729 (0.2510)	Prec@1 85.938 (91.790)	Prec@5 100.000 (99.835)
Epoch: [141][170/391], lr: 0.01000	Loss 0.3267 (0.2520)	Prec@1 85.938 (91.726)	Prec@5 99.219 (99.836)
Epoch: [141][180/391], lr: 0.01000	Loss 0.2642 (0.2548)	Prec@1 91.406 (91.652)	Prec@5 100.000 (99.823)
Epoch: [141][190/391], lr: 0.01000	Loss 0.2925 (0.2570)	Prec@1 92.188 (91.590)	Prec@5 100.000 (99.820)
Epoch: [141][200/391], lr: 0.01000	Loss 0.3035 (0.2580)	Prec@1 90.625 (91.535)	Prec@5 99.219 (99.825)
Epoch: [141][210/391], lr: 0.01000	Loss 0.2610 (0.2602)	Prec@1 92.969 (91.473)	Prec@5 99.219 (99.826)
Epoch: [141][220/391], lr: 0.01000	Loss 0.1897 (0.2607)	Prec@1 92.969 (91.473)	Prec@5 100.000 (99.823)
Epoch: [141][230/391], lr: 0.01000	Loss 0.2549 (0.2603)	Prec@1 89.844 (91.464)	Prec@5 100.000 (99.821)
Epoch: [141][240/391], lr: 0.01000	Loss 0.3601 (0.2617)	Prec@1 88.281 (91.432)	Prec@5 100.000 (99.818)
Epoch: [141][250/391], lr: 0.01000	Loss 0.1984 (0.2605)	Prec@1 93.750 (91.422)	Prec@5 100.000 (99.816)
Epoch: [141][260/391], lr: 0.01000	Loss 0.2261 (0.2595)	Prec@1 92.188 (91.439)	Prec@5 100.000 (99.817)
Epoch: [141][270/391], lr: 0.01000	Loss 0.1804 (0.2600)	Prec@1 92.969 (91.403)	Prec@5 99.219 (99.821)
Epoch: [141][280/391], lr: 0.01000	Loss 0.1964 (0.2590)	Prec@1 92.188 (91.431)	Prec@5 100.000 (99.828)
Epoch: [141][290/391], lr: 0.01000	Loss 0.2372 (0.2586)	Prec@1 88.281 (91.455)	Prec@5 100.000 (99.834)
Epoch: [141][300/391], lr: 0.01000	Loss 0.1888 (0.2573)	Prec@1 92.969 (91.523)	Prec@5 100.000 (99.836)
Epoch: [141][310/391], lr: 0.01000	Loss 0.1915 (0.2561)	Prec@1 90.625 (91.559)	Prec@5 100.000 (99.839)
Epoch: [141][320/391], lr: 0.01000	Loss 0.1786 (0.2546)	Prec@1 93.750 (91.616)	Prec@5 100.000 (99.839)
Epoch: [141][330/391], lr: 0.01000	Loss 0.1761 (0.2543)	Prec@1 95.312 (91.630)	Prec@5 100.000 (99.837)
Epoch: [141][340/391], lr: 0.01000	Loss 0.3185 (0.2534)	Prec@1 91.406 (91.642)	Prec@5 100.000 (99.840)
Epoch: [141][350/391], lr: 0.01000	Loss 0.2342 (0.2525)	Prec@1 92.969 (91.667)	Prec@5 99.219 (99.840)
Epoch: [141][360/391], lr: 0.01000	Loss 0.1317 (0.2518)	Prec@1 94.531 (91.698)	Prec@5 100.000 (99.840)
Epoch: [141][370/391], lr: 0.01000	Loss 0.2241 (0.2531)	Prec@1 94.531 (91.665)	Prec@5 100.000 (99.836)
Epoch: [141][380/391], lr: 0.01000	Loss 0.1965 (0.2532)	Prec@1 92.969 (91.656)	Prec@5 100.000 (99.838)
Epoch: [141][390/391], lr: 0.01000	Loss 0.1808 (0.2530)	Prec@1 93.750 (91.674)	Prec@5 100.000 (99.840)
Epoch [141] Training Results: Prec@1 91.674 Prec@5 99.840             Loss 0.25305
Epoch [141] Training Class Recall: [0.844,0.894,0.863,0.893,0.923,0.926,0.945,0.949,0.963,0.967]

Epoch: [142][0/391], lr: 0.01000	Loss 0.1774 (0.1774)	Prec@1 96.094 (96.094)	Prec@5 100.000 (100.000)
Epoch: [142][10/391], lr: 0.01000	Loss 0.1312 (0.2281)	Prec@1 97.656 (92.330)	Prec@5 99.219 (99.858)
Epoch: [142][20/391], lr: 0.01000	Loss 0.2322 (0.2511)	Prec@1 91.406 (91.481)	Prec@5 100.000 (99.888)
Epoch: [142][30/391], lr: 0.01000	Loss 0.2840 (0.2404)	Prec@1 89.844 (91.734)	Prec@5 100.000 (99.899)
Epoch: [142][40/391], lr: 0.01000	Loss 0.2434 (0.2375)	Prec@1 92.188 (91.902)	Prec@5 100.000 (99.905)
Epoch: [142][50/391], lr: 0.01000	Loss 0.2504 (0.2378)	Prec@1 89.844 (91.743)	Prec@5 100.000 (99.877)
Epoch: [142][60/391], lr: 0.01000	Loss 0.2290 (0.2343)	Prec@1 92.969 (91.919)	Prec@5 100.000 (99.885)
Epoch: [142][70/391], lr: 0.01000	Loss 0.1758 (0.2351)	Prec@1 94.531 (91.912)	Prec@5 100.000 (99.879)
Epoch: [142][80/391], lr: 0.01000	Loss 0.1217 (0.2347)	Prec@1 96.094 (91.995)	Prec@5 100.000 (99.884)
Epoch: [142][90/391], lr: 0.01000	Loss 0.1926 (0.2324)	Prec@1 92.969 (92.110)	Prec@5 100.000 (99.897)
Epoch: [142][100/391], lr: 0.01000	Loss 0.2487 (0.2354)	Prec@1 91.406 (92.025)	Prec@5 100.000 (99.892)
Epoch: [142][110/391], lr: 0.01000	Loss 0.2358 (0.2353)	Prec@1 92.188 (91.983)	Prec@5 100.000 (99.894)
Epoch: [142][120/391], lr: 0.01000	Loss 0.3451 (0.2366)	Prec@1 89.844 (91.955)	Prec@5 99.219 (99.890)
Epoch: [142][130/391], lr: 0.01000	Loss 0.2882 (0.2375)	Prec@1 90.625 (91.985)	Prec@5 100.000 (99.881)
Epoch: [142][140/391], lr: 0.01000	Loss 0.1718 (0.2392)	Prec@1 92.188 (91.955)	Prec@5 100.000 (99.873)
Epoch: [142][150/391], lr: 0.01000	Loss 0.2995 (0.2420)	Prec@1 91.406 (91.877)	Prec@5 100.000 (99.881)
Epoch: [142][160/391], lr: 0.01000	Loss 0.2197 (0.2435)	Prec@1 94.531 (91.828)	Prec@5 100.000 (99.874)
Epoch: [142][170/391], lr: 0.01000	Loss 0.3494 (0.2458)	Prec@1 89.062 (91.785)	Prec@5 100.000 (99.872)
Epoch: [142][180/391], lr: 0.01000	Loss 0.3992 (0.2479)	Prec@1 89.844 (91.739)	Prec@5 100.000 (99.879)
Epoch: [142][190/391], lr: 0.01000	Loss 0.3191 (0.2493)	Prec@1 89.062 (91.643)	Prec@5 99.219 (99.881)
Epoch: [142][200/391], lr: 0.01000	Loss 0.2184 (0.2513)	Prec@1 89.062 (91.593)	Prec@5 100.000 (99.880)
Epoch: [142][210/391], lr: 0.01000	Loss 0.2381 (0.2508)	Prec@1 95.312 (91.625)	Prec@5 100.000 (99.882)
Epoch: [142][220/391], lr: 0.01000	Loss 0.3758 (0.2514)	Prec@1 90.625 (91.597)	Prec@5 100.000 (99.876)
Epoch: [142][230/391], lr: 0.01000	Loss 0.1962 (0.2510)	Prec@1 92.188 (91.609)	Prec@5 100.000 (99.878)
Epoch: [142][240/391], lr: 0.01000	Loss 0.1586 (0.2519)	Prec@1 95.312 (91.601)	Prec@5 100.000 (99.877)
Epoch: [142][250/391], lr: 0.01000	Loss 0.2312 (0.2527)	Prec@1 91.406 (91.543)	Prec@5 100.000 (99.876)
Epoch: [142][260/391], lr: 0.01000	Loss 0.1975 (0.2516)	Prec@1 92.969 (91.577)	Prec@5 100.000 (99.874)
Epoch: [142][270/391], lr: 0.01000	Loss 0.2583 (0.2511)	Prec@1 92.188 (91.594)	Prec@5 100.000 (99.879)
Epoch: [142][280/391], lr: 0.01000	Loss 0.3568 (0.2511)	Prec@1 87.500 (91.576)	Prec@5 100.000 (99.880)
Epoch: [142][290/391], lr: 0.01000	Loss 0.2645 (0.2523)	Prec@1 92.969 (91.543)	Prec@5 99.219 (99.879)
Epoch: [142][300/391], lr: 0.01000	Loss 0.3434 (0.2539)	Prec@1 86.719 (91.502)	Prec@5 100.000 (99.881)
Epoch: [142][310/391], lr: 0.01000	Loss 0.3152 (0.2557)	Prec@1 89.062 (91.431)	Prec@5 100.000 (99.874)
Epoch: [142][320/391], lr: 0.01000	Loss 0.3359 (0.2567)	Prec@1 87.500 (91.421)	Prec@5 100.000 (99.873)
Epoch: [142][330/391], lr: 0.01000	Loss 0.2831 (0.2571)	Prec@1 89.844 (91.406)	Prec@5 100.000 (99.873)
Epoch: [142][340/391], lr: 0.01000	Loss 0.3071 (0.2583)	Prec@1 91.406 (91.395)	Prec@5 99.219 (99.874)
Epoch: [142][350/391], lr: 0.01000	Loss 0.2577 (0.2582)	Prec@1 90.625 (91.380)	Prec@5 100.000 (99.871)
Epoch: [142][360/391], lr: 0.01000	Loss 0.1764 (0.2579)	Prec@1 93.750 (91.406)	Prec@5 100.000 (99.870)
Epoch: [142][370/391], lr: 0.01000	Loss 0.2134 (0.2585)	Prec@1 92.969 (91.381)	Prec@5 99.219 (99.865)
Epoch: [142][380/391], lr: 0.01000	Loss 0.2166 (0.2585)	Prec@1 92.969 (91.363)	Prec@5 100.000 (99.869)
Epoch: [142][390/391], lr: 0.01000	Loss 0.4402 (0.2594)	Prec@1 90.000 (91.336)	Prec@5 100.000 (99.866)
Epoch [142] Training Results: Prec@1 91.336 Prec@5 99.866             Loss 0.25935
Epoch [142] Training Class Recall: [0.835,0.885,0.859,0.905,0.917,0.925,0.946,0.947,0.958,0.957]

Epoch: [143][0/391], lr: 0.01000	Loss 0.3286 (0.3286)	Prec@1 90.625 (90.625)	Prec@5 100.000 (100.000)
Epoch: [143][10/391], lr: 0.01000	Loss 0.2452 (0.2696)	Prec@1 88.281 (90.980)	Prec@5 100.000 (100.000)
Epoch: [143][20/391], lr: 0.01000	Loss 0.1929 (0.2594)	Prec@1 93.750 (91.220)	Prec@5 100.000 (99.926)
Epoch: [143][30/391], lr: 0.01000	Loss 0.2062 (0.2498)	Prec@1 90.625 (91.356)	Prec@5 100.000 (99.924)
Epoch: [143][40/391], lr: 0.01000	Loss 0.2676 (0.2418)	Prec@1 92.188 (91.749)	Prec@5 100.000 (99.943)
Epoch: [143][50/391], lr: 0.01000	Loss 0.2109 (0.2466)	Prec@1 95.312 (91.881)	Prec@5 100.000 (99.923)
Epoch: [143][60/391], lr: 0.01000	Loss 0.2120 (0.2498)	Prec@1 92.188 (91.829)	Prec@5 100.000 (99.910)
Epoch: [143][70/391], lr: 0.01000	Loss 0.2150 (0.2433)	Prec@1 93.750 (92.066)	Prec@5 100.000 (99.912)
Epoch: [143][80/391], lr: 0.01000	Loss 0.3129 (0.2416)	Prec@1 93.750 (92.110)	Prec@5 99.219 (99.913)
Epoch: [143][90/391], lr: 0.01000	Loss 0.2154 (0.2412)	Prec@1 92.969 (92.067)	Prec@5 100.000 (99.914)
Epoch: [143][100/391], lr: 0.01000	Loss 0.1936 (0.2413)	Prec@1 92.969 (92.056)	Prec@5 100.000 (99.899)
Epoch: [143][110/391], lr: 0.01000	Loss 0.2959 (0.2399)	Prec@1 90.625 (92.068)	Prec@5 100.000 (99.901)
Epoch: [143][120/391], lr: 0.01000	Loss 0.2948 (0.2407)	Prec@1 91.406 (92.045)	Prec@5 100.000 (99.897)
Epoch: [143][130/391], lr: 0.01000	Loss 0.2785 (0.2416)	Prec@1 89.844 (91.967)	Prec@5 100.000 (99.905)
Epoch: [143][140/391], lr: 0.01000	Loss 0.1812 (0.2392)	Prec@1 92.188 (92.032)	Prec@5 100.000 (99.900)
Epoch: [143][150/391], lr: 0.01000	Loss 0.1498 (0.2422)	Prec@1 93.750 (91.955)	Prec@5 100.000 (99.891)
Epoch: [143][160/391], lr: 0.01000	Loss 0.2237 (0.2427)	Prec@1 89.844 (91.925)	Prec@5 100.000 (99.893)
Epoch: [143][170/391], lr: 0.01000	Loss 0.2510 (0.2421)	Prec@1 92.188 (91.909)	Prec@5 99.219 (99.886)
Epoch: [143][180/391], lr: 0.01000	Loss 0.2948 (0.2411)	Prec@1 92.188 (91.941)	Prec@5 100.000 (99.883)
Epoch: [143][190/391], lr: 0.01000	Loss 0.1354 (0.2409)	Prec@1 94.531 (91.954)	Prec@5 100.000 (99.885)
Epoch: [143][200/391], lr: 0.01000	Loss 0.2904 (0.2407)	Prec@1 91.406 (91.978)	Prec@5 100.000 (99.883)
Epoch: [143][210/391], lr: 0.01000	Loss 0.3083 (0.2411)	Prec@1 86.719 (92.002)	Prec@5 100.000 (99.885)
Epoch: [143][220/391], lr: 0.01000	Loss 0.2914 (0.2425)	Prec@1 92.188 (91.947)	Prec@5 99.219 (99.880)
Epoch: [143][230/391], lr: 0.01000	Loss 0.1935 (0.2443)	Prec@1 92.188 (91.890)	Prec@5 100.000 (99.871)
Epoch: [143][240/391], lr: 0.01000	Loss 0.3651 (0.2457)	Prec@1 86.719 (91.841)	Prec@5 100.000 (99.870)
Epoch: [143][250/391], lr: 0.01000	Loss 0.2263 (0.2472)	Prec@1 92.188 (91.814)	Prec@5 99.219 (99.860)
Epoch: [143][260/391], lr: 0.01000	Loss 0.2412 (0.2483)	Prec@1 91.406 (91.783)	Prec@5 99.219 (99.847)
Epoch: [143][270/391], lr: 0.01000	Loss 0.3526 (0.2492)	Prec@1 88.281 (91.746)	Prec@5 100.000 (99.844)
Epoch: [143][280/391], lr: 0.01000	Loss 0.2817 (0.2509)	Prec@1 89.062 (91.729)	Prec@5 100.000 (99.842)
Epoch: [143][290/391], lr: 0.01000	Loss 0.3935 (0.2528)	Prec@1 87.500 (91.669)	Prec@5 100.000 (99.842)
Epoch: [143][300/391], lr: 0.01000	Loss 0.1544 (0.2543)	Prec@1 96.875 (91.640)	Prec@5 100.000 (99.842)
Epoch: [143][310/391], lr: 0.01000	Loss 0.3030 (0.2555)	Prec@1 89.844 (91.602)	Prec@5 99.219 (99.834)
Epoch: [143][320/391], lr: 0.01000	Loss 0.3347 (0.2573)	Prec@1 88.281 (91.533)	Prec@5 100.000 (99.839)
Epoch: [143][330/391], lr: 0.01000	Loss 0.2308 (0.2582)	Prec@1 89.844 (91.491)	Prec@5 100.000 (99.840)
Epoch: [143][340/391], lr: 0.01000	Loss 0.2831 (0.2583)	Prec@1 90.625 (91.477)	Prec@5 99.219 (99.840)
Epoch: [143][350/391], lr: 0.01000	Loss 0.3477 (0.2585)	Prec@1 88.281 (91.482)	Prec@5 100.000 (99.842)
Epoch: [143][360/391], lr: 0.01000	Loss 0.2385 (0.2588)	Prec@1 92.188 (91.463)	Prec@5 100.000 (99.838)
Epoch: [143][370/391], lr: 0.01000	Loss 0.3519 (0.2589)	Prec@1 88.281 (91.453)	Prec@5 100.000 (99.840)
Epoch: [143][380/391], lr: 0.01000	Loss 0.1971 (0.2580)	Prec@1 92.969 (91.474)	Prec@5 100.000 (99.844)
Epoch: [143][390/391], lr: 0.01000	Loss 0.3019 (0.2569)	Prec@1 91.250 (91.498)	Prec@5 100.000 (99.846)
Epoch [143] Training Results: Prec@1 91.498 Prec@5 99.846             Loss 0.25693
Epoch [143] Training Class Recall: [0.834,0.888,0.865,0.890,0.920,0.930,0.949,0.953,0.957,0.963]

Epoch: [144][0/391], lr: 0.01000	Loss 0.2481 (0.2481)	Prec@1 92.969 (92.969)	Prec@5 100.000 (100.000)
Epoch: [144][10/391], lr: 0.01000	Loss 0.2525 (0.2474)	Prec@1 89.844 (91.193)	Prec@5 100.000 (99.929)
Epoch: [144][20/391], lr: 0.01000	Loss 0.2518 (0.2381)	Prec@1 91.406 (91.555)	Prec@5 100.000 (99.851)
Epoch: [144][30/391], lr: 0.01000	Loss 0.1924 (0.2355)	Prec@1 94.531 (91.809)	Prec@5 100.000 (99.824)
Epoch: [144][40/391], lr: 0.01000	Loss 0.2398 (0.2294)	Prec@1 91.406 (92.092)	Prec@5 100.000 (99.867)
Epoch: [144][50/391], lr: 0.01000	Loss 0.1575 (0.2324)	Prec@1 96.094 (92.004)	Prec@5 100.000 (99.862)
Epoch: [144][60/391], lr: 0.01000	Loss 0.2078 (0.2282)	Prec@1 92.188 (92.264)	Prec@5 100.000 (99.872)
Epoch: [144][70/391], lr: 0.01000	Loss 0.1960 (0.2259)	Prec@1 92.188 (92.353)	Prec@5 100.000 (99.879)
Epoch: [144][80/391], lr: 0.01000	Loss 0.2978 (0.2303)	Prec@1 90.625 (92.197)	Prec@5 100.000 (99.875)
Epoch: [144][90/391], lr: 0.01000	Loss 0.1628 (0.2266)	Prec@1 94.531 (92.325)	Prec@5 99.219 (99.871)
Epoch: [144][100/391], lr: 0.01000	Loss 0.2195 (0.2252)	Prec@1 90.625 (92.327)	Prec@5 100.000 (99.868)
Epoch: [144][110/391], lr: 0.01000	Loss 0.2557 (0.2265)	Prec@1 89.062 (92.265)	Prec@5 100.000 (99.880)
Epoch: [144][120/391], lr: 0.01000	Loss 0.1217 (0.2278)	Prec@1 96.094 (92.291)	Prec@5 100.000 (99.871)
Epoch: [144][130/391], lr: 0.01000	Loss 0.1834 (0.2291)	Prec@1 94.531 (92.259)	Prec@5 100.000 (99.875)
Epoch: [144][140/391], lr: 0.01000	Loss 0.4745 (0.2325)	Prec@1 85.156 (92.110)	Prec@5 99.219 (99.867)
Epoch: [144][150/391], lr: 0.01000	Loss 0.2755 (0.2364)	Prec@1 92.188 (92.027)	Prec@5 100.000 (99.865)
Epoch: [144][160/391], lr: 0.01000	Loss 0.1098 (0.2368)	Prec@1 97.656 (92.018)	Prec@5 100.000 (99.864)
Epoch: [144][170/391], lr: 0.01000	Loss 0.2342 (0.2392)	Prec@1 92.969 (91.932)	Prec@5 99.219 (99.863)
Epoch: [144][180/391], lr: 0.01000	Loss 0.2397 (0.2398)	Prec@1 91.406 (91.924)	Prec@5 100.000 (99.858)
Epoch: [144][190/391], lr: 0.01000	Loss 0.3876 (0.2400)	Prec@1 90.625 (91.975)	Prec@5 99.219 (99.853)
Epoch: [144][200/391], lr: 0.01000	Loss 0.2914 (0.2399)	Prec@1 88.281 (91.943)	Prec@5 100.000 (99.856)
Epoch: [144][210/391], lr: 0.01000	Loss 0.3188 (0.2401)	Prec@1 89.062 (91.925)	Prec@5 99.219 (99.852)
Epoch: [144][220/391], lr: 0.01000	Loss 0.2000 (0.2417)	Prec@1 92.969 (91.855)	Prec@5 100.000 (99.852)
Epoch: [144][230/391], lr: 0.01000	Loss 0.2439 (0.2424)	Prec@1 94.531 (91.843)	Prec@5 100.000 (99.855)
Epoch: [144][240/391], lr: 0.01000	Loss 0.2951 (0.2429)	Prec@1 89.844 (91.815)	Prec@5 100.000 (99.851)
Epoch: [144][250/391], lr: 0.01000	Loss 0.2266 (0.2448)	Prec@1 91.406 (91.774)	Prec@5 100.000 (99.857)
Epoch: [144][260/391], lr: 0.01000	Loss 0.3884 (0.2460)	Prec@1 89.062 (91.747)	Prec@5 100.000 (99.859)
Epoch: [144][270/391], lr: 0.01000	Loss 0.2098 (0.2459)	Prec@1 92.969 (91.729)	Prec@5 100.000 (99.859)
Epoch: [144][280/391], lr: 0.01000	Loss 0.2856 (0.2465)	Prec@1 91.406 (91.693)	Prec@5 100.000 (99.864)
Epoch: [144][290/391], lr: 0.01000	Loss 0.3071 (0.2471)	Prec@1 92.969 (91.677)	Prec@5 99.219 (99.863)
Epoch: [144][300/391], lr: 0.01000	Loss 0.2052 (0.2488)	Prec@1 95.312 (91.622)	Prec@5 100.000 (99.862)
Epoch: [144][310/391], lr: 0.01000	Loss 0.3166 (0.2504)	Prec@1 89.844 (91.585)	Prec@5 100.000 (99.862)
Epoch: [144][320/391], lr: 0.01000	Loss 0.2783 (0.2505)	Prec@1 88.281 (91.577)	Prec@5 100.000 (99.866)
Epoch: [144][330/391], lr: 0.01000	Loss 0.3078 (0.2502)	Prec@1 87.500 (91.583)	Prec@5 100.000 (99.863)
Epoch: [144][340/391], lr: 0.01000	Loss 0.3768 (0.2508)	Prec@1 86.719 (91.564)	Prec@5 100.000 (99.865)
Epoch: [144][350/391], lr: 0.01000	Loss 0.1819 (0.2506)	Prec@1 94.531 (91.553)	Prec@5 100.000 (99.864)
Epoch: [144][360/391], lr: 0.01000	Loss 0.2589 (0.2503)	Prec@1 92.969 (91.558)	Prec@5 99.219 (99.861)
Epoch: [144][370/391], lr: 0.01000	Loss 0.2437 (0.2509)	Prec@1 90.625 (91.539)	Prec@5 100.000 (99.857)
Epoch: [144][380/391], lr: 0.01000	Loss 0.2302 (0.2509)	Prec@1 90.625 (91.533)	Prec@5 100.000 (99.854)
Epoch: [144][390/391], lr: 0.01000	Loss 0.2677 (0.2506)	Prec@1 91.250 (91.538)	Prec@5 100.000 (99.854)
Epoch [144] Training Results: Prec@1 91.538 Prec@5 99.854             Loss 0.25055
Epoch [144] Training Class Recall: [0.837,0.889,0.856,0.891,0.925,0.927,0.948,0.951,0.964,0.966]

Epoch: [145][0/391], lr: 0.01000	Loss 0.2054 (0.2054)	Prec@1 90.625 (90.625)	Prec@5 100.000 (100.000)
Epoch: [145][10/391], lr: 0.01000	Loss 0.3065 (0.2334)	Prec@1 92.188 (92.330)	Prec@5 99.219 (99.858)
Epoch: [145][20/391], lr: 0.01000	Loss 0.2010 (0.2246)	Prec@1 92.188 (92.485)	Prec@5 100.000 (99.888)
Epoch: [145][30/391], lr: 0.01000	Loss 0.2669 (0.2223)	Prec@1 90.625 (92.742)	Prec@5 99.219 (99.849)
Epoch: [145][40/391], lr: 0.01000	Loss 0.2270 (0.2179)	Prec@1 94.531 (93.045)	Prec@5 100.000 (99.886)
Epoch: [145][50/391], lr: 0.01000	Loss 0.1416 (0.2135)	Prec@1 95.312 (93.061)	Prec@5 100.000 (99.893)
Epoch: [145][60/391], lr: 0.01000	Loss 0.1978 (0.2179)	Prec@1 92.969 (92.905)	Prec@5 100.000 (99.872)
Epoch: [145][70/391], lr: 0.01000	Loss 0.2749 (0.2220)	Prec@1 91.406 (92.639)	Prec@5 99.219 (99.879)
Epoch: [145][80/391], lr: 0.01000	Loss 0.1803 (0.2259)	Prec@1 94.531 (92.535)	Prec@5 100.000 (99.884)
Epoch: [145][90/391], lr: 0.01000	Loss 0.2981 (0.2296)	Prec@1 89.844 (92.402)	Prec@5 99.219 (99.871)
Epoch: [145][100/391], lr: 0.01000	Loss 0.3727 (0.2352)	Prec@1 88.281 (92.273)	Prec@5 100.000 (99.861)
Epoch: [145][110/391], lr: 0.01000	Loss 0.1410 (0.2387)	Prec@1 95.312 (92.152)	Prec@5 100.000 (99.852)
Epoch: [145][120/391], lr: 0.01000	Loss 0.3376 (0.2438)	Prec@1 89.844 (91.968)	Prec@5 100.000 (99.851)
Epoch: [145][130/391], lr: 0.01000	Loss 0.1876 (0.2450)	Prec@1 92.969 (91.913)	Prec@5 100.000 (99.863)
Epoch: [145][140/391], lr: 0.01000	Loss 0.2610 (0.2469)	Prec@1 91.406 (91.866)	Prec@5 100.000 (99.861)
Epoch: [145][150/391], lr: 0.01000	Loss 0.2562 (0.2458)	Prec@1 90.625 (91.836)	Prec@5 100.000 (99.860)
Epoch: [145][160/391], lr: 0.01000	Loss 0.2014 (0.2450)	Prec@1 92.969 (91.867)	Prec@5 100.000 (99.864)
Epoch: [145][170/391], lr: 0.01000	Loss 0.2833 (0.2444)	Prec@1 90.625 (91.881)	Prec@5 100.000 (99.872)
Epoch: [145][180/391], lr: 0.01000	Loss 0.2062 (0.2456)	Prec@1 92.188 (91.872)	Prec@5 100.000 (99.875)
Epoch: [145][190/391], lr: 0.01000	Loss 0.3178 (0.2466)	Prec@1 92.969 (91.881)	Prec@5 100.000 (99.873)
Epoch: [145][200/391], lr: 0.01000	Loss 0.2808 (0.2484)	Prec@1 90.625 (91.838)	Prec@5 100.000 (99.876)
Epoch: [145][210/391], lr: 0.01000	Loss 0.1994 (0.2495)	Prec@1 94.531 (91.810)	Prec@5 100.000 (99.867)
Epoch: [145][220/391], lr: 0.01000	Loss 0.4229 (0.2500)	Prec@1 85.156 (91.753)	Prec@5 99.219 (99.869)
Epoch: [145][230/391], lr: 0.01000	Loss 0.2471 (0.2508)	Prec@1 92.188 (91.663)	Prec@5 100.000 (99.871)
Epoch: [145][240/391], lr: 0.01000	Loss 0.2364 (0.2518)	Prec@1 92.188 (91.610)	Prec@5 100.000 (99.877)
Epoch: [145][250/391], lr: 0.01000	Loss 0.2947 (0.2520)	Prec@1 91.406 (91.602)	Prec@5 100.000 (99.882)
Epoch: [145][260/391], lr: 0.01000	Loss 0.2535 (0.2523)	Prec@1 92.969 (91.568)	Prec@5 100.000 (99.883)
Epoch: [145][270/391], lr: 0.01000	Loss 0.2012 (0.2516)	Prec@1 93.750 (91.579)	Prec@5 100.000 (99.885)
Epoch: [145][280/391], lr: 0.01000	Loss 0.2314 (0.2522)	Prec@1 94.531 (91.576)	Prec@5 100.000 (99.883)
Epoch: [145][290/391], lr: 0.01000	Loss 0.2308 (0.2528)	Prec@1 92.969 (91.551)	Prec@5 100.000 (99.887)
Epoch: [145][300/391], lr: 0.01000	Loss 0.1672 (0.2528)	Prec@1 92.969 (91.549)	Prec@5 100.000 (99.888)
Epoch: [145][310/391], lr: 0.01000	Loss 0.3104 (0.2517)	Prec@1 87.500 (91.587)	Prec@5 100.000 (99.889)
Epoch: [145][320/391], lr: 0.01000	Loss 0.2227 (0.2506)	Prec@1 89.844 (91.613)	Prec@5 100.000 (99.893)
Epoch: [145][330/391], lr: 0.01000	Loss 0.2465 (0.2497)	Prec@1 89.844 (91.619)	Prec@5 100.000 (99.894)
Epoch: [145][340/391], lr: 0.01000	Loss 0.3834 (0.2502)	Prec@1 85.156 (91.590)	Prec@5 100.000 (99.897)
Epoch: [145][350/391], lr: 0.01000	Loss 0.1756 (0.2505)	Prec@1 93.750 (91.571)	Prec@5 100.000 (99.891)
Epoch: [145][360/391], lr: 0.01000	Loss 0.3059 (0.2502)	Prec@1 92.969 (91.612)	Prec@5 100.000 (99.890)
Epoch: [145][370/391], lr: 0.01000	Loss 0.2566 (0.2499)	Prec@1 90.625 (91.642)	Prec@5 100.000 (99.888)
Epoch: [145][380/391], lr: 0.01000	Loss 0.3064 (0.2496)	Prec@1 89.062 (91.626)	Prec@5 99.219 (99.887)
Epoch: [145][390/391], lr: 0.01000	Loss 0.2693 (0.2489)	Prec@1 91.250 (91.634)	Prec@5 100.000 (99.888)
Epoch [145] Training Results: Prec@1 91.634 Prec@5 99.888             Loss 0.24894
Epoch [145] Training Class Recall: [0.834,0.887,0.862,0.896,0.921,0.935,0.947,0.953,0.964,0.963]

Epoch: [146][0/391], lr: 0.01000	Loss 0.2463 (0.2463)	Prec@1 90.625 (90.625)	Prec@5 100.000 (100.000)
Epoch: [146][10/391], lr: 0.01000	Loss 0.2458 (0.2393)	Prec@1 92.188 (91.974)	Prec@5 100.000 (99.858)
Epoch: [146][20/391], lr: 0.01000	Loss 0.2194 (0.2268)	Prec@1 91.406 (92.113)	Prec@5 99.219 (99.888)
Epoch: [146][30/391], lr: 0.01000	Loss 0.2653 (0.2376)	Prec@1 92.969 (91.986)	Prec@5 100.000 (99.899)
Epoch: [146][40/391], lr: 0.01000	Loss 0.2419 (0.2407)	Prec@1 89.844 (91.902)	Prec@5 100.000 (99.924)
Epoch: [146][50/391], lr: 0.01000	Loss 0.3107 (0.2416)	Prec@1 87.500 (91.820)	Prec@5 100.000 (99.908)
Epoch: [146][60/391], lr: 0.01000	Loss 0.2128 (0.2454)	Prec@1 92.969 (91.714)	Prec@5 99.219 (99.898)
Epoch: [146][70/391], lr: 0.01000	Loss 0.2789 (0.2491)	Prec@1 89.844 (91.549)	Prec@5 99.219 (99.901)
Epoch: [146][80/391], lr: 0.01000	Loss 0.3187 (0.2506)	Prec@1 86.719 (91.474)	Prec@5 100.000 (99.894)
Epoch: [146][90/391], lr: 0.01000	Loss 0.3964 (0.2513)	Prec@1 84.375 (91.466)	Prec@5 100.000 (99.897)
Epoch: [146][100/391], lr: 0.01000	Loss 0.4408 (0.2563)	Prec@1 83.594 (91.259)	Prec@5 100.000 (99.892)
Epoch: [146][110/391], lr: 0.01000	Loss 0.3206 (0.2587)	Prec@1 89.844 (91.167)	Prec@5 99.219 (99.894)
Epoch: [146][120/391], lr: 0.01000	Loss 0.2538 (0.2618)	Prec@1 88.281 (91.038)	Prec@5 100.000 (99.897)
Epoch: [146][130/391], lr: 0.01000	Loss 0.3168 (0.2645)	Prec@1 90.625 (91.102)	Prec@5 100.000 (99.869)
Epoch: [146][140/391], lr: 0.01000	Loss 0.1945 (0.2641)	Prec@1 94.531 (91.124)	Prec@5 100.000 (99.867)
Epoch: [146][150/391], lr: 0.01000	Loss 0.2877 (0.2633)	Prec@1 91.406 (91.179)	Prec@5 100.000 (99.865)
Epoch: [146][160/391], lr: 0.01000	Loss 0.2676 (0.2638)	Prec@1 91.406 (91.227)	Prec@5 100.000 (99.874)
Epoch: [146][170/391], lr: 0.01000	Loss 0.1804 (0.2620)	Prec@1 93.750 (91.292)	Prec@5 100.000 (99.868)
Epoch: [146][180/391], lr: 0.01000	Loss 0.2470 (0.2606)	Prec@1 91.406 (91.298)	Prec@5 100.000 (99.866)
Epoch: [146][190/391], lr: 0.01000	Loss 0.1922 (0.2596)	Prec@1 92.188 (91.279)	Prec@5 100.000 (99.869)
Epoch: [146][200/391], lr: 0.01000	Loss 0.3122 (0.2600)	Prec@1 89.062 (91.262)	Prec@5 100.000 (99.868)
Epoch: [146][210/391], lr: 0.01000	Loss 0.3141 (0.2580)	Prec@1 89.844 (91.303)	Prec@5 100.000 (99.863)
Epoch: [146][220/391], lr: 0.01000	Loss 0.2711 (0.2549)	Prec@1 90.625 (91.427)	Prec@5 100.000 (99.869)
Epoch: [146][230/391], lr: 0.01000	Loss 0.2596 (0.2531)	Prec@1 91.406 (91.481)	Prec@5 100.000 (99.871)
Epoch: [146][240/391], lr: 0.01000	Loss 0.1578 (0.2529)	Prec@1 95.312 (91.510)	Prec@5 100.000 (99.867)
Epoch: [146][250/391], lr: 0.01000	Loss 0.2064 (0.2527)	Prec@1 93.750 (91.469)	Prec@5 100.000 (99.869)
Epoch: [146][260/391], lr: 0.01000	Loss 0.1478 (0.2540)	Prec@1 94.531 (91.394)	Prec@5 100.000 (99.874)
Epoch: [146][270/391], lr: 0.01000	Loss 0.2222 (0.2542)	Prec@1 92.188 (91.383)	Prec@5 100.000 (99.876)
Epoch: [146][280/391], lr: 0.01000	Loss 0.2127 (0.2541)	Prec@1 92.188 (91.395)	Prec@5 100.000 (99.880)
Epoch: [146][290/391], lr: 0.01000	Loss 0.3307 (0.2542)	Prec@1 85.938 (91.355)	Prec@5 100.000 (99.882)
Epoch: [146][300/391], lr: 0.01000	Loss 0.3801 (0.2543)	Prec@1 89.062 (91.365)	Prec@5 99.219 (99.883)
Epoch: [146][310/391], lr: 0.01000	Loss 0.2246 (0.2534)	Prec@1 88.281 (91.389)	Prec@5 100.000 (99.884)
Epoch: [146][320/391], lr: 0.01000	Loss 0.2405 (0.2525)	Prec@1 93.750 (91.431)	Prec@5 99.219 (99.886)
Epoch: [146][330/391], lr: 0.01000	Loss 0.1914 (0.2521)	Prec@1 94.531 (91.444)	Prec@5 100.000 (99.884)
Epoch: [146][340/391], lr: 0.01000	Loss 0.2932 (0.2522)	Prec@1 90.625 (91.450)	Prec@5 99.219 (99.883)
Epoch: [146][350/391], lr: 0.01000	Loss 0.2372 (0.2528)	Prec@1 93.750 (91.462)	Prec@5 100.000 (99.878)
Epoch: [146][360/391], lr: 0.01000	Loss 0.3045 (0.2530)	Prec@1 89.844 (91.458)	Prec@5 100.000 (99.872)
Epoch: [146][370/391], lr: 0.01000	Loss 0.2545 (0.2537)	Prec@1 90.625 (91.440)	Prec@5 100.000 (99.874)
Epoch: [146][380/391], lr: 0.01000	Loss 0.3519 (0.2543)	Prec@1 86.719 (91.406)	Prec@5 100.000 (99.875)
Epoch: [146][390/391], lr: 0.01000	Loss 0.4021 (0.2543)	Prec@1 86.250 (91.392)	Prec@5 100.000 (99.876)
Epoch [146] Training Results: Prec@1 91.392 Prec@5 99.876             Loss 0.25431
Epoch [146] Training Class Recall: [0.832,0.886,0.863,0.891,0.925,0.930,0.946,0.951,0.956,0.959]

Epoch: [147][0/391], lr: 0.01000	Loss 0.3370 (0.3370)	Prec@1 89.062 (89.062)	Prec@5 99.219 (99.219)
Epoch: [147][10/391], lr: 0.01000	Loss 0.2671 (0.2657)	Prec@1 89.062 (90.909)	Prec@5 100.000 (99.929)
Epoch: [147][20/391], lr: 0.01000	Loss 0.2616 (0.2584)	Prec@1 93.750 (91.109)	Prec@5 100.000 (99.888)
Epoch: [147][30/391], lr: 0.01000	Loss 0.2244 (0.2579)	Prec@1 93.750 (91.255)	Prec@5 99.219 (99.824)
Epoch: [147][40/391], lr: 0.01000	Loss 0.1065 (0.2515)	Prec@1 96.875 (91.387)	Prec@5 100.000 (99.828)
Epoch: [147][50/391], lr: 0.01000	Loss 0.2886 (0.2517)	Prec@1 87.500 (91.330)	Prec@5 100.000 (99.862)
Epoch: [147][60/391], lr: 0.01000	Loss 0.4196 (0.2611)	Prec@1 89.062 (91.176)	Prec@5 99.219 (99.846)
Epoch: [147][70/391], lr: 0.01000	Loss 0.1869 (0.2626)	Prec@1 94.531 (91.120)	Prec@5 100.000 (99.857)
Epoch: [147][80/391], lr: 0.01000	Loss 0.3398 (0.2683)	Prec@1 91.406 (90.914)	Prec@5 100.000 (99.865)
Epoch: [147][90/391], lr: 0.01000	Loss 0.3112 (0.2727)	Prec@1 90.625 (90.788)	Prec@5 100.000 (99.828)
Epoch: [147][100/391], lr: 0.01000	Loss 0.4080 (0.2775)	Prec@1 88.281 (90.594)	Prec@5 98.438 (99.822)
Epoch: [147][110/391], lr: 0.01000	Loss 0.3240 (0.2820)	Prec@1 92.188 (90.512)	Prec@5 100.000 (99.824)
Epoch: [147][120/391], lr: 0.01000	Loss 0.2995 (0.2827)	Prec@1 90.625 (90.431)	Prec@5 99.219 (99.826)
Epoch: [147][130/391], lr: 0.01000	Loss 0.2940 (0.2836)	Prec@1 88.281 (90.404)	Prec@5 100.000 (99.833)
Epoch: [147][140/391], lr: 0.01000	Loss 0.4118 (0.2831)	Prec@1 88.281 (90.387)	Prec@5 100.000 (99.834)
Epoch: [147][150/391], lr: 0.01000	Loss 0.3377 (0.2827)	Prec@1 91.406 (90.403)	Prec@5 98.438 (99.819)
Epoch: [147][160/391], lr: 0.01000	Loss 0.2609 (0.2797)	Prec@1 91.406 (90.523)	Prec@5 100.000 (99.830)
Epoch: [147][170/391], lr: 0.01000	Loss 0.2619 (0.2788)	Prec@1 92.969 (90.534)	Prec@5 100.000 (99.836)
Epoch: [147][180/391], lr: 0.01000	Loss 0.3331 (0.2794)	Prec@1 90.625 (90.595)	Prec@5 100.000 (99.832)
Epoch: [147][190/391], lr: 0.01000	Loss 0.2573 (0.2785)	Prec@1 91.406 (90.645)	Prec@5 100.000 (99.832)
Epoch: [147][200/391], lr: 0.01000	Loss 0.1866 (0.2761)	Prec@1 93.750 (90.749)	Prec@5 99.219 (99.821)
Epoch: [147][210/391], lr: 0.01000	Loss 0.2324 (0.2741)	Prec@1 92.188 (90.788)	Prec@5 100.000 (99.822)
Epoch: [147][220/391], lr: 0.01000	Loss 0.2098 (0.2709)	Prec@1 92.188 (90.925)	Prec@5 100.000 (99.827)
Epoch: [147][230/391], lr: 0.01000	Loss 0.2186 (0.2688)	Prec@1 93.750 (91.017)	Prec@5 99.219 (99.831)
Epoch: [147][240/391], lr: 0.01000	Loss 0.3792 (0.2677)	Prec@1 87.500 (91.030)	Prec@5 99.219 (99.831)
Epoch: [147][250/391], lr: 0.01000	Loss 0.2037 (0.2663)	Prec@1 92.969 (91.107)	Prec@5 100.000 (99.835)
Epoch: [147][260/391], lr: 0.01000	Loss 0.2898 (0.2659)	Prec@1 93.750 (91.161)	Prec@5 100.000 (99.829)
Epoch: [147][270/391], lr: 0.01000	Loss 0.4411 (0.2660)	Prec@1 85.156 (91.161)	Prec@5 100.000 (99.830)
Epoch: [147][280/391], lr: 0.01000	Loss 0.2121 (0.2644)	Prec@1 92.969 (91.181)	Prec@5 100.000 (99.833)
Epoch: [147][290/391], lr: 0.01000	Loss 0.1229 (0.2629)	Prec@1 95.312 (91.221)	Prec@5 100.000 (99.834)
Epoch: [147][300/391], lr: 0.01000	Loss 0.3356 (0.2634)	Prec@1 90.625 (91.212)	Prec@5 100.000 (99.839)
Epoch: [147][310/391], lr: 0.01000	Loss 0.2821 (0.2627)	Prec@1 88.281 (91.223)	Prec@5 100.000 (99.834)
Epoch: [147][320/391], lr: 0.01000	Loss 0.3330 (0.2628)	Prec@1 89.844 (91.226)	Prec@5 100.000 (99.832)
Epoch: [147][330/391], lr: 0.01000	Loss 0.2777 (0.2627)	Prec@1 89.844 (91.250)	Prec@5 100.000 (99.832)
Epoch: [147][340/391], lr: 0.01000	Loss 0.1735 (0.2628)	Prec@1 96.875 (91.280)	Prec@5 100.000 (99.826)
Epoch: [147][350/391], lr: 0.01000	Loss 0.2187 (0.2632)	Prec@1 92.188 (91.277)	Prec@5 100.000 (99.826)
Epoch: [147][360/391], lr: 0.01000	Loss 0.2920 (0.2634)	Prec@1 90.625 (91.253)	Prec@5 99.219 (99.823)
Epoch: [147][370/391], lr: 0.01000	Loss 0.1976 (0.2627)	Prec@1 94.531 (91.269)	Prec@5 100.000 (99.823)
Epoch: [147][380/391], lr: 0.01000	Loss 0.1512 (0.2612)	Prec@1 93.750 (91.293)	Prec@5 100.000 (99.826)
Epoch: [147][390/391], lr: 0.01000	Loss 0.2015 (0.2606)	Prec@1 92.500 (91.324)	Prec@5 100.000 (99.824)
Epoch [147] Training Results: Prec@1 91.324 Prec@5 99.824             Loss 0.26058
Epoch [147] Training Class Recall: [0.836,0.891,0.863,0.889,0.917,0.925,0.942,0.950,0.959,0.962]

Epoch: [148][0/391], lr: 0.01000	Loss 0.1412 (0.1412)	Prec@1 95.312 (95.312)	Prec@5 100.000 (100.000)
Epoch: [148][10/391], lr: 0.01000	Loss 0.4146 (0.2615)	Prec@1 87.500 (90.838)	Prec@5 100.000 (99.787)
Epoch: [148][20/391], lr: 0.01000	Loss 0.2498 (0.2469)	Prec@1 92.188 (91.406)	Prec@5 100.000 (99.851)
Epoch: [148][30/391], lr: 0.01000	Loss 0.3084 (0.2659)	Prec@1 90.625 (90.827)	Prec@5 100.000 (99.849)
Epoch: [148][40/391], lr: 0.01000	Loss 0.2861 (0.2631)	Prec@1 91.406 (91.006)	Prec@5 100.000 (99.848)
Epoch: [148][50/391], lr: 0.01000	Loss 0.2002 (0.2702)	Prec@1 91.406 (90.993)	Prec@5 100.000 (99.847)
Epoch: [148][60/391], lr: 0.01000	Loss 0.3665 (0.2755)	Prec@1 89.844 (90.830)	Prec@5 99.219 (99.833)
Epoch: [148][70/391], lr: 0.01000	Loss 0.2232 (0.2800)	Prec@1 90.625 (90.570)	Prec@5 100.000 (99.857)
Epoch: [148][80/391], lr: 0.01000	Loss 0.1936 (0.2839)	Prec@1 92.188 (90.490)	Prec@5 100.000 (99.836)
Epoch: [148][90/391], lr: 0.01000	Loss 0.2610 (0.2839)	Prec@1 92.188 (90.488)	Prec@5 99.219 (99.803)
Epoch: [148][100/391], lr: 0.01000	Loss 0.2654 (0.2817)	Prec@1 90.625 (90.579)	Prec@5 99.219 (99.799)
Epoch: [148][110/391], lr: 0.01000	Loss 0.2758 (0.2805)	Prec@1 91.406 (90.604)	Prec@5 100.000 (99.810)
Epoch: [148][120/391], lr: 0.01000	Loss 0.2428 (0.2821)	Prec@1 92.969 (90.535)	Prec@5 100.000 (99.813)
Epoch: [148][130/391], lr: 0.01000	Loss 0.1881 (0.2772)	Prec@1 94.531 (90.691)	Prec@5 100.000 (99.815)
Epoch: [148][140/391], lr: 0.01000	Loss 0.2768 (0.2753)	Prec@1 90.625 (90.769)	Prec@5 100.000 (99.828)
Epoch: [148][150/391], lr: 0.01000	Loss 0.2020 (0.2733)	Prec@1 95.312 (90.863)	Prec@5 99.219 (99.819)
Epoch: [148][160/391], lr: 0.01000	Loss 0.2076 (0.2704)	Prec@1 92.188 (90.960)	Prec@5 100.000 (99.830)
Epoch: [148][170/391], lr: 0.01000	Loss 0.2375 (0.2694)	Prec@1 92.969 (91.000)	Prec@5 100.000 (99.836)
Epoch: [148][180/391], lr: 0.01000	Loss 0.2517 (0.2677)	Prec@1 92.969 (91.070)	Prec@5 100.000 (99.832)
Epoch: [148][190/391], lr: 0.01000	Loss 0.2786 (0.2669)	Prec@1 89.844 (91.071)	Prec@5 100.000 (99.836)
Epoch: [148][200/391], lr: 0.01000	Loss 0.1935 (0.2649)	Prec@1 94.531 (91.154)	Prec@5 100.000 (99.845)
Epoch: [148][210/391], lr: 0.01000	Loss 0.4436 (0.2640)	Prec@1 86.719 (91.195)	Prec@5 98.438 (99.844)
Epoch: [148][220/391], lr: 0.01000	Loss 0.2160 (0.2632)	Prec@1 93.750 (91.233)	Prec@5 100.000 (99.834)
Epoch: [148][230/391], lr: 0.01000	Loss 0.2199 (0.2634)	Prec@1 93.750 (91.251)	Prec@5 100.000 (99.831)
Epoch: [148][240/391], lr: 0.01000	Loss 0.1343 (0.2612)	Prec@1 94.531 (91.322)	Prec@5 100.000 (99.835)
Epoch: [148][250/391], lr: 0.01000	Loss 0.2098 (0.2605)	Prec@1 89.844 (91.356)	Prec@5 100.000 (99.829)
Epoch: [148][260/391], lr: 0.01000	Loss 0.2790 (0.2587)	Prec@1 90.625 (91.412)	Prec@5 100.000 (99.835)
Epoch: [148][270/391], lr: 0.01000	Loss 0.3754 (0.2586)	Prec@1 88.281 (91.426)	Prec@5 100.000 (99.836)
Epoch: [148][280/391], lr: 0.01000	Loss 0.1546 (0.2578)	Prec@1 95.312 (91.448)	Prec@5 100.000 (99.842)
Epoch: [148][290/391], lr: 0.01000	Loss 0.2734 (0.2587)	Prec@1 89.844 (91.398)	Prec@5 100.000 (99.842)
Epoch: [148][300/391], lr: 0.01000	Loss 0.3369 (0.2608)	Prec@1 89.844 (91.349)	Prec@5 99.219 (99.839)
Epoch: [148][310/391], lr: 0.01000	Loss 0.2968 (0.2613)	Prec@1 88.281 (91.323)	Prec@5 100.000 (99.839)
Epoch: [148][320/391], lr: 0.01000	Loss 0.2846 (0.2622)	Prec@1 89.062 (91.292)	Prec@5 100.000 (99.844)
Epoch: [148][330/391], lr: 0.01000	Loss 0.1800 (0.2633)	Prec@1 93.750 (91.225)	Prec@5 100.000 (99.844)
Epoch: [148][340/391], lr: 0.01000	Loss 0.2097 (0.2638)	Prec@1 92.188 (91.241)	Prec@5 100.000 (99.846)
Epoch: [148][350/391], lr: 0.01000	Loss 0.1871 (0.2637)	Prec@1 94.531 (91.230)	Prec@5 100.000 (99.846)
Epoch: [148][360/391], lr: 0.01000	Loss 0.2294 (0.2642)	Prec@1 93.750 (91.207)	Prec@5 100.000 (99.851)
Epoch: [148][370/391], lr: 0.01000	Loss 0.4064 (0.2653)	Prec@1 88.281 (91.185)	Prec@5 98.438 (99.848)
Epoch: [148][380/391], lr: 0.01000	Loss 0.1626 (0.2645)	Prec@1 93.750 (91.226)	Prec@5 100.000 (99.852)
Epoch: [148][390/391], lr: 0.01000	Loss 0.4182 (0.2635)	Prec@1 83.750 (91.264)	Prec@5 100.000 (99.852)
Epoch [148] Training Results: Prec@1 91.264 Prec@5 99.852             Loss 0.26350
Epoch [148] Training Class Recall: [0.834,0.884,0.863,0.886,0.920,0.926,0.950,0.948,0.955,0.962]

Epoch: [149][0/391], lr: 0.01000	Loss 0.2847 (0.2847)	Prec@1 93.750 (93.750)	Prec@5 100.000 (100.000)
Epoch: [149][10/391], lr: 0.01000	Loss 0.2183 (0.2290)	Prec@1 91.406 (92.969)	Prec@5 100.000 (100.000)
Epoch: [149][20/391], lr: 0.01000	Loss 0.2385 (0.2455)	Prec@1 89.844 (91.815)	Prec@5 100.000 (99.963)
Epoch: [149][30/391], lr: 0.01000	Loss 0.1412 (0.2522)	Prec@1 96.875 (91.406)	Prec@5 100.000 (99.924)
Epoch: [149][40/391], lr: 0.01000	Loss 0.2191 (0.2480)	Prec@1 92.969 (91.654)	Prec@5 100.000 (99.943)
Epoch: [149][50/391], lr: 0.01000	Loss 0.2969 (0.2469)	Prec@1 89.062 (91.559)	Prec@5 99.219 (99.939)
Epoch: [149][60/391], lr: 0.01000	Loss 0.1861 (0.2463)	Prec@1 95.312 (91.662)	Prec@5 100.000 (99.936)
Epoch: [149][70/391], lr: 0.01000	Loss 0.2415 (0.2475)	Prec@1 91.406 (91.593)	Prec@5 100.000 (99.934)
Epoch: [149][80/391], lr: 0.01000	Loss 0.2044 (0.2452)	Prec@1 91.406 (91.705)	Prec@5 100.000 (99.923)
Epoch: [149][90/391], lr: 0.01000	Loss 0.2128 (0.2431)	Prec@1 93.750 (91.810)	Prec@5 100.000 (99.914)
Epoch: [149][100/391], lr: 0.01000	Loss 0.1688 (0.2446)	Prec@1 94.531 (91.754)	Prec@5 99.219 (99.899)
Epoch: [149][110/391], lr: 0.01000	Loss 0.3258 (0.2443)	Prec@1 89.844 (91.744)	Prec@5 100.000 (99.909)
Epoch: [149][120/391], lr: 0.01000	Loss 0.2704 (0.2441)	Prec@1 91.406 (91.723)	Prec@5 100.000 (99.903)
Epoch: [149][130/391], lr: 0.01000	Loss 0.3401 (0.2443)	Prec@1 90.625 (91.746)	Prec@5 100.000 (99.905)
Epoch: [149][140/391], lr: 0.01000	Loss 0.2236 (0.2445)	Prec@1 92.969 (91.755)	Prec@5 100.000 (99.906)
Epoch: [149][150/391], lr: 0.01000	Loss 0.2030 (0.2408)	Prec@1 90.625 (91.893)	Prec@5 100.000 (99.907)
Epoch: [149][160/391], lr: 0.01000	Loss 0.2008 (0.2428)	Prec@1 91.406 (91.804)	Prec@5 100.000 (99.903)
Epoch: [149][170/391], lr: 0.01000	Loss 0.1798 (0.2429)	Prec@1 95.312 (91.776)	Prec@5 100.000 (99.904)
Epoch: [149][180/391], lr: 0.01000	Loss 0.1639 (0.2429)	Prec@1 93.750 (91.808)	Prec@5 100.000 (99.888)
Epoch: [149][190/391], lr: 0.01000	Loss 0.2348 (0.2430)	Prec@1 91.406 (91.762)	Prec@5 100.000 (99.885)
Epoch: [149][200/391], lr: 0.01000	Loss 0.1662 (0.2424)	Prec@1 97.656 (91.791)	Prec@5 100.000 (99.891)
Epoch: [149][210/391], lr: 0.01000	Loss 0.2042 (0.2424)	Prec@1 92.969 (91.788)	Prec@5 99.219 (99.885)
Epoch: [149][220/391], lr: 0.01000	Loss 0.2403 (0.2449)	Prec@1 92.188 (91.731)	Prec@5 100.000 (99.887)
Epoch: [149][230/391], lr: 0.01000	Loss 0.1476 (0.2447)	Prec@1 95.312 (91.728)	Prec@5 100.000 (99.888)
Epoch: [149][240/391], lr: 0.01000	Loss 0.3205 (0.2475)	Prec@1 89.844 (91.675)	Prec@5 100.000 (99.887)
Epoch: [149][250/391], lr: 0.01000	Loss 0.2387 (0.2480)	Prec@1 92.969 (91.683)	Prec@5 100.000 (99.888)
Epoch: [149][260/391], lr: 0.01000	Loss 0.2622 (0.2501)	Prec@1 92.188 (91.625)	Prec@5 100.000 (99.892)
Epoch: [149][270/391], lr: 0.01000	Loss 0.3872 (0.2507)	Prec@1 85.938 (91.573)	Prec@5 100.000 (99.893)
Epoch: [149][280/391], lr: 0.01000	Loss 0.3400 (0.2512)	Prec@1 89.844 (91.573)	Prec@5 100.000 (99.889)
Epoch: [149][290/391], lr: 0.01000	Loss 0.2511 (0.2510)	Prec@1 92.188 (91.591)	Prec@5 99.219 (99.885)
Epoch: [149][300/391], lr: 0.01000	Loss 0.2143 (0.2513)	Prec@1 93.750 (91.591)	Prec@5 100.000 (99.888)
Epoch: [149][310/391], lr: 0.01000	Loss 0.2051 (0.2517)	Prec@1 91.406 (91.565)	Prec@5 100.000 (99.884)
Epoch: [149][320/391], lr: 0.01000	Loss 0.1922 (0.2521)	Prec@1 92.969 (91.552)	Prec@5 100.000 (99.886)
Epoch: [149][330/391], lr: 0.01000	Loss 0.3157 (0.2520)	Prec@1 90.625 (91.569)	Prec@5 100.000 (99.882)
Epoch: [149][340/391], lr: 0.01000	Loss 0.2029 (0.2521)	Prec@1 92.188 (91.578)	Prec@5 100.000 (99.885)
Epoch: [149][350/391], lr: 0.01000	Loss 0.2046 (0.2518)	Prec@1 92.188 (91.604)	Prec@5 100.000 (99.884)
Epoch: [149][360/391], lr: 0.01000	Loss 0.1176 (0.2530)	Prec@1 95.312 (91.551)	Prec@5 100.000 (99.887)
Epoch: [149][370/391], lr: 0.01000	Loss 0.2022 (0.2542)	Prec@1 89.844 (91.520)	Prec@5 100.000 (99.880)
Epoch: [149][380/391], lr: 0.01000	Loss 0.2859 (0.2547)	Prec@1 91.406 (91.513)	Prec@5 99.219 (99.881)
Epoch: [149][390/391], lr: 0.01000	Loss 0.3451 (0.2551)	Prec@1 88.750 (91.520)	Prec@5 100.000 (99.882)
Epoch [149] Training Results: Prec@1 91.520 Prec@5 99.882             Loss 0.25507
Epoch [149] Training Class Recall: [0.841,0.887,0.865,0.899,0.916,0.926,0.951,0.951,0.959,0.957]

Epoch: [150][0/391], lr: 0.01000	Loss 0.1991 (0.1991)	Prec@1 93.750 (93.750)	Prec@5 100.000 (100.000)
Epoch: [150][10/391], lr: 0.01000	Loss 0.1570 (0.2386)	Prec@1 94.531 (91.406)	Prec@5 100.000 (99.929)
Epoch: [150][20/391], lr: 0.01000	Loss 0.2753 (0.2802)	Prec@1 91.406 (90.625)	Prec@5 100.000 (99.851)
Epoch: [150][30/391], lr: 0.01000	Loss 0.2364 (0.2661)	Prec@1 92.969 (91.205)	Prec@5 100.000 (99.899)
Epoch: [150][40/391], lr: 0.01000	Loss 0.2253 (0.2554)	Prec@1 92.969 (91.482)	Prec@5 100.000 (99.886)
Epoch: [150][50/391], lr: 0.01000	Loss 0.1932 (0.2461)	Prec@1 92.969 (91.697)	Prec@5 100.000 (99.877)
Epoch: [150][60/391], lr: 0.01000	Loss 0.2064 (0.2398)	Prec@1 92.188 (91.931)	Prec@5 100.000 (99.898)
Epoch: [150][70/391], lr: 0.01000	Loss 0.2547 (0.2351)	Prec@1 91.406 (92.188)	Prec@5 100.000 (99.901)
Epoch: [150][80/391], lr: 0.01000	Loss 0.2132 (0.2322)	Prec@1 91.406 (92.265)	Prec@5 100.000 (99.913)
Epoch: [150][90/391], lr: 0.01000	Loss 0.2112 (0.2267)	Prec@1 92.188 (92.522)	Prec@5 100.000 (99.914)
Epoch: [150][100/391], lr: 0.01000	Loss 0.2014 (0.2245)	Prec@1 91.406 (92.590)	Prec@5 100.000 (99.899)
Epoch: [150][110/391], lr: 0.01000	Loss 0.2035 (0.2241)	Prec@1 93.750 (92.596)	Prec@5 100.000 (99.909)
Epoch: [150][120/391], lr: 0.01000	Loss 0.2725 (0.2271)	Prec@1 89.844 (92.517)	Prec@5 100.000 (99.916)
Epoch: [150][130/391], lr: 0.01000	Loss 0.2679 (0.2302)	Prec@1 90.625 (92.414)	Prec@5 100.000 (99.922)
Epoch: [150][140/391], lr: 0.01000	Loss 0.1393 (0.2308)	Prec@1 94.531 (92.393)	Prec@5 100.000 (99.917)
Epoch: [150][150/391], lr: 0.01000	Loss 0.2686 (0.2304)	Prec@1 89.062 (92.379)	Prec@5 100.000 (99.917)
Epoch: [150][160/391], lr: 0.01000	Loss 0.2719 (0.2325)	Prec@1 91.406 (92.314)	Prec@5 98.438 (99.898)
Epoch: [150][170/391], lr: 0.01000	Loss 0.2066 (0.2356)	Prec@1 93.750 (92.247)	Prec@5 100.000 (99.890)
Epoch: [150][180/391], lr: 0.01000	Loss 0.2279 (0.2364)	Prec@1 95.312 (92.213)	Prec@5 100.000 (99.888)
Epoch: [150][190/391], lr: 0.01000	Loss 0.1980 (0.2370)	Prec@1 93.750 (92.208)	Prec@5 100.000 (99.885)
Epoch: [150][200/391], lr: 0.01000	Loss 0.2571 (0.2390)	Prec@1 91.406 (92.141)	Prec@5 100.000 (99.880)
Epoch: [150][210/391], lr: 0.01000	Loss 0.4548 (0.2431)	Prec@1 85.938 (92.025)	Prec@5 100.000 (99.878)
Epoch: [150][220/391], lr: 0.01000	Loss 0.4446 (0.2468)	Prec@1 85.938 (91.933)	Prec@5 100.000 (99.862)
Epoch: [150][230/391], lr: 0.01000	Loss 0.2720 (0.2488)	Prec@1 92.188 (91.890)	Prec@5 99.219 (99.861)
Epoch: [150][240/391], lr: 0.01000	Loss 0.2587 (0.2500)	Prec@1 87.500 (91.811)	Prec@5 100.000 (99.861)
Epoch: [150][250/391], lr: 0.01000	Loss 0.3220 (0.2520)	Prec@1 91.406 (91.739)	Prec@5 100.000 (99.860)
Epoch: [150][260/391], lr: 0.01000	Loss 0.3560 (0.2535)	Prec@1 87.500 (91.676)	Prec@5 100.000 (99.856)
Epoch: [150][270/391], lr: 0.01000	Loss 0.2007 (0.2532)	Prec@1 95.312 (91.695)	Prec@5 100.000 (99.856)
Epoch: [150][280/391], lr: 0.01000	Loss 0.3124 (0.2526)	Prec@1 89.844 (91.701)	Prec@5 100.000 (99.861)
Epoch: [150][290/391], lr: 0.01000	Loss 0.2976 (0.2520)	Prec@1 91.406 (91.712)	Prec@5 99.219 (99.863)
Epoch: [150][300/391], lr: 0.01000	Loss 0.1742 (0.2519)	Prec@1 92.969 (91.720)	Prec@5 100.000 (99.862)
Epoch: [150][310/391], lr: 0.01000	Loss 0.1924 (0.2511)	Prec@1 94.531 (91.760)	Prec@5 100.000 (99.864)
Epoch: [150][320/391], lr: 0.01000	Loss 0.2363 (0.2507)	Prec@1 91.406 (91.779)	Prec@5 100.000 (99.866)
Epoch: [150][330/391], lr: 0.01000	Loss 0.2553 (0.2504)	Prec@1 93.750 (91.789)	Prec@5 100.000 (99.870)
Epoch: [150][340/391], lr: 0.01000	Loss 0.2648 (0.2486)	Prec@1 90.625 (91.860)	Prec@5 100.000 (99.872)
Epoch: [150][350/391], lr: 0.01000	Loss 0.1964 (0.2478)	Prec@1 92.969 (91.889)	Prec@5 100.000 (99.871)
Epoch: [150][360/391], lr: 0.01000	Loss 0.2366 (0.2463)	Prec@1 91.406 (91.926)	Prec@5 100.000 (99.872)
Epoch: [150][370/391], lr: 0.01000	Loss 0.2444 (0.2454)	Prec@1 91.406 (91.939)	Prec@5 100.000 (99.876)
Epoch: [150][380/391], lr: 0.01000	Loss 0.2574 (0.2447)	Prec@1 90.625 (91.960)	Prec@5 99.219 (99.875)
Epoch: [150][390/391], lr: 0.01000	Loss 0.1925 (0.2443)	Prec@1 91.250 (91.968)	Prec@5 100.000 (99.876)
Epoch [150] Training Results: Prec@1 91.968 Prec@5 99.876             Loss 0.24426
Epoch [150] Training Class Recall: [0.845,0.889,0.869,0.897,0.922,0.934,0.958,0.951,0.966,0.966]

Epoch: [151][0/391], lr: 0.01000	Loss 0.2051 (0.2051)	Prec@1 92.969 (92.969)	Prec@5 100.000 (100.000)
Epoch: [151][10/391], lr: 0.01000	Loss 0.2318 (0.1973)	Prec@1 92.188 (93.395)	Prec@5 100.000 (99.929)
Epoch: [151][20/391], lr: 0.01000	Loss 0.1276 (0.1895)	Prec@1 95.312 (93.713)	Prec@5 100.000 (99.888)
Epoch: [151][30/391], lr: 0.01000	Loss 0.2352 (0.1973)	Prec@1 93.750 (93.473)	Prec@5 100.000 (99.924)
Epoch: [151][40/391], lr: 0.01000	Loss 0.2313 (0.2019)	Prec@1 92.188 (93.350)	Prec@5 100.000 (99.886)
Epoch: [151][50/391], lr: 0.01000	Loss 0.1244 (0.2029)	Prec@1 95.312 (93.352)	Prec@5 100.000 (99.908)
Epoch: [151][60/391], lr: 0.01000	Loss 0.2731 (0.2102)	Prec@1 89.844 (93.071)	Prec@5 100.000 (99.910)
Epoch: [151][70/391], lr: 0.01000	Loss 0.2055 (0.2104)	Prec@1 92.188 (93.057)	Prec@5 100.000 (99.912)
Epoch: [151][80/391], lr: 0.01000	Loss 0.2270 (0.2169)	Prec@1 94.531 (92.863)	Prec@5 100.000 (99.913)
Epoch: [151][90/391], lr: 0.01000	Loss 0.1476 (0.2182)	Prec@1 96.875 (92.823)	Prec@5 100.000 (99.914)
Epoch: [151][100/391], lr: 0.01000	Loss 0.2109 (0.2217)	Prec@1 92.188 (92.690)	Prec@5 100.000 (99.907)
Epoch: [151][110/391], lr: 0.01000	Loss 0.1618 (0.2217)	Prec@1 92.969 (92.722)	Prec@5 100.000 (99.909)
Epoch: [151][120/391], lr: 0.01000	Loss 0.2459 (0.2223)	Prec@1 91.406 (92.730)	Prec@5 100.000 (99.910)
Epoch: [151][130/391], lr: 0.01000	Loss 0.3680 (0.2260)	Prec@1 90.625 (92.617)	Prec@5 100.000 (99.911)
Epoch: [151][140/391], lr: 0.01000	Loss 0.1558 (0.2260)	Prec@1 95.312 (92.586)	Prec@5 100.000 (99.906)
Epoch: [151][150/391], lr: 0.01000	Loss 0.1752 (0.2259)	Prec@1 93.750 (92.617)	Prec@5 100.000 (99.891)
Epoch: [151][160/391], lr: 0.01000	Loss 0.1413 (0.2249)	Prec@1 96.875 (92.639)	Prec@5 100.000 (99.874)
Epoch: [151][170/391], lr: 0.01000	Loss 0.2341 (0.2256)	Prec@1 92.969 (92.676)	Prec@5 100.000 (99.881)
Epoch: [151][180/391], lr: 0.01000	Loss 0.2863 (0.2258)	Prec@1 89.062 (92.680)	Prec@5 100.000 (99.888)
Epoch: [151][190/391], lr: 0.01000	Loss 0.3330 (0.2285)	Prec@1 90.625 (92.592)	Prec@5 100.000 (99.885)
Epoch: [151][200/391], lr: 0.01000	Loss 0.2058 (0.2291)	Prec@1 91.406 (92.592)	Prec@5 100.000 (99.883)
Epoch: [151][210/391], lr: 0.01000	Loss 0.2249 (0.2327)	Prec@1 94.531 (92.499)	Prec@5 99.219 (99.870)
Epoch: [151][220/391], lr: 0.01000	Loss 0.2800 (0.2332)	Prec@1 92.188 (92.424)	Prec@5 100.000 (99.869)
Epoch: [151][230/391], lr: 0.01000	Loss 0.3312 (0.2349)	Prec@1 89.062 (92.387)	Prec@5 100.000 (99.868)
Epoch: [151][240/391], lr: 0.01000	Loss 0.3264 (0.2369)	Prec@1 90.625 (92.314)	Prec@5 100.000 (99.864)
Epoch: [151][250/391], lr: 0.01000	Loss 0.2725 (0.2370)	Prec@1 87.500 (92.303)	Prec@5 100.000 (99.869)
Epoch: [151][260/391], lr: 0.01000	Loss 0.3913 (0.2397)	Prec@1 90.625 (92.238)	Prec@5 99.219 (99.868)
Epoch: [151][270/391], lr: 0.01000	Loss 0.2015 (0.2403)	Prec@1 92.188 (92.208)	Prec@5 100.000 (99.873)
Epoch: [151][280/391], lr: 0.01000	Loss 0.2179 (0.2433)	Prec@1 91.406 (92.099)	Prec@5 100.000 (99.869)
Epoch: [151][290/391], lr: 0.01000	Loss 0.3512 (0.2460)	Prec@1 87.500 (92.005)	Prec@5 100.000 (99.868)
Epoch: [151][300/391], lr: 0.01000	Loss 0.3089 (0.2487)	Prec@1 87.500 (91.905)	Prec@5 100.000 (99.865)
Epoch: [151][310/391], lr: 0.01000	Loss 0.3253 (0.2499)	Prec@1 87.500 (91.863)	Prec@5 100.000 (99.864)
Epoch: [151][320/391], lr: 0.01000	Loss 0.2435 (0.2516)	Prec@1 91.406 (91.803)	Prec@5 100.000 (99.866)
Epoch: [151][330/391], lr: 0.01000	Loss 0.3309 (0.2536)	Prec@1 85.938 (91.737)	Prec@5 100.000 (99.865)
Epoch: [151][340/391], lr: 0.01000	Loss 0.3563 (0.2544)	Prec@1 87.500 (91.683)	Prec@5 100.000 (99.865)
Epoch: [151][350/391], lr: 0.01000	Loss 0.4053 (0.2556)	Prec@1 89.062 (91.644)	Prec@5 99.219 (99.864)
Epoch: [151][360/391], lr: 0.01000	Loss 0.2052 (0.2554)	Prec@1 94.531 (91.653)	Prec@5 100.000 (99.866)
Epoch: [151][370/391], lr: 0.01000	Loss 0.1517 (0.2550)	Prec@1 95.312 (91.676)	Prec@5 100.000 (99.869)
Epoch: [151][380/391], lr: 0.01000	Loss 0.1342 (0.2538)	Prec@1 95.312 (91.708)	Prec@5 100.000 (99.867)
Epoch: [151][390/391], lr: 0.01000	Loss 0.2275 (0.2535)	Prec@1 93.750 (91.722)	Prec@5 100.000 (99.868)
Epoch [151] Training Results: Prec@1 91.722 Prec@5 99.868             Loss 0.25352
Epoch [151] Training Class Recall: [0.844,0.895,0.868,0.897,0.918,0.932,0.948,0.946,0.959,0.965]

Epoch: [152][0/391], lr: 0.01000	Loss 0.1481 (0.1481)	Prec@1 96.094 (96.094)	Prec@5 100.000 (100.000)
Epoch: [152][10/391], lr: 0.01000	Loss 0.2031 (0.2063)	Prec@1 92.188 (93.608)	Prec@5 100.000 (99.787)
Epoch: [152][20/391], lr: 0.01000	Loss 0.2527 (0.1943)	Prec@1 91.406 (93.824)	Prec@5 100.000 (99.888)
Epoch: [152][30/391], lr: 0.01000	Loss 0.2020 (0.1884)	Prec@1 92.188 (93.800)	Prec@5 100.000 (99.899)
Epoch: [152][40/391], lr: 0.01000	Loss 0.1258 (0.1849)	Prec@1 97.656 (93.883)	Prec@5 100.000 (99.886)
Epoch: [152][50/391], lr: 0.01000	Loss 0.2403 (0.1850)	Prec@1 92.969 (93.888)	Prec@5 100.000 (99.908)
Epoch: [152][60/391], lr: 0.01000	Loss 0.2543 (0.1831)	Prec@1 91.406 (94.032)	Prec@5 100.000 (99.923)
Epoch: [152][70/391], lr: 0.01000	Loss 0.1675 (0.1807)	Prec@1 96.875 (94.091)	Prec@5 100.000 (99.923)
Epoch: [152][80/391], lr: 0.01000	Loss 0.2672 (0.1869)	Prec@1 90.625 (93.904)	Prec@5 100.000 (99.932)
Epoch: [152][90/391], lr: 0.01000	Loss 0.1666 (0.1857)	Prec@1 93.750 (93.836)	Prec@5 100.000 (99.940)
Epoch: [152][100/391], lr: 0.01000	Loss 0.2368 (0.1905)	Prec@1 92.188 (93.611)	Prec@5 100.000 (99.946)
Epoch: [152][110/391], lr: 0.01000	Loss 0.1602 (0.1910)	Prec@1 94.531 (93.588)	Prec@5 100.000 (99.951)
Epoch: [152][120/391], lr: 0.01000	Loss 0.1565 (0.1909)	Prec@1 96.094 (93.627)	Prec@5 99.219 (99.942)
Epoch: [152][130/391], lr: 0.01000	Loss 0.1322 (0.1912)	Prec@1 93.750 (93.547)	Prec@5 100.000 (99.946)
Epoch: [152][140/391], lr: 0.01000	Loss 0.1684 (0.1937)	Prec@1 94.531 (93.429)	Prec@5 100.000 (99.945)
Epoch: [152][150/391], lr: 0.01000	Loss 0.2093 (0.1960)	Prec@1 92.188 (93.336)	Prec@5 100.000 (99.948)
Epoch: [152][160/391], lr: 0.01000	Loss 0.2368 (0.1978)	Prec@1 94.531 (93.338)	Prec@5 99.219 (99.937)
Epoch: [152][170/391], lr: 0.01000	Loss 0.1735 (0.1992)	Prec@1 95.312 (93.330)	Prec@5 100.000 (99.927)
Epoch: [152][180/391], lr: 0.01000	Loss 0.2223 (0.2016)	Prec@1 91.406 (93.254)	Prec@5 100.000 (99.922)
Epoch: [152][190/391], lr: 0.01000	Loss 0.2562 (0.2048)	Prec@1 92.188 (93.161)	Prec@5 100.000 (99.914)
Epoch: [152][200/391], lr: 0.01000	Loss 0.3145 (0.2096)	Prec@1 90.625 (92.980)	Prec@5 100.000 (99.907)
Epoch: [152][210/391], lr: 0.01000	Loss 0.3125 (0.2144)	Prec@1 88.281 (92.810)	Prec@5 100.000 (99.893)
Epoch: [152][220/391], lr: 0.01000	Loss 0.2662 (0.2176)	Prec@1 88.281 (92.668)	Prec@5 100.000 (99.887)
Epoch: [152][230/391], lr: 0.01000	Loss 0.2329 (0.2222)	Prec@1 91.406 (92.499)	Prec@5 100.000 (99.871)
Epoch: [152][240/391], lr: 0.01000	Loss 0.2397 (0.2254)	Prec@1 92.188 (92.398)	Prec@5 100.000 (99.870)
Epoch: [152][250/391], lr: 0.01000	Loss 0.4393 (0.2293)	Prec@1 88.281 (92.293)	Prec@5 100.000 (99.863)
Epoch: [152][260/391], lr: 0.01000	Loss 0.2909 (0.2333)	Prec@1 88.281 (92.149)	Prec@5 100.000 (99.856)
Epoch: [152][270/391], lr: 0.01000	Loss 0.3044 (0.2352)	Prec@1 87.500 (92.089)	Prec@5 100.000 (99.853)
Epoch: [152][280/391], lr: 0.01000	Loss 0.2145 (0.2356)	Prec@1 92.969 (92.082)	Prec@5 100.000 (99.850)
Epoch: [152][290/391], lr: 0.01000	Loss 0.2704 (0.2374)	Prec@1 89.844 (91.986)	Prec@5 100.000 (99.847)
Epoch: [152][300/391], lr: 0.01000	Loss 0.2926 (0.2385)	Prec@1 89.844 (91.982)	Prec@5 100.000 (99.847)
Epoch: [152][310/391], lr: 0.01000	Loss 0.4378 (0.2409)	Prec@1 88.281 (91.921)	Prec@5 100.000 (99.844)
Epoch: [152][320/391], lr: 0.01000	Loss 0.2493 (0.2435)	Prec@1 91.406 (91.818)	Prec@5 100.000 (99.844)
Epoch: [152][330/391], lr: 0.01000	Loss 0.2524 (0.2452)	Prec@1 88.281 (91.741)	Prec@5 100.000 (99.840)
Epoch: [152][340/391], lr: 0.01000	Loss 0.3324 (0.2466)	Prec@1 89.062 (91.686)	Prec@5 100.000 (99.842)
Epoch: [152][350/391], lr: 0.01000	Loss 0.1897 (0.2481)	Prec@1 96.094 (91.647)	Prec@5 100.000 (99.842)
Epoch: [152][360/391], lr: 0.01000	Loss 0.2083 (0.2481)	Prec@1 95.312 (91.666)	Prec@5 100.000 (99.842)
Epoch: [152][370/391], lr: 0.01000	Loss 0.3544 (0.2494)	Prec@1 92.969 (91.629)	Prec@5 99.219 (99.840)
Epoch: [152][380/391], lr: 0.01000	Loss 0.3083 (0.2509)	Prec@1 88.281 (91.583)	Prec@5 100.000 (99.840)
Epoch: [152][390/391], lr: 0.01000	Loss 0.2861 (0.2522)	Prec@1 87.500 (91.534)	Prec@5 100.000 (99.840)
Epoch [152] Training Results: Prec@1 91.534 Prec@5 99.840             Loss 0.25222
Epoch [152] Training Class Recall: [0.838,0.888,0.861,0.897,0.921,0.928,0.951,0.949,0.958,0.963]

Epoch: [153][0/391], lr: 0.01000	Loss 0.2620 (0.2620)	Prec@1 90.625 (90.625)	Prec@5 100.000 (100.000)
Epoch: [153][10/391], lr: 0.01000	Loss 0.2530 (0.2637)	Prec@1 90.625 (90.696)	Prec@5 100.000 (99.858)
Epoch: [153][20/391], lr: 0.01000	Loss 0.2180 (0.2543)	Prec@1 94.531 (91.257)	Prec@5 100.000 (99.926)
Epoch: [153][30/391], lr: 0.01000	Loss 0.2368 (0.2412)	Prec@1 92.188 (91.809)	Prec@5 100.000 (99.950)
Epoch: [153][40/391], lr: 0.01000	Loss 0.1637 (0.2303)	Prec@1 93.750 (92.130)	Prec@5 100.000 (99.943)
Epoch: [153][50/391], lr: 0.01000	Loss 0.2190 (0.2269)	Prec@1 92.969 (92.371)	Prec@5 100.000 (99.939)
Epoch: [153][60/391], lr: 0.01000	Loss 0.1858 (0.2219)	Prec@1 92.188 (92.520)	Prec@5 100.000 (99.936)
Epoch: [153][70/391], lr: 0.01000	Loss 0.2695 (0.2199)	Prec@1 92.969 (92.650)	Prec@5 99.219 (99.934)
Epoch: [153][80/391], lr: 0.01000	Loss 0.2323 (0.2147)	Prec@1 93.750 (92.843)	Prec@5 100.000 (99.932)
Epoch: [153][90/391], lr: 0.01000	Loss 0.1529 (0.2138)	Prec@1 96.875 (92.952)	Prec@5 99.219 (99.931)
Epoch: [153][100/391], lr: 0.01000	Loss 0.2051 (0.2090)	Prec@1 92.969 (93.123)	Prec@5 100.000 (99.938)
Epoch: [153][110/391], lr: 0.01000	Loss 0.1677 (0.2078)	Prec@1 95.312 (93.131)	Prec@5 99.219 (99.930)
Epoch: [153][120/391], lr: 0.01000	Loss 0.3329 (0.2096)	Prec@1 90.625 (93.053)	Prec@5 98.438 (99.916)
Epoch: [153][130/391], lr: 0.01000	Loss 0.1588 (0.2125)	Prec@1 93.750 (92.987)	Prec@5 100.000 (99.911)
Epoch: [153][140/391], lr: 0.01000	Loss 0.1859 (0.2121)	Prec@1 91.406 (93.013)	Prec@5 100.000 (99.906)
Epoch: [153][150/391], lr: 0.01000	Loss 0.2525 (0.2149)	Prec@1 92.969 (92.886)	Prec@5 100.000 (99.891)
Epoch: [153][160/391], lr: 0.01000	Loss 0.2713 (0.2189)	Prec@1 92.969 (92.794)	Prec@5 100.000 (99.874)
Epoch: [153][170/391], lr: 0.01000	Loss 0.2978 (0.2199)	Prec@1 91.406 (92.749)	Prec@5 100.000 (99.868)
Epoch: [153][180/391], lr: 0.01000	Loss 0.3290 (0.2213)	Prec@1 91.406 (92.693)	Prec@5 100.000 (99.875)
Epoch: [153][190/391], lr: 0.01000	Loss 0.2466 (0.2240)	Prec@1 89.844 (92.580)	Prec@5 100.000 (99.861)
Epoch: [153][200/391], lr: 0.01000	Loss 0.2587 (0.2269)	Prec@1 92.188 (92.518)	Prec@5 100.000 (99.868)
Epoch: [153][210/391], lr: 0.01000	Loss 0.2352 (0.2288)	Prec@1 90.625 (92.447)	Prec@5 100.000 (99.867)
Epoch: [153][220/391], lr: 0.01000	Loss 0.3200 (0.2310)	Prec@1 88.281 (92.347)	Prec@5 100.000 (99.873)
Epoch: [153][230/391], lr: 0.01000	Loss 0.2589 (0.2342)	Prec@1 89.062 (92.235)	Prec@5 100.000 (99.871)
Epoch: [153][240/391], lr: 0.01000	Loss 0.2193 (0.2378)	Prec@1 92.969 (92.103)	Prec@5 100.000 (99.874)
Epoch: [153][250/391], lr: 0.01000	Loss 0.3894 (0.2417)	Prec@1 85.156 (91.988)	Prec@5 99.219 (99.866)
Epoch: [153][260/391], lr: 0.01000	Loss 0.2936 (0.2448)	Prec@1 89.062 (91.858)	Prec@5 100.000 (99.868)
Epoch: [153][270/391], lr: 0.01000	Loss 0.3543 (0.2464)	Prec@1 89.844 (91.830)	Prec@5 99.219 (99.865)
Epoch: [153][280/391], lr: 0.01000	Loss 0.2939 (0.2494)	Prec@1 89.844 (91.734)	Prec@5 100.000 (99.864)
Epoch: [153][290/391], lr: 0.01000	Loss 0.3780 (0.2509)	Prec@1 88.281 (91.691)	Prec@5 99.219 (99.855)
Epoch: [153][300/391], lr: 0.01000	Loss 0.2773 (0.2514)	Prec@1 90.625 (91.668)	Prec@5 100.000 (99.860)
Epoch: [153][310/391], lr: 0.01000	Loss 0.2232 (0.2511)	Prec@1 93.750 (91.665)	Prec@5 100.000 (99.864)
Epoch: [153][320/391], lr: 0.01000	Loss 0.3525 (0.2505)	Prec@1 89.844 (91.706)	Prec@5 100.000 (99.866)
Epoch: [153][330/391], lr: 0.01000	Loss 0.2060 (0.2509)	Prec@1 94.531 (91.699)	Prec@5 99.219 (99.863)
Epoch: [153][340/391], lr: 0.01000	Loss 0.1602 (0.2512)	Prec@1 94.531 (91.693)	Prec@5 100.000 (99.863)
Epoch: [153][350/391], lr: 0.01000	Loss 0.3337 (0.2517)	Prec@1 89.844 (91.671)	Prec@5 100.000 (99.864)
Epoch: [153][360/391], lr: 0.01000	Loss 0.3164 (0.2519)	Prec@1 89.062 (91.659)	Prec@5 100.000 (99.864)
Epoch: [153][370/391], lr: 0.01000	Loss 0.2321 (0.2516)	Prec@1 94.531 (91.669)	Prec@5 100.000 (99.865)
Epoch: [153][380/391], lr: 0.01000	Loss 0.2093 (0.2509)	Prec@1 92.188 (91.677)	Prec@5 100.000 (99.867)
Epoch: [153][390/391], lr: 0.01000	Loss 0.1800 (0.2501)	Prec@1 92.500 (91.704)	Prec@5 98.750 (99.868)
Epoch [153] Training Results: Prec@1 91.704 Prec@5 99.868             Loss 0.25008
Epoch [153] Training Class Recall: [0.834,0.891,0.875,0.892,0.922,0.924,0.948,0.956,0.966,0.962]

Epoch: [154][0/391], lr: 0.01000	Loss 0.2195 (0.2195)	Prec@1 93.750 (93.750)	Prec@5 100.000 (100.000)
Epoch: [154][10/391], lr: 0.01000	Loss 0.2702 (0.2385)	Prec@1 94.531 (92.188)	Prec@5 100.000 (100.000)
Epoch: [154][20/391], lr: 0.01000	Loss 0.2634 (0.2239)	Prec@1 90.625 (92.336)	Prec@5 100.000 (100.000)
Epoch: [154][30/391], lr: 0.01000	Loss 0.2405 (0.2272)	Prec@1 94.531 (92.389)	Prec@5 100.000 (99.950)
Epoch: [154][40/391], lr: 0.01000	Loss 0.1238 (0.2227)	Prec@1 96.875 (92.626)	Prec@5 100.000 (99.924)
Epoch: [154][50/391], lr: 0.01000	Loss 0.2201 (0.2213)	Prec@1 94.531 (92.586)	Prec@5 100.000 (99.939)
Epoch: [154][60/391], lr: 0.01000	Loss 0.2265 (0.2228)	Prec@1 90.625 (92.572)	Prec@5 100.000 (99.923)
Epoch: [154][70/391], lr: 0.01000	Loss 0.2982 (0.2287)	Prec@1 91.406 (92.463)	Prec@5 100.000 (99.890)
Epoch: [154][80/391], lr: 0.01000	Loss 0.2519 (0.2300)	Prec@1 92.969 (92.419)	Prec@5 100.000 (99.894)
Epoch: [154][90/391], lr: 0.01000	Loss 0.2078 (0.2281)	Prec@1 91.406 (92.471)	Prec@5 100.000 (99.888)
Epoch: [154][100/391], lr: 0.01000	Loss 0.2480 (0.2290)	Prec@1 90.625 (92.427)	Prec@5 100.000 (99.884)
Epoch: [154][110/391], lr: 0.01000	Loss 0.2031 (0.2300)	Prec@1 91.406 (92.300)	Prec@5 100.000 (99.894)
Epoch: [154][120/391], lr: 0.01000	Loss 0.2638 (0.2321)	Prec@1 89.844 (92.278)	Prec@5 100.000 (99.877)
Epoch: [154][130/391], lr: 0.01000	Loss 0.2563 (0.2335)	Prec@1 92.188 (92.235)	Prec@5 99.219 (99.875)
Epoch: [154][140/391], lr: 0.01000	Loss 0.2084 (0.2326)	Prec@1 95.312 (92.315)	Prec@5 100.000 (99.873)
Epoch: [154][150/391], lr: 0.01000	Loss 0.3956 (0.2349)	Prec@1 85.156 (92.213)	Prec@5 99.219 (99.876)
Epoch: [154][160/391], lr: 0.01000	Loss 0.2356 (0.2381)	Prec@1 90.625 (92.115)	Prec@5 99.219 (99.874)
Epoch: [154][170/391], lr: 0.01000	Loss 0.4141 (0.2407)	Prec@1 86.719 (92.028)	Prec@5 100.000 (99.872)
Epoch: [154][180/391], lr: 0.01000	Loss 0.2547 (0.2425)	Prec@1 88.281 (91.920)	Prec@5 100.000 (99.879)
Epoch: [154][190/391], lr: 0.01000	Loss 0.2560 (0.2432)	Prec@1 90.625 (91.901)	Prec@5 100.000 (99.881)
Epoch: [154][200/391], lr: 0.01000	Loss 0.2642 (0.2457)	Prec@1 92.188 (91.814)	Prec@5 100.000 (99.883)
Epoch: [154][210/391], lr: 0.01000	Loss 0.3332 (0.2477)	Prec@1 87.500 (91.777)	Prec@5 100.000 (99.882)
Epoch: [154][220/391], lr: 0.01000	Loss 0.1756 (0.2487)	Prec@1 93.750 (91.728)	Prec@5 100.000 (99.883)
Epoch: [154][230/391], lr: 0.01000	Loss 0.1913 (0.2497)	Prec@1 92.969 (91.697)	Prec@5 100.000 (99.875)
Epoch: [154][240/391], lr: 0.01000	Loss 0.2096 (0.2483)	Prec@1 93.750 (91.743)	Prec@5 99.219 (99.870)
Epoch: [154][250/391], lr: 0.01000	Loss 0.2986 (0.2492)	Prec@1 89.062 (91.705)	Prec@5 100.000 (99.866)
Epoch: [154][260/391], lr: 0.01000	Loss 0.2543 (0.2495)	Prec@1 88.281 (91.706)	Prec@5 100.000 (99.865)
Epoch: [154][270/391], lr: 0.01000	Loss 0.1839 (0.2495)	Prec@1 94.531 (91.706)	Prec@5 100.000 (99.870)
Epoch: [154][280/391], lr: 0.01000	Loss 0.1923 (0.2493)	Prec@1 93.750 (91.740)	Prec@5 100.000 (99.861)
Epoch: [154][290/391], lr: 0.01000	Loss 0.2858 (0.2499)	Prec@1 91.406 (91.753)	Prec@5 99.219 (99.860)
Epoch: [154][300/391], lr: 0.01000	Loss 0.2881 (0.2499)	Prec@1 92.188 (91.733)	Prec@5 100.000 (99.862)
Epoch: [154][310/391], lr: 0.01000	Loss 0.2016 (0.2489)	Prec@1 96.875 (91.763)	Prec@5 100.000 (99.867)
Epoch: [154][320/391], lr: 0.01000	Loss 0.2572 (0.2489)	Prec@1 90.625 (91.752)	Prec@5 99.219 (99.864)
Epoch: [154][330/391], lr: 0.01000	Loss 0.1983 (0.2477)	Prec@1 94.531 (91.784)	Prec@5 100.000 (99.868)
Epoch: [154][340/391], lr: 0.01000	Loss 0.2594 (0.2465)	Prec@1 92.188 (91.842)	Prec@5 99.219 (99.869)
Epoch: [154][350/391], lr: 0.01000	Loss 0.2160 (0.2461)	Prec@1 92.188 (91.851)	Prec@5 100.000 (99.873)
Epoch: [154][360/391], lr: 0.01000	Loss 0.4059 (0.2470)	Prec@1 90.625 (91.811)	Prec@5 100.000 (99.872)
Epoch: [154][370/391], lr: 0.01000	Loss 0.2286 (0.2472)	Prec@1 93.750 (91.819)	Prec@5 100.000 (99.874)
Epoch: [154][380/391], lr: 0.01000	Loss 0.2593 (0.2473)	Prec@1 87.500 (91.835)	Prec@5 100.000 (99.867)
Epoch: [154][390/391], lr: 0.01000	Loss 0.1840 (0.2478)	Prec@1 92.500 (91.788)	Prec@5 100.000 (99.870)
Epoch [154] Training Results: Prec@1 91.788 Prec@5 99.870             Loss 0.24783
Epoch [154] Training Class Recall: [0.842,0.887,0.870,0.899,0.926,0.932,0.950,0.945,0.967,0.960]

Epoch: [155][0/391], lr: 0.01000	Loss 0.2650 (0.2650)	Prec@1 90.625 (90.625)	Prec@5 99.219 (99.219)
Epoch: [155][10/391], lr: 0.01000	Loss 0.3192 (0.2654)	Prec@1 89.844 (91.264)	Prec@5 100.000 (99.787)
Epoch: [155][20/391], lr: 0.01000	Loss 0.3102 (0.2796)	Prec@1 88.281 (90.662)	Prec@5 99.219 (99.628)
Epoch: [155][30/391], lr: 0.01000	Loss 0.3056 (0.2720)	Prec@1 89.062 (91.079)	Prec@5 100.000 (99.698)
Epoch: [155][40/391], lr: 0.01000	Loss 0.2316 (0.2657)	Prec@1 91.406 (91.235)	Prec@5 100.000 (99.752)
Epoch: [155][50/391], lr: 0.01000	Loss 0.2617 (0.2648)	Prec@1 92.969 (91.176)	Prec@5 100.000 (99.786)
Epoch: [155][60/391], lr: 0.01000	Loss 0.2128 (0.2597)	Prec@1 96.094 (91.304)	Prec@5 100.000 (99.808)
Epoch: [155][70/391], lr: 0.01000	Loss 0.3254 (0.2580)	Prec@1 90.625 (91.351)	Prec@5 99.219 (99.813)
Epoch: [155][80/391], lr: 0.01000	Loss 0.2298 (0.2556)	Prec@1 92.188 (91.493)	Prec@5 100.000 (99.807)
Epoch: [155][90/391], lr: 0.01000	Loss 0.2112 (0.2528)	Prec@1 92.188 (91.629)	Prec@5 100.000 (99.794)
Epoch: [155][100/391], lr: 0.01000	Loss 0.1937 (0.2555)	Prec@1 92.188 (91.429)	Prec@5 100.000 (99.776)
Epoch: [155][110/391], lr: 0.01000	Loss 0.2453 (0.2533)	Prec@1 92.188 (91.519)	Prec@5 99.219 (99.789)
Epoch: [155][120/391], lr: 0.01000	Loss 0.2861 (0.2539)	Prec@1 92.969 (91.568)	Prec@5 100.000 (99.800)
Epoch: [155][130/391], lr: 0.01000	Loss 0.1843 (0.2517)	Prec@1 93.750 (91.716)	Prec@5 100.000 (99.809)
Epoch: [155][140/391], lr: 0.01000	Loss 0.3511 (0.2525)	Prec@1 89.062 (91.739)	Prec@5 100.000 (99.806)
Epoch: [155][150/391], lr: 0.01000	Loss 0.2549 (0.2515)	Prec@1 90.625 (91.815)	Prec@5 100.000 (99.819)
Epoch: [155][160/391], lr: 0.01000	Loss 0.2975 (0.2518)	Prec@1 92.969 (91.828)	Prec@5 100.000 (99.830)
Epoch: [155][170/391], lr: 0.01000	Loss 0.2626 (0.2528)	Prec@1 92.188 (91.767)	Prec@5 100.000 (99.840)
Epoch: [155][180/391], lr: 0.01000	Loss 0.1533 (0.2520)	Prec@1 92.969 (91.803)	Prec@5 100.000 (99.840)
Epoch: [155][190/391], lr: 0.01000	Loss 0.2619 (0.2526)	Prec@1 91.406 (91.803)	Prec@5 100.000 (99.836)
Epoch: [155][200/391], lr: 0.01000	Loss 0.1418 (0.2521)	Prec@1 99.219 (91.822)	Prec@5 100.000 (99.841)
Epoch: [155][210/391], lr: 0.01000	Loss 0.2262 (0.2517)	Prec@1 92.969 (91.843)	Prec@5 100.000 (99.844)
Epoch: [155][220/391], lr: 0.01000	Loss 0.2838 (0.2518)	Prec@1 87.500 (91.834)	Prec@5 100.000 (99.848)
Epoch: [155][230/391], lr: 0.01000	Loss 0.2373 (0.2513)	Prec@1 92.188 (91.856)	Prec@5 100.000 (99.855)
Epoch: [155][240/391], lr: 0.01000	Loss 0.2768 (0.2526)	Prec@1 89.062 (91.828)	Prec@5 100.000 (99.854)
Epoch: [155][250/391], lr: 0.01000	Loss 0.2644 (0.2539)	Prec@1 93.750 (91.780)	Prec@5 100.000 (99.844)
Epoch: [155][260/391], lr: 0.01000	Loss 0.1737 (0.2544)	Prec@1 93.750 (91.765)	Prec@5 100.000 (99.841)
Epoch: [155][270/391], lr: 0.01000	Loss 0.2229 (0.2539)	Prec@1 91.406 (91.793)	Prec@5 100.000 (99.844)
Epoch: [155][280/391], lr: 0.01000	Loss 0.3085 (0.2534)	Prec@1 90.625 (91.784)	Prec@5 100.000 (99.850)
Epoch: [155][290/391], lr: 0.01000	Loss 0.1478 (0.2524)	Prec@1 96.094 (91.798)	Prec@5 100.000 (99.852)
Epoch: [155][300/391], lr: 0.01000	Loss 0.2061 (0.2505)	Prec@1 93.750 (91.855)	Prec@5 100.000 (99.857)
Epoch: [155][310/391], lr: 0.01000	Loss 0.2038 (0.2484)	Prec@1 89.062 (91.916)	Prec@5 100.000 (99.862)
Epoch: [155][320/391], lr: 0.01000	Loss 0.2572 (0.2477)	Prec@1 92.969 (91.954)	Prec@5 100.000 (99.861)
Epoch: [155][330/391], lr: 0.01000	Loss 0.1646 (0.2467)	Prec@1 94.531 (91.982)	Prec@5 100.000 (99.865)
Epoch: [155][340/391], lr: 0.01000	Loss 0.3137 (0.2463)	Prec@1 92.188 (91.990)	Prec@5 99.219 (99.865)
Epoch: [155][350/391], lr: 0.01000	Loss 0.1284 (0.2459)	Prec@1 95.312 (91.998)	Prec@5 100.000 (99.862)
Epoch: [155][360/391], lr: 0.01000	Loss 0.3182 (0.2465)	Prec@1 89.062 (91.986)	Prec@5 100.000 (99.861)
Epoch: [155][370/391], lr: 0.01000	Loss 0.1665 (0.2460)	Prec@1 95.312 (91.998)	Prec@5 100.000 (99.859)
Epoch: [155][380/391], lr: 0.01000	Loss 0.1729 (0.2450)	Prec@1 94.531 (92.042)	Prec@5 100.000 (99.859)
Epoch: [155][390/391], lr: 0.01000	Loss 0.2848 (0.2447)	Prec@1 87.500 (92.026)	Prec@5 100.000 (99.858)
Epoch [155] Training Results: Prec@1 92.026 Prec@5 99.858             Loss 0.24468
Epoch [155] Training Class Recall: [0.844,0.895,0.875,0.901,0.922,0.930,0.956,0.956,0.962,0.962]

Epoch: [156][0/391], lr: 0.01000	Loss 0.3144 (0.3144)	Prec@1 88.281 (88.281)	Prec@5 100.000 (100.000)
Epoch: [156][10/391], lr: 0.01000	Loss 0.1957 (0.2323)	Prec@1 92.188 (91.903)	Prec@5 100.000 (99.858)
Epoch: [156][20/391], lr: 0.01000	Loss 0.1894 (0.2322)	Prec@1 92.969 (92.113)	Prec@5 100.000 (99.851)
Epoch: [156][30/391], lr: 0.01000	Loss 0.2013 (0.2377)	Prec@1 96.094 (92.188)	Prec@5 100.000 (99.874)
Epoch: [156][40/391], lr: 0.01000	Loss 0.2602 (0.2473)	Prec@1 94.531 (92.168)	Prec@5 100.000 (99.848)
Epoch: [156][50/391], lr: 0.01000	Loss 0.2242 (0.2435)	Prec@1 92.188 (92.249)	Prec@5 100.000 (99.862)
Epoch: [156][60/391], lr: 0.01000	Loss 0.2847 (0.2432)	Prec@1 89.844 (92.200)	Prec@5 100.000 (99.859)
Epoch: [156][70/391], lr: 0.01000	Loss 0.2951 (0.2421)	Prec@1 90.625 (92.176)	Prec@5 100.000 (99.868)
Epoch: [156][80/391], lr: 0.01000	Loss 0.2961 (0.2433)	Prec@1 88.281 (92.004)	Prec@5 100.000 (99.884)
Epoch: [156][90/391], lr: 0.01000	Loss 0.2690 (0.2441)	Prec@1 89.844 (91.981)	Prec@5 100.000 (99.880)
Epoch: [156][100/391], lr: 0.01000	Loss 0.2832 (0.2408)	Prec@1 89.844 (92.133)	Prec@5 100.000 (99.876)
Epoch: [156][110/391], lr: 0.01000	Loss 0.3565 (0.2433)	Prec@1 90.625 (92.117)	Prec@5 100.000 (99.887)
Epoch: [156][120/391], lr: 0.01000	Loss 0.1822 (0.2427)	Prec@1 93.750 (92.175)	Prec@5 100.000 (99.890)
Epoch: [156][130/391], lr: 0.01000	Loss 0.2506 (0.2456)	Prec@1 89.844 (92.015)	Prec@5 100.000 (99.893)
Epoch: [156][140/391], lr: 0.01000	Loss 0.2886 (0.2476)	Prec@1 89.844 (91.971)	Prec@5 100.000 (99.895)
Epoch: [156][150/391], lr: 0.01000	Loss 0.3643 (0.2525)	Prec@1 85.938 (91.737)	Prec@5 100.000 (99.881)
Epoch: [156][160/391], lr: 0.01000	Loss 0.3564 (0.2565)	Prec@1 87.500 (91.562)	Prec@5 99.219 (99.859)
Epoch: [156][170/391], lr: 0.01000	Loss 0.3216 (0.2586)	Prec@1 88.281 (91.493)	Prec@5 100.000 (99.854)
Epoch: [156][180/391], lr: 0.01000	Loss 0.2862 (0.2602)	Prec@1 89.062 (91.402)	Prec@5 100.000 (99.862)
Epoch: [156][190/391], lr: 0.01000	Loss 0.1553 (0.2602)	Prec@1 92.969 (91.386)	Prec@5 100.000 (99.853)
Epoch: [156][200/391], lr: 0.01000	Loss 0.2440 (0.2585)	Prec@1 92.188 (91.457)	Prec@5 100.000 (99.856)
Epoch: [156][210/391], lr: 0.01000	Loss 0.2108 (0.2581)	Prec@1 92.188 (91.491)	Prec@5 100.000 (99.852)
Epoch: [156][220/391], lr: 0.01000	Loss 0.2252 (0.2565)	Prec@1 90.625 (91.519)	Prec@5 100.000 (99.855)
Epoch: [156][230/391], lr: 0.01000	Loss 0.2410 (0.2553)	Prec@1 91.406 (91.569)	Prec@5 99.219 (99.855)
Epoch: [156][240/391], lr: 0.01000	Loss 0.3695 (0.2549)	Prec@1 85.938 (91.559)	Prec@5 100.000 (99.854)
Epoch: [156][250/391], lr: 0.01000	Loss 0.1984 (0.2528)	Prec@1 93.750 (91.633)	Prec@5 100.000 (99.851)
Epoch: [156][260/391], lr: 0.01000	Loss 0.3352 (0.2524)	Prec@1 90.625 (91.628)	Prec@5 99.219 (99.847)
Epoch: [156][270/391], lr: 0.01000	Loss 0.1969 (0.2521)	Prec@1 92.188 (91.637)	Prec@5 100.000 (99.850)
Epoch: [156][280/391], lr: 0.01000	Loss 0.2744 (0.2514)	Prec@1 89.062 (91.668)	Prec@5 99.219 (99.853)
Epoch: [156][290/391], lr: 0.01000	Loss 0.2498 (0.2520)	Prec@1 90.625 (91.621)	Prec@5 100.000 (99.855)
Epoch: [156][300/391], lr: 0.01000	Loss 0.1968 (0.2523)	Prec@1 92.188 (91.622)	Prec@5 100.000 (99.849)
Epoch: [156][310/391], lr: 0.01000	Loss 0.2124 (0.2540)	Prec@1 92.969 (91.575)	Prec@5 100.000 (99.854)
Epoch: [156][320/391], lr: 0.01000	Loss 0.2968 (0.2542)	Prec@1 89.844 (91.540)	Prec@5 100.000 (99.856)
Epoch: [156][330/391], lr: 0.01000	Loss 0.1672 (0.2559)	Prec@1 93.750 (91.484)	Prec@5 100.000 (99.854)
Epoch: [156][340/391], lr: 0.01000	Loss 0.2856 (0.2579)	Prec@1 89.844 (91.438)	Prec@5 99.219 (99.842)
Epoch: [156][350/391], lr: 0.01000	Loss 0.2960 (0.2596)	Prec@1 90.625 (91.386)	Prec@5 100.000 (99.840)
Epoch: [156][360/391], lr: 0.01000	Loss 0.3691 (0.2610)	Prec@1 89.062 (91.341)	Prec@5 100.000 (99.836)
Epoch: [156][370/391], lr: 0.01000	Loss 0.3386 (0.2621)	Prec@1 89.062 (91.290)	Prec@5 100.000 (99.836)
Epoch: [156][380/391], lr: 0.01000	Loss 0.2948 (0.2622)	Prec@1 87.500 (91.281)	Prec@5 98.438 (99.832)
Epoch: [156][390/391], lr: 0.01000	Loss 0.1328 (0.2618)	Prec@1 98.750 (91.290)	Prec@5 100.000 (99.832)
Epoch [156] Training Results: Prec@1 91.290 Prec@5 99.832             Loss 0.26183
Epoch [156] Training Class Recall: [0.831,0.889,0.862,0.893,0.919,0.922,0.946,0.945,0.959,0.962]

Epoch: [157][0/391], lr: 0.01000	Loss 0.2717 (0.2717)	Prec@1 89.062 (89.062)	Prec@5 100.000 (100.000)
Epoch: [157][10/391], lr: 0.01000	Loss 0.2750 (0.2449)	Prec@1 91.406 (91.903)	Prec@5 100.000 (99.929)
Epoch: [157][20/391], lr: 0.01000	Loss 0.2651 (0.2301)	Prec@1 92.188 (92.336)	Prec@5 100.000 (99.926)
Epoch: [157][30/391], lr: 0.01000	Loss 0.3321 (0.2269)	Prec@1 88.281 (92.389)	Prec@5 100.000 (99.874)
Epoch: [157][40/391], lr: 0.01000	Loss 0.1807 (0.2286)	Prec@1 94.531 (92.321)	Prec@5 100.000 (99.905)
Epoch: [157][50/391], lr: 0.01000	Loss 0.1594 (0.2271)	Prec@1 95.312 (92.402)	Prec@5 100.000 (99.908)
Epoch: [157][60/391], lr: 0.01000	Loss 0.3418 (0.2273)	Prec@1 86.719 (92.380)	Prec@5 99.219 (99.898)
Epoch: [157][70/391], lr: 0.01000	Loss 0.2275 (0.2272)	Prec@1 93.750 (92.474)	Prec@5 100.000 (99.890)
Epoch: [157][80/391], lr: 0.01000	Loss 0.3298 (0.2280)	Prec@1 89.844 (92.486)	Prec@5 100.000 (99.894)
Epoch: [157][90/391], lr: 0.01000	Loss 0.2120 (0.2274)	Prec@1 92.188 (92.445)	Prec@5 100.000 (99.897)
Epoch: [157][100/391], lr: 0.01000	Loss 0.2933 (0.2280)	Prec@1 88.281 (92.304)	Prec@5 100.000 (99.907)
Epoch: [157][110/391], lr: 0.01000	Loss 0.1989 (0.2258)	Prec@1 92.969 (92.448)	Prec@5 100.000 (99.916)
Epoch: [157][120/391], lr: 0.01000	Loss 0.1650 (0.2283)	Prec@1 93.750 (92.401)	Prec@5 100.000 (99.916)
Epoch: [157][130/391], lr: 0.01000	Loss 0.2325 (0.2288)	Prec@1 94.531 (92.360)	Prec@5 100.000 (99.917)
Epoch: [157][140/391], lr: 0.01000	Loss 0.3424 (0.2350)	Prec@1 89.062 (92.149)	Prec@5 100.000 (99.917)
Epoch: [157][150/391], lr: 0.01000	Loss 0.4633 (0.2382)	Prec@1 83.594 (92.063)	Prec@5 100.000 (99.912)
Epoch: [157][160/391], lr: 0.01000	Loss 0.2970 (0.2420)	Prec@1 92.969 (91.916)	Prec@5 100.000 (99.908)
Epoch: [157][170/391], lr: 0.01000	Loss 0.3526 (0.2457)	Prec@1 90.625 (91.813)	Prec@5 99.219 (99.890)
Epoch: [157][180/391], lr: 0.01000	Loss 0.1782 (0.2479)	Prec@1 96.094 (91.769)	Prec@5 100.000 (99.879)
Epoch: [157][190/391], lr: 0.01000	Loss 0.3140 (0.2512)	Prec@1 90.625 (91.639)	Prec@5 100.000 (99.877)
Epoch: [157][200/391], lr: 0.01000	Loss 0.2823 (0.2515)	Prec@1 92.188 (91.624)	Prec@5 100.000 (99.880)
Epoch: [157][210/391], lr: 0.01000	Loss 0.1372 (0.2511)	Prec@1 94.531 (91.632)	Prec@5 100.000 (99.878)
Epoch: [157][220/391], lr: 0.01000	Loss 0.2098 (0.2494)	Prec@1 91.406 (91.696)	Prec@5 100.000 (99.880)
Epoch: [157][230/391], lr: 0.01000	Loss 0.3538 (0.2494)	Prec@1 89.844 (91.700)	Prec@5 100.000 (99.875)
Epoch: [157][240/391], lr: 0.01000	Loss 0.2739 (0.2492)	Prec@1 90.625 (91.682)	Prec@5 99.219 (99.874)
Epoch: [157][250/391], lr: 0.01000	Loss 0.3009 (0.2490)	Prec@1 89.844 (91.699)	Prec@5 100.000 (99.872)
Epoch: [157][260/391], lr: 0.01000	Loss 0.2056 (0.2486)	Prec@1 92.188 (91.694)	Prec@5 100.000 (99.874)
Epoch: [157][270/391], lr: 0.01000	Loss 0.3395 (0.2504)	Prec@1 89.844 (91.628)	Prec@5 99.219 (99.865)
Epoch: [157][280/391], lr: 0.01000	Loss 0.2063 (0.2499)	Prec@1 92.188 (91.626)	Prec@5 100.000 (99.869)
Epoch: [157][290/391], lr: 0.01000	Loss 0.2102 (0.2496)	Prec@1 92.969 (91.656)	Prec@5 100.000 (99.866)
Epoch: [157][300/391], lr: 0.01000	Loss 0.2041 (0.2500)	Prec@1 93.750 (91.668)	Prec@5 100.000 (99.860)
Epoch: [157][310/391], lr: 0.01000	Loss 0.1531 (0.2493)	Prec@1 95.312 (91.700)	Prec@5 100.000 (99.859)
Epoch: [157][320/391], lr: 0.01000	Loss 0.1959 (0.2505)	Prec@1 92.188 (91.659)	Prec@5 100.000 (99.854)
Epoch: [157][330/391], lr: 0.01000	Loss 0.1972 (0.2510)	Prec@1 92.188 (91.633)	Prec@5 100.000 (99.854)
Epoch: [157][340/391], lr: 0.01000	Loss 0.2916 (0.2513)	Prec@1 85.938 (91.628)	Prec@5 100.000 (99.853)
Epoch: [157][350/391], lr: 0.01000	Loss 0.3064 (0.2511)	Prec@1 89.062 (91.629)	Prec@5 100.000 (99.853)
Epoch: [157][360/391], lr: 0.01000	Loss 0.2319 (0.2513)	Prec@1 93.750 (91.616)	Prec@5 100.000 (99.855)
Epoch: [157][370/391], lr: 0.01000	Loss 0.2032 (0.2509)	Prec@1 92.969 (91.642)	Prec@5 100.000 (99.853)
Epoch: [157][380/391], lr: 0.01000	Loss 0.1838 (0.2506)	Prec@1 94.531 (91.669)	Prec@5 100.000 (99.850)
Epoch: [157][390/391], lr: 0.01000	Loss 0.2353 (0.2499)	Prec@1 91.250 (91.694)	Prec@5 100.000 (99.854)
Epoch [157] Training Results: Prec@1 91.694 Prec@5 99.854             Loss 0.24988
Epoch [157] Training Class Recall: [0.841,0.890,0.859,0.895,0.927,0.932,0.949,0.952,0.962,0.963]

Epoch: [158][0/391], lr: 0.01000	Loss 0.2347 (0.2347)	Prec@1 92.188 (92.188)	Prec@5 100.000 (100.000)
Epoch: [158][10/391], lr: 0.01000	Loss 0.1827 (0.2048)	Prec@1 95.312 (92.969)	Prec@5 100.000 (100.000)
Epoch: [158][20/391], lr: 0.01000	Loss 0.2506 (0.2105)	Prec@1 89.844 (92.597)	Prec@5 100.000 (100.000)
Epoch: [158][30/391], lr: 0.01000	Loss 0.1256 (0.2197)	Prec@1 95.312 (92.465)	Prec@5 100.000 (99.924)
Epoch: [158][40/391], lr: 0.01000	Loss 0.2416 (0.2230)	Prec@1 90.625 (92.454)	Prec@5 100.000 (99.905)
Epoch: [158][50/391], lr: 0.01000	Loss 0.2506 (0.2156)	Prec@1 92.969 (92.678)	Prec@5 100.000 (99.923)
Epoch: [158][60/391], lr: 0.01000	Loss 0.2512 (0.2139)	Prec@1 92.188 (92.828)	Prec@5 99.219 (99.898)
Epoch: [158][70/391], lr: 0.01000	Loss 0.2665 (0.2208)	Prec@1 89.062 (92.672)	Prec@5 100.000 (99.890)
Epoch: [158][80/391], lr: 0.01000	Loss 0.2787 (0.2277)	Prec@1 91.406 (92.390)	Prec@5 99.219 (99.884)
Epoch: [158][90/391], lr: 0.01000	Loss 0.2452 (0.2336)	Prec@1 90.625 (92.110)	Prec@5 100.000 (99.897)
Epoch: [158][100/391], lr: 0.01000	Loss 0.3561 (0.2346)	Prec@1 86.719 (92.071)	Prec@5 100.000 (99.907)
Epoch: [158][110/391], lr: 0.01000	Loss 0.2550 (0.2406)	Prec@1 87.500 (91.807)	Prec@5 100.000 (99.916)
Epoch: [158][120/391], lr: 0.01000	Loss 0.3846 (0.2456)	Prec@1 89.062 (91.658)	Prec@5 99.219 (99.916)
Epoch: [158][130/391], lr: 0.01000	Loss 0.2721 (0.2508)	Prec@1 91.406 (91.531)	Prec@5 100.000 (99.911)
Epoch: [158][140/391], lr: 0.01000	Loss 0.3725 (0.2554)	Prec@1 85.938 (91.345)	Prec@5 99.219 (99.878)
Epoch: [158][150/391], lr: 0.01000	Loss 0.3979 (0.2583)	Prec@1 88.281 (91.287)	Prec@5 99.219 (99.876)
Epoch: [158][160/391], lr: 0.01000	Loss 0.3417 (0.2616)	Prec@1 87.500 (91.188)	Prec@5 100.000 (99.869)
Epoch: [158][170/391], lr: 0.01000	Loss 0.3228 (0.2658)	Prec@1 88.281 (91.077)	Prec@5 100.000 (99.863)
Epoch: [158][180/391], lr: 0.01000	Loss 0.4239 (0.2687)	Prec@1 86.719 (90.940)	Prec@5 100.000 (99.862)
Epoch: [158][190/391], lr: 0.01000	Loss 0.2629 (0.2728)	Prec@1 91.406 (90.842)	Prec@5 100.000 (99.861)
Epoch: [158][200/391], lr: 0.01000	Loss 0.1895 (0.2729)	Prec@1 92.969 (90.788)	Prec@5 100.000 (99.860)
Epoch: [158][210/391], lr: 0.01000	Loss 0.2359 (0.2720)	Prec@1 94.531 (90.843)	Prec@5 100.000 (99.859)
Epoch: [158][220/391], lr: 0.01000	Loss 0.2247 (0.2716)	Prec@1 92.969 (90.834)	Prec@5 99.219 (99.862)
Epoch: [158][230/391], lr: 0.01000	Loss 0.2483 (0.2708)	Prec@1 89.062 (90.848)	Prec@5 100.000 (99.858)
Epoch: [158][240/391], lr: 0.01000	Loss 0.1935 (0.2695)	Prec@1 94.531 (90.897)	Prec@5 100.000 (99.864)
Epoch: [158][250/391], lr: 0.01000	Loss 0.2556 (0.2680)	Prec@1 88.281 (90.930)	Prec@5 99.219 (99.860)
Epoch: [158][260/391], lr: 0.01000	Loss 0.2354 (0.2668)	Prec@1 92.969 (90.984)	Prec@5 100.000 (99.859)
Epoch: [158][270/391], lr: 0.01000	Loss 0.1995 (0.2655)	Prec@1 93.750 (91.046)	Prec@5 100.000 (99.856)
Epoch: [158][280/391], lr: 0.01000	Loss 0.2659 (0.2659)	Prec@1 90.625 (91.023)	Prec@5 99.219 (99.853)
Epoch: [158][290/391], lr: 0.01000	Loss 0.2224 (0.2641)	Prec@1 92.188 (91.081)	Prec@5 99.219 (99.855)
Epoch: [158][300/391], lr: 0.01000	Loss 0.2888 (0.2629)	Prec@1 90.625 (91.136)	Prec@5 99.219 (99.857)
Epoch: [158][310/391], lr: 0.01000	Loss 0.1912 (0.2612)	Prec@1 91.406 (91.198)	Prec@5 100.000 (99.859)
Epoch: [158][320/391], lr: 0.01000	Loss 0.1733 (0.2591)	Prec@1 94.531 (91.292)	Prec@5 100.000 (99.861)
Epoch: [158][330/391], lr: 0.01000	Loss 0.1735 (0.2565)	Prec@1 93.750 (91.373)	Prec@5 100.000 (99.865)
Epoch: [158][340/391], lr: 0.01000	Loss 0.1512 (0.2549)	Prec@1 93.750 (91.429)	Prec@5 100.000 (99.869)
Epoch: [158][350/391], lr: 0.01000	Loss 0.2926 (0.2541)	Prec@1 89.062 (91.471)	Prec@5 99.219 (99.869)
Epoch: [158][360/391], lr: 0.01000	Loss 0.1358 (0.2527)	Prec@1 96.875 (91.532)	Prec@5 100.000 (99.872)
Epoch: [158][370/391], lr: 0.01000	Loss 0.2989 (0.2523)	Prec@1 90.625 (91.545)	Prec@5 100.000 (99.874)
Epoch: [158][380/391], lr: 0.01000	Loss 0.2118 (0.2513)	Prec@1 92.188 (91.581)	Prec@5 100.000 (99.871)
Epoch: [158][390/391], lr: 0.01000	Loss 0.3180 (0.2521)	Prec@1 88.750 (91.560)	Prec@5 100.000 (99.870)
Epoch [158] Training Results: Prec@1 91.560 Prec@5 99.870             Loss 0.25208
Epoch [158] Training Class Recall: [0.836,0.887,0.868,0.897,0.919,0.930,0.948,0.951,0.959,0.961]

Epoch: [159][0/391], lr: 0.01000	Loss 0.3727 (0.3727)	Prec@1 85.938 (85.938)	Prec@5 100.000 (100.000)
Epoch: [159][10/391], lr: 0.01000	Loss 0.2283 (0.2894)	Prec@1 92.969 (90.341)	Prec@5 100.000 (99.787)
Epoch: [159][20/391], lr: 0.01000	Loss 0.3850 (0.2718)	Prec@1 90.625 (90.848)	Prec@5 100.000 (99.888)
Epoch: [159][30/391], lr: 0.01000	Loss 0.1660 (0.2670)	Prec@1 94.531 (91.331)	Prec@5 100.000 (99.849)
Epoch: [159][40/391], lr: 0.01000	Loss 0.2724 (0.2624)	Prec@1 90.625 (91.368)	Prec@5 100.000 (99.867)
Epoch: [159][50/391], lr: 0.01000	Loss 0.2210 (0.2576)	Prec@1 94.531 (91.590)	Prec@5 100.000 (99.893)
Epoch: [159][60/391], lr: 0.01000	Loss 0.3329 (0.2573)	Prec@1 89.062 (91.611)	Prec@5 100.000 (99.885)
Epoch: [159][70/391], lr: 0.01000	Loss 0.1394 (0.2516)	Prec@1 96.875 (91.780)	Prec@5 100.000 (99.901)
Epoch: [159][80/391], lr: 0.01000	Loss 0.1974 (0.2466)	Prec@1 91.406 (91.917)	Prec@5 100.000 (99.894)
Epoch: [159][90/391], lr: 0.01000	Loss 0.1906 (0.2467)	Prec@1 96.094 (91.939)	Prec@5 100.000 (99.897)
Epoch: [159][100/391], lr: 0.01000	Loss 0.2773 (0.2472)	Prec@1 92.188 (91.925)	Prec@5 100.000 (99.876)
Epoch: [159][110/391], lr: 0.01000	Loss 0.2220 (0.2472)	Prec@1 92.188 (91.920)	Prec@5 100.000 (99.880)
Epoch: [159][120/391], lr: 0.01000	Loss 0.2184 (0.2496)	Prec@1 92.188 (91.878)	Prec@5 100.000 (99.884)
Epoch: [159][130/391], lr: 0.01000	Loss 0.1843 (0.2473)	Prec@1 93.750 (91.967)	Prec@5 100.000 (99.887)
Epoch: [159][140/391], lr: 0.01000	Loss 0.1936 (0.2461)	Prec@1 93.750 (92.021)	Prec@5 100.000 (99.884)
Epoch: [159][150/391], lr: 0.01000	Loss 0.2635 (0.2459)	Prec@1 92.969 (91.996)	Prec@5 99.219 (99.881)
Epoch: [159][160/391], lr: 0.01000	Loss 0.2676 (0.2469)	Prec@1 93.750 (92.023)	Prec@5 100.000 (99.879)
Epoch: [159][170/391], lr: 0.01000	Loss 0.2401 (0.2455)	Prec@1 92.188 (92.050)	Prec@5 100.000 (99.886)
Epoch: [159][180/391], lr: 0.01000	Loss 0.3119 (0.2455)	Prec@1 91.406 (92.080)	Prec@5 97.656 (99.862)
Epoch: [159][190/391], lr: 0.01000	Loss 0.2733 (0.2442)	Prec@1 91.406 (92.118)	Prec@5 100.000 (99.861)
Epoch: [159][200/391], lr: 0.01000	Loss 0.1550 (0.2422)	Prec@1 94.531 (92.188)	Prec@5 100.000 (99.868)
Epoch: [159][210/391], lr: 0.01000	Loss 0.2651 (0.2419)	Prec@1 89.844 (92.217)	Prec@5 100.000 (99.863)
Epoch: [159][220/391], lr: 0.01000	Loss 0.2960 (0.2446)	Prec@1 92.188 (92.131)	Prec@5 100.000 (99.866)
Epoch: [159][230/391], lr: 0.01000	Loss 0.3207 (0.2475)	Prec@1 88.281 (92.042)	Prec@5 100.000 (99.865)
Epoch: [159][240/391], lr: 0.01000	Loss 0.3270 (0.2501)	Prec@1 90.625 (91.954)	Prec@5 100.000 (99.870)
Epoch: [159][250/391], lr: 0.01000	Loss 0.2937 (0.2505)	Prec@1 92.188 (91.904)	Prec@5 100.000 (99.869)
Epoch: [159][260/391], lr: 0.01000	Loss 0.2407 (0.2522)	Prec@1 92.188 (91.831)	Prec@5 100.000 (99.874)
Epoch: [159][270/391], lr: 0.01000	Loss 0.2615 (0.2542)	Prec@1 92.969 (91.767)	Prec@5 100.000 (99.873)
Epoch: [159][280/391], lr: 0.01000	Loss 0.2427 (0.2551)	Prec@1 91.406 (91.695)	Prec@5 100.000 (99.875)
Epoch: [159][290/391], lr: 0.01000	Loss 0.4977 (0.2562)	Prec@1 85.156 (91.677)	Prec@5 99.219 (99.877)
Epoch: [159][300/391], lr: 0.01000	Loss 0.2931 (0.2565)	Prec@1 89.062 (91.640)	Prec@5 100.000 (99.875)
Epoch: [159][310/391], lr: 0.01000	Loss 0.1699 (0.2565)	Prec@1 92.188 (91.625)	Prec@5 100.000 (99.879)
Epoch: [159][320/391], lr: 0.01000	Loss 0.2127 (0.2571)	Prec@1 91.406 (91.584)	Prec@5 100.000 (99.881)
Epoch: [159][330/391], lr: 0.01000	Loss 0.2775 (0.2563)	Prec@1 91.406 (91.623)	Prec@5 100.000 (99.882)
Epoch: [159][340/391], lr: 0.01000	Loss 0.2800 (0.2553)	Prec@1 91.406 (91.651)	Prec@5 100.000 (99.881)
Epoch: [159][350/391], lr: 0.01000	Loss 0.2854 (0.2566)	Prec@1 89.062 (91.598)	Prec@5 100.000 (99.875)
Epoch: [159][360/391], lr: 0.01000	Loss 0.2618 (0.2566)	Prec@1 90.625 (91.586)	Prec@5 100.000 (99.879)
Epoch: [159][370/391], lr: 0.01000	Loss 0.2641 (0.2557)	Prec@1 90.625 (91.611)	Prec@5 100.000 (99.882)
Epoch: [159][380/391], lr: 0.01000	Loss 0.2601 (0.2556)	Prec@1 90.625 (91.599)	Prec@5 100.000 (99.879)
Epoch: [159][390/391], lr: 0.01000	Loss 0.2695 (0.2552)	Prec@1 88.750 (91.614)	Prec@5 100.000 (99.878)
Epoch [159] Training Results: Prec@1 91.614 Prec@5 99.878             Loss 0.25524
Epoch [159] Training Class Recall: [0.837,0.889,0.865,0.896,0.922,0.928,0.948,0.949,0.963,0.965]

Epoch: [160][0/391], lr: 0.00010	Loss 0.2802 (0.2802)	Prec@1 90.625 (90.625)	Prec@5 100.000 (100.000)
Epoch: [160][10/391], lr: 0.00010	Loss 0.2015 (0.2007)	Prec@1 91.406 (93.324)	Prec@5 100.000 (100.000)
Epoch: [160][20/391], lr: 0.00010	Loss 0.2325 (0.1983)	Prec@1 90.625 (93.378)	Prec@5 100.000 (99.963)
Epoch: [160][30/391], lr: 0.00010	Loss 0.1630 (0.1917)	Prec@1 93.750 (93.448)	Prec@5 100.000 (99.950)
Epoch: [160][40/391], lr: 0.00010	Loss 0.1823 (0.1954)	Prec@1 93.750 (93.369)	Prec@5 100.000 (99.943)
Epoch: [160][50/391], lr: 0.00010	Loss 0.1643 (0.1931)	Prec@1 95.312 (93.490)	Prec@5 100.000 (99.954)
Epoch: [160][60/391], lr: 0.00010	Loss 0.1815 (0.1934)	Prec@1 95.312 (93.558)	Prec@5 100.000 (99.962)
Epoch: [160][70/391], lr: 0.00010	Loss 0.1664 (0.1902)	Prec@1 94.531 (93.728)	Prec@5 99.219 (99.956)
Epoch: [160][80/391], lr: 0.00010	Loss 0.2303 (0.1874)	Prec@1 93.750 (93.885)	Prec@5 100.000 (99.952)
Epoch: [160][90/391], lr: 0.00010	Loss 0.2038 (0.1872)	Prec@1 93.750 (93.827)	Prec@5 99.219 (99.948)
Epoch: [160][100/391], lr: 0.00010	Loss 0.2527 (0.1874)	Prec@1 92.188 (93.874)	Prec@5 100.000 (99.954)
Epoch: [160][110/391], lr: 0.00010	Loss 0.1218 (0.1867)	Prec@1 95.312 (93.870)	Prec@5 100.000 (99.951)
Epoch: [160][120/391], lr: 0.00010	Loss 0.1532 (0.1831)	Prec@1 96.094 (93.995)	Prec@5 100.000 (99.948)
Epoch: [160][130/391], lr: 0.00010	Loss 0.1455 (0.1829)	Prec@1 94.531 (94.030)	Prec@5 100.000 (99.952)
Epoch: [160][140/391], lr: 0.00010	Loss 0.1699 (0.1815)	Prec@1 92.969 (94.044)	Prec@5 100.000 (99.956)
Epoch: [160][150/391], lr: 0.00010	Loss 0.1858 (0.1806)	Prec@1 93.750 (94.138)	Prec@5 100.000 (99.953)
Epoch: [160][160/391], lr: 0.00010	Loss 0.1406 (0.1787)	Prec@1 95.312 (94.206)	Prec@5 100.000 (99.951)
Epoch: [160][170/391], lr: 0.00010	Loss 0.1694 (0.1777)	Prec@1 96.094 (94.239)	Prec@5 100.000 (99.950)
Epoch: [160][180/391], lr: 0.00010	Loss 0.1388 (0.1765)	Prec@1 94.531 (94.255)	Prec@5 100.000 (99.948)
Epoch: [160][190/391], lr: 0.00010	Loss 0.1713 (0.1746)	Prec@1 96.094 (94.310)	Prec@5 100.000 (99.951)
Epoch: [160][200/391], lr: 0.00010	Loss 0.1979 (0.1730)	Prec@1 95.312 (94.391)	Prec@5 100.000 (99.953)
Epoch: [160][210/391], lr: 0.00010	Loss 0.0918 (0.1715)	Prec@1 97.656 (94.472)	Prec@5 100.000 (99.956)
Epoch: [160][220/391], lr: 0.00010	Loss 0.1644 (0.1693)	Prec@1 93.750 (94.545)	Prec@5 100.000 (99.954)
Epoch: [160][230/391], lr: 0.00010	Loss 0.1263 (0.1682)	Prec@1 95.312 (94.602)	Prec@5 100.000 (99.956)
Epoch: [160][240/391], lr: 0.00010	Loss 0.1130 (0.1665)	Prec@1 96.875 (94.680)	Prec@5 100.000 (99.955)
Epoch: [160][250/391], lr: 0.00010	Loss 0.2068 (0.1657)	Prec@1 92.969 (94.696)	Prec@5 99.219 (99.950)
Epoch: [160][260/391], lr: 0.00010	Loss 0.1057 (0.1649)	Prec@1 96.094 (94.732)	Prec@5 100.000 (99.952)
Epoch: [160][270/391], lr: 0.00010	Loss 0.1247 (0.1643)	Prec@1 96.875 (94.771)	Prec@5 100.000 (99.951)
Epoch: [160][280/391], lr: 0.00010	Loss 0.1592 (0.1632)	Prec@1 94.531 (94.812)	Prec@5 100.000 (99.953)
Epoch: [160][290/391], lr: 0.00010	Loss 0.1014 (0.1615)	Prec@1 96.094 (94.861)	Prec@5 100.000 (99.952)
Epoch: [160][300/391], lr: 0.00010	Loss 0.1235 (0.1603)	Prec@1 93.750 (94.882)	Prec@5 100.000 (99.953)
Epoch: [160][310/391], lr: 0.00010	Loss 0.0811 (0.1594)	Prec@1 96.875 (94.908)	Prec@5 100.000 (99.952)
Epoch: [160][320/391], lr: 0.00010	Loss 0.1442 (0.1584)	Prec@1 95.312 (94.969)	Prec@5 100.000 (99.954)
Epoch: [160][330/391], lr: 0.00010	Loss 0.0960 (0.1572)	Prec@1 97.656 (95.032)	Prec@5 100.000 (99.953)
Epoch: [160][340/391], lr: 0.00010	Loss 0.1088 (0.1561)	Prec@1 96.875 (95.070)	Prec@5 100.000 (99.954)
Epoch: [160][350/391], lr: 0.00010	Loss 0.1208 (0.1556)	Prec@1 96.094 (95.099)	Prec@5 100.000 (99.953)
Epoch: [160][360/391], lr: 0.00010	Loss 0.1335 (0.1545)	Prec@1 95.312 (95.144)	Prec@5 100.000 (99.955)
Epoch: [160][370/391], lr: 0.00010	Loss 0.0732 (0.1535)	Prec@1 97.656 (95.195)	Prec@5 100.000 (99.956)
Epoch: [160][380/391], lr: 0.00010	Loss 0.1857 (0.1530)	Prec@1 93.750 (95.185)	Prec@5 100.000 (99.957)
Epoch: [160][390/391], lr: 0.00010	Loss 0.1421 (0.1522)	Prec@1 96.250 (95.210)	Prec@5 100.000 (99.958)
Epoch [160] Training Results: Prec@1 95.210 Prec@5 99.958             Loss 0.15225
Epoch [160] Training Class Recall: [0.915,0.916,0.916,0.942,0.956,0.965,0.977,0.974,0.975,0.986]

Epoch: [161][0/391], lr: 0.00010	Loss 0.0715 (0.0715)	Prec@1 99.219 (99.219)	Prec@5 100.000 (100.000)
Epoch: [161][10/391], lr: 0.00010	Loss 0.0671 (0.1122)	Prec@1 96.875 (96.591)	Prec@5 100.000 (100.000)
Epoch: [161][20/391], lr: 0.00010	Loss 0.1208 (0.1152)	Prec@1 94.531 (96.726)	Prec@5 100.000 (99.963)
Epoch: [161][30/391], lr: 0.00010	Loss 0.1990 (0.1149)	Prec@1 93.750 (96.724)	Prec@5 100.000 (99.975)
Epoch: [161][40/391], lr: 0.00010	Loss 0.1247 (0.1153)	Prec@1 96.875 (96.646)	Prec@5 100.000 (99.981)
Epoch: [161][50/391], lr: 0.00010	Loss 0.1298 (0.1174)	Prec@1 96.875 (96.507)	Prec@5 100.000 (99.985)
Epoch: [161][60/391], lr: 0.00010	Loss 0.1066 (0.1173)	Prec@1 96.875 (96.529)	Prec@5 100.000 (99.974)
Epoch: [161][70/391], lr: 0.00010	Loss 0.0924 (0.1157)	Prec@1 97.656 (96.523)	Prec@5 100.000 (99.978)
Epoch: [161][80/391], lr: 0.00010	Loss 0.1637 (0.1157)	Prec@1 92.969 (96.460)	Prec@5 100.000 (99.981)
Epoch: [161][90/391], lr: 0.00010	Loss 0.1117 (0.1170)	Prec@1 96.094 (96.386)	Prec@5 100.000 (99.974)
Epoch: [161][100/391], lr: 0.00010	Loss 0.1306 (0.1168)	Prec@1 96.094 (96.403)	Prec@5 100.000 (99.969)
Epoch: [161][110/391], lr: 0.00010	Loss 0.0895 (0.1159)	Prec@1 97.656 (96.460)	Prec@5 100.000 (99.972)
Epoch: [161][120/391], lr: 0.00010	Loss 0.1127 (0.1144)	Prec@1 96.094 (96.526)	Prec@5 100.000 (99.974)
Epoch: [161][130/391], lr: 0.00010	Loss 0.1340 (0.1129)	Prec@1 96.094 (96.565)	Prec@5 100.000 (99.976)
Epoch: [161][140/391], lr: 0.00010	Loss 0.1026 (0.1124)	Prec@1 96.094 (96.576)	Prec@5 100.000 (99.972)
Epoch: [161][150/391], lr: 0.00010	Loss 0.0916 (0.1124)	Prec@1 97.656 (96.580)	Prec@5 100.000 (99.974)
Epoch: [161][160/391], lr: 0.00010	Loss 0.0929 (0.1114)	Prec@1 98.438 (96.613)	Prec@5 100.000 (99.971)
Epoch: [161][170/391], lr: 0.00010	Loss 0.0919 (0.1111)	Prec@1 96.875 (96.615)	Prec@5 100.000 (99.973)
Epoch: [161][180/391], lr: 0.00010	Loss 0.1101 (0.1108)	Prec@1 95.312 (96.625)	Prec@5 100.000 (99.974)
Epoch: [161][190/391], lr: 0.00010	Loss 0.0724 (0.1100)	Prec@1 98.438 (96.650)	Prec@5 100.000 (99.975)
Epoch: [161][200/391], lr: 0.00010	Loss 0.1245 (0.1101)	Prec@1 96.094 (96.634)	Prec@5 99.219 (99.973)
Epoch: [161][210/391], lr: 0.00010	Loss 0.1306 (0.1102)	Prec@1 96.094 (96.642)	Prec@5 100.000 (99.974)
Epoch: [161][220/391], lr: 0.00010	Loss 0.0719 (0.1102)	Prec@1 98.438 (96.652)	Prec@5 100.000 (99.975)
Epoch: [161][230/391], lr: 0.00010	Loss 0.1473 (0.1106)	Prec@1 94.531 (96.655)	Prec@5 100.000 (99.973)
Epoch: [161][240/391], lr: 0.00010	Loss 0.1088 (0.1096)	Prec@1 96.094 (96.697)	Prec@5 100.000 (99.974)
Epoch: [161][250/391], lr: 0.00010	Loss 0.0475 (0.1092)	Prec@1 99.219 (96.719)	Prec@5 100.000 (99.975)
Epoch: [161][260/391], lr: 0.00010	Loss 0.1741 (0.1092)	Prec@1 94.531 (96.710)	Prec@5 100.000 (99.976)
Epoch: [161][270/391], lr: 0.00010	Loss 0.1360 (0.1095)	Prec@1 94.531 (96.693)	Prec@5 100.000 (99.977)
Epoch: [161][280/391], lr: 0.00010	Loss 0.0694 (0.1086)	Prec@1 98.438 (96.725)	Prec@5 100.000 (99.978)
Epoch: [161][290/391], lr: 0.00010	Loss 0.0772 (0.1084)	Prec@1 96.875 (96.733)	Prec@5 100.000 (99.976)
Epoch: [161][300/391], lr: 0.00010	Loss 0.0544 (0.1081)	Prec@1 98.438 (96.735)	Prec@5 100.000 (99.977)
Epoch: [161][310/391], lr: 0.00010	Loss 0.0872 (0.1078)	Prec@1 96.875 (96.749)	Prec@5 100.000 (99.977)
Epoch: [161][320/391], lr: 0.00010	Loss 0.1443 (0.1074)	Prec@1 95.312 (96.756)	Prec@5 100.000 (99.976)
Epoch: [161][330/391], lr: 0.00010	Loss 0.1029 (0.1076)	Prec@1 97.656 (96.759)	Prec@5 100.000 (99.976)
Epoch: [161][340/391], lr: 0.00010	Loss 0.1078 (0.1073)	Prec@1 97.656 (96.786)	Prec@5 100.000 (99.977)
Epoch: [161][350/391], lr: 0.00010	Loss 0.2565 (0.1071)	Prec@1 92.969 (96.813)	Prec@5 100.000 (99.976)
Epoch: [161][360/391], lr: 0.00010	Loss 0.0801 (0.1071)	Prec@1 97.656 (96.812)	Prec@5 100.000 (99.974)
Epoch: [161][370/391], lr: 0.00010	Loss 0.1194 (0.1070)	Prec@1 97.656 (96.816)	Prec@5 100.000 (99.975)
Epoch: [161][380/391], lr: 0.00010	Loss 0.1180 (0.1070)	Prec@1 96.875 (96.809)	Prec@5 100.000 (99.973)
Epoch: [161][390/391], lr: 0.00010	Loss 0.0455 (0.1070)	Prec@1 98.750 (96.814)	Prec@5 100.000 (99.974)
Epoch [161] Training Results: Prec@1 96.814 Prec@5 99.974             Loss 0.10704
Epoch [161] Training Class Recall: [0.924,0.941,0.935,0.961,0.975,0.980,0.988,0.988,0.992,0.996]

Epoch: [162][0/391], lr: 0.00010	Loss 0.0438 (0.0438)	Prec@1 100.000 (100.000)	Prec@5 100.000 (100.000)
Epoch: [162][10/391], lr: 0.00010	Loss 0.1078 (0.0899)	Prec@1 97.656 (97.727)	Prec@5 100.000 (100.000)
Epoch: [162][20/391], lr: 0.00010	Loss 0.1216 (0.0954)	Prec@1 96.094 (97.359)	Prec@5 100.000 (100.000)
Epoch: [162][30/391], lr: 0.00010	Loss 0.1718 (0.0978)	Prec@1 93.750 (97.228)	Prec@5 100.000 (100.000)
Epoch: [162][40/391], lr: 0.00010	Loss 0.1059 (0.0954)	Prec@1 96.875 (97.256)	Prec@5 100.000 (100.000)
Epoch: [162][50/391], lr: 0.00010	Loss 0.1023 (0.0953)	Prec@1 97.656 (97.181)	Prec@5 99.219 (99.969)
Epoch: [162][60/391], lr: 0.00010	Loss 0.0739 (0.0943)	Prec@1 98.438 (97.272)	Prec@5 100.000 (99.974)
Epoch: [162][70/391], lr: 0.00010	Loss 0.1352 (0.0951)	Prec@1 95.312 (97.282)	Prec@5 100.000 (99.978)
Epoch: [162][80/391], lr: 0.00010	Loss 0.1159 (0.0942)	Prec@1 97.656 (97.328)	Prec@5 100.000 (99.981)
Epoch: [162][90/391], lr: 0.00010	Loss 0.0447 (0.0928)	Prec@1 100.000 (97.364)	Prec@5 100.000 (99.983)
Epoch: [162][100/391], lr: 0.00010	Loss 0.0642 (0.0929)	Prec@1 98.438 (97.370)	Prec@5 100.000 (99.985)
Epoch: [162][110/391], lr: 0.00010	Loss 0.2396 (0.0932)	Prec@1 92.188 (97.340)	Prec@5 100.000 (99.979)
Epoch: [162][120/391], lr: 0.00010	Loss 0.0924 (0.0936)	Prec@1 96.875 (97.327)	Prec@5 100.000 (99.981)
Epoch: [162][130/391], lr: 0.00010	Loss 0.1253 (0.0960)	Prec@1 96.094 (97.251)	Prec@5 100.000 (99.982)
Epoch: [162][140/391], lr: 0.00010	Loss 0.0809 (0.0949)	Prec@1 97.656 (97.274)	Prec@5 100.000 (99.983)
Epoch: [162][150/391], lr: 0.00010	Loss 0.1108 (0.0953)	Prec@1 97.656 (97.232)	Prec@5 100.000 (99.984)
Epoch: [162][160/391], lr: 0.00010	Loss 0.0956 (0.0943)	Prec@1 96.875 (97.292)	Prec@5 100.000 (99.985)
Epoch: [162][170/391], lr: 0.00010	Loss 0.0854 (0.0939)	Prec@1 98.438 (97.295)	Prec@5 100.000 (99.982)
Epoch: [162][180/391], lr: 0.00010	Loss 0.1191 (0.0940)	Prec@1 96.875 (97.315)	Prec@5 99.219 (99.978)
Epoch: [162][190/391], lr: 0.00010	Loss 0.1274 (0.0932)	Prec@1 96.094 (97.337)	Prec@5 100.000 (99.980)
Epoch: [162][200/391], lr: 0.00010	Loss 0.1431 (0.0926)	Prec@1 95.312 (97.345)	Prec@5 100.000 (99.981)
Epoch: [162][210/391], lr: 0.00010	Loss 0.0815 (0.0929)	Prec@1 98.438 (97.371)	Prec@5 100.000 (99.981)
Epoch: [162][220/391], lr: 0.00010	Loss 0.1142 (0.0927)	Prec@1 97.656 (97.370)	Prec@5 100.000 (99.982)
Epoch: [162][230/391], lr: 0.00010	Loss 0.1508 (0.0928)	Prec@1 97.656 (97.376)	Prec@5 99.219 (99.980)
Epoch: [162][240/391], lr: 0.00010	Loss 0.1212 (0.0926)	Prec@1 96.094 (97.371)	Prec@5 100.000 (99.981)
Epoch: [162][250/391], lr: 0.00010	Loss 0.0824 (0.0922)	Prec@1 98.438 (97.395)	Prec@5 100.000 (99.981)
Epoch: [162][260/391], lr: 0.00010	Loss 0.0824 (0.0921)	Prec@1 97.656 (97.393)	Prec@5 100.000 (99.982)
Epoch: [162][270/391], lr: 0.00010	Loss 0.0996 (0.0926)	Prec@1 96.094 (97.377)	Prec@5 100.000 (99.980)
Epoch: [162][280/391], lr: 0.00010	Loss 0.0968 (0.0924)	Prec@1 95.312 (97.378)	Prec@5 100.000 (99.981)
Epoch: [162][290/391], lr: 0.00010	Loss 0.1064 (0.0922)	Prec@1 95.312 (97.366)	Prec@5 100.000 (99.981)
Epoch: [162][300/391], lr: 0.00010	Loss 0.0471 (0.0916)	Prec@1 100.000 (97.392)	Prec@5 100.000 (99.982)
Epoch: [162][310/391], lr: 0.00010	Loss 0.0660 (0.0910)	Prec@1 97.656 (97.408)	Prec@5 100.000 (99.982)
Epoch: [162][320/391], lr: 0.00010	Loss 0.0745 (0.0911)	Prec@1 98.438 (97.406)	Prec@5 100.000 (99.983)
Epoch: [162][330/391], lr: 0.00010	Loss 0.0644 (0.0911)	Prec@1 99.219 (97.413)	Prec@5 100.000 (99.983)
Epoch: [162][340/391], lr: 0.00010	Loss 0.0883 (0.0911)	Prec@1 96.875 (97.407)	Prec@5 100.000 (99.984)
Epoch: [162][350/391], lr: 0.00010	Loss 0.0753 (0.0912)	Prec@1 99.219 (97.416)	Prec@5 100.000 (99.984)
Epoch: [162][360/391], lr: 0.00010	Loss 0.0783 (0.0910)	Prec@1 97.656 (97.429)	Prec@5 100.000 (99.985)
Epoch: [162][370/391], lr: 0.00010	Loss 0.1005 (0.0906)	Prec@1 97.656 (97.446)	Prec@5 99.219 (99.983)
Epoch: [162][380/391], lr: 0.00010	Loss 0.1363 (0.0908)	Prec@1 96.875 (97.437)	Prec@5 100.000 (99.984)
Epoch: [162][390/391], lr: 0.00010	Loss 0.1176 (0.0906)	Prec@1 97.500 (97.438)	Prec@5 100.000 (99.984)
Epoch [162] Training Results: Prec@1 97.438 Prec@5 99.984             Loss 0.09057
Epoch [162] Training Class Recall: [0.935,0.950,0.944,0.969,0.981,0.985,0.994,0.994,0.996,0.997]

Epoch: [163][0/391], lr: 0.00010	Loss 0.0450 (0.0450)	Prec@1 98.438 (98.438)	Prec@5 100.000 (100.000)
Epoch: [163][10/391], lr: 0.00010	Loss 0.1014 (0.0864)	Prec@1 95.312 (97.301)	Prec@5 100.000 (100.000)
Epoch: [163][20/391], lr: 0.00010	Loss 0.0905 (0.0846)	Prec@1 98.438 (97.507)	Prec@5 100.000 (100.000)
Epoch: [163][30/391], lr: 0.00010	Loss 0.0780 (0.0825)	Prec@1 98.438 (97.505)	Prec@5 100.000 (99.975)
Epoch: [163][40/391], lr: 0.00010	Loss 0.0961 (0.0802)	Prec@1 97.656 (97.675)	Prec@5 100.000 (99.981)
Epoch: [163][50/391], lr: 0.00010	Loss 0.1017 (0.0812)	Prec@1 97.656 (97.718)	Prec@5 100.000 (99.985)
Epoch: [163][60/391], lr: 0.00010	Loss 0.0677 (0.0807)	Prec@1 98.438 (97.759)	Prec@5 100.000 (99.987)
Epoch: [163][70/391], lr: 0.00010	Loss 0.1003 (0.0804)	Prec@1 96.094 (97.777)	Prec@5 100.000 (99.989)
Epoch: [163][80/391], lr: 0.00010	Loss 0.0952 (0.0809)	Prec@1 96.094 (97.743)	Prec@5 100.000 (99.990)
Epoch: [163][90/391], lr: 0.00010	Loss 0.1303 (0.0803)	Prec@1 96.875 (97.759)	Prec@5 100.000 (99.991)
Epoch: [163][100/391], lr: 0.00010	Loss 0.1069 (0.0795)	Prec@1 96.875 (97.772)	Prec@5 100.000 (99.985)
Epoch: [163][110/391], lr: 0.00010	Loss 0.1033 (0.0811)	Prec@1 96.094 (97.670)	Prec@5 100.000 (99.986)
Epoch: [163][120/391], lr: 0.00010	Loss 0.0535 (0.0812)	Prec@1 98.438 (97.689)	Prec@5 100.000 (99.987)
Epoch: [163][130/391], lr: 0.00010	Loss 0.1446 (0.0813)	Prec@1 94.531 (97.662)	Prec@5 100.000 (99.988)
Epoch: [163][140/391], lr: 0.00010	Loss 0.0961 (0.0814)	Prec@1 96.875 (97.684)	Prec@5 100.000 (99.989)
Epoch: [163][150/391], lr: 0.00010	Loss 0.0575 (0.0813)	Prec@1 99.219 (97.677)	Prec@5 100.000 (99.990)
Epoch: [163][160/391], lr: 0.00010	Loss 0.0767 (0.0810)	Prec@1 98.438 (97.710)	Prec@5 100.000 (99.990)
Epoch: [163][170/391], lr: 0.00010	Loss 0.0460 (0.0807)	Prec@1 99.219 (97.729)	Prec@5 100.000 (99.986)
Epoch: [163][180/391], lr: 0.00010	Loss 0.0906 (0.0807)	Prec@1 96.875 (97.738)	Prec@5 100.000 (99.983)
Epoch: [163][190/391], lr: 0.00010	Loss 0.0667 (0.0807)	Prec@1 98.438 (97.746)	Prec@5 100.000 (99.984)
Epoch: [163][200/391], lr: 0.00010	Loss 0.0596 (0.0809)	Prec@1 98.438 (97.761)	Prec@5 100.000 (99.984)
Epoch: [163][210/391], lr: 0.00010	Loss 0.0726 (0.0809)	Prec@1 97.656 (97.764)	Prec@5 100.000 (99.985)
Epoch: [163][220/391], lr: 0.00010	Loss 0.0915 (0.0812)	Prec@1 98.438 (97.759)	Prec@5 100.000 (99.986)
Epoch: [163][230/391], lr: 0.00010	Loss 0.0733 (0.0812)	Prec@1 97.656 (97.771)	Prec@5 100.000 (99.986)
Epoch: [163][240/391], lr: 0.00010	Loss 0.0536 (0.0818)	Prec@1 97.656 (97.734)	Prec@5 100.000 (99.984)
Epoch: [163][250/391], lr: 0.00010	Loss 0.0513 (0.0816)	Prec@1 99.219 (97.740)	Prec@5 100.000 (99.984)
Epoch: [163][260/391], lr: 0.00010	Loss 0.0869 (0.0810)	Prec@1 97.656 (97.770)	Prec@5 100.000 (99.985)
Epoch: [163][270/391], lr: 0.00010	Loss 0.0521 (0.0810)	Prec@1 99.219 (97.792)	Prec@5 100.000 (99.986)
Epoch: [163][280/391], lr: 0.00010	Loss 0.0413 (0.0806)	Prec@1 99.219 (97.784)	Prec@5 100.000 (99.986)
Epoch: [163][290/391], lr: 0.00010	Loss 0.1192 (0.0807)	Prec@1 96.094 (97.782)	Prec@5 100.000 (99.987)
Epoch: [163][300/391], lr: 0.00010	Loss 0.1240 (0.0809)	Prec@1 98.438 (97.770)	Prec@5 100.000 (99.987)
Epoch: [163][310/391], lr: 0.00010	Loss 0.0605 (0.0810)	Prec@1 98.438 (97.772)	Prec@5 100.000 (99.987)
Epoch: [163][320/391], lr: 0.00010	Loss 0.0534 (0.0808)	Prec@1 98.438 (97.778)	Prec@5 100.000 (99.988)
Epoch: [163][330/391], lr: 0.00010	Loss 0.0635 (0.0811)	Prec@1 98.438 (97.758)	Prec@5 100.000 (99.986)
Epoch: [163][340/391], lr: 0.00010	Loss 0.0729 (0.0817)	Prec@1 97.656 (97.746)	Prec@5 100.000 (99.984)
Epoch: [163][350/391], lr: 0.00010	Loss 0.0509 (0.0820)	Prec@1 99.219 (97.739)	Prec@5 100.000 (99.982)
Epoch: [163][360/391], lr: 0.00010	Loss 0.1737 (0.0821)	Prec@1 98.438 (97.745)	Prec@5 99.219 (99.978)
Epoch: [163][370/391], lr: 0.00010	Loss 0.0415 (0.0819)	Prec@1 99.219 (97.749)	Prec@5 100.000 (99.977)
Epoch: [163][380/391], lr: 0.00010	Loss 0.1038 (0.0818)	Prec@1 96.094 (97.751)	Prec@5 100.000 (99.977)
Epoch: [163][390/391], lr: 0.00010	Loss 0.0621 (0.0813)	Prec@1 97.500 (97.766)	Prec@5 100.000 (99.978)
Epoch [163] Training Results: Prec@1 97.766 Prec@5 99.978             Loss 0.08129
Epoch [163] Training Class Recall: [0.937,0.959,0.950,0.974,0.983,0.990,0.993,0.997,0.998,0.997]

Epoch: [164][0/391], lr: 0.00010	Loss 0.1109 (0.1109)	Prec@1 96.875 (96.875)	Prec@5 100.000 (100.000)
Epoch: [164][10/391], lr: 0.00010	Loss 0.1026 (0.0672)	Prec@1 96.094 (97.940)	Prec@5 100.000 (100.000)
Epoch: [164][20/391], lr: 0.00010	Loss 0.0815 (0.0713)	Prec@1 97.656 (97.805)	Prec@5 100.000 (100.000)
Epoch: [164][30/391], lr: 0.00010	Loss 0.1075 (0.0746)	Prec@1 97.656 (97.732)	Prec@5 100.000 (100.000)
Epoch: [164][40/391], lr: 0.00010	Loss 0.0420 (0.0760)	Prec@1 100.000 (97.771)	Prec@5 100.000 (100.000)
Epoch: [164][50/391], lr: 0.00010	Loss 0.0438 (0.0749)	Prec@1 99.219 (97.871)	Prec@5 100.000 (100.000)
Epoch: [164][60/391], lr: 0.00010	Loss 0.1403 (0.0771)	Prec@1 96.875 (97.823)	Prec@5 100.000 (99.987)
Epoch: [164][70/391], lr: 0.00010	Loss 0.1110 (0.0768)	Prec@1 96.875 (97.799)	Prec@5 100.000 (99.989)
Epoch: [164][80/391], lr: 0.00010	Loss 0.1673 (0.0780)	Prec@1 92.969 (97.724)	Prec@5 100.000 (99.990)
Epoch: [164][90/391], lr: 0.00010	Loss 0.0697 (0.0782)	Prec@1 96.875 (97.699)	Prec@5 100.000 (99.991)
Epoch: [164][100/391], lr: 0.00010	Loss 0.1038 (0.0780)	Prec@1 97.656 (97.718)	Prec@5 100.000 (99.992)
Epoch: [164][110/391], lr: 0.00010	Loss 0.0917 (0.0781)	Prec@1 98.438 (97.762)	Prec@5 100.000 (99.993)
Epoch: [164][120/391], lr: 0.00010	Loss 0.1229 (0.0791)	Prec@1 96.094 (97.772)	Prec@5 100.000 (99.987)
Epoch: [164][130/391], lr: 0.00010	Loss 0.1103 (0.0786)	Prec@1 96.094 (97.781)	Prec@5 100.000 (99.988)
Epoch: [164][140/391], lr: 0.00010	Loss 0.0444 (0.0782)	Prec@1 100.000 (97.822)	Prec@5 100.000 (99.989)
Epoch: [164][150/391], lr: 0.00010	Loss 0.1072 (0.0777)	Prec@1 96.875 (97.853)	Prec@5 100.000 (99.990)
Epoch: [164][160/391], lr: 0.00010	Loss 0.0870 (0.0774)	Prec@1 96.875 (97.850)	Prec@5 100.000 (99.990)
Epoch: [164][170/391], lr: 0.00010	Loss 0.1832 (0.0791)	Prec@1 93.750 (97.793)	Prec@5 100.000 (99.991)
Epoch: [164][180/391], lr: 0.00010	Loss 0.0277 (0.0781)	Prec@1 100.000 (97.842)	Prec@5 100.000 (99.991)
Epoch: [164][190/391], lr: 0.00010	Loss 0.1211 (0.0781)	Prec@1 96.875 (97.865)	Prec@5 100.000 (99.992)
Epoch: [164][200/391], lr: 0.00010	Loss 0.1659 (0.0781)	Prec@1 96.875 (97.870)	Prec@5 100.000 (99.992)
Epoch: [164][210/391], lr: 0.00010	Loss 0.0582 (0.0783)	Prec@1 99.219 (97.856)	Prec@5 100.000 (99.993)
Epoch: [164][220/391], lr: 0.00010	Loss 0.0343 (0.0782)	Prec@1 99.219 (97.851)	Prec@5 100.000 (99.993)
Epoch: [164][230/391], lr: 0.00010	Loss 0.0717 (0.0780)	Prec@1 96.875 (97.863)	Prec@5 100.000 (99.993)
Epoch: [164][240/391], lr: 0.00010	Loss 0.0632 (0.0777)	Prec@1 97.656 (97.873)	Prec@5 100.000 (99.994)
Epoch: [164][250/391], lr: 0.00010	Loss 0.0902 (0.0775)	Prec@1 95.312 (97.874)	Prec@5 100.000 (99.991)
Epoch: [164][260/391], lr: 0.00010	Loss 0.1012 (0.0780)	Prec@1 95.312 (97.863)	Prec@5 100.000 (99.988)
Epoch: [164][270/391], lr: 0.00010	Loss 0.0502 (0.0776)	Prec@1 99.219 (97.887)	Prec@5 100.000 (99.988)
Epoch: [164][280/391], lr: 0.00010	Loss 0.0752 (0.0774)	Prec@1 97.656 (97.893)	Prec@5 100.000 (99.989)
Epoch: [164][290/391], lr: 0.00010	Loss 0.0364 (0.0766)	Prec@1 99.219 (97.930)	Prec@5 100.000 (99.989)
Epoch: [164][300/391], lr: 0.00010	Loss 0.0404 (0.0769)	Prec@1 99.219 (97.931)	Prec@5 100.000 (99.984)
Epoch: [164][310/391], lr: 0.00010	Loss 0.0472 (0.0766)	Prec@1 100.000 (97.945)	Prec@5 100.000 (99.985)
Epoch: [164][320/391], lr: 0.00010	Loss 0.0631 (0.0764)	Prec@1 98.438 (97.953)	Prec@5 100.000 (99.985)
Epoch: [164][330/391], lr: 0.00010	Loss 0.0883 (0.0762)	Prec@1 96.875 (97.956)	Prec@5 100.000 (99.986)
Epoch: [164][340/391], lr: 0.00010	Loss 0.0966 (0.0759)	Prec@1 97.656 (97.970)	Prec@5 100.000 (99.986)
Epoch: [164][350/391], lr: 0.00010	Loss 0.0830 (0.0757)	Prec@1 96.094 (97.966)	Prec@5 100.000 (99.987)
Epoch: [164][360/391], lr: 0.00010	Loss 0.0392 (0.0755)	Prec@1 100.000 (97.957)	Prec@5 100.000 (99.987)
Epoch: [164][370/391], lr: 0.00010	Loss 0.0460 (0.0756)	Prec@1 98.438 (97.947)	Prec@5 100.000 (99.987)
Epoch: [164][380/391], lr: 0.00010	Loss 0.0938 (0.0758)	Prec@1 98.438 (97.947)	Prec@5 100.000 (99.986)
Epoch: [164][390/391], lr: 0.00010	Loss 0.0845 (0.0755)	Prec@1 97.500 (97.950)	Prec@5 100.000 (99.986)
Epoch [164] Training Results: Prec@1 97.950 Prec@5 99.986             Loss 0.07554
Epoch [164] Training Class Recall: [0.940,0.958,0.955,0.976,0.988,0.989,0.995,0.996,0.998,0.999]

Epoch: [165][0/391], lr: 0.00010	Loss 0.1338 (0.1338)	Prec@1 95.312 (95.312)	Prec@5 100.000 (100.000)
Epoch: [165][10/391], lr: 0.00010	Loss 0.0778 (0.0987)	Prec@1 99.219 (97.372)	Prec@5 100.000 (99.929)
Epoch: [165][20/391], lr: 0.00010	Loss 0.0495 (0.0922)	Prec@1 98.438 (97.470)	Prec@5 100.000 (99.926)
Epoch: [165][30/391], lr: 0.00010	Loss 0.0858 (0.0839)	Prec@1 97.656 (97.707)	Prec@5 100.000 (99.950)
Epoch: [165][40/391], lr: 0.00010	Loss 0.0359 (0.0794)	Prec@1 100.000 (97.866)	Prec@5 100.000 (99.962)
Epoch: [165][50/391], lr: 0.00010	Loss 0.1201 (0.0783)	Prec@1 98.438 (97.963)	Prec@5 100.000 (99.969)
Epoch: [165][60/391], lr: 0.00010	Loss 0.0941 (0.0775)	Prec@1 96.094 (97.861)	Prec@5 100.000 (99.974)
Epoch: [165][70/391], lr: 0.00010	Loss 0.0473 (0.0746)	Prec@1 99.219 (97.964)	Prec@5 100.000 (99.978)
Epoch: [165][80/391], lr: 0.00010	Loss 0.0911 (0.0749)	Prec@1 97.656 (97.965)	Prec@5 100.000 (99.981)
Epoch: [165][90/391], lr: 0.00010	Loss 0.0851 (0.0747)	Prec@1 97.656 (98.017)	Prec@5 100.000 (99.983)
Epoch: [165][100/391], lr: 0.00010	Loss 0.1080 (0.0748)	Prec@1 96.875 (97.966)	Prec@5 100.000 (99.985)
Epoch: [165][110/391], lr: 0.00010	Loss 0.0748 (0.0740)	Prec@1 97.656 (97.952)	Prec@5 100.000 (99.986)
Epoch: [165][120/391], lr: 0.00010	Loss 0.0856 (0.0722)	Prec@1 97.656 (98.024)	Prec@5 100.000 (99.987)
Epoch: [165][130/391], lr: 0.00010	Loss 0.0602 (0.0719)	Prec@1 98.438 (98.050)	Prec@5 100.000 (99.988)
Epoch: [165][140/391], lr: 0.00010	Loss 0.0373 (0.0710)	Prec@1 100.000 (98.088)	Prec@5 100.000 (99.989)
Epoch: [165][150/391], lr: 0.00010	Loss 0.0616 (0.0703)	Prec@1 99.219 (98.117)	Prec@5 100.000 (99.990)
Epoch: [165][160/391], lr: 0.00010	Loss 0.0426 (0.0695)	Prec@1 99.219 (98.137)	Prec@5 100.000 (99.990)
Epoch: [165][170/391], lr: 0.00010	Loss 0.0460 (0.0698)	Prec@1 99.219 (98.122)	Prec@5 100.000 (99.991)
Epoch: [165][180/391], lr: 0.00010	Loss 0.0570 (0.0698)	Prec@1 98.438 (98.092)	Prec@5 100.000 (99.987)
Epoch: [165][190/391], lr: 0.00010	Loss 0.0503 (0.0698)	Prec@1 99.219 (98.082)	Prec@5 100.000 (99.984)
Epoch: [165][200/391], lr: 0.00010	Loss 0.0656 (0.0699)	Prec@1 98.438 (98.095)	Prec@5 100.000 (99.981)
Epoch: [165][210/391], lr: 0.00010	Loss 0.0742 (0.0700)	Prec@1 97.656 (98.097)	Prec@5 100.000 (99.981)
Epoch: [165][220/391], lr: 0.00010	Loss 0.1212 (0.0714)	Prec@1 95.312 (98.045)	Prec@5 100.000 (99.982)
Epoch: [165][230/391], lr: 0.00010	Loss 0.0612 (0.0714)	Prec@1 99.219 (98.055)	Prec@5 99.219 (99.976)
Epoch: [165][240/391], lr: 0.00010	Loss 0.0580 (0.0715)	Prec@1 99.219 (98.052)	Prec@5 100.000 (99.977)
Epoch: [165][250/391], lr: 0.00010	Loss 0.1050 (0.0718)	Prec@1 96.875 (98.027)	Prec@5 100.000 (99.978)
Epoch: [165][260/391], lr: 0.00010	Loss 0.0932 (0.0720)	Prec@1 96.094 (98.015)	Prec@5 100.000 (99.976)
Epoch: [165][270/391], lr: 0.00010	Loss 0.0423 (0.0718)	Prec@1 99.219 (98.025)	Prec@5 100.000 (99.977)
Epoch: [165][280/391], lr: 0.00010	Loss 0.0615 (0.0723)	Prec@1 98.438 (98.007)	Prec@5 100.000 (99.978)
Epoch: [165][290/391], lr: 0.00010	Loss 0.0502 (0.0722)	Prec@1 100.000 (98.013)	Prec@5 100.000 (99.979)
Epoch: [165][300/391], lr: 0.00010	Loss 0.0622 (0.0723)	Prec@1 98.438 (98.001)	Prec@5 100.000 (99.979)
Epoch: [165][310/391], lr: 0.00010	Loss 0.0510 (0.0718)	Prec@1 98.438 (98.023)	Prec@5 100.000 (99.980)
Epoch: [165][320/391], lr: 0.00010	Loss 0.0524 (0.0717)	Prec@1 99.219 (98.043)	Prec@5 100.000 (99.981)
Epoch: [165][330/391], lr: 0.00010	Loss 0.0489 (0.0713)	Prec@1 98.438 (98.050)	Prec@5 100.000 (99.981)
Epoch: [165][340/391], lr: 0.00010	Loss 0.0695 (0.0713)	Prec@1 98.438 (98.048)	Prec@5 100.000 (99.982)
Epoch: [165][350/391], lr: 0.00010	Loss 0.0233 (0.0711)	Prec@1 100.000 (98.046)	Prec@5 100.000 (99.982)
Epoch: [165][360/391], lr: 0.00010	Loss 0.0841 (0.0709)	Prec@1 96.875 (98.048)	Prec@5 100.000 (99.983)
Epoch: [165][370/391], lr: 0.00010	Loss 0.1420 (0.0709)	Prec@1 95.312 (98.046)	Prec@5 100.000 (99.983)
Epoch: [165][380/391], lr: 0.00010	Loss 0.0785 (0.0707)	Prec@1 96.875 (98.056)	Prec@5 100.000 (99.984)
Epoch: [165][390/391], lr: 0.00010	Loss 0.1417 (0.0708)	Prec@1 97.500 (98.050)	Prec@5 100.000 (99.984)
Epoch [165] Training Results: Prec@1 98.050 Prec@5 99.984             Loss 0.07082
Epoch [165] Training Class Recall: [0.943,0.958,0.957,0.979,0.986,0.991,0.998,0.997,0.998,0.998]

Epoch: [166][0/391], lr: 0.00010	Loss 0.0606 (0.0606)	Prec@1 98.438 (98.438)	Prec@5 100.000 (100.000)
Epoch: [166][10/391], lr: 0.00010	Loss 0.0389 (0.0594)	Prec@1 100.000 (98.864)	Prec@5 100.000 (100.000)
Epoch: [166][20/391], lr: 0.00010	Loss 0.1269 (0.0676)	Prec@1 97.656 (98.475)	Prec@5 100.000 (100.000)
Epoch: [166][30/391], lr: 0.00010	Loss 0.1424 (0.0689)	Prec@1 96.875 (98.337)	Prec@5 100.000 (100.000)
Epoch: [166][40/391], lr: 0.00010	Loss 0.0521 (0.0676)	Prec@1 98.438 (98.342)	Prec@5 100.000 (100.000)
Epoch: [166][50/391], lr: 0.00010	Loss 0.0862 (0.0668)	Prec@1 97.656 (98.376)	Prec@5 100.000 (100.000)
Epoch: [166][60/391], lr: 0.00010	Loss 0.0652 (0.0676)	Prec@1 98.438 (98.335)	Prec@5 100.000 (100.000)
Epoch: [166][70/391], lr: 0.00010	Loss 0.0646 (0.0667)	Prec@1 96.875 (98.349)	Prec@5 100.000 (99.989)
Epoch: [166][80/391], lr: 0.00010	Loss 0.0254 (0.0667)	Prec@1 100.000 (98.274)	Prec@5 100.000 (99.990)
Epoch: [166][90/391], lr: 0.00010	Loss 0.1017 (0.0661)	Prec@1 97.656 (98.292)	Prec@5 100.000 (99.991)
Epoch: [166][100/391], lr: 0.00010	Loss 0.0580 (0.0666)	Prec@1 98.438 (98.291)	Prec@5 100.000 (99.992)
Epoch: [166][110/391], lr: 0.00010	Loss 0.0936 (0.0666)	Prec@1 96.875 (98.283)	Prec@5 99.219 (99.986)
Epoch: [166][120/391], lr: 0.00010	Loss 0.0922 (0.0677)	Prec@1 97.656 (98.212)	Prec@5 100.000 (99.987)
Epoch: [166][130/391], lr: 0.00010	Loss 0.0709 (0.0677)	Prec@1 96.875 (98.181)	Prec@5 100.000 (99.988)
Epoch: [166][140/391], lr: 0.00010	Loss 0.0608 (0.0676)	Prec@1 97.656 (98.172)	Prec@5 100.000 (99.989)
Epoch: [166][150/391], lr: 0.00010	Loss 0.0366 (0.0666)	Prec@1 99.219 (98.220)	Prec@5 100.000 (99.990)
Epoch: [166][160/391], lr: 0.00010	Loss 0.0716 (0.0668)	Prec@1 98.438 (98.229)	Prec@5 100.000 (99.990)
Epoch: [166][170/391], lr: 0.00010	Loss 0.0363 (0.0664)	Prec@1 99.219 (98.241)	Prec@5 100.000 (99.991)
Epoch: [166][180/391], lr: 0.00010	Loss 0.1056 (0.0656)	Prec@1 97.656 (98.286)	Prec@5 100.000 (99.991)
Epoch: [166][190/391], lr: 0.00010	Loss 0.0616 (0.0658)	Prec@1 98.438 (98.262)	Prec@5 100.000 (99.992)
Epoch: [166][200/391], lr: 0.00010	Loss 0.1092 (0.0665)	Prec@1 98.438 (98.247)	Prec@5 100.000 (99.992)
Epoch: [166][210/391], lr: 0.00010	Loss 0.0816 (0.0665)	Prec@1 96.875 (98.238)	Prec@5 100.000 (99.989)
Epoch: [166][220/391], lr: 0.00010	Loss 0.0613 (0.0667)	Prec@1 97.656 (98.240)	Prec@5 100.000 (99.989)
Epoch: [166][230/391], lr: 0.00010	Loss 0.1021 (0.0668)	Prec@1 96.875 (98.228)	Prec@5 100.000 (99.990)
Epoch: [166][240/391], lr: 0.00010	Loss 0.0469 (0.0661)	Prec@1 99.219 (98.243)	Prec@5 100.000 (99.990)
Epoch: [166][250/391], lr: 0.00010	Loss 0.0396 (0.0660)	Prec@1 99.219 (98.245)	Prec@5 100.000 (99.991)
Epoch: [166][260/391], lr: 0.00010	Loss 0.1127 (0.0665)	Prec@1 96.875 (98.219)	Prec@5 100.000 (99.991)
Epoch: [166][270/391], lr: 0.00010	Loss 0.0586 (0.0667)	Prec@1 99.219 (98.210)	Prec@5 100.000 (99.991)
Epoch: [166][280/391], lr: 0.00010	Loss 0.0810 (0.0675)	Prec@1 98.438 (98.182)	Prec@5 100.000 (99.992)
Epoch: [166][290/391], lr: 0.00010	Loss 0.0436 (0.0675)	Prec@1 100.000 (98.191)	Prec@5 100.000 (99.992)
Epoch: [166][300/391], lr: 0.00010	Loss 0.0463 (0.0673)	Prec@1 98.438 (98.194)	Prec@5 100.000 (99.990)
Epoch: [166][310/391], lr: 0.00010	Loss 0.0449 (0.0672)	Prec@1 99.219 (98.201)	Prec@5 100.000 (99.990)
Epoch: [166][320/391], lr: 0.00010	Loss 0.0857 (0.0672)	Prec@1 97.656 (98.199)	Prec@5 100.000 (99.988)
Epoch: [166][330/391], lr: 0.00010	Loss 0.0497 (0.0674)	Prec@1 98.438 (98.192)	Prec@5 100.000 (99.988)
Epoch: [166][340/391], lr: 0.00010	Loss 0.1190 (0.0676)	Prec@1 93.750 (98.169)	Prec@5 100.000 (99.989)
Epoch: [166][350/391], lr: 0.00010	Loss 0.0450 (0.0686)	Prec@1 98.438 (98.153)	Prec@5 100.000 (99.987)
Epoch: [166][360/391], lr: 0.00010	Loss 0.0620 (0.0683)	Prec@1 98.438 (98.158)	Prec@5 100.000 (99.987)
Epoch: [166][370/391], lr: 0.00010	Loss 0.0249 (0.0683)	Prec@1 99.219 (98.155)	Prec@5 100.000 (99.987)
Epoch: [166][380/391], lr: 0.00010	Loss 0.0946 (0.0682)	Prec@1 96.875 (98.165)	Prec@5 100.000 (99.988)
Epoch: [166][390/391], lr: 0.00010	Loss 0.1275 (0.0680)	Prec@1 96.250 (98.174)	Prec@5 100.000 (99.988)
Epoch [166] Training Results: Prec@1 98.174 Prec@5 99.988             Loss 0.06801
Epoch [166] Training Class Recall: [0.943,0.962,0.958,0.980,0.989,0.993,0.998,0.998,0.998,0.998]

Epoch: [167][0/391], lr: 0.00010	Loss 0.0911 (0.0911)	Prec@1 96.875 (96.875)	Prec@5 100.000 (100.000)
Epoch: [167][10/391], lr: 0.00010	Loss 0.0712 (0.0686)	Prec@1 97.656 (97.585)	Prec@5 100.000 (100.000)
Epoch: [167][20/391], lr: 0.00010	Loss 0.0878 (0.0683)	Prec@1 98.438 (98.028)	Prec@5 100.000 (100.000)
Epoch: [167][30/391], lr: 0.00010	Loss 0.0917 (0.0692)	Prec@1 98.438 (98.085)	Prec@5 100.000 (100.000)
Epoch: [167][40/391], lr: 0.00010	Loss 0.0313 (0.0673)	Prec@1 99.219 (98.152)	Prec@5 100.000 (100.000)
Epoch: [167][50/391], lr: 0.00010	Loss 0.0900 (0.0659)	Prec@1 96.875 (98.192)	Prec@5 100.000 (100.000)
Epoch: [167][60/391], lr: 0.00010	Loss 0.0574 (0.0657)	Prec@1 98.438 (98.245)	Prec@5 100.000 (99.974)
Epoch: [167][70/391], lr: 0.00010	Loss 0.0453 (0.0652)	Prec@1 99.219 (98.228)	Prec@5 100.000 (99.978)
Epoch: [167][80/391], lr: 0.00010	Loss 0.0965 (0.0684)	Prec@1 96.875 (98.167)	Prec@5 100.000 (99.971)
Epoch: [167][90/391], lr: 0.00010	Loss 0.0710 (0.0679)	Prec@1 98.438 (98.231)	Prec@5 100.000 (99.957)
Epoch: [167][100/391], lr: 0.00010	Loss 0.0715 (0.0674)	Prec@1 96.875 (98.213)	Prec@5 100.000 (99.961)
Epoch: [167][110/391], lr: 0.00010	Loss 0.0655 (0.0672)	Prec@1 96.875 (98.212)	Prec@5 100.000 (99.965)
Epoch: [167][120/391], lr: 0.00010	Loss 0.0370 (0.0661)	Prec@1 100.000 (98.250)	Prec@5 100.000 (99.968)
Epoch: [167][130/391], lr: 0.00010	Loss 0.0366 (0.0665)	Prec@1 98.438 (98.271)	Prec@5 100.000 (99.964)
Epoch: [167][140/391], lr: 0.00010	Loss 0.0508 (0.0667)	Prec@1 98.438 (98.249)	Prec@5 100.000 (99.967)
Epoch: [167][150/391], lr: 0.00010	Loss 0.0901 (0.0673)	Prec@1 97.656 (98.225)	Prec@5 100.000 (99.969)
Epoch: [167][160/391], lr: 0.00010	Loss 0.0731 (0.0673)	Prec@1 98.438 (98.219)	Prec@5 100.000 (99.971)
Epoch: [167][170/391], lr: 0.00010	Loss 0.0475 (0.0661)	Prec@1 99.219 (98.246)	Prec@5 100.000 (99.973)
Epoch: [167][180/391], lr: 0.00010	Loss 0.0639 (0.0663)	Prec@1 99.219 (98.235)	Prec@5 100.000 (99.974)
Epoch: [167][190/391], lr: 0.00010	Loss 0.0421 (0.0660)	Prec@1 99.219 (98.241)	Prec@5 100.000 (99.971)
Epoch: [167][200/391], lr: 0.00010	Loss 0.0421 (0.0665)	Prec@1 99.219 (98.243)	Prec@5 100.000 (99.973)
Epoch: [167][210/391], lr: 0.00010	Loss 0.0390 (0.0659)	Prec@1 100.000 (98.275)	Prec@5 100.000 (99.974)
Epoch: [167][220/391], lr: 0.00010	Loss 0.0687 (0.0667)	Prec@1 97.656 (98.268)	Prec@5 100.000 (99.975)
Epoch: [167][230/391], lr: 0.00010	Loss 0.0392 (0.0662)	Prec@1 99.219 (98.282)	Prec@5 100.000 (99.976)
Epoch: [167][240/391], lr: 0.00010	Loss 0.0526 (0.0661)	Prec@1 98.438 (98.282)	Prec@5 100.000 (99.977)
Epoch: [167][250/391], lr: 0.00010	Loss 0.0823 (0.0661)	Prec@1 99.219 (98.279)	Prec@5 100.000 (99.975)
Epoch: [167][260/391], lr: 0.00010	Loss 0.0597 (0.0658)	Prec@1 100.000 (98.288)	Prec@5 100.000 (99.976)
Epoch: [167][270/391], lr: 0.00010	Loss 0.0849 (0.0655)	Prec@1 96.875 (98.302)	Prec@5 100.000 (99.977)
Epoch: [167][280/391], lr: 0.00010	Loss 0.0287 (0.0653)	Prec@1 100.000 (98.312)	Prec@5 100.000 (99.978)
Epoch: [167][290/391], lr: 0.00010	Loss 0.0397 (0.0652)	Prec@1 99.219 (98.301)	Prec@5 100.000 (99.976)
Epoch: [167][300/391], lr: 0.00010	Loss 0.0314 (0.0654)	Prec@1 100.000 (98.303)	Prec@5 100.000 (99.974)
Epoch: [167][310/391], lr: 0.00010	Loss 0.0494 (0.0654)	Prec@1 99.219 (98.302)	Prec@5 100.000 (99.975)
Epoch: [167][320/391], lr: 0.00010	Loss 0.0449 (0.0651)	Prec@1 98.438 (98.306)	Prec@5 100.000 (99.976)
Epoch: [167][330/391], lr: 0.00010	Loss 0.0920 (0.0645)	Prec@1 97.656 (98.324)	Prec@5 100.000 (99.976)
Epoch: [167][340/391], lr: 0.00010	Loss 0.0651 (0.0643)	Prec@1 97.656 (98.321)	Prec@5 100.000 (99.977)
Epoch: [167][350/391], lr: 0.00010	Loss 0.0506 (0.0641)	Prec@1 99.219 (98.328)	Prec@5 100.000 (99.978)
Epoch: [167][360/391], lr: 0.00010	Loss 0.0291 (0.0639)	Prec@1 99.219 (98.331)	Prec@5 100.000 (99.976)
Epoch: [167][370/391], lr: 0.00010	Loss 0.0661 (0.0636)	Prec@1 98.438 (98.339)	Prec@5 100.000 (99.977)
Epoch: [167][380/391], lr: 0.00010	Loss 0.0591 (0.0636)	Prec@1 98.438 (98.343)	Prec@5 100.000 (99.977)
Epoch: [167][390/391], lr: 0.00010	Loss 0.1397 (0.0637)	Prec@1 96.250 (98.346)	Prec@5 100.000 (99.978)
Epoch [167] Training Results: Prec@1 98.346 Prec@5 99.978             Loss 0.06374
Epoch [167] Training Class Recall: [0.950,0.963,0.966,0.982,0.988,0.993,0.997,0.997,0.999,0.999]

Epoch: [168][0/391], lr: 0.00010	Loss 0.0646 (0.0646)	Prec@1 97.656 (97.656)	Prec@5 100.000 (100.000)
Epoch: [168][10/391], lr: 0.00010	Loss 0.0286 (0.0614)	Prec@1 100.000 (98.509)	Prec@5 100.000 (100.000)
Epoch: [168][20/391], lr: 0.00010	Loss 0.0652 (0.0556)	Prec@1 97.656 (98.735)	Prec@5 100.000 (100.000)
Epoch: [168][30/391], lr: 0.00010	Loss 0.0266 (0.0536)	Prec@1 99.219 (98.765)	Prec@5 100.000 (99.975)
Epoch: [168][40/391], lr: 0.00010	Loss 0.0607 (0.0529)	Prec@1 99.219 (98.800)	Prec@5 100.000 (99.981)
Epoch: [168][50/391], lr: 0.00010	Loss 0.0393 (0.0506)	Prec@1 100.000 (98.836)	Prec@5 100.000 (99.985)
Epoch: [168][60/391], lr: 0.00010	Loss 0.0721 (0.0551)	Prec@1 96.875 (98.706)	Prec@5 100.000 (99.987)
Epoch: [168][70/391], lr: 0.00010	Loss 0.0897 (0.0553)	Prec@1 96.094 (98.658)	Prec@5 100.000 (99.989)
Epoch: [168][80/391], lr: 0.00010	Loss 0.0397 (0.0562)	Prec@1 99.219 (98.621)	Prec@5 100.000 (99.990)
Epoch: [168][90/391], lr: 0.00010	Loss 0.0641 (0.0569)	Prec@1 96.875 (98.609)	Prec@5 100.000 (99.991)
Epoch: [168][100/391], lr: 0.00010	Loss 0.0240 (0.0563)	Prec@1 100.000 (98.623)	Prec@5 100.000 (99.992)
Epoch: [168][110/391], lr: 0.00010	Loss 0.0268 (0.0559)	Prec@1 100.000 (98.635)	Prec@5 100.000 (99.993)
Epoch: [168][120/391], lr: 0.00010	Loss 0.0308 (0.0561)	Prec@1 100.000 (98.612)	Prec@5 100.000 (99.994)
Epoch: [168][130/391], lr: 0.00010	Loss 0.0516 (0.0559)	Prec@1 98.438 (98.622)	Prec@5 100.000 (99.994)
Epoch: [168][140/391], lr: 0.00010	Loss 0.0421 (0.0565)	Prec@1 99.219 (98.615)	Prec@5 100.000 (99.989)
Epoch: [168][150/391], lr: 0.00010	Loss 0.0283 (0.0566)	Prec@1 100.000 (98.624)	Prec@5 100.000 (99.990)
Epoch: [168][160/391], lr: 0.00010	Loss 0.0612 (0.0578)	Prec@1 98.438 (98.598)	Prec@5 100.000 (99.985)
Epoch: [168][170/391], lr: 0.00010	Loss 0.0561 (0.0580)	Prec@1 98.438 (98.584)	Prec@5 100.000 (99.986)
Epoch: [168][180/391], lr: 0.00010	Loss 0.0376 (0.0583)	Prec@1 98.438 (98.571)	Prec@5 100.000 (99.983)
Epoch: [168][190/391], lr: 0.00010	Loss 0.0651 (0.0583)	Prec@1 98.438 (98.572)	Prec@5 100.000 (99.980)
Epoch: [168][200/391], lr: 0.00010	Loss 0.0356 (0.0579)	Prec@1 99.219 (98.597)	Prec@5 100.000 (99.981)
Epoch: [168][210/391], lr: 0.00010	Loss 0.0376 (0.0579)	Prec@1 100.000 (98.589)	Prec@5 100.000 (99.981)
Epoch: [168][220/391], lr: 0.00010	Loss 0.0508 (0.0579)	Prec@1 97.656 (98.593)	Prec@5 100.000 (99.982)
Epoch: [168][230/391], lr: 0.00010	Loss 0.1112 (0.0587)	Prec@1 97.656 (98.563)	Prec@5 99.219 (99.976)
Epoch: [168][240/391], lr: 0.00010	Loss 0.0571 (0.0590)	Prec@1 97.656 (98.554)	Prec@5 100.000 (99.977)
Epoch: [168][250/391], lr: 0.00010	Loss 0.0265 (0.0586)	Prec@1 100.000 (98.562)	Prec@5 100.000 (99.978)
Epoch: [168][260/391], lr: 0.00010	Loss 0.0358 (0.0584)	Prec@1 98.438 (98.569)	Prec@5 100.000 (99.979)
Epoch: [168][270/391], lr: 0.00010	Loss 0.0666 (0.0585)	Prec@1 97.656 (98.561)	Prec@5 100.000 (99.980)
Epoch: [168][280/391], lr: 0.00010	Loss 0.0555 (0.0585)	Prec@1 99.219 (98.565)	Prec@5 100.000 (99.981)
Epoch: [168][290/391], lr: 0.00010	Loss 0.0921 (0.0590)	Prec@1 96.875 (98.545)	Prec@5 100.000 (99.981)
Epoch: [168][300/391], lr: 0.00010	Loss 0.0496 (0.0589)	Prec@1 100.000 (98.547)	Prec@5 100.000 (99.982)
Epoch: [168][310/391], lr: 0.00010	Loss 0.0530 (0.0587)	Prec@1 99.219 (98.546)	Prec@5 100.000 (99.982)
Epoch: [168][320/391], lr: 0.00010	Loss 0.0556 (0.0591)	Prec@1 96.875 (98.523)	Prec@5 100.000 (99.983)
Epoch: [168][330/391], lr: 0.00010	Loss 0.0553 (0.0594)	Prec@1 98.438 (98.511)	Prec@5 100.000 (99.983)
Epoch: [168][340/391], lr: 0.00010	Loss 0.0422 (0.0595)	Prec@1 98.438 (98.490)	Prec@5 100.000 (99.984)
Epoch: [168][350/391], lr: 0.00010	Loss 0.0782 (0.0599)	Prec@1 97.656 (98.482)	Prec@5 100.000 (99.982)
Epoch: [168][360/391], lr: 0.00010	Loss 0.0424 (0.0597)	Prec@1 98.438 (98.479)	Prec@5 100.000 (99.983)
Epoch: [168][370/391], lr: 0.00010	Loss 0.0536 (0.0599)	Prec@1 99.219 (98.475)	Prec@5 100.000 (99.983)
Epoch: [168][380/391], lr: 0.00010	Loss 0.0260 (0.0595)	Prec@1 100.000 (98.485)	Prec@5 100.000 (99.984)
Epoch: [168][390/391], lr: 0.00010	Loss 0.0558 (0.0597)	Prec@1 98.750 (98.470)	Prec@5 100.000 (99.984)
Epoch [168] Training Results: Prec@1 98.470 Prec@5 99.984             Loss 0.05965
Epoch [168] Training Class Recall: [0.952,0.969,0.961,0.985,0.991,0.997,0.997,0.999,0.998,0.999]

Epoch: [169][0/391], lr: 0.00010	Loss 0.0569 (0.0569)	Prec@1 97.656 (97.656)	Prec@5 100.000 (100.000)
Epoch: [169][10/391], lr: 0.00010	Loss 0.0253 (0.0654)	Prec@1 99.219 (97.940)	Prec@5 100.000 (100.000)
Epoch: [169][20/391], lr: 0.00010	Loss 0.0525 (0.0646)	Prec@1 98.438 (98.065)	Prec@5 100.000 (100.000)
Epoch: [169][30/391], lr: 0.00010	Loss 0.1165 (0.0623)	Prec@1 95.312 (98.110)	Prec@5 100.000 (99.975)
Epoch: [169][40/391], lr: 0.00010	Loss 0.0604 (0.0620)	Prec@1 97.656 (98.171)	Prec@5 100.000 (99.962)
Epoch: [169][50/391], lr: 0.00010	Loss 0.0267 (0.0614)	Prec@1 100.000 (98.300)	Prec@5 100.000 (99.969)
Epoch: [169][60/391], lr: 0.00010	Loss 0.0543 (0.0595)	Prec@1 98.438 (98.386)	Prec@5 100.000 (99.974)
Epoch: [169][70/391], lr: 0.00010	Loss 0.0703 (0.0592)	Prec@1 98.438 (98.382)	Prec@5 100.000 (99.978)
Epoch: [169][80/391], lr: 0.00010	Loss 0.0722 (0.0582)	Prec@1 97.656 (98.447)	Prec@5 100.000 (99.981)
Epoch: [169][90/391], lr: 0.00010	Loss 0.0661 (0.0580)	Prec@1 99.219 (98.455)	Prec@5 100.000 (99.983)
Epoch: [169][100/391], lr: 0.00010	Loss 0.0507 (0.0587)	Prec@1 98.438 (98.422)	Prec@5 100.000 (99.985)
Epoch: [169][110/391], lr: 0.00010	Loss 0.0307 (0.0588)	Prec@1 99.219 (98.423)	Prec@5 100.000 (99.979)
Epoch: [169][120/391], lr: 0.00010	Loss 0.0503 (0.0588)	Prec@1 98.438 (98.431)	Prec@5 100.000 (99.974)
Epoch: [169][130/391], lr: 0.00010	Loss 0.0879 (0.0596)	Prec@1 97.656 (98.390)	Prec@5 100.000 (99.976)
Epoch: [169][140/391], lr: 0.00010	Loss 0.0471 (0.0595)	Prec@1 98.438 (98.399)	Prec@5 100.000 (99.978)
Epoch: [169][150/391], lr: 0.00010	Loss 0.0923 (0.0591)	Prec@1 96.094 (98.412)	Prec@5 100.000 (99.974)
Epoch: [169][160/391], lr: 0.00010	Loss 0.0576 (0.0586)	Prec@1 98.438 (98.438)	Prec@5 100.000 (99.976)
Epoch: [169][170/391], lr: 0.00010	Loss 0.0489 (0.0588)	Prec@1 98.438 (98.419)	Prec@5 100.000 (99.977)
Epoch: [169][180/391], lr: 0.00010	Loss 0.0469 (0.0583)	Prec@1 99.219 (98.442)	Prec@5 100.000 (99.978)
Epoch: [169][190/391], lr: 0.00010	Loss 0.0470 (0.0577)	Prec@1 99.219 (98.462)	Prec@5 100.000 (99.980)
Epoch: [169][200/391], lr: 0.00010	Loss 0.0177 (0.0580)	Prec@1 100.000 (98.453)	Prec@5 100.000 (99.981)
Epoch: [169][210/391], lr: 0.00010	Loss 0.0321 (0.0579)	Prec@1 98.438 (98.441)	Prec@5 100.000 (99.981)
Epoch: [169][220/391], lr: 0.00010	Loss 0.0336 (0.0580)	Prec@1 99.219 (98.445)	Prec@5 100.000 (99.982)
Epoch: [169][230/391], lr: 0.00010	Loss 0.0542 (0.0575)	Prec@1 98.438 (98.465)	Prec@5 100.000 (99.983)
Epoch: [169][240/391], lr: 0.00010	Loss 0.1435 (0.0576)	Prec@1 96.875 (98.463)	Prec@5 99.219 (99.981)
Epoch: [169][250/391], lr: 0.00010	Loss 0.0821 (0.0576)	Prec@1 97.656 (98.475)	Prec@5 100.000 (99.981)
Epoch: [169][260/391], lr: 0.00010	Loss 0.0618 (0.0578)	Prec@1 97.656 (98.455)	Prec@5 100.000 (99.982)
Epoch: [169][270/391], lr: 0.00010	Loss 0.0583 (0.0578)	Prec@1 98.438 (98.455)	Prec@5 100.000 (99.983)
Epoch: [169][280/391], lr: 0.00010	Loss 0.0921 (0.0579)	Prec@1 96.875 (98.451)	Prec@5 100.000 (99.981)
Epoch: [169][290/391], lr: 0.00010	Loss 0.0499 (0.0582)	Prec@1 99.219 (98.454)	Prec@5 100.000 (99.981)
Epoch: [169][300/391], lr: 0.00010	Loss 0.1096 (0.0585)	Prec@1 96.875 (98.448)	Prec@5 100.000 (99.982)
Epoch: [169][310/391], lr: 0.00010	Loss 0.0565 (0.0586)	Prec@1 97.656 (98.438)	Prec@5 100.000 (99.982)
Epoch: [169][320/391], lr: 0.00010	Loss 0.0343 (0.0582)	Prec@1 100.000 (98.452)	Prec@5 100.000 (99.983)
Epoch: [169][330/391], lr: 0.00010	Loss 0.0407 (0.0584)	Prec@1 98.438 (98.440)	Prec@5 100.000 (99.983)
Epoch: [169][340/391], lr: 0.00010	Loss 0.0621 (0.0584)	Prec@1 98.438 (98.451)	Prec@5 100.000 (99.982)
Epoch: [169][350/391], lr: 0.00010	Loss 0.0663 (0.0586)	Prec@1 98.438 (98.438)	Prec@5 100.000 (99.982)
Epoch: [169][360/391], lr: 0.00010	Loss 0.0397 (0.0580)	Prec@1 98.438 (98.457)	Prec@5 100.000 (99.983)
Epoch: [169][370/391], lr: 0.00010	Loss 0.0344 (0.0581)	Prec@1 99.219 (98.448)	Prec@5 100.000 (99.983)
Epoch: [169][380/391], lr: 0.00010	Loss 0.0232 (0.0583)	Prec@1 100.000 (98.444)	Prec@5 100.000 (99.982)
Epoch: [169][390/391], lr: 0.00010	Loss 0.0469 (0.0579)	Prec@1 100.000 (98.458)	Prec@5 100.000 (99.982)
Epoch [169] Training Results: Prec@1 98.458 Prec@5 99.982             Loss 0.05789
Epoch [169] Training Class Recall: [0.953,0.964,0.966,0.983,0.992,0.994,0.998,0.997,0.999,1.000]

Epoch: [170][0/391], lr: 0.00010	Loss 0.0405 (0.0405)	Prec@1 98.438 (98.438)	Prec@5 100.000 (100.000)
Epoch: [170][10/391], lr: 0.00010	Loss 0.0600 (0.0583)	Prec@1 98.438 (98.366)	Prec@5 100.000 (99.929)
Epoch: [170][20/391], lr: 0.00010	Loss 0.0886 (0.0599)	Prec@1 96.094 (98.214)	Prec@5 100.000 (99.963)
Epoch: [170][30/391], lr: 0.00010	Loss 0.0476 (0.0580)	Prec@1 99.219 (98.463)	Prec@5 100.000 (99.975)
Epoch: [170][40/391], lr: 0.00010	Loss 0.0414 (0.0560)	Prec@1 98.438 (98.571)	Prec@5 100.000 (99.962)
Epoch: [170][50/391], lr: 0.00010	Loss 0.0540 (0.0535)	Prec@1 98.438 (98.652)	Prec@5 100.000 (99.969)
Epoch: [170][60/391], lr: 0.00010	Loss 0.0279 (0.0555)	Prec@1 100.000 (98.553)	Prec@5 100.000 (99.974)
Epoch: [170][70/391], lr: 0.00010	Loss 0.0449 (0.0551)	Prec@1 99.219 (98.625)	Prec@5 100.000 (99.967)
Epoch: [170][80/391], lr: 0.00010	Loss 0.0605 (0.0549)	Prec@1 99.219 (98.611)	Prec@5 100.000 (99.971)
Epoch: [170][90/391], lr: 0.00010	Loss 0.0576 (0.0544)	Prec@1 98.438 (98.618)	Prec@5 100.000 (99.974)
Epoch: [170][100/391], lr: 0.00010	Loss 0.0507 (0.0554)	Prec@1 99.219 (98.592)	Prec@5 100.000 (99.977)
Epoch: [170][110/391], lr: 0.00010	Loss 0.0403 (0.0553)	Prec@1 99.219 (98.592)	Prec@5 100.000 (99.979)
Epoch: [170][120/391], lr: 0.00010	Loss 0.0588 (0.0552)	Prec@1 97.656 (98.605)	Prec@5 100.000 (99.981)
Epoch: [170][130/391], lr: 0.00010	Loss 0.0487 (0.0567)	Prec@1 99.219 (98.551)	Prec@5 100.000 (99.976)
Epoch: [170][140/391], lr: 0.00010	Loss 0.0309 (0.0562)	Prec@1 100.000 (98.582)	Prec@5 100.000 (99.978)
Epoch: [170][150/391], lr: 0.00010	Loss 0.0295 (0.0554)	Prec@1 100.000 (98.603)	Prec@5 100.000 (99.979)
Epoch: [170][160/391], lr: 0.00010	Loss 0.1061 (0.0556)	Prec@1 97.656 (98.588)	Prec@5 99.219 (99.971)
Epoch: [170][170/391], lr: 0.00010	Loss 0.0452 (0.0554)	Prec@1 99.219 (98.588)	Prec@5 100.000 (99.973)
Epoch: [170][180/391], lr: 0.00010	Loss 0.0357 (0.0557)	Prec@1 100.000 (98.563)	Prec@5 100.000 (99.974)
Epoch: [170][190/391], lr: 0.00010	Loss 0.0406 (0.0555)	Prec@1 98.438 (98.568)	Prec@5 100.000 (99.975)
Epoch: [170][200/391], lr: 0.00010	Loss 0.0734 (0.0554)	Prec@1 98.438 (98.597)	Prec@5 100.000 (99.977)
Epoch: [170][210/391], lr: 0.00010	Loss 0.0339 (0.0551)	Prec@1 99.219 (98.630)	Prec@5 100.000 (99.974)
Epoch: [170][220/391], lr: 0.00010	Loss 0.0365 (0.0553)	Prec@1 100.000 (98.611)	Prec@5 100.000 (99.975)
Epoch: [170][230/391], lr: 0.00010	Loss 0.0878 (0.0554)	Prec@1 97.656 (98.610)	Prec@5 100.000 (99.976)
Epoch: [170][240/391], lr: 0.00010	Loss 0.0842 (0.0549)	Prec@1 98.438 (98.619)	Prec@5 100.000 (99.977)
Epoch: [170][250/391], lr: 0.00010	Loss 0.1016 (0.0553)	Prec@1 96.094 (98.612)	Prec@5 100.000 (99.978)
Epoch: [170][260/391], lr: 0.00010	Loss 0.0255 (0.0555)	Prec@1 99.219 (98.596)	Prec@5 100.000 (99.979)
Epoch: [170][270/391], lr: 0.00010	Loss 0.0788 (0.0557)	Prec@1 98.438 (98.585)	Prec@5 100.000 (99.980)
Epoch: [170][280/391], lr: 0.00010	Loss 0.0927 (0.0559)	Prec@1 96.875 (98.571)	Prec@5 100.000 (99.978)
Epoch: [170][290/391], lr: 0.00010	Loss 0.0607 (0.0555)	Prec@1 98.438 (98.580)	Prec@5 100.000 (99.979)
Epoch: [170][300/391], lr: 0.00010	Loss 0.0664 (0.0554)	Prec@1 99.219 (98.585)	Prec@5 100.000 (99.979)
Epoch: [170][310/391], lr: 0.00010	Loss 0.0329 (0.0557)	Prec@1 99.219 (98.586)	Prec@5 100.000 (99.980)
Epoch: [170][320/391], lr: 0.00010	Loss 0.0412 (0.0558)	Prec@1 99.219 (98.581)	Prec@5 100.000 (99.981)
Epoch: [170][330/391], lr: 0.00010	Loss 0.0222 (0.0557)	Prec@1 100.000 (98.586)	Prec@5 100.000 (99.981)
Epoch: [170][340/391], lr: 0.00010	Loss 0.0786 (0.0558)	Prec@1 98.438 (98.580)	Prec@5 100.000 (99.982)
Epoch: [170][350/391], lr: 0.00010	Loss 0.0251 (0.0558)	Prec@1 100.000 (98.573)	Prec@5 100.000 (99.982)
Epoch: [170][360/391], lr: 0.00010	Loss 0.0684 (0.0558)	Prec@1 99.219 (98.576)	Prec@5 100.000 (99.983)
Epoch: [170][370/391], lr: 0.00010	Loss 0.0378 (0.0559)	Prec@1 99.219 (98.572)	Prec@5 100.000 (99.983)
Epoch: [170][380/391], lr: 0.00010	Loss 0.0998 (0.0558)	Prec@1 97.656 (98.579)	Prec@5 100.000 (99.984)
Epoch: [170][390/391], lr: 0.00010	Loss 0.0269 (0.0556)	Prec@1 100.000 (98.584)	Prec@5 100.000 (99.984)
Epoch [170] Training Results: Prec@1 98.584 Prec@5 99.984             Loss 0.05560
Epoch [170] Training Class Recall: [0.952,0.966,0.969,0.986,0.993,0.994,0.999,1.000,0.999,1.000]

Epoch: [171][0/391], lr: 0.00010	Loss 0.0285 (0.0285)	Prec@1 100.000 (100.000)	Prec@5 100.000 (100.000)
Epoch: [171][10/391], lr: 0.00010	Loss 0.0417 (0.0450)	Prec@1 99.219 (98.793)	Prec@5 100.000 (100.000)
Epoch: [171][20/391], lr: 0.00010	Loss 0.1043 (0.0523)	Prec@1 96.875 (98.624)	Prec@5 100.000 (100.000)
Epoch: [171][30/391], lr: 0.00010	Loss 0.1198 (0.0561)	Prec@1 96.875 (98.513)	Prec@5 100.000 (100.000)
Epoch: [171][40/391], lr: 0.00010	Loss 0.0254 (0.0538)	Prec@1 100.000 (98.666)	Prec@5 100.000 (100.000)
Epoch: [171][50/391], lr: 0.00010	Loss 0.0325 (0.0521)	Prec@1 99.219 (98.683)	Prec@5 100.000 (100.000)
Epoch: [171][60/391], lr: 0.00010	Loss 0.0806 (0.0507)	Prec@1 99.219 (98.758)	Prec@5 100.000 (100.000)
Epoch: [171][70/391], lr: 0.00010	Loss 0.0438 (0.0514)	Prec@1 99.219 (98.757)	Prec@5 100.000 (100.000)
Epoch: [171][80/391], lr: 0.00010	Loss 0.0620 (0.0511)	Prec@1 96.875 (98.727)	Prec@5 100.000 (100.000)
Epoch: [171][90/391], lr: 0.00010	Loss 0.0314 (0.0514)	Prec@1 100.000 (98.695)	Prec@5 100.000 (100.000)
Epoch: [171][100/391], lr: 0.00010	Loss 0.0786 (0.0521)	Prec@1 97.656 (98.693)	Prec@5 99.219 (99.992)
Epoch: [171][110/391], lr: 0.00010	Loss 0.0295 (0.0523)	Prec@1 100.000 (98.677)	Prec@5 100.000 (99.993)
Epoch: [171][120/391], lr: 0.00010	Loss 0.0427 (0.0516)	Prec@1 99.219 (98.689)	Prec@5 100.000 (99.994)
Epoch: [171][130/391], lr: 0.00010	Loss 0.0487 (0.0519)	Prec@1 99.219 (98.688)	Prec@5 100.000 (99.994)
Epoch: [171][140/391], lr: 0.00010	Loss 0.0512 (0.0512)	Prec@1 98.438 (98.726)	Prec@5 100.000 (99.994)
Epoch: [171][150/391], lr: 0.00010	Loss 0.0334 (0.0507)	Prec@1 99.219 (98.753)	Prec@5 100.000 (99.990)
Epoch: [171][160/391], lr: 0.00010	Loss 0.0308 (0.0504)	Prec@1 100.000 (98.787)	Prec@5 100.000 (99.990)
Epoch: [171][170/391], lr: 0.00010	Loss 0.0567 (0.0507)	Prec@1 97.656 (98.771)	Prec@5 100.000 (99.991)
Epoch: [171][180/391], lr: 0.00010	Loss 0.0333 (0.0502)	Prec@1 99.219 (98.774)	Prec@5 100.000 (99.991)
Epoch: [171][190/391], lr: 0.00010	Loss 0.0440 (0.0497)	Prec@1 99.219 (98.797)	Prec@5 100.000 (99.992)
Epoch: [171][200/391], lr: 0.00010	Loss 0.0376 (0.0501)	Prec@1 99.219 (98.791)	Prec@5 100.000 (99.992)
Epoch: [171][210/391], lr: 0.00010	Loss 0.0142 (0.0497)	Prec@1 100.000 (98.789)	Prec@5 100.000 (99.989)
Epoch: [171][220/391], lr: 0.00010	Loss 0.0734 (0.0499)	Prec@1 96.094 (98.777)	Prec@5 100.000 (99.989)
Epoch: [171][230/391], lr: 0.00010	Loss 0.0332 (0.0507)	Prec@1 100.000 (98.755)	Prec@5 100.000 (99.986)
Epoch: [171][240/391], lr: 0.00010	Loss 0.0843 (0.0508)	Prec@1 97.656 (98.752)	Prec@5 100.000 (99.987)
Epoch: [171][250/391], lr: 0.00010	Loss 0.0395 (0.0515)	Prec@1 99.219 (98.724)	Prec@5 100.000 (99.988)
Epoch: [171][260/391], lr: 0.00010	Loss 0.0571 (0.0518)	Prec@1 98.438 (98.713)	Prec@5 100.000 (99.988)
Epoch: [171][270/391], lr: 0.00010	Loss 0.0343 (0.0518)	Prec@1 99.219 (98.703)	Prec@5 100.000 (99.988)
Epoch: [171][280/391], lr: 0.00010	Loss 0.0781 (0.0521)	Prec@1 98.438 (98.682)	Prec@5 100.000 (99.989)
Epoch: [171][290/391], lr: 0.00010	Loss 0.0904 (0.0526)	Prec@1 96.875 (98.655)	Prec@5 100.000 (99.989)
Epoch: [171][300/391], lr: 0.00010	Loss 0.0484 (0.0526)	Prec@1 97.656 (98.658)	Prec@5 100.000 (99.990)
Epoch: [171][310/391], lr: 0.00010	Loss 0.0300 (0.0528)	Prec@1 100.000 (98.651)	Prec@5 100.000 (99.987)
Epoch: [171][320/391], lr: 0.00010	Loss 0.0841 (0.0529)	Prec@1 98.438 (98.659)	Prec@5 100.000 (99.988)
Epoch: [171][330/391], lr: 0.00010	Loss 0.0642 (0.0526)	Prec@1 98.438 (98.676)	Prec@5 100.000 (99.988)
Epoch: [171][340/391], lr: 0.00010	Loss 0.0476 (0.0525)	Prec@1 98.438 (98.673)	Prec@5 100.000 (99.989)
Epoch: [171][350/391], lr: 0.00010	Loss 0.0343 (0.0526)	Prec@1 99.219 (98.665)	Prec@5 100.000 (99.989)
Epoch: [171][360/391], lr: 0.00010	Loss 0.0327 (0.0528)	Prec@1 99.219 (98.654)	Prec@5 100.000 (99.987)
Epoch: [171][370/391], lr: 0.00010	Loss 0.0540 (0.0531)	Prec@1 99.219 (98.644)	Prec@5 100.000 (99.987)
Epoch: [171][380/391], lr: 0.00010	Loss 0.0512 (0.0531)	Prec@1 98.438 (98.638)	Prec@5 100.000 (99.988)
Epoch: [171][390/391], lr: 0.00010	Loss 0.0269 (0.0532)	Prec@1 100.000 (98.636)	Prec@5 100.000 (99.984)
Epoch [171] Training Results: Prec@1 98.636 Prec@5 99.984             Loss 0.05316
Epoch [171] Training Class Recall: [0.960,0.967,0.967,0.987,0.991,0.995,0.999,0.999,0.999,1.000]

Epoch: [172][0/391], lr: 0.00010	Loss 0.0659 (0.0659)	Prec@1 98.438 (98.438)	Prec@5 100.000 (100.000)
Epoch: [172][10/391], lr: 0.00010	Loss 0.0727 (0.0505)	Prec@1 99.219 (98.864)	Prec@5 100.000 (99.929)
Epoch: [172][20/391], lr: 0.00010	Loss 0.0676 (0.0523)	Prec@1 98.438 (98.698)	Prec@5 100.000 (99.963)
Epoch: [172][30/391], lr: 0.00010	Loss 0.0392 (0.0525)	Prec@1 99.219 (98.538)	Prec@5 100.000 (99.975)
Epoch: [172][40/391], lr: 0.00010	Loss 0.0592 (0.0513)	Prec@1 98.438 (98.590)	Prec@5 100.000 (99.981)
Epoch: [172][50/391], lr: 0.00010	Loss 0.0680 (0.0521)	Prec@1 97.656 (98.621)	Prec@5 100.000 (99.969)
Epoch: [172][60/391], lr: 0.00010	Loss 0.0206 (0.0522)	Prec@1 100.000 (98.655)	Prec@5 100.000 (99.974)
Epoch: [172][70/391], lr: 0.00010	Loss 0.0337 (0.0531)	Prec@1 100.000 (98.680)	Prec@5 100.000 (99.967)
Epoch: [172][80/391], lr: 0.00010	Loss 0.0594 (0.0528)	Prec@1 99.219 (98.679)	Prec@5 100.000 (99.971)
Epoch: [172][90/391], lr: 0.00010	Loss 0.0240 (0.0516)	Prec@1 100.000 (98.738)	Prec@5 100.000 (99.974)
Epoch: [172][100/391], lr: 0.00010	Loss 0.0460 (0.0529)	Prec@1 98.438 (98.708)	Prec@5 100.000 (99.969)
Epoch: [172][110/391], lr: 0.00010	Loss 0.0272 (0.0523)	Prec@1 100.000 (98.719)	Prec@5 100.000 (99.972)
Epoch: [172][120/391], lr: 0.00010	Loss 0.0474 (0.0521)	Prec@1 97.656 (98.696)	Prec@5 100.000 (99.974)
Epoch: [172][130/391], lr: 0.00010	Loss 0.0255 (0.0520)	Prec@1 100.000 (98.682)	Prec@5 100.000 (99.976)
Epoch: [172][140/391], lr: 0.00010	Loss 0.0469 (0.0518)	Prec@1 99.219 (98.687)	Prec@5 100.000 (99.978)
Epoch: [172][150/391], lr: 0.00010	Loss 0.0445 (0.0521)	Prec@1 99.219 (98.701)	Prec@5 100.000 (99.979)
Epoch: [172][160/391], lr: 0.00010	Loss 0.0168 (0.0527)	Prec@1 100.000 (98.680)	Prec@5 100.000 (99.981)
Epoch: [172][170/391], lr: 0.00010	Loss 0.0779 (0.0524)	Prec@1 96.094 (98.680)	Prec@5 100.000 (99.982)
Epoch: [172][180/391], lr: 0.00010	Loss 0.0828 (0.0526)	Prec@1 96.875 (98.662)	Prec@5 100.000 (99.978)
Epoch: [172][190/391], lr: 0.00010	Loss 0.0300 (0.0528)	Prec@1 98.438 (98.626)	Prec@5 100.000 (99.975)
Epoch: [172][200/391], lr: 0.00010	Loss 0.0333 (0.0520)	Prec@1 100.000 (98.651)	Prec@5 100.000 (99.977)
Epoch: [172][210/391], lr: 0.00010	Loss 0.0286 (0.0521)	Prec@1 100.000 (98.663)	Prec@5 100.000 (99.978)
Epoch: [172][220/391], lr: 0.00010	Loss 0.0407 (0.0521)	Prec@1 98.438 (98.653)	Prec@5 100.000 (99.972)
Epoch: [172][230/391], lr: 0.00010	Loss 0.1250 (0.0522)	Prec@1 95.312 (98.640)	Prec@5 100.000 (99.973)
Epoch: [172][240/391], lr: 0.00010	Loss 0.0575 (0.0522)	Prec@1 96.875 (98.626)	Prec@5 100.000 (99.974)
Epoch: [172][250/391], lr: 0.00010	Loss 0.0331 (0.0525)	Prec@1 99.219 (98.612)	Prec@5 100.000 (99.975)
Epoch: [172][260/391], lr: 0.00010	Loss 0.0467 (0.0524)	Prec@1 99.219 (98.626)	Prec@5 100.000 (99.976)
Epoch: [172][270/391], lr: 0.00010	Loss 0.0446 (0.0523)	Prec@1 99.219 (98.639)	Prec@5 100.000 (99.977)
Epoch: [172][280/391], lr: 0.00010	Loss 0.0351 (0.0525)	Prec@1 99.219 (98.621)	Prec@5 100.000 (99.978)
Epoch: [172][290/391], lr: 0.00010	Loss 0.0678 (0.0528)	Prec@1 98.438 (98.620)	Prec@5 100.000 (99.979)
Epoch: [172][300/391], lr: 0.00010	Loss 0.0667 (0.0528)	Prec@1 97.656 (98.617)	Prec@5 100.000 (99.979)
Epoch: [172][310/391], lr: 0.00010	Loss 0.0406 (0.0529)	Prec@1 99.219 (98.613)	Prec@5 100.000 (99.980)
Epoch: [172][320/391], lr: 0.00010	Loss 0.0179 (0.0528)	Prec@1 100.000 (98.615)	Prec@5 100.000 (99.981)
Epoch: [172][330/391], lr: 0.00010	Loss 0.0868 (0.0529)	Prec@1 96.875 (98.605)	Prec@5 100.000 (99.981)
Epoch: [172][340/391], lr: 0.00010	Loss 0.0663 (0.0526)	Prec@1 97.656 (98.614)	Prec@5 100.000 (99.982)
Epoch: [172][350/391], lr: 0.00010	Loss 0.0635 (0.0528)	Prec@1 97.656 (98.609)	Prec@5 100.000 (99.982)
Epoch: [172][360/391], lr: 0.00010	Loss 0.0474 (0.0526)	Prec@1 99.219 (98.626)	Prec@5 100.000 (99.983)
Epoch: [172][370/391], lr: 0.00010	Loss 0.0276 (0.0528)	Prec@1 100.000 (98.614)	Prec@5 100.000 (99.983)
Epoch: [172][380/391], lr: 0.00010	Loss 0.0624 (0.0528)	Prec@1 97.656 (98.610)	Prec@5 100.000 (99.984)
Epoch: [172][390/391], lr: 0.00010	Loss 0.0298 (0.0527)	Prec@1 100.000 (98.618)	Prec@5 100.000 (99.984)
Epoch [172] Training Results: Prec@1 98.618 Prec@5 99.984             Loss 0.05272
Epoch [172] Training Class Recall: [0.955,0.968,0.967,0.986,0.994,0.996,0.998,0.998,1.000,1.000]

Epoch: [173][0/391], lr: 0.00010	Loss 0.0263 (0.0263)	Prec@1 98.438 (98.438)	Prec@5 100.000 (100.000)
Epoch: [173][10/391], lr: 0.00010	Loss 0.0800 (0.0416)	Prec@1 96.094 (98.935)	Prec@5 100.000 (100.000)
Epoch: [173][20/391], lr: 0.00010	Loss 0.1235 (0.0475)	Prec@1 96.875 (98.698)	Prec@5 100.000 (100.000)
Epoch: [173][30/391], lr: 0.00010	Loss 0.0469 (0.0486)	Prec@1 98.438 (98.589)	Prec@5 100.000 (100.000)
Epoch: [173][40/391], lr: 0.00010	Loss 0.0277 (0.0481)	Prec@1 99.219 (98.571)	Prec@5 100.000 (100.000)
Epoch: [173][50/391], lr: 0.00010	Loss 0.0201 (0.0484)	Prec@1 100.000 (98.606)	Prec@5 100.000 (100.000)
Epoch: [173][60/391], lr: 0.00010	Loss 0.0897 (0.0479)	Prec@1 97.656 (98.655)	Prec@5 99.219 (99.987)
Epoch: [173][70/391], lr: 0.00010	Loss 0.0328 (0.0481)	Prec@1 100.000 (98.658)	Prec@5 100.000 (99.989)
Epoch: [173][80/391], lr: 0.00010	Loss 0.1045 (0.0484)	Prec@1 96.875 (98.669)	Prec@5 100.000 (99.990)
Epoch: [173][90/391], lr: 0.00010	Loss 0.0648 (0.0485)	Prec@1 97.656 (98.661)	Prec@5 100.000 (99.991)
Epoch: [173][100/391], lr: 0.00010	Loss 0.0533 (0.0490)	Prec@1 98.438 (98.639)	Prec@5 100.000 (99.992)
Epoch: [173][110/391], lr: 0.00010	Loss 0.0300 (0.0485)	Prec@1 99.219 (98.656)	Prec@5 100.000 (99.993)
Epoch: [173][120/391], lr: 0.00010	Loss 0.0505 (0.0479)	Prec@1 98.438 (98.696)	Prec@5 100.000 (99.994)
Epoch: [173][130/391], lr: 0.00010	Loss 0.0785 (0.0481)	Prec@1 98.438 (98.688)	Prec@5 100.000 (99.988)
Epoch: [173][140/391], lr: 0.00010	Loss 0.0460 (0.0487)	Prec@1 99.219 (98.681)	Prec@5 100.000 (99.989)
Epoch: [173][150/391], lr: 0.00010	Loss 0.0484 (0.0483)	Prec@1 99.219 (98.707)	Prec@5 100.000 (99.990)
Epoch: [173][160/391], lr: 0.00010	Loss 0.1345 (0.0490)	Prec@1 96.875 (98.690)	Prec@5 100.000 (99.990)
Epoch: [173][170/391], lr: 0.00010	Loss 0.0840 (0.0491)	Prec@1 99.219 (98.693)	Prec@5 100.000 (99.991)
Epoch: [173][180/391], lr: 0.00010	Loss 0.0682 (0.0493)	Prec@1 96.875 (98.688)	Prec@5 100.000 (99.987)
Epoch: [173][190/391], lr: 0.00010	Loss 0.0506 (0.0488)	Prec@1 98.438 (98.703)	Prec@5 100.000 (99.988)
Epoch: [173][200/391], lr: 0.00010	Loss 0.0433 (0.0495)	Prec@1 99.219 (98.678)	Prec@5 100.000 (99.988)
Epoch: [173][210/391], lr: 0.00010	Loss 0.0964 (0.0498)	Prec@1 96.094 (98.674)	Prec@5 100.000 (99.989)
Epoch: [173][220/391], lr: 0.00010	Loss 0.0366 (0.0498)	Prec@1 99.219 (98.671)	Prec@5 100.000 (99.989)
Epoch: [173][230/391], lr: 0.00010	Loss 0.0227 (0.0501)	Prec@1 100.000 (98.667)	Prec@5 100.000 (99.990)
Epoch: [173][240/391], lr: 0.00010	Loss 0.0558 (0.0503)	Prec@1 97.656 (98.664)	Prec@5 100.000 (99.990)
Epoch: [173][250/391], lr: 0.00010	Loss 0.0474 (0.0502)	Prec@1 98.438 (98.668)	Prec@5 100.000 (99.991)
Epoch: [173][260/391], lr: 0.00010	Loss 0.0512 (0.0501)	Prec@1 97.656 (98.668)	Prec@5 100.000 (99.991)
Epoch: [173][270/391], lr: 0.00010	Loss 0.0404 (0.0500)	Prec@1 98.438 (98.665)	Prec@5 100.000 (99.991)
Epoch: [173][280/391], lr: 0.00010	Loss 0.0451 (0.0499)	Prec@1 98.438 (98.668)	Prec@5 100.000 (99.992)
Epoch: [173][290/391], lr: 0.00010	Loss 0.0757 (0.0500)	Prec@1 96.094 (98.660)	Prec@5 100.000 (99.992)
Epoch: [173][300/391], lr: 0.00010	Loss 0.1043 (0.0504)	Prec@1 97.656 (98.658)	Prec@5 100.000 (99.990)
Epoch: [173][310/391], lr: 0.00010	Loss 0.0376 (0.0500)	Prec@1 100.000 (98.679)	Prec@5 100.000 (99.990)
Epoch: [173][320/391], lr: 0.00010	Loss 0.0431 (0.0499)	Prec@1 98.438 (98.693)	Prec@5 100.000 (99.990)
Epoch: [173][330/391], lr: 0.00010	Loss 0.0945 (0.0499)	Prec@1 97.656 (98.690)	Prec@5 100.000 (99.991)
Epoch: [173][340/391], lr: 0.00010	Loss 0.0833 (0.0499)	Prec@1 97.656 (98.696)	Prec@5 100.000 (99.991)
Epoch: [173][350/391], lr: 0.00010	Loss 0.0528 (0.0502)	Prec@1 97.656 (98.678)	Prec@5 100.000 (99.991)
Epoch: [173][360/391], lr: 0.00010	Loss 0.0705 (0.0499)	Prec@1 97.656 (98.693)	Prec@5 100.000 (99.991)
Epoch: [173][370/391], lr: 0.00010	Loss 0.0700 (0.0497)	Prec@1 96.094 (98.699)	Prec@5 100.000 (99.992)
Epoch: [173][380/391], lr: 0.00010	Loss 0.0492 (0.0498)	Prec@1 98.438 (98.684)	Prec@5 100.000 (99.992)
Epoch: [173][390/391], lr: 0.00010	Loss 0.0535 (0.0496)	Prec@1 97.500 (98.688)	Prec@5 100.000 (99.992)
Epoch [173] Training Results: Prec@1 98.688 Prec@5 99.992             Loss 0.04961
Epoch [173] Training Class Recall: [0.959,0.970,0.969,0.987,0.994,0.995,0.999,0.998,0.999,0.999]

Epoch: [174][0/391], lr: 0.00010	Loss 0.0407 (0.0407)	Prec@1 99.219 (99.219)	Prec@5 100.000 (100.000)
Epoch: [174][10/391], lr: 0.00010	Loss 0.0412 (0.0472)	Prec@1 99.219 (98.864)	Prec@5 100.000 (100.000)
Epoch: [174][20/391], lr: 0.00010	Loss 0.0728 (0.0507)	Prec@1 98.438 (98.735)	Prec@5 100.000 (100.000)
Epoch: [174][30/391], lr: 0.00010	Loss 0.0501 (0.0529)	Prec@1 98.438 (98.614)	Prec@5 100.000 (100.000)
Epoch: [174][40/391], lr: 0.00010	Loss 0.0379 (0.0527)	Prec@1 98.438 (98.609)	Prec@5 100.000 (100.000)
Epoch: [174][50/391], lr: 0.00010	Loss 0.0486 (0.0518)	Prec@1 98.438 (98.667)	Prec@5 100.000 (100.000)
Epoch: [174][60/391], lr: 0.00010	Loss 0.0528 (0.0541)	Prec@1 98.438 (98.655)	Prec@5 100.000 (99.987)
Epoch: [174][70/391], lr: 0.00010	Loss 0.0182 (0.0527)	Prec@1 100.000 (98.647)	Prec@5 100.000 (99.989)
Epoch: [174][80/391], lr: 0.00010	Loss 0.0616 (0.0514)	Prec@1 97.656 (98.708)	Prec@5 100.000 (99.990)
Epoch: [174][90/391], lr: 0.00010	Loss 0.0642 (0.0517)	Prec@1 98.438 (98.695)	Prec@5 100.000 (99.991)
Epoch: [174][100/391], lr: 0.00010	Loss 0.0585 (0.0513)	Prec@1 98.438 (98.693)	Prec@5 100.000 (99.992)
Epoch: [174][110/391], lr: 0.00010	Loss 0.0399 (0.0519)	Prec@1 100.000 (98.670)	Prec@5 100.000 (99.993)
Epoch: [174][120/391], lr: 0.00010	Loss 0.0509 (0.0510)	Prec@1 97.656 (98.689)	Prec@5 100.000 (99.994)
Epoch: [174][130/391], lr: 0.00010	Loss 0.0722 (0.0514)	Prec@1 97.656 (98.688)	Prec@5 100.000 (99.988)
Epoch: [174][140/391], lr: 0.00010	Loss 0.0247 (0.0509)	Prec@1 99.219 (98.692)	Prec@5 100.000 (99.989)
Epoch: [174][150/391], lr: 0.00010	Loss 0.0695 (0.0509)	Prec@1 97.656 (98.681)	Prec@5 100.000 (99.990)
Epoch: [174][160/391], lr: 0.00010	Loss 0.0357 (0.0505)	Prec@1 99.219 (98.704)	Prec@5 100.000 (99.990)
Epoch: [174][170/391], lr: 0.00010	Loss 0.0247 (0.0494)	Prec@1 100.000 (98.739)	Prec@5 100.000 (99.991)
Epoch: [174][180/391], lr: 0.00010	Loss 0.0498 (0.0502)	Prec@1 98.438 (98.705)	Prec@5 100.000 (99.991)
Epoch: [174][190/391], lr: 0.00010	Loss 0.0365 (0.0499)	Prec@1 98.438 (98.699)	Prec@5 100.000 (99.988)
Epoch: [174][200/391], lr: 0.00010	Loss 0.0478 (0.0502)	Prec@1 99.219 (98.694)	Prec@5 100.000 (99.984)
Epoch: [174][210/391], lr: 0.00010	Loss 0.0411 (0.0507)	Prec@1 99.219 (98.686)	Prec@5 100.000 (99.985)
Epoch: [174][220/391], lr: 0.00010	Loss 0.0829 (0.0504)	Prec@1 98.438 (98.688)	Prec@5 100.000 (99.986)
Epoch: [174][230/391], lr: 0.00010	Loss 0.0321 (0.0499)	Prec@1 98.438 (98.708)	Prec@5 100.000 (99.986)
Epoch: [174][240/391], lr: 0.00010	Loss 0.0337 (0.0500)	Prec@1 99.219 (98.700)	Prec@5 100.000 (99.987)
Epoch: [174][250/391], lr: 0.00010	Loss 0.0654 (0.0506)	Prec@1 98.438 (98.680)	Prec@5 100.000 (99.988)
Epoch: [174][260/391], lr: 0.00010	Loss 0.0196 (0.0501)	Prec@1 100.000 (98.704)	Prec@5 100.000 (99.988)
Epoch: [174][270/391], lr: 0.00010	Loss 0.0391 (0.0504)	Prec@1 98.438 (98.691)	Prec@5 100.000 (99.988)
Epoch: [174][280/391], lr: 0.00010	Loss 0.0655 (0.0504)	Prec@1 98.438 (98.693)	Prec@5 100.000 (99.989)
Epoch: [174][290/391], lr: 0.00010	Loss 0.0225 (0.0503)	Prec@1 99.219 (98.684)	Prec@5 100.000 (99.989)
Epoch: [174][300/391], lr: 0.00010	Loss 0.0438 (0.0500)	Prec@1 97.656 (98.692)	Prec@5 100.000 (99.990)
Epoch: [174][310/391], lr: 0.00010	Loss 0.0722 (0.0499)	Prec@1 98.438 (98.701)	Prec@5 100.000 (99.990)
Epoch: [174][320/391], lr: 0.00010	Loss 0.0485 (0.0500)	Prec@1 98.438 (98.700)	Prec@5 100.000 (99.990)
Epoch: [174][330/391], lr: 0.00010	Loss 0.0167 (0.0496)	Prec@1 100.000 (98.711)	Prec@5 100.000 (99.991)
Epoch: [174][340/391], lr: 0.00010	Loss 0.0948 (0.0494)	Prec@1 98.438 (98.722)	Prec@5 100.000 (99.991)
Epoch: [174][350/391], lr: 0.00010	Loss 0.0827 (0.0495)	Prec@1 97.656 (98.716)	Prec@5 100.000 (99.991)
Epoch: [174][360/391], lr: 0.00010	Loss 0.0230 (0.0492)	Prec@1 100.000 (98.732)	Prec@5 100.000 (99.991)
Epoch: [174][370/391], lr: 0.00010	Loss 0.0786 (0.0492)	Prec@1 97.656 (98.728)	Prec@5 100.000 (99.992)
Epoch: [174][380/391], lr: 0.00010	Loss 0.0306 (0.0492)	Prec@1 100.000 (98.729)	Prec@5 100.000 (99.990)
Epoch: [174][390/391], lr: 0.00010	Loss 0.0849 (0.0492)	Prec@1 95.000 (98.722)	Prec@5 100.000 (99.988)
Epoch [174] Training Results: Prec@1 98.722 Prec@5 99.988             Loss 0.04920
Epoch [174] Training Class Recall: [0.962,0.969,0.967,0.988,0.995,0.996,0.998,1.000,0.999,0.999]

Epoch: [175][0/391], lr: 0.00010	Loss 0.0563 (0.0563)	Prec@1 97.656 (97.656)	Prec@5 100.000 (100.000)
Epoch: [175][10/391], lr: 0.00010	Loss 0.0564 (0.0533)	Prec@1 98.438 (98.722)	Prec@5 100.000 (100.000)
Epoch: [175][20/391], lr: 0.00010	Loss 0.0422 (0.0570)	Prec@1 98.438 (98.400)	Prec@5 100.000 (100.000)
Epoch: [175][30/391], lr: 0.00010	Loss 0.0767 (0.0520)	Prec@1 96.875 (98.614)	Prec@5 100.000 (100.000)
Epoch: [175][40/391], lr: 0.00010	Loss 0.0592 (0.0504)	Prec@1 98.438 (98.704)	Prec@5 100.000 (100.000)
Epoch: [175][50/391], lr: 0.00010	Loss 0.0467 (0.0501)	Prec@1 98.438 (98.698)	Prec@5 100.000 (100.000)
Epoch: [175][60/391], lr: 0.00010	Loss 0.0358 (0.0494)	Prec@1 99.219 (98.706)	Prec@5 100.000 (100.000)
Epoch: [175][70/391], lr: 0.00010	Loss 0.0338 (0.0486)	Prec@1 100.000 (98.724)	Prec@5 100.000 (100.000)
Epoch: [175][80/391], lr: 0.00010	Loss 0.0475 (0.0485)	Prec@1 98.438 (98.688)	Prec@5 100.000 (100.000)
Epoch: [175][90/391], lr: 0.00010	Loss 0.0715 (0.0485)	Prec@1 98.438 (98.721)	Prec@5 100.000 (100.000)
Epoch: [175][100/391], lr: 0.00010	Loss 0.0360 (0.0485)	Prec@1 100.000 (98.708)	Prec@5 100.000 (100.000)
Epoch: [175][110/391], lr: 0.00010	Loss 0.0226 (0.0477)	Prec@1 100.000 (98.726)	Prec@5 100.000 (100.000)
Epoch: [175][120/391], lr: 0.00010	Loss 0.0474 (0.0469)	Prec@1 100.000 (98.760)	Prec@5 100.000 (100.000)
Epoch: [175][130/391], lr: 0.00010	Loss 0.0746 (0.0470)	Prec@1 97.656 (98.771)	Prec@5 100.000 (100.000)
Epoch: [175][140/391], lr: 0.00010	Loss 0.0534 (0.0471)	Prec@1 97.656 (98.748)	Prec@5 100.000 (100.000)
Epoch: [175][150/391], lr: 0.00010	Loss 0.0250 (0.0470)	Prec@1 99.219 (98.753)	Prec@5 100.000 (99.995)
Epoch: [175][160/391], lr: 0.00010	Loss 0.0559 (0.0466)	Prec@1 98.438 (98.772)	Prec@5 100.000 (99.995)
Epoch: [175][170/391], lr: 0.00010	Loss 0.0681 (0.0462)	Prec@1 97.656 (98.789)	Prec@5 100.000 (99.995)
Epoch: [175][180/391], lr: 0.00010	Loss 0.0319 (0.0461)	Prec@1 99.219 (98.787)	Prec@5 100.000 (99.996)
Epoch: [175][190/391], lr: 0.00010	Loss 0.0352 (0.0464)	Prec@1 100.000 (98.781)	Prec@5 100.000 (99.996)
Epoch: [175][200/391], lr: 0.00010	Loss 0.0648 (0.0468)	Prec@1 98.438 (98.780)	Prec@5 100.000 (99.996)
Epoch: [175][210/391], lr: 0.00010	Loss 0.0500 (0.0469)	Prec@1 99.219 (98.774)	Prec@5 100.000 (99.993)
Epoch: [175][220/391], lr: 0.00010	Loss 0.0432 (0.0470)	Prec@1 98.438 (98.773)	Prec@5 100.000 (99.993)
Epoch: [175][230/391], lr: 0.00010	Loss 0.0396 (0.0470)	Prec@1 99.219 (98.782)	Prec@5 100.000 (99.993)
Epoch: [175][240/391], lr: 0.00010	Loss 0.0171 (0.0472)	Prec@1 100.000 (98.765)	Prec@5 100.000 (99.990)
Epoch: [175][250/391], lr: 0.00010	Loss 0.1009 (0.0474)	Prec@1 96.875 (98.761)	Prec@5 100.000 (99.991)
Epoch: [175][260/391], lr: 0.00010	Loss 0.0676 (0.0477)	Prec@1 96.875 (98.746)	Prec@5 100.000 (99.991)
Epoch: [175][270/391], lr: 0.00010	Loss 0.0362 (0.0475)	Prec@1 99.219 (98.760)	Prec@5 100.000 (99.991)
Epoch: [175][280/391], lr: 0.00010	Loss 0.0615 (0.0477)	Prec@1 96.875 (98.749)	Prec@5 100.000 (99.992)
Epoch: [175][290/391], lr: 0.00010	Loss 0.0423 (0.0477)	Prec@1 98.438 (98.744)	Prec@5 100.000 (99.992)
Epoch: [175][300/391], lr: 0.00010	Loss 0.0340 (0.0475)	Prec@1 99.219 (98.741)	Prec@5 100.000 (99.992)
Epoch: [175][310/391], lr: 0.00010	Loss 0.0414 (0.0476)	Prec@1 99.219 (98.734)	Prec@5 100.000 (99.992)
Epoch: [175][320/391], lr: 0.00010	Loss 0.0395 (0.0476)	Prec@1 98.438 (98.727)	Prec@5 100.000 (99.993)
Epoch: [175][330/391], lr: 0.00010	Loss 0.0551 (0.0475)	Prec@1 97.656 (98.735)	Prec@5 100.000 (99.993)
Epoch: [175][340/391], lr: 0.00010	Loss 0.0606 (0.0471)	Prec@1 98.438 (98.751)	Prec@5 100.000 (99.993)
Epoch: [175][350/391], lr: 0.00010	Loss 0.0648 (0.0469)	Prec@1 98.438 (98.758)	Prec@5 100.000 (99.993)
Epoch: [175][360/391], lr: 0.00010	Loss 0.0363 (0.0469)	Prec@1 99.219 (98.769)	Prec@5 100.000 (99.994)
Epoch: [175][370/391], lr: 0.00010	Loss 0.0323 (0.0468)	Prec@1 99.219 (98.768)	Prec@5 100.000 (99.994)
Epoch: [175][380/391], lr: 0.00010	Loss 0.0361 (0.0468)	Prec@1 100.000 (98.770)	Prec@5 100.000 (99.994)
Epoch: [175][390/391], lr: 0.00010	Loss 0.1621 (0.0471)	Prec@1 96.250 (98.764)	Prec@5 100.000 (99.992)
Epoch [175] Training Results: Prec@1 98.764 Prec@5 99.992             Loss 0.04707
Epoch [175] Training Class Recall: [0.961,0.969,0.972,0.987,0.996,0.996,0.999,0.999,1.000,1.000]

Epoch: [176][0/391], lr: 0.00010	Loss 0.0366 (0.0366)	Prec@1 99.219 (99.219)	Prec@5 100.000 (100.000)
Epoch: [176][10/391], lr: 0.00010	Loss 0.0660 (0.0467)	Prec@1 98.438 (99.006)	Prec@5 100.000 (99.929)
Epoch: [176][20/391], lr: 0.00010	Loss 0.0509 (0.0469)	Prec@1 98.438 (98.921)	Prec@5 100.000 (99.963)
Epoch: [176][30/391], lr: 0.00010	Loss 0.0555 (0.0467)	Prec@1 97.656 (98.866)	Prec@5 100.000 (99.975)
Epoch: [176][40/391], lr: 0.00010	Loss 0.0490 (0.0465)	Prec@1 99.219 (98.819)	Prec@5 100.000 (99.981)
Epoch: [176][50/391], lr: 0.00010	Loss 0.0289 (0.0437)	Prec@1 99.219 (98.928)	Prec@5 100.000 (99.985)
Epoch: [176][60/391], lr: 0.00010	Loss 0.0485 (0.0458)	Prec@1 98.438 (98.860)	Prec@5 100.000 (99.987)
Epoch: [176][70/391], lr: 0.00010	Loss 0.0165 (0.0471)	Prec@1 100.000 (98.856)	Prec@5 100.000 (99.989)
Epoch: [176][80/391], lr: 0.00010	Loss 0.0508 (0.0461)	Prec@1 98.438 (98.891)	Prec@5 100.000 (99.990)
Epoch: [176][90/391], lr: 0.00010	Loss 0.0323 (0.0450)	Prec@1 99.219 (98.935)	Prec@5 100.000 (99.991)
Epoch: [176][100/391], lr: 0.00010	Loss 0.0539 (0.0452)	Prec@1 98.438 (98.909)	Prec@5 100.000 (99.992)
Epoch: [176][110/391], lr: 0.00010	Loss 0.0176 (0.0450)	Prec@1 100.000 (98.916)	Prec@5 100.000 (99.993)
Epoch: [176][120/391], lr: 0.00010	Loss 0.0607 (0.0454)	Prec@1 98.438 (98.870)	Prec@5 100.000 (99.994)
Epoch: [176][130/391], lr: 0.00010	Loss 0.0378 (0.0452)	Prec@1 98.438 (98.879)	Prec@5 100.000 (99.994)
Epoch: [176][140/391], lr: 0.00010	Loss 0.0374 (0.0453)	Prec@1 99.219 (98.881)	Prec@5 100.000 (99.994)
Epoch: [176][150/391], lr: 0.00010	Loss 0.0429 (0.0455)	Prec@1 100.000 (98.857)	Prec@5 100.000 (99.995)
Epoch: [176][160/391], lr: 0.00010	Loss 0.0243 (0.0457)	Prec@1 100.000 (98.845)	Prec@5 100.000 (99.995)
Epoch: [176][170/391], lr: 0.00010	Loss 0.0425 (0.0454)	Prec@1 99.219 (98.867)	Prec@5 100.000 (99.995)
Epoch: [176][180/391], lr: 0.00010	Loss 0.0325 (0.0454)	Prec@1 98.438 (98.852)	Prec@5 100.000 (99.996)
Epoch: [176][190/391], lr: 0.00010	Loss 0.0155 (0.0461)	Prec@1 100.000 (98.834)	Prec@5 100.000 (99.992)
Epoch: [176][200/391], lr: 0.00010	Loss 0.0215 (0.0457)	Prec@1 100.000 (98.834)	Prec@5 100.000 (99.992)
Epoch: [176][210/391], lr: 0.00010	Loss 0.0563 (0.0456)	Prec@1 98.438 (98.837)	Prec@5 100.000 (99.993)
Epoch: [176][220/391], lr: 0.00010	Loss 0.0827 (0.0460)	Prec@1 96.875 (98.819)	Prec@5 100.000 (99.989)
Epoch: [176][230/391], lr: 0.00010	Loss 0.0337 (0.0461)	Prec@1 99.219 (98.813)	Prec@5 100.000 (99.990)
Epoch: [176][240/391], lr: 0.00010	Loss 0.0289 (0.0464)	Prec@1 99.219 (98.810)	Prec@5 100.000 (99.987)
Epoch: [176][250/391], lr: 0.00010	Loss 0.0730 (0.0466)	Prec@1 97.656 (98.795)	Prec@5 100.000 (99.988)
Epoch: [176][260/391], lr: 0.00010	Loss 0.0366 (0.0463)	Prec@1 98.438 (98.803)	Prec@5 100.000 (99.988)
Epoch: [176][270/391], lr: 0.00010	Loss 0.0473 (0.0467)	Prec@1 99.219 (98.801)	Prec@5 100.000 (99.988)
Epoch: [176][280/391], lr: 0.00010	Loss 0.0412 (0.0466)	Prec@1 97.656 (98.807)	Prec@5 100.000 (99.989)
Epoch: [176][290/391], lr: 0.00010	Loss 0.0502 (0.0469)	Prec@1 98.438 (98.789)	Prec@5 100.000 (99.987)
Epoch: [176][300/391], lr: 0.00010	Loss 0.0274 (0.0469)	Prec@1 99.219 (98.788)	Prec@5 100.000 (99.987)
Epoch: [176][310/391], lr: 0.00010	Loss 0.0368 (0.0467)	Prec@1 99.219 (98.797)	Prec@5 100.000 (99.987)
Epoch: [176][320/391], lr: 0.00010	Loss 0.0318 (0.0465)	Prec@1 100.000 (98.803)	Prec@5 100.000 (99.988)
Epoch: [176][330/391], lr: 0.00010	Loss 0.0593 (0.0465)	Prec@1 98.438 (98.796)	Prec@5 100.000 (99.988)
Epoch: [176][340/391], lr: 0.00010	Loss 0.0773 (0.0467)	Prec@1 96.094 (98.777)	Prec@5 100.000 (99.989)
Epoch: [176][350/391], lr: 0.00010	Loss 0.1002 (0.0471)	Prec@1 96.094 (98.769)	Prec@5 100.000 (99.989)
Epoch: [176][360/391], lr: 0.00010	Loss 0.0114 (0.0470)	Prec@1 100.000 (98.764)	Prec@5 100.000 (99.989)
Epoch: [176][370/391], lr: 0.00010	Loss 0.0576 (0.0469)	Prec@1 97.656 (98.762)	Prec@5 100.000 (99.989)
Epoch: [176][380/391], lr: 0.00010	Loss 0.0132 (0.0469)	Prec@1 100.000 (98.764)	Prec@5 100.000 (99.990)
Epoch: [176][390/391], lr: 0.00010	Loss 0.0375 (0.0469)	Prec@1 100.000 (98.764)	Prec@5 100.000 (99.990)
Epoch [176] Training Results: Prec@1 98.764 Prec@5 99.990             Loss 0.04686
Epoch [176] Training Class Recall: [0.959,0.973,0.971,0.987,0.995,0.995,0.999,0.999,0.999,0.999]

Epoch: [177][0/391], lr: 0.00010	Loss 0.0438 (0.0438)	Prec@1 98.438 (98.438)	Prec@5 100.000 (100.000)
Epoch: [177][10/391], lr: 0.00010	Loss 0.0564 (0.0528)	Prec@1 98.438 (98.438)	Prec@5 100.000 (100.000)
Epoch: [177][20/391], lr: 0.00010	Loss 0.0184 (0.0516)	Prec@1 100.000 (98.475)	Prec@5 100.000 (100.000)
Epoch: [177][30/391], lr: 0.00010	Loss 0.0787 (0.0483)	Prec@1 98.438 (98.614)	Prec@5 100.000 (100.000)
Epoch: [177][40/391], lr: 0.00010	Loss 0.0853 (0.0497)	Prec@1 96.875 (98.628)	Prec@5 100.000 (100.000)
Epoch: [177][50/391], lr: 0.00010	Loss 0.0514 (0.0487)	Prec@1 98.438 (98.683)	Prec@5 100.000 (100.000)
Epoch: [177][60/391], lr: 0.00010	Loss 0.0512 (0.0485)	Prec@1 98.438 (98.617)	Prec@5 100.000 (100.000)
Epoch: [177][70/391], lr: 0.00010	Loss 0.0780 (0.0500)	Prec@1 97.656 (98.603)	Prec@5 100.000 (99.978)
Epoch: [177][80/391], lr: 0.00010	Loss 0.0318 (0.0485)	Prec@1 98.438 (98.659)	Prec@5 100.000 (99.981)
Epoch: [177][90/391], lr: 0.00010	Loss 0.0378 (0.0477)	Prec@1 99.219 (98.678)	Prec@5 100.000 (99.983)
Epoch: [177][100/391], lr: 0.00010	Loss 0.0467 (0.0484)	Prec@1 98.438 (98.623)	Prec@5 100.000 (99.985)
Epoch: [177][110/391], lr: 0.00010	Loss 0.0261 (0.0476)	Prec@1 100.000 (98.677)	Prec@5 100.000 (99.986)
Epoch: [177][120/391], lr: 0.00010	Loss 0.0759 (0.0477)	Prec@1 97.656 (98.683)	Prec@5 100.000 (99.987)
Epoch: [177][130/391], lr: 0.00010	Loss 0.0403 (0.0472)	Prec@1 99.219 (98.706)	Prec@5 100.000 (99.988)
Epoch: [177][140/391], lr: 0.00010	Loss 0.0457 (0.0471)	Prec@1 99.219 (98.726)	Prec@5 100.000 (99.989)
Epoch: [177][150/391], lr: 0.00010	Loss 0.0327 (0.0471)	Prec@1 99.219 (98.738)	Prec@5 100.000 (99.990)
Epoch: [177][160/391], lr: 0.00010	Loss 0.0363 (0.0476)	Prec@1 99.219 (98.719)	Prec@5 100.000 (99.990)
Epoch: [177][170/391], lr: 0.00010	Loss 0.0383 (0.0476)	Prec@1 99.219 (98.702)	Prec@5 100.000 (99.991)
Epoch: [177][180/391], lr: 0.00010	Loss 0.0807 (0.0477)	Prec@1 97.656 (98.705)	Prec@5 100.000 (99.987)
Epoch: [177][190/391], lr: 0.00010	Loss 0.0384 (0.0477)	Prec@1 98.438 (98.687)	Prec@5 100.000 (99.988)
Epoch: [177][200/391], lr: 0.00010	Loss 0.0783 (0.0472)	Prec@1 97.656 (98.710)	Prec@5 100.000 (99.988)
Epoch: [177][210/391], lr: 0.00010	Loss 0.0757 (0.0469)	Prec@1 97.656 (98.726)	Prec@5 100.000 (99.989)
Epoch: [177][220/391], lr: 0.00010	Loss 0.0509 (0.0472)	Prec@1 99.219 (98.720)	Prec@5 100.000 (99.986)
Epoch: [177][230/391], lr: 0.00010	Loss 0.0235 (0.0466)	Prec@1 99.219 (98.752)	Prec@5 100.000 (99.986)
Epoch: [177][240/391], lr: 0.00010	Loss 0.0574 (0.0465)	Prec@1 97.656 (98.771)	Prec@5 100.000 (99.984)
Epoch: [177][250/391], lr: 0.00010	Loss 0.1006 (0.0467)	Prec@1 96.094 (98.755)	Prec@5 100.000 (99.984)
Epoch: [177][260/391], lr: 0.00010	Loss 0.0216 (0.0464)	Prec@1 99.219 (98.770)	Prec@5 100.000 (99.985)
Epoch: [177][270/391], lr: 0.00010	Loss 0.0157 (0.0460)	Prec@1 100.000 (98.792)	Prec@5 100.000 (99.986)
Epoch: [177][280/391], lr: 0.00010	Loss 0.0328 (0.0460)	Prec@1 99.219 (98.802)	Prec@5 100.000 (99.986)
Epoch: [177][290/391], lr: 0.00010	Loss 0.0523 (0.0460)	Prec@1 99.219 (98.803)	Prec@5 100.000 (99.984)
Epoch: [177][300/391], lr: 0.00010	Loss 0.0518 (0.0457)	Prec@1 98.438 (98.816)	Prec@5 100.000 (99.984)
Epoch: [177][310/391], lr: 0.00010	Loss 0.0723 (0.0456)	Prec@1 98.438 (98.814)	Prec@5 100.000 (99.985)
Epoch: [177][320/391], lr: 0.00010	Loss 0.0408 (0.0458)	Prec@1 99.219 (98.810)	Prec@5 100.000 (99.985)
Epoch: [177][330/391], lr: 0.00010	Loss 0.0305 (0.0458)	Prec@1 99.219 (98.808)	Prec@5 100.000 (99.986)
Epoch: [177][340/391], lr: 0.00010	Loss 0.0255 (0.0459)	Prec@1 99.219 (98.804)	Prec@5 100.000 (99.986)
Epoch: [177][350/391], lr: 0.00010	Loss 0.0565 (0.0457)	Prec@1 98.438 (98.820)	Prec@5 100.000 (99.987)
Epoch: [177][360/391], lr: 0.00010	Loss 0.0669 (0.0456)	Prec@1 97.656 (98.812)	Prec@5 100.000 (99.987)
Epoch: [177][370/391], lr: 0.00010	Loss 0.0271 (0.0453)	Prec@1 100.000 (98.825)	Prec@5 100.000 (99.987)
Epoch: [177][380/391], lr: 0.00010	Loss 0.0429 (0.0452)	Prec@1 99.219 (98.831)	Prec@5 100.000 (99.988)
Epoch: [177][390/391], lr: 0.00010	Loss 0.0947 (0.0449)	Prec@1 96.250 (98.840)	Prec@5 100.000 (99.988)
Epoch [177] Training Results: Prec@1 98.840 Prec@5 99.988             Loss 0.04491
Epoch [177] Training Class Recall: [0.965,0.971,0.974,0.987,0.994,0.998,0.998,0.999,0.999,1.000]

Epoch: [178][0/391], lr: 0.00010	Loss 0.0333 (0.0333)	Prec@1 98.438 (98.438)	Prec@5 100.000 (100.000)
Epoch: [178][10/391], lr: 0.00010	Loss 0.0302 (0.0472)	Prec@1 100.000 (98.580)	Prec@5 100.000 (100.000)
Epoch: [178][20/391], lr: 0.00010	Loss 0.0441 (0.0475)	Prec@1 99.219 (98.847)	Prec@5 100.000 (99.963)
Epoch: [178][30/391], lr: 0.00010	Loss 0.0381 (0.0451)	Prec@1 99.219 (98.942)	Prec@5 100.000 (99.975)
Epoch: [178][40/391], lr: 0.00010	Loss 0.0437 (0.0437)	Prec@1 99.219 (98.971)	Prec@5 100.000 (99.981)
Epoch: [178][50/391], lr: 0.00010	Loss 0.0272 (0.0453)	Prec@1 100.000 (98.912)	Prec@5 100.000 (99.985)
Epoch: [178][60/391], lr: 0.00010	Loss 0.0680 (0.0448)	Prec@1 98.438 (98.899)	Prec@5 100.000 (99.987)
Epoch: [178][70/391], lr: 0.00010	Loss 0.0643 (0.0436)	Prec@1 97.656 (98.933)	Prec@5 100.000 (99.989)
Epoch: [178][80/391], lr: 0.00010	Loss 0.0359 (0.0432)	Prec@1 99.219 (98.949)	Prec@5 100.000 (99.990)
Epoch: [178][90/391], lr: 0.00010	Loss 0.0631 (0.0437)	Prec@1 98.438 (98.910)	Prec@5 100.000 (99.991)
Epoch: [178][100/391], lr: 0.00010	Loss 0.1037 (0.0452)	Prec@1 94.531 (98.840)	Prec@5 100.000 (99.992)
Epoch: [178][110/391], lr: 0.00010	Loss 0.0242 (0.0451)	Prec@1 100.000 (98.846)	Prec@5 100.000 (99.993)
Epoch: [178][120/391], lr: 0.00010	Loss 0.0349 (0.0452)	Prec@1 99.219 (98.838)	Prec@5 100.000 (99.994)
Epoch: [178][130/391], lr: 0.00010	Loss 0.0326 (0.0448)	Prec@1 100.000 (98.861)	Prec@5 100.000 (99.994)
Epoch: [178][140/391], lr: 0.00010	Loss 0.0272 (0.0450)	Prec@1 98.438 (98.859)	Prec@5 100.000 (99.994)
Epoch: [178][150/391], lr: 0.00010	Loss 0.0457 (0.0450)	Prec@1 98.438 (98.851)	Prec@5 100.000 (99.995)
Epoch: [178][160/391], lr: 0.00010	Loss 0.0202 (0.0445)	Prec@1 100.000 (98.869)	Prec@5 100.000 (99.995)
Epoch: [178][170/391], lr: 0.00010	Loss 0.0548 (0.0446)	Prec@1 99.219 (98.876)	Prec@5 100.000 (99.995)
Epoch: [178][180/391], lr: 0.00010	Loss 0.0303 (0.0443)	Prec@1 98.438 (98.886)	Prec@5 100.000 (99.996)
Epoch: [178][190/391], lr: 0.00010	Loss 0.0375 (0.0439)	Prec@1 98.438 (98.887)	Prec@5 100.000 (99.996)
Epoch: [178][200/391], lr: 0.00010	Loss 0.0225 (0.0439)	Prec@1 99.219 (98.877)	Prec@5 100.000 (99.996)
Epoch: [178][210/391], lr: 0.00010	Loss 0.0235 (0.0435)	Prec@1 100.000 (98.900)	Prec@5 100.000 (99.996)
Epoch: [178][220/391], lr: 0.00010	Loss 0.0226 (0.0434)	Prec@1 100.000 (98.911)	Prec@5 100.000 (99.996)
Epoch: [178][230/391], lr: 0.00010	Loss 0.0133 (0.0434)	Prec@1 100.000 (98.911)	Prec@5 100.000 (99.997)
Epoch: [178][240/391], lr: 0.00010	Loss 0.0255 (0.0439)	Prec@1 100.000 (98.891)	Prec@5 100.000 (99.997)
Epoch: [178][250/391], lr: 0.00010	Loss 0.0374 (0.0440)	Prec@1 99.219 (98.876)	Prec@5 100.000 (99.997)
Epoch: [178][260/391], lr: 0.00010	Loss 0.0858 (0.0438)	Prec@1 98.438 (98.889)	Prec@5 100.000 (99.997)
Epoch: [178][270/391], lr: 0.00010	Loss 0.0567 (0.0438)	Prec@1 98.438 (98.887)	Prec@5 100.000 (99.997)
Epoch: [178][280/391], lr: 0.00010	Loss 0.0146 (0.0434)	Prec@1 100.000 (98.902)	Prec@5 100.000 (99.997)
Epoch: [178][290/391], lr: 0.00010	Loss 0.0669 (0.0435)	Prec@1 98.438 (98.899)	Prec@5 100.000 (99.997)
Epoch: [178][300/391], lr: 0.00010	Loss 0.0298 (0.0436)	Prec@1 98.438 (98.892)	Prec@5 100.000 (99.997)
Epoch: [178][310/391], lr: 0.00010	Loss 0.0272 (0.0436)	Prec@1 100.000 (98.887)	Prec@5 100.000 (99.997)
Epoch: [178][320/391], lr: 0.00010	Loss 0.0546 (0.0433)	Prec@1 98.438 (98.905)	Prec@5 100.000 (99.998)
Epoch: [178][330/391], lr: 0.00010	Loss 0.0347 (0.0435)	Prec@1 99.219 (98.898)	Prec@5 100.000 (99.998)
Epoch: [178][340/391], lr: 0.00010	Loss 0.0523 (0.0436)	Prec@1 98.438 (98.896)	Prec@5 100.000 (99.995)
Epoch: [178][350/391], lr: 0.00010	Loss 0.0481 (0.0438)	Prec@1 97.656 (98.887)	Prec@5 100.000 (99.993)
Epoch: [178][360/391], lr: 0.00010	Loss 0.0442 (0.0439)	Prec@1 99.219 (98.888)	Prec@5 100.000 (99.994)
Epoch: [178][370/391], lr: 0.00010	Loss 0.0159 (0.0440)	Prec@1 100.000 (98.882)	Prec@5 100.000 (99.994)
Epoch: [178][380/391], lr: 0.00010	Loss 0.0663 (0.0441)	Prec@1 99.219 (98.878)	Prec@5 99.219 (99.992)
Epoch: [178][390/391], lr: 0.00010	Loss 0.0199 (0.0441)	Prec@1 100.000 (98.878)	Prec@5 100.000 (99.992)
Epoch [178] Training Results: Prec@1 98.878 Prec@5 99.992             Loss 0.04407
Epoch [178] Training Class Recall: [0.963,0.975,0.973,0.989,0.994,0.996,0.999,0.999,0.999,0.999]

Epoch: [179][0/391], lr: 0.00010	Loss 0.0315 (0.0315)	Prec@1 99.219 (99.219)	Prec@5 100.000 (100.000)
Epoch: [179][10/391], lr: 0.00010	Loss 0.0420 (0.0453)	Prec@1 98.438 (98.935)	Prec@5 100.000 (100.000)
Epoch: [179][20/391], lr: 0.00010	Loss 0.0335 (0.0411)	Prec@1 99.219 (99.182)	Prec@5 100.000 (100.000)
Epoch: [179][30/391], lr: 0.00010	Loss 0.0474 (0.0401)	Prec@1 99.219 (99.219)	Prec@5 100.000 (100.000)
Epoch: [179][40/391], lr: 0.00010	Loss 0.0108 (0.0383)	Prec@1 100.000 (99.200)	Prec@5 100.000 (100.000)
Epoch: [179][50/391], lr: 0.00010	Loss 0.0274 (0.0402)	Prec@1 100.000 (99.112)	Prec@5 100.000 (100.000)
Epoch: [179][60/391], lr: 0.00010	Loss 0.0190 (0.0391)	Prec@1 100.000 (99.155)	Prec@5 100.000 (100.000)
Epoch: [179][70/391], lr: 0.00010	Loss 0.0245 (0.0394)	Prec@1 100.000 (99.142)	Prec@5 100.000 (100.000)
Epoch: [179][80/391], lr: 0.00010	Loss 0.0591 (0.0406)	Prec@1 97.656 (99.093)	Prec@5 100.000 (100.000)
Epoch: [179][90/391], lr: 0.00010	Loss 0.0137 (0.0392)	Prec@1 100.000 (99.133)	Prec@5 100.000 (100.000)
Epoch: [179][100/391], lr: 0.00010	Loss 0.0254 (0.0395)	Prec@1 99.219 (99.118)	Prec@5 100.000 (100.000)
Epoch: [179][110/391], lr: 0.00010	Loss 0.0444 (0.0400)	Prec@1 97.656 (99.064)	Prec@5 100.000 (100.000)
Epoch: [179][120/391], lr: 0.00010	Loss 0.0271 (0.0400)	Prec@1 99.219 (99.044)	Prec@5 100.000 (100.000)
Epoch: [179][130/391], lr: 0.00010	Loss 0.0296 (0.0410)	Prec@1 99.219 (99.016)	Prec@5 100.000 (100.000)
Epoch: [179][140/391], lr: 0.00010	Loss 0.0411 (0.0411)	Prec@1 99.219 (99.003)	Prec@5 100.000 (99.994)
Epoch: [179][150/391], lr: 0.00010	Loss 0.0524 (0.0421)	Prec@1 98.438 (98.981)	Prec@5 100.000 (99.990)
Epoch: [179][160/391], lr: 0.00010	Loss 0.0300 (0.0421)	Prec@1 99.219 (98.981)	Prec@5 100.000 (99.990)
Epoch: [179][170/391], lr: 0.00010	Loss 0.0743 (0.0418)	Prec@1 98.438 (98.999)	Prec@5 100.000 (99.991)
Epoch: [179][180/391], lr: 0.00010	Loss 0.0367 (0.0415)	Prec@1 99.219 (99.012)	Prec@5 100.000 (99.991)
Epoch: [179][190/391], lr: 0.00010	Loss 0.0435 (0.0412)	Prec@1 99.219 (99.027)	Prec@5 100.000 (99.992)
Epoch: [179][200/391], lr: 0.00010	Loss 0.0131 (0.0409)	Prec@1 100.000 (99.036)	Prec@5 100.000 (99.992)
Epoch: [179][210/391], lr: 0.00010	Loss 0.0187 (0.0411)	Prec@1 100.000 (99.034)	Prec@5 100.000 (99.993)
Epoch: [179][220/391], lr: 0.00010	Loss 0.0416 (0.0412)	Prec@1 99.219 (99.028)	Prec@5 100.000 (99.989)
Epoch: [179][230/391], lr: 0.00010	Loss 0.0235 (0.0410)	Prec@1 99.219 (99.026)	Prec@5 100.000 (99.986)
Epoch: [179][240/391], lr: 0.00010	Loss 0.0379 (0.0408)	Prec@1 98.438 (99.027)	Prec@5 100.000 (99.987)
Epoch: [179][250/391], lr: 0.00010	Loss 0.0277 (0.0410)	Prec@1 100.000 (99.013)	Prec@5 100.000 (99.988)
Epoch: [179][260/391], lr: 0.00010	Loss 0.0543 (0.0413)	Prec@1 98.438 (99.000)	Prec@5 100.000 (99.988)
Epoch: [179][270/391], lr: 0.00010	Loss 0.0564 (0.0416)	Prec@1 98.438 (99.003)	Prec@5 100.000 (99.986)
Epoch: [179][280/391], lr: 0.00010	Loss 0.0262 (0.0416)	Prec@1 100.000 (99.005)	Prec@5 100.000 (99.986)
Epoch: [179][290/391], lr: 0.00010	Loss 0.0367 (0.0415)	Prec@1 99.219 (99.001)	Prec@5 100.000 (99.987)
Epoch: [179][300/391], lr: 0.00010	Loss 0.0357 (0.0419)	Prec@1 99.219 (98.985)	Prec@5 100.000 (99.987)
Epoch: [179][310/391], lr: 0.00010	Loss 0.0460 (0.0419)	Prec@1 99.219 (98.988)	Prec@5 100.000 (99.987)
Epoch: [179][320/391], lr: 0.00010	Loss 0.0280 (0.0422)	Prec@1 99.219 (98.961)	Prec@5 100.000 (99.988)
Epoch: [179][330/391], lr: 0.00010	Loss 0.1026 (0.0428)	Prec@1 96.875 (98.938)	Prec@5 100.000 (99.988)
Epoch: [179][340/391], lr: 0.00010	Loss 0.0456 (0.0428)	Prec@1 99.219 (98.935)	Prec@5 100.000 (99.989)
Epoch: [179][350/391], lr: 0.00010	Loss 0.0227 (0.0428)	Prec@1 100.000 (98.925)	Prec@5 100.000 (99.989)
Epoch: [179][360/391], lr: 0.00010	Loss 0.0543 (0.0430)	Prec@1 97.656 (98.918)	Prec@5 100.000 (99.989)
Epoch: [179][370/391], lr: 0.00010	Loss 0.0204 (0.0428)	Prec@1 100.000 (98.924)	Prec@5 100.000 (99.989)
Epoch: [179][380/391], lr: 0.00010	Loss 0.0247 (0.0426)	Prec@1 100.000 (98.926)	Prec@5 100.000 (99.990)
Epoch: [179][390/391], lr: 0.00010	Loss 0.0408 (0.0428)	Prec@1 98.750 (98.920)	Prec@5 100.000 (99.990)
Epoch [179] Training Results: Prec@1 98.920 Prec@5 99.990             Loss 0.04280
Epoch [179] Training Class Recall: [0.965,0.974,0.974,0.990,0.996,0.997,0.999,0.999,0.999,0.999]

Epoch: [180][0/391], lr: 0.00000	Loss 0.0207 (0.0207)	Prec@1 100.000 (100.000)	Prec@5 100.000 (100.000)
Epoch: [180][10/391], lr: 0.00000	Loss 0.0274 (0.0474)	Prec@1 99.219 (98.935)	Prec@5 100.000 (99.929)
Epoch: [180][20/391], lr: 0.00000	Loss 0.0330 (0.0429)	Prec@1 98.438 (99.033)	Prec@5 100.000 (99.963)
Epoch: [180][30/391], lr: 0.00000	Loss 0.0465 (0.0402)	Prec@1 99.219 (99.068)	Prec@5 100.000 (99.975)
Epoch: [180][40/391], lr: 0.00000	Loss 0.0390 (0.0427)	Prec@1 98.438 (98.952)	Prec@5 100.000 (99.981)
Epoch: [180][50/391], lr: 0.00000	Loss 0.0201 (0.0426)	Prec@1 100.000 (98.958)	Prec@5 100.000 (99.985)
Epoch: [180][60/391], lr: 0.00000	Loss 0.0419 (0.0423)	Prec@1 98.438 (98.911)	Prec@5 100.000 (99.987)
Epoch: [180][70/391], lr: 0.00000	Loss 0.0494 (0.0415)	Prec@1 98.438 (98.933)	Prec@5 100.000 (99.989)
Epoch: [180][80/391], lr: 0.00000	Loss 0.0508 (0.0430)	Prec@1 99.219 (98.920)	Prec@5 100.000 (99.990)
Epoch: [180][90/391], lr: 0.00000	Loss 0.0173 (0.0423)	Prec@1 100.000 (98.953)	Prec@5 100.000 (99.991)
Epoch: [180][100/391], lr: 0.00000	Loss 0.0338 (0.0425)	Prec@1 99.219 (98.894)	Prec@5 100.000 (99.985)
Epoch: [180][110/391], lr: 0.00000	Loss 0.0216 (0.0414)	Prec@1 100.000 (98.923)	Prec@5 100.000 (99.986)
Epoch: [180][120/391], lr: 0.00000	Loss 0.0404 (0.0412)	Prec@1 99.219 (98.948)	Prec@5 100.000 (99.987)
Epoch: [180][130/391], lr: 0.00000	Loss 0.0558 (0.0413)	Prec@1 98.438 (98.956)	Prec@5 100.000 (99.988)
Epoch: [180][140/391], lr: 0.00000	Loss 0.0728 (0.0422)	Prec@1 98.438 (98.914)	Prec@5 99.219 (99.983)
Epoch: [180][150/391], lr: 0.00000	Loss 0.0751 (0.0421)	Prec@1 98.438 (98.919)	Prec@5 100.000 (99.984)
Epoch: [180][160/391], lr: 0.00000	Loss 0.0392 (0.0417)	Prec@1 99.219 (98.913)	Prec@5 100.000 (99.985)
Epoch: [180][170/391], lr: 0.00000	Loss 0.0384 (0.0420)	Prec@1 100.000 (98.917)	Prec@5 100.000 (99.986)
Epoch: [180][180/391], lr: 0.00000	Loss 0.0378 (0.0421)	Prec@1 99.219 (98.917)	Prec@5 100.000 (99.987)
Epoch: [180][190/391], lr: 0.00000	Loss 0.0574 (0.0432)	Prec@1 98.438 (98.871)	Prec@5 100.000 (99.988)
Epoch: [180][200/391], lr: 0.00000	Loss 0.0497 (0.0434)	Prec@1 99.219 (98.861)	Prec@5 100.000 (99.984)
Epoch: [180][210/391], lr: 0.00000	Loss 0.0687 (0.0433)	Prec@1 98.438 (98.863)	Prec@5 99.219 (99.981)
Epoch: [180][220/391], lr: 0.00000	Loss 0.0164 (0.0432)	Prec@1 100.000 (98.848)	Prec@5 100.000 (99.982)
Epoch: [180][230/391], lr: 0.00000	Loss 0.0308 (0.0426)	Prec@1 99.219 (98.870)	Prec@5 100.000 (99.983)
Epoch: [180][240/391], lr: 0.00000	Loss 0.0468 (0.0425)	Prec@1 97.656 (98.878)	Prec@5 100.000 (99.981)
Epoch: [180][250/391], lr: 0.00000	Loss 0.0378 (0.0428)	Prec@1 99.219 (98.873)	Prec@5 100.000 (99.981)
Epoch: [180][260/391], lr: 0.00000	Loss 0.0451 (0.0429)	Prec@1 99.219 (98.878)	Prec@5 100.000 (99.982)
Epoch: [180][270/391], lr: 0.00000	Loss 0.0156 (0.0428)	Prec@1 100.000 (98.887)	Prec@5 100.000 (99.983)
Epoch: [180][280/391], lr: 0.00000	Loss 0.0530 (0.0433)	Prec@1 97.656 (98.874)	Prec@5 100.000 (99.983)
Epoch: [180][290/391], lr: 0.00000	Loss 0.0242 (0.0436)	Prec@1 100.000 (98.862)	Prec@5 100.000 (99.984)
Epoch: [180][300/391], lr: 0.00000	Loss 0.0316 (0.0436)	Prec@1 100.000 (98.868)	Prec@5 100.000 (99.984)
Epoch: [180][310/391], lr: 0.00000	Loss 0.0337 (0.0436)	Prec@1 100.000 (98.870)	Prec@5 100.000 (99.985)
Epoch: [180][320/391], lr: 0.00000	Loss 0.0776 (0.0436)	Prec@1 98.438 (98.861)	Prec@5 100.000 (99.985)
Epoch: [180][330/391], lr: 0.00000	Loss 0.0284 (0.0438)	Prec@1 100.000 (98.853)	Prec@5 100.000 (99.986)
Epoch: [180][340/391], lr: 0.00000	Loss 0.0446 (0.0436)	Prec@1 98.438 (98.857)	Prec@5 100.000 (99.986)
Epoch: [180][350/391], lr: 0.00000	Loss 0.0342 (0.0436)	Prec@1 99.219 (98.856)	Prec@5 100.000 (99.987)
Epoch: [180][360/391], lr: 0.00000	Loss 0.0391 (0.0437)	Prec@1 98.438 (98.847)	Prec@5 100.000 (99.987)
Epoch: [180][370/391], lr: 0.00000	Loss 0.0440 (0.0434)	Prec@1 99.219 (98.861)	Prec@5 100.000 (99.987)
Epoch: [180][380/391], lr: 0.00000	Loss 0.0217 (0.0435)	Prec@1 100.000 (98.862)	Prec@5 100.000 (99.988)
Epoch: [180][390/391], lr: 0.00000	Loss 0.0263 (0.0433)	Prec@1 98.750 (98.874)	Prec@5 100.000 (99.988)
Epoch [180] Training Results: Prec@1 98.874 Prec@5 99.988             Loss 0.04326
Epoch [180] Training Class Recall: [0.959,0.972,0.974,0.991,0.996,0.998,0.999,1.000,1.000,1.000]

Epoch: [181][0/391], lr: 0.00000	Loss 0.0323 (0.0323)	Prec@1 99.219 (99.219)	Prec@5 100.000 (100.000)
Epoch: [181][10/391], lr: 0.00000	Loss 0.0143 (0.0397)	Prec@1 100.000 (99.077)	Prec@5 100.000 (100.000)
Epoch: [181][20/391], lr: 0.00000	Loss 0.0294 (0.0403)	Prec@1 99.219 (99.182)	Prec@5 100.000 (100.000)
Epoch: [181][30/391], lr: 0.00000	Loss 0.0671 (0.0402)	Prec@1 96.875 (99.042)	Prec@5 100.000 (100.000)
Epoch: [181][40/391], lr: 0.00000	Loss 0.0199 (0.0401)	Prec@1 100.000 (98.990)	Prec@5 100.000 (100.000)
Epoch: [181][50/391], lr: 0.00000	Loss 0.0208 (0.0410)	Prec@1 99.219 (98.974)	Prec@5 100.000 (100.000)
Epoch: [181][60/391], lr: 0.00000	Loss 0.0379 (0.0412)	Prec@1 98.438 (98.975)	Prec@5 100.000 (100.000)
Epoch: [181][70/391], lr: 0.00000	Loss 0.0419 (0.0401)	Prec@1 98.438 (99.032)	Prec@5 100.000 (100.000)
Epoch: [181][80/391], lr: 0.00000	Loss 0.0461 (0.0413)	Prec@1 97.656 (98.958)	Prec@5 100.000 (100.000)
Epoch: [181][90/391], lr: 0.00000	Loss 0.0475 (0.0410)	Prec@1 99.219 (98.970)	Prec@5 100.000 (100.000)
Epoch: [181][100/391], lr: 0.00000	Loss 0.0349 (0.0420)	Prec@1 99.219 (98.917)	Prec@5 100.000 (100.000)
Epoch: [181][110/391], lr: 0.00000	Loss 0.0567 (0.0419)	Prec@1 98.438 (98.937)	Prec@5 100.000 (100.000)
Epoch: [181][120/391], lr: 0.00000	Loss 0.0455 (0.0418)	Prec@1 98.438 (98.935)	Prec@5 100.000 (100.000)
Epoch: [181][130/391], lr: 0.00000	Loss 0.0210 (0.0412)	Prec@1 99.219 (98.944)	Prec@5 100.000 (100.000)
Epoch: [181][140/391], lr: 0.00000	Loss 0.0360 (0.0419)	Prec@1 100.000 (98.903)	Prec@5 100.000 (100.000)
Epoch: [181][150/391], lr: 0.00000	Loss 0.0791 (0.0425)	Prec@1 98.438 (98.908)	Prec@5 100.000 (100.000)
Epoch: [181][160/391], lr: 0.00000	Loss 0.0582 (0.0424)	Prec@1 98.438 (98.918)	Prec@5 100.000 (99.995)
Epoch: [181][170/391], lr: 0.00000	Loss 0.0440 (0.0425)	Prec@1 99.219 (98.908)	Prec@5 100.000 (99.995)
Epoch: [181][180/391], lr: 0.00000	Loss 0.0614 (0.0424)	Prec@1 99.219 (98.912)	Prec@5 100.000 (99.996)
Epoch: [181][190/391], lr: 0.00000	Loss 0.0522 (0.0422)	Prec@1 99.219 (98.916)	Prec@5 100.000 (99.992)
Epoch: [181][200/391], lr: 0.00000	Loss 0.0119 (0.0419)	Prec@1 100.000 (98.927)	Prec@5 100.000 (99.992)
Epoch: [181][210/391], lr: 0.00000	Loss 0.0395 (0.0418)	Prec@1 99.219 (98.934)	Prec@5 100.000 (99.993)
Epoch: [181][220/391], lr: 0.00000	Loss 0.0526 (0.0415)	Prec@1 98.438 (98.947)	Prec@5 100.000 (99.993)
Epoch: [181][230/391], lr: 0.00000	Loss 0.0639 (0.0419)	Prec@1 97.656 (98.928)	Prec@5 100.000 (99.993)
Epoch: [181][240/391], lr: 0.00000	Loss 0.0732 (0.0418)	Prec@1 97.656 (98.937)	Prec@5 100.000 (99.994)
Epoch: [181][250/391], lr: 0.00000	Loss 0.1010 (0.0420)	Prec@1 97.656 (98.948)	Prec@5 100.000 (99.991)
Epoch: [181][260/391], lr: 0.00000	Loss 0.0338 (0.0421)	Prec@1 99.219 (98.943)	Prec@5 100.000 (99.991)
Epoch: [181][270/391], lr: 0.00000	Loss 0.0633 (0.0420)	Prec@1 97.656 (98.942)	Prec@5 100.000 (99.991)
Epoch: [181][280/391], lr: 0.00000	Loss 0.0395 (0.0418)	Prec@1 98.438 (98.941)	Prec@5 100.000 (99.992)
Epoch: [181][290/391], lr: 0.00000	Loss 0.0328 (0.0418)	Prec@1 100.000 (98.945)	Prec@5 100.000 (99.992)
Epoch: [181][300/391], lr: 0.00000	Loss 0.0441 (0.0420)	Prec@1 98.438 (98.936)	Prec@5 100.000 (99.992)
Epoch: [181][310/391], lr: 0.00000	Loss 0.0211 (0.0419)	Prec@1 100.000 (98.937)	Prec@5 100.000 (99.992)
Epoch: [181][320/391], lr: 0.00000	Loss 0.0259 (0.0419)	Prec@1 99.219 (98.936)	Prec@5 100.000 (99.993)
Epoch: [181][330/391], lr: 0.00000	Loss 0.0296 (0.0417)	Prec@1 99.219 (98.947)	Prec@5 100.000 (99.993)
Epoch: [181][340/391], lr: 0.00000	Loss 0.0407 (0.0420)	Prec@1 99.219 (98.951)	Prec@5 100.000 (99.991)
Epoch: [181][350/391], lr: 0.00000	Loss 0.0458 (0.0420)	Prec@1 98.438 (98.947)	Prec@5 100.000 (99.991)
Epoch: [181][360/391], lr: 0.00000	Loss 0.0189 (0.0417)	Prec@1 99.219 (98.961)	Prec@5 100.000 (99.991)
Epoch: [181][370/391], lr: 0.00000	Loss 0.0215 (0.0417)	Prec@1 99.219 (98.964)	Prec@5 100.000 (99.992)
Epoch: [181][380/391], lr: 0.00000	Loss 0.0333 (0.0420)	Prec@1 99.219 (98.962)	Prec@5 100.000 (99.992)
Epoch: [181][390/391], lr: 0.00000	Loss 0.0256 (0.0419)	Prec@1 100.000 (98.960)	Prec@5 100.000 (99.992)
Epoch [181] Training Results: Prec@1 98.960 Prec@5 99.992             Loss 0.04193
Epoch [181] Training Class Recall: [0.970,0.974,0.974,0.989,0.996,0.997,0.999,0.999,0.999,1.000]

Epoch: [182][0/391], lr: 0.00000	Loss 0.0221 (0.0221)	Prec@1 100.000 (100.000)	Prec@5 100.000 (100.000)
Epoch: [182][10/391], lr: 0.00000	Loss 0.0545 (0.0384)	Prec@1 98.438 (99.006)	Prec@5 100.000 (100.000)
Epoch: [182][20/391], lr: 0.00000	Loss 0.0554 (0.0502)	Prec@1 98.438 (98.735)	Prec@5 100.000 (100.000)
Epoch: [182][30/391], lr: 0.00000	Loss 0.0339 (0.0446)	Prec@1 98.438 (98.891)	Prec@5 100.000 (100.000)
Epoch: [182][40/391], lr: 0.00000	Loss 0.0612 (0.0426)	Prec@1 98.438 (98.933)	Prec@5 100.000 (100.000)
Epoch: [182][50/391], lr: 0.00000	Loss 0.0235 (0.0415)	Prec@1 99.219 (98.943)	Prec@5 100.000 (100.000)
Epoch: [182][60/391], lr: 0.00000	Loss 0.0263 (0.0428)	Prec@1 100.000 (98.911)	Prec@5 100.000 (100.000)
Epoch: [182][70/391], lr: 0.00000	Loss 0.0360 (0.0416)	Prec@1 99.219 (98.977)	Prec@5 100.000 (100.000)
Epoch: [182][80/391], lr: 0.00000	Loss 0.0391 (0.0408)	Prec@1 97.656 (99.016)	Prec@5 100.000 (100.000)
Epoch: [182][90/391], lr: 0.00000	Loss 0.0241 (0.0403)	Prec@1 100.000 (99.030)	Prec@5 100.000 (100.000)
Epoch: [182][100/391], lr: 0.00000	Loss 0.0250 (0.0403)	Prec@1 99.219 (99.018)	Prec@5 100.000 (100.000)
Epoch: [182][110/391], lr: 0.00000	Loss 0.1039 (0.0415)	Prec@1 96.875 (98.986)	Prec@5 100.000 (100.000)
Epoch: [182][120/391], lr: 0.00000	Loss 0.0102 (0.0411)	Prec@1 100.000 (99.006)	Prec@5 100.000 (100.000)
Epoch: [182][130/391], lr: 0.00000	Loss 0.0228 (0.0411)	Prec@1 99.219 (98.998)	Prec@5 100.000 (100.000)
Epoch: [182][140/391], lr: 0.00000	Loss 0.0284 (0.0408)	Prec@1 99.219 (99.003)	Prec@5 100.000 (100.000)
Epoch: [182][150/391], lr: 0.00000	Loss 0.1124 (0.0410)	Prec@1 96.094 (98.986)	Prec@5 100.000 (100.000)
Epoch: [182][160/391], lr: 0.00000	Loss 0.0424 (0.0406)	Prec@1 99.219 (99.010)	Prec@5 100.000 (100.000)
Epoch: [182][170/391], lr: 0.00000	Loss 0.0476 (0.0407)	Prec@1 98.438 (99.013)	Prec@5 99.219 (99.995)
Epoch: [182][180/391], lr: 0.00000	Loss 0.0292 (0.0408)	Prec@1 100.000 (99.020)	Prec@5 100.000 (99.991)
Epoch: [182][190/391], lr: 0.00000	Loss 0.0198 (0.0403)	Prec@1 99.219 (99.031)	Prec@5 100.000 (99.992)
Epoch: [182][200/391], lr: 0.00000	Loss 0.0669 (0.0407)	Prec@1 97.656 (99.021)	Prec@5 100.000 (99.988)
Epoch: [182][210/391], lr: 0.00000	Loss 0.0603 (0.0404)	Prec@1 98.438 (99.034)	Prec@5 100.000 (99.989)
Epoch: [182][220/391], lr: 0.00000	Loss 0.0575 (0.0405)	Prec@1 99.219 (99.046)	Prec@5 100.000 (99.989)
Epoch: [182][230/391], lr: 0.00000	Loss 0.0448 (0.0404)	Prec@1 98.438 (99.040)	Prec@5 100.000 (99.990)
Epoch: [182][240/391], lr: 0.00000	Loss 0.0644 (0.0410)	Prec@1 98.438 (98.998)	Prec@5 100.000 (99.990)
Epoch: [182][250/391], lr: 0.00000	Loss 0.0241 (0.0406)	Prec@1 99.219 (99.007)	Prec@5 100.000 (99.991)
Epoch: [182][260/391], lr: 0.00000	Loss 0.0385 (0.0404)	Prec@1 99.219 (99.006)	Prec@5 100.000 (99.991)
Epoch: [182][270/391], lr: 0.00000	Loss 0.0203 (0.0411)	Prec@1 100.000 (98.994)	Prec@5 100.000 (99.988)
Epoch: [182][280/391], lr: 0.00000	Loss 0.0244 (0.0417)	Prec@1 100.000 (98.969)	Prec@5 100.000 (99.989)
Epoch: [182][290/391], lr: 0.00000	Loss 0.0359 (0.0416)	Prec@1 99.219 (98.982)	Prec@5 100.000 (99.989)
Epoch: [182][300/391], lr: 0.00000	Loss 0.0256 (0.0415)	Prec@1 100.000 (98.996)	Prec@5 100.000 (99.990)
Epoch: [182][310/391], lr: 0.00000	Loss 0.0208 (0.0415)	Prec@1 100.000 (99.003)	Prec@5 100.000 (99.990)
Epoch: [182][320/391], lr: 0.00000	Loss 0.0556 (0.0414)	Prec@1 98.438 (99.002)	Prec@5 100.000 (99.990)
Epoch: [182][330/391], lr: 0.00000	Loss 0.0376 (0.0417)	Prec@1 99.219 (98.985)	Prec@5 100.000 (99.988)
Epoch: [182][340/391], lr: 0.00000	Loss 0.0284 (0.0418)	Prec@1 100.000 (98.992)	Prec@5 100.000 (99.989)
Epoch: [182][350/391], lr: 0.00000	Loss 0.0238 (0.0417)	Prec@1 99.219 (98.989)	Prec@5 100.000 (99.989)
Epoch: [182][360/391], lr: 0.00000	Loss 0.0475 (0.0420)	Prec@1 98.438 (98.981)	Prec@5 100.000 (99.989)
Epoch: [182][370/391], lr: 0.00000	Loss 0.0346 (0.0421)	Prec@1 98.438 (98.974)	Prec@5 100.000 (99.989)
Epoch: [182][380/391], lr: 0.00000	Loss 0.0362 (0.0423)	Prec@1 99.219 (98.971)	Prec@5 100.000 (99.990)
Epoch: [182][390/391], lr: 0.00000	Loss 0.0148 (0.0423)	Prec@1 100.000 (98.968)	Prec@5 100.000 (99.990)
Epoch [182] Training Results: Prec@1 98.968 Prec@5 99.990             Loss 0.04232
Epoch [182] Training Class Recall: [0.966,0.974,0.975,0.988,0.997,0.998,1.000,0.999,1.000,1.000]

Epoch: [183][0/391], lr: 0.00000	Loss 0.0338 (0.0338)	Prec@1 100.000 (100.000)	Prec@5 100.000 (100.000)
Epoch: [183][10/391], lr: 0.00000	Loss 0.0202 (0.0318)	Prec@1 100.000 (99.432)	Prec@5 100.000 (100.000)
Epoch: [183][20/391], lr: 0.00000	Loss 0.0389 (0.0410)	Prec@1 99.219 (99.144)	Prec@5 100.000 (100.000)
Epoch: [183][30/391], lr: 0.00000	Loss 0.0376 (0.0415)	Prec@1 99.219 (99.093)	Prec@5 100.000 (100.000)
Epoch: [183][40/391], lr: 0.00000	Loss 0.0401 (0.0434)	Prec@1 97.656 (98.914)	Prec@5 100.000 (100.000)
Epoch: [183][50/391], lr: 0.00000	Loss 0.0239 (0.0407)	Prec@1 99.219 (99.004)	Prec@5 100.000 (100.000)
Epoch: [183][60/391], lr: 0.00000	Loss 0.0277 (0.0400)	Prec@1 99.219 (99.001)	Prec@5 100.000 (100.000)
Epoch: [183][70/391], lr: 0.00000	Loss 0.0259 (0.0388)	Prec@1 99.219 (99.032)	Prec@5 100.000 (100.000)
Epoch: [183][80/391], lr: 0.00000	Loss 0.0593 (0.0397)	Prec@1 96.875 (98.949)	Prec@5 100.000 (100.000)
Epoch: [183][90/391], lr: 0.00000	Loss 0.0275 (0.0407)	Prec@1 99.219 (98.875)	Prec@5 100.000 (100.000)
Epoch: [183][100/391], lr: 0.00000	Loss 0.0436 (0.0415)	Prec@1 98.438 (98.855)	Prec@5 100.000 (100.000)
Epoch: [183][110/391], lr: 0.00000	Loss 0.0282 (0.0420)	Prec@1 100.000 (98.853)	Prec@5 100.000 (100.000)
Epoch: [183][120/391], lr: 0.00000	Loss 0.0436 (0.0411)	Prec@1 99.219 (98.877)	Prec@5 100.000 (100.000)
Epoch: [183][130/391], lr: 0.00000	Loss 0.0725 (0.0414)	Prec@1 98.438 (98.861)	Prec@5 100.000 (100.000)
Epoch: [183][140/391], lr: 0.00000	Loss 0.0486 (0.0413)	Prec@1 97.656 (98.853)	Prec@5 100.000 (100.000)
Epoch: [183][150/391], lr: 0.00000	Loss 0.0342 (0.0411)	Prec@1 99.219 (98.867)	Prec@5 100.000 (100.000)
Epoch: [183][160/391], lr: 0.00000	Loss 0.0772 (0.0413)	Prec@1 98.438 (98.855)	Prec@5 100.000 (100.000)
Epoch: [183][170/391], lr: 0.00000	Loss 0.0140 (0.0414)	Prec@1 100.000 (98.872)	Prec@5 100.000 (99.995)
Epoch: [183][180/391], lr: 0.00000	Loss 0.0239 (0.0415)	Prec@1 100.000 (98.869)	Prec@5 100.000 (99.996)
Epoch: [183][190/391], lr: 0.00000	Loss 0.0837 (0.0422)	Prec@1 98.438 (98.859)	Prec@5 100.000 (99.996)
Epoch: [183][200/391], lr: 0.00000	Loss 0.0783 (0.0427)	Prec@1 97.656 (98.834)	Prec@5 100.000 (99.992)
Epoch: [183][210/391], lr: 0.00000	Loss 0.0265 (0.0427)	Prec@1 98.438 (98.845)	Prec@5 100.000 (99.993)
Epoch: [183][220/391], lr: 0.00000	Loss 0.0485 (0.0428)	Prec@1 97.656 (98.851)	Prec@5 100.000 (99.993)
Epoch: [183][230/391], lr: 0.00000	Loss 0.0230 (0.0427)	Prec@1 100.000 (98.867)	Prec@5 100.000 (99.993)
Epoch: [183][240/391], lr: 0.00000	Loss 0.0312 (0.0424)	Prec@1 99.219 (98.878)	Prec@5 100.000 (99.994)
Epoch: [183][250/391], lr: 0.00000	Loss 0.0871 (0.0423)	Prec@1 98.438 (98.886)	Prec@5 100.000 (99.994)
Epoch: [183][260/391], lr: 0.00000	Loss 0.0303 (0.0425)	Prec@1 100.000 (98.886)	Prec@5 100.000 (99.994)
Epoch: [183][270/391], lr: 0.00000	Loss 0.0306 (0.0422)	Prec@1 100.000 (98.913)	Prec@5 100.000 (99.994)
Epoch: [183][280/391], lr: 0.00000	Loss 0.0833 (0.0420)	Prec@1 97.656 (98.921)	Prec@5 100.000 (99.994)
Epoch: [183][290/391], lr: 0.00000	Loss 0.0608 (0.0419)	Prec@1 98.438 (98.929)	Prec@5 100.000 (99.995)
Epoch: [183][300/391], lr: 0.00000	Loss 0.0511 (0.0420)	Prec@1 99.219 (98.923)	Prec@5 100.000 (99.995)
Epoch: [183][310/391], lr: 0.00000	Loss 0.0714 (0.0420)	Prec@1 97.656 (98.922)	Prec@5 100.000 (99.992)
Epoch: [183][320/391], lr: 0.00000	Loss 0.0698 (0.0421)	Prec@1 97.656 (98.927)	Prec@5 100.000 (99.993)
Epoch: [183][330/391], lr: 0.00000	Loss 0.0270 (0.0421)	Prec@1 99.219 (98.924)	Prec@5 100.000 (99.993)
Epoch: [183][340/391], lr: 0.00000	Loss 0.0125 (0.0421)	Prec@1 100.000 (98.923)	Prec@5 100.000 (99.993)
Epoch: [183][350/391], lr: 0.00000	Loss 0.0655 (0.0421)	Prec@1 97.656 (98.923)	Prec@5 100.000 (99.993)
Epoch: [183][360/391], lr: 0.00000	Loss 0.0349 (0.0420)	Prec@1 98.438 (98.927)	Prec@5 100.000 (99.994)
Epoch: [183][370/391], lr: 0.00000	Loss 0.0431 (0.0418)	Prec@1 99.219 (98.939)	Prec@5 100.000 (99.994)
Epoch: [183][380/391], lr: 0.00000	Loss 0.0825 (0.0418)	Prec@1 96.875 (98.942)	Prec@5 100.000 (99.994)
Epoch: [183][390/391], lr: 0.00000	Loss 0.0163 (0.0417)	Prec@1 100.000 (98.946)	Prec@5 100.000 (99.994)
Epoch [183] Training Results: Prec@1 98.946 Prec@5 99.994             Loss 0.04172
Epoch [183] Training Class Recall: [0.965,0.975,0.974,0.989,0.996,0.998,1.000,0.999,0.999,1.000]

Epoch: [184][0/391], lr: 0.00000	Loss 0.0928 (0.0928)	Prec@1 98.438 (98.438)	Prec@5 100.000 (100.000)
Epoch: [184][10/391], lr: 0.00000	Loss 0.0688 (0.0533)	Prec@1 97.656 (98.793)	Prec@5 100.000 (99.929)
Epoch: [184][20/391], lr: 0.00000	Loss 0.0290 (0.0514)	Prec@1 100.000 (98.475)	Prec@5 100.000 (99.963)
Epoch: [184][30/391], lr: 0.00000	Loss 0.0421 (0.0501)	Prec@1 98.438 (98.538)	Prec@5 100.000 (99.975)
Epoch: [184][40/391], lr: 0.00000	Loss 0.0485 (0.0478)	Prec@1 98.438 (98.609)	Prec@5 100.000 (99.981)
Epoch: [184][50/391], lr: 0.00000	Loss 0.0596 (0.0467)	Prec@1 98.438 (98.667)	Prec@5 100.000 (99.985)
Epoch: [184][60/391], lr: 0.00000	Loss 0.0228 (0.0455)	Prec@1 100.000 (98.758)	Prec@5 100.000 (99.987)
Epoch: [184][70/391], lr: 0.00000	Loss 0.0332 (0.0445)	Prec@1 99.219 (98.801)	Prec@5 100.000 (99.989)
Epoch: [184][80/391], lr: 0.00000	Loss 0.0549 (0.0438)	Prec@1 99.219 (98.843)	Prec@5 100.000 (99.990)
Epoch: [184][90/391], lr: 0.00000	Loss 0.0529 (0.0434)	Prec@1 97.656 (98.850)	Prec@5 100.000 (99.991)
Epoch: [184][100/391], lr: 0.00000	Loss 0.0528 (0.0435)	Prec@1 98.438 (98.847)	Prec@5 100.000 (99.992)
Epoch: [184][110/391], lr: 0.00000	Loss 0.0409 (0.0437)	Prec@1 99.219 (98.853)	Prec@5 100.000 (99.993)
Epoch: [184][120/391], lr: 0.00000	Loss 0.0145 (0.0431)	Prec@1 100.000 (98.864)	Prec@5 100.000 (99.994)
Epoch: [184][130/391], lr: 0.00000	Loss 0.0318 (0.0430)	Prec@1 98.438 (98.855)	Prec@5 100.000 (99.994)
Epoch: [184][140/391], lr: 0.00000	Loss 0.0268 (0.0432)	Prec@1 99.219 (98.853)	Prec@5 100.000 (99.989)
Epoch: [184][150/391], lr: 0.00000	Loss 0.0469 (0.0427)	Prec@1 99.219 (98.888)	Prec@5 100.000 (99.990)
Epoch: [184][160/391], lr: 0.00000	Loss 0.0296 (0.0424)	Prec@1 99.219 (98.884)	Prec@5 100.000 (99.990)
Epoch: [184][170/391], lr: 0.00000	Loss 0.0827 (0.0424)	Prec@1 98.438 (98.894)	Prec@5 100.000 (99.991)
Epoch: [184][180/391], lr: 0.00000	Loss 0.0172 (0.0426)	Prec@1 100.000 (98.895)	Prec@5 100.000 (99.991)
Epoch: [184][190/391], lr: 0.00000	Loss 0.0286 (0.0432)	Prec@1 99.219 (98.879)	Prec@5 100.000 (99.992)
Epoch: [184][200/391], lr: 0.00000	Loss 0.0404 (0.0429)	Prec@1 99.219 (98.896)	Prec@5 100.000 (99.992)
Epoch: [184][210/391], lr: 0.00000	Loss 0.0970 (0.0431)	Prec@1 97.656 (98.889)	Prec@5 100.000 (99.993)
Epoch: [184][220/391], lr: 0.00000	Loss 0.0459 (0.0429)	Prec@1 97.656 (98.901)	Prec@5 100.000 (99.989)
Epoch: [184][230/391], lr: 0.00000	Loss 0.0363 (0.0431)	Prec@1 99.219 (98.894)	Prec@5 100.000 (99.986)
Epoch: [184][240/391], lr: 0.00000	Loss 0.0438 (0.0430)	Prec@1 99.219 (98.901)	Prec@5 100.000 (99.987)
Epoch: [184][250/391], lr: 0.00000	Loss 0.0312 (0.0427)	Prec@1 98.438 (98.898)	Prec@5 100.000 (99.988)
Epoch: [184][260/391], lr: 0.00000	Loss 0.0296 (0.0426)	Prec@1 99.219 (98.904)	Prec@5 100.000 (99.988)
Epoch: [184][270/391], lr: 0.00000	Loss 0.0221 (0.0432)	Prec@1 100.000 (98.887)	Prec@5 100.000 (99.988)
Epoch: [184][280/391], lr: 0.00000	Loss 0.0783 (0.0433)	Prec@1 98.438 (98.885)	Prec@5 100.000 (99.986)
Epoch: [184][290/391], lr: 0.00000	Loss 0.0451 (0.0432)	Prec@1 98.438 (98.891)	Prec@5 100.000 (99.987)
Epoch: [184][300/391], lr: 0.00000	Loss 0.0180 (0.0431)	Prec@1 100.000 (98.889)	Prec@5 100.000 (99.987)
Epoch: [184][310/391], lr: 0.00000	Loss 0.0239 (0.0431)	Prec@1 99.219 (98.892)	Prec@5 100.000 (99.985)
Epoch: [184][320/391], lr: 0.00000	Loss 0.0211 (0.0429)	Prec@1 100.000 (98.895)	Prec@5 100.000 (99.985)
Epoch: [184][330/391], lr: 0.00000	Loss 0.0355 (0.0427)	Prec@1 99.219 (98.910)	Prec@5 100.000 (99.986)
Epoch: [184][340/391], lr: 0.00000	Loss 0.0497 (0.0433)	Prec@1 98.438 (98.884)	Prec@5 100.000 (99.986)
Epoch: [184][350/391], lr: 0.00000	Loss 0.0352 (0.0432)	Prec@1 99.219 (98.885)	Prec@5 100.000 (99.987)
Epoch: [184][360/391], lr: 0.00000	Loss 0.0248 (0.0429)	Prec@1 100.000 (98.896)	Prec@5 100.000 (99.987)
Epoch: [184][370/391], lr: 0.00000	Loss 0.0282 (0.0431)	Prec@1 98.438 (98.876)	Prec@5 100.000 (99.987)
Epoch: [184][380/391], lr: 0.00000	Loss 0.0163 (0.0430)	Prec@1 100.000 (98.882)	Prec@5 100.000 (99.988)
Epoch: [184][390/391], lr: 0.00000	Loss 0.0712 (0.0430)	Prec@1 97.500 (98.870)	Prec@5 100.000 (99.988)
Epoch [184] Training Results: Prec@1 98.870 Prec@5 99.988             Loss 0.04302
Epoch [184] Training Class Recall: [0.963,0.971,0.975,0.987,0.996,0.997,0.999,1.000,1.000,0.999]

Epoch: [185][0/391], lr: 0.00000	Loss 0.0265 (0.0265)	Prec@1 100.000 (100.000)	Prec@5 100.000 (100.000)
Epoch: [185][10/391], lr: 0.00000	Loss 0.0382 (0.0443)	Prec@1 100.000 (99.219)	Prec@5 100.000 (100.000)
Epoch: [185][20/391], lr: 0.00000	Loss 0.0666 (0.0522)	Prec@1 98.438 (98.810)	Prec@5 100.000 (100.000)
Epoch: [185][30/391], lr: 0.00000	Loss 0.0427 (0.0496)	Prec@1 97.656 (98.715)	Prec@5 100.000 (100.000)
Epoch: [185][40/391], lr: 0.00000	Loss 0.0422 (0.0479)	Prec@1 98.438 (98.742)	Prec@5 100.000 (100.000)
Epoch: [185][50/391], lr: 0.00000	Loss 0.0251 (0.0455)	Prec@1 100.000 (98.851)	Prec@5 100.000 (100.000)
Epoch: [185][60/391], lr: 0.00000	Loss 0.0286 (0.0443)	Prec@1 99.219 (98.860)	Prec@5 100.000 (100.000)
Epoch: [185][70/391], lr: 0.00000	Loss 0.0860 (0.0455)	Prec@1 98.438 (98.900)	Prec@5 99.219 (99.989)
Epoch: [185][80/391], lr: 0.00000	Loss 0.0448 (0.0452)	Prec@1 97.656 (98.900)	Prec@5 100.000 (99.981)
Epoch: [185][90/391], lr: 0.00000	Loss 0.0403 (0.0439)	Prec@1 98.438 (98.918)	Prec@5 100.000 (99.983)
Epoch: [185][100/391], lr: 0.00000	Loss 0.0520 (0.0445)	Prec@1 98.438 (98.894)	Prec@5 100.000 (99.985)
Epoch: [185][110/391], lr: 0.00000	Loss 0.0368 (0.0437)	Prec@1 99.219 (98.930)	Prec@5 100.000 (99.986)
Epoch: [185][120/391], lr: 0.00000	Loss 0.0663 (0.0433)	Prec@1 96.875 (98.922)	Prec@5 100.000 (99.987)
Epoch: [185][130/391], lr: 0.00000	Loss 0.0202 (0.0427)	Prec@1 100.000 (98.962)	Prec@5 100.000 (99.988)
Epoch: [185][140/391], lr: 0.00000	Loss 0.0522 (0.0434)	Prec@1 98.438 (98.931)	Prec@5 100.000 (99.989)
Epoch: [185][150/391], lr: 0.00000	Loss 0.0203 (0.0432)	Prec@1 100.000 (98.934)	Prec@5 100.000 (99.990)
Epoch: [185][160/391], lr: 0.00000	Loss 0.0255 (0.0428)	Prec@1 99.219 (98.947)	Prec@5 100.000 (99.990)
Epoch: [185][170/391], lr: 0.00000	Loss 0.0863 (0.0434)	Prec@1 98.438 (98.931)	Prec@5 100.000 (99.986)
Epoch: [185][180/391], lr: 0.00000	Loss 0.0686 (0.0430)	Prec@1 97.656 (98.934)	Prec@5 100.000 (99.983)
Epoch: [185][190/391], lr: 0.00000	Loss 0.0810 (0.0429)	Prec@1 96.875 (98.941)	Prec@5 100.000 (99.984)
Epoch: [185][200/391], lr: 0.00000	Loss 0.0448 (0.0425)	Prec@1 97.656 (98.931)	Prec@5 100.000 (99.984)
Epoch: [185][210/391], lr: 0.00000	Loss 0.0194 (0.0423)	Prec@1 100.000 (98.934)	Prec@5 100.000 (99.981)
Epoch: [185][220/391], lr: 0.00000	Loss 0.0402 (0.0422)	Prec@1 99.219 (98.922)	Prec@5 100.000 (99.982)
Epoch: [185][230/391], lr: 0.00000	Loss 0.0247 (0.0418)	Prec@1 99.219 (98.931)	Prec@5 100.000 (99.983)
Epoch: [185][240/391], lr: 0.00000	Loss 0.0716 (0.0425)	Prec@1 97.656 (98.898)	Prec@5 100.000 (99.984)
Epoch: [185][250/391], lr: 0.00000	Loss 0.0853 (0.0424)	Prec@1 96.875 (98.898)	Prec@5 100.000 (99.984)
Epoch: [185][260/391], lr: 0.00000	Loss 0.0352 (0.0422)	Prec@1 99.219 (98.913)	Prec@5 100.000 (99.985)
Epoch: [185][270/391], lr: 0.00000	Loss 0.0476 (0.0423)	Prec@1 99.219 (98.902)	Prec@5 100.000 (99.986)
Epoch: [185][280/391], lr: 0.00000	Loss 0.0292 (0.0422)	Prec@1 99.219 (98.902)	Prec@5 100.000 (99.986)
Epoch: [185][290/391], lr: 0.00000	Loss 0.0490 (0.0420)	Prec@1 99.219 (98.915)	Prec@5 100.000 (99.987)
Epoch: [185][300/391], lr: 0.00000	Loss 0.0606 (0.0418)	Prec@1 99.219 (98.923)	Prec@5 100.000 (99.987)
Epoch: [185][310/391], lr: 0.00000	Loss 0.0176 (0.0421)	Prec@1 99.219 (98.912)	Prec@5 100.000 (99.987)
Epoch: [185][320/391], lr: 0.00000	Loss 0.0430 (0.0423)	Prec@1 99.219 (98.902)	Prec@5 100.000 (99.988)
Epoch: [185][330/391], lr: 0.00000	Loss 0.0282 (0.0424)	Prec@1 99.219 (98.907)	Prec@5 100.000 (99.988)
Epoch: [185][340/391], lr: 0.00000	Loss 0.0323 (0.0424)	Prec@1 99.219 (98.923)	Prec@5 100.000 (99.986)
Epoch: [185][350/391], lr: 0.00000	Loss 0.0955 (0.0426)	Prec@1 98.438 (98.918)	Prec@5 100.000 (99.987)
Epoch: [185][360/391], lr: 0.00000	Loss 0.0295 (0.0424)	Prec@1 99.219 (98.914)	Prec@5 100.000 (99.987)
Epoch: [185][370/391], lr: 0.00000	Loss 0.0380 (0.0422)	Prec@1 99.219 (98.930)	Prec@5 100.000 (99.987)
Epoch: [185][380/391], lr: 0.00000	Loss 0.0450 (0.0420)	Prec@1 99.219 (98.940)	Prec@5 100.000 (99.988)
Epoch: [185][390/391], lr: 0.00000	Loss 0.0294 (0.0420)	Prec@1 100.000 (98.932)	Prec@5 100.000 (99.988)
Epoch [185] Training Results: Prec@1 98.932 Prec@5 99.988             Loss 0.04198
Epoch [185] Training Class Recall: [0.968,0.975,0.975,0.989,0.994,0.996,1.000,0.999,0.999,0.999]

Epoch: [186][0/391], lr: 0.00000	Loss 0.0664 (0.0664)	Prec@1 98.438 (98.438)	Prec@5 100.000 (100.000)
Epoch: [186][10/391], lr: 0.00000	Loss 0.0265 (0.0416)	Prec@1 99.219 (99.006)	Prec@5 100.000 (99.929)
Epoch: [186][20/391], lr: 0.00000	Loss 0.0446 (0.0422)	Prec@1 99.219 (98.958)	Prec@5 100.000 (99.963)
Epoch: [186][30/391], lr: 0.00000	Loss 0.0171 (0.0410)	Prec@1 100.000 (98.967)	Prec@5 100.000 (99.975)
Epoch: [186][40/391], lr: 0.00000	Loss 0.0261 (0.0433)	Prec@1 100.000 (98.838)	Prec@5 100.000 (99.981)
Epoch: [186][50/391], lr: 0.00000	Loss 0.0827 (0.0449)	Prec@1 98.438 (98.836)	Prec@5 100.000 (99.985)
Epoch: [186][60/391], lr: 0.00000	Loss 0.0256 (0.0434)	Prec@1 99.219 (98.899)	Prec@5 100.000 (99.987)
Epoch: [186][70/391], lr: 0.00000	Loss 0.0489 (0.0437)	Prec@1 96.875 (98.878)	Prec@5 100.000 (99.989)
Epoch: [186][80/391], lr: 0.00000	Loss 0.0481 (0.0427)	Prec@1 98.438 (98.920)	Prec@5 100.000 (99.990)
Epoch: [186][90/391], lr: 0.00000	Loss 0.0928 (0.0428)	Prec@1 96.875 (98.927)	Prec@5 100.000 (99.991)
Epoch: [186][100/391], lr: 0.00000	Loss 0.0387 (0.0426)	Prec@1 99.219 (98.956)	Prec@5 100.000 (99.992)
Epoch: [186][110/391], lr: 0.00000	Loss 0.0486 (0.0424)	Prec@1 98.438 (98.986)	Prec@5 100.000 (99.993)
Epoch: [186][120/391], lr: 0.00000	Loss 0.0150 (0.0430)	Prec@1 100.000 (98.948)	Prec@5 100.000 (99.994)
Epoch: [186][130/391], lr: 0.00000	Loss 0.0304 (0.0428)	Prec@1 100.000 (98.956)	Prec@5 100.000 (99.988)
Epoch: [186][140/391], lr: 0.00000	Loss 0.0540 (0.0433)	Prec@1 99.219 (98.936)	Prec@5 100.000 (99.989)
Epoch: [186][150/391], lr: 0.00000	Loss 0.0733 (0.0431)	Prec@1 98.438 (98.939)	Prec@5 100.000 (99.990)
Epoch: [186][160/391], lr: 0.00000	Loss 0.0433 (0.0425)	Prec@1 99.219 (98.947)	Prec@5 100.000 (99.990)
Epoch: [186][170/391], lr: 0.00000	Loss 0.0490 (0.0421)	Prec@1 98.438 (98.958)	Prec@5 100.000 (99.991)
Epoch: [186][180/391], lr: 0.00000	Loss 0.0770 (0.0421)	Prec@1 96.094 (98.930)	Prec@5 100.000 (99.991)
Epoch: [186][190/391], lr: 0.00000	Loss 0.0110 (0.0417)	Prec@1 100.000 (98.941)	Prec@5 100.000 (99.992)
Epoch: [186][200/391], lr: 0.00000	Loss 0.0524 (0.0420)	Prec@1 98.438 (98.939)	Prec@5 100.000 (99.992)
Epoch: [186][210/391], lr: 0.00000	Loss 0.0208 (0.0412)	Prec@1 100.000 (98.974)	Prec@5 100.000 (99.993)
Epoch: [186][220/391], lr: 0.00000	Loss 0.0248 (0.0417)	Prec@1 100.000 (98.954)	Prec@5 100.000 (99.993)
Epoch: [186][230/391], lr: 0.00000	Loss 0.0373 (0.0418)	Prec@1 99.219 (98.941)	Prec@5 100.000 (99.993)
Epoch: [186][240/391], lr: 0.00000	Loss 0.0464 (0.0416)	Prec@1 98.438 (98.943)	Prec@5 100.000 (99.994)
Epoch: [186][250/391], lr: 0.00000	Loss 0.0413 (0.0415)	Prec@1 99.219 (98.942)	Prec@5 100.000 (99.994)
Epoch: [186][260/391], lr: 0.00000	Loss 0.0259 (0.0412)	Prec@1 99.219 (98.958)	Prec@5 100.000 (99.994)
Epoch: [186][270/391], lr: 0.00000	Loss 0.0492 (0.0417)	Prec@1 98.438 (98.933)	Prec@5 100.000 (99.991)
Epoch: [186][280/391], lr: 0.00000	Loss 0.0494 (0.0418)	Prec@1 97.656 (98.927)	Prec@5 100.000 (99.992)
Epoch: [186][290/391], lr: 0.00000	Loss 0.0230 (0.0415)	Prec@1 100.000 (98.945)	Prec@5 100.000 (99.992)
Epoch: [186][300/391], lr: 0.00000	Loss 0.0497 (0.0417)	Prec@1 97.656 (98.933)	Prec@5 100.000 (99.992)
Epoch: [186][310/391], lr: 0.00000	Loss 0.0259 (0.0417)	Prec@1 100.000 (98.937)	Prec@5 100.000 (99.992)
Epoch: [186][320/391], lr: 0.00000	Loss 0.0307 (0.0417)	Prec@1 99.219 (98.936)	Prec@5 100.000 (99.993)
Epoch: [186][330/391], lr: 0.00000	Loss 0.0451 (0.0415)	Prec@1 98.438 (98.943)	Prec@5 100.000 (99.993)
Epoch: [186][340/391], lr: 0.00000	Loss 0.0132 (0.0414)	Prec@1 100.000 (98.942)	Prec@5 100.000 (99.993)
Epoch: [186][350/391], lr: 0.00000	Loss 0.0259 (0.0414)	Prec@1 100.000 (98.943)	Prec@5 100.000 (99.991)
Epoch: [186][360/391], lr: 0.00000	Loss 0.0354 (0.0414)	Prec@1 100.000 (98.944)	Prec@5 100.000 (99.991)
Epoch: [186][370/391], lr: 0.00000	Loss 0.0262 (0.0414)	Prec@1 100.000 (98.945)	Prec@5 100.000 (99.989)
Epoch: [186][380/391], lr: 0.00000	Loss 0.0263 (0.0417)	Prec@1 100.000 (98.942)	Prec@5 100.000 (99.988)
Epoch: [186][390/391], lr: 0.00000	Loss 0.0306 (0.0415)	Prec@1 100.000 (98.952)	Prec@5 100.000 (99.988)
Epoch [186] Training Results: Prec@1 98.952 Prec@5 99.988             Loss 0.04154
Epoch [186] Training Class Recall: [0.967,0.975,0.976,0.989,0.996,0.997,0.999,0.999,0.999,0.999]

Epoch: [187][0/391], lr: 0.00000	Loss 0.0625 (0.0625)	Prec@1 97.656 (97.656)	Prec@5 100.000 (100.000)
Epoch: [187][10/391], lr: 0.00000	Loss 0.0213 (0.0418)	Prec@1 100.000 (99.148)	Prec@5 100.000 (100.000)
Epoch: [187][20/391], lr: 0.00000	Loss 0.0399 (0.0410)	Prec@1 98.438 (99.070)	Prec@5 100.000 (100.000)
Epoch: [187][30/391], lr: 0.00000	Loss 0.0634 (0.0435)	Prec@1 96.875 (98.866)	Prec@5 100.000 (100.000)
Epoch: [187][40/391], lr: 0.00000	Loss 0.0243 (0.0423)	Prec@1 100.000 (98.838)	Prec@5 100.000 (100.000)
Epoch: [187][50/391], lr: 0.00000	Loss 0.0309 (0.0396)	Prec@1 99.219 (98.912)	Prec@5 100.000 (100.000)
Epoch: [187][60/391], lr: 0.00000	Loss 0.0631 (0.0407)	Prec@1 98.438 (98.886)	Prec@5 100.000 (100.000)
Epoch: [187][70/391], lr: 0.00000	Loss 0.1276 (0.0418)	Prec@1 96.875 (98.856)	Prec@5 100.000 (100.000)
Epoch: [187][80/391], lr: 0.00000	Loss 0.0329 (0.0420)	Prec@1 99.219 (98.881)	Prec@5 100.000 (99.990)
Epoch: [187][90/391], lr: 0.00000	Loss 0.0381 (0.0422)	Prec@1 99.219 (98.867)	Prec@5 100.000 (99.991)
Epoch: [187][100/391], lr: 0.00000	Loss 0.0285 (0.0414)	Prec@1 99.219 (98.894)	Prec@5 100.000 (99.992)
Epoch: [187][110/391], lr: 0.00000	Loss 0.0297 (0.0414)	Prec@1 100.000 (98.881)	Prec@5 100.000 (99.993)
Epoch: [187][120/391], lr: 0.00000	Loss 0.1008 (0.0418)	Prec@1 97.656 (98.864)	Prec@5 100.000 (99.994)
Epoch: [187][130/391], lr: 0.00000	Loss 0.0167 (0.0418)	Prec@1 100.000 (98.885)	Prec@5 100.000 (99.994)
Epoch: [187][140/391], lr: 0.00000	Loss 0.0303 (0.0416)	Prec@1 98.438 (98.892)	Prec@5 100.000 (99.994)
Epoch: [187][150/391], lr: 0.00000	Loss 0.0814 (0.0419)	Prec@1 99.219 (98.888)	Prec@5 100.000 (99.995)
Epoch: [187][160/391], lr: 0.00000	Loss 0.0509 (0.0419)	Prec@1 99.219 (98.908)	Prec@5 100.000 (99.995)
Epoch: [187][170/391], lr: 0.00000	Loss 0.0636 (0.0417)	Prec@1 99.219 (98.917)	Prec@5 100.000 (99.995)
Epoch: [187][180/391], lr: 0.00000	Loss 0.0253 (0.0419)	Prec@1 100.000 (98.934)	Prec@5 100.000 (99.996)
Epoch: [187][190/391], lr: 0.00000	Loss 0.0272 (0.0416)	Prec@1 99.219 (98.957)	Prec@5 100.000 (99.996)
Epoch: [187][200/391], lr: 0.00000	Loss 0.0596 (0.0413)	Prec@1 97.656 (98.970)	Prec@5 100.000 (99.996)
Epoch: [187][210/391], lr: 0.00000	Loss 0.0379 (0.0412)	Prec@1 99.219 (98.971)	Prec@5 100.000 (99.996)
Epoch: [187][220/391], lr: 0.00000	Loss 0.0645 (0.0418)	Prec@1 97.656 (98.957)	Prec@5 100.000 (99.996)
Epoch: [187][230/391], lr: 0.00000	Loss 0.0273 (0.0416)	Prec@1 99.219 (98.962)	Prec@5 100.000 (99.997)
Epoch: [187][240/391], lr: 0.00000	Loss 0.0699 (0.0416)	Prec@1 97.656 (98.963)	Prec@5 100.000 (99.997)
Epoch: [187][250/391], lr: 0.00000	Loss 0.0360 (0.0417)	Prec@1 99.219 (98.960)	Prec@5 100.000 (99.997)
Epoch: [187][260/391], lr: 0.00000	Loss 0.0394 (0.0418)	Prec@1 99.219 (98.961)	Prec@5 100.000 (99.997)
Epoch: [187][270/391], lr: 0.00000	Loss 0.0457 (0.0416)	Prec@1 98.438 (98.962)	Prec@5 100.000 (99.997)
Epoch: [187][280/391], lr: 0.00000	Loss 0.0336 (0.0421)	Prec@1 99.219 (98.952)	Prec@5 100.000 (99.994)
Epoch: [187][290/391], lr: 0.00000	Loss 0.0613 (0.0422)	Prec@1 98.438 (98.942)	Prec@5 100.000 (99.995)
Epoch: [187][300/391], lr: 0.00000	Loss 0.0313 (0.0422)	Prec@1 100.000 (98.941)	Prec@5 100.000 (99.995)
Epoch: [187][310/391], lr: 0.00000	Loss 0.0786 (0.0428)	Prec@1 97.656 (98.925)	Prec@5 100.000 (99.992)
Epoch: [187][320/391], lr: 0.00000	Loss 0.0784 (0.0426)	Prec@1 98.438 (98.932)	Prec@5 100.000 (99.993)
Epoch: [187][330/391], lr: 0.00000	Loss 0.0651 (0.0428)	Prec@1 98.438 (98.933)	Prec@5 100.000 (99.993)
Epoch: [187][340/391], lr: 0.00000	Loss 0.0251 (0.0427)	Prec@1 100.000 (98.930)	Prec@5 100.000 (99.993)
Epoch: [187][350/391], lr: 0.00000	Loss 0.0250 (0.0427)	Prec@1 100.000 (98.943)	Prec@5 100.000 (99.993)
Epoch: [187][360/391], lr: 0.00000	Loss 0.0396 (0.0425)	Prec@1 98.438 (98.948)	Prec@5 100.000 (99.994)
Epoch: [187][370/391], lr: 0.00000	Loss 0.0388 (0.0423)	Prec@1 98.438 (98.956)	Prec@5 100.000 (99.994)
Epoch: [187][380/391], lr: 0.00000	Loss 0.0611 (0.0424)	Prec@1 97.656 (98.956)	Prec@5 100.000 (99.994)
Epoch: [187][390/391], lr: 0.00000	Loss 0.0715 (0.0423)	Prec@1 97.500 (98.954)	Prec@5 100.000 (99.994)
Epoch [187] Training Results: Prec@1 98.954 Prec@5 99.994             Loss 0.04235
Epoch [187] Training Class Recall: [0.966,0.973,0.977,0.989,0.996,0.997,0.999,0.999,0.999,1.000]

Epoch: [188][0/391], lr: 0.00000	Loss 0.0634 (0.0634)	Prec@1 97.656 (97.656)	Prec@5 100.000 (100.000)
Epoch: [188][10/391], lr: 0.00000	Loss 0.0469 (0.0439)	Prec@1 99.219 (98.651)	Prec@5 100.000 (100.000)
Epoch: [188][20/391], lr: 0.00000	Loss 0.0533 (0.0475)	Prec@1 98.438 (98.586)	Prec@5 100.000 (100.000)
Epoch: [188][30/391], lr: 0.00000	Loss 0.0719 (0.0448)	Prec@1 97.656 (98.816)	Prec@5 100.000 (100.000)
Epoch: [188][40/391], lr: 0.00000	Loss 0.0801 (0.0467)	Prec@1 98.438 (98.838)	Prec@5 100.000 (100.000)
Epoch: [188][50/391], lr: 0.00000	Loss 0.0732 (0.0467)	Prec@1 96.875 (98.790)	Prec@5 100.000 (100.000)
Epoch: [188][60/391], lr: 0.00000	Loss 0.0470 (0.0449)	Prec@1 98.438 (98.822)	Prec@5 100.000 (100.000)
Epoch: [188][70/391], lr: 0.00000	Loss 0.0786 (0.0443)	Prec@1 96.875 (98.834)	Prec@5 100.000 (100.000)
Epoch: [188][80/391], lr: 0.00000	Loss 0.0229 (0.0433)	Prec@1 100.000 (98.843)	Prec@5 100.000 (100.000)
Epoch: [188][90/391], lr: 0.00000	Loss 0.0359 (0.0428)	Prec@1 100.000 (98.867)	Prec@5 100.000 (100.000)
Epoch: [188][100/391], lr: 0.00000	Loss 0.0435 (0.0414)	Prec@1 99.219 (98.909)	Prec@5 100.000 (100.000)
Epoch: [188][110/391], lr: 0.00000	Loss 0.0794 (0.0420)	Prec@1 97.656 (98.874)	Prec@5 99.219 (99.986)
Epoch: [188][120/391], lr: 0.00000	Loss 0.0115 (0.0414)	Prec@1 100.000 (98.909)	Prec@5 100.000 (99.987)
Epoch: [188][130/391], lr: 0.00000	Loss 0.0494 (0.0407)	Prec@1 97.656 (98.927)	Prec@5 100.000 (99.988)
Epoch: [188][140/391], lr: 0.00000	Loss 0.0254 (0.0410)	Prec@1 99.219 (98.908)	Prec@5 100.000 (99.983)
Epoch: [188][150/391], lr: 0.00000	Loss 0.0442 (0.0410)	Prec@1 99.219 (98.908)	Prec@5 100.000 (99.984)
Epoch: [188][160/391], lr: 0.00000	Loss 0.0459 (0.0414)	Prec@1 98.438 (98.865)	Prec@5 100.000 (99.985)
Epoch: [188][170/391], lr: 0.00000	Loss 0.0822 (0.0415)	Prec@1 97.656 (98.858)	Prec@5 100.000 (99.986)
Epoch: [188][180/391], lr: 0.00000	Loss 0.0639 (0.0423)	Prec@1 97.656 (98.826)	Prec@5 100.000 (99.987)
Epoch: [188][190/391], lr: 0.00000	Loss 0.0367 (0.0421)	Prec@1 100.000 (98.851)	Prec@5 100.000 (99.988)
Epoch: [188][200/391], lr: 0.00000	Loss 0.0337 (0.0420)	Prec@1 99.219 (98.861)	Prec@5 100.000 (99.984)
Epoch: [188][210/391], lr: 0.00000	Loss 0.0410 (0.0419)	Prec@1 99.219 (98.878)	Prec@5 100.000 (99.985)
Epoch: [188][220/391], lr: 0.00000	Loss 0.0243 (0.0414)	Prec@1 100.000 (98.897)	Prec@5 100.000 (99.986)
Epoch: [188][230/391], lr: 0.00000	Loss 0.0391 (0.0413)	Prec@1 98.438 (98.908)	Prec@5 100.000 (99.986)
Epoch: [188][240/391], lr: 0.00000	Loss 0.0598 (0.0415)	Prec@1 96.875 (98.898)	Prec@5 100.000 (99.987)
Epoch: [188][250/391], lr: 0.00000	Loss 0.0223 (0.0414)	Prec@1 99.219 (98.908)	Prec@5 100.000 (99.988)
Epoch: [188][260/391], lr: 0.00000	Loss 0.0524 (0.0418)	Prec@1 97.656 (98.898)	Prec@5 100.000 (99.988)
Epoch: [188][270/391], lr: 0.00000	Loss 0.0345 (0.0417)	Prec@1 99.219 (98.905)	Prec@5 100.000 (99.986)
Epoch: [188][280/391], lr: 0.00000	Loss 0.0766 (0.0419)	Prec@1 97.656 (98.896)	Prec@5 100.000 (99.986)
Epoch: [188][290/391], lr: 0.00000	Loss 0.0266 (0.0421)	Prec@1 99.219 (98.891)	Prec@5 100.000 (99.984)
Epoch: [188][300/391], lr: 0.00000	Loss 0.0640 (0.0423)	Prec@1 96.875 (98.876)	Prec@5 100.000 (99.984)
Epoch: [188][310/391], lr: 0.00000	Loss 0.0372 (0.0420)	Prec@1 98.438 (98.890)	Prec@5 100.000 (99.985)
Epoch: [188][320/391], lr: 0.00000	Loss 0.0708 (0.0422)	Prec@1 98.438 (98.883)	Prec@5 100.000 (99.985)
Epoch: [188][330/391], lr: 0.00000	Loss 0.0180 (0.0421)	Prec@1 100.000 (98.895)	Prec@5 100.000 (99.986)
Epoch: [188][340/391], lr: 0.00000	Loss 0.0690 (0.0421)	Prec@1 96.875 (98.903)	Prec@5 100.000 (99.986)
Epoch: [188][350/391], lr: 0.00000	Loss 0.0311 (0.0424)	Prec@1 99.219 (98.892)	Prec@5 100.000 (99.987)
Epoch: [188][360/391], lr: 0.00000	Loss 0.0288 (0.0423)	Prec@1 100.000 (98.896)	Prec@5 100.000 (99.987)
Epoch: [188][370/391], lr: 0.00000	Loss 0.0310 (0.0422)	Prec@1 100.000 (98.897)	Prec@5 100.000 (99.985)
Epoch: [188][380/391], lr: 0.00000	Loss 0.0256 (0.0421)	Prec@1 99.219 (98.893)	Prec@5 100.000 (99.986)
Epoch: [188][390/391], lr: 0.00000	Loss 0.0634 (0.0423)	Prec@1 96.250 (98.888)	Prec@5 100.000 (99.986)
Epoch [188] Training Results: Prec@1 98.888 Prec@5 99.986             Loss 0.04225
Epoch [188] Training Class Recall: [0.965,0.973,0.972,0.988,0.997,0.997,0.998,0.999,1.000,1.000]

Epoch: [189][0/391], lr: 0.00000	Loss 0.0183 (0.0183)	Prec@1 99.219 (99.219)	Prec@5 100.000 (100.000)
Epoch: [189][10/391], lr: 0.00000	Loss 0.0473 (0.0371)	Prec@1 98.438 (99.077)	Prec@5 100.000 (100.000)
Epoch: [189][20/391], lr: 0.00000	Loss 0.0255 (0.0436)	Prec@1 99.219 (98.735)	Prec@5 100.000 (100.000)
Epoch: [189][30/391], lr: 0.00000	Loss 0.0126 (0.0426)	Prec@1 100.000 (98.816)	Prec@5 100.000 (100.000)
Epoch: [189][40/391], lr: 0.00000	Loss 0.0224 (0.0411)	Prec@1 99.219 (98.857)	Prec@5 100.000 (100.000)
Epoch: [189][50/391], lr: 0.00000	Loss 0.0223 (0.0395)	Prec@1 100.000 (98.912)	Prec@5 100.000 (100.000)
Epoch: [189][60/391], lr: 0.00000	Loss 0.0296 (0.0400)	Prec@1 99.219 (98.963)	Prec@5 100.000 (100.000)
Epoch: [189][70/391], lr: 0.00000	Loss 0.0993 (0.0412)	Prec@1 96.875 (98.922)	Prec@5 100.000 (100.000)
Epoch: [189][80/391], lr: 0.00000	Loss 0.0433 (0.0427)	Prec@1 99.219 (98.862)	Prec@5 100.000 (100.000)
Epoch: [189][90/391], lr: 0.00000	Loss 0.0247 (0.0419)	Prec@1 100.000 (98.893)	Prec@5 100.000 (100.000)
Epoch: [189][100/391], lr: 0.00000	Loss 0.0778 (0.0422)	Prec@1 97.656 (98.855)	Prec@5 100.000 (100.000)
Epoch: [189][110/391], lr: 0.00000	Loss 0.0410 (0.0421)	Prec@1 97.656 (98.832)	Prec@5 100.000 (100.000)
Epoch: [189][120/391], lr: 0.00000	Loss 0.0173 (0.0420)	Prec@1 100.000 (98.806)	Prec@5 100.000 (100.000)
Epoch: [189][130/391], lr: 0.00000	Loss 0.0258 (0.0415)	Prec@1 99.219 (98.849)	Prec@5 100.000 (100.000)
Epoch: [189][140/391], lr: 0.00000	Loss 0.0983 (0.0416)	Prec@1 98.438 (98.864)	Prec@5 100.000 (100.000)
Epoch: [189][150/391], lr: 0.00000	Loss 0.0898 (0.0422)	Prec@1 95.312 (98.836)	Prec@5 100.000 (100.000)
Epoch: [189][160/391], lr: 0.00000	Loss 0.0266 (0.0429)	Prec@1 99.219 (98.821)	Prec@5 100.000 (100.000)
Epoch: [189][170/391], lr: 0.00000	Loss 0.0773 (0.0430)	Prec@1 97.656 (98.826)	Prec@5 100.000 (100.000)
Epoch: [189][180/391], lr: 0.00000	Loss 0.0309 (0.0430)	Prec@1 100.000 (98.852)	Prec@5 100.000 (100.000)
Epoch: [189][190/391], lr: 0.00000	Loss 0.0511 (0.0432)	Prec@1 97.656 (98.842)	Prec@5 100.000 (100.000)
Epoch: [189][200/391], lr: 0.00000	Loss 0.0315 (0.0434)	Prec@1 100.000 (98.842)	Prec@5 100.000 (100.000)
Epoch: [189][210/391], lr: 0.00000	Loss 0.0295 (0.0432)	Prec@1 99.219 (98.841)	Prec@5 100.000 (100.000)
Epoch: [189][220/391], lr: 0.00000	Loss 0.0463 (0.0432)	Prec@1 97.656 (98.840)	Prec@5 100.000 (100.000)
Epoch: [189][230/391], lr: 0.00000	Loss 0.0246 (0.0431)	Prec@1 100.000 (98.850)	Prec@5 100.000 (100.000)
Epoch: [189][240/391], lr: 0.00000	Loss 0.0185 (0.0428)	Prec@1 99.219 (98.862)	Prec@5 100.000 (100.000)
Epoch: [189][250/391], lr: 0.00000	Loss 0.0388 (0.0429)	Prec@1 99.219 (98.864)	Prec@5 100.000 (100.000)
Epoch: [189][260/391], lr: 0.00000	Loss 0.0443 (0.0429)	Prec@1 99.219 (98.875)	Prec@5 100.000 (100.000)
Epoch: [189][270/391], lr: 0.00000	Loss 0.0422 (0.0428)	Prec@1 100.000 (98.884)	Prec@5 100.000 (100.000)
Epoch: [189][280/391], lr: 0.00000	Loss 0.0328 (0.0425)	Prec@1 99.219 (98.902)	Prec@5 100.000 (100.000)
Epoch: [189][290/391], lr: 0.00000	Loss 0.0585 (0.0423)	Prec@1 99.219 (98.915)	Prec@5 100.000 (100.000)
Epoch: [189][300/391], lr: 0.00000	Loss 0.0544 (0.0423)	Prec@1 97.656 (98.899)	Prec@5 100.000 (100.000)
Epoch: [189][310/391], lr: 0.00000	Loss 0.0460 (0.0422)	Prec@1 98.438 (98.907)	Prec@5 100.000 (99.997)
Epoch: [189][320/391], lr: 0.00000	Loss 0.0216 (0.0423)	Prec@1 100.000 (98.917)	Prec@5 100.000 (99.995)
Epoch: [189][330/391], lr: 0.00000	Loss 0.0551 (0.0424)	Prec@1 97.656 (98.905)	Prec@5 100.000 (99.995)
Epoch: [189][340/391], lr: 0.00000	Loss 0.0489 (0.0425)	Prec@1 98.438 (98.889)	Prec@5 100.000 (99.995)
Epoch: [189][350/391], lr: 0.00000	Loss 0.0281 (0.0423)	Prec@1 99.219 (98.900)	Prec@5 100.000 (99.996)
Epoch: [189][360/391], lr: 0.00000	Loss 0.0201 (0.0423)	Prec@1 99.219 (98.894)	Prec@5 100.000 (99.996)
Epoch: [189][370/391], lr: 0.00000	Loss 0.0216 (0.0421)	Prec@1 99.219 (98.905)	Prec@5 100.000 (99.996)
Epoch: [189][380/391], lr: 0.00000	Loss 0.0575 (0.0421)	Prec@1 99.219 (98.909)	Prec@5 100.000 (99.996)
Epoch: [189][390/391], lr: 0.00000	Loss 0.0296 (0.0421)	Prec@1 100.000 (98.914)	Prec@5 100.000 (99.996)
Epoch [189] Training Results: Prec@1 98.914 Prec@5 99.996             Loss 0.04205
Epoch [189] Training Class Recall: [0.965,0.973,0.974,0.989,0.996,0.998,0.999,0.999,1.000,1.000]

Epoch: [190][0/391], lr: 0.00000	Loss 0.0449 (0.0449)	Prec@1 99.219 (99.219)	Prec@5 100.000 (100.000)
Epoch: [190][10/391], lr: 0.00000	Loss 0.0291 (0.0373)	Prec@1 100.000 (99.219)	Prec@5 100.000 (100.000)
Epoch: [190][20/391], lr: 0.00000	Loss 0.0289 (0.0454)	Prec@1 100.000 (98.958)	Prec@5 100.000 (99.963)
Epoch: [190][30/391], lr: 0.00000	Loss 0.0252 (0.0416)	Prec@1 99.219 (99.042)	Prec@5 100.000 (99.975)
Epoch: [190][40/391], lr: 0.00000	Loss 0.0532 (0.0428)	Prec@1 98.438 (98.933)	Prec@5 100.000 (99.981)
Epoch: [190][50/391], lr: 0.00000	Loss 0.0375 (0.0425)	Prec@1 99.219 (98.928)	Prec@5 100.000 (99.985)
Epoch: [190][60/391], lr: 0.00000	Loss 0.0340 (0.0406)	Prec@1 99.219 (98.975)	Prec@5 100.000 (99.987)
Epoch: [190][70/391], lr: 0.00000	Loss 0.0594 (0.0433)	Prec@1 96.875 (98.889)	Prec@5 100.000 (99.989)
Epoch: [190][80/391], lr: 0.00000	Loss 0.0296 (0.0427)	Prec@1 100.000 (98.929)	Prec@5 100.000 (99.990)
Epoch: [190][90/391], lr: 0.00000	Loss 0.0303 (0.0421)	Prec@1 100.000 (98.935)	Prec@5 100.000 (99.991)
Epoch: [190][100/391], lr: 0.00000	Loss 0.0603 (0.0423)	Prec@1 98.438 (98.940)	Prec@5 100.000 (99.992)
Epoch: [190][110/391], lr: 0.00000	Loss 0.0282 (0.0428)	Prec@1 99.219 (98.902)	Prec@5 100.000 (99.993)
Epoch: [190][120/391], lr: 0.00000	Loss 0.0247 (0.0417)	Prec@1 99.219 (98.941)	Prec@5 100.000 (99.994)
Epoch: [190][130/391], lr: 0.00000	Loss 0.0560 (0.0415)	Prec@1 98.438 (98.944)	Prec@5 100.000 (99.994)
Epoch: [190][140/391], lr: 0.00000	Loss 0.0794 (0.0417)	Prec@1 98.438 (98.947)	Prec@5 100.000 (99.994)
Epoch: [190][150/391], lr: 0.00000	Loss 0.0273 (0.0406)	Prec@1 100.000 (98.991)	Prec@5 100.000 (99.995)
Epoch: [190][160/391], lr: 0.00000	Loss 0.0189 (0.0406)	Prec@1 100.000 (98.991)	Prec@5 100.000 (99.995)
Epoch: [190][170/391], lr: 0.00000	Loss 0.0390 (0.0414)	Prec@1 98.438 (98.972)	Prec@5 100.000 (99.986)
Epoch: [190][180/391], lr: 0.00000	Loss 0.0600 (0.0415)	Prec@1 98.438 (98.968)	Prec@5 100.000 (99.987)
Epoch: [190][190/391], lr: 0.00000	Loss 0.0209 (0.0410)	Prec@1 100.000 (98.973)	Prec@5 100.000 (99.988)
Epoch: [190][200/391], lr: 0.00000	Loss 0.0245 (0.0408)	Prec@1 100.000 (98.982)	Prec@5 100.000 (99.988)
Epoch: [190][210/391], lr: 0.00000	Loss 0.0173 (0.0405)	Prec@1 100.000 (98.993)	Prec@5 100.000 (99.989)
Epoch: [190][220/391], lr: 0.00000	Loss 0.0260 (0.0406)	Prec@1 100.000 (98.985)	Prec@5 100.000 (99.989)
Epoch: [190][230/391], lr: 0.00000	Loss 0.0513 (0.0407)	Prec@1 99.219 (98.989)	Prec@5 100.000 (99.990)
Epoch: [190][240/391], lr: 0.00000	Loss 0.0373 (0.0406)	Prec@1 99.219 (98.992)	Prec@5 100.000 (99.990)
Epoch: [190][250/391], lr: 0.00000	Loss 0.0335 (0.0405)	Prec@1 99.219 (98.988)	Prec@5 100.000 (99.991)
Epoch: [190][260/391], lr: 0.00000	Loss 0.0170 (0.0408)	Prec@1 100.000 (98.988)	Prec@5 100.000 (99.991)
Epoch: [190][270/391], lr: 0.00000	Loss 0.0611 (0.0411)	Prec@1 97.656 (98.971)	Prec@5 100.000 (99.991)
Epoch: [190][280/391], lr: 0.00000	Loss 0.0743 (0.0420)	Prec@1 98.438 (98.941)	Prec@5 100.000 (99.989)
Epoch: [190][290/391], lr: 0.00000	Loss 0.0635 (0.0422)	Prec@1 96.875 (98.929)	Prec@5 100.000 (99.989)
Epoch: [190][300/391], lr: 0.00000	Loss 0.0521 (0.0424)	Prec@1 97.656 (98.907)	Prec@5 100.000 (99.990)
Epoch: [190][310/391], lr: 0.00000	Loss 0.0490 (0.0423)	Prec@1 98.438 (98.907)	Prec@5 100.000 (99.990)
Epoch: [190][320/391], lr: 0.00000	Loss 0.0346 (0.0424)	Prec@1 100.000 (98.902)	Prec@5 100.000 (99.990)
Epoch: [190][330/391], lr: 0.00000	Loss 0.0321 (0.0425)	Prec@1 100.000 (98.905)	Prec@5 100.000 (99.988)
Epoch: [190][340/391], lr: 0.00000	Loss 0.0547 (0.0423)	Prec@1 98.438 (98.912)	Prec@5 100.000 (99.989)
Epoch: [190][350/391], lr: 0.00000	Loss 0.0297 (0.0422)	Prec@1 99.219 (98.916)	Prec@5 100.000 (99.989)
Epoch: [190][360/391], lr: 0.00000	Loss 0.0535 (0.0422)	Prec@1 97.656 (98.914)	Prec@5 100.000 (99.989)
Epoch: [190][370/391], lr: 0.00000	Loss 0.0342 (0.0421)	Prec@1 98.438 (98.920)	Prec@5 100.000 (99.989)
Epoch: [190][380/391], lr: 0.00000	Loss 0.0352 (0.0421)	Prec@1 99.219 (98.921)	Prec@5 100.000 (99.990)
Epoch: [190][390/391], lr: 0.00000	Loss 0.0436 (0.0422)	Prec@1 100.000 (98.926)	Prec@5 100.000 (99.990)
Epoch [190] Training Results: Prec@1 98.926 Prec@5 99.990             Loss 0.04216
Epoch [190] Training Class Recall: [0.964,0.975,0.972,0.990,0.997,0.998,0.999,0.999,0.999,1.000]

Epoch: [191][0/391], lr: 0.00000	Loss 0.0762 (0.0762)	Prec@1 98.438 (98.438)	Prec@5 100.000 (100.000)
Epoch: [191][10/391], lr: 0.00000	Loss 0.0274 (0.0404)	Prec@1 99.219 (99.219)	Prec@5 100.000 (100.000)
Epoch: [191][20/391], lr: 0.00000	Loss 0.0457 (0.0383)	Prec@1 98.438 (99.144)	Prec@5 100.000 (100.000)
Epoch: [191][30/391], lr: 0.00000	Loss 0.0581 (0.0408)	Prec@1 97.656 (98.916)	Prec@5 100.000 (100.000)
Epoch: [191][40/391], lr: 0.00000	Loss 0.0646 (0.0399)	Prec@1 97.656 (98.952)	Prec@5 100.000 (100.000)
Epoch: [191][50/391], lr: 0.00000	Loss 0.0492 (0.0394)	Prec@1 99.219 (99.020)	Prec@5 100.000 (100.000)
Epoch: [191][60/391], lr: 0.00000	Loss 0.0163 (0.0392)	Prec@1 100.000 (99.027)	Prec@5 100.000 (100.000)
Epoch: [191][70/391], lr: 0.00000	Loss 0.0247 (0.0391)	Prec@1 100.000 (99.065)	Prec@5 100.000 (100.000)
Epoch: [191][80/391], lr: 0.00000	Loss 0.0345 (0.0396)	Prec@1 99.219 (99.045)	Prec@5 100.000 (100.000)
Epoch: [191][90/391], lr: 0.00000	Loss 0.0566 (0.0400)	Prec@1 98.438 (99.030)	Prec@5 100.000 (100.000)
Epoch: [191][100/391], lr: 0.00000	Loss 0.0639 (0.0401)	Prec@1 98.438 (99.033)	Prec@5 100.000 (100.000)
Epoch: [191][110/391], lr: 0.00000	Loss 0.0469 (0.0401)	Prec@1 99.219 (99.022)	Prec@5 100.000 (100.000)
Epoch: [191][120/391], lr: 0.00000	Loss 0.0696 (0.0408)	Prec@1 97.656 (98.999)	Prec@5 100.000 (100.000)
Epoch: [191][130/391], lr: 0.00000	Loss 0.0187 (0.0410)	Prec@1 100.000 (98.980)	Prec@5 100.000 (100.000)
Epoch: [191][140/391], lr: 0.00000	Loss 0.0835 (0.0417)	Prec@1 96.875 (98.953)	Prec@5 100.000 (100.000)
Epoch: [191][150/391], lr: 0.00000	Loss 0.0398 (0.0421)	Prec@1 99.219 (98.934)	Prec@5 100.000 (100.000)
Epoch: [191][160/391], lr: 0.00000	Loss 0.0787 (0.0432)	Prec@1 96.875 (98.889)	Prec@5 100.000 (100.000)
Epoch: [191][170/391], lr: 0.00000	Loss 0.0948 (0.0441)	Prec@1 98.438 (98.867)	Prec@5 100.000 (99.995)
Epoch: [191][180/391], lr: 0.00000	Loss 0.0537 (0.0437)	Prec@1 99.219 (98.899)	Prec@5 100.000 (99.996)
Epoch: [191][190/391], lr: 0.00000	Loss 0.0116 (0.0437)	Prec@1 100.000 (98.900)	Prec@5 100.000 (99.996)
Epoch: [191][200/391], lr: 0.00000	Loss 0.0225 (0.0436)	Prec@1 99.219 (98.904)	Prec@5 100.000 (99.996)
Epoch: [191][210/391], lr: 0.00000	Loss 0.0140 (0.0433)	Prec@1 100.000 (98.908)	Prec@5 100.000 (99.993)
Epoch: [191][220/391], lr: 0.00000	Loss 0.0324 (0.0434)	Prec@1 99.219 (98.904)	Prec@5 100.000 (99.993)
Epoch: [191][230/391], lr: 0.00000	Loss 0.0295 (0.0433)	Prec@1 100.000 (98.908)	Prec@5 100.000 (99.993)
Epoch: [191][240/391], lr: 0.00000	Loss 0.0241 (0.0436)	Prec@1 100.000 (98.895)	Prec@5 100.000 (99.994)
Epoch: [191][250/391], lr: 0.00000	Loss 0.0422 (0.0438)	Prec@1 98.438 (98.892)	Prec@5 100.000 (99.994)
Epoch: [191][260/391], lr: 0.00000	Loss 0.0677 (0.0439)	Prec@1 96.875 (98.883)	Prec@5 100.000 (99.991)
Epoch: [191][270/391], lr: 0.00000	Loss 0.0423 (0.0438)	Prec@1 98.438 (98.884)	Prec@5 100.000 (99.991)
Epoch: [191][280/391], lr: 0.00000	Loss 0.0343 (0.0439)	Prec@1 100.000 (98.874)	Prec@5 100.000 (99.992)
Epoch: [191][290/391], lr: 0.00000	Loss 0.0301 (0.0441)	Prec@1 100.000 (98.875)	Prec@5 100.000 (99.987)
Epoch: [191][300/391], lr: 0.00000	Loss 0.0403 (0.0439)	Prec@1 97.656 (98.868)	Prec@5 100.000 (99.987)
Epoch: [191][310/391], lr: 0.00000	Loss 0.0329 (0.0435)	Prec@1 99.219 (98.870)	Prec@5 100.000 (99.987)
Epoch: [191][320/391], lr: 0.00000	Loss 0.0596 (0.0435)	Prec@1 97.656 (98.871)	Prec@5 100.000 (99.988)
Epoch: [191][330/391], lr: 0.00000	Loss 0.0346 (0.0434)	Prec@1 98.438 (98.872)	Prec@5 100.000 (99.988)
Epoch: [191][340/391], lr: 0.00000	Loss 0.0381 (0.0434)	Prec@1 99.219 (98.868)	Prec@5 100.000 (99.989)
Epoch: [191][350/391], lr: 0.00000	Loss 0.0439 (0.0434)	Prec@1 98.438 (98.874)	Prec@5 100.000 (99.989)
Epoch: [191][360/391], lr: 0.00000	Loss 0.0484 (0.0434)	Prec@1 98.438 (98.875)	Prec@5 100.000 (99.989)
Epoch: [191][370/391], lr: 0.00000	Loss 0.0125 (0.0434)	Prec@1 100.000 (98.878)	Prec@5 100.000 (99.989)
Epoch: [191][380/391], lr: 0.00000	Loss 0.0587 (0.0436)	Prec@1 99.219 (98.872)	Prec@5 99.219 (99.988)
Epoch: [191][390/391], lr: 0.00000	Loss 0.1259 (0.0435)	Prec@1 95.000 (98.876)	Prec@5 100.000 (99.988)
Epoch [191] Training Results: Prec@1 98.876 Prec@5 99.988             Loss 0.04352
Epoch [191] Training Class Recall: [0.968,0.972,0.972,0.987,0.995,0.997,0.999,0.999,0.999,0.999]

Epoch: [192][0/391], lr: 0.00000	Loss 0.0450 (0.0450)	Prec@1 97.656 (97.656)	Prec@5 100.000 (100.000)
Epoch: [192][10/391], lr: 0.00000	Loss 0.0378 (0.0385)	Prec@1 98.438 (99.077)	Prec@5 100.000 (99.929)
Epoch: [192][20/391], lr: 0.00000	Loss 0.0250 (0.0396)	Prec@1 99.219 (98.921)	Prec@5 100.000 (99.963)
Epoch: [192][30/391], lr: 0.00000	Loss 0.1737 (0.0458)	Prec@1 95.312 (98.790)	Prec@5 99.219 (99.924)
Epoch: [192][40/391], lr: 0.00000	Loss 0.0402 (0.0435)	Prec@1 98.438 (98.857)	Prec@5 100.000 (99.943)
Epoch: [192][50/391], lr: 0.00000	Loss 0.0307 (0.0445)	Prec@1 99.219 (98.790)	Prec@5 100.000 (99.954)
Epoch: [192][60/391], lr: 0.00000	Loss 0.0205 (0.0425)	Prec@1 99.219 (98.899)	Prec@5 100.000 (99.962)
Epoch: [192][70/391], lr: 0.00000	Loss 0.0123 (0.0418)	Prec@1 100.000 (98.922)	Prec@5 100.000 (99.967)
Epoch: [192][80/391], lr: 0.00000	Loss 0.0299 (0.0414)	Prec@1 100.000 (98.939)	Prec@5 100.000 (99.971)
Epoch: [192][90/391], lr: 0.00000	Loss 0.0438 (0.0415)	Prec@1 99.219 (98.935)	Prec@5 100.000 (99.974)
Epoch: [192][100/391], lr: 0.00000	Loss 0.0473 (0.0414)	Prec@1 97.656 (98.917)	Prec@5 100.000 (99.969)
Epoch: [192][110/391], lr: 0.00000	Loss 0.0428 (0.0415)	Prec@1 99.219 (98.923)	Prec@5 100.000 (99.972)
Epoch: [192][120/391], lr: 0.00000	Loss 0.0448 (0.0420)	Prec@1 99.219 (98.909)	Prec@5 100.000 (99.974)
Epoch: [192][130/391], lr: 0.00000	Loss 0.0559 (0.0429)	Prec@1 99.219 (98.897)	Prec@5 100.000 (99.970)
Epoch: [192][140/391], lr: 0.00000	Loss 0.0275 (0.0420)	Prec@1 99.219 (98.925)	Prec@5 100.000 (99.972)
Epoch: [192][150/391], lr: 0.00000	Loss 0.0547 (0.0424)	Prec@1 97.656 (98.908)	Prec@5 100.000 (99.974)
Epoch: [192][160/391], lr: 0.00000	Loss 0.0873 (0.0430)	Prec@1 97.656 (98.898)	Prec@5 100.000 (99.976)
Epoch: [192][170/391], lr: 0.00000	Loss 0.0512 (0.0431)	Prec@1 98.438 (98.894)	Prec@5 100.000 (99.977)
Epoch: [192][180/391], lr: 0.00000	Loss 0.0544 (0.0432)	Prec@1 98.438 (98.895)	Prec@5 100.000 (99.974)
Epoch: [192][190/391], lr: 0.00000	Loss 0.0827 (0.0434)	Prec@1 98.438 (98.900)	Prec@5 100.000 (99.971)
Epoch: [192][200/391], lr: 0.00000	Loss 0.0469 (0.0432)	Prec@1 99.219 (98.923)	Prec@5 100.000 (99.973)
Epoch: [192][210/391], lr: 0.00000	Loss 0.0403 (0.0430)	Prec@1 99.219 (98.926)	Prec@5 100.000 (99.974)
Epoch: [192][220/391], lr: 0.00000	Loss 0.1420 (0.0438)	Prec@1 96.875 (98.908)	Prec@5 100.000 (99.975)
Epoch: [192][230/391], lr: 0.00000	Loss 0.0531 (0.0437)	Prec@1 97.656 (98.904)	Prec@5 100.000 (99.976)
Epoch: [192][240/391], lr: 0.00000	Loss 0.0240 (0.0433)	Prec@1 100.000 (98.914)	Prec@5 100.000 (99.977)
Epoch: [192][250/391], lr: 0.00000	Loss 0.0230 (0.0435)	Prec@1 100.000 (98.908)	Prec@5 100.000 (99.978)
Epoch: [192][260/391], lr: 0.00000	Loss 0.0239 (0.0431)	Prec@1 99.219 (98.934)	Prec@5 100.000 (99.979)
Epoch: [192][270/391], lr: 0.00000	Loss 0.0210 (0.0429)	Prec@1 100.000 (98.948)	Prec@5 100.000 (99.980)
Epoch: [192][280/391], lr: 0.00000	Loss 0.0261 (0.0426)	Prec@1 100.000 (98.960)	Prec@5 100.000 (99.981)
Epoch: [192][290/391], lr: 0.00000	Loss 0.0320 (0.0428)	Prec@1 99.219 (98.964)	Prec@5 100.000 (99.981)
Epoch: [192][300/391], lr: 0.00000	Loss 0.0260 (0.0426)	Prec@1 100.000 (98.972)	Prec@5 100.000 (99.979)
Epoch: [192][310/391], lr: 0.00000	Loss 0.0655 (0.0425)	Prec@1 97.656 (98.973)	Prec@5 100.000 (99.980)
Epoch: [192][320/391], lr: 0.00000	Loss 0.0650 (0.0424)	Prec@1 98.438 (98.975)	Prec@5 100.000 (99.981)
Epoch: [192][330/391], lr: 0.00000	Loss 0.0452 (0.0424)	Prec@1 98.438 (98.966)	Prec@5 100.000 (99.981)
Epoch: [192][340/391], lr: 0.00000	Loss 0.0342 (0.0422)	Prec@1 99.219 (98.964)	Prec@5 100.000 (99.982)
Epoch: [192][350/391], lr: 0.00000	Loss 0.0262 (0.0419)	Prec@1 100.000 (98.981)	Prec@5 100.000 (99.982)
Epoch: [192][360/391], lr: 0.00000	Loss 0.0276 (0.0419)	Prec@1 100.000 (98.972)	Prec@5 100.000 (99.983)
Epoch: [192][370/391], lr: 0.00000	Loss 0.0794 (0.0422)	Prec@1 98.438 (98.951)	Prec@5 100.000 (99.983)
Epoch: [192][380/391], lr: 0.00000	Loss 0.0760 (0.0421)	Prec@1 98.438 (98.958)	Prec@5 100.000 (99.984)
Epoch: [192][390/391], lr: 0.00000	Loss 0.0327 (0.0420)	Prec@1 98.750 (98.964)	Prec@5 100.000 (99.984)
Epoch [192] Training Results: Prec@1 98.964 Prec@5 99.984             Loss 0.04201
Epoch [192] Training Class Recall: [0.965,0.976,0.977,0.989,0.995,0.997,0.999,0.999,1.000,1.000]

Epoch: [193][0/391], lr: 0.00000	Loss 0.0216 (0.0216)	Prec@1 100.000 (100.000)	Prec@5 100.000 (100.000)
Epoch: [193][10/391], lr: 0.00000	Loss 0.0226 (0.0464)	Prec@1 100.000 (99.006)	Prec@5 100.000 (100.000)
Epoch: [193][20/391], lr: 0.00000	Loss 0.0259 (0.0469)	Prec@1 100.000 (98.996)	Prec@5 100.000 (100.000)
Epoch: [193][30/391], lr: 0.00000	Loss 0.0239 (0.0435)	Prec@1 100.000 (99.042)	Prec@5 100.000 (100.000)
Epoch: [193][40/391], lr: 0.00000	Loss 0.0251 (0.0416)	Prec@1 99.219 (99.047)	Prec@5 100.000 (100.000)
Epoch: [193][50/391], lr: 0.00000	Loss 0.0578 (0.0418)	Prec@1 98.438 (99.020)	Prec@5 100.000 (100.000)
Epoch: [193][60/391], lr: 0.00000	Loss 0.0439 (0.0406)	Prec@1 97.656 (99.027)	Prec@5 100.000 (100.000)
Epoch: [193][70/391], lr: 0.00000	Loss 0.0322 (0.0406)	Prec@1 99.219 (99.010)	Prec@5 100.000 (100.000)
Epoch: [193][80/391], lr: 0.00000	Loss 0.0457 (0.0396)	Prec@1 98.438 (99.035)	Prec@5 100.000 (100.000)
Epoch: [193][90/391], lr: 0.00000	Loss 0.0275 (0.0405)	Prec@1 99.219 (98.996)	Prec@5 100.000 (100.000)
Epoch: [193][100/391], lr: 0.00000	Loss 0.0428 (0.0410)	Prec@1 98.438 (98.971)	Prec@5 100.000 (100.000)
Epoch: [193][110/391], lr: 0.00000	Loss 0.0421 (0.0406)	Prec@1 100.000 (99.008)	Prec@5 100.000 (100.000)
Epoch: [193][120/391], lr: 0.00000	Loss 0.0323 (0.0408)	Prec@1 99.219 (99.006)	Prec@5 100.000 (99.994)
Epoch: [193][130/391], lr: 0.00000	Loss 0.0383 (0.0407)	Prec@1 99.219 (99.010)	Prec@5 100.000 (99.994)
Epoch: [193][140/391], lr: 0.00000	Loss 0.0702 (0.0408)	Prec@1 96.875 (98.992)	Prec@5 100.000 (99.994)
Epoch: [193][150/391], lr: 0.00000	Loss 0.0313 (0.0405)	Prec@1 98.438 (98.996)	Prec@5 100.000 (99.995)
Epoch: [193][160/391], lr: 0.00000	Loss 0.0388 (0.0403)	Prec@1 98.438 (99.000)	Prec@5 100.000 (99.995)
Epoch: [193][170/391], lr: 0.00000	Loss 0.0378 (0.0401)	Prec@1 99.219 (99.022)	Prec@5 100.000 (99.991)
Epoch: [193][180/391], lr: 0.00000	Loss 0.0381 (0.0405)	Prec@1 100.000 (99.029)	Prec@5 100.000 (99.987)
Epoch: [193][190/391], lr: 0.00000	Loss 0.1013 (0.0409)	Prec@1 96.875 (99.010)	Prec@5 100.000 (99.988)
Epoch: [193][200/391], lr: 0.00000	Loss 0.0552 (0.0411)	Prec@1 97.656 (99.005)	Prec@5 100.000 (99.988)
Epoch: [193][210/391], lr: 0.00000	Loss 0.0309 (0.0415)	Prec@1 100.000 (98.985)	Prec@5 100.000 (99.989)
Epoch: [193][220/391], lr: 0.00000	Loss 0.0374 (0.0421)	Prec@1 98.438 (98.971)	Prec@5 100.000 (99.989)
Epoch: [193][230/391], lr: 0.00000	Loss 0.0471 (0.0420)	Prec@1 98.438 (98.962)	Prec@5 100.000 (99.990)
Epoch: [193][240/391], lr: 0.00000	Loss 0.0573 (0.0419)	Prec@1 98.438 (98.969)	Prec@5 100.000 (99.990)
Epoch: [193][250/391], lr: 0.00000	Loss 0.0321 (0.0418)	Prec@1 98.438 (98.970)	Prec@5 100.000 (99.991)
Epoch: [193][260/391], lr: 0.00000	Loss 0.0736 (0.0421)	Prec@1 96.875 (98.958)	Prec@5 100.000 (99.988)
Epoch: [193][270/391], lr: 0.00000	Loss 0.0779 (0.0418)	Prec@1 97.656 (98.962)	Prec@5 100.000 (99.988)
Epoch: [193][280/391], lr: 0.00000	Loss 0.0175 (0.0420)	Prec@1 100.000 (98.944)	Prec@5 100.000 (99.989)
Epoch: [193][290/391], lr: 0.00000	Loss 0.0128 (0.0418)	Prec@1 100.000 (98.953)	Prec@5 100.000 (99.989)
Epoch: [193][300/391], lr: 0.00000	Loss 0.0583 (0.0417)	Prec@1 96.875 (98.944)	Prec@5 100.000 (99.990)
Epoch: [193][310/391], lr: 0.00000	Loss 0.0625 (0.0417)	Prec@1 99.219 (98.940)	Prec@5 100.000 (99.990)
Epoch: [193][320/391], lr: 0.00000	Loss 0.0188 (0.0417)	Prec@1 100.000 (98.936)	Prec@5 100.000 (99.990)
Epoch: [193][330/391], lr: 0.00000	Loss 0.0468 (0.0419)	Prec@1 98.438 (98.931)	Prec@5 100.000 (99.991)
Epoch: [193][340/391], lr: 0.00000	Loss 0.0275 (0.0421)	Prec@1 100.000 (98.935)	Prec@5 100.000 (99.991)
Epoch: [193][350/391], lr: 0.00000	Loss 0.0175 (0.0421)	Prec@1 100.000 (98.932)	Prec@5 100.000 (99.991)
Epoch: [193][360/391], lr: 0.00000	Loss 0.0621 (0.0419)	Prec@1 97.656 (98.933)	Prec@5 100.000 (99.991)
Epoch: [193][370/391], lr: 0.00000	Loss 0.0273 (0.0420)	Prec@1 100.000 (98.928)	Prec@5 100.000 (99.992)
Epoch: [193][380/391], lr: 0.00000	Loss 0.0357 (0.0420)	Prec@1 98.438 (98.917)	Prec@5 100.000 (99.992)
Epoch: [193][390/391], lr: 0.00000	Loss 0.0476 (0.0420)	Prec@1 98.750 (98.918)	Prec@5 100.000 (99.992)
Epoch [193] Training Results: Prec@1 98.918 Prec@5 99.992             Loss 0.04197
Epoch [193] Training Class Recall: [0.964,0.974,0.975,0.989,0.994,0.997,1.000,0.999,1.000,1.000]

Epoch: [194][0/391], lr: 0.00000	Loss 0.0392 (0.0392)	Prec@1 100.000 (100.000)	Prec@5 100.000 (100.000)
Epoch: [194][10/391], lr: 0.00000	Loss 0.0631 (0.0478)	Prec@1 98.438 (98.864)	Prec@5 100.000 (100.000)
Epoch: [194][20/391], lr: 0.00000	Loss 0.0276 (0.0396)	Prec@1 100.000 (99.182)	Prec@5 100.000 (100.000)
Epoch: [194][30/391], lr: 0.00000	Loss 0.0435 (0.0403)	Prec@1 97.656 (99.042)	Prec@5 100.000 (100.000)
Epoch: [194][40/391], lr: 0.00000	Loss 0.0298 (0.0397)	Prec@1 99.219 (99.047)	Prec@5 100.000 (100.000)
Epoch: [194][50/391], lr: 0.00000	Loss 0.0502 (0.0391)	Prec@1 99.219 (99.066)	Prec@5 100.000 (100.000)
Epoch: [194][60/391], lr: 0.00000	Loss 0.0284 (0.0396)	Prec@1 99.219 (99.078)	Prec@5 100.000 (100.000)
Epoch: [194][70/391], lr: 0.00000	Loss 0.0251 (0.0399)	Prec@1 100.000 (99.087)	Prec@5 100.000 (100.000)
Epoch: [194][80/391], lr: 0.00000	Loss 0.0243 (0.0406)	Prec@1 100.000 (99.064)	Prec@5 100.000 (100.000)
Epoch: [194][90/391], lr: 0.00000	Loss 0.0281 (0.0393)	Prec@1 100.000 (99.116)	Prec@5 100.000 (100.000)
Epoch: [194][100/391], lr: 0.00000	Loss 0.0441 (0.0402)	Prec@1 99.219 (99.072)	Prec@5 100.000 (100.000)
Epoch: [194][110/391], lr: 0.00000	Loss 0.0378 (0.0413)	Prec@1 100.000 (99.043)	Prec@5 100.000 (100.000)
Epoch: [194][120/391], lr: 0.00000	Loss 0.0210 (0.0424)	Prec@1 100.000 (99.006)	Prec@5 100.000 (99.994)
Epoch: [194][130/391], lr: 0.00000	Loss 0.0121 (0.0422)	Prec@1 100.000 (99.022)	Prec@5 100.000 (99.994)
Epoch: [194][140/391], lr: 0.00000	Loss 0.0435 (0.0419)	Prec@1 99.219 (99.030)	Prec@5 100.000 (99.994)
Epoch: [194][150/391], lr: 0.00000	Loss 0.0344 (0.0426)	Prec@1 100.000 (99.017)	Prec@5 100.000 (99.995)
Epoch: [194][160/391], lr: 0.00000	Loss 0.0257 (0.0419)	Prec@1 100.000 (99.039)	Prec@5 100.000 (99.995)
Epoch: [194][170/391], lr: 0.00000	Loss 0.0309 (0.0417)	Prec@1 99.219 (99.031)	Prec@5 100.000 (99.995)
Epoch: [194][180/391], lr: 0.00000	Loss 0.0648 (0.0416)	Prec@1 96.875 (99.033)	Prec@5 100.000 (99.996)
Epoch: [194][190/391], lr: 0.00000	Loss 0.0260 (0.0411)	Prec@1 98.438 (99.035)	Prec@5 100.000 (99.996)
Epoch: [194][200/391], lr: 0.00000	Loss 0.0237 (0.0415)	Prec@1 100.000 (99.036)	Prec@5 100.000 (99.996)
Epoch: [194][210/391], lr: 0.00000	Loss 0.0429 (0.0416)	Prec@1 98.438 (99.030)	Prec@5 100.000 (99.996)
Epoch: [194][220/391], lr: 0.00000	Loss 0.0671 (0.0417)	Prec@1 96.094 (99.003)	Prec@5 100.000 (99.996)
Epoch: [194][230/391], lr: 0.00000	Loss 0.0288 (0.0415)	Prec@1 100.000 (99.016)	Prec@5 100.000 (99.997)
Epoch: [194][240/391], lr: 0.00000	Loss 0.0254 (0.0416)	Prec@1 100.000 (99.018)	Prec@5 100.000 (99.997)
Epoch: [194][250/391], lr: 0.00000	Loss 0.0432 (0.0416)	Prec@1 97.656 (99.007)	Prec@5 100.000 (99.997)
Epoch: [194][260/391], lr: 0.00000	Loss 0.0212 (0.0416)	Prec@1 100.000 (99.015)	Prec@5 100.000 (99.997)
Epoch: [194][270/391], lr: 0.00000	Loss 0.0399 (0.0416)	Prec@1 99.219 (99.017)	Prec@5 100.000 (99.997)
Epoch: [194][280/391], lr: 0.00000	Loss 0.0198 (0.0417)	Prec@1 100.000 (99.007)	Prec@5 100.000 (99.994)
Epoch: [194][290/391], lr: 0.00000	Loss 0.0264 (0.0413)	Prec@1 99.219 (99.017)	Prec@5 100.000 (99.995)
Epoch: [194][300/391], lr: 0.00000	Loss 0.0304 (0.0415)	Prec@1 99.219 (99.006)	Prec@5 100.000 (99.995)
Epoch: [194][310/391], lr: 0.00000	Loss 0.0148 (0.0421)	Prec@1 100.000 (98.988)	Prec@5 100.000 (99.995)
Epoch: [194][320/391], lr: 0.00000	Loss 0.0404 (0.0422)	Prec@1 99.219 (98.980)	Prec@5 100.000 (99.995)
Epoch: [194][330/391], lr: 0.00000	Loss 0.0464 (0.0421)	Prec@1 98.438 (98.978)	Prec@5 100.000 (99.995)
Epoch: [194][340/391], lr: 0.00000	Loss 0.0383 (0.0420)	Prec@1 99.219 (98.980)	Prec@5 100.000 (99.995)
Epoch: [194][350/391], lr: 0.00000	Loss 0.0374 (0.0421)	Prec@1 98.438 (98.976)	Prec@5 100.000 (99.996)
Epoch: [194][360/391], lr: 0.00000	Loss 0.0654 (0.0424)	Prec@1 96.875 (98.948)	Prec@5 100.000 (99.996)
Epoch: [194][370/391], lr: 0.00000	Loss 0.0198 (0.0423)	Prec@1 100.000 (98.951)	Prec@5 100.000 (99.996)
Epoch: [194][380/391], lr: 0.00000	Loss 0.0270 (0.0423)	Prec@1 100.000 (98.946)	Prec@5 100.000 (99.996)
Epoch: [194][390/391], lr: 0.00000	Loss 0.0530 (0.0423)	Prec@1 98.750 (98.944)	Prec@5 100.000 (99.996)
Epoch [194] Training Results: Prec@1 98.944 Prec@5 99.996             Loss 0.04233
Epoch [194] Training Class Recall: [0.962,0.977,0.975,0.989,0.996,0.998,0.999,0.999,1.000,0.999]

Epoch: [195][0/391], lr: 0.00000	Loss 0.0393 (0.0393)	Prec@1 97.656 (97.656)	Prec@5 100.000 (100.000)
Epoch: [195][10/391], lr: 0.00000	Loss 0.0568 (0.0404)	Prec@1 98.438 (98.793)	Prec@5 100.000 (100.000)
Epoch: [195][20/391], lr: 0.00000	Loss 0.0585 (0.0440)	Prec@1 98.438 (98.698)	Prec@5 100.000 (100.000)
Epoch: [195][30/391], lr: 0.00000	Loss 0.0326 (0.0424)	Prec@1 99.219 (98.740)	Prec@5 100.000 (100.000)
Epoch: [195][40/391], lr: 0.00000	Loss 0.0332 (0.0429)	Prec@1 100.000 (98.838)	Prec@5 100.000 (100.000)
Epoch: [195][50/391], lr: 0.00000	Loss 0.0840 (0.0456)	Prec@1 99.219 (98.744)	Prec@5 100.000 (100.000)
Epoch: [195][60/391], lr: 0.00000	Loss 0.0350 (0.0448)	Prec@1 98.438 (98.770)	Prec@5 100.000 (100.000)
Epoch: [195][70/391], lr: 0.00000	Loss 0.0462 (0.0445)	Prec@1 98.438 (98.845)	Prec@5 100.000 (99.978)
Epoch: [195][80/391], lr: 0.00000	Loss 0.0384 (0.0427)	Prec@1 97.656 (98.920)	Prec@5 100.000 (99.981)
Epoch: [195][90/391], lr: 0.00000	Loss 0.0584 (0.0425)	Prec@1 98.438 (98.944)	Prec@5 100.000 (99.983)
Epoch: [195][100/391], lr: 0.00000	Loss 0.0414 (0.0428)	Prec@1 99.219 (98.917)	Prec@5 100.000 (99.985)
Epoch: [195][110/391], lr: 0.00000	Loss 0.0396 (0.0436)	Prec@1 98.438 (98.874)	Prec@5 100.000 (99.986)
Epoch: [195][120/391], lr: 0.00000	Loss 0.0404 (0.0432)	Prec@1 98.438 (98.889)	Prec@5 100.000 (99.987)
Epoch: [195][130/391], lr: 0.00000	Loss 0.0208 (0.0427)	Prec@1 100.000 (98.909)	Prec@5 100.000 (99.988)
Epoch: [195][140/391], lr: 0.00000	Loss 0.0280 (0.0427)	Prec@1 100.000 (98.925)	Prec@5 100.000 (99.989)
Epoch: [195][150/391], lr: 0.00000	Loss 0.0406 (0.0428)	Prec@1 97.656 (98.913)	Prec@5 100.000 (99.990)
Epoch: [195][160/391], lr: 0.00000	Loss 0.0270 (0.0428)	Prec@1 99.219 (98.928)	Prec@5 100.000 (99.990)
Epoch: [195][170/391], lr: 0.00000	Loss 0.0353 (0.0422)	Prec@1 99.219 (98.949)	Prec@5 100.000 (99.991)
Epoch: [195][180/391], lr: 0.00000	Loss 0.0196 (0.0421)	Prec@1 100.000 (98.943)	Prec@5 100.000 (99.991)
Epoch: [195][190/391], lr: 0.00000	Loss 0.0257 (0.0423)	Prec@1 99.219 (98.949)	Prec@5 100.000 (99.992)
Epoch: [195][200/391], lr: 0.00000	Loss 0.0613 (0.0421)	Prec@1 99.219 (98.962)	Prec@5 100.000 (99.992)
Epoch: [195][210/391], lr: 0.00000	Loss 0.0547 (0.0427)	Prec@1 97.656 (98.948)	Prec@5 100.000 (99.993)
Epoch: [195][220/391], lr: 0.00000	Loss 0.0316 (0.0430)	Prec@1 99.219 (98.950)	Prec@5 100.000 (99.993)
Epoch: [195][230/391], lr: 0.00000	Loss 0.0224 (0.0427)	Prec@1 99.219 (98.962)	Prec@5 100.000 (99.993)
Epoch: [195][240/391], lr: 0.00000	Loss 0.0327 (0.0424)	Prec@1 99.219 (98.972)	Prec@5 100.000 (99.994)
Epoch: [195][250/391], lr: 0.00000	Loss 0.0345 (0.0423)	Prec@1 99.219 (98.973)	Prec@5 100.000 (99.994)
Epoch: [195][260/391], lr: 0.00000	Loss 0.0236 (0.0421)	Prec@1 100.000 (98.979)	Prec@5 100.000 (99.994)
Epoch: [195][270/391], lr: 0.00000	Loss 0.0498 (0.0421)	Prec@1 97.656 (98.971)	Prec@5 100.000 (99.994)
Epoch: [195][280/391], lr: 0.00000	Loss 0.0168 (0.0418)	Prec@1 100.000 (98.980)	Prec@5 100.000 (99.994)
Epoch: [195][290/391], lr: 0.00000	Loss 0.0520 (0.0414)	Prec@1 99.219 (98.993)	Prec@5 100.000 (99.995)
Epoch: [195][300/391], lr: 0.00000	Loss 0.0168 (0.0414)	Prec@1 100.000 (98.998)	Prec@5 100.000 (99.995)
Epoch: [195][310/391], lr: 0.00000	Loss 0.0209 (0.0412)	Prec@1 100.000 (98.998)	Prec@5 100.000 (99.995)
Epoch: [195][320/391], lr: 0.00000	Loss 0.0906 (0.0413)	Prec@1 97.656 (98.990)	Prec@5 100.000 (99.995)
Epoch: [195][330/391], lr: 0.00000	Loss 0.0370 (0.0414)	Prec@1 98.438 (98.983)	Prec@5 100.000 (99.995)
Epoch: [195][340/391], lr: 0.00000	Loss 0.0326 (0.0415)	Prec@1 98.438 (98.976)	Prec@5 100.000 (99.995)
Epoch: [195][350/391], lr: 0.00000	Loss 0.0487 (0.0413)	Prec@1 99.219 (98.983)	Prec@5 100.000 (99.996)
Epoch: [195][360/391], lr: 0.00000	Loss 0.0411 (0.0413)	Prec@1 98.438 (98.987)	Prec@5 100.000 (99.996)
Epoch: [195][370/391], lr: 0.00000	Loss 0.0745 (0.0415)	Prec@1 96.875 (98.981)	Prec@5 100.000 (99.996)
Epoch: [195][380/391], lr: 0.00000	Loss 0.0604 (0.0416)	Prec@1 98.438 (98.977)	Prec@5 100.000 (99.996)
Epoch: [195][390/391], lr: 0.00000	Loss 0.0943 (0.0417)	Prec@1 96.250 (98.974)	Prec@5 100.000 (99.996)
Epoch [195] Training Results: Prec@1 98.974 Prec@5 99.996             Loss 0.04174
Epoch [195] Training Class Recall: [0.964,0.977,0.976,0.990,0.996,0.996,0.999,0.999,0.999,1.000]

Epoch: [196][0/391], lr: 0.00000	Loss 0.0810 (0.0810)	Prec@1 97.656 (97.656)	Prec@5 100.000 (100.000)
Epoch: [196][10/391], lr: 0.00000	Loss 0.0169 (0.0453)	Prec@1 100.000 (98.651)	Prec@5 100.000 (99.929)
Epoch: [196][20/391], lr: 0.00000	Loss 0.0399 (0.0460)	Prec@1 99.219 (98.624)	Prec@5 100.000 (99.963)
Epoch: [196][30/391], lr: 0.00000	Loss 0.0365 (0.0454)	Prec@1 99.219 (98.614)	Prec@5 100.000 (99.975)
Epoch: [196][40/391], lr: 0.00000	Loss 0.0578 (0.0437)	Prec@1 98.438 (98.704)	Prec@5 100.000 (99.981)
Epoch: [196][50/391], lr: 0.00000	Loss 0.0150 (0.0414)	Prec@1 100.000 (98.805)	Prec@5 100.000 (99.985)
Epoch: [196][60/391], lr: 0.00000	Loss 0.0621 (0.0428)	Prec@1 96.875 (98.681)	Prec@5 100.000 (99.987)
Epoch: [196][70/391], lr: 0.00000	Loss 0.0512 (0.0420)	Prec@1 99.219 (98.768)	Prec@5 100.000 (99.989)
Epoch: [196][80/391], lr: 0.00000	Loss 0.0581 (0.0421)	Prec@1 98.438 (98.775)	Prec@5 100.000 (99.990)
Epoch: [196][90/391], lr: 0.00000	Loss 0.0318 (0.0416)	Prec@1 99.219 (98.772)	Prec@5 100.000 (99.991)
Epoch: [196][100/391], lr: 0.00000	Loss 0.0238 (0.0409)	Prec@1 100.000 (98.817)	Prec@5 100.000 (99.992)
Epoch: [196][110/391], lr: 0.00000	Loss 0.0364 (0.0402)	Prec@1 98.438 (98.860)	Prec@5 100.000 (99.993)
Epoch: [196][120/391], lr: 0.00000	Loss 0.0326 (0.0397)	Prec@1 99.219 (98.883)	Prec@5 100.000 (99.994)
Epoch: [196][130/391], lr: 0.00000	Loss 0.0551 (0.0400)	Prec@1 97.656 (98.891)	Prec@5 100.000 (99.988)
Epoch: [196][140/391], lr: 0.00000	Loss 0.0410 (0.0406)	Prec@1 99.219 (98.870)	Prec@5 100.000 (99.989)
Epoch: [196][150/391], lr: 0.00000	Loss 0.0120 (0.0410)	Prec@1 100.000 (98.836)	Prec@5 100.000 (99.990)
Epoch: [196][160/391], lr: 0.00000	Loss 0.0489 (0.0415)	Prec@1 96.094 (98.806)	Prec@5 100.000 (99.985)
Epoch: [196][170/391], lr: 0.00000	Loss 0.0413 (0.0416)	Prec@1 98.438 (98.808)	Prec@5 100.000 (99.982)
Epoch: [196][180/391], lr: 0.00000	Loss 0.0566 (0.0412)	Prec@1 97.656 (98.835)	Prec@5 100.000 (99.983)
Epoch: [196][190/391], lr: 0.00000	Loss 0.0263 (0.0410)	Prec@1 100.000 (98.842)	Prec@5 100.000 (99.984)
Epoch: [196][200/391], lr: 0.00000	Loss 0.0565 (0.0415)	Prec@1 98.438 (98.842)	Prec@5 100.000 (99.984)
Epoch: [196][210/391], lr: 0.00000	Loss 0.0967 (0.0417)	Prec@1 97.656 (98.837)	Prec@5 100.000 (99.985)
Epoch: [196][220/391], lr: 0.00000	Loss 0.0380 (0.0421)	Prec@1 99.219 (98.826)	Prec@5 100.000 (99.986)
Epoch: [196][230/391], lr: 0.00000	Loss 0.0168 (0.0420)	Prec@1 100.000 (98.820)	Prec@5 100.000 (99.986)
Epoch: [196][240/391], lr: 0.00000	Loss 0.0771 (0.0423)	Prec@1 95.312 (98.797)	Prec@5 100.000 (99.987)
Epoch: [196][250/391], lr: 0.00000	Loss 0.0334 (0.0423)	Prec@1 99.219 (98.799)	Prec@5 100.000 (99.984)
Epoch: [196][260/391], lr: 0.00000	Loss 0.0219 (0.0419)	Prec@1 100.000 (98.827)	Prec@5 100.000 (99.985)
Epoch: [196][270/391], lr: 0.00000	Loss 0.0659 (0.0417)	Prec@1 97.656 (98.841)	Prec@5 100.000 (99.986)
Epoch: [196][280/391], lr: 0.00000	Loss 0.0547 (0.0419)	Prec@1 98.438 (98.827)	Prec@5 100.000 (99.986)
Epoch: [196][290/391], lr: 0.00000	Loss 0.0309 (0.0419)	Prec@1 98.438 (98.821)	Prec@5 100.000 (99.987)
Epoch: [196][300/391], lr: 0.00000	Loss 0.0336 (0.0422)	Prec@1 100.000 (98.824)	Prec@5 100.000 (99.987)
Epoch: [196][310/391], lr: 0.00000	Loss 0.0552 (0.0419)	Prec@1 97.656 (98.837)	Prec@5 100.000 (99.987)
Epoch: [196][320/391], lr: 0.00000	Loss 0.0688 (0.0419)	Prec@1 98.438 (98.839)	Prec@5 100.000 (99.988)
Epoch: [196][330/391], lr: 0.00000	Loss 0.0349 (0.0419)	Prec@1 99.219 (98.846)	Prec@5 100.000 (99.988)
Epoch: [196][340/391], lr: 0.00000	Loss 0.0479 (0.0421)	Prec@1 98.438 (98.841)	Prec@5 100.000 (99.989)
Epoch: [196][350/391], lr: 0.00000	Loss 0.0336 (0.0417)	Prec@1 99.219 (98.847)	Prec@5 100.000 (99.989)
Epoch: [196][360/391], lr: 0.00000	Loss 0.0335 (0.0416)	Prec@1 98.438 (98.860)	Prec@5 100.000 (99.989)
Epoch: [196][370/391], lr: 0.00000	Loss 0.0297 (0.0419)	Prec@1 99.219 (98.859)	Prec@5 100.000 (99.987)
Epoch: [196][380/391], lr: 0.00000	Loss 0.0291 (0.0421)	Prec@1 98.438 (98.854)	Prec@5 100.000 (99.988)
Epoch: [196][390/391], lr: 0.00000	Loss 0.0436 (0.0420)	Prec@1 98.750 (98.858)	Prec@5 100.000 (99.988)
Epoch [196] Training Results: Prec@1 98.858 Prec@5 99.988             Loss 0.04203
Epoch [196] Training Class Recall: [0.960,0.975,0.971,0.991,0.995,0.997,0.999,0.999,0.999,1.000]

Epoch: [197][0/391], lr: 0.00000	Loss 0.0246 (0.0246)	Prec@1 100.000 (100.000)	Prec@5 100.000 (100.000)
Epoch: [197][10/391], lr: 0.00000	Loss 0.0350 (0.0334)	Prec@1 100.000 (99.432)	Prec@5 100.000 (100.000)
Epoch: [197][20/391], lr: 0.00000	Loss 0.0205 (0.0355)	Prec@1 99.219 (99.219)	Prec@5 100.000 (100.000)
Epoch: [197][30/391], lr: 0.00000	Loss 0.1447 (0.0399)	Prec@1 97.656 (99.093)	Prec@5 99.219 (99.975)
Epoch: [197][40/391], lr: 0.00000	Loss 0.0409 (0.0403)	Prec@1 99.219 (99.028)	Prec@5 100.000 (99.981)
Epoch: [197][50/391], lr: 0.00000	Loss 0.0215 (0.0407)	Prec@1 100.000 (98.989)	Prec@5 100.000 (99.985)
Epoch: [197][60/391], lr: 0.00000	Loss 0.0859 (0.0423)	Prec@1 97.656 (98.873)	Prec@5 100.000 (99.987)
Epoch: [197][70/391], lr: 0.00000	Loss 0.1058 (0.0428)	Prec@1 96.875 (98.900)	Prec@5 100.000 (99.989)
Epoch: [197][80/391], lr: 0.00000	Loss 0.0913 (0.0439)	Prec@1 98.438 (98.900)	Prec@5 100.000 (99.990)
Epoch: [197][90/391], lr: 0.00000	Loss 0.1017 (0.0443)	Prec@1 96.875 (98.850)	Prec@5 100.000 (99.991)
Epoch: [197][100/391], lr: 0.00000	Loss 0.0158 (0.0449)	Prec@1 100.000 (98.824)	Prec@5 100.000 (99.992)
Epoch: [197][110/391], lr: 0.00000	Loss 0.0736 (0.0444)	Prec@1 96.094 (98.839)	Prec@5 100.000 (99.993)
Epoch: [197][120/391], lr: 0.00000	Loss 0.0613 (0.0448)	Prec@1 97.656 (98.799)	Prec@5 100.000 (99.994)
Epoch: [197][130/391], lr: 0.00000	Loss 0.0449 (0.0453)	Prec@1 98.438 (98.801)	Prec@5 100.000 (99.994)
Epoch: [197][140/391], lr: 0.00000	Loss 0.0513 (0.0450)	Prec@1 99.219 (98.809)	Prec@5 100.000 (99.994)
Epoch: [197][150/391], lr: 0.00000	Loss 0.0376 (0.0453)	Prec@1 99.219 (98.800)	Prec@5 100.000 (99.990)
Epoch: [197][160/391], lr: 0.00000	Loss 0.0516 (0.0454)	Prec@1 99.219 (98.792)	Prec@5 100.000 (99.990)
Epoch: [197][170/391], lr: 0.00000	Loss 0.0284 (0.0457)	Prec@1 99.219 (98.776)	Prec@5 100.000 (99.991)
Epoch: [197][180/391], lr: 0.00000	Loss 0.0368 (0.0454)	Prec@1 99.219 (98.791)	Prec@5 100.000 (99.991)
Epoch: [197][190/391], lr: 0.00000	Loss 0.0350 (0.0449)	Prec@1 99.219 (98.814)	Prec@5 100.000 (99.992)
Epoch: [197][200/391], lr: 0.00000	Loss 0.0357 (0.0446)	Prec@1 99.219 (98.818)	Prec@5 100.000 (99.992)
Epoch: [197][210/391], lr: 0.00000	Loss 0.0279 (0.0445)	Prec@1 99.219 (98.837)	Prec@5 100.000 (99.993)
Epoch: [197][220/391], lr: 0.00000	Loss 0.0258 (0.0443)	Prec@1 100.000 (98.840)	Prec@5 100.000 (99.993)
Epoch: [197][230/391], lr: 0.00000	Loss 0.0737 (0.0446)	Prec@1 97.656 (98.833)	Prec@5 100.000 (99.993)
Epoch: [197][240/391], lr: 0.00000	Loss 0.0264 (0.0441)	Prec@1 98.438 (98.849)	Prec@5 100.000 (99.994)
Epoch: [197][250/391], lr: 0.00000	Loss 0.0379 (0.0440)	Prec@1 99.219 (98.858)	Prec@5 100.000 (99.994)
Epoch: [197][260/391], lr: 0.00000	Loss 0.0315 (0.0437)	Prec@1 100.000 (98.860)	Prec@5 100.000 (99.994)
Epoch: [197][270/391], lr: 0.00000	Loss 0.0886 (0.0439)	Prec@1 98.438 (98.853)	Prec@5 100.000 (99.994)
Epoch: [197][280/391], lr: 0.00000	Loss 0.0431 (0.0439)	Prec@1 97.656 (98.843)	Prec@5 100.000 (99.994)
Epoch: [197][290/391], lr: 0.00000	Loss 0.0652 (0.0435)	Prec@1 99.219 (98.864)	Prec@5 100.000 (99.995)
Epoch: [197][300/391], lr: 0.00000	Loss 0.0609 (0.0438)	Prec@1 99.219 (98.866)	Prec@5 100.000 (99.995)
Epoch: [197][310/391], lr: 0.00000	Loss 0.0291 (0.0437)	Prec@1 99.219 (98.870)	Prec@5 100.000 (99.995)
Epoch: [197][320/391], lr: 0.00000	Loss 0.0195 (0.0439)	Prec@1 100.000 (98.866)	Prec@5 100.000 (99.995)
Epoch: [197][330/391], lr: 0.00000	Loss 0.0507 (0.0438)	Prec@1 97.656 (98.872)	Prec@5 100.000 (99.995)
Epoch: [197][340/391], lr: 0.00000	Loss 0.0202 (0.0437)	Prec@1 100.000 (98.877)	Prec@5 100.000 (99.993)
Epoch: [197][350/391], lr: 0.00000	Loss 0.0480 (0.0436)	Prec@1 99.219 (98.880)	Prec@5 100.000 (99.993)
Epoch: [197][360/391], lr: 0.00000	Loss 0.0270 (0.0433)	Prec@1 99.219 (98.896)	Prec@5 100.000 (99.994)
Epoch: [197][370/391], lr: 0.00000	Loss 0.0300 (0.0432)	Prec@1 100.000 (98.901)	Prec@5 100.000 (99.994)
Epoch: [197][380/391], lr: 0.00000	Loss 0.0376 (0.0431)	Prec@1 98.438 (98.901)	Prec@5 100.000 (99.994)
Epoch: [197][390/391], lr: 0.00000	Loss 0.0940 (0.0432)	Prec@1 97.500 (98.898)	Prec@5 100.000 (99.994)
Epoch [197] Training Results: Prec@1 98.898 Prec@5 99.994             Loss 0.04324
Epoch [197] Training Class Recall: [0.964,0.975,0.971,0.990,0.996,0.997,0.999,0.999,1.000,1.000]

Epoch: [198][0/391], lr: 0.00000	Loss 0.0711 (0.0711)	Prec@1 96.875 (96.875)	Prec@5 100.000 (100.000)
Epoch: [198][10/391], lr: 0.00000	Loss 0.0571 (0.0407)	Prec@1 98.438 (98.864)	Prec@5 100.000 (100.000)
Epoch: [198][20/391], lr: 0.00000	Loss 0.0282 (0.0419)	Prec@1 100.000 (99.107)	Prec@5 100.000 (100.000)
Epoch: [198][30/391], lr: 0.00000	Loss 0.0589 (0.0462)	Prec@1 97.656 (98.916)	Prec@5 100.000 (100.000)
Epoch: [198][40/391], lr: 0.00000	Loss 0.0284 (0.0472)	Prec@1 99.219 (98.876)	Prec@5 100.000 (99.981)
Epoch: [198][50/391], lr: 0.00000	Loss 0.0331 (0.0451)	Prec@1 99.219 (98.943)	Prec@5 100.000 (99.985)
Epoch: [198][60/391], lr: 0.00000	Loss 0.0309 (0.0451)	Prec@1 99.219 (98.886)	Prec@5 100.000 (99.987)
Epoch: [198][70/391], lr: 0.00000	Loss 0.0314 (0.0450)	Prec@1 99.219 (98.933)	Prec@5 100.000 (99.989)
Epoch: [198][80/391], lr: 0.00000	Loss 0.0289 (0.0436)	Prec@1 98.438 (98.939)	Prec@5 100.000 (99.990)
Epoch: [198][90/391], lr: 0.00000	Loss 0.0641 (0.0438)	Prec@1 98.438 (98.935)	Prec@5 100.000 (99.991)
Epoch: [198][100/391], lr: 0.00000	Loss 0.0479 (0.0443)	Prec@1 98.438 (98.902)	Prec@5 100.000 (99.985)
Epoch: [198][110/391], lr: 0.00000	Loss 0.0267 (0.0431)	Prec@1 99.219 (98.923)	Prec@5 100.000 (99.986)
Epoch: [198][120/391], lr: 0.00000	Loss 0.0358 (0.0436)	Prec@1 100.000 (98.902)	Prec@5 100.000 (99.987)
Epoch: [198][130/391], lr: 0.00000	Loss 0.0472 (0.0436)	Prec@1 99.219 (98.903)	Prec@5 100.000 (99.988)
Epoch: [198][140/391], lr: 0.00000	Loss 0.0509 (0.0438)	Prec@1 98.438 (98.897)	Prec@5 100.000 (99.989)
Epoch: [198][150/391], lr: 0.00000	Loss 0.0259 (0.0441)	Prec@1 100.000 (98.908)	Prec@5 100.000 (99.990)
Epoch: [198][160/391], lr: 0.00000	Loss 0.0350 (0.0443)	Prec@1 98.438 (98.874)	Prec@5 100.000 (99.990)
Epoch: [198][170/391], lr: 0.00000	Loss 0.0514 (0.0444)	Prec@1 98.438 (98.876)	Prec@5 100.000 (99.986)
Epoch: [198][180/391], lr: 0.00000	Loss 0.0284 (0.0442)	Prec@1 99.219 (98.878)	Prec@5 100.000 (99.987)
Epoch: [198][190/391], lr: 0.00000	Loss 0.0380 (0.0441)	Prec@1 99.219 (98.875)	Prec@5 100.000 (99.988)
Epoch: [198][200/391], lr: 0.00000	Loss 0.0353 (0.0437)	Prec@1 99.219 (98.900)	Prec@5 100.000 (99.988)
Epoch: [198][210/391], lr: 0.00000	Loss 0.0362 (0.0443)	Prec@1 99.219 (98.893)	Prec@5 100.000 (99.989)
Epoch: [198][220/391], lr: 0.00000	Loss 0.0433 (0.0443)	Prec@1 98.438 (98.879)	Prec@5 100.000 (99.989)
Epoch: [198][230/391], lr: 0.00000	Loss 0.0206 (0.0440)	Prec@1 100.000 (98.884)	Prec@5 100.000 (99.990)
Epoch: [198][240/391], lr: 0.00000	Loss 0.0169 (0.0441)	Prec@1 100.000 (98.872)	Prec@5 100.000 (99.990)
Epoch: [198][250/391], lr: 0.00000	Loss 0.0180 (0.0436)	Prec@1 100.000 (98.892)	Prec@5 100.000 (99.988)
Epoch: [198][260/391], lr: 0.00000	Loss 0.0346 (0.0435)	Prec@1 99.219 (98.895)	Prec@5 100.000 (99.988)
Epoch: [198][270/391], lr: 0.00000	Loss 0.0201 (0.0432)	Prec@1 100.000 (98.913)	Prec@5 100.000 (99.988)
Epoch: [198][280/391], lr: 0.00000	Loss 0.0224 (0.0429)	Prec@1 100.000 (98.927)	Prec@5 100.000 (99.989)
Epoch: [198][290/391], lr: 0.00000	Loss 0.0292 (0.0428)	Prec@1 99.219 (98.921)	Prec@5 100.000 (99.989)
Epoch: [198][300/391], lr: 0.00000	Loss 0.0234 (0.0425)	Prec@1 100.000 (98.933)	Prec@5 100.000 (99.990)
Epoch: [198][310/391], lr: 0.00000	Loss 0.0310 (0.0422)	Prec@1 100.000 (98.947)	Prec@5 100.000 (99.990)
Epoch: [198][320/391], lr: 0.00000	Loss 0.0195 (0.0420)	Prec@1 100.000 (98.961)	Prec@5 100.000 (99.990)
Epoch: [198][330/391], lr: 0.00000	Loss 0.0605 (0.0420)	Prec@1 98.438 (98.961)	Prec@5 100.000 (99.991)
Epoch: [198][340/391], lr: 0.00000	Loss 0.0613 (0.0418)	Prec@1 96.875 (98.964)	Prec@5 100.000 (99.991)
Epoch: [198][350/391], lr: 0.00000	Loss 0.0340 (0.0418)	Prec@1 99.219 (98.963)	Prec@5 100.000 (99.991)
Epoch: [198][360/391], lr: 0.00000	Loss 0.0329 (0.0418)	Prec@1 99.219 (98.961)	Prec@5 100.000 (99.991)
Epoch: [198][370/391], lr: 0.00000	Loss 0.0213 (0.0415)	Prec@1 100.000 (98.974)	Prec@5 100.000 (99.992)
Epoch: [198][380/391], lr: 0.00000	Loss 0.0800 (0.0419)	Prec@1 97.656 (98.960)	Prec@5 100.000 (99.992)
Epoch: [198][390/391], lr: 0.00000	Loss 0.0277 (0.0420)	Prec@1 100.000 (98.964)	Prec@5 100.000 (99.992)
Epoch [198] Training Results: Prec@1 98.964 Prec@5 99.992             Loss 0.04197
Epoch [198] Training Class Recall: [0.965,0.976,0.976,0.992,0.994,0.998,0.998,0.999,1.000,1.000]

Epoch: [199][0/391], lr: 0.00000	Loss 0.0535 (0.0535)	Prec@1 97.656 (97.656)	Prec@5 100.000 (100.000)
Epoch: [199][10/391], lr: 0.00000	Loss 0.0495 (0.0507)	Prec@1 98.438 (98.793)	Prec@5 100.000 (100.000)
Epoch: [199][20/391], lr: 0.00000	Loss 0.0264 (0.0528)	Prec@1 99.219 (98.624)	Prec@5 100.000 (100.000)
Epoch: [199][30/391], lr: 0.00000	Loss 0.0227 (0.0483)	Prec@1 99.219 (98.664)	Prec@5 100.000 (100.000)
Epoch: [199][40/391], lr: 0.00000	Loss 0.0463 (0.0462)	Prec@1 97.656 (98.761)	Prec@5 100.000 (100.000)
Epoch: [199][50/391], lr: 0.00000	Loss 0.0502 (0.0446)	Prec@1 99.219 (98.851)	Prec@5 100.000 (100.000)
Epoch: [199][60/391], lr: 0.00000	Loss 0.0269 (0.0426)	Prec@1 99.219 (98.899)	Prec@5 100.000 (100.000)
Epoch: [199][70/391], lr: 0.00000	Loss 0.0261 (0.0404)	Prec@1 100.000 (98.988)	Prec@5 100.000 (100.000)
Epoch: [199][80/391], lr: 0.00000	Loss 0.0527 (0.0403)	Prec@1 97.656 (98.968)	Prec@5 100.000 (99.990)
Epoch: [199][90/391], lr: 0.00000	Loss 0.0334 (0.0404)	Prec@1 99.219 (98.996)	Prec@5 100.000 (99.991)
Epoch: [199][100/391], lr: 0.00000	Loss 0.0456 (0.0404)	Prec@1 99.219 (98.994)	Prec@5 100.000 (99.985)
Epoch: [199][110/391], lr: 0.00000	Loss 0.0274 (0.0395)	Prec@1 99.219 (99.015)	Prec@5 100.000 (99.986)
Epoch: [199][120/391], lr: 0.00000	Loss 0.0348 (0.0391)	Prec@1 99.219 (99.032)	Prec@5 100.000 (99.987)
Epoch: [199][130/391], lr: 0.00000	Loss 0.0484 (0.0392)	Prec@1 99.219 (99.034)	Prec@5 100.000 (99.988)
Epoch: [199][140/391], lr: 0.00000	Loss 0.0368 (0.0406)	Prec@1 99.219 (99.003)	Prec@5 100.000 (99.989)
Epoch: [199][150/391], lr: 0.00000	Loss 0.0824 (0.0412)	Prec@1 97.656 (98.986)	Prec@5 100.000 (99.990)
Epoch: [199][160/391], lr: 0.00000	Loss 0.0320 (0.0410)	Prec@1 99.219 (98.981)	Prec@5 100.000 (99.990)
Epoch: [199][170/391], lr: 0.00000	Loss 0.0454 (0.0409)	Prec@1 98.438 (98.981)	Prec@5 100.000 (99.991)
Epoch: [199][180/391], lr: 0.00000	Loss 0.0552 (0.0412)	Prec@1 98.438 (98.981)	Prec@5 100.000 (99.991)
Epoch: [199][190/391], lr: 0.00000	Loss 0.0296 (0.0407)	Prec@1 99.219 (98.986)	Prec@5 100.000 (99.992)
Epoch: [199][200/391], lr: 0.00000	Loss 0.0616 (0.0414)	Prec@1 97.656 (98.962)	Prec@5 100.000 (99.988)
Epoch: [199][210/391], lr: 0.00000	Loss 0.0237 (0.0416)	Prec@1 99.219 (98.960)	Prec@5 100.000 (99.989)
Epoch: [199][220/391], lr: 0.00000	Loss 0.0349 (0.0414)	Prec@1 99.219 (98.964)	Prec@5 100.000 (99.989)
Epoch: [199][230/391], lr: 0.00000	Loss 0.0257 (0.0412)	Prec@1 100.000 (98.972)	Prec@5 100.000 (99.990)
Epoch: [199][240/391], lr: 0.00000	Loss 0.0227 (0.0409)	Prec@1 99.219 (98.976)	Prec@5 100.000 (99.990)
Epoch: [199][250/391], lr: 0.00000	Loss 0.0141 (0.0410)	Prec@1 100.000 (98.967)	Prec@5 100.000 (99.991)
Epoch: [199][260/391], lr: 0.00000	Loss 0.0392 (0.0409)	Prec@1 100.000 (98.970)	Prec@5 100.000 (99.991)
Epoch: [199][270/391], lr: 0.00000	Loss 0.0395 (0.0408)	Prec@1 98.438 (98.968)	Prec@5 100.000 (99.991)
Epoch: [199][280/391], lr: 0.00000	Loss 0.0316 (0.0412)	Prec@1 99.219 (98.955)	Prec@5 100.000 (99.992)
Epoch: [199][290/391], lr: 0.00000	Loss 0.0348 (0.0413)	Prec@1 98.438 (98.950)	Prec@5 100.000 (99.992)
Epoch: [199][300/391], lr: 0.00000	Loss 0.0587 (0.0415)	Prec@1 99.219 (98.949)	Prec@5 100.000 (99.992)
Epoch: [199][310/391], lr: 0.00000	Loss 0.0287 (0.0413)	Prec@1 100.000 (98.963)	Prec@5 100.000 (99.992)
Epoch: [199][320/391], lr: 0.00000	Loss 0.0541 (0.0414)	Prec@1 98.438 (98.958)	Prec@5 100.000 (99.990)
Epoch: [199][330/391], lr: 0.00000	Loss 0.0350 (0.0413)	Prec@1 98.438 (98.952)	Prec@5 100.000 (99.988)
Epoch: [199][340/391], lr: 0.00000	Loss 0.0254 (0.0413)	Prec@1 99.219 (98.946)	Prec@5 100.000 (99.989)
Epoch: [199][350/391], lr: 0.00000	Loss 0.0460 (0.0416)	Prec@1 98.438 (98.945)	Prec@5 100.000 (99.989)
Epoch: [199][360/391], lr: 0.00000	Loss 0.0733 (0.0416)	Prec@1 97.656 (98.935)	Prec@5 100.000 (99.989)
Epoch: [199][370/391], lr: 0.00000	Loss 0.0365 (0.0415)	Prec@1 99.219 (98.939)	Prec@5 100.000 (99.989)
Epoch: [199][380/391], lr: 0.00000	Loss 0.0300 (0.0414)	Prec@1 99.219 (98.934)	Prec@5 100.000 (99.990)
Epoch: [199][390/391], lr: 0.00000	Loss 0.0446 (0.0417)	Prec@1 98.750 (98.920)	Prec@5 100.000 (99.990)
Epoch [199] Training Results: Prec@1 98.920 Prec@5 99.990             Loss 0.04168
Epoch [199] Training Class Recall: [0.964,0.973,0.974,0.989,0.997,0.998,0.999,1.000,0.999,0.999]

